開催日,レース,着,艇,登番,モーター,展示,進入,スタート,boat1_win
2025-01-01,7,1,4,4852,28,6.85,1,0.15,0
2025-01-01,7,2,1,4348,66,6.9,2,0.16,0
2025-01-01,7,3,3,3910,9,6.96,3,0.13,0
2025-01-01,7,4,6,5215,31,6.78,4,0.14,0
2025-01-01,7,5,2,4030,53,6.93,5,0.15,0
2025-01-01,7,6,5,3710,32,6.88,6,0.19,0
2025-01-01,9,1,2,3442,18,6.82,1,0.1,0
2025-01-01,9,2,1,4437,52,6.93,2,0.09,0
2025-01-01,9,3,4,4739,6,6.86,3,0.08,0
2025-01-01,9,4,3,3478,61,6.89,4,0.1,0
2025-01-01,9,5,5,5224,54,6.83,5,0.1,0
2025-01-01,9,6,6,3509,19,6.82,6,0.07,0
2025-01-01,12,1,2,4459,27,6.89,1,0.03,0
2025-01-01,12,2,1,4772,58,6.91,2,0.06,0
2025-01-01,12,3,3,3975,35,6.88,3,0.08,0
2025-01-01,12,4,5,3401,65,6.94,4,0.16,0
2025-01-01,12,5,4,5136,16,6.82,5,0.11,0
2025-01-01,12,6,6,4348,66,6.87,6,0.11,0
2025-01-02,2,1,2,5173,63,6.88,1,0.09,0
2025-01-02,2,2,1,4348,66,6.88,2,0.11,0
2025-01-02,2,3,4,3478,61,6.93,3,0.12,0
2025-01-02,2,4,5,4154,60,6.85,4,0.17,0
2025-01-02,2,5,6,4852,28,6.95,5,0.15,0
2025-01-02,2,6,3,4894,29,6.87,6,0.18,0
2025-01-02,7,1,2,3907,40,6.75,1,0.21,0
2025-01-02,7,2,6,3710,32,6.78,2,0.18,0
2025-01-02,7,3,3,4220,43,6.81,3,0.17,0
2025-01-02,7,4,5,5173,63,6.89,4,0.08,0
2025-01-02,7,5,1,4772,58,6.87,5,0.02,0
2025-01-02,7,6,4,4739,6,6.81,6,0.09,0
2025-01-03,1,1,5,5265,47,6.76,1,0.41,0
2025-01-03,1,2,3,3910,9,6.81,2,0.51,0
2025-01-03,1,3,1,3568,36,6.74,3,0.17,0
2025-01-03,1,4,2,3832,41,6.77,4,0.25,0
2025-01-03,1,5,4,4020,26,6.8,5,0.22,0
2025-01-03,1,6,6,5326,10,6.76,6,0.31,0
2025-01-03,2,1,2,5215,31,6.67,1,0.03,0
2025-01-03,2,2,3,4583,45,6.71,2,0.02,0
2025-01-03,2,3,4,4852,28,6.77,3,0.08,0
2025-01-03,2,4,1,4220,43,6.71,4,0.03,0
2025-01-03,2,5,5,3660,8,6.78,5,0.06,0
2025-01-03,2,6,6,5352,4,6.76,6,0.09,0
2025-01-03,3,1,6,5218,25,6.66,1,0.31,0
2025-01-03,3,2,3,3509,19,6.66,2,0.37,0
2025-01-03,3,3,2,4260,51,6.86,3,0.18,0
2025-01-03,3,4,1,3855,11,6.72,4,0.12,0
2025-01-03,3,5,5,4529,3,6.77,5,0.09,0
2025-01-03,3,6,4,5037,46,6.64,6,0.08,0
2025-01-03,8,1,2,4437,52,6.69,1,0.07,0
2025-01-03,8,2,3,4529,3,6.7,2,0.08,0
2025-01-03,8,3,1,5218,25,6.65,3,0.06,0
2025-01-03,8,4,5,4852,28,6.7,4,0.16,0
2025-01-03,8,5,4,3568,36,6.71,5,0.17,0
2025-01-03,8,6,6,5298,33,6.76,6,0.21,0
2025-01-06,2,1,2,4182,61,6.66,1,0.08,0
2025-01-06,2,2,1,3702,37,6.8,2,0.11,0
2025-01-06,2,3,4,5059,20,6.82,3,0.12,0
2025-01-06,2,4,3,5109,30,6.74,4,0.07,0
2025-01-06,2,5,6,5388,28,6.83,6,0.14,0
2025-01-06,2,6,5,4516,38,6.74,5,0.12,0
2025-01-06,3,1,5,4164,43,6.71,1,0.11,0
2025-01-06,3,2,4,3572,59,6.77,2,0.09,0
2025-01-06,3,3,1,3850,47,6.81,3,0.1,0
2025-01-06,3,4,2,4390,7,6.84,4,0.17,0
2025-01-06,3,5,3,4977,14,6.75,5,0.13,0
2025-01-06,3,6,6,4635,32,6.75,6,0.09,0
2025-01-06,5,1,2,3957,50,6.84,1,0.15,0
2025-01-06,5,2,1,3284,25,6.9,2,0.16,0
2025-01-06,5,3,5,4969,24,6.85,3,0.15,0
2025-01-06,5,4,4,4002,2,6.81,4,0.11,0
2025-01-06,5,5,6,4113,60,6.77,5,0.19,0
2025-01-06,5,6,3,2878,51,6.8,6,0.28,0
2025-01-06,7,1,5,3850,47,6.63,1,0.09,0
2025-01-06,7,2,2,4593,41,6.79,2,0.14,0
2025-01-06,7,3,1,4356,65,6.77,3,0.15,0
2025-01-06,7,4,4,4072,5,6.82,4,0.16,0
2025-01-06,7,5,6,4813,3,6.9,5,0.21,0
2025-01-06,7,6,3,5059,20,6.86,6,0.04,0
2025-01-06,9,1,2,5109,30,6.82,1,0.16,0
2025-01-06,9,2,4,4706,44,6.92,2,0.25,0
2025-01-06,9,3,1,5299,11,6.79,3,0.22,0
2025-01-06,9,4,6,5255,31,6.68,4,0.18,0
2025-01-06,9,5,3,4877,22,6.75,5,0.21,0
2025-01-06,9,6,5,3711,12,6.8,6,0.23,0
2025-01-06,10,1,2,4025,26,6.81,1,0.16,0
2025-01-06,10,2,3,4390,7,6.77,2,0.17,0
2025-01-06,10,3,1,4761,55,6.78,3,0.09,0
2025-01-06,10,4,4,2878,51,6.81,4,0.13,0
2025-01-06,10,5,5,5053,54,6.77,5,0.14,0
2025-01-06,10,6,6,3949,48,6.86,6,0.13,0
2025-01-08,2,1,4,4106,56,6.78,1,0.23,0
2025-01-08,2,2,5,4969,24,6.78,2,0.25,0
2025-01-08,2,3,6,4813,3,6.78,3,0.25,0
2025-01-08,2,4,1,4182,61,6.66,4,0.14,0
2025-01-08,2,5,3,4390,7,6.7,6,0.22,0
2025-01-08,2,6,2,4356,65,6.73,5,0.17,0
2025-01-08,3,1,3,4404,6,6.75,1,0.26,0
2025-01-08,3,2,4,3957,50,6.79,2,0.23,0
2025-01-08,3,3,5,3998,15,6.68,3,0.19,0
2025-01-08,3,4,2,4977,14,6.7,4,0.31,0
2025-01-08,3,5,1,3850,47,6.69,5,0.18,0
2025-01-08,3,6,6,5388,28,6.75,6,0.24,0
2025-01-08,4,1,6,4635,32,6.72,1,0.27,0
2025-01-08,4,2,5,4113,60,6.8,2,0.28,0
2025-01-08,4,3,4,3711,12,6.77,4,0.14,0
2025-01-08,4,4,1,4944,62,6.7,3,0.13,0
2025-01-08,4,5,2,5299,11,6.72,5,0.13,0
2025-01-08,4,6,3,4002,2,6.74,6,0.15,0
2025-01-08,12,1,2,4072,5,6.72,1,0.14,0
2025-01-08,12,2,5,4002,2,6.68,2,0.12,0
2025-01-08,12,3,1,5298,8,6.76,3,0.11,0
2025-01-08,12,4,3,4761,55,6.64,4,0.16,0
2025-01-08,12,5,4,4593,41,6.62,5,0.31,0
2025-01-08,12,6,6,3957,50,6.66,6,0.37,0
2025-01-10,1,1,4,3949,48,6.68,1,0.25,0
2025-01-10,1,2,6,5059,20,6.71,2,0.26,0
2025-01-10,1,3,2,3572,59,6.69,3,0.21,0
2025-01-10,1,4,1,3702,37,6.71,4,0.05,0
2025-01-10,1,5,5,5388,28,6.72,6,0.06,0
2025-01-10,1,6,3,3850,47,6.62,5,0.04,0
2025-01-10,3,1,3,5255,31,6.65,1,0.29,0
2025-01-10,3,2,6,4164,43,6.75,3,0.31,0
2025-01-10,3,3,1,5109,30,6.77,4,0.04,0
2025-01-10,3,4,2,3711,12,6.71,6,0.1,0
2025-01-10,3,5,4,4365,53,6.67,5,0.04,0
2025-01-10,3,6,5,3284,25,6.75,2,0.29,0
2025-01-10,6,1,4,2878,51,6.71,1,0.14,0
2025-01-10,6,2,5,4813,3,6.74,2,0.22,0
2025-01-10,6,3,1,4516,38,6.64,3,0.16,0
2025-01-10,6,4,2,4025,26,6.7,4,0.26,0
2025-01-10,6,5,6,3949,48,6.73,5,0.27,0
2025-01-10,6,6,3,4113,60,6.73,6,0.24,0
2025-01-10,7,1,3,3702,37,6.64,1,0.14,0
2025-01-10,7,2,5,5298,8,6.67,2,0.15,0
2025-01-10,7,3,2,4601,33,6.77,3,0.09,0
2025-01-10,7,4,4,3998,15,6.64,4,0.22,0
2025-01-10,7,5,1,4706,44,6.66,5,0.16,0
2025-01-10,7,6,6,5143,17,6.76,6,0.13,0
2025-01-10,10,1,2,4877,22,6.59,1,0.26,0
2025-01-10,10,2,3,4041,39,6.6,2,0.32,0
2025-01-10,10,3,4,4002,2,6.62,3,0.25,0
2025-01-10,10,4,1,4516,38,6.75,4,0.27,0
2025-01-10,10,5,5,3284,25,6.75,5,0.31,0
2025-01-10,10,6,6,5053,54,6.78,6,0.29,0
2025-01-11,1,1,6,4944,62,6.69,1,0.09,0
2025-01-11,1,2,2,3998,15,6.69,2,0.14,0
2025-01-11,1,3,3,3957,50,6.73,3,0.17,0
2025-01-11,1,4,1,4389,27,6.72,4,0.08,0
2025-01-11,1,5,4,4969,24,6.74,5,0.13,0
2025-01-11,1,6,5,4404,6,6.74,6,0.14,0
2025-01-11,2,1,6,4813,3,6.68,1,0.25,0
2025-01-11,2,2,3,4106,56,6.74,2,0.35,0
2025-01-11,2,3,2,3284,25,6.67,3,0.17,0
2025-01-11,2,4,5,5059,20,6.71,4,0.05,0
2025-01-11,2,5,1,4877,22,6.67,5,0.13,0
2025-01-11,2,6,4,4164,43,6.69,6,0.12,0
2025-01-11,3,1,6,5143,17,6.71,1,0.28,0
2025-01-11,3,2,5,4365,53,6.6,2,0.38,0
2025-01-11,3,3,3,2878,51,6.72,3,0.2,0
2025-01-11,3,4,2,3572,59,6.74,4,0.16,0
2025-01-11,3,5,4,5152,45,6.68,5,0.17,0
2025-01-11,3,6,1,5255,31,6.65,6,0.09,0
2025-01-11,4,1,3,4113,60,6.81,1,0.18,0
2025-01-11,4,2,1,4182,61,6.58,2,0.12,0
2025-01-11,4,3,5,4390,7,6.72,3,0.23,0
2025-01-11,4,4,6,3949,48,6.72,4,0.11,0
2025-01-11,4,5,2,4356,65,6.75,5,0.09,0
2025-01-11,4,6,4,4601,33,6.72,6,0.07,0
2025-01-11,5,1,2,4389,27,6.7,1,0.09,0
2025-01-11,5,2,1,3850,47,6.59,2,0.11,0
2025-01-11,5,3,5,4706,44,6.73,3,0.13,0
2025-01-11,5,4,4,5299,11,6.69,4,0.14,0
2025-01-11,5,5,6,4041,39,6.68,5,0.2,0
2025-01-11,5,6,3,4761,55,6.78,6,0.15,0
2025-01-11,6,1,2,5298,8,6.6,1,0.18,0
2025-01-11,6,2,4,5109,30,6.69,2,0.15,0
2025-01-11,6,3,1,4677,1,6.67,3,0.16,0
2025-01-11,6,4,6,3711,12,6.78,5,0.24,0
2025-01-11,6,5,3,4106,56,6.76,4,0.28,0
2025-01-11,6,6,5,5388,28,6.79,6,0.19,0
2025-01-11,9,1,4,4706,44,6.71,1,0.21,0
2025-01-11,9,2,6,4404,6,6.73,2,0.22,0
2025-01-11,9,3,3,4977,14,6.71,3,0.17,0
2025-01-11,9,4,5,4813,3,6.65,4,0.28,0
2025-01-11,9,5,1,4365,53,6.62,5,0.11,0
2025-01-11,9,6,2,4182,61,6.64,6,0.09,0
2025-01-11,11,1,6,4601,33,6.74,1,0.13,0
2025-01-11,11,2,3,5299,11,6.76,2,0.12,0
2025-01-11,11,3,5,5143,17,6.79,3,0.19,0
2025-01-11,11,4,1,3284,25,6.81,4,0.04,0
2025-01-11,11,5,2,3849,64,6.77,5,0.06,0
2025-01-11,11,6,4,4677,1,6.8,6,0.07,0
2025-01-11,12,1,3,4743,35,6.68,1,0.14,0
2025-01-11,12,2,6,5298,8,6.62,2,0.22,0
2025-01-11,12,3,4,5255,31,6.68,3,0.31,0
2025-01-11,12,4,2,3850,47,6.68,4,0.16,0
2025-01-11,12,5,1,4002,2,6.68,5,0.18,0
2025-01-11,12,6,5,4390,7,6.74,6,0.17,0
2025-01-12,3,1,3,5299,11,6.7,1,0.19,0
2025-01-12,3,2,6,4969,24,6.74,2,0.19,0
2025-01-12,3,3,2,4365,53,6.62,3,0.2,0
2025-01-12,3,4,4,5152,45,6.68,4,0.23,0
2025-01-12,3,5,1,3850,47,6.68,5,0.22,0
2025-01-12,3,6,5,4601,33,6.83,6,0.24,0
2025-01-12,7,1,6,5298,8,6.69,1,0.24,0
2025-01-12,7,2,1,4182,61,6.64,2,0.09,0
2025-01-12,7,3,3,5059,20,6.7,3,0.15,0
2025-01-12,7,4,2,4706,44,6.71,4,0.21,0
2025-01-12,7,5,5,4113,60,6.68,5,0.24,0
2025-01-12,7,6,4,4743,35,6.79,6,0.33,0
2025-01-12,9,1,4,4877,22,6.63,1,0.28,0
2025-01-12,9,2,1,3850,47,6.61,2,0.19,0
2025-01-12,9,3,6,4389,27,6.71,3,0.16,0
2025-01-12,9,4,3,4516,38,6.65,4,0.22,0
2025-01-12,9,5,5,3702,37,6.72,5,0.27,0
2025-01-12,9,6,2,3572,59,6.65,6,0.33,0
2025-01-12,10,1,3,4977,14,6.57,1,0.2,0
2025-01-12,10,2,6,4677,1,6.59,2,0.16,0
2025-01-12,10,3,5,5298,8,6.61,3,0.19,0
2025-01-12,10,4,4,5109,30,6.65,4,0.14,0
2025-01-12,10,5,1,4002,2,6.57,5,0.09,0
2025-01-12,10,6,2,3849,64,6.65,6,0.09,0
2025-01-13,3,1,2,4106,56,6.87,1,0.09,0
2025-01-13,3,2,1,4813,3,6.87,2,0.1,0
2025-01-13,3,3,3,4977,14,6.81,3,0.06,0
2025-01-13,3,4,4,4969,24,6.84,4,0.07,0
2025-01-13,3,5,6,4635,32,6.86,5,0.04,0
2025-01-13,3,6,5,3711,12,6.84,6,0.09,0
2025-01-13,5,1,4,3702,37,6.75,1,0.25,0
2025-01-13,5,2,6,4404,6,6.8,2,0.29,0
2025-01-13,5,3,1,5255,31,6.7,3,0.18,0
2025-01-13,5,4,5,4164,43,6.71,4,0.14,0
2025-01-13,5,5,3,4365,53,6.71,5,0.11,0
2025-01-13,5,6,2,4516,38,6.7,6,0.13,0
2025-01-13,8,1,2,4601,33,6.71,1,0.15,0
2025-01-13,8,2,6,2878,51,6.85,2,0.13,0
2025-01-13,8,3,4,3957,50,6.76,3,0.14,0
2025-01-13,8,4,1,4977,14,6.75,4,0.07,0
2025-01-13,8,5,5,4969,24,6.8,5,0.14,0
2025-01-13,8,6,3,5059,20,6.79,6,0.13,0
2025-01-13,12,1,2,4356,65,6.64,1,0.15,0
2025-01-13,12,2,5,3850,47,6.55,2,0.17,0
2025-01-13,12,3,1,4002,2,6.67,3,0.18,0
2025-01-13,12,4,3,4761,55,6.77,4,0.22,0
2025-01-13,12,5,4,3572,59,6.71,5,0.19,0
2025-01-13,12,6,6,3849,64,6.69,6,0.21,0
2025-01-17,2,1,3,3761,14,6.79,1,0.22,0
2025-01-17,2,2,5,4425,55,6.82,2,0.21,0
2025-01-17,2,3,4,4258,27,6.81,3,0.16,0
2025-01-17,2,4,1,5181,57,6.7,4,0.13,0
2025-01-17,2,5,6,4186,31,6.73,5,0.19,0
2025-01-17,2,6,2,4926,53,6.7,6,0.18,0
2025-01-17,3,1,4,3647,37,6.72,1,0.11,0
2025-01-17,3,2,2,3606,66,6.74,2,0.17,0
2025-01-17,3,3,3,5032,30,6.78,3,0.24,0
2025-01-17,3,4,5,4623,13,6.73,4,0.14,0
2025-01-17,3,5,1,4302,41,6.74,5,0.24,0
2025-01-17,3,6,6,4134,17,6.86,6,0.23,0
2025-01-17,4,1,3,2538,64,6.78,1,0.22,0
2025-01-17,4,2,1,4600,25,6.72,2,0.16,0
2025-01-17,4,3,4,5031,22,6.73,3,0.25,0
2025-01-17,4,4,2,4043,46,6.87,5,0.24,0
2025-01-17,4,5,5,4561,29,6.62,4,0.27,0
2025-01-17,4,6,6,5375,35,6.95,6,0.36,0
2025-01-17,6,1,3,4151,26,6.81,1,0.15,0
2025-01-17,6,2,2,4560,36,6.79,2,0.12,0
2025-01-17,6,3,1,4537,18,6.79,3,0.07,0
2025-01-17,6,4,4,4754,45,6.77,4,0.13,0
2025-01-17,6,5,5,5199,49,6.81,5,0.12,0
2025-01-17,6,6,6,4097,5,6.97,6,0.24,0
2025-01-17,7,1,2,4214,38,6.74,1,0.16,0
2025-01-17,7,2,5,4809,9,6.82,2,0.19,0
2025-01-17,7,3,1,4949,20,6.82,3,0.16,0
2025-01-17,7,4,6,4425,55,6.8,4,0.19,0
2025-01-17,7,5,4,4465,34,6.78,5,0.16,0
2025-01-17,7,6,3,4566,52,6.81,6,0.23,0
2025-01-17,9,1,2,4258,27,6.83,1,0.12,0
2025-01-17,9,2,4,4623,13,6.8,2,0.22,0
2025-01-17,9,3,5,3851,40,6.83,3,0.18,0
2025-01-17,9,4,1,4561,29,6.6,5,0.21,0
2025-01-17,9,5,6,4169,63,6.82,4,0.25,0
2025-01-17,9,6,3,3955,10,6.89,6,0.23,0
2025-01-17,10,1,2,3606,66,6.81,1,0.12,0
2025-01-17,10,2,1,5267,4,6.74,2,0.08,0
2025-01-17,10,3,5,4186,31,6.85,3,0.09,0
2025-01-17,10,4,3,4600,25,6.76,4,0.09,0
2025-01-17,10,5,4,4754,45,6.8,5,0.16,0
2025-01-17,10,6,6,3277,58,6.74,6,0.24,0
2025-01-18,4,1,3,4097,5,6.84,2,0.13,0
2025-01-18,4,2,5,5181,57,6.79,3,0.08,0
2025-01-18,4,3,1,4460,15,6.8,4,0.11,0
2025-01-18,4,4,2,4566,52,6.79,1,0.06,0
2025-01-18,4,5,6,4531,21,6.8,5,0.13,0
2025-01-18,4,6,4,3761,14,6.81,6,0.12,0
2025-01-18,5,1,5,3851,40,6.78,1,0.16,0
2025-01-18,5,2,6,4931,56,6.82,2,0.14,0
2025-01-18,5,3,1,4754,45,6.77,3,0.16,0
2025-01-18,5,4,2,4560,36,6.69,4,0.15,0
2025-01-18,5,5,4,4809,9,6.8,5,0.19,0
2025-01-18,5,6,3,3606,66,6.74,6,0.21,0
2025-01-18,7,1,2,4926,53,6.72,1,0.08,0
2025-01-18,7,2,1,4949,20,6.78,2,0.07,0
2025-01-18,7,3,3,5267,4,6.78,3,0.08,0
2025-01-18,7,4,4,4465,34,6.88,4,0.13,0
2025-01-18,7,5,5,5031,22,6.85,5,0.07,0
2025-01-18,7,6,6,3647,37,6.93,6,0.08,0
2025-01-18,9,1,2,4134,17,6.85,1,0.16,0
2025-01-18,9,2,6,4531,21,6.82,2,0.22,0
2025-01-18,9,3,4,3690,16,6.82,3,0.19,0
2025-01-18,9,4,3,3742,62,6.86,4,0.16,0
2025-01-18,9,5,1,4560,36,6.81,5,0.17,0
2025-01-18,9,6,5,4258,27,6.91,6,0.23,0
2025-01-18,11,1,2,4460,15,6.74,1,0.15,0
2025-01-18,11,2,1,4926,53,6.75,2,0.13,0
2025-01-18,11,3,3,4600,25,6.76,3,0.11,0
2025-01-18,11,4,6,5032,30,6.81,4,0.24,0
2025-01-18,11,5,5,3606,66,6.86,5,0.16,0
2025-01-18,11,6,4,4537,18,6.86,6,0.14,0
2025-01-18,12,1,4,4302,41,6.73,1,0.21,0
2025-01-18,12,2,3,4043,46,6.87,2,0.22,0
2025-01-18,12,3,6,4425,55,6.87,3,0.17,0
2025-01-18,12,4,2,4953,23,6.69,4,0.12,0
2025-01-18,12,5,1,5267,4,6.85,5,0.11,0
2025-01-18,12,6,5,4931,56,6.85,6,0.19,0
2025-01-19,1,1,6,4169,63,6.81,1,0.23,0
2025-01-19,1,2,4,3851,40,6.87,2,0.34,0
2025-01-19,1,3,1,3761,14,6.79,3,0.35,0
2025-01-19,1,4,5,5336,39,6.84,4,0.25,0
2025-01-19,1,5,2,5031,22,6.74,5,0.33,0
2025-01-19,1,6,3,4281,65,6.81,6,0.29,0
2025-01-19,4,1,5,4561,29,6.66,2,0.22,0
2025-01-19,4,2,1,4034,19,6.81,1,0.18,0
2025-01-19,4,3,2,3606,66,6.85,3,0.2,0
2025-01-19,4,4,6,4186,31,6.87,4,0.11,0
2025-01-19,4,5,4,3647,37,6.86,5,0.12,0
2025-01-19,4,6,3,4926,53,6.72,6,0.19,0
2025-01-20,2,1,6,4186,31,6.73,1,0.29,0
2025-01-20,2,2,5,4034,19,6.83,2,0.29,0
2025-01-20,2,3,1,4809,9,6.83,3,0.3,0
2025-01-20,2,4,2,3742,62,6.86,4,0.26,0
2025-01-20,2,5,3,4214,38,6.89,5,0.26,0
2025-01-20,2,6,4,4169,63,6.84,6,0.28,0
2025-01-20,6,1,4,4561,29,6.68,1,0.19,0
2025-01-20,6,2,6,5031,22,6.9,2,0.19,0
2025-01-20,6,3,1,5267,4,6.77,3,0.06,0
2025-01-20,6,4,3,3955,10,6.81,4,0.18,0
2025-01-20,6,5,2,4809,9,6.88,5,0.08,0
2025-01-20,6,6,5,3851,40,6.89,6,0.15,0
2025-01-20,9,1,2,4931,56,6.8,1,0.12,0
2025-01-20,9,2,6,3647,37,6.84,2,0.14,0
2025-01-20,9,3,1,3690,16,6.87,3,0.12,0
2025-01-20,9,4,4,4465,34,6.89,4,0.15,0
2025-01-20,9,5,3,5181,57,6.86,5,0.14,0
2025-01-20,9,6,5,4531,21,6.86,6,0.17,0
2025-01-20,10,1,4,4560,36,6.74,1,0.18,0
2025-01-20,10,2,6,4953,23,6.78,2,0.22,0
2025-01-20,10,3,2,3955,10,6.83,3,0.19,0
2025-01-20,10,4,5,4034,19,6.83,4,0.18,0
2025-01-20,10,5,3,4134,17,6.84,6,0.16,0
2025-01-20,10,6,1,4561,29,6.59,5,0.09,0
2025-01-20,11,1,2,4537,18,6.81,1,0.07,0
2025-01-20,11,2,5,5267,4,6.8,2,0.09,0
2025-01-20,11,3,1,4566,52,6.96,3,0.1,0
2025-01-20,11,4,3,4754,45,6.85,4,0.13,0
2025-01-20,11,5,4,4302,41,6.88,5,0.14,0
2025-01-20,11,6,6,5032,30,6.88,6,0.19,0
2025-01-25,3,1,6,4527,5,6.77,1,0.28,0
2025-01-25,3,2,2,3855,22,6.77,3,0.23,0
2025-01-25,3,3,5,5317,8,6.78,4,0.26,0
2025-01-25,3,4,1,3920,7,6.76,2,0.19,0
2025-01-25,3,5,4,3898,50,6.84,5,0.32,0
2025-01-25,3,6,3,3475,3,6.84,6,0.33,0
2025-01-25,4,1,4,4203,14,6.78,1,0.11,0
2025-01-25,4,2,1,4690,43,6.72,2,0.13,0
2025-01-25,4,3,3,4254,32,6.69,3,0.11,0
2025-01-25,4,4,5,5274,26,6.77,4,0.18,0
2025-01-25,4,5,6,5309,30,6.81,5,0.14,0
2025-01-25,4,6,2,4084,49,6.81,6,0.16,0
2025-01-25,5,1,6,3947,34,6.72,1,0.12,0
2025-01-25,5,2,3,4447,20,6.79,2,0.11,0
2025-01-25,5,3,1,4856,58,6.76,3,0.18,0
2025-01-25,5,4,2,4154,15,6.78,4,0.23,0
2025-01-25,5,5,5,5157,28,6.73,5,0.17,0
2025-01-25,5,6,4,4798,33,6.77,6,0.18,0
2025-01-25,6,1,2,3771,55,6.79,1,0.16,0
2025-01-25,6,2,4,4244,57,6.76,2,0.18,0
2025-01-25,6,3,1,4344,41,6.8,3,0.19,0
2025-01-25,6,4,3,4095,27,6.77,4,0.21,0
2025-01-25,6,5,5,4747,17,6.8,5,0.2,0
2025-01-25,6,6,6,3974,1,6.81,6,0.18,0
2025-01-25,12,1,6,4344,41,6.73,1,0.27,0
2025-01-25,12,2,4,4019,12,6.77,2,0.25,0
2025-01-25,12,3,3,3898,50,6.8,3,0.21,0
2025-01-25,12,4,1,4084,49,6.81,4,0.19,0
2025-01-25,12,5,2,4033,59,6.74,5,0.18,0
2025-01-25,12,6,5,4856,58,6.84,6,0.25,0
2025-01-26,3,1,6,4747,17,6.79,1,0.17,0
2025-01-26,3,2,1,3188,47,6.71,2,0.05,0
2025-01-26,3,3,3,3947,34,6.83,3,0.11,0
2025-01-26,3,4,5,4346,60,6.8,6,0.16,0
2025-01-26,3,5,4,5317,8,6.82,4,0.11,0
2025-01-26,3,6,2,4650,37,6.85,5,0.08,0
2025-01-26,4,1,4,3054,38,6.83,1,0.12,0
2025-01-26,4,2,3,4894,61,6.83,2,0.19,0
2025-01-26,4,3,6,4203,14,6.83,3,0.08,0
2025-01-26,4,4,1,3974,1,6.8,4,0.11,0
2025-01-26,4,5,2,4470,56,6.85,5,0.11,0
2025-01-26,4,6,5,4447,20,6.89,6,0.11,0
2025-01-26,9,1,5,4254,32,6.69,1,0.13,0
2025-01-26,9,2,1,4095,27,6.88,3,0.15,0
2025-01-26,9,3,6,5274,26,6.88,4,0.25,0
2025-01-26,9,4,4,3947,34,6.87,2,0.26,0
2025-01-26,9,5,2,4344,41,6.78,5,0.12,0
2025-01-26,9,6,3,4894,61,6.8,6,0.19,0
2025-01-27,1,1,4,5155,24,6.85,1,0.19,0
2025-01-27,1,2,5,4519,65,6.84,2,0.3,0
2025-01-27,1,3,2,4894,61,6.89,3,0.19,0
2025-01-27,1,4,1,4244,57,6.83,4,0.18,0
2025-01-27,1,5,3,5317,8,6.9,5,0.25,0
2025-01-27,1,6,6,5370,44,6.84,6,0.33,0
2025-01-27,3,1,5,3313,62,6.84,1,0.33,0
2025-01-27,3,2,2,3967,11,6.93,2,0.25,0
2025-01-27,3,3,6,3989,2,6.96,3,0.21,0
2025-01-27,3,4,1,3054,38,6.95,4,0.15,0
2025-01-27,3,5,3,3188,47,6.82,5,0.19,0
2025-01-27,3,6,4,4095,27,6.9,6,0.35,0
2025-01-27,4,1,4,5274,26,6.85,1,0.09,0
2025-01-27,4,2,5,3974,1,6.85,2,0.01,0
2025-01-27,4,3,1,4823,10,6.78,3,0.08,0
2025-01-27,4,4,2,4033,59,6.77,4,0.14,0
2025-01-27,4,5,3,4203,14,6.83,5,0.17,0
2025-01-27,4,6,6,4608,48,6.91,6,0.16,0
2025-01-27,5,1,4,4519,65,6.82,1,0.2,0
2025-01-27,5,2,1,4084,49,6.82,2,0.11,0
2025-01-27,5,3,2,4154,15,6.84,3,0.17,0
2025-01-27,5,4,5,4466,54,6.84,4,0.23,0
2025-01-27,5,5,3,4798,33,6.88,6,0.17,0
2025-01-27,5,6,6,3293,51,6.91,5,0.21,0
2025-01-27,7,1,3,4447,20,6.85,1,0.11,0
2025-01-27,7,2,2,3898,50,6.95,2,0.19,0
2025-01-27,7,3,1,4244,57,6.81,3,0.12,0
2025-01-27,7,4,4,4344,41,6.89,4,0.14,0
2025-01-27,7,5,6,5309,30,6.97,5,0.26,0
2025-01-27,7,6,5,3967,11,7.02,6,0.25,0
2025-01-27,9,1,2,4470,56,6.91,1,0.21,0
2025-01-27,9,2,1,4203,14,6.91,2,0.19,0
2025-01-27,9,3,5,4747,17,6.95,3,0.19,0
2025-01-27,9,4,6,3855,22,6.9,4,0.19,0
2025-01-27,9,5,3,4019,12,6.97,5,0.21,0
2025-01-27,9,6,4,4690,43,6.97,6,0.21,0
2025-01-27,11,1,4,3898,50,6.91,1,0.13,0
2025-01-27,11,2,2,4650,37,6.89,2,0.11,0
2025-01-27,11,3,3,4798,33,6.91,3,0.14,0
2025-01-27,11,4,5,4823,10,6.89,4,0.1,0
2025-01-27,11,5,1,4095,27,6.87,5,0.17,0
2025-01-27,11,6,6,3931,29,6.93,6,0.26,0
2025-01-28,4,1,5,3974,1,6.91,1,0.19,0
2025-01-28,4,2,3,4019,12,6.89,2,0.22,0
2025-01-28,4,3,4,3920,7,6.94,3,0.26,0
2025-01-28,4,4,2,4608,48,7.06,4,0.09,0
2025-01-28,4,5,1,3475,3,6.9,5,0.08,0
2025-01-28,4,6,6,5370,44,6.87,6,0.2,0
2025-01-28,9,1,3,4466,54,6.82,1,0.21,0
2025-01-28,9,2,5,3920,7,7.01,2,0.18,0
2025-01-28,9,3,2,4553,6,6.88,3,0.19,0
2025-01-28,9,4,6,5155,24,6.85,4,0.21,0
2025-01-28,9,5,4,3855,22,6.93,5,0.19,0
2025-01-28,9,6,1,3898,50,6.9,6,0.11,0
2025-01-28,10,1,4,4470,56,6.82,1,0.21,0
2025-01-28,10,2,1,4254,32,6.81,2,0.2,0
2025-01-28,10,3,2,4084,49,6.96,3,0.21,0
2025-01-28,10,4,6,3293,51,7.0,4,0.28,0
2025-01-28,10,5,3,3974,1,6.85,5,0.25,0
2025-01-28,10,6,5,3931,29,6.91,6,0.29,0
2025-01-28,12,1,3,4019,12,6.93,1,0.06,0
2025-01-28,12,2,1,4798,33,6.93,2,0.05,0
2025-01-28,12,3,4,4095,27,6.8,3,0.11,0
2025-01-28,12,4,2,4344,41,6.84,4,0.09,0
2025-01-28,12,5,5,4315,66,6.79,5,0.13,0
2025-01-28,12,6,6,3188,47,6.87,6,0.19,0
2025-01-29,1,1,2,3920,7,6.88,1,0.21,0
2025-01-29,1,2,4,3293,51,6.97,2,0.28,0
2025-01-29,1,3,5,3989,2,6.92,3,0.26,0
2025-01-29,1,4,6,4346,60,6.95,4,0.19,0
2025-01-29,1,5,1,4203,14,6.92,5,0.2,0
2025-01-29,1,6,3,3855,22,6.74,6,0.39,0
2025-01-29,2,1,3,4244,57,6.83,1,0.13,0
2025-01-29,2,2,4,3947,34,6.92,2,0.18,0
2025-01-29,2,3,1,3054,38,6.91,4,0.24,0
2025-01-29,2,4,2,3898,50,6.76,3,0.11,0
2025-01-29,2,5,5,3475,3,6.85,5,0.26,0
2025-01-29,2,6,6,3931,29,6.92,6,0.27,0
2025-01-29,3,1,3,4894,61,6.84,1,0.15,0
2025-01-29,3,2,6,4527,5,6.8,2,0.12,0
2025-01-29,3,3,1,4856,58,6.84,3,0.1,0
2025-01-29,3,4,2,3188,47,6.72,4,0.11,0
2025-01-29,3,5,4,4254,32,6.77,5,0.14,0
2025-01-29,3,6,5,5309,30,6.9,6,0.16,0
2025-01-29,4,1,6,4823,10,6.76,1,0.16,0
2025-01-29,4,2,2,3967,11,6.84,2,0.12,0
2025-01-29,4,3,1,3771,55,6.82,3,0.11,0
2025-01-29,4,4,3,4019,12,6.78,4,0.18,0
2025-01-29,4,5,4,5370,44,6.75,6,0.25,0
2025-01-29,4,6,5,4033,59,6.65,5,0.19,0
2025-01-29,11,1,2,4084,49,6.81,1,0.21,0
2025-01-29,11,2,1,4344,41,6.72,2,0.21,0
2025-01-29,11,3,4,4798,33,6.74,3,0.18,0
2025-01-29,11,4,3,4856,58,6.72,4,0.14,0
2025-01-29,11,5,5,4608,48,6.85,5,0.13,0
2025-01-29,11,6,6,4823,10,6.79,6,0.13,0
2025-01-29,12,1,3,4466,54,6.72,1,0.23,0
2025-01-29,12,2,6,5157,28,6.81,2,0.16,0
2025-01-29,12,3,1,4470,56,6.79,3,0.15,0
2025-01-29,12,4,4,3967,11,6.88,4,0.21,0
2025-01-29,12,5,2,4447,20,6.76,5,0.18,0
2025-01-29,12,6,5,3771,55,6.85,6,0.19,0
2025-01-30,2,1,2,3989,2,6.78,1,0.25,0
2025-01-30,2,2,4,5155,24,6.71,2,0.23,0
2025-01-30,2,3,3,3313,62,6.78,3,0.19,0
2025-01-30,2,4,6,5274,26,6.79,4,0.17,0
2025-01-30,2,5,1,4254,32,6.83,5,0.11,0
2025-01-30,2,6,5,3293,51,6.84,6,0.18,0
2025-01-30,3,1,3,4154,15,6.73,1,0.27,0
2025-01-30,3,2,2,4315,66,6.74,2,0.3,0
2025-01-30,3,3,5,3967,11,6.9,3,0.24,0
2025-01-30,3,4,1,4203,14,6.8,4,0.21,0
2025-01-30,3,5,4,4447,20,6.84,5,0.33,0
2025-01-30,3,6,6,5317,8,6.78,6,0.31,0
2025-01-30,4,1,2,4823,10,6.71,1,0.05,0
2025-01-30,4,2,4,4894,61,6.71,3,0.07,0
2025-01-30,4,3,5,3771,55,6.81,4,0.06,0
2025-01-30,4,4,6,3947,34,6.77,5,0.07,0
2025-01-30,4,5,3,4470,56,6.8,6,0.05,0
2025-01-30,4,6,1,3920,7,6.76,2,0.11,0
2025-01-30,5,1,5,4553,6,6.77,1,0.27,0
2025-01-30,5,2,3,3855,22,6.79,2,0.3,0
2025-01-30,5,3,4,5157,28,6.81,3,0.19,0
2025-01-30,5,4,6,5309,30,6.81,4,0.21,0
2025-01-30,5,5,2,4856,58,6.8,5,0.13,0
2025-01-30,5,6,1,4466,54,6.81,6,0.14,0
2025-01-30,11,1,3,4650,37,6.7,1,0.1,0
2025-01-30,11,2,5,3188,47,6.69,2,0.17,0
2025-01-30,11,3,1,3898,50,6.64,3,0.03,0
2025-01-30,11,4,4,4608,48,6.78,4,0.13,0
2025-01-30,11,5,2,4894,61,6.77,5,0.12,0
2025-01-30,11,6,6,4823,10,6.74,6,0.09,0
2025-01-30,12,1,3,4095,27,6.78,1,0.04,0
2025-01-30,12,2,2,4033,59,6.77,2,0.02,0
2025-01-30,12,3,1,4344,41,6.75,3,0.04,0
2025-01-30,12,4,5,4084,49,6.71,4,0.07,0
2025-01-30,12,5,4,3475,3,6.78,5,0.15,0
2025-01-30,12,6,6,4019,12,6.68,6,0.2,0
2025-02-04,3,1,5,4839,53,6.86,1,0.17,0
2025-02-04,3,2,6,4772,52,6.9,2,0.18,0
2025-02-04,3,3,2,4450,40,6.82,3,0.09,0
2025-02-04,3,4,1,5172,65,6.86,4,0.05,0
2025-02-04,3,5,3,3541,38,6.86,5,0.04,0
2025-02-04,3,6,4,5136,1,6.88,6,0.08,0
2025-02-04,4,1,2,4260,41,6.87,1,0.21,0
2025-02-04,4,2,1,4643,43,6.84,2,0.18,0
2025-02-04,4,3,4,4739,21,6.81,3,0.22,0
2025-02-04,4,4,5,3470,59,6.85,4,0.23,0
2025-02-04,4,5,3,4063,64,6.82,5,0.17,0
2025-02-04,4,6,6,4452,63,6.79,6,0.27,0
2025-02-04,6,1,6,3543,19,6.81,1,0.22,0
2025-02-04,6,2,2,4685,20,6.76,2,0.19,0
2025-02-04,6,3,4,3955,46,6.88,3,0.26,0
2025-02-04,6,4,1,4331,11,6.86,4,0.13,0
2025-02-04,6,5,3,5298,45,6.84,5,0.19,0
2025-02-04,6,6,5,4931,25,6.8,6,0.23,0
2025-02-04,8,1,2,4387,13,6.86,1,0.07,0
2025-02-04,8,2,1,3611,54,6.92,2,0.08,0
2025-02-04,8,3,4,3232,36,6.82,3,0.11,0
2025-02-04,8,4,6,4733,3,6.88,4,0.06,0
2025-02-04,8,5,3,4450,40,6.87,5,0.07,0
2025-02-04,8,6,5,4642,10,6.85,6,0.08,0
2025-02-04,11,1,6,4437,22,6.79,1,0.23,0
2025-02-04,11,2,4,3541,38,6.79,2,0.18,0
2025-02-04,11,3,5,4704,4,6.86,3,0.22,0
2025-02-04,11,4,1,4685,20,6.84,4,0.13,0
2025-02-04,11,5,2,3837,58,6.91,5,0.19,0
2025-02-04,11,6,3,4739,21,6.79,6,0.19,0
2025-02-06,1,1,3,4733,3,6.95,1,0.08,0
2025-02-06,1,2,2,3955,46,6.92,2,0.09,0
2025-02-06,1,3,1,3470,59,6.95,3,0.09,0
2025-02-06,1,4,4,4452,63,6.95,4,0.07,0
2025-02-06,1,5,5,5218,8,6.97,5,0.09,0
2025-02-06,1,6,6,5257,5,6.95,6,0.09,0
2025-02-06,2,1,2,3907,12,6.99,1,0.19,0
2025-02-06,2,2,1,4331,11,6.94,2,0.16,0
2025-02-06,2,3,3,3975,49,6.91,3,0.15,0
2025-02-06,2,4,4,3304,6,6.95,4,0.27,0
2025-02-06,2,5,6,4596,61,7.05,5,0.24,0
2025-02-06,2,6,5,4757,16,6.92,6,0.21,0
2025-02-06,4,1,2,5298,45,6.93,1,0.26,0
2025-02-06,4,2,5,4642,10,6.97,2,0.22,0
2025-02-06,4,3,3,4839,53,6.99,3,0.23,0
2025-02-06,4,4,6,3543,19,6.98,4,0.28,0
2025-02-06,4,5,4,4704,4,7.0,5,0.25,0
2025-02-06,4,6,1,5043,57,6.94,6,0.17,0
2025-02-06,6,1,5,4812,15,6.94,1,0.51,0
2025-02-06,6,2,2,4931,25,6.89,2,0.36,0
2025-02-06,6,3,4,4571,51,6.78,3,0.34,0
2025-02-06,6,4,3,4776,35,6.93,4,0.39,0
2025-02-06,6,5,6,3470,59,6.92,5,0.48,0
2025-02-06,6,6,1,4852,33,6.91,6,0.23,0
2025-02-07,2,1,6,5257,5,6.97,1,0.21,0
2025-02-07,2,2,1,3543,19,6.95,2,0.14,0
2025-02-07,2,3,4,4776,35,7.01,3,0.18,0
2025-02-07,2,4,3,4812,15,6.99,4,0.13,0
2025-02-07,2,5,2,4437,22,6.98,5,0.18,0
2025-02-07,2,6,5,4704,4,6.97,6,0.15,0
2025-02-07,4,1,5,4452,63,6.98,1,0.23,0
2025-02-07,4,2,4,5224,9,6.95,2,0.21,0
2025-02-07,4,3,6,3611,54,6.88,3,0.2,0
2025-02-07,4,4,1,4739,21,6.98,4,0.17,0
2025-02-07,4,5,3,4757,16,7.01,5,0.12,0
2025-02-07,4,6,2,3541,38,6.88,6,0.11,0
2025-02-07,5,1,3,4331,11,6.97,1,0.32,0
2025-02-07,5,2,4,4383,34,7.06,2,0.39,0
2025-02-07,5,3,6,3841,14,7.01,3,0.27,0
2025-02-07,5,4,5,3232,36,7.0,4,0.13,0
2025-02-07,5,5,1,4459,23,6.99,5,0.09,0
2025-02-07,5,6,2,4643,43,6.98,6,0.11,0
2025-02-08,5,1,5,4757,16,6.82,1,0.09,0
2025-02-08,5,2,2,4063,64,6.74,2,0.08,0
2025-02-08,5,3,4,3304,6,6.85,3,0.09,0
2025-02-08,5,4,1,4571,51,6.7,6,0.12,0
2025-02-08,5,5,6,4642,10,6.94,4,0.1,0
2025-02-08,5,6,3,3543,19,6.84,5,0.17,0
2025-02-08,6,1,3,4739,21,6.76,1,0.13,0
2025-02-08,6,2,6,4437,22,6.79,2,0.14,0
2025-02-08,6,3,4,5218,8,6.79,3,0.09,0
2025-02-08,6,4,1,5172,65,6.78,4,0.03,0
2025-02-08,6,5,2,4030,31,6.84,5,0.03,0
2025-02-08,6,6,5,4383,34,6.85,6,0.04,0
2025-02-08,7,1,2,5224,9,6.81,1,0.09,0
2025-02-08,7,2,1,4596,61,6.87,2,0.16,0
2025-02-08,7,3,6,4733,3,6.88,3,0.13,0
2025-02-08,7,4,3,4260,41,6.94,4,0.17,0
2025-02-08,7,5,4,4452,63,6.83,5,0.28,0
2025-02-08,7,6,5,4776,35,6.85,6,0.29,0
2025-02-08,8,1,2,4028,47,6.85,1,0.21,0
2025-02-08,8,2,3,4459,23,6.86,2,0.24,0
2025-02-08,8,3,1,4852,33,6.86,3,0.23,0
2025-02-08,8,4,6,3955,46,6.9,4,0.21,0
2025-02-08,8,5,4,5257,5,6.9,5,0.19,0
2025-02-08,8,6,5,4450,40,6.87,6,0.18,0
2025-02-08,11,1,2,4030,31,6.8,1,0.21,0
2025-02-08,11,2,6,4571,51,6.63,6,0.12,0
2025-02-08,11,3,1,4685,20,6.77,2,0.16,0
2025-02-08,11,4,5,5298,45,6.82,3,0.22,0
2025-02-08,11,5,3,5136,1,6.79,4,0.15,0
2025-02-08,11,6,4,4732,18,6.85,5,0.17,0
2025-02-09,4,1,2,3975,49,6.81,1,0.17,0
2025-02-09,4,2,1,4839,53,6.85,2,0.18,0
2025-02-09,4,3,5,5136,1,6.79,3,0.14,0
2025-02-09,4,4,3,4704,4,6.76,4,0.2,0
2025-02-09,4,5,4,4757,16,6.86,5,0.18,0
2025-02-09,4,6,6,4733,3,6.84,6,0.21,0
2025-02-09,5,1,2,3955,46,6.88,1,0.14,0
2025-02-09,5,2,1,4437,22,6.85,2,0.15,0
2025-02-09,5,3,6,3841,14,6.94,3,0.14,0
2025-02-09,5,4,5,4596,61,6.92,4,0.1,0
2025-02-09,5,5,3,4772,52,6.91,5,0.09,0
2025-02-09,5,6,4,5172,65,6.84,6,0.11,0
2025-02-09,6,1,4,3333,66,6.83,1,0.09,0
2025-02-09,6,2,1,3611,54,6.91,2,0.06,0
2025-02-09,6,3,3,4452,63,6.87,3,0.07,0
2025-02-09,6,4,5,4383,34,6.95,4,0.13,0
2025-02-09,6,5,6,3908,29,6.96,6,0.09,0
2025-02-09,6,6,2,4812,15,6.86,5,0.08,0
2025-02-09,11,1,2,4030,31,6.8,1,0.04,0
2025-02-09,11,2,1,5224,9,6.9,2,0.11,0
2025-02-09,11,3,6,4459,23,6.89,3,0.07,0
2025-02-09,11,4,3,4387,13,6.92,4,0.09,0
2025-02-09,11,5,5,4331,11,6.95,5,0.02,0
2025-02-09,11,6,4,4571,51,6.73,6,0.03,0
2025-02-10,3,1,6,5218,8,6.92,1,0.41,0
2025-02-10,3,2,1,4596,61,6.99,2,0.15,0
2025-02-10,3,3,5,3541,38,6.96,3,0.14,0
2025-02-10,3,4,2,3333,66,6.99,4,0.13,0
2025-02-10,3,5,3,4852,33,6.97,5,0.14,0
2025-02-10,3,6,4,5136,1,6.9,6,0.11,0
2025-02-10,6,1,2,4348,27,6.87,1,0.14,0
2025-02-10,6,2,5,3470,59,6.83,2,0.12,0
2025-02-10,6,3,6,4383,34,6.91,3,0.12,0
2025-02-10,6,4,1,4571,51,6.71,4,0.11,0
2025-02-10,6,5,3,4063,64,6.76,5,0.15,0
2025-02-10,6,6,4,5172,65,6.77,6,0.16,0
2025-02-13,3,1,6,4988,44,6.71,1,0.21,0
2025-02-13,3,2,1,4520,46,6.61,3,0.13,0
2025-02-13,3,3,5,4379,29,6.65,4,0.15,0
2025-02-13,3,4,3,3553,18,6.68,5,0.14,0
2025-02-13,3,5,4,3582,31,6.69,2,0.22,0
2025-02-13,3,6,2,3523,43,6.72,6,0.18,0
2025-02-13,5,1,5,3627,55,6.68,1,0.22,0
2025-02-13,5,2,1,4099,50,6.68,2,0.24,0
2025-02-13,5,3,6,4449,35,6.71,3,0.21,0
2025-02-13,5,4,4,3550,62,6.77,4,0.17,0
2025-02-13,5,5,2,3965,20,6.79,5,0.12,0
2025-02-13,5,6,3,3857,57,6.63,6,0.12,0
2025-02-13,11,1,4,3582,31,6.68,1,0.17,0
2025-02-13,11,2,1,4436,59,6.72,2,0.16,0
2025-02-13,11,3,2,4930,13,6.65,3,0.12,0
2025-02-13,11,4,3,5023,47,6.71,4,0.24,0
2025-02-13,11,5,6,3627,55,6.67,5,0.23,0
2025-02-13,11,6,5,4359,34,6.73,6,0.21,0
2025-02-14,2,1,6,5190,21,6.66,1,0.31,0
2025-02-14,2,2,3,3553,18,6.77,2,0.23,0
2025-02-14,2,3,1,4247,25,6.74,3,0.32,0
2025-02-14,2,4,5,3357,1,6.74,4,0.23,0
2025-02-14,2,5,4,4336,51,6.78,6,0.21,0
2025-02-14,2,6,2,4110,22,6.8,5,0.22,0
2025-02-14,7,1,3,4247,25,6.65,1,0.2,0
2025-02-14,7,2,1,5023,47,6.68,2,0.15,0
2025-02-14,7,3,4,4055,38,6.76,3,0.22,0
2025-02-14,7,4,6,4988,44,6.75,4,0.18,0
2025-02-14,7,5,5,4930,13,6.66,5,0.2,0
2025-02-14,7,6,2,3965,20,6.76,6,0.2,0
2025-02-14,9,1,5,4581,32,6.74,1,0.11,0
2025-02-14,9,2,6,4449,35,6.74,3,0.18,0
2025-02-14,9,3,1,4436,59,6.72,4,0.17,0
2025-02-14,9,4,2,3582,31,6.7,2,0.14,0
2025-02-14,9,5,4,5066,37,6.71,5,0.15,0
2025-02-14,9,6,3,3857,57,6.53,6,0.12,0
2025-02-14,12,1,2,4055,38,6.78,1,0.11,0
2025-02-14,12,2,1,3654,23,6.75,2,0.11,0
2025-02-14,12,3,3,4492,2,6.76,3,0.11,0
2025-02-14,12,4,5,4379,29,6.78,4,0.09,0
2025-02-14,12,5,6,5087,17,6.74,5,0.08,0
2025-02-14,12,6,4,5036,63,6.81,6,0.07,0
2025-02-15,3,1,4,4520,46,6.69,1,0.15,0
2025-02-15,3,2,2,4359,34,6.86,2,0.14,0
2025-02-15,3,3,1,5087,17,6.75,4,0.17,0
2025-02-15,3,4,6,5291,7,6.7,6,0.48,0
2025-02-15,3,5,3,3357,1,6.73,5,0.28,0
2025-02-15,3,6,5,4055,38,6.76,3,0.14,0
2025-02-15,5,1,6,5066,37,6.61,1,0.15,0
2025-02-15,5,2,1,4247,25,6.59,2,0.14,0
2025-02-15,5,3,4,3896,5,6.74,3,0.14,0
2025-02-15,5,4,2,3303,4,6.74,4,0.17,0
2025-02-15,5,5,5,3960,28,6.74,5,0.17,0
2025-02-15,5,6,3,3857,57,6.58,6,0.12,0
2025-02-15,6,1,2,3685,36,6.66,1,0.17,0
2025-02-15,6,2,5,5036,63,6.62,2,0.18,0
2025-02-15,6,3,1,3582,31,6.71,3,0.09,0
2025-02-15,6,4,4,4581,32,6.75,4,0.15,0
2025-02-15,6,5,6,5380,40,6.77,6,0.21,0
2025-02-15,6,6,3,5190,21,6.75,5,0.19,0
2025-02-15,9,1,3,3965,20,6.73,1,0.22,0
2025-02-15,9,2,4,3627,55,6.69,2,0.27,0
2025-02-15,9,3,1,3654,23,6.73,3,0.28,0
2025-02-15,9,4,6,4220,56,6.74,4,0.19,0
2025-02-15,9,5,2,5023,47,6.71,5,0.15,0
2025-02-15,9,6,5,4604,26,6.67,6,0.22,0
2025-02-16,2,1,4,3787,61,6.76,1,0.29,0
2025-02-16,2,2,3,3645,60,6.73,2,0.19,0
2025-02-16,2,3,2,4336,51,6.8,3,0.23,0
2025-02-16,2,4,5,3896,5,6.83,4,0.26,0
2025-02-16,2,5,1,3857,57,6.62,5,0.21,0
2025-02-16,2,6,6,5380,40,6.69,6,0.27,0
2025-02-16,4,1,3,3748,64,6.74,1,0.19,0
2025-02-16,4,2,1,4379,29,6.74,2,0.17,0
2025-02-16,4,3,2,3654,23,6.8,3,0.18,0
2025-02-16,4,4,5,5190,21,6.77,4,0.26,0
2025-02-16,4,5,4,3553,18,6.76,5,0.2,0
2025-02-16,4,6,6,4449,35,6.79,6,0.21,0
2025-02-16,6,1,6,3713,30,6.73,1,0.13,0
2025-02-16,6,2,5,3357,1,6.79,2,0.26,0
2025-02-16,6,3,3,3582,31,6.76,3,0.13,0
2025-02-16,6,4,1,5087,17,6.8,4,0.19,0
2025-02-16,6,5,4,3550,62,6.7,5,0.22,0
2025-02-16,6,6,2,3857,57,6.62,6,0.14,0
2025-02-16,11,1,3,3654,23,6.72,1,0.24,0
2025-02-16,11,2,4,3965,20,6.8,2,0.27,0
2025-02-16,11,3,6,3523,43,6.82,3,0.25,0
2025-02-16,11,4,5,5036,63,6.73,4,0.32,0
2025-02-16,11,5,1,4492,2,6.75,5,0.14,0
2025-02-16,11,6,2,5087,17,6.78,6,0.2,0
2025-02-17,1,1,6,3896,5,6.62,1,0.24,0
2025-02-17,1,2,5,4359,34,6.79,2,0.27,0
2025-02-17,1,3,1,4247,25,6.6,3,0.22,0
2025-02-17,1,4,3,4449,35,6.61,4,0.26,0
2025-02-17,1,5,2,4436,59,6.61,5,0.32,0
2025-02-17,1,6,4,4965,16,6.71,6,0.25,0
2025-02-17,2,1,3,3645,60,6.7,1,0.22,0
2025-02-17,2,2,4,3748,64,6.75,2,0.24,0
2025-02-17,2,3,5,3357,1,6.72,3,0.23,0
2025-02-17,2,4,1,3965,20,6.71,4,0.13,0
2025-02-17,2,5,2,4099,50,6.71,5,0.09,0
2025-02-17,2,6,6,5380,40,6.66,6,0.16,0
2025-02-17,3,1,2,5045,24,6.71,1,0.09,0
2025-02-17,3,2,4,3713,30,6.69,2,0.06,0
2025-02-17,3,3,1,4379,29,6.7,3,0.07,0
2025-02-17,3,4,5,3523,43,6.72,4,0.12,0
2025-02-17,3,5,3,4604,26,6.71,5,0.15,0
2025-02-17,3,6,6,5036,63,6.69,6,0.18,0
2025-02-17,4,1,2,3787,61,6.66,1,0.13,0
2025-02-17,4,2,3,3553,18,6.71,4,0.25,0
2025-02-17,4,3,6,4930,13,6.63,5,0.14,0
2025-02-17,4,4,4,3303,4,6.76,2,0.14,0
2025-02-17,4,5,5,5023,47,6.69,6,0.18,0
2025-02-17,4,6,1,3582,31,6.76,3,0.11,0
2025-02-17,5,1,6,5087,17,6.65,1,0.23,0
2025-02-17,5,2,4,4336,51,6.65,2,0.14,0
2025-02-17,5,3,1,5066,37,6.6,3,0.12,0
2025-02-17,5,4,5,3627,55,6.68,4,0.08,0
2025-02-17,5,5,3,5017,9,6.66,5,0.07,0
2025-02-17,5,6,2,3857,57,6.47,6,0.11,0
2025-02-17,6,1,2,4581,32,6.65,1,0.03,0
2025-02-17,6,2,3,4520,46,6.63,2,0.16,0
2025-02-17,6,3,1,3654,23,6.71,3,0.06,0
2025-02-17,6,4,4,4055,38,6.73,4,0.1,0
2025-02-17,6,5,6,5291,7,6.64,5,0.12,0
2025-02-17,6,6,5,4110,22,6.76,6,0.15,0
2025-02-17,7,1,4,4492,2,6.68,1,0.21,0
2025-02-17,7,2,2,3550,62,6.59,2,0.22,0
2025-02-17,7,3,5,4414,19,6.64,3,0.21,0
2025-02-17,7,4,6,4220,56,6.65,4,0.25,0
2025-02-17,7,5,1,3685,36,6.61,5,0.16,0
2025-02-17,7,6,3,3960,28,6.74,6,0.13,0
2025-02-17,8,1,6,4436,59,6.64,1,0.14,0
2025-02-17,8,2,3,5023,47,6.64,2,0.06,0
2025-02-17,8,3,2,3523,43,6.68,4,0.03,0
2025-02-17,8,4,1,3582,31,6.65,3,0.07,0
2025-02-17,8,5,5,3748,64,6.72,5,0.05,0
2025-02-17,8,6,4,5045,24,6.66,6,0.08,0
2025-02-17,10,1,2,3654,23,6.63,1,0.13,0
2025-02-17,10,2,4,4604,26,6.64,2,0.16,0
2025-02-17,10,3,3,5087,17,6.72,3,0.16,0
2025-02-17,10,4,1,4247,25,6.61,4,0.15,0
2025-02-17,10,5,6,4930,13,6.65,5,0.19,0
2025-02-17,10,6,5,4581,32,6.7,6,0.16,0
2025-02-18,2,1,4,4359,34,6.66,1,0.19,0
2025-02-18,2,2,3,4414,19,6.65,3,0.13,0
2025-02-18,2,3,2,3627,55,6.68,4,0.14,0
2025-02-18,2,4,6,3523,43,6.69,5,0.15,0
2025-02-18,2,5,1,3582,31,6.68,2,0.15,0
2025-02-18,2,6,5,4965,16,6.61,6,0.14,0
2025-02-18,3,1,5,3748,64,6.68,1,0.19,0
2025-02-18,3,2,3,3896,5,6.75,2,0.2,0
2025-02-18,3,3,4,5023,47,6.67,3,0.29,0
2025-02-18,3,4,1,4930,13,6.55,5,0.15,0
2025-02-18,3,5,6,5017,9,6.66,4,0.2,0
2025-02-18,3,6,2,4110,22,6.74,6,0.22,0
2025-02-18,5,1,3,3965,20,6.69,1,0.18,0
2025-02-18,5,2,2,4604,26,6.59,2,0.19,0
2025-02-18,5,3,4,3685,36,6.53,3,0.25,0
2025-02-18,5,4,6,5291,7,6.69,4,0.33,0
2025-02-18,5,5,5,3357,1,6.71,5,0.26,0
2025-02-18,5,6,1,3857,57,6.51,6,0.23,0
2025-02-18,7,1,3,3303,4,6.64,1,0.32,0
2025-02-18,7,2,5,5190,21,6.67,2,0.35,0
2025-02-18,7,3,6,4449,35,6.54,3,0.28,0
2025-02-18,7,4,1,4055,38,6.67,4,0.25,0
2025-02-18,7,5,4,3645,60,6.6,6,0.25,0
2025-02-18,7,6,2,3654,23,6.69,5,0.26,0
2025-02-19,1,1,2,3553,18,6.8,1,0.32,0
2025-02-19,1,2,1,5066,37,6.71,2,0.34,0
2025-02-19,1,3,3,3787,61,6.82,3,0.36,0
2025-02-19,1,4,4,5190,21,6.8,4,0.38,0
2025-02-19,1,5,6,4765,48,6.77,5,0.33,0
2025-02-19,1,6,5,4965,16,6.73,6,0.37,0
2025-02-19,2,1,4,3748,64,6.84,1,0.37,0
2025-02-19,2,2,1,3645,60,6.88,2,0.23,0
2025-02-19,2,3,2,3685,36,6.81,3,0.25,0
2025-02-19,2,4,5,5291,7,6.79,4,0.29,0
2025-02-19,2,5,6,4414,19,6.88,5,0.25,0
2025-02-19,2,6,3,5036,63,6.78,6,0.24,0
2025-02-19,5,1,6,3713,30,6.67,1,0.12,0
2025-02-19,5,2,4,5045,24,6.71,2,0.16,0
2025-02-19,5,3,2,4765,48,6.67,3,0.05,0
2025-02-19,5,4,1,5087,17,6.74,4,0.02,0
2025-02-19,5,5,5,4449,35,6.62,5,0.02,0
2025-02-19,5,6,3,4436,59,6.67,6,0.09,0
2025-02-19,8,1,2,4604,26,6.68,1,0.12,0
2025-02-19,8,2,6,4055,38,6.82,2,0.13,0
2025-02-19,8,3,4,4220,56,6.78,3,0.13,0
2025-02-19,8,4,3,4930,13,6.69,4,0.11,0
2025-02-19,8,5,1,5066,37,6.69,5,0.16,0
2025-02-19,8,6,5,4110,22,6.83,6,0.19,0
2025-02-19,11,1,2,4492,2,6.72,1,0.08,0
2025-02-19,11,2,1,5017,9,6.74,2,0.12,0
2025-02-19,11,3,4,4379,29,6.87,3,0.12,0
2025-02-19,11,4,3,4604,26,6.76,4,0.14,0
2025-02-19,11,5,5,5045,24,6.68,5,0.16,0
2025-02-19,11,6,6,3748,64,6.87,6,0.13,0
2025-02-23,1,1,2,3660,9,6.8,1,0.16,0
2025-02-23,1,2,4,3776,13,6.73,2,0.18,0
2025-02-23,1,3,5,4232,10,6.9,3,0.21,0
2025-02-23,1,4,1,4876,8,6.77,4,0.14,0
2025-02-23,1,5,6,5363,23,6.84,6,0.15,0
2025-02-23,1,6,3,3461,16,6.84,5,0.11,0
2025-02-23,4,1,4,4458,43,6.7,1,0.06,0
2025-02-23,4,2,6,3963,41,6.7,2,0.05,0
2025-02-23,4,3,1,4318,39,6.77,3,0.03,0
2025-02-23,4,4,3,4193,54,6.76,4,0.08,0
2025-02-23,4,5,2,3959,45,6.74,5,0.12,0
2025-02-23,4,6,5,5352,3,6.72,6,0.24,0
2025-02-23,5,1,4,4093,66,6.78,1,0.24,0
2025-02-23,5,2,1,4434,61,6.76,3,0.18,0
2025-02-23,5,3,6,4750,2,6.74,5,0.14,0
2025-02-23,5,4,3,5216,14,6.77,6,0.12,0
2025-02-23,5,5,5,3257,40,6.85,2,0.16,0
2025-02-23,5,6,2,3769,11,6.81,4,0.18,0
2025-02-23,7,1,5,4551,17,6.71,1,0.22,0
2025-02-23,7,2,2,4876,8,6.77,2,0.16,0
2025-02-23,7,3,1,5217,46,6.73,3,0.11,0
2025-02-23,7,4,6,3535,34,6.81,6,0.3,0
2025-02-23,7,5,4,4173,58,6.86,4,0.23,0
2025-02-23,7,6,3,4659,33,6.83,5,0.19,0
2025-02-23,9,1,2,4318,39,6.91,1,0.19,0
2025-02-23,9,2,5,4377,51,6.98,2,0.16,0
2025-02-23,9,3,4,3776,13,6.93,3,0.18,0
2025-02-23,9,4,1,5239,18,6.87,4,0.25,0
2025-02-23,9,5,6,3478,52,7.03,5,0.29,0
2025-02-23,9,6,3,4259,15,7.01,6,0.26,0
2025-02-23,12,1,2,3257,40,6.85,1,0.11,0
2025-02-23,12,2,1,3959,45,6.74,2,0.18,0
2025-02-23,12,3,4,4172,25,6.76,3,0.19,0
2025-02-23,12,4,3,4391,12,6.85,4,0.27,0
2025-02-23,12,5,6,4659,33,6.83,5,0.26,0
2025-02-23,12,6,5,4686,20,6.77,6,0.22,0
2025-02-24,2,1,4,3620,27,6.8,1,0.19,0
2025-02-24,2,2,1,4458,43,6.82,2,0.17,0
2025-02-24,2,3,2,5239,18,6.82,3,0.12,0
2025-02-24,2,4,3,5217,46,6.84,4,0.26,0
2025-02-24,2,5,6,3769,11,6.82,5,0.28,0
2025-02-24,2,6,5,3535,34,6.89,6,0.29,0
2025-02-24,6,1,5,5257,49,6.81,1,0.37,0
2025-02-24,6,2,6,5138,57,6.75,6,0.31,0
2025-02-24,6,3,4,4193,54,6.82,3,0.39,0
2025-02-24,6,4,2,3959,45,6.78,2,0.31,0
2025-02-24,6,5,1,5206,31,6.74,4,0.25,0
2025-02-24,6,6,3,3776,13,6.8,5,0.34,0
2025-02-24,12,1,4,3959,45,6.75,1,0.15,0
2025-02-24,12,2,5,4172,25,6.81,2,0.22,0
2025-02-24,12,3,1,4415,29,6.83,3,0.21,0
2025-02-24,12,4,3,4377,51,6.89,4,0.21,0
2025-02-24,12,5,2,3837,59,6.8,5,0.22,0
2025-02-24,12,6,6,3741,65,6.84,6,0.23,0
2025-02-25,2,1,6,3776,13,6.82,1,0.28,0
2025-02-25,2,2,2,4173,58,6.88,3,0.2,0
2025-02-25,2,3,4,3257,40,6.92,2,0.24,0
2025-02-25,2,4,1,4458,43,6.85,4,0.09,0
2025-02-25,2,5,5,4193,54,6.95,5,0.14,0
2025-02-25,2,6,3,3478,52,6.97,6,0.17,0
2025-02-25,3,1,4,3741,65,6.89,1,0.1,0
2025-02-25,3,2,1,5206,31,6.78,2,0.1,0
2025-02-25,3,3,2,4659,33,6.75,3,0.12,0
2025-02-25,3,4,5,4750,2,6.81,4,0.13,0
2025-02-25,3,5,3,4513,47,6.75,5,0.12,0
2025-02-25,3,6,6,4318,39,6.97,6,0.21,0
2025-02-25,4,1,2,4330,26,6.88,1,0.2,0
2025-02-25,4,2,3,3837,59,6.83,2,0.12,0
2025-02-25,4,3,6,4172,25,6.84,3,0.13,0
2025-02-25,4,4,5,3620,27,6.96,4,0.13,0
2025-02-25,4,5,1,5216,14,6.81,5,0.09,0
2025-02-25,4,6,4,4551,17,6.79,6,0.08,0
2025-02-25,5,1,5,3461,16,6.91,1,0.13,0
2025-02-25,5,2,1,5217,46,6.86,2,0.29,0
2025-02-25,5,3,3,5257,49,6.92,3,0.17,0
2025-02-25,5,4,4,4259,15,6.9,4,0.15,0
2025-02-25,5,5,2,4876,8,6.93,5,0.19,0
2025-02-25,5,6,6,5363,23,6.92,6,0.23,0
2025-02-25,7,1,2,4513,47,6.78,1,0.22,0
2025-02-25,7,2,1,4686,20,6.85,2,0.19,0
2025-02-25,7,3,3,3959,45,6.79,3,0.18,0
2025-02-25,7,4,6,4093,66,6.93,4,0.26,0
2025-02-25,7,5,5,3776,13,6.81,5,0.22,0
2025-02-25,7,6,4,5352,3,6.87,6,0.21,0
2025-02-25,10,1,3,4659,33,6.92,1,0.19,0
2025-02-25,10,2,2,4551,17,6.88,2,0.29,0
2025-02-25,10,3,1,5217,46,6.88,3,0.12,0
2025-02-25,10,4,6,4129,64,6.93,4,0.26,0
2025-02-25,10,5,4,4458,43,6.88,5,0.29,0
2025-02-25,10,6,5,5055,36,6.89,6,0.32,0
2025-02-26,1,1,3,4750,2,6.85,1,0.17,0
2025-02-26,1,2,4,4093,66,6.93,2,0.23,0
2025-02-26,1,3,1,3963,41,6.84,3,0.17,0
2025-02-26,1,4,2,3741,65,6.89,4,0.17,0
2025-02-26,1,5,5,3620,27,7.0,5,0.19,0
2025-02-26,1,6,6,5363,23,6.95,6,0.21,0
2025-02-26,3,1,4,5206,31,6.79,1,0.38,0
2025-02-26,3,2,3,4656,6,6.91,3,0.2,0
2025-02-26,3,3,6,4129,64,6.88,4,0.14,0
2025-02-26,3,4,2,4318,39,6.93,5,0.17,0
2025-02-26,3,5,1,5055,36,6.85,6,0.12,0
2025-02-26,3,6,5,3257,40,6.98,2,0.32,0
2025-02-26,7,1,4,4068,53,6.81,1,0.11,0
2025-02-26,7,2,6,4232,10,6.91,2,0.19,0
2025-02-26,7,3,5,4193,54,6.96,3,0.13,0
2025-02-26,7,4,1,4415,29,6.94,4,0.07,0
2025-02-26,7,5,3,4318,39,6.93,5,0.09,0
2025-02-26,7,6,2,3959,45,6.86,6,0.03,0
2025-02-27,4,1,4,5138,57,6.72,1,0.23,0
2025-02-27,4,2,3,4068,53,6.79,2,0.23,0
2025-02-27,4,3,6,4193,54,6.92,3,0.13,0
2025-02-27,4,4,1,4659,33,6.98,4,0.12,0
2025-02-27,4,5,2,3837,59,6.9,5,0.14,0
2025-02-27,4,6,5,5363,23,6.82,6,0.17,0
2025-02-27,5,1,3,4766,50,6.78,1,0.28,0
2025-02-27,5,2,1,4377,51,6.86,2,0.22,0
2025-02-27,5,3,2,4391,12,6.96,3,0.2,0
2025-02-27,5,4,5,4093,66,7.0,4,0.27,0
2025-02-27,5,5,6,4129,64,6.95,5,0.22,0
2025-02-27,5,6,4,5257,49,6.89,6,0.19,0
2025-02-27,7,1,4,4434,61,6.84,1,0.17,0
2025-02-27,7,2,6,4318,39,6.8,3,0.11,0
2025-02-27,7,3,2,4330,26,6.83,4,0.12,0
2025-02-27,7,4,3,3461,16,6.84,5,0.13,0
2025-02-27,7,5,5,3776,13,6.89,6,0.18,0
2025-02-27,7,6,1,3257,40,6.98,2,0.08,0
2025-02-27,8,1,2,3769,11,6.93,1,0.11,0
2025-02-27,8,2,1,4551,17,6.87,2,0.11,0
2025-02-27,8,3,3,4750,2,6.95,3,0.08,0
2025-02-27,8,4,4,4193,54,6.91,4,0.18,0
2025-02-27,8,5,5,3963,41,6.87,5,0.18,0
2025-02-27,8,6,6,5352,3,6.9,6,0.21,0
2025-02-27,12,1,3,5217,46,6.78,1,0.17,0
2025-02-27,12,2,6,4876,8,6.91,2,0.12,0
2025-02-27,12,3,1,4686,20,6.81,3,0.09,0
2025-02-27,12,4,2,3959,45,6.86,4,0.05,0
2025-02-27,12,5,4,5206,31,6.85,5,0.03,0
2025-02-27,12,6,5,4173,58,6.9,6,0.12,0
2025-03-06,5,1,5,5276,60,6.78,1,0.28,0
2025-03-06,5,2,4,5224,39,6.87,2,0.26,0
2025-03-06,5,3,6,5307,30,6.8,3,0.24,0
2025-03-06,5,4,1,5137,33,6.77,4,0.14,0
2025-03-06,5,5,3,5313,44,6.79,5,0.17,0
2025-03-06,5,6,2,5161,53,6.84,6,0.18,0
2025-03-06,7,1,3,5102,35,6.73,2,0.17,0
2025-03-06,7,2,1,5089,40,6.82,1,0.12,0
2025-03-06,7,3,5,5289,50,6.76,3,0.22,0
2025-03-06,7,4,2,5026,17,6.71,4,0.25,0
2025-03-06,7,5,4,5043,54,6.78,5,0.15,0
2025-03-06,7,6,6,5238,6,6.78,6,0.21,0
2025-03-06,9,1,3,5150,26,6.74,1,0.24,0
2025-03-06,9,2,5,5252,12,6.77,2,0.22,0
2025-03-06,9,3,1,5104,59,6.76,3,0.17,0
2025-03-06,9,4,2,5135,19,6.72,4,0.16,0
2025-03-06,9,5,4,5154,56,6.75,5,0.14,0
2025-03-06,9,6,6,5273,21,6.72,6,0.11,0
2025-03-07,2,1,4,5247,34,6.77,1,0.21,0
2025-03-07,2,2,3,5135,19,6.82,2,0.19,0
2025-03-07,2,3,6,5082,55,6.85,3,0.22,0
2025-03-07,2,4,1,5238,6,6.79,4,0.11,0
2025-03-07,2,5,2,5337,5,6.79,5,0.11,0
2025-03-07,2,6,5,5112,27,6.75,6,0.16,0
2025-03-07,3,1,5,5154,56,6.72,1,0.28,0
2025-03-07,3,2,3,5076,29,6.79,2,0.31,0
2025-03-07,3,3,2,5127,2,6.79,3,0.33,0
2025-03-07,3,4,1,5102,35,6.78,4,0.25,0
2025-03-07,3,5,4,5137,33,6.81,5,0.23,0
2025-03-07,3,6,6,5150,26,6.75,6,0.24,0
2025-03-07,5,1,6,5252,12,6.75,1,0.25,0
2025-03-07,5,2,1,5191,62,6.68,2,0.22,0
2025-03-07,5,3,3,5110,15,6.77,3,0.23,0
2025-03-07,5,4,4,5196,36,6.73,4,0.2,0
2025-03-07,5,5,2,5253,4,6.79,5,0.26,0
2025-03-07,5,6,5,5328,61,6.75,6,0.33,0
2025-03-07,6,1,3,5104,59,6.77,1,0.21,0
2025-03-07,6,2,6,5074,3,6.78,2,0.17,0
2025-03-07,6,3,1,5161,53,6.78,3,0.12,0
2025-03-07,6,4,2,5043,54,6.79,4,0.14,0
2025-03-07,6,5,4,5307,30,6.76,5,0.11,0
2025-03-07,6,6,5,5343,7,6.77,6,0.14,0
2025-03-08,3,1,4,5253,4,6.83,2,0.14,0
2025-03-08,3,2,1,5089,40,6.77,1,0.12,0
2025-03-08,3,3,2,5276,60,6.71,3,0.13,0
2025-03-08,3,4,5,5098,49,6.93,4,0.2,0
2025-03-08,3,5,3,5076,29,6.88,5,0.13,0
2025-03-08,3,6,6,5243,14,6.89,6,0.13,0
2025-03-08,6,1,4,5112,27,6.75,1,0.13,0
2025-03-08,6,2,3,5137,33,6.7,2,0.06,0
2025-03-08,6,3,1,5224,39,6.78,3,0.07,0
2025-03-08,6,4,2,5104,59,6.79,4,0.09,0
2025-03-08,6,5,5,5127,2,6.83,5,0.14,0
2025-03-08,6,6,6,5268,32,6.87,6,0.11,0
2025-03-08,12,1,2,5224,39,6.79,1,0.13,0
2025-03-08,12,2,4,5150,26,6.77,2,0.08,0
2025-03-08,12,3,1,4985,1,6.76,3,0.07,0
2025-03-08,12,4,3,5253,4,6.84,4,0.12,0
2025-03-08,12,5,6,5136,63,6.81,5,0.11,0
2025-03-08,12,6,5,5082,55,6.83,6,0.21,0
2025-03-09,2,1,2,5238,6,6.67,1,0.17,0
2025-03-09,2,2,1,4985,1,6.7,2,0.17,0
2025-03-09,2,3,6,5137,33,6.68,3,0.18,0
2025-03-09,2,4,3,5243,14,6.86,4,0.15,0
2025-03-09,2,5,4,5337,5,6.82,5,0.11,0
2025-03-09,2,6,5,5154,56,6.79,6,0.19,0
2025-03-09,3,1,6,5332,16,6.73,1,0.14,0
2025-03-09,3,2,5,5268,32,6.77,2,0.15,0
2025-03-09,3,3,1,5110,15,6.78,3,0.14,0
2025-03-09,3,4,4,5289,50,6.84,4,0.14,0
2025-03-09,3,5,2,5224,39,6.77,5,0.14,0
2025-03-09,3,6,3,5089,40,6.83,6,0.16,0
2025-03-09,4,1,2,5127,2,6.78,1,0.26,0
2025-03-09,4,2,1,5196,36,6.74,2,0.18,0
2025-03-09,4,3,3,5145,48,6.78,3,0.16,0
2025-03-09,4,4,6,5235,64,6.76,4,0.21,0
2025-03-09,4,5,5,5328,61,6.77,5,0.23,0
2025-03-09,4,6,4,5102,35,6.77,6,0.23,0
2025-03-09,5,1,2,5082,55,6.82,1,0.12,0
2025-03-09,5,2,3,5253,4,6.84,2,0.11,0
2025-03-09,5,3,4,5098,49,6.74,3,0.07,0
2025-03-09,5,4,1,5158,28,6.68,4,0.04,0
2025-03-09,5,5,6,5084,38,6.77,5,0.09,0
2025-03-09,5,6,5,5313,44,6.76,6,0.23,0
2025-03-09,7,1,4,5240,22,6.79,1,0.15,0
2025-03-09,7,2,5,5150,26,6.84,2,0.14,0
2025-03-09,7,3,1,5191,62,6.73,3,0.13,0
2025-03-09,7,4,2,5307,30,6.78,4,0.16,0
2025-03-09,7,5,6,5136,63,6.81,5,0.15,0
2025-03-09,7,6,3,5337,5,6.76,6,0.07,0
2025-03-10,1,1,2,5082,55,6.62,1,0.26,0
2025-03-10,1,2,1,5127,2,6.65,2,0.25,0
2025-03-10,1,3,4,5076,29,6.68,3,0.22,0
2025-03-10,1,4,5,5238,6,6.73,4,0.23,0
2025-03-10,1,5,3,5110,15,6.7,5,0.19,0
2025-03-10,1,6,6,5343,7,6.69,6,0.17,0
2025-03-10,2,1,2,5246,37,6.71,1,0.14,0
2025-03-10,2,2,4,5226,24,6.66,2,0.16,0
2025-03-10,2,3,1,5158,28,6.61,3,0.03,0
2025-03-10,2,4,3,5074,3,6.69,4,0.12,0
2025-03-10,2,5,6,5235,64,6.72,5,0.26,0
2025-03-10,2,6,5,5337,5,6.68,6,0.13,0
2025-03-11,1,1,2,5127,2,6.7,1,0.13,0
2025-03-11,1,2,1,5247,34,6.74,2,0.14,0
2025-03-11,1,3,3,5154,56,6.8,3,0.17,0
2025-03-11,1,4,4,5235,64,6.72,4,0.13,0
2025-03-11,1,5,5,5337,5,6.7,5,0.18,0
2025-03-11,1,6,6,5332,16,6.79,6,0.23,0
2025-03-11,6,1,3,5104,59,6.67,1,0.21,0
2025-03-11,6,2,5,5235,64,6.78,2,0.13,0
2025-03-11,6,3,2,5112,27,6.7,3,0.12,0
2025-03-11,6,4,1,5089,40,6.77,4,0.11,0
2025-03-11,6,5,6,5268,32,6.81,5,0.09,0
2025-03-11,6,6,4,5313,44,6.77,6,0.09,0
2025-03-14,3,1,4,3680,46,6.82,1,0.19,0
2025-03-14,3,2,6,4843,29,6.91,2,0.14,0
2025-03-14,3,3,5,3832,8,6.82,3,0.12,0
2025-03-14,3,4,2,4521,55,6.82,4,0.12,0
2025-03-14,3,5,1,4323,9,6.91,5,0.13,0
2025-03-14,3,6,3,4090,21,6.84,6,0.1,0
2025-03-14,4,1,2,4023,58,6.8,1,0.21,0
2025-03-14,4,2,1,4552,2,6.79,2,0.19,0
2025-03-14,4,3,4,5009,11,6.89,3,0.18,0
2025-03-14,4,4,5,4156,22,6.89,4,0.13,0
2025-03-14,4,5,3,4678,51,6.86,5,0.19,0
2025-03-14,4,6,6,3412,49,6.78,6,0.18,0
2025-03-14,5,1,2,3574,62,6.93,1,0.11,0
2025-03-14,5,2,4,4961,30,6.81,2,0.12,0
2025-03-14,5,3,1,3362,47,6.92,3,0.15,0
2025-03-14,5,4,3,5292,60,6.87,6,0.17,0
2025-03-14,5,5,5,4866,39,6.91,5,0.21,0
2025-03-14,5,6,6,4171,56,6.98,4,0.19,0
2025-03-14,6,1,3,3684,7,6.8,1,0.08,0
2025-03-14,6,2,4,4300,25,6.82,2,0.19,0
2025-03-14,6,3,1,4652,23,6.84,4,0.01,0
2025-03-14,6,4,2,4168,28,6.74,3,0.04,0
2025-03-14,6,5,6,4056,12,6.85,5,0.06,0
2025-03-14,6,6,5,3710,10,6.93,6,0.08,0
2025-03-14,7,1,2,3882,24,6.81,1,0.12,0
2025-03-14,7,2,6,4241,63,6.87,2,0.17,0
2025-03-14,7,3,1,4128,37,6.85,3,0.03,0
2025-03-14,7,4,4,4182,31,6.79,4,0.12,0
2025-03-14,7,5,5,4521,55,6.91,5,0.13,0
2025-03-14,7,6,3,4030,43,6.89,6,0.18,0
2025-03-14,8,1,3,4017,48,6.85,1,0.21,0
2025-03-14,8,2,2,4323,9,6.9,2,0.14,0
2025-03-14,8,3,4,4693,5,6.83,3,0.24,0
2025-03-14,8,4,1,4649,41,6.83,4,0.17,0
2025-03-14,8,5,5,4552,2,6.74,5,0.43,0
2025-03-14,8,6,6,5296,20,6.83,6,0.32,0
2025-03-14,9,1,3,4120,52,6.8,1,0.26,0
2025-03-14,9,2,6,4678,51,6.92,5,0.23,0
2025-03-14,9,3,5,4054,16,6.9,6,0.18,0
2025-03-14,9,4,2,3680,46,6.93,4,0.32,0
2025-03-14,9,5,1,4163,32,6.9,2,0.21,0
2025-03-14,9,6,4,3362,47,6.92,3,0.28,0
2025-03-14,10,1,3,4171,56,6.87,1,0.12,0
2025-03-14,10,2,1,4967,57,6.7,2,0.12,0
2025-03-14,10,3,2,3684,7,6.86,3,0.14,0
2025-03-14,10,4,6,4843,29,6.8,4,0.11,0
2025-03-14,10,5,5,5009,11,6.83,5,0.08,0
2025-03-14,10,6,4,3482,65,6.73,6,0.1,0
2025-03-14,11,1,6,4536,18,6.83,1,0.18,0
2025-03-14,11,2,1,4156,22,6.94,3,0.21,0
2025-03-14,11,3,3,3882,24,6.96,4,0.27,0
2025-03-14,11,4,4,3574,62,6.98,2,0.17,0
2025-03-14,11,5,5,4652,23,6.79,5,0.24,0
2025-03-14,11,6,2,3832,8,6.83,6,0.41,0
2025-03-15,2,1,4,3832,8,6.98,1,0.12,0
2025-03-15,2,2,5,4182,31,6.86,2,0.09,0
2025-03-15,2,3,1,4552,2,6.89,3,0.11,0
2025-03-15,2,4,6,4866,39,6.98,4,0.08,0
2025-03-15,2,5,3,4967,57,6.78,5,0.07,0
2025-03-15,2,6,2,4536,18,6.84,6,0.18,0
2025-03-15,3,1,2,3430,45,6.88,1,0.16,0
2025-03-15,3,2,1,4090,21,6.87,3,0.04,0
2025-03-15,3,3,3,4171,56,7.03,4,0.13,0
2025-03-15,3,4,4,4056,12,6.98,5,0.14,0
2025-03-15,3,5,6,4300,25,6.97,6,0.14,0
2025-03-15,3,6,5,3574,62,7.1,2,0.17,0
2025-03-15,6,1,2,4241,63,6.8,1,0.18,0
2025-03-15,6,2,5,4693,5,6.79,2,0.18,0
2025-03-15,6,3,4,4017,48,6.92,3,0.09,0
2025-03-15,6,4,3,4120,52,6.87,4,0.11,0
2025-03-15,6,5,1,4156,22,6.92,5,0.11,0
2025-03-15,6,6,6,3509,66,6.88,6,0.14,0
2025-03-15,11,1,6,4323,9,6.82,1,0.16,0
2025-03-15,11,2,5,3412,49,6.86,2,0.2,0
2025-03-15,11,3,2,4168,28,6.83,3,0.11,0
2025-03-15,11,4,1,4552,2,6.88,4,0.05,0
2025-03-15,11,5,3,4241,63,6.93,5,0.06,0
2025-03-15,11,6,4,4054,16,6.85,6,0.21,0
2025-03-16,1,1,5,3680,46,6.94,1,0.26,0
2025-03-16,1,2,3,4023,58,6.95,3,0.2,0
2025-03-16,1,3,4,5296,20,6.95,6,0.29,0
2025-03-16,1,4,6,4693,5,6.99,5,0.28,0
2025-03-16,1,5,1,3362,47,6.99,2,0.16,0
2025-03-16,1,6,2,4182,31,6.99,4,0.22,0
2025-03-17,1,1,2,4094,13,6.87,1,0.19,0
2025-03-17,1,2,5,3430,45,6.87,2,0.21,0
2025-03-17,1,3,1,4182,31,6.81,3,0.12,0
2025-03-17,1,4,3,4054,16,6.9,4,0.15,0
2025-03-17,1,5,4,3509,66,6.9,5,0.11,0
2025-03-17,1,6,6,4843,29,6.9,6,0.13,0
2025-03-17,3,1,2,4300,25,6.93,1,0.21,0
2025-03-17,3,2,1,4521,55,6.92,2,0.22,0
2025-03-17,3,3,3,3882,24,6.91,3,0.26,0
2025-03-17,3,4,6,3680,46,7.04,4,0.22,0
2025-03-17,3,5,4,4023,58,6.88,6,0.18,0
2025-03-17,3,6,5,4678,51,6.98,5,0.19,0
2025-03-17,4,1,4,3539,44,6.96,1,0.24,0
2025-03-17,4,2,6,5292,60,6.96,3,0.2,0
2025-03-17,4,3,1,3482,65,6.87,4,0.1,0
2025-03-17,4,4,2,4120,52,6.99,5,0.16,0
2025-03-17,4,5,3,3574,62,7.0,2,0.15,0
2025-03-17,4,6,5,4536,18,6.98,6,0.25,0
2025-03-17,6,1,6,4843,29,6.86,1,0.21,0
2025-03-17,6,2,1,3684,7,6.87,2,0.06,0
2025-03-17,6,3,2,4241,63,6.91,3,0.06,0
2025-03-17,6,4,4,4323,9,6.96,4,0.1,0
2025-03-17,6,5,5,3430,45,7.01,5,0.08,0
2025-03-17,6,6,3,5296,20,6.92,6,0.12,0
2025-03-17,10,1,3,4649,41,6.82,1,0.23,0
2025-03-17,10,2,5,3710,10,6.89,2,0.22,0
2025-03-17,10,3,1,4521,55,6.83,3,0.16,0
2025-03-17,10,4,4,3482,65,6.87,4,0.17,0
2025-03-17,10,5,2,3684,7,6.97,5,0.27,0
2025-03-17,10,6,6,4323,9,6.9,6,0.19,0
2025-03-17,12,1,6,4168,28,6.89,1,0.14,0
2025-03-17,12,2,3,4090,21,6.98,2,0.14,0
2025-03-17,12,3,5,4030,43,6.93,3,0.18,0
2025-03-17,12,4,2,3362,47,6.94,4,0.11,0
2025-03-17,12,5,4,4156,22,7.02,5,0.2,0
2025-03-17,12,6,1,4967,57,6.78,6,0.08,0
2025-03-19,1,1,4,4034,66,6.66,1,0.06,0
2025-03-19,1,2,1,3906,51,6.68,2,0.08,0
2025-03-19,1,3,3,5090,54,6.65,3,0.12,0
2025-03-19,1,4,2,4956,40,6.77,4,0.1,0
2025-03-19,1,5,6,5338,36,6.62,5,0.03,0
2025-03-19,1,6,5,4865,62,6.77,6,0.17,0
2025-03-19,2,1,2,3866,39,6.72,1,0.16,0
2025-03-19,2,2,5,4603,56,6.71,2,0.28,0
2025-03-19,2,3,4,4196,50,6.7,3,0.21,0
2025-03-19,2,4,1,4863,45,6.66,6,0.09,0
2025-03-19,2,5,3,4064,49,6.73,4,0.14,0
2025-03-19,2,6,6,3212,33,6.73,5,0.13,0
2025-03-19,3,1,5,5308,1,6.71,1,0.39,0
2025-03-19,3,2,3,4113,17,6.7,2,0.31,0
2025-03-19,3,3,6,3558,6,6.77,3,0.29,0
2025-03-19,3,4,1,4027,64,6.69,4,0.14,0
2025-03-19,3,5,4,3843,35,6.68,6,0.15,0
2025-03-19,3,6,2,4361,37,6.7,5,0.11,0
2025-03-19,4,1,3,3663,8,6.62,1,0.18,0
2025-03-19,4,2,1,4139,55,6.61,2,0.1,0
2025-03-19,4,3,6,5109,28,6.62,3,0.11,0
2025-03-19,4,4,4,5073,3,6.59,4,0.17,0
2025-03-19,4,5,2,4497,53,6.59,5,0.14,0
2025-03-19,4,6,5,4950,10,6.66,6,0.19,0
2025-03-19,5,1,3,4416,9,6.62,1,0.12,0
2025-03-19,5,2,6,4846,24,6.71,2,0.14,0
2025-03-19,5,3,1,5042,38,6.68,3,0.07,0
2025-03-19,5,4,2,4578,25,6.67,4,0.12,0
2025-03-19,5,5,4,5181,30,6.69,5,0.15,0
2025-03-19,5,6,5,4315,31,6.65,6,0.16,0
2025-03-19,7,1,2,4196,50,6.7,1,0.04,0
2025-03-19,7,2,3,5090,54,6.69,2,0.05,0
2025-03-19,7,3,1,4109,34,6.7,3,0.05,0
2025-03-19,7,4,4,4563,18,6.66,4,0.11,0
2025-03-19,7,5,5,3541,52,6.71,5,0.15,0
2025-03-19,7,6,6,4009,61,6.64,6,0.12,0
2025-03-19,10,1,6,3955,26,6.7,1,0.16,0
2025-03-19,10,2,4,4315,31,6.64,3,0.09,0
2025-03-19,10,3,1,4788,16,6.66,4,0.01,0
2025-03-19,10,4,2,4034,66,6.66,5,0.11,0
2025-03-19,10,5,3,4139,55,6.66,6,0.07,0
2025-03-19,10,6,5,3558,6,6.73,2,0.13,0
2025-03-19,12,1,2,3541,52,6.68,1,0.17,0
2025-03-19,12,2,3,4547,4,6.67,2,0.21,0
2025-03-19,12,3,5,4497,53,6.66,3,0.18,0
2025-03-19,12,4,4,4361,37,6.69,4,0.13,0
2025-03-19,12,5,1,4437,15,6.68,5,0.12,0
2025-03-19,12,6,6,5042,38,6.7,6,0.12,0
2025-03-20,1,1,4,3910,27,6.69,1,0.21,0
2025-03-20,1,2,3,3558,6,6.72,2,0.13,0
2025-03-20,1,3,5,3212,33,6.74,3,0.16,0
2025-03-20,1,4,1,5086,43,6.65,4,0.13,0
2025-03-20,1,5,6,4846,24,6.76,5,0.16,0
2025-03-20,1,6,2,5338,36,6.59,6,0.09,0
2025-03-20,2,1,2,3508,7,6.7,1,0.16,0
2025-03-20,2,2,1,4578,25,6.7,2,0.14,0
2025-03-20,2,3,3,3906,51,6.76,3,0.17,0
2025-03-20,2,4,6,5308,1,6.71,4,0.21,0
2025-03-20,2,5,4,5109,28,6.67,5,0.15,0
2025-03-20,2,6,5,4331,48,6.73,6,0.19,0
2025-03-20,7,1,4,5073,3,6.64,1,0.08,0
2025-03-20,7,2,3,4863,45,6.67,2,0.05,0
2025-03-20,7,3,6,3955,26,6.77,3,0.09,0
2025-03-20,7,4,2,5109,28,6.64,4,0.02,0
2025-03-20,7,5,1,4547,4,6.74,5,0.05,0
2025-03-20,7,6,5,4027,64,6.7,6,0.25,0
2025-03-20,9,1,2,4139,55,6.66,1,0.12,0
2025-03-20,9,2,3,5042,38,6.64,2,0.14,0
2025-03-20,9,3,6,4846,24,6.73,3,0.22,0
2025-03-20,9,4,5,4865,62,6.62,4,0.18,0
2025-03-20,9,5,4,4331,48,6.74,5,0.16,0
2025-03-20,9,6,1,4497,53,6.59,6,0.1,0
2025-03-20,10,1,6,4315,31,6.6,1,0.16,0
2025-03-20,10,2,1,4437,15,6.71,2,0.08,0
2025-03-20,10,3,2,3508,7,6.77,3,0.18,0
2025-03-20,10,4,3,4064,49,6.74,4,0.12,0
2025-03-20,10,5,4,4563,18,6.75,5,0.16,0
2025-03-20,10,6,5,3663,8,6.74,6,0.13,0
2025-03-21,6,1,3,4950,10,6.84,1,0.18,0
2025-03-21,6,2,6,4865,62,6.72,2,0.22,0
2025-03-21,6,3,2,4053,14,6.71,3,0.22,0
2025-03-21,6,4,1,4497,53,6.74,4,0.17,0
2025-03-21,6,5,4,5338,36,6.67,5,0.08,0
2025-03-21,6,6,5,4563,18,6.79,6,0.11,0
2025-03-22,2,1,3,5181,30,6.75,1,0.19,0
2025-03-22,2,2,4,5308,1,6.73,2,0.18,0
2025-03-22,2,3,1,4027,64,6.75,3,0.11,0
2025-03-22,2,4,6,3558,6,6.85,4,0.16,0
2025-03-22,2,5,2,4863,45,6.77,5,0.14,0
2025-03-22,2,6,5,3843,35,6.83,6,0.19,0
2025-03-22,3,1,5,3212,33,6.83,1,0.19,0
2025-03-22,3,2,4,4034,66,6.77,2,0.16,0
2025-03-22,3,3,2,5086,43,6.72,3,0.13,0
2025-03-22,3,4,6,3955,26,6.83,4,0.15,0
2025-03-22,3,5,1,4361,37,6.74,5,0.09,0
2025-03-22,3,6,3,5090,54,6.72,6,0.13,0
2025-03-22,5,1,3,4113,17,6.79,1,0.19,0
2025-03-22,5,2,1,4009,61,6.79,2,0.11,0
2025-03-22,5,3,5,4139,55,6.8,3,0.15,0
2025-03-22,5,4,4,4788,16,6.74,4,0.17,0
2025-03-22,5,5,6,4603,56,6.84,5,0.17,0
2025-03-22,5,6,2,4053,14,6.8,6,0.18,0
2025-03-22,6,1,2,3988,59,6.74,1,0.11,0
2025-03-22,6,2,3,3910,27,6.75,2,0.18,0
2025-03-22,6,3,5,4547,4,6.76,3,0.18,0
2025-03-22,6,4,1,3841,19,6.7,4,0.11,0
2025-03-22,6,5,4,5308,1,6.78,5,0.23,0
2025-03-22,6,6,6,4416,9,6.73,6,0.23,0
2025-03-22,7,1,3,4109,34,6.85,1,0.13,0
2025-03-22,7,2,1,4497,53,6.82,2,0.07,0
2025-03-22,7,3,6,4950,10,6.78,3,0.13,0
2025-03-22,7,4,4,3906,51,6.89,4,0.16,0
2025-03-22,7,5,2,5073,3,6.73,5,0.12,0
2025-03-22,7,6,5,4956,40,6.86,6,0.13,0
2025-03-22,10,1,3,4788,16,6.68,1,0.22,0
2025-03-22,10,2,4,3508,7,6.76,2,0.22,0
2025-03-22,10,3,2,3988,59,6.68,3,0.11,0
2025-03-22,10,4,1,4437,15,6.72,4,0.14,0
2025-03-22,10,5,6,3663,8,6.78,5,0.17,0
2025-03-22,10,6,5,5086,43,6.71,6,0.21,0
2025-03-23,3,1,2,5086,43,6.67,1,0.18,0
2025-03-23,3,2,3,4027,64,6.79,2,0.27,0
2025-03-23,3,3,4,3508,7,6.72,3,0.19,0
2025-03-23,3,4,1,3541,52,6.72,4,0.14,0
2025-03-23,3,5,5,4416,9,6.82,5,0.17,0
2025-03-23,3,6,6,5090,54,6.75,6,0.15,0
2025-03-23,10,1,2,4361,37,6.74,1,0.16,0
2025-03-23,10,2,3,3841,19,6.72,2,0.16,0
2025-03-23,10,3,1,5042,38,6.77,3,0.14,0
2025-03-23,10,4,5,4064,49,6.81,4,0.15,0
2025-03-23,10,5,6,3906,51,6.75,5,0.21,0
2025-03-23,10,6,4,4109,34,6.81,6,0.18,0
2025-03-23,12,1,2,4331,48,6.78,1,0.18,0
2025-03-23,12,2,6,3955,26,6.82,2,0.26,0
2025-03-23,12,3,1,5086,43,6.72,3,0.22,0
2025-03-23,12,4,3,5073,3,6.74,4,0.19,0
2025-03-23,12,5,4,4315,31,6.68,5,0.18,0
2025-03-23,12,6,5,4956,40,6.91,6,0.24,0
2025-03-24,4,1,6,3906,51,6.79,1,0.16,0
2025-03-24,4,2,3,3988,59,6.76,2,0.19,0
2025-03-24,4,3,5,3663,8,6.76,3,0.16,0
2025-03-24,4,4,4,4416,9,6.8,4,0.11,0
2025-03-24,4,5,2,5338,36,6.76,5,0.04,0
2025-03-24,4,6,1,4315,31,6.77,6,0.09,0
2025-03-24,5,1,2,5090,54,6.74,1,0.15,0
2025-03-24,5,2,3,4009,61,6.79,2,0.08,0
2025-03-24,5,3,1,3910,27,6.78,3,0.07,0
2025-03-24,5,4,4,4196,50,6.79,4,0.06,0
2025-03-24,5,5,5,3866,39,6.79,5,0.11,0
2025-03-24,5,6,6,4331,48,6.85,6,0.21,0
2025-03-24,6,1,4,4956,40,6.82,1,0.22,0
2025-03-24,6,2,5,5181,30,6.77,2,0.18,0
2025-03-24,6,3,1,3841,19,6.73,3,0.16,0
2025-03-24,6,4,2,4053,14,6.76,4,0.15,0
2025-03-24,6,5,6,4109,34,6.87,5,0.17,0
2025-03-24,6,6,3,5308,1,6.81,6,0.22,0
2025-03-24,8,1,4,4027,64,6.69,1,0.12,0
2025-03-24,8,2,1,4950,10,6.79,2,0.22,0
2025-03-24,8,3,6,4865,62,6.79,3,0.31,0
2025-03-24,8,4,3,3955,26,6.83,4,0.21,0
2025-03-24,8,5,5,3843,35,6.81,5,0.14,0
2025-03-24,8,6,2,5338,36,6.74,6,0.04,0
2025-03-24,10,1,2,3841,19,6.66,1,0.11,0
2025-03-24,10,2,6,5109,28,6.74,2,0.09,0
2025-03-24,10,3,1,4053,14,6.77,3,0.06,0
2025-03-24,10,4,3,4064,49,6.81,4,0.07,0
2025-03-24,10,5,4,3988,59,6.77,5,0.09,0
2025-03-24,10,6,5,4578,25,6.82,6,0.11,0
2025-03-31,1,1,2,3701,11,6.9,1,0.05,0
2025-03-31,1,2,1,5041,54,6.92,2,0.08,0
2025-03-31,1,3,4,4467,29,6.94,3,0.12,0
2025-03-31,1,4,5,3372,60,6.88,4,0.13,0
2025-03-31,1,5,3,5261,21,6.87,5,0.14,0
2025-03-31,1,6,6,5367,35,6.94,6,0.11,0
2025-03-31,3,1,3,3863,23,6.89,1,0.18,0
2025-03-31,3,2,2,4594,16,6.83,2,0.22,0
2025-03-31,3,3,1,4040,32,6.76,3,0.08,0
2025-03-31,3,4,5,4664,51,6.83,4,0.11,0
2025-03-31,3,5,4,5057,50,6.81,5,0.15,0
2025-03-31,3,6,6,4106,41,6.86,6,0.18,0
2025-03-31,6,1,3,3635,57,6.71,1,0.21,0
2025-03-31,6,2,5,4992,48,6.81,2,0.18,0
2025-03-31,6,3,1,4643,47,6.77,3,0.16,0
2025-03-31,6,4,2,4369,65,6.79,4,0.17,0
2025-03-31,6,5,4,5334,18,6.79,5,0.18,0
2025-03-31,6,6,6,3372,60,6.74,6,0.17,0
2025-04-01,1,1,2,3107,62,6.83,1,0.16,0
2025-04-01,1,2,3,4872,38,6.89,2,0.12,0
2025-04-01,1,3,6,4705,2,6.91,3,0.09,0
2025-04-01,1,4,1,4899,46,6.92,4,0.08,0
2025-04-01,1,5,4,3701,11,6.9,5,0.06,0
2025-04-01,1,6,5,5340,52,6.92,6,0.15,0
2025-04-01,2,1,2,3372,60,6.88,1,0.17,0
2025-04-01,2,2,3,4983,1,6.82,2,0.11,0
2025-04-01,2,3,1,3961,56,6.92,3,0.11,0
2025-04-01,2,4,6,5334,18,6.82,5,0.14,0
2025-04-01,2,5,4,4664,51,6.97,6,0.11,0
2025-04-01,2,6,5,3226,8,6.95,4,0.35,0
2025-04-01,3,1,3,3871,26,6.92,1,0.09,0
2025-04-01,3,2,2,4470,37,6.96,2,0.14,0
2025-04-01,3,3,4,4496,24,6.88,3,0.15,0
2025-04-01,3,4,1,4363,13,6.93,4,0.08,0
2025-04-01,3,5,6,4560,55,7.02,5,0.06,0
2025-04-01,3,6,5,4823,63,6.82,6,0.1,0
2025-04-01,4,1,4,4106,41,6.91,1,0.12,0
2025-04-01,4,2,6,4040,32,6.83,2,0.09,0
2025-04-01,4,3,1,4931,30,6.82,3,0.14,0
2025-04-01,4,4,2,3635,57,6.8,4,0.06,0
2025-04-01,4,5,3,5148,44,6.88,5,0.08,0
2025-04-01,4,6,5,5367,35,6.89,6,0.15,0
2025-04-01,5,1,2,4467,29,6.88,1,0.09,0
2025-04-01,5,2,1,4949,66,6.95,2,0.11,0
2025-04-01,5,3,4,4042,12,6.94,3,0.13,0
2025-04-01,5,4,6,5041,54,6.88,4,0.16,0
2025-04-01,5,5,3,3822,6,6.84,5,0.17,0
2025-04-01,5,6,5,3863,23,6.93,6,0.19,0
2025-04-01,9,1,2,4983,1,6.99,1,0.19,0
2025-04-01,9,2,3,5148,44,6.93,2,0.2,0
2025-04-01,9,3,1,4363,13,6.96,3,0.21,0
2025-04-01,9,4,4,3863,23,6.97,4,0.21,0
2025-04-01,9,5,5,4872,38,7.01,5,0.21,0
2025-04-01,9,6,6,3711,20,6.87,6,0.18,0
2025-04-01,10,1,4,3822,6,6.77,1,0.16,0
2025-04-01,10,2,2,4560,55,6.91,2,0.11,0
2025-04-01,10,3,1,4025,28,6.87,3,0.12,0
2025-04-01,10,4,5,4931,30,6.96,4,0.16,0
2025-04-01,10,5,6,4705,2,6.96,6,0.09,0
2025-04-01,10,6,3,3961,56,6.93,5,0.13,0
2025-04-01,11,1,2,4040,32,6.89,1,0.22,0
2025-04-01,11,2,3,3966,22,6.9,2,0.25,0
2025-04-01,11,3,1,4949,66,7.02,3,0.13,0
2025-04-01,11,4,6,3701,11,6.95,4,0.09,0
2025-04-01,11,5,5,4369,65,6.91,5,0.14,0
2025-04-01,11,6,4,4470,37,6.87,6,0.15,0
2025-04-01,12,1,2,4042,12,6.86,1,0.17,0
2025-04-01,12,2,1,4643,47,6.85,2,0.21,0
2025-04-01,12,3,4,4043,3,6.92,3,0.15,0
2025-04-01,12,4,5,4823,63,6.91,4,0.27,0
2025-04-01,12,5,6,4594,16,6.85,5,0.19,0
2025-04-01,12,6,3,3635,57,6.8,6,0.18,0
2025-04-02,3,1,3,4873,10,6.9,1,0.15,0
2025-04-02,3,2,1,4983,1,6.93,2,0.18,0
2025-04-02,3,3,4,5041,54,6.86,3,0.16,0
2025-04-02,3,4,2,3635,57,6.91,4,0.21,0
2025-04-02,3,5,6,5367,35,6.98,6,0.18,0
2025-04-02,3,6,5,4705,2,7.03,5,0.17,0
2025-04-02,8,1,2,5057,50,6.85,1,0.21,0
2025-04-02,8,2,1,3711,20,6.84,2,0.16,0
2025-04-02,8,3,3,3107,62,6.9,3,0.26,0
2025-04-02,8,4,4,4496,24,6.9,4,0.32,0
2025-04-02,8,5,5,3226,8,6.97,5,0.67,0
2025-04-02,8,6,6,5367,35,6.9,6,0.38,0
2025-04-02,9,1,2,4949,66,6.94,1,0.11,0
2025-04-02,9,2,3,3961,56,6.92,2,0.12,0
2025-04-02,9,3,1,4369,65,6.9,3,0.12,0
2025-04-02,9,4,4,4873,10,6.92,4,0.16,0
2025-04-02,9,5,5,4983,1,6.84,5,0.11,0
2025-04-02,9,6,6,3822,6,6.94,6,0.09,0
2025-04-03,3,1,5,4664,51,6.88,1,0.43,0
2025-04-03,3,2,1,4992,48,6.86,2,0.22,0
2025-04-03,3,3,3,4823,63,6.84,3,0.2,0
2025-04-03,3,4,2,5148,44,6.96,4,0.21,0
2025-04-03,3,5,4,4042,12,6.95,5,0.19,0
2025-04-03,3,6,6,5367,35,6.98,6,0.26,0
2025-04-03,7,1,2,3966,22,6.96,1,0.19,0
2025-04-03,7,2,1,3635,57,6.92,2,0.19,0
2025-04-03,7,3,6,3372,60,6.79,3,0.25,0
2025-04-03,7,4,3,4705,2,6.91,4,0.18,0
2025-04-03,7,5,4,3107,62,6.94,5,0.14,0
2025-04-03,7,6,5,4594,16,6.92,6,0.13,0
2025-04-03,11,1,2,3961,56,6.82,1,0.25,0
2025-04-03,11,2,4,4025,28,6.82,2,0.32,0
2025-04-03,11,3,1,3635,57,6.79,3,0.23,0
2025-04-03,11,4,5,3966,22,6.85,4,0.28,0
2025-04-03,11,5,3,4983,1,6.88,5,0.31,0
2025-04-03,11,6,6,4467,29,6.85,6,0.33,0
2025-04-07,1,1,4,3867,25,6.66,1,0.22,0
2025-04-07,1,2,6,5000,34,6.76,3,0.19,0
2025-04-07,1,3,1,4410,22,6.81,4,0.09,0
2025-04-07,1,4,2,3680,20,6.86,5,0.12,0
2025-04-07,1,5,5,3212,50,6.85,2,0.39,0
2025-04-07,1,6,3,3752,32,6.74,6,0.1,0
2025-04-07,2,1,3,3286,40,6.83,1,0.17,0
2025-04-07,2,2,6,3986,44,6.73,2,0.19,0
2025-04-07,2,3,5,4905,14,6.76,3,0.19,0
2025-04-07,2,4,1,5355,31,6.8,4,0.09,0
2025-04-07,2,5,4,4644,41,6.82,5,0.09,0
2025-04-07,2,6,2,4713,9,6.76,6,0.12,0
2025-04-07,3,1,5,3982,38,6.73,1,0.24,0
2025-04-07,3,2,4,4861,37,6.64,2,0.24,0
2025-04-07,3,3,1,4306,39,6.76,3,0.19,0
2025-04-07,3,4,6,5054,43,6.76,4,0.07,0
2025-04-07,3,5,3,4700,33,6.76,5,0.11,0
2025-04-07,3,6,2,4816,21,6.83,6,0.12,0
2025-04-07,4,1,2,3935,45,6.76,1,0.13,0
2025-04-07,4,2,6,4943,2,6.77,2,0.19,0
2025-04-07,4,3,3,4695,11,6.68,3,0.18,0
2025-04-07,4,4,1,4835,8,6.85,4,0.11,0
2025-04-07,4,5,4,3997,36,6.68,5,0.12,0
2025-04-07,4,6,5,4281,59,6.86,6,0.13,0
2025-04-07,7,1,3,4905,14,6.73,1,0.11,0
2025-04-07,7,2,5,4442,61,6.84,2,0.15,0
2025-04-07,7,3,6,4836,16,6.72,3,0.24,0
2025-04-07,7,4,4,3982,38,6.76,4,0.09,0
2025-04-07,7,5,1,3873,57,6.74,5,0.05,0
2025-04-07,7,6,2,3876,7,6.59,6,0.04,0
2025-04-07,11,1,3,4700,33,6.75,1,0.19,0
2025-04-07,11,2,4,4852,65,6.79,2,0.18,0
2025-04-07,11,3,6,4438,23,6.75,3,0.19,0
2025-04-07,11,4,1,3873,57,6.82,4,0.12,0
2025-04-07,11,5,2,4695,11,6.75,5,0.18,0
2025-04-07,11,6,5,4410,22,6.8,6,0.19,0
2025-04-08,1,1,2,3567,60,6.86,1,0.15,0
2025-04-08,1,2,3,4836,16,6.94,2,0.17,0
2025-04-08,1,3,6,4162,15,6.96,3,0.19,0
2025-04-08,1,4,1,4861,37,6.81,4,0.13,0
2025-04-08,1,5,4,3631,13,6.85,5,0.21,0
2025-04-08,1,6,5,3286,40,6.94,6,0.23,0
2025-04-08,5,1,2,4861,37,6.8,1,0.09,0
2025-04-08,5,2,3,4281,59,6.97,2,0.06,0
2025-04-08,5,3,4,3873,57,6.94,3,0.07,0
2025-04-08,5,4,1,3997,36,6.88,4,0.12,0
2025-04-08,5,5,6,4410,22,6.97,5,0.12,0
2025-04-08,5,6,5,3489,17,6.95,6,0.16,0
2025-04-08,7,1,4,4835,8,6.81,1,0.19,0
2025-04-08,7,2,2,3546,53,6.87,2,0.15,0
2025-04-08,7,3,1,3876,7,6.68,3,0.16,0
2025-04-08,7,4,3,4162,15,6.77,4,0.15,0
2025-04-08,7,5,5,4442,61,6.75,5,0.17,0
2025-04-08,7,6,6,4438,23,6.86,6,0.18,0
2025-04-08,8,1,2,3562,28,6.78,1,0.08,0
2025-04-08,8,2,5,4695,11,6.76,2,0.1,0
2025-04-08,8,3,4,3986,44,6.8,3,0.11,0
2025-04-08,8,4,3,4852,65,6.78,4,0.14,0
2025-04-08,8,5,1,4836,16,6.75,5,0.17,0
2025-04-08,8,6,6,5054,43,6.73,6,0.14,0
2025-04-08,9,1,2,4231,49,6.77,1,0.2,0
2025-04-08,9,2,6,3212,50,6.85,2,0.26,0
2025-04-08,9,3,1,4713,9,6.76,3,0.13,0
2025-04-08,9,4,5,3631,13,6.73,4,0.13,0
2025-04-08,9,5,4,4405,63,6.8,5,0.12,0
2025-04-08,9,6,3,4150,62,6.84,6,0.14,0
2025-04-09,4,1,6,3986,44,6.81,1,0.19,0
2025-04-09,4,2,1,4644,41,6.89,2,0.16,0
2025-04-09,4,3,2,3286,40,6.96,3,0.17,0
2025-04-09,4,4,4,4700,33,6.92,4,0.27,0
2025-04-09,4,5,3,3935,45,6.88,5,0.19,0
2025-04-09,4,6,5,3680,20,6.9,6,0.2,0
2025-04-09,7,1,2,3546,53,6.86,1,0.2,0
2025-04-09,7,2,1,4816,21,6.93,3,0.17,0
2025-04-09,7,3,5,4214,64,6.89,4,0.14,0
2025-04-09,7,4,4,4306,39,6.85,5,0.08,0
2025-04-09,7,5,3,4772,58,6.82,6,0.07,0
2025-04-09,7,6,6,3297,26,6.81,2,0.27,0
2025-04-09,9,1,2,4852,65,6.85,1,0.17,0
2025-04-09,9,2,5,3680,20,6.95,2,0.16,0
2025-04-09,9,3,4,3982,38,6.92,3,0.12,0
2025-04-09,9,4,1,3876,7,6.76,4,0.06,0
2025-04-09,9,5,6,5355,31,6.79,5,0.06,0
2025-04-09,9,6,3,4150,62,6.9,6,0.09,0
2025-04-09,11,1,5,4352,4,6.81,1,0.09,0
2025-04-09,11,2,2,3562,28,6.93,2,0.18,0
2025-04-09,11,3,6,4231,49,6.84,3,0.22,0
2025-04-09,11,4,1,4644,41,6.92,4,0.15,0
2025-04-09,11,5,4,4214,64,6.92,5,0.16,0
2025-04-09,11,6,3,5000,34,6.87,6,0.13,0
2025-04-10,1,1,2,3212,50,6.78,1,0.1,0
2025-04-10,1,2,1,3935,45,6.74,2,0.07,0
2025-04-10,1,3,5,3546,53,6.77,3,0.33,0
2025-04-10,1,4,6,4836,16,6.78,4,0.12,0
2025-04-10,1,5,3,4943,2,6.76,5,0.09,0
2025-04-10,1,6,4,3631,13,6.74,6,0.21,0
2025-04-10,3,1,4,4405,63,6.74,1,0.21,0
2025-04-10,3,2,3,3297,26,6.73,2,0.18,0
2025-04-10,3,3,5,5054,43,6.71,3,0.21,0
2025-04-10,3,4,2,4644,41,6.71,4,0.11,0
2025-04-10,3,5,1,4816,21,6.82,5,0.05,0
2025-04-10,3,6,6,3982,38,6.73,6,0.07,0
2025-04-10,6,1,2,4610,27,6.73,1,0.17,0
2025-04-10,6,2,1,3631,13,6.78,2,0.14,0
2025-04-10,6,3,3,4442,61,6.77,3,0.12,0
2025-04-10,6,4,6,4713,9,6.77,4,0.11,0
2025-04-10,6,5,4,3680,20,6.71,5,0.16,0
2025-04-10,6,6,5,4835,8,6.78,6,0.15,0
2025-04-10,10,1,2,4214,64,6.97,1,0.05,0
2025-04-10,10,2,4,3567,60,6.91,2,0.09,0
2025-04-10,10,3,1,4352,4,6.93,3,0.07,0
2025-04-10,10,4,6,4442,61,6.93,4,0.08,0
2025-04-10,10,5,5,3546,53,6.99,5,0.01,0
2025-04-10,10,6,3,4150,62,6.93,6,0.12,0
2025-04-11,2,1,2,3297,26,6.69,1,0.17,0
2025-04-11,2,2,6,3212,50,6.8,2,0.13,0
2025-04-11,2,3,3,3935,45,6.69,3,0.14,0
2025-04-11,2,4,1,4281,59,6.71,4,0.08,0
2025-04-11,2,5,4,3873,57,6.7,5,0.08,0
2025-04-11,2,6,5,3997,36,6.73,6,0.15,0
2025-04-11,3,1,4,4943,2,6.69,3,0.22,0
2025-04-11,3,2,1,3562,28,6.76,1,0.12,0
2025-04-11,3,3,2,4438,23,6.69,2,0.12,0
2025-04-11,3,4,5,3631,13,6.71,4,0.23,0
2025-04-11,3,5,3,4306,39,6.71,5,0.21,0
2025-04-11,3,6,6,4644,41,6.75,6,0.15,0
2025-04-11,6,1,2,4700,33,6.74,1,0.1,0
2025-04-11,6,2,1,3867,25,6.76,2,0.1,0
2025-04-11,6,3,3,3489,17,6.78,3,0.12,0
2025-04-11,6,4,4,4214,64,6.8,4,0.22,0
2025-04-11,6,5,5,5355,31,6.74,5,0.23,0
2025-04-11,6,6,6,3286,40,6.79,6,0.29,0
2025-04-11,11,1,2,3876,7,6.67,3,0.31,0
2025-04-11,11,2,1,4306,39,6.79,1,0.21,0
2025-04-11,11,3,3,4281,59,6.9,2,0.19,0
2025-04-11,11,4,6,4861,37,6.75,4,0.25,0
2025-04-11,11,5,4,4700,33,6.79,5,0.24,0
2025-04-11,11,6,5,3546,53,6.84,6,0.21,0
2025-04-11,12,1,6,4214,64,6.72,1,0.16,0
2025-04-11,12,2,3,4610,27,6.8,2,0.17,0
2025-04-11,12,3,2,3982,38,6.8,3,0.21,0
2025-04-11,12,4,5,4905,14,6.82,4,0.21,0
2025-04-11,12,5,4,4438,23,6.81,5,0.15,0
2025-04-11,12,6,1,4442,61,6.81,6,0.18,0
2025-04-12,1,1,3,3867,25,6.78,1,0.17,0
2025-04-12,1,2,2,3680,20,6.74,2,0.22,0
2025-04-12,1,3,5,3986,44,6.77,3,0.19,0
2025-04-12,1,4,1,3567,60,6.74,5,0.12,0
2025-04-12,1,5,6,3212,50,6.85,4,0.18,0
2025-04-12,1,6,4,3286,40,6.76,6,0.23,0
2025-04-12,2,1,2,3631,13,6.74,1,0.21,0
2025-04-12,2,2,1,4214,64,6.82,4,0.11,0
2025-04-12,2,3,5,4905,14,6.79,2,0.23,0
2025-04-12,2,4,4,3297,26,6.67,3,0.21,0
2025-04-12,2,5,3,3873,57,6.76,5,0.08,0
2025-04-12,2,6,6,5355,31,6.79,6,0.14,0
2025-04-12,5,1,2,4231,49,6.74,1,0.08,0
2025-04-12,5,2,1,3546,53,6.72,2,0.19,0
2025-04-12,5,3,5,4162,15,6.71,3,0.16,0
2025-04-12,5,4,3,4281,59,6.79,4,0.15,0
2025-04-12,5,5,4,4713,9,6.69,5,0.18,0
2025-04-12,5,6,6,4816,21,6.77,6,0.22,0
2025-04-12,6,1,2,3251,19,6.72,1,0.16,0
2025-04-12,6,2,5,3752,32,6.74,2,0.15,0
2025-04-12,6,3,1,3876,7,6.66,3,0.21,0
2025-04-12,6,4,3,4852,65,6.76,4,0.19,0
2025-04-12,6,5,4,3680,20,6.76,5,0.34,0
2025-04-12,6,6,6,4905,14,6.78,6,0.31,0
2025-04-12,10,1,2,4644,41,6.68,1,0.12,0
2025-04-12,10,2,1,3876,7,6.64,2,0.14,0
2025-04-12,10,3,4,4281,59,6.83,3,0.12,0
2025-04-12,10,4,6,3251,19,6.73,4,0.18,0
2025-04-12,10,5,5,5000,34,6.76,5,0.13,0
2025-04-12,10,6,3,4231,49,6.83,6,0.15,0
2025-04-12,12,1,3,4442,61,6.8,1,0.09,0
2025-04-12,12,2,5,3297,26,6.77,2,0.25,0
2025-04-12,12,3,6,4410,22,6.81,3,0.15,0
2025-04-12,12,4,4,3631,13,6.71,4,0.11,0
2025-04-12,12,5,2,4861,37,6.61,5,0.04,0
2025-04-12,12,6,1,4150,62,6.77,6,0.08,0
2025-04-13,2,1,4,4861,37,6.74,2,0.21,0
2025-04-13,2,2,6,4306,39,6.8,1,0.24,0
2025-04-13,2,3,5,4405,63,6.77,3,0.29,0
2025-04-13,2,4,1,3752,32,6.8,4,0.12,0
2025-04-13,2,5,2,3567,60,6.8,5,0.13,0
2025-04-13,2,6,3,4214,64,6.88,6,0.18,0
2025-04-13,4,1,3,4835,8,6.85,1,0.12,0
2025-04-13,4,2,1,5000,34,6.8,2,0.09,0
2025-04-13,4,3,2,5054,43,6.82,3,0.16,0
2025-04-13,4,4,4,3982,38,6.84,4,0.14,0
2025-04-13,4,5,5,4442,61,6.78,5,0.23,0
2025-04-13,4,6,6,3631,13,6.7,6,0.19,0
2025-04-13,8,1,2,4700,33,6.82,1,0.09,0
2025-04-13,8,2,1,4438,23,6.8,2,0.11,0
2025-04-13,8,3,3,3752,32,6.73,3,0.15,0
2025-04-13,8,4,4,4214,64,6.82,4,0.22,0
2025-04-13,8,5,5,4162,15,6.79,5,0.23,0
2025-04-13,8,6,6,3286,40,6.82,6,0.29,0
2025-04-13,12,1,4,4816,21,6.8,1,0.15,0
2025-04-13,12,2,1,3997,36,6.74,2,0.19,0
2025-04-13,12,3,3,3876,7,6.67,3,0.19,0
2025-04-13,12,4,6,4644,41,6.77,4,0.12,0
2025-04-13,12,5,2,4713,9,6.81,5,0.15,0
2025-04-13,12,6,5,3873,57,6.82,6,0.19,0
2025-04-16,1,1,6,5215,9,6.87,1,0.31,0
2025-04-16,1,2,1,4103,1,6.99,2,0.25,0
2025-04-16,1,3,2,3527,40,6.98,4,0.27,0
2025-04-16,1,4,5,4952,39,6.85,5,0.32,0
2025-04-16,1,5,3,3455,48,6.92,6,0.22,0
2025-04-16,1,6,4,4301,56,6.96,3,0.16,0
2025-04-16,9,1,2,4210,66,6.94,1,0.13,0
2025-04-16,9,2,3,4263,46,6.96,2,0.15,0
2025-04-16,9,3,6,4131,54,6.9,3,0.21,0
2025-04-16,9,4,1,4276,47,6.93,4,0.1,0
2025-04-16,9,5,5,4506,20,6.93,5,0.14,0
2025-04-16,9,6,4,3618,15,6.92,6,0.23,0
2025-04-16,10,1,3,4161,13,6.81,1,0.42,0
2025-04-16,10,2,6,4239,24,6.94,3,0.26,0
2025-04-16,10,3,2,4140,38,6.98,4,0.26,0
2025-04-16,10,4,1,3920,50,6.91,2,0.28,0
2025-04-16,10,5,5,3975,21,6.87,5,0.25,0
2025-04-16,10,6,4,3702,58,6.92,6,0.32,0
2025-04-16,12,1,2,3897,37,6.95,1,0.19,0
2025-04-16,12,2,1,4074,31,7.01,2,0.21,0
2025-04-16,12,3,5,3576,6,6.87,3,0.18,0
2025-04-16,12,4,4,4939,44,6.87,4,0.19,0
2025-04-16,12,5,6,4488,10,6.9,5,0.17,0
2025-04-16,12,6,3,4590,11,6.95,6,0.16,0
2025-04-17,2,1,4,4213,23,6.92,1,0.17,0
2025-04-17,2,2,3,4714,29,6.99,3,0.26,0
2025-04-17,2,3,1,4301,56,6.91,2,0.15,0
2025-04-17,2,4,6,3893,2,6.93,4,0.18,0
2025-04-17,2,5,5,3915,18,6.93,5,0.21,0
2025-04-17,2,6,2,4488,10,6.95,6,0.2,0
2025-04-17,4,1,5,4252,25,6.94,1,0.2,0
2025-04-17,4,2,4,4725,65,6.92,2,0.26,0
2025-04-17,4,3,3,4210,66,6.96,3,0.17,0
2025-04-17,4,4,2,4319,5,6.93,4,0.21,0
2025-04-17,4,5,1,5215,9,6.92,5,0.22,0
2025-04-17,4,6,6,4408,55,6.93,6,0.2,0
2025-04-17,7,1,3,4301,56,6.94,1,0.13,0
2025-04-17,7,2,1,4140,38,7.0,2,0.17,0
2025-04-17,7,3,2,4625,51,6.91,3,0.13,0
2025-04-17,7,4,5,5299,4,6.95,6,0.28,0
2025-04-17,7,5,4,4590,11,6.92,4,0.12,0
2025-04-17,7,6,6,4276,47,6.91,5,0.24,0
2025-04-17,9,1,4,4925,62,6.82,1,0.12,0
2025-04-17,9,2,6,4529,27,6.89,2,0.09,0
2025-04-17,9,3,5,4518,3,6.81,3,0.24,0
2025-04-17,9,4,1,4210,66,7.0,5,0.08,0
2025-04-17,9,5,2,4952,39,6.91,6,0.11,0
2025-04-17,9,6,3,3897,37,6.91,4,0.21,0
2025-04-17,11,1,2,3576,6,6.89,1,0.09,0
2025-04-17,11,2,1,4488,10,6.98,2,0.11,0
2025-04-17,11,3,6,4319,5,6.95,3,0.19,0
2025-04-17,11,4,3,4161,13,6.94,4,0.26,0
2025-04-17,11,5,4,4140,38,7.02,5,0.19,0
2025-04-17,11,6,5,4263,46,7.02,6,0.13,0
2025-04-18,3,1,3,4714,29,6.89,1,0.14,0
2025-04-18,3,2,1,4939,44,6.87,2,0.15,0
2025-04-18,3,3,6,5215,9,6.81,6,0.19,0
2025-04-18,3,4,2,5085,41,6.91,3,0.15,0
2025-04-18,3,5,4,4263,46,6.95,4,0.09,0
2025-04-18,3,6,5,4252,25,6.88,5,0.14,0
2025-04-18,4,1,4,4408,55,6.87,1,0.07,0
2025-04-18,4,2,1,4074,31,6.84,2,0.11,0
2025-04-18,4,3,2,4952,39,6.88,3,0.13,0
2025-04-18,4,4,5,4708,52,6.95,4,0.16,0
2025-04-18,4,5,3,3611,43,6.93,5,0.21,0
2025-04-18,4,6,6,4131,54,6.97,6,0.19,0
2025-04-18,5,1,2,3893,2,6.98,1,0.09,0
2025-04-18,5,2,5,3920,50,7.03,2,0.13,0
2025-04-18,5,3,1,4260,30,7.04,3,0.15,0
2025-04-18,5,4,3,4506,20,6.99,4,0.1,0
2025-04-18,5,5,4,3897,37,6.89,5,0.13,0
2025-04-18,5,6,6,4319,5,6.91,6,0.32,0
2025-04-18,7,1,6,5299,4,6.96,1,0.19,0
2025-04-18,7,2,3,4210,66,6.97,2,0.22,0
2025-04-18,7,3,5,4714,29,7.03,3,0.22,0
2025-04-18,7,4,4,4725,65,6.99,4,0.19,0
2025-04-18,7,5,1,3576,6,6.94,5,0.16,0
2025-04-18,7,6,2,3975,21,6.93,6,0.15,0
2025-04-18,8,1,2,4140,38,7.03,1,0.17,0
2025-04-18,8,2,5,4925,62,6.94,2,0.15,0
2025-04-18,8,3,1,4529,27,6.91,3,0.1,0
2025-04-18,8,4,3,3611,43,6.93,4,0.11,0
2025-04-18,8,5,4,3527,40,7.01,5,0.13,0
2025-04-18,8,6,6,5215,9,6.91,6,0.17,0
2025-04-18,9,1,2,4260,30,6.98,1,0.16,0
2025-04-18,9,2,1,4590,11,6.88,2,0.11,0
2025-04-18,9,3,3,4488,10,7.01,3,0.09,0
2025-04-18,9,4,4,4408,55,6.95,4,0.17,0
2025-04-18,9,5,5,5114,63,6.94,5,0.19,0
2025-04-18,9,6,6,3455,48,6.86,6,0.19,0
2025-04-19,4,1,2,3455,48,7.01,1,0.06,0
2025-04-19,4,2,1,4276,47,6.93,2,0.04,0
2025-04-19,4,3,3,4894,7,6.94,3,0.09,0
2025-04-19,4,4,4,4714,29,7.02,4,0.16,0
2025-04-19,4,5,6,3975,21,6.94,5,0.16,0
2025-04-19,4,6,5,4140,38,7.0,6,0.15,0
2025-04-19,5,1,3,4263,46,6.92,2,0.1,0
2025-04-19,5,2,1,4301,56,6.98,1,0.15,0
2025-04-19,5,3,5,4725,65,6.97,3,0.43,0
2025-04-19,5,4,2,4590,11,6.91,4,0.1,0
2025-04-19,5,5,6,4939,44,7.01,5,0.11,0
2025-04-19,5,6,4,4625,51,6.9,6,0.07,0
2025-04-19,7,1,2,4151,60,6.86,1,0.13,0
2025-04-19,7,2,1,3897,37,6.94,2,0.14,0
2025-04-19,7,3,3,3576,6,6.96,3,0.15,0
2025-04-19,7,4,6,4408,55,6.9,4,0.15,0
2025-04-19,7,5,4,4213,23,6.97,5,0.14,0
2025-04-19,7,6,5,4529,27,6.99,6,0.19,0
2025-04-20,1,1,2,4894,7,6.9,1,0.19,0
2025-04-20,1,2,1,4725,65,6.9,2,0.13,0
2025-04-20,1,3,3,5114,63,6.86,3,0.14,0
2025-04-20,1,4,5,4952,39,6.84,4,0.21,0
2025-04-20,1,5,4,4252,25,6.87,5,0.23,0
2025-04-20,1,6,6,5215,9,6.81,6,0.24,0
2025-04-20,6,1,2,3618,15,6.93,1,0.16,0
2025-04-20,6,2,6,4213,23,7.04,2,0.16,0
2025-04-20,6,3,1,3975,21,6.93,3,0.09,0
2025-04-20,6,4,5,4161,13,6.94,4,0.08,0
2025-04-20,6,5,4,3893,2,7.0,5,0.13,0
2025-04-20,6,6,3,4708,52,7.02,6,0.12,0
2025-04-20,9,1,3,4488,10,6.92,1,0.16,0
2025-04-20,9,2,2,4939,44,6.96,2,0.21,0
2025-04-20,9,3,5,3527,40,7.0,3,0.37,0
2025-04-20,9,4,4,4210,66,7.05,4,0.38,0
2025-04-20,9,5,6,4301,56,7.03,5,0.35,0
2025-04-20,9,6,1,4506,20,6.91,6,0.16,0
2025-04-20,11,1,6,4590,11,6.9,1,0.12,0
2025-04-20,11,2,2,3897,37,6.91,2,0.19,0
2025-04-20,11,3,1,4276,47,6.83,3,0.13,0
2025-04-20,11,4,3,3975,21,6.89,4,0.19,0
2025-04-20,11,5,5,4140,38,6.99,5,0.2,0
2025-04-20,11,6,4,4263,46,6.9,6,0.23,0
2025-04-21,1,1,2,4708,52,6.9,1,0.27,0
2025-04-21,1,2,3,4252,25,6.81,2,0.24,0
2025-04-21,1,3,5,4213,23,6.94,3,0.21,0
2025-04-21,1,4,1,4429,61,6.87,4,0.22,0
2025-04-21,1,5,4,5085,41,6.93,5,0.26,0
2025-04-21,1,6,6,5215,9,6.86,6,0.27,0
2025-04-21,2,1,6,5114,63,6.8,1,0.17,0
2025-04-21,2,2,5,3893,2,6.93,3,0.28,0
2025-04-21,2,3,1,4131,54,6.85,4,0.15,0
2025-04-21,2,4,4,3920,50,6.94,2,0.2,0
2025-04-21,2,5,2,3611,43,6.88,5,0.15,0
2025-04-21,2,6,3,4894,7,6.9,6,0.21,0
2025-04-21,6,1,6,4210,66,6.94,1,0.19,0
2025-04-21,6,2,3,4894,7,6.96,2,0.18,0
2025-04-21,6,3,1,4074,31,6.89,3,0.14,0
2025-04-21,6,4,2,4263,46,7.02,4,0.11,0
2025-04-21,6,5,5,4131,54,6.9,5,0.15,0
2025-04-21,6,6,4,4429,61,6.95,6,0.31,0
2025-04-21,7,1,5,5218,35,6.86,1,0.07,0
2025-04-21,7,2,1,4590,11,6.83,2,0.14,0
2025-04-21,7,3,6,4714,29,6.97,3,0.17,0
2025-04-21,7,4,3,3893,2,6.97,4,0.17,0
2025-04-21,7,5,4,4213,23,6.93,5,0.21,0
2025-04-21,7,6,2,3611,43,6.91,6,0.23,0
2025-04-21,8,1,2,4140,38,6.93,1,0.11,0
2025-04-21,8,2,1,4319,5,6.96,2,0.12,0
2025-04-21,8,3,3,3920,50,6.79,3,0.12,0
2025-04-21,8,4,6,4925,62,6.91,4,0.12,0
2025-04-21,8,5,4,4408,55,6.94,5,0.12,0
2025-04-21,8,6,5,4301,56,6.99,6,0.18,0
2025-04-21,10,1,2,4488,10,6.91,1,0.21,0
2025-04-21,10,2,3,3975,21,6.88,2,0.2,0
2025-04-21,10,3,1,4263,46,6.93,3,0.15,0
2025-04-21,10,4,4,3527,40,7.02,4,0.15,0
2025-04-21,10,5,6,4708,52,6.95,5,0.15,0
2025-04-21,10,6,5,4625,51,6.96,6,0.18,0
2025-04-21,12,1,5,3576,6,6.89,1,0.29,0
2025-04-21,12,2,1,4276,47,6.8,2,0.16,0
2025-04-21,12,3,2,4506,20,6.94,3,0.16,0
2025-04-21,12,4,4,4939,44,6.98,4,0.21,0
2025-04-21,12,5,3,3897,37,6.91,5,0.23,0
2025-04-21,12,6,6,4151,60,6.93,6,0.19,0
2025-04-28,1,1,4,4220,30,6.71,1,0.26,0
2025-04-28,1,2,1,5229,44,6.71,2,0.15,0
2025-04-28,1,3,3,4100,32,6.75,3,0.15,0
2025-04-28,1,4,5,5271,54,6.71,5,0.19,0
2025-04-28,1,5,6,5324,29,6.72,6,0.24,0
2025-04-28,1,6,2,3778,62,6.77,4,0.25,0
2025-04-28,2,1,4,3518,55,6.69,1,0.18,0
2025-04-28,2,2,1,4957,45,6.67,2,0.19,0
2025-04-28,2,3,2,4753,49,6.74,3,0.23,0
2025-04-28,2,4,5,4720,1,6.74,4,0.31,0
2025-04-28,2,5,6,4572,33,6.84,6,0.19,0
2025-04-28,2,6,3,3813,58,6.82,5,0.18,0
2025-04-28,3,1,6,4367,2,6.75,1,0.34,0
2025-04-28,3,2,1,4533,51,6.69,3,0.13,0
2025-04-28,3,3,3,4819,12,6.77,4,0.12,0
2025-04-28,3,4,4,4487,57,6.67,5,0.11,0
2025-04-28,3,5,5,5153,3,6.76,6,0.13,0
2025-04-28,3,6,2,4677,35,6.78,2,0.2,0
2025-04-28,5,1,2,4039,64,6.87,1,0.04,0
2025-04-28,5,2,3,5206,6,6.8,2,0.08,0
2025-04-28,5,3,1,4076,14,6.78,3,0.14,0
2025-04-28,5,4,4,5131,22,6.78,4,0.18,0
2025-04-28,5,5,6,4589,4,6.77,5,0.19,0
2025-04-28,5,6,5,4514,8,6.86,6,0.17,0
2025-04-28,6,1,2,4561,7,6.69,1,0.21,0
2025-04-28,6,2,5,4902,16,6.75,2,0.16,0
2025-04-28,6,3,1,4928,48,6.75,3,0.16,0
2025-04-28,6,4,3,5111,66,6.77,4,0.17,0
2025-04-28,6,5,4,5271,54,6.73,5,0.17,0
2025-04-28,6,6,6,4204,50,6.73,6,0.22,0
2025-04-28,11,1,2,4677,35,6.67,1,0.12,0
2025-04-28,11,2,4,5111,66,6.7,3,0.14,0
2025-04-28,11,3,3,4589,4,6.73,2,0.15,0
2025-04-28,11,4,1,4957,45,6.69,4,0.12,0
2025-04-28,11,5,5,4449,38,6.71,5,0.14,0
2025-04-28,11,6,6,4100,32,6.77,6,0.22,0
2025-04-29,1,1,2,3778,62,6.69,1,0.08,0
2025-04-29,1,2,3,5131,22,6.74,2,0.18,0
2025-04-29,1,3,1,4220,30,6.7,3,0.21,0
2025-04-29,1,4,4,4902,16,6.7,4,0.3,0
2025-04-29,1,5,5,4495,24,6.72,5,0.28,0
2025-04-29,1,6,6,3981,36,6.67,6,0.28,0
2025-04-29,3,1,6,4204,50,6.67,1,0.19,0
2025-04-29,3,2,3,4684,34,6.7,2,0.12,0
2025-04-29,3,3,2,4794,27,6.71,3,0.19,0
2025-04-29,3,4,5,5153,3,6.76,5,0.06,0
2025-04-29,3,5,4,5229,44,6.7,6,0.06,0
2025-04-29,3,6,1,4356,56,6.73,4,0.12,0
2025-04-29,5,1,6,4100,32,6.74,1,0.12,0
2025-04-29,5,2,2,4677,35,6.7,2,0.13,0
2025-04-29,5,3,3,4720,1,6.73,3,0.17,0
2025-04-29,5,4,1,5206,6,6.7,4,0.07,0
2025-04-29,5,5,5,4487,57,6.69,5,0.14,0
2025-04-29,5,6,4,5257,53,6.74,6,0.15,0
2025-04-29,6,1,2,3643,5,6.7,1,0.19,0
2025-04-29,6,2,3,4753,49,6.7,2,0.22,0
2025-04-29,6,3,4,4819,12,6.7,4,0.22,0
2025-04-29,6,4,1,4686,19,6.69,3,0.19,0
2025-04-29,6,5,5,5131,22,6.74,5,0.21,0
2025-04-29,6,6,6,5324,29,6.74,6,0.28,0
2025-04-30,3,1,5,4449,38,6.63,3,0.18,0
2025-04-30,3,2,1,3981,36,6.64,1,0.15,0
2025-04-30,3,3,4,4487,57,6.65,2,0.19,0
2025-04-30,3,4,2,5257,53,6.65,4,0.25,0
2025-04-30,3,5,6,5131,22,6.73,5,0.31,0
2025-04-30,3,6,3,4928,48,6.69,6,0.17,0
2025-04-30,4,1,2,5206,6,6.64,1,0.22,0
2025-04-30,4,2,3,3813,58,6.74,2,0.13,0
2025-04-30,4,3,5,5109,17,6.68,3,0.15,0
2025-04-30,4,4,1,4684,34,6.73,4,0.17,0
2025-04-30,4,5,4,4753,49,6.71,5,0.15,0
2025-04-30,4,6,6,4589,4,6.69,6,0.11,0
2025-04-30,5,1,4,3643,5,6.71,1,0.17,0
2025-04-30,5,2,3,4204,50,6.69,2,0.19,0
2025-04-30,5,3,6,4794,27,6.68,3,0.12,0
2025-04-30,5,4,1,4076,14,6.73,4,0.18,0
2025-04-30,5,5,2,4757,26,6.75,5,0.11,0
2025-04-30,5,6,5,4720,1,6.71,6,0.14,0
2025-04-30,12,1,5,4819,12,6.7,1,0.08,0
2025-04-30,12,2,6,4561,7,6.59,2,0.14,0
2025-04-30,12,3,2,4753,49,6.75,3,0.14,0
2025-04-30,12,4,1,5111,66,6.68,4,0.11,0
2025-04-30,12,5,4,4100,32,6.72,5,0.16,0
2025-04-30,12,6,3,4572,33,6.78,6,0.16,0
2025-05-01,2,1,2,4720,1,6.69,1,0.19,0
2025-05-01,2,2,4,4355,61,6.65,2,0.35,0
2025-05-01,2,3,5,4204,50,6.65,3,0.33,0
2025-05-01,2,4,1,3981,36,6.66,4,0.21,0
2025-05-01,2,5,3,4572,33,6.7,5,0.18,0
2025-05-01,2,6,6,5324,29,6.7,6,0.31,0
2025-05-01,5,1,2,5229,44,6.69,1,0.14,0
2025-05-01,5,2,4,4589,4,6.62,2,0.22,0
2025-05-01,5,3,1,4514,8,6.68,3,0.2,0
2025-05-01,5,4,3,4100,32,6.64,4,0.21,0
2025-05-01,5,5,5,4819,12,6.74,5,0.23,0
2025-05-01,5,6,6,4449,38,6.7,6,0.28,0
2025-05-01,9,1,3,4684,34,6.82,1,0.12,0
2025-05-01,9,2,2,4789,28,6.87,2,0.09,0
2025-05-01,9,3,4,4220,30,6.85,3,0.06,0
2025-05-01,9,4,5,4572,33,6.92,5,0.1,0
2025-05-01,9,5,1,4589,4,6.76,4,0.05,0
2025-05-01,9,6,6,4819,12,6.85,6,0.16,0
2025-05-01,10,1,4,5206,6,6.71,1,0.07,0
2025-05-01,10,2,1,4076,14,6.89,2,0.16,0
2025-05-01,10,3,2,4794,27,6.73,3,0.12,0
2025-05-01,10,4,3,4514,8,6.81,4,0.17,0
2025-05-01,10,5,6,4355,61,6.81,5,0.14,0
2025-05-01,10,6,5,3643,5,6.86,6,0.15,0
2025-05-01,12,1,2,4686,19,6.74,1,0.16,0
2025-05-01,12,2,1,4957,45,6.73,3,0.15,0
2025-05-01,12,3,6,4928,48,6.77,4,0.13,0
2025-05-01,12,4,4,4677,35,6.81,5,0.15,0
2025-05-01,12,5,3,4757,26,6.83,6,0.17,0
2025-05-01,12,6,5,4356,56,6.83,2,0.21,0
2025-05-04,2,1,2,3910,4,6.83,1,0.26,0
2025-05-04,2,2,6,5241,9,6.84,3,0.32,0
2025-05-04,2,3,4,4776,1,6.86,4,0.37,0
2025-05-04,2,4,3,5291,59,6.88,6,0.3,0
2025-05-04,2,5,1,3543,52,6.92,5,0.25,0
2025-05-04,2,6,5,3568,64,6.9,2,0.31,0
2025-05-04,3,1,2,3701,21,6.96,1,0.05,0
2025-05-04,3,2,1,4154,66,6.87,2,0.09,0
2025-05-04,3,3,4,3442,7,6.94,3,0.09,0
2025-05-04,3,4,6,4034,65,6.95,4,0.13,0
2025-05-04,3,5,5,4642,15,6.94,5,0.09,0
2025-05-04,3,6,3,5224,33,6.95,6,0.15,0
2025-05-04,4,1,2,3578,40,6.94,1,0.08,0
2025-05-04,4,2,1,4564,36,6.87,2,0.19,0
2025-05-04,4,3,3,5257,37,6.88,3,0.14,0
2025-05-04,4,4,6,5032,39,6.87,5,0.26,0
2025-05-04,4,5,5,3832,43,6.9,6,0.19,0
2025-05-04,4,6,4,4739,14,6.97,4,0.2,0
2025-05-04,5,1,2,4821,31,6.93,1,0.23,0
2025-05-04,5,2,4,3849,45,6.92,2,0.18,0
2025-05-04,5,3,6,4343,23,6.99,3,0.19,0
2025-05-04,5,4,1,5043,20,6.87,4,0.17,0
2025-05-04,5,5,3,5339,54,6.95,5,0.19,0
2025-05-04,5,6,5,3907,47,6.89,6,0.22,0
2025-05-04,6,1,4,3975,19,6.84,1,0.17,0
2025-05-04,6,2,2,4020,58,6.91,2,0.19,0
2025-05-04,6,3,3,4452,53,6.91,3,0.13,0
2025-05-04,6,4,1,4459,11,6.94,4,0.11,0
2025-05-04,6,5,6,5265,25,6.9,5,0.29,0
2025-05-04,6,6,5,5407,28,6.95,6,0.28,0
2025-05-04,7,1,3,5136,18,6.84,1,0.11,0
2025-05-04,7,2,1,4931,27,6.91,2,0.15,0
2025-05-04,7,3,4,4010,2,6.94,3,0.13,0
2025-05-04,7,4,6,3910,4,6.91,4,0.16,0
2025-05-04,7,5,2,3908,46,6.93,5,0.23,0
2025-05-04,7,6,5,4034,65,6.88,6,0.24,0
2025-05-04,9,1,2,4776,1,6.94,1,0.04,0
2025-05-04,9,2,1,4852,49,6.9,2,0.08,0
2025-05-04,9,3,4,3478,10,7.01,3,0.14,0
2025-05-04,9,4,3,3907,47,6.85,4,0.21,0
2025-05-04,9,5,6,4564,36,6.9,5,0.17,0
2025-05-04,9,6,5,3442,7,6.98,6,0.18,0
2025-05-04,10,1,2,4348,63,6.85,1,0.11,0
2025-05-04,10,2,5,4260,13,6.91,2,0.22,0
2025-05-04,10,3,1,4643,57,6.86,3,0.07,0
2025-05-04,10,4,6,3568,64,6.83,4,0.2,0
2025-05-04,10,5,3,3975,19,6.82,5,0.22,0
2025-05-04,10,6,4,3553,51,6.93,6,0.2,0
2025-05-05,1,1,2,3442,7,6.94,1,0.19,0
2025-05-05,1,2,1,4823,6,6.86,2,0.19,0
2025-05-05,1,3,5,5291,59,6.89,3,0.28,0
2025-05-05,1,4,6,3578,40,6.94,4,0.23,0
2025-05-05,1,5,3,3401,41,6.91,5,0.25,0
2025-05-05,1,6,4,4343,23,6.87,6,0.24,0
2025-05-05,2,1,3,4020,58,6.92,1,0.09,0
2025-05-05,2,2,4,5032,39,6.82,2,0.04,0
2025-05-05,2,3,2,4348,63,6.88,3,0.04,0
2025-05-05,2,4,1,3832,43,6.82,4,0.06,0
2025-05-05,2,5,6,5326,60,6.85,5,0.11,0
2025-05-05,2,6,5,5218,17,6.85,6,0.15,0
2025-05-05,3,1,6,5241,9,6.82,1,0.25,0
2025-05-05,3,2,3,3975,19,6.78,2,0.2,0
2025-05-05,3,3,5,3910,4,6.85,3,0.19,0
2025-05-05,3,4,1,4739,14,6.91,4,0.11,0
2025-05-05,3,5,4,3701,21,6.9,5,0.07,0
2025-05-05,3,6,2,5339,54,6.89,6,0.17,0
2025-05-05,4,1,2,3568,64,6.8,1,0.24,0
2025-05-05,4,2,1,5257,37,6.86,2,0.26,0
2025-05-05,4,3,3,5136,18,6.81,3,0.22,0
2025-05-05,4,4,4,4450,56,6.83,4,0.23,0
2025-05-05,4,5,5,4821,31,6.94,5,0.24,0
2025-05-05,4,6,6,5407,28,6.93,6,0.35,0
2025-05-05,6,1,2,4260,13,6.97,1,0.22,0
2025-05-05,6,2,4,3478,10,6.95,2,0.26,0
2025-05-05,6,3,5,3908,46,6.86,3,0.35,0
2025-05-05,6,4,1,4642,15,6.85,4,0.17,0
2025-05-05,6,5,3,4034,65,6.9,5,0.2,0
2025-05-05,6,6,6,5265,25,6.91,6,0.22,0
2025-05-05,9,1,2,3849,45,6.88,1,0.05,0
2025-05-05,9,2,6,4343,23,6.97,2,0.09,0
2025-05-05,9,3,1,5032,39,6.86,3,0.06,0
2025-05-05,9,4,4,3975,19,6.94,4,0.12,0
2025-05-05,9,5,3,4450,56,6.89,5,0.13,0
2025-05-05,9,6,5,4154,66,6.88,6,0.16,0
2025-05-05,12,1,2,3908,46,6.92,1,0.08,0
2025-05-05,12,2,1,4643,57,6.9,2,0.07,0
2025-05-05,12,3,4,5043,20,6.88,3,0.11,0
2025-05-05,12,4,5,4348,63,6.94,4,0.27,0
2025-05-05,12,5,3,4776,1,6.96,5,0.2,0
2025-05-05,12,6,6,5136,18,6.92,6,0.18,0
2025-05-06,2,1,4,4010,2,6.91,1,0.21,0
2025-05-06,2,2,6,5291,59,6.97,2,0.2,0
2025-05-06,2,3,1,3907,47,6.82,3,0.14,0
2025-05-06,2,4,3,4020,58,6.83,4,0.18,0
2025-05-06,2,5,2,3849,45,6.83,5,0.12,0
2025-05-06,2,6,5,4564,36,6.91,6,0.2,0
2025-05-06,3,1,2,4154,66,6.85,1,0.16,0
2025-05-06,3,2,3,3553,51,6.95,2,0.21,0
2025-05-06,3,3,1,4450,56,6.81,3,0.15,0
2025-05-06,3,4,5,5326,60,6.92,5,0.22,0
2025-05-06,3,5,6,3568,64,6.84,4,0.19,0
2025-05-06,3,6,4,4852,49,6.88,6,0.16,0
2025-05-06,4,1,5,3832,43,6.84,1,0.21,0
2025-05-06,4,2,6,3910,4,6.9,2,0.18,0
2025-05-06,4,3,4,5224,33,6.91,3,0.22,0
2025-05-06,4,4,1,5136,18,6.9,4,0.11,0
2025-05-06,4,5,3,5339,54,6.96,5,0.15,0
2025-05-06,4,6,2,4823,6,6.94,6,0.21,0
2025-05-06,9,1,5,4452,53,6.88,1,0.15,0
2025-05-06,9,2,1,4739,14,6.92,2,0.18,0
2025-05-06,9,3,2,3908,46,6.91,4,0.18,0
2025-05-06,9,4,4,3478,10,7.07,3,0.21,0
2025-05-06,9,5,3,3553,51,7.0,5,0.16,0
2025-05-06,9,6,6,5339,54,6.99,6,0.16,0
2025-05-07,1,1,6,4343,23,6.95,1,0.19,0
2025-05-07,1,2,5,5291,59,6.93,5,0.22,0
2025-05-07,1,3,1,4154,66,6.8,2,0.18,0
2025-05-07,1,4,3,5339,54,6.95,6,0.15,0
2025-05-07,1,5,4,3578,40,6.9,4,0.35,0
2025-05-07,1,6,2,3701,21,6.95,3,0.12,0
2025-05-07,2,1,5,4034,65,6.88,1,0.24,0
2025-05-07,2,2,1,5043,20,6.77,2,0.23,0
2025-05-07,2,3,6,4020,58,6.88,4,0.49,0
2025-05-07,2,4,2,4452,53,6.9,3,0.37,0
2025-05-07,2,5,3,3543,52,6.9,5,0.27,0
2025-05-07,2,6,4,4821,31,6.86,6,0.21,0
2025-05-07,4,1,3,3553,51,6.86,1,0.18,0
2025-05-07,4,2,5,3568,64,6.81,2,0.15,0
2025-05-07,4,3,1,4739,14,6.88,3,0.14,0
2025-05-07,4,4,6,5218,17,6.87,4,0.15,0
2025-05-07,4,5,2,4260,13,6.93,5,0.2,0
2025-05-07,4,6,4,3401,41,6.9,6,0.21,0
2025-05-07,5,1,4,4823,6,6.87,1,0.15,0
2025-05-07,5,2,1,4931,27,6.89,2,0.14,0
2025-05-07,5,3,2,5136,18,6.82,3,0.09,0
2025-05-07,5,4,5,4343,23,6.87,5,0.12,0
2025-05-07,5,5,3,5257,37,6.83,4,0.08,0
2025-05-07,5,6,6,5407,28,6.86,6,0.11,0
2025-05-07,6,1,4,4852,49,6.81,1,0.16,0
2025-05-07,6,2,3,3701,21,6.86,2,0.13,0
2025-05-07,6,3,1,3849,45,6.83,3,0.13,0
2025-05-07,6,4,2,4643,57,6.85,4,0.06,0
2025-05-07,6,5,5,4010,2,6.91,5,0.26,0
2025-05-07,6,6,6,5326,60,6.79,6,0.22,0
2025-05-07,9,1,2,5218,17,6.89,1,0.14,0
2025-05-07,9,2,5,4642,15,6.91,2,0.22,0
2025-05-07,9,3,1,4450,56,6.76,3,0.16,0
2025-05-07,9,4,3,4823,6,6.84,4,0.15,0
2025-05-07,9,5,4,5291,59,6.95,5,0.19,0
2025-05-07,9,6,6,5265,25,6.79,6,0.2,0
2025-05-07,11,1,3,3908,46,6.94,1,0.16,0
2025-05-07,11,2,2,4852,49,6.88,2,0.13,0
2025-05-07,11,3,6,4452,53,6.9,3,0.14,0
2025-05-07,11,4,1,4154,66,6.86,4,0.21,0
2025-05-07,11,5,4,4931,27,6.89,5,0.16,0
2025-05-07,11,6,5,4348,63,6.93,6,0.22,0
2025-05-08,1,1,2,4823,6,6.86,1,0.15,0
2025-05-08,1,2,4,4020,58,6.84,2,0.19,0
2025-05-08,1,3,1,5291,59,6.83,3,0.18,0
2025-05-08,1,4,6,3832,43,6.77,4,0.18,0
2025-05-08,1,5,3,4154,66,6.79,5,0.18,0
2025-05-08,1,6,5,5407,28,6.94,6,0.18,0
2025-05-08,4,1,2,4821,31,6.76,1,0.15,0
2025-05-08,4,2,3,4452,53,6.82,3,0.11,0
2025-05-08,4,3,6,3578,40,6.91,4,0.12,0
2025-05-08,4,4,4,5339,54,6.82,5,0.11,0
2025-05-08,4,5,1,3849,45,6.76,2,0.03,0
2025-05-08,4,6,5,4739,14,6.85,6,0.14,0
2025-05-08,5,1,2,3701,21,6.88,1,0.11,0
2025-05-08,5,2,1,3907,47,6.74,2,0.09,0
2025-05-08,5,3,5,4776,1,6.88,3,0.08,0
2025-05-08,5,4,4,3442,7,6.9,4,0.07,0
2025-05-08,5,5,3,5241,9,6.84,5,0.05,0
2025-05-08,5,6,6,5043,20,6.8,6,0.08,0
2025-05-08,7,1,6,5136,18,6.79,1,0.1,0
2025-05-08,7,2,4,5032,39,6.84,2,0.13,0
2025-05-08,7,3,1,4459,11,6.88,3,0.12,0
2025-05-08,7,4,2,4020,58,6.8,4,0.16,0
2025-05-08,7,5,3,3975,19,6.77,5,0.15,0
2025-05-08,7,6,5,4643,57,6.76,6,0.14,0
2025-05-08,9,1,3,4739,14,6.91,1,0.13,0
2025-05-08,9,2,6,4154,66,6.77,2,0.17,0
2025-05-08,9,3,1,5257,37,6.79,3,0.12,0
2025-05-08,9,4,2,4776,1,6.9,4,0.16,0
2025-05-08,9,5,5,3907,47,6.83,5,0.18,0
2025-05-08,9,6,4,3478,10,6.99,6,0.18,0
2025-05-09,1,1,3,3553,51,6.92,1,0.14,0
2025-05-09,1,2,1,3910,4,6.95,2,0.19,0
2025-05-09,1,3,5,3568,64,6.92,3,0.21,0
2025-05-09,1,4,4,5291,59,6.93,4,0.2,0
2025-05-09,1,5,6,4020,58,6.88,5,0.16,0
2025-05-09,1,6,2,5265,25,6.88,6,0.18,0
2025-05-09,2,1,2,4154,66,6.83,1,0.09,0
2025-05-09,2,2,6,4343,23,6.94,2,0.15,0
2025-05-09,2,3,1,5032,39,6.89,3,0.1,0
2025-05-09,2,4,3,5326,60,6.85,4,0.15,0
2025-05-09,2,5,5,5218,17,6.82,5,0.12,0
2025-05-09,2,6,4,3401,41,6.96,6,0.21,0
2025-05-09,8,1,2,4931,27,6.97,1,0.11,0
2025-05-09,8,2,1,3543,52,6.94,2,0.12,0
2025-05-09,8,3,3,3578,40,6.95,3,0.14,0
2025-05-09,8,4,4,3975,19,6.86,4,0.19,0
2025-05-09,8,5,5,4034,65,7.02,5,0.19,0
2025-05-09,8,6,6,5326,60,6.92,6,0.15,0
2025-05-09,11,1,2,4739,14,6.95,1,0.15,0
2025-05-09,11,2,1,4931,27,7.11,2,0.14,0
2025-05-09,11,3,5,4450,56,6.93,3,0.12,0
2025-05-09,11,4,3,3849,45,7.0,4,0.09,0
2025-05-09,11,5,4,4154,66,6.99,5,0.09,0
2025-05-09,11,6,6,5136,18,6.99,6,0.11,0
2025-05-19,3,1,2,3714,60,6.86,1,0.11,0
2025-05-19,3,2,1,4718,61,6.88,2,0.08,0
2025-05-19,3,3,6,5235,32,6.91,6,0.12,0
2025-05-19,3,4,4,4676,24,6.97,3,0.19,0
2025-05-19,3,5,5,4978,17,6.87,4,0.19,0
2025-05-19,3,6,3,4732,54,6.9,5,0.14,0
2025-05-19,4,1,5,4116,48,6.87,1,0.12,0
2025-05-19,4,2,2,4731,34,6.81,3,0.02,0
2025-05-19,4,3,3,4549,16,6.77,4,0.07,0
2025-05-19,4,4,4,4911,50,6.84,5,0.03,0
2025-05-19,4,5,6,5382,2,6.94,6,0.1,0
2025-05-19,4,6,1,3623,62,6.93,2,0.03,0
2025-05-19,12,1,4,3541,52,6.75,1,0.15,0
2025-05-19,12,2,2,3623,62,6.82,2,0.17,0
2025-05-19,12,3,5,4732,54,6.92,3,0.21,0
2025-05-19,12,4,6,4959,26,6.73,4,0.16,0
2025-05-19,12,5,3,4099,37,6.83,5,0.16,0
2025-05-19,12,6,1,5015,39,6.87,6,0.19,0
2025-05-20,1,1,2,3855,3,6.89,1,0.18,0
2025-05-20,1,2,6,5235,32,6.91,2,0.15,0
2025-05-20,1,3,1,3714,60,6.85,3,0.11,0
2025-05-20,1,4,4,4271,51,6.93,4,0.27,0
2025-05-20,1,5,5,4911,50,6.86,5,0.15,0
2025-05-20,1,6,3,4116,48,6.91,6,0.21,0
2025-05-20,2,1,4,3294,9,6.93,1,0.22,0
2025-05-20,2,2,5,4676,24,6.94,2,0.23,0
2025-05-20,2,3,6,4626,55,6.9,3,0.28,0
2025-05-20,2,4,1,4892,38,6.79,4,0.18,0
2025-05-20,2,5,2,4423,5,6.86,5,0.15,0
2025-05-20,2,6,3,4000,63,6.84,6,0.16,0
2025-05-20,5,1,2,4232,18,6.94,1,0.15,0
2025-05-20,5,2,4,4978,17,6.84,3,0.18,0
2025-05-20,5,3,3,4379,30,6.9,4,0.19,0
2025-05-20,5,4,1,3623,62,6.87,2,0.17,0
2025-05-20,5,5,6,4558,56,6.87,5,0.16,0
2025-05-20,5,6,5,4220,29,6.81,6,0.14,0
2025-05-20,10,1,6,3623,62,6.91,1,0.19,0
2025-05-20,10,2,2,4099,37,6.91,2,0.22,0
2025-05-20,10,3,5,3855,3,6.89,3,0.24,0
2025-05-20,10,4,1,4293,49,6.95,4,0.17,0
2025-05-20,10,5,4,4892,38,6.86,5,0.18,0
2025-05-20,10,6,3,3497,31,6.85,6,0.16,0
2025-05-21,1,1,2,4423,5,6.86,1,0.23,0
2025-05-21,1,2,1,3497,31,6.91,2,0.31,0
2025-05-21,1,3,4,4220,29,6.89,3,0.29,0
2025-05-21,1,4,5,4978,17,6.95,4,0.27,0
2025-05-21,1,5,6,5235,32,6.94,5,0.21,0
2025-05-21,1,6,3,4676,24,6.97,6,0.08,0
2025-05-21,3,1,4,5083,40,6.88,1,0.19,0
2025-05-21,3,2,1,4036,64,6.91,2,0.1,0
2025-05-21,3,3,3,4911,50,6.97,3,0.05,0
2025-05-21,3,4,5,4406,28,6.89,4,0.11,0
2025-05-21,3,5,6,3617,33,6.92,5,0.15,0
2025-05-21,3,6,2,4395,35,6.97,6,0.16,0
2025-05-21,7,1,4,4345,8,7.06,1,0.19,0
2025-05-21,7,2,6,5235,32,7.0,3,0.25,0
2025-05-21,7,3,3,4298,1,6.84,4,0.19,0
2025-05-21,7,4,1,4892,38,6.83,5,0.17,0
2025-05-21,7,5,5,5249,7,6.87,6,0.13,0
2025-05-21,7,6,2,3623,62,6.88,2,0.13,0
2025-05-21,10,1,2,4293,49,6.93,1,0.15,0
2025-05-21,10,2,1,4718,61,6.89,2,0.14,0
2025-05-21,10,3,3,4549,16,6.87,3,0.15,0
2025-05-21,10,4,4,4000,63,6.97,4,0.21,0
2025-05-21,10,5,5,4036,64,6.89,5,0.22,0
2025-05-21,10,6,6,4345,8,6.97,6,0.21,0
2025-05-22,1,1,3,4911,50,6.99,1,0.16,0
2025-05-22,1,2,6,4116,48,6.93,2,0.17,0
2025-05-22,1,3,2,4232,18,6.88,3,0.19,0
2025-05-22,1,4,1,5352,12,6.91,4,0.15,0
2025-05-22,1,5,4,3294,9,6.94,5,0.15,0
2025-05-22,1,6,5,4423,5,6.92,6,0.15,0
2025-05-22,2,1,2,4978,17,6.87,1,0.17,0
2025-05-22,2,2,1,5238,4,6.9,2,0.22,0
2025-05-22,2,3,5,4406,28,6.88,3,0.24,0
2025-05-22,2,4,3,3855,3,6.94,4,0.34,0
2025-05-22,2,5,4,4549,16,6.87,5,0.31,0
2025-05-22,2,6,6,4376,41,6.89,6,0.26,0
2025-05-22,3,1,6,4626,55,6.91,1,0.15,0
2025-05-22,3,2,3,4220,29,6.9,2,0.18,0
2025-05-22,3,3,4,4035,22,6.93,3,0.17,0
2025-05-22,3,4,1,3617,33,6.94,4,0.08,0
2025-05-22,3,5,2,4395,35,6.93,5,0.04,0
2025-05-22,3,6,5,5382,2,6.88,6,0.04,0
2025-05-22,4,1,5,4676,24,7.01,1,0.19,0
2025-05-22,4,2,6,4271,51,6.93,2,0.13,0
2025-05-22,4,3,1,4099,37,6.92,3,0.16,0
2025-05-22,4,4,4,5235,32,7.01,4,0.19,0
2025-05-22,4,5,2,5107,44,6.91,5,0.18,0
2025-05-22,4,6,3,4892,38,6.9,6,0.33,0
2025-05-22,10,1,6,4731,34,6.8,1,0.17,0
2025-05-22,10,2,1,4549,16,6.81,2,0.21,0
2025-05-22,10,3,3,4298,1,6.71,3,0.26,0
2025-05-22,10,4,2,4035,22,6.76,4,0.25,0
2025-05-22,10,5,4,4036,64,6.76,5,0.24,0
2025-05-22,10,6,5,3714,60,6.9,6,0.19,0
2025-05-22,11,1,2,3541,52,6.79,1,0.19,0
2025-05-22,11,2,1,4959,26,6.76,2,0.16,0
2025-05-22,11,3,3,4000,63,6.85,3,0.18,0
2025-05-22,11,4,5,3497,31,6.75,4,0.26,0
2025-05-22,11,5,6,4072,25,6.8,5,0.18,0
2025-05-22,11,6,4,4345,8,6.93,6,0.2,0
2025-05-27,2,1,2,4719,51,6.79,1,0.06,0
2025-05-27,2,2,1,4571,50,6.68,6,0.06,0
2025-05-27,2,3,5,4477,59,6.84,2,0.09,0
2025-05-27,2,4,6,4387,26,6.79,3,0.12,0
2025-05-27,2,5,3,3388,10,6.9,4,0.12,0
2025-05-27,2,6,4,4445,37,6.81,5,0.11,0
2025-05-27,8,1,4,3415,38,6.86,1,0.18,0
2025-05-27,8,2,2,4024,57,6.82,2,0.14,0
2025-05-27,8,3,1,4847,47,6.84,3,0.13,0
2025-05-27,8,4,5,4546,58,6.84,4,0.12,0
2025-05-27,8,5,6,4571,50,6.75,6,0.19,0
2025-05-27,8,6,3,3721,40,6.98,5,0.13,0
2025-05-27,10,1,2,4337,4,6.84,1,0.14,0
2025-05-27,10,2,1,4459,34,6.88,2,0.15,0
2025-05-27,10,3,6,4719,51,6.92,3,0.18,0
2025-05-27,10,4,4,5163,9,6.84,4,0.19,0
2025-05-27,10,5,5,3783,64,6.84,5,0.25,0
2025-05-27,10,6,3,4963,23,6.88,6,0.26,0
2025-05-27,12,1,2,4238,30,6.83,1,0.05,0
2025-05-27,12,2,1,4320,39,6.76,2,0.12,0
2025-05-27,12,3,4,4371,43,6.9,3,0.12,0
2025-05-27,12,4,5,3941,19,6.9,4,0.12,0
2025-05-27,12,5,6,4262,35,6.87,5,0.16,0
2025-05-27,12,6,3,4418,56,6.74,6,0.17,0
2025-05-28,4,1,2,4546,58,6.92,1,0.12,0
2025-05-28,4,2,1,4166,16,6.92,2,0.11,0
2025-05-28,4,3,4,4760,31,6.9,3,0.09,0
2025-05-28,4,4,3,4362,46,6.83,4,0.06,0
2025-05-28,4,5,6,3941,19,6.84,5,0.07,0
2025-05-28,4,6,5,4500,1,6.92,6,0.08,0
2025-05-28,12,1,6,4262,35,6.77,1,0.1,0
2025-05-28,12,2,3,3897,61,6.96,2,0.12,0
2025-05-28,12,3,5,4024,57,6.8,3,0.11,0
2025-05-28,12,4,2,3783,64,6.92,4,0.15,0
2025-05-28,12,5,4,4914,54,6.91,5,0.14,0
2025-05-28,12,6,1,4571,50,6.66,6,0.03,0
2025-05-29,2,1,3,4787,52,6.86,1,0.03,0
2025-05-29,2,2,2,4450,14,6.93,2,0.1,0
2025-05-29,2,3,5,4262,35,6.96,3,0.09,0
2025-05-29,2,4,1,4477,59,6.93,5,0.04,0
2025-05-29,2,5,6,4961,13,6.92,6,0.08,0
2025-05-29,2,6,4,3415,38,6.96,4,0.13,0
2025-05-29,4,1,5,4571,50,6.71,6,0.1,0
2025-05-29,4,2,3,3779,27,6.81,1,0.06,0
2025-05-29,4,3,4,5121,18,6.94,2,0.09,0
2025-05-29,4,4,1,4847,47,6.81,3,0.01,0
2025-05-29,4,5,6,4546,58,6.86,4,0.11,0
2025-05-29,4,6,2,4371,43,6.93,5,0.09,0
2025-05-29,5,1,3,4387,26,6.81,1,0.08,0
2025-05-29,5,2,5,5084,7,6.86,2,0.07,0
2025-05-29,5,3,4,4494,36,6.84,3,0.08,0
2025-05-29,5,4,1,4418,56,6.74,4,0.11,0
2025-05-29,5,5,2,4444,53,6.84,5,0.16,0
2025-05-29,5,6,6,4831,33,6.93,6,0.17,0
2025-05-30,1,1,2,5174,49,7.0,1,0.09,0
2025-05-30,1,2,1,4685,8,6.91,2,0.08,0
2025-05-30,1,3,5,4387,26,7.02,3,0.09,0
2025-05-30,1,4,4,5121,18,6.87,4,0.13,0
2025-05-30,1,5,6,4963,23,7.01,5,0.14,0
2025-05-30,1,6,3,4504,11,6.91,6,0.17,0
2025-05-30,4,1,2,3388,10,6.93,1,0.14,0
2025-05-30,4,2,1,4831,33,6.88,2,0.12,0
2025-05-30,4,3,5,4914,54,6.87,3,0.15,0
2025-05-30,4,4,6,4459,34,6.92,4,0.05,0
2025-05-30,4,5,3,4502,65,6.93,5,0.08,0
2025-05-30,4,6,4,4524,60,6.88,6,0.07,0
2025-05-30,10,1,4,3783,64,6.86,1,0.22,0
2025-05-30,10,2,3,3388,10,6.95,4,0.16,0
2025-05-30,10,3,1,4847,47,6.81,3,0.09,0
2025-05-30,10,4,2,4320,39,6.79,5,0.17,0
2025-05-30,10,5,5,4450,14,6.95,6,0.19,0
2025-05-30,10,6,6,3897,61,6.87,2,0.15,0
2025-05-31,5,1,3,4371,43,6.97,1,0.11,0
2025-05-31,5,2,5,4546,58,6.9,2,0.18,0
2025-05-31,5,3,6,4686,6,6.97,3,0.12,0
2025-05-31,5,4,1,4571,50,6.72,6,0.12,0
2025-05-31,5,5,4,4961,13,6.93,4,0.16,0
2025-05-31,5,6,2,5043,15,6.83,5,0.24,0
2025-05-31,8,1,3,3941,19,6.93,1,0.18,0
2025-05-31,8,2,4,5084,7,6.93,2,0.19,0
2025-05-31,8,3,6,5121,18,6.82,3,0.19,0
2025-05-31,8,4,1,4024,57,6.8,4,0.13,0
2025-05-31,8,5,2,4851,21,6.8,5,0.09,0
2025-05-31,8,6,5,4787,52,6.84,6,0.09,0
2025-06-01,1,1,5,4831,33,6.9,1,0.16,0
2025-06-01,1,2,2,4262,35,6.94,2,0.1,0
2025-06-01,1,3,4,4787,52,6.92,3,0.05,0
2025-06-01,1,4,3,4450,14,6.94,4,0.09,0
2025-06-01,1,5,1,4500,1,6.88,5,0.09,0
2025-06-01,1,6,6,4719,51,7.0,6,0.1,0
2025-06-01,2,1,2,4459,34,6.9,1,0.08,0
2025-06-01,2,2,5,5121,18,6.9,2,0.09,0
2025-06-01,2,3,4,3388,10,7.01,3,0.21,0
2025-06-01,2,4,6,3415,38,6.93,4,0.22,0
2025-06-01,2,5,3,3779,27,6.9,5,0.13,0
2025-06-01,2,6,1,4546,58,6.9,6,0.17,0
2025-06-01,3,1,5,3721,40,7.02,1,0.11,0
2025-06-01,3,2,4,4961,13,6.88,2,0.12,0
2025-06-01,3,3,3,4387,26,6.95,3,0.12,0
2025-06-01,3,4,1,4571,50,6.78,6,0.08,0
2025-06-01,3,5,2,4337,4,6.98,4,0.11,0
2025-06-01,3,6,6,4963,23,6.97,5,0.14,0
2025-06-01,6,1,3,3783,64,6.89,1,0.16,0
2025-06-01,6,2,2,4450,14,6.92,2,0.11,0
2025-06-01,6,3,4,4024,57,6.83,3,0.12,0
2025-06-01,6,4,5,4686,6,6.99,4,0.12,0
2025-06-01,6,5,1,4166,16,6.87,5,0.08,0
2025-06-01,6,6,6,3388,10,6.99,6,0.13,0
2025-06-01,10,1,5,4362,46,6.86,1,0.11,0
2025-06-01,10,2,3,4573,45,6.88,2,0.14,0
2025-06-01,10,3,6,3783,64,6.89,3,0.23,0
2025-06-01,10,4,2,3721,40,7.03,4,0.09,0
2025-06-01,10,5,4,4831,33,6.91,5,0.12,0
2025-06-01,10,6,1,4494,36,6.92,6,0.15,0
2025-06-09,2,1,5,4113,12,6.81,1,0.24,0
2025-06-09,2,2,1,4421,47,6.8,3,0.16,0
2025-06-09,2,3,4,3998,22,6.82,2,0.25,0
2025-06-09,2,4,3,3477,54,6.78,4,0.2,0
2025-06-09,2,5,2,3679,36,6.85,5,0.17,0
2025-06-09,2,6,6,5409,41,6.86,6,0.17,0
2025-06-09,3,1,6,3539,9,6.77,1,0.13,0
2025-06-09,3,2,2,4052,34,6.73,2,0.11,0
2025-06-09,3,3,1,4351,37,6.74,3,0.06,0
2025-06-09,3,4,4,4750,65,6.72,4,0.1,0
2025-06-09,3,5,3,3406,58,6.77,5,0.16,0
2025-06-09,3,6,5,4097,29,6.84,6,0.19,0
2025-06-09,4,1,6,4948,31,6.73,3,0.19,0
2025-06-09,4,2,4,3081,50,6.78,2,0.16,0
2025-06-09,4,3,1,4220,66,6.78,1,0.16,0
2025-06-09,4,4,2,4335,52,6.78,4,0.21,0
2025-06-09,4,5,3,3872,16,6.79,5,0.16,0
2025-06-09,4,6,5,4016,10,6.8,6,0.21,0
2025-06-09,5,1,2,3538,15,6.76,1,0.14,0
2025-06-09,5,2,1,3933,43,6.78,2,0.16,0
2025-06-09,5,3,5,4458,17,6.76,3,0.12,0
2025-06-09,5,4,6,5337,33,6.71,4,0.07,0
2025-06-09,5,5,3,4643,21,6.69,5,0.06,0
2025-06-09,5,6,4,4515,51,6.78,6,0.22,0
2025-06-09,6,1,2,4302,27,6.74,1,0.11,0
2025-06-09,6,2,4,4268,55,6.81,2,0.08,0
2025-06-09,6,3,1,4357,57,6.67,3,0.12,0
2025-06-09,6,4,3,4233,35,6.7,4,0.14,0
2025-06-09,6,5,5,5011,48,6.83,5,0.08,0
2025-06-09,6,6,6,3471,23,6.85,6,0.1,0
2025-06-09,7,1,4,4173,6,6.78,1,0.11,0
2025-06-09,7,2,1,4324,45,6.77,2,0.08,0
2025-06-09,7,3,5,4191,5,6.86,3,0.11,0
2025-06-09,7,4,3,5339,53,6.73,4,0.05,0
2025-06-09,7,5,6,3859,13,6.85,5,0.11,0
2025-06-09,7,6,2,4241,18,6.8,6,0.12,0
2025-06-09,10,1,2,4233,35,6.7,1,0.19,0
2025-06-09,10,2,1,4492,11,6.75,2,0.2,0
2025-06-09,10,3,3,4515,51,6.86,3,0.23,0
2025-06-09,10,4,4,3081,50,6.77,4,0.28,0
2025-06-09,10,5,6,4421,47,6.75,5,0.22,0
2025-06-09,10,6,5,4750,65,6.74,6,0.28,0
2025-06-10,2,1,2,4016,10,6.76,1,0.11,0
2025-06-10,2,2,1,4750,65,6.77,2,0.15,0
2025-06-10,2,3,5,4241,18,6.77,3,0.22,0
2025-06-10,2,4,4,3933,43,6.68,4,0.14,0
2025-06-10,2,5,6,3538,15,6.81,5,0.11,0
2025-06-10,2,6,3,4052,34,6.71,6,0.12,0
2025-06-10,4,1,4,3471,23,6.83,1,0.23,0
2025-06-10,4,2,5,4097,29,6.92,2,0.33,0
2025-06-10,4,3,3,3872,16,6.8,3,0.2,0
2025-06-10,4,4,6,4113,12,6.78,6,0.09,0
2025-06-10,4,5,2,4335,52,6.81,4,0.05,0
2025-06-10,4,6,1,3539,9,6.86,5,0.08,0
2025-06-10,5,1,4,3998,22,6.82,1,0.12,0
2025-06-10,5,2,2,4173,6,6.81,2,0.15,0
2025-06-10,5,3,6,4268,55,6.83,3,0.08,0
2025-06-10,5,4,1,4324,45,6.82,4,0.14,0
2025-06-10,5,5,5,4220,66,6.73,5,0.09,0
2025-06-10,5,6,3,4053,62,6.78,6,0.09,0
2025-06-10,11,1,4,4357,57,6.74,1,0.25,0
2025-06-10,11,2,1,4335,52,6.71,2,0.12,0
2025-06-10,11,3,2,3538,15,6.87,3,0.18,0
2025-06-10,11,4,5,4220,66,6.8,4,0.23,0
2025-06-10,11,5,3,3514,46,6.81,5,0.28,0
2025-06-10,11,6,6,4215,25,6.82,6,0.28,0
2025-06-11,2,1,2,4421,47,6.75,1,0.09,0
2025-06-11,2,2,6,3998,22,6.82,2,0.14,0
2025-06-11,2,3,1,4769,40,6.8,3,0.08,0
2025-06-11,2,4,3,5339,53,6.77,4,0.11,0
2025-06-11,2,5,5,3477,54,6.75,5,0.12,0
2025-06-11,2,6,4,4191,5,6.87,6,0.13,0
2025-06-11,7,1,2,4750,65,6.81,1,0.09,0
2025-06-11,7,2,6,4458,17,6.85,3,0.12,0
2025-06-11,7,3,1,4643,21,6.78,4,0.08,0
2025-06-11,7,4,4,4053,62,6.81,5,0.11,0
2025-06-11,7,5,5,3933,43,6.76,2,0.12,0
2025-06-11,7,6,3,4769,40,6.8,6,0.11,0
2025-06-11,9,1,5,4215,25,6.81,1,0.12,0
2025-06-11,9,2,1,4357,57,6.73,2,0.01,0
2025-06-11,9,3,2,4421,47,6.8,4,0.02,0
2025-06-11,9,4,6,4268,55,6.94,5,0.13,0
2025-06-11,9,5,3,4324,45,6.79,3,0.06,0
2025-06-11,9,6,4,3478,59,6.8,6,0.16,0
2025-06-11,11,1,2,3874,8,6.68,1,0.12,0
2025-06-11,11,2,1,4351,37,6.79,2,0.09,0
2025-06-11,11,3,3,4053,62,6.75,3,0.09,0
2025-06-11,11,4,5,4097,29,6.88,4,0.19,0
2025-06-11,11,5,4,4233,35,6.7,5,0.17,0
2025-06-11,11,6,6,3477,54,6.86,6,0.18,0
2025-06-11,12,1,4,4643,21,6.71,1,0.11,0
2025-06-11,12,2,5,4515,51,6.94,2,0.12,0
2025-06-11,12,3,6,3081,50,6.72,3,0.14,0
2025-06-11,12,4,1,4492,11,6.78,4,0.01,0
2025-06-11,12,5,3,4241,18,6.79,5,0.05,0
2025-06-11,12,6,2,3406,58,6.8,6,0.18,0
2025-06-12,1,1,5,3653,19,6.74,1,0.21,0
2025-06-12,1,2,2,4220,66,6.75,2,0.16,0
2025-06-12,1,3,6,5011,48,6.69,3,0.13,0
2025-06-12,1,4,1,4458,17,6.78,4,0.05,0
2025-06-12,1,5,4,3471,23,6.85,5,0.09,0
2025-06-12,1,6,3,3538,15,6.76,6,0.35,0
2025-06-12,2,1,4,4097,29,6.75,1,0.21,0
2025-06-12,2,2,2,3872,16,6.79,2,0.22,0
2025-06-12,2,3,3,4016,10,6.75,3,0.19,0
2025-06-12,2,4,1,4053,62,6.72,4,0.11,0
2025-06-12,2,5,5,3081,50,6.77,5,0.11,0
2025-06-12,2,6,6,5395,14,6.71,6,0.15,0
2025-06-12,3,1,2,3477,54,6.73,1,0.17,0
2025-06-12,3,2,1,4492,11,6.72,2,0.17,0
2025-06-12,3,3,4,4233,35,6.72,3,0.13,0
2025-06-12,3,4,3,3859,13,6.83,4,0.16,0
2025-06-12,3,5,6,3539,9,6.84,5,0.16,0
2025-06-12,3,6,5,5337,33,6.78,6,0.15,0
2025-06-12,4,1,4,3458,20,6.68,1,0.1,0
2025-06-12,4,2,2,4302,27,6.68,2,0.2,0
2025-06-12,4,3,1,4357,57,6.74,3,0.21,0
2025-06-12,4,4,5,3406,58,6.81,4,0.18,0
2025-06-12,4,5,3,4948,31,6.7,5,0.11,0
2025-06-12,4,6,6,5339,53,6.7,6,0.07,0
2025-06-12,5,1,2,4268,55,6.79,1,0.13,0
2025-06-12,5,2,6,4191,5,6.78,2,0.18,0
2025-06-12,5,3,1,3933,43,6.67,3,0.17,0
2025-06-12,5,4,4,4643,21,6.7,4,0.12,0
2025-06-12,5,5,3,4052,34,6.7,5,0.2,0
2025-06-12,5,6,5,4421,47,6.76,6,0.21,0
2025-06-12,6,1,2,4515,51,6.85,1,0.06,0
2025-06-12,6,2,6,3471,23,6.84,2,0.09,0
2025-06-12,6,3,3,4241,18,6.8,3,0.08,0
2025-06-12,6,4,5,3874,8,6.73,4,0.13,0
2025-06-12,6,5,1,4750,65,6.82,5,0.06,0
2025-06-12,6,6,4,4173,6,6.83,6,0.09,0
2025-06-13,3,1,3,3539,9,6.77,1,0.18,0
2025-06-13,3,2,4,4173,6,6.8,3,0.22,0
2025-06-13,3,3,5,4233,35,6.74,4,0.22,0
2025-06-13,3,4,1,5339,53,6.69,5,0.12,0
2025-06-13,3,5,6,4268,55,6.78,6,0.18,0
2025-06-13,3,6,2,4324,45,6.78,2,0.19,0
2025-06-13,5,1,2,4515,51,6.75,1,0.15,0
2025-06-13,5,2,1,4948,31,6.72,2,0.14,0
2025-06-13,5,3,5,4302,27,6.76,3,0.16,0
2025-06-13,5,4,4,4750,65,6.75,4,0.29,0
2025-06-13,5,5,6,5337,33,6.76,5,0.28,0
2025-06-13,5,6,3,4643,21,6.68,6,0.17,0
2025-06-13,7,1,3,3872,16,6.84,1,0.16,0
2025-06-13,7,2,6,3458,20,6.81,2,0.15,0
2025-06-13,7,3,5,3653,19,6.77,3,0.19,0
2025-06-13,7,4,4,4016,10,6.85,4,0.09,0
2025-06-13,7,5,1,4191,5,6.83,5,0.11,0
2025-06-13,7,6,2,4335,52,6.83,6,0.11,0
2025-06-13,10,1,2,4492,11,6.74,1,0.17,0
2025-06-13,10,2,1,4351,37,6.8,2,0.09,0
2025-06-13,10,3,3,3874,8,6.82,3,0.15,0
2025-06-13,10,4,4,4052,34,6.75,4,0.16,0
2025-06-13,10,5,5,4173,6,6.75,5,0.24,0
2025-06-13,10,6,6,4515,51,6.95,6,0.24,0
2025-06-14,1,1,2,3478,59,6.77,1,0.16,0
2025-06-14,1,2,4,5011,48,6.74,2,0.21,0
2025-06-14,1,3,5,4016,10,6.81,3,0.21,0
2025-06-14,1,4,1,4268,55,6.79,4,0.11,0
2025-06-14,1,5,3,3458,20,6.75,5,0.12,0
2025-06-14,1,6,6,5409,41,6.78,6,0.09,0
2025-06-14,2,1,2,3859,13,6.78,1,0.19,0
2025-06-14,2,2,3,4173,6,6.76,2,0.24,0
2025-06-14,2,3,5,3477,54,6.79,4,0.23,0
2025-06-14,2,4,4,4421,47,6.78,5,0.22,0
2025-06-14,2,5,6,5395,14,6.79,6,0.28,0
2025-06-14,2,6,1,4357,57,6.71,3,0.2,0
2025-06-14,3,1,2,3538,15,6.81,1,0.18,0
2025-06-14,3,2,6,4053,62,6.75,2,0.21,0
2025-06-14,3,3,3,3539,9,6.78,3,0.23,0
2025-06-14,3,4,4,5339,53,6.73,4,0.28,0
2025-06-14,3,5,1,4492,11,6.83,5,0.26,0
2025-06-14,3,6,5,4948,31,6.83,6,0.19,0
2025-06-14,9,1,3,4357,57,6.74,1,0.14,0
2025-06-14,9,2,6,4351,37,6.78,2,0.18,0
2025-06-14,9,3,5,4750,65,6.79,3,0.25,0
2025-06-14,9,4,4,3874,8,6.8,4,0.05,0
2025-06-14,9,5,1,5339,53,6.74,5,0.06,0
2025-06-14,9,6,2,3538,15,6.85,6,0.13,0
2025-06-14,12,1,2,4233,35,6.79,1,0.25,0
2025-06-14,12,2,3,4515,51,6.87,2,0.28,0
2025-06-14,12,3,5,4421,47,6.84,3,0.23,0
2025-06-14,12,4,6,5337,33,6.84,4,0.29,0
2025-06-14,12,5,4,4215,25,6.87,6,0.29,0
2025-06-14,12,6,1,3872,16,6.88,5,0.21,0
2025-06-15,2,1,3,4750,65,6.8,1,0.26,0
2025-06-15,2,2,5,3859,13,6.85,2,0.18,0
2025-06-15,2,3,2,4458,17,6.79,3,0.13,0
2025-06-15,2,4,1,3458,20,6.81,4,0.17,0
2025-06-15,2,5,4,4515,51,6.85,5,0.23,0
2025-06-15,2,6,6,5395,14,6.85,6,0.26,0
2025-06-15,3,1,5,3933,43,6.75,1,0.19,0
2025-06-15,3,2,4,5011,48,6.78,2,0.21,0
2025-06-15,3,3,6,4220,66,6.79,3,0.22,0
2025-06-15,3,4,1,4302,27,6.76,4,0.08,0
2025-06-15,3,5,3,4016,10,6.82,5,0.16,0
2025-06-15,3,6,2,3539,9,6.9,6,0.14,0
2025-06-15,9,1,2,4458,17,6.8,1,0.17,0
2025-06-15,9,2,5,4233,35,6.76,2,0.16,0
2025-06-15,9,3,1,3081,50,6.83,3,0.14,0
2025-06-15,9,4,3,4421,47,6.9,4,0.19,0
2025-06-15,9,5,4,4948,31,6.82,5,0.25,0
2025-06-15,9,6,6,3478,59,6.9,6,0.31,0
2025-06-15,11,1,5,4357,57,6.74,1,0.18,0
2025-06-15,11,2,4,3679,36,6.85,2,0.19,0
2025-06-15,11,3,6,3933,43,6.78,3,0.17,0
2025-06-15,11,4,1,4769,40,6.89,4,0.09,0
2025-06-15,11,5,3,4351,37,6.86,5,0.13,0
2025-06-15,11,6,2,4053,62,6.76,6,0.16,0
2025-06-15,12,1,2,4335,52,6.81,1,0.08,0
2025-06-15,12,2,1,4324,45,6.77,2,0.08,0
2025-06-15,12,3,4,5339,53,6.75,3,0.08,0
2025-06-15,12,4,3,4643,21,6.76,4,0.07,0
2025-06-15,12,5,5,3406,58,6.84,5,0.13,0
2025-06-15,12,6,6,3538,15,6.74,6,0.23,0
2025-06-18,2,1,3,3587,58,6.98,1,0.19,0
2025-06-18,2,2,6,4552,66,6.86,2,0.16,0
2025-06-18,2,3,1,4034,35,6.96,3,0.18,0
2025-06-18,2,4,5,4837,61,6.94,4,0.19,0
2025-06-18,2,5,4,4336,13,7.03,5,0.18,0
2025-06-18,2,6,2,4096,60,6.91,6,0.22,0
2025-06-18,4,1,4,3377,33,6.93,1,0.23,0
2025-06-18,4,2,3,5212,56,6.95,2,0.23,0
2025-06-18,4,3,5,3414,8,7.03,3,0.21,0
2025-06-18,4,4,6,5309,47,6.88,4,0.18,0
2025-06-18,4,5,2,4025,34,6.85,5,0.16,0
2025-06-18,4,6,1,4256,50,6.94,6,0.12,0
2025-06-18,5,1,3,4821,15,6.9,1,0.16,0
2025-06-18,5,2,5,4895,41,6.95,2,0.29,0
2025-06-18,5,3,4,3448,27,6.89,3,0.28,0
2025-06-18,5,4,1,4294,62,6.93,4,0.19,0
2025-06-18,5,5,6,5338,64,6.9,6,0.13,0
2025-06-18,5,6,2,4230,48,6.92,5,0.15,0
2025-06-18,7,1,2,3838,5,6.99,1,0.02,0
2025-06-18,7,2,1,5253,4,6.98,2,0.05,0
2025-06-18,7,3,4,4772,17,6.91,3,0.07,0
2025-06-18,7,4,3,3587,58,7.02,4,0.09,0
2025-06-18,7,5,6,3989,39,7.0,5,0.19,0
2025-06-18,7,6,5,4553,14,6.98,6,0.21,0
2025-06-18,9,1,2,4122,57,6.92,1,0.05,0
2025-06-18,9,2,1,4839,51,7.01,2,0.02,0
2025-06-18,9,3,3,4895,41,7.11,3,0.04,0
2025-06-18,9,4,5,4708,20,7.03,4,0.01,0
2025-06-18,9,5,6,4552,66,6.9,5,0.01,0
2025-06-18,9,6,4,3414,8,7.06,6,0.17,0
2025-06-18,12,1,3,4772,17,6.9,1,0.15,0
2025-06-18,12,2,1,4230,48,6.97,2,0.16,0
2025-06-18,12,3,4,4256,50,6.98,3,0.14,0
2025-06-18,12,4,6,4096,60,6.97,4,0.27,0
2025-06-18,12,5,2,4734,10,6.97,5,0.18,0
2025-06-18,12,6,5,4532,12,7.05,6,0.26,0
2025-06-19,1,1,3,4034,35,6.88,1,0.16,0
2025-06-19,1,2,6,4837,61,7.0,2,0.22,0
2025-06-19,1,3,5,5212,56,6.91,3,0.09,0
2025-06-19,1,4,1,5338,64,6.9,4,0.01,0
2025-06-19,1,5,2,4895,41,6.95,5,0.11,0
2025-06-19,1,6,4,3660,1,6.95,6,0.16,0
2025-06-19,2,1,3,3441,55,6.91,1,0.15,0
2025-06-19,2,2,4,4708,20,7.04,3,0.14,0
2025-06-19,2,3,2,4821,15,6.93,4,0.17,0
2025-06-19,2,4,6,3631,6,6.93,5,0.18,0
2025-06-19,2,5,5,4888,7,6.91,6,0.22,0
2025-06-19,2,6,1,4294,62,6.96,2,0.11,0
2025-06-19,3,1,4,3680,18,6.96,1,0.18,0
2025-06-19,3,2,6,3989,39,6.99,2,0.23,0
2025-06-19,3,3,5,4060,43,6.91,3,0.28,0
2025-06-19,3,4,1,4861,46,6.82,4,0.11,0
2025-06-19,3,5,2,4839,51,7.0,5,0.1,0
2025-06-19,3,6,3,4734,10,7.0,6,0.12,0
2025-06-19,4,1,4,3448,27,6.91,1,0.13,0
2025-06-19,4,2,1,4257,28,6.91,2,0.11,0
2025-06-19,4,3,5,4336,13,6.95,3,0.12,0
2025-06-19,4,4,2,4532,12,7.03,4,0.16,0
2025-06-19,4,5,3,4461,22,6.99,5,0.15,0
2025-06-19,4,6,6,3587,58,7.03,6,0.09,0
2025-06-19,5,1,2,3414,8,6.97,1,0.12,0
2025-06-19,5,2,1,4247,16,6.91,2,0.17,0
2025-06-19,5,3,3,4776,29,6.96,3,0.14,0
2025-06-19,5,4,4,4552,66,6.96,4,0.13,0
2025-06-19,5,5,6,5309,47,6.86,5,0.12,0
2025-06-19,5,6,5,3838,5,7.0,6,0.14,0
2025-06-19,7,1,3,4230,48,6.95,1,0.2,0
2025-06-19,7,2,2,4060,43,6.95,2,0.31,0
2025-06-19,7,3,4,3660,1,7.01,3,0.23,0
2025-06-19,7,4,1,4772,17,6.98,4,0.16,0
2025-06-19,7,5,6,4708,20,7.04,5,0.19,0
2025-06-19,7,6,5,3955,30,7.07,6,0.19,0
2025-06-19,12,1,4,4025,34,6.84,1,0.21,0
2025-06-19,12,2,3,4096,60,6.85,2,0.18,0
2025-06-19,12,3,5,4861,46,6.78,6,0.12,0
2025-06-19,12,4,6,4257,28,6.96,3,0.18,0
2025-06-19,12,5,1,4230,48,6.97,4,0.13,0
2025-06-19,12,6,2,4776,29,7.01,5,0.11,0
2025-06-20,3,1,6,4839,51,6.99,1,0.22,0
2025-06-20,3,2,2,3680,18,6.98,2,0.16,0
2025-06-20,3,3,3,4752,49,6.92,3,0.09,0
2025-06-20,3,4,4,4895,41,7.01,4,0.06,0
2025-06-20,3,5,1,4776,29,6.98,5,0.06,0
2025-06-20,3,6,5,4461,22,6.98,6,0.09,0
2025-06-20,4,1,4,3660,1,6.92,1,0.31,0
2025-06-20,4,2,1,3587,58,6.99,2,0.21,0
2025-06-20,4,3,6,4553,14,6.9,3,0.16,0
2025-06-20,4,4,5,4270,65,6.96,4,0.07,0
2025-06-20,4,5,3,3441,55,7.01,5,0.09,0
2025-06-20,4,6,2,4734,10,6.96,6,0.16,0
2025-06-20,5,1,3,4257,28,6.88,1,0.19,0
2025-06-20,5,2,5,3448,27,6.91,2,0.24,0
2025-06-20,5,3,6,3989,39,6.99,3,0.22,0
2025-06-20,5,4,1,4772,17,6.96,4,0.14,0
2025-06-20,5,5,2,4256,50,6.98,5,0.13,0
2025-06-20,5,6,4,5338,64,6.91,6,0.16,0
2025-06-20,10,1,2,4230,48,6.9,1,0.13,0
2025-06-20,10,2,1,4256,50,6.89,2,0.08,0
2025-06-20,10,3,3,4365,19,6.94,3,0.06,0
2025-06-20,10,4,4,4553,14,6.95,4,0.11,0
2025-06-20,10,5,5,4861,46,6.76,6,0.08,0
2025-06-20,10,6,6,4821,15,6.96,5,0.08,0
2025-06-20,11,1,3,4294,62,6.94,1,0.13,0
2025-06-20,11,2,5,5253,4,6.97,2,0.25,0
2025-06-20,11,3,2,4025,34,7.0,3,0.24,0
2025-06-20,11,4,1,4247,16,6.98,4,0.16,0
2025-06-20,11,5,6,4257,28,6.76,6,0.11,0
2025-06-20,11,6,4,4122,57,6.97,5,0.12,0
2025-06-21,2,1,6,3989,39,6.97,1,0.21,0
2025-06-21,2,2,2,4752,49,6.87,2,0.09,0
2025-06-21,2,3,1,3441,55,6.9,3,0.08,0
2025-06-21,2,4,4,5309,47,6.89,4,0.12,0
2025-06-21,2,5,5,3587,58,6.99,5,0.1,0
2025-06-21,2,6,3,4336,13,6.98,6,0.1,0
2025-06-21,7,1,6,5253,4,7.01,1,0.21,0
2025-06-21,7,2,3,4837,61,7.02,2,0.13,0
2025-06-21,7,3,4,4270,65,7.07,3,0.18,0
2025-06-21,7,4,2,4294,62,6.92,4,0.07,0
2025-06-21,7,5,5,5309,47,6.96,5,0.28,0
2025-06-21,7,6,1,4839,51,7.01,6,0.16,0
2025-06-21,9,1,2,4461,22,6.91,1,0.19,0
2025-06-21,9,2,3,3441,55,6.92,2,0.25,0
2025-06-21,9,3,4,3955,30,6.97,3,0.23,0
2025-06-21,9,4,1,4096,60,6.94,4,0.21,0
2025-06-21,9,5,6,3680,18,7.0,5,0.32,0
2025-06-21,9,6,5,3989,39,7.06,6,0.37,0
2025-06-21,12,1,4,4734,10,6.81,1,0.23,0
2025-06-21,12,2,2,4256,50,6.94,2,0.21,0
2025-06-21,12,3,5,4247,16,6.98,3,0.24,0
2025-06-21,12,4,1,4230,48,6.96,4,0.18,0
2025-06-21,12,5,3,4025,34,6.83,5,0.2,0
2025-06-21,12,6,6,4772,17,6.97,6,0.22,0
2025-06-24,1,1,2,4583,28,6.86,1,0.09,0
2025-06-24,1,2,5,3843,41,6.93,2,0.15,0
2025-06-24,1,3,1,5229,31,6.9,3,0.14,0
2025-06-24,1,4,3,4495,52,6.87,4,0.14,0
2025-06-24,1,5,4,3304,45,6.89,5,0.19,0
2025-06-24,1,6,6,3807,22,6.92,6,0.22,0
2025-06-24,2,1,2,3747,53,6.86,1,0.28,0
2025-06-24,2,2,3,5135,10,6.82,2,0.19,0
2025-06-24,2,3,5,3362,18,6.95,3,0.18,0
2025-06-24,2,4,4,4578,65,6.87,4,0.17,0
2025-06-24,2,5,1,4757,12,6.95,5,0.16,0
2025-06-24,2,6,6,4369,17,6.94,6,0.21,0
2025-06-24,3,1,6,4167,37,6.93,1,0.23,0
2025-06-24,3,2,5,3935,23,6.98,2,0.21,0
2025-06-24,3,3,1,5020,1,6.95,3,0.11,0
2025-06-24,3,4,4,4505,20,6.84,4,0.14,0
2025-06-24,3,5,2,4976,57,6.85,5,0.09,0
2025-06-24,3,6,3,3684,25,6.94,6,0.19,0
2025-06-24,4,1,2,3986,11,6.86,1,0.18,0
2025-06-24,4,2,5,4980,56,6.92,2,0.19,0
2025-06-24,4,3,3,5199,39,6.87,3,0.16,0
2025-06-24,4,4,6,4331,21,6.91,4,0.18,0
2025-06-24,4,5,1,4906,36,6.92,5,0.21,0
2025-06-24,4,6,4,5049,9,6.98,6,0.22,0
2025-06-24,6,1,3,3777,60,6.88,1,0.15,0
2025-06-24,6,2,6,5106,8,6.86,2,0.17,0
2025-06-24,6,3,1,3956,59,6.94,3,0.16,0
2025-06-24,6,4,4,5224,50,6.89,4,0.14,0
2025-06-24,6,5,2,3807,22,7.06,5,0.17,0
2025-06-24,6,6,5,3852,29,6.94,6,0.19,0
2025-06-24,8,1,3,4269,5,6.84,1,0.25,0
2025-06-24,8,2,6,4889,46,6.86,2,0.26,0
2025-06-24,8,3,4,3747,53,6.9,3,0.32,0
2025-06-24,8,4,5,4593,66,6.86,4,0.21,0
2025-06-24,8,5,2,3935,23,6.94,5,0.23,0
2025-06-24,8,6,1,5229,31,6.91,6,0.17,0
2025-06-25,1,1,3,3736,30,6.94,1,0.15,0
2025-06-25,1,2,2,5199,39,6.93,3,0.21,0
2025-06-25,1,3,1,4533,62,6.93,4,0.23,0
2025-06-25,1,4,5,5135,10,6.93,5,0.27,0
2025-06-25,1,5,4,3362,18,7.0,2,0.21,0
2025-06-25,1,6,6,3986,11,6.94,6,0.28,0
2025-06-25,2,1,2,5106,8,6.89,1,0.32,0
2025-06-25,2,2,4,4167,37,6.88,2,0.24,0
2025-06-25,2,3,6,3843,41,6.92,3,0.26,0
2025-06-25,2,4,1,4583,28,6.87,4,0.27,0
2025-06-25,2,5,5,3696,43,6.91,5,0.31,0
2025-06-25,2,6,3,4269,5,6.86,6,0.31,0
2025-06-25,6,1,2,4889,46,6.95,1,0.11,0
2025-06-25,6,2,5,3807,22,7.01,2,0.34,0
2025-06-25,6,3,3,4757,12,7.08,4,0.14,0
2025-06-25,6,4,1,4739,47,6.87,3,0.13,0
2025-06-25,6,5,6,3736,30,6.94,5,0.14,0
2025-06-25,6,6,4,3935,23,7.04,6,0.26,0
2025-06-25,7,1,6,3362,18,6.9,1,0.29,0
2025-06-25,7,2,1,5049,9,6.89,2,0.08,0
2025-06-25,7,3,2,3960,49,6.85,3,0.12,0
2025-06-25,7,4,5,4976,57,6.9,4,0.12,0
2025-06-25,7,5,4,5106,8,6.84,6,0.16,0
2025-06-25,7,6,3,4584,19,6.96,5,0.09,0
2025-06-25,9,1,2,4369,17,7.03,1,0.19,0
2025-06-25,9,2,1,5224,50,6.91,2,0.19,0
2025-06-25,9,3,6,5096,58,6.93,3,0.16,0
2025-06-25,9,4,5,3777,60,6.94,6,0.16,0
2025-06-25,9,5,4,4533,62,6.97,4,0.16,0
2025-06-25,9,6,3,4505,20,6.94,5,0.17,0
2025-06-25,10,1,6,4593,66,6.85,1,0.15,0
2025-06-25,10,2,2,3986,11,6.92,2,0.1,0
2025-06-25,10,3,1,4856,61,6.85,3,0.11,0
2025-06-25,10,4,3,4889,46,6.88,4,0.08,0
2025-06-25,10,5,5,3956,59,6.93,5,0.18,0
2025-06-25,10,6,4,4167,37,7.02,6,0.16,0
2025-06-25,11,1,2,4757,12,6.9,1,0.12,0
2025-06-25,11,2,1,4584,19,6.8,2,0.13,0
2025-06-25,11,3,3,4269,5,6.81,3,0.14,0
2025-06-25,11,4,5,4931,13,7.0,4,0.17,0
2025-06-25,11,5,6,3684,25,6.97,5,0.16,0
2025-06-25,11,6,4,4254,16,6.9,6,0.11,0
2025-06-26,1,1,2,3843,41,6.87,1,0.02,0
2025-06-26,1,2,1,4578,65,6.85,2,0.04,0
2025-06-26,1,3,5,3935,23,6.96,3,0.02,0
2025-06-26,1,4,4,3807,22,6.96,4,0.08,0
2025-06-26,1,5,3,5229,31,6.83,5,0.02,0
2025-06-26,1,6,6,4906,36,6.89,6,0.08,0
2025-06-26,3,1,2,4533,62,6.82,1,0.05,0
2025-06-26,3,2,5,4495,52,6.92,2,0.02,0
2025-06-26,3,3,4,4593,66,6.87,3,0.02,0
2025-06-26,3,4,6,4167,37,6.93,4,0.06,0
2025-06-26,3,5,1,4254,16,6.9,5,0.01,0
2025-06-26,3,6,3,4739,47,6.92,6,0.04,0
2025-06-26,7,1,2,3696,43,6.9,1,0.14,0
2025-06-26,7,2,1,4856,61,6.8,2,0.12,0
2025-06-26,7,3,3,4495,52,6.9,3,0.12,0
2025-06-26,7,4,4,3935,23,6.93,4,0.29,0
2025-06-26,7,5,5,5224,50,6.87,5,0.32,0
2025-06-26,7,6,6,5096,58,6.92,6,0.29,0
2025-06-27,2,1,4,4976,57,6.77,1,0.14,0
2025-06-27,2,2,5,3362,18,6.89,2,0.13,0
2025-06-27,2,3,3,4906,36,6.87,3,0.01,0
2025-06-27,2,4,2,4578,65,6.84,4,0.02,0
2025-06-27,2,5,1,4966,7,6.89,5,0.08,0
2025-06-27,2,6,6,3696,43,6.98,6,0.11,0
2025-06-27,4,1,4,5135,10,6.87,1,0.11,0
2025-06-27,4,2,2,5229,31,6.84,2,0.09,0
2025-06-27,4,3,3,3961,54,6.91,3,0.15,0
2025-06-27,4,4,5,5049,9,6.88,4,0.17,0
2025-06-27,4,5,6,4167,37,6.97,5,0.19,0
2025-06-27,4,6,1,3960,49,6.91,6,0.07,0
2025-06-27,5,1,3,3807,22,6.98,1,0.21,0
2025-06-27,5,2,5,3852,29,6.93,2,0.26,0
2025-06-27,5,3,6,5197,40,6.9,3,0.26,0
2025-06-27,5,4,1,5199,39,6.89,4,0.09,0
2025-06-27,5,5,2,4593,66,6.78,5,0.17,0
2025-06-27,5,6,4,4331,21,6.88,6,0.16,0
2025-06-27,9,1,6,3961,54,6.89,1,0.19,0
2025-06-27,9,2,5,4583,28,6.89,2,0.17,0
2025-06-27,9,3,1,3956,59,6.91,3,0.14,0
2025-06-27,9,4,4,4269,5,6.85,4,0.16,0
2025-06-27,9,5,3,3852,29,6.88,5,0.21,0
2025-06-27,9,6,2,4578,65,6.81,6,0.16,0
2025-06-27,11,1,2,4980,56,6.81,1,0.17,0
2025-06-27,11,2,6,3696,43,6.84,2,0.23,0
2025-06-27,11,3,4,4331,21,6.87,4,0.13,0
2025-06-27,11,4,1,5229,31,6.88,5,0.15,0
2025-06-27,11,5,5,4584,19,6.82,3,0.15,0
2025-06-27,11,6,3,5224,50,6.85,6,0.23,0
2025-06-28,1,1,5,3935,23,6.78,1,0.07,0
2025-06-28,1,2,1,3747,53,6.71,2,0.11,0
2025-06-28,1,3,3,5135,10,6.67,3,0.08,0
2025-06-28,1,4,4,4167,37,6.82,4,0.15,0
2025-06-28,1,5,6,3736,30,6.75,5,0.08,0
2025-06-28,1,6,2,5388,14,6.77,6,0.05,0
2025-06-28,2,1,5,4533,62,6.71,1,0.29,0
2025-06-28,2,2,3,4906,36,6.72,2,0.18,0
2025-06-28,2,3,1,4369,17,6.78,3,0.19,0
2025-06-28,2,4,6,5199,39,6.69,4,0.17,0
2025-06-28,2,5,2,5224,50,6.71,5,0.21,0
2025-06-28,2,6,4,3852,29,6.82,6,0.16,0
2025-06-28,3,1,2,5096,58,6.79,1,0.06,0
2025-06-28,3,2,1,5197,40,6.72,2,0.04,0
2025-06-28,3,3,5,4254,16,6.69,3,0.03,0
2025-06-28,3,4,4,4578,65,6.73,4,0.09,0
2025-06-28,3,5,6,5375,15,6.75,6,0.17,0
2025-06-28,3,6,3,5229,31,6.74,5,0.02,0
2025-06-29,3,1,3,3852,29,6.77,1,0.14,0
2025-06-29,3,2,5,4966,7,6.81,2,0.12,0
2025-06-29,3,3,6,4583,28,6.82,3,0.17,0
2025-06-29,3,4,1,4533,62,6.75,4,0.09,0
2025-06-29,3,5,2,4167,37,6.8,5,0.16,0
2025-06-29,3,6,4,4889,46,6.79,6,0.19,0
2025-06-29,4,1,2,5020,1,6.75,1,0.12,0
2025-06-29,4,2,1,4593,66,6.72,2,0.11,0
2025-06-29,4,3,3,4584,19,6.68,3,0.13,0
2025-06-29,4,4,4,5049,9,6.74,4,0.21,0
2025-06-29,4,5,5,5388,14,6.77,5,0.18,0
2025-06-29,4,6,6,3843,41,6.8,6,0.19,0
2025-06-29,11,1,4,4269,5,6.77,1,0.08,0
2025-06-29,11,2,1,3960,49,6.75,2,0.08,0
2025-06-29,11,3,3,4578,65,6.77,3,0.09,0
2025-06-29,11,4,6,4583,28,6.79,6,0.18,0
2025-06-29,11,5,2,4584,19,6.71,4,0.12,0
2025-06-29,11,6,5,4980,56,6.91,5,0.16,0
2025-07-12,3,1,3,3948,35,6.88,1,0.16,0
2025-07-12,3,2,2,4423,12,6.97,2,0.19,0
2025-07-12,3,3,5,4464,60,6.84,3,0.25,0
2025-07-12,3,4,1,4852,11,6.91,5,0.11,0
2025-07-12,3,5,4,4027,15,6.87,6,0.19,0
2025-07-12,3,6,6,3297,47,6.82,4,0.18,0
2025-07-12,4,1,2,3730,39,6.96,1,0.12,0
2025-07-12,4,2,1,4272,66,6.88,2,0.14,0
2025-07-12,4,3,5,3892,36,6.9,3,0.12,0
2025-07-12,4,4,6,5360,33,6.87,6,0.23,0
2025-07-12,4,5,4,4017,43,6.91,5,0.19,0
2025-07-12,4,6,3,3719,21,6.82,4,0.13,0
2025-07-12,6,1,3,3837,6,6.96,1,0.16,0
2025-07-12,6,2,6,5061,28,6.95,2,0.19,0
2025-07-12,6,3,1,5289,20,6.88,3,0.17,0
2025-07-12,6,4,2,4488,10,6.89,4,0.16,0
2025-07-12,6,5,5,4259,46,6.97,5,0.16,0
2025-07-12,6,6,4,4590,62,6.9,6,0.21,0
2025-07-12,7,1,3,3621,25,6.93,1,0.25,0
2025-07-12,7,2,1,4546,5,6.91,2,0.32,0
2025-07-12,7,3,6,4846,14,6.93,3,0.32,0
2025-07-12,7,4,5,4069,30,7.01,4,0.22,0
2025-07-12,7,5,2,5358,34,6.98,5,0.21,0
2025-07-12,7,6,4,3054,18,6.97,6,0.15,0
2025-07-12,11,1,6,4069,30,6.95,1,0.25,0
2025-07-12,11,2,1,4845,58,6.94,2,0.11,0
2025-07-12,11,3,5,3948,35,6.92,3,0.13,0
2025-07-12,11,4,3,3837,6,6.95,4,0.21,0
2025-07-12,11,5,4,4234,22,6.93,5,0.19,0
2025-07-12,11,6,2,3892,36,6.9,6,0.21,0
2025-07-13,1,1,2,3578,45,6.97,1,0.16,0
2025-07-13,1,2,4,4846,14,6.97,2,0.17,0
2025-07-13,1,3,5,3664,55,6.94,3,0.16,0
2025-07-13,1,4,1,4259,46,6.93,4,0.19,0
2025-07-13,1,5,6,4697,23,6.88,5,0.19,0
2025-07-13,1,6,3,4112,29,6.9,6,0.22,0
2025-07-13,3,1,6,3892,36,6.9,1,0.21,0
2025-07-13,3,2,2,4410,4,6.87,2,0.22,0
2025-07-13,3,3,1,4263,53,6.96,3,0.17,0
2025-07-13,3,4,3,3568,65,6.89,4,0.23,0
2025-07-13,3,5,5,4272,66,6.91,5,0.23,0
2025-07-13,3,6,4,3621,25,6.87,6,0.24,0
2025-07-13,4,1,2,3054,18,6.96,1,0.02,0
2025-07-13,4,2,6,5067,64,6.8,2,0.06,0
2025-07-13,4,3,1,4852,11,6.87,3,0.03,0
2025-07-13,4,4,4,4695,52,6.9,4,0.04,0
2025-07-13,4,5,3,4845,58,6.82,5,0.06,0
2025-07-13,4,6,5,3730,39,6.93,6,0.14,0
2025-07-13,5,1,2,4231,57,6.85,1,0.15,0
2025-07-13,5,2,3,4464,60,6.87,2,0.16,0
2025-07-13,5,3,6,4027,15,6.94,3,0.2,0
2025-07-13,5,4,1,3719,21,6.94,4,0.14,0
2025-07-13,5,5,5,5289,20,6.96,5,0.16,0
2025-07-13,5,6,4,4932,41,6.89,6,0.17,0
2025-07-13,11,1,5,4027,15,6.95,1,0.19,0
2025-07-13,11,2,1,3837,6,6.98,2,0.15,0
2025-07-13,11,3,3,4695,52,6.98,3,0.19,0
2025-07-13,11,4,4,4263,53,6.98,4,0.18,0
2025-07-13,11,5,2,4074,27,6.9,5,0.22,0
2025-07-13,11,6,6,4488,10,6.89,6,0.24,0
2025-07-14,5,1,6,3930,31,6.92,1,0.56,0
2025-07-14,5,2,1,3948,35,7.03,2,0.16,0
2025-07-14,5,3,5,4695,52,6.97,3,0.14,0
2025-07-14,5,4,2,5289,20,7.0,4,0.15,0
2025-07-14,5,5,4,4546,5,6.96,5,0.09,0
2025-07-14,5,6,3,3719,21,6.92,6,0.11,0
2025-07-14,10,1,2,3719,21,6.88,1,0.16,0
2025-07-14,10,2,1,4074,27,6.95,2,0.16,0
2025-07-14,10,3,3,4488,10,6.97,3,0.14,0
2025-07-14,10,4,5,4590,62,6.9,4,0.17,0
2025-07-14,10,5,6,4410,4,7.03,5,0.13,0
2025-07-14,10,6,4,4932,41,6.96,6,0.14,0
2025-07-14,12,1,4,4209,13,6.95,1,0.22,0
2025-07-14,12,2,5,3664,55,7.05,2,0.21,0
2025-07-14,12,3,6,3621,25,6.99,3,0.31,0
2025-07-14,12,4,1,4027,15,7.01,4,0.11,0
2025-07-14,12,5,2,5289,20,7.0,5,0.04,0
2025-07-14,12,6,3,4272,66,6.98,6,0.16,0
2025-07-15,1,1,4,4423,12,6.96,1,0.22,0
2025-07-15,1,2,5,5358,34,6.95,2,0.45,0
2025-07-15,1,3,6,3855,56,6.98,3,0.37,0
2025-07-15,1,4,2,5067,64,7.0,4,0.19,0
2025-07-15,1,5,1,4231,57,6.97,5,0.18,0
2025-07-15,1,6,3,3568,65,6.86,6,0.19,0
2025-07-15,2,1,3,4846,14,6.95,1,0.09,0
2025-07-15,2,2,5,5061,28,6.93,2,0.12,0
2025-07-15,2,3,1,4272,66,6.82,3,0.05,0
2025-07-15,2,4,2,4464,60,6.84,4,0.06,0
2025-07-15,2,5,4,4852,11,7.02,5,0.08,0
2025-07-15,2,6,6,5360,33,6.89,6,0.08,0
2025-07-15,3,1,5,4234,22,6.94,1,0.16,0
2025-07-15,3,2,6,4821,54,6.98,2,0.38,0
2025-07-15,3,3,2,3730,39,6.97,3,0.14,0
2025-07-15,3,4,3,4090,48,6.95,4,0.12,0
2025-07-15,3,5,4,3621,25,6.95,5,0.1,0
2025-07-15,3,6,1,4695,52,6.88,6,0.13,0
2025-07-15,4,1,3,4697,23,6.97,1,0.15,0
2025-07-15,4,2,1,4410,4,6.95,2,0.16,0
2025-07-15,4,3,5,3054,18,6.89,3,0.09,0
2025-07-15,4,4,2,3892,36,6.95,4,0.12,0
2025-07-15,4,5,6,4027,15,6.93,5,0.16,0
2025-07-15,4,6,4,4209,13,6.89,6,0.16,0
2025-07-15,5,1,6,5289,20,6.97,1,0.17,0
2025-07-15,5,2,1,4017,43,6.96,2,0.12,0
2025-07-15,5,3,2,5067,64,6.94,3,0.08,0
2025-07-15,5,4,3,4932,41,6.96,4,0.17,0
2025-07-15,5,5,5,3948,35,7.02,5,0.13,0
2025-07-15,5,6,4,4259,46,6.94,6,0.14,0
2025-07-15,10,1,2,3568,65,7.0,1,0.13,0
2025-07-15,10,2,4,4231,57,7.02,2,0.15,0
2025-07-15,10,3,1,4932,41,6.99,3,0.13,0
2025-07-15,10,4,3,4546,5,6.97,4,0.12,0
2025-07-15,10,5,5,4410,4,7.01,5,0.07,0
2025-07-15,10,6,6,3578,45,7.04,6,0.11,0
2025-07-15,11,1,2,4488,10,6.96,1,0.22,0
2025-07-15,11,2,4,4259,46,6.97,2,0.15,0
2025-07-15,11,3,3,4090,48,6.96,3,0.09,0
2025-07-15,11,4,1,4590,62,6.9,4,0.09,0
2025-07-15,11,5,5,3930,31,7.03,5,0.11,0
2025-07-15,11,6,6,5289,20,6.99,6,0.16,0
2025-07-15,12,1,2,4845,58,6.93,1,0.14,0
2025-07-15,12,2,1,4074,27,7.02,2,0.18,0
2025-07-15,12,3,6,3837,6,7.03,3,0.12,0
2025-07-15,12,4,3,3719,21,6.95,4,0.16,0
2025-07-15,12,5,4,4112,29,7.03,5,0.13,0
2025-07-15,12,6,5,4581,51,6.94,6,0.12,0
2025-07-18,1,1,2,4511,1,6.91,1,0.31,0
2025-07-18,1,2,3,4664,15,7.02,2,0.33,0
2025-07-18,1,3,4,4435,40,6.97,3,0.42,0
2025-07-18,1,4,5,4782,20,6.92,4,0.29,0
2025-07-18,1,5,1,3444,47,6.98,5,0.22,0
2025-07-18,1,6,6,5363,4,6.87,6,0.29,0
2025-07-18,3,1,6,3757,11,6.87,1,0.23,0
2025-07-18,3,2,5,4108,25,6.89,2,0.15,0
2025-07-18,3,3,3,5032,55,6.9,3,0.09,0
2025-07-18,3,4,4,4204,14,6.72,4,0.04,0
2025-07-18,3,5,1,3992,59,6.86,5,0.06,0
2025-07-18,3,6,2,4295,51,6.83,6,0.1,0
2025-07-18,4,1,5,3523,18,6.89,1,0.19,0
2025-07-18,4,2,4,3461,49,6.87,3,0.37,0
2025-07-18,4,3,6,3870,19,6.93,2,0.23,0
2025-07-18,4,4,2,3212,9,6.92,4,0.12,0
2025-07-18,4,5,1,4105,56,6.88,5,0.11,0
2025-07-18,4,6,3,4700,33,6.84,6,0.25,0
2025-07-18,5,1,2,3714,62,6.98,1,0.14,0
2025-07-18,5,2,1,4245,37,7.01,2,0.14,0
2025-07-18,5,3,5,3558,7,6.89,3,0.14,0
2025-07-18,5,4,4,3731,17,6.95,4,0.11,0
2025-07-18,5,5,6,4239,46,6.95,5,0.09,0
2025-07-18,5,6,3,4850,29,6.94,6,0.11,0
2025-07-18,6,1,3,4594,22,6.99,1,0.13,0
2025-07-18,6,2,1,4303,60,6.89,2,0.17,0
2025-07-18,6,3,6,3787,61,6.94,3,0.13,0
2025-07-18,6,4,2,3654,16,6.95,4,0.11,0
2025-07-18,6,5,5,4896,23,6.96,5,0.13,0
2025-07-18,6,6,4,3742,39,6.98,6,0.13,0
2025-07-18,12,1,3,5043,10,6.92,1,0.11,0
2025-07-18,12,2,1,3654,16,6.87,2,0.16,0
2025-07-18,12,3,5,4700,33,6.97,3,0.13,0
2025-07-18,12,4,4,4295,51,6.77,4,0.15,0
2025-07-18,12,5,2,4828,48,6.87,5,0.11,0
2025-07-18,12,6,6,4239,46,6.94,6,0.14,0
2025-07-19,2,1,2,3372,35,6.82,1,0.17,0
2025-07-19,2,2,6,4368,50,6.92,2,0.19,0
2025-07-19,2,3,4,4664,15,6.89,3,0.11,0
2025-07-19,2,4,1,4700,33,6.89,4,0.17,0
2025-07-19,2,5,5,4635,43,6.9,5,0.24,0
2025-07-19,2,6,3,4105,56,6.85,6,0.16,0
2025-07-19,4,1,6,3870,19,6.92,1,0.09,0
2025-07-19,4,2,5,3757,11,6.96,2,0.13,0
2025-07-19,4,3,4,3812,53,6.92,3,0.07,0
2025-07-19,4,4,1,3558,7,6.78,4,0.04,0
2025-07-19,4,5,3,4513,41,6.88,5,0.12,0
2025-07-19,4,6,2,4828,48,6.9,6,0.14,0
2025-07-19,5,1,2,3742,39,6.95,1,0.22,0
2025-07-19,5,2,3,4204,14,6.77,2,0.22,0
2025-07-19,5,3,5,3992,59,6.9,3,0.19,0
2025-07-19,5,4,1,4245,37,6.93,4,0.32,0
2025-07-19,5,5,4,3442,64,6.92,5,0.31,0
2025-07-19,5,6,6,3833,8,6.9,6,0.35,0
2025-07-19,7,1,2,4108,25,6.91,1,0.14,0
2025-07-19,7,2,1,4295,51,6.84,2,0.13,0
2025-07-19,7,3,5,3714,62,6.89,3,0.15,0
2025-07-19,7,4,6,4664,15,6.94,4,0.16,0
2025-07-19,7,5,4,4594,22,6.98,5,0.19,0
2025-07-19,7,6,3,5043,10,6.85,6,0.21,0
2025-07-19,9,1,2,4513,41,6.92,1,0.18,0
2025-07-19,9,2,4,4700,33,6.88,2,0.22,0
2025-07-19,9,3,1,3731,17,7.01,3,0.24,0
2025-07-19,9,4,3,3742,39,6.88,4,0.25,0
2025-07-19,9,5,5,4435,40,6.82,5,0.23,0
2025-07-19,9,6,6,3771,28,7.01,6,0.22,0
2025-07-20,4,1,4,3212,9,6.91,1,0.34,0
2025-07-20,4,2,1,3714,62,6.94,2,0.19,0
2025-07-20,4,3,2,4782,20,6.93,4,0.12,0
2025-07-20,4,4,3,3833,8,6.91,5,0.14,0
2025-07-20,4,5,6,4511,1,6.91,6,0.16,0
2025-07-20,4,6,5,4513,41,7.05,3,0.16,0
2025-07-20,7,1,4,3558,7,6.89,1,0.11,0
2025-07-20,7,2,1,4828,48,6.86,2,0.14,0
2025-07-20,7,3,3,3654,16,6.97,3,0.12,0
2025-07-20,7,4,2,4368,50,6.84,5,0.15,0
2025-07-20,7,5,6,3731,17,6.89,6,0.18,0
2025-07-20,7,6,5,4108,25,6.94,4,0.16,0
2025-07-21,4,1,2,4245,37,6.84,1,0.25,0
2025-07-21,4,2,3,3442,64,6.79,2,0.22,0
2025-07-21,4,3,5,3523,18,6.91,3,0.23,0
2025-07-21,4,4,6,3812,53,6.9,4,0.22,0
2025-07-21,4,5,1,5043,10,6.95,5,0.2,0
2025-07-21,4,6,4,4782,20,6.89,6,0.23,0
2025-07-21,7,1,4,4355,5,6.9,1,0.24,0
2025-07-21,7,2,1,3558,7,6.84,2,0.22,0
2025-07-21,7,3,6,3461,49,6.98,3,0.29,0
2025-07-21,7,4,5,4594,22,6.97,4,0.18,0
2025-07-21,7,5,3,4105,56,6.93,5,0.16,0
2025-07-21,7,6,2,4295,51,6.9,6,0.17,0
2025-07-21,9,1,5,3654,16,6.85,1,0.26,0
2025-07-21,9,2,1,4245,37,6.89,2,0.21,0
2025-07-21,9,3,4,4700,33,6.79,3,0.19,0
2025-07-21,9,4,6,3742,39,6.87,4,0.16,0
2025-07-21,9,5,2,3442,64,6.82,5,0.15,0
2025-07-21,9,6,3,3771,28,6.92,6,0.22,0
2025-07-21,11,1,2,4295,51,6.85,1,0.19,0
2025-07-21,11,2,3,4105,56,6.94,2,0.25,0
2025-07-21,11,3,5,3812,53,6.92,3,0.21,0
2025-07-21,11,4,4,3833,8,6.87,4,0.23,0
2025-07-21,11,5,1,5032,55,6.85,6,0.13,0
2025-07-21,11,6,6,4218,54,6.92,5,0.23,0
2025-07-21,12,1,4,4513,41,6.85,1,0.15,0
2025-07-21,12,2,1,4594,22,6.9,2,0.13,0
2025-07-21,12,3,6,3731,17,6.91,3,0.19,0
2025-07-21,12,4,3,4896,23,6.9,4,0.12,0
2025-07-21,12,5,2,4842,34,6.96,5,0.16,0
2025-07-21,12,6,5,3992,59,6.94,6,0.11,0
2025-07-22,3,1,4,4664,15,6.84,1,0.12,0
2025-07-22,3,2,1,4635,43,6.86,2,0.13,0
2025-07-22,3,3,3,4355,5,6.84,3,0.14,0
2025-07-22,3,4,2,3771,28,6.92,4,0.12,0
2025-07-22,3,5,5,4842,34,6.97,5,0.09,0
2025-07-22,3,6,6,4511,1,6.95,6,0.13,0
2025-07-22,4,1,6,4782,20,6.88,1,0.28,0
2025-07-22,4,2,4,3523,18,6.89,2,0.29,0
2025-07-22,4,3,1,3714,62,6.9,4,0.22,0
2025-07-22,4,4,5,3461,49,6.89,6,0.33,0
2025-07-22,4,5,2,4303,60,6.86,5,0.32,0
2025-07-22,4,6,3,3731,17,6.92,3,0.26,0
2025-07-22,7,1,5,4700,33,6.86,1,0.14,0
2025-07-22,7,2,3,3372,35,6.78,2,0.21,0
2025-07-22,7,3,2,3870,19,6.91,3,0.15,0
2025-07-22,7,4,4,4664,15,6.9,4,0.16,0
2025-07-22,7,5,1,4105,56,6.91,5,0.13,0
2025-07-22,7,6,6,3992,59,6.86,6,0.17,0
2025-07-22,9,1,2,3731,17,6.91,1,0.11,0
2025-07-22,9,2,3,4204,14,6.71,2,0.09,0
2025-07-22,9,3,1,4782,20,6.83,3,0.09,0
2025-07-22,9,4,6,4511,1,6.9,4,0.11,0
2025-07-22,9,5,4,4108,25,6.9,5,0.12,0
2025-07-22,9,6,5,4355,5,6.9,6,0.15,0
2025-07-22,11,1,3,4105,56,6.93,1,0.2,0
2025-07-22,11,2,4,4700,33,6.93,6,0.12,0
2025-07-22,11,3,2,4850,29,6.8,2,0.14,0
2025-07-22,11,4,6,3714,62,6.86,3,0.23,0
2025-07-22,11,5,5,3742,39,6.89,4,0.2,0
2025-07-22,11,6,1,4218,54,6.96,5,0.16,0
2025-07-22,12,1,2,4828,48,6.74,1,0.08,0
2025-07-22,12,2,4,4245,37,6.88,2,0.1,0
2025-07-22,12,3,3,5032,55,6.9,4,0.13,0
2025-07-22,12,4,1,4295,51,6.89,3,0.14,0
2025-07-22,12,5,5,5043,10,6.86,5,0.22,0
2025-07-22,12,6,6,3442,64,6.96,6,0.23,0
2025-07-25,1,1,4,5291,17,7.0,1,0.16,0
2025-07-25,1,2,5,4844,29,6.94,2,0.26,0
2025-07-25,1,3,3,5165,47,6.94,3,0.37,0
2025-07-25,1,4,1,5265,10,6.92,4,0.21,0
2025-07-25,1,5,2,4997,6,7.03,5,0.19,0
2025-07-25,1,6,6,5389,39,6.91,6,0.15,0
2025-07-25,2,1,3,5153,8,6.96,1,0.15,0
2025-07-25,2,2,5,5184,64,6.93,2,0.28,0
2025-07-25,2,3,1,3999,14,7.0,3,0.08,0
2025-07-25,2,4,4,4014,43,6.93,4,0.08,0
2025-07-25,2,5,2,3232,45,6.93,5,0.09,0
2025-07-25,2,6,6,5335,23,7.01,6,0.12,0
2025-07-25,4,1,2,4765,13,6.9,1,0.02,0
2025-07-25,4,2,6,4823,20,6.99,2,0.05,0
2025-07-25,4,3,1,5163,11,6.99,3,0.04,0
2025-07-25,4,4,3,5361,59,6.97,4,0.08,0
2025-07-25,4,5,5,5334,28,7.02,5,0.17,0
2025-07-25,4,6,4,4927,4,7.04,6,0.28,0
2025-07-25,5,1,3,5140,58,6.95,1,0.26,0
2025-07-25,5,2,1,4433,40,7.03,2,0.27,0
2025-07-25,5,3,4,5295,53,6.98,3,0.24,0
2025-07-25,5,4,2,4123,15,6.99,4,0.26,0
2025-07-25,5,5,5,5241,57,7.0,5,0.23,0
2025-07-25,5,6,6,5380,52,6.93,6,0.66,0
2025-07-25,6,1,5,5195,60,6.93,1,0.08,0
2025-07-25,6,2,1,4530,1,6.88,2,0.13,0
2025-07-25,6,3,4,4400,9,7.01,3,0.18,0
2025-07-25,6,4,2,5326,65,7.0,4,0.09,0
2025-07-25,6,5,3,4456,19,7.05,5,0.11,0
2025-07-25,6,6,6,5265,10,7.12,6,0.16,0
2025-07-25,8,1,2,4117,41,7.01,1,0.21,0
2025-07-25,8,2,1,4642,56,6.99,2,0.18,0
2025-07-25,8,3,3,5281,49,6.94,3,0.15,0
2025-07-25,8,4,4,5153,8,6.98,4,0.24,0
2025-07-25,8,5,6,5389,39,6.91,6,0.29,0
2025-07-25,8,6,5,5144,21,6.96,5,0.17,0
2025-07-26,3,1,3,4997,6,6.93,1,0.21,0
2025-07-26,3,2,1,5148,46,6.92,3,0.21,0
2025-07-26,3,3,4,4530,1,6.92,2,0.18,0
2025-07-26,3,4,5,4117,41,6.92,4,0.27,0
2025-07-26,3,5,2,4823,20,6.91,5,0.27,0
2025-07-26,3,6,6,5380,52,6.89,6,0.39,0
2025-07-26,5,1,2,5165,47,6.98,1,0.13,0
2025-07-26,5,2,6,5281,49,6.98,2,0.09,0
2025-07-26,5,3,1,4642,56,6.91,3,0.11,0
2025-07-26,5,4,4,5163,11,6.97,4,0.14,0
2025-07-26,5,5,3,4765,13,6.9,5,0.11,0
2025-07-26,5,6,5,5365,7,6.95,6,0.18,0
2025-07-26,8,1,2,4433,40,7.04,1,0.23,0
2025-07-26,8,2,4,5291,17,7.02,2,0.28,0
2025-07-26,8,3,1,4927,4,7.03,3,0.21,0
2025-07-26,8,4,3,4844,29,7.06,4,0.22,0
2025-07-26,8,5,6,5380,52,6.93,6,0.31,0
2025-07-26,8,6,5,4400,9,6.95,5,0.23,0
2025-07-26,10,1,2,5163,11,7.0,1,0.22,0
2025-07-26,10,2,5,5144,21,6.98,2,0.25,0
2025-07-26,10,3,1,4117,41,6.96,3,0.26,0
2025-07-26,10,4,3,5173,37,7.02,4,0.25,0
2025-07-26,10,5,6,5335,23,6.99,5,0.14,0
2025-07-26,10,6,4,4853,36,6.99,6,0.16,0
2025-07-27,1,1,4,5265,10,7.02,1,0.29,0
2025-07-27,1,2,3,5334,28,7.03,2,0.26,0
2025-07-27,1,3,5,5184,64,6.97,3,0.24,0
2025-07-27,1,4,1,5291,17,6.98,4,0.16,0
2025-07-27,1,5,6,5389,39,6.94,6,0.1,0
2025-07-27,1,6,2,4997,6,7.09,5,0.13,0
2025-07-27,2,1,3,4844,29,6.97,1,0.05,0
2025-07-27,2,2,1,5165,47,6.99,2,0.05,0
2025-07-27,2,3,2,5218,27,6.98,3,0.09,0
2025-07-27,2,4,4,4456,19,7.02,4,0.16,0
2025-07-27,2,5,5,5153,8,7.05,5,0.12,0
2025-07-27,2,6,6,5335,23,7.05,6,0.2,0
2025-07-27,3,1,6,5230,51,6.92,1,0.32,0
2025-07-27,3,2,2,4347,48,6.92,2,0.17,0
2025-07-27,3,3,1,3232,45,6.92,3,0.13,0
2025-07-27,3,4,3,3435,18,7.0,4,0.16,0
2025-07-27,3,5,5,5365,7,6.99,5,0.26,0
2025-07-27,3,6,4,4765,13,7.0,6,0.21,0
2025-07-27,4,1,5,5144,21,6.96,1,0.34,0
2025-07-27,4,2,1,5195,60,7.02,2,0.16,0
2025-07-27,4,3,4,5140,58,6.96,3,0.14,0
2025-07-27,4,4,6,4927,4,6.97,4,0.14,0
2025-07-27,4,5,3,4433,40,7.0,5,0.24,0
2025-07-27,4,6,2,4733,16,6.93,6,0.13,0
2025-07-27,5,1,5,4853,36,6.98,1,0.19,0
2025-07-27,5,2,1,4014,43,6.94,2,0.17,0
2025-07-27,5,3,2,4823,20,6.99,3,0.14,0
2025-07-27,5,4,4,4642,56,6.95,4,0.13,0
2025-07-27,5,5,3,4773,31,6.94,5,0.11,0
2025-07-27,5,6,6,5380,52,6.98,6,0.22,0
2025-07-27,6,1,4,5281,49,6.87,1,0.34,0
2025-07-27,6,2,2,4117,41,6.89,2,0.24,0
2025-07-27,6,3,6,5291,17,6.95,3,0.21,0
2025-07-27,6,4,1,5088,62,6.89,4,0.16,0
2025-07-27,6,5,3,5361,59,7.01,5,0.24,0
2025-07-27,6,6,5,5173,37,7.0,6,0.19,0
2025-07-28,2,1,5,5148,46,7.01,1,0.33,0
2025-07-28,2,2,2,5088,62,6.89,2,0.17,0
2025-07-28,2,3,1,4773,31,6.94,3,0.15,0
2025-07-28,2,4,6,5326,65,6.96,4,0.13,0
2025-07-28,2,5,3,5295,53,6.95,5,0.13,0
2025-07-28,2,6,4,5241,57,6.94,6,0.11,0
2025-07-28,3,1,3,4400,9,7.0,1,0.19,0
2025-07-28,3,2,4,5265,10,6.98,2,0.13,0
2025-07-28,3,3,5,4123,15,7.0,3,0.14,0
2025-07-28,3,4,1,4117,41,6.96,4,0.14,0
2025-07-28,3,5,6,5380,52,6.96,6,0.31,0
2025-07-28,3,6,2,5281,49,6.93,5,0.03,0
2025-07-28,5,1,2,4823,20,6.91,1,0.11,0
2025-07-28,5,2,5,4733,16,6.92,2,0.13,0
2025-07-28,5,3,1,4014,43,6.92,3,0.12,0
2025-07-28,5,4,6,4765,13,6.98,4,0.09,0
2025-07-28,5,5,3,3435,18,6.93,5,0.05,0
2025-07-28,5,6,4,5389,39,6.91,6,0.04,0
2025-07-28,11,1,2,4456,19,6.95,1,0.24,0
2025-07-28,11,2,6,3435,18,7.02,2,0.21,0
2025-07-28,11,3,1,4433,40,7.04,3,0.18,0
2025-07-28,11,4,3,5195,60,7.02,4,0.09,0
2025-07-28,11,5,4,5326,65,6.98,5,0.13,0
2025-07-28,11,6,5,4117,41,7.04,6,0.15,0
2025-07-29,2,1,5,4997,6,6.94,1,0.14,0
2025-07-29,2,2,4,5334,28,6.93,2,0.16,0
2025-07-29,2,3,1,5265,10,6.95,4,0.12,0
2025-07-29,2,4,2,3232,45,6.93,3,0.12,0
2025-07-29,2,5,3,4456,19,6.93,5,0.16,0
2025-07-29,2,6,6,5380,52,6.95,6,0.32,0
2025-07-29,4,1,5,4773,31,6.92,1,0.21,0
2025-07-29,4,2,2,4823,20,6.98,2,0.2,0
2025-07-29,4,3,4,4117,41,6.94,3,0.26,0
2025-07-29,4,4,3,5295,53,6.95,4,0.24,0
2025-07-29,4,5,6,5140,58,7.02,5,0.28,0
2025-07-29,4,6,1,4530,1,6.84,6,0.2,0
2025-07-29,6,1,2,4927,4,7.03,1,0.06,0
2025-07-29,6,2,5,5230,51,6.93,2,0.14,0
2025-07-29,6,3,4,4844,29,7.03,3,0.15,0
2025-07-29,6,4,6,5326,65,7.02,4,0.2,0
2025-07-29,6,5,3,4433,40,7.0,6,0.22,0
2025-07-29,6,6,1,5088,62,6.96,5,0.18,0
2025-07-29,12,1,5,4347,48,6.97,1,0.16,0
2025-07-29,12,2,1,5195,60,6.95,2,0.09,0
2025-07-29,12,3,2,4765,13,7.0,3,0.08,0
2025-07-29,12,4,4,5165,47,6.98,4,0.12,0
2025-07-29,12,5,3,5281,49,6.95,5,0.11,0
2025-07-29,12,6,6,5265,10,7.0,6,0.19,0
2025-07-30,1,1,5,5241,57,6.92,1,0.24,0
2025-07-30,1,2,2,5144,21,6.97,2,0.23,0
2025-07-30,1,3,1,5140,58,7.1,3,0.26,0
2025-07-30,1,4,4,5230,51,6.94,4,0.25,0
2025-07-30,1,5,3,5295,53,7.06,5,0.23,0
2025-07-30,1,6,6,5380,52,7.06,6,0.44,0
2025-07-30,2,1,5,4997,6,6.98,1,0.12,0
2025-07-30,2,2,2,4400,9,7.01,2,0.09,0
2025-07-30,2,3,4,5195,60,6.99,3,0.13,0
2025-07-30,2,4,1,5334,28,6.99,4,0.14,0
2025-07-30,2,5,6,5326,65,6.9,5,0.12,0
2025-07-30,2,6,3,4347,48,6.88,6,0.11,0
2025-07-30,5,1,2,5163,11,6.97,1,0.09,0
2025-07-30,5,2,5,4927,4,6.98,2,0.08,0
2025-07-30,5,3,1,4823,20,7.06,3,0.07,0
2025-07-30,5,4,6,5361,59,7.02,4,0.12,0
2025-07-30,5,5,4,5230,51,6.85,5,0.15,0
2025-07-30,5,6,3,5148,46,6.96,6,0.21,0
2025-07-30,7,1,2,4123,15,6.95,1,0.19,0
2025-07-30,7,2,1,4456,19,6.92,2,0.23,0
2025-07-30,7,3,6,5334,28,7.03,3,0.2,0
2025-07-30,7,4,5,5326,65,6.99,4,0.23,0
2025-07-30,7,5,4,5144,21,6.99,5,0.17,0
2025-07-30,7,6,3,5165,47,6.98,6,0.19,0
2025-07-30,8,1,2,4117,41,6.96,1,0.06,0
2025-07-30,8,2,1,5241,57,6.93,2,0.08,0
2025-07-30,8,3,6,5335,23,6.94,3,0.09,0
2025-07-30,8,4,3,4765,13,6.98,4,0.14,0
2025-07-30,8,5,4,4400,9,7.02,5,0.22,0
2025-07-30,8,6,5,5389,39,6.99,6,0.18,0
2025-08-04,1,1,3,5299,6,6.98,1,0.23,0
2025-08-04,1,2,2,4367,17,6.94,2,0.17,0
2025-08-04,1,3,5,4905,19,6.9,3,0.12,0
2025-08-04,1,4,4,5078,25,7.02,4,0.11,0
2025-08-04,1,5,1,4778,55,7.07,5,0.11,0
2025-08-04,1,6,6,5327,15,6.92,6,0.15,0
2025-08-04,2,1,4,4300,58,7.01,1,0.14,0
2025-08-04,2,2,6,4389,16,7.04,2,0.19,0
2025-08-04,2,3,1,3319,61,7.04,3,0.21,0
2025-08-04,2,4,5,5047,47,6.99,4,0.17,0
2025-08-04,2,5,2,4764,23,7.02,5,0.14,0
2025-08-04,2,6,3,4903,59,7.07,6,0.13,0
2025-08-04,3,1,2,4485,50,6.99,1,0.13,0
2025-08-04,3,2,6,3305,64,6.98,2,0.15,0
2025-08-04,3,3,1,3907,31,6.98,3,0.17,0
2025-08-04,3,4,4,4109,36,7.06,4,0.12,0
2025-08-04,3,5,5,4678,13,7.0,5,0.22,0
2025-08-04,3,6,3,4466,10,6.98,6,0.24,0
2025-08-04,4,1,2,3776,54,7.06,1,0.09,0
2025-08-04,4,2,1,5095,57,7.01,2,0.13,0
2025-08-04,4,3,3,5014,34,6.99,3,0.16,0
2025-08-04,4,4,5,4978,37,6.99,4,0.19,0
2025-08-04,4,5,6,4089,20,7.08,5,0.18,0
2025-08-04,4,6,4,4614,65,7.03,6,0.21,0
2025-08-04,5,1,5,3882,11,7.0,1,0.14,0
2025-08-04,5,2,4,5041,43,6.92,2,0.13,0
2025-08-04,5,3,1,3905,9,7.0,3,0.15,0
2025-08-04,5,4,3,4470,14,7.03,4,0.17,0
2025-08-04,5,5,2,3737,35,7.09,5,0.26,0
2025-08-04,5,6,6,4106,5,6.98,6,0.28,0
2025-08-04,6,1,5,4154,53,6.92,1,0.13,0
2025-08-04,6,2,1,4778,55,6.95,2,0.09,0
2025-08-04,6,3,2,5155,1,6.91,3,0.06,0
2025-08-04,6,4,6,5340,21,6.93,4,0.09,0
2025-08-04,6,5,4,4292,66,7.02,5,0.13,0
2025-08-04,6,6,3,4051,52,7.04,6,0.07,0
2025-08-04,11,1,3,4434,27,6.91,1,0.15,0
2025-08-04,11,2,2,3905,9,6.92,2,0.14,0
2025-08-04,11,3,1,5095,57,6.95,3,0.16,0
2025-08-04,11,4,4,4154,53,7.01,4,0.16,0
2025-08-04,11,5,5,4485,50,6.97,5,0.22,0
2025-08-04,11,6,6,4389,16,7.03,6,0.27,0
2025-08-05,5,1,4,4389,16,7.07,1,0.18,0
2025-08-05,5,2,5,5299,6,7.0,2,0.18,0
2025-08-05,5,3,1,4470,14,7.02,3,0.1,0
2025-08-05,5,4,2,4614,65,6.99,4,0.11,0
2025-08-05,5,5,6,5327,15,6.98,6,0.22,0
2025-08-05,5,6,3,3572,49,7.01,5,0.17,0
2025-08-06,3,1,4,3305,64,6.94,1,0.12,0
2025-08-06,3,2,1,4398,45,6.94,2,0.03,0
2025-08-06,3,3,6,4978,37,6.97,3,0.1,0
2025-08-06,3,4,3,5299,6,7.07,4,0.11,0
2025-08-06,3,5,5,3572,49,7.06,5,0.18,0
2025-08-06,3,6,2,3905,9,6.99,6,0.16,0
2025-08-06,7,1,5,3572,49,6.92,1,0.37,0
2025-08-06,7,2,1,4109,36,6.96,2,0.14,0
2025-08-06,7,3,4,4367,17,6.92,3,0.48,0
2025-08-06,7,4,3,3319,61,6.97,4,0.11,0
2025-08-06,7,5,2,4903,59,7.01,5,0.03,0
2025-08-06,7,6,6,5340,21,7.06,6,0.12,0
2025-08-07,3,1,4,5014,34,6.91,1,0.13,0
2025-08-07,3,2,6,3907,31,7.01,2,0.23,0
2025-08-07,3,3,1,4292,66,7.0,3,0.15,0
2025-08-07,3,4,5,5340,21,6.98,6,0.16,0
2025-08-07,3,5,2,4466,10,6.97,4,0.18,0
2025-08-07,3,6,3,4398,45,7.07,5,0.15,0
2025-08-07,6,1,4,4764,23,6.94,1,0.18,0
2025-08-07,6,2,6,3535,8,6.93,2,0.14,0
2025-08-07,6,3,1,5047,47,6.95,4,0.13,0
2025-08-07,6,4,5,4903,59,6.98,5,0.12,0
2025-08-07,6,5,3,4154,53,7.1,3,0.12,0
2025-08-07,6,6,2,5155,1,6.98,6,0.42,0
2025-08-08,9,1,3,4292,66,6.87,1,0.23,0
2025-08-08,9,2,1,3572,49,6.93,2,0.18,0
2025-08-08,9,3,5,3882,11,6.9,3,0.16,0
2025-08-08,9,4,4,5155,1,6.86,4,0.22,0
2025-08-08,9,5,2,5299,6,6.93,5,0.23,0
2025-08-08,9,6,6,5047,47,6.95,6,0.24,0
2025-08-08,10,1,4,4903,59,6.9,1,0.26,0
2025-08-08,10,2,5,5317,18,6.92,2,0.25,0
2025-08-08,10,3,2,4109,36,6.97,3,0.15,0
2025-08-08,10,4,1,3319,61,6.95,4,0.16,0
2025-08-08,10,5,6,4764,23,6.9,5,0.18,0
2025-08-08,10,6,3,4470,14,7.0,6,0.14,0
2025-08-08,11,1,2,4042,46,6.76,1,0.25,0
2025-08-08,11,2,4,4466,10,6.85,2,0.17,0
2025-08-08,11,3,1,4614,65,6.8,3,0.17,0
2025-08-08,11,4,3,4434,27,6.91,4,0.13,0
2025-08-08,11,5,5,4089,20,6.96,5,0.11,0
2025-08-08,11,6,6,3907,31,6.89,6,0.14,0
2025-08-10,1,1,5,3246,29,6.79,1,0.26,0
2025-08-10,1,2,3,5198,50,6.83,2,0.27,0
2025-08-10,1,3,1,5245,55,6.84,3,0.24,0
2025-08-10,1,4,2,5315,16,6.76,4,0.21,0
2025-08-10,1,5,4,4941,20,6.78,5,0.28,0
2025-08-10,1,6,6,3569,61,6.89,6,0.29,0
2025-08-10,2,1,2,3482,6,6.81,1,0.17,0
2025-08-10,2,2,1,4694,49,6.77,2,0.18,0
2025-08-10,2,3,6,4111,28,6.87,3,0.16,0
2025-08-10,2,4,3,4672,8,6.78,4,0.14,0
2025-08-10,2,5,4,5226,39,6.81,5,0.15,0
2025-08-10,2,6,5,3432,13,6.84,6,0.2,0
2025-08-10,5,1,6,3277,11,6.85,1,0.25,0
2025-08-10,5,2,2,5244,48,6.86,2,0.21,0
2025-08-10,5,3,1,4098,35,6.85,3,0.19,0
2025-08-10,5,4,4,5278,21,6.8,4,0.13,0
2025-08-10,5,5,5,4211,36,6.88,5,0.11,0
2025-08-10,5,6,3,5015,45,6.83,6,0.14,0
2025-08-11,1,1,2,3432,13,6.82,1,0.15,0
2025-08-11,1,2,1,5031,40,6.73,2,0.18,0
2025-08-11,1,3,3,5315,16,6.76,3,0.14,0
2025-08-11,1,4,5,5244,48,6.79,5,0.15,0
2025-08-11,1,5,6,5407,51,6.8,6,0.17,0
2025-08-11,1,6,4,3246,29,6.77,4,0.17,0
2025-08-11,2,1,5,4098,35,6.8,1,0.15,0
2025-08-11,2,2,1,4691,31,6.85,2,0.11,0
2025-08-11,2,3,4,5276,4,6.84,3,0.13,0
2025-08-11,2,4,6,3277,11,6.85,4,0.16,0
2025-08-11,2,5,3,5005,9,6.78,5,0.17,0
2025-08-11,2,6,2,4133,14,6.82,6,0.21,0
2025-08-11,3,1,6,3834,5,6.9,2,0.21,0
2025-08-11,3,2,2,4211,36,6.88,3,0.09,0
2025-08-11,3,3,3,4672,8,6.8,4,0.14,0
2025-08-11,3,4,1,5043,15,6.82,5,0.08,0
2025-08-11,3,5,5,5279,34,6.9,6,0.11,0
2025-08-11,3,6,4,3619,64,6.95,1,0.12,0
2025-08-11,4,1,4,3569,61,6.79,1,0.13,0
2025-08-11,4,2,3,4140,52,6.87,2,0.09,0
2025-08-11,4,3,6,5171,18,6.92,3,0.07,0
2025-08-11,4,4,2,4694,49,6.77,4,0.15,0
2025-08-11,4,5,1,5245,55,6.83,5,0.12,0
2025-08-11,4,6,5,4900,19,6.79,6,0.16,0
2025-08-11,5,1,6,4111,28,6.82,1,0.26,0
2025-08-11,5,2,4,4941,20,6.81,2,0.32,0
2025-08-11,5,3,5,5152,60,6.76,3,0.35,0
2025-08-11,5,4,1,5226,39,6.67,4,0.19,0
2025-08-11,5,5,2,5057,47,6.8,5,0.16,0
2025-08-11,5,6,3,4379,62,6.85,6,0.21,0
2025-08-11,6,1,2,4951,58,6.77,1,0.14,0
2025-08-11,6,2,3,5257,41,6.74,2,0.19,0
2025-08-11,6,3,4,3246,29,6.81,3,0.11,0
2025-08-11,6,4,6,4973,7,6.76,4,0.22,0
2025-08-11,6,5,1,4659,54,6.82,5,0.13,0
2025-08-11,6,6,5,3528,23,6.78,6,0.19,0
2025-08-11,7,1,2,4319,56,6.77,1,0.11,0
2025-08-11,7,2,3,5005,9,6.74,2,0.21,0
2025-08-11,7,3,4,5198,50,6.83,3,0.21,0
2025-08-11,7,4,5,4847,17,6.73,4,0.13,0
2025-08-11,7,5,1,5278,21,6.72,5,0.12,0
2025-08-11,7,6,6,5407,51,6.8,6,0.25,0
2025-08-12,1,1,3,5005,9,6.8,1,0.25,0
2025-08-12,1,2,1,3834,5,6.8,2,0.26,0
2025-08-12,1,3,6,5244,48,6.77,3,0.25,0
2025-08-12,1,4,5,5198,50,6.81,4,0.31,0
2025-08-12,1,5,4,5279,34,6.84,5,0.32,0
2025-08-12,1,6,2,4941,20,6.76,6,0.33,0
2025-08-12,2,1,3,5031,40,6.74,1,0.1,0
2025-08-12,2,2,4,3277,11,6.83,2,0.11,0
2025-08-12,2,3,1,4973,7,6.76,3,0.09,0
2025-08-12,2,4,2,5015,45,6.69,4,0.16,0
2025-08-12,2,5,5,3482,6,6.79,5,0.17,0
2025-08-12,2,6,6,5407,51,6.78,6,0.27,0
2025-08-12,4,1,3,4098,35,6.8,1,0.18,0
2025-08-12,4,2,1,4111,28,6.79,2,0.16,0
2025-08-12,4,3,2,4140,52,6.85,3,0.18,0
2025-08-12,4,4,6,5152,60,6.84,4,0.22,0
2025-08-12,4,5,5,5093,25,6.83,5,0.17,0
2025-08-12,4,6,4,4672,8,6.73,6,0.12,0
2025-08-12,5,1,4,3619,64,6.81,1,0.26,0
2025-08-12,5,2,2,4319,56,6.77,2,0.18,0
2025-08-12,5,3,5,4941,20,6.79,3,0.22,0
2025-08-12,5,4,3,4211,36,6.86,4,0.15,0
2025-08-12,5,5,1,4379,62,6.81,5,0.21,0
2025-08-12,5,6,6,5245,55,6.82,6,0.18,0
2025-08-12,6,1,6,5315,16,6.74,1,0.18,0
2025-08-12,6,2,5,3482,6,6.79,2,0.23,0
2025-08-12,6,3,1,4847,17,6.73,3,0.12,0
2025-08-12,6,4,2,5278,21,6.71,4,0.15,0
2025-08-12,6,5,4,3528,23,6.85,5,0.17,0
2025-08-12,6,6,3,4133,14,6.86,6,0.18,0
2025-08-12,7,1,3,5257,41,6.73,1,0.21,0
2025-08-12,7,2,6,5276,4,6.79,2,0.17,0
2025-08-12,7,3,2,5198,50,6.82,3,0.2,0
2025-08-12,7,4,1,5171,18,6.88,4,0.03,0
2025-08-12,7,5,5,4900,19,6.78,5,0.14,0
2025-08-12,7,6,4,4659,54,6.83,6,0.12,0
2025-08-12,10,1,4,4133,14,6.75,1,0.05,0
2025-08-12,10,2,3,5093,25,6.84,2,0.12,0
2025-08-12,10,3,2,5015,45,6.7,3,0.12,0
2025-08-12,10,4,6,5315,16,6.75,4,0.16,0
2025-08-12,10,5,1,5005,9,6.73,5,0.15,0
2025-08-12,10,6,5,5257,41,6.79,6,0.18,0
2025-08-12,12,1,5,4211,36,6.83,1,0.12,0
2025-08-12,12,2,4,4900,19,6.74,2,0.14,0
2025-08-12,12,3,1,5278,21,6.84,3,0.08,0
2025-08-12,12,4,3,5226,39,6.74,4,0.11,0
2025-08-12,12,5,2,4951,58,6.86,5,0.07,0
2025-08-12,12,6,6,5057,47,6.79,6,0.16,0
2025-08-13,1,1,2,5152,60,6.76,1,0.16,0
2025-08-13,1,2,6,3246,29,6.74,2,0.12,0
2025-08-13,1,3,3,3277,11,6.81,3,0.12,0
2025-08-13,1,4,1,4672,8,6.78,4,0.14,0
2025-08-13,1,5,4,3569,61,6.81,5,0.14,0
2025-08-13,1,6,5,5407,51,6.79,6,0.11,0
2025-08-13,2,1,2,4941,20,6.73,1,0.19,0
2025-08-13,2,2,5,5279,34,6.71,2,0.16,0
2025-08-13,2,3,3,3482,6,6.73,3,0.14,0
2025-08-13,2,4,1,4951,58,6.77,4,0.11,0
2025-08-13,2,5,6,5171,18,6.85,5,0.2,0
2025-08-13,2,6,4,4694,49,6.74,6,0.19,0
2025-08-13,7,1,2,4319,56,6.67,1,0.13,0
2025-08-13,7,2,5,5171,18,6.79,2,0.13,0
2025-08-13,7,3,1,4951,58,6.77,3,0.11,0
2025-08-13,7,4,6,3569,61,6.8,4,0.18,0
2025-08-13,7,5,3,5276,4,6.79,5,0.16,0
2025-08-13,7,6,4,4379,62,6.79,6,0.19,0
2025-08-13,9,1,3,4672,8,6.82,1,0.17,0
2025-08-13,9,2,6,3528,23,6.81,2,0.13,0
2025-08-13,9,3,1,5226,39,6.68,3,0.11,0
2025-08-13,9,4,4,3432,13,6.72,4,0.19,0
2025-08-13,9,5,5,4111,28,6.77,5,0.21,0
2025-08-13,9,6,2,5278,21,6.71,6,0.15,0
2025-08-17,4,1,2,4894,25,6.95,1,0.22,0
2025-08-17,4,2,5,4437,60,6.89,2,0.14,0
2025-08-17,4,3,1,4583,62,6.93,3,0.11,0
2025-08-17,4,4,4,5173,49,6.94,4,0.14,0
2025-08-17,4,5,3,5352,31,6.96,6,0.21,0
2025-08-17,4,6,6,3541,43,6.93,5,0.16,0
2025-08-17,9,1,2,4450,57,6.92,1,0.17,0
2025-08-17,9,2,1,4823,46,6.94,2,0.16,0
2025-08-17,9,3,4,5218,6,6.86,3,0.16,0
2025-08-17,9,4,5,5241,27,6.93,4,0.12,0
2025-08-17,9,5,6,5265,41,6.91,5,0.18,0
2025-08-17,9,6,3,5173,49,6.98,6,0.27,0
2025-08-18,3,1,4,4511,36,6.91,1,0.11,0
2025-08-18,3,2,2,3478,1,6.98,2,0.14,0
2025-08-18,3,3,1,3568,16,6.89,3,0.16,0
2025-08-18,3,4,6,5298,20,6.93,4,0.16,0
2025-08-18,3,5,5,4931,7,6.98,5,0.17,0
2025-08-18,3,6,3,5224,53,6.98,6,0.23,0
2025-08-18,4,1,3,5037,21,6.88,1,0.19,0
2025-08-18,4,2,5,4020,11,6.92,2,0.24,0
2025-08-18,4,3,4,4324,55,6.85,3,0.16,0
2025-08-18,4,4,6,5265,41,6.88,4,0.15,0
2025-08-18,4,5,1,4821,15,6.95,6,0.18,0
2025-08-18,4,6,2,3908,39,6.93,5,0.14,0
2025-08-19,3,1,6,4010,14,6.92,1,0.25,0
2025-08-19,3,2,5,5173,49,6.88,2,0.17,0
2025-08-19,3,3,2,4931,7,6.84,3,0.12,0
2025-08-19,3,4,1,3849,18,6.85,4,0.05,0
2025-08-19,3,5,3,3442,58,6.94,5,0.1,0
2025-08-19,3,6,4,5326,4,6.82,6,0.15,0
2025-08-19,4,1,5,3701,10,6.95,1,0.21,0
2025-08-19,4,2,6,3910,51,6.89,2,0.24,0
2025-08-19,4,3,1,4643,45,6.84,3,0.14,0
2025-08-19,4,4,4,4020,11,6.91,6,0.21,0
2025-08-19,4,5,3,5218,6,6.86,4,0.15,0
2025-08-19,4,6,2,4529,65,6.9,5,0.19,0
2025-08-19,5,1,4,4823,46,6.86,1,0.12,0
2025-08-19,5,2,3,3568,16,6.9,2,0.17,0
2025-08-19,5,3,5,4452,66,6.98,3,0.08,0
2025-08-19,5,4,6,3401,59,6.91,4,0.18,0
2025-08-19,5,5,1,4772,61,6.92,5,0.09,0
2025-08-19,5,6,2,4459,40,6.83,6,0.12,0
2025-08-19,6,1,2,4583,62,6.88,1,0.04,0
2025-08-19,6,2,5,4450,57,6.82,2,0.08,0
2025-08-19,6,3,4,5291,37,6.92,3,0.08,0
2025-08-19,6,4,3,4030,29,6.81,4,0.07,0
2025-08-19,6,5,1,5241,27,6.86,5,0.02,0
2025-08-19,6,6,6,3578,13,6.93,6,0.09,0
2025-08-19,7,1,4,5257,56,6.93,1,0.13,0
2025-08-19,7,2,2,3908,39,7.03,2,0.16,0
2025-08-19,7,3,3,4821,15,7.03,3,0.18,0
2025-08-19,7,4,5,3832,9,6.99,4,0.17,0
2025-08-19,7,5,6,5326,4,6.89,6,0.08,0
2025-08-19,7,6,1,4739,52,6.86,5,0.07,0
2025-08-19,12,1,3,3908,39,6.91,1,0.08,0
2025-08-19,12,2,2,5218,6,6.93,2,0.15,0
2025-08-19,12,3,1,4772,61,6.92,5,0.09,0
2025-08-19,12,4,4,4437,60,6.98,6,0.17,0
2025-08-19,12,5,5,4583,62,6.95,3,0.19,0
2025-08-19,12,6,6,3849,18,6.99,4,0.2,0
2025-08-20,4,1,6,4020,11,6.88,1,0.23,0
2025-08-20,4,2,4,4894,25,6.91,2,0.17,0
2025-08-20,4,3,1,3849,18,6.91,3,0.09,0
2025-08-20,4,4,5,3478,1,7.01,4,0.14,0
2025-08-20,4,5,3,3541,43,6.98,5,0.15,0
2025-08-20,4,6,2,3442,58,6.92,6,0.16,0
2025-08-20,5,1,2,3832,9,6.87,1,0.16,0
2025-08-20,5,2,6,4437,60,6.94,2,0.12,0
2025-08-20,5,3,1,4324,55,6.98,3,0.15,0
2025-08-20,5,4,4,4821,15,7.01,6,0.31,0
2025-08-20,5,5,3,4348,8,7.04,4,0.41,0
2025-08-20,5,6,5,3701,10,7.04,5,0.29,0
2025-08-20,7,1,6,3578,13,7.0,1,0.19,0
2025-08-20,7,2,2,3401,59,7.02,2,0.15,0
2025-08-20,7,3,4,4823,46,6.96,3,0.08,0
2025-08-20,7,4,1,4643,45,6.93,4,0.08,0
2025-08-20,7,5,5,5224,53,6.98,5,0.15,0
2025-08-20,7,6,3,4583,62,6.98,6,0.18,0
2025-08-20,10,1,2,4030,29,6.97,1,0.09,0
2025-08-20,10,2,5,4348,8,6.97,2,0.13,0
2025-08-20,10,3,3,4772,61,6.9,3,0.07,0
2025-08-20,10,4,4,4010,14,6.98,4,0.08,0
2025-08-20,10,5,1,3908,39,6.88,5,0.06,0
2025-08-20,10,6,6,3478,1,7.04,6,0.13,0
2025-08-21,3,1,3,5241,27,6.91,1,0.19,0
2025-08-21,3,2,1,4931,7,7.04,2,0.25,0
2025-08-21,3,3,4,3442,58,7.07,3,0.14,0
2025-08-21,3,4,5,3832,9,6.97,4,0.15,0
2025-08-21,3,5,6,4437,60,6.97,5,0.11,0
2025-08-21,3,6,2,4772,61,6.98,6,0.11,0
2025-08-21,4,1,2,4821,15,6.91,1,0.14,0
2025-08-21,4,2,3,4583,62,6.95,2,0.09,0
2025-08-21,4,3,6,5298,20,7.0,3,0.13,0
2025-08-21,4,4,5,5326,4,6.93,4,0.13,0
2025-08-21,4,5,1,3908,39,6.9,5,0.08,0
2025-08-21,4,6,4,5224,53,6.92,6,0.12,0
2025-08-21,5,1,2,4348,8,6.94,1,0.22,0
2025-08-21,5,2,6,3578,13,6.95,2,0.27,0
2025-08-21,5,3,5,3478,1,6.87,3,0.26,0
2025-08-21,5,4,4,4529,65,6.96,4,0.34,0
2025-08-21,5,5,1,4643,45,6.9,5,0.23,0
2025-08-21,5,6,3,4459,40,6.9,6,0.18,0
2025-08-21,6,1,4,5257,56,6.78,1,0.13,0
2025-08-21,6,2,5,4894,25,6.92,2,0.19,0
2025-08-21,6,3,1,3849,18,6.84,3,0.07,0
2025-08-21,6,4,6,5265,41,6.83,4,0.23,0
2025-08-21,6,5,2,5173,49,6.89,5,0.12,0
2025-08-21,6,6,3,4030,29,6.91,6,0.11,0
2025-08-21,10,1,2,4772,61,6.83,1,0.07,0
2025-08-21,10,2,1,4643,45,6.9,2,0.05,0
2025-08-21,10,3,5,4529,65,6.95,3,0.07,0
2025-08-21,10,4,6,3849,18,6.9,4,0.04,0
2025-08-21,10,5,4,4583,62,6.93,5,0.08,0
2025-08-21,10,6,3,4852,19,6.93,6,0.12,0
2025-08-22,1,1,6,3401,59,6.91,1,0.21,0
2025-08-22,1,2,4,3701,10,6.98,2,0.21,0
2025-08-22,1,3,3,4020,11,6.93,3,0.24,0
2025-08-22,1,4,5,5265,41,6.91,4,0.13,0
2025-08-22,1,5,1,3478,1,6.91,5,0.07,0
2025-08-22,1,6,2,5352,31,6.89,6,0.05,0
2025-08-22,2,1,2,4821,15,6.89,1,0.26,0
2025-08-22,2,2,6,3910,51,6.98,2,0.19,0
2025-08-22,2,3,3,3832,9,6.87,3,0.18,0
2025-08-22,2,4,4,4511,36,6.95,4,0.26,0
2025-08-22,2,5,1,4452,66,6.93,5,0.27,0
2025-08-22,2,6,5,5326,4,6.86,6,0.31,0
2025-08-22,3,1,6,4931,7,6.94,1,0.21,0
2025-08-22,3,2,1,5037,21,6.89,2,0.24,0
2025-08-22,3,3,4,5291,37,6.86,3,0.26,0
2025-08-22,3,4,5,5173,49,6.97,4,0.17,0
2025-08-22,3,5,3,4010,14,6.96,5,0.21,0
2025-08-22,3,6,2,4348,8,6.92,6,0.19,0
2025-08-22,10,1,6,3442,58,6.86,1,0.22,0
2025-08-22,10,2,4,4852,19,6.94,2,0.17,0
2025-08-22,10,3,3,5257,56,6.9,3,0.21,0
2025-08-22,10,4,2,4529,65,6.95,4,0.08,0
2025-08-22,10,5,1,4931,7,6.96,5,0.09,0
2025-08-22,10,6,5,5241,27,6.88,6,0.04,0
2025-09-03,1,1,3,3211,21,6.96,1,0.25,0
2025-09-03,1,2,1,4181,43,6.91,2,0.24,0
2025-09-03,1,3,5,3718,48,6.91,3,0.22,0
2025-09-03,1,4,2,4498,22,6.9,5,0.22,0
2025-09-03,1,5,6,5407,35,6.99,6,0.26,0
2025-09-03,1,6,4,3507,40,6.95,4,0.28,0
2025-09-03,2,1,2,4110,45,6.94,1,0.23,0
2025-09-03,2,2,3,4394,51,6.96,2,0.15,0
2025-09-03,2,3,6,5176,17,6.93,6,0.25,0
2025-09-03,2,4,4,4163,8,6.87,3,0.19,0
2025-09-03,2,5,1,5339,7,6.77,4,0.17,0
2025-09-03,2,6,5,4040,52,6.88,5,0.17,0
2025-09-03,3,1,2,3699,1,6.91,1,0.08,0
2025-09-03,3,2,1,3663,15,6.98,2,0.09,0
2025-09-03,3,3,6,5312,38,6.92,3,0.1,0
2025-09-03,3,4,5,5127,34,6.91,4,0.13,0
2025-09-03,3,5,4,4377,3,6.99,5,0.09,0
2025-09-03,3,6,3,4278,16,6.97,6,0.12,0
2025-09-03,4,1,6,4253,11,6.93,1,0.2,0
2025-09-03,4,2,5,4474,5,6.93,2,0.16,0
2025-09-03,4,3,2,3554,46,6.9,3,0.17,0
2025-09-03,4,4,1,4832,4,6.82,5,0.04,0
2025-09-03,4,5,3,4661,37,6.97,6,0.23,0
2025-09-03,4,6,4,3629,56,6.99,4,0.18,0
2025-09-03,5,1,4,4094,14,6.85,1,0.15,0
2025-09-03,5,2,3,4174,13,6.88,2,0.17,0
2025-09-03,5,3,5,4409,47,6.84,3,0.11,0
2025-09-03,5,4,6,4981,44,6.92,4,0.16,0
2025-09-03,5,5,1,4808,9,6.93,5,0.11,0
2025-09-03,5,6,2,3567,53,6.87,6,0.16,0
2025-09-03,6,1,3,4154,49,6.86,1,0.03,0
2025-09-03,6,2,5,4982,2,6.93,2,0.11,0
2025-09-03,6,3,1,3641,18,6.85,3,0.09,0
2025-09-03,6,4,6,4047,12,6.92,4,0.13,0
2025-09-03,6,5,4,3211,21,6.95,5,0.08,0
2025-09-03,6,6,2,4448,20,6.84,6,0.07,0
2025-09-04,2,1,2,3967,41,7.05,1,0.17,0
2025-09-04,2,2,1,4981,44,6.97,2,0.18,0
2025-09-04,2,3,3,4832,4,6.94,3,0.16,0
2025-09-04,2,4,4,3826,10,6.97,4,0.12,0
2025-09-04,2,5,5,4656,55,6.99,5,0.15,0
2025-09-04,2,6,6,5407,35,6.94,6,0.17,0
2025-09-04,3,1,4,4474,5,6.96,1,0.22,0
2025-09-04,3,2,5,4740,19,6.98,3,0.18,0
2025-09-04,3,3,3,4047,12,6.99,4,0.15,0
2025-09-04,3,4,6,4110,45,6.99,5,0.23,0
2025-09-04,3,5,1,4154,49,6.89,2,0.28,0
2025-09-04,3,6,2,5089,36,6.92,6,0.27,0
2025-09-04,5,1,5,3663,15,6.99,1,0.26,0
2025-09-04,5,2,6,3699,1,7.09,2,0.18,0
2025-09-04,5,3,4,3507,40,7.06,3,0.19,0
2025-09-04,5,4,2,4174,13,6.96,4,0.11,0
2025-09-04,5,5,1,4409,47,7.04,5,0.09,0
2025-09-04,5,6,3,4549,6,7.04,6,0.2,0
2025-09-04,6,1,2,3362,50,6.92,1,0.22,0
2025-09-04,6,2,5,3211,21,6.97,2,0.22,0
2025-09-04,6,3,1,4377,3,6.99,3,0.19,0
2025-09-04,6,4,3,5136,54,6.96,4,0.37,0
2025-09-04,6,5,4,5127,34,6.94,5,0.24,0
2025-09-04,6,6,6,3804,39,6.89,6,0.24,0
2025-09-05,2,1,4,3507,40,6.81,1,0.21,0
2025-09-05,2,2,2,3967,41,6.93,2,0.29,0
2025-09-05,2,3,6,4549,6,6.81,4,0.28,0
2025-09-05,2,4,5,3567,53,6.79,5,0.2,0
2025-09-05,2,5,1,4740,19,6.89,6,0.27,0
2025-09-05,2,6,3,3362,50,6.94,3,0.17,0
2025-09-05,4,1,3,4181,43,6.85,1,0.19,0
2025-09-05,4,2,1,5127,34,6.81,2,0.26,0
2025-09-05,4,3,2,5089,36,6.82,3,0.18,0
2025-09-05,4,4,5,4163,8,6.85,4,0.16,0
2025-09-05,4,5,6,3699,1,6.94,5,0.15,0
2025-09-05,4,6,4,4498,22,6.9,6,0.17,0
2025-09-05,10,1,2,3641,18,6.87,1,0.12,0
2025-09-05,10,2,6,3507,40,6.81,2,0.18,0
2025-09-05,10,3,1,4448,20,6.81,3,0.12,0
2025-09-05,10,4,5,4808,9,6.82,4,0.13,0
2025-09-05,10,5,4,3718,48,6.86,5,0.14,0
2025-09-05,10,6,3,3699,1,6.89,6,0.13,0
2025-09-06,2,1,2,4656,55,6.88,1,0.04,0
2025-09-06,2,2,5,3826,10,6.83,2,0.06,0
2025-09-06,2,3,1,4498,22,6.88,3,0.07,0
2025-09-06,2,4,4,4982,2,6.85,4,0.16,0
2025-09-06,2,5,6,5407,35,6.9,6,0.21,0
2025-09-06,2,6,3,4154,49,6.85,5,0.22,0
2025-09-06,5,1,6,4661,37,6.91,1,0.09,0
2025-09-06,5,2,2,3362,50,6.85,2,0.13,0
2025-09-06,5,3,4,3641,18,6.92,3,0.13,0
2025-09-06,5,4,3,4474,5,6.91,4,0.15,0
2025-09-06,5,5,5,3804,39,6.84,6,0.15,0
2025-09-06,5,6,1,4448,20,6.81,5,0.11,0
2025-09-06,8,1,2,5089,36,6.88,1,0.09,0
2025-09-06,8,2,1,4549,6,6.9,2,0.11,0
2025-09-06,8,3,4,4394,51,6.95,3,0.05,0
2025-09-06,8,4,3,4040,52,6.91,4,0.12,0
2025-09-06,8,5,6,4047,12,6.95,5,0.15,0
2025-09-06,8,6,5,5407,35,6.93,6,0.14,0
2025-09-06,10,1,2,3554,46,6.89,1,0.19,0
2025-09-06,10,2,3,4377,3,6.97,2,0.18,0
2025-09-06,10,3,5,4740,19,6.86,3,0.13,0
2025-09-06,10,4,1,5339,7,6.87,5,0.07,0
2025-09-06,10,5,6,3362,50,6.93,4,0.22,0
2025-09-06,10,6,4,4163,8,6.91,6,0.15,0
2025-09-06,11,1,2,4278,16,6.85,1,0.12,0
2025-09-06,11,2,5,5089,36,6.78,2,0.25,0
2025-09-06,11,3,6,5136,54,6.92,3,0.29,0
2025-09-06,11,4,4,3641,18,6.93,4,0.21,0
2025-09-06,11,5,1,3663,15,6.84,5,0.19,0
2025-09-06,11,6,3,4832,4,6.88,6,0.18,0
2025-09-06,12,1,6,4982,2,6.86,1,0.38,0
2025-09-06,12,2,1,4409,47,6.94,2,0.17,0
2025-09-06,12,3,2,3629,56,6.96,4,0.13,0
2025-09-06,12,4,3,4154,49,6.84,3,0.19,0
2025-09-06,12,5,4,4549,6,6.98,5,0.17,0
2025-09-06,12,6,5,5127,34,6.86,6,0.23,0
2025-09-07,1,1,5,5176,17,6.82,1,0.21,0
2025-09-07,1,2,1,3804,39,6.85,2,0.16,0
2025-09-07,1,3,2,4656,55,6.88,3,0.12,0
2025-09-07,1,4,3,4181,43,6.91,4,0.23,0
2025-09-07,1,5,4,3967,41,7.0,5,0.26,0
2025-09-07,1,6,6,5407,35,6.95,6,0.24,0
2025-09-07,3,1,6,5312,38,6.92,1,0.31,0
2025-09-07,3,2,3,4047,12,6.88,2,0.18,0
2025-09-07,3,3,1,3629,56,6.91,3,0.09,0
2025-09-07,3,4,5,4094,14,7.0,4,0.19,0
2025-09-07,3,5,2,4040,52,6.78,5,0.29,0
2025-09-07,3,6,4,4498,22,6.95,6,0.21,0
2025-09-07,9,1,2,4154,49,6.84,1,0.11,0
2025-09-07,9,2,1,4409,47,6.96,2,0.14,0
2025-09-07,9,3,3,4040,52,6.85,3,0.12,0
2025-09-07,9,4,5,3718,48,6.95,4,0.12,0
2025-09-07,9,5,4,4394,51,6.91,5,0.16,0
2025-09-07,9,6,6,4661,37,6.99,6,0.21,0
2025-09-07,10,1,2,4498,22,6.79,1,0.24,0
2025-09-07,10,2,5,4832,4,6.83,3,0.32,0
2025-09-07,10,3,4,4163,8,6.82,4,0.18,0
2025-09-07,10,4,1,5089,36,6.84,5,0.29,0
2025-09-07,10,5,6,3567,53,6.92,6,0.34,0
2025-09-07,10,6,3,3362,50,6.97,2,0.14,0
2025-09-12,1,1,2,4894,45,7.0,1,0.39,0
2025-09-12,1,2,1,4995,61,7.08,3,0.31,0
2025-09-12,1,3,3,5124,24,7.01,4,0.31,0
2025-09-12,1,4,6,5117,6,6.9,5,0.32,0
2025-09-12,1,5,4,5313,43,6.96,6,0.33,0
2025-09-12,1,6,5,3687,23,6.94,2,0.39,0
2025-09-12,2,1,6,3901,26,6.99,1,0.29,0
2025-09-12,2,2,5,4728,4,6.94,2,0.28,0
2025-09-12,2,3,1,4931,8,6.92,3,0.16,0
2025-09-12,2,4,4,4289,66,6.94,4,0.19,0
2025-09-12,2,5,2,3740,60,6.86,5,0.12,0
2025-09-12,2,6,3,3516,32,6.97,6,0.09,0
2025-09-12,3,1,5,4615,36,6.89,1,0.11,0
2025-09-12,3,2,3,5029,9,6.91,2,0.13,0
2025-09-12,3,3,2,4826,11,6.99,3,0.15,0
2025-09-12,3,4,1,4034,58,6.93,4,0.16,0
2025-09-12,3,5,6,4177,1,6.95,5,0.11,0
2025-09-12,3,6,4,4277,38,6.98,6,0.13,0
2025-09-12,4,1,6,5065,25,6.96,1,0.19,0
2025-09-12,4,2,3,4893,33,6.92,2,0.1,0
2025-09-12,4,3,4,3878,63,6.91,3,0.09,0
2025-09-12,4,4,5,4864,30,6.94,4,0.13,0
2025-09-12,4,5,1,4653,28,7.0,5,0.15,0
2025-09-12,4,6,2,3484,5,6.97,6,0.22,0
2025-09-12,5,1,3,3713,31,6.92,1,0.26,0
2025-09-12,5,2,4,4247,37,7.05,2,0.32,0
2025-09-12,5,3,1,3822,46,6.85,3,0.19,0
2025-09-12,5,4,5,5313,43,7.01,4,0.17,0
2025-09-12,5,5,2,4372,41,7.02,5,0.15,0
2025-09-12,5,6,6,5145,10,6.86,6,0.28,0
2025-09-12,6,1,2,4718,34,6.86,1,0.09,0
2025-09-12,6,2,4,3687,23,6.85,2,0.13,0
2025-09-12,6,3,6,4899,65,6.94,3,0.14,0
2025-09-12,6,4,3,4790,12,6.84,4,0.12,0
2025-09-12,6,5,1,4475,35,6.82,5,0.16,0
2025-09-12,6,6,5,4138,59,6.88,6,0.24,0
2025-09-12,11,1,2,4653,28,6.95,1,0.12,0
2025-09-12,11,2,3,4931,8,6.99,2,0.11,0
2025-09-12,11,3,1,4790,12,6.94,3,0.11,0
2025-09-12,11,4,4,4995,61,6.92,4,0.13,0
2025-09-12,11,5,5,5029,9,6.94,5,0.08,0
2025-09-12,11,6,6,4247,37,6.88,6,0.15,0
2025-09-13,2,1,3,4138,59,6.96,1,0.29,0
2025-09-13,2,2,2,4714,7,6.96,2,0.29,0
2025-09-13,2,3,1,5029,9,7.02,3,0.21,0
2025-09-13,2,4,5,4615,36,7.01,4,0.26,0
2025-09-13,2,5,4,4348,40,7.01,5,0.22,0
2025-09-13,2,6,6,5313,43,7.04,6,0.21,0
2025-09-13,3,1,2,3516,32,6.95,1,0.08,0
2025-09-13,3,2,6,4864,30,6.87,3,0.12,0
2025-09-13,3,3,4,4627,3,6.95,4,0.11,0
2025-09-13,3,4,5,5065,25,6.96,6,0.05,0
2025-09-13,3,5,3,4894,45,6.92,5,0.11,0
2025-09-13,3,6,1,4475,35,6.9,2,0.06,0
2025-09-13,4,1,3,5124,24,6.96,1,0.11,0
2025-09-13,4,2,2,3713,31,6.88,2,0.14,0
2025-09-13,4,3,1,3841,57,6.89,3,0.11,0
2025-09-13,4,4,4,3740,60,6.9,4,0.15,0
2025-09-13,4,5,5,4995,61,7.0,5,0.21,0
2025-09-13,4,6,6,4289,66,6.92,6,0.14,0
2025-09-13,5,1,6,4177,1,6.92,1,0.09,0
2025-09-13,5,2,3,3499,27,7.0,2,0.14,0
2025-09-13,5,3,2,5117,6,6.91,3,0.18,0
2025-09-13,5,4,5,3687,23,6.94,4,0.18,0
2025-09-13,5,5,1,3901,26,6.99,5,0.19,0
2025-09-13,5,6,4,4496,64,6.95,6,0.19,0
2025-09-13,8,1,3,4381,2,6.81,1,0.13,0
2025-09-13,8,2,2,5145,10,6.85,2,0.08,0
2025-09-13,8,3,5,4864,30,6.92,3,0.07,0
2025-09-13,8,4,4,4247,37,6.94,4,0.13,0
2025-09-13,8,5,1,4138,59,6.92,5,0.11,0
2025-09-13,8,6,6,5326,47,6.93,6,0.12,0
2025-09-13,9,1,3,5029,9,6.92,1,0.34,0
2025-09-13,9,2,2,4790,12,6.91,2,0.32,0
2025-09-13,9,3,4,4894,45,6.97,3,0.41,0
2025-09-13,9,4,5,4208,39,6.9,4,0.25,0
2025-09-13,9,5,6,4728,4,7.03,5,0.31,0
2025-09-13,9,6,1,3822,46,6.89,6,0.24,0
2025-09-13,10,1,6,4102,29,6.94,1,0.22,0
2025-09-13,10,2,5,4475,35,6.91,2,0.13,0
2025-09-13,10,3,1,4653,28,6.94,3,0.08,0
2025-09-13,10,4,2,4718,34,6.84,4,0.04,0
2025-09-13,10,5,4,3713,31,6.94,5,0.07,0
2025-09-13,10,6,3,4714,7,6.89,6,0.04,0
2025-09-14,1,1,2,4034,58,7.01,1,0.05,0
2025-09-14,1,2,6,5117,6,7.01,3,0.01,0
2025-09-14,1,3,3,4177,1,7.06,4,0.07,0
2025-09-14,1,4,4,5124,24,6.99,5,0.04,0
2025-09-14,1,5,5,3516,32,6.93,6,0.08,0
2025-09-14,1,6,1,3713,31,7.0,2,0.07,0
2025-09-14,2,1,4,4893,33,6.89,1,0.24,0
2025-09-14,2,2,6,3901,26,7.0,2,0.35,0
2025-09-14,2,3,2,4995,61,6.95,3,0.24,0
2025-09-14,2,4,1,4138,59,6.93,4,0.22,0
2025-09-14,2,5,5,5313,43,6.98,5,0.23,0
2025-09-14,2,6,3,4381,2,6.84,6,0.21,0
2025-09-14,3,1,3,3687,23,6.91,1,0.18,0
2025-09-14,3,2,6,4289,66,6.91,2,0.19,0
2025-09-14,3,3,4,4475,35,6.89,3,0.13,0
2025-09-14,3,4,5,4277,38,6.99,4,0.04,0
2025-09-14,3,5,1,5065,25,6.99,5,0.05,0
2025-09-14,3,6,2,4931,8,6.91,6,0.09,0
2025-09-14,5,1,6,4899,65,6.92,1,0.11,0
2025-09-14,5,2,4,5124,24,6.96,2,0.12,0
2025-09-14,5,3,3,4314,44,6.92,3,0.08,0
2025-09-14,5,4,1,3822,46,6.85,4,0.09,0
2025-09-14,5,5,2,5145,10,6.92,5,0.15,0
2025-09-14,5,6,5,5326,47,6.93,6,0.21,0
2025-09-14,10,1,2,4314,44,6.94,1,0.14,0
2025-09-14,10,2,6,4277,38,6.92,2,0.15,0
2025-09-14,10,3,3,3740,60,6.97,3,0.08,0
2025-09-14,10,4,1,4518,62,6.92,4,0.11,0
2025-09-14,10,5,4,4790,12,6.88,5,0.07,0
2025-09-14,10,6,5,4995,61,6.87,6,0.11,0
2025-09-15,2,1,6,5117,6,6.97,1,0.32,0
2025-09-15,2,2,2,4348,40,6.98,2,0.16,0
2025-09-15,2,3,1,3516,32,7.01,3,0.13,0
2025-09-15,2,4,4,5326,47,6.91,4,0.16,0
2025-09-15,2,5,3,4381,2,6.9,5,0.11,0
2025-09-15,2,6,5,4615,36,6.95,6,0.19,0
2025-09-15,8,1,2,4208,39,6.87,1,0.19,0
2025-09-15,8,2,5,3484,5,6.96,2,0.26,0
2025-09-15,8,3,3,3713,31,6.94,3,0.21,0
2025-09-15,8,4,1,5029,9,6.93,4,0.18,0
2025-09-15,8,5,4,4615,36,7.0,5,0.22,0
2025-09-15,8,6,6,4894,45,6.9,6,0.19,0
2025-09-15,10,1,4,4826,11,6.99,1,0.33,0
2025-09-15,10,2,3,4518,62,6.9,2,0.19,0
2025-09-15,10,3,6,4277,38,6.93,3,0.14,0
2025-09-15,10,4,5,4627,3,6.92,4,0.13,0
2025-09-15,10,5,1,4864,30,6.95,5,0.02,0
2025-09-15,10,6,2,5065,25,6.97,6,0.04,0
2025-09-15,11,1,3,4381,2,6.88,1,0.19,0
2025-09-15,11,2,4,4931,8,6.95,2,0.16,0
2025-09-15,11,3,1,4314,44,6.95,3,0.11,0
2025-09-15,11,4,6,4372,41,6.98,4,0.12,0
2025-09-15,11,5,5,3499,27,6.99,5,0.07,0
2025-09-15,11,6,2,4653,28,7.06,6,0.12,0
2025-09-15,12,1,2,3822,46,6.79,1,0.2,0
2025-09-15,12,2,6,3740,60,6.93,2,0.28,0
2025-09-15,12,3,3,4102,29,6.97,3,0.14,0
2025-09-15,12,4,5,3841,57,6.9,4,0.12,0
2025-09-15,12,5,1,4208,39,6.93,5,0.12,0
2025-09-15,12,6,4,4348,40,6.96,6,0.16,0
2025-09-16,3,1,2,3516,32,6.94,1,0.14,0
2025-09-16,3,2,6,4102,29,6.9,3,0.21,0
2025-09-16,3,3,1,4518,62,6.92,4,0.19,0
2025-09-16,3,4,3,3484,5,6.99,5,0.21,0
2025-09-16,3,5,4,3687,23,6.96,2,0.14,0
2025-09-16,3,6,5,4790,12,6.88,6,0.21,0
2025-09-16,5,1,3,5145,10,6.85,1,0.19,0
2025-09-16,5,2,5,4381,2,6.84,2,0.23,0
2025-09-16,5,3,6,4995,61,6.89,3,0.31,0
2025-09-16,5,4,1,4138,59,6.94,4,0.16,0
2025-09-16,5,5,4,4247,37,6.95,5,0.18,0
2025-09-16,5,6,2,4931,8,6.98,6,0.18,0
2025-09-16,6,1,4,4314,44,6.93,1,0.23,0
2025-09-16,6,2,6,4177,1,7.07,2,0.2,0
2025-09-16,6,3,5,3901,26,7.06,3,0.16,0
2025-09-16,6,4,1,4826,11,6.91,4,0.04,0
2025-09-16,6,5,3,4277,38,6.94,5,0.03,0
2025-09-16,6,6,2,4496,64,6.95,6,0.08,0
2025-09-16,7,1,2,4718,34,6.92,1,0.16,0
2025-09-16,7,2,5,4899,65,7.08,2,0.16,0
2025-09-16,7,3,3,4615,36,7.04,3,0.19,0
2025-09-16,7,4,4,3499,27,7.03,4,0.11,0
2025-09-16,7,5,6,5117,6,7.01,5,0.08,0
2025-09-16,7,6,1,3822,46,6.89,6,0.02,0
2025-09-17,2,1,5,5124,24,6.95,1,0.16,0
2025-09-17,2,2,1,5029,9,6.96,2,0.09,0
2025-09-17,2,3,6,5065,25,6.95,3,0.08,0
2025-09-17,2,4,4,4372,41,7.0,4,0.14,0
2025-09-17,2,5,2,3841,57,6.91,5,0.14,0
2025-09-17,2,6,3,4931,8,6.98,6,0.14,0
2025-09-17,3,1,2,3484,5,7.02,1,0.12,0
2025-09-17,3,2,6,4995,61,6.96,2,0.14,0
2025-09-17,3,3,3,3901,26,7.09,3,0.09,0
2025-09-17,3,4,4,4718,34,6.95,4,0.03,0
2025-09-17,3,5,1,4208,39,6.93,5,0.02,0
2025-09-17,3,6,5,4864,30,6.97,6,0.01,0
2025-09-17,4,1,2,4247,37,6.99,1,0.12,0
2025-09-17,4,2,4,4277,38,6.95,2,0.12,0
2025-09-17,4,3,5,4714,7,6.98,3,0.08,0
2025-09-17,4,4,1,4381,2,6.93,4,0.16,0
2025-09-17,4,5,5,4034,58,6.98,5,0.14,0
2025-09-17,4,6,3,4790,12,6.93,6,0.19,0
2025-09-17,9,1,3,4790,12,6.88,1,0.25,0
2025-09-17,9,2,2,3841,57,6.98,2,0.15,0
2025-09-17,9,3,1,4208,39,6.98,3,0.13,0
2025-09-17,9,4,5,3484,5,6.97,4,0.16,0
2025-09-17,9,5,6,5029,9,6.91,5,0.08,0
2025-09-17,9,6,4,4381,2,6.91,6,0.13,0
2025-09-17,10,1,3,4931,8,6.85,1,0.05,0
2025-09-17,10,2,5,4475,35,6.89,2,0.15,0
2025-09-17,10,3,6,4718,34,6.91,3,0.15,0
2025-09-17,10,4,2,4627,3,6.94,4,0.05,0
2025-09-17,10,5,4,4995,61,6.97,5,0.06,0
2025-09-17,10,6,1,4826,11,6.98,6,0.09,0
2025-09-18,7,1,2,4381,2,6.79,1,0.15,0
2025-09-18,7,2,6,5117,6,6.91,2,0.16,0
2025-09-18,7,3,5,3687,23,6.95,3,0.18,0
2025-09-18,7,4,1,4899,65,7.01,4,0.09,0
2025-09-18,7,5,4,5065,25,6.88,5,0.08,0
2025-09-18,7,6,3,4475,35,6.85,6,0.13,0
2025-09-25,1,1,6,3578,61,6.9,1,0.24,0
2025-09-25,1,2,4,3964,53,6.82,2,0.31,0
2025-09-25,1,3,2,3508,55,6.94,3,0.29,0
2025-09-25,1,4,3,3616,33,6.9,4,0.22,0
2025-09-25,1,5,1,3981,18,6.83,5,0.22,0
2025-09-25,1,6,5,3935,37,6.94,6,0.28,0
2025-09-25,2,1,3,3921,32,6.85,1,0.31,0
2025-09-25,2,2,5,3381,63,6.85,2,0.26,0
2025-09-25,2,3,2,3612,65,6.85,3,0.23,0
2025-09-25,2,4,1,3406,54,6.85,4,0.14,0
2025-09-25,2,5,4,3430,30,6.87,5,0.15,0
2025-09-25,2,6,6,3825,24,6.94,6,0.12,0
2025-09-25,4,1,3,3934,66,6.94,1,0.11,0
2025-09-25,4,2,4,3809,22,6.94,2,0.14,0
2025-09-25,4,3,5,3906,58,6.9,3,0.11,0
2025-09-25,4,4,1,3849,34,6.9,4,0.07,0
2025-09-25,4,5,6,3514,16,6.85,5,0.13,0
2025-09-25,4,6,2,3613,49,6.91,6,0.12,0
2025-09-25,5,1,3,3502,51,6.91,1,0.25,0
2025-09-25,5,2,2,3876,21,6.8,2,0.29,0
2025-09-25,5,3,6,4036,56,6.85,3,0.18,0
2025-09-25,5,4,4,3784,36,6.84,4,0.17,0
2025-09-25,5,5,5,3911,20,6.86,6,0.21,0
2025-09-25,5,6,1,4024,57,6.88,5,0.17,0
2025-09-25,8,1,2,3635,13,6.79,1,0.13,0
2025-09-25,8,2,6,3430,30,6.87,2,0.12,0
2025-09-25,8,3,3,3964,53,6.79,3,0.16,0
2025-09-25,8,4,1,3997,14,6.81,4,0.09,0
2025-09-25,8,5,4,3392,35,6.76,5,0.11,0
2025-09-25,8,6,5,4028,17,6.96,6,0.16,0
2025-09-26,2,1,4,3430,30,6.84,1,0.23,0
2025-09-26,2,2,6,3578,61,7.01,2,0.35,0
2025-09-26,2,3,5,3502,51,6.93,3,0.23,0
2025-09-26,2,4,2,3912,60,6.72,4,0.17,0
2025-09-26,2,5,3,3434,23,6.91,5,0.17,0
2025-09-26,2,6,1,3412,29,6.92,6,0.11,0
2025-09-26,4,1,2,3981,18,6.82,1,0.13,0
2025-09-26,4,2,6,3743,19,6.89,2,0.21,0
2025-09-26,4,3,4,3392,35,6.9,3,0.14,0
2025-09-26,4,4,3,3635,13,6.91,4,0.12,0
2025-09-26,4,5,1,3876,21,6.81,5,0.11,0
2025-09-26,4,6,5,3508,55,6.87,6,0.19,0
2025-09-26,5,1,2,3514,16,6.86,1,0.07,0
2025-09-26,5,2,5,3922,62,6.78,2,0.13,0
2025-09-26,5,3,1,3777,59,6.77,3,0.06,0
2025-09-26,5,4,4,3809,22,6.94,4,0.12,0
2025-09-26,5,5,6,4025,50,6.79,5,0.04,0
2025-09-26,5,6,3,4036,56,6.85,6,0.03,0
2025-09-26,6,1,4,4012,1,6.92,1,0.13,0
2025-09-26,6,2,3,3825,24,6.83,2,0.15,0
2025-09-26,6,3,2,3997,14,6.81,4,0.09,0
2025-09-26,6,4,5,3381,63,6.92,5,0.09,0
2025-09-26,6,5,1,3966,28,6.91,6,0.08,0
2025-09-26,6,6,6,3502,51,6.95,3,0.12,0
2025-09-26,7,1,2,3784,36,6.76,1,0.11,0
2025-09-26,7,2,1,4061,48,6.86,2,0.09,0
2025-09-26,7,3,4,3935,37,6.88,3,0.11,0
2025-09-26,7,4,6,3434,23,6.92,4,0.06,0
2025-09-26,7,5,5,3849,34,6.84,5,0.04,0
2025-09-26,7,6,3,3406,54,6.83,6,0.08,0
2025-09-27,1,1,3,4010,26,6.77,1,0.21,0
2025-09-27,1,2,6,3616,33,6.82,2,0.14,0
2025-09-27,1,3,1,3381,63,6.75,3,0.14,0
2025-09-27,1,4,5,3935,37,6.86,4,0.11,0
2025-09-27,1,5,4,3964,53,6.81,6,0.15,0
2025-09-27,1,6,2,3809,22,6.95,5,0.11,0
2025-09-27,2,1,2,3906,58,6.83,1,0.15,0
2025-09-27,2,2,1,3514,16,6.81,2,0.1,0
2025-09-27,2,3,5,3981,18,6.81,3,0.11,0
2025-09-27,2,4,4,3922,62,6.8,4,0.11,0
2025-09-27,2,5,3,3997,14,6.84,5,0.09,0
2025-09-27,2,6,6,3912,60,6.68,6,0.07,0
2025-09-27,3,1,2,3508,55,6.86,1,0.21,0
2025-09-27,3,2,1,3406,54,6.75,2,0.21,0
2025-09-27,3,3,5,3430,30,6.78,3,0.18,0
2025-09-27,3,4,4,3556,52,6.83,4,0.23,0
2025-09-27,3,5,3,3578,61,6.89,5,0.18,0
2025-09-27,3,6,6,3392,35,6.78,6,0.22,0
2025-09-27,4,1,4,3825,24,6.84,1,0.09,0
2025-09-27,4,2,1,3966,28,6.85,2,0.15,0
2025-09-27,4,3,3,3784,36,6.8,3,0.14,0
2025-09-27,4,4,5,3934,66,6.9,4,0.16,0
2025-09-27,4,5,2,3907,64,6.93,5,0.2,0
2025-09-27,4,6,6,3635,13,6.86,6,0.14,0
2025-09-27,5,1,3,3434,23,6.85,1,0.16,0
2025-09-27,5,2,1,3502,51,6.9,2,0.17,0
2025-09-27,5,3,5,4012,1,6.93,3,0.12,0
2025-09-27,5,4,2,4025,50,6.84,4,0.19,0
2025-09-27,5,5,4,3613,49,6.85,5,0.21,0
2025-09-27,5,6,6,3921,32,6.9,6,0.25,0
2025-09-27,7,1,4,3935,37,6.88,1,0.06,0
2025-09-27,7,2,1,3779,25,6.71,2,0.06,0
2025-09-27,7,3,2,3853,31,6.82,3,0.09,0
2025-09-27,7,4,6,3981,18,6.87,4,0.11,0
2025-09-27,7,5,3,3412,29,6.78,5,0.12,0
2025-09-27,7,6,5,3430,30,6.85,6,0.12,0
2025-09-27,9,1,4,3966,28,6.88,1,0.21,0
2025-09-27,9,2,1,4024,57,6.82,2,0.22,0
2025-09-27,9,3,2,3912,60,6.71,3,0.17,0
2025-09-27,9,4,6,3508,55,6.91,4,0.23,0
2025-09-27,9,5,5,3381,63,6.83,5,0.17,0
2025-09-27,9,6,3,3876,21,6.76,6,0.16,0
2025-09-27,11,1,2,4028,17,6.91,1,0.06,0
2025-09-27,11,2,5,4025,50,6.83,2,0.1,0
2025-09-27,11,3,1,3406,54,6.91,3,0.1,0
2025-09-27,11,4,4,3412,29,6.88,6,0.08,0
2025-09-27,11,5,3,3635,13,6.86,4,0.09,0
2025-09-27,11,6,6,3514,16,6.96,5,0.11,0
2025-09-28,3,1,4,3922,62,6.85,1,0.15,0
2025-09-28,3,2,3,3934,66,6.98,2,0.16,0
2025-09-28,3,3,1,3825,24,6.92,3,0.08,0
2025-09-28,3,4,5,3876,21,6.86,4,0.09,0
2025-09-28,3,5,6,4010,26,6.91,5,0.15,0
2025-09-28,3,6,2,3779,25,6.84,6,0.14,0
2025-09-28,4,1,5,3809,22,6.97,1,0.18,0
2025-09-28,4,2,2,3853,31,6.84,2,0.13,0
2025-09-28,4,3,1,4061,48,6.89,3,0.09,0
2025-09-28,4,4,4,3502,51,6.91,4,0.14,0
2025-09-28,4,5,3,4036,56,6.98,5,0.12,0
2025-09-28,4,6,6,3907,64,6.84,6,0.17,0
2025-09-28,5,1,2,3964,53,6.82,1,0.22,0
2025-09-28,5,2,1,3912,60,6.8,2,0.14,0
2025-09-28,5,3,3,3412,29,6.83,3,0.17,0
2025-09-28,5,4,4,3514,16,6.9,4,0.15,0
2025-09-28,5,5,6,3508,55,6.89,5,0.19,0
2025-09-28,5,6,5,3746,15,6.89,6,0.18,0
2025-09-28,9,1,6,3743,19,6.83,1,0.16,0
2025-09-28,9,2,5,3613,49,6.89,2,0.29,0
2025-09-28,9,3,4,4010,26,6.88,3,0.22,0
2025-09-28,9,4,1,3612,65,6.93,4,0.07,0
2025-09-28,9,5,2,3502,51,6.85,5,0.04,0
2025-09-28,9,6,3,3906,58,6.99,6,0.13,0
2025-09-28,12,1,2,4028,17,6.85,1,0.11,0
2025-09-28,12,2,1,3849,34,6.85,2,0.08,0
2025-09-28,12,3,5,3876,21,6.81,3,0.11,0
2025-09-28,12,4,4,3997,14,6.85,4,0.05,0
2025-09-28,12,5,6,3912,60,6.74,5,0.04,0
2025-09-28,12,6,3,4036,56,6.89,6,0.07,0
2025-09-29,1,1,2,3784,36,6.84,1,0.15,0
2025-09-29,1,2,6,3430,30,6.92,2,0.22,0
2025-09-29,1,3,1,3508,55,6.86,3,0.15,0
2025-09-29,1,4,3,3825,24,6.9,4,0.13,0
2025-09-29,1,5,5,4010,26,6.98,5,0.18,0
2025-09-29,1,6,4,3514,16,6.91,6,0.18,0
2025-09-29,2,1,6,3434,23,6.98,1,0.24,0
2025-09-29,2,2,1,3912,60,6.85,2,0.12,0
2025-09-29,2,3,2,3556,52,6.91,3,0.15,0
2025-09-29,2,4,5,3777,59,6.86,4,0.34,0
2025-09-29,2,5,3,3381,63,6.85,5,0.15,0
2025-09-29,2,6,4,3964,53,6.88,6,0.19,0
2025-09-29,6,1,2,3853,31,6.72,1,0.16,0
2025-09-29,6,2,4,3616,33,6.78,2,0.15,0
2025-09-29,6,3,3,4025,50,6.8,3,0.13,0
2025-09-29,6,4,5,3508,55,6.9,6,0.21,0
2025-09-29,6,5,1,3849,34,6.81,4,0.11,0
2025-09-29,6,6,6,3502,51,6.88,5,0.17,0
2025-09-29,7,1,3,3412,29,6.79,1,0.13,0
2025-09-29,7,2,5,3921,32,6.85,2,0.21,0
2025-09-29,7,3,6,3825,24,6.98,6,0.17,0
2025-09-29,7,4,4,4028,17,6.83,3,0.22,0
2025-09-29,7,5,2,3392,35,6.87,4,0.18,0
2025-09-29,7,6,1,3779,25,6.82,5,0.09,0
2025-09-30,1,1,3,3934,66,6.94,1,0.38,0
2025-09-30,1,2,2,3578,61,6.88,2,0.25,0
2025-09-30,1,3,1,3502,51,6.97,3,0.26,0
2025-09-30,1,4,6,3922,62,6.72,4,0.27,0
2025-09-30,1,5,5,3906,58,6.88,5,0.23,0
2025-09-30,1,6,4,3430,30,6.8,6,0.2,0
2025-09-30,4,1,3,3964,53,6.81,1,0.25,0
2025-09-30,4,2,4,3381,63,6.82,2,0.13,0
2025-09-30,4,3,2,3911,20,6.8,3,0.12,0
2025-09-30,4,4,6,3825,24,6.86,6,0.12,0
2025-09-30,4,5,5,3613,49,6.86,4,0.04,0
2025-09-30,4,6,1,4025,50,6.86,5,0.07,0
2025-10-11,2,1,4,5286,14,6.86,1,0.24,0
2025-10-11,2,2,2,5103,10,6.82,2,0.27,0
2025-10-11,2,3,3,5136,47,6.87,3,0.27,0
2025-10-11,2,4,6,5348,13,6.85,4,0.46,0
2025-10-11,2,5,5,5170,16,6.87,5,0.25,0
2025-10-11,2,6,1,5055,4,6.85,6,0.33,0
2025-10-11,3,1,2,5157,11,6.87,1,0.04,0
2025-10-11,3,2,1,5261,21,6.84,2,0.07,0
2025-10-11,3,3,5,5109,56,6.95,3,0.06,0
2025-10-11,3,4,6,4933,57,6.9,4,0.06,0
2025-10-11,3,5,3,5102,37,6.88,5,0.09,0
2025-10-11,3,6,4,5368,53,6.82,6,0.05,0
2025-10-11,6,1,6,5091,6,6.88,1,0.13,0
2025-10-11,6,2,5,5284,41,6.83,2,0.11,0
2025-10-11,6,3,1,5267,52,6.81,3,0.11,0
2025-10-11,6,4,4,5329,54,6.82,6,0.09,0
2025-10-11,6,5,3,5181,59,6.83,4,0.05,0
2025-10-11,6,6,2,5134,45,6.84,5,0.12,0
2025-10-11,7,1,2,5081,19,6.88,1,0.09,0
2025-10-11,7,2,1,5224,17,6.93,2,0.1,0
2025-10-11,7,3,3,5350,2,6.81,3,0.14,0
2025-10-11,7,4,4,5112,51,6.9,4,0.21,0
2025-10-11,7,5,6,5348,13,6.89,5,0.21,0
2025-10-11,7,6,5,5185,49,6.95,6,0.18,0
2025-10-11,11,1,2,5112,51,6.94,1,0.09,0
2025-10-11,11,2,4,5125,40,6.94,2,0.11,0
2025-10-11,11,3,1,5255,20,6.83,3,0.08,0
2025-10-11,11,4,5,5134,45,6.95,4,0.13,0
2025-10-11,11,5,3,5298,12,7.03,5,0.17,0
2025-10-11,11,6,6,5109,56,7.01,6,0.16,0
2025-10-12,2,1,5,5143,55,6.92,1,0.24,0
2025-10-12,2,2,6,5154,23,7.0,2,0.21,0
2025-10-12,2,3,2,5158,48,6.87,3,0.22,0
2025-10-12,2,4,4,4934,3,6.91,4,0.27,0
2025-10-12,2,5,3,5103,10,7.04,5,0.19,0
2025-10-12,2,6,1,5329,54,6.9,6,0.16,0
2025-10-12,3,1,3,5350,2,6.85,1,0.07,0
2025-10-12,3,2,4,5185,49,7.01,2,0.08,0
2025-10-12,3,3,1,5286,14,6.93,3,0.06,0
2025-10-12,3,4,5,5125,40,7.02,4,0.05,0
2025-10-12,3,5,2,5222,7,6.9,5,0.09,0
2025-10-12,3,6,6,5382,5,6.95,6,0.09,0
2025-10-12,4,1,5,5109,56,6.93,1,0.19,0
2025-10-12,4,2,2,5081,19,6.95,2,0.21,0
2025-10-12,4,3,1,5224,17,6.95,3,0.15,0
2025-10-12,4,4,3,5261,21,6.97,4,0.15,0
2025-10-12,4,5,6,5381,39,6.85,5,0.1,0
2025-10-12,4,6,4,5284,41,6.92,6,0.12,0
2025-10-12,5,1,3,5055,4,6.8,1,0.19,0
2025-10-12,5,2,2,5105,50,6.95,2,0.2,0
2025-10-12,5,3,5,5112,51,6.9,3,0.12,0
2025-10-12,5,4,4,5181,59,6.86,4,0.09,0
2025-10-12,5,5,6,5157,11,6.92,5,0.14,0
2025-10-12,5,6,1,5372,58,6.85,6,0.12,0
2025-10-12,11,1,2,4910,46,6.75,1,0.12,0
2025-10-12,11,2,1,5112,51,6.87,2,0.12,0
2025-10-12,11,3,4,4934,3,6.81,3,0.13,0
2025-10-12,11,4,5,5269,22,6.83,4,0.11,0
2025-10-12,11,5,3,5172,8,6.85,5,0.12,0
2025-10-12,11,6,6,5081,19,6.89,6,0.09,0
2025-10-12,12,1,3,5224,17,6.84,1,0.16,0
2025-10-12,12,2,2,5267,52,6.75,2,0.12,0
2025-10-12,12,3,4,5091,6,6.86,3,0.22,0
2025-10-12,12,4,6,5222,7,6.81,4,0.06,0
2025-10-12,12,5,1,5002,18,6.87,5,0.05,0
2025-10-12,12,6,5,5105,50,6.96,6,0.05,0
2025-10-13,3,1,5,5181,59,6.81,1,0.11,0
2025-10-13,3,2,2,5269,22,6.91,3,0.11,0
2025-10-13,3,3,1,5081,19,6.98,2,0.12,0
2025-10-13,3,4,3,5298,12,6.93,4,0.12,0
2025-10-13,3,5,4,5125,40,6.9,5,0.29,0
2025-10-13,3,6,6,5368,53,6.86,6,0.35,0
2025-10-13,4,1,4,5103,10,6.93,1,0.3,0
2025-10-13,4,2,5,5286,14,6.85,2,0.24,0
2025-10-13,4,3,6,5134,45,6.88,3,0.28,0
2025-10-13,4,4,1,5136,47,6.94,4,0.17,0
2025-10-13,4,5,3,5261,21,6.87,5,0.14,0
2025-10-13,4,6,2,5329,54,6.88,6,0.11,0
2025-10-13,7,1,2,5222,7,6.8,1,0.18,0
2025-10-13,7,2,4,5170,16,6.82,2,0.15,0
2025-10-13,7,3,1,5055,4,6.9,3,0.13,0
2025-10-13,7,4,6,5143,55,6.94,4,0.13,0
2025-10-13,7,5,3,4933,57,6.92,5,0.09,0
2025-10-13,7,6,5,5348,13,6.82,6,0.19,0
2025-10-13,9,1,5,5112,51,6.93,1,0.04,0
2025-10-13,9,2,1,5224,17,6.92,2,0.09,0
2025-10-13,9,3,6,5181,59,6.88,3,0.13,0
2025-10-13,9,4,3,5286,14,6.91,4,0.12,0
2025-10-13,9,5,4,5273,44,6.84,5,0.12,0
2025-10-13,9,6,2,5091,6,6.91,6,0.14,0
2025-10-13,11,1,2,5136,47,6.81,1,0.12,0
2025-10-13,11,2,1,4934,3,6.83,2,0.09,0
2025-10-13,11,3,5,5093,43,6.89,3,0.11,0
2025-10-13,11,4,3,5132,24,6.91,4,0.13,0
2025-10-13,11,5,4,5055,4,6.91,5,0.12,0
2025-10-13,11,6,6,5157,11,7.01,6,0.17,0
2025-10-14,2,1,4,5243,9,6.86,1,0.07,0
2025-10-14,2,2,6,5093,43,6.9,2,0.11,0
2025-10-14,2,3,1,4934,3,6.83,3,0.12,0
2025-10-14,2,4,2,5185,49,6.93,4,0.1,0
2025-10-14,2,5,3,5329,54,6.9,5,0.11,0
2025-10-14,2,6,5,5269,22,6.84,6,0.12,0
2025-10-14,4,1,4,5154,23,6.92,1,0.19,0
2025-10-14,4,2,2,4933,57,6.86,2,0.24,0
2025-10-14,4,3,5,5081,19,6.92,3,0.27,0
2025-10-14,4,4,1,5255,20,6.78,4,0.23,0
2025-10-14,4,5,3,5143,55,6.92,5,0.26,0
2025-10-14,4,6,6,5181,59,6.94,6,0.29,0
2025-10-14,5,1,3,5134,45,6.91,1,0.17,0
2025-10-14,5,2,5,5273,44,6.91,2,0.27,0
2025-10-14,5,3,1,5136,47,6.91,3,0.15,0
2025-10-14,5,4,4,5325,15,6.9,4,0.1,0
2025-10-14,5,5,6,5109,56,6.91,5,0.05,0
2025-10-14,5,6,2,5091,6,6.93,6,0.06,0
2025-10-14,6,1,3,5172,8,6.83,1,0.35,0
2025-10-14,6,2,4,5086,38,6.91,2,0.42,0
2025-10-14,6,3,6,5102,37,6.92,3,0.33,0
2025-10-14,6,4,2,5348,13,6.95,4,0.15,0
2025-10-14,6,5,1,5112,51,6.85,5,0.12,0
2025-10-14,6,6,5,5284,41,6.93,6,0.26,0
2025-10-14,10,1,5,4934,3,6.77,1,0.15,0
2025-10-14,10,2,4,5102,37,6.83,2,0.16,0
2025-10-14,10,3,1,4910,46,6.84,3,0.05,0
2025-10-14,10,4,3,5170,16,6.87,4,0.13,0
2025-10-14,10,5,6,5325,15,6.91,5,0.11,0
2025-10-14,10,6,2,5143,55,6.87,6,0.19,0
2025-10-14,11,1,6,5081,19,6.85,1,0.55,0
2025-10-14,11,2,1,5132,24,6.82,2,0.19,0
2025-10-14,11,3,2,5172,8,6.8,3,0.23,0
2025-10-14,11,4,5,5243,9,6.83,4,0.21,0
2025-10-14,11,5,3,5136,47,6.77,5,0.22,0
2025-10-14,11,6,4,5002,18,6.94,6,0.14,0
2025-10-15,3,1,3,5222,7,6.76,1,0.21,0
2025-10-15,3,2,2,5181,59,6.83,2,0.23,0
2025-10-15,3,3,1,5267,52,6.82,3,0.18,0
2025-10-15,3,4,4,5273,44,6.84,4,0.18,0
2025-10-15,3,5,6,5154,23,6.95,5,0.17,0
2025-10-15,3,6,5,5325,15,6.91,6,0.11,0
2025-10-16,1,1,5,5143,55,6.84,1,0.22,0
2025-10-16,1,2,1,5154,23,6.88,2,0.06,0
2025-10-16,1,3,3,5273,44,6.86,3,0.09,0
2025-10-16,1,4,4,5348,13,6.87,4,0.11,0
2025-10-16,1,5,2,5105,50,6.87,5,0.11,0
2025-10-16,1,6,6,5284,41,6.86,6,0.17,0
2025-10-16,5,1,5,5102,37,6.89,1,0.21,0
2025-10-16,5,2,2,5105,50,6.9,2,0.21,0
2025-10-16,5,3,3,5154,23,6.99,3,0.19,0
2025-10-16,5,4,1,5329,54,6.91,4,0.18,0
2025-10-16,5,5,6,5372,58,6.91,6,0.28,0
2025-10-16,5,6,4,5125,40,6.92,5,0.13,0
2025-10-16,6,1,4,5112,51,6.91,1,0.09,0
2025-10-16,6,2,5,5222,7,6.89,2,0.18,0
2025-10-16,6,3,6,5143,55,6.98,3,0.21,0
2025-10-16,6,4,1,5158,48,6.88,4,0.07,0
2025-10-16,6,5,3,5109,56,6.91,5,0.08,0
2025-10-16,6,6,2,5348,13,6.9,6,0.14,0
2025-10-16,7,1,2,5132,24,6.88,1,0.15,0
2025-10-16,7,2,1,5267,52,6.83,2,0.18,0
2025-10-16,7,3,3,5185,49,7.01,3,0.1,0
2025-10-16,7,4,4,5382,5,6.88,4,0.18,0
2025-10-16,7,5,6,5086,38,6.88,5,0.22,0
2025-10-16,7,6,5,5091,6,6.94,6,0.18,0
2025-10-16,12,1,3,5224,17,6.82,1,0.16,0
2025-10-16,12,2,5,4910,46,6.78,2,0.1,0
2025-10-16,12,3,2,5136,47,6.81,3,0.12,0
2025-10-16,12,4,1,5255,20,6.7,4,0.05,0
2025-10-16,12,5,4,5002,18,6.81,5,0.15,0
2025-10-16,12,6,6,5298,12,6.65,6,0.21,0
2025-10-19,2,1,5,4213,35,6.77,1,0.24,0
2025-10-19,2,2,3,4872,51,6.86,2,0.23,0
2025-10-19,2,3,1,4441,36,6.82,3,0.16,0
2025-10-19,2,4,4,4896,50,6.89,4,0.17,0
2025-10-19,2,5,6,5393,44,6.82,6,0.19,0
2025-10-19,2,6,2,3605,57,6.84,5,0.13,0
2025-10-19,4,1,5,4978,56,6.94,1,0.21,0
2025-10-19,4,2,1,3842,18,6.87,4,0.14,0
2025-10-19,4,3,3,4376,1,6.92,5,0.12,0
2025-10-19,4,4,4,4041,66,6.83,2,0.25,0
2025-10-19,4,5,2,3623,32,6.86,3,0.15,0
2025-10-19,4,6,6,3945,64,6.86,6,0.29,0
2025-10-19,5,1,4,5106,52,6.79,1,0.25,0
2025-10-19,5,2,5,4169,60,6.83,2,0.35,0
2025-10-19,5,3,6,4060,11,6.87,3,0.23,0
2025-10-19,5,4,2,4294,48,6.7,4,0.03,0
2025-10-19,5,5,1,4398,61,6.83,5,0.04,0
2025-10-19,5,6,3,3497,46,6.77,6,0.1,0
2025-10-19,9,1,2,4376,1,6.77,1,0.13,0
2025-10-19,9,2,1,4472,54,6.83,2,0.16,0
2025-10-19,9,3,5,5027,27,6.78,3,0.15,0
2025-10-19,9,4,3,4872,51,6.93,4,0.24,0
2025-10-19,9,5,4,4487,26,6.86,5,0.22,0
2025-10-19,9,6,6,4431,4,6.84,6,0.31,0
2025-10-19,12,1,3,3623,32,6.83,1,0.14,0
2025-10-19,12,2,5,4398,61,6.89,2,0.11,0
2025-10-19,12,3,2,3952,63,6.87,3,0.11,0
2025-10-19,12,4,1,4772,40,6.92,4,0.09,0
2025-10-19,12,5,4,4759,17,6.84,5,0.12,0
2025-10-19,12,6,6,5221,12,6.86,6,0.13,0
2025-10-20,1,1,4,4169,60,6.72,1,0.21,0
2025-10-20,1,2,2,3497,46,6.68,2,0.23,0
2025-10-20,1,3,5,3605,57,6.73,3,0.12,0
2025-10-20,1,4,3,4803,31,6.7,4,0.17,0
2025-10-20,1,5,1,4213,35,6.57,5,0.12,0
2025-10-20,1,6,6,5420,25,6.76,6,0.16,0
2025-10-20,2,1,5,4164,16,6.64,1,0.13,0
2025-10-20,2,2,3,4060,11,6.71,2,0.09,0
2025-10-20,2,3,6,4041,66,6.69,3,0.18,0
2025-10-20,2,4,1,3811,47,6.72,4,0.09,0
2025-10-20,2,5,4,5363,20,6.6,6,0.11,0
2025-10-20,2,6,2,5219,33,6.71,5,0.12,0
2025-10-20,5,1,2,5027,27,6.73,1,0.19,0
2025-10-20,5,2,5,3982,65,6.74,2,0.18,0
2025-10-20,5,3,1,4288,39,6.72,3,0.17,0
2025-10-20,5,4,4,4176,28,6.77,4,0.15,0
2025-10-20,5,5,3,4376,1,6.64,5,0.19,0
2025-10-20,5,6,6,4683,62,6.7,6,0.27,0
2025-10-20,6,1,2,4925,29,6.63,1,0.14,0
2025-10-20,6,2,1,4049,59,6.77,2,0.15,0
2025-10-20,6,3,3,4772,40,6.73,3,0.12,0
2025-10-20,6,4,4,4281,21,6.69,4,0.21,0
2025-10-20,6,5,6,5420,25,6.76,5,0.32,0
2025-10-20,6,6,5,4558,8,6.74,6,0.39,0
2025-10-20,9,1,5,5221,12,6.61,1,0.34,0
2025-10-20,9,2,1,4403,34,6.61,3,0.22,0
2025-10-20,9,3,2,3811,47,6.72,4,0.22,0
2025-10-20,9,4,4,3623,32,6.65,2,0.32,0
2025-10-20,9,5,6,4169,60,6.67,5,0.28,0
2025-10-20,9,6,3,5106,52,6.56,6,0.29,0
2025-10-20,10,1,2,4207,2,6.59,1,0.18,0
2025-10-20,10,2,4,5027,27,6.7,2,0.13,0
2025-10-20,10,3,3,4925,29,6.67,3,0.09,0
2025-10-20,10,4,1,3952,63,6.64,4,0.1,0
2025-10-20,10,5,6,3605,57,6.66,5,0.09,0
2025-10-20,10,6,5,4060,11,6.72,6,0.08,0
2025-10-21,1,1,3,4176,28,6.81,1,0.07,0
2025-10-21,1,2,1,4331,7,6.59,2,0.05,0
2025-10-21,1,3,5,4169,60,6.75,5,0.14,0
2025-10-21,1,4,4,3842,18,6.74,3,0.14,0
2025-10-21,1,5,2,4281,21,6.67,4,0.12,0
2025-10-21,1,6,6,5393,44,6.78,6,0.21,0
2025-10-21,2,1,6,4041,66,6.75,1,0.14,0
2025-10-21,2,2,3,4164,16,6.72,2,0.14,0
2025-10-21,2,3,1,5044,9,6.72,3,0.16,0
2025-10-21,2,4,4,4398,61,6.73,4,0.24,0
2025-10-21,2,5,2,4403,34,6.72,5,0.17,0
2025-10-21,2,6,5,4431,4,6.79,6,0.29,0
2025-10-21,4,1,2,4060,11,6.65,1,0.15,0
2025-10-21,4,2,1,3952,63,6.75,2,0.12,0
2025-10-21,4,3,6,4803,31,6.77,3,0.17,0
2025-10-21,4,4,4,4156,3,6.71,4,0.13,0
2025-10-21,4,5,3,5106,52,6.63,5,0.14,0
2025-10-21,4,6,5,4872,51,6.79,6,0.15,0
2025-10-21,5,1,2,3982,65,6.86,1,0.23,0
2025-10-21,5,2,5,4925,29,6.7,2,0.16,0
2025-10-21,5,3,3,3497,46,6.78,3,0.17,0
2025-10-21,5,4,4,3605,57,6.8,4,0.08,0
2025-10-21,5,5,1,4288,39,6.79,5,0.07,0
2025-10-21,5,6,6,5363,20,6.71,6,0.05,0
2025-10-21,6,1,3,4049,59,6.77,1,0.05,0
2025-10-21,6,2,1,4978,56,6.7,2,0.08,0
2025-10-21,6,3,4,4294,48,6.66,3,0.09,0
2025-10-21,6,4,2,4472,54,6.78,4,0.13,0
2025-10-21,6,5,6,5393,44,6.81,5,0.12,0
2025-10-21,6,6,5,4558,8,6.78,6,0.22,0
2025-10-21,7,1,3,3811,47,6.64,1,0.18,0
2025-10-21,7,2,5,5044,9,6.6,2,0.16,0
2025-10-21,7,3,2,5221,12,6.65,3,0.21,0
2025-10-21,7,4,1,4213,35,6.5,4,0.14,0
2025-10-21,7,5,4,3842,18,6.72,5,0.22,0
2025-10-21,7,6,6,4683,62,6.76,6,0.24,0
2025-10-22,1,1,3,3497,46,6.72,1,0.13,0
2025-10-22,1,2,4,4041,66,6.68,2,0.23,0
2025-10-22,1,3,6,4169,60,6.71,3,0.16,0
2025-10-22,1,4,1,5106,52,6.63,4,0.07,0
2025-10-22,1,5,2,4213,35,6.6,5,0.05,0
2025-10-22,1,6,5,5393,44,6.81,6,0.11,0
2025-10-22,2,1,5,4487,26,6.73,1,0.14,0
2025-10-22,2,2,6,4207,2,6.78,2,0.13,0
2025-10-22,2,3,2,4294,48,6.67,3,0.11,0
2025-10-22,2,4,1,4060,11,6.74,4,0.12,0
2025-10-22,2,5,3,4978,56,6.78,5,0.19,0
2025-10-22,2,6,4,4431,4,6.77,6,0.22,0
2025-10-22,3,1,2,4281,21,6.71,1,0.06,0
2025-10-22,3,2,3,4176,28,6.83,2,0.11,0
2025-10-22,3,3,4,4441,36,6.72,3,0.1,0
2025-10-22,3,4,1,4925,29,6.69,4,0.04,0
2025-10-22,3,5,6,5420,25,6.8,6,0.03,0
2025-10-22,3,6,5,5027,27,6.54,5,0.01,0
2025-10-22,4,1,3,3605,57,6.87,1,0.16,0
2025-10-22,4,2,5,4896,50,6.71,2,0.14,0
2025-10-22,4,3,2,3623,32,6.74,3,0.23,0
2025-10-22,4,4,1,4403,34,6.73,4,0.12,0
2025-10-22,4,5,4,4164,16,6.72,5,0.22,0
2025-10-22,4,6,6,5363,20,6.75,6,0.23,0
2025-10-22,5,1,2,4803,31,6.68,1,0.22,0
2025-10-22,5,2,1,4331,7,6.7,2,0.12,0
2025-10-22,5,3,4,3811,47,6.89,3,0.14,0
2025-10-22,5,4,3,4472,54,6.72,5,0.1,0
2025-10-22,5,5,5,3842,18,6.77,4,0.15,0
2025-10-22,5,6,6,5219,33,6.72,6,0.13,0
2025-10-22,6,1,3,5060,30,6.74,1,0.26,0
2025-10-22,6,2,1,5221,12,6.69,2,0.19,0
2025-10-22,6,3,2,5106,52,6.65,3,0.18,0
2025-10-22,6,4,5,4376,1,6.83,4,0.12,0
2025-10-22,6,5,4,3982,65,6.82,5,0.13,0
2025-10-22,6,6,6,4683,62,6.76,6,0.19,0
2025-10-22,12,1,3,4207,2,6.67,1,0.11,0
2025-10-22,12,2,6,3811,47,6.79,2,0.11,0
2025-10-22,12,3,1,4772,40,6.77,3,0.06,0
2025-10-22,12,4,2,4288,39,6.82,4,0.12,0
2025-10-22,12,5,4,5060,30,6.68,5,0.13,0
2025-10-22,12,6,5,4403,34,6.7,6,0.12,0
2025-10-23,1,1,3,4060,11,6.74,1,0.16,0
2025-10-23,1,2,6,4041,66,6.65,2,0.2,0
2025-10-23,1,3,1,4294,48,6.65,3,0.14,0
2025-10-23,1,4,2,3605,57,6.69,4,0.27,0
2025-10-23,1,5,4,4403,34,6.57,5,0.24,0
2025-10-23,1,6,5,4683,62,6.72,6,0.37,0
2025-10-23,2,1,3,3497,46,6.63,1,0.08,0
2025-10-23,2,2,2,4281,21,6.68,2,0.08,0
2025-10-23,2,3,1,4288,39,6.72,3,0.07,0
2025-10-23,2,4,4,4331,7,6.67,4,0.13,0
2025-10-23,2,5,5,5363,20,6.65,5,0.11,0
2025-10-23,2,6,6,4558,8,6.73,6,0.24,0
2025-10-23,3,1,2,4156,3,6.71,1,0.13,0
2025-10-23,3,2,6,3811,47,6.76,2,0.23,0
2025-10-23,3,3,3,5106,52,6.66,3,0.13,0
2025-10-23,3,4,1,4398,61,6.72,4,0.08,0
2025-10-23,3,5,4,4213,35,6.58,5,0.11,0
2025-10-23,3,6,5,5219,33,6.77,6,0.29,0
2025-10-23,4,1,3,5060,30,6.74,1,0.14,0
2025-10-23,4,2,4,4487,26,6.76,2,0.08,0
2025-10-23,4,3,1,3623,32,6.85,3,0.03,0
2025-10-23,4,4,5,3982,65,6.79,4,0.11,0
2025-10-23,4,5,2,4472,54,6.81,5,0.16,0
2025-10-23,4,6,6,5420,25,6.84,6,0.23,0
2025-10-23,5,1,4,4872,51,6.71,1,0.12,0
2025-10-23,5,2,1,3842,18,6.75,2,0.13,0
2025-10-23,5,3,2,4176,28,6.85,3,0.14,0
2025-10-23,5,4,3,3952,63,6.82,4,0.08,0
2025-10-23,5,5,5,5221,12,6.69,5,0.12,0
2025-10-23,5,6,6,4207,2,6.77,6,0.08,0
2025-10-23,6,1,4,4376,1,6.82,1,0.19,0
2025-10-23,6,2,1,4896,50,6.74,2,0.22,0
2025-10-23,6,3,2,4978,56,6.77,3,0.21,0
2025-10-23,6,4,5,4049,59,6.78,4,0.18,0
2025-10-23,6,5,3,4772,40,6.74,5,0.1,0
2025-10-23,6,6,6,5393,44,6.79,6,0.23,0
2025-10-23,8,1,4,4403,34,6.68,1,0.12,0
2025-10-23,8,2,1,4288,39,6.79,2,0.18,0
2025-10-23,8,3,3,4156,3,6.65,3,0.13,0
2025-10-23,8,4,5,4294,48,6.65,4,0.13,0
2025-10-23,8,5,2,3811,47,6.77,5,0.17,0
2025-10-23,8,6,6,5060,30,6.73,6,0.22,0
2025-10-24,2,1,2,5106,52,6.67,1,0.06,0
2025-10-24,2,2,5,4803,31,6.7,2,0.19,0
2025-10-24,2,3,1,4925,29,6.69,3,0.05,0
2025-10-24,2,4,3,4398,61,6.67,4,0.16,0
2025-10-24,2,5,4,4487,26,6.77,5,0.14,0
2025-10-24,2,6,6,5363,20,6.66,6,0.17,0
2025-10-24,3,1,3,4060,11,6.66,1,0.14,0
2025-10-24,3,2,2,4403,34,6.62,2,0.14,0
2025-10-24,3,3,5,5221,12,6.64,3,0.16,0
2025-10-24,3,4,4,4049,59,6.73,5,0.19,0
2025-10-24,3,5,1,4213,35,6.56,4,0.13,0
2025-10-24,3,6,6,4558,8,6.77,6,0.31,0
2025-10-24,6,1,5,5044,9,6.71,1,0.16,0
2025-10-24,6,2,1,5027,27,6.56,2,0.03,0
2025-10-24,6,3,2,4156,3,6.77,3,0.02,0
2025-10-24,6,4,3,4772,40,6.71,4,0.06,0
2025-10-24,6,5,6,5393,44,6.79,6,0.11,0
2025-10-24,6,6,4,4176,28,6.81,5,0.07,0
2025-10-24,11,1,2,3952,63,6.67,1,0.16,0
2025-10-24,11,2,5,3623,32,6.7,2,0.16,0
2025-10-24,11,3,1,5106,52,6.61,3,0.22,0
2025-10-24,11,4,6,5044,9,6.69,4,0.14,0
2025-10-24,11,5,4,4403,34,6.69,5,0.16,0
2025-10-24,11,6,3,4294,48,6.64,6,0.11,0
2025-10-25,1,1,3,4060,11,6.85,1,0.21,0
2025-10-25,1,2,4,4978,56,6.82,2,0.31,0
2025-10-25,1,3,2,3605,57,6.87,3,0.23,0
2025-10-25,1,4,1,4041,66,6.77,4,0.19,0
2025-10-25,1,5,6,5420,25,6.86,6,0.12,0
2025-10-25,1,6,5,3982,65,6.88,5,0.15,0
2025-10-25,3,1,3,4294,48,6.7,1,0.21,0
2025-10-25,3,2,5,4176,28,6.85,2,0.29,0
2025-10-25,3,3,2,4376,1,6.82,3,0.16,0
2025-10-25,3,4,4,4169,60,6.78,4,0.36,0
2025-10-25,3,5,1,5363,20,6.75,5,0.19,0
2025-10-25,3,6,6,4558,8,6.86,6,0.28,0
2025-10-25,4,1,2,4156,3,6.8,1,0.12,0
2025-10-25,4,2,3,4331,7,6.88,2,0.16,0
2025-10-25,4,3,1,4281,21,6.84,3,0.01,0
2025-10-25,4,4,5,5027,27,6.65,4,0.06,0
2025-10-25,4,5,4,5060,30,6.73,5,0.08,0
2025-10-25,4,6,6,4683,62,6.74,6,0.16,0
2025-10-25,6,1,2,4472,54,6.76,1,0.17,0
2025-10-25,6,2,1,3623,32,6.86,2,0.17,0
2025-10-25,6,3,3,3497,46,6.86,3,0.11,0
2025-10-25,6,4,5,4487,26,6.87,4,0.12,0
2025-10-25,6,5,4,4978,56,6.9,5,0.15,0
2025-10-25,6,6,6,5393,44,6.86,6,0.31,0
2025-10-25,7,1,2,3811,47,6.82,1,0.21,0
2025-10-25,7,2,1,4049,59,6.8,2,0.16,0
2025-10-25,7,3,5,3982,65,6.85,3,0.19,0
2025-10-25,7,4,6,4213,35,6.66,4,0.2,0
2025-10-25,7,5,4,4176,28,6.9,5,0.21,0
2025-10-25,7,6,3,4759,17,6.76,6,0.24,0
2025-10-25,9,1,4,5027,27,6.7,2,0.19,0
2025-10-25,9,2,3,3842,18,6.78,1,0.16,0
2025-10-25,9,3,1,4207,2,6.74,3,0.12,0
2025-10-25,9,4,5,4281,21,6.77,4,0.19,0
2025-10-25,9,5,2,4896,50,6.8,5,0.19,0
2025-10-25,9,6,6,5363,20,6.85,6,0.21,0
2025-10-30,2,1,5,3477,64,6.85,1,0.25,0
2025-10-30,2,2,2,4450,1,6.74,2,0.15,0
2025-10-30,2,3,3,3517,59,6.78,3,0.11,0
2025-10-30,2,4,4,3294,13,6.81,4,0.13,0
2025-10-30,2,5,1,4315,16,6.76,5,0.16,0
2025-10-30,2,6,6,5395,6,6.74,6,0.19,0
2025-10-30,3,1,6,3778,65,6.81,1,0.24,0
2025-10-30,3,2,2,5067,19,6.88,3,0.06,0
2025-10-30,3,3,3,3349,33,6.78,4,0.07,0
2025-10-30,3,4,5,3535,47,6.84,5,0.22,0
2025-10-30,3,5,4,4131,5,6.85,6,0.17,0
2025-10-30,3,6,1,3265,2,6.81,2,0.11,0
2025-10-30,4,1,6,3361,14,6.81,1,0.07,0
2025-10-30,4,2,4,4944,15,6.84,2,0.13,0
2025-10-30,4,3,1,4154,27,6.77,3,0.15,0
2025-10-30,4,4,2,4443,11,6.91,4,0.2,0
2025-10-30,4,5,5,4151,44,6.94,5,0.14,0
2025-10-30,4,6,3,4949,50,6.85,6,0.16,0
2025-10-30,6,1,3,3731,35,6.65,6,0.21,0
2025-10-30,6,2,2,4383,60,6.83,1,0.11,0
2025-10-30,6,3,5,3807,41,6.91,2,0.13,0
2025-10-30,6,4,4,4592,4,6.79,3,0.1,0
2025-10-30,6,5,6,4408,49,6.86,4,0.18,0
2025-10-30,6,6,1,4483,22,6.77,5,0.15,0
2025-10-30,7,1,3,3517,59,6.75,1,0.25,0
2025-10-30,7,2,6,4563,66,6.86,3,0.32,0
2025-10-30,7,3,4,3024,26,6.89,2,0.08,0
2025-10-30,7,4,5,3564,31,6.84,4,0.13,0
2025-10-30,7,5,1,3909,58,6.92,5,0.05,0
2025-10-30,7,6,2,4313,55,6.81,6,0.08,0
2025-10-30,11,1,2,3265,2,6.75,1,0.26,0
2025-10-30,11,2,4,3909,58,6.83,2,0.23,0
2025-10-30,11,3,5,3717,17,6.74,3,0.26,0
2025-10-30,11,4,3,4383,60,6.83,4,0.23,0
2025-10-30,11,5,6,4443,11,6.86,5,0.22,0
2025-10-30,11,6,1,5037,10,6.91,6,0.19,0
2025-10-30,12,1,4,3024,26,6.9,1,0.17,0
2025-10-30,12,2,5,4483,22,6.84,2,0.16,0
2025-10-30,12,3,6,4450,1,6.81,3,0.21,0
2025-10-30,12,4,2,4949,50,6.72,4,0.08,0
2025-10-30,12,5,1,4852,37,6.89,5,0.07,0
2025-10-30,12,6,3,4985,30,6.83,6,0.05,0
2025-10-31,1,1,6,4313,55,6.77,1,0.15,0
2025-10-31,1,2,5,3807,41,6.9,2,0.11,0
2025-10-31,1,3,2,5067,19,6.85,3,0.13,0
2025-10-31,1,4,1,4315,16,6.8,4,0.14,0
2025-10-31,1,5,3,5395,6,6.84,5,0.2,0
2025-10-31,1,6,4,5173,43,6.82,6,0.33,0
2025-10-31,3,1,4,3535,47,6.86,1,0.1,0
2025-10-31,3,2,1,4852,37,6.91,2,0.15,0
2025-10-31,3,3,6,3778,65,6.96,3,0.12,0
2025-10-31,3,4,5,4563,66,6.98,4,0.38,0
2025-10-31,3,5,2,4154,27,6.85,5,0.13,0
2025-10-31,3,6,3,3361,14,6.92,6,0.24,0
2025-10-31,6,1,2,3717,17,7.11,1,0.16,0
2025-10-31,6,2,4,4439,29,7.07,2,0.55,0
2025-10-31,6,3,1,4949,50,7.04,3,0.27,0
2025-10-31,6,4,3,4131,5,7.07,4,0.21,0
2025-10-31,6,5,5,5067,19,6.96,5,0.24,0
2025-10-31,6,6,6,3477,64,7.07,6,0.25,0
2025-10-31,11,1,5,3909,58,6.91,2,0.24,0
2025-10-31,11,2,1,4154,27,6.79,3,0.12,0
2025-10-31,11,3,4,4315,16,6.81,4,0.11,0
2025-10-31,11,4,2,3717,17,6.87,5,0.07,0
2025-10-31,11,5,3,4483,22,6.9,6,0.09,0
2025-10-31,11,6,6,3024,26,7.04,1,0.13,0
2025-10-31,12,1,2,4131,5,6.78,1,0.21,0
2025-10-31,12,2,1,4985,30,6.79,2,0.19,0
2025-10-31,12,3,3,4640,45,6.86,3,0.16,0
2025-10-31,12,4,5,3731,35,6.72,6,0.27,0
2025-10-31,12,5,6,4383,60,6.75,4,0.21,0
2025-10-31,12,6,4,4852,37,6.89,5,0.17,0
2025-11-01,3,1,5,4443,11,6.86,2,0.19,0
2025-11-01,3,2,1,4313,55,6.86,4,0.09,0
2025-11-01,3,3,4,4592,4,6.8,5,0.15,0
2025-11-01,3,4,3,3265,2,6.87,1,0.25,0
2025-11-01,3,5,6,5412,62,6.9,6,0.18,0
2025-11-01,3,6,2,4151,44,6.79,3,0.17,0
2025-11-01,10,1,4,4315,16,6.73,1,0.19,0
2025-11-01,10,2,3,4483,22,6.78,4,0.22,0
2025-11-01,10,3,5,3909,58,6.87,2,0.16,0
2025-11-01,10,4,2,4383,60,6.79,6,0.14,0
2025-11-01,10,5,1,3349,33,6.77,5,0.15,0
2025-11-01,10,6,6,3024,26,6.88,3,0.18,0
2025-11-01,11,1,5,4154,27,6.83,1,0.26,0
2025-11-01,11,2,2,4949,50,6.83,3,0.25,0
2025-11-01,11,3,3,3265,2,6.82,2,0.26,0
2025-11-01,11,4,6,4450,1,6.86,4,0.24,0
2025-11-01,11,5,1,4640,45,6.85,5,0.21,0
2025-11-01,11,6,4,4526,51,6.82,6,0.2,0
2025-11-01,12,1,6,4151,44,6.72,1,0.29,0
2025-11-01,12,2,3,3517,59,6.77,2,0.22,0
2025-11-01,12,3,1,4131,5,6.77,3,0.15,0
2025-11-01,12,4,5,3808,56,6.86,4,0.15,0
2025-11-01,12,5,2,3717,17,6.83,5,0.23,0
2025-11-01,12,6,4,5161,38,6.82,6,0.24,0
2025-11-02,3,1,4,4563,66,6.81,1,0.09,0
2025-11-02,3,2,3,3717,17,6.87,3,0.26,0
2025-11-02,3,3,1,4313,55,6.76,4,0.09,0
2025-11-02,3,4,5,3975,24,6.79,5,0.15,0
2025-11-02,3,5,2,3265,2,6.78,2,0.19,0
2025-11-02,3,6,6,4439,29,6.85,6,0.19,0
2025-11-02,4,1,2,4592,4,6.9,1,0.19,0
2025-11-02,4,2,1,4443,11,6.98,2,0.24,0
2025-11-02,4,3,3,4315,16,6.8,3,0.23,0
2025-11-02,4,4,5,3564,31,6.88,4,0.3,0
2025-11-02,4,5,6,4450,1,6.96,5,0.39,0
2025-11-02,4,6,4,4131,5,6.87,6,0.42,0
2025-11-02,5,1,2,3294,13,6.74,1,0.21,0
2025-11-02,5,2,6,3778,65,6.85,2,0.29,0
2025-11-02,5,3,1,4483,22,6.85,4,0.14,0
2025-11-02,5,4,3,3807,41,6.78,5,0.25,0
2025-11-02,5,5,4,4151,44,6.87,3,0.26,0
2025-11-02,5,6,5,5395,6,6.82,6,0.33,0
2025-11-02,8,1,2,3909,58,6.77,1,0.09,0
2025-11-02,8,2,6,4450,1,6.81,2,0.26,0
2025-11-02,8,3,3,3975,24,6.67,3,0.27,0
2025-11-02,8,4,1,3517,59,6.7,4,0.16,0
2025-11-02,8,5,5,3535,47,6.75,5,0.19,0
2025-11-02,8,6,4,4592,4,6.81,6,0.17,0
2025-11-02,9,1,2,4439,29,6.82,1,0.11,0
2025-11-02,9,2,1,4151,44,6.83,2,0.18,0
2025-11-02,9,3,4,4131,5,6.77,3,0.15,0
2025-11-02,9,4,6,4944,15,6.76,4,0.18,0
2025-11-02,9,5,3,4313,55,6.78,5,0.1,0
2025-11-02,9,6,5,3807,41,6.84,6,0.22,0
2025-11-02,10,1,4,5037,10,6.76,1,0.21,0
2025-11-02,10,2,6,4315,16,6.65,3,0.33,0
2025-11-02,10,3,2,4443,11,6.84,4,0.2,0
2025-11-02,10,4,5,3024,26,6.87,2,0.24,0
2025-11-02,10,5,1,3717,17,6.86,5,0.18,0
2025-11-02,10,6,3,3294,13,6.76,6,0.17,0
2025-11-07,7,1,2,3946,36,6.74,1,0.16,0
2025-11-07,7,2,4,4256,47,6.78,2,0.16,0
2025-11-07,7,3,3,4030,15,6.78,3,0.19,0
2025-11-07,7,4,1,4230,39,6.77,4,0.13,0
2025-11-07,7,5,5,4361,20,6.75,5,0.14,0
2025-11-07,7,6,6,3854,57,6.83,6,0.14,0
2025-11-07,9,1,2,4504,21,6.71,1,0.2,0
2025-11-07,9,2,6,4262,25,6.75,2,0.19,0
2025-11-07,9,3,1,4907,3,6.67,3,0.21,0
2025-11-07,9,4,4,4787,35,6.6,4,0.21,0
2025-11-07,9,5,5,4682,10,6.77,5,0.24,0
2025-11-07,9,6,3,5224,12,6.69,6,0.31,0
2025-11-07,10,1,3,4851,18,6.66,1,0.09,0
2025-11-07,10,2,1,5043,9,6.66,2,0.06,0
2025-11-07,10,3,2,4074,48,6.71,4,0.09,0
2025-11-07,10,4,5,4500,64,6.71,3,0.12,0
2025-11-07,10,5,4,4762,63,6.66,5,0.14,0
2025-11-07,10,6,6,4296,60,6.76,6,0.11,0
2025-11-08,1,1,4,5136,55,6.69,1,0.15,0
2025-11-08,1,2,3,3983,32,6.7,2,0.13,0
2025-11-08,1,3,5,4959,17,6.65,3,0.06,0
2025-11-08,1,4,6,4084,16,6.69,4,0.09,0
2025-11-08,1,5,1,5017,27,6.69,5,0.05,0
2025-11-08,1,6,2,4361,20,6.66,6,0.07,0
2025-11-08,4,1,6,4682,10,6.79,1,0.11,0
2025-11-08,4,2,2,4230,39,6.73,3,0.09,0
2025-11-08,4,3,4,4643,46,6.81,4,0.09,0
2025-11-08,4,4,1,4166,34,6.76,5,0.09,0
2025-11-08,4,5,5,3415,8,6.77,2,0.13,0
2025-11-08,4,6,3,4266,24,6.81,6,0.13,0
2025-11-08,5,1,3,4907,3,6.7,1,0.17,0
2025-11-08,5,2,1,4848,31,6.75,2,0.18,0
2025-11-08,5,3,6,4787,35,6.69,6,0.12,0
2025-11-08,5,4,4,4739,58,6.79,3,0.14,0
2025-11-08,5,5,5,4074,48,6.73,4,0.14,0
2025-11-08,5,6,2,4320,45,6.77,5,0.18,0
2025-11-08,7,1,2,4659,37,6.77,1,0.11,0
2025-11-08,7,2,3,4459,2,6.8,2,0.13,0
2025-11-08,7,3,6,4928,54,6.75,3,0.26,0
2025-11-08,7,4,4,4324,61,6.69,4,0.15,0
2025-11-08,7,5,1,4084,16,6.72,5,0.15,0
2025-11-08,7,6,5,4504,21,6.77,6,0.14,0
2025-11-08,10,1,5,3854,57,6.66,1,0.13,0
2025-11-08,10,2,2,4361,20,6.61,2,0.08,0
2025-11-08,10,3,1,4320,45,6.7,3,0.1,0
2025-11-08,10,4,4,4266,24,6.73,4,0.06,0
2025-11-08,10,5,3,5224,12,6.65,5,0.11,0
2025-11-08,10,6,6,4914,7,6.72,6,0.11,0
2025-11-09,6,1,2,4230,39,6.74,1,0.08,0
2025-11-09,6,2,6,3854,57,6.84,2,0.09,0
2025-11-09,6,3,1,4324,61,6.76,3,0.08,0
2025-11-09,6,4,5,5224,12,6.76,6,0.16,0
2025-11-09,6,5,3,4166,34,6.84,4,0.08,0
2025-11-09,6,6,4,4262,25,6.9,5,0.13,0
2025-11-09,7,1,3,3942,4,6.72,1,0.16,0
2025-11-09,7,2,4,4448,1,6.83,2,0.19,0
2025-11-09,7,3,1,5043,9,6.74,3,0.11,0
2025-11-09,7,4,6,5084,22,6.88,4,0.09,0
2025-11-09,7,5,5,4371,19,6.89,5,0.08,0
2025-11-09,7,6,2,4959,17,6.83,6,0.04,0
2025-11-09,8,1,2,4914,7,6.78,1,0.07,0
2025-11-09,8,2,3,4851,18,6.8,2,0.12,0
2025-11-09,8,3,4,4459,2,6.8,3,0.09,0
2025-11-09,8,4,6,4907,3,6.77,4,0.11,0
2025-11-09,8,5,1,4296,60,6.67,5,0.07,0
2025-11-09,8,6,5,4682,10,6.84,6,0.11,0
2025-11-09,9,1,6,4787,35,6.74,1,0.17,0
2025-11-09,9,2,2,3897,40,6.89,2,0.23,0
2025-11-09,9,3,1,4848,31,6.87,3,0.11,0
2025-11-09,9,4,3,4586,30,6.78,4,0.12,0
2025-11-09,9,5,4,3983,32,6.85,5,0.16,0
2025-11-09,9,6,5,4643,46,6.87,6,0.16,0
2025-11-10,3,1,5,4361,20,6.65,1,0.11,0
2025-11-10,3,2,3,4682,10,6.69,3,0.08,0
2025-11-10,3,3,1,4266,24,6.75,4,0.04,0
2025-11-10,3,4,6,4643,46,6.79,5,0.02,0
2025-11-10,3,5,2,4262,25,6.74,6,0.05,0
2025-11-10,3,6,4,3946,36,6.8,2,0.11,0
2025-11-10,4,1,4,4084,16,6.68,1,0.07,0
2025-11-10,4,2,3,4787,35,6.66,2,0.07,0
2025-11-10,4,3,6,4762,63,6.66,3,0.07,0
2025-11-10,4,4,1,4030,15,6.79,4,0.02,0
2025-11-10,4,5,2,4719,14,6.7,5,0.04,0
2025-11-10,4,6,5,4256,47,6.74,6,0.06,0
2025-11-10,5,1,2,3983,32,6.7,1,0.08,0
2025-11-10,5,2,1,4166,34,6.71,2,0.08,0
2025-11-10,5,3,3,4914,7,6.7,3,0.1,0
2025-11-10,5,4,4,4459,2,6.76,4,0.08,0
2025-11-10,5,5,5,4445,11,6.75,5,0.13,0
2025-11-10,5,6,6,4448,1,6.72,6,0.21,0
2025-11-10,6,1,3,4362,44,6.68,1,0.06,0
2025-11-10,6,2,2,4320,45,6.72,2,0.09,0
2025-11-10,6,3,5,3942,4,6.71,3,0.05,0
2025-11-10,6,4,1,3908,52,6.74,4,0.05,0
2025-11-10,6,5,6,4848,31,6.68,5,0.03,0
2025-11-10,6,6,4,3415,8,6.75,6,0.12,0
2025-11-10,12,1,6,4448,1,6.71,1,0.18,0
2025-11-10,12,2,2,4266,24,6.73,2,0.17,0
2025-11-10,12,3,4,5224,12,6.77,3,0.17,0
2025-11-10,12,4,1,3415,8,6.77,4,0.16,0
2025-11-10,12,5,3,4787,35,6.77,5,0.18,0
2025-11-10,12,6,5,4074,48,6.8,6,0.14,0
2025-11-11,3,1,2,4959,17,6.74,1,0.12,0
2025-11-11,3,2,4,4688,5,6.81,2,0.17,0
2025-11-11,3,3,6,4659,37,6.82,3,0.14,0
2025-11-11,3,4,1,4445,11,6.73,4,0.07,0
2025-11-11,3,5,5,5136,55,6.75,5,0.11,0
2025-11-11,3,6,3,4682,10,6.88,6,0.16,0
2025-11-11,6,1,2,4851,18,6.79,1,0.12,0
2025-11-11,6,2,6,4371,19,6.88,2,0.12,0
2025-11-11,6,3,1,4504,21,6.71,3,0.14,0
2025-11-11,6,4,3,4847,51,6.75,4,0.19,0
2025-11-11,6,5,4,4914,7,6.82,6,0.15,0
2025-11-11,6,6,5,4928,54,6.79,5,0.16,0
2025-11-12,1,1,2,3946,36,6.75,1,0.11,0
2025-11-12,1,2,3,4084,16,6.73,2,0.18,0
2025-11-12,1,3,4,4798,28,6.78,3,0.22,0
2025-11-12,1,4,6,4959,17,6.75,4,0.16,0
2025-11-12,1,5,1,4739,58,6.78,5,0.13,0
2025-11-12,1,6,5,4362,44,6.83,6,0.15,0
2025-11-12,2,1,6,5043,9,6.71,1,0.06,0
2025-11-12,2,2,3,3415,8,6.78,2,0.17,0
2025-11-12,2,3,1,4295,59,6.67,3,0.11,0
2025-11-12,2,4,2,4886,50,6.67,4,0.19,0
2025-11-12,2,5,5,4659,37,6.81,5,0.15,0
2025-11-12,2,6,4,4361,20,6.69,6,0.13,0
2025-11-12,7,1,4,4566,29,6.79,1,0.18,0
2025-11-12,7,2,6,5136,55,6.76,2,0.15,0
2025-11-12,7,3,3,4362,44,6.78,3,0.14,0
2025-11-12,7,4,2,4798,28,6.8,4,0.12,0
2025-11-12,7,5,1,4847,51,6.79,5,0.16,0
2025-11-12,7,6,5,4445,11,6.7,6,0.12,0
2025-11-12,11,1,2,4848,31,6.8,1,0.17,0
2025-11-12,11,2,3,4566,29,6.76,3,0.15,0
2025-11-12,11,3,4,4266,24,6.86,4,0.16,0
2025-11-12,11,4,1,4230,39,6.83,6,0.09,0
2025-11-12,11,5,5,3415,8,6.77,2,0.12,0
2025-11-12,11,6,6,3946,36,6.78,5,0.16,0
2025-11-16,1,1,4,5339,45,6.75,1,0.26,0
2025-11-16,1,2,2,4358,32,6.71,2,0.29,0
2025-11-16,1,3,6,3604,58,6.82,3,0.31,0
2025-11-16,1,4,1,4145,22,6.91,4,0.22,0
2025-11-16,1,5,3,5082,60,6.77,5,0.16,0
2025-11-16,1,6,5,3680,31,6.92,6,0.19,0
2025-11-16,2,1,2,3542,52,6.78,1,0.21,0
2025-11-16,2,2,1,4069,46,6.78,2,0.26,0
2025-11-16,2,3,6,5218,27,6.79,3,0.21,0
2025-11-16,2,4,5,5315,14,6.82,4,0.25,0
2025-11-16,2,5,3,5408,65,6.8,6,0.36,0
2025-11-16,2,6,4,3606,43,6.91,5,0.19,0
2025-11-16,3,1,2,3458,63,6.84,1,0.14,0
2025-11-16,3,2,4,4642,15,6.88,2,0.21,0
2025-11-16,3,3,5,4116,56,6.83,3,0.22,0
2025-11-16,3,4,6,5192,8,6.83,4,0.24,0
2025-11-16,3,5,1,4977,18,6.84,5,0.09,0
2025-11-16,3,6,3,4318,62,6.88,6,0.11,0
2025-11-16,4,1,3,3105,26,6.87,1,0.13,0
2025-11-16,4,2,2,4342,25,6.8,3,0.14,0
2025-11-16,4,3,1,5026,64,6.67,4,0.15,0
2025-11-16,4,4,4,4220,41,6.73,5,0.15,0
2025-11-16,4,5,5,3574,39,6.84,2,0.13,0
2025-11-16,4,6,6,4167,40,6.9,6,0.17,0
2025-11-16,5,1,4,3161,21,6.74,1,0.13,0
2025-11-16,5,2,5,4515,6,6.88,2,0.18,0
2025-11-16,5,3,2,4437,61,6.85,3,0.18,0
2025-11-16,5,4,1,4120,66,6.88,4,0.14,0
2025-11-16,5,5,6,4423,10,6.91,5,0.16,0
2025-11-16,5,6,3,4148,36,6.88,6,0.17,0
2025-11-16,7,1,2,5218,27,6.84,1,0.23,0
2025-11-16,7,2,1,4530,57,6.76,2,0.21,0
2025-11-16,7,3,4,5192,8,6.81,3,0.21,0
2025-11-16,7,4,3,4482,53,6.86,4,0.22,0
2025-11-16,7,5,6,5265,49,6.89,5,0.27,0
2025-11-16,7,6,5,3604,58,6.85,6,0.24,0
2025-11-16,11,1,2,4530,57,6.81,1,0.05,0
2025-11-16,11,2,4,4220,41,6.84,2,0.12,0
2025-11-16,11,3,1,3606,43,6.86,3,0.02,0
2025-11-16,11,4,3,5220,28,6.79,4,0.03,0
2025-11-16,11,5,5,4116,56,6.91,5,0.06,0
2025-11-16,11,6,6,4515,6,6.96,6,0.19,0
2025-11-17,1,1,5,5265,49,6.89,1,0.22,0
2025-11-17,1,2,4,5315,14,6.83,3,0.32,0
2025-11-17,1,3,1,4423,10,6.82,4,0.19,0
2025-11-17,1,4,2,5339,45,6.82,5,0.19,0
2025-11-17,1,5,3,5011,5,6.89,6,0.28,0
2025-11-17,1,6,6,3542,52,6.89,2,0.49,0
2025-11-17,2,1,2,4148,36,6.81,1,0.18,0
2025-11-17,2,2,1,4977,18,6.83,2,0.19,0
2025-11-17,2,3,3,4530,57,6.76,3,0.21,0
2025-11-17,2,4,4,4358,32,6.8,4,0.26,0
2025-11-17,2,5,5,4220,41,6.85,5,0.19,0
2025-11-17,2,6,6,5437,33,6.94,6,0.28,0
2025-11-17,3,1,2,4167,40,6.86,1,0.42,0
2025-11-17,3,2,4,3105,26,6.91,2,0.34,0
2025-11-17,3,3,1,5220,28,6.68,4,0.2,0
2025-11-17,3,4,3,4437,61,6.78,5,0.18,0
2025-11-17,3,5,6,5192,8,6.81,6,0.16,0
2025-11-17,3,6,5,3161,21,6.73,3,0.36,0
2025-11-17,4,1,5,4145,22,6.82,1,0.28,0
2025-11-17,4,2,1,4099,20,6.84,3,0.15,0
2025-11-17,4,3,2,4120,66,6.86,4,0.18,0
2025-11-17,4,4,4,5218,27,6.72,5,0.16,0
2025-11-17,4,5,3,4752,30,6.8,6,0.21,0
2025-11-17,4,6,6,3574,39,6.91,2,0.19,0
2025-11-17,6,1,2,4523,23,6.85,1,0.06,0
2025-11-17,6,2,5,5265,49,6.94,2,0.04,0
2025-11-17,6,3,4,4344,24,6.88,3,0.05,0
2025-11-17,6,4,1,5082,60,6.86,4,0.14,0
2025-11-17,6,5,3,5026,64,6.85,5,0.12,0
2025-11-17,6,6,6,3458,63,6.87,6,0.12,0
2025-11-17,10,1,6,4642,15,6.78,1,0.17,0
2025-11-17,10,2,2,4120,66,6.9,3,0.04,0
2025-11-17,10,3,3,4148,36,6.85,4,0.08,0
2025-11-17,10,4,1,5026,64,6.79,5,0.05,0
2025-11-17,10,5,5,3542,52,6.81,2,0.18,0
2025-11-17,10,6,4,5220,28,6.74,6,0.03,0
2025-11-17,11,1,2,4437,61,6.82,1,0.21,0
2025-11-17,11,2,1,4482,53,6.81,2,0.22,0
2025-11-17,11,3,5,3574,39,6.89,3,0.21,0
2025-11-17,11,4,3,4228,55,6.77,4,0.16,0
2025-11-17,11,5,4,4523,23,6.86,5,0.13,0
2025-11-17,11,6,6,4977,18,6.85,6,0.18,0
2025-11-18,1,1,3,5299,19,6.81,1,0.13,0
2025-11-18,1,2,4,4228,55,6.76,2,0.18,0
2025-11-18,1,3,5,5315,14,6.76,3,0.2,0
2025-11-18,1,4,1,4423,10,6.88,4,0.11,0
2025-11-18,1,5,2,4515,6,6.9,5,0.18,0
2025-11-18,1,6,6,5437,33,6.92,6,0.42,0
2025-11-18,2,1,6,3680,31,6.81,1,0.46,0
2025-11-18,2,2,2,5192,8,6.78,2,0.4,0
2025-11-18,2,3,4,4220,41,6.72,3,0.19,0
2025-11-18,2,4,5,4752,30,6.82,4,0.15,0
2025-11-18,2,5,3,3606,43,6.78,5,0.15,0
2025-11-18,2,6,1,4099,20,6.79,6,0.12,0
2025-11-18,4,1,6,3604,58,6.79,1,0.21,0
2025-11-18,4,2,2,4523,23,6.79,2,0.13,0
2025-11-18,4,3,1,4069,46,6.77,3,0.14,0
2025-11-18,4,4,5,4148,36,6.85,4,0.16,0
2025-11-18,4,5,3,3105,26,6.89,5,0.19,0
2025-11-18,4,6,4,4989,38,6.8,6,0.19,0
2025-11-18,5,1,2,4977,18,6.73,1,0.29,0
2025-11-18,5,2,4,3542,52,6.74,2,0.24,0
2025-11-18,5,3,1,4358,32,6.78,3,0.21,0
2025-11-18,5,4,3,3576,13,6.8,4,0.23,0
2025-11-18,5,5,5,4482,53,6.67,5,0.19,0
2025-11-18,5,6,6,5408,65,6.76,6,0.25,0
2025-11-18,7,1,5,4228,55,6.73,1,0.21,0
2025-11-18,7,2,4,5339,45,6.75,2,0.21,0
2025-11-18,7,3,6,5011,5,6.82,3,0.24,0
2025-11-18,7,4,1,4344,24,6.77,4,0.09,0
2025-11-18,7,5,2,4642,15,6.76,5,0.09,0
2025-11-18,7,6,3,4145,22,6.88,6,0.23,0
2025-11-19,7,1,4,4989,38,6.7,1,0.33,0
2025-11-19,7,2,1,3574,39,6.87,2,0.19,0
2025-11-19,7,3,3,5339,45,6.8,3,0.22,0
2025-11-19,7,4,6,3458,63,6.8,5,0.18,0
2025-11-19,7,5,5,5408,65,6.82,6,0.38,0
2025-11-19,7,6,2,4344,24,6.77,4,0.18,0
2025-11-19,8,1,4,4318,62,6.78,1,0.12,0
2025-11-19,8,2,3,3576,13,6.76,2,0.13,0
2025-11-19,8,3,1,3680,31,6.83,3,0.09,0
2025-11-19,8,4,2,3161,21,6.8,4,0.13,0
2025-11-19,8,5,5,4145,22,6.94,5,0.19,0
2025-11-19,8,6,6,5192,8,6.9,6,0.15,0
2025-11-19,9,1,3,4099,20,6.82,1,0.08,0
2025-11-19,9,2,2,4437,61,6.93,2,0.08,0
2025-11-19,9,3,5,4120,66,6.86,3,0.08,0
2025-11-19,9,4,1,4342,25,6.9,4,0.09,0
2025-11-19,9,5,6,4423,10,6.89,6,0.17,0
2025-11-19,9,6,4,4530,57,6.85,5,0.12,0
2025-11-20,1,1,2,5315,14,6.84,1,0.22,0
2025-11-20,1,2,1,5218,27,6.77,4,0.19,0
2025-11-20,1,3,4,4167,40,6.94,5,0.2,0
2025-11-20,1,4,5,3105,26,6.97,2,0.29,0
2025-11-20,1,5,3,3161,21,6.82,3,0.44,0
2025-11-20,1,6,6,5437,33,6.87,6,0.27,0
2025-11-20,2,1,3,5011,5,6.8,1,0.2,0
2025-11-20,2,2,1,5339,45,6.79,3,0.15,0
2025-11-20,2,3,5,4116,56,6.83,4,0.08,0
2025-11-20,2,4,4,5192,8,6.79,5,0.1,0
2025-11-20,2,5,6,3574,39,6.95,2,0.17,0
2025-11-20,2,6,2,5082,60,6.78,6,0.18,0
2025-11-20,6,1,2,3606,43,6.82,1,0.18,0
2025-11-20,6,2,6,3105,26,6.87,3,0.26,0
2025-11-20,6,3,5,4145,22,6.9,5,0.32,0
2025-11-20,6,4,4,3574,39,6.89,2,0.25,0
2025-11-20,6,5,3,3680,31,6.79,6,0.31,0
2025-11-20,6,6,1,4099,20,6.78,4,0.23,0
2025-11-20,9,1,2,4515,6,6.78,1,0.12,0
2025-11-20,9,2,6,5299,19,6.81,2,0.15,0
2025-11-20,9,3,1,3576,13,6.79,3,0.05,0
2025-11-20,9,4,3,4148,36,6.91,4,0.07,0
2025-11-20,9,5,4,5339,45,6.84,5,0.11,0
2025-11-20,9,6,5,4752,30,6.86,6,0.12,0
2025-11-25,5,1,2,4365,59,6.72,1,0.18,0
2025-11-25,5,2,1,4734,60,6.75,2,0.19,0
2025-11-25,5,3,4,4782,44,6.82,3,0.22,0
2025-11-25,5,4,5,5287,50,6.86,4,0.16,0
2025-11-25,5,5,3,5257,48,6.77,5,0.21,0
2025-11-25,5,6,6,4332,49,6.93,6,0.14,0
2025-11-25,6,1,3,4966,1,6.78,1,0.25,0
2025-11-25,6,2,4,5326,64,6.88,2,0.24,0
2025-11-25,6,3,2,4199,3,6.86,3,0.21,0
2025-11-25,6,4,6,3620,43,6.87,4,0.26,0
2025-11-25,6,5,5,5386,41,6.91,5,0.25,0
2025-11-25,6,6,1,4757,25,7.04,6,0.2,0
2025-11-25,7,1,6,5048,47,6.87,1,0.26,0
2025-11-25,7,2,1,3054,14,6.77,2,0.15,0
2025-11-25,7,3,2,4297,29,6.7,3,0.13,0
2025-11-25,7,4,4,5249,27,6.82,4,0.19,0
2025-11-25,7,5,3,5058,16,6.85,5,0.21,0
2025-11-25,7,6,5,4607,28,6.92,6,0.25,0
2025-11-25,11,1,5,4096,38,6.81,1,0.16,0
2025-11-25,11,2,1,5058,16,6.84,2,0.24,0
2025-11-25,11,3,2,5257,48,6.82,3,0.15,0
2025-11-25,11,4,3,4199,3,6.86,4,0.17,0
2025-11-25,11,5,6,3081,56,6.86,5,0.27,0
2025-11-25,11,6,4,3489,35,7.0,6,0.26,0
2025-11-25,12,1,2,4297,29,6.79,1,0.15,0
2025-11-25,12,2,3,4757,25,6.89,2,0.19,0
2025-11-25,12,3,5,4064,15,6.91,3,0.14,0
2025-11-25,12,4,1,4544,7,6.83,4,0.1,0
2025-11-25,12,5,4,4734,60,6.83,5,0.11,0
2025-11-25,12,6,6,4370,53,6.95,6,0.18,0
2025-11-26,3,1,6,5045,65,6.85,1,0.25,0
2025-11-26,3,2,3,4332,49,6.83,2,0.11,0
2025-11-26,3,3,1,5249,27,6.76,3,0.11,0
2025-11-26,3,4,2,3990,63,6.79,4,0.12,0
2025-11-26,3,5,4,4607,28,6.85,5,0.22,0
2025-11-26,3,6,5,4650,2,6.83,6,0.13,0
2025-11-26,5,1,2,3742,32,6.86,1,0.13,0
2025-11-26,5,2,5,3701,55,6.82,2,0.12,0
2025-11-26,5,3,3,4373,9,6.79,3,0.07,0
2025-11-26,5,4,1,4064,15,6.84,4,0.08,0
2025-11-26,5,5,4,4365,59,6.73,5,0.11,0
2025-11-26,5,6,6,3054,14,6.78,6,0.42,0
2025-11-26,6,1,2,4345,12,6.8,1,0.18,0
2025-11-26,6,2,4,4499,62,6.84,2,0.19,0
2025-11-26,6,3,1,4931,54,6.8,3,0.18,0
2025-11-26,6,4,6,3875,37,6.93,4,0.18,0
2025-11-26,6,5,3,4757,25,6.87,5,0.12,0
2025-11-26,6,6,5,4782,44,6.89,6,0.21,0
2025-11-26,7,1,2,5249,27,6.79,1,0.19,0
2025-11-26,7,2,4,3722,11,6.89,2,0.32,0
2025-11-26,7,3,1,4734,60,6.71,3,0.25,0
2025-11-26,7,4,6,3081,56,6.89,4,0.34,0
2025-11-26,7,5,5,4909,4,6.76,5,0.36,0
2025-11-26,7,6,3,4134,34,6.86,6,0.28,0
2025-11-26,9,1,2,5257,48,6.75,1,0.09,0
2025-11-26,9,2,3,4370,53,6.74,2,0.16,0
2025-11-26,9,3,4,3990,63,6.78,3,0.15,0
2025-11-26,9,4,5,3892,26,6.89,4,0.14,0
2025-11-26,9,5,6,4097,66,6.91,5,0.14,0
2025-11-26,9,6,1,4297,29,6.77,6,0.05,0
2025-11-27,1,1,2,4332,49,6.75,1,0.18,0
2025-11-27,1,2,1,4782,44,6.79,2,0.14,0
2025-11-27,1,3,6,3620,43,6.93,3,0.11,0
2025-11-27,1,4,5,5386,41,6.89,5,0.14,0
2025-11-27,1,5,3,3489,35,6.82,4,0.16,0
2025-11-27,1,6,4,5326,64,6.84,6,0.15,0
2025-11-27,3,1,5,3892,26,6.86,1,0.16,0
2025-11-27,3,2,6,5249,27,6.8,2,0.06,0
2025-11-27,3,3,1,4370,53,6.74,3,0.12,0
2025-11-27,3,4,2,4306,51,6.82,4,0.15,0
2025-11-27,3,5,3,4931,54,6.83,5,0.15,0
2025-11-27,3,6,4,4499,62,6.82,6,0.14,0
2025-11-27,5,1,6,3875,37,6.86,1,0.2,0
2025-11-27,5,2,1,5257,48,6.79,2,0.11,0
2025-11-27,5,3,4,4365,59,6.7,3,0.12,0
2025-11-27,5,4,5,3742,32,6.83,4,0.13,0
2025-11-27,5,5,2,4297,29,6.73,5,0.11,0
2025-11-27,5,6,3,3722,11,6.9,6,0.21,0
2025-11-27,6,1,4,3081,56,6.83,1,0.12,0
2025-11-27,6,2,5,3620,43,6.94,2,0.28,0
2025-11-27,6,3,2,3568,19,6.85,3,0.11,0
2025-11-27,6,4,3,4757,25,6.82,4,0.12,0
2025-11-27,6,5,1,4544,7,6.77,5,0.13,0
2025-11-27,6,6,6,3054,14,6.82,6,0.11,0
2025-11-27,7,1,4,4782,44,6.78,1,0.24,0
2025-11-27,7,2,1,4199,3,6.78,2,0.21,0
2025-11-27,7,3,2,4345,12,6.8,3,0.18,0
2025-11-27,7,4,6,5309,13,6.79,4,0.17,0
2025-11-27,7,5,5,3990,63,6.79,5,0.21,0
2025-11-27,7,6,3,4064,15,6.8,6,0.21,0
2025-11-27,10,1,4,3572,6,6.93,1,0.25,0
2025-11-27,10,2,5,3742,32,6.84,2,0.23,0
2025-11-27,10,3,2,4757,25,6.97,3,0.15,0
2025-11-27,10,4,1,4734,60,6.81,4,0.09,0
2025-11-27,10,5,6,3701,55,6.95,5,0.12,0
2025-11-27,10,6,3,4096,38,6.87,6,0.17,0
2025-11-28,2,1,5,5287,50,6.74,1,0.32,0
2025-11-28,2,2,1,3892,26,6.77,2,0.19,0
2025-11-28,2,3,3,4134,34,6.8,3,0.18,0
2025-11-28,2,4,2,4782,44,6.77,4,0.2,0
2025-11-28,2,5,4,4373,9,6.74,5,0.17,0
2025-11-28,2,6,6,4365,59,6.61,6,0.14,0
2025-11-28,3,1,3,4909,4,6.68,1,0.14,0
2025-11-28,3,2,2,4931,54,6.75,2,0.08,0
2025-11-28,3,3,1,5058,16,6.73,3,0.1,0
2025-11-28,3,4,6,4332,49,6.77,4,0.13,0
2025-11-28,3,5,5,5249,27,6.78,5,0.09,0
2025-11-28,3,6,4,3990,63,6.73,6,0.12,0
2025-11-28,4,1,3,4306,51,6.75,1,0.4,0
2025-11-28,4,2,1,5257,48,6.79,2,0.28,0
2025-11-28,4,3,6,3568,19,6.7,3,0.23,0
2025-11-28,4,4,2,4734,60,6.69,4,0.24,0
2025-11-28,4,5,4,5045,65,6.81,5,0.29,0
2025-11-28,4,6,5,3054,14,6.72,6,0.27,0
2025-11-28,5,1,5,5309,13,6.74,1,0.09,0
2025-11-28,5,2,2,4966,1,6.75,2,0.12,0
2025-11-28,5,3,3,3742,32,6.69,3,0.11,0
2025-11-28,5,4,1,4199,3,6.63,4,0.11,0
2025-11-28,5,5,4,3572,6,6.79,5,0.22,0
2025-11-28,5,6,6,3620,43,6.83,6,0.29,0
2025-11-28,6,1,2,4607,28,6.8,1,0.18,0
2025-11-28,6,2,4,4345,12,6.71,2,0.19,0
2025-11-28,6,3,6,5203,23,6.86,3,0.22,0
2025-11-28,6,4,3,3701,55,6.88,4,0.21,0
2025-11-28,6,5,1,4370,53,6.73,5,0.16,0
2025-11-28,6,6,5,3875,37,6.91,6,0.23,0
2025-11-28,7,1,2,3489,35,6.75,1,0.19,0
2025-11-28,7,2,1,4544,7,6.73,2,0.18,0
2025-11-28,7,3,6,4635,17,6.76,3,0.27,0
2025-11-28,7,4,5,4909,4,6.69,4,0.22,0
2025-11-28,7,5,3,4064,15,6.79,5,0.21,0
2025-11-28,7,6,4,3892,26,6.81,6,0.2,0
2025-11-28,8,1,5,4650,2,6.67,1,0.11,0
2025-11-28,8,2,3,3081,56,6.75,2,0.15,0
2025-11-28,8,3,1,5048,47,6.72,3,0.13,0
2025-11-28,8,4,2,4373,9,6.69,4,0.19,0
2025-11-28,8,5,4,3722,11,6.76,5,0.2,0
2025-11-28,8,6,6,5249,27,6.72,6,0.19,0
2025-11-28,10,1,3,4757,25,6.73,1,0.07,0
2025-11-28,10,2,6,4097,66,6.86,2,0.16,0
2025-11-28,10,3,1,4370,53,6.6,3,0.0,0
2025-11-28,10,4,2,4134,34,6.76,4,0.04,0
2025-11-28,10,5,4,4332,49,6.77,5,0.06,0
2025-11-28,10,6,5,4791,22,6.76,6,0.11,0
2025-11-29,1,1,3,4365,59,6.58,1,0.06,0
2025-11-29,1,2,1,4966,1,6.8,2,0.08,0
2025-11-29,1,3,5,3568,19,6.79,3,0.11,0
2025-11-29,1,4,4,5249,27,6.75,4,0.07,0
2025-11-29,1,5,2,4297,29,6.72,5,0.09,0
2025-11-29,1,6,6,5386,41,6.84,6,0.15,0
2025-11-29,4,1,3,4607,28,6.81,1,0.16,0
2025-11-29,4,2,5,4345,12,6.85,2,0.16,0
2025-11-29,4,3,6,3892,26,6.84,3,0.17,0
2025-11-29,4,4,1,4134,34,6.89,4,0.08,0
2025-11-29,4,5,2,4757,25,6.9,5,0.07,0
2025-11-29,4,6,4,3054,14,6.8,6,0.17,0
2025-11-29,5,1,2,5203,23,6.81,1,0.11,0
2025-11-29,5,2,6,5045,65,6.75,2,0.26,0
2025-11-29,5,3,1,4499,62,6.8,3,0.1,0
2025-11-29,5,4,3,4373,9,6.83,4,0.11,0
2025-11-29,5,5,5,5287,50,6.79,5,0.08,0
2025-11-29,5,6,4,4791,22,6.89,6,0.14,0
2025-11-30,1,1,2,3701,55,6.74,1,0.16,0
2025-11-30,1,2,1,4635,17,6.78,2,0.09,0
2025-11-30,1,3,3,4332,49,6.78,3,0.08,0
2025-11-30,1,4,6,5326,64,6.72,4,0.14,0
2025-11-30,1,5,5,3892,26,6.74,5,0.11,0
2025-11-30,1,6,4,5045,65,6.69,6,0.14,0
2025-11-30,2,1,4,4782,44,6.71,1,0.21,0
2025-11-30,2,2,6,3568,19,6.83,2,0.22,0
2025-11-30,2,3,2,4064,15,6.84,3,0.23,0
2025-11-30,2,4,1,4365,59,6.68,4,0.16,0
2025-11-30,2,5,5,4097,66,6.9,5,0.24,0
2025-11-30,2,6,3,4791,22,6.82,6,0.29,0
2025-11-30,3,1,4,4306,51,6.7,1,0.19,0
2025-11-30,3,2,5,5309,13,6.75,2,0.21,0
2025-11-30,3,3,1,4757,25,6.82,3,0.18,0
2025-11-30,3,4,3,4607,28,6.73,4,0.17,0
2025-11-30,3,5,2,4499,62,6.75,5,0.15,0
2025-11-30,3,6,6,3081,56,6.81,6,0.17,0
2025-11-30,4,1,4,3722,11,6.71,1,0.2,0
2025-11-30,4,2,3,4373,9,6.7,2,0.32,0
2025-11-30,4,3,5,5249,27,6.71,3,0.19,0
2025-11-30,4,4,1,4199,3,6.67,4,0.08,0
2025-11-30,4,5,6,3990,63,6.81,5,0.11,0
2025-11-30,4,6,2,4931,54,6.78,6,0.13,0
2025-11-30,5,1,3,5257,48,6.66,1,0.23,0
2025-11-30,5,2,2,4544,7,6.58,2,0.2,0
2025-11-30,5,3,5,4909,4,6.71,3,0.22,0
2025-11-30,5,4,6,5386,41,6.75,6,0.21,0
2025-11-30,5,5,1,4370,53,6.69,4,0.14,0
2025-11-30,5,6,4,3701,55,6.87,5,0.13,0
2025-11-30,6,1,2,4345,12,6.71,1,0.06,0
2025-11-30,6,2,5,5048,47,6.75,2,0.09,0
2025-11-30,6,3,4,3742,32,6.76,3,0.25,0
2025-11-30,6,4,6,5203,23,6.88,4,0.18,0
2025-11-30,6,5,1,4297,29,6.75,5,0.13,0
2025-11-30,6,6,3,5058,16,6.76,6,0.14,0
2025-12-01,1,1,6,3568,19,6.86,1,0.16,0
2025-12-01,1,2,2,5287,50,6.79,2,0.12,0
2025-12-01,1,3,4,3892,26,6.84,3,0.13,0
2025-12-01,1,4,5,3701,55,6.87,4,0.07,0
2025-12-01,1,5,1,5309,13,6.91,5,0.05,0
2025-12-01,1,6,3,4097,66,7.03,6,0.2,0
2025-12-01,2,1,3,4782,44,6.84,1,0.16,0
2025-12-01,2,2,1,4966,1,6.92,2,0.11,0
2025-12-01,2,3,5,5045,65,6.83,3,0.11,0
2025-12-01,2,4,6,3875,37,6.99,4,0.08,0
2025-12-01,2,5,4,4332,49,6.9,5,0.15,0
2025-12-01,2,6,2,4345,12,6.84,6,0.07,0
2025-12-01,3,1,5,3990,63,6.77,1,0.05,0
2025-12-01,3,2,3,4909,4,6.74,2,0.21,0
2025-12-01,3,3,4,5203,23,6.88,3,0.06,0
2025-12-01,3,4,1,4544,7,6.75,4,0.03,0
2025-12-01,3,5,2,5249,27,6.89,5,0.07,0
2025-12-01,3,6,6,3081,56,6.89,6,0.12,0
2025-12-01,4,1,5,3489,35,6.81,1,0.14,0
2025-12-01,4,2,2,4365,59,6.72,2,0.09,0
2025-12-01,4,3,1,5048,47,6.75,3,0.12,0
2025-12-01,4,4,4,5386,41,6.85,4,0.13,0
2025-12-01,4,5,3,4757,25,6.88,5,0.15,0
2025-12-01,4,6,6,3722,11,6.87,6,0.35,0
2025-12-01,6,1,2,4607,28,6.78,1,0.12,0
2025-12-01,6,2,5,4332,49,6.83,2,0.16,0
2025-12-01,6,3,4,3701,55,6.94,3,0.24,0
2025-12-01,6,4,1,3620,43,6.94,4,0.06,0
2025-12-01,6,5,6,4650,2,6.76,5,0.03,0
2025-12-01,6,6,3,3054,14,6.82,6,0.11,0
2025-12-01,9,1,2,5045,65,6.85,1,0.15,0
2025-12-01,9,2,6,3742,32,6.92,2,0.15,0
2025-12-01,9,3,1,4134,34,6.85,3,0.07,0
2025-12-01,9,4,5,5048,47,6.68,6,0.09,0
2025-12-01,9,5,3,4365,59,6.75,4,0.09,0
2025-12-01,9,6,4,4635,17,6.87,5,0.09,0
2025-12-01,10,1,2,4345,12,6.81,1,0.08,0
2025-12-01,10,2,1,4544,7,6.7,2,0.12,0
2025-12-01,10,3,3,3568,19,6.76,3,0.11,0
2025-12-01,10,4,4,4650,2,6.77,4,0.09,0
2025-12-01,10,5,5,3990,63,6.8,5,0.14,0
2025-12-01,10,6,6,4607,28,6.77,6,0.15,0
2025-12-04,1,1,6,3401,45,6.7,1,0.23,0
2025-12-04,1,2,5,4636,6,6.72,2,0.22,0
2025-12-04,1,3,2,4065,64,6.82,3,0.21,0
2025-12-04,1,4,1,4890,39,6.78,4,0.16,0
2025-12-04,1,5,4,4152,10,6.78,5,0.22,0
2025-12-04,1,6,3,3852,52,6.73,6,0.45,0
2025-12-04,2,1,2,4093,23,6.75,1,0.08,0
2025-12-04,2,2,3,4837,55,6.74,2,0.09,0
2025-12-04,2,3,1,4051,1,6.83,3,0.12,0
2025-12-04,2,4,4,4984,21,6.83,4,0.19,0
2025-12-04,2,5,6,5050,66,6.79,5,0.16,0
2025-12-04,2,6,5,4553,65,6.7,6,0.18,0
2025-12-04,3,1,4,3546,56,6.83,1,0.24,0
2025-12-04,3,2,5,3933,26,6.82,2,0.25,0
2025-12-04,3,3,6,5230,5,6.74,3,0.25,0
2025-12-04,3,4,2,3832,46,6.8,4,0.15,0
2025-12-04,3,5,1,4292,22,6.84,5,0.12,0
2025-12-04,3,6,3,4171,62,6.81,6,0.23,0
2025-12-04,6,1,2,4015,61,6.8,1,0.19,0
2025-12-04,6,2,3,5143,14,6.78,3,0.25,0
2025-12-04,6,3,5,4200,8,6.8,4,0.16,0
2025-12-04,6,4,4,3852,52,6.79,5,0.12,0
2025-12-04,6,5,1,4305,20,6.76,6,0.04,0
2025-12-04,6,6,6,3582,33,6.8,2,0.29,0
2025-12-04,7,1,2,4065,64,6.85,1,0.17,0
2025-12-04,7,2,4,4984,21,6.73,2,0.17,0
2025-12-04,7,3,1,4387,41,6.75,3,0.16,0
2025-12-04,7,4,3,4556,58,6.81,4,0.15,0
2025-12-04,7,5,5,5230,5,6.63,5,0.23,0
2025-12-04,7,6,6,5413,13,6.76,6,0.19,0
2025-12-04,10,1,2,4377,24,6.74,1,0.26,0
2025-12-04,10,2,1,4809,49,6.74,5,0.22,0
2025-12-04,10,3,3,4015,61,6.86,3,0.15,0
2025-12-04,10,4,5,4093,23,6.81,4,0.24,0
2025-12-04,10,5,6,3788,37,6.71,6,0.23,0
2025-12-04,10,6,4,3933,26,6.8,2,0.19,0
2025-12-04,12,1,5,4387,41,6.7,1,0.26,0
2025-12-04,12,2,3,4305,20,6.76,2,0.24,0
2025-12-04,12,3,1,3849,32,6.78,3,0.22,0
2025-12-04,12,4,4,4434,31,6.78,4,0.23,0
2025-12-04,12,5,6,4171,62,6.81,5,0.23,0
2025-12-04,12,6,2,4826,57,6.78,6,0.2,0
2025-12-05,2,1,2,3461,18,6.72,1,0.16,0
2025-12-05,2,2,1,4215,30,6.79,2,0.14,0
2025-12-05,2,3,5,4182,25,6.8,3,0.14,0
2025-12-05,2,4,3,4171,62,6.82,4,0.21,0
2025-12-05,2,5,4,4623,4,6.79,5,0.13,0
2025-12-05,2,6,6,4065,64,6.75,6,0.15,0
2025-12-05,3,1,2,4417,63,6.73,1,0.21,0
2025-12-05,3,2,5,3401,45,6.8,2,0.22,0
2025-12-05,3,3,1,5143,14,6.67,3,0.22,0
2025-12-05,3,4,6,5358,19,6.74,4,0.23,0
2025-12-05,3,5,4,4051,1,6.79,5,0.22,0
2025-12-05,3,6,3,4292,22,6.79,6,0.15,0
2025-12-05,4,1,5,3933,26,6.74,1,0.21,0
2025-12-05,4,2,6,4452,27,6.71,2,0.16,0
2025-12-05,4,3,2,4556,58,6.7,3,0.11,0
2025-12-05,4,4,1,4305,20,6.8,4,0.11,0
2025-12-05,4,5,3,5064,40,6.72,5,0.12,0
2025-12-05,4,6,4,3681,36,6.79,6,0.12,0
2025-12-05,5,1,5,3860,38,6.78,1,0.22,0
2025-12-05,5,2,6,5230,5,6.65,2,0.28,0
2025-12-05,5,3,4,4152,10,6.72,3,0.23,0
2025-12-05,5,4,1,4377,24,6.77,4,0.14,0
2025-12-05,5,5,2,4434,31,6.8,5,0.17,0
2025-12-05,5,6,3,4015,61,6.79,6,0.21,0
2025-12-05,6,1,2,3659,53,6.73,1,0.18,0
2025-12-05,6,2,1,3849,32,6.75,2,0.18,0
2025-12-05,6,3,3,4984,21,6.67,3,0.25,0
2025-12-05,6,4,4,4553,65,6.72,4,0.2,0
2025-12-05,6,5,6,4636,6,6.71,5,0.17,0
2025-12-05,6,6,5,3546,56,6.76,6,0.16,0
2025-12-05,9,1,4,4452,27,6.72,1,0.19,0
2025-12-05,9,2,2,4171,62,6.75,2,0.21,0
2025-12-05,9,3,5,4417,63,6.7,3,0.27,0
2025-12-05,9,4,6,4853,43,6.8,6,0.34,0
2025-12-05,9,5,1,3582,33,6.82,4,0.18,0
2025-12-05,9,6,3,4093,23,6.89,5,0.27,0
2025-12-05,10,1,3,5064,40,6.67,1,0.36,0
2025-12-05,10,2,5,3852,52,6.79,2,0.32,0
2025-12-05,10,3,1,4434,31,6.81,3,0.29,0
2025-12-05,10,4,4,3659,53,6.84,4,0.3,0
2025-12-05,10,5,2,3401,45,6.78,5,0.31,0
2025-12-05,10,6,6,4182,25,6.79,6,0.28,0
2025-12-06,6,1,3,4292,22,6.8,1,0.1,0
2025-12-06,6,2,5,4093,23,6.82,2,0.14,0
2025-12-06,6,3,4,4065,64,6.79,3,0.13,0
2025-12-06,6,4,6,3546,56,6.83,4,0.15,0
2025-12-06,6,5,2,3852,52,6.81,5,0.09,0
2025-12-06,6,6,1,4305,20,6.81,6,0.07,0
2025-12-06,12,1,4,4387,41,6.79,1,0.2,0
2025-12-06,12,2,5,4065,64,6.92,2,0.23,0
2025-12-06,12,3,6,5230,5,6.79,3,0.32,0
2025-12-06,12,4,3,4984,21,6.77,6,0.21,0
2025-12-06,12,5,1,4556,58,6.84,4,0.18,0
2025-12-06,12,6,2,4853,43,6.82,5,0.21,0
2025-12-07,4,1,2,4623,4,6.85,1,0.1,0
2025-12-07,4,2,5,4417,63,6.91,2,0.17,0
2025-12-07,4,3,1,4434,31,6.9,3,0.1,0
2025-12-07,4,4,4,4215,30,6.86,4,0.11,0
2025-12-07,4,5,3,4152,10,6.85,5,0.1,0
2025-12-07,4,6,6,5413,13,6.86,6,0.09,0
2025-12-07,5,1,2,5050,66,6.85,1,0.21,0
2025-12-07,5,2,6,3860,38,6.88,2,0.24,0
2025-12-07,5,3,1,4387,41,6.82,3,0.19,0
2025-12-07,5,4,5,3788,37,6.86,4,0.16,0
2025-12-07,5,5,4,3681,36,6.76,5,0.15,0
2025-12-07,5,6,3,4377,24,6.9,6,0.12,0
2025-12-07,6,1,4,4890,39,6.79,1,0.09,0
2025-12-07,6,2,2,4292,22,6.94,2,0.09,0
2025-12-07,6,3,3,5358,19,6.85,4,0.17,0
2025-12-07,6,4,5,4636,6,6.8,5,0.19,0
2025-12-07,6,5,6,4065,64,6.86,6,0.18,0
2025-12-07,6,6,1,3849,32,6.84,3,0.11,0
2025-12-07,12,1,2,4636,6,6.82,1,0.23,0
2025-12-07,12,2,1,4826,57,6.81,2,0.19,0
2025-12-07,12,3,3,4417,63,6.86,3,0.22,0
2025-12-07,12,4,4,4015,61,6.8,4,0.21,0
2025-12-07,12,5,6,3659,53,6.84,5,0.32,0
2025-12-07,12,6,5,4387,41,6.78,6,0.28,0
2025-12-08,1,1,6,5230,5,6.74,1,0.34,0
2025-12-08,1,2,2,4182,25,6.79,2,0.34,0
2025-12-08,1,3,1,3788,37,6.86,3,0.24,0
2025-12-08,1,4,5,4853,43,6.81,4,0.31,0
2025-12-08,1,5,3,3401,45,6.83,5,0.34,0
2025-12-08,1,6,4,3461,18,6.89,6,0.39,0
2025-12-08,2,1,4,5358,19,6.78,1,0.17,0
2025-12-08,2,2,3,3681,36,6.73,2,0.12,0
2025-12-08,2,3,1,5064,40,6.85,3,0.12,0
2025-12-08,2,4,5,4152,10,6.83,4,0.21,0
2025-12-08,2,5,2,4452,27,6.88,5,0.24,0
2025-12-08,2,6,6,3860,38,6.89,6,0.28,0
2025-12-08,5,1,3,4837,55,6.72,1,0.18,0
2025-12-08,5,2,2,4015,61,6.73,2,0.14,0
2025-12-08,5,3,5,3401,45,6.81,3,0.13,0
2025-12-08,5,4,1,5050,66,6.74,4,0.08,0
2025-12-08,5,5,4,3788,37,6.84,5,0.07,0
2025-12-08,5,6,6,5413,13,6.73,6,0.03,0
2025-12-08,6,1,3,4890,39,6.8,1,0.08,0
2025-12-08,6,2,5,3546,56,6.88,2,0.17,0
2025-12-08,6,3,2,4182,25,6.78,3,0.12,0
2025-12-08,6,4,6,3681,36,6.79,4,0.19,0
2025-12-08,6,5,1,4826,57,6.85,5,0.18,0
2025-12-08,6,6,4,4215,30,6.8,6,0.28,0
2025-12-11,1,1,4,4020,45,6.76,1,0.22,0
2025-12-11,1,2,2,4550,61,6.82,2,0.15,0
2025-12-11,1,3,6,3539,38,6.87,3,0.21,0
2025-12-11,1,4,1,4245,60,6.8,4,0.13,0
2025-12-11,1,5,5,5417,36,6.86,5,0.16,0
2025-12-11,1,6,3,4894,16,6.84,6,0.19,0
2025-12-11,4,1,6,4691,11,6.82,1,0.18,0
2025-12-11,4,2,5,5263,54,6.83,2,0.11,0
2025-12-11,4,3,1,4625,24,6.81,3,0.1,0
2025-12-11,4,4,2,5089,50,6.83,4,0.09,0
2025-12-11,4,5,3,4210,46,6.8,5,0.04,0
2025-12-11,4,6,4,4191,39,6.78,6,0.07,0
2025-12-11,6,1,2,4797,23,6.87,1,0.17,0
2025-12-11,6,2,6,5335,29,6.8,2,0.11,0
2025-12-11,6,3,1,3997,9,6.86,3,0.11,0
2025-12-11,6,4,4,5214,40,6.86,4,0.14,0
2025-12-11,6,5,3,4055,31,6.91,5,0.14,0
2025-12-11,6,6,5,3690,15,6.91,6,0.24,0
2025-12-11,7,1,5,3362,33,6.87,1,0.12,0
2025-12-11,7,2,2,4002,12,6.8,2,0.14,0
2025-12-11,7,3,1,3837,7,6.83,3,0.12,0
2025-12-11,7,4,4,4550,61,6.84,4,0.21,0
2025-12-11,7,5,6,4891,25,6.79,5,0.23,0
2025-12-11,7,6,3,4158,17,6.95,6,0.21,0
2025-12-11,8,1,4,4174,26,6.87,1,0.23,0
2025-12-11,8,2,3,3769,49,6.88,2,0.24,0
2025-12-11,8,3,5,5047,64,6.86,3,0.34,0
2025-12-11,8,4,1,4319,20,6.81,4,0.15,0
2025-12-11,8,5,6,5146,28,6.81,5,0.19,0
2025-12-11,8,6,2,5417,36,6.88,6,0.16,0
2025-12-11,9,1,2,4090,35,6.82,1,0.11,0
2025-12-11,9,2,4,4210,46,6.88,2,0.16,0
2025-12-11,9,3,1,4581,51,6.76,3,0.15,0
2025-12-11,9,4,5,5307,6,6.78,4,0.18,0
2025-12-11,9,5,3,4894,16,6.83,5,0.17,0
2025-12-11,9,6,6,3551,59,6.76,6,0.17,0
2025-12-12,2,1,2,3690,15,6.68,1,0.17,0
2025-12-12,2,2,5,3871,53,6.57,2,0.36,0
2025-12-12,2,3,1,5307,6,6.64,3,0.3,0
2025-12-12,2,4,6,5047,64,6.73,4,0.28,0
2025-12-12,2,5,3,3997,9,6.67,5,0.31,0
2025-12-12,2,6,4,3837,7,6.64,6,0.29,0
2025-12-12,4,1,6,3539,38,6.68,1,0.3,0
2025-12-12,4,2,5,4761,44,6.67,2,0.24,0
2025-12-12,4,3,4,4891,25,6.65,3,0.18,0
2025-12-12,4,4,1,5263,54,6.69,4,0.08,0
2025-12-12,4,5,2,4581,51,6.72,6,0.11,0
2025-12-12,4,6,3,4797,23,6.76,5,0.07,0
2025-12-13,2,1,2,4245,60,6.75,1,0.21,0
2025-12-13,2,2,1,5089,50,6.69,2,0.17,0
2025-12-13,2,3,5,4883,32,6.74,3,0.22,0
2025-12-13,2,4,3,4020,45,6.87,4,0.19,0
2025-12-13,2,5,4,4191,39,6.77,5,0.14,0
2025-12-13,2,6,6,3871,53,6.84,6,0.16,0
2025-12-13,3,1,3,3551,59,6.71,1,0.35,0
2025-12-13,3,2,6,3690,15,6.87,2,0.24,0
2025-12-13,3,3,2,4348,47,6.91,3,0.19,0
2025-12-13,3,4,1,4002,12,6.74,4,0.16,0
2025-12-13,3,5,4,4550,61,6.8,5,0.19,0
2025-12-13,3,6,5,3539,38,6.89,6,0.23,0
2025-12-13,4,1,5,4625,24,6.79,1,0.27,0
2025-12-13,4,2,3,5214,40,6.78,4,0.08,0
2025-12-13,4,3,4,5146,28,6.8,5,0.12,0
2025-12-13,4,4,1,3997,9,6.81,3,0.05,0
2025-12-13,4,5,6,5047,64,6.85,6,0.13,0
2025-12-13,4,6,2,3362,33,6.9,2,0.28,0
2025-12-13,9,1,3,4581,51,6.78,1,0.13,0
2025-12-13,9,2,2,3362,33,6.86,2,0.19,0
2025-12-13,9,3,4,4002,12,6.75,3,0.15,0
2025-12-13,9,4,6,5328,5,6.87,4,0.19,0
2025-12-13,9,5,1,4319,20,6.74,5,0.13,0
2025-12-13,9,6,5,3843,3,6.94,6,0.11,0
2025-12-13,11,1,2,4433,48,6.75,1,0.18,0
2025-12-13,11,2,4,4017,57,6.85,2,0.18,0
2025-12-13,11,3,1,4891,25,6.74,3,0.16,0
2025-12-13,11,4,3,5146,28,6.78,4,0.15,0
2025-12-13,11,5,5,3871,53,6.79,5,0.22,0
2025-12-13,11,6,6,3509,13,6.86,6,0.23,0
2025-12-14,2,1,2,4891,25,6.82,1,0.19,0
2025-12-14,2,2,3,4210,46,6.73,2,0.18,0
2025-12-14,2,3,1,4389,2,6.69,3,0.15,0
2025-12-14,2,4,5,4625,24,6.68,4,0.12,0
2025-12-14,2,5,4,4761,44,6.8,5,0.06,0
2025-12-14,2,6,6,5047,64,6.85,6,0.18,0
2025-12-14,6,1,3,5263,54,6.74,1,0.14,0
2025-12-14,6,2,6,3539,38,6.87,2,0.13,0
2025-12-14,6,3,1,4191,39,6.67,3,0.12,0
2025-12-14,6,4,5,3843,3,6.77,4,0.11,0
2025-12-14,6,5,2,4797,23,6.88,5,0.1,0
2025-12-14,6,6,4,4433,48,6.87,6,0.11,0
2025-12-14,9,1,2,4319,20,6.64,1,0.11,0
2025-12-14,9,2,1,3997,9,6.86,2,0.09,0
2025-12-14,9,3,3,4625,24,6.76,3,0.1,0
2025-12-14,9,4,6,5307,6,6.78,4,0.12,0
2025-12-14,9,5,4,4210,46,6.8,5,0.11,0
2025-12-14,9,6,5,4883,32,6.87,6,0.08,0
2025-12-14,11,1,2,5089,50,6.7,1,0.19,0
2025-12-14,11,2,4,4433,48,6.79,2,0.2,0
2025-12-14,11,3,3,4581,51,6.79,3,0.13,0
2025-12-14,11,4,1,4002,12,6.71,4,0.12,0
2025-12-14,11,5,5,4174,26,6.86,5,0.1,0
2025-12-14,11,6,6,3769,49,6.89,6,0.11,0
2025-12-14,12,1,5,5047,64,6.78,1,0.13,0
2025-12-14,12,2,6,4761,44,6.76,2,0.11,0
2025-12-14,12,3,2,4090,35,6.79,3,0.18,0
2025-12-14,12,4,1,4191,39,6.73,4,0.11,0
2025-12-14,12,5,4,4158,17,6.73,5,0.16,0
2025-12-14,12,6,3,5282,52,6.73,6,0.11,0
2025-12-15,1,1,6,5335,29,6.79,1,0.21,0
2025-12-15,1,2,3,3509,13,6.87,2,0.13,0
2025-12-15,1,3,5,5146,28,6.9,3,0.18,0
2025-12-15,1,4,1,3871,53,6.84,4,0.17,0
2025-12-15,1,5,2,4017,57,6.8,5,0.22,0
2025-12-15,1,6,4,3551,59,6.75,6,0.21,0
2025-12-15,3,1,3,5328,5,6.75,1,0.29,0
2025-12-15,3,2,5,4158,17,6.89,4,0.31,0
2025-12-15,3,3,4,4883,32,6.86,2,0.22,0
2025-12-15,3,4,1,4891,25,6.83,5,0.17,0
2025-12-15,3,5,2,4090,35,6.83,6,0.11,0
2025-12-15,3,6,6,3539,38,6.91,3,0.25,0
2025-12-15,8,1,3,4348,47,6.81,1,0.26,0
2025-12-15,8,2,6,4017,57,6.74,2,0.31,0
2025-12-15,8,3,5,4020,45,6.71,3,0.3,0
2025-12-15,8,4,1,4090,35,6.75,4,0.16,0
2025-12-15,8,5,2,3843,3,6.78,5,0.21,0
2025-12-15,8,6,4,3690,15,6.78,6,0.22,0
2025-12-15,10,1,5,4581,51,6.74,1,0.19,0
2025-12-15,10,2,6,4625,24,6.69,2,0.2,0
2025-12-15,10,3,4,4210,46,6.72,3,0.21,0
2025-12-15,10,4,3,4174,26,6.79,4,0.14,0
2025-12-15,10,5,2,5263,54,6.72,5,0.07,0
2025-12-15,10,6,1,4055,31,6.8,6,0.1,0
2025-12-15,12,1,2,3532,34,6.64,1,0.1,0
2025-12-15,12,2,5,3997,9,6.7,2,0.13,0
2025-12-15,12,3,1,4002,12,6.65,3,0.1,0
2025-12-15,12,4,3,5089,50,6.74,4,0.1,0
2025-12-15,12,5,4,4319,20,6.76,5,0.09,0
2025-12-15,12,6,6,4550,61,6.79,6,0.1,0
2025-12-22,2,1,2,3516,37,6.75,1,0.14,0
2025-12-22,2,2,5,4735,40,6.76,2,0.17,0
2025-12-22,2,3,4,4575,22,6.8,3,0.19,0
2025-12-22,2,4,1,4861,26,6.69,4,0.18,0
2025-12-22,2,5,3,3304,45,6.76,5,0.18,0
2025-12-22,2,6,6,3953,23,6.81,6,0.2,0
2025-12-22,3,1,6,4359,15,6.86,1,0.27,0
2025-12-22,3,2,5,4077,41,6.88,2,0.19,0
2025-12-22,3,3,3,4121,65,6.79,3,0.12,0
2025-12-22,3,4,1,3907,35,6.86,4,0.14,0
2025-12-22,3,5,2,4816,27,6.83,5,0.14,0
2025-12-22,3,6,4,3898,58,6.72,6,0.14,0
2025-12-22,4,1,3,4765,4,6.72,1,0.08,0
2025-12-22,4,2,2,3900,5,6.75,2,0.17,0
2025-12-22,4,3,4,3232,10,6.81,3,0.15,0
2025-12-22,4,4,6,5327,13,6.79,4,0.28,0
2025-12-22,4,5,1,5264,43,6.72,5,0.11,0
2025-12-22,4,6,5,5162,63,6.88,6,0.19,0
2025-12-22,5,1,5,3202,8,6.76,1,0.19,0
2025-12-22,5,2,6,3579,62,6.81,2,0.15,0
2025-12-22,5,3,4,4543,33,6.81,3,0.13,0
2025-12-22,5,4,3,4529,30,6.75,4,0.18,0
2025-12-22,5,5,1,4364,38,6.75,5,0.08,0
2025-12-22,5,6,2,3820,25,6.79,6,0.17,0
2025-12-22,6,1,2,3543,59,6.73,1,0.1,0
2025-12-22,6,2,4,3454,1,6.83,2,0.12,0
2025-12-22,6,3,6,3986,6,6.74,3,0.15,0
2025-12-22,6,4,1,4945,11,6.78,4,0.08,0
2025-12-22,6,5,5,4288,36,6.78,5,0.07,0
2025-12-22,6,6,3,4052,21,6.75,6,0.11,0
2025-12-22,8,1,2,4109,50,6.75,1,0.03,0
2025-12-22,8,2,1,4812,14,6.79,2,0.08,0
2025-12-22,8,3,5,3516,37,6.8,3,0.11,0
2025-12-22,8,4,3,5081,19,6.82,4,0.11,0
2025-12-22,8,5,4,3907,35,6.78,5,0.09,0
2025-12-22,8,6,6,5370,56,6.74,6,0.08,0
2025-12-22,10,1,5,4543,33,6.73,1,0.18,0
2025-12-22,10,2,2,4861,26,6.69,2,0.12,0
2025-12-22,10,3,6,3543,59,6.74,3,0.13,0
2025-12-22,10,4,1,4077,41,6.84,4,0.16,0
2025-12-22,10,5,4,3232,10,6.75,5,0.25,0
2025-12-22,10,6,3,4596,18,6.8,6,0.18,0
2025-12-22,11,1,2,4288,36,6.69,1,0.11,0
2025-12-22,11,2,1,4121,65,6.79,2,0.15,0
2025-12-22,11,3,4,4529,30,6.79,3,0.12,0
2025-12-22,11,4,5,4704,2,6.75,4,0.27,0
2025-12-22,11,5,3,3900,5,6.77,5,0.18,0
2025-12-22,11,6,6,4465,51,6.83,6,0.22,0
2025-12-23,4,1,3,4465,51,6.72,1,0.09,0
2025-12-23,4,2,1,4596,18,6.75,2,0.19,0
2025-12-23,4,3,6,5327,13,6.7,3,0.15,0
2025-12-23,4,4,5,5032,64,6.83,4,0.11,0
2025-12-23,4,5,4,4121,65,6.78,5,0.14,0
2025-12-23,4,6,2,4816,27,6.79,6,0.14,0
2025-12-23,5,1,2,4735,40,6.75,1,0.18,0
2025-12-23,5,2,4,3202,8,6.71,2,0.24,0
2025-12-23,5,3,5,4077,41,6.78,3,0.16,0
2025-12-23,5,4,6,5264,43,6.71,4,0.13,0
2025-12-23,5,5,1,3898,58,6.78,5,0.15,0
2025-12-23,5,6,3,4812,14,6.77,6,0.15,0
2025-12-23,7,1,5,4861,26,6.62,1,0.12,0
2025-12-23,7,2,2,4364,38,6.79,2,0.18,0
2025-12-23,7,3,4,3454,1,6.75,3,0.17,0
2025-12-23,7,4,6,3543,59,6.66,4,0.11,0
2025-12-23,7,5,3,4359,15,6.89,5,0.09,0
2025-12-23,7,6,1,4575,22,6.76,6,0.11,0
2025-12-23,9,1,6,4121,65,6.72,1,0.25,0
2025-12-23,9,2,4,4945,11,6.77,3,0.28,0
2025-12-23,9,3,3,4052,21,6.74,4,0.22,0
2025-12-23,9,4,2,3579,62,6.84,5,0.26,0
2025-12-23,9,5,5,3953,23,6.87,6,0.26,0
2025-12-23,9,6,1,3849,55,6.72,2,0.19,0
2025-12-23,10,1,3,5081,19,6.78,1,0.17,0
2025-12-23,10,2,1,4288,36,6.79,2,0.15,0
2025-12-23,10,3,2,3304,45,6.79,3,0.16,0
2025-12-23,10,4,5,3202,8,6.91,4,0.15,0
2025-12-23,10,5,6,5327,13,6.74,6,0.09,0
2025-12-23,10,6,4,4529,30,6.8,5,0.11,0
2025-12-24,2,1,4,4077,41,6.9,1,0.14,0
2025-12-24,2,2,2,5264,43,6.75,2,0.12,0
2025-12-24,2,3,1,5032,64,6.79,3,0.21,0
2025-12-24,2,4,3,3516,37,6.8,4,0.24,0
2025-12-24,2,5,6,4575,22,6.79,5,0.12,0
2025-12-24,2,6,5,4543,33,6.82,6,0.21,0
2025-12-24,4,1,2,4945,11,6.7,1,0.16,0
2025-12-24,4,2,6,5162,63,6.77,2,0.1,0
2025-12-24,4,3,5,4359,15,6.89,3,0.08,0
2025-12-24,4,4,1,4812,14,6.76,4,0.07,0
2025-12-24,4,5,4,4735,40,6.84,5,0.12,0
2025-12-24,4,6,3,4288,36,6.76,6,0.15,0
2025-12-24,5,1,6,5327,13,6.75,1,0.11,0
2025-12-24,5,2,5,5007,53,6.83,2,0.17,0
2025-12-24,5,3,3,4465,51,6.86,3,0.18,0
2025-12-24,5,4,1,3304,45,6.81,4,0.22,0
2025-12-24,5,5,2,4474,16,6.78,5,0.24,0
2025-12-24,5,6,4,3543,59,6.72,6,0.26,0
2025-12-24,7,1,6,3820,25,6.87,1,0.18,0
2025-12-24,7,2,4,4575,22,6.73,2,0.16,0
2025-12-24,7,3,2,3319,66,6.92,3,0.16,0
2025-12-24,7,4,1,3849,55,6.84,4,0.08,0
2025-12-24,7,5,3,5081,19,6.8,5,0.29,0
2025-12-24,7,6,5,5370,56,6.84,6,0.15,0
2025-12-24,8,1,3,4596,18,6.77,1,0.16,0
2025-12-24,8,2,5,3930,49,6.79,2,0.13,0
2025-12-24,8,3,6,4034,44,6.77,3,0.19,0
2025-12-24,8,4,2,4121,65,6.69,4,0.14,0
2025-12-24,8,5,4,4077,41,6.83,5,0.16,0
2025-12-24,8,6,1,4735,40,6.77,6,0.18,0
2025-12-25,4,1,3,5264,43,6.72,1,0.15,0
2025-12-25,4,2,6,3516,37,6.75,2,0.15,0
2025-12-25,4,3,1,4704,2,6.74,3,0.09,0
2025-12-25,4,4,4,3907,35,6.78,4,0.1,0
2025-12-25,4,5,2,4812,14,6.7,5,0.09,0
2025-12-25,4,6,5,4121,65,6.71,6,0.11,0
2025-12-25,5,1,5,3454,1,6.74,1,0.25,0
2025-12-25,5,2,3,4052,21,6.7,2,0.12,0
2025-12-25,5,3,1,4288,36,6.76,3,0.07,0
2025-12-25,5,4,2,5081,19,6.79,4,0.16,0
2025-12-25,5,5,4,3202,8,6.74,5,0.31,0
2025-12-25,5,6,6,5327,13,6.76,6,0.39,0
2025-12-25,7,1,2,3849,55,6.65,1,0.21,0
2025-12-25,7,2,5,5018,47,6.73,2,0.29,0
2025-12-25,7,3,4,3953,23,6.78,3,0.21,0
2025-12-25,7,4,1,4816,27,6.67,4,0.14,0
2025-12-25,7,5,3,5007,53,6.74,5,0.18,0
2025-12-25,7,6,6,4077,41,6.84,6,0.24,0
2025-12-26,2,1,3,3319,66,6.68,1,0.21,0
2025-12-26,2,2,5,3202,8,6.66,2,0.19,0
2025-12-26,2,3,2,5032,64,6.77,3,0.15,0
2025-12-26,2,4,1,4816,27,6.75,4,0.18,0
2025-12-26,2,5,6,5162,63,6.77,5,0.22,0
2025-12-26,2,6,4,4735,40,6.64,6,0.22,0
2025-12-26,3,1,2,3986,6,6.62,1,0.31,0
2025-12-26,3,2,3,4575,22,6.64,2,0.31,0
2025-12-26,3,3,4,4474,16,6.65,3,0.32,0
2025-12-26,3,4,6,4052,21,6.63,4,0.37,0
2025-12-26,3,5,1,4812,14,6.65,5,0.24,0
2025-12-26,3,6,5,4945,11,6.7,6,0.25,0
2025-12-26,5,1,2,4109,50,6.7,1,0.22,0
2025-12-26,5,2,4,5081,19,6.63,2,0.21,0
2025-12-26,5,3,5,5173,61,6.62,3,0.21,0
2025-12-26,5,4,6,3820,25,6.71,4,0.24,0
2025-12-26,5,5,3,4465,51,6.69,5,0.22,0
2025-12-26,5,6,1,4704,2,6.66,6,0.14,0
2025-12-26,6,1,2,4529,30,6.64,1,0.01,0
2025-12-26,6,2,6,5264,43,6.6,2,0.02,0
2025-12-26,6,3,1,3454,1,6.77,3,0.01,0
2025-12-26,6,4,5,4288,36,6.67,4,0.02,0
2025-12-26,6,5,3,3578,52,6.74,5,0.05,0
2025-12-26,6,6,4,4364,38,6.79,6,0.08,0
2025-12-26,11,1,2,3849,55,6.68,1,0.13,0
2025-12-26,11,2,4,3304,45,6.75,2,0.14,0
2025-12-26,11,3,1,4288,36,6.7,3,0.13,0
2025-12-26,11,4,3,4474,16,6.76,4,0.19,0
2025-12-26,11,5,5,5264,43,6.65,5,0.23,0
2025-12-26,11,6,6,3907,35,6.71,6,0.24,0
2025-12-27,2,1,2,3907,35,6.64,1,0.12,0
2025-12-27,2,2,4,4077,41,6.75,2,0.17,0
2025-12-27,2,3,1,3900,5,6.67,3,0.09,0
2025-12-27,2,4,3,3319,66,6.78,4,0.07,0
2025-12-27,2,5,5,3454,1,6.81,5,0.04,0
2025-12-27,2,6,6,3820,25,6.78,6,0.14,0
2025-12-27,5,1,3,4945,11,6.66,1,0.3,0
2025-12-27,5,2,2,4861,26,6.69,2,0.28,0
2025-12-27,5,3,4,4465,51,6.76,3,0.38,0
2025-12-27,5,4,1,3543,59,6.64,4,0.21,0
2025-12-27,5,5,5,4596,18,6.75,5,0.16,0
2025-12-27,5,6,6,5370,56,6.68,6,0.16,0
2025-12-27,6,1,2,4816,27,6.74,1,0.25,0
2025-12-27,6,2,6,5173,61,6.73,2,0.37,0
2025-12-27,6,3,5,5162,63,6.77,3,0.26,0
2025-12-27,6,4,3,3304,45,6.71,4,0.24,0
2025-12-27,6,5,1,4109,50,6.72,5,0.22,0
2025-12-27,6,6,4,3516,37,6.75,6,0.26,0
2025-12-27,7,1,5,5081,19,6.64,1,0.22,0
2025-12-27,7,2,6,3579,62,6.66,2,0.26,0
2025-12-27,7,3,1,4704,2,6.62,3,0.12,0
2025-12-27,7,4,2,5007,53,6.64,4,0.17,0
2025-12-27,7,5,4,4077,41,6.63,5,0.19,0
2025-12-27,7,6,3,4121,65,6.69,6,0.09,0
2025-12-27,11,1,2,4596,18,6.67,1,0.09,0
2025-12-27,11,2,1,4704,2,6.63,2,0.06,0
2025-12-27,11,3,4,4816,27,6.67,3,0.06,0
2025-12-27,11,4,5,5032,64,6.65,4,0.18,0
2025-12-27,11,5,3,4575,22,6.71,5,0.16,0
2025-12-27,11,6,6,3986,6,6.71,6,0.17,0
2025-12-31,1,1,2,3578,28,6.75,1,0.12,0
2025-12-31,1,2,5,3660,9,6.85,2,0.12,0
2025-12-31,1,3,1,5299,4,6.73,3,0.09,0
2025-12-31,1,4,3,5037,51,6.83,4,0.06,0
2025-12-31,1,5,6,5437,39,6.83,6,0.07,0
2025-12-31,1,6,4,3401,29,6.89,5,0.11,0
2025-12-31,2,1,3,3910,17,6.84,1,0.06,0
2025-12-31,2,2,1,3701,36,6.8,2,0.1,0
2025-12-31,2,3,4,4331,12,6.78,3,0.08,0
2025-12-31,2,4,6,4772,31,6.84,4,0.06,0
2025-12-31,2,5,2,4823,52,6.78,5,0.1,0
2025-12-31,2,6,5,4452,57,6.79,6,0.17,0
2025-12-31,3,1,2,3710,3,6.78,1,0.16,0
2025-12-31,3,2,6,5265,61,6.75,2,0.18,0
2025-12-31,3,3,1,3832,2,6.76,3,0.14,0
2025-12-31,3,4,4,4437,35,6.81,4,0.15,0
2025-12-31,3,5,5,5257,55,6.74,5,0.11,0
2025-12-31,3,6,3,4010,66,6.88,6,0.18,0
2025-12-31,4,1,3,4821,21,6.68,1,0.22,0
2025-12-31,4,2,6,5298,22,6.79,2,0.24,0
2025-12-31,4,3,2,3975,18,6.75,3,0.14,0
2025-12-31,4,4,1,5241,43,6.71,4,0.13,0
2025-12-31,4,5,4,4643,53,6.7,5,0.11,0
2025-12-31,4,6,5,4583,7,6.72,6,0.13,0
2025-12-31,6,1,6,4154,27,6.69,1,0.39,0
2025-12-31,6,2,5,5326,54,6.74,2,0.3,0
2025-12-31,6,3,1,3568,59,6.74,3,0.26,0
2025-12-31,6,4,3,3660,9,6.83,4,0.21,0
2025-12-31,6,5,4,3908,60,6.64,5,0.16,0
2025-12-31,6,6,2,4459,24,6.77,6,0.13,0
2025-12-31,8,1,2,4852,16,6.76,1,0.13,0
2025-12-31,8,2,1,4348,58,6.74,2,0.11,0
2025-12-31,8,3,4,4010,66,6.81,3,0.31,0
2025-12-31,8,4,3,4931,65,6.68,4,0.19,0
2025-12-31,8,5,5,3910,17,6.8,5,0.19,0
2025-12-31,8,6,6,5437,39,6.75,6,0.21,0
2025-12-31,10,1,4,4776,32,6.76,1,0.27,0
2025-12-31,10,2,5,3832,2,6.78,2,0.26,0
2025-12-31,10,3,6,4459,24,6.76,3,0.16,0
2025-12-31,10,4,1,4583,7,6.72,4,0.08,0
2025-12-31,10,5,2,3578,28,6.77,5,0.12,0
2025-12-31,10,6,3,4313,40,6.74,6,0.04,0
2025-12-31,12,1,4,4030,48,6.69,1,0.17,0
2025-12-31,12,2,1,3908,60,6.63,2,0.19,0
2025-12-31,12,3,2,4772,31,6.83,3,0.13,0
2025-12-31,12,4,5,4643,53,6.7,4,0.14,0
2025-12-31,12,5,3,4852,16,6.7,6,0.22,0
2025-12-31,12,6,6,4739,45,6.78,5,0.16,0
