開催日,レース,着,艇,登番,モーター,展示,進入,スタート,勝率,複勝率,1着回数,2着回数,出走回数,優出回数,優勝回数,平均ST,1コース進入回数,1コース複勝率,1コースST,1コースST順位,2コース進入回数,2コース複勝率,2コースST,2コースST順位,3コース進入回数,3コース複勝率,3コースST,3コースST順位,4コース進入回数,4コース複勝率,4コースST,4コースST順位,5コース進入回数,5コース複勝率,5コースST,5コースST順位,6コース進入回数,6コース複勝率,6コースST,6コースST順位,boat1_win
2025-01-01,7,1,4,4852,28,6.85,1,0.15,6.17,4.0,27.0,23.0,125.0,2.0,0.0,0.16,24.0,7.91,0.17,400.0,21.0,5.23,0.15,400.0,16.0,4.37,0.15,350.0,22.0,2.27,0.15,330.0,22.0,2.27,0.16,300.0,20.0,1.5,0.18,430.0,0
2025-01-01,7,2,1,4348,66,6.9,2,0.16,6.73,5.41,35.0,37.0,133.0,4.0,1.0,0.16,28.0,8.57,0.16,260.0,26.0,6.53,0.15,360.0,19.0,7.36,0.15,330.0,29.0,3.44,0.18,390.0,12.0,3.33,0.15,330.0,19.0,1.57,0.17,390.0,0
2025-01-01,7,3,3,3910,9,6.96,3,0.13,4.66,2.38,11.0,15.0,109.0,0.0,0.0,0.15,16.0,6.87,0.14,260.0,21.0,1.9,0.16,320.0,15.0,4.0,0.13,220.0,18.0,2.22,0.14,310.0,22.0,0.45,0.18,410.0,17.0,0.0,0.17,400.0,0
2025-01-01,7,4,6,5215,31,6.78,4,0.14,3.83,1.72,1.0,4.0,29.0,0.0,0.0,0.14,2.0,0.0,0.1,300.0,4.0,5.0,0.1,300.0,5.0,6.0,0.17,280.0,4.0,0.0,0.13,230.0,8.0,0.0,0.19,260.0,6.0,0.0,0.1,180.0,0
2025-01-01,7,5,2,4030,53,6.93,5,0.15,6.45,3.63,20.0,24.0,121.0,4.0,0.0,0.13,26.0,6.15,0.14,350.0,20.0,3.5,0.13,390.0,19.0,3.68,0.13,330.0,21.0,3.81,0.13,390.0,18.0,2.22,0.13,380.0,17.0,1.17,0.15,420.0,0
2025-01-01,7,6,5,3710,32,6.88,6,0.19,4.57,2.02,7.0,13.0,99.0,0.0,0.0,0.17,14.0,7.85,0.13,240.0,20.0,1.5,0.14,290.0,15.0,0.66,0.17,340.0,19.0,1.05,0.18,370.0,16.0,1.25,0.2,380.0,15.0,0.66,0.19,460.0,0
2025-01-01,9,1,2,3442,18,6.82,1,0.1,5.3,3.03,17.0,20.0,122.0,0.0,0.0,0.17,25.0,7.6,0.15,330.0,20.0,4.0,0.15,340.0,18.0,1.66,0.17,360.0,22.0,2.72,0.18,350.0,25.0,0.4,0.18,380.0,12.0,0.0,0.19,390.0,0
2025-01-01,9,2,1,4437,52,6.93,2,0.09,6.84,5.22,42.0,38.0,153.0,5.0,1.0,0.15,38.0,8.42,0.14,280.0,22.0,3.63,0.15,310.0,26.0,5.76,0.16,270.0,27.0,4.81,0.14,330.0,18.0,3.88,0.15,310.0,22.0,2.27,0.17,400.0,0
2025-01-01,9,3,4,4739,6,6.86,3,0.08,6.42,4.21,39.0,28.0,159.0,5.0,0.0,0.14,31.0,7.41,0.16,350.0,27.0,3.7,0.15,310.0,28.0,5.0,0.14,260.0,25.0,4.0,0.13,290.0,27.0,2.96,0.12,300.0,21.0,0.95,0.14,370.0,0
2025-01-01,9,4,3,3478,61,6.89,4,0.1,4.65,2.47,8.0,17.0,101.0,0.0,0.0,0.18,14.0,5.71,0.15,300.0,20.0,2.5,0.17,400.0,16.0,4.37,0.15,270.0,20.0,2.5,0.19,340.0,15.0,0.0,0.2,430.0,16.0,0.0,0.22,520.0,0
2025-01-01,9,5,5,5224,54,6.83,5,0.1,6.55,4.57,25.0,23.0,105.0,4.0,1.0,0.16,20.0,8.5,0.15,310.0,19.0,6.31,0.14,310.0,18.0,4.44,0.15,280.0,17.0,4.11,0.16,330.0,11.0,1.81,0.16,370.0,20.0,1.0,0.22,490.0,0
2025-01-01,9,6,6,3509,19,6.82,6,0.07,3.28,1.14,2.0,5.0,61.0,0.0,0.0,0.15,8.0,2.5,0.16,310.0,12.0,1.66,0.16,380.0,11.0,0.9,0.14,240.0,9.0,0.0,0.14,180.0,10.0,2.0,0.13,310.0,9.0,0.0,0.14,320.0,0
2025-01-01,12,1,2,4459,27,6.89,1,0.03,7.04,4.05,31.0,16.0,116.0,4.0,1.0,0.12,27.0,7.4,0.13,340.0,17.0,4.11,0.12,310.0,18.0,3.33,0.13,350.0,16.0,4.37,0.11,240.0,18.0,2.77,0.11,270.0,20.0,1.0,0.14,370.0,0
2025-01-01,12,2,1,4772,58,6.91,2,0.06,6.67,4.59,28.0,23.0,111.0,2.0,1.0,0.11,28.0,7.85,0.11,240.0,15.0,2.0,0.13,250.0,16.0,5.0,0.1,210.0,19.0,4.73,0.1,200.0,12.0,4.16,0.12,280.0,21.0,1.9,0.11,260.0,0
2025-01-01,12,3,3,3975,35,6.88,3,0.08,5.81,4.13,28.0,34.0,150.0,2.0,0.0,0.15,32.0,8.43,0.13,220.0,20.0,4.5,0.15,320.0,21.0,4.28,0.16,270.0,17.0,5.29,0.15,280.0,27.0,1.48,0.17,320.0,33.0,1.21,0.16,350.0,0
2025-01-01,12,4,5,3401,65,6.94,4,0.16,4.83,2.71,17.0,12.0,107.0,0.0,0.0,0.18,18.0,7.22,0.14,340.0,19.0,3.68,0.2,430.0,14.0,2.14,0.2,420.0,18.0,1.11,0.18,450.0,21.0,1.42,0.17,390.0,17.0,0.58,0.19,460.0,0
2025-01-01,12,5,4,5136,16,6.82,5,0.11,6.08,3.96,32.0,20.0,131.0,4.0,2.0,0.13,33.0,8.18,0.13,200.0,18.0,3.33,0.16,260.0,27.0,2.96,0.1,230.0,21.0,3.33,0.13,250.0,14.0,2.14,0.12,220.0,18.0,0.55,0.16,360.0,0
2025-01-01,12,6,6,4348,66,6.87,6,0.11,6.73,5.41,35.0,37.0,133.0,4.0,1.0,0.16,28.0,8.57,0.16,260.0,26.0,6.53,0.15,360.0,19.0,7.36,0.15,330.0,29.0,3.44,0.18,390.0,12.0,3.33,0.15,330.0,19.0,1.57,0.17,390.0,0
2025-01-02,2,1,2,5173,63,6.88,1,0.09,4.21,2.29,12.0,8.0,87.0,0.0,0.0,0.19,10.0,5.0,0.2,350.0,14.0,3.57,0.17,460.0,16.0,3.12,0.19,390.0,14.0,2.14,0.16,360.0,20.0,1.0,0.19,380.0,13.0,0.0,0.2,420.0,0
2025-01-02,2,2,1,4348,66,6.88,2,0.11,6.73,5.41,35.0,37.0,133.0,4.0,1.0,0.16,28.0,8.57,0.16,260.0,26.0,6.53,0.15,360.0,19.0,7.36,0.15,330.0,29.0,3.44,0.18,390.0,12.0,3.33,0.15,330.0,19.0,1.57,0.17,390.0,0
2025-01-02,2,3,4,3478,61,6.93,3,0.12,4.65,2.47,8.0,17.0,101.0,0.0,0.0,0.18,14.0,5.71,0.15,300.0,20.0,2.5,0.17,400.0,16.0,4.37,0.15,270.0,20.0,2.5,0.19,340.0,15.0,0.0,0.2,430.0,16.0,0.0,0.22,520.0,0
2025-01-02,2,4,5,4154,60,6.85,4,0.17,5.09,3.02,15.0,18.0,109.0,1.0,0.0,0.18,15.0,6.0,0.15,330.0,21.0,4.76,0.17,360.0,17.0,2.94,0.17,360.0,17.0,3.52,0.18,370.0,21.0,0.95,0.2,400.0,18.0,0.55,0.23,510.0,0
2025-01-02,2,5,6,4852,28,6.95,5,0.15,6.17,4.0,27.0,23.0,125.0,2.0,0.0,0.16,24.0,7.91,0.17,400.0,21.0,5.23,0.15,400.0,16.0,4.37,0.15,350.0,22.0,2.27,0.15,330.0,22.0,2.27,0.16,300.0,20.0,1.5,0.18,430.0,0
2025-01-02,2,6,3,4894,29,6.87,6,0.18,5.11,3.17,19.0,21.0,126.0,2.0,0.0,0.15,18.0,7.22,0.15,300.0,23.0,3.91,0.14,290.0,24.0,2.5,0.15,260.0,25.0,2.8,0.13,260.0,21.0,2.38,0.15,270.0,15.0,0.0,0.16,400.0,0
2025-01-02,7,1,2,3907,40,6.75,1,0.21,5.51,3.76,28.0,16.0,117.0,2.0,0.0,0.17,20.0,9.5,0.15,240.0,21.0,5.23,0.16,300.0,21.0,3.33,0.15,330.0,12.0,1.66,0.21,440.0,23.0,1.3,0.17,410.0,20.0,1.0,0.2,420.0,0
2025-01-02,7,2,6,3710,32,6.78,2,0.18,4.57,2.02,7.0,13.0,99.0,0.0,0.0,0.17,14.0,7.85,0.13,240.0,20.0,1.5,0.14,290.0,15.0,0.66,0.17,340.0,19.0,1.05,0.18,370.0,16.0,1.25,0.2,380.0,15.0,0.66,0.19,460.0,0
2025-01-02,7,3,3,4220,43,6.81,3,0.17,4.46,2.47,12.0,9.0,85.0,0.0,0.0,0.17,10.0,7.0,0.15,280.0,13.0,0.76,0.16,410.0,22.0,3.63,0.18,390.0,15.0,2.0,0.16,380.0,17.0,1.17,0.18,370.0,8.0,0.0,0.15,300.0,0
2025-01-02,7,4,5,5173,63,6.89,4,0.08,4.21,2.29,12.0,8.0,87.0,0.0,0.0,0.19,10.0,5.0,0.2,350.0,14.0,3.57,0.17,460.0,16.0,3.12,0.19,390.0,14.0,2.14,0.16,360.0,20.0,1.0,0.19,380.0,13.0,0.0,0.2,420.0,0
2025-01-02,7,5,1,4772,58,6.87,5,0.02,6.67,4.59,28.0,23.0,111.0,2.0,1.0,0.11,28.0,7.85,0.11,240.0,15.0,2.0,0.13,250.0,16.0,5.0,0.1,210.0,19.0,4.73,0.1,200.0,12.0,4.16,0.12,280.0,21.0,1.9,0.11,260.0,0
2025-01-02,7,6,4,4739,6,6.81,6,0.09,6.42,4.21,39.0,28.0,159.0,5.0,0.0,0.14,31.0,7.41,0.16,350.0,27.0,3.7,0.15,310.0,28.0,5.0,0.14,260.0,25.0,4.0,0.13,290.0,27.0,2.96,0.12,300.0,21.0,0.95,0.14,370.0,0
2025-01-03,1,1,5,5265,47,6.76,1,0.41,2.47,0.64,3.0,5.0,125.0,0.0,0.0,0.18,0.0,0.0,0.0,0.0,0.0,0.0,0.0,0.0,2.0,5.0,0.27,400.0,39.0,1.02,0.18,360.0,37.0,0.54,0.17,330.0,47.0,0.21,0.19,390.0,0
2025-01-03,1,2,3,3910,9,6.81,2,0.51,4.66,2.38,11.0,15.0,109.0,0.0,0.0,0.15,16.0,6.87,0.14,260.0,21.0,1.9,0.16,320.0,15.0,4.0,0.13,220.0,18.0,2.22,0.14,310.0,22.0,0.45,0.18,410.0,17.0,0.0,0.17,400.0,0
2025-01-03,1,3,1,3568,36,6.74,3,0.17,4.83,2.65,19.0,12.0,117.0,1.0,0.0,0.17,20.0,6.5,0.15,340.0,28.0,3.21,0.16,360.0,19.0,1.57,0.2,390.0,24.0,0.0,0.16,350.0,21.0,2.38,0.19,400.0,5.0,2.0,0.19,380.0,0
2025-01-03,1,4,2,3832,41,6.77,4,0.25,4.91,2.56,6.0,22.0,109.0,0.0,0.0,0.16,16.0,4.37,0.15,330.0,19.0,4.73,0.16,350.0,22.0,2.27,0.16,350.0,16.0,1.25,0.16,310.0,20.0,2.5,0.15,310.0,16.0,0.0,0.18,460.0,0
2025-01-03,1,5,4,4020,26,6.8,5,0.22,4.02,1.9,6.0,13.0,100.0,0.0,0.0,0.16,14.0,3.57,0.16,320.0,16.0,1.87,0.18,410.0,19.0,3.15,0.12,320.0,13.0,1.53,0.2,450.0,15.0,1.33,0.17,330.0,23.0,0.43,0.16,330.0,0
2025-01-03,1,6,6,5326,10,6.76,6,0.31,1.77,0.1,1.0,0.0,95.0,0.0,0.0,0.18,0.0,0.0,0.0,0.0,0.0,0.0,0.0,0.0,0.0,0.0,0.0,0.0,8.0,0.0,0.2,390.0,20.0,0.0,0.19,420.0,67.0,0.14,0.17,350.0,0
2025-01-03,2,1,2,5215,31,6.67,1,0.03,3.83,1.72,1.0,4.0,29.0,0.0,0.0,0.14,2.0,0.0,0.1,300.0,4.0,5.0,0.1,300.0,5.0,6.0,0.17,280.0,4.0,0.0,0.13,230.0,8.0,0.0,0.19,260.0,6.0,0.0,0.1,180.0,0
2025-01-03,2,2,3,4583,45,6.71,2,0.02,5.32,2.78,13.0,19.0,115.0,0.0,0.0,0.14,18.0,7.22,0.12,280.0,21.0,3.33,0.16,330.0,18.0,2.22,0.14,220.0,18.0,3.33,0.15,330.0,22.0,0.45,0.15,350.0,16.0,0.62,0.16,400.0,0
2025-01-03,2,3,4,4852,28,6.77,3,0.08,6.17,4.0,27.0,23.0,125.0,2.0,0.0,0.16,24.0,7.91,0.17,400.0,21.0,5.23,0.15,400.0,16.0,4.37,0.15,350.0,22.0,2.27,0.15,330.0,22.0,2.27,0.16,300.0,20.0,1.5,0.18,430.0,0
2025-01-03,2,4,1,4220,43,6.71,4,0.03,4.46,2.47,12.0,9.0,85.0,0.0,0.0,0.17,10.0,7.0,0.15,280.0,13.0,0.76,0.16,410.0,22.0,3.63,0.18,390.0,15.0,2.0,0.16,380.0,17.0,1.17,0.18,370.0,8.0,0.0,0.15,300.0,0
2025-01-03,2,5,5,3660,8,6.78,5,0.06,3.43,0.92,4.0,4.0,87.0,0.0,0.0,0.2,11.0,5.45,0.16,370.0,18.0,0.0,0.19,420.0,14.0,0.0,0.18,360.0,14.0,0.71,0.19,340.0,20.0,0.5,0.21,420.0,10.0,0.0,0.23,530.0,0
2025-01-03,2,6,6,5352,4,6.76,6,0.09,1.6,0.0,0.0,0.0,77.0,0.0,0.0,0.23,0.0,0.0,0.0,0.0,0.0,0.0,0.0,0.0,0.0,0.0,0.0,0.0,0.0,0.0,0.0,0.0,0.0,0.0,0.0,0.0,77.0,0.0,0.23,490.0,0
2025-01-03,3,1,6,5218,25,6.66,1,0.31,5.5,3.42,18.0,21.0,114.0,0.0,0.0,0.15,16.0,7.5,0.13,260.0,21.0,4.76,0.15,300.0,21.0,3.33,0.12,240.0,19.0,4.21,0.14,330.0,18.0,1.11,0.17,350.0,19.0,0.0,0.22,460.0,0
2025-01-03,3,2,3,3509,19,6.66,2,0.37,3.28,1.14,2.0,5.0,61.0,0.0,0.0,0.15,8.0,2.5,0.16,310.0,12.0,1.66,0.16,380.0,11.0,0.9,0.14,240.0,9.0,0.0,0.14,180.0,10.0,2.0,0.13,310.0,9.0,0.0,0.14,320.0,0
2025-01-03,3,3,2,4260,51,6.86,3,0.18,5.64,3.7,32.0,21.0,143.0,3.0,1.0,0.15,29.0,6.55,0.12,310.0,21.0,2.85,0.18,380.0,19.0,3.68,0.15,320.0,30.0,4.66,0.15,310.0,21.0,1.9,0.14,300.0,23.0,1.3,0.18,360.0,0
2025-01-03,3,4,1,3855,11,6.72,4,0.12,3.57,1.23,5.0,7.0,97.0,0.0,0.0,0.23,14.0,4.28,0.2,400.0,15.0,1.33,0.21,450.0,21.0,0.47,0.22,410.0,15.0,1.33,0.18,390.0,16.0,0.62,0.27,480.0,16.0,0.0,0.27,540.0,0
2025-01-03,3,5,5,4529,3,6.77,5,0.09,5.19,2.8,18.0,10.0,100.0,1.0,0.0,0.15,17.0,5.88,0.13,280.0,13.0,3.84,0.13,390.0,18.0,3.33,0.14,330.0,17.0,2.35,0.13,330.0,18.0,1.66,0.15,330.0,17.0,0.0,0.19,430.0,0
2025-01-03,3,6,4,5037,46,6.64,6,0.08,6.09,4.25,29.0,22.0,120.0,4.0,0.0,0.16,24.0,8.33,0.15,300.0,18.0,2.77,0.15,310.0,20.0,5.0,0.16,330.0,22.0,2.27,0.16,310.0,17.0,2.94,0.15,280.0,19.0,3.15,0.2,430.0,0
2025-01-03,8,1,2,4437,52,6.69,1,0.07,6.84,5.22,42.0,38.0,153.0,5.0,1.0,0.15,38.0,8.42,0.14,280.0,22.0,3.63,0.15,310.0,26.0,5.76,0.16,270.0,27.0,4.81,0.14,330.0,18.0,3.88,0.15,310.0,22.0,2.27,0.17,400.0,0
2025-01-03,8,2,3,4529,3,6.7,2,0.08,5.19,2.8,18.0,10.0,100.0,1.0,0.0,0.15,17.0,5.88,0.13,280.0,13.0,3.84,0.13,390.0,18.0,3.33,0.14,330.0,17.0,2.35,0.13,330.0,18.0,1.66,0.15,330.0,17.0,0.0,0.19,430.0,0
2025-01-03,8,3,1,5218,25,6.65,3,0.06,5.5,3.42,18.0,21.0,114.0,0.0,0.0,0.15,16.0,7.5,0.13,260.0,21.0,4.76,0.15,300.0,21.0,3.33,0.12,240.0,19.0,4.21,0.14,330.0,18.0,1.11,0.17,350.0,19.0,0.0,0.22,460.0,0
2025-01-03,8,4,5,4852,28,6.7,4,0.16,6.17,4.0,27.0,23.0,125.0,2.0,0.0,0.16,24.0,7.91,0.17,400.0,21.0,5.23,0.15,400.0,16.0,4.37,0.15,350.0,22.0,2.27,0.15,330.0,22.0,2.27,0.16,300.0,20.0,1.5,0.18,430.0,0
2025-01-03,8,5,4,3568,36,6.71,5,0.17,4.83,2.65,19.0,12.0,117.0,1.0,0.0,0.17,20.0,6.5,0.15,340.0,28.0,3.21,0.16,360.0,19.0,1.57,0.2,390.0,24.0,0.0,0.16,350.0,21.0,2.38,0.19,400.0,5.0,2.0,0.19,380.0,0
2025-01-03,8,6,6,5298,33,6.76,6,0.21,6.05,4.59,21.0,19.0,87.0,2.0,1.0,0.15,11.0,8.18,0.14,240.0,16.0,5.0,0.16,290.0,11.0,2.72,0.2,350.0,14.0,5.0,0.14,230.0,18.0,3.33,0.14,250.0,17.0,4.11,0.12,180.0,0
2025-01-06,2,1,2,4182,61,6.66,1,0.08,4.74,2.84,16.0,19.0,123.0,0.0,0.0,0.16,18.0,5.55,0.14,270.0,22.0,3.63,0.16,320.0,24.0,2.5,0.15,290.0,22.0,2.27,0.17,340.0,20.0,1.5,0.16,340.0,17.0,1.76,0.16,310.0,0
2025-01-06,2,2,1,3702,37,6.8,2,0.11,4.68,2.37,7.0,12.0,80.0,0.0,0.0,0.13,14.0,5.71,0.15,210.0,12.0,3.33,0.12,250.0,13.0,2.3,0.12,220.0,13.0,1.53,0.11,200.0,16.0,1.25,0.12,240.0,12.0,0.0,0.17,470.0,0
2025-01-06,2,3,4,5059,20,6.82,3,0.12,2.32,0.58,0.0,2.0,34.0,0.0,0.0,0.13,3.0,0.0,0.14,230.0,5.0,2.0,0.12,320.0,5.0,0.0,0.13,340.0,7.0,1.42,0.11,180.0,6.0,0.0,0.16,330.0,8.0,0.0,0.13,240.0,0
2025-01-06,2,4,3,5109,30,6.74,4,0.07,4.88,2.76,13.0,21.0,123.0,1.0,0.0,0.15,18.0,6.11,0.15,270.0,20.0,4.5,0.14,290.0,21.0,1.9,0.13,260.0,20.0,2.0,0.13,270.0,19.0,2.1,0.14,280.0,25.0,0.8,0.17,400.0,0
2025-01-06,2,5,6,5388,28,6.83,6,0.14,0.0,0.0,0.0,0.0,0.0,0.0,0.0,0.0,0.0,0.0,0.0,0.0,0.0,0.0,0.0,0.0,0.0,0.0,0.0,0.0,0.0,0.0,0.0,0.0,0.0,0.0,0.0,0.0,0.0,0.0,0.0,0.0,0
2025-01-06,2,6,5,4516,38,6.74,5,0.12,6.3,4.92,33.0,33.0,134.0,2.0,0.0,0.15,30.0,7.66,0.14,300.0,27.0,5.55,0.16,340.0,19.0,4.73,0.14,310.0,18.0,4.44,0.12,240.0,26.0,3.46,0.15,340.0,14.0,1.42,0.15,400.0,0
2025-01-06,3,1,5,4164,43,6.71,1,0.11,4.12,2.35,6.0,6.0,51.0,0.0,0.0,0.17,6.0,8.33,0.13,200.0,10.0,3.0,0.16,330.0,7.0,4.28,0.15,300.0,10.0,1.0,0.17,400.0,12.0,0.0,0.19,490.0,6.0,0.0,0.16,480.0,0
2025-01-06,3,2,4,3572,59,6.77,2,0.09,5.25,3.21,10.0,16.0,81.0,0.0,0.0,0.2,13.0,8.46,0.17,380.0,12.0,5.0,0.17,400.0,17.0,4.11,0.21,360.0,16.0,0.62,0.18,360.0,15.0,0.66,0.21,450.0,8.0,0.0,0.24,540.0,0
2025-01-06,3,3,1,3850,47,6.81,3,0.1,4.53,2.36,13.0,13.0,110.0,0.0,0.0,0.15,18.0,7.22,0.14,290.0,17.0,1.76,0.15,380.0,19.0,1.57,0.16,360.0,16.0,1.25,0.11,210.0,20.0,0.5,0.14,280.0,20.0,2.0,0.18,400.0,0
2025-01-06,3,4,2,4390,7,6.84,4,0.17,4.24,2.43,4.0,15.0,78.0,0.0,0.0,0.16,11.0,4.54,0.2,470.0,13.0,2.3,0.19,380.0,13.0,0.76,0.14,270.0,16.0,3.75,0.14,240.0,16.0,1.87,0.16,390.0,9.0,1.11,0.15,390.0,0
2025-01-06,3,5,3,4977,14,6.75,5,0.13,6.27,4.69,30.0,31.0,130.0,3.0,0.0,0.14,20.0,8.5,0.14,310.0,18.0,3.33,0.16,340.0,37.0,5.13,0.14,270.0,21.0,4.76,0.14,230.0,22.0,3.63,0.12,250.0,12.0,0.83,0.15,380.0,0
2025-01-06,3,6,6,4635,32,6.75,6,0.09,4.93,3.0,21.0,13.0,113.0,0.0,0.0,0.12,18.0,8.33,0.14,220.0,20.0,4.0,0.12,240.0,19.0,2.63,0.11,230.0,19.0,1.57,0.12,220.0,16.0,1.87,0.1,220.0,21.0,0.0,0.1,210.0,0
2025-01-06,5,1,2,3957,50,6.84,1,0.15,5.0,2.71,20.0,18.0,140.0,0.0,0.0,0.19,25.0,6.4,0.2,380.0,20.0,3.0,0.19,360.0,24.0,2.91,0.16,340.0,30.0,2.0,0.17,390.0,25.0,1.2,0.19,400.0,16.0,0.0,0.22,440.0,0
2025-01-06,5,2,1,3284,25,6.9,2,0.16,5.24,3.21,18.0,26.0,137.0,1.0,0.0,0.17,23.0,6.95,0.16,250.0,22.0,2.72,0.2,400.0,23.0,5.21,0.17,350.0,25.0,2.0,0.18,400.0,33.0,1.21,0.15,320.0,11.0,0.9,0.15,380.0,0
2025-01-06,5,3,5,4969,24,6.85,3,0.15,4.72,2.7,13.0,17.0,111.0,0.0,0.0,0.16,16.0,8.12,0.16,340.0,18.0,2.77,0.15,360.0,21.0,1.9,0.14,330.0,18.0,2.77,0.16,340.0,18.0,0.55,0.17,390.0,20.0,1.0,0.18,450.0,0
2025-01-06,5,4,4,4002,2,6.81,4,0.11,6.44,4.62,45.0,29.0,160.0,3.0,0.0,0.13,39.0,7.94,0.13,310.0,23.0,5.21,0.16,380.0,28.0,3.57,0.12,270.0,27.0,4.44,0.13,230.0,25.0,2.8,0.12,230.0,18.0,1.11,0.12,300.0,0
2025-01-06,5,5,6,4113,60,6.77,5,0.19,4.74,2.4,15.0,15.0,125.0,0.0,0.0,0.18,19.0,7.36,0.19,440.0,26.0,2.3,0.18,440.0,14.0,1.42,0.19,470.0,26.0,1.15,0.18,370.0,28.0,1.42,0.19,400.0,12.0,0.83,0.15,330.0,0
2025-01-06,5,6,3,2878,51,6.8,6,0.28,5.6,3.6,17.0,32.0,136.0,1.0,0.0,0.17,28.0,6.78,0.18,370.0,25.0,4.4,0.16,360.0,25.0,2.8,0.17,380.0,24.0,3.33,0.17,360.0,19.0,1.57,0.18,410.0,15.0,0.66,0.19,450.0,0
2025-01-06,7,1,5,3850,47,6.63,1,0.09,4.53,2.36,13.0,13.0,110.0,0.0,0.0,0.15,18.0,7.22,0.14,290.0,17.0,1.76,0.15,380.0,19.0,1.57,0.16,360.0,16.0,1.25,0.11,210.0,20.0,0.5,0.14,280.0,20.0,2.0,0.18,400.0,0
2025-01-06,7,2,2,4593,41,6.79,2,0.14,5.93,4.09,27.0,23.0,122.0,1.0,1.0,0.14,22.0,8.63,0.14,220.0,21.0,4.76,0.11,230.0,18.0,4.44,0.13,250.0,20.0,3.0,0.13,310.0,16.0,3.75,0.17,330.0,25.0,0.4,0.17,380.0,0
2025-01-06,7,3,1,4356,65,6.77,3,0.15,6.13,3.95,28.0,21.0,124.0,1.0,0.0,0.15,27.0,8.14,0.14,260.0,20.0,5.0,0.17,330.0,21.0,2.38,0.16,300.0,25.0,3.6,0.14,340.0,20.0,1.0,0.14,330.0,11.0,0.9,0.15,280.0,0
2025-01-06,7,4,4,4072,5,6.82,4,0.16,6.58,5.15,43.0,25.0,132.0,5.0,1.0,0.14,32.0,10.0,0.13,180.0,18.0,3.33,0.14,270.0,21.0,6.19,0.13,290.0,22.0,4.54,0.14,250.0,20.0,3.0,0.14,280.0,18.0,0.55,0.14,270.0,0
2025-01-06,7,5,6,4813,3,6.9,5,0.21,3.95,1.81,10.0,9.0,105.0,1.0,0.0,0.18,13.0,4.61,0.15,310.0,17.0,2.35,0.16,340.0,22.0,0.0,0.22,400.0,18.0,3.33,0.16,380.0,21.0,1.42,0.17,370.0,14.0,0.0,0.17,440.0,0
2025-01-06,7,6,3,5059,20,6.86,6,0.04,2.32,0.58,0.0,2.0,34.0,0.0,0.0,0.13,3.0,0.0,0.14,230.0,5.0,2.0,0.12,320.0,5.0,0.0,0.13,340.0,7.0,1.42,0.11,180.0,6.0,0.0,0.16,330.0,8.0,0.0,0.13,240.0,0
2025-01-06,9,1,2,5109,30,6.82,1,0.16,4.88,2.76,13.0,21.0,123.0,1.0,0.0,0.15,18.0,6.11,0.15,270.0,20.0,4.5,0.14,290.0,21.0,1.9,0.13,260.0,20.0,2.0,0.13,270.0,19.0,2.1,0.14,280.0,25.0,0.8,0.17,400.0,0
2025-01-06,9,2,4,4706,44,6.92,2,0.25,5.93,4.06,26.0,24.0,123.0,2.0,0.0,0.15,26.0,7.3,0.16,370.0,20.0,4.5,0.18,350.0,21.0,4.76,0.14,250.0,21.0,4.28,0.16,280.0,16.0,1.25,0.15,270.0,19.0,0.52,0.14,270.0,0
2025-01-06,9,3,1,5299,11,6.79,3,0.22,3.86,1.66,5.0,11.0,96.0,0.0,0.0,0.19,0.0,0.0,0.0,0.0,0.0,0.0,0.0,0.0,0.0,0.0,0.0,0.0,25.0,2.0,0.21,410.0,24.0,2.5,0.18,350.0,47.0,1.06,0.18,340.0,0
2025-01-06,9,4,6,5255,31,6.68,4,0.18,5.19,3.22,20.0,19.0,121.0,1.0,1.0,0.16,14.0,7.85,0.16,350.0,18.0,3.33,0.22,420.0,20.0,4.5,0.14,370.0,21.0,2.38,0.18,380.0,25.0,2.0,0.13,290.0,23.0,1.3,0.16,350.0,0
2025-01-06,9,5,3,4877,22,6.75,5,0.21,5.86,4.27,27.0,23.0,117.0,2.0,0.0,0.15,22.0,5.9,0.16,320.0,16.0,6.25,0.15,290.0,18.0,5.0,0.12,230.0,20.0,4.5,0.15,320.0,20.0,2.5,0.15,300.0,21.0,1.9,0.16,400.0,0
2025-01-06,9,6,5,3711,12,6.8,6,0.23,5.82,3.77,24.0,27.0,135.0,3.0,0.0,0.16,28.0,7.5,0.14,280.0,20.0,4.0,0.13,250.0,20.0,3.5,0.13,290.0,22.0,3.63,0.18,340.0,23.0,2.17,0.18,370.0,22.0,0.9,0.17,400.0,0
2025-01-06,10,1,2,4025,26,6.81,1,0.16,6.15,4.43,34.0,29.0,142.0,3.0,2.0,0.17,32.0,8.75,0.18,360.0,25.0,2.4,0.19,420.0,24.0,4.58,0.14,290.0,21.0,4.28,0.16,330.0,26.0,3.07,0.2,360.0,14.0,0.71,0.16,240.0,0
2025-01-06,10,2,3,4390,7,6.77,2,0.17,4.24,2.43,4.0,15.0,78.0,0.0,0.0,0.16,11.0,4.54,0.2,470.0,13.0,2.3,0.19,380.0,13.0,0.76,0.14,270.0,16.0,3.75,0.14,240.0,16.0,1.87,0.16,390.0,9.0,1.11,0.15,390.0,0
2025-01-06,10,3,1,4761,55,6.78,3,0.09,6.26,4.36,26.0,15.0,94.0,1.0,0.0,0.13,15.0,7.33,0.12,200.0,17.0,2.94,0.13,320.0,15.0,6.66,0.13,200.0,16.0,3.75,0.11,200.0,17.0,4.11,0.14,300.0,14.0,1.42,0.17,340.0,0
2025-01-06,10,4,4,2878,51,6.81,4,0.13,5.6,3.6,17.0,32.0,136.0,1.0,0.0,0.17,28.0,6.78,0.18,370.0,25.0,4.4,0.16,360.0,25.0,2.8,0.17,380.0,24.0,3.33,0.17,360.0,19.0,1.57,0.18,410.0,15.0,0.66,0.19,450.0,0
2025-01-06,10,5,5,5053,54,6.77,5,0.14,4.54,2.88,7.0,10.0,59.0,1.0,0.0,0.18,7.0,8.57,0.14,270.0,13.0,1.53,0.18,280.0,10.0,5.0,0.18,350.0,14.0,1.42,0.19,390.0,7.0,1.42,0.2,430.0,8.0,1.25,0.18,390.0,0
2025-01-06,10,6,6,3949,48,6.86,6,0.13,4.59,2.35,6.0,14.0,85.0,0.0,0.0,0.15,12.0,5.83,0.13,270.0,19.0,4.21,0.16,250.0,15.0,1.33,0.13,210.0,11.0,1.81,0.15,210.0,17.0,0.58,0.15,300.0,11.0,0.0,0.17,350.0,0
2025-01-08,2,1,4,4106,56,6.78,1,0.23,4.29,2.19,5.0,15.0,91.0,1.0,0.0,0.21,14.0,5.0,0.19,430.0,15.0,4.0,0.21,490.0,18.0,1.11,0.21,420.0,17.0,2.35,0.22,450.0,16.0,0.62,0.22,430.0,11.0,0.0,0.2,450.0,0
2025-01-08,2,2,5,4969,24,6.78,2,0.25,4.72,2.7,13.0,17.0,111.0,0.0,0.0,0.16,16.0,8.12,0.16,340.0,18.0,2.77,0.15,360.0,21.0,1.9,0.14,330.0,18.0,2.77,0.16,340.0,18.0,0.55,0.17,390.0,20.0,1.0,0.18,450.0,0
2025-01-08,2,3,6,4813,3,6.78,3,0.25,3.95,1.81,10.0,9.0,105.0,1.0,0.0,0.18,13.0,4.61,0.15,310.0,17.0,2.35,0.16,340.0,22.0,0.0,0.22,400.0,18.0,3.33,0.16,380.0,21.0,1.42,0.17,370.0,14.0,0.0,0.17,440.0,0
2025-01-08,2,4,1,4182,61,6.66,4,0.14,4.74,2.84,16.0,19.0,123.0,0.0,0.0,0.16,18.0,5.55,0.14,270.0,22.0,3.63,0.16,320.0,24.0,2.5,0.15,290.0,22.0,2.27,0.17,340.0,20.0,1.5,0.16,340.0,17.0,1.76,0.16,310.0,0
2025-01-08,2,5,3,4390,7,6.7,6,0.22,4.24,2.43,4.0,15.0,78.0,0.0,0.0,0.16,11.0,4.54,0.2,470.0,13.0,2.3,0.19,380.0,13.0,0.76,0.14,270.0,16.0,3.75,0.14,240.0,16.0,1.87,0.16,390.0,9.0,1.11,0.15,390.0,0
2025-01-08,2,6,2,4356,65,6.73,5,0.17,6.13,3.95,28.0,21.0,124.0,1.0,0.0,0.15,27.0,8.14,0.14,260.0,20.0,5.0,0.17,330.0,21.0,2.38,0.16,300.0,25.0,3.6,0.14,340.0,20.0,1.0,0.14,330.0,11.0,0.9,0.15,280.0,0
2025-01-08,3,1,3,4404,6,6.75,1,0.26,3.73,2.03,7.0,6.0,64.0,0.0,0.0,0.22,8.0,5.0,0.23,580.0,10.0,2.0,0.19,460.0,12.0,3.33,0.22,490.0,11.0,1.81,0.2,460.0,12.0,0.83,0.22,460.0,11.0,0.0,0.26,550.0,0
2025-01-08,3,2,4,3957,50,6.79,2,0.23,5.0,2.71,20.0,18.0,140.0,0.0,0.0,0.19,25.0,6.4,0.2,380.0,20.0,3.0,0.19,360.0,24.0,2.91,0.16,340.0,30.0,2.0,0.17,390.0,25.0,1.2,0.19,400.0,16.0,0.0,0.22,440.0,0
2025-01-08,3,3,5,3998,15,6.68,3,0.19,4.29,2.39,10.0,18.0,117.0,0.0,0.0,0.15,17.0,6.47,0.13,250.0,25.0,4.4,0.15,320.0,20.0,2.5,0.13,260.0,17.0,0.58,0.15,320.0,20.0,0.0,0.15,380.0,18.0,0.0,0.19,490.0,0
2025-01-08,3,4,2,4977,14,6.7,4,0.31,6.27,4.69,30.0,31.0,130.0,3.0,0.0,0.14,20.0,8.5,0.14,310.0,18.0,3.33,0.16,340.0,37.0,5.13,0.14,270.0,21.0,4.76,0.14,230.0,22.0,3.63,0.12,250.0,12.0,0.83,0.15,380.0,0
2025-01-08,3,5,1,3850,47,6.69,5,0.18,4.53,2.36,13.0,13.0,110.0,0.0,0.0,0.15,18.0,7.22,0.14,290.0,17.0,1.76,0.15,380.0,19.0,1.57,0.16,360.0,16.0,1.25,0.11,210.0,20.0,0.5,0.14,280.0,20.0,2.0,0.18,400.0,0
2025-01-08,3,6,6,5388,28,6.75,6,0.24,0.0,0.0,0.0,0.0,0.0,0.0,0.0,0.0,0.0,0.0,0.0,0.0,0.0,0.0,0.0,0.0,0.0,0.0,0.0,0.0,0.0,0.0,0.0,0.0,0.0,0.0,0.0,0.0,0.0,0.0,0.0,0.0,0
2025-01-08,4,1,6,4635,32,6.72,1,0.27,4.93,3.0,21.0,13.0,113.0,0.0,0.0,0.12,18.0,8.33,0.14,220.0,20.0,4.0,0.12,240.0,19.0,2.63,0.11,230.0,19.0,1.57,0.12,220.0,16.0,1.87,0.1,220.0,21.0,0.0,0.1,210.0,0
2025-01-08,4,2,5,4113,60,6.8,2,0.28,4.74,2.4,15.0,15.0,125.0,0.0,0.0,0.18,19.0,7.36,0.19,440.0,26.0,2.3,0.18,440.0,14.0,1.42,0.19,470.0,26.0,1.15,0.18,370.0,28.0,1.42,0.19,400.0,12.0,0.83,0.15,330.0,0
2025-01-08,4,3,4,3711,12,6.77,4,0.14,5.82,3.77,24.0,27.0,135.0,3.0,0.0,0.16,28.0,7.5,0.14,280.0,20.0,4.0,0.13,250.0,20.0,3.5,0.13,290.0,22.0,3.63,0.18,340.0,23.0,2.17,0.18,370.0,22.0,0.9,0.17,400.0,0
2025-01-08,4,4,1,4944,62,6.7,3,0.13,3.88,2.16,8.0,10.0,83.0,0.0,0.0,0.14,9.0,3.33,0.15,390.0,17.0,4.11,0.15,310.0,12.0,3.33,0.13,330.0,13.0,0.76,0.16,270.0,14.0,2.14,0.16,260.0,18.0,0.0,0.12,240.0,0
2025-01-08,4,5,2,5299,11,6.72,5,0.13,3.86,1.66,5.0,11.0,96.0,0.0,0.0,0.19,0.0,0.0,0.0,0.0,0.0,0.0,0.0,0.0,0.0,0.0,0.0,0.0,25.0,2.0,0.21,410.0,24.0,2.5,0.18,350.0,47.0,1.06,0.18,340.0,0
2025-01-08,4,6,3,4002,2,6.74,6,0.15,6.44,4.62,45.0,29.0,160.0,3.0,0.0,0.13,39.0,7.94,0.13,310.0,23.0,5.21,0.16,380.0,28.0,3.57,0.12,270.0,27.0,4.44,0.13,230.0,25.0,2.8,0.12,230.0,18.0,1.11,0.12,300.0,0
2025-01-08,12,1,2,4072,5,6.72,1,0.14,6.58,5.15,43.0,25.0,132.0,5.0,1.0,0.14,32.0,10.0,0.13,180.0,18.0,3.33,0.14,270.0,21.0,6.19,0.13,290.0,22.0,4.54,0.14,250.0,20.0,3.0,0.14,280.0,18.0,0.55,0.14,270.0,0
2025-01-08,12,2,5,4002,2,6.68,2,0.12,6.44,4.62,45.0,29.0,160.0,3.0,0.0,0.13,39.0,7.94,0.13,310.0,23.0,5.21,0.16,380.0,28.0,3.57,0.12,270.0,27.0,4.44,0.13,230.0,25.0,2.8,0.12,230.0,18.0,1.11,0.12,300.0,0
2025-01-08,12,3,1,5298,8,6.76,3,0.11,6.05,4.59,21.0,19.0,87.0,2.0,1.0,0.15,11.0,8.18,0.14,240.0,16.0,5.0,0.16,290.0,11.0,2.72,0.2,350.0,14.0,5.0,0.14,230.0,18.0,3.33,0.14,250.0,17.0,4.11,0.12,180.0,0
2025-01-08,12,4,3,4761,55,6.64,4,0.16,6.26,4.36,26.0,15.0,94.0,1.0,0.0,0.13,15.0,7.33,0.12,200.0,17.0,2.94,0.13,320.0,15.0,6.66,0.13,200.0,16.0,3.75,0.11,200.0,17.0,4.11,0.14,300.0,14.0,1.42,0.17,340.0,0
2025-01-08,12,5,4,4593,41,6.62,5,0.31,5.93,4.09,27.0,23.0,122.0,1.0,1.0,0.14,22.0,8.63,0.14,220.0,21.0,4.76,0.11,230.0,18.0,4.44,0.13,250.0,20.0,3.0,0.13,310.0,16.0,3.75,0.17,330.0,25.0,0.4,0.17,380.0,0
2025-01-08,12,6,6,3957,50,6.66,6,0.37,5.0,2.71,20.0,18.0,140.0,0.0,0.0,0.19,25.0,6.4,0.2,380.0,20.0,3.0,0.19,360.0,24.0,2.91,0.16,340.0,30.0,2.0,0.17,390.0,25.0,1.2,0.19,400.0,16.0,0.0,0.22,440.0,0
2025-01-10,1,1,4,3949,48,6.68,1,0.25,4.59,2.35,6.0,14.0,85.0,0.0,0.0,0.15,12.0,5.83,0.13,270.0,19.0,4.21,0.16,250.0,15.0,1.33,0.13,210.0,11.0,1.81,0.15,210.0,17.0,0.58,0.15,300.0,11.0,0.0,0.17,350.0,0
2025-01-10,1,2,6,5059,20,6.71,2,0.26,2.32,0.58,0.0,2.0,34.0,0.0,0.0,0.13,3.0,0.0,0.14,230.0,5.0,2.0,0.12,320.0,5.0,0.0,0.13,340.0,7.0,1.42,0.11,180.0,6.0,0.0,0.16,330.0,8.0,0.0,0.13,240.0,0
2025-01-10,1,3,2,3572,59,6.69,3,0.21,5.25,3.21,10.0,16.0,81.0,0.0,0.0,0.2,13.0,8.46,0.17,380.0,12.0,5.0,0.17,400.0,17.0,4.11,0.21,360.0,16.0,0.62,0.18,360.0,15.0,0.66,0.21,450.0,8.0,0.0,0.24,540.0,0
2025-01-10,1,4,1,3702,37,6.71,4,0.05,4.68,2.37,7.0,12.0,80.0,0.0,0.0,0.13,14.0,5.71,0.15,210.0,12.0,3.33,0.12,250.0,13.0,2.3,0.12,220.0,13.0,1.53,0.11,200.0,16.0,1.25,0.12,240.0,12.0,0.0,0.17,470.0,0
2025-01-10,1,5,5,5388,28,6.72,6,0.06,0.0,0.0,0.0,0.0,0.0,0.0,0.0,0.0,0.0,0.0,0.0,0.0,0.0,0.0,0.0,0.0,0.0,0.0,0.0,0.0,0.0,0.0,0.0,0.0,0.0,0.0,0.0,0.0,0.0,0.0,0.0,0.0,0
2025-01-10,1,6,3,3850,47,6.62,5,0.04,4.53,2.36,13.0,13.0,110.0,0.0,0.0,0.15,18.0,7.22,0.14,290.0,17.0,1.76,0.15,380.0,19.0,1.57,0.16,360.0,16.0,1.25,0.11,210.0,20.0,0.5,0.14,280.0,20.0,2.0,0.18,400.0,0
2025-01-10,3,1,3,5255,31,6.65,1,0.29,5.19,3.22,20.0,19.0,121.0,1.0,1.0,0.16,14.0,7.85,0.16,350.0,18.0,3.33,0.22,420.0,20.0,4.5,0.14,370.0,21.0,2.38,0.18,380.0,25.0,2.0,0.13,290.0,23.0,1.3,0.16,350.0,0
2025-01-10,3,2,6,4164,43,6.75,3,0.31,4.12,2.35,6.0,6.0,51.0,0.0,0.0,0.17,6.0,8.33,0.13,200.0,10.0,3.0,0.16,330.0,7.0,4.28,0.15,300.0,10.0,1.0,0.17,400.0,12.0,0.0,0.19,490.0,6.0,0.0,0.16,480.0,0
2025-01-10,3,3,1,5109,30,6.77,4,0.04,4.88,2.76,13.0,21.0,123.0,1.0,0.0,0.15,18.0,6.11,0.15,270.0,20.0,4.5,0.14,290.0,21.0,1.9,0.13,260.0,20.0,2.0,0.13,270.0,19.0,2.1,0.14,280.0,25.0,0.8,0.17,400.0,0
2025-01-10,3,4,2,3711,12,6.71,6,0.1,5.82,3.77,24.0,27.0,135.0,3.0,0.0,0.16,28.0,7.5,0.14,280.0,20.0,4.0,0.13,250.0,20.0,3.5,0.13,290.0,22.0,3.63,0.18,340.0,23.0,2.17,0.18,370.0,22.0,0.9,0.17,400.0,0
2025-01-10,3,5,4,4365,53,6.67,5,0.04,5.49,3.39,22.0,18.0,118.0,2.0,0.0,0.19,18.0,8.33,0.14,250.0,25.0,3.6,0.18,370.0,17.0,4.7,0.17,410.0,20.0,3.0,0.2,420.0,22.0,0.9,0.2,410.0,16.0,0.0,0.22,510.0,0
2025-01-10,3,6,5,3284,25,6.75,2,0.29,5.24,3.21,18.0,26.0,137.0,1.0,0.0,0.17,23.0,6.95,0.16,250.0,22.0,2.72,0.2,400.0,23.0,5.21,0.17,350.0,25.0,2.0,0.18,400.0,33.0,1.21,0.15,320.0,11.0,0.9,0.15,380.0,0
2025-01-10,6,1,4,2878,51,6.71,1,0.14,5.6,3.6,17.0,32.0,136.0,1.0,0.0,0.17,28.0,6.78,0.18,370.0,25.0,4.4,0.16,360.0,25.0,2.8,0.17,380.0,24.0,3.33,0.17,360.0,19.0,1.57,0.18,410.0,15.0,0.66,0.19,450.0,0
2025-01-10,6,2,5,4813,3,6.74,2,0.22,3.95,1.81,10.0,9.0,105.0,1.0,0.0,0.18,13.0,4.61,0.15,310.0,17.0,2.35,0.16,340.0,22.0,0.0,0.22,400.0,18.0,3.33,0.16,380.0,21.0,1.42,0.17,370.0,14.0,0.0,0.17,440.0,0
2025-01-10,6,3,1,4516,38,6.64,3,0.16,6.3,4.92,33.0,33.0,134.0,2.0,0.0,0.15,30.0,7.66,0.14,300.0,27.0,5.55,0.16,340.0,19.0,4.73,0.14,310.0,18.0,4.44,0.12,240.0,26.0,3.46,0.15,340.0,14.0,1.42,0.15,400.0,0
2025-01-10,6,4,2,4025,26,6.7,4,0.26,6.15,4.43,34.0,29.0,142.0,3.0,2.0,0.17,32.0,8.75,0.18,360.0,25.0,2.4,0.19,420.0,24.0,4.58,0.14,290.0,21.0,4.28,0.16,330.0,26.0,3.07,0.2,360.0,14.0,0.71,0.16,240.0,0
2025-01-10,6,5,6,3949,48,6.73,5,0.27,4.59,2.35,6.0,14.0,85.0,0.0,0.0,0.15,12.0,5.83,0.13,270.0,19.0,4.21,0.16,250.0,15.0,1.33,0.13,210.0,11.0,1.81,0.15,210.0,17.0,0.58,0.15,300.0,11.0,0.0,0.17,350.0,0
2025-01-10,6,6,3,4113,60,6.73,6,0.24,4.74,2.4,15.0,15.0,125.0,0.0,0.0,0.18,19.0,7.36,0.19,440.0,26.0,2.3,0.18,440.0,14.0,1.42,0.19,470.0,26.0,1.15,0.18,370.0,28.0,1.42,0.19,400.0,12.0,0.83,0.15,330.0,0
2025-01-10,7,1,3,3702,37,6.64,1,0.14,4.68,2.37,7.0,12.0,80.0,0.0,0.0,0.13,14.0,5.71,0.15,210.0,12.0,3.33,0.12,250.0,13.0,2.3,0.12,220.0,13.0,1.53,0.11,200.0,16.0,1.25,0.12,240.0,12.0,0.0,0.17,470.0,0
2025-01-10,7,2,5,5298,8,6.67,2,0.15,6.05,4.59,21.0,19.0,87.0,2.0,1.0,0.15,11.0,8.18,0.14,240.0,16.0,5.0,0.16,290.0,11.0,2.72,0.2,350.0,14.0,5.0,0.14,230.0,18.0,3.33,0.14,250.0,17.0,4.11,0.12,180.0,0
2025-01-10,7,3,2,4601,33,6.77,3,0.09,6.76,5.29,42.0,29.0,134.0,5.0,1.0,0.12,27.0,9.25,0.13,310.0,28.0,5.0,0.11,260.0,18.0,5.55,0.12,210.0,21.0,5.23,0.11,230.0,23.0,4.34,0.14,260.0,17.0,0.58,0.13,300.0,0
2025-01-10,7,4,4,3998,15,6.64,4,0.22,4.29,2.39,10.0,18.0,117.0,0.0,0.0,0.15,17.0,6.47,0.13,250.0,25.0,4.4,0.15,320.0,20.0,2.5,0.13,260.0,17.0,0.58,0.15,320.0,20.0,0.0,0.15,380.0,18.0,0.0,0.19,490.0,0
2025-01-10,7,5,1,4706,44,6.66,5,0.16,5.93,4.06,26.0,24.0,123.0,2.0,0.0,0.15,26.0,7.3,0.16,370.0,20.0,4.5,0.18,350.0,21.0,4.76,0.14,250.0,21.0,4.28,0.16,280.0,16.0,1.25,0.15,270.0,19.0,0.52,0.14,270.0,0
2025-01-10,7,6,6,5143,17,6.76,6,0.13,3.61,1.22,4.0,7.0,90.0,0.0,0.0,0.22,11.0,0.0,0.24,510.0,18.0,2.77,0.2,460.0,18.0,2.22,0.22,460.0,12.0,0.0,0.25,480.0,17.0,0.58,0.18,350.0,14.0,0.71,0.25,450.0,0
2025-01-10,10,1,2,4877,22,6.59,1,0.26,5.86,4.27,27.0,23.0,117.0,2.0,0.0,0.15,22.0,5.9,0.16,320.0,16.0,6.25,0.15,290.0,18.0,5.0,0.12,230.0,20.0,4.5,0.15,320.0,20.0,2.5,0.15,300.0,21.0,1.9,0.16,400.0,0
2025-01-10,10,2,3,4041,39,6.6,2,0.32,3.73,2.02,5.0,11.0,79.0,0.0,0.0,0.21,12.0,2.5,0.19,420.0,15.0,3.33,0.18,450.0,14.0,2.14,0.22,450.0,16.0,2.5,0.25,510.0,19.0,0.52,0.22,520.0,3.0,0.0,0.23,530.0,0
2025-01-10,10,3,4,4002,2,6.62,3,0.25,6.44,4.62,45.0,29.0,160.0,3.0,0.0,0.13,39.0,7.94,0.13,310.0,23.0,5.21,0.16,380.0,28.0,3.57,0.12,270.0,27.0,4.44,0.13,230.0,25.0,2.8,0.12,230.0,18.0,1.11,0.12,300.0,0
2025-01-10,10,4,1,4516,38,6.75,4,0.27,6.3,4.92,33.0,33.0,134.0,2.0,0.0,0.15,30.0,7.66,0.14,300.0,27.0,5.55,0.16,340.0,19.0,4.73,0.14,310.0,18.0,4.44,0.12,240.0,26.0,3.46,0.15,340.0,14.0,1.42,0.15,400.0,0
2025-01-10,10,5,5,3284,25,6.75,5,0.31,5.24,3.21,18.0,26.0,137.0,1.0,0.0,0.17,23.0,6.95,0.16,250.0,22.0,2.72,0.2,400.0,23.0,5.21,0.17,350.0,25.0,2.0,0.18,400.0,33.0,1.21,0.15,320.0,11.0,0.9,0.15,380.0,0
2025-01-10,10,6,6,5053,54,6.78,6,0.29,4.54,2.88,7.0,10.0,59.0,1.0,0.0,0.18,7.0,8.57,0.14,270.0,13.0,1.53,0.18,280.0,10.0,5.0,0.18,350.0,14.0,1.42,0.19,390.0,7.0,1.42,0.2,430.0,8.0,1.25,0.18,390.0,0
2025-01-11,1,1,6,4944,62,6.69,1,0.09,3.88,2.16,8.0,10.0,83.0,0.0,0.0,0.14,9.0,3.33,0.15,390.0,17.0,4.11,0.15,310.0,12.0,3.33,0.13,330.0,13.0,0.76,0.16,270.0,14.0,2.14,0.16,260.0,18.0,0.0,0.12,240.0,0
2025-01-11,1,2,2,3998,15,6.69,2,0.14,4.29,2.39,10.0,18.0,117.0,0.0,0.0,0.15,17.0,6.47,0.13,250.0,25.0,4.4,0.15,320.0,20.0,2.5,0.13,260.0,17.0,0.58,0.15,320.0,20.0,0.0,0.15,380.0,18.0,0.0,0.19,490.0,0
2025-01-11,1,3,3,3957,50,6.73,3,0.17,5.0,2.71,20.0,18.0,140.0,0.0,0.0,0.19,25.0,6.4,0.2,380.0,20.0,3.0,0.19,360.0,24.0,2.91,0.16,340.0,30.0,2.0,0.17,390.0,25.0,1.2,0.19,400.0,16.0,0.0,0.22,440.0,0
2025-01-11,1,4,1,4389,27,6.72,4,0.08,5.13,3.3,10.0,30.0,121.0,2.0,0.0,0.17,20.0,7.5,0.2,410.0,21.0,3.81,0.18,480.0,22.0,2.72,0.16,410.0,23.0,3.04,0.16,330.0,19.0,1.57,0.18,340.0,16.0,0.62,0.18,390.0,0
2025-01-11,1,5,4,4969,24,6.74,5,0.13,4.72,2.7,13.0,17.0,111.0,0.0,0.0,0.16,16.0,8.12,0.16,340.0,18.0,2.77,0.15,360.0,21.0,1.9,0.14,330.0,18.0,2.77,0.16,340.0,18.0,0.55,0.17,390.0,20.0,1.0,0.18,450.0,0
2025-01-11,1,6,5,4404,6,6.74,6,0.14,3.73,2.03,7.0,6.0,64.0,0.0,0.0,0.22,8.0,5.0,0.23,580.0,10.0,2.0,0.19,460.0,12.0,3.33,0.22,490.0,11.0,1.81,0.2,460.0,12.0,0.83,0.22,460.0,11.0,0.0,0.26,550.0,0
2025-01-11,2,1,6,4813,3,6.68,1,0.25,3.95,1.81,10.0,9.0,105.0,1.0,0.0,0.18,13.0,4.61,0.15,310.0,17.0,2.35,0.16,340.0,22.0,0.0,0.22,400.0,18.0,3.33,0.16,380.0,21.0,1.42,0.17,370.0,14.0,0.0,0.17,440.0,0
2025-01-11,2,2,3,4106,56,6.74,2,0.35,4.29,2.19,5.0,15.0,91.0,1.0,0.0,0.21,14.0,5.0,0.19,430.0,15.0,4.0,0.21,490.0,18.0,1.11,0.21,420.0,17.0,2.35,0.22,450.0,16.0,0.62,0.22,430.0,11.0,0.0,0.2,450.0,0
2025-01-11,2,3,2,3284,25,6.67,3,0.17,5.24,3.21,18.0,26.0,137.0,1.0,0.0,0.17,23.0,6.95,0.16,250.0,22.0,2.72,0.2,400.0,23.0,5.21,0.17,350.0,25.0,2.0,0.18,400.0,33.0,1.21,0.15,320.0,11.0,0.9,0.15,380.0,0
2025-01-11,2,4,5,5059,20,6.71,4,0.05,2.32,0.58,0.0,2.0,34.0,0.0,0.0,0.13,3.0,0.0,0.14,230.0,5.0,2.0,0.12,320.0,5.0,0.0,0.13,340.0,7.0,1.42,0.11,180.0,6.0,0.0,0.16,330.0,8.0,0.0,0.13,240.0,0
2025-01-11,2,5,1,4877,22,6.67,5,0.13,5.86,4.27,27.0,23.0,117.0,2.0,0.0,0.15,22.0,5.9,0.16,320.0,16.0,6.25,0.15,290.0,18.0,5.0,0.12,230.0,20.0,4.5,0.15,320.0,20.0,2.5,0.15,300.0,21.0,1.9,0.16,400.0,0
2025-01-11,2,6,4,4164,43,6.69,6,0.12,4.12,2.35,6.0,6.0,51.0,0.0,0.0,0.17,6.0,8.33,0.13,200.0,10.0,3.0,0.16,330.0,7.0,4.28,0.15,300.0,10.0,1.0,0.17,400.0,12.0,0.0,0.19,490.0,6.0,0.0,0.16,480.0,0
2025-01-11,3,1,6,5143,17,6.71,1,0.28,3.61,1.22,4.0,7.0,90.0,0.0,0.0,0.22,11.0,0.0,0.24,510.0,18.0,2.77,0.2,460.0,18.0,2.22,0.22,460.0,12.0,0.0,0.25,480.0,17.0,0.58,0.18,350.0,14.0,0.71,0.25,450.0,0
2025-01-11,3,2,5,4365,53,6.6,2,0.38,5.49,3.39,22.0,18.0,118.0,2.0,0.0,0.19,18.0,8.33,0.14,250.0,25.0,3.6,0.18,370.0,17.0,4.7,0.17,410.0,20.0,3.0,0.2,420.0,22.0,0.9,0.2,410.0,16.0,0.0,0.22,510.0,0
2025-01-11,3,3,3,2878,51,6.72,3,0.2,5.6,3.6,17.0,32.0,136.0,1.0,0.0,0.17,28.0,6.78,0.18,370.0,25.0,4.4,0.16,360.0,25.0,2.8,0.17,380.0,24.0,3.33,0.17,360.0,19.0,1.57,0.18,410.0,15.0,0.66,0.19,450.0,0
2025-01-11,3,4,2,3572,59,6.74,4,0.16,5.25,3.21,10.0,16.0,81.0,0.0,0.0,0.2,13.0,8.46,0.17,380.0,12.0,5.0,0.17,400.0,17.0,4.11,0.21,360.0,16.0,0.62,0.18,360.0,15.0,0.66,0.21,450.0,8.0,0.0,0.24,540.0,0
2025-01-11,3,5,4,5152,45,6.68,5,0.17,3.7,1.14,3.0,5.0,70.0,0.0,0.0,0.2,9.0,2.22,0.17,390.0,12.0,1.66,0.2,380.0,14.0,2.14,0.16,380.0,11.0,0.9,0.18,410.0,10.0,0.0,0.24,400.0,13.0,0.0,0.26,520.0,0
2025-01-11,3,6,1,5255,31,6.65,6,0.09,5.19,3.22,20.0,19.0,121.0,1.0,1.0,0.16,14.0,7.85,0.16,350.0,18.0,3.33,0.22,420.0,20.0,4.5,0.14,370.0,21.0,2.38,0.18,380.0,25.0,2.0,0.13,290.0,23.0,1.3,0.16,350.0,0
2025-01-11,4,1,3,4113,60,6.81,1,0.18,4.74,2.4,15.0,15.0,125.0,0.0,0.0,0.18,19.0,7.36,0.19,440.0,26.0,2.3,0.18,440.0,14.0,1.42,0.19,470.0,26.0,1.15,0.18,370.0,28.0,1.42,0.19,400.0,12.0,0.83,0.15,330.0,0
2025-01-11,4,2,1,4182,61,6.58,2,0.12,4.74,2.84,16.0,19.0,123.0,0.0,0.0,0.16,18.0,5.55,0.14,270.0,22.0,3.63,0.16,320.0,24.0,2.5,0.15,290.0,22.0,2.27,0.17,340.0,20.0,1.5,0.16,340.0,17.0,1.76,0.16,310.0,0
2025-01-11,4,3,5,4390,7,6.72,3,0.23,4.24,2.43,4.0,15.0,78.0,0.0,0.0,0.16,11.0,4.54,0.2,470.0,13.0,2.3,0.19,380.0,13.0,0.76,0.14,270.0,16.0,3.75,0.14,240.0,16.0,1.87,0.16,390.0,9.0,1.11,0.15,390.0,0
2025-01-11,4,4,6,3949,48,6.72,4,0.11,4.59,2.35,6.0,14.0,85.0,0.0,0.0,0.15,12.0,5.83,0.13,270.0,19.0,4.21,0.16,250.0,15.0,1.33,0.13,210.0,11.0,1.81,0.15,210.0,17.0,0.58,0.15,300.0,11.0,0.0,0.17,350.0,0
2025-01-11,4,5,2,4356,65,6.75,5,0.09,6.13,3.95,28.0,21.0,124.0,1.0,0.0,0.15,27.0,8.14,0.14,260.0,20.0,5.0,0.17,330.0,21.0,2.38,0.16,300.0,25.0,3.6,0.14,340.0,20.0,1.0,0.14,330.0,11.0,0.9,0.15,280.0,0
2025-01-11,4,6,4,4601,33,6.72,6,0.07,6.76,5.29,42.0,29.0,134.0,5.0,1.0,0.12,27.0,9.25,0.13,310.0,28.0,5.0,0.11,260.0,18.0,5.55,0.12,210.0,21.0,5.23,0.11,230.0,23.0,4.34,0.14,260.0,17.0,0.58,0.13,300.0,0
2025-01-11,5,1,2,4389,27,6.7,1,0.09,5.13,3.3,10.0,30.0,121.0,2.0,0.0,0.17,20.0,7.5,0.2,410.0,21.0,3.81,0.18,480.0,22.0,2.72,0.16,410.0,23.0,3.04,0.16,330.0,19.0,1.57,0.18,340.0,16.0,0.62,0.18,390.0,0
2025-01-11,5,2,1,3850,47,6.59,2,0.11,4.53,2.36,13.0,13.0,110.0,0.0,0.0,0.15,18.0,7.22,0.14,290.0,17.0,1.76,0.15,380.0,19.0,1.57,0.16,360.0,16.0,1.25,0.11,210.0,20.0,0.5,0.14,280.0,20.0,2.0,0.18,400.0,0
2025-01-11,5,3,5,4706,44,6.73,3,0.13,5.93,4.06,26.0,24.0,123.0,2.0,0.0,0.15,26.0,7.3,0.16,370.0,20.0,4.5,0.18,350.0,21.0,4.76,0.14,250.0,21.0,4.28,0.16,280.0,16.0,1.25,0.15,270.0,19.0,0.52,0.14,270.0,0
2025-01-11,5,4,4,5299,11,6.69,4,0.14,3.86,1.66,5.0,11.0,96.0,0.0,0.0,0.19,0.0,0.0,0.0,0.0,0.0,0.0,0.0,0.0,0.0,0.0,0.0,0.0,25.0,2.0,0.21,410.0,24.0,2.5,0.18,350.0,47.0,1.06,0.18,340.0,0
2025-01-11,5,5,6,4041,39,6.68,5,0.2,3.73,2.02,5.0,11.0,79.0,0.0,0.0,0.21,12.0,2.5,0.19,420.0,15.0,3.33,0.18,450.0,14.0,2.14,0.22,450.0,16.0,2.5,0.25,510.0,19.0,0.52,0.22,520.0,3.0,0.0,0.23,530.0,0
2025-01-11,5,6,3,4761,55,6.78,6,0.15,6.26,4.36,26.0,15.0,94.0,1.0,0.0,0.13,15.0,7.33,0.12,200.0,17.0,2.94,0.13,320.0,15.0,6.66,0.13,200.0,16.0,3.75,0.11,200.0,17.0,4.11,0.14,300.0,14.0,1.42,0.17,340.0,0
2025-01-11,6,1,2,5298,8,6.6,1,0.18,6.05,4.59,21.0,19.0,87.0,2.0,1.0,0.15,11.0,8.18,0.14,240.0,16.0,5.0,0.16,290.0,11.0,2.72,0.2,350.0,14.0,5.0,0.14,230.0,18.0,3.33,0.14,250.0,17.0,4.11,0.12,180.0,0
2025-01-11,6,2,4,5109,30,6.69,2,0.15,4.88,2.76,13.0,21.0,123.0,1.0,0.0,0.15,18.0,6.11,0.15,270.0,20.0,4.5,0.14,290.0,21.0,1.9,0.13,260.0,20.0,2.0,0.13,270.0,19.0,2.1,0.14,280.0,25.0,0.8,0.17,400.0,0
2025-01-11,6,3,1,4677,1,6.67,3,0.16,6.27,4.03,33.0,15.0,119.0,4.0,1.0,0.14,26.0,8.07,0.13,210.0,20.0,4.0,0.16,350.0,23.0,3.91,0.16,350.0,22.0,2.72,0.11,220.0,15.0,2.0,0.13,270.0,13.0,0.76,0.2,410.0,0
2025-01-11,6,4,6,3711,12,6.78,5,0.24,5.82,3.77,24.0,27.0,135.0,3.0,0.0,0.16,28.0,7.5,0.14,280.0,20.0,4.0,0.13,250.0,20.0,3.5,0.13,290.0,22.0,3.63,0.18,340.0,23.0,2.17,0.18,370.0,22.0,0.9,0.17,400.0,0
2025-01-11,6,5,3,4106,56,6.76,4,0.28,4.29,2.19,5.0,15.0,91.0,1.0,0.0,0.21,14.0,5.0,0.19,430.0,15.0,4.0,0.21,490.0,18.0,1.11,0.21,420.0,17.0,2.35,0.22,450.0,16.0,0.62,0.22,430.0,11.0,0.0,0.2,450.0,0
2025-01-11,6,6,5,5388,28,6.79,6,0.19,0.0,0.0,0.0,0.0,0.0,0.0,0.0,0.0,0.0,0.0,0.0,0.0,0.0,0.0,0.0,0.0,0.0,0.0,0.0,0.0,0.0,0.0,0.0,0.0,0.0,0.0,0.0,0.0,0.0,0.0,0.0,0.0,0
2025-01-11,9,1,4,4706,44,6.71,1,0.21,5.93,4.06,26.0,24.0,123.0,2.0,0.0,0.15,26.0,7.3,0.16,370.0,20.0,4.5,0.18,350.0,21.0,4.76,0.14,250.0,21.0,4.28,0.16,280.0,16.0,1.25,0.15,270.0,19.0,0.52,0.14,270.0,0
2025-01-11,9,2,6,4404,6,6.73,2,0.22,3.73,2.03,7.0,6.0,64.0,0.0,0.0,0.22,8.0,5.0,0.23,580.0,10.0,2.0,0.19,460.0,12.0,3.33,0.22,490.0,11.0,1.81,0.2,460.0,12.0,0.83,0.22,460.0,11.0,0.0,0.26,550.0,0
2025-01-11,9,3,3,4977,14,6.71,3,0.17,6.27,4.69,30.0,31.0,130.0,3.0,0.0,0.14,20.0,8.5,0.14,310.0,18.0,3.33,0.16,340.0,37.0,5.13,0.14,270.0,21.0,4.76,0.14,230.0,22.0,3.63,0.12,250.0,12.0,0.83,0.15,380.0,0
2025-01-11,9,4,5,4813,3,6.65,4,0.28,3.95,1.81,10.0,9.0,105.0,1.0,0.0,0.18,13.0,4.61,0.15,310.0,17.0,2.35,0.16,340.0,22.0,0.0,0.22,400.0,18.0,3.33,0.16,380.0,21.0,1.42,0.17,370.0,14.0,0.0,0.17,440.0,0
2025-01-11,9,5,1,4365,53,6.62,5,0.11,5.49,3.39,22.0,18.0,118.0,2.0,0.0,0.19,18.0,8.33,0.14,250.0,25.0,3.6,0.18,370.0,17.0,4.7,0.17,410.0,20.0,3.0,0.2,420.0,22.0,0.9,0.2,410.0,16.0,0.0,0.22,510.0,0
2025-01-11,9,6,2,4182,61,6.64,6,0.09,4.74,2.84,16.0,19.0,123.0,0.0,0.0,0.16,18.0,5.55,0.14,270.0,22.0,3.63,0.16,320.0,24.0,2.5,0.15,290.0,22.0,2.27,0.17,340.0,20.0,1.5,0.16,340.0,17.0,1.76,0.16,310.0,0
2025-01-11,11,1,6,4601,33,6.74,1,0.13,6.76,5.29,42.0,29.0,134.0,5.0,1.0,0.12,27.0,9.25,0.13,310.0,28.0,5.0,0.11,260.0,18.0,5.55,0.12,210.0,21.0,5.23,0.11,230.0,23.0,4.34,0.14,260.0,17.0,0.58,0.13,300.0,0
2025-01-11,11,2,3,5299,11,6.76,2,0.12,3.86,1.66,5.0,11.0,96.0,0.0,0.0,0.19,0.0,0.0,0.0,0.0,0.0,0.0,0.0,0.0,0.0,0.0,0.0,0.0,25.0,2.0,0.21,410.0,24.0,2.5,0.18,350.0,47.0,1.06,0.18,340.0,0
2025-01-11,11,3,5,5143,17,6.79,3,0.19,3.61,1.22,4.0,7.0,90.0,0.0,0.0,0.22,11.0,0.0,0.24,510.0,18.0,2.77,0.2,460.0,18.0,2.22,0.22,460.0,12.0,0.0,0.25,480.0,17.0,0.58,0.18,350.0,14.0,0.71,0.25,450.0,0
2025-01-11,11,4,1,3284,25,6.81,4,0.04,5.24,3.21,18.0,26.0,137.0,1.0,0.0,0.17,23.0,6.95,0.16,250.0,22.0,2.72,0.2,400.0,23.0,5.21,0.17,350.0,25.0,2.0,0.18,400.0,33.0,1.21,0.15,320.0,11.0,0.9,0.15,380.0,0
2025-01-11,11,5,2,3849,64,6.77,5,0.06,6.66,4.88,29.0,13.0,86.0,3.0,2.0,0.13,15.0,8.66,0.14,250.0,18.0,3.88,0.15,330.0,16.0,5.62,0.14,300.0,22.0,4.54,0.13,250.0,14.0,1.42,0.1,230.0,1.0,10.0,0.04,100.0,0
2025-01-11,11,6,4,4677,1,6.8,6,0.07,6.27,4.03,33.0,15.0,119.0,4.0,1.0,0.14,26.0,8.07,0.13,210.0,20.0,4.0,0.16,350.0,23.0,3.91,0.16,350.0,22.0,2.72,0.11,220.0,15.0,2.0,0.13,270.0,13.0,0.76,0.2,410.0,0
2025-01-11,12,1,3,4743,35,6.68,1,0.14,6.43,4.72,42.0,34.0,161.0,5.0,1.0,0.14,32.0,9.37,0.12,190.0,33.0,5.15,0.15,290.0,24.0,5.41,0.13,270.0,22.0,2.72,0.15,310.0,26.0,2.69,0.13,290.0,24.0,1.25,0.17,360.0,0
2025-01-11,12,2,6,5298,8,6.62,2,0.22,6.05,4.59,21.0,19.0,87.0,2.0,1.0,0.15,11.0,8.18,0.14,240.0,16.0,5.0,0.16,290.0,11.0,2.72,0.2,350.0,14.0,5.0,0.14,230.0,18.0,3.33,0.14,250.0,17.0,4.11,0.12,180.0,0
2025-01-11,12,3,4,5255,31,6.68,3,0.31,5.19,3.22,20.0,19.0,121.0,1.0,1.0,0.16,14.0,7.85,0.16,350.0,18.0,3.33,0.22,420.0,20.0,4.5,0.14,370.0,21.0,2.38,0.18,380.0,25.0,2.0,0.13,290.0,23.0,1.3,0.16,350.0,0
2025-01-11,12,4,2,3850,47,6.68,4,0.16,4.53,2.36,13.0,13.0,110.0,0.0,0.0,0.15,18.0,7.22,0.14,290.0,17.0,1.76,0.15,380.0,19.0,1.57,0.16,360.0,16.0,1.25,0.11,210.0,20.0,0.5,0.14,280.0,20.0,2.0,0.18,400.0,0
2025-01-11,12,5,1,4002,2,6.68,5,0.18,6.44,4.62,45.0,29.0,160.0,3.0,0.0,0.13,39.0,7.94,0.13,310.0,23.0,5.21,0.16,380.0,28.0,3.57,0.12,270.0,27.0,4.44,0.13,230.0,25.0,2.8,0.12,230.0,18.0,1.11,0.12,300.0,0
2025-01-11,12,6,5,4390,7,6.74,6,0.17,4.24,2.43,4.0,15.0,78.0,0.0,0.0,0.16,11.0,4.54,0.2,470.0,13.0,2.3,0.19,380.0,13.0,0.76,0.14,270.0,16.0,3.75,0.14,240.0,16.0,1.87,0.16,390.0,9.0,1.11,0.15,390.0,0
2025-01-12,3,1,3,5299,11,6.7,1,0.19,3.86,1.66,5.0,11.0,96.0,0.0,0.0,0.19,0.0,0.0,0.0,0.0,0.0,0.0,0.0,0.0,0.0,0.0,0.0,0.0,25.0,2.0,0.21,410.0,24.0,2.5,0.18,350.0,47.0,1.06,0.18,340.0,0
2025-01-12,3,2,6,4969,24,6.74,2,0.19,4.72,2.7,13.0,17.0,111.0,0.0,0.0,0.16,16.0,8.12,0.16,340.0,18.0,2.77,0.15,360.0,21.0,1.9,0.14,330.0,18.0,2.77,0.16,340.0,18.0,0.55,0.17,390.0,20.0,1.0,0.18,450.0,0
2025-01-12,3,3,2,4365,53,6.62,3,0.2,5.49,3.39,22.0,18.0,118.0,2.0,0.0,0.19,18.0,8.33,0.14,250.0,25.0,3.6,0.18,370.0,17.0,4.7,0.17,410.0,20.0,3.0,0.2,420.0,22.0,0.9,0.2,410.0,16.0,0.0,0.22,510.0,0
2025-01-12,3,4,4,5152,45,6.68,4,0.23,3.7,1.14,3.0,5.0,70.0,0.0,0.0,0.2,9.0,2.22,0.17,390.0,12.0,1.66,0.2,380.0,14.0,2.14,0.16,380.0,11.0,0.9,0.18,410.0,10.0,0.0,0.24,400.0,13.0,0.0,0.26,520.0,0
2025-01-12,3,5,1,3850,47,6.68,5,0.22,4.53,2.36,13.0,13.0,110.0,0.0,0.0,0.15,18.0,7.22,0.14,290.0,17.0,1.76,0.15,380.0,19.0,1.57,0.16,360.0,16.0,1.25,0.11,210.0,20.0,0.5,0.14,280.0,20.0,2.0,0.18,400.0,0
2025-01-12,3,6,5,4601,33,6.83,6,0.24,6.76,5.29,42.0,29.0,134.0,5.0,1.0,0.12,27.0,9.25,0.13,310.0,28.0,5.0,0.11,260.0,18.0,5.55,0.12,210.0,21.0,5.23,0.11,230.0,23.0,4.34,0.14,260.0,17.0,0.58,0.13,300.0,0
2025-01-12,7,1,6,5298,8,6.69,1,0.24,6.05,4.59,21.0,19.0,87.0,2.0,1.0,0.15,11.0,8.18,0.14,240.0,16.0,5.0,0.16,290.0,11.0,2.72,0.2,350.0,14.0,5.0,0.14,230.0,18.0,3.33,0.14,250.0,17.0,4.11,0.12,180.0,0
2025-01-12,7,2,1,4182,61,6.64,2,0.09,4.74,2.84,16.0,19.0,123.0,0.0,0.0,0.16,18.0,5.55,0.14,270.0,22.0,3.63,0.16,320.0,24.0,2.5,0.15,290.0,22.0,2.27,0.17,340.0,20.0,1.5,0.16,340.0,17.0,1.76,0.16,310.0,0
2025-01-12,7,3,3,5059,20,6.7,3,0.15,2.32,0.58,0.0,2.0,34.0,0.0,0.0,0.13,3.0,0.0,0.14,230.0,5.0,2.0,0.12,320.0,5.0,0.0,0.13,340.0,7.0,1.42,0.11,180.0,6.0,0.0,0.16,330.0,8.0,0.0,0.13,240.0,0
2025-01-12,7,4,2,4706,44,6.71,4,0.21,5.93,4.06,26.0,24.0,123.0,2.0,0.0,0.15,26.0,7.3,0.16,370.0,20.0,4.5,0.18,350.0,21.0,4.76,0.14,250.0,21.0,4.28,0.16,280.0,16.0,1.25,0.15,270.0,19.0,0.52,0.14,270.0,0
2025-01-12,7,5,5,4113,60,6.68,5,0.24,4.74,2.4,15.0,15.0,125.0,0.0,0.0,0.18,19.0,7.36,0.19,440.0,26.0,2.3,0.18,440.0,14.0,1.42,0.19,470.0,26.0,1.15,0.18,370.0,28.0,1.42,0.19,400.0,12.0,0.83,0.15,330.0,0
2025-01-12,7,6,4,4743,35,6.79,6,0.33,6.43,4.72,42.0,34.0,161.0,5.0,1.0,0.14,32.0,9.37,0.12,190.0,33.0,5.15,0.15,290.0,24.0,5.41,0.13,270.0,22.0,2.72,0.15,310.0,26.0,2.69,0.13,290.0,24.0,1.25,0.17,360.0,0
2025-01-12,9,1,4,4877,22,6.63,1,0.28,5.86,4.27,27.0,23.0,117.0,2.0,0.0,0.15,22.0,5.9,0.16,320.0,16.0,6.25,0.15,290.0,18.0,5.0,0.12,230.0,20.0,4.5,0.15,320.0,20.0,2.5,0.15,300.0,21.0,1.9,0.16,400.0,0
2025-01-12,9,2,1,3850,47,6.61,2,0.19,4.53,2.36,13.0,13.0,110.0,0.0,0.0,0.15,18.0,7.22,0.14,290.0,17.0,1.76,0.15,380.0,19.0,1.57,0.16,360.0,16.0,1.25,0.11,210.0,20.0,0.5,0.14,280.0,20.0,2.0,0.18,400.0,0
2025-01-12,9,3,6,4389,27,6.71,3,0.16,5.13,3.3,10.0,30.0,121.0,2.0,0.0,0.17,20.0,7.5,0.2,410.0,21.0,3.81,0.18,480.0,22.0,2.72,0.16,410.0,23.0,3.04,0.16,330.0,19.0,1.57,0.18,340.0,16.0,0.62,0.18,390.0,0
2025-01-12,9,4,3,4516,38,6.65,4,0.22,6.3,4.92,33.0,33.0,134.0,2.0,0.0,0.15,30.0,7.66,0.14,300.0,27.0,5.55,0.16,340.0,19.0,4.73,0.14,310.0,18.0,4.44,0.12,240.0,26.0,3.46,0.15,340.0,14.0,1.42,0.15,400.0,0
2025-01-12,9,5,5,3702,37,6.72,5,0.27,4.68,2.37,7.0,12.0,80.0,0.0,0.0,0.13,14.0,5.71,0.15,210.0,12.0,3.33,0.12,250.0,13.0,2.3,0.12,220.0,13.0,1.53,0.11,200.0,16.0,1.25,0.12,240.0,12.0,0.0,0.17,470.0,0
2025-01-12,9,6,2,3572,59,6.65,6,0.33,5.25,3.21,10.0,16.0,81.0,0.0,0.0,0.2,13.0,8.46,0.17,380.0,12.0,5.0,0.17,400.0,17.0,4.11,0.21,360.0,16.0,0.62,0.18,360.0,15.0,0.66,0.21,450.0,8.0,0.0,0.24,540.0,0
2025-01-12,10,1,3,4977,14,6.57,1,0.2,6.27,4.69,30.0,31.0,130.0,3.0,0.0,0.14,20.0,8.5,0.14,310.0,18.0,3.33,0.16,340.0,37.0,5.13,0.14,270.0,21.0,4.76,0.14,230.0,22.0,3.63,0.12,250.0,12.0,0.83,0.15,380.0,0
2025-01-12,10,2,6,4677,1,6.59,2,0.16,6.27,4.03,33.0,15.0,119.0,4.0,1.0,0.14,26.0,8.07,0.13,210.0,20.0,4.0,0.16,350.0,23.0,3.91,0.16,350.0,22.0,2.72,0.11,220.0,15.0,2.0,0.13,270.0,13.0,0.76,0.2,410.0,0
2025-01-12,10,3,5,5298,8,6.61,3,0.19,6.05,4.59,21.0,19.0,87.0,2.0,1.0,0.15,11.0,8.18,0.14,240.0,16.0,5.0,0.16,290.0,11.0,2.72,0.2,350.0,14.0,5.0,0.14,230.0,18.0,3.33,0.14,250.0,17.0,4.11,0.12,180.0,0
2025-01-12,10,4,4,5109,30,6.65,4,0.14,4.88,2.76,13.0,21.0,123.0,1.0,0.0,0.15,18.0,6.11,0.15,270.0,20.0,4.5,0.14,290.0,21.0,1.9,0.13,260.0,20.0,2.0,0.13,270.0,19.0,2.1,0.14,280.0,25.0,0.8,0.17,400.0,0
2025-01-12,10,5,1,4002,2,6.57,5,0.09,6.44,4.62,45.0,29.0,160.0,3.0,0.0,0.13,39.0,7.94,0.13,310.0,23.0,5.21,0.16,380.0,28.0,3.57,0.12,270.0,27.0,4.44,0.13,230.0,25.0,2.8,0.12,230.0,18.0,1.11,0.12,300.0,0
2025-01-12,10,6,2,3849,64,6.65,6,0.09,6.66,4.88,29.0,13.0,86.0,3.0,2.0,0.13,15.0,8.66,0.14,250.0,18.0,3.88,0.15,330.0,16.0,5.62,0.14,300.0,22.0,4.54,0.13,250.0,14.0,1.42,0.1,230.0,1.0,10.0,0.04,100.0,0
2025-01-13,3,1,2,4106,56,6.87,1,0.09,4.29,2.19,5.0,15.0,91.0,1.0,0.0,0.21,14.0,5.0,0.19,430.0,15.0,4.0,0.21,490.0,18.0,1.11,0.21,420.0,17.0,2.35,0.22,450.0,16.0,0.62,0.22,430.0,11.0,0.0,0.2,450.0,0
2025-01-13,3,2,1,4813,3,6.87,2,0.1,3.95,1.81,10.0,9.0,105.0,1.0,0.0,0.18,13.0,4.61,0.15,310.0,17.0,2.35,0.16,340.0,22.0,0.0,0.22,400.0,18.0,3.33,0.16,380.0,21.0,1.42,0.17,370.0,14.0,0.0,0.17,440.0,0
2025-01-13,3,3,3,4977,14,6.81,3,0.06,6.27,4.69,30.0,31.0,130.0,3.0,0.0,0.14,20.0,8.5,0.14,310.0,18.0,3.33,0.16,340.0,37.0,5.13,0.14,270.0,21.0,4.76,0.14,230.0,22.0,3.63,0.12,250.0,12.0,0.83,0.15,380.0,0
2025-01-13,3,4,4,4969,24,6.84,4,0.07,4.72,2.7,13.0,17.0,111.0,0.0,0.0,0.16,16.0,8.12,0.16,340.0,18.0,2.77,0.15,360.0,21.0,1.9,0.14,330.0,18.0,2.77,0.16,340.0,18.0,0.55,0.17,390.0,20.0,1.0,0.18,450.0,0
2025-01-13,3,5,6,4635,32,6.86,5,0.04,4.93,3.0,21.0,13.0,113.0,0.0,0.0,0.12,18.0,8.33,0.14,220.0,20.0,4.0,0.12,240.0,19.0,2.63,0.11,230.0,19.0,1.57,0.12,220.0,16.0,1.87,0.1,220.0,21.0,0.0,0.1,210.0,0
2025-01-13,3,6,5,3711,12,6.84,6,0.09,5.82,3.77,24.0,27.0,135.0,3.0,0.0,0.16,28.0,7.5,0.14,280.0,20.0,4.0,0.13,250.0,20.0,3.5,0.13,290.0,22.0,3.63,0.18,340.0,23.0,2.17,0.18,370.0,22.0,0.9,0.17,400.0,0
2025-01-13,5,1,4,3702,37,6.75,1,0.25,4.68,2.37,7.0,12.0,80.0,0.0,0.0,0.13,14.0,5.71,0.15,210.0,12.0,3.33,0.12,250.0,13.0,2.3,0.12,220.0,13.0,1.53,0.11,200.0,16.0,1.25,0.12,240.0,12.0,0.0,0.17,470.0,0
2025-01-13,5,2,6,4404,6,6.8,2,0.29,3.73,2.03,7.0,6.0,64.0,0.0,0.0,0.22,8.0,5.0,0.23,580.0,10.0,2.0,0.19,460.0,12.0,3.33,0.22,490.0,11.0,1.81,0.2,460.0,12.0,0.83,0.22,460.0,11.0,0.0,0.26,550.0,0
2025-01-13,5,3,1,5255,31,6.7,3,0.18,5.19,3.22,20.0,19.0,121.0,1.0,1.0,0.16,14.0,7.85,0.16,350.0,18.0,3.33,0.22,420.0,20.0,4.5,0.14,370.0,21.0,2.38,0.18,380.0,25.0,2.0,0.13,290.0,23.0,1.3,0.16,350.0,0
2025-01-13,5,4,5,4164,43,6.71,4,0.14,4.12,2.35,6.0,6.0,51.0,0.0,0.0,0.17,6.0,8.33,0.13,200.0,10.0,3.0,0.16,330.0,7.0,4.28,0.15,300.0,10.0,1.0,0.17,400.0,12.0,0.0,0.19,490.0,6.0,0.0,0.16,480.0,0
2025-01-13,5,5,3,4365,53,6.71,5,0.11,5.49,3.39,22.0,18.0,118.0,2.0,0.0,0.19,18.0,8.33,0.14,250.0,25.0,3.6,0.18,370.0,17.0,4.7,0.17,410.0,20.0,3.0,0.2,420.0,22.0,0.9,0.2,410.0,16.0,0.0,0.22,510.0,0
2025-01-13,5,6,2,4516,38,6.7,6,0.13,6.3,4.92,33.0,33.0,134.0,2.0,0.0,0.15,30.0,7.66,0.14,300.0,27.0,5.55,0.16,340.0,19.0,4.73,0.14,310.0,18.0,4.44,0.12,240.0,26.0,3.46,0.15,340.0,14.0,1.42,0.15,400.0,0
2025-01-13,8,1,2,4601,33,6.71,1,0.15,6.76,5.29,42.0,29.0,134.0,5.0,1.0,0.12,27.0,9.25,0.13,310.0,28.0,5.0,0.11,260.0,18.0,5.55,0.12,210.0,21.0,5.23,0.11,230.0,23.0,4.34,0.14,260.0,17.0,0.58,0.13,300.0,0
2025-01-13,8,2,6,2878,51,6.85,2,0.13,5.6,3.6,17.0,32.0,136.0,1.0,0.0,0.17,28.0,6.78,0.18,370.0,25.0,4.4,0.16,360.0,25.0,2.8,0.17,380.0,24.0,3.33,0.17,360.0,19.0,1.57,0.18,410.0,15.0,0.66,0.19,450.0,0
2025-01-13,8,3,4,3957,50,6.76,3,0.14,5.0,2.71,20.0,18.0,140.0,0.0,0.0,0.19,25.0,6.4,0.2,380.0,20.0,3.0,0.19,360.0,24.0,2.91,0.16,340.0,30.0,2.0,0.17,390.0,25.0,1.2,0.19,400.0,16.0,0.0,0.22,440.0,0
2025-01-13,8,4,1,4977,14,6.75,4,0.07,6.27,4.69,30.0,31.0,130.0,3.0,0.0,0.14,20.0,8.5,0.14,310.0,18.0,3.33,0.16,340.0,37.0,5.13,0.14,270.0,21.0,4.76,0.14,230.0,22.0,3.63,0.12,250.0,12.0,0.83,0.15,380.0,0
2025-01-13,8,5,5,4969,24,6.8,5,0.14,4.72,2.7,13.0,17.0,111.0,0.0,0.0,0.16,16.0,8.12,0.16,340.0,18.0,2.77,0.15,360.0,21.0,1.9,0.14,330.0,18.0,2.77,0.16,340.0,18.0,0.55,0.17,390.0,20.0,1.0,0.18,450.0,0
2025-01-13,8,6,3,5059,20,6.79,6,0.13,2.32,0.58,0.0,2.0,34.0,0.0,0.0,0.13,3.0,0.0,0.14,230.0,5.0,2.0,0.12,320.0,5.0,0.0,0.13,340.0,7.0,1.42,0.11,180.0,6.0,0.0,0.16,330.0,8.0,0.0,0.13,240.0,0
2025-01-13,12,1,2,4356,65,6.64,1,0.15,6.13,3.95,28.0,21.0,124.0,1.0,0.0,0.15,27.0,8.14,0.14,260.0,20.0,5.0,0.17,330.0,21.0,2.38,0.16,300.0,25.0,3.6,0.14,340.0,20.0,1.0,0.14,330.0,11.0,0.9,0.15,280.0,0
2025-01-13,12,2,5,3850,47,6.55,2,0.17,4.53,2.36,13.0,13.0,110.0,0.0,0.0,0.15,18.0,7.22,0.14,290.0,17.0,1.76,0.15,380.0,19.0,1.57,0.16,360.0,16.0,1.25,0.11,210.0,20.0,0.5,0.14,280.0,20.0,2.0,0.18,400.0,0
2025-01-13,12,3,1,4002,2,6.67,3,0.18,6.44,4.62,45.0,29.0,160.0,3.0,0.0,0.13,39.0,7.94,0.13,310.0,23.0,5.21,0.16,380.0,28.0,3.57,0.12,270.0,27.0,4.44,0.13,230.0,25.0,2.8,0.12,230.0,18.0,1.11,0.12,300.0,0
2025-01-13,12,4,3,4761,55,6.77,4,0.22,6.26,4.36,26.0,15.0,94.0,1.0,0.0,0.13,15.0,7.33,0.12,200.0,17.0,2.94,0.13,320.0,15.0,6.66,0.13,200.0,16.0,3.75,0.11,200.0,17.0,4.11,0.14,300.0,14.0,1.42,0.17,340.0,0
2025-01-13,12,5,4,3572,59,6.71,5,0.19,5.25,3.21,10.0,16.0,81.0,0.0,0.0,0.2,13.0,8.46,0.17,380.0,12.0,5.0,0.17,400.0,17.0,4.11,0.21,360.0,16.0,0.62,0.18,360.0,15.0,0.66,0.21,450.0,8.0,0.0,0.24,540.0,0
2025-01-13,12,6,6,3849,64,6.69,6,0.21,6.66,4.88,29.0,13.0,86.0,3.0,2.0,0.13,15.0,8.66,0.14,250.0,18.0,3.88,0.15,330.0,16.0,5.62,0.14,300.0,22.0,4.54,0.13,250.0,14.0,1.42,0.1,230.0,1.0,10.0,0.04,100.0,0
2025-01-17,2,1,3,3761,14,6.79,1,0.22,4.61,2.6,17.0,19.0,138.0,0.0,0.0,0.16,18.0,7.22,0.15,280.0,27.0,3.7,0.18,390.0,28.0,2.14,0.15,340.0,20.0,1.5,0.15,310.0,29.0,1.37,0.16,290.0,16.0,0.0,0.15,340.0,0
2025-01-17,2,2,5,4425,55,6.82,2,0.21,3.65,1.6,6.0,7.0,81.0,0.0,0.0,0.18,11.0,5.45,0.16,310.0,16.0,3.12,0.16,430.0,11.0,0.0,0.2,380.0,18.0,0.55,0.18,390.0,10.0,1.0,0.16,360.0,15.0,0.0,0.21,480.0,0
2025-01-17,2,3,4,4258,27,6.81,3,0.16,5.86,3.82,15.0,29.0,115.0,3.0,0.0,0.18,19.0,7.36,0.16,330.0,21.0,5.23,0.18,390.0,20.0,4.5,0.17,330.0,19.0,2.1,0.19,440.0,21.0,1.9,0.18,460.0,15.0,1.33,0.18,470.0,0
2025-01-17,2,4,1,5181,57,6.7,4,0.13,5.01,3.2,18.0,14.0,100.0,1.0,0.0,0.16,13.0,6.15,0.17,340.0,18.0,5.0,0.17,330.0,17.0,3.52,0.15,290.0,16.0,1.87,0.15,260.0,18.0,1.11,0.14,310.0,18.0,2.22,0.16,320.0,0
2025-01-17,2,5,6,4186,31,6.73,5,0.19,3.94,2.07,9.0,8.0,82.0,0.0,0.0,0.17,12.0,5.0,0.18,340.0,15.0,1.33,0.17,370.0,15.0,3.33,0.15,240.0,12.0,1.66,0.2,450.0,19.0,1.05,0.15,310.0,9.0,0.0,0.19,500.0,0
2025-01-17,2,6,2,4926,53,6.7,6,0.18,6.44,5.05,23.0,24.0,93.0,5.0,1.0,0.14,20.0,8.0,0.12,220.0,13.0,6.15,0.14,310.0,14.0,5.71,0.12,270.0,14.0,5.71,0.15,310.0,17.0,4.11,0.14,280.0,15.0,0.0,0.16,390.0,0
2025-01-17,3,1,4,3647,37,6.72,1,0.11,4.08,1.74,15.0,8.0,132.0,0.0,0.0,0.15,20.0,7.0,0.15,250.0,21.0,1.9,0.14,290.0,19.0,0.52,0.17,290.0,24.0,0.83,0.14,320.0,21.0,0.47,0.14,270.0,27.0,0.37,0.16,330.0,0
2025-01-17,3,2,2,3606,66,6.74,2,0.17,5.77,3.63,24.0,25.0,135.0,3.0,0.0,0.15,32.0,7.5,0.17,320.0,18.0,4.44,0.13,270.0,24.0,2.5,0.15,280.0,23.0,2.6,0.15,270.0,26.0,1.53,0.13,280.0,12.0,0.83,0.18,320.0,0
2025-01-17,3,3,3,5032,30,6.78,3,0.24,4.9,2.75,13.0,9.0,80.0,0.0,0.0,0.15,11.0,7.27,0.15,230.0,11.0,4.54,0.12,250.0,12.0,3.33,0.16,300.0,15.0,2.0,0.17,360.0,15.0,1.33,0.16,240.0,16.0,0.0,0.15,330.0,0
2025-01-17,3,4,5,4623,13,6.73,4,0.14,4.32,1.78,13.0,7.0,112.0,0.0,0.0,0.16,16.0,5.62,0.12,220.0,20.0,1.5,0.16,300.0,18.0,2.22,0.15,310.0,21.0,0.95,0.17,290.0,19.0,1.05,0.17,380.0,18.0,0.0,0.18,390.0,0
2025-01-17,3,5,1,4302,41,6.74,5,0.24,6.06,4.37,30.0,33.0,144.0,4.0,0.0,0.14,34.0,8.52,0.16,240.0,27.0,4.44,0.14,290.0,30.0,3.66,0.13,280.0,23.0,2.6,0.14,300.0,27.0,1.48,0.14,310.0,3.0,3.33,0.15,270.0,0
2025-01-17,3,6,6,4134,17,6.86,6,0.23,6.72,5.07,35.0,31.0,130.0,6.0,0.0,0.15,26.0,7.69,0.14,280.0,16.0,5.0,0.16,330.0,22.0,5.9,0.14,220.0,24.0,5.0,0.16,320.0,21.0,4.28,0.16,240.0,21.0,1.9,0.17,370.0,0
2025-01-17,4,1,3,2538,64,6.78,1,0.22,3.96,1.91,4.0,13.0,89.0,0.0,0.0,0.19,13.0,3.84,0.21,420.0,19.0,2.1,0.21,390.0,15.0,1.33,0.2,340.0,16.0,1.25,0.17,360.0,17.0,1.76,0.19,360.0,8.0,1.25,0.18,400.0,0
2025-01-17,4,2,1,4600,25,6.72,2,0.16,5.59,3.69,29.0,12.0,111.0,0.0,0.0,0.14,22.0,5.9,0.13,240.0,18.0,5.55,0.12,230.0,17.0,2.94,0.12,210.0,15.0,2.0,0.17,370.0,22.0,3.18,0.12,210.0,16.0,1.87,0.15,290.0,0
2025-01-17,4,3,4,5031,22,6.73,3,0.25,4.28,1.95,3.0,6.0,46.0,0.0,0.0,0.19,5.0,4.0,0.2,320.0,7.0,1.42,0.23,370.0,12.0,2.5,0.18,320.0,13.0,1.53,0.18,380.0,9.0,1.11,0.17,340.0,0.0,0.0,0.0,0.0,0
2025-01-17,4,4,2,4043,46,6.87,5,0.24,6.33,4.37,40.0,23.0,144.0,2.0,0.0,0.15,32.0,8.12,0.15,280.0,24.0,5.0,0.13,280.0,26.0,3.46,0.14,290.0,22.0,3.63,0.14,320.0,23.0,3.04,0.14,270.0,17.0,0.58,0.21,420.0,0
2025-01-17,4,5,5,4561,29,6.62,4,0.27,5.5,3.85,31.0,11.0,109.0,3.0,0.0,0.2,21.0,7.14,0.21,490.0,21.0,4.28,0.19,410.0,21.0,2.85,0.19,420.0,27.0,3.33,0.18,410.0,13.0,2.3,0.21,450.0,6.0,0.0,0.29,550.0,0
2025-01-17,4,6,6,5375,35,6.95,6,0.36,0.0,0.0,0.0,0.0,0.0,0.0,0.0,0.0,0.0,0.0,0.0,0.0,0.0,0.0,0.0,0.0,0.0,0.0,0.0,0.0,0.0,0.0,0.0,0.0,0.0,0.0,0.0,0.0,0.0,0.0,0.0,0.0,0
2025-01-17,6,1,3,4151,26,6.81,1,0.15,5.55,3.61,21.0,26.0,130.0,2.0,1.0,0.19,21.0,6.19,0.2,390.0,30.0,5.0,0.17,410.0,23.0,3.47,0.15,360.0,32.0,2.81,0.19,400.0,13.0,0.76,0.18,340.0,11.0,0.9,0.24,540.0,0
2025-01-17,6,2,2,4560,36,6.79,2,0.12,5.22,3.14,16.0,18.0,108.0,1.0,1.0,0.15,17.0,4.11,0.19,380.0,18.0,3.88,0.13,230.0,14.0,4.28,0.11,210.0,20.0,4.5,0.15,270.0,22.0,2.27,0.15,270.0,17.0,0.0,0.15,440.0,0
2025-01-17,6,3,1,4537,18,6.79,3,0.07,6.93,5.23,44.0,23.0,128.0,8.0,2.0,0.12,30.0,9.0,0.11,170.0,21.0,5.71,0.08,190.0,21.0,5.23,0.11,190.0,16.0,6.25,0.12,210.0,20.0,3.0,0.14,250.0,20.0,0.5,0.16,350.0,0
2025-01-17,6,4,4,4754,45,6.77,4,0.13,5.96,4.04,36.0,19.0,136.0,4.0,0.0,0.14,28.0,8.57,0.16,280.0,23.0,4.34,0.13,290.0,21.0,3.81,0.14,300.0,18.0,3.88,0.12,240.0,23.0,2.17,0.13,310.0,23.0,0.43,0.17,430.0,0
2025-01-17,6,5,5,5199,49,6.81,5,0.12,5.03,3.25,13.0,15.0,86.0,1.0,0.0,0.14,13.0,7.69,0.14,320.0,14.0,2.14,0.16,290.0,15.0,3.33,0.13,250.0,13.0,4.61,0.11,220.0,15.0,0.66,0.15,270.0,16.0,1.87,0.16,260.0,0
2025-01-17,6,6,6,4097,5,6.97,6,0.24,3.83,0.91,2.0,7.0,98.0,0.0,0.0,0.21,12.0,0.0,0.23,480.0,12.0,2.5,0.18,400.0,25.0,2.4,0.21,430.0,16.0,0.0,0.21,490.0,19.0,0.0,0.2,460.0,14.0,0.0,0.22,460.0,0
2025-01-17,7,1,2,4214,38,6.74,1,0.16,5.82,4.11,26.0,30.0,136.0,2.0,0.0,0.15,25.0,6.4,0.14,290.0,23.0,5.65,0.15,360.0,20.0,4.5,0.14,340.0,29.0,4.13,0.14,300.0,22.0,1.36,0.14,300.0,17.0,1.76,0.17,420.0,0
2025-01-17,7,2,5,4809,9,6.82,2,0.19,5.03,2.85,17.0,11.0,98.0,0.0,0.0,0.14,17.0,7.05,0.14,270.0,17.0,2.94,0.18,370.0,16.0,1.87,0.14,330.0,18.0,2.77,0.14,280.0,19.0,1.57,0.13,260.0,11.0,0.0,0.13,300.0,0
2025-01-17,7,3,1,4949,20,6.82,3,0.16,6.11,4.71,29.0,38.0,142.0,2.0,0.0,0.14,25.0,8.4,0.12,250.0,23.0,4.34,0.15,330.0,26.0,5.0,0.14,270.0,23.0,5.21,0.14,260.0,20.0,3.0,0.14,270.0,25.0,2.0,0.16,330.0,0
2025-01-17,7,4,6,4425,55,6.8,4,0.19,3.65,1.6,6.0,7.0,81.0,0.0,0.0,0.18,11.0,5.45,0.16,310.0,16.0,3.12,0.16,430.0,11.0,0.0,0.2,380.0,18.0,0.55,0.18,390.0,10.0,1.0,0.16,360.0,15.0,0.0,0.21,480.0,0
2025-01-17,7,5,4,4465,34,6.78,5,0.16,4.39,1.95,9.0,9.0,92.0,0.0,0.0,0.17,14.0,5.0,0.17,340.0,14.0,3.57,0.17,410.0,16.0,1.25,0.15,330.0,19.0,1.05,0.17,340.0,16.0,0.62,0.17,360.0,13.0,0.76,0.2,420.0,0
2025-01-17,7,6,3,4566,52,6.81,6,0.23,7.1,5.37,47.0,31.0,145.0,6.0,1.0,0.12,32.0,9.06,0.13,230.0,21.0,5.23,0.13,260.0,26.0,6.15,0.11,230.0,23.0,4.34,0.12,180.0,29.0,3.44,0.12,260.0,14.0,1.42,0.12,350.0,0
2025-01-17,9,1,2,4258,27,6.83,1,0.12,5.86,3.82,15.0,29.0,115.0,3.0,0.0,0.18,19.0,7.36,0.16,330.0,21.0,5.23,0.18,390.0,20.0,4.5,0.17,330.0,19.0,2.1,0.19,440.0,21.0,1.9,0.18,460.0,15.0,1.33,0.18,470.0,0
2025-01-17,9,2,4,4623,13,6.8,2,0.22,4.32,1.78,13.0,7.0,112.0,0.0,0.0,0.16,16.0,5.62,0.12,220.0,20.0,1.5,0.16,300.0,18.0,2.22,0.15,310.0,21.0,0.95,0.17,290.0,19.0,1.05,0.17,380.0,18.0,0.0,0.18,390.0,0
2025-01-17,9,3,5,3851,40,6.83,3,0.18,4.22,2.65,9.0,4.0,49.0,0.0,0.0,0.16,8.0,6.25,0.12,140.0,10.0,3.0,0.16,320.0,7.0,2.85,0.14,240.0,4.0,0.0,0.19,430.0,10.0,1.0,0.18,370.0,10.0,2.0,0.2,460.0,0
2025-01-17,9,4,1,4561,29,6.6,5,0.21,5.5,3.85,31.0,11.0,109.0,3.0,0.0,0.2,21.0,7.14,0.21,490.0,21.0,4.28,0.19,410.0,21.0,2.85,0.19,420.0,27.0,3.33,0.18,410.0,13.0,2.3,0.21,450.0,6.0,0.0,0.29,550.0,0
2025-01-17,9,5,6,4169,63,6.82,4,0.25,3.91,2.09,13.0,9.0,105.0,1.0,0.0,0.15,16.0,6.87,0.15,330.0,19.0,2.63,0.15,370.0,17.0,1.17,0.14,280.0,18.0,1.66,0.16,280.0,18.0,0.55,0.15,370.0,17.0,0.0,0.18,470.0,0
2025-01-17,9,6,3,3955,10,6.89,6,0.23,5.55,3.26,19.0,14.0,101.0,0.0,0.0,0.18,15.0,7.33,0.15,340.0,18.0,3.88,0.16,310.0,19.0,4.73,0.16,330.0,16.0,1.25,0.19,360.0,21.0,1.42,0.21,430.0,12.0,0.83,0.22,490.0,0
2025-01-17,10,1,2,3606,66,6.81,1,0.12,5.77,3.63,24.0,25.0,135.0,3.0,0.0,0.15,32.0,7.5,0.17,320.0,18.0,4.44,0.13,270.0,24.0,2.5,0.15,280.0,23.0,2.6,0.15,270.0,26.0,1.53,0.13,280.0,12.0,0.83,0.18,320.0,0
2025-01-17,10,2,1,5267,4,6.74,2,0.08,5.61,3.52,18.0,12.0,85.0,0.0,0.0,0.13,15.0,6.0,0.14,350.0,14.0,2.85,0.16,330.0,13.0,3.84,0.13,250.0,16.0,3.12,0.1,240.0,16.0,3.12,0.1,250.0,11.0,1.81,0.12,280.0,0
2025-01-17,10,3,5,4186,31,6.85,3,0.09,3.94,2.07,9.0,8.0,82.0,0.0,0.0,0.17,12.0,5.0,0.18,340.0,15.0,1.33,0.17,370.0,15.0,3.33,0.15,240.0,12.0,1.66,0.2,450.0,19.0,1.05,0.15,310.0,9.0,0.0,0.19,500.0,0
2025-01-17,10,4,3,4600,25,6.76,4,0.09,5.59,3.69,29.0,12.0,111.0,0.0,0.0,0.14,22.0,5.9,0.13,240.0,18.0,5.55,0.12,230.0,17.0,2.94,0.12,210.0,15.0,2.0,0.17,370.0,22.0,3.18,0.12,210.0,16.0,1.87,0.15,290.0,0
2025-01-17,10,5,4,4754,45,6.8,5,0.16,5.96,4.04,36.0,19.0,136.0,4.0,0.0,0.14,28.0,8.57,0.16,280.0,23.0,4.34,0.13,290.0,21.0,3.81,0.14,300.0,18.0,3.88,0.12,240.0,23.0,2.17,0.13,310.0,23.0,0.43,0.17,430.0,0
2025-01-17,10,6,6,3277,58,6.74,6,0.24,4.36,2.23,11.0,6.0,76.0,0.0,0.0,0.19,15.0,6.66,0.17,330.0,13.0,2.3,0.22,420.0,13.0,1.53,0.16,290.0,10.0,1.0,0.21,410.0,14.0,0.71,0.2,380.0,11.0,0.0,0.2,450.0,0
2025-01-18,4,1,3,4097,5,6.84,2,0.13,3.83,0.91,2.0,7.0,98.0,0.0,0.0,0.21,12.0,0.0,0.23,480.0,12.0,2.5,0.18,400.0,25.0,2.4,0.21,430.0,16.0,0.0,0.21,490.0,19.0,0.0,0.2,460.0,14.0,0.0,0.22,460.0,0
2025-01-18,4,2,5,5181,57,6.79,3,0.08,5.01,3.2,18.0,14.0,100.0,1.0,0.0,0.16,13.0,6.15,0.17,340.0,18.0,5.0,0.17,330.0,17.0,3.52,0.15,290.0,16.0,1.87,0.15,260.0,18.0,1.11,0.14,310.0,18.0,2.22,0.16,320.0,0
2025-01-18,4,3,1,4460,15,6.8,4,0.11,5.75,4.52,13.0,20.0,73.0,3.0,0.0,0.14,10.0,8.0,0.14,250.0,11.0,6.36,0.1,240.0,15.0,5.33,0.14,300.0,14.0,3.57,0.15,310.0,11.0,3.63,0.13,340.0,12.0,0.83,0.17,440.0,0
2025-01-18,4,4,2,4566,52,6.79,1,0.06,7.1,5.37,47.0,31.0,145.0,6.0,1.0,0.12,32.0,9.06,0.13,230.0,21.0,5.23,0.13,260.0,26.0,6.15,0.11,230.0,23.0,4.34,0.12,180.0,29.0,3.44,0.12,260.0,14.0,1.42,0.12,350.0,0
2025-01-18,4,5,6,4531,21,6.8,5,0.13,5.77,4.22,34.0,26.0,142.0,2.0,0.0,0.15,25.0,8.4,0.12,210.0,20.0,5.5,0.15,260.0,29.0,4.48,0.14,320.0,23.0,3.47,0.16,300.0,20.0,2.0,0.18,310.0,25.0,1.2,0.14,420.0,0
2025-01-18,4,6,4,3761,14,6.81,6,0.12,4.61,2.6,17.0,19.0,138.0,0.0,0.0,0.16,18.0,7.22,0.15,280.0,27.0,3.7,0.18,390.0,28.0,2.14,0.15,340.0,20.0,1.5,0.15,310.0,29.0,1.37,0.16,290.0,16.0,0.0,0.15,340.0,0
2025-01-18,5,1,5,3851,40,6.78,1,0.16,4.22,2.65,9.0,4.0,49.0,0.0,0.0,0.16,8.0,6.25,0.12,140.0,10.0,3.0,0.16,320.0,7.0,2.85,0.14,240.0,4.0,0.0,0.19,430.0,10.0,1.0,0.18,370.0,10.0,2.0,0.2,460.0,0
2025-01-18,5,2,6,4931,56,6.82,2,0.14,6.38,4.5,35.0,29.0,142.0,5.0,0.0,0.15,29.0,8.27,0.14,290.0,20.0,7.0,0.14,360.0,24.0,2.91,0.15,310.0,19.0,2.63,0.15,390.0,27.0,3.7,0.17,440.0,23.0,1.73,0.18,460.0,0
2025-01-18,5,3,1,4754,45,6.77,3,0.16,5.96,4.04,36.0,19.0,136.0,4.0,0.0,0.14,28.0,8.57,0.16,280.0,23.0,4.34,0.13,290.0,21.0,3.81,0.14,300.0,18.0,3.88,0.12,240.0,23.0,2.17,0.13,310.0,23.0,0.43,0.17,430.0,0
2025-01-18,5,4,2,4560,36,6.69,4,0.15,5.22,3.14,16.0,18.0,108.0,1.0,1.0,0.15,17.0,4.11,0.19,380.0,18.0,3.88,0.13,230.0,14.0,4.28,0.11,210.0,20.0,4.5,0.15,270.0,22.0,2.27,0.15,270.0,17.0,0.0,0.15,440.0,0
2025-01-18,5,5,4,4809,9,6.8,5,0.19,5.03,2.85,17.0,11.0,98.0,0.0,0.0,0.14,17.0,7.05,0.14,270.0,17.0,2.94,0.18,370.0,16.0,1.87,0.14,330.0,18.0,2.77,0.14,280.0,19.0,1.57,0.13,260.0,11.0,0.0,0.13,300.0,0
2025-01-18,5,6,3,3606,66,6.74,6,0.21,5.77,3.63,24.0,25.0,135.0,3.0,0.0,0.15,32.0,7.5,0.17,320.0,18.0,4.44,0.13,270.0,24.0,2.5,0.15,280.0,23.0,2.6,0.15,270.0,26.0,1.53,0.13,280.0,12.0,0.83,0.18,320.0,0
2025-01-18,7,1,2,4926,53,6.72,1,0.08,6.44,5.05,23.0,24.0,93.0,5.0,1.0,0.14,20.0,8.0,0.12,220.0,13.0,6.15,0.14,310.0,14.0,5.71,0.12,270.0,14.0,5.71,0.15,310.0,17.0,4.11,0.14,280.0,15.0,0.0,0.16,390.0,0
2025-01-18,7,2,1,4949,20,6.78,2,0.07,6.11,4.71,29.0,38.0,142.0,2.0,0.0,0.14,25.0,8.4,0.12,250.0,23.0,4.34,0.15,330.0,26.0,5.0,0.14,270.0,23.0,5.21,0.14,260.0,20.0,3.0,0.14,270.0,25.0,2.0,0.16,330.0,0
2025-01-18,7,3,3,5267,4,6.78,3,0.08,5.61,3.52,18.0,12.0,85.0,0.0,0.0,0.13,15.0,6.0,0.14,350.0,14.0,2.85,0.16,330.0,13.0,3.84,0.13,250.0,16.0,3.12,0.1,240.0,16.0,3.12,0.1,250.0,11.0,1.81,0.12,280.0,0
2025-01-18,7,4,4,4465,34,6.88,4,0.13,4.39,1.95,9.0,9.0,92.0,0.0,0.0,0.17,14.0,5.0,0.17,340.0,14.0,3.57,0.17,410.0,16.0,1.25,0.15,330.0,19.0,1.05,0.17,340.0,16.0,0.62,0.17,360.0,13.0,0.76,0.2,420.0,0
2025-01-18,7,5,5,5031,22,6.85,5,0.07,4.28,1.95,3.0,6.0,46.0,0.0,0.0,0.19,5.0,4.0,0.2,320.0,7.0,1.42,0.23,370.0,12.0,2.5,0.18,320.0,13.0,1.53,0.18,380.0,9.0,1.11,0.17,340.0,0.0,0.0,0.0,0.0,0
2025-01-18,7,6,6,3647,37,6.93,6,0.08,4.08,1.74,15.0,8.0,132.0,0.0,0.0,0.15,20.0,7.0,0.15,250.0,21.0,1.9,0.14,290.0,19.0,0.52,0.17,290.0,24.0,0.83,0.14,320.0,21.0,0.47,0.14,270.0,27.0,0.37,0.16,330.0,0
2025-01-18,9,1,2,4134,17,6.85,1,0.16,6.72,5.07,35.0,31.0,130.0,6.0,0.0,0.15,26.0,7.69,0.14,280.0,16.0,5.0,0.16,330.0,22.0,5.9,0.14,220.0,24.0,5.0,0.16,320.0,21.0,4.28,0.16,240.0,21.0,1.9,0.17,370.0,0
2025-01-18,9,2,6,4531,21,6.82,2,0.22,5.77,4.22,34.0,26.0,142.0,2.0,0.0,0.15,25.0,8.4,0.12,210.0,20.0,5.5,0.15,260.0,29.0,4.48,0.14,320.0,23.0,3.47,0.16,300.0,20.0,2.0,0.18,310.0,25.0,1.2,0.14,420.0,0
2025-01-18,9,3,4,3690,16,6.82,3,0.19,4.8,2.64,9.0,23.0,121.0,0.0,0.0,0.19,19.0,4.73,0.18,340.0,21.0,3.33,0.2,480.0,25.0,3.2,0.18,400.0,18.0,2.22,0.16,310.0,19.0,1.57,0.19,420.0,19.0,0.52,0.21,480.0,0
2025-01-18,9,4,3,3742,62,6.86,4,0.16,4.12,2.04,7.0,10.0,83.0,0.0,0.0,0.2,13.0,6.15,0.18,340.0,16.0,1.87,0.19,410.0,12.0,1.66,0.2,440.0,19.0,1.05,0.23,420.0,13.0,1.53,0.21,390.0,10.0,0.0,0.2,400.0,0
2025-01-18,9,5,1,4560,36,6.81,5,0.17,5.22,3.14,16.0,18.0,108.0,1.0,1.0,0.15,17.0,4.11,0.19,380.0,18.0,3.88,0.13,230.0,14.0,4.28,0.11,210.0,20.0,4.5,0.15,270.0,22.0,2.27,0.15,270.0,17.0,0.0,0.15,440.0,0
2025-01-18,9,6,5,4258,27,6.91,6,0.23,5.86,3.82,15.0,29.0,115.0,3.0,0.0,0.18,19.0,7.36,0.16,330.0,21.0,5.23,0.18,390.0,20.0,4.5,0.17,330.0,19.0,2.1,0.19,440.0,21.0,1.9,0.18,460.0,15.0,1.33,0.18,470.0,0
2025-01-18,11,1,2,4460,15,6.74,1,0.15,5.75,4.52,13.0,20.0,73.0,3.0,0.0,0.14,10.0,8.0,0.14,250.0,11.0,6.36,0.1,240.0,15.0,5.33,0.14,300.0,14.0,3.57,0.15,310.0,11.0,3.63,0.13,340.0,12.0,0.83,0.17,440.0,0
2025-01-18,11,2,1,4926,53,6.75,2,0.13,6.44,5.05,23.0,24.0,93.0,5.0,1.0,0.14,20.0,8.0,0.12,220.0,13.0,6.15,0.14,310.0,14.0,5.71,0.12,270.0,14.0,5.71,0.15,310.0,17.0,4.11,0.14,280.0,15.0,0.0,0.16,390.0,0
2025-01-18,11,3,3,4600,25,6.76,3,0.11,5.59,3.69,29.0,12.0,111.0,0.0,0.0,0.14,22.0,5.9,0.13,240.0,18.0,5.55,0.12,230.0,17.0,2.94,0.12,210.0,15.0,2.0,0.17,370.0,22.0,3.18,0.12,210.0,16.0,1.87,0.15,290.0,0
2025-01-18,11,4,6,5032,30,6.81,4,0.24,4.9,2.75,13.0,9.0,80.0,0.0,0.0,0.15,11.0,7.27,0.15,230.0,11.0,4.54,0.12,250.0,12.0,3.33,0.16,300.0,15.0,2.0,0.17,360.0,15.0,1.33,0.16,240.0,16.0,0.0,0.15,330.0,0
2025-01-18,11,5,5,3606,66,6.86,5,0.16,5.77,3.63,24.0,25.0,135.0,3.0,0.0,0.15,32.0,7.5,0.17,320.0,18.0,4.44,0.13,270.0,24.0,2.5,0.15,280.0,23.0,2.6,0.15,270.0,26.0,1.53,0.13,280.0,12.0,0.83,0.18,320.0,0
2025-01-18,11,6,4,4537,18,6.86,6,0.14,6.93,5.23,44.0,23.0,128.0,8.0,2.0,0.12,30.0,9.0,0.11,170.0,21.0,5.71,0.08,190.0,21.0,5.23,0.11,190.0,16.0,6.25,0.12,210.0,20.0,3.0,0.14,250.0,20.0,0.5,0.16,350.0,0
2025-01-18,12,1,4,4302,41,6.73,1,0.21,6.06,4.37,30.0,33.0,144.0,4.0,0.0,0.14,34.0,8.52,0.16,240.0,27.0,4.44,0.14,290.0,30.0,3.66,0.13,280.0,23.0,2.6,0.14,300.0,27.0,1.48,0.14,310.0,3.0,3.33,0.15,270.0,0
2025-01-18,12,2,3,4043,46,6.87,2,0.22,6.33,4.37,40.0,23.0,144.0,2.0,0.0,0.15,32.0,8.12,0.15,280.0,24.0,5.0,0.13,280.0,26.0,3.46,0.14,290.0,22.0,3.63,0.14,320.0,23.0,3.04,0.14,270.0,17.0,0.58,0.21,420.0,0
2025-01-18,12,3,6,4425,55,6.87,3,0.17,3.65,1.6,6.0,7.0,81.0,0.0,0.0,0.18,11.0,5.45,0.16,310.0,16.0,3.12,0.16,430.0,11.0,0.0,0.2,380.0,18.0,0.55,0.18,390.0,10.0,1.0,0.16,360.0,15.0,0.0,0.21,480.0,0
2025-01-18,12,4,2,4953,23,6.69,4,0.12,6.34,5.1,39.0,37.0,149.0,6.0,0.0,0.15,28.0,8.57,0.14,300.0,26.0,4.61,0.14,330.0,25.0,6.0,0.16,320.0,27.0,4.44,0.15,330.0,18.0,5.0,0.14,280.0,25.0,1.6,0.18,360.0,0
2025-01-18,12,5,1,5267,4,6.85,5,0.11,5.61,3.52,18.0,12.0,85.0,0.0,0.0,0.13,15.0,6.0,0.14,350.0,14.0,2.85,0.16,330.0,13.0,3.84,0.13,250.0,16.0,3.12,0.1,240.0,16.0,3.12,0.1,250.0,11.0,1.81,0.12,280.0,0
2025-01-18,12,6,5,4931,56,6.85,6,0.19,6.38,4.5,35.0,29.0,142.0,5.0,0.0,0.15,29.0,8.27,0.14,290.0,20.0,7.0,0.14,360.0,24.0,2.91,0.15,310.0,19.0,2.63,0.15,390.0,27.0,3.7,0.17,440.0,23.0,1.73,0.18,460.0,0
2025-01-19,1,1,6,4169,63,6.81,1,0.23,3.91,2.09,13.0,9.0,105.0,1.0,0.0,0.15,16.0,6.87,0.15,330.0,19.0,2.63,0.15,370.0,17.0,1.17,0.14,280.0,18.0,1.66,0.16,280.0,18.0,0.55,0.15,370.0,17.0,0.0,0.18,470.0,0
2025-01-19,1,2,4,3851,40,6.87,2,0.34,4.22,2.65,9.0,4.0,49.0,0.0,0.0,0.16,8.0,6.25,0.12,140.0,10.0,3.0,0.16,320.0,7.0,2.85,0.14,240.0,4.0,0.0,0.19,430.0,10.0,1.0,0.18,370.0,10.0,2.0,0.2,460.0,0
2025-01-19,1,3,1,3761,14,6.79,3,0.35,4.61,2.6,17.0,19.0,138.0,0.0,0.0,0.16,18.0,7.22,0.15,280.0,27.0,3.7,0.18,390.0,28.0,2.14,0.15,340.0,20.0,1.5,0.15,310.0,29.0,1.37,0.16,290.0,16.0,0.0,0.15,340.0,0
2025-01-19,1,4,5,5336,39,6.84,4,0.25,1.3,0.0,0.0,0.0,80.0,0.0,0.0,0.22,0.0,0.0,0.0,0.0,0.0,0.0,0.0,0.0,0.0,0.0,0.0,0.0,12.0,0.0,0.21,380.0,19.0,0.0,0.23,460.0,49.0,0.0,0.21,470.0,0
2025-01-19,1,5,2,5031,22,6.74,5,0.33,4.28,1.95,3.0,6.0,46.0,0.0,0.0,0.19,5.0,4.0,0.2,320.0,7.0,1.42,0.23,370.0,12.0,2.5,0.18,320.0,13.0,1.53,0.18,380.0,9.0,1.11,0.17,340.0,0.0,0.0,0.0,0.0,0
2025-01-19,1,6,3,4281,65,6.81,6,0.29,4.63,2.76,11.0,26.0,134.0,0.0,0.0,0.15,17.0,7.64,0.12,270.0,25.0,1.6,0.14,320.0,23.0,3.47,0.15,310.0,25.0,3.2,0.17,360.0,20.0,1.5,0.14,300.0,24.0,0.41,0.18,480.0,0
2025-01-19,4,1,5,4561,29,6.66,2,0.22,5.5,3.85,31.0,11.0,109.0,3.0,0.0,0.2,21.0,7.14,0.21,490.0,21.0,4.28,0.19,410.0,21.0,2.85,0.19,420.0,27.0,3.33,0.18,410.0,13.0,2.3,0.21,450.0,6.0,0.0,0.29,550.0,0
2025-01-19,4,2,1,4034,19,6.81,1,0.18,3.82,1.52,5.0,13.0,118.0,0.0,0.0,0.18,15.0,6.0,0.15,290.0,20.0,1.5,0.19,450.0,25.0,1.2,0.17,350.0,19.0,1.57,0.18,330.0,26.0,0.0,0.19,390.0,13.0,0.0,0.19,460.0,0
2025-01-19,4,3,2,3606,66,6.85,3,0.2,5.77,3.63,24.0,25.0,135.0,3.0,0.0,0.15,32.0,7.5,0.17,320.0,18.0,4.44,0.13,270.0,24.0,2.5,0.15,280.0,23.0,2.6,0.15,270.0,26.0,1.53,0.13,280.0,12.0,0.83,0.18,320.0,0
2025-01-19,4,4,6,4186,31,6.87,4,0.11,3.94,2.07,9.0,8.0,82.0,0.0,0.0,0.17,12.0,5.0,0.18,340.0,15.0,1.33,0.17,370.0,15.0,3.33,0.15,240.0,12.0,1.66,0.2,450.0,19.0,1.05,0.15,310.0,9.0,0.0,0.19,500.0,0
2025-01-19,4,5,4,3647,37,6.86,5,0.12,4.08,1.74,15.0,8.0,132.0,0.0,0.0,0.15,20.0,7.0,0.15,250.0,21.0,1.9,0.14,290.0,19.0,0.52,0.17,290.0,24.0,0.83,0.14,320.0,21.0,0.47,0.14,270.0,27.0,0.37,0.16,330.0,0
2025-01-19,4,6,3,4926,53,6.72,6,0.19,6.44,5.05,23.0,24.0,93.0,5.0,1.0,0.14,20.0,8.0,0.12,220.0,13.0,6.15,0.14,310.0,14.0,5.71,0.12,270.0,14.0,5.71,0.15,310.0,17.0,4.11,0.14,280.0,15.0,0.0,0.16,390.0,0
2025-01-20,2,1,6,4186,31,6.73,1,0.29,3.94,2.07,9.0,8.0,82.0,0.0,0.0,0.17,12.0,5.0,0.18,340.0,15.0,1.33,0.17,370.0,15.0,3.33,0.15,240.0,12.0,1.66,0.2,450.0,19.0,1.05,0.15,310.0,9.0,0.0,0.19,500.0,0
2025-01-20,2,2,5,4034,19,6.83,2,0.29,3.82,1.52,5.0,13.0,118.0,0.0,0.0,0.18,15.0,6.0,0.15,290.0,20.0,1.5,0.19,450.0,25.0,1.2,0.17,350.0,19.0,1.57,0.18,330.0,26.0,0.0,0.19,390.0,13.0,0.0,0.19,460.0,0
2025-01-20,2,3,1,4809,9,6.83,3,0.3,5.03,2.85,17.0,11.0,98.0,0.0,0.0,0.14,17.0,7.05,0.14,270.0,17.0,2.94,0.18,370.0,16.0,1.87,0.14,330.0,18.0,2.77,0.14,280.0,19.0,1.57,0.13,260.0,11.0,0.0,0.13,300.0,0
2025-01-20,2,4,2,3742,62,6.86,4,0.26,4.12,2.04,7.0,10.0,83.0,0.0,0.0,0.2,13.0,6.15,0.18,340.0,16.0,1.87,0.19,410.0,12.0,1.66,0.2,440.0,19.0,1.05,0.23,420.0,13.0,1.53,0.21,390.0,10.0,0.0,0.2,400.0,0
2025-01-20,2,5,3,4214,38,6.89,5,0.26,5.82,4.11,26.0,30.0,136.0,2.0,0.0,0.15,25.0,6.4,0.14,290.0,23.0,5.65,0.15,360.0,20.0,4.5,0.14,340.0,29.0,4.13,0.14,300.0,22.0,1.36,0.14,300.0,17.0,1.76,0.17,420.0,0
2025-01-20,2,6,4,4169,63,6.84,6,0.28,3.91,2.09,13.0,9.0,105.0,1.0,0.0,0.15,16.0,6.87,0.15,330.0,19.0,2.63,0.15,370.0,17.0,1.17,0.14,280.0,18.0,1.66,0.16,280.0,18.0,0.55,0.15,370.0,17.0,0.0,0.18,470.0,0
2025-01-20,6,1,4,4561,29,6.68,1,0.19,5.5,3.85,31.0,11.0,109.0,3.0,0.0,0.2,21.0,7.14,0.21,490.0,21.0,4.28,0.19,410.0,21.0,2.85,0.19,420.0,27.0,3.33,0.18,410.0,13.0,2.3,0.21,450.0,6.0,0.0,0.29,550.0,0
2025-01-20,6,2,6,5031,22,6.9,2,0.19,4.28,1.95,3.0,6.0,46.0,0.0,0.0,0.19,5.0,4.0,0.2,320.0,7.0,1.42,0.23,370.0,12.0,2.5,0.18,320.0,13.0,1.53,0.18,380.0,9.0,1.11,0.17,340.0,0.0,0.0,0.0,0.0,0
2025-01-20,6,3,1,5267,4,6.77,3,0.06,5.61,3.52,18.0,12.0,85.0,0.0,0.0,0.13,15.0,6.0,0.14,350.0,14.0,2.85,0.16,330.0,13.0,3.84,0.13,250.0,16.0,3.12,0.1,240.0,16.0,3.12,0.1,250.0,11.0,1.81,0.12,280.0,0
2025-01-20,6,4,3,3955,10,6.81,4,0.18,5.55,3.26,19.0,14.0,101.0,0.0,0.0,0.18,15.0,7.33,0.15,340.0,18.0,3.88,0.16,310.0,19.0,4.73,0.16,330.0,16.0,1.25,0.19,360.0,21.0,1.42,0.21,430.0,12.0,0.83,0.22,490.0,0
2025-01-20,6,5,2,4809,9,6.88,5,0.08,5.03,2.85,17.0,11.0,98.0,0.0,0.0,0.14,17.0,7.05,0.14,270.0,17.0,2.94,0.18,370.0,16.0,1.87,0.14,330.0,18.0,2.77,0.14,280.0,19.0,1.57,0.13,260.0,11.0,0.0,0.13,300.0,0
2025-01-20,6,6,5,3851,40,6.89,6,0.15,4.22,2.65,9.0,4.0,49.0,0.0,0.0,0.16,8.0,6.25,0.12,140.0,10.0,3.0,0.16,320.0,7.0,2.85,0.14,240.0,4.0,0.0,0.19,430.0,10.0,1.0,0.18,370.0,10.0,2.0,0.2,460.0,0
2025-01-20,9,1,2,4931,56,6.8,1,0.12,6.38,4.5,35.0,29.0,142.0,5.0,0.0,0.15,29.0,8.27,0.14,290.0,20.0,7.0,0.14,360.0,24.0,2.91,0.15,310.0,19.0,2.63,0.15,390.0,27.0,3.7,0.17,440.0,23.0,1.73,0.18,460.0,0
2025-01-20,9,2,6,3647,37,6.84,2,0.14,4.08,1.74,15.0,8.0,132.0,0.0,0.0,0.15,20.0,7.0,0.15,250.0,21.0,1.9,0.14,290.0,19.0,0.52,0.17,290.0,24.0,0.83,0.14,320.0,21.0,0.47,0.14,270.0,27.0,0.37,0.16,330.0,0
2025-01-20,9,3,1,3690,16,6.87,3,0.12,4.8,2.64,9.0,23.0,121.0,0.0,0.0,0.19,19.0,4.73,0.18,340.0,21.0,3.33,0.2,480.0,25.0,3.2,0.18,400.0,18.0,2.22,0.16,310.0,19.0,1.57,0.19,420.0,19.0,0.52,0.21,480.0,0
2025-01-20,9,4,4,4465,34,6.89,4,0.15,4.39,1.95,9.0,9.0,92.0,0.0,0.0,0.17,14.0,5.0,0.17,340.0,14.0,3.57,0.17,410.0,16.0,1.25,0.15,330.0,19.0,1.05,0.17,340.0,16.0,0.62,0.17,360.0,13.0,0.76,0.2,420.0,0
2025-01-20,9,5,3,5181,57,6.86,5,0.14,5.01,3.2,18.0,14.0,100.0,1.0,0.0,0.16,13.0,6.15,0.17,340.0,18.0,5.0,0.17,330.0,17.0,3.52,0.15,290.0,16.0,1.87,0.15,260.0,18.0,1.11,0.14,310.0,18.0,2.22,0.16,320.0,0
2025-01-20,9,6,5,4531,21,6.86,6,0.17,5.77,4.22,34.0,26.0,142.0,2.0,0.0,0.15,25.0,8.4,0.12,210.0,20.0,5.5,0.15,260.0,29.0,4.48,0.14,320.0,23.0,3.47,0.16,300.0,20.0,2.0,0.18,310.0,25.0,1.2,0.14,420.0,0
2025-01-20,10,1,4,4560,36,6.74,1,0.18,5.22,3.14,16.0,18.0,108.0,1.0,1.0,0.15,17.0,4.11,0.19,380.0,18.0,3.88,0.13,230.0,14.0,4.28,0.11,210.0,20.0,4.5,0.15,270.0,22.0,2.27,0.15,270.0,17.0,0.0,0.15,440.0,0
2025-01-20,10,2,6,4953,23,6.78,2,0.22,6.34,5.1,39.0,37.0,149.0,6.0,0.0,0.15,28.0,8.57,0.14,300.0,26.0,4.61,0.14,330.0,25.0,6.0,0.16,320.0,27.0,4.44,0.15,330.0,18.0,5.0,0.14,280.0,25.0,1.6,0.18,360.0,0
2025-01-20,10,3,2,3955,10,6.83,3,0.19,5.55,3.26,19.0,14.0,101.0,0.0,0.0,0.18,15.0,7.33,0.15,340.0,18.0,3.88,0.16,310.0,19.0,4.73,0.16,330.0,16.0,1.25,0.19,360.0,21.0,1.42,0.21,430.0,12.0,0.83,0.22,490.0,0
2025-01-20,10,4,5,4034,19,6.83,4,0.18,3.82,1.52,5.0,13.0,118.0,0.0,0.0,0.18,15.0,6.0,0.15,290.0,20.0,1.5,0.19,450.0,25.0,1.2,0.17,350.0,19.0,1.57,0.18,330.0,26.0,0.0,0.19,390.0,13.0,0.0,0.19,460.0,0
2025-01-20,10,5,3,4134,17,6.84,6,0.16,6.72,5.07,35.0,31.0,130.0,6.0,0.0,0.15,26.0,7.69,0.14,280.0,16.0,5.0,0.16,330.0,22.0,5.9,0.14,220.0,24.0,5.0,0.16,320.0,21.0,4.28,0.16,240.0,21.0,1.9,0.17,370.0,0
2025-01-20,10,6,1,4561,29,6.59,5,0.09,5.5,3.85,31.0,11.0,109.0,3.0,0.0,0.2,21.0,7.14,0.21,490.0,21.0,4.28,0.19,410.0,21.0,2.85,0.19,420.0,27.0,3.33,0.18,410.0,13.0,2.3,0.21,450.0,6.0,0.0,0.29,550.0,0
2025-01-20,11,1,2,4537,18,6.81,1,0.07,6.93,5.23,44.0,23.0,128.0,8.0,2.0,0.12,30.0,9.0,0.11,170.0,21.0,5.71,0.08,190.0,21.0,5.23,0.11,190.0,16.0,6.25,0.12,210.0,20.0,3.0,0.14,250.0,20.0,0.5,0.16,350.0,0
2025-01-20,11,2,5,5267,4,6.8,2,0.09,5.61,3.52,18.0,12.0,85.0,0.0,0.0,0.13,15.0,6.0,0.14,350.0,14.0,2.85,0.16,330.0,13.0,3.84,0.13,250.0,16.0,3.12,0.1,240.0,16.0,3.12,0.1,250.0,11.0,1.81,0.12,280.0,0
2025-01-20,11,3,1,4566,52,6.96,3,0.1,7.1,5.37,47.0,31.0,145.0,6.0,1.0,0.12,32.0,9.06,0.13,230.0,21.0,5.23,0.13,260.0,26.0,6.15,0.11,230.0,23.0,4.34,0.12,180.0,29.0,3.44,0.12,260.0,14.0,1.42,0.12,350.0,0
2025-01-20,11,4,3,4754,45,6.85,4,0.13,5.96,4.04,36.0,19.0,136.0,4.0,0.0,0.14,28.0,8.57,0.16,280.0,23.0,4.34,0.13,290.0,21.0,3.81,0.14,300.0,18.0,3.88,0.12,240.0,23.0,2.17,0.13,310.0,23.0,0.43,0.17,430.0,0
2025-01-20,11,5,4,4302,41,6.88,5,0.14,6.06,4.37,30.0,33.0,144.0,4.0,0.0,0.14,34.0,8.52,0.16,240.0,27.0,4.44,0.14,290.0,30.0,3.66,0.13,280.0,23.0,2.6,0.14,300.0,27.0,1.48,0.14,310.0,3.0,3.33,0.15,270.0,0
2025-01-20,11,6,6,5032,30,6.88,6,0.19,4.9,2.75,13.0,9.0,80.0,0.0,0.0,0.15,11.0,7.27,0.15,230.0,11.0,4.54,0.12,250.0,12.0,3.33,0.16,300.0,15.0,2.0,0.17,360.0,15.0,1.33,0.16,240.0,16.0,0.0,0.15,330.0,0
2025-01-25,3,1,6,4527,5,6.77,1,0.28,4.16,2.22,7.0,13.0,90.0,1.0,0.0,0.17,14.0,5.71,0.16,310.0,15.0,2.0,0.15,380.0,14.0,2.14,0.15,350.0,16.0,3.12,0.19,360.0,15.0,0.66,0.18,350.0,16.0,0.0,0.2,470.0,0
2025-01-25,3,2,2,3855,22,6.77,3,0.23,3.57,1.23,5.0,7.0,97.0,0.0,0.0,0.23,14.0,4.28,0.2,400.0,15.0,1.33,0.21,450.0,21.0,0.47,0.22,410.0,15.0,1.33,0.18,390.0,16.0,0.62,0.27,480.0,16.0,0.0,0.27,540.0,0
2025-01-25,3,3,5,5317,8,6.78,4,0.26,2.77,0.88,1.0,8.0,102.0,0.0,0.0,0.21,0.0,0.0,0.0,0.0,0.0,0.0,0.0,0.0,0.0,0.0,0.0,0.0,26.0,1.15,0.22,500.0,29.0,1.03,0.2,460.0,47.0,0.63,0.22,480.0,0
2025-01-25,3,4,1,3920,7,6.76,2,0.19,,,,,,,,,,,,,,,,,,,,,,,,,,,,,,,,,0
2025-01-25,3,5,4,3898,50,6.84,5,0.32,7.12,5.23,39.0,27.0,126.0,7.0,2.0,0.13,32.0,8.75,0.12,250.0,21.0,5.71,0.14,330.0,15.0,5.33,0.14,270.0,18.0,5.55,0.13,330.0,27.0,2.59,0.13,310.0,13.0,0.76,0.14,320.0,0
2025-01-25,3,6,3,3475,3,6.84,6,0.33,5.48,3.44,21.0,19.0,116.0,0.0,0.0,0.17,23.0,7.39,0.18,380.0,21.0,3.81,0.16,400.0,21.0,2.85,0.15,290.0,15.0,2.66,0.16,310.0,22.0,2.27,0.16,330.0,14.0,0.0,0.2,480.0,0
2025-01-25,4,1,4,4203,14,6.78,1,0.11,4.33,2.42,8.0,9.0,70.0,0.0,0.0,0.16,13.0,7.69,0.1,240.0,13.0,1.53,0.22,400.0,11.0,0.0,0.15,310.0,9.0,2.22,0.14,320.0,12.0,2.5,0.17,350.0,12.0,0.0,0.17,350.0,0
2025-01-25,4,2,1,4690,43,6.72,2,0.13,5.78,3.41,15.0,12.0,79.0,1.0,0.0,0.16,12.0,6.66,0.15,260.0,13.0,5.38,0.14,320.0,18.0,4.44,0.13,280.0,14.0,1.42,0.19,400.0,15.0,0.66,0.18,390.0,7.0,1.42,0.18,340.0,0
2025-01-25,4,3,3,4254,32,6.69,3,0.11,5.75,4.03,28.0,26.0,134.0,2.0,0.0,0.13,24.0,9.58,0.1,150.0,21.0,5.23,0.13,210.0,23.0,2.6,0.14,240.0,22.0,5.45,0.13,300.0,23.0,0.43,0.14,300.0,21.0,0.47,0.16,370.0,0
2025-01-25,4,4,5,5274,26,6.77,4,0.18,4.27,2.52,12.0,11.0,91.0,0.0,0.0,0.18,10.0,5.0,0.21,410.0,15.0,2.0,0.22,420.0,19.0,3.15,0.15,290.0,13.0,1.53,0.14,290.0,17.0,2.35,0.17,290.0,17.0,1.76,0.17,370.0,0
2025-01-25,4,5,6,5309,30,6.81,5,0.14,1.46,0.0,0.0,0.0,61.0,0.0,0.0,0.16,0.0,0.0,0.0,0.0,0.0,0.0,0.0,0.0,0.0,0.0,0.0,0.0,0.0,0.0,0.0,0.0,14.0,0.0,0.17,310.0,47.0,0.0,0.16,320.0,0
2025-01-25,4,6,2,4084,49,6.81,6,0.16,7.02,5.24,52.0,34.0,164.0,9.0,1.0,0.15,36.0,8.33,0.17,340.0,27.0,6.29,0.15,360.0,23.0,6.52,0.13,270.0,31.0,4.51,0.15,300.0,25.0,3.2,0.14,330.0,22.0,0.9,0.16,400.0,0
2025-01-25,5,1,6,3947,34,6.72,1,0.12,4.72,2.43,9.0,11.0,82.0,0.0,0.0,0.17,14.0,5.71,0.15,370.0,12.0,2.5,0.17,370.0,17.0,1.17,0.18,380.0,19.0,2.63,0.17,340.0,9.0,1.11,0.16,370.0,11.0,0.9,0.18,340.0,0
2025-01-25,5,2,3,4447,20,6.79,2,0.11,5.85,4.38,23.0,34.0,130.0,4.0,1.0,0.15,29.0,6.89,0.13,230.0,15.0,4.66,0.17,340.0,28.0,6.07,0.15,280.0,20.0,3.5,0.15,240.0,18.0,1.66,0.15,270.0,20.0,1.5,0.15,300.0,0
2025-01-25,5,3,1,4856,58,6.76,3,0.18,7.04,5.27,52.0,26.0,148.0,7.0,5.0,0.14,36.0,8.33,0.13,230.0,25.0,6.4,0.17,290.0,19.0,6.31,0.14,310.0,25.0,3.6,0.14,340.0,26.0,3.46,0.14,300.0,17.0,1.17,0.16,370.0,0
2025-01-25,5,4,2,4154,15,6.78,4,0.23,5.09,3.02,15.0,18.0,109.0,1.0,0.0,0.18,15.0,6.0,0.15,330.0,21.0,4.76,0.17,360.0,17.0,2.94,0.17,360.0,17.0,3.52,0.18,370.0,21.0,0.95,0.2,400.0,18.0,0.55,0.23,510.0,0
2025-01-25,5,5,5,5157,28,6.73,5,0.17,3.89,1.4,10.0,7.0,121.0,0.0,0.0,0.16,19.0,4.21,0.14,280.0,20.0,0.0,0.18,400.0,18.0,2.77,0.16,350.0,23.0,1.3,0.16,350.0,21.0,0.47,0.15,280.0,20.0,0.0,0.16,330.0,0
2025-01-25,5,6,4,4798,33,6.77,6,0.18,6.15,3.64,19.0,20.0,107.0,3.0,1.0,0.16,23.0,6.52,0.16,250.0,13.0,3.84,0.14,320.0,18.0,3.88,0.15,290.0,22.0,3.18,0.15,300.0,12.0,2.5,0.15,380.0,19.0,1.05,0.17,360.0,0
2025-01-25,6,1,2,3771,55,6.79,1,0.16,5.46,3.58,16.0,22.0,106.0,1.0,0.0,0.14,19.0,8.42,0.14,190.0,17.0,4.7,0.13,250.0,21.0,2.85,0.13,300.0,20.0,2.0,0.14,300.0,16.0,1.87,0.14,230.0,13.0,0.76,0.14,320.0,0
2025-01-25,6,2,4,4244,57,6.76,2,0.18,4.4,2.36,8.0,13.0,89.0,0.0,0.0,0.13,13.0,6.15,0.14,280.0,17.0,1.17,0.14,260.0,18.0,3.33,0.09,220.0,14.0,1.42,0.11,240.0,16.0,1.87,0.12,250.0,11.0,0.0,0.15,390.0,0
2025-01-25,6,3,1,4344,41,6.8,3,0.19,7.15,5.29,37.0,26.0,119.0,4.0,2.0,0.14,26.0,9.61,0.12,280.0,22.0,4.09,0.14,330.0,19.0,4.73,0.11,280.0,22.0,5.45,0.14,330.0,21.0,3.33,0.18,360.0,9.0,1.11,0.19,470.0,0
2025-01-25,6,4,3,4095,27,6.77,4,0.21,6.43,4.25,35.0,25.0,141.0,4.0,1.0,0.14,25.0,7.6,0.13,300.0,20.0,6.0,0.13,240.0,26.0,3.46,0.15,290.0,24.0,2.91,0.14,300.0,24.0,4.16,0.15,280.0,22.0,1.36,0.16,410.0,0
2025-01-25,6,5,5,4747,17,6.8,5,0.2,4.08,1.74,9.0,10.0,109.0,0.0,0.0,0.16,12.0,4.16,0.19,390.0,23.0,1.73,0.14,260.0,19.0,2.1,0.17,320.0,17.0,1.76,0.17,280.0,24.0,1.25,0.14,240.0,14.0,0.0,0.18,340.0,0
2025-01-25,6,6,6,3974,1,6.81,6,0.18,4.4,2.8,8.0,20.0,100.0,0.0,0.0,0.15,13.0,7.69,0.14,260.0,18.0,5.0,0.15,340.0,15.0,1.33,0.17,350.0,17.0,1.76,0.17,330.0,19.0,1.57,0.13,350.0,18.0,0.55,0.15,330.0,0
2025-01-25,12,1,6,4344,41,6.73,1,0.27,7.15,5.29,37.0,26.0,119.0,4.0,2.0,0.14,26.0,9.61,0.12,280.0,22.0,4.09,0.14,330.0,19.0,4.73,0.11,280.0,22.0,5.45,0.14,330.0,21.0,3.33,0.18,360.0,9.0,1.11,0.19,470.0,0
2025-01-25,12,2,4,4019,12,6.77,2,0.25,6.54,4.47,32.0,23.0,123.0,4.0,1.0,0.17,23.0,8.26,0.16,400.0,18.0,4.44,0.17,460.0,20.0,5.0,0.17,350.0,19.0,5.26,0.16,360.0,20.0,2.0,0.17,420.0,23.0,1.73,0.2,490.0,0
2025-01-25,12,3,3,3898,50,6.8,3,0.21,7.12,5.23,39.0,27.0,126.0,7.0,2.0,0.13,32.0,8.75,0.12,250.0,21.0,5.71,0.14,330.0,15.0,5.33,0.14,270.0,18.0,5.55,0.13,330.0,27.0,2.59,0.13,310.0,13.0,0.76,0.14,320.0,0
2025-01-25,12,4,1,4084,49,6.81,4,0.19,7.02,5.24,52.0,34.0,164.0,9.0,1.0,0.15,36.0,8.33,0.17,340.0,27.0,6.29,0.15,360.0,23.0,6.52,0.13,270.0,31.0,4.51,0.15,300.0,25.0,3.2,0.14,330.0,22.0,0.9,0.16,400.0,0
2025-01-25,12,5,2,4033,59,6.74,5,0.18,6.24,4.88,32.0,30.0,127.0,6.0,0.0,0.14,23.0,9.13,0.14,290.0,18.0,6.66,0.15,290.0,24.0,5.0,0.14,290.0,22.0,5.9,0.13,220.0,23.0,1.73,0.15,320.0,16.0,0.0,0.15,380.0,0
2025-01-25,12,6,5,4856,58,6.84,6,0.25,7.04,5.27,52.0,26.0,148.0,7.0,5.0,0.14,36.0,8.33,0.13,230.0,25.0,6.4,0.17,290.0,19.0,6.31,0.14,310.0,25.0,3.6,0.14,340.0,26.0,3.46,0.14,300.0,17.0,1.17,0.16,370.0,0
2025-01-26,3,1,6,4747,17,6.79,1,0.17,4.08,1.74,9.0,10.0,109.0,0.0,0.0,0.16,12.0,4.16,0.19,390.0,23.0,1.73,0.14,260.0,19.0,2.1,0.17,320.0,17.0,1.76,0.17,280.0,24.0,1.25,0.14,240.0,14.0,0.0,0.18,340.0,0
2025-01-26,3,2,1,3188,47,6.71,2,0.05,6.09,4.12,24.0,37.0,148.0,3.0,0.0,0.16,34.0,7.35,0.15,310.0,24.0,3.75,0.19,380.0,20.0,5.5,0.16,300.0,31.0,2.9,0.16,370.0,23.0,1.73,0.15,320.0,16.0,1.87,0.16,380.0,0
2025-01-26,3,3,3,3947,34,6.83,3,0.11,4.72,2.43,9.0,11.0,82.0,0.0,0.0,0.17,14.0,5.71,0.15,370.0,12.0,2.5,0.17,370.0,17.0,1.17,0.18,380.0,19.0,2.63,0.17,340.0,9.0,1.11,0.16,370.0,11.0,0.9,0.18,340.0,0
2025-01-26,3,4,5,4346,60,6.8,6,0.16,4.32,2.76,21.0,15.0,130.0,2.0,0.0,0.15,16.0,5.62,0.13,240.0,23.0,2.6,0.19,400.0,23.0,3.91,0.14,280.0,17.0,2.94,0.15,260.0,26.0,1.53,0.16,310.0,25.0,1.2,0.13,310.0,0
2025-01-26,3,5,4,5317,8,6.82,4,0.11,2.77,0.88,1.0,8.0,102.0,0.0,0.0,0.21,0.0,0.0,0.0,0.0,0.0,0.0,0.0,0.0,0.0,0.0,0.0,0.0,26.0,1.15,0.22,500.0,29.0,1.03,0.2,460.0,47.0,0.63,0.22,480.0,0
2025-01-26,3,6,2,4650,37,6.85,5,0.08,6.54,4.85,44.0,21.0,134.0,3.0,0.0,0.14,27.0,10.0,0.13,240.0,23.0,5.21,0.16,310.0,22.0,4.09,0.14,280.0,23.0,3.04,0.14,300.0,24.0,2.91,0.15,280.0,15.0,2.0,0.15,300.0,0
2025-01-26,4,1,4,3054,38,6.83,1,0.12,4.76,2.8,10.0,4.0,50.0,0.0,0.0,0.18,12.0,8.33,0.17,330.0,5.0,4.0,0.21,400.0,7.0,1.42,0.19,410.0,8.0,1.25,0.15,390.0,8.0,0.0,0.18,460.0,9.0,0.0,0.19,460.0,0
2025-01-26,4,2,3,4894,61,6.83,2,0.19,5.11,3.17,19.0,21.0,126.0,2.0,0.0,0.15,18.0,7.22,0.15,300.0,23.0,3.91,0.14,290.0,24.0,2.5,0.15,260.0,25.0,2.8,0.13,260.0,21.0,2.38,0.15,270.0,15.0,0.0,0.16,400.0,0
2025-01-26,4,3,6,4203,14,6.83,3,0.08,4.33,2.42,8.0,9.0,70.0,0.0,0.0,0.16,13.0,7.69,0.1,240.0,13.0,1.53,0.22,400.0,11.0,0.0,0.15,310.0,9.0,2.22,0.14,320.0,12.0,2.5,0.17,350.0,12.0,0.0,0.17,350.0,0
2025-01-26,4,4,1,3974,1,6.8,4,0.11,4.4,2.8,8.0,20.0,100.0,0.0,0.0,0.15,13.0,7.69,0.14,260.0,18.0,5.0,0.15,340.0,15.0,1.33,0.17,350.0,17.0,1.76,0.17,330.0,19.0,1.57,0.13,350.0,18.0,0.55,0.15,330.0,0
2025-01-26,4,5,2,4470,56,6.85,5,0.11,6.45,4.96,28.0,37.0,131.0,5.0,0.0,0.15,22.0,9.09,0.12,220.0,21.0,5.23,0.15,290.0,23.0,5.21,0.14,240.0,25.0,4.0,0.15,260.0,27.0,4.07,0.17,320.0,13.0,0.76,0.15,320.0,0
2025-01-26,4,6,5,4447,20,6.89,6,0.11,5.85,4.38,23.0,34.0,130.0,4.0,1.0,0.15,29.0,6.89,0.13,230.0,15.0,4.66,0.17,340.0,28.0,6.07,0.15,280.0,20.0,3.5,0.15,240.0,18.0,1.66,0.15,270.0,20.0,1.5,0.15,300.0,0
2025-01-26,9,1,5,4254,32,6.69,1,0.13,5.75,4.03,28.0,26.0,134.0,2.0,0.0,0.13,24.0,9.58,0.1,150.0,21.0,5.23,0.13,210.0,23.0,2.6,0.14,240.0,22.0,5.45,0.13,300.0,23.0,0.43,0.14,300.0,21.0,0.47,0.16,370.0,0
2025-01-26,9,2,1,4095,27,6.88,3,0.15,6.43,4.25,35.0,25.0,141.0,4.0,1.0,0.14,25.0,7.6,0.13,300.0,20.0,6.0,0.13,240.0,26.0,3.46,0.15,290.0,24.0,2.91,0.14,300.0,24.0,4.16,0.15,280.0,22.0,1.36,0.16,410.0,0
2025-01-26,9,3,6,5274,26,6.88,4,0.25,4.27,2.52,12.0,11.0,91.0,0.0,0.0,0.18,10.0,5.0,0.21,410.0,15.0,2.0,0.22,420.0,19.0,3.15,0.15,290.0,13.0,1.53,0.14,290.0,17.0,2.35,0.17,290.0,17.0,1.76,0.17,370.0,0
2025-01-26,9,4,4,3947,34,6.87,2,0.26,4.72,2.43,9.0,11.0,82.0,0.0,0.0,0.17,14.0,5.71,0.15,370.0,12.0,2.5,0.17,370.0,17.0,1.17,0.18,380.0,19.0,2.63,0.17,340.0,9.0,1.11,0.16,370.0,11.0,0.9,0.18,340.0,0
2025-01-26,9,5,2,4344,41,6.78,5,0.12,7.15,5.29,37.0,26.0,119.0,4.0,2.0,0.14,26.0,9.61,0.12,280.0,22.0,4.09,0.14,330.0,19.0,4.73,0.11,280.0,22.0,5.45,0.14,330.0,21.0,3.33,0.18,360.0,9.0,1.11,0.19,470.0,0
2025-01-26,9,6,3,4894,61,6.8,6,0.19,5.11,3.17,19.0,21.0,126.0,2.0,0.0,0.15,18.0,7.22,0.15,300.0,23.0,3.91,0.14,290.0,24.0,2.5,0.15,260.0,25.0,2.8,0.13,260.0,21.0,2.38,0.15,270.0,15.0,0.0,0.16,400.0,0
2025-01-27,1,1,4,5155,24,6.85,1,0.19,0.0,0.0,0.0,0.0,0.0,0.0,0.0,0.0,0.0,0.0,0.0,0.0,0.0,0.0,0.0,0.0,0.0,0.0,0.0,0.0,0.0,0.0,0.0,0.0,0.0,0.0,0.0,0.0,0.0,0.0,0.0,0.0,0
2025-01-27,1,2,5,4519,65,6.84,2,0.3,4.96,3.21,15.0,21.0,112.0,1.0,0.0,0.15,20.0,6.0,0.17,280.0,19.0,3.68,0.16,310.0,22.0,2.72,0.13,310.0,22.0,2.72,0.16,310.0,13.0,2.3,0.14,220.0,16.0,1.25,0.13,340.0,0
2025-01-27,1,3,2,4894,61,6.89,3,0.19,5.11,3.17,19.0,21.0,126.0,2.0,0.0,0.15,18.0,7.22,0.15,300.0,23.0,3.91,0.14,290.0,24.0,2.5,0.15,260.0,25.0,2.8,0.13,260.0,21.0,2.38,0.15,270.0,15.0,0.0,0.16,400.0,0
2025-01-27,1,4,1,4244,57,6.83,4,0.18,4.4,2.36,8.0,13.0,89.0,0.0,0.0,0.13,13.0,6.15,0.14,280.0,17.0,1.17,0.14,260.0,18.0,3.33,0.09,220.0,14.0,1.42,0.11,240.0,16.0,1.87,0.12,250.0,11.0,0.0,0.15,390.0,0
2025-01-27,1,5,3,5317,8,6.9,5,0.25,2.77,0.88,1.0,8.0,102.0,0.0,0.0,0.21,0.0,0.0,0.0,0.0,0.0,0.0,0.0,0.0,0.0,0.0,0.0,0.0,26.0,1.15,0.22,500.0,29.0,1.03,0.2,460.0,47.0,0.63,0.22,480.0,0
2025-01-27,1,6,6,5370,44,6.84,6,0.33,0.0,0.0,0.0,0.0,0.0,0.0,0.0,0.0,0.0,0.0,0.0,0.0,0.0,0.0,0.0,0.0,0.0,0.0,0.0,0.0,0.0,0.0,0.0,0.0,0.0,0.0,0.0,0.0,0.0,0.0,0.0,0.0,0
2025-01-27,3,1,5,3313,62,6.84,1,0.33,4.44,2.66,9.0,19.0,105.0,0.0,0.0,0.18,16.0,6.87,0.17,370.0,21.0,3.33,0.16,360.0,13.0,3.07,0.15,270.0,18.0,1.11,0.2,410.0,19.0,2.1,0.19,390.0,18.0,0.0,0.22,460.0,0
2025-01-27,3,2,2,3967,11,6.93,2,0.25,4.89,2.76,8.0,21.0,105.0,1.0,0.0,0.2,13.0,7.69,0.21,350.0,20.0,2.5,0.17,380.0,20.0,3.0,0.2,390.0,10.0,0.0,0.17,410.0,23.0,2.17,0.19,380.0,19.0,1.57,0.24,490.0,0
2025-01-27,3,3,6,3989,2,6.96,3,0.21,4.03,1.95,5.0,14.0,97.0,0.0,0.0,0.2,14.0,5.0,0.17,360.0,15.0,4.0,0.2,480.0,16.0,3.12,0.18,430.0,11.0,0.9,0.19,460.0,24.0,0.0,0.2,530.0,17.0,0.0,0.27,520.0,0
2025-01-27,3,4,1,3054,38,6.95,4,0.15,4.76,2.8,10.0,4.0,50.0,0.0,0.0,0.18,12.0,8.33,0.17,330.0,5.0,4.0,0.21,400.0,7.0,1.42,0.19,410.0,8.0,1.25,0.15,390.0,8.0,0.0,0.18,460.0,9.0,0.0,0.19,460.0,0
2025-01-27,3,5,3,3188,47,6.82,5,0.19,6.09,4.12,24.0,37.0,148.0,3.0,0.0,0.16,34.0,7.35,0.15,310.0,24.0,3.75,0.19,380.0,20.0,5.5,0.16,300.0,31.0,2.9,0.16,370.0,23.0,1.73,0.15,320.0,16.0,1.87,0.16,380.0,0
2025-01-27,3,6,4,4095,27,6.9,6,0.35,6.43,4.25,35.0,25.0,141.0,4.0,1.0,0.14,25.0,7.6,0.13,300.0,20.0,6.0,0.13,240.0,26.0,3.46,0.15,290.0,24.0,2.91,0.14,300.0,24.0,4.16,0.15,280.0,22.0,1.36,0.16,410.0,0
2025-01-27,4,1,4,5274,26,6.85,1,0.09,4.27,2.52,12.0,11.0,91.0,0.0,0.0,0.18,10.0,5.0,0.21,410.0,15.0,2.0,0.22,420.0,19.0,3.15,0.15,290.0,13.0,1.53,0.14,290.0,17.0,2.35,0.17,290.0,17.0,1.76,0.17,370.0,0
2025-01-27,4,2,5,3974,1,6.85,2,0.01,4.4,2.8,8.0,20.0,100.0,0.0,0.0,0.15,13.0,7.69,0.14,260.0,18.0,5.0,0.15,340.0,15.0,1.33,0.17,350.0,17.0,1.76,0.17,330.0,19.0,1.57,0.13,350.0,18.0,0.55,0.15,330.0,0
2025-01-27,4,3,1,4823,10,6.78,3,0.08,0.0,0.0,0.0,0.0,0.0,0.0,0.0,0.0,0.0,0.0,0.0,0.0,0.0,0.0,0.0,0.0,0.0,0.0,0.0,0.0,0.0,0.0,0.0,0.0,0.0,0.0,0.0,0.0,0.0,0.0,0.0,0.0,0
2025-01-27,4,4,2,4033,59,6.77,4,0.14,6.24,4.88,32.0,30.0,127.0,6.0,0.0,0.14,23.0,9.13,0.14,290.0,18.0,6.66,0.15,290.0,24.0,5.0,0.14,290.0,22.0,5.9,0.13,220.0,23.0,1.73,0.15,320.0,16.0,0.0,0.15,380.0,0
2025-01-27,4,5,3,4203,14,6.83,5,0.17,4.33,2.42,8.0,9.0,70.0,0.0,0.0,0.16,13.0,7.69,0.1,240.0,13.0,1.53,0.22,400.0,11.0,0.0,0.15,310.0,9.0,2.22,0.14,320.0,12.0,2.5,0.17,350.0,12.0,0.0,0.17,350.0,0
2025-01-27,4,6,6,4608,48,6.91,6,0.16,5.68,3.68,17.0,18.0,95.0,3.0,0.0,0.14,15.0,8.0,0.13,240.0,16.0,2.5,0.14,320.0,18.0,3.88,0.14,250.0,14.0,5.71,0.14,290.0,15.0,1.33,0.17,400.0,16.0,1.25,0.14,300.0,0
2025-01-27,5,1,4,4519,65,6.82,1,0.2,4.96,3.21,15.0,21.0,112.0,1.0,0.0,0.15,20.0,6.0,0.17,280.0,19.0,3.68,0.16,310.0,22.0,2.72,0.13,310.0,22.0,2.72,0.16,310.0,13.0,2.3,0.14,220.0,16.0,1.25,0.13,340.0,0
2025-01-27,5,2,1,4084,49,6.82,2,0.11,7.02,5.24,52.0,34.0,164.0,9.0,1.0,0.15,36.0,8.33,0.17,340.0,27.0,6.29,0.15,360.0,23.0,6.52,0.13,270.0,31.0,4.51,0.15,300.0,25.0,3.2,0.14,330.0,22.0,0.9,0.16,400.0,0
2025-01-27,5,3,2,4154,15,6.84,3,0.17,5.09,3.02,15.0,18.0,109.0,1.0,0.0,0.18,15.0,6.0,0.15,330.0,21.0,4.76,0.17,360.0,17.0,2.94,0.17,360.0,17.0,3.52,0.18,370.0,21.0,0.95,0.2,400.0,18.0,0.55,0.23,510.0,0
2025-01-27,5,4,5,4466,54,6.84,4,0.23,5.53,3.0,15.0,19.0,113.0,0.0,0.0,0.17,16.0,9.37,0.14,310.0,18.0,3.88,0.14,310.0,26.0,1.53,0.16,340.0,19.0,1.57,0.18,350.0,19.0,2.1,0.19,400.0,15.0,0.66,0.22,490.0,0
2025-01-27,5,5,3,4798,33,6.88,6,0.17,6.15,3.64,19.0,20.0,107.0,3.0,1.0,0.16,23.0,6.52,0.16,250.0,13.0,3.84,0.14,320.0,18.0,3.88,0.15,290.0,22.0,3.18,0.15,300.0,12.0,2.5,0.15,380.0,19.0,1.05,0.17,360.0,0
2025-01-27,5,6,6,3293,51,6.91,5,0.21,4.13,1.62,4.0,10.0,86.0,1.0,0.0,0.19,14.0,5.71,0.15,310.0,15.0,0.0,0.17,380.0,14.0,2.14,0.22,420.0,15.0,1.33,0.21,520.0,16.0,0.62,0.18,380.0,12.0,0.0,0.21,510.0,0
2025-01-27,7,1,3,4447,20,6.85,1,0.11,5.85,4.38,23.0,34.0,130.0,4.0,1.0,0.15,29.0,6.89,0.13,230.0,15.0,4.66,0.17,340.0,28.0,6.07,0.15,280.0,20.0,3.5,0.15,240.0,18.0,1.66,0.15,270.0,20.0,1.5,0.15,300.0,0
2025-01-27,7,2,2,3898,50,6.95,2,0.19,7.12,5.23,39.0,27.0,126.0,7.0,2.0,0.13,32.0,8.75,0.12,250.0,21.0,5.71,0.14,330.0,15.0,5.33,0.14,270.0,18.0,5.55,0.13,330.0,27.0,2.59,0.13,310.0,13.0,0.76,0.14,320.0,0
2025-01-27,7,3,1,4244,57,6.81,3,0.12,4.4,2.36,8.0,13.0,89.0,0.0,0.0,0.13,13.0,6.15,0.14,280.0,17.0,1.17,0.14,260.0,18.0,3.33,0.09,220.0,14.0,1.42,0.11,240.0,16.0,1.87,0.12,250.0,11.0,0.0,0.15,390.0,0
2025-01-27,7,4,4,4344,41,6.89,4,0.14,7.15,5.29,37.0,26.0,119.0,4.0,2.0,0.14,26.0,9.61,0.12,280.0,22.0,4.09,0.14,330.0,19.0,4.73,0.11,280.0,22.0,5.45,0.14,330.0,21.0,3.33,0.18,360.0,9.0,1.11,0.19,470.0,0
2025-01-27,7,5,6,5309,30,6.97,5,0.26,1.46,0.0,0.0,0.0,61.0,0.0,0.0,0.16,0.0,0.0,0.0,0.0,0.0,0.0,0.0,0.0,0.0,0.0,0.0,0.0,0.0,0.0,0.0,0.0,14.0,0.0,0.17,310.0,47.0,0.0,0.16,320.0,0
2025-01-27,7,6,5,3967,11,7.02,6,0.25,4.89,2.76,8.0,21.0,105.0,1.0,0.0,0.2,13.0,7.69,0.21,350.0,20.0,2.5,0.17,380.0,20.0,3.0,0.2,390.0,10.0,0.0,0.17,410.0,23.0,2.17,0.19,380.0,19.0,1.57,0.24,490.0,0
2025-01-27,9,1,2,4470,56,6.91,1,0.21,6.45,4.96,28.0,37.0,131.0,5.0,0.0,0.15,22.0,9.09,0.12,220.0,21.0,5.23,0.15,290.0,23.0,5.21,0.14,240.0,25.0,4.0,0.15,260.0,27.0,4.07,0.17,320.0,13.0,0.76,0.15,320.0,0
2025-01-27,9,2,1,4203,14,6.91,2,0.19,4.33,2.42,8.0,9.0,70.0,0.0,0.0,0.16,13.0,7.69,0.1,240.0,13.0,1.53,0.22,400.0,11.0,0.0,0.15,310.0,9.0,2.22,0.14,320.0,12.0,2.5,0.17,350.0,12.0,0.0,0.17,350.0,0
2025-01-27,9,3,5,4747,17,6.95,3,0.19,4.08,1.74,9.0,10.0,109.0,0.0,0.0,0.16,12.0,4.16,0.19,390.0,23.0,1.73,0.14,260.0,19.0,2.1,0.17,320.0,17.0,1.76,0.17,280.0,24.0,1.25,0.14,240.0,14.0,0.0,0.18,340.0,0
2025-01-27,9,4,6,3855,22,6.9,4,0.19,3.57,1.23,5.0,7.0,97.0,0.0,0.0,0.23,14.0,4.28,0.2,400.0,15.0,1.33,0.21,450.0,21.0,0.47,0.22,410.0,15.0,1.33,0.18,390.0,16.0,0.62,0.27,480.0,16.0,0.0,0.27,540.0,0
2025-01-27,9,5,3,4019,12,6.97,5,0.21,6.54,4.47,32.0,23.0,123.0,4.0,1.0,0.17,23.0,8.26,0.16,400.0,18.0,4.44,0.17,460.0,20.0,5.0,0.17,350.0,19.0,5.26,0.16,360.0,20.0,2.0,0.17,420.0,23.0,1.73,0.2,490.0,0
2025-01-27,9,6,4,4690,43,6.97,6,0.21,5.78,3.41,15.0,12.0,79.0,1.0,0.0,0.16,12.0,6.66,0.15,260.0,13.0,5.38,0.14,320.0,18.0,4.44,0.13,280.0,14.0,1.42,0.19,400.0,15.0,0.66,0.18,390.0,7.0,1.42,0.18,340.0,0
2025-01-27,11,1,4,3898,50,6.91,1,0.13,7.12,5.23,39.0,27.0,126.0,7.0,2.0,0.13,32.0,8.75,0.12,250.0,21.0,5.71,0.14,330.0,15.0,5.33,0.14,270.0,18.0,5.55,0.13,330.0,27.0,2.59,0.13,310.0,13.0,0.76,0.14,320.0,0
2025-01-27,11,2,2,4650,37,6.89,2,0.11,6.54,4.85,44.0,21.0,134.0,3.0,0.0,0.14,27.0,10.0,0.13,240.0,23.0,5.21,0.16,310.0,22.0,4.09,0.14,280.0,23.0,3.04,0.14,300.0,24.0,2.91,0.15,280.0,15.0,2.0,0.15,300.0,0
2025-01-27,11,3,3,4798,33,6.91,3,0.14,6.15,3.64,19.0,20.0,107.0,3.0,1.0,0.16,23.0,6.52,0.16,250.0,13.0,3.84,0.14,320.0,18.0,3.88,0.15,290.0,22.0,3.18,0.15,300.0,12.0,2.5,0.15,380.0,19.0,1.05,0.17,360.0,0
2025-01-27,11,4,5,4823,10,6.89,4,0.1,0.0,0.0,0.0,0.0,0.0,0.0,0.0,0.0,0.0,0.0,0.0,0.0,0.0,0.0,0.0,0.0,0.0,0.0,0.0,0.0,0.0,0.0,0.0,0.0,0.0,0.0,0.0,0.0,0.0,0.0,0.0,0.0,0
2025-01-27,11,5,1,4095,27,6.87,5,0.17,6.43,4.25,35.0,25.0,141.0,4.0,1.0,0.14,25.0,7.6,0.13,300.0,20.0,6.0,0.13,240.0,26.0,3.46,0.15,290.0,24.0,2.91,0.14,300.0,24.0,4.16,0.15,280.0,22.0,1.36,0.16,410.0,0
2025-01-27,11,6,6,3931,29,6.93,6,0.26,5.55,3.97,16.0,13.0,73.0,1.0,0.0,0.13,13.0,9.23,0.12,230.0,12.0,4.16,0.15,330.0,11.0,5.45,0.14,230.0,8.0,2.5,0.12,240.0,13.0,2.3,0.13,230.0,16.0,0.62,0.14,280.0,0
2025-01-28,4,1,5,3974,1,6.91,1,0.19,4.4,2.8,8.0,20.0,100.0,0.0,0.0,0.15,13.0,7.69,0.14,260.0,18.0,5.0,0.15,340.0,15.0,1.33,0.17,350.0,17.0,1.76,0.17,330.0,19.0,1.57,0.13,350.0,18.0,0.55,0.15,330.0,0
2025-01-28,4,2,3,4019,12,6.89,2,0.22,6.54,4.47,32.0,23.0,123.0,4.0,1.0,0.17,23.0,8.26,0.16,400.0,18.0,4.44,0.17,460.0,20.0,5.0,0.17,350.0,19.0,5.26,0.16,360.0,20.0,2.0,0.17,420.0,23.0,1.73,0.2,490.0,0
2025-01-28,4,3,4,3920,7,6.94,3,0.26,,,,,,,,,,,,,,,,,,,,,,,,,,,,,,,,,0
2025-01-28,4,4,2,4608,48,7.06,4,0.09,5.68,3.68,17.0,18.0,95.0,3.0,0.0,0.14,15.0,8.0,0.13,240.0,16.0,2.5,0.14,320.0,18.0,3.88,0.14,250.0,14.0,5.71,0.14,290.0,15.0,1.33,0.17,400.0,16.0,1.25,0.14,300.0,0
2025-01-28,4,5,1,3475,3,6.9,5,0.08,5.48,3.44,21.0,19.0,116.0,0.0,0.0,0.17,23.0,7.39,0.18,380.0,21.0,3.81,0.16,400.0,21.0,2.85,0.15,290.0,15.0,2.66,0.16,310.0,22.0,2.27,0.16,330.0,14.0,0.0,0.2,480.0,0
2025-01-28,4,6,6,5370,44,6.87,6,0.2,0.0,0.0,0.0,0.0,0.0,0.0,0.0,0.0,0.0,0.0,0.0,0.0,0.0,0.0,0.0,0.0,0.0,0.0,0.0,0.0,0.0,0.0,0.0,0.0,0.0,0.0,0.0,0.0,0.0,0.0,0.0,0.0,0
2025-01-28,9,1,3,4466,54,6.82,1,0.21,5.53,3.0,15.0,19.0,113.0,0.0,0.0,0.17,16.0,9.37,0.14,310.0,18.0,3.88,0.14,310.0,26.0,1.53,0.16,340.0,19.0,1.57,0.18,350.0,19.0,2.1,0.19,400.0,15.0,0.66,0.22,490.0,0
2025-01-28,9,2,5,3920,7,7.01,2,0.18,,,,,,,,,,,,,,,,,,,,,,,,,,,,,,,,,0
2025-01-28,9,3,2,4553,6,6.88,3,0.19,6.36,4.69,20.0,26.0,98.0,5.0,0.0,0.15,17.0,7.64,0.13,260.0,15.0,6.0,0.16,370.0,17.0,4.7,0.14,310.0,22.0,5.45,0.14,280.0,11.0,3.63,0.15,360.0,16.0,0.0,0.18,490.0,0
2025-01-28,9,4,6,5155,24,6.85,4,0.21,0.0,0.0,0.0,0.0,0.0,0.0,0.0,0.0,0.0,0.0,0.0,0.0,0.0,0.0,0.0,0.0,0.0,0.0,0.0,0.0,0.0,0.0,0.0,0.0,0.0,0.0,0.0,0.0,0.0,0.0,0.0,0.0,0
2025-01-28,9,5,4,3855,22,6.93,5,0.19,3.57,1.23,5.0,7.0,97.0,0.0,0.0,0.23,14.0,4.28,0.2,400.0,15.0,1.33,0.21,450.0,21.0,0.47,0.22,410.0,15.0,1.33,0.18,390.0,16.0,0.62,0.27,480.0,16.0,0.0,0.27,540.0,0
2025-01-28,9,6,1,3898,50,6.9,6,0.11,7.12,5.23,39.0,27.0,126.0,7.0,2.0,0.13,32.0,8.75,0.12,250.0,21.0,5.71,0.14,330.0,15.0,5.33,0.14,270.0,18.0,5.55,0.13,330.0,27.0,2.59,0.13,310.0,13.0,0.76,0.14,320.0,0
2025-01-28,10,1,4,4470,56,6.82,1,0.21,6.45,4.96,28.0,37.0,131.0,5.0,0.0,0.15,22.0,9.09,0.12,220.0,21.0,5.23,0.15,290.0,23.0,5.21,0.14,240.0,25.0,4.0,0.15,260.0,27.0,4.07,0.17,320.0,13.0,0.76,0.15,320.0,0
2025-01-28,10,2,1,4254,32,6.81,2,0.2,5.75,4.03,28.0,26.0,134.0,2.0,0.0,0.13,24.0,9.58,0.1,150.0,21.0,5.23,0.13,210.0,23.0,2.6,0.14,240.0,22.0,5.45,0.13,300.0,23.0,0.43,0.14,300.0,21.0,0.47,0.16,370.0,0
2025-01-28,10,3,2,4084,49,6.96,3,0.21,7.02,5.24,52.0,34.0,164.0,9.0,1.0,0.15,36.0,8.33,0.17,340.0,27.0,6.29,0.15,360.0,23.0,6.52,0.13,270.0,31.0,4.51,0.15,300.0,25.0,3.2,0.14,330.0,22.0,0.9,0.16,400.0,0
2025-01-28,10,4,6,3293,51,7.0,4,0.28,4.13,1.62,4.0,10.0,86.0,1.0,0.0,0.19,14.0,5.71,0.15,310.0,15.0,0.0,0.17,380.0,14.0,2.14,0.22,420.0,15.0,1.33,0.21,520.0,16.0,0.62,0.18,380.0,12.0,0.0,0.21,510.0,0
2025-01-28,10,5,3,3974,1,6.85,5,0.25,4.4,2.8,8.0,20.0,100.0,0.0,0.0,0.15,13.0,7.69,0.14,260.0,18.0,5.0,0.15,340.0,15.0,1.33,0.17,350.0,17.0,1.76,0.17,330.0,19.0,1.57,0.13,350.0,18.0,0.55,0.15,330.0,0
2025-01-28,10,6,5,3931,29,6.91,6,0.29,5.55,3.97,16.0,13.0,73.0,1.0,0.0,0.13,13.0,9.23,0.12,230.0,12.0,4.16,0.15,330.0,11.0,5.45,0.14,230.0,8.0,2.5,0.12,240.0,13.0,2.3,0.13,230.0,16.0,0.62,0.14,280.0,0
2025-01-28,12,1,3,4019,12,6.93,1,0.06,6.54,4.47,32.0,23.0,123.0,4.0,1.0,0.17,23.0,8.26,0.16,400.0,18.0,4.44,0.17,460.0,20.0,5.0,0.17,350.0,19.0,5.26,0.16,360.0,20.0,2.0,0.17,420.0,23.0,1.73,0.2,490.0,0
2025-01-28,12,2,1,4798,33,6.93,2,0.05,6.15,3.64,19.0,20.0,107.0,3.0,1.0,0.16,23.0,6.52,0.16,250.0,13.0,3.84,0.14,320.0,18.0,3.88,0.15,290.0,22.0,3.18,0.15,300.0,12.0,2.5,0.15,380.0,19.0,1.05,0.17,360.0,0
2025-01-28,12,3,4,4095,27,6.8,3,0.11,6.43,4.25,35.0,25.0,141.0,4.0,1.0,0.14,25.0,7.6,0.13,300.0,20.0,6.0,0.13,240.0,26.0,3.46,0.15,290.0,24.0,2.91,0.14,300.0,24.0,4.16,0.15,280.0,22.0,1.36,0.16,410.0,0
2025-01-28,12,4,2,4344,41,6.84,4,0.09,7.15,5.29,37.0,26.0,119.0,4.0,2.0,0.14,26.0,9.61,0.12,280.0,22.0,4.09,0.14,330.0,19.0,4.73,0.11,280.0,22.0,5.45,0.14,330.0,21.0,3.33,0.18,360.0,9.0,1.11,0.19,470.0,0
2025-01-28,12,5,5,4315,66,6.79,5,0.13,5.49,3.56,18.0,23.0,115.0,0.0,0.0,0.16,16.0,5.62,0.16,320.0,20.0,5.0,0.16,350.0,24.0,2.91,0.15,320.0,22.0,3.18,0.15,270.0,20.0,3.5,0.14,310.0,13.0,0.76,0.18,420.0,0
2025-01-28,12,6,6,3188,47,6.87,6,0.19,6.09,4.12,24.0,37.0,148.0,3.0,0.0,0.16,34.0,7.35,0.15,310.0,24.0,3.75,0.19,380.0,20.0,5.5,0.16,300.0,31.0,2.9,0.16,370.0,23.0,1.73,0.15,320.0,16.0,1.87,0.16,380.0,0
2025-01-29,1,1,2,3920,7,6.88,1,0.21,,,,,,,,,,,,,,,,,,,,,,,,,,,,,,,,,0
2025-01-29,1,2,4,3293,51,6.97,2,0.28,4.13,1.62,4.0,10.0,86.0,1.0,0.0,0.19,14.0,5.71,0.15,310.0,15.0,0.0,0.17,380.0,14.0,2.14,0.22,420.0,15.0,1.33,0.21,520.0,16.0,0.62,0.18,380.0,12.0,0.0,0.21,510.0,0
2025-01-29,1,3,5,3989,2,6.92,3,0.26,4.03,1.95,5.0,14.0,97.0,0.0,0.0,0.2,14.0,5.0,0.17,360.0,15.0,4.0,0.2,480.0,16.0,3.12,0.18,430.0,11.0,0.9,0.19,460.0,24.0,0.0,0.2,530.0,17.0,0.0,0.27,520.0,0
2025-01-29,1,4,6,4346,60,6.95,4,0.19,4.32,2.76,21.0,15.0,130.0,2.0,0.0,0.15,16.0,5.62,0.13,240.0,23.0,2.6,0.19,400.0,23.0,3.91,0.14,280.0,17.0,2.94,0.15,260.0,26.0,1.53,0.16,310.0,25.0,1.2,0.13,310.0,0
2025-01-29,1,5,1,4203,14,6.92,5,0.2,4.33,2.42,8.0,9.0,70.0,0.0,0.0,0.16,13.0,7.69,0.1,240.0,13.0,1.53,0.22,400.0,11.0,0.0,0.15,310.0,9.0,2.22,0.14,320.0,12.0,2.5,0.17,350.0,12.0,0.0,0.17,350.0,0
2025-01-29,1,6,3,3855,22,6.74,6,0.39,3.57,1.23,5.0,7.0,97.0,0.0,0.0,0.23,14.0,4.28,0.2,400.0,15.0,1.33,0.21,450.0,21.0,0.47,0.22,410.0,15.0,1.33,0.18,390.0,16.0,0.62,0.27,480.0,16.0,0.0,0.27,540.0,0
2025-01-29,2,1,3,4244,57,6.83,1,0.13,4.4,2.36,8.0,13.0,89.0,0.0,0.0,0.13,13.0,6.15,0.14,280.0,17.0,1.17,0.14,260.0,18.0,3.33,0.09,220.0,14.0,1.42,0.11,240.0,16.0,1.87,0.12,250.0,11.0,0.0,0.15,390.0,0
2025-01-29,2,2,4,3947,34,6.92,2,0.18,4.72,2.43,9.0,11.0,82.0,0.0,0.0,0.17,14.0,5.71,0.15,370.0,12.0,2.5,0.17,370.0,17.0,1.17,0.18,380.0,19.0,2.63,0.17,340.0,9.0,1.11,0.16,370.0,11.0,0.9,0.18,340.0,0
2025-01-29,2,3,1,3054,38,6.91,4,0.24,4.76,2.8,10.0,4.0,50.0,0.0,0.0,0.18,12.0,8.33,0.17,330.0,5.0,4.0,0.21,400.0,7.0,1.42,0.19,410.0,8.0,1.25,0.15,390.0,8.0,0.0,0.18,460.0,9.0,0.0,0.19,460.0,0
2025-01-29,2,4,2,3898,50,6.76,3,0.11,7.12,5.23,39.0,27.0,126.0,7.0,2.0,0.13,32.0,8.75,0.12,250.0,21.0,5.71,0.14,330.0,15.0,5.33,0.14,270.0,18.0,5.55,0.13,330.0,27.0,2.59,0.13,310.0,13.0,0.76,0.14,320.0,0
2025-01-29,2,5,5,3475,3,6.85,5,0.26,5.48,3.44,21.0,19.0,116.0,0.0,0.0,0.17,23.0,7.39,0.18,380.0,21.0,3.81,0.16,400.0,21.0,2.85,0.15,290.0,15.0,2.66,0.16,310.0,22.0,2.27,0.16,330.0,14.0,0.0,0.2,480.0,0
2025-01-29,2,6,6,3931,29,6.92,6,0.27,5.55,3.97,16.0,13.0,73.0,1.0,0.0,0.13,13.0,9.23,0.12,230.0,12.0,4.16,0.15,330.0,11.0,5.45,0.14,230.0,8.0,2.5,0.12,240.0,13.0,2.3,0.13,230.0,16.0,0.62,0.14,280.0,0
2025-01-29,3,1,3,4894,61,6.84,1,0.15,5.11,3.17,19.0,21.0,126.0,2.0,0.0,0.15,18.0,7.22,0.15,300.0,23.0,3.91,0.14,290.0,24.0,2.5,0.15,260.0,25.0,2.8,0.13,260.0,21.0,2.38,0.15,270.0,15.0,0.0,0.16,400.0,0
2025-01-29,3,2,6,4527,5,6.8,2,0.12,4.16,2.22,7.0,13.0,90.0,1.0,0.0,0.17,14.0,5.71,0.16,310.0,15.0,2.0,0.15,380.0,14.0,2.14,0.15,350.0,16.0,3.12,0.19,360.0,15.0,0.66,0.18,350.0,16.0,0.0,0.2,470.0,0
2025-01-29,3,3,1,4856,58,6.84,3,0.1,7.04,5.27,52.0,26.0,148.0,7.0,5.0,0.14,36.0,8.33,0.13,230.0,25.0,6.4,0.17,290.0,19.0,6.31,0.14,310.0,25.0,3.6,0.14,340.0,26.0,3.46,0.14,300.0,17.0,1.17,0.16,370.0,0
2025-01-29,3,4,2,3188,47,6.72,4,0.11,6.09,4.12,24.0,37.0,148.0,3.0,0.0,0.16,34.0,7.35,0.15,310.0,24.0,3.75,0.19,380.0,20.0,5.5,0.16,300.0,31.0,2.9,0.16,370.0,23.0,1.73,0.15,320.0,16.0,1.87,0.16,380.0,0
2025-01-29,3,5,4,4254,32,6.77,5,0.14,5.75,4.03,28.0,26.0,134.0,2.0,0.0,0.13,24.0,9.58,0.1,150.0,21.0,5.23,0.13,210.0,23.0,2.6,0.14,240.0,22.0,5.45,0.13,300.0,23.0,0.43,0.14,300.0,21.0,0.47,0.16,370.0,0
2025-01-29,3,6,5,5309,30,6.9,6,0.16,1.46,0.0,0.0,0.0,61.0,0.0,0.0,0.16,0.0,0.0,0.0,0.0,0.0,0.0,0.0,0.0,0.0,0.0,0.0,0.0,0.0,0.0,0.0,0.0,14.0,0.0,0.17,310.0,47.0,0.0,0.16,320.0,0
2025-01-29,4,1,6,4823,10,6.76,1,0.16,0.0,0.0,0.0,0.0,0.0,0.0,0.0,0.0,0.0,0.0,0.0,0.0,0.0,0.0,0.0,0.0,0.0,0.0,0.0,0.0,0.0,0.0,0.0,0.0,0.0,0.0,0.0,0.0,0.0,0.0,0.0,0.0,0
2025-01-29,4,2,2,3967,11,6.84,2,0.12,4.89,2.76,8.0,21.0,105.0,1.0,0.0,0.2,13.0,7.69,0.21,350.0,20.0,2.5,0.17,380.0,20.0,3.0,0.2,390.0,10.0,0.0,0.17,410.0,23.0,2.17,0.19,380.0,19.0,1.57,0.24,490.0,0
2025-01-29,4,3,1,3771,55,6.82,3,0.11,5.46,3.58,16.0,22.0,106.0,1.0,0.0,0.14,19.0,8.42,0.14,190.0,17.0,4.7,0.13,250.0,21.0,2.85,0.13,300.0,20.0,2.0,0.14,300.0,16.0,1.87,0.14,230.0,13.0,0.76,0.14,320.0,0
2025-01-29,4,4,3,4019,12,6.78,4,0.18,6.54,4.47,32.0,23.0,123.0,4.0,1.0,0.17,23.0,8.26,0.16,400.0,18.0,4.44,0.17,460.0,20.0,5.0,0.17,350.0,19.0,5.26,0.16,360.0,20.0,2.0,0.17,420.0,23.0,1.73,0.2,490.0,0
2025-01-29,4,5,4,5370,44,6.75,6,0.25,0.0,0.0,0.0,0.0,0.0,0.0,0.0,0.0,0.0,0.0,0.0,0.0,0.0,0.0,0.0,0.0,0.0,0.0,0.0,0.0,0.0,0.0,0.0,0.0,0.0,0.0,0.0,0.0,0.0,0.0,0.0,0.0,0
2025-01-29,4,6,5,4033,59,6.65,5,0.19,6.24,4.88,32.0,30.0,127.0,6.0,0.0,0.14,23.0,9.13,0.14,290.0,18.0,6.66,0.15,290.0,24.0,5.0,0.14,290.0,22.0,5.9,0.13,220.0,23.0,1.73,0.15,320.0,16.0,0.0,0.15,380.0,0
2025-01-29,11,1,2,4084,49,6.81,1,0.21,7.02,5.24,52.0,34.0,164.0,9.0,1.0,0.15,36.0,8.33,0.17,340.0,27.0,6.29,0.15,360.0,23.0,6.52,0.13,270.0,31.0,4.51,0.15,300.0,25.0,3.2,0.14,330.0,22.0,0.9,0.16,400.0,0
2025-01-29,11,2,1,4344,41,6.72,2,0.21,7.15,5.29,37.0,26.0,119.0,4.0,2.0,0.14,26.0,9.61,0.12,280.0,22.0,4.09,0.14,330.0,19.0,4.73,0.11,280.0,22.0,5.45,0.14,330.0,21.0,3.33,0.18,360.0,9.0,1.11,0.19,470.0,0
2025-01-29,11,3,4,4798,33,6.74,3,0.18,6.15,3.64,19.0,20.0,107.0,3.0,1.0,0.16,23.0,6.52,0.16,250.0,13.0,3.84,0.14,320.0,18.0,3.88,0.15,290.0,22.0,3.18,0.15,300.0,12.0,2.5,0.15,380.0,19.0,1.05,0.17,360.0,0
2025-01-29,11,4,3,4856,58,6.72,4,0.14,7.04,5.27,52.0,26.0,148.0,7.0,5.0,0.14,36.0,8.33,0.13,230.0,25.0,6.4,0.17,290.0,19.0,6.31,0.14,310.0,25.0,3.6,0.14,340.0,26.0,3.46,0.14,300.0,17.0,1.17,0.16,370.0,0
2025-01-29,11,5,5,4608,48,6.85,5,0.13,5.68,3.68,17.0,18.0,95.0,3.0,0.0,0.14,15.0,8.0,0.13,240.0,16.0,2.5,0.14,320.0,18.0,3.88,0.14,250.0,14.0,5.71,0.14,290.0,15.0,1.33,0.17,400.0,16.0,1.25,0.14,300.0,0
2025-01-29,11,6,6,4823,10,6.79,6,0.13,0.0,0.0,0.0,0.0,0.0,0.0,0.0,0.0,0.0,0.0,0.0,0.0,0.0,0.0,0.0,0.0,0.0,0.0,0.0,0.0,0.0,0.0,0.0,0.0,0.0,0.0,0.0,0.0,0.0,0.0,0.0,0.0,0
2025-01-29,12,1,3,4466,54,6.72,1,0.23,5.53,3.0,15.0,19.0,113.0,0.0,0.0,0.17,16.0,9.37,0.14,310.0,18.0,3.88,0.14,310.0,26.0,1.53,0.16,340.0,19.0,1.57,0.18,350.0,19.0,2.1,0.19,400.0,15.0,0.66,0.22,490.0,0
2025-01-29,12,2,6,5157,28,6.81,2,0.16,3.89,1.4,10.0,7.0,121.0,0.0,0.0,0.16,19.0,4.21,0.14,280.0,20.0,0.0,0.18,400.0,18.0,2.77,0.16,350.0,23.0,1.3,0.16,350.0,21.0,0.47,0.15,280.0,20.0,0.0,0.16,330.0,0
2025-01-29,12,3,1,4470,56,6.79,3,0.15,6.45,4.96,28.0,37.0,131.0,5.0,0.0,0.15,22.0,9.09,0.12,220.0,21.0,5.23,0.15,290.0,23.0,5.21,0.14,240.0,25.0,4.0,0.15,260.0,27.0,4.07,0.17,320.0,13.0,0.76,0.15,320.0,0
2025-01-29,12,4,4,3967,11,6.88,4,0.21,4.89,2.76,8.0,21.0,105.0,1.0,0.0,0.2,13.0,7.69,0.21,350.0,20.0,2.5,0.17,380.0,20.0,3.0,0.2,390.0,10.0,0.0,0.17,410.0,23.0,2.17,0.19,380.0,19.0,1.57,0.24,490.0,0
2025-01-29,12,5,2,4447,20,6.76,5,0.18,5.85,4.38,23.0,34.0,130.0,4.0,1.0,0.15,29.0,6.89,0.13,230.0,15.0,4.66,0.17,340.0,28.0,6.07,0.15,280.0,20.0,3.5,0.15,240.0,18.0,1.66,0.15,270.0,20.0,1.5,0.15,300.0,0
2025-01-29,12,6,5,3771,55,6.85,6,0.19,5.46,3.58,16.0,22.0,106.0,1.0,0.0,0.14,19.0,8.42,0.14,190.0,17.0,4.7,0.13,250.0,21.0,2.85,0.13,300.0,20.0,2.0,0.14,300.0,16.0,1.87,0.14,230.0,13.0,0.76,0.14,320.0,0
2025-01-30,2,1,2,3989,2,6.78,1,0.25,4.03,1.95,5.0,14.0,97.0,0.0,0.0,0.2,14.0,5.0,0.17,360.0,15.0,4.0,0.2,480.0,16.0,3.12,0.18,430.0,11.0,0.9,0.19,460.0,24.0,0.0,0.2,530.0,17.0,0.0,0.27,520.0,0
2025-01-30,2,2,4,5155,24,6.71,2,0.23,0.0,0.0,0.0,0.0,0.0,0.0,0.0,0.0,0.0,0.0,0.0,0.0,0.0,0.0,0.0,0.0,0.0,0.0,0.0,0.0,0.0,0.0,0.0,0.0,0.0,0.0,0.0,0.0,0.0,0.0,0.0,0.0,0
2025-01-30,2,3,3,3313,62,6.78,3,0.19,4.44,2.66,9.0,19.0,105.0,0.0,0.0,0.18,16.0,6.87,0.17,370.0,21.0,3.33,0.16,360.0,13.0,3.07,0.15,270.0,18.0,1.11,0.2,410.0,19.0,2.1,0.19,390.0,18.0,0.0,0.22,460.0,0
2025-01-30,2,4,6,5274,26,6.79,4,0.17,4.27,2.52,12.0,11.0,91.0,0.0,0.0,0.18,10.0,5.0,0.21,410.0,15.0,2.0,0.22,420.0,19.0,3.15,0.15,290.0,13.0,1.53,0.14,290.0,17.0,2.35,0.17,290.0,17.0,1.76,0.17,370.0,0
2025-01-30,2,5,1,4254,32,6.83,5,0.11,5.75,4.03,28.0,26.0,134.0,2.0,0.0,0.13,24.0,9.58,0.1,150.0,21.0,5.23,0.13,210.0,23.0,2.6,0.14,240.0,22.0,5.45,0.13,300.0,23.0,0.43,0.14,300.0,21.0,0.47,0.16,370.0,0
2025-01-30,2,6,5,3293,51,6.84,6,0.18,4.13,1.62,4.0,10.0,86.0,1.0,0.0,0.19,14.0,5.71,0.15,310.0,15.0,0.0,0.17,380.0,14.0,2.14,0.22,420.0,15.0,1.33,0.21,520.0,16.0,0.62,0.18,380.0,12.0,0.0,0.21,510.0,0
2025-01-30,3,1,3,4154,15,6.73,1,0.27,5.09,3.02,15.0,18.0,109.0,1.0,0.0,0.18,15.0,6.0,0.15,330.0,21.0,4.76,0.17,360.0,17.0,2.94,0.17,360.0,17.0,3.52,0.18,370.0,21.0,0.95,0.2,400.0,18.0,0.55,0.23,510.0,0
2025-01-30,3,2,2,4315,66,6.74,2,0.3,5.49,3.56,18.0,23.0,115.0,0.0,0.0,0.16,16.0,5.62,0.16,320.0,20.0,5.0,0.16,350.0,24.0,2.91,0.15,320.0,22.0,3.18,0.15,270.0,20.0,3.5,0.14,310.0,13.0,0.76,0.18,420.0,0
2025-01-30,3,3,5,3967,11,6.9,3,0.24,4.89,2.76,8.0,21.0,105.0,1.0,0.0,0.2,13.0,7.69,0.21,350.0,20.0,2.5,0.17,380.0,20.0,3.0,0.2,390.0,10.0,0.0,0.17,410.0,23.0,2.17,0.19,380.0,19.0,1.57,0.24,490.0,0
2025-01-30,3,4,1,4203,14,6.8,4,0.21,4.33,2.42,8.0,9.0,70.0,0.0,0.0,0.16,13.0,7.69,0.1,240.0,13.0,1.53,0.22,400.0,11.0,0.0,0.15,310.0,9.0,2.22,0.14,320.0,12.0,2.5,0.17,350.0,12.0,0.0,0.17,350.0,0
2025-01-30,3,5,4,4447,20,6.84,5,0.33,5.85,4.38,23.0,34.0,130.0,4.0,1.0,0.15,29.0,6.89,0.13,230.0,15.0,4.66,0.17,340.0,28.0,6.07,0.15,280.0,20.0,3.5,0.15,240.0,18.0,1.66,0.15,270.0,20.0,1.5,0.15,300.0,0
2025-01-30,3,6,6,5317,8,6.78,6,0.31,2.77,0.88,1.0,8.0,102.0,0.0,0.0,0.21,0.0,0.0,0.0,0.0,0.0,0.0,0.0,0.0,0.0,0.0,0.0,0.0,26.0,1.15,0.22,500.0,29.0,1.03,0.2,460.0,47.0,0.63,0.22,480.0,0
2025-01-30,4,1,2,4823,10,6.71,1,0.05,0.0,0.0,0.0,0.0,0.0,0.0,0.0,0.0,0.0,0.0,0.0,0.0,0.0,0.0,0.0,0.0,0.0,0.0,0.0,0.0,0.0,0.0,0.0,0.0,0.0,0.0,0.0,0.0,0.0,0.0,0.0,0.0,0
2025-01-30,4,2,4,4894,61,6.71,3,0.07,5.11,3.17,19.0,21.0,126.0,2.0,0.0,0.15,18.0,7.22,0.15,300.0,23.0,3.91,0.14,290.0,24.0,2.5,0.15,260.0,25.0,2.8,0.13,260.0,21.0,2.38,0.15,270.0,15.0,0.0,0.16,400.0,0
2025-01-30,4,3,5,3771,55,6.81,4,0.06,5.46,3.58,16.0,22.0,106.0,1.0,0.0,0.14,19.0,8.42,0.14,190.0,17.0,4.7,0.13,250.0,21.0,2.85,0.13,300.0,20.0,2.0,0.14,300.0,16.0,1.87,0.14,230.0,13.0,0.76,0.14,320.0,0
2025-01-30,4,4,6,3947,34,6.77,5,0.07,4.72,2.43,9.0,11.0,82.0,0.0,0.0,0.17,14.0,5.71,0.15,370.0,12.0,2.5,0.17,370.0,17.0,1.17,0.18,380.0,19.0,2.63,0.17,340.0,9.0,1.11,0.16,370.0,11.0,0.9,0.18,340.0,0
2025-01-30,4,5,3,4470,56,6.8,6,0.05,6.45,4.96,28.0,37.0,131.0,5.0,0.0,0.15,22.0,9.09,0.12,220.0,21.0,5.23,0.15,290.0,23.0,5.21,0.14,240.0,25.0,4.0,0.15,260.0,27.0,4.07,0.17,320.0,13.0,0.76,0.15,320.0,0
2025-01-30,4,6,1,3920,7,6.76,2,0.11,,,,,,,,,,,,,,,,,,,,,,,,,,,,,,,,,0
2025-01-30,5,1,5,4553,6,6.77,1,0.27,6.36,4.69,20.0,26.0,98.0,5.0,0.0,0.15,17.0,7.64,0.13,260.0,15.0,6.0,0.16,370.0,17.0,4.7,0.14,310.0,22.0,5.45,0.14,280.0,11.0,3.63,0.15,360.0,16.0,0.0,0.18,490.0,0
2025-01-30,5,2,3,3855,22,6.79,2,0.3,3.57,1.23,5.0,7.0,97.0,0.0,0.0,0.23,14.0,4.28,0.2,400.0,15.0,1.33,0.21,450.0,21.0,0.47,0.22,410.0,15.0,1.33,0.18,390.0,16.0,0.62,0.27,480.0,16.0,0.0,0.27,540.0,0
2025-01-30,5,3,4,5157,28,6.81,3,0.19,3.89,1.4,10.0,7.0,121.0,0.0,0.0,0.16,19.0,4.21,0.14,280.0,20.0,0.0,0.18,400.0,18.0,2.77,0.16,350.0,23.0,1.3,0.16,350.0,21.0,0.47,0.15,280.0,20.0,0.0,0.16,330.0,0
2025-01-30,5,4,6,5309,30,6.81,4,0.21,1.46,0.0,0.0,0.0,61.0,0.0,0.0,0.16,0.0,0.0,0.0,0.0,0.0,0.0,0.0,0.0,0.0,0.0,0.0,0.0,0.0,0.0,0.0,0.0,14.0,0.0,0.17,310.0,47.0,0.0,0.16,320.0,0
2025-01-30,5,5,2,4856,58,6.8,5,0.13,7.04,5.27,52.0,26.0,148.0,7.0,5.0,0.14,36.0,8.33,0.13,230.0,25.0,6.4,0.17,290.0,19.0,6.31,0.14,310.0,25.0,3.6,0.14,340.0,26.0,3.46,0.14,300.0,17.0,1.17,0.16,370.0,0
2025-01-30,5,6,1,4466,54,6.81,6,0.14,5.53,3.0,15.0,19.0,113.0,0.0,0.0,0.17,16.0,9.37,0.14,310.0,18.0,3.88,0.14,310.0,26.0,1.53,0.16,340.0,19.0,1.57,0.18,350.0,19.0,2.1,0.19,400.0,15.0,0.66,0.22,490.0,0
2025-01-30,11,1,3,4650,37,6.7,1,0.1,6.54,4.85,44.0,21.0,134.0,3.0,0.0,0.14,27.0,10.0,0.13,240.0,23.0,5.21,0.16,310.0,22.0,4.09,0.14,280.0,23.0,3.04,0.14,300.0,24.0,2.91,0.15,280.0,15.0,2.0,0.15,300.0,0
2025-01-30,11,2,5,3188,47,6.69,2,0.17,6.09,4.12,24.0,37.0,148.0,3.0,0.0,0.16,34.0,7.35,0.15,310.0,24.0,3.75,0.19,380.0,20.0,5.5,0.16,300.0,31.0,2.9,0.16,370.0,23.0,1.73,0.15,320.0,16.0,1.87,0.16,380.0,0
2025-01-30,11,3,1,3898,50,6.64,3,0.03,7.12,5.23,39.0,27.0,126.0,7.0,2.0,0.13,32.0,8.75,0.12,250.0,21.0,5.71,0.14,330.0,15.0,5.33,0.14,270.0,18.0,5.55,0.13,330.0,27.0,2.59,0.13,310.0,13.0,0.76,0.14,320.0,0
2025-01-30,11,4,4,4608,48,6.78,4,0.13,5.68,3.68,17.0,18.0,95.0,3.0,0.0,0.14,15.0,8.0,0.13,240.0,16.0,2.5,0.14,320.0,18.0,3.88,0.14,250.0,14.0,5.71,0.14,290.0,15.0,1.33,0.17,400.0,16.0,1.25,0.14,300.0,0
2025-01-30,11,5,2,4894,61,6.77,5,0.12,5.11,3.17,19.0,21.0,126.0,2.0,0.0,0.15,18.0,7.22,0.15,300.0,23.0,3.91,0.14,290.0,24.0,2.5,0.15,260.0,25.0,2.8,0.13,260.0,21.0,2.38,0.15,270.0,15.0,0.0,0.16,400.0,0
2025-01-30,11,6,6,4823,10,6.74,6,0.09,0.0,0.0,0.0,0.0,0.0,0.0,0.0,0.0,0.0,0.0,0.0,0.0,0.0,0.0,0.0,0.0,0.0,0.0,0.0,0.0,0.0,0.0,0.0,0.0,0.0,0.0,0.0,0.0,0.0,0.0,0.0,0.0,0
2025-01-30,12,1,3,4095,27,6.78,1,0.04,6.43,4.25,35.0,25.0,141.0,4.0,1.0,0.14,25.0,7.6,0.13,300.0,20.0,6.0,0.13,240.0,26.0,3.46,0.15,290.0,24.0,2.91,0.14,300.0,24.0,4.16,0.15,280.0,22.0,1.36,0.16,410.0,0
2025-01-30,12,2,2,4033,59,6.77,2,0.02,6.24,4.88,32.0,30.0,127.0,6.0,0.0,0.14,23.0,9.13,0.14,290.0,18.0,6.66,0.15,290.0,24.0,5.0,0.14,290.0,22.0,5.9,0.13,220.0,23.0,1.73,0.15,320.0,16.0,0.0,0.15,380.0,0
2025-01-30,12,3,1,4344,41,6.75,3,0.04,7.15,5.29,37.0,26.0,119.0,4.0,2.0,0.14,26.0,9.61,0.12,280.0,22.0,4.09,0.14,330.0,19.0,4.73,0.11,280.0,22.0,5.45,0.14,330.0,21.0,3.33,0.18,360.0,9.0,1.11,0.19,470.0,0
2025-01-30,12,4,5,4084,49,6.71,4,0.07,7.02,5.24,52.0,34.0,164.0,9.0,1.0,0.15,36.0,8.33,0.17,340.0,27.0,6.29,0.15,360.0,23.0,6.52,0.13,270.0,31.0,4.51,0.15,300.0,25.0,3.2,0.14,330.0,22.0,0.9,0.16,400.0,0
2025-01-30,12,5,4,3475,3,6.78,5,0.15,5.48,3.44,21.0,19.0,116.0,0.0,0.0,0.17,23.0,7.39,0.18,380.0,21.0,3.81,0.16,400.0,21.0,2.85,0.15,290.0,15.0,2.66,0.16,310.0,22.0,2.27,0.16,330.0,14.0,0.0,0.2,480.0,0
2025-01-30,12,6,6,4019,12,6.68,6,0.2,6.54,4.47,32.0,23.0,123.0,4.0,1.0,0.17,23.0,8.26,0.16,400.0,18.0,4.44,0.17,460.0,20.0,5.0,0.17,350.0,19.0,5.26,0.16,360.0,20.0,2.0,0.17,420.0,23.0,1.73,0.2,490.0,0
2025-02-04,3,1,5,4839,53,6.86,1,0.17,5.62,3.93,22.0,26.0,122.0,2.0,0.0,0.13,21.0,7.61,0.14,270.0,20.0,4.5,0.12,250.0,17.0,4.11,0.14,270.0,24.0,2.91,0.13,250.0,18.0,3.33,0.1,160.0,22.0,1.36,0.12,280.0,0
2025-02-04,3,2,6,4772,52,6.9,2,0.18,6.67,4.59,28.0,23.0,111.0,2.0,1.0,0.11,28.0,7.85,0.11,240.0,15.0,2.0,0.13,250.0,16.0,5.0,0.1,210.0,19.0,4.73,0.1,200.0,12.0,4.16,0.12,280.0,21.0,1.9,0.11,260.0,0
2025-02-04,3,3,2,4450,40,6.82,3,0.09,6.71,4.77,37.0,36.0,153.0,7.0,0.0,0.15,31.0,8.38,0.15,260.0,24.0,6.66,0.15,280.0,27.0,5.18,0.17,270.0,26.0,3.84,0.15,360.0,27.0,2.22,0.14,340.0,18.0,0.55,0.17,470.0,0
2025-02-04,3,4,1,5172,65,6.86,4,0.05,5.34,3.82,18.0,26.0,115.0,1.0,0.0,0.18,14.0,7.14,0.15,290.0,23.0,3.91,0.18,430.0,22.0,3.63,0.2,450.0,18.0,3.88,0.18,400.0,21.0,2.85,0.18,410.0,17.0,2.35,0.16,420.0,0
2025-02-04,3,5,3,3541,38,6.86,5,0.04,6.51,4.67,42.0,29.0,152.0,3.0,1.0,0.14,36.0,8.61,0.15,270.0,26.0,3.46,0.13,270.0,27.0,4.44,0.14,290.0,23.0,4.34,0.13,280.0,21.0,2.85,0.15,330.0,19.0,1.57,0.13,390.0,0
2025-02-04,3,6,4,5136,1,6.88,6,0.08,6.08,3.96,32.0,20.0,131.0,4.0,2.0,0.13,33.0,8.18,0.13,200.0,18.0,3.33,0.16,260.0,27.0,2.96,0.1,230.0,21.0,3.33,0.13,250.0,14.0,2.14,0.12,220.0,18.0,0.55,0.16,360.0,0
2025-02-04,4,1,2,4260,41,6.87,1,0.21,5.64,3.7,32.0,21.0,143.0,3.0,1.0,0.15,29.0,6.55,0.12,310.0,21.0,2.85,0.18,380.0,19.0,3.68,0.15,320.0,30.0,4.66,0.15,310.0,21.0,1.9,0.14,300.0,23.0,1.3,0.18,360.0,0
2025-02-04,4,2,1,4643,43,6.84,2,0.18,6.29,3.9,20.0,19.0,100.0,5.0,1.0,0.13,19.0,8.94,0.12,250.0,17.0,4.11,0.1,220.0,19.0,3.68,0.11,240.0,20.0,2.5,0.14,280.0,15.0,2.0,0.14,310.0,10.0,0.0,0.16,400.0,0
2025-02-04,4,3,4,4739,21,6.81,3,0.22,6.42,4.21,39.0,28.0,159.0,5.0,0.0,0.14,31.0,7.41,0.16,350.0,27.0,3.7,0.15,310.0,28.0,5.0,0.14,260.0,25.0,4.0,0.13,290.0,27.0,2.96,0.12,300.0,21.0,0.95,0.14,370.0,0
2025-02-04,4,4,5,3470,59,6.85,4,0.23,5.43,3.55,15.0,17.0,90.0,0.0,0.0,0.16,15.0,6.0,0.18,310.0,20.0,4.0,0.17,330.0,15.0,4.66,0.13,230.0,15.0,3.33,0.18,370.0,15.0,2.0,0.14,270.0,10.0,0.0,0.13,280.0,0
2025-02-04,4,5,3,4063,64,6.82,5,0.17,6.53,4.74,30.0,26.0,118.0,6.0,2.0,0.16,22.0,9.54,0.15,200.0,19.0,4.21,0.14,350.0,20.0,4.5,0.16,310.0,18.0,5.0,0.17,350.0,17.0,3.52,0.18,370.0,22.0,1.36,0.17,350.0,0
2025-02-04,4,6,6,4452,63,6.79,6,0.27,5.73,4.07,20.0,26.0,113.0,3.0,0.0,0.16,23.0,6.95,0.16,280.0,17.0,6.47,0.16,350.0,23.0,3.04,0.13,300.0,16.0,4.37,0.17,320.0,18.0,1.66,0.19,430.0,16.0,1.25,0.19,460.0,0
2025-02-04,6,1,6,3543,19,6.81,1,0.22,5.5,3.21,20.0,16.0,112.0,2.0,0.0,0.15,20.0,8.5,0.15,270.0,19.0,2.1,0.15,310.0,18.0,2.22,0.15,310.0,19.0,3.15,0.18,350.0,21.0,1.9,0.13,320.0,15.0,0.66,0.16,340.0,0
2025-02-04,6,2,2,4685,20,6.76,2,0.19,6.82,4.53,31.0,23.0,119.0,4.0,2.0,0.12,25.0,7.6,0.1,230.0,17.0,6.47,0.11,260.0,21.0,4.28,0.11,270.0,18.0,3.88,0.14,280.0,19.0,2.63,0.16,380.0,19.0,1.57,0.13,310.0,0
2025-02-04,6,3,4,3955,46,6.88,3,0.26,5.55,3.26,19.0,14.0,101.0,0.0,0.0,0.18,15.0,7.33,0.15,340.0,18.0,3.88,0.16,310.0,19.0,4.73,0.16,330.0,16.0,1.25,0.19,360.0,21.0,1.42,0.21,430.0,12.0,0.83,0.22,490.0,0
2025-02-04,6,4,1,4331,11,6.86,4,0.13,6.14,4.56,27.0,30.0,125.0,2.0,0.0,0.14,23.0,8.69,0.12,180.0,19.0,3.68,0.11,190.0,22.0,5.0,0.13,260.0,29.0,3.44,0.15,320.0,15.0,3.33,0.16,260.0,17.0,2.35,0.19,450.0,0
2025-02-04,6,5,3,5298,45,6.84,5,0.19,6.05,4.59,21.0,19.0,87.0,2.0,1.0,0.15,11.0,8.18,0.14,240.0,16.0,5.0,0.16,290.0,11.0,2.72,0.2,350.0,14.0,5.0,0.14,230.0,18.0,3.33,0.14,250.0,17.0,4.11,0.12,180.0,0
2025-02-04,6,6,5,4931,25,6.8,6,0.23,6.38,4.5,35.0,29.0,142.0,5.0,0.0,0.15,29.0,8.27,0.14,290.0,20.0,7.0,0.14,360.0,24.0,2.91,0.15,310.0,19.0,2.63,0.15,390.0,27.0,3.7,0.17,440.0,23.0,1.73,0.18,460.0,0
2025-02-04,8,1,2,4387,13,6.86,1,0.07,6.31,4.21,25.0,26.0,121.0,3.0,0.0,0.15,29.0,7.58,0.15,340.0,20.0,5.0,0.17,360.0,17.0,2.35,0.15,240.0,20.0,5.5,0.12,260.0,18.0,1.66,0.16,320.0,17.0,0.58,0.16,390.0,0
2025-02-04,8,2,1,3611,54,6.92,2,0.08,6.02,4.28,25.0,26.0,119.0,2.0,1.0,0.16,24.0,6.66,0.17,350.0,18.0,5.55,0.14,270.0,25.0,6.0,0.14,260.0,18.0,2.77,0.17,290.0,18.0,1.11,0.17,310.0,16.0,1.87,0.18,400.0,0
2025-02-04,8,3,4,3232,36,6.82,3,0.11,6.91,5.19,38.0,28.0,127.0,3.0,2.0,0.14,31.0,8.06,0.12,230.0,21.0,5.71,0.16,290.0,21.0,5.23,0.14,200.0,22.0,7.27,0.12,240.0,19.0,0.52,0.16,270.0,13.0,0.76,0.17,400.0,0
2025-02-04,8,4,6,4733,3,6.88,4,0.06,5.47,3.87,21.0,17.0,98.0,3.0,0.0,0.15,15.0,8.66,0.15,250.0,21.0,3.33,0.14,270.0,13.0,3.84,0.13,260.0,18.0,3.88,0.16,290.0,19.0,2.1,0.17,250.0,12.0,1.66,0.15,240.0,0
2025-02-04,8,5,3,4450,40,6.87,5,0.07,6.71,4.77,37.0,36.0,153.0,7.0,0.0,0.15,31.0,8.38,0.15,260.0,24.0,6.66,0.15,280.0,27.0,5.18,0.17,270.0,26.0,3.84,0.15,360.0,27.0,2.22,0.14,340.0,18.0,0.55,0.17,470.0,0
2025-02-04,8,6,5,4642,10,6.85,6,0.08,6.16,4.27,29.0,18.0,110.0,2.0,0.0,0.15,25.0,8.0,0.15,240.0,18.0,6.11,0.13,260.0,17.0,2.94,0.16,270.0,15.0,2.0,0.15,260.0,20.0,3.0,0.14,320.0,15.0,1.33,0.17,330.0,0
2025-02-04,11,1,6,4437,22,6.79,1,0.23,6.84,5.22,42.0,38.0,153.0,5.0,1.0,0.15,38.0,8.42,0.14,280.0,22.0,3.63,0.15,310.0,26.0,5.76,0.16,270.0,27.0,4.81,0.14,330.0,18.0,3.88,0.15,310.0,22.0,2.27,0.17,400.0,0
2025-02-04,11,2,4,3541,38,6.79,2,0.18,6.51,4.67,42.0,29.0,152.0,3.0,1.0,0.14,36.0,8.61,0.15,270.0,26.0,3.46,0.13,270.0,27.0,4.44,0.14,290.0,23.0,4.34,0.13,280.0,21.0,2.85,0.15,330.0,19.0,1.57,0.13,390.0,0
2025-02-04,11,3,5,4704,4,6.86,3,0.22,6.44,4.88,28.0,35.0,129.0,4.0,0.0,0.15,26.0,8.84,0.13,260.0,19.0,4.21,0.16,380.0,22.0,5.0,0.15,290.0,22.0,4.54,0.16,370.0,22.0,3.63,0.17,360.0,18.0,1.66,0.15,340.0,0
2025-02-04,11,4,1,4685,20,6.84,4,0.13,6.82,4.53,31.0,23.0,119.0,4.0,2.0,0.12,25.0,7.6,0.1,230.0,17.0,6.47,0.11,260.0,21.0,4.28,0.11,270.0,18.0,3.88,0.14,280.0,19.0,2.63,0.16,380.0,19.0,1.57,0.13,310.0,0
2025-02-04,11,5,2,3837,58,6.91,5,0.19,6.1,4.51,24.0,32.0,124.0,3.0,0.0,0.15,24.0,9.16,0.15,260.0,19.0,5.26,0.17,400.0,20.0,3.5,0.15,300.0,22.0,3.63,0.13,240.0,20.0,2.5,0.15,340.0,19.0,2.1,0.18,420.0,0
2025-02-04,11,6,3,4739,21,6.79,6,0.19,6.42,4.21,39.0,28.0,159.0,5.0,0.0,0.14,31.0,7.41,0.16,350.0,27.0,3.7,0.15,310.0,28.0,5.0,0.14,260.0,25.0,4.0,0.13,290.0,27.0,2.96,0.12,300.0,21.0,0.95,0.14,370.0,0
2025-02-06,1,1,3,4733,3,6.95,1,0.08,5.47,3.87,21.0,17.0,98.0,3.0,0.0,0.15,15.0,8.66,0.15,250.0,21.0,3.33,0.14,270.0,13.0,3.84,0.13,260.0,18.0,3.88,0.16,290.0,19.0,2.1,0.17,250.0,12.0,1.66,0.15,240.0,0
2025-02-06,1,2,2,3955,46,6.92,2,0.09,5.55,3.26,19.0,14.0,101.0,0.0,0.0,0.18,15.0,7.33,0.15,340.0,18.0,3.88,0.16,310.0,19.0,4.73,0.16,330.0,16.0,1.25,0.19,360.0,21.0,1.42,0.21,430.0,12.0,0.83,0.22,490.0,0
2025-02-06,1,3,1,3470,59,6.95,3,0.09,5.43,3.55,15.0,17.0,90.0,0.0,0.0,0.16,15.0,6.0,0.18,310.0,20.0,4.0,0.17,330.0,15.0,4.66,0.13,230.0,15.0,3.33,0.18,370.0,15.0,2.0,0.14,270.0,10.0,0.0,0.13,280.0,0
2025-02-06,1,4,4,4452,63,6.95,4,0.07,5.73,4.07,20.0,26.0,113.0,3.0,0.0,0.16,23.0,6.95,0.16,280.0,17.0,6.47,0.16,350.0,23.0,3.04,0.13,300.0,16.0,4.37,0.17,320.0,18.0,1.66,0.19,430.0,16.0,1.25,0.19,460.0,0
2025-02-06,1,5,5,5218,8,6.97,5,0.09,5.5,3.42,18.0,21.0,114.0,0.0,0.0,0.15,16.0,7.5,0.13,260.0,21.0,4.76,0.15,300.0,21.0,3.33,0.12,240.0,19.0,4.21,0.14,330.0,18.0,1.11,0.17,350.0,19.0,0.0,0.22,460.0,0
2025-02-06,1,6,6,5257,5,6.95,6,0.09,5.63,3.98,20.0,19.0,98.0,1.0,0.0,0.15,14.0,6.42,0.17,360.0,13.0,6.15,0.18,460.0,18.0,3.33,0.17,360.0,19.0,2.63,0.14,280.0,17.0,3.52,0.14,300.0,17.0,2.94,0.14,370.0,0
2025-02-06,2,1,2,3907,12,6.99,1,0.19,5.51,3.76,28.0,16.0,117.0,2.0,0.0,0.17,20.0,9.5,0.15,240.0,21.0,5.23,0.16,300.0,21.0,3.33,0.15,330.0,12.0,1.66,0.21,440.0,23.0,1.3,0.17,410.0,20.0,1.0,0.2,420.0,0
2025-02-06,2,2,1,4331,11,6.94,2,0.16,6.14,4.56,27.0,30.0,125.0,2.0,0.0,0.14,23.0,8.69,0.12,180.0,19.0,3.68,0.11,190.0,22.0,5.0,0.13,260.0,29.0,3.44,0.15,320.0,15.0,3.33,0.16,260.0,17.0,2.35,0.19,450.0,0
2025-02-06,2,3,3,3975,49,6.91,3,0.15,5.81,4.13,28.0,34.0,150.0,2.0,0.0,0.15,32.0,8.43,0.13,220.0,20.0,4.5,0.15,320.0,21.0,4.28,0.16,270.0,17.0,5.29,0.15,280.0,27.0,1.48,0.17,320.0,33.0,1.21,0.16,350.0,0
2025-02-06,2,4,4,3304,6,6.95,4,0.27,5.4,3.64,31.0,23.0,148.0,1.0,0.0,0.16,30.0,8.0,0.17,340.0,27.0,2.59,0.16,390.0,26.0,5.76,0.16,320.0,20.0,2.5,0.14,250.0,28.0,1.07,0.15,340.0,17.0,0.0,0.18,420.0,0
2025-02-06,2,5,6,4596,61,7.05,5,0.24,6.28,4.44,23.0,21.0,99.0,1.0,0.0,0.15,20.0,7.5,0.13,240.0,13.0,4.61,0.19,320.0,17.0,4.7,0.15,280.0,15.0,3.33,0.13,370.0,21.0,4.28,0.15,270.0,13.0,0.76,0.13,250.0,0
2025-02-06,2,6,5,4757,16,6.92,6,0.21,6.85,5.25,50.0,34.0,160.0,6.0,1.0,0.14,37.0,8.91,0.14,270.0,20.0,5.5,0.12,330.0,26.0,3.84,0.14,320.0,32.0,4.37,0.15,330.0,26.0,4.23,0.15,290.0,19.0,2.63,0.13,250.0,0
2025-02-06,4,1,2,5298,45,6.93,1,0.26,6.05,4.59,21.0,19.0,87.0,2.0,1.0,0.15,11.0,8.18,0.14,240.0,16.0,5.0,0.16,290.0,11.0,2.72,0.2,350.0,14.0,5.0,0.14,230.0,18.0,3.33,0.14,250.0,17.0,4.11,0.12,180.0,0
2025-02-06,4,2,5,4642,10,6.97,2,0.22,6.16,4.27,29.0,18.0,110.0,2.0,0.0,0.15,25.0,8.0,0.15,240.0,18.0,6.11,0.13,260.0,17.0,2.94,0.16,270.0,15.0,2.0,0.15,260.0,20.0,3.0,0.14,320.0,15.0,1.33,0.17,330.0,0
2025-02-06,4,3,3,4839,53,6.99,3,0.23,5.62,3.93,22.0,26.0,122.0,2.0,0.0,0.13,21.0,7.61,0.14,270.0,20.0,4.5,0.12,250.0,17.0,4.11,0.14,270.0,24.0,2.91,0.13,250.0,18.0,3.33,0.1,160.0,22.0,1.36,0.12,280.0,0
2025-02-06,4,4,6,3543,19,6.98,4,0.28,5.5,3.21,20.0,16.0,112.0,2.0,0.0,0.15,20.0,8.5,0.15,270.0,19.0,2.1,0.15,310.0,18.0,2.22,0.15,310.0,19.0,3.15,0.18,350.0,21.0,1.9,0.13,320.0,15.0,0.66,0.16,340.0,0
2025-02-06,4,5,4,4704,4,7.0,5,0.25,6.44,4.88,28.0,35.0,129.0,4.0,0.0,0.15,26.0,8.84,0.13,260.0,19.0,4.21,0.16,380.0,22.0,5.0,0.15,290.0,22.0,4.54,0.16,370.0,22.0,3.63,0.17,360.0,18.0,1.66,0.15,340.0,0
2025-02-06,4,6,1,5043,57,6.94,6,0.17,6.49,5.04,31.0,22.0,105.0,5.0,0.0,0.15,20.0,7.0,0.15,280.0,21.0,5.23,0.15,310.0,15.0,6.0,0.14,300.0,13.0,5.38,0.14,310.0,19.0,3.68,0.13,340.0,17.0,2.94,0.18,380.0,0
2025-02-06,6,1,5,4812,15,6.94,1,0.51,7.07,5.77,29.0,12.0,71.0,5.0,2.0,0.13,16.0,9.37,0.13,260.0,11.0,6.36,0.13,210.0,9.0,6.66,0.13,260.0,12.0,5.0,0.12,240.0,11.0,3.63,0.11,230.0,12.0,2.5,0.14,260.0,0
2025-02-06,6,2,2,4931,25,6.89,2,0.36,6.38,4.5,35.0,29.0,142.0,5.0,0.0,0.15,29.0,8.27,0.14,290.0,20.0,7.0,0.14,360.0,24.0,2.91,0.15,310.0,19.0,2.63,0.15,390.0,27.0,3.7,0.17,440.0,23.0,1.73,0.18,460.0,0
2025-02-06,6,3,4,4571,51,6.78,3,0.34,6.72,5.66,47.0,25.0,127.0,7.0,4.0,0.16,31.0,8.06,0.19,440.0,16.0,6.25,0.16,360.0,16.0,3.75,0.17,360.0,21.0,6.66,0.15,330.0,19.0,4.73,0.16,330.0,24.0,3.33,0.15,340.0,0
2025-02-06,6,4,3,4776,35,6.93,4,0.39,6.77,5.11,34.0,31.0,127.0,6.0,1.0,0.16,26.0,8.84,0.12,250.0,22.0,5.9,0.14,330.0,18.0,6.11,0.15,310.0,19.0,4.73,0.15,340.0,21.0,1.9,0.22,450.0,21.0,2.38,0.2,510.0,0
2025-02-06,6,5,6,3470,59,6.92,5,0.48,5.43,3.55,15.0,17.0,90.0,0.0,0.0,0.16,15.0,6.0,0.18,310.0,20.0,4.0,0.17,330.0,15.0,4.66,0.13,230.0,15.0,3.33,0.18,370.0,15.0,2.0,0.14,270.0,10.0,0.0,0.13,280.0,0
2025-02-06,6,6,1,4852,33,6.91,6,0.23,6.17,4.0,27.0,23.0,125.0,2.0,0.0,0.16,24.0,7.91,0.17,400.0,21.0,5.23,0.15,400.0,16.0,4.37,0.15,350.0,22.0,2.27,0.15,330.0,22.0,2.27,0.16,300.0,20.0,1.5,0.18,430.0,0
2025-02-07,2,1,6,5257,5,6.97,1,0.21,5.63,3.98,20.0,19.0,98.0,1.0,0.0,0.15,14.0,6.42,0.17,360.0,13.0,6.15,0.18,460.0,18.0,3.33,0.17,360.0,19.0,2.63,0.14,280.0,17.0,3.52,0.14,300.0,17.0,2.94,0.14,370.0,0
2025-02-07,2,2,1,3543,19,6.95,2,0.14,5.5,3.21,20.0,16.0,112.0,2.0,0.0,0.15,20.0,8.5,0.15,270.0,19.0,2.1,0.15,310.0,18.0,2.22,0.15,310.0,19.0,3.15,0.18,350.0,21.0,1.9,0.13,320.0,15.0,0.66,0.16,340.0,0
2025-02-07,2,3,4,4776,35,7.01,3,0.18,6.77,5.11,34.0,31.0,127.0,6.0,1.0,0.16,26.0,8.84,0.12,250.0,22.0,5.9,0.14,330.0,18.0,6.11,0.15,310.0,19.0,4.73,0.15,340.0,21.0,1.9,0.22,450.0,21.0,2.38,0.2,510.0,0
2025-02-07,2,4,3,4812,15,6.99,4,0.13,7.07,5.77,29.0,12.0,71.0,5.0,2.0,0.13,16.0,9.37,0.13,260.0,11.0,6.36,0.13,210.0,9.0,6.66,0.13,260.0,12.0,5.0,0.12,240.0,11.0,3.63,0.11,230.0,12.0,2.5,0.14,260.0,0
2025-02-07,2,5,2,4437,22,6.98,5,0.18,6.84,5.22,42.0,38.0,153.0,5.0,1.0,0.15,38.0,8.42,0.14,280.0,22.0,3.63,0.15,310.0,26.0,5.76,0.16,270.0,27.0,4.81,0.14,330.0,18.0,3.88,0.15,310.0,22.0,2.27,0.17,400.0,0
2025-02-07,2,6,5,4704,4,6.97,6,0.15,6.44,4.88,28.0,35.0,129.0,4.0,0.0,0.15,26.0,8.84,0.13,260.0,19.0,4.21,0.16,380.0,22.0,5.0,0.15,290.0,22.0,4.54,0.16,370.0,22.0,3.63,0.17,360.0,18.0,1.66,0.15,340.0,0
2025-02-07,4,1,5,4452,63,6.98,1,0.23,5.73,4.07,20.0,26.0,113.0,3.0,0.0,0.16,23.0,6.95,0.16,280.0,17.0,6.47,0.16,350.0,23.0,3.04,0.13,300.0,16.0,4.37,0.17,320.0,18.0,1.66,0.19,430.0,16.0,1.25,0.19,460.0,0
2025-02-07,4,2,4,5224,9,6.95,2,0.21,6.55,4.57,25.0,23.0,105.0,4.0,1.0,0.16,20.0,8.5,0.15,310.0,19.0,6.31,0.14,310.0,18.0,4.44,0.15,280.0,17.0,4.11,0.16,330.0,11.0,1.81,0.16,370.0,20.0,1.0,0.22,490.0,0
2025-02-07,4,3,6,3611,54,6.88,3,0.2,6.02,4.28,25.0,26.0,119.0,2.0,1.0,0.16,24.0,6.66,0.17,350.0,18.0,5.55,0.14,270.0,25.0,6.0,0.14,260.0,18.0,2.77,0.17,290.0,18.0,1.11,0.17,310.0,16.0,1.87,0.18,400.0,0
2025-02-07,4,4,1,4739,21,6.98,4,0.17,6.42,4.21,39.0,28.0,159.0,5.0,0.0,0.14,31.0,7.41,0.16,350.0,27.0,3.7,0.15,310.0,28.0,5.0,0.14,260.0,25.0,4.0,0.13,290.0,27.0,2.96,0.12,300.0,21.0,0.95,0.14,370.0,0
2025-02-07,4,5,3,4757,16,7.01,5,0.12,6.85,5.25,50.0,34.0,160.0,6.0,1.0,0.14,37.0,8.91,0.14,270.0,20.0,5.5,0.12,330.0,26.0,3.84,0.14,320.0,32.0,4.37,0.15,330.0,26.0,4.23,0.15,290.0,19.0,2.63,0.13,250.0,0
2025-02-07,4,6,2,3541,38,6.88,6,0.11,6.51,4.67,42.0,29.0,152.0,3.0,1.0,0.14,36.0,8.61,0.15,270.0,26.0,3.46,0.13,270.0,27.0,4.44,0.14,290.0,23.0,4.34,0.13,280.0,21.0,2.85,0.15,330.0,19.0,1.57,0.13,390.0,0
2025-02-07,5,1,3,4331,11,6.97,1,0.32,6.14,4.56,27.0,30.0,125.0,2.0,0.0,0.14,23.0,8.69,0.12,180.0,19.0,3.68,0.11,190.0,22.0,5.0,0.13,260.0,29.0,3.44,0.15,320.0,15.0,3.33,0.16,260.0,17.0,2.35,0.19,450.0,0
2025-02-07,5,2,4,4383,34,7.06,2,0.39,5.66,3.79,22.0,25.0,124.0,1.0,0.0,0.15,21.0,8.57,0.14,260.0,19.0,4.73,0.15,370.0,23.0,4.78,0.14,280.0,27.0,2.22,0.14,360.0,19.0,1.05,0.18,350.0,15.0,0.66,0.18,340.0,0
2025-02-07,5,3,6,3841,14,7.01,3,0.27,5.9,3.84,21.0,19.0,104.0,1.0,0.0,0.19,22.0,8.18,0.17,390.0,17.0,4.11,0.21,450.0,16.0,2.5,0.2,410.0,17.0,2.94,0.19,460.0,14.0,2.85,0.17,460.0,18.0,1.11,0.22,500.0,0
2025-02-07,5,4,5,3232,36,7.0,4,0.13,6.91,5.19,38.0,28.0,127.0,3.0,2.0,0.14,31.0,8.06,0.12,230.0,21.0,5.71,0.16,290.0,21.0,5.23,0.14,200.0,22.0,7.27,0.12,240.0,19.0,0.52,0.16,270.0,13.0,0.76,0.17,400.0,0
2025-02-07,5,5,1,4459,23,6.99,5,0.09,7.04,4.05,31.0,16.0,116.0,4.0,1.0,0.12,27.0,7.4,0.13,340.0,17.0,4.11,0.12,310.0,18.0,3.33,0.13,350.0,16.0,4.37,0.11,240.0,18.0,2.77,0.11,270.0,20.0,1.0,0.14,370.0,0
2025-02-07,5,6,2,4643,43,6.98,6,0.11,6.29,3.9,20.0,19.0,100.0,5.0,1.0,0.13,19.0,8.94,0.12,250.0,17.0,4.11,0.1,220.0,19.0,3.68,0.11,240.0,20.0,2.5,0.14,280.0,15.0,2.0,0.14,310.0,10.0,0.0,0.16,400.0,0
2025-02-08,5,1,5,4757,16,6.82,1,0.09,6.85,5.25,50.0,34.0,160.0,6.0,1.0,0.14,37.0,8.91,0.14,270.0,20.0,5.5,0.12,330.0,26.0,3.84,0.14,320.0,32.0,4.37,0.15,330.0,26.0,4.23,0.15,290.0,19.0,2.63,0.13,250.0,0
2025-02-08,5,2,2,4063,64,6.74,2,0.08,6.53,4.74,30.0,26.0,118.0,6.0,2.0,0.16,22.0,9.54,0.15,200.0,19.0,4.21,0.14,350.0,20.0,4.5,0.16,310.0,18.0,5.0,0.17,350.0,17.0,3.52,0.18,370.0,22.0,1.36,0.17,350.0,0
2025-02-08,5,3,4,3304,6,6.85,3,0.09,5.4,3.64,31.0,23.0,148.0,1.0,0.0,0.16,30.0,8.0,0.17,340.0,27.0,2.59,0.16,390.0,26.0,5.76,0.16,320.0,20.0,2.5,0.14,250.0,28.0,1.07,0.15,340.0,17.0,0.0,0.18,420.0,0
2025-02-08,5,4,1,4571,51,6.7,6,0.12,6.72,5.66,47.0,25.0,127.0,7.0,4.0,0.16,31.0,8.06,0.19,440.0,16.0,6.25,0.16,360.0,16.0,3.75,0.17,360.0,21.0,6.66,0.15,330.0,19.0,4.73,0.16,330.0,24.0,3.33,0.15,340.0,0
2025-02-08,5,5,6,4642,10,6.94,4,0.1,6.16,4.27,29.0,18.0,110.0,2.0,0.0,0.15,25.0,8.0,0.15,240.0,18.0,6.11,0.13,260.0,17.0,2.94,0.16,270.0,15.0,2.0,0.15,260.0,20.0,3.0,0.14,320.0,15.0,1.33,0.17,330.0,0
2025-02-08,5,6,3,3543,19,6.84,5,0.17,5.5,3.21,20.0,16.0,112.0,2.0,0.0,0.15,20.0,8.5,0.15,270.0,19.0,2.1,0.15,310.0,18.0,2.22,0.15,310.0,19.0,3.15,0.18,350.0,21.0,1.9,0.13,320.0,15.0,0.66,0.16,340.0,0
2025-02-08,6,1,3,4739,21,6.76,1,0.13,6.42,4.21,39.0,28.0,159.0,5.0,0.0,0.14,31.0,7.41,0.16,350.0,27.0,3.7,0.15,310.0,28.0,5.0,0.14,260.0,25.0,4.0,0.13,290.0,27.0,2.96,0.12,300.0,21.0,0.95,0.14,370.0,0
2025-02-08,6,2,6,4437,22,6.79,2,0.14,6.84,5.22,42.0,38.0,153.0,5.0,1.0,0.15,38.0,8.42,0.14,280.0,22.0,3.63,0.15,310.0,26.0,5.76,0.16,270.0,27.0,4.81,0.14,330.0,18.0,3.88,0.15,310.0,22.0,2.27,0.17,400.0,0
2025-02-08,6,3,4,5218,8,6.79,3,0.09,5.5,3.42,18.0,21.0,114.0,0.0,0.0,0.15,16.0,7.5,0.13,260.0,21.0,4.76,0.15,300.0,21.0,3.33,0.12,240.0,19.0,4.21,0.14,330.0,18.0,1.11,0.17,350.0,19.0,0.0,0.22,460.0,0
2025-02-08,6,4,1,5172,65,6.78,4,0.03,5.34,3.82,18.0,26.0,115.0,1.0,0.0,0.18,14.0,7.14,0.15,290.0,23.0,3.91,0.18,430.0,22.0,3.63,0.2,450.0,18.0,3.88,0.18,400.0,21.0,2.85,0.18,410.0,17.0,2.35,0.16,420.0,0
2025-02-08,6,5,2,4030,31,6.84,5,0.03,6.45,3.63,20.0,24.0,121.0,4.0,0.0,0.13,26.0,6.15,0.14,350.0,20.0,3.5,0.13,390.0,19.0,3.68,0.13,330.0,21.0,3.81,0.13,390.0,18.0,2.22,0.13,380.0,17.0,1.17,0.15,420.0,0
2025-02-08,6,6,5,4383,34,6.85,6,0.04,5.66,3.79,22.0,25.0,124.0,1.0,0.0,0.15,21.0,8.57,0.14,260.0,19.0,4.73,0.15,370.0,23.0,4.78,0.14,280.0,27.0,2.22,0.14,360.0,19.0,1.05,0.18,350.0,15.0,0.66,0.18,340.0,0
2025-02-08,7,1,2,5224,9,6.81,1,0.09,6.55,4.57,25.0,23.0,105.0,4.0,1.0,0.16,20.0,8.5,0.15,310.0,19.0,6.31,0.14,310.0,18.0,4.44,0.15,280.0,17.0,4.11,0.16,330.0,11.0,1.81,0.16,370.0,20.0,1.0,0.22,490.0,0
2025-02-08,7,2,1,4596,61,6.87,2,0.16,6.28,4.44,23.0,21.0,99.0,1.0,0.0,0.15,20.0,7.5,0.13,240.0,13.0,4.61,0.19,320.0,17.0,4.7,0.15,280.0,15.0,3.33,0.13,370.0,21.0,4.28,0.15,270.0,13.0,0.76,0.13,250.0,0
2025-02-08,7,3,6,4733,3,6.88,3,0.13,5.47,3.87,21.0,17.0,98.0,3.0,0.0,0.15,15.0,8.66,0.15,250.0,21.0,3.33,0.14,270.0,13.0,3.84,0.13,260.0,18.0,3.88,0.16,290.0,19.0,2.1,0.17,250.0,12.0,1.66,0.15,240.0,0
2025-02-08,7,4,3,4260,41,6.94,4,0.17,5.64,3.7,32.0,21.0,143.0,3.0,1.0,0.15,29.0,6.55,0.12,310.0,21.0,2.85,0.18,380.0,19.0,3.68,0.15,320.0,30.0,4.66,0.15,310.0,21.0,1.9,0.14,300.0,23.0,1.3,0.18,360.0,0
2025-02-08,7,5,4,4452,63,6.83,5,0.28,5.73,4.07,20.0,26.0,113.0,3.0,0.0,0.16,23.0,6.95,0.16,280.0,17.0,6.47,0.16,350.0,23.0,3.04,0.13,300.0,16.0,4.37,0.17,320.0,18.0,1.66,0.19,430.0,16.0,1.25,0.19,460.0,0
2025-02-08,7,6,5,4776,35,6.85,6,0.29,6.77,5.11,34.0,31.0,127.0,6.0,1.0,0.16,26.0,8.84,0.12,250.0,22.0,5.9,0.14,330.0,18.0,6.11,0.15,310.0,19.0,4.73,0.15,340.0,21.0,1.9,0.22,450.0,21.0,2.38,0.2,510.0,0
2025-02-08,8,1,2,4028,47,6.85,1,0.21,6.1,3.78,26.0,16.0,111.0,1.0,0.0,0.13,23.0,8.69,0.1,170.0,15.0,2.66,0.13,370.0,19.0,4.21,0.13,260.0,24.0,2.5,0.13,350.0,14.0,1.42,0.17,340.0,15.0,1.33,0.16,370.0,0
2025-02-08,8,2,3,4459,23,6.86,2,0.24,7.04,4.05,31.0,16.0,116.0,4.0,1.0,0.12,27.0,7.4,0.13,340.0,17.0,4.11,0.12,310.0,18.0,3.33,0.13,350.0,16.0,4.37,0.11,240.0,18.0,2.77,0.11,270.0,20.0,1.0,0.14,370.0,0
2025-02-08,8,3,1,4852,33,6.86,3,0.23,6.17,4.0,27.0,23.0,125.0,2.0,0.0,0.16,24.0,7.91,0.17,400.0,21.0,5.23,0.15,400.0,16.0,4.37,0.15,350.0,22.0,2.27,0.15,330.0,22.0,2.27,0.16,300.0,20.0,1.5,0.18,430.0,0
2025-02-08,8,4,6,3955,46,6.9,4,0.21,5.55,3.26,19.0,14.0,101.0,0.0,0.0,0.18,15.0,7.33,0.15,340.0,18.0,3.88,0.16,310.0,19.0,4.73,0.16,330.0,16.0,1.25,0.19,360.0,21.0,1.42,0.21,430.0,12.0,0.83,0.22,490.0,0
2025-02-08,8,5,4,5257,5,6.9,5,0.19,5.63,3.98,20.0,19.0,98.0,1.0,0.0,0.15,14.0,6.42,0.17,360.0,13.0,6.15,0.18,460.0,18.0,3.33,0.17,360.0,19.0,2.63,0.14,280.0,17.0,3.52,0.14,300.0,17.0,2.94,0.14,370.0,0
2025-02-08,8,6,5,4450,40,6.87,6,0.18,6.71,4.77,37.0,36.0,153.0,7.0,0.0,0.15,31.0,8.38,0.15,260.0,24.0,6.66,0.15,280.0,27.0,5.18,0.17,270.0,26.0,3.84,0.15,360.0,27.0,2.22,0.14,340.0,18.0,0.55,0.17,470.0,0
2025-02-08,11,1,2,4030,31,6.8,1,0.21,6.45,3.63,20.0,24.0,121.0,4.0,0.0,0.13,26.0,6.15,0.14,350.0,20.0,3.5,0.13,390.0,19.0,3.68,0.13,330.0,21.0,3.81,0.13,390.0,18.0,2.22,0.13,380.0,17.0,1.17,0.15,420.0,0
2025-02-08,11,2,6,4571,51,6.63,6,0.12,6.72,5.66,47.0,25.0,127.0,7.0,4.0,0.16,31.0,8.06,0.19,440.0,16.0,6.25,0.16,360.0,16.0,3.75,0.17,360.0,21.0,6.66,0.15,330.0,19.0,4.73,0.16,330.0,24.0,3.33,0.15,340.0,0
2025-02-08,11,3,1,4685,20,6.77,2,0.16,6.82,4.53,31.0,23.0,119.0,4.0,2.0,0.12,25.0,7.6,0.1,230.0,17.0,6.47,0.11,260.0,21.0,4.28,0.11,270.0,18.0,3.88,0.14,280.0,19.0,2.63,0.16,380.0,19.0,1.57,0.13,310.0,0
2025-02-08,11,4,5,5298,45,6.82,3,0.22,6.05,4.59,21.0,19.0,87.0,2.0,1.0,0.15,11.0,8.18,0.14,240.0,16.0,5.0,0.16,290.0,11.0,2.72,0.2,350.0,14.0,5.0,0.14,230.0,18.0,3.33,0.14,250.0,17.0,4.11,0.12,180.0,0
2025-02-08,11,5,3,5136,1,6.79,4,0.15,6.08,3.96,32.0,20.0,131.0,4.0,2.0,0.13,33.0,8.18,0.13,200.0,18.0,3.33,0.16,260.0,27.0,2.96,0.1,230.0,21.0,3.33,0.13,250.0,14.0,2.14,0.12,220.0,18.0,0.55,0.16,360.0,0
2025-02-08,11,6,4,4732,18,6.85,5,0.17,6.45,4.4,24.0,20.0,100.0,3.0,0.0,0.12,23.0,8.26,0.13,210.0,18.0,5.0,0.15,350.0,20.0,2.0,0.13,230.0,19.0,3.68,0.1,240.0,13.0,3.07,0.12,310.0,7.0,1.42,0.13,270.0,0
2025-02-09,4,1,2,3975,49,6.81,1,0.17,5.81,4.13,28.0,34.0,150.0,2.0,0.0,0.15,32.0,8.43,0.13,220.0,20.0,4.5,0.15,320.0,21.0,4.28,0.16,270.0,17.0,5.29,0.15,280.0,27.0,1.48,0.17,320.0,33.0,1.21,0.16,350.0,0
2025-02-09,4,2,1,4839,53,6.85,2,0.18,5.62,3.93,22.0,26.0,122.0,2.0,0.0,0.13,21.0,7.61,0.14,270.0,20.0,4.5,0.12,250.0,17.0,4.11,0.14,270.0,24.0,2.91,0.13,250.0,18.0,3.33,0.1,160.0,22.0,1.36,0.12,280.0,0
2025-02-09,4,3,5,5136,1,6.79,3,0.14,6.08,3.96,32.0,20.0,131.0,4.0,2.0,0.13,33.0,8.18,0.13,200.0,18.0,3.33,0.16,260.0,27.0,2.96,0.1,230.0,21.0,3.33,0.13,250.0,14.0,2.14,0.12,220.0,18.0,0.55,0.16,360.0,0
2025-02-09,4,4,3,4704,4,6.76,4,0.2,6.44,4.88,28.0,35.0,129.0,4.0,0.0,0.15,26.0,8.84,0.13,260.0,19.0,4.21,0.16,380.0,22.0,5.0,0.15,290.0,22.0,4.54,0.16,370.0,22.0,3.63,0.17,360.0,18.0,1.66,0.15,340.0,0
2025-02-09,4,5,4,4757,16,6.86,5,0.18,6.85,5.25,50.0,34.0,160.0,6.0,1.0,0.14,37.0,8.91,0.14,270.0,20.0,5.5,0.12,330.0,26.0,3.84,0.14,320.0,32.0,4.37,0.15,330.0,26.0,4.23,0.15,290.0,19.0,2.63,0.13,250.0,0
2025-02-09,4,6,6,4733,3,6.84,6,0.21,5.47,3.87,21.0,17.0,98.0,3.0,0.0,0.15,15.0,8.66,0.15,250.0,21.0,3.33,0.14,270.0,13.0,3.84,0.13,260.0,18.0,3.88,0.16,290.0,19.0,2.1,0.17,250.0,12.0,1.66,0.15,240.0,0
2025-02-09,5,1,2,3955,46,6.88,1,0.14,5.55,3.26,19.0,14.0,101.0,0.0,0.0,0.18,15.0,7.33,0.15,340.0,18.0,3.88,0.16,310.0,19.0,4.73,0.16,330.0,16.0,1.25,0.19,360.0,21.0,1.42,0.21,430.0,12.0,0.83,0.22,490.0,0
2025-02-09,5,2,1,4437,22,6.85,2,0.15,6.84,5.22,42.0,38.0,153.0,5.0,1.0,0.15,38.0,8.42,0.14,280.0,22.0,3.63,0.15,310.0,26.0,5.76,0.16,270.0,27.0,4.81,0.14,330.0,18.0,3.88,0.15,310.0,22.0,2.27,0.17,400.0,0
2025-02-09,5,3,6,3841,14,6.94,3,0.14,5.9,3.84,21.0,19.0,104.0,1.0,0.0,0.19,22.0,8.18,0.17,390.0,17.0,4.11,0.21,450.0,16.0,2.5,0.2,410.0,17.0,2.94,0.19,460.0,14.0,2.85,0.17,460.0,18.0,1.11,0.22,500.0,0
2025-02-09,5,4,5,4596,61,6.92,4,0.1,6.28,4.44,23.0,21.0,99.0,1.0,0.0,0.15,20.0,7.5,0.13,240.0,13.0,4.61,0.19,320.0,17.0,4.7,0.15,280.0,15.0,3.33,0.13,370.0,21.0,4.28,0.15,270.0,13.0,0.76,0.13,250.0,0
2025-02-09,5,5,3,4772,52,6.91,5,0.09,6.67,4.59,28.0,23.0,111.0,2.0,1.0,0.11,28.0,7.85,0.11,240.0,15.0,2.0,0.13,250.0,16.0,5.0,0.1,210.0,19.0,4.73,0.1,200.0,12.0,4.16,0.12,280.0,21.0,1.9,0.11,260.0,0
2025-02-09,5,6,4,5172,65,6.84,6,0.11,5.34,3.82,18.0,26.0,115.0,1.0,0.0,0.18,14.0,7.14,0.15,290.0,23.0,3.91,0.18,430.0,22.0,3.63,0.2,450.0,18.0,3.88,0.18,400.0,21.0,2.85,0.18,410.0,17.0,2.35,0.16,420.0,0
2025-02-09,6,1,4,3333,66,6.83,1,0.09,6.06,4.42,27.0,27.0,122.0,1.0,0.0,0.15,25.0,9.6,0.12,160.0,20.0,4.0,0.15,350.0,15.0,3.33,0.13,340.0,20.0,3.5,0.14,320.0,25.0,3.2,0.16,340.0,17.0,1.17,0.18,380.0,0
2025-02-09,6,2,1,3611,54,6.91,2,0.06,6.02,4.28,25.0,26.0,119.0,2.0,1.0,0.16,24.0,6.66,0.17,350.0,18.0,5.55,0.14,270.0,25.0,6.0,0.14,260.0,18.0,2.77,0.17,290.0,18.0,1.11,0.17,310.0,16.0,1.87,0.18,400.0,0
2025-02-09,6,3,3,4452,63,6.87,3,0.07,5.73,4.07,20.0,26.0,113.0,3.0,0.0,0.16,23.0,6.95,0.16,280.0,17.0,6.47,0.16,350.0,23.0,3.04,0.13,300.0,16.0,4.37,0.17,320.0,18.0,1.66,0.19,430.0,16.0,1.25,0.19,460.0,0
2025-02-09,6,4,5,4383,34,6.95,4,0.13,5.66,3.79,22.0,25.0,124.0,1.0,0.0,0.15,21.0,8.57,0.14,260.0,19.0,4.73,0.15,370.0,23.0,4.78,0.14,280.0,27.0,2.22,0.14,360.0,19.0,1.05,0.18,350.0,15.0,0.66,0.18,340.0,0
2025-02-09,6,5,6,3908,29,6.96,6,0.09,6.23,3.75,22.0,23.0,120.0,2.0,0.0,0.15,21.0,8.09,0.13,250.0,17.0,2.94,0.12,340.0,19.0,3.15,0.15,320.0,19.0,3.15,0.13,310.0,21.0,3.33,0.14,270.0,23.0,1.73,0.19,430.0,0
2025-02-09,6,6,2,4812,15,6.86,5,0.08,7.07,5.77,29.0,12.0,71.0,5.0,2.0,0.13,16.0,9.37,0.13,260.0,11.0,6.36,0.13,210.0,9.0,6.66,0.13,260.0,12.0,5.0,0.12,240.0,11.0,3.63,0.11,230.0,12.0,2.5,0.14,260.0,0
2025-02-09,11,1,2,4030,31,6.8,1,0.04,6.45,3.63,20.0,24.0,121.0,4.0,0.0,0.13,26.0,6.15,0.14,350.0,20.0,3.5,0.13,390.0,19.0,3.68,0.13,330.0,21.0,3.81,0.13,390.0,18.0,2.22,0.13,380.0,17.0,1.17,0.15,420.0,0
2025-02-09,11,2,1,5224,9,6.9,2,0.11,6.55,4.57,25.0,23.0,105.0,4.0,1.0,0.16,20.0,8.5,0.15,310.0,19.0,6.31,0.14,310.0,18.0,4.44,0.15,280.0,17.0,4.11,0.16,330.0,11.0,1.81,0.16,370.0,20.0,1.0,0.22,490.0,0
2025-02-09,11,3,6,4459,23,6.89,3,0.07,7.04,4.05,31.0,16.0,116.0,4.0,1.0,0.12,27.0,7.4,0.13,340.0,17.0,4.11,0.12,310.0,18.0,3.33,0.13,350.0,16.0,4.37,0.11,240.0,18.0,2.77,0.11,270.0,20.0,1.0,0.14,370.0,0
2025-02-09,11,4,3,4387,13,6.92,4,0.09,6.31,4.21,25.0,26.0,121.0,3.0,0.0,0.15,29.0,7.58,0.15,340.0,20.0,5.0,0.17,360.0,17.0,2.35,0.15,240.0,20.0,5.5,0.12,260.0,18.0,1.66,0.16,320.0,17.0,0.58,0.16,390.0,0
2025-02-09,11,5,5,4331,11,6.95,5,0.02,6.14,4.56,27.0,30.0,125.0,2.0,0.0,0.14,23.0,8.69,0.12,180.0,19.0,3.68,0.11,190.0,22.0,5.0,0.13,260.0,29.0,3.44,0.15,320.0,15.0,3.33,0.16,260.0,17.0,2.35,0.19,450.0,0
2025-02-09,11,6,4,4571,51,6.73,6,0.03,6.72,5.66,47.0,25.0,127.0,7.0,4.0,0.16,31.0,8.06,0.19,440.0,16.0,6.25,0.16,360.0,16.0,3.75,0.17,360.0,21.0,6.66,0.15,330.0,19.0,4.73,0.16,330.0,24.0,3.33,0.15,340.0,0
2025-02-10,3,1,6,5218,8,6.92,1,0.41,5.5,3.42,18.0,21.0,114.0,0.0,0.0,0.15,16.0,7.5,0.13,260.0,21.0,4.76,0.15,300.0,21.0,3.33,0.12,240.0,19.0,4.21,0.14,330.0,18.0,1.11,0.17,350.0,19.0,0.0,0.22,460.0,0
2025-02-10,3,2,1,4596,61,6.99,2,0.15,6.28,4.44,23.0,21.0,99.0,1.0,0.0,0.15,20.0,7.5,0.13,240.0,13.0,4.61,0.19,320.0,17.0,4.7,0.15,280.0,15.0,3.33,0.13,370.0,21.0,4.28,0.15,270.0,13.0,0.76,0.13,250.0,0
2025-02-10,3,3,5,3541,38,6.96,3,0.14,6.51,4.67,42.0,29.0,152.0,3.0,1.0,0.14,36.0,8.61,0.15,270.0,26.0,3.46,0.13,270.0,27.0,4.44,0.14,290.0,23.0,4.34,0.13,280.0,21.0,2.85,0.15,330.0,19.0,1.57,0.13,390.0,0
2025-02-10,3,4,2,3333,66,6.99,4,0.13,6.06,4.42,27.0,27.0,122.0,1.0,0.0,0.15,25.0,9.6,0.12,160.0,20.0,4.0,0.15,350.0,15.0,3.33,0.13,340.0,20.0,3.5,0.14,320.0,25.0,3.2,0.16,340.0,17.0,1.17,0.18,380.0,0
2025-02-10,3,5,3,4852,33,6.97,5,0.14,6.17,4.0,27.0,23.0,125.0,2.0,0.0,0.16,24.0,7.91,0.17,400.0,21.0,5.23,0.15,400.0,16.0,4.37,0.15,350.0,22.0,2.27,0.15,330.0,22.0,2.27,0.16,300.0,20.0,1.5,0.18,430.0,0
2025-02-10,3,6,4,5136,1,6.9,6,0.11,6.08,3.96,32.0,20.0,131.0,4.0,2.0,0.13,33.0,8.18,0.13,200.0,18.0,3.33,0.16,260.0,27.0,2.96,0.1,230.0,21.0,3.33,0.13,250.0,14.0,2.14,0.12,220.0,18.0,0.55,0.16,360.0,0
2025-02-10,6,1,2,4348,27,6.87,1,0.14,6.73,5.41,35.0,37.0,133.0,4.0,1.0,0.16,28.0,8.57,0.16,260.0,26.0,6.53,0.15,360.0,19.0,7.36,0.15,330.0,29.0,3.44,0.18,390.0,12.0,3.33,0.15,330.0,19.0,1.57,0.17,390.0,0
2025-02-10,6,2,5,3470,59,6.83,2,0.12,5.43,3.55,15.0,17.0,90.0,0.0,0.0,0.16,15.0,6.0,0.18,310.0,20.0,4.0,0.17,330.0,15.0,4.66,0.13,230.0,15.0,3.33,0.18,370.0,15.0,2.0,0.14,270.0,10.0,0.0,0.13,280.0,0
2025-02-10,6,3,6,4383,34,6.91,3,0.12,5.66,3.79,22.0,25.0,124.0,1.0,0.0,0.15,21.0,8.57,0.14,260.0,19.0,4.73,0.15,370.0,23.0,4.78,0.14,280.0,27.0,2.22,0.14,360.0,19.0,1.05,0.18,350.0,15.0,0.66,0.18,340.0,0
2025-02-10,6,4,1,4571,51,6.71,4,0.11,6.72,5.66,47.0,25.0,127.0,7.0,4.0,0.16,31.0,8.06,0.19,440.0,16.0,6.25,0.16,360.0,16.0,3.75,0.17,360.0,21.0,6.66,0.15,330.0,19.0,4.73,0.16,330.0,24.0,3.33,0.15,340.0,0
2025-02-10,6,5,3,4063,64,6.76,5,0.15,6.53,4.74,30.0,26.0,118.0,6.0,2.0,0.16,22.0,9.54,0.15,200.0,19.0,4.21,0.14,350.0,20.0,4.5,0.16,310.0,18.0,5.0,0.17,350.0,17.0,3.52,0.18,370.0,22.0,1.36,0.17,350.0,0
2025-02-10,6,6,4,5172,65,6.77,6,0.16,5.34,3.82,18.0,26.0,115.0,1.0,0.0,0.18,14.0,7.14,0.15,290.0,23.0,3.91,0.18,430.0,22.0,3.63,0.2,450.0,18.0,3.88,0.18,400.0,21.0,2.85,0.18,410.0,17.0,2.35,0.16,420.0,0
2025-02-13,3,1,6,4988,44,6.71,1,0.21,4.16,2.58,9.0,15.0,93.0,0.0,0.0,0.14,11.0,8.18,0.16,230.0,17.0,2.35,0.12,250.0,20.0,2.5,0.13,260.0,11.0,3.63,0.14,320.0,17.0,0.58,0.14,270.0,17.0,0.58,0.14,340.0,0
2025-02-13,3,2,1,4520,46,6.61,3,0.13,5.44,3.89,23.0,28.0,131.0,2.0,1.0,0.15,22.0,8.18,0.13,220.0,27.0,4.07,0.14,270.0,18.0,2.77,0.13,260.0,31.0,3.87,0.16,310.0,15.0,2.66,0.16,330.0,18.0,0.55,0.17,370.0,0
2025-02-13,3,3,5,4379,29,6.65,4,0.15,5.92,3.98,22.0,17.0,98.0,1.0,1.0,0.17,20.0,8.0,0.14,350.0,14.0,4.28,0.22,360.0,19.0,4.73,0.17,320.0,14.0,1.42,0.13,360.0,14.0,2.85,0.18,410.0,17.0,1.17,0.17,390.0,0
2025-02-13,3,4,3,3553,18,6.68,5,0.14,4.19,1.66,5.0,10.0,90.0,0.0,0.0,0.18,14.0,5.0,0.16,350.0,14.0,1.42,0.22,470.0,19.0,1.05,0.18,330.0,15.0,2.0,0.16,340.0,18.0,0.55,0.19,390.0,10.0,0.0,0.19,440.0,0
2025-02-13,3,5,4,3582,31,6.69,2,0.22,6.89,5.73,43.0,43.0,150.0,7.0,0.0,0.17,34.0,7.05,0.15,340.0,53.0,5.47,0.17,370.0,48.0,5.41,0.16,330.0,15.0,4.66,0.2,410.0,0.0,0.0,0.0,0.0,0.0,0.0,0.0,0.0,0
2025-02-13,3,6,2,3523,43,6.72,6,0.18,4.56,2.44,8.0,13.0,86.0,1.0,0.0,0.17,14.0,7.14,0.18,310.0,11.0,1.81,0.2,420.0,11.0,0.9,0.18,390.0,12.0,0.83,0.14,320.0,16.0,2.5,0.16,310.0,22.0,1.36,0.18,390.0,0
2025-02-13,5,1,5,3627,55,6.68,1,0.22,4.36,2.05,13.0,9.0,107.0,1.0,0.0,0.18,16.0,5.0,0.18,410.0,26.0,1.15,0.19,400.0,22.0,2.27,0.18,370.0,24.0,1.66,0.16,360.0,17.0,1.17,0.17,350.0,2.0,0.0,0.15,600.0,0
2025-02-13,5,2,1,4099,50,6.68,2,0.24,6.87,5.74,33.0,29.0,108.0,4.0,1.0,0.16,24.0,7.91,0.19,420.0,16.0,5.0,0.18,390.0,24.0,5.83,0.15,330.0,18.0,5.55,0.16,290.0,20.0,5.0,0.14,300.0,6.0,1.66,0.1,270.0,0
2025-02-13,5,3,6,4449,35,6.71,3,0.21,4.01,1.45,8.0,8.0,110.0,0.0,0.0,0.17,15.0,5.33,0.17,340.0,16.0,0.62,0.19,380.0,20.0,1.5,0.17,320.0,18.0,1.11,0.14,340.0,22.0,0.9,0.19,280.0,18.0,0.0,0.15,280.0,0
2025-02-13,5,4,4,3550,62,6.77,4,0.17,4.95,3.03,23.0,21.0,145.0,2.0,0.0,0.15,24.0,7.08,0.16,310.0,23.0,2.6,0.16,330.0,27.0,3.33,0.16,380.0,28.0,2.5,0.15,290.0,27.0,1.48,0.14,290.0,16.0,0.62,0.15,380.0,0
2025-02-13,5,5,2,3965,20,6.79,5,0.12,5.53,3.39,17.0,22.0,115.0,0.0,0.0,0.15,18.0,6.66,0.11,190.0,21.0,5.23,0.16,350.0,21.0,4.28,0.14,290.0,22.0,0.9,0.15,300.0,21.0,1.42,0.16,260.0,12.0,1.66,0.15,350.0,0
2025-02-13,5,6,3,3857,57,6.63,6,0.12,3.86,1.51,3.0,15.0,119.0,1.0,0.0,0.19,0.0,0.0,0.0,0.0,0.0,0.0,0.0,0.0,0.0,0.0,0.0,0.0,0.0,0.0,0.0,0.0,2.0,0.0,0.2,500.0,117.0,1.53,0.19,420.0,0
2025-02-13,11,1,4,3582,31,6.68,1,0.17,6.89,5.73,43.0,43.0,150.0,7.0,0.0,0.17,34.0,7.05,0.15,340.0,53.0,5.47,0.17,370.0,48.0,5.41,0.16,330.0,15.0,4.66,0.2,410.0,0.0,0.0,0.0,0.0,0.0,0.0,0.0,0.0,0
2025-02-13,11,2,1,4436,59,6.72,2,0.16,6.45,4.95,28.0,29.0,115.0,3.0,0.0,0.15,21.0,9.52,0.13,260.0,15.0,7.33,0.15,300.0,21.0,5.23,0.14,300.0,21.0,4.76,0.16,350.0,19.0,1.57,0.14,310.0,18.0,1.11,0.17,320.0,0
2025-02-13,11,3,2,4930,13,6.65,3,0.12,5.68,3.76,22.0,22.0,117.0,1.0,0.0,0.14,18.0,7.77,0.15,290.0,23.0,4.78,0.16,310.0,15.0,3.33,0.15,190.0,29.0,3.1,0.13,250.0,12.0,1.66,0.14,280.0,20.0,1.5,0.15,310.0,0
2025-02-13,11,4,3,5023,47,6.71,4,0.24,5.1,3.23,22.0,23.0,139.0,3.0,1.0,0.16,25.0,6.8,0.14,290.0,20.0,3.0,0.15,320.0,27.0,3.33,0.15,310.0,21.0,4.28,0.16,280.0,23.0,0.87,0.17,350.0,22.0,0.9,0.21,450.0,0
2025-02-13,11,5,6,3627,55,6.67,5,0.23,4.36,2.05,13.0,9.0,107.0,1.0,0.0,0.18,16.0,5.0,0.18,410.0,26.0,1.15,0.19,400.0,22.0,2.27,0.18,370.0,24.0,1.66,0.16,360.0,17.0,1.17,0.17,350.0,2.0,0.0,0.15,600.0,0
2025-02-13,11,6,5,4359,34,6.73,6,0.21,5.04,3.05,13.0,20.0,108.0,0.0,0.0,0.14,14.0,9.28,0.14,210.0,21.0,3.33,0.14,270.0,16.0,0.62,0.13,250.0,22.0,2.72,0.14,250.0,18.0,2.77,0.13,180.0,17.0,0.58,0.15,360.0,0
2025-02-14,2,1,6,5190,21,6.66,1,0.31,4.1,1.78,6.0,9.0,84.0,0.0,0.0,0.17,11.0,4.54,0.15,240.0,18.0,1.66,0.15,400.0,12.0,1.66,0.18,420.0,13.0,3.07,0.19,390.0,17.0,0.58,0.2,390.0,13.0,0.0,0.18,370.0,0
2025-02-14,2,2,3,3553,18,6.77,2,0.23,4.19,1.66,5.0,10.0,90.0,0.0,0.0,0.18,14.0,5.0,0.16,350.0,14.0,1.42,0.22,470.0,19.0,1.05,0.18,330.0,15.0,2.0,0.16,340.0,18.0,0.55,0.19,390.0,10.0,0.0,0.19,440.0,0
2025-02-14,2,3,1,4247,25,6.74,3,0.32,5.28,3.09,8.0,26.0,110.0,1.0,0.0,0.16,16.0,6.25,0.2,480.0,20.0,4.5,0.15,380.0,19.0,3.15,0.13,320.0,19.0,2.1,0.14,270.0,20.0,2.0,0.15,340.0,16.0,0.62,0.18,360.0,0
2025-02-14,2,4,5,3357,1,6.74,4,0.23,4.75,2.43,14.0,13.0,111.0,0.0,0.0,0.2,17.0,5.29,0.21,430.0,24.0,2.91,0.18,370.0,19.0,2.1,0.18,380.0,19.0,2.63,0.17,340.0,21.0,0.95,0.21,380.0,11.0,0.0,0.21,480.0,0
2025-02-14,2,5,4,4336,51,6.78,6,0.21,5.88,3.67,27.0,23.0,136.0,2.0,0.0,0.14,28.0,7.85,0.15,290.0,19.0,3.68,0.14,290.0,25.0,3.6,0.11,220.0,22.0,3.18,0.13,260.0,19.0,2.1,0.15,330.0,23.0,0.43,0.14,270.0,0
2025-02-14,2,6,2,4110,22,6.8,5,0.22,4.22,2.04,10.0,9.0,93.0,0.0,0.0,0.19,13.0,6.15,0.17,280.0,17.0,2.94,0.17,370.0,18.0,1.66,0.18,360.0,14.0,0.71,0.19,410.0,14.0,1.42,0.19,370.0,17.0,0.0,0.23,500.0,0
2025-02-14,7,1,3,4247,25,6.65,1,0.2,5.28,3.09,8.0,26.0,110.0,1.0,0.0,0.16,16.0,6.25,0.2,480.0,20.0,4.5,0.15,380.0,19.0,3.15,0.13,320.0,19.0,2.1,0.14,270.0,20.0,2.0,0.15,340.0,16.0,0.62,0.18,360.0,0
2025-02-14,7,2,1,5023,47,6.68,2,0.15,5.1,3.23,22.0,23.0,139.0,3.0,1.0,0.16,25.0,6.8,0.14,290.0,20.0,3.0,0.15,320.0,27.0,3.33,0.15,310.0,21.0,4.28,0.16,280.0,23.0,0.87,0.17,350.0,22.0,0.9,0.21,450.0,0
2025-02-14,7,3,4,4055,38,6.76,3,0.22,6.44,4.46,34.0,24.0,130.0,7.0,4.0,0.14,29.0,9.31,0.14,260.0,20.0,4.5,0.14,250.0,21.0,2.85,0.13,330.0,21.0,4.28,0.14,320.0,19.0,2.1,0.13,280.0,20.0,1.5,0.16,420.0,0
2025-02-14,7,4,6,4988,44,6.75,4,0.18,4.16,2.58,9.0,15.0,93.0,0.0,0.0,0.14,11.0,8.18,0.16,230.0,17.0,2.35,0.12,250.0,20.0,2.5,0.13,260.0,11.0,3.63,0.14,320.0,17.0,0.58,0.14,270.0,17.0,0.58,0.14,340.0,0
2025-02-14,7,5,5,4930,13,6.66,5,0.2,5.68,3.76,22.0,22.0,117.0,1.0,0.0,0.14,18.0,7.77,0.15,290.0,23.0,4.78,0.16,310.0,15.0,3.33,0.15,190.0,29.0,3.1,0.13,250.0,12.0,1.66,0.14,280.0,20.0,1.5,0.15,310.0,0
2025-02-14,7,6,2,3965,20,6.76,6,0.2,5.53,3.39,17.0,22.0,115.0,0.0,0.0,0.15,18.0,6.66,0.11,190.0,21.0,5.23,0.16,350.0,21.0,4.28,0.14,290.0,22.0,0.9,0.15,300.0,21.0,1.42,0.16,260.0,12.0,1.66,0.15,350.0,0
2025-02-14,9,1,5,4581,32,6.74,1,0.11,5.66,3.79,23.0,21.0,116.0,0.0,0.0,0.14,21.0,8.57,0.13,260.0,19.0,3.15,0.14,310.0,21.0,3.33,0.14,300.0,19.0,3.15,0.16,270.0,23.0,3.04,0.15,280.0,13.0,0.0,0.12,330.0,0
2025-02-14,9,2,6,4449,35,6.74,3,0.18,4.01,1.45,8.0,8.0,110.0,0.0,0.0,0.17,15.0,5.33,0.17,340.0,16.0,0.62,0.19,380.0,20.0,1.5,0.17,320.0,18.0,1.11,0.14,340.0,22.0,0.9,0.19,280.0,18.0,0.0,0.15,280.0,0
2025-02-14,9,3,1,4436,59,6.72,4,0.17,6.45,4.95,28.0,29.0,115.0,3.0,0.0,0.15,21.0,9.52,0.13,260.0,15.0,7.33,0.15,300.0,21.0,5.23,0.14,300.0,21.0,4.76,0.16,350.0,19.0,1.57,0.14,310.0,18.0,1.11,0.17,320.0,0
2025-02-14,9,4,2,3582,31,6.7,2,0.14,6.89,5.73,43.0,43.0,150.0,7.0,0.0,0.17,34.0,7.05,0.15,340.0,53.0,5.47,0.17,370.0,48.0,5.41,0.16,330.0,15.0,4.66,0.2,410.0,0.0,0.0,0.0,0.0,0.0,0.0,0.0,0.0,0
2025-02-14,9,5,4,5066,37,6.71,5,0.15,5.04,3.1,15.0,25.0,129.0,0.0,0.0,0.18,22.0,5.45,0.18,320.0,16.0,4.37,0.17,380.0,26.0,3.84,0.19,370.0,27.0,1.85,0.18,380.0,24.0,2.08,0.19,420.0,14.0,0.71,0.18,410.0,0
2025-02-14,9,6,3,3857,57,6.53,6,0.12,3.86,1.51,3.0,15.0,119.0,1.0,0.0,0.19,0.0,0.0,0.0,0.0,0.0,0.0,0.0,0.0,0.0,0.0,0.0,0.0,0.0,0.0,0.0,0.0,2.0,0.0,0.2,500.0,117.0,1.53,0.19,420.0,0
2025-02-14,12,1,2,4055,38,6.78,1,0.11,6.44,4.46,34.0,24.0,130.0,7.0,4.0,0.14,29.0,9.31,0.14,260.0,20.0,4.5,0.14,250.0,21.0,2.85,0.13,330.0,21.0,4.28,0.14,320.0,19.0,2.1,0.13,280.0,20.0,1.5,0.16,420.0,0
2025-02-14,12,2,1,3654,23,6.75,2,0.11,6.66,4.91,33.0,23.0,114.0,5.0,2.0,0.18,29.0,8.62,0.19,390.0,18.0,6.11,0.19,440.0,20.0,4.0,0.19,380.0,17.0,4.7,0.13,310.0,18.0,1.66,0.18,380.0,12.0,0.83,0.2,450.0,0
2025-02-14,12,3,3,4492,2,6.76,3,0.11,6.19,4.45,26.0,23.0,110.0,3.0,0.0,0.16,20.0,6.5,0.15,310.0,21.0,5.23,0.15,330.0,22.0,5.45,0.19,350.0,21.0,3.81,0.15,350.0,19.0,1.57,0.17,340.0,7.0,2.85,0.16,340.0,0
2025-02-14,12,4,5,4379,29,6.78,4,0.09,5.92,3.98,22.0,17.0,98.0,1.0,1.0,0.17,20.0,8.0,0.14,350.0,14.0,4.28,0.22,360.0,19.0,4.73,0.17,320.0,14.0,1.42,0.13,360.0,14.0,2.85,0.18,410.0,17.0,1.17,0.17,390.0,0
2025-02-14,12,5,6,5087,17,6.74,5,0.08,5.95,3.96,26.0,26.0,131.0,5.0,0.0,0.19,22.0,7.72,0.17,300.0,26.0,4.61,0.2,390.0,18.0,3.33,0.17,340.0,18.0,3.33,0.16,340.0,24.0,2.08,0.23,400.0,23.0,2.6,0.2,410.0,0
2025-02-14,12,6,4,5036,63,6.81,6,0.07,5.32,3.77,19.0,24.0,114.0,1.0,0.0,0.16,14.0,9.28,0.16,270.0,20.0,3.0,0.18,400.0,22.0,4.09,0.14,260.0,21.0,4.28,0.14,310.0,27.0,1.85,0.17,360.0,10.0,1.0,0.15,420.0,0
2025-02-15,3,1,4,4520,46,6.69,1,0.15,5.44,3.89,23.0,28.0,131.0,2.0,1.0,0.15,22.0,8.18,0.13,220.0,27.0,4.07,0.14,270.0,18.0,2.77,0.13,260.0,31.0,3.87,0.16,310.0,15.0,2.66,0.16,330.0,18.0,0.55,0.17,370.0,0
2025-02-15,3,2,2,4359,34,6.86,2,0.14,5.04,3.05,13.0,20.0,108.0,0.0,0.0,0.14,14.0,9.28,0.14,210.0,21.0,3.33,0.14,270.0,16.0,0.62,0.13,250.0,22.0,2.72,0.14,250.0,18.0,2.77,0.13,180.0,17.0,0.58,0.15,360.0,0
2025-02-15,3,3,1,5087,17,6.75,4,0.17,5.95,3.96,26.0,26.0,131.0,5.0,0.0,0.19,22.0,7.72,0.17,300.0,26.0,4.61,0.2,390.0,18.0,3.33,0.17,340.0,18.0,3.33,0.16,340.0,24.0,2.08,0.23,400.0,23.0,2.6,0.2,410.0,0
2025-02-15,3,4,6,5291,7,6.7,6,0.48,2.47,0.51,1.0,3.0,78.0,0.0,0.0,0.2,0.0,0.0,0.0,0.0,0.0,0.0,0.0,0.0,2.0,0.0,0.19,350.0,15.0,0.66,0.2,410.0,28.0,1.07,0.18,400.0,33.0,0.0,0.22,490.0,0
2025-02-15,3,5,3,3357,1,6.73,5,0.28,4.75,2.43,14.0,13.0,111.0,0.0,0.0,0.2,17.0,5.29,0.21,430.0,24.0,2.91,0.18,370.0,19.0,2.1,0.18,380.0,19.0,2.63,0.17,340.0,21.0,0.95,0.21,380.0,11.0,0.0,0.21,480.0,0
2025-02-15,3,6,5,4055,38,6.76,3,0.14,6.44,4.46,34.0,24.0,130.0,7.0,4.0,0.14,29.0,9.31,0.14,260.0,20.0,4.5,0.14,250.0,21.0,2.85,0.13,330.0,21.0,4.28,0.14,320.0,19.0,2.1,0.13,280.0,20.0,1.5,0.16,420.0,0
2025-02-15,5,1,6,5066,37,6.61,1,0.15,5.04,3.1,15.0,25.0,129.0,0.0,0.0,0.18,22.0,5.45,0.18,320.0,16.0,4.37,0.17,380.0,26.0,3.84,0.19,370.0,27.0,1.85,0.18,380.0,24.0,2.08,0.19,420.0,14.0,0.71,0.18,410.0,0
2025-02-15,5,2,1,4247,25,6.59,2,0.14,5.28,3.09,8.0,26.0,110.0,1.0,0.0,0.16,16.0,6.25,0.2,480.0,20.0,4.5,0.15,380.0,19.0,3.15,0.13,320.0,19.0,2.1,0.14,270.0,20.0,2.0,0.15,340.0,16.0,0.62,0.18,360.0,0
2025-02-15,5,3,4,3896,5,6.74,3,0.14,5.28,2.64,13.0,14.0,102.0,0.0,0.0,0.17,18.0,5.0,0.16,350.0,13.0,5.38,0.19,380.0,16.0,2.5,0.14,290.0,17.0,2.35,0.16,350.0,20.0,1.5,0.17,400.0,18.0,0.0,0.2,480.0,0
2025-02-15,5,4,2,3303,4,6.74,4,0.17,5.8,3.72,21.0,27.0,129.0,1.0,0.0,0.18,27.0,6.29,0.18,410.0,23.0,4.78,0.19,400.0,28.0,3.21,0.15,330.0,14.0,4.28,0.17,440.0,19.0,2.63,0.2,390.0,18.0,0.0,0.2,510.0,0
2025-02-15,5,5,5,3960,28,6.74,5,0.17,6.99,4.2,23.0,27.0,119.0,3.0,0.0,0.11,26.0,8.46,0.12,230.0,21.0,3.81,0.11,290.0,19.0,4.73,0.1,210.0,18.0,2.22,0.1,250.0,18.0,1.66,0.11,230.0,17.0,2.35,0.1,260.0,0
2025-02-15,5,6,3,3857,57,6.58,6,0.12,3.86,1.51,3.0,15.0,119.0,1.0,0.0,0.19,0.0,0.0,0.0,0.0,0.0,0.0,0.0,0.0,0.0,0.0,0.0,0.0,0.0,0.0,0.0,0.0,2.0,0.0,0.2,500.0,117.0,1.53,0.19,420.0,0
2025-02-15,6,1,2,3685,36,6.66,1,0.17,5.84,4.19,33.0,22.0,131.0,2.0,0.0,0.16,27.0,8.14,0.15,330.0,22.0,5.9,0.15,350.0,23.0,3.47,0.18,300.0,19.0,3.15,0.13,260.0,21.0,1.9,0.17,330.0,19.0,1.05,0.18,390.0,0
2025-02-15,6,2,5,5036,63,6.62,2,0.18,5.32,3.77,19.0,24.0,114.0,1.0,0.0,0.16,14.0,9.28,0.16,270.0,20.0,3.0,0.18,400.0,22.0,4.09,0.14,260.0,21.0,4.28,0.14,310.0,27.0,1.85,0.17,360.0,10.0,1.0,0.15,420.0,0
2025-02-15,6,3,1,3582,31,6.71,3,0.09,6.89,5.73,43.0,43.0,150.0,7.0,0.0,0.17,34.0,7.05,0.15,340.0,53.0,5.47,0.17,370.0,48.0,5.41,0.16,330.0,15.0,4.66,0.2,410.0,0.0,0.0,0.0,0.0,0.0,0.0,0.0,0.0,0
2025-02-15,6,4,4,4581,32,6.75,4,0.15,5.66,3.79,23.0,21.0,116.0,0.0,0.0,0.14,21.0,8.57,0.13,260.0,19.0,3.15,0.14,310.0,21.0,3.33,0.14,300.0,19.0,3.15,0.16,270.0,23.0,3.04,0.15,280.0,13.0,0.0,0.12,330.0,0
2025-02-15,6,5,6,5380,40,6.77,6,0.21,0.0,0.0,0.0,0.0,0.0,0.0,0.0,0.0,0.0,0.0,0.0,0.0,0.0,0.0,0.0,0.0,0.0,0.0,0.0,0.0,0.0,0.0,0.0,0.0,0.0,0.0,0.0,0.0,0.0,0.0,0.0,0.0,0
2025-02-15,6,6,3,5190,21,6.75,5,0.19,4.1,1.78,6.0,9.0,84.0,0.0,0.0,0.17,11.0,4.54,0.15,240.0,18.0,1.66,0.15,400.0,12.0,1.66,0.18,420.0,13.0,3.07,0.19,390.0,17.0,0.58,0.2,390.0,13.0,0.0,0.18,370.0,0
2025-02-15,9,1,3,3965,20,6.73,1,0.22,5.53,3.39,17.0,22.0,115.0,0.0,0.0,0.15,18.0,6.66,0.11,190.0,21.0,5.23,0.16,350.0,21.0,4.28,0.14,290.0,22.0,0.9,0.15,300.0,21.0,1.42,0.16,260.0,12.0,1.66,0.15,350.0,0
2025-02-15,9,2,4,3627,55,6.69,2,0.27,4.36,2.05,13.0,9.0,107.0,1.0,0.0,0.18,16.0,5.0,0.18,410.0,26.0,1.15,0.19,400.0,22.0,2.27,0.18,370.0,24.0,1.66,0.16,360.0,17.0,1.17,0.17,350.0,2.0,0.0,0.15,600.0,0
2025-02-15,9,3,1,3654,23,6.73,3,0.28,6.66,4.91,33.0,23.0,114.0,5.0,2.0,0.18,29.0,8.62,0.19,390.0,18.0,6.11,0.19,440.0,20.0,4.0,0.19,380.0,17.0,4.7,0.13,310.0,18.0,1.66,0.18,380.0,12.0,0.83,0.2,450.0,0
2025-02-15,9,4,6,4220,56,6.74,4,0.19,4.46,2.47,12.0,9.0,85.0,0.0,0.0,0.17,10.0,7.0,0.15,280.0,13.0,0.76,0.16,410.0,22.0,3.63,0.18,390.0,15.0,2.0,0.16,380.0,17.0,1.17,0.18,370.0,8.0,0.0,0.15,300.0,0
2025-02-15,9,5,2,5023,47,6.71,5,0.15,5.1,3.23,22.0,23.0,139.0,3.0,1.0,0.16,25.0,6.8,0.14,290.0,20.0,3.0,0.15,320.0,27.0,3.33,0.15,310.0,21.0,4.28,0.16,280.0,23.0,0.87,0.17,350.0,22.0,0.9,0.21,450.0,0
2025-02-15,9,6,5,4604,26,6.67,6,0.22,7.25,5.78,52.0,36.0,152.0,8.0,4.0,0.14,37.0,8.91,0.11,220.0,20.0,6.0,0.15,360.0,21.0,4.76,0.11,220.0,26.0,5.76,0.15,320.0,28.0,4.28,0.16,330.0,20.0,3.0,0.14,380.0,0
2025-02-16,2,1,4,3787,61,6.76,1,0.29,3.97,1.73,2.0,10.0,69.0,0.0,0.0,0.19,12.0,5.0,0.17,380.0,10.0,1.0,0.2,410.0,8.0,1.25,0.19,350.0,14.0,2.14,0.21,410.0,12.0,0.83,0.19,340.0,12.0,0.0,0.2,420.0,0
2025-02-16,2,2,3,3645,60,6.73,2,0.19,6.41,4.13,14.0,10.0,58.0,1.0,0.0,0.14,10.0,6.0,0.15,230.0,10.0,3.0,0.12,280.0,9.0,3.33,0.19,390.0,8.0,7.5,0.1,180.0,12.0,4.16,0.14,280.0,9.0,1.11,0.15,320.0,0
2025-02-16,2,3,2,4336,51,6.8,3,0.23,5.88,3.67,27.0,23.0,136.0,2.0,0.0,0.14,28.0,7.85,0.15,290.0,19.0,3.68,0.14,290.0,25.0,3.6,0.11,220.0,22.0,3.18,0.13,260.0,19.0,2.1,0.15,330.0,23.0,0.43,0.14,270.0,0
2025-02-16,2,4,5,3896,5,6.83,4,0.26,5.28,2.64,13.0,14.0,102.0,0.0,0.0,0.17,18.0,5.0,0.16,350.0,13.0,5.38,0.19,380.0,16.0,2.5,0.14,290.0,17.0,2.35,0.16,350.0,20.0,1.5,0.17,400.0,18.0,0.0,0.2,480.0,0
2025-02-16,2,5,1,3857,57,6.62,5,0.21,3.86,1.51,3.0,15.0,119.0,1.0,0.0,0.19,0.0,0.0,0.0,0.0,0.0,0.0,0.0,0.0,0.0,0.0,0.0,0.0,0.0,0.0,0.0,0.0,2.0,0.0,0.2,500.0,117.0,1.53,0.19,420.0,0
2025-02-16,2,6,6,5380,40,6.69,6,0.27,0.0,0.0,0.0,0.0,0.0,0.0,0.0,0.0,0.0,0.0,0.0,0.0,0.0,0.0,0.0,0.0,0.0,0.0,0.0,0.0,0.0,0.0,0.0,0.0,0.0,0.0,0.0,0.0,0.0,0.0,0.0,0.0,0
2025-02-16,4,1,3,3748,64,6.74,1,0.19,4.15,1.92,11.0,9.0,104.0,0.0,0.0,0.16,11.0,4.54,0.13,230.0,20.0,1.0,0.17,310.0,18.0,3.88,0.17,300.0,19.0,2.1,0.17,330.0,22.0,0.9,0.15,310.0,14.0,0.0,0.16,340.0,0
2025-02-16,4,2,1,4379,29,6.74,2,0.17,5.92,3.98,22.0,17.0,98.0,1.0,1.0,0.17,20.0,8.0,0.14,350.0,14.0,4.28,0.22,360.0,19.0,4.73,0.17,320.0,14.0,1.42,0.13,360.0,14.0,2.85,0.18,410.0,17.0,1.17,0.17,390.0,0
2025-02-16,4,3,2,3654,23,6.8,3,0.18,6.66,4.91,33.0,23.0,114.0,5.0,2.0,0.18,29.0,8.62,0.19,390.0,18.0,6.11,0.19,440.0,20.0,4.0,0.19,380.0,17.0,4.7,0.13,310.0,18.0,1.66,0.18,380.0,12.0,0.83,0.2,450.0,0
2025-02-16,4,4,5,5190,21,6.77,4,0.26,4.1,1.78,6.0,9.0,84.0,0.0,0.0,0.17,11.0,4.54,0.15,240.0,18.0,1.66,0.15,400.0,12.0,1.66,0.18,420.0,13.0,3.07,0.19,390.0,17.0,0.58,0.2,390.0,13.0,0.0,0.18,370.0,0
2025-02-16,4,5,4,3553,18,6.76,5,0.2,4.19,1.66,5.0,10.0,90.0,0.0,0.0,0.18,14.0,5.0,0.16,350.0,14.0,1.42,0.22,470.0,19.0,1.05,0.18,330.0,15.0,2.0,0.16,340.0,18.0,0.55,0.19,390.0,10.0,0.0,0.19,440.0,0
2025-02-16,4,6,6,4449,35,6.79,6,0.21,4.01,1.45,8.0,8.0,110.0,0.0,0.0,0.17,15.0,5.33,0.17,340.0,16.0,0.62,0.19,380.0,20.0,1.5,0.17,320.0,18.0,1.11,0.14,340.0,22.0,0.9,0.19,280.0,18.0,0.0,0.15,280.0,0
2025-02-16,6,1,6,3713,30,6.73,1,0.13,5.95,4.09,20.0,30.0,122.0,2.0,0.0,0.14,27.0,6.29,0.13,250.0,17.0,4.7,0.14,330.0,19.0,4.21,0.12,270.0,19.0,5.26,0.15,290.0,19.0,2.1,0.13,280.0,21.0,1.42,0.16,400.0,0
2025-02-16,6,2,5,3357,1,6.79,2,0.26,4.75,2.43,14.0,13.0,111.0,0.0,0.0,0.2,17.0,5.29,0.21,430.0,24.0,2.91,0.18,370.0,19.0,2.1,0.18,380.0,19.0,2.63,0.17,340.0,21.0,0.95,0.21,380.0,11.0,0.0,0.21,480.0,0
2025-02-16,6,3,3,3582,31,6.76,3,0.13,6.89,5.73,43.0,43.0,150.0,7.0,0.0,0.17,34.0,7.05,0.15,340.0,53.0,5.47,0.17,370.0,48.0,5.41,0.16,330.0,15.0,4.66,0.2,410.0,0.0,0.0,0.0,0.0,0.0,0.0,0.0,0.0,0
2025-02-16,6,4,1,5087,17,6.8,4,0.19,5.95,3.96,26.0,26.0,131.0,5.0,0.0,0.19,22.0,7.72,0.17,300.0,26.0,4.61,0.2,390.0,18.0,3.33,0.17,340.0,18.0,3.33,0.16,340.0,24.0,2.08,0.23,400.0,23.0,2.6,0.2,410.0,0
2025-02-16,6,5,4,3550,62,6.7,5,0.22,4.95,3.03,23.0,21.0,145.0,2.0,0.0,0.15,24.0,7.08,0.16,310.0,23.0,2.6,0.16,330.0,27.0,3.33,0.16,380.0,28.0,2.5,0.15,290.0,27.0,1.48,0.14,290.0,16.0,0.62,0.15,380.0,0
2025-02-16,6,6,2,3857,57,6.62,6,0.14,3.86,1.51,3.0,15.0,119.0,1.0,0.0,0.19,0.0,0.0,0.0,0.0,0.0,0.0,0.0,0.0,0.0,0.0,0.0,0.0,0.0,0.0,0.0,0.0,2.0,0.0,0.2,500.0,117.0,1.53,0.19,420.0,0
2025-02-16,11,1,3,3654,23,6.72,1,0.24,6.66,4.91,33.0,23.0,114.0,5.0,2.0,0.18,29.0,8.62,0.19,390.0,18.0,6.11,0.19,440.0,20.0,4.0,0.19,380.0,17.0,4.7,0.13,310.0,18.0,1.66,0.18,380.0,12.0,0.83,0.2,450.0,0
2025-02-16,11,2,4,3965,20,6.8,2,0.27,5.53,3.39,17.0,22.0,115.0,0.0,0.0,0.15,18.0,6.66,0.11,190.0,21.0,5.23,0.16,350.0,21.0,4.28,0.14,290.0,22.0,0.9,0.15,300.0,21.0,1.42,0.16,260.0,12.0,1.66,0.15,350.0,0
2025-02-16,11,3,6,3523,43,6.82,3,0.25,4.56,2.44,8.0,13.0,86.0,1.0,0.0,0.17,14.0,7.14,0.18,310.0,11.0,1.81,0.2,420.0,11.0,0.9,0.18,390.0,12.0,0.83,0.14,320.0,16.0,2.5,0.16,310.0,22.0,1.36,0.18,390.0,0
2025-02-16,11,4,5,5036,63,6.73,4,0.32,5.32,3.77,19.0,24.0,114.0,1.0,0.0,0.16,14.0,9.28,0.16,270.0,20.0,3.0,0.18,400.0,22.0,4.09,0.14,260.0,21.0,4.28,0.14,310.0,27.0,1.85,0.17,360.0,10.0,1.0,0.15,420.0,0
2025-02-16,11,5,1,4492,2,6.75,5,0.14,6.19,4.45,26.0,23.0,110.0,3.0,0.0,0.16,20.0,6.5,0.15,310.0,21.0,5.23,0.15,330.0,22.0,5.45,0.19,350.0,21.0,3.81,0.15,350.0,19.0,1.57,0.17,340.0,7.0,2.85,0.16,340.0,0
2025-02-16,11,6,2,5087,17,6.78,6,0.2,5.95,3.96,26.0,26.0,131.0,5.0,0.0,0.19,22.0,7.72,0.17,300.0,26.0,4.61,0.2,390.0,18.0,3.33,0.17,340.0,18.0,3.33,0.16,340.0,24.0,2.08,0.23,400.0,23.0,2.6,0.2,410.0,0
2025-02-17,1,1,6,3896,5,6.62,1,0.24,5.28,2.64,13.0,14.0,102.0,0.0,0.0,0.17,18.0,5.0,0.16,350.0,13.0,5.38,0.19,380.0,16.0,2.5,0.14,290.0,17.0,2.35,0.16,350.0,20.0,1.5,0.17,400.0,18.0,0.0,0.2,480.0,0
2025-02-17,1,2,5,4359,34,6.79,2,0.27,5.04,3.05,13.0,20.0,108.0,0.0,0.0,0.14,14.0,9.28,0.14,210.0,21.0,3.33,0.14,270.0,16.0,0.62,0.13,250.0,22.0,2.72,0.14,250.0,18.0,2.77,0.13,180.0,17.0,0.58,0.15,360.0,0
2025-02-17,1,3,1,4247,25,6.6,3,0.22,5.28,3.09,8.0,26.0,110.0,1.0,0.0,0.16,16.0,6.25,0.2,480.0,20.0,4.5,0.15,380.0,19.0,3.15,0.13,320.0,19.0,2.1,0.14,270.0,20.0,2.0,0.15,340.0,16.0,0.62,0.18,360.0,0
2025-02-17,1,4,3,4449,35,6.61,4,0.26,4.01,1.45,8.0,8.0,110.0,0.0,0.0,0.17,15.0,5.33,0.17,340.0,16.0,0.62,0.19,380.0,20.0,1.5,0.17,320.0,18.0,1.11,0.14,340.0,22.0,0.9,0.19,280.0,18.0,0.0,0.15,280.0,0
2025-02-17,1,5,2,4436,59,6.61,5,0.32,6.45,4.95,28.0,29.0,115.0,3.0,0.0,0.15,21.0,9.52,0.13,260.0,15.0,7.33,0.15,300.0,21.0,5.23,0.14,300.0,21.0,4.76,0.16,350.0,19.0,1.57,0.14,310.0,18.0,1.11,0.17,320.0,0
2025-02-17,1,6,4,4965,16,6.71,6,0.25,4.66,3.08,10.0,11.0,68.0,2.0,1.0,0.16,9.0,5.55,0.12,270.0,12.0,5.0,0.19,340.0,13.0,3.07,0.15,230.0,10.0,4.0,0.18,220.0,14.0,0.71,0.16,290.0,10.0,1.0,0.14,310.0,0
2025-02-17,2,1,3,3645,60,6.7,1,0.22,6.41,4.13,14.0,10.0,58.0,1.0,0.0,0.14,10.0,6.0,0.15,230.0,10.0,3.0,0.12,280.0,9.0,3.33,0.19,390.0,8.0,7.5,0.1,180.0,12.0,4.16,0.14,280.0,9.0,1.11,0.15,320.0,0
2025-02-17,2,2,4,3748,64,6.75,2,0.24,4.15,1.92,11.0,9.0,104.0,0.0,0.0,0.16,11.0,4.54,0.13,230.0,20.0,1.0,0.17,310.0,18.0,3.88,0.17,300.0,19.0,2.1,0.17,330.0,22.0,0.9,0.15,310.0,14.0,0.0,0.16,340.0,0
2025-02-17,2,3,5,3357,1,6.72,3,0.23,4.75,2.43,14.0,13.0,111.0,0.0,0.0,0.2,17.0,5.29,0.21,430.0,24.0,2.91,0.18,370.0,19.0,2.1,0.18,380.0,19.0,2.63,0.17,340.0,21.0,0.95,0.21,380.0,11.0,0.0,0.21,480.0,0
2025-02-17,2,4,1,3965,20,6.71,4,0.13,5.53,3.39,17.0,22.0,115.0,0.0,0.0,0.15,18.0,6.66,0.11,190.0,21.0,5.23,0.16,350.0,21.0,4.28,0.14,290.0,22.0,0.9,0.15,300.0,21.0,1.42,0.16,260.0,12.0,1.66,0.15,350.0,0
2025-02-17,2,5,2,4099,50,6.71,5,0.09,6.87,5.74,33.0,29.0,108.0,4.0,1.0,0.16,24.0,7.91,0.19,420.0,16.0,5.0,0.18,390.0,24.0,5.83,0.15,330.0,18.0,5.55,0.16,290.0,20.0,5.0,0.14,300.0,6.0,1.66,0.1,270.0,0
2025-02-17,2,6,6,5380,40,6.66,6,0.16,0.0,0.0,0.0,0.0,0.0,0.0,0.0,0.0,0.0,0.0,0.0,0.0,0.0,0.0,0.0,0.0,0.0,0.0,0.0,0.0,0.0,0.0,0.0,0.0,0.0,0.0,0.0,0.0,0.0,0.0,0.0,0.0,0
2025-02-17,3,1,2,5045,24,6.71,1,0.09,5.14,3.18,23.0,13.0,113.0,0.0,0.0,0.19,21.0,7.14,0.16,370.0,19.0,5.26,0.15,380.0,18.0,3.88,0.2,380.0,18.0,1.11,0.23,480.0,17.0,0.58,0.21,400.0,20.0,0.5,0.22,470.0,0
2025-02-17,3,2,4,3713,30,6.69,2,0.06,5.95,4.09,20.0,30.0,122.0,2.0,0.0,0.14,27.0,6.29,0.13,250.0,17.0,4.7,0.14,330.0,19.0,4.21,0.12,270.0,19.0,5.26,0.15,290.0,19.0,2.1,0.13,280.0,21.0,1.42,0.16,400.0,0
2025-02-17,3,3,1,4379,29,6.7,3,0.07,5.92,3.98,22.0,17.0,98.0,1.0,1.0,0.17,20.0,8.0,0.14,350.0,14.0,4.28,0.22,360.0,19.0,4.73,0.17,320.0,14.0,1.42,0.13,360.0,14.0,2.85,0.18,410.0,17.0,1.17,0.17,390.0,0
2025-02-17,3,4,5,3523,43,6.72,4,0.12,4.56,2.44,8.0,13.0,86.0,1.0,0.0,0.17,14.0,7.14,0.18,310.0,11.0,1.81,0.2,420.0,11.0,0.9,0.18,390.0,12.0,0.83,0.14,320.0,16.0,2.5,0.16,310.0,22.0,1.36,0.18,390.0,0
2025-02-17,3,5,3,4604,26,6.71,5,0.15,7.25,5.78,52.0,36.0,152.0,8.0,4.0,0.14,37.0,8.91,0.11,220.0,20.0,6.0,0.15,360.0,21.0,4.76,0.11,220.0,26.0,5.76,0.15,320.0,28.0,4.28,0.16,330.0,20.0,3.0,0.14,380.0,0
2025-02-17,3,6,6,5036,63,6.69,6,0.18,5.32,3.77,19.0,24.0,114.0,1.0,0.0,0.16,14.0,9.28,0.16,270.0,20.0,3.0,0.18,400.0,22.0,4.09,0.14,260.0,21.0,4.28,0.14,310.0,27.0,1.85,0.17,360.0,10.0,1.0,0.15,420.0,0
2025-02-17,4,1,2,3787,61,6.66,1,0.13,3.97,1.73,2.0,10.0,69.0,0.0,0.0,0.19,12.0,5.0,0.17,380.0,10.0,1.0,0.2,410.0,8.0,1.25,0.19,350.0,14.0,2.14,0.21,410.0,12.0,0.83,0.19,340.0,12.0,0.0,0.2,420.0,0
2025-02-17,4,2,3,3553,18,6.71,4,0.25,4.19,1.66,5.0,10.0,90.0,0.0,0.0,0.18,14.0,5.0,0.16,350.0,14.0,1.42,0.22,470.0,19.0,1.05,0.18,330.0,15.0,2.0,0.16,340.0,18.0,0.55,0.19,390.0,10.0,0.0,0.19,440.0,0
2025-02-17,4,3,6,4930,13,6.63,5,0.14,5.68,3.76,22.0,22.0,117.0,1.0,0.0,0.14,18.0,7.77,0.15,290.0,23.0,4.78,0.16,310.0,15.0,3.33,0.15,190.0,29.0,3.1,0.13,250.0,12.0,1.66,0.14,280.0,20.0,1.5,0.15,310.0,0
2025-02-17,4,4,4,3303,4,6.76,2,0.14,5.8,3.72,21.0,27.0,129.0,1.0,0.0,0.18,27.0,6.29,0.18,410.0,23.0,4.78,0.19,400.0,28.0,3.21,0.15,330.0,14.0,4.28,0.17,440.0,19.0,2.63,0.2,390.0,18.0,0.0,0.2,510.0,0
2025-02-17,4,5,5,5023,47,6.69,6,0.18,5.1,3.23,22.0,23.0,139.0,3.0,1.0,0.16,25.0,6.8,0.14,290.0,20.0,3.0,0.15,320.0,27.0,3.33,0.15,310.0,21.0,4.28,0.16,280.0,23.0,0.87,0.17,350.0,22.0,0.9,0.21,450.0,0
2025-02-17,4,6,1,3582,31,6.76,3,0.11,6.89,5.73,43.0,43.0,150.0,7.0,0.0,0.17,34.0,7.05,0.15,340.0,53.0,5.47,0.17,370.0,48.0,5.41,0.16,330.0,15.0,4.66,0.2,410.0,0.0,0.0,0.0,0.0,0.0,0.0,0.0,0.0,0
2025-02-17,5,1,6,5087,17,6.65,1,0.23,5.95,3.96,26.0,26.0,131.0,5.0,0.0,0.19,22.0,7.72,0.17,300.0,26.0,4.61,0.2,390.0,18.0,3.33,0.17,340.0,18.0,3.33,0.16,340.0,24.0,2.08,0.23,400.0,23.0,2.6,0.2,410.0,0
2025-02-17,5,2,4,4336,51,6.65,2,0.14,5.88,3.67,27.0,23.0,136.0,2.0,0.0,0.14,28.0,7.85,0.15,290.0,19.0,3.68,0.14,290.0,25.0,3.6,0.11,220.0,22.0,3.18,0.13,260.0,19.0,2.1,0.15,330.0,23.0,0.43,0.14,270.0,0
2025-02-17,5,3,1,5066,37,6.6,3,0.12,5.04,3.1,15.0,25.0,129.0,0.0,0.0,0.18,22.0,5.45,0.18,320.0,16.0,4.37,0.17,380.0,26.0,3.84,0.19,370.0,27.0,1.85,0.18,380.0,24.0,2.08,0.19,420.0,14.0,0.71,0.18,410.0,0
2025-02-17,5,4,5,3627,55,6.68,4,0.08,4.36,2.05,13.0,9.0,107.0,1.0,0.0,0.18,16.0,5.0,0.18,410.0,26.0,1.15,0.19,400.0,22.0,2.27,0.18,370.0,24.0,1.66,0.16,360.0,17.0,1.17,0.17,350.0,2.0,0.0,0.15,600.0,0
2025-02-17,5,5,3,5017,9,6.66,5,0.07,7.11,5.44,36.0,31.0,123.0,7.0,0.0,0.15,24.0,7.91,0.15,330.0,24.0,6.66,0.15,330.0,16.0,5.62,0.15,280.0,19.0,3.68,0.14,310.0,18.0,5.0,0.13,280.0,22.0,3.18,0.14,350.0,0
2025-02-17,5,6,2,3857,57,6.47,6,0.11,3.86,1.51,3.0,15.0,119.0,1.0,0.0,0.19,0.0,0.0,0.0,0.0,0.0,0.0,0.0,0.0,0.0,0.0,0.0,0.0,0.0,0.0,0.0,0.0,2.0,0.0,0.2,500.0,117.0,1.53,0.19,420.0,0
2025-02-17,6,1,2,4581,32,6.65,1,0.03,5.66,3.79,23.0,21.0,116.0,0.0,0.0,0.14,21.0,8.57,0.13,260.0,19.0,3.15,0.14,310.0,21.0,3.33,0.14,300.0,19.0,3.15,0.16,270.0,23.0,3.04,0.15,280.0,13.0,0.0,0.12,330.0,0
2025-02-17,6,2,3,4520,46,6.63,2,0.16,5.44,3.89,23.0,28.0,131.0,2.0,1.0,0.15,22.0,8.18,0.13,220.0,27.0,4.07,0.14,270.0,18.0,2.77,0.13,260.0,31.0,3.87,0.16,310.0,15.0,2.66,0.16,330.0,18.0,0.55,0.17,370.0,0
2025-02-17,6,3,1,3654,23,6.71,3,0.06,6.66,4.91,33.0,23.0,114.0,5.0,2.0,0.18,29.0,8.62,0.19,390.0,18.0,6.11,0.19,440.0,20.0,4.0,0.19,380.0,17.0,4.7,0.13,310.0,18.0,1.66,0.18,380.0,12.0,0.83,0.2,450.0,0
2025-02-17,6,4,4,4055,38,6.73,4,0.1,6.44,4.46,34.0,24.0,130.0,7.0,4.0,0.14,29.0,9.31,0.14,260.0,20.0,4.5,0.14,250.0,21.0,2.85,0.13,330.0,21.0,4.28,0.14,320.0,19.0,2.1,0.13,280.0,20.0,1.5,0.16,420.0,0
2025-02-17,6,5,6,5291,7,6.64,5,0.12,2.47,0.51,1.0,3.0,78.0,0.0,0.0,0.2,0.0,0.0,0.0,0.0,0.0,0.0,0.0,0.0,2.0,0.0,0.19,350.0,15.0,0.66,0.2,410.0,28.0,1.07,0.18,400.0,33.0,0.0,0.22,490.0,0
2025-02-17,6,6,5,4110,22,6.76,6,0.15,4.22,2.04,10.0,9.0,93.0,0.0,0.0,0.19,13.0,6.15,0.17,280.0,17.0,2.94,0.17,370.0,18.0,1.66,0.18,360.0,14.0,0.71,0.19,410.0,14.0,1.42,0.19,370.0,17.0,0.0,0.23,500.0,0
2025-02-17,7,1,4,4492,2,6.68,1,0.21,6.19,4.45,26.0,23.0,110.0,3.0,0.0,0.16,20.0,6.5,0.15,310.0,21.0,5.23,0.15,330.0,22.0,5.45,0.19,350.0,21.0,3.81,0.15,350.0,19.0,1.57,0.17,340.0,7.0,2.85,0.16,340.0,0
2025-02-17,7,2,2,3550,62,6.59,2,0.22,4.95,3.03,23.0,21.0,145.0,2.0,0.0,0.15,24.0,7.08,0.16,310.0,23.0,2.6,0.16,330.0,27.0,3.33,0.16,380.0,28.0,2.5,0.15,290.0,27.0,1.48,0.14,290.0,16.0,0.62,0.15,380.0,0
2025-02-17,7,3,5,4414,19,6.64,3,0.21,4.09,2.92,6.0,13.0,65.0,0.0,0.0,0.18,10.0,6.0,0.14,260.0,10.0,4.0,0.16,340.0,10.0,4.0,0.16,360.0,15.0,2.66,0.18,360.0,8.0,1.25,0.21,360.0,12.0,0.0,0.22,510.0,0
2025-02-17,7,4,6,4220,56,6.65,4,0.25,4.46,2.47,12.0,9.0,85.0,0.0,0.0,0.17,10.0,7.0,0.15,280.0,13.0,0.76,0.16,410.0,22.0,3.63,0.18,390.0,15.0,2.0,0.16,380.0,17.0,1.17,0.18,370.0,8.0,0.0,0.15,300.0,0
2025-02-17,7,5,1,3685,36,6.61,5,0.16,5.84,4.19,33.0,22.0,131.0,2.0,0.0,0.16,27.0,8.14,0.15,330.0,22.0,5.9,0.15,350.0,23.0,3.47,0.18,300.0,19.0,3.15,0.13,260.0,21.0,1.9,0.17,330.0,19.0,1.05,0.18,390.0,0
2025-02-17,7,6,3,3960,28,6.74,6,0.13,6.99,4.2,23.0,27.0,119.0,3.0,0.0,0.11,26.0,8.46,0.12,230.0,21.0,3.81,0.11,290.0,19.0,4.73,0.1,210.0,18.0,2.22,0.1,250.0,18.0,1.66,0.11,230.0,17.0,2.35,0.1,260.0,0
2025-02-17,8,1,6,4436,59,6.64,1,0.14,6.45,4.95,28.0,29.0,115.0,3.0,0.0,0.15,21.0,9.52,0.13,260.0,15.0,7.33,0.15,300.0,21.0,5.23,0.14,300.0,21.0,4.76,0.16,350.0,19.0,1.57,0.14,310.0,18.0,1.11,0.17,320.0,0
2025-02-17,8,2,3,5023,47,6.64,2,0.06,5.1,3.23,22.0,23.0,139.0,3.0,1.0,0.16,25.0,6.8,0.14,290.0,20.0,3.0,0.15,320.0,27.0,3.33,0.15,310.0,21.0,4.28,0.16,280.0,23.0,0.87,0.17,350.0,22.0,0.9,0.21,450.0,0
2025-02-17,8,3,2,3523,43,6.68,4,0.03,4.56,2.44,8.0,13.0,86.0,1.0,0.0,0.17,14.0,7.14,0.18,310.0,11.0,1.81,0.2,420.0,11.0,0.9,0.18,390.0,12.0,0.83,0.14,320.0,16.0,2.5,0.16,310.0,22.0,1.36,0.18,390.0,0
2025-02-17,8,4,1,3582,31,6.65,3,0.07,6.89,5.73,43.0,43.0,150.0,7.0,0.0,0.17,34.0,7.05,0.15,340.0,53.0,5.47,0.17,370.0,48.0,5.41,0.16,330.0,15.0,4.66,0.2,410.0,0.0,0.0,0.0,0.0,0.0,0.0,0.0,0.0,0
2025-02-17,8,5,5,3748,64,6.72,5,0.05,4.15,1.92,11.0,9.0,104.0,0.0,0.0,0.16,11.0,4.54,0.13,230.0,20.0,1.0,0.17,310.0,18.0,3.88,0.17,300.0,19.0,2.1,0.17,330.0,22.0,0.9,0.15,310.0,14.0,0.0,0.16,340.0,0
2025-02-17,8,6,4,5045,24,6.66,6,0.08,5.14,3.18,23.0,13.0,113.0,0.0,0.0,0.19,21.0,7.14,0.16,370.0,19.0,5.26,0.15,380.0,18.0,3.88,0.2,380.0,18.0,1.11,0.23,480.0,17.0,0.58,0.21,400.0,20.0,0.5,0.22,470.0,0
2025-02-17,10,1,2,3654,23,6.63,1,0.13,6.66,4.91,33.0,23.0,114.0,5.0,2.0,0.18,29.0,8.62,0.19,390.0,18.0,6.11,0.19,440.0,20.0,4.0,0.19,380.0,17.0,4.7,0.13,310.0,18.0,1.66,0.18,380.0,12.0,0.83,0.2,450.0,0
2025-02-17,10,2,4,4604,26,6.64,2,0.16,7.25,5.78,52.0,36.0,152.0,8.0,4.0,0.14,37.0,8.91,0.11,220.0,20.0,6.0,0.15,360.0,21.0,4.76,0.11,220.0,26.0,5.76,0.15,320.0,28.0,4.28,0.16,330.0,20.0,3.0,0.14,380.0,0
2025-02-17,10,3,3,5087,17,6.72,3,0.16,5.95,3.96,26.0,26.0,131.0,5.0,0.0,0.19,22.0,7.72,0.17,300.0,26.0,4.61,0.2,390.0,18.0,3.33,0.17,340.0,18.0,3.33,0.16,340.0,24.0,2.08,0.23,400.0,23.0,2.6,0.2,410.0,0
2025-02-17,10,4,1,4247,25,6.61,4,0.15,5.28,3.09,8.0,26.0,110.0,1.0,0.0,0.16,16.0,6.25,0.2,480.0,20.0,4.5,0.15,380.0,19.0,3.15,0.13,320.0,19.0,2.1,0.14,270.0,20.0,2.0,0.15,340.0,16.0,0.62,0.18,360.0,0
2025-02-17,10,5,6,4930,13,6.65,5,0.19,5.68,3.76,22.0,22.0,117.0,1.0,0.0,0.14,18.0,7.77,0.15,290.0,23.0,4.78,0.16,310.0,15.0,3.33,0.15,190.0,29.0,3.1,0.13,250.0,12.0,1.66,0.14,280.0,20.0,1.5,0.15,310.0,0
2025-02-17,10,6,5,4581,32,6.7,6,0.16,5.66,3.79,23.0,21.0,116.0,0.0,0.0,0.14,21.0,8.57,0.13,260.0,19.0,3.15,0.14,310.0,21.0,3.33,0.14,300.0,19.0,3.15,0.16,270.0,23.0,3.04,0.15,280.0,13.0,0.0,0.12,330.0,0
2025-02-18,2,1,4,4359,34,6.66,1,0.19,5.04,3.05,13.0,20.0,108.0,0.0,0.0,0.14,14.0,9.28,0.14,210.0,21.0,3.33,0.14,270.0,16.0,0.62,0.13,250.0,22.0,2.72,0.14,250.0,18.0,2.77,0.13,180.0,17.0,0.58,0.15,360.0,0
2025-02-18,2,2,3,4414,19,6.65,3,0.13,4.09,2.92,6.0,13.0,65.0,0.0,0.0,0.18,10.0,6.0,0.14,260.0,10.0,4.0,0.16,340.0,10.0,4.0,0.16,360.0,15.0,2.66,0.18,360.0,8.0,1.25,0.21,360.0,12.0,0.0,0.22,510.0,0
2025-02-18,2,3,2,3627,55,6.68,4,0.14,4.36,2.05,13.0,9.0,107.0,1.0,0.0,0.18,16.0,5.0,0.18,410.0,26.0,1.15,0.19,400.0,22.0,2.27,0.18,370.0,24.0,1.66,0.16,360.0,17.0,1.17,0.17,350.0,2.0,0.0,0.15,600.0,0
2025-02-18,2,4,6,3523,43,6.69,5,0.15,4.56,2.44,8.0,13.0,86.0,1.0,0.0,0.17,14.0,7.14,0.18,310.0,11.0,1.81,0.2,420.0,11.0,0.9,0.18,390.0,12.0,0.83,0.14,320.0,16.0,2.5,0.16,310.0,22.0,1.36,0.18,390.0,0
2025-02-18,2,5,1,3582,31,6.68,2,0.15,6.89,5.73,43.0,43.0,150.0,7.0,0.0,0.17,34.0,7.05,0.15,340.0,53.0,5.47,0.17,370.0,48.0,5.41,0.16,330.0,15.0,4.66,0.2,410.0,0.0,0.0,0.0,0.0,0.0,0.0,0.0,0.0,0
2025-02-18,2,6,5,4965,16,6.61,6,0.14,4.66,3.08,10.0,11.0,68.0,2.0,1.0,0.16,9.0,5.55,0.12,270.0,12.0,5.0,0.19,340.0,13.0,3.07,0.15,230.0,10.0,4.0,0.18,220.0,14.0,0.71,0.16,290.0,10.0,1.0,0.14,310.0,0
2025-02-18,3,1,5,3748,64,6.68,1,0.19,4.15,1.92,11.0,9.0,104.0,0.0,0.0,0.16,11.0,4.54,0.13,230.0,20.0,1.0,0.17,310.0,18.0,3.88,0.17,300.0,19.0,2.1,0.17,330.0,22.0,0.9,0.15,310.0,14.0,0.0,0.16,340.0,0
2025-02-18,3,2,3,3896,5,6.75,2,0.2,5.28,2.64,13.0,14.0,102.0,0.0,0.0,0.17,18.0,5.0,0.16,350.0,13.0,5.38,0.19,380.0,16.0,2.5,0.14,290.0,17.0,2.35,0.16,350.0,20.0,1.5,0.17,400.0,18.0,0.0,0.2,480.0,0
2025-02-18,3,3,4,5023,47,6.67,3,0.29,5.1,3.23,22.0,23.0,139.0,3.0,1.0,0.16,25.0,6.8,0.14,290.0,20.0,3.0,0.15,320.0,27.0,3.33,0.15,310.0,21.0,4.28,0.16,280.0,23.0,0.87,0.17,350.0,22.0,0.9,0.21,450.0,0
2025-02-18,3,4,1,4930,13,6.55,5,0.15,5.68,3.76,22.0,22.0,117.0,1.0,0.0,0.14,18.0,7.77,0.15,290.0,23.0,4.78,0.16,310.0,15.0,3.33,0.15,190.0,29.0,3.1,0.13,250.0,12.0,1.66,0.14,280.0,20.0,1.5,0.15,310.0,0
2025-02-18,3,5,6,5017,9,6.66,4,0.2,7.11,5.44,36.0,31.0,123.0,7.0,0.0,0.15,24.0,7.91,0.15,330.0,24.0,6.66,0.15,330.0,16.0,5.62,0.15,280.0,19.0,3.68,0.14,310.0,18.0,5.0,0.13,280.0,22.0,3.18,0.14,350.0,0
2025-02-18,3,6,2,4110,22,6.74,6,0.22,4.22,2.04,10.0,9.0,93.0,0.0,0.0,0.19,13.0,6.15,0.17,280.0,17.0,2.94,0.17,370.0,18.0,1.66,0.18,360.0,14.0,0.71,0.19,410.0,14.0,1.42,0.19,370.0,17.0,0.0,0.23,500.0,0
2025-02-18,5,1,3,3965,20,6.69,1,0.18,5.53,3.39,17.0,22.0,115.0,0.0,0.0,0.15,18.0,6.66,0.11,190.0,21.0,5.23,0.16,350.0,21.0,4.28,0.14,290.0,22.0,0.9,0.15,300.0,21.0,1.42,0.16,260.0,12.0,1.66,0.15,350.0,0
2025-02-18,5,2,2,4604,26,6.59,2,0.19,7.25,5.78,52.0,36.0,152.0,8.0,4.0,0.14,37.0,8.91,0.11,220.0,20.0,6.0,0.15,360.0,21.0,4.76,0.11,220.0,26.0,5.76,0.15,320.0,28.0,4.28,0.16,330.0,20.0,3.0,0.14,380.0,0
2025-02-18,5,3,4,3685,36,6.53,3,0.25,5.84,4.19,33.0,22.0,131.0,2.0,0.0,0.16,27.0,8.14,0.15,330.0,22.0,5.9,0.15,350.0,23.0,3.47,0.18,300.0,19.0,3.15,0.13,260.0,21.0,1.9,0.17,330.0,19.0,1.05,0.18,390.0,0
2025-02-18,5,4,6,5291,7,6.69,4,0.33,2.47,0.51,1.0,3.0,78.0,0.0,0.0,0.2,0.0,0.0,0.0,0.0,0.0,0.0,0.0,0.0,2.0,0.0,0.19,350.0,15.0,0.66,0.2,410.0,28.0,1.07,0.18,400.0,33.0,0.0,0.22,490.0,0
2025-02-18,5,5,5,3357,1,6.71,5,0.26,4.75,2.43,14.0,13.0,111.0,0.0,0.0,0.2,17.0,5.29,0.21,430.0,24.0,2.91,0.18,370.0,19.0,2.1,0.18,380.0,19.0,2.63,0.17,340.0,21.0,0.95,0.21,380.0,11.0,0.0,0.21,480.0,0
2025-02-18,5,6,1,3857,57,6.51,6,0.23,3.86,1.51,3.0,15.0,119.0,1.0,0.0,0.19,0.0,0.0,0.0,0.0,0.0,0.0,0.0,0.0,0.0,0.0,0.0,0.0,0.0,0.0,0.0,0.0,2.0,0.0,0.2,500.0,117.0,1.53,0.19,420.0,0
2025-02-18,7,1,3,3303,4,6.64,1,0.32,5.8,3.72,21.0,27.0,129.0,1.0,0.0,0.18,27.0,6.29,0.18,410.0,23.0,4.78,0.19,400.0,28.0,3.21,0.15,330.0,14.0,4.28,0.17,440.0,19.0,2.63,0.2,390.0,18.0,0.0,0.2,510.0,0
2025-02-18,7,2,5,5190,21,6.67,2,0.35,4.1,1.78,6.0,9.0,84.0,0.0,0.0,0.17,11.0,4.54,0.15,240.0,18.0,1.66,0.15,400.0,12.0,1.66,0.18,420.0,13.0,3.07,0.19,390.0,17.0,0.58,0.2,390.0,13.0,0.0,0.18,370.0,0
2025-02-18,7,3,6,4449,35,6.54,3,0.28,4.01,1.45,8.0,8.0,110.0,0.0,0.0,0.17,15.0,5.33,0.17,340.0,16.0,0.62,0.19,380.0,20.0,1.5,0.17,320.0,18.0,1.11,0.14,340.0,22.0,0.9,0.19,280.0,18.0,0.0,0.15,280.0,0
2025-02-18,7,4,1,4055,38,6.67,4,0.25,6.44,4.46,34.0,24.0,130.0,7.0,4.0,0.14,29.0,9.31,0.14,260.0,20.0,4.5,0.14,250.0,21.0,2.85,0.13,330.0,21.0,4.28,0.14,320.0,19.0,2.1,0.13,280.0,20.0,1.5,0.16,420.0,0
2025-02-18,7,5,4,3645,60,6.6,6,0.25,6.41,4.13,14.0,10.0,58.0,1.0,0.0,0.14,10.0,6.0,0.15,230.0,10.0,3.0,0.12,280.0,9.0,3.33,0.19,390.0,8.0,7.5,0.1,180.0,12.0,4.16,0.14,280.0,9.0,1.11,0.15,320.0,0
2025-02-18,7,6,2,3654,23,6.69,5,0.26,6.66,4.91,33.0,23.0,114.0,5.0,2.0,0.18,29.0,8.62,0.19,390.0,18.0,6.11,0.19,440.0,20.0,4.0,0.19,380.0,17.0,4.7,0.13,310.0,18.0,1.66,0.18,380.0,12.0,0.83,0.2,450.0,0
2025-02-19,1,1,2,3553,18,6.8,1,0.32,4.19,1.66,5.0,10.0,90.0,0.0,0.0,0.18,14.0,5.0,0.16,350.0,14.0,1.42,0.22,470.0,19.0,1.05,0.18,330.0,15.0,2.0,0.16,340.0,18.0,0.55,0.19,390.0,10.0,0.0,0.19,440.0,0
2025-02-19,1,2,1,5066,37,6.71,2,0.34,5.04,3.1,15.0,25.0,129.0,0.0,0.0,0.18,22.0,5.45,0.18,320.0,16.0,4.37,0.17,380.0,26.0,3.84,0.19,370.0,27.0,1.85,0.18,380.0,24.0,2.08,0.19,420.0,14.0,0.71,0.18,410.0,0
2025-02-19,1,3,3,3787,61,6.82,3,0.36,3.97,1.73,2.0,10.0,69.0,0.0,0.0,0.19,12.0,5.0,0.17,380.0,10.0,1.0,0.2,410.0,8.0,1.25,0.19,350.0,14.0,2.14,0.21,410.0,12.0,0.83,0.19,340.0,12.0,0.0,0.2,420.0,0
2025-02-19,1,4,4,5190,21,6.8,4,0.38,4.1,1.78,6.0,9.0,84.0,0.0,0.0,0.17,11.0,4.54,0.15,240.0,18.0,1.66,0.15,400.0,12.0,1.66,0.18,420.0,13.0,3.07,0.19,390.0,17.0,0.58,0.2,390.0,13.0,0.0,0.18,370.0,0
2025-02-19,1,5,6,4765,48,6.77,5,0.33,4.67,3.29,15.0,16.0,94.0,1.0,0.0,0.14,14.0,3.57,0.16,330.0,11.0,4.54,0.13,250.0,21.0,6.19,0.15,310.0,15.0,2.66,0.12,250.0,15.0,1.33,0.15,290.0,18.0,1.11,0.13,260.0,0
2025-02-19,1,6,5,4965,16,6.73,6,0.37,4.66,3.08,10.0,11.0,68.0,2.0,1.0,0.16,9.0,5.55,0.12,270.0,12.0,5.0,0.19,340.0,13.0,3.07,0.15,230.0,10.0,4.0,0.18,220.0,14.0,0.71,0.16,290.0,10.0,1.0,0.14,310.0,0
2025-02-19,2,1,4,3748,64,6.84,1,0.37,4.15,1.92,11.0,9.0,104.0,0.0,0.0,0.16,11.0,4.54,0.13,230.0,20.0,1.0,0.17,310.0,18.0,3.88,0.17,300.0,19.0,2.1,0.17,330.0,22.0,0.9,0.15,310.0,14.0,0.0,0.16,340.0,0
2025-02-19,2,2,1,3645,60,6.88,2,0.23,6.41,4.13,14.0,10.0,58.0,1.0,0.0,0.14,10.0,6.0,0.15,230.0,10.0,3.0,0.12,280.0,9.0,3.33,0.19,390.0,8.0,7.5,0.1,180.0,12.0,4.16,0.14,280.0,9.0,1.11,0.15,320.0,0
2025-02-19,2,3,2,3685,36,6.81,3,0.25,5.84,4.19,33.0,22.0,131.0,2.0,0.0,0.16,27.0,8.14,0.15,330.0,22.0,5.9,0.15,350.0,23.0,3.47,0.18,300.0,19.0,3.15,0.13,260.0,21.0,1.9,0.17,330.0,19.0,1.05,0.18,390.0,0
2025-02-19,2,4,5,5291,7,6.79,4,0.29,2.47,0.51,1.0,3.0,78.0,0.0,0.0,0.2,0.0,0.0,0.0,0.0,0.0,0.0,0.0,0.0,2.0,0.0,0.19,350.0,15.0,0.66,0.2,410.0,28.0,1.07,0.18,400.0,33.0,0.0,0.22,490.0,0
2025-02-19,2,5,6,4414,19,6.88,5,0.25,4.09,2.92,6.0,13.0,65.0,0.0,0.0,0.18,10.0,6.0,0.14,260.0,10.0,4.0,0.16,340.0,10.0,4.0,0.16,360.0,15.0,2.66,0.18,360.0,8.0,1.25,0.21,360.0,12.0,0.0,0.22,510.0,0
2025-02-19,2,6,3,5036,63,6.78,6,0.24,5.32,3.77,19.0,24.0,114.0,1.0,0.0,0.16,14.0,9.28,0.16,270.0,20.0,3.0,0.18,400.0,22.0,4.09,0.14,260.0,21.0,4.28,0.14,310.0,27.0,1.85,0.17,360.0,10.0,1.0,0.15,420.0,0
2025-02-19,5,1,6,3713,30,6.67,1,0.12,5.95,4.09,20.0,30.0,122.0,2.0,0.0,0.14,27.0,6.29,0.13,250.0,17.0,4.7,0.14,330.0,19.0,4.21,0.12,270.0,19.0,5.26,0.15,290.0,19.0,2.1,0.13,280.0,21.0,1.42,0.16,400.0,0
2025-02-19,5,2,4,5045,24,6.71,2,0.16,5.14,3.18,23.0,13.0,113.0,0.0,0.0,0.19,21.0,7.14,0.16,370.0,19.0,5.26,0.15,380.0,18.0,3.88,0.2,380.0,18.0,1.11,0.23,480.0,17.0,0.58,0.21,400.0,20.0,0.5,0.22,470.0,0
2025-02-19,5,3,2,4765,48,6.67,3,0.05,4.67,3.29,15.0,16.0,94.0,1.0,0.0,0.14,14.0,3.57,0.16,330.0,11.0,4.54,0.13,250.0,21.0,6.19,0.15,310.0,15.0,2.66,0.12,250.0,15.0,1.33,0.15,290.0,18.0,1.11,0.13,260.0,0
2025-02-19,5,4,1,5087,17,6.74,4,0.02,5.95,3.96,26.0,26.0,131.0,5.0,0.0,0.19,22.0,7.72,0.17,300.0,26.0,4.61,0.2,390.0,18.0,3.33,0.17,340.0,18.0,3.33,0.16,340.0,24.0,2.08,0.23,400.0,23.0,2.6,0.2,410.0,0
2025-02-19,5,5,5,4449,35,6.62,5,0.02,4.01,1.45,8.0,8.0,110.0,0.0,0.0,0.17,15.0,5.33,0.17,340.0,16.0,0.62,0.19,380.0,20.0,1.5,0.17,320.0,18.0,1.11,0.14,340.0,22.0,0.9,0.19,280.0,18.0,0.0,0.15,280.0,0
2025-02-19,5,6,3,4436,59,6.67,6,0.09,6.45,4.95,28.0,29.0,115.0,3.0,0.0,0.15,21.0,9.52,0.13,260.0,15.0,7.33,0.15,300.0,21.0,5.23,0.14,300.0,21.0,4.76,0.16,350.0,19.0,1.57,0.14,310.0,18.0,1.11,0.17,320.0,0
2025-02-19,8,1,2,4604,26,6.68,1,0.12,7.25,5.78,52.0,36.0,152.0,8.0,4.0,0.14,37.0,8.91,0.11,220.0,20.0,6.0,0.15,360.0,21.0,4.76,0.11,220.0,26.0,5.76,0.15,320.0,28.0,4.28,0.16,330.0,20.0,3.0,0.14,380.0,0
2025-02-19,8,2,6,4055,38,6.82,2,0.13,6.44,4.46,34.0,24.0,130.0,7.0,4.0,0.14,29.0,9.31,0.14,260.0,20.0,4.5,0.14,250.0,21.0,2.85,0.13,330.0,21.0,4.28,0.14,320.0,19.0,2.1,0.13,280.0,20.0,1.5,0.16,420.0,0
2025-02-19,8,3,4,4220,56,6.78,3,0.13,4.46,2.47,12.0,9.0,85.0,0.0,0.0,0.17,10.0,7.0,0.15,280.0,13.0,0.76,0.16,410.0,22.0,3.63,0.18,390.0,15.0,2.0,0.16,380.0,17.0,1.17,0.18,370.0,8.0,0.0,0.15,300.0,0
2025-02-19,8,4,3,4930,13,6.69,4,0.11,5.68,3.76,22.0,22.0,117.0,1.0,0.0,0.14,18.0,7.77,0.15,290.0,23.0,4.78,0.16,310.0,15.0,3.33,0.15,190.0,29.0,3.1,0.13,250.0,12.0,1.66,0.14,280.0,20.0,1.5,0.15,310.0,0
2025-02-19,8,5,1,5066,37,6.69,5,0.16,5.04,3.1,15.0,25.0,129.0,0.0,0.0,0.18,22.0,5.45,0.18,320.0,16.0,4.37,0.17,380.0,26.0,3.84,0.19,370.0,27.0,1.85,0.18,380.0,24.0,2.08,0.19,420.0,14.0,0.71,0.18,410.0,0
2025-02-19,8,6,5,4110,22,6.83,6,0.19,4.22,2.04,10.0,9.0,93.0,0.0,0.0,0.19,13.0,6.15,0.17,280.0,17.0,2.94,0.17,370.0,18.0,1.66,0.18,360.0,14.0,0.71,0.19,410.0,14.0,1.42,0.19,370.0,17.0,0.0,0.23,500.0,0
2025-02-19,11,1,2,4492,2,6.72,1,0.08,6.19,4.45,26.0,23.0,110.0,3.0,0.0,0.16,20.0,6.5,0.15,310.0,21.0,5.23,0.15,330.0,22.0,5.45,0.19,350.0,21.0,3.81,0.15,350.0,19.0,1.57,0.17,340.0,7.0,2.85,0.16,340.0,0
2025-02-19,11,2,1,5017,9,6.74,2,0.12,7.11,5.44,36.0,31.0,123.0,7.0,0.0,0.15,24.0,7.91,0.15,330.0,24.0,6.66,0.15,330.0,16.0,5.62,0.15,280.0,19.0,3.68,0.14,310.0,18.0,5.0,0.13,280.0,22.0,3.18,0.14,350.0,0
2025-02-19,11,3,4,4379,29,6.87,3,0.12,5.92,3.98,22.0,17.0,98.0,1.0,1.0,0.17,20.0,8.0,0.14,350.0,14.0,4.28,0.22,360.0,19.0,4.73,0.17,320.0,14.0,1.42,0.13,360.0,14.0,2.85,0.18,410.0,17.0,1.17,0.17,390.0,0
2025-02-19,11,4,3,4604,26,6.76,4,0.14,7.25,5.78,52.0,36.0,152.0,8.0,4.0,0.14,37.0,8.91,0.11,220.0,20.0,6.0,0.15,360.0,21.0,4.76,0.11,220.0,26.0,5.76,0.15,320.0,28.0,4.28,0.16,330.0,20.0,3.0,0.14,380.0,0
2025-02-19,11,5,5,5045,24,6.68,5,0.16,5.14,3.18,23.0,13.0,113.0,0.0,0.0,0.19,21.0,7.14,0.16,370.0,19.0,5.26,0.15,380.0,18.0,3.88,0.2,380.0,18.0,1.11,0.23,480.0,17.0,0.58,0.21,400.0,20.0,0.5,0.22,470.0,0
2025-02-19,11,6,6,3748,64,6.87,6,0.13,4.15,1.92,11.0,9.0,104.0,0.0,0.0,0.16,11.0,4.54,0.13,230.0,20.0,1.0,0.17,310.0,18.0,3.88,0.17,300.0,19.0,2.1,0.17,330.0,22.0,0.9,0.15,310.0,14.0,0.0,0.16,340.0,0
2025-02-23,1,1,2,3660,9,6.8,1,0.16,3.43,0.92,4.0,4.0,87.0,0.0,0.0,0.2,11.0,5.45,0.16,370.0,18.0,0.0,0.19,420.0,14.0,0.0,0.18,360.0,14.0,0.71,0.19,340.0,20.0,0.5,0.21,420.0,10.0,0.0,0.23,530.0,0
2025-02-23,1,2,4,3776,13,6.73,2,0.18,3.3,1.08,3.0,10.0,120.0,0.0,0.0,0.18,16.0,4.37,0.14,270.0,22.0,1.81,0.19,440.0,13.0,0.76,0.15,390.0,27.0,0.37,0.18,390.0,21.0,0.0,0.18,370.0,21.0,0.0,0.2,500.0,0
2025-02-23,1,3,5,4232,10,6.9,3,0.21,3.38,1.5,2.0,4.0,40.0,0.0,0.0,0.21,5.0,6.0,0.2,340.0,6.0,1.66,0.2,250.0,7.0,1.42,0.22,470.0,5.0,0.0,0.23,460.0,6.0,1.66,0.15,220.0,10.0,0.0,0.22,410.0,0
2025-02-23,1,4,1,4876,8,6.77,4,0.14,4.58,2.74,15.0,16.0,113.0,0.0,0.0,0.18,16.0,7.5,0.15,440.0,19.0,2.63,0.2,370.0,19.0,3.68,0.17,380.0,20.0,1.5,0.2,350.0,18.0,1.66,0.17,340.0,21.0,0.47,0.17,360.0,0
2025-02-23,1,5,6,5363,23,6.84,6,0.15,0.0,0.0,0.0,0.0,0.0,0.0,0.0,0.0,0.0,0.0,0.0,0.0,0.0,0.0,0.0,0.0,0.0,0.0,0.0,0.0,0.0,0.0,0.0,0.0,0.0,0.0,0.0,0.0,0.0,0.0,0.0,0.0,0
2025-02-23,1,6,3,3461,16,6.84,5,0.11,3.26,1.22,2.0,5.0,57.0,0.0,0.0,0.19,7.0,4.28,0.14,330.0,12.0,0.83,0.19,410.0,10.0,1.0,0.16,360.0,7.0,1.42,0.22,500.0,13.0,0.76,0.21,380.0,8.0,0.0,0.23,440.0,0
2025-02-23,4,1,4,4458,43,6.7,1,0.06,4.62,2.73,18.0,17.0,128.0,0.0,0.0,0.15,21.0,7.61,0.13,220.0,18.0,2.77,0.14,320.0,24.0,2.5,0.14,340.0,22.0,1.81,0.16,350.0,22.0,0.9,0.16,290.0,21.0,0.95,0.17,380.0,0
2025-02-23,4,2,6,3963,41,6.7,2,0.05,5.27,3.35,21.0,29.0,149.0,0.0,0.0,0.16,26.0,8.07,0.16,350.0,27.0,3.33,0.16,330.0,26.0,3.46,0.17,360.0,24.0,1.66,0.15,300.0,27.0,2.22,0.18,300.0,19.0,0.52,0.16,390.0,0
2025-02-23,4,3,1,4318,39,6.77,3,0.03,5.66,3.42,24.0,25.0,143.0,1.0,0.0,0.16,25.0,7.2,0.16,280.0,21.0,3.81,0.15,270.0,32.0,1.87,0.16,330.0,26.0,3.46,0.18,340.0,18.0,2.77,0.15,320.0,21.0,1.42,0.14,330.0,0
2025-02-23,4,4,3,4193,54,6.76,4,0.08,5.8,4.25,35.0,25.0,141.0,3.0,0.0,0.16,28.0,9.28,0.14,260.0,25.0,6.8,0.14,300.0,23.0,3.04,0.15,270.0,26.0,2.3,0.16,350.0,18.0,2.22,0.18,370.0,21.0,0.0,0.18,430.0,0
2025-02-23,4,5,2,3959,45,6.74,5,0.12,6.77,4.14,23.0,30.0,128.0,2.0,0.0,0.14,25.0,6.8,0.15,250.0,20.0,5.0,0.14,330.0,21.0,5.71,0.13,350.0,23.0,4.34,0.12,250.0,22.0,1.36,0.13,300.0,17.0,0.58,0.15,420.0,0
2025-02-23,4,6,5,5352,3,6.72,6,0.24,1.6,0.0,0.0,0.0,77.0,0.0,0.0,0.23,0.0,0.0,0.0,0.0,0.0,0.0,0.0,0.0,0.0,0.0,0.0,0.0,0.0,0.0,0.0,0.0,0.0,0.0,0.0,0.0,77.0,0.0,0.23,490.0,0
2025-02-23,5,1,4,4093,66,6.78,1,0.24,4.76,2.93,11.0,16.0,92.0,0.0,0.0,0.2,14.0,5.71,0.2,460.0,13.0,3.07,0.21,420.0,21.0,3.81,0.2,340.0,19.0,1.57,0.23,410.0,13.0,3.07,0.17,350.0,12.0,0.0,0.18,410.0,0
2025-02-23,5,2,1,4434,61,6.76,3,0.18,6.06,4.09,27.0,23.0,122.0,4.0,0.0,0.15,24.0,8.33,0.12,220.0,17.0,5.88,0.15,340.0,18.0,2.77,0.15,320.0,19.0,4.73,0.13,280.0,23.0,0.87,0.16,330.0,21.0,1.9,0.17,450.0,0
2025-02-23,5,3,6,4750,2,6.74,5,0.14,4.22,2.08,7.0,12.0,91.0,0.0,0.0,0.17,11.0,4.54,0.18,360.0,16.0,1.25,0.17,410.0,18.0,3.88,0.16,380.0,17.0,0.58,0.18,410.0,19.0,1.05,0.16,380.0,10.0,2.0,0.16,310.0,0
2025-02-23,5,4,3,5216,14,6.77,6,0.12,4.75,2.75,17.0,15.0,116.0,0.0,0.0,0.18,16.0,6.25,0.22,450.0,19.0,2.63,0.23,460.0,23.0,3.04,0.18,410.0,18.0,2.77,0.12,270.0,20.0,2.5,0.15,260.0,20.0,0.0,0.17,390.0,0
2025-02-23,5,5,5,3257,40,6.85,2,0.16,6.62,5.27,27.0,21.0,91.0,3.0,0.0,0.12,22.0,7.72,0.1,160.0,54.0,4.44,0.12,250.0,12.0,5.83,0.1,210.0,3.0,0.0,0.38,400.0,0.0,0.0,0.0,0.0,0.0,0.0,0.0,0.0,0
2025-02-23,5,6,2,3769,11,6.81,4,0.18,5.63,3.33,13.0,18.0,93.0,0.0,0.0,0.15,15.0,8.66,0.11,220.0,18.0,4.44,0.17,340.0,15.0,4.0,0.12,190.0,19.0,1.57,0.14,280.0,14.0,0.71,0.17,310.0,12.0,0.0,0.2,500.0,0
2025-02-23,7,1,5,4551,17,6.71,1,0.22,5.76,3.82,20.0,24.0,115.0,2.0,0.0,0.15,22.0,8.18,0.14,290.0,18.0,3.88,0.18,320.0,16.0,3.75,0.15,380.0,21.0,3.81,0.15,330.0,18.0,1.66,0.16,360.0,20.0,1.0,0.14,300.0,0
2025-02-23,7,2,2,4876,8,6.77,2,0.16,4.58,2.74,15.0,16.0,113.0,0.0,0.0,0.18,16.0,7.5,0.15,440.0,19.0,2.63,0.2,370.0,19.0,3.68,0.17,380.0,20.0,1.5,0.2,350.0,18.0,1.66,0.17,340.0,21.0,0.47,0.17,360.0,0
2025-02-23,7,3,1,5217,46,6.73,3,0.11,6.51,5.11,41.0,26.0,131.0,5.0,3.0,0.13,30.0,9.33,0.12,280.0,20.0,6.0,0.13,320.0,21.0,4.76,0.13,270.0,20.0,2.5,0.11,270.0,17.0,1.76,0.16,310.0,23.0,3.91,0.14,290.0,0
2025-02-23,7,4,6,3535,34,6.81,6,0.3,3.62,1.86,6.0,10.0,86.0,0.0,0.0,0.19,8.0,7.5,0.14,360.0,15.0,2.66,0.18,410.0,16.0,1.87,0.21,430.0,19.0,1.57,0.18,400.0,12.0,0.0,0.2,460.0,16.0,0.0,0.22,540.0,0
2025-02-23,7,5,4,4173,58,6.86,4,0.23,4.99,3.21,10.0,25.0,109.0,1.0,0.0,0.18,17.0,6.47,0.17,360.0,19.0,4.73,0.21,490.0,18.0,3.88,0.19,420.0,21.0,1.9,0.18,460.0,20.0,1.0,0.18,430.0,14.0,1.42,0.18,440.0,0
2025-02-23,7,6,3,4659,33,6.83,5,0.19,6.87,4.54,39.0,21.0,132.0,7.0,0.0,0.14,29.0,8.96,0.15,270.0,20.0,5.0,0.13,250.0,23.0,4.78,0.14,240.0,22.0,2.72,0.14,280.0,20.0,2.5,0.14,310.0,17.0,1.17,0.16,350.0,0
2025-02-23,9,1,2,4318,39,6.91,1,0.19,5.66,3.42,24.0,25.0,143.0,1.0,0.0,0.16,25.0,7.2,0.16,280.0,21.0,3.81,0.15,270.0,32.0,1.87,0.16,330.0,26.0,3.46,0.18,340.0,18.0,2.77,0.15,320.0,21.0,1.42,0.14,330.0,0
2025-02-23,9,2,5,4377,51,6.98,2,0.16,5.76,3.88,23.0,26.0,126.0,0.0,0.0,0.18,25.0,9.2,0.16,290.0,17.0,6.47,0.18,350.0,19.0,2.63,0.17,350.0,25.0,1.6,0.19,390.0,21.0,1.42,0.17,390.0,19.0,1.57,0.2,430.0,0
2025-02-23,9,3,4,3776,13,6.93,3,0.18,3.3,1.08,3.0,10.0,120.0,0.0,0.0,0.18,16.0,4.37,0.14,270.0,22.0,1.81,0.19,440.0,13.0,0.76,0.15,390.0,27.0,0.37,0.18,390.0,21.0,0.0,0.18,370.0,21.0,0.0,0.2,500.0,0
2025-02-23,9,4,1,5239,18,6.87,4,0.25,3.84,1.51,4.0,9.0,86.0,0.0,0.0,0.16,8.0,3.75,0.16,350.0,18.0,1.66,0.16,390.0,13.0,0.76,0.16,350.0,16.0,1.87,0.15,340.0,16.0,1.87,0.18,360.0,15.0,0.0,0.16,400.0,0
2025-02-23,9,5,6,3478,52,7.03,5,0.29,4.65,2.47,8.0,17.0,101.0,0.0,0.0,0.18,14.0,5.71,0.15,300.0,20.0,2.5,0.17,400.0,16.0,4.37,0.15,270.0,20.0,2.5,0.19,340.0,15.0,0.0,0.2,430.0,16.0,0.0,0.22,520.0,0
2025-02-23,9,6,3,4259,15,7.01,6,0.26,5.8,3.55,26.0,22.0,135.0,4.0,0.0,0.14,27.0,8.88,0.13,290.0,21.0,4.28,0.12,230.0,26.0,1.92,0.13,270.0,23.0,1.73,0.15,360.0,17.0,1.76,0.17,400.0,21.0,1.42,0.15,380.0,0
2025-02-23,12,1,2,3257,40,6.85,1,0.11,6.62,5.27,27.0,21.0,91.0,3.0,0.0,0.12,22.0,7.72,0.1,160.0,54.0,4.44,0.12,250.0,12.0,5.83,0.1,210.0,3.0,0.0,0.38,400.0,0.0,0.0,0.0,0.0,0.0,0.0,0.0,0.0,0
2025-02-23,12,2,1,3959,45,6.74,2,0.18,6.77,4.14,23.0,30.0,128.0,2.0,0.0,0.14,25.0,6.8,0.15,250.0,20.0,5.0,0.14,330.0,21.0,5.71,0.13,350.0,23.0,4.34,0.12,250.0,22.0,1.36,0.13,300.0,17.0,0.58,0.15,420.0,0
2025-02-23,12,3,4,4172,25,6.76,3,0.19,6.5,4.43,38.0,29.0,151.0,3.0,0.0,0.15,36.0,9.44,0.13,230.0,24.0,5.0,0.14,260.0,21.0,3.81,0.15,330.0,24.0,2.91,0.14,330.0,24.0,2.08,0.17,330.0,22.0,0.45,0.2,420.0,0
2025-02-23,12,4,3,4391,12,6.85,4,0.27,6.63,4.72,35.0,33.0,144.0,5.0,1.0,0.15,31.0,8.71,0.15,330.0,25.0,6.4,0.16,340.0,27.0,3.7,0.12,280.0,20.0,2.0,0.15,300.0,24.0,2.5,0.16,310.0,17.0,2.94,0.18,410.0,0
2025-02-23,12,5,6,4659,33,6.83,5,0.26,6.87,4.54,39.0,21.0,132.0,7.0,0.0,0.14,29.0,8.96,0.15,270.0,20.0,5.0,0.13,250.0,23.0,4.78,0.14,240.0,22.0,2.72,0.14,280.0,20.0,2.5,0.14,310.0,17.0,1.17,0.16,350.0,0
2025-02-23,12,6,5,4686,20,6.77,6,0.22,7.31,5.32,37.0,29.0,124.0,6.0,3.0,0.14,26.0,8.46,0.14,380.0,21.0,4.76,0.13,400.0,21.0,6.66,0.14,300.0,23.0,3.91,0.15,370.0,16.0,5.0,0.14,340.0,17.0,1.76,0.17,480.0,0
2025-02-24,2,1,4,3620,27,6.8,1,0.19,3.84,1.74,9.0,6.0,86.0,0.0,0.0,0.17,11.0,7.27,0.15,310.0,17.0,1.17,0.16,340.0,19.0,0.52,0.18,410.0,14.0,1.42,0.15,360.0,14.0,1.42,0.17,380.0,11.0,0.0,0.21,450.0,0
2025-02-24,2,2,1,4458,43,6.82,2,0.17,4.62,2.73,18.0,17.0,128.0,0.0,0.0,0.15,21.0,7.61,0.13,220.0,18.0,2.77,0.14,320.0,24.0,2.5,0.14,340.0,22.0,1.81,0.16,350.0,22.0,0.9,0.16,290.0,21.0,0.95,0.17,380.0,0
2025-02-24,2,3,2,5239,18,6.82,3,0.12,3.84,1.51,4.0,9.0,86.0,0.0,0.0,0.16,8.0,3.75,0.16,350.0,18.0,1.66,0.16,390.0,13.0,0.76,0.16,350.0,16.0,1.87,0.15,340.0,16.0,1.87,0.18,360.0,15.0,0.0,0.16,400.0,0
2025-02-24,2,4,3,5217,46,6.84,4,0.26,6.51,5.11,41.0,26.0,131.0,5.0,3.0,0.13,30.0,9.33,0.12,280.0,20.0,6.0,0.13,320.0,21.0,4.76,0.13,270.0,20.0,2.5,0.11,270.0,17.0,1.76,0.16,310.0,23.0,3.91,0.14,290.0,0
2025-02-24,2,5,6,3769,11,6.82,5,0.28,5.63,3.33,13.0,18.0,93.0,0.0,0.0,0.15,15.0,8.66,0.11,220.0,18.0,4.44,0.17,340.0,15.0,4.0,0.12,190.0,19.0,1.57,0.14,280.0,14.0,0.71,0.17,310.0,12.0,0.0,0.2,500.0,0
2025-02-24,2,6,5,3535,34,6.89,6,0.29,3.62,1.86,6.0,10.0,86.0,0.0,0.0,0.19,8.0,7.5,0.14,360.0,15.0,2.66,0.18,410.0,16.0,1.87,0.21,430.0,19.0,1.57,0.18,400.0,12.0,0.0,0.2,460.0,16.0,0.0,0.22,540.0,0
2025-02-24,6,1,5,5257,49,6.81,1,0.37,5.63,3.98,20.0,19.0,98.0,1.0,0.0,0.15,14.0,6.42,0.17,360.0,13.0,6.15,0.18,460.0,18.0,3.33,0.17,360.0,19.0,2.63,0.14,280.0,17.0,3.52,0.14,300.0,17.0,2.94,0.14,370.0,0
2025-02-24,6,2,6,5138,57,6.75,6,0.31,2.73,0.61,0.0,3.0,49.0,0.0,0.0,0.16,5.0,2.0,0.2,300.0,7.0,0.0,0.15,500.0,10.0,1.0,0.17,420.0,9.0,1.11,0.15,300.0,10.0,0.0,0.14,340.0,8.0,0.0,0.19,550.0,0
2025-02-24,6,3,4,4193,54,6.82,3,0.39,5.8,4.25,35.0,25.0,141.0,3.0,0.0,0.16,28.0,9.28,0.14,260.0,25.0,6.8,0.14,300.0,23.0,3.04,0.15,270.0,26.0,2.3,0.16,350.0,18.0,2.22,0.18,370.0,21.0,0.0,0.18,430.0,0
2025-02-24,6,4,2,3959,45,6.78,2,0.31,6.77,4.14,23.0,30.0,128.0,2.0,0.0,0.14,25.0,6.8,0.15,250.0,20.0,5.0,0.14,330.0,21.0,5.71,0.13,350.0,23.0,4.34,0.12,250.0,22.0,1.36,0.13,300.0,17.0,0.58,0.15,420.0,0
2025-02-24,6,5,1,5206,31,6.74,4,0.25,4.55,3.0,19.0,23.0,140.0,0.0,0.0,0.14,21.0,6.66,0.13,210.0,22.0,3.18,0.14,300.0,27.0,2.96,0.14,280.0,23.0,3.47,0.14,300.0,26.0,1.53,0.13,250.0,21.0,0.47,0.14,300.0,0
2025-02-24,6,6,3,3776,13,6.8,5,0.34,3.3,1.08,3.0,10.0,120.0,0.0,0.0,0.18,16.0,4.37,0.14,270.0,22.0,1.81,0.19,440.0,13.0,0.76,0.15,390.0,27.0,0.37,0.18,390.0,21.0,0.0,0.18,370.0,21.0,0.0,0.2,500.0,0
2025-02-24,12,1,4,3959,45,6.75,1,0.15,6.77,4.14,23.0,30.0,128.0,2.0,0.0,0.14,25.0,6.8,0.15,250.0,20.0,5.0,0.14,330.0,21.0,5.71,0.13,350.0,23.0,4.34,0.12,250.0,22.0,1.36,0.13,300.0,17.0,0.58,0.15,420.0,0
2025-02-24,12,2,5,4172,25,6.81,2,0.22,6.5,4.43,38.0,29.0,151.0,3.0,0.0,0.15,36.0,9.44,0.13,230.0,24.0,5.0,0.14,260.0,21.0,3.81,0.15,330.0,24.0,2.91,0.14,330.0,24.0,2.08,0.17,330.0,22.0,0.45,0.2,420.0,0
2025-02-24,12,3,1,4415,29,6.83,3,0.21,6.32,4.43,48.0,19.0,151.0,3.0,1.0,0.14,30.0,9.0,0.13,240.0,26.0,2.3,0.13,320.0,29.0,5.17,0.14,300.0,20.0,4.5,0.15,280.0,17.0,2.94,0.15,310.0,29.0,1.72,0.15,360.0,0
2025-02-24,12,4,3,4377,51,6.89,4,0.21,5.76,3.88,23.0,26.0,126.0,0.0,0.0,0.18,25.0,9.2,0.16,290.0,17.0,6.47,0.18,350.0,19.0,2.63,0.17,350.0,25.0,1.6,0.19,390.0,21.0,1.42,0.17,390.0,19.0,1.57,0.2,430.0,0
2025-02-24,12,5,2,3837,59,6.8,5,0.22,6.1,4.51,24.0,32.0,124.0,3.0,0.0,0.15,24.0,9.16,0.15,260.0,19.0,5.26,0.17,400.0,20.0,3.5,0.15,300.0,22.0,3.63,0.13,240.0,20.0,2.5,0.15,340.0,19.0,2.1,0.18,420.0,0
2025-02-24,12,6,6,3741,65,6.84,6,0.23,3.86,1.69,9.0,9.0,106.0,0.0,0.0,0.18,14.0,6.42,0.16,260.0,21.0,0.47,0.17,400.0,20.0,2.5,0.2,410.0,17.0,1.17,0.17,340.0,23.0,0.43,0.18,430.0,11.0,0.0,0.22,510.0,0
2025-02-25,2,1,6,3776,13,6.82,1,0.28,3.3,1.08,3.0,10.0,120.0,0.0,0.0,0.18,16.0,4.37,0.14,270.0,22.0,1.81,0.19,440.0,13.0,0.76,0.15,390.0,27.0,0.37,0.18,390.0,21.0,0.0,0.18,370.0,21.0,0.0,0.2,500.0,0
2025-02-25,2,2,2,4173,58,6.88,3,0.2,4.99,3.21,10.0,25.0,109.0,1.0,0.0,0.18,17.0,6.47,0.17,360.0,19.0,4.73,0.21,490.0,18.0,3.88,0.19,420.0,21.0,1.9,0.18,460.0,20.0,1.0,0.18,430.0,14.0,1.42,0.18,440.0,0
2025-02-25,2,3,4,3257,40,6.92,2,0.24,6.62,5.27,27.0,21.0,91.0,3.0,0.0,0.12,22.0,7.72,0.1,160.0,54.0,4.44,0.12,250.0,12.0,5.83,0.1,210.0,3.0,0.0,0.38,400.0,0.0,0.0,0.0,0.0,0.0,0.0,0.0,0.0,0
2025-02-25,2,4,1,4458,43,6.85,4,0.09,4.62,2.73,18.0,17.0,128.0,0.0,0.0,0.15,21.0,7.61,0.13,220.0,18.0,2.77,0.14,320.0,24.0,2.5,0.14,340.0,22.0,1.81,0.16,350.0,22.0,0.9,0.16,290.0,21.0,0.95,0.17,380.0,0
2025-02-25,2,5,5,4193,54,6.95,5,0.14,5.8,4.25,35.0,25.0,141.0,3.0,0.0,0.16,28.0,9.28,0.14,260.0,25.0,6.8,0.14,300.0,23.0,3.04,0.15,270.0,26.0,2.3,0.16,350.0,18.0,2.22,0.18,370.0,21.0,0.0,0.18,430.0,0
2025-02-25,2,6,3,3478,52,6.97,6,0.17,4.65,2.47,8.0,17.0,101.0,0.0,0.0,0.18,14.0,5.71,0.15,300.0,20.0,2.5,0.17,400.0,16.0,4.37,0.15,270.0,20.0,2.5,0.19,340.0,15.0,0.0,0.2,430.0,16.0,0.0,0.22,520.0,0
2025-02-25,3,1,4,3741,65,6.89,1,0.1,3.86,1.69,9.0,9.0,106.0,0.0,0.0,0.18,14.0,6.42,0.16,260.0,21.0,0.47,0.17,400.0,20.0,2.5,0.2,410.0,17.0,1.17,0.17,340.0,23.0,0.43,0.18,430.0,11.0,0.0,0.22,510.0,0
2025-02-25,3,2,1,5206,31,6.78,2,0.1,4.55,3.0,19.0,23.0,140.0,0.0,0.0,0.14,21.0,6.66,0.13,210.0,22.0,3.18,0.14,300.0,27.0,2.96,0.14,280.0,23.0,3.47,0.14,300.0,26.0,1.53,0.13,250.0,21.0,0.47,0.14,300.0,0
2025-02-25,3,3,2,4659,33,6.75,3,0.12,6.87,4.54,39.0,21.0,132.0,7.0,0.0,0.14,29.0,8.96,0.15,270.0,20.0,5.0,0.13,250.0,23.0,4.78,0.14,240.0,22.0,2.72,0.14,280.0,20.0,2.5,0.14,310.0,17.0,1.17,0.16,350.0,0
2025-02-25,3,4,5,4750,2,6.81,4,0.13,4.22,2.08,7.0,12.0,91.0,0.0,0.0,0.17,11.0,4.54,0.18,360.0,16.0,1.25,0.17,410.0,18.0,3.88,0.16,380.0,17.0,0.58,0.18,410.0,19.0,1.05,0.16,380.0,10.0,2.0,0.16,310.0,0
2025-02-25,3,5,3,4513,47,6.75,5,0.12,5.47,3.54,21.0,18.0,110.0,1.0,0.0,0.17,22.0,7.72,0.17,350.0,21.0,4.28,0.17,300.0,22.0,2.72,0.14,290.0,17.0,2.35,0.18,410.0,16.0,1.87,0.18,410.0,12.0,0.0,0.15,380.0,0
2025-02-25,3,6,6,4318,39,6.97,6,0.21,5.66,3.42,24.0,25.0,143.0,1.0,0.0,0.16,25.0,7.2,0.16,280.0,21.0,3.81,0.15,270.0,32.0,1.87,0.16,330.0,26.0,3.46,0.18,340.0,18.0,2.77,0.15,320.0,21.0,1.42,0.14,330.0,0
2025-02-25,4,1,2,4330,26,6.88,1,0.2,7.65,6.12,16.0,3.0,31.0,3.0,2.0,0.1,10.0,9.0,0.1,140.0,4.0,10.0,0.11,150.0,3.0,10.0,0.08,170.0,3.0,3.33,0.12,200.0,5.0,2.0,0.11,280.0,5.0,2.0,0.1,260.0,0
2025-02-25,4,2,3,3837,59,6.83,2,0.12,6.1,4.51,24.0,32.0,124.0,3.0,0.0,0.15,24.0,9.16,0.15,260.0,19.0,5.26,0.17,400.0,20.0,3.5,0.15,300.0,22.0,3.63,0.13,240.0,20.0,2.5,0.15,340.0,19.0,2.1,0.18,420.0,0
2025-02-25,4,3,6,4172,25,6.84,3,0.13,6.5,4.43,38.0,29.0,151.0,3.0,0.0,0.15,36.0,9.44,0.13,230.0,24.0,5.0,0.14,260.0,21.0,3.81,0.15,330.0,24.0,2.91,0.14,330.0,24.0,2.08,0.17,330.0,22.0,0.45,0.2,420.0,0
2025-02-25,4,4,5,3620,27,6.96,4,0.13,3.84,1.74,9.0,6.0,86.0,0.0,0.0,0.17,11.0,7.27,0.15,310.0,17.0,1.17,0.16,340.0,19.0,0.52,0.18,410.0,14.0,1.42,0.15,360.0,14.0,1.42,0.17,380.0,11.0,0.0,0.21,450.0,0
2025-02-25,4,5,1,5216,14,6.81,5,0.09,4.75,2.75,17.0,15.0,116.0,0.0,0.0,0.18,16.0,6.25,0.22,450.0,19.0,2.63,0.23,460.0,23.0,3.04,0.18,410.0,18.0,2.77,0.12,270.0,20.0,2.5,0.15,260.0,20.0,0.0,0.17,390.0,0
2025-02-25,4,6,4,4551,17,6.79,6,0.08,5.76,3.82,20.0,24.0,115.0,2.0,0.0,0.15,22.0,8.18,0.14,290.0,18.0,3.88,0.18,320.0,16.0,3.75,0.15,380.0,21.0,3.81,0.15,330.0,18.0,1.66,0.16,360.0,20.0,1.0,0.14,300.0,0
2025-02-25,5,1,5,3461,16,6.91,1,0.13,3.26,1.22,2.0,5.0,57.0,0.0,0.0,0.19,7.0,4.28,0.14,330.0,12.0,0.83,0.19,410.0,10.0,1.0,0.16,360.0,7.0,1.42,0.22,500.0,13.0,0.76,0.21,380.0,8.0,0.0,0.23,440.0,0
2025-02-25,5,2,1,5217,46,6.86,2,0.29,6.51,5.11,41.0,26.0,131.0,5.0,3.0,0.13,30.0,9.33,0.12,280.0,20.0,6.0,0.13,320.0,21.0,4.76,0.13,270.0,20.0,2.5,0.11,270.0,17.0,1.76,0.16,310.0,23.0,3.91,0.14,290.0,0
2025-02-25,5,3,3,5257,49,6.92,3,0.17,5.63,3.98,20.0,19.0,98.0,1.0,0.0,0.15,14.0,6.42,0.17,360.0,13.0,6.15,0.18,460.0,18.0,3.33,0.17,360.0,19.0,2.63,0.14,280.0,17.0,3.52,0.14,300.0,17.0,2.94,0.14,370.0,0
2025-02-25,5,4,4,4259,15,6.9,4,0.15,5.8,3.55,26.0,22.0,135.0,4.0,0.0,0.14,27.0,8.88,0.13,290.0,21.0,4.28,0.12,230.0,26.0,1.92,0.13,270.0,23.0,1.73,0.15,360.0,17.0,1.76,0.17,400.0,21.0,1.42,0.15,380.0,0
2025-02-25,5,5,2,4876,8,6.93,5,0.19,4.58,2.74,15.0,16.0,113.0,0.0,0.0,0.18,16.0,7.5,0.15,440.0,19.0,2.63,0.2,370.0,19.0,3.68,0.17,380.0,20.0,1.5,0.2,350.0,18.0,1.66,0.17,340.0,21.0,0.47,0.17,360.0,0
2025-02-25,5,6,6,5363,23,6.92,6,0.23,0.0,0.0,0.0,0.0,0.0,0.0,0.0,0.0,0.0,0.0,0.0,0.0,0.0,0.0,0.0,0.0,0.0,0.0,0.0,0.0,0.0,0.0,0.0,0.0,0.0,0.0,0.0,0.0,0.0,0.0,0.0,0.0,0
2025-02-25,7,1,2,4513,47,6.78,1,0.22,5.47,3.54,21.0,18.0,110.0,1.0,0.0,0.17,22.0,7.72,0.17,350.0,21.0,4.28,0.17,300.0,22.0,2.72,0.14,290.0,17.0,2.35,0.18,410.0,16.0,1.87,0.18,410.0,12.0,0.0,0.15,380.0,0
2025-02-25,7,2,1,4686,20,6.85,2,0.19,7.31,5.32,37.0,29.0,124.0,6.0,3.0,0.14,26.0,8.46,0.14,380.0,21.0,4.76,0.13,400.0,21.0,6.66,0.14,300.0,23.0,3.91,0.15,370.0,16.0,5.0,0.14,340.0,17.0,1.76,0.17,480.0,0
2025-02-25,7,3,3,3959,45,6.79,3,0.18,6.77,4.14,23.0,30.0,128.0,2.0,0.0,0.14,25.0,6.8,0.15,250.0,20.0,5.0,0.14,330.0,21.0,5.71,0.13,350.0,23.0,4.34,0.12,250.0,22.0,1.36,0.13,300.0,17.0,0.58,0.15,420.0,0
2025-02-25,7,4,6,4093,66,6.93,4,0.26,4.76,2.93,11.0,16.0,92.0,0.0,0.0,0.2,14.0,5.71,0.2,460.0,13.0,3.07,0.21,420.0,21.0,3.81,0.2,340.0,19.0,1.57,0.23,410.0,13.0,3.07,0.17,350.0,12.0,0.0,0.18,410.0,0
2025-02-25,7,5,5,3776,13,6.81,5,0.22,3.3,1.08,3.0,10.0,120.0,0.0,0.0,0.18,16.0,4.37,0.14,270.0,22.0,1.81,0.19,440.0,13.0,0.76,0.15,390.0,27.0,0.37,0.18,390.0,21.0,0.0,0.18,370.0,21.0,0.0,0.2,500.0,0
2025-02-25,7,6,4,5352,3,6.87,6,0.21,1.6,0.0,0.0,0.0,77.0,0.0,0.0,0.23,0.0,0.0,0.0,0.0,0.0,0.0,0.0,0.0,0.0,0.0,0.0,0.0,0.0,0.0,0.0,0.0,0.0,0.0,0.0,0.0,77.0,0.0,0.23,490.0,0
2025-02-25,10,1,3,4659,33,6.92,1,0.19,6.87,4.54,39.0,21.0,132.0,7.0,0.0,0.14,29.0,8.96,0.15,270.0,20.0,5.0,0.13,250.0,23.0,4.78,0.14,240.0,22.0,2.72,0.14,280.0,20.0,2.5,0.14,310.0,17.0,1.17,0.16,350.0,0
2025-02-25,10,2,2,4551,17,6.88,2,0.29,5.76,3.82,20.0,24.0,115.0,2.0,0.0,0.15,22.0,8.18,0.14,290.0,18.0,3.88,0.18,320.0,16.0,3.75,0.15,380.0,21.0,3.81,0.15,330.0,18.0,1.66,0.16,360.0,20.0,1.0,0.14,300.0,0
2025-02-25,10,3,1,5217,46,6.88,3,0.12,6.51,5.11,41.0,26.0,131.0,5.0,3.0,0.13,30.0,9.33,0.12,280.0,20.0,6.0,0.13,320.0,21.0,4.76,0.13,270.0,20.0,2.5,0.11,270.0,17.0,1.76,0.16,310.0,23.0,3.91,0.14,290.0,0
2025-02-25,10,4,6,4129,64,6.93,4,0.26,4.66,2.53,14.0,20.0,134.0,1.0,0.0,0.15,20.0,6.0,0.17,350.0,25.0,3.6,0.11,230.0,21.0,2.38,0.16,230.0,21.0,1.42,0.15,300.0,26.0,1.53,0.15,300.0,21.0,0.47,0.19,340.0,0
2025-02-25,10,5,4,4458,43,6.88,5,0.29,4.62,2.73,18.0,17.0,128.0,0.0,0.0,0.15,21.0,7.61,0.13,220.0,18.0,2.77,0.14,320.0,24.0,2.5,0.14,340.0,22.0,1.81,0.16,350.0,22.0,0.9,0.16,290.0,21.0,0.95,0.17,380.0,0
2025-02-25,10,6,5,5055,36,6.89,6,0.32,5.51,3.33,25.0,15.0,120.0,3.0,0.0,0.15,20.0,7.0,0.11,210.0,20.0,5.0,0.14,270.0,21.0,2.85,0.15,310.0,21.0,2.38,0.16,300.0,20.0,2.0,0.14,280.0,18.0,0.55,0.18,420.0,0
2025-02-26,1,1,3,4750,2,6.85,1,0.17,4.22,2.08,7.0,12.0,91.0,0.0,0.0,0.17,11.0,4.54,0.18,360.0,16.0,1.25,0.17,410.0,18.0,3.88,0.16,380.0,17.0,0.58,0.18,410.0,19.0,1.05,0.16,380.0,10.0,2.0,0.16,310.0,0
2025-02-26,1,2,4,4093,66,6.93,2,0.23,4.76,2.93,11.0,16.0,92.0,0.0,0.0,0.2,14.0,5.71,0.2,460.0,13.0,3.07,0.21,420.0,21.0,3.81,0.2,340.0,19.0,1.57,0.23,410.0,13.0,3.07,0.17,350.0,12.0,0.0,0.18,410.0,0
2025-02-26,1,3,1,3963,41,6.84,3,0.17,5.27,3.35,21.0,29.0,149.0,0.0,0.0,0.16,26.0,8.07,0.16,350.0,27.0,3.33,0.16,330.0,26.0,3.46,0.17,360.0,24.0,1.66,0.15,300.0,27.0,2.22,0.18,300.0,19.0,0.52,0.16,390.0,0
2025-02-26,1,4,2,3741,65,6.89,4,0.17,3.86,1.69,9.0,9.0,106.0,0.0,0.0,0.18,14.0,6.42,0.16,260.0,21.0,0.47,0.17,400.0,20.0,2.5,0.2,410.0,17.0,1.17,0.17,340.0,23.0,0.43,0.18,430.0,11.0,0.0,0.22,510.0,0
2025-02-26,1,5,5,3620,27,7.0,5,0.19,3.84,1.74,9.0,6.0,86.0,0.0,0.0,0.17,11.0,7.27,0.15,310.0,17.0,1.17,0.16,340.0,19.0,0.52,0.18,410.0,14.0,1.42,0.15,360.0,14.0,1.42,0.17,380.0,11.0,0.0,0.21,450.0,0
2025-02-26,1,6,6,5363,23,6.95,6,0.21,0.0,0.0,0.0,0.0,0.0,0.0,0.0,0.0,0.0,0.0,0.0,0.0,0.0,0.0,0.0,0.0,0.0,0.0,0.0,0.0,0.0,0.0,0.0,0.0,0.0,0.0,0.0,0.0,0.0,0.0,0.0,0.0,0
2025-02-26,3,1,4,5206,31,6.79,1,0.38,4.55,3.0,19.0,23.0,140.0,0.0,0.0,0.14,21.0,6.66,0.13,210.0,22.0,3.18,0.14,300.0,27.0,2.96,0.14,280.0,23.0,3.47,0.14,300.0,26.0,1.53,0.13,250.0,21.0,0.47,0.14,300.0,0
2025-02-26,3,2,3,4656,6,6.91,3,0.2,5.22,3.3,13.0,24.0,112.0,2.0,0.0,0.16,15.0,6.66,0.15,300.0,21.0,4.28,0.17,340.0,19.0,3.68,0.16,280.0,18.0,2.77,0.17,300.0,22.0,1.81,0.17,380.0,17.0,1.17,0.15,340.0,0
2025-02-26,3,3,6,4129,64,6.88,4,0.14,4.66,2.53,14.0,20.0,134.0,1.0,0.0,0.15,20.0,6.0,0.17,350.0,25.0,3.6,0.11,230.0,21.0,2.38,0.16,230.0,21.0,1.42,0.15,300.0,26.0,1.53,0.15,300.0,21.0,0.47,0.19,340.0,0
2025-02-26,3,4,2,4318,39,6.93,5,0.17,5.66,3.42,24.0,25.0,143.0,1.0,0.0,0.16,25.0,7.2,0.16,280.0,21.0,3.81,0.15,270.0,32.0,1.87,0.16,330.0,26.0,3.46,0.18,340.0,18.0,2.77,0.15,320.0,21.0,1.42,0.14,330.0,0
2025-02-26,3,5,1,5055,36,6.85,6,0.12,5.51,3.33,25.0,15.0,120.0,3.0,0.0,0.15,20.0,7.0,0.11,210.0,20.0,5.0,0.14,270.0,21.0,2.85,0.15,310.0,21.0,2.38,0.16,300.0,20.0,2.0,0.14,280.0,18.0,0.55,0.18,420.0,0
2025-02-26,3,6,5,3257,40,6.98,2,0.32,6.62,5.27,27.0,21.0,91.0,3.0,0.0,0.12,22.0,7.72,0.1,160.0,54.0,4.44,0.12,250.0,12.0,5.83,0.1,210.0,3.0,0.0,0.38,400.0,0.0,0.0,0.0,0.0,0.0,0.0,0.0,0.0,0
2025-02-26,7,1,4,4068,53,6.81,1,0.11,5.2,3.13,9.0,17.0,83.0,0.0,0.0,0.18,14.0,7.14,0.17,250.0,12.0,3.33,0.2,430.0,15.0,3.33,0.18,290.0,13.0,2.3,0.14,360.0,15.0,2.66,0.19,380.0,14.0,0.0,0.2,450.0,0
2025-02-26,7,2,6,4232,10,6.91,2,0.19,3.38,1.5,2.0,4.0,40.0,0.0,0.0,0.21,5.0,6.0,0.2,340.0,6.0,1.66,0.2,250.0,7.0,1.42,0.22,470.0,5.0,0.0,0.23,460.0,6.0,1.66,0.15,220.0,10.0,0.0,0.22,410.0,0
2025-02-26,7,3,5,4193,54,6.96,3,0.13,5.8,4.25,35.0,25.0,141.0,3.0,0.0,0.16,28.0,9.28,0.14,260.0,25.0,6.8,0.14,300.0,23.0,3.04,0.15,270.0,26.0,2.3,0.16,350.0,18.0,2.22,0.18,370.0,21.0,0.0,0.18,430.0,0
2025-02-26,7,4,1,4415,29,6.94,4,0.07,6.32,4.43,48.0,19.0,151.0,3.0,1.0,0.14,30.0,9.0,0.13,240.0,26.0,2.3,0.13,320.0,29.0,5.17,0.14,300.0,20.0,4.5,0.15,280.0,17.0,2.94,0.15,310.0,29.0,1.72,0.15,360.0,0
2025-02-26,7,5,3,4318,39,6.93,5,0.09,5.66,3.42,24.0,25.0,143.0,1.0,0.0,0.16,25.0,7.2,0.16,280.0,21.0,3.81,0.15,270.0,32.0,1.87,0.16,330.0,26.0,3.46,0.18,340.0,18.0,2.77,0.15,320.0,21.0,1.42,0.14,330.0,0
2025-02-26,7,6,2,3959,45,6.86,6,0.03,6.77,4.14,23.0,30.0,128.0,2.0,0.0,0.14,25.0,6.8,0.15,250.0,20.0,5.0,0.14,330.0,21.0,5.71,0.13,350.0,23.0,4.34,0.12,250.0,22.0,1.36,0.13,300.0,17.0,0.58,0.15,420.0,0
2025-02-27,4,1,4,5138,57,6.72,1,0.23,2.73,0.61,0.0,3.0,49.0,0.0,0.0,0.16,5.0,2.0,0.2,300.0,7.0,0.0,0.15,500.0,10.0,1.0,0.17,420.0,9.0,1.11,0.15,300.0,10.0,0.0,0.14,340.0,8.0,0.0,0.19,550.0,0
2025-02-27,4,2,3,4068,53,6.79,2,0.23,5.2,3.13,9.0,17.0,83.0,0.0,0.0,0.18,14.0,7.14,0.17,250.0,12.0,3.33,0.2,430.0,15.0,3.33,0.18,290.0,13.0,2.3,0.14,360.0,15.0,2.66,0.19,380.0,14.0,0.0,0.2,450.0,0
2025-02-27,4,3,6,4193,54,6.92,3,0.13,5.8,4.25,35.0,25.0,141.0,3.0,0.0,0.16,28.0,9.28,0.14,260.0,25.0,6.8,0.14,300.0,23.0,3.04,0.15,270.0,26.0,2.3,0.16,350.0,18.0,2.22,0.18,370.0,21.0,0.0,0.18,430.0,0
2025-02-27,4,4,1,4659,33,6.98,4,0.12,6.87,4.54,39.0,21.0,132.0,7.0,0.0,0.14,29.0,8.96,0.15,270.0,20.0,5.0,0.13,250.0,23.0,4.78,0.14,240.0,22.0,2.72,0.14,280.0,20.0,2.5,0.14,310.0,17.0,1.17,0.16,350.0,0
2025-02-27,4,5,2,3837,59,6.9,5,0.14,6.1,4.51,24.0,32.0,124.0,3.0,0.0,0.15,24.0,9.16,0.15,260.0,19.0,5.26,0.17,400.0,20.0,3.5,0.15,300.0,22.0,3.63,0.13,240.0,20.0,2.5,0.15,340.0,19.0,2.1,0.18,420.0,0
2025-02-27,4,6,5,5363,23,6.82,6,0.17,0.0,0.0,0.0,0.0,0.0,0.0,0.0,0.0,0.0,0.0,0.0,0.0,0.0,0.0,0.0,0.0,0.0,0.0,0.0,0.0,0.0,0.0,0.0,0.0,0.0,0.0,0.0,0.0,0.0,0.0,0.0,0.0,0
2025-02-27,5,1,3,4766,50,6.78,1,0.28,4.92,3.25,14.0,15.0,89.0,0.0,0.0,0.14,12.0,6.66,0.16,330.0,18.0,5.0,0.13,270.0,19.0,2.63,0.17,300.0,10.0,4.0,0.11,150.0,13.0,2.3,0.14,250.0,17.0,0.0,0.11,240.0,0
2025-02-27,5,2,1,4377,51,6.86,2,0.22,5.76,3.88,23.0,26.0,126.0,0.0,0.0,0.18,25.0,9.2,0.16,290.0,17.0,6.47,0.18,350.0,19.0,2.63,0.17,350.0,25.0,1.6,0.19,390.0,21.0,1.42,0.17,390.0,19.0,1.57,0.2,430.0,0
2025-02-27,5,3,2,4391,12,6.96,3,0.2,6.63,4.72,35.0,33.0,144.0,5.0,1.0,0.15,31.0,8.71,0.15,330.0,25.0,6.4,0.16,340.0,27.0,3.7,0.12,280.0,20.0,2.0,0.15,300.0,24.0,2.5,0.16,310.0,17.0,2.94,0.18,410.0,0
2025-02-27,5,4,5,4093,66,7.0,4,0.27,4.76,2.93,11.0,16.0,92.0,0.0,0.0,0.2,14.0,5.71,0.2,460.0,13.0,3.07,0.21,420.0,21.0,3.81,0.2,340.0,19.0,1.57,0.23,410.0,13.0,3.07,0.17,350.0,12.0,0.0,0.18,410.0,0
2025-02-27,5,5,6,4129,64,6.95,5,0.22,4.66,2.53,14.0,20.0,134.0,1.0,0.0,0.15,20.0,6.0,0.17,350.0,25.0,3.6,0.11,230.0,21.0,2.38,0.16,230.0,21.0,1.42,0.15,300.0,26.0,1.53,0.15,300.0,21.0,0.47,0.19,340.0,0
2025-02-27,5,6,4,5257,49,6.89,6,0.19,5.63,3.98,20.0,19.0,98.0,1.0,0.0,0.15,14.0,6.42,0.17,360.0,13.0,6.15,0.18,460.0,18.0,3.33,0.17,360.0,19.0,2.63,0.14,280.0,17.0,3.52,0.14,300.0,17.0,2.94,0.14,370.0,0
2025-02-27,7,1,4,4434,61,6.84,1,0.17,6.06,4.09,27.0,23.0,122.0,4.0,0.0,0.15,24.0,8.33,0.12,220.0,17.0,5.88,0.15,340.0,18.0,2.77,0.15,320.0,19.0,4.73,0.13,280.0,23.0,0.87,0.16,330.0,21.0,1.9,0.17,450.0,0
2025-02-27,7,2,6,4318,39,6.8,3,0.11,5.66,3.42,24.0,25.0,143.0,1.0,0.0,0.16,25.0,7.2,0.16,280.0,21.0,3.81,0.15,270.0,32.0,1.87,0.16,330.0,26.0,3.46,0.18,340.0,18.0,2.77,0.15,320.0,21.0,1.42,0.14,330.0,0
2025-02-27,7,3,2,4330,26,6.83,4,0.12,7.65,6.12,16.0,3.0,31.0,3.0,2.0,0.1,10.0,9.0,0.1,140.0,4.0,10.0,0.11,150.0,3.0,10.0,0.08,170.0,3.0,3.33,0.12,200.0,5.0,2.0,0.11,280.0,5.0,2.0,0.1,260.0,0
2025-02-27,7,4,3,3461,16,6.84,5,0.13,3.26,1.22,2.0,5.0,57.0,0.0,0.0,0.19,7.0,4.28,0.14,330.0,12.0,0.83,0.19,410.0,10.0,1.0,0.16,360.0,7.0,1.42,0.22,500.0,13.0,0.76,0.21,380.0,8.0,0.0,0.23,440.0,0
2025-02-27,7,5,5,3776,13,6.89,6,0.18,3.3,1.08,3.0,10.0,120.0,0.0,0.0,0.18,16.0,4.37,0.14,270.0,22.0,1.81,0.19,440.0,13.0,0.76,0.15,390.0,27.0,0.37,0.18,390.0,21.0,0.0,0.18,370.0,21.0,0.0,0.2,500.0,0
2025-02-27,7,6,1,3257,40,6.98,2,0.08,6.62,5.27,27.0,21.0,91.0,3.0,0.0,0.12,22.0,7.72,0.1,160.0,54.0,4.44,0.12,250.0,12.0,5.83,0.1,210.0,3.0,0.0,0.38,400.0,0.0,0.0,0.0,0.0,0.0,0.0,0.0,0.0,0
2025-02-27,8,1,2,3769,11,6.93,1,0.11,5.63,3.33,13.0,18.0,93.0,0.0,0.0,0.15,15.0,8.66,0.11,220.0,18.0,4.44,0.17,340.0,15.0,4.0,0.12,190.0,19.0,1.57,0.14,280.0,14.0,0.71,0.17,310.0,12.0,0.0,0.2,500.0,0
2025-02-27,8,2,1,4551,17,6.87,2,0.11,5.76,3.82,20.0,24.0,115.0,2.0,0.0,0.15,22.0,8.18,0.14,290.0,18.0,3.88,0.18,320.0,16.0,3.75,0.15,380.0,21.0,3.81,0.15,330.0,18.0,1.66,0.16,360.0,20.0,1.0,0.14,300.0,0
2025-02-27,8,3,3,4750,2,6.95,3,0.08,4.22,2.08,7.0,12.0,91.0,0.0,0.0,0.17,11.0,4.54,0.18,360.0,16.0,1.25,0.17,410.0,18.0,3.88,0.16,380.0,17.0,0.58,0.18,410.0,19.0,1.05,0.16,380.0,10.0,2.0,0.16,310.0,0
2025-02-27,8,4,4,4193,54,6.91,4,0.18,5.8,4.25,35.0,25.0,141.0,3.0,0.0,0.16,28.0,9.28,0.14,260.0,25.0,6.8,0.14,300.0,23.0,3.04,0.15,270.0,26.0,2.3,0.16,350.0,18.0,2.22,0.18,370.0,21.0,0.0,0.18,430.0,0
2025-02-27,8,5,5,3963,41,6.87,5,0.18,5.27,3.35,21.0,29.0,149.0,0.0,0.0,0.16,26.0,8.07,0.16,350.0,27.0,3.33,0.16,330.0,26.0,3.46,0.17,360.0,24.0,1.66,0.15,300.0,27.0,2.22,0.18,300.0,19.0,0.52,0.16,390.0,0
2025-02-27,8,6,6,5352,3,6.9,6,0.21,1.6,0.0,0.0,0.0,77.0,0.0,0.0,0.23,0.0,0.0,0.0,0.0,0.0,0.0,0.0,0.0,0.0,0.0,0.0,0.0,0.0,0.0,0.0,0.0,0.0,0.0,0.0,0.0,77.0,0.0,0.23,490.0,0
2025-02-27,12,1,3,5217,46,6.78,1,0.17,6.51,5.11,41.0,26.0,131.0,5.0,3.0,0.13,30.0,9.33,0.12,280.0,20.0,6.0,0.13,320.0,21.0,4.76,0.13,270.0,20.0,2.5,0.11,270.0,17.0,1.76,0.16,310.0,23.0,3.91,0.14,290.0,0
2025-02-27,12,2,6,4876,8,6.91,2,0.12,4.58,2.74,15.0,16.0,113.0,0.0,0.0,0.18,16.0,7.5,0.15,440.0,19.0,2.63,0.2,370.0,19.0,3.68,0.17,380.0,20.0,1.5,0.2,350.0,18.0,1.66,0.17,340.0,21.0,0.47,0.17,360.0,0
2025-02-27,12,3,1,4686,20,6.81,3,0.09,7.31,5.32,37.0,29.0,124.0,6.0,3.0,0.14,26.0,8.46,0.14,380.0,21.0,4.76,0.13,400.0,21.0,6.66,0.14,300.0,23.0,3.91,0.15,370.0,16.0,5.0,0.14,340.0,17.0,1.76,0.17,480.0,0
2025-02-27,12,4,2,3959,45,6.86,4,0.05,6.77,4.14,23.0,30.0,128.0,2.0,0.0,0.14,25.0,6.8,0.15,250.0,20.0,5.0,0.14,330.0,21.0,5.71,0.13,350.0,23.0,4.34,0.12,250.0,22.0,1.36,0.13,300.0,17.0,0.58,0.15,420.0,0
2025-02-27,12,5,4,5206,31,6.85,5,0.03,4.55,3.0,19.0,23.0,140.0,0.0,0.0,0.14,21.0,6.66,0.13,210.0,22.0,3.18,0.14,300.0,27.0,2.96,0.14,280.0,23.0,3.47,0.14,300.0,26.0,1.53,0.13,250.0,21.0,0.47,0.14,300.0,0
2025-02-27,12,6,5,4173,58,6.9,6,0.12,4.99,3.21,10.0,25.0,109.0,1.0,0.0,0.18,17.0,6.47,0.17,360.0,19.0,4.73,0.21,490.0,18.0,3.88,0.19,420.0,21.0,1.9,0.18,460.0,20.0,1.0,0.18,430.0,14.0,1.42,0.18,440.0,0
2025-03-06,5,1,5,5276,60,6.78,1,0.28,3.86,1.61,7.0,8.0,93.0,0.0,0.0,0.16,10.0,7.0,0.14,370.0,17.0,1.76,0.16,420.0,15.0,1.33,0.18,390.0,15.0,0.0,0.18,370.0,18.0,1.11,0.16,280.0,18.0,0.55,0.15,320.0,0
2025-03-06,5,2,4,5224,39,6.87,2,0.26,6.55,4.57,25.0,23.0,105.0,4.0,1.0,0.16,20.0,8.5,0.15,310.0,19.0,6.31,0.14,310.0,18.0,4.44,0.15,280.0,17.0,4.11,0.16,330.0,11.0,1.81,0.16,370.0,20.0,1.0,0.22,490.0,0
2025-03-06,5,3,6,5307,30,6.8,3,0.24,3.3,1.34,4.0,7.0,82.0,0.0,0.0,0.17,6.0,3.33,0.17,390.0,10.0,2.0,0.16,340.0,13.0,3.07,0.16,240.0,13.0,1.53,0.2,330.0,14.0,0.71,0.18,420.0,26.0,0.0,0.15,410.0,0
2025-03-06,5,4,1,5137,33,6.77,4,0.14,4.89,2.57,14.0,11.0,97.0,0.0,0.0,0.16,12.0,6.66,0.17,230.0,17.0,1.17,0.19,440.0,20.0,3.0,0.17,290.0,11.0,2.72,0.12,300.0,19.0,1.57,0.14,260.0,18.0,1.66,0.17,320.0,0
2025-03-06,5,5,3,5313,44,6.79,5,0.17,2.04,0.14,0.0,1.0,69.0,0.0,0.0,0.17,0.0,0.0,0.0,0.0,0.0,0.0,0.0,0.0,0.0,0.0,0.0,0.0,0.0,0.0,0.0,0.0,1.0,0.0,0.22,500.0,68.0,0.14,0.17,360.0,0
2025-03-06,5,6,2,5161,53,6.84,6,0.18,5.69,4.46,24.0,30.0,121.0,2.0,1.0,0.13,20.0,7.5,0.11,280.0,24.0,4.58,0.13,280.0,21.0,4.28,0.14,290.0,21.0,3.81,0.13,280.0,19.0,4.21,0.13,260.0,16.0,1.87,0.14,280.0,0
2025-03-06,7,1,3,5102,35,6.73,2,0.17,4.69,2.6,11.0,15.0,100.0,0.0,0.0,0.19,11.0,6.36,0.17,370.0,16.0,3.12,0.16,390.0,19.0,3.68,0.19,380.0,19.0,2.63,0.21,410.0,19.0,0.52,0.19,430.0,16.0,0.62,0.21,470.0,0
2025-03-06,7,2,1,5089,40,6.82,1,0.12,6.16,3.92,23.0,17.0,102.0,2.0,0.0,0.15,19.0,7.89,0.1,140.0,17.0,2.94,0.11,270.0,19.0,4.73,0.15,290.0,18.0,3.33,0.19,420.0,15.0,3.33,0.17,370.0,14.0,0.0,0.17,460.0,0
2025-03-06,7,3,5,5289,50,6.76,3,0.22,3.66,0.84,4.0,6.0,119.0,0.0,0.0,0.16,0.0,0.0,0.0,0.0,0.0,0.0,0.0,0.0,3.0,0.0,0.15,300.0,23.0,0.87,0.16,330.0,44.0,1.36,0.16,350.0,49.0,0.4,0.16,330.0,0
2025-03-06,7,4,2,5026,17,6.71,4,0.25,6.76,5.39,43.0,26.0,128.0,7.0,1.0,0.14,30.0,8.33,0.14,270.0,26.0,5.76,0.13,300.0,19.0,4.21,0.14,310.0,19.0,3.15,0.14,310.0,19.0,4.73,0.14,320.0,15.0,4.0,0.14,320.0,0
2025-03-06,7,5,4,5043,54,6.78,5,0.15,6.49,5.04,31.0,22.0,105.0,5.0,0.0,0.15,20.0,7.0,0.15,280.0,21.0,5.23,0.15,310.0,15.0,6.0,0.14,300.0,13.0,5.38,0.14,310.0,19.0,3.68,0.13,340.0,17.0,2.94,0.18,380.0,0
2025-03-06,7,6,6,5238,6,6.78,6,0.21,3.39,1.59,6.0,9.0,94.0,0.0,0.0,0.16,1.0,10.0,0.26,450.0,4.0,5.0,0.15,350.0,1.0,10.0,0.1,300.0,22.0,1.36,0.14,340.0,28.0,1.78,0.16,300.0,38.0,0.78,0.17,390.0,0
2025-03-06,9,1,3,5150,26,6.74,1,0.24,5.6,4.21,26.0,22.0,114.0,2.0,0.0,0.15,21.0,7.61,0.13,280.0,18.0,5.0,0.15,280.0,19.0,3.68,0.15,270.0,17.0,2.35,0.16,350.0,16.0,4.37,0.15,320.0,23.0,2.17,0.14,240.0,0
2025-03-06,9,2,5,5252,12,6.77,2,0.22,4.41,2.24,16.0,13.0,129.0,0.0,0.0,0.14,13.0,7.69,0.13,270.0,28.0,2.14,0.15,360.0,23.0,1.73,0.14,320.0,23.0,2.17,0.12,260.0,23.0,0.43,0.12,250.0,19.0,1.57,0.17,370.0,0
2025-03-06,9,3,1,5104,59,6.76,3,0.17,5.73,4.0,13.0,17.0,75.0,3.0,0.0,0.18,14.0,9.28,0.17,370.0,12.0,4.16,0.18,410.0,10.0,2.0,0.17,320.0,11.0,4.54,0.16,280.0,15.0,2.0,0.19,360.0,13.0,1.53,0.2,300.0,0
2025-03-06,9,4,2,5135,19,6.72,4,0.16,4.95,2.78,11.0,18.0,104.0,0.0,0.0,0.17,14.0,6.42,0.13,270.0,16.0,1.87,0.2,390.0,26.0,2.69,0.17,380.0,21.0,3.33,0.15,300.0,13.0,0.76,0.16,430.0,14.0,1.42,0.18,390.0,0
2025-03-06,9,5,4,5154,56,6.75,5,0.14,4.25,1.98,11.0,10.0,106.0,0.0,0.0,0.17,13.0,4.61,0.18,340.0,21.0,2.38,0.18,410.0,19.0,2.63,0.15,290.0,17.0,1.76,0.15,320.0,17.0,0.58,0.18,380.0,19.0,0.52,0.16,380.0,0
2025-03-06,9,6,6,5273,21,6.72,6,0.11,3.17,0.93,2.0,5.0,75.0,0.0,0.0,0.19,8.0,2.5,0.2,410.0,14.0,0.71,0.19,410.0,15.0,1.33,0.17,370.0,11.0,0.0,0.18,450.0,18.0,0.55,0.18,420.0,9.0,1.11,0.22,460.0,0
2025-03-07,2,1,4,5247,34,6.77,1,0.21,2.79,0.81,5.0,2.0,86.0,0.0,0.0,0.19,10.0,3.0,0.17,400.0,14.0,0.71,0.22,460.0,16.0,0.62,0.18,410.0,14.0,1.42,0.22,500.0,15.0,0.0,0.18,420.0,17.0,0.0,0.18,440.0,0
2025-03-07,2,2,3,5135,19,6.82,2,0.19,4.95,2.78,11.0,18.0,104.0,0.0,0.0,0.17,14.0,6.42,0.13,270.0,16.0,1.87,0.2,390.0,26.0,2.69,0.17,380.0,21.0,3.33,0.15,300.0,13.0,0.76,0.16,430.0,14.0,1.42,0.18,390.0,0
2025-03-07,2,3,6,5082,55,6.85,3,0.22,4.59,2.56,11.0,10.0,82.0,2.0,0.0,0.21,8.0,3.75,0.24,380.0,14.0,3.57,0.18,460.0,23.0,4.34,0.21,370.0,14.0,1.42,0.24,410.0,12.0,0.0,0.23,490.0,11.0,0.9,0.2,440.0,0
2025-03-07,2,4,1,5238,6,6.79,4,0.11,3.39,1.59,6.0,9.0,94.0,0.0,0.0,0.16,1.0,10.0,0.26,450.0,4.0,5.0,0.15,350.0,1.0,10.0,0.1,300.0,22.0,1.36,0.14,340.0,28.0,1.78,0.16,300.0,38.0,0.78,0.17,390.0,0
2025-03-07,2,5,2,5337,5,6.79,5,0.11,1.69,0.22,2.0,0.0,91.0,0.0,0.0,0.18,0.0,0.0,0.0,0.0,0.0,0.0,0.0,0.0,0.0,0.0,0.0,0.0,0.0,0.0,0.0,0.0,7.0,1.42,0.11,240.0,82.0,0.12,0.18,420.0,0
2025-03-07,2,6,5,5112,27,6.75,6,0.16,6.13,3.92,25.0,17.0,107.0,2.0,1.0,0.16,17.0,8.23,0.14,300.0,20.0,4.0,0.15,380.0,16.0,3.75,0.18,410.0,18.0,3.33,0.14,340.0,23.0,3.04,0.15,320.0,13.0,0.76,0.16,500.0,0
2025-03-07,3,1,5,5154,56,6.72,1,0.28,4.25,1.98,11.0,10.0,106.0,0.0,0.0,0.17,13.0,4.61,0.18,340.0,21.0,2.38,0.18,410.0,19.0,2.63,0.15,290.0,17.0,1.76,0.15,320.0,17.0,0.58,0.18,380.0,19.0,0.52,0.16,380.0,0
2025-03-07,3,2,3,5076,29,6.79,2,0.31,3.9,2.16,8.0,10.0,83.0,0.0,0.0,0.2,12.0,4.16,0.18,480.0,15.0,2.0,0.22,410.0,16.0,3.12,0.19,410.0,11.0,0.9,0.21,410.0,16.0,1.87,0.21,460.0,13.0,0.76,0.19,450.0,0
2025-03-07,3,3,2,5127,2,6.79,3,0.33,4.87,2.74,14.0,17.0,113.0,0.0,0.0,0.19,16.0,6.87,0.21,410.0,17.0,4.11,0.17,380.0,23.0,1.3,0.18,390.0,25.0,2.8,0.15,330.0,20.0,0.5,0.22,430.0,12.0,1.66,0.25,510.0,0
2025-03-07,3,4,1,5102,35,6.78,4,0.25,4.69,2.6,11.0,15.0,100.0,0.0,0.0,0.19,11.0,6.36,0.17,370.0,16.0,3.12,0.16,390.0,19.0,3.68,0.19,380.0,19.0,2.63,0.21,410.0,19.0,0.52,0.19,430.0,16.0,0.62,0.21,470.0,0
2025-03-07,3,5,4,5137,33,6.81,5,0.23,4.89,2.57,14.0,11.0,97.0,0.0,0.0,0.16,12.0,6.66,0.17,230.0,17.0,1.17,0.19,440.0,20.0,3.0,0.17,290.0,11.0,2.72,0.12,300.0,19.0,1.57,0.14,260.0,18.0,1.66,0.17,320.0,0
2025-03-07,3,6,6,5150,26,6.75,6,0.24,5.6,4.21,26.0,22.0,114.0,2.0,0.0,0.15,21.0,7.61,0.13,280.0,18.0,5.0,0.15,280.0,19.0,3.68,0.15,270.0,17.0,2.35,0.16,350.0,16.0,4.37,0.15,320.0,23.0,2.17,0.14,240.0,0
2025-03-07,5,1,6,5252,12,6.75,1,0.25,4.41,2.24,16.0,13.0,129.0,0.0,0.0,0.14,13.0,7.69,0.13,270.0,28.0,2.14,0.15,360.0,23.0,1.73,0.14,320.0,23.0,2.17,0.12,260.0,23.0,0.43,0.12,250.0,19.0,1.57,0.17,370.0,0
2025-03-07,5,2,1,5191,62,6.68,2,0.22,6.7,5.2,49.0,26.0,144.0,6.0,2.0,0.13,30.0,8.33,0.13,270.0,26.0,4.61,0.12,280.0,24.0,6.66,0.14,270.0,21.0,3.81,0.11,210.0,19.0,4.73,0.14,290.0,24.0,2.08,0.12,280.0,0
2025-03-07,5,3,3,5110,15,6.77,3,0.23,4.3,1.96,9.0,11.0,102.0,0.0,0.0,0.17,13.0,4.61,0.18,380.0,19.0,2.63,0.2,400.0,17.0,1.76,0.14,310.0,16.0,1.87,0.19,360.0,22.0,0.45,0.17,380.0,15.0,1.33,0.16,440.0,0
2025-03-07,5,4,4,5196,36,6.73,4,0.2,5.71,4.27,24.0,20.0,103.0,1.0,0.0,0.13,15.0,6.66,0.15,370.0,15.0,4.66,0.13,300.0,17.0,2.94,0.15,330.0,22.0,5.45,0.1,210.0,14.0,3.57,0.11,240.0,20.0,2.5,0.16,300.0,0
2025-03-07,5,5,2,5253,4,6.79,5,0.26,2.25,0.53,4.0,0.0,75.0,0.0,0.0,0.17,9.0,0.0,0.17,400.0,13.0,0.76,0.19,310.0,13.0,0.76,0.17,380.0,11.0,1.81,0.17,370.0,11.0,0.0,0.18,290.0,18.0,0.0,0.15,360.0,0
2025-03-07,5,6,5,5328,61,6.75,6,0.33,1.94,0.0,0.0,0.0,85.0,0.0,0.0,0.17,0.0,0.0,0.0,0.0,0.0,0.0,0.0,0.0,0.0,0.0,0.0,0.0,17.0,0.0,0.17,410.0,22.0,0.0,0.15,300.0,46.0,0.0,0.18,380.0,0
2025-03-07,6,1,3,5104,59,6.77,1,0.21,5.73,4.0,13.0,17.0,75.0,3.0,0.0,0.18,14.0,9.28,0.17,370.0,12.0,4.16,0.18,410.0,10.0,2.0,0.17,320.0,11.0,4.54,0.16,280.0,15.0,2.0,0.19,360.0,13.0,1.53,0.2,300.0,0
2025-03-07,6,2,6,5074,3,6.78,2,0.17,4.22,1.75,10.0,7.0,97.0,0.0,0.0,0.17,12.0,5.0,0.15,380.0,19.0,3.15,0.15,340.0,17.0,0.0,0.19,380.0,16.0,0.62,0.16,410.0,20.0,2.0,0.17,370.0,13.0,0.0,0.18,450.0,0
2025-03-07,6,3,1,5161,53,6.78,3,0.12,5.69,4.46,24.0,30.0,121.0,2.0,1.0,0.13,20.0,7.5,0.11,280.0,24.0,4.58,0.13,280.0,21.0,4.28,0.14,290.0,21.0,3.81,0.13,280.0,19.0,4.21,0.13,260.0,16.0,1.87,0.14,280.0,0
2025-03-07,6,4,2,5043,54,6.79,4,0.14,6.49,5.04,31.0,22.0,105.0,5.0,0.0,0.15,20.0,7.0,0.15,280.0,21.0,5.23,0.15,310.0,15.0,6.0,0.14,300.0,13.0,5.38,0.14,310.0,19.0,3.68,0.13,340.0,17.0,2.94,0.18,380.0,0
2025-03-07,6,5,4,5307,30,6.76,5,0.11,3.3,1.34,4.0,7.0,82.0,0.0,0.0,0.17,6.0,3.33,0.17,390.0,10.0,2.0,0.16,340.0,13.0,3.07,0.16,240.0,13.0,1.53,0.2,330.0,14.0,0.71,0.18,420.0,26.0,0.0,0.15,410.0,0
2025-03-07,6,6,5,5343,7,6.77,6,0.14,1.28,0.0,0.0,0.0,71.0,0.0,0.0,0.18,0.0,0.0,0.0,0.0,0.0,0.0,0.0,0.0,0.0,0.0,0.0,0.0,0.0,0.0,0.0,0.0,1.0,0.0,0.38,500.0,70.0,0.0,0.18,350.0,0
2025-03-08,3,1,4,5253,4,6.83,2,0.14,2.25,0.53,4.0,0.0,75.0,0.0,0.0,0.17,9.0,0.0,0.17,400.0,13.0,0.76,0.19,310.0,13.0,0.76,0.17,380.0,11.0,1.81,0.17,370.0,11.0,0.0,0.18,290.0,18.0,0.0,0.15,360.0,0
2025-03-08,3,2,1,5089,40,6.77,1,0.12,6.16,3.92,23.0,17.0,102.0,2.0,0.0,0.15,19.0,7.89,0.1,140.0,17.0,2.94,0.11,270.0,19.0,4.73,0.15,290.0,18.0,3.33,0.19,420.0,15.0,3.33,0.17,370.0,14.0,0.0,0.17,460.0,0
2025-03-08,3,3,2,5276,60,6.71,3,0.13,3.86,1.61,7.0,8.0,93.0,0.0,0.0,0.16,10.0,7.0,0.14,370.0,17.0,1.76,0.16,420.0,15.0,1.33,0.18,390.0,15.0,0.0,0.18,370.0,18.0,1.11,0.16,280.0,18.0,0.55,0.15,320.0,0
2025-03-08,3,4,5,5098,49,6.93,4,0.2,4.43,2.6,11.0,13.0,92.0,1.0,0.0,0.15,11.0,5.45,0.11,250.0,12.0,4.16,0.19,340.0,18.0,2.77,0.11,240.0,18.0,3.33,0.12,260.0,16.0,0.62,0.2,360.0,16.0,0.62,0.17,380.0,0
2025-03-08,3,5,3,5076,29,6.88,5,0.13,3.9,2.16,8.0,10.0,83.0,0.0,0.0,0.2,12.0,4.16,0.18,480.0,15.0,2.0,0.22,410.0,16.0,3.12,0.19,410.0,11.0,0.9,0.21,410.0,16.0,1.87,0.21,460.0,13.0,0.76,0.19,450.0,0
2025-03-08,3,6,6,5243,14,6.89,6,0.13,4.5,2.85,13.0,19.0,112.0,0.0,0.0,0.15,12.0,4.16,0.15,330.0,19.0,5.26,0.13,280.0,24.0,4.16,0.13,300.0,21.0,1.9,0.18,300.0,17.0,1.17,0.15,310.0,19.0,0.52,0.18,420.0,0
2025-03-08,6,1,4,5112,27,6.75,1,0.13,6.13,3.92,25.0,17.0,107.0,2.0,1.0,0.16,17.0,8.23,0.14,300.0,20.0,4.0,0.15,380.0,16.0,3.75,0.18,410.0,18.0,3.33,0.14,340.0,23.0,3.04,0.15,320.0,13.0,0.76,0.16,500.0,0
2025-03-08,6,2,3,5137,33,6.7,2,0.06,4.89,2.57,14.0,11.0,97.0,0.0,0.0,0.16,12.0,6.66,0.17,230.0,17.0,1.17,0.19,440.0,20.0,3.0,0.17,290.0,11.0,2.72,0.12,300.0,19.0,1.57,0.14,260.0,18.0,1.66,0.17,320.0,0
2025-03-08,6,3,1,5224,39,6.78,3,0.07,6.55,4.57,25.0,23.0,105.0,4.0,1.0,0.16,20.0,8.5,0.15,310.0,19.0,6.31,0.14,310.0,18.0,4.44,0.15,280.0,17.0,4.11,0.16,330.0,11.0,1.81,0.16,370.0,20.0,1.0,0.22,490.0,0
2025-03-08,6,4,2,5104,59,6.79,4,0.09,5.73,4.0,13.0,17.0,75.0,3.0,0.0,0.18,14.0,9.28,0.17,370.0,12.0,4.16,0.18,410.0,10.0,2.0,0.17,320.0,11.0,4.54,0.16,280.0,15.0,2.0,0.19,360.0,13.0,1.53,0.2,300.0,0
2025-03-08,6,5,5,5127,2,6.83,5,0.14,4.87,2.74,14.0,17.0,113.0,0.0,0.0,0.19,16.0,6.87,0.21,410.0,17.0,4.11,0.17,380.0,23.0,1.3,0.18,390.0,25.0,2.8,0.15,330.0,20.0,0.5,0.22,430.0,12.0,1.66,0.25,510.0,0
2025-03-08,6,6,6,5268,32,6.87,6,0.11,1.99,0.4,1.0,2.0,74.0,0.0,0.0,0.22,2.0,0.0,0.29,400.0,4.0,2.5,0.26,500.0,6.0,1.66,0.22,300.0,10.0,0.0,0.16,380.0,18.0,0.55,0.2,420.0,33.0,0.0,0.23,500.0,0
2025-03-08,12,1,2,5224,39,6.79,1,0.13,6.55,4.57,25.0,23.0,105.0,4.0,1.0,0.16,20.0,8.5,0.15,310.0,19.0,6.31,0.14,310.0,18.0,4.44,0.15,280.0,17.0,4.11,0.16,330.0,11.0,1.81,0.16,370.0,20.0,1.0,0.22,490.0,0
2025-03-08,12,2,4,5150,26,6.77,2,0.08,5.6,4.21,26.0,22.0,114.0,2.0,0.0,0.15,21.0,7.61,0.13,280.0,18.0,5.0,0.15,280.0,19.0,3.68,0.15,270.0,17.0,2.35,0.16,350.0,16.0,4.37,0.15,320.0,23.0,2.17,0.14,240.0,0
2025-03-08,12,3,1,4985,1,6.76,3,0.07,6.59,5.25,38.0,33.0,135.0,6.0,1.0,0.14,26.0,9.23,0.13,220.0,23.0,6.08,0.13,230.0,24.0,5.41,0.14,280.0,25.0,4.4,0.14,320.0,19.0,3.68,0.16,330.0,18.0,1.11,0.16,370.0,0
2025-03-08,12,4,3,5253,4,6.84,4,0.12,2.25,0.53,4.0,0.0,75.0,0.0,0.0,0.17,9.0,0.0,0.17,400.0,13.0,0.76,0.19,310.0,13.0,0.76,0.17,380.0,11.0,1.81,0.17,370.0,11.0,0.0,0.18,290.0,18.0,0.0,0.15,360.0,0
2025-03-08,12,5,6,5136,63,6.81,5,0.11,6.08,3.96,32.0,20.0,131.0,4.0,2.0,0.13,33.0,8.18,0.13,200.0,18.0,3.33,0.16,260.0,27.0,2.96,0.1,230.0,21.0,3.33,0.13,250.0,14.0,2.14,0.12,220.0,18.0,0.55,0.16,360.0,0
2025-03-08,12,6,5,5082,55,6.83,6,0.21,4.59,2.56,11.0,10.0,82.0,2.0,0.0,0.21,8.0,3.75,0.24,380.0,14.0,3.57,0.18,460.0,23.0,4.34,0.21,370.0,14.0,1.42,0.24,410.0,12.0,0.0,0.23,490.0,11.0,0.9,0.2,440.0,0
2025-03-09,2,1,2,5238,6,6.67,1,0.17,3.39,1.59,6.0,9.0,94.0,0.0,0.0,0.16,1.0,10.0,0.26,450.0,4.0,5.0,0.15,350.0,1.0,10.0,0.1,300.0,22.0,1.36,0.14,340.0,28.0,1.78,0.16,300.0,38.0,0.78,0.17,390.0,0
2025-03-09,2,2,1,4985,1,6.7,2,0.17,6.59,5.25,38.0,33.0,135.0,6.0,1.0,0.14,26.0,9.23,0.13,220.0,23.0,6.08,0.13,230.0,24.0,5.41,0.14,280.0,25.0,4.4,0.14,320.0,19.0,3.68,0.16,330.0,18.0,1.11,0.16,370.0,0
2025-03-09,2,3,6,5137,33,6.68,3,0.18,4.89,2.57,14.0,11.0,97.0,0.0,0.0,0.16,12.0,6.66,0.17,230.0,17.0,1.17,0.19,440.0,20.0,3.0,0.17,290.0,11.0,2.72,0.12,300.0,19.0,1.57,0.14,260.0,18.0,1.66,0.17,320.0,0
2025-03-09,2,4,3,5243,14,6.86,4,0.15,4.5,2.85,13.0,19.0,112.0,0.0,0.0,0.15,12.0,4.16,0.15,330.0,19.0,5.26,0.13,280.0,24.0,4.16,0.13,300.0,21.0,1.9,0.18,300.0,17.0,1.17,0.15,310.0,19.0,0.52,0.18,420.0,0
2025-03-09,2,5,4,5337,5,6.82,5,0.11,1.69,0.22,2.0,0.0,91.0,0.0,0.0,0.18,0.0,0.0,0.0,0.0,0.0,0.0,0.0,0.0,0.0,0.0,0.0,0.0,0.0,0.0,0.0,0.0,7.0,1.42,0.11,240.0,82.0,0.12,0.18,420.0,0
2025-03-09,2,6,5,5154,56,6.79,6,0.19,4.25,1.98,11.0,10.0,106.0,0.0,0.0,0.17,13.0,4.61,0.18,340.0,21.0,2.38,0.18,410.0,19.0,2.63,0.15,290.0,17.0,1.76,0.15,320.0,17.0,0.58,0.18,380.0,19.0,0.52,0.16,380.0,0
2025-03-09,3,1,6,5332,16,6.73,1,0.14,2.34,0.18,1.0,0.0,53.0,0.0,0.0,0.17,0.0,0.0,0.0,0.0,0.0,0.0,0.0,0.0,1.0,0.0,0.17,400.0,5.0,0.0,0.17,380.0,14.0,0.0,0.2,340.0,33.0,0.3,0.16,320.0,0
2025-03-09,3,2,5,5268,32,6.77,2,0.15,1.99,0.4,1.0,2.0,74.0,0.0,0.0,0.22,2.0,0.0,0.29,400.0,4.0,2.5,0.26,500.0,6.0,1.66,0.22,300.0,10.0,0.0,0.16,380.0,18.0,0.55,0.2,420.0,33.0,0.0,0.23,500.0,0
2025-03-09,3,3,1,5110,15,6.78,3,0.14,4.3,1.96,9.0,11.0,102.0,0.0,0.0,0.17,13.0,4.61,0.18,380.0,19.0,2.63,0.2,400.0,17.0,1.76,0.14,310.0,16.0,1.87,0.19,360.0,22.0,0.45,0.17,380.0,15.0,1.33,0.16,440.0,0
2025-03-09,3,4,4,5289,50,6.84,4,0.14,3.66,0.84,4.0,6.0,119.0,0.0,0.0,0.16,0.0,0.0,0.0,0.0,0.0,0.0,0.0,0.0,3.0,0.0,0.15,300.0,23.0,0.87,0.16,330.0,44.0,1.36,0.16,350.0,49.0,0.4,0.16,330.0,0
2025-03-09,3,5,2,5224,39,6.77,5,0.14,6.55,4.57,25.0,23.0,105.0,4.0,1.0,0.16,20.0,8.5,0.15,310.0,19.0,6.31,0.14,310.0,18.0,4.44,0.15,280.0,17.0,4.11,0.16,330.0,11.0,1.81,0.16,370.0,20.0,1.0,0.22,490.0,0
2025-03-09,3,6,3,5089,40,6.83,6,0.16,6.16,3.92,23.0,17.0,102.0,2.0,0.0,0.15,19.0,7.89,0.1,140.0,17.0,2.94,0.11,270.0,19.0,4.73,0.15,290.0,18.0,3.33,0.19,420.0,15.0,3.33,0.17,370.0,14.0,0.0,0.17,460.0,0
2025-03-09,4,1,2,5127,2,6.78,1,0.26,4.87,2.74,14.0,17.0,113.0,0.0,0.0,0.19,16.0,6.87,0.21,410.0,17.0,4.11,0.17,380.0,23.0,1.3,0.18,390.0,25.0,2.8,0.15,330.0,20.0,0.5,0.22,430.0,12.0,1.66,0.25,510.0,0
2025-03-09,4,2,1,5196,36,6.74,2,0.18,5.71,4.27,24.0,20.0,103.0,1.0,0.0,0.13,15.0,6.66,0.15,370.0,15.0,4.66,0.13,300.0,17.0,2.94,0.15,330.0,22.0,5.45,0.1,210.0,14.0,3.57,0.11,240.0,20.0,2.5,0.16,300.0,0
2025-03-09,4,3,3,5145,48,6.78,3,0.16,6.6,5.32,40.0,33.0,137.0,5.0,2.0,0.15,28.0,8.57,0.12,280.0,17.0,7.05,0.14,320.0,26.0,3.84,0.12,290.0,29.0,4.82,0.16,280.0,22.0,4.09,0.16,320.0,15.0,2.66,0.2,430.0,0
2025-03-09,4,4,6,5235,64,6.76,4,0.21,2.0,0.27,2.0,0.0,73.0,0.0,0.0,0.2,7.0,1.42,0.19,420.0,11.0,0.0,0.21,460.0,14.0,0.0,0.21,440.0,10.0,0.0,0.23,490.0,17.0,0.58,0.16,390.0,14.0,0.0,0.19,450.0,0
2025-03-09,4,5,5,5328,61,6.77,5,0.23,1.94,0.0,0.0,0.0,85.0,0.0,0.0,0.17,0.0,0.0,0.0,0.0,0.0,0.0,0.0,0.0,0.0,0.0,0.0,0.0,17.0,0.0,0.17,410.0,22.0,0.0,0.15,300.0,46.0,0.0,0.18,380.0,0
2025-03-09,4,6,4,5102,35,6.77,6,0.23,4.69,2.6,11.0,15.0,100.0,0.0,0.0,0.19,11.0,6.36,0.17,370.0,16.0,3.12,0.16,390.0,19.0,3.68,0.19,380.0,19.0,2.63,0.21,410.0,19.0,0.52,0.19,430.0,16.0,0.62,0.21,470.0,0
2025-03-09,5,1,2,5082,55,6.82,1,0.12,4.59,2.56,11.0,10.0,82.0,2.0,0.0,0.21,8.0,3.75,0.24,380.0,14.0,3.57,0.18,460.0,23.0,4.34,0.21,370.0,14.0,1.42,0.24,410.0,12.0,0.0,0.23,490.0,11.0,0.9,0.2,440.0,0
2025-03-09,5,2,3,5253,4,6.84,2,0.11,2.25,0.53,4.0,0.0,75.0,0.0,0.0,0.17,9.0,0.0,0.17,400.0,13.0,0.76,0.19,310.0,13.0,0.76,0.17,380.0,11.0,1.81,0.17,370.0,11.0,0.0,0.18,290.0,18.0,0.0,0.15,360.0,0
2025-03-09,5,3,4,5098,49,6.74,3,0.07,4.43,2.6,11.0,13.0,92.0,1.0,0.0,0.15,11.0,5.45,0.11,250.0,12.0,4.16,0.19,340.0,18.0,2.77,0.11,240.0,18.0,3.33,0.12,260.0,16.0,0.62,0.2,360.0,16.0,0.62,0.17,380.0,0
2025-03-09,5,4,1,5158,28,6.68,4,0.04,5.46,3.72,17.0,18.0,94.0,1.0,0.0,0.16,11.0,7.27,0.15,270.0,12.0,4.16,0.17,380.0,16.0,3.12,0.14,210.0,13.0,4.61,0.14,240.0,24.0,3.33,0.17,330.0,18.0,1.66,0.16,380.0,0
2025-03-09,5,5,6,5084,38,6.77,5,0.09,6.93,5.21,43.0,31.0,142.0,5.0,1.0,0.14,30.0,8.66,0.14,300.0,26.0,4.61,0.14,320.0,25.0,7.2,0.13,280.0,18.0,3.88,0.16,320.0,23.0,3.47,0.13,220.0,20.0,1.5,0.14,330.0,0
2025-03-09,5,6,5,5313,44,6.76,6,0.23,2.04,0.14,0.0,1.0,69.0,0.0,0.0,0.17,0.0,0.0,0.0,0.0,0.0,0.0,0.0,0.0,0.0,0.0,0.0,0.0,0.0,0.0,0.0,0.0,1.0,0.0,0.22,500.0,68.0,0.14,0.17,360.0,0
2025-03-09,7,1,4,5240,22,6.79,1,0.15,3.62,1.37,4.0,4.0,58.0,1.0,0.0,0.17,6.0,3.33,0.25,470.0,9.0,0.0,0.13,320.0,13.0,2.3,0.15,270.0,8.0,1.25,0.19,360.0,8.0,2.5,0.15,360.0,14.0,0.0,0.16,340.0,0
2025-03-09,7,2,5,5150,26,6.84,2,0.14,5.6,4.21,26.0,22.0,114.0,2.0,0.0,0.15,21.0,7.61,0.13,280.0,18.0,5.0,0.15,280.0,19.0,3.68,0.15,270.0,17.0,2.35,0.16,350.0,16.0,4.37,0.15,320.0,23.0,2.17,0.14,240.0,0
2025-03-09,7,3,1,5191,62,6.73,3,0.13,6.7,5.2,49.0,26.0,144.0,6.0,2.0,0.13,30.0,8.33,0.13,270.0,26.0,4.61,0.12,280.0,24.0,6.66,0.14,270.0,21.0,3.81,0.11,210.0,19.0,4.73,0.14,290.0,24.0,2.08,0.12,280.0,0
2025-03-09,7,4,2,5307,30,6.78,4,0.16,3.3,1.34,4.0,7.0,82.0,0.0,0.0,0.17,6.0,3.33,0.17,390.0,10.0,2.0,0.16,340.0,13.0,3.07,0.16,240.0,13.0,1.53,0.2,330.0,14.0,0.71,0.18,420.0,26.0,0.0,0.15,410.0,0
2025-03-09,7,5,6,5136,63,6.81,5,0.15,6.08,3.96,32.0,20.0,131.0,4.0,2.0,0.13,33.0,8.18,0.13,200.0,18.0,3.33,0.16,260.0,27.0,2.96,0.1,230.0,21.0,3.33,0.13,250.0,14.0,2.14,0.12,220.0,18.0,0.55,0.16,360.0,0
2025-03-09,7,6,3,5337,5,6.76,6,0.07,1.69,0.22,2.0,0.0,91.0,0.0,0.0,0.18,0.0,0.0,0.0,0.0,0.0,0.0,0.0,0.0,0.0,0.0,0.0,0.0,0.0,0.0,0.0,0.0,7.0,1.42,0.11,240.0,82.0,0.12,0.18,420.0,0
2025-03-10,1,1,2,5082,55,6.62,1,0.26,4.59,2.56,11.0,10.0,82.0,2.0,0.0,0.21,8.0,3.75,0.24,380.0,14.0,3.57,0.18,460.0,23.0,4.34,0.21,370.0,14.0,1.42,0.24,410.0,12.0,0.0,0.23,490.0,11.0,0.9,0.2,440.0,0
2025-03-10,1,2,1,5127,2,6.65,2,0.25,4.87,2.74,14.0,17.0,113.0,0.0,0.0,0.19,16.0,6.87,0.21,410.0,17.0,4.11,0.17,380.0,23.0,1.3,0.18,390.0,25.0,2.8,0.15,330.0,20.0,0.5,0.22,430.0,12.0,1.66,0.25,510.0,0
2025-03-10,1,3,4,5076,29,6.68,3,0.22,3.9,2.16,8.0,10.0,83.0,0.0,0.0,0.2,12.0,4.16,0.18,480.0,15.0,2.0,0.22,410.0,16.0,3.12,0.19,410.0,11.0,0.9,0.21,410.0,16.0,1.87,0.21,460.0,13.0,0.76,0.19,450.0,0
2025-03-10,1,4,5,5238,6,6.73,4,0.23,3.39,1.59,6.0,9.0,94.0,0.0,0.0,0.16,1.0,10.0,0.26,450.0,4.0,5.0,0.15,350.0,1.0,10.0,0.1,300.0,22.0,1.36,0.14,340.0,28.0,1.78,0.16,300.0,38.0,0.78,0.17,390.0,0
2025-03-10,1,5,3,5110,15,6.7,5,0.19,4.3,1.96,9.0,11.0,102.0,0.0,0.0,0.17,13.0,4.61,0.18,380.0,19.0,2.63,0.2,400.0,17.0,1.76,0.14,310.0,16.0,1.87,0.19,360.0,22.0,0.45,0.17,380.0,15.0,1.33,0.16,440.0,0
2025-03-10,1,6,6,5343,7,6.69,6,0.17,1.28,0.0,0.0,0.0,71.0,0.0,0.0,0.18,0.0,0.0,0.0,0.0,0.0,0.0,0.0,0.0,0.0,0.0,0.0,0.0,0.0,0.0,0.0,0.0,1.0,0.0,0.38,500.0,70.0,0.0,0.18,350.0,0
2025-03-10,2,1,2,5246,37,6.71,1,0.14,4.53,2.3,16.0,7.0,100.0,0.0,0.0,0.16,12.0,5.0,0.18,370.0,17.0,1.76,0.17,380.0,25.0,2.8,0.17,260.0,17.0,2.94,0.15,310.0,18.0,1.11,0.13,280.0,11.0,0.0,0.18,320.0,0
2025-03-10,2,2,4,5226,24,6.66,2,0.16,6.24,4.72,26.0,25.0,108.0,1.0,0.0,0.16,17.0,8.82,0.13,280.0,18.0,3.88,0.19,360.0,23.0,5.21,0.13,290.0,21.0,3.81,0.16,330.0,15.0,5.33,0.15,270.0,14.0,0.71,0.18,430.0,0
2025-03-10,2,3,1,5158,28,6.61,3,0.03,5.46,3.72,17.0,18.0,94.0,1.0,0.0,0.16,11.0,7.27,0.15,270.0,12.0,4.16,0.17,380.0,16.0,3.12,0.14,210.0,13.0,4.61,0.14,240.0,24.0,3.33,0.17,330.0,18.0,1.66,0.16,380.0,0
2025-03-10,2,4,3,5074,3,6.69,4,0.12,4.22,1.75,10.0,7.0,97.0,0.0,0.0,0.17,12.0,5.0,0.15,380.0,19.0,3.15,0.15,340.0,17.0,0.0,0.19,380.0,16.0,0.62,0.16,410.0,20.0,2.0,0.17,370.0,13.0,0.0,0.18,450.0,0
2025-03-10,2,5,6,5235,64,6.72,5,0.26,2.0,0.27,2.0,0.0,73.0,0.0,0.0,0.2,7.0,1.42,0.19,420.0,11.0,0.0,0.21,460.0,14.0,0.0,0.21,440.0,10.0,0.0,0.23,490.0,17.0,0.58,0.16,390.0,14.0,0.0,0.19,450.0,0
2025-03-10,2,6,5,5337,5,6.68,6,0.13,1.69,0.22,2.0,0.0,91.0,0.0,0.0,0.18,0.0,0.0,0.0,0.0,0.0,0.0,0.0,0.0,0.0,0.0,0.0,0.0,0.0,0.0,0.0,0.0,7.0,1.42,0.11,240.0,82.0,0.12,0.18,420.0,0
2025-03-11,1,1,2,5127,2,6.7,1,0.13,4.87,2.74,14.0,17.0,113.0,0.0,0.0,0.19,16.0,6.87,0.21,410.0,17.0,4.11,0.17,380.0,23.0,1.3,0.18,390.0,25.0,2.8,0.15,330.0,20.0,0.5,0.22,430.0,12.0,1.66,0.25,510.0,0
2025-03-11,1,2,1,5247,34,6.74,2,0.14,2.79,0.81,5.0,2.0,86.0,0.0,0.0,0.19,10.0,3.0,0.17,400.0,14.0,0.71,0.22,460.0,16.0,0.62,0.18,410.0,14.0,1.42,0.22,500.0,15.0,0.0,0.18,420.0,17.0,0.0,0.18,440.0,0
2025-03-11,1,3,3,5154,56,6.8,3,0.17,4.25,1.98,11.0,10.0,106.0,0.0,0.0,0.17,13.0,4.61,0.18,340.0,21.0,2.38,0.18,410.0,19.0,2.63,0.15,290.0,17.0,1.76,0.15,320.0,17.0,0.58,0.18,380.0,19.0,0.52,0.16,380.0,0
2025-03-11,1,4,4,5235,64,6.72,4,0.13,2.0,0.27,2.0,0.0,73.0,0.0,0.0,0.2,7.0,1.42,0.19,420.0,11.0,0.0,0.21,460.0,14.0,0.0,0.21,440.0,10.0,0.0,0.23,490.0,17.0,0.58,0.16,390.0,14.0,0.0,0.19,450.0,0
2025-03-11,1,5,5,5337,5,6.7,5,0.18,1.69,0.22,2.0,0.0,91.0,0.0,0.0,0.18,0.0,0.0,0.0,0.0,0.0,0.0,0.0,0.0,0.0,0.0,0.0,0.0,0.0,0.0,0.0,0.0,7.0,1.42,0.11,240.0,82.0,0.12,0.18,420.0,0
2025-03-11,1,6,6,5332,16,6.79,6,0.23,2.34,0.18,1.0,0.0,53.0,0.0,0.0,0.17,0.0,0.0,0.0,0.0,0.0,0.0,0.0,0.0,1.0,0.0,0.17,400.0,5.0,0.0,0.17,380.0,14.0,0.0,0.2,340.0,33.0,0.3,0.16,320.0,0
2025-03-11,6,1,3,5104,59,6.67,1,0.21,5.73,4.0,13.0,17.0,75.0,3.0,0.0,0.18,14.0,9.28,0.17,370.0,12.0,4.16,0.18,410.0,10.0,2.0,0.17,320.0,11.0,4.54,0.16,280.0,15.0,2.0,0.19,360.0,13.0,1.53,0.2,300.0,0
2025-03-11,6,2,5,5235,64,6.78,2,0.13,2.0,0.27,2.0,0.0,73.0,0.0,0.0,0.2,7.0,1.42,0.19,420.0,11.0,0.0,0.21,460.0,14.0,0.0,0.21,440.0,10.0,0.0,0.23,490.0,17.0,0.58,0.16,390.0,14.0,0.0,0.19,450.0,0
2025-03-11,6,3,2,5112,27,6.7,3,0.12,6.13,3.92,25.0,17.0,107.0,2.0,1.0,0.16,17.0,8.23,0.14,300.0,20.0,4.0,0.15,380.0,16.0,3.75,0.18,410.0,18.0,3.33,0.14,340.0,23.0,3.04,0.15,320.0,13.0,0.76,0.16,500.0,0
2025-03-11,6,4,1,5089,40,6.77,4,0.11,6.16,3.92,23.0,17.0,102.0,2.0,0.0,0.15,19.0,7.89,0.1,140.0,17.0,2.94,0.11,270.0,19.0,4.73,0.15,290.0,18.0,3.33,0.19,420.0,15.0,3.33,0.17,370.0,14.0,0.0,0.17,460.0,0
2025-03-11,6,5,6,5268,32,6.81,5,0.09,1.99,0.4,1.0,2.0,74.0,0.0,0.0,0.22,2.0,0.0,0.29,400.0,4.0,2.5,0.26,500.0,6.0,1.66,0.22,300.0,10.0,0.0,0.16,380.0,18.0,0.55,0.2,420.0,33.0,0.0,0.23,500.0,0
2025-03-11,6,6,4,5313,44,6.77,6,0.09,2.04,0.14,0.0,1.0,69.0,0.0,0.0,0.17,0.0,0.0,0.0,0.0,0.0,0.0,0.0,0.0,0.0,0.0,0.0,0.0,0.0,0.0,0.0,0.0,1.0,0.0,0.22,500.0,68.0,0.14,0.17,360.0,0
2025-03-14,3,1,4,3680,46,6.82,1,0.19,4.53,2.15,11.0,14.0,116.0,1.0,0.0,0.2,19.0,5.26,0.18,340.0,20.0,2.5,0.18,400.0,23.0,0.87,0.19,370.0,21.0,1.9,0.19,400.0,17.0,1.76,0.21,450.0,16.0,0.62,0.25,530.0,0
2025-03-14,3,2,6,4843,29,6.91,2,0.14,4.69,2.77,15.0,15.0,108.0,1.0,0.0,0.17,14.0,4.28,0.2,390.0,17.0,1.17,0.18,350.0,20.0,4.0,0.16,300.0,22.0,3.63,0.17,350.0,18.0,1.66,0.15,280.0,17.0,1.76,0.18,310.0,0
2025-03-14,3,3,5,3832,8,6.82,3,0.12,4.91,2.56,6.0,22.0,109.0,0.0,0.0,0.16,16.0,4.37,0.15,330.0,19.0,4.73,0.16,350.0,22.0,2.27,0.16,350.0,16.0,1.25,0.16,310.0,20.0,2.5,0.15,310.0,16.0,0.0,0.18,460.0,0
2025-03-14,3,4,2,4521,55,6.82,4,0.12,5.27,2.78,13.0,14.0,97.0,2.0,0.0,0.19,15.0,5.33,0.18,390.0,17.0,2.35,0.19,360.0,17.0,2.94,0.2,400.0,19.0,2.1,0.19,370.0,19.0,3.15,0.17,350.0,10.0,0.0,0.26,530.0,0
2025-03-14,3,5,1,4323,9,6.91,5,0.13,5.73,4.39,17.0,30.0,107.0,4.0,0.0,0.16,18.0,7.77,0.16,370.0,20.0,3.0,0.17,420.0,13.0,5.38,0.13,260.0,20.0,6.0,0.15,330.0,20.0,4.0,0.15,270.0,16.0,0.0,0.16,410.0,0
2025-03-14,3,6,3,4090,21,6.84,6,0.1,6.37,4.6,42.0,27.0,150.0,7.0,1.0,0.12,31.0,9.35,0.11,180.0,27.0,4.07,0.14,270.0,27.0,4.44,0.1,230.0,23.0,3.47,0.11,280.0,23.0,2.17,0.11,250.0,19.0,2.1,0.14,330.0,0
2025-03-14,4,1,2,4023,58,6.8,1,0.21,4.52,2.03,8.0,14.0,108.0,0.0,0.0,0.15,15.0,4.66,0.18,350.0,23.0,2.17,0.16,370.0,17.0,2.35,0.14,340.0,18.0,2.22,0.15,380.0,21.0,0.95,0.15,310.0,14.0,0.0,0.14,330.0,0
2025-03-14,4,2,1,4552,2,6.79,2,0.19,5.42,3.77,27.0,16.0,114.0,2.0,0.0,0.13,14.0,5.71,0.11,280.0,24.0,4.58,0.15,340.0,23.0,4.34,0.12,300.0,21.0,3.33,0.14,250.0,18.0,2.22,0.13,210.0,14.0,2.14,0.12,290.0,0
2025-03-14,4,3,4,5009,11,6.89,3,0.18,4.43,2.47,8.0,20.0,113.0,1.0,0.0,0.15,15.0,6.66,0.13,250.0,23.0,2.17,0.16,360.0,17.0,2.35,0.16,350.0,15.0,3.33,0.18,360.0,22.0,1.81,0.13,320.0,21.0,0.0,0.16,350.0,0
2025-03-14,4,4,5,4156,22,6.89,4,0.13,5.35,3.55,18.0,24.0,118.0,0.0,0.0,0.15,19.0,8.94,0.14,240.0,20.0,3.5,0.17,340.0,19.0,5.26,0.12,270.0,19.0,1.57,0.15,360.0,23.0,1.73,0.15,310.0,18.0,0.55,0.19,440.0,0
2025-03-14,4,5,3,4678,51,6.86,5,0.19,5.98,4.43,20.0,23.0,97.0,2.0,0.0,0.15,15.0,9.33,0.14,270.0,22.0,5.9,0.12,270.0,16.0,4.37,0.15,260.0,14.0,2.85,0.15,250.0,21.0,2.38,0.17,320.0,9.0,0.0,0.19,290.0,0
2025-03-14,4,6,6,3412,49,6.78,6,0.18,6.33,4.74,33.0,32.0,137.0,6.0,1.0,0.16,28.0,9.28,0.14,230.0,23.0,3.91,0.16,380.0,19.0,7.89,0.17,380.0,19.0,4.21,0.16,360.0,21.0,0.47,0.17,370.0,27.0,2.22,0.16,360.0,0
2025-03-14,5,1,2,3574,62,6.93,1,0.11,5.31,3.46,17.0,19.0,104.0,1.0,0.0,0.17,20.0,7.0,0.18,400.0,40.0,3.0,0.17,380.0,32.0,3.12,0.15,360.0,10.0,0.0,0.19,370.0,2.0,0.0,0.38,600.0,0.0,0.0,0.0,0.0,0
2025-03-14,5,2,4,4961,30,6.81,2,0.12,6.6,4.59,30.0,21.0,111.0,6.0,0.0,0.14,20.0,9.0,0.13,240.0,15.0,4.66,0.13,290.0,24.0,5.83,0.13,250.0,21.0,2.38,0.14,340.0,14.0,2.14,0.17,360.0,17.0,2.35,0.16,350.0,0
2025-03-14,5,3,1,3362,47,6.92,3,0.15,5.25,3.48,14.0,31.0,129.0,2.0,0.0,0.2,24.0,6.25,0.19,330.0,44.0,3.18,0.22,470.0,31.0,2.9,0.18,350.0,29.0,2.41,0.19,430.0,1.0,0.0,0.17,400.0,0.0,0.0,0.0,0.0,0
2025-03-14,5,4,3,5292,60,6.87,6,0.17,2.45,0.48,1.0,3.0,83.0,0.0,0.0,0.21,8.0,1.25,0.24,460.0,14.0,0.71,0.22,440.0,9.0,1.11,0.22,460.0,11.0,0.0,0.2,460.0,20.0,0.5,0.18,380.0,21.0,0.0,0.21,430.0,0
2025-03-14,5,5,5,4866,39,6.91,5,0.21,4.66,3.03,11.0,23.0,112.0,0.0,0.0,0.15,16.0,4.37,0.14,200.0,21.0,3.81,0.15,300.0,21.0,3.33,0.15,270.0,17.0,2.94,0.14,310.0,19.0,3.15,0.15,270.0,18.0,0.55,0.15,380.0,0
2025-03-14,5,6,6,4171,56,6.98,4,0.19,5.76,3.59,23.0,27.0,139.0,0.0,0.0,0.17,30.0,7.33,0.14,380.0,22.0,3.63,0.16,410.0,21.0,4.28,0.18,410.0,21.0,2.38,0.17,400.0,22.0,1.81,0.17,430.0,23.0,0.87,0.2,500.0,0
2025-03-14,6,1,3,3684,7,6.8,1,0.08,5.49,3.46,15.0,21.0,104.0,0.0,0.0,0.18,22.0,7.27,0.15,290.0,16.0,4.37,0.18,390.0,19.0,2.63,0.18,350.0,19.0,3.15,0.17,360.0,16.0,0.62,0.18,440.0,12.0,0.83,0.22,540.0,0
2025-03-14,6,2,4,4300,25,6.82,2,0.19,5.13,2.85,14.0,10.0,84.0,0.0,0.0,0.17,13.0,8.46,0.12,240.0,17.0,2.94,0.17,380.0,16.0,1.87,0.18,370.0,12.0,1.66,0.18,290.0,14.0,1.42,0.17,350.0,12.0,0.83,0.22,430.0,0
2025-03-14,6,3,1,4652,23,6.84,4,0.01,5.48,3.79,19.0,33.0,137.0,1.0,0.0,0.16,20.0,5.5,0.19,320.0,31.0,4.19,0.19,320.0,23.0,4.34,0.14,300.0,25.0,4.4,0.13,290.0,17.0,1.76,0.16,280.0,21.0,1.9,0.18,400.0,0
2025-03-14,6,4,2,4168,28,6.74,3,0.04,6.36,3.9,24.0,15.0,100.0,1.0,0.0,0.15,18.0,8.88,0.14,320.0,16.0,5.0,0.17,360.0,18.0,3.88,0.11,250.0,19.0,1.57,0.14,350.0,17.0,2.35,0.15,390.0,12.0,0.83,0.17,380.0,0
2025-03-14,6,5,6,4056,12,6.85,5,0.06,4.65,2.03,8.0,16.0,118.0,0.0,0.0,0.15,17.0,5.29,0.15,280.0,25.0,1.6,0.15,320.0,17.0,1.17,0.16,260.0,22.0,1.81,0.19,290.0,19.0,0.52,0.12,250.0,18.0,2.22,0.13,300.0,0
2025-03-14,6,6,5,3710,10,6.93,6,0.08,4.57,2.02,7.0,13.0,99.0,0.0,0.0,0.17,14.0,7.85,0.13,240.0,20.0,1.5,0.14,290.0,15.0,0.66,0.17,340.0,19.0,1.05,0.18,370.0,16.0,1.25,0.2,380.0,15.0,0.66,0.19,460.0,0
2025-03-14,7,1,2,3882,24,6.81,1,0.12,5.59,3.77,23.0,20.0,114.0,4.0,0.0,0.16,20.0,9.0,0.14,250.0,22.0,4.09,0.14,330.0,16.0,3.12,0.17,330.0,18.0,2.22,0.18,340.0,21.0,1.42,0.16,310.0,17.0,2.35,0.15,320.0,0
2025-03-14,7,2,6,4241,63,6.87,2,0.17,5.52,3.94,13.0,28.0,104.0,1.0,0.0,0.15,16.0,8.12,0.14,300.0,17.0,1.76,0.17,390.0,19.0,6.84,0.14,290.0,15.0,3.33,0.12,280.0,20.0,1.0,0.17,410.0,17.0,2.94,0.17,440.0,0
2025-03-14,7,3,1,4128,37,6.85,3,0.03,5.2,3.44,7.0,23.0,87.0,1.0,0.0,0.14,11.0,7.27,0.13,260.0,15.0,4.0,0.12,200.0,16.0,3.12,0.16,290.0,19.0,3.68,0.13,240.0,13.0,1.53,0.14,350.0,13.0,1.53,0.16,330.0,0
2025-03-14,7,4,4,4182,31,6.79,4,0.12,4.74,2.84,16.0,19.0,123.0,0.0,0.0,0.16,18.0,5.55,0.14,270.0,22.0,3.63,0.16,320.0,24.0,2.5,0.15,290.0,22.0,2.27,0.17,340.0,20.0,1.5,0.16,340.0,17.0,1.76,0.16,310.0,0
2025-03-14,7,5,5,4521,55,6.91,5,0.13,5.27,2.78,13.0,14.0,97.0,2.0,0.0,0.19,15.0,5.33,0.18,390.0,17.0,2.35,0.19,360.0,17.0,2.94,0.2,400.0,19.0,2.1,0.19,370.0,19.0,3.15,0.17,350.0,10.0,0.0,0.26,530.0,0
2025-03-14,7,6,3,4030,43,6.89,6,0.18,6.45,3.63,20.0,24.0,121.0,4.0,0.0,0.13,26.0,6.15,0.14,350.0,20.0,3.5,0.13,390.0,19.0,3.68,0.13,330.0,21.0,3.81,0.13,390.0,18.0,2.22,0.13,380.0,17.0,1.17,0.15,420.0,0
2025-03-14,8,1,3,4017,48,6.85,1,0.21,6.21,4.75,34.0,33.0,141.0,2.0,0.0,0.16,27.0,9.25,0.16,280.0,27.0,5.55,0.15,290.0,24.0,5.0,0.16,350.0,26.0,3.07,0.17,370.0,20.0,3.5,0.15,360.0,17.0,0.0,0.18,450.0,0
2025-03-14,8,2,2,4323,9,6.9,2,0.14,5.73,4.39,17.0,30.0,107.0,4.0,0.0,0.16,18.0,7.77,0.16,370.0,20.0,3.0,0.17,420.0,13.0,5.38,0.13,260.0,20.0,6.0,0.15,330.0,20.0,4.0,0.15,270.0,16.0,0.0,0.16,410.0,0
2025-03-14,8,3,4,4693,5,6.83,3,0.24,4.58,2.56,9.0,21.0,117.0,0.0,0.0,0.17,15.0,5.33,0.18,350.0,22.0,5.0,0.18,430.0,18.0,2.22,0.19,420.0,20.0,2.0,0.17,340.0,25.0,1.2,0.13,310.0,17.0,0.0,0.17,380.0,0
2025-03-14,8,4,1,4649,41,6.83,4,0.17,5.57,3.27,19.0,21.0,122.0,2.0,0.0,0.14,20.0,7.5,0.12,210.0,21.0,3.81,0.15,310.0,20.0,2.5,0.15,320.0,21.0,2.38,0.14,200.0,21.0,1.9,0.13,290.0,19.0,1.57,0.15,340.0,0
2025-03-14,8,5,5,4552,2,6.74,5,0.43,5.42,3.77,27.0,16.0,114.0,2.0,0.0,0.13,14.0,5.71,0.11,280.0,24.0,4.58,0.15,340.0,23.0,4.34,0.12,300.0,21.0,3.33,0.14,250.0,18.0,2.22,0.13,210.0,14.0,2.14,0.12,290.0,0
2025-03-14,8,6,6,5296,20,6.83,6,0.32,2.69,0.88,3.0,7.0,113.0,0.0,0.0,0.2,0.0,0.0,0.0,0.0,0.0,0.0,0.0,0.0,0.0,0.0,0.0,0.0,30.0,2.0,0.21,450.0,35.0,0.85,0.19,390.0,48.0,0.2,0.2,410.0,0
2025-03-14,9,1,3,4120,52,6.8,1,0.26,6.0,4.34,32.0,24.0,129.0,3.0,0.0,0.15,23.0,8.69,0.16,330.0,28.0,6.42,0.14,320.0,20.0,4.0,0.14,260.0,22.0,3.18,0.15,340.0,23.0,0.87,0.15,280.0,13.0,0.76,0.17,320.0,0
2025-03-14,9,2,6,4678,51,6.92,5,0.23,5.98,4.43,20.0,23.0,97.0,2.0,0.0,0.15,15.0,9.33,0.14,270.0,22.0,5.9,0.12,270.0,16.0,4.37,0.15,260.0,14.0,2.85,0.15,250.0,21.0,2.38,0.17,320.0,9.0,0.0,0.19,290.0,0
2025-03-14,9,3,5,4054,16,6.9,6,0.18,4.39,2.72,16.0,14.0,110.0,0.0,0.0,0.16,17.0,7.05,0.15,310.0,13.0,2.3,0.15,370.0,17.0,2.35,0.17,360.0,19.0,2.63,0.18,340.0,17.0,1.17,0.17,330.0,27.0,1.48,0.14,290.0,0
2025-03-14,9,4,2,3680,46,6.93,4,0.32,4.53,2.15,11.0,14.0,116.0,1.0,0.0,0.2,19.0,5.26,0.18,340.0,20.0,2.5,0.18,400.0,23.0,0.87,0.19,370.0,21.0,1.9,0.19,400.0,17.0,1.76,0.21,450.0,16.0,0.62,0.25,530.0,0
2025-03-14,9,5,1,4163,32,6.9,2,0.21,5.12,2.98,22.0,18.0,134.0,0.0,0.0,0.17,23.0,8.69,0.14,330.0,29.0,2.41,0.17,350.0,25.0,3.2,0.18,380.0,20.0,1.0,0.17,370.0,25.0,1.2,0.17,400.0,12.0,0.0,0.18,430.0,0
2025-03-14,9,6,4,3362,47,6.92,3,0.28,5.25,3.48,14.0,31.0,129.0,2.0,0.0,0.2,24.0,6.25,0.19,330.0,44.0,3.18,0.22,470.0,31.0,2.9,0.18,350.0,29.0,2.41,0.19,430.0,1.0,0.0,0.17,400.0,0.0,0.0,0.0,0.0,0
2025-03-14,10,1,3,4171,56,6.87,1,0.12,5.76,3.59,23.0,27.0,139.0,0.0,0.0,0.17,30.0,7.33,0.14,380.0,22.0,3.63,0.16,410.0,21.0,4.28,0.18,410.0,21.0,2.38,0.17,400.0,22.0,1.81,0.17,430.0,23.0,0.87,0.2,500.0,0
2025-03-14,10,2,1,4967,57,6.7,2,0.12,5.88,4.19,28.0,24.0,124.0,2.0,1.0,0.13,24.0,8.75,0.13,260.0,19.0,3.68,0.13,270.0,22.0,3.63,0.13,240.0,20.0,4.0,0.14,280.0,22.0,2.72,0.12,240.0,17.0,1.17,0.14,300.0,0
2025-03-14,10,3,2,3684,7,6.86,3,0.14,5.49,3.46,15.0,21.0,104.0,0.0,0.0,0.18,22.0,7.27,0.15,290.0,16.0,4.37,0.18,390.0,19.0,2.63,0.18,350.0,19.0,3.15,0.17,360.0,16.0,0.62,0.18,440.0,12.0,0.83,0.22,540.0,0
2025-03-14,10,4,6,4843,29,6.8,4,0.11,4.69,2.77,15.0,15.0,108.0,1.0,0.0,0.17,14.0,4.28,0.2,390.0,17.0,1.17,0.18,350.0,20.0,4.0,0.16,300.0,22.0,3.63,0.17,350.0,18.0,1.66,0.15,280.0,17.0,1.76,0.18,310.0,0
2025-03-14,10,5,5,5009,11,6.83,5,0.08,4.43,2.47,8.0,20.0,113.0,1.0,0.0,0.15,15.0,6.66,0.13,250.0,23.0,2.17,0.16,360.0,17.0,2.35,0.16,350.0,15.0,3.33,0.18,360.0,22.0,1.81,0.13,320.0,21.0,0.0,0.16,350.0,0
2025-03-14,10,6,4,3482,65,6.73,6,0.1,4.69,2.47,13.0,16.0,117.0,0.0,0.0,0.15,16.0,5.0,0.15,250.0,21.0,2.85,0.15,300.0,20.0,3.0,0.14,250.0,19.0,2.63,0.14,290.0,26.0,1.15,0.16,300.0,15.0,0.66,0.16,360.0,0
2025-03-14,11,1,6,4536,18,6.83,1,0.18,6.26,4.49,21.0,32.0,118.0,4.0,0.0,0.16,25.0,8.8,0.15,300.0,24.0,5.0,0.15,300.0,18.0,5.55,0.15,250.0,16.0,3.12,0.17,360.0,21.0,1.42,0.17,310.0,14.0,0.71,0.17,460.0,0
2025-03-14,11,2,1,4156,22,6.94,3,0.21,5.35,3.55,18.0,24.0,118.0,0.0,0.0,0.15,19.0,8.94,0.14,240.0,20.0,3.5,0.17,340.0,19.0,5.26,0.12,270.0,19.0,1.57,0.15,360.0,23.0,1.73,0.15,310.0,18.0,0.55,0.19,440.0,0
2025-03-14,11,3,3,3882,24,6.96,4,0.27,5.59,3.77,23.0,20.0,114.0,4.0,0.0,0.16,20.0,9.0,0.14,250.0,22.0,4.09,0.14,330.0,16.0,3.12,0.17,330.0,18.0,2.22,0.18,340.0,21.0,1.42,0.16,310.0,17.0,2.35,0.15,320.0,0
2025-03-14,11,4,4,3574,62,6.98,2,0.17,5.31,3.46,17.0,19.0,104.0,1.0,0.0,0.17,20.0,7.0,0.18,400.0,40.0,3.0,0.17,380.0,32.0,3.12,0.15,360.0,10.0,0.0,0.19,370.0,2.0,0.0,0.38,600.0,0.0,0.0,0.0,0.0,0
2025-03-14,11,5,5,4652,23,6.79,5,0.24,5.48,3.79,19.0,33.0,137.0,1.0,0.0,0.16,20.0,5.5,0.19,320.0,31.0,4.19,0.19,320.0,23.0,4.34,0.14,300.0,25.0,4.4,0.13,290.0,17.0,1.76,0.16,280.0,21.0,1.9,0.18,400.0,0
2025-03-14,11,6,2,3832,8,6.83,6,0.41,4.91,2.56,6.0,22.0,109.0,0.0,0.0,0.16,16.0,4.37,0.15,330.0,19.0,4.73,0.16,350.0,22.0,2.27,0.16,350.0,16.0,1.25,0.16,310.0,20.0,2.5,0.15,310.0,16.0,0.0,0.18,460.0,0
2025-03-15,2,1,4,3832,8,6.98,1,0.12,4.91,2.56,6.0,22.0,109.0,0.0,0.0,0.16,16.0,4.37,0.15,330.0,19.0,4.73,0.16,350.0,22.0,2.27,0.16,350.0,16.0,1.25,0.16,310.0,20.0,2.5,0.15,310.0,16.0,0.0,0.18,460.0,0
2025-03-15,2,2,5,4182,31,6.86,2,0.09,4.74,2.84,16.0,19.0,123.0,0.0,0.0,0.16,18.0,5.55,0.14,270.0,22.0,3.63,0.16,320.0,24.0,2.5,0.15,290.0,22.0,2.27,0.17,340.0,20.0,1.5,0.16,340.0,17.0,1.76,0.16,310.0,0
2025-03-15,2,3,1,4552,2,6.89,3,0.11,5.42,3.77,27.0,16.0,114.0,2.0,0.0,0.13,14.0,5.71,0.11,280.0,24.0,4.58,0.15,340.0,23.0,4.34,0.12,300.0,21.0,3.33,0.14,250.0,18.0,2.22,0.13,210.0,14.0,2.14,0.12,290.0,0
2025-03-15,2,4,6,4866,39,6.98,4,0.08,4.66,3.03,11.0,23.0,112.0,0.0,0.0,0.15,16.0,4.37,0.14,200.0,21.0,3.81,0.15,300.0,21.0,3.33,0.15,270.0,17.0,2.94,0.14,310.0,19.0,3.15,0.15,270.0,18.0,0.55,0.15,380.0,0
2025-03-15,2,5,3,4967,57,6.78,5,0.07,5.88,4.19,28.0,24.0,124.0,2.0,1.0,0.13,24.0,8.75,0.13,260.0,19.0,3.68,0.13,270.0,22.0,3.63,0.13,240.0,20.0,4.0,0.14,280.0,22.0,2.72,0.12,240.0,17.0,1.17,0.14,300.0,0
2025-03-15,2,6,2,4536,18,6.84,6,0.18,6.26,4.49,21.0,32.0,118.0,4.0,0.0,0.16,25.0,8.8,0.15,300.0,24.0,5.0,0.15,300.0,18.0,5.55,0.15,250.0,16.0,3.12,0.17,360.0,21.0,1.42,0.17,310.0,14.0,0.71,0.17,460.0,0
2025-03-15,3,1,2,3430,45,6.88,1,0.16,3.59,1.75,11.0,9.0,114.0,0.0,0.0,0.16,14.0,5.0,0.14,260.0,22.0,1.36,0.16,390.0,19.0,2.1,0.18,350.0,19.0,2.1,0.14,280.0,26.0,0.0,0.17,300.0,14.0,1.42,0.18,450.0,0
2025-03-15,3,2,1,4090,21,6.87,3,0.04,6.37,4.6,42.0,27.0,150.0,7.0,1.0,0.12,31.0,9.35,0.11,180.0,27.0,4.07,0.14,270.0,27.0,4.44,0.1,230.0,23.0,3.47,0.11,280.0,23.0,2.17,0.11,250.0,19.0,2.1,0.14,330.0,0
2025-03-15,3,3,3,4171,56,7.03,4,0.13,5.76,3.59,23.0,27.0,139.0,0.0,0.0,0.17,30.0,7.33,0.14,380.0,22.0,3.63,0.16,410.0,21.0,4.28,0.18,410.0,21.0,2.38,0.17,400.0,22.0,1.81,0.17,430.0,23.0,0.87,0.2,500.0,0
2025-03-15,3,4,4,4056,12,6.98,5,0.14,4.65,2.03,8.0,16.0,118.0,0.0,0.0,0.15,17.0,5.29,0.15,280.0,25.0,1.6,0.15,320.0,17.0,1.17,0.16,260.0,22.0,1.81,0.19,290.0,19.0,0.52,0.12,250.0,18.0,2.22,0.13,300.0,0
2025-03-15,3,5,6,4300,25,6.97,6,0.14,5.13,2.85,14.0,10.0,84.0,0.0,0.0,0.17,13.0,8.46,0.12,240.0,17.0,2.94,0.17,380.0,16.0,1.87,0.18,370.0,12.0,1.66,0.18,290.0,14.0,1.42,0.17,350.0,12.0,0.83,0.22,430.0,0
2025-03-15,3,6,5,3574,62,7.1,2,0.17,5.31,3.46,17.0,19.0,104.0,1.0,0.0,0.17,20.0,7.0,0.18,400.0,40.0,3.0,0.17,380.0,32.0,3.12,0.15,360.0,10.0,0.0,0.19,370.0,2.0,0.0,0.38,600.0,0.0,0.0,0.0,0.0,0
2025-03-15,6,1,2,4241,63,6.8,1,0.18,5.52,3.94,13.0,28.0,104.0,1.0,0.0,0.15,16.0,8.12,0.14,300.0,17.0,1.76,0.17,390.0,19.0,6.84,0.14,290.0,15.0,3.33,0.12,280.0,20.0,1.0,0.17,410.0,17.0,2.94,0.17,440.0,0
2025-03-15,6,2,5,4693,5,6.79,2,0.18,4.58,2.56,9.0,21.0,117.0,0.0,0.0,0.17,15.0,5.33,0.18,350.0,22.0,5.0,0.18,430.0,18.0,2.22,0.19,420.0,20.0,2.0,0.17,340.0,25.0,1.2,0.13,310.0,17.0,0.0,0.17,380.0,0
2025-03-15,6,3,4,4017,48,6.92,3,0.09,6.21,4.75,34.0,33.0,141.0,2.0,0.0,0.16,27.0,9.25,0.16,280.0,27.0,5.55,0.15,290.0,24.0,5.0,0.16,350.0,26.0,3.07,0.17,370.0,20.0,3.5,0.15,360.0,17.0,0.0,0.18,450.0,0
2025-03-15,6,4,3,4120,52,6.87,4,0.11,6.0,4.34,32.0,24.0,129.0,3.0,0.0,0.15,23.0,8.69,0.16,330.0,28.0,6.42,0.14,320.0,20.0,4.0,0.14,260.0,22.0,3.18,0.15,340.0,23.0,0.87,0.15,280.0,13.0,0.76,0.17,320.0,0
2025-03-15,6,5,1,4156,22,6.92,5,0.11,5.35,3.55,18.0,24.0,118.0,0.0,0.0,0.15,19.0,8.94,0.14,240.0,20.0,3.5,0.17,340.0,19.0,5.26,0.12,270.0,19.0,1.57,0.15,360.0,23.0,1.73,0.15,310.0,18.0,0.55,0.19,440.0,0
2025-03-15,6,6,6,3509,66,6.88,6,0.14,3.28,1.14,2.0,5.0,61.0,0.0,0.0,0.15,8.0,2.5,0.16,310.0,12.0,1.66,0.16,380.0,11.0,0.9,0.14,240.0,9.0,0.0,0.14,180.0,10.0,2.0,0.13,310.0,9.0,0.0,0.14,320.0,0
2025-03-15,11,1,6,4323,9,6.82,1,0.16,5.73,4.39,17.0,30.0,107.0,4.0,0.0,0.16,18.0,7.77,0.16,370.0,20.0,3.0,0.17,420.0,13.0,5.38,0.13,260.0,20.0,6.0,0.15,330.0,20.0,4.0,0.15,270.0,16.0,0.0,0.16,410.0,0
2025-03-15,11,2,5,3412,49,6.86,2,0.2,6.33,4.74,33.0,32.0,137.0,6.0,1.0,0.16,28.0,9.28,0.14,230.0,23.0,3.91,0.16,380.0,19.0,7.89,0.17,380.0,19.0,4.21,0.16,360.0,21.0,0.47,0.17,370.0,27.0,2.22,0.16,360.0,0
2025-03-15,11,3,2,4168,28,6.83,3,0.11,6.36,3.9,24.0,15.0,100.0,1.0,0.0,0.15,18.0,8.88,0.14,320.0,16.0,5.0,0.17,360.0,18.0,3.88,0.11,250.0,19.0,1.57,0.14,350.0,17.0,2.35,0.15,390.0,12.0,0.83,0.17,380.0,0
2025-03-15,11,4,1,4552,2,6.88,4,0.05,5.42,3.77,27.0,16.0,114.0,2.0,0.0,0.13,14.0,5.71,0.11,280.0,24.0,4.58,0.15,340.0,23.0,4.34,0.12,300.0,21.0,3.33,0.14,250.0,18.0,2.22,0.13,210.0,14.0,2.14,0.12,290.0,0
2025-03-15,11,5,3,4241,63,6.93,5,0.06,5.52,3.94,13.0,28.0,104.0,1.0,0.0,0.15,16.0,8.12,0.14,300.0,17.0,1.76,0.17,390.0,19.0,6.84,0.14,290.0,15.0,3.33,0.12,280.0,20.0,1.0,0.17,410.0,17.0,2.94,0.17,440.0,0
2025-03-15,11,6,4,4054,16,6.85,6,0.21,4.39,2.72,16.0,14.0,110.0,0.0,0.0,0.16,17.0,7.05,0.15,310.0,13.0,2.3,0.15,370.0,17.0,2.35,0.17,360.0,19.0,2.63,0.18,340.0,17.0,1.17,0.17,330.0,27.0,1.48,0.14,290.0,0
2025-03-16,1,1,5,3680,46,6.94,1,0.26,4.53,2.15,11.0,14.0,116.0,1.0,0.0,0.2,19.0,5.26,0.18,340.0,20.0,2.5,0.18,400.0,23.0,0.87,0.19,370.0,21.0,1.9,0.19,400.0,17.0,1.76,0.21,450.0,16.0,0.62,0.25,530.0,0
2025-03-16,1,2,3,4023,58,6.95,3,0.2,4.52,2.03,8.0,14.0,108.0,0.0,0.0,0.15,15.0,4.66,0.18,350.0,23.0,2.17,0.16,370.0,17.0,2.35,0.14,340.0,18.0,2.22,0.15,380.0,21.0,0.95,0.15,310.0,14.0,0.0,0.14,330.0,0
2025-03-16,1,3,4,5296,20,6.95,6,0.29,2.69,0.88,3.0,7.0,113.0,0.0,0.0,0.2,0.0,0.0,0.0,0.0,0.0,0.0,0.0,0.0,0.0,0.0,0.0,0.0,30.0,2.0,0.21,450.0,35.0,0.85,0.19,390.0,48.0,0.2,0.2,410.0,0
2025-03-16,1,4,6,4693,5,6.99,5,0.28,4.58,2.56,9.0,21.0,117.0,0.0,0.0,0.17,15.0,5.33,0.18,350.0,22.0,5.0,0.18,430.0,18.0,2.22,0.19,420.0,20.0,2.0,0.17,340.0,25.0,1.2,0.13,310.0,17.0,0.0,0.17,380.0,0
2025-03-16,1,5,1,3362,47,6.99,2,0.16,5.25,3.48,14.0,31.0,129.0,2.0,0.0,0.2,24.0,6.25,0.19,330.0,44.0,3.18,0.22,470.0,31.0,2.9,0.18,350.0,29.0,2.41,0.19,430.0,1.0,0.0,0.17,400.0,0.0,0.0,0.0,0.0,0
2025-03-16,1,6,2,4182,31,6.99,4,0.22,4.74,2.84,16.0,19.0,123.0,0.0,0.0,0.16,18.0,5.55,0.14,270.0,22.0,3.63,0.16,320.0,24.0,2.5,0.15,290.0,22.0,2.27,0.17,340.0,20.0,1.5,0.16,340.0,17.0,1.76,0.16,310.0,0
2025-03-17,1,1,2,4094,13,6.87,1,0.19,4.33,1.6,7.0,7.0,87.0,0.0,0.0,0.19,9.0,4.44,0.18,390.0,19.0,1.57,0.2,380.0,15.0,1.33,0.19,370.0,20.0,1.0,0.19,390.0,15.0,1.33,0.18,350.0,9.0,1.11,0.23,400.0,0
2025-03-17,1,2,5,3430,45,6.87,2,0.21,3.59,1.75,11.0,9.0,114.0,0.0,0.0,0.16,14.0,5.0,0.14,260.0,22.0,1.36,0.16,390.0,19.0,2.1,0.18,350.0,19.0,2.1,0.14,280.0,26.0,0.0,0.17,300.0,14.0,1.42,0.18,450.0,0
2025-03-17,1,3,1,4182,31,6.81,3,0.12,4.74,2.84,16.0,19.0,123.0,0.0,0.0,0.16,18.0,5.55,0.14,270.0,22.0,3.63,0.16,320.0,24.0,2.5,0.15,290.0,22.0,2.27,0.17,340.0,20.0,1.5,0.16,340.0,17.0,1.76,0.16,310.0,0
2025-03-17,1,4,3,4054,16,6.9,4,0.15,4.39,2.72,16.0,14.0,110.0,0.0,0.0,0.16,17.0,7.05,0.15,310.0,13.0,2.3,0.15,370.0,17.0,2.35,0.17,360.0,19.0,2.63,0.18,340.0,17.0,1.17,0.17,330.0,27.0,1.48,0.14,290.0,0
2025-03-17,1,5,4,3509,66,6.9,5,0.11,3.28,1.14,2.0,5.0,61.0,0.0,0.0,0.15,8.0,2.5,0.16,310.0,12.0,1.66,0.16,380.0,11.0,0.9,0.14,240.0,9.0,0.0,0.14,180.0,10.0,2.0,0.13,310.0,9.0,0.0,0.14,320.0,0
2025-03-17,1,6,6,4843,29,6.9,6,0.13,4.69,2.77,15.0,15.0,108.0,1.0,0.0,0.17,14.0,4.28,0.2,390.0,17.0,1.17,0.18,350.0,20.0,4.0,0.16,300.0,22.0,3.63,0.17,350.0,18.0,1.66,0.15,280.0,17.0,1.76,0.18,310.0,0
2025-03-17,3,1,2,4300,25,6.93,1,0.21,5.13,2.85,14.0,10.0,84.0,0.0,0.0,0.17,13.0,8.46,0.12,240.0,17.0,2.94,0.17,380.0,16.0,1.87,0.18,370.0,12.0,1.66,0.18,290.0,14.0,1.42,0.17,350.0,12.0,0.83,0.22,430.0,0
2025-03-17,3,2,1,4521,55,6.92,2,0.22,5.27,2.78,13.0,14.0,97.0,2.0,0.0,0.19,15.0,5.33,0.18,390.0,17.0,2.35,0.19,360.0,17.0,2.94,0.2,400.0,19.0,2.1,0.19,370.0,19.0,3.15,0.17,350.0,10.0,0.0,0.26,530.0,0
2025-03-17,3,3,3,3882,24,6.91,3,0.26,5.59,3.77,23.0,20.0,114.0,4.0,0.0,0.16,20.0,9.0,0.14,250.0,22.0,4.09,0.14,330.0,16.0,3.12,0.17,330.0,18.0,2.22,0.18,340.0,21.0,1.42,0.16,310.0,17.0,2.35,0.15,320.0,0
2025-03-17,3,4,6,3680,46,7.04,4,0.22,4.53,2.15,11.0,14.0,116.0,1.0,0.0,0.2,19.0,5.26,0.18,340.0,20.0,2.5,0.18,400.0,23.0,0.87,0.19,370.0,21.0,1.9,0.19,400.0,17.0,1.76,0.21,450.0,16.0,0.62,0.25,530.0,0
2025-03-17,3,5,4,4023,58,6.88,6,0.18,4.52,2.03,8.0,14.0,108.0,0.0,0.0,0.15,15.0,4.66,0.18,350.0,23.0,2.17,0.16,370.0,17.0,2.35,0.14,340.0,18.0,2.22,0.15,380.0,21.0,0.95,0.15,310.0,14.0,0.0,0.14,330.0,0
2025-03-17,3,6,5,4678,51,6.98,5,0.19,5.98,4.43,20.0,23.0,97.0,2.0,0.0,0.15,15.0,9.33,0.14,270.0,22.0,5.9,0.12,270.0,16.0,4.37,0.15,260.0,14.0,2.85,0.15,250.0,21.0,2.38,0.17,320.0,9.0,0.0,0.19,290.0,0
2025-03-17,4,1,4,3539,44,6.96,1,0.24,3.68,1.58,6.0,10.0,101.0,0.0,0.0,0.19,16.0,4.37,0.15,320.0,23.0,1.73,0.16,330.0,21.0,1.42,0.22,430.0,21.0,0.47,0.21,440.0,14.0,0.71,0.22,480.0,6.0,0.0,0.21,450.0,0
2025-03-17,4,2,6,5292,60,6.96,3,0.2,2.45,0.48,1.0,3.0,83.0,0.0,0.0,0.21,8.0,1.25,0.24,460.0,14.0,0.71,0.22,440.0,9.0,1.11,0.22,460.0,11.0,0.0,0.2,460.0,20.0,0.5,0.18,380.0,21.0,0.0,0.21,430.0,0
2025-03-17,4,3,1,3482,65,6.87,4,0.1,4.69,2.47,13.0,16.0,117.0,0.0,0.0,0.15,16.0,5.0,0.15,250.0,21.0,2.85,0.15,300.0,20.0,3.0,0.14,250.0,19.0,2.63,0.14,290.0,26.0,1.15,0.16,300.0,15.0,0.66,0.16,360.0,0
2025-03-17,4,4,2,4120,52,6.99,5,0.16,6.0,4.34,32.0,24.0,129.0,3.0,0.0,0.15,23.0,8.69,0.16,330.0,28.0,6.42,0.14,320.0,20.0,4.0,0.14,260.0,22.0,3.18,0.15,340.0,23.0,0.87,0.15,280.0,13.0,0.76,0.17,320.0,0
2025-03-17,4,5,3,3574,62,7.0,2,0.15,5.31,3.46,17.0,19.0,104.0,1.0,0.0,0.17,20.0,7.0,0.18,400.0,40.0,3.0,0.17,380.0,32.0,3.12,0.15,360.0,10.0,0.0,0.19,370.0,2.0,0.0,0.38,600.0,0.0,0.0,0.0,0.0,0
2025-03-17,4,6,5,4536,18,6.98,6,0.25,6.26,4.49,21.0,32.0,118.0,4.0,0.0,0.16,25.0,8.8,0.15,300.0,24.0,5.0,0.15,300.0,18.0,5.55,0.15,250.0,16.0,3.12,0.17,360.0,21.0,1.42,0.17,310.0,14.0,0.71,0.17,460.0,0
2025-03-17,6,1,6,4843,29,6.86,1,0.21,4.69,2.77,15.0,15.0,108.0,1.0,0.0,0.17,14.0,4.28,0.2,390.0,17.0,1.17,0.18,350.0,20.0,4.0,0.16,300.0,22.0,3.63,0.17,350.0,18.0,1.66,0.15,280.0,17.0,1.76,0.18,310.0,0
2025-03-17,6,2,1,3684,7,6.87,2,0.06,5.49,3.46,15.0,21.0,104.0,0.0,0.0,0.18,22.0,7.27,0.15,290.0,16.0,4.37,0.18,390.0,19.0,2.63,0.18,350.0,19.0,3.15,0.17,360.0,16.0,0.62,0.18,440.0,12.0,0.83,0.22,540.0,0
2025-03-17,6,3,2,4241,63,6.91,3,0.06,5.52,3.94,13.0,28.0,104.0,1.0,0.0,0.15,16.0,8.12,0.14,300.0,17.0,1.76,0.17,390.0,19.0,6.84,0.14,290.0,15.0,3.33,0.12,280.0,20.0,1.0,0.17,410.0,17.0,2.94,0.17,440.0,0
2025-03-17,6,4,4,4323,9,6.96,4,0.1,5.73,4.39,17.0,30.0,107.0,4.0,0.0,0.16,18.0,7.77,0.16,370.0,20.0,3.0,0.17,420.0,13.0,5.38,0.13,260.0,20.0,6.0,0.15,330.0,20.0,4.0,0.15,270.0,16.0,0.0,0.16,410.0,0
2025-03-17,6,5,5,3430,45,7.01,5,0.08,3.59,1.75,11.0,9.0,114.0,0.0,0.0,0.16,14.0,5.0,0.14,260.0,22.0,1.36,0.16,390.0,19.0,2.1,0.18,350.0,19.0,2.1,0.14,280.0,26.0,0.0,0.17,300.0,14.0,1.42,0.18,450.0,0
2025-03-17,6,6,3,5296,20,6.92,6,0.12,2.69,0.88,3.0,7.0,113.0,0.0,0.0,0.2,0.0,0.0,0.0,0.0,0.0,0.0,0.0,0.0,0.0,0.0,0.0,0.0,30.0,2.0,0.21,450.0,35.0,0.85,0.19,390.0,48.0,0.2,0.2,410.0,0
2025-03-17,10,1,3,4649,41,6.82,1,0.23,5.57,3.27,19.0,21.0,122.0,2.0,0.0,0.14,20.0,7.5,0.12,210.0,21.0,3.81,0.15,310.0,20.0,2.5,0.15,320.0,21.0,2.38,0.14,200.0,21.0,1.9,0.13,290.0,19.0,1.57,0.15,340.0,0
2025-03-17,10,2,5,3710,10,6.89,2,0.22,4.57,2.02,7.0,13.0,99.0,0.0,0.0,0.17,14.0,7.85,0.13,240.0,20.0,1.5,0.14,290.0,15.0,0.66,0.17,340.0,19.0,1.05,0.18,370.0,16.0,1.25,0.2,380.0,15.0,0.66,0.19,460.0,0
2025-03-17,10,3,1,4521,55,6.83,3,0.16,5.27,2.78,13.0,14.0,97.0,2.0,0.0,0.19,15.0,5.33,0.18,390.0,17.0,2.35,0.19,360.0,17.0,2.94,0.2,400.0,19.0,2.1,0.19,370.0,19.0,3.15,0.17,350.0,10.0,0.0,0.26,530.0,0
2025-03-17,10,4,4,3482,65,6.87,4,0.17,4.69,2.47,13.0,16.0,117.0,0.0,0.0,0.15,16.0,5.0,0.15,250.0,21.0,2.85,0.15,300.0,20.0,3.0,0.14,250.0,19.0,2.63,0.14,290.0,26.0,1.15,0.16,300.0,15.0,0.66,0.16,360.0,0
2025-03-17,10,5,2,3684,7,6.97,5,0.27,5.49,3.46,15.0,21.0,104.0,0.0,0.0,0.18,22.0,7.27,0.15,290.0,16.0,4.37,0.18,390.0,19.0,2.63,0.18,350.0,19.0,3.15,0.17,360.0,16.0,0.62,0.18,440.0,12.0,0.83,0.22,540.0,0
2025-03-17,10,6,6,4323,9,6.9,6,0.19,5.73,4.39,17.0,30.0,107.0,4.0,0.0,0.16,18.0,7.77,0.16,370.0,20.0,3.0,0.17,420.0,13.0,5.38,0.13,260.0,20.0,6.0,0.15,330.0,20.0,4.0,0.15,270.0,16.0,0.0,0.16,410.0,0
2025-03-17,12,1,6,4168,28,6.89,1,0.14,6.36,3.9,24.0,15.0,100.0,1.0,0.0,0.15,18.0,8.88,0.14,320.0,16.0,5.0,0.17,360.0,18.0,3.88,0.11,250.0,19.0,1.57,0.14,350.0,17.0,2.35,0.15,390.0,12.0,0.83,0.17,380.0,0
2025-03-17,12,2,3,4090,21,6.98,2,0.14,6.37,4.6,42.0,27.0,150.0,7.0,1.0,0.12,31.0,9.35,0.11,180.0,27.0,4.07,0.14,270.0,27.0,4.44,0.1,230.0,23.0,3.47,0.11,280.0,23.0,2.17,0.11,250.0,19.0,2.1,0.14,330.0,0
2025-03-17,12,3,5,4030,43,6.93,3,0.18,6.45,3.63,20.0,24.0,121.0,4.0,0.0,0.13,26.0,6.15,0.14,350.0,20.0,3.5,0.13,390.0,19.0,3.68,0.13,330.0,21.0,3.81,0.13,390.0,18.0,2.22,0.13,380.0,17.0,1.17,0.15,420.0,0
2025-03-17,12,4,2,3362,47,6.94,4,0.11,5.25,3.48,14.0,31.0,129.0,2.0,0.0,0.2,24.0,6.25,0.19,330.0,44.0,3.18,0.22,470.0,31.0,2.9,0.18,350.0,29.0,2.41,0.19,430.0,1.0,0.0,0.17,400.0,0.0,0.0,0.0,0.0,0
2025-03-17,12,5,4,4156,22,7.02,5,0.2,5.35,3.55,18.0,24.0,118.0,0.0,0.0,0.15,19.0,8.94,0.14,240.0,20.0,3.5,0.17,340.0,19.0,5.26,0.12,270.0,19.0,1.57,0.15,360.0,23.0,1.73,0.15,310.0,18.0,0.55,0.19,440.0,0
2025-03-17,12,6,1,4967,57,6.78,6,0.08,5.88,4.19,28.0,24.0,124.0,2.0,1.0,0.13,24.0,8.75,0.13,260.0,19.0,3.68,0.13,270.0,22.0,3.63,0.13,240.0,20.0,4.0,0.14,280.0,22.0,2.72,0.12,240.0,17.0,1.17,0.14,300.0,0
2025-03-19,1,1,4,4034,66,6.66,1,0.06,3.82,1.52,5.0,13.0,118.0,0.0,0.0,0.18,15.0,6.0,0.15,290.0,20.0,1.5,0.19,450.0,25.0,1.2,0.17,350.0,19.0,1.57,0.18,330.0,26.0,0.0,0.19,390.0,13.0,0.0,0.19,460.0,0
2025-03-19,1,2,1,3906,51,6.68,2,0.08,3.75,2.14,9.0,9.0,84.0,0.0,0.0,0.2,13.0,4.61,0.16,240.0,14.0,2.14,0.18,460.0,18.0,4.44,0.19,410.0,13.0,0.0,0.24,510.0,13.0,0.76,0.19,480.0,13.0,0.0,0.24,540.0,0
2025-03-19,1,3,3,5090,54,6.65,3,0.12,4.51,2.69,12.0,12.0,89.0,0.0,0.0,0.16,13.0,7.69,0.16,290.0,14.0,3.57,0.15,280.0,16.0,3.75,0.14,260.0,17.0,1.17,0.17,380.0,17.0,0.58,0.16,360.0,12.0,0.0,0.21,440.0,0
2025-03-19,1,4,2,4956,40,6.77,4,0.1,4.24,2.07,3.0,14.0,82.0,1.0,0.0,0.17,10.0,5.0,0.17,300.0,13.0,2.3,0.19,340.0,15.0,3.33,0.16,330.0,14.0,0.0,0.16,420.0,14.0,1.42,0.17,440.0,16.0,1.25,0.19,460.0,0
2025-03-19,1,5,6,5338,36,6.62,5,0.03,1.73,0.26,0.0,2.0,75.0,0.0,0.0,0.21,0.0,0.0,0.0,0.0,0.0,0.0,0.0,0.0,0.0,0.0,0.0,0.0,0.0,0.0,0.0,0.0,2.0,5.0,0.17,300.0,73.0,0.13,0.21,440.0,0
2025-03-19,1,6,5,4865,62,6.77,6,0.17,4.32,2.13,4.0,12.0,75.0,0.0,0.0,0.16,10.0,4.0,0.15,270.0,9.0,2.22,0.14,370.0,19.0,2.1,0.17,340.0,12.0,2.5,0.14,370.0,13.0,2.3,0.17,300.0,12.0,0.0,0.18,380.0,0
2025-03-19,2,1,2,3866,39,6.72,1,0.16,3.73,2.04,1.0,9.0,49.0,0.0,0.0,0.14,5.0,6.0,0.13,120.0,8.0,1.25,0.14,300.0,12.0,3.33,0.14,210.0,7.0,2.85,0.09,200.0,7.0,0.0,0.15,330.0,10.0,0.0,0.19,400.0,0
2025-03-19,2,2,5,4603,56,6.71,2,0.28,4.87,3.09,16.0,18.0,110.0,0.0,0.0,0.14,17.0,7.05,0.15,300.0,22.0,2.72,0.12,310.0,17.0,3.52,0.12,260.0,19.0,4.21,0.15,260.0,18.0,1.11,0.13,310.0,17.0,0.0,0.16,340.0,0
2025-03-19,2,3,4,4196,50,6.7,3,0.21,4.2,2.5,9.0,17.0,104.0,0.0,0.0,0.18,15.0,6.66,0.16,270.0,18.0,2.22,0.19,420.0,23.0,2.17,0.17,330.0,15.0,1.33,0.19,340.0,20.0,2.5,0.18,360.0,13.0,0.0,0.21,450.0,0
2025-03-19,2,4,1,4863,45,6.66,6,0.09,4.74,2.75,8.0,16.0,87.0,2.0,0.0,0.16,12.0,5.83,0.16,250.0,16.0,3.75,0.16,310.0,15.0,1.33,0.17,330.0,9.0,3.33,0.17,410.0,21.0,1.9,0.16,290.0,14.0,1.42,0.13,340.0,0
2025-03-19,2,5,3,4064,49,6.73,4,0.14,6.42,4.74,34.0,21.0,116.0,3.0,0.0,0.16,29.0,8.62,0.14,270.0,19.0,4.21,0.16,360.0,17.0,5.29,0.17,340.0,23.0,3.91,0.18,380.0,17.0,1.76,0.16,420.0,11.0,0.9,0.22,460.0,0
2025-03-19,2,6,6,3212,33,6.73,5,0.13,4.28,2.27,5.0,13.0,79.0,0.0,0.0,0.17,11.0,5.45,0.14,340.0,26.0,2.3,0.17,330.0,14.0,0.71,0.17,340.0,14.0,0.71,0.19,380.0,10.0,3.0,0.13,300.0,4.0,2.5,0.29,550.0,0
2025-03-19,3,1,5,5308,1,6.71,1,0.39,2.21,0.33,1.0,2.0,90.0,0.0,0.0,0.17,0.0,0.0,0.0,0.0,0.0,0.0,0.0,0.0,5.0,0.0,0.16,300.0,19.0,0.52,0.2,420.0,19.0,0.0,0.16,320.0,47.0,0.42,0.15,340.0,0
2025-03-19,3,2,3,4113,17,6.7,2,0.31,4.74,2.4,15.0,15.0,125.0,0.0,0.0,0.18,19.0,7.36,0.19,440.0,26.0,2.3,0.18,440.0,14.0,1.42,0.19,470.0,26.0,1.15,0.18,370.0,28.0,1.42,0.19,400.0,12.0,0.83,0.15,330.0,0
2025-03-19,3,3,6,3558,6,6.77,3,0.29,5.27,2.92,12.0,17.0,99.0,2.0,0.0,0.16,16.0,7.5,0.17,260.0,19.0,2.63,0.15,290.0,23.0,2.6,0.17,300.0,14.0,2.14,0.19,360.0,16.0,1.25,0.15,340.0,11.0,0.9,0.15,300.0,0
2025-03-19,3,4,1,4027,64,6.69,4,0.14,5.53,3.49,21.0,22.0,123.0,2.0,0.0,0.14,21.0,7.14,0.14,320.0,24.0,3.75,0.16,380.0,19.0,3.15,0.18,350.0,24.0,2.08,0.12,240.0,16.0,2.5,0.14,280.0,19.0,2.1,0.12,260.0,0
2025-03-19,3,5,4,3843,35,6.68,6,0.15,4.6,2.7,17.0,19.0,133.0,0.0,0.0,0.16,20.0,8.5,0.15,280.0,21.0,1.9,0.15,350.0,28.0,3.21,0.17,340.0,25.0,1.6,0.15,320.0,20.0,1.0,0.16,350.0,19.0,0.0,0.16,380.0,0
2025-03-19,3,6,2,4361,37,6.7,5,0.11,6.9,4.64,43.0,22.0,140.0,5.0,1.0,0.14,34.0,8.82,0.14,310.0,19.0,5.26,0.14,310.0,25.0,3.6,0.13,290.0,23.0,3.91,0.13,270.0,22.0,2.27,0.14,300.0,17.0,1.17,0.13,370.0,0
2025-03-19,4,1,3,3663,8,6.62,1,0.18,5.13,3.08,18.0,24.0,136.0,0.0,0.0,0.16,19.0,7.36,0.19,390.0,26.0,3.07,0.16,330.0,23.0,3.47,0.13,290.0,23.0,2.17,0.16,300.0,28.0,2.5,0.18,330.0,17.0,0.0,0.17,400.0,0
2025-03-19,4,2,1,4139,55,6.61,2,0.1,4.53,2.94,18.0,17.0,119.0,1.0,0.0,0.16,19.0,7.36,0.17,320.0,18.0,2.22,0.17,340.0,21.0,2.85,0.17,310.0,12.0,0.0,0.13,270.0,28.0,2.14,0.17,350.0,21.0,2.38,0.17,370.0,0
2025-03-19,4,3,6,5109,28,6.62,3,0.11,4.88,2.76,13.0,21.0,123.0,1.0,0.0,0.15,18.0,6.11,0.15,270.0,20.0,4.5,0.14,290.0,21.0,1.9,0.13,260.0,20.0,2.0,0.13,270.0,19.0,2.1,0.14,280.0,25.0,0.8,0.17,400.0,0
2025-03-19,4,4,4,5073,3,6.59,4,0.17,4.06,1.71,4.0,13.0,99.0,0.0,0.0,0.16,11.0,3.63,0.18,400.0,20.0,2.5,0.17,380.0,18.0,1.11,0.15,340.0,15.0,2.66,0.17,330.0,21.0,0.47,0.17,320.0,14.0,0.71,0.14,340.0,0
2025-03-19,4,5,2,4497,53,6.59,5,0.14,6.93,5.4,44.0,36.0,148.0,6.0,3.0,0.13,34.0,8.82,0.12,230.0,26.0,5.38,0.13,220.0,23.0,6.52,0.1,210.0,23.0,5.21,0.14,300.0,21.0,2.38,0.14,300.0,21.0,1.9,0.13,310.0,0
2025-03-19,4,6,5,4950,10,6.66,6,0.19,6.01,4.4,35.0,24.0,134.0,4.0,1.0,0.15,25.0,10.0,0.14,270.0,18.0,2.77,0.16,370.0,23.0,4.78,0.14,320.0,22.0,4.54,0.14,270.0,28.0,2.85,0.18,330.0,18.0,0.0,0.16,360.0,0
2025-03-19,5,1,3,4416,9,6.62,1,0.12,5.1,2.69,9.0,22.0,115.0,0.0,0.0,0.18,16.0,5.0,0.18,380.0,20.0,2.5,0.21,430.0,24.0,3.75,0.18,360.0,22.0,1.36,0.18,390.0,17.0,1.76,0.18,380.0,16.0,1.87,0.15,360.0,0
2025-03-19,5,2,6,4846,24,6.71,2,0.14,4.83,3.68,18.0,20.0,103.0,0.0,0.0,0.14,16.0,8.12,0.15,310.0,18.0,5.55,0.13,240.0,18.0,3.88,0.13,260.0,20.0,2.5,0.14,300.0,17.0,1.17,0.15,320.0,14.0,0.71,0.16,340.0,0
2025-03-19,5,3,1,5042,38,6.68,3,0.07,6.36,4.16,39.0,16.0,132.0,4.0,0.0,0.12,32.0,8.12,0.12,230.0,21.0,4.28,0.14,260.0,20.0,3.0,0.1,230.0,27.0,3.33,0.12,230.0,20.0,2.5,0.12,220.0,12.0,0.0,0.14,290.0,0
2025-03-19,5,4,2,4578,25,6.67,4,0.12,4.77,2.68,16.0,13.0,108.0,0.0,0.0,0.17,15.0,6.66,0.13,230.0,23.0,3.47,0.16,380.0,16.0,1.87,0.2,380.0,22.0,2.72,0.17,390.0,18.0,1.11,0.17,380.0,14.0,0.0,0.18,450.0,0
2025-03-19,5,5,4,5181,30,6.69,5,0.15,5.01,3.2,18.0,14.0,100.0,1.0,0.0,0.16,13.0,6.15,0.17,340.0,18.0,5.0,0.17,330.0,17.0,3.52,0.15,290.0,16.0,1.87,0.15,260.0,18.0,1.11,0.14,310.0,18.0,2.22,0.16,320.0,0
2025-03-19,5,6,5,4315,31,6.65,6,0.16,5.49,3.56,18.0,23.0,115.0,0.0,0.0,0.16,16.0,5.62,0.16,320.0,20.0,5.0,0.16,350.0,24.0,2.91,0.15,320.0,22.0,3.18,0.15,270.0,20.0,3.5,0.14,310.0,13.0,0.76,0.18,420.0,0
2025-03-19,7,1,2,4196,50,6.7,1,0.04,4.2,2.5,9.0,17.0,104.0,0.0,0.0,0.18,15.0,6.66,0.16,270.0,18.0,2.22,0.19,420.0,23.0,2.17,0.17,330.0,15.0,1.33,0.19,340.0,20.0,2.5,0.18,360.0,13.0,0.0,0.21,450.0,0
2025-03-19,7,2,3,5090,54,6.69,2,0.05,4.51,2.69,12.0,12.0,89.0,0.0,0.0,0.16,13.0,7.69,0.16,290.0,14.0,3.57,0.15,280.0,16.0,3.75,0.14,260.0,17.0,1.17,0.17,380.0,17.0,0.58,0.16,360.0,12.0,0.0,0.21,440.0,0
2025-03-19,7,3,1,4109,34,6.7,3,0.05,5.75,3.85,31.0,23.0,140.0,3.0,0.0,0.12,29.0,7.93,0.13,230.0,20.0,5.5,0.12,290.0,23.0,2.6,0.11,210.0,27.0,2.59,0.12,210.0,21.0,1.9,0.12,330.0,20.0,1.5,0.14,310.0,0
2025-03-19,7,4,4,4563,18,6.66,4,0.11,3.89,1.77,7.0,13.0,113.0,0.0,0.0,0.17,14.0,4.28,0.15,290.0,26.0,0.76,0.16,340.0,18.0,2.77,0.18,370.0,19.0,1.05,0.18,370.0,22.0,1.81,0.18,480.0,14.0,0.71,0.17,390.0,0
2025-03-19,7,5,5,3541,52,6.71,5,0.15,6.51,4.67,42.0,29.0,152.0,3.0,1.0,0.14,36.0,8.61,0.15,270.0,26.0,3.46,0.13,270.0,27.0,4.44,0.14,290.0,23.0,4.34,0.13,280.0,21.0,2.85,0.15,330.0,19.0,1.57,0.13,390.0,0
2025-03-19,7,6,6,4009,61,6.64,6,0.12,5.6,4.06,16.0,23.0,96.0,2.0,0.0,0.14,20.0,8.5,0.15,260.0,14.0,2.85,0.14,340.0,18.0,3.88,0.13,270.0,12.0,5.83,0.13,270.0,13.0,1.53,0.11,250.0,19.0,1.05,0.17,380.0,0
2025-03-19,10,1,6,3955,26,6.7,1,0.16,5.55,3.26,19.0,14.0,101.0,0.0,0.0,0.18,15.0,7.33,0.15,340.0,18.0,3.88,0.16,310.0,19.0,4.73,0.16,330.0,16.0,1.25,0.19,360.0,21.0,1.42,0.21,430.0,12.0,0.83,0.22,490.0,0
2025-03-19,10,2,4,4315,31,6.64,3,0.09,5.49,3.56,18.0,23.0,115.0,0.0,0.0,0.16,16.0,5.62,0.16,320.0,20.0,5.0,0.16,350.0,24.0,2.91,0.15,320.0,22.0,3.18,0.15,270.0,20.0,3.5,0.14,310.0,13.0,0.76,0.18,420.0,0
2025-03-19,10,3,1,4788,16,6.66,4,0.01,6.29,4.41,31.0,29.0,136.0,5.0,1.0,0.13,30.0,8.33,0.14,260.0,25.0,4.4,0.12,260.0,17.0,2.94,0.12,190.0,25.0,5.2,0.11,220.0,23.0,1.73,0.12,210.0,16.0,1.25,0.14,340.0,0
2025-03-19,10,4,2,4034,66,6.66,5,0.11,3.82,1.52,5.0,13.0,118.0,0.0,0.0,0.18,15.0,6.0,0.15,290.0,20.0,1.5,0.19,450.0,25.0,1.2,0.17,350.0,19.0,1.57,0.18,330.0,26.0,0.0,0.19,390.0,13.0,0.0,0.19,460.0,0
2025-03-19,10,5,3,4139,55,6.66,6,0.07,4.53,2.94,18.0,17.0,119.0,1.0,0.0,0.16,19.0,7.36,0.17,320.0,18.0,2.22,0.17,340.0,21.0,2.85,0.17,310.0,12.0,0.0,0.13,270.0,28.0,2.14,0.17,350.0,21.0,2.38,0.17,370.0,0
2025-03-19,10,6,5,3558,6,6.73,2,0.13,5.27,2.92,12.0,17.0,99.0,2.0,0.0,0.16,16.0,7.5,0.17,260.0,19.0,2.63,0.15,290.0,23.0,2.6,0.17,300.0,14.0,2.14,0.19,360.0,16.0,1.25,0.15,340.0,11.0,0.9,0.15,300.0,0
2025-03-19,12,1,2,3541,52,6.68,1,0.17,6.51,4.67,42.0,29.0,152.0,3.0,1.0,0.14,36.0,8.61,0.15,270.0,26.0,3.46,0.13,270.0,27.0,4.44,0.14,290.0,23.0,4.34,0.13,280.0,21.0,2.85,0.15,330.0,19.0,1.57,0.13,390.0,0
2025-03-19,12,2,3,4547,4,6.67,2,0.21,7.25,4.79,30.0,27.0,119.0,4.0,0.0,0.13,21.0,8.09,0.14,340.0,22.0,5.9,0.11,290.0,17.0,3.52,0.12,240.0,23.0,6.08,0.13,290.0,18.0,3.33,0.16,360.0,18.0,0.55,0.15,440.0,0
2025-03-19,12,3,5,4497,53,6.66,3,0.18,6.93,5.4,44.0,36.0,148.0,6.0,3.0,0.13,34.0,8.82,0.12,230.0,26.0,5.38,0.13,220.0,23.0,6.52,0.1,210.0,23.0,5.21,0.14,300.0,21.0,2.38,0.14,300.0,21.0,1.9,0.13,310.0,0
2025-03-19,12,4,4,4361,37,6.69,4,0.13,6.9,4.64,43.0,22.0,140.0,5.0,1.0,0.14,34.0,8.82,0.14,310.0,19.0,5.26,0.14,310.0,25.0,3.6,0.13,290.0,23.0,3.91,0.13,270.0,22.0,2.27,0.14,300.0,17.0,1.17,0.13,370.0,0
2025-03-19,12,5,1,4437,15,6.68,5,0.12,6.84,5.22,42.0,38.0,153.0,5.0,1.0,0.15,38.0,8.42,0.14,280.0,22.0,3.63,0.15,310.0,26.0,5.76,0.16,270.0,27.0,4.81,0.14,330.0,18.0,3.88,0.15,310.0,22.0,2.27,0.17,400.0,0
2025-03-19,12,6,6,5042,38,6.7,6,0.12,6.36,4.16,39.0,16.0,132.0,4.0,0.0,0.12,32.0,8.12,0.12,230.0,21.0,4.28,0.14,260.0,20.0,3.0,0.1,230.0,27.0,3.33,0.12,230.0,20.0,2.5,0.12,220.0,12.0,0.0,0.14,290.0,0
2025-03-20,1,1,4,3910,27,6.69,1,0.21,4.66,2.38,11.0,15.0,109.0,0.0,0.0,0.15,16.0,6.87,0.14,260.0,21.0,1.9,0.16,320.0,15.0,4.0,0.13,220.0,18.0,2.22,0.14,310.0,22.0,0.45,0.18,410.0,17.0,0.0,0.17,400.0,0
2025-03-20,1,2,3,3558,6,6.72,2,0.13,5.27,2.92,12.0,17.0,99.0,2.0,0.0,0.16,16.0,7.5,0.17,260.0,19.0,2.63,0.15,290.0,23.0,2.6,0.17,300.0,14.0,2.14,0.19,360.0,16.0,1.25,0.15,340.0,11.0,0.9,0.15,300.0,0
2025-03-20,1,3,5,3212,33,6.74,3,0.16,4.28,2.27,5.0,13.0,79.0,0.0,0.0,0.17,11.0,5.45,0.14,340.0,26.0,2.3,0.17,330.0,14.0,0.71,0.17,340.0,14.0,0.71,0.19,380.0,10.0,3.0,0.13,300.0,4.0,2.5,0.29,550.0,0
2025-03-20,1,4,1,5086,43,6.65,4,0.13,4.51,3.25,12.0,16.0,86.0,1.0,0.0,0.15,16.0,6.25,0.15,320.0,18.0,1.66,0.16,390.0,13.0,4.61,0.14,350.0,17.0,4.11,0.11,290.0,9.0,2.22,0.17,330.0,13.0,0.0,0.18,350.0,0
2025-03-20,1,5,6,4846,24,6.76,5,0.16,4.83,3.68,18.0,20.0,103.0,0.0,0.0,0.14,16.0,8.12,0.15,310.0,18.0,5.55,0.13,240.0,18.0,3.88,0.13,260.0,20.0,2.5,0.14,300.0,17.0,1.17,0.15,320.0,14.0,0.71,0.16,340.0,0
2025-03-20,1,6,2,5338,36,6.59,6,0.09,1.73,0.26,0.0,2.0,75.0,0.0,0.0,0.21,0.0,0.0,0.0,0.0,0.0,0.0,0.0,0.0,0.0,0.0,0.0,0.0,0.0,0.0,0.0,0.0,2.0,5.0,0.17,300.0,73.0,0.13,0.21,440.0,0
2025-03-20,2,1,2,3508,7,6.7,1,0.16,4.42,1.98,10.0,15.0,126.0,0.0,0.0,0.21,19.0,6.31,0.18,420.0,20.0,2.5,0.18,450.0,21.0,1.42,0.18,350.0,19.0,0.52,0.21,480.0,22.0,0.9,0.26,480.0,25.0,0.8,0.24,530.0,0
2025-03-20,2,2,1,4578,25,6.7,2,0.14,4.77,2.68,16.0,13.0,108.0,0.0,0.0,0.17,15.0,6.66,0.13,230.0,23.0,3.47,0.16,380.0,16.0,1.87,0.2,380.0,22.0,2.72,0.17,390.0,18.0,1.11,0.17,380.0,14.0,0.0,0.18,450.0,0
2025-03-20,2,3,3,3906,51,6.76,3,0.17,3.75,2.14,9.0,9.0,84.0,0.0,0.0,0.2,13.0,4.61,0.16,240.0,14.0,2.14,0.18,460.0,18.0,4.44,0.19,410.0,13.0,0.0,0.24,510.0,13.0,0.76,0.19,480.0,13.0,0.0,0.24,540.0,0
2025-03-20,2,4,6,5308,1,6.71,4,0.21,2.21,0.33,1.0,2.0,90.0,0.0,0.0,0.17,0.0,0.0,0.0,0.0,0.0,0.0,0.0,0.0,5.0,0.0,0.16,300.0,19.0,0.52,0.2,420.0,19.0,0.0,0.16,320.0,47.0,0.42,0.15,340.0,0
2025-03-20,2,5,4,5109,28,6.67,5,0.15,4.88,2.76,13.0,21.0,123.0,1.0,0.0,0.15,18.0,6.11,0.15,270.0,20.0,4.5,0.14,290.0,21.0,1.9,0.13,260.0,20.0,2.0,0.13,270.0,19.0,2.1,0.14,280.0,25.0,0.8,0.17,400.0,0
2025-03-20,2,6,5,4331,48,6.73,6,0.19,6.14,4.56,27.0,30.0,125.0,2.0,0.0,0.14,23.0,8.69,0.12,180.0,19.0,3.68,0.11,190.0,22.0,5.0,0.13,260.0,29.0,3.44,0.15,320.0,15.0,3.33,0.16,260.0,17.0,2.35,0.19,450.0,0
2025-03-20,7,1,4,5073,3,6.64,1,0.08,4.06,1.71,4.0,13.0,99.0,0.0,0.0,0.16,11.0,3.63,0.18,400.0,20.0,2.5,0.17,380.0,18.0,1.11,0.15,340.0,15.0,2.66,0.17,330.0,21.0,0.47,0.17,320.0,14.0,0.71,0.14,340.0,0
2025-03-20,7,2,3,4863,45,6.67,2,0.05,4.74,2.75,8.0,16.0,87.0,2.0,0.0,0.16,12.0,5.83,0.16,250.0,16.0,3.75,0.16,310.0,15.0,1.33,0.17,330.0,9.0,3.33,0.17,410.0,21.0,1.9,0.16,290.0,14.0,1.42,0.13,340.0,0
2025-03-20,7,3,6,3955,26,6.77,3,0.09,5.55,3.26,19.0,14.0,101.0,0.0,0.0,0.18,15.0,7.33,0.15,340.0,18.0,3.88,0.16,310.0,19.0,4.73,0.16,330.0,16.0,1.25,0.19,360.0,21.0,1.42,0.21,430.0,12.0,0.83,0.22,490.0,0
2025-03-20,7,4,2,5109,28,6.64,4,0.02,4.88,2.76,13.0,21.0,123.0,1.0,0.0,0.15,18.0,6.11,0.15,270.0,20.0,4.5,0.14,290.0,21.0,1.9,0.13,260.0,20.0,2.0,0.13,270.0,19.0,2.1,0.14,280.0,25.0,0.8,0.17,400.0,0
2025-03-20,7,5,1,4547,4,6.74,5,0.05,7.25,4.79,30.0,27.0,119.0,4.0,0.0,0.13,21.0,8.09,0.14,340.0,22.0,5.9,0.11,290.0,17.0,3.52,0.12,240.0,23.0,6.08,0.13,290.0,18.0,3.33,0.16,360.0,18.0,0.55,0.15,440.0,0
2025-03-20,7,6,5,4027,64,6.7,6,0.25,5.53,3.49,21.0,22.0,123.0,2.0,0.0,0.14,21.0,7.14,0.14,320.0,24.0,3.75,0.16,380.0,19.0,3.15,0.18,350.0,24.0,2.08,0.12,240.0,16.0,2.5,0.14,280.0,19.0,2.1,0.12,260.0,0
2025-03-20,9,1,2,4139,55,6.66,1,0.12,4.53,2.94,18.0,17.0,119.0,1.0,0.0,0.16,19.0,7.36,0.17,320.0,18.0,2.22,0.17,340.0,21.0,2.85,0.17,310.0,12.0,0.0,0.13,270.0,28.0,2.14,0.17,350.0,21.0,2.38,0.17,370.0,0
2025-03-20,9,2,3,5042,38,6.64,2,0.14,6.36,4.16,39.0,16.0,132.0,4.0,0.0,0.12,32.0,8.12,0.12,230.0,21.0,4.28,0.14,260.0,20.0,3.0,0.1,230.0,27.0,3.33,0.12,230.0,20.0,2.5,0.12,220.0,12.0,0.0,0.14,290.0,0
2025-03-20,9,3,6,4846,24,6.73,3,0.22,4.83,3.68,18.0,20.0,103.0,0.0,0.0,0.14,16.0,8.12,0.15,310.0,18.0,5.55,0.13,240.0,18.0,3.88,0.13,260.0,20.0,2.5,0.14,300.0,17.0,1.17,0.15,320.0,14.0,0.71,0.16,340.0,0
2025-03-20,9,4,5,4865,62,6.62,4,0.18,4.32,2.13,4.0,12.0,75.0,0.0,0.0,0.16,10.0,4.0,0.15,270.0,9.0,2.22,0.14,370.0,19.0,2.1,0.17,340.0,12.0,2.5,0.14,370.0,13.0,2.3,0.17,300.0,12.0,0.0,0.18,380.0,0
2025-03-20,9,5,4,4331,48,6.74,5,0.16,6.14,4.56,27.0,30.0,125.0,2.0,0.0,0.14,23.0,8.69,0.12,180.0,19.0,3.68,0.11,190.0,22.0,5.0,0.13,260.0,29.0,3.44,0.15,320.0,15.0,3.33,0.16,260.0,17.0,2.35,0.19,450.0,0
2025-03-20,9,6,1,4497,53,6.59,6,0.1,6.93,5.4,44.0,36.0,148.0,6.0,3.0,0.13,34.0,8.82,0.12,230.0,26.0,5.38,0.13,220.0,23.0,6.52,0.1,210.0,23.0,5.21,0.14,300.0,21.0,2.38,0.14,300.0,21.0,1.9,0.13,310.0,0
2025-03-20,10,1,6,4315,31,6.6,1,0.16,5.49,3.56,18.0,23.0,115.0,0.0,0.0,0.16,16.0,5.62,0.16,320.0,20.0,5.0,0.16,350.0,24.0,2.91,0.15,320.0,22.0,3.18,0.15,270.0,20.0,3.5,0.14,310.0,13.0,0.76,0.18,420.0,0
2025-03-20,10,2,1,4437,15,6.71,2,0.08,6.84,5.22,42.0,38.0,153.0,5.0,1.0,0.15,38.0,8.42,0.14,280.0,22.0,3.63,0.15,310.0,26.0,5.76,0.16,270.0,27.0,4.81,0.14,330.0,18.0,3.88,0.15,310.0,22.0,2.27,0.17,400.0,0
2025-03-20,10,3,2,3508,7,6.77,3,0.18,4.42,1.98,10.0,15.0,126.0,0.0,0.0,0.21,19.0,6.31,0.18,420.0,20.0,2.5,0.18,450.0,21.0,1.42,0.18,350.0,19.0,0.52,0.21,480.0,22.0,0.9,0.26,480.0,25.0,0.8,0.24,530.0,0
2025-03-20,10,4,3,4064,49,6.74,4,0.12,6.42,4.74,34.0,21.0,116.0,3.0,0.0,0.16,29.0,8.62,0.14,270.0,19.0,4.21,0.16,360.0,17.0,5.29,0.17,340.0,23.0,3.91,0.18,380.0,17.0,1.76,0.16,420.0,11.0,0.9,0.22,460.0,0
2025-03-20,10,5,4,4563,18,6.75,5,0.16,3.89,1.77,7.0,13.0,113.0,0.0,0.0,0.17,14.0,4.28,0.15,290.0,26.0,0.76,0.16,340.0,18.0,2.77,0.18,370.0,19.0,1.05,0.18,370.0,22.0,1.81,0.18,480.0,14.0,0.71,0.17,390.0,0
2025-03-20,10,6,5,3663,8,6.74,6,0.13,5.13,3.08,18.0,24.0,136.0,0.0,0.0,0.16,19.0,7.36,0.19,390.0,26.0,3.07,0.16,330.0,23.0,3.47,0.13,290.0,23.0,2.17,0.16,300.0,28.0,2.5,0.18,330.0,17.0,0.0,0.17,400.0,0
2025-03-21,6,1,3,4950,10,6.84,1,0.18,6.01,4.4,35.0,24.0,134.0,4.0,1.0,0.15,25.0,10.0,0.14,270.0,18.0,2.77,0.16,370.0,23.0,4.78,0.14,320.0,22.0,4.54,0.14,270.0,28.0,2.85,0.18,330.0,18.0,0.0,0.16,360.0,0
2025-03-21,6,2,6,4865,62,6.72,2,0.22,4.32,2.13,4.0,12.0,75.0,0.0,0.0,0.16,10.0,4.0,0.15,270.0,9.0,2.22,0.14,370.0,19.0,2.1,0.17,340.0,12.0,2.5,0.14,370.0,13.0,2.3,0.17,300.0,12.0,0.0,0.18,380.0,0
2025-03-21,6,3,2,4053,14,6.71,3,0.22,5.65,4.08,21.0,19.0,98.0,1.0,0.0,0.16,15.0,9.33,0.16,240.0,17.0,6.47,0.14,310.0,13.0,3.07,0.19,370.0,15.0,4.0,0.12,280.0,20.0,2.0,0.16,330.0,18.0,0.55,0.17,430.0,0
2025-03-21,6,4,1,4497,53,6.74,4,0.17,6.93,5.4,44.0,36.0,148.0,6.0,3.0,0.13,34.0,8.82,0.12,230.0,26.0,5.38,0.13,220.0,23.0,6.52,0.1,210.0,23.0,5.21,0.14,300.0,21.0,2.38,0.14,300.0,21.0,1.9,0.13,310.0,0
2025-03-21,6,5,4,5338,36,6.67,5,0.08,1.73,0.26,0.0,2.0,75.0,0.0,0.0,0.21,0.0,0.0,0.0,0.0,0.0,0.0,0.0,0.0,0.0,0.0,0.0,0.0,0.0,0.0,0.0,0.0,2.0,5.0,0.17,300.0,73.0,0.13,0.21,440.0,0
2025-03-21,6,6,5,4563,18,6.79,6,0.11,3.89,1.77,7.0,13.0,113.0,0.0,0.0,0.17,14.0,4.28,0.15,290.0,26.0,0.76,0.16,340.0,18.0,2.77,0.18,370.0,19.0,1.05,0.18,370.0,22.0,1.81,0.18,480.0,14.0,0.71,0.17,390.0,0
2025-03-22,2,1,3,5181,30,6.75,1,0.19,5.01,3.2,18.0,14.0,100.0,1.0,0.0,0.16,13.0,6.15,0.17,340.0,18.0,5.0,0.17,330.0,17.0,3.52,0.15,290.0,16.0,1.87,0.15,260.0,18.0,1.11,0.14,310.0,18.0,2.22,0.16,320.0,0
2025-03-22,2,2,4,5308,1,6.73,2,0.18,2.21,0.33,1.0,2.0,90.0,0.0,0.0,0.17,0.0,0.0,0.0,0.0,0.0,0.0,0.0,0.0,5.0,0.0,0.16,300.0,19.0,0.52,0.2,420.0,19.0,0.0,0.16,320.0,47.0,0.42,0.15,340.0,0
2025-03-22,2,3,1,4027,64,6.75,3,0.11,5.53,3.49,21.0,22.0,123.0,2.0,0.0,0.14,21.0,7.14,0.14,320.0,24.0,3.75,0.16,380.0,19.0,3.15,0.18,350.0,24.0,2.08,0.12,240.0,16.0,2.5,0.14,280.0,19.0,2.1,0.12,260.0,0
2025-03-22,2,4,6,3558,6,6.85,4,0.16,5.27,2.92,12.0,17.0,99.0,2.0,0.0,0.16,16.0,7.5,0.17,260.0,19.0,2.63,0.15,290.0,23.0,2.6,0.17,300.0,14.0,2.14,0.19,360.0,16.0,1.25,0.15,340.0,11.0,0.9,0.15,300.0,0
2025-03-22,2,5,2,4863,45,6.77,5,0.14,4.74,2.75,8.0,16.0,87.0,2.0,0.0,0.16,12.0,5.83,0.16,250.0,16.0,3.75,0.16,310.0,15.0,1.33,0.17,330.0,9.0,3.33,0.17,410.0,21.0,1.9,0.16,290.0,14.0,1.42,0.13,340.0,0
2025-03-22,2,6,5,3843,35,6.83,6,0.19,4.6,2.7,17.0,19.0,133.0,0.0,0.0,0.16,20.0,8.5,0.15,280.0,21.0,1.9,0.15,350.0,28.0,3.21,0.17,340.0,25.0,1.6,0.15,320.0,20.0,1.0,0.16,350.0,19.0,0.0,0.16,380.0,0
2025-03-22,3,1,5,3212,33,6.83,1,0.19,4.28,2.27,5.0,13.0,79.0,0.0,0.0,0.17,11.0,5.45,0.14,340.0,26.0,2.3,0.17,330.0,14.0,0.71,0.17,340.0,14.0,0.71,0.19,380.0,10.0,3.0,0.13,300.0,4.0,2.5,0.29,550.0,0
2025-03-22,3,2,4,4034,66,6.77,2,0.16,3.82,1.52,5.0,13.0,118.0,0.0,0.0,0.18,15.0,6.0,0.15,290.0,20.0,1.5,0.19,450.0,25.0,1.2,0.17,350.0,19.0,1.57,0.18,330.0,26.0,0.0,0.19,390.0,13.0,0.0,0.19,460.0,0
2025-03-22,3,3,2,5086,43,6.72,3,0.13,4.51,3.25,12.0,16.0,86.0,1.0,0.0,0.15,16.0,6.25,0.15,320.0,18.0,1.66,0.16,390.0,13.0,4.61,0.14,350.0,17.0,4.11,0.11,290.0,9.0,2.22,0.17,330.0,13.0,0.0,0.18,350.0,0
2025-03-22,3,4,6,3955,26,6.83,4,0.15,5.55,3.26,19.0,14.0,101.0,0.0,0.0,0.18,15.0,7.33,0.15,340.0,18.0,3.88,0.16,310.0,19.0,4.73,0.16,330.0,16.0,1.25,0.19,360.0,21.0,1.42,0.21,430.0,12.0,0.83,0.22,490.0,0
2025-03-22,3,5,1,4361,37,6.74,5,0.09,6.9,4.64,43.0,22.0,140.0,5.0,1.0,0.14,34.0,8.82,0.14,310.0,19.0,5.26,0.14,310.0,25.0,3.6,0.13,290.0,23.0,3.91,0.13,270.0,22.0,2.27,0.14,300.0,17.0,1.17,0.13,370.0,0
2025-03-22,3,6,3,5090,54,6.72,6,0.13,4.51,2.69,12.0,12.0,89.0,0.0,0.0,0.16,13.0,7.69,0.16,290.0,14.0,3.57,0.15,280.0,16.0,3.75,0.14,260.0,17.0,1.17,0.17,380.0,17.0,0.58,0.16,360.0,12.0,0.0,0.21,440.0,0
2025-03-22,5,1,3,4113,17,6.79,1,0.19,4.74,2.4,15.0,15.0,125.0,0.0,0.0,0.18,19.0,7.36,0.19,440.0,26.0,2.3,0.18,440.0,14.0,1.42,0.19,470.0,26.0,1.15,0.18,370.0,28.0,1.42,0.19,400.0,12.0,0.83,0.15,330.0,0
2025-03-22,5,2,1,4009,61,6.79,2,0.11,5.6,4.06,16.0,23.0,96.0,2.0,0.0,0.14,20.0,8.5,0.15,260.0,14.0,2.85,0.14,340.0,18.0,3.88,0.13,270.0,12.0,5.83,0.13,270.0,13.0,1.53,0.11,250.0,19.0,1.05,0.17,380.0,0
2025-03-22,5,3,5,4139,55,6.8,3,0.15,4.53,2.94,18.0,17.0,119.0,1.0,0.0,0.16,19.0,7.36,0.17,320.0,18.0,2.22,0.17,340.0,21.0,2.85,0.17,310.0,12.0,0.0,0.13,270.0,28.0,2.14,0.17,350.0,21.0,2.38,0.17,370.0,0
2025-03-22,5,4,4,4788,16,6.74,4,0.17,6.29,4.41,31.0,29.0,136.0,5.0,1.0,0.13,30.0,8.33,0.14,260.0,25.0,4.4,0.12,260.0,17.0,2.94,0.12,190.0,25.0,5.2,0.11,220.0,23.0,1.73,0.12,210.0,16.0,1.25,0.14,340.0,0
2025-03-22,5,5,6,4603,56,6.84,5,0.17,4.87,3.09,16.0,18.0,110.0,0.0,0.0,0.14,17.0,7.05,0.15,300.0,22.0,2.72,0.12,310.0,17.0,3.52,0.12,260.0,19.0,4.21,0.15,260.0,18.0,1.11,0.13,310.0,17.0,0.0,0.16,340.0,0
2025-03-22,5,6,2,4053,14,6.8,6,0.18,5.65,4.08,21.0,19.0,98.0,1.0,0.0,0.16,15.0,9.33,0.16,240.0,17.0,6.47,0.14,310.0,13.0,3.07,0.19,370.0,15.0,4.0,0.12,280.0,20.0,2.0,0.16,330.0,18.0,0.55,0.17,430.0,0
2025-03-22,6,1,2,3988,59,6.74,1,0.11,5.72,3.84,33.0,22.0,143.0,2.0,0.0,0.15,29.0,8.96,0.14,220.0,22.0,2.72,0.16,360.0,29.0,3.79,0.13,280.0,25.0,3.6,0.14,240.0,20.0,0.5,0.15,360.0,18.0,1.11,0.17,410.0,0
2025-03-22,6,2,3,3910,27,6.75,2,0.18,4.66,2.38,11.0,15.0,109.0,0.0,0.0,0.15,16.0,6.87,0.14,260.0,21.0,1.9,0.16,320.0,15.0,4.0,0.13,220.0,18.0,2.22,0.14,310.0,22.0,0.45,0.18,410.0,17.0,0.0,0.17,400.0,0
2025-03-22,6,3,5,4547,4,6.76,3,0.18,7.25,4.79,30.0,27.0,119.0,4.0,0.0,0.13,21.0,8.09,0.14,340.0,22.0,5.9,0.11,290.0,17.0,3.52,0.12,240.0,23.0,6.08,0.13,290.0,18.0,3.33,0.16,360.0,18.0,0.55,0.15,440.0,0
2025-03-22,6,4,1,3841,19,6.7,4,0.11,5.9,3.84,21.0,19.0,104.0,1.0,0.0,0.19,22.0,8.18,0.17,390.0,17.0,4.11,0.21,450.0,16.0,2.5,0.2,410.0,17.0,2.94,0.19,460.0,14.0,2.85,0.17,460.0,18.0,1.11,0.22,500.0,0
2025-03-22,6,5,4,5308,1,6.78,5,0.23,2.21,0.33,1.0,2.0,90.0,0.0,0.0,0.17,0.0,0.0,0.0,0.0,0.0,0.0,0.0,0.0,5.0,0.0,0.16,300.0,19.0,0.52,0.2,420.0,19.0,0.0,0.16,320.0,47.0,0.42,0.15,340.0,0
2025-03-22,6,6,6,4416,9,6.73,6,0.23,5.1,2.69,9.0,22.0,115.0,0.0,0.0,0.18,16.0,5.0,0.18,380.0,20.0,2.5,0.21,430.0,24.0,3.75,0.18,360.0,22.0,1.36,0.18,390.0,17.0,1.76,0.18,380.0,16.0,1.87,0.15,360.0,0
2025-03-22,7,1,3,4109,34,6.85,1,0.13,5.75,3.85,31.0,23.0,140.0,3.0,0.0,0.12,29.0,7.93,0.13,230.0,20.0,5.5,0.12,290.0,23.0,2.6,0.11,210.0,27.0,2.59,0.12,210.0,21.0,1.9,0.12,330.0,20.0,1.5,0.14,310.0,0
2025-03-22,7,2,1,4497,53,6.82,2,0.07,6.93,5.4,44.0,36.0,148.0,6.0,3.0,0.13,34.0,8.82,0.12,230.0,26.0,5.38,0.13,220.0,23.0,6.52,0.1,210.0,23.0,5.21,0.14,300.0,21.0,2.38,0.14,300.0,21.0,1.9,0.13,310.0,0
2025-03-22,7,3,6,4950,10,6.78,3,0.13,6.01,4.4,35.0,24.0,134.0,4.0,1.0,0.15,25.0,10.0,0.14,270.0,18.0,2.77,0.16,370.0,23.0,4.78,0.14,320.0,22.0,4.54,0.14,270.0,28.0,2.85,0.18,330.0,18.0,0.0,0.16,360.0,0
2025-03-22,7,4,4,3906,51,6.89,4,0.16,3.75,2.14,9.0,9.0,84.0,0.0,0.0,0.2,13.0,4.61,0.16,240.0,14.0,2.14,0.18,460.0,18.0,4.44,0.19,410.0,13.0,0.0,0.24,510.0,13.0,0.76,0.19,480.0,13.0,0.0,0.24,540.0,0
2025-03-22,7,5,2,5073,3,6.73,5,0.12,4.06,1.71,4.0,13.0,99.0,0.0,0.0,0.16,11.0,3.63,0.18,400.0,20.0,2.5,0.17,380.0,18.0,1.11,0.15,340.0,15.0,2.66,0.17,330.0,21.0,0.47,0.17,320.0,14.0,0.71,0.14,340.0,0
2025-03-22,7,6,5,4956,40,6.86,6,0.13,4.24,2.07,3.0,14.0,82.0,1.0,0.0,0.17,10.0,5.0,0.17,300.0,13.0,2.3,0.19,340.0,15.0,3.33,0.16,330.0,14.0,0.0,0.16,420.0,14.0,1.42,0.17,440.0,16.0,1.25,0.19,460.0,0
2025-03-22,10,1,3,4788,16,6.68,1,0.22,6.29,4.41,31.0,29.0,136.0,5.0,1.0,0.13,30.0,8.33,0.14,260.0,25.0,4.4,0.12,260.0,17.0,2.94,0.12,190.0,25.0,5.2,0.11,220.0,23.0,1.73,0.12,210.0,16.0,1.25,0.14,340.0,0
2025-03-22,10,2,4,3508,7,6.76,2,0.22,4.42,1.98,10.0,15.0,126.0,0.0,0.0,0.21,19.0,6.31,0.18,420.0,20.0,2.5,0.18,450.0,21.0,1.42,0.18,350.0,19.0,0.52,0.21,480.0,22.0,0.9,0.26,480.0,25.0,0.8,0.24,530.0,0
2025-03-22,10,3,2,3988,59,6.68,3,0.11,5.72,3.84,33.0,22.0,143.0,2.0,0.0,0.15,29.0,8.96,0.14,220.0,22.0,2.72,0.16,360.0,29.0,3.79,0.13,280.0,25.0,3.6,0.14,240.0,20.0,0.5,0.15,360.0,18.0,1.11,0.17,410.0,0
2025-03-22,10,4,1,4437,15,6.72,4,0.14,6.84,5.22,42.0,38.0,153.0,5.0,1.0,0.15,38.0,8.42,0.14,280.0,22.0,3.63,0.15,310.0,26.0,5.76,0.16,270.0,27.0,4.81,0.14,330.0,18.0,3.88,0.15,310.0,22.0,2.27,0.17,400.0,0
2025-03-22,10,5,6,3663,8,6.78,5,0.17,5.13,3.08,18.0,24.0,136.0,0.0,0.0,0.16,19.0,7.36,0.19,390.0,26.0,3.07,0.16,330.0,23.0,3.47,0.13,290.0,23.0,2.17,0.16,300.0,28.0,2.5,0.18,330.0,17.0,0.0,0.17,400.0,0
2025-03-22,10,6,5,5086,43,6.71,6,0.21,4.51,3.25,12.0,16.0,86.0,1.0,0.0,0.15,16.0,6.25,0.15,320.0,18.0,1.66,0.16,390.0,13.0,4.61,0.14,350.0,17.0,4.11,0.11,290.0,9.0,2.22,0.17,330.0,13.0,0.0,0.18,350.0,0
2025-03-23,3,1,2,5086,43,6.67,1,0.18,4.51,3.25,12.0,16.0,86.0,1.0,0.0,0.15,16.0,6.25,0.15,320.0,18.0,1.66,0.16,390.0,13.0,4.61,0.14,350.0,17.0,4.11,0.11,290.0,9.0,2.22,0.17,330.0,13.0,0.0,0.18,350.0,0
2025-03-23,3,2,3,4027,64,6.79,2,0.27,5.53,3.49,21.0,22.0,123.0,2.0,0.0,0.14,21.0,7.14,0.14,320.0,24.0,3.75,0.16,380.0,19.0,3.15,0.18,350.0,24.0,2.08,0.12,240.0,16.0,2.5,0.14,280.0,19.0,2.1,0.12,260.0,0
2025-03-23,3,3,4,3508,7,6.72,3,0.19,4.42,1.98,10.0,15.0,126.0,0.0,0.0,0.21,19.0,6.31,0.18,420.0,20.0,2.5,0.18,450.0,21.0,1.42,0.18,350.0,19.0,0.52,0.21,480.0,22.0,0.9,0.26,480.0,25.0,0.8,0.24,530.0,0
2025-03-23,3,4,1,3541,52,6.72,4,0.14,6.51,4.67,42.0,29.0,152.0,3.0,1.0,0.14,36.0,8.61,0.15,270.0,26.0,3.46,0.13,270.0,27.0,4.44,0.14,290.0,23.0,4.34,0.13,280.0,21.0,2.85,0.15,330.0,19.0,1.57,0.13,390.0,0
2025-03-23,3,5,5,4416,9,6.82,5,0.17,5.1,2.69,9.0,22.0,115.0,0.0,0.0,0.18,16.0,5.0,0.18,380.0,20.0,2.5,0.21,430.0,24.0,3.75,0.18,360.0,22.0,1.36,0.18,390.0,17.0,1.76,0.18,380.0,16.0,1.87,0.15,360.0,0
2025-03-23,3,6,6,5090,54,6.75,6,0.15,4.51,2.69,12.0,12.0,89.0,0.0,0.0,0.16,13.0,7.69,0.16,290.0,14.0,3.57,0.15,280.0,16.0,3.75,0.14,260.0,17.0,1.17,0.17,380.0,17.0,0.58,0.16,360.0,12.0,0.0,0.21,440.0,0
2025-03-23,10,1,2,4361,37,6.74,1,0.16,6.9,4.64,43.0,22.0,140.0,5.0,1.0,0.14,34.0,8.82,0.14,310.0,19.0,5.26,0.14,310.0,25.0,3.6,0.13,290.0,23.0,3.91,0.13,270.0,22.0,2.27,0.14,300.0,17.0,1.17,0.13,370.0,0
2025-03-23,10,2,3,3841,19,6.72,2,0.16,5.9,3.84,21.0,19.0,104.0,1.0,0.0,0.19,22.0,8.18,0.17,390.0,17.0,4.11,0.21,450.0,16.0,2.5,0.2,410.0,17.0,2.94,0.19,460.0,14.0,2.85,0.17,460.0,18.0,1.11,0.22,500.0,0
2025-03-23,10,3,1,5042,38,6.77,3,0.14,6.36,4.16,39.0,16.0,132.0,4.0,0.0,0.12,32.0,8.12,0.12,230.0,21.0,4.28,0.14,260.0,20.0,3.0,0.1,230.0,27.0,3.33,0.12,230.0,20.0,2.5,0.12,220.0,12.0,0.0,0.14,290.0,0
2025-03-23,10,4,5,4064,49,6.81,4,0.15,6.42,4.74,34.0,21.0,116.0,3.0,0.0,0.16,29.0,8.62,0.14,270.0,19.0,4.21,0.16,360.0,17.0,5.29,0.17,340.0,23.0,3.91,0.18,380.0,17.0,1.76,0.16,420.0,11.0,0.9,0.22,460.0,0
2025-03-23,10,5,6,3906,51,6.75,5,0.21,3.75,2.14,9.0,9.0,84.0,0.0,0.0,0.2,13.0,4.61,0.16,240.0,14.0,2.14,0.18,460.0,18.0,4.44,0.19,410.0,13.0,0.0,0.24,510.0,13.0,0.76,0.19,480.0,13.0,0.0,0.24,540.0,0
2025-03-23,10,6,4,4109,34,6.81,6,0.18,5.75,3.85,31.0,23.0,140.0,3.0,0.0,0.12,29.0,7.93,0.13,230.0,20.0,5.5,0.12,290.0,23.0,2.6,0.11,210.0,27.0,2.59,0.12,210.0,21.0,1.9,0.12,330.0,20.0,1.5,0.14,310.0,0
2025-03-23,12,1,2,4331,48,6.78,1,0.18,6.14,4.56,27.0,30.0,125.0,2.0,0.0,0.14,23.0,8.69,0.12,180.0,19.0,3.68,0.11,190.0,22.0,5.0,0.13,260.0,29.0,3.44,0.15,320.0,15.0,3.33,0.16,260.0,17.0,2.35,0.19,450.0,0
2025-03-23,12,2,6,3955,26,6.82,2,0.26,5.55,3.26,19.0,14.0,101.0,0.0,0.0,0.18,15.0,7.33,0.15,340.0,18.0,3.88,0.16,310.0,19.0,4.73,0.16,330.0,16.0,1.25,0.19,360.0,21.0,1.42,0.21,430.0,12.0,0.83,0.22,490.0,0
2025-03-23,12,3,1,5086,43,6.72,3,0.22,4.51,3.25,12.0,16.0,86.0,1.0,0.0,0.15,16.0,6.25,0.15,320.0,18.0,1.66,0.16,390.0,13.0,4.61,0.14,350.0,17.0,4.11,0.11,290.0,9.0,2.22,0.17,330.0,13.0,0.0,0.18,350.0,0
2025-03-23,12,4,3,5073,3,6.74,4,0.19,4.06,1.71,4.0,13.0,99.0,0.0,0.0,0.16,11.0,3.63,0.18,400.0,20.0,2.5,0.17,380.0,18.0,1.11,0.15,340.0,15.0,2.66,0.17,330.0,21.0,0.47,0.17,320.0,14.0,0.71,0.14,340.0,0
2025-03-23,12,5,4,4315,31,6.68,5,0.18,5.49,3.56,18.0,23.0,115.0,0.0,0.0,0.16,16.0,5.62,0.16,320.0,20.0,5.0,0.16,350.0,24.0,2.91,0.15,320.0,22.0,3.18,0.15,270.0,20.0,3.5,0.14,310.0,13.0,0.76,0.18,420.0,0
2025-03-23,12,6,5,4956,40,6.91,6,0.24,4.24,2.07,3.0,14.0,82.0,1.0,0.0,0.17,10.0,5.0,0.17,300.0,13.0,2.3,0.19,340.0,15.0,3.33,0.16,330.0,14.0,0.0,0.16,420.0,14.0,1.42,0.17,440.0,16.0,1.25,0.19,460.0,0
2025-03-24,4,1,6,3906,51,6.79,1,0.16,3.75,2.14,9.0,9.0,84.0,0.0,0.0,0.2,13.0,4.61,0.16,240.0,14.0,2.14,0.18,460.0,18.0,4.44,0.19,410.0,13.0,0.0,0.24,510.0,13.0,0.76,0.19,480.0,13.0,0.0,0.24,540.0,0
2025-03-24,4,2,3,3988,59,6.76,2,0.19,5.72,3.84,33.0,22.0,143.0,2.0,0.0,0.15,29.0,8.96,0.14,220.0,22.0,2.72,0.16,360.0,29.0,3.79,0.13,280.0,25.0,3.6,0.14,240.0,20.0,0.5,0.15,360.0,18.0,1.11,0.17,410.0,0
2025-03-24,4,3,5,3663,8,6.76,3,0.16,5.13,3.08,18.0,24.0,136.0,0.0,0.0,0.16,19.0,7.36,0.19,390.0,26.0,3.07,0.16,330.0,23.0,3.47,0.13,290.0,23.0,2.17,0.16,300.0,28.0,2.5,0.18,330.0,17.0,0.0,0.17,400.0,0
2025-03-24,4,4,4,4416,9,6.8,4,0.11,5.1,2.69,9.0,22.0,115.0,0.0,0.0,0.18,16.0,5.0,0.18,380.0,20.0,2.5,0.21,430.0,24.0,3.75,0.18,360.0,22.0,1.36,0.18,390.0,17.0,1.76,0.18,380.0,16.0,1.87,0.15,360.0,0
2025-03-24,4,5,2,5338,36,6.76,5,0.04,1.73,0.26,0.0,2.0,75.0,0.0,0.0,0.21,0.0,0.0,0.0,0.0,0.0,0.0,0.0,0.0,0.0,0.0,0.0,0.0,0.0,0.0,0.0,0.0,2.0,5.0,0.17,300.0,73.0,0.13,0.21,440.0,0
2025-03-24,4,6,1,4315,31,6.77,6,0.09,5.49,3.56,18.0,23.0,115.0,0.0,0.0,0.16,16.0,5.62,0.16,320.0,20.0,5.0,0.16,350.0,24.0,2.91,0.15,320.0,22.0,3.18,0.15,270.0,20.0,3.5,0.14,310.0,13.0,0.76,0.18,420.0,0
2025-03-24,5,1,2,5090,54,6.74,1,0.15,4.51,2.69,12.0,12.0,89.0,0.0,0.0,0.16,13.0,7.69,0.16,290.0,14.0,3.57,0.15,280.0,16.0,3.75,0.14,260.0,17.0,1.17,0.17,380.0,17.0,0.58,0.16,360.0,12.0,0.0,0.21,440.0,0
2025-03-24,5,2,3,4009,61,6.79,2,0.08,5.6,4.06,16.0,23.0,96.0,2.0,0.0,0.14,20.0,8.5,0.15,260.0,14.0,2.85,0.14,340.0,18.0,3.88,0.13,270.0,12.0,5.83,0.13,270.0,13.0,1.53,0.11,250.0,19.0,1.05,0.17,380.0,0
2025-03-24,5,3,1,3910,27,6.78,3,0.07,4.66,2.38,11.0,15.0,109.0,0.0,0.0,0.15,16.0,6.87,0.14,260.0,21.0,1.9,0.16,320.0,15.0,4.0,0.13,220.0,18.0,2.22,0.14,310.0,22.0,0.45,0.18,410.0,17.0,0.0,0.17,400.0,0
2025-03-24,5,4,4,4196,50,6.79,4,0.06,4.2,2.5,9.0,17.0,104.0,0.0,0.0,0.18,15.0,6.66,0.16,270.0,18.0,2.22,0.19,420.0,23.0,2.17,0.17,330.0,15.0,1.33,0.19,340.0,20.0,2.5,0.18,360.0,13.0,0.0,0.21,450.0,0
2025-03-24,5,5,5,3866,39,6.79,5,0.11,3.73,2.04,1.0,9.0,49.0,0.0,0.0,0.14,5.0,6.0,0.13,120.0,8.0,1.25,0.14,300.0,12.0,3.33,0.14,210.0,7.0,2.85,0.09,200.0,7.0,0.0,0.15,330.0,10.0,0.0,0.19,400.0,0
2025-03-24,5,6,6,4331,48,6.85,6,0.21,6.14,4.56,27.0,30.0,125.0,2.0,0.0,0.14,23.0,8.69,0.12,180.0,19.0,3.68,0.11,190.0,22.0,5.0,0.13,260.0,29.0,3.44,0.15,320.0,15.0,3.33,0.16,260.0,17.0,2.35,0.19,450.0,0
2025-03-24,6,1,4,4956,40,6.82,1,0.22,4.24,2.07,3.0,14.0,82.0,1.0,0.0,0.17,10.0,5.0,0.17,300.0,13.0,2.3,0.19,340.0,15.0,3.33,0.16,330.0,14.0,0.0,0.16,420.0,14.0,1.42,0.17,440.0,16.0,1.25,0.19,460.0,0
2025-03-24,6,2,5,5181,30,6.77,2,0.18,5.01,3.2,18.0,14.0,100.0,1.0,0.0,0.16,13.0,6.15,0.17,340.0,18.0,5.0,0.17,330.0,17.0,3.52,0.15,290.0,16.0,1.87,0.15,260.0,18.0,1.11,0.14,310.0,18.0,2.22,0.16,320.0,0
2025-03-24,6,3,1,3841,19,6.73,3,0.16,5.9,3.84,21.0,19.0,104.0,1.0,0.0,0.19,22.0,8.18,0.17,390.0,17.0,4.11,0.21,450.0,16.0,2.5,0.2,410.0,17.0,2.94,0.19,460.0,14.0,2.85,0.17,460.0,18.0,1.11,0.22,500.0,0
2025-03-24,6,4,2,4053,14,6.76,4,0.15,5.65,4.08,21.0,19.0,98.0,1.0,0.0,0.16,15.0,9.33,0.16,240.0,17.0,6.47,0.14,310.0,13.0,3.07,0.19,370.0,15.0,4.0,0.12,280.0,20.0,2.0,0.16,330.0,18.0,0.55,0.17,430.0,0
2025-03-24,6,5,6,4109,34,6.87,5,0.17,5.75,3.85,31.0,23.0,140.0,3.0,0.0,0.12,29.0,7.93,0.13,230.0,20.0,5.5,0.12,290.0,23.0,2.6,0.11,210.0,27.0,2.59,0.12,210.0,21.0,1.9,0.12,330.0,20.0,1.5,0.14,310.0,0
2025-03-24,6,6,3,5308,1,6.81,6,0.22,2.21,0.33,1.0,2.0,90.0,0.0,0.0,0.17,0.0,0.0,0.0,0.0,0.0,0.0,0.0,0.0,5.0,0.0,0.16,300.0,19.0,0.52,0.2,420.0,19.0,0.0,0.16,320.0,47.0,0.42,0.15,340.0,0
2025-03-24,8,1,4,4027,64,6.69,1,0.12,5.53,3.49,21.0,22.0,123.0,2.0,0.0,0.14,21.0,7.14,0.14,320.0,24.0,3.75,0.16,380.0,19.0,3.15,0.18,350.0,24.0,2.08,0.12,240.0,16.0,2.5,0.14,280.0,19.0,2.1,0.12,260.0,0
2025-03-24,8,2,1,4950,10,6.79,2,0.22,6.01,4.4,35.0,24.0,134.0,4.0,1.0,0.15,25.0,10.0,0.14,270.0,18.0,2.77,0.16,370.0,23.0,4.78,0.14,320.0,22.0,4.54,0.14,270.0,28.0,2.85,0.18,330.0,18.0,0.0,0.16,360.0,0
2025-03-24,8,3,6,4865,62,6.79,3,0.31,4.32,2.13,4.0,12.0,75.0,0.0,0.0,0.16,10.0,4.0,0.15,270.0,9.0,2.22,0.14,370.0,19.0,2.1,0.17,340.0,12.0,2.5,0.14,370.0,13.0,2.3,0.17,300.0,12.0,0.0,0.18,380.0,0
2025-03-24,8,4,3,3955,26,6.83,4,0.21,5.55,3.26,19.0,14.0,101.0,0.0,0.0,0.18,15.0,7.33,0.15,340.0,18.0,3.88,0.16,310.0,19.0,4.73,0.16,330.0,16.0,1.25,0.19,360.0,21.0,1.42,0.21,430.0,12.0,0.83,0.22,490.0,0
2025-03-24,8,5,5,3843,35,6.81,5,0.14,4.6,2.7,17.0,19.0,133.0,0.0,0.0,0.16,20.0,8.5,0.15,280.0,21.0,1.9,0.15,350.0,28.0,3.21,0.17,340.0,25.0,1.6,0.15,320.0,20.0,1.0,0.16,350.0,19.0,0.0,0.16,380.0,0
2025-03-24,8,6,2,5338,36,6.74,6,0.04,1.73,0.26,0.0,2.0,75.0,0.0,0.0,0.21,0.0,0.0,0.0,0.0,0.0,0.0,0.0,0.0,0.0,0.0,0.0,0.0,0.0,0.0,0.0,0.0,2.0,5.0,0.17,300.0,73.0,0.13,0.21,440.0,0
2025-03-24,10,1,2,3841,19,6.66,1,0.11,5.9,3.84,21.0,19.0,104.0,1.0,0.0,0.19,22.0,8.18,0.17,390.0,17.0,4.11,0.21,450.0,16.0,2.5,0.2,410.0,17.0,2.94,0.19,460.0,14.0,2.85,0.17,460.0,18.0,1.11,0.22,500.0,0
2025-03-24,10,2,6,5109,28,6.74,2,0.09,4.88,2.76,13.0,21.0,123.0,1.0,0.0,0.15,18.0,6.11,0.15,270.0,20.0,4.5,0.14,290.0,21.0,1.9,0.13,260.0,20.0,2.0,0.13,270.0,19.0,2.1,0.14,280.0,25.0,0.8,0.17,400.0,0
2025-03-24,10,3,1,4053,14,6.77,3,0.06,5.65,4.08,21.0,19.0,98.0,1.0,0.0,0.16,15.0,9.33,0.16,240.0,17.0,6.47,0.14,310.0,13.0,3.07,0.19,370.0,15.0,4.0,0.12,280.0,20.0,2.0,0.16,330.0,18.0,0.55,0.17,430.0,0
2025-03-24,10,4,3,4064,49,6.81,4,0.07,6.42,4.74,34.0,21.0,116.0,3.0,0.0,0.16,29.0,8.62,0.14,270.0,19.0,4.21,0.16,360.0,17.0,5.29,0.17,340.0,23.0,3.91,0.18,380.0,17.0,1.76,0.16,420.0,11.0,0.9,0.22,460.0,0
2025-03-24,10,5,4,3988,59,6.77,5,0.09,5.72,3.84,33.0,22.0,143.0,2.0,0.0,0.15,29.0,8.96,0.14,220.0,22.0,2.72,0.16,360.0,29.0,3.79,0.13,280.0,25.0,3.6,0.14,240.0,20.0,0.5,0.15,360.0,18.0,1.11,0.17,410.0,0
2025-03-24,10,6,5,4578,25,6.82,6,0.11,4.77,2.68,16.0,13.0,108.0,0.0,0.0,0.17,15.0,6.66,0.13,230.0,23.0,3.47,0.16,380.0,16.0,1.87,0.2,380.0,22.0,2.72,0.17,390.0,18.0,1.11,0.17,380.0,14.0,0.0,0.18,450.0,0
2025-03-31,1,1,2,3701,11,6.9,1,0.05,4.08,2.23,11.0,12.0,103.0,0.0,0.0,0.15,14.0,5.71,0.15,270.0,18.0,2.22,0.18,400.0,19.0,3.15,0.18,380.0,21.0,1.9,0.12,220.0,12.0,0.83,0.11,250.0,19.0,0.0,0.14,290.0,0
2025-03-31,1,2,1,5041,54,6.92,2,0.08,4.82,2.66,14.0,10.0,90.0,0.0,0.0,0.15,12.0,6.66,0.12,230.0,16.0,3.75,0.14,310.0,17.0,1.76,0.16,290.0,19.0,2.63,0.14,350.0,16.0,1.25,0.17,330.0,10.0,0.0,0.17,440.0,0
2025-03-31,1,3,4,4467,29,6.94,3,0.12,5.11,3.6,10.0,25.0,97.0,1.0,0.0,0.13,14.0,9.28,0.13,240.0,17.0,2.35,0.12,270.0,14.0,5.0,0.13,210.0,17.0,4.11,0.13,270.0,21.0,0.95,0.13,250.0,14.0,1.42,0.16,390.0,0
2025-03-31,1,4,5,3372,60,6.88,4,0.13,3.4,1.4,1.0,7.0,57.0,0.0,0.0,0.21,10.0,2.0,0.19,320.0,10.0,0.0,0.19,520.0,10.0,1.0,0.2,430.0,10.0,4.0,0.23,440.0,10.0,0.0,0.19,400.0,7.0,1.42,0.25,540.0,0
2025-03-31,1,5,3,5261,21,6.87,5,0.14,2.71,1.04,4.0,5.0,86.0,0.0,0.0,0.17,0.0,0.0,0.0,0.0,7.0,1.42,0.19,400.0,16.0,3.12,0.14,310.0,17.0,0.58,0.14,330.0,22.0,0.0,0.17,360.0,24.0,0.83,0.21,480.0,0
2025-03-31,1,6,6,5367,35,6.94,6,0.11,0.0,0.0,0.0,0.0,0.0,0.0,0.0,0.0,0.0,0.0,0.0,0.0,0.0,0.0,0.0,0.0,0.0,0.0,0.0,0.0,0.0,0.0,0.0,0.0,0.0,0.0,0.0,0.0,0.0,0.0,0.0,0.0,0
2025-03-31,3,1,3,3863,23,6.89,1,0.18,3.88,2.23,9.0,21.0,134.0,0.0,0.0,0.16,23.0,6.08,0.14,260.0,19.0,1.57,0.16,290.0,29.0,2.75,0.15,310.0,25.0,1.6,0.17,350.0,18.0,0.55,0.16,340.0,20.0,0.0,0.18,380.0,0
2025-03-31,3,2,2,4594,16,6.83,2,0.22,6.28,4.44,39.0,21.0,135.0,5.0,1.0,0.14,31.0,8.06,0.13,230.0,28.0,3.92,0.15,300.0,27.0,3.33,0.15,320.0,29.0,3.44,0.14,320.0,16.0,3.12,0.11,290.0,4.0,0.0,0.17,430.0,0
2025-03-31,3,3,1,4040,32,6.76,3,0.08,5.66,4.1,21.0,25.0,112.0,2.0,0.0,0.15,19.0,8.94,0.14,230.0,15.0,4.66,0.18,400.0,19.0,5.26,0.13,240.0,21.0,2.38,0.15,290.0,18.0,3.33,0.13,270.0,20.0,0.5,0.16,350.0,0
2025-03-31,3,4,5,4664,51,6.83,4,0.11,3.65,1.5,8.0,10.0,120.0,1.0,0.0,0.2,18.0,4.44,0.15,290.0,22.0,1.36,0.2,400.0,22.0,1.81,0.2,410.0,18.0,1.11,0.2,430.0,22.0,0.0,0.23,440.0,18.0,0.55,0.23,500.0,0
2025-03-31,3,5,4,5057,50,6.81,5,0.15,5.67,4.44,23.0,17.0,90.0,1.0,0.0,0.14,18.0,9.44,0.14,260.0,16.0,4.37,0.14,210.0,14.0,5.71,0.11,230.0,16.0,1.25,0.14,260.0,13.0,3.07,0.14,320.0,13.0,1.53,0.15,280.0,0
2025-03-31,3,6,6,4106,41,6.86,6,0.18,4.29,2.19,5.0,15.0,91.0,1.0,0.0,0.21,14.0,5.0,0.19,430.0,15.0,4.0,0.21,490.0,18.0,1.11,0.21,420.0,17.0,2.35,0.22,450.0,16.0,0.62,0.22,430.0,11.0,0.0,0.2,450.0,0
2025-03-31,6,1,3,3635,57,6.71,1,0.21,5.63,3.9,29.0,19.0,123.0,3.0,0.0,0.16,26.0,8.07,0.15,320.0,18.0,6.66,0.13,280.0,21.0,1.9,0.14,340.0,22.0,3.63,0.17,370.0,20.0,0.5,0.16,360.0,15.0,1.33,0.2,450.0,0
2025-03-31,6,2,5,4992,48,6.81,2,0.18,4.57,2.9,19.0,10.0,100.0,0.0,0.0,0.16,15.0,7.33,0.13,200.0,21.0,3.33,0.15,270.0,18.0,2.22,0.16,360.0,12.0,1.66,0.13,290.0,17.0,2.35,0.16,350.0,17.0,0.58,0.19,380.0,0
2025-03-31,6,3,1,4643,47,6.77,3,0.16,6.29,3.9,20.0,19.0,100.0,5.0,1.0,0.13,19.0,8.94,0.12,250.0,17.0,4.11,0.1,220.0,19.0,3.68,0.11,240.0,20.0,2.5,0.14,280.0,15.0,2.0,0.14,310.0,10.0,0.0,0.16,400.0,0
2025-03-31,6,4,2,4369,65,6.79,4,0.17,5.91,3.97,32.0,24.0,141.0,3.0,0.0,0.15,24.0,9.16,0.12,230.0,23.0,4.78,0.19,370.0,27.0,3.7,0.16,300.0,22.0,2.27,0.14,340.0,25.0,2.8,0.17,360.0,20.0,0.5,0.15,350.0,0
2025-03-31,6,5,4,5334,18,6.79,5,0.18,2.01,0.09,0.0,1.0,108.0,0.0,0.0,0.22,0.0,0.0,0.0,0.0,0.0,0.0,0.0,0.0,0.0,0.0,0.0,0.0,15.0,0.66,0.26,420.0,34.0,0.0,0.23,470.0,59.0,0.0,0.21,450.0,0
2025-03-31,6,6,6,3372,60,6.74,6,0.17,3.4,1.4,1.0,7.0,57.0,0.0,0.0,0.21,10.0,2.0,0.19,320.0,10.0,0.0,0.19,520.0,10.0,1.0,0.2,430.0,10.0,4.0,0.23,440.0,10.0,0.0,0.19,400.0,7.0,1.42,0.25,540.0,0
2025-04-01,1,1,2,3107,62,6.83,1,0.16,4.42,1.91,5.0,9.0,73.0,0.0,0.0,0.19,11.0,2.72,0.2,390.0,14.0,2.14,0.21,420.0,14.0,1.42,0.17,290.0,11.0,2.72,0.2,320.0,13.0,2.3,0.18,350.0,10.0,0.0,0.16,320.0,0
2025-04-01,1,2,3,4872,38,6.89,2,0.12,4.27,1.82,5.0,12.0,93.0,1.0,0.0,0.19,10.0,2.0,0.19,410.0,17.0,2.35,0.18,410.0,20.0,3.0,0.16,340.0,17.0,2.35,0.19,400.0,19.0,0.0,0.2,420.0,10.0,1.0,0.23,500.0,0
2025-04-01,1,3,6,4705,2,6.91,3,0.09,4.54,2.94,25.0,8.0,112.0,1.0,0.0,0.14,19.0,7.89,0.13,210.0,18.0,4.44,0.12,200.0,23.0,2.6,0.14,250.0,16.0,1.87,0.14,280.0,15.0,0.0,0.14,290.0,21.0,0.47,0.15,300.0,0
2025-04-01,1,4,1,4899,46,6.92,4,0.08,4.41,2.52,15.0,11.0,103.0,2.0,0.0,0.17,10.0,6.0,0.14,240.0,21.0,2.85,0.17,320.0,17.0,1.76,0.17,270.0,24.0,1.66,0.18,450.0,21.0,2.85,0.17,300.0,10.0,1.0,0.15,300.0,0
2025-04-01,1,5,4,3701,11,6.9,5,0.06,3.78,1.68,6.0,11.0,101.0,0.0,0.0,0.16,13.0,5.38,0.11,170.0,20.0,1.0,0.19,360.0,17.0,1.17,0.17,290.0,15.0,2.66,0.14,250.0,23.0,0.87,0.15,270.0,13.0,0.0,0.15,270.0,0
2025-04-01,1,6,5,5340,52,6.92,6,0.15,2.14,0.39,1.0,3.0,102.0,0.0,0.0,0.21,0.0,0.0,0.0,0.0,0.0,0.0,0.0,0.0,0.0,0.0,0.0,0.0,9.0,0.0,0.17,460.0,33.0,0.6,0.23,480.0,60.0,0.33,0.2,410.0,0
2025-04-01,2,1,2,3372,60,6.88,1,0.17,3.43,1.16,3.0,7.0,86.0,0.0,0.0,0.22,14.0,3.57,0.23,460.0,15.0,0.66,0.23,510.0,16.0,0.62,0.23,460.0,15.0,2.0,0.22,490.0,9.0,0.0,0.2,460.0,17.0,0.0,0.22,480.0,0
2025-04-01,2,2,3,4983,1,6.82,2,0.11,6.31,4.52,38.0,19.0,126.0,5.0,1.0,0.17,28.0,8.21,0.17,350.0,25.0,5.2,0.18,300.0,19.0,4.21,0.17,320.0,14.0,2.14,0.19,410.0,24.0,3.75,0.16,350.0,16.0,0.62,0.2,420.0,0
2025-04-01,2,3,1,3961,56,6.92,3,0.11,6.39,4.21,30.0,21.0,121.0,3.0,0.0,0.16,25.0,8.4,0.17,310.0,21.0,3.33,0.15,300.0,23.0,5.65,0.15,270.0,13.0,3.07,0.16,270.0,20.0,1.5,0.16,380.0,19.0,1.57,0.17,330.0,0
2025-04-01,2,4,6,5334,18,6.82,5,0.14,2.29,0.33,2.0,2.0,119.0,0.0,0.0,0.2,2.0,0.0,0.12,450.0,4.0,2.5,0.24,500.0,7.0,1.42,0.23,400.0,30.0,0.66,0.2,420.0,32.0,0.0,0.2,450.0,44.0,0.0,0.19,430.0,0
2025-04-01,2,5,4,4664,51,6.97,6,0.11,3.78,2.04,5.0,15.0,98.0,0.0,0.0,0.19,13.0,5.38,0.17,350.0,14.0,2.85,0.19,350.0,20.0,2.5,0.18,380.0,17.0,1.76,0.2,420.0,23.0,0.43,0.19,430.0,11.0,0.0,0.22,320.0,0
2025-04-01,2,6,5,3226,8,6.95,4,0.35,4.4,1.9,8.0,13.0,110.0,0.0,0.0,0.2,13.0,6.15,0.2,390.0,19.0,2.63,0.2,410.0,24.0,2.08,0.18,370.0,24.0,1.25,0.17,370.0,22.0,0.0,0.26,440.0,8.0,0.0,0.24,430.0,0
2025-04-01,3,1,3,3871,26,6.92,1,0.09,4.85,3.33,11.0,14.0,75.0,0.0,0.0,0.18,12.0,7.5,0.17,300.0,13.0,3.84,0.2,370.0,11.0,5.45,0.16,340.0,14.0,2.14,0.19,460.0,15.0,0.66,0.17,340.0,10.0,1.0,0.2,470.0,0
2025-04-01,3,2,2,4470,37,6.96,2,0.14,6.22,5.0,37.0,32.0,138.0,6.0,0.0,0.15,32.0,9.06,0.15,260.0,23.0,5.21,0.16,300.0,20.0,4.5,0.12,240.0,19.0,3.68,0.14,250.0,20.0,4.0,0.15,280.0,24.0,1.66,0.19,330.0,0
2025-04-01,3,3,4,4496,24,6.88,3,0.15,6.55,5.4,29.0,31.0,111.0,4.0,3.0,0.18,27.0,7.77,0.19,420.0,16.0,6.87,0.2,380.0,16.0,6.25,0.18,320.0,20.0,4.5,0.18,360.0,13.0,5.38,0.16,310.0,19.0,1.05,0.17,410.0,0
2025-04-01,3,4,1,4363,13,6.93,4,0.08,5.67,3.37,26.0,23.0,145.0,1.0,0.0,0.16,30.0,7.66,0.15,230.0,25.0,2.8,0.15,360.0,21.0,4.76,0.15,240.0,21.0,2.38,0.16,280.0,28.0,1.07,0.15,350.0,20.0,0.5,0.2,400.0,0
2025-04-01,3,5,6,4560,55,7.02,5,0.06,6.35,4.6,22.0,30.0,113.0,2.0,0.0,0.14,19.0,6.84,0.16,310.0,18.0,6.11,0.14,320.0,19.0,4.21,0.14,240.0,21.0,7.14,0.12,220.0,20.0,2.0,0.13,250.0,16.0,0.62,0.16,420.0,0
2025-04-01,3,6,5,4823,63,6.82,6,0.1,5.25,3.52,8.0,10.0,51.0,2.0,0.0,0.15,11.0,8.18,0.17,240.0,5.0,4.0,0.11,280.0,9.0,5.55,0.14,210.0,7.0,1.42,0.19,310.0,8.0,1.25,0.11,200.0,11.0,0.0,0.14,350.0,0
2025-04-01,4,1,4,4106,41,6.91,1,0.12,3.87,1.84,8.0,9.0,92.0,0.0,0.0,0.2,14.0,5.0,0.18,360.0,16.0,2.5,0.2,440.0,15.0,0.66,0.17,370.0,19.0,2.1,0.19,360.0,16.0,0.62,0.21,390.0,12.0,0.0,0.23,510.0,0
2025-04-01,4,2,6,4040,32,6.83,2,0.09,5.49,3.43,26.0,21.0,137.0,1.0,0.0,0.14,24.0,6.66,0.16,330.0,21.0,4.28,0.13,270.0,24.0,4.58,0.15,270.0,27.0,1.11,0.14,260.0,22.0,2.72,0.12,280.0,19.0,1.05,0.14,260.0,0
2025-04-01,4,3,1,4931,30,6.82,3,0.14,5.63,3.12,24.0,20.0,141.0,2.0,0.0,0.16,28.0,7.85,0.13,240.0,22.0,4.09,0.16,300.0,20.0,4.0,0.15,320.0,30.0,1.0,0.18,390.0,16.0,0.62,0.16,390.0,25.0,0.4,0.18,490.0,0
2025-04-01,4,4,2,3635,57,6.8,4,0.06,5.61,4.23,19.0,31.0,118.0,1.0,0.0,0.18,23.0,7.82,0.18,290.0,21.0,3.81,0.16,330.0,16.0,7.5,0.15,290.0,18.0,3.88,0.16,340.0,21.0,1.42,0.2,430.0,19.0,1.05,0.22,380.0,0
2025-04-01,4,5,3,5148,44,6.88,5,0.08,5.22,3.23,14.0,18.0,99.0,0.0,0.0,0.18,15.0,7.33,0.19,320.0,19.0,3.68,0.19,380.0,18.0,2.77,0.2,320.0,15.0,4.66,0.2,390.0,17.0,0.58,0.14,250.0,15.0,0.66,0.2,360.0,0
2025-04-01,4,6,5,5367,35,6.89,6,0.15,1.22,0.0,0.0,0.0,73.0,0.0,0.0,0.19,0.0,0.0,0.0,0.0,0.0,0.0,0.0,0.0,0.0,0.0,0.0,0.0,0.0,0.0,0.0,0.0,1.0,0.0,0.21,200.0,72.0,0.0,0.19,390.0,0
2025-04-01,5,1,2,4467,29,6.88,1,0.09,5.51,3.33,13.0,22.0,105.0,1.0,0.0,0.14,16.0,7.5,0.12,220.0,16.0,3.12,0.14,260.0,22.0,3.63,0.14,300.0,19.0,2.63,0.12,250.0,14.0,2.85,0.12,220.0,18.0,0.55,0.18,450.0,0
2025-04-01,5,2,1,4949,66,6.95,2,0.11,6.45,4.53,32.0,22.0,119.0,4.0,1.0,0.16,24.0,7.91,0.16,250.0,19.0,6.31,0.15,320.0,16.0,5.62,0.16,290.0,21.0,2.38,0.16,390.0,23.0,3.04,0.18,340.0,16.0,1.25,0.18,430.0,0
2025-04-01,5,3,4,4042,12,6.94,3,0.13,7.1,5.31,47.0,28.0,141.0,7.0,3.0,0.16,33.0,9.39,0.15,280.0,21.0,7.61,0.14,290.0,26.0,3.84,0.16,290.0,20.0,5.0,0.12,240.0,18.0,2.77,0.15,300.0,23.0,1.3,0.21,510.0,0
2025-04-01,5,4,6,5041,54,6.88,4,0.16,4.96,2.77,18.0,7.0,90.0,2.0,0.0,0.18,11.0,7.27,0.18,340.0,17.0,2.94,0.15,310.0,15.0,0.66,0.18,390.0,16.0,2.5,0.18,330.0,18.0,3.33,0.17,340.0,13.0,0.76,0.24,480.0,0
2025-04-01,5,5,3,3822,6,6.84,5,0.17,6.66,4.62,32.0,29.0,132.0,6.0,1.0,0.17,27.0,8.14,0.17,340.0,19.0,5.26,0.18,430.0,25.0,4.0,0.18,340.0,24.0,3.33,0.18,370.0,23.0,3.47,0.17,330.0,14.0,2.14,0.15,390.0,0
2025-04-01,5,6,5,3863,23,6.93,6,0.19,5.07,3.05,13.0,20.0,108.0,0.0,0.0,0.16,20.0,6.5,0.13,240.0,20.0,4.0,0.15,340.0,17.0,1.76,0.19,340.0,19.0,3.15,0.15,270.0,16.0,1.25,0.19,330.0,16.0,0.62,0.2,370.0,0
2025-04-01,9,1,2,4983,1,6.99,1,0.19,6.31,4.52,38.0,19.0,126.0,5.0,1.0,0.17,28.0,8.21,0.17,350.0,25.0,5.2,0.18,300.0,19.0,4.21,0.17,320.0,14.0,2.14,0.19,410.0,24.0,3.75,0.16,350.0,16.0,0.62,0.2,420.0,0
2025-04-01,9,2,3,5148,44,6.93,2,0.2,5.22,3.23,14.0,18.0,99.0,0.0,0.0,0.18,15.0,7.33,0.19,320.0,19.0,3.68,0.19,380.0,18.0,2.77,0.2,320.0,15.0,4.66,0.2,390.0,17.0,0.58,0.14,250.0,15.0,0.66,0.2,360.0,0
2025-04-01,9,3,1,4363,13,6.96,3,0.21,5.67,3.37,26.0,23.0,145.0,1.0,0.0,0.16,30.0,7.66,0.15,230.0,25.0,2.8,0.15,360.0,21.0,4.76,0.15,240.0,21.0,2.38,0.16,280.0,28.0,1.07,0.15,350.0,20.0,0.5,0.2,400.0,0
2025-04-01,9,4,4,3863,23,6.97,4,0.21,5.07,3.05,13.0,20.0,108.0,0.0,0.0,0.16,20.0,6.5,0.13,240.0,20.0,4.0,0.15,340.0,17.0,1.76,0.19,340.0,19.0,3.15,0.15,270.0,16.0,1.25,0.19,330.0,16.0,0.62,0.2,370.0,0
2025-04-01,9,5,5,4872,38,7.01,5,0.21,4.27,1.82,5.0,12.0,93.0,1.0,0.0,0.19,10.0,2.0,0.19,410.0,17.0,2.35,0.18,410.0,20.0,3.0,0.16,340.0,17.0,2.35,0.19,400.0,19.0,0.0,0.2,420.0,10.0,1.0,0.23,500.0,0
2025-04-01,9,6,6,3711,20,6.87,6,0.18,5.72,4.0,30.0,28.0,145.0,2.0,1.0,0.16,31.0,8.71,0.15,280.0,23.0,5.65,0.16,320.0,25.0,2.4,0.15,290.0,25.0,2.4,0.17,340.0,23.0,2.17,0.18,420.0,18.0,0.55,0.21,460.0,0
2025-04-01,10,1,4,3822,6,6.77,1,0.16,6.66,4.62,32.0,29.0,132.0,6.0,1.0,0.17,27.0,8.14,0.17,340.0,19.0,5.26,0.18,430.0,25.0,4.0,0.18,340.0,24.0,3.33,0.18,370.0,23.0,3.47,0.17,330.0,14.0,2.14,0.15,390.0,0
2025-04-01,10,2,2,4560,55,6.91,2,0.11,6.35,4.6,22.0,30.0,113.0,2.0,0.0,0.14,19.0,6.84,0.16,310.0,18.0,6.11,0.14,320.0,19.0,4.21,0.14,240.0,21.0,7.14,0.12,220.0,20.0,2.0,0.13,250.0,16.0,0.62,0.16,420.0,0
2025-04-01,10,3,1,4025,28,6.87,3,0.12,6.39,4.49,37.0,25.0,138.0,2.0,1.0,0.18,28.0,8.92,0.16,300.0,28.0,3.92,0.17,370.0,22.0,5.0,0.19,350.0,25.0,2.4,0.18,420.0,23.0,3.47,0.2,380.0,12.0,0.83,0.18,370.0,0
2025-04-01,10,4,5,4931,30,6.96,4,0.16,5.63,3.12,24.0,20.0,141.0,2.0,0.0,0.16,28.0,7.85,0.13,240.0,22.0,4.09,0.16,300.0,20.0,4.0,0.15,320.0,30.0,1.0,0.18,390.0,16.0,0.62,0.16,390.0,25.0,0.4,0.18,490.0,0
2025-04-01,10,5,6,4705,2,6.96,6,0.09,4.54,2.94,25.0,8.0,112.0,1.0,0.0,0.14,19.0,7.89,0.13,210.0,18.0,4.44,0.12,200.0,23.0,2.6,0.14,250.0,16.0,1.87,0.14,280.0,15.0,0.0,0.14,290.0,21.0,0.47,0.15,300.0,0
2025-04-01,10,6,3,3961,56,6.93,5,0.13,6.39,4.21,30.0,21.0,121.0,3.0,0.0,0.16,25.0,8.4,0.17,310.0,21.0,3.33,0.15,300.0,23.0,5.65,0.15,270.0,13.0,3.07,0.16,270.0,20.0,1.5,0.16,380.0,19.0,1.57,0.17,330.0,0
2025-04-01,11,1,2,4040,32,6.89,1,0.22,5.49,3.43,26.0,21.0,137.0,1.0,0.0,0.14,24.0,6.66,0.16,330.0,21.0,4.28,0.13,270.0,24.0,4.58,0.15,270.0,27.0,1.11,0.14,260.0,22.0,2.72,0.12,280.0,19.0,1.05,0.14,260.0,0
2025-04-01,11,2,3,3966,22,6.9,2,0.25,6.28,4.43,35.0,31.0,149.0,3.0,1.0,0.19,34.0,7.05,0.21,420.0,23.0,3.47,0.19,340.0,25.0,4.4,0.17,340.0,25.0,4.8,0.16,300.0,27.0,4.07,0.18,330.0,15.0,0.0,0.23,550.0,0
2025-04-01,11,3,1,4949,66,7.02,3,0.13,6.45,4.53,32.0,22.0,119.0,4.0,1.0,0.16,24.0,7.91,0.16,250.0,19.0,6.31,0.15,320.0,16.0,5.62,0.16,290.0,21.0,2.38,0.16,390.0,23.0,3.04,0.18,340.0,16.0,1.25,0.18,430.0,0
2025-04-01,11,4,6,3701,11,6.95,4,0.09,3.78,1.68,6.0,11.0,101.0,0.0,0.0,0.16,13.0,5.38,0.11,170.0,20.0,1.0,0.19,360.0,17.0,1.17,0.17,290.0,15.0,2.66,0.14,250.0,23.0,0.87,0.15,270.0,13.0,0.0,0.15,270.0,0
2025-04-01,11,5,5,4369,65,6.91,5,0.14,6.42,4.7,28.0,27.0,117.0,5.0,1.0,0.17,23.0,8.26,0.18,340.0,20.0,3.5,0.18,340.0,20.0,6.0,0.16,350.0,20.0,5.5,0.17,290.0,17.0,2.35,0.16,350.0,17.0,1.17,0.19,450.0,0
2025-04-01,11,6,4,4470,37,6.87,6,0.15,6.22,5.0,37.0,32.0,138.0,6.0,0.0,0.15,32.0,9.06,0.15,260.0,23.0,5.21,0.16,300.0,20.0,4.5,0.12,240.0,19.0,3.68,0.14,250.0,20.0,4.0,0.15,280.0,24.0,1.66,0.19,330.0,0
2025-04-01,12,1,2,4042,12,6.86,1,0.17,7.1,5.31,47.0,28.0,141.0,7.0,3.0,0.16,33.0,9.39,0.15,280.0,21.0,7.61,0.14,290.0,26.0,3.84,0.16,290.0,20.0,5.0,0.12,240.0,18.0,2.77,0.15,300.0,23.0,1.3,0.21,510.0,0
2025-04-01,12,2,1,4643,47,6.85,2,0.21,6.59,5.12,34.0,29.0,123.0,5.0,1.0,0.15,25.0,8.8,0.12,200.0,18.0,8.33,0.15,260.0,18.0,4.44,0.16,280.0,24.0,3.33,0.14,250.0,22.0,3.18,0.17,330.0,16.0,1.87,0.18,460.0,0
2025-04-01,12,3,4,4043,3,6.92,3,0.15,6.53,5.25,35.0,28.0,120.0,7.0,0.0,0.16,24.0,8.33,0.16,300.0,23.0,5.21,0.15,320.0,19.0,5.78,0.14,260.0,18.0,4.44,0.15,300.0,24.0,4.58,0.18,330.0,12.0,0.83,0.16,420.0,0
2025-04-01,12,4,5,4823,63,6.91,4,0.27,5.25,3.52,8.0,10.0,51.0,2.0,0.0,0.15,11.0,8.18,0.17,240.0,5.0,4.0,0.11,280.0,9.0,5.55,0.14,210.0,7.0,1.42,0.19,310.0,8.0,1.25,0.11,200.0,11.0,0.0,0.14,350.0,0
2025-04-01,12,5,6,4594,16,6.85,5,0.19,5.95,4.17,32.0,24.0,134.0,3.0,0.0,0.16,28.0,8.92,0.13,250.0,22.0,5.45,0.17,350.0,23.0,3.04,0.18,290.0,25.0,2.4,0.14,310.0,25.0,2.4,0.15,280.0,11.0,0.0,0.18,300.0,0
2025-04-01,12,6,3,3635,57,6.8,6,0.18,5.61,4.23,19.0,31.0,118.0,1.0,0.0,0.18,23.0,7.82,0.18,290.0,21.0,3.81,0.16,330.0,16.0,7.5,0.15,290.0,18.0,3.88,0.16,340.0,21.0,1.42,0.2,430.0,19.0,1.05,0.22,380.0,0
2025-04-02,3,1,3,4873,10,6.9,1,0.15,5.59,4.0,13.0,25.0,95.0,0.0,0.0,0.2,18.0,7.22,0.19,310.0,15.0,6.66,0.17,370.0,18.0,4.44,0.21,340.0,15.0,3.33,0.2,410.0,20.0,1.0,0.21,440.0,9.0,0.0,0.24,470.0,0
2025-04-02,3,2,1,4983,1,6.93,2,0.18,6.31,4.52,38.0,19.0,126.0,5.0,1.0,0.17,28.0,8.21,0.17,350.0,25.0,5.2,0.18,300.0,19.0,4.21,0.17,320.0,14.0,2.14,0.19,410.0,24.0,3.75,0.16,350.0,16.0,0.62,0.2,420.0,0
2025-04-02,3,3,4,5041,54,6.86,3,0.16,4.96,2.77,18.0,7.0,90.0,2.0,0.0,0.18,11.0,7.27,0.18,340.0,17.0,2.94,0.15,310.0,15.0,0.66,0.18,390.0,16.0,2.5,0.18,330.0,18.0,3.33,0.17,340.0,13.0,0.76,0.24,480.0,0
2025-04-02,3,4,2,3635,57,6.91,4,0.21,5.61,4.23,19.0,31.0,118.0,1.0,0.0,0.18,23.0,7.82,0.18,290.0,21.0,3.81,0.16,330.0,16.0,7.5,0.15,290.0,18.0,3.88,0.16,340.0,21.0,1.42,0.2,430.0,19.0,1.05,0.22,380.0,0
2025-04-02,3,5,6,5367,35,6.98,6,0.18,1.22,0.0,0.0,0.0,73.0,0.0,0.0,0.19,0.0,0.0,0.0,0.0,0.0,0.0,0.0,0.0,0.0,0.0,0.0,0.0,0.0,0.0,0.0,0.0,1.0,0.0,0.21,200.0,72.0,0.0,0.19,390.0,0
2025-04-02,3,6,5,4705,2,7.03,5,0.17,4.54,2.94,25.0,8.0,112.0,1.0,0.0,0.14,19.0,7.89,0.13,210.0,18.0,4.44,0.12,200.0,23.0,2.6,0.14,250.0,16.0,1.87,0.14,280.0,15.0,0.0,0.14,290.0,21.0,0.47,0.15,300.0,0
2025-04-02,8,1,2,5057,50,6.85,1,0.21,5.4,4.09,18.0,18.0,88.0,2.0,0.0,0.16,16.0,8.12,0.14,230.0,10.0,5.0,0.15,310.0,17.0,3.52,0.18,310.0,16.0,4.37,0.15,290.0,13.0,3.07,0.16,340.0,16.0,0.62,0.19,340.0,0
2025-04-02,8,2,1,3711,20,6.84,2,0.16,5.72,4.0,30.0,28.0,145.0,2.0,1.0,0.16,31.0,8.71,0.15,280.0,23.0,5.65,0.16,320.0,25.0,2.4,0.15,290.0,25.0,2.4,0.17,340.0,23.0,2.17,0.18,420.0,18.0,0.55,0.21,460.0,0
2025-04-02,8,3,3,3107,62,6.9,3,0.26,4.42,1.91,5.0,9.0,73.0,0.0,0.0,0.19,11.0,2.72,0.2,390.0,14.0,2.14,0.21,420.0,14.0,1.42,0.17,290.0,11.0,2.72,0.2,320.0,13.0,2.3,0.18,350.0,10.0,0.0,0.16,320.0,0
2025-04-02,8,4,4,4496,24,6.9,4,0.32,6.55,5.4,29.0,31.0,111.0,4.0,3.0,0.18,27.0,7.77,0.19,420.0,16.0,6.87,0.2,380.0,16.0,6.25,0.18,320.0,20.0,4.5,0.18,360.0,13.0,5.38,0.16,310.0,19.0,1.05,0.17,410.0,0
2025-04-02,8,5,5,3226,8,6.97,5,0.67,4.4,1.9,8.0,13.0,110.0,0.0,0.0,0.2,13.0,6.15,0.2,390.0,19.0,2.63,0.2,410.0,24.0,2.08,0.18,370.0,24.0,1.25,0.17,370.0,22.0,0.0,0.26,440.0,8.0,0.0,0.24,430.0,0
2025-04-02,8,6,6,5367,35,6.9,6,0.38,1.22,0.0,0.0,0.0,73.0,0.0,0.0,0.19,0.0,0.0,0.0,0.0,0.0,0.0,0.0,0.0,0.0,0.0,0.0,0.0,0.0,0.0,0.0,0.0,1.0,0.0,0.21,200.0,72.0,0.0,0.19,390.0,0
2025-04-02,9,1,2,4949,66,6.94,1,0.11,6.45,4.53,32.0,22.0,119.0,4.0,1.0,0.16,24.0,7.91,0.16,250.0,19.0,6.31,0.15,320.0,16.0,5.62,0.16,290.0,21.0,2.38,0.16,390.0,23.0,3.04,0.18,340.0,16.0,1.25,0.18,430.0,0
2025-04-02,9,2,3,3961,56,6.92,2,0.12,6.39,4.21,30.0,21.0,121.0,3.0,0.0,0.16,25.0,8.4,0.17,310.0,21.0,3.33,0.15,300.0,23.0,5.65,0.15,270.0,13.0,3.07,0.16,270.0,20.0,1.5,0.16,380.0,19.0,1.57,0.17,330.0,0
2025-04-02,9,3,1,4369,65,6.9,3,0.12,6.42,4.7,28.0,27.0,117.0,5.0,1.0,0.17,23.0,8.26,0.18,340.0,20.0,3.5,0.18,340.0,20.0,6.0,0.16,350.0,20.0,5.5,0.17,290.0,17.0,2.35,0.16,350.0,17.0,1.17,0.19,450.0,0
2025-04-02,9,4,4,4873,10,6.92,4,0.16,5.59,4.0,13.0,25.0,95.0,0.0,0.0,0.2,18.0,7.22,0.19,310.0,15.0,6.66,0.17,370.0,18.0,4.44,0.21,340.0,15.0,3.33,0.2,410.0,20.0,1.0,0.21,440.0,9.0,0.0,0.24,470.0,0
2025-04-02,9,5,5,4983,1,6.84,5,0.11,6.31,4.52,38.0,19.0,126.0,5.0,1.0,0.17,28.0,8.21,0.17,350.0,25.0,5.2,0.18,300.0,19.0,4.21,0.17,320.0,14.0,2.14,0.19,410.0,24.0,3.75,0.16,350.0,16.0,0.62,0.2,420.0,0
2025-04-02,9,6,6,3822,6,6.94,6,0.09,6.66,4.62,32.0,29.0,132.0,6.0,1.0,0.17,27.0,8.14,0.17,340.0,19.0,5.26,0.18,430.0,25.0,4.0,0.18,340.0,24.0,3.33,0.18,370.0,23.0,3.47,0.17,330.0,14.0,2.14,0.15,390.0,0
2025-04-03,3,1,5,4664,51,6.88,1,0.43,3.78,2.04,5.0,15.0,98.0,0.0,0.0,0.19,13.0,5.38,0.17,350.0,14.0,2.85,0.19,350.0,20.0,2.5,0.18,380.0,17.0,1.76,0.2,420.0,23.0,0.43,0.19,430.0,11.0,0.0,0.22,320.0,0
2025-04-03,3,2,1,4992,48,6.86,2,0.22,5.11,3.38,15.0,9.0,71.0,1.0,0.0,0.17,9.0,8.88,0.13,220.0,11.0,5.45,0.16,320.0,14.0,1.42,0.18,290.0,13.0,1.53,0.15,230.0,16.0,3.12,0.17,310.0,8.0,1.25,0.21,460.0,0
2025-04-03,3,3,3,4823,63,6.84,3,0.2,5.25,3.52,8.0,10.0,51.0,2.0,0.0,0.15,11.0,8.18,0.17,240.0,5.0,4.0,0.11,280.0,9.0,5.55,0.14,210.0,7.0,1.42,0.19,310.0,8.0,1.25,0.11,200.0,11.0,0.0,0.14,350.0,0
2025-04-03,3,4,2,5148,44,6.96,4,0.21,5.22,3.23,14.0,18.0,99.0,0.0,0.0,0.18,15.0,7.33,0.19,320.0,19.0,3.68,0.19,380.0,18.0,2.77,0.2,320.0,15.0,4.66,0.2,390.0,17.0,0.58,0.14,250.0,15.0,0.66,0.2,360.0,0
2025-04-03,3,5,4,4042,12,6.95,5,0.19,7.1,5.31,47.0,28.0,141.0,7.0,3.0,0.16,33.0,9.39,0.15,280.0,21.0,7.61,0.14,290.0,26.0,3.84,0.16,290.0,20.0,5.0,0.12,240.0,18.0,2.77,0.15,300.0,23.0,1.3,0.21,510.0,0
2025-04-03,3,6,6,5367,35,6.98,6,0.26,1.22,0.0,0.0,0.0,73.0,0.0,0.0,0.19,0.0,0.0,0.0,0.0,0.0,0.0,0.0,0.0,0.0,0.0,0.0,0.0,0.0,0.0,0.0,0.0,1.0,0.0,0.21,200.0,72.0,0.0,0.19,390.0,0
2025-04-03,7,1,2,3966,22,6.96,1,0.19,6.28,4.43,35.0,31.0,149.0,3.0,1.0,0.19,34.0,7.05,0.21,420.0,23.0,3.47,0.19,340.0,25.0,4.4,0.17,340.0,25.0,4.8,0.16,300.0,27.0,4.07,0.18,330.0,15.0,0.0,0.23,550.0,0
2025-04-03,7,2,1,3635,57,6.92,2,0.19,5.61,4.23,19.0,31.0,118.0,1.0,0.0,0.18,23.0,7.82,0.18,290.0,21.0,3.81,0.16,330.0,16.0,7.5,0.15,290.0,18.0,3.88,0.16,340.0,21.0,1.42,0.2,430.0,19.0,1.05,0.22,380.0,0
2025-04-03,7,3,6,3372,60,6.79,3,0.25,3.43,1.16,3.0,7.0,86.0,0.0,0.0,0.22,14.0,3.57,0.23,460.0,15.0,0.66,0.23,510.0,16.0,0.62,0.23,460.0,15.0,2.0,0.22,490.0,9.0,0.0,0.2,460.0,17.0,0.0,0.22,480.0,0
2025-04-03,7,4,3,4705,2,6.91,4,0.18,4.54,2.94,25.0,8.0,112.0,1.0,0.0,0.14,19.0,7.89,0.13,210.0,18.0,4.44,0.12,200.0,23.0,2.6,0.14,250.0,16.0,1.87,0.14,280.0,15.0,0.0,0.14,290.0,21.0,0.47,0.15,300.0,0
2025-04-03,7,5,4,3107,62,6.94,5,0.14,4.42,1.91,5.0,9.0,73.0,0.0,0.0,0.19,11.0,2.72,0.2,390.0,14.0,2.14,0.21,420.0,14.0,1.42,0.17,290.0,11.0,2.72,0.2,320.0,13.0,2.3,0.18,350.0,10.0,0.0,0.16,320.0,0
2025-04-03,7,6,5,4594,16,6.92,6,0.13,5.95,4.17,32.0,24.0,134.0,3.0,0.0,0.16,28.0,8.92,0.13,250.0,22.0,5.45,0.17,350.0,23.0,3.04,0.18,290.0,25.0,2.4,0.14,310.0,25.0,2.4,0.15,280.0,11.0,0.0,0.18,300.0,0
2025-04-03,11,1,2,3961,56,6.82,1,0.25,6.39,4.21,30.0,21.0,121.0,3.0,0.0,0.16,25.0,8.4,0.17,310.0,21.0,3.33,0.15,300.0,23.0,5.65,0.15,270.0,13.0,3.07,0.16,270.0,20.0,1.5,0.16,380.0,19.0,1.57,0.17,330.0,0
2025-04-03,11,2,4,4025,28,6.82,2,0.32,6.39,4.49,37.0,25.0,138.0,2.0,1.0,0.18,28.0,8.92,0.16,300.0,28.0,3.92,0.17,370.0,22.0,5.0,0.19,350.0,25.0,2.4,0.18,420.0,23.0,3.47,0.2,380.0,12.0,0.83,0.18,370.0,0
2025-04-03,11,3,1,3635,57,6.79,3,0.23,5.61,4.23,19.0,31.0,118.0,1.0,0.0,0.18,23.0,7.82,0.18,290.0,21.0,3.81,0.16,330.0,16.0,7.5,0.15,290.0,18.0,3.88,0.16,340.0,21.0,1.42,0.2,430.0,19.0,1.05,0.22,380.0,0
2025-04-03,11,4,5,3966,22,6.85,4,0.28,6.28,4.43,35.0,31.0,149.0,3.0,1.0,0.19,34.0,7.05,0.21,420.0,23.0,3.47,0.19,340.0,25.0,4.4,0.17,340.0,25.0,4.8,0.16,300.0,27.0,4.07,0.18,330.0,15.0,0.0,0.23,550.0,0
2025-04-03,11,5,3,4983,1,6.88,5,0.31,6.31,4.52,38.0,19.0,126.0,5.0,1.0,0.17,28.0,8.21,0.17,350.0,25.0,5.2,0.18,300.0,19.0,4.21,0.17,320.0,14.0,2.14,0.19,410.0,24.0,3.75,0.16,350.0,16.0,0.62,0.2,420.0,0
2025-04-03,11,6,6,4467,29,6.85,6,0.33,5.51,3.33,13.0,22.0,105.0,1.0,0.0,0.14,16.0,7.5,0.12,220.0,16.0,3.12,0.14,260.0,22.0,3.63,0.14,300.0,19.0,2.63,0.12,250.0,14.0,2.85,0.12,220.0,18.0,0.55,0.18,450.0,0
2025-04-07,1,1,4,3867,25,6.66,1,0.22,3.47,1.42,6.0,5.0,77.0,0.0,0.0,0.17,13.0,3.07,0.16,350.0,14.0,2.85,0.14,260.0,12.0,0.83,0.18,330.0,11.0,0.9,0.17,310.0,15.0,0.0,0.17,420.0,12.0,0.83,0.22,440.0,0
2025-04-07,1,2,6,5000,34,6.76,3,0.19,4.53,1.92,11.0,10.0,109.0,0.0,0.0,0.13,12.0,7.5,0.15,230.0,25.0,3.2,0.13,200.0,16.0,1.87,0.11,200.0,18.0,0.55,0.15,290.0,21.0,0.0,0.14,270.0,17.0,0.0,0.12,290.0,0
2025-04-07,1,3,1,4410,22,6.81,4,0.09,4.85,2.88,10.0,18.0,97.0,0.0,0.0,0.18,17.0,7.64,0.16,250.0,15.0,0.66,0.18,340.0,18.0,4.44,0.17,240.0,13.0,2.3,0.16,350.0,18.0,0.0,0.21,370.0,16.0,1.87,0.22,410.0,0
2025-04-07,1,4,2,3680,20,6.86,5,0.12,4.62,2.52,10.0,17.0,107.0,0.0,0.0,0.21,18.0,7.22,0.19,460.0,17.0,1.17,0.23,470.0,18.0,1.66,0.18,370.0,18.0,2.22,0.2,420.0,18.0,2.77,0.21,400.0,18.0,0.0,0.27,550.0,0
2025-04-07,1,5,5,3212,50,6.85,2,0.39,3.78,1.63,0.0,9.0,55.0,0.0,0.0,0.17,7.0,5.71,0.12,310.0,16.0,1.25,0.18,370.0,14.0,1.42,0.19,350.0,9.0,1.11,0.16,330.0,7.0,0.0,0.16,440.0,2.0,0.0,0.18,350.0,0
2025-04-07,1,6,3,3752,32,6.74,6,0.1,4.45,2.42,9.0,15.0,99.0,0.0,0.0,0.16,14.0,4.28,0.17,360.0,16.0,3.75,0.19,350.0,19.0,2.63,0.14,320.0,19.0,2.1,0.17,290.0,18.0,1.11,0.15,300.0,13.0,0.76,0.14,280.0,0
2025-04-07,2,1,3,3286,40,6.83,1,0.17,4.45,2.3,10.0,11.0,91.0,0.0,0.0,0.17,13.0,6.15,0.15,290.0,18.0,1.11,0.16,280.0,17.0,3.52,0.16,260.0,13.0,0.76,0.15,380.0,15.0,2.0,0.18,310.0,15.0,0.66,0.22,450.0,0
2025-04-07,2,2,6,3986,44,6.73,2,0.19,4.98,3.08,15.0,18.0,107.0,0.0,0.0,0.17,15.0,8.66,0.14,210.0,17.0,4.7,0.18,350.0,22.0,2.27,0.16,340.0,19.0,2.63,0.17,370.0,19.0,0.52,0.16,370.0,15.0,0.66,0.19,430.0,0
2025-04-07,2,3,5,4905,14,6.76,3,0.19,4.5,2.52,8.0,21.0,115.0,0.0,0.0,0.19,13.0,6.92,0.18,340.0,26.0,4.23,0.18,340.0,18.0,1.11,0.19,330.0,17.0,1.76,0.19,410.0,21.0,1.42,0.18,390.0,20.0,0.5,0.22,440.0,0
2025-04-07,2,4,1,5355,31,6.8,4,0.09,1.95,0.15,1.0,0.0,63.0,0.0,0.0,0.19,0.0,0.0,0.0,0.0,0.0,0.0,0.0,0.0,0.0,0.0,0.0,0.0,11.0,0.9,0.2,360.0,16.0,0.0,0.19,340.0,36.0,0.0,0.19,380.0,0
2025-04-07,2,5,4,4644,41,6.82,5,0.09,4.97,2.98,11.0,12.0,77.0,1.0,0.0,0.15,13.0,9.23,0.15,230.0,12.0,4.16,0.15,350.0,12.0,1.66,0.18,370.0,17.0,1.17,0.14,370.0,12.0,1.66,0.15,280.0,11.0,0.0,0.14,280.0,0
2025-04-07,2,6,2,4713,9,6.76,6,0.12,6.57,4.91,36.0,24.0,122.0,3.0,2.0,0.15,28.0,9.64,0.14,260.0,19.0,5.78,0.15,340.0,15.0,5.33,0.14,220.0,20.0,3.5,0.18,260.0,20.0,1.5,0.15,290.0,20.0,2.0,0.14,280.0,0
2025-04-07,3,1,5,3982,38,6.73,1,0.24,4.21,1.94,4.0,10.0,72.0,1.0,0.0,0.17,9.0,5.55,0.19,320.0,13.0,1.53,0.17,370.0,14.0,1.42,0.18,440.0,13.0,1.53,0.14,240.0,13.0,0.76,0.17,380.0,10.0,2.0,0.15,400.0,0
2025-04-07,3,2,4,4861,37,6.64,2,0.24,5.29,3.3,18.0,22.0,121.0,0.0,0.0,0.17,13.0,8.46,0.17,320.0,19.0,3.68,0.19,420.0,12.0,4.16,0.15,260.0,18.0,3.33,0.17,370.0,32.0,2.5,0.17,330.0,27.0,1.11,0.18,310.0,0
2025-04-07,3,3,1,4306,39,6.76,3,0.19,5.13,2.84,14.0,15.0,102.0,1.0,0.0,0.19,14.0,5.0,0.21,360.0,14.0,2.85,0.18,410.0,25.0,4.8,0.18,380.0,21.0,2.38,0.22,400.0,13.0,0.76,0.18,350.0,15.0,0.0,0.19,410.0,0
2025-04-07,3,4,6,5054,43,6.76,4,0.07,4.85,3.04,17.0,15.0,105.0,1.0,0.0,0.15,16.0,5.62,0.14,240.0,15.0,2.0,0.16,300.0,24.0,5.0,0.13,260.0,17.0,3.52,0.15,290.0,14.0,0.71,0.14,290.0,19.0,0.52,0.16,330.0,0
2025-04-07,3,5,3,4700,33,6.76,5,0.11,6.42,4.78,29.0,37.0,138.0,5.0,0.0,0.16,27.0,7.77,0.14,200.0,24.0,6.25,0.16,330.0,21.0,2.85,0.17,350.0,23.0,6.08,0.17,350.0,22.0,4.09,0.16,310.0,21.0,0.47,0.15,320.0,0
2025-04-07,3,6,2,4816,21,6.83,6,0.12,5.9,4.48,29.0,23.0,116.0,3.0,0.0,0.16,25.0,8.0,0.16,270.0,17.0,3.52,0.17,340.0,22.0,4.09,0.17,320.0,14.0,5.0,0.16,300.0,15.0,3.33,0.12,190.0,23.0,2.17,0.14,300.0,0
2025-04-07,4,1,2,3935,45,6.76,1,0.13,5.21,2.94,11.0,12.0,78.0,0.0,0.0,0.17,13.0,7.69,0.12,210.0,14.0,3.57,0.16,290.0,12.0,2.5,0.17,310.0,15.0,2.0,0.16,380.0,10.0,2.0,0.22,420.0,14.0,0.0,0.24,490.0,0
2025-04-07,4,2,6,4943,2,6.77,2,0.19,4.6,2.19,10.0,6.0,73.0,0.0,0.0,0.15,11.0,7.27,0.16,310.0,15.0,1.33,0.15,370.0,12.0,0.83,0.14,340.0,7.0,1.42,0.15,290.0,13.0,1.53,0.14,250.0,14.0,1.42,0.16,360.0,0
2025-04-07,4,3,3,4695,11,6.68,3,0.18,5.05,2.94,18.0,20.0,129.0,2.0,0.0,0.18,27.0,7.4,0.18,310.0,20.0,2.5,0.16,360.0,23.0,2.6,0.17,330.0,17.0,2.94,0.19,370.0,17.0,0.58,0.19,420.0,25.0,0.4,0.18,380.0,0
2025-04-07,4,4,1,4835,8,6.85,4,0.11,5.01,3.1,13.0,24.0,119.0,1.0,0.0,0.15,17.0,6.47,0.13,280.0,25.0,4.4,0.15,270.0,22.0,1.36,0.14,300.0,15.0,3.33,0.15,270.0,24.0,2.08,0.15,260.0,16.0,1.25,0.19,410.0,0
2025-04-07,4,5,4,3997,36,6.68,5,0.12,6.53,4.37,37.0,30.0,153.0,4.0,1.0,0.15,34.0,7.64,0.13,230.0,23.0,6.52,0.14,300.0,28.0,3.57,0.17,350.0,24.0,4.58,0.17,340.0,26.0,1.15,0.15,310.0,18.0,1.11,0.17,390.0,0
2025-04-07,4,6,5,4281,59,6.86,6,0.13,5.14,2.64,9.0,18.0,102.0,0.0,0.0,0.16,13.0,7.69,0.14,250.0,20.0,2.5,0.14,280.0,17.0,2.94,0.16,250.0,24.0,2.08,0.17,270.0,17.0,1.17,0.18,280.0,11.0,0.0,0.17,410.0,0
2025-04-07,7,1,3,4905,14,6.73,1,0.11,4.5,2.52,8.0,21.0,115.0,0.0,0.0,0.19,13.0,6.92,0.18,340.0,26.0,4.23,0.18,340.0,18.0,1.11,0.19,330.0,17.0,1.76,0.19,410.0,21.0,1.42,0.18,390.0,20.0,0.5,0.22,440.0,0
2025-04-07,7,2,5,4442,61,6.84,2,0.15,5.68,4.17,33.0,20.0,127.0,1.0,1.0,0.16,24.0,7.91,0.16,240.0,22.0,5.0,0.16,280.0,19.0,3.68,0.14,250.0,21.0,3.81,0.14,310.0,25.0,1.6,0.17,360.0,16.0,2.5,0.19,440.0,0
2025-04-07,7,3,6,4836,16,6.72,3,0.24,4.99,2.52,10.0,14.0,95.0,0.0,0.0,0.17,13.0,6.15,0.18,300.0,18.0,2.22,0.17,420.0,18.0,1.11,0.18,360.0,13.0,4.61,0.21,390.0,17.0,1.76,0.16,330.0,16.0,0.62,0.16,340.0,0
2025-04-07,7,4,4,3982,38,6.76,4,0.09,4.21,1.94,4.0,10.0,72.0,1.0,0.0,0.17,9.0,5.55,0.19,320.0,13.0,1.53,0.17,370.0,14.0,1.42,0.18,440.0,13.0,1.53,0.14,240.0,13.0,0.76,0.17,380.0,10.0,2.0,0.15,400.0,0
2025-04-07,7,5,1,3873,57,6.74,5,0.05,5.83,3.93,25.0,21.0,117.0,2.0,0.0,0.16,25.0,6.8,0.16,350.0,17.0,3.52,0.16,340.0,20.0,5.0,0.14,250.0,18.0,4.44,0.15,360.0,15.0,3.33,0.15,330.0,22.0,0.0,0.18,420.0,0
2025-04-07,7,6,2,3876,7,6.59,6,0.04,8.29,7.53,35.0,20.0,73.0,5.0,3.0,0.16,22.0,10.0,0.14,320.0,10.0,3.0,0.15,370.0,12.0,7.5,0.17,290.0,9.0,7.77,0.17,220.0,9.0,7.77,0.18,390.0,11.0,6.36,0.16,240.0,0
2025-04-07,11,1,3,4700,33,6.75,1,0.19,6.42,4.78,29.0,37.0,138.0,5.0,0.0,0.16,27.0,7.77,0.14,200.0,24.0,6.25,0.16,330.0,21.0,2.85,0.17,350.0,23.0,6.08,0.17,350.0,22.0,4.09,0.16,310.0,21.0,0.47,0.15,320.0,0
2025-04-07,11,2,4,4852,65,6.79,2,0.18,6.42,4.69,35.0,27.0,132.0,4.0,0.0,0.17,27.0,8.14,0.18,330.0,19.0,4.21,0.16,340.0,26.0,4.23,0.16,350.0,23.0,4.34,0.17,330.0,16.0,1.87,0.17,350.0,21.0,3.81,0.16,330.0,0
2025-04-07,11,3,6,4438,23,6.75,3,0.19,5.02,3.13,15.0,27.0,134.0,3.0,0.0,0.13,20.0,5.0,0.12,240.0,24.0,3.75,0.13,220.0,23.0,2.17,0.12,240.0,31.0,3.22,0.13,220.0,21.0,2.85,0.13,240.0,15.0,1.33,0.15,260.0,0
2025-04-07,11,4,1,3873,57,6.82,4,0.12,5.83,3.93,25.0,21.0,117.0,2.0,0.0,0.16,25.0,6.8,0.16,350.0,17.0,3.52,0.16,340.0,20.0,5.0,0.14,250.0,18.0,4.44,0.15,360.0,15.0,3.33,0.15,330.0,22.0,0.0,0.18,420.0,0
2025-04-07,11,5,2,4695,11,6.75,5,0.18,5.05,2.94,18.0,20.0,129.0,2.0,0.0,0.18,27.0,7.4,0.18,310.0,20.0,2.5,0.16,360.0,23.0,2.6,0.17,330.0,17.0,2.94,0.19,370.0,17.0,0.58,0.19,420.0,25.0,0.4,0.18,380.0,0
2025-04-07,11,6,5,4410,22,6.8,6,0.19,4.85,2.88,10.0,18.0,97.0,0.0,0.0,0.18,17.0,7.64,0.16,250.0,15.0,0.66,0.18,340.0,18.0,4.44,0.17,240.0,13.0,2.3,0.16,350.0,18.0,0.0,0.21,370.0,16.0,1.87,0.22,410.0,0
2025-04-08,1,1,2,3567,60,6.86,1,0.15,3.75,1.83,4.0,7.0,60.0,0.0,0.0,0.19,7.0,2.85,0.14,340.0,12.0,4.16,0.18,380.0,11.0,0.9,0.16,300.0,9.0,0.0,0.18,290.0,12.0,2.5,0.21,360.0,9.0,0.0,0.25,470.0,0
2025-04-08,1,2,3,4836,16,6.94,2,0.17,4.99,2.52,10.0,14.0,95.0,0.0,0.0,0.17,13.0,6.15,0.18,300.0,18.0,2.22,0.17,420.0,18.0,1.11,0.18,360.0,13.0,4.61,0.21,390.0,17.0,1.76,0.16,330.0,16.0,0.62,0.16,340.0,0
2025-04-08,1,3,6,4162,15,6.96,3,0.19,3.76,1.97,6.0,7.0,66.0,0.0,0.0,0.2,8.0,6.25,0.18,330.0,13.0,1.53,0.2,450.0,13.0,1.53,0.19,360.0,13.0,2.3,0.23,430.0,11.0,0.9,0.19,380.0,8.0,0.0,0.23,480.0,0
2025-04-08,1,4,1,4861,37,6.81,4,0.13,5.29,3.3,18.0,22.0,121.0,0.0,0.0,0.17,13.0,8.46,0.17,320.0,19.0,3.68,0.19,420.0,12.0,4.16,0.15,260.0,18.0,3.33,0.17,370.0,32.0,2.5,0.17,330.0,27.0,1.11,0.18,310.0,0
2025-04-08,1,5,4,3631,13,6.85,5,0.21,4.77,2.92,10.0,9.0,65.0,0.0,0.0,0.18,7.0,8.57,0.12,210.0,10.0,4.0,0.17,310.0,10.0,3.0,0.2,290.0,13.0,2.3,0.16,340.0,13.0,0.76,0.2,430.0,12.0,1.66,0.19,330.0,0
2025-04-08,1,6,5,3286,40,6.94,6,0.23,4.45,2.3,10.0,11.0,91.0,0.0,0.0,0.17,13.0,6.15,0.15,290.0,18.0,1.11,0.16,280.0,17.0,3.52,0.16,260.0,13.0,0.76,0.15,380.0,15.0,2.0,0.18,310.0,15.0,0.66,0.22,450.0,0
2025-04-08,5,1,2,4861,37,6.8,1,0.09,5.29,3.3,18.0,22.0,121.0,0.0,0.0,0.17,13.0,8.46,0.17,320.0,19.0,3.68,0.19,420.0,12.0,4.16,0.15,260.0,18.0,3.33,0.17,370.0,32.0,2.5,0.17,330.0,27.0,1.11,0.18,310.0,0
2025-04-08,5,2,3,4281,59,6.97,2,0.06,5.14,2.64,9.0,18.0,102.0,0.0,0.0,0.16,13.0,7.69,0.14,250.0,20.0,2.5,0.14,280.0,17.0,2.94,0.16,250.0,24.0,2.08,0.17,270.0,17.0,1.17,0.18,280.0,11.0,0.0,0.17,410.0,0
2025-04-08,5,3,4,3873,57,6.94,3,0.07,5.83,3.93,25.0,21.0,117.0,2.0,0.0,0.16,25.0,6.8,0.16,350.0,17.0,3.52,0.16,340.0,20.0,5.0,0.14,250.0,18.0,4.44,0.15,360.0,15.0,3.33,0.15,330.0,22.0,0.0,0.18,420.0,0
2025-04-08,5,4,1,3997,36,6.88,4,0.12,6.53,4.37,37.0,30.0,153.0,4.0,1.0,0.15,34.0,7.64,0.13,230.0,23.0,6.52,0.14,300.0,28.0,3.57,0.17,350.0,24.0,4.58,0.17,340.0,26.0,1.15,0.15,310.0,18.0,1.11,0.17,390.0,0
2025-04-08,5,5,6,4410,22,6.97,5,0.12,4.85,2.88,10.0,18.0,97.0,0.0,0.0,0.18,17.0,7.64,0.16,250.0,15.0,0.66,0.18,340.0,18.0,4.44,0.17,240.0,13.0,2.3,0.16,350.0,18.0,0.0,0.21,370.0,16.0,1.87,0.22,410.0,0
2025-04-08,5,6,5,3489,17,6.95,6,0.16,5.75,3.43,23.0,24.0,137.0,2.0,0.0,0.15,27.0,7.03,0.15,230.0,23.0,4.34,0.13,280.0,24.0,4.58,0.13,240.0,30.0,1.66,0.16,350.0,18.0,1.11,0.17,360.0,15.0,0.0,0.17,510.0,0
2025-04-08,7,1,4,4835,8,6.81,1,0.19,5.01,3.1,13.0,24.0,119.0,1.0,0.0,0.15,17.0,6.47,0.13,280.0,25.0,4.4,0.15,270.0,22.0,1.36,0.14,300.0,15.0,3.33,0.15,270.0,24.0,2.08,0.15,260.0,16.0,1.25,0.19,410.0,0
2025-04-08,7,2,2,3546,53,6.87,2,0.15,4.55,2.12,9.0,12.0,99.0,0.0,0.0,0.18,17.0,6.47,0.17,320.0,16.0,2.5,0.2,400.0,17.0,0.58,0.2,330.0,21.0,1.42,0.16,300.0,18.0,1.11,0.15,320.0,10.0,0.0,0.21,350.0,0
2025-04-08,7,3,1,3876,7,6.68,3,0.16,8.29,7.53,35.0,20.0,73.0,5.0,3.0,0.16,22.0,10.0,0.14,320.0,10.0,3.0,0.15,370.0,12.0,7.5,0.17,290.0,9.0,7.77,0.17,220.0,9.0,7.77,0.18,390.0,11.0,6.36,0.16,240.0,0
2025-04-08,7,4,3,4162,15,6.77,4,0.15,3.76,1.97,6.0,7.0,66.0,0.0,0.0,0.2,8.0,6.25,0.18,330.0,13.0,1.53,0.2,450.0,13.0,1.53,0.19,360.0,13.0,2.3,0.23,430.0,11.0,0.9,0.19,380.0,8.0,0.0,0.23,480.0,0
2025-04-08,7,5,5,4442,61,6.75,5,0.17,5.68,4.17,33.0,20.0,127.0,1.0,1.0,0.16,24.0,7.91,0.16,240.0,22.0,5.0,0.16,280.0,19.0,3.68,0.14,250.0,21.0,3.81,0.14,310.0,25.0,1.6,0.17,360.0,16.0,2.5,0.19,440.0,0
2025-04-08,7,6,6,4438,23,6.86,6,0.18,5.02,3.13,15.0,27.0,134.0,3.0,0.0,0.13,20.0,5.0,0.12,240.0,24.0,3.75,0.13,220.0,23.0,2.17,0.12,240.0,31.0,3.22,0.13,220.0,21.0,2.85,0.13,240.0,15.0,1.33,0.15,260.0,0
2025-04-08,8,1,2,3562,28,6.78,1,0.08,5.67,3.85,24.0,30.0,140.0,2.0,0.0,0.17,30.0,7.0,0.18,390.0,26.0,4.23,0.18,320.0,22.0,5.0,0.17,300.0,18.0,3.33,0.16,280.0,22.0,1.36,0.15,330.0,21.0,0.95,0.2,430.0,0
2025-04-08,8,2,5,4695,11,6.76,2,0.1,5.05,2.94,18.0,20.0,129.0,2.0,0.0,0.18,27.0,7.4,0.18,310.0,20.0,2.5,0.16,360.0,23.0,2.6,0.17,330.0,17.0,2.94,0.19,370.0,17.0,0.58,0.19,420.0,25.0,0.4,0.18,380.0,0
2025-04-08,8,3,4,3986,44,6.8,3,0.11,4.98,3.08,15.0,18.0,107.0,0.0,0.0,0.17,15.0,8.66,0.14,210.0,17.0,4.7,0.18,350.0,22.0,2.27,0.16,340.0,19.0,2.63,0.17,370.0,19.0,0.52,0.16,370.0,15.0,0.66,0.19,430.0,0
2025-04-08,8,4,3,4852,65,6.78,4,0.14,6.42,4.69,35.0,27.0,132.0,4.0,0.0,0.17,27.0,8.14,0.18,330.0,19.0,4.21,0.16,340.0,26.0,4.23,0.16,350.0,23.0,4.34,0.17,330.0,16.0,1.87,0.17,350.0,21.0,3.81,0.16,330.0,0
2025-04-08,8,5,1,4836,16,6.75,5,0.17,4.99,2.52,10.0,14.0,95.0,0.0,0.0,0.17,13.0,6.15,0.18,300.0,18.0,2.22,0.17,420.0,18.0,1.11,0.18,360.0,13.0,4.61,0.21,390.0,17.0,1.76,0.16,330.0,16.0,0.62,0.16,340.0,0
2025-04-08,8,6,6,5054,43,6.73,6,0.14,4.85,3.04,17.0,15.0,105.0,1.0,0.0,0.15,16.0,5.62,0.14,240.0,15.0,2.0,0.16,300.0,24.0,5.0,0.13,260.0,17.0,3.52,0.15,290.0,14.0,0.71,0.14,290.0,19.0,0.52,0.16,330.0,0
2025-04-08,9,1,2,4231,49,6.77,1,0.2,5.41,3.5,32.0,24.0,160.0,1.0,0.0,0.17,30.0,8.33,0.14,250.0,21.0,4.28,0.14,310.0,31.0,3.54,0.19,400.0,29.0,2.06,0.17,330.0,28.0,1.42,0.18,390.0,21.0,0.47,0.17,310.0,0
2025-04-08,9,2,6,3212,50,6.85,2,0.26,3.78,1.63,0.0,9.0,55.0,0.0,0.0,0.17,7.0,5.71,0.12,310.0,16.0,1.25,0.18,370.0,14.0,1.42,0.19,350.0,9.0,1.11,0.16,330.0,7.0,0.0,0.16,440.0,2.0,0.0,0.18,350.0,0
2025-04-08,9,3,1,4713,9,6.76,3,0.13,6.57,4.91,36.0,24.0,122.0,3.0,2.0,0.15,28.0,9.64,0.14,260.0,19.0,5.78,0.15,340.0,15.0,5.33,0.14,220.0,20.0,3.5,0.18,260.0,20.0,1.5,0.15,290.0,20.0,2.0,0.14,280.0,0
2025-04-08,9,4,5,3631,13,6.73,4,0.13,4.77,2.92,10.0,9.0,65.0,0.0,0.0,0.18,7.0,8.57,0.12,210.0,10.0,4.0,0.17,310.0,10.0,3.0,0.2,290.0,13.0,2.3,0.16,340.0,13.0,0.76,0.2,430.0,12.0,1.66,0.19,330.0,0
2025-04-08,9,5,4,4405,63,6.8,5,0.12,4.09,2.1,7.0,13.0,95.0,0.0,0.0,0.18,11.0,4.54,0.2,380.0,18.0,2.77,0.18,370.0,22.0,2.72,0.18,370.0,15.0,0.66,0.18,390.0,17.0,1.17,0.18,340.0,12.0,0.83,0.19,420.0,0
2025-04-08,9,6,3,4150,62,6.84,6,0.14,6.0,4.41,28.0,17.0,102.0,2.0,1.0,0.13,19.0,6.31,0.13,240.0,13.0,6.15,0.12,200.0,12.0,5.83,0.15,210.0,15.0,5.33,0.13,290.0,17.0,2.35,0.11,240.0,26.0,2.3,0.14,320.0,0
2025-04-09,4,1,6,3986,44,6.81,1,0.19,4.98,3.08,15.0,18.0,107.0,0.0,0.0,0.17,15.0,8.66,0.14,210.0,17.0,4.7,0.18,350.0,22.0,2.27,0.16,340.0,19.0,2.63,0.17,370.0,19.0,0.52,0.16,370.0,15.0,0.66,0.19,430.0,0
2025-04-09,4,2,1,4644,41,6.89,2,0.16,4.97,2.98,11.0,12.0,77.0,1.0,0.0,0.15,13.0,9.23,0.15,230.0,12.0,4.16,0.15,350.0,12.0,1.66,0.18,370.0,17.0,1.17,0.14,370.0,12.0,1.66,0.15,280.0,11.0,0.0,0.14,280.0,0
2025-04-09,4,3,2,3286,40,6.96,3,0.17,4.45,2.3,10.0,11.0,91.0,0.0,0.0,0.17,13.0,6.15,0.15,290.0,18.0,1.11,0.16,280.0,17.0,3.52,0.16,260.0,13.0,0.76,0.15,380.0,15.0,2.0,0.18,310.0,15.0,0.66,0.22,450.0,0
2025-04-09,4,4,4,4700,33,6.92,4,0.27,6.42,4.78,29.0,37.0,138.0,5.0,0.0,0.16,27.0,7.77,0.14,200.0,24.0,6.25,0.16,330.0,21.0,2.85,0.17,350.0,23.0,6.08,0.17,350.0,22.0,4.09,0.16,310.0,21.0,0.47,0.15,320.0,0
2025-04-09,4,5,3,3935,45,6.88,5,0.19,5.21,2.94,11.0,12.0,78.0,0.0,0.0,0.17,13.0,7.69,0.12,210.0,14.0,3.57,0.16,290.0,12.0,2.5,0.17,310.0,15.0,2.0,0.16,380.0,10.0,2.0,0.22,420.0,14.0,0.0,0.24,490.0,0
2025-04-09,4,6,5,3680,20,6.9,6,0.2,4.62,2.52,10.0,17.0,107.0,0.0,0.0,0.21,18.0,7.22,0.19,460.0,17.0,1.17,0.23,470.0,18.0,1.66,0.18,370.0,18.0,2.22,0.2,420.0,18.0,2.77,0.21,400.0,18.0,0.0,0.27,550.0,0
2025-04-09,7,1,2,3546,53,6.86,1,0.2,4.55,2.12,9.0,12.0,99.0,0.0,0.0,0.18,17.0,6.47,0.17,320.0,16.0,2.5,0.2,400.0,17.0,0.58,0.2,330.0,21.0,1.42,0.16,300.0,18.0,1.11,0.15,320.0,10.0,0.0,0.21,350.0,0
2025-04-09,7,2,1,4816,21,6.93,3,0.17,5.9,4.48,29.0,23.0,116.0,3.0,0.0,0.16,25.0,8.0,0.16,270.0,17.0,3.52,0.17,340.0,22.0,4.09,0.17,320.0,14.0,5.0,0.16,300.0,15.0,3.33,0.12,190.0,23.0,2.17,0.14,300.0,0
2025-04-09,7,3,5,4214,64,6.89,4,0.14,5.55,3.43,19.0,14.0,96.0,2.0,0.0,0.16,19.0,7.89,0.14,220.0,14.0,3.57,0.19,370.0,11.0,2.72,0.13,260.0,24.0,2.5,0.15,280.0,15.0,1.33,0.17,330.0,12.0,1.66,0.18,390.0,0
2025-04-09,7,4,4,4306,39,6.85,5,0.08,5.13,2.84,14.0,15.0,102.0,1.0,0.0,0.19,14.0,5.0,0.21,360.0,14.0,2.85,0.18,410.0,25.0,4.8,0.18,380.0,21.0,2.38,0.22,400.0,13.0,0.76,0.18,350.0,15.0,0.0,0.19,410.0,0
2025-04-09,7,5,3,4772,58,6.82,6,0.07,6.66,5.15,32.0,18.0,97.0,5.0,1.0,0.11,22.0,9.09,0.1,150.0,17.0,5.29,0.14,290.0,10.0,3.0,0.1,190.0,17.0,5.29,0.08,190.0,12.0,4.16,0.12,230.0,19.0,2.1,0.14,290.0,0
2025-04-09,7,6,6,3297,26,6.81,2,0.27,4.99,3.08,14.0,23.0,120.0,4.0,1.0,0.19,19.0,5.26,0.18,360.0,38.0,2.36,0.21,430.0,39.0,3.59,0.18,350.0,19.0,1.57,0.18,360.0,4.0,0.0,0.2,480.0,1.0,10.0,0.22,100.0,0
2025-04-09,9,1,2,4852,65,6.85,1,0.17,6.42,4.69,35.0,27.0,132.0,4.0,0.0,0.17,27.0,8.14,0.18,330.0,19.0,4.21,0.16,340.0,26.0,4.23,0.16,350.0,23.0,4.34,0.17,330.0,16.0,1.87,0.17,350.0,21.0,3.81,0.16,330.0,0
2025-04-09,9,2,5,3680,20,6.95,2,0.16,4.62,2.52,10.0,17.0,107.0,0.0,0.0,0.21,18.0,7.22,0.19,460.0,17.0,1.17,0.23,470.0,18.0,1.66,0.18,370.0,18.0,2.22,0.2,420.0,18.0,2.77,0.21,400.0,18.0,0.0,0.27,550.0,0
2025-04-09,9,3,4,3982,38,6.92,3,0.12,4.21,1.94,4.0,10.0,72.0,1.0,0.0,0.17,9.0,5.55,0.19,320.0,13.0,1.53,0.17,370.0,14.0,1.42,0.18,440.0,13.0,1.53,0.14,240.0,13.0,0.76,0.17,380.0,10.0,2.0,0.15,400.0,0
2025-04-09,9,4,1,3876,7,6.76,4,0.06,8.29,7.53,35.0,20.0,73.0,5.0,3.0,0.16,22.0,10.0,0.14,320.0,10.0,3.0,0.15,370.0,12.0,7.5,0.17,290.0,9.0,7.77,0.17,220.0,9.0,7.77,0.18,390.0,11.0,6.36,0.16,240.0,0
2025-04-09,9,5,6,5355,31,6.79,5,0.06,1.95,0.15,1.0,0.0,63.0,0.0,0.0,0.19,0.0,0.0,0.0,0.0,0.0,0.0,0.0,0.0,0.0,0.0,0.0,0.0,11.0,0.9,0.2,360.0,16.0,0.0,0.19,340.0,36.0,0.0,0.19,380.0,0
2025-04-09,9,6,3,4150,62,6.9,6,0.09,6.0,4.41,28.0,17.0,102.0,2.0,1.0,0.13,19.0,6.31,0.13,240.0,13.0,6.15,0.12,200.0,12.0,5.83,0.15,210.0,15.0,5.33,0.13,290.0,17.0,2.35,0.11,240.0,26.0,2.3,0.14,320.0,0
2025-04-09,11,1,5,4352,4,6.81,1,0.09,6.6,4.28,20.0,22.0,98.0,2.0,0.0,0.13,21.0,7.61,0.13,260.0,15.0,4.0,0.14,320.0,20.0,5.0,0.12,240.0,14.0,3.57,0.12,270.0,13.0,2.3,0.11,230.0,15.0,1.33,0.16,340.0,0
2025-04-09,11,2,2,3562,28,6.93,2,0.18,5.67,3.85,24.0,30.0,140.0,2.0,0.0,0.17,30.0,7.0,0.18,390.0,26.0,4.23,0.18,320.0,22.0,5.0,0.17,300.0,18.0,3.33,0.16,280.0,22.0,1.36,0.15,330.0,21.0,0.95,0.2,430.0,0
2025-04-09,11,3,6,4231,49,6.84,3,0.22,5.41,3.5,32.0,24.0,160.0,1.0,0.0,0.17,30.0,8.33,0.14,250.0,21.0,4.28,0.14,310.0,31.0,3.54,0.19,400.0,29.0,2.06,0.17,330.0,28.0,1.42,0.18,390.0,21.0,0.47,0.17,310.0,0
2025-04-09,11,4,1,4644,41,6.92,4,0.15,4.97,2.98,11.0,12.0,77.0,1.0,0.0,0.15,13.0,9.23,0.15,230.0,12.0,4.16,0.15,350.0,12.0,1.66,0.18,370.0,17.0,1.17,0.14,370.0,12.0,1.66,0.15,280.0,11.0,0.0,0.14,280.0,0
2025-04-09,11,5,4,4214,64,6.92,5,0.16,5.55,3.43,19.0,14.0,96.0,2.0,0.0,0.16,19.0,7.89,0.14,220.0,14.0,3.57,0.19,370.0,11.0,2.72,0.13,260.0,24.0,2.5,0.15,280.0,15.0,1.33,0.17,330.0,12.0,1.66,0.18,390.0,0
2025-04-09,11,6,3,5000,34,6.87,6,0.13,4.53,1.92,11.0,10.0,109.0,0.0,0.0,0.13,12.0,7.5,0.15,230.0,25.0,3.2,0.13,200.0,16.0,1.87,0.11,200.0,18.0,0.55,0.15,290.0,21.0,0.0,0.14,270.0,17.0,0.0,0.12,290.0,0
2025-04-10,1,1,2,3212,50,6.78,1,0.1,3.78,1.63,0.0,9.0,55.0,0.0,0.0,0.17,7.0,5.71,0.12,310.0,16.0,1.25,0.18,370.0,14.0,1.42,0.19,350.0,9.0,1.11,0.16,330.0,7.0,0.0,0.16,440.0,2.0,0.0,0.18,350.0,0
2025-04-10,1,2,1,3935,45,6.74,2,0.07,5.21,2.94,11.0,12.0,78.0,0.0,0.0,0.17,13.0,7.69,0.12,210.0,14.0,3.57,0.16,290.0,12.0,2.5,0.17,310.0,15.0,2.0,0.16,380.0,10.0,2.0,0.22,420.0,14.0,0.0,0.24,490.0,0
2025-04-10,1,3,5,3546,53,6.77,3,0.33,4.55,2.12,9.0,12.0,99.0,0.0,0.0,0.18,17.0,6.47,0.17,320.0,16.0,2.5,0.2,400.0,17.0,0.58,0.2,330.0,21.0,1.42,0.16,300.0,18.0,1.11,0.15,320.0,10.0,0.0,0.21,350.0,0
2025-04-10,1,4,6,4836,16,6.78,4,0.12,4.99,2.52,10.0,14.0,95.0,0.0,0.0,0.17,13.0,6.15,0.18,300.0,18.0,2.22,0.17,420.0,18.0,1.11,0.18,360.0,13.0,4.61,0.21,390.0,17.0,1.76,0.16,330.0,16.0,0.62,0.16,340.0,0
2025-04-10,1,5,3,4943,2,6.76,5,0.09,4.6,2.19,10.0,6.0,73.0,0.0,0.0,0.15,11.0,7.27,0.16,310.0,15.0,1.33,0.15,370.0,12.0,0.83,0.14,340.0,7.0,1.42,0.15,290.0,13.0,1.53,0.14,250.0,14.0,1.42,0.16,360.0,0
2025-04-10,1,6,4,3631,13,6.74,6,0.21,4.77,2.92,10.0,9.0,65.0,0.0,0.0,0.18,7.0,8.57,0.12,210.0,10.0,4.0,0.17,310.0,10.0,3.0,0.2,290.0,13.0,2.3,0.16,340.0,13.0,0.76,0.2,430.0,12.0,1.66,0.19,330.0,0
2025-04-10,3,1,4,4405,63,6.74,1,0.21,4.09,2.1,7.0,13.0,95.0,0.0,0.0,0.18,11.0,4.54,0.2,380.0,18.0,2.77,0.18,370.0,22.0,2.72,0.18,370.0,15.0,0.66,0.18,390.0,17.0,1.17,0.18,340.0,12.0,0.83,0.19,420.0,0
2025-04-10,3,2,3,3297,26,6.73,2,0.18,4.99,3.08,14.0,23.0,120.0,4.0,1.0,0.19,19.0,5.26,0.18,360.0,38.0,2.36,0.21,430.0,39.0,3.59,0.18,350.0,19.0,1.57,0.18,360.0,4.0,0.0,0.2,480.0,1.0,10.0,0.22,100.0,0
2025-04-10,3,3,5,5054,43,6.71,3,0.21,4.85,3.04,17.0,15.0,105.0,1.0,0.0,0.15,16.0,5.62,0.14,240.0,15.0,2.0,0.16,300.0,24.0,5.0,0.13,260.0,17.0,3.52,0.15,290.0,14.0,0.71,0.14,290.0,19.0,0.52,0.16,330.0,0
2025-04-10,3,4,2,4644,41,6.71,4,0.11,4.97,2.98,11.0,12.0,77.0,1.0,0.0,0.15,13.0,9.23,0.15,230.0,12.0,4.16,0.15,350.0,12.0,1.66,0.18,370.0,17.0,1.17,0.14,370.0,12.0,1.66,0.15,280.0,11.0,0.0,0.14,280.0,0
2025-04-10,3,5,1,4816,21,6.82,5,0.05,5.9,4.48,29.0,23.0,116.0,3.0,0.0,0.16,25.0,8.0,0.16,270.0,17.0,3.52,0.17,340.0,22.0,4.09,0.17,320.0,14.0,5.0,0.16,300.0,15.0,3.33,0.12,190.0,23.0,2.17,0.14,300.0,0
2025-04-10,3,6,6,3982,38,6.73,6,0.07,4.21,1.94,4.0,10.0,72.0,1.0,0.0,0.17,9.0,5.55,0.19,320.0,13.0,1.53,0.17,370.0,14.0,1.42,0.18,440.0,13.0,1.53,0.14,240.0,13.0,0.76,0.17,380.0,10.0,2.0,0.15,400.0,0
2025-04-10,6,1,2,4610,27,6.73,1,0.17,5.66,4.11,34.0,22.0,136.0,5.0,2.0,0.17,23.0,6.95,0.18,330.0,25.0,6.4,0.15,280.0,20.0,4.5,0.17,260.0,20.0,3.0,0.16,320.0,25.0,2.4,0.17,340.0,23.0,1.3,0.21,400.0,0
2025-04-10,6,2,1,3631,13,6.78,2,0.14,4.77,2.92,10.0,9.0,65.0,0.0,0.0,0.18,7.0,8.57,0.12,210.0,10.0,4.0,0.17,310.0,10.0,3.0,0.2,290.0,13.0,2.3,0.16,340.0,13.0,0.76,0.2,430.0,12.0,1.66,0.19,330.0,0
2025-04-10,6,3,3,4442,61,6.77,3,0.12,5.68,4.17,33.0,20.0,127.0,1.0,1.0,0.16,24.0,7.91,0.16,240.0,22.0,5.0,0.16,280.0,19.0,3.68,0.14,250.0,21.0,3.81,0.14,310.0,25.0,1.6,0.17,360.0,16.0,2.5,0.19,440.0,0
2025-04-10,6,4,6,4713,9,6.77,4,0.11,6.57,4.91,36.0,24.0,122.0,3.0,2.0,0.15,28.0,9.64,0.14,260.0,19.0,5.78,0.15,340.0,15.0,5.33,0.14,220.0,20.0,3.5,0.18,260.0,20.0,1.5,0.15,290.0,20.0,2.0,0.14,280.0,0
2025-04-10,6,5,4,3680,20,6.71,5,0.16,4.62,2.52,10.0,17.0,107.0,0.0,0.0,0.21,18.0,7.22,0.19,460.0,17.0,1.17,0.23,470.0,18.0,1.66,0.18,370.0,18.0,2.22,0.2,420.0,18.0,2.77,0.21,400.0,18.0,0.0,0.27,550.0,0
2025-04-10,6,6,5,4835,8,6.78,6,0.15,5.01,3.1,13.0,24.0,119.0,1.0,0.0,0.15,17.0,6.47,0.13,280.0,25.0,4.4,0.15,270.0,22.0,1.36,0.14,300.0,15.0,3.33,0.15,270.0,24.0,2.08,0.15,260.0,16.0,1.25,0.19,410.0,0
2025-04-10,10,1,2,4214,64,6.97,1,0.05,5.55,3.43,19.0,14.0,96.0,2.0,0.0,0.16,19.0,7.89,0.14,220.0,14.0,3.57,0.19,370.0,11.0,2.72,0.13,260.0,24.0,2.5,0.15,280.0,15.0,1.33,0.17,330.0,12.0,1.66,0.18,390.0,0
2025-04-10,10,2,4,3567,60,6.91,2,0.09,3.75,1.83,4.0,7.0,60.0,0.0,0.0,0.19,7.0,2.85,0.14,340.0,12.0,4.16,0.18,380.0,11.0,0.9,0.16,300.0,9.0,0.0,0.18,290.0,12.0,2.5,0.21,360.0,9.0,0.0,0.25,470.0,0
2025-04-10,10,3,1,4352,4,6.93,3,0.07,6.6,4.28,20.0,22.0,98.0,2.0,0.0,0.13,21.0,7.61,0.13,260.0,15.0,4.0,0.14,320.0,20.0,5.0,0.12,240.0,14.0,3.57,0.12,270.0,13.0,2.3,0.11,230.0,15.0,1.33,0.16,340.0,0
2025-04-10,10,4,6,4442,61,6.93,4,0.08,5.68,4.17,33.0,20.0,127.0,1.0,1.0,0.16,24.0,7.91,0.16,240.0,22.0,5.0,0.16,280.0,19.0,3.68,0.14,250.0,21.0,3.81,0.14,310.0,25.0,1.6,0.17,360.0,16.0,2.5,0.19,440.0,0
2025-04-10,10,5,5,3546,53,6.99,5,0.01,4.55,2.12,9.0,12.0,99.0,0.0,0.0,0.18,17.0,6.47,0.17,320.0,16.0,2.5,0.2,400.0,17.0,0.58,0.2,330.0,21.0,1.42,0.16,300.0,18.0,1.11,0.15,320.0,10.0,0.0,0.21,350.0,0
2025-04-10,10,6,3,4150,62,6.93,6,0.12,6.0,4.41,28.0,17.0,102.0,2.0,1.0,0.13,19.0,6.31,0.13,240.0,13.0,6.15,0.12,200.0,12.0,5.83,0.15,210.0,15.0,5.33,0.13,290.0,17.0,2.35,0.11,240.0,26.0,2.3,0.14,320.0,0
2025-04-11,2,1,2,3297,26,6.69,1,0.17,4.99,3.08,14.0,23.0,120.0,4.0,1.0,0.19,19.0,5.26,0.18,360.0,38.0,2.36,0.21,430.0,39.0,3.59,0.18,350.0,19.0,1.57,0.18,360.0,4.0,0.0,0.2,480.0,1.0,10.0,0.22,100.0,0
2025-04-11,2,2,6,3212,50,6.8,2,0.13,3.78,1.63,0.0,9.0,55.0,0.0,0.0,0.17,7.0,5.71,0.12,310.0,16.0,1.25,0.18,370.0,14.0,1.42,0.19,350.0,9.0,1.11,0.16,330.0,7.0,0.0,0.16,440.0,2.0,0.0,0.18,350.0,0
2025-04-11,2,3,3,3935,45,6.69,3,0.14,5.21,2.94,11.0,12.0,78.0,0.0,0.0,0.17,13.0,7.69,0.12,210.0,14.0,3.57,0.16,290.0,12.0,2.5,0.17,310.0,15.0,2.0,0.16,380.0,10.0,2.0,0.22,420.0,14.0,0.0,0.24,490.0,0
2025-04-11,2,4,1,4281,59,6.71,4,0.08,5.14,2.64,9.0,18.0,102.0,0.0,0.0,0.16,13.0,7.69,0.14,250.0,20.0,2.5,0.14,280.0,17.0,2.94,0.16,250.0,24.0,2.08,0.17,270.0,17.0,1.17,0.18,280.0,11.0,0.0,0.17,410.0,0
2025-04-11,2,5,4,3873,57,6.7,5,0.08,5.83,3.93,25.0,21.0,117.0,2.0,0.0,0.16,25.0,6.8,0.16,350.0,17.0,3.52,0.16,340.0,20.0,5.0,0.14,250.0,18.0,4.44,0.15,360.0,15.0,3.33,0.15,330.0,22.0,0.0,0.18,420.0,0
2025-04-11,2,6,5,3997,36,6.73,6,0.15,6.53,4.37,37.0,30.0,153.0,4.0,1.0,0.15,34.0,7.64,0.13,230.0,23.0,6.52,0.14,300.0,28.0,3.57,0.17,350.0,24.0,4.58,0.17,340.0,26.0,1.15,0.15,310.0,18.0,1.11,0.17,390.0,0
2025-04-11,3,1,4,4943,2,6.69,3,0.22,4.6,2.19,10.0,6.0,73.0,0.0,0.0,0.15,11.0,7.27,0.16,310.0,15.0,1.33,0.15,370.0,12.0,0.83,0.14,340.0,7.0,1.42,0.15,290.0,13.0,1.53,0.14,250.0,14.0,1.42,0.16,360.0,0
2025-04-11,3,2,1,3562,28,6.76,1,0.12,5.67,3.85,24.0,30.0,140.0,2.0,0.0,0.17,30.0,7.0,0.18,390.0,26.0,4.23,0.18,320.0,22.0,5.0,0.17,300.0,18.0,3.33,0.16,280.0,22.0,1.36,0.15,330.0,21.0,0.95,0.2,430.0,0
2025-04-11,3,3,2,4438,23,6.69,2,0.12,5.02,3.13,15.0,27.0,134.0,3.0,0.0,0.13,20.0,5.0,0.12,240.0,24.0,3.75,0.13,220.0,23.0,2.17,0.12,240.0,31.0,3.22,0.13,220.0,21.0,2.85,0.13,240.0,15.0,1.33,0.15,260.0,0
2025-04-11,3,4,5,3631,13,6.71,4,0.23,4.77,2.92,10.0,9.0,65.0,0.0,0.0,0.18,7.0,8.57,0.12,210.0,10.0,4.0,0.17,310.0,10.0,3.0,0.2,290.0,13.0,2.3,0.16,340.0,13.0,0.76,0.2,430.0,12.0,1.66,0.19,330.0,0
2025-04-11,3,5,3,4306,39,6.71,5,0.21,5.13,2.84,14.0,15.0,102.0,1.0,0.0,0.19,14.0,5.0,0.21,360.0,14.0,2.85,0.18,410.0,25.0,4.8,0.18,380.0,21.0,2.38,0.22,400.0,13.0,0.76,0.18,350.0,15.0,0.0,0.19,410.0,0
2025-04-11,3,6,6,4644,41,6.75,6,0.15,4.97,2.98,11.0,12.0,77.0,1.0,0.0,0.15,13.0,9.23,0.15,230.0,12.0,4.16,0.15,350.0,12.0,1.66,0.18,370.0,17.0,1.17,0.14,370.0,12.0,1.66,0.15,280.0,11.0,0.0,0.14,280.0,0
2025-04-11,6,1,2,4700,33,6.74,1,0.1,6.42,4.78,29.0,37.0,138.0,5.0,0.0,0.16,27.0,7.77,0.14,200.0,24.0,6.25,0.16,330.0,21.0,2.85,0.17,350.0,23.0,6.08,0.17,350.0,22.0,4.09,0.16,310.0,21.0,0.47,0.15,320.0,0
2025-04-11,6,2,1,3867,25,6.76,2,0.1,3.47,1.42,6.0,5.0,77.0,0.0,0.0,0.17,13.0,3.07,0.16,350.0,14.0,2.85,0.14,260.0,12.0,0.83,0.18,330.0,11.0,0.9,0.17,310.0,15.0,0.0,0.17,420.0,12.0,0.83,0.22,440.0,0
2025-04-11,6,3,3,3489,17,6.78,3,0.12,5.75,3.43,23.0,24.0,137.0,2.0,0.0,0.15,27.0,7.03,0.15,230.0,23.0,4.34,0.13,280.0,24.0,4.58,0.13,240.0,30.0,1.66,0.16,350.0,18.0,1.11,0.17,360.0,15.0,0.0,0.17,510.0,0
2025-04-11,6,4,4,4214,64,6.8,4,0.22,5.55,3.43,19.0,14.0,96.0,2.0,0.0,0.16,19.0,7.89,0.14,220.0,14.0,3.57,0.19,370.0,11.0,2.72,0.13,260.0,24.0,2.5,0.15,280.0,15.0,1.33,0.17,330.0,12.0,1.66,0.18,390.0,0
2025-04-11,6,5,5,5355,31,6.74,5,0.23,1.95,0.15,1.0,0.0,63.0,0.0,0.0,0.19,0.0,0.0,0.0,0.0,0.0,0.0,0.0,0.0,0.0,0.0,0.0,0.0,11.0,0.9,0.2,360.0,16.0,0.0,0.19,340.0,36.0,0.0,0.19,380.0,0
2025-04-11,6,6,6,3286,40,6.79,6,0.29,4.45,2.3,10.0,11.0,91.0,0.0,0.0,0.17,13.0,6.15,0.15,290.0,18.0,1.11,0.16,280.0,17.0,3.52,0.16,260.0,13.0,0.76,0.15,380.0,15.0,2.0,0.18,310.0,15.0,0.66,0.22,450.0,0
2025-04-11,11,1,2,3876,7,6.67,3,0.31,8.29,7.53,35.0,20.0,73.0,5.0,3.0,0.16,22.0,10.0,0.14,320.0,10.0,3.0,0.15,370.0,12.0,7.5,0.17,290.0,9.0,7.77,0.17,220.0,9.0,7.77,0.18,390.0,11.0,6.36,0.16,240.0,0
2025-04-11,11,2,1,4306,39,6.79,1,0.21,5.13,2.84,14.0,15.0,102.0,1.0,0.0,0.19,14.0,5.0,0.21,360.0,14.0,2.85,0.18,410.0,25.0,4.8,0.18,380.0,21.0,2.38,0.22,400.0,13.0,0.76,0.18,350.0,15.0,0.0,0.19,410.0,0
2025-04-11,11,3,3,4281,59,6.9,2,0.19,5.14,2.64,9.0,18.0,102.0,0.0,0.0,0.16,13.0,7.69,0.14,250.0,20.0,2.5,0.14,280.0,17.0,2.94,0.16,250.0,24.0,2.08,0.17,270.0,17.0,1.17,0.18,280.0,11.0,0.0,0.17,410.0,0
2025-04-11,11,4,6,4861,37,6.75,4,0.25,5.29,3.3,18.0,22.0,121.0,0.0,0.0,0.17,13.0,8.46,0.17,320.0,19.0,3.68,0.19,420.0,12.0,4.16,0.15,260.0,18.0,3.33,0.17,370.0,32.0,2.5,0.17,330.0,27.0,1.11,0.18,310.0,0
2025-04-11,11,5,4,4700,33,6.79,5,0.24,6.42,4.78,29.0,37.0,138.0,5.0,0.0,0.16,27.0,7.77,0.14,200.0,24.0,6.25,0.16,330.0,21.0,2.85,0.17,350.0,23.0,6.08,0.17,350.0,22.0,4.09,0.16,310.0,21.0,0.47,0.15,320.0,0
2025-04-11,11,6,5,3546,53,6.84,6,0.21,4.55,2.12,9.0,12.0,99.0,0.0,0.0,0.18,17.0,6.47,0.17,320.0,16.0,2.5,0.2,400.0,17.0,0.58,0.2,330.0,21.0,1.42,0.16,300.0,18.0,1.11,0.15,320.0,10.0,0.0,0.21,350.0,0
2025-04-11,12,1,6,4214,64,6.72,1,0.16,5.55,3.43,19.0,14.0,96.0,2.0,0.0,0.16,19.0,7.89,0.14,220.0,14.0,3.57,0.19,370.0,11.0,2.72,0.13,260.0,24.0,2.5,0.15,280.0,15.0,1.33,0.17,330.0,12.0,1.66,0.18,390.0,0
2025-04-11,12,2,3,4610,27,6.8,2,0.17,5.66,4.11,34.0,22.0,136.0,5.0,2.0,0.17,23.0,6.95,0.18,330.0,25.0,6.4,0.15,280.0,20.0,4.5,0.17,260.0,20.0,3.0,0.16,320.0,25.0,2.4,0.17,340.0,23.0,1.3,0.21,400.0,0
2025-04-11,12,3,2,3982,38,6.8,3,0.21,4.21,1.94,4.0,10.0,72.0,1.0,0.0,0.17,9.0,5.55,0.19,320.0,13.0,1.53,0.17,370.0,14.0,1.42,0.18,440.0,13.0,1.53,0.14,240.0,13.0,0.76,0.17,380.0,10.0,2.0,0.15,400.0,0
2025-04-11,12,4,5,4905,14,6.82,4,0.21,4.5,2.52,8.0,21.0,115.0,0.0,0.0,0.19,13.0,6.92,0.18,340.0,26.0,4.23,0.18,340.0,18.0,1.11,0.19,330.0,17.0,1.76,0.19,410.0,21.0,1.42,0.18,390.0,20.0,0.5,0.22,440.0,0
2025-04-11,12,5,4,4438,23,6.81,5,0.15,5.02,3.13,15.0,27.0,134.0,3.0,0.0,0.13,20.0,5.0,0.12,240.0,24.0,3.75,0.13,220.0,23.0,2.17,0.12,240.0,31.0,3.22,0.13,220.0,21.0,2.85,0.13,240.0,15.0,1.33,0.15,260.0,0
2025-04-11,12,6,1,4442,61,6.81,6,0.18,5.68,4.17,33.0,20.0,127.0,1.0,1.0,0.16,24.0,7.91,0.16,240.0,22.0,5.0,0.16,280.0,19.0,3.68,0.14,250.0,21.0,3.81,0.14,310.0,25.0,1.6,0.17,360.0,16.0,2.5,0.19,440.0,0
2025-04-12,1,1,3,3867,25,6.78,1,0.17,3.47,1.42,6.0,5.0,77.0,0.0,0.0,0.17,13.0,3.07,0.16,350.0,14.0,2.85,0.14,260.0,12.0,0.83,0.18,330.0,11.0,0.9,0.17,310.0,15.0,0.0,0.17,420.0,12.0,0.83,0.22,440.0,0
2025-04-12,1,2,2,3680,20,6.74,2,0.22,4.62,2.52,10.0,17.0,107.0,0.0,0.0,0.21,18.0,7.22,0.19,460.0,17.0,1.17,0.23,470.0,18.0,1.66,0.18,370.0,18.0,2.22,0.2,420.0,18.0,2.77,0.21,400.0,18.0,0.0,0.27,550.0,0
2025-04-12,1,3,5,3986,44,6.77,3,0.19,4.98,3.08,15.0,18.0,107.0,0.0,0.0,0.17,15.0,8.66,0.14,210.0,17.0,4.7,0.18,350.0,22.0,2.27,0.16,340.0,19.0,2.63,0.17,370.0,19.0,0.52,0.16,370.0,15.0,0.66,0.19,430.0,0
2025-04-12,1,4,1,3567,60,6.74,5,0.12,3.75,1.83,4.0,7.0,60.0,0.0,0.0,0.19,7.0,2.85,0.14,340.0,12.0,4.16,0.18,380.0,11.0,0.9,0.16,300.0,9.0,0.0,0.18,290.0,12.0,2.5,0.21,360.0,9.0,0.0,0.25,470.0,0
2025-04-12,1,5,6,3212,50,6.85,4,0.18,3.78,1.63,0.0,9.0,55.0,0.0,0.0,0.17,7.0,5.71,0.12,310.0,16.0,1.25,0.18,370.0,14.0,1.42,0.19,350.0,9.0,1.11,0.16,330.0,7.0,0.0,0.16,440.0,2.0,0.0,0.18,350.0,0
2025-04-12,1,6,4,3286,40,6.76,6,0.23,4.45,2.3,10.0,11.0,91.0,0.0,0.0,0.17,13.0,6.15,0.15,290.0,18.0,1.11,0.16,280.0,17.0,3.52,0.16,260.0,13.0,0.76,0.15,380.0,15.0,2.0,0.18,310.0,15.0,0.66,0.22,450.0,0
2025-04-12,2,1,2,3631,13,6.74,1,0.21,4.77,2.92,10.0,9.0,65.0,0.0,0.0,0.18,7.0,8.57,0.12,210.0,10.0,4.0,0.17,310.0,10.0,3.0,0.2,290.0,13.0,2.3,0.16,340.0,13.0,0.76,0.2,430.0,12.0,1.66,0.19,330.0,0
2025-04-12,2,2,1,4214,64,6.82,4,0.11,5.55,3.43,19.0,14.0,96.0,2.0,0.0,0.16,19.0,7.89,0.14,220.0,14.0,3.57,0.19,370.0,11.0,2.72,0.13,260.0,24.0,2.5,0.15,280.0,15.0,1.33,0.17,330.0,12.0,1.66,0.18,390.0,0
2025-04-12,2,3,5,4905,14,6.79,2,0.23,4.5,2.52,8.0,21.0,115.0,0.0,0.0,0.19,13.0,6.92,0.18,340.0,26.0,4.23,0.18,340.0,18.0,1.11,0.19,330.0,17.0,1.76,0.19,410.0,21.0,1.42,0.18,390.0,20.0,0.5,0.22,440.0,0
2025-04-12,2,4,4,3297,26,6.67,3,0.21,4.99,3.08,14.0,23.0,120.0,4.0,1.0,0.19,19.0,5.26,0.18,360.0,38.0,2.36,0.21,430.0,39.0,3.59,0.18,350.0,19.0,1.57,0.18,360.0,4.0,0.0,0.2,480.0,1.0,10.0,0.22,100.0,0
2025-04-12,2,5,3,3873,57,6.76,5,0.08,5.83,3.93,25.0,21.0,117.0,2.0,0.0,0.16,25.0,6.8,0.16,350.0,17.0,3.52,0.16,340.0,20.0,5.0,0.14,250.0,18.0,4.44,0.15,360.0,15.0,3.33,0.15,330.0,22.0,0.0,0.18,420.0,0
2025-04-12,2,6,6,5355,31,6.79,6,0.14,1.95,0.15,1.0,0.0,63.0,0.0,0.0,0.19,0.0,0.0,0.0,0.0,0.0,0.0,0.0,0.0,0.0,0.0,0.0,0.0,11.0,0.9,0.2,360.0,16.0,0.0,0.19,340.0,36.0,0.0,0.19,380.0,0
2025-04-12,5,1,2,4231,49,6.74,1,0.08,5.41,3.5,32.0,24.0,160.0,1.0,0.0,0.17,30.0,8.33,0.14,250.0,21.0,4.28,0.14,310.0,31.0,3.54,0.19,400.0,29.0,2.06,0.17,330.0,28.0,1.42,0.18,390.0,21.0,0.47,0.17,310.0,0
2025-04-12,5,2,1,3546,53,6.72,2,0.19,4.55,2.12,9.0,12.0,99.0,0.0,0.0,0.18,17.0,6.47,0.17,320.0,16.0,2.5,0.2,400.0,17.0,0.58,0.2,330.0,21.0,1.42,0.16,300.0,18.0,1.11,0.15,320.0,10.0,0.0,0.21,350.0,0
2025-04-12,5,3,5,4162,15,6.71,3,0.16,3.76,1.97,6.0,7.0,66.0,0.0,0.0,0.2,8.0,6.25,0.18,330.0,13.0,1.53,0.2,450.0,13.0,1.53,0.19,360.0,13.0,2.3,0.23,430.0,11.0,0.9,0.19,380.0,8.0,0.0,0.23,480.0,0
2025-04-12,5,4,3,4281,59,6.79,4,0.15,5.14,2.64,9.0,18.0,102.0,0.0,0.0,0.16,13.0,7.69,0.14,250.0,20.0,2.5,0.14,280.0,17.0,2.94,0.16,250.0,24.0,2.08,0.17,270.0,17.0,1.17,0.18,280.0,11.0,0.0,0.17,410.0,0
2025-04-12,5,5,4,4713,9,6.69,5,0.18,6.57,4.91,36.0,24.0,122.0,3.0,2.0,0.15,28.0,9.64,0.14,260.0,19.0,5.78,0.15,340.0,15.0,5.33,0.14,220.0,20.0,3.5,0.18,260.0,20.0,1.5,0.15,290.0,20.0,2.0,0.14,280.0,0
2025-04-12,5,6,6,4816,21,6.77,6,0.22,5.9,4.48,29.0,23.0,116.0,3.0,0.0,0.16,25.0,8.0,0.16,270.0,17.0,3.52,0.17,340.0,22.0,4.09,0.17,320.0,14.0,5.0,0.16,300.0,15.0,3.33,0.12,190.0,23.0,2.17,0.14,300.0,0
2025-04-12,6,1,2,3251,19,6.72,1,0.16,6.06,4.19,35.0,22.0,136.0,6.0,2.0,0.2,32.0,8.43,0.17,350.0,26.0,3.84,0.21,440.0,16.0,4.37,0.2,410.0,19.0,4.73,0.2,410.0,20.0,1.0,0.18,430.0,23.0,0.87,0.23,550.0,0
2025-04-12,6,2,5,3752,32,6.74,2,0.15,4.45,2.42,9.0,15.0,99.0,0.0,0.0,0.16,14.0,4.28,0.17,360.0,16.0,3.75,0.19,350.0,19.0,2.63,0.14,320.0,19.0,2.1,0.17,290.0,18.0,1.11,0.15,300.0,13.0,0.76,0.14,280.0,0
2025-04-12,6,3,1,3876,7,6.66,3,0.21,8.29,7.53,35.0,20.0,73.0,5.0,3.0,0.16,22.0,10.0,0.14,320.0,10.0,3.0,0.15,370.0,12.0,7.5,0.17,290.0,9.0,7.77,0.17,220.0,9.0,7.77,0.18,390.0,11.0,6.36,0.16,240.0,0
2025-04-12,6,4,3,4852,65,6.76,4,0.19,6.42,4.69,35.0,27.0,132.0,4.0,0.0,0.17,27.0,8.14,0.18,330.0,19.0,4.21,0.16,340.0,26.0,4.23,0.16,350.0,23.0,4.34,0.17,330.0,16.0,1.87,0.17,350.0,21.0,3.81,0.16,330.0,0
2025-04-12,6,5,4,3680,20,6.76,5,0.34,4.62,2.52,10.0,17.0,107.0,0.0,0.0,0.21,18.0,7.22,0.19,460.0,17.0,1.17,0.23,470.0,18.0,1.66,0.18,370.0,18.0,2.22,0.2,420.0,18.0,2.77,0.21,400.0,18.0,0.0,0.27,550.0,0
2025-04-12,6,6,6,4905,14,6.78,6,0.31,4.5,2.52,8.0,21.0,115.0,0.0,0.0,0.19,13.0,6.92,0.18,340.0,26.0,4.23,0.18,340.0,18.0,1.11,0.19,330.0,17.0,1.76,0.19,410.0,21.0,1.42,0.18,390.0,20.0,0.5,0.22,440.0,0
2025-04-12,10,1,2,4644,41,6.68,1,0.12,4.97,2.98,11.0,12.0,77.0,1.0,0.0,0.15,13.0,9.23,0.15,230.0,12.0,4.16,0.15,350.0,12.0,1.66,0.18,370.0,17.0,1.17,0.14,370.0,12.0,1.66,0.15,280.0,11.0,0.0,0.14,280.0,0
2025-04-12,10,2,1,3876,7,6.64,2,0.14,8.29,7.53,35.0,20.0,73.0,5.0,3.0,0.16,22.0,10.0,0.14,320.0,10.0,3.0,0.15,370.0,12.0,7.5,0.17,290.0,9.0,7.77,0.17,220.0,9.0,7.77,0.18,390.0,11.0,6.36,0.16,240.0,0
2025-04-12,10,3,4,4281,59,6.83,3,0.12,5.14,2.64,9.0,18.0,102.0,0.0,0.0,0.16,13.0,7.69,0.14,250.0,20.0,2.5,0.14,280.0,17.0,2.94,0.16,250.0,24.0,2.08,0.17,270.0,17.0,1.17,0.18,280.0,11.0,0.0,0.17,410.0,0
2025-04-12,10,4,6,3251,19,6.73,4,0.18,6.06,4.19,35.0,22.0,136.0,6.0,2.0,0.2,32.0,8.43,0.17,350.0,26.0,3.84,0.21,440.0,16.0,4.37,0.2,410.0,19.0,4.73,0.2,410.0,20.0,1.0,0.18,430.0,23.0,0.87,0.23,550.0,0
2025-04-12,10,5,5,5000,34,6.76,5,0.13,4.53,1.92,11.0,10.0,109.0,0.0,0.0,0.13,12.0,7.5,0.15,230.0,25.0,3.2,0.13,200.0,16.0,1.87,0.11,200.0,18.0,0.55,0.15,290.0,21.0,0.0,0.14,270.0,17.0,0.0,0.12,290.0,0
2025-04-12,10,6,3,4231,49,6.83,6,0.15,5.41,3.5,32.0,24.0,160.0,1.0,0.0,0.17,30.0,8.33,0.14,250.0,21.0,4.28,0.14,310.0,31.0,3.54,0.19,400.0,29.0,2.06,0.17,330.0,28.0,1.42,0.18,390.0,21.0,0.47,0.17,310.0,0
2025-04-12,12,1,3,4442,61,6.8,1,0.09,5.68,4.17,33.0,20.0,127.0,1.0,1.0,0.16,24.0,7.91,0.16,240.0,22.0,5.0,0.16,280.0,19.0,3.68,0.14,250.0,21.0,3.81,0.14,310.0,25.0,1.6,0.17,360.0,16.0,2.5,0.19,440.0,0
2025-04-12,12,2,5,3297,26,6.77,2,0.25,4.99,3.08,14.0,23.0,120.0,4.0,1.0,0.19,19.0,5.26,0.18,360.0,38.0,2.36,0.21,430.0,39.0,3.59,0.18,350.0,19.0,1.57,0.18,360.0,4.0,0.0,0.2,480.0,1.0,10.0,0.22,100.0,0
2025-04-12,12,3,6,4410,22,6.81,3,0.15,4.85,2.88,10.0,18.0,97.0,0.0,0.0,0.18,17.0,7.64,0.16,250.0,15.0,0.66,0.18,340.0,18.0,4.44,0.17,240.0,13.0,2.3,0.16,350.0,18.0,0.0,0.21,370.0,16.0,1.87,0.22,410.0,0
2025-04-12,12,4,4,3631,13,6.71,4,0.11,4.77,2.92,10.0,9.0,65.0,0.0,0.0,0.18,7.0,8.57,0.12,210.0,10.0,4.0,0.17,310.0,10.0,3.0,0.2,290.0,13.0,2.3,0.16,340.0,13.0,0.76,0.2,430.0,12.0,1.66,0.19,330.0,0
2025-04-12,12,5,2,4861,37,6.61,5,0.04,5.29,3.3,18.0,22.0,121.0,0.0,0.0,0.17,13.0,8.46,0.17,320.0,19.0,3.68,0.19,420.0,12.0,4.16,0.15,260.0,18.0,3.33,0.17,370.0,32.0,2.5,0.17,330.0,27.0,1.11,0.18,310.0,0
2025-04-12,12,6,1,4150,62,6.77,6,0.08,6.0,4.41,28.0,17.0,102.0,2.0,1.0,0.13,19.0,6.31,0.13,240.0,13.0,6.15,0.12,200.0,12.0,5.83,0.15,210.0,15.0,5.33,0.13,290.0,17.0,2.35,0.11,240.0,26.0,2.3,0.14,320.0,0
2025-04-13,2,1,4,4861,37,6.74,2,0.21,5.29,3.3,18.0,22.0,121.0,0.0,0.0,0.17,13.0,8.46,0.17,320.0,19.0,3.68,0.19,420.0,12.0,4.16,0.15,260.0,18.0,3.33,0.17,370.0,32.0,2.5,0.17,330.0,27.0,1.11,0.18,310.0,0
2025-04-13,2,2,6,4306,39,6.8,1,0.24,5.13,2.84,14.0,15.0,102.0,1.0,0.0,0.19,14.0,5.0,0.21,360.0,14.0,2.85,0.18,410.0,25.0,4.8,0.18,380.0,21.0,2.38,0.22,400.0,13.0,0.76,0.18,350.0,15.0,0.0,0.19,410.0,0
2025-04-13,2,3,5,4405,63,6.77,3,0.29,4.09,2.1,7.0,13.0,95.0,0.0,0.0,0.18,11.0,4.54,0.2,380.0,18.0,2.77,0.18,370.0,22.0,2.72,0.18,370.0,15.0,0.66,0.18,390.0,17.0,1.17,0.18,340.0,12.0,0.83,0.19,420.0,0
2025-04-13,2,4,1,3752,32,6.8,4,0.12,4.45,2.42,9.0,15.0,99.0,0.0,0.0,0.16,14.0,4.28,0.17,360.0,16.0,3.75,0.19,350.0,19.0,2.63,0.14,320.0,19.0,2.1,0.17,290.0,18.0,1.11,0.15,300.0,13.0,0.76,0.14,280.0,0
2025-04-13,2,5,2,3567,60,6.8,5,0.13,3.75,1.83,4.0,7.0,60.0,0.0,0.0,0.19,7.0,2.85,0.14,340.0,12.0,4.16,0.18,380.0,11.0,0.9,0.16,300.0,9.0,0.0,0.18,290.0,12.0,2.5,0.21,360.0,9.0,0.0,0.25,470.0,0
2025-04-13,2,6,3,4214,64,6.88,6,0.18,5.55,3.43,19.0,14.0,96.0,2.0,0.0,0.16,19.0,7.89,0.14,220.0,14.0,3.57,0.19,370.0,11.0,2.72,0.13,260.0,24.0,2.5,0.15,280.0,15.0,1.33,0.17,330.0,12.0,1.66,0.18,390.0,0
2025-04-13,4,1,3,4835,8,6.85,1,0.12,5.01,3.1,13.0,24.0,119.0,1.0,0.0,0.15,17.0,6.47,0.13,280.0,25.0,4.4,0.15,270.0,22.0,1.36,0.14,300.0,15.0,3.33,0.15,270.0,24.0,2.08,0.15,260.0,16.0,1.25,0.19,410.0,0
2025-04-13,4,2,1,5000,34,6.8,2,0.09,4.53,1.92,11.0,10.0,109.0,0.0,0.0,0.13,12.0,7.5,0.15,230.0,25.0,3.2,0.13,200.0,16.0,1.87,0.11,200.0,18.0,0.55,0.15,290.0,21.0,0.0,0.14,270.0,17.0,0.0,0.12,290.0,0
2025-04-13,4,3,2,5054,43,6.82,3,0.16,4.85,3.04,17.0,15.0,105.0,1.0,0.0,0.15,16.0,5.62,0.14,240.0,15.0,2.0,0.16,300.0,24.0,5.0,0.13,260.0,17.0,3.52,0.15,290.0,14.0,0.71,0.14,290.0,19.0,0.52,0.16,330.0,0
2025-04-13,4,4,4,3982,38,6.84,4,0.14,4.21,1.94,4.0,10.0,72.0,1.0,0.0,0.17,9.0,5.55,0.19,320.0,13.0,1.53,0.17,370.0,14.0,1.42,0.18,440.0,13.0,1.53,0.14,240.0,13.0,0.76,0.17,380.0,10.0,2.0,0.15,400.0,0
2025-04-13,4,5,5,4442,61,6.78,5,0.23,5.68,4.17,33.0,20.0,127.0,1.0,1.0,0.16,24.0,7.91,0.16,240.0,22.0,5.0,0.16,280.0,19.0,3.68,0.14,250.0,21.0,3.81,0.14,310.0,25.0,1.6,0.17,360.0,16.0,2.5,0.19,440.0,0
2025-04-13,4,6,6,3631,13,6.7,6,0.19,4.77,2.92,10.0,9.0,65.0,0.0,0.0,0.18,7.0,8.57,0.12,210.0,10.0,4.0,0.17,310.0,10.0,3.0,0.2,290.0,13.0,2.3,0.16,340.0,13.0,0.76,0.2,430.0,12.0,1.66,0.19,330.0,0
2025-04-13,8,1,2,4700,33,6.82,1,0.09,6.42,4.78,29.0,37.0,138.0,5.0,0.0,0.16,27.0,7.77,0.14,200.0,24.0,6.25,0.16,330.0,21.0,2.85,0.17,350.0,23.0,6.08,0.17,350.0,22.0,4.09,0.16,310.0,21.0,0.47,0.15,320.0,0
2025-04-13,8,2,1,4438,23,6.8,2,0.11,5.02,3.13,15.0,27.0,134.0,3.0,0.0,0.13,20.0,5.0,0.12,240.0,24.0,3.75,0.13,220.0,23.0,2.17,0.12,240.0,31.0,3.22,0.13,220.0,21.0,2.85,0.13,240.0,15.0,1.33,0.15,260.0,0
2025-04-13,8,3,3,3752,32,6.73,3,0.15,4.45,2.42,9.0,15.0,99.0,0.0,0.0,0.16,14.0,4.28,0.17,360.0,16.0,3.75,0.19,350.0,19.0,2.63,0.14,320.0,19.0,2.1,0.17,290.0,18.0,1.11,0.15,300.0,13.0,0.76,0.14,280.0,0
2025-04-13,8,4,4,4214,64,6.82,4,0.22,5.55,3.43,19.0,14.0,96.0,2.0,0.0,0.16,19.0,7.89,0.14,220.0,14.0,3.57,0.19,370.0,11.0,2.72,0.13,260.0,24.0,2.5,0.15,280.0,15.0,1.33,0.17,330.0,12.0,1.66,0.18,390.0,0
2025-04-13,8,5,5,4162,15,6.79,5,0.23,3.76,1.97,6.0,7.0,66.0,0.0,0.0,0.2,8.0,6.25,0.18,330.0,13.0,1.53,0.2,450.0,13.0,1.53,0.19,360.0,13.0,2.3,0.23,430.0,11.0,0.9,0.19,380.0,8.0,0.0,0.23,480.0,0
2025-04-13,8,6,6,3286,40,6.82,6,0.29,4.45,2.3,10.0,11.0,91.0,0.0,0.0,0.17,13.0,6.15,0.15,290.0,18.0,1.11,0.16,280.0,17.0,3.52,0.16,260.0,13.0,0.76,0.15,380.0,15.0,2.0,0.18,310.0,15.0,0.66,0.22,450.0,0
2025-04-13,12,1,4,4816,21,6.8,1,0.15,5.9,4.48,29.0,23.0,116.0,3.0,0.0,0.16,25.0,8.0,0.16,270.0,17.0,3.52,0.17,340.0,22.0,4.09,0.17,320.0,14.0,5.0,0.16,300.0,15.0,3.33,0.12,190.0,23.0,2.17,0.14,300.0,0
2025-04-13,12,2,1,3997,36,6.74,2,0.19,6.53,4.37,37.0,30.0,153.0,4.0,1.0,0.15,34.0,7.64,0.13,230.0,23.0,6.52,0.14,300.0,28.0,3.57,0.17,350.0,24.0,4.58,0.17,340.0,26.0,1.15,0.15,310.0,18.0,1.11,0.17,390.0,0
2025-04-13,12,3,3,3876,7,6.67,3,0.19,8.29,7.53,35.0,20.0,73.0,5.0,3.0,0.16,22.0,10.0,0.14,320.0,10.0,3.0,0.15,370.0,12.0,7.5,0.17,290.0,9.0,7.77,0.17,220.0,9.0,7.77,0.18,390.0,11.0,6.36,0.16,240.0,0
2025-04-13,12,4,6,4644,41,6.77,4,0.12,4.97,2.98,11.0,12.0,77.0,1.0,0.0,0.15,13.0,9.23,0.15,230.0,12.0,4.16,0.15,350.0,12.0,1.66,0.18,370.0,17.0,1.17,0.14,370.0,12.0,1.66,0.15,280.0,11.0,0.0,0.14,280.0,0
2025-04-13,12,5,2,4713,9,6.81,5,0.15,6.57,4.91,36.0,24.0,122.0,3.0,2.0,0.15,28.0,9.64,0.14,260.0,19.0,5.78,0.15,340.0,15.0,5.33,0.14,220.0,20.0,3.5,0.18,260.0,20.0,1.5,0.15,290.0,20.0,2.0,0.14,280.0,0
2025-04-13,12,6,5,3873,57,6.82,6,0.19,5.83,3.93,25.0,21.0,117.0,2.0,0.0,0.16,25.0,6.8,0.16,350.0,17.0,3.52,0.16,340.0,20.0,5.0,0.14,250.0,18.0,4.44,0.15,360.0,15.0,3.33,0.15,330.0,22.0,0.0,0.18,420.0,0
2025-04-16,1,1,6,5215,9,6.87,1,0.31,3.35,1.45,3.0,5.0,55.0,0.0,0.0,0.17,5.0,2.0,0.17,400.0,7.0,1.42,0.14,180.0,7.0,4.28,0.16,210.0,8.0,1.25,0.21,270.0,13.0,1.53,0.17,350.0,15.0,0.0,0.17,350.0,0
2025-04-16,1,2,1,4103,1,6.99,2,0.25,4.06,2.22,6.0,14.0,90.0,0.0,0.0,0.22,13.0,5.38,0.19,350.0,16.0,2.5,0.23,460.0,19.0,3.15,0.22,430.0,20.0,1.0,0.22,480.0,9.0,1.11,0.22,530.0,13.0,0.0,0.26,560.0,0
2025-04-16,1,3,2,3527,40,6.98,4,0.27,5.44,2.99,14.0,21.0,117.0,0.0,0.0,0.17,19.0,7.36,0.16,260.0,16.0,3.12,0.17,390.0,19.0,3.15,0.17,320.0,24.0,2.08,0.2,370.0,23.0,1.3,0.17,370.0,16.0,1.25,0.15,290.0,0
2025-04-16,1,4,5,4952,39,6.85,5,0.32,4.37,2.05,6.0,8.0,68.0,0.0,0.0,0.19,9.0,5.55,0.16,260.0,11.0,2.72,0.19,370.0,12.0,1.66,0.17,360.0,16.0,1.25,0.2,300.0,8.0,1.25,0.18,340.0,12.0,0.83,0.2,450.0,0
2025-04-16,1,5,3,3455,48,6.92,6,0.22,5.17,3.59,11.0,26.0,103.0,0.0,0.0,0.18,17.0,7.05,0.17,320.0,17.0,4.7,0.16,320.0,19.0,3.68,0.17,350.0,14.0,2.85,0.17,310.0,22.0,2.27,0.19,310.0,14.0,0.71,0.19,440.0,0
2025-04-16,1,6,4,4301,56,6.96,3,0.16,4.9,2.79,11.0,15.0,93.0,0.0,0.0,0.16,13.0,6.15,0.14,250.0,15.0,4.0,0.12,230.0,22.0,2.27,0.17,260.0,23.0,2.17,0.18,310.0,16.0,0.62,0.17,340.0,4.0,2.5,0.13,230.0,0
2025-04-16,9,1,2,4210,66,6.94,1,0.13,5.98,3.59,19.0,27.0,128.0,1.0,0.0,0.19,26.0,7.69,0.15,340.0,19.0,5.78,0.2,390.0,20.0,3.5,0.16,310.0,24.0,1.25,0.22,370.0,16.0,1.87,0.18,390.0,23.0,0.87,0.22,460.0,0
2025-04-16,9,2,3,4263,46,6.96,2,0.15,6.28,4.46,30.0,28.0,130.0,5.0,0.0,0.16,26.0,9.23,0.15,260.0,26.0,4.61,0.18,320.0,19.0,5.26,0.14,260.0,21.0,3.81,0.14,250.0,16.0,1.87,0.18,340.0,22.0,0.45,0.18,470.0,0
2025-04-16,9,3,6,4131,54,6.9,3,0.21,5.91,4.38,13.0,30.0,98.0,1.0,0.0,0.17,14.0,9.28,0.19,340.0,16.0,5.62,0.15,330.0,18.0,5.55,0.15,280.0,17.0,2.35,0.16,300.0,19.0,3.15,0.16,340.0,14.0,0.71,0.23,480.0,0
2025-04-16,9,4,1,4276,47,6.93,4,0.1,6.63,5.3,48.0,13.0,115.0,3.0,2.0,0.15,21.0,9.04,0.15,270.0,22.0,5.45,0.14,190.0,21.0,5.23,0.14,280.0,22.0,6.81,0.15,180.0,22.0,1.81,0.15,320.0,7.0,0.0,0.16,370.0,0
2025-04-16,9,5,5,4506,20,6.93,5,0.14,5.85,4.14,29.0,22.0,123.0,2.0,0.0,0.14,22.0,8.63,0.15,230.0,17.0,4.7,0.14,260.0,25.0,4.8,0.12,180.0,24.0,3.33,0.15,220.0,18.0,1.66,0.13,220.0,17.0,0.58,0.15,290.0,0
2025-04-16,9,6,4,3618,15,6.92,6,0.23,5.61,3.61,29.0,27.0,155.0,3.0,0.0,0.17,34.0,7.05,0.16,290.0,26.0,5.38,0.19,380.0,23.0,2.6,0.16,340.0,28.0,1.78,0.17,260.0,23.0,2.17,0.16,310.0,21.0,0.95,0.19,410.0,0
2025-04-16,10,1,3,4161,13,6.81,1,0.42,5.79,3.49,22.0,15.0,106.0,2.0,0.0,0.16,27.0,7.4,0.14,260.0,15.0,2.0,0.18,370.0,18.0,2.77,0.15,260.0,12.0,5.0,0.19,260.0,16.0,1.87,0.17,340.0,18.0,0.0,0.18,290.0,0
2025-04-16,10,2,6,4239,24,6.94,3,0.26,6.43,4.95,31.0,25.0,113.0,4.0,0.0,0.17,28.0,8.92,0.16,300.0,17.0,6.47,0.16,360.0,14.0,5.71,0.14,220.0,20.0,4.5,0.17,350.0,16.0,1.87,0.19,360.0,18.0,0.0,0.2,440.0,0
2025-04-16,10,3,2,4140,38,6.98,4,0.26,6.33,4.8,29.0,20.0,102.0,5.0,1.0,0.16,20.0,9.5,0.13,190.0,14.0,3.57,0.21,400.0,17.0,7.05,0.16,290.0,19.0,3.68,0.18,350.0,19.0,3.15,0.15,250.0,12.0,0.0,0.17,430.0,0
2025-04-16,10,4,1,3920,50,6.91,2,0.28,4.79,2.56,10.0,10.0,78.0,0.0,0.0,0.19,10.0,7.0,0.17,330.0,45.0,2.22,0.19,370.0,17.0,1.17,0.18,350.0,6.0,1.66,0.2,450.0,0.0,0.0,0.0,0.0,0.0,0.0,0.0,0.0,0
2025-04-16,10,5,5,3975,21,6.87,5,0.25,5.29,3.42,20.0,31.0,149.0,2.0,0.0,0.15,28.0,8.21,0.12,250.0,25.0,4.0,0.18,340.0,20.0,4.0,0.12,190.0,24.0,2.5,0.14,270.0,25.0,0.8,0.15,320.0,27.0,0.74,0.19,410.0,0
2025-04-16,10,6,4,3702,58,6.92,6,0.32,4.6,2.53,7.0,10.0,67.0,0.0,0.0,0.17,10.0,5.0,0.16,330.0,11.0,2.72,0.14,300.0,10.0,3.0,0.17,360.0,14.0,2.85,0.16,290.0,10.0,1.0,0.17,360.0,12.0,0.83,0.23,400.0,0
2025-04-16,12,1,2,3897,37,6.95,1,0.19,7.47,5.42,38.0,26.0,118.0,4.0,1.0,0.15,31.0,8.71,0.15,310.0,20.0,5.5,0.17,370.0,20.0,6.0,0.14,370.0,20.0,4.5,0.15,330.0,17.0,2.35,0.15,330.0,10.0,1.0,0.14,410.0,0
2025-04-16,12,2,1,4074,31,7.01,2,0.21,6.31,4.36,28.0,27.0,126.0,2.0,0.0,0.14,27.0,8.51,0.11,170.0,20.0,4.0,0.17,360.0,20.0,4.5,0.14,280.0,19.0,5.78,0.14,300.0,23.0,1.3,0.14,310.0,17.0,0.58,0.12,260.0,0
2025-04-16,12,3,5,3576,6,6.87,3,0.18,6.63,5.04,27.0,30.0,113.0,6.0,0.0,0.17,30.0,8.33,0.14,240.0,18.0,5.55,0.16,340.0,18.0,5.55,0.17,350.0,17.0,1.76,0.19,360.0,17.0,5.29,0.16,280.0,13.0,0.0,0.24,550.0,0
2025-04-16,12,4,4,4939,44,6.87,4,0.19,6.87,5.4,39.0,21.0,111.0,8.0,2.0,0.15,28.0,8.21,0.14,240.0,19.0,6.31,0.15,340.0,15.0,4.66,0.15,280.0,16.0,3.75,0.15,330.0,21.0,3.81,0.15,340.0,12.0,3.33,0.14,330.0,0
2025-04-16,12,5,6,4488,10,6.9,5,0.17,6.3,4.68,27.0,33.0,128.0,3.0,0.0,0.15,27.0,8.14,0.14,270.0,23.0,5.21,0.16,270.0,15.0,2.66,0.15,270.0,22.0,5.0,0.14,310.0,23.0,2.17,0.15,310.0,18.0,3.33,0.18,470.0,0
2025-04-16,12,6,3,4590,11,6.95,6,0.16,7.08,5.48,30.0,27.0,104.0,4.0,1.0,0.15,27.0,8.14,0.14,310.0,20.0,6.5,0.14,360.0,14.0,6.42,0.13,280.0,15.0,4.66,0.16,370.0,12.0,2.5,0.15,330.0,16.0,1.87,0.19,400.0,0
2025-04-17,2,1,4,4213,23,6.92,1,0.17,4.47,2.58,10.0,20.0,116.0,1.0,0.0,0.17,12.0,5.0,0.16,260.0,16.0,4.37,0.17,330.0,16.0,1.87,0.16,300.0,20.0,1.5,0.16,320.0,22.0,3.18,0.19,360.0,30.0,1.33,0.18,400.0,0
2025-04-17,2,2,3,4714,29,6.99,3,0.26,4.93,2.6,13.0,13.0,100.0,0.0,0.0,0.18,18.0,7.22,0.16,270.0,18.0,2.22,0.19,350.0,21.0,2.38,0.18,320.0,15.0,1.33,0.19,360.0,18.0,1.11,0.17,300.0,10.0,0.0,0.17,380.0,0
2025-04-17,2,3,1,4301,56,6.91,2,0.15,4.9,2.79,11.0,15.0,93.0,0.0,0.0,0.16,13.0,6.15,0.14,250.0,15.0,4.0,0.12,230.0,22.0,2.27,0.17,260.0,23.0,2.17,0.18,310.0,16.0,0.62,0.17,340.0,4.0,2.5,0.13,230.0,0
2025-04-17,2,4,6,3893,2,6.93,4,0.18,4.5,2.08,5.0,10.0,72.0,0.0,0.0,0.18,10.0,4.0,0.2,270.0,13.0,4.61,0.19,370.0,12.0,3.33,0.15,290.0,15.0,0.66,0.19,320.0,14.0,0.0,0.17,310.0,8.0,0.0,0.17,350.0,0
2025-04-17,2,5,5,3915,18,6.93,5,0.21,5.61,3.87,22.0,23.0,116.0,2.0,0.0,0.18,24.0,7.5,0.17,340.0,21.0,5.23,0.18,340.0,19.0,3.68,0.16,360.0,20.0,2.5,0.17,360.0,15.0,2.0,0.19,430.0,16.0,0.62,0.2,390.0,0
2025-04-17,2,6,2,4488,10,6.95,6,0.2,6.3,4.68,27.0,33.0,128.0,3.0,0.0,0.15,27.0,8.14,0.14,270.0,23.0,5.21,0.16,270.0,15.0,2.66,0.15,270.0,22.0,5.0,0.14,310.0,23.0,2.17,0.15,310.0,18.0,3.33,0.18,470.0,0
2025-04-17,4,1,5,4252,25,6.94,1,0.2,4.34,2.6,7.0,18.0,96.0,0.0,0.0,0.18,12.0,4.16,0.17,400.0,16.0,4.37,0.17,330.0,20.0,3.0,0.18,340.0,16.0,3.12,0.17,380.0,14.0,1.42,0.16,330.0,18.0,0.0,0.21,390.0,0
2025-04-17,4,2,4,4725,65,6.92,2,0.26,4.82,2.52,14.0,14.0,111.0,1.0,0.0,0.2,16.0,6.87,0.21,430.0,21.0,1.42,0.2,430.0,20.0,2.0,0.2,350.0,19.0,1.05,0.19,350.0,21.0,2.85,0.17,340.0,14.0,1.42,0.2,500.0,0
2025-04-17,4,3,3,4210,66,6.96,3,0.17,5.98,3.59,19.0,27.0,128.0,1.0,0.0,0.19,26.0,7.69,0.15,340.0,19.0,5.78,0.2,390.0,20.0,3.5,0.16,310.0,24.0,1.25,0.22,370.0,16.0,1.87,0.18,390.0,23.0,0.87,0.22,460.0,0
2025-04-17,4,4,2,4319,5,6.93,4,0.21,5.93,4.02,30.0,30.0,149.0,1.0,0.0,0.16,28.0,8.57,0.16,280.0,22.0,5.45,0.15,330.0,31.0,3.54,0.15,270.0,25.0,2.0,0.16,330.0,25.0,2.0,0.17,360.0,18.0,1.66,0.21,510.0,0
2025-04-17,4,5,1,5215,9,6.92,5,0.22,3.35,1.45,3.0,5.0,55.0,0.0,0.0,0.17,5.0,2.0,0.17,400.0,7.0,1.42,0.14,180.0,7.0,4.28,0.16,210.0,8.0,1.25,0.21,270.0,13.0,1.53,0.17,350.0,15.0,0.0,0.17,350.0,0
2025-04-17,4,6,6,4408,55,6.93,6,0.2,3.79,2.08,2.0,3.0,24.0,0.0,0.0,0.17,2.0,0.0,0.1,200.0,6.0,3.33,0.17,350.0,4.0,5.0,0.18,230.0,4.0,0.0,0.17,350.0,5.0,2.0,0.18,300.0,3.0,0.0,0.16,370.0,0
2025-04-17,7,1,3,4301,56,6.94,1,0.13,4.9,2.79,11.0,15.0,93.0,0.0,0.0,0.16,13.0,6.15,0.14,250.0,15.0,4.0,0.12,230.0,22.0,2.27,0.17,260.0,23.0,2.17,0.18,310.0,16.0,0.62,0.17,340.0,4.0,2.5,0.13,230.0,0
2025-04-17,7,2,1,4140,38,7.0,2,0.17,6.33,4.8,29.0,20.0,102.0,5.0,1.0,0.16,20.0,9.5,0.13,190.0,14.0,3.57,0.21,400.0,17.0,7.05,0.16,290.0,19.0,3.68,0.18,350.0,19.0,3.15,0.15,250.0,12.0,0.0,0.17,430.0,0
2025-04-17,7,3,2,4625,51,6.91,3,0.13,4.53,2.8,10.0,18.0,100.0,0.0,0.0,0.15,10.0,8.0,0.11,360.0,17.0,2.35,0.18,410.0,24.0,2.91,0.14,300.0,19.0,2.1,0.14,350.0,19.0,2.1,0.16,350.0,11.0,0.9,0.13,340.0,0
2025-04-17,7,4,5,5299,4,6.95,6,0.28,4.86,2.78,11.0,18.0,104.0,0.0,0.0,0.16,12.0,4.16,0.18,250.0,19.0,3.15,0.16,420.0,17.0,3.52,0.18,350.0,18.0,3.88,0.15,320.0,19.0,1.57,0.17,310.0,19.0,1.05,0.16,260.0,0
2025-04-17,7,5,4,4590,11,6.92,4,0.12,7.08,5.48,30.0,27.0,104.0,4.0,1.0,0.15,27.0,8.14,0.14,310.0,20.0,6.5,0.14,360.0,14.0,6.42,0.13,280.0,15.0,4.66,0.16,370.0,12.0,2.5,0.15,330.0,16.0,1.87,0.19,400.0,0
2025-04-17,7,6,6,4276,47,6.91,5,0.24,6.63,5.3,48.0,13.0,115.0,3.0,2.0,0.15,21.0,9.04,0.15,270.0,22.0,5.45,0.14,190.0,21.0,5.23,0.14,280.0,22.0,6.81,0.15,180.0,22.0,1.81,0.15,320.0,7.0,0.0,0.16,370.0,0
2025-04-17,9,1,4,4925,62,6.82,1,0.12,5.76,3.94,19.0,22.0,104.0,3.0,0.0,0.13,16.0,6.25,0.14,290.0,19.0,4.21,0.15,310.0,21.0,3.81,0.12,180.0,14.0,5.0,0.11,160.0,17.0,2.94,0.12,230.0,17.0,1.76,0.14,280.0,0
2025-04-17,9,2,6,4529,27,6.89,2,0.09,5.51,3.81,18.0,19.0,97.0,1.0,0.0,0.14,17.0,7.64,0.12,230.0,16.0,3.12,0.13,300.0,18.0,5.55,0.14,260.0,15.0,4.0,0.13,270.0,17.0,1.76,0.14,290.0,14.0,0.0,0.2,480.0,0
2025-04-17,9,3,5,4518,3,6.81,3,0.24,6.44,4.67,39.0,19.0,124.0,1.0,0.0,0.16,31.0,9.35,0.13,270.0,17.0,4.7,0.17,370.0,23.0,3.47,0.15,320.0,20.0,3.5,0.16,310.0,17.0,3.52,0.17,380.0,15.0,0.0,0.18,400.0,0
2025-04-17,9,4,1,4210,66,7.0,5,0.08,5.98,3.59,19.0,27.0,128.0,1.0,0.0,0.19,26.0,7.69,0.15,340.0,19.0,5.78,0.2,390.0,20.0,3.5,0.16,310.0,24.0,1.25,0.22,370.0,16.0,1.87,0.18,390.0,23.0,0.87,0.22,460.0,0
2025-04-17,9,5,2,4952,39,6.91,6,0.11,4.37,2.05,6.0,8.0,68.0,0.0,0.0,0.19,9.0,5.55,0.16,260.0,11.0,2.72,0.19,370.0,12.0,1.66,0.17,360.0,16.0,1.25,0.2,300.0,8.0,1.25,0.18,340.0,12.0,0.83,0.2,450.0,0
2025-04-17,9,6,3,3897,37,6.91,4,0.21,7.47,5.42,38.0,26.0,118.0,4.0,1.0,0.15,31.0,8.71,0.15,310.0,20.0,5.5,0.17,370.0,20.0,6.0,0.14,370.0,20.0,4.5,0.15,330.0,17.0,2.35,0.15,330.0,10.0,1.0,0.14,410.0,0
2025-04-17,11,1,2,3576,6,6.89,1,0.09,6.63,5.04,27.0,30.0,113.0,6.0,0.0,0.17,30.0,8.33,0.14,240.0,18.0,5.55,0.16,340.0,18.0,5.55,0.17,350.0,17.0,1.76,0.19,360.0,17.0,5.29,0.16,280.0,13.0,0.0,0.24,550.0,0
2025-04-17,11,2,1,4488,10,6.98,2,0.11,6.3,4.68,27.0,33.0,128.0,3.0,0.0,0.15,27.0,8.14,0.14,270.0,23.0,5.21,0.16,270.0,15.0,2.66,0.15,270.0,22.0,5.0,0.14,310.0,23.0,2.17,0.15,310.0,18.0,3.33,0.18,470.0,0
2025-04-17,11,3,6,4319,5,6.95,3,0.19,5.93,4.02,30.0,30.0,149.0,1.0,0.0,0.16,28.0,8.57,0.16,280.0,22.0,5.45,0.15,330.0,31.0,3.54,0.15,270.0,25.0,2.0,0.16,330.0,25.0,2.0,0.17,360.0,18.0,1.66,0.21,510.0,0
2025-04-17,11,4,3,4161,13,6.94,4,0.26,5.79,3.49,22.0,15.0,106.0,2.0,0.0,0.16,27.0,7.4,0.14,260.0,15.0,2.0,0.18,370.0,18.0,2.77,0.15,260.0,12.0,5.0,0.19,260.0,16.0,1.87,0.17,340.0,18.0,0.0,0.18,290.0,0
2025-04-17,11,5,4,4140,38,7.02,5,0.19,6.33,4.8,29.0,20.0,102.0,5.0,1.0,0.16,20.0,9.5,0.13,190.0,14.0,3.57,0.21,400.0,17.0,7.05,0.16,290.0,19.0,3.68,0.18,350.0,19.0,3.15,0.15,250.0,12.0,0.0,0.17,430.0,0
2025-04-17,11,6,5,4263,46,7.02,6,0.13,6.28,4.46,30.0,28.0,130.0,5.0,0.0,0.16,26.0,9.23,0.15,260.0,26.0,4.61,0.18,320.0,19.0,5.26,0.14,260.0,21.0,3.81,0.14,250.0,16.0,1.87,0.18,340.0,22.0,0.45,0.18,470.0,0
2025-04-18,3,1,3,4714,29,6.89,1,0.14,4.93,2.6,13.0,13.0,100.0,0.0,0.0,0.18,18.0,7.22,0.16,270.0,18.0,2.22,0.19,350.0,21.0,2.38,0.18,320.0,15.0,1.33,0.19,360.0,18.0,1.11,0.17,300.0,10.0,0.0,0.17,380.0,0
2025-04-18,3,2,1,4939,44,6.87,2,0.15,6.87,5.4,39.0,21.0,111.0,8.0,2.0,0.15,28.0,8.21,0.14,240.0,19.0,6.31,0.15,340.0,15.0,4.66,0.15,280.0,16.0,3.75,0.15,330.0,21.0,3.81,0.15,340.0,12.0,3.33,0.14,330.0,0
2025-04-18,3,3,6,5215,9,6.81,6,0.19,3.35,1.45,3.0,5.0,55.0,0.0,0.0,0.17,5.0,2.0,0.17,400.0,7.0,1.42,0.14,180.0,7.0,4.28,0.16,210.0,8.0,1.25,0.21,270.0,13.0,1.53,0.17,350.0,15.0,0.0,0.17,350.0,0
2025-04-18,3,4,2,5085,41,6.91,3,0.15,4.26,2.52,7.0,23.0,119.0,0.0,0.0,0.19,17.0,4.11,0.18,400.0,21.0,2.85,0.19,330.0,21.0,4.76,0.19,360.0,19.0,1.05,0.18,370.0,23.0,1.73,0.19,350.0,18.0,0.55,0.19,410.0,0
2025-04-18,3,5,4,4263,46,6.95,4,0.09,6.28,4.46,30.0,28.0,130.0,5.0,0.0,0.16,26.0,9.23,0.15,260.0,26.0,4.61,0.18,320.0,19.0,5.26,0.14,260.0,21.0,3.81,0.14,250.0,16.0,1.87,0.18,340.0,22.0,0.45,0.18,470.0,0
2025-04-18,3,6,5,4252,25,6.88,5,0.14,4.34,2.6,7.0,18.0,96.0,0.0,0.0,0.18,12.0,4.16,0.17,400.0,16.0,4.37,0.17,330.0,20.0,3.0,0.18,340.0,16.0,3.12,0.17,380.0,14.0,1.42,0.16,330.0,18.0,0.0,0.21,390.0,0
2025-04-18,4,1,4,4408,55,6.87,1,0.07,3.79,2.08,2.0,3.0,24.0,0.0,0.0,0.17,2.0,0.0,0.1,200.0,6.0,3.33,0.17,350.0,4.0,5.0,0.18,230.0,4.0,0.0,0.17,350.0,5.0,2.0,0.18,300.0,3.0,0.0,0.16,370.0,0
2025-04-18,4,2,1,4074,31,6.84,2,0.11,6.31,4.36,28.0,27.0,126.0,2.0,0.0,0.14,27.0,8.51,0.11,170.0,20.0,4.0,0.17,360.0,20.0,4.5,0.14,280.0,19.0,5.78,0.14,300.0,23.0,1.3,0.14,310.0,17.0,0.58,0.12,260.0,0
2025-04-18,4,3,2,4952,39,6.88,3,0.13,4.37,2.05,6.0,8.0,68.0,0.0,0.0,0.19,9.0,5.55,0.16,260.0,11.0,2.72,0.19,370.0,12.0,1.66,0.17,360.0,16.0,1.25,0.2,300.0,8.0,1.25,0.18,340.0,12.0,0.83,0.2,450.0,0
2025-04-18,4,4,5,4708,52,6.95,4,0.16,4.63,2.0,6.0,16.0,110.0,0.0,0.0,0.19,18.0,5.0,0.18,380.0,19.0,1.05,0.21,390.0,16.0,3.12,0.23,390.0,18.0,2.22,0.18,420.0,23.0,0.87,0.17,320.0,16.0,0.0,0.21,440.0,0
2025-04-18,4,5,3,3611,43,6.93,5,0.21,6.2,4.5,22.0,28.0,111.0,3.0,0.0,0.15,21.0,8.09,0.14,240.0,23.0,6.08,0.16,270.0,14.0,4.28,0.15,320.0,19.0,3.68,0.16,310.0,16.0,0.62,0.16,290.0,18.0,2.77,0.14,340.0,0
2025-04-18,4,6,6,4131,54,6.97,6,0.19,5.91,4.38,13.0,30.0,98.0,1.0,0.0,0.17,14.0,9.28,0.19,340.0,16.0,5.62,0.15,330.0,18.0,5.55,0.15,280.0,17.0,2.35,0.16,300.0,19.0,3.15,0.16,340.0,14.0,0.71,0.23,480.0,0
2025-04-18,5,1,2,3893,2,6.98,1,0.09,4.5,2.08,5.0,10.0,72.0,0.0,0.0,0.18,10.0,4.0,0.2,270.0,13.0,4.61,0.19,370.0,12.0,3.33,0.15,290.0,15.0,0.66,0.19,320.0,14.0,0.0,0.17,310.0,8.0,0.0,0.17,350.0,0
2025-04-18,5,2,5,3920,50,7.03,2,0.13,4.79,2.56,10.0,10.0,78.0,0.0,0.0,0.19,10.0,7.0,0.17,330.0,45.0,2.22,0.19,370.0,17.0,1.17,0.18,350.0,6.0,1.66,0.2,450.0,0.0,0.0,0.0,0.0,0.0,0.0,0.0,0.0,0
2025-04-18,5,3,1,4260,30,7.04,3,0.15,5.53,3.95,23.0,30.0,134.0,2.0,1.0,0.17,26.0,7.69,0.18,350.0,25.0,4.4,0.17,340.0,22.0,3.63,0.17,370.0,20.0,3.0,0.17,350.0,21.0,1.9,0.17,350.0,20.0,2.0,0.19,390.0,0
2025-04-18,5,4,3,4506,20,6.99,4,0.1,5.85,4.14,29.0,22.0,123.0,2.0,0.0,0.14,22.0,8.63,0.15,230.0,17.0,4.7,0.14,260.0,25.0,4.8,0.12,180.0,24.0,3.33,0.15,220.0,18.0,1.66,0.13,220.0,17.0,0.58,0.15,290.0,0
2025-04-18,5,5,4,3897,37,6.89,5,0.13,7.47,5.42,38.0,26.0,118.0,4.0,1.0,0.15,31.0,8.71,0.15,310.0,20.0,5.5,0.17,370.0,20.0,6.0,0.14,370.0,20.0,4.5,0.15,330.0,17.0,2.35,0.15,330.0,10.0,1.0,0.14,410.0,0
2025-04-18,5,6,6,4319,5,6.91,6,0.32,5.93,4.02,30.0,30.0,149.0,1.0,0.0,0.16,28.0,8.57,0.16,280.0,22.0,5.45,0.15,330.0,31.0,3.54,0.15,270.0,25.0,2.0,0.16,330.0,25.0,2.0,0.17,360.0,18.0,1.66,0.21,510.0,0
2025-04-18,7,1,6,5299,4,6.96,1,0.19,4.86,2.78,11.0,18.0,104.0,0.0,0.0,0.16,12.0,4.16,0.18,250.0,19.0,3.15,0.16,420.0,17.0,3.52,0.18,350.0,18.0,3.88,0.15,320.0,19.0,1.57,0.17,310.0,19.0,1.05,0.16,260.0,0
2025-04-18,7,2,3,4210,66,6.97,2,0.22,5.98,3.59,19.0,27.0,128.0,1.0,0.0,0.19,26.0,7.69,0.15,340.0,19.0,5.78,0.2,390.0,20.0,3.5,0.16,310.0,24.0,1.25,0.22,370.0,16.0,1.87,0.18,390.0,23.0,0.87,0.22,460.0,0
2025-04-18,7,3,5,4714,29,7.03,3,0.22,4.93,2.6,13.0,13.0,100.0,0.0,0.0,0.18,18.0,7.22,0.16,270.0,18.0,2.22,0.19,350.0,21.0,2.38,0.18,320.0,15.0,1.33,0.19,360.0,18.0,1.11,0.17,300.0,10.0,0.0,0.17,380.0,0
2025-04-18,7,4,4,4725,65,6.99,4,0.19,4.82,2.52,14.0,14.0,111.0,1.0,0.0,0.2,16.0,6.87,0.21,430.0,21.0,1.42,0.2,430.0,20.0,2.0,0.2,350.0,19.0,1.05,0.19,350.0,21.0,2.85,0.17,340.0,14.0,1.42,0.2,500.0,0
2025-04-18,7,5,1,3576,6,6.94,5,0.16,6.63,5.04,27.0,30.0,113.0,6.0,0.0,0.17,30.0,8.33,0.14,240.0,18.0,5.55,0.16,340.0,18.0,5.55,0.17,350.0,17.0,1.76,0.19,360.0,17.0,5.29,0.16,280.0,13.0,0.0,0.24,550.0,0
2025-04-18,7,6,2,3975,21,6.93,6,0.15,5.29,3.42,20.0,31.0,149.0,2.0,0.0,0.15,28.0,8.21,0.12,250.0,25.0,4.0,0.18,340.0,20.0,4.0,0.12,190.0,24.0,2.5,0.14,270.0,25.0,0.8,0.15,320.0,27.0,0.74,0.19,410.0,0
2025-04-18,8,1,2,4140,38,7.03,1,0.17,6.33,4.8,29.0,20.0,102.0,5.0,1.0,0.16,20.0,9.5,0.13,190.0,14.0,3.57,0.21,400.0,17.0,7.05,0.16,290.0,19.0,3.68,0.18,350.0,19.0,3.15,0.15,250.0,12.0,0.0,0.17,430.0,0
2025-04-18,8,2,5,4925,62,6.94,2,0.15,5.76,3.94,19.0,22.0,104.0,3.0,0.0,0.13,16.0,6.25,0.14,290.0,19.0,4.21,0.15,310.0,21.0,3.81,0.12,180.0,14.0,5.0,0.11,160.0,17.0,2.94,0.12,230.0,17.0,1.76,0.14,280.0,0
2025-04-18,8,3,1,4529,27,6.91,3,0.1,5.51,3.81,18.0,19.0,97.0,1.0,0.0,0.14,17.0,7.64,0.12,230.0,16.0,3.12,0.13,300.0,18.0,5.55,0.14,260.0,15.0,4.0,0.13,270.0,17.0,1.76,0.14,290.0,14.0,0.0,0.2,480.0,0
2025-04-18,8,4,3,3611,43,6.93,4,0.11,6.2,4.5,22.0,28.0,111.0,3.0,0.0,0.15,21.0,8.09,0.14,240.0,23.0,6.08,0.16,270.0,14.0,4.28,0.15,320.0,19.0,3.68,0.16,310.0,16.0,0.62,0.16,290.0,18.0,2.77,0.14,340.0,0
2025-04-18,8,5,4,3527,40,7.01,5,0.13,5.44,2.99,14.0,21.0,117.0,0.0,0.0,0.17,19.0,7.36,0.16,260.0,16.0,3.12,0.17,390.0,19.0,3.15,0.17,320.0,24.0,2.08,0.2,370.0,23.0,1.3,0.17,370.0,16.0,1.25,0.15,290.0,0
2025-04-18,8,6,6,5215,9,6.91,6,0.17,3.35,1.45,3.0,5.0,55.0,0.0,0.0,0.17,5.0,2.0,0.17,400.0,7.0,1.42,0.14,180.0,7.0,4.28,0.16,210.0,8.0,1.25,0.21,270.0,13.0,1.53,0.17,350.0,15.0,0.0,0.17,350.0,0
2025-04-18,9,1,2,4260,30,6.98,1,0.16,5.53,3.95,23.0,30.0,134.0,2.0,1.0,0.17,26.0,7.69,0.18,350.0,25.0,4.4,0.17,340.0,22.0,3.63,0.17,370.0,20.0,3.0,0.17,350.0,21.0,1.9,0.17,350.0,20.0,2.0,0.19,390.0,0
2025-04-18,9,2,1,4590,11,6.88,2,0.11,7.08,5.48,30.0,27.0,104.0,4.0,1.0,0.15,27.0,8.14,0.14,310.0,20.0,6.5,0.14,360.0,14.0,6.42,0.13,280.0,15.0,4.66,0.16,370.0,12.0,2.5,0.15,330.0,16.0,1.87,0.19,400.0,0
2025-04-18,9,3,3,4488,10,7.01,3,0.09,6.3,4.68,27.0,33.0,128.0,3.0,0.0,0.15,27.0,8.14,0.14,270.0,23.0,5.21,0.16,270.0,15.0,2.66,0.15,270.0,22.0,5.0,0.14,310.0,23.0,2.17,0.15,310.0,18.0,3.33,0.18,470.0,0
2025-04-18,9,4,4,4408,55,6.95,4,0.17,3.79,2.08,2.0,3.0,24.0,0.0,0.0,0.17,2.0,0.0,0.1,200.0,6.0,3.33,0.17,350.0,4.0,5.0,0.18,230.0,4.0,0.0,0.17,350.0,5.0,2.0,0.18,300.0,3.0,0.0,0.16,370.0,0
2025-04-18,9,5,5,5114,63,6.94,5,0.19,6.03,4.05,23.0,20.0,106.0,2.0,0.0,0.17,16.0,8.75,0.14,280.0,16.0,5.62,0.16,270.0,17.0,3.52,0.15,240.0,22.0,3.63,0.17,250.0,19.0,2.63,0.18,360.0,16.0,0.62,0.21,460.0,0
2025-04-18,9,6,6,3455,48,6.86,6,0.19,5.17,3.59,11.0,26.0,103.0,0.0,0.0,0.18,17.0,7.05,0.17,320.0,17.0,4.7,0.16,320.0,19.0,3.68,0.17,350.0,14.0,2.85,0.17,310.0,22.0,2.27,0.19,310.0,14.0,0.71,0.19,440.0,0
2025-04-19,4,1,2,3455,48,7.01,1,0.06,5.17,3.59,11.0,26.0,103.0,0.0,0.0,0.18,17.0,7.05,0.17,320.0,17.0,4.7,0.16,320.0,19.0,3.68,0.17,350.0,14.0,2.85,0.17,310.0,22.0,2.27,0.19,310.0,14.0,0.71,0.19,440.0,0
2025-04-19,4,2,1,4276,47,6.93,2,0.04,6.63,5.3,48.0,13.0,115.0,3.0,2.0,0.15,21.0,9.04,0.15,270.0,22.0,5.45,0.14,190.0,21.0,5.23,0.14,280.0,22.0,6.81,0.15,180.0,22.0,1.81,0.15,320.0,7.0,0.0,0.16,370.0,0
2025-04-19,4,3,3,4894,7,6.94,3,0.09,4.8,2.6,8.0,18.0,100.0,0.0,0.0,0.18,13.0,6.92,0.17,380.0,16.0,1.25,0.2,420.0,21.0,3.33,0.17,400.0,14.0,2.85,0.19,390.0,22.0,1.81,0.18,360.0,14.0,0.0,0.18,470.0,0
2025-04-19,4,4,4,4714,29,7.02,4,0.16,4.93,2.6,13.0,13.0,100.0,0.0,0.0,0.18,18.0,7.22,0.16,270.0,18.0,2.22,0.19,350.0,21.0,2.38,0.18,320.0,15.0,1.33,0.19,360.0,18.0,1.11,0.17,300.0,10.0,0.0,0.17,380.0,0
2025-04-19,4,5,6,3975,21,6.94,5,0.16,5.29,3.42,20.0,31.0,149.0,2.0,0.0,0.15,28.0,8.21,0.12,250.0,25.0,4.0,0.18,340.0,20.0,4.0,0.12,190.0,24.0,2.5,0.14,270.0,25.0,0.8,0.15,320.0,27.0,0.74,0.19,410.0,0
2025-04-19,4,6,5,4140,38,7.0,6,0.15,6.33,4.8,29.0,20.0,102.0,5.0,1.0,0.16,20.0,9.5,0.13,190.0,14.0,3.57,0.21,400.0,17.0,7.05,0.16,290.0,19.0,3.68,0.18,350.0,19.0,3.15,0.15,250.0,12.0,0.0,0.17,430.0,0
2025-04-19,5,1,3,4263,46,6.92,2,0.1,6.28,4.46,30.0,28.0,130.0,5.0,0.0,0.16,26.0,9.23,0.15,260.0,26.0,4.61,0.18,320.0,19.0,5.26,0.14,260.0,21.0,3.81,0.14,250.0,16.0,1.87,0.18,340.0,22.0,0.45,0.18,470.0,0
2025-04-19,5,2,1,4301,56,6.98,1,0.15,4.9,2.79,11.0,15.0,93.0,0.0,0.0,0.16,13.0,6.15,0.14,250.0,15.0,4.0,0.12,230.0,22.0,2.27,0.17,260.0,23.0,2.17,0.18,310.0,16.0,0.62,0.17,340.0,4.0,2.5,0.13,230.0,0
2025-04-19,5,3,5,4725,65,6.97,3,0.43,4.82,2.52,14.0,14.0,111.0,1.0,0.0,0.2,16.0,6.87,0.21,430.0,21.0,1.42,0.2,430.0,20.0,2.0,0.2,350.0,19.0,1.05,0.19,350.0,21.0,2.85,0.17,340.0,14.0,1.42,0.2,500.0,0
2025-04-19,5,4,2,4590,11,6.91,4,0.1,7.08,5.48,30.0,27.0,104.0,4.0,1.0,0.15,27.0,8.14,0.14,310.0,20.0,6.5,0.14,360.0,14.0,6.42,0.13,280.0,15.0,4.66,0.16,370.0,12.0,2.5,0.15,330.0,16.0,1.87,0.19,400.0,0
2025-04-19,5,5,6,4939,44,7.01,5,0.11,6.87,5.4,39.0,21.0,111.0,8.0,2.0,0.15,28.0,8.21,0.14,240.0,19.0,6.31,0.15,340.0,15.0,4.66,0.15,280.0,16.0,3.75,0.15,330.0,21.0,3.81,0.15,340.0,12.0,3.33,0.14,330.0,0
2025-04-19,5,6,4,4625,51,6.9,6,0.07,4.53,2.8,10.0,18.0,100.0,0.0,0.0,0.15,10.0,8.0,0.11,360.0,17.0,2.35,0.18,410.0,24.0,2.91,0.14,300.0,19.0,2.1,0.14,350.0,19.0,2.1,0.16,350.0,11.0,0.9,0.13,340.0,0
2025-04-19,7,1,2,4151,60,6.86,1,0.13,5.67,3.69,19.0,32.0,138.0,3.0,0.0,0.18,26.0,6.92,0.17,350.0,26.0,4.61,0.16,360.0,25.0,3.6,0.17,350.0,29.0,3.1,0.2,410.0,16.0,1.25,0.21,440.0,16.0,0.62,0.2,480.0,0
2025-04-19,7,2,1,3897,37,6.94,2,0.14,7.47,5.42,38.0,26.0,118.0,4.0,1.0,0.15,31.0,8.71,0.15,310.0,20.0,5.5,0.17,370.0,20.0,6.0,0.14,370.0,20.0,4.5,0.15,330.0,17.0,2.35,0.15,330.0,10.0,1.0,0.14,410.0,0
2025-04-19,7,3,3,3576,6,6.96,3,0.15,6.63,5.04,27.0,30.0,113.0,6.0,0.0,0.17,30.0,8.33,0.14,240.0,18.0,5.55,0.16,340.0,18.0,5.55,0.17,350.0,17.0,1.76,0.19,360.0,17.0,5.29,0.16,280.0,13.0,0.0,0.24,550.0,0
2025-04-19,7,4,6,4408,55,6.9,4,0.15,3.79,2.08,2.0,3.0,24.0,0.0,0.0,0.17,2.0,0.0,0.1,200.0,6.0,3.33,0.17,350.0,4.0,5.0,0.18,230.0,4.0,0.0,0.17,350.0,5.0,2.0,0.18,300.0,3.0,0.0,0.16,370.0,0
2025-04-19,7,5,4,4213,23,6.97,5,0.14,4.47,2.58,10.0,20.0,116.0,1.0,0.0,0.17,12.0,5.0,0.16,260.0,16.0,4.37,0.17,330.0,16.0,1.87,0.16,300.0,20.0,1.5,0.16,320.0,22.0,3.18,0.19,360.0,30.0,1.33,0.18,400.0,0
2025-04-19,7,6,5,4529,27,6.99,6,0.19,5.51,3.81,18.0,19.0,97.0,1.0,0.0,0.14,17.0,7.64,0.12,230.0,16.0,3.12,0.13,300.0,18.0,5.55,0.14,260.0,15.0,4.0,0.13,270.0,17.0,1.76,0.14,290.0,14.0,0.0,0.2,480.0,0
2025-04-20,1,1,2,4894,7,6.9,1,0.19,4.8,2.6,8.0,18.0,100.0,0.0,0.0,0.18,13.0,6.92,0.17,380.0,16.0,1.25,0.2,420.0,21.0,3.33,0.17,400.0,14.0,2.85,0.19,390.0,22.0,1.81,0.18,360.0,14.0,0.0,0.18,470.0,0
2025-04-20,1,2,1,4725,65,6.9,2,0.13,4.82,2.52,14.0,14.0,111.0,1.0,0.0,0.2,16.0,6.87,0.21,430.0,21.0,1.42,0.2,430.0,20.0,2.0,0.2,350.0,19.0,1.05,0.19,350.0,21.0,2.85,0.17,340.0,14.0,1.42,0.2,500.0,0
2025-04-20,1,3,3,5114,63,6.86,3,0.14,6.03,4.05,23.0,20.0,106.0,2.0,0.0,0.17,16.0,8.75,0.14,280.0,16.0,5.62,0.16,270.0,17.0,3.52,0.15,240.0,22.0,3.63,0.17,250.0,19.0,2.63,0.18,360.0,16.0,0.62,0.21,460.0,0
2025-04-20,1,4,5,4952,39,6.84,4,0.21,4.37,2.05,6.0,8.0,68.0,0.0,0.0,0.19,9.0,5.55,0.16,260.0,11.0,2.72,0.19,370.0,12.0,1.66,0.17,360.0,16.0,1.25,0.2,300.0,8.0,1.25,0.18,340.0,12.0,0.83,0.2,450.0,0
2025-04-20,1,5,4,4252,25,6.87,5,0.23,4.34,2.6,7.0,18.0,96.0,0.0,0.0,0.18,12.0,4.16,0.17,400.0,16.0,4.37,0.17,330.0,20.0,3.0,0.18,340.0,16.0,3.12,0.17,380.0,14.0,1.42,0.16,330.0,18.0,0.0,0.21,390.0,0
2025-04-20,1,6,6,5215,9,6.81,6,0.24,3.35,1.45,3.0,5.0,55.0,0.0,0.0,0.17,5.0,2.0,0.17,400.0,7.0,1.42,0.14,180.0,7.0,4.28,0.16,210.0,8.0,1.25,0.21,270.0,13.0,1.53,0.17,350.0,15.0,0.0,0.17,350.0,0
2025-04-20,6,1,2,3618,15,6.93,1,0.16,5.61,3.61,29.0,27.0,155.0,3.0,0.0,0.17,34.0,7.05,0.16,290.0,26.0,5.38,0.19,380.0,23.0,2.6,0.16,340.0,28.0,1.78,0.17,260.0,23.0,2.17,0.16,310.0,21.0,0.95,0.19,410.0,0
2025-04-20,6,2,6,4213,23,7.04,2,0.16,4.47,2.58,10.0,20.0,116.0,1.0,0.0,0.17,12.0,5.0,0.16,260.0,16.0,4.37,0.17,330.0,16.0,1.87,0.16,300.0,20.0,1.5,0.16,320.0,22.0,3.18,0.19,360.0,30.0,1.33,0.18,400.0,0
2025-04-20,6,3,1,3975,21,6.93,3,0.09,5.29,3.42,20.0,31.0,149.0,2.0,0.0,0.15,28.0,8.21,0.12,250.0,25.0,4.0,0.18,340.0,20.0,4.0,0.12,190.0,24.0,2.5,0.14,270.0,25.0,0.8,0.15,320.0,27.0,0.74,0.19,410.0,0
2025-04-20,6,4,5,4161,13,6.94,4,0.08,5.79,3.49,22.0,15.0,106.0,2.0,0.0,0.16,27.0,7.4,0.14,260.0,15.0,2.0,0.18,370.0,18.0,2.77,0.15,260.0,12.0,5.0,0.19,260.0,16.0,1.87,0.17,340.0,18.0,0.0,0.18,290.0,0
2025-04-20,6,5,4,3893,2,7.0,5,0.13,4.5,2.08,5.0,10.0,72.0,0.0,0.0,0.18,10.0,4.0,0.2,270.0,13.0,4.61,0.19,370.0,12.0,3.33,0.15,290.0,15.0,0.66,0.19,320.0,14.0,0.0,0.17,310.0,8.0,0.0,0.17,350.0,0
2025-04-20,6,6,3,4708,52,7.02,6,0.12,4.63,2.0,6.0,16.0,110.0,0.0,0.0,0.19,18.0,5.0,0.18,380.0,19.0,1.05,0.21,390.0,16.0,3.12,0.23,390.0,18.0,2.22,0.18,420.0,23.0,0.87,0.17,320.0,16.0,0.0,0.21,440.0,0
2025-04-20,9,1,3,4488,10,6.92,1,0.16,6.3,4.68,27.0,33.0,128.0,3.0,0.0,0.15,27.0,8.14,0.14,270.0,23.0,5.21,0.16,270.0,15.0,2.66,0.15,270.0,22.0,5.0,0.14,310.0,23.0,2.17,0.15,310.0,18.0,3.33,0.18,470.0,0
2025-04-20,9,2,2,4939,44,6.96,2,0.21,6.87,5.4,39.0,21.0,111.0,8.0,2.0,0.15,28.0,8.21,0.14,240.0,19.0,6.31,0.15,340.0,15.0,4.66,0.15,280.0,16.0,3.75,0.15,330.0,21.0,3.81,0.15,340.0,12.0,3.33,0.14,330.0,0
2025-04-20,9,3,5,3527,40,7.0,3,0.37,5.44,2.99,14.0,21.0,117.0,0.0,0.0,0.17,19.0,7.36,0.16,260.0,16.0,3.12,0.17,390.0,19.0,3.15,0.17,320.0,24.0,2.08,0.2,370.0,23.0,1.3,0.17,370.0,16.0,1.25,0.15,290.0,0
2025-04-20,9,4,4,4210,66,7.05,4,0.38,5.98,3.59,19.0,27.0,128.0,1.0,0.0,0.19,26.0,7.69,0.15,340.0,19.0,5.78,0.2,390.0,20.0,3.5,0.16,310.0,24.0,1.25,0.22,370.0,16.0,1.87,0.18,390.0,23.0,0.87,0.22,460.0,0
2025-04-20,9,5,6,4301,56,7.03,5,0.35,4.9,2.79,11.0,15.0,93.0,0.0,0.0,0.16,13.0,6.15,0.14,250.0,15.0,4.0,0.12,230.0,22.0,2.27,0.17,260.0,23.0,2.17,0.18,310.0,16.0,0.62,0.17,340.0,4.0,2.5,0.13,230.0,0
2025-04-20,9,6,1,4506,20,6.91,6,0.16,5.85,4.14,29.0,22.0,123.0,2.0,0.0,0.14,22.0,8.63,0.15,230.0,17.0,4.7,0.14,260.0,25.0,4.8,0.12,180.0,24.0,3.33,0.15,220.0,18.0,1.66,0.13,220.0,17.0,0.58,0.15,290.0,0
2025-04-20,11,1,6,4590,11,6.9,1,0.12,7.08,5.48,30.0,27.0,104.0,4.0,1.0,0.15,27.0,8.14,0.14,310.0,20.0,6.5,0.14,360.0,14.0,6.42,0.13,280.0,15.0,4.66,0.16,370.0,12.0,2.5,0.15,330.0,16.0,1.87,0.19,400.0,0
2025-04-20,11,2,2,3897,37,6.91,2,0.19,7.47,5.42,38.0,26.0,118.0,4.0,1.0,0.15,31.0,8.71,0.15,310.0,20.0,5.5,0.17,370.0,20.0,6.0,0.14,370.0,20.0,4.5,0.15,330.0,17.0,2.35,0.15,330.0,10.0,1.0,0.14,410.0,0
2025-04-20,11,3,1,4276,47,6.83,3,0.13,6.63,5.3,48.0,13.0,115.0,3.0,2.0,0.15,21.0,9.04,0.15,270.0,22.0,5.45,0.14,190.0,21.0,5.23,0.14,280.0,22.0,6.81,0.15,180.0,22.0,1.81,0.15,320.0,7.0,0.0,0.16,370.0,0
2025-04-20,11,4,3,3975,21,6.89,4,0.19,5.29,3.42,20.0,31.0,149.0,2.0,0.0,0.15,28.0,8.21,0.12,250.0,25.0,4.0,0.18,340.0,20.0,4.0,0.12,190.0,24.0,2.5,0.14,270.0,25.0,0.8,0.15,320.0,27.0,0.74,0.19,410.0,0
2025-04-20,11,5,5,4140,38,6.99,5,0.2,6.33,4.8,29.0,20.0,102.0,5.0,1.0,0.16,20.0,9.5,0.13,190.0,14.0,3.57,0.21,400.0,17.0,7.05,0.16,290.0,19.0,3.68,0.18,350.0,19.0,3.15,0.15,250.0,12.0,0.0,0.17,430.0,0
2025-04-20,11,6,4,4263,46,6.9,6,0.23,6.28,4.46,30.0,28.0,130.0,5.0,0.0,0.16,26.0,9.23,0.15,260.0,26.0,4.61,0.18,320.0,19.0,5.26,0.14,260.0,21.0,3.81,0.14,250.0,16.0,1.87,0.18,340.0,22.0,0.45,0.18,470.0,0
2025-04-21,1,1,2,4708,52,6.9,1,0.27,4.63,2.0,6.0,16.0,110.0,0.0,0.0,0.19,18.0,5.0,0.18,380.0,19.0,1.05,0.21,390.0,16.0,3.12,0.23,390.0,18.0,2.22,0.18,420.0,23.0,0.87,0.17,320.0,16.0,0.0,0.21,440.0,0
2025-04-21,1,2,3,4252,25,6.81,2,0.24,4.34,2.6,7.0,18.0,96.0,0.0,0.0,0.18,12.0,4.16,0.17,400.0,16.0,4.37,0.17,330.0,20.0,3.0,0.18,340.0,16.0,3.12,0.17,380.0,14.0,1.42,0.16,330.0,18.0,0.0,0.21,390.0,0
2025-04-21,1,3,5,4213,23,6.94,3,0.21,4.47,2.58,10.0,20.0,116.0,1.0,0.0,0.17,12.0,5.0,0.16,260.0,16.0,4.37,0.17,330.0,16.0,1.87,0.16,300.0,20.0,1.5,0.16,320.0,22.0,3.18,0.19,360.0,30.0,1.33,0.18,400.0,0
2025-04-21,1,4,1,4429,61,6.87,4,0.22,4.1,1.74,10.0,12.0,126.0,0.0,0.0,0.19,13.0,5.38,0.17,280.0,26.0,2.69,0.18,390.0,23.0,1.3,0.15,300.0,22.0,2.27,0.2,360.0,27.0,0.0,0.19,390.0,15.0,0.0,0.24,470.0,0
2025-04-21,1,5,4,5085,41,6.93,5,0.26,4.26,2.52,7.0,23.0,119.0,0.0,0.0,0.19,17.0,4.11,0.18,400.0,21.0,2.85,0.19,330.0,21.0,4.76,0.19,360.0,19.0,1.05,0.18,370.0,23.0,1.73,0.19,350.0,18.0,0.55,0.19,410.0,0
2025-04-21,1,6,6,5215,9,6.86,6,0.27,3.35,1.45,3.0,5.0,55.0,0.0,0.0,0.17,5.0,2.0,0.17,400.0,7.0,1.42,0.14,180.0,7.0,4.28,0.16,210.0,8.0,1.25,0.21,270.0,13.0,1.53,0.17,350.0,15.0,0.0,0.17,350.0,0
2025-04-21,2,1,6,5114,63,6.8,1,0.17,6.03,4.05,23.0,20.0,106.0,2.0,0.0,0.17,16.0,8.75,0.14,280.0,16.0,5.62,0.16,270.0,17.0,3.52,0.15,240.0,22.0,3.63,0.17,250.0,19.0,2.63,0.18,360.0,16.0,0.62,0.21,460.0,0
2025-04-21,2,2,5,3893,2,6.93,3,0.28,4.5,2.08,5.0,10.0,72.0,0.0,0.0,0.18,10.0,4.0,0.2,270.0,13.0,4.61,0.19,370.0,12.0,3.33,0.15,290.0,15.0,0.66,0.19,320.0,14.0,0.0,0.17,310.0,8.0,0.0,0.17,350.0,0
2025-04-21,2,3,1,4131,54,6.85,4,0.15,5.91,4.38,13.0,30.0,98.0,1.0,0.0,0.17,14.0,9.28,0.19,340.0,16.0,5.62,0.15,330.0,18.0,5.55,0.15,280.0,17.0,2.35,0.16,300.0,19.0,3.15,0.16,340.0,14.0,0.71,0.23,480.0,0
2025-04-21,2,4,4,3920,50,6.94,2,0.2,4.79,2.56,10.0,10.0,78.0,0.0,0.0,0.19,10.0,7.0,0.17,330.0,45.0,2.22,0.19,370.0,17.0,1.17,0.18,350.0,6.0,1.66,0.2,450.0,0.0,0.0,0.0,0.0,0.0,0.0,0.0,0.0,0
2025-04-21,2,5,2,3611,43,6.88,5,0.15,6.2,4.5,22.0,28.0,111.0,3.0,0.0,0.15,21.0,8.09,0.14,240.0,23.0,6.08,0.16,270.0,14.0,4.28,0.15,320.0,19.0,3.68,0.16,310.0,16.0,0.62,0.16,290.0,18.0,2.77,0.14,340.0,0
2025-04-21,2,6,3,4894,7,6.9,6,0.21,4.8,2.6,8.0,18.0,100.0,0.0,0.0,0.18,13.0,6.92,0.17,380.0,16.0,1.25,0.2,420.0,21.0,3.33,0.17,400.0,14.0,2.85,0.19,390.0,22.0,1.81,0.18,360.0,14.0,0.0,0.18,470.0,0
2025-04-21,6,1,6,4210,66,6.94,1,0.19,5.98,3.59,19.0,27.0,128.0,1.0,0.0,0.19,26.0,7.69,0.15,340.0,19.0,5.78,0.2,390.0,20.0,3.5,0.16,310.0,24.0,1.25,0.22,370.0,16.0,1.87,0.18,390.0,23.0,0.87,0.22,460.0,0
2025-04-21,6,2,3,4894,7,6.96,2,0.18,4.8,2.6,8.0,18.0,100.0,0.0,0.0,0.18,13.0,6.92,0.17,380.0,16.0,1.25,0.2,420.0,21.0,3.33,0.17,400.0,14.0,2.85,0.19,390.0,22.0,1.81,0.18,360.0,14.0,0.0,0.18,470.0,0
2025-04-21,6,3,1,4074,31,6.89,3,0.14,6.31,4.36,28.0,27.0,126.0,2.0,0.0,0.14,27.0,8.51,0.11,170.0,20.0,4.0,0.17,360.0,20.0,4.5,0.14,280.0,19.0,5.78,0.14,300.0,23.0,1.3,0.14,310.0,17.0,0.58,0.12,260.0,0
2025-04-21,6,4,2,4263,46,7.02,4,0.11,6.28,4.46,30.0,28.0,130.0,5.0,0.0,0.16,26.0,9.23,0.15,260.0,26.0,4.61,0.18,320.0,19.0,5.26,0.14,260.0,21.0,3.81,0.14,250.0,16.0,1.87,0.18,340.0,22.0,0.45,0.18,470.0,0
2025-04-21,6,5,5,4131,54,6.9,5,0.15,5.91,4.38,13.0,30.0,98.0,1.0,0.0,0.17,14.0,9.28,0.19,340.0,16.0,5.62,0.15,330.0,18.0,5.55,0.15,280.0,17.0,2.35,0.16,300.0,19.0,3.15,0.16,340.0,14.0,0.71,0.23,480.0,0
2025-04-21,6,6,4,4429,61,6.95,6,0.31,4.1,1.74,10.0,12.0,126.0,0.0,0.0,0.19,13.0,5.38,0.17,280.0,26.0,2.69,0.18,390.0,23.0,1.3,0.15,300.0,22.0,2.27,0.2,360.0,27.0,0.0,0.19,390.0,15.0,0.0,0.24,470.0,0
2025-04-21,7,1,5,5218,35,6.86,1,0.07,5.77,3.51,27.0,24.0,145.0,0.0,0.0,0.15,23.0,8.26,0.15,220.0,24.0,3.33,0.15,310.0,29.0,3.79,0.12,240.0,26.0,1.53,0.16,280.0,26.0,3.07,0.14,260.0,17.0,0.58,0.18,430.0,0
2025-04-21,7,2,1,4590,11,6.83,2,0.14,7.08,5.48,30.0,27.0,104.0,4.0,1.0,0.15,27.0,8.14,0.14,310.0,20.0,6.5,0.14,360.0,14.0,6.42,0.13,280.0,15.0,4.66,0.16,370.0,12.0,2.5,0.15,330.0,16.0,1.87,0.19,400.0,0
2025-04-21,7,3,6,4714,29,6.97,3,0.17,4.93,2.6,13.0,13.0,100.0,0.0,0.0,0.18,18.0,7.22,0.16,270.0,18.0,2.22,0.19,350.0,21.0,2.38,0.18,320.0,15.0,1.33,0.19,360.0,18.0,1.11,0.17,300.0,10.0,0.0,0.17,380.0,0
2025-04-21,7,4,3,3893,2,6.97,4,0.17,4.5,2.08,5.0,10.0,72.0,0.0,0.0,0.18,10.0,4.0,0.2,270.0,13.0,4.61,0.19,370.0,12.0,3.33,0.15,290.0,15.0,0.66,0.19,320.0,14.0,0.0,0.17,310.0,8.0,0.0,0.17,350.0,0
2025-04-21,7,5,4,4213,23,6.93,5,0.21,4.47,2.58,10.0,20.0,116.0,1.0,0.0,0.17,12.0,5.0,0.16,260.0,16.0,4.37,0.17,330.0,16.0,1.87,0.16,300.0,20.0,1.5,0.16,320.0,22.0,3.18,0.19,360.0,30.0,1.33,0.18,400.0,0
2025-04-21,7,6,2,3611,43,6.91,6,0.23,6.2,4.5,22.0,28.0,111.0,3.0,0.0,0.15,21.0,8.09,0.14,240.0,23.0,6.08,0.16,270.0,14.0,4.28,0.15,320.0,19.0,3.68,0.16,310.0,16.0,0.62,0.16,290.0,18.0,2.77,0.14,340.0,0
2025-04-21,8,1,2,4140,38,6.93,1,0.11,6.33,4.8,29.0,20.0,102.0,5.0,1.0,0.16,20.0,9.5,0.13,190.0,14.0,3.57,0.21,400.0,17.0,7.05,0.16,290.0,19.0,3.68,0.18,350.0,19.0,3.15,0.15,250.0,12.0,0.0,0.17,430.0,0
2025-04-21,8,2,1,4319,5,6.96,2,0.12,5.93,4.02,30.0,30.0,149.0,1.0,0.0,0.16,28.0,8.57,0.16,280.0,22.0,5.45,0.15,330.0,31.0,3.54,0.15,270.0,25.0,2.0,0.16,330.0,25.0,2.0,0.17,360.0,18.0,1.66,0.21,510.0,0
2025-04-21,8,3,3,3920,50,6.79,3,0.12,4.79,2.56,10.0,10.0,78.0,0.0,0.0,0.19,10.0,7.0,0.17,330.0,45.0,2.22,0.19,370.0,17.0,1.17,0.18,350.0,6.0,1.66,0.2,450.0,0.0,0.0,0.0,0.0,0.0,0.0,0.0,0.0,0
2025-04-21,8,4,6,4925,62,6.91,4,0.12,5.76,3.94,19.0,22.0,104.0,3.0,0.0,0.13,16.0,6.25,0.14,290.0,19.0,4.21,0.15,310.0,21.0,3.81,0.12,180.0,14.0,5.0,0.11,160.0,17.0,2.94,0.12,230.0,17.0,1.76,0.14,280.0,0
2025-04-21,8,5,4,4408,55,6.94,5,0.12,3.79,2.08,2.0,3.0,24.0,0.0,0.0,0.17,2.0,0.0,0.1,200.0,6.0,3.33,0.17,350.0,4.0,5.0,0.18,230.0,4.0,0.0,0.17,350.0,5.0,2.0,0.18,300.0,3.0,0.0,0.16,370.0,0
2025-04-21,8,6,5,4301,56,6.99,6,0.18,4.9,2.79,11.0,15.0,93.0,0.0,0.0,0.16,13.0,6.15,0.14,250.0,15.0,4.0,0.12,230.0,22.0,2.27,0.17,260.0,23.0,2.17,0.18,310.0,16.0,0.62,0.17,340.0,4.0,2.5,0.13,230.0,0
2025-04-21,10,1,2,4488,10,6.91,1,0.21,6.3,4.68,27.0,33.0,128.0,3.0,0.0,0.15,27.0,8.14,0.14,270.0,23.0,5.21,0.16,270.0,15.0,2.66,0.15,270.0,22.0,5.0,0.14,310.0,23.0,2.17,0.15,310.0,18.0,3.33,0.18,470.0,0
2025-04-21,10,2,3,3975,21,6.88,2,0.2,5.29,3.42,20.0,31.0,149.0,2.0,0.0,0.15,28.0,8.21,0.12,250.0,25.0,4.0,0.18,340.0,20.0,4.0,0.12,190.0,24.0,2.5,0.14,270.0,25.0,0.8,0.15,320.0,27.0,0.74,0.19,410.0,0
2025-04-21,10,3,1,4263,46,6.93,3,0.15,6.28,4.46,30.0,28.0,130.0,5.0,0.0,0.16,26.0,9.23,0.15,260.0,26.0,4.61,0.18,320.0,19.0,5.26,0.14,260.0,21.0,3.81,0.14,250.0,16.0,1.87,0.18,340.0,22.0,0.45,0.18,470.0,0
2025-04-21,10,4,4,3527,40,7.02,4,0.15,5.44,2.99,14.0,21.0,117.0,0.0,0.0,0.17,19.0,7.36,0.16,260.0,16.0,3.12,0.17,390.0,19.0,3.15,0.17,320.0,24.0,2.08,0.2,370.0,23.0,1.3,0.17,370.0,16.0,1.25,0.15,290.0,0
2025-04-21,10,5,6,4708,52,6.95,5,0.15,4.63,2.0,6.0,16.0,110.0,0.0,0.0,0.19,18.0,5.0,0.18,380.0,19.0,1.05,0.21,390.0,16.0,3.12,0.23,390.0,18.0,2.22,0.18,420.0,23.0,0.87,0.17,320.0,16.0,0.0,0.21,440.0,0
2025-04-21,10,6,5,4625,51,6.96,6,0.18,4.53,2.8,10.0,18.0,100.0,0.0,0.0,0.15,10.0,8.0,0.11,360.0,17.0,2.35,0.18,410.0,24.0,2.91,0.14,300.0,19.0,2.1,0.14,350.0,19.0,2.1,0.16,350.0,11.0,0.9,0.13,340.0,0
2025-04-21,12,1,5,3576,6,6.89,1,0.29,6.63,5.04,27.0,30.0,113.0,6.0,0.0,0.17,30.0,8.33,0.14,240.0,18.0,5.55,0.16,340.0,18.0,5.55,0.17,350.0,17.0,1.76,0.19,360.0,17.0,5.29,0.16,280.0,13.0,0.0,0.24,550.0,0
2025-04-21,12,2,1,4276,47,6.8,2,0.16,6.63,5.3,48.0,13.0,115.0,3.0,2.0,0.15,21.0,9.04,0.15,270.0,22.0,5.45,0.14,190.0,21.0,5.23,0.14,280.0,22.0,6.81,0.15,180.0,22.0,1.81,0.15,320.0,7.0,0.0,0.16,370.0,0
2025-04-21,12,3,2,4506,20,6.94,3,0.16,5.85,4.14,29.0,22.0,123.0,2.0,0.0,0.14,22.0,8.63,0.15,230.0,17.0,4.7,0.14,260.0,25.0,4.8,0.12,180.0,24.0,3.33,0.15,220.0,18.0,1.66,0.13,220.0,17.0,0.58,0.15,290.0,0
2025-04-21,12,4,4,4939,44,6.98,4,0.21,6.87,5.4,39.0,21.0,111.0,8.0,2.0,0.15,28.0,8.21,0.14,240.0,19.0,6.31,0.15,340.0,15.0,4.66,0.15,280.0,16.0,3.75,0.15,330.0,21.0,3.81,0.15,340.0,12.0,3.33,0.14,330.0,0
2025-04-21,12,5,3,3897,37,6.91,5,0.23,7.47,5.42,38.0,26.0,118.0,4.0,1.0,0.15,31.0,8.71,0.15,310.0,20.0,5.5,0.17,370.0,20.0,6.0,0.14,370.0,20.0,4.5,0.15,330.0,17.0,2.35,0.15,330.0,10.0,1.0,0.14,410.0,0
2025-04-21,12,6,6,4151,60,6.93,6,0.19,5.67,3.69,19.0,32.0,138.0,3.0,0.0,0.18,26.0,6.92,0.17,350.0,26.0,4.61,0.16,360.0,25.0,3.6,0.17,350.0,29.0,3.1,0.2,410.0,16.0,1.25,0.21,440.0,16.0,0.62,0.2,480.0,0
2025-04-28,1,1,4,4220,30,6.71,1,0.26,5.61,3.85,18.0,24.0,109.0,1.0,0.0,0.16,19.0,6.84,0.16,280.0,16.0,5.0,0.15,280.0,17.0,4.11,0.19,340.0,24.0,2.91,0.16,310.0,21.0,3.33,0.16,280.0,12.0,0.0,0.18,440.0,0
2025-04-28,1,2,1,5229,44,6.71,2,0.15,5.65,3.95,24.0,31.0,139.0,2.0,0.0,0.16,17.0,8.82,0.16,270.0,25.0,2.4,0.18,350.0,22.0,5.45,0.19,380.0,28.0,4.64,0.16,280.0,30.0,2.33,0.14,240.0,17.0,1.17,0.15,240.0,0
2025-04-28,1,3,3,4100,32,6.75,3,0.15,4.6,2.26,13.0,9.0,97.0,2.0,0.0,0.17,13.0,9.23,0.12,190.0,17.0,1.17,0.13,360.0,17.0,1.17,0.19,360.0,15.0,2.66,0.18,390.0,17.0,1.17,0.18,420.0,18.0,0.0,0.22,530.0,0
2025-04-28,1,4,5,5271,54,6.71,5,0.19,3.31,1.25,6.0,5.0,88.0,0.0,0.0,0.17,9.0,5.55,0.13,180.0,17.0,1.17,0.18,330.0,14.0,0.0,0.17,420.0,19.0,1.05,0.17,310.0,16.0,1.25,0.16,280.0,13.0,0.0,0.18,350.0,0
2025-04-28,1,5,6,5324,29,6.72,6,0.24,1.47,0.0,0.0,0.0,64.0,0.0,0.0,0.21,0.0,0.0,0.0,0.0,0.0,0.0,0.0,0.0,1.0,0.0,0.05,200.0,13.0,0.0,0.23,370.0,17.0,0.0,0.16,310.0,33.0,0.0,0.23,430.0,0
2025-04-28,1,6,2,3778,62,6.77,4,0.25,3.73,1.83,5.0,6.0,60.0,1.0,0.0,0.19,9.0,5.55,0.18,330.0,9.0,2.22,0.16,270.0,10.0,0.0,0.22,420.0,14.0,2.14,0.19,390.0,9.0,1.11,0.18,320.0,9.0,0.0,0.2,400.0,0
2025-04-28,2,1,4,3518,55,6.69,1,0.18,4.61,2.12,6.0,11.0,80.0,0.0,0.0,0.21,9.0,4.44,0.23,410.0,15.0,4.66,0.22,430.0,16.0,0.62,0.19,320.0,17.0,1.76,0.18,290.0,13.0,0.76,0.22,380.0,10.0,1.0,0.25,470.0,0
2025-04-28,2,2,1,4957,45,6.67,2,0.19,5.01,3.14,24.0,20.0,140.0,1.0,0.0,0.17,20.0,6.5,0.15,250.0,22.0,5.9,0.18,340.0,26.0,3.46,0.18,290.0,25.0,2.0,0.16,350.0,24.0,0.83,0.15,320.0,23.0,0.87,0.2,430.0,0
2025-04-28,2,3,2,4753,49,6.74,3,0.23,4.66,2.95,14.0,17.0,105.0,1.0,0.0,0.16,13.0,5.38,0.17,350.0,21.0,2.85,0.15,320.0,19.0,4.21,0.16,270.0,15.0,3.33,0.15,190.0,17.0,0.58,0.18,240.0,20.0,2.0,0.13,210.0,0
2025-04-28,2,4,5,4720,1,6.74,4,0.31,4.86,2.97,13.0,12.0,84.0,1.0,0.0,0.2,10.0,6.0,0.2,450.0,16.0,5.62,0.17,330.0,17.0,3.52,0.23,420.0,12.0,2.5,0.19,320.0,18.0,0.55,0.18,320.0,11.0,0.0,0.22,320.0,0
2025-04-28,2,5,6,4572,33,6.84,6,0.19,4.85,2.66,13.0,19.0,120.0,0.0,0.0,0.15,19.0,7.89,0.1,190.0,20.0,2.5,0.16,270.0,18.0,3.33,0.14,260.0,17.0,2.35,0.12,230.0,19.0,0.52,0.18,390.0,27.0,0.37,0.19,390.0,0
2025-04-28,2,6,3,3813,58,6.82,5,0.18,6.47,4.66,30.0,26.0,120.0,5.0,0.0,0.15,25.0,9.2,0.13,190.0,21.0,4.76,0.15,330.0,22.0,3.63,0.15,310.0,20.0,4.0,0.16,340.0,19.0,2.1,0.16,350.0,13.0,2.3,0.19,410.0,0
2025-04-28,3,1,6,4367,2,6.75,1,0.34,4.94,2.69,9.0,15.0,89.0,1.0,0.0,0.22,14.0,5.0,0.19,320.0,10.0,4.0,0.2,380.0,17.0,3.52,0.2,410.0,16.0,1.87,0.23,490.0,17.0,2.35,0.24,420.0,15.0,0.0,0.23,430.0,0
2025-04-28,3,2,1,4533,51,6.69,3,0.13,5.71,3.72,20.0,18.0,102.0,1.0,0.0,0.16,18.0,7.77,0.17,310.0,10.0,3.0,0.17,330.0,23.0,3.04,0.15,290.0,19.0,4.73,0.13,230.0,19.0,2.1,0.16,350.0,13.0,0.76,0.21,430.0,0
2025-04-28,3,3,3,4819,12,6.77,4,0.12,4.92,2.34,12.0,11.0,98.0,0.0,0.0,0.16,18.0,5.0,0.13,190.0,15.0,5.33,0.16,330.0,12.0,1.66,0.14,280.0,16.0,1.25,0.19,360.0,24.0,0.83,0.18,350.0,13.0,0.0,0.17,370.0,0
2025-04-28,3,4,4,4487,57,6.67,5,0.11,4.22,1.91,9.0,13.0,115.0,0.0,0.0,0.18,15.0,5.33,0.18,310.0,20.0,2.0,0.2,480.0,22.0,3.18,0.18,360.0,18.0,1.11,0.17,440.0,26.0,0.38,0.18,380.0,14.0,0.0,0.17,440.0,0
2025-04-28,3,5,5,5153,3,6.76,6,0.13,3.96,1.45,7.0,7.0,96.0,1.0,0.0,0.18,12.0,5.0,0.21,330.0,17.0,1.17,0.2,340.0,18.0,1.11,0.19,320.0,17.0,0.58,0.17,320.0,18.0,0.55,0.15,270.0,14.0,1.42,0.16,340.0,0
2025-04-28,3,6,2,4677,35,6.78,2,0.2,6.67,5.03,33.0,32.0,129.0,5.0,0.0,0.14,32.0,8.12,0.15,230.0,21.0,6.19,0.14,240.0,18.0,4.44,0.16,230.0,27.0,4.07,0.12,200.0,21.0,3.33,0.13,300.0,10.0,0.0,0.15,390.0,0
2025-04-28,5,1,2,4039,64,6.87,1,0.04,5.29,3.44,9.0,21.0,87.0,0.0,0.0,0.16,13.0,7.69,0.14,250.0,15.0,4.66,0.16,360.0,15.0,4.0,0.16,280.0,14.0,2.14,0.14,210.0,13.0,3.07,0.13,250.0,17.0,0.0,0.23,510.0,0
2025-04-28,5,2,3,5206,6,6.8,2,0.08,4.79,2.58,15.0,15.0,116.0,2.0,0.0,0.13,14.0,4.28,0.15,290.0,23.0,3.91,0.16,320.0,22.0,1.81,0.13,250.0,24.0,3.33,0.11,200.0,18.0,1.11,0.15,260.0,15.0,0.66,0.12,200.0,0
2025-04-28,5,3,1,4076,14,6.78,3,0.14,5.7,3.82,22.0,17.0,102.0,1.0,0.0,0.2,20.0,7.5,0.19,340.0,15.0,4.0,0.2,490.0,11.0,4.54,0.14,320.0,21.0,2.85,0.21,490.0,18.0,2.77,0.22,460.0,16.0,1.25,0.21,480.0,0
2025-04-28,5,4,4,5131,22,6.78,4,0.18,3.53,1.09,3.0,3.0,55.0,0.0,0.0,0.18,5.0,2.0,0.15,260.0,13.0,2.3,0.2,360.0,9.0,1.11,0.16,350.0,8.0,1.25,0.21,400.0,12.0,0.0,0.18,350.0,8.0,0.0,0.19,350.0,0
2025-04-28,5,5,6,4589,4,6.77,5,0.19,5.27,3.77,19.0,27.0,122.0,1.0,0.0,0.17,21.0,7.61,0.21,380.0,26.0,5.0,0.14,290.0,12.0,2.5,0.19,350.0,24.0,2.91,0.16,330.0,23.0,2.17,0.15,360.0,16.0,1.25,0.16,330.0,0
2025-04-28,5,6,5,4514,8,6.86,6,0.17,6.74,5.06,53.0,26.0,156.0,6.0,3.0,0.17,42.0,8.81,0.14,290.0,25.0,6.4,0.16,320.0,23.0,3.91,0.17,340.0,21.0,2.85,0.17,410.0,23.0,3.91,0.18,390.0,22.0,0.9,0.23,490.0,0
2025-04-28,6,1,2,4561,7,6.69,1,0.21,6.33,5.12,51.0,31.0,160.0,8.0,0.0,0.2,33.0,5.45,0.21,460.0,26.0,3.46,0.21,430.0,30.0,7.66,0.2,360.0,32.0,6.25,0.2,350.0,24.0,3.33,0.2,370.0,15.0,2.66,0.2,440.0,0
2025-04-28,6,2,5,4902,16,6.75,2,0.16,5.0,3.12,18.0,17.0,112.0,0.0,0.0,0.18,17.0,8.23,0.16,310.0,22.0,2.72,0.17,350.0,20.0,3.0,0.16,330.0,19.0,2.63,0.19,420.0,18.0,2.22,0.19,390.0,16.0,0.0,0.21,430.0,0
2025-04-28,6,3,1,4928,48,6.75,3,0.16,6.86,5.5,45.0,20.0,118.0,4.0,0.0,0.17,22.0,9.54,0.15,290.0,20.0,5.0,0.19,360.0,18.0,4.44,0.16,230.0,18.0,7.77,0.15,290.0,18.0,3.88,0.18,340.0,22.0,2.27,0.2,350.0,0
2025-04-28,6,4,3,5111,66,6.77,4,0.17,5.71,4.0,21.0,27.0,120.0,0.0,0.0,0.16,26.0,6.92,0.18,350.0,19.0,5.78,0.17,360.0,20.0,2.5,0.16,300.0,21.0,2.85,0.14,270.0,11.0,2.72,0.14,260.0,23.0,2.17,0.15,320.0,0
2025-04-28,6,5,4,5271,54,6.73,5,0.17,3.31,1.25,6.0,5.0,88.0,0.0,0.0,0.17,9.0,5.55,0.13,180.0,17.0,1.17,0.18,330.0,14.0,0.0,0.17,420.0,19.0,1.05,0.17,310.0,16.0,1.25,0.16,280.0,13.0,0.0,0.18,350.0,0
2025-04-28,6,6,6,4204,50,6.73,6,0.22,2.67,0.21,1.0,0.0,46.0,0.0,0.0,0.26,6.0,0.0,0.24,560.0,8.0,1.25,0.21,540.0,6.0,0.0,0.28,570.0,4.0,0.0,0.21,470.0,11.0,0.0,0.24,490.0,11.0,0.0,0.33,570.0,0
2025-04-28,11,1,2,4677,35,6.67,1,0.12,6.67,5.03,33.0,32.0,129.0,5.0,0.0,0.14,32.0,8.12,0.15,230.0,21.0,6.19,0.14,240.0,18.0,4.44,0.16,230.0,27.0,4.07,0.12,200.0,21.0,3.33,0.13,300.0,10.0,0.0,0.15,390.0,0
2025-04-28,11,2,4,5111,66,6.7,3,0.14,5.71,4.0,21.0,27.0,120.0,0.0,0.0,0.16,26.0,6.92,0.18,350.0,19.0,5.78,0.17,360.0,20.0,2.5,0.16,300.0,21.0,2.85,0.14,270.0,11.0,2.72,0.14,260.0,23.0,2.17,0.15,320.0,0
2025-04-28,11,3,3,4589,4,6.73,2,0.15,5.27,3.77,19.0,27.0,122.0,1.0,0.0,0.17,21.0,7.61,0.21,380.0,26.0,5.0,0.14,290.0,12.0,2.5,0.19,350.0,24.0,2.91,0.16,330.0,23.0,2.17,0.15,360.0,16.0,1.25,0.16,330.0,0
2025-04-28,11,4,1,4957,45,6.69,4,0.12,5.01,3.14,24.0,20.0,140.0,1.0,0.0,0.17,20.0,6.5,0.15,250.0,22.0,5.9,0.18,340.0,26.0,3.46,0.18,290.0,25.0,2.0,0.16,350.0,24.0,0.83,0.15,320.0,23.0,0.87,0.2,430.0,0
2025-04-28,11,5,5,4449,38,6.71,5,0.14,4.05,2.25,8.0,17.0,111.0,0.0,0.0,0.16,13.0,5.38,0.17,310.0,18.0,1.11,0.21,340.0,24.0,2.08,0.17,320.0,22.0,2.72,0.14,270.0,18.0,2.77,0.1,150.0,16.0,0.0,0.16,310.0,0
2025-04-28,11,6,6,4100,32,6.77,6,0.22,4.6,2.26,13.0,9.0,97.0,2.0,0.0,0.17,13.0,9.23,0.12,190.0,17.0,1.17,0.13,360.0,17.0,1.17,0.19,360.0,15.0,2.66,0.18,390.0,17.0,1.17,0.18,420.0,18.0,0.0,0.22,530.0,0
2025-04-29,1,1,2,3778,62,6.69,1,0.08,3.73,1.83,5.0,6.0,60.0,1.0,0.0,0.19,9.0,5.55,0.18,330.0,9.0,2.22,0.16,270.0,10.0,0.0,0.22,420.0,14.0,2.14,0.19,390.0,9.0,1.11,0.18,320.0,9.0,0.0,0.2,400.0,0
2025-04-29,1,2,3,5131,22,6.74,2,0.18,3.53,1.09,3.0,3.0,55.0,0.0,0.0,0.18,5.0,2.0,0.15,260.0,13.0,2.3,0.2,360.0,9.0,1.11,0.16,350.0,8.0,1.25,0.21,400.0,12.0,0.0,0.18,350.0,8.0,0.0,0.19,350.0,0
2025-04-29,1,3,1,4220,30,6.7,3,0.21,5.61,3.85,18.0,24.0,109.0,1.0,0.0,0.16,19.0,6.84,0.16,280.0,16.0,5.0,0.15,280.0,17.0,4.11,0.19,340.0,24.0,2.91,0.16,310.0,21.0,3.33,0.16,280.0,12.0,0.0,0.18,440.0,0
2025-04-29,1,4,4,4902,16,6.7,4,0.3,5.0,3.12,18.0,17.0,112.0,0.0,0.0,0.18,17.0,8.23,0.16,310.0,22.0,2.72,0.17,350.0,20.0,3.0,0.16,330.0,19.0,2.63,0.19,420.0,18.0,2.22,0.19,390.0,16.0,0.0,0.21,430.0,0
2025-04-29,1,5,5,4495,24,6.72,5,0.28,4.49,2.52,15.0,9.0,95.0,0.0,0.0,0.16,10.0,8.0,0.11,210.0,17.0,3.52,0.16,380.0,16.0,0.62,0.15,350.0,12.0,0.83,0.21,360.0,20.0,3.0,0.15,270.0,20.0,1.0,0.14,310.0,0
2025-04-29,1,6,6,3981,36,6.67,6,0.28,3.77,1.83,4.0,12.0,87.0,1.0,0.0,0.19,11.0,7.27,0.16,330.0,13.0,0.76,0.21,520.0,19.0,2.1,0.19,380.0,15.0,0.66,0.19,430.0,15.0,1.33,0.21,430.0,13.0,0.0,0.2,400.0,0
2025-04-29,3,1,6,4204,50,6.67,1,0.19,2.67,0.21,1.0,0.0,46.0,0.0,0.0,0.26,6.0,0.0,0.24,560.0,8.0,1.25,0.21,540.0,6.0,0.0,0.28,570.0,4.0,0.0,0.21,470.0,11.0,0.0,0.24,490.0,11.0,0.0,0.33,570.0,0
2025-04-29,3,2,3,4684,34,6.7,2,0.12,5.21,3.23,20.0,13.0,102.0,0.0,0.0,0.18,16.0,6.87,0.2,330.0,17.0,2.94,0.2,440.0,14.0,3.57,0.17,330.0,22.0,2.27,0.17,380.0,15.0,3.33,0.16,330.0,18.0,1.11,0.18,400.0,0
2025-04-29,3,3,2,4794,27,6.71,3,0.19,6.71,5.13,50.0,25.0,146.0,2.0,1.0,0.12,34.0,8.23,0.12,210.0,23.0,4.78,0.12,310.0,23.0,6.52,0.12,230.0,23.0,5.65,0.12,230.0,21.0,2.85,0.13,290.0,22.0,0.9,0.14,300.0,0
2025-04-29,3,4,5,5153,3,6.76,5,0.06,3.96,1.45,7.0,7.0,96.0,1.0,0.0,0.18,12.0,5.0,0.21,330.0,17.0,1.17,0.2,340.0,18.0,1.11,0.19,320.0,17.0,0.58,0.17,320.0,18.0,0.55,0.15,270.0,14.0,1.42,0.16,340.0,0
2025-04-29,3,5,4,5229,44,6.7,6,0.06,5.65,3.95,24.0,31.0,139.0,2.0,0.0,0.16,17.0,8.82,0.16,270.0,25.0,2.4,0.18,350.0,22.0,5.45,0.19,380.0,28.0,4.64,0.16,280.0,30.0,2.33,0.14,240.0,17.0,1.17,0.15,240.0,0
2025-04-29,3,6,1,4356,56,6.73,4,0.12,6.87,5.39,34.0,34.0,126.0,5.0,0.0,0.16,27.0,8.51,0.15,260.0,19.0,6.31,0.15,290.0,22.0,5.9,0.15,280.0,22.0,4.09,0.17,370.0,25.0,3.6,0.18,370.0,11.0,1.81,0.17,350.0,0
2025-04-29,5,1,6,4100,32,6.74,1,0.12,4.6,2.26,13.0,9.0,97.0,2.0,0.0,0.17,13.0,9.23,0.12,190.0,17.0,1.17,0.13,360.0,17.0,1.17,0.19,360.0,15.0,2.66,0.18,390.0,17.0,1.17,0.18,420.0,18.0,0.0,0.22,530.0,0
2025-04-29,5,2,2,4677,35,6.7,2,0.13,6.67,5.03,33.0,32.0,129.0,5.0,0.0,0.14,32.0,8.12,0.15,230.0,21.0,6.19,0.14,240.0,18.0,4.44,0.16,230.0,27.0,4.07,0.12,200.0,21.0,3.33,0.13,300.0,10.0,0.0,0.15,390.0,0
2025-04-29,5,3,3,4720,1,6.73,3,0.17,4.86,2.97,13.0,12.0,84.0,1.0,0.0,0.2,10.0,6.0,0.2,450.0,16.0,5.62,0.17,330.0,17.0,3.52,0.23,420.0,12.0,2.5,0.19,320.0,18.0,0.55,0.18,320.0,11.0,0.0,0.22,320.0,0
2025-04-29,5,4,1,5206,6,6.7,4,0.07,4.79,2.58,15.0,15.0,116.0,2.0,0.0,0.13,14.0,4.28,0.15,290.0,23.0,3.91,0.16,320.0,22.0,1.81,0.13,250.0,24.0,3.33,0.11,200.0,18.0,1.11,0.15,260.0,15.0,0.66,0.12,200.0,0
2025-04-29,5,5,5,4487,57,6.69,5,0.14,4.22,1.91,9.0,13.0,115.0,0.0,0.0,0.18,15.0,5.33,0.18,310.0,20.0,2.0,0.2,480.0,22.0,3.18,0.18,360.0,18.0,1.11,0.17,440.0,26.0,0.38,0.18,380.0,14.0,0.0,0.17,440.0,0
2025-04-29,5,6,4,5257,53,6.74,6,0.15,6.07,4.06,17.0,22.0,96.0,3.0,2.0,0.18,16.0,6.25,0.21,430.0,14.0,2.85,0.19,450.0,18.0,4.44,0.16,370.0,18.0,6.11,0.16,330.0,16.0,3.12,0.17,390.0,14.0,0.71,0.17,410.0,0
2025-04-29,6,1,2,3643,5,6.7,1,0.19,5.42,3.52,15.0,28.0,122.0,0.0,0.0,0.17,23.0,7.82,0.14,250.0,24.0,3.75,0.19,420.0,20.0,3.5,0.17,350.0,19.0,1.57,0.17,370.0,21.0,1.9,0.18,360.0,15.0,1.33,0.21,390.0,0
2025-04-29,6,2,3,4753,49,6.7,2,0.22,4.66,2.95,14.0,17.0,105.0,1.0,0.0,0.16,13.0,5.38,0.17,350.0,21.0,2.85,0.15,320.0,19.0,4.21,0.16,270.0,15.0,3.33,0.15,190.0,17.0,0.58,0.18,240.0,20.0,2.0,0.13,210.0,0
2025-04-29,6,3,4,4819,12,6.7,4,0.22,4.92,2.34,12.0,11.0,98.0,0.0,0.0,0.16,18.0,5.0,0.13,190.0,15.0,5.33,0.16,330.0,12.0,1.66,0.14,280.0,16.0,1.25,0.19,360.0,24.0,0.83,0.18,350.0,13.0,0.0,0.17,370.0,0
2025-04-29,6,4,1,4686,19,6.69,3,0.19,6.39,3.86,25.0,19.0,114.0,2.0,1.0,0.16,21.0,8.57,0.15,320.0,19.0,3.68,0.18,470.0,21.0,3.81,0.16,360.0,22.0,2.72,0.16,360.0,13.0,2.3,0.16,380.0,18.0,1.11,0.16,360.0,0
2025-04-29,6,5,5,5131,22,6.74,5,0.21,3.53,1.09,3.0,3.0,55.0,0.0,0.0,0.18,5.0,2.0,0.15,260.0,13.0,2.3,0.2,360.0,9.0,1.11,0.16,350.0,8.0,1.25,0.21,400.0,12.0,0.0,0.18,350.0,8.0,0.0,0.19,350.0,0
2025-04-29,6,6,6,5324,29,6.74,6,0.28,1.47,0.0,0.0,0.0,64.0,0.0,0.0,0.21,0.0,0.0,0.0,0.0,0.0,0.0,0.0,0.0,1.0,0.0,0.05,200.0,13.0,0.0,0.23,370.0,17.0,0.0,0.16,310.0,33.0,0.0,0.23,430.0,0
2025-04-30,3,1,5,4449,38,6.63,3,0.18,4.05,2.25,8.0,17.0,111.0,0.0,0.0,0.16,13.0,5.38,0.17,310.0,18.0,1.11,0.21,340.0,24.0,2.08,0.17,320.0,22.0,2.72,0.14,270.0,18.0,2.77,0.1,150.0,16.0,0.0,0.16,310.0,0
2025-04-30,3,2,1,3981,36,6.64,1,0.15,3.77,1.83,4.0,12.0,87.0,1.0,0.0,0.19,11.0,7.27,0.16,330.0,13.0,0.76,0.21,520.0,19.0,2.1,0.19,380.0,15.0,0.66,0.19,430.0,15.0,1.33,0.21,430.0,13.0,0.0,0.2,400.0,0
2025-04-30,3,3,4,4487,57,6.65,2,0.19,4.22,1.91,9.0,13.0,115.0,0.0,0.0,0.18,15.0,5.33,0.18,310.0,20.0,2.0,0.2,480.0,22.0,3.18,0.18,360.0,18.0,1.11,0.17,440.0,26.0,0.38,0.18,380.0,14.0,0.0,0.17,440.0,0
2025-04-30,3,4,2,5257,53,6.65,4,0.25,6.07,4.06,17.0,22.0,96.0,3.0,2.0,0.18,16.0,6.25,0.21,430.0,14.0,2.85,0.19,450.0,18.0,4.44,0.16,370.0,18.0,6.11,0.16,330.0,16.0,3.12,0.17,390.0,14.0,0.71,0.17,410.0,0
2025-04-30,3,5,6,5131,22,6.73,5,0.31,3.53,1.09,3.0,3.0,55.0,0.0,0.0,0.18,5.0,2.0,0.15,260.0,13.0,2.3,0.2,360.0,9.0,1.11,0.16,350.0,8.0,1.25,0.21,400.0,12.0,0.0,0.18,350.0,8.0,0.0,0.19,350.0,0
2025-04-30,3,6,3,4928,48,6.69,6,0.17,6.86,5.5,45.0,20.0,118.0,4.0,0.0,0.17,22.0,9.54,0.15,290.0,20.0,5.0,0.19,360.0,18.0,4.44,0.16,230.0,18.0,7.77,0.15,290.0,18.0,3.88,0.18,340.0,22.0,2.27,0.2,350.0,0
2025-04-30,4,1,2,5206,6,6.64,1,0.22,4.79,2.58,15.0,15.0,116.0,2.0,0.0,0.13,14.0,4.28,0.15,290.0,23.0,3.91,0.16,320.0,22.0,1.81,0.13,250.0,24.0,3.33,0.11,200.0,18.0,1.11,0.15,260.0,15.0,0.66,0.12,200.0,0
2025-04-30,4,2,3,3813,58,6.74,2,0.13,6.47,4.66,30.0,26.0,120.0,5.0,0.0,0.15,25.0,9.2,0.13,190.0,21.0,4.76,0.15,330.0,22.0,3.63,0.15,310.0,20.0,4.0,0.16,340.0,19.0,2.1,0.16,350.0,13.0,2.3,0.19,410.0,0
2025-04-30,4,3,5,5109,17,6.68,3,0.15,5.23,3.26,12.0,22.0,104.0,0.0,0.0,0.14,13.0,6.92,0.14,210.0,21.0,2.38,0.14,240.0,16.0,3.75,0.13,250.0,18.0,2.77,0.13,250.0,22.0,2.27,0.15,260.0,14.0,2.85,0.12,340.0,0
2025-04-30,4,4,1,4684,34,6.73,4,0.17,5.21,3.23,20.0,13.0,102.0,0.0,0.0,0.18,16.0,6.87,0.2,330.0,17.0,2.94,0.2,440.0,14.0,3.57,0.17,330.0,22.0,2.27,0.17,380.0,15.0,3.33,0.16,330.0,18.0,1.11,0.18,400.0,0
2025-04-30,4,5,4,4753,49,6.71,5,0.15,4.66,2.95,14.0,17.0,105.0,1.0,0.0,0.16,13.0,5.38,0.17,350.0,21.0,2.85,0.15,320.0,19.0,4.21,0.16,270.0,15.0,3.33,0.15,190.0,17.0,0.58,0.18,240.0,20.0,2.0,0.13,210.0,0
2025-04-30,4,6,6,4589,4,6.69,6,0.11,5.27,3.77,19.0,27.0,122.0,1.0,0.0,0.17,21.0,7.61,0.21,380.0,26.0,5.0,0.14,290.0,12.0,2.5,0.19,350.0,24.0,2.91,0.16,330.0,23.0,2.17,0.15,360.0,16.0,1.25,0.16,330.0,0
2025-04-30,5,1,4,3643,5,6.71,1,0.17,5.42,3.52,15.0,28.0,122.0,0.0,0.0,0.17,23.0,7.82,0.14,250.0,24.0,3.75,0.19,420.0,20.0,3.5,0.17,350.0,19.0,1.57,0.17,370.0,21.0,1.9,0.18,360.0,15.0,1.33,0.21,390.0,0
2025-04-30,5,2,3,4204,50,6.69,2,0.19,2.67,0.21,1.0,0.0,46.0,0.0,0.0,0.26,6.0,0.0,0.24,560.0,8.0,1.25,0.21,540.0,6.0,0.0,0.28,570.0,4.0,0.0,0.21,470.0,11.0,0.0,0.24,490.0,11.0,0.0,0.33,570.0,0
2025-04-30,5,3,6,4794,27,6.68,3,0.12,6.71,5.13,50.0,25.0,146.0,2.0,1.0,0.12,34.0,8.23,0.12,210.0,23.0,4.78,0.12,310.0,23.0,6.52,0.12,230.0,23.0,5.65,0.12,230.0,21.0,2.85,0.13,290.0,22.0,0.9,0.14,300.0,0
2025-04-30,5,4,1,4076,14,6.73,4,0.18,5.7,3.82,22.0,17.0,102.0,1.0,0.0,0.2,20.0,7.5,0.19,340.0,15.0,4.0,0.2,490.0,11.0,4.54,0.14,320.0,21.0,2.85,0.21,490.0,18.0,2.77,0.22,460.0,16.0,1.25,0.21,480.0,0
2025-04-30,5,5,2,4757,26,6.75,5,0.11,6.6,4.55,29.0,32.0,134.0,2.0,0.0,0.14,27.0,7.4,0.13,300.0,21.0,4.76,0.16,410.0,20.0,4.5,0.16,330.0,19.0,4.73,0.14,380.0,30.0,2.66,0.14,340.0,17.0,2.94,0.14,360.0,0
2025-04-30,5,6,5,4720,1,6.71,6,0.14,4.86,2.97,13.0,12.0,84.0,1.0,0.0,0.2,10.0,6.0,0.2,450.0,16.0,5.62,0.17,330.0,17.0,3.52,0.23,420.0,12.0,2.5,0.19,320.0,18.0,0.55,0.18,320.0,11.0,0.0,0.22,320.0,0
2025-04-30,12,1,5,4819,12,6.7,1,0.08,4.92,2.34,12.0,11.0,98.0,0.0,0.0,0.16,18.0,5.0,0.13,190.0,15.0,5.33,0.16,330.0,12.0,1.66,0.14,280.0,16.0,1.25,0.19,360.0,24.0,0.83,0.18,350.0,13.0,0.0,0.17,370.0,0
2025-04-30,12,2,6,4561,7,6.59,2,0.14,6.33,5.12,51.0,31.0,160.0,8.0,0.0,0.2,33.0,5.45,0.21,460.0,26.0,3.46,0.21,430.0,30.0,7.66,0.2,360.0,32.0,6.25,0.2,350.0,24.0,3.33,0.2,370.0,15.0,2.66,0.2,440.0,0
2025-04-30,12,3,2,4753,49,6.75,3,0.14,4.66,2.95,14.0,17.0,105.0,1.0,0.0,0.16,13.0,5.38,0.17,350.0,21.0,2.85,0.15,320.0,19.0,4.21,0.16,270.0,15.0,3.33,0.15,190.0,17.0,0.58,0.18,240.0,20.0,2.0,0.13,210.0,0
2025-04-30,12,4,1,5111,66,6.68,4,0.11,5.71,4.0,21.0,27.0,120.0,0.0,0.0,0.16,26.0,6.92,0.18,350.0,19.0,5.78,0.17,360.0,20.0,2.5,0.16,300.0,21.0,2.85,0.14,270.0,11.0,2.72,0.14,260.0,23.0,2.17,0.15,320.0,0
2025-04-30,12,5,4,4100,32,6.72,5,0.16,4.6,2.26,13.0,9.0,97.0,2.0,0.0,0.17,13.0,9.23,0.12,190.0,17.0,1.17,0.13,360.0,17.0,1.17,0.19,360.0,15.0,2.66,0.18,390.0,17.0,1.17,0.18,420.0,18.0,0.0,0.22,530.0,0
2025-04-30,12,6,3,4572,33,6.78,6,0.16,4.85,2.66,13.0,19.0,120.0,0.0,0.0,0.15,19.0,7.89,0.1,190.0,20.0,2.5,0.16,270.0,18.0,3.33,0.14,260.0,17.0,2.35,0.12,230.0,19.0,0.52,0.18,390.0,27.0,0.37,0.19,390.0,0
2025-05-01,2,1,2,4720,1,6.69,1,0.19,4.86,2.97,13.0,12.0,84.0,1.0,0.0,0.2,10.0,6.0,0.2,450.0,16.0,5.62,0.17,330.0,17.0,3.52,0.23,420.0,12.0,2.5,0.19,320.0,18.0,0.55,0.18,320.0,11.0,0.0,0.22,320.0,0
2025-05-01,2,2,4,4355,61,6.65,2,0.35,3.48,1.34,8.0,5.0,97.0,0.0,0.0,0.2,14.0,5.71,0.13,270.0,15.0,1.33,0.2,440.0,18.0,0.55,0.21,390.0,17.0,1.17,0.22,390.0,16.0,0.0,0.2,380.0,17.0,0.0,0.23,490.0,0
2025-05-01,2,3,5,4204,50,6.65,3,0.33,2.67,0.21,1.0,0.0,46.0,0.0,0.0,0.26,6.0,0.0,0.24,560.0,8.0,1.25,0.21,540.0,6.0,0.0,0.28,570.0,4.0,0.0,0.21,470.0,11.0,0.0,0.24,490.0,11.0,0.0,0.33,570.0,0
2025-05-01,2,4,1,3981,36,6.66,4,0.21,3.77,1.83,4.0,12.0,87.0,1.0,0.0,0.19,11.0,7.27,0.16,330.0,13.0,0.76,0.21,520.0,19.0,2.1,0.19,380.0,15.0,0.66,0.19,430.0,15.0,1.33,0.21,430.0,13.0,0.0,0.2,400.0,0
2025-05-01,2,5,3,4572,33,6.7,5,0.18,4.85,2.66,13.0,19.0,120.0,0.0,0.0,0.15,19.0,7.89,0.1,190.0,20.0,2.5,0.16,270.0,18.0,3.33,0.14,260.0,17.0,2.35,0.12,230.0,19.0,0.52,0.18,390.0,27.0,0.37,0.19,390.0,0
2025-05-01,2,6,6,5324,29,6.7,6,0.31,1.47,0.0,0.0,0.0,64.0,0.0,0.0,0.21,0.0,0.0,0.0,0.0,0.0,0.0,0.0,0.0,1.0,0.0,0.05,200.0,13.0,0.0,0.23,370.0,17.0,0.0,0.16,310.0,33.0,0.0,0.23,430.0,0
2025-05-01,5,1,2,5229,44,6.69,1,0.14,5.65,3.95,24.0,31.0,139.0,2.0,0.0,0.16,17.0,8.82,0.16,270.0,25.0,2.4,0.18,350.0,22.0,5.45,0.19,380.0,28.0,4.64,0.16,280.0,30.0,2.33,0.14,240.0,17.0,1.17,0.15,240.0,0
2025-05-01,5,2,4,4589,4,6.62,2,0.22,5.27,3.77,19.0,27.0,122.0,1.0,0.0,0.17,21.0,7.61,0.21,380.0,26.0,5.0,0.14,290.0,12.0,2.5,0.19,350.0,24.0,2.91,0.16,330.0,23.0,2.17,0.15,360.0,16.0,1.25,0.16,330.0,0
2025-05-01,5,3,1,4514,8,6.68,3,0.2,6.74,5.06,53.0,26.0,156.0,6.0,3.0,0.17,42.0,8.81,0.14,290.0,25.0,6.4,0.16,320.0,23.0,3.91,0.17,340.0,21.0,2.85,0.17,410.0,23.0,3.91,0.18,390.0,22.0,0.9,0.23,490.0,0
2025-05-01,5,4,3,4100,32,6.64,4,0.21,4.6,2.26,13.0,9.0,97.0,2.0,0.0,0.17,13.0,9.23,0.12,190.0,17.0,1.17,0.13,360.0,17.0,1.17,0.19,360.0,15.0,2.66,0.18,390.0,17.0,1.17,0.18,420.0,18.0,0.0,0.22,530.0,0
2025-05-01,5,5,5,4819,12,6.74,5,0.23,4.92,2.34,12.0,11.0,98.0,0.0,0.0,0.16,18.0,5.0,0.13,190.0,15.0,5.33,0.16,330.0,12.0,1.66,0.14,280.0,16.0,1.25,0.19,360.0,24.0,0.83,0.18,350.0,13.0,0.0,0.17,370.0,0
2025-05-01,5,6,6,4449,38,6.7,6,0.28,4.05,2.25,8.0,17.0,111.0,0.0,0.0,0.16,13.0,5.38,0.17,310.0,18.0,1.11,0.21,340.0,24.0,2.08,0.17,320.0,22.0,2.72,0.14,270.0,18.0,2.77,0.1,150.0,16.0,0.0,0.16,310.0,0
2025-05-01,9,1,3,4684,34,6.82,1,0.12,5.21,3.23,20.0,13.0,102.0,0.0,0.0,0.18,16.0,6.87,0.2,330.0,17.0,2.94,0.2,440.0,14.0,3.57,0.17,330.0,22.0,2.27,0.17,380.0,15.0,3.33,0.16,330.0,18.0,1.11,0.18,400.0,0
2025-05-01,9,2,2,4789,28,6.87,2,0.09,4.08,1.94,4.0,11.0,77.0,0.0,0.0,0.17,10.0,4.0,0.19,460.0,13.0,3.84,0.15,300.0,10.0,1.0,0.14,310.0,11.0,2.72,0.18,370.0,20.0,1.0,0.18,440.0,13.0,0.0,0.19,500.0,0
2025-05-01,9,3,4,4220,30,6.85,3,0.06,5.61,3.85,18.0,24.0,109.0,1.0,0.0,0.16,19.0,6.84,0.16,280.0,16.0,5.0,0.15,280.0,17.0,4.11,0.19,340.0,24.0,2.91,0.16,310.0,21.0,3.33,0.16,280.0,12.0,0.0,0.18,440.0,0
2025-05-01,9,4,5,4572,33,6.92,5,0.1,4.85,2.66,13.0,19.0,120.0,0.0,0.0,0.15,19.0,7.89,0.1,190.0,20.0,2.5,0.16,270.0,18.0,3.33,0.14,260.0,17.0,2.35,0.12,230.0,19.0,0.52,0.18,390.0,27.0,0.37,0.19,390.0,0
2025-05-01,9,5,1,4589,4,6.76,4,0.05,5.27,3.77,19.0,27.0,122.0,1.0,0.0,0.17,21.0,7.61,0.21,380.0,26.0,5.0,0.14,290.0,12.0,2.5,0.19,350.0,24.0,2.91,0.16,330.0,23.0,2.17,0.15,360.0,16.0,1.25,0.16,330.0,0
2025-05-01,9,6,6,4819,12,6.85,6,0.16,4.92,2.34,12.0,11.0,98.0,0.0,0.0,0.16,18.0,5.0,0.13,190.0,15.0,5.33,0.16,330.0,12.0,1.66,0.14,280.0,16.0,1.25,0.19,360.0,24.0,0.83,0.18,350.0,13.0,0.0,0.17,370.0,0
2025-05-01,10,1,4,5206,6,6.71,1,0.07,4.79,2.58,15.0,15.0,116.0,2.0,0.0,0.13,14.0,4.28,0.15,290.0,23.0,3.91,0.16,320.0,22.0,1.81,0.13,250.0,24.0,3.33,0.11,200.0,18.0,1.11,0.15,260.0,15.0,0.66,0.12,200.0,0
2025-05-01,10,2,1,4076,14,6.89,2,0.16,5.7,3.82,22.0,17.0,102.0,1.0,0.0,0.2,20.0,7.5,0.19,340.0,15.0,4.0,0.2,490.0,11.0,4.54,0.14,320.0,21.0,2.85,0.21,490.0,18.0,2.77,0.22,460.0,16.0,1.25,0.21,480.0,0
2025-05-01,10,3,2,4794,27,6.73,3,0.12,6.71,5.13,50.0,25.0,146.0,2.0,1.0,0.12,34.0,8.23,0.12,210.0,23.0,4.78,0.12,310.0,23.0,6.52,0.12,230.0,23.0,5.65,0.12,230.0,21.0,2.85,0.13,290.0,22.0,0.9,0.14,300.0,0
2025-05-01,10,4,3,4514,8,6.81,4,0.17,6.74,5.06,53.0,26.0,156.0,6.0,3.0,0.17,42.0,8.81,0.14,290.0,25.0,6.4,0.16,320.0,23.0,3.91,0.17,340.0,21.0,2.85,0.17,410.0,23.0,3.91,0.18,390.0,22.0,0.9,0.23,490.0,0
2025-05-01,10,5,6,4355,61,6.81,5,0.14,3.48,1.34,8.0,5.0,97.0,0.0,0.0,0.2,14.0,5.71,0.13,270.0,15.0,1.33,0.2,440.0,18.0,0.55,0.21,390.0,17.0,1.17,0.22,390.0,16.0,0.0,0.2,380.0,17.0,0.0,0.23,490.0,0
2025-05-01,10,6,5,3643,5,6.86,6,0.15,5.42,3.52,15.0,28.0,122.0,0.0,0.0,0.17,23.0,7.82,0.14,250.0,24.0,3.75,0.19,420.0,20.0,3.5,0.17,350.0,19.0,1.57,0.17,370.0,21.0,1.9,0.18,360.0,15.0,1.33,0.21,390.0,0
2025-05-01,12,1,2,4686,19,6.74,1,0.16,6.39,3.86,25.0,19.0,114.0,2.0,1.0,0.16,21.0,8.57,0.15,320.0,19.0,3.68,0.18,470.0,21.0,3.81,0.16,360.0,22.0,2.72,0.16,360.0,13.0,2.3,0.16,380.0,18.0,1.11,0.16,360.0,0
2025-05-01,12,2,1,4957,45,6.73,3,0.15,5.01,3.14,24.0,20.0,140.0,1.0,0.0,0.17,20.0,6.5,0.15,250.0,22.0,5.9,0.18,340.0,26.0,3.46,0.18,290.0,25.0,2.0,0.16,350.0,24.0,0.83,0.15,320.0,23.0,0.87,0.2,430.0,0
2025-05-01,12,3,6,4928,48,6.77,4,0.13,6.86,5.5,45.0,20.0,118.0,4.0,0.0,0.17,22.0,9.54,0.15,290.0,20.0,5.0,0.19,360.0,18.0,4.44,0.16,230.0,18.0,7.77,0.15,290.0,18.0,3.88,0.18,340.0,22.0,2.27,0.2,350.0,0
2025-05-01,12,4,4,4677,35,6.81,5,0.15,6.67,5.03,33.0,32.0,129.0,5.0,0.0,0.14,32.0,8.12,0.15,230.0,21.0,6.19,0.14,240.0,18.0,4.44,0.16,230.0,27.0,4.07,0.12,200.0,21.0,3.33,0.13,300.0,10.0,0.0,0.15,390.0,0
2025-05-01,12,5,3,4757,26,6.83,6,0.17,6.6,4.55,29.0,32.0,134.0,2.0,0.0,0.14,27.0,7.4,0.13,300.0,21.0,4.76,0.16,410.0,20.0,4.5,0.16,330.0,19.0,4.73,0.14,380.0,30.0,2.66,0.14,340.0,17.0,2.94,0.14,360.0,0
2025-05-01,12,6,5,4356,56,6.83,2,0.21,6.87,5.39,34.0,34.0,126.0,5.0,0.0,0.16,27.0,8.51,0.15,260.0,19.0,6.31,0.15,290.0,22.0,5.9,0.15,280.0,22.0,4.09,0.17,370.0,25.0,3.6,0.18,370.0,11.0,1.81,0.17,350.0,0
2025-05-04,2,1,2,3910,4,6.83,1,0.26,4.46,2.41,12.0,16.0,116.0,0.0,0.0,0.17,15.0,4.66,0.15,290.0,20.0,3.0,0.14,350.0,21.0,3.81,0.13,220.0,26.0,1.15,0.17,320.0,19.0,1.57,0.2,370.0,15.0,0.66,0.23,450.0,0
2025-05-04,2,2,6,5241,9,6.84,3,0.32,5.06,2.95,20.0,19.0,132.0,0.0,0.0,0.16,21.0,7.61,0.14,270.0,19.0,4.21,0.17,250.0,26.0,2.3,0.18,350.0,22.0,2.27,0.15,360.0,20.0,1.5,0.14,260.0,24.0,0.41,0.16,280.0,0
2025-05-04,2,3,4,4776,1,6.86,4,0.37,6.54,4.54,25.0,25.0,110.0,3.0,1.0,0.17,24.0,9.16,0.14,250.0,19.0,5.26,0.18,360.0,14.0,4.28,0.14,320.0,18.0,3.33,0.16,380.0,18.0,2.22,0.19,420.0,17.0,1.17,0.19,420.0,0
2025-05-04,2,4,3,5291,59,6.88,6,0.3,2.07,0.37,1.0,3.0,107.0,0.0,0.0,0.23,0.0,0.0,0.0,0.0,0.0,0.0,0.0,0.0,0.0,0.0,0.0,0.0,22.0,0.9,0.23,470.0,40.0,0.5,0.21,440.0,45.0,0.0,0.25,530.0,0
2025-05-04,2,5,1,3543,52,6.92,5,0.25,5.89,3.96,31.0,19.0,126.0,3.0,0.0,0.16,23.0,8.69,0.14,260.0,22.0,5.0,0.15,300.0,18.0,4.44,0.16,320.0,29.0,2.06,0.2,390.0,19.0,1.57,0.14,270.0,15.0,1.33,0.18,350.0,0
2025-05-04,2,6,5,3568,64,6.9,2,0.31,4.25,2.46,10.0,8.0,73.0,0.0,0.0,0.18,10.0,7.0,0.16,370.0,15.0,2.0,0.18,460.0,18.0,3.33,0.21,370.0,13.0,0.76,0.2,420.0,10.0,1.0,0.16,360.0,7.0,0.0,0.14,400.0,0
2025-05-04,3,1,2,3701,21,6.96,1,0.05,3.78,1.68,6.0,11.0,101.0,0.0,0.0,0.16,13.0,5.38,0.11,170.0,20.0,1.0,0.19,360.0,17.0,1.17,0.17,290.0,15.0,2.66,0.14,250.0,23.0,0.87,0.15,270.0,13.0,0.0,0.15,270.0,0
2025-05-04,3,2,1,4154,66,6.87,2,0.09,5.6,3.62,20.0,22.0,116.0,2.0,0.0,0.18,21.0,5.23,0.19,310.0,19.0,4.21,0.18,430.0,23.0,4.78,0.16,330.0,20.0,3.0,0.18,410.0,17.0,3.52,0.19,410.0,16.0,0.0,0.22,490.0,0
2025-05-04,3,3,4,3442,7,6.94,3,0.09,5.25,3.23,13.0,20.0,102.0,0.0,0.0,0.17,20.0,7.5,0.17,290.0,16.0,5.62,0.17,310.0,22.0,0.9,0.16,340.0,16.0,3.12,0.14,280.0,13.0,1.53,0.16,320.0,15.0,0.0,0.19,430.0,0
2025-05-04,3,4,6,4034,65,6.95,4,0.13,4.88,2.52,10.0,17.0,107.0,1.0,0.0,0.19,15.0,5.33,0.16,360.0,17.0,1.76,0.2,420.0,19.0,3.68,0.19,310.0,22.0,1.81,0.19,400.0,19.0,1.57,0.19,370.0,15.0,1.33,0.23,510.0,0
2025-05-04,3,5,5,4642,15,6.94,5,0.09,6.59,5.15,28.0,21.0,95.0,4.0,1.0,0.15,22.0,9.54,0.15,300.0,18.0,5.55,0.17,310.0,13.0,6.92,0.13,220.0,18.0,1.11,0.15,310.0,12.0,4.16,0.15,240.0,12.0,1.66,0.16,300.0,0
2025-05-04,3,6,3,5224,33,6.95,6,0.15,6.59,4.49,27.0,35.0,138.0,3.0,0.0,0.16,31.0,7.74,0.17,280.0,24.0,5.0,0.13,280.0,23.0,3.91,0.14,300.0,18.0,2.77,0.18,370.0,19.0,4.21,0.15,270.0,23.0,1.73,0.21,430.0,0
2025-05-04,4,1,2,3578,40,6.94,1,0.08,4.48,2.7,11.0,19.0,111.0,0.0,0.0,0.18,19.0,5.78,0.18,360.0,20.0,3.5,0.16,330.0,18.0,2.77,0.17,340.0,18.0,1.66,0.2,320.0,16.0,1.87,0.19,410.0,20.0,0.5,0.17,370.0,0
2025-05-04,4,2,1,4564,36,6.87,2,0.19,4.43,2.3,6.0,15.0,91.0,0.0,0.0,0.18,12.0,4.16,0.21,370.0,19.0,2.1,0.17,410.0,14.0,4.28,0.18,310.0,13.0,3.07,0.15,290.0,17.0,0.58,0.2,460.0,16.0,0.62,0.19,480.0,0
2025-05-04,4,3,3,5257,37,6.88,3,0.14,6.07,4.06,17.0,22.0,96.0,3.0,2.0,0.18,16.0,6.25,0.21,430.0,14.0,2.85,0.19,450.0,18.0,4.44,0.16,370.0,18.0,6.11,0.16,330.0,16.0,3.12,0.17,390.0,14.0,0.71,0.17,410.0,0
2025-05-04,4,4,6,5032,39,6.87,5,0.26,5.0,2.77,17.0,8.0,90.0,0.0,0.0,0.17,13.0,6.92,0.12,230.0,15.0,4.0,0.17,310.0,15.0,0.66,0.18,380.0,20.0,3.0,0.18,330.0,13.0,1.53,0.16,330.0,14.0,0.71,0.17,390.0,0
2025-05-04,4,5,5,3832,43,6.9,6,0.19,4.4,2.29,9.0,16.0,109.0,0.0,0.0,0.17,15.0,6.0,0.11,290.0,24.0,1.66,0.19,370.0,19.0,2.63,0.15,320.0,16.0,1.87,0.2,380.0,20.0,1.0,0.16,390.0,15.0,1.33,0.21,470.0,0
2025-05-04,4,6,4,4739,14,6.97,4,0.2,6.29,3.92,28.0,21.0,125.0,6.0,0.0,0.15,22.0,7.72,0.16,280.0,20.0,6.5,0.15,300.0,24.0,4.16,0.12,250.0,22.0,2.27,0.13,300.0,21.0,1.9,0.15,380.0,16.0,0.0,0.18,380.0,0
2025-05-04,5,1,2,4821,31,6.93,1,0.23,5.06,3.14,12.0,22.0,108.0,1.0,0.0,0.19,11.0,3.63,0.21,490.0,21.0,4.76,0.22,500.0,18.0,2.22,0.2,470.0,22.0,2.72,0.2,410.0,22.0,3.18,0.17,350.0,14.0,2.14,0.16,360.0,0
2025-05-04,5,2,4,3849,45,6.92,2,0.18,6.67,5.43,26.0,30.0,103.0,6.0,1.0,0.14,20.0,9.5,0.13,230.0,17.0,6.47,0.15,320.0,23.0,3.47,0.16,270.0,24.0,4.16,0.13,200.0,14.0,5.0,0.13,250.0,5.0,2.0,0.17,360.0,0
2025-05-04,5,3,6,4343,23,6.99,3,0.19,3.74,1.84,6.0,11.0,92.0,0.0,0.0,0.18,12.0,7.5,0.19,330.0,15.0,2.0,0.19,410.0,17.0,1.76,0.17,290.0,15.0,1.33,0.16,340.0,20.0,0.0,0.17,380.0,13.0,0.0,0.2,430.0,0
2025-05-04,5,4,1,5043,20,6.87,4,0.17,6.92,5.84,50.0,33.0,142.0,8.0,2.0,0.16,40.0,8.75,0.15,300.0,23.0,6.95,0.16,300.0,23.0,4.34,0.16,280.0,19.0,3.68,0.16,380.0,19.0,5.78,0.17,360.0,18.0,2.22,0.13,260.0,0
2025-05-04,5,5,3,5339,54,6.95,5,0.19,3.56,1.57,3.0,11.0,89.0,0.0,0.0,0.18,0.0,0.0,0.0,0.0,0.0,0.0,0.0,0.0,0.0,0.0,0.0,0.0,17.0,2.35,0.16,260.0,29.0,2.06,0.19,350.0,43.0,0.93,0.17,320.0,0
2025-05-04,5,6,5,3907,47,6.89,6,0.22,5.14,3.25,21.0,21.0,129.0,1.0,0.0,0.17,25.0,8.0,0.18,340.0,22.0,3.18,0.15,310.0,19.0,2.1,0.17,300.0,22.0,2.27,0.17,300.0,25.0,2.4,0.16,350.0,16.0,0.0,0.2,480.0,0
2025-05-04,6,1,4,3975,19,6.84,1,0.17,5.29,3.42,20.0,31.0,149.0,2.0,0.0,0.15,28.0,8.21,0.12,250.0,25.0,4.0,0.18,340.0,20.0,4.0,0.12,190.0,24.0,2.5,0.14,270.0,25.0,0.8,0.15,320.0,27.0,0.74,0.19,410.0,0
2025-05-04,6,2,2,4020,58,6.91,2,0.19,4.43,2.45,13.0,13.0,106.0,0.0,0.0,0.17,16.0,7.5,0.12,240.0,20.0,2.0,0.19,400.0,18.0,1.66,0.19,390.0,16.0,1.87,0.18,340.0,21.0,1.42,0.16,280.0,15.0,0.66,0.19,390.0,0
2025-05-04,6,3,3,4452,53,6.91,3,0.13,5.53,3.57,14.0,20.0,95.0,3.0,0.0,0.17,16.0,8.12,0.16,290.0,18.0,3.88,0.18,360.0,13.0,2.3,0.16,250.0,17.0,3.52,0.17,390.0,14.0,2.14,0.19,460.0,17.0,1.17,0.17,380.0,0
2025-05-04,6,4,1,4459,11,6.94,4,0.11,6.64,3.94,29.0,25.0,137.0,4.0,1.0,0.12,26.0,10.0,0.11,250.0,19.0,3.68,0.15,360.0,23.0,2.6,0.11,230.0,27.0,4.07,0.11,200.0,22.0,1.36,0.1,210.0,20.0,0.5,0.12,280.0,0
2025-05-04,6,5,6,5265,25,6.9,5,0.29,3.13,1.03,4.0,9.0,126.0,0.0,0.0,0.16,15.0,3.33,0.17,300.0,22.0,1.36,0.18,340.0,24.0,1.66,0.14,300.0,22.0,0.45,0.18,360.0,23.0,0.0,0.16,370.0,20.0,0.0,0.14,310.0,0
2025-05-04,6,6,5,5407,28,6.95,6,0.28,0.0,0.0,0.0,0.0,0.0,0.0,0.0,0.0,0.0,0.0,0.0,0.0,0.0,0.0,0.0,0.0,0.0,0.0,0.0,0.0,0.0,0.0,0.0,0.0,0.0,0.0,0.0,0.0,0.0,0.0,0.0,0.0,0
2025-05-04,7,1,3,5136,18,6.84,1,0.11,6.69,4.82,40.0,29.0,143.0,3.0,1.0,0.14,33.0,8.18,0.12,210.0,23.0,3.91,0.14,320.0,26.0,5.76,0.14,240.0,22.0,5.0,0.16,250.0,19.0,2.1,0.13,280.0,20.0,1.5,0.14,330.0,0
2025-05-04,7,2,1,4931,27,6.91,2,0.15,5.63,3.12,24.0,20.0,141.0,2.0,0.0,0.16,28.0,7.85,0.13,240.0,22.0,4.09,0.16,300.0,20.0,4.0,0.15,320.0,30.0,1.0,0.18,390.0,16.0,0.62,0.16,390.0,25.0,0.4,0.18,490.0,0
2025-05-04,7,3,4,4010,2,6.94,3,0.13,3.7,1.33,0.0,4.0,30.0,0.0,0.0,0.19,5.0,2.0,0.21,460.0,4.0,2.5,0.14,300.0,6.0,1.66,0.15,370.0,6.0,1.66,0.25,520.0,4.0,0.0,0.17,380.0,5.0,0.0,0.22,480.0,0
2025-05-04,7,4,6,3910,4,6.91,4,0.16,4.46,2.41,12.0,16.0,116.0,0.0,0.0,0.17,15.0,4.66,0.15,290.0,20.0,3.0,0.14,350.0,21.0,3.81,0.13,220.0,26.0,1.15,0.17,320.0,19.0,1.57,0.2,370.0,15.0,0.66,0.23,450.0,0
2025-05-04,7,5,2,3908,46,6.93,5,0.23,6.76,5.19,37.0,44.0,156.0,6.0,0.0,0.14,33.0,8.18,0.14,300.0,28.0,4.64,0.15,330.0,27.0,6.29,0.12,270.0,17.0,4.11,0.14,260.0,24.0,3.75,0.15,320.0,27.0,2.96,0.15,310.0,0
2025-05-04,7,6,5,4034,65,6.88,6,0.24,4.88,2.52,10.0,17.0,107.0,1.0,0.0,0.19,15.0,5.33,0.16,360.0,17.0,1.76,0.2,420.0,19.0,3.68,0.19,310.0,22.0,1.81,0.19,400.0,19.0,1.57,0.19,370.0,15.0,1.33,0.23,510.0,0
2025-05-04,9,1,2,4776,1,6.94,1,0.04,6.54,4.54,25.0,25.0,110.0,3.0,1.0,0.17,24.0,9.16,0.14,250.0,19.0,5.26,0.18,360.0,14.0,4.28,0.14,320.0,18.0,3.33,0.16,380.0,18.0,2.22,0.19,420.0,17.0,1.17,0.19,420.0,0
2025-05-04,9,2,1,4852,49,6.9,2,0.08,6.42,4.69,35.0,27.0,132.0,4.0,0.0,0.17,27.0,8.14,0.18,330.0,19.0,4.21,0.16,340.0,26.0,4.23,0.16,350.0,23.0,4.34,0.17,330.0,16.0,1.87,0.17,350.0,21.0,3.81,0.16,330.0,0
2025-05-04,9,3,4,3478,10,7.01,3,0.14,4.85,2.27,12.0,11.0,101.0,0.0,0.0,0.17,14.0,5.71,0.13,310.0,20.0,1.5,0.15,350.0,21.0,2.85,0.18,350.0,16.0,1.87,0.19,380.0,19.0,1.05,0.18,370.0,11.0,0.9,0.22,430.0,0
2025-05-04,9,4,3,3907,47,6.85,4,0.21,5.14,3.25,21.0,21.0,129.0,1.0,0.0,0.17,25.0,8.0,0.18,340.0,22.0,3.18,0.15,310.0,19.0,2.1,0.17,300.0,22.0,2.27,0.17,300.0,25.0,2.4,0.16,350.0,16.0,0.0,0.2,480.0,0
2025-05-04,9,5,6,4564,36,6.9,5,0.17,4.43,2.3,6.0,15.0,91.0,0.0,0.0,0.18,12.0,4.16,0.21,370.0,19.0,2.1,0.17,410.0,14.0,4.28,0.18,310.0,13.0,3.07,0.15,290.0,17.0,0.58,0.2,460.0,16.0,0.62,0.19,480.0,0
2025-05-04,9,6,5,3442,7,6.98,6,0.18,5.25,3.23,13.0,20.0,102.0,0.0,0.0,0.17,20.0,7.5,0.17,290.0,16.0,5.62,0.17,310.0,22.0,0.9,0.16,340.0,16.0,3.12,0.14,280.0,13.0,1.53,0.16,320.0,15.0,0.0,0.19,430.0,0
2025-05-04,10,1,2,4348,63,6.85,1,0.11,6.12,4.01,31.0,22.0,132.0,0.0,0.0,0.18,29.0,9.65,0.17,280.0,19.0,5.26,0.19,440.0,21.0,4.28,0.18,340.0,21.0,1.42,0.18,320.0,21.0,0.95,0.17,390.0,21.0,0.47,0.19,450.0,0
2025-05-04,10,2,5,4260,13,6.91,2,0.22,5.53,3.95,23.0,30.0,134.0,2.0,1.0,0.17,26.0,7.69,0.18,350.0,25.0,4.4,0.17,340.0,22.0,3.63,0.17,370.0,20.0,3.0,0.17,350.0,21.0,1.9,0.17,350.0,20.0,2.0,0.19,390.0,0
2025-05-04,10,3,1,4643,57,6.86,3,0.07,6.59,5.12,34.0,29.0,123.0,5.0,1.0,0.15,25.0,8.8,0.12,200.0,18.0,8.33,0.15,260.0,18.0,4.44,0.16,280.0,24.0,3.33,0.14,250.0,22.0,3.18,0.17,330.0,16.0,1.87,0.18,460.0,0
2025-05-04,10,4,6,3568,64,6.83,4,0.2,4.25,2.46,10.0,8.0,73.0,0.0,0.0,0.18,10.0,7.0,0.16,370.0,15.0,2.0,0.18,460.0,18.0,3.33,0.21,370.0,13.0,0.76,0.2,420.0,10.0,1.0,0.16,360.0,7.0,0.0,0.14,400.0,0
2025-05-04,10,5,3,3975,19,6.82,5,0.22,5.29,3.42,20.0,31.0,149.0,2.0,0.0,0.15,28.0,8.21,0.12,250.0,25.0,4.0,0.18,340.0,20.0,4.0,0.12,190.0,24.0,2.5,0.14,270.0,25.0,0.8,0.15,320.0,27.0,0.74,0.19,410.0,0
2025-05-04,10,6,4,3553,51,6.93,6,0.2,4.38,2.14,4.0,17.0,98.0,0.0,0.0,0.19,14.0,3.57,0.19,310.0,15.0,3.33,0.21,410.0,16.0,1.87,0.19,430.0,21.0,3.33,0.2,410.0,20.0,0.5,0.19,340.0,12.0,0.0,0.17,390.0,0
2025-05-05,1,1,2,3442,7,6.94,1,0.19,5.25,3.23,13.0,20.0,102.0,0.0,0.0,0.17,20.0,7.5,0.17,290.0,16.0,5.62,0.17,310.0,22.0,0.9,0.16,340.0,16.0,3.12,0.14,280.0,13.0,1.53,0.16,320.0,15.0,0.0,0.19,430.0,0
2025-05-05,1,2,1,4823,6,6.86,2,0.19,5.25,3.52,8.0,10.0,51.0,2.0,0.0,0.15,11.0,8.18,0.17,240.0,5.0,4.0,0.11,280.0,9.0,5.55,0.14,210.0,7.0,1.42,0.19,310.0,8.0,1.25,0.11,200.0,11.0,0.0,0.14,350.0,0
2025-05-05,1,3,5,5291,59,6.89,3,0.28,2.07,0.37,1.0,3.0,107.0,0.0,0.0,0.23,0.0,0.0,0.0,0.0,0.0,0.0,0.0,0.0,0.0,0.0,0.0,0.0,22.0,0.9,0.23,470.0,40.0,0.5,0.21,440.0,45.0,0.0,0.25,530.0,0
2025-05-05,1,4,6,3578,40,6.94,4,0.23,4.48,2.7,11.0,19.0,111.0,0.0,0.0,0.18,19.0,5.78,0.18,360.0,20.0,3.5,0.16,330.0,18.0,2.77,0.17,340.0,18.0,1.66,0.2,320.0,16.0,1.87,0.19,410.0,20.0,0.5,0.17,370.0,0
2025-05-05,1,5,3,3401,41,6.91,5,0.25,4.66,2.71,15.0,14.0,107.0,0.0,0.0,0.19,16.0,5.0,0.14,250.0,19.0,5.78,0.18,390.0,17.0,3.52,0.17,310.0,21.0,1.9,0.22,430.0,12.0,0.0,0.21,430.0,22.0,0.0,0.21,500.0,0
2025-05-05,1,6,4,4343,23,6.87,6,0.24,3.74,1.84,6.0,11.0,92.0,0.0,0.0,0.18,12.0,7.5,0.19,330.0,15.0,2.0,0.19,410.0,17.0,1.76,0.17,290.0,15.0,1.33,0.16,340.0,20.0,0.0,0.17,380.0,13.0,0.0,0.2,430.0,0
2025-05-05,2,1,3,4020,58,6.92,1,0.09,4.43,2.45,13.0,13.0,106.0,0.0,0.0,0.17,16.0,7.5,0.12,240.0,20.0,2.0,0.19,400.0,18.0,1.66,0.19,390.0,16.0,1.87,0.18,340.0,21.0,1.42,0.16,280.0,15.0,0.66,0.19,390.0,0
2025-05-05,2,2,4,5032,39,6.82,2,0.04,5.0,2.77,17.0,8.0,90.0,0.0,0.0,0.17,13.0,6.92,0.12,230.0,15.0,4.0,0.17,310.0,15.0,0.66,0.18,380.0,20.0,3.0,0.18,330.0,13.0,1.53,0.16,330.0,14.0,0.71,0.17,390.0,0
2025-05-05,2,3,2,4348,63,6.88,3,0.04,6.12,4.01,31.0,22.0,132.0,0.0,0.0,0.18,29.0,9.65,0.17,280.0,19.0,5.26,0.19,440.0,21.0,4.28,0.18,340.0,21.0,1.42,0.18,320.0,21.0,0.95,0.17,390.0,21.0,0.47,0.19,450.0,0
2025-05-05,2,4,1,3832,43,6.82,4,0.06,4.4,2.29,9.0,16.0,109.0,0.0,0.0,0.17,15.0,6.0,0.11,290.0,24.0,1.66,0.19,370.0,19.0,2.63,0.15,320.0,16.0,1.87,0.2,380.0,20.0,1.0,0.16,390.0,15.0,1.33,0.21,470.0,0
2025-05-05,2,5,6,5326,60,6.85,5,0.11,2.49,0.29,1.0,1.0,69.0,0.0,0.0,0.2,0.0,0.0,0.0,0.0,0.0,0.0,0.0,0.0,1.0,0.0,0.2,400.0,18.0,0.0,0.2,410.0,17.0,1.17,0.18,420.0,33.0,0.0,0.21,440.0,0
2025-05-05,2,6,5,5218,17,6.85,6,0.15,5.77,3.51,27.0,24.0,145.0,0.0,0.0,0.15,23.0,8.26,0.15,220.0,24.0,3.33,0.15,310.0,29.0,3.79,0.12,240.0,26.0,1.53,0.16,280.0,26.0,3.07,0.14,260.0,17.0,0.58,0.18,430.0,0
2025-05-05,3,1,6,5241,9,6.82,1,0.25,5.06,2.95,20.0,19.0,132.0,0.0,0.0,0.16,21.0,7.61,0.14,270.0,19.0,4.21,0.17,250.0,26.0,2.3,0.18,350.0,22.0,2.27,0.15,360.0,20.0,1.5,0.14,260.0,24.0,0.41,0.16,280.0,0
2025-05-05,3,2,3,3975,19,6.78,2,0.2,5.29,3.42,20.0,31.0,149.0,2.0,0.0,0.15,28.0,8.21,0.12,250.0,25.0,4.0,0.18,340.0,20.0,4.0,0.12,190.0,24.0,2.5,0.14,270.0,25.0,0.8,0.15,320.0,27.0,0.74,0.19,410.0,0
2025-05-05,3,3,5,3910,4,6.85,3,0.19,4.46,2.41,12.0,16.0,116.0,0.0,0.0,0.17,15.0,4.66,0.15,290.0,20.0,3.0,0.14,350.0,21.0,3.81,0.13,220.0,26.0,1.15,0.17,320.0,19.0,1.57,0.2,370.0,15.0,0.66,0.23,450.0,0
2025-05-05,3,4,1,4739,14,6.91,4,0.11,6.29,3.92,28.0,21.0,125.0,6.0,0.0,0.15,22.0,7.72,0.16,280.0,20.0,6.5,0.15,300.0,24.0,4.16,0.12,250.0,22.0,2.27,0.13,300.0,21.0,1.9,0.15,380.0,16.0,0.0,0.18,380.0,0
2025-05-05,3,5,4,3701,21,6.9,5,0.07,3.78,1.68,6.0,11.0,101.0,0.0,0.0,0.16,13.0,5.38,0.11,170.0,20.0,1.0,0.19,360.0,17.0,1.17,0.17,290.0,15.0,2.66,0.14,250.0,23.0,0.87,0.15,270.0,13.0,0.0,0.15,270.0,0
2025-05-05,3,6,2,5339,54,6.89,6,0.17,3.56,1.57,3.0,11.0,89.0,0.0,0.0,0.18,0.0,0.0,0.0,0.0,0.0,0.0,0.0,0.0,0.0,0.0,0.0,0.0,17.0,2.35,0.16,260.0,29.0,2.06,0.19,350.0,43.0,0.93,0.17,320.0,0
2025-05-05,4,1,2,3568,64,6.8,1,0.24,4.25,2.46,10.0,8.0,73.0,0.0,0.0,0.18,10.0,7.0,0.16,370.0,15.0,2.0,0.18,460.0,18.0,3.33,0.21,370.0,13.0,0.76,0.2,420.0,10.0,1.0,0.16,360.0,7.0,0.0,0.14,400.0,0
2025-05-05,4,2,1,5257,37,6.86,2,0.26,6.07,4.06,17.0,22.0,96.0,3.0,2.0,0.18,16.0,6.25,0.21,430.0,14.0,2.85,0.19,450.0,18.0,4.44,0.16,370.0,18.0,6.11,0.16,330.0,16.0,3.12,0.17,390.0,14.0,0.71,0.17,410.0,0
2025-05-05,4,3,3,5136,18,6.81,3,0.22,6.69,4.82,40.0,29.0,143.0,3.0,1.0,0.14,33.0,8.18,0.12,210.0,23.0,3.91,0.14,320.0,26.0,5.76,0.14,240.0,22.0,5.0,0.16,250.0,19.0,2.1,0.13,280.0,20.0,1.5,0.14,330.0,0
2025-05-05,4,4,4,4450,56,6.83,4,0.23,7.29,5.58,45.0,32.0,138.0,8.0,3.0,0.15,33.0,8.78,0.14,260.0,25.0,6.0,0.15,250.0,18.0,5.55,0.16,320.0,26.0,4.61,0.17,300.0,19.0,5.26,0.13,200.0,17.0,0.58,0.16,320.0,0
2025-05-05,4,5,5,4821,31,6.94,5,0.24,5.06,3.14,12.0,22.0,108.0,1.0,0.0,0.19,11.0,3.63,0.21,490.0,21.0,4.76,0.22,500.0,18.0,2.22,0.2,470.0,22.0,2.72,0.2,410.0,22.0,3.18,0.17,350.0,14.0,2.14,0.16,360.0,0
2025-05-05,4,6,6,5407,28,6.93,6,0.35,0.0,0.0,0.0,0.0,0.0,0.0,0.0,0.0,0.0,0.0,0.0,0.0,0.0,0.0,0.0,0.0,0.0,0.0,0.0,0.0,0.0,0.0,0.0,0.0,0.0,0.0,0.0,0.0,0.0,0.0,0.0,0.0,0
2025-05-05,6,1,2,4260,13,6.97,1,0.22,5.53,3.95,23.0,30.0,134.0,2.0,1.0,0.17,26.0,7.69,0.18,350.0,25.0,4.4,0.17,340.0,22.0,3.63,0.17,370.0,20.0,3.0,0.17,350.0,21.0,1.9,0.17,350.0,20.0,2.0,0.19,390.0,0
2025-05-05,6,2,4,3478,10,6.95,2,0.26,4.85,2.27,12.0,11.0,101.0,0.0,0.0,0.17,14.0,5.71,0.13,310.0,20.0,1.5,0.15,350.0,21.0,2.85,0.18,350.0,16.0,1.87,0.19,380.0,19.0,1.05,0.18,370.0,11.0,0.9,0.22,430.0,0
2025-05-05,6,3,5,3908,46,6.86,3,0.35,6.76,5.19,37.0,44.0,156.0,6.0,0.0,0.14,33.0,8.18,0.14,300.0,28.0,4.64,0.15,330.0,27.0,6.29,0.12,270.0,17.0,4.11,0.14,260.0,24.0,3.75,0.15,320.0,27.0,2.96,0.15,310.0,0
2025-05-05,6,4,1,4642,15,6.85,4,0.17,6.59,5.15,28.0,21.0,95.0,4.0,1.0,0.15,22.0,9.54,0.15,300.0,18.0,5.55,0.17,310.0,13.0,6.92,0.13,220.0,18.0,1.11,0.15,310.0,12.0,4.16,0.15,240.0,12.0,1.66,0.16,300.0,0
2025-05-05,6,5,3,4034,65,6.9,5,0.2,4.88,2.52,10.0,17.0,107.0,1.0,0.0,0.19,15.0,5.33,0.16,360.0,17.0,1.76,0.2,420.0,19.0,3.68,0.19,310.0,22.0,1.81,0.19,400.0,19.0,1.57,0.19,370.0,15.0,1.33,0.23,510.0,0
2025-05-05,6,6,6,5265,25,6.91,6,0.22,3.13,1.03,4.0,9.0,126.0,0.0,0.0,0.16,15.0,3.33,0.17,300.0,22.0,1.36,0.18,340.0,24.0,1.66,0.14,300.0,22.0,0.45,0.18,360.0,23.0,0.0,0.16,370.0,20.0,0.0,0.14,310.0,0
2025-05-05,9,1,2,3849,45,6.88,1,0.05,6.67,5.43,26.0,30.0,103.0,6.0,1.0,0.14,20.0,9.5,0.13,230.0,17.0,6.47,0.15,320.0,23.0,3.47,0.16,270.0,24.0,4.16,0.13,200.0,14.0,5.0,0.13,250.0,5.0,2.0,0.17,360.0,0
2025-05-05,9,2,6,4343,23,6.97,2,0.09,3.74,1.84,6.0,11.0,92.0,0.0,0.0,0.18,12.0,7.5,0.19,330.0,15.0,2.0,0.19,410.0,17.0,1.76,0.17,290.0,15.0,1.33,0.16,340.0,20.0,0.0,0.17,380.0,13.0,0.0,0.2,430.0,0
2025-05-05,9,3,1,5032,39,6.86,3,0.06,5.0,2.77,17.0,8.0,90.0,0.0,0.0,0.17,13.0,6.92,0.12,230.0,15.0,4.0,0.17,310.0,15.0,0.66,0.18,380.0,20.0,3.0,0.18,330.0,13.0,1.53,0.16,330.0,14.0,0.71,0.17,390.0,0
2025-05-05,9,4,4,3975,19,6.94,4,0.12,5.29,3.42,20.0,31.0,149.0,2.0,0.0,0.15,28.0,8.21,0.12,250.0,25.0,4.0,0.18,340.0,20.0,4.0,0.12,190.0,24.0,2.5,0.14,270.0,25.0,0.8,0.15,320.0,27.0,0.74,0.19,410.0,0
2025-05-05,9,5,3,4450,56,6.89,5,0.13,7.29,5.58,45.0,32.0,138.0,8.0,3.0,0.15,33.0,8.78,0.14,260.0,25.0,6.0,0.15,250.0,18.0,5.55,0.16,320.0,26.0,4.61,0.17,300.0,19.0,5.26,0.13,200.0,17.0,0.58,0.16,320.0,0
2025-05-05,9,6,5,4154,66,6.88,6,0.16,5.6,3.62,20.0,22.0,116.0,2.0,0.0,0.18,21.0,5.23,0.19,310.0,19.0,4.21,0.18,430.0,23.0,4.78,0.16,330.0,20.0,3.0,0.18,410.0,17.0,3.52,0.19,410.0,16.0,0.0,0.22,490.0,0
2025-05-05,12,1,2,3908,46,6.92,1,0.08,6.76,5.19,37.0,44.0,156.0,6.0,0.0,0.14,33.0,8.18,0.14,300.0,28.0,4.64,0.15,330.0,27.0,6.29,0.12,270.0,17.0,4.11,0.14,260.0,24.0,3.75,0.15,320.0,27.0,2.96,0.15,310.0,0
2025-05-05,12,2,1,4643,57,6.9,2,0.07,6.59,5.12,34.0,29.0,123.0,5.0,1.0,0.15,25.0,8.8,0.12,200.0,18.0,8.33,0.15,260.0,18.0,4.44,0.16,280.0,24.0,3.33,0.14,250.0,22.0,3.18,0.17,330.0,16.0,1.87,0.18,460.0,0
2025-05-05,12,3,4,5043,20,6.88,3,0.11,6.92,5.84,50.0,33.0,142.0,8.0,2.0,0.16,40.0,8.75,0.15,300.0,23.0,6.95,0.16,300.0,23.0,4.34,0.16,280.0,19.0,3.68,0.16,380.0,19.0,5.78,0.17,360.0,18.0,2.22,0.13,260.0,0
2025-05-05,12,4,5,4348,63,6.94,4,0.27,6.12,4.01,31.0,22.0,132.0,0.0,0.0,0.18,29.0,9.65,0.17,280.0,19.0,5.26,0.19,440.0,21.0,4.28,0.18,340.0,21.0,1.42,0.18,320.0,21.0,0.95,0.17,390.0,21.0,0.47,0.19,450.0,0
2025-05-05,12,5,3,4776,1,6.96,5,0.2,6.54,4.54,25.0,25.0,110.0,3.0,1.0,0.17,24.0,9.16,0.14,250.0,19.0,5.26,0.18,360.0,14.0,4.28,0.14,320.0,18.0,3.33,0.16,380.0,18.0,2.22,0.19,420.0,17.0,1.17,0.19,420.0,0
2025-05-05,12,6,6,5136,18,6.92,6,0.18,6.69,4.82,40.0,29.0,143.0,3.0,1.0,0.14,33.0,8.18,0.12,210.0,23.0,3.91,0.14,320.0,26.0,5.76,0.14,240.0,22.0,5.0,0.16,250.0,19.0,2.1,0.13,280.0,20.0,1.5,0.14,330.0,0
2025-05-06,2,1,4,4010,2,6.91,1,0.21,3.7,1.33,0.0,4.0,30.0,0.0,0.0,0.19,5.0,2.0,0.21,460.0,4.0,2.5,0.14,300.0,6.0,1.66,0.15,370.0,6.0,1.66,0.25,520.0,4.0,0.0,0.17,380.0,5.0,0.0,0.22,480.0,0
2025-05-06,2,2,6,5291,59,6.97,2,0.2,2.07,0.37,1.0,3.0,107.0,0.0,0.0,0.23,0.0,0.0,0.0,0.0,0.0,0.0,0.0,0.0,0.0,0.0,0.0,0.0,22.0,0.9,0.23,470.0,40.0,0.5,0.21,440.0,45.0,0.0,0.25,530.0,0
2025-05-06,2,3,1,3907,47,6.82,3,0.14,5.14,3.25,21.0,21.0,129.0,1.0,0.0,0.17,25.0,8.0,0.18,340.0,22.0,3.18,0.15,310.0,19.0,2.1,0.17,300.0,22.0,2.27,0.17,300.0,25.0,2.4,0.16,350.0,16.0,0.0,0.2,480.0,0
2025-05-06,2,4,3,4020,58,6.83,4,0.18,4.43,2.45,13.0,13.0,106.0,0.0,0.0,0.17,16.0,7.5,0.12,240.0,20.0,2.0,0.19,400.0,18.0,1.66,0.19,390.0,16.0,1.87,0.18,340.0,21.0,1.42,0.16,280.0,15.0,0.66,0.19,390.0,0
2025-05-06,2,5,2,3849,45,6.83,5,0.12,6.67,5.43,26.0,30.0,103.0,6.0,1.0,0.14,20.0,9.5,0.13,230.0,17.0,6.47,0.15,320.0,23.0,3.47,0.16,270.0,24.0,4.16,0.13,200.0,14.0,5.0,0.13,250.0,5.0,2.0,0.17,360.0,0
2025-05-06,2,6,5,4564,36,6.91,6,0.2,4.43,2.3,6.0,15.0,91.0,0.0,0.0,0.18,12.0,4.16,0.21,370.0,19.0,2.1,0.17,410.0,14.0,4.28,0.18,310.0,13.0,3.07,0.15,290.0,17.0,0.58,0.2,460.0,16.0,0.62,0.19,480.0,0
2025-05-06,3,1,2,4154,66,6.85,1,0.16,5.6,3.62,20.0,22.0,116.0,2.0,0.0,0.18,21.0,5.23,0.19,310.0,19.0,4.21,0.18,430.0,23.0,4.78,0.16,330.0,20.0,3.0,0.18,410.0,17.0,3.52,0.19,410.0,16.0,0.0,0.22,490.0,0
2025-05-06,3,2,3,3553,51,6.95,2,0.21,4.38,2.14,4.0,17.0,98.0,0.0,0.0,0.19,14.0,3.57,0.19,310.0,15.0,3.33,0.21,410.0,16.0,1.87,0.19,430.0,21.0,3.33,0.2,410.0,20.0,0.5,0.19,340.0,12.0,0.0,0.17,390.0,0
2025-05-06,3,3,1,4450,56,6.81,3,0.15,7.29,5.58,45.0,32.0,138.0,8.0,3.0,0.15,33.0,8.78,0.14,260.0,25.0,6.0,0.15,250.0,18.0,5.55,0.16,320.0,26.0,4.61,0.17,300.0,19.0,5.26,0.13,200.0,17.0,0.58,0.16,320.0,0
2025-05-06,3,4,5,5326,60,6.92,5,0.22,2.49,0.29,1.0,1.0,69.0,0.0,0.0,0.2,0.0,0.0,0.0,0.0,0.0,0.0,0.0,0.0,1.0,0.0,0.2,400.0,18.0,0.0,0.2,410.0,17.0,1.17,0.18,420.0,33.0,0.0,0.21,440.0,0
2025-05-06,3,5,6,3568,64,6.84,4,0.19,4.25,2.46,10.0,8.0,73.0,0.0,0.0,0.18,10.0,7.0,0.16,370.0,15.0,2.0,0.18,460.0,18.0,3.33,0.21,370.0,13.0,0.76,0.2,420.0,10.0,1.0,0.16,360.0,7.0,0.0,0.14,400.0,0
2025-05-06,3,6,4,4852,49,6.88,6,0.16,6.42,4.69,35.0,27.0,132.0,4.0,0.0,0.17,27.0,8.14,0.18,330.0,19.0,4.21,0.16,340.0,26.0,4.23,0.16,350.0,23.0,4.34,0.17,330.0,16.0,1.87,0.17,350.0,21.0,3.81,0.16,330.0,0
2025-05-06,4,1,5,3832,43,6.84,1,0.21,4.4,2.29,9.0,16.0,109.0,0.0,0.0,0.17,15.0,6.0,0.11,290.0,24.0,1.66,0.19,370.0,19.0,2.63,0.15,320.0,16.0,1.87,0.2,380.0,20.0,1.0,0.16,390.0,15.0,1.33,0.21,470.0,0
2025-05-06,4,2,6,3910,4,6.9,2,0.18,4.46,2.41,12.0,16.0,116.0,0.0,0.0,0.17,15.0,4.66,0.15,290.0,20.0,3.0,0.14,350.0,21.0,3.81,0.13,220.0,26.0,1.15,0.17,320.0,19.0,1.57,0.2,370.0,15.0,0.66,0.23,450.0,0
2025-05-06,4,3,4,5224,33,6.91,3,0.22,6.59,4.49,27.0,35.0,138.0,3.0,0.0,0.16,31.0,7.74,0.17,280.0,24.0,5.0,0.13,280.0,23.0,3.91,0.14,300.0,18.0,2.77,0.18,370.0,19.0,4.21,0.15,270.0,23.0,1.73,0.21,430.0,0
2025-05-06,4,4,1,5136,18,6.9,4,0.11,6.69,4.82,40.0,29.0,143.0,3.0,1.0,0.14,33.0,8.18,0.12,210.0,23.0,3.91,0.14,320.0,26.0,5.76,0.14,240.0,22.0,5.0,0.16,250.0,19.0,2.1,0.13,280.0,20.0,1.5,0.14,330.0,0
2025-05-06,4,5,3,5339,54,6.96,5,0.15,3.56,1.57,3.0,11.0,89.0,0.0,0.0,0.18,0.0,0.0,0.0,0.0,0.0,0.0,0.0,0.0,0.0,0.0,0.0,0.0,17.0,2.35,0.16,260.0,29.0,2.06,0.19,350.0,43.0,0.93,0.17,320.0,0
2025-05-06,4,6,2,4823,6,6.94,6,0.21,5.25,3.52,8.0,10.0,51.0,2.0,0.0,0.15,11.0,8.18,0.17,240.0,5.0,4.0,0.11,280.0,9.0,5.55,0.14,210.0,7.0,1.42,0.19,310.0,8.0,1.25,0.11,200.0,11.0,0.0,0.14,350.0,0
2025-05-06,9,1,5,4452,53,6.88,1,0.15,5.53,3.57,14.0,20.0,95.0,3.0,0.0,0.17,16.0,8.12,0.16,290.0,18.0,3.88,0.18,360.0,13.0,2.3,0.16,250.0,17.0,3.52,0.17,390.0,14.0,2.14,0.19,460.0,17.0,1.17,0.17,380.0,0
2025-05-06,9,2,1,4739,14,6.92,2,0.18,6.29,3.92,28.0,21.0,125.0,6.0,0.0,0.15,22.0,7.72,0.16,280.0,20.0,6.5,0.15,300.0,24.0,4.16,0.12,250.0,22.0,2.27,0.13,300.0,21.0,1.9,0.15,380.0,16.0,0.0,0.18,380.0,0
2025-05-06,9,3,2,3908,46,6.91,4,0.18,6.76,5.19,37.0,44.0,156.0,6.0,0.0,0.14,33.0,8.18,0.14,300.0,28.0,4.64,0.15,330.0,27.0,6.29,0.12,270.0,17.0,4.11,0.14,260.0,24.0,3.75,0.15,320.0,27.0,2.96,0.15,310.0,0
2025-05-06,9,4,4,3478,10,7.07,3,0.21,4.85,2.27,12.0,11.0,101.0,0.0,0.0,0.17,14.0,5.71,0.13,310.0,20.0,1.5,0.15,350.0,21.0,2.85,0.18,350.0,16.0,1.87,0.19,380.0,19.0,1.05,0.18,370.0,11.0,0.9,0.22,430.0,0
2025-05-06,9,5,3,3553,51,7.0,5,0.16,4.38,2.14,4.0,17.0,98.0,0.0,0.0,0.19,14.0,3.57,0.19,310.0,15.0,3.33,0.21,410.0,16.0,1.87,0.19,430.0,21.0,3.33,0.2,410.0,20.0,0.5,0.19,340.0,12.0,0.0,0.17,390.0,0
2025-05-06,9,6,6,5339,54,6.99,6,0.16,3.56,1.57,3.0,11.0,89.0,0.0,0.0,0.18,0.0,0.0,0.0,0.0,0.0,0.0,0.0,0.0,0.0,0.0,0.0,0.0,17.0,2.35,0.16,260.0,29.0,2.06,0.19,350.0,43.0,0.93,0.17,320.0,0
2025-05-07,1,1,6,4343,23,6.95,1,0.19,3.74,1.84,6.0,11.0,92.0,0.0,0.0,0.18,12.0,7.5,0.19,330.0,15.0,2.0,0.19,410.0,17.0,1.76,0.17,290.0,15.0,1.33,0.16,340.0,20.0,0.0,0.17,380.0,13.0,0.0,0.2,430.0,0
2025-05-07,1,2,5,5291,59,6.93,5,0.22,2.07,0.37,1.0,3.0,107.0,0.0,0.0,0.23,0.0,0.0,0.0,0.0,0.0,0.0,0.0,0.0,0.0,0.0,0.0,0.0,22.0,0.9,0.23,470.0,40.0,0.5,0.21,440.0,45.0,0.0,0.25,530.0,0
2025-05-07,1,3,1,4154,66,6.8,2,0.18,5.6,3.62,20.0,22.0,116.0,2.0,0.0,0.18,21.0,5.23,0.19,310.0,19.0,4.21,0.18,430.0,23.0,4.78,0.16,330.0,20.0,3.0,0.18,410.0,17.0,3.52,0.19,410.0,16.0,0.0,0.22,490.0,0
2025-05-07,1,4,3,5339,54,6.95,6,0.15,3.56,1.57,3.0,11.0,89.0,0.0,0.0,0.18,0.0,0.0,0.0,0.0,0.0,0.0,0.0,0.0,0.0,0.0,0.0,0.0,17.0,2.35,0.16,260.0,29.0,2.06,0.19,350.0,43.0,0.93,0.17,320.0,0
2025-05-07,1,5,4,3578,40,6.9,4,0.35,4.48,2.7,11.0,19.0,111.0,0.0,0.0,0.18,19.0,5.78,0.18,360.0,20.0,3.5,0.16,330.0,18.0,2.77,0.17,340.0,18.0,1.66,0.2,320.0,16.0,1.87,0.19,410.0,20.0,0.5,0.17,370.0,0
2025-05-07,1,6,2,3701,21,6.95,3,0.12,3.78,1.68,6.0,11.0,101.0,0.0,0.0,0.16,13.0,5.38,0.11,170.0,20.0,1.0,0.19,360.0,17.0,1.17,0.17,290.0,15.0,2.66,0.14,250.0,23.0,0.87,0.15,270.0,13.0,0.0,0.15,270.0,0
2025-05-07,2,1,5,4034,65,6.88,1,0.24,4.88,2.52,10.0,17.0,107.0,1.0,0.0,0.19,15.0,5.33,0.16,360.0,17.0,1.76,0.2,420.0,19.0,3.68,0.19,310.0,22.0,1.81,0.19,400.0,19.0,1.57,0.19,370.0,15.0,1.33,0.23,510.0,0
2025-05-07,2,2,1,5043,20,6.77,2,0.23,6.92,5.84,50.0,33.0,142.0,8.0,2.0,0.16,40.0,8.75,0.15,300.0,23.0,6.95,0.16,300.0,23.0,4.34,0.16,280.0,19.0,3.68,0.16,380.0,19.0,5.78,0.17,360.0,18.0,2.22,0.13,260.0,0
2025-05-07,2,3,6,4020,58,6.88,4,0.49,4.43,2.45,13.0,13.0,106.0,0.0,0.0,0.17,16.0,7.5,0.12,240.0,20.0,2.0,0.19,400.0,18.0,1.66,0.19,390.0,16.0,1.87,0.18,340.0,21.0,1.42,0.16,280.0,15.0,0.66,0.19,390.0,0
2025-05-07,2,4,2,4452,53,6.9,3,0.37,5.53,3.57,14.0,20.0,95.0,3.0,0.0,0.17,16.0,8.12,0.16,290.0,18.0,3.88,0.18,360.0,13.0,2.3,0.16,250.0,17.0,3.52,0.17,390.0,14.0,2.14,0.19,460.0,17.0,1.17,0.17,380.0,0
2025-05-07,2,5,3,3543,52,6.9,5,0.27,5.89,3.96,31.0,19.0,126.0,3.0,0.0,0.16,23.0,8.69,0.14,260.0,22.0,5.0,0.15,300.0,18.0,4.44,0.16,320.0,29.0,2.06,0.2,390.0,19.0,1.57,0.14,270.0,15.0,1.33,0.18,350.0,0
2025-05-07,2,6,4,4821,31,6.86,6,0.21,5.06,3.14,12.0,22.0,108.0,1.0,0.0,0.19,11.0,3.63,0.21,490.0,21.0,4.76,0.22,500.0,18.0,2.22,0.2,470.0,22.0,2.72,0.2,410.0,22.0,3.18,0.17,350.0,14.0,2.14,0.16,360.0,0
2025-05-07,4,1,3,3553,51,6.86,1,0.18,4.38,2.14,4.0,17.0,98.0,0.0,0.0,0.19,14.0,3.57,0.19,310.0,15.0,3.33,0.21,410.0,16.0,1.87,0.19,430.0,21.0,3.33,0.2,410.0,20.0,0.5,0.19,340.0,12.0,0.0,0.17,390.0,0
2025-05-07,4,2,5,3568,64,6.81,2,0.15,4.25,2.46,10.0,8.0,73.0,0.0,0.0,0.18,10.0,7.0,0.16,370.0,15.0,2.0,0.18,460.0,18.0,3.33,0.21,370.0,13.0,0.76,0.2,420.0,10.0,1.0,0.16,360.0,7.0,0.0,0.14,400.0,0
2025-05-07,4,3,1,4739,14,6.88,3,0.14,6.29,3.92,28.0,21.0,125.0,6.0,0.0,0.15,22.0,7.72,0.16,280.0,20.0,6.5,0.15,300.0,24.0,4.16,0.12,250.0,22.0,2.27,0.13,300.0,21.0,1.9,0.15,380.0,16.0,0.0,0.18,380.0,0
2025-05-07,4,4,6,5218,17,6.87,4,0.15,5.77,3.51,27.0,24.0,145.0,0.0,0.0,0.15,23.0,8.26,0.15,220.0,24.0,3.33,0.15,310.0,29.0,3.79,0.12,240.0,26.0,1.53,0.16,280.0,26.0,3.07,0.14,260.0,17.0,0.58,0.18,430.0,0
2025-05-07,4,5,2,4260,13,6.93,5,0.2,5.53,3.95,23.0,30.0,134.0,2.0,1.0,0.17,26.0,7.69,0.18,350.0,25.0,4.4,0.17,340.0,22.0,3.63,0.17,370.0,20.0,3.0,0.17,350.0,21.0,1.9,0.17,350.0,20.0,2.0,0.19,390.0,0
2025-05-07,4,6,4,3401,41,6.9,6,0.21,4.66,2.71,15.0,14.0,107.0,0.0,0.0,0.19,16.0,5.0,0.14,250.0,19.0,5.78,0.18,390.0,17.0,3.52,0.17,310.0,21.0,1.9,0.22,430.0,12.0,0.0,0.21,430.0,22.0,0.0,0.21,500.0,0
2025-05-07,5,1,4,4823,6,6.87,1,0.15,5.25,3.52,8.0,10.0,51.0,2.0,0.0,0.15,11.0,8.18,0.17,240.0,5.0,4.0,0.11,280.0,9.0,5.55,0.14,210.0,7.0,1.42,0.19,310.0,8.0,1.25,0.11,200.0,11.0,0.0,0.14,350.0,0
2025-05-07,5,2,1,4931,27,6.89,2,0.14,5.63,3.12,24.0,20.0,141.0,2.0,0.0,0.16,28.0,7.85,0.13,240.0,22.0,4.09,0.16,300.0,20.0,4.0,0.15,320.0,30.0,1.0,0.18,390.0,16.0,0.62,0.16,390.0,25.0,0.4,0.18,490.0,0
2025-05-07,5,3,2,5136,18,6.82,3,0.09,6.69,4.82,40.0,29.0,143.0,3.0,1.0,0.14,33.0,8.18,0.12,210.0,23.0,3.91,0.14,320.0,26.0,5.76,0.14,240.0,22.0,5.0,0.16,250.0,19.0,2.1,0.13,280.0,20.0,1.5,0.14,330.0,0
2025-05-07,5,4,5,4343,23,6.87,5,0.12,3.74,1.84,6.0,11.0,92.0,0.0,0.0,0.18,12.0,7.5,0.19,330.0,15.0,2.0,0.19,410.0,17.0,1.76,0.17,290.0,15.0,1.33,0.16,340.0,20.0,0.0,0.17,380.0,13.0,0.0,0.2,430.0,0
2025-05-07,5,5,3,5257,37,6.83,4,0.08,6.07,4.06,17.0,22.0,96.0,3.0,2.0,0.18,16.0,6.25,0.21,430.0,14.0,2.85,0.19,450.0,18.0,4.44,0.16,370.0,18.0,6.11,0.16,330.0,16.0,3.12,0.17,390.0,14.0,0.71,0.17,410.0,0
2025-05-07,5,6,6,5407,28,6.86,6,0.11,0.0,0.0,0.0,0.0,0.0,0.0,0.0,0.0,0.0,0.0,0.0,0.0,0.0,0.0,0.0,0.0,0.0,0.0,0.0,0.0,0.0,0.0,0.0,0.0,0.0,0.0,0.0,0.0,0.0,0.0,0.0,0.0,0
2025-05-07,6,1,4,4852,49,6.81,1,0.16,6.42,4.69,35.0,27.0,132.0,4.0,0.0,0.17,27.0,8.14,0.18,330.0,19.0,4.21,0.16,340.0,26.0,4.23,0.16,350.0,23.0,4.34,0.17,330.0,16.0,1.87,0.17,350.0,21.0,3.81,0.16,330.0,0
2025-05-07,6,2,3,3701,21,6.86,2,0.13,3.78,1.68,6.0,11.0,101.0,0.0,0.0,0.16,13.0,5.38,0.11,170.0,20.0,1.0,0.19,360.0,17.0,1.17,0.17,290.0,15.0,2.66,0.14,250.0,23.0,0.87,0.15,270.0,13.0,0.0,0.15,270.0,0
2025-05-07,6,3,1,3849,45,6.83,3,0.13,6.67,5.43,26.0,30.0,103.0,6.0,1.0,0.14,20.0,9.5,0.13,230.0,17.0,6.47,0.15,320.0,23.0,3.47,0.16,270.0,24.0,4.16,0.13,200.0,14.0,5.0,0.13,250.0,5.0,2.0,0.17,360.0,0
2025-05-07,6,4,2,4643,57,6.85,4,0.06,6.59,5.12,34.0,29.0,123.0,5.0,1.0,0.15,25.0,8.8,0.12,200.0,18.0,8.33,0.15,260.0,18.0,4.44,0.16,280.0,24.0,3.33,0.14,250.0,22.0,3.18,0.17,330.0,16.0,1.87,0.18,460.0,0
2025-05-07,6,5,5,4010,2,6.91,5,0.26,3.7,1.33,0.0,4.0,30.0,0.0,0.0,0.19,5.0,2.0,0.21,460.0,4.0,2.5,0.14,300.0,6.0,1.66,0.15,370.0,6.0,1.66,0.25,520.0,4.0,0.0,0.17,380.0,5.0,0.0,0.22,480.0,0
2025-05-07,6,6,6,5326,60,6.79,6,0.22,2.49,0.29,1.0,1.0,69.0,0.0,0.0,0.2,0.0,0.0,0.0,0.0,0.0,0.0,0.0,0.0,1.0,0.0,0.2,400.0,18.0,0.0,0.2,410.0,17.0,1.17,0.18,420.0,33.0,0.0,0.21,440.0,0
2025-05-07,9,1,2,5218,17,6.89,1,0.14,5.77,3.51,27.0,24.0,145.0,0.0,0.0,0.15,23.0,8.26,0.15,220.0,24.0,3.33,0.15,310.0,29.0,3.79,0.12,240.0,26.0,1.53,0.16,280.0,26.0,3.07,0.14,260.0,17.0,0.58,0.18,430.0,0
2025-05-07,9,2,5,4642,15,6.91,2,0.22,6.59,5.15,28.0,21.0,95.0,4.0,1.0,0.15,22.0,9.54,0.15,300.0,18.0,5.55,0.17,310.0,13.0,6.92,0.13,220.0,18.0,1.11,0.15,310.0,12.0,4.16,0.15,240.0,12.0,1.66,0.16,300.0,0
2025-05-07,9,3,1,4450,56,6.76,3,0.16,7.29,5.58,45.0,32.0,138.0,8.0,3.0,0.15,33.0,8.78,0.14,260.0,25.0,6.0,0.15,250.0,18.0,5.55,0.16,320.0,26.0,4.61,0.17,300.0,19.0,5.26,0.13,200.0,17.0,0.58,0.16,320.0,0
2025-05-07,9,4,3,4823,6,6.84,4,0.15,5.25,3.52,8.0,10.0,51.0,2.0,0.0,0.15,11.0,8.18,0.17,240.0,5.0,4.0,0.11,280.0,9.0,5.55,0.14,210.0,7.0,1.42,0.19,310.0,8.0,1.25,0.11,200.0,11.0,0.0,0.14,350.0,0
2025-05-07,9,5,4,5291,59,6.95,5,0.19,2.07,0.37,1.0,3.0,107.0,0.0,0.0,0.23,0.0,0.0,0.0,0.0,0.0,0.0,0.0,0.0,0.0,0.0,0.0,0.0,22.0,0.9,0.23,470.0,40.0,0.5,0.21,440.0,45.0,0.0,0.25,530.0,0
2025-05-07,9,6,6,5265,25,6.79,6,0.2,3.13,1.03,4.0,9.0,126.0,0.0,0.0,0.16,15.0,3.33,0.17,300.0,22.0,1.36,0.18,340.0,24.0,1.66,0.14,300.0,22.0,0.45,0.18,360.0,23.0,0.0,0.16,370.0,20.0,0.0,0.14,310.0,0
2025-05-07,11,1,3,3908,46,6.94,1,0.16,6.76,5.19,37.0,44.0,156.0,6.0,0.0,0.14,33.0,8.18,0.14,300.0,28.0,4.64,0.15,330.0,27.0,6.29,0.12,270.0,17.0,4.11,0.14,260.0,24.0,3.75,0.15,320.0,27.0,2.96,0.15,310.0,0
2025-05-07,11,2,2,4852,49,6.88,2,0.13,6.42,4.69,35.0,27.0,132.0,4.0,0.0,0.17,27.0,8.14,0.18,330.0,19.0,4.21,0.16,340.0,26.0,4.23,0.16,350.0,23.0,4.34,0.17,330.0,16.0,1.87,0.17,350.0,21.0,3.81,0.16,330.0,0
2025-05-07,11,3,6,4452,53,6.9,3,0.14,5.53,3.57,14.0,20.0,95.0,3.0,0.0,0.17,16.0,8.12,0.16,290.0,18.0,3.88,0.18,360.0,13.0,2.3,0.16,250.0,17.0,3.52,0.17,390.0,14.0,2.14,0.19,460.0,17.0,1.17,0.17,380.0,0
2025-05-07,11,4,1,4154,66,6.86,4,0.21,5.6,3.62,20.0,22.0,116.0,2.0,0.0,0.18,21.0,5.23,0.19,310.0,19.0,4.21,0.18,430.0,23.0,4.78,0.16,330.0,20.0,3.0,0.18,410.0,17.0,3.52,0.19,410.0,16.0,0.0,0.22,490.0,0
2025-05-07,11,5,4,4931,27,6.89,5,0.16,5.63,3.12,24.0,20.0,141.0,2.0,0.0,0.16,28.0,7.85,0.13,240.0,22.0,4.09,0.16,300.0,20.0,4.0,0.15,320.0,30.0,1.0,0.18,390.0,16.0,0.62,0.16,390.0,25.0,0.4,0.18,490.0,0
2025-05-07,11,6,5,4348,63,6.93,6,0.22,6.12,4.01,31.0,22.0,132.0,0.0,0.0,0.18,29.0,9.65,0.17,280.0,19.0,5.26,0.19,440.0,21.0,4.28,0.18,340.0,21.0,1.42,0.18,320.0,21.0,0.95,0.17,390.0,21.0,0.47,0.19,450.0,0
2025-05-08,1,1,2,4823,6,6.86,1,0.15,5.25,3.52,8.0,10.0,51.0,2.0,0.0,0.15,11.0,8.18,0.17,240.0,5.0,4.0,0.11,280.0,9.0,5.55,0.14,210.0,7.0,1.42,0.19,310.0,8.0,1.25,0.11,200.0,11.0,0.0,0.14,350.0,0
2025-05-08,1,2,4,4020,58,6.84,2,0.19,4.43,2.45,13.0,13.0,106.0,0.0,0.0,0.17,16.0,7.5,0.12,240.0,20.0,2.0,0.19,400.0,18.0,1.66,0.19,390.0,16.0,1.87,0.18,340.0,21.0,1.42,0.16,280.0,15.0,0.66,0.19,390.0,0
2025-05-08,1,3,1,5291,59,6.83,3,0.18,2.07,0.37,1.0,3.0,107.0,0.0,0.0,0.23,0.0,0.0,0.0,0.0,0.0,0.0,0.0,0.0,0.0,0.0,0.0,0.0,22.0,0.9,0.23,470.0,40.0,0.5,0.21,440.0,45.0,0.0,0.25,530.0,0
2025-05-08,1,4,6,3832,43,6.77,4,0.18,4.4,2.29,9.0,16.0,109.0,0.0,0.0,0.17,15.0,6.0,0.11,290.0,24.0,1.66,0.19,370.0,19.0,2.63,0.15,320.0,16.0,1.87,0.2,380.0,20.0,1.0,0.16,390.0,15.0,1.33,0.21,470.0,0
2025-05-08,1,5,3,4154,66,6.79,5,0.18,5.6,3.62,20.0,22.0,116.0,2.0,0.0,0.18,21.0,5.23,0.19,310.0,19.0,4.21,0.18,430.0,23.0,4.78,0.16,330.0,20.0,3.0,0.18,410.0,17.0,3.52,0.19,410.0,16.0,0.0,0.22,490.0,0
2025-05-08,1,6,5,5407,28,6.94,6,0.18,0.0,0.0,0.0,0.0,0.0,0.0,0.0,0.0,0.0,0.0,0.0,0.0,0.0,0.0,0.0,0.0,0.0,0.0,0.0,0.0,0.0,0.0,0.0,0.0,0.0,0.0,0.0,0.0,0.0,0.0,0.0,0.0,0
2025-05-08,4,1,2,4821,31,6.76,1,0.15,5.06,3.14,12.0,22.0,108.0,1.0,0.0,0.19,11.0,3.63,0.21,490.0,21.0,4.76,0.22,500.0,18.0,2.22,0.2,470.0,22.0,2.72,0.2,410.0,22.0,3.18,0.17,350.0,14.0,2.14,0.16,360.0,0
2025-05-08,4,2,3,4452,53,6.82,3,0.11,5.53,3.57,14.0,20.0,95.0,3.0,0.0,0.17,16.0,8.12,0.16,290.0,18.0,3.88,0.18,360.0,13.0,2.3,0.16,250.0,17.0,3.52,0.17,390.0,14.0,2.14,0.19,460.0,17.0,1.17,0.17,380.0,0
2025-05-08,4,3,6,3578,40,6.91,4,0.12,4.48,2.7,11.0,19.0,111.0,0.0,0.0,0.18,19.0,5.78,0.18,360.0,20.0,3.5,0.16,330.0,18.0,2.77,0.17,340.0,18.0,1.66,0.2,320.0,16.0,1.87,0.19,410.0,20.0,0.5,0.17,370.0,0
2025-05-08,4,4,4,5339,54,6.82,5,0.11,3.56,1.57,3.0,11.0,89.0,0.0,0.0,0.18,0.0,0.0,0.0,0.0,0.0,0.0,0.0,0.0,0.0,0.0,0.0,0.0,17.0,2.35,0.16,260.0,29.0,2.06,0.19,350.0,43.0,0.93,0.17,320.0,0
2025-05-08,4,5,1,3849,45,6.76,2,0.03,6.67,5.43,26.0,30.0,103.0,6.0,1.0,0.14,20.0,9.5,0.13,230.0,17.0,6.47,0.15,320.0,23.0,3.47,0.16,270.0,24.0,4.16,0.13,200.0,14.0,5.0,0.13,250.0,5.0,2.0,0.17,360.0,0
2025-05-08,4,6,5,4739,14,6.85,6,0.14,6.29,3.92,28.0,21.0,125.0,6.0,0.0,0.15,22.0,7.72,0.16,280.0,20.0,6.5,0.15,300.0,24.0,4.16,0.12,250.0,22.0,2.27,0.13,300.0,21.0,1.9,0.15,380.0,16.0,0.0,0.18,380.0,0
2025-05-08,5,1,2,3701,21,6.88,1,0.11,3.78,1.68,6.0,11.0,101.0,0.0,0.0,0.16,13.0,5.38,0.11,170.0,20.0,1.0,0.19,360.0,17.0,1.17,0.17,290.0,15.0,2.66,0.14,250.0,23.0,0.87,0.15,270.0,13.0,0.0,0.15,270.0,0
2025-05-08,5,2,1,3907,47,6.74,2,0.09,5.14,3.25,21.0,21.0,129.0,1.0,0.0,0.17,25.0,8.0,0.18,340.0,22.0,3.18,0.15,310.0,19.0,2.1,0.17,300.0,22.0,2.27,0.17,300.0,25.0,2.4,0.16,350.0,16.0,0.0,0.2,480.0,0
2025-05-08,5,3,5,4776,1,6.88,3,0.08,6.54,4.54,25.0,25.0,110.0,3.0,1.0,0.17,24.0,9.16,0.14,250.0,19.0,5.26,0.18,360.0,14.0,4.28,0.14,320.0,18.0,3.33,0.16,380.0,18.0,2.22,0.19,420.0,17.0,1.17,0.19,420.0,0
2025-05-08,5,4,4,3442,7,6.9,4,0.07,5.25,3.23,13.0,20.0,102.0,0.0,0.0,0.17,20.0,7.5,0.17,290.0,16.0,5.62,0.17,310.0,22.0,0.9,0.16,340.0,16.0,3.12,0.14,280.0,13.0,1.53,0.16,320.0,15.0,0.0,0.19,430.0,0
2025-05-08,5,5,3,5241,9,6.84,5,0.05,5.06,2.95,20.0,19.0,132.0,0.0,0.0,0.16,21.0,7.61,0.14,270.0,19.0,4.21,0.17,250.0,26.0,2.3,0.18,350.0,22.0,2.27,0.15,360.0,20.0,1.5,0.14,260.0,24.0,0.41,0.16,280.0,0
2025-05-08,5,6,6,5043,20,6.8,6,0.08,6.92,5.84,50.0,33.0,142.0,8.0,2.0,0.16,40.0,8.75,0.15,300.0,23.0,6.95,0.16,300.0,23.0,4.34,0.16,280.0,19.0,3.68,0.16,380.0,19.0,5.78,0.17,360.0,18.0,2.22,0.13,260.0,0
2025-05-08,7,1,6,5136,18,6.79,1,0.1,6.69,4.82,40.0,29.0,143.0,3.0,1.0,0.14,33.0,8.18,0.12,210.0,23.0,3.91,0.14,320.0,26.0,5.76,0.14,240.0,22.0,5.0,0.16,250.0,19.0,2.1,0.13,280.0,20.0,1.5,0.14,330.0,0
2025-05-08,7,2,4,5032,39,6.84,2,0.13,5.0,2.77,17.0,8.0,90.0,0.0,0.0,0.17,13.0,6.92,0.12,230.0,15.0,4.0,0.17,310.0,15.0,0.66,0.18,380.0,20.0,3.0,0.18,330.0,13.0,1.53,0.16,330.0,14.0,0.71,0.17,390.0,0
2025-05-08,7,3,1,4459,11,6.88,3,0.12,6.64,3.94,29.0,25.0,137.0,4.0,1.0,0.12,26.0,10.0,0.11,250.0,19.0,3.68,0.15,360.0,23.0,2.6,0.11,230.0,27.0,4.07,0.11,200.0,22.0,1.36,0.1,210.0,20.0,0.5,0.12,280.0,0
2025-05-08,7,4,2,4020,58,6.8,4,0.16,4.43,2.45,13.0,13.0,106.0,0.0,0.0,0.17,16.0,7.5,0.12,240.0,20.0,2.0,0.19,400.0,18.0,1.66,0.19,390.0,16.0,1.87,0.18,340.0,21.0,1.42,0.16,280.0,15.0,0.66,0.19,390.0,0
2025-05-08,7,5,3,3975,19,6.77,5,0.15,5.29,3.42,20.0,31.0,149.0,2.0,0.0,0.15,28.0,8.21,0.12,250.0,25.0,4.0,0.18,340.0,20.0,4.0,0.12,190.0,24.0,2.5,0.14,270.0,25.0,0.8,0.15,320.0,27.0,0.74,0.19,410.0,0
2025-05-08,7,6,5,4643,57,6.76,6,0.14,6.59,5.12,34.0,29.0,123.0,5.0,1.0,0.15,25.0,8.8,0.12,200.0,18.0,8.33,0.15,260.0,18.0,4.44,0.16,280.0,24.0,3.33,0.14,250.0,22.0,3.18,0.17,330.0,16.0,1.87,0.18,460.0,0
2025-05-08,9,1,3,4739,14,6.91,1,0.13,6.29,3.92,28.0,21.0,125.0,6.0,0.0,0.15,22.0,7.72,0.16,280.0,20.0,6.5,0.15,300.0,24.0,4.16,0.12,250.0,22.0,2.27,0.13,300.0,21.0,1.9,0.15,380.0,16.0,0.0,0.18,380.0,0
2025-05-08,9,2,6,4154,66,6.77,2,0.17,5.6,3.62,20.0,22.0,116.0,2.0,0.0,0.18,21.0,5.23,0.19,310.0,19.0,4.21,0.18,430.0,23.0,4.78,0.16,330.0,20.0,3.0,0.18,410.0,17.0,3.52,0.19,410.0,16.0,0.0,0.22,490.0,0
2025-05-08,9,3,1,5257,37,6.79,3,0.12,6.07,4.06,17.0,22.0,96.0,3.0,2.0,0.18,16.0,6.25,0.21,430.0,14.0,2.85,0.19,450.0,18.0,4.44,0.16,370.0,18.0,6.11,0.16,330.0,16.0,3.12,0.17,390.0,14.0,0.71,0.17,410.0,0
2025-05-08,9,4,2,4776,1,6.9,4,0.16,6.54,4.54,25.0,25.0,110.0,3.0,1.0,0.17,24.0,9.16,0.14,250.0,19.0,5.26,0.18,360.0,14.0,4.28,0.14,320.0,18.0,3.33,0.16,380.0,18.0,2.22,0.19,420.0,17.0,1.17,0.19,420.0,0
2025-05-08,9,5,5,3907,47,6.83,5,0.18,5.14,3.25,21.0,21.0,129.0,1.0,0.0,0.17,25.0,8.0,0.18,340.0,22.0,3.18,0.15,310.0,19.0,2.1,0.17,300.0,22.0,2.27,0.17,300.0,25.0,2.4,0.16,350.0,16.0,0.0,0.2,480.0,0
2025-05-08,9,6,4,3478,10,6.99,6,0.18,4.85,2.27,12.0,11.0,101.0,0.0,0.0,0.17,14.0,5.71,0.13,310.0,20.0,1.5,0.15,350.0,21.0,2.85,0.18,350.0,16.0,1.87,0.19,380.0,19.0,1.05,0.18,370.0,11.0,0.9,0.22,430.0,0
2025-05-09,1,1,3,3553,51,6.92,1,0.14,4.38,2.14,4.0,17.0,98.0,0.0,0.0,0.19,14.0,3.57,0.19,310.0,15.0,3.33,0.21,410.0,16.0,1.87,0.19,430.0,21.0,3.33,0.2,410.0,20.0,0.5,0.19,340.0,12.0,0.0,0.17,390.0,0
2025-05-09,1,2,1,3910,4,6.95,2,0.19,4.46,2.41,12.0,16.0,116.0,0.0,0.0,0.17,15.0,4.66,0.15,290.0,20.0,3.0,0.14,350.0,21.0,3.81,0.13,220.0,26.0,1.15,0.17,320.0,19.0,1.57,0.2,370.0,15.0,0.66,0.23,450.0,0
2025-05-09,1,3,5,3568,64,6.92,3,0.21,4.25,2.46,10.0,8.0,73.0,0.0,0.0,0.18,10.0,7.0,0.16,370.0,15.0,2.0,0.18,460.0,18.0,3.33,0.21,370.0,13.0,0.76,0.2,420.0,10.0,1.0,0.16,360.0,7.0,0.0,0.14,400.0,0
2025-05-09,1,4,4,5291,59,6.93,4,0.2,2.07,0.37,1.0,3.0,107.0,0.0,0.0,0.23,0.0,0.0,0.0,0.0,0.0,0.0,0.0,0.0,0.0,0.0,0.0,0.0,22.0,0.9,0.23,470.0,40.0,0.5,0.21,440.0,45.0,0.0,0.25,530.0,0
2025-05-09,1,5,6,4020,58,6.88,5,0.16,4.43,2.45,13.0,13.0,106.0,0.0,0.0,0.17,16.0,7.5,0.12,240.0,20.0,2.0,0.19,400.0,18.0,1.66,0.19,390.0,16.0,1.87,0.18,340.0,21.0,1.42,0.16,280.0,15.0,0.66,0.19,390.0,0
2025-05-09,1,6,2,5265,25,6.88,6,0.18,3.13,1.03,4.0,9.0,126.0,0.0,0.0,0.16,15.0,3.33,0.17,300.0,22.0,1.36,0.18,340.0,24.0,1.66,0.14,300.0,22.0,0.45,0.18,360.0,23.0,0.0,0.16,370.0,20.0,0.0,0.14,310.0,0
2025-05-09,2,1,2,4154,66,6.83,1,0.09,5.6,3.62,20.0,22.0,116.0,2.0,0.0,0.18,21.0,5.23,0.19,310.0,19.0,4.21,0.18,430.0,23.0,4.78,0.16,330.0,20.0,3.0,0.18,410.0,17.0,3.52,0.19,410.0,16.0,0.0,0.22,490.0,0
2025-05-09,2,2,6,4343,23,6.94,2,0.15,3.74,1.84,6.0,11.0,92.0,0.0,0.0,0.18,12.0,7.5,0.19,330.0,15.0,2.0,0.19,410.0,17.0,1.76,0.17,290.0,15.0,1.33,0.16,340.0,20.0,0.0,0.17,380.0,13.0,0.0,0.2,430.0,0
2025-05-09,2,3,1,5032,39,6.89,3,0.1,5.0,2.77,17.0,8.0,90.0,0.0,0.0,0.17,13.0,6.92,0.12,230.0,15.0,4.0,0.17,310.0,15.0,0.66,0.18,380.0,20.0,3.0,0.18,330.0,13.0,1.53,0.16,330.0,14.0,0.71,0.17,390.0,0
2025-05-09,2,4,3,5326,60,6.85,4,0.15,2.49,0.29,1.0,1.0,69.0,0.0,0.0,0.2,0.0,0.0,0.0,0.0,0.0,0.0,0.0,0.0,1.0,0.0,0.2,400.0,18.0,0.0,0.2,410.0,17.0,1.17,0.18,420.0,33.0,0.0,0.21,440.0,0
2025-05-09,2,5,5,5218,17,6.82,5,0.12,5.77,3.51,27.0,24.0,145.0,0.0,0.0,0.15,23.0,8.26,0.15,220.0,24.0,3.33,0.15,310.0,29.0,3.79,0.12,240.0,26.0,1.53,0.16,280.0,26.0,3.07,0.14,260.0,17.0,0.58,0.18,430.0,0
2025-05-09,2,6,4,3401,41,6.96,6,0.21,4.66,2.71,15.0,14.0,107.0,0.0,0.0,0.19,16.0,5.0,0.14,250.0,19.0,5.78,0.18,390.0,17.0,3.52,0.17,310.0,21.0,1.9,0.22,430.0,12.0,0.0,0.21,430.0,22.0,0.0,0.21,500.0,0
2025-05-09,8,1,2,4931,27,6.97,1,0.11,5.63,3.12,24.0,20.0,141.0,2.0,0.0,0.16,28.0,7.85,0.13,240.0,22.0,4.09,0.16,300.0,20.0,4.0,0.15,320.0,30.0,1.0,0.18,390.0,16.0,0.62,0.16,390.0,25.0,0.4,0.18,490.0,0
2025-05-09,8,2,1,3543,52,6.94,2,0.12,5.89,3.96,31.0,19.0,126.0,3.0,0.0,0.16,23.0,8.69,0.14,260.0,22.0,5.0,0.15,300.0,18.0,4.44,0.16,320.0,29.0,2.06,0.2,390.0,19.0,1.57,0.14,270.0,15.0,1.33,0.18,350.0,0
2025-05-09,8,3,3,3578,40,6.95,3,0.14,4.48,2.7,11.0,19.0,111.0,0.0,0.0,0.18,19.0,5.78,0.18,360.0,20.0,3.5,0.16,330.0,18.0,2.77,0.17,340.0,18.0,1.66,0.2,320.0,16.0,1.87,0.19,410.0,20.0,0.5,0.17,370.0,0
2025-05-09,8,4,4,3975,19,6.86,4,0.19,5.29,3.42,20.0,31.0,149.0,2.0,0.0,0.15,28.0,8.21,0.12,250.0,25.0,4.0,0.18,340.0,20.0,4.0,0.12,190.0,24.0,2.5,0.14,270.0,25.0,0.8,0.15,320.0,27.0,0.74,0.19,410.0,0
2025-05-09,8,5,5,4034,65,7.02,5,0.19,4.88,2.52,10.0,17.0,107.0,1.0,0.0,0.19,15.0,5.33,0.16,360.0,17.0,1.76,0.2,420.0,19.0,3.68,0.19,310.0,22.0,1.81,0.19,400.0,19.0,1.57,0.19,370.0,15.0,1.33,0.23,510.0,0
2025-05-09,8,6,6,5326,60,6.92,6,0.15,2.49,0.29,1.0,1.0,69.0,0.0,0.0,0.2,0.0,0.0,0.0,0.0,0.0,0.0,0.0,0.0,1.0,0.0,0.2,400.0,18.0,0.0,0.2,410.0,17.0,1.17,0.18,420.0,33.0,0.0,0.21,440.0,0
2025-05-09,11,1,2,4739,14,6.95,1,0.15,6.29,3.92,28.0,21.0,125.0,6.0,0.0,0.15,22.0,7.72,0.16,280.0,20.0,6.5,0.15,300.0,24.0,4.16,0.12,250.0,22.0,2.27,0.13,300.0,21.0,1.9,0.15,380.0,16.0,0.0,0.18,380.0,0
2025-05-09,11,2,1,4931,27,7.11,2,0.14,5.63,3.12,24.0,20.0,141.0,2.0,0.0,0.16,28.0,7.85,0.13,240.0,22.0,4.09,0.16,300.0,20.0,4.0,0.15,320.0,30.0,1.0,0.18,390.0,16.0,0.62,0.16,390.0,25.0,0.4,0.18,490.0,0
2025-05-09,11,3,5,4450,56,6.93,3,0.12,7.29,5.58,45.0,32.0,138.0,8.0,3.0,0.15,33.0,8.78,0.14,260.0,25.0,6.0,0.15,250.0,18.0,5.55,0.16,320.0,26.0,4.61,0.17,300.0,19.0,5.26,0.13,200.0,17.0,0.58,0.16,320.0,0
2025-05-09,11,4,3,3849,45,7.0,4,0.09,6.67,5.43,26.0,30.0,103.0,6.0,1.0,0.14,20.0,9.5,0.13,230.0,17.0,6.47,0.15,320.0,23.0,3.47,0.16,270.0,24.0,4.16,0.13,200.0,14.0,5.0,0.13,250.0,5.0,2.0,0.17,360.0,0
2025-05-09,11,5,4,4154,66,6.99,5,0.09,5.6,3.62,20.0,22.0,116.0,2.0,0.0,0.18,21.0,5.23,0.19,310.0,19.0,4.21,0.18,430.0,23.0,4.78,0.16,330.0,20.0,3.0,0.18,410.0,17.0,3.52,0.19,410.0,16.0,0.0,0.22,490.0,0
2025-05-09,11,6,6,5136,18,6.99,6,0.11,6.69,4.82,40.0,29.0,143.0,3.0,1.0,0.14,33.0,8.18,0.12,210.0,23.0,3.91,0.14,320.0,26.0,5.76,0.14,240.0,22.0,5.0,0.16,250.0,19.0,2.1,0.13,280.0,20.0,1.5,0.14,330.0,0
2025-05-19,3,1,2,3714,60,6.86,1,0.11,4.39,1.93,8.0,11.0,98.0,0.0,0.0,0.17,14.0,3.57,0.18,340.0,17.0,1.17,0.17,390.0,19.0,4.21,0.18,340.0,15.0,2.0,0.16,280.0,22.0,0.45,0.17,350.0,11.0,0.0,0.2,430.0,0
2025-05-19,3,2,1,4718,61,6.88,2,0.08,5.8,4.13,26.0,22.0,116.0,4.0,0.0,0.16,23.0,6.95,0.16,270.0,17.0,5.88,0.14,290.0,21.0,4.76,0.18,340.0,20.0,3.5,0.15,310.0,18.0,2.22,0.16,370.0,17.0,0.58,0.15,360.0,0
2025-05-19,3,3,6,5235,32,6.91,6,0.12,2.53,0.8,5.0,3.0,99.0,0.0,0.0,0.19,12.0,2.5,0.17,380.0,18.0,1.11,0.2,380.0,22.0,0.9,0.2,390.0,15.0,0.66,0.2,360.0,17.0,0.0,0.17,390.0,15.0,0.0,0.2,390.0,0
2025-05-19,3,4,4,4676,24,6.97,3,0.19,5.28,3.25,16.0,23.0,120.0,2.0,0.0,0.15,20.0,6.0,0.12,210.0,24.0,4.16,0.14,250.0,18.0,1.11,0.13,210.0,26.0,4.61,0.16,300.0,16.0,0.0,0.15,360.0,16.0,1.87,0.19,400.0,0
2025-05-19,3,5,5,4978,17,6.87,4,0.19,4.17,2.13,6.0,10.0,75.0,0.0,0.0,0.18,8.0,7.5,0.15,340.0,15.0,2.0,0.2,400.0,13.0,2.3,0.16,320.0,13.0,0.76,0.18,410.0,17.0,1.76,0.17,370.0,9.0,0.0,0.22,460.0,0
2025-05-19,3,6,3,4732,54,6.9,5,0.14,6.51,4.92,34.0,34.0,138.0,3.0,1.0,0.12,31.0,8.38,0.13,230.0,24.0,4.58,0.15,320.0,25.0,5.2,0.11,200.0,29.0,4.48,0.11,210.0,22.0,2.27,0.12,220.0,7.0,0.0,0.18,270.0,0
2025-05-19,4,1,5,4116,48,6.87,1,0.12,5.59,3.76,19.0,22.0,109.0,1.0,0.0,0.18,19.0,8.42,0.17,270.0,14.0,2.85,0.19,390.0,19.0,5.78,0.15,290.0,22.0,2.27,0.19,360.0,18.0,2.22,0.18,330.0,17.0,0.58,0.2,460.0,0
2025-05-19,4,2,2,4731,34,6.81,3,0.02,5.23,2.5,8.0,13.0,84.0,1.0,0.0,0.15,11.0,6.36,0.15,300.0,16.0,3.12,0.15,350.0,15.0,2.0,0.19,350.0,17.0,1.17,0.16,340.0,12.0,1.66,0.11,210.0,13.0,1.53,0.15,350.0,0
2025-05-19,4,3,3,4549,16,6.77,4,0.07,5.5,3.33,12.0,22.0,102.0,0.0,0.0,0.2,14.0,5.71,0.17,400.0,18.0,2.77,0.17,420.0,22.0,2.72,0.2,390.0,18.0,3.88,0.22,430.0,16.0,3.75,0.17,450.0,14.0,1.42,0.24,510.0,0
2025-05-19,4,4,4,4911,50,6.84,5,0.03,4.94,2.31,9.0,13.0,95.0,1.0,0.0,0.13,13.0,5.38,0.13,220.0,14.0,2.85,0.13,310.0,19.0,1.57,0.13,250.0,19.0,2.1,0.14,250.0,19.0,2.1,0.13,240.0,11.0,0.0,0.14,270.0,0
2025-05-19,4,5,6,5382,2,6.94,6,0.1,1.81,0.13,0.0,1.0,74.0,0.0,0.0,0.19,0.0,0.0,0.0,0.0,0.0,0.0,0.0,0.0,0.0,0.0,0.0,0.0,0.0,0.0,0.0,0.0,1.0,0.0,0.26,500.0,72.0,0.13,0.19,400.0,0
2025-05-19,4,6,1,3623,62,6.93,2,0.03,7.39,6.06,53.0,24.0,127.0,7.0,1.0,0.14,36.0,9.16,0.14,240.0,72.0,5.0,0.15,300.0,19.0,4.21,0.12,190.0,0.0,0.0,0.0,0.0,0.0,0.0,0.0,0.0,0.0,0.0,0.0,0.0,0
2025-05-19,12,1,4,3541,52,6.75,1,0.15,6.56,4.8,29.0,34.0,131.0,5.0,0.0,0.14,24.0,8.33,0.14,280.0,17.0,7.64,0.13,240.0,21.0,2.85,0.15,350.0,27.0,5.55,0.14,260.0,21.0,1.9,0.13,270.0,21.0,2.38,0.16,320.0,0
2025-05-19,12,2,2,3623,62,6.82,2,0.17,7.39,6.06,53.0,24.0,127.0,7.0,1.0,0.14,36.0,9.16,0.14,240.0,72.0,5.0,0.15,300.0,19.0,4.21,0.12,190.0,0.0,0.0,0.0,0.0,0.0,0.0,0.0,0.0,0.0,0.0,0.0,0.0,0
2025-05-19,12,3,5,4732,54,6.92,3,0.21,6.51,4.92,34.0,34.0,138.0,3.0,1.0,0.12,31.0,8.38,0.13,230.0,24.0,4.58,0.15,320.0,25.0,5.2,0.11,200.0,29.0,4.48,0.11,210.0,22.0,2.27,0.12,220.0,7.0,0.0,0.18,270.0,0
2025-05-19,12,4,6,4959,26,6.73,4,0.16,6.9,4.77,36.0,17.0,111.0,5.0,4.0,0.16,27.0,9.25,0.15,330.0,19.0,4.73,0.16,330.0,15.0,4.66,0.17,390.0,17.0,2.94,0.16,360.0,19.0,1.57,0.14,370.0,14.0,2.85,0.21,460.0,0
2025-05-19,12,5,3,4099,37,6.83,5,0.16,6.27,4.85,35.0,30.0,134.0,4.0,2.0,0.16,31.0,8.38,0.17,360.0,20.0,5.0,0.18,380.0,23.0,3.91,0.15,300.0,27.0,3.7,0.17,270.0,19.0,4.21,0.15,290.0,12.0,1.66,0.15,300.0,0
2025-05-19,12,6,1,5015,39,6.87,6,0.19,6.81,5.4,24.0,29.0,98.0,3.0,0.0,0.14,18.0,8.88,0.12,250.0,18.0,7.22,0.14,310.0,13.0,6.15,0.12,220.0,15.0,4.66,0.15,330.0,15.0,4.66,0.12,320.0,19.0,1.05,0.18,410.0,0
2025-05-20,1,1,2,3855,3,6.89,1,0.18,3.49,1.3,3.0,6.0,69.0,0.0,0.0,0.22,8.0,3.75,0.15,300.0,11.0,1.81,0.23,400.0,15.0,2.0,0.2,380.0,14.0,0.71,0.21,390.0,13.0,0.0,0.25,480.0,7.0,0.0,0.27,570.0,0
2025-05-20,1,2,6,5235,32,6.91,2,0.15,2.53,0.8,5.0,3.0,99.0,0.0,0.0,0.19,12.0,2.5,0.17,380.0,18.0,1.11,0.2,380.0,22.0,0.9,0.2,390.0,15.0,0.66,0.2,360.0,17.0,0.0,0.17,390.0,15.0,0.0,0.2,390.0,0
2025-05-20,1,3,1,3714,60,6.85,3,0.11,4.39,1.93,8.0,11.0,98.0,0.0,0.0,0.17,14.0,3.57,0.18,340.0,17.0,1.17,0.17,390.0,19.0,4.21,0.18,340.0,15.0,2.0,0.16,280.0,22.0,0.45,0.17,350.0,11.0,0.0,0.2,430.0,0
2025-05-20,1,4,4,4271,51,6.93,4,0.27,4.47,1.98,12.0,11.0,116.0,0.0,0.0,0.16,15.0,6.0,0.15,270.0,22.0,1.36,0.17,320.0,19.0,1.57,0.15,230.0,24.0,1.25,0.15,250.0,23.0,1.73,0.17,330.0,13.0,0.76,0.17,350.0,0
2025-05-20,1,5,5,4911,50,6.86,5,0.15,4.94,2.31,9.0,13.0,95.0,1.0,0.0,0.13,13.0,5.38,0.13,220.0,14.0,2.85,0.13,310.0,19.0,1.57,0.13,250.0,19.0,2.1,0.14,250.0,19.0,2.1,0.13,240.0,11.0,0.0,0.14,270.0,0
2025-05-20,1,6,3,4116,48,6.91,6,0.21,5.59,3.76,19.0,22.0,109.0,1.0,0.0,0.18,19.0,8.42,0.17,270.0,14.0,2.85,0.19,390.0,19.0,5.78,0.15,290.0,22.0,2.27,0.19,360.0,18.0,2.22,0.18,330.0,17.0,0.58,0.2,460.0,0
2025-05-20,2,1,4,3294,9,6.93,1,0.22,4.0,1.73,4.0,9.0,75.0,0.0,0.0,0.17,11.0,2.72,0.2,450.0,12.0,3.33,0.19,430.0,11.0,0.9,0.19,360.0,14.0,1.42,0.13,320.0,11.0,0.0,0.17,290.0,16.0,1.87,0.14,260.0,0
2025-05-20,2,2,5,4676,24,6.94,2,0.23,5.28,3.25,16.0,23.0,120.0,2.0,0.0,0.15,20.0,6.0,0.12,210.0,24.0,4.16,0.14,250.0,18.0,1.11,0.13,210.0,26.0,4.61,0.16,300.0,16.0,0.0,0.15,360.0,16.0,1.87,0.19,400.0,0
2025-05-20,2,3,6,4626,55,6.9,3,0.28,4.01,2.6,7.0,11.0,69.0,0.0,0.0,0.2,9.0,6.66,0.16,220.0,15.0,2.66,0.17,330.0,10.0,4.0,0.19,430.0,12.0,0.83,0.23,440.0,13.0,0.76,0.21,460.0,10.0,2.0,0.25,480.0,0
2025-05-20,2,4,1,4892,38,6.79,4,0.18,5.46,3.5,17.0,23.0,114.0,0.0,0.0,0.17,16.0,7.5,0.15,290.0,23.0,6.08,0.16,330.0,17.0,3.52,0.16,340.0,18.0,2.77,0.17,380.0,25.0,1.2,0.16,320.0,15.0,0.0,0.23,420.0,0
2025-05-20,2,5,2,4423,5,6.86,5,0.15,4.85,2.94,11.0,17.0,95.0,0.0,0.0,0.19,12.0,6.66,0.15,340.0,17.0,3.52,0.17,440.0,15.0,3.33,0.2,450.0,15.0,2.0,0.2,450.0,20.0,2.0,0.18,400.0,16.0,1.25,0.2,430.0,0
2025-05-20,2,6,3,4000,63,6.84,6,0.16,5.6,3.51,22.0,31.0,151.0,1.0,0.0,0.17,30.0,8.0,0.14,270.0,20.0,5.5,0.16,330.0,26.0,3.07,0.17,390.0,27.0,1.11,0.17,380.0,26.0,1.53,0.18,330.0,22.0,1.36,0.21,440.0,0
2025-05-20,5,1,2,4232,18,6.94,1,0.15,4.33,2.6,8.0,11.0,73.0,0.0,0.0,0.17,10.0,6.0,0.15,320.0,13.0,3.07,0.2,420.0,13.0,3.07,0.17,370.0,13.0,2.3,0.17,340.0,11.0,1.81,0.18,360.0,13.0,0.0,0.16,390.0,0
2025-05-20,5,2,4,4978,17,6.84,3,0.18,4.17,2.13,6.0,10.0,75.0,0.0,0.0,0.18,8.0,7.5,0.15,340.0,15.0,2.0,0.2,400.0,13.0,2.3,0.16,320.0,13.0,0.76,0.18,410.0,17.0,1.76,0.17,370.0,9.0,0.0,0.22,460.0,0
2025-05-20,5,3,3,4379,30,6.9,4,0.19,6.26,3.98,28.0,25.0,133.0,3.0,0.0,0.16,23.0,7.82,0.15,330.0,19.0,3.68,0.17,290.0,26.0,3.46,0.13,260.0,24.0,2.91,0.16,320.0,22.0,4.54,0.17,350.0,19.0,1.05,0.19,430.0,0
2025-05-20,5,4,1,3623,62,6.87,2,0.17,7.39,6.06,53.0,24.0,127.0,7.0,1.0,0.14,36.0,9.16,0.14,240.0,72.0,5.0,0.15,300.0,19.0,4.21,0.12,190.0,0.0,0.0,0.0,0.0,0.0,0.0,0.0,0.0,0.0,0.0,0.0,0.0,0
2025-05-20,5,5,6,4558,56,6.87,5,0.16,4.69,2.32,14.0,13.0,116.0,0.0,0.0,0.19,16.0,6.87,0.16,360.0,20.0,2.0,0.21,450.0,22.0,0.9,0.16,330.0,21.0,2.38,0.19,410.0,21.0,1.9,0.19,420.0,16.0,0.62,0.23,480.0,0
2025-05-20,5,6,5,4220,29,6.81,6,0.14,5.61,3.85,18.0,24.0,109.0,1.0,0.0,0.16,19.0,6.84,0.16,280.0,16.0,5.0,0.15,280.0,17.0,4.11,0.19,340.0,24.0,2.91,0.16,310.0,21.0,3.33,0.16,280.0,12.0,0.0,0.18,440.0,0
2025-05-20,10,1,6,3623,62,6.91,1,0.19,7.39,6.06,53.0,24.0,127.0,7.0,1.0,0.14,36.0,9.16,0.14,240.0,72.0,5.0,0.15,300.0,19.0,4.21,0.12,190.0,0.0,0.0,0.0,0.0,0.0,0.0,0.0,0.0,0.0,0.0,0.0,0.0,0
2025-05-20,10,2,2,4099,37,6.91,2,0.22,6.27,4.85,35.0,30.0,134.0,4.0,2.0,0.16,31.0,8.38,0.17,360.0,20.0,5.0,0.18,380.0,23.0,3.91,0.15,300.0,27.0,3.7,0.17,270.0,19.0,4.21,0.15,290.0,12.0,1.66,0.15,300.0,0
2025-05-20,10,3,5,3855,3,6.89,3,0.24,3.49,1.3,3.0,6.0,69.0,0.0,0.0,0.22,8.0,3.75,0.15,300.0,11.0,1.81,0.23,400.0,15.0,2.0,0.2,380.0,14.0,0.71,0.21,390.0,13.0,0.0,0.25,480.0,7.0,0.0,0.27,570.0,0
2025-05-20,10,4,1,4293,49,6.95,4,0.17,5.57,3.98,28.0,21.0,123.0,1.0,1.0,0.16,23.0,8.69,0.16,240.0,14.0,4.28,0.18,390.0,25.0,4.0,0.16,300.0,24.0,2.5,0.14,260.0,18.0,2.77,0.16,340.0,19.0,1.05,0.17,370.0,0
2025-05-20,10,5,4,4892,38,6.86,5,0.18,5.46,3.5,17.0,23.0,114.0,0.0,0.0,0.17,16.0,7.5,0.15,290.0,23.0,6.08,0.16,330.0,17.0,3.52,0.16,340.0,18.0,2.77,0.17,380.0,25.0,1.2,0.16,320.0,15.0,0.0,0.23,420.0,0
2025-05-20,10,6,3,3497,31,6.85,6,0.16,4.99,2.56,22.0,8.0,117.0,0.0,0.0,0.18,17.0,8.82,0.16,250.0,17.0,0.58,0.17,430.0,27.0,2.59,0.16,340.0,18.0,1.66,0.21,400.0,25.0,1.2,0.18,350.0,13.0,0.76,0.2,380.0,0
2025-05-21,1,1,2,4423,5,6.86,1,0.23,4.85,2.94,11.0,17.0,95.0,0.0,0.0,0.19,12.0,6.66,0.15,340.0,17.0,3.52,0.17,440.0,15.0,3.33,0.2,450.0,15.0,2.0,0.2,450.0,20.0,2.0,0.18,400.0,16.0,1.25,0.2,430.0,0
2025-05-21,1,2,1,3497,31,6.91,2,0.31,4.99,2.56,22.0,8.0,117.0,0.0,0.0,0.18,17.0,8.82,0.16,250.0,17.0,0.58,0.17,430.0,27.0,2.59,0.16,340.0,18.0,1.66,0.21,400.0,25.0,1.2,0.18,350.0,13.0,0.76,0.2,380.0,0
2025-05-21,1,3,4,4220,29,6.89,3,0.29,5.61,3.85,18.0,24.0,109.0,1.0,0.0,0.16,19.0,6.84,0.16,280.0,16.0,5.0,0.15,280.0,17.0,4.11,0.19,340.0,24.0,2.91,0.16,310.0,21.0,3.33,0.16,280.0,12.0,0.0,0.18,440.0,0
2025-05-21,1,4,5,4978,17,6.95,4,0.27,4.17,2.13,6.0,10.0,75.0,0.0,0.0,0.18,8.0,7.5,0.15,340.0,15.0,2.0,0.2,400.0,13.0,2.3,0.16,320.0,13.0,0.76,0.18,410.0,17.0,1.76,0.17,370.0,9.0,0.0,0.22,460.0,0
2025-05-21,1,5,6,5235,32,6.94,5,0.21,2.53,0.8,5.0,3.0,99.0,0.0,0.0,0.19,12.0,2.5,0.17,380.0,18.0,1.11,0.2,380.0,22.0,0.9,0.2,390.0,15.0,0.66,0.2,360.0,17.0,0.0,0.17,390.0,15.0,0.0,0.2,390.0,0
2025-05-21,1,6,3,4676,24,6.97,6,0.08,5.28,3.25,16.0,23.0,120.0,2.0,0.0,0.15,20.0,6.0,0.12,210.0,24.0,4.16,0.14,250.0,18.0,1.11,0.13,210.0,26.0,4.61,0.16,300.0,16.0,0.0,0.15,360.0,16.0,1.87,0.19,400.0,0
2025-05-21,3,1,4,5083,40,6.88,1,0.19,5.04,3.55,9.0,29.0,107.0,1.0,0.0,0.15,14.0,5.0,0.16,280.0,21.0,5.71,0.16,330.0,19.0,5.26,0.15,310.0,20.0,2.0,0.16,270.0,18.0,1.66,0.16,260.0,15.0,1.33,0.11,230.0,0
2025-05-21,3,2,1,4036,64,6.91,2,0.1,5.83,3.92,28.0,12.0,102.0,4.0,0.0,0.17,22.0,8.63,0.12,200.0,13.0,3.07,0.22,440.0,16.0,2.5,0.16,330.0,24.0,2.5,0.16,330.0,12.0,2.5,0.17,370.0,15.0,2.66,0.19,370.0,0
2025-05-21,3,3,3,4911,50,6.97,3,0.05,4.94,2.31,9.0,13.0,95.0,1.0,0.0,0.13,13.0,5.38,0.13,220.0,14.0,2.85,0.13,310.0,19.0,1.57,0.13,250.0,19.0,2.1,0.14,250.0,19.0,2.1,0.13,240.0,11.0,0.0,0.14,270.0,0
2025-05-21,3,4,5,4406,28,6.89,4,0.11,4.25,2.14,7.0,19.0,121.0,1.0,1.0,0.16,14.0,5.0,0.15,250.0,20.0,2.0,0.17,370.0,22.0,3.63,0.16,310.0,24.0,0.83,0.18,300.0,22.0,1.81,0.15,260.0,19.0,0.52,0.16,320.0,0
2025-05-21,3,5,6,3617,33,6.92,5,0.15,4.15,2.23,15.0,8.0,103.0,0.0,0.0,0.19,15.0,5.33,0.18,360.0,17.0,3.52,0.21,450.0,20.0,2.0,0.19,370.0,17.0,2.35,0.17,340.0,22.0,0.45,0.2,420.0,12.0,0.0,0.19,470.0,0
2025-05-21,3,6,2,4395,35,6.97,6,0.16,6.02,4.05,22.0,23.0,111.0,2.0,0.0,0.17,20.0,8.5,0.16,260.0,17.0,6.47,0.16,240.0,23.0,2.17,0.17,360.0,16.0,3.12,0.15,290.0,21.0,2.85,0.16,330.0,14.0,0.71,0.22,400.0,0
2025-05-21,7,1,4,4345,8,7.06,1,0.19,5.77,4.27,33.0,23.0,131.0,4.0,1.0,0.16,27.0,7.77,0.16,280.0,19.0,4.73,0.16,310.0,20.0,5.5,0.16,270.0,21.0,3.33,0.13,260.0,23.0,2.6,0.15,270.0,21.0,0.95,0.17,380.0,0
2025-05-21,7,2,6,5235,32,7.0,3,0.25,2.53,0.8,5.0,3.0,99.0,0.0,0.0,0.19,12.0,2.5,0.17,380.0,18.0,1.11,0.2,380.0,22.0,0.9,0.2,390.0,15.0,0.66,0.2,360.0,17.0,0.0,0.17,390.0,15.0,0.0,0.2,390.0,0
2025-05-21,7,3,3,4298,1,6.84,4,0.19,6.0,4.05,20.0,29.0,121.0,4.0,0.0,0.18,22.0,8.18,0.16,240.0,20.0,4.5,0.17,340.0,15.0,4.0,0.14,270.0,23.0,2.6,0.17,420.0,24.0,2.91,0.2,350.0,17.0,1.76,0.21,460.0,0
2025-05-21,7,4,1,4892,38,6.83,5,0.17,5.46,3.5,17.0,23.0,114.0,0.0,0.0,0.17,16.0,7.5,0.15,290.0,23.0,6.08,0.16,330.0,17.0,3.52,0.16,340.0,18.0,2.77,0.17,380.0,25.0,1.2,0.16,320.0,15.0,0.0,0.23,420.0,0
2025-05-21,7,5,5,5249,7,6.87,6,0.13,4.76,2.7,13.0,14.0,100.0,0.0,0.0,0.15,11.0,4.54,0.17,370.0,19.0,3.68,0.16,320.0,18.0,1.66,0.15,280.0,16.0,3.12,0.17,280.0,22.0,2.72,0.15,280.0,14.0,0.71,0.14,230.0,0
2025-05-21,7,6,2,3623,62,6.88,2,0.13,7.39,6.06,53.0,24.0,127.0,7.0,1.0,0.14,36.0,9.16,0.14,240.0,72.0,5.0,0.15,300.0,19.0,4.21,0.12,190.0,0.0,0.0,0.0,0.0,0.0,0.0,0.0,0.0,0.0,0.0,0.0,0.0,0
2025-05-21,10,1,2,4293,49,6.93,1,0.15,5.57,3.98,28.0,21.0,123.0,1.0,1.0,0.16,23.0,8.69,0.16,240.0,14.0,4.28,0.18,390.0,25.0,4.0,0.16,300.0,24.0,2.5,0.14,260.0,18.0,2.77,0.16,340.0,19.0,1.05,0.17,370.0,0
2025-05-21,10,2,1,4718,61,6.89,2,0.14,5.8,4.13,26.0,22.0,116.0,4.0,0.0,0.16,23.0,6.95,0.16,270.0,17.0,5.88,0.14,290.0,21.0,4.76,0.18,340.0,20.0,3.5,0.15,310.0,18.0,2.22,0.16,370.0,17.0,0.58,0.15,360.0,0
2025-05-21,10,3,3,4549,16,6.87,3,0.15,5.5,3.33,12.0,22.0,102.0,0.0,0.0,0.2,14.0,5.71,0.17,400.0,18.0,2.77,0.17,420.0,22.0,2.72,0.2,390.0,18.0,3.88,0.22,430.0,16.0,3.75,0.17,450.0,14.0,1.42,0.24,510.0,0
2025-05-21,10,4,4,4000,63,6.97,4,0.21,5.6,3.51,22.0,31.0,151.0,1.0,0.0,0.17,30.0,8.0,0.14,270.0,20.0,5.5,0.16,330.0,26.0,3.07,0.17,390.0,27.0,1.11,0.17,380.0,26.0,1.53,0.18,330.0,22.0,1.36,0.21,440.0,0
2025-05-21,10,5,5,4036,64,6.89,5,0.22,5.83,3.92,28.0,12.0,102.0,4.0,0.0,0.17,22.0,8.63,0.12,200.0,13.0,3.07,0.22,440.0,16.0,2.5,0.16,330.0,24.0,2.5,0.16,330.0,12.0,2.5,0.17,370.0,15.0,2.66,0.19,370.0,0
2025-05-21,10,6,6,4345,8,6.97,6,0.21,5.77,4.27,33.0,23.0,131.0,4.0,1.0,0.16,27.0,7.77,0.16,280.0,19.0,4.73,0.16,310.0,20.0,5.5,0.16,270.0,21.0,3.33,0.13,260.0,23.0,2.6,0.15,270.0,21.0,0.95,0.17,380.0,0
2025-05-22,1,1,3,4911,50,6.99,1,0.16,4.94,2.31,9.0,13.0,95.0,1.0,0.0,0.13,13.0,5.38,0.13,220.0,14.0,2.85,0.13,310.0,19.0,1.57,0.13,250.0,19.0,2.1,0.14,250.0,19.0,2.1,0.13,240.0,11.0,0.0,0.14,270.0,0
2025-05-22,1,2,6,4116,48,6.93,2,0.17,5.59,3.76,19.0,22.0,109.0,1.0,0.0,0.18,19.0,8.42,0.17,270.0,14.0,2.85,0.19,390.0,19.0,5.78,0.15,290.0,22.0,2.27,0.19,360.0,18.0,2.22,0.18,330.0,17.0,0.58,0.2,460.0,0
2025-05-22,1,3,2,4232,18,6.88,3,0.19,4.33,2.6,8.0,11.0,73.0,0.0,0.0,0.17,10.0,6.0,0.15,320.0,13.0,3.07,0.2,420.0,13.0,3.07,0.17,370.0,13.0,2.3,0.17,340.0,11.0,1.81,0.18,360.0,13.0,0.0,0.16,390.0,0
2025-05-22,1,4,1,5352,12,6.91,4,0.15,2.94,0.43,0.0,3.0,69.0,0.0,0.0,0.18,0.0,0.0,0.0,0.0,0.0,0.0,0.0,0.0,0.0,0.0,0.0,0.0,3.0,0.0,0.15,230.0,3.0,0.0,0.17,300.0,63.0,0.47,0.18,410.0,0
2025-05-22,1,5,4,3294,9,6.94,5,0.15,4.0,1.73,4.0,9.0,75.0,0.0,0.0,0.17,11.0,2.72,0.2,450.0,12.0,3.33,0.19,430.0,11.0,0.9,0.19,360.0,14.0,1.42,0.13,320.0,11.0,0.0,0.17,290.0,16.0,1.87,0.14,260.0,0
2025-05-22,1,6,5,4423,5,6.92,6,0.15,4.85,2.94,11.0,17.0,95.0,0.0,0.0,0.19,12.0,6.66,0.15,340.0,17.0,3.52,0.17,440.0,15.0,3.33,0.2,450.0,15.0,2.0,0.2,450.0,20.0,2.0,0.18,400.0,16.0,1.25,0.2,430.0,0
2025-05-22,2,1,2,4978,17,6.87,1,0.17,4.17,2.13,6.0,10.0,75.0,0.0,0.0,0.18,8.0,7.5,0.15,340.0,15.0,2.0,0.2,400.0,13.0,2.3,0.16,320.0,13.0,0.76,0.18,410.0,17.0,1.76,0.17,370.0,9.0,0.0,0.22,460.0,0
2025-05-22,2,2,1,5238,4,6.9,2,0.22,4.54,2.76,8.0,23.0,112.0,1.0,0.0,0.18,15.0,4.66,0.21,390.0,17.0,4.7,0.19,380.0,27.0,2.59,0.16,380.0,17.0,3.52,0.16,270.0,17.0,0.0,0.18,280.0,19.0,1.57,0.17,420.0,0
2025-05-22,2,3,5,4406,28,6.88,3,0.24,4.25,2.14,7.0,19.0,121.0,1.0,1.0,0.16,14.0,5.0,0.15,250.0,20.0,2.0,0.17,370.0,22.0,3.63,0.16,310.0,24.0,0.83,0.18,300.0,22.0,1.81,0.15,260.0,19.0,0.52,0.16,320.0,0
2025-05-22,2,4,3,3855,3,6.94,4,0.34,3.49,1.3,3.0,6.0,69.0,0.0,0.0,0.22,8.0,3.75,0.15,300.0,11.0,1.81,0.23,400.0,15.0,2.0,0.2,380.0,14.0,0.71,0.21,390.0,13.0,0.0,0.25,480.0,7.0,0.0,0.27,570.0,0
2025-05-22,2,5,4,4549,16,6.87,5,0.31,5.5,3.33,12.0,22.0,102.0,0.0,0.0,0.2,14.0,5.71,0.17,400.0,18.0,2.77,0.17,420.0,22.0,2.72,0.2,390.0,18.0,3.88,0.22,430.0,16.0,3.75,0.17,450.0,14.0,1.42,0.24,510.0,0
2025-05-22,2,6,6,4376,41,6.89,6,0.26,5.86,4.04,21.0,30.0,126.0,1.0,0.0,0.17,18.0,7.77,0.16,290.0,25.0,5.6,0.17,330.0,23.0,4.78,0.18,290.0,21.0,3.33,0.15,290.0,21.0,1.9,0.15,380.0,18.0,0.55,0.19,420.0,0
2025-05-22,3,1,6,4626,55,6.91,1,0.15,4.01,2.6,7.0,11.0,69.0,0.0,0.0,0.2,9.0,6.66,0.16,220.0,15.0,2.66,0.17,330.0,10.0,4.0,0.19,430.0,12.0,0.83,0.23,440.0,13.0,0.76,0.21,460.0,10.0,2.0,0.25,480.0,0
2025-05-22,3,2,3,4220,29,6.9,2,0.18,5.61,3.85,18.0,24.0,109.0,1.0,0.0,0.16,19.0,6.84,0.16,280.0,16.0,5.0,0.15,280.0,17.0,4.11,0.19,340.0,24.0,2.91,0.16,310.0,21.0,3.33,0.16,280.0,12.0,0.0,0.18,440.0,0
2025-05-22,3,3,4,4035,22,6.93,3,0.17,3.5,2.04,14.0,12.0,127.0,0.0,0.0,0.2,18.0,6.11,0.2,410.0,25.0,2.8,0.18,500.0,19.0,1.57,0.22,480.0,22.0,0.9,0.2,420.0,23.0,1.3,0.19,430.0,20.0,0.0,0.24,470.0,0
2025-05-22,3,4,1,3617,33,6.94,4,0.08,4.15,2.23,15.0,8.0,103.0,0.0,0.0,0.19,15.0,5.33,0.18,360.0,17.0,3.52,0.21,450.0,20.0,2.0,0.19,370.0,17.0,2.35,0.17,340.0,22.0,0.45,0.2,420.0,12.0,0.0,0.19,470.0,0
2025-05-22,3,5,2,4395,35,6.93,5,0.04,6.02,4.05,22.0,23.0,111.0,2.0,0.0,0.17,20.0,8.5,0.16,260.0,17.0,6.47,0.16,240.0,23.0,2.17,0.17,360.0,16.0,3.12,0.15,290.0,21.0,2.85,0.16,330.0,14.0,0.71,0.22,400.0,0
2025-05-22,3,6,5,5382,2,6.88,6,0.04,1.81,0.13,0.0,1.0,74.0,0.0,0.0,0.19,0.0,0.0,0.0,0.0,0.0,0.0,0.0,0.0,0.0,0.0,0.0,0.0,0.0,0.0,0.0,0.0,1.0,0.0,0.26,500.0,72.0,0.13,0.19,400.0,0
2025-05-22,4,1,5,4676,24,7.01,1,0.19,5.28,3.25,16.0,23.0,120.0,2.0,0.0,0.15,20.0,6.0,0.12,210.0,24.0,4.16,0.14,250.0,18.0,1.11,0.13,210.0,26.0,4.61,0.16,300.0,16.0,0.0,0.15,360.0,16.0,1.87,0.19,400.0,0
2025-05-22,4,2,6,4271,51,6.93,2,0.13,4.47,1.98,12.0,11.0,116.0,0.0,0.0,0.16,15.0,6.0,0.15,270.0,22.0,1.36,0.17,320.0,19.0,1.57,0.15,230.0,24.0,1.25,0.15,250.0,23.0,1.73,0.17,330.0,13.0,0.76,0.17,350.0,0
2025-05-22,4,3,1,4099,37,6.92,3,0.16,6.27,4.85,35.0,30.0,134.0,4.0,2.0,0.16,31.0,8.38,0.17,360.0,20.0,5.0,0.18,380.0,23.0,3.91,0.15,300.0,27.0,3.7,0.17,270.0,19.0,4.21,0.15,290.0,12.0,1.66,0.15,300.0,0
2025-05-22,4,4,4,5235,32,7.01,4,0.19,2.53,0.8,5.0,3.0,99.0,0.0,0.0,0.19,12.0,2.5,0.17,380.0,18.0,1.11,0.2,380.0,22.0,0.9,0.2,390.0,15.0,0.66,0.2,360.0,17.0,0.0,0.17,390.0,15.0,0.0,0.2,390.0,0
2025-05-22,4,5,2,5107,44,6.91,5,0.18,3.92,1.56,4.0,6.0,64.0,0.0,0.0,0.17,8.0,2.5,0.15,300.0,11.0,2.72,0.15,280.0,12.0,1.66,0.18,380.0,10.0,1.0,0.17,410.0,12.0,1.66,0.19,370.0,11.0,0.0,0.16,370.0,0
2025-05-22,4,6,3,4892,38,6.9,6,0.33,5.46,3.5,17.0,23.0,114.0,0.0,0.0,0.17,16.0,7.5,0.15,290.0,23.0,6.08,0.16,330.0,17.0,3.52,0.16,340.0,18.0,2.77,0.17,380.0,25.0,1.2,0.16,320.0,15.0,0.0,0.23,420.0,0
2025-05-22,10,1,6,4731,34,6.8,1,0.17,5.23,2.5,8.0,13.0,84.0,1.0,0.0,0.15,11.0,6.36,0.15,300.0,16.0,3.12,0.15,350.0,15.0,2.0,0.19,350.0,17.0,1.17,0.16,340.0,12.0,1.66,0.11,210.0,13.0,1.53,0.15,350.0,0
2025-05-22,10,2,1,4549,16,6.81,2,0.21,5.5,3.33,12.0,22.0,102.0,0.0,0.0,0.2,14.0,5.71,0.17,400.0,18.0,2.77,0.17,420.0,22.0,2.72,0.2,390.0,18.0,3.88,0.22,430.0,16.0,3.75,0.17,450.0,14.0,1.42,0.24,510.0,0
2025-05-22,10,3,3,4298,1,6.71,3,0.26,6.0,4.05,20.0,29.0,121.0,4.0,0.0,0.18,22.0,8.18,0.16,240.0,20.0,4.5,0.17,340.0,15.0,4.0,0.14,270.0,23.0,2.6,0.17,420.0,24.0,2.91,0.2,350.0,17.0,1.76,0.21,460.0,0
2025-05-22,10,4,2,4035,22,6.76,4,0.25,3.5,2.04,14.0,12.0,127.0,0.0,0.0,0.2,18.0,6.11,0.2,410.0,25.0,2.8,0.18,500.0,19.0,1.57,0.22,480.0,22.0,0.9,0.2,420.0,23.0,1.3,0.19,430.0,20.0,0.0,0.24,470.0,0
2025-05-22,10,5,4,4036,64,6.76,5,0.24,5.83,3.92,28.0,12.0,102.0,4.0,0.0,0.17,22.0,8.63,0.12,200.0,13.0,3.07,0.22,440.0,16.0,2.5,0.16,330.0,24.0,2.5,0.16,330.0,12.0,2.5,0.17,370.0,15.0,2.66,0.19,370.0,0
2025-05-22,10,6,5,3714,60,6.9,6,0.19,4.39,1.93,8.0,11.0,98.0,0.0,0.0,0.17,14.0,3.57,0.18,340.0,17.0,1.17,0.17,390.0,19.0,4.21,0.18,340.0,15.0,2.0,0.16,280.0,22.0,0.45,0.17,350.0,11.0,0.0,0.2,430.0,0
2025-05-22,11,1,2,3541,52,6.79,1,0.19,6.56,4.8,29.0,34.0,131.0,5.0,0.0,0.14,24.0,8.33,0.14,280.0,17.0,7.64,0.13,240.0,21.0,2.85,0.15,350.0,27.0,5.55,0.14,260.0,21.0,1.9,0.13,270.0,21.0,2.38,0.16,320.0,0
2025-05-22,11,2,1,4959,26,6.76,2,0.16,6.9,4.77,36.0,17.0,111.0,5.0,4.0,0.16,27.0,9.25,0.15,330.0,19.0,4.73,0.16,330.0,15.0,4.66,0.17,390.0,17.0,2.94,0.16,360.0,19.0,1.57,0.14,370.0,14.0,2.85,0.21,460.0,0
2025-05-22,11,3,3,4000,63,6.85,3,0.18,5.6,3.51,22.0,31.0,151.0,1.0,0.0,0.17,30.0,8.0,0.14,270.0,20.0,5.5,0.16,330.0,26.0,3.07,0.17,390.0,27.0,1.11,0.17,380.0,26.0,1.53,0.18,330.0,22.0,1.36,0.21,440.0,0
2025-05-22,11,4,5,3497,31,6.75,4,0.26,4.99,2.56,22.0,8.0,117.0,0.0,0.0,0.18,17.0,8.82,0.16,250.0,17.0,0.58,0.17,430.0,27.0,2.59,0.16,340.0,18.0,1.66,0.21,400.0,25.0,1.2,0.18,350.0,13.0,0.76,0.2,380.0,0
2025-05-22,11,5,6,4072,25,6.8,5,0.18,6.54,5.04,42.0,21.0,125.0,5.0,2.0,0.14,26.0,8.84,0.13,220.0,19.0,5.26,0.14,230.0,20.0,5.0,0.15,280.0,28.0,4.28,0.13,270.0,19.0,2.63,0.16,260.0,13.0,2.3,0.17,360.0,0
2025-05-22,11,6,4,4345,8,6.93,6,0.2,5.77,4.27,33.0,23.0,131.0,4.0,1.0,0.16,27.0,7.77,0.16,280.0,19.0,4.73,0.16,310.0,20.0,5.5,0.16,270.0,21.0,3.33,0.13,260.0,23.0,2.6,0.15,270.0,21.0,0.95,0.17,380.0,0
2025-05-27,2,1,2,4719,51,6.79,1,0.06,6.87,4.58,29.0,21.0,109.0,5.0,1.0,0.14,21.0,8.57,0.14,380.0,23.0,5.21,0.15,330.0,20.0,6.0,0.14,320.0,15.0,2.66,0.14,310.0,17.0,1.76,0.12,310.0,13.0,0.76,0.16,450.0,0
2025-05-27,2,2,1,4571,50,6.68,6,0.06,6.89,4.95,44.0,12.0,113.0,8.0,5.0,0.17,22.0,7.72,0.16,380.0,13.0,6.15,0.15,360.0,11.0,5.45,0.18,390.0,24.0,5.41,0.15,350.0,14.0,3.57,0.2,360.0,29.0,2.41,0.17,390.0,0
2025-05-27,2,3,5,4477,59,6.84,2,0.09,6.62,4.13,36.0,21.0,138.0,5.0,1.0,0.14,30.0,9.0,0.13,270.0,19.0,3.15,0.13,320.0,21.0,4.28,0.14,300.0,25.0,2.8,0.15,340.0,24.0,1.25,0.16,360.0,19.0,2.63,0.15,340.0,0
2025-05-27,2,4,6,4387,26,6.79,3,0.12,6.91,5.38,29.0,27.0,104.0,5.0,0.0,0.16,23.0,9.13,0.16,290.0,20.0,5.5,0.17,380.0,14.0,5.0,0.16,280.0,20.0,3.5,0.15,310.0,15.0,4.66,0.15,250.0,12.0,2.5,0.17,380.0,0
2025-05-27,2,5,3,3388,10,6.9,4,0.12,7.2,5.55,32.0,23.0,99.0,4.0,2.0,0.17,23.0,9.13,0.16,310.0,12.0,4.16,0.18,450.0,16.0,6.25,0.18,380.0,19.0,4.73,0.15,290.0,19.0,4.21,0.15,250.0,10.0,2.0,0.19,500.0,0
2025-05-27,2,6,4,4445,37,6.81,5,0.11,7.22,4.68,34.0,26.0,128.0,6.0,3.0,0.12,26.0,8.84,0.11,300.0,25.0,5.2,0.11,300.0,16.0,5.0,0.13,220.0,21.0,3.81,0.13,250.0,21.0,1.9,0.14,310.0,19.0,2.1,0.12,310.0,0
2025-05-27,8,1,4,3415,38,6.86,1,0.18,6.78,4.25,29.0,28.0,134.0,3.0,1.0,0.16,29.0,8.27,0.17,390.0,26.0,4.61,0.17,380.0,28.0,3.57,0.17,380.0,32.0,2.5,0.15,420.0,15.0,2.0,0.15,330.0,4.0,0.0,0.19,380.0,0
2025-05-27,8,2,2,4024,57,6.82,2,0.14,7.16,5.07,37.0,27.0,126.0,9.0,2.0,0.15,31.0,8.71,0.14,310.0,16.0,6.25,0.17,480.0,15.0,4.0,0.15,350.0,25.0,4.4,0.17,370.0,24.0,3.75,0.14,360.0,15.0,0.66,0.16,350.0,0
2025-05-27,8,3,1,4847,47,6.84,3,0.13,7.14,5.23,37.0,30.0,128.0,6.0,1.0,0.12,28.0,8.92,0.12,190.0,21.0,5.71,0.11,210.0,19.0,5.26,0.14,300.0,22.0,5.0,0.12,270.0,18.0,3.33,0.12,270.0,20.0,1.5,0.15,380.0,0
2025-05-27,8,4,5,4546,58,6.84,4,0.12,6.83,5.16,29.0,34.0,122.0,4.0,0.0,0.16,24.0,8.33,0.15,270.0,25.0,6.4,0.16,320.0,19.0,4.73,0.14,280.0,23.0,3.04,0.14,270.0,17.0,4.7,0.17,320.0,14.0,2.14,0.19,440.0,0
2025-05-27,8,5,6,4571,50,6.75,6,0.19,6.89,4.95,44.0,12.0,113.0,8.0,5.0,0.17,22.0,7.72,0.16,380.0,13.0,6.15,0.15,360.0,11.0,5.45,0.18,390.0,24.0,5.41,0.15,350.0,14.0,3.57,0.2,360.0,29.0,2.41,0.17,390.0,0
2025-05-27,8,6,3,3721,40,6.98,5,0.13,7.25,5.85,36.0,29.0,111.0,6.0,5.0,0.13,31.0,9.03,0.14,230.0,16.0,5.62,0.11,250.0,18.0,5.55,0.14,260.0,24.0,6.25,0.13,230.0,10.0,3.0,0.12,230.0,12.0,0.0,0.15,420.0,0
2025-05-27,10,1,2,4337,4,6.84,1,0.14,7.01,4.91,29.0,31.0,122.0,5.0,1.0,0.12,29.0,7.58,0.1,220.0,20.0,6.0,0.14,250.0,15.0,7.33,0.13,270.0,23.0,4.34,0.11,290.0,22.0,1.36,0.14,290.0,13.0,1.53,0.13,360.0,0
2025-05-27,10,2,1,4459,34,6.88,2,0.15,6.64,3.94,29.0,25.0,137.0,4.0,1.0,0.12,26.0,10.0,0.11,250.0,19.0,3.68,0.15,360.0,23.0,2.6,0.11,230.0,27.0,4.07,0.11,200.0,22.0,1.36,0.1,210.0,20.0,0.5,0.12,280.0,0
2025-05-27,10,3,6,4719,51,6.92,3,0.18,6.87,4.58,29.0,21.0,109.0,5.0,1.0,0.14,21.0,8.57,0.14,380.0,23.0,5.21,0.15,330.0,20.0,6.0,0.14,320.0,15.0,2.66,0.14,310.0,17.0,1.76,0.12,310.0,13.0,0.76,0.16,450.0,0
2025-05-27,10,4,4,5163,9,6.84,4,0.19,6.45,4.41,28.0,17.0,102.0,3.0,1.0,0.18,19.0,8.94,0.18,330.0,14.0,5.0,0.18,310.0,18.0,3.88,0.17,360.0,16.0,5.0,0.19,340.0,14.0,3.57,0.18,350.0,21.0,0.47,0.19,470.0,0
2025-05-27,10,5,5,3783,64,6.84,5,0.25,6.89,4.19,23.0,21.0,105.0,1.0,1.0,0.15,22.0,9.54,0.13,360.0,17.0,3.52,0.16,350.0,18.0,2.77,0.16,420.0,17.0,2.94,0.14,360.0,15.0,4.0,0.17,350.0,16.0,0.62,0.16,450.0,0
2025-05-27,10,6,3,4963,23,6.88,6,0.26,6.96,5.7,33.0,28.0,107.0,4.0,1.0,0.15,25.0,8.0,0.15,260.0,18.0,6.11,0.15,280.0,17.0,6.47,0.15,330.0,14.0,4.28,0.14,280.0,19.0,4.73,0.16,290.0,14.0,2.85,0.15,320.0,0
2025-05-27,12,1,2,4238,30,6.83,1,0.05,7.77,5.22,41.0,17.0,111.0,7.0,4.0,0.13,29.0,8.96,0.11,180.0,21.0,3.81,0.14,330.0,21.0,5.23,0.14,280.0,15.0,4.0,0.13,290.0,15.0,4.0,0.12,310.0,10.0,1.0,0.14,400.0,0
2025-05-27,12,2,1,4320,39,6.76,2,0.12,7.45,4.95,27.0,24.0,103.0,3.0,0.0,0.11,22.0,9.09,0.11,250.0,17.0,4.11,0.13,300.0,18.0,5.0,0.1,200.0,17.0,5.88,0.11,280.0,14.0,2.14,0.11,260.0,15.0,1.33,0.12,350.0,0
2025-05-27,12,3,4,4371,43,6.9,3,0.12,6.63,3.66,21.0,12.0,90.0,4.0,1.0,0.14,18.0,7.77,0.13,290.0,15.0,3.33,0.16,340.0,16.0,5.62,0.14,350.0,16.0,1.87,0.11,250.0,12.0,0.83,0.14,340.0,13.0,0.76,0.19,460.0,0
2025-05-27,12,4,5,3941,19,6.9,4,0.12,7.91,5.34,26.0,28.0,101.0,9.0,1.0,0.13,22.0,9.09,0.13,250.0,13.0,4.61,0.13,340.0,20.0,6.0,0.11,230.0,15.0,5.33,0.13,220.0,20.0,4.0,0.14,330.0,11.0,0.0,0.12,310.0,0
2025-05-27,12,5,6,4262,35,6.87,5,0.16,7.18,4.36,33.0,25.0,133.0,6.0,0.0,0.15,29.0,8.62,0.13,280.0,19.0,4.73,0.14,270.0,20.0,5.5,0.13,300.0,26.0,3.46,0.16,340.0,23.0,1.73,0.16,400.0,15.0,0.0,0.18,410.0,0
2025-05-27,12,6,3,4418,56,6.74,6,0.17,8.88,6.75,51.0,22.0,108.0,9.0,4.0,0.14,32.0,9.06,0.13,240.0,17.0,5.88,0.14,340.0,20.0,6.5,0.13,250.0,17.0,8.82,0.14,320.0,12.0,1.66,0.15,400.0,10.0,4.0,0.17,420.0,0
2025-05-28,4,1,2,4546,58,6.92,1,0.12,6.83,5.16,29.0,34.0,122.0,4.0,0.0,0.16,24.0,8.33,0.15,270.0,25.0,6.4,0.16,320.0,19.0,4.73,0.14,280.0,23.0,3.04,0.14,270.0,17.0,4.7,0.17,320.0,14.0,2.14,0.19,440.0,0
2025-05-28,4,2,1,4166,16,6.92,2,0.11,6.75,4.63,25.0,32.0,123.0,6.0,1.0,0.14,24.0,9.58,0.12,250.0,21.0,6.66,0.14,290.0,20.0,3.5,0.15,300.0,20.0,3.5,0.13,340.0,20.0,2.0,0.13,310.0,18.0,1.11,0.14,390.0,0
2025-05-28,4,3,4,4760,31,6.9,3,0.09,7.55,5.21,40.0,32.0,138.0,6.0,2.0,0.12,32.0,9.68,0.11,190.0,22.0,4.09,0.14,290.0,22.0,3.63,0.13,310.0,25.0,5.6,0.12,220.0,21.0,2.85,0.13,280.0,16.0,2.5,0.12,250.0,0
2025-05-28,4,4,3,4362,46,6.83,4,0.06,6.9,4.24,32.0,21.0,125.0,3.0,1.0,0.12,30.0,8.66,0.11,210.0,23.0,6.08,0.13,270.0,21.0,3.81,0.11,230.0,17.0,0.58,0.12,230.0,18.0,1.11,0.13,330.0,16.0,1.25,0.12,340.0,0
2025-05-28,4,5,6,3941,19,6.84,5,0.07,7.91,5.34,26.0,28.0,101.0,9.0,1.0,0.13,22.0,9.09,0.13,250.0,13.0,4.61,0.13,340.0,20.0,6.0,0.11,230.0,15.0,5.33,0.13,220.0,20.0,4.0,0.14,330.0,11.0,0.0,0.12,310.0,0
2025-05-28,4,6,5,4500,1,6.92,6,0.08,7.32,5.32,47.0,27.0,139.0,8.0,6.0,0.15,33.0,8.18,0.16,280.0,26.0,7.3,0.13,280.0,21.0,5.71,0.14,300.0,21.0,3.81,0.15,310.0,26.0,2.3,0.14,370.0,12.0,1.66,0.17,440.0,0
2025-05-28,12,1,6,4262,35,6.77,1,0.1,7.18,4.36,33.0,25.0,133.0,6.0,0.0,0.15,29.0,8.62,0.13,280.0,19.0,4.73,0.14,270.0,20.0,5.5,0.13,300.0,26.0,3.46,0.16,340.0,23.0,1.73,0.16,400.0,15.0,0.0,0.18,410.0,0
2025-05-28,12,2,3,3897,61,6.96,2,0.12,7.47,5.42,38.0,26.0,118.0,4.0,1.0,0.15,31.0,8.71,0.15,310.0,20.0,5.5,0.17,370.0,20.0,6.0,0.14,370.0,20.0,4.5,0.15,330.0,17.0,2.35,0.15,330.0,10.0,1.0,0.14,410.0,0
2025-05-28,12,3,5,4024,57,6.8,3,0.11,7.16,5.07,37.0,27.0,126.0,9.0,2.0,0.15,31.0,8.71,0.14,310.0,16.0,6.25,0.17,480.0,15.0,4.0,0.15,350.0,25.0,4.4,0.17,370.0,24.0,3.75,0.14,360.0,15.0,0.66,0.16,350.0,0
2025-05-28,12,4,2,3783,64,6.92,4,0.15,6.89,4.19,23.0,21.0,105.0,1.0,1.0,0.15,22.0,9.54,0.13,360.0,17.0,3.52,0.16,350.0,18.0,2.77,0.16,420.0,17.0,2.94,0.14,360.0,15.0,4.0,0.17,350.0,16.0,0.62,0.16,450.0,0
2025-05-28,12,5,4,4914,54,6.91,5,0.14,7.8,5.48,43.0,25.0,124.0,4.0,4.0,0.13,27.0,10.0,0.11,240.0,21.0,6.19,0.13,270.0,25.0,6.0,0.14,320.0,20.0,3.0,0.12,280.0,16.0,3.12,0.14,340.0,15.0,1.33,0.15,330.0,0
2025-05-28,12,6,1,4571,50,6.66,6,0.03,6.89,4.95,44.0,12.0,113.0,8.0,5.0,0.17,22.0,7.72,0.16,380.0,13.0,6.15,0.15,360.0,11.0,5.45,0.18,390.0,24.0,5.41,0.15,350.0,14.0,3.57,0.2,360.0,29.0,2.41,0.17,390.0,0
2025-05-29,2,1,3,4787,52,6.86,1,0.03,6.59,4.56,28.0,14.0,92.0,4.0,2.0,0.15,18.0,8.33,0.15,350.0,19.0,6.31,0.15,330.0,13.0,2.3,0.16,380.0,11.0,4.54,0.15,320.0,14.0,2.85,0.15,260.0,17.0,1.76,0.17,400.0,0
2025-05-29,2,2,2,4450,14,6.93,2,0.1,7.29,5.58,45.0,32.0,138.0,8.0,3.0,0.15,33.0,8.78,0.14,260.0,25.0,6.0,0.15,250.0,18.0,5.55,0.16,320.0,26.0,4.61,0.17,300.0,19.0,5.26,0.13,200.0,17.0,0.58,0.16,320.0,0
2025-05-29,2,3,5,4262,35,6.96,3,0.09,7.18,4.36,33.0,25.0,133.0,6.0,0.0,0.15,29.0,8.62,0.13,280.0,19.0,4.73,0.14,270.0,20.0,5.5,0.13,300.0,26.0,3.46,0.16,340.0,23.0,1.73,0.16,400.0,15.0,0.0,0.18,410.0,0
2025-05-29,2,4,1,4477,59,6.93,5,0.04,6.62,4.13,36.0,21.0,138.0,5.0,1.0,0.14,30.0,9.0,0.13,270.0,19.0,3.15,0.13,320.0,21.0,4.28,0.14,300.0,25.0,2.8,0.15,340.0,24.0,1.25,0.16,360.0,19.0,2.63,0.15,340.0,0
2025-05-29,2,5,6,4961,13,6.92,6,0.08,6.7,5.15,24.0,26.0,97.0,4.0,0.0,0.15,20.0,8.0,0.13,230.0,19.0,6.84,0.13,310.0,13.0,4.61,0.14,310.0,15.0,4.66,0.18,360.0,17.0,4.11,0.15,350.0,13.0,0.76,0.18,440.0,0
2025-05-29,2,6,4,3415,38,6.96,4,0.13,6.78,4.25,29.0,28.0,134.0,3.0,1.0,0.16,29.0,8.27,0.17,390.0,26.0,4.61,0.17,380.0,28.0,3.57,0.17,380.0,32.0,2.5,0.15,420.0,15.0,2.0,0.15,330.0,4.0,0.0,0.19,380.0,0
2025-05-29,4,1,5,4571,50,6.71,6,0.1,6.89,4.95,44.0,12.0,113.0,8.0,5.0,0.17,22.0,7.72,0.16,380.0,13.0,6.15,0.15,360.0,11.0,5.45,0.18,390.0,24.0,5.41,0.15,350.0,14.0,3.57,0.2,360.0,29.0,2.41,0.17,390.0,0
2025-05-29,4,2,3,3779,27,6.81,1,0.06,7.04,4.75,33.0,16.0,103.0,3.0,2.0,0.12,24.0,10.0,0.1,230.0,18.0,5.0,0.12,250.0,16.0,3.12,0.13,290.0,23.0,4.34,0.13,270.0,13.0,0.76,0.13,260.0,9.0,0.0,0.13,290.0,0
2025-05-29,4,3,4,5121,18,6.94,2,0.09,7.19,4.52,32.0,25.0,126.0,5.0,0.0,0.14,27.0,8.51,0.14,340.0,16.0,5.62,0.12,310.0,22.0,3.63,0.14,320.0,19.0,4.73,0.16,320.0,19.0,2.1,0.14,330.0,23.0,1.73,0.15,360.0,0
2025-05-29,4,4,1,4847,47,6.81,3,0.01,7.14,5.23,37.0,30.0,128.0,6.0,1.0,0.12,28.0,8.92,0.12,190.0,21.0,5.71,0.11,210.0,19.0,5.26,0.14,300.0,22.0,5.0,0.12,270.0,18.0,3.33,0.12,270.0,20.0,1.5,0.15,380.0,0
2025-05-29,4,5,6,4546,58,6.86,4,0.11,6.83,5.16,29.0,34.0,122.0,4.0,0.0,0.16,24.0,8.33,0.15,270.0,25.0,6.4,0.16,320.0,19.0,4.73,0.14,280.0,23.0,3.04,0.14,270.0,17.0,4.7,0.17,320.0,14.0,2.14,0.19,440.0,0
2025-05-29,4,6,2,4371,43,6.93,5,0.09,6.63,3.66,21.0,12.0,90.0,4.0,1.0,0.14,18.0,7.77,0.13,290.0,15.0,3.33,0.16,340.0,16.0,5.62,0.14,350.0,16.0,1.87,0.11,250.0,12.0,0.83,0.14,340.0,13.0,0.76,0.19,460.0,0
2025-05-29,5,1,3,4387,26,6.81,1,0.08,6.91,5.38,29.0,27.0,104.0,5.0,0.0,0.16,23.0,9.13,0.16,290.0,20.0,5.5,0.17,380.0,14.0,5.0,0.16,280.0,20.0,3.5,0.15,310.0,15.0,4.66,0.15,250.0,12.0,2.5,0.17,380.0,0
2025-05-29,5,2,5,5084,7,6.86,2,0.07,7.67,5.9,54.0,24.0,132.0,7.0,3.0,0.13,36.0,9.44,0.13,240.0,20.0,5.5,0.14,350.0,13.0,4.61,0.14,230.0,24.0,5.0,0.11,210.0,17.0,4.7,0.12,250.0,22.0,3.18,0.16,350.0,0
2025-05-29,5,3,4,4494,36,6.84,3,0.08,7.1,4.84,39.0,24.0,130.0,6.0,2.0,0.14,33.0,7.57,0.12,240.0,17.0,4.11,0.15,350.0,21.0,5.23,0.12,240.0,22.0,3.63,0.17,340.0,23.0,4.34,0.14,280.0,14.0,1.42,0.17,390.0,0
2025-05-29,5,4,1,4418,56,6.74,4,0.11,8.88,6.75,51.0,22.0,108.0,9.0,4.0,0.14,32.0,9.06,0.13,240.0,17.0,5.88,0.14,340.0,20.0,6.5,0.13,250.0,17.0,8.82,0.14,320.0,12.0,1.66,0.15,400.0,10.0,4.0,0.17,420.0,0
2025-05-29,5,5,2,4444,53,6.84,5,0.16,8.17,6.72,39.0,33.0,107.0,10.0,3.0,0.14,32.0,9.68,0.13,250.0,18.0,6.66,0.12,330.0,20.0,6.5,0.13,290.0,16.0,6.25,0.14,310.0,14.0,3.57,0.18,390.0,7.0,1.42,0.15,410.0,0
2025-05-29,5,6,6,4831,33,6.93,6,0.17,7.08,4.33,21.0,18.0,90.0,5.0,2.0,0.12,21.0,9.52,0.12,200.0,11.0,2.72,0.14,310.0,17.0,3.52,0.11,240.0,12.0,2.5,0.12,250.0,15.0,4.0,0.1,240.0,14.0,0.71,0.13,370.0,0
2025-05-30,1,1,2,5174,49,7.0,1,0.09,6.37,4.92,33.0,30.0,128.0,6.0,0.0,0.16,24.0,8.33,0.15,230.0,18.0,5.0,0.15,360.0,25.0,5.6,0.14,240.0,27.0,3.7,0.17,310.0,20.0,3.0,0.17,360.0,14.0,2.85,0.16,350.0,0
2025-05-30,1,2,1,4685,8,6.91,2,0.08,6.86,4.25,20.0,23.0,101.0,2.0,1.0,0.13,22.0,8.63,0.1,170.0,15.0,4.66,0.13,230.0,13.0,2.3,0.13,230.0,17.0,4.11,0.14,320.0,17.0,2.94,0.14,360.0,17.0,1.17,0.15,360.0,0
2025-05-30,1,3,5,4387,26,7.02,3,0.09,6.91,5.38,29.0,27.0,104.0,5.0,0.0,0.16,23.0,9.13,0.16,290.0,20.0,5.5,0.17,380.0,14.0,5.0,0.16,280.0,20.0,3.5,0.15,310.0,15.0,4.66,0.15,250.0,12.0,2.5,0.17,380.0,0
2025-05-30,1,4,4,5121,18,6.87,4,0.13,7.19,4.52,32.0,25.0,126.0,5.0,0.0,0.14,27.0,8.51,0.14,340.0,16.0,5.62,0.12,310.0,22.0,3.63,0.14,320.0,19.0,4.73,0.16,320.0,19.0,2.1,0.14,330.0,23.0,1.73,0.15,360.0,0
2025-05-30,1,5,6,4963,23,7.01,5,0.14,6.96,5.7,33.0,28.0,107.0,4.0,1.0,0.15,25.0,8.0,0.15,260.0,18.0,6.11,0.15,280.0,17.0,6.47,0.15,330.0,14.0,4.28,0.14,280.0,19.0,4.73,0.16,290.0,14.0,2.85,0.15,320.0,0
2025-05-30,1,6,3,4504,11,6.91,6,0.17,7.74,5.73,41.0,29.0,122.0,7.0,3.0,0.14,33.0,10.0,0.13,280.0,21.0,6.19,0.15,330.0,17.0,2.94,0.17,380.0,17.0,5.88,0.14,330.0,19.0,4.21,0.13,300.0,15.0,0.66,0.15,430.0,0
2025-05-30,4,1,2,3388,10,6.93,1,0.14,7.2,5.55,32.0,23.0,99.0,4.0,2.0,0.17,23.0,9.13,0.16,310.0,12.0,4.16,0.18,450.0,16.0,6.25,0.18,380.0,19.0,4.73,0.15,290.0,19.0,4.21,0.15,250.0,10.0,2.0,0.19,500.0,0
2025-05-30,4,2,1,4831,33,6.88,2,0.12,7.08,4.33,21.0,18.0,90.0,5.0,2.0,0.12,21.0,9.52,0.12,200.0,11.0,2.72,0.14,310.0,17.0,3.52,0.11,240.0,12.0,2.5,0.12,250.0,15.0,4.0,0.1,240.0,14.0,0.71,0.13,370.0,0
2025-05-30,4,3,5,4914,54,6.87,3,0.15,7.8,5.48,43.0,25.0,124.0,4.0,4.0,0.13,27.0,10.0,0.11,240.0,21.0,6.19,0.13,270.0,25.0,6.0,0.14,320.0,20.0,3.0,0.12,280.0,16.0,3.12,0.14,340.0,15.0,1.33,0.15,330.0,0
2025-05-30,4,4,6,4459,34,6.92,4,0.05,6.64,3.94,29.0,25.0,137.0,4.0,1.0,0.12,26.0,10.0,0.11,250.0,19.0,3.68,0.15,360.0,23.0,2.6,0.11,230.0,27.0,4.07,0.11,200.0,22.0,1.36,0.1,210.0,20.0,0.5,0.12,280.0,0
2025-05-30,4,5,3,4502,65,6.93,5,0.08,6.77,3.92,30.0,19.0,125.0,4.0,2.0,0.14,26.0,6.53,0.14,300.0,18.0,4.44,0.14,320.0,27.0,4.81,0.12,250.0,20.0,3.0,0.14,290.0,17.0,2.94,0.15,350.0,17.0,0.0,0.18,450.0,0
2025-05-30,4,6,4,4524,60,6.88,6,0.07,6.84,4.16,27.0,25.0,125.0,2.0,0.0,0.12,28.0,8.57,0.1,220.0,15.0,3.33,0.12,310.0,19.0,5.78,0.14,260.0,26.0,2.3,0.12,270.0,18.0,2.22,0.12,280.0,19.0,1.05,0.11,310.0,0
2025-05-30,10,1,4,3783,64,6.86,1,0.22,6.89,4.19,23.0,21.0,105.0,1.0,1.0,0.15,22.0,9.54,0.13,360.0,17.0,3.52,0.16,350.0,18.0,2.77,0.16,420.0,17.0,2.94,0.14,360.0,15.0,4.0,0.17,350.0,16.0,0.62,0.16,450.0,0
2025-05-30,10,2,3,3388,10,6.95,4,0.16,7.2,5.55,32.0,23.0,99.0,4.0,2.0,0.17,23.0,9.13,0.16,310.0,12.0,4.16,0.18,450.0,16.0,6.25,0.18,380.0,19.0,4.73,0.15,290.0,19.0,4.21,0.15,250.0,10.0,2.0,0.19,500.0,0
2025-05-30,10,3,1,4847,47,6.81,3,0.09,7.14,5.23,37.0,30.0,128.0,6.0,1.0,0.12,28.0,8.92,0.12,190.0,21.0,5.71,0.11,210.0,19.0,5.26,0.14,300.0,22.0,5.0,0.12,270.0,18.0,3.33,0.12,270.0,20.0,1.5,0.15,380.0,0
2025-05-30,10,4,2,4320,39,6.79,5,0.17,7.45,4.95,27.0,24.0,103.0,3.0,0.0,0.11,22.0,9.09,0.11,250.0,17.0,4.11,0.13,300.0,18.0,5.0,0.1,200.0,17.0,5.88,0.11,280.0,14.0,2.14,0.11,260.0,15.0,1.33,0.12,350.0,0
2025-05-30,10,5,5,4450,14,6.95,6,0.19,7.29,5.58,45.0,32.0,138.0,8.0,3.0,0.15,33.0,8.78,0.14,260.0,25.0,6.0,0.15,250.0,18.0,5.55,0.16,320.0,26.0,4.61,0.17,300.0,19.0,5.26,0.13,200.0,17.0,0.58,0.16,320.0,0
2025-05-30,10,6,6,3897,61,6.87,2,0.15,7.47,5.42,38.0,26.0,118.0,4.0,1.0,0.15,31.0,8.71,0.15,310.0,20.0,5.5,0.17,370.0,20.0,6.0,0.14,370.0,20.0,4.5,0.15,330.0,17.0,2.35,0.15,330.0,10.0,1.0,0.14,410.0,0
2025-05-31,5,1,3,4371,43,6.97,1,0.11,6.63,3.66,21.0,12.0,90.0,4.0,1.0,0.14,18.0,7.77,0.13,290.0,15.0,3.33,0.16,340.0,16.0,5.62,0.14,350.0,16.0,1.87,0.11,250.0,12.0,0.83,0.14,340.0,13.0,0.76,0.19,460.0,0
2025-05-31,5,2,5,4546,58,6.9,2,0.18,6.83,5.16,29.0,34.0,122.0,4.0,0.0,0.16,24.0,8.33,0.15,270.0,25.0,6.4,0.16,320.0,19.0,4.73,0.14,280.0,23.0,3.04,0.14,270.0,17.0,4.7,0.17,320.0,14.0,2.14,0.19,440.0,0
2025-05-31,5,3,6,4686,6,6.97,3,0.12,6.39,3.86,25.0,19.0,114.0,2.0,1.0,0.16,21.0,8.57,0.15,320.0,19.0,3.68,0.18,470.0,21.0,3.81,0.16,360.0,22.0,2.72,0.16,360.0,13.0,2.3,0.16,380.0,18.0,1.11,0.16,360.0,0
2025-05-31,5,4,1,4571,50,6.72,6,0.12,6.89,4.95,44.0,12.0,113.0,8.0,5.0,0.17,22.0,7.72,0.16,380.0,13.0,6.15,0.15,360.0,11.0,5.45,0.18,390.0,24.0,5.41,0.15,350.0,14.0,3.57,0.2,360.0,29.0,2.41,0.17,390.0,0
2025-05-31,5,5,4,4961,13,6.93,4,0.16,6.7,5.15,24.0,26.0,97.0,4.0,0.0,0.15,20.0,8.0,0.13,230.0,19.0,6.84,0.13,310.0,13.0,4.61,0.14,310.0,15.0,4.66,0.18,360.0,17.0,4.11,0.15,350.0,13.0,0.76,0.18,440.0,0
2025-05-31,5,6,2,5043,15,6.83,5,0.24,6.92,5.84,50.0,33.0,142.0,8.0,2.0,0.16,40.0,8.75,0.15,300.0,23.0,6.95,0.16,300.0,23.0,4.34,0.16,280.0,19.0,3.68,0.16,380.0,19.0,5.78,0.17,360.0,18.0,2.22,0.13,260.0,0
2025-05-31,8,1,3,3941,19,6.93,1,0.18,7.91,5.34,26.0,28.0,101.0,9.0,1.0,0.13,22.0,9.09,0.13,250.0,13.0,4.61,0.13,340.0,20.0,6.0,0.11,230.0,15.0,5.33,0.13,220.0,20.0,4.0,0.14,330.0,11.0,0.0,0.12,310.0,0
2025-05-31,8,2,4,5084,7,6.93,2,0.19,7.67,5.9,54.0,24.0,132.0,7.0,3.0,0.13,36.0,9.44,0.13,240.0,20.0,5.5,0.14,350.0,13.0,4.61,0.14,230.0,24.0,5.0,0.11,210.0,17.0,4.7,0.12,250.0,22.0,3.18,0.16,350.0,0
2025-05-31,8,3,6,5121,18,6.82,3,0.19,7.19,4.52,32.0,25.0,126.0,5.0,0.0,0.14,27.0,8.51,0.14,340.0,16.0,5.62,0.12,310.0,22.0,3.63,0.14,320.0,19.0,4.73,0.16,320.0,19.0,2.1,0.14,330.0,23.0,1.73,0.15,360.0,0
2025-05-31,8,4,1,4024,57,6.8,4,0.13,7.16,5.07,37.0,27.0,126.0,9.0,2.0,0.15,31.0,8.71,0.14,310.0,16.0,6.25,0.17,480.0,15.0,4.0,0.15,350.0,25.0,4.4,0.17,370.0,24.0,3.75,0.14,360.0,15.0,0.66,0.16,350.0,0
2025-05-31,8,5,2,4851,21,6.8,5,0.09,7.76,5.19,29.0,24.0,102.0,7.0,0.0,0.14,23.0,9.13,0.13,220.0,13.0,6.92,0.13,280.0,19.0,5.26,0.14,300.0,14.0,2.85,0.13,320.0,14.0,3.57,0.14,300.0,19.0,2.1,0.16,370.0,0
2025-05-31,8,6,5,4787,52,6.84,6,0.09,6.59,4.56,28.0,14.0,92.0,4.0,2.0,0.15,18.0,8.33,0.15,350.0,19.0,6.31,0.15,330.0,13.0,2.3,0.16,380.0,11.0,4.54,0.15,320.0,14.0,2.85,0.15,260.0,17.0,1.76,0.17,400.0,0
2025-06-01,1,1,5,4831,33,6.9,1,0.16,7.08,4.33,21.0,18.0,90.0,5.0,2.0,0.12,21.0,9.52,0.12,200.0,11.0,2.72,0.14,310.0,17.0,3.52,0.11,240.0,12.0,2.5,0.12,250.0,15.0,4.0,0.1,240.0,14.0,0.71,0.13,370.0,0
2025-06-01,1,2,2,4262,35,6.94,2,0.1,7.18,4.36,33.0,25.0,133.0,6.0,0.0,0.15,29.0,8.62,0.13,280.0,19.0,4.73,0.14,270.0,20.0,5.5,0.13,300.0,26.0,3.46,0.16,340.0,23.0,1.73,0.16,400.0,15.0,0.0,0.18,410.0,0
2025-06-01,1,3,4,4787,52,6.92,3,0.05,6.59,4.56,28.0,14.0,92.0,4.0,2.0,0.15,18.0,8.33,0.15,350.0,19.0,6.31,0.15,330.0,13.0,2.3,0.16,380.0,11.0,4.54,0.15,320.0,14.0,2.85,0.15,260.0,17.0,1.76,0.17,400.0,0
2025-06-01,1,4,3,4450,14,6.94,4,0.09,7.29,5.58,45.0,32.0,138.0,8.0,3.0,0.15,33.0,8.78,0.14,260.0,25.0,6.0,0.15,250.0,18.0,5.55,0.16,320.0,26.0,4.61,0.17,300.0,19.0,5.26,0.13,200.0,17.0,0.58,0.16,320.0,0
2025-06-01,1,5,1,4500,1,6.88,5,0.09,7.32,5.32,47.0,27.0,139.0,8.0,6.0,0.15,33.0,8.18,0.16,280.0,26.0,7.3,0.13,280.0,21.0,5.71,0.14,300.0,21.0,3.81,0.15,310.0,26.0,2.3,0.14,370.0,12.0,1.66,0.17,440.0,0
2025-06-01,1,6,6,4719,51,7.0,6,0.1,6.87,4.58,29.0,21.0,109.0,5.0,1.0,0.14,21.0,8.57,0.14,380.0,23.0,5.21,0.15,330.0,20.0,6.0,0.14,320.0,15.0,2.66,0.14,310.0,17.0,1.76,0.12,310.0,13.0,0.76,0.16,450.0,0
2025-06-01,2,1,2,4459,34,6.9,1,0.08,6.64,3.94,29.0,25.0,137.0,4.0,1.0,0.12,26.0,10.0,0.11,250.0,19.0,3.68,0.15,360.0,23.0,2.6,0.11,230.0,27.0,4.07,0.11,200.0,22.0,1.36,0.1,210.0,20.0,0.5,0.12,280.0,0
2025-06-01,2,2,5,5121,18,6.9,2,0.09,7.19,4.52,32.0,25.0,126.0,5.0,0.0,0.14,27.0,8.51,0.14,340.0,16.0,5.62,0.12,310.0,22.0,3.63,0.14,320.0,19.0,4.73,0.16,320.0,19.0,2.1,0.14,330.0,23.0,1.73,0.15,360.0,0
2025-06-01,2,3,4,3388,10,7.01,3,0.21,7.2,5.55,32.0,23.0,99.0,4.0,2.0,0.17,23.0,9.13,0.16,310.0,12.0,4.16,0.18,450.0,16.0,6.25,0.18,380.0,19.0,4.73,0.15,290.0,19.0,4.21,0.15,250.0,10.0,2.0,0.19,500.0,0
2025-06-01,2,4,6,3415,38,6.93,4,0.22,6.78,4.25,29.0,28.0,134.0,3.0,1.0,0.16,29.0,8.27,0.17,390.0,26.0,4.61,0.17,380.0,28.0,3.57,0.17,380.0,32.0,2.5,0.15,420.0,15.0,2.0,0.15,330.0,4.0,0.0,0.19,380.0,0
2025-06-01,2,5,3,3779,27,6.9,5,0.13,7.04,4.75,33.0,16.0,103.0,3.0,2.0,0.12,24.0,10.0,0.1,230.0,18.0,5.0,0.12,250.0,16.0,3.12,0.13,290.0,23.0,4.34,0.13,270.0,13.0,0.76,0.13,260.0,9.0,0.0,0.13,290.0,0
2025-06-01,2,6,1,4546,58,6.9,6,0.17,6.83,5.16,29.0,34.0,122.0,4.0,0.0,0.16,24.0,8.33,0.15,270.0,25.0,6.4,0.16,320.0,19.0,4.73,0.14,280.0,23.0,3.04,0.14,270.0,17.0,4.7,0.17,320.0,14.0,2.14,0.19,440.0,0
2025-06-01,3,1,5,3721,40,7.02,1,0.11,7.25,5.85,36.0,29.0,111.0,6.0,5.0,0.13,31.0,9.03,0.14,230.0,16.0,5.62,0.11,250.0,18.0,5.55,0.14,260.0,24.0,6.25,0.13,230.0,10.0,3.0,0.12,230.0,12.0,0.0,0.15,420.0,0
2025-06-01,3,2,4,4961,13,6.88,2,0.12,6.7,5.15,24.0,26.0,97.0,4.0,0.0,0.15,20.0,8.0,0.13,230.0,19.0,6.84,0.13,310.0,13.0,4.61,0.14,310.0,15.0,4.66,0.18,360.0,17.0,4.11,0.15,350.0,13.0,0.76,0.18,440.0,0
2025-06-01,3,3,3,4387,26,6.95,3,0.12,6.91,5.38,29.0,27.0,104.0,5.0,0.0,0.16,23.0,9.13,0.16,290.0,20.0,5.5,0.17,380.0,14.0,5.0,0.16,280.0,20.0,3.5,0.15,310.0,15.0,4.66,0.15,250.0,12.0,2.5,0.17,380.0,0
2025-06-01,3,4,1,4571,50,6.78,6,0.08,6.89,4.95,44.0,12.0,113.0,8.0,5.0,0.17,22.0,7.72,0.16,380.0,13.0,6.15,0.15,360.0,11.0,5.45,0.18,390.0,24.0,5.41,0.15,350.0,14.0,3.57,0.2,360.0,29.0,2.41,0.17,390.0,0
2025-06-01,3,5,2,4337,4,6.98,4,0.11,7.01,4.91,29.0,31.0,122.0,5.0,1.0,0.12,29.0,7.58,0.1,220.0,20.0,6.0,0.14,250.0,15.0,7.33,0.13,270.0,23.0,4.34,0.11,290.0,22.0,1.36,0.14,290.0,13.0,1.53,0.13,360.0,0
2025-06-01,3,6,6,4963,23,6.97,5,0.14,6.96,5.7,33.0,28.0,107.0,4.0,1.0,0.15,25.0,8.0,0.15,260.0,18.0,6.11,0.15,280.0,17.0,6.47,0.15,330.0,14.0,4.28,0.14,280.0,19.0,4.73,0.16,290.0,14.0,2.85,0.15,320.0,0
2025-06-01,6,1,3,3783,64,6.89,1,0.16,6.89,4.19,23.0,21.0,105.0,1.0,1.0,0.15,22.0,9.54,0.13,360.0,17.0,3.52,0.16,350.0,18.0,2.77,0.16,420.0,17.0,2.94,0.14,360.0,15.0,4.0,0.17,350.0,16.0,0.62,0.16,450.0,0
2025-06-01,6,2,2,4450,14,6.92,2,0.11,7.29,5.58,45.0,32.0,138.0,8.0,3.0,0.15,33.0,8.78,0.14,260.0,25.0,6.0,0.15,250.0,18.0,5.55,0.16,320.0,26.0,4.61,0.17,300.0,19.0,5.26,0.13,200.0,17.0,0.58,0.16,320.0,0
2025-06-01,6,3,4,4024,57,6.83,3,0.12,7.16,5.07,37.0,27.0,126.0,9.0,2.0,0.15,31.0,8.71,0.14,310.0,16.0,6.25,0.17,480.0,15.0,4.0,0.15,350.0,25.0,4.4,0.17,370.0,24.0,3.75,0.14,360.0,15.0,0.66,0.16,350.0,0
2025-06-01,6,4,5,4686,6,6.99,4,0.12,6.39,3.86,25.0,19.0,114.0,2.0,1.0,0.16,21.0,8.57,0.15,320.0,19.0,3.68,0.18,470.0,21.0,3.81,0.16,360.0,22.0,2.72,0.16,360.0,13.0,2.3,0.16,380.0,18.0,1.11,0.16,360.0,0
2025-06-01,6,5,1,4166,16,6.87,5,0.08,6.75,4.63,25.0,32.0,123.0,6.0,1.0,0.14,24.0,9.58,0.12,250.0,21.0,6.66,0.14,290.0,20.0,3.5,0.15,300.0,20.0,3.5,0.13,340.0,20.0,2.0,0.13,310.0,18.0,1.11,0.14,390.0,0
2025-06-01,6,6,6,3388,10,6.99,6,0.13,7.2,5.55,32.0,23.0,99.0,4.0,2.0,0.17,23.0,9.13,0.16,310.0,12.0,4.16,0.18,450.0,16.0,6.25,0.18,380.0,19.0,4.73,0.15,290.0,19.0,4.21,0.15,250.0,10.0,2.0,0.19,500.0,0
2025-06-01,10,1,5,4362,46,6.86,1,0.11,6.9,4.24,32.0,21.0,125.0,3.0,1.0,0.12,30.0,8.66,0.11,210.0,23.0,6.08,0.13,270.0,21.0,3.81,0.11,230.0,17.0,0.58,0.12,230.0,18.0,1.11,0.13,330.0,16.0,1.25,0.12,340.0,0
2025-06-01,10,2,3,4573,45,6.88,2,0.14,7.22,4.39,26.0,25.0,116.0,5.0,1.0,0.14,21.0,8.09,0.12,270.0,20.0,5.5,0.12,270.0,19.0,5.78,0.15,330.0,18.0,2.77,0.13,370.0,19.0,1.57,0.15,340.0,19.0,2.1,0.16,440.0,0
2025-06-01,10,3,6,3783,64,6.89,3,0.23,6.89,4.19,23.0,21.0,105.0,1.0,1.0,0.15,22.0,9.54,0.13,360.0,17.0,3.52,0.16,350.0,18.0,2.77,0.16,420.0,17.0,2.94,0.14,360.0,15.0,4.0,0.17,350.0,16.0,0.62,0.16,450.0,0
2025-06-01,10,4,2,3721,40,7.03,4,0.09,7.25,5.85,36.0,29.0,111.0,6.0,5.0,0.13,31.0,9.03,0.14,230.0,16.0,5.62,0.11,250.0,18.0,5.55,0.14,260.0,24.0,6.25,0.13,230.0,10.0,3.0,0.12,230.0,12.0,0.0,0.15,420.0,0
2025-06-01,10,5,4,4831,33,6.91,5,0.12,7.08,4.33,21.0,18.0,90.0,5.0,2.0,0.12,21.0,9.52,0.12,200.0,11.0,2.72,0.14,310.0,17.0,3.52,0.11,240.0,12.0,2.5,0.12,250.0,15.0,4.0,0.1,240.0,14.0,0.71,0.13,370.0,0
2025-06-01,10,6,1,4494,36,6.92,6,0.15,7.1,4.84,39.0,24.0,130.0,6.0,2.0,0.14,33.0,7.57,0.12,240.0,17.0,4.11,0.15,350.0,21.0,5.23,0.12,240.0,22.0,3.63,0.17,340.0,23.0,4.34,0.14,280.0,14.0,1.42,0.17,390.0,0
2025-06-09,2,1,5,4113,12,6.81,1,0.24,4.78,2.88,17.0,19.0,125.0,1.0,0.0,0.19,19.0,6.31,0.21,450.0,25.0,4.0,0.19,460.0,19.0,4.21,0.2,430.0,17.0,1.76,0.18,390.0,27.0,0.74,0.19,470.0,18.0,0.55,0.2,420.0,0
2025-06-09,2,2,1,4421,47,6.8,3,0.16,3.76,1.36,4.0,5.0,66.0,0.0,0.0,0.18,10.0,5.0,0.17,260.0,10.0,1.0,0.15,270.0,12.0,1.66,0.14,340.0,10.0,1.0,0.18,390.0,12.0,0.0,0.2,470.0,12.0,0.0,0.23,530.0,0
2025-06-09,2,3,4,3998,22,6.82,2,0.25,4.72,2.69,10.0,24.0,126.0,0.0,0.0,0.17,16.0,6.25,0.14,210.0,26.0,3.84,0.16,340.0,27.0,3.7,0.15,290.0,17.0,1.76,0.16,340.0,25.0,0.4,0.18,420.0,15.0,0.0,0.22,510.0,0
2025-06-09,2,4,3,3477,54,6.78,4,0.2,4.31,1.73,5.0,13.0,104.0,0.0,0.0,0.19,16.0,2.5,0.2,420.0,18.0,3.33,0.18,320.0,21.0,0.47,0.18,440.0,15.0,2.0,0.19,430.0,18.0,1.66,0.2,370.0,16.0,0.62,0.18,450.0,0
2025-06-09,2,5,2,3679,36,6.85,5,0.17,6.56,5.03,35.0,30.0,129.0,3.0,1.0,0.16,29.0,9.65,0.15,290.0,24.0,5.83,0.15,330.0,18.0,6.11,0.13,260.0,18.0,1.66,0.18,340.0,18.0,3.88,0.15,340.0,22.0,0.9,0.19,470.0,0
2025-06-09,2,6,6,5409,41,6.86,6,0.17,0.0,0.0,0.0,0.0,0.0,0.0,0.0,0.0,0.0,0.0,0.0,0.0,0.0,0.0,0.0,0.0,0.0,0.0,0.0,0.0,0.0,0.0,0.0,0.0,0.0,0.0,0.0,0.0,0.0,0.0,0.0,0.0,0
2025-06-09,3,1,6,3539,9,6.77,1,0.13,3.99,1.8,4.0,14.0,100.0,0.0,0.0,0.17,16.0,2.5,0.17,330.0,22.0,2.27,0.14,330.0,20.0,3.0,0.15,320.0,22.0,1.36,0.17,340.0,17.0,0.0,0.23,440.0,3.0,0.0,0.18,300.0,0
2025-06-09,3,2,2,4052,34,6.73,2,0.11,6.82,5.55,29.0,26.0,99.0,6.0,2.0,0.18,20.0,8.0,0.18,350.0,18.0,7.22,0.17,360.0,15.0,6.66,0.18,330.0,17.0,4.7,0.18,390.0,14.0,2.85,0.17,370.0,15.0,2.66,0.2,440.0,0
2025-06-09,3,3,1,4351,37,6.74,3,0.06,6.68,4.81,29.0,22.0,106.0,3.0,0.0,0.15,25.0,8.4,0.13,240.0,15.0,5.33,0.16,300.0,14.0,2.14,0.17,340.0,18.0,5.0,0.12,210.0,21.0,3.81,0.15,310.0,13.0,1.53,0.16,280.0,0
2025-06-09,3,4,4,4750,65,6.72,4,0.1,4.18,2.16,11.0,15.0,120.0,0.0,0.0,0.17,16.0,5.62,0.18,310.0,21.0,1.9,0.17,370.0,19.0,3.15,0.17,310.0,24.0,0.83,0.17,360.0,21.0,1.42,0.17,350.0,18.0,1.11,0.16,380.0,0
2025-06-09,3,5,3,3406,58,6.77,5,0.16,5.49,3.01,14.0,17.0,103.0,1.0,0.0,0.18,17.0,5.88,0.15,310.0,18.0,4.44,0.16,370.0,14.0,2.14,0.16,340.0,22.0,2.27,0.2,430.0,19.0,2.1,0.18,390.0,13.0,0.76,0.2,480.0,0
2025-06-09,3,6,5,4097,29,6.84,6,0.19,3.84,1.25,2.0,8.0,80.0,0.0,0.0,0.21,10.0,2.0,0.2,380.0,18.0,1.66,0.21,410.0,13.0,0.0,0.25,460.0,10.0,1.0,0.2,490.0,15.0,2.66,0.17,370.0,14.0,0.0,0.24,550.0,0
2025-06-09,4,1,6,4948,31,6.73,3,0.19,5.33,3.48,22.0,24.0,132.0,3.0,0.0,0.17,24.0,7.5,0.15,330.0,17.0,1.76,0.15,310.0,24.0,5.41,0.17,300.0,20.0,3.0,0.2,360.0,24.0,1.25,0.17,330.0,23.0,1.3,0.18,390.0,0
2025-06-09,4,2,4,3081,50,6.78,2,0.16,5.63,3.72,14.0,18.0,86.0,0.0,0.0,0.17,13.0,6.15,0.15,290.0,16.0,5.0,0.17,380.0,15.0,4.66,0.16,350.0,15.0,3.33,0.18,350.0,12.0,2.5,0.18,320.0,15.0,0.66,0.19,450.0,0
2025-06-09,4,3,1,4220,66,6.78,1,0.16,5.61,3.85,18.0,24.0,109.0,1.0,0.0,0.16,19.0,6.84,0.16,280.0,16.0,5.0,0.15,280.0,17.0,4.11,0.19,340.0,24.0,2.91,0.16,310.0,21.0,3.33,0.16,280.0,12.0,0.0,0.18,440.0,0
2025-06-09,4,4,2,4335,52,6.78,4,0.21,6.63,4.21,33.0,21.0,128.0,4.0,1.0,0.13,30.0,8.0,0.12,220.0,22.0,3.63,0.13,240.0,20.0,3.5,0.13,200.0,18.0,5.0,0.13,270.0,19.0,1.05,0.13,240.0,19.0,2.1,0.12,210.0,0
2025-06-09,4,5,3,3872,16,6.79,5,0.16,5.59,3.3,18.0,16.0,103.0,2.0,0.0,0.21,22.0,5.9,0.2,400.0,18.0,3.33,0.21,480.0,19.0,3.15,0.2,370.0,17.0,2.35,0.2,450.0,11.0,2.72,0.28,510.0,16.0,1.25,0.2,500.0,0
2025-06-09,4,6,5,4016,10,6.8,6,0.21,5.19,3.39,15.0,20.0,103.0,0.0,0.0,0.15,17.0,5.88,0.13,260.0,16.0,4.37,0.17,310.0,20.0,4.5,0.12,240.0,19.0,3.15,0.15,280.0,13.0,1.53,0.17,270.0,17.0,0.58,0.18,380.0,0
2025-06-09,5,1,2,3538,15,6.76,1,0.14,5.16,3.06,22.0,16.0,124.0,1.0,0.0,0.18,23.0,8.69,0.17,310.0,19.0,3.68,0.18,360.0,24.0,2.5,0.15,320.0,19.0,2.1,0.17,340.0,21.0,0.0,0.19,390.0,18.0,0.55,0.21,440.0,0
2025-06-09,5,2,1,3933,43,6.78,2,0.16,4.97,3.01,10.0,25.0,116.0,0.0,0.0,0.17,19.0,5.78,0.18,340.0,44.0,2.5,0.18,380.0,37.0,2.7,0.16,380.0,15.0,2.0,0.17,370.0,1.0,0.0,0.19,500.0,0.0,0.0,0.0,0.0,0
2025-06-09,5,3,5,4458,17,6.76,3,0.12,5.09,3.26,25.0,20.0,138.0,0.0,0.0,0.15,23.0,7.82,0.17,240.0,21.0,4.28,0.12,200.0,28.0,2.85,0.16,290.0,24.0,2.5,0.15,300.0,25.0,0.8,0.15,300.0,17.0,1.17,0.14,310.0,0
2025-06-09,5,4,6,5337,33,6.71,4,0.07,3.16,1.42,6.0,5.0,77.0,1.0,0.0,0.17,0.0,0.0,0.0,0.0,0.0,0.0,0.0,0.0,0.0,0.0,0.0,0.0,19.0,1.57,0.17,380.0,25.0,2.0,0.16,300.0,33.0,0.9,0.17,360.0,0
2025-06-09,5,5,3,4643,21,6.69,5,0.06,6.59,5.12,34.0,29.0,123.0,5.0,1.0,0.15,25.0,8.8,0.12,200.0,18.0,8.33,0.15,260.0,18.0,4.44,0.16,280.0,24.0,3.33,0.14,250.0,22.0,3.18,0.17,330.0,16.0,1.87,0.18,460.0,0
2025-06-09,5,6,4,4515,51,6.78,6,0.22,5.66,3.85,22.0,25.0,122.0,1.0,0.0,0.17,21.0,9.52,0.15,270.0,23.0,4.78,0.17,360.0,20.0,4.5,0.16,280.0,20.0,2.5,0.16,410.0,21.0,0.95,0.2,410.0,17.0,0.0,0.21,550.0,0
2025-06-09,6,1,2,4302,27,6.74,1,0.11,6.32,4.68,24.0,28.0,111.0,5.0,1.0,0.15,28.0,8.21,0.16,310.0,23.0,5.21,0.14,330.0,22.0,3.63,0.16,280.0,18.0,3.33,0.16,270.0,18.0,1.66,0.15,340.0,2.0,0.0,0.13,300.0,0
2025-06-09,6,2,4,4268,55,6.81,2,0.08,3.48,1.29,3.0,9.0,93.0,0.0,0.0,0.16,10.0,4.0,0.15,230.0,17.0,2.35,0.15,280.0,21.0,1.42,0.15,270.0,15.0,0.66,0.17,370.0,17.0,0.0,0.17,370.0,13.0,0.0,0.21,450.0,0
2025-06-09,6,3,1,4357,57,6.67,3,0.12,7.4,5.89,51.0,25.0,129.0,8.0,3.0,0.17,36.0,9.44,0.15,300.0,20.0,6.0,0.19,360.0,20.0,5.0,0.18,380.0,26.0,4.61,0.16,280.0,17.0,3.52,0.18,350.0,10.0,2.0,0.14,330.0,0
2025-06-09,6,4,3,4233,35,6.7,4,0.14,5.82,4.38,28.0,36.0,146.0,3.0,0.0,0.17,28.0,9.28,0.15,250.0,21.0,5.23,0.15,250.0,25.0,5.2,0.17,260.0,31.0,2.9,0.16,290.0,24.0,2.08,0.2,360.0,17.0,0.0,0.21,450.0,0
2025-06-09,6,5,5,5011,48,6.83,5,0.08,2.9,0.62,1.0,2.0,48.0,0.0,0.0,0.2,5.0,2.0,0.16,360.0,10.0,1.0,0.22,400.0,8.0,1.25,0.19,330.0,9.0,0.0,0.2,380.0,7.0,0.0,0.19,370.0,8.0,0.0,0.23,440.0,0
2025-06-09,6,6,6,3471,23,6.85,6,0.1,4.46,1.95,8.0,8.0,82.0,0.0,0.0,0.17,9.0,4.44,0.18,300.0,17.0,2.35,0.16,370.0,17.0,0.58,0.16,370.0,15.0,2.0,0.18,360.0,14.0,2.14,0.15,340.0,10.0,1.0,0.2,360.0,0
2025-06-09,7,1,4,4173,6,6.78,1,0.11,4.72,2.57,11.0,16.0,105.0,1.0,0.0,0.2,19.0,5.26,0.19,350.0,18.0,3.33,0.21,430.0,17.0,1.76,0.19,390.0,16.0,1.87,0.2,440.0,23.0,1.73,0.2,440.0,12.0,0.83,0.19,510.0,0
2025-06-09,7,2,1,4324,45,6.77,2,0.08,6.92,4.92,37.0,29.0,134.0,7.0,1.0,0.14,30.0,9.66,0.13,190.0,25.0,5.2,0.12,290.0,28.0,3.92,0.15,320.0,22.0,3.63,0.15,310.0,22.0,1.81,0.17,300.0,7.0,1.42,0.11,360.0,0
2025-06-09,7,3,5,4191,5,6.86,3,0.11,5.84,4.22,24.0,28.0,123.0,2.0,1.0,0.18,24.0,9.16,0.17,350.0,25.0,4.4,0.17,340.0,19.0,4.21,0.17,290.0,21.0,2.85,0.19,400.0,15.0,2.0,0.22,400.0,19.0,1.05,0.2,430.0,0
2025-06-09,7,4,3,5339,53,6.73,4,0.05,3.56,1.57,3.0,11.0,89.0,0.0,0.0,0.18,0.0,0.0,0.0,0.0,0.0,0.0,0.0,0.0,0.0,0.0,0.0,0.0,17.0,2.35,0.16,260.0,29.0,2.06,0.19,350.0,43.0,0.93,0.17,320.0,0
2025-06-09,7,5,6,3859,13,6.85,5,0.11,3.9,2.04,4.0,6.0,49.0,0.0,0.0,0.15,9.0,5.55,0.13,320.0,8.0,0.0,0.17,280.0,10.0,2.0,0.15,290.0,7.0,1.42,0.16,370.0,8.0,1.25,0.16,200.0,7.0,1.42,0.12,260.0,0
2025-06-09,7,6,2,4241,18,6.8,6,0.12,5.69,4.13,15.0,35.0,121.0,1.0,0.0,0.16,20.0,9.0,0.15,290.0,23.0,4.78,0.18,430.0,21.0,4.76,0.15,300.0,22.0,1.81,0.15,350.0,17.0,2.35,0.16,370.0,18.0,1.66,0.19,460.0,0
2025-06-09,10,1,2,4233,35,6.7,1,0.19,5.82,4.38,28.0,36.0,146.0,3.0,0.0,0.17,28.0,9.28,0.15,250.0,21.0,5.23,0.15,250.0,25.0,5.2,0.17,260.0,31.0,2.9,0.16,290.0,24.0,2.08,0.2,360.0,17.0,0.0,0.21,450.0,0
2025-06-09,10,2,1,4492,11,6.75,2,0.2,5.34,3.44,15.0,15.0,87.0,0.0,0.0,0.16,19.0,8.42,0.14,270.0,12.0,5.0,0.19,430.0,14.0,2.14,0.17,340.0,15.0,2.66,0.14,270.0,12.0,0.83,0.17,280.0,15.0,0.0,0.18,400.0,0
2025-06-09,10,3,3,4515,51,6.86,3,0.23,5.66,3.85,22.0,25.0,122.0,1.0,0.0,0.17,21.0,9.52,0.15,270.0,23.0,4.78,0.17,360.0,20.0,4.5,0.16,280.0,20.0,2.5,0.16,410.0,21.0,0.95,0.2,410.0,17.0,0.0,0.21,550.0,0
2025-06-09,10,4,4,3081,50,6.77,4,0.28,5.63,3.72,14.0,18.0,86.0,0.0,0.0,0.17,13.0,6.15,0.15,290.0,16.0,5.0,0.17,380.0,15.0,4.66,0.16,350.0,15.0,3.33,0.18,350.0,12.0,2.5,0.18,320.0,15.0,0.66,0.19,450.0,0
2025-06-09,10,5,6,4421,47,6.75,5,0.22,3.76,1.36,4.0,5.0,66.0,0.0,0.0,0.18,10.0,5.0,0.17,260.0,10.0,1.0,0.15,270.0,12.0,1.66,0.14,340.0,10.0,1.0,0.18,390.0,12.0,0.0,0.2,470.0,12.0,0.0,0.23,530.0,0
2025-06-09,10,6,5,4750,65,6.74,6,0.28,4.18,2.16,11.0,15.0,120.0,0.0,0.0,0.17,16.0,5.62,0.18,310.0,21.0,1.9,0.17,370.0,19.0,3.15,0.17,310.0,24.0,0.83,0.17,360.0,21.0,1.42,0.17,350.0,18.0,1.11,0.16,380.0,0
2025-06-10,2,1,2,4016,10,6.76,1,0.11,5.19,3.39,15.0,20.0,103.0,0.0,0.0,0.15,17.0,5.88,0.13,260.0,16.0,4.37,0.17,310.0,20.0,4.5,0.12,240.0,19.0,3.15,0.15,280.0,13.0,1.53,0.17,270.0,17.0,0.58,0.18,380.0,0
2025-06-10,2,2,1,4750,65,6.77,2,0.15,4.18,2.16,11.0,15.0,120.0,0.0,0.0,0.17,16.0,5.62,0.18,310.0,21.0,1.9,0.17,370.0,19.0,3.15,0.17,310.0,24.0,0.83,0.17,360.0,21.0,1.42,0.17,350.0,18.0,1.11,0.16,380.0,0
2025-06-10,2,3,5,4241,18,6.77,3,0.22,5.69,4.13,15.0,35.0,121.0,1.0,0.0,0.16,20.0,9.0,0.15,290.0,23.0,4.78,0.18,430.0,21.0,4.76,0.15,300.0,22.0,1.81,0.15,350.0,17.0,2.35,0.16,370.0,18.0,1.66,0.19,460.0,0
2025-06-10,2,4,4,3933,43,6.68,4,0.14,4.97,3.01,10.0,25.0,116.0,0.0,0.0,0.17,19.0,5.78,0.18,340.0,44.0,2.5,0.18,380.0,37.0,2.7,0.16,380.0,15.0,2.0,0.17,370.0,1.0,0.0,0.19,500.0,0.0,0.0,0.0,0.0,0
2025-06-10,2,5,6,3538,15,6.81,5,0.11,5.16,3.06,22.0,16.0,124.0,1.0,0.0,0.18,23.0,8.69,0.17,310.0,19.0,3.68,0.18,360.0,24.0,2.5,0.15,320.0,19.0,2.1,0.17,340.0,21.0,0.0,0.19,390.0,18.0,0.55,0.21,440.0,0
2025-06-10,2,6,3,4052,34,6.71,6,0.12,6.82,5.55,29.0,26.0,99.0,6.0,2.0,0.18,20.0,8.0,0.18,350.0,18.0,7.22,0.17,360.0,15.0,6.66,0.18,330.0,17.0,4.7,0.18,390.0,14.0,2.85,0.17,370.0,15.0,2.66,0.2,440.0,0
2025-06-10,4,1,4,3471,23,6.83,1,0.23,4.46,1.95,8.0,8.0,82.0,0.0,0.0,0.17,9.0,4.44,0.18,300.0,17.0,2.35,0.16,370.0,17.0,0.58,0.16,370.0,15.0,2.0,0.18,360.0,14.0,2.14,0.15,340.0,10.0,1.0,0.2,360.0,0
2025-06-10,4,2,5,4097,29,6.92,2,0.33,3.84,1.25,2.0,8.0,80.0,0.0,0.0,0.21,10.0,2.0,0.2,380.0,18.0,1.66,0.21,410.0,13.0,0.0,0.25,460.0,10.0,1.0,0.2,490.0,15.0,2.66,0.17,370.0,14.0,0.0,0.24,550.0,0
2025-06-10,4,3,3,3872,16,6.8,3,0.2,5.59,3.3,18.0,16.0,103.0,2.0,0.0,0.21,22.0,5.9,0.2,400.0,18.0,3.33,0.21,480.0,19.0,3.15,0.2,370.0,17.0,2.35,0.2,450.0,11.0,2.72,0.28,510.0,16.0,1.25,0.2,500.0,0
2025-06-10,4,4,6,4113,12,6.78,6,0.09,4.78,2.88,17.0,19.0,125.0,1.0,0.0,0.19,19.0,6.31,0.21,450.0,25.0,4.0,0.19,460.0,19.0,4.21,0.2,430.0,17.0,1.76,0.18,390.0,27.0,0.74,0.19,470.0,18.0,0.55,0.2,420.0,0
2025-06-10,4,5,2,4335,52,6.81,4,0.05,6.63,4.21,33.0,21.0,128.0,4.0,1.0,0.13,30.0,8.0,0.12,220.0,22.0,3.63,0.13,240.0,20.0,3.5,0.13,200.0,18.0,5.0,0.13,270.0,19.0,1.05,0.13,240.0,19.0,2.1,0.12,210.0,0
2025-06-10,4,6,1,3539,9,6.86,5,0.08,3.99,1.8,4.0,14.0,100.0,0.0,0.0,0.17,16.0,2.5,0.17,330.0,22.0,2.27,0.14,330.0,20.0,3.0,0.15,320.0,22.0,1.36,0.17,340.0,17.0,0.0,0.23,440.0,3.0,0.0,0.18,300.0,0
2025-06-10,5,1,4,3998,22,6.82,1,0.12,4.72,2.69,10.0,24.0,126.0,0.0,0.0,0.17,16.0,6.25,0.14,210.0,26.0,3.84,0.16,340.0,27.0,3.7,0.15,290.0,17.0,1.76,0.16,340.0,25.0,0.4,0.18,420.0,15.0,0.0,0.22,510.0,0
2025-06-10,5,2,2,4173,6,6.81,2,0.15,4.72,2.57,11.0,16.0,105.0,1.0,0.0,0.2,19.0,5.26,0.19,350.0,18.0,3.33,0.21,430.0,17.0,1.76,0.19,390.0,16.0,1.87,0.2,440.0,23.0,1.73,0.2,440.0,12.0,0.83,0.19,510.0,0
2025-06-10,5,3,6,4268,55,6.83,3,0.08,3.48,1.29,3.0,9.0,93.0,0.0,0.0,0.16,10.0,4.0,0.15,230.0,17.0,2.35,0.15,280.0,21.0,1.42,0.15,270.0,15.0,0.66,0.17,370.0,17.0,0.0,0.17,370.0,13.0,0.0,0.21,450.0,0
2025-06-10,5,4,1,4324,45,6.82,4,0.14,6.92,4.92,37.0,29.0,134.0,7.0,1.0,0.14,30.0,9.66,0.13,190.0,25.0,5.2,0.12,290.0,28.0,3.92,0.15,320.0,22.0,3.63,0.15,310.0,22.0,1.81,0.17,300.0,7.0,1.42,0.11,360.0,0
2025-06-10,5,5,5,4220,66,6.73,5,0.09,5.61,3.85,18.0,24.0,109.0,1.0,0.0,0.16,19.0,6.84,0.16,280.0,16.0,5.0,0.15,280.0,17.0,4.11,0.19,340.0,24.0,2.91,0.16,310.0,21.0,3.33,0.16,280.0,12.0,0.0,0.18,440.0,0
2025-06-10,5,6,3,4053,62,6.78,6,0.09,5.75,3.86,19.0,20.0,101.0,2.0,1.0,0.18,20.0,7.5,0.16,360.0,15.0,4.0,0.17,350.0,15.0,5.33,0.17,270.0,18.0,2.22,0.19,390.0,17.0,1.76,0.13,290.0,16.0,1.87,0.23,460.0,0
2025-06-10,11,1,4,4357,57,6.74,1,0.25,7.4,5.89,51.0,25.0,129.0,8.0,3.0,0.17,36.0,9.44,0.15,300.0,20.0,6.0,0.19,360.0,20.0,5.0,0.18,380.0,26.0,4.61,0.16,280.0,17.0,3.52,0.18,350.0,10.0,2.0,0.14,330.0,0
2025-06-10,11,2,1,4335,52,6.71,2,0.12,6.63,4.21,33.0,21.0,128.0,4.0,1.0,0.13,30.0,8.0,0.12,220.0,22.0,3.63,0.13,240.0,20.0,3.5,0.13,200.0,18.0,5.0,0.13,270.0,19.0,1.05,0.13,240.0,19.0,2.1,0.12,210.0,0
2025-06-10,11,3,2,3538,15,6.87,3,0.18,5.16,3.06,22.0,16.0,124.0,1.0,0.0,0.18,23.0,8.69,0.17,310.0,19.0,3.68,0.18,360.0,24.0,2.5,0.15,320.0,19.0,2.1,0.17,340.0,21.0,0.0,0.19,390.0,18.0,0.55,0.21,440.0,0
2025-06-10,11,4,5,4220,66,6.8,4,0.23,5.61,3.85,18.0,24.0,109.0,1.0,0.0,0.16,19.0,6.84,0.16,280.0,16.0,5.0,0.15,280.0,17.0,4.11,0.19,340.0,24.0,2.91,0.16,310.0,21.0,3.33,0.16,280.0,12.0,0.0,0.18,440.0,0
2025-06-10,11,5,3,3514,46,6.81,5,0.28,5.91,3.55,14.0,2.0,45.0,1.0,0.0,0.16,11.0,8.18,0.15,340.0,5.0,2.0,0.18,360.0,5.0,2.0,0.21,460.0,10.0,3.0,0.15,360.0,9.0,2.22,0.17,340.0,5.0,0.0,0.18,360.0,0
2025-06-10,11,6,6,4215,25,6.82,6,0.28,5.79,3.89,30.0,21.0,131.0,3.0,0.0,0.15,22.0,6.81,0.12,220.0,23.0,4.34,0.16,260.0,24.0,3.75,0.16,280.0,21.0,4.76,0.15,270.0,23.0,2.17,0.17,350.0,18.0,1.11,0.17,410.0,0
2025-06-11,2,1,2,4421,47,6.75,1,0.09,3.76,1.36,4.0,5.0,66.0,0.0,0.0,0.18,10.0,5.0,0.17,260.0,10.0,1.0,0.15,270.0,12.0,1.66,0.14,340.0,10.0,1.0,0.18,390.0,12.0,0.0,0.2,470.0,12.0,0.0,0.23,530.0,0
2025-06-11,2,2,6,3998,22,6.82,2,0.14,4.72,2.69,10.0,24.0,126.0,0.0,0.0,0.17,16.0,6.25,0.14,210.0,26.0,3.84,0.16,340.0,27.0,3.7,0.15,290.0,17.0,1.76,0.16,340.0,25.0,0.4,0.18,420.0,15.0,0.0,0.22,510.0,0
2025-06-11,2,3,1,4769,40,6.8,3,0.08,5.49,3.21,14.0,14.0,87.0,4.0,0.0,0.12,17.0,7.05,0.1,190.0,9.0,7.77,0.12,190.0,15.0,1.33,0.12,200.0,15.0,2.66,0.15,250.0,14.0,1.42,0.12,210.0,17.0,0.58,0.12,280.0,0
2025-06-11,2,4,3,5339,53,6.77,4,0.11,3.56,1.57,3.0,11.0,89.0,0.0,0.0,0.18,0.0,0.0,0.0,0.0,0.0,0.0,0.0,0.0,0.0,0.0,0.0,0.0,17.0,2.35,0.16,260.0,29.0,2.06,0.19,350.0,43.0,0.93,0.17,320.0,0
2025-06-11,2,5,5,3477,54,6.75,5,0.12,4.31,1.73,5.0,13.0,104.0,0.0,0.0,0.19,16.0,2.5,0.2,420.0,18.0,3.33,0.18,320.0,21.0,0.47,0.18,440.0,15.0,2.0,0.19,430.0,18.0,1.66,0.2,370.0,16.0,0.62,0.18,450.0,0
2025-06-11,2,6,4,4191,5,6.87,6,0.13,5.84,4.22,24.0,28.0,123.0,2.0,1.0,0.18,24.0,9.16,0.17,350.0,25.0,4.4,0.17,340.0,19.0,4.21,0.17,290.0,21.0,2.85,0.19,400.0,15.0,2.0,0.22,400.0,19.0,1.05,0.2,430.0,0
2025-06-11,7,1,2,4750,65,6.81,1,0.09,4.18,2.16,11.0,15.0,120.0,0.0,0.0,0.17,16.0,5.62,0.18,310.0,21.0,1.9,0.17,370.0,19.0,3.15,0.17,310.0,24.0,0.83,0.17,360.0,21.0,1.42,0.17,350.0,18.0,1.11,0.16,380.0,0
2025-06-11,7,2,6,4458,17,6.85,3,0.12,5.09,3.26,25.0,20.0,138.0,0.0,0.0,0.15,23.0,7.82,0.17,240.0,21.0,4.28,0.12,200.0,28.0,2.85,0.16,290.0,24.0,2.5,0.15,300.0,25.0,0.8,0.15,300.0,17.0,1.17,0.14,310.0,0
2025-06-11,7,3,1,4643,21,6.78,4,0.08,6.59,5.12,34.0,29.0,123.0,5.0,1.0,0.15,25.0,8.8,0.12,200.0,18.0,8.33,0.15,260.0,18.0,4.44,0.16,280.0,24.0,3.33,0.14,250.0,22.0,3.18,0.17,330.0,16.0,1.87,0.18,460.0,0
2025-06-11,7,4,4,4053,62,6.81,5,0.11,5.75,3.86,19.0,20.0,101.0,2.0,1.0,0.18,20.0,7.5,0.16,360.0,15.0,4.0,0.17,350.0,15.0,5.33,0.17,270.0,18.0,2.22,0.19,390.0,17.0,1.76,0.13,290.0,16.0,1.87,0.23,460.0,0
2025-06-11,7,5,5,3933,43,6.76,2,0.12,4.97,3.01,10.0,25.0,116.0,0.0,0.0,0.17,19.0,5.78,0.18,340.0,44.0,2.5,0.18,380.0,37.0,2.7,0.16,380.0,15.0,2.0,0.17,370.0,1.0,0.0,0.19,500.0,0.0,0.0,0.0,0.0,0
2025-06-11,7,6,3,4769,40,6.8,6,0.11,5.49,3.21,14.0,14.0,87.0,4.0,0.0,0.12,17.0,7.05,0.1,190.0,9.0,7.77,0.12,190.0,15.0,1.33,0.12,200.0,15.0,2.66,0.15,250.0,14.0,1.42,0.12,210.0,17.0,0.58,0.12,280.0,0
2025-06-11,9,1,5,4215,25,6.81,1,0.12,5.79,3.89,30.0,21.0,131.0,3.0,0.0,0.15,22.0,6.81,0.12,220.0,23.0,4.34,0.16,260.0,24.0,3.75,0.16,280.0,21.0,4.76,0.15,270.0,23.0,2.17,0.17,350.0,18.0,1.11,0.17,410.0,0
2025-06-11,9,2,1,4357,57,6.73,2,0.01,7.4,5.89,51.0,25.0,129.0,8.0,3.0,0.17,36.0,9.44,0.15,300.0,20.0,6.0,0.19,360.0,20.0,5.0,0.18,380.0,26.0,4.61,0.16,280.0,17.0,3.52,0.18,350.0,10.0,2.0,0.14,330.0,0
2025-06-11,9,3,2,4421,47,6.8,4,0.02,3.76,1.36,4.0,5.0,66.0,0.0,0.0,0.18,10.0,5.0,0.17,260.0,10.0,1.0,0.15,270.0,12.0,1.66,0.14,340.0,10.0,1.0,0.18,390.0,12.0,0.0,0.2,470.0,12.0,0.0,0.23,530.0,0
2025-06-11,9,4,6,4268,55,6.94,5,0.13,3.48,1.29,3.0,9.0,93.0,0.0,0.0,0.16,10.0,4.0,0.15,230.0,17.0,2.35,0.15,280.0,21.0,1.42,0.15,270.0,15.0,0.66,0.17,370.0,17.0,0.0,0.17,370.0,13.0,0.0,0.21,450.0,0
2025-06-11,9,5,3,4324,45,6.79,3,0.06,6.92,4.92,37.0,29.0,134.0,7.0,1.0,0.14,30.0,9.66,0.13,190.0,25.0,5.2,0.12,290.0,28.0,3.92,0.15,320.0,22.0,3.63,0.15,310.0,22.0,1.81,0.17,300.0,7.0,1.42,0.11,360.0,0
2025-06-11,9,6,4,3478,59,6.8,6,0.16,4.85,2.27,12.0,11.0,101.0,0.0,0.0,0.17,14.0,5.71,0.13,310.0,20.0,1.5,0.15,350.0,21.0,2.85,0.18,350.0,16.0,1.87,0.19,380.0,19.0,1.05,0.18,370.0,11.0,0.9,0.22,430.0,0
2025-06-11,11,1,2,3874,8,6.68,1,0.12,6.36,4.45,26.0,35.0,137.0,4.0,1.0,0.15,27.0,7.77,0.12,270.0,24.0,5.41,0.15,320.0,22.0,5.0,0.18,350.0,24.0,2.91,0.15,310.0,21.0,2.38,0.17,400.0,19.0,2.1,0.14,330.0,0
2025-06-11,11,2,1,4351,37,6.79,2,0.09,6.68,4.81,29.0,22.0,106.0,3.0,0.0,0.15,25.0,8.4,0.13,240.0,15.0,5.33,0.16,300.0,14.0,2.14,0.17,340.0,18.0,5.0,0.12,210.0,21.0,3.81,0.15,310.0,13.0,1.53,0.16,280.0,0
2025-06-11,11,3,3,4053,62,6.75,3,0.09,5.75,3.86,19.0,20.0,101.0,2.0,1.0,0.18,20.0,7.5,0.16,360.0,15.0,4.0,0.17,350.0,15.0,5.33,0.17,270.0,18.0,2.22,0.19,390.0,17.0,1.76,0.13,290.0,16.0,1.87,0.23,460.0,0
2025-06-11,11,4,5,4097,29,6.88,4,0.19,3.84,1.25,2.0,8.0,80.0,0.0,0.0,0.21,10.0,2.0,0.2,380.0,18.0,1.66,0.21,410.0,13.0,0.0,0.25,460.0,10.0,1.0,0.2,490.0,15.0,2.66,0.17,370.0,14.0,0.0,0.24,550.0,0
2025-06-11,11,5,4,4233,35,6.7,5,0.17,5.82,4.38,28.0,36.0,146.0,3.0,0.0,0.17,28.0,9.28,0.15,250.0,21.0,5.23,0.15,250.0,25.0,5.2,0.17,260.0,31.0,2.9,0.16,290.0,24.0,2.08,0.2,360.0,17.0,0.0,0.21,450.0,0
2025-06-11,11,6,6,3477,54,6.86,6,0.18,4.31,1.73,5.0,13.0,104.0,0.0,0.0,0.19,16.0,2.5,0.2,420.0,18.0,3.33,0.18,320.0,21.0,0.47,0.18,440.0,15.0,2.0,0.19,430.0,18.0,1.66,0.2,370.0,16.0,0.62,0.18,450.0,0
2025-06-11,12,1,4,4643,21,6.71,1,0.11,6.59,5.12,34.0,29.0,123.0,5.0,1.0,0.15,25.0,8.8,0.12,200.0,18.0,8.33,0.15,260.0,18.0,4.44,0.16,280.0,24.0,3.33,0.14,250.0,22.0,3.18,0.17,330.0,16.0,1.87,0.18,460.0,0
2025-06-11,12,2,5,4515,51,6.94,2,0.12,5.66,3.85,22.0,25.0,122.0,1.0,0.0,0.17,21.0,9.52,0.15,270.0,23.0,4.78,0.17,360.0,20.0,4.5,0.16,280.0,20.0,2.5,0.16,410.0,21.0,0.95,0.2,410.0,17.0,0.0,0.21,550.0,0
2025-06-11,12,3,6,3081,50,6.72,3,0.14,5.63,3.72,14.0,18.0,86.0,0.0,0.0,0.17,13.0,6.15,0.15,290.0,16.0,5.0,0.17,380.0,15.0,4.66,0.16,350.0,15.0,3.33,0.18,350.0,12.0,2.5,0.18,320.0,15.0,0.66,0.19,450.0,0
2025-06-11,12,4,1,4492,11,6.78,4,0.01,5.34,3.44,15.0,15.0,87.0,0.0,0.0,0.16,19.0,8.42,0.14,270.0,12.0,5.0,0.19,430.0,14.0,2.14,0.17,340.0,15.0,2.66,0.14,270.0,12.0,0.83,0.17,280.0,15.0,0.0,0.18,400.0,0
2025-06-11,12,5,3,4241,18,6.79,5,0.05,5.69,4.13,15.0,35.0,121.0,1.0,0.0,0.16,20.0,9.0,0.15,290.0,23.0,4.78,0.18,430.0,21.0,4.76,0.15,300.0,22.0,1.81,0.15,350.0,17.0,2.35,0.16,370.0,18.0,1.66,0.19,460.0,0
2025-06-11,12,6,2,3406,58,6.8,6,0.18,5.49,3.01,14.0,17.0,103.0,1.0,0.0,0.18,17.0,5.88,0.15,310.0,18.0,4.44,0.16,370.0,14.0,2.14,0.16,340.0,22.0,2.27,0.2,430.0,19.0,2.1,0.18,390.0,13.0,0.76,0.2,480.0,0
2025-06-12,1,1,5,3653,19,6.74,1,0.21,4.52,2.58,8.0,23.0,120.0,0.0,0.0,0.19,19.0,6.31,0.17,340.0,19.0,3.15,0.2,390.0,24.0,2.5,0.17,350.0,20.0,1.0,0.18,420.0,21.0,2.38,0.19,370.0,17.0,0.0,0.22,420.0,0
2025-06-12,1,2,2,4220,66,6.75,2,0.16,5.61,3.85,18.0,24.0,109.0,1.0,0.0,0.16,19.0,6.84,0.16,280.0,16.0,5.0,0.15,280.0,17.0,4.11,0.19,340.0,24.0,2.91,0.16,310.0,21.0,3.33,0.16,280.0,12.0,0.0,0.18,440.0,0
2025-06-12,1,3,6,5011,48,6.69,3,0.13,2.9,0.62,1.0,2.0,48.0,0.0,0.0,0.2,5.0,2.0,0.16,360.0,10.0,1.0,0.22,400.0,8.0,1.25,0.19,330.0,9.0,0.0,0.2,380.0,7.0,0.0,0.19,370.0,8.0,0.0,0.23,440.0,0
2025-06-12,1,4,1,4458,17,6.78,4,0.05,5.09,3.26,25.0,20.0,138.0,0.0,0.0,0.15,23.0,7.82,0.17,240.0,21.0,4.28,0.12,200.0,28.0,2.85,0.16,290.0,24.0,2.5,0.15,300.0,25.0,0.8,0.15,300.0,17.0,1.17,0.14,310.0,0
2025-06-12,1,5,4,3471,23,6.85,5,0.09,4.46,1.95,8.0,8.0,82.0,0.0,0.0,0.17,9.0,4.44,0.18,300.0,17.0,2.35,0.16,370.0,17.0,0.58,0.16,370.0,15.0,2.0,0.18,360.0,14.0,2.14,0.15,340.0,10.0,1.0,0.2,360.0,0
2025-06-12,1,6,3,3538,15,6.76,6,0.35,5.16,3.06,22.0,16.0,124.0,1.0,0.0,0.18,23.0,8.69,0.17,310.0,19.0,3.68,0.18,360.0,24.0,2.5,0.15,320.0,19.0,2.1,0.17,340.0,21.0,0.0,0.19,390.0,18.0,0.55,0.21,440.0,0
2025-06-12,2,1,4,4097,29,6.75,1,0.21,3.84,1.25,2.0,8.0,80.0,0.0,0.0,0.21,10.0,2.0,0.2,380.0,18.0,1.66,0.21,410.0,13.0,0.0,0.25,460.0,10.0,1.0,0.2,490.0,15.0,2.66,0.17,370.0,14.0,0.0,0.24,550.0,0
2025-06-12,2,2,2,3872,16,6.79,2,0.22,5.59,3.3,18.0,16.0,103.0,2.0,0.0,0.21,22.0,5.9,0.2,400.0,18.0,3.33,0.21,480.0,19.0,3.15,0.2,370.0,17.0,2.35,0.2,450.0,11.0,2.72,0.28,510.0,16.0,1.25,0.2,500.0,0
2025-06-12,2,3,3,4016,10,6.75,3,0.19,5.19,3.39,15.0,20.0,103.0,0.0,0.0,0.15,17.0,5.88,0.13,260.0,16.0,4.37,0.17,310.0,20.0,4.5,0.12,240.0,19.0,3.15,0.15,280.0,13.0,1.53,0.17,270.0,17.0,0.58,0.18,380.0,0
2025-06-12,2,4,1,4053,62,6.72,4,0.11,5.75,3.86,19.0,20.0,101.0,2.0,1.0,0.18,20.0,7.5,0.16,360.0,15.0,4.0,0.17,350.0,15.0,5.33,0.17,270.0,18.0,2.22,0.19,390.0,17.0,1.76,0.13,290.0,16.0,1.87,0.23,460.0,0
2025-06-12,2,5,5,3081,50,6.77,5,0.11,5.63,3.72,14.0,18.0,86.0,0.0,0.0,0.17,13.0,6.15,0.15,290.0,16.0,5.0,0.17,380.0,15.0,4.66,0.16,350.0,15.0,3.33,0.18,350.0,12.0,2.5,0.18,320.0,15.0,0.66,0.19,450.0,0
2025-06-12,2,6,6,5395,14,6.71,6,0.15,0.0,0.0,0.0,0.0,0.0,0.0,0.0,0.0,0.0,0.0,0.0,0.0,0.0,0.0,0.0,0.0,0.0,0.0,0.0,0.0,0.0,0.0,0.0,0.0,0.0,0.0,0.0,0.0,0.0,0.0,0.0,0.0,0
2025-06-12,3,1,2,3477,54,6.73,1,0.17,4.31,1.73,5.0,13.0,104.0,0.0,0.0,0.19,16.0,2.5,0.2,420.0,18.0,3.33,0.18,320.0,21.0,0.47,0.18,440.0,15.0,2.0,0.19,430.0,18.0,1.66,0.2,370.0,16.0,0.62,0.18,450.0,0
2025-06-12,3,2,1,4492,11,6.72,2,0.17,5.34,3.44,15.0,15.0,87.0,0.0,0.0,0.16,19.0,8.42,0.14,270.0,12.0,5.0,0.19,430.0,14.0,2.14,0.17,340.0,15.0,2.66,0.14,270.0,12.0,0.83,0.17,280.0,15.0,0.0,0.18,400.0,0
2025-06-12,3,3,4,4233,35,6.72,3,0.13,5.82,4.38,28.0,36.0,146.0,3.0,0.0,0.17,28.0,9.28,0.15,250.0,21.0,5.23,0.15,250.0,25.0,5.2,0.17,260.0,31.0,2.9,0.16,290.0,24.0,2.08,0.2,360.0,17.0,0.0,0.21,450.0,0
2025-06-12,3,4,3,3859,13,6.83,4,0.16,3.9,2.04,4.0,6.0,49.0,0.0,0.0,0.15,9.0,5.55,0.13,320.0,8.0,0.0,0.17,280.0,10.0,2.0,0.15,290.0,7.0,1.42,0.16,370.0,8.0,1.25,0.16,200.0,7.0,1.42,0.12,260.0,0
2025-06-12,3,5,6,3539,9,6.84,5,0.16,3.99,1.8,4.0,14.0,100.0,0.0,0.0,0.17,16.0,2.5,0.17,330.0,22.0,2.27,0.14,330.0,20.0,3.0,0.15,320.0,22.0,1.36,0.17,340.0,17.0,0.0,0.23,440.0,3.0,0.0,0.18,300.0,0
2025-06-12,3,6,5,5337,33,6.78,6,0.15,3.16,1.42,6.0,5.0,77.0,1.0,0.0,0.17,0.0,0.0,0.0,0.0,0.0,0.0,0.0,0.0,0.0,0.0,0.0,0.0,19.0,1.57,0.17,380.0,25.0,2.0,0.16,300.0,33.0,0.9,0.17,360.0,0
2025-06-12,4,1,4,3458,20,6.68,1,0.1,4.75,2.15,7.0,7.0,65.0,2.0,0.0,0.17,8.0,6.25,0.2,340.0,11.0,0.9,0.17,340.0,11.0,4.54,0.12,220.0,13.0,1.53,0.17,230.0,11.0,0.9,0.16,370.0,11.0,0.0,0.23,440.0,0
2025-06-12,4,2,2,4302,27,6.68,2,0.2,6.32,4.68,24.0,28.0,111.0,5.0,1.0,0.15,28.0,8.21,0.16,310.0,23.0,5.21,0.14,330.0,22.0,3.63,0.16,280.0,18.0,3.33,0.16,270.0,18.0,1.66,0.15,340.0,2.0,0.0,0.13,300.0,0
2025-06-12,4,3,1,4357,57,6.74,3,0.21,7.4,5.89,51.0,25.0,129.0,8.0,3.0,0.17,36.0,9.44,0.15,300.0,20.0,6.0,0.19,360.0,20.0,5.0,0.18,380.0,26.0,4.61,0.16,280.0,17.0,3.52,0.18,350.0,10.0,2.0,0.14,330.0,0
2025-06-12,4,4,5,3406,58,6.81,4,0.18,5.49,3.01,14.0,17.0,103.0,1.0,0.0,0.18,17.0,5.88,0.15,310.0,18.0,4.44,0.16,370.0,14.0,2.14,0.16,340.0,22.0,2.27,0.2,430.0,19.0,2.1,0.18,390.0,13.0,0.76,0.2,480.0,0
2025-06-12,4,5,3,4948,31,6.7,5,0.11,5.33,3.48,22.0,24.0,132.0,3.0,0.0,0.17,24.0,7.5,0.15,330.0,17.0,1.76,0.15,310.0,24.0,5.41,0.17,300.0,20.0,3.0,0.2,360.0,24.0,1.25,0.17,330.0,23.0,1.3,0.18,390.0,0
2025-06-12,4,6,6,5339,53,6.7,6,0.07,3.56,1.57,3.0,11.0,89.0,0.0,0.0,0.18,0.0,0.0,0.0,0.0,0.0,0.0,0.0,0.0,0.0,0.0,0.0,0.0,17.0,2.35,0.16,260.0,29.0,2.06,0.19,350.0,43.0,0.93,0.17,320.0,0
2025-06-12,5,1,2,4268,55,6.79,1,0.13,3.48,1.29,3.0,9.0,93.0,0.0,0.0,0.16,10.0,4.0,0.15,230.0,17.0,2.35,0.15,280.0,21.0,1.42,0.15,270.0,15.0,0.66,0.17,370.0,17.0,0.0,0.17,370.0,13.0,0.0,0.21,450.0,0
2025-06-12,5,2,6,4191,5,6.78,2,0.18,5.84,4.22,24.0,28.0,123.0,2.0,1.0,0.18,24.0,9.16,0.17,350.0,25.0,4.4,0.17,340.0,19.0,4.21,0.17,290.0,21.0,2.85,0.19,400.0,15.0,2.0,0.22,400.0,19.0,1.05,0.2,430.0,0
2025-06-12,5,3,1,3933,43,6.67,3,0.17,4.97,3.01,10.0,25.0,116.0,0.0,0.0,0.17,19.0,5.78,0.18,340.0,44.0,2.5,0.18,380.0,37.0,2.7,0.16,380.0,15.0,2.0,0.17,370.0,1.0,0.0,0.19,500.0,0.0,0.0,0.0,0.0,0
2025-06-12,5,4,4,4643,21,6.7,4,0.12,6.59,5.12,34.0,29.0,123.0,5.0,1.0,0.15,25.0,8.8,0.12,200.0,18.0,8.33,0.15,260.0,18.0,4.44,0.16,280.0,24.0,3.33,0.14,250.0,22.0,3.18,0.17,330.0,16.0,1.87,0.18,460.0,0
2025-06-12,5,5,3,4052,34,6.7,5,0.2,6.82,5.55,29.0,26.0,99.0,6.0,2.0,0.18,20.0,8.0,0.18,350.0,18.0,7.22,0.17,360.0,15.0,6.66,0.18,330.0,17.0,4.7,0.18,390.0,14.0,2.85,0.17,370.0,15.0,2.66,0.2,440.0,0
2025-06-12,5,6,5,4421,47,6.76,6,0.21,3.76,1.36,4.0,5.0,66.0,0.0,0.0,0.18,10.0,5.0,0.17,260.0,10.0,1.0,0.15,270.0,12.0,1.66,0.14,340.0,10.0,1.0,0.18,390.0,12.0,0.0,0.2,470.0,12.0,0.0,0.23,530.0,0
2025-06-12,6,1,2,4515,51,6.85,1,0.06,5.66,3.85,22.0,25.0,122.0,1.0,0.0,0.17,21.0,9.52,0.15,270.0,23.0,4.78,0.17,360.0,20.0,4.5,0.16,280.0,20.0,2.5,0.16,410.0,21.0,0.95,0.2,410.0,17.0,0.0,0.21,550.0,0
2025-06-12,6,2,6,3471,23,6.84,2,0.09,4.46,1.95,8.0,8.0,82.0,0.0,0.0,0.17,9.0,4.44,0.18,300.0,17.0,2.35,0.16,370.0,17.0,0.58,0.16,370.0,15.0,2.0,0.18,360.0,14.0,2.14,0.15,340.0,10.0,1.0,0.2,360.0,0
2025-06-12,6,3,3,4241,18,6.8,3,0.08,5.69,4.13,15.0,35.0,121.0,1.0,0.0,0.16,20.0,9.0,0.15,290.0,23.0,4.78,0.18,430.0,21.0,4.76,0.15,300.0,22.0,1.81,0.15,350.0,17.0,2.35,0.16,370.0,18.0,1.66,0.19,460.0,0
2025-06-12,6,4,5,3874,8,6.73,4,0.13,6.36,4.45,26.0,35.0,137.0,4.0,1.0,0.15,27.0,7.77,0.12,270.0,24.0,5.41,0.15,320.0,22.0,5.0,0.18,350.0,24.0,2.91,0.15,310.0,21.0,2.38,0.17,400.0,19.0,2.1,0.14,330.0,0
2025-06-12,6,5,1,4750,65,6.82,5,0.06,4.18,2.16,11.0,15.0,120.0,0.0,0.0,0.17,16.0,5.62,0.18,310.0,21.0,1.9,0.17,370.0,19.0,3.15,0.17,310.0,24.0,0.83,0.17,360.0,21.0,1.42,0.17,350.0,18.0,1.11,0.16,380.0,0
2025-06-12,6,6,4,4173,6,6.83,6,0.09,4.72,2.57,11.0,16.0,105.0,1.0,0.0,0.2,19.0,5.26,0.19,350.0,18.0,3.33,0.21,430.0,17.0,1.76,0.19,390.0,16.0,1.87,0.2,440.0,23.0,1.73,0.2,440.0,12.0,0.83,0.19,510.0,0
2025-06-13,3,1,3,3539,9,6.77,1,0.18,3.99,1.8,4.0,14.0,100.0,0.0,0.0,0.17,16.0,2.5,0.17,330.0,22.0,2.27,0.14,330.0,20.0,3.0,0.15,320.0,22.0,1.36,0.17,340.0,17.0,0.0,0.23,440.0,3.0,0.0,0.18,300.0,0
2025-06-13,3,2,4,4173,6,6.8,3,0.22,4.72,2.57,11.0,16.0,105.0,1.0,0.0,0.2,19.0,5.26,0.19,350.0,18.0,3.33,0.21,430.0,17.0,1.76,0.19,390.0,16.0,1.87,0.2,440.0,23.0,1.73,0.2,440.0,12.0,0.83,0.19,510.0,0
2025-06-13,3,3,5,4233,35,6.74,4,0.22,5.82,4.38,28.0,36.0,146.0,3.0,0.0,0.17,28.0,9.28,0.15,250.0,21.0,5.23,0.15,250.0,25.0,5.2,0.17,260.0,31.0,2.9,0.16,290.0,24.0,2.08,0.2,360.0,17.0,0.0,0.21,450.0,0
2025-06-13,3,4,1,5339,53,6.69,5,0.12,3.56,1.57,3.0,11.0,89.0,0.0,0.0,0.18,0.0,0.0,0.0,0.0,0.0,0.0,0.0,0.0,0.0,0.0,0.0,0.0,17.0,2.35,0.16,260.0,29.0,2.06,0.19,350.0,43.0,0.93,0.17,320.0,0
2025-06-13,3,5,6,4268,55,6.78,6,0.18,3.48,1.29,3.0,9.0,93.0,0.0,0.0,0.16,10.0,4.0,0.15,230.0,17.0,2.35,0.15,280.0,21.0,1.42,0.15,270.0,15.0,0.66,0.17,370.0,17.0,0.0,0.17,370.0,13.0,0.0,0.21,450.0,0
2025-06-13,3,6,2,4324,45,6.78,2,0.19,6.92,4.92,37.0,29.0,134.0,7.0,1.0,0.14,30.0,9.66,0.13,190.0,25.0,5.2,0.12,290.0,28.0,3.92,0.15,320.0,22.0,3.63,0.15,310.0,22.0,1.81,0.17,300.0,7.0,1.42,0.11,360.0,0
2025-06-13,5,1,2,4515,51,6.75,1,0.15,5.66,3.85,22.0,25.0,122.0,1.0,0.0,0.17,21.0,9.52,0.15,270.0,23.0,4.78,0.17,360.0,20.0,4.5,0.16,280.0,20.0,2.5,0.16,410.0,21.0,0.95,0.2,410.0,17.0,0.0,0.21,550.0,0
2025-06-13,5,2,1,4948,31,6.72,2,0.14,5.33,3.48,22.0,24.0,132.0,3.0,0.0,0.17,24.0,7.5,0.15,330.0,17.0,1.76,0.15,310.0,24.0,5.41,0.17,300.0,20.0,3.0,0.2,360.0,24.0,1.25,0.17,330.0,23.0,1.3,0.18,390.0,0
2025-06-13,5,3,5,4302,27,6.76,3,0.16,6.32,4.68,24.0,28.0,111.0,5.0,1.0,0.15,28.0,8.21,0.16,310.0,23.0,5.21,0.14,330.0,22.0,3.63,0.16,280.0,18.0,3.33,0.16,270.0,18.0,1.66,0.15,340.0,2.0,0.0,0.13,300.0,0
2025-06-13,5,4,4,4750,65,6.75,4,0.29,4.18,2.16,11.0,15.0,120.0,0.0,0.0,0.17,16.0,5.62,0.18,310.0,21.0,1.9,0.17,370.0,19.0,3.15,0.17,310.0,24.0,0.83,0.17,360.0,21.0,1.42,0.17,350.0,18.0,1.11,0.16,380.0,0
2025-06-13,5,5,6,5337,33,6.76,5,0.28,3.16,1.42,6.0,5.0,77.0,1.0,0.0,0.17,0.0,0.0,0.0,0.0,0.0,0.0,0.0,0.0,0.0,0.0,0.0,0.0,19.0,1.57,0.17,380.0,25.0,2.0,0.16,300.0,33.0,0.9,0.17,360.0,0
2025-06-13,5,6,3,4643,21,6.68,6,0.17,6.59,5.12,34.0,29.0,123.0,5.0,1.0,0.15,25.0,8.8,0.12,200.0,18.0,8.33,0.15,260.0,18.0,4.44,0.16,280.0,24.0,3.33,0.14,250.0,22.0,3.18,0.17,330.0,16.0,1.87,0.18,460.0,0
2025-06-13,7,1,3,3872,16,6.84,1,0.16,5.59,3.3,18.0,16.0,103.0,2.0,0.0,0.21,22.0,5.9,0.2,400.0,18.0,3.33,0.21,480.0,19.0,3.15,0.2,370.0,17.0,2.35,0.2,450.0,11.0,2.72,0.28,510.0,16.0,1.25,0.2,500.0,0
2025-06-13,7,2,6,3458,20,6.81,2,0.15,4.75,2.15,7.0,7.0,65.0,2.0,0.0,0.17,8.0,6.25,0.2,340.0,11.0,0.9,0.17,340.0,11.0,4.54,0.12,220.0,13.0,1.53,0.17,230.0,11.0,0.9,0.16,370.0,11.0,0.0,0.23,440.0,0
2025-06-13,7,3,5,3653,19,6.77,3,0.19,4.52,2.58,8.0,23.0,120.0,0.0,0.0,0.19,19.0,6.31,0.17,340.0,19.0,3.15,0.2,390.0,24.0,2.5,0.17,350.0,20.0,1.0,0.18,420.0,21.0,2.38,0.19,370.0,17.0,0.0,0.22,420.0,0
2025-06-13,7,4,4,4016,10,6.85,4,0.09,5.19,3.39,15.0,20.0,103.0,0.0,0.0,0.15,17.0,5.88,0.13,260.0,16.0,4.37,0.17,310.0,20.0,4.5,0.12,240.0,19.0,3.15,0.15,280.0,13.0,1.53,0.17,270.0,17.0,0.58,0.18,380.0,0
2025-06-13,7,5,1,4191,5,6.83,5,0.11,5.84,4.22,24.0,28.0,123.0,2.0,1.0,0.18,24.0,9.16,0.17,350.0,25.0,4.4,0.17,340.0,19.0,4.21,0.17,290.0,21.0,2.85,0.19,400.0,15.0,2.0,0.22,400.0,19.0,1.05,0.2,430.0,0
2025-06-13,7,6,2,4335,52,6.83,6,0.11,6.63,4.21,33.0,21.0,128.0,4.0,1.0,0.13,30.0,8.0,0.12,220.0,22.0,3.63,0.13,240.0,20.0,3.5,0.13,200.0,18.0,5.0,0.13,270.0,19.0,1.05,0.13,240.0,19.0,2.1,0.12,210.0,0
2025-06-13,10,1,2,4492,11,6.74,1,0.17,5.34,3.44,15.0,15.0,87.0,0.0,0.0,0.16,19.0,8.42,0.14,270.0,12.0,5.0,0.19,430.0,14.0,2.14,0.17,340.0,15.0,2.66,0.14,270.0,12.0,0.83,0.17,280.0,15.0,0.0,0.18,400.0,0
2025-06-13,10,2,1,4351,37,6.8,2,0.09,6.68,4.81,29.0,22.0,106.0,3.0,0.0,0.15,25.0,8.4,0.13,240.0,15.0,5.33,0.16,300.0,14.0,2.14,0.17,340.0,18.0,5.0,0.12,210.0,21.0,3.81,0.15,310.0,13.0,1.53,0.16,280.0,0
2025-06-13,10,3,3,3874,8,6.82,3,0.15,6.36,4.45,26.0,35.0,137.0,4.0,1.0,0.15,27.0,7.77,0.12,270.0,24.0,5.41,0.15,320.0,22.0,5.0,0.18,350.0,24.0,2.91,0.15,310.0,21.0,2.38,0.17,400.0,19.0,2.1,0.14,330.0,0
2025-06-13,10,4,4,4052,34,6.75,4,0.16,6.82,5.55,29.0,26.0,99.0,6.0,2.0,0.18,20.0,8.0,0.18,350.0,18.0,7.22,0.17,360.0,15.0,6.66,0.18,330.0,17.0,4.7,0.18,390.0,14.0,2.85,0.17,370.0,15.0,2.66,0.2,440.0,0
2025-06-13,10,5,5,4173,6,6.75,5,0.24,4.72,2.57,11.0,16.0,105.0,1.0,0.0,0.2,19.0,5.26,0.19,350.0,18.0,3.33,0.21,430.0,17.0,1.76,0.19,390.0,16.0,1.87,0.2,440.0,23.0,1.73,0.2,440.0,12.0,0.83,0.19,510.0,0
2025-06-13,10,6,6,4515,51,6.95,6,0.24,5.66,3.85,22.0,25.0,122.0,1.0,0.0,0.17,21.0,9.52,0.15,270.0,23.0,4.78,0.17,360.0,20.0,4.5,0.16,280.0,20.0,2.5,0.16,410.0,21.0,0.95,0.2,410.0,17.0,0.0,0.21,550.0,0
2025-06-14,1,1,2,3478,59,6.77,1,0.16,4.85,2.27,12.0,11.0,101.0,0.0,0.0,0.17,14.0,5.71,0.13,310.0,20.0,1.5,0.15,350.0,21.0,2.85,0.18,350.0,16.0,1.87,0.19,380.0,19.0,1.05,0.18,370.0,11.0,0.9,0.22,430.0,0
2025-06-14,1,2,4,5011,48,6.74,2,0.21,2.9,0.62,1.0,2.0,48.0,0.0,0.0,0.2,5.0,2.0,0.16,360.0,10.0,1.0,0.22,400.0,8.0,1.25,0.19,330.0,9.0,0.0,0.2,380.0,7.0,0.0,0.19,370.0,8.0,0.0,0.23,440.0,0
2025-06-14,1,3,5,4016,10,6.81,3,0.21,5.19,3.39,15.0,20.0,103.0,0.0,0.0,0.15,17.0,5.88,0.13,260.0,16.0,4.37,0.17,310.0,20.0,4.5,0.12,240.0,19.0,3.15,0.15,280.0,13.0,1.53,0.17,270.0,17.0,0.58,0.18,380.0,0
2025-06-14,1,4,1,4268,55,6.79,4,0.11,3.48,1.29,3.0,9.0,93.0,0.0,0.0,0.16,10.0,4.0,0.15,230.0,17.0,2.35,0.15,280.0,21.0,1.42,0.15,270.0,15.0,0.66,0.17,370.0,17.0,0.0,0.17,370.0,13.0,0.0,0.21,450.0,0
2025-06-14,1,5,3,3458,20,6.75,5,0.12,4.75,2.15,7.0,7.0,65.0,2.0,0.0,0.17,8.0,6.25,0.2,340.0,11.0,0.9,0.17,340.0,11.0,4.54,0.12,220.0,13.0,1.53,0.17,230.0,11.0,0.9,0.16,370.0,11.0,0.0,0.23,440.0,0
2025-06-14,1,6,6,5409,41,6.78,6,0.09,0.0,0.0,0.0,0.0,0.0,0.0,0.0,0.0,0.0,0.0,0.0,0.0,0.0,0.0,0.0,0.0,0.0,0.0,0.0,0.0,0.0,0.0,0.0,0.0,0.0,0.0,0.0,0.0,0.0,0.0,0.0,0.0,0
2025-06-14,2,1,2,3859,13,6.78,1,0.19,3.9,2.04,4.0,6.0,49.0,0.0,0.0,0.15,9.0,5.55,0.13,320.0,8.0,0.0,0.17,280.0,10.0,2.0,0.15,290.0,7.0,1.42,0.16,370.0,8.0,1.25,0.16,200.0,7.0,1.42,0.12,260.0,0
2025-06-14,2,2,3,4173,6,6.76,2,0.24,4.72,2.57,11.0,16.0,105.0,1.0,0.0,0.2,19.0,5.26,0.19,350.0,18.0,3.33,0.21,430.0,17.0,1.76,0.19,390.0,16.0,1.87,0.2,440.0,23.0,1.73,0.2,440.0,12.0,0.83,0.19,510.0,0
2025-06-14,2,3,5,3477,54,6.79,4,0.23,4.31,1.73,5.0,13.0,104.0,0.0,0.0,0.19,16.0,2.5,0.2,420.0,18.0,3.33,0.18,320.0,21.0,0.47,0.18,440.0,15.0,2.0,0.19,430.0,18.0,1.66,0.2,370.0,16.0,0.62,0.18,450.0,0
2025-06-14,2,4,4,4421,47,6.78,5,0.22,3.76,1.36,4.0,5.0,66.0,0.0,0.0,0.18,10.0,5.0,0.17,260.0,10.0,1.0,0.15,270.0,12.0,1.66,0.14,340.0,10.0,1.0,0.18,390.0,12.0,0.0,0.2,470.0,12.0,0.0,0.23,530.0,0
2025-06-14,2,5,6,5395,14,6.79,6,0.28,0.0,0.0,0.0,0.0,0.0,0.0,0.0,0.0,0.0,0.0,0.0,0.0,0.0,0.0,0.0,0.0,0.0,0.0,0.0,0.0,0.0,0.0,0.0,0.0,0.0,0.0,0.0,0.0,0.0,0.0,0.0,0.0,0
2025-06-14,2,6,1,4357,57,6.71,3,0.2,7.4,5.89,51.0,25.0,129.0,8.0,3.0,0.17,36.0,9.44,0.15,300.0,20.0,6.0,0.19,360.0,20.0,5.0,0.18,380.0,26.0,4.61,0.16,280.0,17.0,3.52,0.18,350.0,10.0,2.0,0.14,330.0,0
2025-06-14,3,1,2,3538,15,6.81,1,0.18,5.16,3.06,22.0,16.0,124.0,1.0,0.0,0.18,23.0,8.69,0.17,310.0,19.0,3.68,0.18,360.0,24.0,2.5,0.15,320.0,19.0,2.1,0.17,340.0,21.0,0.0,0.19,390.0,18.0,0.55,0.21,440.0,0
2025-06-14,3,2,6,4053,62,6.75,2,0.21,5.75,3.86,19.0,20.0,101.0,2.0,1.0,0.18,20.0,7.5,0.16,360.0,15.0,4.0,0.17,350.0,15.0,5.33,0.17,270.0,18.0,2.22,0.19,390.0,17.0,1.76,0.13,290.0,16.0,1.87,0.23,460.0,0
2025-06-14,3,3,3,3539,9,6.78,3,0.23,3.99,1.8,4.0,14.0,100.0,0.0,0.0,0.17,16.0,2.5,0.17,330.0,22.0,2.27,0.14,330.0,20.0,3.0,0.15,320.0,22.0,1.36,0.17,340.0,17.0,0.0,0.23,440.0,3.0,0.0,0.18,300.0,0
2025-06-14,3,4,4,5339,53,6.73,4,0.28,3.56,1.57,3.0,11.0,89.0,0.0,0.0,0.18,0.0,0.0,0.0,0.0,0.0,0.0,0.0,0.0,0.0,0.0,0.0,0.0,17.0,2.35,0.16,260.0,29.0,2.06,0.19,350.0,43.0,0.93,0.17,320.0,0
2025-06-14,3,5,1,4492,11,6.83,5,0.26,5.34,3.44,15.0,15.0,87.0,0.0,0.0,0.16,19.0,8.42,0.14,270.0,12.0,5.0,0.19,430.0,14.0,2.14,0.17,340.0,15.0,2.66,0.14,270.0,12.0,0.83,0.17,280.0,15.0,0.0,0.18,400.0,0
2025-06-14,3,6,5,4948,31,6.83,6,0.19,5.33,3.48,22.0,24.0,132.0,3.0,0.0,0.17,24.0,7.5,0.15,330.0,17.0,1.76,0.15,310.0,24.0,5.41,0.17,300.0,20.0,3.0,0.2,360.0,24.0,1.25,0.17,330.0,23.0,1.3,0.18,390.0,0
2025-06-14,9,1,3,4357,57,6.74,1,0.14,7.4,5.89,51.0,25.0,129.0,8.0,3.0,0.17,36.0,9.44,0.15,300.0,20.0,6.0,0.19,360.0,20.0,5.0,0.18,380.0,26.0,4.61,0.16,280.0,17.0,3.52,0.18,350.0,10.0,2.0,0.14,330.0,0
2025-06-14,9,2,6,4351,37,6.78,2,0.18,6.68,4.81,29.0,22.0,106.0,3.0,0.0,0.15,25.0,8.4,0.13,240.0,15.0,5.33,0.16,300.0,14.0,2.14,0.17,340.0,18.0,5.0,0.12,210.0,21.0,3.81,0.15,310.0,13.0,1.53,0.16,280.0,0
2025-06-14,9,3,5,4750,65,6.79,3,0.25,4.18,2.16,11.0,15.0,120.0,0.0,0.0,0.17,16.0,5.62,0.18,310.0,21.0,1.9,0.17,370.0,19.0,3.15,0.17,310.0,24.0,0.83,0.17,360.0,21.0,1.42,0.17,350.0,18.0,1.11,0.16,380.0,0
2025-06-14,9,4,4,3874,8,6.8,4,0.05,6.36,4.45,26.0,35.0,137.0,4.0,1.0,0.15,27.0,7.77,0.12,270.0,24.0,5.41,0.15,320.0,22.0,5.0,0.18,350.0,24.0,2.91,0.15,310.0,21.0,2.38,0.17,400.0,19.0,2.1,0.14,330.0,0
2025-06-14,9,5,1,5339,53,6.74,5,0.06,3.56,1.57,3.0,11.0,89.0,0.0,0.0,0.18,0.0,0.0,0.0,0.0,0.0,0.0,0.0,0.0,0.0,0.0,0.0,0.0,17.0,2.35,0.16,260.0,29.0,2.06,0.19,350.0,43.0,0.93,0.17,320.0,0
2025-06-14,9,6,2,3538,15,6.85,6,0.13,5.16,3.06,22.0,16.0,124.0,1.0,0.0,0.18,23.0,8.69,0.17,310.0,19.0,3.68,0.18,360.0,24.0,2.5,0.15,320.0,19.0,2.1,0.17,340.0,21.0,0.0,0.19,390.0,18.0,0.55,0.21,440.0,0
2025-06-14,12,1,2,4233,35,6.79,1,0.25,5.82,4.38,28.0,36.0,146.0,3.0,0.0,0.17,28.0,9.28,0.15,250.0,21.0,5.23,0.15,250.0,25.0,5.2,0.17,260.0,31.0,2.9,0.16,290.0,24.0,2.08,0.2,360.0,17.0,0.0,0.21,450.0,0
2025-06-14,12,2,3,4515,51,6.87,2,0.28,5.66,3.85,22.0,25.0,122.0,1.0,0.0,0.17,21.0,9.52,0.15,270.0,23.0,4.78,0.17,360.0,20.0,4.5,0.16,280.0,20.0,2.5,0.16,410.0,21.0,0.95,0.2,410.0,17.0,0.0,0.21,550.0,0
2025-06-14,12,3,5,4421,47,6.84,3,0.23,3.76,1.36,4.0,5.0,66.0,0.0,0.0,0.18,10.0,5.0,0.17,260.0,10.0,1.0,0.15,270.0,12.0,1.66,0.14,340.0,10.0,1.0,0.18,390.0,12.0,0.0,0.2,470.0,12.0,0.0,0.23,530.0,0
2025-06-14,12,4,6,5337,33,6.84,4,0.29,3.16,1.42,6.0,5.0,77.0,1.0,0.0,0.17,0.0,0.0,0.0,0.0,0.0,0.0,0.0,0.0,0.0,0.0,0.0,0.0,19.0,1.57,0.17,380.0,25.0,2.0,0.16,300.0,33.0,0.9,0.17,360.0,0
2025-06-14,12,5,4,4215,25,6.87,6,0.29,5.79,3.89,30.0,21.0,131.0,3.0,0.0,0.15,22.0,6.81,0.12,220.0,23.0,4.34,0.16,260.0,24.0,3.75,0.16,280.0,21.0,4.76,0.15,270.0,23.0,2.17,0.17,350.0,18.0,1.11,0.17,410.0,0
2025-06-14,12,6,1,3872,16,6.88,5,0.21,5.59,3.3,18.0,16.0,103.0,2.0,0.0,0.21,22.0,5.9,0.2,400.0,18.0,3.33,0.21,480.0,19.0,3.15,0.2,370.0,17.0,2.35,0.2,450.0,11.0,2.72,0.28,510.0,16.0,1.25,0.2,500.0,0
2025-06-15,2,1,3,4750,65,6.8,1,0.26,4.18,2.16,11.0,15.0,120.0,0.0,0.0,0.17,16.0,5.62,0.18,310.0,21.0,1.9,0.17,370.0,19.0,3.15,0.17,310.0,24.0,0.83,0.17,360.0,21.0,1.42,0.17,350.0,18.0,1.11,0.16,380.0,0
2025-06-15,2,2,5,3859,13,6.85,2,0.18,3.9,2.04,4.0,6.0,49.0,0.0,0.0,0.15,9.0,5.55,0.13,320.0,8.0,0.0,0.17,280.0,10.0,2.0,0.15,290.0,7.0,1.42,0.16,370.0,8.0,1.25,0.16,200.0,7.0,1.42,0.12,260.0,0
2025-06-15,2,3,2,4458,17,6.79,3,0.13,5.09,3.26,25.0,20.0,138.0,0.0,0.0,0.15,23.0,7.82,0.17,240.0,21.0,4.28,0.12,200.0,28.0,2.85,0.16,290.0,24.0,2.5,0.15,300.0,25.0,0.8,0.15,300.0,17.0,1.17,0.14,310.0,0
2025-06-15,2,4,1,3458,20,6.81,4,0.17,4.75,2.15,7.0,7.0,65.0,2.0,0.0,0.17,8.0,6.25,0.2,340.0,11.0,0.9,0.17,340.0,11.0,4.54,0.12,220.0,13.0,1.53,0.17,230.0,11.0,0.9,0.16,370.0,11.0,0.0,0.23,440.0,0
2025-06-15,2,5,4,4515,51,6.85,5,0.23,5.66,3.85,22.0,25.0,122.0,1.0,0.0,0.17,21.0,9.52,0.15,270.0,23.0,4.78,0.17,360.0,20.0,4.5,0.16,280.0,20.0,2.5,0.16,410.0,21.0,0.95,0.2,410.0,17.0,0.0,0.21,550.0,0
2025-06-15,2,6,6,5395,14,6.85,6,0.26,0.0,0.0,0.0,0.0,0.0,0.0,0.0,0.0,0.0,0.0,0.0,0.0,0.0,0.0,0.0,0.0,0.0,0.0,0.0,0.0,0.0,0.0,0.0,0.0,0.0,0.0,0.0,0.0,0.0,0.0,0.0,0.0,0
2025-06-15,3,1,5,3933,43,6.75,1,0.19,4.97,3.01,10.0,25.0,116.0,0.0,0.0,0.17,19.0,5.78,0.18,340.0,44.0,2.5,0.18,380.0,37.0,2.7,0.16,380.0,15.0,2.0,0.17,370.0,1.0,0.0,0.19,500.0,0.0,0.0,0.0,0.0,0
2025-06-15,3,2,4,5011,48,6.78,2,0.21,2.9,0.62,1.0,2.0,48.0,0.0,0.0,0.2,5.0,2.0,0.16,360.0,10.0,1.0,0.22,400.0,8.0,1.25,0.19,330.0,9.0,0.0,0.2,380.0,7.0,0.0,0.19,370.0,8.0,0.0,0.23,440.0,0
2025-06-15,3,3,6,4220,66,6.79,3,0.22,5.61,3.85,18.0,24.0,109.0,1.0,0.0,0.16,19.0,6.84,0.16,280.0,16.0,5.0,0.15,280.0,17.0,4.11,0.19,340.0,24.0,2.91,0.16,310.0,21.0,3.33,0.16,280.0,12.0,0.0,0.18,440.0,0
2025-06-15,3,4,1,4302,27,6.76,4,0.08,6.32,4.68,24.0,28.0,111.0,5.0,1.0,0.15,28.0,8.21,0.16,310.0,23.0,5.21,0.14,330.0,22.0,3.63,0.16,280.0,18.0,3.33,0.16,270.0,18.0,1.66,0.15,340.0,2.0,0.0,0.13,300.0,0
2025-06-15,3,5,3,4016,10,6.82,5,0.16,5.19,3.39,15.0,20.0,103.0,0.0,0.0,0.15,17.0,5.88,0.13,260.0,16.0,4.37,0.17,310.0,20.0,4.5,0.12,240.0,19.0,3.15,0.15,280.0,13.0,1.53,0.17,270.0,17.0,0.58,0.18,380.0,0
2025-06-15,3,6,2,3539,9,6.9,6,0.14,3.99,1.8,4.0,14.0,100.0,0.0,0.0,0.17,16.0,2.5,0.17,330.0,22.0,2.27,0.14,330.0,20.0,3.0,0.15,320.0,22.0,1.36,0.17,340.0,17.0,0.0,0.23,440.0,3.0,0.0,0.18,300.0,0
2025-06-15,9,1,2,4458,17,6.8,1,0.17,5.09,3.26,25.0,20.0,138.0,0.0,0.0,0.15,23.0,7.82,0.17,240.0,21.0,4.28,0.12,200.0,28.0,2.85,0.16,290.0,24.0,2.5,0.15,300.0,25.0,0.8,0.15,300.0,17.0,1.17,0.14,310.0,0
2025-06-15,9,2,5,4233,35,6.76,2,0.16,5.82,4.38,28.0,36.0,146.0,3.0,0.0,0.17,28.0,9.28,0.15,250.0,21.0,5.23,0.15,250.0,25.0,5.2,0.17,260.0,31.0,2.9,0.16,290.0,24.0,2.08,0.2,360.0,17.0,0.0,0.21,450.0,0
2025-06-15,9,3,1,3081,50,6.83,3,0.14,5.63,3.72,14.0,18.0,86.0,0.0,0.0,0.17,13.0,6.15,0.15,290.0,16.0,5.0,0.17,380.0,15.0,4.66,0.16,350.0,15.0,3.33,0.18,350.0,12.0,2.5,0.18,320.0,15.0,0.66,0.19,450.0,0
2025-06-15,9,4,3,4421,47,6.9,4,0.19,3.76,1.36,4.0,5.0,66.0,0.0,0.0,0.18,10.0,5.0,0.17,260.0,10.0,1.0,0.15,270.0,12.0,1.66,0.14,340.0,10.0,1.0,0.18,390.0,12.0,0.0,0.2,470.0,12.0,0.0,0.23,530.0,0
2025-06-15,9,5,4,4948,31,6.82,5,0.25,5.33,3.48,22.0,24.0,132.0,3.0,0.0,0.17,24.0,7.5,0.15,330.0,17.0,1.76,0.15,310.0,24.0,5.41,0.17,300.0,20.0,3.0,0.2,360.0,24.0,1.25,0.17,330.0,23.0,1.3,0.18,390.0,0
2025-06-15,9,6,6,3478,59,6.9,6,0.31,4.85,2.27,12.0,11.0,101.0,0.0,0.0,0.17,14.0,5.71,0.13,310.0,20.0,1.5,0.15,350.0,21.0,2.85,0.18,350.0,16.0,1.87,0.19,380.0,19.0,1.05,0.18,370.0,11.0,0.9,0.22,430.0,0
2025-06-15,11,1,5,4357,57,6.74,1,0.18,7.4,5.89,51.0,25.0,129.0,8.0,3.0,0.17,36.0,9.44,0.15,300.0,20.0,6.0,0.19,360.0,20.0,5.0,0.18,380.0,26.0,4.61,0.16,280.0,17.0,3.52,0.18,350.0,10.0,2.0,0.14,330.0,0
2025-06-15,11,2,4,3679,36,6.85,2,0.19,6.56,5.03,35.0,30.0,129.0,3.0,1.0,0.16,29.0,9.65,0.15,290.0,24.0,5.83,0.15,330.0,18.0,6.11,0.13,260.0,18.0,1.66,0.18,340.0,18.0,3.88,0.15,340.0,22.0,0.9,0.19,470.0,0
2025-06-15,11,3,6,3933,43,6.78,3,0.17,4.97,3.01,10.0,25.0,116.0,0.0,0.0,0.17,19.0,5.78,0.18,340.0,44.0,2.5,0.18,380.0,37.0,2.7,0.16,380.0,15.0,2.0,0.17,370.0,1.0,0.0,0.19,500.0,0.0,0.0,0.0,0.0,0
2025-06-15,11,4,1,4769,40,6.89,4,0.09,5.49,3.21,14.0,14.0,87.0,4.0,0.0,0.12,17.0,7.05,0.1,190.0,9.0,7.77,0.12,190.0,15.0,1.33,0.12,200.0,15.0,2.66,0.15,250.0,14.0,1.42,0.12,210.0,17.0,0.58,0.12,280.0,0
2025-06-15,11,5,3,4351,37,6.86,5,0.13,6.68,4.81,29.0,22.0,106.0,3.0,0.0,0.15,25.0,8.4,0.13,240.0,15.0,5.33,0.16,300.0,14.0,2.14,0.17,340.0,18.0,5.0,0.12,210.0,21.0,3.81,0.15,310.0,13.0,1.53,0.16,280.0,0
2025-06-15,11,6,2,4053,62,6.76,6,0.16,5.75,3.86,19.0,20.0,101.0,2.0,1.0,0.18,20.0,7.5,0.16,360.0,15.0,4.0,0.17,350.0,15.0,5.33,0.17,270.0,18.0,2.22,0.19,390.0,17.0,1.76,0.13,290.0,16.0,1.87,0.23,460.0,0
2025-06-15,12,1,2,4335,52,6.81,1,0.08,6.63,4.21,33.0,21.0,128.0,4.0,1.0,0.13,30.0,8.0,0.12,220.0,22.0,3.63,0.13,240.0,20.0,3.5,0.13,200.0,18.0,5.0,0.13,270.0,19.0,1.05,0.13,240.0,19.0,2.1,0.12,210.0,0
2025-06-15,12,2,1,4324,45,6.77,2,0.08,6.92,4.92,37.0,29.0,134.0,7.0,1.0,0.14,30.0,9.66,0.13,190.0,25.0,5.2,0.12,290.0,28.0,3.92,0.15,320.0,22.0,3.63,0.15,310.0,22.0,1.81,0.17,300.0,7.0,1.42,0.11,360.0,0
2025-06-15,12,3,4,5339,53,6.75,3,0.08,3.56,1.57,3.0,11.0,89.0,0.0,0.0,0.18,0.0,0.0,0.0,0.0,0.0,0.0,0.0,0.0,0.0,0.0,0.0,0.0,17.0,2.35,0.16,260.0,29.0,2.06,0.19,350.0,43.0,0.93,0.17,320.0,0
2025-06-15,12,4,3,4643,21,6.76,4,0.07,6.59,5.12,34.0,29.0,123.0,5.0,1.0,0.15,25.0,8.8,0.12,200.0,18.0,8.33,0.15,260.0,18.0,4.44,0.16,280.0,24.0,3.33,0.14,250.0,22.0,3.18,0.17,330.0,16.0,1.87,0.18,460.0,0
2025-06-15,12,5,5,3406,58,6.84,5,0.13,5.49,3.01,14.0,17.0,103.0,1.0,0.0,0.18,17.0,5.88,0.15,310.0,18.0,4.44,0.16,370.0,14.0,2.14,0.16,340.0,22.0,2.27,0.2,430.0,19.0,2.1,0.18,390.0,13.0,0.76,0.2,480.0,0
2025-06-15,12,6,6,3538,15,6.74,6,0.23,5.16,3.06,22.0,16.0,124.0,1.0,0.0,0.18,23.0,8.69,0.17,310.0,19.0,3.68,0.18,360.0,24.0,2.5,0.15,320.0,19.0,2.1,0.17,340.0,21.0,0.0,0.19,390.0,18.0,0.55,0.21,440.0,0
2025-06-18,2,1,3,3587,58,6.98,1,0.19,4.31,2.4,7.0,11.0,75.0,1.0,0.0,0.17,12.0,5.83,0.17,310.0,14.0,2.85,0.18,340.0,12.0,2.5,0.14,340.0,14.0,2.14,0.14,310.0,10.0,1.0,0.16,320.0,13.0,0.0,0.19,410.0,0
2025-06-18,2,2,6,4552,66,6.86,2,0.16,5.81,4.25,27.0,24.0,120.0,1.0,0.0,0.15,15.0,7.33,0.15,330.0,19.0,3.68,0.17,340.0,23.0,4.34,0.14,270.0,23.0,4.34,0.14,280.0,22.0,4.54,0.16,300.0,18.0,1.66,0.15,320.0,0
2025-06-18,2,3,1,4034,35,6.96,3,0.18,4.88,2.52,10.0,17.0,107.0,1.0,0.0,0.19,15.0,5.33,0.16,360.0,17.0,1.76,0.2,420.0,19.0,3.68,0.19,310.0,22.0,1.81,0.19,400.0,19.0,1.57,0.19,370.0,15.0,1.33,0.23,510.0,0
2025-06-18,2,4,5,4837,61,6.94,4,0.19,4.09,2.42,3.0,14.0,70.0,0.0,0.0,0.19,7.0,4.28,0.18,270.0,15.0,2.66,0.22,450.0,14.0,3.57,0.18,380.0,13.0,1.53,0.19,400.0,11.0,2.72,0.19,380.0,10.0,0.0,0.18,500.0,0
2025-06-18,2,5,4,4336,13,7.03,5,0.18,5.53,3.67,24.0,15.0,106.0,0.0,0.0,0.15,18.0,9.44,0.17,230.0,22.0,4.09,0.15,300.0,17.0,4.11,0.13,250.0,17.0,2.35,0.14,290.0,18.0,1.11,0.18,310.0,14.0,0.0,0.17,380.0,0
2025-06-18,2,6,2,4096,60,6.91,6,0.22,6.76,4.82,35.0,21.0,116.0,6.0,2.0,0.15,30.0,8.66,0.14,310.0,16.0,6.25,0.17,340.0,20.0,3.0,0.15,310.0,20.0,2.5,0.16,330.0,15.0,2.66,0.14,260.0,15.0,3.33,0.17,350.0,0
2025-06-18,4,1,4,3377,33,6.93,1,0.23,4.05,1.46,2.0,4.0,41.0,0.0,0.0,0.2,6.0,3.33,0.14,420.0,7.0,2.85,0.2,440.0,8.0,0.0,0.19,460.0,8.0,1.25,0.23,460.0,8.0,1.25,0.19,390.0,4.0,0.0,0.23,460.0,0
2025-06-18,4,2,3,5212,56,6.95,2,0.23,4.19,2.18,11.0,13.0,110.0,0.0,0.0,0.16,12.0,5.83,0.15,230.0,20.0,3.0,0.16,370.0,25.0,1.6,0.15,320.0,16.0,3.12,0.17,280.0,20.0,1.0,0.17,350.0,17.0,0.0,0.16,350.0,0
2025-06-18,4,3,5,3414,8,7.03,3,0.21,4.45,2.36,9.0,13.0,93.0,0.0,0.0,0.15,15.0,6.66,0.13,210.0,12.0,3.33,0.16,250.0,21.0,1.9,0.15,270.0,17.0,1.17,0.12,320.0,14.0,0.71,0.16,310.0,14.0,0.71,0.16,390.0,0
2025-06-18,4,4,6,5309,47,6.88,4,0.18,1.37,0.0,0.0,0.0,79.0,0.0,0.0,0.18,0.0,0.0,0.0,0.0,0.0,0.0,0.0,0.0,0.0,0.0,0.0,0.0,10.0,0.0,0.19,460.0,17.0,0.0,0.17,330.0,52.0,0.0,0.18,390.0,0
2025-06-18,4,5,2,4025,34,6.85,5,0.16,6.39,4.49,37.0,25.0,138.0,2.0,1.0,0.18,28.0,8.92,0.16,300.0,28.0,3.92,0.17,370.0,22.0,5.0,0.19,350.0,25.0,2.4,0.18,420.0,23.0,3.47,0.2,380.0,12.0,0.83,0.18,370.0,0
2025-06-18,4,6,1,4256,50,6.94,6,0.12,6.84,5.0,45.0,27.0,144.0,5.0,1.0,0.13,36.0,8.88,0.12,210.0,20.0,5.5,0.13,260.0,24.0,4.58,0.12,260.0,23.0,4.34,0.13,250.0,22.0,2.72,0.15,330.0,19.0,1.05,0.14,260.0,0
2025-06-18,5,1,3,4821,15,6.9,1,0.16,5.06,3.14,12.0,22.0,108.0,1.0,0.0,0.19,11.0,3.63,0.21,490.0,21.0,4.76,0.22,500.0,18.0,2.22,0.2,470.0,22.0,2.72,0.2,410.0,22.0,3.18,0.17,350.0,14.0,2.14,0.16,360.0,0
2025-06-18,5,2,5,4895,41,6.95,2,0.29,5.14,2.23,10.0,9.0,85.0,1.0,0.0,0.16,13.0,6.15,0.12,200.0,12.0,0.83,0.19,420.0,18.0,1.66,0.17,310.0,13.0,1.53,0.14,290.0,19.0,1.57,0.18,370.0,10.0,2.0,0.16,330.0,0
2025-06-18,5,3,4,3448,27,6.89,3,0.28,4.64,2.0,5.0,12.0,85.0,0.0,0.0,0.2,15.0,4.66,0.16,320.0,16.0,1.25,0.18,370.0,13.0,2.3,0.22,410.0,15.0,2.0,0.22,450.0,17.0,1.17,0.18,430.0,9.0,0.0,0.22,530.0,0
2025-06-18,5,4,1,4294,62,6.93,4,0.19,5.58,3.68,19.0,16.0,95.0,2.0,0.0,0.17,21.0,7.61,0.15,270.0,14.0,5.71,0.18,350.0,14.0,1.42,0.17,330.0,16.0,2.5,0.17,400.0,16.0,1.25,0.16,370.0,14.0,2.14,0.18,390.0,0
2025-06-18,5,5,6,5338,64,6.9,6,0.13,2.63,0.56,0.0,5.0,88.0,0.0,0.0,0.16,0.0,0.0,0.0,0.0,0.0,0.0,0.0,0.0,0.0,0.0,0.0,0.0,4.0,0.0,0.18,330.0,27.0,0.74,0.16,310.0,57.0,0.52,0.16,310.0,0
2025-06-18,5,6,2,4230,48,6.92,5,0.15,7.21,5.69,69.0,25.0,165.0,10.0,3.0,0.14,42.0,9.28,0.13,240.0,25.0,7.2,0.14,260.0,23.0,5.21,0.11,200.0,29.0,3.79,0.14,250.0,19.0,5.26,0.16,260.0,27.0,1.48,0.14,250.0,0
2025-06-18,7,1,2,3838,5,6.99,1,0.02,6.03,3.88,33.0,26.0,152.0,2.0,0.0,0.13,29.0,8.62,0.12,250.0,25.0,4.8,0.15,260.0,24.0,2.08,0.13,250.0,28.0,2.85,0.13,240.0,24.0,2.5,0.11,200.0,22.0,1.36,0.16,290.0,0
2025-06-18,7,2,1,5253,4,6.98,2,0.05,3.93,1.72,7.0,12.0,110.0,0.0,0.0,0.16,15.0,4.0,0.16,310.0,18.0,1.66,0.18,350.0,19.0,3.15,0.17,310.0,16.0,0.62,0.14,300.0,20.0,1.0,0.16,360.0,22.0,0.45,0.15,350.0,0
2025-06-18,7,3,4,4772,17,6.91,3,0.07,6.66,5.15,32.0,18.0,97.0,5.0,1.0,0.11,22.0,9.09,0.1,150.0,17.0,5.29,0.14,290.0,10.0,3.0,0.1,190.0,17.0,5.29,0.08,190.0,12.0,4.16,0.12,230.0,19.0,2.1,0.14,290.0,0
2025-06-18,7,4,3,3587,58,7.02,4,0.09,4.31,2.4,7.0,11.0,75.0,1.0,0.0,0.17,12.0,5.83,0.17,310.0,14.0,2.85,0.18,340.0,12.0,2.5,0.14,340.0,14.0,2.14,0.14,310.0,10.0,1.0,0.16,320.0,13.0,0.0,0.19,410.0,0
2025-06-18,7,5,6,3989,39,7.0,5,0.19,3.99,2.3,9.0,12.0,91.0,2.0,0.0,0.21,13.0,4.61,0.2,420.0,15.0,3.33,0.18,470.0,16.0,3.12,0.2,410.0,12.0,1.66,0.18,430.0,15.0,2.0,0.24,470.0,20.0,0.0,0.24,550.0,0
2025-06-18,7,6,5,4553,14,6.98,6,0.21,6.16,4.23,23.0,21.0,104.0,4.0,0.0,0.15,23.0,7.82,0.14,230.0,19.0,4.21,0.14,290.0,12.0,6.66,0.17,320.0,16.0,3.12,0.16,350.0,21.0,1.42,0.16,350.0,13.0,1.53,0.16,420.0,0
2025-06-18,9,1,2,4122,57,6.92,1,0.05,5.65,3.4,21.0,24.0,132.0,0.0,0.0,0.18,26.0,6.53,0.16,320.0,20.0,3.5,0.19,340.0,22.0,3.18,0.19,370.0,18.0,4.44,0.16,320.0,25.0,2.0,0.17,380.0,21.0,0.47,0.19,430.0,0
2025-06-18,9,2,1,4839,51,7.01,2,0.02,6.4,4.85,40.0,26.0,136.0,3.0,0.0,0.13,28.0,8.21,0.12,210.0,22.0,7.72,0.13,220.0,22.0,3.18,0.15,250.0,18.0,3.88,0.14,190.0,21.0,4.28,0.13,240.0,25.0,1.2,0.15,340.0,0
2025-06-18,9,3,3,4895,41,7.11,3,0.04,5.14,2.23,10.0,9.0,85.0,1.0,0.0,0.16,13.0,6.15,0.12,200.0,12.0,0.83,0.19,420.0,18.0,1.66,0.17,310.0,13.0,1.53,0.14,290.0,19.0,1.57,0.18,370.0,10.0,2.0,0.16,330.0,0
2025-06-18,9,4,5,4708,20,7.03,4,0.01,4.63,2.0,6.0,16.0,110.0,0.0,0.0,0.19,18.0,5.0,0.18,380.0,19.0,1.05,0.21,390.0,16.0,3.12,0.23,390.0,18.0,2.22,0.18,420.0,23.0,0.87,0.17,320.0,16.0,0.0,0.21,440.0,0
2025-06-18,9,5,6,4552,66,6.9,5,0.01,5.81,4.25,27.0,24.0,120.0,1.0,0.0,0.15,15.0,7.33,0.15,330.0,19.0,3.68,0.17,340.0,23.0,4.34,0.14,270.0,23.0,4.34,0.14,280.0,22.0,4.54,0.16,300.0,18.0,1.66,0.15,320.0,0
2025-06-18,9,6,4,3414,8,7.06,6,0.17,4.45,2.36,9.0,13.0,93.0,0.0,0.0,0.15,15.0,6.66,0.13,210.0,12.0,3.33,0.16,250.0,21.0,1.9,0.15,270.0,17.0,1.17,0.12,320.0,14.0,0.71,0.16,310.0,14.0,0.71,0.16,390.0,0
2025-06-18,12,1,3,4772,17,6.9,1,0.15,6.66,5.15,32.0,18.0,97.0,5.0,1.0,0.11,22.0,9.09,0.1,150.0,17.0,5.29,0.14,290.0,10.0,3.0,0.1,190.0,17.0,5.29,0.08,190.0,12.0,4.16,0.12,230.0,19.0,2.1,0.14,290.0,0
2025-06-18,12,2,1,4230,48,6.97,2,0.16,7.21,5.69,69.0,25.0,165.0,10.0,3.0,0.14,42.0,9.28,0.13,240.0,25.0,7.2,0.14,260.0,23.0,5.21,0.11,200.0,29.0,3.79,0.14,250.0,19.0,5.26,0.16,260.0,27.0,1.48,0.14,250.0,0
2025-06-18,12,3,4,4256,50,6.98,3,0.14,6.84,5.0,45.0,27.0,144.0,5.0,1.0,0.13,36.0,8.88,0.12,210.0,20.0,5.5,0.13,260.0,24.0,4.58,0.12,260.0,23.0,4.34,0.13,250.0,22.0,2.72,0.15,330.0,19.0,1.05,0.14,260.0,0
2025-06-18,12,4,6,4096,60,6.97,4,0.27,6.76,4.82,35.0,21.0,116.0,6.0,2.0,0.15,30.0,8.66,0.14,310.0,16.0,6.25,0.17,340.0,20.0,3.0,0.15,310.0,20.0,2.5,0.16,330.0,15.0,2.66,0.14,260.0,15.0,3.33,0.17,350.0,0
2025-06-18,12,5,2,4734,10,6.97,5,0.18,6.41,4.54,40.0,25.0,143.0,1.0,0.0,0.16,35.0,8.28,0.18,380.0,22.0,5.45,0.17,380.0,20.0,4.0,0.14,330.0,31.0,3.54,0.15,300.0,18.0,1.66,0.13,320.0,17.0,1.17,0.2,430.0,0
2025-06-18,12,6,5,4532,12,7.05,6,0.26,6.88,4.91,36.0,19.0,112.0,7.0,3.0,0.15,26.0,8.46,0.14,250.0,16.0,4.37,0.18,330.0,17.0,6.47,0.14,230.0,19.0,5.26,0.16,360.0,16.0,1.87,0.16,350.0,18.0,1.11,0.17,400.0,0
2025-06-19,1,1,3,4034,35,6.88,1,0.16,4.88,2.52,10.0,17.0,107.0,1.0,0.0,0.19,15.0,5.33,0.16,360.0,17.0,1.76,0.2,420.0,19.0,3.68,0.19,310.0,22.0,1.81,0.19,400.0,19.0,1.57,0.19,370.0,15.0,1.33,0.23,510.0,0
2025-06-19,1,2,6,4837,61,7.0,2,0.22,4.09,2.42,3.0,14.0,70.0,0.0,0.0,0.19,7.0,4.28,0.18,270.0,15.0,2.66,0.22,450.0,14.0,3.57,0.18,380.0,13.0,1.53,0.19,400.0,11.0,2.72,0.19,380.0,10.0,0.0,0.18,500.0,0
2025-06-19,1,3,5,5212,56,6.91,3,0.09,4.19,2.18,11.0,13.0,110.0,0.0,0.0,0.16,12.0,5.83,0.15,230.0,20.0,3.0,0.16,370.0,25.0,1.6,0.15,320.0,16.0,3.12,0.17,280.0,20.0,1.0,0.17,350.0,17.0,0.0,0.16,350.0,0
2025-06-19,1,4,1,5338,64,6.9,4,0.01,2.63,0.56,0.0,5.0,88.0,0.0,0.0,0.16,0.0,0.0,0.0,0.0,0.0,0.0,0.0,0.0,0.0,0.0,0.0,0.0,4.0,0.0,0.18,330.0,27.0,0.74,0.16,310.0,57.0,0.52,0.16,310.0,0
2025-06-19,1,5,2,4895,41,6.95,5,0.11,5.14,2.23,10.0,9.0,85.0,1.0,0.0,0.16,13.0,6.15,0.12,200.0,12.0,0.83,0.19,420.0,18.0,1.66,0.17,310.0,13.0,1.53,0.14,290.0,19.0,1.57,0.18,370.0,10.0,2.0,0.16,330.0,0
2025-06-19,1,6,4,3660,1,6.95,6,0.16,3.76,1.5,5.0,11.0,106.0,0.0,0.0,0.18,14.0,5.0,0.15,330.0,19.0,1.57,0.2,370.0,19.0,0.52,0.17,340.0,22.0,0.9,0.16,340.0,18.0,1.66,0.18,380.0,14.0,0.0,0.23,490.0,0
2025-06-19,2,1,3,3441,55,6.91,1,0.15,5.16,2.72,8.0,25.0,121.0,1.0,0.0,0.19,17.0,4.7,0.21,380.0,21.0,5.71,0.18,320.0,25.0,2.0,0.16,300.0,24.0,1.66,0.2,410.0,27.0,1.48,0.19,430.0,7.0,0.0,0.16,400.0,0
2025-06-19,2,2,4,4708,20,7.04,3,0.14,4.63,2.0,6.0,16.0,110.0,0.0,0.0,0.19,18.0,5.0,0.18,380.0,19.0,1.05,0.21,390.0,16.0,3.12,0.23,390.0,18.0,2.22,0.18,420.0,23.0,0.87,0.17,320.0,16.0,0.0,0.21,440.0,0
2025-06-19,2,3,2,4821,15,6.93,4,0.17,5.06,3.14,12.0,22.0,108.0,1.0,0.0,0.19,11.0,3.63,0.21,490.0,21.0,4.76,0.22,500.0,18.0,2.22,0.2,470.0,22.0,2.72,0.2,410.0,22.0,3.18,0.17,350.0,14.0,2.14,0.16,360.0,0
2025-06-19,2,4,6,3631,6,6.93,5,0.18,4.77,2.92,10.0,9.0,65.0,0.0,0.0,0.18,7.0,8.57,0.12,210.0,10.0,4.0,0.17,310.0,10.0,3.0,0.2,290.0,13.0,2.3,0.16,340.0,13.0,0.76,0.2,430.0,12.0,1.66,0.19,330.0,0
2025-06-19,2,5,5,4888,7,6.91,6,0.22,6.09,4.47,33.0,31.0,143.0,4.0,1.0,0.17,26.0,8.07,0.16,230.0,24.0,5.83,0.18,390.0,23.0,4.34,0.17,350.0,31.0,2.9,0.17,320.0,19.0,3.15,0.17,360.0,20.0,2.0,0.16,360.0,0
2025-06-19,2,6,1,4294,62,6.96,2,0.11,5.58,3.68,19.0,16.0,95.0,2.0,0.0,0.17,21.0,7.61,0.15,270.0,14.0,5.71,0.18,350.0,14.0,1.42,0.17,330.0,16.0,2.5,0.17,400.0,16.0,1.25,0.16,370.0,14.0,2.14,0.18,390.0,0
2025-06-19,3,1,4,3680,18,6.96,1,0.18,4.62,2.52,10.0,17.0,107.0,0.0,0.0,0.21,18.0,7.22,0.19,460.0,17.0,1.17,0.23,470.0,18.0,1.66,0.18,370.0,18.0,2.22,0.2,420.0,18.0,2.77,0.21,400.0,18.0,0.0,0.27,550.0,0
2025-06-19,3,2,6,3989,39,6.99,2,0.23,3.99,2.3,9.0,12.0,91.0,2.0,0.0,0.21,13.0,4.61,0.2,420.0,15.0,3.33,0.18,470.0,16.0,3.12,0.2,410.0,12.0,1.66,0.18,430.0,15.0,2.0,0.24,470.0,20.0,0.0,0.24,550.0,0
2025-06-19,3,3,5,4060,43,6.91,3,0.28,4.7,2.8,10.0,13.0,82.0,1.0,0.0,0.15,10.0,6.0,0.14,370.0,15.0,4.0,0.15,240.0,13.0,3.07,0.14,260.0,12.0,2.5,0.18,300.0,18.0,1.66,0.14,320.0,14.0,0.71,0.17,320.0,0
2025-06-19,3,4,1,4861,46,6.82,4,0.11,5.29,3.3,18.0,22.0,121.0,0.0,0.0,0.17,13.0,8.46,0.17,320.0,19.0,3.68,0.19,420.0,12.0,4.16,0.15,260.0,18.0,3.33,0.17,370.0,32.0,2.5,0.17,330.0,27.0,1.11,0.18,310.0,0
2025-06-19,3,5,2,4839,51,7.0,5,0.1,6.4,4.85,40.0,26.0,136.0,3.0,0.0,0.13,28.0,8.21,0.12,210.0,22.0,7.72,0.13,220.0,22.0,3.18,0.15,250.0,18.0,3.88,0.14,190.0,21.0,4.28,0.13,240.0,25.0,1.2,0.15,340.0,0
2025-06-19,3,6,3,4734,10,7.0,6,0.12,6.41,4.54,40.0,25.0,143.0,1.0,0.0,0.16,35.0,8.28,0.18,380.0,22.0,5.45,0.17,380.0,20.0,4.0,0.14,330.0,31.0,3.54,0.15,300.0,18.0,1.66,0.13,320.0,17.0,1.17,0.2,430.0,0
2025-06-19,4,1,4,3448,27,6.91,1,0.13,4.64,2.0,5.0,12.0,85.0,0.0,0.0,0.2,15.0,4.66,0.16,320.0,16.0,1.25,0.18,370.0,13.0,2.3,0.22,410.0,15.0,2.0,0.22,450.0,17.0,1.17,0.18,430.0,9.0,0.0,0.22,530.0,0
2025-06-19,4,2,1,4257,28,6.91,2,0.11,5.01,2.79,12.0,12.0,86.0,0.0,0.0,0.15,15.0,6.0,0.16,260.0,13.0,3.84,0.14,250.0,18.0,2.22,0.15,260.0,12.0,3.33,0.14,300.0,12.0,0.83,0.16,320.0,16.0,0.62,0.14,310.0,0
2025-06-19,4,3,5,4336,13,6.95,3,0.12,5.53,3.67,24.0,15.0,106.0,0.0,0.0,0.15,18.0,9.44,0.17,230.0,22.0,4.09,0.15,300.0,17.0,4.11,0.13,250.0,17.0,2.35,0.14,290.0,18.0,1.11,0.18,310.0,14.0,0.0,0.17,380.0,0
2025-06-19,4,4,2,4532,12,7.03,4,0.16,6.88,4.91,36.0,19.0,112.0,7.0,3.0,0.15,26.0,8.46,0.14,250.0,16.0,4.37,0.18,330.0,17.0,6.47,0.14,230.0,19.0,5.26,0.16,360.0,16.0,1.87,0.16,350.0,18.0,1.11,0.17,400.0,0
2025-06-19,4,5,3,4461,22,6.99,5,0.15,4.27,1.88,8.0,9.0,90.0,0.0,0.0,0.17,15.0,5.33,0.2,260.0,16.0,1.87,0.15,330.0,12.0,0.83,0.13,320.0,13.0,1.53,0.18,360.0,17.0,1.76,0.16,310.0,17.0,0.0,0.19,400.0,0
2025-06-19,4,6,6,3587,58,7.03,6,0.09,4.31,2.4,7.0,11.0,75.0,1.0,0.0,0.17,12.0,5.83,0.17,310.0,14.0,2.85,0.18,340.0,12.0,2.5,0.14,340.0,14.0,2.14,0.14,310.0,10.0,1.0,0.16,320.0,13.0,0.0,0.19,410.0,0
2025-06-19,5,1,2,3414,8,6.97,1,0.12,4.45,2.36,9.0,13.0,93.0,0.0,0.0,0.15,15.0,6.66,0.13,210.0,12.0,3.33,0.16,250.0,21.0,1.9,0.15,270.0,17.0,1.17,0.12,320.0,14.0,0.71,0.16,310.0,14.0,0.71,0.16,390.0,0
2025-06-19,5,2,1,4247,16,6.91,2,0.17,5.57,3.37,15.0,16.0,92.0,2.0,0.0,0.16,12.0,6.66,0.17,290.0,17.0,4.11,0.15,250.0,17.0,4.11,0.18,310.0,20.0,4.5,0.15,290.0,15.0,0.0,0.13,370.0,11.0,0.0,0.18,350.0,0
2025-06-19,5,3,3,4776,29,6.96,3,0.14,6.54,4.54,25.0,25.0,110.0,3.0,1.0,0.17,24.0,9.16,0.14,250.0,19.0,5.26,0.18,360.0,14.0,4.28,0.14,320.0,18.0,3.33,0.16,380.0,18.0,2.22,0.19,420.0,17.0,1.17,0.19,420.0,0
2025-06-19,5,4,4,4552,66,6.96,4,0.13,5.81,4.25,27.0,24.0,120.0,1.0,0.0,0.15,15.0,7.33,0.15,330.0,19.0,3.68,0.17,340.0,23.0,4.34,0.14,270.0,23.0,4.34,0.14,280.0,22.0,4.54,0.16,300.0,18.0,1.66,0.15,320.0,0
2025-06-19,5,5,6,5309,47,6.86,5,0.12,1.37,0.0,0.0,0.0,79.0,0.0,0.0,0.18,0.0,0.0,0.0,0.0,0.0,0.0,0.0,0.0,0.0,0.0,0.0,0.0,10.0,0.0,0.19,460.0,17.0,0.0,0.17,330.0,52.0,0.0,0.18,390.0,0
2025-06-19,5,6,5,3838,5,7.0,6,0.14,6.03,3.88,33.0,26.0,152.0,2.0,0.0,0.13,29.0,8.62,0.12,250.0,25.0,4.8,0.15,260.0,24.0,2.08,0.13,250.0,28.0,2.85,0.13,240.0,24.0,2.5,0.11,200.0,22.0,1.36,0.16,290.0,0
2025-06-19,7,1,3,4230,48,6.95,1,0.2,7.21,5.69,69.0,25.0,165.0,10.0,3.0,0.14,42.0,9.28,0.13,240.0,25.0,7.2,0.14,260.0,23.0,5.21,0.11,200.0,29.0,3.79,0.14,250.0,19.0,5.26,0.16,260.0,27.0,1.48,0.14,250.0,0
2025-06-19,7,2,2,4060,43,6.95,2,0.31,4.7,2.8,10.0,13.0,82.0,1.0,0.0,0.15,10.0,6.0,0.14,370.0,15.0,4.0,0.15,240.0,13.0,3.07,0.14,260.0,12.0,2.5,0.18,300.0,18.0,1.66,0.14,320.0,14.0,0.71,0.17,320.0,0
2025-06-19,7,3,4,3660,1,7.01,3,0.23,3.76,1.5,5.0,11.0,106.0,0.0,0.0,0.18,14.0,5.0,0.15,330.0,19.0,1.57,0.2,370.0,19.0,0.52,0.17,340.0,22.0,0.9,0.16,340.0,18.0,1.66,0.18,380.0,14.0,0.0,0.23,490.0,0
2025-06-19,7,4,1,4772,17,6.98,4,0.16,6.66,5.15,32.0,18.0,97.0,5.0,1.0,0.11,22.0,9.09,0.1,150.0,17.0,5.29,0.14,290.0,10.0,3.0,0.1,190.0,17.0,5.29,0.08,190.0,12.0,4.16,0.12,230.0,19.0,2.1,0.14,290.0,0
2025-06-19,7,5,6,4708,20,7.04,5,0.19,4.63,2.0,6.0,16.0,110.0,0.0,0.0,0.19,18.0,5.0,0.18,380.0,19.0,1.05,0.21,390.0,16.0,3.12,0.23,390.0,18.0,2.22,0.18,420.0,23.0,0.87,0.17,320.0,16.0,0.0,0.21,440.0,0
2025-06-19,7,6,5,3955,30,7.07,6,0.19,4.94,2.81,9.0,22.0,110.0,0.0,0.0,0.19,17.0,8.23,0.16,410.0,17.0,2.94,0.18,390.0,20.0,2.0,0.18,370.0,23.0,2.6,0.19,390.0,19.0,0.52,0.21,460.0,14.0,0.71,0.24,540.0,0
2025-06-19,12,1,4,4025,34,6.84,1,0.21,6.39,4.49,37.0,25.0,138.0,2.0,1.0,0.18,28.0,8.92,0.16,300.0,28.0,3.92,0.17,370.0,22.0,5.0,0.19,350.0,25.0,2.4,0.18,420.0,23.0,3.47,0.2,380.0,12.0,0.83,0.18,370.0,0
2025-06-19,12,2,3,4096,60,6.85,2,0.18,6.76,4.82,35.0,21.0,116.0,6.0,2.0,0.15,30.0,8.66,0.14,310.0,16.0,6.25,0.17,340.0,20.0,3.0,0.15,310.0,20.0,2.5,0.16,330.0,15.0,2.66,0.14,260.0,15.0,3.33,0.17,350.0,0
2025-06-19,12,3,5,4861,46,6.78,6,0.12,5.29,3.3,18.0,22.0,121.0,0.0,0.0,0.17,13.0,8.46,0.17,320.0,19.0,3.68,0.19,420.0,12.0,4.16,0.15,260.0,18.0,3.33,0.17,370.0,32.0,2.5,0.17,330.0,27.0,1.11,0.18,310.0,0
2025-06-19,12,4,6,4257,28,6.96,3,0.18,5.01,2.79,12.0,12.0,86.0,0.0,0.0,0.15,15.0,6.0,0.16,260.0,13.0,3.84,0.14,250.0,18.0,2.22,0.15,260.0,12.0,3.33,0.14,300.0,12.0,0.83,0.16,320.0,16.0,0.62,0.14,310.0,0
2025-06-19,12,5,1,4230,48,6.97,4,0.13,7.21,5.69,69.0,25.0,165.0,10.0,3.0,0.14,42.0,9.28,0.13,240.0,25.0,7.2,0.14,260.0,23.0,5.21,0.11,200.0,29.0,3.79,0.14,250.0,19.0,5.26,0.16,260.0,27.0,1.48,0.14,250.0,0
2025-06-19,12,6,2,4776,29,7.01,5,0.11,6.54,4.54,25.0,25.0,110.0,3.0,1.0,0.17,24.0,9.16,0.14,250.0,19.0,5.26,0.18,360.0,14.0,4.28,0.14,320.0,18.0,3.33,0.16,380.0,18.0,2.22,0.19,420.0,17.0,1.17,0.19,420.0,0
2025-06-20,3,1,6,4839,51,6.99,1,0.22,6.4,4.85,40.0,26.0,136.0,3.0,0.0,0.13,28.0,8.21,0.12,210.0,22.0,7.72,0.13,220.0,22.0,3.18,0.15,250.0,18.0,3.88,0.14,190.0,21.0,4.28,0.13,240.0,25.0,1.2,0.15,340.0,0
2025-06-20,3,2,2,3680,18,6.98,2,0.16,4.62,2.52,10.0,17.0,107.0,0.0,0.0,0.21,18.0,7.22,0.19,460.0,17.0,1.17,0.23,470.0,18.0,1.66,0.18,370.0,18.0,2.22,0.2,420.0,18.0,2.77,0.21,400.0,18.0,0.0,0.27,550.0,0
2025-06-20,3,3,3,4752,49,6.92,3,0.09,4.09,1.74,11.0,8.0,109.0,0.0,0.0,0.18,15.0,4.0,0.19,370.0,16.0,2.5,0.2,350.0,22.0,1.81,0.14,290.0,17.0,1.17,0.16,340.0,21.0,1.42,0.2,370.0,18.0,0.0,0.21,390.0,0
2025-06-20,3,4,4,4895,41,7.01,4,0.06,5.14,2.23,10.0,9.0,85.0,1.0,0.0,0.16,13.0,6.15,0.12,200.0,12.0,0.83,0.19,420.0,18.0,1.66,0.17,310.0,13.0,1.53,0.14,290.0,19.0,1.57,0.18,370.0,10.0,2.0,0.16,330.0,0
2025-06-20,3,5,1,4776,29,6.98,5,0.06,6.54,4.54,25.0,25.0,110.0,3.0,1.0,0.17,24.0,9.16,0.14,250.0,19.0,5.26,0.18,360.0,14.0,4.28,0.14,320.0,18.0,3.33,0.16,380.0,18.0,2.22,0.19,420.0,17.0,1.17,0.19,420.0,0
2025-06-20,3,6,5,4461,22,6.98,6,0.09,4.27,1.88,8.0,9.0,90.0,0.0,0.0,0.17,15.0,5.33,0.2,260.0,16.0,1.87,0.15,330.0,12.0,0.83,0.13,320.0,13.0,1.53,0.18,360.0,17.0,1.76,0.16,310.0,17.0,0.0,0.19,400.0,0
2025-06-20,4,1,4,3660,1,6.92,1,0.31,3.76,1.5,5.0,11.0,106.0,0.0,0.0,0.18,14.0,5.0,0.15,330.0,19.0,1.57,0.2,370.0,19.0,0.52,0.17,340.0,22.0,0.9,0.16,340.0,18.0,1.66,0.18,380.0,14.0,0.0,0.23,490.0,0
2025-06-20,4,2,1,3587,58,6.99,2,0.21,4.31,2.4,7.0,11.0,75.0,1.0,0.0,0.17,12.0,5.83,0.17,310.0,14.0,2.85,0.18,340.0,12.0,2.5,0.14,340.0,14.0,2.14,0.14,310.0,10.0,1.0,0.16,320.0,13.0,0.0,0.19,410.0,0
2025-06-20,4,3,6,4553,14,6.9,3,0.16,6.16,4.23,23.0,21.0,104.0,4.0,0.0,0.15,23.0,7.82,0.14,230.0,19.0,4.21,0.14,290.0,12.0,6.66,0.17,320.0,16.0,3.12,0.16,350.0,21.0,1.42,0.16,350.0,13.0,1.53,0.16,420.0,0
2025-06-20,4,4,5,4270,65,6.96,4,0.07,4.53,2.37,7.0,16.0,97.0,0.0,0.0,0.18,13.0,5.38,0.15,320.0,15.0,2.66,0.19,350.0,22.0,3.18,0.17,350.0,14.0,0.71,0.2,370.0,19.0,0.52,0.19,350.0,14.0,2.14,0.21,460.0,0
2025-06-20,4,5,3,3441,55,7.01,5,0.09,5.16,2.72,8.0,25.0,121.0,1.0,0.0,0.19,17.0,4.7,0.21,380.0,21.0,5.71,0.18,320.0,25.0,2.0,0.16,300.0,24.0,1.66,0.2,410.0,27.0,1.48,0.19,430.0,7.0,0.0,0.16,400.0,0
2025-06-20,4,6,2,4734,10,6.96,6,0.16,6.41,4.54,40.0,25.0,143.0,1.0,0.0,0.16,35.0,8.28,0.18,380.0,22.0,5.45,0.17,380.0,20.0,4.0,0.14,330.0,31.0,3.54,0.15,300.0,18.0,1.66,0.13,320.0,17.0,1.17,0.2,430.0,0
2025-06-20,5,1,3,4257,28,6.88,1,0.19,5.01,2.79,12.0,12.0,86.0,0.0,0.0,0.15,15.0,6.0,0.16,260.0,13.0,3.84,0.14,250.0,18.0,2.22,0.15,260.0,12.0,3.33,0.14,300.0,12.0,0.83,0.16,320.0,16.0,0.62,0.14,310.0,0
2025-06-20,5,2,5,3448,27,6.91,2,0.24,4.64,2.0,5.0,12.0,85.0,0.0,0.0,0.2,15.0,4.66,0.16,320.0,16.0,1.25,0.18,370.0,13.0,2.3,0.22,410.0,15.0,2.0,0.22,450.0,17.0,1.17,0.18,430.0,9.0,0.0,0.22,530.0,0
2025-06-20,5,3,6,3989,39,6.99,3,0.22,3.99,2.3,9.0,12.0,91.0,2.0,0.0,0.21,13.0,4.61,0.2,420.0,15.0,3.33,0.18,470.0,16.0,3.12,0.2,410.0,12.0,1.66,0.18,430.0,15.0,2.0,0.24,470.0,20.0,0.0,0.24,550.0,0
2025-06-20,5,4,1,4772,17,6.96,4,0.14,6.66,5.15,32.0,18.0,97.0,5.0,1.0,0.11,22.0,9.09,0.1,150.0,17.0,5.29,0.14,290.0,10.0,3.0,0.1,190.0,17.0,5.29,0.08,190.0,12.0,4.16,0.12,230.0,19.0,2.1,0.14,290.0,0
2025-06-20,5,5,2,4256,50,6.98,5,0.13,6.84,5.0,45.0,27.0,144.0,5.0,1.0,0.13,36.0,8.88,0.12,210.0,20.0,5.5,0.13,260.0,24.0,4.58,0.12,260.0,23.0,4.34,0.13,250.0,22.0,2.72,0.15,330.0,19.0,1.05,0.14,260.0,0
2025-06-20,5,6,4,5338,64,6.91,6,0.16,2.63,0.56,0.0,5.0,88.0,0.0,0.0,0.16,0.0,0.0,0.0,0.0,0.0,0.0,0.0,0.0,0.0,0.0,0.0,0.0,4.0,0.0,0.18,330.0,27.0,0.74,0.16,310.0,57.0,0.52,0.16,310.0,0
2025-06-20,10,1,2,4230,48,6.9,1,0.13,7.21,5.69,69.0,25.0,165.0,10.0,3.0,0.14,42.0,9.28,0.13,240.0,25.0,7.2,0.14,260.0,23.0,5.21,0.11,200.0,29.0,3.79,0.14,250.0,19.0,5.26,0.16,260.0,27.0,1.48,0.14,250.0,0
2025-06-20,10,2,1,4256,50,6.89,2,0.08,6.84,5.0,45.0,27.0,144.0,5.0,1.0,0.13,36.0,8.88,0.12,210.0,20.0,5.5,0.13,260.0,24.0,4.58,0.12,260.0,23.0,4.34,0.13,250.0,22.0,2.72,0.15,330.0,19.0,1.05,0.14,260.0,0
2025-06-20,10,3,3,4365,19,6.94,3,0.06,4.99,3.08,30.0,11.0,133.0,0.0,0.0,0.19,29.0,6.2,0.15,240.0,17.0,1.76,0.21,430.0,21.0,3.81,0.16,340.0,27.0,2.96,0.19,320.0,21.0,1.42,0.19,370.0,18.0,0.55,0.24,490.0,0
2025-06-20,10,4,4,4553,14,6.95,4,0.11,6.16,4.23,23.0,21.0,104.0,4.0,0.0,0.15,23.0,7.82,0.14,230.0,19.0,4.21,0.14,290.0,12.0,6.66,0.17,320.0,16.0,3.12,0.16,350.0,21.0,1.42,0.16,350.0,13.0,1.53,0.16,420.0,0
2025-06-20,10,5,5,4861,46,6.76,6,0.08,5.29,3.3,18.0,22.0,121.0,0.0,0.0,0.17,13.0,8.46,0.17,320.0,19.0,3.68,0.19,420.0,12.0,4.16,0.15,260.0,18.0,3.33,0.17,370.0,32.0,2.5,0.17,330.0,27.0,1.11,0.18,310.0,0
2025-06-20,10,6,6,4821,15,6.96,5,0.08,5.06,3.14,12.0,22.0,108.0,1.0,0.0,0.19,11.0,3.63,0.21,490.0,21.0,4.76,0.22,500.0,18.0,2.22,0.2,470.0,22.0,2.72,0.2,410.0,22.0,3.18,0.17,350.0,14.0,2.14,0.16,360.0,0
2025-06-20,11,1,3,4294,62,6.94,1,0.13,5.58,3.68,19.0,16.0,95.0,2.0,0.0,0.17,21.0,7.61,0.15,270.0,14.0,5.71,0.18,350.0,14.0,1.42,0.17,330.0,16.0,2.5,0.17,400.0,16.0,1.25,0.16,370.0,14.0,2.14,0.18,390.0,0
2025-06-20,11,2,5,5253,4,6.97,2,0.25,3.93,1.72,7.0,12.0,110.0,0.0,0.0,0.16,15.0,4.0,0.16,310.0,18.0,1.66,0.18,350.0,19.0,3.15,0.17,310.0,16.0,0.62,0.14,300.0,20.0,1.0,0.16,360.0,22.0,0.45,0.15,350.0,0
2025-06-20,11,3,2,4025,34,7.0,3,0.24,6.39,4.49,37.0,25.0,138.0,2.0,1.0,0.18,28.0,8.92,0.16,300.0,28.0,3.92,0.17,370.0,22.0,5.0,0.19,350.0,25.0,2.4,0.18,420.0,23.0,3.47,0.2,380.0,12.0,0.83,0.18,370.0,0
2025-06-20,11,4,1,4247,16,6.98,4,0.16,5.57,3.37,15.0,16.0,92.0,2.0,0.0,0.16,12.0,6.66,0.17,290.0,17.0,4.11,0.15,250.0,17.0,4.11,0.18,310.0,20.0,4.5,0.15,290.0,15.0,0.0,0.13,370.0,11.0,0.0,0.18,350.0,0
2025-06-20,11,5,6,4257,28,6.76,6,0.11,5.01,2.79,12.0,12.0,86.0,0.0,0.0,0.15,15.0,6.0,0.16,260.0,13.0,3.84,0.14,250.0,18.0,2.22,0.15,260.0,12.0,3.33,0.14,300.0,12.0,0.83,0.16,320.0,16.0,0.62,0.14,310.0,0
2025-06-20,11,6,4,4122,57,6.97,5,0.12,5.65,3.4,21.0,24.0,132.0,0.0,0.0,0.18,26.0,6.53,0.16,320.0,20.0,3.5,0.19,340.0,22.0,3.18,0.19,370.0,18.0,4.44,0.16,320.0,25.0,2.0,0.17,380.0,21.0,0.47,0.19,430.0,0
2025-06-21,2,1,6,3989,39,6.97,1,0.21,3.99,2.3,9.0,12.0,91.0,2.0,0.0,0.21,13.0,4.61,0.2,420.0,15.0,3.33,0.18,470.0,16.0,3.12,0.2,410.0,12.0,1.66,0.18,430.0,15.0,2.0,0.24,470.0,20.0,0.0,0.24,550.0,0
2025-06-21,2,2,2,4752,49,6.87,2,0.09,4.09,1.74,11.0,8.0,109.0,0.0,0.0,0.18,15.0,4.0,0.19,370.0,16.0,2.5,0.2,350.0,22.0,1.81,0.14,290.0,17.0,1.17,0.16,340.0,21.0,1.42,0.2,370.0,18.0,0.0,0.21,390.0,0
2025-06-21,2,3,1,3441,55,6.9,3,0.08,5.16,2.72,8.0,25.0,121.0,1.0,0.0,0.19,17.0,4.7,0.21,380.0,21.0,5.71,0.18,320.0,25.0,2.0,0.16,300.0,24.0,1.66,0.2,410.0,27.0,1.48,0.19,430.0,7.0,0.0,0.16,400.0,0
2025-06-21,2,4,4,5309,47,6.89,4,0.12,1.37,0.0,0.0,0.0,79.0,0.0,0.0,0.18,0.0,0.0,0.0,0.0,0.0,0.0,0.0,0.0,0.0,0.0,0.0,0.0,10.0,0.0,0.19,460.0,17.0,0.0,0.17,330.0,52.0,0.0,0.18,390.0,0
2025-06-21,2,5,5,3587,58,6.99,5,0.1,4.31,2.4,7.0,11.0,75.0,1.0,0.0,0.17,12.0,5.83,0.17,310.0,14.0,2.85,0.18,340.0,12.0,2.5,0.14,340.0,14.0,2.14,0.14,310.0,10.0,1.0,0.16,320.0,13.0,0.0,0.19,410.0,0
2025-06-21,2,6,3,4336,13,6.98,6,0.1,5.53,3.67,24.0,15.0,106.0,0.0,0.0,0.15,18.0,9.44,0.17,230.0,22.0,4.09,0.15,300.0,17.0,4.11,0.13,250.0,17.0,2.35,0.14,290.0,18.0,1.11,0.18,310.0,14.0,0.0,0.17,380.0,0
2025-06-21,7,1,6,5253,4,7.01,1,0.21,3.93,1.72,7.0,12.0,110.0,0.0,0.0,0.16,15.0,4.0,0.16,310.0,18.0,1.66,0.18,350.0,19.0,3.15,0.17,310.0,16.0,0.62,0.14,300.0,20.0,1.0,0.16,360.0,22.0,0.45,0.15,350.0,0
2025-06-21,7,2,3,4837,61,7.02,2,0.13,4.09,2.42,3.0,14.0,70.0,0.0,0.0,0.19,7.0,4.28,0.18,270.0,15.0,2.66,0.22,450.0,14.0,3.57,0.18,380.0,13.0,1.53,0.19,400.0,11.0,2.72,0.19,380.0,10.0,0.0,0.18,500.0,0
2025-06-21,7,3,4,4270,65,7.07,3,0.18,4.53,2.37,7.0,16.0,97.0,0.0,0.0,0.18,13.0,5.38,0.15,320.0,15.0,2.66,0.19,350.0,22.0,3.18,0.17,350.0,14.0,0.71,0.2,370.0,19.0,0.52,0.19,350.0,14.0,2.14,0.21,460.0,0
2025-06-21,7,4,2,4294,62,6.92,4,0.07,5.58,3.68,19.0,16.0,95.0,2.0,0.0,0.17,21.0,7.61,0.15,270.0,14.0,5.71,0.18,350.0,14.0,1.42,0.17,330.0,16.0,2.5,0.17,400.0,16.0,1.25,0.16,370.0,14.0,2.14,0.18,390.0,0
2025-06-21,7,5,5,5309,47,6.96,5,0.28,1.37,0.0,0.0,0.0,79.0,0.0,0.0,0.18,0.0,0.0,0.0,0.0,0.0,0.0,0.0,0.0,0.0,0.0,0.0,0.0,10.0,0.0,0.19,460.0,17.0,0.0,0.17,330.0,52.0,0.0,0.18,390.0,0
2025-06-21,7,6,1,4839,51,7.01,6,0.16,6.4,4.85,40.0,26.0,136.0,3.0,0.0,0.13,28.0,8.21,0.12,210.0,22.0,7.72,0.13,220.0,22.0,3.18,0.15,250.0,18.0,3.88,0.14,190.0,21.0,4.28,0.13,240.0,25.0,1.2,0.15,340.0,0
2025-06-21,9,1,2,4461,22,6.91,1,0.19,4.27,1.88,8.0,9.0,90.0,0.0,0.0,0.17,15.0,5.33,0.2,260.0,16.0,1.87,0.15,330.0,12.0,0.83,0.13,320.0,13.0,1.53,0.18,360.0,17.0,1.76,0.16,310.0,17.0,0.0,0.19,400.0,0
2025-06-21,9,2,3,3441,55,6.92,2,0.25,5.16,2.72,8.0,25.0,121.0,1.0,0.0,0.19,17.0,4.7,0.21,380.0,21.0,5.71,0.18,320.0,25.0,2.0,0.16,300.0,24.0,1.66,0.2,410.0,27.0,1.48,0.19,430.0,7.0,0.0,0.16,400.0,0
2025-06-21,9,3,4,3955,30,6.97,3,0.23,4.94,2.81,9.0,22.0,110.0,0.0,0.0,0.19,17.0,8.23,0.16,410.0,17.0,2.94,0.18,390.0,20.0,2.0,0.18,370.0,23.0,2.6,0.19,390.0,19.0,0.52,0.21,460.0,14.0,0.71,0.24,540.0,0
2025-06-21,9,4,1,4096,60,6.94,4,0.21,6.76,4.82,35.0,21.0,116.0,6.0,2.0,0.15,30.0,8.66,0.14,310.0,16.0,6.25,0.17,340.0,20.0,3.0,0.15,310.0,20.0,2.5,0.16,330.0,15.0,2.66,0.14,260.0,15.0,3.33,0.17,350.0,0
2025-06-21,9,5,6,3680,18,7.0,5,0.32,4.62,2.52,10.0,17.0,107.0,0.0,0.0,0.21,18.0,7.22,0.19,460.0,17.0,1.17,0.23,470.0,18.0,1.66,0.18,370.0,18.0,2.22,0.2,420.0,18.0,2.77,0.21,400.0,18.0,0.0,0.27,550.0,0
2025-06-21,9,6,5,3989,39,7.06,6,0.37,3.99,2.3,9.0,12.0,91.0,2.0,0.0,0.21,13.0,4.61,0.2,420.0,15.0,3.33,0.18,470.0,16.0,3.12,0.2,410.0,12.0,1.66,0.18,430.0,15.0,2.0,0.24,470.0,20.0,0.0,0.24,550.0,0
2025-06-21,12,1,4,4734,10,6.81,1,0.23,6.41,4.54,40.0,25.0,143.0,1.0,0.0,0.16,35.0,8.28,0.18,380.0,22.0,5.45,0.17,380.0,20.0,4.0,0.14,330.0,31.0,3.54,0.15,300.0,18.0,1.66,0.13,320.0,17.0,1.17,0.2,430.0,0
2025-06-21,12,2,2,4256,50,6.94,2,0.21,6.84,5.0,45.0,27.0,144.0,5.0,1.0,0.13,36.0,8.88,0.12,210.0,20.0,5.5,0.13,260.0,24.0,4.58,0.12,260.0,23.0,4.34,0.13,250.0,22.0,2.72,0.15,330.0,19.0,1.05,0.14,260.0,0
2025-06-21,12,3,5,4247,16,6.98,3,0.24,5.57,3.37,15.0,16.0,92.0,2.0,0.0,0.16,12.0,6.66,0.17,290.0,17.0,4.11,0.15,250.0,17.0,4.11,0.18,310.0,20.0,4.5,0.15,290.0,15.0,0.0,0.13,370.0,11.0,0.0,0.18,350.0,0
2025-06-21,12,4,1,4230,48,6.96,4,0.18,7.21,5.69,69.0,25.0,165.0,10.0,3.0,0.14,42.0,9.28,0.13,240.0,25.0,7.2,0.14,260.0,23.0,5.21,0.11,200.0,29.0,3.79,0.14,250.0,19.0,5.26,0.16,260.0,27.0,1.48,0.14,250.0,0
2025-06-21,12,5,3,4025,34,6.83,5,0.2,6.39,4.49,37.0,25.0,138.0,2.0,1.0,0.18,28.0,8.92,0.16,300.0,28.0,3.92,0.17,370.0,22.0,5.0,0.19,350.0,25.0,2.4,0.18,420.0,23.0,3.47,0.2,380.0,12.0,0.83,0.18,370.0,0
2025-06-21,12,6,6,4772,17,6.97,6,0.22,6.66,5.15,32.0,18.0,97.0,5.0,1.0,0.11,22.0,9.09,0.1,150.0,17.0,5.29,0.14,290.0,10.0,3.0,0.1,190.0,17.0,5.29,0.08,190.0,12.0,4.16,0.12,230.0,19.0,2.1,0.14,290.0,0
2025-06-24,1,1,2,4583,28,6.86,1,0.09,5.49,3.46,18.0,18.0,104.0,0.0,0.0,0.16,16.0,8.75,0.15,230.0,15.0,4.0,0.14,310.0,23.0,4.34,0.14,250.0,18.0,1.66,0.16,250.0,19.0,1.57,0.18,330.0,13.0,0.0,0.21,460.0,0
2025-06-24,1,2,5,3843,41,6.93,2,0.15,4.68,2.58,17.0,14.0,120.0,1.0,0.0,0.17,16.0,6.25,0.2,330.0,17.0,3.52,0.19,340.0,25.0,2.8,0.18,320.0,23.0,2.6,0.17,320.0,23.0,0.87,0.14,310.0,16.0,0.0,0.18,410.0,0
2025-06-24,1,3,1,5229,31,6.9,3,0.14,5.65,3.95,24.0,31.0,139.0,2.0,0.0,0.16,17.0,8.82,0.16,270.0,25.0,2.4,0.18,350.0,22.0,5.45,0.19,380.0,28.0,4.64,0.16,280.0,30.0,2.33,0.14,240.0,17.0,1.17,0.15,240.0,0
2025-06-24,1,4,3,4495,52,6.87,4,0.14,4.49,2.52,15.0,9.0,95.0,0.0,0.0,0.16,10.0,8.0,0.11,210.0,17.0,3.52,0.16,380.0,16.0,0.62,0.15,350.0,12.0,0.83,0.21,360.0,20.0,3.0,0.15,270.0,20.0,1.0,0.14,310.0,0
2025-06-24,1,5,4,3304,45,6.89,5,0.19,6.26,4.44,35.0,29.0,144.0,1.0,0.0,0.17,26.0,8.84,0.16,300.0,20.0,5.5,0.16,340.0,31.0,3.87,0.17,340.0,26.0,3.84,0.17,330.0,22.0,2.72,0.2,370.0,19.0,1.05,0.19,430.0,0
2025-06-24,1,6,6,3807,22,6.92,6,0.22,4.3,1.9,15.0,6.0,110.0,0.0,0.0,0.18,16.0,5.0,0.17,350.0,22.0,0.45,0.19,370.0,16.0,3.12,0.15,290.0,21.0,1.42,0.19,360.0,18.0,2.22,0.18,390.0,17.0,0.0,0.19,430.0,0
2025-06-24,2,1,2,3747,53,6.86,1,0.28,5.37,3.73,22.0,25.0,126.0,1.0,0.0,0.15,21.0,8.09,0.13,260.0,21.0,2.85,0.15,280.0,22.0,3.18,0.15,290.0,21.0,4.76,0.17,300.0,21.0,3.33,0.17,300.0,19.0,0.0,0.12,230.0,0
2025-06-24,2,2,3,5135,10,6.82,2,0.19,5.81,4.1,25.0,21.0,112.0,4.0,1.0,0.15,18.0,8.88,0.13,260.0,20.0,4.0,0.16,370.0,23.0,3.47,0.16,340.0,19.0,3.15,0.15,280.0,16.0,3.75,0.17,380.0,15.0,1.33,0.15,330.0,0
2025-06-24,2,3,5,3362,18,6.95,3,0.18,6.16,4.91,26.0,35.0,124.0,4.0,1.0,0.19,23.0,9.13,0.15,280.0,41.0,5.12,0.2,420.0,33.0,3.63,0.19,400.0,25.0,2.8,0.2,440.0,2.0,0.0,0.23,450.0,0.0,0.0,0.0,0.0,0
2025-06-24,2,4,4,4578,65,6.87,4,0.17,6.24,4.62,34.0,21.0,119.0,1.0,0.0,0.16,19.0,10.0,0.12,190.0,24.0,6.25,0.16,330.0,22.0,3.18,0.15,270.0,20.0,4.0,0.16,310.0,18.0,2.22,0.15,300.0,16.0,1.25,0.2,390.0,0
2025-06-24,2,5,1,4757,12,6.95,5,0.16,6.6,4.55,29.0,32.0,134.0,2.0,0.0,0.14,27.0,7.4,0.13,300.0,21.0,4.76,0.16,410.0,20.0,4.5,0.16,330.0,19.0,4.73,0.14,380.0,30.0,2.66,0.14,340.0,17.0,2.94,0.14,360.0,0
2025-06-24,2,6,6,4369,17,6.94,6,0.21,6.42,4.7,28.0,27.0,117.0,5.0,1.0,0.17,23.0,8.26,0.18,340.0,20.0,3.5,0.18,340.0,20.0,6.0,0.16,350.0,20.0,5.5,0.17,290.0,17.0,2.35,0.16,350.0,17.0,1.17,0.19,450.0,0
2025-06-24,3,1,6,4167,37,6.93,1,0.23,5.07,2.59,7.0,21.0,108.0,0.0,0.0,0.15,16.0,3.75,0.16,290.0,22.0,3.63,0.15,320.0,20.0,4.0,0.12,270.0,16.0,1.25,0.17,360.0,21.0,1.9,0.16,290.0,13.0,0.0,0.14,350.0,0
2025-06-24,3,2,5,3935,23,6.98,2,0.21,5.21,2.94,11.0,12.0,78.0,0.0,0.0,0.17,13.0,7.69,0.12,210.0,14.0,3.57,0.16,290.0,12.0,2.5,0.17,310.0,15.0,2.0,0.16,380.0,10.0,2.0,0.22,420.0,14.0,0.0,0.24,490.0,0
2025-06-24,3,3,1,5020,1,6.95,3,0.11,4.14,2.17,8.0,12.0,92.0,0.0,0.0,0.15,12.0,4.16,0.16,230.0,18.0,1.11,0.16,350.0,15.0,3.33,0.12,230.0,16.0,3.12,0.14,270.0,18.0,1.11,0.18,380.0,13.0,0.76,0.16,340.0,0
2025-06-24,3,4,4,4505,20,6.84,4,0.14,6.33,4.45,23.0,18.0,92.0,3.0,1.0,0.16,19.0,7.89,0.14,270.0,13.0,4.61,0.16,330.0,13.0,3.07,0.14,330.0,15.0,2.0,0.21,420.0,13.0,6.15,0.12,230.0,19.0,2.63,0.18,390.0,0
2025-06-24,3,5,2,4976,57,6.85,5,0.09,5.49,3.6,25.0,24.0,136.0,2.0,0.0,0.16,18.0,6.66,0.16,290.0,28.0,5.35,0.16,280.0,22.0,4.54,0.13,270.0,21.0,2.85,0.16,280.0,25.0,1.6,0.14,270.0,22.0,0.9,0.19,360.0,0
2025-06-24,3,6,3,3684,25,6.94,6,0.19,6.16,4.37,29.0,30.0,135.0,3.0,1.0,0.18,28.0,7.85,0.13,220.0,24.0,4.16,0.17,320.0,22.0,4.09,0.15,290.0,20.0,4.0,0.17,330.0,25.0,4.0,0.21,360.0,16.0,0.0,0.28,530.0,0
2025-06-24,4,1,2,3986,11,6.86,1,0.18,4.98,3.08,15.0,18.0,107.0,0.0,0.0,0.17,15.0,8.66,0.14,210.0,17.0,4.7,0.18,350.0,22.0,2.27,0.16,340.0,19.0,2.63,0.17,370.0,19.0,0.52,0.16,370.0,15.0,0.66,0.19,430.0,0
2025-06-24,4,2,5,4980,56,6.92,2,0.19,6.55,4.66,37.0,25.0,133.0,6.0,1.0,0.15,30.0,7.33,0.14,250.0,22.0,5.9,0.14,280.0,22.0,4.54,0.16,310.0,21.0,3.33,0.18,400.0,19.0,3.68,0.14,370.0,19.0,1.57,0.16,440.0,0
2025-06-24,4,3,3,5199,39,6.87,3,0.16,4.2,2.46,5.0,12.0,69.0,0.0,0.0,0.16,9.0,4.44,0.2,380.0,13.0,4.61,0.14,220.0,10.0,1.0,0.18,320.0,10.0,3.0,0.14,180.0,13.0,2.3,0.14,280.0,14.0,0.0,0.19,410.0,0
2025-06-24,4,4,6,4331,21,6.91,4,0.18,5.42,3.1,20.0,17.0,119.0,0.0,0.0,0.16,22.0,6.81,0.14,230.0,18.0,3.33,0.14,240.0,21.0,4.28,0.15,300.0,17.0,2.94,0.17,320.0,25.0,0.4,0.17,330.0,16.0,0.62,0.2,480.0,0
2025-06-24,4,5,1,4906,36,6.92,5,0.21,5.75,4.0,21.0,23.0,110.0,0.0,0.0,0.16,17.0,8.23,0.16,310.0,20.0,5.5,0.17,360.0,19.0,2.1,0.15,340.0,20.0,4.0,0.14,260.0,19.0,3.15,0.16,310.0,15.0,0.66,0.2,390.0,0
2025-06-24,4,6,4,5049,9,6.98,6,0.22,5.5,3.92,18.0,15.0,84.0,1.0,0.0,0.17,12.0,9.16,0.13,200.0,14.0,6.42,0.18,330.0,12.0,2.5,0.13,310.0,17.0,3.52,0.17,340.0,12.0,2.5,0.18,330.0,16.0,0.62,0.19,410.0,0
2025-06-24,6,1,3,3777,60,6.88,1,0.15,5.86,3.96,30.0,18.0,121.0,3.0,0.0,0.19,24.0,7.5,0.2,380.0,22.0,5.0,0.16,320.0,21.0,4.28,0.15,320.0,15.0,1.33,0.21,390.0,22.0,2.72,0.2,370.0,17.0,1.17,0.21,440.0,0
2025-06-24,6,2,6,5106,8,6.86,2,0.17,3.97,2.03,11.0,10.0,103.0,1.0,0.0,0.21,16.0,5.0,0.22,480.0,21.0,1.9,0.23,450.0,13.0,2.3,0.2,380.0,17.0,0.58,0.21,510.0,17.0,2.35,0.19,400.0,19.0,0.52,0.24,510.0,0
2025-06-24,6,3,1,3956,59,6.94,3,0.16,5.94,3.9,30.0,18.0,123.0,0.0,0.0,0.16,28.0,8.57,0.16,290.0,17.0,4.11,0.14,320.0,22.0,3.18,0.15,310.0,22.0,3.63,0.17,350.0,21.0,0.95,0.17,360.0,13.0,0.0,0.19,420.0,0
2025-06-24,6,4,4,5224,50,6.89,4,0.14,6.59,4.49,27.0,35.0,138.0,3.0,0.0,0.16,31.0,7.74,0.17,280.0,24.0,5.0,0.13,280.0,23.0,3.91,0.14,300.0,18.0,2.77,0.18,370.0,19.0,4.21,0.15,270.0,23.0,1.73,0.21,430.0,0
2025-06-24,6,5,2,3807,22,7.06,5,0.17,4.3,1.9,15.0,6.0,110.0,0.0,0.0,0.18,16.0,5.0,0.17,350.0,22.0,0.45,0.19,370.0,16.0,3.12,0.15,290.0,21.0,1.42,0.19,360.0,18.0,2.22,0.18,390.0,17.0,0.0,0.19,430.0,0
2025-06-24,6,6,5,3852,29,6.94,6,0.19,5.24,3.55,19.0,29.0,135.0,2.0,0.0,0.17,22.0,6.81,0.16,350.0,28.0,3.57,0.16,310.0,18.0,3.33,0.17,330.0,20.0,5.5,0.17,310.0,26.0,1.92,0.17,330.0,21.0,0.47,0.16,360.0,0
2025-06-24,8,1,3,4269,5,6.84,1,0.25,6.58,4.32,29.0,22.0,118.0,4.0,1.0,0.15,22.0,9.09,0.15,250.0,22.0,4.09,0.14,240.0,19.0,1.57,0.15,270.0,24.0,4.16,0.15,330.0,15.0,3.33,0.16,310.0,16.0,2.5,0.19,420.0,0
2025-06-24,8,2,6,4889,46,6.86,2,0.26,5.24,3.68,28.0,14.0,114.0,1.0,0.0,0.13,22.0,8.18,0.14,200.0,15.0,4.0,0.13,190.0,18.0,3.88,0.16,260.0,18.0,1.11,0.1,200.0,19.0,3.68,0.13,200.0,22.0,0.9,0.14,300.0,0
2025-06-24,8,3,4,3747,53,6.9,3,0.32,5.37,3.73,22.0,25.0,126.0,1.0,0.0,0.15,21.0,8.09,0.13,260.0,21.0,2.85,0.15,280.0,22.0,3.18,0.15,290.0,21.0,4.76,0.17,300.0,21.0,3.33,0.17,300.0,19.0,0.0,0.12,230.0,0
2025-06-24,8,4,5,4593,66,6.86,4,0.21,5.62,3.96,18.0,22.0,101.0,0.0,0.0,0.18,22.0,9.09,0.15,250.0,17.0,4.7,0.15,300.0,12.0,3.33,0.17,320.0,18.0,2.77,0.19,370.0,15.0,1.33,0.21,430.0,17.0,0.58,0.21,450.0,0
2025-06-24,8,5,2,3935,23,6.94,5,0.23,5.21,2.94,11.0,12.0,78.0,0.0,0.0,0.17,13.0,7.69,0.12,210.0,14.0,3.57,0.16,290.0,12.0,2.5,0.17,310.0,15.0,2.0,0.16,380.0,10.0,2.0,0.22,420.0,14.0,0.0,0.24,490.0,0
2025-06-24,8,6,1,5229,31,6.91,6,0.17,5.65,3.95,24.0,31.0,139.0,2.0,0.0,0.16,17.0,8.82,0.16,270.0,25.0,2.4,0.18,350.0,22.0,5.45,0.19,380.0,28.0,4.64,0.16,280.0,30.0,2.33,0.14,240.0,17.0,1.17,0.15,240.0,0
2025-06-25,1,1,3,3736,30,6.94,1,0.15,4.51,2.33,9.0,12.0,90.0,1.0,0.0,0.18,11.0,6.36,0.17,370.0,20.0,3.0,0.18,460.0,16.0,1.25,0.15,330.0,10.0,2.0,0.17,300.0,23.0,1.3,0.19,390.0,10.0,1.0,0.22,480.0,0
2025-06-25,1,2,2,5199,39,6.93,3,0.21,4.2,2.46,5.0,12.0,69.0,0.0,0.0,0.16,9.0,4.44,0.2,380.0,13.0,4.61,0.14,220.0,10.0,1.0,0.18,320.0,10.0,3.0,0.14,180.0,13.0,2.3,0.14,280.0,14.0,0.0,0.19,410.0,0
2025-06-25,1,3,1,4533,62,6.93,4,0.23,5.71,3.72,20.0,18.0,102.0,1.0,0.0,0.16,18.0,7.77,0.17,310.0,10.0,3.0,0.17,330.0,23.0,3.04,0.15,290.0,19.0,4.73,0.13,230.0,19.0,2.1,0.16,350.0,13.0,0.76,0.21,430.0,0
2025-06-25,1,4,5,5135,10,6.93,5,0.27,5.81,4.1,25.0,21.0,112.0,4.0,1.0,0.15,18.0,8.88,0.13,260.0,20.0,4.0,0.16,370.0,23.0,3.47,0.16,340.0,19.0,3.15,0.15,280.0,16.0,3.75,0.17,380.0,15.0,1.33,0.15,330.0,0
2025-06-25,1,5,4,3362,18,7.0,2,0.21,6.16,4.91,26.0,35.0,124.0,4.0,1.0,0.19,23.0,9.13,0.15,280.0,41.0,5.12,0.2,420.0,33.0,3.63,0.19,400.0,25.0,2.8,0.2,440.0,2.0,0.0,0.23,450.0,0.0,0.0,0.0,0.0,0
2025-06-25,1,6,6,3986,11,6.94,6,0.28,4.98,3.08,15.0,18.0,107.0,0.0,0.0,0.17,15.0,8.66,0.14,210.0,17.0,4.7,0.18,350.0,22.0,2.27,0.16,340.0,19.0,2.63,0.17,370.0,19.0,0.52,0.16,370.0,15.0,0.66,0.19,430.0,0
2025-06-25,2,1,2,5106,8,6.89,1,0.32,3.97,2.03,11.0,10.0,103.0,1.0,0.0,0.21,16.0,5.0,0.22,480.0,21.0,1.9,0.23,450.0,13.0,2.3,0.2,380.0,17.0,0.58,0.21,510.0,17.0,2.35,0.19,400.0,19.0,0.52,0.24,510.0,0
2025-06-25,2,2,4,4167,37,6.88,2,0.24,5.07,2.59,7.0,21.0,108.0,0.0,0.0,0.15,16.0,3.75,0.16,290.0,22.0,3.63,0.15,320.0,20.0,4.0,0.12,270.0,16.0,1.25,0.17,360.0,21.0,1.9,0.16,290.0,13.0,0.0,0.14,350.0,0
2025-06-25,2,3,6,3843,41,6.92,3,0.26,4.68,2.58,17.0,14.0,120.0,1.0,0.0,0.17,16.0,6.25,0.2,330.0,17.0,3.52,0.19,340.0,25.0,2.8,0.18,320.0,23.0,2.6,0.17,320.0,23.0,0.87,0.14,310.0,16.0,0.0,0.18,410.0,0
2025-06-25,2,4,1,4583,28,6.87,4,0.27,5.49,3.46,18.0,18.0,104.0,0.0,0.0,0.16,16.0,8.75,0.15,230.0,15.0,4.0,0.14,310.0,23.0,4.34,0.14,250.0,18.0,1.66,0.16,250.0,19.0,1.57,0.18,330.0,13.0,0.0,0.21,460.0,0
2025-06-25,2,5,5,3696,43,6.91,5,0.31,5.34,3.27,15.0,22.0,113.0,1.0,0.0,0.19,21.0,7.61,0.19,440.0,20.0,3.0,0.21,430.0,22.0,5.0,0.18,370.0,19.0,0.52,0.17,410.0,17.0,0.58,0.19,360.0,14.0,1.42,0.22,490.0,0
2025-06-25,2,6,3,4269,5,6.86,6,0.31,6.58,4.32,29.0,22.0,118.0,4.0,1.0,0.15,22.0,9.09,0.15,250.0,22.0,4.09,0.14,240.0,19.0,1.57,0.15,270.0,24.0,4.16,0.15,330.0,15.0,3.33,0.16,310.0,16.0,2.5,0.19,420.0,0
2025-06-25,6,1,2,4889,46,6.95,1,0.11,5.24,3.68,28.0,14.0,114.0,1.0,0.0,0.13,22.0,8.18,0.14,200.0,15.0,4.0,0.13,190.0,18.0,3.88,0.16,260.0,18.0,1.11,0.1,200.0,19.0,3.68,0.13,200.0,22.0,0.9,0.14,300.0,0
2025-06-25,6,2,5,3807,22,7.01,2,0.34,4.3,1.9,15.0,6.0,110.0,0.0,0.0,0.18,16.0,5.0,0.17,350.0,22.0,0.45,0.19,370.0,16.0,3.12,0.15,290.0,21.0,1.42,0.19,360.0,18.0,2.22,0.18,390.0,17.0,0.0,0.19,430.0,0
2025-06-25,6,3,3,4757,12,7.08,4,0.14,6.6,4.55,29.0,32.0,134.0,2.0,0.0,0.14,27.0,7.4,0.13,300.0,21.0,4.76,0.16,410.0,20.0,4.5,0.16,330.0,19.0,4.73,0.14,380.0,30.0,2.66,0.14,340.0,17.0,2.94,0.14,360.0,0
2025-06-25,6,4,1,4739,47,6.87,3,0.13,6.29,3.92,28.0,21.0,125.0,6.0,0.0,0.15,22.0,7.72,0.16,280.0,20.0,6.5,0.15,300.0,24.0,4.16,0.12,250.0,22.0,2.27,0.13,300.0,21.0,1.9,0.15,380.0,16.0,0.0,0.18,380.0,0
2025-06-25,6,5,6,3736,30,6.94,5,0.14,4.51,2.33,9.0,12.0,90.0,1.0,0.0,0.18,11.0,6.36,0.17,370.0,20.0,3.0,0.18,460.0,16.0,1.25,0.15,330.0,10.0,2.0,0.17,300.0,23.0,1.3,0.19,390.0,10.0,1.0,0.22,480.0,0
2025-06-25,6,6,4,3935,23,7.04,6,0.26,5.21,2.94,11.0,12.0,78.0,0.0,0.0,0.17,13.0,7.69,0.12,210.0,14.0,3.57,0.16,290.0,12.0,2.5,0.17,310.0,15.0,2.0,0.16,380.0,10.0,2.0,0.22,420.0,14.0,0.0,0.24,490.0,0
2025-06-25,7,1,6,3362,18,6.9,1,0.29,6.16,4.91,26.0,35.0,124.0,4.0,1.0,0.19,23.0,9.13,0.15,280.0,41.0,5.12,0.2,420.0,33.0,3.63,0.19,400.0,25.0,2.8,0.2,440.0,2.0,0.0,0.23,450.0,0.0,0.0,0.0,0.0,0
2025-06-25,7,2,1,5049,9,6.89,2,0.08,5.5,3.92,18.0,15.0,84.0,1.0,0.0,0.17,12.0,9.16,0.13,200.0,14.0,6.42,0.18,330.0,12.0,2.5,0.13,310.0,17.0,3.52,0.17,340.0,12.0,2.5,0.18,330.0,16.0,0.62,0.19,410.0,0
2025-06-25,7,3,2,3960,49,6.85,3,0.12,7.28,4.85,24.0,26.0,103.0,3.0,1.0,0.11,21.0,8.57,0.08,210.0,18.0,3.88,0.11,290.0,20.0,7.0,0.13,270.0,17.0,3.52,0.12,220.0,16.0,1.87,0.12,260.0,11.0,1.81,0.12,340.0,0
2025-06-25,7,4,5,4976,57,6.9,4,0.12,5.49,3.6,25.0,24.0,136.0,2.0,0.0,0.16,18.0,6.66,0.16,290.0,28.0,5.35,0.16,280.0,22.0,4.54,0.13,270.0,21.0,2.85,0.16,280.0,25.0,1.6,0.14,270.0,22.0,0.9,0.19,360.0,0
2025-06-25,7,5,4,5106,8,6.84,6,0.16,3.97,2.03,11.0,10.0,103.0,1.0,0.0,0.21,16.0,5.0,0.22,480.0,21.0,1.9,0.23,450.0,13.0,2.3,0.2,380.0,17.0,0.58,0.21,510.0,17.0,2.35,0.19,400.0,19.0,0.52,0.24,510.0,0
2025-06-25,7,6,3,4584,19,6.96,5,0.09,6.53,4.68,44.0,22.0,141.0,5.0,0.0,0.12,31.0,8.38,0.12,180.0,21.0,6.19,0.12,220.0,24.0,3.75,0.12,250.0,22.0,4.09,0.11,220.0,24.0,2.91,0.14,300.0,19.0,1.05,0.13,390.0,0
2025-06-25,9,1,2,4369,17,7.03,1,0.19,6.42,4.7,28.0,27.0,117.0,5.0,1.0,0.17,23.0,8.26,0.18,340.0,20.0,3.5,0.18,340.0,20.0,6.0,0.16,350.0,20.0,5.5,0.17,290.0,17.0,2.35,0.16,350.0,17.0,1.17,0.19,450.0,0
2025-06-25,9,2,1,5224,50,6.91,2,0.19,6.59,4.49,27.0,35.0,138.0,3.0,0.0,0.16,31.0,7.74,0.17,280.0,24.0,5.0,0.13,280.0,23.0,3.91,0.14,300.0,18.0,2.77,0.18,370.0,19.0,4.21,0.15,270.0,23.0,1.73,0.21,430.0,0
2025-06-25,9,3,6,5096,58,6.93,3,0.16,5.94,4.41,26.0,23.0,111.0,2.0,0.0,0.13,18.0,7.77,0.12,240.0,18.0,5.0,0.13,230.0,18.0,3.88,0.12,190.0,18.0,4.44,0.13,220.0,22.0,3.18,0.14,230.0,17.0,2.35,0.13,230.0,0
2025-06-25,9,4,5,3777,60,6.94,6,0.16,5.86,3.96,30.0,18.0,121.0,3.0,0.0,0.19,24.0,7.5,0.2,380.0,22.0,5.0,0.16,320.0,21.0,4.28,0.15,320.0,15.0,1.33,0.21,390.0,22.0,2.72,0.2,370.0,17.0,1.17,0.21,440.0,0
2025-06-25,9,5,4,4533,62,6.97,4,0.16,5.71,3.72,20.0,18.0,102.0,1.0,0.0,0.16,18.0,7.77,0.17,310.0,10.0,3.0,0.17,330.0,23.0,3.04,0.15,290.0,19.0,4.73,0.13,230.0,19.0,2.1,0.16,350.0,13.0,0.76,0.21,430.0,0
2025-06-25,9,6,3,4505,20,6.94,5,0.17,6.33,4.45,23.0,18.0,92.0,3.0,1.0,0.16,19.0,7.89,0.14,270.0,13.0,4.61,0.16,330.0,13.0,3.07,0.14,330.0,15.0,2.0,0.21,420.0,13.0,6.15,0.12,230.0,19.0,2.63,0.18,390.0,0
2025-06-25,10,1,6,4593,66,6.85,1,0.15,5.62,3.96,18.0,22.0,101.0,0.0,0.0,0.18,22.0,9.09,0.15,250.0,17.0,4.7,0.15,300.0,12.0,3.33,0.17,320.0,18.0,2.77,0.19,370.0,15.0,1.33,0.21,430.0,17.0,0.58,0.21,450.0,0
2025-06-25,10,2,2,3986,11,6.92,2,0.1,4.98,3.08,15.0,18.0,107.0,0.0,0.0,0.17,15.0,8.66,0.14,210.0,17.0,4.7,0.18,350.0,22.0,2.27,0.16,340.0,19.0,2.63,0.17,370.0,19.0,0.52,0.16,370.0,15.0,0.66,0.19,430.0,0
2025-06-25,10,3,1,4856,61,6.85,3,0.11,6.88,4.92,36.0,27.0,128.0,5.0,2.0,0.14,27.0,9.25,0.12,210.0,21.0,4.28,0.14,300.0,21.0,5.23,0.13,310.0,21.0,3.81,0.14,300.0,20.0,4.0,0.15,310.0,18.0,1.11,0.18,390.0,0
2025-06-25,10,4,3,4889,46,6.88,4,0.08,5.24,3.68,28.0,14.0,114.0,1.0,0.0,0.13,22.0,8.18,0.14,200.0,15.0,4.0,0.13,190.0,18.0,3.88,0.16,260.0,18.0,1.11,0.1,200.0,19.0,3.68,0.13,200.0,22.0,0.9,0.14,300.0,0
2025-06-25,10,5,5,3956,59,6.93,5,0.18,5.94,3.9,30.0,18.0,123.0,0.0,0.0,0.16,28.0,8.57,0.16,290.0,17.0,4.11,0.14,320.0,22.0,3.18,0.15,310.0,22.0,3.63,0.17,350.0,21.0,0.95,0.17,360.0,13.0,0.0,0.19,420.0,0
2025-06-25,10,6,4,4167,37,7.02,6,0.16,5.07,2.59,7.0,21.0,108.0,0.0,0.0,0.15,16.0,3.75,0.16,290.0,22.0,3.63,0.15,320.0,20.0,4.0,0.12,270.0,16.0,1.25,0.17,360.0,21.0,1.9,0.16,290.0,13.0,0.0,0.14,350.0,0
2025-06-25,11,1,2,4757,12,6.9,1,0.12,6.6,4.55,29.0,32.0,134.0,2.0,0.0,0.14,27.0,7.4,0.13,300.0,21.0,4.76,0.16,410.0,20.0,4.5,0.16,330.0,19.0,4.73,0.14,380.0,30.0,2.66,0.14,340.0,17.0,2.94,0.14,360.0,0
2025-06-25,11,2,1,4584,19,6.8,2,0.13,6.53,4.68,44.0,22.0,141.0,5.0,0.0,0.12,31.0,8.38,0.12,180.0,21.0,6.19,0.12,220.0,24.0,3.75,0.12,250.0,22.0,4.09,0.11,220.0,24.0,2.91,0.14,300.0,19.0,1.05,0.13,390.0,0
2025-06-25,11,3,3,4269,5,6.81,3,0.14,6.58,4.32,29.0,22.0,118.0,4.0,1.0,0.15,22.0,9.09,0.15,250.0,22.0,4.09,0.14,240.0,19.0,1.57,0.15,270.0,24.0,4.16,0.15,330.0,15.0,3.33,0.16,310.0,16.0,2.5,0.19,420.0,0
2025-06-25,11,4,5,4931,13,7.0,4,0.17,5.63,3.12,24.0,20.0,141.0,2.0,0.0,0.16,28.0,7.85,0.13,240.0,22.0,4.09,0.16,300.0,20.0,4.0,0.15,320.0,30.0,1.0,0.18,390.0,16.0,0.62,0.16,390.0,25.0,0.4,0.18,490.0,0
2025-06-25,11,5,6,3684,25,6.97,5,0.16,6.16,4.37,29.0,30.0,135.0,3.0,1.0,0.18,28.0,7.85,0.13,220.0,24.0,4.16,0.17,320.0,22.0,4.09,0.15,290.0,20.0,4.0,0.17,330.0,25.0,4.0,0.21,360.0,16.0,0.0,0.28,530.0,0
2025-06-25,11,6,4,4254,16,6.9,6,0.11,5.84,4.18,27.0,22.0,117.0,1.0,0.0,0.14,21.0,8.57,0.11,160.0,20.0,6.0,0.14,210.0,24.0,2.08,0.15,290.0,18.0,5.0,0.13,240.0,22.0,1.81,0.14,270.0,12.0,0.83,0.18,360.0,0
2025-06-26,1,1,2,3843,41,6.87,1,0.02,4.68,2.58,17.0,14.0,120.0,1.0,0.0,0.17,16.0,6.25,0.2,330.0,17.0,3.52,0.19,340.0,25.0,2.8,0.18,320.0,23.0,2.6,0.17,320.0,23.0,0.87,0.14,310.0,16.0,0.0,0.18,410.0,0
2025-06-26,1,2,1,4578,65,6.85,2,0.04,6.24,4.62,34.0,21.0,119.0,1.0,0.0,0.16,19.0,10.0,0.12,190.0,24.0,6.25,0.16,330.0,22.0,3.18,0.15,270.0,20.0,4.0,0.16,310.0,18.0,2.22,0.15,300.0,16.0,1.25,0.2,390.0,0
2025-06-26,1,3,5,3935,23,6.96,3,0.02,5.21,2.94,11.0,12.0,78.0,0.0,0.0,0.17,13.0,7.69,0.12,210.0,14.0,3.57,0.16,290.0,12.0,2.5,0.17,310.0,15.0,2.0,0.16,380.0,10.0,2.0,0.22,420.0,14.0,0.0,0.24,490.0,0
2025-06-26,1,4,4,3807,22,6.96,4,0.08,4.3,1.9,15.0,6.0,110.0,0.0,0.0,0.18,16.0,5.0,0.17,350.0,22.0,0.45,0.19,370.0,16.0,3.12,0.15,290.0,21.0,1.42,0.19,360.0,18.0,2.22,0.18,390.0,17.0,0.0,0.19,430.0,0
2025-06-26,1,5,3,5229,31,6.83,5,0.02,5.65,3.95,24.0,31.0,139.0,2.0,0.0,0.16,17.0,8.82,0.16,270.0,25.0,2.4,0.18,350.0,22.0,5.45,0.19,380.0,28.0,4.64,0.16,280.0,30.0,2.33,0.14,240.0,17.0,1.17,0.15,240.0,0
2025-06-26,1,6,6,4906,36,6.89,6,0.08,5.75,4.0,21.0,23.0,110.0,0.0,0.0,0.16,17.0,8.23,0.16,310.0,20.0,5.5,0.17,360.0,19.0,2.1,0.15,340.0,20.0,4.0,0.14,260.0,19.0,3.15,0.16,310.0,15.0,0.66,0.2,390.0,0
2025-06-26,3,1,2,4533,62,6.82,1,0.05,5.71,3.72,20.0,18.0,102.0,1.0,0.0,0.16,18.0,7.77,0.17,310.0,10.0,3.0,0.17,330.0,23.0,3.04,0.15,290.0,19.0,4.73,0.13,230.0,19.0,2.1,0.16,350.0,13.0,0.76,0.21,430.0,0
2025-06-26,3,2,5,4495,52,6.92,2,0.02,4.49,2.52,15.0,9.0,95.0,0.0,0.0,0.16,10.0,8.0,0.11,210.0,17.0,3.52,0.16,380.0,16.0,0.62,0.15,350.0,12.0,0.83,0.21,360.0,20.0,3.0,0.15,270.0,20.0,1.0,0.14,310.0,0
2025-06-26,3,3,4,4593,66,6.87,3,0.02,5.62,3.96,18.0,22.0,101.0,0.0,0.0,0.18,22.0,9.09,0.15,250.0,17.0,4.7,0.15,300.0,12.0,3.33,0.17,320.0,18.0,2.77,0.19,370.0,15.0,1.33,0.21,430.0,17.0,0.58,0.21,450.0,0
2025-06-26,3,4,6,4167,37,6.93,4,0.06,5.07,2.59,7.0,21.0,108.0,0.0,0.0,0.15,16.0,3.75,0.16,290.0,22.0,3.63,0.15,320.0,20.0,4.0,0.12,270.0,16.0,1.25,0.17,360.0,21.0,1.9,0.16,290.0,13.0,0.0,0.14,350.0,0
2025-06-26,3,5,1,4254,16,6.9,5,0.01,5.84,4.18,27.0,22.0,117.0,1.0,0.0,0.14,21.0,8.57,0.11,160.0,20.0,6.0,0.14,210.0,24.0,2.08,0.15,290.0,18.0,5.0,0.13,240.0,22.0,1.81,0.14,270.0,12.0,0.83,0.18,360.0,0
2025-06-26,3,6,3,4739,47,6.92,6,0.04,6.29,3.92,28.0,21.0,125.0,6.0,0.0,0.15,22.0,7.72,0.16,280.0,20.0,6.5,0.15,300.0,24.0,4.16,0.12,250.0,22.0,2.27,0.13,300.0,21.0,1.9,0.15,380.0,16.0,0.0,0.18,380.0,0
2025-06-26,7,1,2,3696,43,6.9,1,0.14,5.34,3.27,15.0,22.0,113.0,1.0,0.0,0.19,21.0,7.61,0.19,440.0,20.0,3.0,0.21,430.0,22.0,5.0,0.18,370.0,19.0,0.52,0.17,410.0,17.0,0.58,0.19,360.0,14.0,1.42,0.22,490.0,0
2025-06-26,7,2,1,4856,61,6.8,2,0.12,6.88,4.92,36.0,27.0,128.0,5.0,2.0,0.14,27.0,9.25,0.12,210.0,21.0,4.28,0.14,300.0,21.0,5.23,0.13,310.0,21.0,3.81,0.14,300.0,20.0,4.0,0.15,310.0,18.0,1.11,0.18,390.0,0
2025-06-26,7,3,3,4495,52,6.9,3,0.12,4.49,2.52,15.0,9.0,95.0,0.0,0.0,0.16,10.0,8.0,0.11,210.0,17.0,3.52,0.16,380.0,16.0,0.62,0.15,350.0,12.0,0.83,0.21,360.0,20.0,3.0,0.15,270.0,20.0,1.0,0.14,310.0,0
2025-06-26,7,4,4,3935,23,6.93,4,0.29,5.21,2.94,11.0,12.0,78.0,0.0,0.0,0.17,13.0,7.69,0.12,210.0,14.0,3.57,0.16,290.0,12.0,2.5,0.17,310.0,15.0,2.0,0.16,380.0,10.0,2.0,0.22,420.0,14.0,0.0,0.24,490.0,0
2025-06-26,7,5,5,5224,50,6.87,5,0.32,6.59,4.49,27.0,35.0,138.0,3.0,0.0,0.16,31.0,7.74,0.17,280.0,24.0,5.0,0.13,280.0,23.0,3.91,0.14,300.0,18.0,2.77,0.18,370.0,19.0,4.21,0.15,270.0,23.0,1.73,0.21,430.0,0
2025-06-26,7,6,6,5096,58,6.92,6,0.29,5.94,4.41,26.0,23.0,111.0,2.0,0.0,0.13,18.0,7.77,0.12,240.0,18.0,5.0,0.13,230.0,18.0,3.88,0.12,190.0,18.0,4.44,0.13,220.0,22.0,3.18,0.14,230.0,17.0,2.35,0.13,230.0,0
2025-06-27,2,1,4,4976,57,6.77,1,0.14,5.49,3.6,25.0,24.0,136.0,2.0,0.0,0.16,18.0,6.66,0.16,290.0,28.0,5.35,0.16,280.0,22.0,4.54,0.13,270.0,21.0,2.85,0.16,280.0,25.0,1.6,0.14,270.0,22.0,0.9,0.19,360.0,0
2025-06-27,2,2,5,3362,18,6.89,2,0.13,6.16,4.91,26.0,35.0,124.0,4.0,1.0,0.19,23.0,9.13,0.15,280.0,41.0,5.12,0.2,420.0,33.0,3.63,0.19,400.0,25.0,2.8,0.2,440.0,2.0,0.0,0.23,450.0,0.0,0.0,0.0,0.0,0
2025-06-27,2,3,3,4906,36,6.87,3,0.01,5.75,4.0,21.0,23.0,110.0,0.0,0.0,0.16,17.0,8.23,0.16,310.0,20.0,5.5,0.17,360.0,19.0,2.1,0.15,340.0,20.0,4.0,0.14,260.0,19.0,3.15,0.16,310.0,15.0,0.66,0.2,390.0,0
2025-06-27,2,4,2,4578,65,6.84,4,0.02,6.24,4.62,34.0,21.0,119.0,1.0,0.0,0.16,19.0,10.0,0.12,190.0,24.0,6.25,0.16,330.0,22.0,3.18,0.15,270.0,20.0,4.0,0.16,310.0,18.0,2.22,0.15,300.0,16.0,1.25,0.2,390.0,0
2025-06-27,2,5,1,4966,7,6.89,5,0.08,5.54,3.59,21.0,20.0,114.0,0.0,0.0,0.14,20.0,8.5,0.15,210.0,17.0,3.52,0.13,270.0,21.0,2.38,0.15,300.0,21.0,3.33,0.15,270.0,13.0,3.84,0.14,280.0,22.0,0.45,0.14,330.0,0
2025-06-27,2,6,6,3696,43,6.98,6,0.11,5.34,3.27,15.0,22.0,113.0,1.0,0.0,0.19,21.0,7.61,0.19,440.0,20.0,3.0,0.21,430.0,22.0,5.0,0.18,370.0,19.0,0.52,0.17,410.0,17.0,0.58,0.19,360.0,14.0,1.42,0.22,490.0,0
2025-06-27,4,1,4,5135,10,6.87,1,0.11,5.81,4.1,25.0,21.0,112.0,4.0,1.0,0.15,18.0,8.88,0.13,260.0,20.0,4.0,0.16,370.0,23.0,3.47,0.16,340.0,19.0,3.15,0.15,280.0,16.0,3.75,0.17,380.0,15.0,1.33,0.15,330.0,0
2025-06-27,4,2,2,5229,31,6.84,2,0.09,5.65,3.95,24.0,31.0,139.0,2.0,0.0,0.16,17.0,8.82,0.16,270.0,25.0,2.4,0.18,350.0,22.0,5.45,0.19,380.0,28.0,4.64,0.16,280.0,30.0,2.33,0.14,240.0,17.0,1.17,0.15,240.0,0
2025-06-27,4,3,3,3961,54,6.91,3,0.15,6.39,4.21,30.0,21.0,121.0,3.0,0.0,0.16,25.0,8.4,0.17,310.0,21.0,3.33,0.15,300.0,23.0,5.65,0.15,270.0,13.0,3.07,0.16,270.0,20.0,1.5,0.16,380.0,19.0,1.57,0.17,330.0,0
2025-06-27,4,4,5,5049,9,6.88,4,0.17,5.5,3.92,18.0,15.0,84.0,1.0,0.0,0.17,12.0,9.16,0.13,200.0,14.0,6.42,0.18,330.0,12.0,2.5,0.13,310.0,17.0,3.52,0.17,340.0,12.0,2.5,0.18,330.0,16.0,0.62,0.19,410.0,0
2025-06-27,4,5,6,4167,37,6.97,5,0.19,5.07,2.59,7.0,21.0,108.0,0.0,0.0,0.15,16.0,3.75,0.16,290.0,22.0,3.63,0.15,320.0,20.0,4.0,0.12,270.0,16.0,1.25,0.17,360.0,21.0,1.9,0.16,290.0,13.0,0.0,0.14,350.0,0
2025-06-27,4,6,1,3960,49,6.91,6,0.07,7.28,4.85,24.0,26.0,103.0,3.0,1.0,0.11,21.0,8.57,0.08,210.0,18.0,3.88,0.11,290.0,20.0,7.0,0.13,270.0,17.0,3.52,0.12,220.0,16.0,1.87,0.12,260.0,11.0,1.81,0.12,340.0,0
2025-06-27,5,1,3,3807,22,6.98,1,0.21,4.3,1.9,15.0,6.0,110.0,0.0,0.0,0.18,16.0,5.0,0.17,350.0,22.0,0.45,0.19,370.0,16.0,3.12,0.15,290.0,21.0,1.42,0.19,360.0,18.0,2.22,0.18,390.0,17.0,0.0,0.19,430.0,0
2025-06-27,5,2,5,3852,29,6.93,2,0.26,5.24,3.55,19.0,29.0,135.0,2.0,0.0,0.17,22.0,6.81,0.16,350.0,28.0,3.57,0.16,310.0,18.0,3.33,0.17,330.0,20.0,5.5,0.17,310.0,26.0,1.92,0.17,330.0,21.0,0.47,0.16,360.0,0
2025-06-27,5,3,6,5197,40,6.9,3,0.26,6.29,4.07,33.0,11.0,108.0,4.0,0.0,0.12,22.0,8.63,0.13,220.0,15.0,4.0,0.12,210.0,21.0,5.23,0.11,220.0,18.0,2.77,0.11,240.0,16.0,1.25,0.11,230.0,15.0,0.66,0.14,290.0,0
2025-06-27,5,4,1,5199,39,6.89,4,0.09,4.2,2.46,5.0,12.0,69.0,0.0,0.0,0.16,9.0,4.44,0.2,380.0,13.0,4.61,0.14,220.0,10.0,1.0,0.18,320.0,10.0,3.0,0.14,180.0,13.0,2.3,0.14,280.0,14.0,0.0,0.19,410.0,0
2025-06-27,5,5,2,4593,66,6.78,5,0.17,5.62,3.96,18.0,22.0,101.0,0.0,0.0,0.18,22.0,9.09,0.15,250.0,17.0,4.7,0.15,300.0,12.0,3.33,0.17,320.0,18.0,2.77,0.19,370.0,15.0,1.33,0.21,430.0,17.0,0.58,0.21,450.0,0
2025-06-27,5,6,4,4331,21,6.88,6,0.16,5.42,3.1,20.0,17.0,119.0,0.0,0.0,0.16,22.0,6.81,0.14,230.0,18.0,3.33,0.14,240.0,21.0,4.28,0.15,300.0,17.0,2.94,0.17,320.0,25.0,0.4,0.17,330.0,16.0,0.62,0.2,480.0,0
2025-06-27,9,1,6,3961,54,6.89,1,0.19,6.39,4.21,30.0,21.0,121.0,3.0,0.0,0.16,25.0,8.4,0.17,310.0,21.0,3.33,0.15,300.0,23.0,5.65,0.15,270.0,13.0,3.07,0.16,270.0,20.0,1.5,0.16,380.0,19.0,1.57,0.17,330.0,0
2025-06-27,9,2,5,4583,28,6.89,2,0.17,5.49,3.46,18.0,18.0,104.0,0.0,0.0,0.16,16.0,8.75,0.15,230.0,15.0,4.0,0.14,310.0,23.0,4.34,0.14,250.0,18.0,1.66,0.16,250.0,19.0,1.57,0.18,330.0,13.0,0.0,0.21,460.0,0
2025-06-27,9,3,1,3956,59,6.91,3,0.14,5.94,3.9,30.0,18.0,123.0,0.0,0.0,0.16,28.0,8.57,0.16,290.0,17.0,4.11,0.14,320.0,22.0,3.18,0.15,310.0,22.0,3.63,0.17,350.0,21.0,0.95,0.17,360.0,13.0,0.0,0.19,420.0,0
2025-06-27,9,4,4,4269,5,6.85,4,0.16,6.58,4.32,29.0,22.0,118.0,4.0,1.0,0.15,22.0,9.09,0.15,250.0,22.0,4.09,0.14,240.0,19.0,1.57,0.15,270.0,24.0,4.16,0.15,330.0,15.0,3.33,0.16,310.0,16.0,2.5,0.19,420.0,0
2025-06-27,9,5,3,3852,29,6.88,5,0.21,5.24,3.55,19.0,29.0,135.0,2.0,0.0,0.17,22.0,6.81,0.16,350.0,28.0,3.57,0.16,310.0,18.0,3.33,0.17,330.0,20.0,5.5,0.17,310.0,26.0,1.92,0.17,330.0,21.0,0.47,0.16,360.0,0
2025-06-27,9,6,2,4578,65,6.81,6,0.16,6.24,4.62,34.0,21.0,119.0,1.0,0.0,0.16,19.0,10.0,0.12,190.0,24.0,6.25,0.16,330.0,22.0,3.18,0.15,270.0,20.0,4.0,0.16,310.0,18.0,2.22,0.15,300.0,16.0,1.25,0.2,390.0,0
2025-06-27,11,1,2,4980,56,6.81,1,0.17,6.55,4.66,37.0,25.0,133.0,6.0,1.0,0.15,30.0,7.33,0.14,250.0,22.0,5.9,0.14,280.0,22.0,4.54,0.16,310.0,21.0,3.33,0.18,400.0,19.0,3.68,0.14,370.0,19.0,1.57,0.16,440.0,0
2025-06-27,11,2,6,3696,43,6.84,2,0.23,5.34,3.27,15.0,22.0,113.0,1.0,0.0,0.19,21.0,7.61,0.19,440.0,20.0,3.0,0.21,430.0,22.0,5.0,0.18,370.0,19.0,0.52,0.17,410.0,17.0,0.58,0.19,360.0,14.0,1.42,0.22,490.0,0
2025-06-27,11,3,4,4331,21,6.87,4,0.13,5.42,3.1,20.0,17.0,119.0,0.0,0.0,0.16,22.0,6.81,0.14,230.0,18.0,3.33,0.14,240.0,21.0,4.28,0.15,300.0,17.0,2.94,0.17,320.0,25.0,0.4,0.17,330.0,16.0,0.62,0.2,480.0,0
2025-06-27,11,4,1,5229,31,6.88,5,0.15,5.65,3.95,24.0,31.0,139.0,2.0,0.0,0.16,17.0,8.82,0.16,270.0,25.0,2.4,0.18,350.0,22.0,5.45,0.19,380.0,28.0,4.64,0.16,280.0,30.0,2.33,0.14,240.0,17.0,1.17,0.15,240.0,0
2025-06-27,11,5,5,4584,19,6.82,3,0.15,6.53,4.68,44.0,22.0,141.0,5.0,0.0,0.12,31.0,8.38,0.12,180.0,21.0,6.19,0.12,220.0,24.0,3.75,0.12,250.0,22.0,4.09,0.11,220.0,24.0,2.91,0.14,300.0,19.0,1.05,0.13,390.0,0
2025-06-27,11,6,3,5224,50,6.85,6,0.23,6.59,4.49,27.0,35.0,138.0,3.0,0.0,0.16,31.0,7.74,0.17,280.0,24.0,5.0,0.13,280.0,23.0,3.91,0.14,300.0,18.0,2.77,0.18,370.0,19.0,4.21,0.15,270.0,23.0,1.73,0.21,430.0,0
2025-06-28,1,1,5,3935,23,6.78,1,0.07,5.21,2.94,11.0,12.0,78.0,0.0,0.0,0.17,13.0,7.69,0.12,210.0,14.0,3.57,0.16,290.0,12.0,2.5,0.17,310.0,15.0,2.0,0.16,380.0,10.0,2.0,0.22,420.0,14.0,0.0,0.24,490.0,0
2025-06-28,1,2,1,3747,53,6.71,2,0.11,5.37,3.73,22.0,25.0,126.0,1.0,0.0,0.15,21.0,8.09,0.13,260.0,21.0,2.85,0.15,280.0,22.0,3.18,0.15,290.0,21.0,4.76,0.17,300.0,21.0,3.33,0.17,300.0,19.0,0.0,0.12,230.0,0
2025-06-28,1,3,3,5135,10,6.67,3,0.08,5.81,4.1,25.0,21.0,112.0,4.0,1.0,0.15,18.0,8.88,0.13,260.0,20.0,4.0,0.16,370.0,23.0,3.47,0.16,340.0,19.0,3.15,0.15,280.0,16.0,3.75,0.17,380.0,15.0,1.33,0.15,330.0,0
2025-06-28,1,4,4,4167,37,6.82,4,0.15,5.07,2.59,7.0,21.0,108.0,0.0,0.0,0.15,16.0,3.75,0.16,290.0,22.0,3.63,0.15,320.0,20.0,4.0,0.12,270.0,16.0,1.25,0.17,360.0,21.0,1.9,0.16,290.0,13.0,0.0,0.14,350.0,0
2025-06-28,1,5,6,3736,30,6.75,5,0.08,4.51,2.33,9.0,12.0,90.0,1.0,0.0,0.18,11.0,6.36,0.17,370.0,20.0,3.0,0.18,460.0,16.0,1.25,0.15,330.0,10.0,2.0,0.17,300.0,23.0,1.3,0.19,390.0,10.0,1.0,0.22,480.0,0
2025-06-28,1,6,2,5388,14,6.77,6,0.05,2.18,0.16,0.0,1.0,62.0,0.0,0.0,0.17,0.0,0.0,0.0,0.0,0.0,0.0,0.0,0.0,0.0,0.0,0.0,0.0,0.0,0.0,0.0,0.0,1.0,0.0,0.07,100.0,61.0,0.16,0.18,340.0,0
2025-06-28,2,1,5,4533,62,6.71,1,0.29,5.71,3.72,20.0,18.0,102.0,1.0,0.0,0.16,18.0,7.77,0.17,310.0,10.0,3.0,0.17,330.0,23.0,3.04,0.15,290.0,19.0,4.73,0.13,230.0,19.0,2.1,0.16,350.0,13.0,0.76,0.21,430.0,0
2025-06-28,2,2,3,4906,36,6.72,2,0.18,5.75,4.0,21.0,23.0,110.0,0.0,0.0,0.16,17.0,8.23,0.16,310.0,20.0,5.5,0.17,360.0,19.0,2.1,0.15,340.0,20.0,4.0,0.14,260.0,19.0,3.15,0.16,310.0,15.0,0.66,0.2,390.0,0
2025-06-28,2,3,1,4369,17,6.78,3,0.19,6.42,4.7,28.0,27.0,117.0,5.0,1.0,0.17,23.0,8.26,0.18,340.0,20.0,3.5,0.18,340.0,20.0,6.0,0.16,350.0,20.0,5.5,0.17,290.0,17.0,2.35,0.16,350.0,17.0,1.17,0.19,450.0,0
2025-06-28,2,4,6,5199,39,6.69,4,0.17,4.2,2.46,5.0,12.0,69.0,0.0,0.0,0.16,9.0,4.44,0.2,380.0,13.0,4.61,0.14,220.0,10.0,1.0,0.18,320.0,10.0,3.0,0.14,180.0,13.0,2.3,0.14,280.0,14.0,0.0,0.19,410.0,0
2025-06-28,2,5,2,5224,50,6.71,5,0.21,6.59,4.49,27.0,35.0,138.0,3.0,0.0,0.16,31.0,7.74,0.17,280.0,24.0,5.0,0.13,280.0,23.0,3.91,0.14,300.0,18.0,2.77,0.18,370.0,19.0,4.21,0.15,270.0,23.0,1.73,0.21,430.0,0
2025-06-28,2,6,4,3852,29,6.82,6,0.16,5.24,3.55,19.0,29.0,135.0,2.0,0.0,0.17,22.0,6.81,0.16,350.0,28.0,3.57,0.16,310.0,18.0,3.33,0.17,330.0,20.0,5.5,0.17,310.0,26.0,1.92,0.17,330.0,21.0,0.47,0.16,360.0,0
2025-06-28,3,1,2,5096,58,6.79,1,0.06,5.94,4.41,26.0,23.0,111.0,2.0,0.0,0.13,18.0,7.77,0.12,240.0,18.0,5.0,0.13,230.0,18.0,3.88,0.12,190.0,18.0,4.44,0.13,220.0,22.0,3.18,0.14,230.0,17.0,2.35,0.13,230.0,0
2025-06-28,3,2,1,5197,40,6.72,2,0.04,6.29,4.07,33.0,11.0,108.0,4.0,0.0,0.12,22.0,8.63,0.13,220.0,15.0,4.0,0.12,210.0,21.0,5.23,0.11,220.0,18.0,2.77,0.11,240.0,16.0,1.25,0.11,230.0,15.0,0.66,0.14,290.0,0
2025-06-28,3,3,5,4254,16,6.69,3,0.03,5.84,4.18,27.0,22.0,117.0,1.0,0.0,0.14,21.0,8.57,0.11,160.0,20.0,6.0,0.14,210.0,24.0,2.08,0.15,290.0,18.0,5.0,0.13,240.0,22.0,1.81,0.14,270.0,12.0,0.83,0.18,360.0,0
2025-06-28,3,4,4,4578,65,6.73,4,0.09,6.24,4.62,34.0,21.0,119.0,1.0,0.0,0.16,19.0,10.0,0.12,190.0,24.0,6.25,0.16,330.0,22.0,3.18,0.15,270.0,20.0,4.0,0.16,310.0,18.0,2.22,0.15,300.0,16.0,1.25,0.2,390.0,0
2025-06-28,3,5,6,5375,15,6.75,6,0.17,1.15,0.0,0.0,0.0,59.0,0.0,0.0,0.23,0.0,0.0,0.0,0.0,0.0,0.0,0.0,0.0,0.0,0.0,0.0,0.0,0.0,0.0,0.0,0.0,0.0,0.0,0.0,0.0,59.0,0.0,0.23,470.0,0
2025-06-28,3,6,3,5229,31,6.74,5,0.02,5.65,3.95,24.0,31.0,139.0,2.0,0.0,0.16,17.0,8.82,0.16,270.0,25.0,2.4,0.18,350.0,22.0,5.45,0.19,380.0,28.0,4.64,0.16,280.0,30.0,2.33,0.14,240.0,17.0,1.17,0.15,240.0,0
2025-06-29,3,1,3,3852,29,6.77,1,0.14,5.24,3.55,19.0,29.0,135.0,2.0,0.0,0.17,22.0,6.81,0.16,350.0,28.0,3.57,0.16,310.0,18.0,3.33,0.17,330.0,20.0,5.5,0.17,310.0,26.0,1.92,0.17,330.0,21.0,0.47,0.16,360.0,0
2025-06-29,3,2,5,4966,7,6.81,2,0.12,5.54,3.59,21.0,20.0,114.0,0.0,0.0,0.14,20.0,8.5,0.15,210.0,17.0,3.52,0.13,270.0,21.0,2.38,0.15,300.0,21.0,3.33,0.15,270.0,13.0,3.84,0.14,280.0,22.0,0.45,0.14,330.0,0
2025-06-29,3,3,6,4583,28,6.82,3,0.17,5.49,3.46,18.0,18.0,104.0,0.0,0.0,0.16,16.0,8.75,0.15,230.0,15.0,4.0,0.14,310.0,23.0,4.34,0.14,250.0,18.0,1.66,0.16,250.0,19.0,1.57,0.18,330.0,13.0,0.0,0.21,460.0,0
2025-06-29,3,4,1,4533,62,6.75,4,0.09,5.71,3.72,20.0,18.0,102.0,1.0,0.0,0.16,18.0,7.77,0.17,310.0,10.0,3.0,0.17,330.0,23.0,3.04,0.15,290.0,19.0,4.73,0.13,230.0,19.0,2.1,0.16,350.0,13.0,0.76,0.21,430.0,0
2025-06-29,3,5,2,4167,37,6.8,5,0.16,5.07,2.59,7.0,21.0,108.0,0.0,0.0,0.15,16.0,3.75,0.16,290.0,22.0,3.63,0.15,320.0,20.0,4.0,0.12,270.0,16.0,1.25,0.17,360.0,21.0,1.9,0.16,290.0,13.0,0.0,0.14,350.0,0
2025-06-29,3,6,4,4889,46,6.79,6,0.19,5.24,3.68,28.0,14.0,114.0,1.0,0.0,0.13,22.0,8.18,0.14,200.0,15.0,4.0,0.13,190.0,18.0,3.88,0.16,260.0,18.0,1.11,0.1,200.0,19.0,3.68,0.13,200.0,22.0,0.9,0.14,300.0,0
2025-06-29,4,1,2,5020,1,6.75,1,0.12,4.14,2.17,8.0,12.0,92.0,0.0,0.0,0.15,12.0,4.16,0.16,230.0,18.0,1.11,0.16,350.0,15.0,3.33,0.12,230.0,16.0,3.12,0.14,270.0,18.0,1.11,0.18,380.0,13.0,0.76,0.16,340.0,0
2025-06-29,4,2,1,4593,66,6.72,2,0.11,5.62,3.96,18.0,22.0,101.0,0.0,0.0,0.18,22.0,9.09,0.15,250.0,17.0,4.7,0.15,300.0,12.0,3.33,0.17,320.0,18.0,2.77,0.19,370.0,15.0,1.33,0.21,430.0,17.0,0.58,0.21,450.0,0
2025-06-29,4,3,3,4584,19,6.68,3,0.13,6.53,4.68,44.0,22.0,141.0,5.0,0.0,0.12,31.0,8.38,0.12,180.0,21.0,6.19,0.12,220.0,24.0,3.75,0.12,250.0,22.0,4.09,0.11,220.0,24.0,2.91,0.14,300.0,19.0,1.05,0.13,390.0,0
2025-06-29,4,4,4,5049,9,6.74,4,0.21,5.5,3.92,18.0,15.0,84.0,1.0,0.0,0.17,12.0,9.16,0.13,200.0,14.0,6.42,0.18,330.0,12.0,2.5,0.13,310.0,17.0,3.52,0.17,340.0,12.0,2.5,0.18,330.0,16.0,0.62,0.19,410.0,0
2025-06-29,4,5,5,5388,14,6.77,5,0.18,2.18,0.16,0.0,1.0,62.0,0.0,0.0,0.17,0.0,0.0,0.0,0.0,0.0,0.0,0.0,0.0,0.0,0.0,0.0,0.0,0.0,0.0,0.0,0.0,1.0,0.0,0.07,100.0,61.0,0.16,0.18,340.0,0
2025-06-29,4,6,6,3843,41,6.8,6,0.19,4.68,2.58,17.0,14.0,120.0,1.0,0.0,0.17,16.0,6.25,0.2,330.0,17.0,3.52,0.19,340.0,25.0,2.8,0.18,320.0,23.0,2.6,0.17,320.0,23.0,0.87,0.14,310.0,16.0,0.0,0.18,410.0,0
2025-06-29,11,1,4,4269,5,6.77,1,0.08,6.58,4.32,29.0,22.0,118.0,4.0,1.0,0.15,22.0,9.09,0.15,250.0,22.0,4.09,0.14,240.0,19.0,1.57,0.15,270.0,24.0,4.16,0.15,330.0,15.0,3.33,0.16,310.0,16.0,2.5,0.19,420.0,0
2025-06-29,11,2,1,3960,49,6.75,2,0.08,7.28,4.85,24.0,26.0,103.0,3.0,1.0,0.11,21.0,8.57,0.08,210.0,18.0,3.88,0.11,290.0,20.0,7.0,0.13,270.0,17.0,3.52,0.12,220.0,16.0,1.87,0.12,260.0,11.0,1.81,0.12,340.0,0
2025-06-29,11,3,3,4578,65,6.77,3,0.09,6.24,4.62,34.0,21.0,119.0,1.0,0.0,0.16,19.0,10.0,0.12,190.0,24.0,6.25,0.16,330.0,22.0,3.18,0.15,270.0,20.0,4.0,0.16,310.0,18.0,2.22,0.15,300.0,16.0,1.25,0.2,390.0,0
2025-06-29,11,4,6,4583,28,6.79,6,0.18,5.49,3.46,18.0,18.0,104.0,0.0,0.0,0.16,16.0,8.75,0.15,230.0,15.0,4.0,0.14,310.0,23.0,4.34,0.14,250.0,18.0,1.66,0.16,250.0,19.0,1.57,0.18,330.0,13.0,0.0,0.21,460.0,0
2025-06-29,11,5,2,4584,19,6.71,4,0.12,6.53,4.68,44.0,22.0,141.0,5.0,0.0,0.12,31.0,8.38,0.12,180.0,21.0,6.19,0.12,220.0,24.0,3.75,0.12,250.0,22.0,4.09,0.11,220.0,24.0,2.91,0.14,300.0,19.0,1.05,0.13,390.0,0
2025-06-29,11,6,5,4980,56,6.91,5,0.16,6.55,4.66,37.0,25.0,133.0,6.0,1.0,0.15,30.0,7.33,0.14,250.0,22.0,5.9,0.14,280.0,22.0,4.54,0.16,310.0,21.0,3.33,0.18,400.0,19.0,3.68,0.14,370.0,19.0,1.57,0.16,440.0,0
2025-07-12,3,1,3,3948,35,6.88,1,0.16,4.48,2.05,14.0,8.0,107.0,0.0,0.0,0.2,18.0,6.11,0.18,280.0,20.0,2.0,0.2,460.0,14.0,2.14,0.19,350.0,19.0,0.52,0.23,430.0,16.0,1.87,0.17,360.0,20.0,0.0,0.24,480.0,0
2025-07-12,3,2,2,4423,12,6.97,2,0.19,4.85,2.94,11.0,17.0,95.0,0.0,0.0,0.19,12.0,6.66,0.15,340.0,17.0,3.52,0.17,440.0,15.0,3.33,0.2,450.0,15.0,2.0,0.2,450.0,20.0,2.0,0.18,400.0,16.0,1.25,0.2,430.0,0
2025-07-12,3,3,5,4464,60,6.84,3,0.25,4.75,2.47,7.0,14.0,85.0,1.0,0.0,0.2,12.0,3.33,0.17,330.0,15.0,3.33,0.2,360.0,14.0,2.85,0.21,390.0,13.0,2.3,0.22,500.0,17.0,1.76,0.21,440.0,14.0,1.42,0.21,410.0,0
2025-07-12,3,4,1,4852,11,6.91,5,0.11,6.42,4.69,35.0,27.0,132.0,4.0,0.0,0.17,27.0,8.14,0.18,330.0,19.0,4.21,0.16,340.0,26.0,4.23,0.16,350.0,23.0,4.34,0.17,330.0,16.0,1.87,0.17,350.0,21.0,3.81,0.16,330.0,0
2025-07-12,3,5,4,4027,15,6.87,6,0.19,5.89,3.86,30.0,16.0,119.0,2.0,0.0,0.17,27.0,6.29,0.16,300.0,21.0,4.76,0.19,370.0,25.0,3.2,0.17,300.0,18.0,5.0,0.13,260.0,18.0,1.11,0.16,280.0,10.0,0.0,0.2,430.0,0
2025-07-12,3,6,6,3297,47,6.82,4,0.18,4.99,3.08,14.0,23.0,120.0,4.0,1.0,0.19,19.0,5.26,0.18,360.0,38.0,2.36,0.21,430.0,39.0,3.59,0.18,350.0,19.0,1.57,0.18,360.0,4.0,0.0,0.2,480.0,1.0,10.0,0.22,100.0,0
2025-07-12,4,1,2,3730,39,6.96,1,0.12,5.01,2.89,15.0,18.0,114.0,0.0,0.0,0.18,18.0,6.66,0.14,260.0,19.0,2.63,0.19,340.0,24.0,2.5,0.16,320.0,18.0,2.77,0.17,320.0,21.0,1.42,0.21,370.0,14.0,1.42,0.18,390.0,0
2025-07-12,4,2,1,4272,66,6.88,2,0.14,5.19,2.61,14.0,19.0,126.0,1.0,0.0,0.15,16.0,8.12,0.14,210.0,25.0,4.4,0.17,350.0,22.0,1.81,0.15,280.0,21.0,0.95,0.17,340.0,24.0,0.83,0.13,300.0,18.0,0.55,0.15,340.0,0
2025-07-12,4,3,5,3892,36,6.9,3,0.12,5.35,3.3,15.0,20.0,106.0,1.0,0.0,0.17,16.0,8.12,0.14,250.0,17.0,4.7,0.17,290.0,20.0,4.0,0.18,320.0,21.0,0.95,0.18,340.0,21.0,1.9,0.16,360.0,11.0,0.0,0.19,470.0,0
2025-07-12,4,4,6,5360,33,6.87,6,0.23,1.97,0.11,0.0,1.0,87.0,0.0,0.0,0.2,0.0,0.0,0.0,0.0,0.0,0.0,0.0,0.0,0.0,0.0,0.0,0.0,17.0,0.0,0.19,460.0,24.0,0.0,0.2,420.0,46.0,0.21,0.2,450.0,0
2025-07-12,4,5,4,4017,43,6.91,5,0.19,5.48,3.35,26.0,20.0,137.0,1.0,1.0,0.17,28.0,7.5,0.18,320.0,24.0,3.75,0.18,360.0,22.0,2.72,0.15,300.0,24.0,2.5,0.14,270.0,17.0,1.76,0.19,430.0,22.0,0.45,0.21,430.0,0
2025-07-12,4,6,3,3719,21,6.82,4,0.13,7.44,5.94,31.0,35.0,111.0,6.0,3.0,0.17,22.0,9.54,0.16,310.0,22.0,7.27,0.18,450.0,19.0,5.26,0.17,360.0,17.0,5.29,0.19,330.0,18.0,3.33,0.14,310.0,13.0,3.07,0.17,450.0,0
2025-07-12,6,1,3,3837,6,6.96,1,0.16,6.07,4.51,28.0,28.0,124.0,5.0,1.0,0.15,21.0,8.57,0.13,210.0,26.0,5.38,0.11,310.0,17.0,6.47,0.15,250.0,24.0,2.5,0.15,330.0,18.0,3.33,0.16,330.0,18.0,0.55,0.19,430.0,0
2025-07-12,6,2,6,5061,28,6.95,2,0.19,3.76,1.83,5.0,11.0,87.0,0.0,0.0,0.17,12.0,2.5,0.16,300.0,16.0,2.5,0.17,310.0,14.0,2.85,0.18,350.0,14.0,0.71,0.17,340.0,12.0,1.66,0.15,320.0,19.0,1.05,0.17,370.0,0
2025-07-12,6,3,1,5289,20,6.88,3,0.17,4.32,1.57,10.0,11.0,133.0,0.0,0.0,0.18,14.0,6.42,0.14,310.0,22.0,0.9,0.2,440.0,27.0,0.37,0.19,400.0,19.0,2.63,0.17,350.0,27.0,1.48,0.18,360.0,24.0,0.0,0.16,320.0,0
2025-07-12,6,4,2,4488,10,6.89,4,0.16,6.3,4.68,27.0,33.0,128.0,3.0,0.0,0.15,27.0,8.14,0.14,270.0,23.0,5.21,0.16,270.0,15.0,2.66,0.15,270.0,22.0,5.0,0.14,310.0,23.0,2.17,0.15,310.0,18.0,3.33,0.18,470.0,0
2025-07-12,6,5,5,4259,46,6.97,5,0.16,5.19,3.26,21.0,24.0,138.0,4.0,0.0,0.15,26.0,7.3,0.12,180.0,22.0,4.54,0.16,300.0,28.0,3.92,0.14,250.0,24.0,1.66,0.15,300.0,23.0,0.43,0.18,360.0,15.0,0.0,0.16,340.0,0
2025-07-12,6,6,4,4590,62,6.9,6,0.21,7.08,5.48,30.0,27.0,104.0,4.0,1.0,0.15,27.0,8.14,0.14,310.0,20.0,6.5,0.14,360.0,14.0,6.42,0.13,280.0,15.0,4.66,0.16,370.0,12.0,2.5,0.15,330.0,16.0,1.87,0.19,400.0,0
2025-07-12,7,1,3,3621,25,6.93,1,0.25,6.2,3.67,24.0,16.0,109.0,2.0,0.0,0.17,23.0,8.26,0.14,260.0,18.0,3.33,0.16,330.0,14.0,4.28,0.13,200.0,22.0,1.81,0.17,260.0,14.0,2.14,0.23,380.0,18.0,1.11,0.21,390.0,0
2025-07-12,7,2,1,4546,5,6.91,2,0.32,6.83,5.16,29.0,34.0,122.0,4.0,0.0,0.16,24.0,8.33,0.15,270.0,25.0,6.4,0.16,320.0,19.0,4.73,0.14,280.0,23.0,3.04,0.14,270.0,17.0,4.7,0.17,320.0,14.0,2.14,0.19,440.0,0
2025-07-12,7,3,6,4846,14,6.93,3,0.32,3.65,2.0,6.0,16.0,110.0,0.0,0.0,0.17,11.0,2.72,0.19,310.0,20.0,5.5,0.16,330.0,23.0,1.3,0.16,300.0,17.0,0.58,0.17,350.0,23.0,1.3,0.19,310.0,16.0,0.62,0.18,390.0,0
2025-07-12,7,4,5,4069,30,7.01,4,0.22,6.5,5.09,25.0,29.0,106.0,4.0,0.0,0.17,21.0,8.09,0.15,330.0,17.0,7.64,0.16,320.0,20.0,4.5,0.15,320.0,14.0,4.28,0.17,340.0,18.0,3.88,0.19,460.0,16.0,1.25,0.24,530.0,0
2025-07-12,7,5,2,5358,34,6.98,5,0.21,2.45,0.42,2.0,1.0,71.0,0.0,0.0,0.2,1.0,0.0,0.24,600.0,0.0,0.0,0.0,0.0,7.0,2.85,0.18,510.0,9.0,0.0,0.22,470.0,14.0,0.0,0.22,450.0,40.0,0.25,0.18,410.0,0
2025-07-12,7,6,4,3054,18,6.97,6,0.15,5.12,3.37,16.0,10.0,77.0,1.0,0.0,0.17,12.0,5.0,0.2,350.0,10.0,5.0,0.15,310.0,20.0,4.0,0.15,280.0,14.0,1.42,0.19,290.0,15.0,3.33,0.16,290.0,6.0,0.0,0.19,500.0,0
2025-07-12,11,1,6,4069,30,6.95,1,0.25,6.5,5.09,25.0,29.0,106.0,4.0,0.0,0.17,21.0,8.09,0.15,330.0,17.0,7.64,0.16,320.0,20.0,4.5,0.15,320.0,14.0,4.28,0.17,340.0,18.0,3.88,0.19,460.0,16.0,1.25,0.24,530.0,0
2025-07-12,11,2,1,4845,58,6.94,2,0.11,5.71,3.96,21.0,23.0,111.0,2.0,0.0,0.15,23.0,7.39,0.15,260.0,21.0,3.33,0.16,290.0,15.0,2.66,0.13,230.0,20.0,5.0,0.13,270.0,18.0,3.33,0.16,320.0,14.0,0.0,0.16,330.0,0
2025-07-12,11,3,5,3948,35,6.92,3,0.13,4.48,2.05,14.0,8.0,107.0,0.0,0.0,0.2,18.0,6.11,0.18,280.0,20.0,2.0,0.2,460.0,14.0,2.14,0.19,350.0,19.0,0.52,0.23,430.0,16.0,1.87,0.17,360.0,20.0,0.0,0.24,480.0,0
2025-07-12,11,4,3,3837,6,6.95,4,0.21,6.07,4.51,28.0,28.0,124.0,5.0,1.0,0.15,21.0,8.57,0.13,210.0,26.0,5.38,0.11,310.0,17.0,6.47,0.15,250.0,24.0,2.5,0.15,330.0,18.0,3.33,0.16,330.0,18.0,0.55,0.19,430.0,0
2025-07-12,11,5,4,4234,22,6.93,5,0.19,4.72,2.64,11.0,17.0,106.0,1.0,0.0,0.16,17.0,7.05,0.12,210.0,16.0,1.87,0.18,380.0,13.0,5.38,0.16,300.0,19.0,1.05,0.15,270.0,25.0,1.6,0.17,360.0,16.0,0.0,0.19,430.0,0
2025-07-12,11,6,2,3892,36,6.9,6,0.21,5.35,3.3,15.0,20.0,106.0,1.0,0.0,0.17,16.0,8.12,0.14,250.0,17.0,4.7,0.17,290.0,20.0,4.0,0.18,320.0,21.0,0.95,0.18,340.0,21.0,1.9,0.16,360.0,11.0,0.0,0.19,470.0,0
2025-07-13,1,1,2,3578,45,6.97,1,0.16,4.48,2.7,11.0,19.0,111.0,0.0,0.0,0.18,19.0,5.78,0.18,360.0,20.0,3.5,0.16,330.0,18.0,2.77,0.17,340.0,18.0,1.66,0.2,320.0,16.0,1.87,0.19,410.0,20.0,0.5,0.17,370.0,0
2025-07-13,1,2,4,4846,14,6.97,2,0.17,3.65,2.0,6.0,16.0,110.0,0.0,0.0,0.17,11.0,2.72,0.19,310.0,20.0,5.5,0.16,330.0,23.0,1.3,0.16,300.0,17.0,0.58,0.17,350.0,23.0,1.3,0.19,310.0,16.0,0.62,0.18,390.0,0
2025-07-13,1,3,5,3664,55,6.94,3,0.16,4.76,3.27,20.0,19.0,119.0,0.0,0.0,0.18,18.0,8.88,0.16,250.0,19.0,5.26,0.19,370.0,23.0,3.47,0.18,330.0,21.0,1.42,0.16,350.0,20.0,0.5,0.19,380.0,18.0,0.55,0.19,410.0,0
2025-07-13,1,4,1,4259,46,6.93,4,0.19,5.19,3.26,21.0,24.0,138.0,4.0,0.0,0.15,26.0,7.3,0.12,180.0,22.0,4.54,0.16,300.0,28.0,3.92,0.14,250.0,24.0,1.66,0.15,300.0,23.0,0.43,0.18,360.0,15.0,0.0,0.16,340.0,0
2025-07-13,1,5,6,4697,23,6.88,5,0.19,4.25,2.1,8.0,16.0,114.0,0.0,0.0,0.19,15.0,3.33,0.2,340.0,20.0,2.5,0.18,380.0,23.0,2.17,0.16,320.0,18.0,2.77,0.16,340.0,18.0,1.66,0.18,400.0,20.0,0.5,0.26,520.0,0
2025-07-13,1,6,3,4112,29,6.9,6,0.22,4.64,2.07,2.0,9.0,53.0,0.0,0.0,0.19,4.0,5.0,0.15,330.0,11.0,0.9,0.19,310.0,12.0,3.33,0.2,390.0,10.0,3.0,0.2,400.0,12.0,0.83,0.17,420.0,4.0,0.0,0.21,600.0,0
2025-07-13,3,1,6,3892,36,6.9,1,0.21,5.35,3.3,15.0,20.0,106.0,1.0,0.0,0.17,16.0,8.12,0.14,250.0,17.0,4.7,0.17,290.0,20.0,4.0,0.18,320.0,21.0,0.95,0.18,340.0,21.0,1.9,0.16,360.0,11.0,0.0,0.19,470.0,0
2025-07-13,3,2,2,4410,4,6.87,2,0.22,4.85,2.88,10.0,18.0,97.0,0.0,0.0,0.18,17.0,7.64,0.16,250.0,15.0,0.66,0.18,340.0,18.0,4.44,0.17,240.0,13.0,2.3,0.16,350.0,18.0,0.0,0.21,370.0,16.0,1.87,0.22,410.0,0
2025-07-13,3,3,1,4263,53,6.96,3,0.17,6.28,4.46,30.0,28.0,130.0,5.0,0.0,0.16,26.0,9.23,0.15,260.0,26.0,4.61,0.18,320.0,19.0,5.26,0.14,260.0,21.0,3.81,0.14,250.0,16.0,1.87,0.18,340.0,22.0,0.45,0.18,470.0,0
2025-07-13,3,4,3,3568,65,6.89,4,0.23,4.25,2.46,10.0,8.0,73.0,0.0,0.0,0.18,10.0,7.0,0.16,370.0,15.0,2.0,0.18,460.0,18.0,3.33,0.21,370.0,13.0,0.76,0.2,420.0,10.0,1.0,0.16,360.0,7.0,0.0,0.14,400.0,0
2025-07-13,3,5,5,4272,66,6.91,5,0.23,5.19,2.61,14.0,19.0,126.0,1.0,0.0,0.15,16.0,8.12,0.14,210.0,25.0,4.4,0.17,350.0,22.0,1.81,0.15,280.0,21.0,0.95,0.17,340.0,24.0,0.83,0.13,300.0,18.0,0.55,0.15,340.0,0
2025-07-13,3,6,4,3621,25,6.87,6,0.24,6.2,3.67,24.0,16.0,109.0,2.0,0.0,0.17,23.0,8.26,0.14,260.0,18.0,3.33,0.16,330.0,14.0,4.28,0.13,200.0,22.0,1.81,0.17,260.0,14.0,2.14,0.23,380.0,18.0,1.11,0.21,390.0,0
2025-07-13,4,1,2,3054,18,6.96,1,0.02,5.12,3.37,16.0,10.0,77.0,1.0,0.0,0.17,12.0,5.0,0.2,350.0,10.0,5.0,0.15,310.0,20.0,4.0,0.15,280.0,14.0,1.42,0.19,290.0,15.0,3.33,0.16,290.0,6.0,0.0,0.19,500.0,0
2025-07-13,4,2,6,5067,64,6.8,2,0.06,3.98,1.98,12.0,9.0,106.0,1.0,0.0,0.17,14.0,5.71,0.14,260.0,18.0,2.22,0.16,350.0,20.0,1.0,0.17,340.0,18.0,1.66,0.17,300.0,19.0,1.57,0.16,350.0,17.0,0.58,0.21,450.0,0
2025-07-13,4,3,1,4852,11,6.87,3,0.03,6.42,4.69,35.0,27.0,132.0,4.0,0.0,0.17,27.0,8.14,0.18,330.0,19.0,4.21,0.16,340.0,26.0,4.23,0.16,350.0,23.0,4.34,0.17,330.0,16.0,1.87,0.17,350.0,21.0,3.81,0.16,330.0,0
2025-07-13,4,4,4,4695,52,6.9,4,0.04,5.05,2.94,18.0,20.0,129.0,2.0,0.0,0.18,27.0,7.4,0.18,310.0,20.0,2.5,0.16,360.0,23.0,2.6,0.17,330.0,17.0,2.94,0.19,370.0,17.0,0.58,0.19,420.0,25.0,0.4,0.18,380.0,0
2025-07-13,4,5,3,4845,58,6.82,5,0.06,5.71,3.96,21.0,23.0,111.0,2.0,0.0,0.15,23.0,7.39,0.15,260.0,21.0,3.33,0.16,290.0,15.0,2.66,0.13,230.0,20.0,5.0,0.13,270.0,18.0,3.33,0.16,320.0,14.0,0.0,0.16,330.0,0
2025-07-13,4,6,5,3730,39,6.93,6,0.14,5.01,2.89,15.0,18.0,114.0,0.0,0.0,0.18,18.0,6.66,0.14,260.0,19.0,2.63,0.19,340.0,24.0,2.5,0.16,320.0,18.0,2.77,0.17,320.0,21.0,1.42,0.21,370.0,14.0,1.42,0.18,390.0,0
2025-07-13,5,1,2,4231,57,6.85,1,0.15,5.41,3.5,32.0,24.0,160.0,1.0,0.0,0.17,30.0,8.33,0.14,250.0,21.0,4.28,0.14,310.0,31.0,3.54,0.19,400.0,29.0,2.06,0.17,330.0,28.0,1.42,0.18,390.0,21.0,0.47,0.17,310.0,0
2025-07-13,5,2,3,4464,60,6.87,2,0.16,4.75,2.47,7.0,14.0,85.0,1.0,0.0,0.2,12.0,3.33,0.17,330.0,15.0,3.33,0.2,360.0,14.0,2.85,0.21,390.0,13.0,2.3,0.22,500.0,17.0,1.76,0.21,440.0,14.0,1.42,0.21,410.0,0
2025-07-13,5,3,6,4027,15,6.94,3,0.2,5.89,3.86,30.0,16.0,119.0,2.0,0.0,0.17,27.0,6.29,0.16,300.0,21.0,4.76,0.19,370.0,25.0,3.2,0.17,300.0,18.0,5.0,0.13,260.0,18.0,1.11,0.16,280.0,10.0,0.0,0.2,430.0,0
2025-07-13,5,4,1,3719,21,6.94,4,0.14,7.44,5.94,31.0,35.0,111.0,6.0,3.0,0.17,22.0,9.54,0.16,310.0,22.0,7.27,0.18,450.0,19.0,5.26,0.17,360.0,17.0,5.29,0.19,330.0,18.0,3.33,0.14,310.0,13.0,3.07,0.17,450.0,0
2025-07-13,5,5,5,5289,20,6.96,5,0.16,4.32,1.57,10.0,11.0,133.0,0.0,0.0,0.18,14.0,6.42,0.14,310.0,22.0,0.9,0.2,440.0,27.0,0.37,0.19,400.0,19.0,2.63,0.17,350.0,27.0,1.48,0.18,360.0,24.0,0.0,0.16,320.0,0
2025-07-13,5,6,4,4932,41,6.89,6,0.17,6.94,5.0,29.0,29.0,116.0,3.0,1.0,0.15,25.0,8.4,0.14,290.0,15.0,5.33,0.16,360.0,18.0,5.55,0.13,320.0,15.0,2.66,0.15,320.0,20.0,4.0,0.15,340.0,23.0,3.04,0.16,410.0,0
2025-07-13,11,1,5,4027,15,6.95,1,0.19,5.89,3.86,30.0,16.0,119.0,2.0,0.0,0.17,27.0,6.29,0.16,300.0,21.0,4.76,0.19,370.0,25.0,3.2,0.17,300.0,18.0,5.0,0.13,260.0,18.0,1.11,0.16,280.0,10.0,0.0,0.2,430.0,0
2025-07-13,11,2,1,3837,6,6.98,2,0.15,6.07,4.51,28.0,28.0,124.0,5.0,1.0,0.15,21.0,8.57,0.13,210.0,26.0,5.38,0.11,310.0,17.0,6.47,0.15,250.0,24.0,2.5,0.15,330.0,18.0,3.33,0.16,330.0,18.0,0.55,0.19,430.0,0
2025-07-13,11,3,3,4695,52,6.98,3,0.19,5.05,2.94,18.0,20.0,129.0,2.0,0.0,0.18,27.0,7.4,0.18,310.0,20.0,2.5,0.16,360.0,23.0,2.6,0.17,330.0,17.0,2.94,0.19,370.0,17.0,0.58,0.19,420.0,25.0,0.4,0.18,380.0,0
2025-07-13,11,4,4,4263,53,6.98,4,0.18,6.28,4.46,30.0,28.0,130.0,5.0,0.0,0.16,26.0,9.23,0.15,260.0,26.0,4.61,0.18,320.0,19.0,5.26,0.14,260.0,21.0,3.81,0.14,250.0,16.0,1.87,0.18,340.0,22.0,0.45,0.18,470.0,0
2025-07-13,11,5,2,4074,27,6.9,5,0.22,6.31,4.36,28.0,27.0,126.0,2.0,0.0,0.14,27.0,8.51,0.11,170.0,20.0,4.0,0.17,360.0,20.0,4.5,0.14,280.0,19.0,5.78,0.14,300.0,23.0,1.3,0.14,310.0,17.0,0.58,0.12,260.0,0
2025-07-13,11,6,6,4488,10,6.89,6,0.24,6.3,4.68,27.0,33.0,128.0,3.0,0.0,0.15,27.0,8.14,0.14,270.0,23.0,5.21,0.16,270.0,15.0,2.66,0.15,270.0,22.0,5.0,0.14,310.0,23.0,2.17,0.15,310.0,18.0,3.33,0.18,470.0,0
2025-07-14,5,1,6,3930,31,6.92,1,0.56,5.6,4.21,19.0,21.0,95.0,3.0,0.0,0.16,13.0,7.69,0.14,250.0,19.0,5.26,0.17,380.0,17.0,3.52,0.16,320.0,18.0,5.0,0.15,320.0,20.0,2.5,0.18,330.0,8.0,0.0,0.17,440.0,0
2025-07-14,5,2,1,3948,35,7.03,2,0.16,4.48,2.05,14.0,8.0,107.0,0.0,0.0,0.2,18.0,6.11,0.18,280.0,20.0,2.0,0.2,460.0,14.0,2.14,0.19,350.0,19.0,0.52,0.23,430.0,16.0,1.87,0.17,360.0,20.0,0.0,0.24,480.0,0
2025-07-14,5,3,5,4695,52,6.97,3,0.14,5.05,2.94,18.0,20.0,129.0,2.0,0.0,0.18,27.0,7.4,0.18,310.0,20.0,2.5,0.16,360.0,23.0,2.6,0.17,330.0,17.0,2.94,0.19,370.0,17.0,0.58,0.19,420.0,25.0,0.4,0.18,380.0,0
2025-07-14,5,4,2,5289,20,7.0,4,0.15,4.32,1.57,10.0,11.0,133.0,0.0,0.0,0.18,14.0,6.42,0.14,310.0,22.0,0.9,0.2,440.0,27.0,0.37,0.19,400.0,19.0,2.63,0.17,350.0,27.0,1.48,0.18,360.0,24.0,0.0,0.16,320.0,0
2025-07-14,5,5,4,4546,5,6.96,5,0.09,6.83,5.16,29.0,34.0,122.0,4.0,0.0,0.16,24.0,8.33,0.15,270.0,25.0,6.4,0.16,320.0,19.0,4.73,0.14,280.0,23.0,3.04,0.14,270.0,17.0,4.7,0.17,320.0,14.0,2.14,0.19,440.0,0
2025-07-14,5,6,3,3719,21,6.92,6,0.11,7.44,5.94,31.0,35.0,111.0,6.0,3.0,0.17,22.0,9.54,0.16,310.0,22.0,7.27,0.18,450.0,19.0,5.26,0.17,360.0,17.0,5.29,0.19,330.0,18.0,3.33,0.14,310.0,13.0,3.07,0.17,450.0,0
2025-07-14,10,1,2,3719,21,6.88,1,0.16,7.44,5.94,31.0,35.0,111.0,6.0,3.0,0.17,22.0,9.54,0.16,310.0,22.0,7.27,0.18,450.0,19.0,5.26,0.17,360.0,17.0,5.29,0.19,330.0,18.0,3.33,0.14,310.0,13.0,3.07,0.17,450.0,0
2025-07-14,10,2,1,4074,27,6.95,2,0.16,6.31,4.36,28.0,27.0,126.0,2.0,0.0,0.14,27.0,8.51,0.11,170.0,20.0,4.0,0.17,360.0,20.0,4.5,0.14,280.0,19.0,5.78,0.14,300.0,23.0,1.3,0.14,310.0,17.0,0.58,0.12,260.0,0
2025-07-14,10,3,3,4488,10,6.97,3,0.14,6.3,4.68,27.0,33.0,128.0,3.0,0.0,0.15,27.0,8.14,0.14,270.0,23.0,5.21,0.16,270.0,15.0,2.66,0.15,270.0,22.0,5.0,0.14,310.0,23.0,2.17,0.15,310.0,18.0,3.33,0.18,470.0,0
2025-07-14,10,4,5,4590,62,6.9,4,0.17,7.08,5.48,30.0,27.0,104.0,4.0,1.0,0.15,27.0,8.14,0.14,310.0,20.0,6.5,0.14,360.0,14.0,6.42,0.13,280.0,15.0,4.66,0.16,370.0,12.0,2.5,0.15,330.0,16.0,1.87,0.19,400.0,0
2025-07-14,10,5,6,4410,4,7.03,5,0.13,4.85,2.88,10.0,18.0,97.0,0.0,0.0,0.18,17.0,7.64,0.16,250.0,15.0,0.66,0.18,340.0,18.0,4.44,0.17,240.0,13.0,2.3,0.16,350.0,18.0,0.0,0.21,370.0,16.0,1.87,0.22,410.0,0
2025-07-14,10,6,4,4932,41,6.96,6,0.14,6.94,5.0,29.0,29.0,116.0,3.0,1.0,0.15,25.0,8.4,0.14,290.0,15.0,5.33,0.16,360.0,18.0,5.55,0.13,320.0,15.0,2.66,0.15,320.0,20.0,4.0,0.15,340.0,23.0,3.04,0.16,410.0,0
2025-07-14,12,1,4,4209,13,6.95,1,0.22,5.69,3.89,16.0,35.0,131.0,2.0,0.0,0.15,17.0,7.05,0.16,440.0,27.0,4.07,0.18,340.0,24.0,5.83,0.14,290.0,21.0,2.85,0.15,300.0,31.0,2.25,0.15,300.0,11.0,0.9,0.15,340.0,0
2025-07-14,12,2,5,3664,55,7.05,2,0.21,4.76,3.27,20.0,19.0,119.0,0.0,0.0,0.18,18.0,8.88,0.16,250.0,19.0,5.26,0.19,370.0,23.0,3.47,0.18,330.0,21.0,1.42,0.16,350.0,20.0,0.5,0.19,380.0,18.0,0.55,0.19,410.0,0
2025-07-14,12,3,6,3621,25,6.99,3,0.31,6.2,3.67,24.0,16.0,109.0,2.0,0.0,0.17,23.0,8.26,0.14,260.0,18.0,3.33,0.16,330.0,14.0,4.28,0.13,200.0,22.0,1.81,0.17,260.0,14.0,2.14,0.23,380.0,18.0,1.11,0.21,390.0,0
2025-07-14,12,4,1,4027,15,7.01,4,0.11,5.89,3.86,30.0,16.0,119.0,2.0,0.0,0.17,27.0,6.29,0.16,300.0,21.0,4.76,0.19,370.0,25.0,3.2,0.17,300.0,18.0,5.0,0.13,260.0,18.0,1.11,0.16,280.0,10.0,0.0,0.2,430.0,0
2025-07-14,12,5,2,5289,20,7.0,5,0.04,4.32,1.57,10.0,11.0,133.0,0.0,0.0,0.18,14.0,6.42,0.14,310.0,22.0,0.9,0.2,440.0,27.0,0.37,0.19,400.0,19.0,2.63,0.17,350.0,27.0,1.48,0.18,360.0,24.0,0.0,0.16,320.0,0
2025-07-14,12,6,3,4272,66,6.98,6,0.16,5.19,2.61,14.0,19.0,126.0,1.0,0.0,0.15,16.0,8.12,0.14,210.0,25.0,4.4,0.17,350.0,22.0,1.81,0.15,280.0,21.0,0.95,0.17,340.0,24.0,0.83,0.13,300.0,18.0,0.55,0.15,340.0,0
2025-07-15,1,1,4,4423,12,6.96,1,0.22,4.85,2.94,11.0,17.0,95.0,0.0,0.0,0.19,12.0,6.66,0.15,340.0,17.0,3.52,0.17,440.0,15.0,3.33,0.2,450.0,15.0,2.0,0.2,450.0,20.0,2.0,0.18,400.0,16.0,1.25,0.2,430.0,0
2025-07-15,1,2,5,5358,34,6.95,2,0.45,2.45,0.42,2.0,1.0,71.0,0.0,0.0,0.2,1.0,0.0,0.24,600.0,0.0,0.0,0.0,0.0,7.0,2.85,0.18,510.0,9.0,0.0,0.22,470.0,14.0,0.0,0.22,450.0,40.0,0.25,0.18,410.0,0
2025-07-15,1,3,6,3855,56,6.98,3,0.37,3.49,1.3,3.0,6.0,69.0,0.0,0.0,0.22,8.0,3.75,0.15,300.0,11.0,1.81,0.23,400.0,15.0,2.0,0.2,380.0,14.0,0.71,0.21,390.0,13.0,0.0,0.25,480.0,7.0,0.0,0.27,570.0,0
2025-07-15,1,4,2,5067,64,7.0,4,0.19,3.98,1.98,12.0,9.0,106.0,1.0,0.0,0.17,14.0,5.71,0.14,260.0,18.0,2.22,0.16,350.0,20.0,1.0,0.17,340.0,18.0,1.66,0.17,300.0,19.0,1.57,0.16,350.0,17.0,0.58,0.21,450.0,0
2025-07-15,1,5,1,4231,57,6.97,5,0.18,5.41,3.5,32.0,24.0,160.0,1.0,0.0,0.17,30.0,8.33,0.14,250.0,21.0,4.28,0.14,310.0,31.0,3.54,0.19,400.0,29.0,2.06,0.17,330.0,28.0,1.42,0.18,390.0,21.0,0.47,0.17,310.0,0
2025-07-15,1,6,3,3568,65,6.86,6,0.19,4.25,2.46,10.0,8.0,73.0,0.0,0.0,0.18,10.0,7.0,0.16,370.0,15.0,2.0,0.18,460.0,18.0,3.33,0.21,370.0,13.0,0.76,0.2,420.0,10.0,1.0,0.16,360.0,7.0,0.0,0.14,400.0,0
2025-07-15,2,1,3,4846,14,6.95,1,0.09,3.65,2.0,6.0,16.0,110.0,0.0,0.0,0.17,11.0,2.72,0.19,310.0,20.0,5.5,0.16,330.0,23.0,1.3,0.16,300.0,17.0,0.58,0.17,350.0,23.0,1.3,0.19,310.0,16.0,0.62,0.18,390.0,0
2025-07-15,2,2,5,5061,28,6.93,2,0.12,3.76,1.83,5.0,11.0,87.0,0.0,0.0,0.17,12.0,2.5,0.16,300.0,16.0,2.5,0.17,310.0,14.0,2.85,0.18,350.0,14.0,0.71,0.17,340.0,12.0,1.66,0.15,320.0,19.0,1.05,0.17,370.0,0
2025-07-15,2,3,1,4272,66,6.82,3,0.05,5.19,2.61,14.0,19.0,126.0,1.0,0.0,0.15,16.0,8.12,0.14,210.0,25.0,4.4,0.17,350.0,22.0,1.81,0.15,280.0,21.0,0.95,0.17,340.0,24.0,0.83,0.13,300.0,18.0,0.55,0.15,340.0,0
2025-07-15,2,4,2,4464,60,6.84,4,0.06,4.75,2.47,7.0,14.0,85.0,1.0,0.0,0.2,12.0,3.33,0.17,330.0,15.0,3.33,0.2,360.0,14.0,2.85,0.21,390.0,13.0,2.3,0.22,500.0,17.0,1.76,0.21,440.0,14.0,1.42,0.21,410.0,0
2025-07-15,2,5,4,4852,11,7.02,5,0.08,6.42,4.69,35.0,27.0,132.0,4.0,0.0,0.17,27.0,8.14,0.18,330.0,19.0,4.21,0.16,340.0,26.0,4.23,0.16,350.0,23.0,4.34,0.17,330.0,16.0,1.87,0.17,350.0,21.0,3.81,0.16,330.0,0
2025-07-15,2,6,6,5360,33,6.89,6,0.08,1.97,0.11,0.0,1.0,87.0,0.0,0.0,0.2,0.0,0.0,0.0,0.0,0.0,0.0,0.0,0.0,0.0,0.0,0.0,0.0,17.0,0.0,0.19,460.0,24.0,0.0,0.2,420.0,46.0,0.21,0.2,450.0,0
2025-07-15,3,1,5,4234,22,6.94,1,0.16,4.72,2.64,11.0,17.0,106.0,1.0,0.0,0.16,17.0,7.05,0.12,210.0,16.0,1.87,0.18,380.0,13.0,5.38,0.16,300.0,19.0,1.05,0.15,270.0,25.0,1.6,0.17,360.0,16.0,0.0,0.19,430.0,0
2025-07-15,3,2,6,4821,54,6.98,2,0.38,5.06,3.14,12.0,22.0,108.0,1.0,0.0,0.19,11.0,3.63,0.21,490.0,21.0,4.76,0.22,500.0,18.0,2.22,0.2,470.0,22.0,2.72,0.2,410.0,22.0,3.18,0.17,350.0,14.0,2.14,0.16,360.0,0
2025-07-15,3,3,2,3730,39,6.97,3,0.14,5.01,2.89,15.0,18.0,114.0,0.0,0.0,0.18,18.0,6.66,0.14,260.0,19.0,2.63,0.19,340.0,24.0,2.5,0.16,320.0,18.0,2.77,0.17,320.0,21.0,1.42,0.21,370.0,14.0,1.42,0.18,390.0,0
2025-07-15,3,4,3,4090,48,6.95,4,0.12,6.04,4.35,35.0,26.0,140.0,3.0,0.0,0.13,32.0,9.06,0.11,200.0,17.0,2.35,0.14,230.0,30.0,3.66,0.13,220.0,20.0,4.5,0.13,200.0,21.0,2.85,0.13,310.0,20.0,1.0,0.14,350.0,0
2025-07-15,3,5,4,3621,25,6.95,5,0.1,6.2,3.67,24.0,16.0,109.0,2.0,0.0,0.17,23.0,8.26,0.14,260.0,18.0,3.33,0.16,330.0,14.0,4.28,0.13,200.0,22.0,1.81,0.17,260.0,14.0,2.14,0.23,380.0,18.0,1.11,0.21,390.0,0
2025-07-15,3,6,1,4695,52,6.88,6,0.13,5.05,2.94,18.0,20.0,129.0,2.0,0.0,0.18,27.0,7.4,0.18,310.0,20.0,2.5,0.16,360.0,23.0,2.6,0.17,330.0,17.0,2.94,0.19,370.0,17.0,0.58,0.19,420.0,25.0,0.4,0.18,380.0,0
2025-07-15,4,1,3,4697,23,6.97,1,0.15,4.25,2.1,8.0,16.0,114.0,0.0,0.0,0.19,15.0,3.33,0.2,340.0,20.0,2.5,0.18,380.0,23.0,2.17,0.16,320.0,18.0,2.77,0.16,340.0,18.0,1.66,0.18,400.0,20.0,0.5,0.26,520.0,0
2025-07-15,4,2,1,4410,4,6.95,2,0.16,4.85,2.88,10.0,18.0,97.0,0.0,0.0,0.18,17.0,7.64,0.16,250.0,15.0,0.66,0.18,340.0,18.0,4.44,0.17,240.0,13.0,2.3,0.16,350.0,18.0,0.0,0.21,370.0,16.0,1.87,0.22,410.0,0
2025-07-15,4,3,5,3054,18,6.89,3,0.09,5.12,3.37,16.0,10.0,77.0,1.0,0.0,0.17,12.0,5.0,0.2,350.0,10.0,5.0,0.15,310.0,20.0,4.0,0.15,280.0,14.0,1.42,0.19,290.0,15.0,3.33,0.16,290.0,6.0,0.0,0.19,500.0,0
2025-07-15,4,4,2,3892,36,6.95,4,0.12,5.35,3.3,15.0,20.0,106.0,1.0,0.0,0.17,16.0,8.12,0.14,250.0,17.0,4.7,0.17,290.0,20.0,4.0,0.18,320.0,21.0,0.95,0.18,340.0,21.0,1.9,0.16,360.0,11.0,0.0,0.19,470.0,0
2025-07-15,4,5,6,4027,15,6.93,5,0.16,5.89,3.86,30.0,16.0,119.0,2.0,0.0,0.17,27.0,6.29,0.16,300.0,21.0,4.76,0.19,370.0,25.0,3.2,0.17,300.0,18.0,5.0,0.13,260.0,18.0,1.11,0.16,280.0,10.0,0.0,0.2,430.0,0
2025-07-15,4,6,4,4209,13,6.89,6,0.16,5.69,3.89,16.0,35.0,131.0,2.0,0.0,0.15,17.0,7.05,0.16,440.0,27.0,4.07,0.18,340.0,24.0,5.83,0.14,290.0,21.0,2.85,0.15,300.0,31.0,2.25,0.15,300.0,11.0,0.9,0.15,340.0,0
2025-07-15,5,1,6,5289,20,6.97,1,0.17,4.32,1.57,10.0,11.0,133.0,0.0,0.0,0.18,14.0,6.42,0.14,310.0,22.0,0.9,0.2,440.0,27.0,0.37,0.19,400.0,19.0,2.63,0.17,350.0,27.0,1.48,0.18,360.0,24.0,0.0,0.16,320.0,0
2025-07-15,5,2,1,4017,43,6.96,2,0.12,5.48,3.35,26.0,20.0,137.0,1.0,1.0,0.17,28.0,7.5,0.18,320.0,24.0,3.75,0.18,360.0,22.0,2.72,0.15,300.0,24.0,2.5,0.14,270.0,17.0,1.76,0.19,430.0,22.0,0.45,0.21,430.0,0
2025-07-15,5,3,2,5067,64,6.94,3,0.08,3.98,1.98,12.0,9.0,106.0,1.0,0.0,0.17,14.0,5.71,0.14,260.0,18.0,2.22,0.16,350.0,20.0,1.0,0.17,340.0,18.0,1.66,0.17,300.0,19.0,1.57,0.16,350.0,17.0,0.58,0.21,450.0,0
2025-07-15,5,4,3,4932,41,6.96,4,0.17,6.94,5.0,29.0,29.0,116.0,3.0,1.0,0.15,25.0,8.4,0.14,290.0,15.0,5.33,0.16,360.0,18.0,5.55,0.13,320.0,15.0,2.66,0.15,320.0,20.0,4.0,0.15,340.0,23.0,3.04,0.16,410.0,0
2025-07-15,5,5,5,3948,35,7.02,5,0.13,4.48,2.05,14.0,8.0,107.0,0.0,0.0,0.2,18.0,6.11,0.18,280.0,20.0,2.0,0.2,460.0,14.0,2.14,0.19,350.0,19.0,0.52,0.23,430.0,16.0,1.87,0.17,360.0,20.0,0.0,0.24,480.0,0
2025-07-15,5,6,4,4259,46,6.94,6,0.14,5.19,3.26,21.0,24.0,138.0,4.0,0.0,0.15,26.0,7.3,0.12,180.0,22.0,4.54,0.16,300.0,28.0,3.92,0.14,250.0,24.0,1.66,0.15,300.0,23.0,0.43,0.18,360.0,15.0,0.0,0.16,340.0,0
2025-07-15,10,1,2,3568,65,7.0,1,0.13,4.25,2.46,10.0,8.0,73.0,0.0,0.0,0.18,10.0,7.0,0.16,370.0,15.0,2.0,0.18,460.0,18.0,3.33,0.21,370.0,13.0,0.76,0.2,420.0,10.0,1.0,0.16,360.0,7.0,0.0,0.14,400.0,0
2025-07-15,10,2,4,4231,57,7.02,2,0.15,5.41,3.5,32.0,24.0,160.0,1.0,0.0,0.17,30.0,8.33,0.14,250.0,21.0,4.28,0.14,310.0,31.0,3.54,0.19,400.0,29.0,2.06,0.17,330.0,28.0,1.42,0.18,390.0,21.0,0.47,0.17,310.0,0
2025-07-15,10,3,1,4932,41,6.99,3,0.13,6.94,5.0,29.0,29.0,116.0,3.0,1.0,0.15,25.0,8.4,0.14,290.0,15.0,5.33,0.16,360.0,18.0,5.55,0.13,320.0,15.0,2.66,0.15,320.0,20.0,4.0,0.15,340.0,23.0,3.04,0.16,410.0,0
2025-07-15,10,4,3,4546,5,6.97,4,0.12,6.83,5.16,29.0,34.0,122.0,4.0,0.0,0.16,24.0,8.33,0.15,270.0,25.0,6.4,0.16,320.0,19.0,4.73,0.14,280.0,23.0,3.04,0.14,270.0,17.0,4.7,0.17,320.0,14.0,2.14,0.19,440.0,0
2025-07-15,10,5,5,4410,4,7.01,5,0.07,4.85,2.88,10.0,18.0,97.0,0.0,0.0,0.18,17.0,7.64,0.16,250.0,15.0,0.66,0.18,340.0,18.0,4.44,0.17,240.0,13.0,2.3,0.16,350.0,18.0,0.0,0.21,370.0,16.0,1.87,0.22,410.0,0
2025-07-15,10,6,6,3578,45,7.04,6,0.11,4.48,2.7,11.0,19.0,111.0,0.0,0.0,0.18,19.0,5.78,0.18,360.0,20.0,3.5,0.16,330.0,18.0,2.77,0.17,340.0,18.0,1.66,0.2,320.0,16.0,1.87,0.19,410.0,20.0,0.5,0.17,370.0,0
2025-07-15,11,1,2,4488,10,6.96,1,0.22,6.3,4.68,27.0,33.0,128.0,3.0,0.0,0.15,27.0,8.14,0.14,270.0,23.0,5.21,0.16,270.0,15.0,2.66,0.15,270.0,22.0,5.0,0.14,310.0,23.0,2.17,0.15,310.0,18.0,3.33,0.18,470.0,0
2025-07-15,11,2,4,4259,46,6.97,2,0.15,5.19,3.26,21.0,24.0,138.0,4.0,0.0,0.15,26.0,7.3,0.12,180.0,22.0,4.54,0.16,300.0,28.0,3.92,0.14,250.0,24.0,1.66,0.15,300.0,23.0,0.43,0.18,360.0,15.0,0.0,0.16,340.0,0
2025-07-15,11,3,3,4090,48,6.96,3,0.09,6.04,4.35,35.0,26.0,140.0,3.0,0.0,0.13,32.0,9.06,0.11,200.0,17.0,2.35,0.14,230.0,30.0,3.66,0.13,220.0,20.0,4.5,0.13,200.0,21.0,2.85,0.13,310.0,20.0,1.0,0.14,350.0,0
2025-07-15,11,4,1,4590,62,6.9,4,0.09,7.08,5.48,30.0,27.0,104.0,4.0,1.0,0.15,27.0,8.14,0.14,310.0,20.0,6.5,0.14,360.0,14.0,6.42,0.13,280.0,15.0,4.66,0.16,370.0,12.0,2.5,0.15,330.0,16.0,1.87,0.19,400.0,0
2025-07-15,11,5,5,3930,31,7.03,5,0.11,5.6,4.21,19.0,21.0,95.0,3.0,0.0,0.16,13.0,7.69,0.14,250.0,19.0,5.26,0.17,380.0,17.0,3.52,0.16,320.0,18.0,5.0,0.15,320.0,20.0,2.5,0.18,330.0,8.0,0.0,0.17,440.0,0
2025-07-15,11,6,6,5289,20,6.99,6,0.16,4.32,1.57,10.0,11.0,133.0,0.0,0.0,0.18,14.0,6.42,0.14,310.0,22.0,0.9,0.2,440.0,27.0,0.37,0.19,400.0,19.0,2.63,0.17,350.0,27.0,1.48,0.18,360.0,24.0,0.0,0.16,320.0,0
2025-07-15,12,1,2,4845,58,6.93,1,0.14,5.71,3.96,21.0,23.0,111.0,2.0,0.0,0.15,23.0,7.39,0.15,260.0,21.0,3.33,0.16,290.0,15.0,2.66,0.13,230.0,20.0,5.0,0.13,270.0,18.0,3.33,0.16,320.0,14.0,0.0,0.16,330.0,0
2025-07-15,12,2,1,4074,27,7.02,2,0.18,6.31,4.36,28.0,27.0,126.0,2.0,0.0,0.14,27.0,8.51,0.11,170.0,20.0,4.0,0.17,360.0,20.0,4.5,0.14,280.0,19.0,5.78,0.14,300.0,23.0,1.3,0.14,310.0,17.0,0.58,0.12,260.0,0
2025-07-15,12,3,6,3837,6,7.03,3,0.12,6.07,4.51,28.0,28.0,124.0,5.0,1.0,0.15,21.0,8.57,0.13,210.0,26.0,5.38,0.11,310.0,17.0,6.47,0.15,250.0,24.0,2.5,0.15,330.0,18.0,3.33,0.16,330.0,18.0,0.55,0.19,430.0,0
2025-07-15,12,4,3,3719,21,6.95,4,0.16,7.44,5.94,31.0,35.0,111.0,6.0,3.0,0.17,22.0,9.54,0.16,310.0,22.0,7.27,0.18,450.0,19.0,5.26,0.17,360.0,17.0,5.29,0.19,330.0,18.0,3.33,0.14,310.0,13.0,3.07,0.17,450.0,0
2025-07-15,12,5,4,4112,29,7.03,5,0.13,4.64,2.07,2.0,9.0,53.0,0.0,0.0,0.19,4.0,5.0,0.15,330.0,11.0,0.9,0.19,310.0,12.0,3.33,0.2,390.0,10.0,3.0,0.2,400.0,12.0,0.83,0.17,420.0,4.0,0.0,0.21,600.0,0
2025-07-15,12,6,5,4581,51,6.94,6,0.12,5.82,3.81,31.0,25.0,147.0,0.0,0.0,0.14,28.0,7.5,0.11,210.0,25.0,4.4,0.14,310.0,25.0,3.2,0.15,270.0,26.0,3.07,0.13,250.0,18.0,2.22,0.15,310.0,25.0,1.6,0.13,260.0,0
2025-07-18,1,1,2,4511,1,6.91,1,0.31,3.17,1.22,2.0,3.0,41.0,0.0,0.0,0.19,4.0,2.5,0.16,340.0,7.0,2.85,0.16,330.0,6.0,1.66,0.19,380.0,6.0,0.0,0.18,380.0,11.0,0.9,0.2,410.0,7.0,0.0,0.22,460.0,0
2025-07-18,1,2,3,4664,15,7.02,2,0.33,3.78,2.04,5.0,15.0,98.0,0.0,0.0,0.19,13.0,5.38,0.17,350.0,14.0,2.85,0.19,350.0,20.0,2.5,0.18,380.0,17.0,1.76,0.2,420.0,23.0,0.43,0.19,430.0,11.0,0.0,0.22,320.0,0
2025-07-18,1,3,4,4435,40,6.97,3,0.42,4.67,2.43,10.0,18.0,115.0,1.0,0.0,0.19,23.0,5.21,0.17,350.0,14.0,2.85,0.18,380.0,16.0,2.5,0.19,390.0,19.0,3.15,0.18,370.0,21.0,0.47,0.18,360.0,22.0,0.45,0.23,490.0,0
2025-07-18,1,4,5,4782,20,6.92,4,0.29,5.27,3.33,24.0,14.0,114.0,0.0,0.0,0.17,19.0,7.36,0.15,260.0,15.0,8.0,0.14,250.0,22.0,1.81,0.16,260.0,19.0,2.1,0.18,300.0,19.0,2.1,0.17,380.0,20.0,0.0,0.2,460.0,0
2025-07-18,1,5,1,3444,47,6.98,5,0.22,3.9,1.9,7.0,12.0,100.0,0.0,0.0,0.15,12.0,5.0,0.18,280.0,20.0,1.5,0.17,310.0,21.0,1.42,0.15,240.0,16.0,2.5,0.12,210.0,22.0,0.9,0.17,300.0,9.0,1.11,0.13,160.0,0
2025-07-18,1,6,6,5363,4,6.87,6,0.29,1.08,0.0,0.0,0.0,64.0,0.0,0.0,0.23,0.0,0.0,0.0,0.0,0.0,0.0,0.0,0.0,0.0,0.0,0.0,0.0,0.0,0.0,0.0,0.0,1.0,0.0,0.23,200.0,63.0,0.0,0.23,470.0,0
2025-07-18,3,1,6,3757,11,6.87,1,0.23,4.8,2.88,13.0,13.0,90.0,0.0,0.0,0.18,11.0,9.09,0.13,270.0,14.0,2.85,0.17,340.0,16.0,2.5,0.19,330.0,22.0,2.72,0.16,370.0,13.0,1.53,0.18,330.0,14.0,0.0,0.26,550.0,0
2025-07-18,3,2,5,4108,25,6.89,2,0.15,6.83,5.53,17.0,9.0,47.0,2.0,0.0,0.14,13.0,6.92,0.13,180.0,5.0,8.0,0.1,220.0,9.0,5.55,0.16,350.0,8.0,5.0,0.12,190.0,9.0,3.33,0.15,370.0,3.0,3.33,0.16,300.0,0
2025-07-18,3,3,3,5032,55,6.9,3,0.09,5.0,2.77,17.0,8.0,90.0,0.0,0.0,0.17,13.0,6.92,0.12,230.0,15.0,4.0,0.17,310.0,15.0,0.66,0.18,380.0,20.0,3.0,0.18,330.0,13.0,1.53,0.16,330.0,14.0,0.71,0.17,390.0,0
2025-07-18,3,4,4,4204,14,6.72,4,0.04,2.67,0.21,1.0,0.0,46.0,0.0,0.0,0.26,6.0,0.0,0.24,560.0,8.0,1.25,0.21,540.0,6.0,0.0,0.28,570.0,4.0,0.0,0.21,470.0,11.0,0.0,0.24,490.0,11.0,0.0,0.33,570.0,0
2025-07-18,3,5,1,3992,59,6.86,5,0.06,5.66,3.48,27.0,12.0,112.0,0.0,0.0,0.15,19.0,7.36,0.17,330.0,18.0,5.55,0.16,260.0,21.0,2.85,0.12,210.0,21.0,3.81,0.14,270.0,16.0,0.0,0.14,230.0,17.0,0.58,0.14,300.0,0
2025-07-18,3,6,2,4295,51,6.83,6,0.1,7.13,5.65,43.0,35.0,138.0,6.0,1.0,0.13,27.0,10.0,0.12,210.0,21.0,6.19,0.16,290.0,28.0,5.71,0.13,200.0,21.0,4.76,0.13,210.0,22.0,3.63,0.13,280.0,19.0,2.1,0.14,270.0,0
2025-07-18,4,1,5,3523,18,6.89,1,0.19,5.16,3.4,13.0,17.0,88.0,0.0,0.0,0.17,14.0,8.57,0.16,350.0,11.0,4.54,0.18,350.0,18.0,1.66,0.17,390.0,16.0,2.5,0.15,310.0,13.0,2.3,0.16,410.0,16.0,1.87,0.2,400.0,0
2025-07-18,4,2,4,3461,49,6.87,3,0.37,3.87,1.22,2.0,8.0,82.0,0.0,0.0,0.19,12.0,3.33,0.14,270.0,12.0,0.83,0.18,370.0,16.0,1.25,0.19,410.0,15.0,1.33,0.22,380.0,16.0,0.0,0.18,320.0,10.0,1.0,0.21,430.0,0
2025-07-18,4,3,6,3870,19,6.93,2,0.23,4.31,2.43,8.0,11.0,78.0,0.0,0.0,0.17,13.0,6.15,0.17,310.0,14.0,2.85,0.18,360.0,12.0,1.66,0.17,420.0,13.0,2.3,0.16,380.0,13.0,0.76,0.18,310.0,13.0,0.76,0.16,400.0,0
2025-07-18,4,4,2,3212,9,6.92,4,0.12,3.78,1.63,0.0,9.0,55.0,0.0,0.0,0.17,7.0,5.71,0.12,310.0,16.0,1.25,0.18,370.0,14.0,1.42,0.19,350.0,9.0,1.11,0.16,330.0,7.0,0.0,0.16,440.0,2.0,0.0,0.18,350.0,0
2025-07-18,4,5,1,4105,56,6.88,5,0.11,5.65,3.65,22.0,20.0,115.0,0.0,0.0,0.18,22.0,7.27,0.19,390.0,19.0,3.68,0.2,390.0,21.0,3.81,0.19,320.0,21.0,1.42,0.16,340.0,20.0,4.0,0.18,340.0,12.0,0.0,0.17,400.0,0
2025-07-18,4,6,3,4700,33,6.84,6,0.25,6.42,4.78,29.0,37.0,138.0,5.0,0.0,0.16,27.0,7.77,0.14,200.0,24.0,6.25,0.16,330.0,21.0,2.85,0.17,350.0,23.0,6.08,0.17,350.0,22.0,4.09,0.16,310.0,21.0,0.47,0.15,320.0,0
2025-07-18,5,1,2,3714,62,6.98,1,0.14,4.39,1.93,8.0,11.0,98.0,0.0,0.0,0.17,14.0,3.57,0.18,340.0,17.0,1.17,0.17,390.0,19.0,4.21,0.18,340.0,15.0,2.0,0.16,280.0,22.0,0.45,0.17,350.0,11.0,0.0,0.2,430.0,0
2025-07-18,5,2,1,4245,37,7.01,2,0.14,5.08,3.04,12.0,20.0,105.0,1.0,0.0,0.18,14.0,7.14,0.13,190.0,21.0,4.28,0.21,400.0,22.0,2.72,0.17,330.0,14.0,2.14,0.21,450.0,18.0,1.66,0.19,340.0,16.0,0.62,0.19,460.0,0
2025-07-18,5,3,5,3558,7,6.89,3,0.14,4.48,2.65,8.0,13.0,79.0,1.0,0.0,0.18,13.0,6.92,0.17,350.0,12.0,4.16,0.15,320.0,16.0,2.5,0.19,370.0,15.0,1.33,0.19,330.0,17.0,0.0,0.17,360.0,6.0,1.66,0.18,370.0,0
2025-07-18,5,4,4,3731,17,6.95,4,0.11,5.49,3.7,20.0,13.0,89.0,2.0,0.0,0.17,15.0,7.33,0.16,380.0,23.0,4.34,0.19,430.0,22.0,3.63,0.15,320.0,17.0,1.76,0.18,390.0,11.0,0.9,0.18,390.0,1.0,0.0,0.28,600.0,0
2025-07-18,5,5,6,4239,46,6.95,5,0.09,6.43,4.95,31.0,25.0,113.0,4.0,0.0,0.17,28.0,8.92,0.16,300.0,17.0,6.47,0.16,360.0,14.0,5.71,0.14,220.0,20.0,4.5,0.17,350.0,16.0,1.87,0.19,360.0,18.0,0.0,0.2,440.0,0
2025-07-18,5,6,3,4850,29,6.94,6,0.11,5.7,3.65,20.0,22.0,115.0,3.0,0.0,0.12,20.0,8.5,0.15,180.0,22.0,4.54,0.12,210.0,14.0,4.28,0.11,210.0,20.0,1.5,0.1,220.0,24.0,0.83,0.12,250.0,15.0,2.66,0.13,250.0,0
2025-07-18,6,1,3,4594,22,6.99,1,0.13,5.95,4.17,32.0,24.0,134.0,3.0,0.0,0.16,28.0,8.92,0.13,250.0,22.0,5.45,0.17,350.0,23.0,3.04,0.18,290.0,25.0,2.4,0.14,310.0,25.0,2.4,0.15,280.0,11.0,0.0,0.18,300.0,0
2025-07-18,6,2,1,4303,60,6.89,2,0.17,5.55,3.48,20.0,25.0,129.0,0.0,0.0,0.19,20.0,7.5,0.18,280.0,23.0,3.91,0.2,370.0,23.0,3.04,0.17,300.0,29.0,4.13,0.17,310.0,14.0,0.71,0.2,420.0,20.0,0.5,0.22,460.0,0
2025-07-18,6,3,6,3787,61,6.94,3,0.13,4.57,2.83,6.0,9.0,53.0,1.0,0.0,0.19,8.0,6.25,0.22,370.0,9.0,5.55,0.16,460.0,9.0,3.33,0.19,370.0,9.0,1.11,0.17,420.0,9.0,0.0,0.21,400.0,8.0,1.25,0.2,460.0,0
2025-07-18,6,4,2,3654,16,6.95,4,0.11,6.37,4.71,30.0,37.0,142.0,3.0,0.0,0.17,31.0,7.74,0.16,310.0,24.0,6.66,0.17,340.0,23.0,5.21,0.19,370.0,27.0,2.22,0.17,310.0,25.0,3.2,0.18,400.0,12.0,0.83,0.16,350.0,0
2025-07-18,6,5,5,4896,23,6.96,5,0.13,4.34,2.05,10.0,12.0,107.0,0.0,0.0,0.19,16.0,5.62,0.18,440.0,17.0,1.76,0.18,400.0,24.0,2.91,0.19,360.0,20.0,1.0,0.16,310.0,12.0,0.83,0.2,420.0,18.0,0.0,0.23,530.0,0
2025-07-18,6,6,4,3742,39,6.98,6,0.13,4.31,2.0,7.0,13.0,100.0,0.0,0.0,0.18,14.0,6.42,0.19,350.0,17.0,1.17,0.18,400.0,17.0,3.52,0.16,310.0,17.0,1.76,0.19,340.0,23.0,0.0,0.19,400.0,12.0,0.0,0.19,430.0,0
2025-07-18,12,1,3,5043,10,6.92,1,0.11,6.92,5.84,50.0,33.0,142.0,8.0,2.0,0.16,40.0,8.75,0.15,300.0,23.0,6.95,0.16,300.0,23.0,4.34,0.16,280.0,19.0,3.68,0.16,380.0,19.0,5.78,0.17,360.0,18.0,2.22,0.13,260.0,0
2025-07-18,12,2,1,3654,16,6.87,2,0.16,6.37,4.71,30.0,37.0,142.0,3.0,0.0,0.17,31.0,7.74,0.16,310.0,24.0,6.66,0.17,340.0,23.0,5.21,0.19,370.0,27.0,2.22,0.17,310.0,25.0,3.2,0.18,400.0,12.0,0.83,0.16,350.0,0
2025-07-18,12,3,5,4700,33,6.97,3,0.13,6.42,4.78,29.0,37.0,138.0,5.0,0.0,0.16,27.0,7.77,0.14,200.0,24.0,6.25,0.16,330.0,21.0,2.85,0.17,350.0,23.0,6.08,0.17,350.0,22.0,4.09,0.16,310.0,21.0,0.47,0.15,320.0,0
2025-07-18,12,4,4,4295,51,6.77,4,0.15,7.13,5.65,43.0,35.0,138.0,6.0,1.0,0.13,27.0,10.0,0.12,210.0,21.0,6.19,0.16,290.0,28.0,5.71,0.13,200.0,21.0,4.76,0.13,210.0,22.0,3.63,0.13,280.0,19.0,2.1,0.14,270.0,0
2025-07-18,12,5,2,4828,48,6.87,5,0.11,6.41,4.66,36.0,27.0,135.0,5.0,0.0,0.14,23.0,9.13,0.12,170.0,24.0,5.0,0.17,310.0,25.0,4.8,0.13,250.0,20.0,5.0,0.12,260.0,21.0,2.85,0.14,290.0,22.0,0.9,0.16,380.0,0
2025-07-18,12,6,6,4239,46,6.94,6,0.14,6.43,4.95,31.0,25.0,113.0,4.0,0.0,0.17,28.0,8.92,0.16,300.0,17.0,6.47,0.16,360.0,14.0,5.71,0.14,220.0,20.0,4.5,0.17,350.0,16.0,1.87,0.19,360.0,18.0,0.0,0.2,440.0,0
2025-07-19,2,1,2,3372,35,6.82,1,0.17,3.43,1.16,3.0,7.0,86.0,0.0,0.0,0.22,14.0,3.57,0.23,460.0,15.0,0.66,0.23,510.0,16.0,0.62,0.23,460.0,15.0,2.0,0.22,490.0,9.0,0.0,0.2,460.0,17.0,0.0,0.22,480.0,0
2025-07-19,2,2,6,4368,50,6.92,2,0.19,4.37,2.22,10.0,16.0,117.0,0.0,0.0,0.18,13.0,6.15,0.16,310.0,21.0,2.38,0.17,290.0,22.0,2.72,0.15,260.0,23.0,1.3,0.18,370.0,18.0,1.66,0.18,310.0,20.0,0.5,0.24,460.0,0
2025-07-19,2,3,4,4664,15,6.89,3,0.11,3.78,2.04,5.0,15.0,98.0,0.0,0.0,0.19,13.0,5.38,0.17,350.0,14.0,2.85,0.19,350.0,20.0,2.5,0.18,380.0,17.0,1.76,0.2,420.0,23.0,0.43,0.19,430.0,11.0,0.0,0.22,320.0,0
2025-07-19,2,4,1,4700,33,6.89,4,0.17,6.42,4.78,29.0,37.0,138.0,5.0,0.0,0.16,27.0,7.77,0.14,200.0,24.0,6.25,0.16,330.0,21.0,2.85,0.17,350.0,23.0,6.08,0.17,350.0,22.0,4.09,0.16,310.0,21.0,0.47,0.15,320.0,0
2025-07-19,2,5,5,4635,43,6.9,5,0.24,4.77,3.08,10.0,19.0,94.0,1.0,0.0,0.15,13.0,7.69,0.17,260.0,16.0,4.37,0.16,210.0,17.0,2.94,0.15,190.0,14.0,2.14,0.15,350.0,21.0,1.42,0.13,280.0,13.0,0.76,0.16,280.0,0
2025-07-19,2,6,3,4105,56,6.85,6,0.16,5.65,3.65,22.0,20.0,115.0,0.0,0.0,0.18,22.0,7.27,0.19,390.0,19.0,3.68,0.2,390.0,21.0,3.81,0.19,320.0,21.0,1.42,0.16,340.0,20.0,4.0,0.18,340.0,12.0,0.0,0.17,400.0,0
2025-07-19,4,1,6,3870,19,6.92,1,0.09,4.31,2.43,8.0,11.0,78.0,0.0,0.0,0.17,13.0,6.15,0.17,310.0,14.0,2.85,0.18,360.0,12.0,1.66,0.17,420.0,13.0,2.3,0.16,380.0,13.0,0.76,0.18,310.0,13.0,0.76,0.16,400.0,0
2025-07-19,4,2,5,3757,11,6.96,2,0.13,4.8,2.88,13.0,13.0,90.0,0.0,0.0,0.18,11.0,9.09,0.13,270.0,14.0,2.85,0.17,340.0,16.0,2.5,0.19,330.0,22.0,2.72,0.16,370.0,13.0,1.53,0.18,330.0,14.0,0.0,0.26,550.0,0
2025-07-19,4,3,4,3812,53,6.92,3,0.07,4.43,2.25,9.0,18.0,120.0,0.0,0.0,0.17,19.0,6.31,0.14,320.0,21.0,2.38,0.18,330.0,26.0,2.3,0.14,330.0,18.0,0.55,0.2,380.0,21.0,0.95,0.17,380.0,15.0,0.66,0.19,400.0,0
2025-07-19,4,4,1,3558,7,6.78,4,0.04,4.48,2.65,8.0,13.0,79.0,1.0,0.0,0.18,13.0,6.92,0.17,350.0,12.0,4.16,0.15,320.0,16.0,2.5,0.19,370.0,15.0,1.33,0.19,330.0,17.0,0.0,0.17,360.0,6.0,1.66,0.18,370.0,0
2025-07-19,4,5,3,4513,41,6.88,5,0.12,5.61,3.42,22.0,28.0,146.0,3.0,0.0,0.17,25.0,8.0,0.18,340.0,25.0,2.8,0.17,350.0,27.0,3.7,0.15,340.0,27.0,2.59,0.19,360.0,20.0,2.0,0.18,400.0,22.0,0.9,0.16,400.0,0
2025-07-19,4,6,2,4828,48,6.9,6,0.14,6.41,4.66,36.0,27.0,135.0,5.0,0.0,0.14,23.0,9.13,0.12,170.0,24.0,5.0,0.17,310.0,25.0,4.8,0.13,250.0,20.0,5.0,0.12,260.0,21.0,2.85,0.14,290.0,22.0,0.9,0.16,380.0,0
2025-07-19,5,1,2,3742,39,6.95,1,0.22,4.31,2.0,7.0,13.0,100.0,0.0,0.0,0.18,14.0,6.42,0.19,350.0,17.0,1.17,0.18,400.0,17.0,3.52,0.16,310.0,17.0,1.76,0.19,340.0,23.0,0.0,0.19,400.0,12.0,0.0,0.19,430.0,0
2025-07-19,5,2,3,4204,14,6.77,2,0.22,2.67,0.21,1.0,0.0,46.0,0.0,0.0,0.26,6.0,0.0,0.24,560.0,8.0,1.25,0.21,540.0,6.0,0.0,0.28,570.0,4.0,0.0,0.21,470.0,11.0,0.0,0.24,490.0,11.0,0.0,0.33,570.0,0
2025-07-19,5,3,5,3992,59,6.9,3,0.19,5.66,3.48,27.0,12.0,112.0,0.0,0.0,0.15,19.0,7.36,0.17,330.0,18.0,5.55,0.16,260.0,21.0,2.85,0.12,210.0,21.0,3.81,0.14,270.0,16.0,0.0,0.14,230.0,17.0,0.58,0.14,300.0,0
2025-07-19,5,4,1,4245,37,6.93,4,0.32,5.08,3.04,12.0,20.0,105.0,1.0,0.0,0.18,14.0,7.14,0.13,190.0,21.0,4.28,0.21,400.0,22.0,2.72,0.17,330.0,14.0,2.14,0.21,450.0,18.0,1.66,0.19,340.0,16.0,0.62,0.19,460.0,0
2025-07-19,5,5,4,3442,64,6.92,5,0.31,5.25,3.23,13.0,20.0,102.0,0.0,0.0,0.17,20.0,7.5,0.17,290.0,16.0,5.62,0.17,310.0,22.0,0.9,0.16,340.0,16.0,3.12,0.14,280.0,13.0,1.53,0.16,320.0,15.0,0.0,0.19,430.0,0
2025-07-19,5,6,6,3833,8,6.9,6,0.35,6.73,5.28,35.0,20.0,104.0,5.0,1.0,0.13,23.0,9.56,0.13,200.0,18.0,6.66,0.13,270.0,14.0,5.71,0.11,230.0,17.0,3.52,0.12,250.0,14.0,2.85,0.14,230.0,18.0,1.66,0.15,290.0,0
2025-07-19,7,1,2,4108,25,6.91,1,0.14,6.83,5.53,17.0,9.0,47.0,2.0,0.0,0.14,13.0,6.92,0.13,180.0,5.0,8.0,0.1,220.0,9.0,5.55,0.16,350.0,8.0,5.0,0.12,190.0,9.0,3.33,0.15,370.0,3.0,3.33,0.16,300.0,0
2025-07-19,7,2,1,4295,51,6.84,2,0.13,7.13,5.65,43.0,35.0,138.0,6.0,1.0,0.13,27.0,10.0,0.12,210.0,21.0,6.19,0.16,290.0,28.0,5.71,0.13,200.0,21.0,4.76,0.13,210.0,22.0,3.63,0.13,280.0,19.0,2.1,0.14,270.0,0
2025-07-19,7,3,5,3714,62,6.89,3,0.15,4.39,1.93,8.0,11.0,98.0,0.0,0.0,0.17,14.0,3.57,0.18,340.0,17.0,1.17,0.17,390.0,19.0,4.21,0.18,340.0,15.0,2.0,0.16,280.0,22.0,0.45,0.17,350.0,11.0,0.0,0.2,430.0,0
2025-07-19,7,4,6,4664,15,6.94,4,0.16,3.78,2.04,5.0,15.0,98.0,0.0,0.0,0.19,13.0,5.38,0.17,350.0,14.0,2.85,0.19,350.0,20.0,2.5,0.18,380.0,17.0,1.76,0.2,420.0,23.0,0.43,0.19,430.0,11.0,0.0,0.22,320.0,0
2025-07-19,7,5,4,4594,22,6.98,5,0.19,5.95,4.17,32.0,24.0,134.0,3.0,0.0,0.16,28.0,8.92,0.13,250.0,22.0,5.45,0.17,350.0,23.0,3.04,0.18,290.0,25.0,2.4,0.14,310.0,25.0,2.4,0.15,280.0,11.0,0.0,0.18,300.0,0
2025-07-19,7,6,3,5043,10,6.85,6,0.21,6.92,5.84,50.0,33.0,142.0,8.0,2.0,0.16,40.0,8.75,0.15,300.0,23.0,6.95,0.16,300.0,23.0,4.34,0.16,280.0,19.0,3.68,0.16,380.0,19.0,5.78,0.17,360.0,18.0,2.22,0.13,260.0,0
2025-07-19,9,1,2,4513,41,6.92,1,0.18,5.61,3.42,22.0,28.0,146.0,3.0,0.0,0.17,25.0,8.0,0.18,340.0,25.0,2.8,0.17,350.0,27.0,3.7,0.15,340.0,27.0,2.59,0.19,360.0,20.0,2.0,0.18,400.0,22.0,0.9,0.16,400.0,0
2025-07-19,9,2,4,4700,33,6.88,2,0.22,6.42,4.78,29.0,37.0,138.0,5.0,0.0,0.16,27.0,7.77,0.14,200.0,24.0,6.25,0.16,330.0,21.0,2.85,0.17,350.0,23.0,6.08,0.17,350.0,22.0,4.09,0.16,310.0,21.0,0.47,0.15,320.0,0
2025-07-19,9,3,1,3731,17,7.01,3,0.24,5.49,3.7,20.0,13.0,89.0,2.0,0.0,0.17,15.0,7.33,0.16,380.0,23.0,4.34,0.19,430.0,22.0,3.63,0.15,320.0,17.0,1.76,0.18,390.0,11.0,0.9,0.18,390.0,1.0,0.0,0.28,600.0,0
2025-07-19,9,4,3,3742,39,6.88,4,0.25,4.31,2.0,7.0,13.0,100.0,0.0,0.0,0.18,14.0,6.42,0.19,350.0,17.0,1.17,0.18,400.0,17.0,3.52,0.16,310.0,17.0,1.76,0.19,340.0,23.0,0.0,0.19,400.0,12.0,0.0,0.19,430.0,0
2025-07-19,9,5,5,4435,40,6.82,5,0.23,4.67,2.43,10.0,18.0,115.0,1.0,0.0,0.19,23.0,5.21,0.17,350.0,14.0,2.85,0.18,380.0,16.0,2.5,0.19,390.0,19.0,3.15,0.18,370.0,21.0,0.47,0.18,360.0,22.0,0.45,0.23,490.0,0
2025-07-19,9,6,6,3771,28,7.01,6,0.22,5.33,3.07,16.0,16.0,104.0,0.0,0.0,0.13,23.0,6.52,0.13,190.0,14.0,2.85,0.14,290.0,19.0,3.15,0.12,240.0,14.0,2.14,0.1,240.0,16.0,1.25,0.12,280.0,18.0,1.11,0.16,410.0,0
2025-07-20,4,1,4,3212,9,6.91,1,0.34,3.78,1.63,0.0,9.0,55.0,0.0,0.0,0.17,7.0,5.71,0.12,310.0,16.0,1.25,0.18,370.0,14.0,1.42,0.19,350.0,9.0,1.11,0.16,330.0,7.0,0.0,0.16,440.0,2.0,0.0,0.18,350.0,0
2025-07-20,4,2,1,3714,62,6.94,2,0.19,4.39,1.93,8.0,11.0,98.0,0.0,0.0,0.17,14.0,3.57,0.18,340.0,17.0,1.17,0.17,390.0,19.0,4.21,0.18,340.0,15.0,2.0,0.16,280.0,22.0,0.45,0.17,350.0,11.0,0.0,0.2,430.0,0
2025-07-20,4,3,2,4782,20,6.93,4,0.12,5.27,3.33,24.0,14.0,114.0,0.0,0.0,0.17,19.0,7.36,0.15,260.0,15.0,8.0,0.14,250.0,22.0,1.81,0.16,260.0,19.0,2.1,0.18,300.0,19.0,2.1,0.17,380.0,20.0,0.0,0.2,460.0,0
2025-07-20,4,4,3,3833,8,6.91,5,0.14,6.73,5.28,35.0,20.0,104.0,5.0,1.0,0.13,23.0,9.56,0.13,200.0,18.0,6.66,0.13,270.0,14.0,5.71,0.11,230.0,17.0,3.52,0.12,250.0,14.0,2.85,0.14,230.0,18.0,1.66,0.15,290.0,0
2025-07-20,4,5,6,4511,1,6.91,6,0.16,3.17,1.22,2.0,3.0,41.0,0.0,0.0,0.19,4.0,2.5,0.16,340.0,7.0,2.85,0.16,330.0,6.0,1.66,0.19,380.0,6.0,0.0,0.18,380.0,11.0,0.9,0.2,410.0,7.0,0.0,0.22,460.0,0
2025-07-20,4,6,5,4513,41,7.05,3,0.16,5.61,3.42,22.0,28.0,146.0,3.0,0.0,0.17,25.0,8.0,0.18,340.0,25.0,2.8,0.17,350.0,27.0,3.7,0.15,340.0,27.0,2.59,0.19,360.0,20.0,2.0,0.18,400.0,22.0,0.9,0.16,400.0,0
2025-07-20,7,1,4,3558,7,6.89,1,0.11,4.48,2.65,8.0,13.0,79.0,1.0,0.0,0.18,13.0,6.92,0.17,350.0,12.0,4.16,0.15,320.0,16.0,2.5,0.19,370.0,15.0,1.33,0.19,330.0,17.0,0.0,0.17,360.0,6.0,1.66,0.18,370.0,0
2025-07-20,7,2,1,4828,48,6.86,2,0.14,6.41,4.66,36.0,27.0,135.0,5.0,0.0,0.14,23.0,9.13,0.12,170.0,24.0,5.0,0.17,310.0,25.0,4.8,0.13,250.0,20.0,5.0,0.12,260.0,21.0,2.85,0.14,290.0,22.0,0.9,0.16,380.0,0
2025-07-20,7,3,3,3654,16,6.97,3,0.12,6.37,4.71,30.0,37.0,142.0,3.0,0.0,0.17,31.0,7.74,0.16,310.0,24.0,6.66,0.17,340.0,23.0,5.21,0.19,370.0,27.0,2.22,0.17,310.0,25.0,3.2,0.18,400.0,12.0,0.83,0.16,350.0,0
2025-07-20,7,4,2,4368,50,6.84,5,0.15,4.37,2.22,10.0,16.0,117.0,0.0,0.0,0.18,13.0,6.15,0.16,310.0,21.0,2.38,0.17,290.0,22.0,2.72,0.15,260.0,23.0,1.3,0.18,370.0,18.0,1.66,0.18,310.0,20.0,0.5,0.24,460.0,0
2025-07-20,7,5,6,3731,17,6.89,6,0.18,5.49,3.7,20.0,13.0,89.0,2.0,0.0,0.17,15.0,7.33,0.16,380.0,23.0,4.34,0.19,430.0,22.0,3.63,0.15,320.0,17.0,1.76,0.18,390.0,11.0,0.9,0.18,390.0,1.0,0.0,0.28,600.0,0
2025-07-20,7,6,5,4108,25,6.94,4,0.16,6.83,5.53,17.0,9.0,47.0,2.0,0.0,0.14,13.0,6.92,0.13,180.0,5.0,8.0,0.1,220.0,9.0,5.55,0.16,350.0,8.0,5.0,0.12,190.0,9.0,3.33,0.15,370.0,3.0,3.33,0.16,300.0,0
2025-07-21,4,1,2,4245,37,6.84,1,0.25,5.08,3.04,12.0,20.0,105.0,1.0,0.0,0.18,14.0,7.14,0.13,190.0,21.0,4.28,0.21,400.0,22.0,2.72,0.17,330.0,14.0,2.14,0.21,450.0,18.0,1.66,0.19,340.0,16.0,0.62,0.19,460.0,0
2025-07-21,4,2,3,3442,64,6.79,2,0.22,5.25,3.23,13.0,20.0,102.0,0.0,0.0,0.17,20.0,7.5,0.17,290.0,16.0,5.62,0.17,310.0,22.0,0.9,0.16,340.0,16.0,3.12,0.14,280.0,13.0,1.53,0.16,320.0,15.0,0.0,0.19,430.0,0
2025-07-21,4,3,5,3523,18,6.91,3,0.23,5.16,3.4,13.0,17.0,88.0,0.0,0.0,0.17,14.0,8.57,0.16,350.0,11.0,4.54,0.18,350.0,18.0,1.66,0.17,390.0,16.0,2.5,0.15,310.0,13.0,2.3,0.16,410.0,16.0,1.87,0.2,400.0,0
2025-07-21,4,4,6,3812,53,6.9,4,0.22,4.43,2.25,9.0,18.0,120.0,0.0,0.0,0.17,19.0,6.31,0.14,320.0,21.0,2.38,0.18,330.0,26.0,2.3,0.14,330.0,18.0,0.55,0.2,380.0,21.0,0.95,0.17,380.0,15.0,0.66,0.19,400.0,0
2025-07-21,4,5,1,5043,10,6.95,5,0.2,6.92,5.84,50.0,33.0,142.0,8.0,2.0,0.16,40.0,8.75,0.15,300.0,23.0,6.95,0.16,300.0,23.0,4.34,0.16,280.0,19.0,3.68,0.16,380.0,19.0,5.78,0.17,360.0,18.0,2.22,0.13,260.0,0
2025-07-21,4,6,4,4782,20,6.89,6,0.23,5.27,3.33,24.0,14.0,114.0,0.0,0.0,0.17,19.0,7.36,0.15,260.0,15.0,8.0,0.14,250.0,22.0,1.81,0.16,260.0,19.0,2.1,0.18,300.0,19.0,2.1,0.17,380.0,20.0,0.0,0.2,460.0,0
2025-07-21,7,1,4,4355,5,6.9,1,0.24,3.48,1.34,8.0,5.0,97.0,0.0,0.0,0.2,14.0,5.71,0.13,270.0,15.0,1.33,0.2,440.0,18.0,0.55,0.21,390.0,17.0,1.17,0.22,390.0,16.0,0.0,0.2,380.0,17.0,0.0,0.23,490.0,0
2025-07-21,7,2,1,3558,7,6.84,2,0.22,4.48,2.65,8.0,13.0,79.0,1.0,0.0,0.18,13.0,6.92,0.17,350.0,12.0,4.16,0.15,320.0,16.0,2.5,0.19,370.0,15.0,1.33,0.19,330.0,17.0,0.0,0.17,360.0,6.0,1.66,0.18,370.0,0
2025-07-21,7,3,6,3461,49,6.98,3,0.29,3.87,1.22,2.0,8.0,82.0,0.0,0.0,0.19,12.0,3.33,0.14,270.0,12.0,0.83,0.18,370.0,16.0,1.25,0.19,410.0,15.0,1.33,0.22,380.0,16.0,0.0,0.18,320.0,10.0,1.0,0.21,430.0,0
2025-07-21,7,4,5,4594,22,6.97,4,0.18,5.95,4.17,32.0,24.0,134.0,3.0,0.0,0.16,28.0,8.92,0.13,250.0,22.0,5.45,0.17,350.0,23.0,3.04,0.18,290.0,25.0,2.4,0.14,310.0,25.0,2.4,0.15,280.0,11.0,0.0,0.18,300.0,0
2025-07-21,7,5,3,4105,56,6.93,5,0.16,5.65,3.65,22.0,20.0,115.0,0.0,0.0,0.18,22.0,7.27,0.19,390.0,19.0,3.68,0.2,390.0,21.0,3.81,0.19,320.0,21.0,1.42,0.16,340.0,20.0,4.0,0.18,340.0,12.0,0.0,0.17,400.0,0
2025-07-21,7,6,2,4295,51,6.9,6,0.17,7.13,5.65,43.0,35.0,138.0,6.0,1.0,0.13,27.0,10.0,0.12,210.0,21.0,6.19,0.16,290.0,28.0,5.71,0.13,200.0,21.0,4.76,0.13,210.0,22.0,3.63,0.13,280.0,19.0,2.1,0.14,270.0,0
2025-07-21,9,1,5,3654,16,6.85,1,0.26,6.37,4.71,30.0,37.0,142.0,3.0,0.0,0.17,31.0,7.74,0.16,310.0,24.0,6.66,0.17,340.0,23.0,5.21,0.19,370.0,27.0,2.22,0.17,310.0,25.0,3.2,0.18,400.0,12.0,0.83,0.16,350.0,0
2025-07-21,9,2,1,4245,37,6.89,2,0.21,5.08,3.04,12.0,20.0,105.0,1.0,0.0,0.18,14.0,7.14,0.13,190.0,21.0,4.28,0.21,400.0,22.0,2.72,0.17,330.0,14.0,2.14,0.21,450.0,18.0,1.66,0.19,340.0,16.0,0.62,0.19,460.0,0
2025-07-21,9,3,4,4700,33,6.79,3,0.19,6.42,4.78,29.0,37.0,138.0,5.0,0.0,0.16,27.0,7.77,0.14,200.0,24.0,6.25,0.16,330.0,21.0,2.85,0.17,350.0,23.0,6.08,0.17,350.0,22.0,4.09,0.16,310.0,21.0,0.47,0.15,320.0,0
2025-07-21,9,4,6,3742,39,6.87,4,0.16,4.31,2.0,7.0,13.0,100.0,0.0,0.0,0.18,14.0,6.42,0.19,350.0,17.0,1.17,0.18,400.0,17.0,3.52,0.16,310.0,17.0,1.76,0.19,340.0,23.0,0.0,0.19,400.0,12.0,0.0,0.19,430.0,0
2025-07-21,9,5,2,3442,64,6.82,5,0.15,5.25,3.23,13.0,20.0,102.0,0.0,0.0,0.17,20.0,7.5,0.17,290.0,16.0,5.62,0.17,310.0,22.0,0.9,0.16,340.0,16.0,3.12,0.14,280.0,13.0,1.53,0.16,320.0,15.0,0.0,0.19,430.0,0
2025-07-21,9,6,3,3771,28,6.92,6,0.22,5.33,3.07,16.0,16.0,104.0,0.0,0.0,0.13,23.0,6.52,0.13,190.0,14.0,2.85,0.14,290.0,19.0,3.15,0.12,240.0,14.0,2.14,0.1,240.0,16.0,1.25,0.12,280.0,18.0,1.11,0.16,410.0,0
2025-07-21,11,1,2,4295,51,6.85,1,0.19,7.13,5.65,43.0,35.0,138.0,6.0,1.0,0.13,27.0,10.0,0.12,210.0,21.0,6.19,0.16,290.0,28.0,5.71,0.13,200.0,21.0,4.76,0.13,210.0,22.0,3.63,0.13,280.0,19.0,2.1,0.14,270.0,0
2025-07-21,11,2,3,4105,56,6.94,2,0.25,5.65,3.65,22.0,20.0,115.0,0.0,0.0,0.18,22.0,7.27,0.19,390.0,19.0,3.68,0.2,390.0,21.0,3.81,0.19,320.0,21.0,1.42,0.16,340.0,20.0,4.0,0.18,340.0,12.0,0.0,0.17,400.0,0
2025-07-21,11,3,5,3812,53,6.92,3,0.21,4.43,2.25,9.0,18.0,120.0,0.0,0.0,0.17,19.0,6.31,0.14,320.0,21.0,2.38,0.18,330.0,26.0,2.3,0.14,330.0,18.0,0.55,0.2,380.0,21.0,0.95,0.17,380.0,15.0,0.66,0.19,400.0,0
2025-07-21,11,4,4,3833,8,6.87,4,0.23,6.73,5.28,35.0,20.0,104.0,5.0,1.0,0.13,23.0,9.56,0.13,200.0,18.0,6.66,0.13,270.0,14.0,5.71,0.11,230.0,17.0,3.52,0.12,250.0,14.0,2.85,0.14,230.0,18.0,1.66,0.15,290.0,0
2025-07-21,11,5,1,5032,55,6.85,6,0.13,5.0,2.77,17.0,8.0,90.0,0.0,0.0,0.17,13.0,6.92,0.12,230.0,15.0,4.0,0.17,310.0,15.0,0.66,0.18,380.0,20.0,3.0,0.18,330.0,13.0,1.53,0.16,330.0,14.0,0.71,0.17,390.0,0
2025-07-21,11,6,6,4218,54,6.92,5,0.23,6.42,4.51,35.0,30.0,144.0,6.0,0.0,0.16,34.0,7.64,0.13,240.0,24.0,5.41,0.17,330.0,29.0,4.13,0.14,300.0,27.0,3.7,0.17,310.0,21.0,1.42,0.19,390.0,9.0,1.11,0.22,490.0,0
2025-07-21,12,1,4,4513,41,6.85,1,0.15,5.61,3.42,22.0,28.0,146.0,3.0,0.0,0.17,25.0,8.0,0.18,340.0,25.0,2.8,0.17,350.0,27.0,3.7,0.15,340.0,27.0,2.59,0.19,360.0,20.0,2.0,0.18,400.0,22.0,0.9,0.16,400.0,0
2025-07-21,12,2,1,4594,22,6.9,2,0.13,5.95,4.17,32.0,24.0,134.0,3.0,0.0,0.16,28.0,8.92,0.13,250.0,22.0,5.45,0.17,350.0,23.0,3.04,0.18,290.0,25.0,2.4,0.14,310.0,25.0,2.4,0.15,280.0,11.0,0.0,0.18,300.0,0
2025-07-21,12,3,6,3731,17,6.91,3,0.19,5.49,3.7,20.0,13.0,89.0,2.0,0.0,0.17,15.0,7.33,0.16,380.0,23.0,4.34,0.19,430.0,22.0,3.63,0.15,320.0,17.0,1.76,0.18,390.0,11.0,0.9,0.18,390.0,1.0,0.0,0.28,600.0,0
2025-07-21,12,4,3,4896,23,6.9,4,0.12,4.34,2.05,10.0,12.0,107.0,0.0,0.0,0.19,16.0,5.62,0.18,440.0,17.0,1.76,0.18,400.0,24.0,2.91,0.19,360.0,20.0,1.0,0.16,310.0,12.0,0.83,0.2,420.0,18.0,0.0,0.23,530.0,0
2025-07-21,12,5,2,4842,34,6.96,5,0.16,5.48,3.36,12.0,23.0,104.0,0.0,0.0,0.17,12.0,5.83,0.18,400.0,20.0,3.5,0.19,380.0,18.0,3.88,0.16,340.0,22.0,2.72,0.15,280.0,20.0,3.5,0.14,280.0,12.0,0.83,0.23,480.0,0
2025-07-21,12,6,5,3992,59,6.94,6,0.11,5.66,3.48,27.0,12.0,112.0,0.0,0.0,0.15,19.0,7.36,0.17,330.0,18.0,5.55,0.16,260.0,21.0,2.85,0.12,210.0,21.0,3.81,0.14,270.0,16.0,0.0,0.14,230.0,17.0,0.58,0.14,300.0,0
2025-07-22,3,1,4,4664,15,6.84,1,0.12,3.78,2.04,5.0,15.0,98.0,0.0,0.0,0.19,13.0,5.38,0.17,350.0,14.0,2.85,0.19,350.0,20.0,2.5,0.18,380.0,17.0,1.76,0.2,420.0,23.0,0.43,0.19,430.0,11.0,0.0,0.22,320.0,0
2025-07-22,3,2,1,4635,43,6.86,2,0.13,4.77,3.08,10.0,19.0,94.0,1.0,0.0,0.15,13.0,7.69,0.17,260.0,16.0,4.37,0.16,210.0,17.0,2.94,0.15,190.0,14.0,2.14,0.15,350.0,21.0,1.42,0.13,280.0,13.0,0.76,0.16,280.0,0
2025-07-22,3,3,3,4355,5,6.84,3,0.14,3.48,1.34,8.0,5.0,97.0,0.0,0.0,0.2,14.0,5.71,0.13,270.0,15.0,1.33,0.2,440.0,18.0,0.55,0.21,390.0,17.0,1.17,0.22,390.0,16.0,0.0,0.2,380.0,17.0,0.0,0.23,490.0,0
2025-07-22,3,4,2,3771,28,6.92,4,0.12,5.33,3.07,16.0,16.0,104.0,0.0,0.0,0.13,23.0,6.52,0.13,190.0,14.0,2.85,0.14,290.0,19.0,3.15,0.12,240.0,14.0,2.14,0.1,240.0,16.0,1.25,0.12,280.0,18.0,1.11,0.16,410.0,0
2025-07-22,3,5,5,4842,34,6.97,5,0.09,5.48,3.36,12.0,23.0,104.0,0.0,0.0,0.17,12.0,5.83,0.18,400.0,20.0,3.5,0.19,380.0,18.0,3.88,0.16,340.0,22.0,2.72,0.15,280.0,20.0,3.5,0.14,280.0,12.0,0.83,0.23,480.0,0
2025-07-22,3,6,6,4511,1,6.95,6,0.13,3.17,1.22,2.0,3.0,41.0,0.0,0.0,0.19,4.0,2.5,0.16,340.0,7.0,2.85,0.16,330.0,6.0,1.66,0.19,380.0,6.0,0.0,0.18,380.0,11.0,0.9,0.2,410.0,7.0,0.0,0.22,460.0,0
2025-07-22,4,1,6,4782,20,6.88,1,0.28,5.27,3.33,24.0,14.0,114.0,0.0,0.0,0.17,19.0,7.36,0.15,260.0,15.0,8.0,0.14,250.0,22.0,1.81,0.16,260.0,19.0,2.1,0.18,300.0,19.0,2.1,0.17,380.0,20.0,0.0,0.2,460.0,0
2025-07-22,4,2,4,3523,18,6.89,2,0.29,5.16,3.4,13.0,17.0,88.0,0.0,0.0,0.17,14.0,8.57,0.16,350.0,11.0,4.54,0.18,350.0,18.0,1.66,0.17,390.0,16.0,2.5,0.15,310.0,13.0,2.3,0.16,410.0,16.0,1.87,0.2,400.0,0
2025-07-22,4,3,1,3714,62,6.9,4,0.22,4.39,1.93,8.0,11.0,98.0,0.0,0.0,0.17,14.0,3.57,0.18,340.0,17.0,1.17,0.17,390.0,19.0,4.21,0.18,340.0,15.0,2.0,0.16,280.0,22.0,0.45,0.17,350.0,11.0,0.0,0.2,430.0,0
2025-07-22,4,4,5,3461,49,6.89,6,0.33,3.87,1.22,2.0,8.0,82.0,0.0,0.0,0.19,12.0,3.33,0.14,270.0,12.0,0.83,0.18,370.0,16.0,1.25,0.19,410.0,15.0,1.33,0.22,380.0,16.0,0.0,0.18,320.0,10.0,1.0,0.21,430.0,0
2025-07-22,4,5,2,4303,60,6.86,5,0.32,5.55,3.48,20.0,25.0,129.0,0.0,0.0,0.19,20.0,7.5,0.18,280.0,23.0,3.91,0.2,370.0,23.0,3.04,0.17,300.0,29.0,4.13,0.17,310.0,14.0,0.71,0.2,420.0,20.0,0.5,0.22,460.0,0
2025-07-22,4,6,3,3731,17,6.92,3,0.26,5.49,3.7,20.0,13.0,89.0,2.0,0.0,0.17,15.0,7.33,0.16,380.0,23.0,4.34,0.19,430.0,22.0,3.63,0.15,320.0,17.0,1.76,0.18,390.0,11.0,0.9,0.18,390.0,1.0,0.0,0.28,600.0,0
2025-07-22,7,1,5,4700,33,6.86,1,0.14,6.42,4.78,29.0,37.0,138.0,5.0,0.0,0.16,27.0,7.77,0.14,200.0,24.0,6.25,0.16,330.0,21.0,2.85,0.17,350.0,23.0,6.08,0.17,350.0,22.0,4.09,0.16,310.0,21.0,0.47,0.15,320.0,0
2025-07-22,7,2,3,3372,35,6.78,2,0.21,3.43,1.16,3.0,7.0,86.0,0.0,0.0,0.22,14.0,3.57,0.23,460.0,15.0,0.66,0.23,510.0,16.0,0.62,0.23,460.0,15.0,2.0,0.22,490.0,9.0,0.0,0.2,460.0,17.0,0.0,0.22,480.0,0
2025-07-22,7,3,2,3870,19,6.91,3,0.15,4.31,2.43,8.0,11.0,78.0,0.0,0.0,0.17,13.0,6.15,0.17,310.0,14.0,2.85,0.18,360.0,12.0,1.66,0.17,420.0,13.0,2.3,0.16,380.0,13.0,0.76,0.18,310.0,13.0,0.76,0.16,400.0,0
2025-07-22,7,4,4,4664,15,6.9,4,0.16,3.78,2.04,5.0,15.0,98.0,0.0,0.0,0.19,13.0,5.38,0.17,350.0,14.0,2.85,0.19,350.0,20.0,2.5,0.18,380.0,17.0,1.76,0.2,420.0,23.0,0.43,0.19,430.0,11.0,0.0,0.22,320.0,0
2025-07-22,7,5,1,4105,56,6.91,5,0.13,5.65,3.65,22.0,20.0,115.0,0.0,0.0,0.18,22.0,7.27,0.19,390.0,19.0,3.68,0.2,390.0,21.0,3.81,0.19,320.0,21.0,1.42,0.16,340.0,20.0,4.0,0.18,340.0,12.0,0.0,0.17,400.0,0
2025-07-22,7,6,6,3992,59,6.86,6,0.17,5.66,3.48,27.0,12.0,112.0,0.0,0.0,0.15,19.0,7.36,0.17,330.0,18.0,5.55,0.16,260.0,21.0,2.85,0.12,210.0,21.0,3.81,0.14,270.0,16.0,0.0,0.14,230.0,17.0,0.58,0.14,300.0,0
2025-07-22,9,1,2,3731,17,6.91,1,0.11,5.49,3.7,20.0,13.0,89.0,2.0,0.0,0.17,15.0,7.33,0.16,380.0,23.0,4.34,0.19,430.0,22.0,3.63,0.15,320.0,17.0,1.76,0.18,390.0,11.0,0.9,0.18,390.0,1.0,0.0,0.28,600.0,0
2025-07-22,9,2,3,4204,14,6.71,2,0.09,2.67,0.21,1.0,0.0,46.0,0.0,0.0,0.26,6.0,0.0,0.24,560.0,8.0,1.25,0.21,540.0,6.0,0.0,0.28,570.0,4.0,0.0,0.21,470.0,11.0,0.0,0.24,490.0,11.0,0.0,0.33,570.0,0
2025-07-22,9,3,1,4782,20,6.83,3,0.09,5.27,3.33,24.0,14.0,114.0,0.0,0.0,0.17,19.0,7.36,0.15,260.0,15.0,8.0,0.14,250.0,22.0,1.81,0.16,260.0,19.0,2.1,0.18,300.0,19.0,2.1,0.17,380.0,20.0,0.0,0.2,460.0,0
2025-07-22,9,4,6,4511,1,6.9,4,0.11,3.17,1.22,2.0,3.0,41.0,0.0,0.0,0.19,4.0,2.5,0.16,340.0,7.0,2.85,0.16,330.0,6.0,1.66,0.19,380.0,6.0,0.0,0.18,380.0,11.0,0.9,0.2,410.0,7.0,0.0,0.22,460.0,0
2025-07-22,9,5,4,4108,25,6.9,5,0.12,6.83,5.53,17.0,9.0,47.0,2.0,0.0,0.14,13.0,6.92,0.13,180.0,5.0,8.0,0.1,220.0,9.0,5.55,0.16,350.0,8.0,5.0,0.12,190.0,9.0,3.33,0.15,370.0,3.0,3.33,0.16,300.0,0
2025-07-22,9,6,5,4355,5,6.9,6,0.15,3.48,1.34,8.0,5.0,97.0,0.0,0.0,0.2,14.0,5.71,0.13,270.0,15.0,1.33,0.2,440.0,18.0,0.55,0.21,390.0,17.0,1.17,0.22,390.0,16.0,0.0,0.2,380.0,17.0,0.0,0.23,490.0,0
2025-07-22,11,1,3,4105,56,6.93,1,0.2,5.65,3.65,22.0,20.0,115.0,0.0,0.0,0.18,22.0,7.27,0.19,390.0,19.0,3.68,0.2,390.0,21.0,3.81,0.19,320.0,21.0,1.42,0.16,340.0,20.0,4.0,0.18,340.0,12.0,0.0,0.17,400.0,0
2025-07-22,11,2,4,4700,33,6.93,6,0.12,6.42,4.78,29.0,37.0,138.0,5.0,0.0,0.16,27.0,7.77,0.14,200.0,24.0,6.25,0.16,330.0,21.0,2.85,0.17,350.0,23.0,6.08,0.17,350.0,22.0,4.09,0.16,310.0,21.0,0.47,0.15,320.0,0
2025-07-22,11,3,2,4850,29,6.8,2,0.14,5.7,3.65,20.0,22.0,115.0,3.0,0.0,0.12,20.0,8.5,0.15,180.0,22.0,4.54,0.12,210.0,14.0,4.28,0.11,210.0,20.0,1.5,0.1,220.0,24.0,0.83,0.12,250.0,15.0,2.66,0.13,250.0,0
2025-07-22,11,4,6,3714,62,6.86,3,0.23,4.39,1.93,8.0,11.0,98.0,0.0,0.0,0.17,14.0,3.57,0.18,340.0,17.0,1.17,0.17,390.0,19.0,4.21,0.18,340.0,15.0,2.0,0.16,280.0,22.0,0.45,0.17,350.0,11.0,0.0,0.2,430.0,0
2025-07-22,11,5,5,3742,39,6.89,4,0.2,4.31,2.0,7.0,13.0,100.0,0.0,0.0,0.18,14.0,6.42,0.19,350.0,17.0,1.17,0.18,400.0,17.0,3.52,0.16,310.0,17.0,1.76,0.19,340.0,23.0,0.0,0.19,400.0,12.0,0.0,0.19,430.0,0
2025-07-22,11,6,1,4218,54,6.96,5,0.16,6.42,4.51,35.0,30.0,144.0,6.0,0.0,0.16,34.0,7.64,0.13,240.0,24.0,5.41,0.17,330.0,29.0,4.13,0.14,300.0,27.0,3.7,0.17,310.0,21.0,1.42,0.19,390.0,9.0,1.11,0.22,490.0,0
2025-07-22,12,1,2,4828,48,6.74,1,0.08,6.41,4.66,36.0,27.0,135.0,5.0,0.0,0.14,23.0,9.13,0.12,170.0,24.0,5.0,0.17,310.0,25.0,4.8,0.13,250.0,20.0,5.0,0.12,260.0,21.0,2.85,0.14,290.0,22.0,0.9,0.16,380.0,0
2025-07-22,12,2,4,4245,37,6.88,2,0.1,5.08,3.04,12.0,20.0,105.0,1.0,0.0,0.18,14.0,7.14,0.13,190.0,21.0,4.28,0.21,400.0,22.0,2.72,0.17,330.0,14.0,2.14,0.21,450.0,18.0,1.66,0.19,340.0,16.0,0.62,0.19,460.0,0
2025-07-22,12,3,3,5032,55,6.9,4,0.13,5.0,2.77,17.0,8.0,90.0,0.0,0.0,0.17,13.0,6.92,0.12,230.0,15.0,4.0,0.17,310.0,15.0,0.66,0.18,380.0,20.0,3.0,0.18,330.0,13.0,1.53,0.16,330.0,14.0,0.71,0.17,390.0,0
2025-07-22,12,4,1,4295,51,6.89,3,0.14,7.13,5.65,43.0,35.0,138.0,6.0,1.0,0.13,27.0,10.0,0.12,210.0,21.0,6.19,0.16,290.0,28.0,5.71,0.13,200.0,21.0,4.76,0.13,210.0,22.0,3.63,0.13,280.0,19.0,2.1,0.14,270.0,0
2025-07-22,12,5,5,5043,10,6.86,5,0.22,6.92,5.84,50.0,33.0,142.0,8.0,2.0,0.16,40.0,8.75,0.15,300.0,23.0,6.95,0.16,300.0,23.0,4.34,0.16,280.0,19.0,3.68,0.16,380.0,19.0,5.78,0.17,360.0,18.0,2.22,0.13,260.0,0
2025-07-22,12,6,6,3442,64,6.96,6,0.23,5.25,3.23,13.0,20.0,102.0,0.0,0.0,0.17,20.0,7.5,0.17,290.0,16.0,5.62,0.17,310.0,22.0,0.9,0.16,340.0,16.0,3.12,0.14,280.0,13.0,1.53,0.16,320.0,15.0,0.0,0.19,430.0,0
2025-07-25,1,1,4,5291,17,7.0,1,0.16,2.07,0.37,1.0,3.0,107.0,0.0,0.0,0.23,0.0,0.0,0.0,0.0,0.0,0.0,0.0,0.0,0.0,0.0,0.0,0.0,22.0,0.9,0.23,470.0,40.0,0.5,0.21,440.0,45.0,0.0,0.25,530.0,0
2025-07-25,1,2,5,4844,29,6.94,2,0.26,4.08,1.94,8.0,15.0,118.0,0.0,0.0,0.18,11.0,5.45,0.19,420.0,26.0,2.3,0.18,380.0,21.0,2.85,0.15,340.0,31.0,1.29,0.18,360.0,20.0,0.5,0.22,430.0,9.0,0.0,0.22,480.0,0
2025-07-25,1,3,3,5165,47,6.94,3,0.37,4.03,2.04,5.0,15.0,98.0,0.0,0.0,0.19,14.0,3.57,0.21,360.0,15.0,2.66,0.23,450.0,20.0,3.0,0.14,260.0,17.0,2.35,0.18,310.0,15.0,0.66,0.18,400.0,17.0,0.0,0.21,450.0,0
2025-07-25,1,4,1,5265,10,6.92,4,0.21,3.13,1.03,4.0,9.0,126.0,0.0,0.0,0.16,15.0,3.33,0.17,300.0,22.0,1.36,0.18,340.0,24.0,1.66,0.14,300.0,22.0,0.45,0.18,360.0,23.0,0.0,0.16,370.0,20.0,0.0,0.14,310.0,0
2025-07-25,1,5,2,4997,6,7.03,5,0.19,2.55,0.81,2.0,2.0,49.0,0.0,0.0,0.17,7.0,1.42,0.19,460.0,8.0,2.5,0.19,400.0,11.0,0.9,0.19,340.0,6.0,0.0,0.16,270.0,9.0,0.0,0.15,310.0,8.0,0.0,0.15,310.0,0
2025-07-25,1,6,6,5389,39,6.91,6,0.15,1.09,0.0,0.0,0.0,87.0,0.0,0.0,0.19,0.0,0.0,0.0,0.0,0.0,0.0,0.0,0.0,0.0,0.0,0.0,0.0,0.0,0.0,0.0,0.0,1.0,0.0,0.07,200.0,86.0,0.0,0.19,420.0,0
2025-07-25,2,1,3,5153,8,6.96,1,0.15,3.96,1.45,7.0,7.0,96.0,1.0,0.0,0.18,12.0,5.0,0.21,330.0,17.0,1.17,0.2,340.0,18.0,1.11,0.19,320.0,17.0,0.58,0.17,320.0,18.0,0.55,0.15,270.0,14.0,1.42,0.16,340.0,0
2025-07-25,2,2,5,5184,64,6.93,2,0.28,3.63,1.35,2.0,6.0,59.0,0.0,0.0,0.2,5.0,4.0,0.22,360.0,12.0,1.66,0.21,390.0,12.0,2.5,0.21,400.0,11.0,0.0,0.19,340.0,11.0,0.9,0.18,350.0,8.0,0.0,0.2,380.0,0
2025-07-25,2,3,1,3999,14,7.0,3,0.08,6.34,4.32,26.0,22.0,111.0,3.0,0.0,0.17,27.0,7.4,0.15,230.0,15.0,6.66,0.15,330.0,23.0,4.34,0.16,340.0,14.0,4.28,0.18,350.0,15.0,1.33,0.17,360.0,17.0,0.0,0.19,450.0,0
2025-07-25,2,4,4,4014,43,6.93,4,0.08,5.48,3.27,16.0,22.0,116.0,0.0,0.0,0.19,25.0,7.2,0.19,360.0,16.0,3.75,0.19,310.0,18.0,3.33,0.19,360.0,22.0,1.36,0.17,360.0,19.0,1.57,0.21,380.0,16.0,1.25,0.2,390.0,0
2025-07-25,2,5,2,3232,45,6.93,5,0.09,5.33,3.69,12.0,15.0,73.0,1.0,0.0,0.17,14.0,7.14,0.14,250.0,15.0,2.66,0.18,420.0,11.0,5.45,0.16,330.0,10.0,4.0,0.17,320.0,13.0,2.3,0.19,440.0,10.0,0.0,0.19,420.0,0
2025-07-25,2,6,6,5335,23,7.01,6,0.12,2.68,0.84,1.0,8.0,107.0,0.0,0.0,0.19,0.0,0.0,0.0,0.0,0.0,0.0,0.0,0.0,2.0,0.0,0.15,450.0,26.0,0.76,0.22,480.0,35.0,0.57,0.17,370.0,44.0,1.13,0.18,410.0,0
2025-07-25,4,1,2,4765,13,6.9,1,0.02,5.1,3.6,20.0,11.0,86.0,0.0,0.0,0.14,12.0,5.83,0.14,210.0,16.0,3.12,0.16,320.0,16.0,4.37,0.14,260.0,13.0,3.84,0.15,280.0,17.0,3.52,0.13,220.0,12.0,0.83,0.12,290.0,0
2025-07-25,4,2,6,4823,20,6.99,2,0.05,5.25,3.52,8.0,10.0,51.0,2.0,0.0,0.15,11.0,8.18,0.17,240.0,5.0,4.0,0.11,280.0,9.0,5.55,0.14,210.0,7.0,1.42,0.19,310.0,8.0,1.25,0.11,200.0,11.0,0.0,0.14,350.0,0
2025-07-25,4,3,1,5163,11,6.99,3,0.04,6.45,4.41,28.0,17.0,102.0,3.0,1.0,0.18,19.0,8.94,0.18,330.0,14.0,5.0,0.18,310.0,18.0,3.88,0.17,360.0,16.0,5.0,0.19,340.0,14.0,3.57,0.18,350.0,21.0,0.47,0.19,470.0,0
2025-07-25,4,4,3,5361,59,6.97,4,0.08,1.37,0.0,0.0,0.0,73.0,0.0,0.0,0.19,0.0,0.0,0.0,0.0,0.0,0.0,0.0,0.0,0.0,0.0,0.0,0.0,4.0,0.0,0.13,430.0,12.0,0.0,0.19,380.0,57.0,0.0,0.19,430.0,0
2025-07-25,4,5,5,5334,28,7.02,5,0.17,2.29,0.33,2.0,2.0,119.0,0.0,0.0,0.2,2.0,0.0,0.12,450.0,4.0,2.5,0.24,500.0,7.0,1.42,0.23,400.0,30.0,0.66,0.2,420.0,32.0,0.0,0.2,450.0,44.0,0.0,0.19,430.0,0
2025-07-25,4,6,4,4927,4,7.04,6,0.28,5.75,3.98,26.0,31.0,143.0,5.0,0.0,0.16,32.0,7.18,0.15,340.0,14.0,4.28,0.16,290.0,21.0,4.76,0.17,320.0,30.0,3.33,0.15,310.0,22.0,1.36,0.15,370.0,24.0,2.08,0.16,420.0,0
2025-07-25,5,1,3,5140,58,6.95,1,0.26,4.1,2.15,7.0,10.0,79.0,1.0,0.0,0.19,11.0,2.72,0.19,350.0,13.0,3.84,0.18,320.0,13.0,0.76,0.2,360.0,17.0,3.52,0.17,420.0,14.0,0.0,0.19,340.0,11.0,1.81,0.23,480.0,0
2025-07-25,5,2,1,4433,40,7.03,2,0.27,6.37,4.06,27.0,23.0,123.0,4.0,1.0,0.18,30.0,7.33,0.16,360.0,17.0,2.35,0.17,340.0,19.0,5.26,0.18,390.0,21.0,3.81,0.16,350.0,17.0,0.58,0.22,460.0,19.0,2.63,0.17,440.0,0
2025-07-25,5,3,4,5295,53,6.98,3,0.24,2.34,0.44,1.0,2.0,67.0,0.0,0.0,0.22,7.0,2.85,0.24,530.0,13.0,0.76,0.27,480.0,13.0,0.0,0.22,450.0,13.0,0.0,0.23,480.0,11.0,0.0,0.16,420.0,10.0,0.0,0.22,480.0,0
2025-07-25,5,4,2,4123,15,6.99,4,0.26,6.46,4.47,27.0,28.0,123.0,5.0,1.0,0.18,28.0,7.5,0.18,360.0,20.0,3.5,0.17,390.0,19.0,3.68,0.16,370.0,20.0,4.5,0.2,440.0,21.0,3.33,0.2,360.0,15.0,2.66,0.17,370.0,0
2025-07-25,5,5,5,5241,57,7.0,5,0.23,5.06,2.95,20.0,19.0,132.0,0.0,0.0,0.16,21.0,7.61,0.14,270.0,19.0,4.21,0.17,250.0,26.0,2.3,0.18,350.0,22.0,2.27,0.15,360.0,20.0,1.5,0.14,260.0,24.0,0.41,0.16,280.0,0
2025-07-25,5,6,6,5380,52,6.93,6,0.66,1.25,0.0,0.0,0.0,61.0,0.0,0.0,0.23,0.0,0.0,0.0,0.0,0.0,0.0,0.0,0.0,0.0,0.0,0.0,0.0,0.0,0.0,0.0,0.0,1.0,0.0,0.17,400.0,60.0,0.0,0.23,490.0,0
2025-07-25,6,1,5,5195,60,6.93,1,0.08,3.87,1.59,3.0,8.0,69.0,0.0,0.0,0.17,9.0,4.44,0.14,310.0,13.0,2.3,0.15,300.0,14.0,2.14,0.2,270.0,10.0,1.0,0.19,340.0,15.0,0.0,0.18,320.0,8.0,0.0,0.18,360.0,0
2025-07-25,6,2,1,4530,1,6.88,2,0.13,6.61,4.8,31.0,18.0,102.0,2.0,1.0,0.16,21.0,8.57,0.14,230.0,16.0,5.62,0.17,360.0,14.0,5.71,0.14,310.0,16.0,3.12,0.16,290.0,19.0,2.63,0.17,360.0,16.0,2.5,0.21,440.0,0
2025-07-25,6,3,4,4400,9,7.01,3,0.18,4.13,1.94,5.0,10.0,77.0,0.0,0.0,0.19,10.0,7.0,0.19,270.0,12.0,1.66,0.18,420.0,17.0,2.94,0.21,320.0,13.0,0.0,0.19,360.0,13.0,0.76,0.18,340.0,12.0,0.0,0.2,420.0,0
2025-07-25,6,4,2,5326,65,7.0,4,0.09,2.49,0.29,1.0,1.0,69.0,0.0,0.0,0.2,0.0,0.0,0.0,0.0,0.0,0.0,0.0,0.0,1.0,0.0,0.2,400.0,18.0,0.0,0.2,410.0,17.0,1.17,0.18,420.0,33.0,0.0,0.21,440.0,0
2025-07-25,6,5,3,4456,19,7.05,5,0.11,6.38,4.86,30.0,23.0,109.0,4.0,0.0,0.17,23.0,9.13,0.16,240.0,17.0,6.47,0.16,320.0,21.0,4.28,0.18,350.0,15.0,4.0,0.16,360.0,17.0,2.35,0.16,390.0,16.0,1.25,0.18,430.0,0
2025-07-25,6,6,6,5265,10,7.12,6,0.16,3.13,1.03,4.0,9.0,126.0,0.0,0.0,0.16,15.0,3.33,0.17,300.0,22.0,1.36,0.18,340.0,24.0,1.66,0.14,300.0,22.0,0.45,0.18,360.0,23.0,0.0,0.16,370.0,20.0,0.0,0.14,310.0,0
2025-07-25,8,1,2,4117,41,7.01,1,0.21,6.09,3.65,23.0,19.0,115.0,1.0,0.0,0.19,25.0,8.0,0.21,340.0,17.0,4.11,0.18,390.0,20.0,2.5,0.17,360.0,22.0,2.27,0.2,390.0,15.0,1.33,0.21,350.0,16.0,1.87,0.17,400.0,0
2025-07-25,8,2,1,4642,56,6.99,2,0.18,6.59,5.15,28.0,21.0,95.0,4.0,1.0,0.15,22.0,9.54,0.15,300.0,18.0,5.55,0.17,310.0,13.0,6.92,0.13,220.0,18.0,1.11,0.15,310.0,12.0,4.16,0.15,240.0,12.0,1.66,0.16,300.0,0
2025-07-25,8,3,3,5281,49,6.94,3,0.15,5.27,3.59,15.0,17.0,89.0,1.0,0.0,0.14,13.0,6.92,0.13,290.0,17.0,4.7,0.14,270.0,14.0,4.28,0.13,260.0,14.0,2.85,0.15,260.0,14.0,2.14,0.15,240.0,17.0,1.17,0.15,330.0,0
2025-07-25,8,4,4,5153,8,6.98,4,0.24,3.96,1.45,7.0,7.0,96.0,1.0,0.0,0.18,12.0,5.0,0.21,330.0,17.0,1.17,0.2,340.0,18.0,1.11,0.19,320.0,17.0,0.58,0.17,320.0,18.0,0.55,0.15,270.0,14.0,1.42,0.16,340.0,0
2025-07-25,8,5,6,5389,39,6.91,6,0.29,1.09,0.0,0.0,0.0,87.0,0.0,0.0,0.19,0.0,0.0,0.0,0.0,0.0,0.0,0.0,0.0,0.0,0.0,0.0,0.0,0.0,0.0,0.0,0.0,1.0,0.0,0.07,200.0,86.0,0.0,0.19,420.0,0
2025-07-25,8,6,5,5144,21,6.96,5,0.17,3.94,2.05,5.0,9.0,68.0,0.0,0.0,0.2,6.0,5.0,0.21,400.0,11.0,3.63,0.18,390.0,15.0,1.33,0.17,300.0,13.0,2.3,0.21,370.0,15.0,1.33,0.19,400.0,8.0,0.0,0.26,480.0,0
2025-07-26,3,1,3,4997,6,6.93,1,0.21,2.55,0.81,2.0,2.0,49.0,0.0,0.0,0.17,7.0,1.42,0.19,460.0,8.0,2.5,0.19,400.0,11.0,0.9,0.19,340.0,6.0,0.0,0.16,270.0,9.0,0.0,0.15,310.0,8.0,0.0,0.15,310.0,0
2025-07-26,3,2,1,5148,46,6.92,3,0.21,5.22,3.23,14.0,18.0,99.0,0.0,0.0,0.18,15.0,7.33,0.19,320.0,19.0,3.68,0.19,380.0,18.0,2.77,0.2,320.0,15.0,4.66,0.2,390.0,17.0,0.58,0.14,250.0,15.0,0.66,0.2,360.0,0
2025-07-26,3,3,4,4530,1,6.92,2,0.18,6.61,4.8,31.0,18.0,102.0,2.0,1.0,0.16,21.0,8.57,0.14,230.0,16.0,5.62,0.17,360.0,14.0,5.71,0.14,310.0,16.0,3.12,0.16,290.0,19.0,2.63,0.17,360.0,16.0,2.5,0.21,440.0,0
2025-07-26,3,4,5,4117,41,6.92,4,0.27,6.09,3.65,23.0,19.0,115.0,1.0,0.0,0.19,25.0,8.0,0.21,340.0,17.0,4.11,0.18,390.0,20.0,2.5,0.17,360.0,22.0,2.27,0.2,390.0,15.0,1.33,0.21,350.0,16.0,1.87,0.17,400.0,0
2025-07-26,3,5,2,4823,20,6.91,5,0.27,5.25,3.52,8.0,10.0,51.0,2.0,0.0,0.15,11.0,8.18,0.17,240.0,5.0,4.0,0.11,280.0,9.0,5.55,0.14,210.0,7.0,1.42,0.19,310.0,8.0,1.25,0.11,200.0,11.0,0.0,0.14,350.0,0
2025-07-26,3,6,6,5380,52,6.89,6,0.39,1.25,0.0,0.0,0.0,61.0,0.0,0.0,0.23,0.0,0.0,0.0,0.0,0.0,0.0,0.0,0.0,0.0,0.0,0.0,0.0,0.0,0.0,0.0,0.0,1.0,0.0,0.17,400.0,60.0,0.0,0.23,490.0,0
2025-07-26,5,1,2,5165,47,6.98,1,0.13,4.03,2.04,5.0,15.0,98.0,0.0,0.0,0.19,14.0,3.57,0.21,360.0,15.0,2.66,0.23,450.0,20.0,3.0,0.14,260.0,17.0,2.35,0.18,310.0,15.0,0.66,0.18,400.0,17.0,0.0,0.21,450.0,0
2025-07-26,5,2,6,5281,49,6.98,2,0.09,5.27,3.59,15.0,17.0,89.0,1.0,0.0,0.14,13.0,6.92,0.13,290.0,17.0,4.7,0.14,270.0,14.0,4.28,0.13,260.0,14.0,2.85,0.15,260.0,14.0,2.14,0.15,240.0,17.0,1.17,0.15,330.0,0
2025-07-26,5,3,1,4642,56,6.91,3,0.11,6.59,5.15,28.0,21.0,95.0,4.0,1.0,0.15,22.0,9.54,0.15,300.0,18.0,5.55,0.17,310.0,13.0,6.92,0.13,220.0,18.0,1.11,0.15,310.0,12.0,4.16,0.15,240.0,12.0,1.66,0.16,300.0,0
2025-07-26,5,4,4,5163,11,6.97,4,0.14,6.45,4.41,28.0,17.0,102.0,3.0,1.0,0.18,19.0,8.94,0.18,330.0,14.0,5.0,0.18,310.0,18.0,3.88,0.17,360.0,16.0,5.0,0.19,340.0,14.0,3.57,0.18,350.0,21.0,0.47,0.19,470.0,0
2025-07-26,5,5,3,4765,13,6.9,5,0.11,5.1,3.6,20.0,11.0,86.0,0.0,0.0,0.14,12.0,5.83,0.14,210.0,16.0,3.12,0.16,320.0,16.0,4.37,0.14,260.0,13.0,3.84,0.15,280.0,17.0,3.52,0.13,220.0,12.0,0.83,0.12,290.0,0
2025-07-26,5,6,5,5365,7,6.95,6,0.18,1.43,0.14,0.0,1.0,68.0,0.0,0.0,0.24,0.0,0.0,0.0,0.0,0.0,0.0,0.0,0.0,0.0,0.0,0.0,0.0,0.0,0.0,0.0,0.0,1.0,0.0,0.05,200.0,67.0,0.14,0.24,500.0,0
2025-07-26,8,1,2,4433,40,7.04,1,0.23,6.37,4.06,27.0,23.0,123.0,4.0,1.0,0.18,30.0,7.33,0.16,360.0,17.0,2.35,0.17,340.0,19.0,5.26,0.18,390.0,21.0,3.81,0.16,350.0,17.0,0.58,0.22,460.0,19.0,2.63,0.17,440.0,0
2025-07-26,8,2,4,5291,17,7.02,2,0.28,2.07,0.37,1.0,3.0,107.0,0.0,0.0,0.23,0.0,0.0,0.0,0.0,0.0,0.0,0.0,0.0,0.0,0.0,0.0,0.0,22.0,0.9,0.23,470.0,40.0,0.5,0.21,440.0,45.0,0.0,0.25,530.0,0
2025-07-26,8,3,1,4927,4,7.03,3,0.21,5.75,3.98,26.0,31.0,143.0,5.0,0.0,0.16,32.0,7.18,0.15,340.0,14.0,4.28,0.16,290.0,21.0,4.76,0.17,320.0,30.0,3.33,0.15,310.0,22.0,1.36,0.15,370.0,24.0,2.08,0.16,420.0,0
2025-07-26,8,4,3,4844,29,7.06,4,0.22,4.08,1.94,8.0,15.0,118.0,0.0,0.0,0.18,11.0,5.45,0.19,420.0,26.0,2.3,0.18,380.0,21.0,2.85,0.15,340.0,31.0,1.29,0.18,360.0,20.0,0.5,0.22,430.0,9.0,0.0,0.22,480.0,0
2025-07-26,8,5,6,5380,52,6.93,6,0.31,1.25,0.0,0.0,0.0,61.0,0.0,0.0,0.23,0.0,0.0,0.0,0.0,0.0,0.0,0.0,0.0,0.0,0.0,0.0,0.0,0.0,0.0,0.0,0.0,1.0,0.0,0.17,400.0,60.0,0.0,0.23,490.0,0
2025-07-26,8,6,5,4400,9,6.95,5,0.23,4.13,1.94,5.0,10.0,77.0,0.0,0.0,0.19,10.0,7.0,0.19,270.0,12.0,1.66,0.18,420.0,17.0,2.94,0.21,320.0,13.0,0.0,0.19,360.0,13.0,0.76,0.18,340.0,12.0,0.0,0.2,420.0,0
2025-07-26,10,1,2,5163,11,7.0,1,0.22,6.45,4.41,28.0,17.0,102.0,3.0,1.0,0.18,19.0,8.94,0.18,330.0,14.0,5.0,0.18,310.0,18.0,3.88,0.17,360.0,16.0,5.0,0.19,340.0,14.0,3.57,0.18,350.0,21.0,0.47,0.19,470.0,0
2025-07-26,10,2,5,5144,21,6.98,2,0.25,3.94,2.05,5.0,9.0,68.0,0.0,0.0,0.2,6.0,5.0,0.21,400.0,11.0,3.63,0.18,390.0,15.0,1.33,0.17,300.0,13.0,2.3,0.21,370.0,15.0,1.33,0.19,400.0,8.0,0.0,0.26,480.0,0
2025-07-26,10,3,1,4117,41,6.96,3,0.26,6.09,3.65,23.0,19.0,115.0,1.0,0.0,0.19,25.0,8.0,0.21,340.0,17.0,4.11,0.18,390.0,20.0,2.5,0.17,360.0,22.0,2.27,0.2,390.0,15.0,1.33,0.21,350.0,16.0,1.87,0.17,400.0,0
2025-07-26,10,4,3,5173,37,7.02,4,0.25,4.3,2.95,10.0,8.0,61.0,0.0,0.0,0.17,7.0,8.57,0.14,190.0,13.0,4.61,0.19,380.0,7.0,2.85,0.19,270.0,12.0,1.66,0.16,280.0,11.0,1.81,0.14,270.0,11.0,0.0,0.18,340.0,0
2025-07-26,10,5,6,5335,23,6.99,5,0.14,2.68,0.84,1.0,8.0,107.0,0.0,0.0,0.19,0.0,0.0,0.0,0.0,0.0,0.0,0.0,0.0,2.0,0.0,0.15,450.0,26.0,0.76,0.22,480.0,35.0,0.57,0.17,370.0,44.0,1.13,0.18,410.0,0
2025-07-26,10,6,4,4853,36,6.99,6,0.16,4.54,2.67,10.0,21.0,116.0,0.0,0.0,0.21,11.0,6.36,0.19,270.0,26.0,4.61,0.2,330.0,24.0,2.5,0.19,400.0,23.0,1.73,0.21,440.0,20.0,1.0,0.22,430.0,12.0,0.0,0.23,460.0,0
2025-07-27,1,1,4,5265,10,7.02,1,0.29,3.13,1.03,4.0,9.0,126.0,0.0,0.0,0.16,15.0,3.33,0.17,300.0,22.0,1.36,0.18,340.0,24.0,1.66,0.14,300.0,22.0,0.45,0.18,360.0,23.0,0.0,0.16,370.0,20.0,0.0,0.14,310.0,0
2025-07-27,1,2,3,5334,28,7.03,2,0.26,2.29,0.33,2.0,2.0,119.0,0.0,0.0,0.2,2.0,0.0,0.12,450.0,4.0,2.5,0.24,500.0,7.0,1.42,0.23,400.0,30.0,0.66,0.2,420.0,32.0,0.0,0.2,450.0,44.0,0.0,0.19,430.0,0
2025-07-27,1,3,5,5184,64,6.97,3,0.24,3.63,1.35,2.0,6.0,59.0,0.0,0.0,0.2,5.0,4.0,0.22,360.0,12.0,1.66,0.21,390.0,12.0,2.5,0.21,400.0,11.0,0.0,0.19,340.0,11.0,0.9,0.18,350.0,8.0,0.0,0.2,380.0,0
2025-07-27,1,4,1,5291,17,6.98,4,0.16,2.07,0.37,1.0,3.0,107.0,0.0,0.0,0.23,0.0,0.0,0.0,0.0,0.0,0.0,0.0,0.0,0.0,0.0,0.0,0.0,22.0,0.9,0.23,470.0,40.0,0.5,0.21,440.0,45.0,0.0,0.25,530.0,0
2025-07-27,1,5,6,5389,39,6.94,6,0.1,1.09,0.0,0.0,0.0,87.0,0.0,0.0,0.19,0.0,0.0,0.0,0.0,0.0,0.0,0.0,0.0,0.0,0.0,0.0,0.0,0.0,0.0,0.0,0.0,1.0,0.0,0.07,200.0,86.0,0.0,0.19,420.0,0
2025-07-27,1,6,2,4997,6,7.09,5,0.13,2.55,0.81,2.0,2.0,49.0,0.0,0.0,0.17,7.0,1.42,0.19,460.0,8.0,2.5,0.19,400.0,11.0,0.9,0.19,340.0,6.0,0.0,0.16,270.0,9.0,0.0,0.15,310.0,8.0,0.0,0.15,310.0,0
2025-07-27,2,1,3,4844,29,6.97,1,0.05,4.08,1.94,8.0,15.0,118.0,0.0,0.0,0.18,11.0,5.45,0.19,420.0,26.0,2.3,0.18,380.0,21.0,2.85,0.15,340.0,31.0,1.29,0.18,360.0,20.0,0.5,0.22,430.0,9.0,0.0,0.22,480.0,0
2025-07-27,2,2,1,5165,47,6.99,2,0.05,4.03,2.04,5.0,15.0,98.0,0.0,0.0,0.19,14.0,3.57,0.21,360.0,15.0,2.66,0.23,450.0,20.0,3.0,0.14,260.0,17.0,2.35,0.18,310.0,15.0,0.66,0.18,400.0,17.0,0.0,0.21,450.0,0
2025-07-27,2,3,2,5218,27,6.98,3,0.09,5.77,3.51,27.0,24.0,145.0,0.0,0.0,0.15,23.0,8.26,0.15,220.0,24.0,3.33,0.15,310.0,29.0,3.79,0.12,240.0,26.0,1.53,0.16,280.0,26.0,3.07,0.14,260.0,17.0,0.58,0.18,430.0,0
2025-07-27,2,4,4,4456,19,7.02,4,0.16,6.38,4.86,30.0,23.0,109.0,4.0,0.0,0.17,23.0,9.13,0.16,240.0,17.0,6.47,0.16,320.0,21.0,4.28,0.18,350.0,15.0,4.0,0.16,360.0,17.0,2.35,0.16,390.0,16.0,1.25,0.18,430.0,0
2025-07-27,2,5,5,5153,8,7.05,5,0.12,3.96,1.45,7.0,7.0,96.0,1.0,0.0,0.18,12.0,5.0,0.21,330.0,17.0,1.17,0.2,340.0,18.0,1.11,0.19,320.0,17.0,0.58,0.17,320.0,18.0,0.55,0.15,270.0,14.0,1.42,0.16,340.0,0
2025-07-27,2,6,6,5335,23,7.05,6,0.2,2.68,0.84,1.0,8.0,107.0,0.0,0.0,0.19,0.0,0.0,0.0,0.0,0.0,0.0,0.0,0.0,2.0,0.0,0.15,450.0,26.0,0.76,0.22,480.0,35.0,0.57,0.17,370.0,44.0,1.13,0.18,410.0,0
2025-07-27,3,1,6,5230,51,6.92,1,0.32,3.04,1.42,3.0,4.0,49.0,0.0,0.0,0.2,5.0,4.0,0.13,200.0,11.0,2.72,0.21,350.0,10.0,1.0,0.24,440.0,6.0,1.66,0.24,420.0,10.0,0.0,0.17,260.0,7.0,0.0,0.16,370.0,0
2025-07-27,3,2,2,4347,48,6.92,2,0.17,6.49,4.5,23.0,13.0,80.0,1.0,0.0,0.16,18.0,6.66,0.15,280.0,12.0,7.5,0.18,380.0,13.0,6.15,0.15,280.0,16.0,3.12,0.2,330.0,12.0,1.66,0.14,280.0,8.0,0.0,0.16,260.0,0
2025-07-27,3,3,1,3232,45,6.92,3,0.13,5.33,3.69,12.0,15.0,73.0,1.0,0.0,0.17,14.0,7.14,0.14,250.0,15.0,2.66,0.18,420.0,11.0,5.45,0.16,330.0,10.0,4.0,0.17,320.0,13.0,2.3,0.19,440.0,10.0,0.0,0.19,420.0,0
2025-07-27,3,4,3,3435,18,7.0,4,0.16,6.79,5.03,37.0,31.0,135.0,5.0,1.0,0.15,35.0,8.28,0.16,290.0,21.0,6.66,0.14,250.0,20.0,4.0,0.18,320.0,24.0,3.33,0.16,280.0,14.0,4.28,0.11,300.0,21.0,1.42,0.16,340.0,0
2025-07-27,3,5,5,5365,7,6.99,5,0.26,1.43,0.14,0.0,1.0,68.0,0.0,0.0,0.24,0.0,0.0,0.0,0.0,0.0,0.0,0.0,0.0,0.0,0.0,0.0,0.0,0.0,0.0,0.0,0.0,1.0,0.0,0.05,200.0,67.0,0.14,0.24,500.0,0
2025-07-27,3,6,4,4765,13,7.0,6,0.21,5.1,3.6,20.0,11.0,86.0,0.0,0.0,0.14,12.0,5.83,0.14,210.0,16.0,3.12,0.16,320.0,16.0,4.37,0.14,260.0,13.0,3.84,0.15,280.0,17.0,3.52,0.13,220.0,12.0,0.83,0.12,290.0,0
2025-07-27,4,1,5,5144,21,6.96,1,0.34,3.94,2.05,5.0,9.0,68.0,0.0,0.0,0.2,6.0,5.0,0.21,400.0,11.0,3.63,0.18,390.0,15.0,1.33,0.17,300.0,13.0,2.3,0.21,370.0,15.0,1.33,0.19,400.0,8.0,0.0,0.26,480.0,0
2025-07-27,4,2,1,5195,60,7.02,2,0.16,3.87,1.59,3.0,8.0,69.0,0.0,0.0,0.17,9.0,4.44,0.14,310.0,13.0,2.3,0.15,300.0,14.0,2.14,0.2,270.0,10.0,1.0,0.19,340.0,15.0,0.0,0.18,320.0,8.0,0.0,0.18,360.0,0
2025-07-27,4,3,4,5140,58,6.96,3,0.14,4.1,2.15,7.0,10.0,79.0,1.0,0.0,0.19,11.0,2.72,0.19,350.0,13.0,3.84,0.18,320.0,13.0,0.76,0.2,360.0,17.0,3.52,0.17,420.0,14.0,0.0,0.19,340.0,11.0,1.81,0.23,480.0,0
2025-07-27,4,4,6,4927,4,6.97,4,0.14,5.75,3.98,26.0,31.0,143.0,5.0,0.0,0.16,32.0,7.18,0.15,340.0,14.0,4.28,0.16,290.0,21.0,4.76,0.17,320.0,30.0,3.33,0.15,310.0,22.0,1.36,0.15,370.0,24.0,2.08,0.16,420.0,0
2025-07-27,4,5,3,4433,40,7.0,5,0.24,6.37,4.06,27.0,23.0,123.0,4.0,1.0,0.18,30.0,7.33,0.16,360.0,17.0,2.35,0.17,340.0,19.0,5.26,0.18,390.0,21.0,3.81,0.16,350.0,17.0,0.58,0.22,460.0,19.0,2.63,0.17,440.0,0
2025-07-27,4,6,2,4733,16,6.93,6,0.13,5.05,3.46,16.0,20.0,104.0,0.0,0.0,0.16,21.0,5.23,0.15,260.0,18.0,5.0,0.17,280.0,19.0,4.21,0.16,280.0,14.0,4.28,0.13,250.0,20.0,0.5,0.16,310.0,12.0,0.83,0.15,320.0,0
2025-07-27,5,1,5,4853,36,6.98,1,0.19,4.54,2.67,10.0,21.0,116.0,0.0,0.0,0.21,11.0,6.36,0.19,270.0,26.0,4.61,0.2,330.0,24.0,2.5,0.19,400.0,23.0,1.73,0.21,440.0,20.0,1.0,0.22,430.0,12.0,0.0,0.23,460.0,0
2025-07-27,5,2,1,4014,43,6.94,2,0.17,5.48,3.27,16.0,22.0,116.0,0.0,0.0,0.19,25.0,7.2,0.19,360.0,16.0,3.75,0.19,310.0,18.0,3.33,0.19,360.0,22.0,1.36,0.17,360.0,19.0,1.57,0.21,380.0,16.0,1.25,0.2,390.0,0
2025-07-27,5,3,2,4823,20,6.99,3,0.14,5.25,3.52,8.0,10.0,51.0,2.0,0.0,0.15,11.0,8.18,0.17,240.0,5.0,4.0,0.11,280.0,9.0,5.55,0.14,210.0,7.0,1.42,0.19,310.0,8.0,1.25,0.11,200.0,11.0,0.0,0.14,350.0,0
2025-07-27,5,4,4,4642,56,6.95,4,0.13,6.59,5.15,28.0,21.0,95.0,4.0,1.0,0.15,22.0,9.54,0.15,300.0,18.0,5.55,0.17,310.0,13.0,6.92,0.13,220.0,18.0,1.11,0.15,310.0,12.0,4.16,0.15,240.0,12.0,1.66,0.16,300.0,0
2025-07-27,5,5,3,4773,31,6.94,5,0.11,5.75,4.04,20.0,31.0,126.0,2.0,0.0,0.18,25.0,8.0,0.19,380.0,21.0,2.38,0.2,370.0,19.0,6.84,0.15,330.0,19.0,3.15,0.17,350.0,16.0,2.5,0.2,390.0,26.0,1.15,0.18,410.0,0
2025-07-27,5,6,6,5380,52,6.98,6,0.22,1.25,0.0,0.0,0.0,61.0,0.0,0.0,0.23,0.0,0.0,0.0,0.0,0.0,0.0,0.0,0.0,0.0,0.0,0.0,0.0,0.0,0.0,0.0,0.0,1.0,0.0,0.17,400.0,60.0,0.0,0.23,490.0,0
2025-07-27,6,1,4,5281,49,6.87,1,0.34,5.27,3.59,15.0,17.0,89.0,1.0,0.0,0.14,13.0,6.92,0.13,290.0,17.0,4.7,0.14,270.0,14.0,4.28,0.13,260.0,14.0,2.85,0.15,260.0,14.0,2.14,0.15,240.0,17.0,1.17,0.15,330.0,0
2025-07-27,6,2,2,4117,41,6.89,2,0.24,6.09,3.65,23.0,19.0,115.0,1.0,0.0,0.19,25.0,8.0,0.21,340.0,17.0,4.11,0.18,390.0,20.0,2.5,0.17,360.0,22.0,2.27,0.2,390.0,15.0,1.33,0.21,350.0,16.0,1.87,0.17,400.0,0
2025-07-27,6,3,6,5291,17,6.95,3,0.21,2.07,0.37,1.0,3.0,107.0,0.0,0.0,0.23,0.0,0.0,0.0,0.0,0.0,0.0,0.0,0.0,0.0,0.0,0.0,0.0,22.0,0.9,0.23,470.0,40.0,0.5,0.21,440.0,45.0,0.0,0.25,530.0,0
2025-07-27,6,4,1,5088,62,6.89,4,0.16,6.64,4.8,45.0,17.0,129.0,2.0,1.0,0.16,28.0,7.14,0.17,270.0,16.0,5.0,0.16,280.0,28.0,5.71,0.16,280.0,23.0,5.21,0.15,310.0,17.0,1.76,0.17,280.0,17.0,1.76,0.15,320.0,0
2025-07-27,6,5,3,5361,59,7.01,5,0.24,1.37,0.0,0.0,0.0,73.0,0.0,0.0,0.19,0.0,0.0,0.0,0.0,0.0,0.0,0.0,0.0,0.0,0.0,0.0,0.0,4.0,0.0,0.13,430.0,12.0,0.0,0.19,380.0,57.0,0.0,0.19,430.0,0
2025-07-27,6,6,5,5173,37,7.0,6,0.19,4.3,2.95,10.0,8.0,61.0,0.0,0.0,0.17,7.0,8.57,0.14,190.0,13.0,4.61,0.19,380.0,7.0,2.85,0.19,270.0,12.0,1.66,0.16,280.0,11.0,1.81,0.14,270.0,11.0,0.0,0.18,340.0,0
2025-07-28,2,1,5,5148,46,7.01,1,0.33,5.22,3.23,14.0,18.0,99.0,0.0,0.0,0.18,15.0,7.33,0.19,320.0,19.0,3.68,0.19,380.0,18.0,2.77,0.2,320.0,15.0,4.66,0.2,390.0,17.0,0.58,0.14,250.0,15.0,0.66,0.2,360.0,0
2025-07-28,2,2,2,5088,62,6.89,2,0.17,6.64,4.8,45.0,17.0,129.0,2.0,1.0,0.16,28.0,7.14,0.17,270.0,16.0,5.0,0.16,280.0,28.0,5.71,0.16,280.0,23.0,5.21,0.15,310.0,17.0,1.76,0.17,280.0,17.0,1.76,0.15,320.0,0
2025-07-28,2,3,1,4773,31,6.94,3,0.15,5.75,4.04,20.0,31.0,126.0,2.0,0.0,0.18,25.0,8.0,0.19,380.0,21.0,2.38,0.2,370.0,19.0,6.84,0.15,330.0,19.0,3.15,0.17,350.0,16.0,2.5,0.2,390.0,26.0,1.15,0.18,410.0,0
2025-07-28,2,4,6,5326,65,6.96,4,0.13,2.49,0.29,1.0,1.0,69.0,0.0,0.0,0.2,0.0,0.0,0.0,0.0,0.0,0.0,0.0,0.0,1.0,0.0,0.2,400.0,18.0,0.0,0.2,410.0,17.0,1.17,0.18,420.0,33.0,0.0,0.21,440.0,0
2025-07-28,2,5,3,5295,53,6.95,5,0.13,2.34,0.44,1.0,2.0,67.0,0.0,0.0,0.22,7.0,2.85,0.24,530.0,13.0,0.76,0.27,480.0,13.0,0.0,0.22,450.0,13.0,0.0,0.23,480.0,11.0,0.0,0.16,420.0,10.0,0.0,0.22,480.0,0
2025-07-28,2,6,4,5241,57,6.94,6,0.11,5.06,2.95,20.0,19.0,132.0,0.0,0.0,0.16,21.0,7.61,0.14,270.0,19.0,4.21,0.17,250.0,26.0,2.3,0.18,350.0,22.0,2.27,0.15,360.0,20.0,1.5,0.14,260.0,24.0,0.41,0.16,280.0,0
2025-07-28,3,1,3,4400,9,7.0,1,0.19,4.13,1.94,5.0,10.0,77.0,0.0,0.0,0.19,10.0,7.0,0.19,270.0,12.0,1.66,0.18,420.0,17.0,2.94,0.21,320.0,13.0,0.0,0.19,360.0,13.0,0.76,0.18,340.0,12.0,0.0,0.2,420.0,0
2025-07-28,3,2,4,5265,10,6.98,2,0.13,3.13,1.03,4.0,9.0,126.0,0.0,0.0,0.16,15.0,3.33,0.17,300.0,22.0,1.36,0.18,340.0,24.0,1.66,0.14,300.0,22.0,0.45,0.18,360.0,23.0,0.0,0.16,370.0,20.0,0.0,0.14,310.0,0
2025-07-28,3,3,5,4123,15,7.0,3,0.14,6.46,4.47,27.0,28.0,123.0,5.0,1.0,0.18,28.0,7.5,0.18,360.0,20.0,3.5,0.17,390.0,19.0,3.68,0.16,370.0,20.0,4.5,0.2,440.0,21.0,3.33,0.2,360.0,15.0,2.66,0.17,370.0,0
2025-07-28,3,4,1,4117,41,6.96,4,0.14,6.09,3.65,23.0,19.0,115.0,1.0,0.0,0.19,25.0,8.0,0.21,340.0,17.0,4.11,0.18,390.0,20.0,2.5,0.17,360.0,22.0,2.27,0.2,390.0,15.0,1.33,0.21,350.0,16.0,1.87,0.17,400.0,0
2025-07-28,3,5,6,5380,52,6.96,6,0.31,1.25,0.0,0.0,0.0,61.0,0.0,0.0,0.23,0.0,0.0,0.0,0.0,0.0,0.0,0.0,0.0,0.0,0.0,0.0,0.0,0.0,0.0,0.0,0.0,1.0,0.0,0.17,400.0,60.0,0.0,0.23,490.0,0
2025-07-28,3,6,2,5281,49,6.93,5,0.03,5.27,3.59,15.0,17.0,89.0,1.0,0.0,0.14,13.0,6.92,0.13,290.0,17.0,4.7,0.14,270.0,14.0,4.28,0.13,260.0,14.0,2.85,0.15,260.0,14.0,2.14,0.15,240.0,17.0,1.17,0.15,330.0,0
2025-07-28,5,1,2,4823,20,6.91,1,0.11,5.25,3.52,8.0,10.0,51.0,2.0,0.0,0.15,11.0,8.18,0.17,240.0,5.0,4.0,0.11,280.0,9.0,5.55,0.14,210.0,7.0,1.42,0.19,310.0,8.0,1.25,0.11,200.0,11.0,0.0,0.14,350.0,0
2025-07-28,5,2,5,4733,16,6.92,2,0.13,5.05,3.46,16.0,20.0,104.0,0.0,0.0,0.16,21.0,5.23,0.15,260.0,18.0,5.0,0.17,280.0,19.0,4.21,0.16,280.0,14.0,4.28,0.13,250.0,20.0,0.5,0.16,310.0,12.0,0.83,0.15,320.0,0
2025-07-28,5,3,1,4014,43,6.92,3,0.12,5.48,3.27,16.0,22.0,116.0,0.0,0.0,0.19,25.0,7.2,0.19,360.0,16.0,3.75,0.19,310.0,18.0,3.33,0.19,360.0,22.0,1.36,0.17,360.0,19.0,1.57,0.21,380.0,16.0,1.25,0.2,390.0,0
2025-07-28,5,4,6,4765,13,6.98,4,0.09,5.1,3.6,20.0,11.0,86.0,0.0,0.0,0.14,12.0,5.83,0.14,210.0,16.0,3.12,0.16,320.0,16.0,4.37,0.14,260.0,13.0,3.84,0.15,280.0,17.0,3.52,0.13,220.0,12.0,0.83,0.12,290.0,0
2025-07-28,5,5,3,3435,18,6.93,5,0.05,6.79,5.03,37.0,31.0,135.0,5.0,1.0,0.15,35.0,8.28,0.16,290.0,21.0,6.66,0.14,250.0,20.0,4.0,0.18,320.0,24.0,3.33,0.16,280.0,14.0,4.28,0.11,300.0,21.0,1.42,0.16,340.0,0
2025-07-28,5,6,4,5389,39,6.91,6,0.04,1.09,0.0,0.0,0.0,87.0,0.0,0.0,0.19,0.0,0.0,0.0,0.0,0.0,0.0,0.0,0.0,0.0,0.0,0.0,0.0,0.0,0.0,0.0,0.0,1.0,0.0,0.07,200.0,86.0,0.0,0.19,420.0,0
2025-07-28,11,1,2,4456,19,6.95,1,0.24,6.38,4.86,30.0,23.0,109.0,4.0,0.0,0.17,23.0,9.13,0.16,240.0,17.0,6.47,0.16,320.0,21.0,4.28,0.18,350.0,15.0,4.0,0.16,360.0,17.0,2.35,0.16,390.0,16.0,1.25,0.18,430.0,0
2025-07-28,11,2,6,3435,18,7.02,2,0.21,6.79,5.03,37.0,31.0,135.0,5.0,1.0,0.15,35.0,8.28,0.16,290.0,21.0,6.66,0.14,250.0,20.0,4.0,0.18,320.0,24.0,3.33,0.16,280.0,14.0,4.28,0.11,300.0,21.0,1.42,0.16,340.0,0
2025-07-28,11,3,1,4433,40,7.04,3,0.18,6.37,4.06,27.0,23.0,123.0,4.0,1.0,0.18,30.0,7.33,0.16,360.0,17.0,2.35,0.17,340.0,19.0,5.26,0.18,390.0,21.0,3.81,0.16,350.0,17.0,0.58,0.22,460.0,19.0,2.63,0.17,440.0,0
2025-07-28,11,4,3,5195,60,7.02,4,0.09,3.87,1.59,3.0,8.0,69.0,0.0,0.0,0.17,9.0,4.44,0.14,310.0,13.0,2.3,0.15,300.0,14.0,2.14,0.2,270.0,10.0,1.0,0.19,340.0,15.0,0.0,0.18,320.0,8.0,0.0,0.18,360.0,0
2025-07-28,11,5,4,5326,65,6.98,5,0.13,2.49,0.29,1.0,1.0,69.0,0.0,0.0,0.2,0.0,0.0,0.0,0.0,0.0,0.0,0.0,0.0,1.0,0.0,0.2,400.0,18.0,0.0,0.2,410.0,17.0,1.17,0.18,420.0,33.0,0.0,0.21,440.0,0
2025-07-28,11,6,5,4117,41,7.04,6,0.15,6.09,3.65,23.0,19.0,115.0,1.0,0.0,0.19,25.0,8.0,0.21,340.0,17.0,4.11,0.18,390.0,20.0,2.5,0.17,360.0,22.0,2.27,0.2,390.0,15.0,1.33,0.21,350.0,16.0,1.87,0.17,400.0,0
2025-07-29,2,1,5,4997,6,6.94,1,0.14,2.55,0.81,2.0,2.0,49.0,0.0,0.0,0.17,7.0,1.42,0.19,460.0,8.0,2.5,0.19,400.0,11.0,0.9,0.19,340.0,6.0,0.0,0.16,270.0,9.0,0.0,0.15,310.0,8.0,0.0,0.15,310.0,0
2025-07-29,2,2,4,5334,28,6.93,2,0.16,2.29,0.33,2.0,2.0,119.0,0.0,0.0,0.2,2.0,0.0,0.12,450.0,4.0,2.5,0.24,500.0,7.0,1.42,0.23,400.0,30.0,0.66,0.2,420.0,32.0,0.0,0.2,450.0,44.0,0.0,0.19,430.0,0
2025-07-29,2,3,1,5265,10,6.95,4,0.12,3.13,1.03,4.0,9.0,126.0,0.0,0.0,0.16,15.0,3.33,0.17,300.0,22.0,1.36,0.18,340.0,24.0,1.66,0.14,300.0,22.0,0.45,0.18,360.0,23.0,0.0,0.16,370.0,20.0,0.0,0.14,310.0,0
2025-07-29,2,4,2,3232,45,6.93,3,0.12,5.33,3.69,12.0,15.0,73.0,1.0,0.0,0.17,14.0,7.14,0.14,250.0,15.0,2.66,0.18,420.0,11.0,5.45,0.16,330.0,10.0,4.0,0.17,320.0,13.0,2.3,0.19,440.0,10.0,0.0,0.19,420.0,0
2025-07-29,2,5,3,4456,19,6.93,5,0.16,6.38,4.86,30.0,23.0,109.0,4.0,0.0,0.17,23.0,9.13,0.16,240.0,17.0,6.47,0.16,320.0,21.0,4.28,0.18,350.0,15.0,4.0,0.16,360.0,17.0,2.35,0.16,390.0,16.0,1.25,0.18,430.0,0
2025-07-29,2,6,6,5380,52,6.95,6,0.32,1.25,0.0,0.0,0.0,61.0,0.0,0.0,0.23,0.0,0.0,0.0,0.0,0.0,0.0,0.0,0.0,0.0,0.0,0.0,0.0,0.0,0.0,0.0,0.0,1.0,0.0,0.17,400.0,60.0,0.0,0.23,490.0,0
2025-07-29,4,1,5,4773,31,6.92,1,0.21,5.75,4.04,20.0,31.0,126.0,2.0,0.0,0.18,25.0,8.0,0.19,380.0,21.0,2.38,0.2,370.0,19.0,6.84,0.15,330.0,19.0,3.15,0.17,350.0,16.0,2.5,0.2,390.0,26.0,1.15,0.18,410.0,0
2025-07-29,4,2,2,4823,20,6.98,2,0.2,5.25,3.52,8.0,10.0,51.0,2.0,0.0,0.15,11.0,8.18,0.17,240.0,5.0,4.0,0.11,280.0,9.0,5.55,0.14,210.0,7.0,1.42,0.19,310.0,8.0,1.25,0.11,200.0,11.0,0.0,0.14,350.0,0
2025-07-29,4,3,4,4117,41,6.94,3,0.26,6.09,3.65,23.0,19.0,115.0,1.0,0.0,0.19,25.0,8.0,0.21,340.0,17.0,4.11,0.18,390.0,20.0,2.5,0.17,360.0,22.0,2.27,0.2,390.0,15.0,1.33,0.21,350.0,16.0,1.87,0.17,400.0,0
2025-07-29,4,4,3,5295,53,6.95,4,0.24,2.34,0.44,1.0,2.0,67.0,0.0,0.0,0.22,7.0,2.85,0.24,530.0,13.0,0.76,0.27,480.0,13.0,0.0,0.22,450.0,13.0,0.0,0.23,480.0,11.0,0.0,0.16,420.0,10.0,0.0,0.22,480.0,0
2025-07-29,4,5,6,5140,58,7.02,5,0.28,4.1,2.15,7.0,10.0,79.0,1.0,0.0,0.19,11.0,2.72,0.19,350.0,13.0,3.84,0.18,320.0,13.0,0.76,0.2,360.0,17.0,3.52,0.17,420.0,14.0,0.0,0.19,340.0,11.0,1.81,0.23,480.0,0
2025-07-29,4,6,1,4530,1,6.84,6,0.2,6.61,4.8,31.0,18.0,102.0,2.0,1.0,0.16,21.0,8.57,0.14,230.0,16.0,5.62,0.17,360.0,14.0,5.71,0.14,310.0,16.0,3.12,0.16,290.0,19.0,2.63,0.17,360.0,16.0,2.5,0.21,440.0,0
2025-07-29,6,1,2,4927,4,7.03,1,0.06,5.75,3.98,26.0,31.0,143.0,5.0,0.0,0.16,32.0,7.18,0.15,340.0,14.0,4.28,0.16,290.0,21.0,4.76,0.17,320.0,30.0,3.33,0.15,310.0,22.0,1.36,0.15,370.0,24.0,2.08,0.16,420.0,0
2025-07-29,6,2,5,5230,51,6.93,2,0.14,3.04,1.42,3.0,4.0,49.0,0.0,0.0,0.2,5.0,4.0,0.13,200.0,11.0,2.72,0.21,350.0,10.0,1.0,0.24,440.0,6.0,1.66,0.24,420.0,10.0,0.0,0.17,260.0,7.0,0.0,0.16,370.0,0
2025-07-29,6,3,4,4844,29,7.03,3,0.15,4.08,1.94,8.0,15.0,118.0,0.0,0.0,0.18,11.0,5.45,0.19,420.0,26.0,2.3,0.18,380.0,21.0,2.85,0.15,340.0,31.0,1.29,0.18,360.0,20.0,0.5,0.22,430.0,9.0,0.0,0.22,480.0,0
2025-07-29,6,4,6,5326,65,7.02,4,0.2,2.49,0.29,1.0,1.0,69.0,0.0,0.0,0.2,0.0,0.0,0.0,0.0,0.0,0.0,0.0,0.0,1.0,0.0,0.2,400.0,18.0,0.0,0.2,410.0,17.0,1.17,0.18,420.0,33.0,0.0,0.21,440.0,0
2025-07-29,6,5,3,4433,40,7.0,6,0.22,6.37,4.06,27.0,23.0,123.0,4.0,1.0,0.18,30.0,7.33,0.16,360.0,17.0,2.35,0.17,340.0,19.0,5.26,0.18,390.0,21.0,3.81,0.16,350.0,17.0,0.58,0.22,460.0,19.0,2.63,0.17,440.0,0
2025-07-29,6,6,1,5088,62,6.96,5,0.18,6.64,4.8,45.0,17.0,129.0,2.0,1.0,0.16,28.0,7.14,0.17,270.0,16.0,5.0,0.16,280.0,28.0,5.71,0.16,280.0,23.0,5.21,0.15,310.0,17.0,1.76,0.17,280.0,17.0,1.76,0.15,320.0,0
2025-07-29,12,1,5,4347,48,6.97,1,0.16,6.49,4.5,23.0,13.0,80.0,1.0,0.0,0.16,18.0,6.66,0.15,280.0,12.0,7.5,0.18,380.0,13.0,6.15,0.15,280.0,16.0,3.12,0.2,330.0,12.0,1.66,0.14,280.0,8.0,0.0,0.16,260.0,0
2025-07-29,12,2,1,5195,60,6.95,2,0.09,3.87,1.59,3.0,8.0,69.0,0.0,0.0,0.17,9.0,4.44,0.14,310.0,13.0,2.3,0.15,300.0,14.0,2.14,0.2,270.0,10.0,1.0,0.19,340.0,15.0,0.0,0.18,320.0,8.0,0.0,0.18,360.0,0
2025-07-29,12,3,2,4765,13,7.0,3,0.08,5.1,3.6,20.0,11.0,86.0,0.0,0.0,0.14,12.0,5.83,0.14,210.0,16.0,3.12,0.16,320.0,16.0,4.37,0.14,260.0,13.0,3.84,0.15,280.0,17.0,3.52,0.13,220.0,12.0,0.83,0.12,290.0,0
2025-07-29,12,4,4,5165,47,6.98,4,0.12,4.03,2.04,5.0,15.0,98.0,0.0,0.0,0.19,14.0,3.57,0.21,360.0,15.0,2.66,0.23,450.0,20.0,3.0,0.14,260.0,17.0,2.35,0.18,310.0,15.0,0.66,0.18,400.0,17.0,0.0,0.21,450.0,0
2025-07-29,12,5,3,5281,49,6.95,5,0.11,5.27,3.59,15.0,17.0,89.0,1.0,0.0,0.14,13.0,6.92,0.13,290.0,17.0,4.7,0.14,270.0,14.0,4.28,0.13,260.0,14.0,2.85,0.15,260.0,14.0,2.14,0.15,240.0,17.0,1.17,0.15,330.0,0
2025-07-29,12,6,6,5265,10,7.0,6,0.19,3.13,1.03,4.0,9.0,126.0,0.0,0.0,0.16,15.0,3.33,0.17,300.0,22.0,1.36,0.18,340.0,24.0,1.66,0.14,300.0,22.0,0.45,0.18,360.0,23.0,0.0,0.16,370.0,20.0,0.0,0.14,310.0,0
2025-07-30,1,1,5,5241,57,6.92,1,0.24,5.06,2.95,20.0,19.0,132.0,0.0,0.0,0.16,21.0,7.61,0.14,270.0,19.0,4.21,0.17,250.0,26.0,2.3,0.18,350.0,22.0,2.27,0.15,360.0,20.0,1.5,0.14,260.0,24.0,0.41,0.16,280.0,0
2025-07-30,1,2,2,5144,21,6.97,2,0.23,3.94,2.05,5.0,9.0,68.0,0.0,0.0,0.2,6.0,5.0,0.21,400.0,11.0,3.63,0.18,390.0,15.0,1.33,0.17,300.0,13.0,2.3,0.21,370.0,15.0,1.33,0.19,400.0,8.0,0.0,0.26,480.0,0
2025-07-30,1,3,1,5140,58,7.1,3,0.26,4.1,2.15,7.0,10.0,79.0,1.0,0.0,0.19,11.0,2.72,0.19,350.0,13.0,3.84,0.18,320.0,13.0,0.76,0.2,360.0,17.0,3.52,0.17,420.0,14.0,0.0,0.19,340.0,11.0,1.81,0.23,480.0,0
2025-07-30,1,4,4,5230,51,6.94,4,0.25,3.04,1.42,3.0,4.0,49.0,0.0,0.0,0.2,5.0,4.0,0.13,200.0,11.0,2.72,0.21,350.0,10.0,1.0,0.24,440.0,6.0,1.66,0.24,420.0,10.0,0.0,0.17,260.0,7.0,0.0,0.16,370.0,0
2025-07-30,1,5,3,5295,53,7.06,5,0.23,2.34,0.44,1.0,2.0,67.0,0.0,0.0,0.22,7.0,2.85,0.24,530.0,13.0,0.76,0.27,480.0,13.0,0.0,0.22,450.0,13.0,0.0,0.23,480.0,11.0,0.0,0.16,420.0,10.0,0.0,0.22,480.0,0
2025-07-30,1,6,6,5380,52,7.06,6,0.44,1.25,0.0,0.0,0.0,61.0,0.0,0.0,0.23,0.0,0.0,0.0,0.0,0.0,0.0,0.0,0.0,0.0,0.0,0.0,0.0,0.0,0.0,0.0,0.0,1.0,0.0,0.17,400.0,60.0,0.0,0.23,490.0,0
2025-07-30,2,1,5,4997,6,6.98,1,0.12,2.55,0.81,2.0,2.0,49.0,0.0,0.0,0.17,7.0,1.42,0.19,460.0,8.0,2.5,0.19,400.0,11.0,0.9,0.19,340.0,6.0,0.0,0.16,270.0,9.0,0.0,0.15,310.0,8.0,0.0,0.15,310.0,0
2025-07-30,2,2,2,4400,9,7.01,2,0.09,4.13,1.94,5.0,10.0,77.0,0.0,0.0,0.19,10.0,7.0,0.19,270.0,12.0,1.66,0.18,420.0,17.0,2.94,0.21,320.0,13.0,0.0,0.19,360.0,13.0,0.76,0.18,340.0,12.0,0.0,0.2,420.0,0
2025-07-30,2,3,4,5195,60,6.99,3,0.13,3.87,1.59,3.0,8.0,69.0,0.0,0.0,0.17,9.0,4.44,0.14,310.0,13.0,2.3,0.15,300.0,14.0,2.14,0.2,270.0,10.0,1.0,0.19,340.0,15.0,0.0,0.18,320.0,8.0,0.0,0.18,360.0,0
2025-07-30,2,4,1,5334,28,6.99,4,0.14,2.29,0.33,2.0,2.0,119.0,0.0,0.0,0.2,2.0,0.0,0.12,450.0,4.0,2.5,0.24,500.0,7.0,1.42,0.23,400.0,30.0,0.66,0.2,420.0,32.0,0.0,0.2,450.0,44.0,0.0,0.19,430.0,0
2025-07-30,2,5,6,5326,65,6.9,5,0.12,2.49,0.29,1.0,1.0,69.0,0.0,0.0,0.2,0.0,0.0,0.0,0.0,0.0,0.0,0.0,0.0,1.0,0.0,0.2,400.0,18.0,0.0,0.2,410.0,17.0,1.17,0.18,420.0,33.0,0.0,0.21,440.0,0
2025-07-30,2,6,3,4347,48,6.88,6,0.11,6.49,4.5,23.0,13.0,80.0,1.0,0.0,0.16,18.0,6.66,0.15,280.0,12.0,7.5,0.18,380.0,13.0,6.15,0.15,280.0,16.0,3.12,0.2,330.0,12.0,1.66,0.14,280.0,8.0,0.0,0.16,260.0,0
2025-07-30,5,1,2,5163,11,6.97,1,0.09,6.45,4.41,28.0,17.0,102.0,3.0,1.0,0.18,19.0,8.94,0.18,330.0,14.0,5.0,0.18,310.0,18.0,3.88,0.17,360.0,16.0,5.0,0.19,340.0,14.0,3.57,0.18,350.0,21.0,0.47,0.19,470.0,0
2025-07-30,5,2,5,4927,4,6.98,2,0.08,5.75,3.98,26.0,31.0,143.0,5.0,0.0,0.16,32.0,7.18,0.15,340.0,14.0,4.28,0.16,290.0,21.0,4.76,0.17,320.0,30.0,3.33,0.15,310.0,22.0,1.36,0.15,370.0,24.0,2.08,0.16,420.0,0
2025-07-30,5,3,1,4823,20,7.06,3,0.07,5.25,3.52,8.0,10.0,51.0,2.0,0.0,0.15,11.0,8.18,0.17,240.0,5.0,4.0,0.11,280.0,9.0,5.55,0.14,210.0,7.0,1.42,0.19,310.0,8.0,1.25,0.11,200.0,11.0,0.0,0.14,350.0,0
2025-07-30,5,4,6,5361,59,7.02,4,0.12,1.37,0.0,0.0,0.0,73.0,0.0,0.0,0.19,0.0,0.0,0.0,0.0,0.0,0.0,0.0,0.0,0.0,0.0,0.0,0.0,4.0,0.0,0.13,430.0,12.0,0.0,0.19,380.0,57.0,0.0,0.19,430.0,0
2025-07-30,5,5,4,5230,51,6.85,5,0.15,3.04,1.42,3.0,4.0,49.0,0.0,0.0,0.2,5.0,4.0,0.13,200.0,11.0,2.72,0.21,350.0,10.0,1.0,0.24,440.0,6.0,1.66,0.24,420.0,10.0,0.0,0.17,260.0,7.0,0.0,0.16,370.0,0
2025-07-30,5,6,3,5148,46,6.96,6,0.21,5.22,3.23,14.0,18.0,99.0,0.0,0.0,0.18,15.0,7.33,0.19,320.0,19.0,3.68,0.19,380.0,18.0,2.77,0.2,320.0,15.0,4.66,0.2,390.0,17.0,0.58,0.14,250.0,15.0,0.66,0.2,360.0,0
2025-07-30,7,1,2,4123,15,6.95,1,0.19,6.46,4.47,27.0,28.0,123.0,5.0,1.0,0.18,28.0,7.5,0.18,360.0,20.0,3.5,0.17,390.0,19.0,3.68,0.16,370.0,20.0,4.5,0.2,440.0,21.0,3.33,0.2,360.0,15.0,2.66,0.17,370.0,0
2025-07-30,7,2,1,4456,19,6.92,2,0.23,6.38,4.86,30.0,23.0,109.0,4.0,0.0,0.17,23.0,9.13,0.16,240.0,17.0,6.47,0.16,320.0,21.0,4.28,0.18,350.0,15.0,4.0,0.16,360.0,17.0,2.35,0.16,390.0,16.0,1.25,0.18,430.0,0
2025-07-30,7,3,6,5334,28,7.03,3,0.2,2.29,0.33,2.0,2.0,119.0,0.0,0.0,0.2,2.0,0.0,0.12,450.0,4.0,2.5,0.24,500.0,7.0,1.42,0.23,400.0,30.0,0.66,0.2,420.0,32.0,0.0,0.2,450.0,44.0,0.0,0.19,430.0,0
2025-07-30,7,4,5,5326,65,6.99,4,0.23,2.49,0.29,1.0,1.0,69.0,0.0,0.0,0.2,0.0,0.0,0.0,0.0,0.0,0.0,0.0,0.0,1.0,0.0,0.2,400.0,18.0,0.0,0.2,410.0,17.0,1.17,0.18,420.0,33.0,0.0,0.21,440.0,0
2025-07-30,7,5,4,5144,21,6.99,5,0.17,3.94,2.05,5.0,9.0,68.0,0.0,0.0,0.2,6.0,5.0,0.21,400.0,11.0,3.63,0.18,390.0,15.0,1.33,0.17,300.0,13.0,2.3,0.21,370.0,15.0,1.33,0.19,400.0,8.0,0.0,0.26,480.0,0
2025-07-30,7,6,3,5165,47,6.98,6,0.19,4.03,2.04,5.0,15.0,98.0,0.0,0.0,0.19,14.0,3.57,0.21,360.0,15.0,2.66,0.23,450.0,20.0,3.0,0.14,260.0,17.0,2.35,0.18,310.0,15.0,0.66,0.18,400.0,17.0,0.0,0.21,450.0,0
2025-07-30,8,1,2,4117,41,6.96,1,0.06,6.09,3.65,23.0,19.0,115.0,1.0,0.0,0.19,25.0,8.0,0.21,340.0,17.0,4.11,0.18,390.0,20.0,2.5,0.17,360.0,22.0,2.27,0.2,390.0,15.0,1.33,0.21,350.0,16.0,1.87,0.17,400.0,0
2025-07-30,8,2,1,5241,57,6.93,2,0.08,5.06,2.95,20.0,19.0,132.0,0.0,0.0,0.16,21.0,7.61,0.14,270.0,19.0,4.21,0.17,250.0,26.0,2.3,0.18,350.0,22.0,2.27,0.15,360.0,20.0,1.5,0.14,260.0,24.0,0.41,0.16,280.0,0
2025-07-30,8,3,6,5335,23,6.94,3,0.09,2.68,0.84,1.0,8.0,107.0,0.0,0.0,0.19,0.0,0.0,0.0,0.0,0.0,0.0,0.0,0.0,2.0,0.0,0.15,450.0,26.0,0.76,0.22,480.0,35.0,0.57,0.17,370.0,44.0,1.13,0.18,410.0,0
2025-07-30,8,4,3,4765,13,6.98,4,0.14,5.1,3.6,20.0,11.0,86.0,0.0,0.0,0.14,12.0,5.83,0.14,210.0,16.0,3.12,0.16,320.0,16.0,4.37,0.14,260.0,13.0,3.84,0.15,280.0,17.0,3.52,0.13,220.0,12.0,0.83,0.12,290.0,0
2025-07-30,8,5,4,4400,9,7.02,5,0.22,4.13,1.94,5.0,10.0,77.0,0.0,0.0,0.19,10.0,7.0,0.19,270.0,12.0,1.66,0.18,420.0,17.0,2.94,0.21,320.0,13.0,0.0,0.19,360.0,13.0,0.76,0.18,340.0,12.0,0.0,0.2,420.0,0
2025-07-30,8,6,5,5389,39,6.99,6,0.18,1.09,0.0,0.0,0.0,87.0,0.0,0.0,0.19,0.0,0.0,0.0,0.0,0.0,0.0,0.0,0.0,0.0,0.0,0.0,0.0,0.0,0.0,0.0,0.0,1.0,0.0,0.07,200.0,86.0,0.0,0.19,420.0,0
2025-08-04,1,1,3,5299,6,6.98,1,0.23,4.86,2.78,11.0,18.0,104.0,0.0,0.0,0.16,12.0,4.16,0.18,250.0,19.0,3.15,0.16,420.0,17.0,3.52,0.18,350.0,18.0,3.88,0.15,320.0,19.0,1.57,0.17,310.0,19.0,1.05,0.16,260.0,0
2025-08-04,1,2,2,4367,17,6.94,2,0.17,4.94,2.69,9.0,15.0,89.0,1.0,0.0,0.22,14.0,5.0,0.19,320.0,10.0,4.0,0.2,380.0,17.0,3.52,0.2,410.0,16.0,1.87,0.23,490.0,17.0,2.35,0.24,420.0,15.0,0.0,0.23,430.0,0
2025-08-04,1,3,5,4905,19,6.9,3,0.12,4.5,2.52,8.0,21.0,115.0,0.0,0.0,0.19,13.0,6.92,0.18,340.0,26.0,4.23,0.18,340.0,18.0,1.11,0.19,330.0,17.0,1.76,0.19,410.0,21.0,1.42,0.18,390.0,20.0,0.5,0.22,440.0,0
2025-08-04,1,4,4,5078,25,7.02,4,0.11,4.39,2.03,3.0,8.0,54.0,0.0,0.0,0.2,8.0,2.5,0.19,400.0,8.0,5.0,0.23,360.0,10.0,0.0,0.18,340.0,10.0,4.0,0.19,450.0,9.0,0.0,0.23,460.0,9.0,1.11,0.21,530.0,0
2025-08-04,1,5,1,4778,55,7.07,5,0.11,5.21,3.09,20.0,14.0,110.0,2.0,0.0,0.17,21.0,7.14,0.15,300.0,21.0,3.33,0.19,350.0,17.0,4.7,0.2,350.0,19.0,1.05,0.16,340.0,15.0,1.33,0.19,350.0,17.0,0.0,0.16,360.0,0
2025-08-04,1,6,6,5327,15,6.92,6,0.15,1.17,0.0,0.0,0.0,65.0,0.0,0.0,0.21,0.0,0.0,0.0,0.0,0.0,0.0,0.0,0.0,0.0,0.0,0.0,0.0,13.0,0.0,0.2,450.0,19.0,0.0,0.23,430.0,33.0,0.0,0.2,450.0,0
2025-08-04,2,1,4,4300,58,7.01,1,0.14,4.73,2.37,9.0,10.0,80.0,1.0,0.0,0.21,10.0,7.0,0.21,310.0,15.0,3.33,0.2,400.0,17.0,2.35,0.22,380.0,11.0,1.81,0.2,370.0,12.0,0.0,0.18,410.0,15.0,0.66,0.23,430.0,0
2025-08-04,2,2,6,4389,16,7.04,2,0.19,5.15,3.05,13.0,23.0,118.0,1.0,0.0,0.18,18.0,8.33,0.18,410.0,20.0,3.5,0.2,430.0,19.0,3.68,0.18,420.0,22.0,2.72,0.17,350.0,19.0,0.0,0.19,390.0,20.0,0.5,0.19,400.0,0
2025-08-04,2,3,1,3319,61,7.04,3,0.21,5.35,3.33,16.0,23.0,117.0,1.0,0.0,0.15,22.0,6.36,0.14,280.0,19.0,3.15,0.18,310.0,22.0,4.54,0.15,300.0,18.0,1.11,0.13,260.0,18.0,2.22,0.12,270.0,18.0,1.66,0.2,430.0,0
2025-08-04,2,4,5,5047,47,6.99,4,0.17,5.21,3.21,14.0,13.0,84.0,1.0,0.0,0.17,13.0,6.15,0.15,240.0,11.0,3.63,0.14,300.0,15.0,4.66,0.15,310.0,16.0,1.25,0.16,340.0,16.0,2.5,0.22,410.0,12.0,1.66,0.19,380.0,0
2025-08-04,2,5,2,4764,23,7.02,5,0.14,5.66,3.97,20.0,17.0,93.0,2.0,1.0,0.17,14.0,7.14,0.14,270.0,16.0,3.75,0.17,400.0,19.0,5.26,0.17,350.0,15.0,4.66,0.17,250.0,20.0,2.0,0.17,320.0,9.0,0.0,0.17,320.0,0
2025-08-04,2,6,3,4903,59,7.07,6,0.13,6.33,5.13,30.0,28.0,113.0,4.0,2.0,0.15,23.0,9.13,0.12,210.0,16.0,5.0,0.17,360.0,22.0,5.45,0.14,280.0,18.0,5.55,0.16,350.0,17.0,1.76,0.17,330.0,17.0,2.35,0.16,310.0,0
2025-08-04,3,1,2,4485,50,6.99,1,0.13,5.28,3.5,22.0,20.0,120.0,1.0,0.0,0.16,23.0,6.52,0.13,220.0,16.0,3.12,0.18,390.0,20.0,5.5,0.13,260.0,24.0,2.91,0.17,290.0,16.0,2.5,0.18,290.0,21.0,0.0,0.16,330.0,0
2025-08-04,3,2,6,3305,64,6.98,2,0.15,3.69,1.66,6.0,8.0,84.0,0.0,0.0,0.18,13.0,6.15,0.21,420.0,16.0,1.25,0.17,350.0,15.0,0.66,0.18,410.0,13.0,0.0,0.19,360.0,17.0,1.17,0.16,350.0,10.0,1.0,0.17,430.0,0
2025-08-04,3,3,1,3907,31,6.98,3,0.17,5.14,3.25,21.0,21.0,129.0,1.0,0.0,0.17,25.0,8.0,0.18,340.0,22.0,3.18,0.15,310.0,19.0,2.1,0.17,300.0,22.0,2.27,0.17,300.0,25.0,2.4,0.16,350.0,16.0,0.0,0.2,480.0,0
2025-08-04,3,4,4,4109,36,7.06,4,0.12,6.39,4.84,36.0,28.0,132.0,7.0,0.0,0.12,26.0,8.84,0.12,170.0,23.0,4.78,0.09,220.0,20.0,5.5,0.11,180.0,20.0,5.5,0.13,220.0,21.0,2.38,0.15,290.0,22.0,1.36,0.13,300.0,0
2025-08-04,3,5,5,4678,13,7.0,5,0.22,4.94,3.26,16.0,16.0,98.0,0.0,0.0,0.17,17.0,8.23,0.15,260.0,17.0,2.35,0.18,320.0,18.0,3.88,0.15,220.0,13.0,1.53,0.19,360.0,17.0,2.35,0.17,290.0,16.0,0.62,0.18,410.0,0
2025-08-04,3,6,3,4466,10,6.98,6,0.24,5.61,3.56,18.0,29.0,132.0,0.0,0.0,0.18,22.0,6.81,0.17,260.0,16.0,6.25,0.18,330.0,29.0,3.79,0.18,320.0,25.0,1.6,0.18,360.0,19.0,1.57,0.19,410.0,21.0,1.9,0.2,420.0,0
2025-08-04,4,1,2,3776,54,7.06,1,0.09,4.0,1.53,7.0,9.0,104.0,0.0,0.0,0.19,16.0,5.0,0.19,400.0,17.0,2.94,0.19,420.0,19.0,0.52,0.19,360.0,16.0,1.25,0.21,420.0,20.0,0.0,0.17,340.0,16.0,0.0,0.19,430.0,0
2025-08-04,4,2,1,5095,57,7.01,2,0.13,5.92,4.15,21.0,23.0,106.0,0.0,0.0,0.15,20.0,8.5,0.15,270.0,16.0,6.25,0.15,330.0,18.0,3.88,0.15,320.0,15.0,2.0,0.15,250.0,17.0,2.94,0.15,330.0,20.0,1.0,0.14,290.0,0
2025-08-04,4,3,3,5014,34,6.99,3,0.16,5.25,3.02,13.0,16.0,96.0,0.0,0.0,0.13,14.0,7.14,0.11,160.0,18.0,2.22,0.11,210.0,18.0,3.33,0.12,190.0,14.0,3.57,0.15,230.0,20.0,2.0,0.16,280.0,12.0,0.0,0.14,250.0,0
2025-08-04,4,4,5,4978,37,6.99,4,0.19,4.17,2.13,6.0,10.0,75.0,0.0,0.0,0.18,8.0,7.5,0.15,340.0,15.0,2.0,0.2,400.0,13.0,2.3,0.16,320.0,13.0,0.76,0.18,410.0,17.0,1.76,0.17,370.0,9.0,0.0,0.22,460.0,0
2025-08-04,4,5,6,4089,20,7.08,5,0.18,6.16,4.25,31.0,29.0,141.0,4.0,1.0,0.16,32.0,8.43,0.17,350.0,21.0,5.23,0.15,240.0,28.0,3.57,0.13,280.0,20.0,1.5,0.16,290.0,26.0,2.3,0.17,370.0,14.0,2.14,0.19,440.0,0
2025-08-04,4,6,4,4614,65,7.03,6,0.21,6.73,5.08,37.0,26.0,124.0,3.0,1.0,0.13,27.0,8.14,0.13,230.0,19.0,5.26,0.15,280.0,19.0,5.78,0.1,190.0,25.0,4.4,0.13,220.0,19.0,3.68,0.13,220.0,15.0,1.33,0.15,260.0,0
2025-08-04,5,1,5,3882,11,7.0,1,0.14,5.38,3.64,27.0,28.0,151.0,2.0,0.0,0.17,29.0,7.24,0.13,260.0,20.0,4.0,0.18,370.0,31.0,4.51,0.18,320.0,30.0,3.0,0.16,300.0,17.0,1.17,0.19,390.0,24.0,0.41,0.18,460.0,0
2025-08-04,5,2,4,5041,43,6.92,2,0.13,4.96,2.77,18.0,7.0,90.0,2.0,0.0,0.18,11.0,7.27,0.18,340.0,17.0,2.94,0.15,310.0,15.0,0.66,0.18,390.0,16.0,2.5,0.18,330.0,18.0,3.33,0.17,340.0,13.0,0.76,0.24,480.0,0
2025-08-04,5,3,1,3905,9,7.0,3,0.15,6.54,4.21,16.0,16.0,76.0,0.0,0.0,0.16,16.0,8.75,0.16,300.0,11.0,4.54,0.14,320.0,14.0,5.0,0.15,260.0,11.0,0.9,0.16,340.0,10.0,1.0,0.14,240.0,14.0,2.85,0.18,370.0,0
2025-08-04,5,4,3,4470,14,7.03,4,0.17,6.22,5.0,37.0,32.0,138.0,6.0,0.0,0.15,32.0,9.06,0.15,260.0,23.0,5.21,0.16,300.0,20.0,4.5,0.12,240.0,19.0,3.68,0.14,250.0,20.0,4.0,0.15,280.0,24.0,1.66,0.19,330.0,0
2025-08-04,5,5,2,3737,35,7.09,5,0.26,7.01,4.84,27.0,34.0,126.0,5.0,0.0,0.17,25.0,8.0,0.14,300.0,27.0,5.18,0.17,370.0,19.0,5.26,0.17,390.0,21.0,2.85,0.19,400.0,19.0,3.68,0.18,350.0,15.0,2.66,0.19,500.0,0
2025-08-04,5,6,6,4106,5,6.98,6,0.28,3.87,1.84,8.0,9.0,92.0,0.0,0.0,0.2,14.0,5.0,0.18,360.0,16.0,2.5,0.2,440.0,15.0,0.66,0.17,370.0,19.0,2.1,0.19,360.0,16.0,0.62,0.21,390.0,12.0,0.0,0.23,510.0,0
2025-08-04,6,1,5,4154,53,6.92,1,0.13,5.6,3.62,20.0,22.0,116.0,2.0,0.0,0.18,21.0,5.23,0.19,310.0,19.0,4.21,0.18,430.0,23.0,4.78,0.16,330.0,20.0,3.0,0.18,410.0,17.0,3.52,0.19,410.0,16.0,0.0,0.22,490.0,0
2025-08-04,6,2,1,4778,55,6.95,2,0.09,5.21,3.09,20.0,14.0,110.0,2.0,0.0,0.17,21.0,7.14,0.15,300.0,21.0,3.33,0.19,350.0,17.0,4.7,0.2,350.0,19.0,1.05,0.16,340.0,15.0,1.33,0.19,350.0,17.0,0.0,0.16,360.0,0
2025-08-04,6,3,2,5155,1,6.91,3,0.06,3.65,1.48,5.0,6.0,74.0,0.0,0.0,0.17,8.0,2.5,0.16,280.0,15.0,3.33,0.16,290.0,13.0,2.3,0.15,340.0,12.0,0.0,0.22,440.0,12.0,0.83,0.14,320.0,14.0,0.0,0.19,330.0,0
2025-08-04,6,4,6,5340,21,6.93,4,0.09,2.14,0.39,1.0,3.0,102.0,0.0,0.0,0.21,0.0,0.0,0.0,0.0,0.0,0.0,0.0,0.0,0.0,0.0,0.0,0.0,9.0,0.0,0.17,460.0,33.0,0.6,0.23,480.0,60.0,0.33,0.2,410.0,0
2025-08-04,6,5,4,4292,66,7.02,5,0.13,6.07,3.44,22.0,19.0,119.0,4.0,0.0,0.14,24.0,7.08,0.14,240.0,16.0,2.5,0.17,320.0,22.0,3.63,0.12,300.0,20.0,2.5,0.13,260.0,20.0,2.5,0.13,220.0,17.0,1.17,0.14,320.0,0
2025-08-04,6,6,3,4051,52,7.04,6,0.07,6.71,5.38,29.0,34.0,117.0,6.0,1.0,0.17,29.0,8.96,0.14,240.0,17.0,4.7,0.15,290.0,15.0,6.0,0.19,310.0,18.0,3.88,0.17,370.0,18.0,3.33,0.18,340.0,20.0,3.5,0.22,400.0,0
2025-08-04,11,1,3,4434,27,6.91,1,0.15,6.51,4.92,34.0,33.0,136.0,5.0,2.0,0.16,30.0,8.33,0.16,310.0,21.0,5.23,0.18,300.0,23.0,4.78,0.12,270.0,20.0,6.0,0.16,310.0,21.0,0.95,0.18,440.0,21.0,2.85,0.19,450.0,0
2025-08-04,11,2,2,3905,9,6.92,2,0.14,6.54,4.21,16.0,16.0,76.0,0.0,0.0,0.16,16.0,8.75,0.16,300.0,11.0,4.54,0.14,320.0,14.0,5.0,0.15,260.0,11.0,0.9,0.16,340.0,10.0,1.0,0.14,240.0,14.0,2.85,0.18,370.0,0
2025-08-04,11,3,1,5095,57,6.95,3,0.16,5.92,4.15,21.0,23.0,106.0,0.0,0.0,0.15,20.0,8.5,0.15,270.0,16.0,6.25,0.15,330.0,18.0,3.88,0.15,320.0,15.0,2.0,0.15,250.0,17.0,2.94,0.15,330.0,20.0,1.0,0.14,290.0,0
2025-08-04,11,4,4,4154,53,7.01,4,0.16,5.6,3.62,20.0,22.0,116.0,2.0,0.0,0.18,21.0,5.23,0.19,310.0,19.0,4.21,0.18,430.0,23.0,4.78,0.16,330.0,20.0,3.0,0.18,410.0,17.0,3.52,0.19,410.0,16.0,0.0,0.22,490.0,0
2025-08-04,11,5,5,4485,50,6.97,5,0.22,5.28,3.5,22.0,20.0,120.0,1.0,0.0,0.16,23.0,6.52,0.13,220.0,16.0,3.12,0.18,390.0,20.0,5.5,0.13,260.0,24.0,2.91,0.17,290.0,16.0,2.5,0.18,290.0,21.0,0.0,0.16,330.0,0
2025-08-04,11,6,6,4389,16,7.03,6,0.27,5.15,3.05,13.0,23.0,118.0,1.0,0.0,0.18,18.0,8.33,0.18,410.0,20.0,3.5,0.2,430.0,19.0,3.68,0.18,420.0,22.0,2.72,0.17,350.0,19.0,0.0,0.19,390.0,20.0,0.5,0.19,400.0,0
2025-08-05,5,1,4,4389,16,7.07,1,0.18,5.15,3.05,13.0,23.0,118.0,1.0,0.0,0.18,18.0,8.33,0.18,410.0,20.0,3.5,0.2,430.0,19.0,3.68,0.18,420.0,22.0,2.72,0.17,350.0,19.0,0.0,0.19,390.0,20.0,0.5,0.19,400.0,0
2025-08-05,5,2,5,5299,6,7.0,2,0.18,4.86,2.78,11.0,18.0,104.0,0.0,0.0,0.16,12.0,4.16,0.18,250.0,19.0,3.15,0.16,420.0,17.0,3.52,0.18,350.0,18.0,3.88,0.15,320.0,19.0,1.57,0.17,310.0,19.0,1.05,0.16,260.0,0
2025-08-05,5,3,1,4470,14,7.02,3,0.1,6.22,5.0,37.0,32.0,138.0,6.0,0.0,0.15,32.0,9.06,0.15,260.0,23.0,5.21,0.16,300.0,20.0,4.5,0.12,240.0,19.0,3.68,0.14,250.0,20.0,4.0,0.15,280.0,24.0,1.66,0.19,330.0,0
2025-08-05,5,4,2,4614,65,6.99,4,0.11,6.73,5.08,37.0,26.0,124.0,3.0,1.0,0.13,27.0,8.14,0.13,230.0,19.0,5.26,0.15,280.0,19.0,5.78,0.1,190.0,25.0,4.4,0.13,220.0,19.0,3.68,0.13,220.0,15.0,1.33,0.15,260.0,0
2025-08-05,5,5,6,5327,15,6.98,6,0.22,1.17,0.0,0.0,0.0,65.0,0.0,0.0,0.21,0.0,0.0,0.0,0.0,0.0,0.0,0.0,0.0,0.0,0.0,0.0,0.0,13.0,0.0,0.2,450.0,19.0,0.0,0.23,430.0,33.0,0.0,0.2,450.0,0
2025-08-05,5,6,3,3572,49,7.01,5,0.17,5.64,4.12,19.0,28.0,114.0,2.0,0.0,0.2,18.0,8.88,0.17,340.0,20.0,6.0,0.18,300.0,26.0,4.61,0.19,330.0,18.0,2.77,0.22,430.0,23.0,0.43,0.2,400.0,9.0,1.11,0.23,510.0,0
2025-08-06,3,1,4,3305,64,6.94,1,0.12,3.69,1.66,6.0,8.0,84.0,0.0,0.0,0.18,13.0,6.15,0.21,420.0,16.0,1.25,0.17,350.0,15.0,0.66,0.18,410.0,13.0,0.0,0.19,360.0,17.0,1.17,0.16,350.0,10.0,1.0,0.17,430.0,0
2025-08-06,3,2,1,4398,45,6.94,2,0.03,6.36,4.24,29.0,24.0,125.0,6.0,2.0,0.14,22.0,8.63,0.14,270.0,18.0,5.55,0.15,320.0,17.0,2.94,0.11,280.0,21.0,6.19,0.13,260.0,25.0,1.2,0.15,380.0,22.0,1.36,0.17,350.0,0
2025-08-06,3,3,6,4978,37,6.97,3,0.1,4.17,2.13,6.0,10.0,75.0,0.0,0.0,0.18,8.0,7.5,0.15,340.0,15.0,2.0,0.2,400.0,13.0,2.3,0.16,320.0,13.0,0.76,0.18,410.0,17.0,1.76,0.17,370.0,9.0,0.0,0.22,460.0,0
2025-08-06,3,4,3,5299,6,7.07,4,0.11,4.86,2.78,11.0,18.0,104.0,0.0,0.0,0.16,12.0,4.16,0.18,250.0,19.0,3.15,0.16,420.0,17.0,3.52,0.18,350.0,18.0,3.88,0.15,320.0,19.0,1.57,0.17,310.0,19.0,1.05,0.16,260.0,0
2025-08-06,3,5,5,3572,49,7.06,5,0.18,5.64,4.12,19.0,28.0,114.0,2.0,0.0,0.2,18.0,8.88,0.17,340.0,20.0,6.0,0.18,300.0,26.0,4.61,0.19,330.0,18.0,2.77,0.22,430.0,23.0,0.43,0.2,400.0,9.0,1.11,0.23,510.0,0
2025-08-06,3,6,2,3905,9,6.99,6,0.16,6.54,4.21,16.0,16.0,76.0,0.0,0.0,0.16,16.0,8.75,0.16,300.0,11.0,4.54,0.14,320.0,14.0,5.0,0.15,260.0,11.0,0.9,0.16,340.0,10.0,1.0,0.14,240.0,14.0,2.85,0.18,370.0,0
2025-08-06,7,1,5,3572,49,6.92,1,0.37,5.64,4.12,19.0,28.0,114.0,2.0,0.0,0.2,18.0,8.88,0.17,340.0,20.0,6.0,0.18,300.0,26.0,4.61,0.19,330.0,18.0,2.77,0.22,430.0,23.0,0.43,0.2,400.0,9.0,1.11,0.23,510.0,0
2025-08-06,7,2,1,4109,36,6.96,2,0.14,6.39,4.84,36.0,28.0,132.0,7.0,0.0,0.12,26.0,8.84,0.12,170.0,23.0,4.78,0.09,220.0,20.0,5.5,0.11,180.0,20.0,5.5,0.13,220.0,21.0,2.38,0.15,290.0,22.0,1.36,0.13,300.0,0
2025-08-06,7,3,4,4367,17,6.92,3,0.48,4.94,2.69,9.0,15.0,89.0,1.0,0.0,0.22,14.0,5.0,0.19,320.0,10.0,4.0,0.2,380.0,17.0,3.52,0.2,410.0,16.0,1.87,0.23,490.0,17.0,2.35,0.24,420.0,15.0,0.0,0.23,430.0,0
2025-08-06,7,4,3,3319,61,6.97,4,0.11,5.35,3.33,16.0,23.0,117.0,1.0,0.0,0.15,22.0,6.36,0.14,280.0,19.0,3.15,0.18,310.0,22.0,4.54,0.15,300.0,18.0,1.11,0.13,260.0,18.0,2.22,0.12,270.0,18.0,1.66,0.2,430.0,0
2025-08-06,7,5,2,4903,59,7.01,5,0.03,6.33,5.13,30.0,28.0,113.0,4.0,2.0,0.15,23.0,9.13,0.12,210.0,16.0,5.0,0.17,360.0,22.0,5.45,0.14,280.0,18.0,5.55,0.16,350.0,17.0,1.76,0.17,330.0,17.0,2.35,0.16,310.0,0
2025-08-06,7,6,6,5340,21,7.06,6,0.12,2.14,0.39,1.0,3.0,102.0,0.0,0.0,0.21,0.0,0.0,0.0,0.0,0.0,0.0,0.0,0.0,0.0,0.0,0.0,0.0,9.0,0.0,0.17,460.0,33.0,0.6,0.23,480.0,60.0,0.33,0.2,410.0,0
2025-08-07,3,1,4,5014,34,6.91,1,0.13,5.25,3.02,13.0,16.0,96.0,0.0,0.0,0.13,14.0,7.14,0.11,160.0,18.0,2.22,0.11,210.0,18.0,3.33,0.12,190.0,14.0,3.57,0.15,230.0,20.0,2.0,0.16,280.0,12.0,0.0,0.14,250.0,0
2025-08-07,3,2,6,3907,31,7.01,2,0.23,5.14,3.25,21.0,21.0,129.0,1.0,0.0,0.17,25.0,8.0,0.18,340.0,22.0,3.18,0.15,310.0,19.0,2.1,0.17,300.0,22.0,2.27,0.17,300.0,25.0,2.4,0.16,350.0,16.0,0.0,0.2,480.0,0
2025-08-07,3,3,1,4292,66,7.0,3,0.15,6.07,3.44,22.0,19.0,119.0,4.0,0.0,0.14,24.0,7.08,0.14,240.0,16.0,2.5,0.17,320.0,22.0,3.63,0.12,300.0,20.0,2.5,0.13,260.0,20.0,2.5,0.13,220.0,17.0,1.17,0.14,320.0,0
2025-08-07,3,4,5,5340,21,6.98,6,0.16,2.14,0.39,1.0,3.0,102.0,0.0,0.0,0.21,0.0,0.0,0.0,0.0,0.0,0.0,0.0,0.0,0.0,0.0,0.0,0.0,9.0,0.0,0.17,460.0,33.0,0.6,0.23,480.0,60.0,0.33,0.2,410.0,0
2025-08-07,3,5,2,4466,10,6.97,4,0.18,5.61,3.56,18.0,29.0,132.0,0.0,0.0,0.18,22.0,6.81,0.17,260.0,16.0,6.25,0.18,330.0,29.0,3.79,0.18,320.0,25.0,1.6,0.18,360.0,19.0,1.57,0.19,410.0,21.0,1.9,0.2,420.0,0
2025-08-07,3,6,3,4398,45,7.07,5,0.15,6.36,4.24,29.0,24.0,125.0,6.0,2.0,0.14,22.0,8.63,0.14,270.0,18.0,5.55,0.15,320.0,17.0,2.94,0.11,280.0,21.0,6.19,0.13,260.0,25.0,1.2,0.15,380.0,22.0,1.36,0.17,350.0,0
2025-08-07,6,1,4,4764,23,6.94,1,0.18,5.66,3.97,20.0,17.0,93.0,2.0,1.0,0.17,14.0,7.14,0.14,270.0,16.0,3.75,0.17,400.0,19.0,5.26,0.17,350.0,15.0,4.66,0.17,250.0,20.0,2.0,0.17,320.0,9.0,0.0,0.17,320.0,0
2025-08-07,6,2,6,3535,8,6.93,2,0.14,4.41,2.57,7.0,11.0,70.0,0.0,0.0,0.21,9.0,6.66,0.17,360.0,15.0,2.66,0.21,440.0,12.0,1.66,0.19,390.0,12.0,2.5,0.23,460.0,10.0,3.0,0.19,370.0,12.0,0.0,0.24,510.0,0
2025-08-07,6,3,1,5047,47,6.95,4,0.13,5.21,3.21,14.0,13.0,84.0,1.0,0.0,0.17,13.0,6.15,0.15,240.0,11.0,3.63,0.14,300.0,15.0,4.66,0.15,310.0,16.0,1.25,0.16,340.0,16.0,2.5,0.22,410.0,12.0,1.66,0.19,380.0,0
2025-08-07,6,4,5,4903,59,6.98,5,0.12,6.33,5.13,30.0,28.0,113.0,4.0,2.0,0.15,23.0,9.13,0.12,210.0,16.0,5.0,0.17,360.0,22.0,5.45,0.14,280.0,18.0,5.55,0.16,350.0,17.0,1.76,0.17,330.0,17.0,2.35,0.16,310.0,0
2025-08-07,6,5,3,4154,53,7.1,3,0.12,5.6,3.62,20.0,22.0,116.0,2.0,0.0,0.18,21.0,5.23,0.19,310.0,19.0,4.21,0.18,430.0,23.0,4.78,0.16,330.0,20.0,3.0,0.18,410.0,17.0,3.52,0.19,410.0,16.0,0.0,0.22,490.0,0
2025-08-07,6,6,2,5155,1,6.98,6,0.42,3.65,1.48,5.0,6.0,74.0,0.0,0.0,0.17,8.0,2.5,0.16,280.0,15.0,3.33,0.16,290.0,13.0,2.3,0.15,340.0,12.0,0.0,0.22,440.0,12.0,0.83,0.14,320.0,14.0,0.0,0.19,330.0,0
2025-08-08,9,1,3,4292,66,6.87,1,0.23,6.07,3.44,22.0,19.0,119.0,4.0,0.0,0.14,24.0,7.08,0.14,240.0,16.0,2.5,0.17,320.0,22.0,3.63,0.12,300.0,20.0,2.5,0.13,260.0,20.0,2.5,0.13,220.0,17.0,1.17,0.14,320.0,0
2025-08-08,9,2,1,3572,49,6.93,2,0.18,5.64,4.12,19.0,28.0,114.0,2.0,0.0,0.2,18.0,8.88,0.17,340.0,20.0,6.0,0.18,300.0,26.0,4.61,0.19,330.0,18.0,2.77,0.22,430.0,23.0,0.43,0.2,400.0,9.0,1.11,0.23,510.0,0
2025-08-08,9,3,5,3882,11,6.9,3,0.16,5.38,3.64,27.0,28.0,151.0,2.0,0.0,0.17,29.0,7.24,0.13,260.0,20.0,4.0,0.18,370.0,31.0,4.51,0.18,320.0,30.0,3.0,0.16,300.0,17.0,1.17,0.19,390.0,24.0,0.41,0.18,460.0,0
2025-08-08,9,4,4,5155,1,6.86,4,0.22,3.65,1.48,5.0,6.0,74.0,0.0,0.0,0.17,8.0,2.5,0.16,280.0,15.0,3.33,0.16,290.0,13.0,2.3,0.15,340.0,12.0,0.0,0.22,440.0,12.0,0.83,0.14,320.0,14.0,0.0,0.19,330.0,0
2025-08-08,9,5,2,5299,6,6.93,5,0.23,4.86,2.78,11.0,18.0,104.0,0.0,0.0,0.16,12.0,4.16,0.18,250.0,19.0,3.15,0.16,420.0,17.0,3.52,0.18,350.0,18.0,3.88,0.15,320.0,19.0,1.57,0.17,310.0,19.0,1.05,0.16,260.0,0
2025-08-08,9,6,6,5047,47,6.95,6,0.24,5.21,3.21,14.0,13.0,84.0,1.0,0.0,0.17,13.0,6.15,0.15,240.0,11.0,3.63,0.14,300.0,15.0,4.66,0.15,310.0,16.0,1.25,0.16,340.0,16.0,2.5,0.22,410.0,12.0,1.66,0.19,380.0,0
2025-08-08,10,1,4,4903,59,6.9,1,0.26,6.33,5.13,30.0,28.0,113.0,4.0,2.0,0.15,23.0,9.13,0.12,210.0,16.0,5.0,0.17,360.0,22.0,5.45,0.14,280.0,18.0,5.55,0.16,350.0,17.0,1.76,0.17,330.0,17.0,2.35,0.16,310.0,0
2025-08-08,10,2,5,5317,18,6.92,2,0.25,3.31,0.53,2.0,4.0,112.0,0.0,0.0,0.21,0.0,0.0,0.0,0.0,2.0,0.0,0.32,600.0,12.0,0.83,0.26,440.0,31.0,0.64,0.22,460.0,27.0,0.37,0.19,430.0,40.0,0.5,0.2,480.0,0
2025-08-08,10,3,2,4109,36,6.97,3,0.15,6.39,4.84,36.0,28.0,132.0,7.0,0.0,0.12,26.0,8.84,0.12,170.0,23.0,4.78,0.09,220.0,20.0,5.5,0.11,180.0,20.0,5.5,0.13,220.0,21.0,2.38,0.15,290.0,22.0,1.36,0.13,300.0,0
2025-08-08,10,4,1,3319,61,6.95,4,0.16,5.35,3.33,16.0,23.0,117.0,1.0,0.0,0.15,22.0,6.36,0.14,280.0,19.0,3.15,0.18,310.0,22.0,4.54,0.15,300.0,18.0,1.11,0.13,260.0,18.0,2.22,0.12,270.0,18.0,1.66,0.2,430.0,0
2025-08-08,10,5,6,4764,23,6.9,5,0.18,5.66,3.97,20.0,17.0,93.0,2.0,1.0,0.17,14.0,7.14,0.14,270.0,16.0,3.75,0.17,400.0,19.0,5.26,0.17,350.0,15.0,4.66,0.17,250.0,20.0,2.0,0.17,320.0,9.0,0.0,0.17,320.0,0
2025-08-08,10,6,3,4470,14,7.0,6,0.14,6.22,5.0,37.0,32.0,138.0,6.0,0.0,0.15,32.0,9.06,0.15,260.0,23.0,5.21,0.16,300.0,20.0,4.5,0.12,240.0,19.0,3.68,0.14,250.0,20.0,4.0,0.15,280.0,24.0,1.66,0.19,330.0,0
2025-08-08,11,1,2,4042,46,6.76,1,0.25,7.1,5.31,47.0,28.0,141.0,7.0,3.0,0.16,33.0,9.39,0.15,280.0,21.0,7.61,0.14,290.0,26.0,3.84,0.16,290.0,20.0,5.0,0.12,240.0,18.0,2.77,0.15,300.0,23.0,1.3,0.21,510.0,0
2025-08-08,11,2,4,4466,10,6.85,2,0.17,5.61,3.56,18.0,29.0,132.0,0.0,0.0,0.18,22.0,6.81,0.17,260.0,16.0,6.25,0.18,330.0,29.0,3.79,0.18,320.0,25.0,1.6,0.18,360.0,19.0,1.57,0.19,410.0,21.0,1.9,0.2,420.0,0
2025-08-08,11,3,1,4614,65,6.8,3,0.17,6.73,5.08,37.0,26.0,124.0,3.0,1.0,0.13,27.0,8.14,0.13,230.0,19.0,5.26,0.15,280.0,19.0,5.78,0.1,190.0,25.0,4.4,0.13,220.0,19.0,3.68,0.13,220.0,15.0,1.33,0.15,260.0,0
2025-08-08,11,4,3,4434,27,6.91,4,0.13,6.51,4.92,34.0,33.0,136.0,5.0,2.0,0.16,30.0,8.33,0.16,310.0,21.0,5.23,0.18,300.0,23.0,4.78,0.12,270.0,20.0,6.0,0.16,310.0,21.0,0.95,0.18,440.0,21.0,2.85,0.19,450.0,0
2025-08-08,11,5,5,4089,20,6.96,5,0.11,6.16,4.25,31.0,29.0,141.0,4.0,1.0,0.16,32.0,8.43,0.17,350.0,21.0,5.23,0.15,240.0,28.0,3.57,0.13,280.0,20.0,1.5,0.16,290.0,26.0,2.3,0.17,370.0,14.0,2.14,0.19,440.0,0
2025-08-08,11,6,6,3907,31,6.89,6,0.14,5.14,3.25,21.0,21.0,129.0,1.0,0.0,0.17,25.0,8.0,0.18,340.0,22.0,3.18,0.15,310.0,19.0,2.1,0.17,300.0,22.0,2.27,0.17,300.0,25.0,2.4,0.16,350.0,16.0,0.0,0.2,480.0,0
2025-08-10,1,1,5,3246,29,6.79,1,0.26,4.36,2.53,11.0,8.0,75.0,0.0,0.0,0.16,11.0,6.36,0.17,300.0,16.0,3.12,0.18,310.0,13.0,3.07,0.15,280.0,21.0,0.47,0.17,340.0,11.0,0.9,0.16,270.0,3.0,3.33,0.06,230.0,0
2025-08-10,1,2,3,5198,50,6.83,2,0.27,4.15,2.1,9.0,12.0,100.0,0.0,0.0,0.19,13.0,4.61,0.17,310.0,19.0,3.15,0.19,330.0,22.0,1.36,0.16,310.0,11.0,3.63,0.19,410.0,15.0,0.66,0.18,340.0,20.0,0.5,0.22,440.0,0
2025-08-10,1,3,1,5245,55,6.84,3,0.24,4.42,2.61,18.0,16.0,130.0,0.0,0.0,0.18,19.0,5.26,0.2,390.0,21.0,2.38,0.18,410.0,24.0,2.91,0.17,360.0,23.0,1.73,0.19,380.0,23.0,3.47,0.16,330.0,20.0,0.0,0.19,460.0,0
2025-08-10,1,4,2,5315,16,6.76,4,0.21,2.47,1.04,7.0,4.0,105.0,0.0,0.0,0.17,12.0,2.5,0.2,350.0,13.0,0.76,0.18,380.0,17.0,0.58,0.18,320.0,21.0,1.42,0.16,230.0,21.0,0.47,0.15,300.0,21.0,0.95,0.17,340.0,0
2025-08-10,1,5,4,4941,20,6.78,5,0.28,4.5,2.16,5.0,11.0,74.0,1.0,0.0,0.21,9.0,3.33,0.22,430.0,8.0,6.25,0.17,330.0,10.0,3.0,0.19,450.0,13.0,0.0,0.23,460.0,15.0,1.33,0.24,460.0,19.0,1.57,0.21,430.0,0
2025-08-10,1,6,6,3569,61,6.89,6,0.29,4.35,2.22,13.0,13.0,117.0,1.0,0.0,0.19,16.0,6.25,0.17,290.0,21.0,2.85,0.18,380.0,24.0,2.08,0.19,330.0,19.0,1.57,0.18,390.0,18.0,0.55,0.18,410.0,19.0,0.52,0.23,580.0,0
2025-08-10,2,1,2,3482,6,6.81,1,0.17,5.04,2.94,17.0,16.0,112.0,1.0,0.0,0.16,17.0,8.23,0.17,240.0,18.0,1.66,0.18,350.0,22.0,1.81,0.17,330.0,18.0,3.33,0.11,250.0,17.0,2.35,0.14,260.0,20.0,1.0,0.19,380.0,0
2025-08-10,2,2,1,4694,49,6.77,2,0.18,4.5,2.63,12.0,7.0,72.0,0.0,0.0,0.18,11.0,3.63,0.17,270.0,10.0,4.0,0.16,330.0,11.0,3.63,0.17,330.0,13.0,3.07,0.19,320.0,14.0,1.42,0.18,290.0,13.0,0.76,0.22,370.0,0
2025-08-10,2,3,6,4111,28,6.87,3,0.16,5.09,2.74,20.0,16.0,131.0,0.0,0.0,0.18,20.0,7.5,0.18,380.0,25.0,2.4,0.18,380.0,22.0,2.72,0.19,380.0,23.0,2.6,0.18,380.0,25.0,1.2,0.18,380.0,16.0,0.0,0.2,510.0,0
2025-08-10,2,4,3,4672,8,6.78,4,0.14,4.46,2.66,8.0,17.0,94.0,0.0,0.0,0.19,11.0,6.36,0.2,330.0,16.0,2.5,0.17,390.0,19.0,4.21,0.21,370.0,24.0,1.25,0.19,400.0,13.0,0.0,0.18,330.0,11.0,2.72,0.19,330.0,0
2025-08-10,2,5,4,5226,39,6.81,5,0.15,5.81,4.26,27.0,25.0,122.0,1.0,0.0,0.16,25.0,8.4,0.15,260.0,23.0,4.78,0.14,250.0,15.0,2.66,0.18,290.0,22.0,4.09,0.16,330.0,17.0,2.35,0.15,280.0,20.0,1.5,0.19,450.0,0
2025-08-10,2,6,5,3432,13,6.84,6,0.2,5.03,3.0,15.0,21.0,120.0,0.0,0.0,0.18,20.0,7.0,0.18,310.0,16.0,5.0,0.15,270.0,26.0,2.3,0.17,330.0,25.0,2.4,0.19,370.0,16.0,1.25,0.19,340.0,17.0,0.0,0.21,480.0,0
2025-08-10,5,1,6,3277,11,6.85,1,0.25,4.55,2.37,10.0,13.0,97.0,0.0,0.0,0.16,17.0,7.05,0.14,250.0,17.0,3.52,0.16,430.0,19.0,1.57,0.14,260.0,12.0,1.66,0.19,390.0,19.0,0.0,0.16,350.0,13.0,0.0,0.21,500.0,0
2025-08-10,5,2,2,5244,48,6.86,2,0.21,3.37,1.52,2.0,7.0,59.0,0.0,0.0,0.17,8.0,3.75,0.15,350.0,9.0,1.11,0.16,320.0,12.0,2.5,0.16,320.0,11.0,0.0,0.18,400.0,10.0,1.0,0.22,410.0,9.0,1.11,0.15,300.0,0
2025-08-10,5,3,1,4098,35,6.85,3,0.19,4.49,2.22,4.0,10.0,63.0,0.0,0.0,0.22,10.0,4.0,0.17,410.0,11.0,2.72,0.18,420.0,11.0,3.63,0.19,420.0,10.0,2.0,0.26,490.0,12.0,0.83,0.25,500.0,9.0,0.0,0.27,520.0,0
2025-08-10,5,4,4,5278,21,6.8,4,0.13,6.29,4.93,21.0,15.0,73.0,3.0,0.0,0.17,10.0,10.0,0.15,350.0,9.0,6.66,0.17,270.0,15.0,4.66,0.15,310.0,14.0,5.0,0.18,340.0,16.0,3.12,0.18,340.0,9.0,1.11,0.21,420.0,0
2025-08-10,5,5,5,4211,36,6.88,5,0.11,4.3,2.35,11.0,14.0,106.0,0.0,0.0,0.15,15.0,5.33,0.15,240.0,18.0,2.77,0.16,290.0,20.0,4.0,0.15,290.0,16.0,0.62,0.14,240.0,18.0,1.11,0.13,270.0,19.0,0.52,0.17,380.0,0
2025-08-10,5,6,3,5015,45,6.83,6,0.14,6.81,5.4,24.0,29.0,98.0,3.0,0.0,0.14,18.0,8.88,0.12,250.0,18.0,7.22,0.14,310.0,13.0,6.15,0.12,220.0,15.0,4.66,0.15,330.0,15.0,4.66,0.12,320.0,19.0,1.05,0.18,410.0,0
2025-08-11,1,1,2,3432,13,6.82,1,0.15,5.03,3.0,15.0,21.0,120.0,0.0,0.0,0.18,20.0,7.0,0.18,310.0,16.0,5.0,0.15,270.0,26.0,2.3,0.17,330.0,25.0,2.4,0.19,370.0,16.0,1.25,0.19,340.0,17.0,0.0,0.21,480.0,0
2025-08-11,1,2,1,5031,40,6.73,2,0.18,4.56,2.29,6.0,14.0,87.0,1.0,0.0,0.19,10.0,6.0,0.17,310.0,17.0,3.52,0.19,360.0,22.0,1.36,0.19,350.0,16.0,2.5,0.2,360.0,16.0,0.62,0.15,350.0,6.0,0.0,0.24,500.0,0
2025-08-11,1,3,3,5315,16,6.76,3,0.14,2.47,1.04,7.0,4.0,105.0,0.0,0.0,0.17,12.0,2.5,0.2,350.0,13.0,0.76,0.18,380.0,17.0,0.58,0.18,320.0,21.0,1.42,0.16,230.0,21.0,0.47,0.15,300.0,21.0,0.95,0.17,340.0,0
2025-08-11,1,4,5,5244,48,6.79,5,0.15,3.37,1.52,2.0,7.0,59.0,0.0,0.0,0.17,8.0,3.75,0.15,350.0,9.0,1.11,0.16,320.0,12.0,2.5,0.16,320.0,11.0,0.0,0.18,400.0,10.0,1.0,0.22,410.0,9.0,1.11,0.15,300.0,0
2025-08-11,1,5,6,5407,51,6.8,6,0.17,0.0,0.0,0.0,0.0,0.0,0.0,0.0,0.0,0.0,0.0,0.0,0.0,0.0,0.0,0.0,0.0,0.0,0.0,0.0,0.0,0.0,0.0,0.0,0.0,0.0,0.0,0.0,0.0,0.0,0.0,0.0,0.0,0
2025-08-11,1,6,4,3246,29,6.77,4,0.17,4.36,2.53,11.0,8.0,75.0,0.0,0.0,0.16,11.0,6.36,0.17,300.0,16.0,3.12,0.18,310.0,13.0,3.07,0.15,280.0,21.0,0.47,0.17,340.0,11.0,0.9,0.16,270.0,3.0,3.33,0.06,230.0,0
2025-08-11,2,1,5,4098,35,6.8,1,0.15,4.49,2.22,4.0,10.0,63.0,0.0,0.0,0.22,10.0,4.0,0.17,410.0,11.0,2.72,0.18,420.0,11.0,3.63,0.19,420.0,10.0,2.0,0.26,490.0,12.0,0.83,0.25,500.0,9.0,0.0,0.27,520.0,0
2025-08-11,2,2,1,4691,31,6.85,2,0.11,4.81,2.32,11.0,15.0,112.0,0.0,0.0,0.17,17.0,5.88,0.12,210.0,21.0,4.28,0.17,400.0,20.0,2.0,0.16,370.0,16.0,1.25,0.17,290.0,23.0,0.43,0.19,370.0,15.0,0.0,0.2,410.0,0
2025-08-11,2,3,4,5276,4,6.84,3,0.13,5.44,3.72,17.0,27.0,118.0,0.0,0.0,0.17,20.0,7.0,0.15,310.0,23.0,4.34,0.16,350.0,19.0,4.73,0.2,390.0,18.0,4.44,0.18,310.0,22.0,0.45,0.19,380.0,16.0,1.25,0.17,360.0,0
2025-08-11,2,4,6,3277,11,6.85,4,0.16,4.55,2.37,10.0,13.0,97.0,0.0,0.0,0.16,17.0,7.05,0.14,250.0,17.0,3.52,0.16,430.0,19.0,1.57,0.14,260.0,12.0,1.66,0.19,390.0,19.0,0.0,0.16,350.0,13.0,0.0,0.21,500.0,0
2025-08-11,2,5,3,5005,9,6.78,5,0.17,5.18,3.22,16.0,25.0,127.0,0.0,0.0,0.15,22.0,7.27,0.16,350.0,25.0,2.4,0.15,280.0,22.0,4.54,0.14,300.0,21.0,3.33,0.13,250.0,20.0,1.0,0.14,280.0,17.0,0.0,0.16,320.0,0
2025-08-11,2,6,2,4133,14,6.82,6,0.21,5.87,3.71,23.0,23.0,124.0,2.0,0.0,0.17,25.0,8.0,0.16,320.0,15.0,2.66,0.17,350.0,23.0,3.47,0.18,330.0,27.0,3.33,0.15,290.0,16.0,1.87,0.17,340.0,18.0,1.11,0.17,350.0,0
2025-08-11,3,1,6,3834,5,6.9,2,0.21,3.73,2.02,5.0,10.0,74.0,0.0,0.0,0.21,10.0,6.0,0.21,410.0,11.0,1.81,0.18,380.0,16.0,1.87,0.23,440.0,11.0,0.9,0.2,380.0,12.0,1.66,0.18,390.0,14.0,0.71,0.22,420.0,0
2025-08-11,3,2,2,4211,36,6.88,3,0.09,4.3,2.35,11.0,14.0,106.0,0.0,0.0,0.15,15.0,5.33,0.15,240.0,18.0,2.77,0.16,290.0,20.0,4.0,0.15,290.0,16.0,0.62,0.14,240.0,18.0,1.11,0.13,270.0,19.0,0.52,0.17,380.0,0
2025-08-11,3,3,3,4672,8,6.8,4,0.14,4.46,2.66,8.0,17.0,94.0,0.0,0.0,0.19,11.0,6.36,0.2,330.0,16.0,2.5,0.17,390.0,19.0,4.21,0.21,370.0,24.0,1.25,0.19,400.0,13.0,0.0,0.18,330.0,11.0,2.72,0.19,330.0,0
2025-08-11,3,4,1,5043,15,6.82,5,0.08,6.92,5.84,50.0,33.0,142.0,8.0,2.0,0.16,40.0,8.75,0.15,300.0,23.0,6.95,0.16,300.0,23.0,4.34,0.16,280.0,19.0,3.68,0.16,380.0,19.0,5.78,0.17,360.0,18.0,2.22,0.13,260.0,0
2025-08-11,3,5,5,5279,34,6.9,6,0.11,5.35,3.61,17.0,22.0,108.0,0.0,0.0,0.15,17.0,5.29,0.14,240.0,21.0,2.85,0.14,240.0,23.0,4.34,0.19,290.0,14.0,3.57,0.12,220.0,19.0,3.68,0.14,310.0,14.0,1.42,0.16,330.0,0
2025-08-11,3,6,4,3619,64,6.95,1,0.12,5.13,3.16,24.0,14.0,120.0,0.0,0.0,0.2,25.0,7.2,0.16,300.0,20.0,4.0,0.2,400.0,17.0,2.94,0.16,360.0,16.0,3.12,0.18,480.0,17.0,1.17,0.22,510.0,25.0,0.0,0.25,530.0,0
2025-08-11,4,1,4,3569,61,6.79,1,0.13,4.35,2.22,13.0,13.0,117.0,1.0,0.0,0.19,16.0,6.25,0.17,290.0,21.0,2.85,0.18,380.0,24.0,2.08,0.19,330.0,19.0,1.57,0.18,390.0,18.0,0.55,0.18,410.0,19.0,0.52,0.23,580.0,0
2025-08-11,4,2,3,4140,52,6.87,2,0.09,6.33,4.8,29.0,20.0,102.0,5.0,1.0,0.16,20.0,9.5,0.13,190.0,14.0,3.57,0.21,400.0,17.0,7.05,0.16,290.0,19.0,3.68,0.18,350.0,19.0,3.15,0.15,250.0,12.0,0.0,0.17,430.0,0
2025-08-11,4,3,6,5171,18,6.92,3,0.07,3.51,1.7,2.0,5.0,41.0,0.0,0.0,0.16,5.0,6.0,0.15,140.0,11.0,1.81,0.18,380.0,5.0,2.0,0.12,180.0,5.0,0.0,0.14,280.0,8.0,1.25,0.14,200.0,7.0,0.0,0.19,380.0,0
2025-08-11,4,4,2,4694,49,6.77,4,0.15,4.5,2.63,12.0,7.0,72.0,0.0,0.0,0.18,11.0,3.63,0.17,270.0,10.0,4.0,0.16,330.0,11.0,3.63,0.17,330.0,13.0,3.07,0.19,320.0,14.0,1.42,0.18,290.0,13.0,0.76,0.22,370.0,0
2025-08-11,4,5,1,5245,55,6.83,5,0.12,4.42,2.61,18.0,16.0,130.0,0.0,0.0,0.18,19.0,5.26,0.2,390.0,21.0,2.38,0.18,410.0,24.0,2.91,0.17,360.0,23.0,1.73,0.19,380.0,23.0,3.47,0.16,330.0,20.0,0.0,0.19,460.0,0
2025-08-11,4,6,5,4900,19,6.79,6,0.16,5.55,3.71,21.0,25.0,124.0,1.0,0.0,0.17,22.0,7.72,0.16,260.0,23.0,4.34,0.17,330.0,19.0,4.21,0.17,330.0,27.0,2.59,0.18,360.0,19.0,2.1,0.16,350.0,14.0,0.0,0.18,400.0,0
2025-08-11,5,1,6,4111,28,6.82,1,0.26,5.09,2.74,20.0,16.0,131.0,0.0,0.0,0.18,20.0,7.5,0.18,380.0,25.0,2.4,0.18,380.0,22.0,2.72,0.19,380.0,23.0,2.6,0.18,380.0,25.0,1.2,0.18,380.0,16.0,0.0,0.2,510.0,0
2025-08-11,5,2,4,4941,20,6.81,2,0.32,4.5,2.16,5.0,11.0,74.0,1.0,0.0,0.21,9.0,3.33,0.22,430.0,8.0,6.25,0.17,330.0,10.0,3.0,0.19,450.0,13.0,0.0,0.23,460.0,15.0,1.33,0.24,460.0,19.0,1.57,0.21,430.0,0
2025-08-11,5,3,5,5152,60,6.76,3,0.35,3.6,1.27,3.0,4.0,55.0,0.0,0.0,0.25,6.0,5.0,0.21,420.0,12.0,0.0,0.24,480.0,13.0,2.3,0.24,470.0,7.0,0.0,0.23,530.0,8.0,0.0,0.28,540.0,9.0,1.11,0.26,590.0,0
2025-08-11,5,4,1,5226,39,6.67,4,0.19,5.81,4.26,27.0,25.0,122.0,1.0,0.0,0.16,25.0,8.4,0.15,260.0,23.0,4.78,0.14,250.0,15.0,2.66,0.18,290.0,22.0,4.09,0.16,330.0,17.0,2.35,0.15,280.0,20.0,1.5,0.19,450.0,0
2025-08-11,5,5,2,5057,47,6.8,5,0.16,5.4,4.09,18.0,18.0,88.0,2.0,0.0,0.16,16.0,8.12,0.14,230.0,10.0,5.0,0.15,310.0,17.0,3.52,0.18,310.0,16.0,4.37,0.15,290.0,13.0,3.07,0.16,340.0,16.0,0.62,0.19,340.0,0
2025-08-11,5,6,3,4379,62,6.85,6,0.21,6.26,3.98,28.0,25.0,133.0,3.0,0.0,0.16,23.0,7.82,0.15,330.0,19.0,3.68,0.17,290.0,26.0,3.46,0.13,260.0,24.0,2.91,0.16,320.0,22.0,4.54,0.17,350.0,19.0,1.05,0.19,430.0,0
2025-08-11,6,1,2,4951,58,6.77,1,0.14,5.47,3.1,12.0,15.0,87.0,0.0,0.0,0.15,14.0,5.71,0.17,300.0,15.0,4.0,0.15,310.0,14.0,3.57,0.14,310.0,16.0,3.12,0.13,260.0,16.0,1.25,0.14,270.0,11.0,0.9,0.17,360.0,0
2025-08-11,6,2,3,5257,41,6.74,2,0.19,6.07,4.06,17.0,22.0,96.0,3.0,2.0,0.18,16.0,6.25,0.21,430.0,14.0,2.85,0.19,450.0,18.0,4.44,0.16,370.0,18.0,6.11,0.16,330.0,16.0,3.12,0.17,390.0,14.0,0.71,0.17,410.0,0
2025-08-11,6,3,4,3246,29,6.81,3,0.11,4.36,2.53,11.0,8.0,75.0,0.0,0.0,0.16,11.0,6.36,0.17,300.0,16.0,3.12,0.18,310.0,13.0,3.07,0.15,280.0,21.0,0.47,0.17,340.0,11.0,0.9,0.16,270.0,3.0,3.33,0.06,230.0,0
2025-08-11,6,4,6,4973,7,6.76,4,0.22,4.52,2.25,8.0,13.0,93.0,0.0,0.0,0.19,12.0,7.5,0.15,360.0,16.0,1.87,0.2,410.0,17.0,4.7,0.19,390.0,18.0,0.55,0.18,390.0,14.0,0.0,0.22,450.0,16.0,0.0,0.22,540.0,0
2025-08-11,6,5,1,4659,54,6.82,5,0.13,6.45,3.98,28.0,29.0,143.0,3.0,0.0,0.14,28.0,8.57,0.17,280.0,27.0,4.44,0.15,360.0,21.0,3.81,0.14,330.0,23.0,2.6,0.12,220.0,21.0,1.9,0.13,240.0,23.0,1.3,0.12,320.0,0
2025-08-11,6,6,5,3528,23,6.78,6,0.19,3.41,1.12,4.0,4.0,71.0,0.0,0.0,0.22,10.0,3.0,0.27,450.0,13.0,2.3,0.22,380.0,12.0,1.66,0.2,480.0,10.0,0.0,0.18,350.0,13.0,0.0,0.23,520.0,13.0,0.0,0.24,440.0,0
2025-08-11,7,1,2,4319,56,6.77,1,0.11,5.93,4.02,30.0,30.0,149.0,1.0,0.0,0.16,28.0,8.57,0.16,280.0,22.0,5.45,0.15,330.0,31.0,3.54,0.15,270.0,25.0,2.0,0.16,330.0,25.0,2.0,0.17,360.0,18.0,1.66,0.21,510.0,0
2025-08-11,7,2,3,5005,9,6.74,2,0.21,5.18,3.22,16.0,25.0,127.0,0.0,0.0,0.15,22.0,7.27,0.16,350.0,25.0,2.4,0.15,280.0,22.0,4.54,0.14,300.0,21.0,3.33,0.13,250.0,20.0,1.0,0.14,280.0,17.0,0.0,0.16,320.0,0
2025-08-11,7,3,4,5198,50,6.83,3,0.21,4.15,2.1,9.0,12.0,100.0,0.0,0.0,0.19,13.0,4.61,0.17,310.0,19.0,3.15,0.19,330.0,22.0,1.36,0.16,310.0,11.0,3.63,0.19,410.0,15.0,0.66,0.18,340.0,20.0,0.5,0.22,440.0,0
2025-08-11,7,4,5,4847,17,6.73,4,0.13,7.14,5.23,37.0,30.0,128.0,6.0,1.0,0.12,28.0,8.92,0.12,190.0,21.0,5.71,0.11,210.0,19.0,5.26,0.14,300.0,22.0,5.0,0.12,270.0,18.0,3.33,0.12,270.0,20.0,1.5,0.15,380.0,0
2025-08-11,7,5,1,5278,21,6.72,5,0.12,6.29,4.93,21.0,15.0,73.0,3.0,0.0,0.17,10.0,10.0,0.15,350.0,9.0,6.66,0.17,270.0,15.0,4.66,0.15,310.0,14.0,5.0,0.18,340.0,16.0,3.12,0.18,340.0,9.0,1.11,0.21,420.0,0
2025-08-11,7,6,6,5407,51,6.8,6,0.25,0.0,0.0,0.0,0.0,0.0,0.0,0.0,0.0,0.0,0.0,0.0,0.0,0.0,0.0,0.0,0.0,0.0,0.0,0.0,0.0,0.0,0.0,0.0,0.0,0.0,0.0,0.0,0.0,0.0,0.0,0.0,0.0,0
2025-08-12,1,1,3,5005,9,6.8,1,0.25,5.18,3.22,16.0,25.0,127.0,0.0,0.0,0.15,22.0,7.27,0.16,350.0,25.0,2.4,0.15,280.0,22.0,4.54,0.14,300.0,21.0,3.33,0.13,250.0,20.0,1.0,0.14,280.0,17.0,0.0,0.16,320.0,0
2025-08-12,1,2,1,3834,5,6.8,2,0.26,3.73,2.02,5.0,10.0,74.0,0.0,0.0,0.21,10.0,6.0,0.21,410.0,11.0,1.81,0.18,380.0,16.0,1.87,0.23,440.0,11.0,0.9,0.2,380.0,12.0,1.66,0.18,390.0,14.0,0.71,0.22,420.0,0
2025-08-12,1,3,6,5244,48,6.77,3,0.25,3.37,1.52,2.0,7.0,59.0,0.0,0.0,0.17,8.0,3.75,0.15,350.0,9.0,1.11,0.16,320.0,12.0,2.5,0.16,320.0,11.0,0.0,0.18,400.0,10.0,1.0,0.22,410.0,9.0,1.11,0.15,300.0,0
2025-08-12,1,4,5,5198,50,6.81,4,0.31,4.15,2.1,9.0,12.0,100.0,0.0,0.0,0.19,13.0,4.61,0.17,310.0,19.0,3.15,0.19,330.0,22.0,1.36,0.16,310.0,11.0,3.63,0.19,410.0,15.0,0.66,0.18,340.0,20.0,0.5,0.22,440.0,0
2025-08-12,1,5,4,5279,34,6.84,5,0.32,5.35,3.61,17.0,22.0,108.0,0.0,0.0,0.15,17.0,5.29,0.14,240.0,21.0,2.85,0.14,240.0,23.0,4.34,0.19,290.0,14.0,3.57,0.12,220.0,19.0,3.68,0.14,310.0,14.0,1.42,0.16,330.0,0
2025-08-12,1,6,2,4941,20,6.76,6,0.33,4.5,2.16,5.0,11.0,74.0,1.0,0.0,0.21,9.0,3.33,0.22,430.0,8.0,6.25,0.17,330.0,10.0,3.0,0.19,450.0,13.0,0.0,0.23,460.0,15.0,1.33,0.24,460.0,19.0,1.57,0.21,430.0,0
2025-08-12,2,1,3,5031,40,6.74,1,0.1,4.56,2.29,6.0,14.0,87.0,1.0,0.0,0.19,10.0,6.0,0.17,310.0,17.0,3.52,0.19,360.0,22.0,1.36,0.19,350.0,16.0,2.5,0.2,360.0,16.0,0.62,0.15,350.0,6.0,0.0,0.24,500.0,0
2025-08-12,2,2,4,3277,11,6.83,2,0.11,4.55,2.37,10.0,13.0,97.0,0.0,0.0,0.16,17.0,7.05,0.14,250.0,17.0,3.52,0.16,430.0,19.0,1.57,0.14,260.0,12.0,1.66,0.19,390.0,19.0,0.0,0.16,350.0,13.0,0.0,0.21,500.0,0
2025-08-12,2,3,1,4973,7,6.76,3,0.09,4.52,2.25,8.0,13.0,93.0,0.0,0.0,0.19,12.0,7.5,0.15,360.0,16.0,1.87,0.2,410.0,17.0,4.7,0.19,390.0,18.0,0.55,0.18,390.0,14.0,0.0,0.22,450.0,16.0,0.0,0.22,540.0,0
2025-08-12,2,4,2,5015,45,6.69,4,0.16,6.81,5.4,24.0,29.0,98.0,3.0,0.0,0.14,18.0,8.88,0.12,250.0,18.0,7.22,0.14,310.0,13.0,6.15,0.12,220.0,15.0,4.66,0.15,330.0,15.0,4.66,0.12,320.0,19.0,1.05,0.18,410.0,0
2025-08-12,2,5,5,3482,6,6.79,5,0.17,5.04,2.94,17.0,16.0,112.0,1.0,0.0,0.16,17.0,8.23,0.17,240.0,18.0,1.66,0.18,350.0,22.0,1.81,0.17,330.0,18.0,3.33,0.11,250.0,17.0,2.35,0.14,260.0,20.0,1.0,0.19,380.0,0
2025-08-12,2,6,6,5407,51,6.78,6,0.27,0.0,0.0,0.0,0.0,0.0,0.0,0.0,0.0,0.0,0.0,0.0,0.0,0.0,0.0,0.0,0.0,0.0,0.0,0.0,0.0,0.0,0.0,0.0,0.0,0.0,0.0,0.0,0.0,0.0,0.0,0.0,0.0,0
2025-08-12,4,1,3,4098,35,6.8,1,0.18,4.49,2.22,4.0,10.0,63.0,0.0,0.0,0.22,10.0,4.0,0.17,410.0,11.0,2.72,0.18,420.0,11.0,3.63,0.19,420.0,10.0,2.0,0.26,490.0,12.0,0.83,0.25,500.0,9.0,0.0,0.27,520.0,0
2025-08-12,4,2,1,4111,28,6.79,2,0.16,5.09,2.74,20.0,16.0,131.0,0.0,0.0,0.18,20.0,7.5,0.18,380.0,25.0,2.4,0.18,380.0,22.0,2.72,0.19,380.0,23.0,2.6,0.18,380.0,25.0,1.2,0.18,380.0,16.0,0.0,0.2,510.0,0
2025-08-12,4,3,2,4140,52,6.85,3,0.18,6.33,4.8,29.0,20.0,102.0,5.0,1.0,0.16,20.0,9.5,0.13,190.0,14.0,3.57,0.21,400.0,17.0,7.05,0.16,290.0,19.0,3.68,0.18,350.0,19.0,3.15,0.15,250.0,12.0,0.0,0.17,430.0,0
2025-08-12,4,4,6,5152,60,6.84,4,0.22,3.6,1.27,3.0,4.0,55.0,0.0,0.0,0.25,6.0,5.0,0.21,420.0,12.0,0.0,0.24,480.0,13.0,2.3,0.24,470.0,7.0,0.0,0.23,530.0,8.0,0.0,0.28,540.0,9.0,1.11,0.26,590.0,0
2025-08-12,4,5,5,5093,25,6.83,5,0.17,5.48,3.0,12.0,15.0,90.0,0.0,0.0,0.17,9.0,8.88,0.16,260.0,18.0,4.44,0.16,320.0,16.0,3.75,0.15,240.0,21.0,0.95,0.18,390.0,16.0,1.87,0.19,410.0,10.0,0.0,0.16,280.0,0
2025-08-12,4,6,4,4672,8,6.73,6,0.12,4.46,2.66,8.0,17.0,94.0,0.0,0.0,0.19,11.0,6.36,0.2,330.0,16.0,2.5,0.17,390.0,19.0,4.21,0.21,370.0,24.0,1.25,0.19,400.0,13.0,0.0,0.18,330.0,11.0,2.72,0.19,330.0,0
2025-08-12,5,1,4,3619,64,6.81,1,0.26,5.13,3.16,24.0,14.0,120.0,0.0,0.0,0.2,25.0,7.2,0.16,300.0,20.0,4.0,0.2,400.0,17.0,2.94,0.16,360.0,16.0,3.12,0.18,480.0,17.0,1.17,0.22,510.0,25.0,0.0,0.25,530.0,0
2025-08-12,5,2,2,4319,56,6.77,2,0.18,5.93,4.02,30.0,30.0,149.0,1.0,0.0,0.16,28.0,8.57,0.16,280.0,22.0,5.45,0.15,330.0,31.0,3.54,0.15,270.0,25.0,2.0,0.16,330.0,25.0,2.0,0.17,360.0,18.0,1.66,0.21,510.0,0
2025-08-12,5,3,5,4941,20,6.79,3,0.22,4.5,2.16,5.0,11.0,74.0,1.0,0.0,0.21,9.0,3.33,0.22,430.0,8.0,6.25,0.17,330.0,10.0,3.0,0.19,450.0,13.0,0.0,0.23,460.0,15.0,1.33,0.24,460.0,19.0,1.57,0.21,430.0,0
2025-08-12,5,4,3,4211,36,6.86,4,0.15,4.3,2.35,11.0,14.0,106.0,0.0,0.0,0.15,15.0,5.33,0.15,240.0,18.0,2.77,0.16,290.0,20.0,4.0,0.15,290.0,16.0,0.62,0.14,240.0,18.0,1.11,0.13,270.0,19.0,0.52,0.17,380.0,0
2025-08-12,5,5,1,4379,62,6.81,5,0.21,6.26,3.98,28.0,25.0,133.0,3.0,0.0,0.16,23.0,7.82,0.15,330.0,19.0,3.68,0.17,290.0,26.0,3.46,0.13,260.0,24.0,2.91,0.16,320.0,22.0,4.54,0.17,350.0,19.0,1.05,0.19,430.0,0
2025-08-12,5,6,6,5245,55,6.82,6,0.18,4.42,2.61,18.0,16.0,130.0,0.0,0.0,0.18,19.0,5.26,0.2,390.0,21.0,2.38,0.18,410.0,24.0,2.91,0.17,360.0,23.0,1.73,0.19,380.0,23.0,3.47,0.16,330.0,20.0,0.0,0.19,460.0,0
2025-08-12,6,1,6,5315,16,6.74,1,0.18,2.47,1.04,7.0,4.0,105.0,0.0,0.0,0.17,12.0,2.5,0.2,350.0,13.0,0.76,0.18,380.0,17.0,0.58,0.18,320.0,21.0,1.42,0.16,230.0,21.0,0.47,0.15,300.0,21.0,0.95,0.17,340.0,0
2025-08-12,6,2,5,3482,6,6.79,2,0.23,5.04,2.94,17.0,16.0,112.0,1.0,0.0,0.16,17.0,8.23,0.17,240.0,18.0,1.66,0.18,350.0,22.0,1.81,0.17,330.0,18.0,3.33,0.11,250.0,17.0,2.35,0.14,260.0,20.0,1.0,0.19,380.0,0
2025-08-12,6,3,1,4847,17,6.73,3,0.12,7.14,5.23,37.0,30.0,128.0,6.0,1.0,0.12,28.0,8.92,0.12,190.0,21.0,5.71,0.11,210.0,19.0,5.26,0.14,300.0,22.0,5.0,0.12,270.0,18.0,3.33,0.12,270.0,20.0,1.5,0.15,380.0,0
2025-08-12,6,4,2,5278,21,6.71,4,0.15,6.29,4.93,21.0,15.0,73.0,3.0,0.0,0.17,10.0,10.0,0.15,350.0,9.0,6.66,0.17,270.0,15.0,4.66,0.15,310.0,14.0,5.0,0.18,340.0,16.0,3.12,0.18,340.0,9.0,1.11,0.21,420.0,0
2025-08-12,6,5,4,3528,23,6.85,5,0.17,3.41,1.12,4.0,4.0,71.0,0.0,0.0,0.22,10.0,3.0,0.27,450.0,13.0,2.3,0.22,380.0,12.0,1.66,0.2,480.0,10.0,0.0,0.18,350.0,13.0,0.0,0.23,520.0,13.0,0.0,0.24,440.0,0
2025-08-12,6,6,3,4133,14,6.86,6,0.18,5.87,3.71,23.0,23.0,124.0,2.0,0.0,0.17,25.0,8.0,0.16,320.0,15.0,2.66,0.17,350.0,23.0,3.47,0.18,330.0,27.0,3.33,0.15,290.0,16.0,1.87,0.17,340.0,18.0,1.11,0.17,350.0,0
2025-08-12,7,1,3,5257,41,6.73,1,0.21,6.07,4.06,17.0,22.0,96.0,3.0,2.0,0.18,16.0,6.25,0.21,430.0,14.0,2.85,0.19,450.0,18.0,4.44,0.16,370.0,18.0,6.11,0.16,330.0,16.0,3.12,0.17,390.0,14.0,0.71,0.17,410.0,0
2025-08-12,7,2,6,5276,4,6.79,2,0.17,5.44,3.72,17.0,27.0,118.0,0.0,0.0,0.17,20.0,7.0,0.15,310.0,23.0,4.34,0.16,350.0,19.0,4.73,0.2,390.0,18.0,4.44,0.18,310.0,22.0,0.45,0.19,380.0,16.0,1.25,0.17,360.0,0
2025-08-12,7,3,2,5198,50,6.82,3,0.2,4.15,2.1,9.0,12.0,100.0,0.0,0.0,0.19,13.0,4.61,0.17,310.0,19.0,3.15,0.19,330.0,22.0,1.36,0.16,310.0,11.0,3.63,0.19,410.0,15.0,0.66,0.18,340.0,20.0,0.5,0.22,440.0,0
2025-08-12,7,4,1,5171,18,6.88,4,0.03,3.51,1.7,2.0,5.0,41.0,0.0,0.0,0.16,5.0,6.0,0.15,140.0,11.0,1.81,0.18,380.0,5.0,2.0,0.12,180.0,5.0,0.0,0.14,280.0,8.0,1.25,0.14,200.0,7.0,0.0,0.19,380.0,0
2025-08-12,7,5,5,4900,19,6.78,5,0.14,5.55,3.71,21.0,25.0,124.0,1.0,0.0,0.17,22.0,7.72,0.16,260.0,23.0,4.34,0.17,330.0,19.0,4.21,0.17,330.0,27.0,2.59,0.18,360.0,19.0,2.1,0.16,350.0,14.0,0.0,0.18,400.0,0
2025-08-12,7,6,4,4659,54,6.83,6,0.12,6.45,3.98,28.0,29.0,143.0,3.0,0.0,0.14,28.0,8.57,0.17,280.0,27.0,4.44,0.15,360.0,21.0,3.81,0.14,330.0,23.0,2.6,0.12,220.0,21.0,1.9,0.13,240.0,23.0,1.3,0.12,320.0,0
2025-08-12,10,1,4,4133,14,6.75,1,0.05,5.87,3.71,23.0,23.0,124.0,2.0,0.0,0.17,25.0,8.0,0.16,320.0,15.0,2.66,0.17,350.0,23.0,3.47,0.18,330.0,27.0,3.33,0.15,290.0,16.0,1.87,0.17,340.0,18.0,1.11,0.17,350.0,0
2025-08-12,10,2,3,5093,25,6.84,2,0.12,5.48,3.0,12.0,15.0,90.0,0.0,0.0,0.17,9.0,8.88,0.16,260.0,18.0,4.44,0.16,320.0,16.0,3.75,0.15,240.0,21.0,0.95,0.18,390.0,16.0,1.87,0.19,410.0,10.0,0.0,0.16,280.0,0
2025-08-12,10,3,2,5015,45,6.7,3,0.12,6.81,5.4,24.0,29.0,98.0,3.0,0.0,0.14,18.0,8.88,0.12,250.0,18.0,7.22,0.14,310.0,13.0,6.15,0.12,220.0,15.0,4.66,0.15,330.0,15.0,4.66,0.12,320.0,19.0,1.05,0.18,410.0,0
2025-08-12,10,4,6,5315,16,6.75,4,0.16,2.47,1.04,7.0,4.0,105.0,0.0,0.0,0.17,12.0,2.5,0.2,350.0,13.0,0.76,0.18,380.0,17.0,0.58,0.18,320.0,21.0,1.42,0.16,230.0,21.0,0.47,0.15,300.0,21.0,0.95,0.17,340.0,0
2025-08-12,10,5,1,5005,9,6.73,5,0.15,5.18,3.22,16.0,25.0,127.0,0.0,0.0,0.15,22.0,7.27,0.16,350.0,25.0,2.4,0.15,280.0,22.0,4.54,0.14,300.0,21.0,3.33,0.13,250.0,20.0,1.0,0.14,280.0,17.0,0.0,0.16,320.0,0
2025-08-12,10,6,5,5257,41,6.79,6,0.18,6.07,4.06,17.0,22.0,96.0,3.0,2.0,0.18,16.0,6.25,0.21,430.0,14.0,2.85,0.19,450.0,18.0,4.44,0.16,370.0,18.0,6.11,0.16,330.0,16.0,3.12,0.17,390.0,14.0,0.71,0.17,410.0,0
2025-08-12,12,1,5,4211,36,6.83,1,0.12,4.3,2.35,11.0,14.0,106.0,0.0,0.0,0.15,15.0,5.33,0.15,240.0,18.0,2.77,0.16,290.0,20.0,4.0,0.15,290.0,16.0,0.62,0.14,240.0,18.0,1.11,0.13,270.0,19.0,0.52,0.17,380.0,0
2025-08-12,12,2,4,4900,19,6.74,2,0.14,5.55,3.71,21.0,25.0,124.0,1.0,0.0,0.17,22.0,7.72,0.16,260.0,23.0,4.34,0.17,330.0,19.0,4.21,0.17,330.0,27.0,2.59,0.18,360.0,19.0,2.1,0.16,350.0,14.0,0.0,0.18,400.0,0
2025-08-12,12,3,1,5278,21,6.84,3,0.08,6.29,4.93,21.0,15.0,73.0,3.0,0.0,0.17,10.0,10.0,0.15,350.0,9.0,6.66,0.17,270.0,15.0,4.66,0.15,310.0,14.0,5.0,0.18,340.0,16.0,3.12,0.18,340.0,9.0,1.11,0.21,420.0,0
2025-08-12,12,4,3,5226,39,6.74,4,0.11,5.81,4.26,27.0,25.0,122.0,1.0,0.0,0.16,25.0,8.4,0.15,260.0,23.0,4.78,0.14,250.0,15.0,2.66,0.18,290.0,22.0,4.09,0.16,330.0,17.0,2.35,0.15,280.0,20.0,1.5,0.19,450.0,0
2025-08-12,12,5,2,4951,58,6.86,5,0.07,5.47,3.1,12.0,15.0,87.0,0.0,0.0,0.15,14.0,5.71,0.17,300.0,15.0,4.0,0.15,310.0,14.0,3.57,0.14,310.0,16.0,3.12,0.13,260.0,16.0,1.25,0.14,270.0,11.0,0.9,0.17,360.0,0
2025-08-12,12,6,6,5057,47,6.79,6,0.16,5.4,4.09,18.0,18.0,88.0,2.0,0.0,0.16,16.0,8.12,0.14,230.0,10.0,5.0,0.15,310.0,17.0,3.52,0.18,310.0,16.0,4.37,0.15,290.0,13.0,3.07,0.16,340.0,16.0,0.62,0.19,340.0,0
2025-08-13,1,1,2,5152,60,6.76,1,0.16,3.6,1.27,3.0,4.0,55.0,0.0,0.0,0.25,6.0,5.0,0.21,420.0,12.0,0.0,0.24,480.0,13.0,2.3,0.24,470.0,7.0,0.0,0.23,530.0,8.0,0.0,0.28,540.0,9.0,1.11,0.26,590.0,0
2025-08-13,1,2,6,3246,29,6.74,2,0.12,4.36,2.53,11.0,8.0,75.0,0.0,0.0,0.16,11.0,6.36,0.17,300.0,16.0,3.12,0.18,310.0,13.0,3.07,0.15,280.0,21.0,0.47,0.17,340.0,11.0,0.9,0.16,270.0,3.0,3.33,0.06,230.0,0
2025-08-13,1,3,3,3277,11,6.81,3,0.12,4.55,2.37,10.0,13.0,97.0,0.0,0.0,0.16,17.0,7.05,0.14,250.0,17.0,3.52,0.16,430.0,19.0,1.57,0.14,260.0,12.0,1.66,0.19,390.0,19.0,0.0,0.16,350.0,13.0,0.0,0.21,500.0,0
2025-08-13,1,4,1,4672,8,6.78,4,0.14,4.46,2.66,8.0,17.0,94.0,0.0,0.0,0.19,11.0,6.36,0.2,330.0,16.0,2.5,0.17,390.0,19.0,4.21,0.21,370.0,24.0,1.25,0.19,400.0,13.0,0.0,0.18,330.0,11.0,2.72,0.19,330.0,0
2025-08-13,1,5,4,3569,61,6.81,5,0.14,4.35,2.22,13.0,13.0,117.0,1.0,0.0,0.19,16.0,6.25,0.17,290.0,21.0,2.85,0.18,380.0,24.0,2.08,0.19,330.0,19.0,1.57,0.18,390.0,18.0,0.55,0.18,410.0,19.0,0.52,0.23,580.0,0
2025-08-13,1,6,5,5407,51,6.79,6,0.11,0.0,0.0,0.0,0.0,0.0,0.0,0.0,0.0,0.0,0.0,0.0,0.0,0.0,0.0,0.0,0.0,0.0,0.0,0.0,0.0,0.0,0.0,0.0,0.0,0.0,0.0,0.0,0.0,0.0,0.0,0.0,0.0,0
2025-08-13,2,1,2,4941,20,6.73,1,0.19,4.5,2.16,5.0,11.0,74.0,1.0,0.0,0.21,9.0,3.33,0.22,430.0,8.0,6.25,0.17,330.0,10.0,3.0,0.19,450.0,13.0,0.0,0.23,460.0,15.0,1.33,0.24,460.0,19.0,1.57,0.21,430.0,0
2025-08-13,2,2,5,5279,34,6.71,2,0.16,5.35,3.61,17.0,22.0,108.0,0.0,0.0,0.15,17.0,5.29,0.14,240.0,21.0,2.85,0.14,240.0,23.0,4.34,0.19,290.0,14.0,3.57,0.12,220.0,19.0,3.68,0.14,310.0,14.0,1.42,0.16,330.0,0
2025-08-13,2,3,3,3482,6,6.73,3,0.14,5.04,2.94,17.0,16.0,112.0,1.0,0.0,0.16,17.0,8.23,0.17,240.0,18.0,1.66,0.18,350.0,22.0,1.81,0.17,330.0,18.0,3.33,0.11,250.0,17.0,2.35,0.14,260.0,20.0,1.0,0.19,380.0,0
2025-08-13,2,4,1,4951,58,6.77,4,0.11,5.47,3.1,12.0,15.0,87.0,0.0,0.0,0.15,14.0,5.71,0.17,300.0,15.0,4.0,0.15,310.0,14.0,3.57,0.14,310.0,16.0,3.12,0.13,260.0,16.0,1.25,0.14,270.0,11.0,0.9,0.17,360.0,0
2025-08-13,2,5,6,5171,18,6.85,5,0.2,3.51,1.7,2.0,5.0,41.0,0.0,0.0,0.16,5.0,6.0,0.15,140.0,11.0,1.81,0.18,380.0,5.0,2.0,0.12,180.0,5.0,0.0,0.14,280.0,8.0,1.25,0.14,200.0,7.0,0.0,0.19,380.0,0
2025-08-13,2,6,4,4694,49,6.74,6,0.19,4.5,2.63,12.0,7.0,72.0,0.0,0.0,0.18,11.0,3.63,0.17,270.0,10.0,4.0,0.16,330.0,11.0,3.63,0.17,330.0,13.0,3.07,0.19,320.0,14.0,1.42,0.18,290.0,13.0,0.76,0.22,370.0,0
2025-08-13,7,1,2,4319,56,6.67,1,0.13,5.93,4.02,30.0,30.0,149.0,1.0,0.0,0.16,28.0,8.57,0.16,280.0,22.0,5.45,0.15,330.0,31.0,3.54,0.15,270.0,25.0,2.0,0.16,330.0,25.0,2.0,0.17,360.0,18.0,1.66,0.21,510.0,0
2025-08-13,7,2,5,5171,18,6.79,2,0.13,3.51,1.7,2.0,5.0,41.0,0.0,0.0,0.16,5.0,6.0,0.15,140.0,11.0,1.81,0.18,380.0,5.0,2.0,0.12,180.0,5.0,0.0,0.14,280.0,8.0,1.25,0.14,200.0,7.0,0.0,0.19,380.0,0
2025-08-13,7,3,1,4951,58,6.77,3,0.11,5.47,3.1,12.0,15.0,87.0,0.0,0.0,0.15,14.0,5.71,0.17,300.0,15.0,4.0,0.15,310.0,14.0,3.57,0.14,310.0,16.0,3.12,0.13,260.0,16.0,1.25,0.14,270.0,11.0,0.9,0.17,360.0,0
2025-08-13,7,4,6,3569,61,6.8,4,0.18,4.35,2.22,13.0,13.0,117.0,1.0,0.0,0.19,16.0,6.25,0.17,290.0,21.0,2.85,0.18,380.0,24.0,2.08,0.19,330.0,19.0,1.57,0.18,390.0,18.0,0.55,0.18,410.0,19.0,0.52,0.23,580.0,0
2025-08-13,7,5,3,5276,4,6.79,5,0.16,5.44,3.72,17.0,27.0,118.0,0.0,0.0,0.17,20.0,7.0,0.15,310.0,23.0,4.34,0.16,350.0,19.0,4.73,0.2,390.0,18.0,4.44,0.18,310.0,22.0,0.45,0.19,380.0,16.0,1.25,0.17,360.0,0
2025-08-13,7,6,4,4379,62,6.79,6,0.19,6.26,3.98,28.0,25.0,133.0,3.0,0.0,0.16,23.0,7.82,0.15,330.0,19.0,3.68,0.17,290.0,26.0,3.46,0.13,260.0,24.0,2.91,0.16,320.0,22.0,4.54,0.17,350.0,19.0,1.05,0.19,430.0,0
2025-08-13,9,1,3,4672,8,6.82,1,0.17,4.46,2.66,8.0,17.0,94.0,0.0,0.0,0.19,11.0,6.36,0.2,330.0,16.0,2.5,0.17,390.0,19.0,4.21,0.21,370.0,24.0,1.25,0.19,400.0,13.0,0.0,0.18,330.0,11.0,2.72,0.19,330.0,0
2025-08-13,9,2,6,3528,23,6.81,2,0.13,3.41,1.12,4.0,4.0,71.0,0.0,0.0,0.22,10.0,3.0,0.27,450.0,13.0,2.3,0.22,380.0,12.0,1.66,0.2,480.0,10.0,0.0,0.18,350.0,13.0,0.0,0.23,520.0,13.0,0.0,0.24,440.0,0
2025-08-13,9,3,1,5226,39,6.68,3,0.11,5.81,4.26,27.0,25.0,122.0,1.0,0.0,0.16,25.0,8.4,0.15,260.0,23.0,4.78,0.14,250.0,15.0,2.66,0.18,290.0,22.0,4.09,0.16,330.0,17.0,2.35,0.15,280.0,20.0,1.5,0.19,450.0,0
2025-08-13,9,4,4,3432,13,6.72,4,0.19,5.03,3.0,15.0,21.0,120.0,0.0,0.0,0.18,20.0,7.0,0.18,310.0,16.0,5.0,0.15,270.0,26.0,2.3,0.17,330.0,25.0,2.4,0.19,370.0,16.0,1.25,0.19,340.0,17.0,0.0,0.21,480.0,0
2025-08-13,9,5,5,4111,28,6.77,5,0.21,5.09,2.74,20.0,16.0,131.0,0.0,0.0,0.18,20.0,7.5,0.18,380.0,25.0,2.4,0.18,380.0,22.0,2.72,0.19,380.0,23.0,2.6,0.18,380.0,25.0,1.2,0.18,380.0,16.0,0.0,0.2,510.0,0
2025-08-13,9,6,2,5278,21,6.71,6,0.15,6.29,4.93,21.0,15.0,73.0,3.0,0.0,0.17,10.0,10.0,0.15,350.0,9.0,6.66,0.17,270.0,15.0,4.66,0.15,310.0,14.0,5.0,0.18,340.0,16.0,3.12,0.18,340.0,9.0,1.11,0.21,420.0,0
2025-08-17,4,1,2,4894,25,6.95,1,0.22,4.8,2.6,8.0,18.0,100.0,0.0,0.0,0.18,13.0,6.92,0.17,380.0,16.0,1.25,0.2,420.0,21.0,3.33,0.17,400.0,14.0,2.85,0.19,390.0,22.0,1.81,0.18,360.0,14.0,0.0,0.18,470.0,0
2025-08-17,4,2,5,4437,60,6.89,2,0.14,6.28,5.0,41.0,18.0,118.0,4.0,2.0,0.15,29.0,9.65,0.14,230.0,19.0,5.26,0.15,340.0,19.0,4.21,0.17,290.0,16.0,5.0,0.17,330.0,18.0,2.77,0.15,340.0,15.0,0.0,0.16,460.0,0
2025-08-17,4,3,1,4583,62,6.93,3,0.11,5.49,3.46,18.0,18.0,104.0,0.0,0.0,0.16,16.0,8.75,0.15,230.0,15.0,4.0,0.14,310.0,23.0,4.34,0.14,250.0,18.0,1.66,0.16,250.0,19.0,1.57,0.18,330.0,13.0,0.0,0.21,460.0,0
2025-08-17,4,4,4,5173,49,6.94,4,0.14,4.3,2.95,10.0,8.0,61.0,0.0,0.0,0.17,7.0,8.57,0.14,190.0,13.0,4.61,0.19,380.0,7.0,2.85,0.19,270.0,12.0,1.66,0.16,280.0,11.0,1.81,0.14,270.0,11.0,0.0,0.18,340.0,0
2025-08-17,4,5,3,5352,31,6.96,6,0.21,2.94,0.43,0.0,3.0,69.0,0.0,0.0,0.18,0.0,0.0,0.0,0.0,0.0,0.0,0.0,0.0,0.0,0.0,0.0,0.0,3.0,0.0,0.15,230.0,3.0,0.0,0.17,300.0,63.0,0.47,0.18,410.0,0
2025-08-17,4,6,6,3541,43,6.93,5,0.16,6.56,4.8,29.0,34.0,131.0,5.0,0.0,0.14,24.0,8.33,0.14,280.0,17.0,7.64,0.13,240.0,21.0,2.85,0.15,350.0,27.0,5.55,0.14,260.0,21.0,1.9,0.13,270.0,21.0,2.38,0.16,320.0,0
2025-08-17,9,1,2,4450,57,6.92,1,0.17,7.29,5.58,45.0,32.0,138.0,8.0,3.0,0.15,33.0,8.78,0.14,260.0,25.0,6.0,0.15,250.0,18.0,5.55,0.16,320.0,26.0,4.61,0.17,300.0,19.0,5.26,0.13,200.0,17.0,0.58,0.16,320.0,0
2025-08-17,9,2,1,4823,46,6.94,2,0.16,5.25,3.52,8.0,10.0,51.0,2.0,0.0,0.15,11.0,8.18,0.17,240.0,5.0,4.0,0.11,280.0,9.0,5.55,0.14,210.0,7.0,1.42,0.19,310.0,8.0,1.25,0.11,200.0,11.0,0.0,0.14,350.0,0
2025-08-17,9,3,4,5218,6,6.86,3,0.16,5.77,3.51,27.0,24.0,145.0,0.0,0.0,0.15,23.0,8.26,0.15,220.0,24.0,3.33,0.15,310.0,29.0,3.79,0.12,240.0,26.0,1.53,0.16,280.0,26.0,3.07,0.14,260.0,17.0,0.58,0.18,430.0,0
2025-08-17,9,4,5,5241,27,6.93,4,0.12,5.06,2.95,20.0,19.0,132.0,0.0,0.0,0.16,21.0,7.61,0.14,270.0,19.0,4.21,0.17,250.0,26.0,2.3,0.18,350.0,22.0,2.27,0.15,360.0,20.0,1.5,0.14,260.0,24.0,0.41,0.16,280.0,0
2025-08-17,9,5,6,5265,41,6.91,5,0.18,3.13,1.03,4.0,9.0,126.0,0.0,0.0,0.16,15.0,3.33,0.17,300.0,22.0,1.36,0.18,340.0,24.0,1.66,0.14,300.0,22.0,0.45,0.18,360.0,23.0,0.0,0.16,370.0,20.0,0.0,0.14,310.0,0
2025-08-17,9,6,3,5173,49,6.98,6,0.27,4.3,2.95,10.0,8.0,61.0,0.0,0.0,0.17,7.0,8.57,0.14,190.0,13.0,4.61,0.19,380.0,7.0,2.85,0.19,270.0,12.0,1.66,0.16,280.0,11.0,1.81,0.14,270.0,11.0,0.0,0.18,340.0,0
2025-08-18,3,1,4,4511,36,6.91,1,0.11,3.17,1.22,2.0,3.0,41.0,0.0,0.0,0.19,4.0,2.5,0.16,340.0,7.0,2.85,0.16,330.0,6.0,1.66,0.19,380.0,6.0,0.0,0.18,380.0,11.0,0.9,0.2,410.0,7.0,0.0,0.22,460.0,0
2025-08-18,3,2,2,3478,1,6.98,2,0.14,4.85,2.27,12.0,11.0,101.0,0.0,0.0,0.17,14.0,5.71,0.13,310.0,20.0,1.5,0.15,350.0,21.0,2.85,0.18,350.0,16.0,1.87,0.19,380.0,19.0,1.05,0.18,370.0,11.0,0.9,0.22,430.0,0
2025-08-18,3,3,1,3568,16,6.89,3,0.16,4.25,2.46,10.0,8.0,73.0,0.0,0.0,0.18,10.0,7.0,0.16,370.0,15.0,2.0,0.18,460.0,18.0,3.33,0.21,370.0,13.0,0.76,0.2,420.0,10.0,1.0,0.16,360.0,7.0,0.0,0.14,400.0,0
2025-08-18,3,4,6,5298,20,6.93,4,0.16,4.83,2.92,9.0,10.0,65.0,0.0,0.0,0.17,10.0,8.0,0.18,430.0,12.0,1.66,0.17,340.0,10.0,4.0,0.19,380.0,10.0,1.0,0.21,330.0,8.0,3.75,0.14,230.0,15.0,0.66,0.14,310.0,0
2025-08-18,3,5,5,4931,7,6.98,5,0.17,5.63,3.12,24.0,20.0,141.0,2.0,0.0,0.16,28.0,7.85,0.13,240.0,22.0,4.09,0.16,300.0,20.0,4.0,0.15,320.0,30.0,1.0,0.18,390.0,16.0,0.62,0.16,390.0,25.0,0.4,0.18,490.0,0
2025-08-18,3,6,3,5224,53,6.98,6,0.23,6.59,4.49,27.0,35.0,138.0,3.0,0.0,0.16,31.0,7.74,0.17,280.0,24.0,5.0,0.13,280.0,23.0,3.91,0.14,300.0,18.0,2.77,0.18,370.0,19.0,4.21,0.15,270.0,23.0,1.73,0.21,430.0,0
2025-08-18,4,1,3,5037,21,6.88,1,0.19,5.37,3.47,24.0,16.0,115.0,1.0,0.0,0.19,21.0,7.14,0.18,370.0,19.0,5.78,0.17,310.0,19.0,2.63,0.18,420.0,18.0,3.88,0.2,390.0,14.0,0.71,0.17,360.0,24.0,0.41,0.22,490.0,0
2025-08-18,4,2,5,4020,11,6.92,2,0.24,4.43,2.45,13.0,13.0,106.0,0.0,0.0,0.17,16.0,7.5,0.12,240.0,20.0,2.0,0.19,400.0,18.0,1.66,0.19,390.0,16.0,1.87,0.18,340.0,21.0,1.42,0.16,280.0,15.0,0.66,0.19,390.0,0
2025-08-18,4,3,4,4324,55,6.85,3,0.16,6.92,4.92,37.0,29.0,134.0,7.0,1.0,0.14,30.0,9.66,0.13,190.0,25.0,5.2,0.12,290.0,28.0,3.92,0.15,320.0,22.0,3.63,0.15,310.0,22.0,1.81,0.17,300.0,7.0,1.42,0.11,360.0,0
2025-08-18,4,4,6,5265,41,6.88,4,0.15,3.13,1.03,4.0,9.0,126.0,0.0,0.0,0.16,15.0,3.33,0.17,300.0,22.0,1.36,0.18,340.0,24.0,1.66,0.14,300.0,22.0,0.45,0.18,360.0,23.0,0.0,0.16,370.0,20.0,0.0,0.14,310.0,0
2025-08-18,4,5,1,4821,15,6.95,6,0.18,5.06,3.14,12.0,22.0,108.0,1.0,0.0,0.19,11.0,3.63,0.21,490.0,21.0,4.76,0.22,500.0,18.0,2.22,0.2,470.0,22.0,2.72,0.2,410.0,22.0,3.18,0.17,350.0,14.0,2.14,0.16,360.0,0
2025-08-18,4,6,2,3908,39,6.93,5,0.14,6.76,5.19,37.0,44.0,156.0,6.0,0.0,0.14,33.0,8.18,0.14,300.0,28.0,4.64,0.15,330.0,27.0,6.29,0.12,270.0,17.0,4.11,0.14,260.0,24.0,3.75,0.15,320.0,27.0,2.96,0.15,310.0,0
2025-08-19,3,1,6,4010,14,6.92,1,0.25,3.7,1.33,0.0,4.0,30.0,0.0,0.0,0.19,5.0,2.0,0.21,460.0,4.0,2.5,0.14,300.0,6.0,1.66,0.15,370.0,6.0,1.66,0.25,520.0,4.0,0.0,0.17,380.0,5.0,0.0,0.22,480.0,0
2025-08-19,3,2,5,5173,49,6.88,2,0.17,4.3,2.95,10.0,8.0,61.0,0.0,0.0,0.17,7.0,8.57,0.14,190.0,13.0,4.61,0.19,380.0,7.0,2.85,0.19,270.0,12.0,1.66,0.16,280.0,11.0,1.81,0.14,270.0,11.0,0.0,0.18,340.0,0
2025-08-19,3,3,2,4931,7,6.84,3,0.12,5.63,3.12,24.0,20.0,141.0,2.0,0.0,0.16,28.0,7.85,0.13,240.0,22.0,4.09,0.16,300.0,20.0,4.0,0.15,320.0,30.0,1.0,0.18,390.0,16.0,0.62,0.16,390.0,25.0,0.4,0.18,490.0,0
2025-08-19,3,4,1,3849,18,6.85,4,0.05,6.67,5.43,26.0,30.0,103.0,6.0,1.0,0.14,20.0,9.5,0.13,230.0,17.0,6.47,0.15,320.0,23.0,3.47,0.16,270.0,24.0,4.16,0.13,200.0,14.0,5.0,0.13,250.0,5.0,2.0,0.17,360.0,0
2025-08-19,3,5,3,3442,58,6.94,5,0.1,5.25,3.23,13.0,20.0,102.0,0.0,0.0,0.17,20.0,7.5,0.17,290.0,16.0,5.62,0.17,310.0,22.0,0.9,0.16,340.0,16.0,3.12,0.14,280.0,13.0,1.53,0.16,320.0,15.0,0.0,0.19,430.0,0
2025-08-19,3,6,4,5326,4,6.82,6,0.15,2.49,0.29,1.0,1.0,69.0,0.0,0.0,0.2,0.0,0.0,0.0,0.0,0.0,0.0,0.0,0.0,1.0,0.0,0.2,400.0,18.0,0.0,0.2,410.0,17.0,1.17,0.18,420.0,33.0,0.0,0.21,440.0,0
2025-08-19,4,1,5,3701,10,6.95,1,0.21,3.78,1.68,6.0,11.0,101.0,0.0,0.0,0.16,13.0,5.38,0.11,170.0,20.0,1.0,0.19,360.0,17.0,1.17,0.17,290.0,15.0,2.66,0.14,250.0,23.0,0.87,0.15,270.0,13.0,0.0,0.15,270.0,0
2025-08-19,4,2,6,3910,51,6.89,2,0.24,4.46,2.41,12.0,16.0,116.0,0.0,0.0,0.17,15.0,4.66,0.15,290.0,20.0,3.0,0.14,350.0,21.0,3.81,0.13,220.0,26.0,1.15,0.17,320.0,19.0,1.57,0.2,370.0,15.0,0.66,0.23,450.0,0
2025-08-19,4,3,1,4643,45,6.84,3,0.14,6.59,5.12,34.0,29.0,123.0,5.0,1.0,0.15,25.0,8.8,0.12,200.0,18.0,8.33,0.15,260.0,18.0,4.44,0.16,280.0,24.0,3.33,0.14,250.0,22.0,3.18,0.17,330.0,16.0,1.87,0.18,460.0,0
2025-08-19,4,4,4,4020,11,6.91,6,0.21,4.43,2.45,13.0,13.0,106.0,0.0,0.0,0.17,16.0,7.5,0.12,240.0,20.0,2.0,0.19,400.0,18.0,1.66,0.19,390.0,16.0,1.87,0.18,340.0,21.0,1.42,0.16,280.0,15.0,0.66,0.19,390.0,0
2025-08-19,4,5,3,5218,6,6.86,4,0.15,5.77,3.51,27.0,24.0,145.0,0.0,0.0,0.15,23.0,8.26,0.15,220.0,24.0,3.33,0.15,310.0,29.0,3.79,0.12,240.0,26.0,1.53,0.16,280.0,26.0,3.07,0.14,260.0,17.0,0.58,0.18,430.0,0
2025-08-19,4,6,2,4529,65,6.9,5,0.19,5.51,3.81,18.0,19.0,97.0,1.0,0.0,0.14,17.0,7.64,0.12,230.0,16.0,3.12,0.13,300.0,18.0,5.55,0.14,260.0,15.0,4.0,0.13,270.0,17.0,1.76,0.14,290.0,14.0,0.0,0.2,480.0,0
2025-08-19,5,1,4,4823,46,6.86,1,0.12,5.25,3.52,8.0,10.0,51.0,2.0,0.0,0.15,11.0,8.18,0.17,240.0,5.0,4.0,0.11,280.0,9.0,5.55,0.14,210.0,7.0,1.42,0.19,310.0,8.0,1.25,0.11,200.0,11.0,0.0,0.14,350.0,0
2025-08-19,5,2,3,3568,16,6.9,2,0.17,4.25,2.46,10.0,8.0,73.0,0.0,0.0,0.18,10.0,7.0,0.16,370.0,15.0,2.0,0.18,460.0,18.0,3.33,0.21,370.0,13.0,0.76,0.2,420.0,10.0,1.0,0.16,360.0,7.0,0.0,0.14,400.0,0
2025-08-19,5,3,5,4452,66,6.98,3,0.08,5.53,3.57,14.0,20.0,95.0,3.0,0.0,0.17,16.0,8.12,0.16,290.0,18.0,3.88,0.18,360.0,13.0,2.3,0.16,250.0,17.0,3.52,0.17,390.0,14.0,2.14,0.19,460.0,17.0,1.17,0.17,380.0,0
2025-08-19,5,4,6,3401,59,6.91,4,0.18,4.66,2.71,15.0,14.0,107.0,0.0,0.0,0.19,16.0,5.0,0.14,250.0,19.0,5.78,0.18,390.0,17.0,3.52,0.17,310.0,21.0,1.9,0.22,430.0,12.0,0.0,0.21,430.0,22.0,0.0,0.21,500.0,0
2025-08-19,5,5,1,4772,61,6.92,5,0.09,6.66,5.15,32.0,18.0,97.0,5.0,1.0,0.11,22.0,9.09,0.1,150.0,17.0,5.29,0.14,290.0,10.0,3.0,0.1,190.0,17.0,5.29,0.08,190.0,12.0,4.16,0.12,230.0,19.0,2.1,0.14,290.0,0
2025-08-19,5,6,2,4459,40,6.83,6,0.12,6.64,3.94,29.0,25.0,137.0,4.0,1.0,0.12,26.0,10.0,0.11,250.0,19.0,3.68,0.15,360.0,23.0,2.6,0.11,230.0,27.0,4.07,0.11,200.0,22.0,1.36,0.1,210.0,20.0,0.5,0.12,280.0,0
2025-08-19,6,1,2,4583,62,6.88,1,0.04,5.49,3.46,18.0,18.0,104.0,0.0,0.0,0.16,16.0,8.75,0.15,230.0,15.0,4.0,0.14,310.0,23.0,4.34,0.14,250.0,18.0,1.66,0.16,250.0,19.0,1.57,0.18,330.0,13.0,0.0,0.21,460.0,0
2025-08-19,6,2,5,4450,57,6.82,2,0.08,7.29,5.58,45.0,32.0,138.0,8.0,3.0,0.15,33.0,8.78,0.14,260.0,25.0,6.0,0.15,250.0,18.0,5.55,0.16,320.0,26.0,4.61,0.17,300.0,19.0,5.26,0.13,200.0,17.0,0.58,0.16,320.0,0
2025-08-19,6,3,4,5291,37,6.92,3,0.08,2.07,0.37,1.0,3.0,107.0,0.0,0.0,0.23,0.0,0.0,0.0,0.0,0.0,0.0,0.0,0.0,0.0,0.0,0.0,0.0,22.0,0.9,0.23,470.0,40.0,0.5,0.21,440.0,45.0,0.0,0.25,530.0,0
2025-08-19,6,4,3,4030,29,6.81,4,0.07,6.67,4.2,23.0,30.0,126.0,4.0,1.0,0.15,25.0,8.0,0.14,310.0,20.0,4.0,0.13,390.0,22.0,3.18,0.15,350.0,19.0,4.21,0.15,340.0,21.0,3.33,0.15,360.0,19.0,1.57,0.18,430.0,0
2025-08-19,6,5,1,5241,27,6.86,5,0.02,5.06,2.95,20.0,19.0,132.0,0.0,0.0,0.16,21.0,7.61,0.14,270.0,19.0,4.21,0.17,250.0,26.0,2.3,0.18,350.0,22.0,2.27,0.15,360.0,20.0,1.5,0.14,260.0,24.0,0.41,0.16,280.0,0
2025-08-19,6,6,6,3578,13,6.93,6,0.09,4.48,2.7,11.0,19.0,111.0,0.0,0.0,0.18,19.0,5.78,0.18,360.0,20.0,3.5,0.16,330.0,18.0,2.77,0.17,340.0,18.0,1.66,0.2,320.0,16.0,1.87,0.19,410.0,20.0,0.5,0.17,370.0,0
2025-08-19,7,1,4,5257,56,6.93,1,0.13,6.07,4.06,17.0,22.0,96.0,3.0,2.0,0.18,16.0,6.25,0.21,430.0,14.0,2.85,0.19,450.0,18.0,4.44,0.16,370.0,18.0,6.11,0.16,330.0,16.0,3.12,0.17,390.0,14.0,0.71,0.17,410.0,0
2025-08-19,7,2,2,3908,39,7.03,2,0.16,6.76,5.19,37.0,44.0,156.0,6.0,0.0,0.14,33.0,8.18,0.14,300.0,28.0,4.64,0.15,330.0,27.0,6.29,0.12,270.0,17.0,4.11,0.14,260.0,24.0,3.75,0.15,320.0,27.0,2.96,0.15,310.0,0
2025-08-19,7,3,3,4821,15,7.03,3,0.18,5.06,3.14,12.0,22.0,108.0,1.0,0.0,0.19,11.0,3.63,0.21,490.0,21.0,4.76,0.22,500.0,18.0,2.22,0.2,470.0,22.0,2.72,0.2,410.0,22.0,3.18,0.17,350.0,14.0,2.14,0.16,360.0,0
2025-08-19,7,4,5,3832,9,6.99,4,0.17,4.4,2.29,9.0,16.0,109.0,0.0,0.0,0.17,15.0,6.0,0.11,290.0,24.0,1.66,0.19,370.0,19.0,2.63,0.15,320.0,16.0,1.87,0.2,380.0,20.0,1.0,0.16,390.0,15.0,1.33,0.21,470.0,0
2025-08-19,7,5,6,5326,4,6.89,6,0.08,2.49,0.29,1.0,1.0,69.0,0.0,0.0,0.2,0.0,0.0,0.0,0.0,0.0,0.0,0.0,0.0,1.0,0.0,0.2,400.0,18.0,0.0,0.2,410.0,17.0,1.17,0.18,420.0,33.0,0.0,0.21,440.0,0
2025-08-19,7,6,1,4739,52,6.86,5,0.07,6.29,3.92,28.0,21.0,125.0,6.0,0.0,0.15,22.0,7.72,0.16,280.0,20.0,6.5,0.15,300.0,24.0,4.16,0.12,250.0,22.0,2.27,0.13,300.0,21.0,1.9,0.15,380.0,16.0,0.0,0.18,380.0,0
2025-08-19,12,1,3,3908,39,6.91,1,0.08,6.76,5.19,37.0,44.0,156.0,6.0,0.0,0.14,33.0,8.18,0.14,300.0,28.0,4.64,0.15,330.0,27.0,6.29,0.12,270.0,17.0,4.11,0.14,260.0,24.0,3.75,0.15,320.0,27.0,2.96,0.15,310.0,0
2025-08-19,12,2,2,5218,6,6.93,2,0.15,5.77,3.51,27.0,24.0,145.0,0.0,0.0,0.15,23.0,8.26,0.15,220.0,24.0,3.33,0.15,310.0,29.0,3.79,0.12,240.0,26.0,1.53,0.16,280.0,26.0,3.07,0.14,260.0,17.0,0.58,0.18,430.0,0
2025-08-19,12,3,1,4772,61,6.92,5,0.09,6.66,5.15,32.0,18.0,97.0,5.0,1.0,0.11,22.0,9.09,0.1,150.0,17.0,5.29,0.14,290.0,10.0,3.0,0.1,190.0,17.0,5.29,0.08,190.0,12.0,4.16,0.12,230.0,19.0,2.1,0.14,290.0,0
2025-08-19,12,4,4,4437,60,6.98,6,0.17,6.28,5.0,41.0,18.0,118.0,4.0,2.0,0.15,29.0,9.65,0.14,230.0,19.0,5.26,0.15,340.0,19.0,4.21,0.17,290.0,16.0,5.0,0.17,330.0,18.0,2.77,0.15,340.0,15.0,0.0,0.16,460.0,0
2025-08-19,12,5,5,4583,62,6.95,3,0.19,5.49,3.46,18.0,18.0,104.0,0.0,0.0,0.16,16.0,8.75,0.15,230.0,15.0,4.0,0.14,310.0,23.0,4.34,0.14,250.0,18.0,1.66,0.16,250.0,19.0,1.57,0.18,330.0,13.0,0.0,0.21,460.0,0
2025-08-19,12,6,6,3849,18,6.99,4,0.2,6.67,5.43,26.0,30.0,103.0,6.0,1.0,0.14,20.0,9.5,0.13,230.0,17.0,6.47,0.15,320.0,23.0,3.47,0.16,270.0,24.0,4.16,0.13,200.0,14.0,5.0,0.13,250.0,5.0,2.0,0.17,360.0,0
2025-08-20,4,1,6,4020,11,6.88,1,0.23,4.43,2.45,13.0,13.0,106.0,0.0,0.0,0.17,16.0,7.5,0.12,240.0,20.0,2.0,0.19,400.0,18.0,1.66,0.19,390.0,16.0,1.87,0.18,340.0,21.0,1.42,0.16,280.0,15.0,0.66,0.19,390.0,0
2025-08-20,4,2,4,4894,25,6.91,2,0.17,4.8,2.6,8.0,18.0,100.0,0.0,0.0,0.18,13.0,6.92,0.17,380.0,16.0,1.25,0.2,420.0,21.0,3.33,0.17,400.0,14.0,2.85,0.19,390.0,22.0,1.81,0.18,360.0,14.0,0.0,0.18,470.0,0
2025-08-20,4,3,1,3849,18,6.91,3,0.09,6.67,5.43,26.0,30.0,103.0,6.0,1.0,0.14,20.0,9.5,0.13,230.0,17.0,6.47,0.15,320.0,23.0,3.47,0.16,270.0,24.0,4.16,0.13,200.0,14.0,5.0,0.13,250.0,5.0,2.0,0.17,360.0,0
2025-08-20,4,4,5,3478,1,7.01,4,0.14,4.85,2.27,12.0,11.0,101.0,0.0,0.0,0.17,14.0,5.71,0.13,310.0,20.0,1.5,0.15,350.0,21.0,2.85,0.18,350.0,16.0,1.87,0.19,380.0,19.0,1.05,0.18,370.0,11.0,0.9,0.22,430.0,0
2025-08-20,4,5,3,3541,43,6.98,5,0.15,6.56,4.8,29.0,34.0,131.0,5.0,0.0,0.14,24.0,8.33,0.14,280.0,17.0,7.64,0.13,240.0,21.0,2.85,0.15,350.0,27.0,5.55,0.14,260.0,21.0,1.9,0.13,270.0,21.0,2.38,0.16,320.0,0
2025-08-20,4,6,2,3442,58,6.92,6,0.16,5.25,3.23,13.0,20.0,102.0,0.0,0.0,0.17,20.0,7.5,0.17,290.0,16.0,5.62,0.17,310.0,22.0,0.9,0.16,340.0,16.0,3.12,0.14,280.0,13.0,1.53,0.16,320.0,15.0,0.0,0.19,430.0,0
2025-08-20,5,1,2,3832,9,6.87,1,0.16,4.4,2.29,9.0,16.0,109.0,0.0,0.0,0.17,15.0,6.0,0.11,290.0,24.0,1.66,0.19,370.0,19.0,2.63,0.15,320.0,16.0,1.87,0.2,380.0,20.0,1.0,0.16,390.0,15.0,1.33,0.21,470.0,0
2025-08-20,5,2,6,4437,60,6.94,2,0.12,6.28,5.0,41.0,18.0,118.0,4.0,2.0,0.15,29.0,9.65,0.14,230.0,19.0,5.26,0.15,340.0,19.0,4.21,0.17,290.0,16.0,5.0,0.17,330.0,18.0,2.77,0.15,340.0,15.0,0.0,0.16,460.0,0
2025-08-20,5,3,1,4324,55,6.98,3,0.15,6.92,4.92,37.0,29.0,134.0,7.0,1.0,0.14,30.0,9.66,0.13,190.0,25.0,5.2,0.12,290.0,28.0,3.92,0.15,320.0,22.0,3.63,0.15,310.0,22.0,1.81,0.17,300.0,7.0,1.42,0.11,360.0,0
2025-08-20,5,4,4,4821,15,7.01,6,0.31,5.06,3.14,12.0,22.0,108.0,1.0,0.0,0.19,11.0,3.63,0.21,490.0,21.0,4.76,0.22,500.0,18.0,2.22,0.2,470.0,22.0,2.72,0.2,410.0,22.0,3.18,0.17,350.0,14.0,2.14,0.16,360.0,0
2025-08-20,5,5,3,4348,8,7.04,4,0.41,6.12,4.01,31.0,22.0,132.0,0.0,0.0,0.18,29.0,9.65,0.17,280.0,19.0,5.26,0.19,440.0,21.0,4.28,0.18,340.0,21.0,1.42,0.18,320.0,21.0,0.95,0.17,390.0,21.0,0.47,0.19,450.0,0
2025-08-20,5,6,5,3701,10,7.04,5,0.29,3.78,1.68,6.0,11.0,101.0,0.0,0.0,0.16,13.0,5.38,0.11,170.0,20.0,1.0,0.19,360.0,17.0,1.17,0.17,290.0,15.0,2.66,0.14,250.0,23.0,0.87,0.15,270.0,13.0,0.0,0.15,270.0,0
2025-08-20,7,1,6,3578,13,7.0,1,0.19,4.48,2.7,11.0,19.0,111.0,0.0,0.0,0.18,19.0,5.78,0.18,360.0,20.0,3.5,0.16,330.0,18.0,2.77,0.17,340.0,18.0,1.66,0.2,320.0,16.0,1.87,0.19,410.0,20.0,0.5,0.17,370.0,0
2025-08-20,7,2,2,3401,59,7.02,2,0.15,4.66,2.71,15.0,14.0,107.0,0.0,0.0,0.19,16.0,5.0,0.14,250.0,19.0,5.78,0.18,390.0,17.0,3.52,0.17,310.0,21.0,1.9,0.22,430.0,12.0,0.0,0.21,430.0,22.0,0.0,0.21,500.0,0
2025-08-20,7,3,4,4823,46,6.96,3,0.08,5.25,3.52,8.0,10.0,51.0,2.0,0.0,0.15,11.0,8.18,0.17,240.0,5.0,4.0,0.11,280.0,9.0,5.55,0.14,210.0,7.0,1.42,0.19,310.0,8.0,1.25,0.11,200.0,11.0,0.0,0.14,350.0,0
2025-08-20,7,4,1,4643,45,6.93,4,0.08,6.59,5.12,34.0,29.0,123.0,5.0,1.0,0.15,25.0,8.8,0.12,200.0,18.0,8.33,0.15,260.0,18.0,4.44,0.16,280.0,24.0,3.33,0.14,250.0,22.0,3.18,0.17,330.0,16.0,1.87,0.18,460.0,0
2025-08-20,7,5,5,5224,53,6.98,5,0.15,6.59,4.49,27.0,35.0,138.0,3.0,0.0,0.16,31.0,7.74,0.17,280.0,24.0,5.0,0.13,280.0,23.0,3.91,0.14,300.0,18.0,2.77,0.18,370.0,19.0,4.21,0.15,270.0,23.0,1.73,0.21,430.0,0
2025-08-20,7,6,3,4583,62,6.98,6,0.18,5.49,3.46,18.0,18.0,104.0,0.0,0.0,0.16,16.0,8.75,0.15,230.0,15.0,4.0,0.14,310.0,23.0,4.34,0.14,250.0,18.0,1.66,0.16,250.0,19.0,1.57,0.18,330.0,13.0,0.0,0.21,460.0,0
2025-08-20,10,1,2,4030,29,6.97,1,0.09,6.67,4.2,23.0,30.0,126.0,4.0,1.0,0.15,25.0,8.0,0.14,310.0,20.0,4.0,0.13,390.0,22.0,3.18,0.15,350.0,19.0,4.21,0.15,340.0,21.0,3.33,0.15,360.0,19.0,1.57,0.18,430.0,0
2025-08-20,10,2,5,4348,8,6.97,2,0.13,6.12,4.01,31.0,22.0,132.0,0.0,0.0,0.18,29.0,9.65,0.17,280.0,19.0,5.26,0.19,440.0,21.0,4.28,0.18,340.0,21.0,1.42,0.18,320.0,21.0,0.95,0.17,390.0,21.0,0.47,0.19,450.0,0
2025-08-20,10,3,3,4772,61,6.9,3,0.07,6.66,5.15,32.0,18.0,97.0,5.0,1.0,0.11,22.0,9.09,0.1,150.0,17.0,5.29,0.14,290.0,10.0,3.0,0.1,190.0,17.0,5.29,0.08,190.0,12.0,4.16,0.12,230.0,19.0,2.1,0.14,290.0,0
2025-08-20,10,4,4,4010,14,6.98,4,0.08,3.7,1.33,0.0,4.0,30.0,0.0,0.0,0.19,5.0,2.0,0.21,460.0,4.0,2.5,0.14,300.0,6.0,1.66,0.15,370.0,6.0,1.66,0.25,520.0,4.0,0.0,0.17,380.0,5.0,0.0,0.22,480.0,0
2025-08-20,10,5,1,3908,39,6.88,5,0.06,6.76,5.19,37.0,44.0,156.0,6.0,0.0,0.14,33.0,8.18,0.14,300.0,28.0,4.64,0.15,330.0,27.0,6.29,0.12,270.0,17.0,4.11,0.14,260.0,24.0,3.75,0.15,320.0,27.0,2.96,0.15,310.0,0
2025-08-20,10,6,6,3478,1,7.04,6,0.13,4.85,2.27,12.0,11.0,101.0,0.0,0.0,0.17,14.0,5.71,0.13,310.0,20.0,1.5,0.15,350.0,21.0,2.85,0.18,350.0,16.0,1.87,0.19,380.0,19.0,1.05,0.18,370.0,11.0,0.9,0.22,430.0,0
2025-08-21,3,1,3,5241,27,6.91,1,0.19,5.06,2.95,20.0,19.0,132.0,0.0,0.0,0.16,21.0,7.61,0.14,270.0,19.0,4.21,0.17,250.0,26.0,2.3,0.18,350.0,22.0,2.27,0.15,360.0,20.0,1.5,0.14,260.0,24.0,0.41,0.16,280.0,0
2025-08-21,3,2,1,4931,7,7.04,2,0.25,5.63,3.12,24.0,20.0,141.0,2.0,0.0,0.16,28.0,7.85,0.13,240.0,22.0,4.09,0.16,300.0,20.0,4.0,0.15,320.0,30.0,1.0,0.18,390.0,16.0,0.62,0.16,390.0,25.0,0.4,0.18,490.0,0
2025-08-21,3,3,4,3442,58,7.07,3,0.14,5.25,3.23,13.0,20.0,102.0,0.0,0.0,0.17,20.0,7.5,0.17,290.0,16.0,5.62,0.17,310.0,22.0,0.9,0.16,340.0,16.0,3.12,0.14,280.0,13.0,1.53,0.16,320.0,15.0,0.0,0.19,430.0,0
2025-08-21,3,4,5,3832,9,6.97,4,0.15,4.4,2.29,9.0,16.0,109.0,0.0,0.0,0.17,15.0,6.0,0.11,290.0,24.0,1.66,0.19,370.0,19.0,2.63,0.15,320.0,16.0,1.87,0.2,380.0,20.0,1.0,0.16,390.0,15.0,1.33,0.21,470.0,0
2025-08-21,3,5,6,4437,60,6.97,5,0.11,6.28,5.0,41.0,18.0,118.0,4.0,2.0,0.15,29.0,9.65,0.14,230.0,19.0,5.26,0.15,340.0,19.0,4.21,0.17,290.0,16.0,5.0,0.17,330.0,18.0,2.77,0.15,340.0,15.0,0.0,0.16,460.0,0
2025-08-21,3,6,2,4772,61,6.98,6,0.11,6.66,5.15,32.0,18.0,97.0,5.0,1.0,0.11,22.0,9.09,0.1,150.0,17.0,5.29,0.14,290.0,10.0,3.0,0.1,190.0,17.0,5.29,0.08,190.0,12.0,4.16,0.12,230.0,19.0,2.1,0.14,290.0,0
2025-08-21,4,1,2,4821,15,6.91,1,0.14,5.06,3.14,12.0,22.0,108.0,1.0,0.0,0.19,11.0,3.63,0.21,490.0,21.0,4.76,0.22,500.0,18.0,2.22,0.2,470.0,22.0,2.72,0.2,410.0,22.0,3.18,0.17,350.0,14.0,2.14,0.16,360.0,0
2025-08-21,4,2,3,4583,62,6.95,2,0.09,5.49,3.46,18.0,18.0,104.0,0.0,0.0,0.16,16.0,8.75,0.15,230.0,15.0,4.0,0.14,310.0,23.0,4.34,0.14,250.0,18.0,1.66,0.16,250.0,19.0,1.57,0.18,330.0,13.0,0.0,0.21,460.0,0
2025-08-21,4,3,6,5298,20,7.0,3,0.13,4.83,2.92,9.0,10.0,65.0,0.0,0.0,0.17,10.0,8.0,0.18,430.0,12.0,1.66,0.17,340.0,10.0,4.0,0.19,380.0,10.0,1.0,0.21,330.0,8.0,3.75,0.14,230.0,15.0,0.66,0.14,310.0,0
2025-08-21,4,4,5,5326,4,6.93,4,0.13,2.49,0.29,1.0,1.0,69.0,0.0,0.0,0.2,0.0,0.0,0.0,0.0,0.0,0.0,0.0,0.0,1.0,0.0,0.2,400.0,18.0,0.0,0.2,410.0,17.0,1.17,0.18,420.0,33.0,0.0,0.21,440.0,0
2025-08-21,4,5,1,3908,39,6.9,5,0.08,6.76,5.19,37.0,44.0,156.0,6.0,0.0,0.14,33.0,8.18,0.14,300.0,28.0,4.64,0.15,330.0,27.0,6.29,0.12,270.0,17.0,4.11,0.14,260.0,24.0,3.75,0.15,320.0,27.0,2.96,0.15,310.0,0
2025-08-21,4,6,4,5224,53,6.92,6,0.12,6.59,4.49,27.0,35.0,138.0,3.0,0.0,0.16,31.0,7.74,0.17,280.0,24.0,5.0,0.13,280.0,23.0,3.91,0.14,300.0,18.0,2.77,0.18,370.0,19.0,4.21,0.15,270.0,23.0,1.73,0.21,430.0,0
2025-08-21,5,1,2,4348,8,6.94,1,0.22,6.12,4.01,31.0,22.0,132.0,0.0,0.0,0.18,29.0,9.65,0.17,280.0,19.0,5.26,0.19,440.0,21.0,4.28,0.18,340.0,21.0,1.42,0.18,320.0,21.0,0.95,0.17,390.0,21.0,0.47,0.19,450.0,0
2025-08-21,5,2,6,3578,13,6.95,2,0.27,4.48,2.7,11.0,19.0,111.0,0.0,0.0,0.18,19.0,5.78,0.18,360.0,20.0,3.5,0.16,330.0,18.0,2.77,0.17,340.0,18.0,1.66,0.2,320.0,16.0,1.87,0.19,410.0,20.0,0.5,0.17,370.0,0
2025-08-21,5,3,5,3478,1,6.87,3,0.26,4.85,2.27,12.0,11.0,101.0,0.0,0.0,0.17,14.0,5.71,0.13,310.0,20.0,1.5,0.15,350.0,21.0,2.85,0.18,350.0,16.0,1.87,0.19,380.0,19.0,1.05,0.18,370.0,11.0,0.9,0.22,430.0,0
2025-08-21,5,4,4,4529,65,6.96,4,0.34,5.51,3.81,18.0,19.0,97.0,1.0,0.0,0.14,17.0,7.64,0.12,230.0,16.0,3.12,0.13,300.0,18.0,5.55,0.14,260.0,15.0,4.0,0.13,270.0,17.0,1.76,0.14,290.0,14.0,0.0,0.2,480.0,0
2025-08-21,5,5,1,4643,45,6.9,5,0.23,6.59,5.12,34.0,29.0,123.0,5.0,1.0,0.15,25.0,8.8,0.12,200.0,18.0,8.33,0.15,260.0,18.0,4.44,0.16,280.0,24.0,3.33,0.14,250.0,22.0,3.18,0.17,330.0,16.0,1.87,0.18,460.0,0
2025-08-21,5,6,3,4459,40,6.9,6,0.18,6.64,3.94,29.0,25.0,137.0,4.0,1.0,0.12,26.0,10.0,0.11,250.0,19.0,3.68,0.15,360.0,23.0,2.6,0.11,230.0,27.0,4.07,0.11,200.0,22.0,1.36,0.1,210.0,20.0,0.5,0.12,280.0,0
2025-08-21,6,1,4,5257,56,6.78,1,0.13,6.07,4.06,17.0,22.0,96.0,3.0,2.0,0.18,16.0,6.25,0.21,430.0,14.0,2.85,0.19,450.0,18.0,4.44,0.16,370.0,18.0,6.11,0.16,330.0,16.0,3.12,0.17,390.0,14.0,0.71,0.17,410.0,0
2025-08-21,6,2,5,4894,25,6.92,2,0.19,4.8,2.6,8.0,18.0,100.0,0.0,0.0,0.18,13.0,6.92,0.17,380.0,16.0,1.25,0.2,420.0,21.0,3.33,0.17,400.0,14.0,2.85,0.19,390.0,22.0,1.81,0.18,360.0,14.0,0.0,0.18,470.0,0
2025-08-21,6,3,1,3849,18,6.84,3,0.07,6.67,5.43,26.0,30.0,103.0,6.0,1.0,0.14,20.0,9.5,0.13,230.0,17.0,6.47,0.15,320.0,23.0,3.47,0.16,270.0,24.0,4.16,0.13,200.0,14.0,5.0,0.13,250.0,5.0,2.0,0.17,360.0,0
2025-08-21,6,4,6,5265,41,6.83,4,0.23,3.13,1.03,4.0,9.0,126.0,0.0,0.0,0.16,15.0,3.33,0.17,300.0,22.0,1.36,0.18,340.0,24.0,1.66,0.14,300.0,22.0,0.45,0.18,360.0,23.0,0.0,0.16,370.0,20.0,0.0,0.14,310.0,0
2025-08-21,6,5,2,5173,49,6.89,5,0.12,4.3,2.95,10.0,8.0,61.0,0.0,0.0,0.17,7.0,8.57,0.14,190.0,13.0,4.61,0.19,380.0,7.0,2.85,0.19,270.0,12.0,1.66,0.16,280.0,11.0,1.81,0.14,270.0,11.0,0.0,0.18,340.0,0
2025-08-21,6,6,3,4030,29,6.91,6,0.11,6.67,4.2,23.0,30.0,126.0,4.0,1.0,0.15,25.0,8.0,0.14,310.0,20.0,4.0,0.13,390.0,22.0,3.18,0.15,350.0,19.0,4.21,0.15,340.0,21.0,3.33,0.15,360.0,19.0,1.57,0.18,430.0,0
2025-08-21,10,1,2,4772,61,6.83,1,0.07,6.66,5.15,32.0,18.0,97.0,5.0,1.0,0.11,22.0,9.09,0.1,150.0,17.0,5.29,0.14,290.0,10.0,3.0,0.1,190.0,17.0,5.29,0.08,190.0,12.0,4.16,0.12,230.0,19.0,2.1,0.14,290.0,0
2025-08-21,10,2,1,4643,45,6.9,2,0.05,6.59,5.12,34.0,29.0,123.0,5.0,1.0,0.15,25.0,8.8,0.12,200.0,18.0,8.33,0.15,260.0,18.0,4.44,0.16,280.0,24.0,3.33,0.14,250.0,22.0,3.18,0.17,330.0,16.0,1.87,0.18,460.0,0
2025-08-21,10,3,5,4529,65,6.95,3,0.07,5.51,3.81,18.0,19.0,97.0,1.0,0.0,0.14,17.0,7.64,0.12,230.0,16.0,3.12,0.13,300.0,18.0,5.55,0.14,260.0,15.0,4.0,0.13,270.0,17.0,1.76,0.14,290.0,14.0,0.0,0.2,480.0,0
2025-08-21,10,4,6,3849,18,6.9,4,0.04,6.67,5.43,26.0,30.0,103.0,6.0,1.0,0.14,20.0,9.5,0.13,230.0,17.0,6.47,0.15,320.0,23.0,3.47,0.16,270.0,24.0,4.16,0.13,200.0,14.0,5.0,0.13,250.0,5.0,2.0,0.17,360.0,0
2025-08-21,10,5,4,4583,62,6.93,5,0.08,5.49,3.46,18.0,18.0,104.0,0.0,0.0,0.16,16.0,8.75,0.15,230.0,15.0,4.0,0.14,310.0,23.0,4.34,0.14,250.0,18.0,1.66,0.16,250.0,19.0,1.57,0.18,330.0,13.0,0.0,0.21,460.0,0
2025-08-21,10,6,3,4852,19,6.93,6,0.12,6.42,4.69,35.0,27.0,132.0,4.0,0.0,0.17,27.0,8.14,0.18,330.0,19.0,4.21,0.16,340.0,26.0,4.23,0.16,350.0,23.0,4.34,0.17,330.0,16.0,1.87,0.17,350.0,21.0,3.81,0.16,330.0,0
2025-08-22,1,1,6,3401,59,6.91,1,0.21,4.66,2.71,15.0,14.0,107.0,0.0,0.0,0.19,16.0,5.0,0.14,250.0,19.0,5.78,0.18,390.0,17.0,3.52,0.17,310.0,21.0,1.9,0.22,430.0,12.0,0.0,0.21,430.0,22.0,0.0,0.21,500.0,0
2025-08-22,1,2,4,3701,10,6.98,2,0.21,3.78,1.68,6.0,11.0,101.0,0.0,0.0,0.16,13.0,5.38,0.11,170.0,20.0,1.0,0.19,360.0,17.0,1.17,0.17,290.0,15.0,2.66,0.14,250.0,23.0,0.87,0.15,270.0,13.0,0.0,0.15,270.0,0
2025-08-22,1,3,3,4020,11,6.93,3,0.24,4.43,2.45,13.0,13.0,106.0,0.0,0.0,0.17,16.0,7.5,0.12,240.0,20.0,2.0,0.19,400.0,18.0,1.66,0.19,390.0,16.0,1.87,0.18,340.0,21.0,1.42,0.16,280.0,15.0,0.66,0.19,390.0,0
2025-08-22,1,4,5,5265,41,6.91,4,0.13,3.13,1.03,4.0,9.0,126.0,0.0,0.0,0.16,15.0,3.33,0.17,300.0,22.0,1.36,0.18,340.0,24.0,1.66,0.14,300.0,22.0,0.45,0.18,360.0,23.0,0.0,0.16,370.0,20.0,0.0,0.14,310.0,0
2025-08-22,1,5,1,3478,1,6.91,5,0.07,4.85,2.27,12.0,11.0,101.0,0.0,0.0,0.17,14.0,5.71,0.13,310.0,20.0,1.5,0.15,350.0,21.0,2.85,0.18,350.0,16.0,1.87,0.19,380.0,19.0,1.05,0.18,370.0,11.0,0.9,0.22,430.0,0
2025-08-22,1,6,2,5352,31,6.89,6,0.05,2.94,0.43,0.0,3.0,69.0,0.0,0.0,0.18,0.0,0.0,0.0,0.0,0.0,0.0,0.0,0.0,0.0,0.0,0.0,0.0,3.0,0.0,0.15,230.0,3.0,0.0,0.17,300.0,63.0,0.47,0.18,410.0,0
2025-08-22,2,1,2,4821,15,6.89,1,0.26,5.06,3.14,12.0,22.0,108.0,1.0,0.0,0.19,11.0,3.63,0.21,490.0,21.0,4.76,0.22,500.0,18.0,2.22,0.2,470.0,22.0,2.72,0.2,410.0,22.0,3.18,0.17,350.0,14.0,2.14,0.16,360.0,0
2025-08-22,2,2,6,3910,51,6.98,2,0.19,4.46,2.41,12.0,16.0,116.0,0.0,0.0,0.17,15.0,4.66,0.15,290.0,20.0,3.0,0.14,350.0,21.0,3.81,0.13,220.0,26.0,1.15,0.17,320.0,19.0,1.57,0.2,370.0,15.0,0.66,0.23,450.0,0
2025-08-22,2,3,3,3832,9,6.87,3,0.18,4.4,2.29,9.0,16.0,109.0,0.0,0.0,0.17,15.0,6.0,0.11,290.0,24.0,1.66,0.19,370.0,19.0,2.63,0.15,320.0,16.0,1.87,0.2,380.0,20.0,1.0,0.16,390.0,15.0,1.33,0.21,470.0,0
2025-08-22,2,4,4,4511,36,6.95,4,0.26,3.17,1.22,2.0,3.0,41.0,0.0,0.0,0.19,4.0,2.5,0.16,340.0,7.0,2.85,0.16,330.0,6.0,1.66,0.19,380.0,6.0,0.0,0.18,380.0,11.0,0.9,0.2,410.0,7.0,0.0,0.22,460.0,0
2025-08-22,2,5,1,4452,66,6.93,5,0.27,5.53,3.57,14.0,20.0,95.0,3.0,0.0,0.17,16.0,8.12,0.16,290.0,18.0,3.88,0.18,360.0,13.0,2.3,0.16,250.0,17.0,3.52,0.17,390.0,14.0,2.14,0.19,460.0,17.0,1.17,0.17,380.0,0
2025-08-22,2,6,5,5326,4,6.86,6,0.31,2.49,0.29,1.0,1.0,69.0,0.0,0.0,0.2,0.0,0.0,0.0,0.0,0.0,0.0,0.0,0.0,1.0,0.0,0.2,400.0,18.0,0.0,0.2,410.0,17.0,1.17,0.18,420.0,33.0,0.0,0.21,440.0,0
2025-08-22,3,1,6,4931,7,6.94,1,0.21,5.63,3.12,24.0,20.0,141.0,2.0,0.0,0.16,28.0,7.85,0.13,240.0,22.0,4.09,0.16,300.0,20.0,4.0,0.15,320.0,30.0,1.0,0.18,390.0,16.0,0.62,0.16,390.0,25.0,0.4,0.18,490.0,0
2025-08-22,3,2,1,5037,21,6.89,2,0.24,5.37,3.47,24.0,16.0,115.0,1.0,0.0,0.19,21.0,7.14,0.18,370.0,19.0,5.78,0.17,310.0,19.0,2.63,0.18,420.0,18.0,3.88,0.2,390.0,14.0,0.71,0.17,360.0,24.0,0.41,0.22,490.0,0
2025-08-22,3,3,4,5291,37,6.86,3,0.26,2.07,0.37,1.0,3.0,107.0,0.0,0.0,0.23,0.0,0.0,0.0,0.0,0.0,0.0,0.0,0.0,0.0,0.0,0.0,0.0,22.0,0.9,0.23,470.0,40.0,0.5,0.21,440.0,45.0,0.0,0.25,530.0,0
2025-08-22,3,4,5,5173,49,6.97,4,0.17,4.3,2.95,10.0,8.0,61.0,0.0,0.0,0.17,7.0,8.57,0.14,190.0,13.0,4.61,0.19,380.0,7.0,2.85,0.19,270.0,12.0,1.66,0.16,280.0,11.0,1.81,0.14,270.0,11.0,0.0,0.18,340.0,0
2025-08-22,3,5,3,4010,14,6.96,5,0.21,3.7,1.33,0.0,4.0,30.0,0.0,0.0,0.19,5.0,2.0,0.21,460.0,4.0,2.5,0.14,300.0,6.0,1.66,0.15,370.0,6.0,1.66,0.25,520.0,4.0,0.0,0.17,380.0,5.0,0.0,0.22,480.0,0
2025-08-22,3,6,2,4348,8,6.92,6,0.19,6.12,4.01,31.0,22.0,132.0,0.0,0.0,0.18,29.0,9.65,0.17,280.0,19.0,5.26,0.19,440.0,21.0,4.28,0.18,340.0,21.0,1.42,0.18,320.0,21.0,0.95,0.17,390.0,21.0,0.47,0.19,450.0,0
2025-08-22,10,1,6,3442,58,6.86,1,0.22,5.25,3.23,13.0,20.0,102.0,0.0,0.0,0.17,20.0,7.5,0.17,290.0,16.0,5.62,0.17,310.0,22.0,0.9,0.16,340.0,16.0,3.12,0.14,280.0,13.0,1.53,0.16,320.0,15.0,0.0,0.19,430.0,0
2025-08-22,10,2,4,4852,19,6.94,2,0.17,6.42,4.69,35.0,27.0,132.0,4.0,0.0,0.17,27.0,8.14,0.18,330.0,19.0,4.21,0.16,340.0,26.0,4.23,0.16,350.0,23.0,4.34,0.17,330.0,16.0,1.87,0.17,350.0,21.0,3.81,0.16,330.0,0
2025-08-22,10,3,3,5257,56,6.9,3,0.21,6.07,4.06,17.0,22.0,96.0,3.0,2.0,0.18,16.0,6.25,0.21,430.0,14.0,2.85,0.19,450.0,18.0,4.44,0.16,370.0,18.0,6.11,0.16,330.0,16.0,3.12,0.17,390.0,14.0,0.71,0.17,410.0,0
2025-08-22,10,4,2,4529,65,6.95,4,0.08,5.51,3.81,18.0,19.0,97.0,1.0,0.0,0.14,17.0,7.64,0.12,230.0,16.0,3.12,0.13,300.0,18.0,5.55,0.14,260.0,15.0,4.0,0.13,270.0,17.0,1.76,0.14,290.0,14.0,0.0,0.2,480.0,0
2025-08-22,10,5,1,4931,7,6.96,5,0.09,5.63,3.12,24.0,20.0,141.0,2.0,0.0,0.16,28.0,7.85,0.13,240.0,22.0,4.09,0.16,300.0,20.0,4.0,0.15,320.0,30.0,1.0,0.18,390.0,16.0,0.62,0.16,390.0,25.0,0.4,0.18,490.0,0
2025-08-22,10,6,5,5241,27,6.88,6,0.04,5.06,2.95,20.0,19.0,132.0,0.0,0.0,0.16,21.0,7.61,0.14,270.0,19.0,4.21,0.17,250.0,26.0,2.3,0.18,350.0,22.0,2.27,0.15,360.0,20.0,1.5,0.14,260.0,24.0,0.41,0.16,280.0,0
2025-09-03,1,1,3,3211,21,6.96,1,0.25,3.71,1.34,3.0,8.0,82.0,0.0,0.0,0.18,13.0,5.38,0.15,410.0,12.0,0.0,0.17,400.0,15.0,2.66,0.19,350.0,16.0,0.0,0.19,350.0,15.0,0.0,0.19,390.0,11.0,0.0,0.2,450.0,0
2025-09-03,1,2,1,4181,43,6.91,2,0.24,4.43,1.89,12.0,12.0,127.0,0.0,0.0,0.18,15.0,6.0,0.14,240.0,25.0,2.8,0.17,340.0,26.0,1.15,0.18,380.0,28.0,0.71,0.18,410.0,27.0,1.11,0.2,440.0,6.0,0.0,0.31,570.0,0
2025-09-03,1,3,5,3718,48,6.91,3,0.22,4.08,1.96,9.0,11.0,102.0,1.0,0.0,0.19,13.0,5.38,0.17,340.0,20.0,1.0,0.21,420.0,17.0,2.94,0.15,310.0,17.0,1.76,0.22,420.0,19.0,1.57,0.18,350.0,16.0,0.0,0.19,490.0,0
2025-09-03,1,4,2,4498,22,6.9,5,0.22,5.1,3.26,20.0,13.0,101.0,2.0,1.0,0.18,17.0,5.29,0.19,360.0,15.0,5.33,0.16,310.0,18.0,5.0,0.17,390.0,20.0,1.0,0.17,370.0,14.0,2.85,0.18,390.0,17.0,0.58,0.18,420.0,0
2025-09-03,1,5,6,5407,35,6.99,6,0.26,0.0,0.0,0.0,0.0,0.0,0.0,0.0,0.0,0.0,0.0,0.0,0.0,0.0,0.0,0.0,0.0,0.0,0.0,0.0,0.0,0.0,0.0,0.0,0.0,0.0,0.0,0.0,0.0,0.0,0.0,0.0,0.0,0
2025-09-03,1,6,4,3507,40,6.95,4,0.28,4.22,2.18,5.0,7.0,55.0,0.0,0.0,0.19,9.0,6.66,0.15,360.0,11.0,0.9,0.17,380.0,8.0,2.5,0.2,300.0,16.0,0.62,0.2,380.0,10.0,2.0,0.19,450.0,1.0,0.0,0.25,200.0,0
2025-09-03,2,1,2,4110,45,6.94,1,0.23,3.95,2.41,10.0,10.0,83.0,0.0,0.0,0.17,10.0,8.0,0.13,190.0,18.0,2.77,0.17,330.0,15.0,1.33,0.14,240.0,14.0,2.14,0.17,320.0,14.0,0.71,0.19,360.0,12.0,0.83,0.19,440.0,0
2025-09-03,2,2,3,4394,51,6.96,2,0.15,5.21,3.12,11.0,14.0,80.0,0.0,0.0,0.17,11.0,9.09,0.17,320.0,11.0,3.63,0.18,320.0,13.0,5.38,0.15,220.0,19.0,1.57,0.17,340.0,16.0,0.62,0.16,310.0,10.0,0.0,0.17,400.0,0
2025-09-03,2,3,6,5176,17,6.93,6,0.25,2.97,1.47,1.0,4.0,34.0,0.0,0.0,0.18,3.0,3.33,0.38,530.0,9.0,2.22,0.19,420.0,4.0,2.5,0.13,250.0,2.0,0.0,0.13,250.0,7.0,1.42,0.17,350.0,9.0,0.0,0.16,300.0,0
2025-09-03,2,4,4,4163,8,6.87,3,0.19,5.72,3.67,21.0,26.0,128.0,1.0,0.0,0.18,20.0,9.0,0.16,320.0,28.0,4.28,0.18,390.0,22.0,3.63,0.18,400.0,22.0,1.81,0.18,370.0,28.0,1.42,0.17,390.0,8.0,1.25,0.23,510.0,0
2025-09-03,2,5,1,5339,7,6.77,4,0.17,3.56,1.57,3.0,11.0,89.0,0.0,0.0,0.18,0.0,0.0,0.0,0.0,0.0,0.0,0.0,0.0,0.0,0.0,0.0,0.0,17.0,2.35,0.16,260.0,29.0,2.06,0.19,350.0,43.0,0.93,0.17,320.0,0
2025-09-03,2,6,5,4040,52,6.88,5,0.17,5.49,3.43,26.0,21.0,137.0,1.0,0.0,0.14,24.0,6.66,0.16,330.0,21.0,4.28,0.13,270.0,24.0,4.58,0.15,270.0,27.0,1.11,0.14,260.0,22.0,2.72,0.12,280.0,19.0,1.05,0.14,260.0,0
2025-09-03,3,1,2,3699,1,6.91,1,0.08,4.8,3.23,7.0,14.0,65.0,1.0,0.0,0.2,8.0,5.0,0.17,260.0,11.0,6.36,0.17,370.0,10.0,3.0,0.2,430.0,7.0,2.85,0.2,430.0,12.0,1.66,0.21,380.0,17.0,1.76,0.22,450.0,0
2025-09-03,3,2,1,3663,15,6.98,2,0.09,4.92,2.77,13.0,25.0,137.0,0.0,0.0,0.17,19.0,6.31,0.17,320.0,27.0,3.7,0.18,380.0,23.0,3.47,0.14,330.0,26.0,1.53,0.18,330.0,28.0,1.07,0.17,330.0,14.0,0.71,0.17,320.0,0
2025-09-03,3,3,6,5312,38,6.92,3,0.1,1.68,0.18,0.0,1.0,53.0,0.0,0.0,0.21,0.0,0.0,0.0,0.0,0.0,0.0,0.0,0.0,0.0,0.0,0.0,0.0,5.0,0.0,0.23,420.0,15.0,0.66,0.16,410.0,33.0,0.0,0.22,440.0,0
2025-09-03,3,4,5,5127,34,6.91,4,0.13,5.04,2.92,10.0,23.0,113.0,0.0,0.0,0.19,17.0,5.29,0.18,340.0,22.0,4.09,0.2,390.0,22.0,2.27,0.19,400.0,18.0,2.77,0.17,330.0,22.0,2.27,0.2,450.0,12.0,0.0,0.19,440.0,0
2025-09-03,3,5,4,4377,3,6.99,5,0.09,5.87,4.3,21.0,32.0,123.0,3.0,0.0,0.17,23.0,8.69,0.14,220.0,17.0,4.11,0.15,260.0,20.0,4.0,0.19,320.0,25.0,5.2,0.16,360.0,22.0,2.27,0.17,330.0,16.0,0.0,0.22,490.0,0
2025-09-03,3,6,3,4278,16,6.97,6,0.12,6.29,4.28,32.0,25.0,133.0,5.0,1.0,0.12,25.0,6.4,0.12,250.0,27.0,5.18,0.12,270.0,20.0,3.5,0.1,200.0,21.0,3.81,0.13,210.0,27.0,3.33,0.13,250.0,13.0,2.3,0.15,330.0,0
2025-09-03,4,1,6,4253,11,6.93,1,0.2,4.33,2.2,12.0,14.0,118.0,0.0,0.0,0.18,18.0,7.22,0.16,280.0,21.0,2.85,0.16,320.0,19.0,1.57,0.15,310.0,17.0,1.17,0.17,430.0,27.0,0.74,0.21,410.0,16.0,0.0,0.2,480.0,0
2025-09-03,4,2,5,4474,5,6.93,2,0.16,5.09,2.94,16.0,19.0,119.0,0.0,0.0,0.17,17.0,9.41,0.13,160.0,25.0,2.4,0.16,310.0,19.0,3.15,0.16,280.0,21.0,2.38,0.18,350.0,19.0,0.52,0.17,350.0,18.0,0.55,0.21,470.0,0
2025-09-03,4,3,2,3554,46,6.9,3,0.17,6.53,5.0,38.0,30.0,136.0,5.0,0.0,0.17,33.0,7.87,0.15,290.0,29.0,5.17,0.17,360.0,37.0,4.32,0.19,380.0,28.0,3.21,0.19,390.0,6.0,1.66,0.18,300.0,3.0,3.33,0.15,330.0,0
2025-09-03,4,4,1,4832,4,6.82,5,0.04,7.05,5.57,26.0,18.0,79.0,4.0,1.0,0.16,17.0,8.82,0.15,270.0,11.0,6.36,0.19,310.0,10.0,8.0,0.12,210.0,11.0,4.54,0.16,330.0,14.0,3.57,0.15,290.0,16.0,2.5,0.18,360.0,0
2025-09-03,4,5,3,4661,37,6.97,6,0.23,4.76,2.12,6.0,8.0,66.0,0.0,0.0,0.21,10.0,5.0,0.17,420.0,11.0,3.63,0.22,420.0,13.0,2.3,0.19,390.0,12.0,0.83,0.21,510.0,11.0,0.0,0.23,480.0,9.0,1.11,0.26,570.0,0
2025-09-03,4,6,4,3629,56,6.99,4,0.18,6.01,4.37,26.0,26.0,119.0,2.0,0.0,0.15,24.0,7.91,0.17,250.0,24.0,6.66,0.13,230.0,17.0,1.17,0.16,260.0,24.0,3.75,0.13,240.0,21.0,2.85,0.12,220.0,9.0,0.0,0.19,420.0,0
2025-09-03,5,1,4,4094,14,6.85,1,0.15,4.55,2.33,7.0,17.0,103.0,0.0,0.0,0.19,13.0,7.69,0.18,410.0,21.0,1.42,0.2,380.0,17.0,0.58,0.19,350.0,14.0,3.57,0.2,410.0,25.0,2.0,0.2,400.0,13.0,0.0,0.19,450.0,0
2025-09-03,5,2,3,4174,13,6.88,2,0.17,6.55,4.64,33.0,25.0,125.0,5.0,3.0,0.15,29.0,7.93,0.14,280.0,21.0,3.81,0.16,280.0,26.0,4.61,0.13,260.0,21.0,4.28,0.14,330.0,19.0,3.15,0.17,370.0,9.0,0.0,0.17,420.0,0
2025-09-03,5,3,5,4409,47,6.84,3,0.11,6.22,4.37,35.0,28.0,144.0,1.0,0.0,0.14,30.0,9.0,0.14,260.0,26.0,5.0,0.15,270.0,23.0,3.47,0.12,260.0,22.0,5.0,0.14,290.0,23.0,1.3,0.16,310.0,20.0,0.5,0.15,350.0,0
2025-09-03,5,4,6,4981,44,6.92,4,0.16,5.45,3.29,15.0,12.0,82.0,0.0,0.0,0.16,16.0,7.5,0.15,340.0,14.0,5.71,0.15,370.0,18.0,1.66,0.16,310.0,12.0,0.83,0.17,380.0,10.0,3.0,0.19,410.0,12.0,0.0,0.18,350.0,0
2025-09-03,5,5,1,4808,9,6.93,5,0.11,6.08,4.22,36.0,24.0,142.0,3.0,0.0,0.17,26.0,8.84,0.15,310.0,28.0,4.28,0.17,310.0,23.0,3.91,0.14,280.0,23.0,2.6,0.17,400.0,25.0,2.8,0.17,340.0,17.0,1.76,0.2,440.0,0
2025-09-03,5,6,2,3567,53,6.87,6,0.16,3.75,1.83,4.0,7.0,60.0,0.0,0.0,0.19,7.0,2.85,0.14,340.0,12.0,4.16,0.18,380.0,11.0,0.9,0.16,300.0,9.0,0.0,0.18,290.0,12.0,2.5,0.21,360.0,9.0,0.0,0.25,470.0,0
2025-09-03,6,1,3,4154,49,6.86,1,0.03,5.6,3.62,20.0,22.0,116.0,2.0,0.0,0.18,21.0,5.23,0.19,310.0,19.0,4.21,0.18,430.0,23.0,4.78,0.16,330.0,20.0,3.0,0.18,410.0,17.0,3.52,0.19,410.0,16.0,0.0,0.22,490.0,0
2025-09-03,6,2,5,4982,2,6.93,2,0.11,4.01,1.64,7.0,5.0,73.0,0.0,0.0,0.17,9.0,4.44,0.13,180.0,14.0,1.42,0.21,470.0,13.0,2.3,0.16,350.0,9.0,2.22,0.17,340.0,16.0,0.62,0.17,390.0,12.0,0.0,0.18,360.0,0
2025-09-03,6,3,1,3641,18,6.85,3,0.09,6.02,4.25,32.0,25.0,134.0,2.0,1.0,0.15,27.0,7.77,0.16,320.0,20.0,3.5,0.18,380.0,25.0,4.8,0.14,290.0,23.0,2.17,0.16,370.0,22.0,4.54,0.16,300.0,17.0,1.17,0.14,330.0,0
2025-09-03,6,4,6,4047,12,6.92,4,0.13,3.78,1.76,9.0,6.0,85.0,0.0,0.0,0.17,13.0,7.69,0.13,200.0,14.0,1.42,0.18,390.0,17.0,1.76,0.15,270.0,11.0,0.0,0.17,350.0,15.0,0.0,0.2,330.0,15.0,0.0,0.21,460.0,0
2025-09-03,6,5,4,3211,21,6.95,5,0.08,3.71,1.34,3.0,8.0,82.0,0.0,0.0,0.18,13.0,5.38,0.15,410.0,12.0,0.0,0.17,400.0,15.0,2.66,0.19,350.0,16.0,0.0,0.19,350.0,15.0,0.0,0.19,390.0,11.0,0.0,0.2,450.0,0
2025-09-03,6,6,2,4448,20,6.84,6,0.07,6.28,4.77,23.0,20.0,90.0,3.0,0.0,0.19,15.0,8.66,0.17,410.0,16.0,4.37,0.17,360.0,16.0,5.0,0.19,360.0,17.0,4.11,0.18,380.0,10.0,5.0,0.19,340.0,16.0,1.87,0.23,450.0,0
2025-09-04,2,1,2,3967,41,7.05,1,0.17,4.11,2.41,3.0,18.0,87.0,0.0,0.0,0.21,12.0,3.33,0.22,370.0,18.0,6.11,0.19,420.0,15.0,2.0,0.2,370.0,15.0,0.66,0.22,410.0,12.0,1.66,0.21,400.0,15.0,0.0,0.22,470.0,0
2025-09-04,2,2,1,4981,44,6.97,2,0.18,5.45,3.29,15.0,12.0,82.0,0.0,0.0,0.16,16.0,7.5,0.15,340.0,14.0,5.71,0.15,370.0,18.0,1.66,0.16,310.0,12.0,0.83,0.17,380.0,10.0,3.0,0.19,410.0,12.0,0.0,0.18,350.0,0
2025-09-04,2,3,3,4832,4,6.94,3,0.16,7.05,5.57,26.0,18.0,79.0,4.0,1.0,0.16,17.0,8.82,0.15,270.0,11.0,6.36,0.19,310.0,10.0,8.0,0.12,210.0,11.0,4.54,0.16,330.0,14.0,3.57,0.15,290.0,16.0,2.5,0.18,360.0,0
2025-09-04,2,4,4,3826,10,6.97,4,0.12,5.99,4.31,17.0,21.0,88.0,3.0,0.0,0.16,19.0,7.36,0.16,330.0,13.0,5.38,0.15,320.0,13.0,3.07,0.17,320.0,14.0,3.57,0.14,260.0,14.0,2.14,0.16,290.0,15.0,3.33,0.17,320.0,0
2025-09-04,2,5,5,4656,55,6.99,5,0.15,4.84,2.28,11.0,13.0,105.0,0.0,0.0,0.16,14.0,5.71,0.15,300.0,15.0,2.66,0.18,350.0,18.0,3.88,0.15,250.0,18.0,2.22,0.15,290.0,16.0,0.0,0.16,310.0,24.0,0.41,0.17,340.0,0
2025-09-04,2,6,6,5407,35,6.94,6,0.17,0.0,0.0,0.0,0.0,0.0,0.0,0.0,0.0,0.0,0.0,0.0,0.0,0.0,0.0,0.0,0.0,0.0,0.0,0.0,0.0,0.0,0.0,0.0,0.0,0.0,0.0,0.0,0.0,0.0,0.0,0.0,0.0,0
2025-09-04,3,1,4,4474,5,6.96,1,0.22,5.09,2.94,16.0,19.0,119.0,0.0,0.0,0.17,17.0,9.41,0.13,160.0,25.0,2.4,0.16,310.0,19.0,3.15,0.16,280.0,21.0,2.38,0.18,350.0,19.0,0.52,0.17,350.0,18.0,0.55,0.21,470.0,0
2025-09-04,3,2,5,4740,19,6.98,3,0.18,4.15,2.15,9.0,14.0,107.0,0.0,0.0,0.2,13.0,5.38,0.16,270.0,23.0,3.47,0.2,390.0,15.0,2.0,0.18,290.0,17.0,1.76,0.2,470.0,24.0,0.41,0.21,440.0,15.0,0.66,0.22,460.0,0
2025-09-04,3,3,3,4047,12,6.99,4,0.15,3.78,1.76,9.0,6.0,85.0,0.0,0.0,0.17,13.0,7.69,0.13,200.0,14.0,1.42,0.18,390.0,17.0,1.76,0.15,270.0,11.0,0.0,0.17,350.0,15.0,0.0,0.2,330.0,15.0,0.0,0.21,460.0,0
2025-09-04,3,4,6,4110,45,6.99,5,0.23,3.95,2.41,10.0,10.0,83.0,0.0,0.0,0.17,10.0,8.0,0.13,190.0,18.0,2.77,0.17,330.0,15.0,1.33,0.14,240.0,14.0,2.14,0.17,320.0,14.0,0.71,0.19,360.0,12.0,0.83,0.19,440.0,0
2025-09-04,3,5,1,4154,49,6.89,2,0.28,5.6,3.62,20.0,22.0,116.0,2.0,0.0,0.18,21.0,5.23,0.19,310.0,19.0,4.21,0.18,430.0,23.0,4.78,0.16,330.0,20.0,3.0,0.18,410.0,17.0,3.52,0.19,410.0,16.0,0.0,0.22,490.0,0
2025-09-04,3,6,2,5089,36,6.92,6,0.27,6.33,4.35,28.0,16.0,101.0,4.0,0.0,0.16,25.0,7.6,0.13,220.0,12.0,5.0,0.16,360.0,20.0,5.0,0.13,210.0,17.0,2.35,0.16,360.0,15.0,2.66,0.19,390.0,12.0,0.83,0.21,470.0,0
2025-09-04,5,1,5,3663,15,6.99,1,0.26,4.92,2.77,13.0,25.0,137.0,0.0,0.0,0.17,19.0,6.31,0.17,320.0,27.0,3.7,0.18,380.0,23.0,3.47,0.14,330.0,26.0,1.53,0.18,330.0,28.0,1.07,0.17,330.0,14.0,0.71,0.17,320.0,0
2025-09-04,5,2,6,3699,1,7.09,2,0.18,4.8,3.23,7.0,14.0,65.0,1.0,0.0,0.2,8.0,5.0,0.17,260.0,11.0,6.36,0.17,370.0,10.0,3.0,0.2,430.0,7.0,2.85,0.2,430.0,12.0,1.66,0.21,380.0,17.0,1.76,0.22,450.0,0
2025-09-04,5,3,4,3507,40,7.06,3,0.19,4.22,2.18,5.0,7.0,55.0,0.0,0.0,0.19,9.0,6.66,0.15,360.0,11.0,0.9,0.17,380.0,8.0,2.5,0.2,300.0,16.0,0.62,0.2,380.0,10.0,2.0,0.19,450.0,1.0,0.0,0.25,200.0,0
2025-09-04,5,4,2,4174,13,6.96,4,0.11,6.55,4.64,33.0,25.0,125.0,5.0,3.0,0.15,29.0,7.93,0.14,280.0,21.0,3.81,0.16,280.0,26.0,4.61,0.13,260.0,21.0,4.28,0.14,330.0,19.0,3.15,0.17,370.0,9.0,0.0,0.17,420.0,0
2025-09-04,5,5,1,4409,47,7.04,5,0.09,6.22,4.37,35.0,28.0,144.0,1.0,0.0,0.14,30.0,9.0,0.14,260.0,26.0,5.0,0.15,270.0,23.0,3.47,0.12,260.0,22.0,5.0,0.14,290.0,23.0,1.3,0.16,310.0,20.0,0.5,0.15,350.0,0
2025-09-04,5,6,3,4549,6,7.04,6,0.2,5.5,3.33,12.0,22.0,102.0,0.0,0.0,0.2,14.0,5.71,0.17,400.0,18.0,2.77,0.17,420.0,22.0,2.72,0.2,390.0,18.0,3.88,0.22,430.0,16.0,3.75,0.17,450.0,14.0,1.42,0.24,510.0,0
2025-09-04,6,1,2,3362,50,6.92,1,0.22,6.16,4.91,26.0,35.0,124.0,4.0,1.0,0.19,23.0,9.13,0.15,280.0,41.0,5.12,0.2,420.0,33.0,3.63,0.19,400.0,25.0,2.8,0.2,440.0,2.0,0.0,0.23,450.0,0.0,0.0,0.0,0.0,0
2025-09-04,6,2,5,3211,21,6.97,2,0.22,3.71,1.34,3.0,8.0,82.0,0.0,0.0,0.18,13.0,5.38,0.15,410.0,12.0,0.0,0.17,400.0,15.0,2.66,0.19,350.0,16.0,0.0,0.19,350.0,15.0,0.0,0.19,390.0,11.0,0.0,0.2,450.0,0
2025-09-04,6,3,1,4377,3,6.99,3,0.19,5.87,4.3,21.0,32.0,123.0,3.0,0.0,0.17,23.0,8.69,0.14,220.0,17.0,4.11,0.15,260.0,20.0,4.0,0.19,320.0,25.0,5.2,0.16,360.0,22.0,2.27,0.17,330.0,16.0,0.0,0.22,490.0,0
2025-09-04,6,4,3,5136,54,6.96,4,0.37,6.69,4.82,40.0,29.0,143.0,3.0,1.0,0.14,33.0,8.18,0.12,210.0,23.0,3.91,0.14,320.0,26.0,5.76,0.14,240.0,22.0,5.0,0.16,250.0,19.0,2.1,0.13,280.0,20.0,1.5,0.14,330.0,0
2025-09-04,6,5,4,5127,34,6.94,5,0.24,5.04,2.92,10.0,23.0,113.0,0.0,0.0,0.19,17.0,5.29,0.18,340.0,22.0,4.09,0.2,390.0,22.0,2.27,0.19,400.0,18.0,2.77,0.17,330.0,22.0,2.27,0.2,450.0,12.0,0.0,0.19,440.0,0
2025-09-04,6,6,6,3804,39,6.89,6,0.24,4.2,2.5,9.0,10.0,76.0,0.0,0.0,0.18,10.0,7.0,0.13,230.0,14.0,4.28,0.19,410.0,16.0,0.62,0.19,310.0,13.0,3.07,0.17,220.0,13.0,0.76,0.17,350.0,10.0,0.0,0.23,470.0,0
2025-09-05,2,1,4,3507,40,6.81,1,0.21,4.22,2.18,5.0,7.0,55.0,0.0,0.0,0.19,9.0,6.66,0.15,360.0,11.0,0.9,0.17,380.0,8.0,2.5,0.2,300.0,16.0,0.62,0.2,380.0,10.0,2.0,0.19,450.0,1.0,0.0,0.25,200.0,0
2025-09-05,2,2,2,3967,41,6.93,2,0.29,4.11,2.41,3.0,18.0,87.0,0.0,0.0,0.21,12.0,3.33,0.22,370.0,18.0,6.11,0.19,420.0,15.0,2.0,0.2,370.0,15.0,0.66,0.22,410.0,12.0,1.66,0.21,400.0,15.0,0.0,0.22,470.0,0
2025-09-05,2,3,6,4549,6,6.81,4,0.28,5.5,3.33,12.0,22.0,102.0,0.0,0.0,0.2,14.0,5.71,0.17,400.0,18.0,2.77,0.17,420.0,22.0,2.72,0.2,390.0,18.0,3.88,0.22,430.0,16.0,3.75,0.17,450.0,14.0,1.42,0.24,510.0,0
2025-09-05,2,4,5,3567,53,6.79,5,0.2,3.75,1.83,4.0,7.0,60.0,0.0,0.0,0.19,7.0,2.85,0.14,340.0,12.0,4.16,0.18,380.0,11.0,0.9,0.16,300.0,9.0,0.0,0.18,290.0,12.0,2.5,0.21,360.0,9.0,0.0,0.25,470.0,0
2025-09-05,2,5,1,4740,19,6.89,6,0.27,4.15,2.15,9.0,14.0,107.0,0.0,0.0,0.2,13.0,5.38,0.16,270.0,23.0,3.47,0.2,390.0,15.0,2.0,0.18,290.0,17.0,1.76,0.2,470.0,24.0,0.41,0.21,440.0,15.0,0.66,0.22,460.0,0
2025-09-05,2,6,3,3362,50,6.94,3,0.17,6.16,4.91,26.0,35.0,124.0,4.0,1.0,0.19,23.0,9.13,0.15,280.0,41.0,5.12,0.2,420.0,33.0,3.63,0.19,400.0,25.0,2.8,0.2,440.0,2.0,0.0,0.23,450.0,0.0,0.0,0.0,0.0,0
2025-09-05,4,1,3,4181,43,6.85,1,0.19,4.43,1.89,12.0,12.0,127.0,0.0,0.0,0.18,15.0,6.0,0.14,240.0,25.0,2.8,0.17,340.0,26.0,1.15,0.18,380.0,28.0,0.71,0.18,410.0,27.0,1.11,0.2,440.0,6.0,0.0,0.31,570.0,0
2025-09-05,4,2,1,5127,34,6.81,2,0.26,5.04,2.92,10.0,23.0,113.0,0.0,0.0,0.19,17.0,5.29,0.18,340.0,22.0,4.09,0.2,390.0,22.0,2.27,0.19,400.0,18.0,2.77,0.17,330.0,22.0,2.27,0.2,450.0,12.0,0.0,0.19,440.0,0
2025-09-05,4,3,2,5089,36,6.82,3,0.18,6.33,4.35,28.0,16.0,101.0,4.0,0.0,0.16,25.0,7.6,0.13,220.0,12.0,5.0,0.16,360.0,20.0,5.0,0.13,210.0,17.0,2.35,0.16,360.0,15.0,2.66,0.19,390.0,12.0,0.83,0.21,470.0,0
2025-09-05,4,4,5,4163,8,6.85,4,0.16,5.72,3.67,21.0,26.0,128.0,1.0,0.0,0.18,20.0,9.0,0.16,320.0,28.0,4.28,0.18,390.0,22.0,3.63,0.18,400.0,22.0,1.81,0.18,370.0,28.0,1.42,0.17,390.0,8.0,1.25,0.23,510.0,0
2025-09-05,4,5,6,3699,1,6.94,5,0.15,4.8,3.23,7.0,14.0,65.0,1.0,0.0,0.2,8.0,5.0,0.17,260.0,11.0,6.36,0.17,370.0,10.0,3.0,0.2,430.0,7.0,2.85,0.2,430.0,12.0,1.66,0.21,380.0,17.0,1.76,0.22,450.0,0
2025-09-05,4,6,4,4498,22,6.9,6,0.17,5.1,3.26,20.0,13.0,101.0,2.0,1.0,0.18,17.0,5.29,0.19,360.0,15.0,5.33,0.16,310.0,18.0,5.0,0.17,390.0,20.0,1.0,0.17,370.0,14.0,2.85,0.18,390.0,17.0,0.58,0.18,420.0,0
2025-09-05,10,1,2,3641,18,6.87,1,0.12,6.02,4.25,32.0,25.0,134.0,2.0,1.0,0.15,27.0,7.77,0.16,320.0,20.0,3.5,0.18,380.0,25.0,4.8,0.14,290.0,23.0,2.17,0.16,370.0,22.0,4.54,0.16,300.0,17.0,1.17,0.14,330.0,0
2025-09-05,10,2,6,3507,40,6.81,2,0.18,4.22,2.18,5.0,7.0,55.0,0.0,0.0,0.19,9.0,6.66,0.15,360.0,11.0,0.9,0.17,380.0,8.0,2.5,0.2,300.0,16.0,0.62,0.2,380.0,10.0,2.0,0.19,450.0,1.0,0.0,0.25,200.0,0
2025-09-05,10,3,1,4448,20,6.81,3,0.12,6.28,4.77,23.0,20.0,90.0,3.0,0.0,0.19,15.0,8.66,0.17,410.0,16.0,4.37,0.17,360.0,16.0,5.0,0.19,360.0,17.0,4.11,0.18,380.0,10.0,5.0,0.19,340.0,16.0,1.87,0.23,450.0,0
2025-09-05,10,4,5,4808,9,6.82,4,0.13,6.08,4.22,36.0,24.0,142.0,3.0,0.0,0.17,26.0,8.84,0.15,310.0,28.0,4.28,0.17,310.0,23.0,3.91,0.14,280.0,23.0,2.6,0.17,400.0,25.0,2.8,0.17,340.0,17.0,1.76,0.2,440.0,0
2025-09-05,10,5,4,3718,48,6.86,5,0.14,4.08,1.96,9.0,11.0,102.0,1.0,0.0,0.19,13.0,5.38,0.17,340.0,20.0,1.0,0.21,420.0,17.0,2.94,0.15,310.0,17.0,1.76,0.22,420.0,19.0,1.57,0.18,350.0,16.0,0.0,0.19,490.0,0
2025-09-05,10,6,3,3699,1,6.89,6,0.13,4.8,3.23,7.0,14.0,65.0,1.0,0.0,0.2,8.0,5.0,0.17,260.0,11.0,6.36,0.17,370.0,10.0,3.0,0.2,430.0,7.0,2.85,0.2,430.0,12.0,1.66,0.21,380.0,17.0,1.76,0.22,450.0,0
2025-09-06,2,1,2,4656,55,6.88,1,0.04,4.84,2.28,11.0,13.0,105.0,0.0,0.0,0.16,14.0,5.71,0.15,300.0,15.0,2.66,0.18,350.0,18.0,3.88,0.15,250.0,18.0,2.22,0.15,290.0,16.0,0.0,0.16,310.0,24.0,0.41,0.17,340.0,0
2025-09-06,2,2,5,3826,10,6.83,2,0.06,5.99,4.31,17.0,21.0,88.0,3.0,0.0,0.16,19.0,7.36,0.16,330.0,13.0,5.38,0.15,320.0,13.0,3.07,0.17,320.0,14.0,3.57,0.14,260.0,14.0,2.14,0.16,290.0,15.0,3.33,0.17,320.0,0
2025-09-06,2,3,1,4498,22,6.88,3,0.07,5.1,3.26,20.0,13.0,101.0,2.0,1.0,0.18,17.0,5.29,0.19,360.0,15.0,5.33,0.16,310.0,18.0,5.0,0.17,390.0,20.0,1.0,0.17,370.0,14.0,2.85,0.18,390.0,17.0,0.58,0.18,420.0,0
2025-09-06,2,4,4,4982,2,6.85,4,0.16,4.01,1.64,7.0,5.0,73.0,0.0,0.0,0.17,9.0,4.44,0.13,180.0,14.0,1.42,0.21,470.0,13.0,2.3,0.16,350.0,9.0,2.22,0.17,340.0,16.0,0.62,0.17,390.0,12.0,0.0,0.18,360.0,0
2025-09-06,2,5,6,5407,35,6.9,6,0.21,0.0,0.0,0.0,0.0,0.0,0.0,0.0,0.0,0.0,0.0,0.0,0.0,0.0,0.0,0.0,0.0,0.0,0.0,0.0,0.0,0.0,0.0,0.0,0.0,0.0,0.0,0.0,0.0,0.0,0.0,0.0,0.0,0
2025-09-06,2,6,3,4154,49,6.85,5,0.22,5.6,3.62,20.0,22.0,116.0,2.0,0.0,0.18,21.0,5.23,0.19,310.0,19.0,4.21,0.18,430.0,23.0,4.78,0.16,330.0,20.0,3.0,0.18,410.0,17.0,3.52,0.19,410.0,16.0,0.0,0.22,490.0,0
2025-09-06,5,1,6,4661,37,6.91,1,0.09,4.76,2.12,6.0,8.0,66.0,0.0,0.0,0.21,10.0,5.0,0.17,420.0,11.0,3.63,0.22,420.0,13.0,2.3,0.19,390.0,12.0,0.83,0.21,510.0,11.0,0.0,0.23,480.0,9.0,1.11,0.26,570.0,0
2025-09-06,5,2,2,3362,50,6.85,2,0.13,6.16,4.91,26.0,35.0,124.0,4.0,1.0,0.19,23.0,9.13,0.15,280.0,41.0,5.12,0.2,420.0,33.0,3.63,0.19,400.0,25.0,2.8,0.2,440.0,2.0,0.0,0.23,450.0,0.0,0.0,0.0,0.0,0
2025-09-06,5,3,4,3641,18,6.92,3,0.13,6.02,4.25,32.0,25.0,134.0,2.0,1.0,0.15,27.0,7.77,0.16,320.0,20.0,3.5,0.18,380.0,25.0,4.8,0.14,290.0,23.0,2.17,0.16,370.0,22.0,4.54,0.16,300.0,17.0,1.17,0.14,330.0,0
2025-09-06,5,4,3,4474,5,6.91,4,0.15,5.09,2.94,16.0,19.0,119.0,0.0,0.0,0.17,17.0,9.41,0.13,160.0,25.0,2.4,0.16,310.0,19.0,3.15,0.16,280.0,21.0,2.38,0.18,350.0,19.0,0.52,0.17,350.0,18.0,0.55,0.21,470.0,0
2025-09-06,5,5,5,3804,39,6.84,6,0.15,4.2,2.5,9.0,10.0,76.0,0.0,0.0,0.18,10.0,7.0,0.13,230.0,14.0,4.28,0.19,410.0,16.0,0.62,0.19,310.0,13.0,3.07,0.17,220.0,13.0,0.76,0.17,350.0,10.0,0.0,0.23,470.0,0
2025-09-06,5,6,1,4448,20,6.81,5,0.11,6.28,4.77,23.0,20.0,90.0,3.0,0.0,0.19,15.0,8.66,0.17,410.0,16.0,4.37,0.17,360.0,16.0,5.0,0.19,360.0,17.0,4.11,0.18,380.0,10.0,5.0,0.19,340.0,16.0,1.87,0.23,450.0,0
2025-09-06,8,1,2,5089,36,6.88,1,0.09,6.33,4.35,28.0,16.0,101.0,4.0,0.0,0.16,25.0,7.6,0.13,220.0,12.0,5.0,0.16,360.0,20.0,5.0,0.13,210.0,17.0,2.35,0.16,360.0,15.0,2.66,0.19,390.0,12.0,0.83,0.21,470.0,0
2025-09-06,8,2,1,4549,6,6.9,2,0.11,5.5,3.33,12.0,22.0,102.0,0.0,0.0,0.2,14.0,5.71,0.17,400.0,18.0,2.77,0.17,420.0,22.0,2.72,0.2,390.0,18.0,3.88,0.22,430.0,16.0,3.75,0.17,450.0,14.0,1.42,0.24,510.0,0
2025-09-06,8,3,4,4394,51,6.95,3,0.05,5.21,3.12,11.0,14.0,80.0,0.0,0.0,0.17,11.0,9.09,0.17,320.0,11.0,3.63,0.18,320.0,13.0,5.38,0.15,220.0,19.0,1.57,0.17,340.0,16.0,0.62,0.16,310.0,10.0,0.0,0.17,400.0,0
2025-09-06,8,4,3,4040,52,6.91,4,0.12,5.49,3.43,26.0,21.0,137.0,1.0,0.0,0.14,24.0,6.66,0.16,330.0,21.0,4.28,0.13,270.0,24.0,4.58,0.15,270.0,27.0,1.11,0.14,260.0,22.0,2.72,0.12,280.0,19.0,1.05,0.14,260.0,0
2025-09-06,8,5,6,4047,12,6.95,5,0.15,3.78,1.76,9.0,6.0,85.0,0.0,0.0,0.17,13.0,7.69,0.13,200.0,14.0,1.42,0.18,390.0,17.0,1.76,0.15,270.0,11.0,0.0,0.17,350.0,15.0,0.0,0.2,330.0,15.0,0.0,0.21,460.0,0
2025-09-06,8,6,5,5407,35,6.93,6,0.14,0.0,0.0,0.0,0.0,0.0,0.0,0.0,0.0,0.0,0.0,0.0,0.0,0.0,0.0,0.0,0.0,0.0,0.0,0.0,0.0,0.0,0.0,0.0,0.0,0.0,0.0,0.0,0.0,0.0,0.0,0.0,0.0,0
2025-09-06,10,1,2,3554,46,6.89,1,0.19,6.53,5.0,38.0,30.0,136.0,5.0,0.0,0.17,33.0,7.87,0.15,290.0,29.0,5.17,0.17,360.0,37.0,4.32,0.19,380.0,28.0,3.21,0.19,390.0,6.0,1.66,0.18,300.0,3.0,3.33,0.15,330.0,0
2025-09-06,10,2,3,4377,3,6.97,2,0.18,5.87,4.3,21.0,32.0,123.0,3.0,0.0,0.17,23.0,8.69,0.14,220.0,17.0,4.11,0.15,260.0,20.0,4.0,0.19,320.0,25.0,5.2,0.16,360.0,22.0,2.27,0.17,330.0,16.0,0.0,0.22,490.0,0
2025-09-06,10,3,5,4740,19,6.86,3,0.13,4.15,2.15,9.0,14.0,107.0,0.0,0.0,0.2,13.0,5.38,0.16,270.0,23.0,3.47,0.2,390.0,15.0,2.0,0.18,290.0,17.0,1.76,0.2,470.0,24.0,0.41,0.21,440.0,15.0,0.66,0.22,460.0,0
2025-09-06,10,4,1,5339,7,6.87,5,0.07,3.56,1.57,3.0,11.0,89.0,0.0,0.0,0.18,0.0,0.0,0.0,0.0,0.0,0.0,0.0,0.0,0.0,0.0,0.0,0.0,17.0,2.35,0.16,260.0,29.0,2.06,0.19,350.0,43.0,0.93,0.17,320.0,0
2025-09-06,10,5,6,3362,50,6.93,4,0.22,6.16,4.91,26.0,35.0,124.0,4.0,1.0,0.19,23.0,9.13,0.15,280.0,41.0,5.12,0.2,420.0,33.0,3.63,0.19,400.0,25.0,2.8,0.2,440.0,2.0,0.0,0.23,450.0,0.0,0.0,0.0,0.0,0
2025-09-06,10,6,4,4163,8,6.91,6,0.15,5.72,3.67,21.0,26.0,128.0,1.0,0.0,0.18,20.0,9.0,0.16,320.0,28.0,4.28,0.18,390.0,22.0,3.63,0.18,400.0,22.0,1.81,0.18,370.0,28.0,1.42,0.17,390.0,8.0,1.25,0.23,510.0,0
2025-09-06,11,1,2,4278,16,6.85,1,0.12,6.29,4.28,32.0,25.0,133.0,5.0,1.0,0.12,25.0,6.4,0.12,250.0,27.0,5.18,0.12,270.0,20.0,3.5,0.1,200.0,21.0,3.81,0.13,210.0,27.0,3.33,0.13,250.0,13.0,2.3,0.15,330.0,0
2025-09-06,11,2,5,5089,36,6.78,2,0.25,6.33,4.35,28.0,16.0,101.0,4.0,0.0,0.16,25.0,7.6,0.13,220.0,12.0,5.0,0.16,360.0,20.0,5.0,0.13,210.0,17.0,2.35,0.16,360.0,15.0,2.66,0.19,390.0,12.0,0.83,0.21,470.0,0
2025-09-06,11,3,6,5136,54,6.92,3,0.29,6.69,4.82,40.0,29.0,143.0,3.0,1.0,0.14,33.0,8.18,0.12,210.0,23.0,3.91,0.14,320.0,26.0,5.76,0.14,240.0,22.0,5.0,0.16,250.0,19.0,2.1,0.13,280.0,20.0,1.5,0.14,330.0,0
2025-09-06,11,4,4,3641,18,6.93,4,0.21,6.02,4.25,32.0,25.0,134.0,2.0,1.0,0.15,27.0,7.77,0.16,320.0,20.0,3.5,0.18,380.0,25.0,4.8,0.14,290.0,23.0,2.17,0.16,370.0,22.0,4.54,0.16,300.0,17.0,1.17,0.14,330.0,0
2025-09-06,11,5,1,3663,15,6.84,5,0.19,4.92,2.77,13.0,25.0,137.0,0.0,0.0,0.17,19.0,6.31,0.17,320.0,27.0,3.7,0.18,380.0,23.0,3.47,0.14,330.0,26.0,1.53,0.18,330.0,28.0,1.07,0.17,330.0,14.0,0.71,0.17,320.0,0
2025-09-06,11,6,3,4832,4,6.88,6,0.18,7.05,5.57,26.0,18.0,79.0,4.0,1.0,0.16,17.0,8.82,0.15,270.0,11.0,6.36,0.19,310.0,10.0,8.0,0.12,210.0,11.0,4.54,0.16,330.0,14.0,3.57,0.15,290.0,16.0,2.5,0.18,360.0,0
2025-09-06,12,1,6,4982,2,6.86,1,0.38,4.01,1.64,7.0,5.0,73.0,0.0,0.0,0.17,9.0,4.44,0.13,180.0,14.0,1.42,0.21,470.0,13.0,2.3,0.16,350.0,9.0,2.22,0.17,340.0,16.0,0.62,0.17,390.0,12.0,0.0,0.18,360.0,0
2025-09-06,12,2,1,4409,47,6.94,2,0.17,6.22,4.37,35.0,28.0,144.0,1.0,0.0,0.14,30.0,9.0,0.14,260.0,26.0,5.0,0.15,270.0,23.0,3.47,0.12,260.0,22.0,5.0,0.14,290.0,23.0,1.3,0.16,310.0,20.0,0.5,0.15,350.0,0
2025-09-06,12,3,2,3629,56,6.96,4,0.13,6.01,4.37,26.0,26.0,119.0,2.0,0.0,0.15,24.0,7.91,0.17,250.0,24.0,6.66,0.13,230.0,17.0,1.17,0.16,260.0,24.0,3.75,0.13,240.0,21.0,2.85,0.12,220.0,9.0,0.0,0.19,420.0,0
2025-09-06,12,4,3,4154,49,6.84,3,0.19,5.6,3.62,20.0,22.0,116.0,2.0,0.0,0.18,21.0,5.23,0.19,310.0,19.0,4.21,0.18,430.0,23.0,4.78,0.16,330.0,20.0,3.0,0.18,410.0,17.0,3.52,0.19,410.0,16.0,0.0,0.22,490.0,0
2025-09-06,12,5,4,4549,6,6.98,5,0.17,5.5,3.33,12.0,22.0,102.0,0.0,0.0,0.2,14.0,5.71,0.17,400.0,18.0,2.77,0.17,420.0,22.0,2.72,0.2,390.0,18.0,3.88,0.22,430.0,16.0,3.75,0.17,450.0,14.0,1.42,0.24,510.0,0
2025-09-06,12,6,5,5127,34,6.86,6,0.23,5.04,2.92,10.0,23.0,113.0,0.0,0.0,0.19,17.0,5.29,0.18,340.0,22.0,4.09,0.2,390.0,22.0,2.27,0.19,400.0,18.0,2.77,0.17,330.0,22.0,2.27,0.2,450.0,12.0,0.0,0.19,440.0,0
2025-09-07,1,1,5,5176,17,6.82,1,0.21,2.97,1.47,1.0,4.0,34.0,0.0,0.0,0.18,3.0,3.33,0.38,530.0,9.0,2.22,0.19,420.0,4.0,2.5,0.13,250.0,2.0,0.0,0.13,250.0,7.0,1.42,0.17,350.0,9.0,0.0,0.16,300.0,0
2025-09-07,1,2,1,3804,39,6.85,2,0.16,4.2,2.5,9.0,10.0,76.0,0.0,0.0,0.18,10.0,7.0,0.13,230.0,14.0,4.28,0.19,410.0,16.0,0.62,0.19,310.0,13.0,3.07,0.17,220.0,13.0,0.76,0.17,350.0,10.0,0.0,0.23,470.0,0
2025-09-07,1,3,2,4656,55,6.88,3,0.12,4.84,2.28,11.0,13.0,105.0,0.0,0.0,0.16,14.0,5.71,0.15,300.0,15.0,2.66,0.18,350.0,18.0,3.88,0.15,250.0,18.0,2.22,0.15,290.0,16.0,0.0,0.16,310.0,24.0,0.41,0.17,340.0,0
2025-09-07,1,4,3,4181,43,6.91,4,0.23,4.43,1.89,12.0,12.0,127.0,0.0,0.0,0.18,15.0,6.0,0.14,240.0,25.0,2.8,0.17,340.0,26.0,1.15,0.18,380.0,28.0,0.71,0.18,410.0,27.0,1.11,0.2,440.0,6.0,0.0,0.31,570.0,0
2025-09-07,1,5,4,3967,41,7.0,5,0.26,4.11,2.41,3.0,18.0,87.0,0.0,0.0,0.21,12.0,3.33,0.22,370.0,18.0,6.11,0.19,420.0,15.0,2.0,0.2,370.0,15.0,0.66,0.22,410.0,12.0,1.66,0.21,400.0,15.0,0.0,0.22,470.0,0
2025-09-07,1,6,6,5407,35,6.95,6,0.24,0.0,0.0,0.0,0.0,0.0,0.0,0.0,0.0,0.0,0.0,0.0,0.0,0.0,0.0,0.0,0.0,0.0,0.0,0.0,0.0,0.0,0.0,0.0,0.0,0.0,0.0,0.0,0.0,0.0,0.0,0.0,0.0,0
2025-09-07,3,1,6,5312,38,6.92,1,0.31,1.68,0.18,0.0,1.0,53.0,0.0,0.0,0.21,0.0,0.0,0.0,0.0,0.0,0.0,0.0,0.0,0.0,0.0,0.0,0.0,5.0,0.0,0.23,420.0,15.0,0.66,0.16,410.0,33.0,0.0,0.22,440.0,0
2025-09-07,3,2,3,4047,12,6.88,2,0.18,3.78,1.76,9.0,6.0,85.0,0.0,0.0,0.17,13.0,7.69,0.13,200.0,14.0,1.42,0.18,390.0,17.0,1.76,0.15,270.0,11.0,0.0,0.17,350.0,15.0,0.0,0.2,330.0,15.0,0.0,0.21,460.0,0
2025-09-07,3,3,1,3629,56,6.91,3,0.09,6.01,4.37,26.0,26.0,119.0,2.0,0.0,0.15,24.0,7.91,0.17,250.0,24.0,6.66,0.13,230.0,17.0,1.17,0.16,260.0,24.0,3.75,0.13,240.0,21.0,2.85,0.12,220.0,9.0,0.0,0.19,420.0,0
2025-09-07,3,4,5,4094,14,7.0,4,0.19,4.55,2.33,7.0,17.0,103.0,0.0,0.0,0.19,13.0,7.69,0.18,410.0,21.0,1.42,0.2,380.0,17.0,0.58,0.19,350.0,14.0,3.57,0.2,410.0,25.0,2.0,0.2,400.0,13.0,0.0,0.19,450.0,0
2025-09-07,3,5,2,4040,52,6.78,5,0.29,5.49,3.43,26.0,21.0,137.0,1.0,0.0,0.14,24.0,6.66,0.16,330.0,21.0,4.28,0.13,270.0,24.0,4.58,0.15,270.0,27.0,1.11,0.14,260.0,22.0,2.72,0.12,280.0,19.0,1.05,0.14,260.0,0
2025-09-07,3,6,4,4498,22,6.95,6,0.21,5.1,3.26,20.0,13.0,101.0,2.0,1.0,0.18,17.0,5.29,0.19,360.0,15.0,5.33,0.16,310.0,18.0,5.0,0.17,390.0,20.0,1.0,0.17,370.0,14.0,2.85,0.18,390.0,17.0,0.58,0.18,420.0,0
2025-09-07,9,1,2,4154,49,6.84,1,0.11,5.6,3.62,20.0,22.0,116.0,2.0,0.0,0.18,21.0,5.23,0.19,310.0,19.0,4.21,0.18,430.0,23.0,4.78,0.16,330.0,20.0,3.0,0.18,410.0,17.0,3.52,0.19,410.0,16.0,0.0,0.22,490.0,0
2025-09-07,9,2,1,4409,47,6.96,2,0.14,6.22,4.37,35.0,28.0,144.0,1.0,0.0,0.14,30.0,9.0,0.14,260.0,26.0,5.0,0.15,270.0,23.0,3.47,0.12,260.0,22.0,5.0,0.14,290.0,23.0,1.3,0.16,310.0,20.0,0.5,0.15,350.0,0
2025-09-07,9,3,3,4040,52,6.85,3,0.12,5.49,3.43,26.0,21.0,137.0,1.0,0.0,0.14,24.0,6.66,0.16,330.0,21.0,4.28,0.13,270.0,24.0,4.58,0.15,270.0,27.0,1.11,0.14,260.0,22.0,2.72,0.12,280.0,19.0,1.05,0.14,260.0,0
2025-09-07,9,4,5,3718,48,6.95,4,0.12,4.08,1.96,9.0,11.0,102.0,1.0,0.0,0.19,13.0,5.38,0.17,340.0,20.0,1.0,0.21,420.0,17.0,2.94,0.15,310.0,17.0,1.76,0.22,420.0,19.0,1.57,0.18,350.0,16.0,0.0,0.19,490.0,0
2025-09-07,9,5,4,4394,51,6.91,5,0.16,5.21,3.12,11.0,14.0,80.0,0.0,0.0,0.17,11.0,9.09,0.17,320.0,11.0,3.63,0.18,320.0,13.0,5.38,0.15,220.0,19.0,1.57,0.17,340.0,16.0,0.62,0.16,310.0,10.0,0.0,0.17,400.0,0
2025-09-07,9,6,6,4661,37,6.99,6,0.21,4.76,2.12,6.0,8.0,66.0,0.0,0.0,0.21,10.0,5.0,0.17,420.0,11.0,3.63,0.22,420.0,13.0,2.3,0.19,390.0,12.0,0.83,0.21,510.0,11.0,0.0,0.23,480.0,9.0,1.11,0.26,570.0,0
2025-09-07,10,1,2,4498,22,6.79,1,0.24,5.1,3.26,20.0,13.0,101.0,2.0,1.0,0.18,17.0,5.29,0.19,360.0,15.0,5.33,0.16,310.0,18.0,5.0,0.17,390.0,20.0,1.0,0.17,370.0,14.0,2.85,0.18,390.0,17.0,0.58,0.18,420.0,0
2025-09-07,10,2,5,4832,4,6.83,3,0.32,7.05,5.57,26.0,18.0,79.0,4.0,1.0,0.16,17.0,8.82,0.15,270.0,11.0,6.36,0.19,310.0,10.0,8.0,0.12,210.0,11.0,4.54,0.16,330.0,14.0,3.57,0.15,290.0,16.0,2.5,0.18,360.0,0
2025-09-07,10,3,4,4163,8,6.82,4,0.18,5.72,3.67,21.0,26.0,128.0,1.0,0.0,0.18,20.0,9.0,0.16,320.0,28.0,4.28,0.18,390.0,22.0,3.63,0.18,400.0,22.0,1.81,0.18,370.0,28.0,1.42,0.17,390.0,8.0,1.25,0.23,510.0,0
2025-09-07,10,4,1,5089,36,6.84,5,0.29,6.33,4.35,28.0,16.0,101.0,4.0,0.0,0.16,25.0,7.6,0.13,220.0,12.0,5.0,0.16,360.0,20.0,5.0,0.13,210.0,17.0,2.35,0.16,360.0,15.0,2.66,0.19,390.0,12.0,0.83,0.21,470.0,0
2025-09-07,10,5,6,3567,53,6.92,6,0.34,3.75,1.83,4.0,7.0,60.0,0.0,0.0,0.19,7.0,2.85,0.14,340.0,12.0,4.16,0.18,380.0,11.0,0.9,0.16,300.0,9.0,0.0,0.18,290.0,12.0,2.5,0.21,360.0,9.0,0.0,0.25,470.0,0
2025-09-07,10,6,3,3362,50,6.97,2,0.14,6.16,4.91,26.0,35.0,124.0,4.0,1.0,0.19,23.0,9.13,0.15,280.0,41.0,5.12,0.2,420.0,33.0,3.63,0.19,400.0,25.0,2.8,0.2,440.0,2.0,0.0,0.23,450.0,0.0,0.0,0.0,0.0,0
2025-09-12,1,1,2,4894,45,7.0,1,0.39,4.8,2.6,8.0,18.0,100.0,0.0,0.0,0.18,13.0,6.92,0.17,380.0,16.0,1.25,0.2,420.0,21.0,3.33,0.17,400.0,14.0,2.85,0.19,390.0,22.0,1.81,0.18,360.0,14.0,0.0,0.18,470.0,0
2025-09-12,1,2,1,4995,61,7.08,3,0.31,4.25,2.47,14.0,12.0,105.0,0.0,0.0,0.19,18.0,7.22,0.16,330.0,20.0,3.0,0.19,350.0,18.0,1.11,0.19,380.0,15.0,2.0,0.16,350.0,13.0,0.76,0.21,420.0,21.0,0.47,0.22,450.0,0
2025-09-12,1,3,3,5124,24,7.01,4,0.31,4.29,2.39,11.0,17.0,117.0,0.0,0.0,0.15,16.0,7.5,0.12,290.0,17.0,1.76,0.16,260.0,23.0,2.17,0.14,280.0,17.0,0.58,0.14,310.0,23.0,2.17,0.15,270.0,21.0,0.95,0.16,380.0,0
2025-09-12,1,4,6,5117,6,6.9,5,0.32,3.37,1.53,2.0,6.0,52.0,0.0,0.0,0.21,4.0,5.0,0.31,450.0,10.0,2.0,0.19,400.0,11.0,2.72,0.17,390.0,8.0,0.0,0.18,360.0,11.0,0.9,0.23,450.0,8.0,0.0,0.21,560.0,0
2025-09-12,1,5,4,5313,43,6.96,6,0.33,3.48,1.01,2.0,7.0,89.0,0.0,0.0,0.18,1.0,0.0,0.25,500.0,0.0,0.0,0.0,0.0,0.0,0.0,0.0,0.0,14.0,0.71,0.2,360.0,20.0,0.0,0.16,280.0,54.0,1.48,0.18,380.0,0
2025-09-12,1,6,5,3687,23,6.94,2,0.39,5.18,3.25,10.0,19.0,89.0,0.0,0.0,0.17,15.0,7.33,0.14,250.0,32.0,4.37,0.16,320.0,15.0,0.66,0.17,350.0,22.0,1.36,0.19,330.0,5.0,0.0,0.19,400.0,0.0,0.0,0.0,0.0,0
2025-09-12,2,1,6,3901,26,6.99,1,0.29,4.42,2.52,14.0,12.0,103.0,0.0,0.0,0.21,14.0,9.28,0.16,260.0,20.0,0.5,0.21,470.0,16.0,3.12,0.2,380.0,15.0,1.33,0.2,400.0,19.0,2.1,0.23,450.0,18.0,0.55,0.25,550.0,0
2025-09-12,2,2,5,4728,4,6.94,2,0.28,4.51,2.5,20.0,8.0,112.0,1.0,1.0,0.19,17.0,7.64,0.14,220.0,24.0,4.16,0.18,340.0,15.0,2.66,0.2,390.0,20.0,0.0,0.2,350.0,19.0,0.52,0.18,350.0,17.0,0.0,0.23,480.0,0
2025-09-12,2,3,1,4931,8,6.92,3,0.16,5.63,3.12,24.0,20.0,141.0,2.0,0.0,0.16,28.0,7.85,0.13,240.0,22.0,4.09,0.16,300.0,20.0,4.0,0.15,320.0,30.0,1.0,0.18,390.0,16.0,0.62,0.16,390.0,25.0,0.4,0.18,490.0,0
2025-09-12,2,4,4,4289,66,6.94,4,0.19,5.44,3.89,25.0,19.0,113.0,0.0,0.0,0.13,21.0,8.57,0.14,210.0,22.0,4.54,0.12,240.0,15.0,5.33,0.12,190.0,18.0,2.22,0.13,250.0,18.0,1.66,0.12,180.0,18.0,0.55,0.14,270.0,0
2025-09-12,2,5,2,3740,60,6.86,5,0.12,6.28,4.71,23.0,26.0,104.0,7.0,1.0,0.17,21.0,9.04,0.17,320.0,14.0,4.28,0.17,340.0,21.0,5.23,0.17,360.0,15.0,2.0,0.18,270.0,14.0,4.28,0.16,310.0,19.0,2.1,0.17,360.0,0
2025-09-12,2,6,3,3516,32,6.97,6,0.09,4.39,2.42,8.0,15.0,95.0,0.0,0.0,0.18,14.0,5.0,0.17,320.0,16.0,3.12,0.17,350.0,19.0,2.63,0.19,380.0,18.0,2.77,0.17,310.0,16.0,0.0,0.2,390.0,12.0,0.83,0.17,330.0,0
2025-09-12,3,1,5,4615,36,6.89,1,0.11,4.38,2.06,7.0,13.0,97.0,0.0,0.0,0.21,14.0,4.28,0.17,300.0,18.0,3.33,0.21,400.0,20.0,2.0,0.19,360.0,13.0,1.53,0.2,420.0,17.0,0.58,0.23,460.0,15.0,0.66,0.26,480.0,0
2025-09-12,3,2,3,5029,9,6.91,2,0.13,6.09,5.0,26.0,20.0,92.0,3.0,1.0,0.15,21.0,8.09,0.15,290.0,12.0,6.66,0.17,230.0,12.0,5.83,0.12,180.0,16.0,3.12,0.11,200.0,17.0,5.29,0.16,250.0,14.0,0.0,0.2,450.0,0
2025-09-12,3,3,2,4826,11,6.99,3,0.15,7.09,5.0,62.0,17.0,158.0,7.0,1.0,0.14,36.0,9.16,0.14,260.0,24.0,6.25,0.14,300.0,30.0,5.0,0.13,230.0,25.0,3.2,0.14,280.0,25.0,2.4,0.13,240.0,18.0,1.11,0.16,310.0,0
2025-09-12,3,4,1,4034,58,6.93,4,0.16,4.88,2.52,10.0,17.0,107.0,1.0,0.0,0.19,15.0,5.33,0.16,360.0,17.0,1.76,0.2,420.0,19.0,3.68,0.19,310.0,22.0,1.81,0.19,400.0,19.0,1.57,0.19,370.0,15.0,1.33,0.23,510.0,0
2025-09-12,3,5,6,4177,1,6.95,5,0.11,4.45,2.27,12.0,8.0,88.0,1.0,0.0,0.17,12.0,5.0,0.16,280.0,12.0,2.5,0.17,330.0,20.0,3.5,0.14,280.0,16.0,2.5,0.15,270.0,14.0,0.0,0.18,310.0,14.0,0.0,0.23,540.0,0
2025-09-12,3,6,4,4277,38,6.98,6,0.13,4.35,2.46,11.0,6.0,69.0,2.0,0.0,0.17,9.0,7.77,0.17,330.0,10.0,1.0,0.19,340.0,13.0,0.76,0.2,380.0,12.0,4.16,0.18,280.0,11.0,1.81,0.13,220.0,14.0,0.71,0.15,350.0,0
2025-09-12,4,1,6,5065,25,6.96,1,0.19,4.6,3.02,10.0,19.0,96.0,0.0,0.0,0.16,15.0,6.0,0.16,210.0,22.0,3.18,0.17,330.0,15.0,2.66,0.16,260.0,17.0,1.76,0.16,300.0,15.0,2.66,0.16,310.0,12.0,1.66,0.13,270.0,0
2025-09-12,4,2,3,4893,33,6.92,2,0.1,4.15,1.91,3.0,6.0,47.0,0.0,0.0,0.18,8.0,2.5,0.21,390.0,7.0,1.42,0.12,300.0,8.0,1.25,0.16,250.0,8.0,2.5,0.2,330.0,5.0,4.0,0.17,340.0,11.0,0.9,0.2,320.0,0
2025-09-12,4,3,4,3878,63,6.91,3,0.09,4.12,1.61,3.0,12.0,93.0,0.0,0.0,0.17,13.0,1.53,0.16,350.0,19.0,1.05,0.16,330.0,16.0,0.62,0.18,360.0,14.0,5.0,0.15,270.0,17.0,1.76,0.17,320.0,14.0,0.0,0.19,450.0,0
2025-09-12,4,4,5,4864,30,6.94,4,0.13,3.92,1.46,2.0,11.0,89.0,0.0,0.0,0.16,12.0,5.0,0.17,280.0,15.0,3.33,0.17,310.0,16.0,0.0,0.14,250.0,11.0,0.9,0.16,310.0,14.0,0.0,0.17,320.0,21.0,0.47,0.17,400.0,0
2025-09-12,4,5,1,4653,28,7.0,5,0.15,6.3,4.3,37.0,19.0,130.0,4.0,2.0,0.16,32.0,8.12,0.16,290.0,23.0,5.65,0.16,280.0,15.0,4.0,0.16,360.0,19.0,3.15,0.14,370.0,17.0,2.35,0.13,220.0,23.0,0.43,0.19,430.0,0
2025-09-12,4,6,2,3484,5,6.97,6,0.22,6.25,4.93,18.0,19.0,75.0,1.0,0.0,0.17,17.0,9.41,0.15,240.0,8.0,3.75,0.17,330.0,17.0,5.29,0.17,320.0,12.0,4.16,0.16,310.0,12.0,1.66,0.16,360.0,9.0,2.22,0.18,300.0,0
2025-09-12,5,1,3,3713,31,6.92,1,0.26,5.28,3.38,23.0,21.0,130.0,1.0,0.0,0.14,25.0,6.8,0.12,190.0,23.0,5.21,0.13,300.0,18.0,2.77,0.13,270.0,27.0,2.59,0.14,200.0,22.0,1.36,0.15,270.0,15.0,0.0,0.16,400.0,0
2025-09-12,5,2,4,4247,37,7.05,2,0.32,5.57,3.37,15.0,16.0,92.0,2.0,0.0,0.16,12.0,6.66,0.17,290.0,17.0,4.11,0.15,250.0,17.0,4.11,0.18,310.0,20.0,4.5,0.15,290.0,15.0,0.0,0.13,370.0,11.0,0.0,0.18,350.0,0
2025-09-12,5,3,1,3822,46,6.85,3,0.19,6.66,4.62,32.0,29.0,132.0,6.0,1.0,0.17,27.0,8.14,0.17,340.0,19.0,5.26,0.18,430.0,25.0,4.0,0.18,340.0,24.0,3.33,0.18,370.0,23.0,3.47,0.17,330.0,14.0,2.14,0.15,390.0,0
2025-09-12,5,4,5,5313,43,7.01,4,0.17,3.48,1.01,2.0,7.0,89.0,0.0,0.0,0.18,1.0,0.0,0.25,500.0,0.0,0.0,0.0,0.0,0.0,0.0,0.0,0.0,14.0,0.71,0.2,360.0,20.0,0.0,0.16,280.0,54.0,1.48,0.18,380.0,0
2025-09-12,5,5,2,4372,41,7.02,5,0.15,4.87,2.78,10.0,12.0,79.0,0.0,0.0,0.16,17.0,7.05,0.17,230.0,12.0,3.33,0.19,340.0,13.0,2.3,0.18,320.0,12.0,1.66,0.16,260.0,11.0,0.9,0.14,250.0,14.0,0.0,0.13,290.0,0
2025-09-12,5,6,6,5145,10,6.86,6,0.28,5.6,3.67,30.0,20.0,136.0,1.0,0.0,0.15,32.0,8.43,0.13,240.0,19.0,3.15,0.15,300.0,26.0,3.46,0.16,250.0,20.0,1.0,0.16,320.0,23.0,2.17,0.14,240.0,15.0,0.66,0.19,410.0,0
2025-09-12,6,1,2,4718,34,6.86,1,0.09,5.8,4.13,26.0,22.0,116.0,4.0,0.0,0.16,23.0,6.95,0.16,270.0,17.0,5.88,0.14,290.0,21.0,4.76,0.18,340.0,20.0,3.5,0.15,310.0,18.0,2.22,0.16,370.0,17.0,0.58,0.15,360.0,0
2025-09-12,6,2,4,3687,23,6.85,2,0.13,5.18,3.25,10.0,19.0,89.0,0.0,0.0,0.17,15.0,7.33,0.14,250.0,32.0,4.37,0.16,320.0,15.0,0.66,0.17,350.0,22.0,1.36,0.19,330.0,5.0,0.0,0.19,400.0,0.0,0.0,0.0,0.0,0
2025-09-12,6,3,6,4899,65,6.94,3,0.14,4.41,2.52,15.0,11.0,103.0,2.0,0.0,0.17,10.0,6.0,0.14,240.0,21.0,2.85,0.17,320.0,17.0,1.76,0.17,270.0,24.0,1.66,0.18,450.0,21.0,2.85,0.17,300.0,10.0,1.0,0.15,300.0,0
2025-09-12,6,4,3,4790,12,6.84,4,0.12,5.73,3.86,29.0,17.0,119.0,2.0,0.0,0.16,23.0,6.95,0.14,260.0,18.0,3.88,0.18,370.0,17.0,5.88,0.16,290.0,20.0,4.0,0.16,270.0,17.0,2.35,0.17,350.0,24.0,0.41,0.15,390.0,0
2025-09-12,6,5,1,4475,35,6.82,5,0.16,6.35,4.69,27.0,19.0,98.0,3.0,0.0,0.15,21.0,10.0,0.15,220.0,14.0,5.71,0.14,280.0,17.0,4.11,0.15,250.0,15.0,4.0,0.15,250.0,15.0,2.66,0.15,310.0,16.0,0.0,0.18,430.0,0
2025-09-12,6,6,5,4138,59,6.88,6,0.24,4.53,2.56,14.0,14.0,109.0,1.0,0.0,0.18,18.0,5.0,0.2,370.0,19.0,3.15,0.18,450.0,16.0,1.25,0.21,400.0,18.0,3.33,0.15,250.0,17.0,1.17,0.15,290.0,20.0,1.5,0.16,310.0,0
2025-09-12,11,1,2,4653,28,6.95,1,0.12,6.3,4.3,37.0,19.0,130.0,4.0,2.0,0.16,32.0,8.12,0.16,290.0,23.0,5.65,0.16,280.0,15.0,4.0,0.16,360.0,19.0,3.15,0.14,370.0,17.0,2.35,0.13,220.0,23.0,0.43,0.19,430.0,0
2025-09-12,11,2,3,4931,8,6.99,2,0.11,5.63,3.12,24.0,20.0,141.0,2.0,0.0,0.16,28.0,7.85,0.13,240.0,22.0,4.09,0.16,300.0,20.0,4.0,0.15,320.0,30.0,1.0,0.18,390.0,16.0,0.62,0.16,390.0,25.0,0.4,0.18,490.0,0
2025-09-12,11,3,1,4790,12,6.94,3,0.11,5.73,3.86,29.0,17.0,119.0,2.0,0.0,0.16,23.0,6.95,0.14,260.0,18.0,3.88,0.18,370.0,17.0,5.88,0.16,290.0,20.0,4.0,0.16,270.0,17.0,2.35,0.17,350.0,24.0,0.41,0.15,390.0,0
2025-09-12,11,4,4,4995,61,6.92,4,0.13,4.25,2.47,14.0,12.0,105.0,0.0,0.0,0.19,18.0,7.22,0.16,330.0,20.0,3.0,0.19,350.0,18.0,1.11,0.19,380.0,15.0,2.0,0.16,350.0,13.0,0.76,0.21,420.0,21.0,0.47,0.22,450.0,0
2025-09-12,11,5,5,5029,9,6.94,5,0.08,6.09,5.0,26.0,20.0,92.0,3.0,1.0,0.15,21.0,8.09,0.15,290.0,12.0,6.66,0.17,230.0,12.0,5.83,0.12,180.0,16.0,3.12,0.11,200.0,17.0,5.29,0.16,250.0,14.0,0.0,0.2,450.0,0
2025-09-12,11,6,6,4247,37,6.88,6,0.15,5.57,3.37,15.0,16.0,92.0,2.0,0.0,0.16,12.0,6.66,0.17,290.0,17.0,4.11,0.15,250.0,17.0,4.11,0.18,310.0,20.0,4.5,0.15,290.0,15.0,0.0,0.13,370.0,11.0,0.0,0.18,350.0,0
2025-09-13,2,1,3,4138,59,6.96,1,0.29,4.53,2.56,14.0,14.0,109.0,1.0,0.0,0.18,18.0,5.0,0.2,370.0,19.0,3.15,0.18,450.0,16.0,1.25,0.21,400.0,18.0,3.33,0.15,250.0,17.0,1.17,0.15,290.0,20.0,1.5,0.16,310.0,0
2025-09-13,2,2,2,4714,7,6.96,2,0.29,4.93,2.6,13.0,13.0,100.0,0.0,0.0,0.18,18.0,7.22,0.16,270.0,18.0,2.22,0.19,350.0,21.0,2.38,0.18,320.0,15.0,1.33,0.19,360.0,18.0,1.11,0.17,300.0,10.0,0.0,0.17,380.0,0
2025-09-13,2,3,1,5029,9,7.02,3,0.21,6.09,5.0,26.0,20.0,92.0,3.0,1.0,0.15,21.0,8.09,0.15,290.0,12.0,6.66,0.17,230.0,12.0,5.83,0.12,180.0,16.0,3.12,0.11,200.0,17.0,5.29,0.16,250.0,14.0,0.0,0.2,450.0,0
2025-09-13,2,4,5,4615,36,7.01,4,0.26,4.38,2.06,7.0,13.0,97.0,0.0,0.0,0.21,14.0,4.28,0.17,300.0,18.0,3.33,0.21,400.0,20.0,2.0,0.19,360.0,13.0,1.53,0.2,420.0,17.0,0.58,0.23,460.0,15.0,0.66,0.26,480.0,0
2025-09-13,2,5,4,4348,40,7.01,5,0.22,6.12,4.01,31.0,22.0,132.0,0.0,0.0,0.18,29.0,9.65,0.17,280.0,19.0,5.26,0.19,440.0,21.0,4.28,0.18,340.0,21.0,1.42,0.18,320.0,21.0,0.95,0.17,390.0,21.0,0.47,0.19,450.0,0
2025-09-13,2,6,6,5313,43,7.04,6,0.21,3.48,1.01,2.0,7.0,89.0,0.0,0.0,0.18,1.0,0.0,0.25,500.0,0.0,0.0,0.0,0.0,0.0,0.0,0.0,0.0,14.0,0.71,0.2,360.0,20.0,0.0,0.16,280.0,54.0,1.48,0.18,380.0,0
2025-09-13,3,1,2,3516,32,6.95,1,0.08,4.39,2.42,8.0,15.0,95.0,0.0,0.0,0.18,14.0,5.0,0.17,320.0,16.0,3.12,0.17,350.0,19.0,2.63,0.19,380.0,18.0,2.77,0.17,310.0,16.0,0.0,0.2,390.0,12.0,0.83,0.17,330.0,0
2025-09-13,3,2,6,4864,30,6.87,3,0.12,3.92,1.46,2.0,11.0,89.0,0.0,0.0,0.16,12.0,5.0,0.17,280.0,15.0,3.33,0.17,310.0,16.0,0.0,0.14,250.0,11.0,0.9,0.16,310.0,14.0,0.0,0.17,320.0,21.0,0.47,0.17,400.0,0
2025-09-13,3,3,4,4627,3,6.95,4,0.11,5.47,3.78,14.0,14.0,74.0,1.0,0.0,0.15,14.0,7.14,0.08,130.0,13.0,6.92,0.16,290.0,12.0,4.16,0.16,320.0,12.0,1.66,0.16,300.0,14.0,0.71,0.16,340.0,9.0,1.11,0.18,410.0,0
2025-09-13,3,4,5,5065,25,6.96,6,0.05,4.6,3.02,10.0,19.0,96.0,0.0,0.0,0.16,15.0,6.0,0.16,210.0,22.0,3.18,0.17,330.0,15.0,2.66,0.16,260.0,17.0,1.76,0.16,300.0,15.0,2.66,0.16,310.0,12.0,1.66,0.13,270.0,0
2025-09-13,3,5,3,4894,45,6.92,5,0.11,4.8,2.6,8.0,18.0,100.0,0.0,0.0,0.18,13.0,6.92,0.17,380.0,16.0,1.25,0.2,420.0,21.0,3.33,0.17,400.0,14.0,2.85,0.19,390.0,22.0,1.81,0.18,360.0,14.0,0.0,0.18,470.0,0
2025-09-13,3,6,1,4475,35,6.9,2,0.06,6.35,4.69,27.0,19.0,98.0,3.0,0.0,0.15,21.0,10.0,0.15,220.0,14.0,5.71,0.14,280.0,17.0,4.11,0.15,250.0,15.0,4.0,0.15,250.0,15.0,2.66,0.15,310.0,16.0,0.0,0.18,430.0,0
2025-09-13,4,1,3,5124,24,6.96,1,0.11,4.29,2.39,11.0,17.0,117.0,0.0,0.0,0.15,16.0,7.5,0.12,290.0,17.0,1.76,0.16,260.0,23.0,2.17,0.14,280.0,17.0,0.58,0.14,310.0,23.0,2.17,0.15,270.0,21.0,0.95,0.16,380.0,0
2025-09-13,4,2,2,3713,31,6.88,2,0.14,5.28,3.38,23.0,21.0,130.0,1.0,0.0,0.14,25.0,6.8,0.12,190.0,23.0,5.21,0.13,300.0,18.0,2.77,0.13,270.0,27.0,2.59,0.14,200.0,22.0,1.36,0.15,270.0,15.0,0.0,0.16,400.0,0
2025-09-13,4,3,1,3841,57,6.89,3,0.11,5.96,3.81,25.0,28.0,139.0,4.0,0.0,0.17,26.0,7.69,0.16,340.0,28.0,5.0,0.17,340.0,26.0,2.3,0.18,350.0,19.0,3.68,0.15,350.0,24.0,2.5,0.18,380.0,16.0,0.0,0.17,460.0,0
2025-09-13,4,4,4,3740,60,6.9,4,0.15,6.28,4.71,23.0,26.0,104.0,7.0,1.0,0.17,21.0,9.04,0.17,320.0,14.0,4.28,0.17,340.0,21.0,5.23,0.17,360.0,15.0,2.0,0.18,270.0,14.0,4.28,0.16,310.0,19.0,2.1,0.17,360.0,0
2025-09-13,4,5,5,4995,61,7.0,5,0.21,4.25,2.47,14.0,12.0,105.0,0.0,0.0,0.19,18.0,7.22,0.16,330.0,20.0,3.0,0.19,350.0,18.0,1.11,0.19,380.0,15.0,2.0,0.16,350.0,13.0,0.76,0.21,420.0,21.0,0.47,0.22,450.0,0
2025-09-13,4,6,6,4289,66,6.92,6,0.14,5.44,3.89,25.0,19.0,113.0,0.0,0.0,0.13,21.0,8.57,0.14,210.0,22.0,4.54,0.12,240.0,15.0,5.33,0.12,190.0,18.0,2.22,0.13,250.0,18.0,1.66,0.12,180.0,18.0,0.55,0.14,270.0,0
2025-09-13,5,1,6,4177,1,6.92,1,0.09,4.45,2.27,12.0,8.0,88.0,1.0,0.0,0.17,12.0,5.0,0.16,280.0,12.0,2.5,0.17,330.0,20.0,3.5,0.14,280.0,16.0,2.5,0.15,270.0,14.0,0.0,0.18,310.0,14.0,0.0,0.23,540.0,0
2025-09-13,5,2,3,3499,27,7.0,2,0.14,6.08,3.86,22.0,22.0,114.0,0.0,0.0,0.14,28.0,7.14,0.15,230.0,20.0,6.0,0.11,250.0,22.0,2.72,0.14,250.0,22.0,1.36,0.14,250.0,15.0,1.33,0.14,240.0,7.0,1.42,0.14,270.0,0
2025-09-13,5,3,2,5117,6,6.91,3,0.18,3.37,1.53,2.0,6.0,52.0,0.0,0.0,0.21,4.0,5.0,0.31,450.0,10.0,2.0,0.19,400.0,11.0,2.72,0.17,390.0,8.0,0.0,0.18,360.0,11.0,0.9,0.23,450.0,8.0,0.0,0.21,560.0,0
2025-09-13,5,4,5,3687,23,6.94,4,0.18,5.18,3.25,10.0,19.0,89.0,0.0,0.0,0.17,15.0,7.33,0.14,250.0,32.0,4.37,0.16,320.0,15.0,0.66,0.17,350.0,22.0,1.36,0.19,330.0,5.0,0.0,0.19,400.0,0.0,0.0,0.0,0.0,0
2025-09-13,5,5,1,3901,26,6.99,5,0.19,4.42,2.52,14.0,12.0,103.0,0.0,0.0,0.21,14.0,9.28,0.16,260.0,20.0,0.5,0.21,470.0,16.0,3.12,0.2,380.0,15.0,1.33,0.2,400.0,19.0,2.1,0.23,450.0,18.0,0.55,0.25,550.0,0
2025-09-13,5,6,4,4496,64,6.95,6,0.19,6.55,5.4,29.0,31.0,111.0,4.0,3.0,0.18,27.0,7.77,0.19,420.0,16.0,6.87,0.2,380.0,16.0,6.25,0.18,320.0,20.0,4.5,0.18,360.0,13.0,5.38,0.16,310.0,19.0,1.05,0.17,410.0,0
2025-09-13,8,1,3,4381,2,6.81,1,0.13,6.44,4.74,33.0,31.0,135.0,6.0,0.0,0.15,22.0,7.72,0.15,250.0,21.0,3.81,0.14,250.0,23.0,4.78,0.17,320.0,24.0,7.5,0.13,220.0,24.0,2.5,0.15,300.0,21.0,1.9,0.17,360.0,0
2025-09-13,8,2,2,5145,10,6.85,2,0.08,5.6,3.67,30.0,20.0,136.0,1.0,0.0,0.15,32.0,8.43,0.13,240.0,19.0,3.15,0.15,300.0,26.0,3.46,0.16,250.0,20.0,1.0,0.16,320.0,23.0,2.17,0.14,240.0,15.0,0.66,0.19,410.0,0
2025-09-13,8,3,5,4864,30,6.92,3,0.07,3.92,1.46,2.0,11.0,89.0,0.0,0.0,0.16,12.0,5.0,0.17,280.0,15.0,3.33,0.17,310.0,16.0,0.0,0.14,250.0,11.0,0.9,0.16,310.0,14.0,0.0,0.17,320.0,21.0,0.47,0.17,400.0,0
2025-09-13,8,4,4,4247,37,6.94,4,0.13,5.57,3.37,15.0,16.0,92.0,2.0,0.0,0.16,12.0,6.66,0.17,290.0,17.0,4.11,0.15,250.0,17.0,4.11,0.18,310.0,20.0,4.5,0.15,290.0,15.0,0.0,0.13,370.0,11.0,0.0,0.18,350.0,0
2025-09-13,8,5,1,4138,59,6.92,5,0.11,4.53,2.56,14.0,14.0,109.0,1.0,0.0,0.18,18.0,5.0,0.2,370.0,19.0,3.15,0.18,450.0,16.0,1.25,0.21,400.0,18.0,3.33,0.15,250.0,17.0,1.17,0.15,290.0,20.0,1.5,0.16,310.0,0
2025-09-13,8,6,6,5326,47,6.93,6,0.12,2.49,0.29,1.0,1.0,69.0,0.0,0.0,0.2,0.0,0.0,0.0,0.0,0.0,0.0,0.0,0.0,1.0,0.0,0.2,400.0,18.0,0.0,0.2,410.0,17.0,1.17,0.18,420.0,33.0,0.0,0.21,440.0,0
2025-09-13,9,1,3,5029,9,6.92,1,0.34,6.09,5.0,26.0,20.0,92.0,3.0,1.0,0.15,21.0,8.09,0.15,290.0,12.0,6.66,0.17,230.0,12.0,5.83,0.12,180.0,16.0,3.12,0.11,200.0,17.0,5.29,0.16,250.0,14.0,0.0,0.2,450.0,0
2025-09-13,9,2,2,4790,12,6.91,2,0.32,5.73,3.86,29.0,17.0,119.0,2.0,0.0,0.16,23.0,6.95,0.14,260.0,18.0,3.88,0.18,370.0,17.0,5.88,0.16,290.0,20.0,4.0,0.16,270.0,17.0,2.35,0.17,350.0,24.0,0.41,0.15,390.0,0
2025-09-13,9,3,4,4894,45,6.97,3,0.41,4.8,2.6,8.0,18.0,100.0,0.0,0.0,0.18,13.0,6.92,0.17,380.0,16.0,1.25,0.2,420.0,21.0,3.33,0.17,400.0,14.0,2.85,0.19,390.0,22.0,1.81,0.18,360.0,14.0,0.0,0.18,470.0,0
2025-09-13,9,4,5,4208,39,6.9,4,0.25,7.35,5.24,39.0,25.0,122.0,6.0,1.0,0.15,30.0,8.66,0.16,360.0,20.0,6.0,0.16,350.0,16.0,3.75,0.15,290.0,18.0,5.0,0.14,320.0,18.0,2.77,0.16,320.0,20.0,3.0,0.15,320.0,0
2025-09-13,9,5,6,4728,4,7.03,5,0.31,4.51,2.5,20.0,8.0,112.0,1.0,1.0,0.19,17.0,7.64,0.14,220.0,24.0,4.16,0.18,340.0,15.0,2.66,0.2,390.0,20.0,0.0,0.2,350.0,19.0,0.52,0.18,350.0,17.0,0.0,0.23,480.0,0
2025-09-13,9,6,1,3822,46,6.89,6,0.24,6.66,4.62,32.0,29.0,132.0,6.0,1.0,0.17,27.0,8.14,0.17,340.0,19.0,5.26,0.18,430.0,25.0,4.0,0.18,340.0,24.0,3.33,0.18,370.0,23.0,3.47,0.17,330.0,14.0,2.14,0.15,390.0,0
2025-09-13,10,1,6,4102,29,6.94,1,0.22,6.23,4.62,40.0,21.0,132.0,4.0,0.0,0.15,29.0,8.96,0.13,220.0,17.0,4.11,0.15,290.0,23.0,5.21,0.15,330.0,20.0,5.0,0.14,270.0,25.0,2.4,0.14,330.0,18.0,0.0,0.19,350.0,0
2025-09-13,10,2,5,4475,35,6.91,2,0.13,6.35,4.69,27.0,19.0,98.0,3.0,0.0,0.15,21.0,10.0,0.15,220.0,14.0,5.71,0.14,280.0,17.0,4.11,0.15,250.0,15.0,4.0,0.15,250.0,15.0,2.66,0.15,310.0,16.0,0.0,0.18,430.0,0
2025-09-13,10,3,1,4653,28,6.94,3,0.08,6.3,4.3,37.0,19.0,130.0,4.0,2.0,0.16,32.0,8.12,0.16,290.0,23.0,5.65,0.16,280.0,15.0,4.0,0.16,360.0,19.0,3.15,0.14,370.0,17.0,2.35,0.13,220.0,23.0,0.43,0.19,430.0,0
2025-09-13,10,4,2,4718,34,6.84,4,0.04,5.8,4.13,26.0,22.0,116.0,4.0,0.0,0.16,23.0,6.95,0.16,270.0,17.0,5.88,0.14,290.0,21.0,4.76,0.18,340.0,20.0,3.5,0.15,310.0,18.0,2.22,0.16,370.0,17.0,0.58,0.15,360.0,0
2025-09-13,10,5,4,3713,31,6.94,5,0.07,5.28,3.38,23.0,21.0,130.0,1.0,0.0,0.14,25.0,6.8,0.12,190.0,23.0,5.21,0.13,300.0,18.0,2.77,0.13,270.0,27.0,2.59,0.14,200.0,22.0,1.36,0.15,270.0,15.0,0.0,0.16,400.0,0
2025-09-13,10,6,3,4714,7,6.89,6,0.04,4.93,2.6,13.0,13.0,100.0,0.0,0.0,0.18,18.0,7.22,0.16,270.0,18.0,2.22,0.19,350.0,21.0,2.38,0.18,320.0,15.0,1.33,0.19,360.0,18.0,1.11,0.17,300.0,10.0,0.0,0.17,380.0,0
2025-09-14,1,1,2,4034,58,7.01,1,0.05,4.88,2.52,10.0,17.0,107.0,1.0,0.0,0.19,15.0,5.33,0.16,360.0,17.0,1.76,0.2,420.0,19.0,3.68,0.19,310.0,22.0,1.81,0.19,400.0,19.0,1.57,0.19,370.0,15.0,1.33,0.23,510.0,0
2025-09-14,1,2,6,5117,6,7.01,3,0.01,3.37,1.53,2.0,6.0,52.0,0.0,0.0,0.21,4.0,5.0,0.31,450.0,10.0,2.0,0.19,400.0,11.0,2.72,0.17,390.0,8.0,0.0,0.18,360.0,11.0,0.9,0.23,450.0,8.0,0.0,0.21,560.0,0
2025-09-14,1,3,3,4177,1,7.06,4,0.07,4.45,2.27,12.0,8.0,88.0,1.0,0.0,0.17,12.0,5.0,0.16,280.0,12.0,2.5,0.17,330.0,20.0,3.5,0.14,280.0,16.0,2.5,0.15,270.0,14.0,0.0,0.18,310.0,14.0,0.0,0.23,540.0,0
2025-09-14,1,4,4,5124,24,6.99,5,0.04,4.29,2.39,11.0,17.0,117.0,0.0,0.0,0.15,16.0,7.5,0.12,290.0,17.0,1.76,0.16,260.0,23.0,2.17,0.14,280.0,17.0,0.58,0.14,310.0,23.0,2.17,0.15,270.0,21.0,0.95,0.16,380.0,0
2025-09-14,1,5,5,3516,32,6.93,6,0.08,4.39,2.42,8.0,15.0,95.0,0.0,0.0,0.18,14.0,5.0,0.17,320.0,16.0,3.12,0.17,350.0,19.0,2.63,0.19,380.0,18.0,2.77,0.17,310.0,16.0,0.0,0.2,390.0,12.0,0.83,0.17,330.0,0
2025-09-14,1,6,1,3713,31,7.0,2,0.07,5.28,3.38,23.0,21.0,130.0,1.0,0.0,0.14,25.0,6.8,0.12,190.0,23.0,5.21,0.13,300.0,18.0,2.77,0.13,270.0,27.0,2.59,0.14,200.0,22.0,1.36,0.15,270.0,15.0,0.0,0.16,400.0,0
2025-09-14,2,1,4,4893,33,6.89,1,0.24,4.15,1.91,3.0,6.0,47.0,0.0,0.0,0.18,8.0,2.5,0.21,390.0,7.0,1.42,0.12,300.0,8.0,1.25,0.16,250.0,8.0,2.5,0.2,330.0,5.0,4.0,0.17,340.0,11.0,0.9,0.2,320.0,0
2025-09-14,2,2,6,3901,26,7.0,2,0.35,4.42,2.52,14.0,12.0,103.0,0.0,0.0,0.21,14.0,9.28,0.16,260.0,20.0,0.5,0.21,470.0,16.0,3.12,0.2,380.0,15.0,1.33,0.2,400.0,19.0,2.1,0.23,450.0,18.0,0.55,0.25,550.0,0
2025-09-14,2,3,2,4995,61,6.95,3,0.24,4.25,2.47,14.0,12.0,105.0,0.0,0.0,0.19,18.0,7.22,0.16,330.0,20.0,3.0,0.19,350.0,18.0,1.11,0.19,380.0,15.0,2.0,0.16,350.0,13.0,0.76,0.21,420.0,21.0,0.47,0.22,450.0,0
2025-09-14,2,4,1,4138,59,6.93,4,0.22,4.53,2.56,14.0,14.0,109.0,1.0,0.0,0.18,18.0,5.0,0.2,370.0,19.0,3.15,0.18,450.0,16.0,1.25,0.21,400.0,18.0,3.33,0.15,250.0,17.0,1.17,0.15,290.0,20.0,1.5,0.16,310.0,0
2025-09-14,2,5,5,5313,43,6.98,5,0.23,3.48,1.01,2.0,7.0,89.0,0.0,0.0,0.18,1.0,0.0,0.25,500.0,0.0,0.0,0.0,0.0,0.0,0.0,0.0,0.0,14.0,0.71,0.2,360.0,20.0,0.0,0.16,280.0,54.0,1.48,0.18,380.0,0
2025-09-14,2,6,3,4381,2,6.84,6,0.21,6.44,4.74,33.0,31.0,135.0,6.0,0.0,0.15,22.0,7.72,0.15,250.0,21.0,3.81,0.14,250.0,23.0,4.78,0.17,320.0,24.0,7.5,0.13,220.0,24.0,2.5,0.15,300.0,21.0,1.9,0.17,360.0,0
2025-09-14,3,1,3,3687,23,6.91,1,0.18,5.18,3.25,10.0,19.0,89.0,0.0,0.0,0.17,15.0,7.33,0.14,250.0,32.0,4.37,0.16,320.0,15.0,0.66,0.17,350.0,22.0,1.36,0.19,330.0,5.0,0.0,0.19,400.0,0.0,0.0,0.0,0.0,0
2025-09-14,3,2,6,4289,66,6.91,2,0.19,5.44,3.89,25.0,19.0,113.0,0.0,0.0,0.13,21.0,8.57,0.14,210.0,22.0,4.54,0.12,240.0,15.0,5.33,0.12,190.0,18.0,2.22,0.13,250.0,18.0,1.66,0.12,180.0,18.0,0.55,0.14,270.0,0
2025-09-14,3,3,4,4475,35,6.89,3,0.13,6.35,4.69,27.0,19.0,98.0,3.0,0.0,0.15,21.0,10.0,0.15,220.0,14.0,5.71,0.14,280.0,17.0,4.11,0.15,250.0,15.0,4.0,0.15,250.0,15.0,2.66,0.15,310.0,16.0,0.0,0.18,430.0,0
2025-09-14,3,4,5,4277,38,6.99,4,0.04,4.35,2.46,11.0,6.0,69.0,2.0,0.0,0.17,9.0,7.77,0.17,330.0,10.0,1.0,0.19,340.0,13.0,0.76,0.2,380.0,12.0,4.16,0.18,280.0,11.0,1.81,0.13,220.0,14.0,0.71,0.15,350.0,0
2025-09-14,3,5,1,5065,25,6.99,5,0.05,4.6,3.02,10.0,19.0,96.0,0.0,0.0,0.16,15.0,6.0,0.16,210.0,22.0,3.18,0.17,330.0,15.0,2.66,0.16,260.0,17.0,1.76,0.16,300.0,15.0,2.66,0.16,310.0,12.0,1.66,0.13,270.0,0
2025-09-14,3,6,2,4931,8,6.91,6,0.09,5.63,3.12,24.0,20.0,141.0,2.0,0.0,0.16,28.0,7.85,0.13,240.0,22.0,4.09,0.16,300.0,20.0,4.0,0.15,320.0,30.0,1.0,0.18,390.0,16.0,0.62,0.16,390.0,25.0,0.4,0.18,490.0,0
2025-09-14,5,1,6,4899,65,6.92,1,0.11,4.41,2.52,15.0,11.0,103.0,2.0,0.0,0.17,10.0,6.0,0.14,240.0,21.0,2.85,0.17,320.0,17.0,1.76,0.17,270.0,24.0,1.66,0.18,450.0,21.0,2.85,0.17,300.0,10.0,1.0,0.15,300.0,0
2025-09-14,5,2,4,5124,24,6.96,2,0.12,4.29,2.39,11.0,17.0,117.0,0.0,0.0,0.15,16.0,7.5,0.12,290.0,17.0,1.76,0.16,260.0,23.0,2.17,0.14,280.0,17.0,0.58,0.14,310.0,23.0,2.17,0.15,270.0,21.0,0.95,0.16,380.0,0
2025-09-14,5,3,3,4314,44,6.92,3,0.08,5.59,3.55,17.0,15.0,90.0,1.0,0.0,0.14,10.0,9.0,0.17,240.0,17.0,3.52,0.15,310.0,14.0,3.57,0.12,240.0,20.0,4.0,0.13,200.0,15.0,2.66,0.13,260.0,14.0,0.0,0.15,320.0,0
2025-09-14,5,4,1,3822,46,6.85,4,0.09,6.66,4.62,32.0,29.0,132.0,6.0,1.0,0.17,27.0,8.14,0.17,340.0,19.0,5.26,0.18,430.0,25.0,4.0,0.18,340.0,24.0,3.33,0.18,370.0,23.0,3.47,0.17,330.0,14.0,2.14,0.15,390.0,0
2025-09-14,5,5,2,5145,10,6.92,5,0.15,5.6,3.67,30.0,20.0,136.0,1.0,0.0,0.15,32.0,8.43,0.13,240.0,19.0,3.15,0.15,300.0,26.0,3.46,0.16,250.0,20.0,1.0,0.16,320.0,23.0,2.17,0.14,240.0,15.0,0.66,0.19,410.0,0
2025-09-14,5,6,5,5326,47,6.93,6,0.21,2.49,0.29,1.0,1.0,69.0,0.0,0.0,0.2,0.0,0.0,0.0,0.0,0.0,0.0,0.0,0.0,1.0,0.0,0.2,400.0,18.0,0.0,0.2,410.0,17.0,1.17,0.18,420.0,33.0,0.0,0.21,440.0,0
2025-09-14,10,1,2,4314,44,6.94,1,0.14,5.59,3.55,17.0,15.0,90.0,1.0,0.0,0.14,10.0,9.0,0.17,240.0,17.0,3.52,0.15,310.0,14.0,3.57,0.12,240.0,20.0,4.0,0.13,200.0,15.0,2.66,0.13,260.0,14.0,0.0,0.15,320.0,0
2025-09-14,10,2,6,4277,38,6.92,2,0.15,4.35,2.46,11.0,6.0,69.0,2.0,0.0,0.17,9.0,7.77,0.17,330.0,10.0,1.0,0.19,340.0,13.0,0.76,0.2,380.0,12.0,4.16,0.18,280.0,11.0,1.81,0.13,220.0,14.0,0.71,0.15,350.0,0
2025-09-14,10,3,3,3740,60,6.97,3,0.08,6.28,4.71,23.0,26.0,104.0,7.0,1.0,0.17,21.0,9.04,0.17,320.0,14.0,4.28,0.17,340.0,21.0,5.23,0.17,360.0,15.0,2.0,0.18,270.0,14.0,4.28,0.16,310.0,19.0,2.1,0.17,360.0,0
2025-09-14,10,4,1,4518,62,6.92,4,0.11,6.44,4.67,39.0,19.0,124.0,1.0,0.0,0.16,31.0,9.35,0.13,270.0,17.0,4.7,0.17,370.0,23.0,3.47,0.15,320.0,20.0,3.5,0.16,310.0,17.0,3.52,0.17,380.0,15.0,0.0,0.18,400.0,0
2025-09-14,10,5,4,4790,12,6.88,5,0.07,5.73,3.86,29.0,17.0,119.0,2.0,0.0,0.16,23.0,6.95,0.14,260.0,18.0,3.88,0.18,370.0,17.0,5.88,0.16,290.0,20.0,4.0,0.16,270.0,17.0,2.35,0.17,350.0,24.0,0.41,0.15,390.0,0
2025-09-14,10,6,5,4995,61,6.87,6,0.11,4.25,2.47,14.0,12.0,105.0,0.0,0.0,0.19,18.0,7.22,0.16,330.0,20.0,3.0,0.19,350.0,18.0,1.11,0.19,380.0,15.0,2.0,0.16,350.0,13.0,0.76,0.21,420.0,21.0,0.47,0.22,450.0,0
2025-09-15,2,1,6,5117,6,6.97,1,0.32,3.37,1.53,2.0,6.0,52.0,0.0,0.0,0.21,4.0,5.0,0.31,450.0,10.0,2.0,0.19,400.0,11.0,2.72,0.17,390.0,8.0,0.0,0.18,360.0,11.0,0.9,0.23,450.0,8.0,0.0,0.21,560.0,0
2025-09-15,2,2,2,4348,40,6.98,2,0.16,6.12,4.01,31.0,22.0,132.0,0.0,0.0,0.18,29.0,9.65,0.17,280.0,19.0,5.26,0.19,440.0,21.0,4.28,0.18,340.0,21.0,1.42,0.18,320.0,21.0,0.95,0.17,390.0,21.0,0.47,0.19,450.0,0
2025-09-15,2,3,1,3516,32,7.01,3,0.13,4.39,2.42,8.0,15.0,95.0,0.0,0.0,0.18,14.0,5.0,0.17,320.0,16.0,3.12,0.17,350.0,19.0,2.63,0.19,380.0,18.0,2.77,0.17,310.0,16.0,0.0,0.2,390.0,12.0,0.83,0.17,330.0,0
2025-09-15,2,4,4,5326,47,6.91,4,0.16,2.49,0.29,1.0,1.0,69.0,0.0,0.0,0.2,0.0,0.0,0.0,0.0,0.0,0.0,0.0,0.0,1.0,0.0,0.2,400.0,18.0,0.0,0.2,410.0,17.0,1.17,0.18,420.0,33.0,0.0,0.21,440.0,0
2025-09-15,2,5,3,4381,2,6.9,5,0.11,6.44,4.74,33.0,31.0,135.0,6.0,0.0,0.15,22.0,7.72,0.15,250.0,21.0,3.81,0.14,250.0,23.0,4.78,0.17,320.0,24.0,7.5,0.13,220.0,24.0,2.5,0.15,300.0,21.0,1.9,0.17,360.0,0
2025-09-15,2,6,5,4615,36,6.95,6,0.19,4.38,2.06,7.0,13.0,97.0,0.0,0.0,0.21,14.0,4.28,0.17,300.0,18.0,3.33,0.21,400.0,20.0,2.0,0.19,360.0,13.0,1.53,0.2,420.0,17.0,0.58,0.23,460.0,15.0,0.66,0.26,480.0,0
2025-09-15,8,1,2,4208,39,6.87,1,0.19,7.35,5.24,39.0,25.0,122.0,6.0,1.0,0.15,30.0,8.66,0.16,360.0,20.0,6.0,0.16,350.0,16.0,3.75,0.15,290.0,18.0,5.0,0.14,320.0,18.0,2.77,0.16,320.0,20.0,3.0,0.15,320.0,0
2025-09-15,8,2,5,3484,5,6.96,2,0.26,6.25,4.93,18.0,19.0,75.0,1.0,0.0,0.17,17.0,9.41,0.15,240.0,8.0,3.75,0.17,330.0,17.0,5.29,0.17,320.0,12.0,4.16,0.16,310.0,12.0,1.66,0.16,360.0,9.0,2.22,0.18,300.0,0
2025-09-15,8,3,3,3713,31,6.94,3,0.21,5.28,3.38,23.0,21.0,130.0,1.0,0.0,0.14,25.0,6.8,0.12,190.0,23.0,5.21,0.13,300.0,18.0,2.77,0.13,270.0,27.0,2.59,0.14,200.0,22.0,1.36,0.15,270.0,15.0,0.0,0.16,400.0,0
2025-09-15,8,4,1,5029,9,6.93,4,0.18,6.09,5.0,26.0,20.0,92.0,3.0,1.0,0.15,21.0,8.09,0.15,290.0,12.0,6.66,0.17,230.0,12.0,5.83,0.12,180.0,16.0,3.12,0.11,200.0,17.0,5.29,0.16,250.0,14.0,0.0,0.2,450.0,0
2025-09-15,8,5,4,4615,36,7.0,5,0.22,4.38,2.06,7.0,13.0,97.0,0.0,0.0,0.21,14.0,4.28,0.17,300.0,18.0,3.33,0.21,400.0,20.0,2.0,0.19,360.0,13.0,1.53,0.2,420.0,17.0,0.58,0.23,460.0,15.0,0.66,0.26,480.0,0
2025-09-15,8,6,6,4894,45,6.9,6,0.19,4.8,2.6,8.0,18.0,100.0,0.0,0.0,0.18,13.0,6.92,0.17,380.0,16.0,1.25,0.2,420.0,21.0,3.33,0.17,400.0,14.0,2.85,0.19,390.0,22.0,1.81,0.18,360.0,14.0,0.0,0.18,470.0,0
2025-09-15,10,1,4,4826,11,6.99,1,0.33,7.09,5.0,62.0,17.0,158.0,7.0,1.0,0.14,36.0,9.16,0.14,260.0,24.0,6.25,0.14,300.0,30.0,5.0,0.13,230.0,25.0,3.2,0.14,280.0,25.0,2.4,0.13,240.0,18.0,1.11,0.16,310.0,0
2025-09-15,10,2,3,4518,62,6.9,2,0.19,6.44,4.67,39.0,19.0,124.0,1.0,0.0,0.16,31.0,9.35,0.13,270.0,17.0,4.7,0.17,370.0,23.0,3.47,0.15,320.0,20.0,3.5,0.16,310.0,17.0,3.52,0.17,380.0,15.0,0.0,0.18,400.0,0
2025-09-15,10,3,6,4277,38,6.93,3,0.14,4.35,2.46,11.0,6.0,69.0,2.0,0.0,0.17,9.0,7.77,0.17,330.0,10.0,1.0,0.19,340.0,13.0,0.76,0.2,380.0,12.0,4.16,0.18,280.0,11.0,1.81,0.13,220.0,14.0,0.71,0.15,350.0,0
2025-09-15,10,4,5,4627,3,6.92,4,0.13,5.47,3.78,14.0,14.0,74.0,1.0,0.0,0.15,14.0,7.14,0.08,130.0,13.0,6.92,0.16,290.0,12.0,4.16,0.16,320.0,12.0,1.66,0.16,300.0,14.0,0.71,0.16,340.0,9.0,1.11,0.18,410.0,0
2025-09-15,10,5,1,4864,30,6.95,5,0.02,3.92,1.46,2.0,11.0,89.0,0.0,0.0,0.16,12.0,5.0,0.17,280.0,15.0,3.33,0.17,310.0,16.0,0.0,0.14,250.0,11.0,0.9,0.16,310.0,14.0,0.0,0.17,320.0,21.0,0.47,0.17,400.0,0
2025-09-15,10,6,2,5065,25,6.97,6,0.04,4.6,3.02,10.0,19.0,96.0,0.0,0.0,0.16,15.0,6.0,0.16,210.0,22.0,3.18,0.17,330.0,15.0,2.66,0.16,260.0,17.0,1.76,0.16,300.0,15.0,2.66,0.16,310.0,12.0,1.66,0.13,270.0,0
2025-09-15,11,1,3,4381,2,6.88,1,0.19,6.44,4.74,33.0,31.0,135.0,6.0,0.0,0.15,22.0,7.72,0.15,250.0,21.0,3.81,0.14,250.0,23.0,4.78,0.17,320.0,24.0,7.5,0.13,220.0,24.0,2.5,0.15,300.0,21.0,1.9,0.17,360.0,0
2025-09-15,11,2,4,4931,8,6.95,2,0.16,5.63,3.12,24.0,20.0,141.0,2.0,0.0,0.16,28.0,7.85,0.13,240.0,22.0,4.09,0.16,300.0,20.0,4.0,0.15,320.0,30.0,1.0,0.18,390.0,16.0,0.62,0.16,390.0,25.0,0.4,0.18,490.0,0
2025-09-15,11,3,1,4314,44,6.95,3,0.11,5.59,3.55,17.0,15.0,90.0,1.0,0.0,0.14,10.0,9.0,0.17,240.0,17.0,3.52,0.15,310.0,14.0,3.57,0.12,240.0,20.0,4.0,0.13,200.0,15.0,2.66,0.13,260.0,14.0,0.0,0.15,320.0,0
2025-09-15,11,4,6,4372,41,6.98,4,0.12,4.87,2.78,10.0,12.0,79.0,0.0,0.0,0.16,17.0,7.05,0.17,230.0,12.0,3.33,0.19,340.0,13.0,2.3,0.18,320.0,12.0,1.66,0.16,260.0,11.0,0.9,0.14,250.0,14.0,0.0,0.13,290.0,0
2025-09-15,11,5,5,3499,27,6.99,5,0.07,6.08,3.86,22.0,22.0,114.0,0.0,0.0,0.14,28.0,7.14,0.15,230.0,20.0,6.0,0.11,250.0,22.0,2.72,0.14,250.0,22.0,1.36,0.14,250.0,15.0,1.33,0.14,240.0,7.0,1.42,0.14,270.0,0
2025-09-15,11,6,2,4653,28,7.06,6,0.12,6.3,4.3,37.0,19.0,130.0,4.0,2.0,0.16,32.0,8.12,0.16,290.0,23.0,5.65,0.16,280.0,15.0,4.0,0.16,360.0,19.0,3.15,0.14,370.0,17.0,2.35,0.13,220.0,23.0,0.43,0.19,430.0,0
2025-09-15,12,1,2,3822,46,6.79,1,0.2,6.66,4.62,32.0,29.0,132.0,6.0,1.0,0.17,27.0,8.14,0.17,340.0,19.0,5.26,0.18,430.0,25.0,4.0,0.18,340.0,24.0,3.33,0.18,370.0,23.0,3.47,0.17,330.0,14.0,2.14,0.15,390.0,0
2025-09-15,12,2,6,3740,60,6.93,2,0.28,6.28,4.71,23.0,26.0,104.0,7.0,1.0,0.17,21.0,9.04,0.17,320.0,14.0,4.28,0.17,340.0,21.0,5.23,0.17,360.0,15.0,2.0,0.18,270.0,14.0,4.28,0.16,310.0,19.0,2.1,0.17,360.0,0
2025-09-15,12,3,3,4102,29,6.97,3,0.14,6.23,4.62,40.0,21.0,132.0,4.0,0.0,0.15,29.0,8.96,0.13,220.0,17.0,4.11,0.15,290.0,23.0,5.21,0.15,330.0,20.0,5.0,0.14,270.0,25.0,2.4,0.14,330.0,18.0,0.0,0.19,350.0,0
2025-09-15,12,4,5,3841,57,6.9,4,0.12,5.96,3.81,25.0,28.0,139.0,4.0,0.0,0.17,26.0,7.69,0.16,340.0,28.0,5.0,0.17,340.0,26.0,2.3,0.18,350.0,19.0,3.68,0.15,350.0,24.0,2.5,0.18,380.0,16.0,0.0,0.17,460.0,0
2025-09-15,12,5,1,4208,39,6.93,5,0.12,7.35,5.24,39.0,25.0,122.0,6.0,1.0,0.15,30.0,8.66,0.16,360.0,20.0,6.0,0.16,350.0,16.0,3.75,0.15,290.0,18.0,5.0,0.14,320.0,18.0,2.77,0.16,320.0,20.0,3.0,0.15,320.0,0
2025-09-15,12,6,4,4348,40,6.96,6,0.16,6.12,4.01,31.0,22.0,132.0,0.0,0.0,0.18,29.0,9.65,0.17,280.0,19.0,5.26,0.19,440.0,21.0,4.28,0.18,340.0,21.0,1.42,0.18,320.0,21.0,0.95,0.17,390.0,21.0,0.47,0.19,450.0,0
2025-09-16,3,1,2,3516,32,6.94,1,0.14,4.39,2.42,8.0,15.0,95.0,0.0,0.0,0.18,14.0,5.0,0.17,320.0,16.0,3.12,0.17,350.0,19.0,2.63,0.19,380.0,18.0,2.77,0.17,310.0,16.0,0.0,0.2,390.0,12.0,0.83,0.17,330.0,0
2025-09-16,3,2,6,4102,29,6.9,3,0.21,6.23,4.62,40.0,21.0,132.0,4.0,0.0,0.15,29.0,8.96,0.13,220.0,17.0,4.11,0.15,290.0,23.0,5.21,0.15,330.0,20.0,5.0,0.14,270.0,25.0,2.4,0.14,330.0,18.0,0.0,0.19,350.0,0
2025-09-16,3,3,1,4518,62,6.92,4,0.19,6.44,4.67,39.0,19.0,124.0,1.0,0.0,0.16,31.0,9.35,0.13,270.0,17.0,4.7,0.17,370.0,23.0,3.47,0.15,320.0,20.0,3.5,0.16,310.0,17.0,3.52,0.17,380.0,15.0,0.0,0.18,400.0,0
2025-09-16,3,4,3,3484,5,6.99,5,0.21,6.25,4.93,18.0,19.0,75.0,1.0,0.0,0.17,17.0,9.41,0.15,240.0,8.0,3.75,0.17,330.0,17.0,5.29,0.17,320.0,12.0,4.16,0.16,310.0,12.0,1.66,0.16,360.0,9.0,2.22,0.18,300.0,0
2025-09-16,3,5,4,3687,23,6.96,2,0.14,5.18,3.25,10.0,19.0,89.0,0.0,0.0,0.17,15.0,7.33,0.14,250.0,32.0,4.37,0.16,320.0,15.0,0.66,0.17,350.0,22.0,1.36,0.19,330.0,5.0,0.0,0.19,400.0,0.0,0.0,0.0,0.0,0
2025-09-16,3,6,5,4790,12,6.88,6,0.21,5.73,3.86,29.0,17.0,119.0,2.0,0.0,0.16,23.0,6.95,0.14,260.0,18.0,3.88,0.18,370.0,17.0,5.88,0.16,290.0,20.0,4.0,0.16,270.0,17.0,2.35,0.17,350.0,24.0,0.41,0.15,390.0,0
2025-09-16,5,1,3,5145,10,6.85,1,0.19,5.6,3.67,30.0,20.0,136.0,1.0,0.0,0.15,32.0,8.43,0.13,240.0,19.0,3.15,0.15,300.0,26.0,3.46,0.16,250.0,20.0,1.0,0.16,320.0,23.0,2.17,0.14,240.0,15.0,0.66,0.19,410.0,0
2025-09-16,5,2,5,4381,2,6.84,2,0.23,6.44,4.74,33.0,31.0,135.0,6.0,0.0,0.15,22.0,7.72,0.15,250.0,21.0,3.81,0.14,250.0,23.0,4.78,0.17,320.0,24.0,7.5,0.13,220.0,24.0,2.5,0.15,300.0,21.0,1.9,0.17,360.0,0
2025-09-16,5,3,6,4995,61,6.89,3,0.31,4.25,2.47,14.0,12.0,105.0,0.0,0.0,0.19,18.0,7.22,0.16,330.0,20.0,3.0,0.19,350.0,18.0,1.11,0.19,380.0,15.0,2.0,0.16,350.0,13.0,0.76,0.21,420.0,21.0,0.47,0.22,450.0,0
2025-09-16,5,4,1,4138,59,6.94,4,0.16,4.53,2.56,14.0,14.0,109.0,1.0,0.0,0.18,18.0,5.0,0.2,370.0,19.0,3.15,0.18,450.0,16.0,1.25,0.21,400.0,18.0,3.33,0.15,250.0,17.0,1.17,0.15,290.0,20.0,1.5,0.16,310.0,0
2025-09-16,5,5,4,4247,37,6.95,5,0.18,5.57,3.37,15.0,16.0,92.0,2.0,0.0,0.16,12.0,6.66,0.17,290.0,17.0,4.11,0.15,250.0,17.0,4.11,0.18,310.0,20.0,4.5,0.15,290.0,15.0,0.0,0.13,370.0,11.0,0.0,0.18,350.0,0
2025-09-16,5,6,2,4931,8,6.98,6,0.18,5.63,3.12,24.0,20.0,141.0,2.0,0.0,0.16,28.0,7.85,0.13,240.0,22.0,4.09,0.16,300.0,20.0,4.0,0.15,320.0,30.0,1.0,0.18,390.0,16.0,0.62,0.16,390.0,25.0,0.4,0.18,490.0,0
2025-09-16,6,1,4,4314,44,6.93,1,0.23,5.59,3.55,17.0,15.0,90.0,1.0,0.0,0.14,10.0,9.0,0.17,240.0,17.0,3.52,0.15,310.0,14.0,3.57,0.12,240.0,20.0,4.0,0.13,200.0,15.0,2.66,0.13,260.0,14.0,0.0,0.15,320.0,0
2025-09-16,6,2,6,4177,1,7.07,2,0.2,4.45,2.27,12.0,8.0,88.0,1.0,0.0,0.17,12.0,5.0,0.16,280.0,12.0,2.5,0.17,330.0,20.0,3.5,0.14,280.0,16.0,2.5,0.15,270.0,14.0,0.0,0.18,310.0,14.0,0.0,0.23,540.0,0
2025-09-16,6,3,5,3901,26,7.06,3,0.16,4.42,2.52,14.0,12.0,103.0,0.0,0.0,0.21,14.0,9.28,0.16,260.0,20.0,0.5,0.21,470.0,16.0,3.12,0.2,380.0,15.0,1.33,0.2,400.0,19.0,2.1,0.23,450.0,18.0,0.55,0.25,550.0,0
2025-09-16,6,4,1,4826,11,6.91,4,0.04,7.09,5.0,62.0,17.0,158.0,7.0,1.0,0.14,36.0,9.16,0.14,260.0,24.0,6.25,0.14,300.0,30.0,5.0,0.13,230.0,25.0,3.2,0.14,280.0,25.0,2.4,0.13,240.0,18.0,1.11,0.16,310.0,0
2025-09-16,6,5,3,4277,38,6.94,5,0.03,4.35,2.46,11.0,6.0,69.0,2.0,0.0,0.17,9.0,7.77,0.17,330.0,10.0,1.0,0.19,340.0,13.0,0.76,0.2,380.0,12.0,4.16,0.18,280.0,11.0,1.81,0.13,220.0,14.0,0.71,0.15,350.0,0
2025-09-16,6,6,2,4496,64,6.95,6,0.08,6.55,5.4,29.0,31.0,111.0,4.0,3.0,0.18,27.0,7.77,0.19,420.0,16.0,6.87,0.2,380.0,16.0,6.25,0.18,320.0,20.0,4.5,0.18,360.0,13.0,5.38,0.16,310.0,19.0,1.05,0.17,410.0,0
2025-09-16,7,1,2,4718,34,6.92,1,0.16,5.8,4.13,26.0,22.0,116.0,4.0,0.0,0.16,23.0,6.95,0.16,270.0,17.0,5.88,0.14,290.0,21.0,4.76,0.18,340.0,20.0,3.5,0.15,310.0,18.0,2.22,0.16,370.0,17.0,0.58,0.15,360.0,0
2025-09-16,7,2,5,4899,65,7.08,2,0.16,4.41,2.52,15.0,11.0,103.0,2.0,0.0,0.17,10.0,6.0,0.14,240.0,21.0,2.85,0.17,320.0,17.0,1.76,0.17,270.0,24.0,1.66,0.18,450.0,21.0,2.85,0.17,300.0,10.0,1.0,0.15,300.0,0
2025-09-16,7,3,3,4615,36,7.04,3,0.19,4.38,2.06,7.0,13.0,97.0,0.0,0.0,0.21,14.0,4.28,0.17,300.0,18.0,3.33,0.21,400.0,20.0,2.0,0.19,360.0,13.0,1.53,0.2,420.0,17.0,0.58,0.23,460.0,15.0,0.66,0.26,480.0,0
2025-09-16,7,4,4,3499,27,7.03,4,0.11,6.08,3.86,22.0,22.0,114.0,0.0,0.0,0.14,28.0,7.14,0.15,230.0,20.0,6.0,0.11,250.0,22.0,2.72,0.14,250.0,22.0,1.36,0.14,250.0,15.0,1.33,0.14,240.0,7.0,1.42,0.14,270.0,0
2025-09-16,7,5,6,5117,6,7.01,5,0.08,3.37,1.53,2.0,6.0,52.0,0.0,0.0,0.21,4.0,5.0,0.31,450.0,10.0,2.0,0.19,400.0,11.0,2.72,0.17,390.0,8.0,0.0,0.18,360.0,11.0,0.9,0.23,450.0,8.0,0.0,0.21,560.0,0
2025-09-16,7,6,1,3822,46,6.89,6,0.02,6.66,4.62,32.0,29.0,132.0,6.0,1.0,0.17,27.0,8.14,0.17,340.0,19.0,5.26,0.18,430.0,25.0,4.0,0.18,340.0,24.0,3.33,0.18,370.0,23.0,3.47,0.17,330.0,14.0,2.14,0.15,390.0,0
2025-09-17,2,1,5,5124,24,6.95,1,0.16,4.29,2.39,11.0,17.0,117.0,0.0,0.0,0.15,16.0,7.5,0.12,290.0,17.0,1.76,0.16,260.0,23.0,2.17,0.14,280.0,17.0,0.58,0.14,310.0,23.0,2.17,0.15,270.0,21.0,0.95,0.16,380.0,0
2025-09-17,2,2,1,5029,9,6.96,2,0.09,6.09,5.0,26.0,20.0,92.0,3.0,1.0,0.15,21.0,8.09,0.15,290.0,12.0,6.66,0.17,230.0,12.0,5.83,0.12,180.0,16.0,3.12,0.11,200.0,17.0,5.29,0.16,250.0,14.0,0.0,0.2,450.0,0
2025-09-17,2,3,6,5065,25,6.95,3,0.08,4.6,3.02,10.0,19.0,96.0,0.0,0.0,0.16,15.0,6.0,0.16,210.0,22.0,3.18,0.17,330.0,15.0,2.66,0.16,260.0,17.0,1.76,0.16,300.0,15.0,2.66,0.16,310.0,12.0,1.66,0.13,270.0,0
2025-09-17,2,4,4,4372,41,7.0,4,0.14,4.87,2.78,10.0,12.0,79.0,0.0,0.0,0.16,17.0,7.05,0.17,230.0,12.0,3.33,0.19,340.0,13.0,2.3,0.18,320.0,12.0,1.66,0.16,260.0,11.0,0.9,0.14,250.0,14.0,0.0,0.13,290.0,0
2025-09-17,2,5,2,3841,57,6.91,5,0.14,5.96,3.81,25.0,28.0,139.0,4.0,0.0,0.17,26.0,7.69,0.16,340.0,28.0,5.0,0.17,340.0,26.0,2.3,0.18,350.0,19.0,3.68,0.15,350.0,24.0,2.5,0.18,380.0,16.0,0.0,0.17,460.0,0
2025-09-17,2,6,3,4931,8,6.98,6,0.14,5.63,3.12,24.0,20.0,141.0,2.0,0.0,0.16,28.0,7.85,0.13,240.0,22.0,4.09,0.16,300.0,20.0,4.0,0.15,320.0,30.0,1.0,0.18,390.0,16.0,0.62,0.16,390.0,25.0,0.4,0.18,490.0,0
2025-09-17,3,1,2,3484,5,7.02,1,0.12,6.25,4.93,18.0,19.0,75.0,1.0,0.0,0.17,17.0,9.41,0.15,240.0,8.0,3.75,0.17,330.0,17.0,5.29,0.17,320.0,12.0,4.16,0.16,310.0,12.0,1.66,0.16,360.0,9.0,2.22,0.18,300.0,0
2025-09-17,3,2,6,4995,61,6.96,2,0.14,4.25,2.47,14.0,12.0,105.0,0.0,0.0,0.19,18.0,7.22,0.16,330.0,20.0,3.0,0.19,350.0,18.0,1.11,0.19,380.0,15.0,2.0,0.16,350.0,13.0,0.76,0.21,420.0,21.0,0.47,0.22,450.0,0
2025-09-17,3,3,3,3901,26,7.09,3,0.09,4.42,2.52,14.0,12.0,103.0,0.0,0.0,0.21,14.0,9.28,0.16,260.0,20.0,0.5,0.21,470.0,16.0,3.12,0.2,380.0,15.0,1.33,0.2,400.0,19.0,2.1,0.23,450.0,18.0,0.55,0.25,550.0,0
2025-09-17,3,4,4,4718,34,6.95,4,0.03,5.8,4.13,26.0,22.0,116.0,4.0,0.0,0.16,23.0,6.95,0.16,270.0,17.0,5.88,0.14,290.0,21.0,4.76,0.18,340.0,20.0,3.5,0.15,310.0,18.0,2.22,0.16,370.0,17.0,0.58,0.15,360.0,0
2025-09-17,3,5,1,4208,39,6.93,5,0.02,7.35,5.24,39.0,25.0,122.0,6.0,1.0,0.15,30.0,8.66,0.16,360.0,20.0,6.0,0.16,350.0,16.0,3.75,0.15,290.0,18.0,5.0,0.14,320.0,18.0,2.77,0.16,320.0,20.0,3.0,0.15,320.0,0
2025-09-17,3,6,5,4864,30,6.97,6,0.01,3.92,1.46,2.0,11.0,89.0,0.0,0.0,0.16,12.0,5.0,0.17,280.0,15.0,3.33,0.17,310.0,16.0,0.0,0.14,250.0,11.0,0.9,0.16,310.0,14.0,0.0,0.17,320.0,21.0,0.47,0.17,400.0,0
2025-09-17,4,1,2,4247,37,6.99,1,0.12,5.57,3.37,15.0,16.0,92.0,2.0,0.0,0.16,12.0,6.66,0.17,290.0,17.0,4.11,0.15,250.0,17.0,4.11,0.18,310.0,20.0,4.5,0.15,290.0,15.0,0.0,0.13,370.0,11.0,0.0,0.18,350.0,0
2025-09-17,4,2,4,4277,38,6.95,2,0.12,4.35,2.46,11.0,6.0,69.0,2.0,0.0,0.17,9.0,7.77,0.17,330.0,10.0,1.0,0.19,340.0,13.0,0.76,0.2,380.0,12.0,4.16,0.18,280.0,11.0,1.81,0.13,220.0,14.0,0.71,0.15,350.0,0
2025-09-17,4,3,5,4714,7,6.98,3,0.08,4.93,2.6,13.0,13.0,100.0,0.0,0.0,0.18,18.0,7.22,0.16,270.0,18.0,2.22,0.19,350.0,21.0,2.38,0.18,320.0,15.0,1.33,0.19,360.0,18.0,1.11,0.17,300.0,10.0,0.0,0.17,380.0,0
2025-09-17,4,4,1,4381,2,6.93,4,0.16,6.44,4.74,33.0,31.0,135.0,6.0,0.0,0.15,22.0,7.72,0.15,250.0,21.0,3.81,0.14,250.0,23.0,4.78,0.17,320.0,24.0,7.5,0.13,220.0,24.0,2.5,0.15,300.0,21.0,1.9,0.17,360.0,0
2025-09-17,4,5,5,4034,58,6.98,5,0.14,4.88,2.52,10.0,17.0,107.0,1.0,0.0,0.19,15.0,5.33,0.16,360.0,17.0,1.76,0.2,420.0,19.0,3.68,0.19,310.0,22.0,1.81,0.19,400.0,19.0,1.57,0.19,370.0,15.0,1.33,0.23,510.0,0
2025-09-17,4,6,3,4790,12,6.93,6,0.19,5.73,3.86,29.0,17.0,119.0,2.0,0.0,0.16,23.0,6.95,0.14,260.0,18.0,3.88,0.18,370.0,17.0,5.88,0.16,290.0,20.0,4.0,0.16,270.0,17.0,2.35,0.17,350.0,24.0,0.41,0.15,390.0,0
2025-09-17,9,1,3,4790,12,6.88,1,0.25,5.73,3.86,29.0,17.0,119.0,2.0,0.0,0.16,23.0,6.95,0.14,260.0,18.0,3.88,0.18,370.0,17.0,5.88,0.16,290.0,20.0,4.0,0.16,270.0,17.0,2.35,0.17,350.0,24.0,0.41,0.15,390.0,0
2025-09-17,9,2,2,3841,57,6.98,2,0.15,5.96,3.81,25.0,28.0,139.0,4.0,0.0,0.17,26.0,7.69,0.16,340.0,28.0,5.0,0.17,340.0,26.0,2.3,0.18,350.0,19.0,3.68,0.15,350.0,24.0,2.5,0.18,380.0,16.0,0.0,0.17,460.0,0
2025-09-17,9,3,1,4208,39,6.98,3,0.13,7.35,5.24,39.0,25.0,122.0,6.0,1.0,0.15,30.0,8.66,0.16,360.0,20.0,6.0,0.16,350.0,16.0,3.75,0.15,290.0,18.0,5.0,0.14,320.0,18.0,2.77,0.16,320.0,20.0,3.0,0.15,320.0,0
2025-09-17,9,4,5,3484,5,6.97,4,0.16,6.25,4.93,18.0,19.0,75.0,1.0,0.0,0.17,17.0,9.41,0.15,240.0,8.0,3.75,0.17,330.0,17.0,5.29,0.17,320.0,12.0,4.16,0.16,310.0,12.0,1.66,0.16,360.0,9.0,2.22,0.18,300.0,0
2025-09-17,9,5,6,5029,9,6.91,5,0.08,6.09,5.0,26.0,20.0,92.0,3.0,1.0,0.15,21.0,8.09,0.15,290.0,12.0,6.66,0.17,230.0,12.0,5.83,0.12,180.0,16.0,3.12,0.11,200.0,17.0,5.29,0.16,250.0,14.0,0.0,0.2,450.0,0
2025-09-17,9,6,4,4381,2,6.91,6,0.13,6.44,4.74,33.0,31.0,135.0,6.0,0.0,0.15,22.0,7.72,0.15,250.0,21.0,3.81,0.14,250.0,23.0,4.78,0.17,320.0,24.0,7.5,0.13,220.0,24.0,2.5,0.15,300.0,21.0,1.9,0.17,360.0,0
2025-09-17,10,1,3,4931,8,6.85,1,0.05,5.63,3.12,24.0,20.0,141.0,2.0,0.0,0.16,28.0,7.85,0.13,240.0,22.0,4.09,0.16,300.0,20.0,4.0,0.15,320.0,30.0,1.0,0.18,390.0,16.0,0.62,0.16,390.0,25.0,0.4,0.18,490.0,0
2025-09-17,10,2,5,4475,35,6.89,2,0.15,6.35,4.69,27.0,19.0,98.0,3.0,0.0,0.15,21.0,10.0,0.15,220.0,14.0,5.71,0.14,280.0,17.0,4.11,0.15,250.0,15.0,4.0,0.15,250.0,15.0,2.66,0.15,310.0,16.0,0.0,0.18,430.0,0
2025-09-17,10,3,6,4718,34,6.91,3,0.15,5.8,4.13,26.0,22.0,116.0,4.0,0.0,0.16,23.0,6.95,0.16,270.0,17.0,5.88,0.14,290.0,21.0,4.76,0.18,340.0,20.0,3.5,0.15,310.0,18.0,2.22,0.16,370.0,17.0,0.58,0.15,360.0,0
2025-09-17,10,4,2,4627,3,6.94,4,0.05,5.47,3.78,14.0,14.0,74.0,1.0,0.0,0.15,14.0,7.14,0.08,130.0,13.0,6.92,0.16,290.0,12.0,4.16,0.16,320.0,12.0,1.66,0.16,300.0,14.0,0.71,0.16,340.0,9.0,1.11,0.18,410.0,0
2025-09-17,10,5,4,4995,61,6.97,5,0.06,4.25,2.47,14.0,12.0,105.0,0.0,0.0,0.19,18.0,7.22,0.16,330.0,20.0,3.0,0.19,350.0,18.0,1.11,0.19,380.0,15.0,2.0,0.16,350.0,13.0,0.76,0.21,420.0,21.0,0.47,0.22,450.0,0
2025-09-17,10,6,1,4826,11,6.98,6,0.09,7.09,5.0,62.0,17.0,158.0,7.0,1.0,0.14,36.0,9.16,0.14,260.0,24.0,6.25,0.14,300.0,30.0,5.0,0.13,230.0,25.0,3.2,0.14,280.0,25.0,2.4,0.13,240.0,18.0,1.11,0.16,310.0,0
2025-09-18,7,1,2,4381,2,6.79,1,0.15,6.44,4.74,33.0,31.0,135.0,6.0,0.0,0.15,22.0,7.72,0.15,250.0,21.0,3.81,0.14,250.0,23.0,4.78,0.17,320.0,24.0,7.5,0.13,220.0,24.0,2.5,0.15,300.0,21.0,1.9,0.17,360.0,0
2025-09-18,7,2,6,5117,6,6.91,2,0.16,3.37,1.53,2.0,6.0,52.0,0.0,0.0,0.21,4.0,5.0,0.31,450.0,10.0,2.0,0.19,400.0,11.0,2.72,0.17,390.0,8.0,0.0,0.18,360.0,11.0,0.9,0.23,450.0,8.0,0.0,0.21,560.0,0
2025-09-18,7,3,5,3687,23,6.95,3,0.18,5.18,3.25,10.0,19.0,89.0,0.0,0.0,0.17,15.0,7.33,0.14,250.0,32.0,4.37,0.16,320.0,15.0,0.66,0.17,350.0,22.0,1.36,0.19,330.0,5.0,0.0,0.19,400.0,0.0,0.0,0.0,0.0,0
2025-09-18,7,4,1,4899,65,7.01,4,0.09,4.41,2.52,15.0,11.0,103.0,2.0,0.0,0.17,10.0,6.0,0.14,240.0,21.0,2.85,0.17,320.0,17.0,1.76,0.17,270.0,24.0,1.66,0.18,450.0,21.0,2.85,0.17,300.0,10.0,1.0,0.15,300.0,0
2025-09-18,7,5,4,5065,25,6.88,5,0.08,4.6,3.02,10.0,19.0,96.0,0.0,0.0,0.16,15.0,6.0,0.16,210.0,22.0,3.18,0.17,330.0,15.0,2.66,0.16,260.0,17.0,1.76,0.16,300.0,15.0,2.66,0.16,310.0,12.0,1.66,0.13,270.0,0
2025-09-18,7,6,3,4475,35,6.85,6,0.13,6.35,4.69,27.0,19.0,98.0,3.0,0.0,0.15,21.0,10.0,0.15,220.0,14.0,5.71,0.14,280.0,17.0,4.11,0.15,250.0,15.0,4.0,0.15,250.0,15.0,2.66,0.15,310.0,16.0,0.0,0.18,430.0,0
2025-09-25,1,1,6,3578,61,6.9,1,0.24,4.48,2.7,11.0,19.0,111.0,0.0,0.0,0.18,19.0,5.78,0.18,360.0,20.0,3.5,0.16,330.0,18.0,2.77,0.17,340.0,18.0,1.66,0.2,320.0,16.0,1.87,0.19,410.0,20.0,0.5,0.17,370.0,0
2025-09-25,1,2,4,3964,53,6.82,2,0.31,4.38,1.71,9.0,9.0,105.0,0.0,0.0,0.21,17.0,4.7,0.18,350.0,18.0,2.77,0.19,400.0,19.0,1.57,0.18,360.0,16.0,0.62,0.26,480.0,19.0,0.0,0.23,430.0,16.0,0.62,0.2,390.0,0
2025-09-25,1,3,2,3508,55,6.94,3,0.29,4.94,2.62,13.0,8.0,80.0,0.0,0.0,0.21,14.0,8.57,0.18,390.0,11.0,2.72,0.2,400.0,14.0,2.14,0.19,440.0,15.0,2.0,0.2,450.0,14.0,0.0,0.2,460.0,12.0,0.0,0.27,570.0,0
2025-09-25,1,4,3,3616,33,6.9,4,0.22,5.32,3.14,16.0,17.0,105.0,1.0,0.0,0.17,26.0,6.53,0.15,230.0,17.0,2.35,0.19,350.0,14.0,2.85,0.15,280.0,16.0,1.25,0.18,310.0,15.0,3.33,0.15,280.0,16.0,0.62,0.18,380.0,0
2025-09-25,1,5,1,3981,18,6.83,5,0.22,3.77,1.83,4.0,12.0,87.0,1.0,0.0,0.19,11.0,7.27,0.16,330.0,13.0,0.76,0.21,520.0,19.0,2.1,0.19,380.0,15.0,0.66,0.19,430.0,15.0,1.33,0.21,430.0,13.0,0.0,0.2,400.0,0
2025-09-25,1,6,5,3935,37,6.94,6,0.28,5.21,2.94,11.0,12.0,78.0,0.0,0.0,0.17,13.0,7.69,0.12,210.0,14.0,3.57,0.16,290.0,12.0,2.5,0.17,310.0,15.0,2.0,0.16,380.0,10.0,2.0,0.22,420.0,14.0,0.0,0.24,490.0,0
2025-09-25,2,1,3,3921,32,6.85,1,0.31,4.23,2.0,7.0,8.0,75.0,0.0,0.0,0.21,12.0,3.33,0.17,330.0,11.0,1.81,0.19,460.0,15.0,2.66,0.22,440.0,13.0,2.3,0.24,550.0,10.0,2.0,0.2,470.0,14.0,0.0,0.22,450.0,0
2025-09-25,2,2,5,3381,63,6.85,2,0.26,5.02,3.4,19.0,15.0,100.0,1.0,0.0,0.16,19.0,6.84,0.16,290.0,17.0,3.52,0.16,210.0,12.0,3.33,0.15,320.0,16.0,2.5,0.14,260.0,23.0,2.17,0.15,270.0,13.0,1.53,0.18,280.0,0
2025-09-25,2,3,2,3612,65,6.85,3,0.23,6.53,4.48,47.0,23.0,156.0,4.0,1.0,0.14,36.0,8.33,0.16,240.0,36.0,4.72,0.14,260.0,31.0,2.9,0.14,260.0,27.0,2.59,0.16,320.0,13.0,3.84,0.14,250.0,13.0,1.53,0.12,240.0,0
2025-09-25,2,4,1,3406,54,6.85,4,0.14,5.49,3.01,14.0,17.0,103.0,1.0,0.0,0.18,17.0,5.88,0.15,310.0,18.0,4.44,0.16,370.0,14.0,2.14,0.16,340.0,22.0,2.27,0.2,430.0,19.0,2.1,0.18,390.0,13.0,0.76,0.2,480.0,0
2025-09-25,2,5,4,3430,30,6.87,5,0.15,3.58,1.97,7.0,10.0,86.0,0.0,0.0,0.18,12.0,6.66,0.16,300.0,19.0,2.63,0.19,400.0,13.0,1.53,0.17,340.0,11.0,0.9,0.19,370.0,20.0,0.5,0.18,390.0,11.0,0.0,0.18,420.0,0
2025-09-25,2,6,6,3825,24,6.94,6,0.12,4.43,2.65,13.0,18.0,117.0,0.0,0.0,0.13,16.0,7.5,0.13,210.0,21.0,0.47,0.14,260.0,20.0,3.5,0.13,230.0,20.0,3.5,0.11,230.0,18.0,1.11,0.11,230.0,22.0,0.9,0.14,220.0,0
2025-09-25,4,1,3,3934,66,6.94,1,0.11,4.69,2.67,9.0,26.0,131.0,0.0,0.0,0.16,23.0,5.65,0.15,270.0,21.0,4.28,0.15,320.0,24.0,2.5,0.14,330.0,23.0,2.17,0.15,270.0,20.0,1.0,0.17,350.0,20.0,0.0,0.19,430.0,0
2025-09-25,4,2,4,3809,22,6.94,2,0.14,4.74,2.07,10.0,11.0,101.0,2.0,1.0,0.16,13.0,6.15,0.17,280.0,24.0,1.25,0.17,370.0,27.0,1.48,0.15,310.0,27.0,1.85,0.16,270.0,6.0,1.66,0.15,380.0,4.0,0.0,0.11,280.0,0
2025-09-25,4,3,5,3906,58,6.9,3,0.11,4.22,2.33,10.0,19.0,124.0,0.0,0.0,0.19,16.0,6.25,0.15,290.0,21.0,1.9,0.18,420.0,23.0,3.47,0.17,350.0,19.0,2.1,0.2,450.0,29.0,1.03,0.19,450.0,16.0,0.0,0.27,500.0,0
2025-09-25,4,4,1,3849,34,6.9,4,0.07,6.67,5.43,26.0,30.0,103.0,6.0,1.0,0.14,20.0,9.5,0.13,230.0,17.0,6.47,0.15,320.0,23.0,3.47,0.16,270.0,24.0,4.16,0.13,200.0,14.0,5.0,0.13,250.0,5.0,2.0,0.17,360.0,0
2025-09-25,4,5,6,3514,16,6.85,5,0.13,5.91,3.55,14.0,2.0,45.0,1.0,0.0,0.16,11.0,8.18,0.15,340.0,5.0,2.0,0.18,360.0,5.0,2.0,0.21,460.0,10.0,3.0,0.15,360.0,9.0,2.22,0.17,340.0,5.0,0.0,0.18,360.0,0
2025-09-25,4,6,2,3613,49,6.91,6,0.12,6.25,4.91,33.0,26.0,120.0,2.0,0.0,0.15,27.0,8.51,0.15,270.0,23.0,5.65,0.15,280.0,18.0,6.11,0.13,230.0,18.0,4.44,0.16,270.0,21.0,0.95,0.14,270.0,13.0,1.53,0.21,370.0,0
2025-09-25,5,1,3,3502,51,6.91,1,0.25,5.22,3.36,20.0,19.0,116.0,0.0,0.0,0.17,23.0,6.52,0.17,310.0,18.0,3.33,0.16,360.0,22.0,3.18,0.17,290.0,22.0,3.63,0.16,280.0,25.0,1.2,0.18,400.0,6.0,0.0,0.21,500.0,0
2025-09-25,5,2,2,3876,21,6.8,2,0.29,8.29,7.53,35.0,20.0,73.0,5.0,3.0,0.16,22.0,10.0,0.14,320.0,10.0,3.0,0.15,370.0,12.0,7.5,0.17,290.0,9.0,7.77,0.17,220.0,9.0,7.77,0.18,390.0,11.0,6.36,0.16,240.0,0
2025-09-25,5,3,6,4036,56,6.85,3,0.18,5.83,3.92,28.0,12.0,102.0,4.0,0.0,0.17,22.0,8.63,0.12,200.0,13.0,3.07,0.22,440.0,16.0,2.5,0.16,330.0,24.0,2.5,0.16,330.0,12.0,2.5,0.17,370.0,15.0,2.66,0.19,370.0,0
2025-09-25,5,4,4,3784,36,6.84,4,0.17,4.32,2.29,7.0,13.0,87.0,0.0,0.0,0.16,11.0,6.36,0.13,200.0,14.0,0.71,0.18,360.0,18.0,3.33,0.18,300.0,21.0,2.38,0.16,300.0,13.0,0.76,0.16,320.0,10.0,0.0,0.18,410.0,0
2025-09-25,5,5,5,3911,20,6.86,6,0.21,4.93,2.7,18.0,15.0,122.0,0.0,0.0,0.17,20.0,7.0,0.19,300.0,21.0,3.33,0.18,340.0,21.0,2.38,0.19,320.0,18.0,1.66,0.15,370.0,23.0,0.87,0.17,370.0,19.0,1.05,0.17,430.0,0
2025-09-25,5,6,1,4024,57,6.88,5,0.17,7.16,5.07,37.0,27.0,126.0,9.0,2.0,0.15,31.0,8.71,0.14,310.0,16.0,6.25,0.17,480.0,15.0,4.0,0.15,350.0,25.0,4.4,0.17,370.0,24.0,3.75,0.14,360.0,15.0,0.66,0.16,350.0,0
2025-09-25,8,1,2,3635,13,6.79,1,0.13,5.61,4.23,19.0,31.0,118.0,1.0,0.0,0.18,23.0,7.82,0.18,290.0,21.0,3.81,0.16,330.0,16.0,7.5,0.15,290.0,18.0,3.88,0.16,340.0,21.0,1.42,0.2,430.0,19.0,1.05,0.22,380.0,0
2025-09-25,8,2,6,3430,30,6.87,2,0.12,3.58,1.97,7.0,10.0,86.0,0.0,0.0,0.18,12.0,6.66,0.16,300.0,19.0,2.63,0.19,400.0,13.0,1.53,0.17,340.0,11.0,0.9,0.19,370.0,20.0,0.5,0.18,390.0,11.0,0.0,0.18,420.0,0
2025-09-25,8,3,3,3964,53,6.79,3,0.16,4.38,1.71,9.0,9.0,105.0,0.0,0.0,0.21,17.0,4.7,0.18,350.0,18.0,2.77,0.19,400.0,19.0,1.57,0.18,360.0,16.0,0.62,0.26,480.0,19.0,0.0,0.23,430.0,16.0,0.62,0.2,390.0,0
2025-09-25,8,4,1,3997,14,6.81,4,0.09,6.53,4.37,37.0,30.0,153.0,4.0,1.0,0.15,34.0,7.64,0.13,230.0,23.0,6.52,0.14,300.0,28.0,3.57,0.17,350.0,24.0,4.58,0.17,340.0,26.0,1.15,0.15,310.0,18.0,1.11,0.17,390.0,0
2025-09-25,8,5,4,3392,35,6.76,5,0.11,4.17,1.23,3.0,8.0,89.0,0.0,0.0,0.19,13.0,3.07,0.19,410.0,15.0,0.66,0.18,410.0,19.0,1.05,0.16,280.0,16.0,1.87,0.2,430.0,12.0,0.83,0.2,430.0,14.0,0.0,0.19,370.0,0
2025-09-25,8,6,5,4028,17,6.96,6,0.16,6.5,4.62,36.0,20.0,121.0,3.0,1.0,0.14,23.0,8.69,0.13,210.0,20.0,4.0,0.12,280.0,21.0,7.61,0.13,230.0,23.0,3.04,0.14,300.0,17.0,1.76,0.16,340.0,17.0,1.17,0.17,340.0,0
2025-09-26,2,1,4,3430,30,6.84,1,0.23,3.58,1.97,7.0,10.0,86.0,0.0,0.0,0.18,12.0,6.66,0.16,300.0,19.0,2.63,0.19,400.0,13.0,1.53,0.17,340.0,11.0,0.9,0.19,370.0,20.0,0.5,0.18,390.0,11.0,0.0,0.18,420.0,0
2025-09-26,2,2,6,3578,61,7.01,2,0.35,4.48,2.7,11.0,19.0,111.0,0.0,0.0,0.18,19.0,5.78,0.18,360.0,20.0,3.5,0.16,330.0,18.0,2.77,0.17,340.0,18.0,1.66,0.2,320.0,16.0,1.87,0.19,410.0,20.0,0.5,0.17,370.0,0
2025-09-26,2,3,5,3502,51,6.93,3,0.23,5.22,3.36,20.0,19.0,116.0,0.0,0.0,0.17,23.0,6.52,0.17,310.0,18.0,3.33,0.16,360.0,22.0,3.18,0.17,290.0,22.0,3.63,0.16,280.0,25.0,1.2,0.18,400.0,6.0,0.0,0.21,500.0,0
2025-09-26,2,4,2,3912,60,6.72,4,0.17,5.54,4.18,30.0,21.0,122.0,1.0,0.0,0.14,23.0,7.39,0.15,260.0,16.0,5.0,0.13,190.0,25.0,4.8,0.11,230.0,17.0,4.11,0.14,250.0,22.0,2.72,0.13,230.0,19.0,0.52,0.19,390.0,0
2025-09-26,2,5,3,3434,23,6.91,5,0.17,4.62,2.53,10.0,10.0,79.0,0.0,0.0,0.18,10.0,8.0,0.17,340.0,14.0,3.57,0.17,360.0,17.0,1.17,0.17,340.0,15.0,2.0,0.15,320.0,14.0,1.42,0.2,420.0,9.0,0.0,0.22,380.0,0
2025-09-26,2,6,1,3412,29,6.92,6,0.11,6.72,5.29,44.0,27.0,134.0,6.0,2.0,0.17,31.0,9.35,0.14,240.0,20.0,5.0,0.18,380.0,22.0,3.63,0.19,380.0,26.0,4.23,0.18,380.0,18.0,3.88,0.19,340.0,17.0,3.52,0.17,340.0,0
2025-09-26,4,1,2,3981,18,6.82,1,0.13,3.77,1.83,4.0,12.0,87.0,1.0,0.0,0.19,11.0,7.27,0.16,330.0,13.0,0.76,0.21,520.0,19.0,2.1,0.19,380.0,15.0,0.66,0.19,430.0,15.0,1.33,0.21,430.0,13.0,0.0,0.2,400.0,0
2025-09-26,4,2,6,3743,19,6.89,2,0.21,6.91,4.75,41.0,18.0,124.0,7.0,1.0,0.15,28.0,8.21,0.13,210.0,23.0,5.21,0.15,320.0,28.0,5.0,0.15,280.0,21.0,3.81,0.16,290.0,16.0,1.25,0.19,410.0,8.0,0.0,0.18,400.0,0
2025-09-26,4,3,4,3392,35,6.9,3,0.14,4.17,1.23,3.0,8.0,89.0,0.0,0.0,0.19,13.0,3.07,0.19,410.0,15.0,0.66,0.18,410.0,19.0,1.05,0.16,280.0,16.0,1.87,0.2,430.0,12.0,0.83,0.2,430.0,14.0,0.0,0.19,370.0,0
2025-09-26,4,4,3,3635,13,6.91,4,0.12,5.61,4.23,19.0,31.0,118.0,1.0,0.0,0.18,23.0,7.82,0.18,290.0,21.0,3.81,0.16,330.0,16.0,7.5,0.15,290.0,18.0,3.88,0.16,340.0,21.0,1.42,0.2,430.0,19.0,1.05,0.22,380.0,0
2025-09-26,4,5,1,3876,21,6.81,5,0.11,8.29,7.53,35.0,20.0,73.0,5.0,3.0,0.16,22.0,10.0,0.14,320.0,10.0,3.0,0.15,370.0,12.0,7.5,0.17,290.0,9.0,7.77,0.17,220.0,9.0,7.77,0.18,390.0,11.0,6.36,0.16,240.0,0
2025-09-26,4,6,5,3508,55,6.87,6,0.19,4.94,2.62,13.0,8.0,80.0,0.0,0.0,0.21,14.0,8.57,0.18,390.0,11.0,2.72,0.2,400.0,14.0,2.14,0.19,440.0,15.0,2.0,0.2,450.0,14.0,0.0,0.2,460.0,12.0,0.0,0.27,570.0,0
2025-09-26,5,1,2,3514,16,6.86,1,0.07,5.91,3.55,14.0,2.0,45.0,1.0,0.0,0.16,11.0,8.18,0.15,340.0,5.0,2.0,0.18,360.0,5.0,2.0,0.21,460.0,10.0,3.0,0.15,360.0,9.0,2.22,0.17,340.0,5.0,0.0,0.18,360.0,0
2025-09-26,5,2,5,3922,62,6.78,2,0.13,3.65,1.57,7.0,10.0,108.0,0.0,0.0,0.18,14.0,5.71,0.16,240.0,22.0,1.36,0.19,380.0,22.0,1.36,0.18,300.0,21.0,0.47,0.19,370.0,20.0,0.5,0.17,360.0,9.0,1.11,0.23,510.0,0
2025-09-26,5,3,1,3777,59,6.77,3,0.06,5.86,3.96,30.0,18.0,121.0,3.0,0.0,0.19,24.0,7.5,0.2,380.0,22.0,5.0,0.16,320.0,21.0,4.28,0.15,320.0,15.0,1.33,0.21,390.0,22.0,2.72,0.2,370.0,17.0,1.17,0.21,440.0,0
2025-09-26,5,4,4,3809,22,6.94,4,0.12,4.74,2.07,10.0,11.0,101.0,2.0,1.0,0.16,13.0,6.15,0.17,280.0,24.0,1.25,0.17,370.0,27.0,1.48,0.15,310.0,27.0,1.85,0.16,270.0,6.0,1.66,0.15,380.0,4.0,0.0,0.11,280.0,0
2025-09-26,5,5,6,4025,50,6.79,5,0.04,6.39,4.49,37.0,25.0,138.0,2.0,1.0,0.18,28.0,8.92,0.16,300.0,28.0,3.92,0.17,370.0,22.0,5.0,0.19,350.0,25.0,2.4,0.18,420.0,23.0,3.47,0.2,380.0,12.0,0.83,0.18,370.0,0
2025-09-26,5,6,3,4036,56,6.85,6,0.03,5.83,3.92,28.0,12.0,102.0,4.0,0.0,0.17,22.0,8.63,0.12,200.0,13.0,3.07,0.22,440.0,16.0,2.5,0.16,330.0,24.0,2.5,0.16,330.0,12.0,2.5,0.17,370.0,15.0,2.66,0.19,370.0,0
2025-09-26,6,1,4,4012,1,6.92,1,0.13,5.66,3.6,16.0,19.0,97.0,1.0,0.0,0.15,21.0,6.66,0.13,230.0,19.0,2.63,0.16,300.0,14.0,5.71,0.14,240.0,19.0,2.1,0.17,340.0,18.0,1.11,0.17,290.0,6.0,3.33,0.15,350.0,0
2025-09-26,6,2,3,3825,24,6.83,2,0.15,4.43,2.65,13.0,18.0,117.0,0.0,0.0,0.13,16.0,7.5,0.13,210.0,21.0,0.47,0.14,260.0,20.0,3.5,0.13,230.0,20.0,3.5,0.11,230.0,18.0,1.11,0.11,230.0,22.0,0.9,0.14,220.0,0
2025-09-26,6,3,2,3997,14,6.81,4,0.09,6.53,4.37,37.0,30.0,153.0,4.0,1.0,0.15,34.0,7.64,0.13,230.0,23.0,6.52,0.14,300.0,28.0,3.57,0.17,350.0,24.0,4.58,0.17,340.0,26.0,1.15,0.15,310.0,18.0,1.11,0.17,390.0,0
2025-09-26,6,4,5,3381,63,6.92,5,0.09,5.02,3.4,19.0,15.0,100.0,1.0,0.0,0.16,19.0,6.84,0.16,290.0,17.0,3.52,0.16,210.0,12.0,3.33,0.15,320.0,16.0,2.5,0.14,260.0,23.0,2.17,0.15,270.0,13.0,1.53,0.18,280.0,0
2025-09-26,6,5,1,3966,28,6.91,6,0.08,6.28,4.43,35.0,31.0,149.0,3.0,1.0,0.19,34.0,7.05,0.21,420.0,23.0,3.47,0.19,340.0,25.0,4.4,0.17,340.0,25.0,4.8,0.16,300.0,27.0,4.07,0.18,330.0,15.0,0.0,0.23,550.0,0
2025-09-26,6,6,6,3502,51,6.95,3,0.12,5.22,3.36,20.0,19.0,116.0,0.0,0.0,0.17,23.0,6.52,0.17,310.0,18.0,3.33,0.16,360.0,22.0,3.18,0.17,290.0,22.0,3.63,0.16,280.0,25.0,1.2,0.18,400.0,6.0,0.0,0.21,500.0,0
2025-09-26,7,1,2,3784,36,6.76,1,0.11,4.32,2.29,7.0,13.0,87.0,0.0,0.0,0.16,11.0,6.36,0.13,200.0,14.0,0.71,0.18,360.0,18.0,3.33,0.18,300.0,21.0,2.38,0.16,300.0,13.0,0.76,0.16,320.0,10.0,0.0,0.18,410.0,0
2025-09-26,7,2,1,4061,48,6.86,2,0.09,7.19,5.07,33.0,34.0,132.0,7.0,1.0,0.13,31.0,8.38,0.12,210.0,21.0,5.71,0.15,300.0,20.0,4.0,0.14,300.0,17.0,3.52,0.13,320.0,22.0,3.63,0.13,310.0,21.0,3.33,0.12,280.0,0
2025-09-26,7,3,4,3935,37,6.88,3,0.11,5.21,2.94,11.0,12.0,78.0,0.0,0.0,0.17,13.0,7.69,0.12,210.0,14.0,3.57,0.16,290.0,12.0,2.5,0.17,310.0,15.0,2.0,0.16,380.0,10.0,2.0,0.22,420.0,14.0,0.0,0.24,490.0,0
2025-09-26,7,4,6,3434,23,6.92,4,0.06,4.62,2.53,10.0,10.0,79.0,0.0,0.0,0.18,10.0,8.0,0.17,340.0,14.0,3.57,0.17,360.0,17.0,1.17,0.17,340.0,15.0,2.0,0.15,320.0,14.0,1.42,0.2,420.0,9.0,0.0,0.22,380.0,0
2025-09-26,7,5,5,3849,34,6.84,5,0.04,6.67,5.43,26.0,30.0,103.0,6.0,1.0,0.14,20.0,9.5,0.13,230.0,17.0,6.47,0.15,320.0,23.0,3.47,0.16,270.0,24.0,4.16,0.13,200.0,14.0,5.0,0.13,250.0,5.0,2.0,0.17,360.0,0
2025-09-26,7,6,3,3406,54,6.83,6,0.08,5.49,3.01,14.0,17.0,103.0,1.0,0.0,0.18,17.0,5.88,0.15,310.0,18.0,4.44,0.16,370.0,14.0,2.14,0.16,340.0,22.0,2.27,0.2,430.0,19.0,2.1,0.18,390.0,13.0,0.76,0.2,480.0,0
2025-09-27,1,1,3,4010,26,6.77,1,0.21,3.7,1.33,0.0,4.0,30.0,0.0,0.0,0.19,5.0,2.0,0.21,460.0,4.0,2.5,0.14,300.0,6.0,1.66,0.15,370.0,6.0,1.66,0.25,520.0,4.0,0.0,0.17,380.0,5.0,0.0,0.22,480.0,0
2025-09-27,1,2,6,3616,33,6.82,2,0.14,5.32,3.14,16.0,17.0,105.0,1.0,0.0,0.17,26.0,6.53,0.15,230.0,17.0,2.35,0.19,350.0,14.0,2.85,0.15,280.0,16.0,1.25,0.18,310.0,15.0,3.33,0.15,280.0,16.0,0.62,0.18,380.0,0
2025-09-27,1,3,1,3381,63,6.75,3,0.14,5.02,3.4,19.0,15.0,100.0,1.0,0.0,0.16,19.0,6.84,0.16,290.0,17.0,3.52,0.16,210.0,12.0,3.33,0.15,320.0,16.0,2.5,0.14,260.0,23.0,2.17,0.15,270.0,13.0,1.53,0.18,280.0,0
2025-09-27,1,4,5,3935,37,6.86,4,0.11,5.21,2.94,11.0,12.0,78.0,0.0,0.0,0.17,13.0,7.69,0.12,210.0,14.0,3.57,0.16,290.0,12.0,2.5,0.17,310.0,15.0,2.0,0.16,380.0,10.0,2.0,0.22,420.0,14.0,0.0,0.24,490.0,0
2025-09-27,1,5,4,3964,53,6.81,6,0.15,4.38,1.71,9.0,9.0,105.0,0.0,0.0,0.21,17.0,4.7,0.18,350.0,18.0,2.77,0.19,400.0,19.0,1.57,0.18,360.0,16.0,0.62,0.26,480.0,19.0,0.0,0.23,430.0,16.0,0.62,0.2,390.0,0
2025-09-27,1,6,2,3809,22,6.95,5,0.11,4.74,2.07,10.0,11.0,101.0,2.0,1.0,0.16,13.0,6.15,0.17,280.0,24.0,1.25,0.17,370.0,27.0,1.48,0.15,310.0,27.0,1.85,0.16,270.0,6.0,1.66,0.15,380.0,4.0,0.0,0.11,280.0,0
2025-09-27,2,1,2,3906,58,6.83,1,0.15,4.22,2.33,10.0,19.0,124.0,0.0,0.0,0.19,16.0,6.25,0.15,290.0,21.0,1.9,0.18,420.0,23.0,3.47,0.17,350.0,19.0,2.1,0.2,450.0,29.0,1.03,0.19,450.0,16.0,0.0,0.27,500.0,0
2025-09-27,2,2,1,3514,16,6.81,2,0.1,5.91,3.55,14.0,2.0,45.0,1.0,0.0,0.16,11.0,8.18,0.15,340.0,5.0,2.0,0.18,360.0,5.0,2.0,0.21,460.0,10.0,3.0,0.15,360.0,9.0,2.22,0.17,340.0,5.0,0.0,0.18,360.0,0
2025-09-27,2,3,5,3981,18,6.81,3,0.11,3.77,1.83,4.0,12.0,87.0,1.0,0.0,0.19,11.0,7.27,0.16,330.0,13.0,0.76,0.21,520.0,19.0,2.1,0.19,380.0,15.0,0.66,0.19,430.0,15.0,1.33,0.21,430.0,13.0,0.0,0.2,400.0,0
2025-09-27,2,4,4,3922,62,6.8,4,0.11,3.65,1.57,7.0,10.0,108.0,0.0,0.0,0.18,14.0,5.71,0.16,240.0,22.0,1.36,0.19,380.0,22.0,1.36,0.18,300.0,21.0,0.47,0.19,370.0,20.0,0.5,0.17,360.0,9.0,1.11,0.23,510.0,0
2025-09-27,2,5,3,3997,14,6.84,5,0.09,6.53,4.37,37.0,30.0,153.0,4.0,1.0,0.15,34.0,7.64,0.13,230.0,23.0,6.52,0.14,300.0,28.0,3.57,0.17,350.0,24.0,4.58,0.17,340.0,26.0,1.15,0.15,310.0,18.0,1.11,0.17,390.0,0
2025-09-27,2,6,6,3912,60,6.68,6,0.07,5.54,4.18,30.0,21.0,122.0,1.0,0.0,0.14,23.0,7.39,0.15,260.0,16.0,5.0,0.13,190.0,25.0,4.8,0.11,230.0,17.0,4.11,0.14,250.0,22.0,2.72,0.13,230.0,19.0,0.52,0.19,390.0,0
2025-09-27,3,1,2,3508,55,6.86,1,0.21,4.94,2.62,13.0,8.0,80.0,0.0,0.0,0.21,14.0,8.57,0.18,390.0,11.0,2.72,0.2,400.0,14.0,2.14,0.19,440.0,15.0,2.0,0.2,450.0,14.0,0.0,0.2,460.0,12.0,0.0,0.27,570.0,0
2025-09-27,3,2,1,3406,54,6.75,2,0.21,5.49,3.01,14.0,17.0,103.0,1.0,0.0,0.18,17.0,5.88,0.15,310.0,18.0,4.44,0.16,370.0,14.0,2.14,0.16,340.0,22.0,2.27,0.2,430.0,19.0,2.1,0.18,390.0,13.0,0.76,0.2,480.0,0
2025-09-27,3,3,5,3430,30,6.78,3,0.18,3.58,1.97,7.0,10.0,86.0,0.0,0.0,0.18,12.0,6.66,0.16,300.0,19.0,2.63,0.19,400.0,13.0,1.53,0.17,340.0,11.0,0.9,0.19,370.0,20.0,0.5,0.18,390.0,11.0,0.0,0.18,420.0,0
2025-09-27,3,4,4,3556,52,6.83,4,0.23,6.38,4.61,27.0,27.0,117.0,4.0,1.0,0.15,28.0,9.64,0.14,280.0,19.0,4.73,0.14,250.0,17.0,4.7,0.13,280.0,19.0,3.68,0.16,310.0,15.0,1.33,0.17,360.0,19.0,0.52,0.14,390.0,0
2025-09-27,3,5,3,3578,61,6.89,5,0.18,4.48,2.7,11.0,19.0,111.0,0.0,0.0,0.18,19.0,5.78,0.18,360.0,20.0,3.5,0.16,330.0,18.0,2.77,0.17,340.0,18.0,1.66,0.2,320.0,16.0,1.87,0.19,410.0,20.0,0.5,0.17,370.0,0
2025-09-27,3,6,6,3392,35,6.78,6,0.22,4.17,1.23,3.0,8.0,89.0,0.0,0.0,0.19,13.0,3.07,0.19,410.0,15.0,0.66,0.18,410.0,19.0,1.05,0.16,280.0,16.0,1.87,0.2,430.0,12.0,0.83,0.2,430.0,14.0,0.0,0.19,370.0,0
2025-09-27,4,1,4,3825,24,6.84,1,0.09,4.43,2.65,13.0,18.0,117.0,0.0,0.0,0.13,16.0,7.5,0.13,210.0,21.0,0.47,0.14,260.0,20.0,3.5,0.13,230.0,20.0,3.5,0.11,230.0,18.0,1.11,0.11,230.0,22.0,0.9,0.14,220.0,0
2025-09-27,4,2,1,3966,28,6.85,2,0.15,6.28,4.43,35.0,31.0,149.0,3.0,1.0,0.19,34.0,7.05,0.21,420.0,23.0,3.47,0.19,340.0,25.0,4.4,0.17,340.0,25.0,4.8,0.16,300.0,27.0,4.07,0.18,330.0,15.0,0.0,0.23,550.0,0
2025-09-27,4,3,3,3784,36,6.8,3,0.14,4.32,2.29,7.0,13.0,87.0,0.0,0.0,0.16,11.0,6.36,0.13,200.0,14.0,0.71,0.18,360.0,18.0,3.33,0.18,300.0,21.0,2.38,0.16,300.0,13.0,0.76,0.16,320.0,10.0,0.0,0.18,410.0,0
2025-09-27,4,4,5,3934,66,6.9,4,0.16,4.69,2.67,9.0,26.0,131.0,0.0,0.0,0.16,23.0,5.65,0.15,270.0,21.0,4.28,0.15,320.0,24.0,2.5,0.14,330.0,23.0,2.17,0.15,270.0,20.0,1.0,0.17,350.0,20.0,0.0,0.19,430.0,0
2025-09-27,4,5,2,3907,64,6.93,5,0.2,5.14,3.25,21.0,21.0,129.0,1.0,0.0,0.17,25.0,8.0,0.18,340.0,22.0,3.18,0.15,310.0,19.0,2.1,0.17,300.0,22.0,2.27,0.17,300.0,25.0,2.4,0.16,350.0,16.0,0.0,0.2,480.0,0
2025-09-27,4,6,6,3635,13,6.86,6,0.14,5.61,4.23,19.0,31.0,118.0,1.0,0.0,0.18,23.0,7.82,0.18,290.0,21.0,3.81,0.16,330.0,16.0,7.5,0.15,290.0,18.0,3.88,0.16,340.0,21.0,1.42,0.2,430.0,19.0,1.05,0.22,380.0,0
2025-09-27,5,1,3,3434,23,6.85,1,0.16,4.62,2.53,10.0,10.0,79.0,0.0,0.0,0.18,10.0,8.0,0.17,340.0,14.0,3.57,0.17,360.0,17.0,1.17,0.17,340.0,15.0,2.0,0.15,320.0,14.0,1.42,0.2,420.0,9.0,0.0,0.22,380.0,0
2025-09-27,5,2,1,3502,51,6.9,2,0.17,5.22,3.36,20.0,19.0,116.0,0.0,0.0,0.17,23.0,6.52,0.17,310.0,18.0,3.33,0.16,360.0,22.0,3.18,0.17,290.0,22.0,3.63,0.16,280.0,25.0,1.2,0.18,400.0,6.0,0.0,0.21,500.0,0
2025-09-27,5,3,5,4012,1,6.93,3,0.12,5.66,3.6,16.0,19.0,97.0,1.0,0.0,0.15,21.0,6.66,0.13,230.0,19.0,2.63,0.16,300.0,14.0,5.71,0.14,240.0,19.0,2.1,0.17,340.0,18.0,1.11,0.17,290.0,6.0,3.33,0.15,350.0,0
2025-09-27,5,4,2,4025,50,6.84,4,0.19,6.39,4.49,37.0,25.0,138.0,2.0,1.0,0.18,28.0,8.92,0.16,300.0,28.0,3.92,0.17,370.0,22.0,5.0,0.19,350.0,25.0,2.4,0.18,420.0,23.0,3.47,0.2,380.0,12.0,0.83,0.18,370.0,0
2025-09-27,5,5,4,3613,49,6.85,5,0.21,6.25,4.91,33.0,26.0,120.0,2.0,0.0,0.15,27.0,8.51,0.15,270.0,23.0,5.65,0.15,280.0,18.0,6.11,0.13,230.0,18.0,4.44,0.16,270.0,21.0,0.95,0.14,270.0,13.0,1.53,0.21,370.0,0
2025-09-27,5,6,6,3921,32,6.9,6,0.25,4.23,2.0,7.0,8.0,75.0,0.0,0.0,0.21,12.0,3.33,0.17,330.0,11.0,1.81,0.19,460.0,15.0,2.66,0.22,440.0,13.0,2.3,0.24,550.0,10.0,2.0,0.2,470.0,14.0,0.0,0.22,450.0,0
2025-09-27,7,1,4,3935,37,6.88,1,0.06,5.21,2.94,11.0,12.0,78.0,0.0,0.0,0.17,13.0,7.69,0.12,210.0,14.0,3.57,0.16,290.0,12.0,2.5,0.17,310.0,15.0,2.0,0.16,380.0,10.0,2.0,0.22,420.0,14.0,0.0,0.24,490.0,0
2025-09-27,7,2,1,3779,25,6.71,2,0.06,7.04,4.75,33.0,16.0,103.0,3.0,2.0,0.12,24.0,10.0,0.1,230.0,18.0,5.0,0.12,250.0,16.0,3.12,0.13,290.0,23.0,4.34,0.13,270.0,13.0,0.76,0.13,260.0,9.0,0.0,0.13,290.0,0
2025-09-27,7,3,2,3853,31,6.82,3,0.09,5.8,3.92,26.0,25.0,130.0,3.0,0.0,0.18,28.0,8.57,0.17,340.0,20.0,4.5,0.17,370.0,20.0,3.5,0.2,350.0,24.0,3.33,0.17,370.0,17.0,0.58,0.22,440.0,21.0,0.95,0.2,440.0,0
2025-09-27,7,4,6,3981,18,6.87,4,0.11,3.77,1.83,4.0,12.0,87.0,1.0,0.0,0.19,11.0,7.27,0.16,330.0,13.0,0.76,0.21,520.0,19.0,2.1,0.19,380.0,15.0,0.66,0.19,430.0,15.0,1.33,0.21,430.0,13.0,0.0,0.2,400.0,0
2025-09-27,7,5,3,3412,29,6.78,5,0.12,6.72,5.29,44.0,27.0,134.0,6.0,2.0,0.17,31.0,9.35,0.14,240.0,20.0,5.0,0.18,380.0,22.0,3.63,0.19,380.0,26.0,4.23,0.18,380.0,18.0,3.88,0.19,340.0,17.0,3.52,0.17,340.0,0
2025-09-27,7,6,5,3430,30,6.85,6,0.12,3.58,1.97,7.0,10.0,86.0,0.0,0.0,0.18,12.0,6.66,0.16,300.0,19.0,2.63,0.19,400.0,13.0,1.53,0.17,340.0,11.0,0.9,0.19,370.0,20.0,0.5,0.18,390.0,11.0,0.0,0.18,420.0,0
2025-09-27,9,1,4,3966,28,6.88,1,0.21,6.28,4.43,35.0,31.0,149.0,3.0,1.0,0.19,34.0,7.05,0.21,420.0,23.0,3.47,0.19,340.0,25.0,4.4,0.17,340.0,25.0,4.8,0.16,300.0,27.0,4.07,0.18,330.0,15.0,0.0,0.23,550.0,0
2025-09-27,9,2,1,4024,57,6.82,2,0.22,7.16,5.07,37.0,27.0,126.0,9.0,2.0,0.15,31.0,8.71,0.14,310.0,16.0,6.25,0.17,480.0,15.0,4.0,0.15,350.0,25.0,4.4,0.17,370.0,24.0,3.75,0.14,360.0,15.0,0.66,0.16,350.0,0
2025-09-27,9,3,2,3912,60,6.71,3,0.17,5.54,4.18,30.0,21.0,122.0,1.0,0.0,0.14,23.0,7.39,0.15,260.0,16.0,5.0,0.13,190.0,25.0,4.8,0.11,230.0,17.0,4.11,0.14,250.0,22.0,2.72,0.13,230.0,19.0,0.52,0.19,390.0,0
2025-09-27,9,4,6,3508,55,6.91,4,0.23,4.94,2.62,13.0,8.0,80.0,0.0,0.0,0.21,14.0,8.57,0.18,390.0,11.0,2.72,0.2,400.0,14.0,2.14,0.19,440.0,15.0,2.0,0.2,450.0,14.0,0.0,0.2,460.0,12.0,0.0,0.27,570.0,0
2025-09-27,9,5,5,3381,63,6.83,5,0.17,5.02,3.4,19.0,15.0,100.0,1.0,0.0,0.16,19.0,6.84,0.16,290.0,17.0,3.52,0.16,210.0,12.0,3.33,0.15,320.0,16.0,2.5,0.14,260.0,23.0,2.17,0.15,270.0,13.0,1.53,0.18,280.0,0
2025-09-27,9,6,3,3876,21,6.76,6,0.16,8.29,7.53,35.0,20.0,73.0,5.0,3.0,0.16,22.0,10.0,0.14,320.0,10.0,3.0,0.15,370.0,12.0,7.5,0.17,290.0,9.0,7.77,0.17,220.0,9.0,7.77,0.18,390.0,11.0,6.36,0.16,240.0,0
2025-09-27,11,1,2,4028,17,6.91,1,0.06,6.5,4.62,36.0,20.0,121.0,3.0,1.0,0.14,23.0,8.69,0.13,210.0,20.0,4.0,0.12,280.0,21.0,7.61,0.13,230.0,23.0,3.04,0.14,300.0,17.0,1.76,0.16,340.0,17.0,1.17,0.17,340.0,0
2025-09-27,11,2,5,4025,50,6.83,2,0.1,6.39,4.49,37.0,25.0,138.0,2.0,1.0,0.18,28.0,8.92,0.16,300.0,28.0,3.92,0.17,370.0,22.0,5.0,0.19,350.0,25.0,2.4,0.18,420.0,23.0,3.47,0.2,380.0,12.0,0.83,0.18,370.0,0
2025-09-27,11,3,1,3406,54,6.91,3,0.1,5.49,3.01,14.0,17.0,103.0,1.0,0.0,0.18,17.0,5.88,0.15,310.0,18.0,4.44,0.16,370.0,14.0,2.14,0.16,340.0,22.0,2.27,0.2,430.0,19.0,2.1,0.18,390.0,13.0,0.76,0.2,480.0,0
2025-09-27,11,4,4,3412,29,6.88,6,0.08,6.72,5.29,44.0,27.0,134.0,6.0,2.0,0.17,31.0,9.35,0.14,240.0,20.0,5.0,0.18,380.0,22.0,3.63,0.19,380.0,26.0,4.23,0.18,380.0,18.0,3.88,0.19,340.0,17.0,3.52,0.17,340.0,0
2025-09-27,11,5,3,3635,13,6.86,4,0.09,5.61,4.23,19.0,31.0,118.0,1.0,0.0,0.18,23.0,7.82,0.18,290.0,21.0,3.81,0.16,330.0,16.0,7.5,0.15,290.0,18.0,3.88,0.16,340.0,21.0,1.42,0.2,430.0,19.0,1.05,0.22,380.0,0
2025-09-27,11,6,6,3514,16,6.96,5,0.11,5.91,3.55,14.0,2.0,45.0,1.0,0.0,0.16,11.0,8.18,0.15,340.0,5.0,2.0,0.18,360.0,5.0,2.0,0.21,460.0,10.0,3.0,0.15,360.0,9.0,2.22,0.17,340.0,5.0,0.0,0.18,360.0,0
2025-09-28,3,1,4,3922,62,6.85,1,0.15,3.65,1.57,7.0,10.0,108.0,0.0,0.0,0.18,14.0,5.71,0.16,240.0,22.0,1.36,0.19,380.0,22.0,1.36,0.18,300.0,21.0,0.47,0.19,370.0,20.0,0.5,0.17,360.0,9.0,1.11,0.23,510.0,0
2025-09-28,3,2,3,3934,66,6.98,2,0.16,4.69,2.67,9.0,26.0,131.0,0.0,0.0,0.16,23.0,5.65,0.15,270.0,21.0,4.28,0.15,320.0,24.0,2.5,0.14,330.0,23.0,2.17,0.15,270.0,20.0,1.0,0.17,350.0,20.0,0.0,0.19,430.0,0
2025-09-28,3,3,1,3825,24,6.92,3,0.08,4.43,2.65,13.0,18.0,117.0,0.0,0.0,0.13,16.0,7.5,0.13,210.0,21.0,0.47,0.14,260.0,20.0,3.5,0.13,230.0,20.0,3.5,0.11,230.0,18.0,1.11,0.11,230.0,22.0,0.9,0.14,220.0,0
2025-09-28,3,4,5,3876,21,6.86,4,0.09,8.29,7.53,35.0,20.0,73.0,5.0,3.0,0.16,22.0,10.0,0.14,320.0,10.0,3.0,0.15,370.0,12.0,7.5,0.17,290.0,9.0,7.77,0.17,220.0,9.0,7.77,0.18,390.0,11.0,6.36,0.16,240.0,0
2025-09-28,3,5,6,4010,26,6.91,5,0.15,3.7,1.33,0.0,4.0,30.0,0.0,0.0,0.19,5.0,2.0,0.21,460.0,4.0,2.5,0.14,300.0,6.0,1.66,0.15,370.0,6.0,1.66,0.25,520.0,4.0,0.0,0.17,380.0,5.0,0.0,0.22,480.0,0
2025-09-28,3,6,2,3779,25,6.84,6,0.14,7.04,4.75,33.0,16.0,103.0,3.0,2.0,0.12,24.0,10.0,0.1,230.0,18.0,5.0,0.12,250.0,16.0,3.12,0.13,290.0,23.0,4.34,0.13,270.0,13.0,0.76,0.13,260.0,9.0,0.0,0.13,290.0,0
2025-09-28,4,1,5,3809,22,6.97,1,0.18,4.74,2.07,10.0,11.0,101.0,2.0,1.0,0.16,13.0,6.15,0.17,280.0,24.0,1.25,0.17,370.0,27.0,1.48,0.15,310.0,27.0,1.85,0.16,270.0,6.0,1.66,0.15,380.0,4.0,0.0,0.11,280.0,0
2025-09-28,4,2,2,3853,31,6.84,2,0.13,5.8,3.92,26.0,25.0,130.0,3.0,0.0,0.18,28.0,8.57,0.17,340.0,20.0,4.5,0.17,370.0,20.0,3.5,0.2,350.0,24.0,3.33,0.17,370.0,17.0,0.58,0.22,440.0,21.0,0.95,0.2,440.0,0
2025-09-28,4,3,1,4061,48,6.89,3,0.09,7.19,5.07,33.0,34.0,132.0,7.0,1.0,0.13,31.0,8.38,0.12,210.0,21.0,5.71,0.15,300.0,20.0,4.0,0.14,300.0,17.0,3.52,0.13,320.0,22.0,3.63,0.13,310.0,21.0,3.33,0.12,280.0,0
2025-09-28,4,4,4,3502,51,6.91,4,0.14,5.22,3.36,20.0,19.0,116.0,0.0,0.0,0.17,23.0,6.52,0.17,310.0,18.0,3.33,0.16,360.0,22.0,3.18,0.17,290.0,22.0,3.63,0.16,280.0,25.0,1.2,0.18,400.0,6.0,0.0,0.21,500.0,0
2025-09-28,4,5,3,4036,56,6.98,5,0.12,5.83,3.92,28.0,12.0,102.0,4.0,0.0,0.17,22.0,8.63,0.12,200.0,13.0,3.07,0.22,440.0,16.0,2.5,0.16,330.0,24.0,2.5,0.16,330.0,12.0,2.5,0.17,370.0,15.0,2.66,0.19,370.0,0
2025-09-28,4,6,6,3907,64,6.84,6,0.17,5.14,3.25,21.0,21.0,129.0,1.0,0.0,0.17,25.0,8.0,0.18,340.0,22.0,3.18,0.15,310.0,19.0,2.1,0.17,300.0,22.0,2.27,0.17,300.0,25.0,2.4,0.16,350.0,16.0,0.0,0.2,480.0,0
2025-09-28,5,1,2,3964,53,6.82,1,0.22,4.38,1.71,9.0,9.0,105.0,0.0,0.0,0.21,17.0,4.7,0.18,350.0,18.0,2.77,0.19,400.0,19.0,1.57,0.18,360.0,16.0,0.62,0.26,480.0,19.0,0.0,0.23,430.0,16.0,0.62,0.2,390.0,0
2025-09-28,5,2,1,3912,60,6.8,2,0.14,5.54,4.18,30.0,21.0,122.0,1.0,0.0,0.14,23.0,7.39,0.15,260.0,16.0,5.0,0.13,190.0,25.0,4.8,0.11,230.0,17.0,4.11,0.14,250.0,22.0,2.72,0.13,230.0,19.0,0.52,0.19,390.0,0
2025-09-28,5,3,3,3412,29,6.83,3,0.17,6.72,5.29,44.0,27.0,134.0,6.0,2.0,0.17,31.0,9.35,0.14,240.0,20.0,5.0,0.18,380.0,22.0,3.63,0.19,380.0,26.0,4.23,0.18,380.0,18.0,3.88,0.19,340.0,17.0,3.52,0.17,340.0,0
2025-09-28,5,4,4,3514,16,6.9,4,0.15,5.91,3.55,14.0,2.0,45.0,1.0,0.0,0.16,11.0,8.18,0.15,340.0,5.0,2.0,0.18,360.0,5.0,2.0,0.21,460.0,10.0,3.0,0.15,360.0,9.0,2.22,0.17,340.0,5.0,0.0,0.18,360.0,0
2025-09-28,5,5,6,3508,55,6.89,5,0.19,4.94,2.62,13.0,8.0,80.0,0.0,0.0,0.21,14.0,8.57,0.18,390.0,11.0,2.72,0.2,400.0,14.0,2.14,0.19,440.0,15.0,2.0,0.2,450.0,14.0,0.0,0.2,460.0,12.0,0.0,0.27,570.0,0
2025-09-28,5,6,5,3746,15,6.89,6,0.18,5.97,4.31,25.0,41.0,153.0,0.0,0.0,0.17,29.0,8.96,0.16,390.0,26.0,3.46,0.16,370.0,24.0,4.16,0.17,340.0,27.0,3.33,0.2,480.0,27.0,2.22,0.18,410.0,20.0,3.0,0.17,400.0,0
2025-09-28,9,1,6,3743,19,6.83,1,0.16,6.91,4.75,41.0,18.0,124.0,7.0,1.0,0.15,28.0,8.21,0.13,210.0,23.0,5.21,0.15,320.0,28.0,5.0,0.15,280.0,21.0,3.81,0.16,290.0,16.0,1.25,0.19,410.0,8.0,0.0,0.18,400.0,0
2025-09-28,9,2,5,3613,49,6.89,2,0.29,6.25,4.91,33.0,26.0,120.0,2.0,0.0,0.15,27.0,8.51,0.15,270.0,23.0,5.65,0.15,280.0,18.0,6.11,0.13,230.0,18.0,4.44,0.16,270.0,21.0,0.95,0.14,270.0,13.0,1.53,0.21,370.0,0
2025-09-28,9,3,4,4010,26,6.88,3,0.22,3.7,1.33,0.0,4.0,30.0,0.0,0.0,0.19,5.0,2.0,0.21,460.0,4.0,2.5,0.14,300.0,6.0,1.66,0.15,370.0,6.0,1.66,0.25,520.0,4.0,0.0,0.17,380.0,5.0,0.0,0.22,480.0,0
2025-09-28,9,4,1,3612,65,6.93,4,0.07,6.53,4.48,47.0,23.0,156.0,4.0,1.0,0.14,36.0,8.33,0.16,240.0,36.0,4.72,0.14,260.0,31.0,2.9,0.14,260.0,27.0,2.59,0.16,320.0,13.0,3.84,0.14,250.0,13.0,1.53,0.12,240.0,0
2025-09-28,9,5,2,3502,51,6.85,5,0.04,5.22,3.36,20.0,19.0,116.0,0.0,0.0,0.17,23.0,6.52,0.17,310.0,18.0,3.33,0.16,360.0,22.0,3.18,0.17,290.0,22.0,3.63,0.16,280.0,25.0,1.2,0.18,400.0,6.0,0.0,0.21,500.0,0
2025-09-28,9,6,3,3906,58,6.99,6,0.13,4.22,2.33,10.0,19.0,124.0,0.0,0.0,0.19,16.0,6.25,0.15,290.0,21.0,1.9,0.18,420.0,23.0,3.47,0.17,350.0,19.0,2.1,0.2,450.0,29.0,1.03,0.19,450.0,16.0,0.0,0.27,500.0,0
2025-09-28,12,1,2,4028,17,6.85,1,0.11,6.5,4.62,36.0,20.0,121.0,3.0,1.0,0.14,23.0,8.69,0.13,210.0,20.0,4.0,0.12,280.0,21.0,7.61,0.13,230.0,23.0,3.04,0.14,300.0,17.0,1.76,0.16,340.0,17.0,1.17,0.17,340.0,0
2025-09-28,12,2,1,3849,34,6.85,2,0.08,6.67,5.43,26.0,30.0,103.0,6.0,1.0,0.14,20.0,9.5,0.13,230.0,17.0,6.47,0.15,320.0,23.0,3.47,0.16,270.0,24.0,4.16,0.13,200.0,14.0,5.0,0.13,250.0,5.0,2.0,0.17,360.0,0
2025-09-28,12,3,5,3876,21,6.81,3,0.11,8.29,7.53,35.0,20.0,73.0,5.0,3.0,0.16,22.0,10.0,0.14,320.0,10.0,3.0,0.15,370.0,12.0,7.5,0.17,290.0,9.0,7.77,0.17,220.0,9.0,7.77,0.18,390.0,11.0,6.36,0.16,240.0,0
2025-09-28,12,4,4,3997,14,6.85,4,0.05,6.53,4.37,37.0,30.0,153.0,4.0,1.0,0.15,34.0,7.64,0.13,230.0,23.0,6.52,0.14,300.0,28.0,3.57,0.17,350.0,24.0,4.58,0.17,340.0,26.0,1.15,0.15,310.0,18.0,1.11,0.17,390.0,0
2025-09-28,12,5,6,3912,60,6.74,5,0.04,5.54,4.18,30.0,21.0,122.0,1.0,0.0,0.14,23.0,7.39,0.15,260.0,16.0,5.0,0.13,190.0,25.0,4.8,0.11,230.0,17.0,4.11,0.14,250.0,22.0,2.72,0.13,230.0,19.0,0.52,0.19,390.0,0
2025-09-28,12,6,3,4036,56,6.89,6,0.07,5.83,3.92,28.0,12.0,102.0,4.0,0.0,0.17,22.0,8.63,0.12,200.0,13.0,3.07,0.22,440.0,16.0,2.5,0.16,330.0,24.0,2.5,0.16,330.0,12.0,2.5,0.17,370.0,15.0,2.66,0.19,370.0,0
2025-09-29,1,1,2,3784,36,6.84,1,0.15,4.32,2.29,7.0,13.0,87.0,0.0,0.0,0.16,11.0,6.36,0.13,200.0,14.0,0.71,0.18,360.0,18.0,3.33,0.18,300.0,21.0,2.38,0.16,300.0,13.0,0.76,0.16,320.0,10.0,0.0,0.18,410.0,0
2025-09-29,1,2,6,3430,30,6.92,2,0.22,3.58,1.97,7.0,10.0,86.0,0.0,0.0,0.18,12.0,6.66,0.16,300.0,19.0,2.63,0.19,400.0,13.0,1.53,0.17,340.0,11.0,0.9,0.19,370.0,20.0,0.5,0.18,390.0,11.0,0.0,0.18,420.0,0
2025-09-29,1,3,1,3508,55,6.86,3,0.15,4.94,2.62,13.0,8.0,80.0,0.0,0.0,0.21,14.0,8.57,0.18,390.0,11.0,2.72,0.2,400.0,14.0,2.14,0.19,440.0,15.0,2.0,0.2,450.0,14.0,0.0,0.2,460.0,12.0,0.0,0.27,570.0,0
2025-09-29,1,4,3,3825,24,6.9,4,0.13,4.43,2.65,13.0,18.0,117.0,0.0,0.0,0.13,16.0,7.5,0.13,210.0,21.0,0.47,0.14,260.0,20.0,3.5,0.13,230.0,20.0,3.5,0.11,230.0,18.0,1.11,0.11,230.0,22.0,0.9,0.14,220.0,0
2025-09-29,1,5,5,4010,26,6.98,5,0.18,3.7,1.33,0.0,4.0,30.0,0.0,0.0,0.19,5.0,2.0,0.21,460.0,4.0,2.5,0.14,300.0,6.0,1.66,0.15,370.0,6.0,1.66,0.25,520.0,4.0,0.0,0.17,380.0,5.0,0.0,0.22,480.0,0
2025-09-29,1,6,4,3514,16,6.91,6,0.18,5.91,3.55,14.0,2.0,45.0,1.0,0.0,0.16,11.0,8.18,0.15,340.0,5.0,2.0,0.18,360.0,5.0,2.0,0.21,460.0,10.0,3.0,0.15,360.0,9.0,2.22,0.17,340.0,5.0,0.0,0.18,360.0,0
2025-09-29,2,1,6,3434,23,6.98,1,0.24,4.62,2.53,10.0,10.0,79.0,0.0,0.0,0.18,10.0,8.0,0.17,340.0,14.0,3.57,0.17,360.0,17.0,1.17,0.17,340.0,15.0,2.0,0.15,320.0,14.0,1.42,0.2,420.0,9.0,0.0,0.22,380.0,0
2025-09-29,2,2,1,3912,60,6.85,2,0.12,5.54,4.18,30.0,21.0,122.0,1.0,0.0,0.14,23.0,7.39,0.15,260.0,16.0,5.0,0.13,190.0,25.0,4.8,0.11,230.0,17.0,4.11,0.14,250.0,22.0,2.72,0.13,230.0,19.0,0.52,0.19,390.0,0
2025-09-29,2,3,2,3556,52,6.91,3,0.15,6.38,4.61,27.0,27.0,117.0,4.0,1.0,0.15,28.0,9.64,0.14,280.0,19.0,4.73,0.14,250.0,17.0,4.7,0.13,280.0,19.0,3.68,0.16,310.0,15.0,1.33,0.17,360.0,19.0,0.52,0.14,390.0,0
2025-09-29,2,4,5,3777,59,6.86,4,0.34,5.86,3.96,30.0,18.0,121.0,3.0,0.0,0.19,24.0,7.5,0.2,380.0,22.0,5.0,0.16,320.0,21.0,4.28,0.15,320.0,15.0,1.33,0.21,390.0,22.0,2.72,0.2,370.0,17.0,1.17,0.21,440.0,0
2025-09-29,2,5,3,3381,63,6.85,5,0.15,5.02,3.4,19.0,15.0,100.0,1.0,0.0,0.16,19.0,6.84,0.16,290.0,17.0,3.52,0.16,210.0,12.0,3.33,0.15,320.0,16.0,2.5,0.14,260.0,23.0,2.17,0.15,270.0,13.0,1.53,0.18,280.0,0
2025-09-29,2,6,4,3964,53,6.88,6,0.19,4.38,1.71,9.0,9.0,105.0,0.0,0.0,0.21,17.0,4.7,0.18,350.0,18.0,2.77,0.19,400.0,19.0,1.57,0.18,360.0,16.0,0.62,0.26,480.0,19.0,0.0,0.23,430.0,16.0,0.62,0.2,390.0,0
2025-09-29,6,1,2,3853,31,6.72,1,0.16,5.8,3.92,26.0,25.0,130.0,3.0,0.0,0.18,28.0,8.57,0.17,340.0,20.0,4.5,0.17,370.0,20.0,3.5,0.2,350.0,24.0,3.33,0.17,370.0,17.0,0.58,0.22,440.0,21.0,0.95,0.2,440.0,0
2025-09-29,6,2,4,3616,33,6.78,2,0.15,5.32,3.14,16.0,17.0,105.0,1.0,0.0,0.17,26.0,6.53,0.15,230.0,17.0,2.35,0.19,350.0,14.0,2.85,0.15,280.0,16.0,1.25,0.18,310.0,15.0,3.33,0.15,280.0,16.0,0.62,0.18,380.0,0
2025-09-29,6,3,3,4025,50,6.8,3,0.13,6.39,4.49,37.0,25.0,138.0,2.0,1.0,0.18,28.0,8.92,0.16,300.0,28.0,3.92,0.17,370.0,22.0,5.0,0.19,350.0,25.0,2.4,0.18,420.0,23.0,3.47,0.2,380.0,12.0,0.83,0.18,370.0,0
2025-09-29,6,4,5,3508,55,6.9,6,0.21,4.94,2.62,13.0,8.0,80.0,0.0,0.0,0.21,14.0,8.57,0.18,390.0,11.0,2.72,0.2,400.0,14.0,2.14,0.19,440.0,15.0,2.0,0.2,450.0,14.0,0.0,0.2,460.0,12.0,0.0,0.27,570.0,0
2025-09-29,6,5,1,3849,34,6.81,4,0.11,6.67,5.43,26.0,30.0,103.0,6.0,1.0,0.14,20.0,9.5,0.13,230.0,17.0,6.47,0.15,320.0,23.0,3.47,0.16,270.0,24.0,4.16,0.13,200.0,14.0,5.0,0.13,250.0,5.0,2.0,0.17,360.0,0
2025-09-29,6,6,6,3502,51,6.88,5,0.17,5.22,3.36,20.0,19.0,116.0,0.0,0.0,0.17,23.0,6.52,0.17,310.0,18.0,3.33,0.16,360.0,22.0,3.18,0.17,290.0,22.0,3.63,0.16,280.0,25.0,1.2,0.18,400.0,6.0,0.0,0.21,500.0,0
2025-09-29,7,1,3,3412,29,6.79,1,0.13,6.72,5.29,44.0,27.0,134.0,6.0,2.0,0.17,31.0,9.35,0.14,240.0,20.0,5.0,0.18,380.0,22.0,3.63,0.19,380.0,26.0,4.23,0.18,380.0,18.0,3.88,0.19,340.0,17.0,3.52,0.17,340.0,0
2025-09-29,7,2,5,3921,32,6.85,2,0.21,4.23,2.0,7.0,8.0,75.0,0.0,0.0,0.21,12.0,3.33,0.17,330.0,11.0,1.81,0.19,460.0,15.0,2.66,0.22,440.0,13.0,2.3,0.24,550.0,10.0,2.0,0.2,470.0,14.0,0.0,0.22,450.0,0
2025-09-29,7,3,6,3825,24,6.98,6,0.17,4.43,2.65,13.0,18.0,117.0,0.0,0.0,0.13,16.0,7.5,0.13,210.0,21.0,0.47,0.14,260.0,20.0,3.5,0.13,230.0,20.0,3.5,0.11,230.0,18.0,1.11,0.11,230.0,22.0,0.9,0.14,220.0,0
2025-09-29,7,4,4,4028,17,6.83,3,0.22,6.5,4.62,36.0,20.0,121.0,3.0,1.0,0.14,23.0,8.69,0.13,210.0,20.0,4.0,0.12,280.0,21.0,7.61,0.13,230.0,23.0,3.04,0.14,300.0,17.0,1.76,0.16,340.0,17.0,1.17,0.17,340.0,0
2025-09-29,7,5,2,3392,35,6.87,4,0.18,4.17,1.23,3.0,8.0,89.0,0.0,0.0,0.19,13.0,3.07,0.19,410.0,15.0,0.66,0.18,410.0,19.0,1.05,0.16,280.0,16.0,1.87,0.2,430.0,12.0,0.83,0.2,430.0,14.0,0.0,0.19,370.0,0
2025-09-29,7,6,1,3779,25,6.82,5,0.09,7.04,4.75,33.0,16.0,103.0,3.0,2.0,0.12,24.0,10.0,0.1,230.0,18.0,5.0,0.12,250.0,16.0,3.12,0.13,290.0,23.0,4.34,0.13,270.0,13.0,0.76,0.13,260.0,9.0,0.0,0.13,290.0,0
2025-09-30,1,1,3,3934,66,6.94,1,0.38,4.69,2.67,9.0,26.0,131.0,0.0,0.0,0.16,23.0,5.65,0.15,270.0,21.0,4.28,0.15,320.0,24.0,2.5,0.14,330.0,23.0,2.17,0.15,270.0,20.0,1.0,0.17,350.0,20.0,0.0,0.19,430.0,0
2025-09-30,1,2,2,3578,61,6.88,2,0.25,4.48,2.7,11.0,19.0,111.0,0.0,0.0,0.18,19.0,5.78,0.18,360.0,20.0,3.5,0.16,330.0,18.0,2.77,0.17,340.0,18.0,1.66,0.2,320.0,16.0,1.87,0.19,410.0,20.0,0.5,0.17,370.0,0
2025-09-30,1,3,1,3502,51,6.97,3,0.26,5.22,3.36,20.0,19.0,116.0,0.0,0.0,0.17,23.0,6.52,0.17,310.0,18.0,3.33,0.16,360.0,22.0,3.18,0.17,290.0,22.0,3.63,0.16,280.0,25.0,1.2,0.18,400.0,6.0,0.0,0.21,500.0,0
2025-09-30,1,4,6,3922,62,6.72,4,0.27,3.65,1.57,7.0,10.0,108.0,0.0,0.0,0.18,14.0,5.71,0.16,240.0,22.0,1.36,0.19,380.0,22.0,1.36,0.18,300.0,21.0,0.47,0.19,370.0,20.0,0.5,0.17,360.0,9.0,1.11,0.23,510.0,0
2025-09-30,1,5,5,3906,58,6.88,5,0.23,4.22,2.33,10.0,19.0,124.0,0.0,0.0,0.19,16.0,6.25,0.15,290.0,21.0,1.9,0.18,420.0,23.0,3.47,0.17,350.0,19.0,2.1,0.2,450.0,29.0,1.03,0.19,450.0,16.0,0.0,0.27,500.0,0
2025-09-30,1,6,4,3430,30,6.8,6,0.2,3.58,1.97,7.0,10.0,86.0,0.0,0.0,0.18,12.0,6.66,0.16,300.0,19.0,2.63,0.19,400.0,13.0,1.53,0.17,340.0,11.0,0.9,0.19,370.0,20.0,0.5,0.18,390.0,11.0,0.0,0.18,420.0,0
2025-09-30,4,1,3,3964,53,6.81,1,0.25,4.38,1.71,9.0,9.0,105.0,0.0,0.0,0.21,17.0,4.7,0.18,350.0,18.0,2.77,0.19,400.0,19.0,1.57,0.18,360.0,16.0,0.62,0.26,480.0,19.0,0.0,0.23,430.0,16.0,0.62,0.2,390.0,0
2025-09-30,4,2,4,3381,63,6.82,2,0.13,5.02,3.4,19.0,15.0,100.0,1.0,0.0,0.16,19.0,6.84,0.16,290.0,17.0,3.52,0.16,210.0,12.0,3.33,0.15,320.0,16.0,2.5,0.14,260.0,23.0,2.17,0.15,270.0,13.0,1.53,0.18,280.0,0
2025-09-30,4,3,2,3911,20,6.8,3,0.12,4.93,2.7,18.0,15.0,122.0,0.0,0.0,0.17,20.0,7.0,0.19,300.0,21.0,3.33,0.18,340.0,21.0,2.38,0.19,320.0,18.0,1.66,0.15,370.0,23.0,0.87,0.17,370.0,19.0,1.05,0.17,430.0,0
2025-09-30,4,4,6,3825,24,6.86,6,0.12,4.43,2.65,13.0,18.0,117.0,0.0,0.0,0.13,16.0,7.5,0.13,210.0,21.0,0.47,0.14,260.0,20.0,3.5,0.13,230.0,20.0,3.5,0.11,230.0,18.0,1.11,0.11,230.0,22.0,0.9,0.14,220.0,0
2025-09-30,4,5,5,3613,49,6.86,4,0.04,6.25,4.91,33.0,26.0,120.0,2.0,0.0,0.15,27.0,8.51,0.15,270.0,23.0,5.65,0.15,280.0,18.0,6.11,0.13,230.0,18.0,4.44,0.16,270.0,21.0,0.95,0.14,270.0,13.0,1.53,0.21,370.0,0
2025-09-30,4,6,1,4025,50,6.86,5,0.07,6.39,4.49,37.0,25.0,138.0,2.0,1.0,0.18,28.0,8.92,0.16,300.0,28.0,3.92,0.17,370.0,22.0,5.0,0.19,350.0,25.0,2.4,0.18,420.0,23.0,3.47,0.2,380.0,12.0,0.83,0.18,370.0,0
