年月,登番,勝率,複勝率,1着回数,2着回数,出走回数,優出回数,優勝回数,平均ST,1コース進入回数,1コース複勝率,1コースST,1コースST順位,2コース進入回数,2コース複勝率,2コースST,2コースST順位,3コース進入回数,3コース複勝率,3コースST,3コースST順位,4コース進入回数,4コース複勝率,4コースST,4コースST順位,5コース進入回数,5コース複勝率,5コースST,5コースST順位,6コース進入回数,6コース複勝率,6コースST,6コースST順位
2025-10,2538,3.37,1.12,1,9,89,0,0,0.21,15,4.0,0.17,460,19,1.05,0.17,390,17,0.0,0.24,510,15,0.66,0.21,430,18,0.55,0.25,490,5,0.0,0.28,500
2025-10,2878,5.39,3.39,17,22,115,0,0,0.17,21,6.66,0.17,370,19,4.21,0.14,370,28,2.5,0.18,380,23,3.91,0.16,300,15,0.0,0.18,410,9,1.11,0.17,410
2025-10,3024,7.02,6.01,41,30,118,5,1,0.15,44,7.72,0.15,280,65,4.76,0.16,300,6,6.66,0.16,170,1,10.0,0.16,200,1,10.0,0.13,100,1,0.0,0.12,200
2025-10,3054,4.66,2.98,13,13,87,0,0,0.16,17,7.05,0.16,390,14,2.85,0.15,360,12,4.16,0.15,270,18,2.22,0.16,260,14,0.71,0.16,320,12,0.0,0.17,290
2025-10,3070,4.96,2.83,6,15,74,1,0,0.16,10,5.0,0.12,200,28,3.21,0.19,370,18,1.66,0.17,400,15,2.66,0.12,230,3,0.0,0.14,230,0,0.0,0.0,0
2025-10,3072,4.5,2.75,11,19,109,0,0,0.15,29,6.55,0.12,230,74,1.35,0.16,330,6,1.66,0.21,430,0,0.0,0.0,0,0,0.0,0.0,0,0,0.0,0.0,0
2025-10,3075,4.74,2.35,11,17,119,0,0,0.13,19,4.73,0.12,250,20,3.0,0.13,290,23,0.87,0.14,290,22,3.63,0.13,280,16,0.62,0.14,230,19,1.05,0.13,270
2025-10,3081,5.27,3.63,13,15,77,0,0,0.17,15,6.0,0.19,350,12,6.66,0.13,220,13,5.38,0.16,280,11,0.9,0.19,450,18,1.11,0.15,340,7,1.42,0.2,430
2025-10,3105,4.68,2.52,12,15,107,0,0,0.16,18,6.66,0.16,280,19,2.1,0.14,330,23,2.17,0.15,320,17,2.35,0.19,310,16,1.25,0.19,410,14,0.0,0.16,340
2025-10,3107,4.07,1.47,7,7,95,0,0,0.16,14,5.0,0.16,340,13,1.53,0.17,450,21,0.95,0.17,360,17,0.0,0.17,400,17,1.17,0.16,340,13,0.76,0.14,320
2025-10,3156,3.9,1.8,8,10,100,0,0,0.16,18,4.44,0.15,330,30,2.0,0.17,360,24,1.25,0.14,330,17,0.58,0.17,340,4,0.0,0.16,380,7,0.0,0.23,510
2025-10,3158,5.8,3.92,24,27,130,3,0,0.15,26,7.69,0.17,320,17,5.29,0.15,320,23,3.91,0.14,300,26,3.07,0.15,270,19,2.1,0.12,250,19,0.52,0.16,300
2025-10,3159,6.76,4.74,24,23,99,2,0,0.16,34,7.64,0.15,300,65,3.23,0.16,350,0,0.0,0.0,0,0,0.0,0.0,0,0,0.0,0.0,0,0,0.0,0.0,0
2025-10,3161,5.3,3.25,14,27,126,0,0,0.18,28,3.21,0.18,380,27,4.44,0.2,400,31,3.54,0.16,340,23,2.17,0.16,390,15,2.66,0.15,370,2,0.0,0.38,550
2025-10,3175,4.58,2.09,4,13,81,0,0,0.16,14,1.42,0.17,400,16,3.75,0.16,280,15,3.33,0.19,350,14,2.85,0.14,260,11,0.0,0.15,290,11,0.0,0.15,390
2025-10,3176,4.48,2.13,11,12,108,0,0,0.18,17,5.88,0.15,260,20,3.0,0.19,410,19,1.57,0.18,330,20,1.5,0.2,400,18,0.0,0.17,410,14,0.71,0.18,460
2025-10,3202,4.59,2.5,8,17,100,0,0,0.2,18,6.66,0.2,370,17,2.94,0.18,410,15,2.0,0.2,380,21,1.42,0.19,420,17,1.17,0.22,450,12,0.0,0.21,480
2025-10,3207,3.5,1.14,4,4,70,0,0,0.17,12,2.5,0.15,350,13,0.0,0.2,470,12,1.66,0.19,350,11,1.81,0.18,320,12,0.83,0.14,330,10,0.0,0.14,350
2025-10,3211,3.87,1.54,3,14,110,1,0,0.18,16,1.87,0.19,420,20,2.0,0.19,390,22,2.72,0.18,310,18,0.0,0.19,390,19,1.05,0.16,340,15,1.33,0.15,330
2025-10,3212,4.51,1.9,7,9,84,0,0,0.17,14,4.28,0.16,330,23,0.43,0.18,360,14,2.85,0.14,310,20,1.5,0.16,340,8,2.5,0.18,400,5,0.0,0.19,420
2025-10,3224,3.84,1.69,7,12,112,0,0,0.19,14,5.0,0.16,410,19,1.05,0.22,450,21,1.9,0.19,360,22,1.81,0.18,360,25,0.8,0.18,380,11,0.0,0.23,540
2025-10,3226,4.34,2.25,9,18,120,0,0,0.18,20,6.5,0.19,330,26,1.92,0.16,300,17,2.35,0.19,410,23,1.3,0.19,340,20,0.5,0.18,350,14,0.71,0.18,410
2025-10,3232,5.83,3.36,13,22,104,2,0,0.16,18,7.77,0.14,290,18,5.0,0.17,320,20,2.0,0.17,280,18,1.66,0.16,360,17,2.35,0.14,320,13,0.76,0.18,410
2025-10,3233,4.92,2.71,12,19,114,0,0,0.17,18,6.11,0.18,360,22,3.18,0.14,280,23,1.73,0.16,310,15,2.0,0.15,330,20,2.0,0.17,360,16,1.25,0.21,430
2025-10,3246,3.69,1.4,4,6,71,0,0,0.16,9,3.33,0.23,420,14,1.42,0.17,360,11,0.9,0.16,290,16,1.87,0.16,300,17,0.58,0.13,290,4,0.0,0.12,330
2025-10,3251,5.71,3.9,26,31,146,1,0,0.19,29,7.24,0.18,430,24,3.75,0.2,460,29,3.79,0.21,450,21,2.85,0.19,430,20,2.0,0.18,440,23,2.6,0.17,430
2025-10,3256,6.2,4.65,33,27,129,4,0,0.14,25,8.0,0.13,240,27,4.44,0.13,280,23,6.52,0.14,260,15,2.0,0.14,290,25,2.8,0.16,330,14,2.14,0.17,370
2025-10,3257,6.51,5.64,25,23,85,3,1,0.13,19,8.42,0.12,250,53,4.71,0.13,220,13,5.38,0.15,320,0,0.0,0.0,0,0,0.0,0.0,0,0,0.0,0.0,0
2025-10,3265,6.33,4.83,30,28,120,3,0,0.14,39,7.17,0.13,270,79,3.67,0.15,280,2,5.0,0.07,150,0,0.0,0.0,0,0,0.0,0.0,0,0,0.0,0.0,0
2025-10,3268,4.59,2.61,8,15,88,1,0,0.17,13,8.46,0.15,230,19,3.15,0.15,400,17,0.58,0.17,360,26,1.53,0.18,380,12,0.83,0.19,450,1,0.0,0.27,600
2025-10,3277,4.41,2.19,10,15,114,0,0,0.17,19,4.21,0.15,340,21,2.85,0.18,400,24,2.08,0.19,370,15,2.66,0.17,340,16,1.25,0.16,340,19,0.0,0.17,350
2025-10,3282,4.29,1.72,4,12,93,0,0,0.2,12,5.0,0.18,350,16,1.87,0.2,350,18,2.77,0.19,360,17,1.17,0.22,390,18,0.0,0.21,450,12,0.0,0.24,520
2025-10,3284,5.27,2.92,11,15,89,0,0,0.19,15,6.0,0.14,290,18,3.88,0.19,380,22,2.72,0.18,400,15,2.66,0.2,410,14,0.0,0.18,380,5,0.0,0.26,540
2025-10,3286,4.95,3.0,11,13,80,0,0,0.15,12,6.66,0.15,290,14,3.57,0.15,260,18,2.77,0.13,210,13,2.3,0.14,270,13,2.3,0.15,280,10,0.0,0.19,470
2025-10,3289,3.96,1.37,5,5,73,1,0,0.2,15,2.66,0.2,380,15,2.66,0.19,330,11,0.0,0.17,350,11,1.81,0.15,250,12,0.0,0.21,430,9,0.0,0.27,470
2025-10,3293,4.36,1.6,3,13,100,0,0,0.2,15,3.33,0.19,360,19,2.63,0.19,440,16,0.62,0.2,420,16,0.62,0.21,430,22,1.36,0.2,380,12,0.83,0.19,380
2025-10,3294,4.75,2.66,13,15,105,0,0,0.14,17,7.05,0.17,320,16,3.12,0.18,390,21,1.9,0.17,280,14,2.14,0.12,270,17,1.76,0.11,210,20,0.5,0.12,240
2025-10,3297,4.8,2.22,11,11,99,0,0,0.18,14,4.28,0.18,400,31,2.25,0.19,410,36,1.38,0.18,370,16,2.5,0.17,340,2,0.0,0.14,450,0,0.0,0.0,0
2025-10,3300,6.24,4.68,29,31,128,4,0,0.15,25,9.2,0.15,320,22,4.54,0.14,280,17,7.05,0.15,260,25,2.8,0.14,240,17,1.76,0.17,310,22,2.27,0.16,350
2025-10,3302,4.28,2.22,6,10,72,0,0,0.18,11,5.45,0.19,330,12,2.5,0.15,330,12,2.5,0.18,280,12,2.5,0.15,200,16,0.62,0.18,370,9,0.0,0.21,410
2025-10,3303,4.47,2.45,7,21,114,1,0,0.2,19,4.73,0.19,390,22,3.18,0.2,500,17,1.17,0.16,410,20,2.0,0.19,430,22,2.27,0.23,470,14,0.71,0.22,510
2025-10,3304,5.71,3.9,23,20,110,1,0,0.17,22,8.18,0.16,320,18,4.44,0.18,420,14,3.57,0.15,310,22,2.72,0.18,350,17,2.35,0.15,310,17,1.17,0.19,410
2025-10,3305,4.27,2.37,10,14,101,0,0,0.17,17,6.47,0.18,410,18,2.22,0.18,340,18,2.77,0.17,330,17,1.17,0.14,320,15,1.33,0.19,320,16,0.0,0.18,410
2025-10,3306,3.94,1.59,4,10,88,0,0,0.16,14,4.28,0.13,230,14,1.42,0.14,290,15,1.33,0.21,400,16,1.25,0.15,300,18,1.11,0.16,370,11,0.0,0.18,370
2025-10,3313,4.0,1.81,7,12,105,0,0,0.19,17,4.11,0.2,310,20,2.5,0.15,340,15,2.66,0.19,340,17,1.17,0.19,380,19,0.52,0.2,370,17,0.0,0.19,400
2025-10,3315,3.96,1.86,3,11,75,0,0,0.18,10,4.0,0.2,410,11,3.63,0.18,320,13,0.76,0.15,330,14,2.85,0.14,260,13,0.76,0.2,450,14,0.0,0.24,420
2025-10,3319,4.9,2.43,5,14,78,0,0,0.17,12,3.33,0.2,430,12,1.66,0.18,410,12,4.16,0.17,380,19,2.63,0.14,270,13,1.53,0.16,280,10,1.0,0.17,470
2025-10,3327,5.96,3.83,21,17,99,1,0,0.16,22,5.9,0.14,260,21,4.28,0.15,260,14,2.14,0.18,340,32,4.06,0.17,320,6,0.0,0.18,420,4,0.0,0.27,550
2025-10,3333,5.81,3.79,23,29,137,1,0,0.14,28,8.21,0.13,280,28,4.64,0.15,290,23,3.04,0.14,300,21,1.9,0.13,270,19,2.1,0.16,290,18,0.55,0.16,380
2025-10,3334,5.54,3.39,18,20,112,1,0,0.2,19,8.94,0.18,340,18,4.44,0.22,430,21,4.28,0.19,370,22,0.9,0.19,460,19,1.05,0.19,410,13,0.0,0.21,480
2025-10,3339,4.61,2.72,9,18,99,1,0,0.17,15,4.0,0.2,280,19,3.15,0.19,350,18,3.33,0.17,320,19,3.15,0.14,250,15,0.66,0.12,250,13,1.53,0.19,320
2025-10,3340,4.18,2.78,12,20,115,0,0,0.19,20,6.0,0.17,360,22,3.63,0.16,330,20,3.0,0.2,350,15,1.33,0.17,350,20,1.5,0.23,470,18,0.55,0.2,470
2025-10,3346,4.31,2.41,8,13,87,0,0,0.16,12,3.33,0.17,320,15,4.0,0.14,270,18,3.33,0.15,280,16,1.87,0.17,290,12,0.0,0.19,300,14,1.42,0.13,240
2025-10,3349,5.65,3.14,24,9,105,0,0,0.16,27,6.29,0.14,270,17,2.35,0.2,390,23,2.17,0.14,270,25,2.0,0.14,300,10,2.0,0.18,390,2,0.0,0.23,550
2025-10,3350,5.72,3.9,23,18,105,1,0,0.15,18,7.77,0.15,330,15,4.66,0.14,240,19,5.78,0.13,300,19,2.63,0.14,320,19,1.57,0.17,360,15,0.66,0.21,460
2025-10,3352,4.19,1.41,3,11,99,0,0,0.17,0,0.0,0.0,0,0,0.0,0.0,0,0,0.0,0.0,0,0,0.0,0.0,0,0,0.0,0.0,0,99,1.41,0.17,350
2025-10,3353,4.38,2.55,4,8,47,0,0,0.17,6,5.0,0.16,430,8,3.75,0.19,330,9,1.11,0.14,280,8,2.5,0.11,120,9,2.22,0.15,230,7,1.42,0.26,490
2025-10,3355,3.51,0.22,1,0,45,0,0,0.25,7,0.0,0.2,470,8,0.0,0.26,580,8,1.25,0.28,540,8,0.0,0.25,500,10,0.0,0.23,500,4,0.0,0.29,530
2025-10,3357,3.81,1.64,4,10,85,0,0,0.2,13,4.61,0.16,300,17,1.76,0.2,440,13,1.53,0.21,350,16,0.62,0.2,450,10,2.0,0.16,360,16,0.0,0.27,510
2025-10,3361,3.45,1.14,2,8,87,0,0,0.19,12,1.66,0.14,240,15,4.66,0.17,350,16,0.62,0.18,350,16,0.0,0.2,410,11,0.0,0.21,370,17,0.0,0.21,490
2025-10,3362,5.4,3.71,20,25,121,1,0,0.19,23,5.65,0.2,380,44,4.54,0.19,400,33,2.72,0.19,340,21,1.42,0.17,390,0,0.0,0.0,0,0,0.0,0.0,0
2025-10,3370,3.7,1.83,8,10,98,0,0,0.18,13,7.69,0.13,270,20,2.5,0.18,440,16,1.87,0.17,290,15,0.0,0.16,290,22,0.0,0.2,360,12,0.0,0.25,500
2025-10,3372,3.64,1.31,1,10,84,0,0,0.21,11,3.63,0.19,450,15,1.33,0.21,460,15,0.66,0.2,450,19,1.57,0.22,450,13,0.76,0.22,510,11,0.0,0.23,470
2025-10,3377,3.71,1.72,5,10,87,1,0,0.18,13,3.07,0.21,480,13,0.76,0.2,450,16,3.12,0.17,400,13,0.76,0.17,330,17,2.35,0.17,360,14,0.0,0.2,360
2025-10,3381,5.0,2.83,15,19,120,1,0,0.15,20,4.5,0.16,320,22,1.81,0.15,320,22,3.18,0.14,260,25,4.8,0.14,250,19,0.52,0.15,280,12,0.83,0.13,290
2025-10,3385,5.57,3.81,14,26,105,1,0,0.17,21,8.57,0.17,290,18,5.0,0.15,350,15,4.0,0.15,300,18,2.77,0.17,330,17,0.58,0.19,370,14,0.71,0.17,390
2025-10,3388,6.48,3.88,28,14,108,3,1,0.15,22,8.18,0.15,360,15,2.66,0.16,390,11,2.72,0.16,350,31,3.87,0.12,280,20,2.0,0.17,320,9,1.11,0.21,490
2025-10,3391,0.0,0.0,0,0,0,0,0,0.0,0,0.0,0.0,0,0,0.0,0.0,0,0,0.0,0.0,0,0,0.0,0.0,0,0,0.0,0.0,0,0,0.0,0.0,0
2025-10,3392,4.24,1.68,3,13,95,0,0,0.18,12,5.0,0.2,380,17,1.17,0.18,390,18,2.22,0.18,390,17,1.76,0.16,460,17,0.0,0.18,440,14,0.71,0.21,490
2025-10,3401,4.64,2.63,6,14,76,0,0,0.23,12,4.16,0.18,500,16,3.12,0.2,440,12,3.33,0.19,420,9,3.33,0.25,490,11,1.81,0.25,550,16,0.62,0.27,560
2025-10,3406,5.86,3.92,18,31,125,3,0,0.17,24,7.91,0.18,370,21,3.33,0.15,390,21,4.76,0.16,390,19,4.73,0.19,410,22,0.9,0.16,400,18,1.11,0.19,460
2025-10,3411,3.66,1.58,7,10,107,0,0,0.18,16,5.62,0.15,310,17,2.35,0.17,320,24,0.83,0.17,300,15,1.33,0.17,290,25,0.0,0.2,380,10,0.0,0.21,460
2025-10,3412,6.04,4.01,30,23,132,2,0,0.16,26,7.69,0.15,270,19,4.21,0.19,360,24,2.5,0.17,330,26,3.84,0.17,370,12,4.16,0.17,330,25,1.6,0.13,280
2025-10,3414,4.28,2.1,9,7,76,0,0,0.16,13,5.38,0.15,230,12,2.5,0.16,250,16,1.25,0.16,260,13,2.3,0.16,310,9,1.11,0.16,430,13,0.0,0.17,310
2025-10,3415,6.8,3.52,25,18,122,3,0,0.14,25,7.6,0.13,250,27,4.07,0.14,340,25,2.4,0.13,320,22,2.27,0.14,400,18,0.55,0.14,300,5,2.0,0.19,380
2025-10,3419,2.33,0.0,0,0,9,0,0,0.17,2,0.0,0.18,350,2,0.0,0.18,300,1,0.0,0.23,400,2,0.0,0.18,550,2,0.0,0.12,200,0,0.0,0.0,0
2025-10,3422,6.83,5.41,45,21,122,8,4,0.15,29,8.27,0.15,280,20,3.0,0.16,390,15,5.33,0.16,330,33,6.36,0.16,280,19,3.68,0.14,270,6,0.0,0.11,170
2025-10,3430,4.12,2.56,13,16,113,0,0,0.17,15,8.0,0.14,310,21,2.85,0.19,390,21,2.85,0.19,390,24,1.25,0.16,370,19,1.05,0.16,380,13,0.0,0.19,450
2025-10,3432,4.56,2.96,8,27,118,0,0,0.16,20,6.5,0.14,290,19,4.21,0.14,220,20,3.0,0.15,290,25,2.8,0.15,340,19,0.0,0.18,350,15,0.66,0.21,490
2025-10,3434,4.85,2.92,11,20,106,1,0,0.17,18,5.0,0.18,400,20,3.0,0.18,370,15,2.66,0.16,350,18,2.22,0.16,320,19,3.15,0.15,330,16,1.25,0.21,440
2025-10,3435,6.51,4.55,32,30,136,4,0,0.16,32,8.12,0.14,320,19,4.21,0.2,370,20,4.0,0.17,350,27,3.7,0.15,310,23,3.04,0.15,310,15,2.0,0.18,380
2025-10,3436,5.82,4.0,22,20,105,1,0,0.12,19,7.89,0.09,170,19,4.73,0.12,180,21,3.81,0.1,210,14,3.57,0.12,250,20,2.0,0.11,190,12,0.83,0.17,270
2025-10,3439,5.7,3.7,26,17,116,1,0,0.15,20,7.5,0.15,340,20,4.5,0.15,350,17,2.94,0.15,270,24,3.75,0.14,300,17,2.35,0.15,350,18,0.55,0.18,350
2025-10,3441,4.89,2.06,5,15,97,0,0,0.2,15,4.0,0.2,370,17,2.94,0.19,410,21,2.85,0.18,370,19,0.52,0.22,460,19,1.05,0.22,440,6,0.0,0.22,450
2025-10,3442,4.94,2.67,7,27,127,1,0,0.16,17,5.88,0.13,300,22,3.18,0.16,290,22,3.63,0.14,310,24,2.08,0.16,340,21,0.95,0.17,300,21,0.95,0.17,410
2025-10,3444,3.47,1.55,5,7,77,0,0,0.18,10,2.0,0.2,310,13,0.76,0.21,420,13,3.07,0.17,320,15,2.0,0.16,230,13,1.53,0.17,380,13,0.0,0.19,360
2025-10,3445,5.6,3.59,11,21,89,1,0,0.18,14,7.85,0.15,320,14,4.28,0.18,390,12,2.5,0.19,400,16,2.5,0.17,410,19,3.15,0.2,390,14,1.42,0.2,460
2025-10,3448,4.37,1.79,6,13,106,0,0,0.19,17,2.94,0.19,440,20,1.5,0.22,440,23,3.47,0.18,340,18,1.11,0.2,390,16,0.62,0.16,370,12,0.0,0.21,490
2025-10,3454,5.0,2.59,9,18,104,0,0,0.15,16,6.25,0.16,290,16,2.5,0.15,280,20,2.0,0.13,210,17,2.94,0.12,290,19,2.1,0.12,310,16,0.0,0.22,460
2025-10,3455,4.66,2.66,10,14,90,1,0,0.18,14,6.42,0.18,270,15,2.66,0.15,350,16,2.5,0.18,390,15,3.33,0.15,320,15,0.66,0.21,400,14,0.71,0.23,490
2025-10,3458,4.04,1.88,6,14,106,1,0,0.16,13,4.61,0.14,310,20,1.5,0.15,300,20,2.5,0.15,300,19,1.57,0.17,310,19,1.57,0.16,360,15,0.0,0.18,390
2025-10,3459,3.52,1.78,6,11,95,0,0,0.17,14,5.0,0.18,320,15,1.33,0.19,370,18,1.66,0.17,310,16,3.12,0.15,240,14,0.0,0.16,300,18,0.0,0.19,410
2025-10,3461,3.11,1.23,5,3,65,0,0,0.24,7,4.28,0.2,320,11,2.72,0.2,470,11,0.0,0.26,490,12,0.83,0.28,520,7,1.42,0.18,360,17,0.0,0.24,530
2025-10,3463,4.49,2.41,2,19,87,0,0,0.2,15,5.33,0.2,460,13,1.53,0.18,450,14,2.14,0.18,390,20,2.5,0.18,360,16,1.25,0.21,480,9,1.11,0.26,560
2025-10,3467,3.56,1.16,6,4,86,0,0,0.17,13,5.38,0.19,510,16,1.25,0.18,380,16,0.62,0.16,280,10,0.0,0.17,400,19,0.0,0.16,320,12,0.0,0.17,390
2025-10,3470,5.34,3.44,16,15,90,1,0,0.17,15,5.33,0.19,380,16,5.0,0.17,280,20,4.5,0.16,280,16,1.25,0.18,380,12,2.5,0.15,340,11,0.9,0.16,280
2025-10,3471,3.94,1.77,7,10,96,0,0,0.17,13,3.84,0.16,370,19,2.1,0.19,440,16,1.25,0.18,410,16,2.5,0.17,300,20,1.0,0.15,370,12,0.0,0.17,410
2025-10,3473,6.52,5.0,40,29,138,6,0,0.13,57,6.66,0.14,240,73,3.83,0.13,260,8,3.75,0.17,290,0,0.0,0.0,0,0,0.0,0.0,0,0,0.0,0.0,0
2025-10,3474,5.11,3.36,7,29,107,1,0,0.17,19,5.78,0.18,310,19,5.26,0.16,380,19,3.68,0.16,230,19,2.1,0.16,340,18,1.11,0.18,390,13,1.53,0.19,360
2025-10,3475,5.09,3.57,15,24,109,0,0,0.19,20,6.5,0.2,440,18,3.88,0.19,390,23,3.04,0.18,410,20,4.0,0.18,380,17,2.35,0.18,360,11,0.0,0.25,470
2025-10,3477,3.66,1.2,3,9,100,0,0,0.19,16,3.12,0.18,440,17,1.76,0.17,390,20,1.0,0.18,410,16,0.0,0.19,390,15,0.66,0.19,350,16,0.62,0.23,450
2025-10,3478,4.97,2.77,14,19,119,1,0,0.17,19,8.42,0.14,260,22,2.72,0.17,360,22,3.18,0.16,290,18,0.55,0.17,320,19,1.05,0.18,410,19,0.52,0.23,480
2025-10,3482,5.72,3.81,21,32,139,1,0,0.16,22,7.72,0.16,300,24,4.16,0.16,350,23,3.91,0.14,260,25,2.0,0.17,310,21,3.33,0.14,300,24,2.08,0.18,380
2025-10,3484,5.51,3.6,13,18,86,1,0,0.16,17,7.64,0.14,270,13,4.61,0.15,300,15,2.66,0.16,300,17,3.52,0.16,360,15,0.0,0.17,330,9,2.22,0.2,500
2025-10,3489,5.81,3.67,24,30,147,0,0,0.16,30,7.66,0.17,330,24,2.91,0.17,320,27,4.81,0.15,260,25,2.0,0.16,310,27,1.11,0.15,390,14,2.14,0.18,430
2025-10,3497,4.81,2.92,13,16,99,0,0,0.17,16,6.87,0.16,340,18,3.33,0.2,410,16,3.75,0.16,330,18,2.22,0.17,370,17,1.17,0.17,340,14,0.0,0.17,380
2025-10,3499,6.03,4.09,36,23,144,3,1,0.13,31,8.38,0.11,210,22,5.0,0.13,240,29,4.13,0.13,230,26,1.92,0.12,270,24,1.25,0.14,230,12,1.66,0.2,380
2025-10,3502,5.36,3.47,16,26,121,0,0,0.18,24,7.5,0.18,350,18,3.88,0.19,370,24,2.08,0.17,330,24,2.91,0.16,350,27,1.85,0.18,370,4,0.0,0.21,480
2025-10,3503,4.6,2.34,13,13,111,0,0,0.16,17,4.7,0.17,420,19,3.68,0.16,310,19,3.15,0.16,320,19,1.57,0.15,260,21,0.95,0.14,320,16,0.0,0.19,440
2025-10,3505,5.01,3.08,13,24,120,2,1,0.14,23,7.39,0.16,290,17,2.94,0.14,250,22,2.27,0.15,230,21,1.42,0.13,220,21,2.85,0.14,240,16,0.62,0.13,330
2025-10,3507,3.84,1.37,3,8,80,0,0,0.2,12,5.83,0.17,300,15,1.33,0.21,480,16,0.62,0.2,420,20,0.5,0.19,370,13,0.0,0.22,420,4,0.0,0.22,380
2025-10,3508,4.57,2.64,10,23,125,0,0,0.19,19,6.31,0.15,320,20,2.0,0.18,430,24,3.33,0.18,380,24,2.5,0.19,400,19,1.57,0.21,440,19,0.0,0.25,570
2025-10,3509,4.01,1.81,2,12,77,0,0,0.14,12,5.0,0.14,240,15,2.0,0.16,300,16,1.25,0.15,310,11,0.9,0.12,140,15,0.66,0.13,250,7,1.42,0.15,330
2025-10,3514,5.97,4.51,23,23,102,1,0,0.16,18,8.88,0.14,250,16,6.25,0.17,310,20,5.0,0.17,330,15,1.33,0.15,360,20,3.0,0.16,350,13,1.53,0.2,430
2025-10,3516,4.59,2.69,9,19,104,0,0,0.17,19,6.84,0.15,270,17,2.94,0.15,320,18,2.77,0.18,330,19,2.1,0.17,390,14,0.71,0.16,260,17,0.0,0.19,380
2025-10,3517,5.48,3.69,21,27,130,1,0,0.15,21,8.57,0.13,190,25,3.2,0.16,300,28,3.21,0.13,280,30,2.66,0.16,280,20,2.5,0.15,300,5,0.0,0.16,380
2025-10,3518,3.88,1.52,2,9,72,0,0,0.18,10,2.0,0.21,490,11,1.81,0.17,380,14,2.14,0.19,340,13,2.3,0.16,290,13,0.76,0.16,280,11,0.0,0.21,380
2025-10,3519,4.77,2.9,10,22,110,1,0,0.15,15,8.0,0.14,260,20,4.0,0.15,370,16,3.12,0.13,260,21,2.85,0.14,340,20,0.5,0.14,310,18,0.0,0.19,400
2025-10,3523,4.15,1.74,3,12,86,0,0,0.19,12,5.0,0.16,340,13,2.3,0.19,430,15,1.33,0.2,470,15,0.66,0.16,360,13,0.0,0.21,380,18,1.66,0.22,430
2025-10,3527,5.39,3.3,17,25,127,2,0,0.16,23,6.95,0.15,230,21,4.28,0.17,310,20,3.5,0.16,250,21,1.9,0.15,270,22,1.36,0.15,330,20,1.5,0.16,400
2025-10,3528,4.33,1.83,8,8,87,0,0,0.19,14,3.57,0.22,450,15,2.66,0.21,430,15,2.0,0.18,340,17,2.35,0.17,390,14,0.0,0.19,370,12,0.0,0.19,360
2025-10,3532,6.86,5.08,35,25,118,4,1,0.15,27,7.77,0.16,320,41,5.36,0.16,310,29,4.13,0.14,270,18,2.77,0.13,370,2,0.0,0.22,450,0,0.0,0.0,0
2025-10,3535,4.61,2.47,12,14,105,0,0,0.18,13,6.15,0.17,440,18,2.77,0.18,430,21,1.42,0.2,410,20,3.5,0.16,340,19,1.57,0.19,360,14,0.0,0.21,430
2025-10,3538,5.31,3.18,6,22,88,2,0,0.2,15,6.0,0.19,320,13,3.84,0.21,340,15,2.66,0.21,370,18,3.33,0.19,410,12,0.0,0.19,420,15,2.66,0.22,490
2025-10,3539,4.1,2.38,12,15,113,0,0,0.18,17,5.29,0.18,360,32,3.12,0.17,390,22,1.36,0.19,390,20,1.5,0.19,460,11,0.9,0.19,450,11,0.9,0.14,420
2025-10,3541,6.43,4.67,31,26,122,6,1,0.16,27,7.77,0.16,260,21,6.66,0.16,370,24,4.16,0.14,310,18,2.77,0.16,320,24,1.66,0.17,330,8,3.75,0.16,340
2025-10,3542,3.96,2.11,10,13,109,0,0,0.19,20,5.0,0.17,350,68,1.61,0.19,390,14,1.42,0.21,330,5,0.0,0.23,500,2,0.0,0.2,550,0,0.0,0.0,0
2025-10,3543,5.24,3.22,16,15,96,0,0,0.17,16,6.87,0.15,290,18,4.44,0.14,300,16,2.5,0.16,340,15,2.0,0.18,400,18,2.77,0.18,360,13,0.0,0.19,420
2025-10,3544,3.28,1.11,1,3,36,0,0,0.21,5,2.0,0.22,500,7,0.0,0.18,390,4,0.0,0.23,480,8,2.5,0.21,450,8,1.25,0.2,300,4,0.0,0.25,500
2025-10,3546,4.23,2.47,8,16,97,0,0,0.19,17,4.7,0.17,420,17,2.35,0.22,490,20,2.0,0.19,390,23,2.6,0.18,400,10,1.0,0.19,360,10,1.0,0.19,320
2025-10,3548,5.71,3.4,23,23,135,3,0,0.12,27,7.77,0.1,190,22,3.63,0.13,220,19,1.57,0.11,210,23,2.6,0.12,230,27,1.85,0.12,230,17,1.76,0.13,280
2025-10,3550,5.5,3.74,25,21,123,1,0,0.16,20,6.5,0.16,380,19,4.21,0.16,330,28,3.92,0.17,340,26,2.69,0.17,300,18,2.77,0.16,270,12,1.66,0.17,330
2025-10,3551,4.18,1.94,4,10,72,0,0,0.18,11,5.45,0.21,300,14,3.57,0.16,350,14,0.71,0.16,410,12,0.83,0.19,290,11,0.9,0.17,350,10,0.0,0.18,310
2025-10,3554,6.54,5.22,49,33,157,7,3,0.18,38,8.68,0.18,350,35,4.57,0.18,400,37,4.59,0.18,430,41,3.41,0.19,380,6,3.33,0.19,280,0,0.0,0.0,0
2025-10,3556,6.85,5.37,46,33,147,5,2,0.14,37,9.18,0.12,250,25,2.8,0.14,300,22,5.0,0.18,290,24,5.83,0.14,300,24,4.58,0.15,330,15,1.33,0.14,330
2025-10,3557,6.87,5.24,42,43,162,7,2,0.15,39,8.71,0.15,300,23,5.65,0.13,350,31,5.16,0.13,290,34,4.41,0.16,320,19,3.15,0.14,310,16,0.62,0.17,360
2025-10,3558,4.73,2.92,17,9,89,0,0,0.14,16,7.5,0.11,190,20,2.5,0.17,330,20,2.5,0.14,310,14,2.14,0.13,220,12,0.83,0.12,280,7,0.0,0.18,390
2025-10,3562,6.18,4.53,29,35,141,3,0,0.16,30,7.33,0.17,300,31,4.51,0.19,380,19,3.68,0.16,270,29,4.48,0.14,280,15,4.66,0.13,290,17,0.58,0.18,370
2025-10,3563,5.31,3.73,23,20,115,1,0,0.16,24,7.5,0.15,260,22,2.72,0.16,350,29,3.44,0.16,280,23,2.17,0.18,350,13,3.07,0.15,310,4,0.0,0.19,430
2025-10,3564,4.52,2.22,10,10,90,0,0,0.18,14,5.0,0.2,340,15,2.66,0.16,380,15,3.33,0.2,400,15,0.66,0.15,380,19,1.05,0.18,390,12,0.83,0.19,480
2025-10,3566,4.87,2.68,11,18,108,0,0,0.18,15,5.33,0.17,390,22,3.63,0.17,420,18,2.22,0.17,390,24,2.08,0.19,420,15,2.0,0.19,440,14,0.71,0.2,490
2025-10,3567,3.99,1.78,9,6,84,0,0,0.18,13,6.92,0.16,250,14,0.0,0.16,300,16,0.62,0.18,330,12,2.5,0.19,320,14,0.71,0.18,310,15,0.66,0.23,450
2025-10,3568,5.04,3.09,11,19,97,0,0,0.17,15,7.33,0.15,290,17,3.52,0.17,350,19,3.15,0.16,360,24,2.5,0.16,360,14,0.71,0.18,340,8,0.0,0.19,430
2025-10,3569,4.4,2.25,13,15,124,0,0,0.18,22,5.45,0.17,320,21,3.33,0.17,350,22,1.81,0.18,350,22,1.36,0.16,330,19,1.05,0.18,410,18,0.0,0.23,520
2025-10,3572,5.7,3.66,21,20,112,1,0,0.2,18,7.77,0.17,400,20,4.0,0.2,420,23,3.91,0.19,370,23,1.73,0.21,430,19,2.1,0.21,440,9,2.22,0.23,370
2025-10,3574,5.86,4.66,31,18,105,2,0,0.15,21,8.57,0.14,250,55,4.0,0.15,310,25,3.6,0.15,280,4,0.0,0.24,400,0,0.0,0.0,0,0,0.0,0.0,0
2025-10,3576,6.41,4.75,20,29,103,5,0,0.17,23,7.39,0.18,300,20,6.0,0.15,370,15,4.66,0.18,330,15,3.33,0.15,300,17,4.11,0.16,280,13,0.76,0.17,450
2025-10,3577,4.83,3.22,13,16,90,0,0,0.15,15,6.0,0.17,360,12,3.33,0.16,300,16,3.75,0.15,360,13,5.38,0.13,220,11,1.81,0.1,220,23,0.43,0.17,380
2025-10,3578,4.22,2.52,8,17,99,0,0,0.19,16,5.0,0.21,370,16,2.5,0.19,340,17,2.94,0.19,350,19,2.1,0.2,360,17,2.35,0.17,310,14,0.0,0.17,410
2025-10,3579,5.21,3.46,15,12,78,0,0,0.16,13,7.69,0.18,350,14,3.57,0.15,360,17,4.11,0.13,310,13,3.07,0.17,370,9,1.11,0.16,290,12,0.0,0.17,390
2025-10,3580,5.19,2.87,11,18,101,1,0,0.19,19,5.78,0.19,370,17,1.76,0.17,440,17,4.11,0.22,370,14,2.14,0.19,290,20,1.5,0.2,440,14,1.42,0.21,450
2025-10,3581,4.66,2.5,8,19,108,1,0,0.19,17,5.88,0.16,260,20,2.5,0.22,440,19,1.57,0.21,430,17,2.94,0.16,380,22,1.81,0.19,310,13,0.0,0.18,410
2025-10,3582,6.07,4.85,30,35,134,3,1,0.15,24,8.33,0.16,300,45,4.0,0.16,350,45,4.66,0.14,300,20,3.0,0.17,320,0,0.0,0.0,0,0,0.0,0.0,0
2025-10,3583,3.51,1.31,1,11,91,0,0,0.18,14,4.28,0.19,350,14,1.42,0.2,460,15,0.66,0.19,410,19,0.0,0.2,360,14,2.14,0.14,290,15,0.0,0.15,300
2025-10,3584,4.8,2.81,12,19,110,0,0,0.17,16,5.62,0.18,420,24,2.91,0.19,380,20,1.5,0.16,350,16,3.75,0.16,310,23,2.6,0.17,360,11,0.0,0.17,430
2025-10,3587,4.33,2.45,9,18,110,0,0,0.17,16,4.37,0.17,250,20,3.5,0.17,360,21,2.38,0.16,320,17,0.58,0.17,340,20,3.0,0.16,310,16,0.62,0.17,340
2025-10,3589,4.2,2.13,6,13,89,0,0,0.16,12,5.0,0.18,360,21,2.38,0.16,360,11,2.72,0.18,410,15,2.0,0.14,240,19,1.05,0.14,260,11,0.0,0.21,440
2025-10,3590,7.04,5.35,42,34,142,4,0,0.14,34,8.23,0.13,310,20,4.5,0.13,350,29,5.86,0.12,270,27,4.81,0.12,270,19,3.15,0.15,340,13,2.3,0.17,410
2025-10,3591,3.0,1.14,2,5,61,0,0,0.17,9,2.22,0.14,320,12,1.66,0.17,370,11,0.9,0.15,310,11,0.9,0.2,470,11,0.9,0.2,400,7,0.0,0.17,410
2025-10,3596,4.47,1.82,7,10,93,0,0,0.17,14,5.71,0.18,370,18,2.22,0.18,290,18,1.66,0.15,330,11,1.81,0.17,350,19,0.0,0.18,370,13,0.0,0.19,450
2025-10,3600,4.23,2.29,4,7,48,0,0,0.21,7,5.71,0.25,410,8,1.25,0.19,540,10,4.0,0.18,430,9,2.22,0.16,390,3,0.0,0.2,500,11,0.0,0.26,490
2025-10,3602,4.92,3.1,15,16,100,2,0,0.18,17,6.47,0.17,300,17,3.52,0.15,310,15,2.0,0.19,320,15,3.33,0.18,310,18,1.66,0.18,390,18,1.66,0.18,410
2025-10,3604,4.03,2.19,7,13,91,0,0,0.2,13,6.92,0.17,350,19,0.52,0.23,510,16,3.12,0.19,420,11,1.81,0.15,280,18,1.66,0.19,440,14,0.0,0.22,510
2025-10,3605,4.44,2.8,6,19,89,0,0,0.18,14,5.71,0.17,320,14,2.85,0.19,430,17,2.35,0.19,380,12,5.0,0.17,410,21,1.42,0.16,330,11,0.0,0.22,480
2025-10,3606,5.41,3.62,23,22,124,1,0,0.18,27,7.77,0.18,330,19,5.26,0.15,350,19,3.15,0.15,310,19,2.1,0.19,350,19,2.1,0.17,340,21,0.0,0.23,460
2025-10,3611,5.98,4.05,15,26,101,3,1,0.14,22,8.18,0.15,300,16,4.37,0.15,340,18,5.55,0.14,280,16,2.5,0.13,280,18,0.55,0.14,310,11,0.9,0.14,350
2025-10,3612,6.29,4.65,33,40,157,2,0,0.13,35,8.57,0.13,270,36,4.72,0.15,300,30,3.0,0.13,280,32,4.37,0.11,240,19,1.57,0.15,280,5,0.0,0.16,420
2025-10,3613,6.34,4.73,33,30,133,5,0,0.15,24,7.08,0.15,270,18,7.22,0.16,290,33,4.54,0.15,310,24,4.16,0.13,280,17,4.11,0.13,350,17,0.58,0.15,320
2025-10,3614,4.46,2.8,13,19,114,0,0,0.16,19,6.31,0.15,280,20,2.5,0.17,320,21,2.85,0.17,280,17,2.94,0.15,310,20,1.5,0.16,340,17,0.58,0.17,450
2025-10,3615,4.74,2.86,12,25,129,0,0,0.16,18,7.77,0.15,310,25,3.2,0.17,320,25,2.8,0.15,340,23,2.6,0.17,290,22,0.9,0.14,380,16,0.0,0.18,460
2025-10,3616,5.32,3.52,16,20,102,0,0,0.16,16,7.5,0.16,260,16,3.75,0.17,360,23,3.47,0.14,340,17,3.52,0.17,290,16,1.25,0.16,320,14,1.42,0.16,360
2025-10,3617,3.45,2.18,10,14,110,0,0,0.18,15,6.0,0.17,420,18,1.11,0.2,440,20,3.0,0.16,340,23,2.6,0.17,350,19,0.52,0.18,360,15,0.0,0.21,410
2025-10,3618,6.4,4.32,28,20,111,2,0,0.16,23,7.82,0.15,330,16,6.25,0.15,310,20,4.5,0.13,270,19,3.68,0.15,330,18,1.11,0.2,340,15,1.33,0.19,410
2025-10,3619,5.21,3.27,18,21,119,0,0,0.18,21,7.61,0.17,370,25,3.6,0.18,420,20,3.0,0.19,430,15,2.0,0.18,440,18,2.22,0.2,490,20,0.5,0.19,480
2025-10,3620,4.64,2.8,10,18,100,1,0,0.17,15,6.66,0.17,340,21,3.81,0.19,430,17,0.58,0.18,390,20,3.5,0.15,340,16,1.25,0.18,340,9,0.0,0.19,400
2025-10,3621,5.13,2.94,15,20,119,1,0,0.18,22,7.72,0.18,250,15,3.33,0.2,410,22,1.81,0.19,370,21,3.33,0.15,300,17,0.58,0.14,270,22,0.45,0.2,510
2025-10,3623,7.35,6.8,43,40,122,8,1,0.14,34,8.82,0.13,270,75,5.73,0.14,270,13,7.69,0.14,240,0,0.0,0.0,0,0,0.0,0.0,0,0,0.0,0.0,0
2025-10,3627,5.63,3.93,18,34,132,1,0,0.18,25,8.0,0.17,320,25,3.6,0.2,390,28,3.57,0.16,360,32,3.12,0.18,330,13,2.3,0.19,350,9,0.0,0.22,440
2025-10,3629,6.14,4.51,27,34,135,4,1,0.14,27,7.77,0.14,290,24,3.33,0.14,300,27,4.81,0.12,210,27,4.81,0.14,200,18,2.77,0.13,190,12,0.83,0.18,320
2025-10,3630,3.38,1.27,3,3,47,0,0,0.17,8,2.5,0.16,310,7,1.42,0.16,340,8,3.75,0.18,360,7,0.0,0.16,240,8,0.0,0.2,440,9,0.0,0.17,220
2025-10,3631,3.5,1.51,3,7,66,0,0,0.15,8,7.5,0.16,400,12,0.83,0.16,410,9,0.0,0.11,240,11,1.81,0.15,360,14,0.0,0.14,310,12,0.83,0.16,320
2025-10,3635,4.99,2.86,14,21,122,1,0,0.16,21,7.61,0.15,280,18,2.77,0.15,240,17,5.29,0.12,290,15,2.0,0.14,310,22,0.9,0.15,310,29,0.0,0.2,470
2025-10,3637,4.34,2.05,8,14,107,0,0,0.18,16,4.37,0.17,310,17,2.35,0.19,440,22,1.81,0.16,320,18,2.77,0.18,330,22,0.45,0.18,370,12,0.83,0.18,450
2025-10,3641,5.83,4.13,24,26,121,1,1,0.16,24,6.66,0.15,300,22,4.54,0.17,370,19,4.21,0.15,330,23,4.34,0.17,300,19,1.05,0.18,290,14,2.85,0.14,340
2025-10,3642,3.93,1.73,7,9,92,0,0,0.17,11,5.45,0.16,350,20,2.0,0.16,290,13,2.3,0.15,280,18,0.55,0.17,330,18,1.11,0.18,360,12,0.0,0.19,380
2025-10,3643,5.06,2.79,13,20,118,0,0,0.17,23,6.95,0.17,280,16,2.5,0.19,410,21,1.9,0.17,390,16,3.12,0.16,330,22,1.36,0.15,370,20,0.5,0.18,440
2025-10,3644,0.0,0.0,0,0,0,0,0,0.0,0,0.0,0.0,0,0,0.0,0.0,0,0,0.0,0.0,0,0,0.0,0.0,0,0,0.0,0.0,0,0,0.0,0.0,0
2025-10,3645,5.35,3.27,4,14,55,1,1,0.14,8,3.75,0.11,190,13,2.3,0.15,360,9,4.44,0.17,360,9,6.66,0.14,210,8,1.25,0.14,350,8,1.25,0.13,310
2025-10,3647,4.05,1.89,6,12,95,0,0,0.19,15,3.33,0.19,340,17,0.58,0.17,360,16,3.12,0.17,310,15,2.0,0.16,390,18,1.66,0.2,430,14,0.71,0.24,480
2025-10,3652,3.27,1.44,6,7,90,0,0,0.18,12,5.83,0.14,260,19,1.57,0.16,400,18,0.55,0.16,340,15,1.33,0.17,350,20,0.0,0.23,430,6,0.0,0.25,450
2025-10,3653,4.11,1.93,7,10,88,0,0,0.18,14,5.71,0.16,350,17,1.76,0.2,420,15,1.33,0.16,370,13,2.3,0.21,400,13,0.76,0.17,400,16,0.0,0.19,460
2025-10,3654,7.09,5.84,37,29,113,5,0,0.15,26,6.92,0.18,370,21,5.71,0.15,370,15,4.66,0.15,320,23,6.95,0.12,220,21,5.23,0.17,330,7,2.85,0.12,240
2025-10,3655,5.53,3.64,24,23,129,0,0,0.17,28,8.21,0.19,380,21,3.33,0.19,390,23,4.78,0.16,290,25,1.2,0.16,360,19,1.57,0.18,360,13,0.0,0.17,410
2025-10,3656,5.18,3.36,10,28,113,1,0,0.16,16,5.62,0.17,380,17,3.52,0.16,350,23,5.21,0.15,280,23,1.73,0.16,310,21,2.38,0.15,360,13,1.53,0.17,380
2025-10,3659,5.32,3.69,9,25,92,0,0,0.17,14,7.85,0.15,350,20,5.5,0.15,230,12,2.5,0.17,340,11,5.45,0.15,310,21,0.95,0.18,360,14,0.71,0.19,450
2025-10,3660,3.31,1.03,3,7,97,0,0,0.21,14,3.57,0.19,390,18,1.11,0.2,420,17,0.58,0.21,410,15,0.66,0.21,440,16,0.62,0.21,460,17,0.0,0.23,540
2025-10,3661,4.92,2.54,12,19,122,0,0,0.16,21,6.66,0.14,250,24,3.75,0.18,430,19,1.57,0.16,300,21,0.47,0.16,330,25,1.2,0.15,280,12,0.83,0.14,270
2025-10,3662,5.12,3.75,22,28,133,1,0,0.16,26,7.69,0.14,370,18,1.66,0.17,300,25,4.4,0.14,290,23,3.47,0.17,360,20,3.0,0.18,370,21,0.95,0.17,320
2025-10,3663,5.48,3.56,19,28,132,1,0,0.16,21,6.66,0.14,300,23,3.47,0.14,300,24,5.0,0.15,330,22,3.18,0.17,370,22,1.81,0.19,360,20,1.0,0.19,330
2025-10,3664,5.13,3.96,24,20,111,0,0,0.17,18,10.0,0.15,230,23,5.21,0.16,330,18,3.33,0.14,280,18,3.33,0.17,310,22,0.45,0.2,400,12,0.83,0.22,510
2025-10,3679,6.71,4.81,34,31,135,7,1,0.14,26,9.61,0.12,210,25,5.2,0.15,310,20,4.0,0.14,240,29,3.44,0.15,310,23,2.6,0.16,330,12,2.5,0.14,310
2025-10,3680,4.33,1.9,7,12,100,0,0,0.19,12,4.16,0.17,350,24,2.08,0.19,430,15,2.0,0.16,370,17,2.94,0.18,360,17,0.0,0.2,480,14,0.71,0.26,530
2025-10,3681,5.47,3.76,20,18,101,0,0,0.15,17,6.47,0.14,250,18,6.11,0.18,340,16,2.5,0.17,310,21,3.81,0.12,260,17,1.76,0.15,280,12,0.83,0.14,290
2025-10,3684,5.69,3.71,23,22,121,1,0,0.17,24,7.5,0.14,240,20,5.5,0.14,360,19,1.57,0.17,350,25,3.6,0.17,350,20,2.0,0.2,450,13,0.0,0.23,470
2025-10,3685,5.18,3.28,12,29,125,0,0,0.16,19,5.78,0.16,370,20,4.0,0.18,370,25,4.4,0.16,290,25,2.0,0.15,300,19,2.63,0.15,310,17,0.58,0.18,420
2025-10,3686,5.92,4.4,20,36,127,2,0,0.14,24,7.91,0.12,170,22,4.09,0.14,300,20,6.0,0.14,270,21,3.33,0.15,280,22,3.18,0.14,280,18,1.11,0.17,380
2025-10,3687,4.88,2.44,9,14,94,1,0,0.17,15,6.0,0.14,310,29,1.37,0.17,330,22,2.72,0.16,340,25,1.2,0.18,330,2,0.0,0.22,400,1,10.0,0.07,100
2025-10,3690,4.54,2.74,12,19,113,0,0,0.18,15,6.0,0.18,370,20,1.5,0.19,450,18,2.77,0.2,410,25,3.2,0.16,380,17,2.35,0.19,410,18,1.11,0.18,370
2025-10,3692,5.58,4.07,16,17,81,1,0,0.13,15,7.33,0.15,240,13,5.38,0.15,250,16,4.37,0.12,210,11,2.72,0.11,210,15,3.33,0.1,200,11,0.0,0.15,340
2025-10,3696,4.88,2.6,7,24,119,0,0,0.19,19,5.26,0.21,430,20,2.5,0.19,440,20,4.0,0.2,380,21,0.95,0.17,290,24,1.66,0.18,380,15,1.33,0.18,400
2025-10,3699,4.66,2.88,13,15,97,0,0,0.17,14,5.0,0.16,360,16,1.87,0.18,350,16,4.37,0.15,310,21,3.81,0.17,370,13,1.53,0.17,350,17,0.58,0.16,380
2025-10,3701,3.86,1.56,9,8,109,0,0,0.16,15,4.66,0.17,330,19,1.05,0.21,470,19,0.52,0.17,360,18,2.22,0.13,260,18,1.11,0.17,250,20,0.5,0.14,280
2025-10,3703,5.77,4.0,22,24,115,1,0,0.17,25,8.0,0.16,290,21,4.76,0.16,360,23,2.6,0.19,350,21,3.33,0.15,340,17,1.76,0.16,340,8,0.0,0.22,410
2025-10,3704,3.38,1.0,6,3,90,0,0,0.22,14,2.85,0.22,450,18,1.11,0.22,410,17,0.58,0.23,450,16,1.25,0.23,420,13,0.0,0.24,390,12,0.0,0.2,490
2025-10,3708,5.02,2.86,14,21,122,2,0,0.15,19,6.84,0.15,310,22,3.63,0.14,240,19,3.68,0.17,310,26,2.3,0.14,290,23,0.43,0.16,330,13,0.0,0.15,370
2025-10,3710,4.69,2.5,10,18,112,1,0,0.17,15,4.0,0.14,270,18,3.33,0.15,280,19,2.1,0.16,350,25,3.2,0.17,330,20,2.0,0.18,430,15,0.0,0.23,530
2025-10,3711,6.23,4.48,29,36,145,4,0,0.15,32,7.81,0.15,290,28,5.35,0.15,310,32,3.12,0.14,310,20,3.5,0.14,340,20,3.5,0.15,360,13,0.76,0.17,390
2025-10,3712,5.35,3.78,17,28,119,2,0,0.15,18,8.88,0.13,240,20,5.0,0.15,320,25,4.4,0.12,240,22,1.81,0.15,350,21,1.42,0.14,300,13,0.76,0.19,420
2025-10,3713,6.05,4.23,25,19,104,1,0,0.14,16,8.12,0.14,250,18,6.11,0.14,290,16,3.75,0.17,270,21,4.76,0.13,220,15,2.66,0.12,290,18,0.0,0.15,350
2025-10,3714,4.25,2.14,17,7,112,0,0,0.15,18,5.55,0.15,280,18,2.77,0.15,320,20,2.5,0.13,290,15,1.33,0.16,240,22,0.45,0.15,340,19,0.52,0.17,380
2025-10,3715,5.63,4.27,12,26,89,0,0,0.15,13,7.69,0.18,280,16,5.0,0.13,290,17,4.7,0.12,320,19,4.21,0.16,300,12,2.5,0.15,330,12,0.83,0.19,470
2025-10,3716,6.55,4.14,31,22,128,6,1,0.13,26,7.69,0.12,230,24,5.83,0.12,270,18,4.44,0.12,270,15,3.33,0.16,270,24,1.66,0.12,260,21,0.95,0.14,350
2025-10,3717,5.22,3.37,14,17,92,2,1,0.15,18,7.77,0.15,290,14,2.85,0.16,300,9,4.44,0.14,330,14,3.57,0.16,270,15,2.0,0.12,280,22,0.45,0.18,400
2025-10,3718,4.18,2.18,11,13,110,0,0,0.17,15,8.0,0.15,230,21,2.38,0.17,370,17,2.35,0.18,390,16,1.25,0.16,350,25,0.4,0.18,350,16,0.0,0.2,430
2025-10,3719,7.18,4.66,25,38,135,6,1,0.15,28,7.85,0.14,340,21,5.71,0.15,350,17,4.7,0.14,310,25,4.0,0.13,300,19,4.21,0.16,360,25,1.2,0.15,370
2025-10,3721,7.64,5.96,44,33,129,6,2,0.12,28,9.28,0.11,210,21,7.61,0.11,280,26,6.15,0.15,300,29,4.82,0.1,200,20,2.5,0.12,270,5,0.0,0.19,540
2025-10,3722,3.81,1.4,4,10,100,0,0,0.17,10,4.0,0.16,310,18,1.66,0.19,430,21,2.85,0.17,360,18,0.55,0.14,350,17,0.0,0.16,400,16,0.0,0.2,420
2025-10,3726,3.69,1.83,3,6,49,0,0,0.17,6,3.33,0.14,470,9,4.44,0.15,410,9,1.11,0.17,380,8,0.0,0.17,380,10,2.0,0.14,340,7,0.0,0.23,490
2025-10,3730,4.23,2.32,12,17,125,0,0,0.17,15,6.0,0.14,310,26,2.69,0.17,370,23,2.6,0.16,340,18,2.22,0.18,310,25,1.2,0.19,380,18,0.0,0.19,480
2025-10,3731,4.81,3.27,16,23,119,0,0,0.18,24,6.25,0.18,380,28,5.0,0.18,370,28,1.78,0.18,380,21,1.42,0.19,400,12,1.66,0.15,350,6,0.0,0.23,550
2025-10,3736,4.94,2.72,9,12,77,0,0,0.16,12,5.0,0.16,380,14,3.57,0.17,410,12,1.66,0.15,360,13,4.61,0.12,230,17,0.58,0.18,340,9,1.11,0.16,420
2025-10,3737,6.95,5.5,25,30,100,4,0,0.18,26,8.84,0.18,370,14,2.85,0.17,350,17,5.29,0.16,330,17,4.7,0.17,400,14,5.0,0.18,430,12,3.33,0.22,520
2025-10,3740,6.5,4.89,29,18,96,2,1,0.16,22,7.72,0.13,200,16,4.37,0.16,330,15,4.66,0.17,280,11,1.81,0.14,330,19,5.26,0.16,310,13,3.07,0.19,390
2025-10,3741,3.36,1.23,6,6,97,0,0,0.19,12,4.16,0.17,280,20,1.0,0.18,470,17,2.35,0.16,350,14,0.0,0.19,400,21,0.47,0.19,430,13,0.0,0.23,440
2025-10,3742,4.56,2.09,3,14,81,0,0,0.18,12,2.5,0.17,280,14,2.14,0.21,490,16,5.0,0.17,320,15,1.33,0.18,390,18,0.55,0.17,380,6,0.0,0.18,350
2025-10,3743,6.28,4.69,36,25,130,4,0,0.15,33,7.27,0.14,280,27,3.7,0.14,290,31,4.19,0.15,300,28,4.28,0.17,280,8,2.5,0.15,350,3,0.0,0.23,570
2025-10,3744,6.66,5.03,46,20,131,5,2,0.13,30,8.66,0.14,280,21,4.76,0.12,300,18,3.88,0.15,300,32,5.0,0.12,220,21,2.85,0.11,240,9,1.11,0.16,420
2025-10,3745,5.41,3.55,10,22,90,0,0,0.17,18,7.22,0.16,270,15,3.33,0.16,330,15,2.0,0.18,380,13,2.3,0.14,380,11,4.54,0.17,360,18,1.66,0.19,400
2025-10,3746,5.54,3.57,23,27,140,0,0,0.17,28,7.5,0.16,380,20,6.0,0.17,370,26,2.3,0.17,370,20,3.5,0.17,450,25,1.6,0.19,430,21,0.0,0.18,370
2025-10,3747,4.93,3.46,12,22,98,0,0,0.17,14,7.85,0.19,420,19,4.73,0.16,390,14,5.0,0.16,360,12,2.5,0.18,380,21,1.42,0.17,320,18,0.55,0.15,280
2025-10,3748,3.98,1.52,6,12,118,0,0,0.17,20,3.5,0.16,320,22,2.27,0.19,350,19,0.0,0.19,420,19,2.63,0.16,270,24,0.0,0.16,330,14,0.71,0.13,290
2025-10,3752,4.63,2.62,9,17,99,0,0,0.16,14,5.0,0.17,390,20,2.5,0.16,380,13,3.07,0.14,240,15,2.0,0.15,300,20,2.5,0.13,270,17,1.17,0.19,360
2025-10,3757,5.22,2.94,11,19,102,0,0,0.15,13,6.15,0.14,250,23,4.78,0.14,300,17,1.76,0.16,280,23,1.73,0.14,240,18,1.66,0.15,280,8,1.25,0.18,350
2025-10,3761,5.18,3.33,15,11,78,1,0,0.17,11,7.27,0.14,310,13,4.61,0.18,380,12,1.66,0.15,370,15,3.33,0.17,400,17,2.35,0.18,410,10,1.0,0.19,480
2025-10,3769,4.91,2.4,10,14,100,0,0,0.19,22,4.54,0.18,390,17,2.35,0.18,380,20,3.0,0.19,430,14,2.85,0.16,340,14,0.0,0.2,490,13,0.0,0.23,540
2025-10,3771,5.16,2.84,15,16,109,1,1,0.16,16,8.12,0.17,310,21,1.9,0.14,260,20,1.5,0.14,300,17,2.94,0.14,230,23,1.73,0.15,330,12,1.66,0.21,410
2025-10,3772,5.45,3.67,16,24,109,1,0,0.15,22,7.72,0.14,250,16,5.62,0.16,310,19,3.15,0.14,310,16,2.5,0.14,340,19,1.57,0.15,310,17,0.58,0.16,340
2025-10,3773,4.91,3.13,16,16,102,1,0,0.15,17,8.23,0.16,250,17,1.17,0.17,370,16,4.37,0.15,320,25,2.8,0.14,240,13,1.53,0.16,300,13,0.0,0.14,310
2025-10,3775,4.09,2.01,8,19,134,0,0,0.17,18,6.11,0.16,320,23,1.73,0.16,320,25,3.2,0.16,360,24,0.83,0.18,350,20,0.5,0.16,360,24,0.41,0.17,390
2025-10,3776,3.21,0.98,4,7,112,0,0,0.17,14,2.14,0.16,310,18,1.11,0.17,410,21,0.95,0.16,350,23,1.3,0.17,350,18,0.55,0.18,380,18,0.0,0.17,450
2025-10,3777,5.73,3.55,22,20,118,2,0,0.17,22,8.18,0.16,290,18,5.0,0.17,360,16,4.37,0.16,340,24,2.5,0.19,410,17,1.17,0.17,380,21,0.0,0.19,390
2025-10,3778,3.54,1.39,5,8,93,0,0,0.21,14,2.85,0.18,410,18,1.11,0.22,410,21,2.38,0.2,380,13,1.53,0.22,450,16,0.0,0.2,360,11,0.0,0.23,460
2025-10,3779,7.26,5.07,49,20,136,8,2,0.1,34,8.23,0.1,220,19,5.26,0.12,300,27,4.44,0.11,230,28,4.64,0.09,220,14,3.57,0.11,260,14,0.71,0.11,260
2025-10,3783,7.56,5.54,35,31,119,8,2,0.15,27,8.14,0.16,390,23,6.95,0.12,350,15,5.33,0.18,460,21,4.76,0.15,320,20,4.5,0.14,310,13,0.76,0.17,400
2025-10,3784,5.05,2.9,16,16,110,1,0,0.16,16,6.87,0.13,210,18,3.88,0.14,280,26,2.69,0.15,290,15,1.33,0.17,300,19,1.57,0.16,300,16,1.25,0.2,380
2025-10,3787,3.82,1.45,4,11,103,0,0,0.18,13,3.84,0.18,330,16,2.5,0.15,350,25,1.2,0.18,380,17,1.76,0.22,410,18,0.0,0.19,410,14,0.0,0.19,510
2025-10,3788,6.0,4.7,24,24,102,2,0,0.12,16,8.12,0.12,230,17,4.7,0.14,220,17,4.11,0.12,250,18,5.0,0.11,240,20,4.0,0.08,170,13,2.3,0.15,250
2025-10,3790,3.81,1.7,7,8,88,0,0,0.2,13,3.07,0.21,440,18,2.22,0.19,360,14,1.42,0.19,380,15,0.66,0.17,450,16,1.25,0.21,390,12,1.66,0.25,490
2025-10,3792,6.12,4.51,19,27,102,3,0,0.15,22,8.18,0.15,280,17,4.11,0.19,400,17,3.52,0.16,330,14,5.71,0.14,310,18,2.77,0.14,300,14,1.42,0.16,330
2025-10,3793,4.59,2.81,11,16,96,0,0,0.17,15,6.66,0.15,280,15,2.0,0.21,430,15,3.33,0.17,300,17,4.11,0.14,270,18,0.55,0.19,460,16,0.62,0.17,360
2025-10,3796,5.01,3.14,11,28,124,1,0,0.16,15,6.66,0.17,380,19,5.26,0.17,360,24,3.33,0.14,280,23,2.17,0.14,250,17,1.76,0.18,320,26,1.15,0.19,450
2025-10,3797,4.28,1.9,7,14,110,0,0,0.19,15,5.33,0.16,380,19,2.1,0.18,460,20,2.0,0.2,420,19,1.05,0.2,480,23,1.3,0.21,450,14,0.0,0.17,410
2025-10,3800,5.21,3.86,14,25,101,0,0,0.15,20,7.0,0.14,280,15,2.66,0.18,270,16,3.12,0.14,200,18,5.0,0.13,260,18,2.77,0.15,280,14,1.42,0.16,400
2025-10,3801,5.24,4.11,10,11,51,2,0,0.17,8,7.5,0.17,330,9,4.44,0.17,390,8,3.75,0.13,250,9,5.55,0.18,360,10,3.0,0.15,330,6,0.0,0.21,430
2025-10,3804,4.02,1.91,9,9,94,0,0,0.17,12,3.33,0.17,340,19,3.15,0.17,380,18,0.55,0.17,320,13,3.84,0.14,240,19,1.05,0.15,320,13,0.0,0.22,470
2025-10,3805,5.76,4.19,15,24,93,1,0,0.13,17,6.47,0.16,280,18,3.88,0.16,320,16,5.62,0.12,230,17,5.29,0.11,210,18,1.11,0.13,260,7,1.42,0.1,210
2025-10,3807,4.62,2.33,8,16,103,0,0,0.18,14,5.71,0.18,360,22,2.27,0.18,360,19,1.05,0.16,310,16,3.75,0.16,290,21,1.42,0.17,340,11,0.0,0.22,540
2025-10,3808,3.89,1.76,6,12,102,0,0,0.16,13,6.15,0.15,260,19,1.05,0.16,330,22,1.36,0.16,290,18,1.66,0.15,310,20,1.0,0.17,340,10,0.0,0.18,310
2025-10,3809,4.64,1.73,7,9,92,1,0,0.17,13,3.84,0.17,370,18,1.66,0.19,400,21,2.38,0.15,290,22,0.45,0.19,330,15,1.33,0.13,250,3,0.0,0.15,370
2025-10,3811,5.95,4.55,27,39,145,5,0,0.15,31,8.38,0.16,320,26,5.0,0.14,280,20,4.0,0.15,270,18,4.44,0.14,260,30,3.33,0.15,320,20,0.5,0.18,420
2025-10,3812,4.45,2.68,7,25,119,0,0,0.16,19,5.78,0.16,280,19,3.15,0.16,380,25,1.6,0.14,270,24,2.5,0.18,380,16,2.5,0.16,290,16,0.62,0.17,390
2025-10,3813,6.51,5.2,29,23,100,3,1,0.17,22,9.09,0.14,250,17,6.47,0.17,350,18,4.44,0.16,330,18,3.88,0.17,310,14,2.85,0.15,400,11,1.81,0.22,450
2025-10,3814,4.48,2.56,10,20,117,0,0,0.17,19,5.78,0.17,370,23,3.91,0.16,350,19,3.15,0.15,250,16,2.5,0.17,310,27,0.0,0.18,390,13,0.0,0.21,460
2025-10,3820,3.17,0.61,1,4,81,0,0,0.17,13,0.76,0.17,320,13,0.0,0.17,360,12,1.66,0.19,380,11,0.0,0.15,400,16,0.62,0.16,310,16,0.62,0.16,340
2025-10,3822,6.95,5.59,50,35,152,8,2,0.16,40,8.5,0.15,340,26,5.0,0.19,350,21,5.71,0.17,320,21,4.28,0.16,310,29,3.79,0.15,270,15,4.0,0.16,290
2025-10,3825,3.74,2.08,10,14,115,0,0,0.13,14,7.14,0.12,210,20,1.0,0.13,260,17,2.35,0.12,180,21,1.42,0.13,200,20,2.0,0.13,220,23,0.43,0.14,240
2025-10,3826,5.92,3.92,18,24,107,2,1,0.15,23,7.39,0.16,230,17,2.94,0.12,260,17,4.7,0.15,280,15,4.0,0.14,290,22,1.81,0.16,330,13,1.53,0.16,350
2025-10,3827,4.04,1.53,3,13,104,0,0,0.17,13,3.84,0.19,380,25,2.4,0.14,320,17,0.58,0.18,380,19,0.52,0.18,320,20,1.5,0.17,310,10,0.0,0.18,480
2025-10,3828,4.96,2.63,15,15,114,0,0,0.17,21,7.14,0.14,270,17,2.94,0.17,340,19,2.1,0.19,470,16,0.62,0.16,350,27,1.11,0.19,400,14,1.42,0.15,360
2025-10,3831,4.82,3.01,13,15,93,0,0,0.15,17,5.88,0.17,320,15,4.0,0.15,300,14,4.28,0.11,180,17,1.76,0.13,220,16,1.25,0.15,290,14,0.71,0.2,420
2025-10,3832,4.78,2.77,8,22,108,0,0,0.16,17,5.29,0.17,290,20,4.5,0.13,250,15,3.33,0.14,330,17,2.94,0.16,340,15,1.33,0.17,410,24,0.0,0.19,410
2025-10,3833,6.86,5.29,36,26,117,5,2,0.13,31,9.35,0.14,260,19,4.73,0.13,240,14,5.71,0.12,190,20,5.5,0.14,260,20,1.5,0.12,240,13,1.53,0.15,320
2025-10,3834,4.3,2.39,8,14,92,0,0,0.21,14,5.71,0.22,410,17,3.52,0.2,420,14,2.14,0.22,400,15,0.0,0.21,380,19,1.57,0.18,340,13,1.53,0.22,390
2025-10,3837,6.03,4.26,25,24,115,4,0,0.15,20,8.5,0.14,300,20,7.0,0.15,290,19,3.15,0.17,320,24,2.5,0.15,280,15,1.33,0.16,310,17,2.35,0.16,350
2025-10,3838,4.88,2.83,13,17,106,1,0,0.14,19,8.42,0.11,200,19,2.1,0.17,320,14,2.85,0.16,290,15,0.66,0.12,270,19,1.57,0.13,290,20,1.0,0.15,380
2025-10,3839,4.54,2.46,15,16,126,0,0,0.16,19,5.26,0.15,300,20,1.5,0.17,370,24,3.33,0.14,250,24,2.91,0.15,310,23,1.3,0.19,390,16,0.0,0.18,390
2025-10,3841,6.11,4.68,31,36,143,5,0,0.16,28,8.21,0.15,280,24,5.83,0.16,300,23,5.21,0.17,330,24,4.16,0.14,330,22,2.72,0.16,350,22,0.9,0.2,420
2025-10,3842,5.02,2.99,21,11,107,0,0,0.18,23,5.65,0.16,320,15,4.66,0.15,390,17,2.35,0.17,420,19,3.68,0.18,370,18,0.55,0.2,440,15,0.0,0.2,450
2025-10,3843,4.71,2.93,14,20,116,0,0,0.16,19,7.36,0.13,250,20,2.5,0.17,300,15,5.33,0.15,300,24,1.25,0.16,290,19,2.1,0.17,310,19,0.0,0.16,340
2025-10,3845,5.31,3.7,18,12,81,0,0,0.19,17,8.82,0.17,350,22,3.18,0.21,400,19,2.63,0.19,390,15,2.0,0.19,350,6,0.0,0.22,470,2,0.0,0.24,500
2025-10,3848,5.48,3.38,22,20,124,0,0,0.14,22,7.27,0.13,220,20,3.0,0.15,300,16,4.37,0.14,240,20,3.0,0.15,310,18,2.77,0.13,270,28,0.71,0.13,270
2025-10,3849,7.5,6.3,57,25,130,9,4,0.12,35,9.42,0.11,210,27,4.44,0.15,210,23,5.65,0.14,260,30,6.0,0.09,180,13,4.61,0.12,260,2,0.0,0.24,550
2025-10,3850,4.8,2.17,9,19,129,0,0,0.15,15,5.33,0.14,310,24,1.66,0.15,250,25,2.4,0.15,280,24,2.08,0.13,200,29,1.72,0.14,230,12,0.0,0.2,350
2025-10,3851,3.39,1.46,5,6,75,0,0,0.17,11,5.45,0.13,170,14,1.42,0.16,290,14,1.42,0.16,290,13,0.76,0.21,370,11,0.0,0.16,370,12,0.0,0.2,480
2025-10,3852,5.07,3.23,17,26,133,1,0,0.16,21,6.66,0.14,290,21,1.9,0.17,370,21,4.28,0.13,290,24,3.33,0.17,330,21,2.38,0.14,320,25,1.2,0.17,310
2025-10,3853,5.17,3.25,18,23,126,0,0,0.19,22,8.18,0.16,370,23,4.34,0.19,370,25,3.6,0.17,380,16,1.25,0.19,370,24,0.83,0.19,450,16,0.0,0.23,530
2025-10,3854,7.18,5.04,32,28,119,5,2,0.13,32,7.81,0.15,290,16,5.0,0.14,280,19,4.73,0.14,290,23,4.78,0.11,230,19,3.15,0.12,290,10,1.0,0.15,410
2025-10,3857,4.55,2.87,13,6,66,0,0,0.2,4,2.5,0.24,450,8,2.5,0.22,450,2,0.0,0.21,400,3,3.33,0.13,230,10,3.0,0.22,400,39,3.07,0.19,360
2025-10,3859,4.46,2.34,7,12,81,0,0,0.15,13,6.15,0.15,320,12,4.16,0.17,290,13,3.07,0.11,210,15,0.0,0.16,300,14,1.42,0.14,310,14,0.0,0.18,430
2025-10,3860,4.37,2.21,13,12,113,0,0,0.19,17,2.35,0.18,380,19,3.15,0.17,340,24,3.33,0.18,350,16,1.25,0.22,430,20,1.0,0.19,350,17,1.76,0.2,440
2025-10,3863,4.02,1.86,6,10,86,0,0,0.18,14,5.0,0.19,410,14,2.14,0.15,340,15,0.0,0.17,390,13,2.3,0.2,370,16,0.62,0.2,380,14,1.42,0.2,390
2025-10,3866,3.05,1.23,0,8,65,0,0,0.13,8,5.0,0.1,200,12,0.83,0.14,270,11,2.72,0.1,200,8,0.0,0.12,200,17,0.0,0.13,220,9,0.0,0.15,270
2025-10,3867,4.46,2.67,14,16,112,0,0,0.16,15,6.66,0.15,290,23,3.47,0.17,310,19,2.63,0.13,290,20,2.5,0.15,330,22,0.45,0.16,350,12,0.83,0.19,410
2025-10,3868,3.92,1.78,3,14,95,0,0,0.2,11,3.63,0.18,350,17,1.76,0.23,440,18,2.77,0.18,380,19,0.52,0.21,440,17,2.35,0.2,460,13,0.0,0.21,460
2025-10,3869,4.16,2.11,9,16,118,0,0,0.17,18,6.11,0.13,280,21,1.9,0.18,390,20,1.5,0.17,370,19,1.57,0.18,330,24,1.25,0.18,390,16,0.62,0.19,360
2025-10,3870,4.41,2.28,13,13,114,0,0,0.17,17,7.05,0.15,290,24,1.25,0.15,320,20,1.5,0.19,330,21,2.85,0.17,270,18,0.55,0.17,330,14,0.71,0.16,360
2025-10,3871,4.9,3.28,7,15,67,2,0,0.18,9,7.77,0.17,330,13,3.84,0.17,350,15,5.33,0.17,360,11,1.81,0.2,410,14,0.0,0.17,450,5,0.0,0.19,360
2025-10,3872,5.45,3.54,27,24,144,1,0,0.2,29,6.89,0.2,410,21,4.28,0.2,480,23,3.04,0.19,380,21,3.33,0.17,370,23,2.17,0.21,410,27,1.11,0.21,380
2025-10,3873,5.9,4.25,26,31,134,2,0,0.16,26,8.46,0.18,330,22,2.72,0.17,340,26,4.61,0.15,320,16,2.5,0.14,250,22,2.72,0.15,290,22,3.18,0.18,370
2025-10,3874,6.36,4.96,25,37,125,5,1,0.15,24,8.75,0.14,290,24,5.41,0.15,330,20,3.5,0.16,330,20,5.5,0.16,320,18,2.77,0.15,360,19,2.63,0.14,390
2025-10,3875,4.51,2.3,12,11,100,0,0,0.17,11,7.27,0.17,320,17,2.94,0.18,380,20,2.0,0.14,280,21,1.9,0.15,360,21,0.95,0.18,420,10,0.0,0.23,520
2025-10,3876,7.73,6.72,55,23,116,7,5,0.13,28,9.28,0.13,220,17,7.64,0.16,340,20,7.5,0.13,260,18,5.0,0.14,250,18,6.11,0.1,190,14,2.85,0.11,200
2025-10,3878,4.32,1.47,8,6,95,0,0,0.18,11,6.36,0.15,170,16,1.25,0.17,260,19,0.52,0.18,380,15,1.33,0.19,330,20,1.0,0.16,310,14,0.0,0.22,400
2025-10,3880,4.51,2.63,10,24,129,0,0,0.18,19,5.26,0.15,350,26,2.69,0.19,360,24,2.5,0.21,410,24,2.5,0.19,400,27,1.48,0.18,430,9,1.11,0.15,330
2025-10,3882,4.9,2.89,14,21,121,0,0,0.17,20,6.0,0.16,270,19,3.68,0.21,390,25,2.4,0.15,260,28,2.5,0.17,300,12,1.66,0.18,360,17,0.58,0.15,440
2025-10,3885,4.88,2.89,14,17,107,1,0,0.18,20,6.0,0.15,310,14,2.85,0.16,310,18,3.88,0.14,270,18,3.33,0.19,370,21,0.95,0.19,430,16,0.0,0.24,480
2025-10,3888,5.83,3.71,20,29,132,1,0,0.15,21,8.09,0.14,270,23,2.6,0.15,290,20,5.0,0.15,270,28,1.78,0.14,310,21,3.33,0.15,260,19,2.1,0.16,340
2025-10,3889,4.72,2.84,9,22,109,0,0,0.15,16,6.25,0.17,280,18,5.0,0.12,240,21,1.42,0.13,290,18,1.66,0.18,280,23,2.17,0.17,290,13,0.76,0.16,330
2025-10,3891,3.8,1.74,5,14,109,0,0,0.18,15,4.0,0.17,270,16,2.5,0.2,370,24,1.66,0.17,380,23,0.87,0.18,320,19,0.52,0.2,350,12,1.66,0.18,370
2025-10,3892,5.32,3.36,15,22,110,0,0,0.15,17,7.64,0.15,330,23,3.91,0.14,310,18,2.22,0.17,320,13,2.3,0.15,330,24,1.66,0.16,300,15,2.66,0.16,370
2025-10,3893,4.28,2.21,8,13,95,0,0,0.16,16,5.0,0.16,330,16,1.87,0.17,330,17,4.11,0.14,310,18,1.66,0.18,410,13,0.0,0.17,380,15,0.0,0.14,340
2025-10,3895,3.6,1.85,6,7,70,0,0,0.18,9,4.44,0.2,360,13,0.76,0.18,410,15,3.33,0.18,310,14,1.42,0.15,270,12,0.83,0.21,380,7,0.0,0.17,430
2025-10,3896,5.14,3.05,8,14,72,0,0,0.17,13,6.92,0.14,270,13,5.38,0.19,370,7,5.71,0.17,360,17,1.17,0.18,320,11,0.0,0.13,320,11,0.0,0.19,430
2025-10,3897,7.4,4.71,28,22,106,5,3,0.13,28,7.5,0.14,330,17,4.7,0.15,320,19,4.73,0.12,260,18,5.55,0.13,270,12,1.66,0.11,260,12,0.0,0.17,460
2025-10,3898,6.75,5.26,32,37,131,7,0,0.14,25,8.4,0.13,210,23,6.08,0.14,400,24,7.08,0.13,300,19,3.68,0.16,320,16,3.12,0.12,290,24,2.08,0.15,330
2025-10,3900,6.5,5.0,22,31,106,4,1,0.16,21,10.0,0.15,330,18,5.55,0.17,360,21,3.81,0.19,340,14,2.85,0.15,320,18,5.0,0.17,290,14,0.71,0.15,320
2025-10,3901,4.26,2.09,10,7,81,0,0,0.2,11,3.63,0.22,510,14,2.14,0.22,520,20,1.5,0.17,440,13,4.61,0.17,380,13,0.76,0.19,470,10,0.0,0.25,530
2025-10,3902,0.0,0.0,0,0,0,0,0,0.0,0,0.0,0.0,0,0,0.0,0.0,0,0,0.0,0.0,0,0,0.0,0.0,0,0,0.0,0.0,0,0,0.0,0.0,0
2025-10,3904,5.39,3.5,9,11,57,0,0,0.18,11,5.45,0.16,290,9,7.77,0.18,340,11,1.81,0.18,320,9,3.33,0.16,360,4,5.0,0.13,230,13,0.0,0.21,530
2025-10,3905,6.04,4.32,29,29,134,5,1,0.15,26,9.61,0.18,350,22,3.18,0.14,250,20,4.5,0.14,300,19,3.68,0.15,250,25,2.0,0.16,250,22,2.27,0.15,310
2025-10,3906,4.11,2.69,11,17,104,0,0,0.18,14,7.14,0.14,300,22,1.81,0.18,370,19,3.15,0.19,350,14,1.42,0.18,410,19,2.1,0.19,390,16,1.25,0.21,440
2025-10,3907,5.53,3.92,25,28,135,1,0,0.17,25,7.6,0.17,380,26,5.0,0.18,360,21,5.23,0.17,360,19,2.1,0.18,370,24,1.66,0.17,450,20,1.0,0.17,460
2025-10,3908,6.83,4.62,39,28,145,2,0,0.14,34,8.52,0.14,230,24,4.58,0.15,300,22,4.54,0.15,350,23,3.47,0.11,250,18,3.88,0.12,260,24,0.83,0.14,330
2025-10,3909,6.96,5.18,49,21,135,5,3,0.11,28,8.57,0.1,180,28,2.5,0.14,300,30,5.0,0.1,210,31,5.48,0.09,210,18,3.88,0.12,200,0,0.0,0.0,0
2025-10,3910,4.15,2.22,14,12,117,0,0,0.16,15,7.33,0.15,240,23,1.73,0.16,330,22,2.72,0.14,290,16,0.62,0.16,330,28,1.42,0.19,400,13,0.0,0.18,440
2025-10,3911,5.5,3.79,19,30,129,1,0,0.16,22,5.9,0.17,350,21,5.23,0.21,350,19,4.73,0.14,300,25,3.6,0.15,340,24,1.66,0.16,260,18,1.66,0.15,320
2025-10,3912,5.76,4.37,28,28,128,0,0,0.14,25,8.4,0.12,210,19,8.42,0.13,230,22,3.18,0.15,260,21,2.85,0.14,210,18,2.22,0.14,230,23,0.87,0.13,280
2025-10,3915,5.53,3.21,25,20,140,1,0,0.17,28,8.92,0.18,330,25,3.6,0.18,410,22,2.72,0.18,360,20,2.0,0.18,380,25,0.4,0.14,310,20,0.0,0.17,390
2025-10,3918,6.12,4.08,26,25,125,3,0,0.18,21,5.71,0.18,330,21,5.71,0.17,390,25,3.2,0.17,300,17,2.94,0.15,250,17,4.11,0.17,370,24,2.91,0.21,450
2025-10,3920,5.67,3.84,12,28,104,2,0,0.15,15,6.0,0.14,250,39,4.1,0.15,290,26,3.46,0.16,320,21,2.85,0.14,310,3,0.0,0.22,400,0,0.0,0.0,0
2025-10,3921,4.63,2.13,8,11,89,0,0,0.2,13,6.15,0.2,400,15,3.33,0.19,440,15,2.0,0.18,360,15,2.0,0.21,470,20,0.0,0.2,460,11,0.0,0.24,520
2025-10,3922,3.86,1.82,8,15,126,0,0,0.19,16,5.62,0.18,360,24,1.66,0.19,440,26,1.92,0.17,380,22,1.36,0.17,330,26,0.38,0.2,410,12,0.83,0.2,480
2025-10,3928,3.58,1.64,5,10,91,0,0,0.17,14,2.85,0.16,390,12,0.83,0.19,400,19,3.68,0.16,300,19,0.52,0.16,310,15,1.33,0.16,310,12,0.0,0.19,510
2025-10,3929,4.29,2.06,11,13,116,0,0,0.16,18,4.44,0.18,350,18,1.66,0.16,320,20,2.0,0.16,260,20,1.5,0.16,310,24,2.08,0.15,270,16,0.62,0.17,340
2025-10,3930,5.47,3.57,25,20,126,1,0,0.15,24,7.08,0.15,300,24,5.0,0.16,280,22,3.63,0.14,220,17,4.11,0.13,260,23,0.43,0.15,380,16,0.0,0.18,380
2025-10,3931,5.25,3.11,11,18,93,0,0,0.16,17,6.47,0.17,290,15,3.33,0.14,310,13,2.3,0.16,320,16,3.75,0.16,240,16,1.25,0.16,300,16,1.25,0.17,390
2025-10,3932,3.99,2.6,6,12,69,0,0,0.18,12,5.0,0.17,380,9,4.44,0.15,330,14,5.0,0.18,340,11,0.0,0.19,440,11,0.0,0.21,360,12,0.83,0.19,410
2025-10,3933,5.39,3.4,22,23,132,1,1,0.18,20,6.5,0.17,380,63,3.49,0.18,370,31,3.22,0.17,350,18,0.0,0.17,440,0,0.0,0.0,0,0,0.0,0.0,0
2025-10,3934,5.02,2.88,9,21,104,1,0,0.17,16,3.12,0.21,390,13,5.38,0.17,340,21,3.33,0.14,260,20,3.5,0.15,290,20,2.0,0.16,290,14,0.0,0.19,450
2025-10,3935,4.3,1.9,9,11,105,0,0,0.17,17,5.88,0.13,220,18,0.0,0.19,380,21,2.38,0.17,310,17,1.76,0.16,300,13,0.76,0.18,370,19,0.52,0.21,480
2025-10,3939,5.96,4.42,12,11,52,0,0,0.14,12,7.5,0.16,330,7,4.28,0.16,270,8,3.75,0.11,300,10,3.0,0.13,310,8,5.0,0.17,310,7,1.42,0.11,340
2025-10,3940,6.37,4.58,38,28,144,3,0,0.15,27,8.51,0.16,210,31,4.19,0.13,210,15,5.33,0.15,230,26,5.0,0.14,270,22,2.27,0.15,310,23,1.73,0.15,370
2025-10,3941,7.92,5.42,47,30,142,6,3,0.13,36,9.16,0.13,250,23,6.08,0.14,330,19,5.78,0.12,240,24,4.16,0.13,250,22,3.18,0.13,330,18,1.11,0.14,380
2025-10,3942,6.83,4.86,28,25,109,3,2,0.15,30,8.33,0.17,380,14,5.0,0.18,460,17,5.88,0.14,320,22,2.72,0.14,380,15,3.33,0.12,220,11,0.0,0.17,390
2025-10,3943,0.0,0.0,0,0,0,0,0,0.0,0,0.0,0.0,0,0,0.0,0.0,0,0,0.0,0.0,0,0,0.0,0.0,0,0,0.0,0.0,0,0,0.0,0.0,0
2025-10,3944,6.06,4.58,23,27,109,2,2,0.17,26,7.3,0.17,290,15,6.66,0.17,340,16,4.37,0.17,290,20,3.5,0.15,300,16,2.5,0.17,360,16,1.87,0.22,460
2025-10,3945,3.69,1.19,2,6,67,1,0,0.2,9,1.11,0.19,420,16,2.5,0.21,430,9,0.0,0.18,370,9,2.22,0.2,370,12,0.83,0.21,350,12,0.0,0.21,380
2025-10,3946,7.22,5.92,42,57,167,9,2,0.15,44,8.18,0.12,250,81,5.8,0.16,320,32,4.68,0.17,330,8,0.0,0.16,380,0,0.0,0.0,0,2,5.0,0.22,550
2025-10,3947,5.14,2.68,17,15,119,0,0,0.17,22,5.0,0.16,310,21,2.85,0.16,360,20,3.0,0.18,280,20,2.0,0.19,430,18,1.11,0.16,350,18,1.66,0.18,370
2025-10,3948,3.79,1.88,5,11,85,0,0,0.19,13,6.15,0.16,350,15,2.0,0.18,430,15,2.0,0.14,270,11,0.9,0.2,450,13,0.76,0.18,350,18,0.0,0.25,480
2025-10,3949,3.39,1.23,3,8,89,0,0,0.19,11,3.63,0.15,250,20,1.5,0.16,350,11,1.81,0.19,360,16,1.25,0.21,490,17,0.0,0.19,410,14,0.0,0.22,470
2025-10,3950,3.67,1.59,3,8,69,0,0,0.16,10,3.0,0.16,350,11,0.9,0.15,330,16,1.87,0.15,330,12,2.5,0.14,270,10,0.0,0.12,280,10,1.0,0.22,410
2025-10,3951,5.95,3.98,26,29,138,2,0,0.18,26,7.3,0.18,330,21,4.76,0.18,340,23,4.78,0.17,330,22,3.18,0.18,340,32,2.5,0.18,330,14,0.0,0.18,420
2025-10,3952,7.18,5.83,44,40,144,9,1,0.15,37,8.64,0.15,290,21,6.66,0.15,250,18,6.66,0.15,320,19,4.21,0.12,360,23,3.91,0.17,250,26,3.46,0.15,300
2025-10,3953,3.69,1.29,5,5,77,0,0,0.2,10,5.0,0.15,250,16,0.0,0.21,440,11,0.9,0.15,350,15,1.33,0.2,390,15,1.33,0.2,390,10,0.0,0.27,560
2025-10,3955,5.37,3.56,17,19,101,2,0,0.17,15,5.33,0.17,360,17,5.88,0.17,340,21,4.28,0.18,370,19,2.63,0.16,340,15,2.66,0.19,340,13,0.0,0.19,460
2025-10,3956,6.36,4.87,29,29,119,3,0,0.15,21,7.61,0.16,300,25,5.6,0.15,360,22,5.0,0.17,350,17,5.29,0.14,280,20,3.0,0.14,330,14,1.42,0.17,340
2025-10,3957,4.75,2.37,13,16,122,2,0,0.19,17,5.29,0.18,380,20,1.0,0.21,440,24,2.91,0.16,360,20,4.0,0.19,400,26,1.15,0.18,420,15,0.0,0.24,530
2025-10,3959,7.0,4.59,38,19,124,10,0,0.14,26,8.46,0.12,270,20,5.0,0.16,340,19,3.68,0.12,310,16,4.37,0.16,310,24,3.75,0.13,310,19,1.05,0.15,370
2025-10,3960,7.28,6.22,53,41,151,8,1,0.11,37,8.64,0.11,200,23,6.52,0.12,220,22,6.81,0.1,190,32,5.0,0.11,210,26,3.84,0.09,170,11,5.45,0.12,230
2025-10,3961,6.22,4.08,19,19,93,1,0,0.16,18,8.33,0.15,310,13,3.84,0.16,350,18,4.44,0.16,330,16,2.5,0.13,270,11,1.81,0.16,430,17,2.35,0.18,410
2025-10,3963,5.15,3.3,19,16,106,0,0,0.16,24,6.66,0.15,330,15,2.66,0.15,370,19,2.1,0.17,340,12,4.16,0.14,260,15,3.33,0.15,360,21,0.47,0.21,450
2025-10,3964,4.17,2.13,8,15,108,0,0,0.21,15,6.0,0.19,340,19,3.15,0.21,490,20,1.5,0.2,410,13,2.3,0.21,400,20,0.5,0.18,430,21,0.47,0.24,510
2025-10,3965,5.78,4.05,19,28,116,1,0,0.17,22,6.81,0.14,320,15,4.66,0.19,390,24,3.33,0.18,320,22,4.09,0.16,280,16,3.12,0.15,260,17,1.76,0.17,320
2025-10,3966,6.52,4.77,42,31,153,4,1,0.18,31,8.71,0.16,320,24,5.0,0.17,370,26,3.84,0.18,320,27,4.81,0.15,280,22,2.72,0.2,460,23,2.17,0.2,420
2025-10,3967,4.55,2.35,9,15,102,0,0,0.18,15,7.33,0.18,310,16,4.37,0.16,370,15,0.0,0.19,370,20,2.0,0.17,420,17,0.0,0.21,440,19,1.05,0.19,430
2025-10,3968,5.82,3.89,21,25,118,0,0,0.16,20,9.0,0.15,250,20,4.0,0.16,350,24,3.75,0.15,270,19,3.15,0.15,280,21,0.47,0.15,320,13,3.07,0.19,410
2025-10,3973,4.38,1.95,11,17,143,0,0,0.19,18,6.11,0.16,330,29,2.06,0.2,350,23,2.17,0.19,340,28,0.71,0.18,380,17,1.17,0.18,390,28,0.71,0.19,350
2025-10,3974,4.13,2.04,7,11,88,0,0,0.15,10,7.0,0.12,210,12,1.66,0.16,380,20,2.5,0.12,260,19,1.57,0.16,310,16,0.62,0.16,330,11,0.0,0.22,470
2025-10,3975,4.8,2.47,11,15,105,0,0,0.15,16,5.62,0.12,190,14,4.28,0.13,330,17,2.94,0.16,300,18,1.11,0.15,320,18,1.11,0.16,420,22,0.9,0.16,350
2025-10,3976,3.95,2.11,9,13,104,0,0,0.18,17,4.7,0.16,310,16,1.87,0.18,410,20,3.0,0.17,310,16,1.87,0.18,360,22,0.9,0.18,400,13,0.0,0.2,440
2025-10,3977,4.44,2.15,13,12,116,0,0,0.16,18,5.55,0.18,290,17,2.94,0.17,350,19,2.1,0.16,320,27,1.85,0.18,340,18,0.55,0.14,270,17,0.0,0.15,330
2025-10,3978,6.83,4.4,37,26,143,5,1,0.13,27,8.88,0.12,240,22,4.54,0.14,290,24,5.0,0.12,310,23,3.04,0.13,320,27,2.96,0.14,270,20,1.0,0.18,410
2025-10,3981,4.27,2.42,16,17,136,1,0,0.2,18,7.22,0.2,410,23,1.3,0.21,440,30,1.66,0.19,420,23,2.6,0.18,370,21,2.38,0.19,340,21,0.47,0.21,500
2025-10,3982,4.91,3.03,15,15,99,0,0,0.15,13,8.46,0.16,330,16,3.75,0.16,310,21,2.38,0.16,330,17,2.94,0.16,370,20,0.5,0.16,320,12,1.66,0.12,330
2025-10,3983,5.81,3.7,25,31,151,5,0,0.14,24,7.91,0.16,270,25,2.8,0.13,270,28,4.64,0.11,270,26,3.46,0.13,270,31,1.93,0.15,330,17,1.17,0.16,460
2025-10,3984,5.93,3.94,27,18,114,4,1,0.17,26,9.23,0.14,290,17,2.94,0.16,370,20,3.5,0.18,400,15,2.66,0.17,410,18,1.66,0.17,330,18,1.11,0.19,470
2025-10,3986,4.96,2.75,12,18,109,0,0,0.18,16,8.12,0.16,330,20,4.5,0.16,310,19,1.57,0.16,320,16,2.5,0.2,380,22,0.45,0.2,450,16,0.0,0.2,420
2025-10,3987,5.17,3.48,9,21,86,1,0,0.15,18,6.11,0.17,360,13,2.3,0.16,420,12,4.16,0.15,290,12,5.0,0.15,360,13,3.07,0.16,270,18,0.55,0.13,320
2025-10,3988,5.82,4.23,20,38,137,3,0,0.15,25,8.4,0.15,280,22,5.45,0.16,330,23,3.91,0.16,280,25,4.4,0.15,320,20,2.5,0.13,270,22,0.0,0.18,430
2025-10,3989,3.93,1.59,2,13,94,0,0,0.22,12,3.33,0.25,470,15,2.0,0.2,490,18,1.11,0.2,430,19,1.05,0.21,490,18,1.11,0.24,500,12,1.66,0.26,530
2025-10,3990,4.77,2.81,11,16,96,0,0,0.15,13,4.61,0.16,360,18,5.55,0.14,300,17,2.35,0.1,270,15,3.33,0.17,330,19,1.05,0.15,270,13,0.0,0.17,400
2025-10,3992,4.89,2.21,11,12,104,0,0,0.13,18,6.11,0.13,240,18,2.22,0.17,380,16,0.62,0.13,230,20,2.0,0.13,260,11,1.81,0.09,260,21,0.47,0.13,310
2025-10,3993,5.52,3.73,14,17,83,1,0,0.17,13,7.69,0.18,330,15,4.0,0.18,370,16,5.62,0.16,310,14,2.85,0.18,400,19,0.52,0.15,360,6,1.66,0.17,340
2025-10,3994,5.02,2.61,8,15,88,0,0,0.2,15,4.66,0.22,430,16,6.25,0.23,420,13,1.53,0.17,420,15,2.0,0.18,350,10,0.0,0.2,360,19,0.52,0.18,390
2025-10,3995,6.54,4.96,33,30,127,3,1,0.12,27,8.51,0.11,210,19,4.73,0.12,270,26,5.0,0.11,230,19,3.15,0.12,210,21,3.81,0.12,160,15,2.66,0.11,170
2025-10,3997,6.84,4.96,40,27,135,5,0,0.16,32,9.06,0.15,290,25,5.2,0.16,330,19,4.73,0.16,280,25,3.6,0.16,390,21,2.38,0.18,380,13,1.53,0.19,410
2025-10,3998,4.21,2.05,5,17,107,0,0,0.17,16,6.25,0.11,240,19,2.63,0.16,380,16,1.87,0.16,290,18,1.66,0.16,360,21,0.47,0.19,410,17,0.0,0.22,520
2025-10,3999,6.37,4.59,29,34,137,4,0,0.15,30,8.0,0.16,280,24,6.25,0.15,300,20,4.0,0.13,230,23,2.6,0.14,270,27,2.96,0.15,240,13,1.53,0.17,370
2025-10,4000,5.89,3.79,34,21,145,2,0,0.17,29,8.27,0.16,280,19,4.21,0.17,390,32,4.37,0.17,330,19,2.63,0.16,350,25,0.4,0.17,330,21,1.42,0.17,370
2025-10,4002,6.78,4.87,30,30,123,7,1,0.15,27,8.88,0.15,340,21,5.23,0.17,350,17,3.52,0.13,310,23,4.34,0.13,300,21,4.28,0.15,280,14,0.0,0.15,350
2025-10,4003,5.34,2.67,12,18,112,2,0,0.16,18,6.66,0.17,340,24,3.33,0.17,330,15,1.33,0.16,310,16,0.62,0.16,360,24,1.66,0.16,330,15,2.0,0.16,410
2025-10,4004,4.47,2.08,7,12,91,0,0,0.19,12,4.16,0.18,450,15,2.0,0.21,440,17,2.35,0.2,380,15,3.33,0.17,370,25,0.4,0.19,410,7,1.42,0.17,350
2025-10,4006,5.02,2.78,9,18,97,1,0,0.17,15,8.0,0.15,390,15,5.33,0.16,350,17,1.76,0.19,360,16,0.62,0.16,440,20,1.5,0.19,400,14,0.0,0.19,530
2025-10,4007,4.74,3.11,18,16,109,1,0,0.12,14,6.42,0.13,310,16,3.12,0.15,270,21,3.33,0.11,200,20,3.0,0.11,210,24,2.5,0.13,190,14,0.71,0.14,270
2025-10,4009,5.77,3.85,25,17,109,5,1,0.13,26,8.07,0.13,230,9,1.11,0.13,280,20,2.5,0.12,270,23,4.34,0.13,200,15,2.0,0.12,230,16,1.25,0.15,300
2025-10,4010,3.7,1.19,4,7,92,0,0,0.18,11,2.72,0.19,510,18,2.22,0.16,330,16,0.62,0.17,380,16,0.62,0.19,380,20,1.0,0.21,420,11,0.0,0.17,440
2025-10,4011,6.41,4.95,33,19,105,5,2,0.15,24,9.16,0.13,250,14,5.71,0.16,340,17,3.52,0.19,340,16,3.12,0.14,210,13,3.84,0.17,340,21,2.85,0.15,330
2025-10,4012,6.04,4.42,32,29,138,3,1,0.15,27,7.03,0.15,290,25,3.6,0.16,310,25,4.4,0.15,210,30,4.66,0.14,250,23,3.47,0.13,240,8,0.0,0.16,260
2025-10,4013,7.65,5.81,43,39,141,11,1,0.13,32,9.06,0.14,310,22,7.27,0.13,320,15,5.33,0.14,310,28,3.21,0.13,290,16,5.0,0.12,230,28,4.28,0.13,290
2025-10,4014,5.66,3.83,19,27,120,2,0,0.18,26,7.3,0.17,310,17,4.11,0.17,340,24,4.16,0.16,330,20,2.0,0.19,400,15,2.66,0.2,330,18,1.11,0.18,410
2025-10,4015,5.81,3.61,19,20,108,3,0,0.16,23,6.52,0.17,370,20,4.0,0.19,400,16,3.75,0.18,360,16,4.37,0.12,280,13,1.53,0.16,340,20,0.5,0.14,400
2025-10,4016,4.28,2.27,5,18,101,0,0,0.15,15,6.66,0.15,340,17,1.76,0.17,420,16,1.87,0.16,330,17,2.35,0.13,240,18,1.66,0.13,330,18,0.0,0.17,460
2025-10,4017,5.57,3.82,22,17,102,1,0,0.17,19,8.94,0.15,250,17,4.11,0.18,320,19,3.68,0.18,320,14,2.85,0.16,330,15,0.66,0.16,370,18,1.66,0.2,390
2025-10,4019,6.97,5.04,34,24,115,4,2,0.16,24,7.08,0.17,380,19,6.31,0.15,340,20,5.5,0.15,340,18,4.44,0.15,290,19,4.73,0.17,320,15,0.66,0.19,450
2025-10,4020,3.82,1.72,6,9,87,0,0,0.2,12,3.33,0.15,320,19,2.63,0.22,470,9,1.11,0.16,390,14,2.85,0.19,380,16,0.62,0.19,420,17,0.0,0.23,460
2025-10,4022,4.69,2.4,14,11,104,1,0,0.17,16,6.87,0.14,290,18,2.22,0.19,350,19,2.1,0.18,350,20,1.0,0.17,340,17,1.76,0.16,260,14,0.71,0.17,380
2025-10,4023,4.57,2.4,12,12,100,0,0,0.18,15,6.0,0.19,350,15,2.66,0.21,410,20,2.0,0.19,330,14,2.85,0.18,390,18,0.55,0.14,280,18,1.11,0.19,380
2025-10,4024,6.94,4.53,37,26,139,2,0,0.14,30,8.33,0.13,360,25,4.4,0.15,380,20,5.5,0.14,330,21,2.38,0.14,320,28,3.21,0.14,290,15,1.33,0.16,410
2025-10,4025,6.53,4.72,40,36,161,6,1,0.17,34,7.64,0.18,390,26,4.61,0.17,350,29,4.82,0.15,270,30,3.0,0.2,390,28,3.92,0.15,290,14,2.85,0.16,350
2025-10,4027,5.32,3.26,25,20,138,1,0,0.16,28,7.5,0.17,300,25,4.4,0.17,350,25,2.8,0.16,300,23,1.73,0.14,320,23,0.87,0.14,270,14,0.0,0.18,340
2025-10,4028,6.28,4.08,30,17,115,3,0,0.15,25,9.2,0.12,260,21,4.76,0.16,340,19,4.21,0.16,280,14,2.14,0.16,290,20,1.0,0.15,350,16,0.62,0.15,460
2025-10,4030,6.41,3.42,17,20,108,1,0,0.14,17,7.05,0.15,360,20,4.5,0.14,350,15,3.33,0.14,350,19,2.63,0.14,310,24,2.08,0.13,310,13,0.76,0.15,350
2025-10,4031,4.59,2.43,12,18,123,0,0,0.17,18,6.11,0.14,240,22,2.27,0.17,370,25,2.8,0.19,330,17,1.76,0.17,380,21,0.95,0.14,280,20,1.0,0.2,420
2025-10,4033,6.55,5.03,45,31,151,5,0,0.13,30,9.0,0.11,190,29,6.2,0.16,290,26,4.61,0.12,220,28,5.0,0.13,290,22,1.81,0.15,300,16,0.62,0.15,320
2025-10,4034,4.37,1.9,12,11,121,0,0,0.18,16,6.25,0.15,290,25,1.2,0.2,420,22,1.36,0.18,350,20,1.5,0.18,380,25,1.6,0.17,340,13,0.0,0.2,540
2025-10,4035,3.65,1.85,11,12,124,0,0,0.2,14,5.71,0.17,340,19,2.1,0.2,470,30,1.66,0.23,460,25,0.8,0.2,460,22,0.9,0.18,410,14,1.42,0.18,480
2025-10,4036,6.48,5.03,43,38,161,4,0,0.16,35,9.42,0.14,220,25,4.4,0.17,350,24,4.16,0.17,330,26,4.23,0.16,350,28,4.64,0.19,360,23,1.3,0.15,320
2025-10,4039,6.03,4.45,21,32,119,3,0,0.15,19,7.36,0.19,380,23,6.52,0.13,290,17,4.7,0.19,290,16,3.12,0.13,280,25,4.0,0.12,220,19,0.52,0.16,330
2025-10,4040,6.09,4.27,34,31,152,3,0,0.15,27,8.51,0.16,300,22,4.09,0.16,330,37,5.4,0.13,270,24,2.08,0.14,290,26,3.07,0.15,290,16,0.0,0.15,350
2025-10,4041,4.37,2.55,6,5,43,0,0,0.22,7,5.71,0.18,400,7,1.42,0.24,490,11,1.81,0.2,400,7,5.71,0.21,460,6,0.0,0.3,550,5,0.0,0.19,560
2025-10,4042,6.05,3.93,29,23,132,5,0,0.2,25,7.6,0.2,460,24,3.75,0.18,410,21,5.71,0.18,350,21,2.85,0.2,390,20,2.5,0.19,420,21,0.47,0.23,510
2025-10,4043,6.19,4.32,38,26,148,4,1,0.15,33,8.48,0.15,230,26,3.46,0.15,350,25,4.4,0.15,300,22,4.54,0.13,250,31,1.93,0.15,270,11,0.0,0.17,340
2025-10,4044,7.03,5.07,39,26,128,5,2,0.13,31,8.06,0.14,290,17,5.88,0.12,300,19,4.73,0.15,340,23,5.65,0.12,260,22,3.18,0.13,290,16,0.62,0.13,360
2025-10,4045,5.04,3.3,20,17,112,1,0,0.16,18,6.66,0.18,370,23,2.6,0.16,280,24,4.16,0.14,270,17,2.35,0.15,240,19,2.63,0.15,230,11,0.0,0.15,350
2025-10,4046,0.0,0.0,0,0,0,0,0,0.0,0,0.0,0.0,0,0,0.0,0.0,0,0,0.0,0.0,0,0,0.0,0.0,0,0,0.0,0.0,0,0,0.0,0.0,0
2025-10,4047,3.98,1.61,11,5,99,0,0,0.17,14,7.85,0.14,270,19,1.05,0.17,360,14,0.0,0.19,350,22,0.9,0.19,400,19,0.52,0.16,410,11,0.0,0.18,420
2025-10,4049,6.06,3.54,22,22,124,0,0,0.17,24,7.91,0.16,300,21,5.23,0.15,310,24,1.25,0.15,320,24,3.33,0.18,410,24,1.25,0.19,420,7,0.0,0.2,440
2025-10,4050,7.6,6.66,52,24,114,6,2,0.14,33,9.39,0.13,250,17,7.05,0.13,310,17,5.88,0.16,260,15,6.0,0.12,250,16,5.0,0.15,320,16,3.75,0.2,410
2025-10,4051,6.71,4.8,39,24,131,3,0,0.17,34,8.23,0.16,290,18,3.88,0.17,340,19,6.31,0.14,280,25,2.8,0.17,370,22,2.72,0.19,320,13,2.3,0.17,410
2025-10,4052,5.93,4.03,30,18,119,2,0,0.16,24,9.16,0.17,300,21,5.23,0.16,300,18,3.88,0.16,290,19,1.57,0.17,330,19,1.57,0.16,360,18,1.11,0.14,360
2025-10,4053,5.89,3.86,27,19,119,2,0,0.15,23,6.95,0.16,270,19,6.31,0.14,260,22,2.72,0.14,240,17,2.35,0.13,260,21,2.85,0.13,250,17,1.17,0.19,340
2025-10,4054,4.08,2.18,12,9,96,0,0,0.16,13,6.92,0.19,380,13,0.76,0.17,390,16,1.25,0.15,320,18,1.66,0.17,350,17,1.76,0.17,290,18,1.66,0.11,260
2025-10,4055,6.73,5.31,38,38,143,6,3,0.15,31,9.03,0.15,270,25,5.6,0.14,270,23,6.08,0.15,230,26,4.61,0.14,310,22,2.72,0.16,370,16,1.25,0.18,400
2025-10,4056,4.73,2.59,12,16,108,1,0,0.16,15,5.33,0.17,330,23,3.04,0.15,370,20,2.0,0.19,350,14,3.57,0.17,310,18,1.66,0.15,260,18,0.55,0.17,330
2025-10,4057,5.85,3.88,25,27,134,0,0,0.16,28,7.5,0.15,320,22,4.54,0.15,330,25,3.6,0.15,300,23,2.17,0.16,330,17,3.52,0.18,360,19,0.52,0.16,440
2025-10,4058,5.59,3.5,16,33,140,1,0,0.19,25,6.4,0.21,380,23,4.78,0.18,400,24,3.75,0.19,340,24,2.08,0.18,430,21,2.85,0.19,460,23,0.87,0.21,530
2025-10,4059,5.86,4.39,25,22,107,1,0,0.15,16,8.75,0.15,230,18,5.55,0.15,360,16,4.37,0.16,290,22,5.0,0.14,240,20,2.0,0.16,300,15,0.66,0.15,300
2025-10,4060,5.18,3.46,23,21,127,0,0,0.17,23,6.08,0.15,270,18,3.33,0.15,330,23,4.78,0.19,370,22,3.63,0.16,280,22,0.9,0.16,250,19,1.57,0.18,350
2025-10,4061,7.07,5.0,42,25,134,7,2,0.13,31,9.03,0.13,250,19,4.21,0.13,320,22,4.54,0.13,250,17,4.7,0.14,310,20,4.0,0.14,340,25,2.0,0.11,300
2025-10,4062,3.91,1.89,13,9,116,0,0,0.18,18,6.66,0.17,360,20,2.0,0.17,390,16,1.25,0.2,480,23,1.3,0.16,390,22,0.45,0.18,390,17,0.0,0.19,430
2025-10,4063,6.35,4.54,39,31,154,2,1,0.13,39,8.46,0.14,220,28,2.85,0.13,280,25,5.6,0.14,280,23,3.47,0.12,240,22,2.27,0.13,250,17,1.17,0.13,300
2025-10,4064,7.29,6.01,48,35,138,8,3,0.16,37,8.64,0.15,280,21,7.14,0.13,320,28,6.42,0.15,280,19,5.78,0.19,370,19,2.63,0.17,380,14,1.42,0.17,400
2025-10,4065,5.55,3.97,17,14,78,2,0,0.17,15,8.0,0.16,270,14,5.0,0.19,410,11,2.72,0.16,350,12,5.0,0.16,380,15,2.0,0.17,410,11,0.0,0.17,360
2025-10,4066,6.25,4.07,30,25,135,3,1,0.15,26,8.07,0.14,200,18,4.44,0.14,330,26,3.84,0.15,310,21,3.33,0.16,350,22,2.72,0.15,330,22,1.36,0.15,380
2025-10,4067,6.47,5.38,42,43,158,7,2,0.17,36,8.33,0.17,310,23,6.08,0.18,310,22,5.0,0.14,250,31,3.87,0.15,320,26,4.23,0.16,300,20,3.5,0.2,390
2025-10,4068,4.84,2.58,14,16,116,0,0,0.16,16,6.87,0.14,180,22,1.81,0.15,330,20,3.5,0.15,310,20,1.5,0.18,330,20,1.0,0.16,320,18,1.66,0.16,360
2025-10,4069,6.32,4.68,20,32,111,5,0,0.18,24,7.08,0.16,270,16,4.37,0.15,300,20,7.0,0.18,360,20,4.5,0.18,350,18,0.55,0.2,420,13,3.07,0.22,480
2025-10,4071,4.81,3.0,8,13,70,0,0,0.19,11,4.54,0.18,250,13,4.61,0.17,380,13,2.3,0.22,370,11,2.72,0.18,340,16,1.87,0.19,410,6,1.66,0.17,350
2025-10,4072,6.75,5.71,41,39,140,6,0,0.14,36,7.77,0.15,270,19,7.89,0.14,220,21,5.23,0.14,290,23,5.21,0.13,220,29,4.48,0.14,320,12,0.83,0.14,280
2025-10,4073,6.02,3.93,23,23,117,2,0,0.17,21,7.61,0.15,270,19,3.68,0.16,330,19,5.26,0.16,310,19,4.21,0.17,360,19,0.52,0.19,410,20,2.0,0.21,470
2025-10,4074,6.93,5.19,46,34,154,6,2,0.13,33,8.48,0.12,200,25,4.4,0.12,280,27,4.44,0.13,200,23,6.08,0.14,290,27,4.07,0.12,270,19,2.1,0.13,240
2025-10,4075,6.41,4.63,38,26,138,6,1,0.13,30,9.33,0.12,210,20,5.0,0.12,280,21,3.81,0.13,290,24,3.75,0.13,310,24,2.5,0.13,260,19,1.57,0.13,250
2025-10,4076,5.68,3.84,23,22,117,2,0,0.2,21,8.57,0.16,360,21,2.38,0.21,460,21,3.33,0.19,420,17,4.11,0.19,480,16,3.12,0.23,460,21,1.42,0.23,530
2025-10,4077,4.9,2.72,9,25,125,0,0,0.18,19,5.26,0.16,350,19,4.73,0.17,350,26,2.69,0.15,320,18,1.66,0.18,370,26,1.92,0.21,440,17,0.0,0.21,410
2025-10,4079,6.12,4.37,26,23,112,2,0,0.16,19,7.89,0.16,330,16,5.0,0.17,390,25,5.6,0.15,320,18,3.88,0.15,320,22,2.27,0.15,330,12,0.0,0.19,430
2025-10,4080,6.63,5.38,29,20,91,1,0,0.12,16,9.37,0.1,190,17,5.88,0.12,260,16,5.62,0.14,290,12,5.0,0.13,220,16,3.75,0.13,260,14,2.14,0.13,290
2025-10,4081,3.88,1.87,8,10,96,0,0,0.19,17,5.88,0.15,260,16,1.87,0.19,430,14,0.71,0.22,400,18,1.11,0.19,350,13,0.76,0.14,440,18,0.55,0.22,480
2025-10,4082,5.21,3.66,20,21,112,1,0,0.15,14,7.85,0.11,320,16,5.0,0.16,300,21,2.38,0.14,330,26,3.46,0.16,290,21,2.38,0.16,330,14,2.14,0.18,420
2025-10,4083,6.58,5.43,28,28,103,7,1,0.14,19,8.94,0.12,220,19,7.89,0.14,290,12,5.83,0.13,250,19,4.73,0.14,300,20,3.0,0.14,300,14,1.42,0.17,350
2025-10,4084,6.93,5.1,43,31,145,8,2,0.16,32,9.06,0.15,290,24,5.0,0.16,380,19,4.21,0.16,320,22,3.63,0.16,340,25,4.8,0.16,280,23,2.17,0.16,360
2025-10,4085,5.28,3.28,9,13,67,0,0,0.2,9,3.33,0.19,420,13,4.61,0.26,550,15,2.0,0.16,430,9,4.44,0.2,500,13,3.07,0.18,450,8,2.5,0.2,400
2025-10,4086,5.94,3.92,20,24,112,4,2,0.14,23,6.52,0.13,260,16,4.37,0.14,380,24,4.16,0.15,250,17,4.7,0.13,330,19,1.57,0.15,340,13,0.76,0.16,410
2025-10,4089,6.17,3.9,31,28,151,3,0,0.15,30,7.66,0.14,300,24,3.75,0.15,310,32,4.06,0.15,310,22,3.63,0.14,290,21,1.9,0.14,310,22,0.9,0.17,420
2025-10,4090,6.69,5.21,34,27,117,7,0,0.13,19,9.47,0.11,190,18,5.55,0.12,250,21,5.23,0.14,240,18,5.0,0.12,270,21,5.71,0.12,230,20,0.5,0.16,360
2025-10,4092,5.25,2.72,20,10,110,0,0,0.14,15,6.66,0.13,220,20,2.0,0.12,270,24,3.33,0.13,250,17,2.35,0.16,310,20,1.5,0.14,320,14,0.71,0.19,510
2025-10,4093,4.08,1.96,8,12,102,0,0,0.19,17,4.7,0.18,420,18,1.66,0.2,440,15,4.0,0.18,360,20,1.0,0.19,370,20,0.5,0.21,430,12,0.0,0.22,480
2025-10,4094,4.53,1.98,13,9,111,0,0,0.17,15,4.66,0.19,390,20,3.5,0.17,450,20,2.0,0.15,310,16,1.87,0.18,360,21,0.0,0.2,410,19,0.52,0.16,370
2025-10,4095,6.66,5.0,26,24,100,3,1,0.13,26,7.3,0.15,310,17,5.29,0.13,260,15,4.66,0.1,170,13,3.84,0.14,230,18,3.88,0.14,220,11,2.72,0.14,410
2025-10,4096,6.56,5.13,31,28,115,2,1,0.15,24,8.33,0.14,280,18,6.11,0.15,370,21,4.28,0.17,370,24,3.75,0.15,310,16,4.37,0.13,260,12,2.5,0.15,380
2025-10,4097,3.98,1.56,2,13,96,0,0,0.2,15,2.0,0.19,390,14,1.42,0.24,500,19,2.63,0.21,410,14,1.42,0.22,420,22,1.36,0.18,420,12,0.0,0.21,530
2025-10,4098,4.85,2.26,8,11,84,0,0,0.2,16,5.0,0.2,410,12,2.5,0.2,510,15,3.33,0.18,400,13,0.76,0.21,400,16,1.25,0.21,460,12,0.0,0.18,510
2025-10,4099,6.43,5.09,26,29,108,4,0,0.17,26,8.46,0.2,370,19,5.26,0.17,420,23,3.91,0.15,270,20,4.5,0.18,410,14,2.85,0.14,270,6,1.66,0.12,300
2025-10,4100,4.79,2.71,18,14,118,0,0,0.17,18,6.66,0.17,320,17,4.11,0.16,320,17,2.35,0.15,320,27,2.96,0.15,330,20,0.5,0.16,270,18,0.0,0.23,460
2025-10,4102,6.85,5.3,46,23,130,7,0,0.15,24,9.16,0.15,250,17,4.11,0.18,310,24,6.25,0.13,250,20,5.5,0.16,270,23,4.34,0.16,330,22,1.81,0.16,340
2025-10,4103,3.97,1.3,2,12,107,0,0,0.23,17,3.52,0.21,440,19,1.57,0.26,560,17,1.17,0.2,480,18,1.11,0.21,470,20,0.5,0.21,490,16,0.0,0.26,560
2025-10,4104,4.64,2.97,13,17,101,0,0,0.14,13,6.15,0.14,310,18,2.77,0.13,250,17,4.11,0.14,310,18,2.77,0.14,260,21,2.38,0.15,320,14,0.0,0.13,310
2025-10,4105,5.44,3.6,22,31,147,1,0,0.17,29,5.86,0.19,410,24,5.0,0.15,330,32,2.81,0.16,320,19,3.68,0.15,410,28,2.5,0.16,350,15,0.66,0.17,360
2025-10,4106,3.59,1.39,8,5,93,0,0,0.19,12,3.33,0.2,450,19,2.1,0.17,390,15,0.66,0.16,340,25,1.2,0.2,380,14,0.71,0.19,410,8,0.0,0.21,490
2025-10,4108,5.07,3.09,20,14,110,2,0,0.15,18,7.77,0.15,230,19,3.68,0.14,280,17,2.94,0.14,220,20,2.0,0.14,250,25,1.6,0.15,310,11,0.0,0.16,300
2025-10,4109,6.42,4.53,40,19,130,4,1,0.13,31,8.71,0.13,190,16,3.75,0.14,260,22,4.09,0.14,220,24,3.75,0.12,200,23,2.17,0.12,230,14,2.14,0.13,250
2025-10,4110,4.22,2.24,10,12,98,2,0,0.17,14,5.71,0.14,310,15,3.33,0.18,430,18,1.66,0.18,370,17,2.35,0.15,380,17,1.17,0.16,350,17,0.0,0.18,420
2025-10,4111,4.48,2.54,16,14,118,0,0,0.17,14,7.14,0.14,260,22,3.63,0.18,380,25,2.4,0.18,320,16,1.87,0.14,340,21,1.42,0.18,370,20,0.0,0.18,420
2025-10,4112,5.25,3.33,9,24,99,1,0,0.18,16,8.12,0.15,240,14,3.57,0.16,350,18,3.33,0.17,360,15,3.33,0.19,350,20,1.5,0.21,410,16,0.62,0.19,500
2025-10,4113,5.07,3.23,18,16,105,0,0,0.19,19,6.31,0.18,410,15,2.66,0.2,450,18,2.77,0.19,420,22,3.63,0.19,390,16,1.87,0.19,340,15,1.33,0.19,470
2025-10,4114,4.86,2.47,12,15,109,1,0,0.21,22,5.45,0.17,370,18,3.33,0.22,440,15,2.66,0.18,390,15,0.0,0.23,460,22,0.9,0.22,420,17,1.76,0.21,410
2025-10,4116,5.11,3.3,16,29,136,1,0,0.17,22,3.18,0.2,420,21,5.23,0.16,380,23,5.21,0.13,280,31,3.54,0.18,340,20,1.5,0.15,330,19,0.52,0.18,370
2025-10,4117,6.59,5.05,23,27,99,3,1,0.2,20,9.5,0.2,350,17,5.88,0.18,370,17,5.29,0.2,410,14,2.14,0.2,400,15,2.0,0.19,390,16,3.75,0.22,460
2025-10,4118,6.43,4.63,39,30,149,5,0,0.14,31,8.38,0.13,260,22,5.9,0.14,310,29,3.79,0.14,260,24,4.16,0.14,260,18,1.66,0.16,280,25,2.4,0.15,300
2025-10,4119,5.81,3.7,23,17,108,1,0,0.17,20,7.0,0.16,350,14,3.57,0.16,390,26,3.84,0.17,350,15,2.0,0.17,370,20,3.5,0.17,330,13,0.76,0.21,460
2025-10,4120,6.12,4.23,21,34,130,1,0,0.18,29,8.62,0.19,340,22,4.09,0.16,340,20,5.0,0.15,260,23,3.47,0.18,340,19,1.05,0.19,390,17,0.58,0.2,490
2025-10,4121,6.31,4.03,26,24,124,3,1,0.13,22,8.18,0.12,200,25,5.6,0.13,270,17,4.11,0.13,240,17,2.94,0.12,260,23,1.73,0.14,320,20,1.0,0.16,350
2025-10,4122,6.2,4.66,27,36,135,5,0,0.16,27,8.51,0.14,320,21,5.23,0.18,330,23,7.39,0.16,280,26,3.07,0.17,280,19,0.52,0.18,370,19,1.57,0.16,370
2025-10,4123,6.94,5.29,28,35,119,5,0,0.19,29,7.93,0.18,340,18,4.44,0.17,410,19,5.26,0.19,350,19,4.73,0.19,360,18,3.88,0.18,400,16,3.75,0.21,430
2025-10,4124,6.57,5.2,35,29,123,5,1,0.17,28,7.85,0.17,310,17,5.88,0.17,410,21,6.66,0.14,260,21,3.81,0.18,320,22,3.18,0.14,320,14,2.14,0.2,480
2025-10,4128,4.32,1.91,5,9,73,0,0,0.17,11,3.63,0.17,350,13,3.84,0.16,280,11,0.9,0.16,330,13,0.76,0.18,370,13,2.3,0.18,360,12,0.0,0.2,510
2025-10,4129,4.0,1.8,5,8,72,0,0,0.18,9,3.33,0.2,430,12,5.83,0.15,360,14,0.71,0.18,370,13,0.76,0.19,420,16,0.62,0.17,310,8,0.0,0.22,500
2025-10,4131,5.55,3.95,24,29,134,2,0,0.17,22,8.18,0.17,400,23,5.65,0.15,330,24,3.33,0.16,300,21,2.38,0.18,360,21,2.38,0.16,380,23,1.73,0.2,500
2025-10,4133,6.34,4.37,34,32,151,4,2,0.15,28,7.5,0.15,300,29,4.82,0.16,370,25,5.2,0.17,300,19,3.68,0.12,230,26,2.69,0.14,270,24,1.66,0.15,320
2025-10,4134,5.8,4.08,28,30,142,4,0,0.16,30,8.66,0.13,260,22,3.63,0.17,380,25,5.2,0.14,230,20,3.0,0.17,320,23,0.87,0.17,360,22,1.36,0.19,450
2025-10,4136,6.79,5.03,36,34,139,10,0,0.16,31,8.71,0.14,260,23,6.08,0.15,350,24,5.41,0.14,280,21,2.38,0.16,380,20,4.5,0.18,390,20,1.0,0.17,410
2025-10,4137,6.68,4.96,43,32,151,4,0,0.14,32,8.43,0.14,290,30,5.0,0.14,330,22,5.0,0.13,220,22,5.45,0.14,250,27,2.59,0.14,310,18,1.66,0.11,260
2025-10,4138,4.49,2.47,9,12,85,0,0,0.17,13,5.38,0.21,430,15,3.33,0.14,380,16,2.5,0.18,410,15,2.0,0.17,270,13,1.53,0.16,370,13,0.0,0.16,370
2025-10,4139,4.49,2.62,10,17,103,0,0,0.17,16,5.0,0.15,370,18,3.33,0.18,430,23,3.04,0.17,370,13,1.53,0.15,280,19,1.57,0.19,310,14,0.71,0.17,410
2025-10,4140,6.24,4.17,25,18,103,4,0,0.15,22,8.18,0.14,280,17,2.35,0.16,360,20,4.5,0.16,320,19,3.68,0.15,340,12,3.33,0.17,340,12,0.83,0.15,370
2025-10,4142,5.53,3.21,18,18,112,1,0,0.17,17,8.82,0.16,320,20,4.0,0.18,360,22,2.72,0.16,320,20,2.0,0.17,360,21,0.95,0.17,420,12,0.83,0.17,430
2025-10,4143,4.15,2.04,5,14,93,0,0,0.16,10,6.0,0.2,320,15,2.0,0.17,390,19,2.63,0.17,360,17,1.17,0.15,240,20,1.5,0.14,290,12,0.0,0.16,310
2025-10,4144,5.85,4.25,19,24,101,4,0,0.19,20,8.0,0.2,510,16,3.12,0.2,510,16,3.12,0.16,390,13,5.38,0.16,450,17,4.11,0.2,410,17,1.76,0.21,460
2025-10,4145,3.75,1.1,6,6,109,0,0,0.25,12,5.0,0.25,550,20,1.5,0.23,520,25,0.0,0.25,540,19,1.57,0.26,560,23,0.0,0.23,510,10,0.0,0.27,600
2025-10,4146,4.61,2.37,7,22,122,0,0,0.16,16,5.62,0.16,280,24,3.75,0.17,260,24,2.08,0.14,280,19,1.57,0.17,310,24,0.83,0.16,350,15,0.66,0.15,310
2025-10,4148,5.56,3.71,19,23,113,3,0,0.16,22,7.72,0.14,280,18,3.88,0.16,370,18,5.55,0.17,360,21,0.95,0.16,370,15,2.0,0.15,370,19,1.57,0.22,400
2025-10,4150,5.15,3.19,16,14,94,0,0,0.15,16,8.12,0.16,280,12,2.5,0.14,330,19,3.15,0.17,380,14,1.42,0.15,300,15,3.33,0.15,270,18,0.55,0.13,270
2025-10,4151,5.39,3.3,19,23,127,2,0,0.19,28,5.71,0.18,350,16,5.0,0.17,340,27,4.81,0.19,350,30,1.0,0.2,410,16,0.0,0.2,430,10,2.0,0.21,470
2025-10,4152,4.98,3.3,18,18,109,1,0,0.17,19,6.84,0.17,340,17,2.94,0.18,450,21,3.81,0.15,330,17,2.94,0.14,320,21,1.9,0.17,370,14,0.71,0.21,510
2025-10,4154,5.45,3.5,26,21,134,1,0,0.17,23,7.39,0.14,270,24,5.41,0.17,400,28,2.5,0.15,300,18,2.77,0.16,350,22,2.27,0.19,380,19,0.0,0.2,450
2025-10,4155,6.39,5.17,28,31,114,5,1,0.16,20,8.5,0.15,360,20,5.5,0.19,390,22,5.9,0.14,270,17,4.11,0.15,350,20,4.0,0.19,300,15,2.0,0.17,370
2025-10,4156,5.54,3.49,22,21,123,0,0,0.14,24,7.08,0.13,280,20,5.0,0.16,320,23,3.47,0.12,260,27,1.48,0.14,300,18,1.66,0.17,360,11,0.9,0.14,370
2025-10,4158,4.5,3.0,14,20,113,1,0,0.17,15,6.66,0.15,310,21,3.33,0.18,410,18,3.88,0.16,330,20,3.0,0.16,340,19,0.52,0.16,360,20,1.5,0.18,350
2025-10,4159,6.04,4.43,27,32,133,2,0,0.15,26,8.84,0.13,260,18,3.88,0.15,260,25,5.2,0.14,250,22,3.18,0.15,310,25,2.4,0.17,340,17,1.76,0.19,450
2025-10,4161,5.5,3.52,23,14,105,2,1,0.16,23,7.39,0.15,270,18,3.88,0.17,390,18,3.33,0.14,250,13,2.3,0.17,320,19,0.52,0.18,430,14,2.14,0.18,350
2025-10,4162,3.89,1.42,4,6,70,0,0,0.18,10,4.0,0.17,420,10,1.0,0.14,290,14,1.42,0.17,370,9,0.0,0.15,310,14,2.14,0.2,400,13,0.0,0.21,450
2025-10,4163,5.8,4.05,30,32,153,2,0,0.17,28,8.21,0.18,320,23,3.91,0.14,330,30,4.0,0.17,370,34,3.52,0.18,320,22,2.72,0.15,370,16,0.0,0.17,440
2025-10,4164,3.81,1.05,2,8,95,0,0,0.19,11,2.72,0.17,270,18,1.66,0.18,400,19,1.05,0.18,410,20,0.5,0.2,480,17,0.58,0.21,440,10,0.0,0.19,560
2025-10,4166,7.58,5.17,45,28,141,7,1,0.12,37,8.91,0.11,230,18,5.55,0.14,360,21,5.23,0.13,340,20,5.0,0.1,270,23,3.47,0.12,260,22,0.45,0.14,300
2025-10,4167,4.19,2.03,6,16,108,0,0,0.16,14,4.28,0.18,350,18,3.33,0.16,260,17,4.11,0.14,290,17,0.58,0.14,330,21,0.95,0.16,280,21,0.0,0.15,330
2025-10,4168,6.79,5.42,30,28,107,4,2,0.13,27,8.88,0.13,300,15,5.33,0.12,300,19,5.26,0.13,270,18,5.0,0.14,320,14,4.28,0.15,360,14,0.71,0.13,400
2025-10,4169,4.13,1.81,9,7,88,0,0,0.21,11,4.54,0.2,380,13,3.84,0.22,410,17,2.35,0.2,460,17,0.0,0.19,430,16,1.25,0.22,380,14,0.0,0.22,510
2025-10,4171,6.2,4.42,30,31,138,6,0,0.17,27,8.14,0.16,330,21,4.28,0.16,400,29,4.13,0.16,340,23,4.34,0.15,360,19,2.1,0.16,310,19,2.1,0.22,450
2025-10,4172,6.17,4.48,26,35,136,5,0,0.15,31,8.71,0.13,250,22,3.63,0.14,250,21,4.76,0.15,290,20,2.5,0.16,340,23,2.17,0.16,380,19,3.15,0.19,420
2025-10,4173,5.11,3.58,15,28,120,0,0,0.18,16,6.87,0.17,280,24,5.0,0.17,390,21,2.85,0.19,340,20,2.5,0.18,390,24,2.08,0.18,450,15,2.66,0.16,370
2025-10,4174,6.41,4.27,32,18,117,4,1,0.16,28,8.21,0.16,300,18,3.33,0.16,360,24,5.41,0.16,340,24,1.66,0.16,360,20,2.0,0.18,410,3,0.0,0.15,370
2025-10,4175,4.7,3.18,13,15,88,2,0,0.17,16,6.87,0.14,260,13,2.3,0.17,410,15,3.33,0.18,390,14,3.57,0.18,390,16,1.25,0.15,370,13,1.53,0.22,510
2025-10,4176,4.19,1.98,9,11,101,1,0,0.15,12,3.33,0.17,310,18,3.88,0.14,360,20,2.0,0.14,330,17,0.58,0.16,320,23,1.3,0.15,310,11,0.9,0.16,340
2025-10,4177,4.46,2.3,7,11,78,1,0,0.17,11,7.27,0.14,320,13,0.0,0.17,410,11,4.54,0.16,280,17,2.35,0.16,290,13,0.0,0.18,290,13,0.76,0.2,480
2025-10,4179,5.27,3.27,18,19,113,0,0,0.16,19,6.31,0.15,300,19,3.15,0.19,380,21,3.81,0.15,300,17,4.11,0.16,240,23,1.3,0.15,300,14,0.71,0.2,440
2025-10,4180,4.69,2.68,13,19,119,0,0,0.17,16,5.62,0.16,330,20,4.0,0.15,310,26,2.3,0.16,350,17,3.52,0.16,330,21,1.42,0.19,400,19,0.0,0.18,420
2025-10,4181,4.24,2.22,8,16,108,0,0,0.19,15,5.33,0.13,270,19,2.63,0.17,360,22,3.63,0.17,300,20,1.5,0.2,420,22,0.0,0.21,480,10,0.0,0.24,500
2025-10,4182,4.42,1.83,6,12,98,0,0,0.18,16,3.12,0.16,290,17,3.52,0.18,360,14,2.85,0.16,310,16,1.87,0.19,410,18,0.0,0.19,430,17,0.0,0.23,500
2025-10,4183,5.87,4.35,37,20,131,4,0,0.13,30,8.33,0.14,180,22,4.54,0.12,240,22,3.63,0.13,230,18,4.44,0.11,160,15,2.0,0.14,250,24,1.25,0.13,230
2025-10,4184,6.42,4.62,25,18,93,5,2,0.16,17,8.23,0.17,380,17,5.88,0.14,360,14,5.0,0.16,360,18,3.33,0.16,370,10,4.0,0.17,360,17,1.17,0.18,420
2025-10,4186,3.36,1.0,3,5,80,0,0,0.17,10,3.0,0.17,420,18,1.66,0.19,330,15,1.33,0.15,290,16,0.0,0.16,360,10,0.0,0.19,350,11,0.0,0.19,480
2025-10,4188,7.75,6.4,53,29,128,7,4,0.13,34,9.11,0.12,200,22,5.45,0.15,330,23,6.08,0.11,260,19,5.26,0.13,260,22,5.45,0.13,190,8,3.75,0.15,310
2025-10,4189,6.0,3.81,27,31,152,4,0,0.15,25,8.4,0.15,320,27,4.81,0.13,310,29,2.75,0.16,320,37,3.24,0.15,300,21,0.47,0.15,330,13,2.3,0.17,350
2025-10,4190,6.26,4.54,30,25,121,2,0,0.16,24,7.5,0.17,290,23,4.34,0.15,330,20,6.5,0.16,370,15,4.0,0.15,270,25,3.2,0.15,290,14,0.0,0.15,370
2025-10,4191,5.48,3.84,22,28,130,0,0,0.17,20,9.5,0.16,300,25,3.6,0.17,400,24,2.91,0.17,370,22,2.72,0.18,330,22,2.72,0.16,350,17,1.76,0.19,430
2025-10,4193,6.38,5.09,31,24,108,4,1,0.17,21,8.09,0.17,320,16,6.87,0.14,250,23,4.78,0.16,320,19,5.78,0.17,290,17,2.35,0.2,380,12,0.83,0.18,470
2025-10,4195,4.4,2.35,9,16,106,1,0,0.17,20,5.0,0.17,380,16,3.12,0.19,360,14,1.42,0.15,330,19,1.05,0.16,360,16,1.87,0.14,290,21,1.42,0.18,330
2025-10,4196,4.77,3.27,17,21,116,0,0,0.17,16,5.62,0.13,320,25,3.6,0.18,410,19,4.73,0.17,370,17,4.7,0.15,300,20,1.0,0.17,400,19,0.52,0.18,410
2025-10,4197,3.2,0.77,3,5,103,0,0,0.18,16,2.5,0.19,390,20,0.5,0.18,410,20,1.0,0.19,410,21,0.0,0.19,390,17,0.58,0.15,360,9,0.0,0.19,420
2025-10,4199,5.89,3.94,28,26,137,2,1,0.14,30,8.66,0.14,210,43,2.32,0.15,300,28,3.57,0.13,280,31,2.25,0.15,260,5,2.0,0.18,360,0,0.0,0.0,0
2025-10,4200,4.28,1.75,8,13,120,0,0,0.17,18,5.55,0.18,390,20,1.5,0.17,380,21,0.95,0.16,280,21,0.95,0.18,310,23,0.87,0.18,330,17,1.17,0.16,390
2025-10,4201,4.59,2.64,13,14,102,1,0,0.16,14,2.85,0.21,320,17,2.94,0.13,350,14,2.85,0.17,310,17,2.94,0.14,280,21,3.33,0.17,320,19,1.05,0.16,330
2025-10,4202,4.31,2.12,10,17,127,0,0,0.18,19,5.78,0.15,260,19,3.68,0.17,380,26,2.3,0.2,350,22,0.0,0.2,400,22,0.9,0.18,420,19,0.52,0.21,520
2025-10,4203,3.87,1.97,9,5,71,0,0,0.15,12,5.0,0.14,180,15,0.66,0.15,230,12,1.66,0.15,220,12,2.5,0.14,280,9,2.22,0.16,280,11,0.0,0.14,280
2025-10,4204,4.82,2.58,14,16,116,0,0,0.2,17,6.47,0.17,310,21,3.33,0.17,340,21,2.38,0.2,380,20,2.0,0.19,410,20,1.5,0.19,390,17,0.0,0.31,460
2025-10,4205,7.13,4.91,36,25,124,5,1,0.12,25,9.2,0.11,240,23,4.34,0.13,270,21,6.19,0.11,280,21,3.33,0.1,240,20,3.0,0.13,270,14,1.42,0.16,450
2025-10,4207,6.1,4.61,36,24,130,1,0,0.12,30,8.66,0.12,230,24,4.58,0.13,250,20,5.0,0.12,200,17,4.11,0.13,240,23,2.6,0.13,230,16,0.0,0.13,280
2025-10,4208,6.63,4.32,28,23,118,4,1,0.15,25,7.6,0.16,350,19,3.68,0.15,310,20,4.0,0.15,320,20,4.5,0.15,340,17,4.11,0.13,320,17,0.58,0.18,380
2025-10,4209,5.1,3.05,15,22,121,1,0,0.17,22,5.0,0.16,410,19,3.68,0.18,360,24,4.58,0.16,360,18,2.22,0.16,280,20,1.5,0.16,310,17,0.58,0.17,390
2025-10,4210,5.5,3.38,16,28,130,2,0,0.17,26,6.53,0.17,310,22,4.09,0.19,430,21,2.38,0.15,340,28,2.14,0.17,360,17,2.94,0.16,370,16,1.25,0.19,420
2025-10,4211,3.97,1.36,4,8,88,0,0,0.13,13,3.84,0.14,270,12,0.83,0.16,240,18,2.77,0.12,260,13,0.76,0.1,180,15,0.0,0.12,220,17,0.0,0.13,340
2025-10,4213,4.95,3.27,19,17,110,1,0,0.15,15,6.66,0.14,370,12,3.33,0.15,370,13,2.3,0.17,350,14,2.85,0.16,320,26,3.46,0.15,290,30,2.0,0.15,350
2025-10,4214,5.55,3.59,13,19,89,1,0,0.17,21,7.14,0.15,380,10,3.0,0.16,350,14,2.85,0.17,440,13,3.84,0.17,420,16,1.87,0.18,440,15,1.33,0.19,450
2025-10,4215,5.53,3.56,30,21,143,1,0,0.15,29,7.58,0.13,250,22,2.72,0.16,370,22,3.63,0.16,350,21,2.85,0.13,240,26,2.69,0.15,290,23,0.87,0.19,390
2025-10,4216,5.4,3.61,30,25,152,0,0,0.14,29,7.58,0.13,190,25,4.8,0.12,270,21,3.81,0.16,230,31,2.9,0.14,240,24,0.83,0.14,290,22,0.9,0.16,350
2025-10,4218,6.72,5.39,43,39,152,4,1,0.15,36,8.88,0.13,240,22,2.72,0.15,350,31,6.45,0.14,260,26,3.84,0.14,290,35,4.0,0.19,350,2,0.0,0.21,400
2025-10,4219,4.14,1.7,6,15,123,0,0,0.16,14,4.28,0.17,310,23,0.87,0.16,370,23,2.6,0.15,290,21,0.95,0.15,360,26,1.92,0.16,350,16,0.0,0.2,450
2025-10,4220,5.28,3.73,21,22,115,0,0,0.17,22,8.63,0.15,270,20,3.5,0.16,410,17,4.7,0.18,420,15,2.0,0.16,350,21,1.9,0.17,360,20,1.0,0.2,430
2025-10,4224,5.53,3.8,23,20,113,1,1,0.18,15,8.0,0.19,330,24,4.16,0.18,410,21,4.76,0.19,360,20,2.0,0.19,370,22,2.27,0.17,350,11,1.81,0.21,450
2025-10,4225,6.16,4.44,18,26,99,2,0,0.17,24,7.08,0.17,280,16,6.25,0.14,270,14,3.57,0.19,350,16,2.5,0.18,350,11,2.72,0.17,230,18,2.77,0.16,390
2025-10,4226,4.8,2.6,12,18,115,1,1,0.17,18,6.66,0.19,490,18,1.11,0.18,360,22,3.18,0.17,320,19,2.63,0.15,250,17,1.17,0.13,290,21,0.95,0.17,300
2025-10,4227,6.23,4.11,28,23,124,4,1,0.15,23,8.69,0.16,270,19,3.68,0.16,350,21,4.28,0.16,350,24,3.33,0.15,300,27,2.59,0.15,290,10,0.0,0.15,340
2025-10,4228,5.5,3.53,26,20,130,0,0,0.18,28,7.85,0.18,320,19,3.15,0.23,420,23,4.78,0.17,360,22,1.81,0.16,340,21,0.47,0.18,370,17,1.17,0.18,440
2025-10,4229,4.33,1.77,8,6,79,0,0,0.18,11,7.27,0.15,320,13,2.3,0.19,400,14,0.71,0.19,390,11,0.0,0.17,380,19,1.05,0.2,480,11,0.0,0.2,450
2025-10,4230,6.51,5.0,44,23,134,8,3,0.14,33,9.39,0.14,260,21,3.81,0.15,310,14,4.28,0.11,190,18,3.88,0.15,320,27,3.7,0.13,300,21,2.38,0.15,250
2025-10,4231,5.7,3.98,25,22,118,2,0,0.17,16,7.5,0.16,250,21,5.23,0.16,350,22,3.18,0.18,330,23,3.47,0.18,300,22,3.63,0.19,370,14,0.71,0.17,380
2025-10,4232,3.35,1.46,4,9,89,1,0,0.2,10,3.0,0.19,310,18,0.55,0.19,380,17,1.76,0.24,420,12,2.5,0.15,380,20,1.5,0.2,400,12,0.0,0.23,480
2025-10,4233,5.71,3.79,20,29,129,2,0,0.18,21,6.66,0.19,300,18,6.11,0.15,300,23,3.04,0.16,310,27,4.07,0.17,280,23,2.17,0.18,410,17,0.58,0.24,480
2025-10,4234,4.03,2.13,8,11,89,0,0,0.17,15,6.66,0.15,280,16,2.5,0.18,340,11,2.72,0.15,280,14,0.0,0.18,340,16,0.62,0.15,320,17,0.58,0.21,490
2025-10,4236,7.58,6.25,59,31,144,9,3,0.11,37,9.45,0.11,220,23,5.65,0.11,180,18,5.0,0.12,220,29,6.89,0.11,170,26,3.84,0.1,160,11,2.72,0.09,190
2025-10,4237,6.98,4.66,36,26,133,9,1,0.18,30,8.0,0.19,450,23,4.78,0.15,340,22,3.63,0.19,430,27,5.18,0.17,360,22,2.27,0.18,340,9,0.0,0.19,420
2025-10,4238,7.08,4.28,14,7,49,2,1,0.16,15,7.33,0.12,230,11,3.63,0.16,390,6,3.33,0.14,320,5,4.0,0.24,460,7,2.85,0.22,490,5,0.0,0.18,500
2025-10,4239,6.36,4.75,36,21,120,8,0,0.14,25,7.2,0.13,250,25,6.0,0.13,260,18,6.66,0.15,270,13,2.3,0.12,300,24,2.08,0.16,260,15,2.66,0.16,380
2025-10,4240,5.82,4.56,26,27,116,2,0,0.16,29,8.27,0.16,300,19,7.36,0.15,290,16,4.37,0.14,220,14,3.57,0.14,240,19,0.52,0.17,340,19,1.05,0.16,290
2025-10,4241,5.5,3.47,19,21,115,2,0,0.15,24,8.33,0.14,350,17,2.35,0.17,390,23,3.47,0.13,270,19,2.1,0.16,270,16,0.62,0.15,310,16,1.87,0.17,440
2025-10,4243,5.75,3.73,22,21,115,3,1,0.15,18,7.22,0.12,260,23,6.52,0.16,330,25,3.6,0.15,230,15,1.33,0.12,240,20,1.5,0.14,260,14,0.71,0.16,250
2025-10,4244,4.23,2.4,13,11,100,0,0,0.14,15,6.66,0.13,210,20,3.0,0.14,250,17,2.94,0.13,230,17,1.17,0.13,180,19,0.52,0.14,250,12,0.0,0.17,370
2025-10,4245,4.78,2.72,14,20,125,1,0,0.19,15,6.66,0.18,320,27,3.7,0.2,430,21,2.85,0.18,360,20,3.0,0.18,400,25,0.4,0.18,390,17,0.58,0.2,480
2025-10,4246,4.28,2.26,8,14,97,0,0,0.18,14,5.71,0.15,260,18,3.88,0.19,390,17,2.35,0.18,290,17,1.76,0.19,360,15,0.0,0.2,360,16,0.0,0.17,410
2025-10,4247,4.85,2.61,17,17,130,1,0,0.16,23,5.65,0.17,360,22,1.81,0.16,330,24,4.16,0.15,310,22,3.18,0.18,360,21,0.0,0.15,340,18,0.0,0.17,410
2025-10,4248,4.47,1.82,9,10,104,0,0,0.16,11,7.27,0.12,240,19,0.52,0.15,320,24,1.66,0.17,330,18,1.66,0.17,320,24,0.83,0.18,400,8,1.25,0.17,480
2025-10,4251,4.29,2.28,14,15,127,1,0,0.2,20,5.5,0.22,410,22,1.81,0.19,430,24,3.33,0.17,350,13,1.53,0.18,500,18,0.55,0.19,440,30,1.0,0.21,510
2025-10,4252,4.47,2.33,9,16,107,0,0,0.18,14,6.42,0.15,320,20,3.0,0.18,410,13,3.07,0.19,350,24,1.66,0.2,360,21,0.95,0.17,350,15,0.0,0.18,410
2025-10,4253,4.06,1.7,10,10,117,0,0,0.18,17,5.29,0.18,390,23,1.73,0.17,420,18,1.11,0.18,410,24,2.08,0.16,350,22,0.0,0.18,380,13,0.0,0.21,450
2025-10,4254,5.9,4.07,30,25,135,0,0,0.13,26,8.84,0.13,220,20,5.5,0.14,260,28,2.85,0.14,250,24,2.08,0.11,260,18,3.33,0.13,270,18,1.11,0.13,280
2025-10,4256,7.23,5.34,41,29,131,7,2,0.13,28,8.57,0.11,210,26,3.84,0.14,320,20,5.5,0.13,240,17,7.05,0.1,240,21,4.28,0.12,280,19,2.1,0.15,350
2025-10,4257,4.98,3.33,14,16,90,0,0,0.16,14,5.71,0.16,310,14,3.57,0.15,360,13,1.53,0.15,280,17,5.88,0.15,230,18,2.77,0.17,330,14,0.0,0.17,350
2025-10,4258,5.25,3.25,17,22,120,0,0,0.15,19,8.94,0.11,270,23,2.17,0.16,340,18,2.22,0.14,320,24,3.33,0.16,330,15,2.66,0.17,320,21,0.47,0.19,420
2025-10,4259,5.69,4.54,25,30,121,1,0,0.15,24,10.0,0.12,240,24,4.16,0.17,360,17,4.7,0.14,350,15,2.0,0.17,300,24,3.33,0.14,260,17,1.17,0.16,350
2025-10,4260,5.67,3.96,27,23,126,3,0,0.16,23,8.69,0.15,270,20,2.5,0.16,380,21,3.33,0.17,320,25,4.4,0.15,350,20,3.0,0.16,350,17,0.58,0.17,400
2025-10,4261,6.26,4.41,33,27,136,4,0,0.16,28,8.92,0.15,280,23,4.34,0.15,350,20,4.5,0.16,290,21,3.81,0.15,310,21,2.38,0.15,340,23,1.3,0.16,390
2025-10,4262,7.45,5.31,41,26,126,5,3,0.14,29,8.96,0.13,280,22,6.36,0.12,240,23,4.34,0.12,290,17,3.52,0.15,280,21,4.28,0.15,380,14,1.42,0.16,390
2025-10,4263,5.98,4.38,33,24,130,1,0,0.16,32,8.12,0.15,230,15,4.66,0.18,280,22,4.09,0.14,310,22,2.72,0.15,280,18,3.33,0.17,360,21,1.42,0.2,480
2025-10,4264,6.62,5.15,44,37,157,7,0,0.15,38,9.47,0.15,270,22,4.54,0.14,310,24,4.58,0.16,420,35,3.71,0.16,310,20,4.5,0.13,310,18,1.11,0.17,360
2025-10,4266,7.38,5.52,38,31,125,5,1,0.14,31,9.03,0.12,250,19,5.26,0.14,300,25,6.4,0.14,260,17,4.11,0.15,370,19,3.68,0.15,370,14,0.71,0.17,380
2025-10,4268,3.59,1.54,3,12,97,0,0,0.15,10,4.0,0.16,320,17,1.76,0.14,230,19,2.1,0.14,290,16,1.25,0.15,250,21,0.95,0.15,380,14,0.0,0.16,410
2025-10,4269,7.03,5.54,45,32,139,5,3,0.15,39,8.71,0.14,250,21,4.28,0.16,300,25,5.6,0.13,270,24,5.0,0.16,300,19,4.21,0.14,290,11,0.0,0.16,420
2025-10,4270,3.93,2.15,9,14,107,0,0,0.17,15,6.0,0.15,270,23,2.6,0.17,390,16,1.87,0.15,370,20,2.5,0.14,320,16,0.0,0.21,440,17,0.0,0.21,410
2025-10,4271,4.67,2.36,8,14,93,1,0,0.16,14,5.71,0.16,290,15,3.33,0.18,310,16,1.25,0.13,270,17,1.17,0.16,350,16,1.87,0.14,300,15,1.33,0.21,410
2025-10,4272,4.87,2.45,12,13,102,0,0,0.16,15,5.33,0.16,290,17,3.52,0.14,390,19,3.15,0.15,290,18,1.11,0.18,390,16,0.62,0.16,410,17,1.17,0.17,410
2025-10,4273,4.62,2.84,6,17,81,1,0,0.18,11,5.45,0.17,350,15,2.66,0.18,430,13,3.07,0.15,330,12,4.16,0.19,390,14,1.42,0.19,440,16,1.25,0.2,470
2025-10,4274,4.39,2.39,11,11,92,0,0,0.16,17,7.05,0.14,210,15,2.66,0.13,240,14,1.42,0.16,340,15,1.33,0.18,330,16,1.25,0.18,340,15,0.0,0.19,360
2025-10,4275,3.28,1.48,2,5,47,0,0,0.19,7,5.71,0.21,330,9,0.0,0.22,430,11,0.9,0.17,340,6,3.33,0.14,270,6,0.0,0.19,500,7,0.0,0.22,490
2025-10,4276,6.03,4.5,43,16,131,4,2,0.15,29,8.27,0.16,330,27,4.44,0.16,340,14,4.28,0.14,210,24,4.58,0.13,270,18,2.77,0.17,340,19,0.52,0.16,370
2025-10,4277,4.74,3.11,23,15,122,0,0,0.15,15,6.0,0.14,310,23,3.91,0.18,380,23,3.47,0.16,330,22,3.18,0.14,230,26,1.53,0.15,290,13,0.76,0.13,280
2025-10,4278,7.05,5.17,45,30,145,8,2,0.12,35,8.85,0.09,150,24,5.0,0.14,270,23,5.21,0.12,240,22,4.54,0.13,270,25,2.0,0.13,360,16,3.12,0.14,380
2025-10,4281,4.87,2.55,15,9,94,0,0,0.14,12,7.5,0.13,250,17,3.52,0.15,290,17,1.17,0.12,270,20,3.0,0.14,320,20,0.5,0.15,330,8,0.0,0.15,430
2025-10,4283,4.84,2.61,10,13,88,1,0,0.17,15,4.66,0.14,250,17,2.94,0.18,340,12,3.33,0.17,290,16,2.5,0.18,290,17,1.76,0.17,340,11,0.0,0.15,270
2025-10,4286,5.54,3.35,26,25,152,2,0,0.15,29,7.93,0.14,240,26,3.46,0.17,320,23,2.6,0.16,230,25,2.8,0.15,210,29,0.69,0.15,310,20,2.0,0.16,320
2025-10,4287,6.33,4.59,30,21,111,3,1,0.17,24,9.58,0.16,290,16,5.62,0.14,350,16,3.75,0.18,290,21,3.33,0.17,300,16,1.25,0.15,330,18,2.22,0.2,410
2025-10,4288,6.66,5.37,41,38,147,9,1,0.13,35,9.42,0.13,220,29,6.2,0.13,250,21,4.76,0.15,260,21,4.76,0.13,290,24,3.33,0.1,180,17,0.0,0.13,310
2025-10,4289,5.96,4.19,30,17,112,3,1,0.14,23,8.69,0.12,160,18,3.88,0.18,340,22,4.54,0.14,290,15,4.0,0.12,290,20,0.5,0.13,220,14,2.14,0.19,290
2025-10,4290,6.43,3.87,28,15,111,1,0,0.13,24,8.33,0.12,270,20,4.0,0.14,310,15,3.33,0.15,360,15,1.33,0.11,260,23,2.17,0.13,260,13,2.3,0.1,180
2025-10,4292,6.26,4.32,33,21,125,1,0,0.14,30,8.0,0.17,320,22,5.45,0.12,280,24,3.75,0.14,250,14,2.14,0.14,290,19,2.1,0.11,240,16,1.25,0.13,260
2025-10,4293,5.83,4.16,31,29,144,2,0,0.15,30,8.66,0.15,310,23,3.91,0.15,320,21,2.85,0.17,300,19,2.1,0.16,310,25,4.0,0.17,340,26,1.92,0.15,330
2025-10,4294,7.03,5.63,31,36,119,6,1,0.14,23,7.82,0.14,250,22,5.45,0.15,310,17,7.05,0.13,260,19,6.84,0.1,190,22,2.72,0.14,270,16,3.75,0.16,340
2025-10,4295,6.43,4.89,32,37,141,6,1,0.15,35,8.28,0.14,260,17,7.64,0.15,250,20,5.0,0.14,280,18,2.77,0.13,290,32,2.18,0.15,300,19,2.63,0.16,350
2025-10,4296,7.22,5.41,33,26,109,3,1,0.13,27,8.51,0.13,250,20,4.5,0.14,280,14,5.71,0.16,240,16,5.0,0.13,260,23,4.34,0.13,270,9,1.11,0.11,220
2025-10,4297,6.32,4.95,32,26,117,5,1,0.12,20,10.0,0.14,300,18,5.0,0.12,290,24,4.16,0.12,240,18,3.33,0.11,220,23,4.78,0.11,190,14,1.42,0.12,270
2025-10,4298,6.37,4.13,23,27,121,4,0,0.17,23,7.39,0.17,330,23,3.91,0.17,420,17,4.11,0.15,350,21,4.28,0.17,420,20,3.0,0.17,380,17,1.17,0.18,510
2025-10,4299,4.6,2.42,10,14,99,0,0,0.14,12,6.66,0.12,260,20,4.0,0.12,270,16,0.62,0.14,270,20,2.5,0.14,240,18,0.0,0.15,260,13,1.53,0.17,390
2025-10,4300,4.3,2.02,7,10,84,0,0,0.17,13,6.15,0.11,220,11,0.0,0.22,470,15,2.0,0.18,370,14,2.14,0.15,310,14,1.42,0.18,410,17,0.58,0.2,500
2025-10,4301,4.63,2.38,10,10,84,1,0,0.18,15,4.66,0.2,310,17,2.35,0.16,330,13,2.3,0.21,410,18,1.66,0.19,300,18,1.66,0.16,340,3,0.0,0.18,330
2025-10,4302,6.17,4.48,26,39,145,5,0,0.13,30,6.66,0.14,300,29,4.82,0.12,280,30,3.66,0.13,240,34,3.82,0.14,280,22,3.18,0.13,220,0,0.0,0.0,0
2025-10,4303,5.32,3.33,22,20,126,1,0,0.17,23,7.82,0.15,270,19,2.63,0.17,440,23,3.91,0.17,390,20,2.5,0.16,320,23,1.3,0.17,470,18,1.11,0.19,450
2025-10,4304,0.0,0.0,0,0,0,0,0,0.0,0,0.0,0.0,0,0,0.0,0.0,0,0,0.0,0.0,0,0,0.0,0.0,0,0,0.0,0.0,0,0,0.0,0.0,0
2025-10,4305,7.52,6.0,48,21,115,7,2,0.15,29,10.0,0.13,250,13,7.69,0.15,250,20,3.5,0.14,290,16,3.12,0.15,330,18,6.11,0.14,210,19,3.68,0.18,420
2025-10,4306,5.56,3.08,14,15,94,1,0,0.17,14,7.14,0.17,430,18,2.22,0.18,420,16,3.75,0.15,350,22,2.72,0.19,350,9,2.22,0.17,370,15,0.66,0.17,340
2025-10,4308,6.4,4.37,31,25,128,4,1,0.16,28,7.5,0.15,300,20,4.0,0.14,310,23,4.34,0.15,330,20,4.5,0.15,350,18,3.33,0.18,420,19,1.05,0.17,410
2025-10,4311,6.68,5.0,33,24,114,4,1,0.14,25,8.0,0.13,240,21,6.19,0.12,200,25,4.4,0.16,340,15,4.0,0.13,230,16,2.5,0.15,310,12,2.5,0.16,370
2025-10,4313,5.0,3.33,0,1,3,0,0,0.14,1,0.0,0.15,400,0,0.0,0.0,0,1,0.0,0.2,100,0,0.0,0.0,0,0,0.0,0.0,0,1,10.0,0.08,200
2025-10,4314,6.16,4.7,33,30,134,1,0,0.14,22,9.09,0.16,270,20,4.0,0.13,280,27,5.92,0.13,280,21,4.76,0.13,230,23,2.6,0.14,320,21,1.42,0.17,420
2025-10,4315,4.52,2.24,15,7,98,0,0,0.19,16,5.62,0.17,370,16,3.12,0.2,430,13,0.76,0.18,390,20,2.0,0.16,330,16,1.87,0.17,430,17,0.0,0.23,540
2025-10,4317,4.39,2.35,12,12,102,0,0,0.16,14,5.0,0.17,270,20,3.0,0.17,350,18,2.77,0.16,360,18,1.66,0.19,370,21,1.42,0.15,300,11,0.0,0.15,280
2025-10,4318,5.0,3.08,20,17,120,3,0,0.17,24,5.41,0.17,390,18,5.0,0.19,350,18,4.44,0.16,280,26,1.53,0.16,330,12,0.83,0.2,360,21,0.95,0.17,390
2025-10,4319,6.01,4.23,26,35,144,3,0,0.17,25,8.8,0.16,290,30,5.0,0.16,380,23,3.47,0.15,310,20,4.0,0.16,320,28,2.14,0.2,400,18,1.11,0.22,510
2025-10,4320,8.0,5.65,30,26,99,7,0,0.14,21,7.61,0.14,380,17,6.47,0.15,400,18,5.0,0.13,330,13,5.38,0.15,350,22,5.0,0.15,330,8,2.5,0.13,350
2025-10,4323,4.6,2.72,9,21,110,0,0,0.16,15,6.66,0.16,330,17,4.7,0.14,320,18,1.11,0.16,320,18,4.44,0.17,330,22,0.0,0.16,350,20,1.0,0.18,390
2025-10,4324,7.31,5.69,53,41,165,10,3,0.14,38,8.15,0.12,240,34,6.76,0.14,310,32,5.31,0.14,290,27,3.7,0.16,340,27,4.44,0.16,370,7,1.42,0.15,390
2025-10,4325,4.71,2.5,11,17,112,0,0,0.14,22,5.9,0.13,270,17,3.52,0.14,330,22,1.36,0.13,200,16,1.87,0.13,250,17,1.76,0.14,250,18,0.0,0.15,380
2025-10,4327,4.16,1.93,12,10,114,0,0,0.18,15,4.0,0.17,330,20,1.0,0.2,460,26,2.3,0.17,350,20,2.0,0.17,380,21,0.95,0.18,340,12,1.66,0.2,450
2025-10,4329,3.79,1.81,7,15,121,0,0,0.16,18,6.11,0.14,310,20,2.5,0.16,340,21,0.47,0.14,290,24,1.25,0.16,310,22,0.9,0.18,370,16,0.0,0.21,500
2025-10,4330,6.15,4.3,26,17,100,2,1,0.13,20,7.5,0.13,180,16,4.37,0.11,230,18,6.11,0.13,210,20,4.0,0.15,210,14,1.42,0.12,290,12,0.0,0.14,300
2025-10,4331,5.95,3.6,28,12,111,0,0,0.15,16,8.75,0.16,250,21,3.33,0.13,240,22,2.72,0.15,300,24,3.75,0.14,260,18,1.11,0.15,310,10,2.0,0.19,420
2025-10,4332,4.21,2.07,4,13,82,0,0,0.19,12,4.16,0.15,380,15,2.0,0.2,400,13,3.07,0.2,380,15,2.0,0.19,370,14,0.71,0.2,400,13,0.76,0.21,460
2025-10,4335,6.84,5.12,37,26,123,7,1,0.12,28,8.57,0.1,170,19,7.36,0.12,210,20,5.0,0.13,260,18,4.44,0.11,200,18,1.66,0.12,230,20,2.0,0.13,270
2025-10,4336,5.18,3.08,22,24,149,0,0,0.15,27,7.77,0.15,230,22,4.54,0.14,290,26,2.3,0.14,250,23,3.04,0.14,310,31,0.64,0.15,320,20,0.0,0.16,390
2025-10,4337,7.12,5.1,36,40,149,6,1,0.13,32,9.37,0.12,230,22,3.18,0.13,330,23,5.21,0.14,270,23,5.21,0.13,240,31,3.54,0.12,270,18,2.22,0.16,380
2025-10,4339,4.09,1.96,9,13,112,0,0,0.17,16,5.0,0.15,330,21,1.9,0.18,370,17,1.76,0.18,380,23,2.17,0.15,290,20,1.0,0.18,440,15,0.0,0.2,480
2025-10,4340,0.0,0.0,0,0,0,0,0,0.0,0,0.0,0.0,0,0,0.0,0.0,0,0,0.0,0.0,0,0,0.0,0.0,0,0,0.0,0.0,0,0,0.0,0.0,0
2025-10,4342,7.48,6.59,45,42,132,8,4,0.14,28,9.28,0.13,290,22,7.72,0.14,250,24,7.08,0.12,270,20,6.5,0.12,190,21,3.33,0.15,310,17,4.11,0.17,360
2025-10,4343,3.63,0.99,1,10,111,0,0,0.18,12,0.83,0.17,390,22,1.36,0.18,390,20,2.0,0.18,340,15,0.66,0.19,420,29,0.69,0.17,420,13,0.0,0.21,530
2025-10,4344,7.79,5.62,45,23,121,9,4,0.12,29,9.31,0.1,200,20,6.0,0.14,280,25,4.8,0.12,260,15,4.66,0.12,270,20,4.0,0.14,280,12,1.66,0.15,330
2025-10,4345,5.62,3.5,20,15,100,1,0,0.17,21,7.14,0.14,270,16,1.87,0.15,310,17,4.11,0.16,320,17,3.52,0.19,380,14,0.71,0.19,430,15,2.0,0.19,410
2025-10,4346,4.11,2.69,11,17,104,0,0,0.17,11,6.36,0.13,290,22,3.18,0.22,430,17,4.11,0.13,270,16,2.5,0.18,390,22,1.36,0.16,330,14,0.0,0.18,370
2025-10,4347,5.93,4.29,14,32,107,2,0,0.18,21,7.61,0.16,360,17,4.7,0.17,360,18,6.66,0.17,310,19,3.15,0.2,410,14,2.85,0.2,420,18,0.0,0.16,360
2025-10,4348,6.14,4.28,22,35,133,3,0,0.16,27,8.14,0.13,250,23,4.34,0.14,370,17,3.52,0.14,380,26,3.84,0.18,420,18,3.33,0.18,400,22,1.36,0.18,430
2025-10,4349,5.1,3.33,14,19,99,0,0,0.14,15,7.33,0.15,300,17,2.94,0.15,300,15,2.66,0.14,270,19,3.68,0.16,270,15,4.0,0.13,250,18,0.0,0.12,280
2025-10,4350,7.07,4.62,34,28,134,5,0,0.14,27,8.14,0.12,220,16,3.75,0.13,340,28,5.0,0.16,380,28,4.28,0.15,350,19,2.63,0.12,250,16,1.87,0.14,360
2025-10,4351,6.68,5.11,41,27,133,6,0,0.14,33,8.18,0.14,230,20,6.0,0.13,260,21,6.66,0.14,270,20,3.0,0.13,250,17,2.94,0.12,240,22,1.81,0.14,260
2025-10,4352,6.85,5.17,33,25,112,3,1,0.14,27,9.25,0.13,230,16,5.62,0.16,310,18,4.44,0.13,280,17,2.94,0.16,330,16,3.12,0.13,270,18,3.33,0.14,310
2025-10,4355,3.54,1.58,6,10,101,0,0,0.2,12,5.83,0.17,280,20,1.5,0.22,450,16,1.25,0.19,440,17,2.35,0.2,400,21,0.0,0.19,360,15,0.0,0.22,420
2025-10,4356,6.56,4.76,29,32,128,4,1,0.15,23,8.69,0.13,190,23,4.34,0.14,270,25,4.4,0.16,280,25,4.0,0.16,330,24,3.75,0.17,330,8,1.25,0.13,260
2025-10,4357,6.84,5.44,38,29,123,4,1,0.16,34,7.64,0.16,350,18,6.66,0.16,340,28,5.0,0.16,330,18,3.88,0.14,320,14,4.28,0.17,290,11,1.81,0.17,390
2025-10,4358,4.42,2.7,12,18,111,1,0,0.2,16,5.62,0.15,330,24,4.16,0.21,420,20,3.5,0.18,370,17,0.58,0.26,450,22,0.9,0.23,460,12,0.83,0.18,430
2025-10,4359,5.55,3.81,17,20,97,1,0,0.13,15,8.66,0.13,270,18,3.33,0.16,270,13,4.61,0.13,180,14,4.28,0.11,200,18,1.66,0.12,270,19,1.57,0.14,360
2025-10,4360,4.9,2.86,23,16,136,0,0,0.18,26,5.76,0.16,290,24,3.33,0.19,410,26,3.84,0.19,370,27,1.11,0.18,370,20,1.5,0.16,320,13,0.0,0.18,440
2025-10,4361,7.31,5.85,48,27,128,8,3,0.15,30,9.66,0.16,330,22,5.9,0.16,380,22,4.09,0.14,280,23,6.52,0.14,260,16,4.37,0.13,260,15,1.33,0.16,280
2025-10,4362,6.95,4.46,29,29,130,3,0,0.13,29,7.93,0.11,250,26,4.61,0.14,290,20,3.0,0.13,390,19,4.73,0.12,310,22,3.18,0.14,230,14,0.71,0.15,450
2025-10,4363,5.6,3.33,28,20,144,3,0,0.15,29,7.58,0.13,250,22,2.27,0.16,320,24,2.08,0.15,260,24,3.33,0.14,280,25,2.8,0.16,320,20,0.5,0.17,400
2025-10,4364,6.94,5.57,50,28,140,6,2,0.14,37,8.64,0.14,310,21,4.76,0.13,270,23,6.52,0.13,300,19,5.26,0.14,290,26,3.07,0.13,250,14,2.14,0.18,350
2025-10,4365,5.3,3.6,19,26,125,0,0,0.17,23,8.26,0.16,300,24,3.75,0.16,370,19,2.63,0.17,290,21,3.81,0.17,300,23,1.3,0.18,380,15,0.66,0.23,410
2025-10,4366,6.24,4.42,33,28,138,3,0,0.15,29,7.93,0.16,330,21,4.76,0.15,280,23,3.47,0.13,210,26,4.61,0.15,230,26,2.69,0.14,270,13,0.76,0.14,350
2025-10,4367,4.6,2.31,10,15,108,1,0,0.2,13,6.92,0.13,250,18,2.22,0.2,470,23,2.17,0.19,400,25,1.6,0.21,460,14,1.42,0.18,390,15,0.66,0.26,510
2025-10,4368,4.21,2.05,8,15,112,0,0,0.19,13,6.92,0.16,280,20,2.5,0.16,400,22,1.81,0.21,400,22,0.9,0.2,380,19,1.57,0.18,450,16,0.0,0.23,540
2025-10,4369,5.91,4.51,32,24,124,2,0,0.16,24,8.75,0.15,290,21,2.85,0.17,420,23,4.34,0.15,380,18,6.66,0.16,310,21,2.85,0.16,300,17,0.58,0.19,440
2025-10,4370,6.99,5.64,55,28,147,6,3,0.14,40,8.25,0.12,260,24,7.08,0.14,400,25,5.2,0.15,330,21,3.81,0.15,290,16,4.37,0.17,340,21,2.38,0.16,320
2025-10,4371,6.84,3.93,24,22,117,2,1,0.13,26,8.84,0.12,230,15,4.66,0.13,320,24,2.5,0.14,370,19,3.68,0.14,300,18,1.66,0.13,310,14,0.0,0.15,500
2025-10,4372,5.98,3.92,18,15,84,1,0,0.17,15,8.0,0.18,320,16,5.0,0.17,360,13,3.84,0.2,380,15,2.0,0.15,390,11,3.63,0.15,260,14,0.71,0.19,390
2025-10,4373,6.45,5.22,21,38,113,3,1,0.18,25,7.2,0.16,320,20,7.0,0.15,310,19,5.26,0.19,380,22,5.0,0.19,390,13,3.84,0.19,400,14,0.71,0.22,410
2025-10,4374,4.68,2.16,16,10,120,0,0,0.16,17,5.88,0.15,240,22,2.72,0.14,300,23,0.87,0.16,300,21,2.38,0.17,300,20,1.0,0.16,350,16,0.62,0.18,430
2025-10,4375,5.56,3.89,31,20,131,2,0,0.17,24,7.5,0.16,280,20,3.5,0.19,380,25,5.2,0.17,300,22,3.18,0.15,320,21,2.38,0.17,320,19,0.52,0.18,420
2025-10,4376,5.68,3.82,24,28,136,3,0,0.16,23,7.82,0.14,250,24,3.33,0.15,300,23,4.34,0.14,290,25,3.6,0.17,330,20,2.0,0.15,320,21,1.42,0.19,380
2025-10,4377,6.99,5.9,43,42,144,4,1,0.15,32,8.43,0.14,260,26,6.92,0.15,290,21,3.81,0.15,280,18,8.88,0.1,220,26,4.61,0.14,260,21,1.9,0.19,400
2025-10,4379,6.49,4.77,35,30,136,6,0,0.16,26,9.61,0.14,320,25,6.4,0.15,280,19,5.78,0.14,220,21,2.38,0.14,310,25,2.0,0.19,370,20,1.5,0.18,410
2025-10,4380,4.39,2.45,17,13,122,0,0,0.17,16,7.5,0.14,310,22,2.27,0.18,350,26,3.46,0.16,280,18,1.66,0.17,330,21,0.47,0.18,370,19,0.0,0.16,340
2025-10,4381,5.92,3.98,28,21,123,3,1,0.17,27,6.29,0.2,410,21,5.71,0.17,300,17,6.47,0.15,270,19,2.1,0.14,250,23,1.73,0.15,240,16,0.62,0.18,400
2025-10,4382,3.97,1.84,7,17,130,0,0,0.16,19,3.68,0.12,280,25,2.4,0.16,340,23,2.17,0.15,310,25,1.2,0.18,330,22,0.9,0.17,350,16,0.62,0.18,480
2025-10,4383,5.63,3.93,17,29,117,2,0,0.16,22,7.72,0.13,250,22,4.54,0.16,260,19,5.78,0.16,310,21,1.9,0.16,350,21,1.42,0.17,360,12,0.83,0.22,460
2025-10,4384,6.69,4.67,37,27,137,3,1,0.18,31,8.71,0.15,240,22,5.45,0.16,330,22,5.45,0.16,280,22,4.54,0.19,380,20,1.0,0.19,450,20,0.5,0.24,470
2025-10,4385,3.8,1.12,5,3,71,0,0,0.22,10,3.0,0.19,330,13,1.53,0.25,520,12,0.83,0.23,430,11,0.9,0.24,380,13,0.0,0.19,460,12,0.83,0.22,450
2025-10,4387,7.13,5.12,37,25,121,8,1,0.15,31,8.71,0.15,320,17,6.47,0.18,300,18,4.44,0.14,260,24,4.58,0.15,260,14,2.14,0.15,200,17,1.17,0.17,420
2025-10,4388,5.95,4.58,22,33,120,3,0,0.18,21,7.61,0.15,320,23,3.91,0.19,390,20,5.5,0.16,360,19,4.73,0.2,390,19,3.68,0.18,350,18,1.66,0.2,440
2025-10,4389,4.68,2.42,8,16,99,0,0,0.18,16,3.12,0.18,460,16,3.75,0.19,420,21,2.85,0.16,340,19,1.57,0.16,330,12,2.5,0.19,290,15,0.66,0.2,440
2025-10,4390,3.45,1.27,6,5,86,0,0,0.21,14,1.42,0.24,490,12,1.66,0.2,500,17,1.76,0.23,490,11,0.0,0.22,510,18,1.66,0.19,390,14,0.71,0.22,480
2025-10,4391,6.66,4.86,44,28,148,5,1,0.17,34,8.23,0.16,310,24,5.0,0.19,400,23,4.78,0.15,330,23,3.91,0.18,360,23,3.47,0.14,310,21,1.9,0.2,500
2025-10,4393,4.44,1.93,12,10,114,0,0,0.19,14,5.71,0.14,210,23,2.17,0.18,400,21,2.38,0.15,340,21,0.95,0.21,470,19,1.05,0.2,450,16,0.0,0.23,490
2025-10,4394,5.97,3.1,18,9,87,1,0,0.14,14,7.14,0.15,240,17,2.94,0.16,340,13,4.61,0.12,280,18,2.22,0.15,230,15,1.33,0.14,290,10,0.0,0.12,370
2025-10,4395,4.39,2.07,13,9,106,0,0,0.18,20,5.0,0.16,350,15,1.33,0.2,420,18,1.11,0.19,380,20,1.5,0.17,380,15,1.33,0.16,360,18,1.66,0.2,490
2025-10,4396,5.57,3.14,12,21,105,1,0,0.19,17,6.47,0.18,390,16,3.75,0.18,340,22,2.72,0.16,360,22,2.72,0.19,450,20,1.5,0.2,440,8,1.25,0.25,560
2025-10,4397,6.96,5.3,43,36,149,6,2,0.14,35,8.28,0.14,290,26,5.0,0.13,330,27,5.92,0.13,300,21,4.28,0.14,310,23,3.47,0.14,350,17,2.35,0.16,410
2025-10,4398,6.82,5.33,41,30,133,6,1,0.14,31,8.38,0.13,240,24,6.25,0.14,320,16,6.25,0.13,280,23,4.34,0.13,280,25,2.8,0.13,270,13,2.3,0.19,470
2025-10,4399,0.0,0.0,0,0,0,0,0,0.0,0,0.0,0.0,0,0,0.0,0.0,0,0,0.0,0.0,0,0,0.0,0.0,0,0,0.0,0.0,0,0,0.0,0.0,0
2025-10,4400,4.25,1.73,2,14,92,0,0,0.19,11,2.72,0.16,350,19,2.1,0.19,390,18,3.33,0.18,340,16,1.25,0.19,370,16,0.62,0.2,400,12,0.0,0.21,470
2025-10,4401,5.84,4.12,20,27,114,4,0,0.14,24,7.91,0.12,190,16,5.62,0.15,270,19,4.21,0.14,270,20,2.5,0.15,280,19,2.1,0.15,330,16,1.25,0.15,300
2025-10,4402,5.5,4.15,25,22,113,1,0,0.17,24,8.75,0.15,340,18,3.33,0.19,390,16,6.25,0.16,320,16,5.0,0.14,240,15,1.33,0.16,310,22,0.0,0.21,450
2025-10,4403,5.63,3.92,16,26,107,0,0,0.16,17,7.05,0.16,230,18,6.11,0.17,320,22,4.09,0.17,300,14,2.14,0.16,360,22,2.72,0.15,320,14,0.71,0.17,350
2025-10,4404,3.85,2.26,10,16,115,0,0,0.18,14,4.28,0.19,400,21,2.85,0.16,340,19,3.15,0.19,420,25,2.0,0.17,340,18,1.11,0.2,400,18,0.55,0.18,400
2025-10,4405,4.75,2.33,8,17,107,0,0,0.16,14,5.0,0.14,340,21,2.38,0.16,300,23,2.6,0.16,380,14,1.42,0.17,410,23,2.17,0.16,300,12,0.0,0.17,370
2025-10,4406,4.23,2.52,10,18,111,0,0,0.16,13,8.46,0.13,300,19,3.15,0.19,400,19,2.63,0.17,320,16,1.25,0.16,410,26,1.15,0.15,290,18,0.55,0.17,390
2025-10,4407,5.06,3.3,17,29,139,0,0,0.18,22,8.63,0.13,210,26,3.07,0.17,370,27,3.33,0.18,360,26,2.69,0.17,270,23,1.3,0.21,420,15,0.0,0.21,490
2025-10,4408,3.84,2.4,6,12,75,1,1,0.18,11,4.54,0.18,350,13,2.3,0.13,320,15,4.0,0.18,340,13,1.53,0.21,410,14,0.71,0.21,390,9,1.11,0.18,470
2025-10,4409,6.22,5.03,37,33,139,4,0,0.14,27,8.88,0.16,330,21,6.66,0.14,270,25,3.6,0.13,280,23,4.34,0.14,300,22,3.63,0.13,250,21,2.38,0.15,300
2025-10,4410,5.36,3.58,21,22,120,1,0,0.16,16,7.5,0.16,280,22,6.36,0.15,320,22,3.18,0.17,290,26,2.69,0.17,320,19,1.57,0.17,320,15,0.0,0.17,380
2025-10,4411,5.5,3.68,24,25,133,1,0,0.16,26,8.84,0.14,300,20,4.0,0.19,370,18,3.33,0.14,310,21,2.85,0.17,380,24,1.66,0.13,330,24,0.83,0.18,470
2025-10,4413,5.8,3.93,25,21,117,1,0,0.18,24,7.91,0.16,340,19,4.21,0.19,450,20,2.5,0.18,380,17,2.94,0.2,390,23,2.6,0.15,250,14,2.14,0.19,420
2025-10,4414,4.35,2.37,12,7,80,0,0,0.17,14,5.0,0.16,260,16,3.75,0.18,350,12,1.66,0.15,290,12,0.83,0.15,260,13,1.53,0.19,370,13,0.76,0.19,370
2025-10,4415,6.21,4.19,42,26,162,4,0,0.13,32,7.5,0.13,180,27,4.44,0.1,210,21,3.33,0.13,270,27,5.18,0.13,230,22,3.63,0.12,310,33,0.9,0.14,340
2025-10,4416,4.9,2.62,13,18,118,1,0,0.17,18,5.0,0.19,310,21,2.85,0.17,400,18,2.77,0.16,340,22,3.63,0.15,330,19,1.57,0.2,330,20,0.0,0.18,390
2025-10,4417,4.71,2.6,7,19,100,0,0,0.21,15,6.0,0.2,440,16,3.12,0.21,540,20,1.5,0.24,530,19,2.1,0.2,460,17,1.17,0.22,470,13,2.3,0.22,510
2025-10,4418,7.88,5.65,50,28,138,8,3,0.12,35,8.28,0.12,220,19,5.26,0.15,300,22,6.36,0.14,270,19,5.78,0.12,260,20,4.5,0.1,230,23,2.17,0.12,350
2025-10,4419,5.2,3.13,10,16,83,0,0,0.16,13,5.38,0.19,390,16,5.0,0.17,360,14,2.14,0.14,290,15,4.0,0.15,230,12,0.83,0.17,310,13,0.76,0.17,370
2025-10,4420,5.77,3.86,30,26,145,2,0,0.16,27,7.4,0.16,330,24,3.75,0.16,340,21,4.76,0.14,300,27,2.22,0.16,240,24,3.75,0.16,310,21,0.95,0.18,440
2025-10,4421,3.7,1.68,3,11,83,0,0,0.17,11,4.54,0.12,250,11,0.0,0.17,400,16,3.12,0.15,270,17,1.17,0.15,400,21,0.95,0.2,410,7,0.0,0.23,540
2025-10,4422,4.63,2.56,14,14,109,0,0,0.17,16,7.5,0.13,280,18,2.22,0.16,360,19,2.63,0.18,320,22,1.81,0.19,460,17,1.17,0.17,400,17,0.58,0.21,450
2025-10,4423,5.22,3.25,21,21,129,0,0,0.17,16,8.75,0.14,210,23,3.91,0.17,340,25,2.0,0.18,320,23,3.47,0.15,330,23,1.3,0.18,370,19,1.57,0.19,370
2025-10,4424,5.75,3.98,28,33,153,1,0,0.16,31,8.06,0.14,260,25,3.6,0.18,410,25,3.6,0.15,260,25,3.2,0.16,280,18,3.33,0.15,280,29,1.37,0.16,330
2025-10,4425,5.13,2.77,11,17,101,0,0,0.16,13,8.46,0.15,320,20,3.0,0.16,290,21,3.81,0.14,270,17,1.17,0.16,350,20,0.5,0.16,270,10,0.0,0.19,440
2025-10,4427,7.38,5.64,42,24,117,7,4,0.14,25,9.6,0.12,250,18,5.0,0.13,290,18,6.11,0.13,260,22,5.9,0.17,340,17,3.52,0.14,280,17,1.76,0.14,340
2025-10,4428,6.4,4.5,34,25,131,5,0,0.14,27,7.77,0.12,270,23,4.78,0.15,380,21,5.23,0.14,230,17,4.11,0.13,260,23,2.17,0.14,280,20,2.0,0.17,330
2025-10,4429,4.11,1.79,12,11,128,0,0,0.17,17,4.7,0.16,280,23,2.6,0.15,300,25,1.2,0.16,290,22,1.36,0.19,340,21,0.95,0.17,330,20,0.5,0.21,480
2025-10,4430,5.81,3.62,29,21,138,2,0,0.17,26,8.07,0.16,320,22,3.18,0.16,390,24,3.75,0.18,360,24,2.5,0.16,350,24,2.5,0.18,420,18,0.55,0.21,380
2025-10,4431,5.19,2.73,15,11,95,0,0,0.16,16,5.0,0.14,210,15,3.33,0.16,370,16,3.12,0.16,280,19,2.1,0.14,250,15,2.0,0.14,350,14,0.71,0.21,490
2025-10,4432,5.15,2.68,20,17,138,1,0,0.15,28,7.14,0.12,200,18,1.11,0.14,260,25,2.8,0.13,250,24,0.83,0.16,320,22,1.81,0.15,310,21,0.95,0.19,430
2025-10,4433,7.1,5.48,54,25,144,5,0,0.19,38,9.47,0.16,370,24,5.83,0.18,400,22,5.0,0.2,380,23,4.34,0.18,420,16,2.5,0.22,440,21,1.9,0.22,500
2025-10,4434,6.47,4.61,35,30,141,3,0,0.16,27,8.51,0.17,310,27,5.92,0.16,340,21,3.33,0.14,270,26,3.07,0.14,300,24,2.91,0.17,360,16,2.5,0.19,430
2025-10,4435,5.11,3.01,14,17,103,1,0,0.19,16,5.0,0.16,330,13,3.07,0.18,370,18,3.88,0.17,330,19,2.63,0.18,370,17,2.94,0.2,440,20,1.0,0.22,470
2025-10,4436,6.14,4.49,30,32,138,3,1,0.15,28,7.14,0.15,290,21,7.61,0.17,350,24,5.41,0.13,270,21,3.81,0.16,320,23,2.17,0.15,350,21,0.0,0.14,360
2025-10,4437,6.25,4.87,31,26,117,6,1,0.16,24,9.16,0.16,250,18,7.22,0.15,320,18,5.0,0.16,290,20,3.5,0.15,260,21,2.38,0.14,280,16,0.62,0.2,440
2025-10,4438,5.68,4.42,23,23,104,2,0,0.12,18,6.11,0.14,220,18,3.33,0.13,240,17,4.7,0.15,230,21,6.19,0.09,180,18,2.77,0.1,180,12,2.5,0.11,190
2025-10,4439,3.59,1.79,2,12,78,0,0,0.17,10,5.0,0.16,280,17,2.35,0.17,350,13,3.07,0.18,320,15,0.66,0.17,430,15,0.0,0.16,380,8,0.0,0.15,330
2025-10,4440,4.31,1.79,9,10,106,0,0,0.17,16,5.62,0.14,240,15,0.66,0.16,340,21,1.42,0.16,300,23,1.3,0.15,330,19,1.57,0.21,450,12,0.0,0.2,510
2025-10,4441,6.07,4.25,30,24,127,3,0,0.14,26,8.84,0.12,250,24,4.58,0.14,280,16,3.75,0.13,220,21,4.28,0.14,310,20,2.5,0.13,290,20,0.0,0.17,370
2025-10,4442,5.22,3.3,18,20,115,0,0,0.15,19,7.36,0.15,260,25,1.6,0.17,370,15,2.66,0.14,330,23,3.91,0.16,290,12,2.5,0.18,340,21,1.9,0.14,390
2025-10,4443,6.15,4.11,20,24,107,3,0,0.19,20,8.0,0.18,440,18,5.0,0.21,380,18,3.88,0.16,320,19,3.68,0.19,470,18,2.22,0.2,420,14,0.71,0.21,490
2025-10,4444,7.56,4.74,30,26,118,7,0,0.14,23,9.13,0.13,280,20,4.0,0.13,300,21,3.33,0.14,340,18,3.88,0.13,320,23,4.78,0.16,370,13,1.53,0.15,370
2025-10,4445,6.85,4.15,26,23,118,2,2,0.11,23,10.0,0.13,270,20,3.5,0.11,290,17,5.29,0.11,240,20,2.5,0.12,300,18,2.22,0.12,260,20,0.5,0.1,250
2025-10,4446,6.36,4.71,33,32,138,4,0,0.13,28,8.57,0.11,180,25,6.0,0.13,250,21,5.23,0.14,280,23,3.91,0.13,250,22,1.81,0.15,310,19,1.05,0.15,350
2025-10,4447,6.67,4.88,32,31,129,4,1,0.15,28,7.85,0.14,230,21,6.19,0.13,280,21,5.71,0.16,300,22,5.0,0.15,300,21,0.47,0.17,350,16,2.5,0.14,330
2025-10,4448,7.47,6.0,36,33,115,7,2,0.17,24,7.91,0.16,320,19,5.78,0.17,410,20,7.0,0.15,310,14,6.42,0.15,290,24,4.58,0.19,320,14,3.57,0.17,410
2025-10,4449,3.91,1.69,9,11,118,0,0,0.16,15,4.66,0.15,350,19,0.52,0.17,320,23,1.73,0.16,300,24,2.5,0.16,260,21,0.47,0.15,250,16,0.62,0.2,410
2025-10,4450,6.08,3.86,18,21,101,1,0,0.15,19,6.84,0.14,260,16,4.37,0.13,310,17,3.52,0.15,300,14,3.57,0.14,290,17,4.11,0.13,310,18,0.55,0.18,440
2025-10,4451,6.53,4.58,35,26,133,4,0,0.16,35,8.57,0.13,250,20,4.5,0.18,300,21,2.85,0.14,310,21,3.81,0.17,390,20,3.0,0.2,370,16,1.25,0.2,530
2025-10,4452,5.65,3.67,21,29,136,1,0,0.17,25,8.0,0.15,290,22,4.54,0.16,380,25,3.6,0.16,300,22,2.72,0.16,360,20,2.0,0.18,440,22,0.45,0.21,480
2025-10,4456,6.89,5.0,29,19,96,5,1,0.17,24,8.33,0.14,330,16,6.25,0.17,340,13,6.92,0.15,320,15,3.33,0.19,430,17,2.35,0.19,410,10,0.0,0.2,460
2025-10,4457,4.8,2.88,13,17,104,0,0,0.17,16,5.62,0.16,310,16,1.25,0.16,290,17,4.11,0.14,210,18,1.11,0.17,330,19,3.15,0.17,320,18,2.22,0.19,400
2025-10,4458,5.02,3.49,17,27,126,0,0,0.14,18,7.77,0.15,260,25,5.2,0.15,300,22,4.09,0.14,300,21,2.38,0.15,300,22,0.9,0.15,340,18,0.55,0.13,310
2025-10,4459,6.9,4.5,25,38,140,5,1,0.12,26,9.23,0.13,270,24,4.58,0.12,280,21,4.76,0.11,270,25,4.8,0.09,170,24,1.66,0.11,270,20,1.0,0.15,370
2025-10,4460,6.08,4.37,34,33,153,3,0,0.14,33,8.18,0.13,250,30,6.0,0.13,310,26,3.84,0.13,280,18,3.33,0.12,300,28,1.42,0.15,310,18,1.11,0.15,340
2025-10,4461,4.17,1.68,5,8,77,0,0,0.17,13,3.84,0.14,330,11,1.81,0.18,340,11,1.81,0.21,420,16,1.87,0.16,380,12,0.0,0.18,400,14,0.71,0.16,430
2025-10,4462,5.26,3.1,15,16,100,1,0,0.15,14,5.0,0.14,310,15,4.66,0.15,410,15,4.66,0.13,330,18,2.77,0.14,310,20,2.0,0.16,330,18,0.55,0.18,450
2025-10,4463,5.3,3.18,21,14,110,1,0,0.17,26,7.3,0.15,310,21,2.85,0.17,380,13,3.84,0.17,280,17,1.76,0.17,350,16,0.62,0.19,410,17,0.58,0.18,370
2025-10,4464,5.31,3.4,11,22,97,1,0,0.2,13,7.69,0.14,280,18,5.0,0.2,430,18,3.33,0.22,360,19,2.1,0.19,430,15,2.0,0.2,410,14,0.71,0.24,540
2025-10,4465,3.81,1.5,4,10,93,0,0,0.18,14,5.0,0.16,350,17,1.76,0.16,310,13,0.0,0.16,330,16,0.62,0.19,320,17,1.76,0.18,340,16,0.0,0.21,460
2025-10,4466,6.11,3.7,22,21,116,1,0,0.16,21,7.61,0.16,300,25,4.8,0.13,320,22,4.54,0.14,280,16,2.5,0.16,340,19,0.52,0.16,380,13,0.0,0.21,480
2025-10,4467,6.09,4.4,24,32,127,2,0,0.13,19,6.84,0.15,250,25,4.8,0.13,220,18,5.0,0.12,220,24,5.41,0.12,210,27,2.59,0.13,280,14,1.42,0.19,430
2025-10,4468,7.66,6.35,45,30,118,10,2,0.13,29,9.31,0.12,220,21,6.19,0.13,300,21,7.14,0.14,280,17,6.47,0.15,220,17,4.11,0.11,240,13,1.53,0.14,340
2025-10,4469,5.49,3.39,23,16,115,1,0,0.16,20,8.0,0.15,280,17,2.94,0.16,350,19,2.63,0.15,380,24,2.08,0.17,300,18,3.88,0.15,310,17,0.58,0.16,390
2025-10,4470,6.54,4.93,38,34,146,3,1,0.14,30,9.33,0.13,190,22,5.45,0.16,260,32,3.75,0.13,250,24,4.58,0.13,250,24,2.5,0.15,310,14,2.14,0.15,330
2025-10,4471,7.16,5.72,44,35,138,8,2,0.15,34,8.82,0.13,240,21,6.19,0.15,350,22,5.9,0.17,300,20,5.0,0.15,300,23,2.6,0.18,380,18,3.88,0.15,350
2025-10,4472,6.4,4.92,31,37,138,4,1,0.16,30,9.0,0.17,420,21,5.23,0.17,430,23,3.04,0.17,340,21,4.76,0.17,370,28,3.92,0.16,290,15,1.33,0.16,390
2025-10,4473,5.51,3.83,20,16,94,1,0,0.17,16,6.25,0.17,320,18,5.0,0.16,260,16,5.0,0.16,310,13,3.84,0.16,310,13,1.53,0.2,370,18,1.11,0.19,380
2025-10,4474,5.15,3.33,13,18,93,0,0,0.19,14,6.42,0.16,350,13,5.38,0.19,450,17,4.7,0.17,400,16,1.87,0.17,440,19,2.1,0.18,390,14,0.0,0.24,570
2025-10,4475,5.87,4.0,26,28,135,3,1,0.15,27,7.4,0.13,210,27,4.81,0.16,330,19,5.26,0.16,330,22,2.72,0.14,280,19,1.57,0.17,340,21,0.95,0.15,350
2025-10,4477,6.79,4.8,31,29,125,5,1,0.13,28,7.85,0.14,290,19,3.15,0.12,300,19,5.26,0.12,310,20,6.0,0.12,250,18,2.77,0.14,310,21,2.38,0.14,380
2025-10,4478,5.56,3.76,25,24,130,2,0,0.15,26,6.92,0.15,240,23,5.21,0.13,300,20,2.0,0.15,270,17,3.52,0.14,260,26,2.3,0.14,330,18,1.66,0.19,420
2025-10,4479,3.98,1.36,3,6,66,0,0,0.18,9,4.44,0.2,320,12,1.66,0.15,330,8,1.25,0.2,460,16,1.25,0.15,330,10,0.0,0.16,330,11,0.0,0.26,500
2025-10,4482,6.8,5.18,45,27,139,2,2,0.16,35,8.57,0.16,290,21,6.66,0.15,290,19,4.73,0.18,320,27,3.7,0.14,270,20,2.5,0.18,330,17,2.35,0.16,300
2025-10,4483,6.92,5.56,49,30,142,9,2,0.14,33,9.09,0.15,300,23,4.78,0.15,370,21,6.19,0.13,250,15,6.0,0.12,270,27,3.7,0.13,270,23,2.6,0.13,300
2025-10,4484,4.98,2.62,10,17,103,0,0,0.19,13,2.3,0.18,380,20,2.5,0.21,440,23,4.34,0.19,370,15,2.66,0.19,400,20,1.5,0.18,430,12,1.66,0.18,360
2025-10,4485,5.51,4.01,20,29,122,2,0,0.14,19,8.42,0.15,260,20,5.0,0.14,310,20,2.5,0.13,280,19,4.73,0.14,320,26,3.07,0.14,240,18,0.55,0.16,340
2025-10,4486,5.11,3.77,22,24,122,1,0,0.17,20,7.5,0.16,340,20,5.0,0.16,320,17,3.52,0.2,440,21,2.85,0.17,320,20,2.5,0.16,340,24,1.66,0.19,380
2025-10,4487,4.79,2.61,12,21,126,1,0,0.18,17,4.7,0.15,320,23,3.47,0.18,370,25,3.2,0.16,330,22,2.27,0.18,390,23,1.73,0.2,400,16,0.0,0.18,450
2025-10,4488,6.48,4.9,27,22,100,4,0,0.19,19,9.47,0.17,280,17,5.29,0.19,360,18,6.11,0.19,320,14,2.85,0.17,330,13,3.07,0.19,370,19,1.57,0.21,490
2025-10,4489,5.05,3.4,19,15,100,0,0,0.15,13,7.69,0.15,320,18,5.0,0.14,230,16,2.5,0.13,260,18,3.33,0.15,310,18,2.77,0.16,330,17,0.0,0.18,420
2025-10,4491,4.59,2.3,12,11,100,0,0,0.19,16,6.87,0.19,360,15,2.66,0.15,340,19,1.57,0.19,370,14,0.71,0.18,440,16,1.87,0.21,410,20,0.5,0.23,470
2025-10,4492,6.21,3.93,17,9,66,1,0,0.16,15,7.33,0.14,270,14,4.28,0.19,340,5,4.0,0.14,320,10,2.0,0.17,360,10,5.0,0.17,290,12,0.0,0.17,380
2025-10,4494,6.92,4.31,28,29,132,7,0,0.13,20,7.5,0.13,340,23,5.21,0.13,280,24,5.0,0.12,260,21,4.28,0.16,350,24,2.5,0.13,290,20,1.5,0.14,420
2025-10,4495,6.01,4.73,29,24,112,3,0,0.13,17,7.64,0.12,200,18,6.66,0.13,210,18,2.22,0.12,260,21,5.23,0.12,230,22,4.09,0.14,240,16,2.5,0.12,230
2025-10,4496,5.75,4.2,13,29,100,1,0,0.18,19,7.36,0.18,420,16,1.87,0.21,360,20,3.5,0.18,350,18,5.55,0.17,310,12,1.66,0.17,360,15,4.0,0.14,340
2025-10,4497,6.3,4.08,23,17,98,4,2,0.14,21,6.66,0.14,270,17,5.88,0.14,340,14,4.28,0.13,220,18,2.77,0.14,330,15,3.33,0.14,330,13,0.0,0.16,430
2025-10,4498,4.87,2.73,13,10,84,1,0,0.17,11,5.45,0.2,380,12,2.5,0.17,320,12,5.83,0.16,280,15,2.0,0.15,350,15,2.0,0.17,290,19,0.52,0.17,360
2025-10,4499,5.86,4.24,17,11,66,1,0,0.19,12,8.33,0.18,450,11,2.72,0.19,450,11,8.18,0.18,370,9,4.44,0.2,390,13,0.0,0.19,480,10,2.0,0.18,360
2025-10,4500,8.07,5.82,53,25,134,6,1,0.12,32,9.06,0.12,270,23,6.52,0.1,250,28,6.78,0.13,270,17,3.52,0.13,300,23,3.04,0.13,270,11,1.81,0.12,330
2025-10,4501,5.88,4.11,28,28,136,1,0,0.14,24,7.91,0.12,230,24,4.58,0.14,260,20,4.0,0.15,320,26,4.23,0.15,270,24,2.08,0.16,290,18,1.11,0.14,310
2025-10,4502,7.64,5.2,39,25,123,6,2,0.14,32,8.43,0.14,220,18,5.0,0.13,290,18,5.55,0.13,220,19,4.21,0.13,250,18,3.33,0.13,260,18,2.22,0.15,390
2025-10,4503,7.34,5.54,51,31,148,7,2,0.12,37,9.73,0.11,190,22,5.9,0.15,350,23,6.08,0.11,270,25,2.8,0.12,270,20,3.0,0.13,280,21,2.85,0.1,220
2025-10,4504,6.73,4.35,33,34,154,4,1,0.14,30,8.0,0.13,290,28,3.21,0.16,390,29,4.13,0.15,360,28,3.92,0.14,340,20,3.5,0.11,300,19,2.1,0.13,320
2025-10,4505,6.06,4.15,28,31,142,6,0,0.16,24,8.75,0.14,260,19,5.78,0.15,340,25,2.8,0.17,370,29,4.82,0.15,340,28,1.78,0.17,360,17,0.58,0.17,390
2025-10,4506,5.46,3.83,27,27,141,1,0,0.14,25,7.2,0.14,240,22,5.45,0.15,330,26,3.46,0.15,320,23,3.47,0.13,260,23,1.73,0.13,300,22,1.36,0.14,280
2025-10,4508,4.94,3.25,11,16,83,0,0,0.18,11,7.27,0.14,240,16,3.12,0.17,380,12,3.33,0.18,330,16,2.5,0.18,360,16,3.12,0.21,440,12,0.83,0.19,440
2025-10,4509,5.25,2.99,17,21,127,0,0,0.18,24,6.66,0.18,360,23,3.04,0.16,370,20,2.5,0.19,390,18,3.88,0.15,410,20,1.5,0.19,430,22,0.0,0.22,510
2025-10,4510,3.17,1.04,0,5,48,0,0,0.22,6,3.33,0.16,400,9,0.0,0.23,430,11,1.81,0.21,450,8,0.0,0.23,530,9,1.11,0.19,430,5,0.0,0.3,480
2025-10,4511,4.22,2.34,8,18,111,0,0,0.17,15,6.66,0.16,290,17,2.35,0.17,340,23,3.04,0.15,270,20,1.5,0.2,390,19,1.05,0.17,340,17,0.0,0.18,420
2025-10,4512,6.84,5.0,46,33,158,9,0,0.16,34,8.82,0.16,290,25,6.8,0.16,340,23,7.39,0.16,270,26,3.46,0.15,290,26,1.53,0.14,270,24,0.83,0.17,320
2025-10,4513,5.48,3.48,13,25,109,1,0,0.18,20,7.0,0.17,390,19,4.21,0.18,370,22,3.18,0.19,360,20,3.5,0.16,380,20,1.0,0.19,390,8,0.0,0.26,510
2025-10,4514,6.73,5.17,44,31,145,6,0,0.18,35,8.0,0.16,290,26,6.53,0.16,360,27,4.44,0.17,330,26,3.07,0.18,450,22,3.63,0.2,430,9,2.22,0.22,410
2025-10,4515,5.94,4.05,29,27,138,3,1,0.17,26,8.84,0.14,280,22,4.54,0.18,360,30,4.33,0.16,360,16,3.75,0.16,360,18,1.66,0.16,400,26,0.38,0.19,430
2025-10,4516,6.1,4.17,29,32,146,3,0,0.16,32,7.81,0.15,300,25,3.6,0.13,270,23,4.78,0.15,240,29,2.75,0.16,280,21,1.9,0.15,320,16,2.5,0.2,410
2025-10,4518,6.07,4.3,34,19,123,3,0,0.18,24,8.33,0.15,320,19,4.73,0.17,350,19,5.78,0.19,360,21,3.81,0.16,310,23,1.73,0.19,420,16,0.62,0.23,490
2025-10,4519,5.88,4.51,23,23,102,2,0,0.15,18,7.77,0.16,280,18,4.44,0.18,320,22,4.54,0.13,230,18,5.0,0.15,260,19,2.63,0.13,220,7,0.0,0.16,260
2025-10,4520,4.94,2.25,11,10,93,1,0,0.15,13,4.61,0.14,280,16,4.37,0.14,260,15,3.33,0.15,290,20,1.0,0.16,380,15,0.66,0.17,270,14,0.0,0.14,310
2025-10,4521,6.36,4.51,24,23,104,1,0,0.17,16,8.12,0.13,250,19,4.73,0.15,310,16,4.37,0.15,300,14,3.57,0.15,310,21,3.81,0.2,470,18,2.77,0.21,450
2025-10,4522,6.29,4.95,30,26,113,4,0,0.15,26,8.46,0.14,280,17,7.05,0.13,240,24,5.0,0.15,300,16,1.25,0.16,330,16,3.12,0.17,350,14,2.14,0.2,360
2025-10,4523,5.61,3.8,17,18,92,0,0,0.14,16,7.5,0.16,310,11,5.45,0.13,320,14,5.0,0.13,300,20,2.5,0.15,310,17,2.94,0.14,280,14,0.0,0.16,380
2025-10,4524,7.39,4.93,37,33,142,4,1,0.12,31,9.35,0.11,220,23,5.21,0.12,300,25,5.2,0.12,220,25,4.8,0.15,260,24,1.66,0.12,290,14,0.0,0.12,290
2025-10,4525,4.74,3.17,7,20,85,0,0,0.15,11,8.18,0.12,250,17,4.7,0.14,260,14,2.14,0.14,260,19,1.05,0.15,260,14,3.57,0.15,260,10,0.0,0.17,400
2025-10,4526,5.64,3.73,21,22,115,1,0,0.15,22,8.18,0.14,200,18,5.0,0.17,320,19,4.21,0.15,340,19,2.1,0.13,240,22,1.81,0.14,270,15,0.0,0.17,390
2025-10,4527,3.84,1.66,7,8,90,0,0,0.17,12,5.83,0.17,320,13,1.53,0.19,380,17,1.17,0.13,300,18,1.11,0.17,380,15,0.66,0.2,480,15,0.66,0.18,450
2025-10,4528,7.02,5.3,50,20,132,6,2,0.15,32,9.06,0.17,330,22,6.36,0.14,290,20,5.0,0.16,340,25,4.0,0.16,270,23,2.17,0.14,280,10,2.0,0.11,260
2025-10,4529,5.47,3.27,18,20,116,2,0,0.15,25,7.6,0.12,250,18,1.66,0.17,390,18,3.33,0.11,190,15,2.66,0.16,240,21,2.38,0.18,390,19,0.52,0.18,380
2025-10,4530,7.42,6.35,53,29,129,8,2,0.15,34,9.7,0.13,190,22,7.27,0.16,280,19,5.78,0.13,210,19,4.73,0.15,290,18,3.88,0.15,290,17,3.52,0.18,380
2025-10,4531,6.22,4.46,31,27,130,4,1,0.16,26,8.46,0.13,240,22,4.54,0.17,360,21,5.71,0.16,350,18,2.77,0.18,390,24,2.91,0.15,350,19,1.05,0.16,320
2025-10,4532,7.34,5.59,34,27,109,6,1,0.13,25,8.4,0.14,240,19,5.78,0.13,230,15,6.0,0.11,180,20,5.0,0.12,250,17,4.7,0.13,220,13,1.53,0.16,330
2025-10,4533,4.7,2.65,11,6,64,0,0,0.17,9,7.77,0.16,340,9,2.22,0.15,310,7,1.42,0.16,300,8,5.0,0.15,180,9,3.33,0.17,340,22,0.0,0.2,480
2025-10,4534,3.68,1.44,1,9,69,0,0,0.21,9,3.33,0.32,560,11,1.81,0.22,450,15,0.66,0.2,470,11,2.72,0.17,400,12,0.0,0.17,410,11,0.9,0.2,430
2025-10,4535,6.87,5.53,27,30,103,4,1,0.14,21,8.57,0.15,280,16,4.37,0.15,380,15,7.33,0.14,250,12,5.0,0.14,270,17,4.11,0.14,310,22,3.63,0.14,230
2025-10,4536,5.54,3.42,18,20,111,0,0,0.17,20,7.5,0.15,290,16,3.12,0.16,310,18,4.44,0.16,300,24,2.08,0.16,340,19,1.57,0.21,430,14,1.42,0.19,470
2025-10,4537,6.37,3.93,31,17,122,5,1,0.14,21,9.04,0.13,240,24,5.83,0.15,250,19,3.15,0.16,290,20,2.0,0.16,370,18,1.11,0.1,240,20,1.5,0.14,380
2025-10,4538,5.57,4.03,37,17,134,2,0,0.14,20,7.0,0.15,400,15,4.0,0.17,350,16,5.62,0.16,380,23,3.47,0.12,270,33,3.33,0.12,230,27,2.22,0.16,330
2025-10,4539,6.43,5.04,30,29,117,4,1,0.14,25,7.6,0.13,240,15,7.33,0.13,290,22,5.45,0.14,270,21,5.23,0.13,220,15,2.0,0.15,360,19,1.57,0.16,300
2025-10,4540,5.54,3.42,22,17,114,1,0,0.12,20,7.0,0.11,250,18,4.44,0.1,220,23,2.17,0.15,260,17,3.52,0.11,210,21,2.38,0.12,220,15,0.66,0.13,220
2025-10,4543,6.55,4.8,41,32,152,5,1,0.17,37,8.64,0.14,270,24,3.75,0.16,270,24,4.58,0.16,380,29,2.75,0.18,380,21,4.28,0.18,390,17,2.35,0.2,470
2025-10,4544,8.01,7.11,69,37,149,11,3,0.16,45,9.11,0.15,310,22,6.81,0.16,350,22,6.36,0.18,400,23,6.95,0.14,290,20,7.0,0.18,360,17,3.52,0.18,390
2025-10,4545,6.52,4.85,31,19,103,6,1,0.14,23,8.69,0.13,220,16,3.75,0.14,240,14,7.14,0.13,290,14,3.57,0.13,240,11,3.63,0.12,210,25,2.0,0.15,310
2025-10,4546,6.3,4.04,24,16,99,4,1,0.16,19,8.42,0.17,310,16,4.37,0.19,410,16,5.0,0.16,310,18,1.66,0.14,310,15,0.0,0.15,360,15,4.0,0.15,360
2025-10,4547,6.79,4.96,33,32,131,6,1,0.15,29,7.58,0.13,340,22,4.54,0.15,370,16,4.37,0.14,310,22,5.45,0.14,380,22,4.09,0.14,360,20,2.5,0.2,430
2025-10,4548,3.26,1.06,1,4,47,0,0,0.24,6,1.66,0.25,580,8,3.75,0.22,500,9,1.11,0.2,510,7,0.0,0.25,560,10,0.0,0.25,480,7,0.0,0.26,580
2025-10,4549,5.04,2.94,19,14,112,0,0,0.19,22,6.81,0.19,400,13,3.07,0.17,460,19,4.21,0.19,410,22,0.9,0.18,460,19,1.57,0.22,470,17,0.58,0.2,490
2025-10,4550,5.35,3.52,17,19,102,1,0,0.15,19,7.36,0.13,170,18,3.33,0.15,320,22,3.18,0.17,320,15,2.66,0.16,350,17,1.17,0.16,410,11,2.72,0.15,310
2025-10,4551,5.85,3.43,23,23,134,2,0,0.18,26,5.38,0.17,290,25,5.2,0.18,380,21,4.28,0.15,320,24,2.5,0.17,390,18,1.11,0.21,380,20,1.0,0.19,360
2025-10,4552,5.15,3.17,20,19,123,0,0,0.15,18,7.77,0.16,300,18,2.22,0.16,350,23,1.73,0.15,320,26,3.07,0.15,290,16,4.37,0.13,240,22,0.9,0.16,300
2025-10,4553,6.13,4.34,23,20,99,5,0,0.14,20,8.0,0.13,330,15,7.33,0.15,320,16,3.75,0.13,300,19,3.15,0.14,400,17,1.17,0.14,340,12,1.66,0.14,380
2025-10,4555,5.5,3.36,14,20,101,1,0,0.19,17,6.47,0.16,320,20,3.0,0.21,430,16,5.0,0.18,380,17,3.52,0.17,380,17,1.17,0.21,390,14,0.71,0.2,470
2025-10,4556,6.84,5.39,32,23,102,5,1,0.15,18,8.88,0.16,280,17,7.64,0.15,290,20,6.5,0.17,340,22,2.27,0.14,330,11,3.63,0.16,350,14,2.85,0.15,370
2025-10,4557,4.34,2.39,10,12,92,0,0,0.17,13,7.69,0.13,280,17,2.94,0.19,420,16,2.5,0.17,360,17,1.17,0.17,390,15,0.66,0.18,440,14,0.0,0.19,430
2025-10,4558,3.17,0.96,6,3,93,0,0,0.23,10,5.0,0.19,400,12,1.66,0.22,530,19,0.52,0.22,370,14,0.71,0.23,520,17,0.0,0.21,450,21,0.0,0.29,570
2025-10,4560,5.56,3.61,21,17,105,1,0,0.15,17,8.23,0.15,290,17,5.29,0.12,260,13,3.07,0.15,280,22,2.27,0.13,250,19,2.1,0.15,240,17,1.17,0.19,410
2025-10,4561,5.74,4.24,36,17,125,3,0,0.19,23,7.39,0.19,410,25,3.2,0.2,400,19,4.21,0.16,330,28,4.64,0.21,370,17,2.35,0.22,400,13,2.3,0.18,390
2025-10,4562,4.05,1.69,7,14,124,0,0,0.18,17,6.47,0.14,320,22,1.36,0.19,470,24,1.66,0.18,390,18,0.55,0.18,340,22,0.45,0.19,360,21,0.47,0.2,460
2025-10,4563,3.69,1.53,10,7,111,0,0,0.18,11,6.36,0.11,190,22,1.81,0.17,290,23,1.3,0.2,390,22,0.9,0.16,320,20,0.5,0.19,420,13,0.0,0.21,450
2025-10,4564,4.29,2.12,5,15,94,0,0,0.2,14,5.71,0.19,390,15,3.33,0.23,490,17,2.94,0.19,430,13,1.53,0.21,510,20,0.0,0.21,430,15,0.0,0.19,430
2025-10,4565,4.54,2.35,7,18,106,0,0,0.18,11,5.45,0.19,300,21,3.33,0.19,420,19,3.15,0.18,330,19,0.52,0.17,310,15,2.0,0.16,350,21,0.95,0.2,480
2025-10,4566,6.77,4.53,36,23,130,3,1,0.14,30,9.0,0.13,290,17,4.7,0.15,320,26,4.23,0.15,310,25,1.6,0.12,270,21,3.33,0.16,350,11,1.81,0.15,360
2025-10,4567,3.78,1.44,2,8,69,0,0,0.22,9,3.33,0.19,300,13,2.3,0.19,380,13,2.3,0.22,450,13,0.0,0.23,470,16,0.62,0.24,500,5,0.0,0.23,580
2025-10,4568,5.85,3.36,23,17,119,3,0,0.16,23,8.26,0.15,190,19,2.63,0.15,320,19,2.1,0.16,250,24,2.91,0.15,240,15,2.0,0.19,400,19,1.05,0.19,380
2025-10,4569,0.0,0.0,0,0,0,0,0,0.0,0,0.0,0.0,0,0,0.0,0.0,0,0,0.0,0.0,0,0,0.0,0.0,0,0,0.0,0.0,0,0,0.0,0.0,0
2025-10,4570,6.67,5.13,40,38,152,5,0,0.15,36,7.22,0.16,300,23,5.21,0.18,330,23,5.65,0.14,290,28,6.07,0.13,250,25,2.8,0.14,230,17,1.76,0.15,260
2025-10,4571,6.89,4.9,43,11,110,5,2,0.15,15,6.0,0.17,410,8,2.5,0.15,340,21,5.71,0.16,360,15,6.66,0.13,250,15,5.33,0.16,310,36,3.61,0.15,380
2025-10,4572,5.93,4.09,15,19,83,2,0,0.14,17,6.47,0.13,230,13,6.15,0.15,320,12,4.16,0.15,240,14,2.85,0.13,230,14,2.14,0.15,330,13,2.3,0.15,380
2025-10,4573,7.41,4.48,30,22,116,5,1,0.13,24,9.16,0.13,290,20,4.0,0.14,280,18,4.44,0.13,290,23,3.04,0.14,290,19,2.1,0.13,370,12,2.5,0.16,360
2025-10,4574,4.55,2.46,13,19,130,0,0,0.17,16,5.0,0.18,350,21,3.33,0.17,400,27,3.7,0.14,320,21,2.38,0.18,410,24,0.83,0.19,360,21,0.0,0.17,400
2025-10,4575,6.27,4.57,25,24,107,3,0,0.13,20,9.0,0.12,230,19,4.73,0.13,240,17,4.7,0.13,280,18,3.33,0.12,200,17,2.35,0.14,280,16,2.5,0.18,340
2025-10,4578,6.4,4.67,34,24,124,4,0,0.15,19,8.42,0.13,250,23,6.52,0.15,300,19,3.68,0.13,290,26,4.23,0.15,280,19,4.21,0.16,270,18,0.55,0.17,410
2025-10,4579,6.67,4.69,35,27,132,6,0,0.16,31,8.71,0.16,270,17,4.7,0.21,350,25,4.0,0.16,310,20,3.5,0.16,310,22,4.09,0.12,290,17,0.58,0.15,380
2025-10,4580,5.44,3.93,24,15,99,0,0,0.15,21,10.0,0.15,250,15,3.33,0.15,320,17,1.76,0.17,390,15,2.66,0.14,330,15,4.0,0.13,270,16,0.0,0.17,360
2025-10,4581,6.35,4.63,33,30,136,2,1,0.14,30,8.66,0.15,250,21,5.71,0.16,300,25,3.6,0.15,280,26,2.69,0.15,290,18,3.88,0.12,240,16,1.25,0.12,340
2025-10,4583,5.81,3.73,23,30,142,0,0,0.14,25,9.2,0.12,190,23,3.91,0.15,270,29,4.13,0.12,260,25,1.2,0.13,260,19,1.57,0.14,330,21,1.42,0.17,440
2025-10,4584,7.2,5.8,40,36,131,7,2,0.12,28,9.28,0.12,250,23,5.21,0.13,300,24,5.83,0.11,240,21,5.71,0.11,250,19,3.68,0.11,250,16,3.12,0.12,240
2025-10,4586,7.16,4.79,32,25,119,6,0,0.12,23,9.56,0.1,200,18,3.88,0.14,340,23,4.34,0.12,280,19,2.63,0.11,310,18,5.0,0.14,290,18,2.22,0.13,310
2025-10,4587,5.77,4.28,20,28,112,0,0,0.15,22,8.63,0.13,200,16,5.62,0.17,340,21,3.33,0.13,220,22,4.54,0.15,250,16,1.25,0.15,330,15,0.66,0.18,380
2025-10,4588,6.15,4.22,39,24,149,4,0,0.15,29,8.27,0.13,210,21,3.33,0.14,260,29,4.82,0.14,280,27,3.33,0.15,260,17,3.52,0.16,290,26,1.15,0.18,420
2025-10,4589,5.65,4.41,17,21,86,3,0,0.15,15,8.0,0.14,280,14,5.0,0.15,280,15,3.33,0.16,350,17,4.7,0.13,240,12,4.16,0.15,230,13,0.76,0.19,340
2025-10,4590,7.47,5.74,43,30,127,6,4,0.16,34,9.11,0.14,330,22,5.45,0.17,350,16,6.87,0.17,340,22,3.18,0.15,310,18,5.0,0.17,320,15,2.0,0.19,450
2025-10,4592,4.78,2.43,9,17,107,1,0,0.14,13,6.15,0.11,210,21,3.81,0.16,290,21,2.85,0.13,200,14,1.42,0.16,260,20,1.0,0.15,320,18,0.0,0.15,340
2025-10,4593,5.79,3.66,23,21,120,1,0,0.16,23,9.13,0.13,220,18,3.33,0.17,310,17,4.11,0.12,280,24,2.5,0.19,410,22,0.9,0.17,360,16,1.25,0.2,410
2025-10,4594,6.03,4.23,29,21,118,3,0,0.15,23,7.39,0.13,280,22,5.9,0.15,290,17,4.11,0.13,230,27,2.96,0.14,310,21,2.38,0.18,270,8,0.0,0.18,350
2025-10,4596,6.32,4.19,27,30,136,3,1,0.14,31,6.45,0.15,270,22,5.9,0.14,340,21,4.76,0.13,250,20,3.0,0.12,290,23,2.6,0.15,300,19,1.05,0.14,370
2025-10,4598,6.34,4.67,29,22,109,4,0,0.14,16,8.12,0.13,180,24,5.83,0.13,250,18,6.11,0.11,190,15,3.33,0.13,250,22,2.72,0.17,350,14,1.42,0.16,390
2025-10,4600,5.84,3.66,31,17,131,2,0,0.13,25,8.0,0.13,190,21,4.28,0.15,230,19,4.73,0.13,210,20,3.0,0.11,270,25,0.8,0.13,240,21,0.95,0.13,290
2025-10,4601,6.11,4.19,27,25,124,7,0,0.14,24,8.75,0.13,290,16,5.0,0.16,290,24,4.16,0.12,280,22,2.72,0.11,230,17,3.52,0.15,280,21,0.47,0.14,320
2025-10,4603,5.27,3.15,16,19,111,0,0,0.17,19,8.94,0.15,240,15,4.66,0.17,290,20,3.5,0.17,300,23,0.87,0.18,350,19,1.05,0.17,330,15,0.0,0.19,410
2025-10,4604,7.27,5.19,40,40,154,6,1,0.15,31,8.71,0.12,200,29,6.2,0.16,330,25,3.6,0.15,320,27,5.55,0.15,290,19,3.15,0.16,380,23,2.17,0.14,350
2025-10,4607,5.61,3.62,18,24,116,1,0,0.18,20,8.0,0.17,330,20,3.5,0.2,440,21,5.23,0.15,320,18,1.66,0.19,410,20,2.0,0.2,340,17,0.58,0.21,390
2025-10,4608,5.96,3.91,21,33,138,1,0,0.16,24,6.25,0.13,230,20,6.5,0.17,310,27,4.81,0.18,320,26,3.46,0.15,240,20,1.5,0.14,340,21,0.47,0.18,400
2025-10,4610,5.62,4.38,30,27,130,4,2,0.16,19,7.36,0.17,350,23,5.21,0.16,370,19,4.73,0.13,210,19,5.26,0.16,290,21,3.81,0.17,290,29,1.37,0.16,310
2025-10,4611,6.07,4.46,29,25,121,1,0,0.14,24,7.08,0.13,230,19,7.36,0.14,240,22,2.72,0.12,240,22,4.09,0.15,260,19,2.63,0.16,340,15,2.0,0.14,290
2025-10,4614,6.75,5.12,39,21,117,4,2,0.14,29,8.62,0.14,270,19,6.31,0.15,330,16,5.0,0.15,290,21,5.71,0.11,210,17,1.17,0.16,310,15,0.66,0.14,290
2025-10,4615,4.73,1.93,8,11,98,0,0,0.18,11,4.54,0.15,340,21,0.95,0.15,340,15,1.33,0.15,370,17,2.94,0.21,390,23,2.17,0.2,420,11,0.0,0.21,480
2025-10,4618,4.5,2.71,10,18,103,0,0,0.17,15,4.66,0.14,250,17,4.11,0.2,400,15,2.0,0.15,330,23,3.04,0.17,350,12,2.5,0.19,380,21,0.47,0.18,390
2025-10,4619,5.66,4.39,16,24,91,1,0,0.16,12,7.5,0.15,260,11,3.63,0.16,280,17,6.47,0.18,430,19,4.73,0.15,270,12,3.33,0.13,300,20,1.5,0.17,320
2025-10,4623,5.15,3.0,14,19,110,2,0,0.14,14,5.0,0.17,360,23,5.65,0.12,240,21,2.85,0.13,220,15,2.0,0.15,310,22,1.81,0.15,320,14,0.0,0.15,310
2025-10,4624,6.63,5.1,42,32,145,7,0,0.17,26,8.84,0.17,410,32,4.37,0.17,380,26,6.15,0.21,400,22,5.9,0.15,300,21,2.85,0.16,340,18,1.11,0.18,380
2025-10,4625,4.29,2.13,15,8,108,0,0,0.16,13,6.15,0.12,210,16,1.87,0.19,350,20,2.5,0.16,340,17,1.76,0.18,360,23,0.43,0.16,310,19,1.57,0.15,310
2025-10,4626,4.44,2.36,12,10,93,0,0,0.23,14,5.71,0.18,360,17,3.52,0.2,480,16,3.12,0.21,410,14,1.42,0.23,530,16,0.62,0.26,530,16,0.0,0.29,570
2025-10,4627,5.59,3.68,21,17,103,2,0,0.15,20,6.5,0.15,270,15,7.33,0.19,310,15,3.33,0.15,270,19,2.1,0.15,300,16,1.87,0.14,240,18,1.11,0.16,370
2025-10,4630,5.85,4.26,33,25,136,3,1,0.16,27,6.66,0.19,370,17,2.35,0.17,310,25,5.6,0.15,300,25,4.8,0.15,280,17,2.35,0.18,310,25,2.4,0.17,400
2025-10,4631,4.99,3.33,15,16,93,0,0,0.15,16,7.5,0.13,280,16,1.87,0.17,400,14,2.14,0.14,260,13,3.07,0.16,350,19,3.68,0.15,320,15,1.33,0.15,340
2025-10,4632,4.82,2.41,10,11,87,1,0,0.18,12,6.66,0.16,330,13,2.3,0.17,410,18,1.66,0.19,390,16,1.87,0.2,350,14,2.14,0.17,390,14,0.71,0.19,480
2025-10,4633,5.78,3.33,15,18,99,1,0,0.15,13,8.46,0.11,280,17,2.94,0.15,320,22,3.63,0.14,310,17,2.35,0.17,400,17,2.35,0.16,320,12,0.83,0.2,440
2025-10,4635,4.33,2.08,5,10,72,0,0,0.15,11,3.63,0.19,430,14,2.85,0.14,190,13,4.61,0.13,240,9,1.11,0.15,320,15,0.0,0.14,330,10,0.0,0.15,310
2025-10,4636,3.84,2.14,9,12,98,0,0,0.18,15,4.0,0.21,430,16,3.12,0.19,460,19,2.63,0.19,340,15,2.0,0.13,240,13,0.76,0.17,250,20,0.5,0.21,400
2025-10,4637,5.68,3.8,14,29,113,1,0,0.16,16,6.87,0.17,330,18,4.44,0.15,370,22,4.09,0.15,310,22,4.09,0.13,210,19,2.63,0.16,360,16,0.62,0.19,410
2025-10,4638,4.71,2.77,15,18,119,1,0,0.19,16,3.75,0.19,380,21,4.28,0.19,430,24,2.08,0.17,400,26,3.07,0.16,360,18,1.66,0.23,490,14,1.42,0.21,460
2025-10,4639,4.29,2.4,7,19,108,0,0,0.16,15,6.66,0.14,250,17,2.35,0.15,380,21,3.81,0.17,310,23,1.3,0.17,350,22,0.45,0.17,320,10,0.0,0.17,420
2025-10,4640,5.96,4.15,30,29,142,2,0,0.15,27,8.88,0.14,270,25,3.2,0.16,370,24,3.75,0.15,350,23,4.78,0.15,300,28,1.78,0.14,300,15,1.33,0.14,300
2025-10,4641,4.45,2.54,13,15,110,0,0,0.18,15,5.33,0.17,330,20,3.0,0.17,380,17,4.11,0.16,290,19,2.1,0.17,340,23,0.43,0.19,370,16,1.25,0.2,440
2025-10,4642,6.67,4.95,38,20,117,6,1,0.16,26,9.23,0.14,220,20,5.0,0.17,360,23,4.78,0.16,280,18,5.0,0.16,220,14,1.42,0.16,290,16,1.25,0.16,330
2025-10,4643,6.79,5.18,45,27,139,6,2,0.14,32,8.43,0.14,230,21,6.66,0.12,240,24,4.16,0.13,230,21,4.76,0.13,230,22,4.09,0.15,290,19,1.05,0.16,360
2025-10,4644,5.87,3.92,24,16,102,1,0,0.15,21,7.14,0.15,270,14,2.14,0.18,320,17,5.29,0.14,320,23,2.6,0.13,350,15,4.0,0.16,320,12,0.83,0.15,340
2025-10,4645,6.63,5.18,38,34,139,6,2,0.13,30,9.66,0.12,240,19,5.78,0.13,230,24,4.58,0.13,250,22,3.63,0.14,300,23,3.47,0.12,240,21,2.38,0.14,230
2025-10,4648,4.9,2.28,10,14,105,1,0,0.15,14,5.71,0.15,260,25,2.4,0.18,380,19,2.63,0.17,280,13,1.53,0.14,290,21,1.42,0.12,210,13,0.0,0.14,310
2025-10,4649,5.67,3.59,27,23,139,1,0,0.12,26,8.46,0.12,180,22,4.54,0.13,250,22,2.27,0.14,260,26,3.84,0.11,220,21,0.47,0.11,240,22,0.9,0.12,270
2025-10,4650,6.0,4.21,32,24,133,4,0,0.14,24,7.91,0.12,200,24,6.25,0.12,210,23,4.34,0.16,300,25,2.4,0.12,250,22,2.72,0.13,290,15,0.0,0.17,350
2025-10,4651,4.15,2.19,11,12,105,1,0,0.16,12,5.83,0.18,310,17,2.94,0.16,310,19,3.15,0.17,290,16,0.62,0.14,260,24,1.66,0.16,290,17,0.0,0.18,390
2025-10,4652,5.5,3.54,16,24,113,3,0,0.16,18,6.11,0.18,420,17,5.88,0.15,250,24,3.33,0.13,300,19,2.63,0.15,330,19,3.15,0.16,290,16,0.0,0.2,430
2025-10,4653,6.45,5.1,41,29,137,4,2,0.14,30,9.33,0.13,230,23,6.08,0.15,350,23,5.21,0.15,270,22,3.18,0.12,220,19,3.15,0.15,300,20,1.5,0.17,380
2025-10,4654,6.15,4.63,26,25,110,3,0,0.15,23,8.26,0.14,280,17,5.88,0.15,340,16,5.0,0.14,290,22,3.63,0.15,300,19,2.63,0.16,330,13,0.76,0.18,420
2025-10,4656,4.54,2.28,9,15,105,0,0,0.14,13,3.84,0.14,260,21,2.85,0.15,360,18,2.22,0.12,210,19,2.63,0.14,260,20,1.5,0.16,370,14,0.71,0.15,370
2025-10,4659,7.02,4.68,38,22,128,7,3,0.14,27,9.25,0.15,300,24,4.58,0.14,340,19,4.73,0.15,310,21,3.33,0.12,350,20,3.0,0.15,310,17,1.17,0.15,360
2025-10,4660,3.37,0.52,1,0,19,0,0,0.22,2,5.0,0.15,300,3,0.0,0.33,570,3,0.0,0.19,470,5,0.0,0.23,560,4,0.0,0.22,480,2,0.0,0.13,250
2025-10,4661,4.31,2.12,4,13,80,0,0,0.19,11,5.45,0.15,300,13,3.84,0.21,450,14,2.85,0.18,360,13,1.53,0.2,470,16,0.0,0.17,410,13,0.0,0.22,480
2025-10,4663,1.0,0.0,0,0,3,0,0,0.16,0,0.0,0.0,0,1,0.0,0.07,300,1,0.0,0.1,200,0,0.0,0.0,0,0,0.0,0.0,0,1,0.0,0.3,500
2025-10,4664,3.81,1.39,5,6,79,0,0,0.17,10,3.0,0.14,270,14,2.14,0.17,410,17,1.17,0.16,320,15,1.33,0.17,290,12,0.83,0.23,410,11,0.0,0.18,440
2025-10,4665,3.9,1.68,3,12,89,0,0,0.18,12,5.83,0.15,250,18,1.66,0.18,320,16,0.62,0.2,420,15,2.0,0.17,320,15,0.66,0.18,330,13,0.0,0.19,430
2025-10,4666,3.15,1.27,1,5,47,0,0,0.16,6,6.66,0.14,220,5,2.0,0.19,440,11,0.9,0.16,310,8,0.0,0.14,310,6,0.0,0.17,370,10,0.0,0.15,390
2025-10,4669,4.11,1.79,8,11,106,0,0,0.17,13,6.15,0.12,210,17,1.76,0.17,440,19,1.57,0.16,340,20,2.5,0.17,320,20,0.0,0.21,420,17,0.0,0.18,420
2025-10,4672,4.71,2.61,7,21,107,0,0,0.18,14,6.42,0.16,360,19,3.15,0.2,420,16,1.87,0.2,460,20,1.5,0.19,410,20,2.5,0.2,390,18,1.11,0.15,310
2025-10,4674,5.57,3.8,19,27,121,0,0,0.15,23,5.65,0.17,330,16,4.37,0.16,320,23,3.04,0.14,270,21,4.76,0.13,230,27,2.59,0.13,240,11,1.81,0.15,330
2025-10,4675,5.17,3.22,14,15,90,2,0,0.13,13,6.92,0.15,240,14,2.85,0.15,300,12,4.16,0.15,280,15,4.0,0.09,200,18,2.22,0.12,190,18,0.55,0.12,310
2025-10,4676,4.79,2.4,8,18,108,0,0,0.15,14,5.0,0.13,230,22,1.81,0.15,290,21,4.76,0.14,290,22,2.27,0.16,380,19,0.0,0.17,380,10,0.0,0.19,390
2025-10,4677,5.37,2.93,17,5,75,1,0,0.2,14,7.14,0.18,350,11,4.54,0.19,390,7,4.28,0.18,360,11,1.81,0.2,420,11,0.9,0.18,440,21,0.47,0.23,520
2025-10,4678,5.35,3.13,15,11,83,1,0,0.17,15,8.0,0.16,270,15,3.33,0.18,350,14,2.85,0.15,240,17,2.35,0.17,340,15,0.66,0.16,330,7,0.0,0.21,460
2025-10,4679,6.3,4.65,39,21,129,5,1,0.16,26,6.92,0.14,310,20,5.0,0.17,340,24,5.0,0.15,300,23,3.91,0.16,360,20,4.5,0.16,350,16,1.25,0.19,430
2025-10,4680,5.09,2.69,6,22,104,0,0,0.19,16,4.37,0.17,390,21,2.85,0.2,420,19,2.63,0.16,320,17,1.76,0.22,410,23,2.17,0.2,410,8,2.5,0.21,460
2025-10,4681,3.88,1.52,3,8,72,0,0,0.17,8,3.75,0.11,430,17,2.35,0.19,450,10,1.0,0.13,310,12,1.66,0.17,410,14,0.71,0.17,390,11,0.0,0.22,510
2025-10,4682,6.71,4.33,41,24,150,6,2,0.14,35,8.0,0.14,330,15,4.66,0.13,360,26,4.23,0.12,300,29,3.1,0.11,260,23,4.34,0.15,350,22,0.0,0.16,410
2025-10,4683,4.08,2.27,6,9,66,1,0,0.14,0,0.0,0.0,0,5,4.0,0.14,240,20,3.0,0.14,220,15,3.33,0.13,280,7,1.42,0.12,230,19,0.52,0.16,380
2025-10,4684,5.6,3.56,24,17,115,1,0,0.14,18,7.77,0.12,260,25,3.2,0.16,310,17,4.11,0.13,290,20,2.5,0.17,260,20,2.5,0.15,280,15,1.33,0.12,250
2025-10,4685,7.01,5.44,27,28,101,6,0,0.15,18,8.33,0.15,290,16,5.62,0.14,330,17,7.05,0.16,300,18,6.66,0.16,390,19,2.63,0.16,290,13,1.53,0.15,460
2025-10,4686,7.5,4.87,38,22,123,4,2,0.15,29,8.96,0.14,380,19,4.73,0.14,400,20,5.5,0.15,340,19,4.21,0.13,330,15,2.66,0.17,360,21,0.95,0.14,320
2025-10,4688,6.75,4.67,32,33,139,8,1,0.13,30,8.66,0.14,300,18,6.11,0.15,290,22,5.0,0.14,260,24,3.33,0.13,270,18,2.77,0.11,290,27,1.48,0.13,340
2025-10,4689,5.6,3.95,17,17,86,4,0,0.15,18,8.33,0.15,240,10,2.0,0.19,350,18,5.55,0.13,330,11,3.63,0.13,260,16,0.62,0.15,330,13,1.53,0.19,400
2025-10,4690,0.0,0.0,0,0,0,0,0,0.0,0,0.0,0.0,0,0,0.0,0.0,0,0,0.0,0.0,0,0,0.0,0.0,0,0,0.0,0.0,0,0,0.0,0.0,0
2025-10,4691,4.86,2.45,13,15,114,0,0,0.16,16,6.25,0.15,350,21,2.85,0.18,340,21,3.33,0.13,280,22,0.9,0.18,400,23,0.87,0.16,290,10,1.0,0.16,360
2025-10,4692,4.79,3.01,19,12,103,0,0,0.15,17,6.47,0.14,240,16,2.5,0.16,400,16,2.5,0.19,320,15,1.33,0.17,270,17,2.35,0.15,250,22,2.72,0.13,240
2025-10,4693,4.29,2.03,8,14,108,0,0,0.2,13,4.61,0.18,320,21,2.38,0.21,450,19,2.63,0.19,360,18,2.77,0.2,370,22,0.45,0.22,400,15,0.0,0.18,410
2025-10,4694,4.81,2.69,12,16,104,0,0,0.18,15,6.0,0.2,360,22,3.18,0.2,420,17,1.76,0.2,320,18,3.33,0.16,280,21,1.42,0.16,330,11,0.0,0.15,300
2025-10,4695,4.73,2.5,13,14,108,1,0,0.16,17,5.88,0.16,410,16,2.5,0.17,350,21,1.42,0.17,320,17,2.35,0.15,320,19,2.63,0.17,290,18,0.55,0.13,280
2025-10,4697,4.41,2.52,8,21,115,0,0,0.18,17,5.88,0.14,280,19,1.57,0.17,340,23,2.17,0.19,340,19,3.15,0.17,370,23,1.73,0.18,350,14,0.71,0.19,370
2025-10,4700,6.08,4.4,24,20,100,2,0,0.14,17,8.23,0.15,250,18,4.44,0.15,320,17,3.52,0.15,310,18,4.44,0.15,270,14,5.0,0.12,260,16,0.62,0.13,290
2025-10,4702,6.74,5.11,41,25,129,5,2,0.14,28,7.85,0.13,340,15,6.0,0.13,240,21,6.66,0.14,260,21,3.33,0.14,250,21,3.33,0.15,310,23,3.04,0.12,290
2025-10,4703,5.83,3.94,23,20,109,2,0,0.14,27,7.03,0.13,250,17,3.52,0.16,310,17,5.29,0.14,320,18,2.22,0.13,270,16,3.12,0.14,240,14,0.0,0.16,340
2025-10,4704,6.16,4.2,39,19,138,4,0,0.14,31,8.06,0.13,220,19,4.21,0.14,310,27,4.07,0.14,290,18,5.55,0.13,300,19,2.1,0.15,340,24,0.0,0.14,300
2025-10,4705,4.0,2.22,13,9,99,0,0,0.16,12,5.0,0.17,360,17,2.94,0.16,360,21,2.85,0.15,260,16,2.5,0.15,310,14,0.0,0.19,380,19,0.52,0.18,430
2025-10,4706,5.79,3.82,25,22,123,5,1,0.17,28,7.14,0.18,350,16,3.75,0.18,400,17,2.94,0.15,300,24,2.08,0.17,350,23,3.47,0.17,270,15,2.0,0.15,330
2025-10,4708,4.12,1.54,4,11,97,0,0,0.18,13,3.84,0.12,220,14,1.42,0.2,450,21,1.9,0.18,340,17,1.76,0.18,400,16,0.62,0.18,340,16,0.0,0.2,460
2025-10,4709,5.77,4.04,25,26,126,3,0,0.16,24,7.5,0.15,250,21,4.76,0.16,350,22,3.63,0.15,300,15,5.33,0.14,320,23,2.17,0.14,330,21,0.95,0.2,370
2025-10,4710,6.49,4.93,38,33,144,1,1,0.14,32,9.06,0.13,290,19,4.73,0.15,290,29,4.48,0.15,330,19,3.15,0.13,290,22,4.09,0.14,250,23,2.17,0.15,310
2025-10,4711,5.39,3.23,11,21,99,1,0,0.16,17,7.05,0.15,310,16,4.37,0.16,330,16,3.75,0.14,330,14,2.14,0.15,350,21,1.9,0.18,320,15,0.0,0.17,440
2025-10,4713,6.78,4.96,36,38,149,3,0,0.13,31,8.71,0.13,250,24,5.83,0.13,210,23,4.34,0.13,270,19,4.73,0.14,270,28,3.21,0.13,250,24,2.08,0.11,270
2025-10,4714,4.89,2.88,11,17,97,0,0,0.17,13,6.92,0.16,290,19,4.73,0.17,310,19,1.57,0.15,310,18,2.77,0.16,400,19,1.05,0.18,360,9,0.0,0.17,440
2025-10,4715,6.76,5.16,45,17,120,6,3,0.12,28,7.85,0.11,220,23,6.52,0.13,230,16,5.0,0.13,290,15,5.33,0.1,210,17,3.52,0.12,250,21,1.42,0.12,240
2025-10,4718,5.9,4.22,31,21,123,1,0,0.15,26,8.07,0.14,320,15,2.66,0.15,320,23,4.34,0.15,330,22,4.09,0.14,320,18,2.77,0.14,350,19,1.57,0.15,380
2025-10,4719,7.41,4.96,44,23,135,5,1,0.13,30,9.0,0.12,310,24,7.5,0.12,330,21,3.81,0.13,300,22,1.36,0.14,380,21,3.33,0.16,290,17,2.35,0.12,330
2025-10,4720,4.65,2.22,8,10,81,1,0,0.19,15,5.33,0.17,340,16,2.5,0.19,390,13,2.3,0.23,420,14,2.14,0.18,320,13,0.0,0.18,310,10,0.0,0.18,390
2025-10,4723,4.74,2.71,13,15,103,1,0,0.18,14,5.71,0.2,340,19,3.15,0.18,350,19,2.63,0.19,330,18,2.22,0.18,390,17,2.94,0.14,270,16,0.0,0.17,380
2025-10,4724,3.11,0.68,0,3,44,0,0,0.2,4,2.5,0.19,430,8,2.5,0.21,450,7,0.0,0.16,360,6,0.0,0.2,400,9,0.0,0.21,480,10,0.0,0.22,520
2025-10,4725,4.68,2.15,9,13,102,1,0,0.21,13,6.15,0.19,360,20,1.0,0.24,480,20,2.0,0.17,340,10,3.0,0.2,360,21,1.42,0.2,410,18,1.11,0.22,480
2025-10,4726,5.04,2.88,5,10,52,0,0,0.15,5,6.0,0.14,220,12,4.16,0.15,260,14,2.85,0.16,270,9,1.11,0.15,320,9,2.22,0.12,200,3,0.0,0.14,130
2025-10,4727,5.04,3.06,14,17,101,0,0,0.14,14,4.28,0.17,340,16,5.0,0.16,340,19,3.15,0.12,250,17,2.94,0.12,280,19,3.15,0.16,290,16,0.0,0.14,290
2025-10,4728,4.8,2.93,18,16,116,0,0,0.18,18,8.33,0.16,300,21,2.85,0.17,370,20,3.5,0.18,350,16,1.87,0.18,360,24,0.83,0.18,310,17,0.58,0.18,420
2025-10,4729,4.76,3.06,5,10,49,1,0,0.2,4,5.0,0.17,330,4,5.0,0.14,330,5,4.0,0.18,300,7,2.85,0.15,370,10,5.0,0.19,400,19,1.05,0.25,510
2025-10,4730,5.61,3.64,19,12,85,1,0,0.17,12,7.5,0.15,210,18,5.0,0.15,330,18,4.44,0.13,260,15,2.0,0.19,430,14,1.42,0.18,370,8,0.0,0.23,480
2025-10,4731,5.23,2.97,12,18,101,2,0,0.15,13,6.92,0.16,300,23,3.91,0.16,280,15,2.0,0.15,340,17,3.52,0.16,240,21,1.42,0.14,200,12,0.0,0.15,280
2025-10,4732,6.26,4.74,29,37,139,4,1,0.11,27,8.51,0.11,160,19,4.73,0.11,240,29,4.82,0.11,230,27,4.81,0.09,220,25,2.4,0.11,250,12,0.83,0.13,240
2025-10,4733,5.07,2.8,14,11,89,1,0,0.15,14,6.42,0.14,240,17,2.94,0.16,320,14,4.28,0.17,270,13,2.3,0.16,320,16,0.62,0.12,240,15,0.66,0.15,290
2025-10,4734,6.92,5.2,37,27,123,5,1,0.15,26,7.3,0.14,350,17,7.05,0.15,280,22,6.81,0.16,310,16,5.0,0.15,320,23,3.04,0.16,300,19,1.57,0.16,380
2025-10,4735,4.78,2.7,17,13,111,0,0,0.15,16,5.62,0.15,290,20,2.0,0.19,350,23,3.91,0.11,180,20,3.5,0.14,280,13,0.76,0.16,330,19,0.0,0.14,310
2025-10,4736,7.18,5.6,43,27,125,7,1,0.12,24,9.58,0.12,230,19,6.84,0.11,220,13,6.15,0.1,210,29,5.86,0.11,190,23,3.04,0.13,270,17,1.17,0.15,400
2025-10,4737,6.69,5.12,21,20,80,4,0,0.16,21,7.14,0.18,460,11,6.36,0.19,410,14,4.28,0.17,360,13,4.61,0.12,280,11,2.72,0.16,290,10,4.0,0.13,240
2025-10,4738,5.98,4.33,29,26,127,3,0,0.16,27,8.14,0.15,250,20,4.0,0.18,330,26,5.0,0.17,330,22,3.18,0.16,310,20,2.5,0.15,310,12,0.0,0.16,400
2025-10,4739,6.81,4.82,39,28,139,6,1,0.14,27,8.51,0.16,330,26,3.46,0.16,300,26,7.3,0.13,260,25,3.2,0.14,300,20,3.0,0.15,350,15,1.33,0.14,400
2025-10,4740,4.61,2.36,13,14,114,0,0,0.17,14,5.0,0.15,190,21,3.33,0.17,330,21,2.85,0.16,290,21,1.42,0.18,420,21,0.95,0.17,400,16,1.25,0.21,480
2025-10,4743,6.61,4.92,34,29,128,8,1,0.15,25,7.2,0.15,260,23,6.08,0.15,350,22,8.18,0.14,260,22,3.63,0.16,310,21,1.42,0.16,310,15,1.33,0.15,470
2025-10,4744,4.67,2.09,7,10,81,0,0,0.22,9,3.33,0.25,440,17,3.52,0.19,420,15,2.0,0.24,480,12,2.5,0.2,470,19,1.05,0.2,410,9,0.0,0.28,520
2025-10,4746,6.06,4.07,21,21,103,2,0,0.16,17,7.64,0.16,260,17,6.47,0.14,260,20,2.0,0.16,320,19,5.26,0.15,280,15,0.0,0.13,280,15,2.66,0.19,390
2025-10,4747,4.23,2.05,8,15,112,0,0,0.17,14,4.28,0.18,360,23,3.04,0.12,230,21,2.38,0.16,330,17,1.76,0.14,310,19,0.52,0.19,320,18,0.55,0.21,420
2025-10,4748,6.41,5.25,34,38,137,5,1,0.13,30,9.33,0.13,230,24,7.08,0.13,280,23,3.91,0.17,310,19,4.21,0.11,200,21,1.9,0.12,230,20,3.0,0.13,240
2025-10,4750,4.92,2.84,10,15,88,0,0,0.18,10,6.0,0.14,290,13,4.61,0.16,390,20,3.0,0.17,370,21,1.42,0.18,330,16,1.87,0.21,440,8,1.25,0.23,480
2025-10,4752,4.11,2.0,4,22,130,0,0,0.17,15,4.0,0.16,310,29,2.06,0.16,350,20,2.5,0.19,320,28,2.14,0.17,330,24,1.25,0.18,380,14,0.0,0.18,380
2025-10,4753,4.86,3.03,6,24,99,1,0,0.15,14,7.14,0.16,310,18,3.88,0.17,320,17,2.94,0.14,270,19,1.57,0.14,240,16,1.87,0.12,210,15,1.33,0.15,260
2025-10,4754,6.27,4.74,37,29,139,5,0,0.15,31,7.41,0.15,300,21,4.76,0.16,310,21,7.61,0.15,290,22,3.63,0.14,260,21,2.85,0.16,340,23,1.3,0.18,390
2025-10,4756,2.0,0.0,0,0,4,0,0,0.14,0,0.0,0.0,0,1,0.0,0.2,600,1,0.0,0.01,100,1,0.0,0.19,400,1,0.0,0.15,100,0,0.0,0.0,0
2025-10,4757,6.53,4.96,38,27,131,6,2,0.13,28,9.64,0.13,270,21,5.23,0.16,350,23,3.47,0.13,300,17,3.52,0.12,260,22,2.72,0.14,310,19,3.68,0.12,310
2025-10,4758,6.1,4.19,19,20,93,2,0,0.14,14,7.85,0.1,200,16,6.87,0.14,270,13,4.61,0.11,320,18,2.22,0.16,360,18,3.33,0.15,370,14,0.71,0.19,460
2025-10,4759,7.03,5.22,26,33,113,7,1,0.15,22,8.63,0.12,250,17,5.29,0.15,330,21,4.28,0.13,320,15,6.66,0.17,350,16,4.37,0.16,350,22,2.27,0.18,350
2025-10,4760,7.14,5.31,42,26,128,6,1,0.14,28,8.21,0.15,350,19,4.73,0.15,340,21,6.66,0.14,300,19,4.73,0.13,240,25,4.8,0.13,260,16,0.62,0.13,380
2025-10,4761,5.63,3.51,23,23,131,1,0,0.13,22,6.81,0.13,230,24,3.33,0.15,330,25,6.4,0.12,220,23,1.73,0.14,290,18,1.66,0.11,190,19,0.0,0.15,270
2025-10,4762,7.44,5.63,46,21,119,7,4,0.12,31,9.35,0.12,260,16,3.12,0.14,290,18,6.11,0.11,220,18,5.55,0.13,220,13,3.84,0.11,200,23,3.04,0.12,250
2025-10,4764,5.09,3.2,21,13,106,2,0,0.18,21,6.19,0.16,280,16,1.25,0.19,360,17,5.88,0.18,350,20,2.0,0.18,320,15,2.0,0.18,390,17,1.17,0.17,420
2025-10,4765,5.24,3.29,16,15,94,1,0,0.12,12,6.66,0.12,210,16,5.0,0.14,240,18,3.33,0.14,240,17,2.35,0.11,210,21,1.9,0.11,190,10,1.0,0.12,250
2025-10,4766,3.7,1.84,6,8,76,0,0,0.17,11,3.63,0.2,320,13,2.3,0.13,270,10,2.0,0.16,330,13,3.07,0.15,240,14,0.71,0.19,310,15,0.0,0.2,430
2025-10,4769,5.93,4.0,33,27,150,3,0,0.12,23,8.26,0.1,170,28,4.28,0.13,280,25,4.0,0.12,170,27,4.81,0.12,220,24,1.66,0.12,250,23,0.87,0.12,240
2025-10,4771,6.58,4.59,38,25,137,5,1,0.15,33,8.78,0.15,240,18,7.22,0.14,310,23,4.34,0.14,290,23,2.6,0.16,350,21,1.42,0.16,340,19,1.05,0.14,310
2025-10,4772,6.59,5.08,38,25,124,7,1,0.11,29,8.27,0.09,150,16,5.62,0.13,180,19,4.21,0.12,210,21,5.23,0.12,200,17,4.11,0.1,220,22,1.81,0.11,230
2025-10,4773,5.57,3.69,23,31,146,2,1,0.19,31,7.09,0.17,290,27,4.07,0.19,400,26,5.38,0.18,370,19,1.57,0.22,440,20,2.0,0.18,340,23,0.0,0.2,420
2025-10,4775,5.98,4.53,20,19,86,1,0,0.15,17,8.82,0.15,210,15,4.66,0.14,250,13,3.84,0.11,210,14,3.57,0.15,280,15,3.33,0.16,310,12,1.66,0.19,410
2025-10,4776,6.83,4.7,42,29,151,7,2,0.15,35,9.14,0.13,240,24,4.16,0.15,280,23,3.91,0.15,300,23,3.04,0.15,330,21,5.71,0.15,310,25,0.4,0.16,390
2025-10,4778,4.87,3.33,12,19,93,0,0,0.17,16,3.12,0.13,250,18,4.44,0.17,350,13,4.61,0.18,330,12,4.16,0.18,300,17,2.35,0.16,340,17,1.76,0.18,420
2025-10,4779,4.5,2.28,13,11,105,1,0,0.16,15,4.66,0.14,330,16,3.75,0.18,430,20,2.0,0.15,330,20,1.0,0.14,360,16,1.25,0.15,300,18,1.66,0.19,410
2025-10,4781,5.09,3.07,7,13,65,1,0,0.14,9,6.66,0.13,230,10,4.0,0.12,230,11,2.72,0.1,140,12,1.66,0.17,350,13,2.3,0.15,280,10,2.0,0.18,370
2025-10,4782,4.36,2.16,7,11,83,0,0,0.18,12,5.0,0.15,240,8,2.5,0.17,360,17,2.35,0.17,290,14,2.85,0.16,300,19,1.05,0.19,420,13,0.0,0.25,480
2025-10,4784,4.49,2.47,10,11,85,0,0,0.17,10,4.0,0.14,330,17,3.52,0.16,400,18,3.33,0.19,380,11,0.9,0.18,350,20,2.0,0.18,420,9,0.0,0.19,420
2025-10,4785,4.3,1.48,5,10,101,0,0,0.18,14,2.85,0.16,310,18,2.22,0.2,370,19,3.15,0.18,360,15,0.66,0.18,360,21,0.0,0.17,390,14,0.0,0.21,510
2025-10,4786,6.28,4.46,37,17,121,4,1,0.13,27,8.14,0.14,230,20,6.0,0.14,280,20,5.0,0.14,320,19,3.15,0.12,260,17,1.76,0.14,260,18,0.55,0.12,300
2025-10,4787,6.94,4.67,38,27,139,5,1,0.13,28,7.85,0.12,200,20,6.5,0.13,290,24,5.0,0.13,320,26,3.46,0.13,280,21,2.38,0.14,280,20,2.0,0.15,320
2025-10,4788,5.8,3.9,24,31,141,5,0,0.15,27,8.14,0.14,270,25,4.8,0.15,300,25,4.4,0.14,290,21,2.85,0.15,310,25,1.6,0.15,320,18,0.0,0.17,410
2025-10,4789,5.48,3.58,15,18,92,0,0,0.17,13,6.92,0.13,280,15,4.66,0.17,300,19,4.21,0.18,290,19,2.63,0.17,340,16,2.5,0.17,330,10,0.0,0.18,390
2025-10,4790,5.82,3.93,27,23,127,1,0,0.16,26,8.46,0.15,270,20,4.0,0.18,350,20,4.0,0.14,310,24,2.5,0.16,360,17,1.76,0.17,250,20,1.5,0.19,400
2025-10,4791,6.16,4.78,23,32,115,1,0,0.17,22,6.81,0.14,240,20,5.0,0.15,250,17,7.64,0.17,320,21,3.81,0.16,270,18,2.77,0.19,340,17,2.35,0.22,440
2025-10,4792,5.54,3.62,12,17,80,0,0,0.16,14,7.85,0.12,210,10,2.0,0.16,280,15,4.0,0.16,290,20,3.0,0.18,340,14,2.14,0.18,380,7,1.42,0.13,280
2025-10,4793,5.91,4.29,30,28,135,4,0,0.14,23,6.95,0.14,260,22,4.54,0.13,240,25,5.2,0.14,260,18,3.88,0.15,350,27,3.7,0.14,260,20,1.0,0.13,390
2025-10,4794,6.79,5.03,38,28,131,6,1,0.13,26,9.61,0.13,200,21,5.23,0.15,270,29,5.51,0.13,260,18,3.88,0.14,250,22,2.27,0.11,240,15,1.33,0.13,310
2025-10,4796,6.18,4.22,37,20,135,3,1,0.13,29,8.96,0.12,230,20,3.5,0.14,320,20,3.5,0.13,210,24,4.58,0.12,250,22,0.9,0.13,310,20,2.0,0.12,230
2025-10,4797,5.98,4.08,31,20,125,2,0,0.15,23,7.39,0.15,300,22,5.9,0.15,350,17,3.52,0.15,310,21,3.81,0.16,260,21,2.38,0.14,280,21,0.95,0.15,420
2025-10,4798,6.6,4.69,34,28,132,5,0,0.13,28,9.28,0.12,230,23,6.08,0.12,280,21,4.76,0.13,220,16,3.12,0.13,240,22,1.81,0.13,240,22,1.36,0.15,320
2025-10,4803,3.43,1.03,3,7,97,0,0,0.19,10,5.0,0.14,290,20,2.0,0.22,420,17,0.0,0.18,420,17,0.0,0.18,380,17,0.58,0.17,380,16,0.0,0.23,520
2025-10,4804,6.5,4.6,28,19,102,2,0,0.17,21,7.14,0.16,320,15,6.0,0.18,350,20,5.0,0.15,340,18,3.33,0.17,370,16,2.5,0.18,380,12,2.5,0.2,460
2025-10,4808,6.58,4.86,38,34,148,6,0,0.16,30,8.33,0.15,300,26,6.15,0.15,300,24,5.41,0.16,260,22,3.63,0.19,340,28,3.21,0.16,320,18,0.55,0.18,400
2025-10,4809,5.55,3.61,12,18,83,3,1,0.17,13,6.15,0.19,400,13,4.61,0.15,300,15,2.66,0.19,360,17,5.29,0.14,230,14,1.42,0.17,340,11,0.9,0.17,320
2025-10,4811,4.93,2.97,19,22,138,0,0,0.16,18,4.44,0.15,280,25,2.4,0.18,360,27,4.81,0.15,240,24,4.16,0.16,320,23,1.3,0.18,340,21,0.47,0.18,370
2025-10,4812,7.11,6.23,30,28,93,4,1,0.13,17,10.0,0.13,250,15,6.66,0.13,310,16,5.62,0.12,180,18,5.0,0.12,240,19,5.78,0.12,210,8,2.5,0.16,430
2025-10,4813,3.96,1.81,10,9,105,1,0,0.18,15,6.0,0.18,310,20,2.0,0.2,410,19,1.05,0.17,370,17,1.76,0.19,320,22,0.45,0.18,340,12,0.0,0.17,340
2025-10,4815,5.7,3.81,13,19,84,3,0,0.18,12,4.16,0.2,370,15,3.33,0.15,380,15,6.0,0.18,380,13,3.84,0.16,290,15,4.0,0.19,370,14,1.42,0.18,390
2025-10,4816,5.72,3.73,20,17,99,3,0,0.15,19,7.89,0.16,350,14,3.57,0.16,300,11,4.54,0.12,200,19,4.21,0.11,190,16,1.25,0.16,280,20,1.0,0.17,320
2025-10,4817,5.65,4.03,20,22,104,4,0,0.13,19,7.89,0.11,200,15,4.66,0.12,250,17,5.29,0.13,320,17,4.7,0.13,270,16,1.25,0.14,220,20,0.5,0.16,340
2025-10,4818,4.81,4.37,3,4,16,0,0,0.11,1,0.0,0.34,500,0,0.0,0.0,0,2,5.0,0.07,100,7,8.57,0.08,130,4,0.0,0.08,100,2,0.0,0.14,250
2025-10,4819,5.86,4.2,21,24,107,2,0,0.16,18,8.33,0.14,220,19,5.78,0.18,290,18,5.0,0.15,210,15,4.66,0.15,280,22,0.9,0.15,300,15,0.66,0.19,450
2025-10,4821,5.1,3.06,19,19,124,0,0,0.18,21,7.61,0.17,430,20,1.5,0.21,460,19,2.1,0.19,420,22,3.63,0.16,340,22,1.36,0.18,360,20,2.0,0.16,350
2025-10,4822,5.94,4.09,26,33,144,2,0,0.17,29,8.96,0.12,220,23,5.65,0.15,370,24,3.33,0.18,360,26,3.07,0.17,370,22,1.36,0.19,400,20,0.5,0.21,540
2025-10,4823,6.62,4.64,28,18,99,3,0,0.15,20,8.5,0.14,320,17,5.88,0.15,290,17,5.29,0.13,220,15,4.0,0.15,300,15,1.33,0.15,280,15,1.33,0.16,360
2025-10,4824,6.56,4.54,43,22,143,4,0,0.12,28,7.85,0.14,230,23,4.34,0.13,230,26,3.84,0.09,170,25,5.6,0.11,220,22,3.18,0.11,250,19,1.05,0.14,380
2025-10,4825,6.72,5.19,30,24,104,4,1,0.12,22,7.72,0.14,250,16,5.0,0.09,170,16,5.0,0.12,210,19,3.68,0.12,230,19,4.21,0.11,180,12,5.0,0.12,300
2025-10,4826,7.1,5.54,56,30,155,9,2,0.13,37,9.45,0.14,260,21,7.14,0.14,290,31,4.51,0.12,230,26,4.61,0.13,270,18,2.77,0.15,310,22,2.27,0.14,330
2025-10,4828,6.49,4.33,37,22,136,5,0,0.13,26,7.3,0.13,240,24,6.25,0.14,290,19,4.73,0.12,250,23,2.17,0.1,230,24,2.91,0.13,310,20,2.0,0.18,470
2025-10,4831,6.76,4.19,24,15,93,2,0,0.15,22,7.27,0.15,330,14,4.28,0.14,450,10,6.0,0.15,250,15,3.33,0.16,400,14,2.14,0.13,260,18,1.66,0.16,400
2025-10,4832,6.86,5.08,40,20,118,4,1,0.15,25,7.2,0.13,260,17,5.88,0.16,380,19,4.21,0.16,290,20,6.0,0.14,240,16,3.75,0.14,290,21,2.85,0.15,340
2025-10,4834,5.83,4.06,29,21,123,3,0,0.14,20,9.0,0.13,280,22,5.9,0.14,290,21,3.33,0.14,320,23,3.47,0.14,240,22,0.9,0.15,300,15,1.33,0.18,390
2025-10,4835,4.74,2.08,8,18,125,0,0,0.15,15,5.33,0.15,300,23,1.3,0.16,320,24,2.5,0.15,300,24,2.08,0.15,340,22,1.81,0.15,270,17,0.0,0.15,340
2025-10,4836,3.95,2.03,7,5,59,0,0,0.2,9,3.33,0.25,440,10,3.0,0.22,420,9,1.11,0.21,440,10,3.0,0.19,340,8,1.25,0.19,350,13,0.76,0.18,450
2025-10,4837,4.67,2.77,10,20,108,1,0,0.15,14,6.42,0.16,290,19,3.15,0.16,350,23,2.6,0.13,240,20,2.5,0.15,320,18,1.66,0.17,360,14,0.71,0.17,420
2025-10,4839,5.87,4.37,21,31,119,1,0,0.12,22,7.27,0.12,310,20,4.0,0.15,370,17,5.29,0.11,260,23,3.47,0.11,210,20,3.0,0.13,280,17,2.94,0.12,340
2025-10,4840,5.08,3.3,14,23,112,0,0,0.16,17,8.23,0.13,260,20,5.0,0.15,320,19,2.1,0.16,290,16,1.87,0.17,360,21,1.9,0.18,380,19,1.05,0.18,420
2025-10,4842,5.57,3.65,12,26,104,1,0,0.17,17,7.05,0.16,380,15,4.66,0.16,360,18,5.55,0.17,360,26,1.92,0.16,340,11,0.9,0.17,300,17,1.76,0.18,400
2025-10,4843,5.77,3.84,7,8,39,0,0,0.13,5,6.0,0.17,280,8,5.0,0.14,310,6,5.0,0.13,220,7,2.85,0.11,300,8,2.5,0.14,290,5,2.0,0.11,280
2025-10,4844,4.31,1.85,6,14,108,0,0,0.17,14,4.28,0.16,310,24,2.91,0.16,330,22,2.27,0.17,350,17,0.58,0.17,280,18,0.0,0.18,400,13,0.76,0.2,420
2025-10,4845,6.79,5.26,35,25,114,3,0,0.15,25,7.2,0.16,260,20,7.5,0.14,230,15,6.66,0.14,200,21,4.76,0.18,280,17,3.52,0.1,250,16,0.62,0.17,330
2025-10,4846,3.3,1.6,5,9,87,0,0,0.17,12,5.0,0.13,310,12,2.5,0.18,400,16,1.25,0.16,340,17,0.58,0.19,380,15,0.66,0.16,390,15,0.66,0.2,430
2025-10,4847,6.63,4.08,31,16,115,5,1,0.13,23,7.82,0.14,280,18,4.44,0.14,340,21,4.76,0.11,240,15,3.33,0.12,280,19,1.57,0.12,300,19,1.57,0.16,450
2025-10,4848,7.26,5.37,30,35,121,6,4,0.15,28,9.28,0.13,310,17,7.05,0.14,310,15,4.66,0.15,330,17,3.52,0.16,340,24,2.91,0.15,330,20,3.5,0.17,370
2025-10,4850,6.56,4.88,25,19,90,3,1,0.12,18,7.77,0.14,260,16,6.25,0.12,230,10,5.0,0.12,270,16,5.62,0.1,150,14,1.42,0.11,260,16,2.5,0.14,260
2025-10,4851,7.43,4.88,34,28,127,6,0,0.14,23,8.69,0.14,320,24,5.41,0.13,340,21,2.85,0.15,330,20,4.0,0.14,330,24,5.41,0.13,340,15,1.33,0.13,310
2025-10,4852,6.55,4.8,40,20,125,3,0,0.15,26,8.46,0.16,270,18,3.33,0.12,280,21,5.71,0.13,270,20,4.5,0.16,310,20,3.5,0.16,330,20,2.0,0.17,430
2025-10,4853,4.74,2.58,6,10,62,1,0,0.19,8,6.25,0.22,310,13,3.84,0.18,390,11,0.9,0.17,350,13,3.07,0.2,480,10,1.0,0.15,320,6,0.0,0.21,470
2025-10,4854,4.8,2.66,4,4,30,0,0,0.18,5,4.0,0.17,380,6,5.0,0.18,400,4,0.0,0.19,380,6,1.66,0.18,430,4,0.0,0.18,280,5,4.0,0.16,300
2025-10,4856,6.61,4.96,42,36,157,6,2,0.14,36,8.33,0.14,290,21,6.19,0.16,340,25,5.2,0.13,330,25,5.6,0.12,270,28,2.14,0.15,300,22,0.9,0.13,310
2025-10,4857,6.39,5.22,27,30,109,4,0,0.16,18,9.44,0.15,320,16,8.75,0.14,290,20,6.0,0.16,280,11,4.54,0.16,350,24,3.33,0.17,390,20,0.5,0.19,460
2025-10,4861,4.92,3.08,12,21,107,0,0,0.18,16,6.25,0.18,330,14,5.0,0.19,400,14,1.42,0.2,430,17,4.11,0.19,380,15,2.66,0.17,400,31,0.96,0.18,380
2025-10,4863,4.09,2.53,7,10,67,0,0,0.15,5,6.0,0.15,300,10,2.0,0.16,390,11,4.54,0.15,310,8,1.25,0.18,400,17,2.35,0.15,340,16,1.25,0.13,280
2025-10,4864,4.66,2.92,15,16,106,0,0,0.14,18,7.77,0.15,220,19,3.15,0.14,290,17,2.35,0.12,290,20,2.5,0.13,280,17,1.17,0.15,290,15,0.0,0.15,310
2025-10,4865,4.49,2.38,11,10,88,0,0,0.17,11,6.36,0.16,280,21,2.85,0.18,390,19,2.63,0.18,370,14,1.42,0.18,350,9,0.0,0.14,280,14,0.71,0.17,340
2025-10,4866,4.51,2.52,10,15,99,0,0,0.16,12,6.66,0.15,230,17,2.94,0.18,410,18,3.88,0.14,190,18,2.22,0.16,340,17,0.0,0.16,360,17,0.58,0.19,420
2025-10,4871,4.92,3.29,10,22,97,0,0,0.17,13,6.15,0.15,320,19,3.68,0.16,350,19,4.73,0.15,300,15,3.33,0.18,360,19,1.57,0.21,400,12,0.0,0.18,480
2025-10,4872,5.03,3.17,19,20,123,0,0,0.16,22,5.45,0.14,290,21,3.33,0.15,290,23,3.91,0.16,320,26,3.07,0.16,320,17,1.17,0.16,390,14,0.71,0.19,460
2025-10,4873,6.09,3.87,27,18,116,2,0,0.18,26,7.69,0.18,340,22,5.45,0.16,380,16,3.12,0.18,390,24,2.91,0.19,430,17,0.58,0.2,450,11,0.0,0.21,520
2025-10,4874,4.75,2.68,7,11,67,0,0,0.14,13,4.61,0.15,340,33,2.42,0.12,250,18,2.22,0.15,270,1,0.0,0.15,100,1,0.0,0.2,300,1,0.0,0.22,400
2025-10,4875,4.84,3.17,13,21,107,0,0,0.18,14,5.71,0.14,290,22,3.63,0.17,330,18,5.0,0.15,270,19,2.63,0.17,320,17,1.17,0.21,380,17,1.17,0.24,490
2025-10,4876,4.7,2.92,13,18,106,0,0,0.18,16,5.0,0.15,380,19,4.21,0.17,330,21,2.85,0.2,390,16,3.12,0.19,360,20,2.0,0.17,360,14,0.0,0.18,440
2025-10,4877,6.41,5.35,34,34,127,7,1,0.13,25,9.2,0.14,220,20,5.5,0.09,190,19,6.84,0.14,260,19,5.78,0.12,210,21,3.33,0.14,240,21,1.42,0.12,220
2025-10,4878,4.93,2.83,10,11,74,0,0,0.17,12,5.83,0.18,330,13,2.3,0.17,360,12,4.16,0.16,320,16,2.5,0.15,330,11,1.81,0.19,340,10,0.0,0.16,300
2025-10,4879,4.51,2.85,10,24,119,1,0,0.16,19,4.73,0.16,340,20,4.5,0.18,380,20,4.0,0.15,300,18,3.88,0.15,260,18,0.55,0.13,280,24,0.0,0.2,370
2025-10,4880,4.96,2.81,7,20,96,0,0,0.17,15,6.0,0.16,370,12,2.5,0.17,310,10,6.0,0.18,410,14,2.85,0.16,340,23,1.73,0.16,370,22,0.45,0.18,400
2025-10,4882,4.43,2.06,9,10,92,0,0,0.2,12,1.66,0.25,440,19,3.15,0.21,440,21,2.38,0.18,380,10,3.0,0.2,370,20,1.5,0.2,440,10,0.0,0.16,420
2025-10,4883,5.41,3.48,20,10,86,2,0,0.17,16,8.12,0.15,290,14,3.57,0.2,440,15,3.33,0.16,300,14,2.14,0.16,280,19,2.1,0.15,360,8,0.0,0.2,340
2025-10,4884,5.34,3.46,20,23,124,2,1,0.15,22,7.27,0.14,300,23,4.34,0.14,250,21,3.33,0.15,280,19,2.63,0.15,350,23,2.17,0.15,300,16,0.0,0.16,420
2025-10,4885,5.89,4.21,4,4,19,0,0,0.16,4,7.5,0.14,270,3,3.33,0.16,370,2,5.0,0.23,150,5,2.0,0.15,300,3,3.33,0.13,230,2,5.0,0.17,350
2025-10,4886,7.83,6.3,44,31,119,9,2,0.14,31,9.67,0.14,250,20,4.5,0.15,270,15,6.0,0.14,300,17,5.88,0.12,220,17,6.47,0.17,320,19,3.15,0.15,330
2025-10,4887,4.69,2.83,18,18,127,0,0,0.15,22,6.81,0.16,280,19,3.15,0.18,230,22,3.18,0.13,260,20,2.0,0.14,220,26,1.53,0.14,290,18,0.0,0.16,360
2025-10,4888,4.71,2.6,15,15,115,1,0,0.21,22,5.9,0.23,430,17,2.35,0.18,430,17,2.94,0.21,480,26,2.3,0.2,410,23,0.87,0.2,430,10,0.0,0.21,540
2025-10,4889,4.77,2.97,13,12,84,0,0,0.15,14,7.14,0.15,380,13,1.53,0.18,320,17,4.11,0.16,290,12,2.5,0.15,320,15,2.0,0.14,240,13,0.0,0.15,300
2025-10,4890,5.1,3.25,16,27,132,2,0,0.13,19,6.31,0.13,250,21,4.28,0.12,250,24,2.5,0.16,370,23,2.17,0.11,230,23,3.04,0.12,210,22,1.81,0.13,270
2025-10,4891,4.83,2.63,13,16,110,0,0,0.15,20,6.5,0.15,300,22,3.18,0.17,350,18,2.77,0.14,280,19,1.57,0.12,250,16,0.0,0.15,340,15,0.66,0.19,340
2025-10,4892,5.24,3.16,14,17,98,1,0,0.18,15,6.66,0.17,380,18,2.22,0.2,440,16,4.37,0.18,370,17,2.94,0.17,350,17,2.35,0.18,320,15,0.66,0.2,530
2025-10,4893,5.01,3.44,8,23,90,1,0,0.17,12,7.5,0.17,310,17,5.29,0.18,370,18,2.22,0.17,240,17,2.94,0.17,270,11,2.72,0.13,250,15,0.66,0.17,320
2025-10,4894,3.93,1.85,7,13,108,0,0,0.22,13,7.69,0.2,420,19,1.05,0.19,480,17,1.17,0.2,450,23,2.17,0.24,450,22,0.45,0.23,490,14,0.0,0.29,540
2025-10,4895,4.94,2.4,17,13,125,0,0,0.15,19,5.26,0.15,310,19,2.1,0.18,340,23,3.04,0.14,270,24,1.66,0.17,320,25,1.2,0.15,330,15,1.33,0.14,280
2025-10,4896,4.24,2.2,15,13,127,0,0,0.19,18,6.11,0.17,340,21,1.42,0.2,420,26,3.46,0.19,360,19,0.0,0.18,350,21,1.9,0.17,370,22,0.45,0.21,520
2025-10,4897,4.87,2.89,3,8,38,0,0,0.2,6,6.66,0.18,330,6,1.66,0.2,400,9,2.22,0.22,380,6,3.33,0.2,320,7,2.85,0.18,360,4,0.0,0.19,330
2025-10,4898,4.43,2.21,10,11,95,0,0,0.16,14,5.0,0.17,360,18,2.22,0.13,150,13,0.76,0.15,280,15,2.66,0.13,220,17,1.76,0.14,240,18,1.11,0.21,450
2025-10,4899,4.53,2.74,10,18,102,1,0,0.15,12,5.83,0.14,290,21,2.85,0.17,320,20,4.0,0.14,310,19,1.57,0.15,330,18,1.66,0.15,330,12,0.83,0.15,260
2025-10,4900,5.7,3.93,22,24,117,4,1,0.18,22,8.18,0.18,270,16,3.12,0.2,390,23,4.78,0.16,340,22,3.18,0.17,360,18,1.66,0.19,370,16,1.25,0.19,440
2025-10,4901,4.46,2.03,6,5,54,0,0,0.19,8,5.0,0.2,400,11,1.81,0.21,350,9,3.33,0.17,320,9,1.11,0.15,220,11,0.9,0.2,280,6,0.0,0.17,400
2025-10,4902,4.63,3.04,16,23,128,0,0,0.17,17,5.88,0.16,290,23,4.78,0.19,410,20,2.5,0.17,320,27,3.33,0.16,330,26,1.53,0.17,350,15,0.0,0.19,430
2025-10,4903,6.49,4.66,42,27,148,7,2,0.15,28,7.85,0.16,250,28,5.71,0.13,280,27,5.18,0.16,290,23,2.17,0.15,260,21,3.81,0.15,270,21,1.9,0.17,300
2025-10,4904,5.62,3.33,18,16,102,3,0,0.17,14,5.71,0.15,360,18,5.0,0.16,330,18,4.44,0.16,320,19,3.15,0.17,330,19,1.05,0.18,380,14,0.71,0.18,440
2025-10,4905,3.95,1.78,7,10,95,0,0,0.18,12,4.16,0.17,330,22,2.27,0.16,360,14,2.14,0.16,310,12,2.5,0.18,400,20,0.5,0.19,410,15,0.0,0.18,440
2025-10,4906,5.37,3.35,16,31,140,0,0,0.14,22,7.72,0.15,240,25,3.6,0.15,350,24,4.16,0.15,330,23,2.17,0.13,260,25,1.6,0.13,250,21,0.95,0.16,390
2025-10,4907,7.36,5.92,54,36,152,9,2,0.13,37,9.18,0.13,230,28,5.35,0.14,340,22,5.9,0.14,330,21,5.71,0.11,250,22,4.54,0.12,290,22,2.72,0.16,340
2025-10,4908,7.36,6.26,50,32,131,8,5,0.14,33,9.69,0.12,230,22,6.81,0.14,310,25,6.0,0.13,250,21,5.71,0.14,260,14,2.85,0.13,360,16,2.5,0.17,310
2025-10,4909,5.15,3.47,15,18,95,0,0,0.15,14,7.14,0.13,220,18,5.0,0.16,280,17,4.11,0.12,190,16,2.5,0.15,260,15,1.33,0.15,330,15,0.66,0.19,390
2025-10,4910,7.23,5.77,47,31,135,8,1,0.15,33,8.78,0.14,240,20,6.5,0.12,260,27,5.92,0.16,290,21,6.19,0.15,370,17,3.52,0.13,280,17,0.58,0.18,430
2025-10,4911,4.45,1.9,8,8,84,0,0,0.14,10,5.0,0.17,460,16,1.87,0.16,330,13,3.07,0.13,240,15,1.33,0.15,280,16,1.25,0.1,230,14,0.0,0.13,260
2025-10,4914,7.76,5.78,37,29,114,7,1,0.11,23,10.0,0.11,200,15,7.33,0.11,250,19,5.26,0.12,270,24,5.41,0.11,270,18,2.77,0.13,310,15,2.66,0.1,290
2025-10,4917,4.51,2.24,9,15,107,0,0,0.17,15,6.0,0.21,410,16,2.5,0.17,440,24,2.5,0.16,350,21,1.9,0.19,300,17,0.0,0.15,290,14,0.71,0.14,310
2025-10,4918,4.94,2.59,16,17,127,1,0,0.15,14,7.14,0.13,290,22,4.54,0.17,330,23,2.17,0.15,260,26,1.53,0.14,220,29,1.37,0.15,310,13,0.0,0.18,410
2025-10,4919,5.37,3.5,18,22,114,0,0,0.14,17,8.23,0.14,210,18,5.0,0.14,230,24,2.91,0.13,220,15,0.66,0.12,190,21,2.85,0.12,220,19,1.57,0.17,360
2025-10,4924,4.17,1.71,5,13,105,0,0,0.18,14,5.0,0.19,340,21,3.33,0.14,310,21,0.47,0.16,330,18,0.0,0.2,380,21,1.42,0.2,350,10,0.0,0.21,510
2025-10,4925,6.04,3.75,29,24,141,2,0,0.12,25,7.2,0.14,240,23,3.04,0.15,310,27,4.07,0.12,240,27,4.07,0.12,240,22,1.36,0.12,250,17,1.76,0.11,210
2025-10,4926,6.5,5.41,35,17,96,5,1,0.14,19,7.36,0.11,210,10,7.0,0.15,300,20,7.0,0.15,250,18,6.11,0.13,290,15,2.0,0.16,330,14,2.14,0.16,350
2025-10,4927,5.99,4.22,24,28,123,3,0,0.16,24,7.08,0.17,310,24,4.58,0.16,370,22,5.0,0.16,290,17,4.7,0.14,290,21,2.38,0.15,300,15,0.0,0.19,410
2025-10,4928,7.02,5.31,45,23,128,6,2,0.14,29,8.62,0.15,260,15,6.66,0.15,290,28,5.0,0.13,250,22,5.45,0.15,250,18,2.77,0.14,340,16,1.25,0.15,340
2025-10,4930,5.97,4.23,24,26,118,3,0,0.14,15,7.33,0.13,270,20,5.0,0.15,360,22,4.54,0.16,280,21,5.23,0.11,230,17,2.94,0.13,280,23,1.3,0.17,340
2025-10,4931,6.49,4.34,36,27,145,0,0,0.14,31,7.41,0.11,220,29,5.17,0.14,320,20,5.5,0.15,310,25,2.4,0.14,270,21,1.42,0.16,370,19,2.63,0.17,440
2025-10,4932,6.89,4.75,35,24,124,5,2,0.15,28,8.92,0.13,320,23,3.91,0.17,350,16,5.0,0.13,310,20,4.5,0.15,380,19,2.63,0.14,360,18,1.66,0.15,390
2025-10,4933,7.05,5.08,36,26,122,4,0,0.13,26,8.84,0.11,260,22,5.0,0.15,320,20,7.0,0.12,220,21,2.38,0.14,260,20,3.0,0.12,270,13,2.3,0.17,440
2025-10,4934,5.82,3.94,29,27,142,3,0,0.15,29,8.27,0.13,240,23,5.21,0.15,330,22,4.09,0.15,370,23,2.17,0.15,330,25,2.4,0.16,370,20,0.0,0.15,380
2025-10,4936,5.48,3.55,21,11,90,1,1,0.17,17,7.64,0.16,290,15,3.33,0.15,310,16,3.12,0.17,340,16,1.87,0.15,270,10,3.0,0.22,380,16,1.87,0.21,420
2025-10,4938,6.37,4.28,34,17,119,4,0,0.15,22,9.09,0.13,290,22,4.09,0.15,320,23,5.65,0.15,330,17,2.94,0.15,320,18,2.22,0.16,320,17,0.0,0.16,360
2025-10,4939,7.06,5.76,45,23,118,7,5,0.14,32,9.06,0.12,230,22,4.09,0.16,350,13,5.38,0.14,260,12,6.66,0.12,240,18,4.44,0.14,280,21,3.33,0.15,280
2025-10,4940,2.61,0.54,1,3,74,0,0,0.18,11,0.9,0.2,390,10,1.0,0.16,370,10,0.0,0.16,270,14,0.71,0.19,370,10,0.0,0.14,300,19,0.52,0.19,420
2025-10,4941,4.15,2.27,8,10,79,0,0,0.22,6,5.0,0.21,440,16,3.12,0.22,490,13,4.61,0.21,410,16,0.62,0.25,540,19,1.05,0.22,450,9,1.11,0.21,500
2025-10,4942,5.72,3.11,16,13,93,1,0,0.14,12,8.33,0.17,380,16,5.62,0.13,340,16,1.87,0.17,280,20,1.0,0.12,230,15,2.0,0.12,210,14,1.42,0.14,290
2025-10,4943,4.56,2.43,12,14,107,0,0,0.14,14,3.57,0.15,390,20,3.5,0.14,280,21,1.42,0.11,200,17,3.52,0.12,280,16,3.12,0.14,250,19,0.0,0.2,360
2025-10,4944,4.25,1.94,9,11,103,0,0,0.15,11,4.54,0.13,300,15,1.33,0.15,300,23,3.04,0.14,240,20,1.0,0.17,330,15,2.0,0.15,300,19,0.52,0.18,450
2025-10,4945,3.94,1.66,9,8,102,0,0,0.19,13,2.3,0.18,390,18,1.11,0.19,410,14,4.28,0.2,440,26,1.15,0.2,410,16,1.25,0.21,410,15,0.66,0.18,450
2025-10,4947,4.69,2.03,7,15,108,0,0,0.19,13,2.3,0.21,410,20,3.0,0.23,500,20,3.0,0.2,410,21,0.47,0.18,380,18,1.11,0.16,340,16,2.5,0.16,310
2025-10,4948,5.47,3.76,21,23,117,0,0,0.14,20,7.5,0.14,260,21,4.76,0.15,300,19,3.15,0.13,270,18,5.0,0.13,260,21,0.95,0.15,350,18,1.11,0.15,340
2025-10,4949,6.86,5.25,37,36,139,3,0,0.15,31,8.71,0.14,290,25,5.2,0.16,340,22,4.54,0.17,280,23,5.65,0.16,290,22,3.18,0.13,310,16,1.87,0.16,340
2025-10,4950,5.64,3.8,24,19,113,1,0,0.17,19,7.89,0.17,400,18,5.55,0.16,380,18,3.33,0.17,360,19,2.63,0.17,340,27,1.85,0.16,310,12,1.66,0.19,400
2025-10,4951,5.04,2.71,16,12,103,0,0,0.14,18,6.66,0.15,270,13,0.76,0.14,300,16,3.12,0.16,310,21,2.38,0.14,260,21,2.38,0.12,220,14,0.0,0.18,370
2025-10,4952,4.26,1.95,9,10,97,0,0,0.16,12,6.66,0.14,300,17,1.17,0.16,380,19,2.1,0.15,340,15,2.0,0.14,340,20,1.0,0.16,340,14,0.0,0.21,490
2025-10,4953,6.66,5.0,42,28,140,5,1,0.14,25,8.4,0.15,280,27,5.55,0.14,310,26,3.84,0.15,330,24,5.0,0.15,270,19,2.63,0.15,320,19,3.68,0.14,320
2025-10,4954,0.0,0.0,0,0,0,0,0,0.0,0,0.0,0.0,0,0,0.0,0.0,0,0,0.0,0.0,0,0,0.0,0.0,0,0,0.0,0.0,0,0,0.0,0.0,0
2025-10,4956,4.25,1.92,4,6,52,0,0,0.18,7,4.28,0.16,330,11,1.81,0.18,380,9,3.33,0.19,400,9,1.11,0.19,310,12,0.83,0.15,340,4,0.0,0.19,300
2025-10,4957,5.1,3.3,19,19,115,2,2,0.17,16,6.87,0.17,340,19,3.68,0.15,390,26,4.23,0.16,280,19,3.15,0.16,320,18,1.66,0.18,330,17,0.0,0.22,440
2025-10,4958,5.88,3.74,30,19,131,2,0,0.14,25,7.2,0.14,240,22,4.09,0.15,320,21,4.76,0.14,230,22,4.54,0.13,240,19,1.05,0.13,320,22,0.0,0.16,390
2025-10,4959,7.11,5.46,39,26,119,8,3,0.15,29,9.65,0.14,310,16,4.37,0.16,360,19,5.78,0.14,350,17,3.52,0.14,290,20,4.5,0.16,350,18,2.22,0.17,410
2025-10,4960,6.39,4.66,39,30,148,4,1,0.14,29,7.93,0.14,290,21,2.85,0.16,340,32,5.31,0.15,310,28,5.0,0.13,240,15,4.0,0.13,270,23,1.3,0.14,320
2025-10,4961,7.19,5.4,48,25,135,7,2,0.15,36,8.61,0.12,220,19,4.73,0.13,220,19,4.73,0.15,320,19,4.21,0.14,290,19,4.21,0.17,370,23,3.47,0.18,390
2025-10,4962,5.83,3.94,25,18,109,1,0,0.15,21,8.09,0.14,260,14,5.0,0.17,390,18,3.88,0.15,310,20,3.5,0.17,330,15,2.66,0.16,310,21,0.47,0.13,300
2025-10,4963,6.48,4.54,38,22,132,4,2,0.15,26,8.84,0.15,280,24,5.41,0.14,280,19,5.26,0.13,300,26,2.69,0.17,370,20,2.0,0.14,360,17,1.76,0.15,310
2025-10,4964,7.5,6.66,4,0,6,0,0,0.2,1,10.0,0.15,200,1,10.0,0.1,400,1,10.0,0.14,100,1,0.0,0.15,300,1,0.0,0.38,500,1,10.0,0.27,200
2025-10,4965,4.07,2.19,9,7,73,0,0,0.19,11,5.45,0.23,410,15,3.33,0.22,410,11,1.81,0.17,340,8,0.0,0.19,390,14,2.14,0.19,290,14,0.0,0.17,210
2025-10,4966,5.53,3.63,27,21,132,3,0,0.14,21,7.14,0.14,280,20,4.5,0.13,220,20,3.0,0.16,360,27,3.33,0.15,290,23,3.91,0.13,300,21,0.0,0.16,390
2025-10,4967,6.5,4.75,34,34,143,3,0,0.12,25,9.2,0.12,260,24,4.58,0.14,370,25,4.0,0.12,210,26,4.61,0.1,220,25,4.4,0.12,230,18,0.55,0.13,220
2025-10,4969,5.46,3.29,11,16,82,1,0,0.16,11,7.27,0.16,310,14,5.0,0.18,390,15,3.33,0.13,270,16,3.12,0.16,320,13,0.0,0.19,350,13,1.53,0.16,370
2025-10,4973,5.5,3.21,18,19,115,0,0,0.18,20,6.0,0.17,310,21,2.38,0.21,420,19,5.26,0.16,320,16,3.12,0.19,320,20,2.0,0.17,300,19,0.52,0.19,410
2025-10,4974,6.28,4.44,30,18,108,2,0,0.14,21,8.57,0.19,300,18,5.55,0.14,320,16,3.75,0.14,300,16,3.75,0.16,230,17,3.52,0.1,160,20,1.0,0.11,230
2025-10,4976,4.38,1.87,1,8,48,0,0,0.21,4,0.0,0.25,500,4,2.5,0.16,350,8,3.75,0.16,350,6,0.0,0.19,380,11,1.81,0.19,350,15,2.0,0.26,540
2025-10,4977,5.91,4.01,24,25,122,2,0,0.16,22,6.81,0.18,370,18,5.0,0.17,400,25,3.2,0.14,270,20,4.0,0.14,210,23,3.47,0.15,350,14,0.71,0.16,400
2025-10,4978,4.28,2.02,12,16,138,0,0,0.17,16,5.0,0.16,330,24,3.75,0.15,330,26,1.92,0.17,330,27,1.48,0.2,360,30,0.33,0.15,360,15,0.66,0.18,380
2025-10,4979,5.52,4.0,21,21,105,1,0,0.16,17,8.82,0.15,260,17,3.52,0.17,450,21,3.33,0.15,320,16,2.5,0.15,360,22,3.63,0.17,330,12,1.66,0.19,360
2025-10,4980,7.12,5.29,36,35,134,4,1,0.15,29,8.96,0.13,280,21,5.71,0.17,330,19,4.73,0.12,280,22,5.0,0.16,390,25,3.2,0.13,290,18,2.77,0.16,400
2025-10,4981,5.35,3.88,19,28,121,0,0,0.17,17,8.23,0.19,390,20,4.0,0.17,380,23,5.65,0.16,310,19,2.63,0.15,360,21,1.42,0.19,340,20,2.0,0.15,340
2025-10,4982,5.11,3.1,9,18,87,0,0,0.17,14,5.0,0.19,340,15,3.33,0.16,360,14,2.85,0.17,380,13,3.07,0.17,380,17,3.52,0.14,370,14,0.71,0.18,500
2025-10,4983,6.59,5.14,48,23,138,4,2,0.17,30,9.0,0.14,260,26,6.53,0.17,330,25,6.0,0.18,310,21,2.85,0.16,360,18,2.22,0.19,360,18,1.11,0.17,440
2025-10,4984,5.66,3.26,14,16,92,1,0,0.19,13,7.69,0.2,370,18,2.77,0.21,390,17,5.29,0.19,350,12,0.83,0.21,410,20,1.0,0.2,390,12,2.5,0.17,350
2025-10,4985,6.78,5.28,36,30,125,6,1,0.14,30,9.0,0.13,260,18,5.55,0.13,270,25,5.2,0.12,230,17,3.52,0.17,320,19,3.15,0.14,300,16,2.5,0.15,310
2025-10,4987,3.98,1.33,4,8,90,0,0,0.17,11,3.63,0.16,380,19,0.52,0.18,380,19,2.1,0.15,290,18,1.66,0.16,310,14,0.0,0.16,340,9,0.0,0.18,440
2025-10,4988,3.61,2.24,12,14,116,0,0,0.16,15,4.66,0.21,370,22,0.9,0.17,380,21,4.28,0.14,240,18,2.22,0.13,240,21,0.95,0.14,270,19,1.05,0.18,350
2025-10,4989,5.82,4.0,22,20,105,0,0,0.13,17,8.23,0.13,210,17,5.88,0.16,290,21,4.28,0.12,280,16,2.5,0.12,240,18,2.22,0.12,240,16,0.62,0.14,340
2025-10,4990,2.85,0.0,0,0,47,0,0,0.2,4,0.0,0.19,380,9,0.0,0.19,340,9,0.0,0.16,360,9,0.0,0.25,470,9,0.0,0.18,360,7,0.0,0.21,370
2025-10,4991,5.6,3.22,20,19,121,0,0,0.18,21,7.61,0.16,240,20,2.0,0.19,410,26,3.84,0.17,360,17,1.76,0.18,360,20,2.5,0.18,440,17,0.58,0.22,560
2025-10,4992,3.92,2.03,14,10,118,0,0,0.16,15,7.33,0.13,220,22,2.27,0.16,370,22,1.36,0.14,310,17,2.35,0.14,310,28,0.35,0.18,360,14,0.0,0.19,430
2025-10,4994,6.28,4.06,26,24,123,3,0,0.16,22,8.18,0.13,270,26,5.76,0.17,310,20,3.5,0.15,340,14,3.57,0.15,340,27,1.85,0.17,290,14,0.0,0.19,390
2025-10,4995,4.48,2.69,18,16,126,0,0,0.18,20,6.5,0.15,360,18,3.33,0.16,310,25,2.8,0.19,380,21,2.85,0.17,350,23,0.43,0.18,390,19,0.52,0.21,460
2025-10,4997,3.91,1.79,5,7,67,0,0,0.18,10,4.0,0.19,380,9,1.11,0.18,380,13,1.53,0.18,370,13,1.53,0.17,340,10,3.0,0.18,320,12,0.0,0.2,390
2025-10,4998,0.0,0.0,0,0,0,0,0,0.0,0,0.0,0.0,0,0,0.0,0.0,0,0,0.0,0.0,0,0,0.0,0.0,0,0,0.0,0.0,0,0,0.0,0.0,0
2025-10,5000,4.5,2.25,15,13,124,0,0,0.13,18,8.33,0.12,220,21,1.9,0.13,200,24,2.91,0.13,190,22,0.9,0.12,210,21,0.0,0.14,320,18,0.0,0.15,280
2025-10,5002,6.15,4.25,32,25,134,4,1,0.15,27,7.4,0.17,350,22,5.9,0.15,280,26,3.07,0.16,370,23,3.91,0.15,300,16,3.12,0.15,250,20,1.0,0.14,320
2025-10,5003,3.91,2.24,9,15,107,0,0,0.17,13,6.15,0.2,280,21,3.33,0.16,330,21,2.85,0.18,330,18,1.66,0.16,270,21,0.0,0.18,320,13,0.0,0.15,320
2025-10,5004,4.7,2.64,14,13,102,1,0,0.16,14,7.85,0.14,250,20,2.0,0.16,330,17,2.35,0.15,310,15,2.66,0.17,340,16,1.87,0.15,330,20,0.5,0.19,470
2025-10,5005,5.14,2.45,10,16,106,1,0,0.15,18,6.11,0.16,330,19,1.05,0.16,320,14,1.42,0.13,290,18,2.22,0.15,270,19,2.63,0.13,280,18,1.11,0.17,400
2025-10,5006,4.02,2.15,16,6,102,1,0,0.17,11,5.45,0.18,350,19,1.05,0.19,410,14,2.85,0.15,310,17,2.94,0.16,320,20,2.0,0.16,290,21,0.47,0.18,400
2025-10,5007,4.56,2.13,10,13,108,0,0,0.16,15,5.33,0.13,260,19,2.63,0.16,300,20,1.5,0.18,310,18,1.11,0.16,320,19,0.52,0.16,350,17,2.35,0.18,420
2025-10,5008,4.85,2.61,12,16,107,2,0,0.13,15,3.33,0.14,250,18,3.33,0.14,290,21,2.38,0.15,300,21,3.33,0.11,250,20,2.5,0.1,200,11,0.0,0.14,370
2025-10,5009,4.94,3.53,20,15,99,0,0,0.16,18,5.55,0.18,380,18,4.44,0.15,310,15,4.0,0.15,360,14,2.85,0.16,360,21,2.85,0.14,300,13,0.76,0.17,370
2025-10,5010,5.91,4.34,22,24,106,2,0,0.15,19,9.47,0.15,250,16,3.75,0.15,260,19,3.15,0.18,320,22,3.63,0.16,270,19,3.15,0.14,210,11,1.81,0.12,270
2025-10,5011,3.81,1.5,6,8,93,0,0,0.18,12,5.0,0.13,240,17,0.58,0.2,450,16,1.87,0.19,380,20,1.0,0.2,340,18,1.11,0.17,310,10,0.0,0.19,420
2025-10,5012,5.55,3.73,26,24,134,2,0,0.12,21,7.61,0.1,200,27,2.96,0.12,230,24,5.0,0.13,220,17,1.76,0.1,230,24,2.5,0.12,230,21,2.38,0.15,360
2025-10,5013,5.17,3.1,23,8,100,0,0,0.17,17,5.29,0.19,340,16,3.75,0.17,330,20,3.5,0.15,260,15,3.33,0.15,260,18,1.11,0.19,370,14,1.42,0.18,350
2025-10,5014,4.84,2.65,10,16,98,2,0,0.13,11,5.45,0.13,220,17,2.94,0.15,290,17,1.76,0.15,270,22,3.18,0.11,160,18,2.77,0.14,260,13,0.0,0.13,310
2025-10,5015,6.79,5.22,41,30,136,9,2,0.13,31,9.35,0.1,190,21,4.76,0.13,290,25,7.2,0.14,270,25,2.4,0.15,320,16,1.87,0.16,370,18,2.77,0.14,320
2025-10,5016,6.6,4.54,39,16,121,4,1,0.14,27,8.51,0.12,230,18,4.44,0.14,300,23,4.78,0.13,210,15,4.0,0.14,250,18,1.66,0.14,350,20,2.0,0.15,360
2025-10,5017,7.34,6.0,39,30,115,8,1,0.13,22,9.54,0.13,170,23,5.65,0.12,300,17,6.47,0.14,290,16,6.25,0.16,370,22,5.45,0.12,260,15,1.33,0.13,250
2025-10,5018,6.78,5.33,45,35,150,4,0,0.16,35,9.71,0.15,250,26,6.15,0.15,300,23,3.91,0.14,300,26,3.46,0.17,360,25,4.0,0.15,340,15,1.33,0.22,430
2025-10,5019,5.69,4.03,14,28,104,0,0,0.16,17,7.05,0.17,370,18,4.44,0.17,300,19,5.26,0.17,350,21,2.85,0.16,330,17,1.76,0.15,280,12,2.5,0.11,280
2025-10,5020,4.66,2.62,15,11,99,2,0,0.15,15,6.66,0.13,220,16,3.75,0.16,360,17,1.76,0.12,240,17,1.17,0.15,320,18,2.22,0.15,310,16,0.62,0.2,370
2025-10,5022,4.36,2.14,7,14,98,0,0,0.16,11,5.45,0.15,290,21,2.38,0.19,350,15,1.33,0.14,330,14,2.85,0.18,390,26,1.53,0.15,330,11,0.0,0.16,350
2025-10,5023,5.36,3.1,16,21,119,1,0,0.15,17,7.64,0.11,180,24,3.75,0.14,300,21,2.38,0.15,270,15,2.66,0.13,210,19,1.57,0.17,270,23,1.3,0.17,310
2025-10,5026,6.26,4.62,37,19,121,5,3,0.15,30,9.0,0.15,280,20,3.5,0.13,300,16,5.62,0.13,330,15,3.33,0.18,380,16,3.12,0.16,380,24,1.25,0.16,320
2025-10,5027,4.43,2.23,10,15,112,0,0,0.17,12,6.66,0.18,290,22,2.72,0.17,320,19,3.68,0.16,330,16,1.25,0.13,280,19,1.05,0.17,370,24,0.0,0.19,470
2025-10,5028,6.68,5.17,51,25,147,9,2,0.16,34,9.11,0.14,280,25,6.8,0.15,320,22,3.63,0.17,390,25,4.0,0.16,290,21,3.81,0.19,350,20,1.0,0.17,430
2025-10,5029,5.93,4.39,29,25,123,3,0,0.13,23,9.56,0.13,250,19,5.78,0.13,240,20,4.5,0.14,300,22,2.72,0.13,230,23,0.87,0.12,300,16,2.5,0.17,360
2025-10,5030,0.0,0.0,0,0,0,0,0,0.0,0,0.0,0.0,0,0,0.0,0.0,0,0,0.0,0.0,0,0,0.0,0.0,0,0,0.0,0.0,0,0,0.0,0.0,0
2025-10,5031,4.19,2.02,5,9,69,0,0,0.2,8,5.0,0.2,360,12,5.0,0.19,430,12,1.66,0.16,310,14,1.42,0.18,350,12,0.0,0.23,410,11,0.0,0.23,550
2025-10,5032,5.31,3.4,18,12,88,1,0,0.15,13,7.69,0.13,240,17,3.52,0.15,310,13,5.38,0.14,290,13,2.3,0.15,250,17,0.58,0.16,320,15,2.0,0.15,370
2025-10,5033,3.71,1.57,6,9,95,0,0,0.19,12,5.0,0.2,380,17,1.17,0.16,330,17,0.58,0.18,290,15,1.33,0.19,390,13,1.53,0.19,360,21,0.95,0.21,440
2025-10,5034,6.65,5.1,39,35,145,2,1,0.14,35,8.28,0.13,300,27,5.92,0.14,280,23,5.21,0.14,280,19,3.15,0.13,300,24,2.91,0.15,270,17,2.35,0.16,360
2025-10,5035,5.26,3.38,20,21,121,1,0,0.17,17,5.88,0.19,390,21,5.23,0.17,360,24,4.16,0.15,330,21,2.38,0.16,350,22,2.27,0.16,360,16,0.0,0.22,470
2025-10,5036,4.26,2.8,6,19,89,0,0,0.19,11,6.36,0.16,290,17,4.11,0.2,440,15,4.0,0.18,410,17,1.17,0.18,420,16,1.87,0.18,440,13,0.0,0.23,520
2025-10,5037,4.67,2.84,11,12,81,0,0,0.19,12,4.16,0.19,380,13,4.61,0.17,350,11,2.72,0.19,360,9,3.33,0.21,320,18,2.22,0.19,390,18,1.11,0.21,410
2025-10,5038,6.03,4.27,27,32,138,2,0,0.17,24,8.33,0.17,350,25,4.8,0.17,370,23,4.34,0.18,370,26,3.46,0.12,290,21,3.33,0.16,340,18,0.55,0.22,440
2025-10,5039,5.54,4.05,18,27,111,2,0,0.15,18,7.22,0.15,230,26,3.84,0.18,350,21,3.33,0.13,260,28,3.92,0.13,260,16,2.5,0.12,310,2,0.0,0.19,300
2025-10,5041,5.04,3.0,19,17,120,1,0,0.16,15,7.33,0.19,330,21,2.38,0.17,300,25,2.4,0.16,320,14,4.28,0.16,270,24,1.66,0.14,300,20,2.0,0.17,310
2025-10,5042,6.9,5.16,45,32,149,8,3,0.12,31,8.06,0.09,180,26,6.92,0.13,190,24,5.83,0.13,250,29,3.79,0.12,220,24,2.91,0.12,230,15,1.33,0.13,240
2025-10,5043,6.77,5.0,47,24,142,9,4,0.13,29,8.27,0.12,240,24,5.41,0.13,270,26,5.0,0.12,220,21,5.23,0.15,340,20,4.0,0.16,340,22,0.9,0.15,330
2025-10,5044,5.22,3.56,30,21,143,4,1,0.14,23,5.65,0.16,330,25,4.0,0.14,310,28,3.92,0.13,240,24,4.16,0.11,210,20,3.0,0.12,260,23,0.43,0.19,440
2025-10,5045,5.76,3.86,14,25,101,0,0,0.22,13,9.23,0.18,370,20,5.0,0.21,410,18,5.55,0.19,440,17,1.76,0.25,510,18,2.22,0.23,520,15,0.0,0.29,550
2025-10,5046,4.21,1.73,8,12,115,0,0,0.16,15,2.66,0.15,230,24,1.66,0.16,380,22,2.27,0.13,290,15,1.33,0.17,350,26,1.53,0.18,320,13,0.76,0.17,320
2025-10,5047,4.55,2.47,11,14,101,0,0,0.2,14,5.71,0.17,320,16,2.5,0.2,390,16,3.12,0.17,390,20,2.5,0.19,370,16,1.87,0.23,440,19,0.0,0.23,550
2025-10,5048,4.56,2.38,11,14,105,1,1,0.18,11,3.63,0.17,330,20,2.0,0.17,460,14,2.14,0.14,390,19,3.15,0.16,340,19,3.15,0.19,360,22,0.9,0.21,450
2025-10,5049,6.07,3.93,23,25,122,2,0,0.16,19,8.42,0.15,300,18,3.88,0.16,310,19,4.73,0.16,290,25,2.8,0.16,340,23,1.3,0.16,350,18,3.33,0.19,410
2025-10,5050,5.51,3.51,17,16,94,0,0,0.16,17,6.47,0.16,360,16,4.37,0.16,340,10,1.0,0.15,380,15,2.66,0.15,270,18,3.33,0.15,320,18,2.22,0.17,390
2025-10,5051,6.45,4.82,36,20,116,5,1,0.16,24,9.16,0.14,290,20,5.5,0.16,380,17,4.11,0.15,300,21,5.23,0.16,260,21,2.38,0.18,350,13,0.0,0.19,420
2025-10,5052,3.5,2.5,1,3,16,0,0,0.14,1,10.0,0.07,200,3,3.33,0.1,270,3,6.66,0.15,170,2,0.0,0.15,200,1,0.0,0.25,500,6,0.0,0.16,430
2025-10,5053,5.07,3.51,18,21,111,0,0,0.16,18,8.33,0.14,260,20,3.5,0.14,250,19,4.73,0.14,280,19,3.15,0.18,290,19,1.05,0.18,320,16,0.0,0.17,340
2025-10,5054,5.92,4.07,25,17,103,1,0,0.14,16,6.87,0.14,240,16,4.37,0.16,290,16,4.37,0.15,290,23,4.78,0.14,310,19,2.1,0.12,280,13,1.53,0.18,360
2025-10,5055,5.69,3.75,31,23,144,4,0,0.15,26,6.92,0.14,330,23,3.91,0.14,300,26,4.61,0.13,280,27,2.96,0.16,300,17,1.76,0.16,300,25,1.6,0.16,340
2025-10,5056,0.0,0.0,0,0,0,0,0,0.0,0,0.0,0.0,0,0,0.0,0.0,0,0,0.0,0.0,0,0,0.0,0.0,0,0,0.0,0.0,0,0,0.0,0.0,0
2025-10,5057,4.97,2.79,12,14,93,0,0,0.16,17,5.29,0.15,310,16,4.37,0.18,350,18,4.44,0.15,230,15,0.66,0.17,290,15,0.66,0.15,320,12,0.0,0.17,360
2025-10,5058,6.94,5.33,43,37,150,7,1,0.14,26,8.46,0.14,270,32,6.56,0.14,290,22,6.81,0.12,260,27,3.7,0.13,290,24,3.33,0.14,280,18,2.22,0.17,310
2025-10,5060,5.1,2.95,8,23,105,0,0,0.17,13,4.61,0.18,450,21,1.9,0.16,370,19,4.21,0.17,380,19,4.21,0.18,330,20,1.5,0.14,380,13,1.53,0.17,440
2025-10,5061,3.71,2.19,9,9,82,0,0,0.15,9,4.44,0.14,320,14,0.71,0.16,410,14,2.85,0.18,330,14,4.28,0.12,200,17,1.76,0.15,220,14,0.0,0.18,290
2025-10,5063,4.87,3.07,10,22,104,0,0,0.17,12,5.83,0.16,270,21,4.76,0.17,350,18,2.22,0.15,380,21,3.81,0.19,390,13,1.53,0.16,290,19,0.52,0.16,420
2025-10,5064,5.54,3.42,13,23,105,0,0,0.16,16,6.25,0.16,350,16,5.0,0.16,310,16,2.5,0.13,340,25,3.2,0.13,270,17,2.94,0.18,260,15,0.66,0.19,390
2025-10,5065,4.43,2.82,8,18,92,0,0,0.12,12,4.16,0.13,260,16,4.37,0.13,210,20,1.5,0.12,270,15,4.66,0.1,230,15,1.33,0.11,180,14,1.42,0.14,300
2025-10,5066,5.58,3.23,17,15,99,3,0,0.17,11,7.27,0.13,340,17,4.7,0.19,400,19,3.68,0.18,320,18,1.11,0.15,310,21,2.38,0.16,380,13,1.53,0.18,400
2025-10,5067,4.69,2.83,15,15,106,1,0,0.14,12,6.66,0.11,230,21,2.38,0.12,310,22,4.54,0.13,250,16,1.25,0.16,320,22,1.81,0.16,350,13,0.76,0.17,420
2025-10,5068,7.59,6.33,53,37,142,9,3,0.15,30,9.0,0.14,310,26,5.38,0.15,320,25,6.8,0.13,250,27,6.66,0.16,310,16,6.25,0.14,270,18,2.22,0.16,330
2025-10,5069,5.06,3.33,17,13,90,0,0,0.15,19,7.36,0.15,230,12,1.66,0.13,260,17,3.52,0.13,280,16,3.12,0.15,230,14,2.14,0.16,360,11,0.0,0.19,380
2025-10,5070,4.67,2.35,13,12,106,0,0,0.18,13,6.15,0.2,290,22,1.81,0.19,390,20,4.0,0.17,270,16,1.25,0.16,290,23,0.43,0.17,390,12,1.66,0.17,380
2025-10,5071,4.98,2.78,13,14,97,0,0,0.12,13,6.92,0.11,180,19,3.15,0.12,280,18,2.77,0.12,230,17,3.52,0.13,280,19,0.52,0.12,250,11,0.0,0.12,210
2025-10,5072,2.19,0.74,2,0,27,0,0,0.22,3,3.33,0.23,330,6,0.0,0.2,520,5,0.0,0.17,380,5,2.0,0.26,420,5,0.0,0.19,420,3,0.0,0.25,570
2025-10,5073,5.61,3.57,16,23,109,0,0,0.16,13,6.15,0.17,380,21,4.28,0.16,370,21,4.28,0.16,330,22,1.81,0.17,350,18,3.88,0.14,340,14,1.42,0.15,390
2025-10,5074,4.36,1.98,10,12,111,0,0,0.17,18,7.77,0.16,340,18,0.55,0.18,380,19,0.52,0.18,340,22,1.36,0.17,360,20,1.0,0.17,340,14,0.71,0.17,310
2025-10,5075,6.23,4.16,33,29,149,3,0,0.17,32,7.18,0.17,350,25,3.6,0.2,380,26,3.07,0.15,270,23,4.34,0.16,330,22,3.18,0.17,330,21,2.38,0.16,340
2025-10,5076,5.01,3.15,17,13,95,1,0,0.16,14,6.42,0.14,320,17,4.7,0.17,320,15,3.33,0.15,320,18,3.33,0.17,330,16,1.25,0.17,370,15,0.0,0.17,380
2025-10,5077,2.76,0.43,0,2,46,0,0,0.2,7,1.42,0.37,510,7,1.42,0.19,340,10,0.0,0.16,240,7,0.0,0.14,290,8,0.0,0.17,280,7,0.0,0.16,240
2025-10,5078,4.7,2.71,7,18,92,1,0,0.17,11,6.36,0.15,270,17,3.52,0.15,270,17,2.94,0.16,320,20,2.0,0.2,350,17,1.76,0.15,280,10,0.0,0.2,410
2025-10,5079,4.68,2.5,10,13,92,1,0,0.17,14,4.28,0.18,360,14,3.57,0.18,350,17,3.52,0.15,270,16,2.5,0.15,340,15,0.66,0.18,400,16,0.62,0.18,370
2025-10,5081,5.73,3.87,21,29,129,2,0,0.18,27,6.66,0.2,410,21,5.23,0.2,430,21,3.33,0.2,340,20,4.0,0.17,330,24,2.08,0.16,360,16,0.62,0.17,330
2025-10,5082,4.85,2.9,10,24,117,2,1,0.2,15,4.66,0.19,390,19,2.1,0.22,460,26,5.38,0.19,400,16,1.25,0.19,440,19,1.57,0.18,390,22,1.81,0.22,490
2025-10,5083,4.83,2.52,14,8,87,1,0,0.15,11,8.18,0.21,450,14,2.85,0.16,380,15,0.66,0.16,370,15,2.66,0.14,350,14,1.42,0.13,290,18,1.11,0.12,290
2025-10,5084,7.84,5.39,40,21,113,7,4,0.13,28,9.28,0.12,260,15,4.66,0.12,310,18,6.11,0.13,250,21,4.76,0.14,340,15,2.0,0.14,360,16,2.5,0.14,300
2025-10,5085,4.52,2.46,12,19,126,1,0,0.19,18,6.11,0.17,340,24,2.91,0.18,420,20,1.0,0.2,400,24,2.08,0.2,380,24,2.5,0.19,380,16,0.0,0.2,380
2025-10,5086,4.27,1.84,16,3,103,0,0,0.19,12,5.0,0.21,430,19,2.1,0.18,430,17,1.17,0.21,440,21,2.38,0.18,360,21,0.47,0.19,350,13,0.76,0.19,380
2025-10,5087,5.92,4.28,25,26,119,1,0,0.15,25,7.6,0.15,300,21,5.23,0.16,280,17,3.52,0.16,350,20,3.5,0.14,280,15,2.66,0.14,230,21,1.9,0.16,370
2025-10,5088,7.33,5.79,49,31,138,6,1,0.16,33,8.48,0.15,250,22,6.36,0.17,300,20,5.0,0.19,310,26,5.76,0.14,270,21,3.81,0.17,330,16,3.12,0.14,290
2025-10,5089,6.99,5.68,33,38,125,4,0,0.16,29,8.96,0.14,250,21,6.66,0.16,260,22,5.9,0.14,270,21,4.76,0.17,340,21,2.85,0.18,400,11,1.81,0.17,370
2025-10,5090,5.21,3.15,21,21,133,0,0,0.16,21,7.14,0.17,310,25,2.8,0.13,260,28,3.21,0.16,310,19,3.68,0.17,300,21,0.95,0.18,400,19,1.05,0.18,360
2025-10,5091,5.29,3.33,17,13,90,2,0,0.15,17,7.64,0.16,360,12,2.5,0.15,280,14,2.14,0.14,360,15,2.66,0.14,270,14,2.85,0.14,310,18,1.66,0.14,330
2025-10,5092,6.19,4.86,27,26,109,3,0,0.12,18,8.88,0.13,280,19,7.36,0.12,260,20,5.0,0.12,250,23,2.6,0.12,250,15,2.0,0.12,210,14,2.85,0.13,220
2025-10,5093,5.74,3.58,27,26,148,1,0,0.17,27,7.4,0.15,270,29,2.75,0.13,310,32,3.75,0.19,360,22,4.09,0.18,360,25,0.4,0.18,390,13,2.3,0.23,420
2025-10,5095,6.1,4.27,23,15,89,2,1,0.14,19,7.36,0.15,280,17,4.11,0.13,300,13,4.61,0.14,250,10,4.0,0.16,330,16,3.12,0.15,290,14,1.42,0.14,280
2025-10,5096,5.91,4.14,30,28,140,1,0,0.13,28,8.57,0.12,210,23,4.78,0.13,260,24,5.0,0.13,200,23,3.04,0.13,240,20,1.5,0.11,240,22,0.45,0.14,280
2025-10,5098,4.69,2.27,14,11,110,0,0,0.16,15,6.0,0.15,260,23,0.87,0.17,340,22,3.63,0.13,250,22,1.81,0.16,260,16,1.25,0.16,370,12,0.0,0.2,480
2025-10,5100,3.86,2.04,7,11,88,0,0,0.18,13,4.61,0.19,400,17,1.76,0.18,400,17,2.35,0.16,380,14,1.42,0.2,410,18,1.66,0.18,390,9,0.0,0.21,390
2025-10,5101,3.64,1.79,2,10,67,0,0,0.19,7,5.71,0.21,490,11,2.72,0.22,490,14,0.0,0.19,430,14,2.14,0.15,310,12,0.83,0.2,380,9,1.11,0.22,480
2025-10,5102,4.27,2.43,12,15,111,0,0,0.18,19,7.36,0.13,220,22,3.18,0.18,370,19,1.57,0.18,420,19,1.05,0.19,360,15,0.66,0.21,430,17,0.0,0.2,520
2025-10,5103,4.23,2.14,5,13,84,1,0,0.16,10,4.0,0.16,340,16,3.12,0.17,390,16,3.12,0.14,270,12,1.66,0.17,360,17,1.17,0.16,330,13,0.0,0.17,380
2025-10,5104,5.89,4.28,24,21,105,1,0,0.15,21,5.23,0.16,340,19,6.31,0.13,250,18,3.88,0.13,220,18,3.88,0.14,250,16,3.12,0.17,300,13,2.3,0.15,350
2025-10,5105,4.7,2.68,6,16,82,0,0,0.18,10,4.0,0.2,440,20,5.5,0.2,450,9,3.33,0.18,340,17,0.58,0.19,420,19,1.57,0.15,290,7,0.0,0.15,360
2025-10,5106,5.26,3.22,16,22,118,1,0,0.19,17,7.05,0.22,420,20,1.5,0.21,490,23,4.34,0.16,330,22,3.18,0.19,430,20,2.0,0.2,410,16,1.25,0.19,380
2025-10,5107,4.7,2.36,11,7,76,1,0,0.17,7,7.14,0.16,190,18,1.66,0.14,370,13,2.3,0.18,380,14,1.42,0.21,430,10,3.0,0.18,320,14,1.42,0.15,290
2025-10,5108,1.94,0.0,0,0,18,0,0,0.31,1,0.0,0.21,600,1,0.0,0.47,600,2,0.0,0.26,450,6,0.0,0.29,570,4,0.0,0.32,580,4,0.0,0.33,600
2025-10,5109,4.82,2.6,12,19,119,1,0,0.14,14,4.28,0.16,320,22,3.63,0.14,260,23,4.34,0.15,270,23,1.3,0.13,240,19,2.1,0.12,250,18,0.0,0.14,330
2025-10,5110,5.11,3.13,19,22,131,3,0,0.15,22,5.45,0.14,230,21,2.85,0.16,370,28,3.57,0.14,270,18,2.77,0.2,380,25,2.4,0.15,240,17,1.17,0.16,400
2025-10,5111,4.59,3.15,5,19,76,0,0,0.19,8,7.5,0.16,300,9,5.55,0.18,340,11,2.72,0.18,340,14,3.57,0.19,370,14,2.85,0.18,340,20,0.5,0.23,490
2025-10,5112,6.34,4.8,29,31,125,5,1,0.14,25,6.8,0.11,240,21,6.19,0.17,310,20,6.0,0.13,290,22,3.18,0.14,300,20,4.5,0.14,330,17,1.17,0.17,460
2025-10,5113,3.04,0.89,4,2,67,0,0,0.22,10,3.0,0.19,370,11,1.81,0.23,410,12,0.83,0.19,390,12,0.0,0.22,430,13,0.0,0.22,420,9,0.0,0.27,560
2025-10,5114,5.72,3.8,34,25,155,1,0,0.16,27,6.66,0.16,330,30,4.66,0.15,340,24,3.75,0.16,330,22,4.09,0.15,330,25,2.4,0.19,380,27,1.11,0.19,470
2025-10,5115,5.29,3.61,17,17,94,3,0,0.15,15,7.33,0.14,230,15,2.66,0.15,350,15,6.0,0.15,210,15,2.0,0.11,280,15,3.33,0.14,300,19,1.05,0.18,420
2025-10,5117,3.67,1.97,5,8,66,0,0,0.18,6,3.33,0.19,370,14,2.14,0.23,480,11,5.45,0.11,250,10,2.0,0.17,330,12,0.0,0.2,380,13,0.0,0.19,400
2025-10,5118,5.11,3.12,7,18,80,0,0,0.18,10,6.0,0.24,480,16,3.12,0.18,490,9,4.44,0.14,310,19,2.63,0.18,390,9,3.33,0.19,340,17,1.17,0.18,480
2025-10,5120,5.01,3.07,11,21,104,0,0,0.16,15,7.33,0.1,180,20,2.5,0.19,370,25,4.0,0.18,320,17,2.35,0.14,270,19,0.52,0.18,340,8,1.25,0.14,310
2025-10,5121,6.83,5.18,26,31,110,4,1,0.14,22,9.54,0.15,340,17,6.47,0.13,300,20,5.0,0.15,330,14,5.71,0.13,270,19,2.63,0.14,330,18,1.11,0.15,380
2025-10,5122,4.16,2.1,3,5,38,0,0,0.18,6,3.33,0.19,480,7,5.71,0.15,390,8,2.5,0.16,300,8,0.0,0.21,380,4,0.0,0.17,430,5,0.0,0.23,400
2025-10,5123,3.8,1.75,4,12,91,0,0,0.16,12,5.83,0.17,260,19,2.63,0.15,320,17,1.17,0.17,350,16,0.62,0.15,320,17,0.58,0.14,330,10,0.0,0.21,390
2025-10,5124,3.82,1.53,2,4,39,0,0,0.18,6,5.0,0.13,280,4,2.5,0.17,430,7,1.42,0.17,370,8,0.0,0.25,430,3,3.33,0.14,330,11,0.0,0.16,400
2025-10,5125,5.8,3.72,26,18,118,1,0,0.17,26,6.92,0.16,330,20,3.0,0.19,360,22,4.54,0.15,340,14,3.57,0.16,310,19,2.1,0.16,330,17,0.58,0.18,350
2025-10,5126,6.41,5.06,40,35,148,1,1,0.15,30,8.33,0.13,300,19,3.15,0.15,360,30,6.0,0.14,300,23,4.78,0.16,240,23,4.34,0.14,260,23,2.17,0.16,330
2025-10,5127,4.62,1.9,11,12,121,0,0,0.2,16,2.5,0.25,490,25,4.0,0.19,420,22,1.36,0.16,310,23,1.3,0.22,450,24,1.25,0.21,430,11,0.0,0.2,480
2025-10,5128,3.8,2.42,6,10,66,0,0,0.18,7,2.85,0.26,400,11,3.63,0.23,410,12,5.0,0.14,260,11,2.72,0.14,330,13,0.76,0.17,370,12,0.0,0.19,420
2025-10,5129,5.68,3.29,14,13,82,0,0,0.18,13,6.15,0.19,360,13,2.3,0.22,410,12,4.16,0.18,340,14,5.71,0.15,290,12,1.66,0.16,420,18,0.55,0.21,480
2025-10,5130,4.07,1.81,9,12,116,1,0,0.16,18,5.0,0.15,330,20,1.5,0.17,340,23,1.3,0.16,350,21,1.9,0.16,310,18,0.55,0.16,380,16,0.62,0.18,440
2025-10,5131,3.83,1.56,4,12,102,0,0,0.18,11,3.63,0.2,390,19,2.63,0.2,450,20,1.5,0.19,400,20,0.5,0.17,340,21,0.95,0.15,340,11,0.9,0.18,390
2025-10,5132,6.64,4.9,41,33,151,6,0,0.13,35,7.14,0.15,260,25,6.0,0.13,270,24,3.75,0.14,250,29,4.48,0.12,310,23,3.47,0.13,240,15,2.66,0.1,240
2025-10,5133,4.9,2.78,14,18,115,0,0,0.16,15,7.33,0.15,350,22,4.54,0.16,380,21,2.85,0.14,300,22,0.9,0.16,350,25,0.4,0.16,350,10,2.0,0.16,330
2025-10,5134,5.09,3.21,16,21,115,0,0,0.15,20,8.0,0.13,250,17,3.52,0.15,320,24,2.91,0.15,290,18,1.11,0.14,350,20,1.5,0.14,300,16,1.87,0.19,410
2025-10,5135,5.62,3.83,23,20,112,2,0,0.16,22,5.9,0.12,220,16,5.0,0.16,340,20,5.5,0.17,320,19,2.63,0.15,290,22,1.36,0.17,360,13,2.3,0.2,440
2025-10,5136,5.87,3.85,30,22,135,2,0,0.16,30,7.66,0.14,260,15,4.0,0.17,340,26,3.46,0.16,350,20,3.0,0.17,330,22,2.72,0.17,380,22,0.9,0.19,470
2025-10,5137,4.29,1.81,6,8,77,0,0,0.17,8,5.0,0.17,410,6,5.0,0.14,320,11,3.63,0.13,240,9,1.11,0.12,230,8,0.0,0.13,180,35,0.57,0.21,480
2025-10,5138,2.66,0.42,2,0,47,0,0,0.18,4,2.5,0.18,430,12,0.83,0.2,500,7,0.0,0.16,330,6,0.0,0.17,330,10,0.0,0.19,380,8,0.0,0.19,360
2025-10,5139,6.21,4.34,24,26,115,5,0,0.14,17,7.05,0.16,280,22,6.81,0.14,270,20,4.5,0.15,320,21,4.28,0.13,240,20,1.5,0.15,300,15,1.33,0.13,290
2025-10,5140,4.1,1.88,7,12,101,0,0,0.19,12,5.83,0.15,300,19,3.15,0.22,470,21,1.9,0.19,320,17,0.58,0.18,360,20,0.5,0.2,440,12,0.0,0.18,420
2025-10,5141,5.96,4.2,31,22,126,2,1,0.12,24,8.75,0.13,280,24,5.0,0.12,250,21,2.38,0.11,280,18,3.88,0.12,230,23,2.6,0.11,220,16,1.25,0.12,310
2025-10,5142,7.44,6.1,63,39,167,10,4,0.12,51,9.21,0.12,210,24,2.91,0.13,250,24,7.08,0.13,270,29,4.82,0.11,220,24,5.83,0.12,230,15,2.0,0.14,290
2025-10,5143,4.11,1.77,5,12,96,0,0,0.19,9,3.33,0.22,530,21,2.38,0.21,460,19,2.63,0.17,440,19,0.52,0.18,390,18,1.11,0.17,400,10,1.0,0.22,500
2025-10,5144,4.17,2.5,6,19,100,0,0,0.17,11,5.45,0.17,420,20,3.5,0.17,340,16,1.87,0.17,290,17,3.52,0.17,360,21,0.95,0.17,310,15,0.66,0.19,390
2025-10,5145,5.84,4.28,33,21,126,2,0,0.15,27,8.14,0.14,280,19,4.73,0.16,290,25,4.8,0.15,240,18,3.33,0.13,280,20,1.5,0.15,300,16,1.25,0.17,390
2025-10,5146,5.1,2.53,8,12,79,0,0,0.15,12,7.5,0.16,310,16,0.62,0.16,390,18,3.33,0.16,320,14,1.42,0.14,290,11,1.81,0.14,340,8,0.0,0.17,490
2025-10,5147,3.42,0.8,1,3,50,0,0,0.16,6,3.33,0.16,370,8,0.0,0.17,430,11,0.9,0.16,360,4,2.5,0.13,300,14,0.0,0.16,330,7,0.0,0.18,340
2025-10,5148,4.13,2.25,8,10,80,0,0,0.19,13,4.61,0.19,400,11,4.54,0.14,370,15,2.0,0.21,350,13,3.07,0.17,370,11,0.0,0.19,400,17,0.0,0.2,430
2025-10,5150,5.7,3.92,24,18,107,1,0,0.15,19,7.89,0.15,350,18,5.0,0.15,310,14,2.85,0.15,220,17,3.52,0.15,210,20,2.5,0.13,300,19,1.57,0.17,330
2025-10,5151,3.85,1.13,3,9,106,0,0,0.21,13,3.07,0.22,410,20,2.5,0.21,430,20,0.5,0.18,420,18,1.11,0.22,470,16,0.0,0.22,430,19,0.0,0.23,500
2025-10,5152,3.83,1.6,3,9,75,0,0,0.21,9,4.44,0.21,440,15,2.0,0.21,490,14,0.71,0.21,490,13,1.53,0.2,490,14,1.42,0.21,460,10,0.0,0.25,550
2025-10,5153,3.92,1.51,8,10,119,1,0,0.17,15,3.33,0.19,290,23,1.73,0.16,330,22,0.9,0.17,360,20,2.5,0.17,320,22,0.45,0.15,240,17,0.58,0.16,320
2025-10,5154,4.61,2.58,9,15,93,0,0,0.19,11,4.54,0.18,290,15,2.0,0.2,400,16,1.87,0.18,390,16,1.87,0.19,390,18,3.88,0.17,350,16,1.87,0.2,400
2025-10,5155,5.45,4.0,17,25,105,0,0,0.16,15,4.0,0.19,370,16,5.0,0.16,280,21,3.33,0.14,280,17,5.29,0.15,310,21,4.28,0.17,340,15,2.0,0.17,360
2025-10,5156,4.3,2.75,16,8,87,0,0,0.19,12,6.66,0.16,360,17,2.35,0.2,420,15,3.33,0.17,350,12,2.5,0.18,370,15,2.66,0.18,340,16,0.0,0.21,420
2025-10,5157,4.56,2.45,14,14,114,0,0,0.16,19,6.31,0.16,280,23,1.73,0.16,370,20,2.5,0.17,310,16,1.87,0.18,410,20,1.0,0.14,280,16,1.25,0.15,390
2025-10,5158,6.08,4.15,26,16,101,2,0,0.17,20,6.5,0.13,300,15,4.66,0.17,320,17,5.29,0.18,320,17,4.11,0.16,280,15,2.0,0.17,420,17,1.76,0.21,440
2025-10,5160,5.49,3.36,20,14,101,1,0,0.15,16,6.87,0.14,240,14,2.85,0.17,360,21,4.28,0.15,290,20,2.5,0.16,370,20,1.5,0.13,280,10,2.0,0.2,340
2025-10,5161,5.51,3.87,22,26,124,1,0,0.13,24,7.91,0.13,260,18,3.88,0.15,290,19,3.68,0.14,280,21,2.85,0.13,240,17,4.11,0.13,240,25,0.8,0.13,270
2025-10,5162,3.35,0.92,2,4,65,0,0,0.16,8,5.0,0.12,210,13,0.0,0.2,440,11,0.9,0.14,270,11,0.0,0.16,310,10,1.0,0.16,310,11,0.0,0.19,380
2025-10,5163,6.32,4.55,23,23,101,1,0,0.17,20,8.5,0.16,310,16,5.0,0.18,410,17,5.29,0.17,360,14,3.57,0.18,380,14,2.85,0.13,320,20,1.5,0.16,360
2025-10,5164,2.24,0.0,0,0,49,0,0,0.2,5,0.0,0.22,420,11,0.0,0.24,470,6,0.0,0.2,420,11,0.0,0.19,460,10,0.0,0.15,390,6,0.0,0.25,500
2025-10,5165,5.25,2.54,8,18,102,0,0,0.17,12,6.66,0.13,310,20,4.0,0.17,340,19,1.57,0.2,380,15,2.66,0.17,380,18,0.55,0.18,430,18,1.11,0.16,380
2025-10,5166,6.22,4.03,27,23,124,3,1,0.2,24,7.91,0.17,280,22,4.54,0.22,400,24,4.16,0.19,450,18,3.88,0.21,380,17,1.76,0.21,390,19,0.52,0.18,370
2025-10,5167,4.32,1.83,8,8,87,2,0,0.17,11,5.45,0.17,430,16,1.87,0.18,350,15,1.33,0.17,310,16,2.5,0.19,380,17,0.58,0.16,390,12,0.0,0.17,360
2025-10,5169,3.63,1.54,7,4,71,0,0,0.19,10,6.0,0.23,430,11,1.81,0.19,380,13,0.76,0.18,350,11,0.0,0.21,390,15,1.33,0.18,340,10,0.0,0.17,320
2025-10,5170,3.87,1.94,5,8,67,0,0,0.19,6,3.33,0.19,470,14,3.57,0.18,410,13,1.53,0.18,460,9,2.22,0.2,410,12,1.66,0.19,300,13,0.0,0.21,400
2025-10,5171,3.4,1.23,6,3,73,0,0,0.15,7,2.85,0.17,360,13,0.76,0.13,250,12,0.0,0.19,390,10,2.0,0.16,280,20,1.5,0.13,280,11,0.9,0.13,280
2025-10,5172,4.97,2.71,14,17,114,0,0,0.2,22,7.27,0.21,460,20,1.5,0.23,500,15,1.33,0.17,410,19,2.63,0.21,450,20,1.5,0.18,410,18,1.11,0.18,370
2025-10,5173,4.8,3.05,11,18,95,1,0,0.15,12,8.33,0.13,210,20,4.0,0.13,290,13,1.53,0.15,290,17,2.35,0.15,250,19,2.1,0.15,300,14,0.71,0.21,390
2025-10,5174,5.98,3.7,13,7,54,1,0,0.15,9,8.88,0.13,330,8,5.0,0.12,360,11,4.54,0.15,350,7,1.42,0.1,270,9,2.22,0.21,410,9,0.0,0.19,390
2025-10,5175,3.61,1.42,2,5,49,0,0,0.21,6,3.33,0.18,470,9,4.44,0.17,420,11,0.0,0.22,460,7,0.0,0.21,430,8,1.25,0.2,450,8,0.0,0.27,560
2025-10,5176,2.17,0.62,1,2,48,0,0,0.21,6,3.33,0.2,340,9,1.11,0.22,480,6,0.0,0.21,400,7,0.0,0.16,350,9,0.0,0.22,400,11,0.0,0.26,450
2025-10,5177,3.77,1.71,6,13,111,0,0,0.2,13,4.61,0.23,460,20,3.5,0.18,430,23,1.3,0.21,440,21,0.47,0.19,410,20,0.5,0.19,430,14,0.71,0.19,420
2025-10,5178,3.8,1.48,5,14,128,0,0,0.2,16,3.12,0.2,410,18,3.88,0.16,360,25,2.0,0.18,400,25,0.0,0.21,410,28,0.71,0.2,430,16,0.0,0.27,560
2025-10,5179,4.43,2.82,17,11,99,0,0,0.15,13,8.46,0.14,250,16,1.87,0.17,340,17,0.58,0.15,290,17,4.7,0.14,210,16,1.87,0.14,200,20,1.0,0.18,340
2025-10,5180,4.45,2.44,7,5,49,0,0,0.18,8,6.25,0.16,300,9,4.44,0.18,300,6,0.0,0.16,450,5,0.0,0.17,380,11,1.81,0.16,370,10,1.0,0.23,430
2025-10,5181,5.06,3.06,14,17,101,1,0,0.17,15,8.0,0.16,310,17,3.52,0.17,350,17,1.76,0.17,350,15,3.33,0.15,290,19,1.57,0.17,370,18,1.11,0.19,420
2025-10,5182,5.24,3.36,16,21,110,2,0,0.14,14,7.14,0.13,230,21,5.23,0.15,260,26,3.07,0.14,230,18,1.11,0.13,290,15,2.66,0.12,250,16,1.25,0.13,290
2025-10,5183,4.76,2.64,8,24,121,0,0,0.16,15,6.0,0.17,350,26,2.69,0.17,350,21,2.85,0.16,300,18,2.22,0.13,240,24,2.08,0.14,300,17,0.58,0.16,290
2025-10,5184,2.74,0.87,3,1,46,0,0,0.21,5,0.0,0.22,460,9,2.22,0.17,460,7,1.42,0.28,550,9,0.0,0.19,400,9,1.11,0.23,370,7,0.0,0.21,360
2025-10,5185,4.96,2.38,11,16,113,0,0,0.15,19,5.26,0.14,230,21,2.85,0.15,320,19,2.1,0.14,250,18,1.66,0.16,320,17,1.76,0.14,340,19,0.52,0.19,370
2025-10,5186,3.99,1.86,6,11,91,0,0,0.17,11,5.45,0.16,330,13,2.3,0.16,380,18,2.77,0.16,370,13,0.76,0.2,420,17,0.58,0.16,450,19,0.52,0.2,450
2025-10,5187,4.24,2.47,7,23,121,0,0,0.18,18,3.88,0.15,370,25,3.6,0.19,400,16,2.5,0.17,410,18,2.77,0.21,400,23,1.3,0.18,370,20,1.0,0.15,290
2025-10,5188,5.59,3.73,28,22,134,0,0,0.17,23,6.08,0.19,360,25,3.2,0.17,390,28,5.0,0.17,310,20,3.0,0.18,300,25,1.6,0.15,290,13,3.07,0.15,320
2025-10,5189,5.62,3.41,10,19,85,0,0,0.19,13,7.69,0.19,380,14,3.57,0.19,420,13,3.84,0.2,450,14,1.42,0.19,420,19,1.57,0.16,430,12,3.33,0.21,500
2025-10,5190,4.01,2.24,10,12,98,0,0,0.18,15,4.0,0.19,370,16,2.5,0.16,320,19,3.15,0.17,300,13,1.53,0.18,400,17,1.17,0.19,410,18,1.11,0.22,470
2025-10,5191,6.46,4.49,33,25,129,3,1,0.13,27,8.88,0.13,180,25,3.6,0.13,290,18,4.44,0.13,270,21,2.85,0.14,300,16,3.75,0.14,290,22,2.27,0.14,320
2025-10,5192,5.55,3.67,20,16,98,2,0,0.16,14,5.71,0.12,260,14,6.42,0.18,330,20,3.0,0.18,310,20,4.0,0.16,280,15,2.66,0.16,330,15,0.66,0.19,390
2025-10,5193,6.61,4.91,35,25,122,4,0,0.14,30,8.33,0.13,270,18,6.11,0.15,330,21,5.71,0.14,260,22,1.36,0.15,320,15,4.0,0.14,230,16,1.87,0.16,370
2025-10,5194,4.68,3.04,11,10,69,0,0,0.15,11,8.18,0.16,280,10,6.0,0.13,200,15,1.33,0.18,290,14,2.85,0.14,260,12,0.0,0.11,150,7,0.0,0.17,360
2025-10,5195,5.37,2.7,15,12,100,1,0,0.14,15,6.66,0.13,250,20,5.0,0.13,250,15,2.66,0.14,310,15,1.33,0.14,310,21,0.47,0.14,310,14,0.0,0.17,300
2025-10,5196,6.6,4.51,34,13,104,5,1,0.16,20,8.0,0.17,290,18,5.55,0.17,330,15,4.0,0.18,290,15,3.33,0.16,320,17,2.94,0.12,240,19,2.63,0.16,290
2025-10,5197,5.82,4.05,28,21,121,4,1,0.15,18,7.77,0.11,220,21,4.28,0.13,290,19,4.73,0.16,310,19,3.68,0.13,220,15,3.33,0.12,200,29,1.72,0.2,440
2025-10,5198,4.19,1.57,3,11,89,0,0,0.21,8,2.5,0.2,430,19,2.63,0.22,400,17,2.35,0.22,450,19,1.05,0.24,450,17,0.58,0.17,420,9,0.0,0.18,390
2025-10,5199,5.34,2.97,14,14,94,2,0,0.14,12,5.83,0.15,280,14,2.14,0.13,220,18,3.88,0.16,260,17,2.94,0.14,240,17,3.52,0.12,240,16,0.0,0.13,250
2025-10,5200,2.28,0.21,0,1,46,0,0,0.2,3,0.0,0.25,570,7,1.42,0.2,430,9,0.0,0.2,390,5,0.0,0.22,400,11,0.0,0.2,450,10,0.0,0.18,380
2025-10,5201,3.28,1.38,2,8,72,0,0,0.22,9,4.44,0.18,360,7,5.71,0.12,330,7,0.0,0.18,390,8,1.25,0.21,460,10,1.0,0.19,300,31,0.0,0.28,540
2025-10,5202,0.0,0.0,0,0,0,0,0,0.0,0,0.0,0.0,0,0,0.0,0.0,0,0,0.0,0.0,0,0,0.0,0.0,0,0,0.0,0.0,0,0,0.0,0.0,0
2025-10,5203,4.31,2.42,11,12,95,1,0,0.15,10,5.0,0.15,300,21,3.33,0.17,370,14,3.57,0.16,290,21,1.9,0.15,300,18,1.11,0.14,290,11,0.0,0.15,380
2025-10,5204,0.0,0.0,0,0,0,0,0,0.0,0,0.0,0.0,0,0,0.0,0.0,0,0,0.0,0.0,0,0,0.0,0.0,0,0,0.0,0.0,0,0,0.0,0.0,0
2025-10,5205,6.01,4.17,22,26,115,1,0,0.19,22,7.72,0.15,320,21,5.71,0.18,420,14,5.0,0.16,420,20,3.0,0.21,460,19,2.63,0.2,450,19,0.52,0.21,510
2025-10,5206,4.55,2.71,12,17,107,0,0,0.14,18,4.44,0.14,230,21,4.28,0.15,260,14,2.14,0.13,150,15,2.0,0.14,230,18,2.77,0.15,300,21,0.47,0.14,290
2025-10,5207,4.5,2.57,11,16,105,2,0,0.15,12,5.83,0.2,330,20,2.0,0.19,410,21,3.81,0.16,380,21,2.38,0.15,280,15,1.33,0.11,290,16,0.62,0.12,240
2025-10,5208,4.14,2.15,11,11,102,0,0,0.15,12,7.5,0.17,270,18,3.88,0.15,290,23,0.87,0.15,240,18,2.22,0.15,310,17,0.0,0.14,330,14,0.0,0.17,360
2025-10,5209,2.27,0.4,0,2,49,0,0,0.23,1,0.0,0.21,400,4,0.0,0.2,550,5,4.0,0.19,500,8,0.0,0.25,580,14,0.0,0.23,460,17,0.0,0.24,530
2025-10,5210,4.09,2.06,5,7,58,0,0,0.16,7,5.71,0.16,260,7,4.28,0.16,370,13,1.53,0.16,390,10,1.0,0.17,380,9,2.22,0.16,370,12,0.0,0.16,380
2025-10,5211,3.8,1.75,2,14,91,0,0,0.18,7,2.85,0.21,360,18,2.22,0.2,460,18,2.77,0.15,270,20,0.5,0.17,330,15,1.33,0.15,310,13,1.53,0.23,400
2025-10,5212,5.33,3.39,11,26,109,2,0,0.14,13,6.92,0.11,210,22,4.54,0.15,310,21,3.33,0.11,220,24,2.08,0.14,270,16,3.12,0.15,220,13,0.76,0.18,380
2025-10,5213,5.52,3.8,21,22,113,2,0,0.18,16,7.5,0.17,300,20,5.5,0.17,380,18,5.0,0.17,340,22,3.63,0.18,400,24,0.83,0.19,390,12,0.83,0.2,460
2025-10,5214,5.36,2.78,16,13,104,1,0,0.16,14,5.71,0.19,380,21,3.33,0.16,370,23,3.04,0.13,340,13,4.61,0.15,290,19,0.52,0.21,420,14,0.0,0.15,360
2025-10,5215,4.88,2.35,2,2,17,0,0,0.16,2,5.0,0.13,300,4,2.5,0.18,280,4,2.5,0.13,280,3,3.33,0.18,330,2,0.0,0.15,400,2,0.0,0.23,350
2025-10,5216,5.6,3.93,34,23,145,3,0,0.15,28,5.35,0.17,370,24,4.58,0.16,310,26,5.38,0.15,280,25,4.0,0.13,220,25,2.4,0.13,260,17,0.58,0.16,310
2025-10,5217,6.66,4.75,37,22,124,5,1,0.16,25,8.4,0.16,270,17,4.11,0.16,340,18,2.77,0.15,290,20,6.0,0.13,310,20,3.0,0.15,290,24,3.33,0.2,410
2025-10,5218,5.93,4.23,22,17,92,0,0,0.15,18,7.77,0.19,260,14,5.71,0.12,240,17,3.52,0.14,210,15,4.0,0.16,240,14,0.71,0.15,310,14,2.85,0.13,330
2025-10,5219,4.52,2.69,5,9,52,0,0,0.17,5,4.0,0.18,320,7,2.85,0.19,410,8,3.75,0.14,240,10,3.0,0.15,340,8,5.0,0.15,290,14,0.0,0.19,340
2025-10,5220,6.36,4.8,33,29,129,1,0,0.14,21,9.04,0.14,220,18,5.0,0.16,310,26,3.84,0.14,300,26,5.76,0.12,230,23,2.6,0.15,300,15,2.0,0.13,280
2025-10,5221,6.48,4.7,32,16,102,3,0,0.15,22,8.63,0.14,260,16,4.37,0.18,340,20,5.5,0.13,280,17,3.52,0.13,310,11,1.81,0.19,410,16,1.87,0.12,320
2025-10,5222,5.93,3.81,24,24,126,2,0,0.16,26,6.15,0.18,360,26,3.46,0.17,380,16,5.62,0.15,310,17,1.76,0.13,320,25,3.2,0.15,310,15,2.0,0.18,420
2025-10,5223,4.46,2.34,12,15,115,0,0,0.17,13,5.38,0.13,210,18,3.88,0.17,410,24,2.91,0.18,360,27,1.85,0.17,370,22,0.45,0.17,300,11,0.0,0.21,300
2025-10,5224,6.98,5.12,34,28,121,7,0,0.15,30,8.66,0.12,260,20,5.5,0.16,340,19,7.89,0.12,300,15,2.0,0.14,330,17,2.35,0.2,450,20,1.5,0.18,490
2025-10,5226,5.82,3.95,26,23,124,1,0,0.15,22,7.27,0.15,320,25,6.4,0.16,330,19,4.73,0.13,260,21,2.38,0.15,320,20,1.5,0.14,370,17,0.0,0.17,460
2025-10,5227,2.5,0.55,0,1,18,0,0,0.2,2,5.0,0.06,400,2,0.0,0.24,450,4,0.0,0.28,450,2,0.0,0.16,300,4,0.0,0.2,300,4,0.0,0.2,400
2025-10,5228,5.58,3.22,8,2,31,1,0,0.16,6,8.33,0.17,280,4,2.5,0.13,280,7,4.28,0.16,300,3,0.0,0.13,370,6,1.66,0.16,280,5,0.0,0.2,460
2025-10,5229,5.99,4.22,30,27,135,3,0,0.15,23,8.26,0.16,320,21,4.76,0.15,350,22,5.0,0.15,250,25,2.4,0.16,350,25,2.4,0.12,230,19,2.63,0.16,360
2025-10,5230,4.13,1.8,4,7,61,0,0,0.16,6,5.0,0.13,280,9,1.11,0.14,320,11,5.45,0.14,240,11,0.0,0.15,310,13,0.76,0.19,380,11,0.0,0.21,480
2025-10,5231,5.49,3.47,15,17,92,0,0,0.15,14,7.85,0.13,290,15,7.33,0.14,280,18,0.55,0.18,340,19,2.63,0.14,290,15,1.33,0.15,220,11,1.81,0.16,300
2025-10,5232,4.83,2.7,9,17,96,0,0,0.14,13,6.15,0.17,340,21,2.85,0.14,300,17,3.52,0.11,240,17,2.35,0.12,240,14,0.71,0.17,310,13,0.76,0.15,330
2025-10,5234,6.07,4.28,18,24,98,2,0,0.16,15,8.0,0.18,310,19,4.21,0.17,370,18,3.88,0.14,360,16,3.75,0.15,270,14,5.71,0.14,260,16,0.62,0.18,440
2025-10,5235,2.45,1.02,1,4,49,0,0,0.18,6,3.33,0.18,500,8,2.5,0.16,360,9,1.11,0.17,400,6,0.0,0.25,420,10,0.0,0.14,320,10,0.0,0.21,420
2025-10,5236,3.19,0.92,2,9,119,0,0,0.19,0,0.0,0.0,0,0,0.0,0.0,0,0,0.0,0.0,0,39,2.05,0.17,340,37,0.54,0.2,450,43,0.23,0.2,470
2025-10,5237,4.64,2.69,10,14,89,0,0,0.14,12,7.5,0.13,310,15,4.66,0.15,270,14,2.14,0.14,290,12,1.66,0.17,280,17,1.17,0.13,250,19,0.52,0.14,250
2025-10,5238,5.72,4.09,29,23,127,0,0,0.14,19,9.47,0.15,250,25,3.2,0.16,320,21,3.81,0.14,230,24,5.0,0.12,220,26,1.92,0.12,230,12,0.83,0.17,330
2025-10,5239,5.18,3.15,19,17,114,0,0,0.16,18,6.66,0.15,370,17,5.88,0.18,360,25,2.8,0.15,280,16,1.87,0.16,320,20,1.5,0.18,340,18,0.55,0.15,380
2025-10,5240,3.64,1.47,7,6,88,0,0,0.17,10,4.0,0.21,410,14,2.14,0.18,360,17,1.76,0.12,250,11,0.9,0.18,340,16,0.62,0.17,330,20,0.5,0.17,350
2025-10,5241,4.03,2.36,4,14,76,0,0,0.16,9,2.22,0.18,360,13,3.84,0.17,320,12,4.16,0.16,340,12,1.66,0.13,280,12,2.5,0.16,230,16,0.62,0.15,360
2025-10,5242,3.94,1.96,9,11,102,0,0,0.17,12,5.83,0.11,190,20,2.5,0.16,300,24,1.66,0.2,380,12,0.83,0.16,380,17,1.17,0.19,330,17,0.58,0.16,360
2025-10,5243,5.5,3.83,22,21,112,0,0,0.14,21,6.19,0.13,290,19,4.21,0.13,280,14,4.28,0.16,250,20,2.5,0.15,300,22,3.63,0.14,320,16,1.87,0.15,330
2025-10,5244,3.78,1.1,4,7,100,0,0,0.14,10,6.0,0.14,300,19,0.52,0.14,260,21,1.9,0.15,220,20,0.0,0.15,300,19,0.0,0.11,230,11,0.0,0.15,360
2025-10,5245,5.21,3.21,11,16,84,4,0,0.17,12,5.83,0.18,400,14,2.85,0.19,370,16,3.12,0.18,340,12,4.16,0.15,330,20,3.0,0.15,270,10,0.0,0.19,420
2025-10,5246,4.74,2.61,11,12,88,1,0,0.19,14,6.42,0.17,380,14,2.85,0.18,390,13,2.3,0.18,370,16,3.12,0.17,380,14,1.42,0.2,360,17,0.0,0.23,540
2025-10,5247,4.25,1.98,4,17,106,1,0,0.16,9,3.33,0.19,440,21,3.81,0.15,370,20,1.5,0.15,370,21,1.9,0.16,320,23,1.3,0.16,310,12,0.0,0.16,330
2025-10,5248,3.42,1.84,3,11,76,0,0,0.22,8,2.5,0.28,530,13,3.84,0.18,430,16,1.87,0.23,460,9,2.22,0.23,460,13,1.53,0.18,380,17,0.0,0.25,440
2025-10,5249,4.58,2.54,8,20,110,0,0,0.16,14,3.57,0.19,350,20,2.0,0.18,390,18,2.77,0.14,270,22,3.18,0.16,300,17,2.35,0.16,310,19,1.57,0.14,270
2025-10,5250,4.21,2.34,8,11,81,2,0,0.2,10,4.0,0.19,290,15,2.66,0.21,380,17,4.11,0.15,260,15,1.33,0.19,330,12,0.83,0.2,400,12,0.83,0.26,510
2025-10,5251,2.54,0.0,0,0,48,0,0,0.19,7,0.0,0.26,520,11,0.0,0.17,290,6,0.0,0.15,330,8,0.0,0.25,410,5,0.0,0.18,460,11,0.0,0.16,330
2025-10,5252,5.76,3.79,15,18,87,1,0,0.15,11,8.18,0.15,250,19,4.21,0.14,300,17,3.52,0.15,320,15,3.33,0.17,280,14,2.14,0.16,320,11,1.81,0.15,350
2025-10,5253,4.67,2.82,13,9,78,0,0,0.17,11,4.54,0.18,280,10,4.0,0.12,260,11,4.54,0.13,220,8,3.75,0.13,250,11,1.81,0.11,200,27,1.11,0.24,470
2025-10,5254,3.93,1.69,3,9,71,0,0,0.17,3,6.66,0.19,400,4,0.0,0.23,530,21,3.33,0.16,310,12,1.66,0.12,230,16,0.62,0.21,430,15,0.0,0.16,300
2025-10,5255,6.15,4.63,31,26,123,2,1,0.17,19,7.89,0.17,390,22,5.9,0.16,330,26,5.38,0.18,370,17,3.52,0.15,260,20,2.5,0.17,340,19,2.1,0.16,280
2025-10,5256,6.43,4.48,40,29,154,4,0,0.13,31,7.41,0.14,270,25,5.6,0.13,300,23,4.34,0.14,290,28,3.92,0.12,210,27,2.22,0.12,260,20,2.5,0.14,290
2025-10,5257,6.74,5.12,38,23,119,4,0,0.15,22,6.81,0.15,340,21,6.19,0.14,360,18,5.55,0.15,290,26,6.15,0.14,280,15,3.33,0.17,330,17,1.17,0.17,410
2025-10,5258,4.32,2.44,8,15,94,0,0,0.17,10,5.0,0.16,350,19,3.15,0.18,400,13,6.15,0.14,210,14,0.0,0.19,390,15,2.66,0.18,290,23,0.0,0.18,380
2025-10,5259,3.43,1.52,7,9,105,0,0,0.15,11,4.54,0.09,150,20,3.0,0.12,260,20,1.0,0.14,260,17,0.58,0.15,230,16,0.62,0.18,350,21,0.47,0.2,450
2025-10,5261,3.46,0.97,5,3,82,0,0,0.19,11,3.63,0.19,270,14,1.42,0.17,460,13,0.76,0.21,350,15,0.66,0.2,390,21,0.0,0.18,380,8,0.0,0.19,490
2025-10,5262,3.98,1.59,4,11,94,0,0,0.2,9,3.33,0.2,460,19,2.63,0.17,380,17,1.17,0.15,400,16,1.87,0.22,460,19,1.05,0.22,440,14,0.0,0.26,560
2025-10,5263,3.6,1.42,4,8,84,0,0,0.18,8,2.5,0.17,330,17,1.76,0.17,360,16,1.87,0.16,360,15,1.33,0.19,350,15,1.33,0.2,370,13,0.0,0.21,420
2025-10,5264,4.08,2.23,7,16,103,0,0,0.16,13,4.61,0.17,350,19,2.1,0.19,360,15,0.66,0.16,310,17,2.94,0.14,250,17,0.58,0.14,260,22,2.72,0.18,330
2025-10,5265,3.12,1.53,5,9,91,0,0,0.17,11,3.63,0.18,350,13,2.3,0.18,360,17,0.58,0.13,220,16,1.25,0.18,330,13,0.76,0.2,410,21,1.42,0.19,400
2025-10,5266,3.54,1.07,6,4,93,0,0,0.17,13,3.07,0.17,330,15,1.33,0.16,360,18,1.11,0.19,380,16,0.0,0.18,390,13,1.53,0.16,330,18,0.0,0.17,390
2025-10,5267,6.63,5.28,44,20,121,4,2,0.15,26,8.46,0.16,370,21,5.71,0.17,360,18,3.33,0.13,290,18,4.44,0.14,250,20,5.0,0.13,300,18,3.33,0.16,410
2025-10,5268,2.36,0.69,4,1,72,0,0,0.23,4,2.5,0.18,400,8,1.25,0.19,500,6,1.66,0.2,380,3,0.0,0.21,470,9,2.22,0.17,300,42,0.0,0.27,550
2025-10,5269,5.45,3.27,26,11,113,2,0,0.13,17,8.23,0.13,230,21,3.33,0.14,260,19,3.15,0.14,260,21,3.33,0.14,210,18,0.55,0.14,270,17,1.17,0.11,220
2025-10,5270,3.65,1.25,5,6,88,0,0,0.17,10,2.0,0.18,420,17,2.35,0.18,380,15,2.0,0.16,350,16,0.62,0.18,380,15,0.66,0.16,390,15,0.0,0.19,420
2025-10,5271,3.52,1.4,3,7,71,0,0,0.17,7,2.85,0.19,310,11,2.72,0.16,350,15,2.0,0.15,300,12,0.83,0.18,370,16,0.62,0.18,320,10,0.0,0.21,530
2025-10,5272,3.79,1.79,6,8,78,0,0,0.18,9,4.44,0.15,340,11,3.63,0.17,290,14,3.57,0.14,280,13,0.76,0.16,320,15,0.0,0.21,370,16,0.0,0.22,440
2025-10,5273,4.14,2.61,14,15,111,0,0,0.18,16,5.0,0.21,390,17,4.7,0.17,410,21,2.85,0.16,250,22,1.36,0.21,350,22,1.81,0.17,370,13,0.0,0.14,290
2025-10,5274,4.6,2.66,12,13,94,1,0,0.19,10,7.0,0.18,440,12,1.66,0.18,410,22,2.27,0.18,360,22,3.18,0.2,360,15,2.66,0.21,440,13,0.0,0.18,430
2025-10,5275,5.6,4.35,21,26,108,0,0,0.15,17,7.05,0.14,330,16,4.37,0.18,310,24,3.75,0.16,320,18,3.88,0.16,280,21,4.76,0.12,270,12,1.66,0.14,300
2025-10,5276,5.21,3.13,16,20,115,2,0,0.16,14,7.85,0.17,360,18,2.77,0.15,360,22,3.18,0.18,260,30,3.0,0.15,280,19,1.57,0.17,340,12,0.83,0.17,390
2025-10,5277,4.98,2.83,18,12,106,0,0,0.15,14,6.42,0.15,300,19,3.68,0.15,300,21,2.38,0.15,260,12,4.16,0.15,350,24,0.83,0.15,320,16,1.25,0.13,290
2025-10,5278,6.45,4.9,32,21,108,1,0,0.14,22,8.63,0.14,230,19,2.63,0.14,280,16,5.0,0.15,260,16,3.12,0.15,300,21,5.23,0.13,270,14,3.57,0.15,340
2025-10,5279,5.47,3.33,20,11,93,0,0,0.16,13,5.38,0.17,290,18,4.44,0.16,310,20,3.5,0.16,310,18,2.22,0.16,320,14,3.57,0.14,200,10,0.0,0.13,400
2025-10,5280,6.02,3.82,29,18,123,2,0,0.17,24,7.91,0.17,350,20,4.5,0.14,290,17,3.52,0.16,340,24,2.91,0.16,370,19,2.1,0.17,330,19,1.05,0.21,490
2025-10,5281,6.25,4.28,20,19,91,3,0,0.14,15,6.0,0.14,240,13,3.84,0.14,240,19,6.31,0.14,260,14,2.85,0.14,290,14,4.28,0.11,190,16,1.87,0.15,240
2025-10,5282,3.65,1.82,8,9,93,0,0,0.17,10,6.0,0.16,320,21,1.9,0.18,370,19,2.1,0.17,340,9,2.22,0.12,410,14,0.0,0.16,310,20,0.5,0.2,410
2025-10,5283,3.3,1.31,5,5,76,0,0,0.17,7,4.28,0.16,290,11,0.9,0.17,300,15,2.0,0.14,280,13,1.53,0.18,320,16,0.62,0.17,270,14,0.0,0.22,410
2025-10,5284,2.81,1.01,4,4,79,0,0,0.16,5,2.0,0.25,360,15,2.0,0.16,370,10,2.0,0.15,360,17,1.17,0.16,300,15,0.0,0.15,380,17,0.0,0.16,450
2025-10,5285,2.33,0.25,2,1,117,0,0,0.17,16,1.87,0.15,310,23,0.0,0.17,370,21,0.0,0.16,330,19,0.0,0.18,370,15,0.0,0.14,330,23,0.0,0.19,420
2025-10,5286,4.44,2.56,13,17,117,0,0,0.15,14,4.28,0.16,310,26,1.92,0.15,340,21,5.23,0.15,290,19,2.1,0.14,300,22,0.9,0.16,320,15,1.33,0.14,290
2025-10,5287,3.36,0.87,5,2,80,0,0,0.17,8,1.25,0.18,450,16,2.5,0.16,330,14,1.42,0.16,290,12,0.0,0.16,320,16,0.0,0.2,410,14,0.0,0.15,290
2025-10,5288,3.19,1.26,4,8,95,0,0,0.16,10,3.0,0.16,340,16,1.87,0.16,320,18,0.55,0.18,340,18,1.66,0.16,290,20,1.0,0.13,290,13,0.0,0.14,350
2025-10,5289,4.98,3.33,15,26,123,4,0,0.16,14,7.14,0.16,340,24,3.33,0.17,340,21,3.81,0.17,390,23,3.91,0.15,270,21,2.38,0.15,290,20,0.5,0.16,310
2025-10,5290,2.7,1.19,4,4,67,0,0,0.19,7,1.42,0.15,260,13,0.76,0.24,500,11,0.9,0.14,350,9,3.33,0.16,330,11,1.81,0.19,390,16,0.0,0.22,460
2025-10,5291,3.4,1.18,3,8,93,0,0,0.19,9,2.22,0.13,270,16,1.25,0.19,400,17,2.94,0.17,400,16,0.62,0.18,390,17,0.58,0.21,460,18,0.0,0.22,440
2025-10,5292,3.25,1.0,5,6,110,0,0,0.19,15,4.0,0.22,370,22,0.9,0.18,300,19,1.05,0.16,340,17,0.0,0.16,370,17,0.0,0.21,440,20,0.5,0.23,460
2025-10,5293,1.88,0.29,0,2,67,0,0,0.24,3,0.0,0.16,470,5,2.0,0.21,520,5,0.0,0.13,300,3,0.0,0.26,450,9,1.11,0.23,320,42,0.0,0.27,550
2025-10,5294,3.74,2.0,9,14,115,0,0,0.17,13,5.38,0.14,280,26,1.15,0.18,380,23,2.6,0.19,340,23,2.6,0.17,270,16,0.62,0.15,330,14,0.0,0.14,310
2025-10,5295,3.27,0.89,2,6,89,0,0,0.2,10,3.0,0.21,470,17,1.17,0.23,480,14,0.71,0.21,410,10,2.0,0.17,370,21,0.0,0.19,320,17,0.0,0.18,340
2025-10,5296,4.85,3.04,17,21,125,0,0,0.19,16,6.25,0.21,360,24,3.33,0.19,400,26,3.07,0.2,350,20,1.5,0.2,410,26,2.69,0.17,320,13,1.53,0.19,450
2025-10,5297,2.56,0.56,1,4,89,0,0,0.2,2,0.0,0.23,600,6,0.0,0.24,430,21,1.42,0.18,420,20,0.5,0.22,430,21,0.47,0.19,400,19,0.0,0.21,460
2025-10,5298,6.15,4.0,30,20,125,3,0,0.15,23,7.82,0.16,380,20,4.0,0.16,380,23,4.34,0.14,290,21,2.38,0.16,320,16,3.12,0.14,310,22,1.81,0.14,310
2025-10,5299,4.69,2.29,8,12,87,0,0,0.17,9,6.66,0.17,290,15,2.66,0.2,440,17,2.35,0.16,340,15,2.0,0.17,370,17,1.76,0.14,330,14,0.0,0.2,340
2025-10,5300,2.38,0.76,4,3,91,0,0,0.18,7,1.42,0.17,400,16,0.62,0.17,430,17,1.17,0.17,290,12,1.66,0.2,440,19,0.0,0.18,360,20,0.5,0.17,330
2025-10,5301,4.06,2.03,12,12,118,0,0,0.16,18,6.66,0.15,300,20,2.5,0.17,400,25,1.2,0.17,350,20,0.5,0.16,350,21,0.95,0.15,310,14,0.71,0.17,370
2025-10,5302,2.94,0.83,3,4,84,0,0,0.19,8,5.0,0.18,350,15,0.66,0.17,370,13,0.76,0.19,410,11,0.9,0.19,330,20,0.0,0.19,430,17,0.0,0.2,450
2025-10,5303,5.32,3.09,18,17,113,0,0,0.17,17,7.05,0.17,360,16,5.0,0.18,330,19,3.15,0.16,380,24,2.5,0.14,330,22,0.9,0.16,290,15,0.66,0.19,360
2025-10,5304,1.66,0.41,1,2,73,0,0,0.17,3,0.0,0.11,200,5,0.0,0.16,460,1,0.0,0.24,500,7,0.0,0.18,290,11,0.0,0.2,370,46,0.65,0.17,350
2025-10,5305,2.53,0.76,1,5,78,0,0,0.16,9,1.11,0.21,430,9,1.11,0.15,380,14,2.14,0.14,240,13,0.0,0.12,230,16,0.0,0.16,340,17,0.58,0.18,360
2025-10,5306,2.45,0.45,2,2,88,0,0,0.22,13,0.76,0.22,480,17,0.58,0.22,510,17,0.58,0.19,360,15,0.66,0.21,360,14,0.0,0.25,440,12,0.0,0.22,450
2025-10,5307,5.01,2.94,13,15,95,0,0,0.2,14,5.71,0.18,320,17,2.35,0.22,470,20,3.0,0.17,330,11,0.9,0.19,440,24,3.33,0.22,440,9,1.11,0.25,430
2025-10,5308,3.8,1.6,6,11,106,0,0,0.19,13,3.07,0.24,450,19,0.52,0.2,490,19,2.63,0.18,380,14,2.14,0.18,350,23,1.73,0.17,290,18,0.0,0.18,390
2025-10,5309,1.61,0.0,0,0,89,0,0,0.16,0,0.0,0.0,0,3,0.0,0.16,470,3,0.0,0.17,330,22,0.0,0.17,380,24,0.0,0.18,290,37,0.0,0.14,340
2025-10,5310,3.71,1.32,5,6,83,0,0,0.2,9,5.55,0.22,510,14,0.71,0.23,500,13,1.53,0.18,420,17,1.17,0.19,440,18,0.55,0.18,410,12,0.0,0.21,480
2025-10,5311,4.22,1.69,9,9,106,0,0,0.17,5,6.0,0.19,180,9,3.33,0.19,360,12,1.66,0.17,360,26,1.53,0.15,330,23,1.3,0.19,370,31,0.96,0.18,390
2025-10,5312,2.7,0.54,3,2,91,0,0,0.17,9,2.22,0.17,360,16,0.0,0.21,410,18,0.0,0.14,330,15,0.66,0.2,390,18,0.55,0.13,260,15,0.66,0.16,350
2025-10,5313,3.05,0.82,4,3,85,0,0,0.18,0,0.0,0.0,0,0,0.0,0.0,0,1,0.0,0.0,0,20,1.0,0.18,340,24,1.25,0.18,340,40,0.5,0.19,410
2025-10,5314,1.84,0.0,0,0,68,0,0,0.18,0,0.0,0.0,0,0,0.0,0.0,0,2,0.0,0.1,150,17,0.0,0.15,300,22,0.0,0.2,430,27,0.0,0.19,460
2025-10,5315,2.63,0.77,2,5,90,0,0,0.17,11,1.81,0.13,250,16,0.0,0.21,430,16,1.25,0.18,330,12,0.83,0.17,370,15,1.33,0.15,270,20,0.0,0.16,360
2025-10,5316,4.3,2.11,7,18,118,0,0,0.15,0,0.0,0.0,0,0,0.0,0.0,0,0,0.0,0.0,0,34,3.52,0.13,260,45,2.22,0.16,330,39,0.76,0.14,280
2025-10,5317,4.81,2.25,10,15,111,0,0,0.18,11,5.45,0.21,350,14,3.57,0.18,380,22,2.27,0.17,330,22,1.81,0.16,290,22,1.36,0.18,300,20,1.0,0.18,350
2025-10,5318,2.28,0.24,0,2,82,0,0,0.18,0,0.0,0.0,0,1,0.0,0.14,100,17,0.0,0.18,370,10,0.0,0.21,360,18,0.55,0.17,340,36,0.27,0.18,360
2025-10,5319,5.12,3.13,21,15,115,0,0,0.13,14,5.71,0.17,290,24,5.0,0.14,270,18,2.22,0.14,250,19,3.68,0.1,220,19,1.57,0.1,210,21,0.95,0.14,260
2025-10,5320,2.47,0.33,2,1,89,0,0,0.17,12,0.0,0.14,340,15,0.66,0.24,470,18,0.0,0.16,320,14,0.71,0.16,310,18,0.0,0.17,320,12,0.83,0.15,260
2025-10,5321,4.85,3.25,12,14,80,0,0,0.19,10,4.0,0.19,460,14,3.57,0.17,350,13,4.61,0.21,370,8,5.0,0.2,320,14,2.14,0.16,240,21,1.9,0.2,430
2025-10,5322,1.88,0.24,0,2,83,0,0,0.22,7,0.0,0.29,500,14,0.0,0.27,530,18,0.55,0.23,430,13,0.0,0.22,440,18,0.55,0.18,370,13,0.0,0.15,280
2025-10,5323,4.06,2.27,9,9,79,0,0,0.16,9,4.44,0.19,400,11,3.63,0.18,410,9,1.11,0.14,310,11,0.9,0.19,350,11,5.45,0.13,250,28,0.71,0.16,320
2025-10,5324,2.05,0.54,1,2,55,0,0,0.23,7,2.85,0.21,390,8,0.0,0.2,400,8,1.25,0.2,340,8,0.0,0.23,440,11,0.0,0.22,500,13,0.0,0.3,440
2025-10,5325,3.54,1.07,1,10,102,0,0,0.16,0,0.0,0.0,0,0,0.0,0.0,0,0,0.0,0.0,0,26,1.92,0.17,340,38,0.78,0.15,330,38,0.78,0.16,360
2025-10,5326,2.98,0.66,2,5,106,0,0,0.17,1,10.0,0.03,100,1,10.0,0.25,400,3,0.0,0.17,370,30,0.66,0.18,380,28,0.71,0.16,370,43,0.23,0.17,350
2025-10,5327,1.41,0.0,0,0,85,0,0,0.22,0,0.0,0.0,0,0,0.0,0.0,0,2,0.0,0.31,550,25,0.0,0.24,440,30,0.0,0.22,410,28,0.0,0.19,420
2025-10,5328,2.95,0.77,4,2,77,0,0,0.18,0,0.0,0.0,0,1,0.0,0.21,400,1,0.0,0.24,500,23,1.73,0.16,340,22,0.45,0.2,480,30,0.33,0.18,390
2025-10,5329,3.78,1.66,3,10,78,0,0,0.17,0,0.0,0.0,0,0,0.0,0.0,0,0,0.0,0.0,0,25,1.2,0.18,330,21,2.38,0.17,300,32,1.56,0.16,330
2025-10,5330,5.69,4.09,27,18,110,2,0,0.15,15,8.66,0.11,180,16,5.0,0.13,240,18,5.55,0.17,340,20,2.5,0.17,310,21,2.38,0.15,270,20,2.0,0.17,360
2025-10,5331,3.55,2.07,14,3,82,0,0,0.15,14,5.0,0.16,280,8,2.5,0.16,310,13,2.3,0.14,270,9,0.0,0.14,270,16,1.87,0.14,250,21,0.95,0.17,430
2025-10,5332,3.38,1.34,4,10,104,0,0,0.16,7,2.85,0.17,330,10,0.0,0.18,370,19,2.63,0.14,300,18,0.55,0.17,330,26,1.92,0.14,250,24,0.41,0.17,360
2025-10,5333,3.6,1.81,11,9,110,0,0,0.18,6,8.33,0.16,300,7,1.42,0.17,310,8,2.5,0.13,370,25,1.2,0.19,360,24,2.91,0.18,350,40,0.5,0.18,370
2025-10,5334,3.13,0.9,3,6,100,0,0,0.18,13,2.3,0.16,320,20,1.0,0.19,360,20,1.5,0.19,380,13,0.76,0.19,410,16,0.0,0.19,400,18,0.0,0.18,390
2025-10,5335,2.73,1.23,6,8,113,0,0,0.18,2,5.0,0.28,350,4,0.0,0.29,450,28,1.78,0.18,360,22,1.81,0.19,330,29,1.03,0.16,290,28,0.35,0.17,340
2025-10,5336,2.14,0.3,1,1,65,0,0,0.19,7,0.0,0.19,490,7,0.0,0.18,360,10,1.0,0.17,310,13,0.0,0.25,420,10,1.0,0.15,290,18,0.0,0.19,410
2025-10,5337,2.7,0.65,2,4,92,0,0,0.18,0,0.0,0.0,0,0,0.0,0.0,0,0,0.0,0.0,0,21,0.95,0.18,350,29,1.03,0.17,320,42,0.23,0.18,390
2025-10,5338,2.84,0.61,3,2,82,0,0,0.18,0,0.0,0.0,0,0,0.0,0.0,0,0,0.0,0.0,0,18,1.66,0.16,280,24,0.41,0.21,370,40,0.25,0.18,340
2025-10,5339,4.7,2.52,10,17,107,2,0,0.16,0,0.0,0.0,0,0,0.0,0.0,0,1,0.0,0.08,200,29,2.75,0.18,330,33,3.03,0.14,290,44,2.04,0.16,290
2025-10,5340,3.61,1.27,3,11,110,0,0,0.18,0,0.0,0.0,0,0,0.0,0.0,0,0,0.0,0.0,0,38,1.84,0.18,340,36,1.38,0.18,340,36,0.55,0.18,350
2025-10,5341,1.76,0.23,0,2,86,0,0,0.2,0,0.0,0.0,0,0,0.0,0.0,0,0,0.0,0.0,0,4,0.0,0.28,550,6,0.0,0.19,400,76,0.26,0.2,420
2025-10,5342,1.58,0.0,0,0,59,0,0,0.19,0,0.0,0.0,0,0,0.0,0.0,0,0,0.0,0.0,0,12,0.0,0.18,460,16,0.0,0.17,370,31,0.0,0.2,340
2025-10,5343,2.98,1.01,1,9,99,0,0,0.19,0,0.0,0.0,0,0,0.0,0.0,0,0,0.0,0.0,0,8,1.25,0.2,340,10,2.0,0.22,400,81,0.86,0.18,380
2025-10,5344,2.68,0.88,3,5,90,0,0,0.16,0,0.0,0.0,0,0,0.0,0.0,0,0,0.0,0.0,0,15,1.33,0.14,230,24,1.66,0.13,220,51,0.39,0.17,350
2025-10,5345,2.21,0.56,1,3,71,0,0,0.2,0,0.0,0.0,0,0,0.0,0.0,0,0,0.0,0.0,0,15,1.33,0.2,360,15,0.0,0.21,390,41,0.48,0.21,500
2025-10,5346,1.61,0.12,0,1,79,0,0,0.19,0,0.0,0.0,0,0,0.0,0.0,0,0,0.0,0.0,0,17,0.0,0.2,410,21,0.47,0.22,430,41,0.0,0.17,370
2025-10,5347,1.56,0.0,0,0,70,0,0,0.21,0,0.0,0.0,0,0,0.0,0.0,0,0,0.0,0.0,0,14,0.0,0.23,540,23,0.0,0.22,380,33,0.0,0.19,420
2025-10,5348,2.78,1.07,2,5,65,0,0,0.19,0,0.0,0.0,0,0,0.0,0.0,0,0,0.0,0.0,0,5,2.0,0.21,360,5,0.0,0.18,400,55,1.09,0.19,380
2025-10,5349,1.35,0.11,0,1,84,0,0,0.19,0,0.0,0.0,0,0,0.0,0.0,0,0,0.0,0.0,0,16,0.0,0.2,400,24,0.0,0.21,410,44,0.22,0.18,410
2025-10,5350,3.38,1.25,4,7,88,0,0,0.18,8,5.0,0.16,410,12,1.66,0.22,480,10,2.0,0.2,440,16,1.25,0.17,360,17,0.58,0.18,360,24,0.0,0.18,370
2025-10,5351,3.2,1.07,3,7,93,0,0,0.15,0,0.0,0.0,0,0,0.0,0.0,0,0,0.0,0.0,0,23,0.87,0.16,270,30,2.33,0.14,240,40,0.25,0.15,310
2025-10,5352,4.15,1.47,5,10,102,0,0,0.15,1,0.0,0.31,500,0,0.0,0.0,0,3,0.0,0.13,270,26,2.3,0.15,290,26,3.07,0.15,290,46,0.21,0.15,310
2025-10,5353,2.28,0.44,1,3,90,0,0,0.18,0,0.0,0.0,0,0,0.0,0.0,0,0,0.0,0.0,0,3,6.66,0.12,230,27,0.74,0.16,360,60,0.0,0.19,380
2025-10,5354,1.7,0.0,0,0,81,0,0,0.22,0,0.0,0.0,0,0,0.0,0.0,0,0,0.0,0.0,0,7,0.0,0.17,460,11,0.0,0.25,440,63,0.0,0.23,470
2025-10,5355,2.16,0.58,2,2,68,0,0,0.19,0,0.0,0.0,0,0,0.0,0.0,0,11,0.0,0.2,420,9,2.22,0.19,390,14,0.71,0.19,430,34,0.29,0.2,370
2025-10,5356,4.91,2.58,10,13,89,1,0,0.14,2,10.0,0.12,150,2,5.0,0.21,250,4,2.5,0.15,200,17,4.11,0.14,280,33,2.72,0.12,250,31,0.96,0.15,350
2025-10,5357,1.56,0.11,0,1,87,0,0,0.19,0,0.0,0.0,0,0,0.0,0.0,0,0,0.0,0.0,0,15,0.0,0.21,470,18,0.0,0.17,290,54,0.18,0.2,450
2025-10,5358,3.25,0.73,1,4,68,0,0,0.17,5,8.0,0.11,200,10,0.0,0.22,400,14,0.0,0.16,320,13,0.0,0.19,420,12,0.83,0.15,330,14,0.0,0.17,340
2025-10,5359,2.58,0.59,3,3,101,0,0,0.16,10,3.0,0.18,350,15,0.0,0.16,370,20,0.0,0.15,300,16,0.62,0.17,270,17,0.58,0.16,320,23,0.43,0.16,320
2025-10,5360,2.45,0.58,1,4,85,0,0,0.18,0,0.0,0.0,0,0,0.0,0.0,0,0,0.0,0.0,0,21,0.95,0.19,390,29,0.69,0.19,350,34,0.29,0.16,330
2025-10,5361,2.29,0.0,0,0,59,0,0,0.19,0,0.0,0.0,0,0,0.0,0.0,0,0,0.0,0.0,0,14,0.0,0.22,460,16,0.0,0.22,390,29,0.0,0.16,370
2025-10,5362,1.81,0.11,1,0,85,0,0,0.18,0,0.0,0.0,0,0,0.0,0.0,0,1,0.0,0.11,300,17,0.58,0.17,350,24,0.0,0.18,350,43,0.0,0.19,380
2025-10,5363,1.25,0.13,1,0,72,0,0,0.19,0,0.0,0.0,0,0,0.0,0.0,0,0,0.0,0.0,0,0,0.0,0.0,0,4,2.5,0.23,380,68,0.0,0.19,390
2025-10,5364,1.54,0.13,0,1,76,0,0,0.18,0,0.0,0.0,0,0,0.0,0.0,0,0,0.0,0.0,0,0,0.0,0.0,0,4,2.5,0.16,400,72,0.0,0.18,340
2025-10,5365,2.01,0.0,0,0,71,0,0,0.21,0,0.0,0.0,0,0,0.0,0.0,0,0,0.0,0.0,0,12,0.0,0.24,480,22,0.0,0.21,430,37,0.0,0.21,430
2025-10,5366,1.06,0.0,0,0,72,0,0,0.19,0,0.0,0.0,0,0,0.0,0.0,0,0,0.0,0.0,0,2,0.0,0.19,400,1,0.0,0.2,600,69,0.0,0.19,450
2025-10,5367,1.45,0.0,0,0,80,0,0,0.17,0,0.0,0.0,0,0,0.0,0.0,0,0,0.0,0.0,0,5,0.0,0.14,300,22,0.0,0.19,330,53,0.0,0.16,340
2025-10,5368,2.67,0.52,2,2,76,0,0,0.21,0,0.0,0.0,0,0,0.0,0.0,0,0,0.0,0.0,0,8,5.0,0.21,360,10,0.0,0.22,420,58,0.0,0.21,460
2025-10,5369,2.15,0.58,1,3,68,0,0,0.18,0,0.0,0.0,0,0,0.0,0.0,0,0,0.0,0.0,0,12,0.83,0.2,380,14,1.42,0.17,360,42,0.23,0.17,390
2025-10,5370,1.38,0.12,0,1,80,0,0,0.18,0,0.0,0.0,0,0,0.0,0.0,0,0,0.0,0.0,0,10,0.0,0.13,310,21,0.47,0.17,350,49,0.0,0.19,370
2025-10,5371,1.54,0.0,0,0,74,0,0,0.21,0,0.0,0.0,0,0,0.0,0.0,0,0,0.0,0.0,0,17,0.0,0.22,450,15,0.0,0.22,470,42,0.0,0.2,390
2025-10,5372,1.65,0.12,1,0,79,0,0,0.17,0,0.0,0.0,0,0,0.0,0.0,0,0,0.0,0.0,0,0,0.0,0.0,0,5,0.0,0.22,300,74,0.13,0.17,350
2025-10,5373,1.76,0.0,0,0,58,0,0,0.24,0,0.0,0.0,0,0,0.0,0.0,0,0,0.0,0.0,0,8,0.0,0.28,550,18,0.0,0.25,460,31,0.0,0.22,460
2025-10,5374,2.3,0.25,0,2,79,0,0,0.17,0,0.0,0.0,0,0,0.0,0.0,0,0,0.0,0.0,0,14,0.71,0.18,360,21,0.47,0.14,290,44,0.0,0.17,330
2025-10,5375,1.6,0.0,0,0,80,0,0,0.22,0,0.0,0.0,0,0,0.0,0.0,0,0,0.0,0.0,0,5,0.0,0.23,560,8,0.0,0.19,480,67,0.0,0.22,470
2025-10,5376,3.78,1.62,4,9,80,0,0,0.17,3,6.66,0.21,400,4,0.0,0.16,330,6,3.33,0.15,250,11,0.9,0.21,450,26,1.53,0.16,310,30,1.33,0.16,330
2025-10,5377,2.94,1.01,2,6,79,0,0,0.15,0,0.0,0.0,0,0,0.0,0.0,0,0,0.0,0.0,0,3,3.33,0.15,300,11,3.63,0.18,380,65,0.46,0.14,280
2025-10,5378,1.57,0.0,0,0,75,0,0,0.24,0,0.0,0.0,0,0,0.0,0.0,0,0,0.0,0.0,0,1,0.0,0.15,500,16,0.0,0.21,400,58,0.0,0.25,470
2025-10,5379,1.75,0.0,0,0,77,0,0,0.2,0,0.0,0.0,0,0,0.0,0.0,0,0,0.0,0.0,0,0,0.0,0.0,0,0,0.0,0.0,0,77,0.0,0.2,450
2025-10,5380,0.96,0.0,0,0,49,0,0,0.3,0,0.0,0.0,0,0,0.0,0.0,0,0,0.0,0.0,0,0,0.0,0.0,0,1,0.0,0.0,0,48,0.0,0.3,530
2025-10,5381,2.05,0.52,2,2,76,0,0,0.18,0,0.0,0.0,0,0,0.0,0.0,0,0,0.0,0.0,0,14,1.42,0.21,420,18,0.55,0.2,350,44,0.22,0.16,370
2025-10,5382,2.4,0.71,2,4,84,0,0,0.16,0,0.0,0.0,0,0,0.0,0.0,0,0,0.0,0.0,0,17,1.17,0.18,350,20,0.5,0.21,370,47,0.63,0.14,330
2025-10,5383,1.33,0.12,0,1,78,0,0,0.17,0,0.0,0.0,0,0,0.0,0.0,0,0,0.0,0.0,0,4,0.0,0.26,400,4,0.0,0.18,480,70,0.14,0.17,400
2025-10,5384,2.14,0.27,2,0,73,0,0,0.2,0,0.0,0.0,0,0,0.0,0.0,0,0,0.0,0.0,0,0,0.0,0.0,0,0,0.0,0.0,0,73,0.27,0.2,420
2025-10,5385,1.93,0.12,0,1,83,0,0,0.16,0,0.0,0.0,0,0,0.0,0.0,0,1,0.0,0.2,400,14,0.0,0.18,320,18,0.0,0.14,300,50,0.2,0.16,350
2025-10,5386,2.2,0.22,0,2,88,0,0,0.17,0,0.0,0.0,0,0,0.0,0.0,0,0,0.0,0.0,0,14,0.0,0.19,410,23,0.0,0.16,320,51,0.39,0.17,380
2025-10,5387,1.4,0.0,0,0,97,0,0,0.19,0,0.0,0.0,0,0,0.0,0.0,0,0,0.0,0.0,0,5,0.0,0.15,260,9,0.0,0.18,490,83,0.0,0.19,410
2025-10,5388,3.11,0.82,2,4,73,0,0,0.15,0,0.0,0.0,0,0,0.0,0.0,0,0,0.0,0.0,0,13,2.3,0.13,230,19,1.05,0.16,320,41,0.24,0.15,350
2025-10,5389,1.34,0.18,0,2,108,0,0,0.17,0,0.0,0.0,0,0,0.0,0.0,0,0,0.0,0.0,0,0,0.0,0.0,0,3,3.33,0.13,170,105,0.09,0.17,340
2025-10,5390,1.59,0.0,0,0,71,0,0,0.15,0,0.0,0.0,0,0,0.0,0.0,0,0,0.0,0.0,0,0,0.0,0.0,0,7,0.0,0.12,210,64,0.0,0.15,310
2025-10,5391,1.67,0.15,0,1,64,0,0,0.16,0,0.0,0.0,0,0,0.0,0.0,0,0,0.0,0.0,0,5,2.0,0.22,320,5,0.0,0.15,320,54,0.0,0.16,360
2025-10,5392,1.37,0.14,0,1,71,0,0,0.2,0,0.0,0.0,0,0,0.0,0.0,0,0,0.0,0.0,0,0,0.0,0.0,0,1,0.0,0.25,500,70,0.14,0.2,420
2025-10,5393,1.38,0.0,0,0,69,0,0,0.22,0,0.0,0.0,0,0,0.0,0.0,0,0,0.0,0.0,0,0,0.0,0.0,0,1,0.0,0.12,400,68,0.0,0.23,480
2025-10,5394,2.14,0.14,0,1,71,0,0,0.2,0,0.0,0.0,0,0,0.0,0.0,0,0,0.0,0.0,0,0,0.0,0.0,0,1,0.0,0.31,500,70,0.14,0.2,430
2025-10,5395,1.33,0.0,0,0,67,0,0,0.23,0,0.0,0.0,0,0,0.0,0.0,0,0,0.0,0.0,0,0,0.0,0.0,0,1,0.0,0.2,500,66,0.0,0.23,470
2025-10,5396,1.55,0.12,1,0,78,0,0,0.2,0,0.0,0.0,0,0,0.0,0.0,0,0,0.0,0.0,0,0,0.0,0.0,0,0,0.0,0.0,0,78,0.12,0.2,420
2025-10,5397,1.13,0.0,0,0,68,0,0,0.2,0,0.0,0.0,0,0,0.0,0.0,0,0,0.0,0.0,0,0,0.0,0.0,0,0,0.0,0.0,0,68,0.0,0.2,410
2025-10,5398,2.54,0.31,1,2,94,0,0,0.18,0,0.0,0.0,0,0,0.0,0.0,0,0,0.0,0.0,0,7,0.0,0.18,340,7,0.0,0.13,290,80,0.37,0.19,370
2025-10,5399,1.15,0.0,0,0,68,0,0,0.23,0,0.0,0.0,0,0,0.0,0.0,0,0,0.0,0.0,0,0,0.0,0.0,0,0,0.0,0.0,0,68,0.0,0.23,470
2025-10,5400,1.16,0.0,0,0,73,0,0,0.2,0,0.0,0.0,0,0,0.0,0.0,0,0,0.0,0.0,0,0,0.0,0.0,0,0,0.0,0.0,0,72,0.0,0.2,440
2025-10,5401,1.39,0.14,1,0,69,0,0,0.2,0,0.0,0.0,0,0,0.0,0.0,0,0,0.0,0.0,0,0,0.0,0.0,0,1,0.0,0.2,500,68,0.14,0.2,410
2025-10,5402,1.35,0.0,0,0,66,0,0,0.18,0,0.0,0.0,0,0,0.0,0.0,0,0,0.0,0.0,0,0,0.0,0.0,0,1,0.0,0.19,200,65,0.0,0.18,400
2025-10,5403,1.74,0.26,0,2,76,0,0,0.19,0,0.0,0.0,0,0,0.0,0.0,0,0,0.0,0.0,0,0,0.0,0.0,0,0,0.0,0.0,0,76,0.26,0.19,440
2025-10,5404,1.58,0.0,0,0,81,0,0,0.24,0,0.0,0.0,0,0,0.0,0.0,0,0,0.0,0.0,0,0,0.0,0.0,0,1,0.0,0.32,500,80,0.0,0.24,500
2025-10,5405,1.4,0.0,0,0,72,0,0,0.19,0,0.0,0.0,0,0,0.0,0.0,0,0,0.0,0.0,0,1,0.0,0.24,600,2,0.0,0.31,450,69,0.0,0.19,420
2025-10,5406,1.08,0.0,0,0,65,0,0,0.24,0,0.0,0.0,0,0,0.0,0.0,0,0,0.0,0.0,0,0,0.0,0.0,0,1,0.0,0.05,200,64,0.0,0.24,470
2025-10,5407,1.58,0.14,0,1,69,0,0,0.22,0,0.0,0.0,0,0,0.0,0.0,0,0,0.0,0.0,0,0,0.0,0.0,0,0,0.0,0.0,0,69,0.14,0.22,450
2025-10,5408,1.41,0.0,0,0,68,0,0,0.21,0,0.0,0.0,0,0,0.0,0.0,0,0,0.0,0.0,0,0,0.0,0.0,0,0,0.0,0.0,0,68,0.0,0.21,450
2025-10,5409,1.38,0.0,0,0,72,0,0,0.17,0,0.0,0.0,0,0,0.0,0.0,0,0,0.0,0.0,0,0,0.0,0.0,0,0,0.0,0.0,0,72,0.0,0.17,310
2025-10,5410,1.27,0.0,0,0,67,0,0,0.21,0,0.0,0.0,0,0,0.0,0.0,0,0,0.0,0.0,0,0,0.0,0.0,0,0,0.0,0.0,0,67,0.0,0.21,390
2025-10,5411,1.31,0.0,0,0,67,0,0,0.19,0,0.0,0.0,0,0,0.0,0.0,0,0,0.0,0.0,0,0,0.0,0.0,0,0,0.0,0.0,0,67,0.0,0.19,370
2025-10,5412,1.39,0.13,0,1,76,0,0,0.18,0,0.0,0.0,0,0,0.0,0.0,0,0,0.0,0.0,0,0,0.0,0.0,0,3,0.0,0.19,330,73,0.13,0.18,430
2025-10,5413,1.41,0.14,0,1,70,0,0,0.17,0,0.0,0.0,0,0,0.0,0.0,0,0,0.0,0.0,0,0,0.0,0.0,0,2,0.0,0.38,500,68,0.14,0.16,330
2025-10,5414,1.23,0.0,0,0,62,0,0,0.21,0,0.0,0.0,0,0,0.0,0.0,0,0,0.0,0.0,0,0,0.0,0.0,0,0,0.0,0.0,0,62,0.0,0.21,410
2025-10,5415,1.08,0.0,0,0,71,0,0,0.25,0,0.0,0.0,0,0,0.0,0.0,0,0,0.0,0.0,0,0,0.0,0.0,0,1,0.0,0.14,100,70,0.0,0.25,510
2025-10,5416,1.91,0.44,2,1,68,0,0,0.19,0,0.0,0.0,0,0,0.0,0.0,0,0,0.0,0.0,0,0,0.0,0.0,0,0,0.0,0.0,0,68,0.44,0.19,400
2025-10,5417,1.91,0.14,0,1,67,0,0,0.18,0,0.0,0.0,0,0,0.0,0.0,0,0,0.0,0.0,0,0,0.0,0.0,0,1,0.0,0.1,300,65,0.15,0.18,370
2025-10,5418,1.13,0.0,0,0,71,0,0,0.22,0,0.0,0.0,0,0,0.0,0.0,0,0,0.0,0.0,0,1,0.0,0.21,500,1,0.0,0.25,500,69,0.0,0.21,440
2025-10,5419,1.69,0.0,0,0,81,0,0,0.22,0,0.0,0.0,0,0,0.0,0.0,0,0,0.0,0.0,0,0,0.0,0.0,0,0,0.0,0.0,0,81,0.0,0.22,460
2025-10,5420,1.32,0.0,0,0,65,0,0,0.21,0,0.0,0.0,0,0,0.0,0.0,0,0,0.0,0.0,0,0,0.0,0.0,0,2,0.0,0.32,500,63,0.0,0.2,420
2025-10,5421,0.0,0.0,0,0,0,0,0,0.0,0,0.0,0.0,0,0,0.0,0.0,0,0,0.0,0.0,0,0,0.0,0.0,0,0,0.0,0.0,0,0,0.0,0.0,0
2025-10,5422,0.0,0.0,0,0,0,0,0,0.0,0,0.0,0.0,0,0,0.0,0.0,0,0,0.0,0.0,0,0,0.0,0.0,0,0,0.0,0.0,0,0,0.0,0.0,0
2025-10,5423,0.0,0.0,0,0,0,0,0,0.0,0,0.0,0.0,0,0,0.0,0.0,0,0,0.0,0.0,0,0,0.0,0.0,0,0,0.0,0.0,0,0,0.0,0.0,0
2025-10,5424,0.0,0.0,0,0,0,0,0,0.0,0,0.0,0.0,0,0,0.0,0.0,0,0,0.0,0.0,0,0,0.0,0.0,0,0,0.0,0.0,0,0,0.0,0.0,0
2025-10,5425,0.0,0.0,0,0,0,0,0,0.0,0,0.0,0.0,0,0,0.0,0.0,0,0,0.0,0.0,0,0,0.0,0.0,0,0,0.0,0.0,0,0,0.0,0.0,0
2025-10,5426,0.0,0.0,0,0,0,0,0,0.0,0,0.0,0.0,0,0,0.0,0.0,0,0,0.0,0.0,0,0,0.0,0.0,0,0,0.0,0.0,0,0,0.0,0.0,0
2025-10,5427,0.0,0.0,0,0,0,0,0,0.0,0,0.0,0.0,0,0,0.0,0.0,0,0,0.0,0.0,0,0,0.0,0.0,0,0,0.0,0.0,0,0,0.0,0.0,0
2025-10,5428,0.0,0.0,0,0,0,0,0,0.0,0,0.0,0.0,0,0,0.0,0.0,0,0,0.0,0.0,0,0,0.0,0.0,0,0,0.0,0.0,0,0,0.0,0.0,0
2025-10,5429,0.0,0.0,0,0,0,0,0,0.0,0,0.0,0.0,0,0,0.0,0.0,0,0,0.0,0.0,0,0,0.0,0.0,0,0,0.0,0.0,0,0,0.0,0.0,0
2025-10,5430,0.0,0.0,0,0,0,0,0,0.0,0,0.0,0.0,0,0,0.0,0.0,0,0,0.0,0.0,0,0,0.0,0.0,0,0,0.0,0.0,0,0,0.0,0.0,0
2025-10,5431,0.0,0.0,0,0,0,0,0,0.0,0,0.0,0.0,0,0,0.0,0.0,0,0,0.0,0.0,0,0,0.0,0.0,0,0,0.0,0.0,0,0,0.0,0.0,0
2025-10,5432,0.0,0.0,0,0,0,0,0,0.0,0,0.0,0.0,0,0,0.0,0.0,0,0,0.0,0.0,0,0,0.0,0.0,0,0,0.0,0.0,0,0,0.0,0.0,0
2025-10,5433,0.0,0.0,0,0,0,0,0,0.0,0,0.0,0.0,0,0,0.0,0.0,0,0,0.0,0.0,0,0,0.0,0.0,0,0,0.0,0.0,0,0,0.0,0.0,0
2025-10,5434,0.0,0.0,0,0,0,0,0,0.0,0,0.0,0.0,0,0,0.0,0.0,0,0,0.0,0.0,0,0,0.0,0.0,0,0,0.0,0.0,0,0,0.0,0.0,0
2025-10,5435,0.0,0.0,0,0,0,0,0,0.0,0,0.0,0.0,0,0,0.0,0.0,0,0,0.0,0.0,0,0,0.0,0.0,0,0,0.0,0.0,0,0,0.0,0.0,0
2025-10,5436,0.0,0.0,0,0,0,0,0,0.0,0,0.0,0.0,0,0,0.0,0.0,0,0,0.0,0.0,0,0,0.0,0.0,0,0,0.0,0.0,0,0,0.0,0.0,0
2025-10,5437,0.0,0.0,0,0,0,0,0,0.0,0,0.0,0.0,0,0,0.0,0.0,0,0,0.0,0.0,0,0,0.0,0.0,0,0,0.0,0.0,0,0,0.0,0.0,0
2025-10,5438,0.0,0.0,0,0,0,0,0,0.0,0,0.0,0.0,0,0,0.0,0.0,0,0,0.0,0.0,0,0,0.0,0.0,0,0,0.0,0.0,0,0,0.0,0.0,0
2025-10,5439,0.0,0.0,0,0,0,0,0,0.0,0,0.0,0.0,0,0,0.0,0.0,0,0,0.0,0.0,0,0,0.0,0.0,0,0,0.0,0.0,0,0,0.0,0.0,0
2025-10,5440,0.0,0.0,0,0,0,0,0,0.0,0,0.0,0.0,0,0,0.0,0.0,0,0,0.0,0.0,0,0,0.0,0.0,0,0,0.0,0.0,0,0,0.0,0.0,0
2025-10,5441,0.0,0.0,0,0,0,0,0,0.0,0,0.0,0.0,0,0,0.0,0.0,0,0,0.0,0.0,0,0,0.0,0.0,0,0,0.0,0.0,0,0,0.0,0.0,0
2025-10,5442,0.0,0.0,0,0,0,0,0,0.0,0,0.0,0.0,0,0,0.0,0.0,0,0,0.0,0.0,0,0,0.0,0.0,0,0,0.0,0.0,0,0,0.0,0.0,0
2025-10,5443,0.0,0.0,0,0,0,0,0,0.0,0,0.0,0.0,0,0,0.0,0.0,0,0,0.0,0.0,0,0,0.0,0.0,0,0,0.0,0.0,0,0,0.0,0.0,0
2025-10,5444,0.0,0.0,0,0,0,0,0,0.0,0,0.0,0.0,0,0,0.0,0.0,0,0,0.0,0.0,0,0,0.0,0.0,0,0,0.0,0.0,0,0,0.0,0.0,0