tree
version=v4
num_class=1
num_tree_per_iteration=1
label_index=0
max_feature_idx=40
objective=lambdarank
feature_names=展示 風速 波高 天気 風向 当地勝率 級 身長 体重 勝率 複勝率 優出回数 優勝回数 平均スタートタイミング 1コース進入回数 1コース複勝率 1コース平均スタートタイミング 1コース平均スタート順位 2コース進入回数 2コース複勝率 2コース平均スタートタイミング 2コース平均スタート順位 3コース進入回数 3コース複勝率 3コース平均スタートタイミング 3コース平均スタート順位 4コース進入回数 4コース複勝率 4コース平均スタートタイミング 4コース平均スタート順位 5コース進入回数 5コース複勝率 5コース平均スタートタイミング 5コース平均スタート順位 6コース進入回数 6コース複勝率 6コース平均スタートタイミング 6コース平均スタート順位 1着率 2着率 3着率
feature_infos=[6.4500000000000002:7.2599999999999998] [0:10] [0:10] -1:0:1:2 -1:5:1:0:6:3:7:4:2 [0:10.949999999999999] -1:2:0:1:3 [140:176] [41:70] [0:8.9000000000000004] [0:78.400000000000006] [0:13] [0:7] [0:0.28999999999999998] [0:102] [0:100] [0:0.54000000000000004] [0:6] [0:103] [0:100] [0:0.55000000000000004] [0:6] [0:53] [0:100] [0:0.40000000000000002] [0:6] [0:47] [0:100] [0:0.40999999999999998] [0:6] [0:51] [0:100] [0:0.62] [0:6] [0:132] [0:100] [0:0.58999999999999997] [0:6] [0:60.600000000000001] [0:37.100000000000001] [0:34.299999999999997]
tree_sizes=1495 1721 1307 1615 1416 1518 1740 1702 1370 1320 1476 1606 1675 1135 1533 1451 1598 1744 1244 1367 1624 1226 1149 1585 1561 1362 1465 1580 1374 1470 1778 1592 1817 1302 1775 1811 1783 1597 1812 1086 1080 1572 1828 1667 1800 1455 1679 1772 1076 1586 1698 1711 1141 1668 1482 1711 1841 1769 1858 1066 1052 1839 1115 1715 1750 1706 1491 1427 1623 1608 1604 1195 1506 1787 1409 1735 1854 1703 1145 1406 1729 1502 1815 1310 1388 1303 1691 1673 1522 1819 1753 1591 1624 1831 1635 1633 1364 1645 1536 1416 1882 1269 1808 1831 1393 1064 1706 1451 1810 1220 1244 1884 1877 1712 1486 1729 1777 1433 1787 1694 1115 1427 1676 1748 1720 1677 1759 1765 1413 1853 1583 1088 1702 1091 1616 1823 1753 1731 1730 1567 1852 1746 1197 1698 1737 1190 1654 1822 1485 1527 1733 1415 1313 1637 1539 1740 1837 1769 1646 1198 1731 1712 1803 1799 1849 1664 1861 1657 1686 1503 1610 1617 1718 1827 1491 1820 1147 1717 1195 1802 1872 1848 1817 1393 1811 1853 1868 1652 1611 1320 1869 1747 1839 1412 1744 1429 1863 1429 1595 1817 1737 1841 1628 1859 1526 1540 1518 1691 1594 1411 1676 1134 1313 1750 1835 1854 1859 1815 1215 1493 1865 1856 1705 1573 1119 1116 1686 1840 1728 1384 1886 1831 1311 1727 1725 1364 1817 1478 1418 1815 1759 1368 1731 1869 1479 1864 1717 1753 1846 1499 1852 1107 1844 1851 1862 1607 1407 1744 1715 1739 1836 1767 1802 1870 1127 1340 1509 1810 1714 1752 791 794 1101 1416 1404 1849 1868 1820 1866 1776 1824 1181 1866 1202 1839 1801 1833 1835 1839 1092 1860 1849 1848 1218 1395 1193 993 1707 1707 1833 1619 1550 1653 1882 1737 1887 1508 1849 1641 1865 1846 1874 1317 1838 1616 1180 1823 1324 1462 1414 1119 872 1753 1188 1744 1530 1363 1517 1721 1717

Tree=0
num_leaves=13
num_cat=0
split_feature=38 9 38 5 38 27 8 40 5 30 38 9
split_gain=249.266 65.5052 20.809 10.5568 9.48458 7.91251 3.72063 2.90656 2.1985 1.35494 1.1197 0.350317
threshold=9.2500000000000018 5.8950000000000005 3.0500000000000003 7.6450000000000005 16.750000000000004 41.100000000000009 55.500000000000007 15.250000000000002 7.5750000000000011 23.500000000000004 34.95000000000001 3.9950000000000006
decision_type=10 10 10 2 10 10 10 10 2 10 10 10
left_child=2 3 -1 4 -2 8 9 -5 -3 -4 -7 -8
right_child=1 5 6 7 -6 10 11 -9 -10 -11 -12 -13
leaf_value=-0.33482611838899262 -0.0056285291457695954 0.12069401928634686 -0.20177834632473005 0 0.085507079691510487 0.14793846951045742 -0.12090625255218025 -0.085804262526519556 0.040715539949614694 -0.05778879825783427 0.23723267651171367 -0.028883304418663124
leaf_weight=42.764246840029955 117.78597670048475 48.862102273851633 78.16429378837347 24.710059229284525 63.485429085791111 121.89944943413138 19.722621913999319 56.237347289919853 50.410100072622299 12.282272368669508 30.959552314132452 20.376452825963497
leaf_count=429 931 356 795 204 452 831 176 522 414 103 174 168
internal_value=-0.00161614 0.0663683 -0.205775 -0.000688803 0.0239047 0.13781 -0.159634 -0.0611533 0.0847168 -0.187303 0.169226 -0.0855554
internal_weight=687.66 514.35 173.31 262.219 181.271 252.131 130.546 80.9474 99.2722 90.4466 152.859 40.0991
internal_count=5555 3884 1671 2109 1383 1775 1242 726 770 898 1005 344
is_linear=0
shrinkage=0.196372


Tree=1
num_leaves=15
num_cat=2
split_feature=9 9 23 4 27 4 21 35 35 26 38 26 9 23
split_gain=168.641 37.8643 20.513 14.6146 14.0347 26.9196 13.2248 12.2347 14.8096 9.57773 9.29227 8.73568 10.1848 8.70686
threshold=4.8450000000000006 6.3450000000000006 21.150000000000002 0 36.750000000000007 1 2.9500000000000006 21.550000000000001 12.250000000000002 22.500000000000004 26.950000000000003 6.5000000000000009 3.4650000000000003 30.200000000000003
decision_type=10 10 10 9 10 9 10 10 10 10 10 10 10 10
left_child=2 4 11 13 9 -6 -5 8 -3 -2 -9 -1 -13 -4
right_child=1 7 3 6 5 -7 -8 10 -10 -11 -12 12 -14 -15
leaf_value=-0.23809212073311797 -0.03873058941705701 0.088121044408179278 0.050185269523636382 0.0082920059834154288 -0.026748582234167616 0.072744309192428233 -0.12695488284557391 0.018666888190620304 0.0053573872204311654 0.020713158312792988 0.13095060107202169 0 -0.14046726512135738 -0.071736941503911286
leaf_weight=41.349778544157743 288.83939833566546 176.33881762251258 61.846983198076487 28.139399316161871 164.79582832381129 246.82919173687696 124.90138854458928 45.461435861885548 181.33690725266933 152.93340373784304 176.53976665437222 29.596101943403482 162.84945927932858 34.715912111103535
leaf_count=346 909 308 181 85 416 524 463 99 366 438 337 168 798 117
internal_value=-0.000212784 0.033388 -0.100714 -0.0584258 0.0065018 0.0329573 -0.0931353 0.0721874 0.0474295 -0.0171476 0.109995 -0.143872 -0.121084 0.00154361
internal_weight=1916.47 1433.07 483.399 249.604 853.398 411.625 153.041 579.677 357.676 441.773 222.001 233.795 192.446 96.5629
internal_count=5555 3397 2158 846 2287 940 548 1110 674 1347 436 1312 966 298
cat_boundaries=0 1 2
cat_threshold=33 172
is_linear=0
shrinkage=0.196372


Tree=2
num_leaves=11
num_cat=0
split_feature=10 38 10 31 25 37 8 31 37 14
split_gain=89.6412 29.2564 18.0554 14.2728 12.8444 9.70152 9.61541 7.06875 5.66774 3.73967
threshold=36.750000000000007 4.7500000000000009 59.900000000000006 27.550000000000004 3.0500000000000003 3.0500000000000003 54.500000000000007 4.9000000000000012 2.5500000000000003 13.500000000000002
decision_type=10 10 10 10 10 10 10 10 10 10
left_child=1 9 5 7 -5 8 -7 -3 -2 -1
right_child=2 3 -4 4 -6 6 -8 -9 -10 -11
leaf_value=-0.18178797145338751 0.034337256528876411 0.0057807964345342171 0.16000185188894012 -0.050810415182812804 0.1020698525321718 0.028156145704488312 0.083432917160809861 -0.059747540646006653 -0.039580599021257462 -0.0043715602443993177
leaf_weight=72.756753196939826 64.751168716698885 60.285148305818439 48.841400049626827 32.93906943500042 48.781674327328801 465.83256123028696 188.66343979351223 428.77717382926494 95.267972908914089 10.483069932088254
leaf_count=662 145 299 104 119 178 1258 475 1905 284 85
internal_value=0 -0.0545988 0.0417666 -0.0376903 0.0350568 0.0340923 0.04479 -0.0507635 -0.00689293 -0.164833
internal_weight=1517.38 654.023 863.357 570.783 81.7207 814.515 654.496 489.062 160.019 83.2398
internal_count=5514 3248 2266 2501 297 2162 1733 2204 429 747
is_linear=0
shrinkage=0.196372


Tree=3
num_leaves=14
num_cat=1
split_feature=10 10 5 26 3 39 23 0 22 5 15 18 9
split_gain=61.7815 19.06 13.8993 12.2226 11.2264 10.473 8.41998 7.95243 7.39915 6.5068 6.25259 5.15215 1.74477
threshold=28.450000000000003 42.750000000000007 6.3100000000000014 9.5000000000000018 0 21.050000000000004 32.650000000000006 6.7550000000000008 27.500000000000004 1.0000000180025095e-35 27.000000000000004 17.500000000000004 4.0150000000000006
decision_type=10 10 2 10 1 10 10 2 10 2 10 10 10
left_child=3 4 9 12 6 -6 -2 11 -4 -3 -9 -5 -1
right_child=1 2 8 7 5 -7 -8 10 -10 -11 -12 -13 -14
leaf_value=-0.19577900632750972 0.0077910431501899795 0.028308877379571527 0.042659449338537506 -0.054042253261979832 0.046515770293454738 -0.03930253576947805 -0.066118679312305931 0 -0.028293516666801893 0.15275252441846257 -0.12130841263300546 0.010007998505300849 -0.026672146848704645
leaf_weight=37.599192609079182 85.312997441738844 34.165094681084156 386.90601099655032 113.42656768299639 199.46104582957923 70.169948801398277 142.03330415859818 13.764284256845711 58.433620493859053 68.221842005848885 87.987250737845898 66.874526478350163 9.4911097679287177
leaf_count=464 344 100 1040 650 725 283 513 93 162 162 555 349 74
internal_value=0 0.023455 0.0487744 -0.0740827 -0.00356581 0.0225232 -0.0364508 -0.0561539 0.032344 0.115699 -0.101806 -0.0278419 -0.171353
internal_weight=1373.85 1044.7 547.727 329.143 496.977 269.631 227.346 282.053 445.34 102.387 101.752 180.301 47.0903
internal_count=5514 3329 1464 2185 1865 1008 857 1647 1202 262 648 999 538
cat_boundaries=0 1
cat_threshold=1
is_linear=0
shrinkage=0.196372


Tree=4
num_leaves=12
num_cat=1
split_feature=9 10 24 14 1 22 4 35 22 28 21
split_gain=38.666 16.5415 13.6112 9.15032 8.59887 7.34151 5.79756 5.00741 3.74991 2.91236 0.994256
threshold=4.745000000000001 59.550000000000004 0.17500000000000002 13.500000000000002 1.5000000000000002 14.500000000000002 0 12.250000000000002 18.500000000000004 0.12500000000000003 2.9500000000000006
decision_type=10 10 10 10 2 10 9 10 10 8 8
left_child=5 2 3 -2 -4 9 8 -8 -7 -1 -11
right_child=1 -3 4 -5 -6 6 7 -9 -10 10 -12
leaf_value=0 0.12105134837791552 0.14165716914866258 0.028450398592603818 0.018756221601097023 -0.040695405658118119 0.071422772681142721 -0.084404630762520333 0.0022738963822044071 -0.029608867691108091 -0.045020585271342624 -0.1429730695767491
leaf_weight=8.7749132281169278 37.97250447049737 37.634495005011559 86.336931781843305 594.25362853892148 262.7325270306319 25.579201443120837 105.46875055227429 21.162575926631689 24.613923689350486 20.173999666236341 68.889621409587562
leaf_count=123 156 115 367 1959 963 152 722 125 138 214 595
internal_value=-0.00374177 0.013524 0.00812811 0.0256406 -0.0223151 -0.0693701 -0.0413491 -0.0615834 0.0109747 -0.115286 -0.125918
internal_weight=1293.59 1018.93 981.296 632.226 349.069 274.663 176.824 126.631 50.1931 97.8385 89.0636
internal_count=5629 3560 3445 2115 1330 2069 1137 847 290 932 809
cat_boundaries=0 1
cat_threshold=9
is_linear=0
shrinkage=0.196372


Tree=5
num_leaves=13
num_cat=0
split_feature=38 19 19 27 12 36 27 20 34 27 38 16
split_gain=28.6736 10.2086 10.0886 10.3372 9.30521 9.07043 8.98673 7.30238 7.93169 6.93044 3.7775 2.52899
threshold=14.750000000000002 13.800000000000002 56.900000000000013 38.000000000000007 1.0000000180025095e-35 0.17500000000000002 25.450000000000003 0.14500000000000005 6.5000000000000009 44.600000000000001 8.8500000000000032 0.17500000000000002
decision_type=10 10 10 10 10 10 10 10 10 10 10 10
left_child=1 10 3 4 -2 11 -7 -4 -9 -5 -1 -3
right_child=2 5 7 9 -6 6 -8 8 -10 -11 -12 -13
leaf_value=-0.15364054218862672 -0.051694885548360638 -0.037135482167698644 -0.012133024460104601 0.051239663462900972 0.037723574968315604 -0.042005084524495077 0.032021772801925821 0.17182180431658667 0.047804771608856059 -0.00020919397210677877 0 -0.12359812112270586
leaf_weight=45.168337566778064 179.9286069534719 45.466716220602393 44.472363740205765 178.68751228973269 53.804390922188759 156.6448598112911 100.31019512843341 27.796048805117607 160.20831457525492 193.42871646769345 13.61824609339237 46.753510577604175
leaf_count=570 778 255 133 550 190 1132 528 72 497 556 78 290
internal_value=-0.00394216 -0.0469122 0.0164457 0.00232237 -0.0291976 -0.0323849 -0.0113772 0.0513083 0.0686714 0.0233186 -0.12525 -0.0859558
internal_weight=1246.29 407.962 838.326 605.849 233.733 349.175 256.955 232.477 188.004 372.116 58.7866 92.2202
internal_count=5629 2853 2776 2074 968 2205 1660 702 569 1106 648 545
is_linear=0
shrinkage=0.196372


Tree=6
num_leaves=15
num_cat=0
split_feature=9 9 9 38 17 38 10 20 27 33 13 34 14 5
split_gain=31.3321 12.7141 5.85872 5.42852 5.08314 12.0767 7.11385 4.87524 4.59552 3.79826 3.78015 2.88397 0.390212 0.175549
threshold=6.0650000000000004 4.0750000000000011 7.1450000000000005 7.1500000000000012 2.7500000000000004 31.150000000000002 49.150000000000013 0.16500000000000004 42.000000000000007 3.2500000000000004 0.15500000000000003 13.500000000000002 32.500000000000007 3.9050000000000007
decision_type=10 10 10 10 10 10 10 8 10 10 10 10 10 2
left_child=1 3 4 13 6 -6 -2 10 -9 -5 -3 12 -4 -1
right_child=2 7 11 9 5 -7 -8 8 -10 -11 -12 -13 -14 -15
leaf_value=-0.033428939841346671 -0.023100119121905033 -0.023674915764714286 0.15383884228320263 0.069130854726590488 0.075370255747964646 -0.051179701029761722 0.048688304041480633 -0.030218320704168012 0.020548771258316133 -0.069102467828513189 0.039373124743072356 0.022268560487003725 0.063177212399218877 -0.13213008975635845
leaf_weight=14.282406316138802 113.59719024784863 44.845248499885201 31.490996524691582 11.538012917153539 172.00170635804534 30.497293744236231 94.756882503628731 364.66597952973098 73.762654537335038 18.722790433093905 112.88282659649849 30.491840608417988 27.152701359242201 54.075067580677569
leaf_count=195 369 198 103 69 507 96 259 1975 292 132 529 83 92 687
internal_value=0.00537176 -0.0211763 0.0431435 -0.0869933 0.0315252 0.0540874 0.00743555 -0.00951714 -0.020659 -0.00171025 0.0186282 0.0915255 0.119782 -0.11815
internal_weight=1194.76 694.775 499.989 98.6183 410.853 202.499 208.354 596.157 438.429 30.2608 157.728 89.1355 58.6437 68.3575
internal_count=5586 4077 1509 1083 1231 603 628 2994 2267 201 727 278 195 882
is_linear=0
shrinkage=0.196372


Tree=7
num_leaves=15
num_cat=0
split_feature=38 0 23 27 19 39 27 5 15 21 0 33 40 5
split_gain=23.4497 9.48325 8.06981 7.09893 5.98494 5.75327 4.42414 4.12622 4.71377 4.26631 4.00454 2.85871 2.61983 0.512683
threshold=16.750000000000004 6.8150000000000004 21.550000000000001 54.350000000000009 26.500000000000004 20.650000000000002 32.850000000000001 7.035000000000001 54.750000000000007 4.0500000000000007 6.8550000000000013 2.7500000000000004 15.250000000000002 6.6350000000000007
decision_type=10 2 8 10 10 10 10 2 8 10 2 10 10 2
left_child=2 3 6 4 -2 10 11 9 -9 -4 -3 -1 -5 -8
right_child=1 5 7 12 -6 -7 13 8 -10 -11 -12 -13 -14 -15
leaf_value=0 -0.051835351612582174 -0.035141886799895238 -0.012299070160234763 0.15096056613839448 0.032793620897925126 -0.093747850298726274 0.020467085428552939 0.056955816214171735 -0.016157732483361217 -0.10085090517949707 0.071784120760801193 -0.10084236876698555 0.046402865631174919 -0.030028110166025454
leaf_weight=15.150390342809258 30.254722032696009 30.341477744281292 127.59066101163626 29.56889171525836 527.33998326025903 34.443832006305456 16.010250976309184 58.041439923457801 67.842979266308248 30.071391835808754 22.480293579399586 95.299284003209323 39.816085144877434 14.179234270006416
leaf_count=178 126 116 641 89 1835 119 94 382 433 191 77 1073 122 110
internal_value=0.0050757 0.0271261 -0.0310016 0.035903 0.0273878 -0.0307923 -0.0700128 -0.0100496 0.01407 -0.0321135 0.00209588 -0.0882086 0.0976631 0
internal_weight=1138.43 714.245 424.186 626.98 557.595 87.2656 140.639 283.546 125.884 157.662 52.8218 110.45 69.385 30.1895
internal_count=5586 2484 3102 2172 1961 312 1455 1647 815 832 193 1251 211 204
is_linear=0
shrinkage=0.196372


Tree=8
num_leaves=12
num_cat=0
split_feature=38 11 31 18 27 22 37 22 5 17 23
split_gain=25.6233 8.7345 5.34958 7.07729 5.26534 7.30307 4.74693 2.20702 1.90186 1.03942 0.447885
threshold=10.15 7.5000000000000009 8.9500000000000011 18.500000000000004 27.900000000000002 23.500000000000004 4.2500000000000009 22.500000000000004 6.6550000000000011 2.6500000000000008 27.550000000000004
decision_type=10 10 10 10 10 10 10 10 2 10 10
left_child=2 4 3 -1 5 -2 -6 8 -4 -3 -5
right_child=1 9 7 10 6 -7 -8 -9 -10 -11 -12
leaf_value=-0.14469421143301428 0 0.12157802838523933 -0.043996897312712689 -0.035134780076226446 0.029590092233957394 -0.11240465529233214 -0.0076271291148280107 -0.12033411453367972 0.006447698840785946 0.028893036656075424 0.018819858262653196
leaf_weight=53.66477132588625 171.5380920637399 34.282920442521572 45.637288084253669 10.857072807848455 504.28581949323416 25.815932001918554 155.68387895077467 10.491793745197354 46.911665942519903 23.239787749946117 9.9784051962196809
leaf_count=694 892 113 433 108 1972 141 574 83 463 89 57
internal_value=0.00336274 0.017 -0.0643471 -0.10698 0.0114242 -0.0154599 0.0201385 -0.0290669 -0.0136837 0.0920655 0
internal_weight=1092.39 914.846 177.541 74.5002 857.324 197.354 659.97 103.041 92.549 57.5227 20.8355
internal_count=5619 3781 1838 859 3579 1033 2546 979 896 202 165
is_linear=0
shrinkage=0.196372


Tree=9
num_leaves=11
num_cat=0
split_feature=19 0 39 33 24 20 34 17 7 24
split_gain=16.0462 7.02778 8.29315 5.66972 6.50458 5.64228 5.46648 5.32508 5.19737 3.50688
threshold=36.750000000000007 6.5950000000000006 12.350000000000003 2.3500000000000001 0.16500000000000004 0.18500000000000003 18.500000000000004 2.4500000000000006 166.50000000000003 0.17500000000000002
decision_type=10 2 10 10 10 10 10 10 10 10
left_child=1 -1 9 7 5 -5 -6 -2 -4 -3
right_child=3 2 8 4 6 -7 -8 -9 -10 -11
leaf_value=0.082344221773420628 0.005216090341529288 -0.1410522011452891 -0.038326888454447018 0.053653140261781335 -0.0072511786455890749 -0.027747595309673207 0.051433062769384932 -0.11323028344416421 0.021726804975024817 -0.044676045959428222
leaf_weight=17.309339077211916 24.256500110030174 38.265186265576631 150.09424610063434 304.14645315892994 261.22114540729672 29.127512872219086 77.307178357616067 22.232949007302523 78.019299601204693 56.657361633144319
leaf_count=103 98 476 902 1160 1168 115 384 74 472 667
internal_value=0.0035124 -0.0310847 -0.038586 0.0205277 0.0255395 0.0451943 0.00486289 -0.0421761 -0.0158415 -0.088421
internal_weight=1058.64 340.345 323.036 718.292 671.802 333.274 338.528 46.4894 228.114 94.9225
internal_count=5619 2620 2517 2999 2827 1275 1552 172 1374 1143
is_linear=0
shrinkage=0.196372


Tree=10
num_leaves=13
num_cat=0
split_feature=9 15 0 38 27 20 27 39 27 5 17 15
split_gain=12.4885 9.4018 9.04557 6.78905 11.8314 6.68344 5.30692 4.42458 4.04518 4.01688 2.39792 1.54813
threshold=6.705000000000001 83.500000000000014 6.7550000000000008 29.250000000000004 41.550000000000004 0.16500000000000004 44.600000000000001 14.65 44.600000000000001 8.3450000000000006 2.8500000000000001 80.300000000000011
decision_type=10 10 2 8 10 8 8 10 10 2 10 10
left_child=2 8 3 4 -1 7 -7 -4 -2 10 -3 -10
right_child=1 9 5 -5 -6 6 -8 -9 11 -11 -12 -13
leaf_value=-0.0066380313599599785 0.046390446419488175 0.071667397583062051 -0.087329457586127715 -0.081084218363474167 0.056898589126996676 -0.041148379299080814 -0.14525244292258829 0.02024113611710544 -0.067523335137933307 0.008067640918878554 0.19089779167697535 0
leaf_weight=368.71365091064945 46.243410266935825 37.471540946513414 17.360370493493974 31.502990833483636 157.32419325225055 157.92169854324311 27.666202139109373 89.16322617419064 25.181204035878181 24.73707303404808 22.725314363837242 22.515345428138971
leaf_count=2372 155 147 187 98 601 1192 122 374 83 95 70 82
internal_value=0.000985551 0.0484932 -0.0085031 0.0054774 0.0115355 -0.0366908 -0.0592045 0 0.000764725 0.095935 0.124538 -0.0342117
internal_weight=1028.53 178.874 849.652 557.541 526.038 292.111 185.588 106.524 93.94 84.9339 60.1969 47.6965
internal_count=5578 632 4946 3071 2973 1875 1314 561 320 312 217 165
is_linear=0
shrinkage=0.196372


Tree=11
num_leaves=14
num_cat=0
split_feature=9 19 26 31 23 35 37 14 23 33 33 23 19
split_gain=9.72679 5.0429 7.59055 7.78325 4.78471 4.29696 5.33224 4.86652 4.05427 5.19149 3.9539 2.03174 1.66615
threshold=6.3450000000000006 52.300000000000004 22.500000000000004 14.900000000000002 57.400000000000013 11.650000000000002 2.9500000000000006 12.500000000000002 45.650000000000006 2.6500000000000008 2.5500000000000003 62.20000000000001 59.70000000000001
decision_type=10 10 10 10 10 10 10 8 10 10 10 10 10
left_child=1 5 3 -3 8 7 -7 -1 9 -2 -10 -6 -4
right_child=4 2 12 -5 11 6 -8 -9 10 -11 -12 -13 -14
leaf_value=0.00076044566461500561 0.090014335101025009 0.095379604307393687 0.10780791401922342 -0.055269874091864658 -0.046548398767515972 -0.06457791463063163 0.016170095109168919 -0.047513209121262244 0 -0.0022699392906686952 0.088713170151859061 0.015615286558544298 0.0077606696680284576
leaf_weight=92.94126936327666 27.822664134204388 16.04404029995203 34.858171612024307 54.569285436533391 35.27581425756216 37.695941287092865 181.64638902060688 248.63990100100636 22.646349348127842 97.622617118060589 95.87817339040339 33.450473930686712 20.80027524381876
leaf_count=1034 94 83 127 272 125 240 994 1625 78 354 324 143 85
internal_value=0.0017361 -0.0108547 0.0230109 -0.0145894 0.030814 -0.0192754 0.00022173 -0.0330868 0.044099 0.0147807 0.0713082 -0.00989557 0.078537
internal_weight=999.891 687.195 126.272 70.6133 312.696 560.924 219.342 341.581 243.97 125.445 118.525 68.7263 55.6584
internal_count=5578 4460 567 355 1118 3893 1234 2659 850 448 402 268 212
is_linear=0
shrinkage=0.196372


Tree=12
num_leaves=15
num_cat=0
split_feature=38 19 0 17 9 23 22 0 27 19 23 28 29 29
split_gain=8.5553 4.08253 3.74335 6.18069 5.29288 4.88379 4.3259 6.97578 5.37551 3.28309 1.13886 1.05823 0.597786 0.247577
threshold=7.1500000000000012 26.000000000000004 6.745000000000001 2.6500000000000008 7.1250000000000009 27.900000000000002 21.500000000000004 6.6850000000000014 53.70000000000001 30.700000000000006 12.900000000000002 0.17500000000000002 2.8500000000000001 3.3500000000000001
decision_type=10 10 2 10 10 10 10 2 10 10 10 8 10 8
left_child=1 11 6 4 -4 -5 7 -2 -8 -3 -11 12 -1 -13
right_child=2 9 3 5 -6 -7 8 -9 -10 10 -12 13 -14 -15
leaf_value=-0.054836535135344193 0 0.084176135328350679 0.0012897107148249125 0.0086235180607289446 0.12507398200752154 -0.051345041367319405 -0.018239222578527215 0.057983748809181834 0.073611462901121666 0 -0.086463699083982257 -0.0040378385071247946 0 -0.13824095258859267
leaf_weight=9.8590462484862673 158.79008908942342 10.373060745187106 117.63734574988484 61.037171916104853 16.156740982085466 157.78989175334573 196.68328127078712 160.17921740654856 27.030962537974119 7.5581010347232249 12.567260736599563 7.9755886993370941 8.353508619591592 27.06718792533502
leaf_count=230 787 91 598 407 58 784 860 785 104 85 135 113 112 426
internal_value=-0.00157469 -0.0618183 0.00357833 -0.0114875 0.0197244 -0.0325986 0.0141862 0.0290981 -0.00509931 0 -0.0503775 -0.0945827 -0.0198075 -0.120499
internal_weight=979.058 83.7538 895.305 352.621 133.794 218.827 542.684 318.969 223.714 30.4984 20.1254 53.2553 18.2126 35.0428
internal_count=5575 1192 4383 1847 656 1191 2536 1572 964 311 220 881 342 539
is_linear=0
shrinkage=0.196372


Tree=13
num_leaves=10
num_cat=0
split_feature=35 39 5 5 31 0 39 19 17
split_gain=7.30914 4.72907 7.87307 10.7755 6.4707 4.9603 4.32383 2.7315 1.87915
threshold=30.200000000000003 16.850000000000005 6.3350000000000009 7.535000000000001 5.4500000000000002 6.7950000000000008 24.750000000000004 52.100000000000009 2.7500000000000004
decision_type=10 10 2 2 10 2 10 10 10
left_child=1 2 5 -4 -3 -1 8 -6 -2
right_child=6 4 3 -5 7 -7 -8 -9 -10
leaf_value=-0.084199917919252132 0.13849247570043383 0.099727122611939362 0.044127746666226514 -0.0468306388079524 -0.010877067241116546 0 0 0.0172169425952606 0.027241581812344876
leaf_weight=95.902728194138035 24.959115359932184 26.501750426366925 103.17236293200403 97.464640534482896 322.80277198273689 26.53469466092065 22.491855278611183 226.20912580285221 24.023117832839489
leaf_count=854 107 95 730 852 1587 247 92 902 109
internal_value=0 -0.00475369 -0.0240203 0 0.00529552 -0.0632157 0.0604031 0 0.0933067
internal_weight=970.062 898.588 323.074 200.637 575.514 122.437 71.4741 549.012 48.9822
internal_count=5575 5267 2683 1582 2584 1101 308 2489 216
is_linear=0
shrinkage=0.196372


Tree=14
num_leaves=13
num_cat=0
split_feature=10 31 7 0 29 10 37 38 22 31 26 13
split_gain=5.68944 6.50168 5.09707 5.26381 5.92066 3.56491 3.40251 3.33407 4.14066 2.42784 1.81793 1.77685
threshold=40.550000000000004 27.100000000000005 158.50000000000003 6.6350000000000007 3.5500000000000003 39.650000000000013 3.3500000000000001 14.250000000000002 17.500000000000004 19.600000000000005 24.500000000000004 0.17500000000000002
decision_type=10 10 10 2 10 8 10 10 10 10 10 10
left_child=1 5 6 10 -5 9 -2 11 -9 -1 -4 -3
right_child=2 7 3 4 -6 -7 -8 8 -10 -11 -12 -13
leaf_value=-0.011338393577820658 0.0039357746322547359 -0.076015864687791465 0.10999037606424136 -0.015008034456650655 0.052484037327174937 -0.1200327630285823 0.11414358922248398 0.10490772121802822 0.00016738492044708216 -0.050648732863748942 0.0021916019284933166 0.00052057350119123487
leaf_weight=298.55551874847151 30.298923373222351 13.478533739224074 23.004975270479918 285.7485209852457 59.802697353065014 17.360794691368937 31.431588783860207 31.274355148896575 43.958170544356108 96.412874973379076 20.710741516202688 18.816162358503789
leaf_count=2546 109 104 88 1150 230 87 106 132 210 685 80 116
internal_value=-0.00117956 -0.0155957 0.0144531 0.00488201 -0.00201846 -0.0273394 0.0674168 0.0252814 0.0497652 -0.0220797 0.0692837 -0.0180477
internal_weight=970.854 519.856 450.997 389.267 345.551 412.329 61.7305 107.527 75.2325 394.968 43.7157 32.2947
internal_count=5643 3880 1763 1548 1380 3318 215 562 342 3231 168 220
is_linear=0
shrinkage=0.196372


Tree=15
num_leaves=13
num_cat=0
split_feature=18 31 31 36 35 37 5 39 2 28 31 26
split_gain=6.96265 4.41835 3.32314 6.76778 6.48609 4.44215 4.05194 4.44051 4.28157 2.6055 2.12275 0.939836
threshold=26.500000000000004 29.300000000000001 26.800000000000001 0.17500000000000002 10.250000000000002 2.6500000000000008 8.6050000000000022 20.850000000000005 1.5000000000000002 0.18500000000000003 36.050000000000004 25.500000000000004
decision_type=10 10 10 10 10 10 2 10 2 10 10 10
left_child=2 9 6 5 -5 -4 7 -1 -8 11 -3 -2
right_child=1 10 3 4 -6 -7 8 -9 -10 -11 -12 -13
leaf_value=-0.020204705328950658 0.10984658644980398 -0.047985375177693489 0.043872478958607616 0 0.078330123632876017 -0.040325287928699348 0 0.02409253644779057 -0.10855446037513032 0 0.031943365357623668 0.023958320199166879
leaf_weight=385.6806212880183 42.989529924467206 23.80282225087285 26.679582629352808 61.929510136600584 78.464412624016404 106.09536656364799 14.764651285950093 104.93074928689748 35.276354768779129 21.659920535981655 25.823112634941936 23.078028339892626
leaf_count=2897 154 102 138 304 314 496 134 499 260 141 108 96
internal_value=0 0.0406699 -0.00709316 0.00955356 0.0406731 -0.020025 -0.0163255 -0.00981956 -0.0709659 0.0672679 0 0.0867161
internal_weight=951.175 137.353 813.821 273.169 140.394 132.775 540.652 490.611 50.041 87.7275 49.6259 66.0676
internal_count=5643 601 5042 1252 618 634 3790 3396 394 391 210 250
is_linear=0
shrinkage=0.196372


Tree=16
num_leaves=14
num_cat=0
split_feature=27 27 39 0 21 23 23 23 27 27 32 26 37
split_gain=8.40654 5.11127 5.20846 4.51409 5.1945 4.20886 3.9776 5.43175 2.98196 2.85394 1.68469 1.48011 1.29468
threshold=41.800000000000004 44.600000000000001 22.250000000000004 6.6250000000000009 2.8500000000000001 16.250000000000004 26.200000000000006 36.20000000000001 34.70000000000001 17.300000000000001 0.18500000000000003 2.5000000000000004 3.3500000000000001
decision_type=10 10 10 2 10 10 10 10 10 10 10 8 10
left_child=5 2 12 -3 -5 9 8 -8 -7 11 -11 -1 -2
right_child=1 3 -4 4 -6 6 7 -9 -10 10 -12 -13 -14
leaf_value=0 0.034626281422468819 0.086792297938233287 0 0.047020700140951222 -0.023095378144463351 0.043159452611297978 -0.041933427830922326 0.0015476627568495112 -0.03022324766738059 0.025031262182047601 -0.055872467315549179 -0.1173853791898678 0.12239125979833484
leaf_weight=5.5815334469079962 28.625014323741198 24.621591044589877 26.862103190273046 57.26923609431833 137.07613436412066 90.702229377813637 175.08047685772181 251.97260242234915 20.443238567560911 16.417476821690798 17.407429222483188 29.444626734824851 41.558353563770652
leaf_count=143 131 105 111 255 606 712 1040 1331 140 146 224 521 155
internal_value=0.000270225 0.0266964 0.0648872 0.0076983 -0.000122888 -0.0127597 -0.00597445 -0.0152511 0.0256428 -0.0591897 -0.00364626 -0.0998844 0.093114
internal_weight=923.062 316.012 97.0455 218.967 194.345 607.05 538.199 427.053 111.145 68.8511 33.8249 35.0262 70.1834
internal_count=5620 1363 397 966 861 4257 3223 2371 852 1034 370 664 286
is_linear=0
shrinkage=0.196372


Tree=17
num_leaves=15
num_cat=1
split_feature=18 15 23 30 38 4 25 23 30 35 39 29 24 30
split_gain=11.8582 5.58646 5.18841 4.90713 4.51663 4.43268 4.1354 4.0971 4.70112 3.55889 3.09635 2.85844 1.86761 1.0362
threshold=18.500000000000004 63.45000000000001 46.550000000000004 11.500000000000002 3.3500000000000001 0 3.6500000000000008 54.000000000000007 15.500000000000002 22.900000000000002 15.250000000000002 3.2500000000000004 0.17500000000000002 18.500000000000004
decision_type=10 10 10 8 10 9 10 10 10 10 8 10 10 10
left_child=2 5 3 4 -1 11 -7 12 -9 13 -5 -2 -3 -4
right_child=1 7 9 10 -6 6 -8 8 -10 -11 -12 -13 -14 -15
leaf_value=-0.090704679214038575 0.05492982431708706 0.046017875688709624 0.008566545200324455 -0.018046568509892079 0.065496158110291997 -0.10080452522858206 0 -0.087104716223812217 0.014824853964053496 0.084561810544871607 -0.069798281433614703 -0.021534722536364521 0.0088856765392063865 -0.044708864950998697
leaf_weight=7.7929112967103711 35.431410191580653 258.27172223478556 20.238429656252265 102.463293466717 28.028676251880825 39.448060058057308 12.276599552482365 22.719757594168186 58.742956854403019 21.430314034223557 151.93026993935928 30.021683949045837 106.4066853588447 20.04071800597012
leaf_count=221 201 1109 110 1087 225 260 112 107 251 90 944 265 523 115
internal_value=-0.000366414 0.0168035 -0.0291045 -0.0406042 0.0188601 -0.0191635 -0.0574202 0.0272495 -0.00831759 0.0177609 -0.0507302 0.0114021 0.0364117 -0.00706838
internal_weight=915.243 563.319 351.925 290.215 35.8216 117.178 51.7247 446.141 81.4627 61.7095 254.394 65.4531 364.678 40.2791
internal_count=5620 2828 2792 2477 446 838 372 1990 358 315 2031 466 1632 225
cat_boundaries=0 1
cat_threshold=195
is_linear=0
shrinkage=0.196372


Tree=18
num_leaves=11
num_cat=0
split_feature=21 0 10 1 26 26 30 26 5 14
split_gain=5.63517 5.10815 6.45788 5.32841 4.95662 3.81683 5.51343 4.70588 1.29862 0.867541
threshold=2.4500000000000006 6.6050000000000013 40.250000000000007 3.5000000000000004 23.500000000000004 23.500000000000004 20.500000000000004 25.500000000000004 8.0050000000000008 13.500000000000002
decision_type=10 2 10 2 10 10 10 10 2 8
left_child=4 2 3 -2 8 6 -3 -7 9 -1
right_child=1 5 -4 -5 -6 7 -8 -9 -10 -11
leaf_value=-0.036096604003384228 0.088815403988350014 -0.0032778646548535248 0.14020608766627171 -0.081273894174392902 0.0046727147478113525 -0.058786182053945576 0.039194631281863575 0 0 -0.15879162434994559
leaf_weight=16.436479934956878 13.440940046682956 370.1552105252631 23.102477967739105 14.593568225391207 19.185190357267857 82.705378212034702 163.00777612067759 142.33269339054823 7.3965264903381458 17.936832786537707
leaf_count=282 82 2577 86 116 90 387 1034 697 62 99
internal_value=0 0.00389375 0.0638376 0 -0.0578967 0 0.0088854 -0.0215982 -0.0970919 -0.113538
internal_weight=870.293 809.338 51.137 28.0345 60.955 758.201 533.163 225.038 41.7698 34.3733
internal_count=5512 4979 284 198 533 4695 3611 1084 443 381
is_linear=0
shrinkage=0.196372


Tree=19
num_leaves=12
num_cat=1
split_feature=27 15 33 17 5 5 4 37 10 17 5
split_gain=4.74935 5.0825 4.75741 4.3782 3.77212 2.42928 3.84221 3.60685 2.24332 1.42327 1.28321
threshold=16.950000000000003 64.15000000000002 2.3500000000000001 3.7500000000000004 7.1650000000000009 5.4150000000000009 0 3.0500000000000003 30.150000000000002 2.6500000000000008 6.5150000000000006
decision_type=10 10 10 10 2 2 9 10 10 10 2
left_child=1 3 4 8 -2 6 -4 -7 -1 -3 -5
right_child=2 9 5 10 -6 7 -8 -9 -10 -11 -12
leaf_value=-0.11582079821368915 0 0 0.019071922481795615 -0.050592309910088722 -0.10484712530412693 0.049314764008710349 -0.047083606137505382 0.0063133254542100522 0 0.06598864804145084 0.038985148227454434
leaf_weight=45.294894076883793 19.913724831305444 14.007077286951246 47.399187526665628 10.478486601728948 25.994151216000319 97.51434260327369 60.473751191981137 502.24489166541025 8.3822189737111312 14.907501197420059 14.345856963656841
leaf_count=703 99 87 287 160 137 552 393 2770 49 96 179
internal_value=-0.000739057 -0.0397492 0.00424222 -0.0671661 -0.0556073 0.00876768 -0.0165178 0.0140598 -0.0986029 0.0193879 0
internal_weight=860.956 107.416 753.54 78.5015 45.9079 707.632 107.873 599.759 53.6771 28.9146 24.8243
internal_count=5512 1274 4238 1091 236 4002 680 3322 752 183 339
cat_boundaries=0 1
cat_threshold=147
is_linear=0
shrinkage=0.196372


Tree=20
num_leaves=14
num_cat=1
split_feature=0 23 19 8 38 34 20 4 15 9 31 40 34
split_gain=4.42599 7.38845 5.98189 5.12974 4.7483 4.20011 3.30735 4.92427 3.30084 2.73754 2.47542 2.46052 2.33743
threshold=6.745000000000001 46.000000000000007 56.150000000000006 50.500000000000007 30.850000000000005 10.500000000000002 0.14500000000000005 0 87.350000000000009 6.6650000000000009 27.100000000000005 16.950000000000003 16.500000000000004
decision_type=2 8 10 10 10 8 10 9 10 10 10 10 10
left_child=6 2 3 -2 5 -3 7 11 10 -10 -8 -1 -4
right_child=1 4 12 -5 -6 -7 8 -9 9 -11 -12 -13 -14
leaf_value=-0.0094331775311310446 -0.13152499180693986 0.14946639897509467 0 -0.032671015306610339 -0.031816406843098291 0.019793476773379018 0.012029585322986635 -0.082506471223050035 -0.077938263067110214 0.008117806734411025 0.047510709043916084 0.082388131536121123 0.080828713998942259
leaf_weight=19.135248016566038 27.944569475483149 16.884531188756227 26.120941231958568 189.38090920355171 25.006089769303799 48.768703849520534 293.43960685050115 23.34441761020571 23.101420821622014 17.36826547421515 135.19705925509334 15.330707892775534 18.232181794941425
leaf_count=156 237 63 126 1524 108 243 1994 178 115 78 620 70 77
internal_value=0.000692663 -0.015793 -0.0333506 -0.0475383 0.0299583 0.0602555 0.0125606 -0.0287927 0.0186135 -0.0302396 0.024274 0.014636 0.0260994
internal_weight=879.255 352.338 261.679 217.325 90.6593 65.6532 526.917 57.8104 469.106 40.4697 428.637 34.466 44.3531
internal_count=5589 2378 1964 1761 414 306 3211 404 2807 193 2614 226 203
cat_boundaries=0 1
cat_threshold=50
is_linear=0
shrinkage=0.196372


Tree=21
num_leaves=11
num_cat=2
split_feature=31 27 37 31 30 29 9 37 4 4
split_gain=4.67285 3.68907 3.97418 5.85229 3.02341 4.19995 2.7527 2.69698 2.28807 1.6718
threshold=37.150000000000006 51.800000000000004 3.4500000000000006 21.550000000000001 13.500000000000002 2.2500000000000004 7.1350000000000007 3.4500000000000006 0 1
decision_type=10 8 8 8 10 10 10 10 9 9
left_child=1 4 -3 -4 5 -1 -6 9 -9 -2
right_child=7 2 3 -5 6 -7 -8 8 -10 -11
leaf_value=0.051964095876303421 0 0 0 -0.17041515787569089 0 -0.0564695613687154 0.06233449002515886 -0.033747845676757551 0.034699649317427944 0.087981695098822088
leaf_weight=12.574103853199629 22.328679747879505 29.174286609515548 18.077163342386484 18.652416168013588 565.26382725406438 74.60147546348162 28.722014188766479 22.684597568120807 31.952887440100312 31.288317520171404
leaf_count=159 108 139 86 87 3839 654 113 111 139 154
internal_value=-1.48846e-05 -0.00605849 -0.0505405 -0.0933828 -0.00108878 -0.0356603 0.00324862 0.037529 0 0.0690663
internal_weight=855.32 747.065 65.9039 36.7296 681.161 87.1756 593.986 108.254 54.6375 53.617
internal_count=5589 5077 312 173 4765 813 3952 512 250 262
cat_boundaries=0 1 2
cat_threshold=37 56
is_linear=0
shrinkage=0.196372


Tree=22
num_leaves=10
num_cat=0
split_feature=19 29 18 29 31 39 1 8 27
split_gain=5.23666 4.16537 3.87643 3.78168 3.6657 4.77683 2.82267 2.02089 1.92787
threshold=63.100000000000009 4.0500000000000007 18.500000000000004 3.2500000000000004 4.9000000000000012 16.250000000000004 4.5000000000000009 59.500000000000007 26.250000000000004
decision_type=10 8 10 10 10 8 2 10 10
left_child=1 4 -2 -4 5 -1 8 -6 -3
right_child=2 6 3 -5 7 -7 -8 -9 -10
leaf_value=0 -0.022190927778883551 -0.059897100495217605 0.1010837651461636 0 -0.0038998180350697732 0.13834484127024077 -0.16148071331488212 -0.079863040981070527 0
leaf_weight=32.974715432850644 16.452480765990913 32.645467336289585 44.142879866063595 22.542437141761184 629.73204696597531 15.56592236459255 9.8062543198466283 14.554955262690781 25.607214003801346
leaf_count=419 97 440 192 102 3861 60 109 129 174
internal_value=-0.00139319 -0.00701742 0.0446405 0.0677848 -0.0017892 0.0491454 -0.0535659 -0.00633039 -0.0272881
internal_weight=844.024 760.887 83.1378 66.6853 692.828 48.5406 68.0589 644.287 58.2527
internal_count=5583 5192 391 294 4469 479 723 3990 614
is_linear=0
shrinkage=0.196372


Tree=23
num_leaves=14
num_cat=0
split_feature=9 5 39 5 38 31 29 38 23 33 23 38 31
split_gain=5.04074 3.92958 5.82616 4.92091 3.91737 3.68643 3.56209 5.01089 3.55081 3.53277 3.05282 2.51745 1.22092
threshold=5.7150000000000007 6.0650000000000004 17.850000000000005 8.6450000000000014 16.850000000000005 25.850000000000005 3.4500000000000006 13.750000000000002 32.650000000000006 3.4500000000000006 28.900000000000002 12.050000000000002 28.900000000000002
decision_type=10 2 10 2 8 10 10 10 10 10 8 10 10
left_child=4 2 -2 8 6 -5 7 -1 -3 10 -6 -8 -4
right_child=1 3 12 5 9 -7 11 -9 -10 -11 -12 -13 -14
leaf_value=-0.0075675746966521401 -0.025280107789360389 0.035731643513086733 0.12110744357562611 0 0 0.087157388314078446 -0.0075564007550972083 0.061311833550159664 -0.018592686758753852 0 -0.1151995512505683 -0.074929571088954441 0.029966622480101311
leaf_weight=143.09786532842554 18.150561977177858 54.368930172175169 31.256749199703336 28.165427159518003 15.438259735703467 42.367331063374877 86.335671850014478 53.113072844222188 231.11708969250321 23.176902653649449 38.170458834152669 39.958585023880005 27.257232278585434
leaf_count=1376 76 236 141 154 104 201 1077 301 1113 154 228 295 127
internal_value=-0.000616721 0.0135005 0.0542422 0.00345384 -0.0170251 0.0506217 -0.00595881 0.00886275 -0.00667403 -0.0575937 -0.0853039 -0.0324721 0.0864729
internal_weight=831.974 432.683 76.6645 356.019 399.291 70.5328 322.505 196.211 285.486 76.7856 53.6087 126.294 58.514
internal_count=5583 2048 344 1704 3535 355 3049 1677 1349 486 332 1372 268
is_linear=0
shrinkage=0.196372


Tree=24
num_leaves=14
num_cat=0
split_feature=27 10 40 29 33 17 13 15 1 10 31 40 13
split_gain=8.98676 3.89647 2.60726 4.26161 3.29905 1.95485 3.77484 3.96554 2.78372 2.00029 1.49558 1.66883 0.183936
threshold=31.500000000000004 32.650000000000013 21.550000000000004 2.9500000000000006 3.5500000000000003 2.1500000000000008 0.17500000000000002 66.250000000000014 3.5000000000000004 27.250000000000004 4.9000000000000012 20.750000000000004 0.16500000000000004
decision_type=10 10 10 10 10 8 10 10 2 10 10 10 10
left_child=5 10 4 -4 -3 9 8 -8 -7 12 -2 -12 -1
right_child=1 2 3 -5 -6 6 7 -9 -10 -11 11 -13 -14
leaf_value=0 0 0.010272461216675405 -0.10316802949851621 0.0078024455464237967 0.055255729851529878 -0.0862920291096749 -0.035035000980584784 0.02730214179032206 0 0.057922389644558675 -0.07516997032444013 0 -0.067340891124372762
leaf_weight=3.1413229368627089 10.831151249352841 284.53092674631625 17.001055490225554 35.504509290680289 97.471026932820678 81.493819808587432 138.57893398730084 47.043600648641586 27.512931239674799 17.500304765999317 34.514590931124985 13.212934603914617 5.5105703573208302
leaf_count=82 78 1390 96 160 499 552 1534 335 178 89 292 76 189
internal_value=-0.00635258 0.00960385 0.0167223 -0.0199747 0.0229362 -0.0322524 -0.0372062 -0.016834 -0.0677322 0.0065652 -0.0355302 -0.0524469 -0.0461205
internal_weight=813.848 493.066 434.508 52.5056 382.002 320.781 294.629 185.623 109.007 26.1522 58.5587 47.7275 8.65189
internal_count=5550 2591 2145 256 1889 2959 2599 1869 730 360 446 368 271
is_linear=0
shrinkage=0.196372


Tree=25
num_leaves=12
num_cat=2
split_feature=23 33 17 23 27 9 40 4 38 0 3
split_gain=3.96758 4.25035 4.56224 3.47141 3.99672 3.29989 4.15891 2.93306 2.17298 1.32453 0.975487
threshold=21.150000000000002 2.7500000000000004 2.6500000000000008 58.100000000000001 48.350000000000001 6.1450000000000005 21.950000000000003 0 16.250000000000004 6.7250000000000005 1
decision_type=10 8 10 10 10 10 10 9 10 2 1
left_child=1 2 -1 5 9 6 -2 -7 10 -5 -3
right_child=3 8 -4 4 -6 7 -8 -9 -10 -11 -12
leaf_value=-0.028241346423549075 0.00062909233652346322 0 0.14212507122836573 -0.13380572761088752 0 -0.0025591824164112984 -0.05844589074955963 0.038037816256048976 0 -0.0090642927026251801 -0.07486754006446969
leaf_weight=9.3436161400750297 322.98531933221966 6.8932807531673461 9.1123288581147772 17.981999540701509 30.61213462986052 91.377696938812733 51.007557692937553 153.655701700598 11.530217282474039 14.731010068207977 79.169651107629761
leaf_count=139 2207 105 74 100 145 462 348 658 55 86 1171
internal_value=-0.00577538 -0.039308 0.0327409 0 -0.0437749 0.00442306 -0.00626967 0.0225453 -0.0575145 -0.0915376 -0.0687116
internal_weight=798.401 116.049 18.4559 682.351 63.3251 619.026 373.993 245.033 97.5931 32.713 86.0629
internal_count=5550 1544 213 4006 331 3675 2555 1120 1331 186 1276
cat_boundaries=0 1 2
cat_threshold=37 4
is_linear=0
shrinkage=0.196372


Tree=26
num_leaves=13
num_cat=0
split_feature=9 0 23 23 37 16 5 0 37 25 22 0
split_gain=5.52211 2.92222 2.9326 4.24946 2.80082 4.51916 4.47619 3.31895 2.1857 2.03487 2.01943 1.91481
threshold=6.6550000000000011 6.7950000000000008 55.050000000000004 62.20000000000001 4.2500000000000009 0.14500000000000005 7.5750000000000011 6.8150000000000004 4.1500000000000012 3.6500000000000008 17.500000000000004 6.6850000000000014
decision_type=10 2 10 10 10 10 2 2 10 10 10 2
left_child=4 2 8 -4 6 11 7 -1 -2 -8 -7 -6
right_child=1 -3 3 -5 5 10 9 -9 -10 -11 -12 -13
leaf_value=0.0085412371198533271 0.10251902938433251 -0.0053785584927453604 -0.038782537570022722 0.085708021735111009 0 0.028665031908972589 -0.047738099026188675 -0.052393288160815017 0.0040223474752035188 0 -0.017474891968567732 0.12846954137843511
leaf_weight=262.29069654853083 47.80767953209579 30.023010145872831 25.788467742502689 16.773509779945016 11.088780113961549 60.282475708052516 149.8092180446256 39.436994719784707 22.818174725398421 21.384031935129315 92.026930049993098 17.029489031992853
leaf_count=1829 212 125 128 85 69 598 1069 307 116 183 731 127
internal_value=0.00164526 0.0369552 0.0520891 7.775e-05 -0.0054245 0.0142014 -0.0138536 0 0.0770713 -0.0392022 0 0.0862415
internal_weight=796.559 143.211 113.188 42.562 653.349 180.428 472.921 301.728 70.6259 171.193 152.309 28.1183
internal_count=5579 666 541 213 4913 1525 3388 2136 328 1252 1329 196
is_linear=0
shrinkage=0.196372


Tree=27
num_leaves=14
num_cat=0
split_feature=34 38 0 9 9 40 37 34 38 36 11 17 9
split_gain=3.19566 6.96587 6.11532 4.76169 3.05139 2.96167 2.63564 2.28497 2.89065 1.60544 1.28267 0.923195 0.539878
threshold=16.500000000000004 12.950000000000001 6.7750000000000012 7.1250000000000009 6.4450000000000012 22.050000000000004 2.9500000000000006 4.5000000000000009 12.15 0.14500000000000005 2.5000000000000004 2.8500000000000001 7.3950000000000005
decision_type=10 10 2 10 8 10 10 8 8 10 10 10 10
left_child=2 9 3 4 -1 6 -3 -4 -9 -2 -7 -11 -5
right_child=1 5 7 12 -6 10 -8 8 -10 11 -12 -13 -14
leaf_value=0.0089301453121386522 -0.11448566112580584 0 0.010441624802874227 0.11294749220642164 -0.035631206078074018 0.019375093305837678 0.059246573634979129 0 -0.07454721570352045 0.0059135622656342696 -0.047944877628408135 -0.029387893612892423 0.01128698452570746
leaf_weight=237.51052504964173 8.1825776547193509 41.207322582602501 12.048928985372184 16.41757420822978 77.646365372347645 15.830569804646073 151.76014203578234 30.797721017152071 80.122051595710218 30.763688866049051 19.037145613692701 50.115490615833551 15.760000189766286
leaf_count=1803 104 195 96 72 374 98 798 366 484 445 103 544 97
internal_value=0.00272087 0.0183547 -0.00687323 0.00532637 -0.000657057 0.0373661 0.0472787 -0.0448869 -0.0549012 -0.0252789 -0.00478908 -0.010504 0.077263
internal_weight=787.2 316.897 470.303 347.334 315.157 227.835 192.967 122.969 110.92 89.0618 34.8677 80.8792 32.1776
internal_count=5579 2287 3292 2346 2177 1194 993 946 850 1093 201 989 169
is_linear=0
shrinkage=0.196372


Tree=28
num_leaves=12
num_cat=0
split_feature=16 18 14 38 20 17 36 14 20 24 38
split_gain=2.64388 3.36602 4.29357 3.90947 3.00219 2.91711 2.16808 1.76545 1.63241 2.20816 0.0227164
threshold=0.13500000000000004 25.500000000000004 10.500000000000002 4.9500000000000011 0.15500000000000003 3.5500000000000003 0.19500000000000003 27.500000000000004 0.13500000000000004 0.16500000000000004 4.1500000000000012
decision_type=10 10 10 10 10 10 10 10 8 8 10
left_child=7 2 3 -2 -3 -4 -6 8 10 -10 -1
right_child=1 4 5 -5 6 -7 -8 -9 9 -11 -12
leaf_value=-0.012010975564892617 -0.022666119524346384 -0.0070956704708498037 -0.012547270390455148 0.087101075425471811 0.07520075225098663 0.024927730393101002 0.0034234123850089078 0 -0.098156459313157265 0 0.0016059481482794279
leaf_weight=5.5874775073025402 10.077300689881666 31.496325809508562 426.43791748699732 39.102740932255983 63.61290321033448 93.297868980560452 40.479695153422654 27.489344992674887 29.759000347927213 12.078422269958535 15.119261220330371
leaf_count=208 257 156 2825 308 327 787 213 120 179 108 119
internal_value=0.0023649 0.0069285 0 0.055618 0.0347121 -0.00495875 0.0516083 -0.0283573 -0.0473416 -0.0695845 0
internal_weight=794.538 704.505 568.916 49.18 135.589 519.736 104.093 90.0335 62.5442 41.8374 20.7067
internal_count=5607 4873 4177 565 696 3612 540 734 614 287 327
is_linear=0
shrinkage=0.196372


Tree=29
num_leaves=13
num_cat=0
split_feature=27 40 9 33 18 15 27 0 39 34 38 14
split_gain=3.11403 4.73929 4.59446 3.85966 2.92737 8.4029 3.20795 3.26099 2.73169 2.70829 2.08702 2.03594
threshold=41.100000000000009 12.750000000000002 6.6250000000000009 3.1500000000000008 18.500000000000004 82.700000000000003 21.250000000000004 6.745000000000001 17.350000000000005 11.500000000000002 26.350000000000005 12.500000000000002
decision_type=10 10 10 10 10 10 10 2 10 10 10 8
left_child=4 10 3 -3 5 11 8 -8 -6 -4 -2 -1
right_child=1 2 9 -5 6 -7 7 -9 -10 -11 -12 -13
leaf_value=0.010006808956644131 0 0 0.0073870197182840276 0.062166987750338042 0 -0.1659708053855502 0.038384821321325611 -0.0072318304020375646 -0.080664184060371472 -0.05154045635074344 0.11791757942473939 -0.027079515834607795
leaf_weight=80.631715403404087 15.589647554792462 78.581245822831988 38.68263671733439 73.075015686452389 35.123279796447605 15.081014943774788 133.01667555235326 85.443613685667515 25.080659554339945 59.035796485841274 25.551709581166506 127.89773849328049
leaf_count=1087 96 428 196 378 364 110 724 572 150 274 115 1113
internal_value=0.00264963 0.0192085 0.00701744 0.029748 -0.00604837 -0.0232243 0.00614914 0.0185229 -0.0313095 -0.0237135 0.0819533 -0.0106166
internal_weight=792.791 290.516 249.375 151.656 502.275 223.61 278.664 218.46 60.2039 97.7184 41.1414 208.529
internal_count=5607 1487 1276 806 4120 2310 1810 1296 514 470 211 2200
is_linear=0
shrinkage=0.196372


Tree=30
num_leaves=16
num_cat=0
split_feature=36 0 5 16 9 29 40 28 38 38 5 5 18 5 40
split_gain=16.2317 15.8443 11.2309 10.0391 9.67622 9.66714 6.55998 6.44513 6.19033 6.18135 6.10369 5.49188 5.39272 2.19712 1.58654
threshold=0.17500000000000002 6.7950000000000008 7.4450000000000012 0.14500000000000005 6.7550000000000008 2.1500000000000008 22.550000000000004 0.115 9.5500000000000025 20.450000000000003 8.4150000000000009 6.7550000000000008 28.500000000000004 6.9750000000000005 12.950000000000001
decision_type=8 2 2 10 10 10 8 10 10 10 2 2 10 2 10
left_child=5 4 6 -4 11 7 -3 14 13 -9 -6 -2 -10 -7 -1
right_child=1 2 3 -5 10 8 -8 9 12 -11 -12 -13 -14 -15 -16
leaf_value=-0.019872586551783821 -0.031769288851660832 -0.099827199386791188 -0.12352020008983378 0.019142414349951481 0.10774822355816198 -0.076733392281799942 0 -0.18146909547608617 0.044953826840684954 0 -0.011715515825246541 0.0069626888037848953 -0.0179510776010329 0 0.05823827923160222
leaf_weight=11.517054235329853 216.54619742144132 153.30990815721452 22.868473968468606 100.41841768659651 49.890662771649659 23.104742740513757 22.087322727311403 18.281793198548257 502.3670731401071 19.174400379881263 15.2795860376209 372.80579817062244 47.850649772211909 16.741934209363535 17.869149065110832
leaf_count=127 2004 1121 132 681 270 328 121 114 2745 105 89 2934 223 275 113
internal_value=0.000382084 -0.0157028 -0.053193 -0.00389004 0.00073892 0.0243953 -0.0852733 -0.0434937 0.0328508 -0.0991924 0.0730001 -0.00652174 0.0386717 -0.0362218 0.0126985
internal_weight=1610.11 953.206 298.684 123.287 654.522 656.907 175.397 66.8424 590.064 37.4562 65.1702 589.352 550.218 39.8467 29.3862
internal_count=11382 7352 2055 813 5297 4030 1242 459 3571 219 359 4938 2968 603 240
is_linear=0
shrinkage=0.196372


Tree=31
num_leaves=14
num_cat=0
split_feature=23 9 7 9 27 33 37 37 35 29 20 25 38
split_gain=20.3842 7.66592 7.80765 9.87447 7.25711 7.69918 7.01374 4.41445 3.08224 3.15571 0.613045 2.911 0.604485
threshold=15.900000000000002 6.8050000000000006 158.50000000000003 7.0650000000000004 32.850000000000001 3.3500000000000001 3.6500000000000008 3.2500000000000004 24.150000000000002 3.2500000000000004 0.15500000000000003 3.4500000000000006 2.8500000000000001
decision_type=10 10 10 10 10 10 10 8 10 8 10 10 10
left_child=7 4 -3 -4 5 -2 -6 10 9 -9 12 -12 -1
right_child=1 2 3 -5 6 -7 -8 8 -10 -11 11 -13 -14
leaf_value=0 0.040947807938204607 -0.04998558324473145 0.10899317060568968 0.013202661308141125 0.0067278304960301464 -0.0029237055224669919 -0.03317476119823877 -0.14202244834291561 0 -0.052834799591401034 -0.12034953833800954 0.016767948247045663 0.077823333509904627
leaf_weight=2.4782977984286862 276.42491137515754 26.498836431652308 81.096430292353034 110.53438801504672 316.18108128383756 310.17522594728507 333.48769416846335 47.343253054015804 5.5205422788858405 57.944656124047469 7.8729764427989748 9.5416310876607877 6.2914640549570322
leaf_count=140 1899 126 333 608 1779 2554 1786 652 24 1152 76 114 139
internal_value=9.31674e-05 0.007196 0.0411695 0.0561301 0.000836545 0.0170005 -0.0130758 -0.0719737 -0.0890805 -0.0973509 0 -0.0207254 0.0423012
internal_weight=1591.39 1454.4 218.13 191.631 1236.27 586.6 649.669 136.993 110.808 105.288 26.1844 17.4146 8.76976
internal_count=11382 9085 1067 941 8018 4453 3565 2297 1828 1804 469 190 279
is_linear=0
shrinkage=0.196372


Tree=32
num_leaves=16
num_cat=0
split_feature=31 15 38 7 15 8 17 10 22 30 29 17 30 29 29
split_gain=12.5631 11.064 10.331 8.87546 8.4052 8.39647 11.0306 10.0376 10.8669 7.90831 5.92558 5.18352 4.10199 4.10133 2.72692
threshold=29.300000000000001 85.250000000000014 25.550000000000004 156.50000000000003 89.850000000000009 49.500000000000007 2.8500000000000001 25.300000000000001 21.500000000000004 23.500000000000004 2.4500000000000006 2.7500000000000004 22.500000000000004 3.4500000000000006 4.0500000000000007
decision_type=10 10 10 10 10 10 10 10 10 10 10 10 10 10 10
left_child=5 2 9 -4 12 6 10 13 -9 -2 -1 -6 -3 -7 -8
right_child=1 4 3 -5 11 7 14 8 -10 -11 -12 -13 -14 -15 -16
leaf_value=0 0.030709252725289345 -0.094567253081308408 -0.01538485503217814 0.099348693075563876 -0.0043050476207816763 -0.073034123029548773 0.0060427192441717577 0.025939859979419513 -0.021476544594837832 -0.069448256214117293 -0.15045300527456965 0.11841367031668489 0 -0.0083203154992693359 -0.10054968936482131
leaf_weight=12.487206827616317 179.67184434412047 53.375249026343226 23.807661501690745 144.20794996619225 24.078386327251792 97.982103044050746 69.816393758170307 449.79804390808567 310.8057267437689 34.671271109953523 47.935812937561423 18.822904059663415 21.274521604180336 90.046589946141466 9.967560028890146
leaf_count=124 1071 254 89 641 129 1505 557 2813 1813 174 362 72 89 1486 178
internal_value=0.00085009 0.0268709 0.0434844 0.0804526 -0.0233783 -0.0106918 -0.0557412 -0.00355466 0.00597986 0.0123863 -0.119188 0.0395534 -0.0654863 -0.0444457 -0.00195286
internal_weight=1588.75 499.91 382.359 168.016 117.551 1088.84 140.207 948.632 760.604 214.343 60.423 42.9013 74.6498 188.029 79.784
internal_count=11357 2519 1975 730 544 8838 1221 7617 4626 1245 486 201 343 2991 735
is_linear=0
shrinkage=0.196372


Tree=33
num_leaves=11
num_cat=0
split_feature=27 15 0 9 34 39 5 14 8 5
split_gain=11.8313 8.1907 6.42418 7.92998 13.3948 6.86672 6.84144 5.43303 4.93249 2.09827
threshold=55.800000000000004 74.65000000000002 6.8350000000000009 6.5050000000000008 18.500000000000004 24.050000000000004 4.9350000000000014 29.500000000000004 52.500000000000007 8.0550000000000015
decision_type=10 10 2 10 10 8 2 8 10 2
left_child=2 -2 5 4 -4 6 -1 -7 -5 -3
right_child=1 9 3 8 -6 7 -8 -9 -10 -11
leaf_value=-0.039887307628500228 -0.011695529123741872 0.13033929502298502 -0.076768686742006848 0.10906404338187228 0.019799848229441658 -0.0067203476052864874 0.013067974405183215 -0.093610425705203643 -0.0081866628188234977 0.021541253186872677
leaf_weight=101.24426111823414 26.232231130823493 47.551239911466837 168.28065654356033 21.848705790936947 72.919643942033872 99.561037394683808 946.43202468159143 46.985321418149397 21.265203028917313 20.734655215404928
leaf_count=1140 138 220 1149 75 459 561 7193 234 83 105
internal_value=0 0.0672148 -0.00437225 -0.0309737 -0.0457429 0.00159347 0.0075198 -0.0376988 0.0412243 0.103954
internal_weight=1573.05 94.5181 1478.54 284.314 241.2 1194.22 1047.68 146.546 43.1139 68.2859
internal_count=11357 463 10894 1766 1608 9128 8333 795 158 325
is_linear=0
shrinkage=0.196372


Tree=34
num_leaves=16
num_cat=0
split_feature=0 29 9 8 40 29 40 21 39 1 35 14 8 14 29
split_gain=12.6117 9.22926 8.95692 8.8909 11.1181 10.8399 10.461 7.84595 6.61225 6.2817 5.47326 4.83381 2.75185 3.48481 0.593566
threshold=6.8550000000000013 4.0500000000000007 4.8250000000000011 54.500000000000007 14.850000000000003 3.6500000000000008 17.750000000000004 3.9500000000000006 27.450000000000003 1.5000000000000002 8.2500000000000018 15.500000000000002 53.500000000000007 14.500000000000002 4.2500000000000009
decision_type=2 8 10 10 10 10 10 10 10 2 10 10 10 10 10
left_child=1 2 7 4 11 -6 9 -1 -4 -5 -8 -2 13 -3 -14
right_child=3 12 8 6 5 -7 10 -9 -10 -11 -12 -13 14 -15 -16
leaf_value=-0.046396097874704528 -0.085682235604636961 0 0.023033753255142512 0.018058768349519638 -0.13800412458345315 0 0 0.035459778688278008 -0.054937943186875553 -0.11776529011490351 0.14490021698635533 0.05476303876026864 0.011851862555071643 -0.10846094537954108 -0.031535144043227652
leaf_weight=163.14387244323734 12.602905661799012 22.978896410146262 1003.570779862348 16.431081681512296 84.32792912540026 23.710501227993518 15.591857933439313 56.22051770426333 40.434609254822135 26.498360855039209 22.781318726018071 30.758559074252844 22.55695003666915 41.014031930360943 19.589981318567879
leaf_count=2191 170 407 5708 91 415 164 102 736 225 203 95 114 216 366 334
internal_value=-9.82976e-05 0.00680648 0.0117649 -0.0426104 -0.0709804 -0.104938 0.00481886 -0.0233812 0.0195782 -0.0556518 0.0839125 0.00353523 -0.0479439 -0.0738944 0
internal_weight=1602.21 1369.51 1263.37 232.703 151.4 108.038 81.3026 219.364 1044.01 42.9294 38.3732 43.3615 106.14 63.9929 42.1469
internal_count=11537 10183 8860 1354 863 579 491 2927 5933 294 197 284 1323 773 550
is_linear=0
shrinkage=0.196372


Tree=35
num_leaves=16
num_cat=1
split_feature=38 23 35 36 40 14 38 22 5 4 38 23 23 35 27
split_gain=7.98862 8.76876 11.5167 10.6967 7.62792 8.32297 11.4065 7.49536 8.00979 5.89249 5.62893 2.9143 5.05578 1.65772 0.622183
threshold=21.450000000000003 45.650000000000006 29.300000000000001 0.15500000000000003 11.350000000000003 16.500000000000004 15.350000000000003 27.500000000000004 8.0950000000000006 0 31.950000000000003 22.400000000000002 39.70000000000001 8.1000000000000014 44.250000000000007
decision_type=10 10 10 10 10 10 8 10 2 9 10 8 10 10 10
left_child=4 2 3 -2 11 6 -6 8 -3 -7 -9 13 -13 -1 -4
right_child=1 7 14 -5 5 9 -8 10 -10 -11 -12 12 -14 -15 -16
leaf_value=-0.14065766750327532 -0.0039011609079597307 -0.042611335558692107 -0.0026917300149949795 0.075381313382799589 -0.0024008947860129511 -0.045239304969328556 0.07680565529527765 0 0.025925271661039688 0 0.11954884127168715 0.014981627776197796 -0.11475402057516262 0 -0.098621695903792647
leaf_weight=27.566872598137707 79.496127631515265 193.17272345721722 16.192463081330061 215.40620918758214 309.20451820106246 234.15536239836365 87.058569605927914 33.250761166214943 91.088517539203167 195.15714629646391 28.427431236952543 27.063312779879197 15.860699599608777 7.0913550185505292 16.531411074101925
leaf_count=740 373 978 97 1069 3552 1510 500 153 467 1379 118 246 122 161 72
internal_value=0 0.0162294 0.039395 0.0525172 -0.0120232 -0.00589333 0.0139123 -0.00443768 -0.0190856 -0.0252059 0.055732 -0.0713523 -0.0229885 -0.118015 -0.0649567
internal_weight=1576.72 673.566 327.626 294.902 903.158 825.576 396.263 345.939 284.261 429.313 61.6782 77.5822 42.924 34.6582 32.7239
internal_count=11537 3327 1611 1442 8210 6941 4052 1716 1445 2889 271 1269 368 901 169
cat_boundaries=0 1
cat_threshold=201
is_linear=0
shrinkage=0.196372


Tree=36
num_leaves=16
num_cat=0
split_feature=9 27 34 23 29 39 27 38 27 27 11 27 14 40 5
split_gain=8.80208 9.65631 9.54028 7.38642 9.82671 8.38749 7.232 7.68236 5.96247 5.4292 5.88314 5.40322 4.06423 3.80707 2.32148
threshold=6.3550000000000013 38.300000000000004 9.5000000000000018 51.95000000000001 3.2500000000000004 21.250000000000004 45.350000000000009 21.550000000000004 34.900000000000006 39.70000000000001 4.5000000000000009 32.850000000000001 19.500000000000004 18.850000000000005 7.3350000000000009
decision_type=10 8 10 10 10 10 8 10 10 10 10 10 10 8 2
left_child=1 8 9 4 -4 -5 7 -3 11 14 -11 -1 -10 -8 -2
right_child=2 6 3 5 -6 -7 13 -9 12 10 -12 -13 -14 -15 -16
leaf_value=4.159279905113585e-06 0.079264050728242774 -0.10011413780239979 0.08632781906414401 -0.064188582348236142 0 0.037733144582717294 0.016403904719901313 -0.0059863719959429651 0.086128083554597432 -0.13225590081237334 -0.0044710351528695763 -0.055211575642577636 0 -0.048727306614358888 0
leaf_weight=612.17102025356144 17.101653072983027 106.72614860348403 156.77227806206793 47.770063177682459 60.943264437839389 88.109323224052787 92.083000654820353 64.115591436624527 49.257940435782075 27.771743165329099 43.522629469633102 74.626525713829324 41.699438852258027 52.194301915704273 29.66569247096777
leaf_count=6248 71 713 689 264 306 399 542 302 361 132 251 503 283 295 144
internal_value=-0.000923731 -0.01087 0.0211764 0.0378228 0.0602459 0 -0.0398775 -0.0674355 0.000319619 -0.0249039 -0.0607007 -0.00536426 0.048021 -0.0041217 0.0202418
internal_weight=1564.53 1092.87 471.657 353.595 217.716 135.879 315.119 170.842 777.755 118.062 71.2944 686.798 90.9574 144.277 46.7673
internal_count=11503 9247 2256 1658 995 663 1852 1015 7395 598 383 6751 644 837 215
is_linear=0
shrinkage=0.196372


Tree=37
num_leaves=14
num_cat=0
split_feature=19 39 0 0 27 0 23 31 14 14 40 31 18
split_gain=6.23913 9.17706 6.61452 6.23126 5.33839 4.28841 6.67317 7.21423 5.42524 7.88564 6.57754 4.87453 0.803825
threshold=51.600000000000009 15.450000000000001 6.7350000000000012 6.6750000000000007 47.900000000000006 6.6950000000000012 38.800000000000004 26.800000000000001 30.500000000000004 32.500000000000007 10.850000000000003 24.100000000000005 20.500000000000004
decision_type=10 10 2 2 10 2 10 10 10 10 8 8 10
left_child=5 12 3 -3 -4 6 11 -8 10 -10 -7 -1 -2
right_child=1 2 4 -5 -6 8 7 -9 9 -11 -12 -13 -14
leaf_value=0.0059195321761359478 0.14055110618484831 0 -0.028931781891169701 0.065010888495759728 0.029656908281697772 -0.08543447137051785 0 0.11036767001399789 -0.1726559008010761 -0.016261348064857632 -0.006135084745201979 -0.066503438394479517 0.04020081125321414
leaf_weight=120.28868757130112 22.886368586216122 97.23574585095048 208.33980533992872 113.70361716579646 77.895764304324985 44.796146819542628 52.820279990322888 44.064615090377629 21.605921046808362 47.453404692001641 628.65948240057332 46.4699499940034 23.260214753448963
leaf_count=1482 121 553 1025 604 336 813 422 262 117 243 5074 363 88
internal_value=-0.000999272 0.0156319 0.00687301 0.0337953 -0.0114273 -0.0104227 0.0100212 0.0518588 -0.0182803 -0.0719774 -0.012094 -0.0116613 0.0999605
internal_weight=1549.48 543.322 497.175 210.939 286.236 1006.16 263.644 96.8849 742.515 69.0593 673.456 166.759 46.1466
internal_count=11503 2727 2518 1157 1361 8776 2529 684 6247 360 5887 1845 209
is_linear=0
shrinkage=0.196372


Tree=38
num_leaves=16
num_cat=1
split_feature=31 30 25 17 9 23 30 38 5 1 23 4 9 26 18
split_gain=9.28225 7.88825 8.55227 7.07133 6.55962 4.42246 4.28067 5.63354 5.35647 3.58544 3.39947 5.71923 5.50322 3.05012 1.55754
threshold=15.600000000000003 15.500000000000002 2.7500000000000004 2.9500000000000006 7.0850000000000009 20.400000000000002 12.500000000000002 8.6500000000000004 7.745000000000001 5.5000000000000009 38.600000000000009 0 6.3250000000000011 18.500000000000004 20.500000000000004
decision_type=10 10 10 10 10 10 8 10 2 2 8 9 10 10 10
left_child=6 2 4 -4 -2 13 7 14 -9 -7 11 -8 -12 -3 -1
right_child=1 5 3 -5 -6 9 10 8 -10 -11 12 -13 -14 -15 -16
leaf_value=-0.088597564675872487 -0.1065340650200769 0 0.050661593131492495 -0.030076833735425926 0.00083840051714777317 0.028426275346665024 -0.050998143663985078 0.097626383982823944 -0.019988263095258502 -0.02267396060792351 -0.092873234331052448 0.0058113668057728279 0 -0.086979196243184564 0
leaf_weight=16.864780465548396 57.977310571586713 26.965493363561109 76.725647330051288 87.435503327054903 22.554992105811834 752.9231681926176 99.644740495597944 38.034733400680125 15.591608552262185 47.028465004637837 72.530377624148969 151.83997766347602 31.131075385957956 22.133482687640935 4.7600104962475589
leaf_count=636 396 348 463 580 131 4421 1138 201 105 320 523 1792 148 211 72
internal_value=0.00194833 0.0118277 -0.0182695 0.00497383 -0.0710387 0.0210268 -0.0221198 0.0166828 0.0552382 0.024862 -0.0315962 -0.016753 -0.0632242 -0.0322933 -0.058204
internal_weight=1524.14 1093.74 244.693 164.161 80.5323 849.051 430.397 75.2511 53.6263 799.952 355.146 251.485 103.661 49.099 21.6248
internal_count=11485 6870 1570 1043 527 5300 4615 1014 306 4741 3601 2930 671 559 708
cat_boundaries=0 1
cat_threshold=204
is_linear=0
shrinkage=0.196372


Tree=39
num_leaves=9
num_cat=0
split_feature=26 7 23 34 25 33 22 0
split_gain=7.69776 5.27671 6.97699 7.26106 6.41242 4.51801 3.8678 2.47943
threshold=35.500000000000007 162.50000000000003 49.250000000000007 16.500000000000004 3.2500000000000004 4.3500000000000005 22.500000000000004 6.7550000000000008
decision_type=8 10 10 10 10 10 10 2
left_child=1 2 3 -1 -4 6 -3 -7
right_child=-2 5 4 -5 -6 7 -8 -9
leaf_value=-0.045398010654112246 -0.13486927527132955 0.023838159554477909 0.06014684292181699 0.0092892567689429658 -0.037771571373951776 0 -0.0018136873567841784 -0.1027588223847212
leaf_weight=248.25836509210058 15.155038350989342 672.10571866866667 81.991297955624759 131.26770165550988 31.628351542633027 17.015481229987927 295.66995690646581 18.42464810347883
leaf_count=2184 87 5151 442 1243 193 215 1761 209
internal_value=0.00255965 0.00426701 -0.0119043 -0.0253192 0.0289689 0.0126596 0.0155437 -0.0532698
internal_weight=1511.52 1496.36 493.146 379.526 113.62 1003.22 967.776 35.4401
internal_count=11485 11398 4062 3427 635 7336 6912 424
is_linear=0
shrinkage=0.196372


Tree=40
num_leaves=9
num_cat=0
split_feature=31 27 9 20 5 0 18 2
split_gain=6.7458 4.68974 8.72449 7.40256 5.00724 4.72531 4.28252 4.02316
threshold=46.45000000000001 38.300000000000004 6.9250000000000007 0.18500000000000003 7.0750000000000011 6.8550000000000013 21.500000000000004 1.5000000000000002
decision_type=10 8 10 10 2 2 10 2
left_child=1 2 4 5 -1 -3 -2 -5
right_child=6 3 -4 7 -6 -7 -8 -9
leaf_value=-0.011691953676337768 0 -0.017821239668398658 0.13164857734130408 -0.028161002900935789 0.018087253001419203 -0.079942197466561407 0.10147183195147179 0.052615095948788743
leaf_weight=412.18507450190373 22.583059963304549 410.7935852027731 21.071994891390204 25.611999216955155 445.55466499505565 61.060359613969922 40.683116378262639 80.824988893000409
leaf_count=3983 129 2303 102 210 3727 281 211 508
internal_value=0.000620172 -0.00181392 0.00687443 -0.0157826 0.00326 -0.0268327 0.0634959 0.0289971
internal_weight=1520.37 1457.1 878.812 578.291 857.74 471.854 63.2662 106.437
internal_count=11454 11114 7812 3302 7710 2584 340 718
is_linear=0
shrinkage=0.196372


Tree=41
num_leaves=14
num_cat=0
split_feature=9 38 5 5 28 23 5 23 26 33 35 12 16
split_gain=4.65391 7.33233 6.533 5.78301 5.58414 4.70556 8.5943 4.24911 4.03052 3.60263 2.97511 2.44707 0.437273
threshold=6.6850000000000014 27.650000000000002 8.7650000000000023 1.0000000180025095e-35 0.14500000000000005 38.800000000000004 7.6150000000000011 22.650000000000002 13.500000000000002 3.0500000000000003 13.250000000000002 1.5000000000000002 0.18500000000000003
decision_type=10 10 2 2 10 8 2 10 10 10 10 10 8
left_child=3 10 4 8 -3 7 -7 -5 12 -10 -2 -4 -1
right_child=1 2 11 5 -6 6 -8 -9 9 -11 -12 -13 -14
leaf_value=-0.073796909434978311 0.15466661884316588 -0.013340069815258515 0 -0.020112261858310339 0.052726167774814189 -0.044805796040053039 0.006597566623648795 0.012483979451381192 0 0.12125726881506249 0.03173210926822731 -0.13529976549109135 0
leaf_weight=4.3324453536188203 21.280737709254026 79.3967978162691 14.570757646113636 218.67738069777261 102.0496470509097 283.82070022035623 200.83940341242123 500.67576773976907 12.410882144235073 31.442696676123887 31.157326539978385 14.523272498510776 4.6230482379905888
leaf_count=108 83 399 79 3221 546 1561 1260 3481 117 282 150 85 82
internal_value=0.000235136 0.0242499 0.0055747 -0.00443971 0.0213908 -0.00756092 -0.0225952 0.00195491 0.0580943 0.0860772 0.0904752 -0.0773554 -0.029319
internal_weight=1519.8 262.979 210.54 1256.82 181.446 1204.01 484.66 719.353 52.8091 43.8536 52.4381 29.094 8.95549
internal_count=11454 1342 1109 10112 945 9523 2821 6702 589 399 233 164 190
is_linear=0
shrinkage=0.196372


Tree=42
num_leaves=16
num_cat=2
split_feature=20 29 36 4 16 0 17 26 22 19 26 0 4 10 20
split_gain=4.61044 4.35728 4.19143 3.89846 4.02007 7.15163 5.62534 3.60628 4.00689 3.0127 2.38539 2.16182 2.15808 3.07705 1.7321
threshold=0.18500000000000003 3.7500000000000004 0.22500000000000003 0 0.17500000000000002 6.745000000000001 3.3500000000000001 10.500000000000002 15.500000000000002 20.950000000000006 16.500000000000004 6.7350000000000012 1 33.650000000000013 0.21500000000000002
decision_type=10 10 10 9 10 2 8 8 10 10 10 2 9 10 10
left_child=3 2 9 7 6 -6 -5 11 -9 -2 -4 -1 13 -3 -14
right_child=1 12 10 4 5 -7 -8 8 -10 -11 -12 -13 14 -15 -16
leaf_value=0.12441993263813313 -2.6936094412736399e-05 0 -0.074190185833532624 0.007344129466356558 0.021344990924060052 -0.067449338313021509 0.092808586754038233 -0.072828664546726193 -0.013778072707096144 0.052381544929135639 0.0092379023910279263 0 0.032235295660953386 -0.10496854085072525 -0.022864256433382527
leaf_weight=9.5256568634649756 31.818561697844416 31.051424597622827 18.041982190217823 485.04837371746544 57.845582944573835 71.420105207827874 33.270001442113426 57.929841717617819 360.71832358604297 219.3387418850325 24.955083077773452 8.1370396036072616 59.887590585276484 19.295916915871203 25.931459179613739
leaf_count=185 427 485 247 2987 445 513 180 495 2303 1602 224 176 644 128 438
internal_value=0.00266502 0.0200289 0.0337464 -0.00382163 0.00535562 -0.0243148 0.0137218 -0.0181626 -0.0230417 0.0439811 -0.0156834 0.0613885 -0.00635482 -0.0364315 0.00932551
internal_weight=1514.22 430.321 294.154 1083.89 647.584 129.266 518.318 436.311 418.648 251.157 42.9971 17.6627 136.166 50.3473 85.819
internal_count=11479 4195 2500 7284 4125 958 3167 3159 2798 2029 471 361 1695 613 1082
cat_boundaries=0 1 2
cat_threshold=100 60
is_linear=0
shrinkage=0.196372


Tree=43
num_leaves=15
num_cat=0
split_feature=8 37 40 39 0 31 23 40 5 35 9 29 27 40
split_gain=4.10353 9.76904 7.65009 4.52237 3.51067 6.96672 5.71975 5.19685 3.5096 3.15768 2.95916 2.68403 1.77526 1.21264
threshold=50.500000000000007 3.6500000000000008 16.150000000000002 25.250000000000004 6.7350000000000012 45.250000000000007 52.750000000000007 16.850000000000005 6.5050000000000008 24.150000000000002 5.8750000000000009 2.6500000000000008 53.100000000000001 15.750000000000002
decision_type=8 10 10 10 2 8 8 10 2 10 10 10 10 10
left_child=1 3 10 9 6 7 8 -6 -2 -1 -3 -4 -8 -7
right_child=4 2 11 -5 5 13 12 -9 -10 -11 -12 -13 -14 -15
leaf_value=0.010427346368816464 0 0.037283786808289629 0 0.093862636654303347 -0.025212778614627864 0.14301214585726074 -0.056311670756612982 0.0091088334567969338 0.03904416167836481 -0.065346206972336757 -0.054976349997370534 -0.12011372118360064 0 0.012308004488356689
leaf_weight=131.04610256059095 124.65077592281159 29.15710111556109 10.481057142838834 21.581706726923585 290.35304209339665 14.29891157243401 42.666362321237102 387.89868376741651 329.94047226861585 24.963099223561585 24.037501432932913 58.5602867892012 15.785132829099892 14.362644964829085
leaf_count=989 1195 399 58 104 2349 86 319 2577 2452 155 126 496 101 73
internal_value=0.00276658 -0.0173475 -0.0605821 0.00995006 0.00807604 -0.000288741 0.0204623 -0.00493271 0.0284439 0 0 -0.103678 -0.0339228 0.0934617
internal_weight=1519.78 299.827 122.236 177.591 1219.96 706.913 513.043 678.252 454.591 156.009 53.1946 69.0413 58.4515 28.6616
internal_count=11479 2327 1079 1248 9152 5085 4067 4926 3647 1144 525 554 420 159
is_linear=0
shrinkage=0.196372


Tree=44
num_leaves=16
num_cat=2
split_feature=18 10 26 5 25 4 35 13 4 11 35 5 40 35 38
split_gain=5.95032 9.2422 5.7608 5.75328 5.36474 4.97921 7.32166 3.98549 3.81598 4.86117 4.55579 3.63754 2.99991 1.41384 1.28377
threshold=17.500000000000004 25.100000000000005 22.500000000000004 5.1700000000000008 2.4500000000000006 0 17.300000000000001 0.16500000000000004 1 3.5000000000000004 21.250000000000004 7.8350000000000009 10.850000000000003 8.1000000000000014 10.15
decision_type=10 8 10 2 10 9 10 10 9 10 10 2 10 10 10
left_child=1 12 3 -3 8 6 -6 -4 10 -10 -2 -7 13 -1 -14
right_child=4 2 7 -5 5 11 -8 -9 9 -11 -12 -13 14 -15 -16
leaf_value=-0.1038609093948816 0.017535063372759185 -0.02475994929274453 -0.089950767862372258 0.056937571522813354 -0.010316935483519699 -0.011851185799036207 -0.073059128038752891 0.017763550820793058 0 0.097451168575015637 -0.11024795656437926 0.022847959212076868 -0.019003430668418923 0 0.030455250560878944
leaf_weight=22.010683711618189 26.991783585399389 29.749273312976584 20.67772713676095 266.29904683009954 252.31622174638323 358.16022372210864 114.00531390029937 23.710844794288278 38.494597875513136 48.486201221123338 14.533291593194006 172.07295630779117 77.715355622000061 5.5597489092033348 23.809518797788769
leaf_count=719 152 240 127 1738 1805 2305 720 176 230 253 77 1084 1478 126 224
internal_value=0.000747024 0.0193149 0.0367963 0.0472174 -0.0073272 -0.0130521 -0.03026 -0.0226451 0.0291202 0.0503824 -0.0136163 0 -0.023336 -0.0816443 -0.00300076
internal_weight=1494.59 469.532 340.437 296.048 1025.06 896.555 366.322 44.3886 128.506 86.9808 41.5251 530.233 129.095 27.5704 101.525
internal_count=11454 4828 2281 1978 6626 5914 2525 303 712 483 229 3389 2547 845 1702
cat_boundaries=0 1 2
cat_threshold=100 149
is_linear=0
shrinkage=0.196372


Tree=45
num_leaves=13
num_cat=0
split_feature=20 39 5 0 26 18 0 26 37 35 38 0
split_gain=4.59403 4.49729 6.22518 4.85849 4.76982 4.7421 4.38557 4.92089 3.77737 5.96686 4.56232 3.41586
threshold=0.15500000000000003 18.350000000000005 7.2550000000000008 6.8450000000000006 13.500000000000002 22.500000000000004 6.5850000000000009 18.500000000000004 2.9500000000000006 11.650000000000002 21.250000000000004 6.8050000000000006
decision_type=10 8 2 2 10 10 2 10 10 10 10 2
left_child=1 2 5 11 -4 -1 7 -2 9 -8 -10 -3
right_child=6 3 4 -5 -6 -7 8 -9 10 -11 -12 -13
leaf_value=-0.030438181894269119 0.15131068147879925 0 -0.0052755085068671463 -0.07122633846260798 0.097306397300456773 0.08046517018435978 -0.080048449709285582 0 -0.013178381878234302 0 0.015464034367145208 0.07053360186197237
leaf_weight=51.698447347211186 13.963808937929572 156.09678483739845 12.287528208456932 30.444452567026019 78.394836131948978 20.60468945465982 67.479196063242853 17.852854380384088 610.42744504718576 70.666301144752651 322.57863503275439 32.665070242248476
leaf_count=719 122 898 188 152 445 101 487 142 5815 464 1757 164
internal_value=0.000819205 0.0196206 0.0443254 0 0.0785412 0 -0.00529571 0.0648672 -0.00780658 -0.0383653 -0.00279845 0.0129791
internal_weight=1485.16 382.192 162.986 219.206 90.6824 72.3031 1102.97 31.8167 1071.15 138.145 933.006 188.762
internal_count=11454 2667 1453 1214 633 820 8787 264 8523 951 7572 1062
is_linear=0
shrinkage=0.196372


Tree=46
num_leaves=15
num_cat=0
split_feature=23 31 30 31 32 0 39 15 23 7 31 23 22 35
split_gain=6.87227 7.70279 5.86816 4.66854 5.89171 5.74435 5.47939 4.61342 4.55932 4.54972 3.3829 2.89048 2.4045 1.32389
threshold=40.800000000000004 12.750000000000002 14.500000000000002 24.100000000000005 0.17500000000000002 6.9050000000000011 14.950000000000001 61.300000000000004 26.500000000000004 162.50000000000003 23.200000000000006 47.70000000000001 23.500000000000004 5.1500000000000012
decision_type=10 10 10 8 10 2 8 10 10 10 10 10 10 10
left_child=3 12 11 5 6 10 -5 -6 -7 -4 -1 -3 13 -2
right_child=1 2 9 4 7 8 -8 -9 -10 -11 -12 -13 -14 -15
leaf_value=-0.0018391314175574018 0.013211642582540021 -0.071231691223536772 0 0.012643018657350338 -0.06647901390682058 0 -0.069998303654433811 0.028877067440840662 -0.15479761161751768 0.040352718039036256 0.068185448126461767 0 -0.11438034779121427 -0.04385909210642714
leaf_weight=480.18419693992473 15.993391559459267 32.009543029591441 137.83421257697046 27.444292447064072 26.285078820306808 20.922260678373277 162.74026999578928 72.70823554508388 16.624938239343464 349.51053425483406 27.636536375619471 57.258523220196366 18.84371082438156 29.696163072716445
leaf_count=5435 114 171 833 225 275 227 917 457 72 1942 160 322 98 213
internal_value=-0.00314854 0.0117526 0.0195185 -0.0151285 -0.0354829 -0.00351232 -0.0557399 0 -0.0776398 0.028428 0.00112438 -0.0241118 -0.0506154 -0.0142388
internal_weight=1475.69 641.146 576.613 834.546 289.178 545.368 190.185 98.9933 37.5472 487.345 507.821 89.2681 64.5333 45.6896
internal_count=11461 3693 3268 7768 1874 5894 1142 732 299 2775 5595 493 425 327
is_linear=0
shrinkage=0.196372


Tree=47
num_leaves=16
num_cat=2
split_feature=23 8 24 39 15 30 17 38 4 5 16 23 5 5 3
split_gain=4.57125 9.44009 3.64705 3.94711 3.45497 3.15638 2.94781 4.46568 5.38565 3.53439 3.29154 2.61739 2.17134 1.54357 1.4708
threshold=36.20000000000001 49.500000000000007 0.13500000000000004 21.850000000000005 89.600000000000009 19.500000000000004 3.2500000000000004 26.050000000000004 0 4.285000000000001 0.16500000000000004 23.650000000000002 7.2350000000000012 7.8450000000000006 1
decision_type=10 10 10 10 10 10 10 10 9 2 10 10 2 2 9
left_child=6 5 3 -3 -4 13 7 8 -1 11 -11 -8 -9 -2 -7
right_child=1 2 4 -5 -6 14 9 12 -10 10 -12 -13 -14 -15 -16
leaf_value=0 -0.033284959735255575 -0.072946954671747583 0.025739900794701315 0.012835189119828817 -0.024662772500864037 -0.050600671152304232 -0.13914207345159965 0.073389284954546163 -0.049779477262306047 0.069754116331699617 0 0 0 -0.11917848647141288 0.026838388033746684
leaf_weight=137.74046282737982 45.188981233164668 34.886967660859227 559.56802056403831 34.376554952934384 48.755121254362166 14.717473333701491 10.960287498077379 19.803465882316232 243.20369944232516 30.197127352003008 188.54285174794495 10.147313953377305 42.525923551991582 25.238230177666992 25.465904409997165
leaf_count=1363 271 223 3322 164 285 115 200 93 2423 249 2143 102 200 151 157
internal_value=-0.00327694 0.00652231 0.0156989 -0.0240707 0.0209635 -0.0456083 -0.0152318 -0.0247717 -0.0332061 0.00055578 0.00979921 -0.0735562 0.0196159 -0.0706154 0
internal_weight=1471.32 788.197 677.587 69.2635 608.323 110.611 683.121 443.274 380.944 239.848 218.74 21.1076 62.3294 70.4272 40.1834
internal_count=11461 4688 3994 387 3607 694 6773 4079 3786 2694 2392 302 293 422 272
cat_boundaries=0 1 2
cat_threshold=3 2
is_linear=0
shrinkage=0.196372


Tree=48
num_leaves=9
num_cat=0
split_feature=0 40 18 10 9 27 10 0
split_gain=5.04092 4.6282 6.17175 6.83987 5.14563 5.02332 5.36783 3.78471
threshold=6.5850000000000009 21.950000000000003 15.500000000000002 27.550000000000004 5.0750000000000011 45.650000000000006 36.95000000000001 6.5650000000000004
decision_type=2 8 10 10 10 8 10 2
left_child=7 2 3 -2 -4 6 -3 -1
right_child=1 5 4 -5 -6 -7 -8 -9
leaf_value=0 -0.015363523759905939 0.042519735830074658 -0.042645305898384653 0.049740796211151246 -0.0057681950627166195 0.10921383835179793 -0.028718737546366623 0.12898903756270363
leaf_weight=15.130043173558077 97.053452361840755 94.555612387368456 192.23065705550835 140.96596016921103 785.73243728931993 25.718878012587084 65.153676602058113 20.031492566224188
leaf_count=164 2039 841 2218 901 4549 134 401 155
internal_value=0 -0.0015897 -0.00629531 0.0213402 -0.0134784 0.0268484 0.0106817 0.0734532
internal_weight=1436.57 1401.41 1215.98 238.019 977.963 185.428 159.709 35.1615
internal_count=11402 11083 9707 2940 6767 1376 1242 319
is_linear=0
shrinkage=0.196372


Tree=49
num_leaves=14
num_cat=1
split_feature=17 20 35 26 15 23 5 17 26 3 15 26 37
split_gain=3.56592 5.18929 4.9468 4.295 5.21482 3.99984 3.98735 3.7922 1.17845 0.934802 3.48192 0.758986 0.0587863
threshold=4.3500000000000005 0.19500000000000003 7.8500000000000005 25.500000000000004 85.550000000000026 29.800000000000004 6.6950000000000012 2.9500000000000006 14.500000000000002 0 45.650000000000006 16.500000000000004 4.7500000000000009
decision_type=8 10 10 10 10 10 2 10 10 9 10 8 8
left_child=1 3 8 7 -5 -4 11 -1 -3 -8 -11 12 -2
right_child=6 2 5 4 -6 -7 9 -9 -10 10 -12 -13 -14
leaf_value=0.019257420717161317 -0.067990838126144856 -0.030594805731391797 -0.0017111456544945634 -0.0007499847446662464 -0.069528222161073322 -0.086553770473261987 0 -0.0058624948057569076 0.013034835240422054 0 0.22170700523496029 0.01778372629885119 0
leaf_weight=548.93458707799437 6.1640136188361803 34.030137720983475 46.080075956764631 176.45195494452491 62.391764808446169 73.152684757951647 9.8036743757547811 364.38991763233207 78.611236840952188 7.5520690251141813 8.9803984148893488 6.3240440845838739 3.5153858058620253
leaf_count=4057 124 608 491 1094 365 586 111 2779 839 129 45 78 96
internal_value=-0.000738682 -0.00276599 -0.0297015 0.00227391 -0.0206194 -0.0575429 0.0547821 0.0087502 0 0.102968 0.137707 0 -0.0524441
internal_weight=1426.38 1384.04 231.874 1152.17 238.844 119.233 42.3396 913.325 112.641 26.3361 16.5325 16.0034 9.6794
internal_count=11402 10819 2524 8295 1459 1077 583 6836 1447 285 174 298 220
cat_boundaries=0 1
cat_threshold=2
is_linear=0
shrinkage=0.196372


Tree=50
num_leaves=15
num_cat=1
split_feature=0 31 19 23 36 0 10 7 15 38 4 17 23 10
split_gain=5.84942 8.17661 5.97295 4.97491 3.90533 3.88473 3.5212 4.5968 5.0612 4.56784 4.20685 4.0068 3.91719 3.20036
threshold=6.8250000000000011 30.600000000000005 27.000000000000004 35.150000000000006 0.15500000000000003 6.8650000000000011 46.150000000000013 163.50000000000003 80.90000000000002 25.950000000000003 0 3.6500000000000008 47.250000000000007 30.250000000000004
decision_type=2 10 10 10 10 2 10 10 10 8 9 10 10 10
left_child=6 2 13 -3 -4 -5 9 10 -9 11 -8 -1 -11 -2
right_child=1 3 4 5 -6 -7 7 8 -10 12 -12 -13 -14 -15
leaf_value=0.0033400153750897661 -0.0046648903235040305 -0.049300224527067261 0 0 -0.074794562325000452 0.1013392912350012 0.050705790882608438 -0.075691298316184735 -0.0028244486826123657 0.10122719223293832 -0.012870626737658463 0.041410746459592654 0 0.10608527994916229
leaf_weight=613.69370410050033 33.225204743939685 16.456965627148747 38.756917061284184 20.340219733305275 135.60229005885776 36.081941568292677 65.891401617787778 59.921963958069682 131.42530098883435 42.876599978713784 64.764687419869006 138.50402455072617 18.080496238544583 11.508752875030039
leaf_count=5688 601 99 198 107 898 154 373 327 753 190 376 1567 83 60
internal_value=0.00213164 -0.0222247 -0.0420649 0.031294 -0.0590725 0.0627379 0.00879036 -0.00767662 -0.0280195 0.0158574 0.0187198 0.0109499 0.0689097 0.0143118
internal_weight=1427.13 291.972 219.093 72.8791 174.359 56.4222 1135.16 322.003 191.347 813.155 130.656 752.198 60.9571 44.734
internal_count=11474 2117 1757 360 1096 261 9357 1829 1080 7528 749 7255 273 661
cat_boundaries=0 1
cat_threshold=89
is_linear=0
shrinkage=0.196372


Tree=51
num_leaves=15
num_cat=0
split_feature=8 37 20 16 13 28 19 8 15 19 5 5 9 30
split_gain=5.02213 3.8009 5.19199 3.70881 5.65539 4.38536 4.31347 4.34097 3.79181 3.13605 3.09491 2.42623 1.95718 1.28744
threshold=49.500000000000007 3.7500000000000004 0.16500000000000004 0.17500000000000002 0.17500000000000002 0.19500000000000003 38.000000000000007 54.500000000000007 86.300000000000026 36.250000000000007 7.8550000000000013 6.330000000000001 4.8850000000000007 20.500000000000004
decision_type=8 10 10 10 8 10 10 10 10 10 2 2 10 10
left_child=1 2 13 4 8 -6 9 -8 -2 -5 -4 -3 -13 -1
right_child=3 11 10 6 5 -7 7 -9 -10 -11 -12 12 -14 -15
leaf_value=-0.083073525948142199 0.011313349616097963 -0.1530334360064308 0.049694379140367388 0 0.055314084292061888 -0.0020224906885019374 -0.0064454540313029201 -0.075325459947085879 -0.023834498732735396 0.081137218719228618 -0.032872037116245936 0.011307172408370187 -0.066306589367628357 0
leaf_weight=32.129177664872259 531.97174010786694 15.096551512717268 52.479699114337564 154.51951176591683 171.48591602491797 52.828237551439088 121.55691375839524 61.862090945243835 148.07209777832031 20.61989844404161 19.569593920954503 10.09066808526404 23.64312250027433 11.726831013103945
leaf_count=225 3436 209 415 2084 1475 656 877 490 824 164 159 173 181 106
internal_value=0.00120489 -0.0306093 -0.00686522 0.0057107 0.0126386 0.0398438 -0.0105223 -0.0321546 0.00300253 0.00961179 0.0210927 -0.077643 -0.0300828 -0.0627541
internal_weight=1427.65 164.736 115.905 1262.92 904.358 224.314 358.558 183.419 680.044 175.139 72.0493 48.8303 33.7338 43.856
internal_count=11474 1468 905 10006 6391 2131 3615 1367 4260 2248 574 563 354 331
is_linear=0
shrinkage=0.196372


Tree=52
num_leaves=10
num_cat=0
split_feature=33 5 5 39 0 26 5 25 16
split_gain=5.09593 3.9291 4.52416 5.45897 4.93963 3.9059 5.28939 4.81696 1.59777
threshold=1.9500000000000002 7.2550000000000008 7.1650000000000009 26.750000000000004 6.785000000000001 21.500000000000004 7.995000000000001 3.8500000000000001 0.14500000000000005
decision_type=8 2 2 8 2 8 2 8 10
left_child=8 2 3 -2 -4 6 -3 -7 -1
right_child=1 5 4 -5 -6 7 -8 -9 -10
leaf_value=0 0.0028697676875892213 0.049427092033546602 -0.11421268681978157 -0.096208781829835499 0 0.005976704197188906 0 -0.098351834985915473 0.12179834618122448
leaf_weight=11.490636041271502 587.86315733887022 215.17202217201702 29.197893091943115 22.008776792441495 18.956646024715155 359.36438266560435 156.32609836012125 17.664479278028011 19.793401981238276
leaf_count=143 5263 1704 208 129 101 2146 1506 140 109
internal_value=0.00733633 0.00524936 -0.00532695 -9.87494e-06 -0.0631929 0.0151389 0.0294425 0 0.0864067
internal_weight=1437.84 1406.55 658.026 609.872 48.1545 748.527 371.498 377.029 31.284
internal_count=11449 11197 5701 5392 309 5496 3210 2286 252
is_linear=0
shrinkage=0.196372


Tree=53
num_leaves=15
num_cat=0
split_feature=20 33 33 27 40 15 5 5 27 33 28 17 31 31
split_gain=4.08647 3.97265 7.87561 4.63815 6.41675 5.39292 3.95191 5.13486 7.1982 3.82861 3.72583 2.68104 2.44439 1.35456
threshold=0.15500000000000003 2.6500000000000008 2.3500000000000001 24.550000000000004 24.900000000000002 46.900000000000013 4.9350000000000014 8.1850000000000005 43.650000000000006 2.8500000000000001 0.16500000000000004 3.4500000000000006 35.150000000000006 25.850000000000005
decision_type=8 10 8 10 10 10 2 2 10 10 10 10 8 10
left_child=6 2 11 4 -3 -5 12 8 -8 -9 -4 -2 13 -1
right_child=1 3 10 5 -6 -7 7 9 -10 -11 -12 -13 -14 -15
leaf_value=-0.0426923495977777 0 -0.024146606365119911 -0.10452834010762138 0.06869343432038133 0.10349981845986755 0.0076818957254735486 0.06982654347002247 0.036662905026794347 0 -0.04776716474731197 0 0.090500341175646287 -0.16377220771551157 0.066312067046190068
leaf_weight=14.21774631546578 38.830392009112984 260.71691545436624 50.882269307243405 65.334134524920955 14.916965039679779 611.2635366008617 164.67323303245939 32.582283266354352 96.671722332946956 47.301549199037254 18.609867733903229 14.517777613364158 5.0542627447284749 5.6877734106965354
leaf_count=297 243 3129 369 711 137 4018 1178 220 519 326 149 62 42 49
internal_value=0.0069883 0.000459808 -0.0322674 0.00515412 -0.0155551 0.014249 0.0249318 0.0312386 0.0448598 -0.00778081 -0.0771216 0.0179432 -0.043189 0
internal_weight=1441.26 1075.07 122.84 952.232 275.634 676.598 366.189 341.229 261.345 79.8838 69.4921 53.3482 24.9598 19.9055
internal_count=11449 8818 823 7995 3266 4729 2631 2243 1697 546 518 305 388 346
is_linear=0
shrinkage=0.196372


Tree=54
num_leaves=13
num_cat=0
split_feature=0 11 40 11 33 36 39 40 13 23 34 0
split_gain=4.82657 5.35717 4.58821 6.00836 4.43453 5.07252 4.58928 4.3913 6.42106 3.58207 3.27839 1.80954
threshold=6.8550000000000013 4.5000000000000009 13.15 5.5000000000000009 2.2500000000000004 0.22500000000000003 19.050000000000004 21.250000000000004 0.16500000000000004 64.600000000000009 17.500000000000004 6.7150000000000007
decision_type=2 8 8 10 10 10 10 10 10 10 10 2
left_child=1 7 11 -4 -2 6 -6 9 -9 -1 -7 -3
right_child=4 2 3 -5 5 10 -8 8 -10 -11 -12 -13
leaf_value=0.0024437693822798525 0.050232850081553343 0 0.080907825123439484 0.0077805466319269658 -0.08909784510178953 0 -0.013803049833954764 0.020968180177816736 -0.058184809152369267 -0.093532482635607872 0.13024286649808031 -0.068400149585279471
leaf_weight=788.13816500414396 17.72320047672838 17.178284637629986 83.305850687931525 122.93879122147337 82.570223069866188 10.01788496039808 76.557772107422352 47.497371685691178 125.46810441289563 15.04118745587766 9.0387455816380662 21.551753472536802
leaf_count=7106 83 127 448 741 646 155 392 312 1082 81 67 128
internal_value=-0.00359422 0.000643664 0.0269117 0.0395211 -0.032246 -0.0429884 -0.0557258 -0.0054982 -0.0338858 6.96642e-05 0.0397721 -0.0286832
internal_weight=1417.03 1221.12 244.975 206.245 195.908 178.185 159.128 976.145 172.965 803.179 19.0566 38.73
internal_count=11368 10025 1444 1189 1343 1260 1038 8581 1394 7187 222 255
is_linear=0
shrinkage=0.196372


Tree=55
num_leaves=15
num_cat=0
split_feature=5 35 29 5 36 37 0 23 5 15 14 33 21 0
split_gain=4.8001 6.93346 5.97492 7.51033 5.47714 5.39699 3.80047 5.86302 4.20373 3.9962 3.57777 2.63647 2.44178 1.85816
threshold=8.1050000000000022 9.6000000000000014 3.0500000000000003 8.5350000000000019 0.18500000000000003 4.5500000000000007 6.705000000000001 58.550000000000004 7.9850000000000012 88.750000000000014 29.500000000000004 3.6500000000000008 3.3500000000000001 6.7550000000000008
decision_type=2 10 10 2 8 10 2 10 2 8 10 10 10 2
left_child=6 4 3 -3 13 -6 8 9 10 -8 -1 -9 -4 -2
right_child=1 2 12 -5 5 -7 7 11 -10 -11 -12 -13 -14 -15
leaf_value=0.002442079431256339 -0.0045669409647901187 0.12398842525941117 -0.038962546078407621 0.0064176223156185239 -0.10651536921346361 0.0030517203925854554 -0.016379222264544489 -0.10796328176562031 -0.077970447114851626 0.040541859668988982 0.061544214919427367 0 0.030600505016308781 0.056850069133668142
leaf_weight=263.55579914880218 23.328428953536786 54.727600587531924 32.807316825259477 47.785419128602371 37.86875681928359 18.332124233711511 683.37776267022127 39.443725894205272 19.579499879386276 47.014573756343452 50.79847507737577 16.401149557903409 46.81684990413487 29.132641117554158
leaf_count=2484 205 290 240 334 359 241 5556 233 129 266 324 75 399 233
internal_value=-0.00380646 0.0181354 0.0423167 0.0736321 -0.0183219 -0.0630264 -0.00990129 -0.0175189 0.00670491 -0.0120969 0.0134392 -0.0801994 0 0.0211997
internal_weight=1410.97 290.799 182.137 102.513 108.662 56.2009 1120.17 786.237 333.934 730.392 314.354 55.8449 79.6242 52.4611
internal_count=11368 2301 1263 624 1038 600 9067 6130 2937 5822 2808 308 639 438
is_linear=0
shrinkage=0.196372


Tree=56
num_leaves=16
num_cat=1
split_feature=37 31 37 25 39 37 24 23 9 39 34 27 0 3 40
split_gain=6.36665 5.8225 4.81892 4.76259 4.12792 4.78289 3.92459 6.19518 3.87994 3.64742 3.20266 3.10123 4.20686 3.16141 1.88105
threshold=2.9500000000000006 15.600000000000003 3.9500000000000006 3.0500000000000003 14.950000000000001 3.1500000000000008 0.18500000000000003 43.650000000000006 5.4850000000000012 14.250000000000002 8.5000000000000018 26.150000000000002 6.7350000000000012 0 17.250000000000004
decision_type=10 10 8 8 10 10 10 10 10 10 10 10 2 9 10
left_child=3 2 10 11 9 -6 7 -5 -4 -3 -2 12 -1 -13 -8
right_child=1 4 8 6 5 -7 14 -9 -10 -11 -12 13 -14 -15 -16
leaf_value=-0.01748267142487385 0.019273261062695397 0.023420374861144181 -0.010489187577008853 -0.16347299757951739 0.061393451672284376 0.0046983186851919491 -0.052681721586041584 0 0.051361188068809495 0.11822806035711657 -0.053437714009039711 0.052382049678633857 0.098763289373608718 -0.035517158410580993 0.045951326590600076
leaf_weight=15.015110076637937 18.414117538253777 76.254149024491198 132.24257081234828 27.928212761151372 65.581632241606712 696.62535391375422 16.589855576283302 18.820332332514226 52.557668164372444 28.331247977679595 127.71791269874666 14.425730902701616 22.009778941283002 117.60990601591766 12.060026376042513
leaf_count=178 180 832 2021 240 387 4290 140 99 352 160 1474 81 186 759 135
internal_value=0.00103362 0.00722429 -0.0142304 -0.0274628 0.0159291 0.0101745 -0.0691677 -0.104527 0.00473959 0.0535261 -0.0412266 -0.00617683 0.0398634 -0.0224878 0
internal_weight=1442.18 1197.72 330.932 244.459 866.792 762.207 75.3984 46.7485 184.8 104.585 146.132 169.061 37.0249 132.036 28.6499
internal_count=11514 9696 4027 1818 5669 4677 614 339 2373 992 1654 1204 364 840 275
cat_boundaries=0 1
cat_threshold=4
is_linear=0
shrinkage=0.196372


Tree=57
num_leaves=16
num_cat=0
split_feature=16 17 0 27 1 36 40 38 33 39 39 34 7 0 18
split_gain=5.27111 7.82214 6.02496 7.23176 5.84855 4.70898 4.02786 5.54836 3.61258 4.38787 3.48296 2.58538 2.31874 2.0697 1.12844
threshold=0.17500000000000002 3.2500000000000004 6.8350000000000009 42.650000000000006 2.5000000000000004 0.15500000000000003 19.650000000000002 7.0500000000000007 2.9500000000000006 15.15 21.850000000000005 11.500000000000002 162.50000000000003 6.6450000000000005 19.500000000000004
decision_type=8 10 2 10 2 10 8 8 10 10 10 10 10 2 8
left_child=1 2 5 -4 12 -1 8 14 9 -2 -10 -6 -3 -9 -8
right_child=6 4 3 -5 11 -7 7 13 10 -11 -12 -13 -14 -15 -16
leaf_value=-0.014753153692755174 -0.042573332486315112 0 -0.00040839173669430661 -0.095702154117885338 -0.083541842696096047 0.020080473102146147 0.10734017795696768 0 -0.00193574053777412 0.072185398330968417 -0.063268606240060796 0.029623185412369153 0.11435489789573385 -0.07632154175004939 0
leaf_weight=191.89718877524137 12.691547619644551 14.562404865864663 113.88514401926659 47.525755178183317 10.49702065810561 542.2192750152899 7.3294097546022359 17.038741809083149 212.85940468715853 44.318566841073334 47.567469322588295 28.239725035615265 52.555479170288891 90.200967215176206 4.9153617275878796
leaf_count=1266 198 123 782 224 93 4123 128 131 2430 270 349 209 314 774 100
internal_value=0.000701937 0.00884817 0.00235657 -0.0313022 0.0594667 0.0103687 -0.0169479 -0.0480401 -0.0038227 0.0388151 -0.014884 0 0.0944488 -0.0644865 0.0590023
internal_weight=1438.3 1001.38 895.527 161.411 105.855 734.116 436.921 119.484 317.437 57.0101 260.427 38.7367 67.1179 107.24 12.2448
internal_count=11514 7134 6395 1006 739 5389 4380 1133 3247 468 2779 302 437 905 228
is_linear=0
shrinkage=0.196372


Tree=58
num_leaves=16
num_cat=0
split_feature=33 21 25 17 31 9 22 14 17 24 40 7 27 1 31
split_gain=3.5452 6.31972 4.14426 7.84677 4.4361 3.82545 4.16547 3.50151 3.47472 3.43559 3.09005 2.67897 3.49036 2.66979 2.03028
threshold=3.5500000000000003 3.6500000000000008 2.4500000000000006 2.5500000000000003 26.500000000000004 5.5950000000000006 13.500000000000002 30.500000000000004 2.9500000000000006 0.19500000000000003 15.550000000000002 164.50000000000003 27.950000000000003 1.5000000000000002 27.700000000000006
decision_type=8 10 10 10 10 10 10 10 10 10 10 10 10 2 10
left_child=2 7 5 4 -4 6 -1 9 -5 -2 -7 12 -3 -13 -9
right_child=1 11 3 8 -6 10 -8 14 -10 -11 -12 13 -14 -15 -16
leaf_value=0.038767370822478137 0.058158090238507903 -0.015588593904113041 -0.012633660370295091 0.020530923743171545 -0.073193559134206859 0.078981757014353768 -0.075315345069046968 -0.065247693421501829 -0.010533584837510891 -0.011945042159705405 0.0078576135429085248 -0.08998007329336305 0.049845528759376478 -0.0058980139597413763 0.019520532804741274
leaf_weight=17.300219369295519 183.58417196862865 61.636131829611259 127.59204892779235 226.34497866895981 101.1267933244817 52.944866406731308 26.74791899882257 16.835950343869627 350.78379064507317 19.729594566510059 71.97585838381201 24.3021197875496 53.5537602417171 71.979285018518567 20.056018804199994
leaf_count=412 1465 943 1020 1537 651 245 235 98 2689 288 391 280 406 774 102
internal_value=0.00197861 0.0165674 -0.00432775 -0.0105721 -0.0413922 0.0228043 -0.0205045 0.0386425 0.000883583 0.0491682 0.0416328 -0.00642314 0.0110205 -0.0318728 -0.00734704
internal_weight=1426.49 451.677 974.816 805.848 228.719 168.969 44.0481 240.206 577.129 203.314 124.921 211.471 115.19 96.2814 36.892
internal_count=11536 4356 7180 5897 1671 1283 647 1953 4226 1753 636 2403 1349 1054 200
is_linear=0
shrinkage=0.196372


Tree=59
num_leaves=9
num_cat=0
split_feature=0 8 37 36 19 8 27 0
split_gain=4.81643 2.88717 2.68481 2.45883 3.39839 2.90157 2.17694 1.97785
threshold=6.5850000000000009 58.500000000000007 3.1500000000000008 0.15500000000000003 46.900000000000013 52.500000000000007 35.20000000000001 6.6850000000000014
decision_type=2 10 10 8 10 8 10 2
left_child=6 3 -3 4 -2 -5 -1 -4
right_child=1 2 7 5 -6 -7 -8 -9
leaf_value=0.11754748539729536 -0.036650083689715736 0.015023842855768996 0 -0.0039674427930570305 0.003606054107847445 0.016382474316836829 0 -0.093809867728008492
leaf_weight=19.956796213285998 132.13806879392359 9.4810764740686846 7.3639980242587617 446.53487455908908 164.86771337594837 590.32333398266928 16.052910710219294 31.770863928075414
leaf_count=196 1061 103 90 3765 890 4901 130 400
internal_value=0.00254224 0.000366654 -0.0461146 0.00240063 -0.0128232 0.00719136 0.07332 -0.0722132
internal_weight=1418.49 1382.48 48.6159 1333.86 297.006 1036.86 36.0097 39.1349
internal_count=11536 11210 593 10617 1951 8666 326 490
is_linear=0
shrinkage=0.196372


Tree=60
num_leaves=9
num_cat=0
split_feature=14 35 5 5 5 29 29 7
split_gain=9.16408 8.64718 7.72011 7.03927 6.94386 6.89298 6.20236 0.166135
threshold=36.500000000000007 40.600000000000009 4.9350000000000014 8.1250000000000018 3.2200000000000002 2.6500000000000008 2.6500000000000008 167.50000000000003
decision_type=8 10 2 2 2 10 8 8
left_child=1 2 4 6 -1 -4 -2 -8
right_child=3 -3 5 -5 -6 -7 7 -9
leaf_value=0 0 -0.11979714664546352 0.022523748286357673 -0.018902406210265028 -0.089567530458118216 -0.0062409290702836809 0.081972008519268807 0.17752959644438043
leaf_weight=54.608057771867607 16.441409340128303 24.858030921779573 413.55493654066231 25.647524461383 72.531314870575443 1434.8738259355305 39.900093238335103 17.326498579524923
leaf_count=913 99 126 2791 151 882 11521 236 79
internal_value=-0.00161302 -0.00471126 -0.00302581 0.0562085 -0.0497967 0 0.0883481 0.11918
internal_weight=2099.74 2000.43 1975.57 99.3155 127.139 1848.43 73.668 57.2266
internal_count=16798 16233 16107 565 1795 14312 414 315
is_linear=0
shrinkage=0.196372


Tree=61
num_leaves=16
num_cat=1
split_feature=0 35 5 23 5 39 20 20 29 5 5 5 20 17 3
split_gain=6.59075 5.6429 11.3644 9.86304 8.13873 6.23914 6.0162 5.63715 3.25671 3.92877 3.41698 6.54236 3.10148 1.13412 0.874088
threshold=6.7350000000000012 6.2000000000000002 7.1450000000000005 43.400000000000006 6.330000000000001 25.850000000000005 0.16500000000000004 0.16500000000000004 3.6500000000000008 6.1950000000000012 8.9150000000000009 7.9450000000000012 0.21500000000000002 2.5500000000000003 0
decision_type=2 8 2 8 2 10 8 10 10 2 2 2 10 10 9
left_child=8 4 3 -3 7 -6 -4 -2 10 14 11 -1 -11 -12 -10
right_child=1 2 6 -5 5 -7 -8 -9 9 12 13 -13 -14 -15 -16
leaf_value=-0.00017533659820048736 -0.14255325453479661 0.0026485086771460449 2.9825531226982847e-05 0.068259561202799801 -0.0049006447917937408 -0.14401375216608447 -0.035441940170777293 -0.031987393615896871 0.00027425755009398715 0.084230634558634929 0 0.058661598560253471 0 -0.097501532320318773 -0.053139824375289205
leaf_weight=282.29949328361545 36.652313199127093 304.52408775046933 352.76750314654782 133.98680940805934 340.51787712296937 13.228900050744413 336.95040621008957 63.262639529828448 8.2699050162918866 73.231807618169114 7.6123645794577923 91.75150361598935 13.046147557906805 13.968463889090343 12.6778269513743
leaf_count=3022 453 2090 1811 721 2852 66 2269 843 169 833 95 854 268 189 263
internal_value=-0.00199521 -0.00841055 -0.000566843 0.0237312 -0.0269297 -0.0114401 -0.0166613 -0.0771962 0.0172986 0.0484934 0.00770097 0.0130953 0.0681306 -0.0646429 -0.0112733
internal_weight=2084.75 1581.89 1128.23 438.511 453.662 353.747 689.718 99.915 502.858 107.226 395.632 374.051 86.278 21.5808 20.9477
internal_count=16798 11105 6891 2811 4214 2918 4080 1296 5693 1533 4160 3876 1101 284 432
cat_boundaries=0 1
cat_threshold=2
is_linear=0
shrinkage=0.196372


Tree=62
num_leaves=9
num_cat=0
split_feature=31 22 10 11 17 38 10 27
split_gain=10.5484 7.63764 8.74922 7.82262 5.89561 10.3075 5.39644 5.14881
threshold=54.150000000000006 23.500000000000004 48.350000000000001 4.5000000000000009 2.8500000000000001 33.850000000000001 35.650000000000013 44.600000000000001
decision_type=10 8 10 8 10 10 10 10
left_child=1 4 3 -3 6 -6 -1 -4
right_child=-2 2 7 -5 5 -7 -8 -9
leaf_value=0.0032292567013019894 -0.14657466411604406 0.020724274780904394 0.015354171240980022 0.089296367894467529 0.00049987066539547344 0.14010237928173117 -0.033571814948924347 -0.044258187791705747
leaf_weight=211.55659866009955 18.424782600719482 339.64602979645133 108.65233255550265 89.420583710598294 761.07883083744673 20.965803571976721 413.80140925850719 102.1634000428021
leaf_count=3026 138 2188 542 415 7188 99 2587 558
internal_value=0.000230581 0.00178358 0.0197341 0.0360864 -0.00606399 0.00484682 -0.0204154 -0.0114457
internal_weight=2065.71 2047.28 639.882 429.067 1407.4 782.045 625.358 210.816
internal_count=16741 16603 3703 2603 12900 7287 5613 1100
is_linear=0
shrinkage=0.196372


Tree=63
num_leaves=15
num_cat=0
split_feature=5 39 9 19 15 17 19 13 26 0 9 2 24 2
split_gain=6.71121 9.37607 8.94477 8.33738 7.15635 7.19442 10.0018 8.5789 6.46866 5.21944 5.05525 4.70175 4.51162 2.19765
threshold=7.705000000000001 18.850000000000005 7.5850000000000009 58.45000000000001 52.750000000000007 2.8500000000000001 48.500000000000007 0.15500000000000003 21.500000000000004 6.7950000000000008 5.1050000000000013 2.5000000000000004 0.16500000000000004 4.5000000000000009
decision_type=2 8 10 10 8 8 8 10 10 2 10 2 10 2
left_child=4 3 8 10 9 7 -7 -6 -3 13 -2 -5 -11 -1
right_child=1 2 -4 11 5 6 -8 -9 -10 12 -12 -13 -14 -15
leaf_value=0.015362414794671106 -0.01317022970853227 -0.067702139820054172 0.10620821908180222 0 0.026805490197309219 0.0098747613144190803 0.06820946779106242 -0.023101193262751243 -0.016403440909205893 0 0.041355850175833445 -0.15619305436324485 -0.076063620231167556 -0.068197725504888937
leaf_weight=115.68540197447874 83.880803616542835 187.38288012240082 15.214118808042256 23.334717725403607 238.98250901000574 342.62569113599602 187.94064656745468 297.63847235299181 254.14560916367918 41.256797618349083 191.5631515821442 15.604759392328559 83.775026845396496 12.499002004798966
leaf_count=2035 1604 1246 99 112 1246 2431 1026 2161 1470 584 1228 87 1115 297
internal_value=-0.000395559 -0.0151488 -0.0333394 0.00987202 0.00788527 0.0151716 0.0313939 -4.64614e-05 -0.0392015 -0.0210583 0.0231428 -0.0722785 -0.0499065 0.00365776
internal_weight=2091.53 771.126 456.743 314.383 1320.4 1067.19 530.566 536.621 441.528 253.216 275.444 38.9395 125.032 128.184
internal_count=16741 5846 2815 3031 10895 6864 3457 3407 2716 4031 2832 199 1699 2332
is_linear=0
shrinkage=0.196372


Tree=64
num_leaves=15
num_cat=2
split_feature=39 21 0 4 39 22 4 14 5 9 19 34 11 13
split_gain=12.3007 9.94015 12.1466 10.8239 6.93797 6.25302 11.5525 8.44647 5.95038 6.39397 3.6406 2.0528 3.03708 1.86463
threshold=25.650000000000002 3.2500000000000004 6.9050000000000011 0 22.250000000000004 22.500000000000004 1 29.500000000000004 7.4750000000000005 6.785000000000001 64.40000000000002 11.500000000000002 3.5000000000000004 0.17500000000000002
decision_type=10 10 2 9 10 8 9 10 2 10 10 10 10 10
left_child=1 5 4 -4 -3 7 -7 -1 11 13 -11 -2 -13 -10
right_child=8 2 3 -5 -6 6 -8 -9 9 10 -12 12 -14 -15
leaf_value=0.015897795681333191 0.043401054311717022 0.0081991789502342954 -0.12235550194768977 -0.0043287175036860253 -0.03882121655759696 0.068819864029899702 -0.00066636036433022556 -0.062988047374591433 -0.14468562823823081 0.042942252351356826 -0.080537722199966105 0.0045932856335889416 -0.081909745268321066 -0.025512464260719788
leaf_weight=445.22985313829849 21.608630874194205 788.63665123516694 52.41402786411345 86.632510056835599 142.29574421280995 211.78712429106236 146.02732350029692 57.939594873227179 45.594020199030638 19.072470847517252 15.954978975001721 23.725717214401811 22.842925682198256 16.994323826394975
leaf_count=4101 130 7558 364 585 994 1130 903 327 229 105 89 160 129 107
internal_value=0.000619384 0.00523741 -0.00709228 -0.0612228 0.000527945 0.0210736 0.0411415 0.00590948 -0.0504294 -0.0816153 -0.000846854 0 -0.0285238 -0.119592
internal_weight=2096.76 1930.96 1069.98 139.047 930.932 860.984 357.814 503.169 165.793 97.6158 35.0274 68.1773 46.5686 62.5883
internal_count=16911 15962 9501 949 8552 6461 2033 4428 949 530 194 419 289 336
cat_boundaries=0 1 2
cat_threshold=38 45
is_linear=0
shrinkage=0.196372


Tree=65
num_leaves=15
num_cat=2
split_feature=19 36 38 4 27 8 22 14 30 30 4 15 34 15
split_gain=8.33404 11.3413 10.8041 9.06343 11.5369 7.42701 7.36622 8.75156 8.67889 6.81908 6.28785 5.24649 4.28839 0.589032
threshold=65.100000000000009 0.16500000000000004 25.750000000000004 0 39.750000000000007 53.500000000000007 27.500000000000004 22.500000000000004 23.500000000000004 21.500000000000004 1 85.250000000000014 14.500000000000002 81.950000000000003
decision_type=10 10 8 9 10 8 10 10 10 10 9 10 10 10
left_child=2 11 6 4 -3 10 7 -1 -8 -7 -4 13 -5 -2
right_child=1 3 5 12 -6 9 8 -9 -10 -11 -12 -13 -14 -15
leaf_value=0.0017029209753991947 -0.085016072725590836 -0.15159957731179072 0.034162870808237426 0 0.0099167603601973582 0.02747487296621301 0 -0.032518332933075773 0.11161689896333807 0.11326906514405224 -0.021037042062604063 -0.024524240392722347 0.13816835831834753 -0.21729573973414856
leaf_weight=918.55021948184003 20.448641163762659 26.137652809731662 162.36832258617505 17.371227241586894 35.765284400898963 118.96785009844461 67.642571791308001 405.94619393022731 43.782533404882997 67.125670362263918 130.4593417798169 30.505901382304728 22.097963463515043 16.371726625598967
leaf_count=10276 133 147 859 126 219 610 425 2571 177 267 768 177 95 61
internal_value=0.000259443 -0.0413208 0.00415869 0 -0.0442854 0.0298082 -0.0040901 -0.00845389 0.0437222 0.0608981 0.00850562 -0.103662 0.0647171 -0.156725
internal_weight=2083.54 168.698 1914.84 101.372 61.9029 478.921 1435.92 1324.5 111.425 186.094 292.828 67.3263 39.4692 36.8204
internal_count=16911 958 15953 587 366 2504 13449 12847 602 877 1627 371 221 194
cat_boundaries=0 1 2
cat_threshold=226 139
is_linear=0
shrinkage=0.196372


Tree=66
num_leaves=13
num_cat=0
split_feature=20 16 38 27 33 38 38 27 11 16 31 9
split_gain=5.90494 12.0872 8.32422 5.63029 11.5615 7.49105 4.99936 11.8092 11.4148 6.78968 4.47896 5.05566
threshold=0.16500000000000004 0.12500000000000003 21.250000000000004 38.300000000000004 3.5500000000000003 10.350000000000003 35.350000000000001 46.300000000000004 6.5000000000000009 0.14500000000000005 29.300000000000001 7.5850000000000009
decision_type=10 10 10 10 10 10 10 8 10 10 10 10
left_child=6 2 -2 5 -5 -3 7 9 -9 -1 -8 -12
right_child=1 3 -4 4 -6 -7 10 8 -10 -11 11 -13
leaf_value=-0.022483928991341023 0 -0.026856340258253866 -0.23899246083722897 0 -0.073877790045850308 0.016373063192268892 0.037581402274493636 0.028246309605178946 0.14239153604962315 0.018524116309402469 -0.10154333280639287 0.013082673505996938
leaf_weight=249.58723110551364 9.1083401500945929 214.63698261813261 14.6305831130594 249.1147250640206 127.32875857618637 529.66097539570183 16.410527811385691 167.12269414996263 48.249002965167165 403.83921698934864 42.164759347215295 13.177719772793351
leaf_count=2185 147 3821 77 1647 853 3999 87 840 197 2713 232 107
internal_value=0 -0.00943403 -0.148296 -0.0060693 -0.0257769 0.00330629 0.011565 0.0160402 0.0559917 0.00217887 -0.0363386 -0.0663103
internal_weight=2085.03 1144.48 23.7389 1120.74 376.443 744.298 940.551 868.798 215.372 653.426 71.753 55.3425
internal_count=16905 10544 224 10320 2500 7820 6361 5935 1037 4898 426 339
is_linear=0
shrinkage=0.196372


Tree=67
num_leaves=12
num_cat=0
split_feature=0 39 19 39 5 27 0 35 5 23 9
split_gain=9.07274 9.83462 9.10512 6.36608 8.37563 15.4624 7.26613 7.75137 7.2144 4.96073 4.37719
threshold=6.9050000000000011 26.750000000000004 63.100000000000009 18.250000000000004 7.3550000000000013 32.850000000000001 6.785000000000001 31.450000000000006 6.6150000000000011 38.300000000000004 6.8950000000000005
decision_type=2 10 10 8 2 10 2 10 2 10 10
left_child=3 2 10 4 9 -6 8 -8 -5 -1 -2
right_child=1 -3 -4 6 5 -7 7 -9 -10 -11 -12
leaf_value=-0.013253823654893301 -0.044107839074700506 -0.19015586007076699 0.099702223572295551 0.041847393513749213 0.048762259168934036 -0.032746866186632653 0.0387134889347195 -0.044031224444508764 -0.014613141412730268 -0.066625285710418231 0.055761191410117199
leaf_weight=331.57669650213211 202.71011265594279 15.246857337653635 19.566571191884577 112.61862354489858 211.50868830858963 149.9083588818321 500.15013048704714 42.754836497828364 378.60029549282626 97.156593949068338 14.497885979712008
leaf_count=4349 1413 72 65 996 2440 1074 2549 211 2954 727 55
internal_value=0.000365255 -0.0343085 -0.0222391 0.00540217 -0.00749103 0.0137267 0.0156824 0.0313651 -0.000752845 -0.0264105 -0.0353521
internal_weight=2076.3 252.021 236.775 1824.27 790.15 361.417 1034.12 542.905 491.219 428.733 217.208
internal_count=16905 1605 1533 15300 8590 3514 6710 2760 3950 5076 1468
is_linear=0
shrinkage=0.196372


Tree=68
num_leaves=14
num_cat=1
split_feature=18 15 26 12 26 5 37 36 4 9 26 11 26
split_gain=5.46856 6.49109 8.73626 8.20242 5.4022 7.07113 8.64276 4.94758 4.58935 4.27929 4.10916 3.48467 2.16656
threshold=27.500000000000004 89.250000000000014 20.500000000000004 3.5000000000000004 24.500000000000004 6.1650000000000009 4.0500000000000007 0.19500000000000003 0 7.0950000000000006 31.500000000000004 3.5000000000000004 15.500000000000002
decision_type=8 10 10 10 10 2 10 10 9 10 10 10 10
left_child=1 3 12 9 5 -2 -7 11 -4 -1 -9 -6 -3
right_child=4 2 8 -5 7 6 -8 10 -10 -11 -12 -13 -14
leaf_value=0.0017291876917352202 0.05518614336878884 0.023189160981995385 -0.055123851121638305 -0.16595330900288938 -0.04055301450819495 -0.1248518510311189 0 -0.095235082178555752 0.030784060237033246 0.050657082214178105 0.0057373603097920162 0.047184012911026564 0.14004325494705075
leaf_weight=1581.267866299575 13.121130922838345 19.806313020875677 21.489847034215927 10.698937779292462 17.194165881723166 58.792200728028547 27.415705572580919 31.111643481999636 77.706691010855138 73.505069853272289 16.079502546228468 76.317935975268483 36.772401224821806
leaf_count=14028 119 123 113 72 121 378 184 200 429 455 91 349 173
internal_value=0.00280438 0.00666987 0.0451735 0.0027967 -0.024657 -0.0596672 -0.0823784 0 0.00518033 0.00417704 -0.0515904 0.0262591 0.107193
internal_weight=2061.28 1821.25 155.775 1665.47 240.032 99.329 86.2079 140.703 99.1965 1654.77 47.1911 93.5121 56.5787
internal_count=16835 15393 838 14555 1442 681 562 761 542 14483 291 470 296
cat_boundaries=0 1
cat_threshold=129
is_linear=0
shrinkage=0.196372


Tree=69
num_leaves=14
num_cat=1
split_feature=19 15 39 15 39 3 8 0 16 40 0 30 26
split_gain=5.67235 7.16013 5.37888 6.2836 3.54879 4.42984 6.20914 6.04997 3.45426 3.18765 2.96428 4.69694 3.70835
threshold=52.70000000000001 65.300000000000026 13.65 71.950000000000017 27.800000000000001 0 53.500000000000007 6.8350000000000009 0.17500000000000002 18.450000000000003 6.7950000000000008 15.500000000000002 12.500000000000002
decision_type=8 10 10 10 10 9 10 2 10 10 2 10 10
left_child=1 10 8 -4 5 6 -2 -7 -3 -6 11 -1 -12
right_child=4 2 3 -5 9 7 -8 -9 -10 -11 12 -13 -14
leaf_value=0.047083609175469887 -0.024000945467232387 0.10032093716001762 0.050434032419566593 0.0062502983445471127 0 -0.012091235254016805 0.039042115984688527 -0.073856264439816369 0 0.10092213909549858 -0.070791627181672909 -0.008688442713443616 -0.008853358845624602
leaf_weight=78.460149862366961 144.56787094663014 51.316552526550367 163.03932641539723 664.79050563485362 26.62080308329314 216.87544564664131 102.17322020186111 100.39297149050981 15.645244246232322 17.951201478485018 52.227099678304512 199.51992796192644 218.87711683823727
leaf_count=1551 810 447 1195 3942 155 1434 489 462 143 96 999 2901 2211
internal_value=0.00267221 0.00955253 0.0205204 0.0154991 -0.0129198 -0.0176821 0.00031756 -0.0330702 0.0757443 0.0372266 -0.00751344 0.00548083 -0.0224678
internal_weight=2052.46 1443.88 894.792 827.83 608.582 564.01 246.741 317.268 66.9618 44.572 549.084 277.98 271.104
internal_count=16835 13389 5727 5137 3446 3195 1299 1896 590 251 7662 4452 3210
cat_boundaries=0 1
cat_threshold=2
is_linear=0
shrinkage=0.196372


Tree=70
num_leaves=14
num_cat=1
split_feature=32 28 17 4 0 19 30 38 0 38 34 32 18
split_gain=6.74718 6.38592 7.76548 7.56594 8.55808 6.73374 6.73067 6.65334 6.18831 2.88493 6.42754 2.50629 2.45326
threshold=0.12500000000000003 0.16500000000000004 3.1500000000000008 0 6.785000000000001 47.45000000000001 24.500000000000004 11.850000000000003 6.7350000000000012 24.250000000000004 12.500000000000002 0.115 23.500000000000004
decision_type=10 10 10 9 2 10 10 10 2 8 8 10 10
left_child=8 3 5 6 -5 -3 -2 -4 12 11 -11 -10 -1
right_child=1 2 7 4 -6 -7 -8 -9 9 10 -12 -13 -14
leaf_value=0 0.018682341162106316 -0.0055130993847540685 -0.018448959992244222 -0.04420251350900354 0.015182900227276155 -0.053199124268616137 0.080027461423112012 0.028264950124785637 0.016142356088910258 0 -0.16316192027128618 -0.066656716744019073 0.11229280854984804
leaf_weight=12.361594223068098 497.98275897471467 322.87252953686402 183.32752738223644 147.98506068467395 241.45521622337401 200.22505219653249 89.072274162783287 297.35140386619605 20.072292866767384 20.679715224076062 29.753939599904697 23.918507538270205 9.5060112103819829
leaf_count=132 3398 3355 3051 1198 1318 1263 455 2032 187 124 122 163 65
internal_value=0 0.00288179 -0.00783251 0.0143494 -0.00609881 -0.0246284 0.0282898 0.00952495 -0.0457396 -0.0692974 -0.104198 -0.0189341 0.0355615
internal_weight=2096.56 1980.27 1003.78 976.495 389.44 523.098 587.055 480.679 116.292 94.4245 50.4337 43.9908 21.8676
internal_count=16863 16070 9701 6369 2516 4618 3853 5083 793 596 246 350 197
cat_boundaries=0 1
cat_threshold=113
is_linear=0
shrinkage=0.196372


Tree=71
num_leaves=10
num_cat=0
split_feature=29 34 19 21 31 38 37 24 34
split_gain=4.5612 5.56466 4.33755 5.87989 6.07842 5.89453 5.46366 6.44202 6.40383
threshold=4.7500000000000009 11.500000000000002 55.800000000000004 2.9500000000000006 37.250000000000007 27.850000000000005 3.7500000000000004 0.12500000000000003 18.500000000000004
decision_type=8 8 10 10 10 10 10 10 10
left_child=2 -2 3 5 -5 -1 7 -4 -8
right_child=1 -3 6 4 -6 -7 8 -9 -10
leaf_value=0.039539045984395095 0 -0.19382812420006412 0.069840946211126645 0.0039386755376327794 -0.041736071841337971 -0.017186999564696614 0.02736755782473339 -0.042257919430682855 -0.059419968746420339
leaf_weight=311.96571349879378 8.5201888143201376 10.138699597620869 18.409308573231101 1086.3737502960139 124.79102556034923 78.866752188652754 159.28619635943323 261.47262564487755 39.395640120841563
leaf_count=2855 195 231 59 9858 689 421 961 1392 202
internal_value=0 -0.0960913 0.000892226 0.00599338 -0.000407252 0.0269536 -0.0152516 -0.0332523 0.00788164
internal_weight=2099.22 18.6589 2080.56 1602 1211.16 390.832 478.564 279.882 198.682
internal_count=16863 426 16437 13823 10547 3276 2614 1451 1163
is_linear=0
shrinkage=0.196372


Tree=72
num_leaves=13
num_cat=0
split_feature=0 40 40 37 17 0 21 17 37 28 18 23
split_gain=5.82587 5.58433 4.8634 4.05366 4.67224 7.68769 5.73947 4.02897 3.19599 4.10165 2.50859 0.957001
threshold=6.9450000000000012 13.750000000000002 16.550000000000004 4.4500000000000011 3.2500000000000004 6.8450000000000006 3.9500000000000006 3.2500000000000004 4.7500000000000009 0.15500000000000003 11.500000000000002 37.050000000000004
decision_type=2 10 10 10 8 2 10 10 10 10 10 10
left_child=3 -2 11 4 6 -6 -1 -4 9 -5 -10 -3
right_child=1 2 7 8 5 -7 -8 -9 10 -11 -12 -13
leaf_value=0.0048758623463638169 -0.1585437654917449 0.086798258888577257 -0.085547768534694479 0.017976083310472953 0.041369768618576587 -0.016571329184656789 -0.051257651656677901 0.0084012583981970985 -0.077830696212250458 -0.055583372584304673 0.006891231371571876 0
leaf_weight=1162.0475279604143 15.22178334428463 11.657537854043769 43.414437665138394 28.237402425380424 316.3306711567493 109.52109965786804 74.125776188797317 16.418335278984159 14.332302578230154 114.8960718967719 181.73993638798129 11.96867089346051
leaf_count=8360 163 93 220 188 2902 805 706 117 302 1169 1778 65
internal_value=0.000954518 -0.0452639 -0.0189491 0.00345993 0.007634 0.0254254 0.00114258 -0.0524335 -0.0156758 -0.0379687 0 0.046935
internal_weight=2099.91 98.6808 83.459 2001.23 1662.03 425.852 1236.17 59.8328 339.206 143.133 196.072 23.6262
internal_count=16868 658 495 16210 12773 3707 9066 337 3437 1357 2080 158
is_linear=0
shrinkage=0.196372


Tree=73
num_leaves=16
num_cat=0
split_feature=7 37 19 39 5 23 14 1 5 31 0 39 0 31 31
split_gain=3.1916 9.17286 3.42432 4.46831 8.37986 3.78866 3.12143 4.09405 2.9229 3.78164 2.17771 1.85623 2.31016 1.73835 1.35457
threshold=170.50000000000003 3.5500000000000003 20.350000000000005 11.750000000000002 7.1550000000000011 48.20000000000001 15.500000000000002 1.5000000000000002 7.0150000000000006 24.600000000000005 6.785000000000001 8.5500000000000025 6.8950000000000005 25.300000000000004 4.9000000000000012
decision_type=10 10 8 10 2 10 10 2 2 10 2 10 2 8 10
left_child=2 8 11 4 -4 -5 13 -8 9 -2 -10 14 -13 -3 -1
right_child=1 6 3 5 -6 -7 7 -9 10 -11 -12 12 -14 -15 -16
leaf_value=-0.02685474976710402 0 -0.036103136436913853 0 -0.0018670605601225183 0.12159735421631099 0.019137471154197217 -0.17805352568459076 -0.047034816892762087 -0.059065834416814907 0.16877904314671666 0.033895731311159881 -0.052712719122803557 0.0014907990281352863 0.086523919321196283 0.045549356934301663
leaf_weight=12.734257026138947 10.447220959234985 14.318516322528014 47.685040712327464 1281.4818803283852 35.977338388162025 434.23602986196056 17.642581009306014 55.496401095297188 15.87412518635392 10.567066933494059 24.038854788057506 90.877785992866848 22.824750979198143 6.213937460910528 20.87145695000072
leaf_count=714 128 280 663 9179 452 2409 110 309 136 56 122 1409 216 51 634
internal_value=0.000710243 -0.0261361 0.00307295 0.00563309 0.050267 0.00319196 -0.0661649 -0.0851133 0.0281585 0.0871455 0 -0.0251527 -0.0379512 0 0.00498589
internal_weight=2101.29 154.599 1946.69 1799.38 83.6624 1715.72 93.6714 73.139 60.9273 21.0143 39.913 147.308 113.703 20.5325 33.6057
internal_count=16868 1192 15676 12703 1115 11588 750 419 442 184 258 2973 1625 331 1348
is_linear=0
shrinkage=0.196372


Tree=74
num_leaves=12
num_cat=0
split_feature=40 22 22 10 0 21 21 0 25 40 10
split_gain=5.28774 5.79387 5.62881 8.78685 5.82201 6.8483 5.34986 4.97446 4.64989 4.18266 3.81627
threshold=21.950000000000003 27.500000000000004 29.500000000000004 45.350000000000001 6.8350000000000009 4.3500000000000005 3.0500000000000003 6.9450000000000012 2.5500000000000003 18.750000000000004 52.350000000000001
decision_type=8 10 10 10 2 10 10 2 8 10 10
left_child=2 7 4 6 9 -6 -4 8 -2 -1 -5
right_child=1 -3 3 10 5 -7 -8 -9 -10 -11 -12
leaf_value=0.01071777121670988 -0.016380572422900769 -0.080503781155728427 0 -0.058133529916969157 -0.027313843516315894 0.065186696677440564 0.14021616472901383 -0.077498038701739283 0.051808866594538767 -0.016025881643454223 0.032325626426930557
leaf_weight=766.57206450479862 35.262037099804729 15.874997579492627 19.650940496474504 32.183086519129574 541.81391719647218 29.968369876383804 36.385163502302021 11.804708113893865 226.25988583336584 312.41145167907234 36.695448337122798
leaf_count=7566 242 108 89 204 3573 331 151 79 1722 2617 169
internal_value=0.00149682 0.026239 -0.00228548 0.0374225 -0.00556356 -0.0216672 0.0955194 0.0341192 0.0409123 0.00256128 -0.0035622
internal_weight=2064.88 289.202 1775.68 124.915 1650.77 571.782 56.0361 273.327 261.522 1078.98 68.8785
internal_count=16851 2151 14700 613 14087 3904 240 2043 1964 10183 373
is_linear=0
shrinkage=0.196372


Tree=75
num_leaves=15
num_cat=0
split_feature=25 15 15 39 22 17 17 29 36 39 36 11 0 18
split_gain=4.25369 5.11183 6.15081 5.46505 4.99813 5.25152 4.58256 7.01895 4.35194 4.16204 5.19392 5.02136 2.67535 2.23855
threshold=2.7500000000000004 81.700000000000003 70.90000000000002 21.950000000000003 21.500000000000004 2.3500000000000001 2.1500000000000008 2.4500000000000006 0.16500000000000004 26.850000000000005 0.18500000000000003 4.5000000000000009 6.7950000000000008 20.500000000000004
decision_type=10 10 8 10 10 10 10 10 10 10 10 10 2 10
left_child=1 2 12 -4 8 -6 7 -2 -3 11 -11 -8 -1 -9
right_child=6 4 3 -5 5 -7 9 13 -10 10 -12 -13 -14 -15
leaf_value=0.026683750589385727 0.037084637709308935 0.062550661792100393 0.079942238414317773 0.0028996426269396677 0 -0.075663549892062115 -0.004829008757353738 -0.022660255152821249 -0.01637215490626991 -0.096968947966682303 0.0049435041665030011 0.026931013414895736 -0.02047153698431731 -0.12553951453514195
leaf_weight=92.309010617464082 19.42152391304262 53.649361968971789 119.77677092747763 68.182095600757748 59.778823677450418 61.42146357614547 1109.7116866066062 27.881439623539336 40.640739322640002 38.48984323721379 23.36229837872088 231.27083587367088 89.260491273191292 32.766135953366756
leaf_count=1195 106 278 653 357 333 344 10340 324 239 206 159 1237 873 207
internal_value=0.000774126 0.0151316 0.0294034 0.0543893 -0.00728829 -0.0351883 -0.00459196 -0.0504288 0.023874 -0.00165209 -0.0514346 0.000320734 0.00106239 -0.0857813
internal_weight=2067.92 585.019 369.528 187.959 215.49 121.2 1482.9 80.0691 94.2901 1402.83 61.8521 1340.98 181.57 60.6476
internal_count=16851 4272 3078 1010 1194 677 12579 637 517 11942 365 11577 2068 531
is_linear=0
shrinkage=0.196372


Tree=76
num_leaves=16
num_cat=2
split_feature=35 34 0 25 36 37 4 38 12 32 23 4 27 15 32
split_gain=5.42396 5.65311 5.29227 6.64338 6.19386 4.16201 5.57588 3.15516 4.24693 5.36086 3.83786 3.12274 4.78736 2.94794 2.5131
threshold=9.3000000000000025 17.500000000000004 6.8050000000000006 3.0500000000000003 0.16500000000000004 3.5500000000000003 0 19.350000000000005 2.5000000000000004 0.13500000000000004 23.300000000000004 1 35.850000000000009 78.850000000000009 0.13500000000000004
decision_type=10 8 2 10 10 10 9 10 10 10 10 9 10 10 10
left_child=1 5 4 -4 -3 6 -1 11 10 -10 -9 13 -13 -2 -7
right_child=7 2 3 -5 -6 14 -8 8 9 -11 -12 12 -14 -15 -16
leaf_value=0.0040817505399589121 0 -0.08101403214218475 -0.0096805535976521289 -0.1192482852868279 0.016724560893395829 -0.058069655269131076 -0.057300987867031257 -0.059579967356135161 0.049500637580381472 -0.070140382164873574 0.021383860988657924 -0.049235365315636853 0.014395367088791853 0.068938343036001784 0.010321678221677903
leaf_weight=96.783039862639271 203.97727703262353 33.70505692299048 49.10512509837281 57.957659177365713 83.14615007469547 20.211454959586263 101.46771157276817 20.423668406903744 16.291770941577852 47.165315602440387 702.29516196390614 126.79586744587868 56.976037166779861 26.318741098977625 415.43506277707638
leaf_count=853 1949 391 499 435 1161 102 995 142 66 295 3791 1214 407 201 4343
internal_value=-0.00198132 -0.0140669 -0.0410997 -0.0732512 -0.0077694 -0.00380733 -0.0278065 0.0062873 0.0137881 -0.0323877 0.018465 -0.00688214 -0.0257031 0.00703011 0.00610342
internal_weight=2058.06 857.811 223.914 107.063 116.851 633.897 198.251 1200.24 786.176 63.4571 722.719 414.068 183.772 230.296 435.647
internal_count=16844 8779 2486 934 1552 6293 1848 8065 4294 361 3933 3771 1621 2150 4445
cat_boundaries=0 1 2
cat_threshold=162 35
is_linear=0
shrinkage=0.196372


Tree=77
num_leaves=15
num_cat=1
split_feature=35 5 27 4 37 18 24 10 39 5 5 35 30 23
split_gain=3.03667 3.56729 5.15768 6.55345 5.04927 3.56921 3.18886 5.75745 8.3348 5.67432 3.0323 7.48674 4.07377 1.71238
threshold=26.350000000000005 6.5850000000000009 48.650000000000013 0 3.2500000000000004 21.500000000000004 0.14500000000000005 39.45000000000001 16.750000000000004 7.955000000000001 6.9350000000000014 23.900000000000002 28.500000000000004 42.650000000000006
decision_type=10 2 10 9 10 10 8 10 10 2 2 8 8 10
left_child=6 4 3 -3 -2 -4 7 8 -1 -9 11 -8 -12 -6
right_child=1 2 5 -5 13 -7 10 9 -10 -11 12 -13 -14 -15
leaf_value=0 0 -0.036246786759825747 0.0066581464629726526 0.058097351277554374 0.024109340659244551 -0.077698261486101775 -0.015928300061247978 0.011966340740931907 0.096752396948905764 -0.051372203621179453 0 -0.15370647766265266 -0.084378309552319522 0.19470341023205787
leaf_weight=77.448424219473964 14.781722624786196 28.665826003067195 22.629450004547834 83.640523857437074 11.652595467399808 37.004554143175483 505.20553959329845 171.42601035255939 61.546834480948746 76.586060647852719 885.63731704902602 16.509981466791942 22.25893721630564 12.219170764088629
leaf_count=1213 98 169 129 530 83 197 5025 858 424 407 7348 117 169 77
internal_value=-0.00194427 0.0199726 0.00499467 0.0319891 0.0747849 -0.0383567 -0.00473144 0.0105536 0.0429428 -0.0058307 -0.00918072 -0.0211994 -0.00178199 0.130808
internal_weight=2027.21 210.594 171.94 112.306 38.6535 59.634 1816.62 387.007 138.995 248.012 1429.61 521.716 907.896 23.8718
internal_count=16844 1283 1025 699 258 326 15561 2902 1637 1265 12659 5142 7517 160
cat_boundaries=0 1
cat_threshold=129
is_linear=0
shrinkage=0.196372


Tree=78
num_leaves=10
num_cat=0
split_feature=9 21 35 30 23 7 39 17 34
split_gain=4.48407 4.33116 4.19742 4.82475 4.55165 3.24929 2.74886 2.40158 2.30459
threshold=7.5850000000000009 4.2500000000000009 39.550000000000004 20.500000000000004 47.300000000000004 164.50000000000003 18.850000000000005 2.7500000000000004 8.5000000000000018
decision_type=8 10 10 10 10 10 10 8 10
left_child=1 2 3 -1 -4 8 -7 -2 -3
right_child=7 5 4 -5 -6 6 -8 -9 -10
leaf_value=-0.012650960523840869 0 0 -0.17862738204881778 0.0076807750974672954 0 -0.031632002797911632 0.045805869127943558 0.1263673271626275 0.073893184615953733
leaf_weight=1091.7148066671216 14.705433880910279 11.30182311174576 11.147425762377681 738.99935256160097 14.08886753162369 43.240654136461671 29.588871816173196 15.702681483555351 61.958781320718117
leaf_count=9458 105 181 87 5142 88 633 187 106 797
internal_value=-0.00143841 -0.00279265 -0.00555823 -0.00420124 -0.0856986 0.029264 0 0.0726272 0.0584012
internal_weight=2032.45 2002.04 1855.95 1830.71 25.2363 146.09 72.8295 30.4081 73.2606
internal_count=16784 16573 14775 14600 175 1798 820 211 978
is_linear=0
shrinkage=0.196372


Tree=79
num_leaves=12
num_cat=1
split_feature=5 27 22 4 5 12 37 23 32 26 23
split_gain=4.93619 5.42852 3.61465 4.91766 5.02335 4.28822 9.02233 4.71515 2.73286 1.75668 1.03642
threshold=9.0750000000000011 44.600000000000001 16.500000000000004 0 4.6450000000000005 1.0000000180025095e-35 3.9500000000000006 43.850000000000001 0.16500000000000004 24.500000000000004 44.900000000000006
decision_type=2 10 10 9 2 10 10 10 10 10 10
left_child=2 9 3 8 -5 7 -7 -4 -1 10 -2
right_child=1 -3 5 4 -6 6 -8 -9 -10 -11 -12
leaf_value=-0.13486257196560414 0 0.1485271742565239 -0.0057232162310220007 -0.054543365186726325 0.026841209058779535 -0.0095431003625360052 0.046269421695926571 -0.036372995417258733 0 0.072918072550080662 -0.10189844752367005
leaf_weight=13.232049944170287 10.274290620116519 17.401360016316175 760.20326968771406 28.300426174071617 375.95980760952807 350.21711006434634 159.19011108018458 284.40980359818786 16.342791963601485 9.0940551080275309 5.3978502894751719
leaf_count=131 221 130 6729 712 4046 1879 845 1684 274 71 62
internal_value=-0.000913892 0.065026 -0.00254274 0.0129437 0.0195375 -0.00715295 0.00703895 -0.0144987 -0.051163 0 -0.0339141
internal_weight=2030.02 42.1676 1987.86 433.835 404.26 1554.02 509.407 1044.61 29.5748 24.7662 15.6721
internal_count=16784 484 16300 5163 4758 11137 2724 8413 405 354 283
cat_boundaries=0 1
cat_threshold=20
is_linear=0
shrinkage=0.196372


Tree=80
num_leaves=15
num_cat=1
split_feature=7 20 15 38 0 40 15 34 40 9 24 4 24 31
split_gain=3.86692 4.25939 4.03015 5.8634 5.45291 3.01324 3.21457 3.00871 5.15368 5.27151 3.64797 3.36737 4.29598 4.1021
threshold=164.50000000000003 0.17500000000000002 52.500000000000007 16.750000000000004 6.8950000000000005 8.0500000000000025 87.050000000000011 15.500000000000002 12.15 6.035000000000001 0.12500000000000003 0 0.17500000000000002 9.3000000000000025
decision_type=8 8 10 10 2 10 10 8 10 10 8 9 10 10
left_child=1 2 4 -4 -1 -3 -7 11 10 -10 -9 12 -2 -13
right_child=7 5 3 -5 -6 6 -8 8 9 -11 -12 13 -14 -15
leaf_value=-0.10394940826714769 -0.005141966569196286 0.11540866514495977 0.027281622874446455 -0.027343984501040874 0.034983076101821158 -0.0054236327090891219 0.05672798412064671 0 -0.005939596420748163 0.031689268411685421 0.11337538175920991 0.055109768720477327 -0.10522106998550208 -0.0042207054144932938
leaf_weight=47.875641623802949 64.548896254447754 8.6780899140867387 87.005730778677389 377.26751014683396 8.433136537903918 378.25785560760414 34.849988625152037 7.3200729219242922 322.0299165045144 239.57613131124526 33.092539851088077 50.398505246674176 28.681484502390958 352.91305514681153
leaf_count=895 493 159 746 2199 124 4129 195 263 2693 1155 309 708 328 2464
internal_value=-0.00206023 -0.0114456 -0.0234152 -0.0161433 -0.0752328 0.00227981 0 0.00558725 0.0151132 0.00932804 0.0841124 -0.00506985 -0.0369011 0.0020666
internal_weight=2040.93 942.368 520.582 464.273 56.3088 421.786 413.108 1098.56 602.019 561.606 40.4126 496.542 93.2304 403.312
internal_count=16860 8447 3964 2945 1019 4483 4324 8413 4420 3848 572 3993 821 3172
cat_boundaries=0 1
cat_threshold=68
is_linear=0
shrinkage=0.196372


Tree=81
num_leaves=13
num_cat=1
split_feature=25 29 28 19 35 5 4 5 30 21 19 31
split_gain=3.55364 5.71362 4.08604 3.70396 5.80607 3.62154 3.15084 2.96816 5.5547 5.25747 2.46051 1.61948
threshold=3.0500000000000003 2.2500000000000004 0.115 38.600000000000009 16.450000000000003 6.2250000000000005 0 7.4850000000000012 23.500000000000004 3.5500000000000003 43.650000000000006 29.800000000000004
decision_type=8 8 10 10 10 2 9 2 8 8 10 10
left_child=2 -2 6 5 -5 -4 11 8 -3 -9 -8 -1
right_child=1 7 3 4 -6 -7 10 9 -10 -11 -12 -13
leaf_value=-0.089030154139752987 0.099698829201338934 0.0033777631711108583 0.052093631270188109 -0.038716695487718049 -0.00031674090495622159 -0.0049517874517489699 0 0.012773985145835932 0.05821845673707144 -0.029017827427388596 0.13894888001478173 0
leaf_weight=8.6863129231496732 24.457019497931469 478.27681995919556 50.738445807772223 361.58058323618025 302.74538456602022 227.70243866572855 11.557642128667796 210.4494275826728 88.56233841960784 237.02301656245254 18.831844794563949 8.6695814300328475
leaf_count=184 182 4920 715 2198 1645 2069 250 1675 617 2241 106 58
internal_value=-0.00203322 0.00571601 -0.0106077 -0.0138093 -0.021891 0.00388121 0.0431336 0.00299199 0.0127475 -0.00837422 0.071159 -0.0136581
internal_weight=2029.28 1038.77 990.512 942.767 664.326 278.441 47.7454 1014.31 566.839 447.472 30.3895 17.3559
internal_count=16860 9635 7225 6627 3843 2784 598 9453 5537 3916 356 242
cat_boundaries=0 1
cat_threshold=81
is_linear=0
shrinkage=0.196372


Tree=82
num_leaves=16
num_cat=2
split_feature=35 31 4 25 31 4 20 33 25 8 16 5 25 37 0
split_gain=5.09575 7.59241 5.51539 7.63008 5.18057 7.64804 4.78066 4.65598 7.72103 4.60837 3.90726 3.78718 3.76813 3.61522 1.51975
threshold=13.100000000000001 24.600000000000005 0 2.4500000000000006 14.050000000000002 1 0.16500000000000004 3.1500000000000008 3.1500000000000008 50.500000000000007 0.17500000000000002 6.4150000000000009 2.7500000000000004 4.5500000000000007 6.7950000000000008
decision_type=8 10 9 10 8 9 10 10 10 8 8 2 10 10 2
left_child=1 7 3 -3 5 14 -7 8 -1 12 -11 -9 -6 -4 -2
right_child=4 2 13 -5 9 6 -8 11 -10 10 -12 -13 -14 -15 -16
leaf_value=-0.00030991806256425018 0 0.10432273827095231 0.036136560615111807 -0.036210541127110467 0.067371858850022504 0.10887519337349157 0.01331923465093298 -0.040627302946952139 0.068968205077314534 -0.012789427547272378 -0.055293815776091874 0 -0.00063333395751066605 0.10398932016161309 -0.099025696735270674
leaf_weight=169.78440636958112 17.762295551015995 17.756565187592059 249.61080128338654 76.847213188186288 41.825638889335096 43.276061008044053 61.965176738682203 124.33662422842463 87.610522630391642 537.09134359122254 113.05006137132295 341.63849218878022 78.07719150534831 46.814301679842174 16.270673232153058
leaf_count=1520 203 118 1650 577 283 266 595 1926 886 3069 899 3843 536 310 113
internal_value=0.00327406 0.0123253 0.0343674 -0.00450209 -0.00733054 0.0264157 0.0520285 0 0.0215839 -0.0140161 -0.0208786 -0.0113006 0.0194686 0.0468367 -0.0424506
internal_weight=2023.72 1114.4 391.029 94.6038 909.318 139.274 105.241 723.37 257.395 770.044 650.141 465.975 119.903 296.425 34.033
internal_count=16794 10830 2655 695 5964 1177 861 8175 2406 4787 3968 5769 819 1960 316
cat_boundaries=0 1 2
cat_threshold=208 72
is_linear=0
shrinkage=0.196372


Tree=83
num_leaves=11
num_cat=1
split_feature=30 23 5 33 38 23 5 4 39 28
split_gain=3.49127 2.9222 9.4766 5.7456 4.52004 4.34641 6.75266 4.7132 2.46255 0.0910208
threshold=5.5000000000000009 43.650000000000006 6.8150000000000004 2.8500000000000001 16.050000000000004 41.550000000000004 6.7550000000000008 0 13.950000000000001 0.16500000000000004
decision_type=8 8 2 8 10 10 2 9 10 8
left_child=8 5 4 -4 -3 7 -7 -2 9 -1
right_child=1 2 3 -5 -6 6 -8 -9 -10 -11
leaf_value=-0.027461727792569782 0.01656199595667571 -0.045514055107498883 0.0050558445379875515 -0.037005268005363384 0.044259130320165922 -0.024348614626726904 0.068460733513239877 -0.0080591872474243369 0.091434047117673681 0
leaf_weight=4.4435975078958991 543.42411676053598 20.413559717941098 170.4155812705867 342.83873835284612 149.04292600252666 34.738734630867839 99.367376056499779 623.05304048993276 28.834946462186053 3.9357055951259108
leaf_count=243 4954 216 916 2122 888 231 598 6326 172 128
internal_value=0.00307786 0.00172576 -0.00837694 -0.0221786 0.0307844 0.00737079 0.0411131 0.00310423 0.062857 0
internal_weight=2020.51 1983.29 682.711 513.254 169.456 1300.58 134.106 1166.48 37.2142 8.3793
internal_count=16794 16251 4142 3038 1104 12109 829 11280 543 371
cat_boundaries=0 1
cat_threshold=224
is_linear=0
shrinkage=0.196372


Tree=84
num_leaves=12
num_cat=0
split_feature=39 0 39 0 15 40 7 33 28 7 26
split_gain=5.03506 4.41478 4.91955 10.1716 5.87433 3.2403 3.10182 4.21399 3.58983 2.30017 2.74062
threshold=26.250000000000004 6.7350000000000012 21.150000000000002 6.8150000000000004 90.750000000000014 12.850000000000003 169.50000000000003 2.6500000000000008 0.14500000000000005 167.50000000000003 21.500000000000004
decision_type=8 2 10 2 10 8 10 10 10 8 10
left_child=1 6 4 -4 -3 -2 8 -8 -1 10 -7
right_child=5 2 3 -5 -6 9 7 -9 -10 -11 -12
leaf_value=0.053294576255424726 -0.045158631046366533 -0.0095189910783580346 -0.071597771743382735 -0.0055842439806975648 0.062007259618336565 0 -0.16392356572778111 -0.0013939308260061507 0.0042146997261839677 0 0.082371369996476512
leaf_weight=76.622624465555418 12.186691988259552 986.27484141354216 157.3312853302341 248.97168063581921 44.976656721788459 19.319035473512486 8.1365253552794439 48.799294499098323 337.464811396203 22.317556041118223 62.195025102701038
leaf_count=663 86 8204 1043 1162 221 162 85 515 4135 147 317
internal_value=-0.005581 -0.00818435 -0.0137043 -0.0322626 -0.00595695 0.0333628 0.00771878 -0.0329092 0.0143907 0.0469195 0.0623534
internal_weight=2024.6 1908.58 1437.55 406.303 1031.25 116.018 471.023 56.9358 414.087 103.832 81.5141
internal_count=16740 16028 10630 2205 8425 712 5398 600 4798 626 479
is_linear=0
shrinkage=0.196372


Tree=85
num_leaves=11
num_cat=0
split_feature=27 33 17 35 37 0 15 38 33 17
split_gain=2.93956 4.49936 3.39384 3.9381 8.32752 2.95072 2.62036 4.76376 4.54004 1.49219
threshold=62.20000000000001 3.5500000000000003 2.9500000000000006 16.450000000000003 4.0500000000000007 6.745000000000001 76.250000000000014 21.750000000000004 3.7500000000000004 2.7500000000000004
decision_type=10 10 10 10 10 2 10 10 10 10
left_child=2 9 6 5 -5 -4 7 -1 -8 -2
right_child=1 -3 3 4 -6 -7 8 -9 -10 -11
leaf_value=0.0013390165487045171 -0.1372738568711368 0.016677265720023406 0 0.032003864905825914 -0.04128952506540591 -0.030793770558632076 -0.01214375604530025 0.0484773990496341 0.038594484192358489 -0.01231017135939306
leaf_weight=351.53677108921693 19.296537842135876 13.66282091103494 183.00293259561295 173.27263509924524 88.578746369108558 437.97284994993242 535.17926501575857 117.39261391013861 75.206982637988403 15.726734261959789
leaf_count=4106 145 89 2301 1105 682 4068 3005 648 499 92
internal_value=-0.00567955 -0.0540454 -0.00424751 -0.0133679 0.00550261 -0.0220391 0.00280233 0.0141027 -0.00515381 -0.0941721
internal_weight=2010.83 48.6861 1962.14 882.827 261.851 620.976 1079.32 468.929 610.386 35.0233
internal_count=16740 326 16414 8156 1787 6369 8258 4754 3504 237
is_linear=0
shrinkage=0.196372


Tree=86
num_leaves=15
num_cat=0
split_feature=22 34 39 5 5 31 40 40 21 27 39 24 2 5
split_gain=6.58513 5.86812 9.8497 6.53346 4.63083 6.26804 4.4586 3.91032 3.16387 3.73979 3.49695 2.34953 2.32808 1.03475
threshold=23.500000000000004 12.500000000000002 25.750000000000004 8.0650000000000031 7.9450000000000012 12.950000000000001 19.750000000000004 15.15 3.1500000000000008 47.000000000000007 28.550000000000004 0.17500000000000002 2.5000000000000004 7.4650000000000007
decision_type=10 10 10 2 2 10 10 10 10 10 10 8 2 2
left_child=4 6 3 -3 8 11 12 -7 9 -1 -10 -6 -2 -8
right_child=1 2 -4 -5 5 7 13 -9 10 -11 -12 -13 -14 -15
leaf_value=-0.0354007240340753 0.078490523573990584 0.02905443545944509 -0.10840829980290928 -0.027756735677938186 0 -0.005732501207350936 -0.045260375208274313 0.042149532025037822 0 0.0071142536437458258 -0.12145132194910545 -0.087756064442570447 0.021083084361327862 0.010827768283798431
leaf_weight=305.45914397615707 112.88580463919789 297.68109013524372 26.586721384199336 98.464840601664037 32.655893761781044 73.701967683853582 18.625114420661703 209.51698748627678 646.04854015973979 86.16392655542586 9.0689855376258475 24.081876557262149 69.307170410174876 19.494378126459196
leaf_count=2899 673 1659 152 577 434 636 162 1556 6526 514 53 461 460 145
internal_value=0.00322141 0.019766 0.00501968 0.0138061 -0.0041324 0.0152401 0.0460157 0.0281275 -0.01085 -0.0249147 -0.00175945 -0.0411596 0.0591364 -0.0050903
internal_weight=2029.74 643.045 422.733 396.146 1386.7 339.957 220.312 283.219 1046.74 391.623 655.118 56.7378 182.193 38.1195
internal_count=16907 3828 2388 2236 13079 3087 1440 2192 9992 3413 6579 895 1133 307
is_linear=0
shrinkage=0.196372


Tree=87
num_leaves=15
num_cat=0
split_feature=19 14 10 36 8 34 10 19 19 39 14 17 34 27
split_gain=4.84987 8.19038 7.56973 7.47624 6.01107 5.98209 5.03554 4.64334 4.453 4.34287 4.19796 3.97976 3.67773 3.40858
threshold=45.350000000000009 23.500000000000004 31.450000000000003 0.21500000000000002 53.500000000000007 23.500000000000004 45.150000000000013 28.300000000000004 62.300000000000004 18.050000000000004 25.500000000000004 2.5500000000000003 13.500000000000002 47.900000000000006
decision_type=10 8 10 10 10 10 10 8 10 10 10 10 10 10
left_child=1 2 12 5 -4 6 -2 11 9 -5 -7 -3 -1 -9
right_child=3 7 4 8 -6 10 -8 13 -10 -11 -12 -13 -14 -15
leaf_value=0.011516017635539173 0.031617765759970488 0.12586588367332638 0.056912219819512097 0 0 0 0.00019576630985600652 -0.054134977222788636 0.04523696312519887 -0.07985781978701674 0.1510453339115668 -0.0055792153625212823 -0.025136965435016981 0
leaf_weight=147.79909152010805 379.96195202413946 11.489207958336921 146.82363666361198 29.780507961288095 136.89973162370734 12.845766160171477 467.91184850223362 215.01822154343245 17.286016297992319 67.565017194952816 22.436492366716266 15.609713012352584 286.05718967200664 56.86369442101568
leaf_count=2578 2249 81 1078 250 1048 126 2680 1300 145 487 93 140 4362 290
internal_value=0.00239561 -0.00687254 0.00395607 0.0122825 0.0293415 0.0187335 0.014805 -0.0343307 -0.0334949 -0.0520948 0.0999826 0.0344313 -0.0116281 -0.0428377
internal_weight=2014.35 1016.56 717.58 997.788 283.723 883.156 847.874 298.981 114.632 97.3455 35.2823 27.0989 433.856 271.882
internal_count=16907 10877 9066 6030 2126 5148 4929 1811 882 737 219 221 6940 1590
is_linear=0
shrinkage=0.196372


Tree=88
num_leaves=13
num_cat=0
split_feature=40 25 14 11 27 31 32 16 22 33 28 27
split_gain=3.38247 6.42501 6.54448 4.8469 4.91462 4.98578 4.61984 6.85805 3.36852 3.34435 2.35245 2.34439
threshold=16.350000000000005 2.2500000000000004 20.500000000000004 8.5000000000000018 33.850000000000001 19.700000000000003 0.14500000000000005 0.15500000000000003 28.500000000000004 3.1500000000000008 0.15500000000000003 45.350000000000009
decision_type=10 10 10 10 8 10 10 10 10 10 10 10
left_child=3 2 10 4 5 -1 7 -3 -8 -6 -2 -4
right_child=1 6 11 -5 9 -7 8 -9 -10 -11 -12 -13
leaf_value=0.017264858923630506 0.066383414811262725 0 -0.14836855681571803 -0.076104150879971896 0.041997923855282331 -0.028334670625452224 -0.0008483387094291964 -0.080342991989001744 0.039970156463636927 0.0029368472227437963 -0.044835730492866828 -0.012002215127159635
leaf_weight=193.76262182020582 13.928772356826814 125.4552126347553 28.678004154004157 23.086592497304082 248.70042508389452 171.08334652334452 887.20240765908966 69.126414475496858 83.694789738859981 167.58134494000115 13.920269166934302 15.221550575457512
leaf_count=3303 101 653 159 154 1484 1470 7429 420 437 1160 102 78
internal_value=-0.000153266 -0.00680909 -0.0640692 0.00953336 0.0126526 -0.0029053 -0.00289222 -0.0306599 0.00222102 0.0273488 0 -0.111435
internal_weight=2041.44 1237.23 71.7486 804.214 781.128 364.846 1165.48 194.582 970.897 416.282 27.849 43.8996
internal_count=16950 9379 440 7571 7417 4773 8939 1073 7866 2644 203 237
is_linear=0
shrinkage=0.196372


Tree=89
num_leaves=16
num_cat=0
split_feature=0 9 39 31 15 31 30 39 19 19 20 13 30 40 38
split_gain=3.61372 5.66991 5.13304 6.2866 10.9852 5.6011 4.27162 4.39012 3.51543 8.41674 3.07287 7.33029 4.24797 1.93584 1.6514
threshold=6.8850000000000007 6.785000000000001 20.550000000000004 19.100000000000005 69.300000000000026 18.050000000000001 22.500000000000004 22.850000000000005 58.95000000000001 49.45000000000001 0.19500000000000003 0.17500000000000002 14.500000000000002 17.150000000000002 32.650000000000013
decision_type=2 10 10 10 10 10 10 10 10 10 10 8 10 10 10
left_child=1 10 3 5 -5 -2 7 -3 9 -4 11 -1 -12 -10 -8
right_child=2 6 8 4 -6 -7 14 -9 13 -11 12 -13 -14 -15 -16
leaf_value=0.0036285674141104023 -0.020827097611698646 -0.0052585849461238609 -0.01056478829181264 0.0057245184917448693 -0.11342412158468779 0.099853563527536757 0.053742566244235242 -0.071414310640097553 0 0.098153485126308226 0.03736863095346412 0.038573776494310548 -0.0220660465523356 -0.078577423066006749 -0.004680763337296296
leaf_weight=823.02978995756712 100.81342614770983 102.46970518445596 56.685406448319554 38.860194486565888 73.380244380794466 17.056774499593303 31.05408560205251 83.390514949336648 20.478415037505329 43.963983157649636 55.413562709611142 342.04619825808913 213.23877455084585 19.094543518032879 17.83707779366523
leaf_count=5821 1059 682 294 273 325 89 173 517 81 201 919 3723 2618 75 100
internal_value=0.000812025 0.00491367 -0.0164613 -0.0349907 -0.06829 0 -0.022806 -0.0373745 0.0107913 0.032627 0.00976469 0.014274 -0.00813555 -0.0334628 0.023456
internal_weight=2038.81 1668.48 370.333 230.111 112.24 117.87 234.751 185.86 140.222 100.649 1433.73 1165.08 268.652 39.573 48.8912
internal_count=16950 14553 2397 1746 598 1148 1472 1199 651 495 13081 9544 3537 156 273
is_linear=0
shrinkage=0.196372


Tree=90
num_leaves=16
num_cat=0
split_feature=0 5 15 15 30 18 8 8 14 22 7 35 18 18 9
split_gain=22.455 9.58574 10.3223 13.0849 7.62999 14.9396 6.65287 6.17856 8.87129 6.00726 4.52471 10.4566 5.06393 3.57418 3.01598
threshold=6.6450000000000005 4.8050000000000006 89.600000000000009 81.700000000000003 17.500000000000004 19.500000000000004 53.500000000000007 52.500000000000007 12.500000000000002 25.500000000000004 164.50000000000003 12.400000000000002 21.500000000000004 15.500000000000002 3.7850000000000006
decision_type=2 2 10 8 10 10 10 10 8 10 10 10 10 10 10
left_child=4 7 3 -3 10 13 -4 8 -2 -7 12 -12 -1 -6 -9
right_child=1 2 6 -5 5 9 -8 14 -10 -11 11 -13 -14 -15 -16
leaf_value=0.098377673290124951 -0.16618432533529565 0.0030348544114911806 0.070051356412748983 -0.032581635355740747 0 0.10796258842931813 0 0 0.043140639918546789 -0.0017877366626357642 0.22018803669809761 0 -0.01897970326173979 -0.096909385812859863 -0.11530076646398138
leaf_weight=31.414279094082303 9.8968224255149817 1560.1962065382977 120.09835628420115 526.30231956628268 14.029807206068652 62.325871045468375 86.852381716074888 5.2636349048407274 33.6161776924273 16.69760743714869 30.74003401666414 13.051516972249372 16.055339534301311 31.3213909373153 57.218020122614689
leaf_count=338 325 14095 614 2845 233 452 500 327 447 123 186 145 130 323 705
internal_value=0.00101325 -0.00427102 -0.00140165 -0.0057387 0.0618169 0.0252652 0.040143 -0.06205 0 0.0792252 0.106604 0.157919 0.0494633 -0.0589446 -0.101602
internal_weight=2615.08 2399.44 2293.45 2086.5 215.636 124.375 206.951 105.995 43.513 79.0235 91.2612 43.7916 47.4696 45.3512 62.4817
internal_count=21788 19858 18054 16940 1930 1131 1114 1804 772 575 799 331 468 556 1032
is_linear=0
shrinkage=0.196372


Tree=91
num_leaves=14
num_cat=0
split_feature=0 23 34 5 9 12 38 0 27 38 27 5 33
split_gain=15.4141 13.0199 10.7834 12.1795 9.38171 11.0175 15.6067 8.54211 8.12772 8.09634 5.69889 4.58668 1.53857
threshold=6.6450000000000005 27.900000000000002 14.500000000000002 7.745000000000001 7.6250000000000009 1.0000000180025095e-35 13.550000000000002 6.8050000000000006 43.550000000000004 10.250000000000002 26.000000000000004 8.2450000000000028 2.7500000000000004
decision_type=2 10 10 2 10 10 8 2 10 10 10 2 10
left_child=1 9 8 -4 5 6 -2 -7 -3 10 -1 -6 -11
right_child=4 2 3 -5 11 7 -8 -9 -10 12 -12 -13 -14
leaf_value=0.073817309283596297 -0.02388175641481698 0.11266726582924015 -0.09062635791785649 0.061997839589216119 0.14581370341427835 -0.046025040839184371 0.015530810132700046 0 -0.014624497460421724 0.2491841083422667 -0.14835837352153278 0 0.10543330666463017
leaf_weight=20.690612127305943 587.08337252549973 53.448751184972934 52.670679190196097 29.196958361193538 23.104479105211794 395.70424058148637 1128.8833598441415 244.91775745945051 21.379757598042488 17.461904686875641 4.8190909309778354 15.233172892592846 25.399083467433229
leaf_count=379 8705 402 378 263 138 2199 7337 1393 165 53 78 86 212
internal_value=2.13217e-05 0.0492957 0.0147644 -0.0307657 -0.00442785 -0.00617582 0.00178658 -0.0281904 0.0704415 0.121674 0.0137104 0.0909469 0.17524
internal_weight=2619.99 225.067 156.696 81.8676 2394.93 2356.59 1715.97 640.622 74.8285 68.3707 25.5097 38.3377 42.861
internal_count=21788 1930 1208 641 19858 19634 16042 3592 567 722 457 224 265
is_linear=0
shrinkage=0.196372


Tree=92
num_leaves=14
num_cat=0
split_feature=27 36 11 36 15 38 31 14 31 27 35 25 22
split_gain=8.07872 11.2962 9.62167 9.26184 10.8579 8.89115 15.556 7.07512 6.90292 3.95213 3.84106 4.21305 2.29942
threshold=53.45000000000001 0.15500000000000003 3.5000000000000004 0.18500000000000003 78.500000000000014 12.950000000000001 13.100000000000001 12.500000000000002 17.500000000000004 64.500000000000014 6.6500000000000012 2.8500000000000001 24.500000000000004
decision_type=10 10 10 10 10 10 10 8 10 10 10 10 10
left_child=2 9 5 4 -4 7 -7 -1 -5 12 -3 -12 -2
right_child=1 10 3 8 -6 6 -8 -9 -10 -11 11 -13 -14
leaf_value=-0.038833372342765432 0.14977074522568837 -0.083552012759812069 0.0088429574218837313 0.086066971030216891 -0.053402944865243378 0.062678119475071348 0.0051016742142031861 0.00418769874853645 -0.0019355878142905782 0 -0.027523467219062459 0.047635662362594228 0.034972354577275787
leaf_weight=230.66299498956505 43.266416383441538 16.932934810844017 138.79367342637852 40.067165157292038 356.13453425071202 235.53300692792982 873.91841289267177 366.2238809960545 178.04926096869167 17.392548572272062 40.880602843593806 70.201362032443285 21.913343935739249
leaf_count=4554 160 151 827 228 1876 1593 5774 4584 1097 124 256 453 120
internal_value=0.00239467 0.0393033 -0.000637547 -0.0199579 -0.0350541 0.00717732 0.0177347 -0.0117017 0.0122638 0.0958933 0 0.0159859 0.118203
internal_weight=2629.97 210.587 2419.38 713.045 494.928 1706.34 1109.45 596.887 218.116 82.5723 128.015 111.082 65.1798
internal_count=21797 1264 20533 4028 2703 16505 7367 9138 1325 404 860 709 280
is_linear=0
shrinkage=0.196372


Tree=93
num_leaves=16
num_cat=1
split_feature=0 19 17 23 4 24 27 18 17 18 5 27 10 27 23
split_gain=10.7678 11.1758 11.2634 10.2898 9.39092 9.17497 10.2988 7.06163 9.39388 9.22096 6.9428 6.43823 6.35997 5.89966 5.34474
threshold=6.6950000000000012 46.900000000000013 3.9500000000000006 51.95000000000001 0 0.13500000000000004 31.900000000000002 26.500000000000004 2.4500000000000006 19.500000000000004 6.1550000000000011 52.750000000000007 48.95000000000001 28.050000000000004 44.900000000000006
decision_type=2 10 10 10 9 10 8 10 10 10 2 10 10 10 10
left_child=5 2 11 4 -3 6 14 9 -9 -7 -5 -2 -8 -4 -1
right_child=1 3 13 10 -6 7 12 8 -10 -11 -12 -13 -14 -15 -16
leaf_value=0 0.010337302573423897 -0.05856153451320998 -0.085494453586391073 -0.091524328632840685 -0.010035474323033639 0.014286879705694295 -0.15998922399557325 -0.14535680423843905 0.016135442727893242 0.075032346656833698 0.028711558373320203 0.074999385938114102 0 0.0030637141912678158 0.23947121824871886
leaf_weight=9.9301415582303871 1002.007137102235 294.00446985079907 69.809367730951635 19.002752824686468 397.47806156473234 215.08555814245483 25.309053693054011 17.237698785495013 54.200732972472906 213.82603056053631 194.38010307494551 66.429321531351889 18.322355704382062 33.87561431247741 5.122242158278822
leaf_count=220 9799 1686 1247 158 2538 2300 115 84 344 1398 1097 366 95 334 16
internal_value=0.00239888 -0.00392731 0.00846205 -0.0204648 -0.032313 0.0266893 -0.0433226 0.0358025 -0.016947 0.0456271 0.0158454 0.0147871 -0.0964639 -0.0523396 0.080828
internal_weight=2636.02 2076.99 1172.12 904.865 691.483 559.034 58.6838 500.35 71.4384 428.912 213.383 1068.44 43.6314 103.685 15.0524
internal_count=21797 17225 11746 5479 4224 4572 446 4126 428 3698 1255 10165 210 1581 236
cat_boundaries=0 1
cat_threshold=69
is_linear=0
shrinkage=0.196372


Tree=94
num_leaves=14
num_cat=0
split_feature=0 5 40 32 11 29 28 27 19 29 21 27 9
split_gain=11.4409 11.2038 12.6478 10.9134 9.5876 7.82022 7.06509 6.72169 7.31152 5.69718 7.84024 6.92175 4.02786
threshold=6.7350000000000012 8.5650000000000031 12.450000000000001 0.19500000000000003 6.5000000000000009 2.2500000000000004 0.13500000000000004 53.45000000000001 54.900000000000006 3.4500000000000006 2.9500000000000006 44.900000000000006 6.2250000000000005
decision_type=2 2 8 10 10 8 10 10 10 8 10 10 10
left_child=1 2 3 -1 -4 7 -3 8 -2 10 -7 -11 -8
right_child=5 6 4 -5 -6 9 12 -9 -10 11 -12 -13 -14
leaf_value=0.11842085682527184 0.047973009107308798 -0.17906165355748849 0.0081073381808350088 -0.023464221430727624 0.084348336884231601 0.00229069041543941 -0.091547427136829715 0.13890067023096819 -0.07283915415878281 -0.0032222390571410224 -0.032845213863563094 0.064902821146857081 0.02203592533007696
leaf_weight=90.213555387250381 71.259059749732842 14.996137838112189 724.76106929688831 20.767956352676265 72.344951833831146 351.4428604831337 17.322318185702898 22.37483186647296 24.636116803623736 466.89310851541813 666.51905136671849 64.231192107312381 28.952879095450044
leaf_count=830 820 72 5506 407 387 2389 352 107 143 4991 5378 355 215
internal_value=0.00201445 0.0191095 0.0249449 0.0878823 0.0156043 -0.00765907 -0.0599427 0.040141 0.0122236 -0.0116001 -0.0202808 0.00420318 -0.011152
internal_weight=2636.72 969.359 908.088 110.982 797.106 1667.36 61.2713 118.27 95.8952 1549.09 1017.96 531.124 46.2752
internal_count=21952 7769 7130 1237 5893 14183 639 1070 963 13113 7767 5346 567
is_linear=0
shrinkage=0.196372


Tree=95
num_leaves=14
num_cat=1
split_feature=5 4 10 19 40 36 5 35 5 8 27 23 29
split_gain=8.59223 7.45569 7.44798 13.9838 9.41136 8.31138 7.2796 7.04585 5.60165 5.26545 3.09998 5.21529 2.5914
threshold=5.7750000000000012 0 51.050000000000004 68.300000000000026 22.250000000000004 0.14500000000000005 5.6750000000000007 23.300000000000004 7.1550000000000011 55.500000000000007 47.70000000000001 24.050000000000004 3.2500000000000004
decision_type=2 9 10 8 10 10 2 10 2 10 10 10 10
left_child=1 10 3 4 -2 8 9 -7 -4 -3 11 -1 -5
right_child=2 6 5 12 -6 7 -8 -9 -10 -11 -12 -13 -14
leaf_value=-0.045727411606206386 -0.0036578177437259574 -0.062217635482237188 0 -0.16242350546200626 0.035729854920639285 0.037603014742268612 -0.17921525709609246 -0.029240685236156076 0.1007546471307345 0.027529946323028354 -0.083624035397465268 0.058295261868584948 -0.02514977165633462
leaf_weight=22.188063908659387 1735.6680551323952 108.65623540039815 24.64574048249051 23.456827382411575 268.99647644581273 141.33670848235488 20.462777813023422 101.14721839432605 82.371215578634292 24.946697378385579 10.384003888349978 60.224189419881441 18.59875575080514
leaf_count=666 14327 1557 138 149 2047 735 150 544 468 397 102 564 108
internal_value=0 -0.0348764 0.00358516 -0.000728912 0.00140915 0.0301038 -0.0595694 0.00788973 0.0761822 -0.0421244 0.00703632 0.0248695 -0.112649
internal_weight=2643.08 246.862 2396.22 2046.72 2004.66 349.501 154.066 242.484 107.017 133.603 92.7963 82.4123 42.0556
internal_count=21952 3436 18516 16631 16374 1885 2104 1279 606 1954 1332 1230 257
cat_boundaries=0 1
cat_threshold=33
is_linear=0
shrinkage=0.196372


Tree=96
num_leaves=12
num_cat=1
split_feature=34 5 24 3 29 38 9 5 29 13 27
split_gain=6.94834 6.95649 9.63797 8.02698 7.17136 5.01928 5.4074 4.94005 3.91903 0.968734 0.443815
threshold=1.5000000000000002 5.745000000000001 0.115 0 2.1500000000000008 6.7500000000000009 6.1950000000000012 7.0050000000000008 3.4500000000000006 0.20500000000000004 19.300000000000001
decision_type=8 2 8 9 10 8 10 2 10 10 10
left_child=7 5 3 -3 -4 9 -7 10 -9 -2 -1
right_child=1 2 4 -5 -6 6 -8 8 -10 -11 -12
leaf_value=0.034763124560003501 -0.13620591120522219 0 -0.04729943942774785 0.15135934171243109 0.0047703422452526267 0 -0.068261271940873419 -0.17100982520216196 -0.0025652245874936957 0 -0.020195824852324323
leaf_weight=10.537854876951316 21.057012717166803 14.204875928291585 105.96880735155719 30.798107604801771 2184.1946465064248 138.90829983635922 58.764005588600412 20.601485549472272 14.887452536728231 6.1259577952150712 9.9032251500757393
leaf_count=100 795 247 688 414 16913 1606 436 131 106 442 70
internal_value=-0.000539216 0.000788104 0.00413441 0.0941593 0.00216301 -0.0319624 -0.0183013 -0.0689776 -0.113218 -0.114191 0
internal_weight=2615.95 2560.02 2335.17 45.003 2290.16 224.855 197.672 55.93 35.4889 27.183 20.4411
internal_count=21948 21541 18262 661 17601 3279 2042 407 237 1237 170
cat_boundaries=0 1
cat_threshold=2
is_linear=0
shrinkage=0.196372


Tree=97
num_leaves=14
num_cat=0
split_feature=0 0 16 38 9 19 38 33 27 38 10 14 40
split_gain=9.0803 10.9975 12.5485 9.65835 15.8349 9.37208 8.73983 8.71698 8.51116 7.74199 7.43461 7.1701 6.72461
threshold=6.7350000000000012 6.8050000000000006 0.14500000000000005 13.550000000000002 4.8850000000000007 45.100000000000009 13.250000000000002 2.8500000000000001 47.000000000000007 29.350000000000005 43.650000000000013 35.500000000000007 20.150000000000002
decision_type=2 2 10 10 10 8 10 10 10 8 10 10 10
left_child=3 2 5 6 -5 -2 12 -6 -4 10 -3 -11 -1
right_child=1 9 8 4 7 -7 -8 -9 -10 11 -12 -13 -14
leaf_value=-0.027144616661051852 -0.012370318254776067 0.0090422359268570278 -0.021357974002897864 0.17383330111995937 -0.013264210736566643 -0.10536424273481412 -0.18678544842233119 0.034578950789201632 0.04413568005116579 0.077773718050448484 -0.035646379454971545 -0.021299421478675626 0.050112286042753175
leaf_weight=181.16556629983825 83.453233148233267 570.22768079677189 486.62962431213236 27.757728354306892 194.93544436036609 117.29339215205982 11.234810425201429 482.27916887577157 87.397291775094345 96.48582601454109 190.158691897057 30.876766172703356 54.827386823482811
leaf_count=2696 912 6011 4238 155 1175 653 79 3045 523 510 1105 192 654
internal_value=-0.000193664 -0.0091179 -0.0263115 0.0149202 0.0268829 -0.0689684 -0.0173908 0.020152 -0.0106006 0.00539025 -0.00155654 0.0502791 -0.00728723
internal_weight=2614.72 1662.52 774.774 952.2 704.972 200.747 247.228 677.215 574.027 887.749 760.386 127.363 235.993
internal_count=21948 14144 6326 7804 4375 1565 3429 4220 4761 7818 7116 702 3350
is_linear=0
shrinkage=0.196372


Tree=98
num_leaves=13
num_cat=1
split_feature=39 38 27 26 9 5 4 30 5 31 39 37
split_gain=8.72012 11.8412 11.3137 17.5067 10.7496 9.75747 13.5685 9.97398 8.53371 5.40343 7.14746 4.03797
threshold=18.350000000000005 13.250000000000002 29.650000000000002 18.500000000000004 7.9250000000000007 7.035000000000001 0 26.500000000000004 6.495000000000001 13.100000000000001 8.6500000000000004 4.5500000000000007
decision_type=8 10 10 10 10 2 9 8 2 10 10 10
left_child=1 9 8 -4 5 7 -7 -2 -3 10 -1 -11
right_child=4 2 3 -5 -6 6 -8 -9 -10 11 -12 -13
leaf_value=0.025822738438089861 0.018840162723724258 0.11620491661177287 -0.060036914246946474 0.031187355170087305 0.15821993807261217 -0.042572752261642109 0.0055103713724799358 -0.097944870396976982 0.035913075221853517 0 -0.047862926470945207 0.073047375279336288
leaf_weight=58.587860089886817 439.15953151718713 74.521018707659096 111.34389196906704 289.72276370576583 13.970624851062892 556.92959045633324 354.90444943285547 29.104725873054122 270.62011512974277 145.68590031756321 206.45437630551169 34.695531149569433
leaf_count=1952 2958 505 810 1736 72 3609 2535 154 1676 2040 3287 502
internal_value=0.000611148 0.0131048 0.0284016 0.00473695 -0.00975016 -0.0117961 -0.0237804 0.0105928 0.0545953 -0.0115264 -0.029893 0.0130052
internal_weight=2585.7 1191.63 746.208 401.067 1394.07 1380.1 911.834 468.264 345.141 445.424 265.042 180.381
internal_count=21836 12508 4727 2546 9328 9256 6144 3112 2181 7781 5239 2542
cat_boundaries=0 1
cat_threshold=195
is_linear=0
shrinkage=0.196372


Tree=99
num_leaves=12
num_cat=0
split_feature=8 20 0 39 23 1 23 7 33 0 33
split_gain=9.26414 6.94784 5.71494 9.61395 14.0928 9.37298 4.82356 4.6639 7.37061 4.18104 0.767072
threshold=45.500000000000007 0.19500000000000003 6.7350000000000012 17.650000000000002 35.850000000000009 2.5000000000000004 57.800000000000004 159.50000000000003 2.6500000000000008 6.8550000000000013 3.1500000000000008
decision_type=10 10 2 8 10 2 10 10 10 2 8
left_child=1 6 3 4 -2 -5 10 8 -4 -9 -1
right_child=2 -3 7 5 -6 -7 -8 9 -10 -11 -12
leaf_value=-0.056350225064905821 0.0093978022233988778 0.035728173844753096 0.097912403332883993 0.023435122331656462 0.090787049869816505 -0.028835065008501207 0 -0.015230538792924634 0.00061718335312594026 0.0087222568625440616 -0.17155182516404496
leaf_weight=19.133018191088922 253.98150695383083 12.778091259533538 40.558744416106492 266.10150898550637 132.44214127329178 260.13020605011843 11.170685667544602 1030.1381590047677 151.54631233727559 360.79074150793895 25.217590236818069
leaf_count=196 3075 189 339 1811 747 1845 51 8461 1604 3380 138
internal_value=0.000292163 -0.0707413 0.00241984 0.0149093 0.0384757 -0.00156114 -0.103255 -0.00450115 0.0235525 -0.00869789 -0.132319
internal_weight=2563.99 68.2994 2495.69 912.655 386.424 526.232 55.5213 1583.03 192.105 1390.93 44.3506
internal_count=21836 574 21262 7478 3822 3656 385 13784 1943 11841 334
is_linear=0
shrinkage=0.196372


Tree=100
num_leaves=16
num_cat=1
split_feature=32 27 40 8 0 17 22 38 0 0 4 27 16 18 15
split_gain=5.99448 11.9817 9.74078 13.5831 9.29727 8.12324 9.09043 9.19852 6.13031 5.91524 5.85171 12.375 9.80233 5.35949 4.92054
threshold=0.16500000000000004 42.20000000000001 18.750000000000004 54.500000000000007 6.6450000000000005 2.6500000000000008 27.500000000000004 14.950000000000001 6.705000000000001 6.7150000000000007 0 62.000000000000007 0.17500000000000002 15.500000000000002 52.300000000000004
decision_type=8 8 10 10 2 8 10 10 2 2 9 10 10 10 10
left_child=5 4 3 -3 14 6 7 -1 -8 -4 11 -7 -12 -6 -2
right_child=1 2 9 -5 13 10 8 -9 -10 -11 12 -13 -14 -15 -16
leaf_value=-0.062984217891836836 -0.00047694025210172759 -0.10811401608234535 -0.075599585342786157 0.0082377503051031063 -0.029925514098858443 0.013583218173647986 0.012939450783763852 0.016059380753888877 -0.101397116424623 0.03306284992478415 0.062520301620746274 -0.19367675883180591 -0.0050749229165272698 0.0047055470456636474 0.083612359184479096
leaf_weight=64.183103120682063 25.321100867178757 119.12076744563819 25.406098253792152 47.216510655824095 218.73532989236992 294.85697034269106 17.192433673888445 430.38544489117339 56.274651436135173 74.602500990964472 288.35813179111574 11.21857734909281 99.588088126882212 765.83307152261841 78.638856979086995
leaf_count=1037 433 835 230 348 3464 2128 91 2536 263 490 1605 65 893 6934 594
internal_value=0.00301924 -0.00582734 -0.0432544 -0.0724516 0.00292922 0.0128676 -0.00386962 0.00488153 -0.0686533 0.000926814 0.0272031 0.00426944 0.042925 -0.00254207 0.0589089
internal_weight=2616.93 1354.87 266.346 166.337 1088.53 1262.06 568.036 494.569 73.4671 100.009 694.022 306.076 387.946 984.568 103.96
internal_count=21946 13328 1903 1183 11425 8618 3927 3573 354 720 4691 2193 2498 10398 1027
cat_boundaries=0 1
cat_threshold=240
is_linear=0
shrinkage=0.196372


Tree=101
num_leaves=11
num_cat=0
split_feature=14 14 14 23 38 34 7 7 28 24
split_gain=8.01267 7.04415 7.69511 13.6895 6.21157 5.62799 3.96362 6.9825 1.05967 1.0581
threshold=38.500000000000007 34.500000000000007 32.500000000000007 46.800000000000004 32.550000000000004 12.500000000000002 169.50000000000003 163.50000000000003 0.16500000000000004 0.15500000000000003
decision_type=8 10 10 10 10 10 10 10 8 10
left_child=1 2 5 -4 8 -1 7 -3 -2 -6
right_child=4 6 3 -5 9 -7 -8 -9 -10 -11
leaf_value=0.022064392564514673 -0.05125118211229588 0 -0.10167893282137326 0.028542531105356164 -0.031543222069066623 0 -0.017557114110378146 0.11366415871424361 -0.1826521715504002 0.047933843892252796
leaf_weight=592.58876345328463 19.255865306593478 44.127303851535544 70.802118834573776 47.908329023048282 12.219883592333646 1726.6577097049303 16.453746163286269 57.173529936000705 14.714730995430726 12.164762944448738
leaf_count=5690 111 298 314 305 83 14573 100 284 85 103
internal_value=0.00354081 0.00534737 0.00288628 -0.0454337 -0.0677316 0.00555487 0.0524409 0.0681974 -0.121934 0
internal_weight=2614.07 2555.71 2437.96 118.71 58.3552 2319.25 117.755 101.301 33.9706 24.3846
internal_count=21946 21564 20882 619 382 20263 682 582 196 186
is_linear=0
shrinkage=0.196372


Tree=102
num_leaves=16
num_cat=0
split_feature=40 18 12 36 14 2 2 28 37 29 26 0 40 19 0
split_gain=4.97921 7.3086 7.20947 8.02098 8.26237 7.39288 5.73926 8.54718 5.57357 5.5238 5.37146 9.10987 7.27069 2.74842 1.61459
threshold=12.750000000000002 23.500000000000004 1.5000000000000002 0.19500000000000003 31.500000000000004 2.5000000000000004 2.5000000000000004 0.17500000000000002 3.5500000000000003 2.3500000000000001 24.500000000000004 6.5850000000000009 25.750000000000004 46.550000000000004 6.7550000000000008
decision_type=10 8 10 10 10 2 2 10 10 10 10 2 10 10 2
left_child=1 6 10 4 -4 -5 9 -8 14 -1 11 -2 -12 -10 -3
right_child=2 8 3 5 -6 -7 7 -9 13 -11 12 -13 -14 -15 -16
leaf_value=0.059635033809017093 0.10598909945220029 0.051066788937994129 -0.06419352840754311 0 0.015538178908014663 -0.24754488418462453 0 0.10293698445303402 0.088792658799405288 -0.035567381527467426 0.013417704090963885 -0.0058846953462640787 0.12963469905280892 -0.0231853405256294 0.19870448762242354
leaf_weight=26.211372154997662 28.122670120908879 16.283463940482761 87.257893445668742 13.001129873096945 103.05159354442731 12.838834617286919 92.213256100018043 50.237939915416064 12.169042808935048 124.37646302141366 507.88972639641725 1500.4436334543279 22.790488133672625 18.403157957363874 17.287032473337604
leaf_count=366 244 136 498 103 512 77 859 810 83 1721 3189 12975 153 128 91
internal_value=0.00196388 0.0235783 -0.00123579 -0.0354578 -0.0187191 -0.140544 0.00870185 0.0379035 0.0843911 -0.0159917 0.00214398 -0.00352166 0.0192946 0.00726431 0.141002
internal_weight=2632.58 357.182 2275.4 216.149 190.309 25.84 293.039 142.451 64.1427 150.588 2059.25 1528.57 530.68 30.5722 33.5705
internal_count=21945 4194 17751 1190 1010 180 3756 1669 438 2087 16561 13219 3342 211 227
is_linear=0
shrinkage=0.196372


Tree=103
num_leaves=16
num_cat=0
split_feature=39 38 19 40 0 31 5 38 23 37 5 7 7 5 17
split_gain=4.87822 10.2658 10.1579 8.79893 7.80337 9.04071 11.0139 8.05692 10.6683 7.56155 6.8426 6.57752 7.51373 6.56846 5.41541
threshold=20.350000000000005 14.550000000000002 28.800000000000004 23.450000000000003 6.6850000000000014 23.900000000000002 6.6550000000000011 16.750000000000004 42.20000000000001 4.2500000000000009 7.3450000000000006 166.50000000000003 160.50000000000003 7.6550000000000011 3.4500000000000006
decision_type=10 8 10 10 2 10 2 10 10 10 2 10 10 2 10
left_child=1 11 10 -4 5 9 -7 13 -9 -2 -3 12 -1 -6 -13
right_child=4 2 3 -5 7 6 -8 8 -10 -11 -12 14 -14 -15 -16
leaf_value=-0.035011130254909276 -0.083720217333832322 0.018164535109874855 0.019055089950202924 -0.047612925970339906 0.049438393911558673 0.16607064339508151 0.019438616346470448 -0.063475896456775358 -0.0083888653360601629 0.062233928069432828 0.12436118602060507 -0.065760610757387886 0.022015728609581932 -0.033906097173680184 0
leaf_weight=133.99645420303568 39.462951766792685 57.891012214531656 869.30048657208681 80.334854656364769 109.11375478608534 29.582104470580816 87.080210340907797 213.6467653173022 435.7726041066926 17.504597736638971 58.897691146441502 125.48676722266828 259.9635757105425 48.325473879580386 62.501378341476084
leaf_count=2349 288 354 5202 529 904 160 556 1205 2491 151 342 1853 4074 535 952
internal_value=0.0019719 0.00863275 0.0202354 0.0129385 -0.00877281 0.0280116 0.0606517 -0.017244 -0.0272097 -0.0310425 0.0756432 -0.0118661 0.0014845 0.0210283 -0.0421743
internal_weight=2628.86 1648.37 1066.42 949.635 980.488 173.63 116.662 806.859 649.419 56.9675 116.789 581.948 393.96 157.439 187.988
internal_count=21945 15655 6427 5731 6290 1155 716 5135 3696 439 696 9228 6423 1439 2805
is_linear=0
shrinkage=0.196372


Tree=104
num_leaves=12
num_cat=0
split_feature=8 5 31 5 0 34 34 5 8 34 18
split_gain=4.63029 5.45009 8.53102 5.24148 5.13653 10.4409 10.4373 3.77247 2.64099 0.635489 0.0786826
threshold=60.500000000000007 6.3750000000000009 27.700000000000006 4.7250000000000005 6.7350000000000012 24.500000000000004 22.500000000000004 1.0000000180025095e-35 51.500000000000007 10.500000000000002 20.500000000000004
decision_type=10 2 10 2 2 8 10 2 8 8 10
left_child=3 -2 10 7 6 -6 -5 9 -9 -1 -3
right_child=1 2 -4 4 5 -7 -8 8 -10 -11 -12
leaf_value=-0.028954246500514823 0.03546554407934311 -0.075347488350383032 0 0.007905494833480636 0.00030790725296309698 -0.078405911671564743 0.078695223385149102 0 -0.093842631033473012 0.02617310704006471 -0.25420805870859897
leaf_weight=7.6544786860467857 8.7287234934919962 10.348186741932301 9.8691483312286419 815.91732827775559 1471.5531113086327 67.303267124443664 92.245803655998316 20.448556153685786 47.751529995672172 25.944199398625642 9.7249184719985333
leaf_count=149 109 158 71 6145 11844 874 755 391 757 620 54
internal_value=0.000633188 -0.0663299 -0.110772 0.00182876 0.00381308 -0.00285646 0.0156013 -0.0414266 -0.0684502 0.000378193 -0.185632
internal_weight=2587.49 38.671 29.9423 2548.82 2447.02 1538.86 908.163 101.799 68.2001 33.5987 20.0731
internal_count=21927 392 283 21535 19618 12718 6900 1917 1148 769 212
is_linear=0
shrinkage=0.196372


Tree=105
num_leaves=9
num_cat=1
split_feature=31 17 31 38 3 34 29 2
split_gain=6.09147 8.13644 5.22526 5.7472 5.81341 5.48608 4.99144 4.34392
threshold=52.500000000000007 2.3500000000000001 43.900000000000006 34.45000000000001 0 21.500000000000004 3.5500000000000003 1.5000000000000002
decision_type=8 10 10 10 9 10 10 2
left_child=2 -2 3 6 -5 7 -1 -4
right_child=1 -3 5 4 -6 -7 -8 -9
leaf_value=-0.0059968506385001128 0.16626270114413044 0 0 0 0.098735255729108504 0.05270816394562234 0.014609479506952044 -0.093273575355784885
leaf_weight=1733.9256598221691 19.647498044992972 16.155390504165553 23.083231115713716 38.863827617373317 45.829469837481156 13.855745160079094 611.48584837393719 61.68298272183165
leaf_count=13678 95 126 166 284 272 96 6814 396
internal_value=0.000540318 0.0808115 -0.00042725 0.00119514 0.0514389 -0.0448142 -0.00043432 -0.0660715
internal_weight=2564.53 35.8029 2528.73 2430.1 84.6933 98.622 2345.41 84.7662
internal_count=21927 221 21706 21048 556 658 20492 562
cat_boundaries=0 1
cat_threshold=1
is_linear=0
shrinkage=0.196372


Tree=106
num_leaves=15
num_cat=3
split_feature=27 0 13 28 4 34 4 21 27 4 21 15 37 30
split_gain=6.26237 8.45086 7.30662 9.31614 7.73805 7.24638 9.44382 7.45945 8.71164 8.21117 5.6194 4.14173 3.79541 1.93248
threshold=26.150000000000002 6.9350000000000014 0.15500000000000003 0.18500000000000003 0 7.5000000000000009 1 2.6500000000000008 42.20000000000001 2 2.9500000000000006 87.350000000000009 3.7500000000000004 16.500000000000004
decision_type=8 2 10 10 9 8 9 8 10 9 10 10 10 10
left_child=1 2 4 -4 -1 6 10 8 -7 -9 -2 -8 -3 -14
right_child=5 12 3 -5 -6 7 11 9 -10 -11 -12 -13 13 -15
leaf_value=-0.0070681199862365363 0.0034781696819871093 0 -0.0087253727261531727 0.037914399540935305 0.10007111708383284 -0.0088965132188016348 0.020476859359298334 -0.031920054078786474 0.060776218873475063 -0.00063441258248847065 0.16110916961055768 -0.064041370484931123 0 -0.21384405114590671
leaf_weight=34.192716630059294 20.016009517479688 8.7388390566338803 359.78899187954084 289.03158895144588 68.942901734641055 149.0195856114151 74.44496146030724 619.23986255356431 116.25769843347371 738.92976226867177 33.260907913092524 31.101430876646191 4.8060120463487683 9.4657018341822532
leaf_count=284 99 156 3972 4252 488 943 555 4504 750 5243 186 178 115 134
internal_value=0.000956325 0.0158362 0.019927 0.0113728 0.0693116 -0.00526574 0.0341462 -0.00939885 0.019989 -0.015468 0.0930412 -0.000280889 -0.0976909 -0.1594
internal_weight=2557.24 774.967 751.956 648.821 103.136 1782.27 158.823 1623.45 265.277 1358.17 53.2769 105.546 23.0106 14.2717
internal_count=21859 9401 8996 8224 772 12458 1018 11440 1693 9747 285 733 405 249
cat_boundaries=0 1 2 3
cat_threshold=154 196 74
is_linear=0
shrinkage=0.196372


Tree=107
num_leaves=13
num_cat=0
split_feature=15 24 37 39 24 24 33 29 1 23 23 5
split_gain=5.49649 6.79418 6.77769 9.36116 5.63676 6.28076 5.86138 4.22949 7.08451 3.94359 2.809 2.72009
threshold=92.65000000000002 0.115 3.7500000000000004 17.450000000000003 0.19500000000000003 0.13500000000000004 4.5500000000000007 3.0500000000000003 1.5000000000000002 47.70000000000001 32.850000000000001 7.4750000000000005
decision_type=8 10 10 10 10 10 10 10 2 10 10 2
left_child=1 2 3 -1 5 -3 -6 9 -9 -2 -4 -10
right_child=7 4 10 -5 6 -7 -8 8 11 -11 -12 -13
leaf_value=0.17597044072090451 -0.12601715070659233 -0.026276761286488492 -0.10438877528252398 0 -0.03488218768224792 0.0084144095837372038 0.050307068299350319 -0.11745809585051666 0.11739536888051552 0 0.030466830296039724 0
leaf_weight=28.829137311957311 31.972921840715571 220.92367059702519 8.7601204144448293 12.263335288967935 264.42400864744559 1876.1063987670059 31.217731333410484 13.045499554136766 13.952987646684052 23.820186923258007 11.941566986963151 15.727841273881493
leaf_count=619 157 1368 315 119 3532 14712 578 80 88 144 50 97
internal_value=0.000640052 0.00263833 0.0669111 0.114156 0.000787085 0.00454567 -0.0243565 -0.044546 0 -0.0800656 -0.00584179 0.0549649
internal_weight=2552.99 2454.47 61.7942 41.0925 2392.67 2097.03 295.642 98.5194 42.7263 55.7931 20.7017 29.6808
internal_count=21859 21293 1103 738 20190 16080 4110 566 265 301 365 185
is_linear=0
shrinkage=0.196372


Tree=108
num_leaves=16
num_cat=0
split_feature=29 13 13 30 0 9 28 26 39 10 5 9 40 26 5
split_gain=6.15651 7.67941 6.09336 8.34253 5.46503 5.24721 8.05668 5.14574 5.13137 9.41137 4.96592 4.3195 4.30962 4.08351 1.82013
threshold=3.8500000000000001 0.17500000000000002 0.17500000000000002 18.500000000000004 6.8450000000000006 4.245000000000001 0.16500000000000004 16.500000000000004 22.650000000000002 45.350000000000001 8.2650000000000023 5.3150000000000004 15.850000000000003 29.500000000000004 7.4450000000000012
decision_type=8 10 10 10 2 10 10 8 10 10 2 10 10 10 2
left_child=1 5 3 7 10 6 -1 -2 9 -3 -4 -6 -10 -7 -5
right_child=2 8 4 14 11 13 -8 -9 12 -11 -12 -13 -14 -15 -16
leaf_value=0 0.033422091140968203 -0.021936532199774015 0.033080137625676319 0.015235830579526736 0 -0.0035825991660632002 0.14461659058896156 0.18418793873451947 0.082831824290871589 -0.11711955118791968 -0.075406040200463681 -0.10833789980122366 -0.006549001257660501 0.03090351721476221 -0.081257437585117803
leaf_weight=34.216363310202723 26.507217194070108 473.90671469646622 198.34680454128829 10.25288995774463 30.252134845330147 1412.5053971704328 24.576305578812025 26.058961224989616 27.711634550010785 47.225772374193184 15.383513901411787 23.517367026768625 54.412317260401323 145.69449969357811 10.593274724669753
leaf_count=740 189 5665 2582 83 647 9064 328 113 212 287 335 193 474 828 101
internal_value=-0.00103892 -0.00497757 0.0232978 0.0741218 0.00764371 0.00182326 0.0593324 0.117012 -0.0239369 -0.0314577 0.0231296 -0.045536 0.018353 -6.94144e-05 -0.0130332
internal_weight=2561.16 2220.25 340.912 73.4123 267.5 1616.99 58.7927 52.5662 603.256 521.132 213.73 53.7695 82.124 1558.2 20.8462
internal_count=21841 17598 4243 486 3757 10960 1068 302 6638 5952 2917 840 686 9892 184
is_linear=0
shrinkage=0.196372


Tree=109
num_leaves=10
num_cat=0
split_feature=37 23 19 23 26 15 26 5 33
split_gain=10.3654 5.74906 10.8583 8.81295 7.06244 5.63806 5.29936 4.78548 0.518496
threshold=5.6500000000000012 18.900000000000002 43.000000000000007 11.650000000000002 23.500000000000004 88.350000000000009 18.500000000000004 8.7850000000000019 4.2500000000000009
decision_type=10 8 10 10 10 10 10 2 10
left_child=1 2 4 -4 -1 7 -7 -3 -2
right_child=8 5 3 -5 -6 6 -8 -9 -10
leaf_value=0.014866086085091434 -0.1759359689832361 -0.010354772366345133 -0.01091070759351984 0.15112265095480265 -0.13748139142413462 0.067300911439464692 0.0035470874685276524 0.041314399575722562 -0.04469163658309739
leaf_weight=206.83558986488788 12.769950380316006 1911.5023697263023 11.851119892904533 40.660841834382154 11.997783122933468 71.533871077466756 227.74663569405675 68.489867831231095 15.480318158166481
leaf_count=4376 88 14230 146 329 196 338 1206 808 124
internal_value=-0.00248787 -0.000997059 0.0257792 0.106235 0.00436216 -0.00438164 0.0203047 -0.00833904 -0.120482
internal_weight=2578.87 2550.62 271.345 52.512 218.833 2279.27 299.281 1979.99 28.2503
internal_count=21841 21629 5047 475 4572 16582 1544 15038 212
is_linear=0
shrinkage=0.196372


Tree=110
num_leaves=10
num_cat=1
split_feature=15 20 9 21 4 0 36 22 23
split_gain=5.88635 4.30257 7.64806 4.70794 9.34637 4.72124 4.41277 0.818418 0.0965243
threshold=96.500000000000014 0.18500000000000003 6.6350000000000007 3.6500000000000008 0 6.7950000000000008 0.17500000000000002 22.500000000000004 49.350000000000009
decision_type=10 8 10 10 9 2 10 10 10
left_child=1 3 6 5 -5 -1 -3 -4 -2
right_child=8 2 7 4 -6 -7 -8 -9 -10
leaf_value=0.0097126740456108286 -0.12672180712228825 0.044001834086187248 0.14242567114201071 0.0092816044409716591 -0.057325072043757683 -0.011914169182329525 0.00055385404740408424 0.016809458011060159 -0.014502914713800247
leaf_weight=994.95749424978567 13.645597242342776 117.4781491995891 20.571011287393048 141.55627153624664 154.98609164374648 633.15254669182468 481.94645647180732 12.454817165620623 11.536164582706986
leaf_count=7166 104 1331 118 1119 1086 4878 5854 126 70
internal_value=0.000462564 0.00156762 0.0157279 -0.00285604 -0.0256686 0.0010291 0.00982198 0.10882 -0.0933463
internal_weight=2582.28 2557.1 632.45 1924.65 296.542 1628.11 599.425 33.0258 25.1818
internal_count=21852 21678 7429 14249 2205 12044 7185 244 174
cat_boundaries=0 1
cat_threshold=166
is_linear=0
shrinkage=0.196372


Tree=111
num_leaves=16
num_cat=1
split_feature=25 31 27 31 11 27 25 4 15 16 37 36 31 21 35
split_gain=6.70733 5.91983 8.95331 12.2361 10.8778 7.04687 5.55196 8.70298 8.72455 7.80863 6.46448 10.6974 10.6851 5.45761 5.44827
threshold=3.0500000000000003 26.800000000000001 47.500000000000007 23.650000000000002 2.5000000000000004 33.850000000000001 3.2500000000000004 0 76.550000000000011 0.14500000000000005 3.5500000000000003 0.14500000000000005 46.45000000000001 3.5500000000000003 26.350000000000005
decision_type=8 10 10 10 10 10 8 9 10 10 8 10 10 10 10
left_child=1 2 4 -4 -1 13 7 8 -2 -9 11 -8 -12 -3 -7
right_child=6 5 3 -5 -6 14 10 9 -10 -11 12 -13 -14 -15 -16
leaf_value=-0.005954392489289714 -0.080043414213776226 -0.085264054549486767 -0.083462138724027315 0.074544923024576923 0.047874279915831076 0.0034290332898030758 0.042859837028297446 -0.010169394112993533 0.032450004996988149 0.068398045724235634 0.016555510888248953 -0.046440183929077852 -0.16330465090180343 0.001486900281013503 -0.053826582916888868
leaf_weight=453.61987375152239 47.466269137337804 107.11157495208317 90.616672298230696 20.823530592024326 205.51768071716651 243.19328903127462 64.869185059564188 51.003701044246554 53.777137299301103 214.00316651246976 709.43768998497399 199.84416533756303 12.387243572156875 24.587512373458594 81.727846838533878
leaf_count=4522 461 821 602 120 1210 1461 563 359 303 1554 7260 1913 79 166 458
internal_value=0.00126236 -0.0090528 0.000895342 -0.0498753 0.0101658 -0.0268056 0.010948 0.0317159 -0.0145376 0.0497314 0.00278287 -0.022864 0.0128072 -0.0657254 -0.00963237
internal_weight=2579.99 1227.2 770.578 111.44 659.138 456.62 1352.79 366.25 101.243 265.007 986.538 264.713 721.825 131.699 324.921
internal_count=21852 9360 6454 722 5732 2906 12492 2677 764 1913 9815 2476 7339 987 1919
cat_boundaries=0 1
cat_threshold=196
is_linear=0
shrinkage=0.196372


Tree=112
num_leaves=16
num_cat=1
split_feature=29 26 19 31 37 36 27 31 10 4 5 0 33 36 5
split_gain=10.9537 5.63815 8.05831 8.29112 7.85972 7.78751 5.48084 7.30917 6.57275 6.39013 10.6346 7.39669 4.85087 4.37165 3.23131
threshold=2.5500000000000003 15.500000000000002 35.150000000000006 35.600000000000009 5.4500000000000011 0.18500000000000003 31.900000000000002 30.200000000000003 52.550000000000004 0 7.5950000000000006 6.745000000000001 2.5500000000000003 0.24500000000000002 7.3050000000000006
decision_type=8 10 10 10 10 8 10 10 10 9 2 2 10 10 2
left_child=6 5 3 -3 -4 14 9 8 -8 11 -11 -1 -9 -7 -2
right_child=1 2 4 -5 -6 13 7 12 -10 10 -12 -13 -14 -15 -16
leaf_value=0.11290837607694076 -0.013972855679564815 0.01600887224226143 -0.0018440655951091291 0.10923644070726587 -0.11376483658530412 -0.059548709877100668 0.074457709728142848 0.044350290571574809 -0.022845707543474435 -0.11377829017568204 0.054432494271560342 -0.0091161209927972074 -0.03143792311476417 0.0020284709473401149 0.038491762176535139
leaf_weight=30.316559070779476 96.211787791660754 394.50576234154869 1229.861764434143 43.610527305863798 24.784892636351287 187.20350872039126 217.29562024649931 61.475483752787113 22.833052057772875 41.141467875859234 18.078201687661931 36.173839989904081 66.580790250329301 40.48307898164785 76.425227801664732
leaf_count=245 1188 4297 8327 236 140 2627 1256 354 141 549 202 418 369 688 764
internal_value=0.00455508 -0.00145094 0.00327817 0.0263499 -0.00442758 -0.0225477 0.0308966 0.043053 0.063346 -0.00119391 -0.0470317 0.0348242 0.00149668 -0.04666 0.00670251
internal_weight=2586.98 2093.09 1692.76 438.116 1254.65 400.324 493.895 368.185 240.129 125.71 59.2197 66.4904 128.056 227.687 172.637
internal_count=21801 18267 13000 4533 8467 5267 3534 2120 1397 1414 751 663 723 3315 1952
cat_boundaries=0 1
cat_threshold=147
is_linear=0
shrinkage=0.196372


Tree=113
num_leaves=15
num_cat=1
split_feature=31 40 5 30 40 9 0 40 4 7 21 18 38 27
split_gain=5.19057 4.55252 7.15171 6.70944 5.07679 6.31378 5.6188 3.60011 3.59747 9.27576 4.84702 4.01611 1.98467 0.740058
threshold=4.6500000000000012 12.050000000000002 5.1050000000000013 25.500000000000004 21.050000000000004 6.6550000000000011 6.6150000000000011 9.4500000000000011 0 157.50000000000003 3.6500000000000008 13.500000000000002 5.6500000000000012 6.1000000000000005
decision_type=10 10 2 10 10 10 2 10 9 10 8 8 8 10
left_child=8 2 7 -4 6 -6 -3 -2 9 -1 -11 13 -13 -10
right_child=1 4 3 -5 5 -7 -8 -9 11 10 -12 12 -14 -15
leaf_value=-0.18302695198232052 0 -0.057017517733008713 0.033038619833233487 0.18551841263470573 0.011232996012776289 0.075102038657887352 0.0018374803529219699 -0.157013649379629 -0.028319487444490945 0.092319745704081899 -0.01853166931629896 0 -0.10132865258088829 0.041360608605290394
leaf_weight=7.795398330083116 7.045050230764903 64.732048178324476 207.01589317497564 13.439258872764183 394.3636772337486 76.941695991903543 1650.4135824959085 9.8382845287851506 7.5647078148904283 31.560590239620069 18.768239086319227 9.0600938832503726 51.937512381759007 12.82636142807314
leaf_count=135 207 612 1821 80 3205 385 12829 175 428 437 353 210 630 294
internal_value=0.00534667 0.00761513 0.0337376 0.0445144 0.0045735 0.0226304 -0.000131658 -0.0798205 -0.0308378 0.00333665 0.0422909 -0.0543762 -0.0865871 0
internal_weight=2563.3 2423.79 237.338 220.455 2186.45 471.305 1715.15 16.8833 139.513 58.1242 50.3288 81.3887 60.9976 20.3911
internal_count=21801 19314 2283 1901 17031 3590 13441 382 2487 925 790 1562 840 722
cat_boundaries=0 1
cat_threshold=96
is_linear=0
shrinkage=0.196372


Tree=114
num_leaves=13
num_cat=0
split_feature=34 34 34 27 0 17 29 11 15 20 1 25
split_gain=5.2087 4.49959 7.02665 5.62494 4.9355 10.8499 4.56925 4.34239 3.63542 4.54284 0.384201 0.00739194
threshold=2.5000000000000004 21.500000000000004 25.500000000000004 36.900000000000006 6.5850000000000009 2.7500000000000004 3.6500000000000008 2.5000000000000004 75.350000000000009 0.15500000000000003 2.5000000000000004 3.7500000000000004
decision_type=8 8 10 10 2 10 10 10 10 10 2 10
left_child=8 4 3 -3 5 -2 -6 -4 10 -10 11 -1
right_child=1 2 7 -5 6 -7 -8 -9 9 -11 -12 -13
leaf_value=0 0.1794954741199607 0.070117586669997442 -0.052573192606812799 0.0035967049106341771 -0.010988683489212073 -0.0072125976497953992 0.010976663704579488 0.038419691024540535 0 -0.15847258347188076 -0.02977287968025813 0.020380429426930195
leaf_weight=8.2133585335686856 17.580158586846665 115.1049469769132 65.393736591751804 111.67065765941516 1702.1145344237011 24.548858902882785 446.0542179531185 23.588153095450252 16.299106395803392 21.087532901205122 12.843147479929028 8.2866831843275559
leaf_count=81 111 885 1418 645 12962 216 4871 121 103 138 151 97
internal_value=-0.00302558 -0.00139951 0.020247 0.0393508 -0.00472447 0.0607171 -0.0062204 -0.0234398 -0.0572632 -0.0978108 0 0.0139338
internal_weight=2572.79 2506.06 315.757 226.776 2190.3 42.129 2148.17 88.9819 66.7298 37.3866 29.3432 16.5
internal_count=21799 21229 3069 1530 18160 327 17833 1539 570 241 329 178
is_linear=0
shrinkage=0.196372


Tree=115
num_leaves=15
num_cat=0
split_feature=0 27 17 29 37 5 37 31 18 27 14 39 15 40
split_gain=4.21089 6.10359 8.22165 7.8546 7.14718 6.8497 8.0647 7.80173 5.25871 5.39934 6.23087 5.53136 4.72956 6.45618
threshold=6.745000000000001 41.550000000000004 3.4500000000000006 2.5500000000000003 2.9500000000000006 8.4150000000000009 4.5500000000000007 38.000000000000007 24.500000000000004 42.000000000000007 16.500000000000004 17.050000000000004 92.40000000000002 16.050000000000004
decision_type=2 8 10 8 10 2 10 10 8 10 10 10 10 10
left_child=1 5 3 -3 -4 7 -7 -1 9 10 -2 -11 13 -10
right_child=8 2 4 -5 -6 6 -8 -9 12 11 -12 -13 -14 -15
leaf_value=0.016044083314939235 -0.0041842459866918407 0.013131179051196696 0.17730859471054378 -0.053142566861132598 0 -0.083764203841328919 0.11612080618749607 0.10361083033777917 0.052355459631478113 0.069235877371020077 -0.039486931961701707 -0.004620335544160744 -0.084894557516412242 -0.0016830818280564454
leaf_weight=615.37590230167552 373.67629653886252 95.437205917143729 13.621731686755082 184.28175898082554 30.84549544530455 46.862402536353329 7.5355234839953473 44.675054505234584 122.41438488491985 44.828218274866231 479.94648035231512 248.66902305278927 17.769712220877409 232.47378027008381
leaf_count=5461 5488 562 66 1293 262 508 95 286 711 334 3556 1568 93 1516
internal_value=-0.00312953 0.00624799 -0.0153914 -0.0289515 0.0597038 0.01669 -0.0476026 0.0226746 -0.00983035 -0.0165602 -0.024558 0.00519004 0.0096923 0.0157264
internal_weight=2558.41 1038.64 324.186 279.719 44.4672 714.449 54.3979 660.051 1519.78 1147.12 853.623 293.497 372.658 354.888
internal_count=21799 8533 2183 1855 328 6350 603 5747 13266 10946 9044 1902 2320 2227
is_linear=0
shrinkage=0.196372


Tree=116
num_leaves=16
num_cat=0
split_feature=0 0 40 18 19 40 22 24 18 8 18 27 5 28 23
split_gain=7.41926 8.51881 7.96008 5.57298 7.04864 5.24196 4.9099 9.0235 6.98383 6.84762 6.04232 6.20337 4.68809 4.06035 3.52978
threshold=6.6450000000000005 6.6150000000000011 18.450000000000003 16.500000000000004 30.500000000000004 11.950000000000001 23.500000000000004 0.16500000000000004 29.500000000000004 52.500000000000007 26.500000000000004 51.95000000000001 7.8050000000000006 0.18500000000000003 31.150000000000002
decision_type=2 2 8 10 10 10 10 10 10 10 8 10 2 10 10
left_child=1 3 5 13 -5 -3 10 9 -9 -8 11 -2 -12 -1 -4
right_child=6 2 14 4 -6 -7 7 8 -10 -11 12 -13 -14 -15 -16
leaf_value=0.12766373628698013 -0.0052509902552202734 0 -0.078572859247483001 0.084028116168644959 -0.058764086978131104 0.14230515315391104 0.025439793389023926 0.052971648393435919 -0.02775322098227365 -0.026247559899611035 -0.07368506557983992 0.039120779375008553 0 0 0.047929313374480136
leaf_weight=19.131395825301301 1383.6518914395419 10.28630107588833 12.324323829001512 14.612261858885175 64.48061463132035 57.436373607371934 166.85156930307858 260.74808826879598 41.24020337627735 233.70462432526983 82.814931777618767 132.31797822960652 46.082676729580271 10.825481919164302 25.354398131370544
leaf_count=179 13822 119 130 150 462 481 946 1893 325 1310 567 840 310 186 209
internal_value=0.00420246 0.0391964 0.0789505 0 -0.0266312 0.119201 0.000813172 0.0147125 0.0404667 -0.00360718 -0.00485463 -0.00108034 -0.0457308 0.0725214 0
internal_weight=2561.86 214.451 105.401 109.05 79.0929 67.7227 2347.41 702.544 301.988 400.556 1644.87 1515.97 128.898 29.9569 37.6787
internal_count=21929 1916 939 977 612 600 20013 4474 2218 2256 15539 14662 877 365 339
is_linear=0
shrinkage=0.196372


Tree=117
num_leaves=12
num_cat=0
split_feature=0 27 34 9 40 21 26 7 31 10 39
split_gain=3.34068 4.48096 5.63177 6.62564 4.90542 3.64586 4.69475 4.39564 7.06533 6.13206 4.13347
threshold=6.6550000000000011 53.70000000000001 17.500000000000004 5.8950000000000005 17.350000000000005 3.6500000000000008 31.500000000000004 165.50000000000003 10.400000000000002 24.850000000000005 20.550000000000004
decision_type=2 8 10 10 10 8 10 10 10 10 10
left_child=1 2 4 -4 -1 7 10 9 -9 -2 -7
right_child=5 -3 3 -5 -6 6 -8 8 -10 -11 -12
leaf_value=0.089530614869082828 0.064976464845658527 -0.060193725006430221 -0.053829554060033306 0.060488366134493994 0.013482390096382742 -0.024172962283666409 0.073617075259816617 -0.059021731739242418 0.0023968113020050147 0.010152243346053937 0.0086663969518883249
leaf_weight=82.967111953999847 93.582040284309187 18.040451614418998 49.099633710167836 30.93156677018851 80.703034181147814 460.37862369907816 23.075930560939014 79.489462634228403 680.21585189003963 763.90116245008539 193.19759076123592
leaf_count=753 1801 156 547 186 732 5520 133 1159 4421 5146 1375
internal_value=0.00431803 0.0254575 0.033665 -0.00406983 0.0548075 0.0017102 -0.010128 0.00693868 -0.00345978 0.0166677 -0.0137868
internal_weight=2555.58 261.742 243.701 80.0312 163.67 2293.84 676.652 1617.19 759.705 857.483 653.576
internal_count=21929 2374 2218 733 1485 19555 7028 12527 5580 6947 6895
is_linear=0
shrinkage=0.196372


Tree=118
num_leaves=16
num_cat=0
split_feature=31 9 36 18 21 31 38 20 20 17 9 40 32 25 40
split_gain=12.83 14.3105 7.37969 7.22179 4.66147 4.15631 7.05771 4.09875 6.75494 4.67657 3.12519 4.48005 2.97764 2.70715 0.417068
threshold=14.050000000000002 5.1750000000000007 0.13500000000000004 32.500000000000007 2.9500000000000006 27.900000000000002 28.350000000000005 0.16500000000000004 0.13500000000000004 2.6500000000000008 4.6250000000000009 16.750000000000004 0.18500000000000003 2.5500000000000003 15.15
decision_type=10 8 10 10 10 10 10 8 10 8 10 10 10 10 10
left_child=1 10 5 4 -4 13 -7 8 -3 -9 11 -1 -12 -2 -5
right_child=2 7 3 14 -6 6 -8 9 -10 -11 12 -13 -14 -15 -16
leaf_value=-0.0068609612635351187 -0.042712055783095643 0.10635053742571271 0.0039900200363660208 -0.16976812413163095 -0.018112908640932814 0.11826380653782045 0 0.005027696248358718 0 0.098903755355661233 -0.054536345492513252 0.048656935137582527 0 0.028672063354189474 -0.050145084408128496
leaf_weight=168.47474311402766 35.238190537784249 30.966762783005834 484.10702230187599 11.42827057559043 1220.2698002046673 40.764314472442493 39.990790949668735 37.553565652575344 110.47430213075131 113.86872006155318 73.215983051923104 77.587980361728114 49.863332755048759 48.108956427080557 20.722104074608069
leaf_count=3406 222 160 3325 83 9288 246 313 311 643 762 595 1612 615 299 160
internal_value=-0.00131248 0.0220237 -0.00967581 -0.0136138 -0.0115746 0.0292577 0.0609652 0.0545038 0.0255051 0.0785897 -0.00255899 0.00886843 -0.0289826 0 -0.107216
internal_weight=2562.63 662.005 1900.63 1736.53 1704.38 164.102 80.7551 292.863 141.441 151.422 369.142 246.063 123.079 83.3471 32.1504
internal_count=22040 8104 13936 12856 12613 1080 559 1876 803 1073 6228 5018 1210 521 243
is_linear=0
shrinkage=0.196372


Tree=119
num_leaves=15
num_cat=0
split_feature=31 15 39 36 18 39 15 39 34 8 2 16 19 19
split_gain=7.2313 9.8167 5.52849 5.57615 6.30977 5.15013 4.01743 7.75436 3.37127 4.45794 3.77247 3.00162 2.89548 0.714219
threshold=14.900000000000002 88.550000000000011 17.550000000000004 0.15500000000000003 16.500000000000004 18.950000000000003 81.40000000000002 15.050000000000002 15.500000000000002 54.500000000000007 2.5000000000000004 0.14500000000000005 48.350000000000001 41.550000000000004
decision_type=10 10 10 10 10 10 10 8 10 10 2 10 10 10
left_child=1 6 8 4 -4 -5 7 -1 9 -2 -10 -3 -8 -13
right_child=2 11 3 5 -6 -7 12 -9 10 -11 -12 13 -14 -15
leaf_value=-0.0064067004198527597 0.004761472268993718 0.13121114988489196 -0.07217716600766523 -0.053409786368190194 0.01476939372673137 -0.015160861147945483 0 0.038013700234541141 0 -0.05787093973765195 0.044328707968978864 0.05279894078930631 -0.0813418200263962 0
leaf_weight=320.15652275636967 163.17362340836553 35.163946716696955 34.789107450982556 185.22813994565513 318.46886030281894 775.20106431108434 44.294167598243803 266.46839479039045 163.59418246056885 55.473471404984593 148.68246521550464 14.416890918975698 29.959312129067257 14.499345227610318
leaf_count=5403 1333 146 296 1363 1836 5357 287 2394 1441 617 1178 76 215 98
internal_value=-0.00152232 0.0148766 -0.008209 -0.0151638 0.0049127 -0.0230099 0.00701504 0.0130205 0.0081627 -0.00914065 0.021697 0.0887603 -0.0343699 0.0213171
internal_weight=2569.57 724.959 1844.61 1313.69 353.258 960.429 660.878 586.625 530.924 218.647 312.277 64.0802 74.2535 28.9162
internal_count=22040 8619 13421 8852 2132 6720 8299 7797 4569 1950 2619 320 502 174
is_linear=0
shrinkage=0.196372


Tree=120
num_leaves=9
num_cat=0
split_feature=27 27 33 14 35 16 9 27
split_gain=15.0569 12.3807 15.4005 12.5992 11.6674 13.693 9.67536 5.50898
threshold=72.100000000000009 21.150000000000002 4.3500000000000005 26.500000000000004 7.2500000000000009 0.15500000000000003 6.3350000000000009 15.900000000000002
decision_type=10 10 10 10 8 10 10 8
left_child=1 4 3 -3 5 -1 -4 -6
right_child=-2 2 6 -5 7 -7 -8 -9
leaf_value=0.0026610683500797507 0.16603056985471804 0.015669869831343552 0.037283574846495117 -0.013386843121095981 0.038571440759662401 -0.072380913136633876 0.18499796681541705 -0.017018561699341194
leaf_weight=131.94808639608527 21.240126432501711 1414.8688959061983 75.285938767861808 958.22051807038952 122.58616845929646 251.00186780642252 27.72833810816519 145.12708580501931
leaf_count=1915 95 11716 734 5490 1639 3843 124 1122
internal_value=0.00197205 0.000704487 0.00717648 0.00374993 -0.0232368 -0.0453785 0.0816418 0.00678913
internal_weight=3148.01 3126.77 2476.1 2373.09 650.663 382.95 103.014 267.713
internal_count=26678 26583 18064 17206 8519 5758 858 2761
is_linear=0
shrinkage=0.196372


Tree=121
num_leaves=12
num_cat=2
split_feature=37 12 12 0 38 3 38 4 23 23 21
split_gain=12.1226 11.2156 11.0552 12.7623 12.1505 8.71957 7.58263 4.46983 3.72063 3.70719 3.2665
threshold=5.1500000000000012 3.5000000000000004 1.5000000000000002 6.8450000000000006 28.950000000000003 0 18.350000000000005 1 27.450000000000006 51.550000000000004 4.2500000000000009
decision_type=10 10 8 2 10 9 10 9 10 10 8
left_child=1 2 4 -4 -1 8 7 -7 10 -3 -2
right_child=5 9 3 -5 -6 6 -8 -9 -10 -11 -12
leaf_value=-0.0022986338701074692 0.12028609574750178 0.16786660126961234 -0.065902749201590671 0.027768411060617136 0.041954976477079034 -0.036342537338330774 0.17042436885701401 0.068523401164135966 -0.087025342559686636 0.018071034092065962 -0.023653698191888849
leaf_weight=2436.5900343211688 10.049091982247774 19.642694005277008 198.70474956239195 70.229999110335484 264.00415698101278 13.941539764695333 36.411784798838198 28.661438983661355 15.669418302830307 21.027352547156624 5.8717007631203169
leaf_count=22065 134 81 1234 353 1593 217 158 399 168 145 131
internal_value=0.00199512 -0.000206159 -0.00175948 -0.0397889 0.00186603 0.0657982 0.101322 0.0313418 -0.00917382 0.101773 0.0400579
internal_weight=3120.8 3010.2 2969.53 268.935 2700.59 110.605 79.0148 42.603 31.5902 40.67 15.9208
internal_count=26678 25471 25245 1587 23658 1207 774 616 433 226 265
cat_boundaries=0 1 2
cat_threshold=2 96
is_linear=0
shrinkage=0.196372


Tree=122
num_leaves=15
num_cat=0
split_feature=31 10 15 20 28 25 12 35 15 38 10 7 38 38
split_gain=21.8233 18.1597 16.5061 14.8649 13.5723 12.8743 10.5833 11.6078 10.0244 5.93698 5.61079 3.5472 3.1798 1.62647
threshold=4.6500000000000012 29.650000000000002 77.350000000000009 0.19500000000000003 0.16500000000000004 3.5500000000000003 3.5000000000000004 18.900000000000002 87.050000000000011 12.250000000000002 48.250000000000007 162.50000000000003 13.250000000000002 14.850000000000003
decision_type=8 10 10 10 10 10 10 10 10 10 10 10 10 10
left_child=1 9 3 4 -2 -5 7 -4 -8 11 13 -1 -11 -3
right_child=2 10 6 5 -6 -7 8 -9 -10 12 -12 -13 -14 -15
leaf_value=0 0 -0.064734721776777512 0.027872444474140837 0.073166780311145846 -0.041452723072879734 -0.0047734388040349129 0.19088891913566111 -0.011969351381502142 0 0.14258921663108778 -0.016887343824834949 -0.070506966665498785 0 -0.20967754992174753
leaf_weight=42.333111800020561 626.77645647422833 14.574584846850483 1023.8607490601134 139.12623811594676 561.80862406265805 174.41124500193109 26.839930980000645 370.9997274329653 16.016262704040855 11.208463263581509 17.628944313968532 55.762567056022817 13.125466887955552 37.449233392719179
leaf_count=1172 5083 67 5343 1819 5984 2554 102 2460 116 75 132 1452 93 237
internal_value=0.000826493 -0.063093 0.0051581 -0.00903308 -0.0192901 0.0284217 0.020293 0.016957 0.117947 -0.0134168 -0.14375 -0.0379349 0.0668078 -0.177997
internal_weight=3131.92 192.082 2939.84 1502.12 1188.59 313.537 1437.72 1394.86 42.8562 122.43 69.6528 98.0957 24.3339 52.0238
internal_count=26689 3228 23461 15440 11067 4373 8021 7803 218 2792 436 2624 168 304
is_linear=0
shrinkage=0.196372


Tree=123
num_leaves=15
num_cat=1
split_feature=10 18 14 9 5 19 10 10 8 14 4 9 37 24
split_gain=15.8373 12.1361 15.1721 16.2622 11.9651 12.6611 15.3208 14.8153 11.6423 11.0962 12.3676 9.62044 7.66151 4.95626
threshold=47.650000000000013 24.500000000000004 32.500000000000007 6.2750000000000012 4.8350000000000009 30.150000000000002 20.250000000000004 35.750000000000007 51.500000000000007 32.500000000000007 0 6.3350000000000009 4.3500000000000005 0.14500000000000005
decision_type=10 10 10 10 2 8 10 10 10 10 9 10 8 10
left_child=4 2 3 -2 11 6 -6 -7 -4 13 -11 12 -1 -3
right_child=1 9 8 -5 5 7 -8 -9 -10 10 -12 -13 -14 -15
leaf_value=-0.13030399293639025 0.16260772485780969 -0.015819953043045669 0.0023749012896571386 0.0065347176871048893 -0.029537774849523815 -0.035121803077634732 0.041504892193412614 0.002254321771966944 0.14472424986233287 0.0074127914394229331 -0.098031493236595449 0.10797823373474859 0 0.064099795842453539
leaf_weight=64.227334668648837 29.115958029404283 33.023518966976553 37.99795936094597 280.40243497840129 153.0077047424129 633.58282610638707 431.94870556116803 1097.4545537403319 89.922533723525703 89.340362211223692 64.013369149994105 7.6893530194647601 20.456058199004474 90.159770910977386
leaf_count=1527 119 289 198 1733 3972 5734 3851 6718 371 603 371 66 592 545
internal_value=0.0019352 0.0277216 0.048143 0.0227505 -0.00552673 -0.00256041 0.0221594 -0.011172 0.105979 -0.0029895 -0.0396856 -0.074928 -0.0969933 0.0390856
internal_weight=3122.34 713.976 437.439 309.518 2408.37 2315.99 584.956 1731.04 127.92 276.537 153.354 92.3727 84.6834 123.183
internal_count=26689 4229 2421 1852 22460 20275 7823 12452 569 1808 974 2185 2119 834
cat_boundaries=0 1
cat_threshold=225
is_linear=0
shrinkage=0.196372


Tree=124
num_leaves=15
num_cat=0
split_feature=9 35 10 32 5 19 0 27 18 5 22 24 0 5
split_gain=13.9893 15.7747 11.4652 9.49628 9.05894 8.18346 10.7668 9.81505 5.85833 5.63303 6.12282 3.38996 1.26544 0.806688
threshold=7.0250000000000012 17.300000000000001 55.95000000000001 0.085000000000000006 8.2950000000000017 49.45000000000001 6.8850000000000007 50.70000000000001 23.500000000000004 8.6050000000000022 17.500000000000004 0.19500000000000003 6.7750000000000012 8.9350000000000005
decision_type=10 10 10 8 2 8 2 10 10 2 10 10 2 2
left_child=3 2 8 11 -4 6 -5 -7 -2 10 -3 12 -1 -11
right_child=1 9 4 5 -6 7 -8 -9 -10 13 -12 -13 -14 -15
leaf_value=0 0.056143052460560644 -0.11956315605331856 0.07453336024239357 0.007986154074134489 -0.087839135490817635 -0.012774293803336391 -0.04021395970670491 -0.084765715955135254 0.18586057908874806 -0.15080551376307835 0.029101444212919807 -0.32448948884197593 -0.10889908080667605 -0.0059383377211774634
leaf_weight=5.154073073746984 36.662713290192187 11.210334124509243 36.147322942502797 1673.0134058050717 19.540808171383105 842.59660883376637 198.55289021434146 83.795798473060131 46.333053946960717 10.40321012446657 97.256847013952211 4.5833374918438485 5.7553473679581657 10.484386578435076
leaf_count=95 191 53 233 16446 105 5581 2314 582 187 71 761 41 129 106
internal_value=-0.00142675 0.0412247 0.0874029 -0.00565076 0.00949741 -0.00463217 0.00263147 -0.0197832 0.134183 -0.00491834 0.00944888 -0.1588 -0.0444309 -0.0999218
internal_weight=3081.49 268.039 138.684 2813.45 55.6881 2797.96 1871.57 926.392 82.9958 129.355 108.467 15.4928 10.9094 20.8876
internal_count=26895 1707 716 25188 338 24923 18760 6163 378 991 814 265 224 177
is_linear=0
shrinkage=0.196372


Tree=125
num_leaves=15
num_cat=0
split_feature=33 10 23 19 16 24 40 22 5 5 40 35 14 5
split_gain=14.991 10.5197 14.4119 11.8713 11.4462 11.1729 10.2566 8.54232 7.96341 4.87685 4.88416 3.44101 4.45418 0.217121
threshold=2.2500000000000004 36.750000000000007 28.050000000000004 38.600000000000009 0.12500000000000003 0.17500000000000002 9.9500000000000011 19.500000000000004 7.7550000000000008 5.7750000000000012 11.950000000000001 4.9500000000000011 25.500000000000004 4.3250000000000011
decision_type=8 10 10 8 10 8 10 10 2 2 10 10 10 2
left_child=8 3 7 4 -2 -5 -4 -3 9 13 -11 -10 -13 -1
right_child=1 2 6 5 -6 -7 -8 -9 11 10 -12 12 -14 -15
leaf_value=0 0.088448835443227777 0.00026709907680123217 -0.082061832633027298 -0.066873416511657846 -0.0048256531632475379 0 0.0090032061147106886 0.11433646152064234 0.065131353670515937 0 -0.14502096224414932 0.0025159566206259514 -0.13166891047272791 0.037925440796290032
leaf_weight=2.8647948224242992 54.017417089824448 48.626508409390226 48.294270843733102 240.33553205919452 760.71443573416764 171.2730099698274 1557.124058731657 80.215839325916022 17.450264333630912 9.7292609039286599 59.743624036200345 14.330522845033558 13.023916617501525 5.610440261720214
leaf_count=136 1251 353 268 1825 10022 1841 9656 452 142 148 444 127 133 97
internal_value=-0.00126636 0.00137708 0.0113541 -0.0123697 0.000834912 -0.039572 0.00597683 0.0747969 -0.068526 -0.10638 -0.124064 0 -0.0457808 0
internal_weight=3083.35 2960.6 1734.26 1226.34 814.732 411.609 1605.42 128.842 122.753 77.9481 69.4729 44.8047 27.3544 8.47524
internal_count=26895 25668 10729 14939 11273 3666 9924 805 1227 825 592 402 260 233
is_linear=0
shrinkage=0.196372


Tree=126
num_leaves=15
num_cat=0
split_feature=37 14 37 27 27 9 8 5 11 31 8 40 14 5
split_gain=8.10044 10.9088 13.6716 14.8702 11.6273 20.8688 9.85775 9.04507 7.87621 7.31279 7.00958 6.49297 4.51154 4.85693
threshold=3.4500000000000006 21.500000000000004 2.9500000000000006 48.050000000000004 34.850000000000001 5.3150000000000004 58.500000000000007 8.1550000000000029 6.5000000000000009 9.3000000000000025 49.500000000000007 15.550000000000002 26.500000000000004 6.7350000000000012
decision_type=10 10 10 10 8 10 10 2 10 10 10 8 10 2
left_child=1 4 7 -4 5 -1 8 -3 9 -2 -10 -6 13 -8
right_child=6 2 3 -5 11 -7 12 -9 10 -11 -12 -13 -14 -15
leaf_value=-0.028963653140773569 -0.028317111221870524 0.053762715148475672 -0.0027065719323154528 -0.10849908823515485 0.054316611918713884 -0.15761748467998526 0.15849343200087898 -0.026979642162054573 -0.052200688033036735 0.0044221367080939274 0.062963101366922167 -0.032479103237692666 -0.010581489452514688 0.037973282372254454
leaf_weight=196.70272451824712 315.31488060525589 208.45210761902854 249.41733087319881 67.577680160989985 59.650272877945099 70.629296701517887 28.456496159968083 63.66077416529879 19.646958617842756 1553.8306474806159 133.55212924140505 71.399713749691728 13.328890040516852 49.583775633975165
leaf_count=3013 4551 1358 1543 439 487 520 397 451 131 11811 774 731 94 587
internal_value=-0.00121005 -0.0160079 0.000224547 -0.0267166 -0.0411131 -0.0647111 0.00549409 0.0332362 0.00241225 -0.000865832 0.0452481 0.00366875 0.0686957 0.0879024
internal_weight=3101.2 987.49 589.108 316.995 398.382 267.332 2113.71 272.113 2022.34 1869.15 153.199 131.05 91.3692 78.0403
internal_count=26887 8542 3791 1982 4751 3533 18345 1809 17267 16362 905 1218 1078 984
is_linear=0
shrinkage=0.196372


Tree=127
num_leaves=15
num_cat=0
split_feature=31 38 36 5 35 27 20 35 38 38 15 17 23 27
split_gain=8.19163 10.9171 11.5319 16.4546 9.09234 8.10507 11.5741 8.40816 6.59699 6.27665 4.96495 9.09779 8.9441 4.46087
threshold=16.400000000000002 22.850000000000005 0.16500000000000004 7.8050000000000006 18.900000000000002 37.70000000000001 0.17500000000000002 15.900000000000002 40.150000000000013 27.450000000000003 50.850000000000009 4.0500000000000007 26.000000000000004 56.150000000000006
decision_type=8 10 10 2 10 8 10 10 10 10 10 10 10 10
left_child=1 10 3 -3 5 7 -7 -2 13 -4 11 -1 -12 -6
right_child=4 2 9 -5 8 6 -8 -9 -10 -11 12 -13 -14 -15
leaf_value=0.038658089365897021 0.018654054948941304 -0.19983250694459731 -0.052843553992956281 -0.0017881777233112546 -0.013784210742827704 0.012356051174512038 -0.04854563819565047 0.083138629243317719 0.11070129651942172 0.051768897687338743 -0.04833605806208454 -0.051994670947074641 0.00058368727741243054 -0.082966628087769459
leaf_weight=189.45481933501287 837.07787154067773 42.400844221469015 55.98387875710614 33.621250323951244 441.87579489179188 456.80503278187825 161.715794375923 92.432565224560676 14.022414075094273 33.929673229227774 209.83582037567976 51.647451709213783 404.5997849656269 43.474861036986113
leaf_count=4402 6488 262 352 186 3351 2708 1360 682 95 223 2188 1283 2994 313
internal_value=-0.000682296 -0.0151735 -0.0615229 -0.118318 0.00633151 0.0139198 -0.00286049 0.0255615 -0.0162988 -0.00841143 -0.00565205 0.0173705 -0.0154113 -0.0209289
internal_weight=3068.88 1021.47 165.936 76.0221 2047.4 1548.03 618.521 929.51 499.373 89.9136 855.538 241.102 614.436 485.351
internal_count=26887 11890 1023 448 14997 11238 4068 7170 3759 575 10867 5685 5182 3664
is_linear=0
shrinkage=0.196372


Tree=128
num_leaves=12
num_cat=0
split_feature=14 25 8 23 28 14 38 37 30 37 31
split_gain=9.6996 11.747 11.4198 11.1699 10.1818 10.0271 8.85379 10.0676 8.61929 8.57523 4.95114
threshold=24.500000000000004 5.1500000000000012 50.500000000000007 54.350000000000009 0.21500000000000002 26.500000000000004 11.050000000000002 4.4500000000000011 27.500000000000004 2.6500000000000008 29.800000000000004
decision_type=8 8 10 10 10 8 10 10 10 10 10
left_child=1 6 3 5 9 -2 8 -8 -1 -4 -5
right_child=2 -3 4 10 -6 -7 7 -9 -10 -11 -12
leaf_value=-0.0018737855252779097 0 -0.21969066682425728 0.045017496494515433 0.10836376744446684 0.14145571472631677 -0.11628866329174997 0.031349132804068522 -0.0095096650169274217 -0.12665377443192288 -0.011746583856981916 -0.01746411051195456
leaf_weight=476.92216286839539 32.590298466733657 7.9966465503384816 112.30612375331111 16.880591528955847 18.135138902813196 101.47698198113358 986.06940776330885 284.43258790613618 22.639290372011601 990.52061734779272 28.145199299557135
leaf_count=8925 256 82 661 142 103 807 7560 2010 283 5708 227
internal_value=0.00217767 0.011722 -0.0105342 -0.0566855 -0.00275542 -0.085798 0.0130443 0.0218524 -0.00846807 -0.00555598 0.0201788
internal_weight=3078.12 1778.06 1300.05 179.093 1120.96 134.067 1770.06 1270.5 499.561 1102.83 45.0258
internal_count=26764 18860 7904 1432 6472 1063 18778 9570 9208 6369 369
is_linear=0
shrinkage=0.196372


Tree=129
num_leaves=16
num_cat=1
split_feature=25 15 17 40 39 34 30 4 39 27 40 0 22 40 26
split_gain=8.75116 11.0001 13.3505 12.4713 12.2843 10.9547 10.8483 8.56248 8.05791 11.2585 7.89855 7.60869 5.69091 15.1306 5.14326
threshold=3.2500000000000004 80.200000000000017 3.4500000000000006 18.250000000000004 14.250000000000002 17.500000000000004 23.500000000000004 0 25.650000000000002 58.900000000000006 12.950000000000001 6.8450000000000006 22.500000000000004 13.450000000000001 9.5000000000000018
decision_type=8 8 8 10 10 10 10 9 10 10 10 2 10 10 8
left_child=5 12 4 -4 -3 8 10 -8 9 -1 -7 -10 14 -14 -2
right_child=1 2 3 -5 -6 6 7 -9 11 -11 -12 -13 13 -15 -16
leaf_value=0.022712256906828723 -0.059596872330076101 -0.19686366326090052 -0.20279079401925634 0 -0.0086730758196407395 0.026162468286468867 -0.035479784668918574 0.052417452854307843 -0.057268252342671078 0.13505853120842137 -0.034015951381327729 0.070182624343580038 -0.1942843056489667 -0.0090047653630989533 0.014863795370191328
leaf_weight=1042.7336679881264 36.093620018786169 14.57614038849715 35.267739784518199 21.2733981795609 231.88655206939438 94.522691124439007 46.023916992970044 150.27900075481739 84.080692822812125 37.395180777879432 455.60482801712351 20.174157022498548 19.06467896013055 210.57780393087887 577.53886219610285
leaf_count=8055 1009 116 206 125 1346 1338 358 970 564 293 3210 166 156 1694 7158
internal_value=0.00175192 -0.0116613 -0.0437395 -0.131281 -0.0217616 0.0099454 -0.00825729 0.030396 0.0217915 0.0270384 -0.0228632 -0.0282631 0 -0.0264822 0.00974173
internal_weight=3077.09 1146.28 303.004 56.5411 246.463 1930.81 746.43 196.303 1184.38 1080.13 550.128 104.255 843.275 229.642 613.632
internal_count=26764 11810 1793 331 1462 14954 5876 1328 9078 8348 4548 730 10017 1850 8167
cat_boundaries=0 1
cat_threshold=52
is_linear=0
shrinkage=0.196372


Tree=130
num_leaves=14
num_cat=0
split_feature=31 0 34 16 5 32 39 8 15 19 38 18 30
split_gain=9.81312 8.01062 7.99819 6.41445 5.81622 11.6771 7.0227 5.52381 2.95638 7.14778 1.34401 0.850113 0.0530159
threshold=4.1000000000000005 6.7750000000000012 47.500000000000007 0.15500000000000003 6.6750000000000007 0.15500000000000003 5.9500000000000011 49.500000000000007 76.800000000000026 34.900000000000006 4.7500000000000009 54.500000000000007 25.500000000000004
decision_type=10 2 10 8 2 10 10 8 8 10 10 8 10
left_child=1 8 4 11 5 -2 -6 -5 9 -1 12 -3 -4
right_child=2 3 10 7 6 -7 -8 -9 -10 -11 -12 -13 -14
leaf_value=-0.015938333406558685 -0.022838296164685825 -0.020855539373186755 0 0 -0.16579106394132836 0.031114056046568445 -0.0027982641052861799 -0.14999589591949372 -0.082200961798255173 0.13403545936218719 -0.23200050992361904 0.068183020230825384 -0.029783600917676126
leaf_weight=33.943903615989257 204.26392683538143 18.768113203201214 2.1203602909226884 13.470985377061877 10.155211671517462 558.8587236491876 2170.0069026069541 51.269164247787558 12.258349589566931 16.304776497127023 6.4119819258339703 5.0652874317020169 2.0940903476439416
leaf_count=1017 1572 572 184 170 204 5497 16466 815 107 177 45 30 20
internal_value=-0.00189571 -0.0507046 0.000453799 -0.0886583 0.00122356 0.0160887 -0.00377708 -0.120635 0 0.0242818 -0.16766 0 0
internal_weight=3104.99 151.081 2953.91 88.5736 2943.28 763.123 2180.16 64.7401 62.507 50.2487 10.6264 23.8334 4.21445
internal_count=26876 2888 23988 1587 23739 7069 16670 985 1301 1194 249 602 204
is_linear=0
shrinkage=0.196372


Tree=131
num_leaves=9
num_cat=1
split_feature=7 7 3 22 7 5 23 9
split_gain=9.1317 5.73232 12.5018 10.8236 10.3792 8.60517 12.2578 11.1016
threshold=173.50000000000003 160.50000000000003 0 17.500000000000004 158.50000000000003 8.5850000000000026 46.000000000000007 6.9250000000000007
decision_type=8 10 9 10 10 2 10 10
left_child=1 2 3 -1 -4 7 -7 -3
right_child=-2 5 4 -5 -6 6 -8 -9
leaf_value=0.034298090842241169 -0.14445578919354951 -0.0066016463727953147 0 -0.14474865603191192 0.05351163162218954 0 -0.11212368155477732 0.041261235279474527
leaf_weight=15.802872596585074 17.029956460872199 2107.2183897243085 326.34044576108136 32.884361774194986 259.07608535847976 73.729208853859745 68.329918688745238 203.78123928327113
leaf_count=260 108 18041 3174 321 2192 966 494 1320
internal_value=-0.00177478 -0.000834077 0.015632 -0.0776554 0.0241737 -0.00527244 -0.0522892 -0.00218565
internal_weight=3104.19 3087.16 634.104 48.6872 585.417 2453.06 142.059 2311
internal_count=26876 26768 5947 581 5366 20821 1460 19361
cat_boundaries=0 1
cat_threshold=4
is_linear=0
shrinkage=0.196372


Tree=132
num_leaves=15
num_cat=1
split_feature=32 40 27 10 4 28 9 20 22 2 10 0 40 9
split_gain=15.108 10.7994 7.92192 7.14443 6.93857 10.0035 6.92096 6.57822 5.47053 5.72384 4.73837 4.88216 4.11636 0.779909
threshold=0.19500000000000003 22.850000000000005 13.150000000000002 59.900000000000006 0 0.17500000000000002 7.6250000000000009 0.15500000000000003 22.500000000000004 3.5000000000000004 56.150000000000013 6.6850000000000014 13.450000000000001 4.3650000000000011
decision_type=8 10 8 10 9 10 10 10 8 2 10 2 10 8
left_child=1 3 8 6 5 -3 -1 -6 9 -2 11 -4 -5 -10
right_child=2 4 10 12 7 -7 -8 -9 13 -11 -12 -13 -14 -15
leaf_value=-0.0019275420083140879 -0.037600474543208383 -0.03418893461312833 0 0 -0.069602665255740021 -0.15835293630359529 0.10385368701923683 0.019118025926323813 -0.19369667627398834 0.088567644022768316 -0.063213636086518643 0.054353748848375988 -0.12593454160260084 0
leaf_weight=2223.563696928526 45.883614890371973 85.603410991723649 71.149762484350504 21.320624853484333 46.465677092201076 45.089171890635043 23.842566048726439 94.393902488343883 7.4046214325353477 19.619856230856385 12.723051570821552 351.176796759637 27.96923700440675 6.6762145747197801
leaf_count=18091 1333 464 820 198 267 253 123 804 92 437 97 3625 230 83
internal_value=-0.000713859 -0.0070084 0.0298262 -0.00242297 -0.0441246 -0.0748832 -0.000598132 -0.00659364 -0.0236634 0 0.040638 0.0448475 -0.0763009 -0.133744
internal_weight=3082.88 2568.25 514.634 2296.7 271.552 130.693 2247.41 140.86 79.5843 65.5035 435.05 422.327 49.2899 14.0808
internal_count=26917 20430 6487 18642 1788 717 18214 1071 1945 1770 4542 4445 428 175
cat_boundaries=0 1
cat_threshold=168
is_linear=0
shrinkage=0.196372


Tree=133
num_leaves=9
num_cat=0
split_feature=10 7 0 5 40 31 37 27
split_gain=10.9287 8.14903 8.59183 9.51382 8.44729 6.52925 7.21373 1.4806
threshold=59.900000000000006 173.50000000000003 6.7950000000000008 5.6350000000000007 14.350000000000003 52.500000000000007 2.6500000000000008 53.45000000000001
decision_type=10 10 2 2 8 10 10 10
left_child=1 2 4 -4 -1 6 -2 -8
right_child=5 -3 3 -5 -6 -7 7 -9
leaf_value=0.03627255858494758 0 -0.14223534321633985 -0.071789082989508327 -0.0045916783399203871 0.0034180636973849027 0.021328382040855094 -0.042197769602618777 -0.19843832768857833
leaf_weight=409.55742578919308 13.005010020453481 14.849551451567093 88.954846069493215 1218.9482539029559 1293.9189763621962 11.483160598669199 11.893350507598369 24.566314682597294
leaf_count=4302 87 101 1398 9684 10953 86 114 192
internal_value=-0.000109902 0.00140677 0.00227243 -0.00951227 0.0115812 -0.0824228 -0.115436 -0.160116
internal_weight=3087.18 3026.23 3011.38 1307.9 1703.48 60.9478 49.4647 36.4597
internal_count=26917 26438 26337 11082 15255 479 393 306
is_linear=0
shrinkage=0.196372


Tree=134
num_leaves=14
num_cat=0
split_feature=31 31 22 34 25 23 31 5 5 5 37 21 5
split_gain=5.99322 13.1759 12.6975 6.71874 6.17593 5.89318 5.88049 5.54243 6.91048 5.74718 4.39924 1.83575 1.46627
threshold=41.050000000000004 43.650000000000006 22.500000000000004 20.500000000000004 4.5500000000000007 34.900000000000006 22.400000000000002 3.8800000000000003 1.0000000180025095e-35 6.6750000000000007 2.9500000000000006 4.5500000000000007 7.245000000000001
decision_type=8 10 10 10 10 10 8 2 2 2 8 10 2
left_child=4 2 10 5 7 -3 11 8 -1 -9 -2 -6 -4
right_child=1 3 12 -5 6 -7 -8 9 -10 -11 -12 -13 -14
leaf_value=0 0.24742055312470637 0.10823422695685656 0.033286535686819337 -0.11082103373300423 0.061198672580272284 -0.0031787943645176487 0.2313083433996746 0.010201574463956109 -0.13578225030235463 -0.010235167091257713 0.083883650882875818 -0.032286299508728446 -0.055625736125373131
leaf_weight=22.301414786241367 18.191233526915312 20.416609034582507 9.3296628734096902 19.679317225818522 17.40617410896812 111.67487721983343 7.7166662713279939 693.49897024755046 28.23111001932557 2075.3543184041337 30.471311186842286 8.7395038271570211 14.708871451206504
leaf_count=745 73 170 75 152 345 780 76 6541 588 16767 197 277 123
internal_value=-0.00259473 0.0279819 0.0968075 -0.00215363 -0.00515777 0.0108303 0.076976 -0.0063074 -0.0712904 -0.00495575 0.154906 0.0130944 -0.00281682
internal_weight=3077.72 224.472 72.7011 151.771 2853.25 132.091 33.8623 2819.39 50.5325 2768.85 48.6625 26.1457 24.0385
internal_count=26909 1570 468 1102 25339 950 698 24641 1333 23308 270 622 198
is_linear=0
shrinkage=0.196372


Tree=135
num_leaves=16
num_cat=1
split_feature=0 34 10 35 15 37 31 39 24 28 3 34 29 15 0
split_gain=5.96944 14.0411 11.0863 11.5754 6.88577 6.14498 6.25289 6.20187 5.91876 10.6241 6.78462 6.42649 10.4655 8.11822 3.56293
threshold=6.7950000000000008 19.500000000000004 25.550000000000004 12.400000000000002 22.650000000000002 3.8500000000000001 39.20000000000001 21.150000000000002 0.19500000000000003 0.20500000000000004 0 21.500000000000004 2.6500000000000008 87.15000000000002 6.7350000000000012
decision_type=2 10 10 10 10 8 10 8 8 10 9 10 10 10 2
left_child=8 5 4 -4 -3 6 -2 -7 11 10 -10 13 -13 -1 -11
right_child=1 2 3 -5 -6 7 -8 -9 9 14 -12 12 -14 -15 -16
leaf_value=-0.0049607893729055382 -0.024992578509759118 -0.078661252034139414 -0.10249234545456642 -0.016519703534214888 0.090326197382325543 0 0.043389226763315525 0.050963275308720253 0 0 -0.10046507648021255 -0.028970898651131598 0.059981162467333073 0.034378356244754098 0.089068484859200603
leaf_weight=1065.3789403020201 462.05077305822488 10.436152388800108 147.89271653577453 126.0878208882641 31.632904097670689 367.1195533465725 53.687127085810062 126.72704105870798 43.231755468837946 30.033565813530004 74.640251676755724 61.618373840014101 192.79941643629718 247.47915112561896 26.037479855935089
leaf_count=9157 3851 523 863 791 410 3661 384 860 663 747 1010 691 1431 1399 468
internal_value=-0.00338392 -0.0133904 -0.0495513 -0.0645896 0.0377197 -0.0016226 -0.0169988 0.0135368 0.00398 -0.0298343 -0.0646708 0.00801965 0.0366875 0.00212096 0.0354771
internal_weight=3066.85 1325.63 316.05 273.981 42.0691 1009.58 515.738 493.847 1741.22 173.943 117.872 1567.28 254.418 1312.86 56.071
internal_count=26909 11343 2587 1654 933 8756 4235 4521 15566 2888 1673 12678 2122 10556 1215
cat_boundaries=0 1
cat_threshold=2
is_linear=0
shrinkage=0.196372


Tree=136
num_leaves=15
num_cat=0
split_feature=0 34 39 22 23 34 26 7 21 27 39 27 14 0
split_gain=8.13132 9.07754 13.0942 14.5374 9.64402 8.38946 10.9241 8.62323 8.03663 8.54093 9.48242 9.27179 7.1034 2.62684
threshold=6.7950000000000008 17.500000000000004 18.350000000000005 18.500000000000004 54.650000000000006 23.500000000000004 11.500000000000002 165.50000000000003 4.4500000000000011 28.750000000000004 19.850000000000005 21.150000000000002 16.500000000000004 6.7350000000000012
decision_type=2 10 10 10 10 10 10 10 8 10 10 10 8 2
left_child=8 2 3 -2 -4 6 -3 -7 9 11 -11 -1 13 -10
right_child=1 5 4 -5 -6 7 -8 -9 12 10 -12 -13 -14 -15
leaf_value=0.0028890420205797108 -0.01135937230791819 0.13700516883835123 -0.034628473091766698 0.064748333508914485 0.04126859773028306 -0.032057617590775161 -0.051308514333835688 0.08243059026926744 -0.05669465211703624 -0.020415299258608074 0.017648227581374038 0.051857502100371058 -0.17094177905550387 0.030184880026324617
leaf_weight=298.35772231887677 170.10948032388114 10.844639276350788 371.97551664034836 201.37202339124633 73.09092890995089 51.76908934720268 389.35167698870646 44.735251926802448 26.471989344980102 448.77831662338576 573.8402234846144 345.0240495504986 16.359301178246824 21.036262671157601
leaf_count=4101 2363 127 2608 1856 478 611 2741 478 470 3724 3933 2718 171 350
internal_value=0.000277972 -0.0112195 0.000991952 0.0287156 -0.0211535 -0.0321801 -0.0450272 0.0164869 0.0092634 0.0121079 0.000509076 0.0298475 -0.0578031 -0.00895636
internal_weight=3043.12 1313.25 816.548 371.482 445.066 496.701 400.196 96.5043 1729.87 1666 1022.62 643.382 63.8676 47.5083
internal_count=26729 11262 7305 4219 3086 3957 2868 1089 15467 14476 7657 6819 991 820
is_linear=0
shrinkage=0.196372


Tree=137
num_leaves=15
num_cat=1
split_feature=23 29 39 27 4 33 23 8 8 37 10 12 29 5
split_gain=5.22469 13.9949 19.1136 13.4721 7.39018 5.59977 5.48907 5.40601 5.00122 4.90613 4.59394 6.81905 5.04252 1.3184
threshold=52.500000000000007 2.7500000000000004 20.650000000000002 39.45000000000001 0 4.8500000000000005 65.100000000000009 53.500000000000007 51.500000000000007 3.3500000000000001 53.95000000000001 2.5000000000000004 3.1500000000000008 7.1350000000000007
decision_type=10 10 10 10 9 10 10 10 10 10 8 10 8 2
left_child=5 3 8 9 -4 10 -5 -7 -3 -2 11 -1 -12 -9
right_child=1 2 4 6 -6 7 -8 13 -10 -11 12 -13 -14 -15
leaf_value=-0.0033705025265655915 0 0.0046879058877139536 -0.028597314617113803 0.034945769005820158 0.044333605735168966 0.14566342263387455 -0.085813122280882684 -0.069735515528598802 0.13276353803639809 -0.17179923768250702 -0.0074882529715338507 0.080126094435328823 -0.10972234230204166 0.04809150756093597
leaf_weight=2445.5329116166395 15.1595765305683 22.171138289384544 99.149608559790067 75.42390068131499 91.656361204106361 18.888251140859214 16.79466997878626 7.549136937093861 86.49784498673398 27.694305314216763 68.886182071641088 37.834919250570238 32.640421112751937 5.455384202505229
leaf_count=22573 118 236 631 566 535 227 140 162 476 172 419 172 212 90
internal_value=0.000561915 0.0206143 0.0448784 -0.0298864 0.00494555 -0.00259973 0.00800389 0.0782896 0.110771 -0.121375 -0.00377582 -0.00191293 -0.0448798 0
internal_weight=3051.33 434.547 299.475 135.072 190.806 2616.79 92.2186 31.8928 108.669 42.8539 2584.89 2483.37 101.527 13.0045
internal_count=26729 2874 1878 996 1166 23855 706 479 712 290 23376 22745 631 252
cat_boundaries=0 1
cat_threshold=98
is_linear=0
shrinkage=0.196372


Tree=138
num_leaves=15
num_cat=0
split_feature=32 34 13 23 21 5 40 15 34 5 15 5 15 21
split_gain=6.02918 14.2027 6.10534 5.861 7.01747 5.32323 15.3265 12.05 10.7267 9.588 13.6912 11.5651 3.79428 0.401221
threshold=0.13500000000000004 24.500000000000004 0.14500000000000005 26.000000000000004 2.5500000000000003 6.8950000000000005 21.950000000000003 74.15000000000002 13.500000000000002 7.8950000000000005 68.90000000000002 8.0250000000000004 46.300000000000004 3.1500000000000008
decision_type=8 10 10 10 10 2 8 8 10 2 8 2 10 8
left_child=1 3 -3 12 -5 6 8 -8 -2 10 -7 -11 -1 -4
right_child=5 2 13 4 -6 9 7 -9 -10 11 -12 -13 -14 -15
leaf_value=-0.027223735444493889 0.033928974658305862 -0.22359722401869025 -0.043752813889897241 -0.078634817153381692 -0.0048348989241428384 0.012619517547243098 0.007637237572986102 0.13442582470513342 -0.014540587262050606 0.061775951494108042 -0.032515339691908451 -0.00017447704272384717 0.081567970047837987 0
leaf_weight=10.755013470872653 269.57244052040915 19.352384713361971 8.2084235190559376 70.178772123530507 222.86020869214553 383.21598755828745 65.322188421152532 66.360658220630285 499.98796745467553 146.31914243579376 733.76655190544261 494.7587085191808 37.171374095254578 4.664990683319048
leaf_count=141 3081 116 195 418 1343 4349 736 334 5262 1030 4421 4969 246 41
internal_value=-0.00247455 -0.0258733 -0.151377 -0.0126239 -0.0240669 0.000643914 0.0130608 0.0750107 0.0018658 -0.00546967 -0.0166335 0.0132883 0.0479176 -0.0070197
internal_weight=3032.49 373.191 32.2258 340.965 293.039 2659.3 901.243 131.683 769.56 1758.06 1116.98 641.078 47.9264 12.8734
internal_count=26682 2500 352 2148 1761 24182 9413 1070 8343 14769 8770 5999 387 236
is_linear=0
shrinkage=0.196372


Tree=139
num_leaves=14
num_cat=0
split_feature=19 1 1 22 23 26 16 16 17 22 15 11 27
split_gain=6.06418 7.32934 7.14158 5.59704 5.51108 5.06269 5.8779 8.46949 4.8807 4.36853 4.3006 3.95847 0.946386
threshold=69.800000000000011 2.5000000000000004 1.5000000000000002 20.500000000000004 41.300000000000004 31.500000000000004 0.17500000000000002 0.13500000000000004 2.1500000000000008 17.500000000000004 79.050000000000026 4.5000000000000009 47.500000000000007
decision_type=8 2 2 10 8 10 10 10 10 10 10 10 10
left_child=5 2 3 -2 -4 8 7 -7 9 -1 -10 -3 -13
right_child=1 11 4 -5 -6 6 -8 -9 10 -11 -12 12 -14
leaf_value=-0.063806050486611504 0.16369639002152475 0 0 0 -0.15884551407960484 0.10737857837657241 0.11605783821662995 -0.02766072902849109 -0.0083541786373274134 -0.0093951326197443102 0.0083012176743850925 0.19768758486780941 0.052229332930073265
leaf_weight=97.627482306910679 12.300449342466893 13.973524948165503 11.071272620116362 17.762537044472992 14.393605629917145 24.291720980312675 27.975371964275837 61.092756283003837 1582.2659759373637 197.1716114517767 943.81736833621108 16.240649051032964 14.200273808091877
leaf_count=1748 75 92 68 137 122 115 145 467 16877 1333 5322 87 94
internal_value=-0.00139704 0.0458406 0 0.0628066 -0.0779411 -0.00316048 0.0370389 0.00573969 -0.00493597 -0.028952 -0.0019553 0.105117 0.145145
internal_weight=3034.18 99.9423 55.5279 30.063 25.4649 2934.24 113.36 85.3845 2820.88 294.799 2526.08 44.4144 30.4409
internal_count=26682 675 402 212 190 26007 727 582 25280 3081 22199 273 181
is_linear=0
shrinkage=0.196372


Tree=140
num_leaves=16
num_cat=2
split_feature=40 15 23 38 4 9 36 24 14 32 32 4 40 0 31
split_gain=6.48273 7.18191 10.5583 9.75981 10.3824 8.44606 6.60584 6.00255 12.5345 11.8471 8.14544 8.87923 6.82947 4.18464 3.14929
threshold=16.750000000000004 85.850000000000009 54.350000000000009 28.050000000000004 0 5.9050000000000011 0.16500000000000004 0.13500000000000004 25.500000000000004 0.14500000000000005 0.17500000000000002 1 25.100000000000005 6.7650000000000006 21.250000000000004
decision_type=10 8 8 10 9 10 8 10 10 10 10 9 10 2 10
left_child=1 3 5 4 -1 -3 -4 8 9 -2 11 -9 -12 -5 -10
right_child=7 2 6 13 -6 -7 -8 10 14 -11 12 -13 -14 -15 -16
leaf_value=-0.012098877425244899 -0.09914394445303791 -0.054373491316981583 0.015129343957701468 -0.091086575946519296 0.02890776713641326 0.034006224129723199 0.14360837914593352 0.013888934521038437 0 0.031633111227895867 -0.0048455949969255689 -0.036994837479525138 0.061610093346177258 -0.0089358853697746599 0.107544565964057
leaf_weight=476.01735670666676 42.772971642349148 54.024202816959587 35.28167469240725 57.926734219770879 443.83703142390004 159.65997592546046 48.286353161462102 148.40713785834669 15.766566887730731 63.963882455602288 614.99103497561009 672.46195726815495 65.516007757687476 64.125544586684555 57.619522884488106
leaf_count=5066 276 381 223 498 5055 928 268 1108 128 482 6055 5047 475 451 280
internal_value=-0.00185995 0.00815117 0.0350741 3.85225e-05 0.00738932 0.00955433 0.0948402 -0.0100969 0.0228229 -0.0167137 -0.0143448 -0.0275348 0.000917216 -0.0516467 0.0862437
internal_weight=3020.66 1339.16 297.252 1041.91 919.854 213.684 83.568 1681.5 180.123 106.737 1501.38 820.869 680.507 122.052 73.3861
internal_count=26721 12870 1800 11070 10121 1309 491 13851 1166 758 12685 6155 6530 949 408
cat_boundaries=0 1 2
cat_threshold=41 1
is_linear=0
shrinkage=0.196372


Tree=141
num_leaves=15
num_cat=2
split_feature=26 15 15 20 18 11 4 8 14 31 4 5 15 30
split_gain=4.57817 10.0946 15.8846 10.0451 9.74839 8.40637 8.17524 6.177 5.69737 6.9227 5.56086 5.30091 4.65503 4.16141
threshold=20.500000000000004 67.000000000000014 74.65000000000002 0.17500000000000002 24.500000000000004 4.5000000000000009 0 53.500000000000007 34.500000000000007 31.150000000000002 1 3.7250000000000005 22.650000000000002 21.500000000000004
decision_type=8 10 10 10 10 10 9 8 10 10 9 2 10 10
left_child=6 3 5 7 -4 -3 8 -2 9 -1 -5 13 -13 -8
right_child=1 2 4 10 -6 -7 11 -9 -10 -11 -12 12 -14 -15
leaf_value=-0.036050835088170308 0.028204354491230276 -0.064838655508749801 -0.0072919575400826591 0.058045419185745489 0.030931247196881204 0.033813670461245657 0 0.11356314012273966 -0.14413867362515695 0.019141745282016408 -0.026788028154626779 -0.067305454996543723 0.0068165071241414648 -0.24593139579871015
leaf_weight=436.91942126033246 91.241400724742562 202.85971840878483 650.62051232869271 30.506589337426703 413.25419863476418 33.357412131270394 9.8163427498002402 74.463540359738545 17.729035965166986 98.072937759483466 97.506600952590816 33.19294105804147 813.46780709800078 5.67163318383973
leaf_count=4893 638 1476 3889 345 2646 279 526 544 98 686 1192 1173 8255 81
internal_value=-0.00263327 0.00438697 -0.00272595 0.0373612 0.00714145 -0.0490116 -0.0108546 0.0693341 -0.0292458 -0.0250999 -0.000608677 0.000755603 0.00337025 -0.111537
internal_weight=3008.68 1593.81 1300.09 293.718 1063.87 236.217 1414.87 165.705 552.721 534.992 128.013 862.149 846.661 15.488
internal_count=26721 11009 8290 2719 6535 1755 15712 1182 5677 5579 1537 10035 9428 607
cat_boundaries=0 1 2
cat_threshold=168 68
is_linear=0
shrinkage=0.196372


Tree=142
num_leaves=10
num_cat=0
split_feature=25 27 0 11 20 31 28 27 16
split_gain=6.76743 5.50312 9.34192 8.74255 16.6746 8.92545 8.31156 7.4757 5.16287
threshold=4.8500000000000005 38.300000000000004 6.7250000000000005 4.5000000000000009 0.15500000000000003 24.600000000000005 0.16500000000000004 72.100000000000009 0.17500000000000002
decision_type=10 8 2 10 10 10 8 10 10
left_child=1 3 6 4 -1 -5 -3 -4 -2
right_child=8 2 7 5 -6 -7 -8 -9 -10
leaf_value=-0.028146027482008309 0.25160784701162586 0.044762147214686507 -0.024030138313376241 0.10494679654757404 0.015559472627998535 0.015855822432607272 -0.023206677644915106 0.11184287118916161 0
leaf_weight=447.41300722158121 7.302115372316619 194.39754957240075 713.52232814846138 70.455401080194861 1324.6303013776051 153.79150340636261 98.119303969755492 14.707298182009252 4.6764126508205663
leaf_count=3684 109 1444 5078 399 13977 834 943 75 173
internal_value=0.0038107 0.0030702 -0.00843271 0.00917457 0.00427194 0.0458975 0.0204461 -0.0206449 0.150616
internal_weight=3029.02 3017.04 1020.75 1996.29 1772.04 224.247 292.517 728.23 11.9785
internal_count=26716 26434 7540 18894 17661 1233 2387 5153 282
is_linear=0
shrinkage=0.196372


Tree=143
num_leaves=15
num_cat=1
split_feature=29 9 7 15 15 7 40 7 17 40 31 5 31 4
split_gain=6.90716 15.8215 7.80021 7.31536 8.57504 8.04984 10.5201 7.91897 6.70699 8.06852 5.88337 5.24724 4.11105 3.21208
threshold=2.5500000000000003 6.7650000000000006 166.50000000000003 91.350000000000009 91.800000000000026 166.50000000000003 13.65 164.50000000000003 3.2500000000000004 13.050000000000002 28.300000000000004 7.5650000000000004 9.9000000000000021 0
decision_type=8 10 10 8 8 10 10 10 10 10 10 2 10 9
left_child=1 8 13 5 -5 7 -7 -2 9 -1 -6 -4 -10 -3
right_child=3 2 11 4 10 6 -8 -9 12 -11 -12 -13 -14 -15
leaf_value=0 0.0019694801000958526 -0.037049483667738588 0 -0.17931236188381264 -0.065699840408845134 0.065697268361121164 0.0069931480898416344 -0.029683707667981413 0.082544076581715947 0.06933141875986068 0.024885449455562911 -0.1394646032191601 -0.048911676746145487 0.041528021686860379
leaf_weight=72.320583431828709 1133.8624597499074 26.596416261978447 11.087169217411427 17.113887841347605 56.009914841866703 147.01064074513852 718.03954711016559 406.33049520534405 9.8789145290938887 272.26057759457035 45.379085604567081 34.562215213431045 42.633496799506247 32.316064359620214
leaf_count=959 11004 208 102 75 371 1514 5742 3442 148 2020 309 180 389 253
internal_value=0.00404144 0.0250837 -0.0406595 0 -0.0477254 0.00220532 0.0174963 -0.00609585 0.0435251 0.0538164 -0.0208182 -0.101665 -0.0155285 0
internal_weight=3025.4 501.655 104.562 2523.75 118.503 2405.24 865.05 1540.19 397.094 344.581 101.389 45.6494 52.5124 58.9125
internal_count=26716 4259 743 22457 755 21702 7256 14446 3516 2979 680 282 537 461
cat_boundaries=0 1
cat_threshold=240
is_linear=0
shrinkage=0.196372


Tree=144
num_leaves=15
num_cat=0
split_feature=31 15 40 40 33 25 39 33 33 26 28 30 26 0
split_gain=8.59074 13.6179 9.40216 10.7051 9.08737 10.9725 8.95204 10.3337 7.61431 7.43684 6.94635 5.96297 9.44409 8.67943
threshold=20.300000000000004 81.40000000000002 23.150000000000002 22.250000000000004 2.8500000000000001 2.7500000000000004 17.050000000000004 2.5500000000000003 3.0500000000000003 21.500000000000004 0.13500000000000004 11.500000000000002 15.500000000000002 6.9750000000000005
decision_type=8 10 10 10 10 10 10 8 10 10 10 10 10 2
left_child=1 4 3 -3 5 -1 7 10 -6 -9 -2 12 -8 -13
right_child=6 2 -4 -5 8 -7 11 9 -10 -11 -12 13 -14 -15
leaf_value=0.0066405925051682517 -0.13859395418226805 -0.045021575688135473 -0.14318890624771116 0.1075049633103803 0.055040446180650772 -0.088885381780385492 -0.16851064893732648 0.021349265477156858 -0.001041163213052582 0.090948217880193166 0.00011347313469259757 0.0047971305792747004 0 -0.15555091333688076
leaf_weight=74.621150102764659 18.042974240670446 274.97319221761427 38.631689423229545 17.242945657111704 103.59798197196505 95.374162886757404 20.397447542287409 168.24878576458286 801.39495188102592 115.42420874116942 34.121362552163191 1203.3121827125433 37.789253719849512 12.847028196556492
leaf_count=906 120 1798 194 87 1096 1035 141 1634 10038 716 245 8299 237 104
internal_value=-0.00232526 -0.0136516 -0.0485553 -0.034432 -0.00248889 -0.0443881 0.0072884 0.0358025 0.00489948 0.0512791 -0.0397499 0 -0.0615177 0.00271159
internal_weight=3016.02 1405.84 330.848 292.216 1074.99 169.995 1610.18 335.837 904.993 283.673 52.1643 1274.35 58.1867 1216.16
internal_count=26650 15154 2079 1885 13075 1941 11496 2715 11134 2350 365 8781 378 8403
is_linear=0
shrinkage=0.196372


Tree=145
num_leaves=10
num_cat=0
split_feature=25 9 24 5 36 5 33 39 5
split_gain=6.25936 5.53595 4.7313 3.91471 3.81887 5.40167 4.87472 3.35436 3.22351
threshold=4.8500000000000005 3.9350000000000005 0.21500000000000002 6.6150000000000011 0.12500000000000003 7.1050000000000013 3.0500000000000003 8.0500000000000025 7.4050000000000011
decision_type=10 8 8 2 8 2 10 10 2
left_child=1 3 -2 7 5 -3 -6 -1 -5
right_child=2 4 -4 8 6 -7 -8 -9 -10
leaf_value=0.041101270523623307 0.26202871957701546 0.018961814034353233 0 -0.1235948283753215 0.011706726975934693 -0.058534131926209064 -0.0055891335592647496 -0.056564497488399298 -0.0065013673980603764
leaf_weight=26.745539991716214 5.8005940956063542 41.973883663013112 6.9423485339357294 33.143817934309482 970.77151976360983 100.03007534012431 1769.8799187451223 25.984789957219618 24.498103385521972
leaf_count=1213 59 372 233 758 7039 628 14678 713 957
internal_value=-0.00217022 -0.0029048 0.13333 -0.0461275 -0.0010926 -0.0325112 0.000375689 0 -0.0817097
internal_weight=3005.77 2993.03 12.7429 110.372 2882.66 142.004 2740.65 52.7303 57.6419
internal_count=26650 26358 292 3641 22717 1000 21717 1926 1715
is_linear=0
shrinkage=0.196372


Tree=146
num_leaves=15
num_cat=0
split_feature=19 19 37 2 34 0 31 0 30 0 40 29 24 39
split_gain=8.88367 6.75778 6.57309 7.35011 10.8738 7.24424 5.94962 19.281 7.72328 5.19714 5.00722 3.71534 1.08963 0.78593
threshold=62.000000000000007 61.000000000000007 3.4500000000000006 3.5000000000000004 16.500000000000004 6.8150000000000004 6.2000000000000002 6.8350000000000009 15.500000000000002 6.6750000000000007 17.050000000000004 3.3500000000000001 0.15500000000000003 21.150000000000002
decision_type=10 8 10 2 10 2 10 2 10 2 10 8 10 10
left_child=1 6 5 4 -4 9 7 -1 -8 -2 -5 12 -3 -7
right_child=2 11 3 10 -6 13 8 -9 -10 -11 -12 -13 -14 -15
leaf_value=0 0 0 0.025610591783782145 0 -0.083615824989649021 0.02892680023459903 0.024940105107226485 -0.12014968022427162 -0.0035604102351869554 0.11895409122929511 0.11813561197106376 -0.17298371701029869 -0.067555277980331702 -0.030581975488282377
leaf_weight=201.50353173706026 13.110141641227527 12.679652618709953 85.643763351603411 29.296272844541818 55.96587740763789 11.610667546279727 448.53740548785572 67.102824067129404 1950.4082704453322 73.772966685472056 32.663725351914763 13.599292386408704 10.088159995153545 21.618079450796358
leaf_count=3195 143 101 633 157 345 71 4730 1275 15257 420 149 87 91 156
internal_value=0.000867068 -0.002663 0.0317095 0.00768433 -0.0144861 0.0686531 -0.00134412 -0.0291373 0.00158505 0.0985848 0.0653746 -0.0866999 -0.0147251 0
internal_weight=3027.6 2703.92 323.681 203.57 141.61 120.112 2667.55 268.606 2398.95 86.8831 61.96 36.3671 22.7678 33.2287
internal_count=26810 24736 2074 1284 978 790 24457 4470 19987 563 306 279 192 227
is_linear=0
shrinkage=0.196372


Tree=147
num_leaves=16
num_cat=0
split_feature=38 14 21 26 26 21 27 11 22 21 8 10 27 33 17
split_gain=6.00772 11.5172 7.61282 6.89402 15.8887 6.56352 6.36923 6.32138 5.55787 5.78363 4.22672 3.90917 3.78483 3.98731 2.77717
threshold=17.850000000000005 24.500000000000004 2.9500000000000006 21.500000000000004 26.500000000000004 3.3500000000000001 22.650000000000002 2.5000000000000004 16.500000000000004 3.8500000000000001 55.500000000000007 56.150000000000013 4.6500000000000012 2.6500000000000008 3.5500000000000003
decision_type=10 10 10 8 10 10 10 10 10 10 10 10 10 10 10
left_child=2 5 3 10 -5 6 -2 -7 11 -10 -1 -3 14 -14 -4
right_child=1 8 12 4 -6 7 -8 -9 9 -11 -12 -13 13 -15 -16
leaf_value=-0.040238984490640416 0.12313265052163534 -0.10771796491675413 0.093958639482059098 -0.16226291975164395 0.071423180270491354 0.031736066469552043 0.035021721529404581 -0.033693342445470689 -0.0056582011493882464 0.040187412397180829 0.023316423747712721 0 -0.04875480967014522 -0.0013181223827380035 0
leaf_weight=131.0584958514446 41.725437004351988 32.538763722870499 25.860165769146988 44.118986065146601 11.883126236032693 132.21864966163412 311.81465672561899 97.818908403860405 1021.8501442932175 117.81702939991374 48.609315629102639 12.171140677295623 76.404423886793666 875.4652975704812 15.210204868220897
leaf_count=2115 191 253 523 326 88 944 2090 781 6135 731 744 67 751 10512 559
internal_value=0 0.00720653 -0.0106678 -0.0425176 -0.104696 0.0298657 0.0467431 0.00197962 -0.00358678 -0.000522654 -0.0205683 -0.0714386 -0.00265383 -0.00560209 0.0546001
internal_weight=2996.56 1767.95 1228.61 235.67 56.0021 583.578 353.54 230.038 1184.38 1139.67 179.668 44.7099 992.94 951.87 41.0704
internal_count=26810 11192 15618 3273 414 4006 2281 1725 7186 6866 2859 320 12345 11263 1082
is_linear=0
shrinkage=0.196372


Tree=148
num_leaves=13
num_cat=2
split_feature=14 1 33 37 7 40 25 24 25 36 6 3
split_gain=4.84912 7.23145 8.62037 7.76468 6.53485 4.56811 4.40993 10.4372 4.36019 11.3935 5.83816 0.578921
threshold=34.500000000000007 4.5000000000000009 2.7500000000000004 4.0500000000000007 166.50000000000003 17.050000000000004 4.7500000000000009 0.21500000000000002 3.3500000000000001 0.18500000000000003 0 1
decision_type=10 2 10 10 10 10 8 10 10 10 9 9
left_child=6 2 4 -4 -2 -3 8 -8 10 -10 -1 -9
right_child=1 5 3 -5 -6 -7 7 11 9 -11 -12 -13
leaf_value=0.013872841685853914 0.06817578996597784 0 -0.10291679500603058 0 -0.074930317072340824 0.13008392774570854 0.2233622835183017 -0.060361214800903007 -0.041347599466330466 0.0054290902888067981 -0.0083942986754188577 0
leaf_weight=1266.2179219734244 36.795205979025923 15.267681246157737 93.423779927543364 40.6769805890508 16.371422280091792 15.331426099408416 11.369208158388576 6.0060388896381465 306.27578272897517 545.74175994803227 672.33001794308439 6.9818557841063011
leaf_count=10358 228 104 533 326 82 74 91 151 2905 6557 5388 158
internal_value=-0.000491993 -0.0288105 -0.0446063 -0.0717966 0.015669 0.0530917 0.00154404 0.0845368 0.000654209 -0.0108708 0.00594927 -0.00496849
internal_weight=3032.79 217.866 187.267 134.101 53.1666 30.5991 2814.92 24.3571 2790.57 852.018 1938.55 12.9879
internal_count=26955 1347 1169 859 310 178 25608 400 25208 9462 15746 309
cat_boundaries=0 1 2
cat_threshold=6 1
is_linear=0
shrinkage=0.196372


Tree=149
num_leaves=13
num_cat=0
split_feature=0 30 34 27 15 27 16 33 37 34 39 38
split_gain=6.48748 7.71637 9.14226 5.92548 9.25983 6.32931 4.99129 4.57013 4.63049 5.03131 2.99555 1.86381
threshold=6.6350000000000007 17.500000000000004 22.500000000000004 46.550000000000004 82.950000000000017 47.000000000000007 0.20500000000000004 4.1500000000000012 2.8500000000000001 14.500000000000002 10.450000000000001 21.250000000000004
decision_type=2 8 10 10 8 10 10 10 10 10 10 10
left_child=7 2 6 4 -3 -5 -2 8 11 -10 -4 -1
right_child=1 3 10 5 -6 -7 -8 -9 9 -11 -12 -13
leaf_value=0.014392026479688238 -0.017487119052782329 0.00067853268166067325 0 -0.16044527828856708 0.03553819291296783 -0.012196309678385083 -0.076613219981250147 -0.048143192525934686 0.1201796245029154 0.023027407237943401 0.073170702860077291 -0.085717046953301915
leaf_weight=6.1748114064103019 849.96340517752833 1189.1863261140097 17.15792285497082 12.138914574636145 402.59712576170205 302.34735400491627 65.112768616898393 14.506541958777232 48.757270174450241 60.499092740152264 53.704723934235517 10.627339660190044
leaf_count=120 7881 10449 859 70 2253 1993 1326 193 544 749 431 87
internal_value=-0.00024128 -0.00239009 -0.0165936 0.00472418 0.00977776 -0.0194331 -0.0221961 0.0407549 0.054565 0.0705872 0.0493575 -0.0231037
internal_weight=3032.77 2892.21 985.939 1906.27 1591.78 314.486 915.076 140.565 126.059 109.256 70.8626 16.8022
internal_count=26955 25262 10497 14765 12702 2063 9207 1693 1500 1293 1290 207
is_linear=0
shrinkage=0.196372


Tree=150
num_leaves=15
num_cat=0
split_feature=36 27 5 8 40 0 9 22 30 36 9 5 5 8
split_gain=15.8721 20.1263 17.9915 13.5215 12.0815 18.2865 16.226 13.6167 14.2513 13.6572 12.1224 10.6246 6.58117 3.16877
threshold=0.20500000000000004 52.300000000000004 6.7550000000000008 53.500000000000007 19.350000000000005 6.8150000000000004 6.245000000000001 26.500000000000004 21.500000000000004 0.13500000000000004 7.1050000000000013 5.6750000000000007 6.955000000000001 53.500000000000007
decision_type=10 10 2 10 8 2 10 10 10 10 8 2 2 10
left_child=4 2 11 -4 7 6 -6 9 -9 -1 -7 -2 -3 -14
right_child=1 12 3 -5 5 10 -8 8 -10 -11 -12 -13 13 -15
leaf_value=-0.047418028311744916 -0.055985409056688799 -0.2937101662306833 -0.0094712985267153653 -0.077204651264349083 0.01917077260160039 -0.019430792292110134 0.090673679978788099 -0.0036100980461312789 -0.093422313473893306 0.011011373900464052 0.12834261245859679 0.04249705566260948 -0.15193034399298444 0
leaf_weight=172.87555293081095 49.504541810536466 13.972220151452349 266.16823160219792 223.65304118864879 350.79250648399466 341.61353629475343 207.49460964556783 178.58750235405751 122.22918829508126 1332.0301543317873 22.177363370079547 209.05624802128295 7.9172757093329009 8.9066556154866685
leaf_count=1355 1290 101 2896 2351 3050 2434 1241 1195 697 12459 98 2052 75 95
internal_value=-0.00116265 -0.0259816 -0.0188893 -0.0413245 0.0057654 0.0241116 0.046565 -0.00335878 -0.0416179 0.0039986 -0.00913333 0.0218952 -0.182713 -0.0619713
internal_weight=3506.98 779.178 748.382 489.821 2727.8 922.078 558.287 1805.72 300.817 1504.91 363.791 258.561 30.7962 16.8239
internal_count=31389 8860 8589 5247 22529 6823 4291 15706 1892 13814 2532 3342 271 170
is_linear=0
shrinkage=0.196372


Tree=151
num_leaves=12
num_cat=0
split_feature=28 39 34 23 8 29 26 5 5 38 39
split_gain=10.3114 9.21941 18.5905 12.5553 11.8945 11.4112 10.6273 8.54836 8.04464 6.10733 5.38292
threshold=0.10500000000000002 22.650000000000002 24.500000000000004 51.95000000000001 49.500000000000007 4.4500000000000011 27.500000000000004 7.7250000000000005 7.3650000000000011 24.850000000000005 21.450000000000003
decision_type=8 10 10 10 10 10 10 2 2 10 10
left_child=7 3 6 5 -5 -2 -3 8 9 -1 -9
right_child=1 2 -4 4 -6 -7 -8 10 -10 -11 -12
leaf_value=-0.0013363937158157658 -0.015246687658042549 0.040263717529631926 -0.13497677111782003 -0.068061363507674624 0.04306203311547345 0.057732085685849401 -0.015881055156693608 0.0033735206661791076 -0.20525094456021939 0.17141725868682992 0.2480313459746247
leaf_weight=12.478933155409328 2360.2907801052797 482.36972927331226 28.271340753766708 39.767178912181407 286.61849703837652 83.149394719675911 164.55281632900005 9.652985704335153 5.1439590913651037 10.684108737856148 14.698328360915182
leaf_count=483 22172 3733 141 340 1782 1452 952 154 80 55 45
internal_value=-0.00104365 -0.00248962 0.0178876 -0.00761822 0.0281279 -0.0125768 0.0252959 0.0847891 0 0.0601765 0.169987
internal_weight=3497.68 3445.02 675.194 2769.83 326.386 2443.44 646.923 52.6583 28.307 23.163 24.3513
internal_count=31389 30572 4826 25746 2122 23624 4685 817 618 538 199
is_linear=0
shrinkage=0.196372


Tree=152
num_leaves=11
num_cat=0
split_feature=15 38 10 22 10 31 30 29 38 35
split_gain=13.5667 19.3589 14.12 22.2496 16.4446 11.133 10.9464 8.75821 5.6322 4.10561
threshold=96.100000000000009 35.20000000000001 50.750000000000007 15.500000000000002 40.350000000000001 27.100000000000005 20.500000000000004 3.0500000000000003 36.45000000000001 9.8500000000000014
decision_type=10 10 10 10 10 10 10 10 10 10
left_child=1 2 4 -4 -1 9 7 -3 -8 -2
right_child=5 6 3 -5 -6 -7 8 -9 -10 -11
leaf_value=0.0040190480218491578 0.069926403616655086 -0.082446712047669332 0.1994273977918441 0.017900618231234698 -0.026109044996808425 0.18078444945564989 -0.25858549350353277 0.047882146368942669 -0.070643626086297609 -0.090452721832282174
leaf_weight=1834.4901852065377 13.672463447219345 53.17479280824773 29.232084800489247 319.17886376753449 1109.6272926738311 27.312748725060374 18.769973427057266 27.018455798504874 22.641285030171275 10.842889927444046
leaf_count=21024 102 493 129 1940 6953 148 66 242 127 86
internal_value=-0.00398116 -0.00562046 -0.00263671 0.0345159 -0.00718637 0.0950594 -0.0826182 -0.0330037 -0.167375 0
internal_weight=3465.96 3414.13 3292.53 348.411 2944.12 51.8281 121.605 80.1932 41.4113 24.5154
internal_count=31310 30974 30046 2069 27977 336 928 735 193 188
is_linear=0
shrinkage=0.196372


Tree=153
num_leaves=14
num_cat=0
split_feature=19 0 10 27 9 27 8 18 2 20 8 15 30
split_gain=14.8893 16.6041 15.2717 14.4444 19.6205 13.3989 12.7442 11.7205 12.7631 11.139 8.29673 6.38423 5.54087
threshold=60.250000000000007 6.8350000000000009 50.550000000000004 53.45000000000001 7.1450000000000005 69.40000000000002 46.500000000000007 27.500000000000004 4.5000000000000009 0.14500000000000005 47.500000000000007 86.450000000000017 18.500000000000004
decision_type=10 2 10 10 10 10 10 10 2 10 8 10 10
left_child=3 2 9 4 10 11 -4 8 -3 -2 -1 -5 -6
right_child=1 7 6 5 12 -7 -8 -9 -10 -11 -12 -13 -14
leaf_value=-0.042145881926981113 0.034530715236295653 -0.14163363509554547 -0.12974671938364413 -0.10586543501586662 0.023947624054220303 0.067436297492772634 0.053403980259552009 0.043535357802855543 0.026422505824911499 -0.084314141165841489 0.0045730459867699457 -0.0066667555909271691 0.15307077836441987
leaf_weight=154.14000374110765 34.539485765853897 105.78471687214915 15.091096888063474 101.60606597695732 31.790042733191513 25.937551552109653 137.12926583882654 16.175157750258222 15.680990799795834 119.41312960872892 2633.704004608504 46.500954470131546 42.661288314848207
leaf_count=1708 205 556 83 776 261 135 1020 96 74 865 25000 274 257
internal_value=-0.00360376 -0.0372233 -0.0100947 0.00116632 0.00465067 -0.0535246 0.0321792 -0.0942403 -0.11628 -0.0547601 0.0018277 -0.0777677 0.104107
internal_weight=3480.15 443.814 306.173 3036.34 2862.3 174.045 152.22 137.641 121.466 153.953 2787.84 148.107 74.4513
internal_count=31310 2899 2173 28411 27226 1185 1103 726 630 1070 26708 1050 518
is_linear=0
shrinkage=0.196372


Tree=154
num_leaves=13
num_cat=0
split_feature=10 9 39 5 0 14 16 5 9 19 10 37
split_gain=11.5104 21.781 12.2303 17.8931 10.4268 8.34031 19.6596 16.6988 16.172 9.24207 14.7172 7.83665
threshold=52.150000000000013 6.495000000000001 20.250000000000004 8.2950000000000017 6.7650000000000006 27.500000000000004 0.13500000000000004 7.245000000000001 6.4650000000000007 27.100000000000005 18.450000000000003 2.7500000000000004
decision_type=10 10 10 2 2 10 10 2 10 8 8 10
left_child=5 -2 4 -4 -3 9 8 -8 -7 11 -11 -1
right_child=1 2 3 -5 -6 6 7 -9 -10 10 -12 -13
leaf_value=-0.11163648601190689 0.25601998096285722 0.038096365965278912 0.065421293684307019 -0.052857892711795543 -0.10146942856203392 -0.14821201854206659 0.031688991978427367 -0.036664367766016413 -0.0047100781537156543 0.13163972018978393 0.0029985757558803929 -0.016257988710897259
leaf_weight=38.588398276537191 15.894440404139457 28.449479859671555 222.88253911322681 59.039240674464963 51.461296885274351 80.848435716005042 232.74300735234283 328.42651695909444 58.997117215069011 35.022180504631251 1890.6540556455002 435.64287433681602
leaf_count=648 51 236 1414 469 268 338 1379 2289 382 669 15321 8077
internal_value=-0.00190706 0.0302567 0.0189699 0.0390568 -0.0462702 -0.00596994 -0.0248195 -0.00752283 -0.0909409 -0.000277283 0.00558287 -0.025001
internal_weight=3478.65 377.727 361.833 281.922 79.9108 3100.92 701.015 561.17 139.846 2399.91 1925.68 474.231
internal_count=31541 2438 2387 1883 504 29103 4388 3668 720 24715 15990 8725
is_linear=0
shrinkage=0.196372


Tree=155
num_leaves=15
num_cat=1
split_feature=40 39 35 4 34 21 27 19 20 19 2 33 33 15
split_gain=8.70555 21.767 14.1213 12.0375 7.81481 8.92552 11.163 9.58501 5.66916 5.69268 3.65243 3.55998 1.91955 0.520992
threshold=12.450000000000001 22.650000000000002 26.600000000000005 0 9.5000000000000018 4.3500000000000005 20.950000000000006 69.800000000000011 0.13500000000000004 68.90000000000002 2.5000000000000004 3.3500000000000001 3.0500000000000003 82.450000000000017
decision_type=8 10 10 9 8 10 10 10 10 10 2 10 10 10
left_child=1 2 3 -1 8 7 -7 -6 10 -10 -2 12 -3 -13
right_child=4 11 -4 -5 5 6 -8 -9 9 -11 -12 13 -14 -15
leaf_value=0.005256288002578732 0 0.056771903336454703 -0.20389750446010838 -0.065717237390293101 0.0010609807428873085 -0.0032487933554086728 0.10184833732720228 0.066859946203657095 -0.024164149274513477 -0.16020850618812119 0.11996168735367335 0.030072960584470666 0.18761737793414737 -0.025806143915733902
leaf_weight=149.96549558626066 13.113136402913371 38.798933889134787 21.837136032991111 200.17416828824571 2381.1444122482853 59.195077980781207 82.125224279458052 89.115178325097077 347.65732703453978 13.629114745068362 15.713582611526361 13.882448781747373 11.848125269869341 10.818558743689207
leaf_count=2206 130 262 149 2656 20195 854 820 491 3301 121 99 114 79 64
internal_value=-0.00111943 -0.0267579 -0.0469641 -0.0357926 0.00255501 0.0065609 0.0547494 0.00361993 -0.0231136 -0.0306149 0.0551498 0.0669719 0.0967624 0
internal_weight=3449.02 447.325 371.977 350.14 3001.69 2611.58 141.32 2470.26 390.113 361.286 28.8267 75.3481 50.6471 24.701
internal_count=31541 5530 5011 4862 26011 22360 1674 20686 3651 3422 229 519 341 178
cat_boundaries=0 1
cat_threshold=210
is_linear=0
shrinkage=0.196372


Tree=156
num_leaves=16
num_cat=0
split_feature=39 39 40 11 17 14 27 8 9 11 29 27 38 38 11
split_gain=14.1533 12.868 20.699 10.6464 10.2033 9.64029 10.6975 9.41608 9.33186 8.91271 12.778 12.6403 8.69929 7.7467 7.24562
threshold=20.250000000000004 19.350000000000005 12.450000000000001 5.5000000000000009 2.8500000000000001 30.500000000000004 22.650000000000002 55.500000000000007 6.5550000000000006 4.5000000000000009 3.1500000000000008 47.500000000000007 23.450000000000003 31.050000000000004 5.5000000000000009
decision_type=8 10 10 10 8 10 10 10 10 10 10 10 10 10 10
left_child=1 3 14 8 9 12 -7 -4 -1 11 -11 -2 -6 -5 -3
right_child=4 2 7 13 5 6 -8 -9 -10 10 -12 -13 -14 -15 -16
leaf_value=-0.0030490400795158256 0.033009121109527625 -0.07898768741254561 -0.0014925630930877462 0.12958343255761912 0 0.16652532237256648 0.014321069868402057 -0.10071931100068718 -0.064340163768281389 0.033181277033894674 -0.05581628363192867 0.1251385794972556 -0.061943970635956067 0.005639366745624856 -0.28757924511420502
leaf_weight=1721.1457783305414 309.98651901033008 23.594539304031059 185.87584692769451 38.133134190691635 342.97743689515755 23.207599324639887 113.84388817480067 49.107181289116852 102.99099545646459 211.59978862473508 86.393891717889346 78.79326153267175 116.52562543423846 56.350353304063901 17.348296212032437
leaf_count=19079 2214 186 1405 239 2816 64 833 303 733 1431 548 426 766 431 36
internal_value=0.000287228 -0.00916175 -0.0489142 -0.00320861 0.0167902 -0.0012888 0.0435455 -0.0241887 -0.00675997 0.0331361 0.005869 0.05288 -0.0156408 0.0605288 -0.179181
internal_weight=3477.87 2194.55 275.926 1918.62 1283.33 596.555 137.051 234.983 1824.14 686.773 297.994 388.78 459.503 94.4835 40.9428
internal_count=31510 22412 1930 20482 9098 4479 897 1708 19812 4619 1979 2640 3582 670 222
is_linear=0
shrinkage=0.196372


Tree=157
num_leaves=15
num_cat=0
split_feature=23 21 0 28 27 38 40 19 5 15 20 35 24 0
split_gain=9.64664 13.3405 13.3723 12.9585 17.7673 12.5563 8.62577 13.3177 11.7663 10.4206 9.36345 9.20862 7.81081 6.6479
threshold=34.45000000000001 4.3500000000000005 6.8250000000000011 0.14500000000000005 50.70000000000001 24.350000000000005 20.350000000000005 37.650000000000006 8.2450000000000028 82.450000000000017 0.14500000000000005 13.450000000000001 0.18500000000000003 6.7650000000000006
decision_type=8 10 2 8 10 10 10 10 2 10 10 10 10 2
left_child=6 3 13 5 -5 -2 8 12 11 -9 -10 -1 -8 -3
right_child=1 2 -4 4 -6 -7 7 9 10 -11 -12 -13 -14 -15
leaf_value=-0.0059371459742202544 0.068763254577418345 0.092177192460321813 0.19805747292132356 0.002790528708986727 -0.069948327296134358 0.0078833589306139731 0.031050894787721144 -0.089799200905711932 -0.19538711756825458 0.0032095612577766404 -0.027348503267790258 0.040987311214051955 -0.059595599222586816 -0.066390325040398698
leaf_weight=734.68609027986349 210.7527147536166 20.848809905641247 28.483741701580584 1227.0022207987431 143.57960890076356 396.54236778069753 123.96336576156318 179.71319467312424 19.670861525461078 50.467633687192574 61.819115637827053 203.74804360621783 51.087972470340901 17.868333297083154
leaf_count=10118 1340 243 169 9099 1045 2197 1221 1437 221 308 1201 1906 857 148
internal_value=0.000185777 0.00895379 0.0952962 0.00578589 -0.00451511 0.0297583 -0.0120841 -0.0363844 -0.00198847 -0.0674952 -0.0737454 0.0037847 0.00202272 0.00762675
internal_weight=3470.23 2045.08 67.2009 1977.88 1370.58 607.295 1425.16 405.232 1019.92 230.181 81.49 938.434 175.051 38.7171
internal_count=31510 14241 560 13681 10144 3537 17269 3823 13446 1745 1422 12024 2078 391
is_linear=0
shrinkage=0.196372


Tree=158
num_leaves=14
num_cat=1
split_feature=37 23 38 5 4 26 17 22 5 14 27 5 14
split_gain=8.73414 15.2781 19.8016 14.0038 10.2495 9.37359 17.4706 8.06704 13.3462 11.5355 4.71524 4.72872 2.18848
threshold=4.7500000000000009 48.20000000000001 21.550000000000004 7.4750000000000005 0 33.500000000000007 2.8500000000000001 22.500000000000004 7.4850000000000012 25.500000000000004 43.100000000000001 6.8250000000000011 35.500000000000007
decision_type=8 8 10 2 9 10 10 10 2 10 10 2 10
left_child=5 2 4 -4 -2 7 12 9 -9 -1 11 -3 -7
right_child=1 10 3 -5 -6 6 -8 8 -10 -11 -12 -13 -14
leaf_value=0.0037674258758259365 0.0058290082816581752 -0.26640026085101265 -0.012659265372453953 0.15158194590111249 -0.064163008929595713 -0.077552514846572315 0.062417079285631311 0.036486202901028462 -0.0053311738692257346 -0.033324711102983677 0 -0.083338229130924632 -0.23768284503938306
leaf_weight=1447.901428475092 127.45635835132271 14.317614889983814 29.223253283533268 42.291053515917156 177.28828830644852 19.729792640195228 17.693793417653069 613.19395995757077 534.94042499715579 411.43571593947127 11.073804704705251 28.003450842916209 15.778756117215378
leaf_count=16621 1384 79 178 194 2015 126 143 3780 3837 2656 143 218 87
internal_value=-0.00153756 -0.0278206 -0.0125219 0.0784363 -0.0353625 0.00200861 -0.0791808 0.00359793 0.0166185 -0.00420441 -0.12687 -0.156722 -0.162122
internal_weight=3490.33 429.654 376.259 71.5143 304.745 3060.67 53.2023 3007.47 1148.13 1859.34 53.3949 42.3211 35.5085
internal_count=31461 4211 3771 372 3399 27250 356 26894 7617 19277 440 297 213
cat_boundaries=0 1
cat_threshold=141
is_linear=0
shrinkage=0.196372


Tree=159
num_leaves=10
num_cat=0
split_feature=33 8 34 26 1 20 15 12 40
split_gain=9.92437 8.06381 13.2324 10.1754 12.2074 10.1174 9.26548 7.87928 4.06526
threshold=5.0500000000000007 54.500000000000007 11.500000000000002 29.500000000000004 3.5000000000000004 0.24500000000000002 85.100000000000009 2.5000000000000004 12.050000000000002
decision_type=10 8 10 8 2 10 8 10 10
left_child=1 2 5 6 -5 -1 -3 -4 -2
right_child=8 3 7 4 -6 -7 -8 -9 -10
leaf_value=-0.018360503742196953 0.20958169254697184 -0.021828999666214436 0.014737008664285206 -0.14358663790155377 0.062982685867175939 -0.23496228973343253 0.021777290014338653 -0.057789601034651056 0
leaf_weight=528.5819740886509 11.796418400408585 793.50835723353885 1752.5997367052169 47.227281529803804 10.871038877812678 8.6775737744283088 236.7866943177869 57.307618460676167 8.9167637744685617
leaf_count=4969 80 8554 15513 323 100 169 1259 335 159
internal_value=-0.00138397 -0.00233209 0.00399502 -0.0163828 -0.0972314 -0.0227758 -0.0113739 0.0121888 0.133093
internal_weight=3456.27 3435.56 2347.17 1088.39 58.0983 537.26 1030.3 1809.91 20.7132
internal_count=31461 31222 20986 10236 423 5138 9813 15848 239
is_linear=0
shrinkage=0.196372


Tree=160
num_leaves=15
num_cat=0
split_feature=5 5 18 28 17 30 39 31 39 19 5 5 39 0
split_gain=9.96065 10.2649 10.5083 9.57558 16.3217 9.55806 9.47261 8.85636 8.2158 6.53084 5.2285 3.37715 8.98326 1.98951
threshold=4.8350000000000009 8.3950000000000014 26.500000000000004 0.16500000000000004 3.2500000000000004 24.500000000000004 27.950000000000003 17.500000000000004 20.250000000000004 31.850000000000005 1.0000000180025095e-35 4.4800000000000013 24.150000000000002 6.7550000000000008
decision_type=2 2 10 10 10 10 10 8 10 8 2 2 10 2
left_child=8 2 5 7 -5 -2 -4 -3 9 13 -11 12 -10 -1
right_child=1 3 6 4 -6 -7 -8 -9 11 10 -12 -13 -14 -15
leaf_value=0.044824972496045411 0.012846674940851253 0.016082192279728399 -0.018888196417085907 0.081505456216831043 -0.089884786152426968 -0.021669838492452031 -0.18390812445325191 -0.085994484275581942 0.14036657295141897 0 -0.18141228170174151 -0.089979507464872266 -0.077954631989884199 -0.055441227219596087
leaf_weight=9.3781495781804569 2377.3474671406912 33.718317352711892 360.36847806378501 55.405331441346789 33.515051242593472 347.23443170872633 14.644824299146419 140.29646931088246 18.059428976674102 9.7316521425454976 34.86434983302388 7.4102012191433451 9.1559506264748034 18.867441325468462
leaf_count=571 20860 392 2505 883 621 2378 104 1159 273 257 432 69 132 892
internal_value=-0.00112635 0.00062574 0.00391631 -0.0364496 0.011865 0.00828342 -0.0266155 -0.0636712 -0.059965 -0.0980323 -0.145817 0.00747908 0.0506927 -0.00646102
internal_weight=3470 3362.53 3099.6 262.935 88.9204 2724.58 375.013 174.015 107.467 72.8416 44.596 34.6256 27.2154 28.2456
internal_count=31528 28902 25847 3055 1504 23238 2609 1551 2626 2152 689 474 405 1463
is_linear=0
shrinkage=0.196372


Tree=161
num_leaves=15
num_cat=0
split_feature=17 35 9 5 7 19 21 15 7 5 34 22 31 21
split_gain=6.53411 9.83643 10.722 14.9883 8.65149 11.6391 15.0468 9.91042 17.2375 9.39969 7.36193 6.75241 5.45301 3.1622
threshold=2.0500000000000003 9.5500000000000025 5.0950000000000006 7.7950000000000008 160.50000000000003 54.000000000000007 3.3500000000000001 86.15000000000002 161.50000000000003 7.4050000000000011 12.500000000000002 26.500000000000004 15.700000000000001 2.3500000000000001
decision_type=8 10 10 2 8 10 10 8 8 2 10 10 10 10
left_child=1 2 13 -4 5 6 -2 9 -9 -6 -7 12 -3 -1
right_child=4 11 3 -5 7 10 -8 8 -10 -11 -12 -13 -14 -15
leaf_value=0.049802364000449968 -0.047110435008388678 -0.081942450179223511 0.15770747518353911 0 -0.014178537999760118 0 0.026028464563169481 -0.17950283584361032 -0.023006667616190208 0.012819872246668126 0.087538711655264792 -0.13720644863911735 0.025792772926923432 -0.059697187557722915
leaf_weight=13.575258983189995 163.95799840326072 20.586126943388081 63.33911235362757 32.529517551651224 1135.2652656881728 47.292839410481974 318.48160927690333 29.856798644759692 489.56475069366388 875.6592417492102 118.77491776575334 13.563665895489974 112.44143492096919 25.615546297543915
leaf_count=1127 1601 259 305 192 10707 432 3465 142 2855 8564 740 87 703 349
internal_value=-0.000718361 0.0277694 0.0662349 0.102153 -0.00338376 0.0166158 0.000242363 -0.0086859 -0.0329258 -0.00220115 0.0614507 -0.0046896 0.00568483 -0.0104347
internal_weight=3460.5 281.651 135.059 95.8686 3178.85 648.507 482.44 2530.35 519.422 2010.92 166.068 146.591 133.028 39.1908
internal_count=31528 3022 1973 497 28506 6238 5066 22268 2997 19271 1172 1049 962 1476
is_linear=0
shrinkage=0.196372


Tree=162
num_leaves=16
num_cat=3
split_feature=37 4 29 38 19 29 4 37 27 3 10 0 18 26 21
split_gain=12.0316 10.3211 17.0245 9.1465 9.13571 8.44073 9.12467 8.99673 7.35529 11.1054 6.41514 6.13606 4.71942 0.883054 0.233805
threshold=4.8500000000000005 0 4.3500000000000005 38.150000000000013 25.400000000000002 3.5500000000000003 1 3.9500000000000006 27.850000000000005 2 59.900000000000006 6.785000000000001 22.500000000000004 25.500000000000004 3.1500000000000008
decision_type=10 9 10 8 10 10 9 10 10 9 10 2 10 8 8
left_child=3 2 4 5 -2 6 -1 -7 11 -10 13 -3 -4 -5 -12
right_child=1 8 12 10 -6 7 -8 -9 9 -11 14 -13 -14 -15 -16
leaf_value=0.002905715951584154 -0.0028690579932056535 0.03036401042240848 0 0.055535048056355556 -0.1350067328824282 0.037794491709273972 -0.021303083675475107 -0.0040967932012652636 -0.05855402154710998 0.10802655432399119 0.014462698400451921 -0.07631900153009058 0.14236560988666772 0.20516460215045562 -0.028923946753097372
leaf_weight=1152.2354109920452 33.457167958156788 24.775021369452588 20.433232064733602 14.618791064480321 107.72198840352939 348.695466837391 1184.8507929162333 418.4304828231725 19.842344324977603 43.77926305035362 13.765538790030407 58.739348361224984 11.676744195458012 13.222781217627924 7.072037825593724
leaf_count=9603 460 419 388 103 904 3482 10339 4410 181 285 152 568 73 74 80
internal_value=-0.00564279 -0.0419493 -0.0724142 -0.00180962 -0.106884 -0.00327438 -0.00925715 0.0143713 0 0.0490952 0.0821263 -0.0393706 0.0427044 0.143434 0
internal_weight=3473.32 320.425 173.289 3152.89 141.179 3104.21 2337.09 767.126 147.136 63.6216 48.6791 83.5144 32.11 27.8416 20.8376
internal_count=31521 3278 1825 28243 1364 27834 19942 7892 1453 466 409 987 461 177 232
cat_boundaries=0 1 2 3
cat_threshold=97 228 2
is_linear=0
shrinkage=0.196372


Tree=163
num_leaves=16
num_cat=0
split_feature=23 24 38 27 7 19 38 5 31 5 38 31 27 37 0
split_gain=7.45796 13.6093 13.3301 10.6803 8.8429 8.15818 23.1834 14.4265 7.77741 10.6606 6.44667 6.3815 6.3871 5.83949 4.77732
threshold=22.400000000000002 0.17500000000000002 10.65 12.700000000000001 168.50000000000003 38.150000000000013 13.65 6.4450000000000012 15.700000000000001 7.0750000000000011 1.0000000180025095e-35 4.2500000000000009 12.250000000000002 4.2500000000000009 6.8450000000000006
decision_type=10 10 10 10 10 10 10 2 10 2 8 10 10 10 2
left_child=1 8 3 14 -5 6 -4 -7 10 -10 -1 13 -13 -3 -2
right_child=2 11 5 4 -6 7 -8 -9 9 -11 -12 12 -14 -15 -16
leaf_value=-0.096543171100170383 -0.0092927754956740154 0 0.040006549640341837 -0.095968291444495146 0 -0.03793329197910706 -0.043355951512944822 0.0083199979447995988 -0.050822486616934517 0.063853560691406921 0.091653882386040622 -0.065069816674807421 0.019714764117818667 -0.15056017314785436 0.11051425860515719
leaf_weight=4.9719642071995613 45.091194704611553 16.005711784026062 163.6957159358426 156.29048838774906 44.616438450379064 305.46488967965706 538.09492353128735 1718.8079274914344 55.759510828123894 67.217245926265605 129.1983558912907 45.54304197269812 135.0562000866048 23.52617433798514 15.599027184303848
leaf_count=635 772 552 1497 2030 444 2417 3830 11200 684 625 2238 1155 2550 641 251
internal_value=-0.00550736 0.0169567 -0.00924554 -0.0517556 -0.0739678 -0.00499966 -0.0232726 0.00111777 0.0480942 0.00825514 0.0812352 -0.0174128 0 -0.0887298 0.0144854
internal_weight=3464.94 477.278 2987.66 261.597 200.907 2726.06 701.791 2024.27 257.147 122.977 134.17 220.131 180.599 39.5319 60.6902
internal_count=31521 9080 22441 3497 2474 18944 5327 13617 4182 1309 2873 4898 3705 1193 1023
is_linear=0
shrinkage=0.196372


Tree=164
num_leaves=16
num_cat=1
split_feature=37 10 18 34 25 35 4 32 22 33 22 33 5 38 33
split_gain=12.4635 10.1694 9.21917 7.47597 6.58138 12.5968 18.1563 12.0632 14.3283 10.9169 9.51947 2.70803 1.97459 0.901512 0.75394
threshold=5.1500000000000012 23.750000000000004 23.500000000000004 17.500000000000004 2.8500000000000001 10.600000000000001 0 0.15500000000000003 26.500000000000004 3.1500000000000008 14.500000000000002 4.3500000000000005 7.0250000000000012 6.4500000000000011 4.9500000000000011
decision_type=10 10 10 10 8 10 9 8 10 10 8 10 2 10 10
left_child=4 11 3 -3 5 9 -7 8 -6 -1 -9 13 -4 -2 -13
right_child=1 2 12 -5 7 6 -8 10 -10 -11 -12 14 -14 -15 -16
leaf_value=-0.018013205183098221 0 0.17485257768604232 0.06197834587895644 0 0.041504363184006784 -0.078581421333641446 -0.0072783414657165858 -0.048249108362804237 -0.042933726571810778 0.037397480226596058 -0.0021429580968710662 0.04875382576233378 -0.024614740275911828 -0.12875024323072798 -0.01111072480940015
leaf_weight=365.6578593607519 7.1910759269230793 45.907264932931866 16.118200267432258 13.827634985442272 433.60153403528238 240.19077549266513 361.36459677430685 199.88405549330855 89.295898045413196 217.40386265337293 1458.9725915922691 12.02070557231673 21.959919765708037 9.7870349612785486 4.5546403174521393
leaf_count=3076 186 343 83 112 3330 1886 2730 2944 548 2252 13365 273 163 133 152
internal_value=-0.00373803 0.0552172 0.0884107 0.136791 -0.00617386 -0.0179584 -0.0379307 2.23545e-05 0.0262244 0.00189231 -0.00797158 -0.0283433 0.000581673 -0.0872876 0.00591797
internal_weight=3497.74 131.366 97.813 59.7349 3366.37 1184.62 601.555 2181.75 522.897 583.062 1658.86 33.5535 38.0781 16.9781 16.5753
internal_count=31576 1445 701 455 30131 9944 4616 20187 3878 5328 16309 744 246 319 425
cat_boundaries=0 1
cat_threshold=30
is_linear=0
shrinkage=0.196372


Tree=165
num_leaves=15
num_cat=0
split_feature=17 5 22 5 39 24 26 35 39 20 5 15 5 36
split_gain=10.0284 9.3385 8.37083 18.0773 13.0992 12.2683 10.3096 10.0823 8.50194 6.51163 9.50679 5.20666 2.80621 0.456631
threshold=2.0500000000000003 5.4850000000000012 20.500000000000004 6.6950000000000012 13.15 0.17500000000000002 33.500000000000007 4.1500000000000012 21.350000000000005 0.16500000000000004 7.7750000000000012 72.550000000000026 4.455000000000001 0.18500000000000003
decision_type=8 2 10 2 8 10 10 10 8 10 2 10 2 8
left_child=1 12 4 7 5 -2 -5 -4 -6 10 -3 -11 -1 -14
right_child=2 9 3 6 8 -7 -8 -9 -10 11 -12 -13 13 -15
leaf_value=0 0.049299348729057058 0.08706858847567342 0.095660213732313232 -0.0033482073828802056 -0.036598947043027456 -0.022246299459959786 -0.098666731693301105 0.020704982772259635 0 -0.12478201815212428 0 0.014965470114175259 -0.22211553966169226 0
leaf_weight=6.1515693880864992 201.74052608507918 144.4032970255721 100.16718729402055 1201.574235076725 838.43805209964194 160.48007722524744 45.943516212049872 305.26724346831907 380.06965948986999 13.265854906960156 69.069241901641362 28.553624227875844 5.9152705004016726 2.8021812294282435
leaf_count=462 2255 1186 953 8764 7997 3403 287 2198 2677 211 601 297 175 110
internal_value=-0.00222631 0.0338826 -0.00538239 0.00417704 -0.0156587 0.0163817 -0.00723053 0.0403582 -0.0255487 0.0439757 0.0584372 -0.0192031 -0.108157 -0.178546
internal_weight=3503.84 270.161 3233.68 1652.95 1580.73 362.221 1247.52 405.434 1218.51 255.292 213.473 41.8195 14.869 8.71745
internal_count=31576 3042 28534 12202 16332 5658 9051 3151 10674 2295 1787 508 747 285
is_linear=0
shrinkage=0.196372


Tree=166
num_leaves=16
num_cat=1
split_feature=7 10 3 15 13 38 27 31 10 10 37 0 22 16 15
split_gain=10.1385 22.1153 16.2293 15.2444 15.3793 13.4418 9.07293 9.00862 11.7596 11.9545 8.61774 14.3547 6.25683 5.38717 4.81857
threshold=158.50000000000003 34.45000000000001 0 64.15000000000002 0.18500000000000003 29.950000000000003 52.500000000000007 15.900000000000002 46.850000000000001 36.550000000000004 3.3500000000000001 6.8050000000000006 9.5000000000000018 0.15500000000000003 91.250000000000014
decision_type=8 10 9 10 10 10 10 8 10 10 8 2 8 10 10
left_child=1 3 6 4 -1 -4 -3 8 9 -2 11 -9 -12 -5 -10
right_child=7 2 5 13 -6 -7 -8 10 14 -11 12 -13 -14 -15 -16
leaf_value=0.081015928478169991 0.0056153409337358351 0.12567159415976686 0.035971389805556947 -0.2206612794730036 -0.065693920019396487 -0.15752014758854246 -0.0062655064354931794 0.033703980137684851 -0.089451669178345336 0.058973797950082264 0.074516444635382373 -0.024657420023288232 -0.021212116089417282 -0.044643011661802352 0
leaf_weight=57.010067591178085 714.94575588425505 131.08137014484964 95.621750562801026 17.396512664563488 51.523485205652833 15.767568845883941 16.287911698687822 368.82029388711089 57.396521373244468 218.80502925469773 24.68573389085941 283.62743897931068 1393.8331814423045 24.787392795842607 25.789146623574197
leaf_count=794 9895 773 661 111 1211 128 113 2965 406 1402 265 1796 10540 222 114
internal_value=0.000726246 0.0298533 0.0651915 -0.0278812 0.00729356 0.00435755 0.108092 -0.00299418 0.0119372 0.0186047 -0.010541 0.0076534 -0.0192224 -0.128442 -0.0574381
internal_weight=3497.38 409.476 258.759 150.717 108.534 111.389 147.369 3087.9 1016.94 933.751 2070.97 652.448 1418.52 42.1839 83.1857
internal_count=31396 4013 1675 2338 2005 789 886 27383 11817 11297 15566 4761 10805 333 520
cat_boundaries=0 1
cat_threshold=1
is_linear=0
shrinkage=0.196372


Tree=167
num_leaves=14
num_cat=1
split_feature=5 5 27 15 3 37 18 33 27 5 8 11 17
split_gain=6.8486 10.9273 9.07096 12.2439 10.0053 15.774 8.03651 6.71299 5.79325 6.97113 6.25893 5.55118 2.26581
threshold=5.8850000000000007 5.9250000000000007 34.550000000000004 68.100000000000009 0 3.3500000000000001 20.500000000000004 3.0500000000000003 14.900000000000002 6.495000000000001 55.500000000000007 1.5000000000000002 3.2500000000000004
decision_type=2 2 10 10 9 8 10 10 8 2 8 10 10
left_child=2 12 4 11 7 -6 -5 -1 9 -3 -10 -4 -2
right_child=1 8 3 6 5 -7 -8 -9 10 -11 -12 -13 -14
leaf_value=-0.092936830413946958 0.020409293410870399 0.087288227863429074 0.016999145419885085 -0.087257663445590897 0.020911008544093203 -0.14867112215500763 0.026216063215998148 0.029222025767038497 0.0043065896956729095 0.011064602589113251 -0.018615339858952275 0.24565477781295653 0.2433302390348443
leaf_weight=23.944013222670037 8.6899739258224162 62.918114737080032 14.304544764105232 39.458381240488961 24.139974016870838 69.693309244724333 52.844249473651871 58.707913043235749 2283.9387044635878 250.68317279539406 574.20408330822829 10.871046340675091 8.6412784428684954
leaf_count=478 103 856 290 345 436 1300 425 1314 17196 3829 4664 105 55
internal_value=0.000711409 0.00347981 -0.0277932 0.0114073 -0.0563827 -0.100373 -0.0175812 -0.000954541 0.00248252 0.0278207 -0.000144136 0.134445 0.158457
internal_weight=3483.04 3189.08 293.963 117.478 176.485 93.8333 92.3026 82.6519 3171.74 313.601 2858.14 25.1756 17.3313
internal_count=31396 26703 4693 1165 3528 1736 770 1792 26545 4685 21860 395 158
cat_boundaries=0 1
cat_threshold=1
is_linear=0
shrinkage=0.196372


Tree=168
num_leaves=15
num_cat=3
split_feature=35 39 4 16 15 4 29 4 18 0 18 34 29 7
split_gain=11.2484 16.7794 11.7554 9.8837 8.91336 8.71055 8.22411 10.403 9.9447 7.75703 7.43098 6.47903 6.20059 4.96725
threshold=17.750000000000004 23.550000000000004 0 0.22500000000000003 88.550000000000011 1 2.2500000000000004 2 26.500000000000004 6.8250000000000011 24.500000000000004 21.500000000000004 3.2500000000000004 156.50000000000003
decision_type=8 10 9 10 10 9 10 9 10 2 8 10 10 10
left_child=3 2 12 6 5 -3 8 -8 -1 -6 -4 13 -2 -5
right_child=1 4 10 11 9 -7 7 -9 -10 -11 -12 -13 -14 -15
leaf_value=-0.012206010344254836 -0.01978245085090646 0.078752120946679827 -0.074714346702100323 0 0 -0.0018497537635256038 -0.0083898979504838222 0.018627857617580679 -0.15546795191043661 -0.15638131704568548 0 -0.053694111611241623 0.059886431197674589 0.1511969120329506
leaf_weight=156.43464878160739 114.26931240933482 103.9261242733337 274.83141477574827 5.9636089603191058 30.935602499870583 84.046385551104322 778.03771069854884 1705.6030410934218 22.811318537453189 16.421304913237691 74.460560249319315 5.5900074567034599 54.499805647239555 38.520126176133999
leaf_count=1765 870 736 2250 176 231 662 6579 15537 127 101 760 158 460 897
internal_value=0.00275963 -0.0182752 -0.038358 0.00876563 0.0240453 0.0444786 0.0069563 0.0100266 -0.0330733 -0.047563 -0.0581124 0.0957216 0.00317175 0.124597
internal_weight=3466.35 753.391 518.061 2712.96 235.329 187.973 2662.89 2483.64 179.246 47.3569 349.292 50.0737 168.769 44.4837
internal_count=31309 6070 4340 25239 1730 1398 24008 22116 1892 332 3010 1231 1330 1073
cat_boundaries=0 1 2 3
cat_threshold=52 41 176
is_linear=0
shrinkage=0.196372


Tree=169
num_leaves=13
num_cat=0
split_feature=7 24 35 22 23 15 20 27 33 26 16 19
split_gain=9.49177 11.7744 7.93475 10.597 10.9808 9.58417 7.78781 7.5998 9.03493 7.28856 2.4172 1.98363
threshold=157.50000000000003 0.12500000000000003 16.150000000000002 13.500000000000002 12.250000000000002 46.800000000000004 0.19500000000000003 69.800000000000011 2.2500000000000004 25.500000000000004 0.13500000000000004 38.550000000000004
decision_type=8 10 10 8 10 8 10 10 10 10 8 10
left_child=1 10 3 4 -2 -5 9 8 -4 -3 -1 -8
right_child=2 6 7 5 -6 -7 11 -9 -10 -11 -12 -13
leaf_value=-0.19909764312625275 0.040773836992588276 0.070211124317289264 0.10197216639201344 0.052355673539233601 -0.05992198478494485 0.0054767218529179571 0 -0.19489927509586008 -0.018513393723908179 -0.020150992448338765 0 -0.076427275763868346
leaf_weight=8.6223948251208604 49.73778430530183 231.54210398082796 23.599852246465161 188.88571323086217 170.17895075841807 1919.1912747002125 37.756943819709704 9.356580308871342 780.35847558258683 31.839287485228851 4.3338067362492447 16.144131471868604
leaf_count=222 2016 1691 297 3312 1992 14112 724 72 6382 223 72 194
internal_value=0.00294798 0.0346178 -0.000242155 0.00544748 -0.0351136 0.00989255 0.0432222 -0.0170709 -0.0143986 0.0575956 -0.13969 -0.0187569
internal_weight=3471.55 330.239 3141.31 2327.99 219.917 2108.08 317.282 813.315 803.958 263.381 12.9562 53.9011
internal_count=31309 3126 28183 21432 4008 17424 2832 6751 6679 1914 294 918
is_linear=0
shrinkage=0.196372


Tree=170
num_leaves=14
num_cat=0
split_feature=34 21 17 0 19 38 15 7 0 0 32 19 15
split_gain=7.37789 17.1883 9.56828 9.56598 9.22266 8.27661 12.0982 7.45917 9.3348 7.05142 6.79382 5.73022 4.91619
threshold=21.500000000000004 4.2500000000000009 2.0500000000000003 6.7950000000000008 27.450000000000006 23.750000000000004 87.350000000000009 168.50000000000003 6.705000000000001 6.8550000000000013 0.14500000000000005 7.7500000000000009 43.20000000000001
decision_type=10 10 10 2 8 10 10 10 2 2 10 10 10
left_child=4 2 3 -2 7 6 -6 8 -1 -7 -4 -9 -3
right_child=1 12 10 -5 5 9 -8 11 -10 -11 -12 -13 -14
leaf_value=0.032619129876386446 0.098768134948932537 0 0 -0.048714080557294002 0.010900637660736227 -0.015000495651347496 0.071373203160130988 -0.054517773243351927 -0.049985708691263675 0.025339409457276089 -0.055371024187112851 0.056293322419968442 0.15021102910159015
leaf_weight=56.911730281659402 39.759377198817674 8.8566938995281799 98.803167617123108 24.836172834395256 1385.4011752055003 767.72029494529124 145.28369493637001 20.65176846236136 303.16468455472204 207.89132651675027 345.65580294499523 68.212469153906568 26.402633259844151
leaf_count=1130 815 155 538 657 12383 5315 760 262 4668 1180 2392 973 165
internal_value=-0.000659883 -0.0217677 -0.0316432 0.0352373 0.00307891 0.00785408 0.0169394 -0.022582 -0.0356857 -0.00594588 -0.0423739 0.0254882 0.107632
internal_weight=3499.55 544.314 509.055 64.5956 2955.24 2506.3 1530.68 448.941 360.076 975.612 444.459 88.8642 35.2593
internal_count=31393 4722 4402 1472 26671 19638 13143 7033 5798 6495 2930 1235 320
is_linear=0
shrinkage=0.196372


Tree=171
num_leaves=14
num_cat=1
split_feature=37 37 27 27 15 35 5 25 5 13 9 29 4
split_gain=9.56998 14.7362 11.0922 11.5465 11.3223 10.0655 7.18746 6.10005 4.73165 9.56517 4.49093 5.94511 5.03221
threshold=2.2500000000000004 2.5500000000000003 60.300000000000004 56.150000000000006 89.850000000000009 13.550000000000002 7.1550000000000011 2.9500000000000006 7.9350000000000014 0.14500000000000005 6.2150000000000007 2.5500000000000003 0
decision_type=8 8 10 10 10 10 2 10 2 10 10 10 9
left_child=8 5 3 -3 -4 7 -7 -2 10 -10 11 -1 -12
right_child=1 2 4 -5 -6 6 -8 -9 9 -11 12 -13 -14
leaf_value=0.14249151074065564 0.17341270313347185 -0.00087888322970950642 0.11091878000071227 -0.083504190147840981 -0.068471641782237982 -0.076756805235174544 0.067008610656433681 0 -0.19661174917774676 0 0.009923123299720631 -0.016772221724131363 -0.10294263989527934
leaf_weight=11.464728077931793 39.421459709075862 3129.7924889004762 62.896568558324361 66.761551712756045 13.888285609660668 19.796677332895342 36.074371921829879 9.474828828009775 22.459415790683124 16.254953220952302 19.906314305029809 26.707898629596457 26.365232930984348
leaf_count=101 304 28613 411 401 129 152 258 138 99 150 131 338 168
internal_value=-0.00048614 0.00134756 -0.000840984 -0.00274884 0.0726063 0.0738206 0.00805384 0.139569 -0.0542983 -0.114182 -0.021383 0.0200117 -0.0650211
internal_weight=3501.26 3378.11 3273.34 3196.55 76.7849 104.767 55.871 48.8963 123.159 38.7144 84.4442 38.1726 46.2715
internal_count=31393 30406 29554 29014 540 852 410 442 987 249 738 439 299
cat_boundaries=0 1
cat_threshold=11
is_linear=0
shrinkage=0.196372


Tree=172
num_leaves=15
num_cat=1
split_feature=31 35 5 35 24 0 25 27 5 18 29 25 4 0
split_gain=10.2011 11.5932 12.6095 11.7883 8.84295 7.83087 5.18389 11.6731 9.10601 7.01431 12.0793 7.80832 4.36603 1.02572
threshold=42.350000000000001 16.450000000000003 7.1150000000000011 19.150000000000002 0.16500000000000004 6.8250000000000011 3.7500000000000004 6.1000000000000005 7.3250000000000011 10.500000000000002 4.1500000000000012 3.4500000000000006 0 6.6650000000000009
decision_type=8 10 2 10 10 2 10 10 2 10 10 10 9 2
left_child=6 2 5 -3 -5 -2 9 13 -9 10 -1 -11 -4 -8
right_child=1 3 12 4 -6 -7 7 8 -10 11 -12 -13 -14 -15
leaf_value=0.087259132441987949 0.14919019956407878 -0.24978701185363186 0 0.0090237721266939672 -0.12720593342830708 -0.018680913593395153 0 0.0070960395714982846 0.067506501066706859 0.0063293552289351608 -0.13732457903804232 -0.023626559654384489 -0.087210255218421517 -0.10799271765411693
leaf_weight=78.038335892997566 28.066506802536423 16.577519909944385 42.629565555776935 33.615114188578445 29.895757018239237 10.3670251063304 2.6800118864775895 230.55218599836371 191.86585309371003 2360.5824324672285 8.9129751252585248 388.22067616214918 32.324506996281343 23.706262907995551
leaf_count=1813 218 102 288 350 232 85 85 2808 2040 18057 294 3966 258 754
internal_value=0.00443354 -0.0390103 0 -0.0961148 -0.0483421 0.0925633 0.0071301 0.0269049 0.0356056 0.00384208 0.0588675 0.00193559 -0.0454318 -0.0948689
internal_weight=3478.03 193.476 113.388 80.0884 63.5109 38.4335 3284.56 448.804 422.418 2835.75 86.9513 2748.8 74.9541 26.3863
internal_count=31350 1533 849 684 582 303 29817 5687 4848 24130 2107 22023 546 839
cat_boundaries=0 1
cat_threshold=41
is_linear=0
shrinkage=0.196372


Tree=173
num_leaves=16
num_cat=1
split_feature=5 40 40 29 27 4 0 15 17 20 5 29 33 35 40
split_gain=7.69623 9.29775 15.452 12.6991 12.174 12.4303 11.9594 7.73388 12.6984 12.7492 7.71238 26.0852 12.278 7.46615 7.18363
threshold=6.8350000000000009 18.450000000000003 17.050000000000004 3.3500000000000001 11.300000000000002 0 6.7350000000000012 85.100000000000009 2.5500000000000003 0.13500000000000004 6.7550000000000008 2.8500000000000001 3.0500000000000003 5.2000000000000002 14.250000000000002
decision_type=2 10 8 10 10 9 2 10 10 10 2 10 8 10 10
left_child=7 2 3 -2 13 -6 -4 10 9 -9 12 -12 -1 -3 -10
right_child=1 4 6 -5 5 -7 -8 8 14 -11 11 -13 -14 -15 -16
leaf_value=-0.030229291020276723 0.014724210299956247 0 0.010457373183935994 -0.030409083512712244 -0.014193511450904105 0.030467043150968563 -0.072561709656758608 0.13910804243003538 0 -0.033700245685074633 0.21634132115616556 -0.0064563858940300325 0.020675963852571998 0.14990706950071422 0.12517587517189258
leaf_weight=268.02345636105747 713.26961675717757 16.795675408066018 81.195702316395909 362.08615894943432 476.02076149499044 454.29742873113719 235.05912958802946 20.529859496629797 24.039981960282603 79.286516781110549 29.276632989305654 53.479294064760325 559.82510345804076 38.900165860773996 86.202677552355453
leaf_count=2715 5884 330 864 3697 3631 3486 1694 120 149 441 181 507 6870 317 464
internal_value=0.00495278 -0.00119645 -0.0117026 -6.28887e-05 0.0131805 0.007315 -0.0498514 0.018393 0.0528505 0 0.00994645 0.06736 0.00365519 0.102816 0.0987456
internal_weight=3498.29 2377.62 1391.61 1075.36 986.014 930.318 316.255 1120.66 210.059 99.8164 910.604 82.7559 827.849 55.6958 110.243
internal_count=31350 19903 12139 9581 7764 7117 2558 11447 1174 561 10273 688 9585 647 613
cat_boundaries=0 1
cat_threshold=77
is_linear=0
shrinkage=0.196372


Tree=174
num_leaves=13
num_cat=0
split_feature=20 29 26 26 23 27 38 0 17 13 0 34
split_gain=5.2372 11.1649 8.88068 11.9416 7.08005 6.40789 9.35246 6.94478 6.68141 3.83506 5.0533 2.45355
threshold=0.16500000000000004 2.0500000000000003 23.500000000000004 14.500000000000002 31.150000000000002 11.900000000000002 10.65 6.705000000000001 3.1500000000000008 0.16500000000000004 6.8150000000000004 18.500000000000004
decision_type=10 10 10 10 10 8 10 2 10 10 2 10
left_child=5 -2 3 -3 -4 9 7 -7 -8 10 -1 -11
right_child=1 2 4 -5 -6 6 8 -9 -10 11 -12 -13
leaf_value=0.13908932089389958 -0.14718318835344343 0.03520594386846071 -0.0050501443611183725 -0.0086753343160574925 0.047926222353856913 0.037034655052630872 0 -0.097634657701477751 -0.035091879753749625 -0.039773123857091829 0 0.055377972747539098
leaf_weight=26.238433893500769 16.996633971255505 314.56122503383813 115.07496702874778 980.83180744416313 346.77063756901771 12.911678533141638 1311.7481774947373 74.323836189162648 252.08805166039383 25.707959869017941 26.07934973466763 17.271640694569214
leaf_count=302 214 4650 1055 10296 2513 262 8049 1118 1564 256 254 839
internal_value=0.000941483 0.00856468 0.0103412 0.00164165 0.0337692 -0.00654922 -0.00962856 -0.0725833 -0.00582355 0.0420561 0.0776613 0
internal_weight=3520.6 1774.24 1757.24 1295.39 461.846 1746.37 1651.07 87.2355 1563.84 95.2974 52.3178 42.9796
internal_count=31372 18728 18514 14946 3568 12644 10993 1380 9613 1651 556 1095
is_linear=0
shrinkage=0.196372


Tree=175
num_leaves=16
num_cat=0
split_feature=15 38 9 11 38 5 24 37 37 31 40 17 5 35 24
split_gain=7.75439 9.24921 6.31926 11.5328 10.7111 5.91056 5.79173 7.59299 6.83799 6.53865 5.22578 4.34196 4.15031 3.88631 0.675117
threshold=64.15000000000002 10.750000000000002 6.8550000000000013 2.5000000000000004 29.750000000000004 7.4250000000000007 0.17500000000000002 2.6500000000000008 2.3500000000000001 28.350000000000005 12.350000000000003 3.6500000000000008 7.9750000000000005 7.0500000000000007 0.16500000000000004
decision_type=8 8 10 8 8 2 10 10 10 10 10 10 2 10 10
left_child=6 5 3 -3 -4 13 9 8 -8 12 -9 -11 -1 -2 -7
right_child=1 2 4 -5 -6 14 7 10 -10 11 -12 -13 -14 -15 -16
leaf_value=0.04752999992857046 -0.14190325341993168 0.007559719480471884 0.064500757766178141 -0.021108307320146028 -0.00035269191296649047 -0.016911723915438683 0 -0.060194964408555283 0.21583589125132735 0 0.0020587027009281553 -0.1435428932925423 -0.0094733788630905428 -0.025992799957706789 0.037617407774541936
leaf_weight=377.8634858023288 36.873947850457625 1117.5299303591601 140.74843390076421 1024.4899848385321 280.44298331340542 9.1346814987482521 10.297774992097404 59.908452019813922 11.356706383347044 42.391689244046574 306.79223981839459 9.9725932725705189 42.140213521866826 32.248024075233843 16.308429522425286
leaf_count=4869 476 7592 723 6340 2000 121 181 1477 128 534 5361 93 831 356 290
internal_value=0.00124482 -0.00386522 -0.00146011 -0.00594514 0.0202869 -0.0642231 0.0175367 0 0.112184 0.0321381 -0.00693028 -0.0283936 0.0407521 -0.0944743 0.000753087
internal_weight=3518.5 2657.78 2563.21 2142.02 421.191 94.5651 860.723 388.355 21.6545 472.368 366.701 52.3643 420.004 69.122 25.4431
internal_count=31372 17898 16655 13932 2723 1243 13474 7147 309 6327 6838 627 5700 832 411
is_linear=0
shrinkage=0.196372


Tree=176
num_leaves=10
num_cat=0
split_feature=18 30 38 38 29 5 9 29 5
split_gain=10.4681 11.0169 8.14253 7.7986 6.6154 4.16938 3.49155 1.98549 1.19996
threshold=37.500000000000007 4.5000000000000009 38.150000000000013 37.250000000000007 2.2500000000000004 7.5250000000000012 7.4250000000000007 3.5500000000000003 7.2150000000000007
decision_type=10 10 10 8 10 2 10 10 2
left_child=2 7 3 4 -1 -4 -7 -2 -9
right_child=1 -3 5 -5 -6 6 -8 8 -10
leaf_value=0.032198355716378399 -0.048904403880001938 0.15476668452021636 0 -0.12066639097262127 -0.00428017761450083 0.20601235915325805 0.038079361770766207 0 0.08641292794875545
leaf_weight=202.26596955601417 17.263740640832111 34.009826798574068 12.311785996134857 21.446299265009657 3179.0488546168854 12.950895555084569 21.855964113725349 7.3261035890900557 10.642873696051536
leaf_count=2221 148 154 142 138 28284 62 182 107 88
internal_value=0 0.0753988 -0.00159995 -0.00285093 -0.0019649 0.078971 0.114107 0 0.0437345
internal_weight=3519.12 69.2425 3449.88 3402.76 3381.31 47.1186 34.8069 35.2327 17.969
internal_count=31526 497 31029 30643 30505 386 244 343 195
is_linear=0
shrinkage=0.196372


Tree=177
num_leaves=15
num_cat=0
split_feature=34 22 10 19 38 14 21 9 19 21 40 19 0 21
split_gain=6.12164 13.4282 11.4391 14.6484 12.3057 6.41523 9.34814 7.40424 12.8111 9.18047 5.46083 3.78817 5.80146 3.0366
threshold=13.500000000000002 28.500000000000004 36.150000000000013 56.600000000000009 14.65 33.500000000000007 2.6500000000000008 5.8550000000000013 54.900000000000006 2.9500000000000006 15.850000000000003 57.800000000000004 6.8150000000000004 2.7500000000000004
decision_type=8 10 10 10 10 10 10 8 10 8 10 10 2 10
left_child=1 2 4 -4 -1 7 -7 8 -2 -9 -8 13 -13 -3
right_child=5 11 3 -5 -6 6 10 9 -10 -11 -12 12 -14 -15
leaf_value=0.01415522116521596 -0.004459204063208046 0 0.060739274460829849 -0.0046893468565271674 -0.067289306950739772 -0.070007039793383685 0.10315149608032652 0.0052934320141570807 0.074876282558043156 -0.03595598585959181 0.013460466013448451 0.081074248234380766 -0.056728037116957869 -0.079647136836883625
leaf_weight=292.28510297068351 1251.1573728513285 15.189384475583209 378.39690210035769 184.06830406165682 93.320530105556827 25.131210833322257 55.433425232768059 286.34710777364671 83.475174126797356 622.68277067423696 75.737085971748456 20.52449093235191 26.955758617259562 83.261642236378975
leaf_count=5001 13438 117 2714 1428 816 117 265 1975 758 3521 502 181 115 578
internal_value=-0.000292465 0.0117453 0.0206003 0.0385447 -0.00443026 -0.00596534 0.0318694 -0.00880168 0.000181246 -0.0224757 0.0548488 -0.0426908 0 -0.0646543
internal_weight=3493.97 1094 948.071 562.465 385.606 2399.96 156.302 2243.66 1334.63 909.03 131.171 145.931 47.4802 98.451
internal_count=31526 10950 9959 4142 5817 20576 884 19692 14196 5496 767 991 296 695
is_linear=0
shrinkage=0.196372


Tree=178
num_leaves=10
num_cat=0
split_feature=40 40 28 40 7 32 40 22 37
split_gain=6.59518 5.42934 14.6529 15.8747 8.38373 7.48288 9.049 5.82827 0.239166
threshold=29.250000000000004 16.350000000000005 0.20500000000000004 16.550000000000004 165.50000000000003 0.19500000000000003 14.15 19.500000000000004 4.2500000000000009
decision_type=10 8 8 10 10 10 10 10 10
left_child=1 5 3 -3 -4 7 -7 -1 -2
right_child=8 2 4 -5 -6 6 -8 -9 -10
leaf_value=-0.016147033554617309 -0.011631370431436127 0.089250418074871621 0.021731051100500661 0.00028891663723340857 0.12250672450182618 0 -0.084030639236019736 0.011644710093694317 -0.13934189355143084
leaf_weight=517.97680069171838 10.088399185682649 80.98613572656177 88.392772307842279 1866.3766823763872 65.423762955681013 110.88838808247419 98.761070094726165 661.19060761979199 12.626089821103958
leaf_count=6059 106 543 1382 14597 664 2289 1039 4849 70
internal_value=0.00188139 0.00269489 0.00908177 0.00422586 0.0675864 -0.00664823 -0.040833 -0.000187663 -0.102618
internal_weight=3512.71 3490 2101.18 1947.36 153.817 1388.82 209.649 1179.17 22.7145
internal_count=31598 31422 17186 15140 2046 14236 3328 10908 176
is_linear=0
shrinkage=0.196372


Tree=179
num_leaves=16
num_cat=0
split_feature=0 19 11 40 39 37 38 31 40 13 31 2 34 37 38
split_gain=6.5553 5.69121 12.1629 11.2763 8.20386 6.70981 7.55542 7.21184 4.33002 4.18423 4.2757 1.56755 3.28412 3.16743 0.51281
threshold=6.6350000000000007 38.550000000000004 1.5000000000000002 15.15 12.550000000000002 3.6500000000000008 26.450000000000003 3.6500000000000008 17.950000000000003 0.18500000000000003 28.350000000000005 3.5000000000000004 18.500000000000004 4.2500000000000009 12.750000000000002
decision_type=2 8 10 10 10 10 10 10 10 10 10 2 10 10 10
left_child=8 2 4 -4 -2 6 -3 -7 9 10 -1 12 -10 -13 -11
right_child=1 5 3 -5 -6 7 -8 -9 11 14 -12 13 -14 -15 -16
leaf_value=0.14030269161814318 -0.025115088130514104 0.031144292522313637 0.031905838413570593 -0.063008104907977744 0.01401115794588683 -0.11311864500505844 -0.0031438224750649519 -0.0019416072271488324 0.10332458344417313 0.022756754105820825 0 -0.089202453491452741 -0.028339691640453354 0.036872515592821564 -0.04447317937925923
leaf_weight=37.679608769452898 323.08567064560521 596.97315053835337 52.620621039706748 255.31305095140124 572.50750493137457 23.049332128546666 386.43444965447998 1173.644712613459 14.26774657238275 9.2349289538833563 13.140731904204584 17.168653294938853 6.9410366537049404 7.6077571765636085 7.3143902340671039
leaf_count=441 6492 4338 443 1795 6185 274 2550 7753 224 306 207 259 103 129 99
internal_value=0.000695399 -0.000733079 -0.0116849 -0.0453372 0 0.00510978 0.0172214 -0.00447349 0.0471675 0.0787996 0.1067 0 0.0396489 -0.032735 0
internal_weight=3496.98 3383.63 1203.53 307.934 895.593 2180.1 983.408 1196.69 113.355 67.3697 50.8203 45.9852 21.2088 24.7764 16.5493
internal_count=31598 29830 14915 2238 12677 14915 6888 8027 1768 1053 648 715 327 388 405
is_linear=0
shrinkage=0.196372


Tree=180
num_leaves=16
num_cat=1
split_feature=38 34 5 18 30 33 15 0 17 27 8 27 4 33 24
split_gain=19.8939 18.6683 20.8972 20.6762 29.2173 15.5831 22.5769 33.8537 15.3746 14.9586 14.7447 12.5864 12.466 15.4752 12.4043
threshold=29.750000000000004 16.500000000000004 6.7150000000000007 27.500000000000004 26.500000000000004 2.7500000000000004 91.500000000000014 6.9050000000000011 3.0500000000000003 18.000000000000004 57.500000000000007 9.6000000000000014 0 2.3500000000000001 0.14500000000000005
decision_type=10 10 2 10 10 10 10 2 10 10 10 10 9 10 10
left_child=1 2 10 11 -5 12 7 -7 -8 -4 -1 -3 13 -2 -14
right_child=5 3 9 4 -6 6 8 -9 -10 -11 -12 -13 14 -15 -16
leaf_value=0.02639042003460338 -0.16279128344780905 -0.08940939585483744 -0.057305826028118782 -0.040322480431987065 -0.28983988801275351 -0.049181261330725548 0.03205910488121707 0.18659199983572999 0.22050631866677795 0.00056923789216722974 0.14644032551861325 -0.013821695766552126 0.14440870226938188 0.064020852601024067 0.013218082101269421
leaf_weight=472.88260080095142 18.266921539558098 92.686746092635076 206.91894358476839 74.221907433820888 26.554061346687376 235.56719269361929 71.688919550855644 25.377649216447026 25.304101009853184 937.20043221233936 45.615215772115334 1592.5392599329389 102.65320084046107 28.59845820767805 48.953347116708755
leaf_count=5443 92 1969 3196 499 69 1629 371 111 74 8405 643 12175 608 135 468
internal_value=-0.0041038 -0.00976083 0.00499378 -0.0237437 -0.110934 0.0301511 0.0043388 -0.0244194 0.0861616 -0.0095183 0.0378631 -0.0182531 0.0744138 -0.012607 0.0985577
internal_weight=4005.03 3448.62 1662.62 1786 100.776 556.41 357.938 260.945 96.993 1144.12 518.498 1685.23 198.472 46.8654 151.607
internal_count=35887 32399 17687 14712 568 3488 2185 1740 445 11601 6086 14144 1303 227 1076
cat_boundaries=0 1
cat_threshold=148
is_linear=0
shrinkage=0.196372


Tree=181
num_leaves=16
num_cat=2
split_feature=37 16 0 24 23 27 4 4 28 7 27 34 37 5 25
split_gain=17.6428 22.4324 14.5749 13.4143 13.3801 19.2736 12.5505 11.3296 11.2771 14.1326 9.54902 8.59206 7.79609 7.12043 7.01681
threshold=4.6500000000000012 0.17500000000000002 6.9250000000000007 0.18500000000000003 41.250000000000007 38.45000000000001 0 1 0.095000000000000015 169.50000000000003 31.100000000000005 16.500000000000004 5.0500000000000007 7.4850000000000012 4.3500000000000005
decision_type=10 10 2 10 10 10 9 9 8 10 10 10 10 2 10
left_child=2 3 8 6 5 -4 -2 -6 11 -10 -5 -1 13 -3 -14
right_child=1 12 4 10 7 -7 -8 -9 9 -11 -12 -13 14 -15 -16
leaf_value=0.21057148089618169 -0.010102877362836483 -0.059093253711144968 -0.050806493648109102 0.048364197522797914 0.013106895016292922 0.13215507715573199 -0.10758336402015821 -0.14156702375145111 0.010003853409576107 -0.027679958717679538 -0.098339001649151381 0 0.088343823569958513 0.055858376930492809 -0.048065080799974916
leaf_weight=18.052753133873924 96.773307384428335 59.61512226171908 89.215500354894175 60.644168735743733 23.662410728051327 29.150838045519777 203.27032873332064 60.70789299136959 2678.7342487258825 443.84109919791445 23.195244818169158 12.831664105091475 75.645996892933908 28.715417617533603 13.307071675819314
leaf_count=73 609 979 1005 713 161 218 1474 317 24222 3575 191 539 958 502 351
internal_value=-0.00285059 -0.0351247 0.00241531 -0.0620953 -0.0483617 -0.00184796 -0.0815705 -0.108201 0.00582359 0.0045038 0.00234916 0.124047 0.020779 -0.0166645 0.0628922
internal_weight=3917.36 561.167 3356.2 383.883 202.737 118.366 300.044 84.3703 3153.46 3122.58 83.8394 30.8844 177.284 88.3305 88.9531
internal_count=35887 5777 30110 2987 1701 1223 2083 478 28409 27797 904 612 2790 1481 1309
cat_boundaries=0 1 2
cat_threshold=10 162
is_linear=0
shrinkage=0.196372


Tree=182
num_leaves=16
num_cat=0
split_feature=38 36 27 27 15 15 7 22 34 32 35 28 28 15 34
split_gain=12.6344 12.2909 18.2797 17.1715 24.8296 17.983 9.47305 6.12853 5.89538 5.55697 5.38858 5.36352 3.24468 2.96316 1.18217
threshold=6.2500000000000009 0.13500000000000004 37.050000000000004 36.900000000000006 73.40000000000002 80.65000000000002 169.50000000000003 13.500000000000002 12.500000000000002 0.21500000000000002 8.2500000000000018 0.14500000000000005 0.16500000000000004 39.250000000000007 12.500000000000002
decision_type=8 8 10 10 10 10 10 10 10 10 10 10 10 10 10
left_child=7 2 6 4 -3 -5 -2 10 12 -10 13 -4 -9 -1 -12
right_child=1 3 11 5 -6 -7 -8 8 9 -11 14 -13 -14 -15 -16
leaf_value=-0.064781273398362274 -0.0045397458118945971 0.017487060800501306 -0.049376661885170085 -0.0021130739886916034 -0.024528824890577221 0.043911586513821134 0.14565889359225342 -0.10838031356129189 -0.12233311273271731 0 0 -0.13802794582673542 0.031035218681482131 0.032878154145750071 0.14674984302037369
leaf_weight=34.221478522830694 139.97340128888027 985.70811008783176 103.42883575783344 569.61844139342429 1192.0586716106627 717.43753587402171 17.549008249479812 8.4409071578556887 77.052696558232128 10.702081300445569 2.8212453132800865 54.222106307104696 24.185717047061189 11.467960993821178 9.5650686137450958
leaf_count=2195 995 11393 720 5152 6978 4313 162 153 1491 368 131 380 844 349 291
internal_value=-0.000633524 0.00166461 -0.0352719 0.00515458 -0.00530773 0.0232003 0.00955035 -0.0517413 -0.0769817 -0.103482 0 -0.0828235 0 -0.0305565 0.114427
internal_weight=3958.45 3780 315.173 3464.82 2177.77 1287.06 157.522 178.457 120.381 87.7548 58.0758 157.651 32.6266 45.6894 12.3863
internal_count=35915 30093 2257 27836 18371 9465 1157 5822 2856 1859 2966 1100 997 2544 422
is_linear=0
shrinkage=0.196372


Tree=183
num_leaves=12
num_cat=1
split_feature=29 39 19 30 5 37 15 26 0 3 14
split_gain=15.508 12.0686 11.498 17.0356 16.885 8.64987 8.77443 7.09679 4.99412 3.30565 0.922901
threshold=4.6500000000000012 29.250000000000004 40.95000000000001 15.500000000000002 7.955000000000001 4.3500000000000005 68.500000000000014 18.500000000000004 6.7550000000000008 0 11.500000000000002
decision_type=10 10 10 8 2 10 10 10 2 9 10
left_child=1 2 3 -1 -4 8 10 -3 -2 -9 -7
right_child=5 7 4 -5 -6 6 -8 9 -10 -11 -12
leaf_value=0.027832599688862467 -0.11039071441967147 -0.24563912287671724 0.021045141541475482 -0.021476307363850197 -0.01841235253186568 0 -0.26151177136119164 -0.11592464179591389 0.097724504953129857 0 -0.068694238629162935
leaf_weight=340.36922630582103 6.934640110168405 11.092271868023088 1720.4687197961612 1221.4415353889599 540.92476706109301 5.0072489036965662 17.446500245830975 12.278255159268156 10.837535542445037 18.307395841111429 19.640141855736147
leaf_count=5542 125 66 11181 13406 4448 310 84 114 193 155 291
internal_value=-0.000321184 0.00110414 0.0023662 -0.0104437 0.0114097 -0.099411 -0.14805 -0.103497 0 -0.0362012 -0.0483391
internal_weight=3924.75 3864.88 3823.2 1561.81 2261.39 59.8661 42.0939 41.6779 17.7722 30.5857 24.6474
internal_count=35915 34912 34577 18948 15629 1003 685 335 318 269 601
cat_boundaries=0 1
cat_threshold=2
is_linear=0
shrinkage=0.196372


Tree=184
num_leaves=16
num_cat=0
split_feature=35 5 0 27 27 0 9 14 0 27 28 5 16 5 9
split_gain=12.7945 18.2639 12.7508 19.2846 15.0122 9.42173 12.2559 10.8469 9.51383 14.2551 12.7314 9.18025 6.29641 3.28123 1.82399
threshold=18.050000000000001 4.0550000000000006 6.9150000000000009 52.750000000000007 48.550000000000004 6.745000000000001 7.1850000000000014 24.500000000000004 6.7750000000000012 34.850000000000001 0.13500000000000004 1.0000000180025095e-35 0.12500000000000003 7.6450000000000005 5.245000000000001
decision_type=10 2 2 8 10 2 10 10 2 10 10 2 8 2 8
left_child=1 11 3 -3 -4 6 7 -2 9 -7 -10 14 -13 -8 -1
right_child=5 2 4 -5 -6 8 13 -9 10 -11 -12 12 -14 -15 -16
leaf_value=-0.06930946663537832 0.0092479475648735415 0.0026402152804852887 -0.066852874689465255 -0.068929396093195081 0.077848014436761481 -0.0057423428921639054 0 -0.093197899473760268 -0.060786847877603446 0.13717262902292809 0.032753970135295379 0 -0.21961906840438025 0.15329490562088458 0.079845601009096559
leaf_weight=5.3182047096561265 68.714825328584993 2673.7006994415615 216.20456086040576 153.08171075606833 28.82377796410583 33.694142466440098 5.9318835853482623 76.222584266302874 61.343990055524046 72.270500087062828 440.04247254575603 3.3231776385891889 28.28139955244842 16.965703202295117 6.6561247424106122
leaf_count=460 1080 24505 1973 1119 124 350 119 979 503 512 3034 337 578 174 223
internal_value=-0.00119113 -0.00691649 -0.00497077 -0.00108334 -0.0479682 0.0212414 -0.0182536 -0.0416262 0.0328889 0.0876258 0.0204034 -0.133243 -0.188581 0.109505 0
internal_weight=3890.58 3115.39 3071.81 2826.78 245.028 775.186 167.835 144.937 607.351 105.965 501.386 43.5789 31.6046 22.8976 11.9743
internal_count=36070 29319 27721 25624 2097 6751 2352 2059 4399 862 3537 1598 915 293 683
is_linear=0
shrinkage=0.196372


Tree=185
num_leaves=16
num_cat=0
split_feature=38 32 28 27 10 8 34 32 23 35 38 19 5 23 2
split_gain=15.2399 21.8914 16.6596 21.3827 17.5433 16.0641 15.5825 14.2266 13.8398 16.1625 14.1622 12.0735 6.31839 6.21993 5.35556
threshold=24.350000000000005 0.12500000000000003 0.14500000000000005 45.350000000000009 36.550000000000004 58.500000000000007 14.500000000000002 0.18500000000000003 61.20000000000001 24.650000000000002 36.45000000000001 61.000000000000007 7.6250000000000009 52.100000000000009 2.5000000000000004
decision_type=10 10 8 10 10 10 10 10 10 10 10 10 2 10 2
left_child=2 6 5 4 -4 7 14 -1 10 -10 -3 -5 -7 -8 -2
right_child=1 8 3 11 -6 12 13 -9 9 -11 -12 -13 -14 -15 -16
leaf_value=-0.039277229515658568 0.058378931226651463 0.019917819110444435 -0.011112807784299969 -0.049565315307318135 0.026645736491512848 0.14381368694771096 0.17233118792659841 -0.15590072397124347 -0.10637393432040908 0.08084168610207261 -0.077428897055469639 -0.23394629415674342 -0.013633259918513227 0.023576587231502528 -0.051916617400291319
leaf_weight=426.48285838012998 39.586520931829 882.61509079835378 1312.5253331076433 133.01974491859437 739.26367942328216 23.170100475334038 65.516022064723074 48.542239226551828 78.515544808004051 20.092468000540975 60.00593626598129 17.493115654680878 8.9254505096760095 21.893910538870841 27.233057048579212
leaf_count=3545 259 5711 17477 1341 5146 246 249 430 505 240 414 95 91 110 211
internal_value=-0.00211542 0.0162075 -0.0103644 -0.00275763 0.00227662 -0.0425088 0.0854083 -0.052193 0.00551578 -0.0636422 0.013234 -0.0742377 0.0864811 0.140286 0.00678042
internal_weight=3904.88 1195.46 2709.42 2202.3 2051.79 507.121 154.23 475.025 1041.23 98.608 942.621 150.513 32.0956 87.4099 66.8196
internal_count=36070 7699 28371 24059 22623 4312 829 3975 6870 745 6125 1436 337 359 470
is_linear=0
shrinkage=0.196372


Tree=186
num_leaves=16
num_cat=1
split_feature=10 14 9 31 34 9 38 3 10 20 24 36 23 34 1
split_gain=15.2545 17.9504 18.1627 15.7121 15.2991 18.3977 13.7163 24.086 15.7077 13.237 21.0317 19.7649 12.9105 10.9061 5.76014
threshold=36.350000000000001 16.500000000000004 4.6550000000000011 19.100000000000005 21.500000000000004 6.7550000000000008 16.850000000000005 0 28.650000000000002 0.15500000000000003 0.13500000000000004 0.22500000000000003 36.900000000000006 16.500000000000004 1.5000000000000002
decision_type=10 10 10 10 10 10 10 9 10 10 10 10 10 10 2
left_child=1 6 3 -3 9 12 8 -8 -1 10 -2 -11 -6 -4 -7
right_child=4 2 13 -5 5 14 7 -9 -10 11 -12 -13 -14 -15 -16
leaf_value=-0.0037870037015087319 0.036055625736462024 0 -0.0092242666341714741 0.21413297003677328 0.0070090547730727462 0.013824115202094938 0.047615402242143619 -0.16582844156294446 0.056197304423561488 0.028306355598569435 -0.030456330497936421 -0.072420336654834314 0.094272447510276386 -0.072675983859641358 -0.09875755979638684
leaf_weight=617.0179503583704 246.83572687531705 85.169412824849132 170.52113380747323 15.739167578285558 109.76683904707897 22.024717681575567 31.606400250049774 46.472741646342911 225.70766225786065 950.27698598610004 674.71198825817555 79.274915531859733 218.39761125663063 364.22451345226727 36.687472342979163
leaf_count=12144 1371 925 1973 170 554 87 198 359 2107 7562 3857 782 1093 2680 219
internal_value=0.00184265 -0.0130835 -0.0385284 0.0352228 0.0119696 0.0477593 0.00400435 -0.0738591 0.0117619 0.00464108 -0.0121553 0.020106 0.0664594 -0.053284 -0.0490904
internal_weight=3894.44 1556.46 635.654 100.909 2337.98 386.877 920.805 78.0791 842.726 1951.1 921.548 1029.55 328.164 534.746 58.7122
internal_count=36081 20556 5748 1095 15525 1953 14808 557 14251 13572 5228 8344 1647 4653 306
cat_boundaries=0 1
cat_threshold=2
is_linear=0
shrinkage=0.196372


Tree=187
num_leaves=14
num_cat=0
split_feature=32 14 33 0 16 19 29 19 40 18 19 39 38
split_gain=12.7766 17.8859 13.8708 13.3407 9.4764 19.3433 18.1229 14.7605 9.96586 11.7709 9.77996 9.09612 2.54003
threshold=0.15500000000000003 41.500000000000007 3.5500000000000003 6.9150000000000009 0.16500000000000004 46.800000000000004 3.7500000000000004 42.150000000000013 24.650000000000002 25.500000000000004 39.350000000000001 20.750000000000004 37.350000000000001
decision_type=8 10 10 2 10 10 10 10 10 10 8 10 10
left_child=1 2 3 -1 8 7 -7 -6 10 -10 -2 -4 -3
right_child=4 12 11 -5 5 6 -8 -9 9 -11 -12 -13 -14
leaf_value=0.032260551019122105 -0.033651537843393454 -0.19005776878998387 -0.16347828368246736 -0.045565783690492863 0.0029272743601679043 0.013759163340269066 0.11486969440850471 -0.074195330229976666 -0.036980659997078259 -0.23945753635487374 0.00036791283519896053 0.00077420228142994932 -0.024748729329274664
leaf_weight=1161.6710563637826 484.59051332159106 16.057951046852398 24.599033319071168 86.918275777119561 598.77718864640156 217.79879640779109 108.60602516148356 111.80612086855399 63.161286353890318 15.922550422954371 917.92813203711194 16.661458540940657 14.086651166988302
leaf_count=8688 5803 87 256 692 9471 2073 770 1212 581 65 6214 83 86
internal_value=0.00298285 0.0187033 0.0224997 0.0264805 -0.00508081 0.00904907 0.048814 -0.00860119 -0.01527 -0.0838744 -0.011073 -0.0867769 -0.128144
internal_weight=3838.59 1319.99 1289.85 1248.59 2518.59 1036.99 326.405 710.583 1481.6 79.0838 1402.52 41.2605 30.1446
internal_count=36081 9892 9719 9380 26189 13526 2843 10683 12663 646 12017 339 173
is_linear=0
shrinkage=0.196372


Tree=188
num_leaves=14
num_cat=0
split_feature=5 5 15 5 37 27 27 15 15 15 31 25 27
split_gain=13.7731 21.4851 12.2029 21.6728 13.0979 12.047 18.1464 17.9326 9.48137 9.39015 4.69461 2.25003 1.02655
threshold=4.0550000000000006 1.0000000180025095e-35 90.15000000000002 7.5850000000000009 3.0500000000000003 24.150000000000002 26.450000000000006 78.15000000000002 95.750000000000014 75.950000000000017 5.7000000000000002 2.8500000000000001 32.850000000000001
decision_type=2 2 10 2 10 8 10 10 10 10 8 8 10
left_child=1 9 5 4 -4 7 -7 -2 -5 12 -3 -12 -1
right_child=2 10 3 8 -6 6 -8 -9 -10 -11 11 -13 -14
leaf_value=-0.10813451013394189 0.030818998095185481 0 -0.0032539980338776781 0.010453708842326295 0.09970351040205204 -0.066842668924909393 -0.0032682885718369149 -0.028555018912228315 -0.086268845653224235 0.19765822131014066 -0.071171758042481187 -0.25346544057123721 0
leaf_weight=5.6043733033511698 815.42007944156558 3.2674308030263992 53.205896270519588 165.60524094419088 184.24206034252347 191.32755861643091 2037.2763732234089 250.87511597681441 49.198632830310089 10.354460965285396 12.339385628016315 22.421959695541773 1.5987472762644754
leaf_count=476 11692 392 239 920 843 1888 16751 1555 228 193 202 405 158
internal_value=0.00187562 -0.0946967 0.00343194 0.0336904 0.0747826 -0.000588415 -0.00893123 0.0164304 -0.00969724 0.0667092 -0.180786 -0.202271 -0.0619029
internal_weight=3802.74 55.5864 3747.15 452.252 237.448 3294.9 2228.6 1066.3 214.804 17.5576 38.0288 34.7613 7.20312
internal_count=35942 1826 34116 2230 1082 31886 18639 13247 1148 827 999 607 634
is_linear=0
shrinkage=0.196372


Tree=189
num_leaves=11
num_cat=0
split_feature=15 0 22 33 19 34 27 19 0 21
split_gain=10.7461 13.1835 8.03938 18.8342 11.8023 12.8967 11.0374 10.0416 9.72523 3.75901
threshold=96.950000000000017 6.8250000000000011 15.500000000000002 3.6500000000000008 28.800000000000004 10.500000000000002 55.400000000000013 66.200000000000003 6.8450000000000006 3.1500000000000008
decision_type=8 2 10 10 10 10 10 10 2 10
left_child=2 9 3 7 5 -4 -5 -1 -6 -2
right_child=1 -3 4 6 8 -7 -8 -9 -10 -11
leaf_value=-0.010491331248306339 -0.080867100881528667 -0.23865554338176503 -0.12369483008552488 0.080923135240694055 -0.0042899733266930622 -0.017070175383114956 -0.16140779824515411 0.12557394198599781 0.020508918760830434 0.058904012313072011
leaf_weight=348.04454465626623 14.612690576177103 15.605274902263771 52.615821759436585 202.41736281908425 1817.7251755958205 367.12829991890976 6.1531854157801709 21.946084050345235 904.8169805755897 13.628741480952156
leaf_count=5213 102 102 924 3472 15437 5014 52 139 5396 91
internal_value=0.00173229 -0.0943786 0.00298947 0.0242837 -0.00079131 -0.0315485 0.0714916 -0.00115429 0.00378962 0
internal_weight=3764.69 43.8467 3720.85 578.561 3142.29 419.744 208.571 369.991 2722.54 28.2414
internal_count=35942 295 35647 8876 26771 5938 3524 5352 20833 193
is_linear=0
shrinkage=0.196372


Tree=190
num_leaves=16
num_cat=2
split_feature=39 19 8 22 15 19 2 4 31 0 0 4 31 15 31
split_gain=10.3665 10.178 11.9314 14.7961 10.9677 9.97686 12.0093 18.3727 10.7546 8.54726 15.4644 8.0299 9.74809 6.38188 4.53897
threshold=12.350000000000003 33.70000000000001 53.500000000000007 35.500000000000007 96.250000000000014 18.750000000000004 2.5000000000000004 0 15.750000000000002 6.8650000000000011 6.9350000000000014 1 4.7500000000000009 77.450000000000017 12.950000000000001
decision_type=8 10 10 10 10 10 2 9 10 2 2 9 10 8 10
left_child=5 9 4 -4 -3 11 8 -8 -7 13 -11 14 -13 -2 -1
right_child=1 2 3 -5 -6 6 7 -9 -10 10 -12 12 -14 -15 -16
leaf_value=-0.016732876920760847 0.0042568995446181767 -0.005012893371828777 0.015256004787788548 0.21339601406096831 -0.11539957930486848 -0.024488647677368757 -0.013793111921055815 0.12544263258765964 0.086255680948129965 -0.097811318048259197 0.050920695942390501 -0.082741514207937447 0.059946321773095834 -0.043576240038515235 -0.18380339696373035
leaf_weight=21.579712705424754 323.61147906778206 1474.2028511348544 1202.4467409965873 14.917195333400739 35.93287572223926 106.62751871616638 49.199313286713732 112.02461860001495 47.959385051290155 121.61031489329616 30.178997973547666 23.441895731602017 67.966436825168785 151.84562067087563 16.146525640731852
leaf_count=1087 4855 11274 8763 69 178 1689 682 1166 413 1137 334 1204 1692 1170 319
internal_value=0.00207314 -0.0015373 0.0035084 0.0180851 -0.00794921 0.0302801 0.0493911 0.0871562 0.00707101 -0.0241794 -0.0652893 -0.0130289 0.0165902 -0.0100985 -0.079587
internal_weight=3799.69 3354.75 2727.5 1217.36 1510.14 444.945 315.811 161.224 154.587 627.246 151.789 129.135 91.4083 475.457 37.7262
internal_count=36032 27780 20284 8832 11452 8252 3950 1848 2102 7496 1471 4302 2896 6025 1406
cat_boundaries=0 1 2
cat_threshold=138 13
is_linear=0
shrinkage=0.196372


Tree=191
num_leaves=15
num_cat=0
split_feature=37 5 29 29 5 7 11 31 22 38 9 34 9 1
split_gain=11.0098 15.7584 12.828 14.01 10.9598 9.88784 9.78955 11.3333 8.65087 8.44605 10.1556 7.97789 6.45564 5.57297
threshold=4.8500000000000005 6.7150000000000007 3.5500000000000003 3.4500000000000006 7.495000000000001 162.50000000000003 1.0000000180025095e-35 18.150000000000002 25.500000000000004 12.350000000000003 6.8550000000000013 21.500000000000004 3.6450000000000005 3.5000000000000004
decision_type=8 2 10 10 2 10 8 10 10 10 10 10 8 2
left_child=2 8 3 4 -1 -5 13 -8 12 11 -11 -4 -2 -3
right_child=1 6 9 5 -6 -7 7 -9 -10 10 -12 -13 -14 -15
leaf_value=-0.0084366199382644828 0.18818972402263462 -0.035018275105098716 0.0092658371557363742 -0.10448462285894086 0.0182853222059054 -0.015364373079743946 -0.13873456962666939 -0.025482188837234902 0.16334313728706329 0.049784557710663729 -0.028259481861795756 -0.099351705302163945 -0.010970650329267504 0.081042015840445819
leaf_weight=1344.3364471082323 6.56446931680125 57.403815394947742 225.16867284891487 79.073490631730238 1044.6201911703174 161.20179409770935 83.750321933596297 76.736832402821165 15.996183446259236 503.5185833232681 65.937363437376916 29.052137695873171 74.584189070586717 21.753047907681321
leaf_count=12178 288 933 4138 690 9198 1197 509 637 115 3737 387 733 934 358
internal_value=0.00181171 -0.0318841 0.00522867 -0.00131068 0.00306282 -0.0466057 -0.0595806 -0.0874506 0.0318597 0.0266367 0.0399613 -0.00147362 0.000127956 0
internal_weight=3789.7 336.789 3452.91 2629.23 2388.96 240.275 239.644 160.487 97.1448 823.677 569.456 254.221 81.1487 79.1569
internal_count=36032 3774 32258 23263 21376 1887 2437 1146 1337 8995 4124 4871 1222 1291
is_linear=0
shrinkage=0.196372


Tree=192
num_leaves=16
num_cat=1
split_feature=38 9 14 18 18 9 16 38 14 23 27 27 4 32 27
split_gain=15.8422 16.3452 12.5929 16.4167 12.4106 13.4176 12.9859 11.3282 10.7992 21.8826 14.317 9.8318 6.6214 2.95241 1.54798
threshold=23.050000000000004 6.4450000000000012 29.500000000000004 29.500000000000004 20.500000000000004 6.3450000000000006 0.12500000000000003 21.950000000000003 29.500000000000004 58.20000000000001 46.300000000000004 40.650000000000013 0 0.13500000000000004 47.70000000000001
decision_type=8 10 10 10 8 8 10 10 10 10 10 10 9 10 10
left_child=2 4 3 7 6 -6 -2 -1 9 -3 -10 12 -4 -5 -13
right_child=1 8 11 13 5 -7 -8 -9 10 -11 -12 14 -14 -15 -16
leaf_value=-0.0087668738042531464 -0.087963236112718418 -0.0082470596906693248 0.0058059179996413964 0 -0.015250828214547358 0.071971970374513819 0.083619730263381722 -0.065661150076460187 -0.014622799781933765 -0.1465145661279926 0.048926655291501191 0.073146611042609055 -0.11204874677284515 0.13334303866624975 0
leaf_weight=2052.6294552737609 15.675858349073904 262.43373482133029 21.502482777344994 9.4129036110534781 215.81494368065614 96.34786898296511 234.19787627650658 148.25136743154144 315.71927572914865 55.092307815153617 232.74757233378477 13.353575421031566 97.149142465554178 34.743092248390894 15.060020285192875
leaf_count=24531 98 1797 147 92 1484 524 1347 942 1930 432 1571 145 638 339 87
internal_value=-0.00427019 0.0119279 -0.0141259 -0.0102436 0.0380876 0.010279 0.0710149 -0.0128069 -0.00454244 -0.0337159 0.0115442 -0.0702771 -0.0959208 0.106967 0.0212132
internal_weight=3820.13 1428.03 2392.1 2245.04 562.037 312.163 249.874 2200.88 865.993 317.526 548.467 147.065 118.652 44.156 28.4136
internal_count=36104 9183 26921 25904 3453 2008 1445 25473 5730 2229 3501 1017 785 431 232
cat_boundaries=0 1
cat_threshold=136
is_linear=0
shrinkage=0.196372


Tree=193
num_leaves=12
num_cat=0
split_feature=8 27 0 28 19 33 5 38 17 16 16
split_gain=12.0246 11.2646 17.8974 16.7701 14.5986 11.7724 11.3367 10.4913 9.50859 0.209799 0.057848
threshold=61.500000000000007 38.000000000000007 6.9050000000000011 0.14500000000000005 67.950000000000017 3.5500000000000003 7.1550000000000011 32.550000000000004 2.4500000000000006 0.16500000000000004 0.17500000000000002
decision_type=10 8 2 10 10 10 2 10 10 8 8
left_child=1 2 5 -4 6 -1 -3 -6 -2 -10 -11
right_child=8 4 3 -5 7 -7 -8 -9 9 10 -12
leaf_value=0.0035867019719494869 0.20182066737766247 -0.0099417248035908005 -0.17247992513049182 -0.036338103790262199 -0.11193198009248251 -0.025473363929636141 0.029283754936249073 0.00095863639142631412 -0.035406477955188378 0.02486822583092424 0
leaf_weight=1310.3987675418102 19.065666079171933 423.49849793934391 46.913103624458017 195.73043367844184 62.58704892831156 887.16273777113565 785.69456871052535 49.020534077833872 5.2359675663174103 5.4377084810694205 4.7780889416935688
leaf_count=12935 132 3439 367 2054 419 10212 5845 393 117 59 132
internal_value=-0.00461556 -0.00578953 -0.0137664 -0.0646151 0.00861154 -0.00794422 0.0151792 -0.0584684 0.109774 0 0.0110033
internal_weight=3795.52 3761.01 2440.21 242.644 1320.8 2197.56 1209.19 111.608 34.5174 15.4518 10.2158
internal_count=36104 35664 25568 2421 10096 23147 9284 812 440 308 191
is_linear=0
shrinkage=0.196372


Tree=194
num_leaves=15
num_cat=1
split_feature=30 23 0 16 35 25 23 40 37 10 3 22 16 21
split_gain=13.3471 13.1984 16.1109 13.4396 12.8361 12.5515 12.3692 11.2644 8.5654 10.1114 6.96587 6.79528 5.61975 1.62728
threshold=9.5000000000000018 45.300000000000004 6.8250000000000011 0.12500000000000003 10.950000000000001 3.9500000000000006 45.95000000000001 24.650000000000002 1.6500000000000001 35.350000000000001 0 13.500000000000002 0.14500000000000005 3.6500000000000008
decision_type=8 8 2 10 10 10 8 8 10 10 9 10 10 10
left_child=8 2 3 -2 6 -6 -3 -4 12 11 -11 -10 -1 -14
right_child=1 4 7 -5 5 -7 -8 -9 9 10 -12 -13 13 -15
leaf_value=0.089382736125757159 0.041610572845503992 0.16041215349959284 0.014368622246666062 -0.027689194839863311 0.004407628296119682 -0.17924908254108946 0.032794824395552272 -0.071882454580906321 -0.068412814595201585 -0.055005143183553977 -0.22226712675788945 0.071753353219886989 -0.075926560748119903 0
leaf_weight=20.180342032806948 112.17043074126195 34.472853886167286 1030.0527859966478 1362.597775859922 629.526396632049 14.472698394558391 371.71123902809268 60.434168261053856 43.178098001673789 28.071474776952527 28.812720945657929 16.757249284375575 20.072403346013747 8.2343415021241508
leaf_count=84 1200 183 8729 15619 4621 111 2655 488 1426 197 177 266 157 164
internal_value=-0.00355571 -0.000934301 -0.00864195 -0.022112 0.0174682 0 0.0447959 0.00916857 -0.058132 -0.0871696 -0.14801 -0.0217272 0.00278421 -0.0435866
internal_weight=3780.74 3615.44 2565.26 1474.77 1050.18 643.999 406.184 1090.49 165.307 116.82 56.8842 59.9353 48.4871 28.3067
internal_count=36077 33606 26036 16819 7570 4732 2838 9217 2471 2066 374 1692 405 321
cat_boundaries=0 1
cat_threshold=1
is_linear=0
shrinkage=0.196372


Tree=195
num_leaves=12
num_cat=0
split_feature=28 26 26 24 38 10 5 15 37 0 13
split_gain=8.64564 11.3378 16.5774 10.3464 9.4427 11.9939 9.93571 9.63694 11.2122 11.0494 2.5676
threshold=0.13500000000000004 34.500000000000007 29.500000000000004 0.12500000000000003 25.100000000000005 39.150000000000013 8.4650000000000016 66.65000000000002 3.8500000000000001 6.8350000000000009 0.13500000000000004
decision_type=8 10 10 10 8 8 2 10 10 2 10
left_child=1 2 3 -1 7 -6 -7 9 -9 -2 -4
right_child=4 -3 10 -5 5 6 -8 8 -10 -11 -12
leaf_value=0.025936912078830348 -0.004690262328053918 -0.20614763810413139 0.18458505008831716 -0.044274913965022769 0.1746698108175436 0.0057621399702966506 0.078389976601588807 0.0026793950214869864 -0.02994269841763135 0.041698024728517018 0.030997716750811234
leaf_weight=92.081986382482683 562.40084818976175 13.566920910030602 14.06320278951898 411.52553252745201 19.01380437600892 654.24457553075263 84.583338638809892 718.94656902596762 870.08489709380046 294.67393690411882 18.992057170486078
leaf_count=1196 10024 44 74 2807 95 4535 729 5624 6445 4394 110
internal_value=-0.0037089 -0.0264478 -0.0209988 -0.0305502 5.90708e-05 0.0193444 0.0146976 -0.00573546 -0.0149053 0.010747 0.110444
internal_weight=3754.18 550.23 536.663 503.608 3203.95 757.842 738.828 2446.11 1589.03 857.075 33.0553
internal_count=36077 4231 4187 4003 31846 5359 5264 26487 12069 14418 184
is_linear=0
shrinkage=0.196372


Tree=196
num_leaves=16
num_cat=0
split_feature=21 34 31 25 23 26 34 22 10 14 23 21 35 15 31
split_gain=12.5679 13.5372 17.1455 13.4003 9.93661 17.3095 17.185 16.6286 14.259 10.5313 9.24348 8.99266 7.59072 6.06716 3.53187
threshold=2.5500000000000003 18.500000000000004 28.550000000000004 2.6500000000000008 46.800000000000004 19.500000000000004 25.500000000000004 19.500000000000004 38.750000000000007 32.500000000000007 44.600000000000001 3.8500000000000001 3.5500000000000003 69.300000000000026 31.700000000000006
decision_type=10 10 10 10 10 10 10 8 10 10 8 10 10 10 10
left_child=1 2 10 12 6 7 9 -6 -7 -2 -1 -8 -3 -5 -4
right_child=4 3 14 13 5 8 11 -9 -10 -11 -12 -13 -14 -15 -16
leaf_value=-0.057587771551530817 0.0028825326366366854 -0.072904170746723257 0.079159582674270354 0.019358149652564171 0.020896397597734481 0.13032814794839667 0.11452202846168265 -0.089081144779347476 0.032422337862746418 -0.042916636184996595 -0.17183940581926738 -0.018614289687625175 0.094420631042216624 -0.099615141576609348 -0.0074543639125534454
leaf_weight=110.05057022611436 2291.0589673677632 9.0336072412155755 24.637063744303305 19.633908239688026 135.25979872421158 69.143603505508509 77.047407525969902 83.025110396440141 540.83013198603294 210.81714811790152 48.641729742604184 18.944814495414903 71.554050782673585 38.298130715353182 41.980507984437281
leaf_count=912 23763 866 190 288 1042 372 613 685 3798 1390 342 250 696 210 511
internal_value=0.0045249 -0.0299029 -0.0600214 0.0159027 0.00831208 0.027087 0.00215359 -0.0189471 0.0442893 -0.000802491 -0.0955835 0.0836477 0.0700273 -0.0517324 0.018082
internal_weight=3789.96 363.83 225.31 138.52 3426.13 828.259 2597.87 218.285 609.974 2501.88 158.692 95.9922 80.5877 57.932 66.6176
internal_count=35928 4015 1955 2060 31913 5897 26016 1727 4170 25153 1254 863 1562 498 701
is_linear=0
shrinkage=0.196372


Tree=197
num_leaves=13
num_cat=0
split_feature=5 5 33 17 5 18 12 32 16 17 33 15
split_gain=7.07703 7.70976 8.54635 6.96947 14.8976 11.6034 4.39331 3.93327 2.18298 1.65128 1.12223 0.602914
threshold=3.8350000000000004 4.4650000000000007 3.0500000000000003 3.7500000000000004 7.6750000000000007 19.500000000000004 1.0000000180025095e-35 0.19500000000000003 0.20500000000000004 2.4500000000000006 2.7500000000000004 87.65000000000002
decision_type=2 2 10 8 2 10 10 10 10 8 8 8
left_child=6 2 10 5 -5 -3 8 -4 9 -1 -2 -8
right_child=1 3 7 4 -6 -7 11 -9 -10 -11 -12 -13
leaf_value=0 0 0.02117616308983546 0.20654974795109279 -0.045775610717173683 0.045655781736188283 -0.0021513311955413737 0.070007726928631206 0 0 -0.1709518194992406 -0.095123880737739266 0
leaf_weight=3.8664752667230067 6.6620781479068656 1357.6321155608584 18.861497729787519 265.01871527289632 88.304256336235994 2010.7828486912622 4.5331655189802378 4.9774838119210463 1.6195644464187342 18.885731791635635 4.6880206835949148 3.8126079999492513
leaf_count=456 95 14201 248 3373 1446 14752 136 174 212 698 95 42
internal_value=0.00435469 0.00526029 0.097059 0.00426758 -0.021655 0.00711968 -0.0855172 0.16591 -0.129181 -0.146733 -0.00953044 0
internal_weight=3789.64 3756.93 35.1891 3721.74 353.323 3368.41 32.7175 23.839 24.3718 22.7522 11.3501 8.34577
internal_count=35928 34384 612 33772 4819 28953 1544 422 1366 1154 190 178
is_linear=0
shrinkage=0.196372


Tree=198
num_leaves=14
num_cat=1
split_feature=0 16 40 9 35 4 23 26 26 1 34 5 1
split_gain=10.0508 20.5837 17.0333 8.57028 9.69298 12.7437 9.92281 8.82995 9.30589 7.37937 7.08664 5.92695 5.24662
threshold=6.9150000000000009 0.12500000000000003 13.65 7.3550000000000013 9.2500000000000018 0 65.300000000000026 23.500000000000004 27.500000000000004 1.5000000000000002 8.5000000000000018 7.7150000000000007 1.5000000000000002
decision_type=2 10 10 8 10 9 10 10 10 2 10 2 2
left_child=3 11 10 4 5 -1 -6 12 -9 -4 -3 -2 -5
right_child=1 2 9 7 6 -7 -8 8 -10 -11 -12 -13 -14
leaf_value=-0.0070562555079970845 -0.25698751925464858 0 -0.062675361429058399 0 -0.0093908320995210494 0.026809549281723962 0.10266629911667631 -0.1118223118632245 0.076525945427862244 0.028525106900436695 -0.16154732086766507 -0.0092267023635815241 0.15215264910736154
leaf_weight=666.71937978492315 19.208432865165381 8.3950923622614919 41.092453608522192 14.352947471895957 1588.8486324725418 1104.0420334380306 30.334218869858887 17.643854225665564 22.943739627138712 168.84191249561263 36.506453574071202 9.5136227293405664 40.068559842516379
leaf_count=7221 178 105 456 155 13816 11151 205 170 221 1413 423 81 287
internal_value=0.00256404 -0.03275 -0.0130375 0.00556663 0.0037949 0.01392 -0.00700424 0.0639705 0 0.00851564 -0.12322 -0.190933 0.115607
internal_weight=3768.51 283.558 254.836 3484.95 3389.94 1770.76 1619.18 95.0091 40.5876 209.934 44.9015 28.7221 54.4215
internal_count=35882 2656 2397 33226 32393 18372 14021 833 391 1869 528 259 442
cat_boundaries=0 1
cat_threshold=33
is_linear=0
shrinkage=0.196372


Tree=199
num_leaves=16
num_cat=3
split_feature=22 19 37 4 37 37 5 37 19 7 6 4 37 1 26
split_gain=15.3282 10.9834 10.9595 13.8347 15.9998 9.40658 13.7374 13.0083 9.13205 13.9491 11.5006 4.66206 7.98285 6.50823 2.2649
threshold=29.500000000000004 57.750000000000007 3.4500000000000006 0 3.9500000000000006 3.3500000000000001 6.8050000000000006 2.5500000000000003 61.550000000000004 158.50000000000003 1 2 2.4500000000000006 1.5000000000000002 26.500000000000004
decision_type=8 10 8 9 8 10 2 10 10 10 9 9 10 2 10
left_child=1 5 11 14 -5 7 -7 -1 9 -3 -10 13 -13 -2 -4
right_child=2 8 3 4 -6 6 -8 -9 10 -11 -12 12 -14 -15 -16
leaf_value=-0.026071651823181965 0.14173385254853821 -0.17758727589097023 0.02870341316259889 0.20720334560775786 0.028753043943030528 0.02112471027442063 -0.012406358902329523 0.037435857783456851 0.050697217002251861 -0.032057595724134649 -0.023599921062829515 0.013290003929200881 -0.16544147076147728 0 -0.052877727440081235
leaf_weight=148.67445338226389 15.719675048778297 33.049644707294647 22.471622071523825 54.11571517190896 40.324136746025033 694.00107370545538 1454.9819566864899 593.41233136144547 92.174545505840797 169.86815721919993 344.22028208724805 13.020766295899877 16.828593700425699 43.200478862563614 24.717824649531394
leaf_count=1487 82 208 184 252 301 8454 14064 6198 566 1195 2202 92 168 274 155
internal_value=0.00307155 -6.90089e-06 0.0521249 0.0860056 0.122944 0.005018 -0.00137009 0.0241104 -0.0234188 -0.0581059 -0.00625247 0 -0.0548953 0.0292281 -0.0038861
internal_weight=3760.78 3530.38 230.399 141.629 94.4399 2891.07 2148.98 742.087 639.313 202.918 436.395 88.7695 29.8494 58.9202 47.1894
internal_count=35882 34374 1508 892 553 30203 22518 7685 4171 1403 2768 616 260 356 339
cat_boundaries=0 1 2 3
cat_threshold=216 1 114
is_linear=0
shrinkage=0.196372


Tree=200
num_leaves=15
num_cat=0
split_feature=23 40 36 10 22 19 0 23 1 13 10 0 15 9
split_gain=26.7635 18.0038 14.989 16.0625 7.13909 6.73944 20.1081 18.7766 15.252 7.30809 13.3185 6.10919 5.85164 2.58071
threshold=53.95000000000001 20.750000000000004 0.18500000000000003 38.750000000000007 19.500000000000004 65.550000000000011 6.8750000000000009 39.350000000000001 2.5000000000000004 0.18500000000000003 31.850000000000005 6.8350000000000009 80.200000000000017 6.2350000000000012
decision_type=10 10 10 10 10 8 2 10 2 10 10 2 10 10
left_child=5 2 4 -4 -2 9 8 -8 -7 11 -11 -1 13 -3
right_child=1 12 3 -5 -6 6 7 -9 -10 10 -12 -13 -14 -15
leaf_value=-0.013396389614795669 -0.060963671544979794 -0.12918576056874248 0.080311464241899791 -0.11854906970352048 0.0093822721140930272 0.11721063372384266 -0.21473406697151806 0.027243824379807029 -0.0015457325089445926 -0.0014594729440730904 0.061302756853277927 0.0061664009127119657 -0.22461825021047477 0
leaf_weight=1592.9993484250099 73.458056500618113 7.3859395220642936 15.292063455446621 112.26701557694469 203.59799762858893 98.905144327873359 20.733011843170971 23.682304945308715 59.589308817698793 376.40818368698638 189.31925509543362 967.03738278581295 29.912817448435817 9.6782710228580964
leaf_count=14863 559 99 127 716 1336 626 84 109 460 7883 1981 6805 161 105
internal_value=-0.00507759 -0.0499434 -0.035136 -0.0911408 -0.00769975 0.000878609 0.0356172 -0.0762412 0.069821 -0.00123665 0.0187741 -0.00583334 -0.167344 -0.0397252
internal_weight=3780.27 451.592 404.615 127.559 277.056 3328.67 202.91 44.4153 158.494 3125.76 565.727 2560.04 46.977 17.0642
internal_count=35914 3103 2738 843 1895 32811 1279 193 1086 31532 9864 21668 365 204
is_linear=0
shrinkage=0.196372


Tree=201
num_leaves=16
num_cat=2
split_feature=11 4 21 9 5 9 14 35 25 15 27 27 4 25 31
split_gain=8.79776 10.7187 18.8262 11.9986 9.6825 9.39376 8.49307 13.2019 8.25959 8.09224 7.1633 21.7598 16.3178 6.8612 5.81836
threshold=4.5000000000000009 0 3.2500000000000004 7.0650000000000004 8.4450000000000021 6.1450000000000005 24.500000000000004 6.5500000000000007 4.1500000000000012 96.65000000000002 35.050000000000004 37.050000000000004 1 2.6500000000000008 17.750000000000004
decision_type=10 9 10 10 2 8 10 10 10 10 10 10 9 10 10
left_child=5 2 14 -4 9 6 8 -8 -1 -3 12 -12 -7 -6 -2
right_child=1 4 3 -5 13 10 7 -9 -10 -11 11 -13 -14 -15 -16
leaf_value=0.0043719331637047778 0.024716580930540535 -0.065703992073110923 0.011198057319584943 0.13676776372461172 0.14794817419248293 0.092641269885085045 -0.069530165874626099 0 -0.046621708768941221 0.068558029306914667 -0.13324030923040281 0.019979965550230665 -0.0062409805772475199 -0.006225308563841442 -0.04682691869114125
leaf_weight=1724.7609634453702 46.680079807381844 324.3759912236419 95.593679350684397 48.98308823077241 14.111985582218038 128.75736900219272 185.48865292663686 273.03333800162363 131.38490400626324 14.902130073984152 38.947161325253546 384.66192561102798 110.91115057171282 29.867017552285688 206.00539883296005
leaf_count=20853 262 2127 824 304 110 741 1180 2015 2257 71 260 2475 685 277 1473
internal_value=-0.00412991 -0.0227008 0 0.0569454 -0.0455304 0.000589687 -0.00516068 -0.0291076 0.000518335 -0.05846 0.0213215 0.00478579 0.0486671 0.0336667 -0.0318449
internal_weight=3758.46 780.519 397.262 144.577 383.257 2977.95 2314.67 458.522 1856.15 339.278 663.278 423.609 239.669 43.979 252.685
internal_count=35914 5448 2863 1128 2585 30466 26305 3195 23110 2198 4161 2735 1426 387 1735
cat_boundaries=0 1 2
cat_threshold=57 15
is_linear=0
shrinkage=0.196372


Tree=202
num_leaves=14
num_cat=2
split_feature=39 19 25 29 27 33 0 25 28 19 4 4 11
split_gain=9.17889 10.5248 7.72203 6.81915 15.2984 8.49256 5.57069 7.27085 4.68907 4.44662 3.5523 2.95572 3.21415
threshold=25.650000000000002 51.95000000000001 4.5500000000000007 3.6500000000000008 12.700000000000001 2.2500000000000004 6.7750000000000012 3.0500000000000003 0.16500000000000004 49.45000000000001 0 1 3.5000000000000004
decision_type=10 10 10 10 10 8 2 10 10 10 9 9 10
left_child=2 11 3 5 -5 -1 8 -8 -3 10 -4 -2 -13
right_child=1 6 9 4 -6 -7 7 -9 -10 -11 -12 12 -14
leaf_value=0.049229100596047418 -0.037507194084903689 0.030276591951615105 0.035321062307449143 -0.02911020267891546 0.036414502425038291 -0.0010304617086730047 -0.1445352356463796 -0.022905218561504632 -0.097646828343110614 -0.16915166151721292 -0.060275253856948388 0 0.090984715306795014
leaf_weight=135.75339640602419 14.902113441610707 32.352586041204631 13.681820810504176 167.74448859919357 634.00435420506619 2577.6928970302761 54.399741592584178 44.555842408211902 15.653667859267442 14.063687012909211 23.198204681728384 35.839145018864656 29.115148343262263
leaf_count=1275 144 319 240 2684 6125 22966 374 343 177 65 580 302 272
internal_value=0.0024362 -0.0356123 0.00498267 0.0062008 0.0221475 0.00132401 -0.0674429 -0.0944126 -0.00247121 -0.0700691 -0.0195677 0.0174438 0.0370202
internal_weight=3792.96 226.818 3566.14 3515.2 801.749 2713.45 146.962 98.9556 48.0063 50.9437 36.88 79.8564 64.9543
internal_count=35866 1931 33935 33050 8809 24241 1213 717 496 885 820 718 574
cat_boundaries=0 1 2
cat_threshold=22 18
is_linear=0
shrinkage=0.196372


Tree=203
num_leaves=16
num_cat=2
split_feature=17 20 4 9 8 14 35 40 8 29 27 4 35 23 40
split_gain=10.6551 14.3711 18.142 23.7266 10.7598 13.3556 11.0444 9.17519 9.15273 8.56493 7.12813 11.7997 8.68807 5.98647 3.31933
threshold=2.7500000000000004 0.14500000000000005 0 6.9750000000000005 56.500000000000007 26.500000000000004 4.9500000000000011 26.850000000000005 50.500000000000007 2.8500000000000001 39.750000000000007 1 15.250000000000002 31.700000000000006 18.250000000000004
decision_type=10 10 9 10 10 10 10 10 10 10 10 9 10 10 10
left_child=1 2 3 -1 7 6 -6 9 -4 -2 12 -12 -3 -9 -7
right_child=4 10 8 -5 5 14 -8 13 -10 -11 11 -13 -14 -15 -16
leaf_value=0.068341430857156493 -0.025345923238496347 0.027276814296847248 -0.12095907746684799 -0.094331800639966976 -0.077826960746653615 -0.011782944318735623 0.012853222351614855 0 -0.023300681094643637 0.0075040799161583743 -0.024915910827254212 0.048858438002835562 0.084203685086774019 -0.16027047611815923 -0.16974600930269931
leaf_weight=176.6602868944924 387.07965056075045 586.05629951558876 45.530699690383699 40.897048430400901 80.223659566188871 13.430776433087884 128.80602737197478 12.807681994308949 341.00159258749682 1450.5154615045731 203.75506697886158 125.70976775040617 141.42391336619039 22.672269259870518 36.850909231812693
leaf_count=1437 3522 5197 509 259 1290 145 1545 198 2572 14735 1670 1041 1415 156 175
internal_value=0.00227361 0.0141519 -0.00946134 0.0340953 -0.00677136 -0.0443026 -0.0198701 -0.00133405 -0.0351042 0.000340676 0.0280672 0.00262582 0.0389749 -0.100004 -0.136572
internal_weight=3793.42 1661.03 604.09 217.557 2132.39 259.311 209.03 1873.08 386.532 1837.6 1056.95 329.465 727.48 35.48 50.2817
internal_count=35866 14100 4777 1696 21766 3155 2835 18611 3081 18257 9323 2711 6612 354 320
cat_boundaries=0 1 2
cat_threshold=66 102
is_linear=0
shrinkage=0.196372


Tree=204
num_leaves=13
num_cat=0
split_feature=31 0 31 36 34 38 33 15 34 25 38 17
split_gain=13.3503 19.5837 18.345 14.283 11.7952 11.0369 12.0506 12.863 12.3165 10.113 4.79834 3.1567
threshold=16.650000000000002 6.9750000000000005 40.300000000000004 0.14500000000000005 15.500000000000002 32.350000000000001 3.1500000000000008 88.700000000000003 23.500000000000004 2.9500000000000006 24.250000000000004 2.7500000000000004
decision_type=8 2 10 8 10 10 10 10 10 10 10 10
left_child=5 2 3 -2 -4 6 7 -1 -8 -3 -11 -7
right_child=1 9 4 -5 -6 11 8 -9 -10 10 -12 -13
leaf_value=-0.030918558607549947 -0.015424410503470307 -0.23728419475531121 0.0061519658564126896 0.026442861398010838 -0.078715812761400675 0.10465590923881105 0.00084217121387478828 -0.14272507612288701 -0.083426848246854424 -0.10664054480871428 0.068193877411101861 0
leaf_weight=322.65814471619319 366.40435383573617 17.644531968049705 107.19988489319076 1797.3040132053941 127.68470200880984 36.789306166698225 906.59091929858187 49.414409419805452 71.257132532568903 12.486054073844572 9.2257096190005523 17.020943773561157
leaf_count=3828 2456 111 1052 14932 916 150 10637 235 1266 143 35 130
internal_value=0.00204073 0.0109241 0.0133508 0.019147 -0.0381231 -0.0130706 -0.0168191 -0.0470325 -0.00486127 -0.125034 -0.0121538 0.0724462
internal_weight=3841.68 2437.95 2398.59 2163.71 234.885 1403.73 1349.92 372.073 977.848 39.3563 21.7118 53.8102
internal_count=35891 19645 19356 17388 1968 16246 15966 4063 11903 289 178 280
is_linear=0
shrinkage=0.196372


Tree=205
num_leaves=13
num_cat=1
split_feature=23 33 4 35 9 37 25 35 5 5 24 18
split_gain=7.08486 12.0043 10.8517 33.2114 15.4418 9.71694 11.2248 9.9438 7.27683 16.7547 9.27788 2.94078
threshold=47.150000000000013 3.0500000000000003 0 25.400000000000002 6.9050000000000011 3.7500000000000004 2.3500000000000001 15.250000000000002 8.9250000000000025 8.8350000000000026 0.13500000000000004 22.500000000000004
decision_type=8 10 9 10 10 8 10 10 2 2 10 8
left_child=1 2 3 -1 -4 7 -7 -3 9 10 -2 -10
right_child=8 5 4 -5 -6 6 -8 -9 11 -11 -12 -13
leaf_value=-0.022236871680964627 0.056677795655713112 0.010984450869575913 -0.0065354083883184949 -0.19906773794332397 0.12831193964664783 -0.12513450154874586 0.00066115324735071569 0.06809734046044591 -0.18125120647563062 0.25277479766318944 0.0065691765190343011 0
leaf_weight=493.96318052898823 186.05036754831599 437.87733403708262 398.05076460657256 45.735257968364749 35.240041904849932 27.635971901022458 1267.4433057331071 174.96373785201286 9.1142942135920713 11.920849257672669 732.64401292580442 5.0853158584795901
leaf_count=4362 1102 4688 3721 294 201 571 13650 1743 173 50 5196 140
internal_value=0.00342912 -0.00126709 -0.0191464 -0.037423 0.00338646 0.00761931 -0.00170032 0.0280321 0.0182156 0.0207619 0.0172109 -0.115711
internal_weight=3825.72 2880.91 972.989 539.698 433.291 1907.92 1295.08 612.841 944.815 930.615 918.694 14.1996
internal_count=35891 29230 8578 4656 3922 20652 14221 6431 6661 6348 6298 313
cat_boundaries=0 1
cat_threshold=15
is_linear=0
shrinkage=0.196372


Tree=206
num_leaves=13
num_cat=0
split_feature=27 34 31 25 27 38 19 22 31 5 5 5
split_gain=11.4484 10.8826 14.9453 10.2129 12.322 10.8837 9.88108 8.63294 6.94696 6.72215 4.44033 3.11567
threshold=55.750000000000007 25.500000000000004 27.700000000000006 2.4500000000000006 31.350000000000005 22.350000000000005 43.350000000000001 28.500000000000004 12.300000000000002 7.955000000000001 7.6550000000000011 7.2750000000000012
decision_type=10 10 10 10 10 10 10 10 10 2 2 2
left_child=1 3 8 4 -1 -5 11 10 -3 -4 -8 -2
right_child=6 2 9 5 -6 -7 7 -9 -10 -11 -12 -13
leaf_value=-0.082823462592173339 -0.16528641063162686 0.010013628035400221 -0.11771281456677939 -0.010389273543305298 -0.0068830440569884214 0.013553470706139777 0.11885208210371577 -0.065904457453097226 0.1301656738493995 0.052570638516284157 0.034294679367044202 0
leaf_weight=138.1762772594152 8.1980806407591462 38.110901208829091 23.700271206354955 1989.9006888961594 240.43170994258253 1152.0458188861958 74.192447670851834 13.263516086444723 64.469521567783886 9.8992289375455567 63.342640401679091 9.2824562433524971
leaf_count=1273 119 1429 223 22129 1722 7164 491 132 761 62 486 132
internal_value=-0.000645926 -0.00306622 0.0510576 -0.00528885 -0.035801 -0.00146864 0.0492502 0.0671117 0.0899583 -0.0543949 0.0832442 -0.0787007
internal_weight=3825.01 3656.73 136.18 3520.55 378.608 3141.95 168.279 150.799 102.58 33.5995 137.535 17.4805
internal_count=36123 34763 2475 32288 2995 29293 1360 1109 2190 285 977 251
is_linear=0
shrinkage=0.196372


Tree=207
num_leaves=15
num_cat=0
split_feature=26 39 31 0 12 9 27 18 31 31 39 22 18 19
split_gain=9.54248 11.1404 7.76955 16.7637 7.38025 17.128 13.0036 8.12703 9.39011 8.06328 7.45471 5.90291 5.41837 1.44922
threshold=28.500000000000004 15.450000000000001 29.150000000000002 6.8350000000000009 1.0000000180025095e-35 6.955000000000001 47.150000000000013 27.500000000000004 27.400000000000002 22.050000000000001 23.150000000000002 25.500000000000004 23.500000000000004 29.800000000000004
decision_type=8 8 10 2 10 10 10 10 8 10 10 10 10 10
left_child=4 12 3 -3 5 6 -1 10 -9 -7 -6 -4 13 -2
right_child=1 2 11 -5 7 9 -8 8 -10 -11 -12 -13 -14 -15
leaf_value=0.003871183868584155 0.043004146931330652 -0.11354965283772395 -0.042714097819840362 0 0.01393858933277428 -0.24386521506126654 -0.049777814828153709 0.0088454592332780912 -0.10628078665446612 -0.020762114771981467 0.060316855202863999 0.050400011310606396 0.14123764688359505 -0.06397330500637663
leaf_weight=2347.760952171162 9.5755417356849666 119.72531564022484 57.412574815738481 88.485075947130099 571.56615353931556 16.160032564774156 187.96096985871918 67.79894622034044 39.837345077015925 18.274447712756228 193.0256213209359 48.012522976379842 18.429301559575833 9.0223797769867797
leaf_count=25789 95 952 416 468 3738 57 1649 468 457 211 1214 416 120 73
internal_value=0 -0.0308362 -0.0437363 -0.0657112 0.00315838 -0.00198314 0 0.0188144 -0.029771 -0.139127 0.026241 0 0.066138 0
internal_weight=3793.05 350.663 313.635 208.21 3442.38 2570.16 2535.72 872.228 107.636 34.4345 764.592 105.425 37.0272 18.5979
internal_count=36123 2540 2252 1420 33583 27706 27438 5877 925 268 4952 832 288 168
is_linear=0
shrinkage=0.196372


Tree=208
num_leaves=14
num_cat=0
split_feature=38 28 14 27 20 9 37 20 25 36 22 1 27
split_gain=9.89531 10.9977 7.75351 11.2991 18.3973 9.23791 8.29254 6.52162 5.67543 2.47381 1.29658 0.113098 0.0518739
threshold=36.95000000000001 0.14500000000000005 22.500000000000004 42.000000000000007 0.14500000000000005 5.1050000000000013 3.8500000000000001 0.13500000000000004 2.6500000000000008 0.20500000000000004 19.500000000000004 1.5000000000000002 48.150000000000013
decision_type=10 10 8 10 10 10 10 10 10 10 10 2 10
left_child=2 10 3 7 -5 9 -7 -1 -3 -4 -2 -12 -10
right_child=1 8 5 4 -6 6 -8 -9 12 -11 11 -13 -14
leaf_value=0.044744671133789132 -0.024421012235019659 0 0.15467398031386687 -0.14837552179215729 -0.013650685711061697 0.020851523441473438 -0.0054151574186429036 -0.0039695341661469315 -0.20836899923268759 0 0 0.061333285948561071 -0.068654033385176269
leaf_weight=113.99584003529799 7.8223235202021923 10.259124086820519 22.162412502397732 53.650172207206197 177.92356269808806 1067.7628917261609 780.79219079724862 1450.6803771747118 21.499845865182579 8.4772468153678329 5.3589808081742403 14.14133575937012 12.173430335707961
leaf_count=2046 75 99 290 433 1865 7264 5045 18394 78 93 85 195 157
internal_value=0.00113247 -0.0710196 0.00265606 -0.00641068 -0.0468854 0.0115586 0.00951748 -0.000131124 -0.132939 0.119406 0.0126694 0.0501773 -0.171705
internal_weight=3746.7 71.255 3675.44 1796.25 231.574 1879.19 1848.56 1564.68 43.9324 30.6397 27.3226 19.5003 33.6733
internal_count=36119 689 35430 22738 2298 12692 12309 20440 334 383 355 280 235
is_linear=0
shrinkage=0.196372


Tree=209
num_leaves=12
num_cat=0
split_feature=19 15 33 36 13 15 39 40 40 19 0
split_gain=8.04585 10.9666 5.64105 4.78418 10.2294 14.7498 10.9146 7.60934 10.6551 6.47508 2.81916
threshold=73.500000000000014 86.450000000000017 3.1500000000000008 0.16500000000000004 0.17500000000000002 65.300000000000026 11.15 16.250000000000004 16.650000000000002 53.400000000000006 6.8150000000000004
decision_type=10 10 10 8 10 10 8 10 10 10 2
left_child=3 2 -2 7 6 -6 -5 9 -9 -1 -3
right_child=1 10 -4 4 5 -7 -8 8 -10 -11 -12
leaf_value=-0.008211133983826847 -0.17175931793491767 0.086764009185421667 0 -0.051583556404651773 0.018966379493593536 -0.030382922022395478 0.022546550807163838 0.085208901606320109 -0.0011221436111890782 -0.055846864515637806 -0.020044385159381516
leaf_weight=351.80286912998781 31.077785163419321 14.95713032630738 15.795043868449282 77.673940755852527 414.36113607179232 519.19539364825141 1350.3340844139825 58.741505099867936 725.86038159306372 181.43675004056422 14.40136028305278
leaf_count=3396 148 113 102 1107 9494 5195 9661 391 5246 1194 72
internal_value=0.000844414 -0.062013 -0.122411 0.00227087 0.00765118 -0.00800425 0.0181965 -0.00703342 0.00479662 -0.0252674 0.0195842
internal_weight=3755.64 76.2313 46.8728 3679.41 2361.56 933.557 1428.01 1317.84 784.602 533.24 29.3585
internal_count=36119 435 250 35684 25457 14689 10768 10227 5637 4590 185
is_linear=0
shrinkage=0.196372


Tree=210
num_leaves=15
num_cat=0
split_feature=30 36 33 17 5 35 15 0 15 27 33 34 14 5
split_gain=27.5735 20.4369 25.3586 21.2566 18.5716 17.0997 23.7805 15.2137 20.6436 17.5038 11.534 9.54455 5.59155 0.0735146
threshold=8.5000000000000018 0.12500000000000003 1.8500000000000003 3.4500000000000006 6.5650000000000004 20.950000000000003 80.850000000000009 6.8350000000000009 79.750000000000014 42.850000000000001 4.1500000000000012 17.500000000000004 29.500000000000004 6.1250000000000009
decision_type=8 8 8 8 2 10 10 2 10 10 10 10 10 2
left_child=4 5 -3 -4 10 6 -2 9 -9 -6 12 -7 -1 -12
right_child=1 2 3 -5 7 11 -8 8 -10 -11 13 -13 -14 -15
leaf_value=-0.26883381784034666 0 0.22190202933813929 -0.007529463190797372 0.031092365351846608 -0.015591985351245782 0.034568375549696467 0.18650388254429048 -0.032881032337667183 0.22978658749598788 -0.21437426341228535 -0.026840397743800551 -0.13919832571598323 0 0
leaf_weight=31.014102762391758 46.877466049222676 19.579172616038704 3270.8522892901774 659.42039057805778 60.112135596903499 32.934104018146172 68.405013432813575 30.125838591467982 16.616930270800367 27.371788791089784 3.7244972461403441 17.528302403225098 5.7679779876489183 8.1770912505162396
leaf_count=636 436 92 28159 8976 797 273 302 353 79 175 206 98 72 72
internal_value=-0.000195945 0.00301775 6.87402e-05 -0.000935209 -0.0748512 0.0705304 0.112806 -0.0329395 0.0516514 -0.0832155 -0.180686 -0.0173549 -0.234892 0
internal_weight=4298.51 4115.6 3949.85 3930.27 182.91 165.745 115.282 134.227 46.7428 87.4839 48.6837 50.4624 36.7821 11.9016
internal_count=40726 38336 37227 37135 2390 1109 738 1404 432 972 986 371 708 278
is_linear=0
shrinkage=0.196372


Tree=211
num_leaves=9
num_cat=1
split_feature=9 26 26 3 37 39 39 7
split_gain=25.3209 16.3594 17.0706 26.0971 17.6081 6.94723 6.69458 4.25078
threshold=7.9700000000000015 30.500000000000004 26.500000000000004 0 3.2500000000000004 22.450000000000003 20.750000000000004 161.50000000000003
decision_type=10 10 10 9 10 10 10 10
left_child=1 2 4 -4 -1 6 -3 -7
right_child=-2 5 3 -5 -6 7 -8 -9
leaf_value=0.021245180226366917 0.20983348858652667 -0.044497016378040426 0.069599465280090964 -0.019223796955727155 -0.011261786404320464 0.095953389444277504 -0.1612294131217 -0.031914679669123945
leaf_weight=833.20539501374151 21.810828515561298 67.635030222882051 319.71182586625218 201.37764379872533 2748.4891331584358 11.312442296795778 39.131959717458813 57.868039343797136
leaf_count=7737 111 692 1873 1573 27919 121 263 437
internal_value=-8.07343e-05 -0.00126482 0.00114499 0.0344276 -0.00357496 -0.0599123 -0.0916654 -0.00437878
internal_weight=4300.54 4278.73 4102.78 521.089 3581.69 175.947 106.767 69.1805
internal_count=40726 40615 39102 3446 35656 1513 955 558
cat_boundaries=0 1
cat_threshold=1
is_linear=0
shrinkage=0.196372


Tree=212
num_leaves=11
num_cat=0
split_feature=30 31 35 38 7 36 7 30 24 8
split_gain=24.3257 19.263 18.8386 27.3201 17.2466 8.69743 7.43098 7.27349 3.86286 1.26472
threshold=7.5000000000000009 55.900000000000013 13.550000000000002 25.950000000000003 155.50000000000003 0.24500000000000002 160.50000000000003 3.5000000000000004 0.14500000000000005 45.500000000000007
decision_type=8 10 8 8 10 10 10 10 10 10
left_child=5 2 4 -4 -2 6 9 -8 -3 -1
right_child=1 8 3 -5 -6 -7 7 -9 -10 -11
leaf_value=0.090767791432778105 -0.05633586779414293 0.22539414046876502 -0.037576126512198958 0.016966965404437054 0.015738483417221998 0.086432781327222749 -0.058539201212157874 -0.17948731616327995 0.032134219719089092 -0.016913329452166264
leaf_weight=5.100027319517042 132.12445824199267 17.707446920569058 874.85122810639609 581.64397452736171 2610.3975536434405 8.3723272429328954 59.228849613132297 46.952591695532192 13.244101825490359 17.327608987545318
leaf_count=79 1557 81 7806 3806 25468 245 722 473 106 467
internal_value=0.000933369 0.00367306 0.00242393 -0.0154905 0.0121003 -0.080307 -0.0947322 -0.116445 0.157724 0
internal_weight=4366.95 4229.97 4199.02 1456.5 2742.52 136.981 128.609 106.181 30.9515 22.4276
internal_count=40810 38824 38637 11612 27025 1986 1741 1195 187 546
is_linear=0
shrinkage=0.196372


Tree=213
num_leaves=15
num_cat=1
split_feature=17 27 26 34 23 19 24 20 4 27 19 27 27 39
split_gain=16.2264 18.3089 17.7702 17.8806 13.9471 17.04 15.8162 13.7063 32.2486 12.6836 11.7743 15.8341 14.8179 6.53165
threshold=2.9500000000000006 15.350000000000003 15.500000000000002 19.500000000000004 65.450000000000017 58.20000000000001 0.13500000000000004 0.13500000000000004 0 29.300000000000001 47.900000000000006 15.900000000000002 34.550000000000004 19.950000000000003
decision_type=10 8 10 10 10 10 8 10 9 10 10 10 10 10
left_child=1 2 3 -1 6 -6 -3 8 -2 -10 12 -12 -9 -4
right_child=7 4 13 -5 5 -7 -8 10 9 -11 11 -13 -14 -15
leaf_value=0.044883426745963836 -0.082496265868371679 0.027553752458450861 -0.11619363866910236 -0.14627668711085218 0.20100844137734625 -0.046308086357528679 -0.013087369200804831 0.0091901486789940333 0.021738353035108862 0.21936817413494608 0.097147643124919525 -0.022227206572103277 0.059829641837854358 0
leaf_weight=85.777840518949461 26.073587545957707 463.61155063916885 132.68329193582031 23.91838297151412 27.833757856220473 13.283342976821585 1754.3494378317432 870.89660939243208 23.6318968144476 51.305487498422735 45.755768538831035 502.16289007188607 313.71302096836735 18.881688528344966
leaf_count=1148 150 2798 1397 1391 184 152 14014 11939 129 164 320 3899 2995 130
internal_value=0.00211675 -0.0079904 -0.0572526 0 -0.00209191 0.110537 -0.00439033 0.0162513 0.0871946 0.144024 0.0118487 -0.0114148 0.0229837 -0.100806
internal_weight=4353.88 2520.34 261.261 109.696 2259.08 41.1171 2217.96 1833.54 101.011 74.9374 1732.53 547.919 1184.61 151.565
internal_count=40810 21214 4066 2539 17148 336 16812 19596 443 293 19153 4219 14934 1527
cat_boundaries=0 1
cat_threshold=66
is_linear=0
shrinkage=0.196372


Tree=214
num_leaves=16
num_cat=2
split_feature=9 34 39 35 16 18 10 35 22 4 29 32 0 22 3
split_gain=21.8689 29.2476 32.0172 26.1567 22.1878 19.8876 17.9468 15.5167 14.4434 15.5684 14.8591 11.575 8.67901 9.10478 5.09556
threshold=6.6950000000000012 11.500000000000002 17.550000000000004 13.65 0.17500000000000002 21.500000000000004 48.850000000000001 14.250000000000002 20.500000000000004 0 4.0500000000000007 0.15500000000000003 6.8050000000000006 23.500000000000004 1
decision_type=10 10 10 10 10 10 10 10 8 9 10 10 2 10 9
left_child=3 12 11 8 7 -6 -4 -5 9 -1 -10 -3 13 -2 -14
right_child=1 2 6 4 5 -7 -8 -9 10 -11 -12 -13 14 -15 -16
leaf_value=0.059620341547046367 -0.1437098998330118 0 0.16406365653903804 -0.1498668791676972 -0.02940451820271894 0.099483838411630499 0.058406988572539682 -0.035871620180070257 -0.015743662024290138 0.0090416442107436028 0.057194420731256863 -0.15220461332713606 0.075120312826832888 -7.0681028008888973e-05 -0.022945644868499749
leaf_weight=305.41961416790173 42.165531444334192 48.00780100285192 84.908523586287629 52.102946726357914 89.852190423560387 87.432921705883928 349.29337952885544 781.96679490010138 1086.8362820384702 1088.6691148051907 117.61389096362655 28.848503203538712 29.223234527220484 39.154517397575546 60.484778109952458
leaf_count=3668 493 279 435 86 1802 696 2166 6113 8561 14156 1156 173 226 558 409
internal_value=0.00293236 0.0352266 0.0590635 -0.0030483 -0.0299251 0.0317012 0.0801599 -0.043561 0.00724291 0.0209408 -0.00824395 -0.054253 -0.0333938 -0.0801746 0.00416316
internal_weight=4291.98 682.086 511.058 3609.89 1011.35 177.285 434.202 834.07 2598.54 1394.09 1204.45 76.8563 171.028 81.32 89.708
internal_count=40977 4739 3053 36238 8697 2498 2601 6199 27541 17824 9717 452 1686 1051 635
cat_boundaries=0 1 2
cat_threshold=140 2
is_linear=0
shrinkage=0.196372


Tree=215
num_leaves=16
num_cat=0
split_feature=40 30 15 15 33 5 27 8 33 27 15 36 40 27 14
split_gain=14.177 16.9185 10.3927 14.1095 19.0625 12.4323 10.5769 9.9192 11.86 10.1662 9.7359 8.14872 9.2671 7.80446 6.00244
threshold=22.950000000000003 21.500000000000004 91.65000000000002 89.850000000000009 2.6500000000000008 6.3650000000000011 43.45000000000001 54.500000000000007 3.2500000000000004 32.850000000000001 96.250000000000014 0.17500000000000002 24.650000000000002 21.150000000000002 23.500000000000004
decision_type=10 10 10 10 10 2 10 10 10 10 10 10 10 10 10
left_child=2 7 3 5 -5 -1 13 9 -9 -2 -8 12 -3 -4 -13
right_child=1 11 6 4 -6 -7 10 8 -10 -11 -12 14 -14 -15 -16
leaf_value=0.025199535849184516 0.072453463636252616 0.10501409711985332 -0.021137258179267256 -0.1766215293768762 -0.020149404416129692 -0.0070907082060696972 0.016552255493737685 0.18204148454683641 0.030896877701916934 -0.023009588918395874 -0.11344022616982206 -0.13085989238853288 -0.039695739279764351 0.072794566772414929 -0.01287718860596716
leaf_weight=548.96753833889261 104.85988199618441 38.112534497005981 33.220952274058618 41.123154401953798 143.38395886091166 2771.5986588858973 73.293485292990226 53.958111050524167 44.98641705148475 63.392754649845301 29.642872133903438 25.965424283174798 25.015036044816952 187.9060278928082 76.735637846897589
leaf_count=8057 1020 217 236 260 773 26263 544 272 459 612 184 400 269 889 522
internal_value=0.00222642 0.0359376 -0.00147168 -0.00469373 -0.0575896 -0.0016174 0.0319892 0.0667545 0.118011 0.0338661 -0.0167323 -0.0110646 0.0407192 0.0566699 -0.0472277
internal_weight=4262.16 433.026 3829.14 3505.07 184.507 3320.57 324.063 267.197 98.9445 168.253 102.936 165.829 63.1276 221.127 102.701
internal_count=40977 3771 37206 35353 1033 34320 1853 2363 731 1632 728 1408 486 1125 922
is_linear=0
shrinkage=0.196372


Tree=216
num_leaves=16
num_cat=0
split_feature=38 38 17 38 13 38 14 9 40 34 37 21 1 39 17
split_gain=18.1804 23.1671 23.2331 17.5908 16.8338 23.3921 21.719 10.8217 10.6743 9.9806 10.0391 8.23154 7.56923 6.81834 5.99989
threshold=12.15 9.7500000000000018 2.4500000000000006 14.750000000000002 0.17500000000000002 15.050000000000002 27.500000000000004 5.6150000000000011 23.550000000000004 15.500000000000002 4.2500000000000009 2.7500000000000004 5.5000000000000009 14.750000000000002 3.7500000000000004
decision_type=10 8 8 10 10 10 10 10 10 10 10 10 2 10 10
left_child=1 8 11 9 5 -5 -6 -4 13 12 -11 -3 -2 -1 -10
right_child=3 2 7 4 6 -7 -8 -9 14 10 -12 -13 -14 -15 -16
leaf_value=0.013712568822918218 0.093659675678665011 -0.0040551444600550142 -0.030730292827472878 -0.14144463028108137 -0.0042197651277175747 0.0096411138107030045 -0.10081956000432449 -0.25282606387496626 0.0040589571153220776 -0.012781754280422724 0.072036973153457223 -0.21024238845238982 -0.055438002124863814 -0.03283745169839395 0.20070976185937506
leaf_weight=282.1926033684299 158.51993037339707 14.114723845385013 328.23175733551898 39.65278891188791 307.34199267842632 2499.8458342621743 133.11952995420143 9.1938801581272838 17.842478284503159 144.83824930035917 80.314774974627653 49.272939599657548 10.319333340798037 205.7542236972422 15.467268153995972
leaf_count=8321 1499 119 3388 269 3551 16003 1325 34 404 1397 743 429 136 3138 179
internal_value=-0.000461096 -0.0249896 -0.0605065 0.00611185 0.000802863 0.00709563 -0.0344567 -0.0382508 0.0014826 0.0451181 0.0155428 -0.171477 0.0818626 -0.00501242 0.109307
internal_weight=4296.02 922.07 400.813 3373.95 2979.96 2539.5 440.462 337.426 521.257 393.992 225.153 63.3877 168.839 487.947 33.3097
internal_count=40935 16012 3970 24923 21148 16272 4876 3422 12042 3775 2140 548 1635 11459 583
is_linear=0
shrinkage=0.196372


Tree=217
num_leaves=16
num_cat=2
split_feature=32 5 5 0 20 21 21 33 15 3 0 3 31 29 0
split_gain=12.9457 25.9204 20.9929 23.6361 17.8914 13.8869 13.3351 15.4493 13.0091 12.2293 11.099 8.99761 14.2873 12.704 7.75572
threshold=0.14500000000000005 6.035000000000001 7.205000000000001 6.745000000000001 0.14500000000000005 2.5500000000000003 2.8500000000000001 4.1500000000000012 91.350000000000009 0 6.6750000000000007 1 26.650000000000002 2.8500000000000001 6.785000000000001
decision_type=10 2 2 2 10 8 10 10 10 9 2 9 10 8 2
left_child=1 11 5 -4 8 -3 9 -8 10 -6 -2 12 -1 -13 -10
right_child=4 2 3 -5 6 -7 7 -9 14 -11 -12 13 -14 -15 -16
leaf_value=-0.21660457051986756 0.079314806773716356 0.15199939551471506 -0.066419089533369113 0.025912368362505066 0.077672006810971098 0.045721785522327328 -0.01153191983108361 0.031305438417953198 -0.048679892234382433 -0.0045515843375966121 -0.06036261420657512 -0.10229982272599979 0 0.14040194370516243 0.070970510575347312
leaf_weight=31.749122320122979 20.255548855201141 65.320216770149273 132.92880656007083 524.58554805729364 154.81201999385394 270.79783432192244 2013.6522406415261 383.69887579327042 28.015803985355888 109.33559262984636 428.08215102997337 20.397838333993377 20.765287861511752 13.700218932664482 58.538907813664991
leaf_count=333 374 476 1157 3068 1360 1710 21630 4863 111 1274 3784 283 159 149 204
internal_value=-7.68489e-05 0.0184 0.0277221 0.00655544 -0.00646095 0.067778 0 -0.0044884 -0.0392264 0.0419819 -0.0530279 -0.083238 -0.134127 0 0.0271005
internal_weight=4276.64 1080.24 993.632 657.514 3196.39 336.118 2661.5 2397.35 534.892 264.148 448.338 86.6125 52.5144 34.0981 86.5547
internal_count=40935 7335 6411 4225 33600 2186 29127 26493 4473 2634 4158 924 492 432 315
cat_boundaries=0 1 2
cat_threshold=1 1
is_linear=0
shrinkage=0.196372


Tree=218
num_leaves=10
num_cat=1
split_feature=30 25 15 5 15 37 4 25 8
split_gain=11.3629 10.0253 8.96739 21.1469 16.5691 16.3453 15.055 13.0727 9.94512
threshold=31.500000000000004 3.3500000000000001 84.050000000000011 8.1950000000000021 61.20000000000001 4.0500000000000007 0 3.3500000000000001 56.500000000000007
decision_type=8 8 10 2 10 10 9 10 10
left_child=2 -2 4 5 7 -4 -5 -1 -6
right_child=1 -3 3 6 8 -7 -8 -9 -10
leaf_value=-0.038848572417265671 0 -0.26387811305797509 -0.038087547237406573 -0.038459901440701029 0.011563515264067105 0.013699649838862477 0.073916521314941822 0.010252031237221479 0.051244039350505602
leaf_weight=434.58686873145052 10.223208040667943 11.50714357393599 785.57355237603406 53.301338736142498 1727.0462733075692 319.95509344648872 156.16892802026632 381.86606663301609 296.85834063440052
leaf_count=7531 150 62 4194 496 15415 1957 1072 7517 2368
internal_value=0.000829696 -0.139884 0.00167946 -0.0115897 0.00797939 -0.0226983 0.0448849 -0.0153431 0.0176078
internal_weight=4177.09 21.7304 4155.36 1315 2840.36 1105.53 209.47 816.453 2023.9
internal_count=40762 212 40550 7719 32831 6151 1568 15048 17783
cat_boundaries=0 1
cat_threshold=65
is_linear=0
shrinkage=0.196372


Tree=219
num_leaves=13
num_cat=2
split_feature=7 0 4 26 15 19 0 40 4 0 15 39
split_gain=13.0647 12.2427 16.2117 17.0306 12.0505 11.7796 11.6051 12.9945 12.3295 9.16804 3.26312 1.26918
threshold=172.50000000000003 6.7550000000000008 0 30.500000000000004 79.350000000000009 45.100000000000009 6.8850000000000007 21.950000000000003 1 6.8350000000000009 65.550000000000011 21.050000000000004
decision_type=10 2 9 10 10 10 2 10 9 2 10 10
left_child=1 2 3 -1 -4 9 7 -3 -8 10 -2 -7
right_child=5 6 4 -5 -6 11 8 -9 -10 -11 -12 -13
leaf_value=0.010863068073360847 0.037889378719942648 0.0050981798878391256 -0.077822479298532282 -0.14866527824914622 -0.0080389738402996212 -0.081254691972770687 -0.081314777713646577 0.043201550437445557 -0.003831941290257095 0 0.20844338656432601 0
leaf_weight=536.28645938432555 13.237054012464794 2191.9986051581523 240.3369255193993 26.790198420756496 183.92202280526908 8.7186470084998309 94.32583300585793 419.21877811627201 406.16935926226506 10.933495756101363 32.420822191052139 15.240011225338092
leaf_count=7915 192 18362 3601 305 1587 147 1141 2864 4273 136 150 89
internal_value=0.00152297 0 -0.0190678 0.00238953 -0.0475161 0.0797386 0.00602725 0.0113885 -0.0210502 0.129849 0.169078 -0.0203527
internal_weight=4179.6 4099.05 987.336 563.077 424.259 80.55 3111.71 2611.22 500.495 56.5914 45.6579 23.9587
internal_count=40762 40048 13408 8220 5188 714 26640 21226 5414 478 342 236
cat_boundaries=0 1 2
cat_threshold=67 66
is_linear=0
shrinkage=0.196372


Tree=220
num_leaves=16
num_cat=3
split_feature=27 4 19 22 31 31 19 19 4 4 5 17 31 17 16
split_gain=10.6128 23.813 19.988 12.3073 17.2144 17.2949 11.7988 18.8368 17.1719 10.0204 9.56111 11.5813 8.5628 6.10739 2.77786
threshold=14.250000000000002 0 39.000000000000007 19.500000000000004 4.7500000000000009 8.1500000000000021 21.550000000000001 42.550000000000004 1 2 7.035000000000001 3.4500000000000006 21.250000000000004 3.0500000000000003 0.15500000000000003
decision_type=10 9 10 10 10 10 10 10 9 9 2 8 10 10 10
left_child=1 2 13 6 9 -6 8 -8 -2 -5 11 -3 -12 -1 -4
right_child=3 10 14 4 5 -7 7 -9 -10 -11 12 -13 -14 -15 -16
leaf_value=0.0075752334518784095 -0.11993693032259074 0.055976829211600312 -0.10017717298469507 -0.0070354794965149549 0.07775469928739058 -0.0054618518842997179 0.04804516197242923 0.00048097178167681389 0.012784204476080356 -0.13382183265725162 -0.060769829944463415 -0.042629544364000176 0.034473285423874032 -0.098463386810054954 -0.2909013708548901
leaf_weight=31.500376457368475 46.648233957597768 149.05663166332488 13.73049623944098 66.246890872469521 100.67177937838278 2037.3651236795049 630.05954626580569 693.64066289814218 97.385674807541363 51.930104283179389 139.78205917826699 61.292277143069441 42.598265033186181 37.713884708595742 23.512437644356396
leaf_count=680 725 2370 80 574 1012 16029 6161 5740 2116 446 2455 1235 396 715 146
internal_value=-0.000118597 -0.0270997 -0.104876 0.00338026 -0.00557634 -0.00132857 0.0174497 0.0234602 -0.0346627 -0.0785364 -0.00211908 0.0251218 -0.0360781 -0.0439312 -0.233401
internal_weight=4223.13 499.186 106.457 3723.95 2256.21 2138.04 1467.73 1323.7 144.034 118.177 392.729 210.349 182.38 69.2143 37.2429
internal_count=40880 8077 1621 32803 18061 17041 14742 11901 2841 1020 6456 3605 2851 1395 226
cat_boundaries=0 1 2 3
cat_threshold=32 48 35
is_linear=0
shrinkage=0.196372


Tree=221
num_leaves=16
num_cat=0
split_feature=22 37 22 19 33 26 34 5 16 26 14 31 33 17 5
split_gain=12.8147 17.3211 15.7598 19.3289 13.4942 12.5348 19.3808 13.7625 11.845 11.1294 9.7993 9.17799 8.03264 5.6541 0.322311
threshold=19.500000000000004 2.7500000000000004 15.500000000000002 42.550000000000004 2.7500000000000004 20.500000000000004 23.500000000000004 6.3650000000000011 0.115 16.500000000000004 15.500000000000002 32.350000000000001 3.8500000000000001 2.6500000000000008 6.8650000000000011
decision_type=8 10 10 10 10 10 10 2 10 10 10 10 10 10 2
left_child=1 9 4 -4 -3 8 7 -7 14 10 -1 -8 -10 -11 -2
right_child=5 2 3 -5 -6 6 11 -9 12 13 -12 -13 -14 -15 -16
leaf_value=0.037600003936193088 -0.24941821559176958 -0.078895883497221431 0.048028056484611732 -0.0059154524466477048 -0.0031535760388743117 0.054665916248783829 -0.093845364225051908 -0.00068000862167552634 -0.012945156352046537 -0.057978674413086267 0.1919036324041227 0.020078852964867531 -0.063324082381882779 0.064285232559047667 -0.073673938142136394
leaf_weight=38.387641745337987 9.9931603702916636 113.22942193237259 525.5415292181533 474.26741235764348 526.43505187837809 195.80453072873934 117.2410326966201 1370.2798836904403 528.23135081924556 24.51048742722196 43.882276456206455 27.658775284595322 174.17172323785053 32.676712580992898 11.287052906856387
leaf_count=665 54 1265 6171 3728 8069 1781 746 10060 5234 324 291 151 1833 397 111
internal_value=-0.000204039 0.012356 0.00640442 0.0219996 -0.0172765 -0.00956387 -0.000137486 0.00596271 -0.0312305 0.0790289 0.125568 -0.0690417 -0.0260846 0.00412619 -0.1785
internal_weight=4213.6 1778.93 1639.47 999.809 639.664 2434.67 1710.98 1566.08 723.683 139.457 82.2699 144.9 702.403 57.1872 21.2802
internal_count=40880 20910 19233 9899 9334 19970 12738 11841 7232 1677 956 897 7067 721 165
is_linear=0
shrinkage=0.196372


Tree=222
num_leaves=15
num_cat=0
split_feature=38 10 20 40 40 21 9 39 2 32 20 21 0 37
split_gain=12.9281 24.347 14.4096 11.3252 10.0277 9.93426 19.0673 22.2995 17.039 13.6529 12.2735 11.505 9.27319 6.02333
threshold=31.750000000000004 54.350000000000001 0.13500000000000004 22.050000000000004 10.750000000000002 3.6500000000000008 5.8250000000000011 23.650000000000002 5.5000000000000009 0.13500000000000004 0.17500000000000002 4.2500000000000009 6.7750000000000012 2.3500000000000001
decision_type=8 8 10 8 10 8 10 10 2 10 10 10 2 8
left_child=5 3 13 12 -4 6 7 -1 11 -8 -10 -7 -2 -3
right_child=1 2 4 -5 -6 8 9 -9 10 -11 -12 -13 -14 -15
leaf_value=-0.016010098160188505 0 0 0.14242373005178297 -0.25939664150491881 -0.035749460555650349 0.033586578784713286 0.045816854000044885 -0.12610272008732951 -0.25482571408815063 -0.00022525899725458324 -0.024637997523116448 -0.014870737551001245 -0.1113589261924913 0.15940990121129658
leaf_weight=1357.9424503947594 51.961707855749182 8.5489170776854717 12.443525878275976 16.718091793125495 143.07431086010183 789.61055595903144 316.19634719328315 76.457709606242133 13.306022184144238 1068.3300444767083 43.874917500740594 233.84864535736051 91.317447770707076 28.933632377498952
leaf_count=14756 471 58 131 54 1177 9090 1574 597 116 7518 823 3848 486 294
internal_value=-0.00336535 -0.0393421 0.00547151 -0.0961074 -0.0184685 0 -0.00624312 -0.0222055 0.0158987 0.00997448 -0.0866782 0.0220801 -0.0736072 0.116129
internal_weight=4252.56 352.998 193 159.997 155.518 3899.57 2818.93 1434.4 1080.64 1384.53 57.1809 1023.46 143.279 37.4825
internal_count=40993 2671 1660 1011 1308 38322 24445 15353 13877 9092 939 12938 957 352
is_linear=0
shrinkage=0.196372


Tree=223
num_leaves=14
num_cat=0
split_feature=17 37 38 5 39 14 14 39 39 19 23 37 9
split_gain=11.2674 14.6406 16.6746 13.8112 13.2348 10.6232 10.5548 10.5405 12.2033 9.44241 10.4875 7.90125 4.60355
threshold=2.0500000000000003 3.6500000000000008 31.050000000000004 4.8350000000000009 22.550000000000004 48.500000000000007 36.500000000000007 15.350000000000003 23.850000000000005 60.750000000000007 13.65 3.1500000000000008 5.0950000000000006
decision_type=8 10 8 2 10 8 10 10 10 10 10 10 8
left_child=1 2 4 7 -1 6 -5 12 -9 10 -3 -4 -2
right_child=3 9 11 5 -6 -7 -8 8 -10 -11 -12 -13 -14
leaf_value=0 -0.011228632547421846 0.012826252718163518 -0.18930183137172488 0.00089127695531898449 0.14244179151726954 -0.14557199981988367 0.051543111985561267 -0.15445456288751425 0.034755029720470072 0 -0.14849990828982071 0 0.16660337315075804
leaf_weight=123.75777673364564 25.815552369911074 13.118299595372489 23.51143205651897 3651.5531241378012 29.766582819866017 18.283044980274553 166.83524941999349 57.205515889148955 12.358516306820091 33.178763539821375 80.897810850387032 14.168278107652439 6.188489870131888
leaf_count=1828 1120 825 158 33383 136 114 1120 1035 190 120 758 111 95
internal_value=-0.0023774 -0.0379131 -0.00116489 0.000384712 0.025231 0.00239065 0.00322339 -0.0708737 -0.114473 -0.0895758 -0.121299 -0.119975 0.0102386
internal_weight=4256.64 318.399 191.204 3938.24 153.524 3836.67 3818.39 101.568 69.564 127.195 94.0161 37.6797 32.004
internal_count=40993 3936 2233 37057 1964 34617 34503 2440 1225 1703 1583 269 1215
is_linear=0
shrinkage=0.196372


Tree=224
num_leaves=9
num_cat=1
split_feature=25 29 40 34 4 37 33 18
split_gain=12.7993 14.8367 12.509 12.3801 18.1875 12.4462 11.1892 10.1967
threshold=5.4500000000000011 2.4500000000000006 20.750000000000004 19.500000000000004 0 3.0500000000000003 2.7500000000000004 26.500000000000004
decision_type=10 8 10 10 9 10 10 10
left_child=1 2 6 5 -5 -3 -1 -4
right_child=-2 3 7 4 -6 -7 -8 -9
leaf_value=-0.080464309774978718 0.21108883989038726 0.038705587142670826 0 -0.094481902605236312 -0.0083574581894345808 0.001251713908887425 -0.013387505035577308 0.18074564298952667
leaf_weight=222.69871790487605 10.426762119262092 403.84427600925756 75.143481554594473 101.02808638534316 802.86816536460765 2426.0192935094087 200.88433573968655 14.037824471073689
leaf_count=2249 76 3590 620 775 7209 24330 2055 74
internal_value=-0.00329475 -0.00393614 -0.0352582 0.000248201 -0.0196319 0.00675607 -0.0497234 0.0284348
internal_weight=4256.95 4246.52 512.764 3733.76 903.896 2829.86 423.583 89.1813
internal_count=40978 40902 4998 35904 7984 27920 4304 694
cat_boundaries=0 1
cat_threshold=144
is_linear=0
shrinkage=0.196372


Tree=225
num_leaves=9
num_cat=0
split_feature=25 5 8 38 8 31 17 35
split_gain=9.2651 8.34201 21.2003 15.9712 15.1519 14.3577 13.3871 8.37129
threshold=5.2500000000000009 8.1950000000000021 53.500000000000007 32.150000000000013 51.500000000000007 15.900000000000002 3.6500000000000008 31.400000000000002
decision_type=10 2 10 8 10 10 8 10
left_child=1 3 6 7 -5 -4 -3 -1
right_child=-2 2 5 4 -6 -7 -8 -9
leaf_value=-0.0057258542816030602 0.16125861765391392 -0.0019778498192098764 -0.030570382988878174 0.030360592122306494 -0.085876100779495368 0.090336525577746504 -0.16778087944130307 0.057796496406724046
leaf_weight=3489.9049911011421 12.72195834652848 218.77628677749294 41.783606257335123 50.494923890483278 176.86405502771959 176.23392586133923 21.01260992326911 80.695043263207481
leaf_count=32573 112 2692 855 590 1249 1736 456 715
internal_value=-0.00380157 -0.00440728 0.0203694 -0.00751173 -0.0581053 0.0651225 -0.0184917 -0.00416258
internal_weight=4268.49 4255.77 457.806 3797.96 227.359 218.018 239.789 3570.6
internal_count=40978 40866 5739 35127 1839 2591 3148 33288
is_linear=0
shrinkage=0.196372


Tree=226
num_leaves=15
num_cat=0
split_feature=7 0 39 35 36 16 39 27 29 26 0 21 0 0
split_gain=16.8886 13.7509 13.463 11.1327 8.8653 23.0586 15.4579 11.6238 11.909 10.1485 7.74974 5.38616 4.23928 1.49724
threshold=171.50000000000003 6.8550000000000013 12.250000000000002 11.750000000000002 0.12500000000000003 0.16500000000000004 18.950000000000003 61.95000000000001 2.7500000000000004 18.500000000000004 6.785000000000001 3.6500000000000008 6.8050000000000006 6.9050000000000011
decision_type=10 2 10 10 8 10 8 10 10 10 2 10 2 2
left_child=4 2 12 -4 5 6 -1 8 -6 -7 -9 13 -2 -3
right_child=1 11 3 -5 7 9 -8 10 -10 -11 -12 -13 -14 -15
leaf_value=0.12850878200423688 -0.1520357440731778 -0.040144239480087794 0.15171462104545144 0.025586161925097366 -0.024736549786893013 0 0.0069921149592320027 0.14779864586121716 0.00081688547126153527 -0.17021381085390086 0 -0.17304448236956227 0.0041476515077632295 0.075093846474933848
leaf_weight=87.447981768964155 10.336359340543821 10.089179969843832 82.919434764771722 54.250367825472495 921.34000680095733 19.039344160544715 90.287548952968791 31.61881115138749 2843.2380934803991 24.652799015908386 33.805127791762061 9.9439371021580865 5.4956261919669478 7.0845008160176794
leaf_count=468 159 123 565 444 8180 287 636 240 28946 177 271 96 77 80
internal_value=0.00104349 0.0599057 0.083999 0.105179 -0.00146681 0.0365328 0.0693564 -0.00378153 -0.00532013 -0.0865688 0.0777192 -0.0593835 -0.0707996 0
internal_weight=4231.55 180.119 153.002 137.17 4051.43 221.428 177.736 3830 3764.58 43.6921 65.4239 27.1176 15.832 17.1737
internal_count=40749 1544 1245 1009 39205 1568 1104 37637 37126 464 511 299 236 203
is_linear=0
shrinkage=0.196372


Tree=227
num_leaves=16
num_cat=2
split_feature=5 5 37 27 10 4 10 10 4 18 10 38 18 16 37
split_gain=13.0239 12.9239 15.6143 15.3937 20.0326 14.8356 13.6733 12.2231 21.0229 19.7779 19.0824 18.8027 14.7222 8.4253 1.85531
threshold=8.2050000000000018 8.3750000000000018 2.3500000000000001 31.100000000000005 49.350000000000001 0 32.45000000000001 48.650000000000013 1 30.500000000000004 47.45000000000001 28.750000000000004 23.500000000000004 0.14500000000000005 2.1500000000000008
decision_type=2 2 8 10 10 9 10 8 9 10 10 10 8 10 10
left_child=7 3 14 6 -5 -4 -2 10 9 -9 11 -1 -10 -12 -3
right_child=1 2 5 4 -6 -7 -8 8 12 -11 13 -13 -14 -15 -16
leaf_value=-0.0040340706507434763 0 0.045872477837269166 0.042273984035568084 -0.048691412836501011 0.10802959021873119 -0.053030053181001215 0.19736785954621999 -0.1380134965222671 0.023471180807555489 0.047817561451314515 0.11980054998878854 0.10581169659754969 -0.045228317143792024 0.0093869755184710045 0.25674047457946492
leaf_weight=2979.1106806593066 19.760870536974153 10.017916550044903 98.574708347973456 63.003160415450111 58.891176940698642 134.73192767432101 51.37976889841957 110.05151243216824 255.79599049214448 23.459083381283563 73.143984820926562 60.983742414100561 221.44071624503749 56.805231632490177 9.2326998188364069
leaf_count=29904 524 104 1354 692 350 2147 343 630 1708 91 299 372 1700 471 60
internal_value=0.000201338 0.0320443 0.000989835 0.0703314 0.0234449 -0.0113203 0.144138 -0.00343572 -0.028902 -0.0949185 0.00133221 -0.00167736 -0.00732818 0.0750398 0.171506
internal_weight=4226.38 445.592 252.557 193.035 121.894 233.307 71.1406 3780.79 610.747 133.511 3170.04 3040.09 477.237 129.949 19.2506
internal_count=40749 5574 3665 1909 1042 3501 867 35175 4129 721 31046 30276 3408 770 164
cat_boundaries=0 1 2
cat_threshold=216 24
is_linear=0
shrinkage=0.196372


Tree=228
num_leaves=15
num_cat=1
split_feature=35 23 4 16 35 15 23 39 26 39 0 27 14 26
split_gain=11.5495 15.3017 15.9951 14.0247 24.246 9.54721 11.3234 9.11759 14.1939 8.95835 7.99455 7.96277 7.43373 0.00201321
threshold=20.850000000000005 56.600000000000009 0 0.17500000000000002 25.850000000000005 98.800000000000011 42.350000000000001 27.750000000000004 22.500000000000004 18.450000000000003 6.9350000000000014 37.050000000000004 35.500000000000007 19.500000000000004
decision_type=10 10 9 10 10 8 10 8 10 10 2 10 10 8
left_child=5 3 11 10 -5 7 13 9 -9 -1 -2 -3 -4 -7
right_child=1 2 12 4 -6 6 -8 8 -10 -11 -12 -13 -14 -15
leaf_value=-0.0032456539602805576 -0.058127340045918151 0 -0.11684712874985878 -0.035417627563605801 0.18503180127735297 -0.0071754245917700172 0.18057363203780544 -0.14754858805290366 0.041477034636817123 0.016484361738197058 0.06765157860115345 0.17101216063448765 0.055338767873129406 0
leaf_weight=1897.0182468341045 412.69443328701891 12.747970015043391 26.258374062046641 55.231606146335253 27.754622525746527 8.1121272160128246 25.832190410495969 37.206898253585678 20.829526651650667 1621.1845326970652 17.054430476389825 40.487196785979904 11.062609619140856 8.2136113199928769
leaf_count=22543 3358 122 354 536 376 108 82 214 196 12203 175 303 86 49
internal_value=0.00126181 -0.0237495 0.0484903 -0.0373884 0.0332559 0.00555576 0.0987155 0.00432766 -0.0721784 0.00572016 -0.0520724 0.108286 -0.042602 -0.00460635
internal_weight=4221.69 603.291 90.5562 512.735 82.9862 3618.4 42.1579 3576.24 58.0364 3518.2 429.749 53.2352 37.321 16.3257
internal_count=40705 5310 865 4445 912 35395 239 35156 410 34746 3533 425 440 157
cat_boundaries=0 1
cat_threshold=116
is_linear=0
shrinkage=0.196372


Tree=229
num_leaves=12
num_cat=1
split_feature=5 24 4 25 5 7 33 16 27 11 11
split_gain=8.84233 8.25184 12.641 13.5418 11.6261 7.14201 9.08574 6.48305 6.11625 0.61465 0.216218
threshold=8.9950000000000028 0.115 0 2.1500000000000008 8.3950000000000014 171.50000000000003 2.2500000000000004 0.13500000000000004 38.45000000000001 5.5000000000000009 1.0000000180025095e-35
decision_type=2 8 9 10 2 8 10 8 10 10 10
left_child=1 2 4 -4 -1 6 -3 -7 9 10 -2
right_child=8 5 3 -5 -6 7 -8 -9 -10 -11 -12
leaf_value=0.056601620613187804 0 0.044303422155187865 0 -0.19267272182010281 -0.21555491594525894 0.10490589083097636 -0.0012100578321090848 0.014097095585880281 0.19875646008189138 0.059669678379143734 -0.071230626621853962
leaf_weight=50.671059029999242 1.7660485293481558 176.55810949374791 22.639851603373472 37.918526936584385 6.326631106559943 47.514152357263811 3744.6203161016156 126.76538487544121 14.622040066693442 2.9275067817070521 3.9020636736022425
leaf_count=1077 149 1354 663 122 45 237 35337 1182 317 42 180
internal_value=0.00177218 0.000996808 -0.0500721 -0.104109 0.0152781 0.00257361 0.000728303 0.041496 0.122243 0 -0.0461655
internal_weight=4236.23 4213.01 117.556 60.5584 56.9977 4095.46 3921.18 174.28 23.2177 8.59562 5.66811
internal_count=40705 40017 1907 785 1122 38110 36691 1419 688 371 329
cat_boundaries=0 1
cat_threshold=71
is_linear=0
shrinkage=0.196372


Tree=230
num_leaves=16
num_cat=1
split_feature=7 40 8 19 13 40 7 40 10 4 15 17 14 34 14
split_gain=8.25636 11.3664 13.4769 13.1888 11.0745 14.344 14.4887 11.4652 11.0296 10.3792 19.1432 15.2425 9.38578 7.7965 5.31246
threshold=160.50000000000003 14.250000000000002 61.500000000000007 41.650000000000013 0.18500000000000003 10.050000000000002 156.50000000000003 13.750000000000002 31.350000000000005 0 91.950000000000017 3.5500000000000003 26.500000000000004 21.500000000000004 15.500000000000002
decision_type=8 10 10 10 10 8 10 10 10 9 10 8 10 10 10
left_child=4 9 13 -4 5 6 -1 -7 14 10 -2 -11 -10 -3 -6
right_child=1 2 3 -5 8 7 -8 -9 12 11 -12 -13 -14 -15 -16
leaf_value=0.17786663052342525 0.0096518610357543538 0.00503889295744178 -0.0060766651219875401 -0.24511704486935834 0.024613885703649137 -0.099710099507585276 -0.082550701828744105 -0.022640380483996397 0.15182213651291485 0.054995089794043529 -0.16974569213111559 -0.03773291976825266 -0.028022598877135287 -0.026138231861234453 -0.073174193403447566
leaf_weight=24.83105402825322 240.43670957119411 2210.2971785657446 27.186095877492335 16.935359053895809 61.322144414361901 91.815731018279621 9.4455425213941435 582.78372414353362 39.820672499365173 465.86588384118022 24.925122111017117 74.083493709258619 10.151401586073915 358.67644704091799 31.332243079647014
leaf_count=197 2767 19766 200 75 1986 924 267 4338 442 4615 154 1267 161 3016 608
internal_value=0.000545298 0.00495554 -0.00116919 -0.108573 -0.0166354 -0.0270239 0.0931625 -0.0338157 0.0318521 0.0253756 -0.00544302 0.0406873 0.106475 0.000511369 -0.00376378
internal_weight=4269.91 3418.41 2613.1 44.1215 851.503 708.876 34.2766 674.599 142.626 805.311 265.362 539.949 49.9721 2568.97 92.6544
internal_count=40783 31860 23057 275 8923 5726 464 5262 3197 8803 2921 5882 603 22782 2594
cat_boundaries=0 1
cat_threshold=200
is_linear=0
shrinkage=0.196372


Tree=231
num_leaves=16
num_cat=2
split_feature=37 5 5 5 4 15 21 5 9 4 18 14 30 8 1
split_gain=12.8994 22.0335 19.488 17.0276 24.9032 28.3737 17.1532 19.841 13.2467 15.2773 13.08 10.0281 9.9892 9.96807 9.48102
threshold=4.1500000000000012 6.3250000000000011 4.3350000000000009 7.3050000000000006 0 73.15000000000002 2.7500000000000004 8.2650000000000023 5.1650000000000009 1 32.500000000000007 5.5000000000000009 19.500000000000004 49.500000000000007 4.5000000000000009
decision_type=8 2 2 2 9 10 10 2 10 9 10 8 10 10 2
left_child=3 2 12 4 13 -6 7 -5 11 -10 -8 -3 -2 -1 -4
right_child=1 8 14 6 5 -7 10 -9 9 -11 -12 -13 -14 -15 -16
leaf_value=-0.059223460351397209 0.0019691005220847319 0.10475638301555774 0.10193522500701603 -0.053434494578823599 0 -0.074538145280754198 0.023723726775333166 0.062397457082451521 0.0477817425565659 -0.0059305400055048151 -0.080749164879636404 -0.030202883608107023 -0.21462490845152069 0.021620788766075014 -0.010575922664713525
leaf_weight=65.837394540273635 13.241464348564024 20.883033647965931 200.59109285549403 290.39116281220413 322.5625983892337 501.26526673483386 1059.7504220147439 67.620296282188065 370.00864600062778 415.61957900045672 46.417791569969268 425.99694797466145 12.258137507812533 437.00466460818598 25.538950468744133
leaf_count=752 594 321 2196 2060 4788 3081 9655 761 2353 3125 348 5677 213 4539 320
internal_value=0 0.0148765 0.0679113 -0.00777968 -0.0239651 -0.0447704 0.00658383 -0.0302931 0.00367893 0.01934 0.0189239 -0.0228566 -0.0857859 0.00993526 0.0872685
internal_weight=4274.99 1484.14 251.63 2790.85 1326.67 823.828 1464.18 358.011 1232.51 785.628 1106.17 446.88 25.4996 502.842 226.13
internal_count=40783 14799 3323 25984 13160 7869 12824 2821 11476 5478 10003 5998 807 5291 2516
cat_boundaries=0 1 2
cat_threshold=193 49
is_linear=0
shrinkage=0.196372


Tree=232
num_leaves=11
num_cat=2
split_feature=26 33 39 5 4 37 36 4 5 33
split_gain=8.77568 8.86204 15.6825 18.4204 11.7831 11.7031 17.6054 14.2831 5.03769 4.74465
threshold=35.500000000000007 3.4500000000000006 23.150000000000002 5.7350000000000012 0 3.7500000000000004 0.15500000000000003 1 7.0450000000000008 3.2500000000000004
decision_type=10 8 8 2 9 10 10 9 2 10
left_child=1 5 3 -3 -4 6 -1 -7 -2 -10
right_child=8 2 4 -5 -6 7 -8 -9 9 -11
leaf_value=0.016211421430790043 0 0.07220833571920815 -0.0011176762677083895 -0.0079405289519855187 -0.081249656777241303 -0.013965902843465324 -0.025628415364851314 0.039378653542630065 -0.021675690465358999 -0.25190458570549007
leaf_weight=877.22779193464487 9.4198675994994101 120.59483935408502 143.56181192817508 1288.32141041251 176.21100459789159 248.2230892341986 691.38835380940316 710.23833259648336 12.246634118229851 10.939185364579314
leaf_count=6257 74 2326 934 13807 1129 1813 7655 6554 102 75
internal_value=0 0.000728821 -0.00998963 -0.000755381 -0.0492607 0.00823687 -0.00194797 0.0253653 -0.101209 -0.150567
internal_weight=4288.37 4255.77 1728.69 1408.92 319.773 2527.08 1568.62 958.461 32.6057 23.1858
internal_count=40726 40475 18196 16133 2063 22279 13912 8367 251 177
cat_boundaries=0 1 2
cat_threshold=86 28
is_linear=0
shrinkage=0.196372


Tree=233
num_leaves=15
num_cat=2
split_feature=40 4 38 31 27 39 15 4 20 14 7 7 31 21
split_gain=8.98575 16.1678 21.6427 21.1244 14.9247 14.4005 10.8585 10.4263 17.5544 13.8692 12.7564 10.788 9.6671 6.48099
threshold=20.150000000000002 0 11.950000000000001 5.5500000000000007 32.150000000000013 13.250000000000002 74.350000000000009 1 0.115 42.500000000000007 171.50000000000003 167.50000000000003 28.550000000000004 2.7500000000000004
decision_type=10 9 10 10 10 10 10 9 8 10 10 10 10 10
left_child=7 4 13 -4 6 -6 -2 9 11 12 -10 -9 -1 -3
right_child=1 2 3 -5 5 -7 -8 8 10 -11 -12 -13 -14 -15
leaf_value=0.001108374401856045 0.091228576845075973 0.013240807580179835 0.16302222551726339 -0.0051039241153699143 -0.15773385150169633 0.014071501539390423 0.018902987689966337 0 -0.020647576428083552 -0.19012629403841708 0.052158776560532576 0.19504845553484271 0.04359329695693507 -0.12293754686970654
leaf_weight=854.14337102437321 212.60827717584834 9.486185694790036 30.617528567789122 398.67358230387617 19.956332563095202 270.90803007366048 157.44249252627924 14.941724755000449 1850.8677546173963 12.811943305365274 94.349056868290063 24.250159346735472 282.44017029041061 74.510291603764927
leaf_count=9755 2406 81 147 2793 120 2219 1129 715 16788 82 656 234 2555 1046
internal_value=6.98632e-05 0.0148206 -0.0107427 0.00592723 0.0349761 0.000652757 0.0616843 -0.00531603 -0.0139863 0.00930721 -0.0168827 0.114278 0.0120626 -0.10229
internal_weight=4308.01 1174.2 513.288 429.291 660.915 290.864 370.051 3133.8 1984.41 1149.4 1945.22 39.1919 1136.58 83.9965
internal_count=40726 9941 4067 2940 5874 2339 3535 30785 18393 12392 17444 949 12310 1127
cat_boundaries=0 1 2
cat_threshold=225 70
is_linear=0
shrinkage=0.196372


Tree=234
num_leaves=15
num_cat=0
split_feature=39 9 7 15 0 38 10 0 11 40 30 10 15 29
split_gain=8.61049 14.6764 15.498 9.78265 8.39914 16.9752 14.2157 10.5001 15.8699 14.3772 8.35395 7.21511 8.80524 2.54233
threshold=25.450000000000003 6.8850000000000007 165.50000000000003 76.800000000000026 6.8950000000000005 35.45000000000001 43.150000000000013 6.7350000000000012 8.5000000000000018 23.550000000000004 23.500000000000004 58.95000000000001 82.950000000000017 3.1500000000000008
decision_type=10 10 10 10 2 10 10 2 10 8 10 10 10 10
left_child=4 2 10 -4 7 6 -6 8 -1 -9 -2 12 -3 -13
right_child=1 11 3 -5 5 -7 -8 9 -10 -11 -12 13 -14 -15
leaf_value=-0.015940333766595489 -0.035168664181266816 0.0060290022041459201 0 0.13159859023356815 -0.013940096675005781 0.13686899385542539 -0.10306734538081883 0.0099050526524388244 -0.21107015933760942 -0.038766291048155307 0.090030873100747963 0.080807733723992428 -0.12799847626274721 -0.0097126005057969946
leaf_weight=665.41807251057162 72.452404938958352 24.370536675996846 29.713715998295811 101.36027077783365 249.06977159560392 20.658108987961896 104.27622536075069 2693.8317994217168 16.780102820601314 253.56219227234305 28.445330165275664 21.28777359041851 40.328978374949656 10.886122905358205
leaf_count=9789 703 137 242 497 3458 103 731 22323 128 1845 209 220 244 113
internal_value=2.78787e-06 0.0306388 0.0581147 0.102592 -0.00240415 -0.0304314 -0.0415442 0.000363137 -0.0214543 0.00556478 0 -0.0305643 -0.0708174 0.0366045
internal_weight=4332.44 328.845 231.972 131.074 4003.6 374.004 353.346 3629.59 682.198 2947.39 100.898 96.8734 64.6995 32.1739
internal_count=40742 2365 1651 739 38377 4292 4189 34085 9917 24168 912 714 381 333
is_linear=0
shrinkage=0.196372


Tree=235
num_leaves=12
num_cat=0
split_feature=5 38 38 33 31 38 25 37 37 1 11
split_gain=10.6016 9.02915 7.77751 18.4414 10.4031 10.0202 7.8564 9.03821 6.13343 0.504537 1.07107
threshold=8.9950000000000028 25.250000000000004 31.750000000000004 2.6500000000000008 18.900000000000002 35.45000000000001 2.9500000000000006 3.9500000000000006 3.8500000000000001 1.5000000000000002 1.5000000000000002
decision_type=2 10 8 8 10 10 10 10 10 2 10
left_child=2 9 6 5 -5 -4 7 -1 -8 -2 -11
right_child=1 -3 3 4 -6 -7 8 -9 -10 10 -12
leaf_value=0.0027508423517348898 0 0.198623360683581 -0.1251989951648125 0.09274635090448026 -0.015080047950118388 0 0.0068582335077954368 0.035603670854153079 -0.013553696509647455 0 -0.11944521330318895
leaf_weight=1128.2195432021763 3.4216829296565283 18.974343422334641 87.868831672822353 41.112057687860897 202.7415113983443 32.117391337960726 934.29833839339176 472.82969462616256 1376.1160486403548 1.6715448753147937 4.0480230744287837
leaf_count=9400 135 254 480 253 1431 377 9597 4067 14435 189 124
internal_value=0.000322424 0.120116 -0.000367395 -0.0279075 0.00134374 -0.0909487 0.00208221 0.0127338 -0.00510736 0 -0.0572786
internal_weight=4303.42 28.1156 4275.3 363.84 243.854 119.986 3911.46 1601.05 2310.41 9.14125 5.71957
internal_count=40742 702 40040 2541 1684 857 37499 13467 24032 448 313
is_linear=0
shrinkage=0.196372


Tree=236
num_leaves=16
num_cat=0
split_feature=25 5 0 18 5 19 22 0 20 5 22 28 37 26 2
split_gain=9.85991 15.7391 11.4099 13.7932 13.1268 9.84631 13.1826 14.977 9.63752 11.9743 7.73453 9.91732 7.70904 7.51709 5.93053
threshold=2.8500000000000001 7.9350000000000014 6.8050000000000006 18.500000000000004 7.1550000000000011 66.40000000000002 22.500000000000004 6.8150000000000004 0.13500000000000004 8.8450000000000006 31.500000000000004 0.15500000000000003 2.6500000000000008 25.500000000000004 2.5000000000000004
decision_type=10 2 2 8 2 10 10 2 8 2 10 10 10 10 2
left_child=1 2 3 -1 -4 10 7 -7 13 -10 12 -12 -2 -3 -8
right_child=5 8 4 -5 -6 6 14 -9 9 -11 11 -13 -14 -15 -16
leaf_value=0 -0.041729587837956314 0.10395185221326228 -0.033100637576941851 -0.064695064040548977 0.027369715490536579 0.18229915863295595 0.038299044515991115 0 -0.0088490435514595768 0.16019947235056217 0.17034334530437006 0.01136435970430701 0.0062257829157639421 -0.0038616450824722659 -0.091682219449054775
leaf_weight=205.39795619794336 134.86820726082078 80.021008174691815 273.6880046219494 373.56781204579897 277.4484739165091 47.231271711876616 33.217069661535788 28.17962887804606 230.43717633774759 17.090957692627853 24.753487888781819 56.806023937751888 2400.4812557851133 25.081624494021526 21.296436417331279
leaf_count=2605 1136 602 2501 2906 1854 384 272 206 2092 297 155 426 25105 190 198
internal_value=0.0013491 -0.0114286 -0.0229328 -0.0422229 -0.00185497 0.00840848 0.0614789 0.114942 0.0241729 0.00115706 0.00559923 0.0653596 0.00349641 0.0740507 -0.00452316
internal_weight=4229.57 1482.73 1130.1 578.966 551.136 2746.83 129.924 75.4109 352.631 247.528 2616.91 81.5595 2535.35 105.103 54.5135
internal_count=40929 13047 9866 5511 4355 27882 1060 590 3181 2389 26822 581 26241 792 470
is_linear=0
shrinkage=0.196372


Tree=237
num_leaves=13
num_cat=0
split_feature=26 34 9 10 33 13 19 18 26 40 31 39
split_gain=7.19799 9.43438 7.48056 23.3212 11.1559 15.2205 13.514 7.9928 7.64177 6.41358 5.1869 2.96858
threshold=29.500000000000004 23.500000000000004 5.8150000000000004 37.350000000000001 2.8500000000000001 0.14500000000000005 37.050000000000004 13.500000000000002 22.500000000000004 23.550000000000004 17.500000000000004 19.050000000000004
decision_type=8 10 10 10 10 10 10 10 10 8 10 8
left_child=2 9 4 8 6 -6 -1 -5 -4 10 -2 -11
right_child=1 -3 3 7 5 -7 -8 -9 -10 11 -12 -13
leaf_value=0 0.017620552047012336 0.11873977104023602 0 0.081638392949017632 0.14058175513344204 0 -0.071382554264266304 0.0061699202808236158 0.19554381028309595 -0.016123368292855142 -0.047192563936821745 -0.21025959254256135
leaf_weight=230.44314332072645 56.795463255476079 13.65240574852214 15.253112494567175 57.139737150093424 30.091159826712101 1723.4450842581227 191.16854117352341 1704.501765139401 35.307856341591105 11.236615861591419 153.73456445126794 13.418189542495837
leaf_count=2930 473 73 191 366 243 21767 1545 11721 118 105 1312 85
internal_value=0.00143084 -0.0307758 0.00355363 0.0129308 -0.00405526 0.00260787 -0.0328082 0.00887927 0.144727 -0.04144 -0.0276005 -0.140524
internal_weight=4236.19 248.837 3987.35 1812.2 2175.15 1753.54 421.612 1761.64 50.561 235.185 210.53 24.6548
internal_count=40929 2048 38881 12396 26485 22010 4475 12087 309 1975 1785 190
is_linear=0
shrinkage=0.196372


Tree=238
num_leaves=12
num_cat=0
split_feature=29 27 37 24 31 31 38 24 1 18 38
split_gain=8.78841 19.5121 9.12751 11.2236 12.5784 8.93047 21.1699 10.8114 2.31126 4.9126 3.39604
threshold=1.8500000000000003 37.050000000000004 4.8500000000000005 0.13500000000000004 10.400000000000002 35.250000000000007 26.050000000000004 0.13500000000000004 3.5000000000000004 17.500000000000004 23.050000000000004
decision_type=8 10 10 10 10 10 10 10 2 10 10
left_child=1 8 5 -4 -5 7 -7 -2 10 -10 -1
right_child=2 -3 3 4 -6 6 -8 -9 9 -11 -12
leaf_value=-0.075464384063495121 0.034309848224323793 -0.20057764507945119 -0.15086938047741033 0.030135766122840801 -0.04820856004033823 0.026571418369240322 -0.054766055994593991 0.0017631956810184358 0.19223784642502922 0 0.060745589267017709
leaf_weight=18.084436032968487 463.47822210256754 27.063170018507662 28.205318330641603 119.68193932227541 209.50702651708707 199.78532471302242 302.68532357658842 2856.2054596691869 7.198172416587111 5.7888097951654345 8.6435639952542243
leaf_count=629 3520 247 162 1849 2298 1765 2190 28070 182 28 53
internal_value=-0.00129118 -0.0718647 -5.37999e-05 -0.0301568 -0.0183761 0.00264635 -0.0215449 0.00644284 0.00531851 0.0799478 -0.0148016
internal_weight=4246.33 66.7782 4179.55 357.394 329.189 3822.15 502.471 3319.68 39.715 12.987 26.728
internal_count=40993 1139 39854 4309 4147 35545 3955 31590 892 210 682
is_linear=0
shrinkage=0.196372


Tree=239
num_leaves=16
num_cat=0
split_feature=19 27 19 7 18 18 31 31 7 38 38 33 31 7 27
split_gain=8.07557 10.2464 9.47455 6.77203 13.9379 9.56551 8.28516 6.84911 9.22734 8.8196 5.22992 4.14832 3.48516 2.84886 1.09351
threshold=16.650000000000002 29.300000000000001 7.3500000000000005 156.50000000000003 21.500000000000004 23.500000000000004 10.600000000000001 10.600000000000001 160.50000000000003 7.8500000000000005 4.2500000000000009 4.7500000000000009 16.950000000000003 167.50000000000003 35.650000000000013
decision_type=8 10 10 10 10 10 8 10 10 10 10 8 10 10 8
left_child=1 2 11 4 6 -6 -2 9 -9 -5 -4 -1 13 -3 -14
right_child=3 12 10 7 5 -7 -8 8 -10 -11 -12 -13 14 -15 -16
leaf_value=0.014225041014701326 -0.0087906180917553377 0.14679391857592136 0.0047600613242065291 -0.033542431327872727 -0.088692401277117042 0.021101107967282345 0.082233087981824077 -0.035140437285085577 -0.0019506252858201292 0.02335042426242016 -0.12414656966511595 -0.14151332263145669 -0.097083909113645006 0 0
leaf_weight=51.249615211730315 40.151126372905537 14.961268640132408 6.7099871899772543 118.86269047995938 50.472836865257705 66.55406231363304 153.97814009840727 375.49881905689472 2585.9979362511949 670.08922062323836 77.496444303331373 7.2574084471025335 4.2924156914814349 5.2723276807519133 6.4271555792583976
leaf_count=2357 552 352 561 2680 359 527 1173 3620 21342 5527 1410 230 95 88 120
internal_value=-0.00134163 -0.0428061 -0.066433 0.000324123 0.0282437 -0.0225388 0.061133 -0.00187529 -0.00631101 0.0142097 -0.108628 0 0.0515929 0.103043 -0.00500999
internal_weight=4235.27 173.667 142.713 4061.6 311.156 117.027 194.129 3750.45 2961.5 788.952 84.2064 58.507 30.9532 20.2336 10.7196
internal_count=40993 5213 4558 35780 2611 886 1725 33169 24962 8207 1971 2587 655 440 215
is_linear=0
shrinkage=0.196372


Tree=240
num_leaves=15
num_cat=1
split_feature=27 18 34 15 30 28 38 9 4 38 22 40 15 1
split_gain=34.8335 30.16 28.936 25.7438 25.596 24.1224 28.6839 28.3407 31.4185 24.4998 14.8845 12.203 6.65905 4.06601
threshold=24.050000000000004 31.500000000000004 13.500000000000002 86.450000000000017 19.500000000000004 0.19500000000000003 23.050000000000004 4.8650000000000011 0 12.050000000000002 24.500000000000004 18.950000000000003 44.100000000000001 1.5000000000000002
decision_type=8 8 10 10 10 10 10 8 9 10 8 10 10 2
left_child=5 2 3 -2 -4 7 12 9 -9 -1 13 -12 -7 -3
right_child=1 10 4 -5 -6 6 -8 8 -10 -11 11 -13 -14 -15
leaf_value=-0.024770186736284151 -0.049119603355194261 0.28261617369137992 0.043040984305770538 0.023886955981408227 0.001619209799118168 0.068157039820733858 0.26051753929541205 -0.11640956580566039 -0.025868329196016067 0.080618864457684 0.10772369071862756 -0.075263062308072462 -0.00733835067228562 0.11148596480818981
leaf_weight=390.65328619911122 534.32135050897341 21.482234256851143 1003.0251479075941 276.40925148896349 1403.8422755536249 55.873362073406042 18.746134643210098 259.11484427991661 410.31480951257981 108.32524800295869 38.70012186469944 19.12897956672532 198.67019295442333 24.665229641250335
leaf_count=7549 5780 81 7796 1759 10183 2541 72 1894 2841 962 432 171 3070 202
internal_value=0.000519164 0.0116737 0.00815753 -0.0236816 0.0190678 -0.0248701 0.0266969 -0.0373142 -0.0637273 -0.000976978 0.115985 0.0394904 0.00753283 0.20165
internal_weight=4763.27 3321.57 3217.6 810.731 2406.87 1441.7 273.29 1168.41 669.43 498.979 103.977 57.8291 254.544 46.1475
internal_count=45333 26404 25518 7539 17979 18929 5683 13246 4735 8511 886 603 5611 283
cat_boundaries=0 1
cat_threshold=69
is_linear=0
shrinkage=0.196372


Tree=241
num_leaves=12
num_cat=0
split_feature=38 29 25 28 23 0 26 25 0 17 26
split_gain=27.0344 20.9844 20.6936 18.8352 17.5221 12.8145 8.76069 6.61013 6.10666 1.32625 2.6624
threshold=39.45000000000001 1.8500000000000003 1.7500000000000002 0.085000000000000006 34.900000000000006 6.7550000000000008 19.500000000000004 2.3500000000000001 6.8150000000000004 2.5500000000000003 25.500000000000004
decision_type=10 10 10 10 10 2 10 10 2 10 8
left_child=1 4 5 -4 8 -3 -2 -6 -1 10 -8
right_child=6 2 3 -5 7 -7 9 -9 -10 -11 -12
leaf_value=0.051931756042800974 0 -0.0035807671138090112 -0.21663182468310263 -0.0027743188084564129 0.059239319620928592 0.19920003244446335 0.16118377712316143 0.25153508879081643 -0.1247977335796021 0.24320125300562698 0
leaf_weight=20.581238337077369 13.666727035015354 12.726530825051894 15.795841894796466 4560.269257943969 19.558826446242165 31.417453474447711 6.9920394999789979 25.841285280057491 11.308951380230836 22.627277787585626 6.2063142691913535
leaf_count=573 113 318 24 42740 119 619 94 138 385 119 91
internal_value=0.000992541 -0.000437548 -0.00223135 -0.00361949 0.100777 0.130989 0.145088 0.179084 0 0.195981 0.0793642
internal_weight=4746.99 4697.5 4620.21 4576.07 77.2903 44.144 49.4924 45.4001 31.8902 35.8256 13.1984
internal_count=45333 44916 43701 42764 1215 937 417 257 958 304 185
is_linear=0
shrinkage=0.196372


Tree=242
num_leaves=15
num_cat=0
split_feature=32 7 28 34 29 15 31 15 34 15 31 22 14 14
split_gain=43.6697 25.8683 30.5544 25.3389 23.0552 18.6174 13.8049 13.2737 12.8712 11.8146 17.3616 8.32503 7.46413 3.98662
threshold=0.13500000000000004 155.50000000000003 0.19500000000000003 21.500000000000004 3.5500000000000003 73.750000000000014 41.150000000000013 89.450000000000017 15.500000000000002 88.850000000000009 20.750000000000004 18.500000000000004 11.500000000000002 29.500000000000004
decision_type=10 10 8 10 10 10 10 10 10 10 10 10 10 10
left_child=3 8 4 6 -3 -4 7 -1 12 10 -5 -8 -2 -10
right_child=1 2 5 9 -6 -7 11 -9 13 -11 -12 -13 -14 -15
leaf_value=0.082993323862422877 0 -0.0013993378473394812 0.011235978451646268 0.02300512665172879 -0.0394896785489025 0.098873947183978711 0.083262917902790307 0.00040324598593766381 -0.038789706132566687 0.079042203805516006 -0.17700455553840394 -0.062338176793505902 -0.15326687043299742 0.072614769778397786
leaf_weight=459.79944996413769 19.53412729304182 2602.08445190979 260.78420397638547 22.372694696464805 812.38036858449323 158.57740520329389 19.248221137677319 102.67084349087963 71.473990965548182 15.726354382117277 40.462380747228963 53.500634288902802 82.372955488695879 12.824938558725988
leaf_count=2946 325 23333 5994 474 7534 1376 106 470 984 87 325 390 856 165
internal_value=0 -0.00794002 -0.00434369 0.0447613 -0.0105938 0.0454667 0.0581264 0.0687126 -0.0795149 -0.0575331 -0.0989082 -0.0175991 -0.127195 -0.016448
internal_weight=4733.81 4020.03 3833.83 713.781 3414.46 419.362 635.219 562.47 186.206 78.5614 62.8351 72.7489 101.907 84.2989
internal_count=45365 40567 38237 4798 30867 7370 3912 3416 2330 886 799 496 1181 1149
is_linear=0
shrinkage=0.196372


Tree=243
num_leaves=16
num_cat=1
split_feature=18 34 39 17 34 14 5 39 23 15 20 22 26 4 5
split_gain=25.7546 24.3798 18.1733 17.9027 16.393 20.0529 16.2301 15.668 13.8239 29.3253 25.2711 13.4909 13.2606 9.92498 7.26815
threshold=17.500000000000004 11.500000000000002 13.65 3.1500000000000008 5.5000000000000009 30.500000000000004 5.1050000000000013 20.750000000000004 45.050000000000004 89.000000000000014 0.14500000000000005 23.500000000000004 28.500000000000004 0 7.0150000000000006
decision_type=8 10 8 10 10 10 2 10 10 10 10 10 10 9 2
left_child=1 2 13 11 5 12 -5 -4 9 -6 -10 -3 -2 -1 -7
right_child=4 3 7 6 8 14 -8 -9 10 -11 -12 -13 -14 -15 -16
leaf_value=0.061231831511465731 0.067089325177090139 0.020929104367825586 -0.14966934075253074 0.10768367167979054 0.0065187687794069134 0.086983755696661072 -0.051897564447240092 -0.021471740020202856 0.062871924358618284 -0.062979919452184785 0.00013883028299882037 -0.075843753773703934 0.22437120891216827 -0.052265013988830281 -0.032225867775506623
leaf_weight=41.480505041101424 85.477521679401434 615.59436233097131 123.77713687239157 24.492479137629743 1817.8524294359959 26.348796463811595 367.96963877667622 64.870528485713294 416.41739505191799 267.96264658679866 645.82178561297042 59.474651294309297 34.893297734015505 58.949236605919396 76.169134546486021
leaf_count=854 1013 7646 1217 600 17090 231 5029 511 1940 1528 5203 458 157 1269 619
internal_value=0.0014116 -0.021325 -0.0720669 -0.00715717 0.0106942 0.0623845 -0.0407553 -0.10801 0.00688949 -0.00220225 0.0251569 0.0117247 0.116677 -5.42561e-05 0
internal_weight=4727.55 1356.61 289.077 1067.53 3370.94 222.889 392.462 188.648 3148.05 2085.82 1062.24 675.069 120.371 100.43 102.518
internal_count=45365 17584 3851 13733 27781 2020 5629 1728 25761 18618 7143 8104 1170 2123 850
cat_boundaries=0 1
cat_threshold=193
is_linear=0
shrinkage=0.196372


Tree=244
num_leaves=13
num_cat=4
split_feature=29 39 8 28 19 5 34 4 4 3 3 1
split_gain=20.0031 25.3421 22.4109 17.0363 18.8461 15.7739 51.6571 18.7889 6.14489 8.64575 0.843412 0.286023
threshold=1.8500000000000003 17.050000000000004 51.500000000000007 0.10500000000000002 42.350000000000001 7.745000000000001 17.500000000000004 0 1 2 3 3.5000000000000004
decision_type=10 8 10 10 10 2 10 9 9 9 9 2
left_child=1 2 11 4 -2 7 -7 -5 -3 -10 -4 -1
right_child=3 8 10 5 -6 6 -8 -9 9 -11 -12 -13
leaf_value=-0.054449391666406374 -0.26951656365251558 -0.072698872810995907 0.078698577245747761 -0.05052291988215582 -0.021993660811580541 -0.049155653966612173 0.029268152710328788 0.01132090286876807 -0.032420141650402905 0.15084241095998147 0.35439346793100274 0
leaf_weight=5.0872410621021791 18.688421482718695 15.001501170656409 5.1832136892594463 190.28421844734294 44.966491869476158 816.07151535635467 529.59673894741172 3007.9913595819912 13.451908602645631 19.733695830288752 20.461402194784117 1.9991381864401772
leaf_count=268 155 135 185 1377 142 8791 4874 28942 93 119 388 87
internal_value=6.39503e-05 0.0968133 0.229672 -0.00154313 -0.102266 -2.97464e-05 -0.0179618 0.00737697 0 0.048886 0.31694 -0.0253172
internal_weight=4688.52 80.9181 32.731 4607.6 63.6549 4543.94 1345.67 3198.28 48.1871 33.1856 25.6446 7.08638
internal_count=45556 1275 928 44281 297 43984 13665 30319 347 212 573 355
cat_boundaries=0 1 2 3 4
cat_threshold=16 33 2 2
is_linear=0
shrinkage=0.196372


Tree=245
num_leaves=16
num_cat=1
split_feature=5 5 4 30 15 35 34 10 5 24 29 5 33 27 30
split_gain=16.1848 21.4056 21.0783 24.2065 21.9631 16.4619 16.8732 16.1011 15.4256 18.3422 14.3508 8.37157 8.13761 5.79467 4.82853
threshold=6.2250000000000005 6.3050000000000006 0 16.500000000000004 86.850000000000009 23.650000000000002 18.500000000000004 28.150000000000002 5.245000000000001 0.17500000000000002 3.2500000000000004 6.1250000000000009 3.4500000000000006 21.550000000000001 20.500000000000004
decision_type=2 2 9 8 8 8 8 10 2 10 10 2 10 10 10
left_child=2 10 8 11 -5 7 -7 -3 9 -1 13 -4 -10 -2 -12
right_child=1 5 3 4 -6 6 -8 -9 12 -11 14 -13 -14 -15 -16
leaf_value=0.12879017902774645 0.30857801272481578 0.02493289721255243 0.042743511488845504 -0.058353905710240579 -0.20243371285067491 0.0087099654833566499 0.09208214441870817 -0.0074878500147632435 0.011039930998270036 -0.060318242383154037 0.076473684296160929 -0.13746740970416912 -0.072869330730414808 0.10169568200559742 -0.086191632187848755
leaf_weight=71.903164582742306 14.77177669957018 746.94591615956733 89.079363912531676 209.76235702058784 56.623057665186934 270.28510152159663 155.25517653228178 2808.8923488157343 106.58253656515808 23.483402555567409 16.467302147873855 10.234206637122041 68.940002721363271 24.087220061657717 11.723898233671205
leaf_count=1068 87 12113 1779 2629 329 2531 956 20655 1033 803 188 148 923 195 119
internal_value=0.000997308 0.00566594 -0.0279871 -0.0580487 -0.0907809 0.00369458 0.0402011 -0.000551547 0.0126436 0.077558 0.115744 0.0194597 -0.0194382 0.192944 0
internal_weight=4685.04 4048.43 636.608 365.699 266.385 3981.38 425.54 3555.84 270.909 95.3866 67.0502 99.3136 175.523 38.859 28.1912
internal_count=45556 36844 8712 4885 2958 36255 3487 32768 3827 1871 589 1927 1956 282 307
cat_boundaries=0 1
cat_threshold=131
is_linear=0
shrinkage=0.196372


Tree=246
num_leaves=15
num_cat=0
split_feature=10 23 37 40 5 38 1 8 5 29 17 23 16 37
split_gain=20.295 26.9185 24.206 22.2626 21.5799 21.3757 25.0693 28.7341 26.4128 14.4129 13.5695 12.0826 12.0268 0.833452
threshold=38.050000000000004 20.350000000000005 4.3500000000000005 20.550000000000004 7.0550000000000006 17.950000000000003 3.5000000000000004 48.500000000000007 7.9050000000000011 2.1500000000000008 2.7500000000000004 53.400000000000006 0.14500000000000005 4.7500000000000009
decision_type=8 8 10 10 2 8 2 10 2 10 10 10 10 8
left_child=5 12 3 -3 -4 9 7 -7 -8 10 -1 -11 -2 -14
right_child=1 2 4 -5 -6 6 8 -9 -10 11 -12 -13 13 -15
leaf_value=0 0.22877304579011137 0.02937649542575671 -0.10790997680294531 -0.02041380375478228 -0.003715367936766635 -0.19520376747526691 -0.17849764029160534 0.0017545924491050562 0.092805249823419436 -0.0036303504334967789 0.19790032273026789 -0.11492377009844001 0.057812460117756106 -0.031493415315539501
leaf_weight=21.933434859368845 32.058700368331756 1685.3732926979201 108.96414623993041 424.80787610781408 290.25509369260544 31.82906700494641 90.246009567839792 226.10583773277176 13.898993378345038 1685.32802005959 26.000277579771137 38.735928789479658 7.1618158379133066 7.3500071138405483
leaf_count=1129 109 11084 940 2980 2290 156 499 1775 177 23546 363 292 117 45
internal_value=0.00167406 0.0135602 0.0106184 0.0191416 -0.0333081 -0.0123538 -0.0558943 -0.0209693 -0.137921 -0.00320087 0.102242 -0.00640212 0.161827 0
internal_weight=4690.05 2555.97 2509.4 2110.18 399.219 2134.08 362.08 257.935 104.145 1772 47.9337 1724.06 46.5705 14.5118
internal_count=45502 17565 17294 14064 3230 27937 2607 1931 676 25330 1492 23838 271 162
is_linear=0
shrinkage=0.196372


Tree=247
num_leaves=15
num_cat=0
split_feature=15 15 36 10 10 9 9 21 32 29 14 14 38 0
split_gain=21.532 29.8282 42.7211 25.5647 36.2292 24.3242 19.0435 18.6205 18.4719 24.232 24.052 16.1515 10.3788 9.13202
threshold=82.65000000000002 81.050000000000011 0.18500000000000003 43.150000000000013 43.850000000000001 6.3650000000000011 5.6950000000000012 2.1500000000000008 0.14500000000000005 1.6500000000000001 14.500000000000002 9.5000000000000018 33.20000000000001 6.8150000000000004
decision_type=10 10 10 10 10 10 10 10 8 8 10 10 10 2
left_child=1 8 6 5 13 11 -3 -6 10 -10 -1 -2 -4 -5
right_child=3 2 12 4 7 -7 -8 -9 9 -11 -12 -13 -14 -15
leaf_value=-0.039152061253223687 -0.14401245712270344 -0.21722407120658074 0.00063879903644031627 -0.21100105059388655 -0.12428079159532739 0.19360762438707177 -0.068997480834951511 0.016750523708401403 0.21961265298368823 -0.010965385952907266 0.056143880515874288 0.047387706637661828 0.19893259803309871 -0.026921471865400261
leaf_weight=131.17480798380359 16.284873025216257 65.727564686443657 73.411514451290714 35.762921914079925 36.652975467164651 45.549557551625185 94.620961823922698 1023.7446750246163 17.355809697874633 2171.1497849756747 401.47109904420722 542.4790125094587 12.614115296863018 23.365645070647588
leaf_count=1747 201 245 545 191 187 155 786 6363 498 28333 2933 3165 14 139
internal_value=0.00316432 -0.00686322 -0.0722842 0.0206826 0.00269088 0.0532663 -0.132727 0.0114334 -0.000771674 -0.00891297 0.0318358 0.0409629 0.0352789 -0.146096
internal_weight=4691.37 2967.53 246.374 1723.84 1119.53 604.313 160.349 1060.4 2721.15 2188.51 532.646 558.764 86.0256 59.1286
internal_count=45502 35101 1590 10401 6880 3521 1031 6550 33511 28831 4680 3366 559 330
is_linear=0
shrinkage=0.196372


Tree=248
num_leaves=16
num_cat=1
split_feature=30 5 15 4 10 38 28 39 38 12 10 12 27 25 36
split_gain=15.047 32.4015 29.7389 21.4508 21.4396 19.3703 18.6438 17.6133 15.9892 12.7174 19.7137 10.4841 7.69996 6.65998 4.58745
threshold=23.500000000000004 7.9350000000000014 86.65000000000002 0 57.750000000000007 12.950000000000001 0.085000000000000006 22.350000000000005 11.450000000000001 1.0000000180025095e-35 54.350000000000001 2.5000000000000004 56.550000000000004 2.5500000000000003 0.14500000000000005
decision_type=8 2 8 9 10 8 10 10 10 10 10 10 10 10 8
left_child=4 2 7 -4 5 8 -7 -2 -1 14 -11 13 -13 -6 -3
right_child=1 9 3 -5 11 6 -8 -9 -10 10 -12 12 -14 -15 -16
leaf_value=0.012133262635409665 -0.034050898984474824 0.10818479987508381 -0.004677626557241266 -0.15570541950726516 0 -0.15676413686325025 -0.0050007966010541189 0.060112275201094016 0.078244421326375019 0.16351200577811237 -0.046471464477206945 -0.034832102685570507 0.11176264923890274 0.16871271243568964 -0.020051439194024481
leaf_weight=693.27234826385848 462.23886122964711 12.44620958688756 71.1134088807853 117.75674572491641 9.8233112683228665 31.650982370629208 2636.3112557274544 88.971270735186408 185.45971482834284 62.466317809754401 19.637225689424668 33.591083168081241 21.126668526121648 53.656623655639123 71.337185917745273
leaf_count=14500 4142 160 361 538 168 94 20010 712 2093 442 88 310 193 429 1088
internal_value=-0.00140985 -0.0241397 -0.0420585 -0.10974 0.00408891 0.00121751 -0.00697987 -0.0180295 0.0266069 0.0530813 0.107904 0.0863442 0.013896 0.141568 0
internal_weight=4570.86 905.967 740.08 188.87 3664.89 3546.69 2667.96 551.21 878.732 165.887 82.1035 118.198 54.7178 63.4799 83.7834
internal_count=45328 7531 5753 899 37797 36697 20104 4854 16593 1778 530 1100 503 597 1248
cat_boundaries=0 1
cat_threshold=3
is_linear=0
shrinkage=0.196372


Tree=249
num_leaves=13
num_cat=1
split_feature=32 30 39 19 7 4 27 30 23 0 30 33
split_gain=20.4841 47.8078 27.9027 19.0155 18.0836 15.1201 14.5766 13.3392 13.0324 8.79616 6.62391 6.22294
threshold=0.12500000000000003 1.5000000000000002 21.650000000000002 41.650000000000013 171.50000000000003 0 29.500000000000004 16.500000000000004 18.350000000000005 6.7350000000000012 19.500000000000004 2.6500000000000008
decision_type=8 8 8 10 10 9 10 10 8 2 10 10
left_child=2 -2 3 9 8 10 -6 -5 -3 -1 -4 -7
right_child=1 4 5 7 6 11 -8 -9 -10 -11 -12 -13
leaf_value=-0.13748872024818645 0.29906767982491805 0.022903982045768653 0 0.012113915162817433 0.11406619338702922 -0.10982142845219847 0 0.14595033114063066 -0.013550856794937555 0.030130442609094983 0.15474658752186154 0.0033638197628843075
leaf_weight=14.427105777993345 19.536273379576755 414.39118455653841 19.54015407647239 46.123085465340409 82.75029879851536 70.578116377073457 100.82749204824358 134.38198636184097 3589.6164605922172 68.631949833268891 18.987605677786632 15.468473597662522
leaf_count=204 221 9002 119 317 801 411 861 507 31873 871 56 85
internal_value=-0.00119029 -0.00526718 0.0418355 0.0785173 -0.00680799 -0.0322161 0.0530537 0.114263 -0.0096661 0 0.0577208 -0.0756031
internal_weight=4595.26 4207.12 388.138 263.564 4187.59 124.574 183.578 180.505 4004.01 83.0591 38.5278 86.0466
internal_count=45328 42758 2570 1899 42537 671 1662 824 40875 1075 175 496
cat_boundaries=0 1
cat_threshold=18
is_linear=0
shrinkage=0.196372


Tree=250
num_leaves=16
num_cat=1
split_feature=39 31 9 39 39 30 28 39 4 39 11 2 19 15 22
split_gain=12.8355 15.4728 20.7419 16.0223 13.1715 13.8779 13.5342 12.6411 28.8297 24.1324 10.1697 9.87487 7.80665 7.52068 4.978
threshold=22.550000000000004 36.500000000000007 7.1650000000000009 18.050000000000004 22.950000000000003 24.500000000000004 0.20500000000000004 20.550000000000004 0 20.450000000000003 5.5000000000000009 3.5000000000000004 42.350000000000001 89.850000000000009 22.500000000000004
decision_type=10 8 10 10 10 10 10 8 9 10 10 2 10 10 10
left_child=1 7 3 -3 11 6 -6 9 -9 -1 -7 12 -2 -4 -13
right_child=4 2 13 -5 5 10 -8 8 -10 -11 -12 14 -14 -15 -16
leaf_value=0.0027743809115351294 0 -0.15742711452516625 0.13359101019219838 -0.035348232820140671 -0.00283663429723101 0.0124324785733193 0.13640185056240769 -0.086204553801737457 0.0024060917388392055 0.14192677942565773 0.13094135502296875 -0.15033092922424768 0.14523694939812876 -0.050974088032321611 0.041488768899790841
leaf_weight=2774.3183196327109 10.525579920067683 65.908949818805922 28.225411674495263 150.16093937343248 683.74171911061421 67.802411731914617 27.697534471881227 193.75386140045157 440.02997176976351 48.946751266135834 61.937230430427007 8.0655576593562746 69.988491880329093 7.8740085598255964 8.8129175378708151
leaf_count=31472 141 525 270 1187 5317 549 282 1242 3005 286 310 121 465 151 98
internal_value=0.00139075 -0.00369832 -0.0506448 -0.0747567 0.021972 0.0134229 0.00199896 -0.000142565 -0.025324 0.00535453 0.0725457 0.0910723 0.120889 0.0810424 -0.0249135
internal_weight=4647.79 3709.22 252.169 216.07 938.571 841.179 711.439 3457.05 633.784 2823.27 129.74 97.3925 80.5141 36.0994 16.8785
internal_count=45421 38138 2133 1712 7283 6458 5599 36005 4247 31758 859 825 606 421 219
cat_boundaries=0 1
cat_threshold=145
is_linear=0
shrinkage=0.196372


Tree=251
num_leaves=9
num_cat=0
split_feature=33 26 5 38 23 15 5 26
split_gain=34.0621 11.3508 15.6208 16.549 13.9923 17.8892 17.4696 2.16475
threshold=5.8500000000000005 25.500000000000004 4.1850000000000014 32.150000000000013 58.400000000000006 55.050000000000004 7.3950000000000005 30.500000000000004
decision_type=10 10 2 10 10 8 2 10
left_child=1 4 7 -4 5 -1 -6 -3
right_child=-2 2 3 -5 6 -7 -8 -9
leaf_value=0.024847104449966111 0.30576365454295612 -0.039968833703097055 0.035890424406046291 -0.052939847753839725 0.090671610831418337 -0.01310237334409876 -0.0081997957851636123 -0.30532322948036839
leaf_weight=565.24915894910521 13.985686040534345 8.039168036208137 725.96946175703124 87.121029854111839 131.715086321743 2958.2951899848899 128.81004980974831 5.4219582800869821
leaf_count=13080 40 158 5753 876 705 23846 925 38
internal_value=0.00195322 0.000921429 0.0218418 0.0258152 -0.00353182 -0.00688736 0.040117 -0.182385
internal_weight=4624.61 4610.62 826.552 813.09 3784.07 3523.54 260.525 13.4611
internal_count=45421 45381 6825 6629 38556 36926 1630 196
is_linear=0
shrinkage=0.196372


Tree=252
num_leaves=16
num_cat=3
split_feature=28 4 14 28 4 18 29 39 9 16 17 23 27 4 0
split_gain=18.3231 27.126 33.872 21.4575 21.8099 18.6896 18.1436 20.8383 17.4434 15.0157 14.5536 12.325 12.1327 9.54845 8.97552
threshold=0.13500000000000004 0 16.500000000000004 0.19500000000000003 1 25.500000000000004 2.5500000000000003 18.550000000000004 6.8550000000000013 0.12500000000000003 4.0500000000000007 46.750000000000007 64.40000000000002 2 6.7250000000000005
decision_type=10 9 10 10 9 10 8 8 8 10 10 10 10 9 2
left_child=1 2 14 10 11 -6 7 -3 -8 -4 12 -5 -2 -12 -1
right_child=3 6 9 4 5 -7 8 -9 -10 -11 13 -13 -14 -15 -16
leaf_value=0.10488225300029774 -0.016423526880415141 0.01771222176959002 0.010079145763991371 -0.020251588335709021 0.027680408501771482 0.14815433719368212 0.010443974557660069 -0.072936441261880994 0.1506464935470333 0.13861603581435727 0.096604161965114635 -0.24094835682730251 -0.12160668394710962 -0.0051016490261714892 -0.11770725244881758
leaf_weight=6.3343542685867069 3155.9012084013289 185.23003553970648 54.443930911977077 43.388665366839632 340.38007442785874 61.931754938770609 156.07978091358382 193.65705913682905 46.954453649428842 163.46564764194773 61.904566522825917 14.982739725266581 44.139559715542418 61.492260127520694 37.573636530507542
leaf_count=111 29655 1789 261 769 6645 664 938 1237 262 782 794 75 315 843 445
internal_value=-0.00385564 0.0221485 0.0732352 -0.00977198 0.0296089 0.0462481 -0.00132706 -0.0274637 0.045175 0.108578 -0.0153659 -0.0727275 -0.018021 0.0498092 -0.0751835
internal_weight=4627.86 843.739 261.818 3784.12 460.683 402.312 581.921 378.887 203.034 217.91 3323.44 58.3714 3200.04 123.397 43.908
internal_count=45585 5825 1599 39760 8153 7309 4226 3026 1200 1043 31607 844 29970 1637 556
cat_boundaries=0 1 2 3
cat_threshold=84 132 15
is_linear=0
shrinkage=0.196372


Tree=253
num_leaves=16
num_cat=0
split_feature=35 35 9 40 0 39 9 23 0 19 8 38 9 31 9
split_gain=10.5334 17.6766 17.5198 16.0218 24.7849 23.7539 19.9618 18.5421 19.3119 16.8584 14.7563 8.32521 19.5782 14.1246 6.15343
threshold=5.8500000000000005 5.1500000000000012 4.8650000000000011 15.550000000000002 6.745000000000001 24.150000000000002 6.8650000000000011 25.400000000000002 6.8350000000000009 18.150000000000002 50.500000000000007 17.450000000000003 5.535000000000001 18.600000000000005 4.3250000000000011
decision_type=8 10 10 10 2 10 10 8 2 10 10 8 10 10 10
left_child=1 11 14 7 6 -6 -5 9 -9 -2 -4 12 -1 -13 -3
right_child=3 2 10 4 5 -7 -8 8 -10 -11 -12 13 -14 -15 -16
leaf_value=-0.0038821226906981476 0.093246135399142879 -0.045309191709273396 0.065563502353935793 -0.068907167502670827 0.014821605461396383 -0.051749346476254808 0.04737263317037322 0.056530586278774816 -0.012805422762392724 -0.066451514123367458 -0.11117919551942138 -0.061634103775839021 0.10477369917228593 0 0.063101711260323642
leaf_weight=805.95266061771099 29.465325487695736 32.932086096690909 16.841941700287862 348.31249071674756 1307.9742215457554 244.08101037643792 63.207819894523709 555.59596288786133 201.47926819045097 132.43828151400157 180.24736189228133 245.40205923691246 68.853417971797171 341.31833779624139 44.909319675702136
leaf_count=12807 724 378 144 4827 10866 1733 609 4346 1648 1711 788 1660 443 2542 359
internal_value=-0.00434378 -0.016463 -0.0623521 0.00280348 -0.00703739 0.00406079 -0.0499535 0.0243103 0.0374935 -0.0345652 -0.0937715 -0.00751917 0.00418555 -0.0257228 0.0115492
internal_weight=4619.01 1736.46 274.931 2882.55 1963.58 1552.06 411.52 918.979 757.075 161.904 197.089 1461.53 874.806 586.72 77.8414
internal_count=45585 19121 1669 26464 18035 12599 5436 8429 5994 2435 932 17452 13250 4202 737
is_linear=0
shrinkage=0.196372


Tree=254
num_leaves=16
num_cat=1
split_feature=33 22 40 40 7 8 38 25 18 25 13 25 35 37 4
split_gain=14.5264 15.4779 17.8031 16.625 13.4439 17.3506 19.016 13.9261 13.1881 13.0556 12.7951 11.1529 10.9169 10.6868 10.5359
threshold=2.5500000000000003 16.500000000000004 23.650000000000002 18.750000000000004 165.50000000000003 54.500000000000007 29.050000000000004 2.8500000000000001 17.500000000000004 2.3500000000000001 0.12500000000000003 2.1500000000000008 11.600000000000001 3.3500000000000001 0
decision_type=8 8 8 10 10 10 10 10 10 8 8 10 10 10 9
left_child=4 2 3 -2 5 12 -7 13 -4 11 -11 -3 -1 -6 -9
right_child=1 9 8 -5 7 6 -8 14 -10 10 -12 -13 -14 -15 -16
leaf_value=-0.061235368934125747 -0.028555161147665084 -0.0066732066587629896 -0.17386328097694959 0.034668375896346512 -0.05893259451814653 -0.1763679250200518 0.027004206195552622 0.11655581091675732 0 -0.22909944184687525 0.0068938383767025357 0.090269722676158196 0.026626314447273071 0.045668907046331524 -0.0095276901034484305
leaf_weight=133.33988449249057 591.28119679103327 56.833206320690692 47.621703855962551 215.11085203315815 134.61305664941392 73.75142328221682 18.549206860770937 47.437289103072544 22.352339371384005 8.5776389784294889 2937.898954112849 135.19800208560628 83.674700011913956 47.451666674983926 40.340954810952098
leaf_count=1350 9042 461 409 2613 1091 421 93 363 242 76 26947 815 803 423 366
internal_value=-0.00118969 0.00290401 -0.0200053 -0.0111347 -0.0303255 -0.0582774 -0.130729 9.14377e-05 -0.115565 0.00944337 0.00603981 0.059293 -0.0253213 -0.0292129 0.0658438
internal_weight=4594.03 4014.87 876.366 806.392 579.158 309.315 92.3006 269.843 69.974 3138.51 2946.48 192.031 217.015 182.065 87.7782
internal_count=45515 40605 12306 11655 4910 2667 514 2243 651 28299 27023 1276 2153 1514 729
cat_boundaries=0 1
cat_threshold=240
is_linear=0
shrinkage=0.196372


Tree=255
num_leaves=14
num_cat=0
split_feature=24 15 0 37 36 34 25 13 17 5 36 2 22
split_gain=12.5758 12.4801 11.3134 28.0571 12.849 14.5659 12.8152 12.426 10.0821 9.0931 13.4204 10.2939 7.4506
threshold=0.14500000000000005 96.350000000000009 6.6950000000000012 2.9500000000000006 0.19500000000000003 17.500000000000004 2.5500000000000003 0.15500000000000003 2.7500000000000004 5.9650000000000007 0.12500000000000003 1.5000000000000002 22.500000000000004
decision_type=8 10 2 8 8 10 10 10 8 2 10 2 10
left_child=1 9 3 7 6 -6 -4 -2 -5 10 -1 -11 -3
right_child=2 12 4 8 5 -7 -8 -9 -10 11 -12 -13 -14
leaf_value=0.11482506912243286 0.23849004824309875 0.1558425492310816 -0.067212618409671313 0.079173967941639778 0.038210447350099909 -0.012075631045958712 -0.0017503275583464427 0 -0.014410724102740205 0.015194812398831069 -0.09173801848297243 -0.025348269739704898 0
leaf_weight=11.50266716629312 36.106009482653462 24.785176539320673 124.1268771478608 63.029794899761328 658.0645393846662 318.14754691015423 1862.1851025020196 7.0734326033234529 133.391532883119 320.59792085264417 118.83385574311023 862.67738361546981 16.728009903890779
leaf_count=89 226 117 1155 1331 9021 3731 16383 383 2950 2296 1622 6109 102
internal_value=-0.000308773 -0.0162567 0.0063023 0.0474472 0.0028216 0.0213684 -0.00607136 0.191212 0.0134142 -0.0198885 -0.0699509 -0.0139875 0.0875428
internal_weight=4557.25 1355.13 3202.12 239.601 2962.52 976.212 1986.31 43.1794 196.421 1313.61 130.337 1183.28 41.5132
internal_count=45515 10335 35180 4890 30290 12752 17538 609 4281 10116 1711 8405 219
is_linear=0
shrinkage=0.196372


Tree=256
num_leaves=12
num_cat=1
split_feature=14 4 12 28 7 34 39 22 27 31 34
split_gain=11.7799 19.7918 12.4833 11.7644 19.1163 12.9607 10.6562 6.76523 6.42409 5.05181 4.11124
threshold=37.500000000000007 0 4.5000000000000009 0.19500000000000003 166.50000000000003 9.5000000000000018 22.550000000000004 32.500000000000007 45.600000000000009 38.45000000000001 16.500000000000004
decision_type=10 9 10 10 10 10 10 10 10 10 10
left_child=2 7 3 5 -5 -1 10 9 -8 -2 -3
right_child=1 6 -4 4 -6 -7 8 -9 -10 -11 -12
leaf_value=-0.038555531946600434 0.16975969102091609 -0.030287210678561161 0.19376228171865909 0 0.08534395113248984 -0.0018375527836729884 -0.03959643693908034 0 0.13977698724320906 0.037488647821637015 -0.20266599817994232
leaf_weight=418.41765623148558 57.887776459436282 21.882546636101324 12.304974741331533 300.39094416782223 148.08750241754228 3553.2300421277746 10.035901922376071 11.473471307312137 14.875717497954609 25.91092934226981 13.577583002072059
leaf_count=4282 392 206 60 5847 2233 31795 91 112 101 155 91
internal_value=0.000100217 0.0532517 -0.00166845 -0.00232216 0.0276479 -0.00581947 -0.0312341 0.103791 0.0501132 0.134343 -0.109546
internal_weight=4588.08 155.644 4432.43 4420.13 448.478 3971.65 60.3717 95.2722 24.9116 83.7987 35.4601
internal_count=45365 1148 44217 44157 8080 36077 489 659 192 547 297
cat_boundaries=0 1
cat_threshold=57
is_linear=0
shrinkage=0.196372


Tree=257
num_leaves=15
num_cat=2
split_feature=5 4 4 29 27 5 25 33 5 30 27 38 38 23
split_gain=15.3467 29.5565 27.8371 23.0182 20.5254 19.2632 21.8647 17.5256 17.3015 14.4124 12.9763 12.37 18.6946 17.3475
threshold=7.495000000000001 0 1 3.3500000000000001 18.750000000000004 7.3350000000000009 3.2500000000000004 2.1500000000000008 6.205000000000001 22.500000000000004 18.750000000000004 22.750000000000004 25.750000000000004 42.350000000000001
decision_type=2 9 9 8 10 2 10 10 2 10 10 10 10 10
left_child=1 7 11 4 -4 8 -7 -1 -3 -5 -9 13 -13 -2
right_child=2 5 3 9 -6 6 -8 10 -10 -11 -12 12 -14 -15
leaf_value=0.12174099721889238 0.048739084801775127 -0.021779507545811302 -0.075581808855553725 -0.053034381138466112 0.028136328516744784 -0.08668526257739112 0.021632039674127444 0 0.019375168338252768 0.02304587522197403 -0.081354342936149848 -0.068695634291140908 0.061011109334775673 0.16948168619930498
leaf_weight=18.78968575227691 155.35879306380366 535.06912946136754 78.200316975744158 365.88116307311418 877.79791445042974 187.74235993611728 107.27139139045539 88.078991014591338 1432.5883947029361 120.69576999772653 339.58800615223299 59.018742946384009 140.88674627909495 76.695396589817392
leaf_count=139 1606 7339 1211 4869 7766 1442 1088 1223 13125 1320 2690 330 796 421
internal_value=0.00105671 -0.00829013 0.0148013 0.0011732 0.0191731 0.000743927 -0.0458081 -0.0538591 0.00795712 -0.0332486 -0.0639267 0.0578967 0.0204665 0.0906745
internal_weight=4583.66 2709.13 1874.53 1442.58 955.998 2262.67 295.014 446.457 1967.66 486.577 427.667 431.96 199.905 232.054
internal_count=45365 27046 18319 15166 8977 22994 2530 4052 20464 6189 3913 3153 1126 2027
cat_boundaries=0 1 2
cat_threshold=24 24
is_linear=0
shrinkage=0.196372


Tree=258
num_leaves=15
num_cat=0
split_feature=18 28 15 28 35 13 5 10 23 26 18 27 29 15
split_gain=10.5083 14.35 14.8744 12.8584 14.077 15.7124 12.4785 14.6176 11.8398 10.5216 9.69435 8.96109 13.5378 8.61389
threshold=17.500000000000004 0.115 90.65000000000002 0.17500000000000002 12.850000000000001 0.17500000000000002 8.0850000000000026 38.350000000000001 24.600000000000005 23.500000000000004 15.500000000000002 64.800000000000026 2.4500000000000006 82.65000000000002
decision_type=8 10 10 8 10 8 2 10 10 10 10 8 10 10
left_child=1 6 8 11 5 -5 7 -1 -3 -6 -4 13 -13 -2
right_child=3 2 10 4 9 -7 -8 -9 -10 -11 -12 12 -14 -15
leaf_value=-0.0218468740018272 -0.010903498098940855 0.010441543044460547 0 0.085395629629049855 0.016717245585471417 0.016428665033509031 0.073303753421278539 -0.25490197990275687 -0.030730190966355136 -0.075813353575424194 0.14762820485679745 0.00058370840451950508 -0.20061782673444267 0.012388521250684228
leaf_weight=24.803209331325434 1315.9231880862544 395.03896377015553 29.111996607609399 214.18537815726813 114.7696894718465 366.91361131857821 8.7369928122770926 26.220692126167705 765.77412902675314 74.966843447968131 35.726412235060707 21.487770269188331 21.510151525842957 1144.583805602957
leaf_count=920 11308 8102 266 1721 1550 5376 110 98 7864 916 195 160 132 6554
internal_value=-0.000767067 -0.0158953 -0.0109012 0.00503688 0.0272443 0.0426346 -0.110519 -0.150834 -0.0163371 -0.0175484 0.0793311 -0.00162519 -0.09028 0
internal_weight=4559.75 1285.41 1225.65 3274.34 770.836 581.099 59.7609 51.0239 1160.81 189.737 64.8384 2503.5 42.9979 2460.51
internal_count=45272 17555 16427 27717 9563 7097 1128 1018 15966 2466 461 18154 292 17862
is_linear=0
shrinkage=0.196372


Tree=259
num_leaves=15
num_cat=0
split_feature=36 20 24 33 19 16 1 5 27 23 27 37 33 15
split_gain=8.92406 17.8749 17.4916 16.189 19.0777 18.3183 15.6112 10.1826 11.3884 8.74395 7.82962 5.78775 5.66475 0.717973
threshold=0.19500000000000003 0.18500000000000003 0.12500000000000003 2.9500000000000006 52.050000000000004 0.14500000000000005 1.5000000000000002 8.6050000000000022 35.850000000000009 56.600000000000009 27.400000000000002 4.4500000000000011 3.9500000000000006 60.300000000000004
decision_type=10 10 10 10 10 10 2 2 10 10 10 10 10 8
left_child=1 7 11 4 -4 -5 12 8 -1 -8 -9 13 -3 -2
right_child=2 6 3 5 -6 -7 9 10 -10 -11 -12 -13 -14 -15
leaf_value=0.0058701905156590154 -0.074961616787565591 -0.14204852823137892 0.0090910588433677549 -0.046370923502387126 0.16941549042952803 0.019855346470044385 -0.011104286620328575 -0.030260353848217039 -0.018930973864473691 -0.16102826738921391 0.088362921214722556 -0.2215427446052656 0 0.028997187329957055
leaf_weight=1637.4494391250037 3.9900014884638049 76.417411682691636 72.375953537889472 194.66703191881425 55.284574335935758 878.86214278073794 243.22091532989998 22.517735957296281 1244.1935189849373 16.759724401374115 80.138152887811884 15.644077354632826 15.604670576496572 4.6444145319983372
leaf_count=13145 359 1156 892 2038 337 12677 3960 337 8670 147 1012 216 252 74
internal_value=-0.00212314 -0.00746961 0.012069 0.015751 0.0821583 0.00742601 -0.0493738 -0.00237502 -0.00468461 -0.0225983 0.0580174 -0.15054 -0.119981 0
internal_weight=4561.77 3336.3 1225.47 1201.19 127.661 1073.53 352.003 2984.3 2881.64 259.981 102.656 24.2785 92.0221 8.63442
internal_count=45272 28679 16593 15944 1229 14715 5515 23164 21815 4107 1349 649 1408 433
is_linear=0
shrinkage=0.196372


Tree=260
num_leaves=16
num_cat=3
split_feature=31 21 36 4 4 9 38 17 4 23 14 40 17 14 1
split_gain=11.6199 16.1161 16.8799 16.1022 12.7678 42.4972 19.0613 18.8956 11.5117 16.978 12.3486 11.4841 10.6009 9.71887 2.2859
threshold=18.600000000000005 2.4500000000000006 0.17500000000000002 0 1 4.6550000000000011 7.7500000000000009 2.4500000000000006 2 40.800000000000004 37.500000000000007 13.750000000000002 2.2500000000000004 12.500000000000002 2.5000000000000004
decision_type=8 10 10 9 9 10 10 10 9 10 10 8 8 10 2
left_child=4 2 3 -2 5 6 -1 -7 10 -10 -3 13 -13 -6 -4
right_child=1 8 14 -5 11 7 -8 -9 9 -11 -12 12 -14 -15 -16
leaf_value=-0.028734464349100118 -0.05022333257352183 0.045720402367477257 0.21647057005529236 0.073030791267113246 -0.010786505461358726 0 0.12203752487545855 -0.12991725499179321 0.018964207337266045 -0.018521674138397858 -0.1216722114084882 0.032649699297500452 -0.017027620317759198 0.051553029997066541 0.067675849172445651
leaf_weight=57.466132779707038 52.606052630887461 367.02935485299531 28.713498255410059 102.23733014010691 141.13842456519205 63.69111340395466 64.251297645518207 163.8123333281037 893.86412896192633 971.5087083982944 16.302347451681271 186.08292881355692 1237.5812276893994 247.56286671650832 17.246210332772534
leaf_count=1377 564 2964 236 752 3633 456 819 1396 8584 7575 116 1471 12697 2467 201
internal_value=0.00155067 0.0108921 0.0643934 0.0297526 -0.00882972 -0.0426859 0.0472854 -0.0946455 0.00591161 -0.000319053 0.036431 -0.00181138 -0.0102187 0.0277821 0.170817
internal_weight=4611.09 2449.51 200.803 154.843 2161.59 349.221 121.717 227.503 2248.7 1865.37 383.332 1812.37 1423.66 388.701 45.9597
internal_count=45308 20992 1753 1316 24316 4048 2196 1852 19239 16159 3080 20268 14168 6100 437
cat_boundaries=0 1 2 3
cat_threshold=38 64 64
is_linear=0
shrinkage=0.196372


Tree=261
num_leaves=15
num_cat=1
split_feature=9 37 27 25 20 9 4 16 5 9 12 16 8 15
split_gain=11.745 20.0781 15.472 14.1214 18.2881 12.9121 12.7144 11.6478 11.1192 10.1892 8.18474 7.9275 11.0022 7.88847
threshold=6.8550000000000013 3.9500000000000006 22.350000000000005 2.6500000000000008 0.15500000000000003 6.6850000000000014 0 0.15500000000000003 7.7550000000000008 7.1250000000000009 1.5000000000000002 0.15500000000000003 49.500000000000007 90.350000000000009
decision_type=8 8 10 10 10 10 9 10 2 10 8 10 10 10
left_child=3 2 -2 11 6 -6 -5 10 -9 -4 -3 12 -1 -13
right_child=1 7 9 4 5 -7 -8 8 -10 -11 -12 13 -14 -15
leaf_value=0.020079632736825111 -0.21426103470535918 0.15719340529667405 0.038483203640492042 0.051455268062837178 -0.0028469342221161971 -0.10592221689735121 0.0049321316588523435 0.09627316887486205 -0.14837289628437642 -0.031690878374095323 0.048374348198518387 -0.0017671464828722678 -0.043355033908976943 0.12038950864741754
leaf_weight=116.57775265223381 11.99240066850234 73.695208136574365 205.20004670732305 436.78821878813687 2116.1730717721348 48.175389847463521 527.11682155011022 12.334818188173815 14.44420685773366 124.93462098918462 65.976760422497136 195.19565117079219 617.392238656877 21.840562854700693
leaf_count=884 110 390 1078 2814 26275 552 3457 221 194 1444 402 2381 5037 69
internal_value=0.00164678 0.0298296 0.00127417 -0.0017594 0.00449301 -0.00535647 0.0270659 0.085783 -0.0193611 0.0105794 0.109115 -0.0227894 -0.0326719 0.00858644
internal_weight=4587.84 508.578 342.127 4079.26 3128.25 2164.35 963.905 166.451 26.779 330.135 139.672 951.006 733.97 217.036
internal_count=45308 3839 2632 41469 33098 26827 6271 1207 415 2522 792 8371 5921 2450
cat_boundaries=0 1
cat_threshold=198
is_linear=0
shrinkage=0.196372


Tree=262
num_leaves=16
num_cat=3
split_feature=28 31 31 39 39 10 4 39 35 39 5 39 35 4 4
split_gain=11.2298 14.0785 21.4392 10.5658 9.48146 17.3367 27.8981 8.60619 13.7334 13.4138 7.08639 6.42931 4.76005 3.055 2.58318
threshold=0.19500000000000003 27.900000000000002 21.500000000000004 22.250000000000004 12.350000000000003 25.650000000000002 0 23.850000000000005 18.150000000000002 21.850000000000005 7.4450000000000012 6.5500000000000007 12.850000000000001 1 2
decision_type=10 10 10 10 10 8 9 10 10 10 2 10 10 9 9
left_child=4 2 11 -4 5 10 -7 9 -9 -6 -1 -2 14 -14 -3
right_child=1 12 3 -5 7 6 -8 8 -10 -11 -12 -13 13 -15 -16
leaf_value=0.011231384052943237 0.10800913852137743 0 0.15303831347961169 -0.024972266895939971 -0.0018285193094626552 0.014247789667771732 -0.15713096138348098 -0.046225362717761148 0.015826622666850511 0.032113860757302923 -0.060429900166342247 0.006751888206864301 -0.050214497121434429 0.058566638213563837 -0.13038090687590834
leaf_weight=239.59344519207536 27.68618084319769 13.649888380219634 78.645741651795106 10.37986491594347 2549.1777247972345 60.56557492600723 76.47668836304058 355.52551274351572 210.47403363867488 540.16825613308902 67.109527250002202 305.31995935317536 8.3290815201908099 10.506055887846744 19.250214525687625
leaf_count=4495 965 259 651 146 21824 428 429 2369 2040 3882 1644 5603 148 159 250
internal_value=0 0.0285187 0.0410277 0.127297 -0.00340575 -0.0305067 -0.0886598 0 -0.022369 0.00396433 -0.0030327 0.016566 -0.0647283 0 -0.110077
internal_weight=4572.86 473.767 422.032 89.0256 4099.09 443.745 137.042 3655.35 566 3089.35 306.703 333.006 51.7352 18.8351 32.9001
internal_count=45292 8181 7365 797 37111 6996 857 30115 4409 25706 6139 6568 816 307 509
cat_boundaries=0 1 2 3
cat_threshold=15 177 147
is_linear=0
shrinkage=0.196372


Tree=263
num_leaves=16
num_cat=2
split_feature=35 4 13 0 0 17 17 21 7 40 28 4 24 38 0
split_gain=10.6456 18.6825 16.1849 18.5524 18.4618 13.6588 18.8971 13.5094 10.5752 16.6782 15.7836 14.848 26.7481 21.2224 6.41993
threshold=15.900000000000002 0 0.13500000000000004 6.7750000000000012 6.8050000000000006 2.3500000000000001 2.9500000000000006 2.9500000000000006 165.50000000000003 12.250000000000002 0.19500000000000003 1 0.14500000000000005 19.850000000000005 6.6850000000000014
decision_type=8 9 10 2 2 8 10 10 10 10 10 9 10 8 2
left_child=8 2 4 -4 -2 7 -7 -3 11 14 -11 12 -1 -13 -10
right_child=1 5 3 -5 -6 6 -8 -9 9 10 -12 13 -14 -15 -16
leaf_value=0.091948486400092636 -0.071542025813583057 6.4613081388998229e-05 -0.00304957397273706 -0.11257688904109311 0.15815037399231463 -0.049386911827109983 0.020375529826539372 0.12137871804483956 0.082296859996972088 0.016324649740588813 0.083972245665863338 0.002184372311145029 -0.0031319363914681961 -0.047738920539625238 -0.05343769236555234
leaf_weight=153.62103372791432 24.273261821712026 96.941799145635741 100.62985206671146 184.81275295115483 26.446707799033902 294.18253728054231 294.03234469820654 63.332421040075133 12.136164009733873 1205.4942062877117 155.2805790878183 876.07985122787341 410.41167057725943 510.50869389898435 153.78018117203146
leaf_count=1096 134 823 1004 1645 132 2835 2930 561 247 10263 1953 11082 4722 3537 2328
internal_value=-0.000492517 -0.0175629 -0.055191 -0.0755493 0.0396657 0 -0.0137652 0.0508652 0.00470518 0.0170089 0.0243821 -0.00469772 0.0216189 -0.0157668 -0.0407446
internal_weight=4561.96 1084.65 336.163 285.443 50.72 748.489 588.215 160.274 3477.31 1526.69 1360.77 1950.62 564.033 1386.59 165.916
internal_count=45292 10064 2915 2649 266 7149 5765 1384 35228 14791 12216 20437 5818 14619 2575
cat_boundaries=0 1 2
cat_threshold=145 21
is_linear=0
shrinkage=0.196372


Tree=264
num_leaves=9
num_cat=0
split_feature=31 40 33 33 31 38 27 39
split_gain=13.2575 9.97353 16.7727 19.7786 12.2069 17.9108 12.6981 10.3253
threshold=60.400000000000006 15.350000000000003 3.3500000000000001 2.0500000000000003 5.4000000000000012 11.450000000000001 34.650000000000013 16.750000000000004
decision_type=10 8 10 10 8 10 10 10
left_child=1 2 3 -1 5 -3 -6 -4
right_child=-2 4 7 -5 6 -7 -8 -9
leaf_value=-0.085668289527578295 0.15360922655296591 -0.024557675082324735 0.015034657104331281 0.040630950563869873 0.00074274579864111738 0.078537964072304664 -0.025447689730934323 -0.034138841357330363
leaf_weight=48.793399454431551 21.509044650899341 105.51243580961858 310.15478817492863 752.96398913672408 1649.5569645052724 150.12954661035474 1217.3735970771922 334.13648659107275
leaf_count=709 201 2007 5539 7482 15560 1131 9934 2718
internal_value=0.000532469 -9.80744e-05 0.013284 0.0323705 -0.00643791 0.0342661 -0.0102246 -0.00978111
internal_weight=4590.13 4568.62 1446.05 801.757 3122.57 255.642 2866.93 644.291
internal_count=45281 45080 16448 8191 28632 3138 25494 8257
is_linear=0
shrinkage=0.196372


Tree=265
num_leaves=11
num_cat=1
split_feature=40 31 39 4 29 0 5 5 38 5
split_gain=9.43548 16.1608 8.72746 21.8692 18.1189 9.36835 21.2831 13.8268 8.09088 1.50311
threshold=28.350000000000005 18.150000000000002 25.350000000000005 0 3.7500000000000004 6.6850000000000014 7.5450000000000008 8.0850000000000026 19.850000000000005 7.5050000000000008
decision_type=8 8 10 9 10 2 2 2 10 2
left_child=2 9 5 4 -4 6 -1 -7 -5 -2
right_child=1 -3 3 8 -6 7 -8 -9 -10 -11
leaf_value=-0.014495924296672147 -0.22803999419524637 0.064949293026830474 0.11479571352746197 -0.082592701315550882 -0.049836832225340133 0.001871922085378254 0.098878758834969577 -0.032480025695357753 0.0074009441835604034 -0.037477475961642359
leaf_weight=130.15794843370077 18.303953559922324 12.597013871777106 141.6693982990073 49.685823225117929 27.226789559288591 3439.8294612197669 115.33745265973994 517.38595688878013 141.40548736685741 8.7604989924002421
leaf_count=2871 160 149 1062 551 208 31306 1861 6069 946 98
internal_value=0.00138959 -0.0934596 0.00231567 0.031657 0.0808221 -9.34086e-05 0.0370011 -0.00250871 -0.0130597 -0.183402
internal_weight=4602.36 39.6615 4562.7 359.987 168.896 4202.71 245.495 3957.22 191.091 27.0645
internal_count=45281 407 44874 2767 1270 42107 4732 37375 1497 258
cat_boundaries=0 1
cat_threshold=11
is_linear=0
shrinkage=0.196372


Tree=266
num_leaves=13
num_cat=0
split_feature=27 22 34 0 19 9 40 23 34 0 30 26
split_gain=12.6656 12.6068 19.1878 16.5026 16.3365 20.6986 11.6529 14.0596 22.2034 13.5896 11.0841 8.66696
threshold=53.70000000000001 19.500000000000004 11.500000000000002 6.7650000000000006 65.100000000000009 6.1450000000000005 10.15 47.70000000000001 14.500000000000002 6.7750000000000012 8.5000000000000018 32.500000000000007
decision_type=10 8 10 2 8 10 10 10 10 2 10 10
left_child=1 2 10 -4 11 -6 -2 9 -9 -8 -1 -3
right_child=6 4 3 -5 5 -7 7 8 -10 -11 -12 -13
leaf_value=-0.10881893929821139 -0.10588638105659984 -0.0088675183497057847 -0.010668006251752583 0.032989903079791626 -0.21721039490113733 -0.034152506530436319 -0.070918579555668104 0 0.16100956239820044 0.058497534859019922 -0.013157217841248634 0.057354608358610441
leaf_weight=60.409126584387423 17.112809202987592 2136.5542566221038 462.52398130110032 1088.0987745842067 30.862342465434267 146.29415961022823 50.997850734864187 46.71215229597874 82.059466171343956 78.265135122808715 276.85055351106439 77.418734135470004
leaf_count=817 150 18791 6401 11115 193 1131 579 433 504 633 4074 685
internal_value=0.000925016 -0.00160205 0.0102711 0.0196815 -0.0111621 -0.0687665 0.041809 0.053402 0.099485 0.0039774 -0.0316649 -0.00634607
internal_weight=4554.16 4279.01 1887.88 1550.62 2391.13 177.157 275.147 258.035 128.772 129.263 337.26 2213.97
internal_count=45506 43207 22407 17516 20800 1324 2299 2149 937 1212 4891 19476
is_linear=0
shrinkage=0.196372


Tree=267
num_leaves=16
num_cat=0
split_feature=34 27 14 33 19 7 27 27 0 22 10 10 38 8 0
split_gain=10.6698 13.665 11.5395 10.7844 9.20728 8.86166 7.91468 7.68933 5.8745 6.67611 5.81293 15.7427 13.8232 4.18641 3.66059
threshold=19.500000000000004 47.050000000000004 18.500000000000004 3.3500000000000001 43.45000000000001 167.50000000000003 6.8000000000000016 31.350000000000005 6.8850000000000007 17.500000000000004 51.250000000000007 50.45000000000001 34.45000000000001 54.500000000000007 6.9250000000000007
decision_type=8 10 8 10 10 10 10 10 2 10 10 10 10 10 2
left_child=6 2 7 4 -3 -4 8 -2 9 -1 11 -8 -12 -5 -10
right_child=1 3 5 13 -6 -7 10 -9 14 -11 12 -13 -14 -15 -16
leaf_value=-0.093734786747362159 -0.0092275550507713404 -0.087961551133189333 -0.053174321972837106 0.16275878261596249 0.051365257476669701 -0.0033509597382905295 0.0090552962985212867 0.06334758659844604 0.11260509925239336 0 -0.037996796890290681 0.099774252450699971 0.03901531242894539 0 -0.049037982668348738
leaf_weight=73.660669912342655 207.29599954202257 28.21603045439133 465.89796023964095 30.855543154480984 50.997597013309132 223.45326525749988 2828.0302917425129 74.176560651474574 13.866088950191626 39.164571178254846 282.0628798683174 76.844961823317135 127.36404722866428 12.338099714892449 4.0854178509043768
leaf_count=1490 4230 315 3439 196 432 1511 27680 832 244 762 2239 510 1302 138 186
internal_value=0.00100893 -0.0157747 -0.0238725 0.0447594 0 -0.037674 0.00646442 0.00835488 -0.0403 -0.0588594 0.00844608 0.0116151 -0.0129482 0.123454 0.0512275
internal_weight=4538.31 1093.23 970.824 122.407 79.2136 689.351 3445.08 281.473 130.777 112.825 3314.3 2904.88 409.427 43.1936 17.9515
internal_count=45506 11093 10012 1081 747 4950 34413 5062 2682 2252 31731 28190 3541 334 430
is_linear=0
shrinkage=0.196372


Tree=268
num_leaves=15
num_cat=0
split_feature=33 25 14 40 32 28 18 17 37 32 9 18 14 38
split_gain=10.3396 29.301 12.3532 9.61828 9.4277 21.37 12.6599 16.4861 11.712 10.7506 9.97878 8.57038 8.21536 8.15322
threshold=2.3500000000000001 2.9500000000000006 24.500000000000004 17.750000000000004 0.16500000000000004 0.14500000000000005 16.500000000000004 3.0500000000000003 4.2500000000000009 0.18500000000000003 5.535000000000001 46.500000000000007 32.500000000000007 10.950000000000001
decision_type=10 8 10 10 10 8 10 10 10 10 10 10 10 8
left_child=1 2 3 -1 6 9 7 -2 -8 -6 -7 13 -4 -3
right_child=4 11 12 -5 5 10 8 -9 -10 -11 -12 -13 -14 -15
leaf_value=-0.010956530338003241 -0.014164549823025188 0 -0.094293613720534866 0.10062557573580053 0.09032359312456141 -0.0172731544289309 -0.016688649031617618 0.066265420185283613 -0.061616088908437332 -0.0067056427274331497 0.011461515432541673 0 0.0038406581920519159 0.17254623959617144
leaf_weight=57.290411515417929 271.16555620897816 10.825135182916709 73.579605451035604 50.70213460962259 147.16549782506172 1064.6601037668231 1500.628288344722 149.24208182802067 277.42692638046719 51.122984741887365 812.63965511754941 17.4577239476057 44.527363296336262 67.768128535534686
leaf_count=854 2559 187 653 431 1375 16276 10522 1739 1838 701 7691 145 236 378
internal_value=-0.00499863 0.0286275 -0.00817008 0.037421 -0.00763832 0.00166013 -0.0166184 0.0133508 -0.0239548 0.0630898 -0.00459819 0.119689 -0.0536022 0.147285
internal_weight=4596.2 322.151 226.1 107.993 4274.05 2075.59 2198.46 420.408 1778.06 198.288 1877.3 96.051 118.107 78.5933
internal_count=45585 2884 2174 1285 42701 26043 16658 4298 12360 2076 23967 710 889 565
is_linear=0
shrinkage=0.196372


Tree=269
num_leaves=15
num_cat=0
split_feature=33 13 0 16 22 15 13 9 27 33 0 40 37 30
split_gain=11.0859 16.4473 8.86274 14.5424 10.0866 8.20877 14.2798 12.0919 12.2108 10.9896 7.52993 11.7901 8.71785 5.5681
threshold=2.3500000000000001 0.14500000000000005 6.785000000000001 0.16500000000000004 24.500000000000004 84.700000000000003 0.12500000000000003 5.8750000000000009 27.250000000000004 2.4500000000000006 6.8350000000000009 14.550000000000002 2.7500000000000004 20.500000000000004
decision_type=10 8 2 8 8 8 10 10 10 10 2 10 10 10
left_child=1 10 3 -3 -4 6 -2 13 -9 -8 12 -12 -1 -7
right_child=5 2 4 -5 -6 7 9 8 -10 -11 11 -13 -14 -15
leaf_value=0.020396770712096099 0.11266501803209078 0.18749668841405767 -0.018808547720787001 -0.030603315762949227 0.15977898437780311 0.036675321755021695 -0.088519371300546532 -0.087147670152129333 -0.022334303573823509 -0.0022856921720762527 -0.10016903200569628 0.086111937824917634 -0.075573511750244543 -0.019498444406997731
leaf_weight=58.102241105836299 40.556797157158599 50.380828636922615 41.712073285183578 11.008490905107292 15.578181598728404 166.51943870302603 58.393777402267006 140.44911087409128 773.6971128709647 2969.3021037046014 14.455634454542631 62.526374274370028 77.713431885276805 103.76276920680175
leaf_count=469 106 448 731 193 103 1096 623 785 4964 34436 123 283 534 691
internal_value=-0.00515121 0.0291426 0.0877495 0.141207 0.0224374 -0.00792998 -0.00240575 -0.0218626 -0.0327956 -0.00410153 -0.0015129 0.045202 -0.0312848 0.0134699
internal_weight=4584.16 331.477 118.68 61.3893 57.2903 4252.68 3068.25 1184.43 914.146 3027.7 212.798 76.982 135.816 270.282
internal_count=45585 2884 1475 641 834 42701 35165 7536 5749 35059 1409 406 1003 1787
is_linear=0
shrinkage=0.196372


Tree=270
num_leaves=6
num_cat=0
split_feature=0 0 7 35 22
split_gain=37.22 27.7456 22.6916 28.7301 25.0515
threshold=6.5650000000000004 6.5850000000000009 163.50000000000003 61.250000000000007 14.500000000000002
decision_type=2 2 8 10 8
left_child=-1 -2 4 -4 -3
right_child=1 2 3 -5 -6
leaf_value=0.29628639598260414 -0.29808856861574645 0.073484909948273822 -0.0088324645117859538 0.31659209453102288 0.0095850832201058826
leaf_weight=16.384476822236138 11.661019971750646 284.47036686861497 3187.1995989762818 10.220492072316118 1564.4572192553433
leaf_count=230 224 4468 28923 44 15160
internal_value=0.00253992 0.0014883 0.00228096 -0.0076326 0.0196639
internal_weight=5074.39 5058.01 5046.35 3197.42 1848.93
internal_count=49049 48819 48595 28967 19628
is_linear=0
shrinkage=0.196372


Tree=271
num_leaves=6
num_cat=0
split_feature=0 35 25 21 0
split_gain=22.9785 22.1597 18.1421 27.6093 27.1644
threshold=6.5650000000000004 61.250000000000007 4.0500000000000007 3.9500000000000006 6.6950000000000012
decision_type=2 10 10 10 2
left_child=-1 2 3 -2 -4
right_child=1 -3 4 -5 -6
leaf_value=0.25146084355256915 0.0038843196489107995 0.21455344659933762 0.20597671697996656 -0.041403994697979195 0.023712695381853357
leaf_weight=14.115778168424184 4165.5455314166711 18.667903541892883 37.421726689510479 591.80630003299393 256.68429356365755
leaf_count=230 37558 66 612 6889 3694
internal_value=0.00285132 0.00206117 0.00117909 -0.00165772 0.0485433
internal_weight=5084.24 5070.13 5051.46 4757.35 294.106
internal_count=49049 48819 48753 44447 4306
is_linear=0
shrinkage=0.196372


Tree=272
num_leaves=9
num_cat=0
split_feature=7 15 37 12 22 27 30 34
split_gain=24.8579 22.0172 20.6677 18.8747 59.5154 16.7391 14.9366 12.81
threshold=175.50000000000003 85.050000000000011 4.5500000000000007 1.0000000180025095e-35 16.500000000000004 48.550000000000004 18.500000000000004 18.500000000000004
decision_type=10 10 10 10 10 10 10 10
left_child=1 3 6 5 -5 -1 -3 -4
right_child=-2 2 7 4 -6 -7 -8 -9
leaf_value=0.0041945871477327727 -0.29600234488713834 0.045525234208449956 0.11872624097382557 -0.1770742685380145 -0.0096851484391921646 -0.05761527239893062 -0.0015362803560466974 0
leaf_weight=2922.3938888206567 10.597502964315934 382.80837779965896 128.92832453818028 98.397281128967734 527.12183224329056 178.96813949316493 757.73350396936803 42.162166321490076
leaf_count=33915 19 2829 743 578 4407 1575 4753 254
internal_value=0.00122435 0.00194997 0.0238946 -0.00565496 -0.0367767 0.000480933 0.0138756 0.0879934
internal_weight=5049.11 5038.51 1311.63 3726.88 625.519 3101.36 1140.54 171.09
internal_count=49073 49054 8579 40475 4985 35490 7582 997
is_linear=0
shrinkage=0.196372


Tree=273
num_leaves=12
num_cat=1
split_feature=30 3 5 27 5 19 10 15 23 9 27
split_gain=20.1501 27.862 27.7278 22.6547 15.6004 17.1965 16.6562 13.996 5.8514 2.94063 2.74877
threshold=28.500000000000004 0 6.5250000000000012 42.350000000000001 3.6150000000000007 72.100000000000009 58.650000000000013 84.050000000000011 40.20000000000001 5.035000000000001 22.350000000000005
decision_type=10 9 2 10 2 10 8 10 10 8 10
left_child=4 -2 10 -4 8 6 -6 -7 9 -1 -3
right_child=1 2 3 -5 5 7 -8 -9 -10 -11 -12
leaf_value=-0.11380328174939067 0.22389082948113642 -0.097898949963137083 -0.10984728061695896 0.1048114607522608 0.0032607211518034629 -0.0055458608260368913 -0.10345134420706124 0.12686971150985707 -0.25466485757966617 0 -0.31693475474871569
leaf_weight=11.408671296661398 9.8839680551363926 10.399238397767474 59.977426328869115 25.768360110410867 4714.2250393093882 40.672433023741178 56.721214156220412 77.826308775911457 11.47930541395908 9.4344133494364524 22.130826304157381
leaf_count=1084 97 125 610 198 44707 366 712 422 314 267 171
internal_value=0.000746871 -0.0759364 -0.105093 -0.0400733 0.00283703 0.00382696 0.00189446 0.0777508 -0.132317 -0.0419706 -0.261556
internal_weight=5049.93 128.16 118.276 85.7458 4921.77 4889.44 4770.95 118.499 32.3224 20.8431 32.5301
internal_count=49073 1201 1104 808 47872 46207 45419 788 1665 1351 296
cat_boundaries=0 1
cat_threshold=4
is_linear=0
shrinkage=0.196372


Tree=274
num_leaves=12
num_cat=1
split_feature=40 13 0 0 40 13 21 4 5 37 29
split_gain=35.3583 30.5439 24.7406 23.3728 20.3896 16.1212 17.6979 12.2564 10.2036 5.52785 3.6676
threshold=11.450000000000001 0.115 7.0750000000000011 7.0450000000000008 8.4500000000000011 0.18500000000000003 4.5500000000000007 0 6.0050000000000008 5.4500000000000011 2.5500000000000003
decision_type=10 10 2 2 8 8 10 9 2 10 10
left_child=4 -2 3 -3 7 6 -6 8 -1 -7 -9
right_child=1 2 -4 -5 5 9 -8 10 -10 -11 -12
leaf_value=-0.10419616339713614 0.16076852969644287 0.0038622918735360273 0.25258935296664042 -0.24126092652919437 -0.089113286598147323 0.05332746413589487 -0.40522043479996189 0 0.10191534855158431 -0.1664808780563525 -0.12427329776540297
leaf_weight=8.6405036487550984 48.363619404669407 4549.7443037726698 15.206187914154723 14.79464715416543 245.98361059892068 38.882370601201615 7.7799802057525076 14.029668152670466 62.390730614216977 4.163733289967694 24.115244141442417
leaf_count=799 102 42374 32 49 2634 989 36 317 1179 101 610
internal_value=0.000676952 0.00563929 0.0038968 0.00295943 -0.0547725 -0.0816936 -0.100881 0.014373 0.0617139 0.0210938 -0.0619887
internal_weight=5034.09 4628.11 4579.75 4564.54 405.986 296.81 253.764 109.176 71.0312 43.0461 38.1449
internal_count=49222 42557 42455 42423 6665 3760 2670 2905 1978 1090 927
cat_boundaries=0 1
cat_threshold=106
is_linear=0
shrinkage=0.196372


Tree=275
num_leaves=16
num_cat=0
split_feature=5 16 15 21 27 39 15 32 40 40 27 22 32 27 16
split_gain=23.9487 31.4873 26.2671 38.1265 33.4858 32.6028 31.2319 26.3705 25.2808 24.8727 20.6491 16.258 12.5269 14.0749 2.56905
threshold=6.2250000000000005 0.16500000000000004 77.450000000000017 3.4500000000000006 37.650000000000006 16.950000000000003 76.250000000000014 0.16500000000000004 19.150000000000002 18.850000000000005 44.600000000000001 14.500000000000002 0.22500000000000003 44.050000000000004 0.20500000000000004
decision_type=2 10 8 8 10 8 10 10 10 10 10 10 10 10 8
left_child=1 8 6 4 -4 -5 11 -8 9 -1 -10 -2 13 -3 -14
right_child=2 12 3 5 -6 -7 7 -9 10 -11 -12 -13 14 -15 -16
leaf_value=-0.043806682693577424 0.034629266746683859 0.058990220044033363 0.033131211024322156 -0.016661346960640592 -0.024699842031457184 0.080474732193355047 -0.027195504512957363 -0.20083366408262049 -0.16338498076612995 0.21249792807905107 0.038083178610634615 -0.010553592163615587 -0.22261400872630921 -0.12002674993655395 0
leaf_weight=265.86162862025549 379.89329562671173 177.1416737234681 766.25653989854436 163.97890913506671 773.57450314807284 576.4537844632182 101.20148568063451 56.737922576224264 123.12416429473888 14.797334098288045 19.195709614512452 1579.1372332535043 8.1966721548487804 17.117227092861867 1.8012091213813626
leaf_count=3771 5692 3544 4834 1114 5191 3800 639 507 1020 92 153 18117 226 286 236
internal_value=0.00182692 -0.0339421 0.00703149 0.0217099 0.00379053 0.0583645 -0.00857 -0.0925651 -0.064828 -0.0285633 -0.13308 -0.00156236 0.0278462 0.0408198 -0.176376
internal_weight=5024.47 627.236 4397.23 2280.26 1539.83 740.433 2116.97 157.939 422.979 280.659 142.32 1959.03 204.257 194.259 9.99788
internal_count=49222 9328 39894 14939 10025 4914 24955 1146 5036 3863 1173 23809 4292 3830 462
is_linear=0
shrinkage=0.196372


Tree=276
num_leaves=16
num_cat=0
split_feature=39 11 31 23 14 21 40 27 31 23 34 1 27 23 5
split_gain=26.2193 35.57 29.562 27.17 26.4698 21.107 19.3959 18.3695 18.1243 18.0959 17.1713 20.1575 15.8934 10.1414 8.02709
threshold=18.150000000000002 1.0000000180025095e-35 31.100000000000005 44.900000000000006 11.500000000000002 3.3500000000000001 20.350000000000005 32.350000000000001 31.350000000000005 52.250000000000007 12.500000000000002 3.5000000000000004 22.050000000000001 47.350000000000001 6.6950000000000012
decision_type=10 10 10 10 10 10 10 10 10 10 8 2 8 10 2
left_child=2 7 10 6 14 -6 -4 13 -9 -5 11 -1 -12 -2 -3
right_child=1 4 3 9 5 -7 -8 8 -10 -11 12 -13 -14 -15 -16
leaf_value=-0.068558661254874906 -0.037803428266080331 0.2425191817093971 0.0078141248141989413 -0.27721366076274856 -0.00049819310702160183 0.037603213931428889 -0.15883355085893994 -0.15219512736801366 0.12559687728819138 -0.050032611840671606 0.020557460971957441 0.015840437560937413 -0.018131513884028928 0.08320485967763265 0.068271384005499272
leaf_weight=358.56459992409958 163.05218043680725 24.504351407827926 95.497492393626999 41.158041497663362 1378.2643211685663 919.72024063450044 35.125598092432483 89.739225322584389 8.1447853494028077 28.354581440056791 702.54831577695541 145.7051471525449 974.74007721247767 30.207006628086674 35.152258431931841
leaf_count=5100 1858 122 882 193 10391 7370 306 1002 115 196 10505 1691 8909 266 263
internal_value=-0.00333985 0.00999483 -0.0183559 -0.090872 0.0181342 0.0145599 -0.0337884 -0.0543582 -0.124334 -0.191345 -0.0114917 -0.0432955 -0.00166102 -0.0165243 0.147863
internal_weight=5030.48 2648.78 2381.69 200.136 2357.64 2297.98 130.623 291.143 97.884 69.5126 2181.56 504.27 1677.29 193.259 59.6566
internal_count=49169 21387 27782 1577 18146 17761 1188 3241 1117 389 26205 6791 19414 2124 385
is_linear=0
shrinkage=0.196372


Tree=277
num_leaves=16
num_cat=0
split_feature=29 33 36 31 39 35 40 38 39 27 28 15 5 0 9
split_gain=37.3592 35.6665 30.7227 25.391 36.2797 21.1651 13.6338 18.2435 23.7311 20.8959 16.0538 13.2446 12.898 3.88723 2.8283
threshold=3.5500000000000003 4.0500000000000007 0.25500000000000006 20.250000000000004 28.550000000000004 26.650000000000002 11.450000000000001 7.7500000000000009 5.9500000000000011 19.300000000000001 0.10500000000000002 79.750000000000014 6.9650000000000007 6.8750000000000009 3.0950000000000002
decision_type=10 10 10 10 8 10 10 8 8 10 8 10 2 2 10
left_child=6 3 11 4 -2 -5 10 9 -9 -8 14 -3 -12 -4 -1
right_child=1 2 13 5 -6 -7 7 8 -10 -11 12 -13 -14 -15 -16
leaf_value=0 -0.034011228345999185 0.0088863602642551762 -0.14737137498719854 -0.11002714038390106 0.30868587808307357 0.057273032662023604 0.0025123429601241589 -0.25429446295111874 0.015761082774204058 -0.13602430783834416 0.033868937407409636 0.090424887274224305 -0.05471314975384485 0 -0.27153434807558618
leaf_weight=5.0584184562139312 530.97454352507907 294.96549563555504 45.350771910067579 320.66117266794618 11.770376030821351 28.307488356018439 95.049328696127077 12.206879250566997 3234.833913560512 67.369327187398085 98.266518683218067 111.62275754973234 160.80350914272026 6.4372251921295165 12.615586055697348
leaf_count=757 6632 4091 772 3109 23 294 1872 128 25679 1298 1675 831 1760 182 66
internal_value=-0.00236922 -0.0303807 0.0133629 -0.0533623 -0.0256446 -0.0951581 0.00777081 0.0112717 0.0145927 -0.0523224 -0.0337327 0.0323983 -0.0194007 -0.127071 -0.216284
internal_weight=5036.29 1350.09 458.376 891.714 542.745 348.969 3686.2 3409.46 3247.04 162.419 276.744 406.588 259.07 51.788 17.674
internal_count=49169 15934 5876 10058 6655 3403 33235 28977 25807 3170 4258 4922 3435 954 823
is_linear=0
shrinkage=0.196372


Tree=278
num_leaves=16
num_cat=1
split_feature=25 8 4 9 18 27 22 37 13 28 18 25 10 10 39
split_gain=22.5686 24.1001 23.9738 23.7901 23.6948 25.0426 15.7375 15.2902 14.7634 12.7199 11.9816 17.1992 12.2528 10.652 2.89231
threshold=2.2500000000000004 57.500000000000007 0 4.3050000000000006 16.500000000000004 36.750000000000007 31.500000000000004 4.0500000000000007 0.21500000000000002 0.15500000000000003 24.500000000000004 1.6500000000000001 48.850000000000001 21.750000000000004 17.550000000000004
decision_type=8 10 9 10 10 10 8 10 8 10 10 10 10 10 10
left_child=2 6 4 13 14 -6 8 -5 -2 -8 11 -4 -12 -3 -1
right_child=1 3 10 7 5 -7 9 -9 -10 -11 12 -13 -14 -15 -16
leaf_value=-0.056366472995121424 -0.0073130485066856031 -0.011639334107577498 0.13473416977715588 0.028682749866712716 0.19516167779791338 0 -0.16510175003049529 0.12164971168567139 -0.12554596574346577 -0.0055296581733425398 0.17629087753156836 -0.059925322325960047 -0.023589768762838522 -0.20554905806637858 0.046380339988654026
leaf_weight=31.453617266864569 4041.5621769595509 66.897754947967769 18.975644388372473 203.90564839623403 94.511664041479889 38.679850603315572 45.840747926722997 117.95882100165818 41.486802940612051 43.645182791675325 24.740787343398551 130.13915653621916 15.970139193872454 14.557613812510679 11.613976397042277
leaf_count=949 38181 1289 957 1670 362 331 342 1208 1604 583 137 965 108 218 101
internal_value=-0.0021822 -0.00602203 0.0445771 0.0395736 0.0940506 0.140732 -0.0105375 0.0641898 -0.00862954 -0.0924194 -0.00382516 -0.0320252 0.0873125 -0.0521726 -0.0183079
internal_weight=4941.94 4575.85 366.085 403.32 176.259 133.192 4172.53 321.864 4083.05 89.4859 189.826 149.115 40.7109 81.4554 43.0676
internal_count=49005 45095 3910 4385 1743 693 40710 2878 39785 925 2167 1922 245 1507 1050
cat_boundaries=0 1
cat_threshold=224
is_linear=0
shrinkage=0.196372


Tree=279
num_leaves=15
num_cat=1
split_feature=23 17 33 23 19 0 0 24 21 34 23 16 4 26
split_gain=16.364 25.9963 21.1647 20.9386 20.3766 16.5242 16.3402 33.1539 15.8218 20.2566 14.1019 12.8633 8.64395 0.409691
threshold=47.70000000000001 2.8500000000000001 3.4500000000000006 48.050000000000004 56.250000000000007 7.0550000000000006 6.745000000000001 0.17500000000000002 2.9500000000000006 16.500000000000004 58.400000000000006 0.19500000000000003 0 21.500000000000004
decision_type=8 8 10 8 10 2 2 10 10 10 10 8 9 10
left_child=2 6 5 13 -5 11 10 -8 12 -10 -2 -1 -4 -3
right_child=1 3 8 4 -6 -7 7 -9 9 -11 -12 -13 -14 -15
leaf_value=0.011966264403957715 0.0086882621277715004 -0.29899831538706578 -0.011430280159459271 -0.068837528945386223 0.013920331048766166 0.23539502608158408 -0.027352618213117762 0.2044550349344659 -0.025805830495290359 0.023000989402363798 0.12513639281329852 0.090901255512938817 -0.1021583340352642 -0.11297692046759325
leaf_weight=2018.9246534281413 121.57893617526156 13.552756394696218 102.26026779824451 376.51237517109689 153.21178342423082 13.350541635205444 472.73634594898613 24.561581912163092 778.99311980923926 560.20995101020708 67.49873746832327 85.037916207895478 101.15340038736827 11.889172300943756
leaf_count=19239 1043 76 1308 2395 1088 27 3088 240 10450 6256 476 1826 1401 92
internal_value=-0.00234793 -0.0218849 0.00415908 -0.0535191 -0.0440676 0.0169967 0.00306376 -0.0149294 -0.0131733 -0.00505724 0.0526978 0.0153765 -0.0643655 -0.23102
internal_weight=4901.47 1241.54 3659.93 555.166 529.724 2117.31 686.376 497.298 1542.62 1339.2 189.078 2103.96 203.414 25.4419
internal_count=49005 8498 40507 3651 3483 21092 4847 3328 19415 16706 1519 21065 2709 168
cat_boundaries=0 1
cat_threshold=198
is_linear=0
shrinkage=0.196372


Tree=280
num_leaves=16
num_cat=2
split_feature=22 31 38 31 34 5 0 39 38 31 14 38 4 4 5
split_gain=16.2332 20.8433 20.8763 17.6825 16.6438 13.9356 9.93203 17.5535 15.79 15.607 21.1591 12.709 9.85971 3.57225 1.20757
threshold=26.500000000000004 19.700000000000003 15.550000000000002 16.950000000000003 15.500000000000002 6.9350000000000014 6.8350000000000009 25.100000000000005 29.850000000000005 30.550000000000001 29.500000000000004 7.3500000000000005 0 1 7.2750000000000012
decision_type=10 10 10 10 10 2 2 10 10 10 10 10 9 9 2
left_child=6 3 14 5 -4 -2 7 8 -1 11 -11 -8 -9 -5 -3
right_child=1 2 4 13 -6 -7 9 12 -10 10 -12 -13 -14 -15 -16
leaf_value=-0.0065998976604663582 0.1125834485386675 -0.22542302865814703 0.059583825978494841 0 -0.028989434777109101 0 -0.068111240364211706 -0.0104608222188047 0.042408531659386121 -0.015340778126123953 -0.13684122603402993 0.00017630070044122821 0.076650150276485474 0.18690207628137218 -0.055192735184544948
leaf_weight=2523.4089417958612 63.999597527250444 14.384468972450124 164.28697396348434 16.931041173898848 155.63566821814675 102.35263453882362 116.19921778704975 61.599511126631114 280.87796271242223 160.63759019842564 92.920946737518534 954.46690604351897 170.79697283177484 44.826752970868256 11.864113481999082
leaf_count=26358 528 130 1517 154 1256 1092 3274 493 2197 1274 560 8582 1307 238 116
internal_value=0.000549816 0.0316557 0 0.0777284 0.015117 0.0407423 -0.00344598 0.00261581 -0.00153006 -0.0176802 -0.0616931 -0.00683222 0.0545083 0.169712 -0.166314
internal_weight=4935.19 574.281 346.171 228.11 319.923 166.352 4360.91 3036.68 2804.29 1324.22 253.559 1070.67 232.396 61.7578 26.2486
internal_count=49076 5031 3019 2012 2773 1620 44045 30355 28555 13690 1834 11856 1800 392 246
cat_boundaries=0 1 2
cat_threshold=196 19
is_linear=0
shrinkage=0.196372


Tree=281
num_leaves=10
num_cat=0
split_feature=28 37 1 19 28 16 26 5 23
split_gain=17.8991 14.3969 26.9895 23.9644 17.7715 12.564 14.5296 14.3156 3.89548
threshold=0.24500000000000002 4.7500000000000009 4.5000000000000009 45.45000000000001 0.15500000000000003 0.19500000000000003 23.500000000000004 7.4450000000000012 21.050000000000004
decision_type=8 8 2 10 10 8 10 2 10
left_child=1 5 4 -4 -3 6 -1 -7 -2
right_child=8 2 3 -5 -6 7 -8 -9 -10
leaf_value=-0.012989472513479499 0 0.12530446136534404 0 -0.2135750798332178 0.028207273678526448 0.085096614953034985 0.01229152012138803 -0.036540942989501793 -0.24522525447044954
leaf_weight=2950.2468414450414 3.8977931054423633 97.120438357861758 55.856930499209739 29.040202997683082 375.96420889650176 123.27280594968397 1231.6442443479673 47.368176793025668 13.74542321141598
leaf_count=27458 548 589 706 237 4904 2862 10182 1388 202
internal_value=-0.000117424 0.000505965 0.030274 -0.0694197 0.0491256 -0.00320948 -0.00543733 0.0487289 -0.196451
internal_weight=4928.16 4910.51 557.982 84.8971 473.085 4352.53 4181.89 170.641 17.6432
internal_count=49076 48326 6436 943 5493 41890 37640 4250 750
is_linear=0
shrinkage=0.196372


Tree=282
num_leaves=16
num_cat=0
split_feature=17 0 40 26 39 38 39 29 19 27 19 19 9 2 18
split_gain=12.3145 14.4531 13.8045 22.4731 26.5097 16.6086 17.1959 13.4989 16.671 10.8051 10.7017 9.82533 7.38723 4.35836 3.71228
threshold=3.1500000000000008 6.6350000000000007 19.550000000000004 20.500000000000004 21.150000000000002 6.0500000000000007 6.5500000000000007 2.5500000000000003 50.400000000000006 26.450000000000006 16.650000000000002 59.800000000000004 3.3250000000000006 4.5000000000000009 21.500000000000004
decision_type=10 2 10 10 10 10 10 8 10 10 10 10 10 2 8
left_child=1 9 5 10 -5 12 -7 8 -3 14 -4 -9 -2 -11 -1
right_child=2 7 3 4 -6 6 -8 11 -10 13 -12 -13 -14 -15 -16
leaf_value=-0.15404107749405302 0.011170120433956026 0.00047837303857557571 0.10298554869492937 -0.12571521962126903 0.015728466946203151 -0.19427381378618067 0.0087406552956343763 0.015062139553388419 -0.060086527203488421 0.22487093559529706 -0.017947157262753408 -0.018602561228184152 -0.11408625142475054 0.031438564333674708 0.044267743921745484
leaf_weight=5.9790634234941509 16.204297654257971 496.98606653934303 31.410157220178007 177.25110574207793 64.29547272544005 16.057420126338911 911.00171623472943 2241.4903042585615 259.13390030514347 22.781763206714459 245.408706202541 381.86678187955113 69.638432995312542 13.134775162769072 3.7088231797679336
leaf_count=291 1014 4372 458 1506 567 281 9553 20650 1973 436 2859 2845 2019 305 96
internal_value=-0.0016088 0.00483634 -0.0163137 -0.0424291 -0.0862478 -0.00250443 0.00470209 0.00321565 -0.019702 0.114678 -0.00255442 0.00999142 -0.0853124 0.167019 -0.0339364
internal_weight=4956.35 3425.08 1531.27 518.365 241.547 1012.9 927.059 3379.48 756.12 45.6044 276.819 2623.36 85.8427 35.9165 9.68789
internal_count=49225 30968 18257 5390 2073 12867 9834 29840 6345 1128 3317 23495 3033 741 387
is_linear=0
shrinkage=0.196372


Tree=283
num_leaves=10
num_cat=0
split_feature=0 5 14 17 0 35 39 9 9
split_gain=18.1661 15.8828 25.8587 14.4819 24.9383 13.0108 12.2569 0.808668 0.232933
threshold=6.5650000000000004 6.2250000000000005 34.500000000000007 3.1500000000000008 6.7250000000000005 20.950000000000003 19.450000000000003 6.5850000000000009 5.9850000000000012
decision_type=2 2 10 8 2 8 10 10 10
left_child=7 2 6 5 -5 -3 -2 8 -1
right_child=1 3 -4 4 -6 -7 -8 -9 -10
leaf_value=0 -0.00063996924734799441 0.014680896246440155 -0.21912719357579188 -0.07067442716429459 -0.0015536588646064017 -0.022333682948550222 -0.060504653816908852 0.29534961484594663 0.062718926864419211
leaf_weight=1.9937617426739942 395.48301143691333 2585.4241437624614 27.412371157872258 253.50240931299231 1044.1993198031023 418.13614421423335 210.07300186067732 7.9882556378179288 2.7225883259088732
leaf_count=151 7134 21333 245 3070 11412 3891 1922 36 31
internal_value=-0.001682 -0.00237979 -0.0314562 0.00179716 -0.0154076 0.00937894 -0.0221544 0.230564 0.0227758
internal_weight=4946.94 4934.23 632.968 4301.26 1297.7 3003.56 605.556 12.7046 4.71635
internal_count=49225 49007 9301 39706 14482 25224 9056 218 182
is_linear=0
shrinkage=0.196372


Tree=284
num_leaves=16
num_cat=1
split_feature=38 22 5 5 35 33 0 37 38 5 0 40 29 4 10
split_gain=21.4464 24.8973 20.6445 33.0238 15.776 13.8381 20.2126 21.4641 12.3022 17.9449 12.3006 11.1513 14.3671 8.08443 6.90745
threshold=28.350000000000005 23.500000000000004 8.3950000000000014 8.4650000000000016 11.750000000000002 4.0500000000000007 6.9350000000000014 3.3500000000000001 30.250000000000004 7.1550000000000011 6.6250000000000009 13.750000000000002 4.5500000000000007 0 47.250000000000007
decision_type=10 10 2 2 10 8 2 10 10 2 2 8 10 9 10
left_child=5 2 4 -4 -2 6 10 -8 9 -3 -1 12 -7 -13 -10
right_child=1 8 3 -5 -6 11 7 -9 14 -11 -12 13 -14 -15 -16
leaf_value=-0.12336774176002999 -0.066696294459060043 0 0.26222083592534823 -0.00088918351016112676 0.012185842893729315 0.029297178912018045 0.17793770666717487 0.0033008879531201039 0.1936238455198184 0.18899295348358711 -0.014396236867097159 0.035320242522798292 0.18949778680620241 -0.015810580299414657 0.028458421104756944
leaf_weight=41.416755862450827 153.06591817487788 25.980441882071318 28.273817218132535 42.765979135900125 252.01444141977117 107.80926874282835 41.805254775936191 92.339213840195498 11.643694237980524 66.72915409484267 3430.1168261216299 184.34346230661032 30.516400767274433 289.87188653825712 171.79802691903024
leaf_count=1066 876 235 68 413 1748 1751 441 1103 105 518 33171 1788 476 3640 1774
internal_value=-0.00259967 0.0278075 0 0.098062 -0.0165446 -0.00812882 -0.0128383 0.0612239 0.0746958 0.13522 -0.0158316 0.0188635 0.068079 0.00354782 0.0415699
internal_weight=4970.49 752.271 476.12 71.0398 405.08 4218.22 3605.68 134.144 276.151 92.7096 3471.53 612.541 138.326 474.215 183.442
internal_count=49173 5737 3105 481 2624 43436 35781 1544 2632 753 34237 7655 2227 5428 1879
cat_boundaries=0 1
cat_threshold=88
is_linear=0
shrinkage=0.196372


Tree=285
num_leaves=16
num_cat=0
split_feature=39 31 34 35 25 34 38 0 35 25 11 10 15 11 11
split_gain=29.8458 18.5606 15.3008 15.0312 14.8894 14.6554 13.1627 11.4343 11.0523 11.8116 8.80993 13.34 8.63074 7.56264 3.38613
threshold=25.850000000000005 45.95000000000001 15.500000000000002 15.050000000000002 2.6500000000000008 19.500000000000004 12.450000000000001 6.8550000000000013 18.750000000000004 2.7500000000000004 5.5000000000000009 56.45000000000001 89.65000000000002 3.5000000000000004 3.5000000000000004
decision_type=10 10 10 8 10 8 8 2 10 10 10 10 10 10 10
left_child=1 3 13 6 10 -5 -1 -4 12 -10 14 -12 -6 -3 -2
right_child=4 2 7 5 8 -7 -8 -9 9 -11 11 -13 -14 -15 -16
leaf_value=0.0031349032885660605 0 0 0.036604055495955058 -0.0033058576791760567 0.12407627178553741 0.047135187711364018 -0.023548185867988038 -0.19829578360422051 0.16717392440326923 -0.031403017254176123 0.18538080795544087 -0.028855318752419677 -0.0013813782954619168 0.17703495452131984 -0.13974812207836021
leaf_weight=958.79461795978455 14.845864446935591 13.284021908779321 44.333900578569228 792.19619405976823 146.88978085922099 301.47636806582091 2497.1692390331846 9.485086203937497 14.342113893450003 51.349893911239633 16.030046097366721 28.481253877824201 16.62352763483068 45.872348591472473 21.080102227861062
leaf_count=17914 136 153 363 7912 899 2255 17748 71 65 732 89 154 132 433 117
internal_value=-0.00357232 -0.00757773 0.070505 -0.00961743 0.0552725 0.0101989 -0.0160172 0 0.081067 0.00560887 -0.0127424 0.0388792 0.108624 0.139342 -0.0888419
internal_weight=4972.25 4662.61 112.975 4549.64 309.643 1093.67 3455.96 53.819 229.205 65.692 80.4373 44.5113 163.513 59.1564 35.926
internal_count=49173 46849 1020 45829 2324 10167 35662 434 1828 797 496 243 1031 586 253
is_linear=0
shrinkage=0.196372


Tree=286
num_leaves=16
num_cat=0
split_feature=23 26 15 15 7 36 27 31 23 7 34 39 10 25 14
split_gain=12.6923 22.4465 26.1076 11.3085 13.9236 13.8421 14.3132 12.6176 12.2268 12.058 11.0734 10.1842 6.53657 5.2649 4.57665
threshold=63.050000000000004 21.500000000000004 82.350000000000009 61.600000000000009 171.50000000000003 0.19500000000000003 19.300000000000001 26.200000000000006 15.550000000000002 172.50000000000003 16.500000000000004 18.250000000000004 50.45000000000001 2.4500000000000006 19.500000000000004
decision_type=8 10 8 10 10 10 10 8 10 10 10 10 10 10 10
left_child=3 2 13 4 7 6 -5 -1 -6 -7 11 -3 -12 -2 -4
right_child=1 10 14 5 8 9 -8 -9 -10 -11 12 -13 -14 -15 -16
leaf_value=-0.03152741658383889 -0.096170224539309762 0.084821579585839704 -0.07421805789803354 -0.032991236746503505 0.20720596393441301 0.024209456408514567 0.0065929457388683721 0.042082340462776681 0.0036156307538674397 0.15493770409245983 0 -0.11043444243965593 0.13493614113560179 0.068723699720443843 -0.23842794692193028
leaf_weight=787.83009811275542 9.538095772557396 12.344734856582361 18.904627211235521 408.94390632282375 18.267074438576401 854.19971655435074 2504.7651794045496 96.335637641323956 42.29632241391846 29.506016186562192 13.482068083307238 32.911095785850193 32.722121464074007 24.242588612916734 41.576789877639385
leaf_count=15816 51 53 63 2951 272 8767 17846 1617 441 117 110 377 162 228 202
internal_value=0.000645046 -0.0495626 -0.117315 0.00270713 -0.0163688 0.00757045 0.000882872 -0.0229969 0.072834 0.0291126 0.0155305 -0.0472607 0.086535 0.00879464 -0.194853
internal_weight=4927.87 185.722 94.2621 4742.14 944.729 3797.41 2913.71 884.166 60.5634 883.706 91.46 45.2558 46.2042 33.7807 60.4814
internal_count=49073 1246 544 47827 18146 29681 20797 17433 713 8884 702 430 272 279 265
is_linear=0
shrinkage=0.196372


Tree=287
num_leaves=16
num_cat=0
split_feature=35 35 5 5 39 17 23 35 1 15 33 10 25 18 5
split_gain=11.4031 14.1314 19.4801 24.6645 13.1119 22.9319 20.6197 11.822 16.933 15.2603 11.7142 23.4541 11.6172 11.0578 2.51331
threshold=10.600000000000001 9.2500000000000018 6.5850000000000009 6.3050000000000006 16.050000000000004 2.1500000000000008 26.650000000000002 11.550000000000002 1.5000000000000002 62.600000000000009 3.1500000000000008 41.850000000000001 3.1500000000000008 15.500000000000002 7.4350000000000014
decision_type=10 8 2 2 8 10 10 10 2 10 10 10 10 10 2
left_child=1 4 3 -3 6 -6 -1 8 14 -10 11 -9 -4 -12 -2
right_child=7 2 12 -5 5 -7 -8 10 9 -11 13 -13 -14 -15 -16
leaf_value=-0.010161192388292644 0 0 -0.058692894469432211 -0.26655082088134757 -0.087860841480174201 -0.0062941901297753622 0.042321659456673821 0.069076623926760755 -0.041140910585095725 0.13104325022752508 -0.059634106629702067 0.0013940719932214309 0.033736371738170429 0.00081032882795618682 -0.11166980487839206
leaf_weight=638.15579834764912 8.9250580635941805 27.581157842049208 124.52878938604198 32.153021681187056 150.84062261574536 1265.3103907216391 512.96635401082949 297.81557095438006 20.118943607711117 100.46259823429136 132.14855029210412 626.7667651453412 84.170094737601175 879.08231329061346 17.11066652842419
leaf_count=11685 172 419 924 194 1141 10646 4647 3012 320 693 1808 4942 794 7506 170
internal_value=0.000826793 -0.00717859 -0.0501215 -0.149975 -0.00251181 -0.0153075 0.0128442 0.0119408 0.0660651 0.0986168 0.00760534 0.0236861 -0.0192934 -0.00666036 -0.0673575
internal_weight=4918.14 2835.71 268.433 59.7342 2567.27 1416.15 1151.12 2082.43 146.617 120.582 1935.81 924.582 208.699 1011.23 26.0357
internal_count=49073 30450 2331 613 28119 11787 16332 18623 1355 1013 17268 7954 1718 9314 342
is_linear=0
shrinkage=0.196372


Tree=288
num_leaves=16
num_cat=1
split_feature=7 4 0 26 30 1 14 18 10 23 9 26 26 5 1
split_gain=10.2362 19.7667 22.9619 25.7339 21.5489 18.0766 14.4136 12.3197 9.47191 15.6749 11.8123 22.1902 12.2744 9.1361 5.78807
threshold=167.50000000000003 0 6.6850000000000014 21.500000000000004 19.500000000000004 1.5000000000000002 24.500000000000004 18.500000000000004 56.750000000000007 59.150000000000013 6.8550000000000013 21.500000000000004 29.500000000000004 7.7250000000000005 1.5000000000000002
decision_type=10 9 2 10 8 2 10 10 10 10 8 8 8 2 2
left_child=8 5 3 -3 -4 6 -2 -7 10 13 12 -12 -1 -10 -11
right_child=1 2 4 -5 -6 7 -8 -9 9 14 11 -13 -14 -15 -16
leaf_value=0.0051073106175968733 0.17090393672338886 0.14520313290424003 -0.046758880301575045 -0.051469059923681469 0.0062473940938660632 -0.010519926730132812 -0.10143415349254005 -0.19818692765830531 0.067161707960648645 0 0.11836479805631882 -0.0039684391366390671 -0.052364686642178609 -0.089767516235779735 -0.23694685038658331
leaf_weight=3102.1814157961821 14.31647622174569 73.148433999034751 518.56432111218407 35.173004417247284 659.63255790377309 24.38016152554701 13.853964521666056 57.889279774011811 32.963930515179527 9.0541231950965102 99.318349969457415 118.81074098404537 149.32181705303401 24.939615045710525 20.08242321587386
leaf_count=32064 95 846 5632 467 5238 206 69 265 329 127 511 1073 1383 340 270
internal_value=-0.00177665 -0.0160793 -0.00837507 0.0772745 -0.0167098 -0.092509 0.0215661 -0.148125 0.0037168 -0.0597675 0.00544089 0.049759 0.00232819 0 -0.176683
internal_weight=4953.63 1396.96 1286.52 108.321 1178.2 110.44 28.1704 82.2694 3556.67 87.0401 3469.63 218.129 3251.5 57.9035 29.1365
internal_count=48915 12818 12183 1313 10870 635 164 471 36097 1066 35031 1584 33447 669 397
cat_boundaries=0 1
cat_threshold=16
is_linear=0
shrinkage=0.196372


Tree=289
num_leaves=9
num_cat=1
split_feature=35 25 20 35 11 5 3 7
split_gain=11.0388 11.1147 11.7931 9.42126 27.7908 8.50209 6.68177 1.52228
threshold=54.150000000000006 4.3500000000000005 0.22500000000000003 25.950000000000003 3.5000000000000004 7.8450000000000006 0 167.50000000000003
decision_type=10 10 10 10 10 2 9 10
left_child=1 3 6 5 -5 -1 -3 -4
right_child=-2 2 7 4 -6 -7 -8 -9
leaf_value=0.0039478297852598605 0.15583098749789118 0.12909313887920898 0 -0.12407910543184286 0.0003702335623682135 -0.016485868149503629 0 -0.18009504145344732
leaf_weight=3513.5567729498716 17.008778994670138 57.912636106766968 3.8013374684683168 95.592707810865249 224.1721266791028 1008.9943299281922 27.883407020537561 5.9956580622456386
leaf_count=32879 90 794 420 1088 1931 11001 609 103
internal_value=-0.000882615 -0.00151896 0.0645182 -0.00291706 -0.035503 -0.000513364 0.0909197 -0.119367
internal_weight=4954.92 4937.91 95.593 4842.32 319.765 4522.55 85.796 9.797
internal_count=48915 48825 1926 46899 3019 43880 1403 523
cat_boundaries=0 1
cat_threshold=1
is_linear=0
shrinkage=0.196372


Tree=290
num_leaves=16
num_cat=0
split_feature=19 38 38 12 20 36 31 22 24 15 34 1 34 14 22
split_gain=13.7352 21.5149 26.4759 30.3726 19.5154 23.4001 19.7388 15.4853 17.2519 14.9255 17.3119 15.9745 12.8375 12.0555 11.6116
threshold=47.45000000000001 24.850000000000005 23.250000000000004 1.0000000180025095e-35 0.14500000000000005 0.13500000000000004 16.950000000000003 27.500000000000004 0.13500000000000004 87.850000000000009 18.500000000000004 6.5000000000000009 24.500000000000004 19.500000000000004 16.500000000000004
decision_type=8 8 10 10 10 8 10 8 8 10 10 2 8 10 10
left_child=1 2 12 -4 7 14 -7 13 -9 11 -11 -3 -1 -2 -6
right_child=4 9 3 -5 5 6 -8 8 -10 10 -12 -13 -14 -15 -16
leaf_value=-0.010634743191549181 0.080264687053371017 -0.095767606864967533 0.13162570114311958 -0.049900197331292848 -0.22291929963597429 -0.035080977212995745 0.022140364051945669 -0.019266148766983227 0.16201260092839403 0.045228981365724508 -0.09502427108448476 0.09437107200160022 0.049565404328746447 0.012477259601127043 -0.046302711084953443
leaf_weight=2214.0850963244925 131.29660012984755 225.27899731347816 113.50038781973126 47.304059800124378 23.977563228370855 327.96817737611127 781.14432561676767 22.472486694809021 70.899379753511568 99.468870632597827 51.13926689355867 15.926613599353002 143.46009147873929 551.538906404925 60.033237102034036
leaf_count=27053 716 1704 649 283 119 2892 7195 178 386 613 232 72 3244 2995 606
internal_value=0.000289092 -0.00818789 -0.00134483 0.0754728 0.0130409 -0.00237892 0.0048161 0.0373091 0.113693 -0.0510141 0 -0.0813022 -0.00677904 0.0261823 -0.102415
internal_weight=4879.49 2910.16 2518.35 160.804 1969.33 1193.12 1109.11 776.207 93.3719 391.814 150.608 241.206 2357.55 682.836 84.0108
internal_count=48937 33850 31229 932 15087 10812 10087 4275 564 2621 845 1776 30297 3711 725
is_linear=0
shrinkage=0.196372


Tree=291
num_leaves=16
num_cat=1
split_feature=5 27 4 20 15 27 11 9 36 1 28 11 31 15 37
split_gain=13.9532 17.2554 34.2255 18.503 17.8101 21.998 15.7876 12.7246 10.7444 19.2555 11.9763 10.1569 17.9862 11.6136 6.80456
threshold=6.9650000000000007 29.500000000000004 0 0.13500000000000004 77.450000000000017 26.950000000000003 6.5000000000000009 5.1850000000000014 0.115 3.5000000000000004 0.115 8.5000000000000018 31.550000000000004 85.350000000000009 2.5500000000000003
decision_type=2 10 9 10 8 10 10 10 10 2 10 10 10 10 10
left_child=1 4 6 -4 7 -6 -3 -1 9 10 -2 12 -10 -13 -11
right_child=8 2 3 -5 5 -7 -8 -9 11 14 -12 13 -14 -15 -16
leaf_value=-0.0013791874765544821 -0.12869868123006106 -0.10813716712898194 0.069203437093863535 -0.024380566463813286 0.01380286732305234 0.15412104512986216 0.049115014543165657 -0.072952483095924975 0.0026790093854411555 -0.036022248834544378 0.056919142392484946 0.059036518355308362 0.04090927116788478 -0.095613857213029979 -0.32784563739002143
leaf_weight=541.7516649315312 19.913947910125898 258.46569754920347 101.87334096377617 392.04858798798341 219.23927900368062 56.49754745469545 23.005529494452276 119.93467393214814 2387.6451370200616 9.4000259123731684 39.451770362245952 21.488794411648996 601.99592352123727 70.995245671729208 12.064339304197345
leaf_count=9419 169 2507 451 3797 1414 314 266 1234 23454 145 465 152 4657 453 40
internal_value=-0.0011952 -0.0155459 -0.0372447 -0.00407612 0.00193311 0.0442584 -0.0904692 -0.0150422 0.00643619 -0.0635109 0 0.00841886 0.0105279 -0.0548378 -0.222123
internal_weight=4875.77 1712.82 775.393 493.922 937.423 275.737 281.471 661.686 3162.96 80.8301 59.3657 3082.13 2989.64 92.484 21.4644
internal_count=48937 19402 7021 4248 12381 1728 2773 10653 29535 819 634 28716 28111 605 185
cat_boundaries=0 1
cat_threshold=29
is_linear=0
shrinkage=0.196372


Tree=292
num_leaves=16
num_cat=1
split_feature=37 10 0 5 4 18 13 27 0 5 35 0 19 8 5
split_gain=11.2987 19.9871 18.0919 20.1712 17.8501 11.8159 11.2176 16.4397 20.0351 15.5956 10.9381 10.2192 5.58429 4.72315 0.470723
threshold=4.8500000000000005 24.350000000000005 6.8350000000000009 7.5150000000000006 0 21.500000000000004 0.12500000000000003 45.850000000000001 6.6150000000000011 8.7250000000000032 9.8500000000000014 6.8250000000000011 26.200000000000006 54.500000000000007 7.3250000000000011
decision_type=10 10 2 2 9 10 8 10 2 2 10 2 10 10 2
left_child=6 5 3 -3 -4 12 10 8 -8 -9 13 -12 -2 -1 -7
right_child=1 2 4 -5 -6 14 7 9 -10 -11 11 -13 -14 -15 -16
leaf_value=-0.12117086553467972 0.026472777678017381 0.1338999348698697 0.061453558218358954 0.01226771861218149 -0.07886844585463651 -0.082020358040092889 -0.1717880363977953 -0.040068781784892697 0.0005386984954058188 0.14495398459877035 0.1185709767136673 0 -0.074714476521434647 0.010000923520486846 -0.26409131151676213
leaf_weight=16.522545887614971 54.860970762668785 133.20125000082044 58.040877376719436 101.20417098950929 60.13567920748028 12.904734250399089 25.974470776488488 635.56754661258674 3625.4514756466806 16.908290399280304 78.38647178903193 38.801702494500205 31.971325989648449 14.835476470267166 8.1845120809957717
leaf_count=108 1404 1050 469 829 476 204 804 5250 36602 342 279 164 796 58 90
internal_value=-0.000789101 0.0283707 0.0515833 0.0833362 -0.00768468 -0.0433118 -0.00390593 -0.00583036 -0.000575387 -0.0345485 0.0487957 0.0778184 -0.00577324 -0.0453949 -0.17544
internal_weight=4912.95 460.504 352.582 234.405 118.177 107.922 4452.45 4303.9 3651.43 652.476 148.546 117.188 86.8323 31.358 21.0892
internal_count=48925 5318 2824 1879 945 2494 43607 42998 37406 5592 609 443 2200 166 294
cat_boundaries=0 1
cat_threshold=165
is_linear=0
shrinkage=0.196372


Tree=293
num_leaves=10
num_cat=1
split_feature=7 7 35 15 18 11 4 29 21
split_gain=9.40961 11.848 17.1653 15.885 11.593 13.8578 10.7592 9.40022 9.30921
threshold=150.50000000000003 156.50000000000003 14.100000000000001 79.250000000000014 31.500000000000004 2.5000000000000004 0 2.8500000000000001 3.0500000000000003
decision_type=8 8 10 10 10 10 9 10 10
left_child=8 2 6 -4 7 -6 -2 -3 -1
right_child=1 4 3 -5 5 -7 -8 -9 -10
leaf_value=0.035588301400554453 -0.041335766242526252 -0.017060529478327459 0.18045024856780958 0.022257130124767686 0.15115644427498853 0.0056077942693542951 0.047004923379736697 0.0019956251430373697 -0.18801838242599761
leaf_weight=6.4853077371584531 98.964130855523308 1481.0850415495743 51.150544022009854 61.228506296421983 40.351397522386833 85.439676747584599 93.142475591445873 2963.9474807663091 20.02442346254611
leaf_count=140 1223 12473 425 386 482 898 1232 31408 258
internal_value=-0.000634435 0 0.0374961 0.0984072 -0.00249675 0.0559957 0 -0.0042545 -0.116848
internal_weight=4901.82 4875.31 304.486 112.379 4570.82 125.791 192.107 4445.03 26.5097
internal_count=48925 48527 3266 811 45261 1380 2455 43881 398
cat_boundaries=0 1
cat_threshold=89
is_linear=0
shrinkage=0.196372


Tree=294
num_leaves=12
num_cat=0
split_feature=30 7 9 9 10 17 8 0 29 15 39
split_gain=12.4156 18.6255 11.608 12.1323 19.2838 14.8046 9.89075 6.93218 5.12259 2.0518 1.37686
threshold=5.5000000000000009 154.50000000000003 7.6750000000000007 6.7650000000000006 44.050000000000004 3.1500000000000008 54.500000000000007 6.8050000000000006 3.7500000000000004 64.050000000000011 19.850000000000005
decision_type=8 10 10 8 8 10 10 2 10 10 10
left_child=1 -1 3 4 -2 -5 8 10 -3 -8 -4
right_child=2 6 7 5 -6 -7 9 -9 -10 -11 -12
leaf_value=-0.2789639187210583 -1.735842862520258e-05 0.051726992333736538 0.08187480207308459 -0.0074588929340826757 0.031641579678619296 -0.090760933548820658 0 0.17979667099112789 -0.076270384520352091 -0.18079348940984308 -0.032892155243274247
leaf_weight=13.961146244631008 3373.2002210615528 42.591721919087661 6.0685343788936761 456.8233447095854 940.97595725555857 104.63608227791701 5.4995285922041175 22.970820439775707 15.128179353976064 15.127145130361894 9.9589000405503594
leaf_count=129 36094 876 56 3528 6508 752 270 131 347 86 199
internal_value=0.00269478 -0.0683043 0.00412151 0.00317176 0.00678614 -0.0238022 -0.0244657 0.110882 0.010359 -0.142346 0
internal_weight=5006.94 92.3077 4914.63 4875.64 4314.18 561.459 78.3466 38.9983 57.7199 20.6267 16.0274
internal_count=48976 1708 47268 46882 42602 4280 1579 386 1223 356 255
is_linear=0
shrinkage=0.196372


Tree=295
num_leaves=10
num_cat=0
split_feature=0 37 5 5 40 37 37 18 9
split_gain=9.56734 9.59341 13.0314 15.9261 8.89329 8.18652 13.5322 11.4201 2.64364
threshold=6.5650000000000004 4.6500000000000012 5.8650000000000011 6.3050000000000006 22.550000000000004 3.6500000000000008 2.9500000000000006 28.500000000000004 6.5850000000000009
decision_type=2 10 2 2 10 8 8 10 10
left_child=8 5 4 -4 -3 6 -2 -7 -1
right_child=1 2 3 -5 -6 7 -8 -9 -10
leaf_value=0 -0.015330369014658675 -0.10676171222300954 0.13454619724616707 0.021144031078467251 0.10340961539098034 -0.012366610660824595 0.01930419252734954 0.056101678168914253 0.26802561673467218
leaf_weight=3.9051722975691501 631.46795132805732 44.667308044532433 54.040472920565662 619.58194203641335 7.1459765943145603 2184.6648088208894 1337.2848697720272 96.015162302646786 6.5157838260638528
leaf_count=176 6430 1045 582 6286 82 20579 12922 840 34
internal_value=0.0027659 0.00227776 0.0231762 0.0309398 -0.0689388 -0.00118637 0.00796935 -0.00928455 0.189371
internal_weight=4985.29 4974.87 725.436 673.622 51.8133 4249.43 1968.75 2280.68 10.421
internal_count=48976 48766 7995 6868 1127 40771 19352 21419 210
is_linear=0
shrinkage=0.196372


Tree=296
num_leaves=8
num_cat=0
split_feature=28 31 26 38 23 37 5
split_gain=15.0642 13.5758 11.0476 12.9012 9.75878 7.83831 0.939787
threshold=0.24500000000000002 63.050000000000004 34.500000000000007 10.050000000000002 34.550000000000004 4.5500000000000007 6.4450000000000012
decision_type=8 8 8 8 10 10 2
left_child=1 2 3 -1 -4 -2 -7
right_child=5 -3 4 -5 -6 6 -8
leaf_value=0.028639848052179243 -0.26219853574149837 -0.16263094172910406 -0.049128944546191426 -0.00075138644006543748 0.14146735919669606 -0.086080565173880561 0.064181317150962883
leaf_weight=663.7685993239096 12.296457644791873 18.544238999453228 9.6927883824537258 4158.8153011579134 40.622859832117683 2.3877878060052344 3.913078102181089
leaf_count=14347 377 152 111 33482 285 161 213
internal_value=0.00276172 0.003525 0.00425544 0.00320295 0.0959109 -0.172179 0
internal_weight=4910.04 4891.44 4872.9 4822.58 50.3156 18.5973 6.30087
internal_count=49128 48377 48225 47829 396 751 374
is_linear=0
shrinkage=0.196372


Tree=297
num_leaves=15
num_cat=0
split_feature=0 31 1 34 14 31 33 27 0 39 38 22 31 22
split_gain=9.10031 15.5692 13.5684 15.3944 9.34078 9.13895 18.6733 20.7475 15.5494 12.4099 10.2974 8.38064 2.81392 0.194977
threshold=6.9350000000000014 4.7500000000000009 4.5000000000000009 15.500000000000002 28.500000000000004 18.000000000000004 2.9500000000000006 26.050000000000004 6.9250000000000007 15.950000000000001 10.050000000000002 19.500000000000004 23.200000000000006 11.500000000000002
decision_type=2 10 2 10 10 8 10 10 2 10 10 10 10 10
left_child=5 11 4 -4 -3 6 7 -1 9 -7 -8 13 -10 -2
right_child=1 2 3 -5 -6 8 10 -9 12 -11 -12 -13 -14 -15
leaf_value=-0.0048931142405103161 0.055139388715763855 0.11570973173043816 0.074535698915957127 -0.16838284107357362 -0.0028934116469871043 -0.034177188322992352 0.026454382147307172 0.079721216506205103 0 0.0010873324789073262 -0.0082873278349003179 -0.23914911442171527 -0.21299792607194193 0
leaf_weight=171.8164673146357 2.2623839304938 115.53161077648338 19.132720138037257 18.387517143622972 23.691465131836594 463.99470685003553 449.49188253963939 276.03433796905847 6.6313091796910184 2130.0704961284364 1215.6643284683159 10.29101444122716 16.500943592469412 3.561345784126388
leaf_count=2457 145 1245 162 157 253 4096 10012 2135 77 18062 9923 111 194 99
internal_value=0.00278903 0.0446329 0.0632338 -0.033018 0.0923687 0.000987203 0.0106743 0.0462811 -0.00666427 -0.00505146 0.00082637 -0.130362 -0.166827 0
internal_weight=4923.06 192.858 176.743 37.5202 139.223 4730.2 2113.01 447.851 2617.2 2594.07 1665.16 16.1147 23.1323 5.82373
internal_count=49128 2172 1817 319 1498 46956 24527 4592 22429 22158 19935 355 271 244
is_linear=0
shrinkage=0.196372


Tree=298
num_leaves=15
num_cat=0
split_feature=37 33 28 17 7 27 29 27 20 29 25 7 16 31
split_gain=12.8693 14.5228 17.1547 16.9236 23.5512 15.6702 13.7069 12.7697 11.2718 10.6617 9.57645 6.27372 5.03442 4.01145
threshold=5.1500000000000012 3.9500000000000006 0.13500000000000004 3.2500000000000004 157.50000000000003 11.750000000000002 2.2500000000000004 14.500000000000002 0.19500000000000003 3.1500000000000008 3.2500000000000004 163.50000000000003 0.15500000000000003 18.000000000000004
decision_type=10 8 8 8 10 8 10 10 10 10 10 10 10 10
left_child=1 3 13 6 -5 -4 -1 10 9 -9 -2 -10 -12 -3
right_child=7 2 5 4 -6 -7 -8 8 11 -11 12 -13 -14 -15
leaf_value=-0.038906356802864167 0.19002754185902657 -0.19822504014435952 -0.037816501513696074 0.054587032571843434 -0.04109454715159324 0.04323745374747593 0.0053910533577432489 0 0.098259474409895561 -0.15414887737514998 -0.11117333144269885 -0.068275097008379554 0.018947604183345887 0
leaf_weight=296.51547286545701 10.277415665248098 15.271308923505702 103.0099392263123 109.2828486786824 803.84419672456045 589.25649844183465 2860.6461985418618 22.032857160113053 16.187838372194165 78.127074535819702 14.974312614299377 17.72386243265646 35.49139258920286 4.8783261787393704
leaf_count=2859 114 308 2058 1219 9200 5841 25385 137 281 721 128 301 669 66
internal_value=-0.0030816 -0.000970612 0.0247765 -0.00558723 -0.0291473 0.0305275 0.00108776 -0.0525727 -0.0869688 -0.120206 0.0160994 0 -0.0112015 -0.149268
internal_weight=4977.52 4782.7 712.416 4070.29 913.127 692.266 3157.16 194.815 134.072 100.16 60.7431 33.9117 50.4657 20.1496
internal_count=49287 46936 8273 38663 10419 7899 28244 2351 1440 858 911 582 797 374
is_linear=0
shrinkage=0.196372


Tree=299
num_leaves=16
num_cat=0
split_feature=30 31 2 14 18 31 38 36 7 34 30 20 0 30 0
split_gain=22.9185 16.2422 16.7609 13.6097 14.5593 14.1396 17.6484 12.7561 11.5061 11.5043 11.0358 8.59285 8.66838 7.77282 3.63192
threshold=26.500000000000004 20.250000000000004 2.5000000000000004 11.500000000000002 16.500000000000004 35.100000000000009 32.350000000000001 0.16500000000000004 164.50000000000003 17.500000000000004 28.500000000000004 0.17500000000000002 6.9050000000000011 29.500000000000004 6.7150000000000007
decision_type=10 10 2 10 8 10 10 8 10 10 10 10 2 10 2
left_child=3 11 10 4 8 9 -7 -6 -1 -5 -3 12 -2 -4 -13
right_child=1 2 13 5 7 6 -8 -9 -10 -11 -12 14 -14 -15 -16
leaf_value=0.044175370114780593 -0.065737935875722575 0.018254639590877118 -0.18085188877974373 -0.016104878935945349 -0.029723193479101594 0.046495194386169836 -0.035976950733345094 0.13446381523585174 -0.025381997810862932 0.0062219261178811181 -0.11383878371574165 -0.015052829269253051 0.12564323678305059 0 0.092893180578103335
leaf_weight=207.80640210864789 73.349663937644436 57.838174010397779 73.361840932571795 2214.3701580070538 18.121940175675263 419.01899859329569 125.21419746109223 81.202069470613139 155.93079720760659 1452.193257217521 37.351843876913335 7.9664670727906914 8.9151564260755531 13.446624229036386 39.408354017028614
leaf_count=4085 710 448 490 21142 235 3259 1199 1051 3426 12076 331 113 82 164 476
internal_value=-0.00258912 -0.0541536 -0.0919595 0.000756326 0.0327759 -0.00266089 0.0266983 0.100047 0.0131393 -0.00714109 -0.0290602 0 -0.0393459 -0.155592 0.0654235
internal_weight=4985.5 311.638 181.998 4673.86 463.061 4210.8 544.233 99.324 363.737 3666.56 95.19 129.64 82.2648 86.8085 47.3748
internal_count=49287 2814 1433 46473 8797 37676 4458 1286 7511 33218 779 1381 792 654 589
is_linear=0
shrinkage=0.196372


Tree=300
num_leaves=14
num_cat=0
split_feature=38 14 26 27 5 5 35 34 0 9 5 38 38
split_gain=31.7103 57.7737 30.5014 46.4869 48.6783 34.7458 23.1632 23.0851 14.5766 13.2642 8.29426 5.31059 4.38235
threshold=37.45000000000001 31.500000000000004 20.500000000000004 25.300000000000004 7.3350000000000009 8.7350000000000012 34.650000000000013 12.500000000000002 6.8850000000000007 6.285000000000001 7.3350000000000009 38.150000000000013 39.850000000000001
decision_type=10 10 10 8 2 2 10 8 2 10 2 10 10
left_child=2 11 3 4 -1 -5 7 -4 10 -8 -3 -2 -13
right_child=1 8 6 5 -6 -7 9 -9 -10 -11 -12 12 -14
leaf_value=0.011082623466235689 0.32584922822860279 -0.10695426195019911 0.02149696299452716 0.037019441204602335 -0.068900264587933954 -0.17954946891774695 0.25598552684023973 -0.030860224510400477 -0.27950998416190437 0.018922127135628453 0.063586804500481611 0.026096717117697368 0.22548822290172774
leaf_weight=822.6856498900695 26.706518824023078 15.764339118957649 380.74724006136921 1613.0058054637664 450.16712024563867 28.226832286460649 17.093751562048055 1910.6234308346666 7.6723648182451134 29.315817691513075 33.698090477037113 13.397579924130698 17.04023808571219
leaf_count=11973 64 186 4980 12467 6778 425 116 15833 62 409 375 80 102
internal_value=0 0.102229 -0.0022383 0.0110693 -0.0168627 0.0330017 -0.0190158 -0.0219653 -0.0306181 0.116525 7.08512e-05 0.24242 0.152994
internal_weight=5366.14 114.279 5251.87 2914.09 1272.85 1641.23 2337.78 2291.37 57.1348 46.4096 49.4624 57.1443 30.4378
internal_count=53850 869 52981 31643 18751 12892 21338 20813 623 525 561 246 182
is_linear=0
shrinkage=0.196372


Tree=301
num_leaves=13
num_cat=0
split_feature=23 26 13 35 7 7 5 39 8 17 27 35
split_gain=33.7837 26.6737 25.3132 27.6296 23.0145 22.985 20.5675 18.619 18.515 17.9996 14.6073 10.1582
threshold=26.050000000000004 20.500000000000004 0.12500000000000003 13.250000000000002 153.50000000000003 171.50000000000003 4.4800000000000013 16.950000000000003 57.500000000000007 2.5500000000000003 26.450000000000006 18.600000000000005
decision_type=8 10 8 10 10 10 2 10 10 10 10 10
left_child=2 5 -1 10 11 6 -2 -5 -6 -7 -4 -3
right_child=1 4 3 7 8 9 -8 -9 -10 -11 -12 -13
leaf_value=-0.28766912947170792 -0.10657700348072428 -0.051289960015037606 -0.022316186472739415 0.08399043829517007 -0.010410460837384472 0.045839302547264447 0.030428761272797207 -0.036216200568707925 0.070156024346001114 -0.13139167421947789 -0.075719698117223663 -0.34776253154337278
leaf_weight=14.718497699082006 41.603106404253595 15.275105683303993 606.83338484048272 128.62524804699842 1936.839619417518 28.995182651793584 2005.3754295455724 74.599307501082876 115.52244027103916 63.787611696025124 321.85308113929796 10.645352590378023
leaf_count=61 788 248 12850 1477 16755 190 14870 1078 1074 472 3926 61
internal_value=-0.000560556 0.00748015 -0.0305226 -0.0267338 -0.00820778 0.0229241 0.0274167 0.0376907 -0.00565251 -0.0712526 -0.0413151 -0.191863
internal_weight=5364.67 4218.04 1146.63 1131.91 2078.28 2139.76 2046.98 203.225 2052.36 92.7828 928.686 25.9205
internal_count=53850 34458 19392 19331 18138 16320 15658 2555 17829 662 16776 309
is_linear=0
shrinkage=0.196372


Tree=302
num_leaves=15
num_cat=0
split_feature=37 14 28 7 20 37 29 34 34 35 27 31 10 27
split_gain=40.0107 33.3582 31.5569 40.9013 39.4285 29.7028 21.8863 21.5378 11.1221 8.07817 4.56758 3.08776 2.31881 0.492106
threshold=5.4500000000000011 22.500000000000004 0.20500000000000004 166.50000000000003 0.10500000000000002 4.0500000000000007 4.3500000000000005 34.500000000000007 12.500000000000002 5.0500000000000007 22.050000000000001 14.000000000000002 22.750000000000004 47.150000000000013
decision_type=10 10 10 10 8 10 10 10 10 10 10 10 8 10
left_child=2 9 4 6 7 -6 -4 -1 -5 11 -3 -2 -11 -12
right_child=1 10 3 8 5 -7 -8 -9 -10 12 13 -13 -14 -15
leaf_value=-0.24356934038336434 0 0.34759782151265728 -0.074531530428950055 0 -0.0093547667997253402 0.021716907713507989 0.064055195428160239 0 -0.22552875834653344 0.25093802567784335 0 -0.11365541142207326 0 0.18193275746938053
leaf_weight=38.978696941474254 19.485144251264504 22.621061276935507 108.3259318088418 11.248317675210499 3136.2415214081739 1902.4125722505332 71.281562389198371 24.058576322870351 63.074540926994928 5.7008305385315881 6.8606716516514989 11.4309760564347 5.0765603526888308 6.4054372333521314
leaf_count=284 508 70 2367 363 28243 17533 1464 1624 957 74 139 135 102 52
internal_value=-0.000897477 0.138804 -0.00300945 -0.0705528 0.000268176 0.00228906 -0.0170501 -0.153713 -0.193476 0.00791339 0.277637 -0.031716 0.160435 0.121825
internal_weight=5433.2 77.5807 5355.62 253.93 5101.69 5038.65 179.607 63.0373 74.3229 41.6935 35.8872 30.9161 10.7774 13.2661
internal_count=53915 1080 52835 5151 47684 45776 3831 1908 1320 819 261 643 176 191
is_linear=0
shrinkage=0.196372


Tree=303
num_leaves=16
num_cat=1
split_feature=34 29 37 13 5 0 4 23 8 30 37 29 20 20 2
split_gain=23.6365 23.8577 24.1002 23.8659 35.0015 26.0357 21.9953 27.6381 25.2911 20.6337 19.5141 19.3715 17.6894 24.1922 8.88017
threshold=19.500000000000004 2.5500000000000003 3.6500000000000008 0.15500000000000003 8.2850000000000019 6.8050000000000006 0 30.150000000000002 52.500000000000007 21.500000000000004 5.6500000000000012 2.6500000000000008 0.19500000000000003 0.15500000000000003 1.5000000000000002
decision_type=10 10 8 10 2 2 9 10 10 10 10 10 10 10 2
left_child=1 3 11 5 -5 -1 7 8 -2 -9 -4 -3 13 -8 -14
right_child=6 2 10 4 -6 -7 12 9 -10 -11 -12 -13 14 -15 -16
leaf_value=-0.01980273297721738 0.15081378998174277 0.066696464275298017 0.0082818519659413892 0.15522581190566581 -0.21055603900982089 0.05904464320206726 -0.013236453145711044 0.019130130781363847 -0.1818587075863311 0.19475004929726983 0.16115035858132612 -0.032554584794979545 0.19344129117144671 -0.073604063960670055 0.0093005823266041759
leaf_weight=292.97579182309073 10.666892266869921 79.21129908931016 2276.0981577145267 107.50265741427029 9.9711551952705104 343.89793661875592 611.76882321031417 69.540608617644466 31.399278351161342 48.074295770595199 32.866990593840455 1001.261360612257 16.183665105554155 469.5090819183938 42.116532231179917
leaf_count=2137 231 844 23259 1470 180 1861 5214 442 379 330 385 10523 322 5294 1044
internal_value=-0.000788803 0.00637287 -0.000528289 0.0379611 0.120084 0.0220816 -0.0239689 0.0416372 -0.0866674 0.094902 0.0106647 -0.0248559 -0.0336276 -0.0398689 0.0685178
internal_weight=5443.04 4143.79 3389.44 754.348 117.474 636.874 1299.26 159.681 42.0662 117.615 2308.97 1080.47 1139.58 1081.28 58.3002
internal_count=53915 40659 35011 5648 1650 3998 13256 1382 610 772 23644 11367 11874 10508 1366
cat_boundaries=0 1
cat_threshold=8
is_linear=0
shrinkage=0.196372


Tree=304
num_leaves=15
num_cat=0
split_feature=5 21 28 39 22 27 5 29 27 9 22 21 0 11
split_gain=28.2716 24.6394 42.9227 28.6875 37.6695 35.0848 27.6364 22.5539 15.4969 13.2202 12.6153 5.64468 4.51139 0.257127
threshold=4.4800000000000013 3.1500000000000008 0.10500000000000002 20.150000000000002 11.500000000000002 28.050000000000004 8.3050000000000015 3.3500000000000001 25.300000000000004 4.6250000000000009 21.500000000000004 2.8500000000000001 6.8650000000000011 3.5000000000000004
decision_type=2 10 10 8 8 10 2 10 10 10 10 8 2 10
left_child=7 3 13 5 -5 -2 -4 10 9 -9 11 -1 -12 -3
right_child=1 2 6 4 -6 -7 -8 8 -10 -11 12 -13 -14 -15
leaf_value=-0.0065918618693207049 -0.026802731654787727 0.28432730047386523 0.018913498007022196 0.16306826988604992 -0.045883225538844358 0.038010455945453082 -0.052699048385705181 -0.16190355560979455 -0.30476650263605976 0.12511712075183606 -0.016117612791220131 0.14642327608972325 -0.26430981810556126 0.13644107351048543
leaf_weight=8.327493586071542 593.04378213324753 19.173175542373428 2890.0090884446322 33.559933445646578 869.17463425394578 696.31187715625674 220.94298670263424 18.188709096791857 25.355105797800206 7.5576846679214205 13.242426139584497 18.905207860925231 6.4370581256698634 19.212417202739744
leaf_count=759 6493 98 28438 184 6667 5458 3188 950 347 203 325 771 61 59
internal_value=0.00320687 0.00520553 0.0163881 -0.0106577 -0.0375873 0.00785556 0.0136816 -0.100971 -0.19096 -0.0602123 0 0.083761 -0.121564 0.222962
internal_weight=5439.44 5341.43 3149.34 2192.09 902.735 1289.36 3110.95 98.0137 51.1015 25.7464 46.9122 27.2327 19.6795 38.3856
internal_count=54001 50585 31783 18802 6851 11951 31626 3416 1500 1153 1916 1530 386 157
is_linear=0
shrinkage=0.196372


Tree=305
num_leaves=16
num_cat=1
split_feature=38 14 27 40 19 22 10 36 22 4 5 2 10 23 29
split_gain=24.8357 31.555 36.3725 27.68 32.7183 27.3201 18.8005 24.9949 34.5465 20.3565 18.1465 21.1782 19.6883 15.002 12.9582
threshold=19.750000000000004 27.500000000000004 16.900000000000002 24.150000000000002 36.850000000000001 24.500000000000004 29.850000000000005 0.20500000000000004 19.500000000000004 0 7.4150000000000009 2.5000000000000004 22.150000000000002 36.050000000000004 3.4500000000000006
decision_type=10 10 10 10 10 10 10 10 10 9 2 2 8 10 10
left_child=6 2 13 4 -3 -4 10 8 -8 -9 12 -12 -1 -2 -5
right_child=1 3 5 14 -6 -7 7 9 -10 -11 11 -13 -14 -15 -16
leaf_value=-0.012322760232336966 -0.24894716622314997 0.10566821521357322 0.053467943628934374 -0.16573850806704726 -0.0086396924831753617 -0.028161323211330021 -0.080690895645403035 -0.074927943769589597 -0.0093405820061338539 0.049721962967472132 0.01833978132681743 -0.075223751387293938 0.044998976876375586 -0.023895714794609089 0.013409565461349804
leaf_weight=374.57582708653109 20.945248798816465 105.7283364712348 1226.7837154853523 58.152756734554714 1078.4792909773132 173.81744384995909 457.4478633538929 52.293644506029523 649.71001871695262 237.32566702620261 170.56705239008284 191.04996550861028 563.88870046951774 36.399653285399836 15.21589451098407
leaf_count=9443 113 848 7567 274 8379 1426 4111 515 5221 2660 3808 3293 5979 226 138
internal_value=0.00348932 0.0168054 0.0365053 -0.00568246 0.00120801 0.0430179 -0.00975455 -0.0256401 -0.0392313 0.0247753 0.00697239 -0.0298796 0.0216491 -0.114421 -0.122618
internal_weight=5412.38 2715.52 1457.95 1257.58 1184.21 1400.6 2696.86 1396.78 1107.16 289.619 1300.08 361.617 938.465 57.3449 73.3687
internal_count=54001 18971 9332 9639 9227 8993 35030 12507 9332 3175 22523 7101 15422 339 412
cat_boundaries=0 1
cat_threshold=24
is_linear=0
shrinkage=0.196372


Tree=306
num_leaves=13
num_cat=0
split_feature=36 31 27 27 10 24 40 38 16 31 24 40
split_gain=24.3353 20.5035 48.0319 18.6998 18.4915 18.1863 17.0148 36.8907 23.768 6.34101 3.18404 0.456582
threshold=0.25500000000000006 5.8500000000000005 32.150000000000013 5.8500000000000005 39.350000000000001 0.20500000000000004 20.650000000000002 24.550000000000004 0.17500000000000002 31.350000000000005 0.19500000000000003 15.15
decision_type=10 8 10 10 10 10 10 10 10 10 10 8
left_child=1 2 5 11 -4 -1 8 -8 -3 10 -5 -2
right_child=3 6 4 9 -6 -7 7 -9 -10 -11 -12 -13
leaf_value=0.014026738998322876 0.15184545381593267 0.0049016891611361945 -0.18654956835396005 -0.14467173063320846 -0.035492020203998026 -0.13025979157041295 0.0031666874874810556 -0.080790515698523094 0.050193994864467011 -0.30360661380155729 -0.022559528088184944 0
leaf_weight=363.51185355387418 7.2358441346523223 3169.5280988019358 90.674036277753203 38.540596943379569 60.419609333390326 36.903496593254317 851.61082877481567 260.76143080789006 526.61767597411199 11.17423841220443 22.963962803318054 2.3983982606480376
leaf_count=6550 220 25011 824 749 365 1058 8063 1678 8481 98 727 143
internal_value=-0.000742821 0.000804261 -0.0349508 -0.106611 -0.129213 0 0.00499885 -0.016127 0.0114774 -0.143692 -0.106506 0.125106
internal_weight=5442.34 5360.03 551.509 82.313 151.094 400.415 4808.52 1112.37 3696.15 72.6788 61.5046 9.63424
internal_count=53967 52030 8797 1937 1189 7608 43233 9741 33492 1574 1476 363
is_linear=0
shrinkage=0.196372


Tree=307
num_leaves=16
num_cat=0
split_feature=28 24 23 39 31 39 5 10 24 23 10 17 29 20 33
split_gain=29.2677 21.459 34.9549 29.3721 26.9816 31.535 25.813 25.1779 19.7517 44.9929 34.4931 25.7789 36.4413 30.4578 9.30451
threshold=0.14500000000000005 0.14500000000000005 41.650000000000013 19.150000000000002 28.050000000000004 19.150000000000002 8.1350000000000033 26.950000000000003 0.16500000000000004 53.70000000000001 39.650000000000013 3.2500000000000004 2.9500000000000006 0.12500000000000003 2.8500000000000001
decision_type=8 8 10 10 10 10 2 10 10 10 10 10 10 8 10
left_child=8 2 7 -4 6 -6 -3 -2 11 10 -10 13 -13 -1 -11
right_child=1 4 3 -5 5 -7 -8 -9 9 14 -12 12 -14 -15 -16
leaf_value=-0.041017176709172348 0.0019168425463800408 0.00021893360738008987 0.090707129977829357 -0.031951567217978274 -0.1039386137961152 -0.0053831367072781182 0.07725744081697046 -0.106343973633745 0.032592226345056256 -0.28192995317559594 0.19443237989494377 0 -0.17875190299533339 0.033804585261612896 -0.0072399629134016581
leaf_weight=249.30931159358943 101.74461553595256 2020.449066407702 107.56109643619129 246.48546171321868 200.0669551281253 362.01650930050209 183.89304421476663 313.46382384912795 132.88636941789287 13.38127634956618 91.33445714948175 147.0746574396253 61.99925776978489 1198.2226403836085 12.857082679518497
leaf_count=2081 1973 25424 784 1500 2083 4042 3669 2037 1285 91 585 875 296 7172 70
internal_value=-0.000353099 -0.0110086 -0.0400597 0.00409109 -0.00276751 -0.0412783 0.00685391 -0.0787588 0.0191684 0.0708767 0.100616 0.0110747 -0.0527568 0.0206072 -0.165247
internal_weight=5442.75 3535.68 769.255 354.047 2766.43 562.083 2204.34 415.208 1907.07 250.459 224.221 1656.61 209.074 1447.53 26.2384
internal_count=53967 41512 6294 2284 35218 6125 29093 4010 12455 2031 1870 10424 1171 9253 161
is_linear=0
shrinkage=0.196372


Tree=308
num_leaves=14
num_cat=2
split_feature=8 22 4 39 38 31 9 23 27 4 12 28 27
split_gain=29.291 43.4546 20.2756 30.9166 20.0148 19.6656 26.4665 37.7855 25.6457 26.5371 19.8913 18.1383 9.80945
threshold=55.500000000000007 28.500000000000004 0 19.450000000000003 23.650000000000002 34.900000000000006 6.995000000000001 46.750000000000007 45.050000000000004 1 2.5000000000000004 0.12500000000000003 26.450000000000006
decision_type=10 10 9 10 10 10 10 8 10 9 10 10 10
left_child=5 2 3 -2 -4 6 7 -1 9 -7 -8 -10 -3
right_child=1 12 4 -5 -6 8 10 -9 11 -11 -12 -13 -14
leaf_value=-0.0091581733042208849 0.018157269191109437 0 0.013869069164190234 -0.098289042616899289 0.086403958058271127 0.094604921231363437 0.084943632052080234 -0.058825526659778478 0.053689723713079417 -2.376855353873106e-05 -0.048586767159472535 -0.067867519695391051 0.22417407898837508
leaf_weight=2510.3842922680592 241.92898616602338 9.7766147980655642 589.6392857999474 134.20754722365382 205.07960400271986 217.28426295583301 161.24251301779259 785.25646394111391 62.341064690106577 220.95773239399671 53.918899282092752 164.58274058462393 49.172390680032549
leaf_count=29859 3360 168 6340 1111 1133 1447 1008 5367 308 1480 348 1564 307
internal_value=-0.00282577 0.0236961 0.0149841 -0.0216676 0.0327514 -0.0107435 -0.0166783 -0.0211302 0.0199088 0.0480613 0.0494047 -0.0324992 0.18856
internal_weight=5405.77 1229.8 1170.86 376.137 794.719 4175.97 3510.8 3295.64 665.166 438.242 215.161 226.924 58.949
internal_count=53800 12419 11944 4471 7473 41381 36582 35226 4799 2927 1356 1872 475
cat_boundaries=0 1 2
cat_threshold=34 178
is_linear=0
shrinkage=0.196372


Tree=309
num_leaves=16
num_cat=0
split_feature=8 19 39 0 26 0 8 13 21 27 25 30 33 12 24
split_gain=23.1987 25.8789 25.1451 24.3986 20.1847 20.7922 16.9891 16.8987 18.6072 27.7042 26.6199 17.4267 25.8243 15.5259 13.0325
threshold=55.500000000000007 31.400000000000002 22.150000000000002 6.6950000000000012 19.500000000000004 6.8550000000000013 58.500000000000007 0.18500000000000003 3.6500000000000008 21.550000000000001 3.6500000000000008 26.500000000000004 3.4500000000000006 1.0000000180025095e-35 0.16500000000000004
decision_type=10 10 10 2 10 2 10 8 10 10 10 10 10 10 10
left_child=7 4 6 -4 5 -2 -3 11 9 -9 -10 13 -13 -1 -6
right_child=1 2 3 -5 14 -7 -8 8 10 -11 -12 12 -14 -15 -16
leaf_value=0.0073640489718115017 -0.0092397919016395449 0.072419743196442302 0.18580048879663291 -0.03968411404255761 0.099026924072269845 -0.13139090411763493 -0.014319088687416919 -0.1840782644906413 0.050081759643537366 0 -0.06352153371059964 -0.10528493847363495 0.038620759791137188 -0.020518164176056702 -0.027935525088869897
leaf_weight=2334.0937950963544 159.47698539020564 553.45417813726499 19.844402036076644 196.09438273836531 69.073344019067008 88.369302042283039 93.505128678757956 76.970176294712587 126.30211589997316 53.84906713447981 204.60190951353241 149.45280527596742 65.226214084279491 1144.6434683041552 48.934076054745674
leaf_count=21330 2759 4341 188 1479 605 1150 1136 2027 2632 1275 4556 1444 574 7543 761
internal_value=-0.00264951 0.0209382 0.0396779 -0.0167473 -0.0220454 -0.0546573 0.0591967 -0.0097324 -0.0452685 -0.108655 -0.0188152 -0.00516739 -0.0595005 -0.00168336 0.0426674
internal_weight=5383.89 1228.75 862.898 215.939 365.854 247.846 646.959 4155.14 461.723 130.819 330.904 3693.42 214.679 3478.74 118.007
internal_count=53800 12419 7144 1667 5275 3909 5477 41381 10490 3302 7188 30891 2018 28873 1366
is_linear=0
shrinkage=0.196372


Tree=310
num_leaves=16
num_cat=0
split_feature=40 22 30 32 31 22 39 18 30 19 5 17 38 22 8
split_gain=23.5963 23.7998 29.9464 22.6346 26.9719 20.4006 21.0306 25.3433 19.0748 17.1595 17.3656 16.1214 15.9543 14.8015 5.29984
threshold=16.950000000000003 15.500000000000002 11.500000000000002 0.13500000000000004 7.0000000000000009 26.500000000000004 26.250000000000004 21.500000000000004 16.500000000000004 31.850000000000005 7.1350000000000007 3.3500000000000001 8.6500000000000004 16.500000000000004 54.500000000000007
decision_type=10 10 8 10 10 10 10 10 10 10 2 10 10 8 10
left_child=5 2 12 4 -3 6 13 -8 -5 14 -11 -4 -2 -1 -7
right_child=1 3 11 8 -6 9 7 -9 -10 10 -12 -13 -14 -15 -16
leaf_value=0.001617019047414428 0.07897570300611563 -0.15003204115644195 0.099660626309854519 -0.043866476360269989 0.057777326860514594 0 0.15384194561236589 -0.025566375891186949 0.004925974001884134 0.14999468472278243 0.016069149991609095 -0.0012990950850893092 -0.13760305740211673 -0.034176008377600285 -0.21957804119327418
leaf_weight=593.73183410552747 16.063537652188643 24.299057222611737 279.11563466264624 372.36574757645485 418.16755869205008 7.3784995803653173 57.784521762270742 56.373562866268912 1766.0178623474039 62.931546113119111 113.60060093164066 67.036402180308869 42.000082155303971 1543.1779634847653 10.207468781474743
leaf_count=10024 317 156 2459 4055 2079 129 382 418 15887 698 1381 1334 461 14051 82
internal_value=0.000141041 0.0119372 0.056335 0.00480744 0.045296 -0.0140778 -0.0194854 0.06148 -0.00336631 0.0462989 0.0664461 0.0788377 -0.069997 -0.0240241 -0.129386
internal_weight=5430.25 2985.07 404.216 2580.85 442.467 2445.19 2251.07 114.158 2138.38 194.118 176.532 346.152 58.0636 2136.91 17.586
internal_count=53913 26748 4571 22177 2235 27165 24875 800 19942 2290 2079 3793 778 24075 211
is_linear=0
shrinkage=0.196372


Tree=311
num_leaves=16
num_cat=0
split_feature=37 19 19 29 5 31 23 28 34 17 17 26 28 15 26
split_gain=15.5779 18.8067 19.3293 19.4575 17.8697 20.9663 18.7022 18.3151 23.9697 17.4236 17.3025 16.9653 15.3202 20.8492 14.1353
threshold=3.8500000000000001 36.350000000000001 19.050000000000004 3.5500000000000003 8.4450000000000021 23.050000000000004 43.750000000000007 0.19500000000000003 11.500000000000002 3.8500000000000001 2.5500000000000003 15.500000000000002 0.20500000000000004 80.200000000000017 19.500000000000004
decision_type=10 10 10 10 2 10 10 10 8 10 10 10 8 10 10
left_child=4 2 9 -4 7 6 -6 8 -1 -2 -7 -9 13 -3 -14
right_child=1 12 3 -5 5 10 -8 11 -10 -11 -12 -13 14 -15 -16
leaf_value=0.030457911778052141 0.0051078467287143381 0.050107481843059916 0.0016861774069795714 -0.059936323766606202 -0.1398749628434601 0.0047752678309402278 0.080753139575212504 -0.029421456558449133 -0.026126018867852117 0.13556960329808354 0.1792106984055552 0.12112614409912094 -0.095380009660875481 0.0047407209362351514 0.041322505071641306
leaf_weight=328.40893764428074 162.78116437704821 833.35747612531577 428.91342875936016 346.11198888281524 32.255505395544787 44.293726618279834 24.673527964801906 41.593317348764685 2072.1245635148025 55.556529253031925 57.251727403530822 71.465918314422197 76.440255839947895 779.74732460042787 41.561376115558232
leaf_count=3854 3780 7414 4130 4471 681 424 272 1188 18299 1354 630 1055 841 5012 508
internal_value=0.000325729 0.0108534 -0.0103754 -0.0252693 -0.0102422 0.0530781 -0.0365365 -0.0144151 -0.018198 0.0404346 0.107654 0.0618693 0.0232914 0.0284567 -0.0434879
internal_weight=5396.54 2724.47 993.363 775.025 2672.07 158.474 56.929 2513.59 2400.53 218.338 101.545 113.059 1731.11 1613.1 118.002
internal_count=53913 27510 13735 8601 26403 2007 953 24396 22153 5134 1054 2243 13775 12426 1349
is_linear=0
shrinkage=0.196372


Tree=312
num_leaves=11
num_cat=2
split_feature=38 4 22 23 17 2 38 3 22 40
split_gain=16.8183 25.4963 28.2716 27.2363 27.5556 19.4152 19.1558 15.1374 15.117 10.8126
threshold=30.650000000000002 0 20.500000000000004 68.050000000000011 2.2500000000000004 1.5000000000000002 30.450000000000003 1 41.500000000000007 12.550000000000002
decision_type=10 9 10 10 10 2 8 9 8 10
left_child=6 3 7 4 -2 -4 8 -3 9 -1
right_child=1 2 5 -5 -6 -7 -8 -9 -10 -11
leaf_value=0.023774740959512618 -0.025353969871346919 -0.0041313191385308973 0.15543221587776276 -0.13267272476162936 0.15643264207759522 0.0090921900250196513 -0.17317688232124859 -0.13034146246086184 -0.24110274416729061 -0.0050618523347343396
leaf_weight=564.08226781663416 36.422757694024767 96.37748547225101 51.737563550969298 16.890098992793355 140.78836704031619 130.14048716458092 25.301484365581928 67.785280357009469 10.012903342882053 4357.2587078769384
leaf_count=9165 262 551 602 117 820 1430 150 429 26 40513
internal_value=0.000283245 0.0332543 0 0.0879595 0.116581 0.0532907 -0.00322139 -0.059047 -0.002252 -0.00166551
internal_weight=5496.8 540.142 346.041 194.101 177.211 181.878 4956.66 164.163 4931.35 4921.34
internal_count=54065 4211 3012 1199 1082 2032 49854 980 49704 49678
cat_boundaries=0 1 2
cat_threshold=84 1
is_linear=0
shrinkage=0.196372


Tree=313
num_leaves=16
num_cat=0
split_feature=35 29 40 16 0 7 9 29 31 7 0 40 29 0 38
split_gain=22.3534 31.7928 24.2245 49.9476 28.653 24.0779 18.1956 49.7898 23.243 21.3015 20.3269 15.5461 14.5341 10.5542 7.04685
threshold=23.050000000000004 3.3500000000000001 16.350000000000005 0.14500000000000005 6.8450000000000006 166.50000000000003 7.4050000000000011 2.8500000000000001 35.850000000000009 164.50000000000003 6.995000000000001 16.750000000000004 2.3500000000000001 6.8550000000000013 26.850000000000005
decision_type=8 8 10 10 2 8 10 10 10 8 2 10 10 2 8
left_child=6 2 4 -4 -2 13 8 12 9 -1 -10 -9 -8 -3 -7
right_child=1 5 3 -5 -6 14 7 11 10 -11 -12 -13 -14 -15 -16
leaf_value=0.0071658138328802145 0.0011544898905202108 0.11546938785966941 0.053491048192239911 -0.12050936248846882 0.16332530549204058 -0.041682420941600413 -0.07475354461575566 -0.071620312176909992 0.02882351412985764 -0.020366613001469698 0.26837122154787346 -0.36169520665113009 0.14743445629671742 0.27651660544491669 0.11795090157551742
leaf_weight=2024.9554033519205 123.65570576876564 74.308594706485593 126.13834133342425 124.20126856486968 68.196479582511529 37.613416167550902 17.893245086448587 16.721271222300857 510.48556583998379 2290.9210333806932 14.417270613659637 23.541008375119418 24.697970392633579 30.080819686918403 14.598052521706753
leaf_count=22284 1285 845 780 1018 404 327 123 161 3547 22501 27 161 150 207 245
internal_value=0.000104117 0.0360003 0.00796874 -0.0310924 0.0612281 0.112204 -0.00417261 -0.0954503 -0.00251452 -0.00734614 0.0363537 -0.253195 0.0438069 0.166585 0
internal_weight=5522.43 598.793 442.192 250.34 191.852 156.601 4923.63 82.8535 4840.78 4315.88 524.903 40.2623 42.5912 104.389 52.2115
internal_count=54065 5111 3487 1798 1689 1624 48954 595 48359 44785 3574 322 273 1052 572
is_linear=0
shrinkage=0.196372


Tree=314
num_leaves=14
num_cat=1
split_feature=0 0 16 38 37 32 16 34 26 35 16 23 3
split_gain=25.7166 24.2755 20.4254 17.3904 16.8788 24.3142 14.7481 9.356 9.12775 9.27604 8.98773 2.46158 2.03309
threshold=6.6250000000000009 6.6550000000000011 0.14500000000000005 30.050000000000004 4.4500000000000011 0.15500000000000003 0.13500000000000004 22.500000000000004 18.500000000000004 15.550000000000002 0.16500000000000004 52.500000000000007 0
decision_type=2 2 10 8 8 10 10 10 10 10 10 8 9
left_child=2 3 12 7 6 -6 -3 -2 10 -10 -4 -5 -1
right_child=1 4 8 11 5 -7 -8 -9 9 -11 -12 -13 -14
leaf_value=0.084908704097917537 -0.14259461910918608 -0.024156053480115246 -0.19929456608527213 0.17162688828328859 0.079811329981924001 0.0066569357684678285 0.0015060399042201699 0.028013475513758729 0 0.20380944613125301 0.021114268012012164 0 0.26438108344538241
leaf_weight=12.711928926857126 90.949685562353011 1226.6084336822319 11.018400718354316 7.3934873965190464 218.25516683432716 977.63705721884071 2823.3917903924994 9.4281896360023421 14.19923400710468 14.61596349164847 11.576062801464557 6.6574312328249343 24.558742952176544
leaf_count=194 1239 8753 154 88 1148 11058 29816 208 421 241 436 88 146
internal_value=-0.000239839 -0.00205824 0.104423 -0.0914536 -2.00189e-05 0.0203908 -0.00615736 -0.12213 0.0144985 0.0943102 -0.0677469 0.0951294 0.215836
internal_weight=5449 5360.32 88.6803 114.429 5245.89 1195.89 4050 100.378 51.4097 28.8152 22.5945 14.0509 37.2707
internal_count=53990 52398 1592 1623 50775 12206 38569 1447 1252 662 590 176 340
cat_boundaries=0 1
cat_threshold=1
is_linear=0
shrinkage=0.196372


Tree=315
num_leaves=10
num_cat=0
split_feature=5 0 16 8 5 8 24 39 29
split_gain=17.7372 13.363 20.9119 12.8735 16.3762 13.7847 9.75855 6.31086 4.81844
threshold=9.1050000000000022 6.6250000000000009 0.14500000000000005 50.500000000000007 7.8350000000000009 52.500000000000007 0.15500000000000003 19.250000000000004 3.0500000000000003
decision_type=2 2 10 8 2 10 10 10 8
left_child=1 2 7 4 -3 -5 -4 -1 -2
right_child=8 3 6 5 -6 -7 -8 -9 -10
leaf_value=0.27063674408784566 -0.28406160037457989 -0.039301713134155557 -0.10936548791665548 0.023189638244586253 0.029326137588672928 -0.0024314307322663891 0.065434978493744286 0.062579632575628485 0
leaf_weight=20.215705795723579 10.543776774841259 606.9160428064622 20.654526812400036 1042.8477418408438 164.42117948021087 3531.2617796900995 29.390704445682104 17.483494962713849 4.0869007927162793
leaf_count=191 268 6790 255 11113 1937 32029 951 143 313
internal_value=0 0.000607903 0.0765672 -0.000558855 -0.0240932 0.00331362 0 0.186744 -0.214362
internal_weight=5447.82 5433.19 87.7444 5345.45 771.337 4574.11 50.0452 37.6992 14.6307
internal_count=53990 53409 1540 51869 8727 43142 1206 334 581
is_linear=0
shrinkage=0.196372


Tree=316
num_leaves=16
num_cat=0
split_feature=30 0 35 31 34 22 7 0 31 15 27 38 25 15 22
split_gain=16.8235 28.0155 35.4069 30.5027 26.3766 26.0326 26.6052 28.2472 22.1663 26.5946 21.1361 18.3529 17.5418 16.0248 13.5251
threshold=19.500000000000004 6.8450000000000006 23.050000000000004 21.750000000000004 13.500000000000002 25.500000000000004 164.50000000000003 6.8650000000000011 40.300000000000004 83.500000000000014 42.850000000000001 25.750000000000004 2.9500000000000006 85.250000000000014 23.500000000000004
decision_type=8 2 10 10 8 10 10 2 8 10 10 10 10 10 8
left_child=1 3 10 4 -1 8 7 -7 9 -2 -3 -5 -4 -8 -10
right_child=5 2 12 11 -6 6 13 -9 14 -11 -12 -13 -14 -15 -16
leaf_value=-0.024242219228503378 -0.033123541822377416 0.036605101507341052 0.21366962482347882 -0.062643560170888263 0.037882262150034693 0.010330729802807671 0.10448828604304544 -0.16189381821221449 -0.14330188503687591 0.016032049292831609 -0.045669831834047762 0 0.033533216117238605 0.010449544323816876 0
leaf_weight=409.74767698313764 1384.0696464052585 677.70738272475228 61.274348393504624 432.14745518051814 711.39435416918309 147.13012299860929 164.63566975091999 47.1136093647292 92.170071675495038 598.1554232173221 141.96212245961578 329.05489594326855 41.618759128299644 141.39679155594058 38.472336300270726
leaf_count=6006 14971 6887 280 4630 8151 1602 1446 432 674 3708 911 2758 295 912 245
internal_value=-0.00246163 0.00799986 0.0360938 -0.005536 0.0147811 -0.0138605 0.0259925 -0.0292887 -0.0235085 -0.0180663 0.0218059 -0.0360392 0.145331 0.0625264 -0.102528
internal_weight=5418.05 2804.91 922.563 1882.34 1121.14 2613.14 500.276 194.244 2112.87 1982.23 819.67 761.202 102.893 306.032 130.642
internal_count=53908 29918 8373 21545 14157 23990 4392 2034 19598 18679 7798 7388 575 2358 919
is_linear=0
shrinkage=0.196372


Tree=317
num_leaves=11
num_cat=1
split_feature=39 30 16 27 27 5 27 23 4 39
split_gain=13.5749 15.8656 15.5538 12.5371 13.013 23.991 20.0205 7.89369 3.56143 0.50972
threshold=27.350000000000005 13.500000000000002 0.115 71.700000000000017 32.150000000000013 7.4150000000000009 34.45000000000001 50.600000000000009 0 28.950000000000003
decision_type=8 8 8 8 8 2 10 8 9 8
left_child=3 8 -3 4 5 -1 -6 -4 -2 -10
right_child=1 2 7 -5 6 -7 -8 -9 9 -11
leaf_value=0.005324559985200315 -0.01911191038096836 0.093671536897331223 -0.16994664866178547 -0.16907509818526054 0.058630101631982394 -0.032329755246835477 0.0043047523172872896 -0.051308647460049109 0.19551195902774815 0.023981239585404438
leaf_weight=1753.3688121243686 9.8357720652143552 13.222360958927295 57.283599502099605 16.617901010623427 302.33590905910796 1025.5487501504308 2132.3557983114288 57.910997701252612 10.239199731309787 8.4119575353342935
leaf_count=20435 120 26 528 162 2181 12643 17122 519 83 89
internal_value=-0.00157634 -0.0584545 -0.089365 4.736e-05 0.000678395 -0.00841324 0.0112376 -0.114355 0.0650479 0.0933373
internal_weight=5387.13 156.904 128.417 5230.23 5213.61 2778.92 2434.69 115.195 28.4869 18.6512
internal_count=53908 1365 1073 52543 52381 33078 19303 1047 292 172
cat_boundaries=0 1
cat_threshold=153
is_linear=0
shrinkage=0.196372


Tree=318
num_leaves=13
num_cat=0
split_feature=29 13 39 10 10 14 40 0 13 40 34 9
split_gain=18.5203 18.1413 16.9845 35.8944 33.0303 24.1463 19.991 17.5765 5.52167 1.74122 0.570667 0.40482
threshold=1.5500000000000003 0.14500000000000005 15.65 33.650000000000013 29.850000000000005 8.5000000000000018 26.350000000000005 7.035000000000001 0.18500000000000003 10.350000000000003 80.500000000000014 6.4350000000000014
decision_type=8 10 10 10 10 8 10 2 10 8 10 8
left_child=1 -1 5 4 -4 8 -5 -7 -2 10 -3 -11
right_child=2 9 3 6 -6 7 -8 -9 -10 11 -12 -13
leaf_value=-0.29671895236075663 -0.099299141846478756 -0.11745423934960397 -0.00012152149219746499 -0.0019785529446403271 -0.088475445118830987 0.020496589962661807 0.10505045080785994 0.21270692218808013 0 0.082096732448191781 0 0
leaf_weight=16.07772071482346 77.943430351234952 4.5446718143083276 307.11063673081981 3127.410636634278 374.28294083726632 1371.740100974182 68.544952087013371 18.962891131290235 33.956843327109652 5.5996517168732671 0.58325577765117476 4.6145153048564689
leaf_count=134 1947 671 4455 23364 3441 16982 512 55 1926 135 69 58
internal_value=-0.00242236 -0.152385 -0.00145809 -0.00840225 -0.0493173 0.016164 0.000184783 0.0234685 -0.0705303 0 -0.0903668 0.0475291
internal_weight=5411.37 31.4198 5379.95 3877.35 681.394 1502.6 3195.96 1390.7 111.9 15.3421 5.12793 10.2142
internal_count=53749 1067 52682 31772 7896 20910 23876 17037 3873 933 740 193
is_linear=0
shrinkage=0.196372


Tree=319
num_leaves=12
num_cat=0
split_feature=7 5 5 19 10 36 5 25 1 10 23
split_gain=14.8109 21.2006 14.1951 12.912 36.5372 15.6441 7.27243 12.5354 3.37164 0.141757 0.095903
threshold=151.50000000000003 7.785000000000001 9.1050000000000022 39.000000000000007 35.050000000000004 0.21500000000000002 6.6150000000000011 2.8500000000000001 2.5000000000000004 27.950000000000003 47.500000000000007
decision_type=8 2 2 10 8 10 2 10 2 10 10
left_child=1 6 3 4 -2 -5 9 -8 -4 -1 -10
right_child=2 -3 8 5 -6 -7 7 -9 10 -11 -12
leaf_value=-0.060498955331362451 -0.0065812945103157121 0.10475520290205463 -0.24330911668338165 -0.0132537743173082 0.04820543971192242 0.036241399493365474 0.058038010460155304 -0.17865657386001296 0.010845023331982749 -0.29576413612666841 -0.043818123922668747
leaf_weight=5.5938179947771429 1457.5761485626554 13.315824474800591 11.373162220417269 2907.8843756388505 685.18023183090281 264.92256466378331 11.892094739047026 18.76850950074413 1.71078935727246 15.458622308651682 1.597833631771209
leaf_count=221 22534 143 316 22432 4268 3219 104 182 176 86 68
internal_value=-0.00279248 -0.0959069 -0.00156944 -0.000949054 0.0107334 -0.00897896 -0.156343 -0.0726984 -0.193175 -0.255354 0
internal_weight=5395.27 65.0289 5330.25 5315.56 2142.76 3172.81 51.713 30.6606 14.6818 21.0524 3.30862
internal_count=53749 736 53013 52453 26802 25651 593 286 560 307 244
is_linear=0
shrinkage=0.196372


Tree=320
num_leaves=9
num_cat=0
split_feature=0 23 24 8 1 23 32 7
split_gain=17.1744 13.1644 38.7363 37.6328 28.3374 16.9137 21.0276 16.1752
threshold=7.0550000000000006 49.350000000000009 0.12500000000000003 54.500000000000007 6.5000000000000009 31.700000000000006 0.15500000000000003 167.50000000000003
decision_type=2 10 10 10 2 8 10 10
left_child=1 5 4 -4 -3 7 -7 -1
right_child=-2 2 3 -5 -6 6 -8 -9
leaf_value=0.00080899390286967414 -0.15523629532599495 0.034497772346916103 -0.056854159128008945 0.022799461280036393 0.29293445558734105 0.036786429835573481 -0.00093398223883497228 -0.042565842828965889
leaf_weight=1367.2982243473882 27.698422303106781 169.03825184677567 756.82879580825306 318.18926071438 18.931563000602182 1031.9807788504518 1222.9953206283112 429.71174105934097
leaf_count=19689 99 753 5685 2125 29 6309 12466 6593
internal_value=-0.00152452 -0.000633805 -0.0182103 -0.0328651 0.0631848 0.00473581 0.0161335 -0.00931976
internal_weight=5342.67 5314.97 1262.99 1075.02 187.97 4051.99 2254.98 1797.01
internal_count=53748 53649 8592 7810 782 45057 18775 26282
is_linear=0
shrinkage=0.196372


Tree=321
num_leaves=7
num_cat=0
split_feature=28 18 5 31 5 30
split_gain=22.0948 16.276 14.2936 18.9134 14.3235 8.12946
threshold=0.24500000000000002 70.500000000000014 8.4450000000000021 22.650000000000002 8.3550000000000022 14.500000000000002
decision_type=10 8 2 10 2 10
left_child=1 2 4 -4 -1 -2
right_child=5 -3 3 -5 -6 -7
leaf_value=-0.00084888419470717036 0 0.13345564014819408 -0.02141364840492193 0.088856718046956454 -0.075535712569313823 -0.29159211130286106
leaf_weight=4922.107281058732 5.4660270119231908 35.168974400436127 89.482302259631979 152.96732758621511 101.24006293441198 13.466992922318921
leaf_count=48024 406 147 1928 1783 1112 348
internal_value=0 0.000694588 -0.00011307 0.0463454 -0.00244561 -0.210649
internal_weight=5319.9 5300.97 5265.8 242.45 5023.35 18.933
internal_count=53748 52994 52847 3711 49136 754
is_linear=0
shrinkage=0.196372


Tree=322
num_leaves=15
num_cat=0
split_feature=33 18 39 19 33 27 20 18 27 35 19 5 0 29
split_gain=16.7361 19.3058 16.4617 26.5973 23.694 22.1549 16.1746 21.0504 14.9917 35.3685 21.2625 12.983 18.0333 15.1847
threshold=3.2500000000000004 24.500000000000004 19.550000000000004 47.050000000000004 3.7500000000000004 50.70000000000001 0.115 23.500000000000004 38.150000000000013 8.9500000000000011 28.550000000000004 6.5850000000000009 6.8550000000000013 2.7500000000000004
decision_type=8 8 10 8 10 10 10 10 10 10 10 2 2 10
left_child=1 8 3 5 -5 -2 -4 -8 10 -10 -1 12 -3 -13
right_child=2 11 6 4 -6 -7 7 -9 9 -11 -12 13 -14 -15
leaf_value=-0.036174555416058525 0.014274009347865622 -0.18141741576781376 -0.19271449863853937 0.10325925054634016 0.00034323402626658031 -0.16034549355602642 -0.019817725942908867 0.041440828522978909 -0.088846842647432756 0.0010628527606542778 0.023677159368548067 -0.082482183109351181 0.015660038382686533 0.0032768341280424436
leaf_weight=288.96343361087952 1306.1436860521403 56.972212069565103 17.535949784156401 262.47186908314279 141.46736337952188 28.106322510509926 799.70272873736576 294.90339297312494 229.28872633760716 601.73818561792541 1040.4030990213241 128.086284311079 20.296973969465398 185.60480507674538
leaf_count=4721 18305 691 44 1836 1299 191 6109 2936 1761 4124 8231 1394 170 1948
internal_value=0.00159909 -0.00985849 0.0120106 0.0240011 0.0683337 0.0102381 -0.00633136 -0.00290337 -0.00237361 -0.0232262 0.0103296 -0.0500602 -0.124016 -0.0303575
internal_weight=5401.69 2551.35 2850.33 1738.19 403.939 1334.25 1112.14 1094.61 2160.39 831.027 1329.37 390.96 77.2692 313.691
internal_count=53760 23040 30720 21631 3135 18496 9089 9045 18837 5885 12952 4203 861 3342
is_linear=0
shrinkage=0.196372


Tree=323
num_leaves=10
num_cat=0
split_feature=5 5 23 0 20 15 18 38 9
split_gain=13.7755 16.3208 21.1058 13.8396 13.8003 13.3422 9.50101 8.47542 4.75706
threshold=8.8850000000000033 8.6950000000000021 78.550000000000026 6.8550000000000013 0.13500000000000004 92.550000000000011 28.500000000000004 31.850000000000005 5.8150000000000004
decision_type=2 2 10 2 10 8 10 10 10
left_child=1 2 3 -1 -3 -6 7 8 -2
right_child=6 4 -4 -5 5 -7 -8 -9 -10
leaf_value=-0.0050061277245311148 0 0.25543364265073842 -0.22243029310235879 0.016877065101931234 -0.033634591876048663 0.27100614237439963 0.16046540377179233 0.038311540547614459 -0.22436361338487584
leaf_weight=3719.3503277688192 2.5592378758528893 17.653033228380309 16.064101185711479 1585.3636178136335 24.002104166698022 6.5701692029756478 2.5141264048907024 3.5289878479707104 25.999581721254799
leaf_count=39050 558 98 66 12704 554 31 111 128 460
internal_value=0.000919583 0.00179941 0.000682426 0.00145058 0.115332 0.0188158 -0.122029 -0.158813 -0.198708
internal_weight=5403.61 5369 5320.78 5304.71 48.2253 30.5723 34.6019 32.0878 28.5588
internal_count=53760 52503 51820 51754 683 585 1257 1146 1018
is_linear=0
shrinkage=0.196372


Tree=324
num_leaves=15
num_cat=0
split_feature=23 39 9 0 40 31 31 20 34 0 25 20 34 1
split_gain=18.6857 15.4378 23.4625 20.8092 13.4424 12.8487 16.7221 20.7232 16.6826 11.4176 18.7673 14.363 11.3112 14.4026
threshold=55.050000000000004 18.650000000000002 6.5750000000000011 6.8850000000000007 18.150000000000002 15.350000000000003 18.350000000000005 0.115 16.500000000000004 6.7550000000000008 2.8500000000000001 0.12500000000000003 24.500000000000004 5.5000000000000009
decision_type=10 10 10 2 10 10 10 10 10 2 10 8 10 2
left_child=5 2 3 -2 -4 9 8 -8 -7 10 -1 -11 13 -3
right_child=1 12 4 -5 -6 6 7 -9 -10 11 -12 -13 -14 -15
leaf_value=0.081473483056165197 -0.0017877830370939941 0.043878291575949198 -0.031852672168335865 0.20297684372813832 -0.23193188351108301 -0.0025583893851071145 -0.097431158940834317 0.0025460545271335133 0.065964358744067683 0.059330458479421602 -0.01078475167080504 -0.030585564129102651 -0.07001200930119518 0.15540927616046007
leaf_weight=110.39093281129396 85.544599947780625 438.71528888799003 43.892865956859168 23.055587711009139 23.294009941026161 218.17269304262163 82.495298607502718 2337.4519561504057 320.53882143072542 69.43573570257449 346.94558018265332 1170.8939438214702 25.256318537052721 54.634402668008988
leaf_count=1730 550 3057 211 84 106 2584 520 20889 2280 1655 5025 14753 117 234
internal_value=0.00278418 0.0328599 -0.015518 0.0379112 -0.108317 -0.0016069 0.00609995 -0.000686846 0.0373992 -0.0152989 0.0105411 -0.0251848 0.0501136 0.0571901
internal_weight=5350.72 694.393 175.787 108.6 67.1869 4656.32 2958.66 2419.95 538.712 1697.67 457.337 1240.33 518.606 493.35
internal_count=53795 4359 951 634 317 49436 26273 21409 4864 23163 6755 16408 3408 3291
is_linear=0
shrinkage=0.196372


Tree=325
num_leaves=13
num_cat=0
split_feature=31 1 37 36 15 37 40 31 18 5 35 38
split_gain=16.9958 33.5996 16.5424 33.5152 25.4032 15.1665 14.5115 20.1677 14.0921 13.467 5.06569 4.67945
threshold=31.550000000000004 7.5000000000000009 3.2500000000000004 0.17500000000000002 92.050000000000011 5.3500000000000005 14.750000000000002 15.900000000000002 19.500000000000004 7.6650000000000009 4.2500000000000009 19.350000000000005
decision_type=10 2 10 8 10 10 8 10 10 2 10 10
left_child=5 2 4 -4 -2 6 7 -1 11 -8 -10 -7
right_child=1 -3 3 -5 -6 8 9 -9 10 -11 -12 -13
leaf_value=-0.011716145193462806 0.00557483564197476 0.23397548380181216 0.075750568090438536 -0.0067403820746843026 -0.13885833854921709 0.023543139604423169 -0.021056150276000371 0.041937831690465555 0.055787369915991217 0.0070075267441357236 0.20369289809671606 -0.12260261332030577
leaf_weight=536.7156075385866 267.43710536270623 28.855299136712347 376.59905485644776 364.82742841043842 55.580649549399823 39.835165315323138 2072.5621318661397 525.61257485736007 29.543878293808575 937.4834486097343 27.848938778523006 10.317523288977098
leaf_count=9212 2261 134 2516 3122 287 860 19857 5100 318 9920 146 62
internal_value=0.00250915 0.0243516 0.0182069 0.0345708 -0.0179778 -0.00309869 -0.00512414 0.0144156 0.0693373 -0.0121683 0.135747 0
internal_weight=5273.22 1093.3 1064.44 741.426 323.018 4179.92 4072.37 1062.33 107.546 3010.05 57.3928 50.1527
internal_count=53795 8320 8186 5638 2548 45475 44089 14312 1386 29777 464 922
is_linear=0
shrinkage=0.196372


Tree=326
num_leaves=12
num_cat=1
split_feature=5 26 8 18 19 38 5 19 18 39 3
split_gain=11.7512 11.4204 14.479 12.3439 15.0744 7.95955 7.69251 5.1686 3.72964 2.51778 1.78363
threshold=3.6150000000000007 8.5000000000000018 55.500000000000007 10.500000000000002 18.150000000000002 5.2500000000000009 8.2250000000000032 14.250000000000002 24.500000000000004 23.150000000000002 0
decision_type=2 8 10 10 8 8 2 10 10 10 9
left_child=8 2 6 5 -5 -3 -2 -4 9 10 -1
right_child=1 3 7 4 -6 -7 -8 -9 -10 -11 -12
leaf_value=0 0.035394567567843253 0.021376169711498267 0 0.048441203529782637 -0.00046799939151211703 -0.095902413532908987 -0.17958507814278279 0.2080160907218471 0 0 -0.20418674422188118
leaf_weight=1.4924038409042168 78.985767272669676 22.826566617472935 5.4156385447574271 255.12118936923662 4735.1731628988418 81.83493306627409 6.4072529130851299 27.538991340968096 1.9374921045200597 4.2528173717437303 17.796245118868011
leaf_count=167 2301 844 422 4266 42641 1082 226 272 172 107 1398
internal_value=0.00121094 0.00194767 0.0622285 0.00045778 0.00194537 -0.0660984 0.0136749 0.173768 -0.131029 -0.156921 -0.187013
internal_weight=5238.78 5213.3 118.348 5094.96 4990.29 104.661 85.393 32.9546 25.479 23.5415 19.2886
internal_count=53898 52054 3221 48833 46907 1926 2527 694 1844 1672 1565
cat_boundaries=0 1
cat_threshold=4
is_linear=0
shrinkage=0.196372


Tree=327
num_leaves=13
num_cat=0
split_feature=33 36 21 22 34 19 10 31 12 0 26 38
split_gain=12.9929 13.8735 11.4062 11.5616 29.6468 17.0157 11.2799 8.22837 16.5202 9.00437 6.9514 0.379612
threshold=2.2500000000000004 0.17500000000000002 4.8500000000000005 18.500000000000004 13.500000000000002 19.050000000000004 25.850000000000005 27.400000000000002 1.0000000180025095e-35 6.8550000000000013 7.5000000000000009 4.0500000000000007
decision_type=10 10 8 10 10 10 10 8 8 2 10 8
left_child=1 7 3 4 -2 -5 11 9 -9 -1 -3 -4
right_child=2 10 6 5 -6 -7 -8 8 -10 -11 -12 -13
leaf_value=0.045689786991471595 -0.018297790451646274 0 -0.057448300255806647 0.065491490359724347 0.033874970879887556 -0.0062299638587140554 -0.26185595832499292 -0.14801125845169388 0.010324938195487106 -0.071836442891783883 -0.25751610696610133 0.0067856563507140769
leaf_weight=78.000166316677081 619.32204566466089 3.3848193447101407 4.0593016669340622 132.4402089020723 1253.5068765479959 2992.8836607405856 12.121847996677387 49.88797898233679 41.813922609588047 35.920500503997459 16.449937047895219 11.661104456951307
leaf_count=853 7807 272 317 2036 14032 26709 162 364 341 321 211 473
internal_value=0.00120897 -0.0447511 0.0033608 0.00414739 0.0163849 -0.00304439 -0.120988 -0.0270088 -0.0711243 0.00467764 -0.204314 0
internal_weight=5251.45 225.457 5026 4998.15 1872.83 3125.32 27.8423 205.623 91.7019 113.921 19.8348 15.7204
internal_count=53898 2362 51536 50584 21839 28745 952 1879 705 1174 483 790
is_linear=0
shrinkage=0.196372


Tree=328
num_leaves=15
num_cat=0
split_feature=11 18 12 29 28 33 40 32 38 7 28 22 31 16
split_gain=11.4687 14.439 12.6788 11.9815 21.1089 14.5481 14.5239 13.0465 11.2812 11.2531 6.59234 6.36286 2.4397 2.05302
threshold=7.5000000000000009 22.500000000000004 1.0000000180025095e-35 3.7500000000000004 0.18500000000000003 3.5500000000000003 28.050000000000004 0.15500000000000003 34.150000000000013 164.50000000000003 0.15500000000000003 24.500000000000004 15.900000000000002 0.16500000000000004
decision_type=10 10 10 10 8 10 10 8 10 10 10 10 10 10
left_child=3 10 -3 6 9 -6 7 -1 -4 -5 11 -2 -8 -12
right_child=1 2 8 4 5 -7 12 -9 -10 -11 13 -13 -14 -15
leaf_value=-0.0045645740853368514 -0.1558057104653062 -0.19274537353624202 0.081414248922258278 -0.015711411214265256 -0.057827613298836594 0.021964377169687816 0 0.017229069235730077 -0.045206082468202818 -0.090651340934647592 0.031826303869768674 0 0.18937477409990525 -0.074840077793619383
leaf_weight=2137.1350612360116 60.202658597656864 11.131295728991971 62.210774698793102 165.00443874555276 108.7947318602312 438.76653078455797 6.0290753732660987 2055.6451218986344 43.268369211972185 179.8217236539349 15.749101706373041 15.712777908534916 19.613617089587933 11.037766526249468
leaf_count=14571 322 128 587 1834 1827 6996 191 24845 526 1723 179 123 144 40
internal_value=0.000611379 -0.0432271 0.000362111 0.00258114 -0.0179494 0.00528377 0.00703022 0.00601489 0.0252857 -0.0561099 -0.0969335 -0.126656 0.154468 0
internal_weight=5330.12 219.313 116.61 5110.81 892.387 547.561 4218.42 4192.78 105.479 344.826 102.702 75.9154 25.6427 26.7869
internal_count=54036 1905 1241 52131 12380 8823 39751 39416 1113 3557 664 445 335 219
is_linear=0
shrinkage=0.196372


Tree=329
num_leaves=15
num_cat=0
split_feature=7 0 27 33 20 19 13 39 7 30 22 14 22 39
split_gain=12.6114 27.4137 18.2112 16.8501 14.1111 11.5189 11.2238 10.4555 9.76891 9.71114 8.04074 7.9806 4.98082 4.8919
threshold=171.50000000000003 6.745000000000001 27.750000000000004 3.2500000000000004 0.12500000000000003 10.250000000000002 0.20500000000000004 10.450000000000001 151.50000000000003 24.500000000000004 16.500000000000004 12.500000000000002 14.500000000000002 9.9500000000000011
decision_type=10 2 10 10 10 8 10 10 8 10 10 10 10 8
left_child=5 9 4 -4 -3 7 8 13 -7 10 -2 -8 -9 -1
right_child=1 2 3 -5 -6 6 11 12 -10 -11 -12 -13 -14 -15
leaf_value=-0.08024161770891286 0.23499715005317756 -0.21590607814093332 -0.19476637680996756 -0.019037291267846625 0.018841192591328885 -0.07248749625068926 0 0.10066563760648592 0.0070069883586203778 -0.083787214651316042 0.042640265472656869 -0.11929584807170622 -0.031501670045348297 -0.29196549586457604
leaf_weight=56.319661796696877 14.253023966722365 10.976492693140925 67.357527137126453 39.366240962084703 74.264922706850484 59.28729014176723 35.586314596474267 15.263549203073351 4810.3436030262365 10.976266558582209 41.550753647084093 47.227370183357152 35.322663837312803 7.0065111842141041
leaf_count=3345 175 85 412 398 706 485 1473 363 43988 80 368 1675 412 71
internal_value=0.000894521 -0.0412552 -0.0799769 -0.134264 -0.00664833 0.00313643 0.00464072 -0.0582609 0.00594488 0.0633269 0.100397 -0.0665192 0 -0.111546
internal_weight=5325.1 258.745 191.965 106.724 85.2414 5066.36 4952.44 113.912 4869.63 66.78 55.8038 82.8137 50.5862 63.3262
internal_count=54036 2224 1601 810 791 51812 47621 4191 44473 623 543 3148 775 3416
is_linear=0
shrinkage=0.196372


end of trees

feature_importances:
当地勝率=291
展示=238
4コース複勝率=221
1着率=185
5コース複勝率=168
2着率=158
1コース複勝率=156
3コース複勝率=148
3着率=143
風向=141
勝率=139
6コース平均スタート順位=130
2コース複勝率=126
6コース進入回数=118
複勝率=105
5コース平均スタート順位=105
6コース複勝率=104
3コース進入回数=103
4コース平均スタート順位=102
4コース進入回数=98
1コース平均スタート順位=97
1コース進入回数=96
2コース進入回数=92
身長=88
3コース平均スタート順位=78
体重=76
5コース進入回数=76
4コース平均スタートタイミング=69
2コース平均スタートタイミング=67
2コース平均スタート順位=67
1コース平均スタートタイミング=66
6コース平均スタートタイミング=62
3コース平均スタートタイミング=59
優出回数=45
風速=44
平均スタートタイミング=41
5コース平均スタートタイミング=40
天気=30
波高=25
優勝回数=24
級=2

parameters:
[boosting: gbdt]
[objective: lambdarank]
[metric: ndcg]
[tree_learner: serial]
[device_type: cpu]
[data_sample_strategy: bagging]
[data: ]
[valid: ]
[num_iterations: 30]
[learning_rate: 0.196372]
[num_leaves: 44]
[num_threads: 0]
[seed: 42]
[deterministic: 0]
[force_col_wise: 0]
[force_row_wise: 0]
[histogram_pool_size: -1]
[max_depth: 4]
[min_data_in_leaf: 78]
[min_sum_hessian_in_leaf: 0.001]
[bagging_fraction: 0.79374]
[pos_bagging_fraction: 1]
[neg_bagging_fraction: 1]
[bagging_freq: 2]
[bagging_seed: 400]
[bagging_by_query: 0]
[feature_fraction: 0.648842]
[feature_fraction_bynode: 1]
[feature_fraction_seed: 30056]
[extra_trees: 0]
[extra_seed: 12879]
[early_stopping_round: 0]
[early_stopping_min_delta: 0]
[first_metric_only: 0]
[max_delta_step: 0]
[lambda_l1: 2.26121]
[lambda_l2: 0.210589]
[linear_lambda: 0]
[min_gain_to_split: 0]
[drop_rate: 0.1]
[max_drop: 50]
[skip_drop: 0.5]
[xgboost_dart_mode: 0]
[uniform_drop: 0]
[drop_seed: 17869]
[top_rate: 0.2]
[other_rate: 0.1]
[min_data_per_group: 100]
[max_cat_threshold: 32]
[cat_l2: 10]
[cat_smooth: 10]
[max_cat_to_onehot: 4]
[top_k: 20]
[monotone_constraints: ]
[monotone_constraints_method: basic]
[monotone_penalty: 0]
[feature_contri: ]
[forcedsplits_filename: ]
[refit_decay_rate: 0.9]
[cegb_tradeoff: 1]
[cegb_penalty_split: 0]
[cegb_penalty_feature_lazy: ]
[cegb_penalty_feature_coupled: ]
[path_smooth: 0]
[interaction_constraints: ]
[verbosity: -1]
[saved_feature_importance_type: 0]
[use_quantized_grad: 0]
[num_grad_quant_bins: 4]
[quant_train_renew_leaf: 0]
[stochastic_rounding: 1]
[linear_tree: 0]
[max_bin: 255]
[max_bin_by_feature: ]
[min_data_in_bin: 3]
[bin_construct_sample_cnt: 200000]
[data_random_seed: 175]
[is_enable_sparse: 1]
[enable_bundle: 1]
[use_missing: 1]
[zero_as_missing: 0]
[feature_pre_filter: 0]
[pre_partition: 0]
[two_round: 0]
[header: 0]
[label_column: ]
[weight_column: ]
[group_column: ]
[ignore_column: ]
[categorical_feature: 3,4,6]
[forcedbins_filename: ]
[precise_float_parser: 0]
[parser_config_file: ]
[objective_seed: 16083]
[num_class: 1]
[is_unbalance: 0]
[scale_pos_weight: 1]
[sigmoid: 1]
[boost_from_average: 1]
[reg_sqrt: 0]
[alpha: 0.9]
[fair_c: 1]
[poisson_max_delta_step: 0.7]
[tweedie_variance_power: 1.5]
[lambdarank_truncation_level: 30]
[lambdarank_norm: 1]
[label_gain: ]
[lambdarank_position_bias_regularization: 0]
[eval_at: 1,3]
[multi_error_top_k: 1]
[auc_mu_weights: ]
[num_machines: 1]
[local_listen_port: 12400]
[time_out: 120]
[machine_list_filename: ]
[machines: ]
[gpu_platform_id: -1]
[gpu_device_id: -1]
[gpu_use_dp: 0]
[num_gpu: 1]

end of parameters

pandas_categorical:[]
