開催日,レース,実際3連単,予測3連単,予測確率,的中,TOP10
2025-01-01,1,1-2-4,1-4-2,0.07436945599338342,False,1-4-2(0.0744) / 1-2-4(0.0651) / 1-4-5(0.0471) / 1-4-6(0.0434) / 1-5-4(0.0368) / 4-1-2(0.0361) / 1-4-3(0.0340) / 1-6-4(0.0334) / 2-1-4(0.0302) / 1-2-5(0.0298)
2025-01-01,3,1-2-3,5-4-1,0.10499344463744861,False,5-4-1(0.1050) / 4-5-1(0.1026) / 5-4-2(0.0822) / 4-5-2(0.0803) / 5-1-4(0.0583) / 4-1-5(0.0553) / 5-2-4(0.0431) / 1-5-4(0.0425) / 1-4-5(0.0413) / 4-2-5(0.0409)
2025-01-01,4,1-5-6,5-3-2,0.07640868231088013,False,5-3-2(0.0764) / 5-2-3(0.0721) / 3-5-2(0.0533) / 2-5-3(0.0489) / 5-3-1(0.0455) / 5-2-1(0.0382) / 5-1-3(0.0361) / 5-1-2(0.0322) / 3-5-1(0.0317) / 3-2-5(0.0308)
2025-01-01,5,1-4-3,5-6-1,0.03156778760812483,False,5-6-1(0.0316) / 5-1-6(0.0297) / 5-6-3(0.0288) / 5-3-6(0.0264) / 6-5-1(0.0253) / 5-6-4(0.0241) / 6-5-3(0.0230) / 1-5-6(0.0230) / 5-1-3(0.0227) / 5-3-1(0.0221)
2025-01-01,6,1-4-6,4-3-6,0.11082982628472678,False,4-3-6(0.1108) / 4-3-1(0.0914) / 3-4-6(0.0765) / 4-3-2(0.0738) / 3-4-1(0.0631) / 4-6-3(0.0597) / 3-4-2(0.0510) / 4-1-3(0.0475) / 4-2-3(0.0371) / 6-4-3(0.0327)
2025-01-01,7,2-5-3,1-5-2,0.05938233561821148,False,1-5-2(0.0594) / 5-1-2(0.0554) / 1-2-5(0.0496) / 1-5-6(0.0425) / 5-2-1(0.0421) / 2-1-5(0.0417) / 5-1-6(0.0396) / 2-5-1(0.0379) / 1-6-5(0.0319) / 5-6-1(0.0274)
2025-01-01,8,1-5-3,1-2-6,0.041695532688951556,False,1-2-6(0.0417) / 1-6-2(0.0412) / 2-1-6(0.0362) / 6-1-2(0.0356) / 2-6-1(0.0294) / 6-2-1(0.0292) / 1-2-3(0.0212) / 1-6-3(0.0204) / 1-2-5(0.0191) / 1-6-5(0.0184)
2025-01-01,9,2-1-4,2-3-5,0.058191574507699316,False,2-3-5(0.0582) / 3-2-5(0.0495) / 2-3-1(0.0492) / 3-2-1(0.0419) / 2-5-3(0.0404) / 2-3-4(0.0336) / 2-1-3(0.0330) / 3-2-4(0.0286) / 5-2-3(0.0284) / 3-5-2(0.0283)
2025-01-01,10,1-2-3,2-1-3,0.27504416972241424,False,2-1-3(0.2750) / 1-2-3(0.1212) / 2-3-1(0.1164) / 2-1-5(0.0802) / 2-1-6(0.0639) / 3-2-1(0.0427) / 1-2-5(0.0354) / 2-5-1(0.0286) / 1-2-6(0.0282) / 2-6-1(0.0225)
2025-01-01,12,2-1-3,5-2-6,0.05483863382903079,False,5-2-6(0.0548) / 5-2-1(0.0547) / 5-6-2(0.0451) / 5-1-2(0.0450) / 2-5-6(0.0413) / 2-5-1(0.0413) / 6-5-2(0.0309) / 1-5-2(0.0308) / 5-6-1(0.0284) / 5-1-6(0.0283)
2025-01-02,1,1-2-3,1-5-3,0.10017722743179851,False,1-5-3(0.1002) / 5-1-3(0.0816) / 1-5-4(0.0721) / 1-3-5(0.0650) / 5-1-4(0.0587) / 3-1-5(0.0434) / 1-4-5(0.0431) / 5-3-1(0.0408) / 1-5-2(0.0373) / 3-5-1(0.0335)
2025-01-02,2,2-1-6,5-2-4,0.06831822049323617,False,5-2-4(0.0683) / 2-5-4(0.0654) / 5-4-2(0.0528) / 2-4-5(0.0476) / 5-2-3(0.0439) / 4-5-2(0.0436) / 2-5-3(0.0420) / 4-2-5(0.0411) / 5-3-2(0.0300) / 2-3-5(0.0272)
2025-01-02,3,1-2-5,5-4-3,0.133349236646369,False,5-4-3(0.1333) / 5-3-4(0.1246) / 4-5-3(0.0722) / 3-5-4(0.0659) / 5-4-2(0.0513) / 5-3-2(0.0429) / 5-4-1(0.0361) / 5-2-4(0.0357) / 5-2-3(0.0319) / 5-3-1(0.0302)
2025-01-02,5,1-4-2,5-4-1,0.08971326192118573,False,5-4-1(0.0897) / 5-1-4(0.0651) / 5-4-6(0.0608) / 4-5-1(0.0588) / 5-4-3(0.0516) / 5-6-4(0.0403) / 4-5-6(0.0399) / 1-5-4(0.0375) / 4-5-3(0.0338) / 5-3-4(0.0332)
2025-01-02,6,1-3-4,1-3-4,0.21199348713452243,True,1-3-4(0.2120) / 1-4-3(0.1511) / 3-1-4(0.1106) / 4-1-3(0.0716) / 1-3-6(0.0616) / 3-4-1(0.0333) / 1-6-3(0.0326) / 3-1-6(0.0322) / 4-3-1(0.0303) / 1-3-2(0.0294)
2025-01-02,7,5-1-3,5-6-3,0.06074665364069236,False,5-6-3(0.0607) / 6-5-3(0.0565) / 5-3-6(0.0542) / 3-5-6(0.0472) / 6-3-5(0.0455) / 3-6-5(0.0426) / 5-6-2(0.0300) / 6-5-2(0.0279) / 5-2-6(0.0218) / 5-3-2(0.0216)
2025-01-02,9,1-3-4,1-3-5,0.1271524876604154,False,1-3-5(0.1272) / 1-5-3(0.1111) / 3-1-5(0.0585) / 5-1-3(0.0492) / 1-3-6(0.0486) / 1-3-2(0.0436) / 1-5-6(0.0332) / 1-6-3(0.0331) / 1-5-2(0.0299) / 1-2-3(0.0294)
2025-01-02,10,1-2-3,2-1-3,0.0492559860797346,False,2-1-3(0.0493) / 1-2-3(0.0428) / 2-1-4(0.0385) / 2-3-1(0.0362) / 2-1-5(0.0338) / 1-2-4(0.0334) / 1-2-5(0.0294) / 2-4-1(0.0269) / 3-2-1(0.0266) / 1-3-2(0.0265)
2025-01-02,11,1-4-3,1-2-4,0.07539848070169297,False,1-2-4(0.0754) / 1-2-3(0.0635) / 2-1-4(0.0613) / 1-4-2(0.0521) / 2-1-3(0.0517) / 1-3-2(0.0421) / 4-1-2(0.0354) / 1-2-6(0.0337) / 2-4-1(0.0328) / 3-1-2(0.0279)
2025-01-02,12,1-5-3,4-2-6,0.022807502050885498,False,4-2-6(0.0228) / 4-6-2(0.0227) / 2-4-6(0.0206) / 6-4-2(0.0205) / 2-6-4(0.0180) / 6-2-4(0.0179) / 4-2-1(0.0169) / 4-6-1(0.0166) / 4-2-3(0.0156) / 4-1-2(0.0155)
2025-01-03,1,3-4-2,3-4-2,0.041222166343704895,True,3-4-2(0.0412) / 3-2-4(0.0409) / 4-3-2(0.0368) / 2-3-4(0.0364) / 3-4-5(0.0353) / 3-2-5(0.0345) / 3-5-4(0.0330) / 3-5-2(0.0325) / 4-3-5(0.0316) / 4-2-3(0.0312)
2025-01-03,2,4-1-2,3-2-4,0.160799650176205,False,3-2-4(0.1608) / 2-3-4(0.1056) / 3-2-1(0.1043) / 3-4-2(0.0813) / 2-3-1(0.0685) / 3-1-2(0.0484) / 3-2-5(0.0468) / 4-3-2(0.0424) / 2-4-3(0.0322) / 2-3-5(0.0307)
2025-01-03,3,4-3-2,5-6-2,0.07546930421849206,False,5-6-2(0.0755) / 6-5-2(0.0745) / 5-6-1(0.0516) / 6-5-1(0.0510) / 5-2-6(0.0484) / 6-2-5(0.0471) / 2-5-6(0.0375) / 2-6-5(0.0369) / 5-6-3(0.0321) / 6-5-3(0.0317)
2025-01-03,5,1-3-6,1-6-4,0.0246898156358447,False,1-6-4(0.0247) / 6-1-4(0.0245) / 1-4-6(0.0225) / 6-4-1(0.0222) / 1-6-2(0.0217) / 6-1-2(0.0216) / 4-1-6(0.0210) / 4-6-1(0.0208) / 1-2-6(0.0191) / 6-2-1(0.0188)
2025-01-03,6,1-5-4,1-3-4,0.06089497155557434,False,1-3-4(0.0609) / 1-4-3(0.0583) / 3-1-4(0.0509) / 4-1-3(0.0475) / 3-4-1(0.0377) / 1-3-5(0.0371) / 4-3-1(0.0368) / 1-4-5(0.0325) / 3-1-5(0.0310) / 1-5-3(0.0299)
2025-01-03,7,1-3-2,1-3-6,0.0767436101304281,False,1-3-6(0.0767) / 3-1-6(0.0647) / 1-3-2(0.0599) / 1-6-3(0.0523) / 3-1-2(0.0506) / 1-2-3(0.0385) / 6-1-3(0.0365) / 3-6-1(0.0357) / 6-3-1(0.0295) / 3-2-1(0.0265)
2025-01-03,8,3-1-2,1-4-2,0.07161095489607512,False,1-4-2(0.0716) / 1-2-4(0.0697) / 4-1-2(0.0477) / 2-1-4(0.0459) / 1-4-5(0.0323) / 1-2-5(0.0297) / 1-4-6(0.0280) / 4-2-1(0.0268) / 2-4-1(0.0265) / 1-2-6(0.0258)
2025-01-03,10,1-4-2,5-1-6,0.02877652060072868,False,5-1-6(0.0288) / 1-5-6(0.0276) / 5-6-1(0.0266) / 5-1-2(0.0259) / 1-5-2(0.0248) / 6-5-1(0.0243) / 1-6-5(0.0242) / 5-2-1(0.0232) / 6-1-5(0.0230) / 1-2-5(0.0211)
2025-01-03,11,1-4-2,4-2-1,0.045496199057664416,False,4-2-1(0.0455) / 4-1-2(0.0437) / 2-4-1(0.0346) / 1-4-2(0.0325) / 4-2-6(0.0304) / 4-1-6(0.0266) / 4-6-2(0.0260) / 4-2-5(0.0240) / 4-6-1(0.0236) / 2-1-4(0.0231)
2025-01-03,12,1-4-2,6-2-1,0.04577013354299459,False,6-2-1(0.0458) / 2-6-1(0.0416) / 6-1-2(0.0411) / 1-6-2(0.0350) / 2-1-6(0.0328) / 1-2-6(0.0307) / 6-2-3(0.0248) / 2-6-3(0.0225) / 6-2-4(0.0197) / 6-3-2(0.0190)
2025-01-06,1,1-6-3,4-3-6,0.05900826626114762,False,4-3-6(0.0590) / 3-4-6(0.0564) / 4-6-3(0.0420) / 4-3-5(0.0392) / 3-6-4(0.0379) / 3-4-5(0.0375) / 4-3-1(0.0361) / 3-4-1(0.0345) / 6-4-3(0.0330) / 6-3-4(0.0312)
2025-01-06,2,2-1-4,1-6-2,0.10825196218749834,False,1-6-2(0.1083) / 1-2-6(0.0994) / 6-1-2(0.0801) / 2-1-6(0.0708) / 6-2-1(0.0475) / 2-6-1(0.0457) / 1-6-3(0.0370) / 1-2-3(0.0297) / 1-6-4(0.0296) / 6-1-3(0.0274)
2025-01-06,3,3-4-5,2-3-5,0.10353726712760218,False,2-3-5(0.1035) / 3-2-5(0.0713) / 2-3-6(0.0712) / 2-5-3(0.0659) / 3-2-6(0.0490) / 2-3-4(0.0466) / 2-6-3(0.0418) / 5-2-3(0.0379) / 3-2-4(0.0321) / 3-5-2(0.0288)
2025-01-06,5,2-1-6,4-5-6,0.11545681737520191,False,4-5-6(0.1155) / 4-6-5(0.0907) / 5-4-6(0.0771) / 6-4-5(0.0550) / 4-5-2(0.0473) / 5-6-4(0.0355) / 4-5-1(0.0326) / 6-5-4(0.0322) / 5-4-2(0.0316) / 4-2-5(0.0298)
2025-01-06,6,1-2-4,1-4-3,0.17180740880029008,False,1-4-3(0.1718) / 1-3-4(0.1169) / 4-1-3(0.0907) / 1-4-2(0.0647) / 3-1-4(0.0550) / 1-4-6(0.0408) / 1-2-4(0.0354) / 4-1-2(0.0342) / 4-3-1(0.0275) / 3-4-1(0.0245)
2025-01-06,7,3-2-6,1-2-3,0.08384315127084278,False,1-2-3(0.0838) / 2-1-3(0.0799) / 1-2-4(0.0649) / 2-1-4(0.0618) / 1-3-2(0.0588) / 2-3-1(0.0525) / 3-1-2(0.0463) / 3-2-1(0.0434) / 1-4-2(0.0421) / 2-4-1(0.0378)
2025-01-06,8,1-3-4,1-4-2,0.11044696611679586,False,1-4-2(0.1104) / 1-2-4(0.0950) / 4-1-2(0.0770) / 2-1-4(0.0622) / 1-4-3(0.0591) / 1-3-4(0.0414) / 4-1-3(0.0412) / 4-2-1(0.0403) / 1-2-3(0.0396) / 2-4-1(0.0378)
2025-01-06,9,3-1-5,5-4-6,0.10274735972692955,False,5-4-6(0.1027) / 5-6-4(0.0807) / 4-5-6(0.0765) / 6-5-4(0.0540) / 4-6-5(0.0404) / 6-4-5(0.0363) / 5-4-3(0.0343) / 5-4-1(0.0321) / 5-4-2(0.0264) / 4-5-3(0.0255)
2025-01-06,10,3-1-2,3-5-1,0.06535601582024768,False,3-5-1(0.0654) / 5-3-1(0.0592) / 3-5-4(0.0498) / 3-1-5(0.0490) / 5-3-4(0.0451) / 5-1-3(0.0390) / 1-3-5(0.0379) / 3-4-5(0.0347) / 1-5-3(0.0333) / 3-5-2(0.0318)
2025-01-06,11,1-2-5,1-2-3,0.14301810581728977,False,1-2-3(0.1430) / 2-1-3(0.1378) / 1-3-2(0.0806) / 2-3-1(0.0738) / 3-1-2(0.0593) / 3-2-1(0.0564) / 1-2-5(0.0297) / 2-1-5(0.0286) / 1-2-4(0.0277) / 2-1-4(0.0267)
2025-01-06,12,1-4-6,1-6-2,0.026615050060271712,False,1-6-2(0.0266) / 1-2-6(0.0256) / 6-1-2(0.0252) / 2-1-6(0.0237) / 6-2-1(0.0226) / 2-6-1(0.0220) / 1-6-5(0.0183) / 6-1-5(0.0174) / 1-2-5(0.0160) / 1-5-6(0.0159)
2025-01-08,1,1-3-4,2-5-6,0.14417337015918996,False,2-5-6(0.1442) / 5-2-6(0.1426) / 2-5-3(0.0585) / 5-2-3(0.0578) / 2-6-5(0.0486) / 2-5-1(0.0480) / 5-2-1(0.0475) / 5-6-2(0.0475) / 2-5-4(0.0469) / 5-2-4(0.0464)
2025-01-08,2,4-6-5,6-4-5,0.1217607533379167,False,6-4-5(0.1218) / 6-4-3(0.1143) / 6-4-1(0.0898) / 4-6-5(0.0615) / 4-6-3(0.0577) / 6-5-4(0.0562) / 6-3-4(0.0522) / 4-6-1(0.0454) / 6-4-2(0.0415) / 6-1-4(0.0398)
2025-01-08,3,5-4-1,5-3-4,0.10308804321724624,False,5-3-4(0.1031) / 5-4-3(0.0908) / 3-5-4(0.0639) / 5-3-1(0.0626) / 4-5-3(0.0536) / 5-1-3(0.0468) / 5-4-1(0.0438) / 3-5-1(0.0388) / 5-1-4(0.0371) / 5-3-2(0.0311)
2025-01-08,4,4-5-6,3-6-2,0.06073935380231483,False,3-6-2(0.0607) / 6-3-2(0.0545) / 3-6-5(0.0502) / 6-3-5(0.0450) / 3-2-6(0.0430) / 3-5-6(0.0340) / 6-2-3(0.0337) / 2-3-6(0.0320) / 3-6-4(0.0297) / 2-6-3(0.0280)
2025-01-08,5,1-6-2,6-5-3,0.10792757846708975,False,6-5-3(0.1079) / 6-5-1(0.0974) / 6-3-5(0.0833) / 6-1-5(0.0729) / 5-6-3(0.0475) / 6-3-1(0.0439) / 5-6-1(0.0429) / 6-1-3(0.0425) / 3-6-5(0.0341) / 6-5-4(0.0332)
2025-01-08,7,1-6-2,2-6-4,0.031708478329098476,False,2-6-4(0.0317) / 6-2-4(0.0311) / 2-6-5(0.0293) / 6-2-5(0.0287) / 2-4-6(0.0282) / 6-4-2(0.0269) / 4-2-6(0.0255) / 2-5-6(0.0253) / 4-6-2(0.0249) / 6-5-2(0.0242)
2025-01-08,8,1-2-4,1-2-4,0.10963674486303684,True,1-2-4(0.1096) / 2-1-4(0.1072) / 1-2-5(0.0677) / 2-1-5(0.0662) / 1-4-2(0.0537) / 2-4-1(0.0510) / 4-1-2(0.0373) / 1-2-3(0.0370) / 4-2-1(0.0363) / 2-1-3(0.0362)
2025-01-08,9,1-3-4,4-5-3,0.03841807748014411,False,4-5-3(0.0384) / 4-5-1(0.0367) / 4-5-2(0.0357) / 4-3-5(0.0349) / 4-1-5(0.0330) / 4-2-5(0.0318) / 5-4-3(0.0270) / 5-4-1(0.0258) / 4-3-1(0.0254) / 5-4-2(0.0251)
2025-01-08,10,1-2-3,5-2-3,0.05066409393767633,False,5-2-3(0.0507) / 2-5-3(0.0479) / 5-2-1(0.0466) / 2-5-1(0.0441) / 5-3-2(0.0414) / 5-1-2(0.0371) / 2-3-5(0.0364) / 3-5-2(0.0347) / 2-1-5(0.0326) / 3-2-5(0.0322)
2025-01-08,11,1-3-2,2-4-1,0.08406025735230249,False,2-4-1(0.0841) / 2-4-5(0.0630) / 2-1-4(0.0592) / 4-2-1(0.0521) / 2-4-3(0.0457) / 2-5-4(0.0416) / 4-2-5(0.0391) / 2-4-6(0.0339) / 1-2-4(0.0320) / 2-3-4(0.0287)
2025-01-08,12,3-1-4,5-1-4,0.06138916231598908,False,5-1-4(0.0614) / 5-4-1(0.0536) / 5-1-2(0.0514) / 1-5-4(0.0476) / 5-2-1(0.0423) / 1-5-2(0.0399) / 4-5-1(0.0388) / 5-4-2(0.0334) / 5-2-4(0.0315) / 1-4-5(0.0297)
2025-01-10,1,4-3-6,6-3-4,0.1757238002745761,False,6-3-4(0.1757) / 6-3-2(0.1220) / 6-4-3(0.0961) / 3-6-4(0.0859) / 6-2-3(0.0616) / 3-6-2(0.0597) / 6-3-1(0.0522) / 4-6-3(0.0400) / 3-6-1(0.0255) / 6-4-2(0.0251)
2025-01-10,3,3-4-1,1-4-5,0.08406263761667185,False,1-4-5(0.0841) / 4-1-5(0.0770) / 1-5-4(0.0744) / 5-1-4(0.0637) / 4-5-1(0.0597) / 5-4-1(0.0559) / 1-4-6(0.0253) / 1-4-3(0.0241) / 4-1-6(0.0232) / 4-1-3(0.0221)
2025-01-10,6,3-4-6,3-6-2,0.04792533007899182,False,3-6-2(0.0479) / 3-6-4(0.0442) / 6-3-2(0.0405) / 6-3-4(0.0374) / 3-2-6(0.0370) / 3-6-1(0.0340) / 3-4-6(0.0335) / 6-3-1(0.0287) / 2-3-6(0.0272) / 6-2-3(0.0254)
2025-01-10,7,5-3-1,2-3-1,0.04477335194177879,False,2-3-1(0.0448) / 2-1-3(0.0447) / 3-2-1(0.0416) / 1-2-3(0.0415) / 3-1-2(0.0373) / 1-3-2(0.0373) / 2-3-5(0.0234) / 2-1-5(0.0233) / 3-2-5(0.0217) / 1-2-5(0.0216)
2025-01-10,10,4-1-2,1-3-4,0.11156685760978198,False,1-3-4(0.1116) / 1-3-6(0.1083) / 1-4-3(0.0631) / 1-6-3(0.0609) / 1-3-2(0.0564) / 3-1-4(0.0526) / 1-3-5(0.0511) / 3-1-6(0.0510) / 1-2-3(0.0291) / 3-1-2(0.0266)
2025-01-10,11,1-4-2,4-2-1,0.07719505016685979,False,4-2-1(0.0772) / 4-2-6(0.0703) / 2-4-1(0.0545) / 4-1-2(0.0531) / 2-4-6(0.0496) / 4-6-2(0.0473) / 1-4-2(0.0319) / 4-2-3(0.0313) / 4-2-5(0.0306) / 6-4-2(0.0281)
2025-01-11,1,4-2-3,6-2-4,0.04426969775653661,False,6-2-4(0.0443) / 2-6-4(0.0413) / 6-4-2(0.0394) / 4-6-2(0.0342) / 2-4-6(0.0335) / 6-2-3(0.0325) / 4-2-6(0.0312) / 2-6-3(0.0304) / 6-3-2(0.0263) / 2-3-6(0.0226)
2025-01-11,2,5-3-2,5-1-3,0.16435366779424598,False,5-1-3(0.1644) / 5-3-1(0.1356) / 5-1-4(0.0882) / 5-1-2(0.0661) / 5-4-1(0.0615) / 5-3-4(0.0505) / 5-2-1(0.0441) / 5-4-3(0.0427) / 5-3-2(0.0378) / 5-2-3(0.0306)
2025-01-11,3,6-4-3,4-2-6,0.05254942232483696,False,4-2-6(0.0525) / 2-4-6(0.0480) / 4-6-2(0.0474) / 6-4-2(0.0408) / 2-6-4(0.0383) / 6-2-4(0.0360) / 4-2-3(0.0249) / 2-4-3(0.0227) / 4-2-1(0.0195) / 4-3-2(0.0184)
2025-01-11,4,2-5-1,5-2-6,0.09226830345595019,False,5-2-6(0.0923) / 2-5-6(0.0863) / 5-6-2(0.0723) / 2-6-5(0.0615) / 6-5-2(0.0594) / 6-2-5(0.0540) / 5-2-3(0.0319) / 2-5-3(0.0299) / 5-2-1(0.0272) / 2-5-1(0.0254)
2025-01-11,5,2-1-6,2-6-3,0.0580205385943243,False,2-6-3(0.0580) / 2-3-6(0.0525) / 2-6-4(0.0459) / 2-4-6(0.0389) / 6-2-3(0.0327) / 2-3-4(0.0320) / 2-6-1(0.0306) / 2-4-3(0.0300) / 2-6-5(0.0295) / 3-2-6(0.0284)
2025-01-11,6,3-1-5,3-1-2,0.11505896648488667,False,3-1-2(0.1151) / 3-1-4(0.1021) / 3-1-5(0.0911) / 1-3-2(0.0868) / 1-3-4(0.0770) / 1-3-5(0.0688) / 3-2-1(0.0438) / 3-4-1(0.0383) / 3-5-1(0.0337) / 1-2-3(0.0242)
2025-01-11,7,1-2-3,3-2-6,0.0913361888657642,False,3-2-6(0.0913) / 2-3-6(0.0904) / 3-6-2(0.0814) / 2-6-3(0.0792) / 6-3-2(0.0755) / 6-2-3(0.0742) / 3-2-1(0.0296) / 2-3-1(0.0293) / 3-6-1(0.0223) / 2-6-1(0.0212)
2025-01-11,8,1-4-3,4-1-2,0.08307543536059508,False,4-1-2(0.0831) / 4-1-5(0.0797) / 1-4-2(0.0739) / 1-4-5(0.0709) / 4-1-3(0.0600) / 1-4-3(0.0534) / 4-2-1(0.0378) / 4-5-1(0.0361) / 4-1-6(0.0315) / 1-2-4(0.0294)
2025-01-11,9,5-6-3,5-2-6,0.02145719334376885,False,5-2-6(0.0215) / 5-6-2(0.0213) / 2-5-6(0.0189) / 5-2-3(0.0188) / 6-5-2(0.0187) / 5-6-3(0.0184) / 5-3-2(0.0180) / 5-3-6(0.0177) / 2-5-3(0.0165) / 6-5-3(0.0161)
2025-01-11,10,1-3-6,2-6-3,0.022526154824632962,False,2-6-3(0.0225) / 2-3-6(0.0220) / 6-2-3(0.0215) / 3-2-6(0.0207) / 6-3-2(0.0198) / 3-6-2(0.0195) / 2-6-4(0.0181) / 2-6-1(0.0179) / 6-2-4(0.0173) / 6-2-1(0.0171)
2025-01-11,11,4-5-2,5-1-6,0.11378839207035829,False,5-1-6(0.1138) / 1-5-6(0.0855) / 5-6-1(0.0791) / 6-5-1(0.0509) / 5-1-4(0.0492) / 1-6-5(0.0410) / 5-1-3(0.0398) / 1-5-4(0.0369) / 6-1-5(0.0351) / 1-5-3(0.0299)
2025-01-11,12,5-4-1,1-2-5,0.03263479495872233,False,1-2-5(0.0326) / 1-2-4(0.0324) / 2-1-5(0.0299) / 2-1-4(0.0296) / 1-5-2(0.0280) / 1-4-2(0.0277) / 1-2-3(0.0268) / 2-1-3(0.0246) / 5-1-2(0.0233) / 4-1-2(0.0230)
2025-01-12,1,1-2-3,4-2-1,0.08716796317272782,False,4-2-1(0.0872) / 4-2-3(0.0691) / 4-1-2(0.0642) / 2-4-1(0.0571) / 4-2-6(0.0555) / 4-3-2(0.0479) / 2-4-3(0.0452) / 1-4-2(0.0371) / 4-6-2(0.0369) / 2-4-6(0.0363)
2025-01-12,2,1-4-5,1-6-5,0.0683942659614306,False,1-6-5(0.0684) / 6-1-5(0.0583) / 1-5-6(0.0540) / 5-1-6(0.0407) / 1-6-3(0.0400) / 6-5-1(0.0374) / 6-1-3(0.0341) / 5-6-1(0.0330) / 1-6-4(0.0320) / 1-3-6(0.0276)
2025-01-12,3,5-3-1,5-6-3,0.06669923708854775,False,5-6-3(0.0667) / 6-5-3(0.0642) / 5-6-1(0.0561) / 6-5-1(0.0540) / 5-3-6(0.0479) / 6-3-5(0.0438) / 5-1-6(0.0383) / 3-5-6(0.0382) / 3-6-5(0.0363) / 6-1-5(0.0352)
2025-01-12,5,1-5-4,6-5-2,0.07018170271724275,False,6-5-2(0.0702) / 6-5-1(0.0628) / 6-5-4(0.0575) / 6-2-5(0.0507) / 5-6-2(0.0450) / 6-1-5(0.0443) / 5-6-1(0.0403) / 6-4-5(0.0398) / 5-6-4(0.0369) / 2-6-5(0.0285)
2025-01-12,6,1-3-2,3-2-1,0.1073021023056016,False,3-2-1(0.1073) / 3-1-2(0.1000) / 2-3-1(0.0962) / 1-3-2(0.0864) / 2-1-3(0.0753) / 1-2-3(0.0726) / 3-2-4(0.0210) / 2-3-4(0.0188) / 3-1-4(0.0177) / 1-3-4(0.0153)
2025-01-12,7,2-4-3,6-1-5,0.04538862184930086,False,6-1-5(0.0454) / 6-5-1(0.0434) / 1-6-5(0.0356) / 6-1-2(0.0340) / 5-6-1(0.0332) / 6-2-1(0.0296) / 6-5-2(0.0291) / 1-6-2(0.0266) / 6-2-5(0.0265) / 6-1-4(0.0259)
2025-01-12,8,1-2-3,1-2-4,0.15442819338279717,False,1-2-4(0.1544) / 2-1-4(0.1142) / 1-4-2(0.1133) / 4-1-2(0.0740) / 1-2-3(0.0609) / 2-4-1(0.0550) / 4-2-1(0.0486) / 2-1-3(0.0451) / 1-3-2(0.0346) / 1-4-3(0.0289)
2025-01-12,9,2-6-4,1-2-4,0.07811456742415639,False,1-2-4(0.0781) / 1-2-6(0.0747) / 2-1-4(0.0650) / 2-1-6(0.0622) / 1-2-5(0.0499) / 2-1-5(0.0415) / 1-4-2(0.0406) / 1-6-2(0.0386) / 1-2-3(0.0366) / 2-1-3(0.0304)
2025-01-12,10,5-6-1,6-2-3,0.042727091644551116,False,6-2-3(0.0427) / 6-2-5(0.0414) / 2-6-3(0.0390) / 6-3-2(0.0378) / 2-6-5(0.0378) / 6-5-2(0.0362) / 3-6-2(0.0321) / 2-3-6(0.0306) / 5-6-2(0.0305) / 2-5-6(0.0293)
2025-01-12,11,1-3-2,2-1-3,0.049747008014911547,False,2-1-3(0.0497) / 2-1-4(0.0468) / 2-3-1(0.0439) / 2-4-1(0.0405) / 1-2-3(0.0369) / 1-2-4(0.0347) / 3-2-1(0.0306) / 2-3-4(0.0303) / 2-4-3(0.0297) / 4-2-1(0.0279)
2025-01-12,12,1-4-3,4-5-1,0.07535340345534906,False,4-5-1(0.0754) / 4-5-3(0.0604) / 4-1-5(0.0600) / 4-5-2(0.0488) / 4-3-5(0.0456) / 5-4-1(0.0383) / 4-2-5(0.0354) / 4-5-6(0.0317) / 5-4-3(0.0307) / 1-4-5(0.0282)
2025-01-13,1,1-3-5,5-1-6,0.18699932956194154,False,5-1-6(0.1870) / 1-5-6(0.1727) / 5-6-1(0.0719) / 1-6-5(0.0602) / 5-1-2(0.0503) / 1-5-2(0.0464) / 6-5-1(0.0455) / 6-1-5(0.0413) / 5-1-4(0.0343) / 1-5-4(0.0317)
2025-01-13,3,2-1-3,6-3-2,0.041590032686315906,False,6-3-2(0.0416) / 6-2-3(0.0391) / 3-6-2(0.0339) / 2-6-3(0.0307) / 6-3-5(0.0283) / 6-3-1(0.0247) / 3-2-6(0.0243) / 6-5-3(0.0238) / 2-3-6(0.0235) / 3-6-5(0.0230)
2025-01-13,5,3-6-5,3-6-5,0.06886913618974096,True,3-6-5(0.0689) / 3-5-6(0.0639) / 6-3-5(0.0512) / 5-3-6(0.0458) / 3-6-1(0.0419) / 3-5-1(0.0334) / 3-1-6(0.0332) / 6-5-3(0.0317) / 6-3-1(0.0312) / 5-6-3(0.0306)
2025-01-13,7,1-2-6,6-1-4,0.07657910498912114,False,6-1-4(0.0766) / 6-4-1(0.0585) / 1-6-4(0.0547) / 6-1-3(0.0540) / 1-6-3(0.0385) / 6-3-1(0.0377) / 4-6-1(0.0370) / 6-1-2(0.0366) / 1-4-6(0.0273) / 1-6-2(0.0261)
2025-01-13,8,4-1-6,1-4-2,0.05856719754286373,False,1-4-2(0.0586) / 1-2-4(0.0525) / 1-4-6(0.0504) / 1-6-4(0.0432) / 1-4-3(0.0383) / 1-2-6(0.0341) / 4-1-2(0.0336) / 1-6-2(0.0326) / 1-3-4(0.0309) / 4-1-6(0.0289)
2025-01-13,9,1-6-5,1-2-4,0.024067719521985574,False,1-2-4(0.0241) / 2-1-4(0.0235) / 1-4-2(0.0231) / 4-1-2(0.0219) / 2-4-1(0.0219) / 4-2-1(0.0213) / 1-2-5(0.0176) / 1-2-6(0.0174) / 2-1-5(0.0172) / 2-1-6(0.0170)
2025-01-13,10,1-4-5,3-1-4,0.06339491652911579,False,3-1-4(0.0634) / 1-3-4(0.0575) / 3-4-1(0.0471) / 1-4-3(0.0376) / 3-1-6(0.0372) / 4-3-1(0.0363) / 1-3-6(0.0337) / 4-1-3(0.0320) / 3-1-5(0.0313) / 1-3-5(0.0284)
2025-01-13,11,1-5-3,1-2-3,0.053242394747072944,False,1-2-3(0.0532) / 2-1-3(0.0521) / 1-3-2(0.0405) / 2-3-1(0.0385) / 3-1-2(0.0336) / 1-2-4(0.0330) / 3-2-1(0.0326) / 2-1-4(0.0323) / 1-2-5(0.0302) / 2-1-5(0.0295)
2025-01-13,12,3-1-4,2-6-1,0.05820972179392306,False,2-6-1(0.0582) / 2-6-4(0.0535) / 2-1-6(0.0484) / 2-4-6(0.0434) / 2-6-3(0.0388) / 6-2-1(0.0378) / 6-2-4(0.0347) / 2-3-6(0.0294) / 1-2-6(0.0289) / 2-1-4(0.0280)
2025-01-17,1,1-2-3,4-1-6,0.21285211107201446,False,4-1-6(0.2129) / 4-6-1(0.1827) / 4-1-3(0.0817) / 4-6-3(0.0554) / 4-3-1(0.0528) / 1-4-6(0.0507) / 4-1-2(0.0456) / 6-4-1(0.0426) / 4-3-6(0.0417) / 4-6-2(0.0309)
2025-01-17,2,4-6-1,6-4-2,0.033705454147843504,False,6-4-2(0.0337) / 6-4-1(0.0324) / 6-2-4(0.0312) / 6-1-4(0.0297) / 4-6-2(0.0253) / 6-4-3(0.0251) / 4-6-1(0.0243) / 6-2-1(0.0240) / 6-1-2(0.0237) / 2-6-4(0.0225)
2025-01-17,3,5-2-3,5-3-6,0.04719114316115249,False,5-3-6(0.0472) / 5-6-3(0.0448) / 5-3-2(0.0421) / 5-2-3(0.0384) / 5-6-2(0.0349) / 5-2-6(0.0336) / 3-5-6(0.0335) / 6-5-3(0.0310) / 3-5-2(0.0299) / 5-3-4(0.0296)
2025-01-17,4,2-4-1,4-5-2,0.1921970755139163,False,4-5-2(0.1922) / 4-2-5(0.1605) / 5-4-2(0.1365) / 2-4-5(0.1065) / 5-2-4(0.0677) / 2-5-4(0.0633) / 4-5-3(0.0375) / 5-4-3(0.0266) / 4-2-3(0.0251) / 4-3-5(0.0203)
2025-01-17,5,1-4-5,4-5-3,0.20141764168422244,False,4-5-3(0.2014) / 5-4-3(0.1092) / 4-3-5(0.0982) / 4-5-1(0.0982) / 5-4-1(0.0532) / 3-4-5(0.0437) / 4-1-5(0.0421) / 4-5-6(0.0350) / 4-5-2(0.0310) / 5-3-4(0.0257)
2025-01-17,6,3-2-1,3-2-1,0.09309361392229103,True,3-2-1(0.0931) / 3-1-2(0.0847) / 2-3-1(0.0568) / 3-2-4(0.0533) / 1-3-2(0.0498) / 3-4-2(0.0406) / 3-1-4(0.0404) / 3-4-1(0.0339) / 2-3-4(0.0325) / 2-1-3(0.0268)
2025-01-17,7,3-1-6,2-6-3,0.09333775211938629,False,2-6-3(0.0933) / 6-2-3(0.0695) / 2-6-4(0.0640) / 2-3-6(0.0589) / 2-6-1(0.0582) / 6-2-4(0.0476) / 6-2-1(0.0433) / 2-4-6(0.0373) / 3-2-6(0.0360) / 2-1-6(0.0334)
2025-01-17,8,1-2-5,4-2-5,0.10064420281291254,False,4-2-5(0.1006) / 4-2-1(0.0801) / 4-5-2(0.0791) / 2-4-5(0.0687) / 4-1-2(0.0584) / 2-4-1(0.0547) / 5-4-2(0.0489) / 4-5-1(0.0406) / 4-1-5(0.0376) / 1-4-2(0.0349)
2025-01-17,9,4-1-6,4-1-3,0.059272142322524014,False,4-1-3(0.0593) / 4-3-1(0.0544) / 4-1-6(0.0524) / 4-6-1(0.0464) / 4-1-2(0.0414) / 4-3-6(0.0379) / 4-6-3(0.0365) / 4-2-1(0.0348) / 4-3-2(0.0299) / 1-4-3(0.0277)
2025-01-17,10,2-1-4,2-4-5,0.1175625869140204,False,2-4-5(0.1176) / 2-5-4(0.1160) / 2-4-1(0.0523) / 2-5-1(0.0503) / 2-4-6(0.0456) / 2-5-6(0.0438) / 2-1-4(0.0406) / 2-1-5(0.0396) / 4-2-5(0.0386) / 5-2-4(0.0380)
2025-01-17,11,1-2-5,1-2-3,0.033552324648101026,False,1-2-3(0.0336) / 1-2-5(0.0325) / 1-3-2(0.0299) / 1-5-2(0.0287) / 2-1-3(0.0278) / 2-1-5(0.0269) / 1-2-6(0.0240) / 3-1-2(0.0232) / 5-1-2(0.0221) / 1-3-5(0.0210)
2025-01-17,12,1-4-3,1-2-3,0.05538859371273764,False,1-2-3(0.0554) / 1-2-6(0.0528) / 1-3-2(0.0452) / 2-1-3(0.0448) / 2-1-6(0.0427) / 1-6-2(0.0424) / 3-1-2(0.0328) / 6-1-2(0.0306) / 2-3-1(0.0279) / 1-3-6(0.0271)
2025-01-18,1,1-2-4,1-6-2,0.164681937542909,False,1-6-2(0.1647) / 6-1-2(0.1383) / 1-2-6(0.1214) / 2-1-6(0.0893) / 6-2-1(0.0787) / 2-6-1(0.0689) / 1-6-5(0.0254) / 6-1-5(0.0213) / 1-6-4(0.0203) / 6-1-4(0.0171)
2025-01-18,2,1-6-5,6-5-1,0.23313264415026103,False,6-5-1(0.2331) / 6-5-3(0.1014) / 6-5-4(0.0860) / 6-5-2(0.0840) / 6-1-5(0.0826) / 5-6-1(0.0791) / 5-6-3(0.0344) / 6-3-5(0.0329) / 5-6-4(0.0292) / 5-6-2(0.0285)
2025-01-18,3,1-4-6,6-5-3,0.04107194177843041,False,6-5-3(0.0411) / 5-6-3(0.0404) / 6-3-5(0.0375) / 5-3-6(0.0361) / 3-6-5(0.0348) / 3-5-6(0.0340) / 6-5-4(0.0249) / 5-6-4(0.0245) / 6-4-5(0.0196) / 5-4-6(0.0189)
2025-01-18,4,3-4-1,3-5-4,0.08618336178988573,False,3-5-4(0.0862) / 3-4-5(0.0819) / 5-3-4(0.0814) / 4-3-5(0.0752) / 5-4-3(0.0706) / 4-5-3(0.0686) / 3-5-6(0.0192) / 3-5-2(0.0188) / 5-3-6(0.0181) / 5-3-2(0.0178)
2025-01-18,5,3-4-6,5-4-6,0.08281730851186456,False,5-4-6(0.0828) / 5-4-3(0.0817) / 4-5-6(0.0767) / 4-5-3(0.0757) / 5-4-1(0.0477) / 4-5-1(0.0442) / 5-4-2(0.0399) / 4-5-2(0.0370) / 5-6-4(0.0365) / 5-3-4(0.0359)
2025-01-18,6,1-2-3,4-3-1,0.1611315347022286,False,4-3-1(0.1611) / 4-3-5(0.1337) / 4-3-2(0.0768) / 3-4-1(0.0700) / 4-1-3(0.0683) / 3-4-5(0.0581) / 4-5-3(0.0552) / 4-3-6(0.0476) / 3-4-2(0.0333) / 4-2-3(0.0300)
2025-01-18,7,2-1-3,3-2-1,0.29472285512783014,False,3-2-1(0.2947) / 3-1-2(0.1864) / 3-2-5(0.0899) / 2-3-1(0.0879) / 1-3-2(0.0517) / 3-5-2(0.0434) / 3-1-5(0.0312) / 3-2-4(0.0294) / 2-3-5(0.0268) / 3-5-1(0.0238)
2025-01-18,9,5-1-4,2-5-1,0.16610988861801848,False,2-5-1(0.1661) / 2-1-5(0.1094) / 5-2-1(0.1068) / 2-5-3(0.0628) / 1-2-5(0.0608) / 5-2-3(0.0404) / 5-1-2(0.0396) / 1-5-2(0.0343) / 2-3-5(0.0332) / 2-5-6(0.0254)
2025-01-18,10,1-2-5,6-1-2,0.11683195670045317,False,6-1-2(0.1168) / 1-6-2(0.1050) / 6-2-1(0.0654) / 1-2-6(0.0513) / 6-1-3(0.0476) / 2-6-1(0.0449) / 6-1-5(0.0429) / 1-6-3(0.0428) / 2-1-6(0.0393) / 1-6-5(0.0386)
2025-01-18,11,2-1-3,6-1-4,0.034170424881187066,False,6-1-4(0.0342) / 1-6-4(0.0304) / 6-1-5(0.0285) / 6-4-1(0.0275) / 6-1-2(0.0273) / 1-6-5(0.0253) / 1-6-2(0.0243) / 6-1-3(0.0237) / 6-5-1(0.0220) / 4-6-1(0.0214)
2025-01-18,12,5-4-2,5-2-1,0.09313780430106858,False,5-2-1(0.0931) / 2-5-1(0.0884) / 5-1-2(0.0741) / 2-1-5(0.0653) / 1-5-2(0.0622) / 1-2-5(0.0577) / 5-2-4(0.0408) / 2-5-4(0.0388) / 5-4-2(0.0257) / 2-4-5(0.0229)
2025-01-19,1,3-5-6,3-5-6,0.08476188159045522,True,3-5-6(0.0848) / 3-6-5(0.0706) / 3-5-1(0.0643) / 5-3-6(0.0610) / 3-1-5(0.0489) / 6-3-5(0.0468) / 5-3-1(0.0463) / 3-6-1(0.0376) / 3-1-6(0.0344) / 5-6-3(0.0329)
2025-01-19,2,1-3-6,6-5-4,0.04573885696985857,False,6-5-4(0.0457) / 6-4-5(0.0429) / 5-6-4(0.0415) / 6-5-1(0.0379) / 4-6-5(0.0374) / 5-6-1(0.0344) / 5-4-6(0.0340) / 6-1-5(0.0331) / 4-5-6(0.0327) / 6-4-1(0.0308)
2025-01-19,4,2-3-6,1-6-3,0.17746189707941967,False,1-6-3(0.1775) / 1-6-2(0.1520) / 1-3-6(0.1125) / 1-2-6(0.0922) / 6-1-3(0.0619) / 6-1-2(0.0530) / 1-3-2(0.0441) / 1-2-3(0.0423) / 3-1-6(0.0357) / 2-1-6(0.0290)
2025-01-19,6,1-4-2,2-4-1,0.12085948024582299,False,2-4-1(0.1209) / 4-2-1(0.1114) / 2-4-3(0.0711) / 4-2-3(0.0656) / 2-1-4(0.0629) / 4-1-2(0.0524) / 2-4-5(0.0447) / 1-2-4(0.0429) / 4-2-5(0.0412) / 1-4-2(0.0388)
2025-01-19,7,1-4-3,1-6-4,0.16821053265081862,False,1-6-4(0.1682) / 6-1-4(0.1262) / 1-6-3(0.1180) / 1-6-5(0.1044) / 6-1-3(0.0886) / 6-1-5(0.0783) / 1-4-6(0.0435) / 1-3-6(0.0296) / 1-5-6(0.0260) / 6-4-1(0.0239)
2025-01-19,8,1-2-4,1-2-3,0.10435587439355357,False,1-2-3(0.1044) / 1-2-4(0.0960) / 1-3-2(0.0701) / 1-4-2(0.0632) / 2-1-3(0.0586) / 2-1-4(0.0539) / 1-2-6(0.0367) / 3-1-2(0.0344) / 4-1-2(0.0307) / 1-3-4(0.0290)
2025-01-19,9,1-4-2,3-1-2,0.03727858889631798,False,3-1-2(0.0373) / 3-2-1(0.0370) / 1-3-2(0.0306) / 2-3-1(0.0302) / 3-1-4(0.0251) / 3-2-4(0.0244) / 1-2-3(0.0233) / 2-1-3(0.0232) / 3-1-6(0.0223) / 3-4-1(0.0221)
2025-01-19,10,1-4-2,2-3-5,0.09525250686988779,False,2-3-5(0.0953) / 3-2-5(0.0919) / 2-5-3(0.0824) / 3-5-2(0.0753) / 5-2-3(0.0734) / 5-3-2(0.0695) / 2-3-1(0.0326) / 3-2-1(0.0315) / 2-5-1(0.0227) / 2-1-3(0.0205)
2025-01-19,11,1-2-4,1-2-4,0.07726050346579803,True,1-2-4(0.0773) / 1-2-3(0.0734) / 1-4-2(0.0582) / 1-3-2(0.0545) / 2-1-4(0.0489) / 2-1-3(0.0464) / 1-2-6(0.0440) / 4-1-2(0.0328) / 3-1-2(0.0305) / 1-6-2(0.0296)
2025-01-20,1,1-3-2,2-1-6,0.038915849637650574,False,2-1-6(0.0389) / 2-1-4(0.0343) / 2-6-1(0.0342) / 1-2-6(0.0334) / 1-2-4(0.0294) / 2-4-1(0.0291) / 6-2-1(0.0272) / 2-1-3(0.0243) / 1-6-2(0.0240) / 4-2-1(0.0226)
2025-01-20,2,3-4-5,3-5-2,0.12231521263183667,False,3-5-2(0.1223) / 3-2-5(0.1190) / 3-5-1(0.0860) / 3-2-1(0.0791) / 3-1-5(0.0735) / 3-1-2(0.0695) / 5-3-2(0.0326) / 2-3-5(0.0315) / 3-5-6(0.0284) / 3-2-6(0.0261)
2025-01-20,3,1-2-3,3-1-6,0.12747211843171577,False,3-1-6(0.1275) / 3-1-4(0.0934) / 3-6-1(0.0903) / 3-4-1(0.0611) / 3-1-2(0.0571) / 1-3-6(0.0571) / 1-3-4(0.0418) / 6-3-1(0.0368) / 3-2-1(0.0345) / 3-6-4(0.0342)
2025-01-20,4,1-2-6,6-1-2,0.1353897449625187,False,6-1-2(0.1354) / 6-2-1(0.1257) / 6-1-3(0.0987) / 6-2-3(0.0805) / 6-3-1(0.0804) / 6-3-2(0.0706) / 1-6-2(0.0591) / 2-6-1(0.0537) / 1-6-3(0.0431) / 2-6-3(0.0344)
2025-01-20,5,1-2-5,1-6-2,0.06376204520372328,False,1-6-2(0.0638) / 6-1-2(0.0576) / 1-2-6(0.0495) / 1-6-5(0.0478) / 6-1-5(0.0432) / 6-2-1(0.0392) / 2-1-6(0.0389) / 1-5-6(0.0342) / 2-6-1(0.0340) / 1-6-4(0.0287)
2025-01-20,6,3-5-4,3-5-1,0.2151345165463187,False,3-5-1(0.2151) / 5-3-1(0.2125) / 3-1-5(0.0822) / 5-1-3(0.0800) / 1-3-5(0.0550) / 1-5-3(0.0542) / 3-5-4(0.0353) / 5-3-4(0.0349) / 3-5-2(0.0326) / 5-3-2(0.0322)
2025-01-20,7,1-6-3,6-1-2,0.1763531954461585,False,6-1-2(0.1764) / 6-1-5(0.1646) / 6-2-1(0.0871) / 6-5-1(0.0802) / 6-1-3(0.0617) / 1-6-2(0.0554) / 1-6-5(0.0517) / 6-1-4(0.0302) / 6-3-1(0.0270) / 2-6-1(0.0241)
2025-01-20,8,1-2-5,1-2-5,0.09216326051413634,True,1-2-5(0.0922) / 1-5-2(0.0835) / 1-2-4(0.0754) / 1-4-2(0.0635) / 1-5-4(0.0556) / 1-4-5(0.0517) / 2-1-5(0.0482) / 5-1-2(0.0422) / 2-1-4(0.0394) / 1-2-3(0.0333)
2025-01-20,9,3-1-5,6-1-5,0.16053736128288135,False,6-1-5(0.1605) / 6-5-1(0.1379) / 6-1-3(0.0691) / 1-6-5(0.0523) / 6-3-1(0.0469) / 6-5-3(0.0456) / 5-6-1(0.0435) / 6-3-5(0.0360) / 6-1-4(0.0357) / 6-1-2(0.0301)
2025-01-20,10,6-3-5,1-6-2,0.06167392960073144,False,1-6-2(0.0617) / 1-2-6(0.0516) / 6-1-2(0.0487) / 1-6-5(0.0433) / 2-1-6(0.0372) / 6-1-5(0.0342) / 1-5-6(0.0328) / 6-2-1(0.0300) / 2-6-1(0.0274) / 1-6-4(0.0257)
2025-01-20,11,3-1-4,1-2-3,0.07547742089167925,False,1-2-3(0.0755) / 1-2-4(0.0707) / 1-2-5(0.0645) / 2-1-3(0.0525) / 2-1-4(0.0492) / 2-1-5(0.0448) / 1-3-2(0.0432) / 1-4-2(0.0400) / 1-2-6(0.0390) / 1-5-2(0.0360)
2025-01-20,12,1-4-5,2-4-5,0.03837872854172654,False,2-4-5(0.0384) / 2-4-3(0.0363) / 2-4-1(0.0321) / 4-2-5(0.0320) / 2-5-4(0.0313) / 4-2-3(0.0303) / 2-3-4(0.0292) / 4-2-1(0.0267) / 2-1-4(0.0251) / 5-2-4(0.0232)
2025-01-25,1,1-3-6,1-2-6,0.08224647371847006,False,1-2-6(0.0822) / 1-2-3(0.0805) / 1-6-2(0.0688) / 1-3-2(0.0668) / 2-1-6(0.0561) / 2-1-3(0.0550) / 1-6-3(0.0470) / 1-3-6(0.0467) / 6-1-2(0.0434) / 3-1-2(0.0420)
2025-01-25,2,1-3-6,5-2-6,0.18743826122180438,False,5-2-6(0.1874) / 2-5-6(0.1632) / 5-6-2(0.0980) / 2-6-5(0.0709) / 6-5-2(0.0654) / 6-2-5(0.0544) / 5-2-3(0.0415) / 2-5-3(0.0361) / 5-2-4(0.0298) / 2-5-4(0.0259)
2025-01-25,3,4-2-6,5-6-1,0.09535787625451887,False,5-6-1(0.0954) / 5-1-6(0.0907) / 5-6-4(0.0638) / 6-5-1(0.0589) / 5-1-4(0.0552) / 1-5-6(0.0549) / 5-4-6(0.0521) / 5-4-1(0.0474) / 6-5-4(0.0394) / 1-5-4(0.0334)
2025-01-25,4,2-6-3,6-3-2,0.12088120461027403,False,6-3-2(0.1209) / 3-6-2(0.0911) / 6-2-3(0.0849) / 6-3-1(0.0601) / 2-6-3(0.0551) / 3-6-1(0.0453) / 3-2-6(0.0441) / 2-3-6(0.0380) / 6-3-4(0.0372) / 6-1-3(0.0354)
2025-01-25,5,3-4-2,3-6-5,0.06028004263183245,False,3-6-5(0.0603) / 3-5-6(0.0524) / 3-6-2(0.0492) / 3-2-6(0.0403) / 6-3-5(0.0388) / 3-6-4(0.0364) / 5-3-6(0.0317) / 6-3-2(0.0317) / 3-5-2(0.0305) / 3-2-5(0.0287)
2025-01-25,6,3-1-4,3-1-4,0.07200309689091677,True,3-1-4(0.0720) / 3-4-1(0.0656) / 1-3-4(0.0634) / 4-3-1(0.0548) / 1-4-3(0.0480) / 4-1-3(0.0456) / 3-1-2(0.0398) / 1-3-2(0.0351) / 3-4-2(0.0307) / 3-2-1(0.0298)
2025-01-25,7,1-6-4,6-4-1,0.2510240632648849,False,6-4-1(0.2510) / 4-6-1(0.1913) / 6-4-2(0.1207) / 4-6-2(0.0920) / 6-4-3(0.0592) / 6-1-4(0.0495) / 4-6-3(0.0451) / 4-1-6(0.0280) / 1-6-4(0.0244) / 6-2-4(0.0225)
2025-01-25,8,1-2-4,1-2-4,0.2872646517818536,True,1-2-4(0.2873) / 1-4-2(0.1763) / 2-1-4(0.1391) / 4-1-2(0.0758) / 1-2-5(0.0574) / 2-4-1(0.0331) / 4-2-1(0.0294) / 2-1-5(0.0278) / 1-5-2(0.0254) / 1-4-5(0.0196)
2025-01-25,10,1-2-4,1-2-5,0.03527798037643112,False,1-2-5(0.0353) / 1-2-6(0.0344) / 2-1-5(0.0299) / 1-5-2(0.0295) / 2-1-6(0.0291) / 1-6-2(0.0286) / 1-2-3(0.0233) / 5-1-2(0.0225) / 6-1-2(0.0217) / 1-2-4(0.0212)
2025-01-25,11,1-4-5,2-3-1,0.0696003137076986,False,2-3-1(0.0696) / 2-1-3(0.0567) / 3-2-1(0.0522) / 1-2-3(0.0385) / 2-3-4(0.0367) / 2-3-5(0.0308) / 3-1-2(0.0294) / 2-3-6(0.0284) / 3-2-4(0.0276) / 1-3-2(0.0266)
2025-01-25,12,4-5-3,2-3-6,0.02202550286559141,False,2-3-6(0.0220) / 2-6-3(0.0208) / 3-2-6(0.0208) / 2-3-1(0.0199) / 6-2-3(0.0190) / 3-2-1(0.0188) / 2-3-5(0.0186) / 2-1-3(0.0183) / 3-6-2(0.0183) / 6-3-2(0.0176)
2025-01-26,1,1-5-3,5-1-3,0.3936424230274872,False,5-1-3(0.3936) / 5-1-2(0.1692) / 1-5-3(0.1141) / 5-3-1(0.0843) / 1-5-2(0.0490) / 5-1-4(0.0459) / 5-2-1(0.0336) / 3-5-1(0.0204) / 1-5-4(0.0133) / 5-1-6(0.0122)
2025-01-26,2,1-4-3,4-1-5,0.1389379360687094,False,4-1-5(0.1389) / 1-4-5(0.1048) / 4-1-6(0.0883) / 1-4-6(0.0667) / 4-1-2(0.0640) / 4-5-1(0.0554) / 1-4-2(0.0483) / 4-1-3(0.0358) / 4-6-1(0.0332) / 1-5-4(0.0303)
2025-01-26,3,2-6-3,6-2-3,0.11402649427862131,False,6-2-3(0.1140) / 6-2-1(0.0941) / 6-3-2(0.0777) / 6-2-4(0.0722) / 6-1-2(0.0613) / 2-6-3(0.0486) / 6-4-2(0.0449) / 2-6-1(0.0401) / 2-6-4(0.0308) / 3-6-2(0.0299)
2025-01-26,4,4-5-2,5-3-6,0.09279821138485096,False,5-3-6(0.0928) / 5-6-3(0.0850) / 3-5-6(0.0546) / 5-3-1(0.0537) / 6-5-3(0.0484) / 5-6-1(0.0414) / 5-1-3(0.0414) / 5-1-6(0.0348) / 3-5-1(0.0316) / 5-3-2(0.0285)
2025-01-26,5,1-3-5,3-2-4,0.04480969153987551,False,3-2-4(0.0448) / 3-2-1(0.0442) / 2-3-4(0.0398) / 2-3-1(0.0393) / 3-4-2(0.0356) / 3-1-2(0.0350) / 3-2-5(0.0302) / 4-3-2(0.0277) / 2-4-3(0.0273) / 1-3-2(0.0271)
2025-01-26,6,1-3-4,4-5-3,0.0870758429424999,False,4-5-3(0.0871) / 4-5-1(0.0790) / 4-3-5(0.0730) / 4-1-5(0.0639) / 5-4-3(0.0563) / 5-4-1(0.0510) / 4-3-1(0.0465) / 4-1-3(0.0449) / 3-4-5(0.0439) / 1-4-5(0.0378)
2025-01-26,7,1-3-5,3-5-2,0.1853873355052375,False,3-5-2(0.1854) / 3-5-1(0.1720) / 3-2-5(0.1191) / 3-1-5(0.1082) / 3-2-1(0.0500) / 3-1-2(0.0490) / 5-3-2(0.0410) / 5-3-1(0.0381) / 3-5-4(0.0337) / 2-3-5(0.0249)
2025-01-26,8,1-2-4,1-2-4,0.2679190137806271,True,1-2-4(0.2679) / 2-1-4(0.2160) / 1-2-5(0.1263) / 2-1-5(0.1018) / 1-4-2(0.0470) / 1-2-3(0.0368) / 2-4-1(0.0299) / 2-1-3(0.0297) / 4-1-2(0.0237) / 1-5-2(0.0209)
2025-01-26,9,2-5-6,5-2-1,0.09969885584299329,False,5-2-1(0.0997) / 2-5-1(0.0781) / 5-1-2(0.0630) / 5-2-3(0.0570) / 2-5-3(0.0446) / 1-5-2(0.0402) / 5-2-4(0.0383) / 2-1-5(0.0364) / 5-3-2(0.0321) / 2-5-4(0.0300)
2025-01-26,10,1-3-2,1-4-3,0.07243370621012159,False,1-4-3(0.0724) / 4-1-3(0.0558) / 1-3-4(0.0543) / 1-4-2(0.0441) / 1-4-6(0.0373) / 3-1-4(0.0364) / 4-1-2(0.0340) / 4-3-1(0.0301) / 1-2-4(0.0295) / 4-1-6(0.0287)
2025-01-26,11,1-2-6,3-5-1,0.05912596571119345,False,3-5-1(0.0591) / 3-5-6(0.0524) / 3-1-5(0.0511) / 5-3-1(0.0444) / 3-6-5(0.0436) / 5-3-6(0.0393) / 1-3-5(0.0357) / 3-1-6(0.0326) / 3-6-1(0.0314) / 6-3-5(0.0298)
2025-01-26,12,1-3-2,2-1-5,0.10100079769608487,False,2-1-5(0.1010) / 1-2-5(0.1003) / 2-5-1(0.0668) / 1-5-2(0.0657) / 5-2-1(0.0533) / 5-1-2(0.0528) / 2-1-4(0.0400) / 1-2-4(0.0397) / 2-1-3(0.0227) / 1-2-3(0.0225)
2025-01-27,1,4-3-5,2-4-1,0.18400197883297012,False,2-4-1(0.1840) / 2-4-3(0.1515) / 2-1-4(0.1443) / 2-3-4(0.1112) / 2-1-3(0.0765) / 2-3-1(0.0716) / 4-2-1(0.0297) / 2-4-5(0.0292) / 4-2-3(0.0245) / 1-2-4(0.0227)
2025-01-27,3,4-2-5,4-6-5,0.1963473140816269,False,4-6-5(0.1963) / 6-4-5(0.1872) / 4-5-6(0.1042) / 6-5-4(0.0929) / 5-4-6(0.0755) / 5-6-4(0.0706) / 4-6-3(0.0292) / 6-4-3(0.0278) / 4-6-1(0.0170) / 6-4-1(0.0162)
2025-01-27,4,3-4-5,4-5-1,0.12064526892425483,False,4-5-1(0.1206) / 4-5-6(0.1100) / 4-1-5(0.0732) / 4-6-5(0.0654) / 4-5-3(0.0515) / 5-4-1(0.0508) / 4-5-2(0.0469) / 5-4-6(0.0463) / 4-3-5(0.0277) / 1-4-5(0.0271)
2025-01-27,5,2-3-5,1-2-5,0.08357513172229776,False,1-2-5(0.0836) / 1-2-3(0.0686) / 1-5-2(0.0602) / 2-1-5(0.0593) / 2-1-3(0.0487) / 1-3-2(0.0469) / 1-2-4(0.0398) / 5-1-2(0.0370) / 2-1-4(0.0282) / 3-1-2(0.0282)
2025-01-27,6,1-3-6,1-6-3,0.048022049746680465,False,1-6-3(0.0480) / 1-6-4(0.0477) / 6-1-3(0.0466) / 6-1-4(0.0463) / 1-3-6(0.0358) / 1-4-6(0.0356) / 6-3-1(0.0335) / 6-4-1(0.0332) / 1-6-2(0.0303) / 6-1-2(0.0294)
2025-01-27,7,3-2-1,2-4-1,0.28408646751540495,False,2-4-1(0.2841) / 4-2-1(0.1883) / 2-1-4(0.1069) / 2-4-3(0.0995) / 4-2-3(0.0660) / 1-2-4(0.0535) / 4-1-2(0.0430) / 1-4-2(0.0324) / 2-3-4(0.0318) / 3-2-4(0.0149)
2025-01-27,8,1-2-6,1-4-3,0.07889181071680279,False,1-4-3(0.0789) / 1-3-4(0.0652) / 1-4-2(0.0545) / 1-4-5(0.0524) / 4-1-3(0.0501) / 1-2-4(0.0407) / 1-5-4(0.0388) / 3-1-4(0.0382) / 4-1-2(0.0346) / 4-1-5(0.0333)
2025-01-27,9,2-1-5,5-1-2,0.3080931424061306,False,5-1-2(0.3081) / 5-1-6(0.1425) / 5-2-1(0.0978) / 1-5-2(0.0928) / 5-1-3(0.0514) / 5-1-4(0.0482) / 1-5-6(0.0429) / 5-6-1(0.0413) / 2-5-1(0.0251) / 1-5-3(0.0155)
2025-01-27,10,1-2-3,1-4-2,0.069051087407201,False,1-4-2(0.0691) / 4-1-2(0.0662) / 1-2-4(0.0511) / 4-2-1(0.0463) / 2-1-4(0.0413) / 2-4-1(0.0390) / 1-4-3(0.0385) / 4-1-3(0.0369) / 1-4-6(0.0367) / 4-1-6(0.0351)
2025-01-27,11,5-2-3,1-2-5,0.06314613934134233,False,1-2-5(0.0631) / 2-1-5(0.0511) / 1-2-3(0.0496) / 1-5-2(0.0447) / 2-1-3(0.0401) / 1-2-6(0.0396) / 1-3-2(0.0333) / 2-1-6(0.0320) / 5-1-2(0.0305) / 2-5-1(0.0279)
2025-01-27,12,1-3-2,1-2-4,0.13050877865186883,False,1-2-4(0.1305) / 1-4-2(0.1012) / 2-1-4(0.0881) / 4-1-2(0.0618) / 2-4-1(0.0402) / 1-2-3(0.0388) / 4-2-1(0.0364) / 1-2-6(0.0296) / 1-2-5(0.0271) / 2-1-3(0.0262)
2025-01-28,1,1-2-3,5-1-2,0.04958091777788402,False,5-1-2(0.0496) / 5-2-1(0.0494) / 1-5-2(0.0479) / 2-5-1(0.0476) / 1-2-5(0.0452) / 2-1-5(0.0452) / 5-1-4(0.0393) / 5-2-4(0.0389) / 1-5-4(0.0379) / 2-5-4(0.0375)
2025-01-28,2,1-3-4,2-3-6,0.18208022547622058,False,2-3-6(0.1821) / 2-6-3(0.1632) / 3-2-6(0.0843) / 6-2-3(0.0733) / 2-3-5(0.0633) / 2-6-5(0.0484) / 2-5-3(0.0408) / 2-5-6(0.0348) / 3-2-5(0.0293) / 3-6-2(0.0264)
2025-01-28,3,1-2-4,3-6-2,0.09160298737007111,False,3-6-2(0.0916) / 3-2-6(0.0834) / 3-6-4(0.0550) / 3-6-1(0.0497) / 3-4-6(0.0433) / 3-2-4(0.0408) / 6-3-2(0.0408) / 3-1-6(0.0383) / 3-2-1(0.0369) / 2-3-6(0.0361)
2025-01-28,4,5-4-2,2-5-3,0.21306012205325858,False,2-5-3(0.2131) / 2-5-1(0.1664) / 2-5-4(0.1209) / 2-3-5(0.1078) / 2-1-5(0.0804) / 2-4-5(0.0560) / 5-2-3(0.0288) / 2-3-1(0.0252) / 2-1-3(0.0241) / 5-2-1(0.0225)
2025-01-28,5,1-3-2,3-2-1,0.09188998791096256,False,3-2-1(0.0919) / 2-3-1(0.0912) / 3-1-2(0.0852) / 2-1-3(0.0835) / 1-3-2(0.0809) / 1-2-3(0.0800) / 3-2-6(0.0320) / 2-3-6(0.0317) / 3-1-6(0.0266) / 2-1-6(0.0256)
2025-01-28,6,1-3-4,3-4-1,0.19901640079073585,False,3-4-1(0.1990) / 4-3-1(0.1921) / 3-1-4(0.1252) / 4-1-3(0.1144) / 1-3-4(0.0981) / 1-4-3(0.0929) / 3-4-6(0.0176) / 4-3-6(0.0170) / 3-6-4(0.0074) / 4-6-3(0.0069)
2025-01-28,8,1-2-3,1-3-2,0.06289031931002692,False,1-3-2(0.0629) / 1-2-3(0.0606) / 3-1-2(0.0579) / 2-1-3(0.0546) / 3-2-1(0.0493) / 2-3-1(0.0483) / 1-3-4(0.0239) / 3-1-4(0.0220) / 1-2-4(0.0216) / 2-1-4(0.0195)
2025-01-28,9,6-3-1,6-3-1,0.19814236434328641,True,6-3-1(0.1981) / 3-6-1(0.1081) / 6-1-3(0.1021) / 6-3-4(0.0625) / 6-3-2(0.0618) / 1-6-3(0.0462) / 3-6-4(0.0341) / 3-6-2(0.0337) / 6-3-5(0.0311) / 6-4-3(0.0269)
2025-01-28,10,2-3-5,1-6-2,0.16813130847082436,False,1-6-2(0.1681) / 1-6-3(0.1066) / 1-2-6(0.0874) / 6-1-2(0.0861) / 6-1-3(0.0546) / 1-3-6(0.0508) / 1-6-4(0.0454) / 2-1-6(0.0374) / 1-6-5(0.0331) / 6-1-4(0.0232)
2025-01-28,12,2-4-1,1-4-3,0.06035156953688829,False,1-4-3(0.0604) / 4-1-3(0.0542) / 1-4-2(0.0448) / 1-3-4(0.0445) / 4-1-2(0.0403) / 4-3-1(0.0349) / 3-1-4(0.0338) / 1-2-4(0.0307) / 3-4-1(0.0295) / 1-4-5(0.0275)
2025-01-29,1,5-1-6,4-6-5,0.04460910242558746,False,4-6-5(0.0446) / 4-6-1(0.0416) / 4-5-6(0.0386) / 6-4-5(0.0358) / 4-1-6(0.0353) / 6-4-1(0.0334) / 5-4-6(0.0286) / 4-6-2(0.0259) / 1-4-6(0.0259) / 4-5-1(0.0251)
2025-01-29,2,3-4-1,4-6-5,0.060923972305307376,False,4-6-5(0.0609) / 4-6-1(0.0549) / 4-5-6(0.0545) / 4-1-6(0.0474) / 6-4-5(0.0438) / 6-4-1(0.0395) / 4-5-1(0.0382) / 5-4-6(0.0371) / 4-1-5(0.0369) / 1-4-6(0.0317)
2025-01-29,3,3-4-1,3-4-5,0.13847767929845067,False,3-4-5(0.1385) / 3-5-4(0.1325) / 3-4-1(0.0955) / 3-5-1(0.0843) / 3-1-4(0.0789) / 3-1-5(0.0727) / 4-3-5(0.0452) / 5-3-4(0.0429) / 4-3-1(0.0312) / 5-3-1(0.0273)
2025-01-29,4,3-2-4,4-6-3,0.14763968015050308,False,4-6-3(0.1476) / 4-3-6(0.1446) / 4-6-1(0.0863) / 4-3-1(0.0816) / 4-1-6(0.0678) / 4-1-3(0.0655) / 6-4-3(0.0620) / 3-4-6(0.0604) / 6-4-1(0.0362) / 3-4-1(0.0341)
2025-01-29,5,1-3-2,1-6-5,0.07380621601492432,False,1-6-5(0.0738) / 6-1-5(0.0674) / 1-5-6(0.0574) / 6-5-1(0.0464) / 5-1-6(0.0457) / 1-6-3(0.0448) / 6-1-3(0.0409) / 5-6-1(0.0404) / 1-3-6(0.0303) / 6-3-1(0.0249)
2025-01-29,6,1-4-5,5-1-4,0.1420180667866311,False,5-1-4(0.1420) / 5-4-1(0.1203) / 1-5-4(0.1059) / 4-5-1(0.0837) / 1-4-5(0.0583) / 4-1-5(0.0544) / 5-1-3(0.0527) / 1-5-3(0.0393) / 5-4-3(0.0354) / 5-3-1(0.0327)
2025-01-29,7,1-3-6,5-6-3,0.09410087809978095,False,5-6-3(0.0941) / 5-3-6(0.0790) / 5-6-1(0.0646) / 5-6-4(0.0580) / 5-1-6(0.0487) / 6-5-3(0.0483) / 5-4-6(0.0428) / 3-5-6(0.0383) / 5-3-1(0.0375) / 5-1-3(0.0337)
2025-01-29,10,1-3-4,3-4-1,0.12372294392285364,False,3-4-1(0.1237) / 3-1-4(0.1038) / 4-3-1(0.0921) / 1-3-4(0.0716) / 4-1-3(0.0507) / 1-4-3(0.0470) / 3-4-5(0.0308) / 3-4-6(0.0230) / 4-3-5(0.0229) / 3-4-2(0.0210)
2025-01-29,11,2-1-4,4-2-3,0.09238075935905708,False,4-2-3(0.0924) / 4-2-1(0.0899) / 4-3-2(0.0568) / 4-1-2(0.0550) / 4-2-6(0.0499) / 4-2-5(0.0496) / 2-4-3(0.0492) / 2-4-1(0.0479) / 4-6-2(0.0281) / 4-5-2(0.0279)
2025-01-29,12,3-5-1,3-2-5,0.09177560024761866,False,3-2-5(0.0918) / 3-5-2(0.0867) / 2-3-5(0.0556) / 5-3-2(0.0514) / 3-2-6(0.0508) / 3-5-6(0.0431) / 3-6-2(0.0396) / 3-2-1(0.0363) / 3-6-5(0.0355) / 2-3-6(0.0308)
2025-01-30,1,1-4-2,2-5-4,0.2277526573416956,False,2-5-4(0.2278) / 2-4-5(0.1833) / 5-2-4(0.0738) / 2-5-1(0.0610) / 4-2-5(0.0570) / 2-5-3(0.0508) / 2-4-1(0.0359) / 2-1-5(0.0352) / 2-4-3(0.0300) / 2-3-5(0.0289)
2025-01-30,2,5-1-3,5-4-6,0.09636484875560151,False,5-4-6(0.0964) / 4-5-6(0.0767) / 5-6-4(0.0603) / 5-4-3(0.0441) / 5-4-2(0.0414) / 6-5-4(0.0389) / 5-4-1(0.0385) / 4-6-5(0.0362) / 4-5-3(0.0351) / 4-5-2(0.0330)
2025-01-30,3,4-2-1,1-5-4,0.09881494748242212,False,1-5-4(0.0988) / 5-1-4(0.0881) / 1-4-5(0.0757) / 1-5-2(0.0677) / 5-1-2(0.0604) / 4-1-5(0.0589) / 5-4-1(0.0574) / 4-5-1(0.0502) / 1-2-5(0.0456) / 5-2-1(0.0352)
2025-01-30,4,6-1-5,5-3-2,0.0889215590181288,False,5-3-2(0.0889) / 5-3-1(0.0820) / 5-2-3(0.0685) / 5-1-3(0.0617) / 3-5-2(0.0486) / 3-5-1(0.0448) / 5-3-6(0.0378) / 5-2-1(0.0359) / 5-1-2(0.0351) / 2-5-3(0.0341)
2025-01-30,5,6-5-2,5-1-6,0.20253377243022813,False,5-1-6(0.2025) / 5-1-3(0.1133) / 1-5-6(0.1013) / 5-6-1(0.0906) / 5-1-2(0.0572) / 1-5-3(0.0567) / 5-3-1(0.0460) / 6-5-1(0.0370) / 1-5-2(0.0286) / 5-2-1(0.0220)
2025-01-30,6,1-3-2,1-3-4,0.24698476705112518,False,1-3-4(0.2470) / 1-4-3(0.1421) / 3-1-4(0.1168) / 1-3-2(0.0724) / 4-1-3(0.0587) / 3-1-2(0.0342) / 1-2-3(0.0327) / 3-4-1(0.0264) / 1-3-6(0.0254) / 1-3-5(0.0234)
2025-01-30,7,1-5-2,3-2-1,0.22789396096767872,False,3-2-1(0.2279) / 3-1-2(0.1605) / 2-3-1(0.1094) / 3-2-5(0.0901) / 1-3-2(0.0703) / 3-5-2(0.0489) / 2-3-5(0.0432) / 3-1-5(0.0396) / 3-5-1(0.0305) / 2-1-3(0.0294)
2025-01-30,8,1-3-2,2-4-1,0.12923168868124094,False,2-4-1(0.1292) / 2-1-4(0.1181) / 2-4-3(0.0993) / 2-3-4(0.0818) / 2-1-3(0.0768) / 2-3-1(0.0692) / 4-2-1(0.0506) / 1-2-4(0.0453) / 4-2-3(0.0389) / 3-2-4(0.0305)
2025-01-30,9,1-2-4,1-6-2,0.05146358857967725,False,1-6-2(0.0515) / 6-1-2(0.0496) / 1-2-6(0.0457) / 6-2-1(0.0418) / 2-1-6(0.0409) / 2-6-1(0.0388) / 1-6-3(0.0237) / 6-1-3(0.0229) / 1-6-4(0.0228) / 6-1-4(0.0220)
2025-01-30,10,1-3-4,1-2-3,0.11073402986577326,False,1-2-3(0.1107) / 1-3-2(0.1022) / 2-1-3(0.0792) / 3-1-2(0.0706) / 2-3-1(0.0451) / 3-2-1(0.0436) / 1-2-6(0.0310) / 1-3-6(0.0252) / 2-1-6(0.0222) / 1-2-5(0.0213)
2025-01-30,11,3-5-1,3-1-4,0.13724049151993803,False,3-1-4(0.1372) / 3-1-2(0.1021) / 3-1-6(0.0753) / 3-1-5(0.0695) / 1-3-4(0.0667) / 3-4-1(0.0615) / 1-3-2(0.0496) / 3-2-1(0.0439) / 1-3-6(0.0366) / 1-3-5(0.0338)
2025-01-30,12,3-2-1,6-2-3,0.06132152387817722,False,6-2-3(0.0613) / 6-3-2(0.0604) / 2-6-3(0.0420) / 3-6-2(0.0410) / 6-2-4(0.0298) / 6-3-4(0.0283) / 6-2-1(0.0276) / 6-3-1(0.0262) / 2-3-6(0.0248) / 3-2-6(0.0246)
2025-02-04,1,1-3-4,3-1-4,0.04516823879432194,False,3-1-4(0.0452) / 3-4-1(0.0387) / 3-1-2(0.0352) / 3-1-6(0.0343) / 1-3-4(0.0325) / 3-2-1(0.0284) / 3-6-1(0.0276) / 4-3-1(0.0258) / 1-3-2(0.0254) / 1-3-6(0.0247)
2025-02-04,2,1-3-4,6-1-2,0.028085693007072438,False,6-1-2(0.0281) / 6-1-5(0.0265) / 1-6-2(0.0261) / 6-2-1(0.0248) / 1-6-5(0.0246) / 6-5-1(0.0230) / 2-6-1(0.0213) / 1-2-6(0.0211) / 1-5-6(0.0196) / 5-6-1(0.0196)
2025-02-04,3,4-3-5,3-6-2,0.0803859663670634,False,3-6-2(0.0804) / 3-2-6(0.0706) / 3-6-1(0.0585) / 6-3-2(0.0487) / 3-1-6(0.0465) / 2-3-6(0.0406) / 3-2-1(0.0389) / 6-3-1(0.0354) / 3-1-2(0.0352) / 3-6-5(0.0339)
2025-02-04,4,2-1-5,2-3-6,0.1084786730380092,False,2-3-6(0.1085) / 2-6-3(0.0920) / 3-2-6(0.0838) / 6-2-3(0.0660) / 3-6-2(0.0493) / 6-3-2(0.0457) / 2-3-5(0.0441) / 3-2-5(0.0340) / 2-5-3(0.0288) / 2-6-5(0.0287)
2025-02-04,5,1-6-3,4-3-5,0.09090076389185692,False,4-3-5(0.0909) / 4-5-3(0.0833) / 3-4-5(0.0802) / 5-4-3(0.0702) / 3-5-4(0.0607) / 5-3-4(0.0580) / 4-3-6(0.0256) / 3-4-6(0.0226) / 4-5-6(0.0204) / 4-3-1(0.0198)
2025-02-04,6,4-2-5,2-1-5,0.11747224944438008,False,2-1-5(0.1175) / 1-2-5(0.0863) / 2-5-1(0.0813) / 2-1-6(0.0541) / 5-2-1(0.0513) / 2-1-4(0.0412) / 1-5-2(0.0401) / 1-2-6(0.0398) / 5-1-2(0.0344) / 2-6-1(0.0314)
2025-02-04,8,2-1-5,1-6-5,0.12122303900650098,False,1-6-5(0.1212) / 6-1-5(0.0982) / 1-5-6(0.0823) / 5-1-6(0.0561) / 6-5-1(0.0503) / 1-6-2(0.0437) / 5-6-1(0.0423) / 1-6-3(0.0367) / 6-1-2(0.0354) / 6-1-3(0.0298)
2025-02-04,11,4-5-6,4-1-6,0.05301851065222354,False,4-1-6(0.0530) / 1-4-6(0.0464) / 4-6-1(0.0437) / 4-1-2(0.0371) / 6-4-1(0.0343) / 1-4-2(0.0325) / 1-6-4(0.0322) / 6-1-4(0.0289) / 4-2-1(0.0278) / 4-1-3(0.0227)
2025-02-04,12,1-5-2,5-6-2,0.055724521249078944,False,5-6-2(0.0557) / 5-2-6(0.0471) / 5-6-3(0.0449) / 6-5-2(0.0425) / 5-3-6(0.0357) / 6-5-3(0.0343) / 2-5-6(0.0330) / 5-6-4(0.0298) / 5-2-3(0.0257) / 6-2-5(0.0255)
2025-02-06,1,3-2-1,6-4-1,0.06975707142051545,False,6-4-1(0.0698) / 4-6-1(0.0618) / 6-4-2(0.0585) / 6-4-3(0.0528) / 4-6-2(0.0519) / 6-4-5(0.0478) / 4-6-3(0.0468) / 4-6-5(0.0424) / 6-1-4(0.0354) / 6-2-4(0.0289)
2025-02-06,2,2-1-3,4-6-5,0.054853001891927475,False,4-6-5(0.0549) / 6-4-5(0.0506) / 4-5-6(0.0421) / 4-6-2(0.0366) / 6-5-4(0.0350) / 6-4-2(0.0337) / 5-4-6(0.0334) / 4-6-1(0.0311) / 5-6-4(0.0301) / 6-4-1(0.0287)
2025-02-06,3,1-2-4,4-6-1,0.039064960044496624,False,4-6-1(0.0391) / 4-6-5(0.0358) / 6-4-1(0.0345) / 6-4-5(0.0316) / 4-1-6(0.0306) / 4-6-2(0.0290) / 4-5-6(0.0274) / 6-4-2(0.0256) / 1-4-6(0.0234) / 6-1-4(0.0232)
2025-02-06,4,6-1-3,2-4-6,0.09444631520695804,False,2-4-6(0.0944) / 4-2-6(0.0871) / 2-6-4(0.0788) / 6-2-4(0.0660) / 4-6-2(0.0645) / 6-4-2(0.0586) / 2-4-1(0.0270) / 4-2-1(0.0249) / 2-4-5(0.0208) / 4-2-5(0.0192)
2025-02-06,5,1-2-5,2-5-1,0.05399534773034919,False,2-5-1(0.0540) / 5-2-1(0.0525) / 2-1-5(0.0499) / 5-1-2(0.0466) / 1-2-5(0.0461) / 1-5-2(0.0443) / 2-5-3(0.0310) / 5-2-3(0.0301) / 2-1-3(0.0246) / 2-3-5(0.0238)
2025-02-06,6,6-2-4,3-4-6,0.07062912097824295,False,3-4-6(0.0706) / 3-6-4(0.0699) / 4-3-6(0.0558) / 6-3-4(0.0549) / 3-4-1(0.0505) / 3-6-1(0.0491) / 3-1-4(0.0435) / 3-1-6(0.0427) / 4-3-1(0.0399) / 4-6-3(0.0393)
2025-02-06,7,1-4-6,2-3-1,0.045784187046398646,False,2-3-1(0.0458) / 3-2-1(0.0403) / 2-1-3(0.0386) / 2-3-6(0.0384) / 3-2-6(0.0339) / 2-6-3(0.0308) / 1-2-3(0.0308) / 3-1-2(0.0288) / 1-3-2(0.0261) / 6-2-3(0.0238)
2025-02-06,8,1-2-5,4-2-5,0.0870033272927736,False,4-2-5(0.0870) / 2-4-5(0.0815) / 4-5-2(0.0636) / 2-5-4(0.0545) / 5-4-2(0.0504) / 4-2-3(0.0470) / 5-2-4(0.0461) / 2-4-3(0.0441) / 4-3-2(0.0292) / 4-2-1(0.0257)
2025-02-06,10,1-2-3,5-1-2,0.05857878101261896,False,5-1-2(0.0586) / 5-1-3(0.0558) / 1-5-2(0.0516) / 5-2-1(0.0492) / 1-5-3(0.0491) / 5-3-1(0.0460) / 2-5-1(0.0393) / 1-2-5(0.0365) / 3-5-1(0.0364) / 1-3-5(0.0342)
2025-02-06,11,1-2-3,1-2-5,0.07550731827386643,False,1-2-5(0.0755) / 1-5-2(0.0672) / 2-1-5(0.0537) / 5-1-2(0.0453) / 1-2-3(0.0355) / 2-5-1(0.0304) / 1-2-6(0.0293) / 5-2-1(0.0288) / 1-3-2(0.0259) / 2-1-3(0.0252)
2025-02-06,12,1-2-5,6-5-1,0.05205588755957566,False,6-5-1(0.0521) / 6-5-4(0.0516) / 6-1-5(0.0454) / 5-6-1(0.0453) / 5-6-4(0.0449) / 6-4-5(0.0448) / 1-6-5(0.0365) / 4-6-5(0.0360) / 6-1-4(0.0334) / 6-4-1(0.0333)
2025-02-07,1,1-4-3,1-5-2,0.04518271767327362,False,1-5-2(0.0452) / 5-1-2(0.0411) / 1-2-5(0.0401) / 1-5-4(0.0381) / 5-1-4(0.0347) / 2-1-5(0.0340) / 5-2-1(0.0322) / 1-4-5(0.0320) / 2-5-1(0.0299) / 4-1-5(0.0261)
2025-02-07,2,2-5-4,2-5-3,0.024852160596825927,False,2-5-3(0.0249) / 2-3-5(0.0241) / 2-5-1(0.0223) / 2-5-4(0.0222) / 5-2-3(0.0211) / 2-1-5(0.0210) / 2-4-5(0.0208) / 3-2-5(0.0201) / 2-3-1(0.0197) / 2-3-4(0.0196)
2025-02-07,3,1-3-6,6-2-3,0.10982921842792656,False,6-2-3(0.1098) / 2-6-3(0.0798) / 6-3-2(0.0726) / 6-2-4(0.0656) / 2-6-4(0.0477) / 3-6-2(0.0445) / 6-4-2(0.0385) / 2-3-6(0.0353) / 3-2-6(0.0298) / 6-2-5(0.0281)
2025-02-07,4,4-6-5,3-4-5,0.024834336342627363,False,3-4-5(0.0248) / 4-3-5(0.0230) / 3-5-4(0.0219) / 3-4-1(0.0217) / 4-3-1(0.0201) / 3-4-2(0.0191) / 5-3-4(0.0187) / 3-1-4(0.0185) / 4-5-3(0.0185) / 4-3-2(0.0177)
2025-02-07,5,5-6-1,6-5-3,0.05244519752688079,False,6-5-3(0.0524) / 6-3-5(0.0510) / 6-5-1(0.0441) / 6-1-5(0.0406) / 6-3-1(0.0396) / 6-1-3(0.0376) / 5-6-3(0.0285) / 3-6-5(0.0274) / 6-5-2(0.0274) / 6-3-2(0.0246)
2025-02-07,6,1-4-6,5-4-6,0.11121172323747577,False,5-4-6(0.1112) / 5-4-1(0.1092) / 5-4-3(0.0877) / 5-4-2(0.0736) / 4-5-6(0.0512) / 5-6-4(0.0507) / 4-5-1(0.0503) / 5-1-4(0.0497) / 4-5-3(0.0404) / 5-3-4(0.0389)
2025-02-08,1,1-2-6,3-4-1,0.094293552342104,False,3-4-1(0.0943) / 3-1-4(0.0776) / 3-4-5(0.0611) / 4-3-1(0.0525) / 3-4-6(0.0475) / 3-5-4(0.0446) / 1-3-4(0.0403) / 4-3-5(0.0341) / 3-1-5(0.0337) / 3-6-4(0.0331)
2025-02-08,2,1-2-3,3-2-1,0.1090598713755411,False,3-2-1(0.1091) / 2-3-1(0.1089) / 3-2-4(0.0900) / 2-3-4(0.0898) / 3-2-6(0.0869) / 2-3-6(0.0868) / 3-1-2(0.0317) / 2-1-3(0.0316) / 3-2-5(0.0266) / 2-3-5(0.0266)
2025-02-08,3,1-2-3,5-1-4,0.10864667522785273,False,5-1-4(0.1086) / 1-5-4(0.0872) / 5-4-1(0.0671) / 5-1-3(0.0465) / 4-5-1(0.0435) / 1-4-5(0.0408) / 5-1-2(0.0386) / 1-5-3(0.0373) / 5-1-6(0.0336) / 4-1-5(0.0330)
2025-02-08,4,1-2-3,2-4-3,0.13736349290582392,False,2-4-3(0.1374) / 2-3-4(0.1264) / 4-2-3(0.0713) / 3-2-4(0.0639) / 2-4-1(0.0423) / 2-3-1(0.0340) / 2-4-6(0.0309) / 2-1-4(0.0283) / 4-3-2(0.0270) / 3-4-2(0.0263)
2025-02-08,5,4-2-6,4-3-5,0.034153924072982206,False,4-3-5(0.0342) / 4-5-3(0.0338) / 3-4-5(0.0311) / 5-4-3(0.0306) / 3-5-4(0.0271) / 5-3-4(0.0269) / 4-3-6(0.0200) / 4-5-6(0.0193) / 3-4-6(0.0182) / 4-3-1(0.0181)
2025-02-08,6,4-5-1,2-1-5,0.1494571672475453,False,2-1-5(0.1495) / 1-2-5(0.1064) / 2-5-1(0.0912) / 5-2-1(0.0538) / 2-1-6(0.0459) / 1-5-2(0.0420) / 2-1-3(0.0405) / 5-1-2(0.0348) / 1-2-6(0.0327) / 2-1-4(0.0301)
2025-02-08,7,2-1-4,6-5-1,0.06730557286678014,False,6-5-1(0.0673) / 6-5-2(0.0533) / 6-1-5(0.0526) / 5-6-1(0.0500) / 5-6-2(0.0395) / 6-2-5(0.0391) / 1-6-5(0.0347) / 5-1-6(0.0269) / 6-5-3(0.0264) / 2-6-5(0.0250)
2025-02-08,8,3-1-2,1-3-6,0.09101944685489914,False,1-3-6(0.0910) / 1-6-3(0.0893) / 3-1-6(0.0508) / 6-1-3(0.0495) / 1-3-5(0.0460) / 1-6-5(0.0435) / 1-3-2(0.0395) / 1-6-2(0.0374) / 1-5-3(0.0363) / 1-5-6(0.0350)
2025-02-08,9,1-3-2,3-1-6,0.1072211308197533,False,3-1-6(0.1072) / 3-1-5(0.0993) / 1-3-6(0.0939) / 1-3-5(0.0870) / 3-1-2(0.0743) / 1-3-2(0.0651) / 3-1-4(0.0491) / 1-3-4(0.0430) / 3-6-1(0.0337) / 3-5-1(0.0309)
2025-02-08,10,1-4-5,1-3-5,0.04535515582669593,False,1-3-5(0.0454) / 1-3-2(0.0450) / 1-5-3(0.0419) / 1-2-3(0.0415) / 1-3-4(0.0366) / 1-5-2(0.0328) / 1-2-5(0.0327) / 1-4-3(0.0321) / 1-5-4(0.0266) / 1-2-4(0.0263)
2025-02-08,11,3-1-5,2-3-5,0.0423209875922913,False,2-3-5(0.0423) / 3-2-5(0.0401) / 2-5-3(0.0381) / 5-2-3(0.0339) / 3-5-2(0.0336) / 5-3-2(0.0315) / 2-3-6(0.0267) / 3-2-6(0.0254) / 2-6-3(0.0211) / 2-5-6(0.0192)
2025-02-09,2,1-3-2,4-1-3,0.09027572345482313,False,4-1-3(0.0903) / 1-4-3(0.0841) / 4-3-1(0.0579) / 1-3-4(0.0492) / 4-1-2(0.0430) / 3-4-1(0.0430) / 1-4-2(0.0401) / 3-1-4(0.0392) / 4-1-6(0.0309) / 1-4-6(0.0288)
2025-02-09,3,1-2-3,4-6-5,0.04835624627876967,False,4-6-5(0.0484) / 4-6-2(0.0483) / 4-5-6(0.0451) / 4-2-6(0.0451) / 4-5-2(0.0372) / 4-2-5(0.0372) / 4-6-3(0.0356) / 4-3-6(0.0306) / 6-4-5(0.0294) / 6-4-2(0.0294)
2025-02-09,4,2-1-4,4-3-5,0.08751061210746831,False,4-3-5(0.0875) / 3-4-5(0.0796) / 4-5-3(0.0708) / 5-4-3(0.0576) / 3-5-4(0.0563) / 5-3-4(0.0503) / 4-3-2(0.0340) / 3-4-2(0.0309) / 4-2-3(0.0215) / 4-5-2(0.0194)
2025-02-09,5,2-1-5,2-3-5,0.09867278707320591,False,2-3-5(0.0987) / 2-5-3(0.0925) / 3-2-5(0.0516) / 2-3-4(0.0495) / 5-2-3(0.0473) / 2-5-4(0.0408) / 2-4-3(0.0378) / 2-4-5(0.0332) / 2-3-6(0.0269) / 3-2-4(0.0259)
2025-02-09,6,2-6-3,3-6-5,0.049552592974683694,False,3-6-5(0.0496) / 6-3-5(0.0475) / 3-5-6(0.0408) / 6-5-3(0.0369) / 5-3-6(0.0347) / 3-6-2(0.0339) / 5-6-3(0.0328) / 6-3-2(0.0324) / 3-2-6(0.0251) / 6-2-3(0.0229)
2025-02-09,7,1-2-4,5-4-1,0.10210922386223263,False,5-4-1(0.1021) / 4-5-1(0.0802) / 5-1-4(0.0775) / 1-5-4(0.0536) / 4-1-5(0.0441) / 1-4-5(0.0388) / 5-4-2(0.0377) / 5-4-3(0.0344) / 4-5-2(0.0297) / 4-5-3(0.0270)
2025-02-09,8,1-3-4,3-1-4,0.05037917834523262,False,3-1-4(0.0504) / 3-1-2(0.0498) / 3-4-1(0.0413) / 3-2-1(0.0407) / 3-1-5(0.0370) / 3-1-6(0.0327) / 1-3-4(0.0305) / 1-3-2(0.0301) / 3-5-1(0.0285) / 3-6-1(0.0247)
2025-02-09,9,1-5-2,5-1-6,0.05059735747034829,False,5-1-6(0.0506) / 5-6-1(0.0486) / 5-1-4(0.0369) / 1-5-6(0.0348) / 6-5-1(0.0328) / 5-4-1(0.0322) / 5-6-4(0.0321) / 5-4-6(0.0292) / 1-5-4(0.0254) / 5-1-3(0.0252)
2025-02-09,10,1-2-3,1-6-2,0.08644758393593079,False,1-6-2(0.0864) / 6-1-2(0.0787) / 1-2-6(0.0726) / 2-1-6(0.0602) / 6-2-1(0.0577) / 2-6-1(0.0525) / 1-6-5(0.0323) / 6-1-5(0.0294) / 1-6-3(0.0254) / 6-1-3(0.0231)
2025-02-09,11,2-1-4,4-6-1,0.1397009630634772,False,4-6-1(0.1397) / 6-4-1(0.1153) / 4-6-2(0.0810) / 6-4-2(0.0669) / 4-6-3(0.0603) / 4-1-6(0.0568) / 6-4-3(0.0498) / 6-1-4(0.0374) / 1-4-6(0.0331) / 4-2-6(0.0305)
2025-02-10,2,1-4-5,2-6-3,0.08969136505461965,False,2-6-3(0.0897) / 2-6-4(0.0705) / 2-3-6(0.0636) / 2-6-1(0.0611) / 2-4-6(0.0475) / 6-2-3(0.0433) / 2-1-6(0.0402) / 2-6-5(0.0374) / 6-2-4(0.0340) / 6-2-1(0.0295)
2025-02-10,3,2-4-5,5-6-2,0.06678309244652861,False,5-6-2(0.0668) / 5-2-6(0.0608) / 6-5-2(0.0483) / 2-5-6(0.0420) / 5-6-3(0.0376) / 5-3-6(0.0291) / 6-2-5(0.0285) / 5-2-3(0.0280) / 2-6-5(0.0273) / 6-5-3(0.0272)
2025-02-10,4,1-4-6,5-1-2,0.047490383809765245,False,5-1-2(0.0475) / 1-5-2(0.0413) / 5-1-6(0.0404) / 5-1-3(0.0398) / 5-2-1(0.0374) / 1-5-6(0.0351) / 1-5-3(0.0346) / 5-6-1(0.0306) / 5-3-1(0.0300) / 2-5-1(0.0284)
2025-02-10,5,1-2-4,3-6-4,0.04860620521528177,False,3-6-4(0.0486) / 3-4-6(0.0452) / 6-3-4(0.0422) / 4-3-6(0.0376) / 3-6-5(0.0343) / 6-4-3(0.0324) / 4-6-3(0.0310) / 6-3-5(0.0298) / 3-5-6(0.0284) / 3-4-5(0.0271)
2025-02-10,6,4-1-5,4-5-1,0.08696667870441462,False,4-5-1(0.0870) / 4-1-5(0.0825) / 5-4-1(0.0685) / 1-4-5(0.0633) / 5-1-4(0.0459) / 1-5-4(0.0448) / 4-5-3(0.0358) / 4-1-3(0.0310) / 5-4-3(0.0282) / 4-3-5(0.0257)
2025-02-10,7,1-2-4,2-5-1,0.0731892306589115,False,2-5-1(0.0732) / 5-2-1(0.0731) / 2-1-5(0.0666) / 5-1-2(0.0663) / 1-2-5(0.0628) / 1-5-2(0.0626) / 2-5-6(0.0208) / 5-2-6(0.0208) / 2-1-6(0.0163) / 5-1-6(0.0161)
2025-02-10,8,1-3-4,3-4-2,0.07757110780930511,False,3-4-2(0.0776) / 3-2-4(0.0553) / 3-4-1(0.0517) / 4-3-2(0.0515) / 3-4-5(0.0416) / 3-4-6(0.0399) / 4-3-1(0.0343) / 3-1-4(0.0339) / 2-3-4(0.0320) / 4-3-5(0.0276)
2025-02-10,9,1-2-3,1-2-3,0.05565576847394494,True,1-2-3(0.0557) / 2-1-3(0.0499) / 1-3-2(0.0488) / 3-1-2(0.0406) / 2-3-1(0.0378) / 1-2-4(0.0366) / 3-2-1(0.0350) / 2-1-4(0.0329) / 1-4-2(0.0283) / 1-2-6(0.0259)
2025-02-10,10,1-2-4,2-3-6,0.11130417099860643,False,2-3-6(0.1113) / 2-6-3(0.1000) / 3-2-6(0.0718) / 6-2-3(0.0618) / 2-3-1(0.0415) / 3-6-2(0.0353) / 6-3-2(0.0338) / 2-6-1(0.0310) / 2-1-3(0.0283) / 3-2-1(0.0268)
2025-02-10,11,1-3-4,3-5-2,0.03396400625106785,False,3-5-2(0.0340) / 3-2-5(0.0340) / 5-3-2(0.0321) / 2-3-5(0.0321) / 5-2-3(0.0297) / 2-5-3(0.0297) / 3-5-1(0.0226) / 3-2-1(0.0226) / 5-3-1(0.0214) / 2-3-1(0.0214)
2025-02-10,12,1-4-5,6-1-2,0.05485077100385696,False,6-1-2(0.0549) / 6-1-5(0.0532) / 6-2-1(0.0490) / 6-5-1(0.0470) / 1-6-2(0.0405) / 1-6-5(0.0392) / 6-2-5(0.0365) / 6-5-2(0.0361) / 2-6-1(0.0342) / 5-6-1(0.0326)
2025-02-13,2,1-3-2,4-2-3,0.06157435463906846,False,4-2-3(0.0616) / 4-3-2(0.0597) / 2-4-3(0.0434) / 3-4-2(0.0415) / 4-2-6(0.0364) / 4-2-1(0.0344) / 4-3-6(0.0330) / 4-3-1(0.0312) / 4-6-2(0.0300) / 4-6-3(0.0281)
2025-02-13,3,2-6-4,3-5-1,0.04223432140937983,False,3-5-1(0.0422) / 5-3-1(0.0397) / 3-1-5(0.0364) / 3-5-6(0.0359) / 5-3-6(0.0337) / 5-1-3(0.0315) / 1-3-5(0.0312) / 3-6-5(0.0294) / 1-5-3(0.0287) / 5-6-3(0.0255)
2025-02-13,4,1-3-2,5-6-1,0.17481796248215417,False,5-6-1(0.1748) / 6-5-1(0.1585) / 5-1-6(0.1301) / 1-5-6(0.1032) / 6-1-5(0.1012) / 1-6-5(0.0885) / 5-6-3(0.0158) / 6-5-3(0.0143) / 5-6-2(0.0109) / 6-5-2(0.0099)
2025-02-13,5,2-5-6,2-6-4,0.0787345040969547,False,2-6-4(0.0787) / 2-4-6(0.0719) / 2-6-1(0.0617) / 2-1-6(0.0524) / 2-4-1(0.0451) / 2-1-4(0.0420) / 2-6-3(0.0344) / 2-6-5(0.0329) / 6-2-4(0.0314) / 4-2-6(0.0280)
2025-02-13,6,1-4-3,4-2-5,0.04349015208449744,False,4-2-5(0.0435) / 4-5-2(0.0407) / 4-2-1(0.0394) / 4-2-3(0.0370) / 4-2-6(0.0365) / 4-1-2(0.0360) / 4-3-2(0.0333) / 4-6-2(0.0328) / 4-5-1(0.0295) / 4-1-5(0.0288)
2025-02-13,7,1-4-2,4-5-2,0.05624430776034316,False,4-5-2(0.0562) / 4-5-3(0.0553) / 4-5-6(0.0455) / 4-2-5(0.0405) / 4-3-5(0.0397) / 5-4-2(0.0384) / 5-4-3(0.0378) / 4-5-1(0.0323) / 4-6-5(0.0314) / 5-4-6(0.0311)
2025-02-13,8,1-2-4,4-1-2,0.23464111816906422,False,4-1-2(0.2346) / 1-4-2(0.1421) / 4-2-1(0.1074) / 4-1-5(0.0946) / 1-4-5(0.0573) / 2-4-1(0.0519) / 4-5-1(0.0368) / 1-2-4(0.0353) / 4-1-3(0.0321) / 2-1-4(0.0281)
2025-02-13,9,1-6-3,2-3-1,0.07950518318442971,False,2-3-1(0.0795) / 3-2-1(0.0754) / 2-1-3(0.0632) / 3-1-2(0.0556) / 1-2-3(0.0527) / 1-3-2(0.0489) / 2-3-5(0.0274) / 3-2-5(0.0260) / 2-3-6(0.0220) / 3-2-6(0.0209)
2025-02-13,10,1-4-5,5-1-2,0.041822441642945025,False,5-1-2(0.0418) / 1-5-2(0.0375) / 5-2-1(0.0355) / 5-1-4(0.0297) / 2-5-1(0.0288) / 1-2-5(0.0276) / 1-5-4(0.0266) / 2-1-5(0.0250) / 5-1-6(0.0234) / 5-4-1(0.0231)
2025-02-13,11,2-3-4,3-1-2,0.05359049886890277,False,3-1-2(0.0536) / 3-1-5(0.0468) / 1-3-2(0.0455) / 3-2-1(0.0452) / 1-3-5(0.0397) / 3-5-1(0.0378) / 2-3-1(0.0350) / 1-2-3(0.0310) / 5-3-1(0.0285) / 2-1-3(0.0282)
2025-02-13,12,1-5-3,2-6-1,0.04743732358041912,False,2-6-1(0.0474) / 2-1-6(0.0455) / 6-2-1(0.0420) / 1-2-6(0.0394) / 2-6-4(0.0345) / 6-1-2(0.0340) / 1-6-2(0.0332) / 6-2-4(0.0306) / 2-1-4(0.0304) / 2-4-6(0.0296)
2025-02-14,2,3-6-2,5-3-4,0.0613276946160869,False,5-3-4(0.0613) / 5-3-2(0.0568) / 5-3-1(0.0549) / 5-3-6(0.0482) / 3-5-4(0.0403) / 5-4-3(0.0399) / 3-5-2(0.0373) / 5-2-3(0.0365) / 3-5-1(0.0360) / 5-1-3(0.0350)
2025-02-14,3,1-4-2,2-6-3,0.05483779329434774,False,2-6-3(0.0548) / 6-2-3(0.0503) / 2-3-6(0.0422) / 2-6-4(0.0409) / 6-2-4(0.0375) / 6-3-2(0.0346) / 3-2-6(0.0333) / 2-6-5(0.0304) / 3-6-2(0.0298) / 2-4-6(0.0292)
2025-02-14,4,1-5-6,5-6-2,0.11894565116916005,False,5-6-2(0.1189) / 6-5-2(0.1085) / 5-6-3(0.0773) / 5-2-6(0.0723) / 6-5-3(0.0705) / 6-2-5(0.0585) / 2-5-6(0.0521) / 2-6-5(0.0462) / 5-3-6(0.0420) / 6-3-5(0.0344)
2025-02-14,5,1-2-3,3-4-5,0.11133475707243255,False,3-4-5(0.1113) / 3-5-4(0.0934) / 3-4-2(0.0836) / 3-2-4(0.0644) / 3-4-1(0.0639) / 3-5-2(0.0485) / 3-1-4(0.0465) / 3-2-5(0.0445) / 4-3-5(0.0409) / 3-5-1(0.0370)
2025-02-14,6,1-3-6,1-3-2,0.11395865098229672,False,1-3-2(0.1140) / 1-3-6(0.1008) / 3-1-2(0.0688) / 1-2-3(0.0671) / 3-1-6(0.0609) / 1-3-4(0.0579) / 1-6-3(0.0578) / 3-1-4(0.0350) / 2-1-3(0.0338) / 1-4-3(0.0305)
2025-02-14,7,2-6-1,5-2-1,0.021662865844913667,False,5-2-1(0.0217) / 5-1-2(0.0209) / 5-2-6(0.0202) / 5-6-2(0.0192) / 2-5-1(0.0189) / 1-5-2(0.0179) / 2-5-6(0.0177) / 5-1-6(0.0174) / 5-6-1(0.0171) / 6-5-2(0.0162)
2025-02-14,8,1-2-4,4-1-5,0.11711081750158817,False,4-1-5(0.1171) / 4-1-2(0.1081) / 1-4-5(0.0817) / 1-4-2(0.0754) / 4-5-1(0.0638) / 4-2-1(0.0578) / 4-1-3(0.0427) / 5-4-1(0.0353) / 2-4-1(0.0318) / 1-4-3(0.0298)
2025-02-14,9,3-4-6,6-4-1,0.0460116604147638,False,6-4-1(0.0460) / 6-1-4(0.0445) / 6-4-3(0.0418) / 6-3-4(0.0391) / 6-1-3(0.0368) / 6-3-1(0.0357) / 4-6-1(0.0297) / 1-6-4(0.0283) / 4-6-3(0.0270) / 6-4-5(0.0263)
2025-02-14,10,1-6-2,2-5-3,0.0863585005741114,False,2-5-3(0.0864) / 2-3-5(0.0665) / 5-2-3(0.0634) / 2-5-6(0.0501) / 3-2-5(0.0434) / 2-5-1(0.0403) / 5-2-6(0.0368) / 2-6-5(0.0336) / 5-3-2(0.0328) / 5-2-1(0.0296)
2025-02-14,11,1-4-3,1-4-2,0.17916286632942943,False,1-4-2(0.1792) / 1-4-6(0.1217) / 1-2-4(0.1039) / 1-4-5(0.0736) / 1-4-3(0.0681) / 1-6-4(0.0657) / 1-5-4(0.0375) / 1-3-4(0.0345) / 4-1-2(0.0325) / 1-2-6(0.0253)
2025-02-14,12,2-1-3,5-4-1,0.057539702813320506,False,5-4-1(0.0575) / 5-4-2(0.0570) / 5-1-4(0.0453) / 5-2-4(0.0448) / 5-4-6(0.0410) / 4-5-1(0.0345) / 4-5-2(0.0342) / 5-4-3(0.0309) / 5-6-4(0.0302) / 1-5-4(0.0246)
2025-02-15,1,1-4-5,4-1-2,0.1476936322603177,False,4-1-2(0.1477) / 4-2-1(0.1187) / 4-1-3(0.1027) / 4-3-1(0.0735) / 4-2-3(0.0555) / 1-4-2(0.0536) / 4-3-2(0.0494) / 2-4-1(0.0410) / 1-4-3(0.0373) / 4-1-5(0.0325)
2025-02-15,2,1-5-3,2-6-5,0.04639619816560208,False,2-6-5(0.0464) / 6-2-5(0.0417) / 2-5-6(0.0384) / 2-6-4(0.0308) / 5-2-6(0.0308) / 6-5-2(0.0300) / 6-2-4(0.0277) / 5-6-2(0.0268) / 2-6-1(0.0239) / 2-4-6(0.0230)
2025-02-15,3,3-2-5,3-6-1,0.24763935060731823,False,3-6-1(0.2476) / 3-6-5(0.1047) / 3-6-2(0.0966) / 6-3-1(0.0957) / 3-6-4(0.0873) / 3-1-6(0.0655) / 6-3-5(0.0405) / 6-3-2(0.0373) / 6-3-4(0.0337) / 3-5-6(0.0259)
2025-02-15,4,1-3-6,3-2-6,0.09564599506519428,False,3-2-6(0.0956) / 3-6-2(0.0769) / 3-2-1(0.0582) / 2-3-6(0.0579) / 6-3-2(0.0429) / 3-1-2(0.0410) / 3-2-5(0.0382) / 2-3-1(0.0353) / 3-6-1(0.0305) / 3-1-6(0.0267)
2025-02-15,5,2-4-6,5-6-2,0.06282251911677611,False,5-6-2(0.0628) / 6-5-2(0.0559) / 5-2-6(0.0472) / 6-2-5(0.0361) / 2-5-6(0.0360) / 5-6-4(0.0336) / 5-6-3(0.0326) / 2-6-5(0.0309) / 6-5-4(0.0299) / 6-5-3(0.0290)
2025-02-15,6,3-1-6,4-3-1,0.10713120117787536,False,4-3-1(0.1071) / 3-4-1(0.1029) / 4-1-3(0.0803) / 3-1-4(0.0728) / 1-4-3(0.0663) / 1-3-4(0.0625) / 4-3-2(0.0431) / 3-4-2(0.0414) / 4-2-3(0.0252) / 3-2-4(0.0231)
2025-02-15,7,1-3-4,2-4-1,0.06155127195281894,False,2-4-1(0.0616) / 2-4-3(0.0560) / 2-1-4(0.0523) / 2-3-4(0.0463) / 4-2-1(0.0437) / 4-2-3(0.0397) / 1-2-4(0.0344) / 2-1-3(0.0329) / 2-3-1(0.0319) / 3-2-4(0.0299)
2025-02-15,8,1-2-4,4-1-6,0.07963264380727544,False,4-1-6(0.0796) / 4-6-1(0.0745) / 4-1-2(0.0712) / 4-2-1(0.0636) / 4-6-2(0.0585) / 4-2-6(0.0558) / 1-4-6(0.0548) / 6-4-1(0.0498) / 1-4-2(0.0490) / 2-4-1(0.0415)
2025-02-15,9,3-5-1,6-3-4,0.07091578457914541,False,6-3-4(0.0709) / 6-4-3(0.0683) / 6-3-2(0.0521) / 6-2-3(0.0462) / 6-4-2(0.0450) / 6-3-5(0.0435) / 6-3-1(0.0424) / 6-2-4(0.0415) / 6-4-5(0.0376) / 6-5-3(0.0372)
2025-02-15,10,1-4-5,1-2-5,0.12530000154495158,False,1-2-5(0.1253) / 1-5-2(0.1088) / 1-2-6(0.0892) / 1-6-2(0.0699) / 1-2-3(0.0605) / 1-5-6(0.0573) / 1-6-5(0.0517) / 1-3-2(0.0440) / 1-5-3(0.0388) / 1-3-5(0.0325)
2025-02-15,11,1-3-5,1-6-2,0.10779478157296618,False,1-6-2(0.1078) / 1-2-6(0.0895) / 6-1-2(0.0582) / 1-6-3(0.0519) / 2-1-6(0.0454) / 1-6-4(0.0406) / 1-3-6(0.0358) / 1-2-3(0.0302) / 6-1-3(0.0280) / 1-4-6(0.0270)
2025-02-15,12,1-4-5,1-5-4,0.04575112978533308,False,1-5-4(0.0458) / 5-1-4(0.0420) / 1-4-5(0.0404) / 4-1-5(0.0344) / 5-4-1(0.0331) / 4-5-1(0.0307) / 1-5-2(0.0305) / 5-1-2(0.0280) / 1-2-5(0.0240) / 1-4-2(0.0205)
2025-02-16,2,5-3-2,5-3-2,0.12467567561047697,True,5-3-2(0.1247) / 5-2-3(0.0998) / 3-5-2(0.0828) / 2-5-3(0.0607) / 5-3-4(0.0562) / 3-2-5(0.0382) / 3-5-4(0.0373) / 5-3-1(0.0372) / 5-4-3(0.0360) / 2-3-5(0.0350)
2025-02-16,3,1-5-6,6-3-4,0.04571532032118071,False,6-3-4(0.0457) / 6-4-3(0.0415) / 6-3-1(0.0400) / 6-1-3(0.0349) / 6-3-2(0.0339) / 3-6-4(0.0333) / 3-6-1(0.0291) / 4-6-3(0.0288) / 6-2-3(0.0284) / 6-4-1(0.0283)
2025-02-16,4,2-3-1,2-3-6,0.194196696442651,False,2-3-6(0.1942) / 2-3-5(0.1001) / 2-6-3(0.0913) / 3-2-6(0.0776) / 2-3-1(0.0717) / 2-3-4(0.0511) / 2-5-3(0.0426) / 3-2-5(0.0400) / 6-2-3(0.0311) / 2-1-3(0.0296)
2025-02-16,5,1-4-2,2-4-1,0.0870263874231795,False,2-4-1(0.0870) / 2-4-5(0.0787) / 2-1-4(0.0682) / 2-5-4(0.0601) / 2-4-6(0.0466) / 2-4-3(0.0364) / 4-2-1(0.0357) / 2-1-5(0.0344) / 2-5-1(0.0335) / 2-6-4(0.0324)
2025-02-16,6,4-6-3,4-6-5,0.050833768073586943,False,4-6-5(0.0508) / 6-4-5(0.0460) / 4-5-6(0.0420) / 4-6-3(0.0398) / 6-4-3(0.0361) / 5-4-6(0.0341) / 6-5-4(0.0334) / 4-3-6(0.0307) / 5-6-4(0.0299) / 4-6-1(0.0290)
2025-02-16,7,1-2-6,1-2-3,0.06192879286110932,False,1-2-3(0.0619) / 1-2-6(0.0569) / 1-3-2(0.0552) / 2-1-3(0.0540) / 2-1-6(0.0495) / 1-6-2(0.0489) / 3-1-2(0.0451) / 1-3-6(0.0403) / 2-3-1(0.0397) / 6-1-2(0.0392)
2025-02-16,8,1-3-2,1-6-2,0.0563762416528429,False,1-6-2(0.0564) / 1-6-3(0.0555) / 1-2-6(0.0487) / 1-3-6(0.0477) / 1-6-4(0.0402) / 1-6-5(0.0393) / 1-4-6(0.0323) / 1-5-6(0.0315) / 1-2-3(0.0312) / 1-3-2(0.0310)
2025-02-16,9,1-3-2,5-1-2,0.09381531378977431,False,5-1-2(0.0938) / 5-2-1(0.0896) / 1-5-2(0.0606) / 2-5-1(0.0568) / 5-1-6(0.0561) / 5-2-6(0.0493) / 5-6-1(0.0445) / 5-6-2(0.0409) / 1-5-6(0.0362) / 1-2-5(0.0317)
2025-02-16,10,1-2-3,1-3-6,0.23505216891331335,False,1-3-6(0.2351) / 3-1-6(0.1385) / 1-6-3(0.0899) / 1-3-4(0.0809) / 1-3-5(0.0519) / 3-1-4(0.0476) / 6-1-3(0.0408) / 1-3-2(0.0316) / 3-1-5(0.0306) / 3-6-1(0.0286)
2025-02-16,11,5-6-1,6-1-4,0.08151749322612925,False,6-1-4(0.0815) / 1-6-4(0.0621) / 6-1-5(0.0582) / 6-4-1(0.0499) / 1-6-5(0.0444) / 6-1-3(0.0440) / 6-1-2(0.0403) / 1-6-3(0.0335) / 6-5-1(0.0335) / 1-6-2(0.0307)
2025-02-16,12,1-4-2,5-6-1,0.060987982885304846,False,5-6-1(0.0610) / 5-1-6(0.0579) / 5-6-2(0.0476) / 5-2-6(0.0419) / 5-1-2(0.0396) / 5-2-1(0.0368) / 6-5-1(0.0320) / 1-5-6(0.0299) / 5-6-4(0.0295) / 5-6-3(0.0251)
2025-02-17,1,3-5-4,6-3-5,0.054877232894800995,False,6-3-5(0.0549) / 6-5-3(0.0528) / 3-6-5(0.0497) / 5-6-3(0.0468) / 3-5-6(0.0415) / 5-3-6(0.0405) / 6-3-1(0.0283) / 3-6-1(0.0256) / 6-5-1(0.0252) / 5-6-1(0.0223)
2025-02-17,2,4-5-1,5-1-4,0.31141059699574847,False,5-1-4(0.3114) / 5-4-1(0.2116) / 5-1-3(0.0892) / 1-5-4(0.0721) / 4-5-1(0.0467) / 5-3-1(0.0449) / 5-4-3(0.0367) / 5-1-2(0.0288) / 5-3-4(0.0272) / 1-5-3(0.0206)
2025-02-17,3,3-1-5,5-3-6,0.12406339014396399,False,5-3-6(0.1241) / 5-3-4(0.1140) / 5-3-2(0.0968) / 5-6-3(0.0862) / 5-4-3(0.0777) / 5-2-3(0.0639) / 5-6-4(0.0352) / 5-4-6(0.0345) / 5-6-2(0.0299) / 5-2-6(0.0284)
2025-02-17,4,6-1-2,3-6-5,0.09242972051028842,False,3-6-5(0.0924) / 3-5-6(0.0688) / 6-3-5(0.0561) / 3-6-1(0.0491) / 3-6-4(0.0480) / 5-3-6(0.0373) / 3-6-2(0.0341) / 3-1-6(0.0319) / 3-4-6(0.0311) / 6-3-1(0.0298)
2025-02-17,5,3-6-5,6-5-1,0.07062124915132709,False,6-5-1(0.0706) / 5-6-1(0.0563) / 6-5-2(0.0550) / 6-1-5(0.0541) / 5-6-2(0.0438) / 6-2-5(0.0393) / 1-6-5(0.0378) / 5-1-6(0.0323) / 1-5-6(0.0283) / 2-6-5(0.0265)
2025-02-17,6,3-1-2,4-1-3,0.09500227427267967,False,4-1-3(0.0950) / 4-3-1(0.0939) / 1-4-3(0.0937) / 3-4-1(0.0920) / 1-3-4(0.0906) / 3-1-4(0.0900) / 4-1-2(0.0249) / 1-4-2(0.0246) / 4-3-2(0.0242) / 3-4-2(0.0237)
2025-02-17,7,5-2-6,6-4-1,0.10564253598094824,False,6-4-1(0.1056) / 6-4-2(0.0827) / 6-1-4(0.0741) / 4-6-1(0.0582) / 6-2-4(0.0546) / 6-4-5(0.0469) / 4-6-2(0.0455) / 1-6-4(0.0362) / 6-1-2(0.0286) / 6-5-4(0.0283)
2025-02-17,8,4-3-2,4-3-1,0.02606482605522401,False,4-3-1(0.0261) / 3-4-1(0.0260) / 4-1-3(0.0256) / 3-1-4(0.0256) / 4-3-2(0.0253) / 1-4-3(0.0253) / 3-4-2(0.0253) / 1-3-4(0.0253) / 4-2-3(0.0246) / 3-2-4(0.0246)
2025-02-17,9,1-3-4,2-1-4,0.21434113872335245,False,2-1-4(0.2143) / 1-2-4(0.1865) / 2-4-1(0.0875) / 1-4-2(0.0639) / 4-2-1(0.0543) / 2-1-6(0.0466) / 4-1-2(0.0456) / 1-2-6(0.0405) / 2-1-3(0.0368) / 1-2-3(0.0321)
2025-02-17,10,4-1-3,2-3-1,0.09205624858675591,False,2-3-1(0.0921) / 2-1-3(0.0754) / 2-3-5(0.0639) / 2-3-6(0.0478) / 2-5-3(0.0477) / 3-2-1(0.0392) / 2-3-4(0.0351) / 2-6-3(0.0340) / 2-1-5(0.0333) / 2-5-1(0.0304)
2025-02-17,11,1-4-2,1-2-5,0.06844567549595722,False,1-2-5(0.0684) / 1-5-2(0.0636) / 2-1-5(0.0458) / 5-1-2(0.0412) / 1-2-4(0.0318) / 1-2-3(0.0298) / 1-5-4(0.0252) / 1-2-6(0.0251) / 2-5-1(0.0250) / 1-4-2(0.0243)
2025-02-17,12,1-5-6,1-4-5,0.12022755628024152,False,1-4-5(0.1202) / 1-4-2(0.0817) / 4-1-5(0.0814) / 1-5-4(0.0635) / 4-1-2(0.0553) / 1-4-6(0.0449) / 1-4-3(0.0427) / 1-2-4(0.0403) / 5-1-4(0.0341) / 4-1-6(0.0304)
2025-02-18,1,1-3-6,3-1-6,0.11349891925660184,False,3-1-6(0.1135) / 3-6-1(0.1050) / 1-3-6(0.1039) / 6-3-1(0.0924) / 1-6-3(0.0833) / 6-1-3(0.0800) / 3-1-4(0.0293) / 1-3-4(0.0268) / 3-6-4(0.0244) / 6-3-4(0.0214)
2025-02-18,2,5-3-2,6-5-3,0.08473713634956788,False,6-5-3(0.0847) / 5-6-3(0.0716) / 6-3-5(0.0647) / 6-5-4(0.0549) / 3-6-5(0.0477) / 5-6-4(0.0464) / 5-3-6(0.0436) / 3-5-6(0.0381) / 6-4-5(0.0370) / 6-3-4(0.0257)
2025-02-18,3,4-6-2,4-5-3,0.10748183770696326,False,4-5-3(0.1075) / 4-5-2(0.0981) / 5-4-3(0.0857) / 5-4-2(0.0782) / 4-3-5(0.0575) / 4-2-5(0.0515) / 3-4-5(0.0352) / 5-3-4(0.0350) / 5-2-4(0.0314) / 2-4-5(0.0312)
2025-02-18,4,1-5-6,6-3-1,0.09989698919327743,False,6-3-1(0.0999) / 3-6-1(0.0960) / 6-1-3(0.0739) / 3-1-6(0.0672) / 1-6-3(0.0606) / 1-3-6(0.0572) / 6-3-5(0.0347) / 3-6-5(0.0333) / 6-3-4(0.0288) / 3-6-4(0.0277)
2025-02-18,5,6-2-1,2-6-1,0.22726050710037707,False,2-6-1(0.2273) / 2-6-3(0.1265) / 6-2-1(0.1032) / 2-6-5(0.0943) / 2-1-6(0.0769) / 6-2-3(0.0574) / 6-2-5(0.0428) / 2-3-6(0.0399) / 2-5-6(0.0291) / 1-2-6(0.0278)
2025-02-18,6,1-3-4,4-2-1,0.09635416955515187,False,4-2-1(0.0964) / 4-1-2(0.0723) / 2-4-1(0.0712) / 4-2-3(0.0675) / 2-4-3(0.0499) / 1-4-2(0.0470) / 4-3-2(0.0457) / 2-1-4(0.0361) / 4-2-5(0.0355) / 1-2-4(0.0318)
2025-02-18,7,4-6-1,6-4-5,0.06789836792938711,False,6-4-5(0.0679) / 4-6-5(0.0641) / 6-5-4(0.0488) / 6-4-1(0.0472) / 4-6-1(0.0446) / 4-5-6(0.0428) / 5-6-4(0.0383) / 5-4-6(0.0356) / 6-1-4(0.0309) / 4-1-6(0.0273)
2025-02-18,8,1-3-5,1-2-6,0.04275581327548951,False,1-2-6(0.0428) / 2-1-6(0.0406) / 1-2-4(0.0404) / 2-1-4(0.0383) / 1-2-5(0.0328) / 1-6-2(0.0316) / 2-1-5(0.0312) / 1-4-2(0.0294) / 2-6-1(0.0281) / 2-4-1(0.0262)
2025-02-19,1,2-1-3,5-2-6,0.11094799748324154,False,5-2-6(0.1109) / 5-6-2(0.1102) / 2-5-6(0.0973) / 6-5-2(0.0963) / 2-6-5(0.0778) / 6-2-5(0.0776) / 5-2-3(0.0188) / 5-6-3(0.0185) / 2-5-3(0.0165) / 6-5-3(0.0162)
2025-02-19,2,2-3-6,6-3-4,0.06796898475564407,False,6-3-4(0.0680) / 6-3-2(0.0647) / 6-4-3(0.0524) / 3-6-4(0.0508) / 6-2-3(0.0491) / 3-6-2(0.0483) / 4-6-3(0.0346) / 2-6-3(0.0322) / 6-4-2(0.0283) / 6-2-4(0.0279)
2025-02-19,3,1-3-4,5-1-3,0.2057030414934302,False,5-1-3(0.2057) / 5-1-4(0.1693) / 5-3-1(0.0971) / 1-5-3(0.0907) / 5-4-1(0.0767) / 1-5-4(0.0747) / 3-5-1(0.0361) / 4-5-1(0.0281) / 5-1-2(0.0279) / 5-3-4(0.0250)
2025-02-19,4,1-4-2,3-1-5,0.02152764893778132,False,3-1-5(0.0215) / 3-5-1(0.0204) / 1-3-5(0.0195) / 5-3-1(0.0179) / 3-1-2(0.0178) / 3-1-6(0.0171) / 1-5-3(0.0163) / 1-3-2(0.0161) / 3-2-1(0.0161) / 5-1-3(0.0157)
2025-02-19,5,4-3-6,4-3-1,0.0900441500982675,False,4-3-1(0.0900) / 4-3-6(0.0815) / 4-1-3(0.0628) / 3-4-1(0.0616) / 3-4-6(0.0558) / 4-6-3(0.0554) / 1-4-3(0.0370) / 4-3-5(0.0330) / 6-4-3(0.0322) / 4-1-6(0.0276)
2025-02-19,6,1-4-2,1-4-3,0.17788611665726714,False,1-4-3(0.1779) / 4-1-3(0.1221) / 1-3-4(0.0835) / 1-4-6(0.0595) / 1-4-2(0.0552) / 3-1-4(0.0444) / 4-1-6(0.0408) / 4-1-2(0.0379) / 4-3-1(0.0364) / 1-4-5(0.0330)
2025-02-19,7,1-2-3,6-4-1,0.08091585097732788,False,6-4-1(0.0809) / 6-1-4(0.0797) / 4-6-1(0.0661) / 1-6-4(0.0647) / 4-1-6(0.0482) / 1-4-6(0.0478) / 6-4-3(0.0337) / 6-1-3(0.0324) / 4-6-3(0.0275) / 1-6-3(0.0263)
2025-02-19,8,5-1-4,1-4-3,0.08147192959675484,False,1-4-3(0.0815) / 1-4-2(0.0721) / 1-4-5(0.0705) / 1-3-4(0.0688) / 1-2-4(0.0589) / 1-5-4(0.0573) / 1-3-2(0.0398) / 1-3-5(0.0390) / 1-2-3(0.0385) / 1-5-3(0.0375)
2025-02-19,9,1-4-3,2-1-6,0.02714089247042841,False,2-1-6(0.0271) / 1-2-6(0.0268) / 2-6-1(0.0233) / 2-1-4(0.0228) / 1-6-2(0.0225) / 1-2-4(0.0225) / 6-2-1(0.0206) / 2-1-3(0.0204) / 6-1-2(0.0203) / 1-2-3(0.0201)
2025-02-19,10,1-2-3,3-6-2,0.06800423163029819,False,3-6-2(0.0680) / 3-6-1(0.0673) / 3-6-4(0.0604) / 3-2-6(0.0512) / 3-1-6(0.0506) / 3-4-6(0.0443) / 6-3-2(0.0406) / 6-3-1(0.0401) / 6-3-4(0.0360) / 2-3-6(0.0273)
2025-02-19,11,2-1-4,4-2-1,0.1254952004877443,False,4-2-1(0.1255) / 4-2-3(0.1254) / 4-1-2(0.1123) / 4-3-2(0.1122) / 4-1-3(0.0891) / 4-3-1(0.0890) / 2-4-1(0.0315) / 2-4-3(0.0314) / 1-4-2(0.0276) / 3-4-2(0.0276)
2025-02-19,12,1-5-4,1-2-4,0.10069327594289172,False,1-2-4(0.1007) / 1-2-5(0.0970) / 1-2-3(0.0639) / 2-1-4(0.0625) / 2-1-5(0.0602) / 1-4-2(0.0539) / 1-5-2(0.0515) / 2-1-3(0.0396) / 1-2-6(0.0326) / 1-3-2(0.0320)
2025-02-23,1,4-1-6,4-1-2,0.14268785419786933,False,4-1-2(0.1427) / 4-2-1(0.1286) / 1-4-2(0.0713) / 2-4-1(0.0622) / 4-1-3(0.0432) / 4-2-3(0.0329) / 4-1-6(0.0303) / 4-3-1(0.0284) / 1-2-4(0.0253) / 4-1-5(0.0251)
2025-02-23,2,1-3-4,6-2-5,0.03791220313882435,False,6-2-5(0.0379) / 2-6-5(0.0378) / 6-5-2(0.0345) / 2-5-6(0.0342) / 5-6-2(0.0323) / 5-2-6(0.0321) / 6-2-1(0.0206) / 2-6-1(0.0206) / 6-2-4(0.0164) / 2-6-4(0.0164)
2025-02-23,3,1-4-2,4-6-5,0.04674173965806211,False,4-6-5(0.0467) / 4-5-6(0.0434) / 6-4-5(0.0410) / 5-4-6(0.0365) / 4-6-1(0.0323) / 6-5-4(0.0319) / 5-6-4(0.0305) / 6-4-1(0.0283) / 4-1-6(0.0267) / 4-5-1(0.0255)
2025-02-23,4,3-5-4,5-2-1,0.1697938296652818,False,5-2-1(0.1698) / 5-1-2(0.1180) / 2-5-1(0.0951) / 1-5-2(0.0589) / 5-2-4(0.0581) / 5-2-3(0.0562) / 2-5-4(0.0325) / 5-4-2(0.0318) / 2-5-3(0.0315) / 2-1-5(0.0313)
2025-02-23,5,2-6-4,4-5-2,0.11227046270021732,False,4-5-2(0.1123) / 4-2-5(0.1034) / 4-5-6(0.0788) / 4-6-5(0.0648) / 4-2-6(0.0606) / 4-6-2(0.0541) / 4-5-3(0.0523) / 4-2-3(0.0402) / 4-3-5(0.0397) / 4-3-2(0.0331)
2025-02-23,6,1-3-5,4-3-1,0.0529193661425394,False,4-3-1(0.0529) / 4-3-2(0.0488) / 3-4-1(0.0446) / 4-1-3(0.0432) / 3-4-2(0.0411) / 4-2-3(0.0389) / 1-4-3(0.0325) / 4-3-5(0.0307) / 3-1-4(0.0292) / 2-4-3(0.0289)
2025-02-23,7,3-2-6,6-3-1,0.19097135820997144,False,6-3-1(0.1910) / 3-6-1(0.0945) / 6-1-3(0.0860) / 6-3-2(0.0829) / 6-3-4(0.0690) / 6-3-5(0.0498) / 3-6-2(0.0410) / 1-6-3(0.0348) / 3-6-4(0.0342) / 6-2-3(0.0332)
2025-02-23,8,1-4-2,1-4-5,0.05354460728337993,False,1-4-5(0.0535) / 1-5-4(0.0504) / 1-4-2(0.0475) / 1-2-4(0.0428) / 4-1-5(0.0415) / 1-5-2(0.0390) / 5-1-4(0.0379) / 1-2-5(0.0373) / 4-1-2(0.0368) / 2-1-4(0.0313)
2025-02-23,9,4-1-6,4-1-2,0.0889782290032929,False,4-1-2(0.0890) / 4-1-5(0.0866) / 1-4-2(0.0618) / 1-4-5(0.0601) / 4-1-6(0.0596) / 4-2-1(0.0542) / 4-5-1(0.0524) / 1-4-6(0.0414) / 4-6-1(0.0338) / 2-4-1(0.0308)
2025-02-23,10,1-5-3,2-5-1,0.22249186050065803,False,2-5-1(0.2225) / 2-1-5(0.1594) / 2-5-6(0.0962) / 5-2-1(0.0794) / 2-6-5(0.0549) / 1-2-5(0.0532) / 2-1-6(0.0424) / 5-2-6(0.0343) / 2-6-1(0.0337) / 2-5-4(0.0237)
2025-02-23,11,1-3-4,1-6-3,0.11003621828737613,False,1-6-3(0.1100) / 1-6-2(0.0907) / 1-6-5(0.0845) / 1-3-6(0.0725) / 1-2-6(0.0575) / 1-5-6(0.0530) / 1-6-4(0.0384) / 6-1-3(0.0382) / 6-1-2(0.0315) / 6-1-5(0.0293)
2025-02-23,12,2-1-4,5-2-4,0.09487895897738964,False,5-2-4(0.0949) / 2-5-4(0.0802) / 5-2-6(0.0708) / 5-2-3(0.0690) / 2-5-6(0.0598) / 2-5-3(0.0583) / 5-4-2(0.0444) / 5-6-2(0.0318) / 2-4-5(0.0309) / 5-3-2(0.0309)
2025-02-24,1,1-3-5,2-1-4,0.06134658849243202,False,2-1-4(0.0613) / 2-1-6(0.0553) / 2-4-1(0.0539) / 2-6-1(0.0471) / 2-1-3(0.0456) / 2-3-1(0.0371) / 1-2-4(0.0354) / 2-4-6(0.0351) / 2-6-4(0.0341) / 1-2-6(0.0319)
2025-02-24,2,2-3-4,4-2-3,0.06704447297715903,False,4-2-3(0.0670) / 4-3-2(0.0614) / 2-4-3(0.0480) / 4-2-5(0.0443) / 3-4-2(0.0422) / 4-5-2(0.0357) / 4-3-5(0.0337) / 2-4-5(0.0318) / 4-2-6(0.0305) / 4-5-3(0.0296)
2025-02-24,3,1-6-4,3-6-5,0.08445633988350965,False,3-6-5(0.0845) / 3-6-1(0.0798) / 3-5-6(0.0749) / 3-1-6(0.0693) / 3-5-1(0.0538) / 3-1-5(0.0527) / 6-3-5(0.0395) / 6-3-1(0.0373) / 5-3-6(0.0337) / 1-3-6(0.0310)
2025-02-24,4,1-2-4,4-1-3,0.159122395521601,False,4-1-3(0.1591) / 4-1-5(0.1491) / 4-1-2(0.1133) / 4-1-6(0.0769) / 1-4-3(0.0628) / 1-4-5(0.0588) / 4-3-1(0.0490) / 4-5-1(0.0456) / 1-4-2(0.0447) / 4-2-1(0.0339)
2025-02-24,5,1-3-2,3-4-2,0.10888959685031639,False,3-4-2(0.1089) / 4-3-2(0.0974) / 3-2-4(0.0772) / 4-2-3(0.0592) / 2-3-4(0.0583) / 2-4-3(0.0500) / 3-4-5(0.0403) / 3-4-1(0.0381) / 4-3-5(0.0360) / 4-3-1(0.0341)
2025-02-24,6,5-4-6,4-1-3,0.12387162722760514,False,4-1-3(0.1239) / 4-3-1(0.1200) / 1-4-3(0.0784) / 3-4-1(0.0750) / 4-1-5(0.0469) / 4-3-5(0.0432) / 1-3-4(0.0393) / 3-1-4(0.0388) / 4-5-1(0.0329) / 4-5-3(0.0313)
2025-02-24,7,1-3-2,4-3-6,0.19161749918048201,False,4-3-6(0.1916) / 3-4-6(0.1476) / 4-6-3(0.0830) / 4-3-2(0.0620) / 3-4-2(0.0478) / 6-4-3(0.0474) / 4-3-1(0.0473) / 3-6-4(0.0464) / 3-4-1(0.0364) / 6-3-4(0.0345)
2025-02-24,8,1-2-5,1-4-3,0.12810114767331346,False,1-4-3(0.1281) / 1-4-2(0.1229) / 1-4-5(0.0780) / 1-3-4(0.0731) / 1-2-4(0.0695) / 4-1-3(0.0589) / 4-1-2(0.0565) / 1-5-4(0.0410) / 4-1-5(0.0358) / 3-1-4(0.0289)
2025-02-24,9,1-6-2,6-5-1,0.11248245952686187,False,6-5-1(0.1125) / 6-5-3(0.1088) / 6-1-5(0.0832) / 6-5-2(0.0817) / 6-3-5(0.0798) / 6-2-5(0.0563) / 6-1-3(0.0409) / 6-3-1(0.0405) / 5-6-1(0.0322) / 5-6-3(0.0311)
2025-02-24,10,1-3-6,2-6-3,0.07648078510776302,False,2-6-3(0.0765) / 2-3-6(0.0710) / 2-6-5(0.0589) / 2-5-6(0.0502) / 2-3-5(0.0462) / 2-5-3(0.0424) / 6-2-3(0.0409) / 3-2-6(0.0370) / 6-2-5(0.0315) / 2-6-4(0.0266)
2025-02-24,11,1-2-3,1-6-3,0.06897093984279103,False,1-6-3(0.0690) / 6-1-3(0.0590) / 1-3-6(0.0588) / 3-1-6(0.0461) / 6-3-1(0.0405) / 3-6-1(0.0372) / 1-6-2(0.0329) / 6-1-2(0.0282) / 1-2-6(0.0231) / 1-6-4(0.0219)
2025-02-24,12,3-5-4,1-3-2,0.1217630500138727,False,1-3-2(0.1218) / 3-1-2(0.1034) / 1-3-5(0.0769) / 1-2-3(0.0688) / 3-1-5(0.0653) / 3-2-1(0.0475) / 2-1-3(0.0454) / 1-5-3(0.0393) / 2-3-1(0.0369) / 3-5-1(0.0276)
2025-02-25,1,1-2-3,6-2-5,0.10362319692889865,False,6-2-5(0.1036) / 6-2-1(0.0894) / 6-2-4(0.0886) / 2-6-5(0.0627) / 2-6-1(0.0541) / 2-6-4(0.0536) / 6-5-2(0.0515) / 6-1-2(0.0434) / 6-4-2(0.0430) / 6-2-3(0.0339)
2025-02-25,2,4-2-6,3-4-2,0.17188439004887723,False,3-4-2(0.1719) / 3-4-5(0.1554) / 3-2-4(0.0741) / 3-4-6(0.0703) / 3-5-4(0.0660) / 4-3-2(0.0648) / 4-3-5(0.0586) / 3-4-1(0.0412) / 3-6-4(0.0276) / 4-3-6(0.0265)
2025-02-25,3,2-3-5,3-6-5,0.06796153383358766,False,3-6-5(0.0680) / 3-6-2(0.0642) / 3-5-6(0.0630) / 3-2-6(0.0586) / 3-6-1(0.0553) / 3-1-6(0.0487) / 3-5-2(0.0474) / 3-2-5(0.0466) / 3-5-1(0.0408) / 3-1-5(0.0388)
2025-02-25,4,5-1-2,5-6-2,0.04791785739781792,False,5-6-2(0.0479) / 5-2-6(0.0449) / 6-5-2(0.0437) / 2-5-6(0.0394) / 6-2-5(0.0360) / 2-6-5(0.0346) / 5-6-3(0.0328) / 6-5-3(0.0299) / 5-3-6(0.0270) / 5-2-3(0.0268)
2025-02-25,5,2-5-3,2-3-5,0.18778607604627215,False,2-3-5(0.1878) / 2-3-4(0.1693) / 3-2-5(0.1108) / 3-2-4(0.0999) / 2-3-1(0.0694) / 2-5-3(0.0575) / 2-4-3(0.0512) / 3-2-1(0.0409) / 5-2-3(0.0249) / 4-2-3(0.0221)
2025-02-25,6,1-3-2,3-4-1,0.07288497370686664,False,3-4-1(0.0729) / 3-1-4(0.0693) / 3-4-2(0.0478) / 3-4-6(0.0467) / 3-1-2(0.0404) / 3-2-4(0.0400) / 3-1-6(0.0395) / 3-6-4(0.0389) / 4-3-1(0.0377) / 3-2-1(0.0356)
2025-02-25,7,2-1-3,3-2-1,0.4180048260574709,False,3-2-1(0.4180) / 3-1-2(0.1587) / 2-3-1(0.1001) / 3-2-5(0.0709) / 3-2-4(0.0602) / 1-3-2(0.0341) / 3-5-2(0.0218) / 3-4-2(0.0184) / 2-3-5(0.0170) / 2-3-4(0.0144)
2025-02-25,8,1-4-2,1-2-4,0.10224920293678881,False,1-2-4(0.1022) / 1-2-6(0.0888) / 1-4-2(0.0705) / 1-2-5(0.0682) / 1-6-2(0.0592) / 2-1-4(0.0515) / 2-1-6(0.0448) / 1-5-2(0.0433) / 2-1-5(0.0344) / 4-1-2(0.0316)
2025-02-25,10,3-2-1,1-3-5,0.11599213950878808,False,1-3-5(0.1160) / 1-5-3(0.1063) / 3-1-5(0.0564) / 5-1-3(0.0503) / 1-3-2(0.0501) / 1-3-6(0.0413) / 1-5-2(0.0391) / 1-2-3(0.0361) / 1-5-6(0.0322) / 1-2-5(0.0307)
2025-02-25,11,1-5-3,1-4-2,0.0996454837467669,False,1-4-2(0.0996) / 1-4-6(0.0713) / 1-2-4(0.0705) / 1-4-5(0.0643) / 4-1-2(0.0521) / 1-6-4(0.0468) / 1-5-4(0.0415) / 4-1-6(0.0373) / 4-1-5(0.0336) / 2-1-4(0.0329)
2025-02-25,12,1-2-3,5-1-2,0.05920082813075589,False,5-1-2(0.0592) / 1-5-2(0.0498) / 5-2-1(0.0452) / 5-1-3(0.0443) / 1-5-3(0.0373) / 5-1-6(0.0335) / 2-5-1(0.0329) / 5-3-1(0.0315) / 1-2-5(0.0305) / 1-5-6(0.0281)
2025-02-26,1,3-4-1,3-4-2,0.13617508175749235,False,3-4-2(0.1362) / 3-2-4(0.1292) / 3-4-1(0.0817) / 3-2-1(0.0706) / 3-1-4(0.0641) / 3-1-2(0.0584) / 4-3-2(0.0533) / 2-3-4(0.0499) / 4-3-1(0.0320) / 3-4-5(0.0291)
2025-02-26,2,1-2-6,6-4-1,0.0573656820573356,False,6-4-1(0.0574) / 6-4-5(0.0548) / 6-1-4(0.0424) / 4-6-1(0.0422) / 4-6-5(0.0403) / 6-5-4(0.0401) / 6-4-3(0.0326) / 6-4-2(0.0303) / 1-6-4(0.0271) / 5-6-4(0.0254)
2025-02-26,3,5-4-2,6-5-1,0.08168369337465511,False,6-5-1(0.0817) / 6-5-4(0.0702) / 6-1-5(0.0701) / 6-4-5(0.0577) / 6-5-3(0.0467) / 6-1-4(0.0411) / 6-4-1(0.0394) / 6-3-5(0.0354) / 5-6-1(0.0308) / 6-5-2(0.0302)
2025-02-26,4,1-4-5,5-1-2,0.066368970408155,False,5-1-2(0.0664) / 5-1-4(0.0642) / 5-1-3(0.0631) / 1-5-2(0.0553) / 1-5-4(0.0535) / 1-5-3(0.0525) / 5-1-6(0.0356) / 5-2-1(0.0353) / 5-4-1(0.0340) / 5-3-1(0.0333)
2025-02-26,5,1-3-5,3-5-4,0.20668297586256698,False,3-5-4(0.2067) / 3-4-5(0.1703) / 3-5-1(0.1309) / 3-1-5(0.0917) / 3-4-1(0.0790) / 3-1-4(0.0672) / 5-3-4(0.0462) / 4-3-5(0.0371) / 5-3-1(0.0293) / 1-3-5(0.0195)
2025-02-26,6,1-2-3,1-3-4,0.13584560793573022,False,1-3-4(0.1358) / 3-1-4(0.1327) / 1-4-3(0.1002) / 3-4-1(0.0945) / 4-1-3(0.0840) / 4-3-1(0.0811) / 1-3-2(0.0292) / 3-1-2(0.0286) / 1-3-6(0.0167) / 3-1-6(0.0164)
2025-02-26,7,4-6-5,6-4-1,0.1093001564065989,False,6-4-1(0.1093) / 6-4-5(0.0960) / 6-4-3(0.0679) / 4-6-1(0.0641) / 6-1-4(0.0612) / 4-6-5(0.0563) / 6-5-4(0.0524) / 4-6-3(0.0398) / 6-3-4(0.0352) / 1-6-4(0.0295)
2025-02-26,8,1-2-4,1-6-2,0.10826989824107663,False,1-6-2(0.1083) / 1-2-6(0.1021) / 6-1-2(0.0783) / 2-1-6(0.0719) / 6-2-1(0.0460) / 2-6-1(0.0448) / 1-6-5(0.0407) / 1-2-5(0.0349) / 6-1-5(0.0294) / 1-5-6(0.0282)
2025-02-26,9,1-2-4,1-6-4,0.07198235046824913,False,1-6-4(0.0720) / 1-4-6(0.0711) / 1-6-2(0.0604) / 1-4-2(0.0579) / 1-2-6(0.0563) / 1-2-4(0.0546) / 1-6-3(0.0363) / 1-4-3(0.0348) / 1-3-6(0.0302) / 1-3-4(0.0293)
2025-02-26,10,1-6-4,4-2-3,0.019634182138824854,False,4-2-3(0.0196) / 4-2-1(0.0186) / 2-4-3(0.0185) / 4-2-6(0.0176) / 4-2-5(0.0175) / 2-4-1(0.0175) / 4-3-2(0.0174) / 2-4-6(0.0166) / 2-4-5(0.0165) / 4-1-2(0.0162)
2025-02-26,11,1-2-4,2-1-4,0.08243110561745177,False,2-1-4(0.0824) / 2-4-1(0.0813) / 2-1-3(0.0598) / 2-4-3(0.0572) / 2-3-1(0.0524) / 2-3-4(0.0508) / 1-2-4(0.0433) / 4-2-1(0.0425) / 1-2-3(0.0314) / 4-2-3(0.0299)
2025-02-26,12,1-4-5,1-4-2,0.2995267306618754,False,1-4-2(0.2995) / 1-4-3(0.1384) / 1-4-6(0.1287) / 1-2-4(0.1063) / 1-4-5(0.0678) / 1-3-4(0.0451) / 1-6-4(0.0417) / 4-1-2(0.0283) / 1-5-4(0.0213) / 4-1-3(0.0131)
2025-02-27,1,1-4-2,1-2-6,0.09485150947567403,False,1-2-6(0.0949) / 2-1-6(0.0793) / 1-2-4(0.0789) / 2-1-4(0.0660) / 1-6-2(0.0649) / 1-4-2(0.0512) / 6-1-2(0.0453) / 2-6-1(0.0430) / 6-2-1(0.0359) / 4-1-2(0.0347)
2025-02-27,2,1-2-4,2-4-6,0.05173497591934465,False,2-4-6(0.0517) / 2-4-3(0.0483) / 2-6-4(0.0450) / 2-3-4(0.0411) / 4-2-6(0.0411) / 4-2-3(0.0384) / 6-2-4(0.0332) / 2-6-3(0.0305) / 3-2-4(0.0300) / 2-3-6(0.0298)
2025-02-27,3,1-6-2,4-1-5,0.09065363939424216,False,4-1-5(0.0907) / 4-1-6(0.0815) / 4-5-1(0.0696) / 1-4-5(0.0641) / 4-6-1(0.0604) / 1-4-6(0.0577) / 5-4-1(0.0439) / 4-5-6(0.0377) / 6-4-1(0.0375) / 4-6-5(0.0364)
2025-02-27,4,4-5-2,4-5-2,0.2765012836772742,True,4-5-2(0.2765) / 4-2-5(0.1838) / 5-4-2(0.1029) / 2-4-5(0.0631) / 4-5-3(0.0484) / 4-5-1(0.0412) / 4-3-5(0.0230) / 5-2-4(0.0195) / 4-1-5(0.0194) / 4-2-3(0.0190)
2025-02-27,5,2-3-1,3-6-2,0.06951014722319736,False,3-6-2(0.0695) / 3-2-6(0.0563) / 3-6-1(0.0519) / 6-3-2(0.0412) / 3-6-4(0.0397) / 3-1-6(0.0392) / 3-6-5(0.0310) / 6-3-1(0.0308) / 2-3-6(0.0307) / 3-4-6(0.0285)
2025-02-27,6,1-3-5,3-1-4,0.13295914551673102,False,3-1-4(0.1330) / 3-4-1(0.1089) / 1-3-4(0.0714) / 4-3-1(0.0548) / 3-1-2(0.0448) / 3-1-5(0.0400) / 3-2-1(0.0283) / 3-1-6(0.0269) / 3-4-2(0.0260) / 1-4-3(0.0260)
2025-02-27,7,6-3-4,6-2-3,0.10349106312052092,False,6-2-3(0.1035) / 6-3-2(0.0894) / 2-6-3(0.0786) / 3-6-2(0.0634) / 6-2-1(0.0620) / 2-6-1(0.0470) / 2-3-6(0.0460) / 6-1-2(0.0446) / 3-2-6(0.0430) / 6-3-1(0.0420)
2025-02-27,8,2-1-3,5-2-4,0.12683702903875663,False,5-2-4(0.1268) / 5-4-2(0.1036) / 5-2-1(0.0771) / 2-5-4(0.0667) / 5-1-2(0.0539) / 4-5-2(0.0511) / 5-4-1(0.0440) / 2-5-1(0.0405) / 5-2-3(0.0380) / 5-1-4(0.0377)
2025-02-27,9,1-5-3,6-1-5,0.15285071676270953,False,6-1-5(0.1529) / 6-1-2(0.1070) / 6-5-1(0.0807) / 1-6-5(0.0717) / 6-1-3(0.0560) / 6-2-1(0.0529) / 1-6-2(0.0502) / 6-1-4(0.0426) / 5-6-1(0.0321) / 1-6-3(0.0262)
2025-02-27,10,1-4-3,2-5-1,0.05739874157551255,False,2-5-1(0.0574) / 2-1-5(0.0501) / 2-5-3(0.0419) / 5-2-1(0.0371) / 2-3-5(0.0337) / 1-2-5(0.0305) / 2-5-6(0.0305) / 2-5-4(0.0283) / 5-2-3(0.0271) / 2-1-3(0.0261)
2025-02-27,11,1-2-6,1-2-5,0.07264084181292342,False,1-2-5(0.0726) / 1-5-2(0.0545) / 2-1-5(0.0503) / 1-2-6(0.0489) / 1-2-3(0.0489) / 2-1-6(0.0339) / 2-1-3(0.0339) / 1-6-2(0.0336) / 1-3-2(0.0336) / 5-1-2(0.0332)
2025-02-27,12,3-4-1,4-1-3,0.18319837739373057,False,4-1-3(0.1832) / 1-4-3(0.1125) / 4-3-1(0.1053) / 4-1-6(0.0578) / 3-4-1(0.0541) / 4-1-2(0.0466) / 1-4-6(0.0355) / 1-3-4(0.0351) / 3-1-4(0.0294) / 1-4-2(0.0286)
2025-03-06,1,1-2-6,1-5-4,0.08828764644210937,False,1-5-4(0.0883) / 5-1-4(0.0674) / 1-5-2(0.0605) / 1-4-5(0.0553) / 5-1-2(0.0462) / 1-5-3(0.0461) / 5-1-3(0.0352) / 1-2-5(0.0352) / 4-1-5(0.0344) / 5-4-1(0.0304)
2025-03-06,2,1-6-5,6-4-2,0.0977178815706212,False,6-4-2(0.0977) / 6-2-4(0.0822) / 4-6-2(0.0785) / 6-4-1(0.0640) / 2-6-4(0.0608) / 4-6-1(0.0515) / 4-2-6(0.0485) / 6-1-4(0.0463) / 2-4-6(0.0447) / 6-2-1(0.0404)
2025-03-06,5,4-6-5,6-4-2,0.06807020753014739,False,6-4-2(0.0681) / 6-2-4(0.0614) / 4-6-2(0.0581) / 6-4-1(0.0498) / 2-6-4(0.0496) / 4-6-1(0.0426) / 4-2-6(0.0420) / 6-1-4(0.0400) / 2-4-6(0.0397) / 6-2-1(0.0369)
2025-03-06,6,1-5-3,4-1-3,0.4127547693353926,False,4-1-3(0.4128) / 4-3-1(0.2378) / 1-4-3(0.1448) / 3-4-1(0.0761) / 1-3-4(0.0217) / 3-1-4(0.0198) / 4-1-6(0.0112) / 4-1-2(0.0110) / 4-1-5(0.0099) / 4-6-1(0.0042)
2025-03-06,7,2-4-1,5-4-2,0.16088657117510483,False,5-4-2(0.1609) / 5-2-4(0.1130) / 4-5-2(0.1073) / 2-5-4(0.0662) / 4-2-5(0.0438) / 5-4-6(0.0393) / 2-4-5(0.0385) / 5-4-3(0.0377) / 4-5-6(0.0262) / 4-5-3(0.0251)
2025-03-06,8,1-4-3,4-2-1,0.1664199236985739,False,4-2-1(0.1664) / 4-1-2(0.1587) / 2-4-1(0.1299) / 1-4-2(0.1214) / 2-1-4(0.0824) / 1-2-4(0.0808) / 4-2-3(0.0255) / 4-1-3(0.0230) / 2-4-3(0.0199) / 1-4-3(0.0176)
2025-03-06,9,3-4-1,1-2-5,0.04071453711463988,False,1-2-5(0.0407) / 1-5-2(0.0400) / 1-2-3(0.0384) / 1-3-2(0.0370) / 1-5-3(0.0361) / 1-3-5(0.0354) / 2-1-5(0.0285) / 5-1-2(0.0278) / 2-1-3(0.0269) / 3-1-2(0.0254)
2025-03-06,11,1-2-4,1-3-2,0.10972112373785946,False,1-3-2(0.1097) / 1-3-5(0.0842) / 3-1-2(0.0740) / 1-3-6(0.0613) / 3-1-5(0.0567) / 1-2-3(0.0565) / 1-5-3(0.0415) / 3-1-6(0.0413) / 1-3-4(0.0365) / 2-1-3(0.0299)
2025-03-07,2,4-5-2,6-3-2,0.09391707000040703,False,6-3-2(0.0939) / 6-2-3(0.0833) / 6-3-4(0.0737) / 6-4-3(0.0602) / 6-2-4(0.0509) / 3-6-2(0.0483) / 6-4-2(0.0469) / 2-6-3(0.0411) / 3-6-4(0.0379) / 6-3-5(0.0352)
2025-03-07,3,4-3-2,5-6-1,0.07988110217468926,False,5-6-1(0.0799) / 5-1-6(0.0792) / 6-5-1(0.0596) / 1-5-6(0.0588) / 6-1-5(0.0388) / 1-6-5(0.0386) / 5-6-2(0.0371) / 5-1-2(0.0361) / 5-2-6(0.0285) / 5-2-1(0.0280)
2025-03-07,4,1-4-6,6-4-3,0.12282234607604549,False,6-4-3(0.1228) / 6-3-4(0.1103) / 6-4-1(0.0660) / 4-6-3(0.0592) / 3-6-4(0.0515) / 6-3-1(0.0488) / 6-1-4(0.0486) / 6-1-3(0.0400) / 6-4-5(0.0330) / 4-6-1(0.0319)
2025-03-07,5,2-5-3,4-2-3,0.09459076696287687,False,4-2-3(0.0946) / 4-2-1(0.0862) / 2-4-3(0.0813) / 2-4-1(0.0740) / 4-3-2(0.0587) / 4-1-2(0.0522) / 2-3-4(0.0417) / 3-4-2(0.0402) / 2-1-4(0.0372) / 1-4-2(0.0353)
2025-03-07,6,3-4-1,4-3-1,0.1813102689241525,False,4-3-1(0.1813) / 4-1-3(0.1525) / 3-4-1(0.1411) / 1-4-3(0.1106) / 3-1-4(0.0801) / 1-3-4(0.0746) / 4-3-5(0.0170) / 3-4-5(0.0132) / 4-1-5(0.0116) / 4-3-6(0.0115)
2025-03-07,7,1-2-3,3-2-1,0.2590675286065558,False,3-2-1(0.2591) / 3-1-2(0.1855) / 2-3-1(0.0998) / 3-2-5(0.0771) / 1-3-2(0.0667) / 3-5-2(0.0405) / 3-1-5(0.0357) / 2-3-5(0.0297) / 3-5-1(0.0262) / 2-1-3(0.0209)
2025-03-07,8,1-2-4,2-4-1,0.056811055142637734,False,2-4-1(0.0568) / 2-1-4(0.0519) / 4-2-1(0.0491) / 1-2-4(0.0427) / 2-4-3(0.0422) / 4-1-2(0.0367) / 4-2-3(0.0365) / 1-4-2(0.0349) / 2-3-4(0.0348) / 2-1-3(0.0321)
2025-03-07,9,1-2-6,1-5-4,0.06185360681489511,False,1-5-4(0.0619) / 1-4-5(0.0564) / 5-1-4(0.0518) / 4-1-5(0.0449) / 1-5-2(0.0441) / 5-1-2(0.0370) / 5-4-1(0.0370) / 1-2-5(0.0358) / 4-5-1(0.0352) / 1-4-2(0.0335)
2025-03-07,10,1-2-6,6-5-1,0.21713914050259076,False,6-5-1(0.2171) / 5-6-1(0.1606) / 6-1-5(0.1045) / 6-5-2(0.0624) / 1-6-5(0.0600) / 5-1-6(0.0526) / 5-6-2(0.0462) / 1-5-6(0.0409) / 6-2-5(0.0243) / 6-5-3(0.0229)
2025-03-07,11,1-2-3,1-4-5,0.05974814369907556,False,1-4-5(0.0597) / 4-1-5(0.0519) / 1-4-6(0.0466) / 1-4-3(0.0450) / 1-5-4(0.0408) / 4-1-6(0.0405) / 4-1-3(0.0391) / 1-6-4(0.0302) / 4-5-1(0.0299) / 5-1-4(0.0290)
2025-03-07,12,1-2-5,1-3-6,0.13745542842634004,False,1-3-6(0.1375) / 3-1-6(0.1110) / 1-6-3(0.0790) / 1-3-5(0.0543) / 6-1-3(0.0506) / 3-6-1(0.0486) / 3-1-5(0.0438) / 6-3-1(0.0385) / 1-3-4(0.0353) / 3-1-4(0.0285)
2025-03-08,1,1-2-6,3-2-1,0.025749813988094398,False,3-2-1(0.0257) / 3-2-4(0.0250) / 2-3-1(0.0247) / 3-1-2(0.0243) / 2-3-4(0.0240) / 3-4-2(0.0233) / 1-3-2(0.0224) / 2-1-3(0.0221) / 4-3-2(0.0214) / 1-2-3(0.0212)
2025-03-08,2,1-4-5,5-4-1,0.06167852261567207,False,5-4-1(0.0617) / 4-5-1(0.0590) / 5-1-4(0.0501) / 4-1-5(0.0450) / 1-5-4(0.0423) / 1-4-5(0.0398) / 5-4-3(0.0325) / 4-5-3(0.0311) / 5-3-4(0.0223) / 4-3-5(0.0202)
2025-03-08,3,2-3-5,3-2-5,0.058600622615239434,False,3-2-5(0.0586) / 3-2-6(0.0549) / 3-5-2(0.0496) / 2-3-5(0.0487) / 2-3-6(0.0456) / 3-6-2(0.0454) / 5-3-2(0.0377) / 6-3-2(0.0341) / 3-5-6(0.0326) / 2-5-3(0.0323)
2025-03-08,5,1-2-3,3-4-1,0.0717117788983241,False,3-4-1(0.0717) / 4-3-1(0.0679) / 3-1-4(0.0558) / 4-1-3(0.0490) / 1-3-4(0.0459) / 1-4-3(0.0425) / 3-4-2(0.0352) / 4-3-2(0.0333) / 3-4-5(0.0301) / 4-3-5(0.0285)
2025-03-08,6,3-4-2,1-2-4,0.13339565558969768,False,1-2-4(0.1334) / 1-4-2(0.1156) / 2-1-4(0.0787) / 1-2-3(0.0694) / 4-1-2(0.0648) / 1-3-2(0.0482) / 1-4-3(0.0477) / 2-1-3(0.0409) / 1-3-4(0.0383) / 2-4-1(0.0332)
2025-03-08,7,1-5-3,6-3-1,0.04648463060278393,False,6-3-1(0.0465) / 6-3-5(0.0423) / 6-1-3(0.0407) / 3-6-1(0.0399) / 3-6-5(0.0363) / 6-5-3(0.0359) / 1-6-3(0.0323) / 3-1-6(0.0286) / 5-6-3(0.0280) / 6-3-2(0.0279)
2025-03-08,9,1-2-3,2-1-3,0.1130248199823388,False,2-1-3(0.1130) / 2-1-5(0.0932) / 2-3-1(0.0808) / 2-5-1(0.0634) / 1-2-3(0.0489) / 2-1-6(0.0440) / 1-2-5(0.0403) / 2-3-5(0.0334) / 2-1-4(0.0326) / 3-2-1(0.0319)
2025-03-08,10,1-4-6,1-6-3,0.07930589161645316,False,1-6-3(0.0793) / 1-3-6(0.0736) / 1-6-2(0.0713) / 1-2-6(0.0639) / 1-3-2(0.0552) / 1-2-3(0.0533) / 1-6-4(0.0419) / 1-4-6(0.0333) / 1-3-4(0.0325) / 6-1-3(0.0309)
2025-03-08,11,1-5-2,2-5-1,0.18260918033337975,False,2-5-1(0.1826) / 2-1-5(0.1260) / 5-2-1(0.0916) / 2-5-3(0.0750) / 1-2-5(0.0569) / 2-3-5(0.0417) / 5-2-3(0.0376) / 2-5-6(0.0308) / 2-1-3(0.0295) / 5-1-2(0.0263)
2025-03-08,12,3-1-4,3-5-2,0.05979717766052136,False,3-5-2(0.0598) / 5-3-2(0.0555) / 3-2-5(0.0486) / 5-2-3(0.0407) / 2-3-5(0.0400) / 3-5-6(0.0397) / 5-3-6(0.0368) / 2-5-3(0.0361) / 3-6-5(0.0287) / 3-5-1(0.0282)
2025-03-09,1,1-3-4,5-3-2,0.04358850408700183,False,5-3-2(0.0436) / 3-5-2(0.0432) / 5-2-3(0.0421) / 3-2-5(0.0412) / 2-5-3(0.0408) / 2-3-5(0.0403) / 5-3-1(0.0264) / 3-5-1(0.0262) / 5-2-1(0.0238) / 2-5-1(0.0230)
2025-03-09,2,2-1-4,2-3-4,0.07727053306705013,False,2-3-4(0.0773) / 2-4-3(0.0706) / 2-3-6(0.0647) / 2-3-1(0.0609) / 2-6-3(0.0561) / 2-1-3(0.0520) / 2-4-6(0.0468) / 2-6-4(0.0444) / 2-4-1(0.0441) / 2-1-4(0.0412)
2025-03-09,3,3-5-6,6-3-2,0.07591458017716292,False,6-3-2(0.0759) / 3-6-2(0.0627) / 6-2-3(0.0559) / 6-3-4(0.0497) / 3-6-4(0.0410) / 2-6-3(0.0397) / 6-3-5(0.0377) / 3-2-6(0.0362) / 6-4-3(0.0329) / 3-6-5(0.0311)
2025-03-09,4,2-1-3,2-3-1,0.12281585787518912,False,2-3-1(0.1228) / 2-3-4(0.1031) / 3-2-1(0.0766) / 2-1-3(0.0689) / 3-2-4(0.0643) / 2-4-3(0.0557) / 2-3-6(0.0402) / 1-2-3(0.0352) / 4-2-3(0.0280) / 2-3-5(0.0259)
2025-03-09,5,4-1-2,4-5-1,0.18953320502117352,False,4-5-1(0.1895) / 5-4-1(0.1681) / 4-5-3(0.0846) / 5-4-3(0.0751) / 4-1-5(0.0696) / 5-1-4(0.0534) / 1-4-5(0.0423) / 1-5-4(0.0366) / 4-3-5(0.0277) / 5-3-4(0.0216)
2025-03-09,6,1-4-5,1-3-4,0.148273192841828,False,1-3-4(0.1483) / 3-1-4(0.1322) / 1-4-3(0.1030) / 3-4-1(0.0777) / 4-1-3(0.0776) / 4-3-1(0.0657) / 1-3-2(0.0463) / 3-1-2(0.0413) / 1-2-3(0.0241) / 1-4-2(0.0198)
2025-03-09,7,3-4-6,3-5-2,0.06916822557549093,False,3-5-2(0.0692) / 5-3-2(0.0685) / 3-2-5(0.0555) / 5-2-3(0.0542) / 2-3-5(0.0483) / 2-5-3(0.0476) / 3-5-6(0.0371) / 5-3-6(0.0367) / 3-6-5(0.0249) / 5-6-3(0.0244)
2025-03-09,8,1-2-4,1-2-4,0.12238747596832618,True,1-2-4(0.1224) / 2-1-4(0.0977) / 1-4-2(0.0785) / 1-2-3(0.0533) / 4-1-2(0.0517) / 2-4-1(0.0468) / 1-2-5(0.0452) / 2-1-3(0.0425) / 4-2-1(0.0386) / 2-1-5(0.0361)
2025-03-09,9,1-3-2,2-1-3,0.08541723645561562,False,2-1-3(0.0854) / 2-1-4(0.0809) / 1-2-3(0.0654) / 1-2-4(0.0619) / 2-3-1(0.0526) / 2-4-1(0.0493) / 2-1-6(0.0426) / 1-2-6(0.0326) / 3-2-1(0.0325) / 4-2-1(0.0303)
2025-03-09,10,1-4-5,1-2-5,0.14359878495411083,False,1-2-5(0.1436) / 1-5-2(0.1295) / 2-1-5(0.1249) / 5-1-2(0.1072) / 2-5-1(0.0896) / 5-2-1(0.0854) / 1-2-6(0.0154) / 1-2-3(0.0136) / 2-1-6(0.0134) / 1-5-6(0.0122)
2025-03-09,11,1-3-2,2-4-6,0.046862939292182826,False,2-4-6(0.0469) / 4-2-6(0.0466) / 2-6-4(0.0416) / 4-6-2(0.0411) / 6-2-4(0.0384) / 6-4-2(0.0381) / 2-4-5(0.0234) / 4-2-5(0.0233) / 2-4-1(0.0196) / 4-2-1(0.0195)
2025-03-09,12,1-2-3,6-1-2,0.05048804048843924,False,6-1-2(0.0505) / 1-6-2(0.0489) / 6-2-1(0.0401) / 6-1-5(0.0396) / 1-6-5(0.0384) / 1-2-6(0.0373) / 2-6-1(0.0338) / 2-1-6(0.0325) / 6-5-1(0.0294) / 1-5-6(0.0274)
2025-03-10,1,2-1-5,1-5-4,0.0602382627478935,False,1-5-4(0.0602) / 5-1-4(0.0590) / 1-4-5(0.0507) / 5-4-1(0.0482) / 4-1-5(0.0447) / 1-5-3(0.0439) / 4-5-1(0.0434) / 5-1-3(0.0429) / 1-3-5(0.0331) / 5-3-1(0.0316)
2025-03-10,2,3-1-4,3-2-1,0.23659301698953328,False,3-2-1(0.2366) / 3-1-2(0.1747) / 2-3-1(0.1419) / 1-3-2(0.0954) / 2-1-3(0.0507) / 1-2-3(0.0462) / 3-2-4(0.0310) / 2-3-4(0.0186) / 3-1-4(0.0159) / 3-4-2(0.0151)
2025-03-10,3,1-5-3,5-4-1,0.09209903481755664,False,5-4-1(0.0921) / 4-5-1(0.0890) / 5-1-4(0.0766) / 4-1-5(0.0704) / 1-5-4(0.0669) / 1-4-5(0.0635) / 5-4-2(0.0243) / 4-5-2(0.0235) / 5-4-3(0.0195) / 4-5-3(0.0189)
2025-03-10,4,1-2-5,6-5-1,0.18352847941639286,False,6-5-1(0.1835) / 6-1-5(0.1491) / 5-6-1(0.1045) / 1-6-5(0.0795) / 6-5-2(0.0397) / 5-1-6(0.0389) / 1-5-6(0.0364) / 6-1-2(0.0242) / 6-5-4(0.0242) / 5-6-2(0.0226)
2025-03-10,5,1-2-4,4-6-3,0.05232112461738522,False,4-6-3(0.0523) / 6-4-3(0.0517) / 4-3-6(0.0435) / 6-3-4(0.0423) / 3-4-6(0.0384) / 3-6-4(0.0378) / 4-6-2(0.0377) / 6-4-2(0.0373) / 4-2-6(0.0284) / 6-2-4(0.0276)
2025-03-10,6,1-4-3,4-1-3,0.1033911250069094,False,4-1-3(0.1034) / 4-1-2(0.1033) / 1-4-3(0.1032) / 1-4-2(0.1032) / 4-3-1(0.0536) / 4-2-1(0.0536) / 1-3-4(0.0534) / 1-2-4(0.0534) / 3-4-1(0.0386) / 2-4-1(0.0386)
2025-03-10,8,1-2-4,1-2-4,0.2885737767721995,True,1-2-4(0.2886) / 1-4-2(0.2716) / 2-1-4(0.0586) / 4-1-2(0.0548) / 1-2-5(0.0506) / 1-4-5(0.0441) / 1-5-2(0.0297) / 1-5-4(0.0275) / 1-2-3(0.0272) / 1-4-3(0.0237)
2025-03-10,9,1-4-2,4-1-3,0.07095993121277319,False,4-1-3(0.0710) / 1-4-3(0.0692) / 4-1-5(0.0662) / 1-4-5(0.0645) / 4-1-6(0.0526) / 1-4-6(0.0513) / 4-3-1(0.0357) / 1-3-4(0.0338) / 4-5-1(0.0330) / 1-5-4(0.0312)
2025-03-10,10,1-2-3,1-2-3,0.10451562785275663,True,1-2-3(0.1045) / 1-2-6(0.1006) / 2-1-3(0.0963) / 2-1-6(0.0927) / 1-2-4(0.0556) / 2-1-4(0.0512) / 1-3-2(0.0400) / 1-6-2(0.0384) / 2-3-1(0.0336) / 2-6-1(0.0322)
2025-03-10,11,1-4-2,4-1-6,0.09833068308583882,False,4-1-6(0.0983) / 4-1-2(0.0919) / 4-1-5(0.0796) / 4-6-1(0.0632) / 4-2-1(0.0583) / 4-5-1(0.0491) / 1-4-6(0.0477) / 1-4-2(0.0446) / 1-4-5(0.0386) / 6-4-1(0.0269)
2025-03-10,12,1-2-6,1-5-3,0.1181258238017671,False,1-5-3(0.1181) / 5-1-3(0.0938) / 1-5-2(0.0798) / 1-3-5(0.0793) / 5-1-2(0.0634) / 3-1-5(0.0528) / 1-2-5(0.0480) / 5-3-1(0.0465) / 3-5-1(0.0390) / 2-1-5(0.0302)
2025-03-11,1,2-1-3,3-1-5,0.060640526831739615,False,3-1-5(0.0606) / 3-1-2(0.0556) / 1-3-5(0.0510) / 1-3-2(0.0467) / 3-5-1(0.0460) / 3-2-1(0.0411) / 5-3-1(0.0334) / 1-5-3(0.0310) / 2-3-1(0.0295) / 1-2-3(0.0279)
2025-03-11,3,1-2-4,4-2-5,0.07231601384715902,False,4-2-5(0.0723) / 4-5-2(0.0684) / 4-2-6(0.0681) / 4-6-2(0.0629) / 4-5-6(0.0568) / 4-6-5(0.0555) / 2-4-5(0.0417) / 2-4-6(0.0392) / 5-4-2(0.0386) / 6-4-2(0.0351)
2025-03-11,5,1-2-3,1-6-3,0.05768976390041306,False,1-6-3(0.0577) / 1-6-5(0.0529) / 1-3-6(0.0459) / 6-1-3(0.0422) / 1-5-6(0.0412) / 6-1-5(0.0387) / 1-6-2(0.0348) / 3-1-6(0.0301) / 5-1-6(0.0267) / 6-1-2(0.0255)
2025-03-11,6,4-3-1,3-4-1,0.15741438492097948,False,3-4-1(0.1574) / 3-1-4(0.1506) / 4-3-1(0.1204) / 1-3-4(0.1130) / 4-1-3(0.0747) / 1-4-3(0.0733) / 3-4-5(0.0267) / 3-1-5(0.0242) / 4-3-5(0.0204) / 1-3-5(0.0181)
2025-03-11,7,1-4-2,1-6-4,0.09531034900957593,False,1-6-4(0.0953) / 1-4-6(0.0920) / 6-1-4(0.0757) / 4-1-6(0.0717) / 6-4-1(0.0516) / 4-6-1(0.0508) / 1-6-5(0.0355) / 1-4-5(0.0323) / 6-1-5(0.0282) / 4-1-5(0.0252)
2025-03-11,8,1-4-5,4-2-1,0.10958731983934246,False,4-2-1(0.1096) / 4-1-2(0.1060) / 2-4-1(0.0921) / 1-4-2(0.0875) / 2-1-4(0.0676) / 1-2-4(0.0665) / 4-2-3(0.0327) / 4-1-3(0.0301) / 2-4-3(0.0274) / 1-4-3(0.0249)
2025-03-11,9,1-3-4,1-6-4,0.04362025122923126,False,1-6-4(0.0436) / 1-4-6(0.0429) / 6-1-4(0.0408) / 4-1-6(0.0397) / 6-4-1(0.0365) / 4-6-1(0.0361) / 1-6-5(0.0325) / 1-4-5(0.0308) / 6-1-5(0.0304) / 1-5-6(0.0286)
2025-03-11,10,1-2-4,2-3-5,0.028711403749397076,False,2-3-5(0.0287) / 3-2-5(0.0286) / 2-5-3(0.0253) / 3-5-2(0.0250) / 2-3-6(0.0234) / 3-2-6(0.0233) / 5-2-3(0.0230) / 5-3-2(0.0229) / 2-3-4(0.0211) / 3-2-4(0.0210)
2025-03-11,11,1-2-5,2-6-1,0.06864219078694847,False,2-6-1(0.0686) / 2-6-4(0.0649) / 6-2-1(0.0517) / 2-1-6(0.0515) / 6-2-4(0.0489) / 2-4-6(0.0480) / 1-2-6(0.0339) / 4-2-6(0.0313) / 6-1-2(0.0273) / 2-6-3(0.0266)
2025-03-11,12,1-5-2,1-6-3,0.06083112288318858,False,1-6-3(0.0608) / 1-6-5(0.0607) / 1-3-6(0.0504) / 1-5-6(0.0502) / 6-1-3(0.0443) / 6-1-5(0.0442) / 3-1-6(0.0335) / 5-1-6(0.0334) / 1-3-5(0.0326) / 1-5-3(0.0326)
2025-03-14,1,1-2-5,5-1-2,0.06637508041017004,False,5-1-2(0.0664) / 5-2-1(0.0642) / 1-5-2(0.0506) / 2-5-1(0.0481) / 5-1-3(0.0375) / 5-2-3(0.0339) / 1-2-5(0.0335) / 2-1-5(0.0329) / 5-3-1(0.0301) / 1-5-3(0.0286)
2025-03-14,2,1-2-3,4-5-3,0.028310264527754665,False,4-5-3(0.0283) / 4-3-5(0.0265) / 4-5-2(0.0259) / 4-2-5(0.0237) / 5-4-3(0.0233) / 4-5-6(0.0230) / 5-4-2(0.0213) / 3-4-5(0.0211) / 4-6-5(0.0204) / 4-3-2(0.0200)
2025-03-14,3,5-4-6,5-4-6,0.053101029814270555,True,5-4-6(0.0531) / 4-5-6(0.0519) / 5-6-4(0.0456) / 4-6-5(0.0431) / 6-5-4(0.0406) / 6-4-5(0.0393) / 5-4-2(0.0223) / 4-5-2(0.0218) / 5-4-3(0.0205) / 4-5-3(0.0200)
2025-03-14,4,2-1-5,6-2-4,0.06537368797958285,False,6-2-4(0.0654) / 6-4-2(0.0636) / 2-6-4(0.0620) / 4-6-2(0.0593) / 2-4-6(0.0556) / 4-2-6(0.0547) / 6-2-3(0.0244) / 2-6-3(0.0232) / 6-4-3(0.0226) / 4-6-3(0.0211)
2025-03-14,5,3-1-4,3-2-6,0.10432449900239732,False,3-2-6(0.1043) / 3-6-2(0.0836) / 3-2-5(0.0764) / 3-5-2(0.0558) / 2-3-6(0.0550) / 3-2-1(0.0449) / 6-3-2(0.0409) / 2-3-5(0.0402) / 3-6-5(0.0394) / 3-5-6(0.0359)
2025-03-14,6,3-4-1,4-3-1,0.05088445189359493,False,4-3-1(0.0509) / 4-3-5(0.0479) / 3-4-1(0.0451) / 3-4-5(0.0424) / 4-3-6(0.0376) / 4-1-3(0.0351) / 3-4-6(0.0333) / 4-5-3(0.0326) / 3-1-4(0.0268) / 1-4-3(0.0253)
2025-03-14,7,3-1-6,6-3-4,0.03245118939904853,False,6-3-4(0.0325) / 3-6-4(0.0314) / 6-3-1(0.0291) / 3-6-1(0.0281) / 6-4-3(0.0263) / 3-4-6(0.0245) / 6-3-5(0.0238) / 3-6-5(0.0230) / 6-1-3(0.0230) / 4-6-3(0.0223)
2025-03-14,8,4-2-1,5-4-2,0.13020297490326352,False,5-4-2(0.1302) / 5-2-4(0.1289) / 4-5-2(0.1068) / 2-5-4(0.1053) / 4-2-5(0.0765) / 2-4-5(0.0761) / 5-4-3(0.0226) / 5-2-3(0.0221) / 4-5-3(0.0185) / 5-4-1(0.0182)
2025-03-14,9,5-4-1,6-1-3,0.10445660233175233,False,6-1-3(0.1045) / 6-3-1(0.0862) / 1-6-3(0.0730) / 3-6-1(0.0555) / 6-1-5(0.0540) / 1-6-5(0.0377) / 1-3-6(0.0372) / 6-5-1(0.0368) / 3-1-6(0.0343) / 6-3-5(0.0318)
2025-03-14,10,2-3-1,2-5-4,0.03327332350837556,False,2-5-4(0.0333) / 2-5-1(0.0306) / 2-4-5(0.0299) / 5-2-4(0.0273) / 2-1-5(0.0268) / 5-2-1(0.0251) / 4-2-5(0.0230) / 2-5-3(0.0223) / 1-2-5(0.0204) / 2-4-1(0.0202)
2025-03-14,11,2-6-3,5-2-1,0.05394448636329613,False,5-2-1(0.0539) / 5-2-6(0.0456) / 5-2-4(0.0428) / 5-2-3(0.0427) / 5-1-2(0.0387) / 2-5-1(0.0378) / 2-5-6(0.0320) / 5-6-2(0.0316) / 2-5-4(0.0300) / 2-5-3(0.0300)
2025-03-14,12,1-3-2,6-3-2,0.0793476785205845,False,6-3-2(0.0793) / 6-2-3(0.0772) / 3-6-2(0.0652) / 2-6-3(0.0626) / 3-2-6(0.0475) / 2-3-6(0.0469) / 6-3-1(0.0300) / 6-2-1(0.0279) / 6-3-5(0.0252) / 3-6-1(0.0247)
2025-03-15,2,3-6-5,5-3-6,0.07420415243042765,False,5-3-6(0.0742) / 5-3-4(0.0584) / 3-5-6(0.0542) / 5-6-3(0.0501) / 3-5-4(0.0427) / 5-3-2(0.0391) / 5-4-3(0.0375) / 5-3-1(0.0347) / 6-5-3(0.0307) / 3-5-2(0.0285)
2025-03-15,3,2-1-3,3-6-4,0.034529820557221425,False,3-6-4(0.0345) / 3-4-6(0.0335) / 6-3-4(0.0330) / 4-3-6(0.0313) / 6-4-3(0.0300) / 4-6-3(0.0294) / 3-6-2(0.0227) / 6-3-2(0.0217) / 3-4-2(0.0205) / 3-2-6(0.0193)
2025-03-15,4,1-5-6,5-4-2,0.07183722133628466,False,5-4-2(0.0718) / 4-5-2(0.0618) / 5-4-1(0.0616) / 5-2-4(0.0595) / 4-5-1(0.0530) / 5-1-4(0.0483) / 2-5-4(0.0463) / 4-2-5(0.0417) / 2-4-5(0.0377) / 1-5-4(0.0364)
2025-03-15,5,1-2-6,1-2-6,0.0785482593507273,True,1-2-6(0.0785) / 1-2-5(0.0648) / 2-1-6(0.0579) / 1-6-2(0.0569) / 2-1-5(0.0478) / 1-5-2(0.0447) / 1-2-4(0.0436) / 6-1-2(0.0362) / 2-1-4(0.0321) / 2-6-1(0.0287)
2025-03-15,6,5-1-4,4-5-1,0.05684997181094334,False,4-5-1(0.0568) / 5-4-1(0.0514) / 4-5-2(0.0445) / 4-1-5(0.0425) / 5-4-2(0.0403) / 5-1-4(0.0338) / 1-4-5(0.0327) / 4-2-5(0.0313) / 1-5-4(0.0288) / 4-5-6(0.0274)
2025-03-15,7,1-2-5,1-2-6,0.10063586838459,False,1-2-6(0.1006) / 1-2-5(0.0847) / 1-6-2(0.0820) / 1-5-2(0.0653) / 2-1-6(0.0538) / 1-6-5(0.0457) / 2-1-5(0.0453) / 1-5-6(0.0433) / 6-1-2(0.0409) / 5-1-2(0.0319)
2025-03-15,8,1-2-4,1-4-2,0.06994601242118956,False,1-4-2(0.0699) / 1-2-4(0.0624) / 1-4-3(0.0589) / 1-4-5(0.0570) / 1-3-4(0.0502) / 1-5-4(0.0481) / 1-2-3(0.0385) / 1-2-5(0.0372) / 1-3-2(0.0368) / 1-5-2(0.0353)
2025-03-15,9,1-3-2,5-1-2,0.034006834064772555,False,5-1-2(0.0340) / 5-2-1(0.0332) / 1-5-2(0.0327) / 2-5-1(0.0314) / 1-2-5(0.0302) / 2-1-5(0.0297) / 5-1-4(0.0201) / 1-5-4(0.0193) / 5-2-4(0.0185) / 2-5-4(0.0175)
2025-03-15,10,1-3-2,6-3-1,0.09094940912737037,False,6-3-1(0.0909) / 3-6-1(0.0909) / 6-1-3(0.0657) / 3-1-6(0.0656) / 1-6-3(0.0548) / 1-3-6(0.0548) / 6-3-2(0.0363) / 3-6-2(0.0363) / 6-3-5(0.0248) / 3-6-5(0.0248)
2025-03-15,11,4-3-5,1-2-4,0.05550413501111663,False,1-2-4(0.0555) / 2-1-4(0.0551) / 1-4-2(0.0480) / 2-4-1(0.0472) / 4-1-2(0.0435) / 4-2-1(0.0431) / 1-2-6(0.0322) / 2-1-6(0.0320) / 1-6-2(0.0236) / 2-6-1(0.0232)
2025-03-16,1,5-6-2,5-1-6,0.1403503456457819,False,5-1-6(0.1404) / 5-6-1(0.1114) / 5-1-4(0.1017) / 5-4-1(0.0733) / 5-6-4(0.0519) / 5-1-2(0.0487) / 5-4-6(0.0471) / 1-5-6(0.0454) / 6-5-1(0.0344) / 1-5-4(0.0329)
2025-03-16,2,1-5-4,1-4-6,0.02948884405915496,False,1-4-6(0.0295) / 1-4-5(0.0294) / 4-1-6(0.0293) / 4-1-5(0.0292) / 1-6-4(0.0252) / 1-5-4(0.0252) / 4-6-1(0.0248) / 4-5-1(0.0247) / 6-1-4(0.0225) / 5-1-4(0.0224)
2025-03-16,3,1-5-3,2-5-1,0.08177253087198844,False,2-5-1(0.0818) / 5-2-1(0.0688) / 2-1-5(0.0679) / 1-2-5(0.0520) / 5-1-2(0.0450) / 1-5-2(0.0410) / 2-5-4(0.0350) / 5-2-4(0.0295) / 2-4-5(0.0234) / 2-5-3(0.0228)
2025-03-16,4,1-4-2,4-1-2,0.02944086880100724,False,4-1-2(0.0294) / 1-4-2(0.0290) / 4-2-1(0.0253) / 1-2-4(0.0244) / 4-1-5(0.0232) / 1-4-5(0.0229) / 2-4-1(0.0225) / 2-1-4(0.0221) / 4-1-6(0.0197) / 1-4-6(0.0194)
2025-03-16,5,1-4-6,1-6-3,0.10866264898514837,False,1-6-3(0.1087) / 1-3-6(0.0773) / 1-6-5(0.0724) / 6-1-3(0.0636) / 1-6-4(0.0545) / 1-5-6(0.0466) / 6-1-5(0.0424) / 3-1-6(0.0401) / 1-4-6(0.0335) / 6-1-4(0.0319)
2025-03-16,6,1-3-4,6-1-5,0.055818630134651354,False,6-1-5(0.0558) / 6-5-1(0.0513) / 1-6-5(0.0485) / 5-6-1(0.0425) / 6-1-4(0.0414) / 1-5-6(0.0367) / 1-6-4(0.0359) / 5-1-6(0.0350) / 6-4-1(0.0342) / 6-5-4(0.0319)
2025-03-16,7,1-2-6,6-2-1,0.09204416336064083,False,6-2-1(0.0920) / 6-1-2(0.0895) / 2-6-1(0.0617) / 1-6-2(0.0593) / 6-2-3(0.0347) / 2-1-6(0.0342) / 1-2-6(0.0338) / 6-1-3(0.0321) / 6-2-5(0.0300) / 6-1-5(0.0277)
2025-03-16,8,1-4-6,1-5-3,0.05571411000508481,False,1-5-3(0.0557) / 1-5-4(0.0536) / 1-3-5(0.0509) / 5-1-3(0.0486) / 1-4-5(0.0482) / 5-1-4(0.0467) / 3-1-5(0.0421) / 1-3-4(0.0406) / 1-4-3(0.0400) / 4-1-5(0.0395)
2025-03-16,9,1-2-3,4-2-1,0.042330184758643426,False,4-2-1(0.0423) / 2-4-1(0.0409) / 4-1-2(0.0324) / 4-2-3(0.0310) / 2-4-3(0.0300) / 2-1-4(0.0300) / 1-4-2(0.0266) / 1-2-4(0.0254) / 4-2-5(0.0252) / 2-4-5(0.0244)
2025-03-16,10,1-2-4,2-3-4,0.025029006120961646,False,2-3-4(0.0250) / 2-3-1(0.0248) / 2-4-3(0.0245) / 2-1-3(0.0242) / 2-4-1(0.0230) / 2-1-4(0.0229) / 3-2-4(0.0228) / 3-2-1(0.0226) / 4-2-3(0.0221) / 1-2-3(0.0218)
2025-03-16,11,1-2-4,3-5-2,0.08347485054990011,False,3-5-2(0.0835) / 3-2-5(0.0795) / 5-3-2(0.0721) / 2-3-5(0.0670) / 5-2-3(0.0551) / 2-5-3(0.0538) / 3-5-1(0.0256) / 3-2-1(0.0226) / 5-3-1(0.0222) / 2-3-1(0.0190)
2025-03-17,1,3-1-4,4-6-3,0.036255702234975914,False,4-6-3(0.0363) / 4-3-6(0.0350) / 6-4-3(0.0294) / 4-6-5(0.0281) / 3-4-6(0.0278) / 4-6-1(0.0252) / 4-5-6(0.0251) / 4-3-5(0.0247) / 4-5-3(0.0228) / 6-4-5(0.0228)
2025-03-17,2,1-4-3,3-2-6,0.01926540080165007,False,3-2-6(0.0193) / 3-6-2(0.0188) / 2-3-6(0.0178) / 6-3-2(0.0171) / 3-2-4(0.0166) / 2-6-3(0.0157) / 3-4-2(0.0156) / 6-2-3(0.0155) / 2-3-4(0.0154) / 3-6-4(0.0151)
2025-03-17,3,2-1-3,2-3-5,0.03856818706504739,False,2-3-5(0.0386) / 2-5-3(0.0351) / 3-2-5(0.0348) / 2-3-4(0.0317) / 5-2-3(0.0300) / 3-2-4(0.0286) / 3-5-2(0.0277) / 2-4-3(0.0272) / 5-3-2(0.0262) / 2-3-1(0.0232)
2025-03-17,4,3-4-5,4-3-5,0.07022760523134096,False,4-3-5(0.0702) / 3-4-5(0.0655) / 4-5-3(0.0553) / 3-5-4(0.0469) / 4-3-6(0.0458) / 5-4-3(0.0451) / 3-4-6(0.0427) / 5-3-4(0.0410) / 4-6-3(0.0318) / 3-6-4(0.0273)
2025-03-17,5,1-3-5,1-3-6,0.06882821592573769,False,1-3-6(0.0688) / 3-1-6(0.0615) / 1-6-3(0.0523) / 3-6-1(0.0403) / 6-1-3(0.0402) / 1-3-2(0.0389) / 1-3-5(0.0356) / 3-1-2(0.0347) / 6-3-1(0.0347) / 3-1-5(0.0318)
2025-03-17,6,2-3-6,4-1-2,0.10450093743365206,False,4-1-2(0.1045) / 4-2-1(0.0870) / 1-4-2(0.0810) / 2-4-1(0.0620) / 4-1-3(0.0589) / 1-2-4(0.0473) / 1-4-3(0.0457) / 2-1-4(0.0435) / 4-3-1(0.0407) / 4-2-3(0.0363)
2025-03-17,7,1-6-4,5-1-6,0.036444651321014605,False,5-1-6(0.0364) / 5-6-1(0.0333) / 1-5-6(0.0321) / 6-5-1(0.0277) / 5-1-4(0.0257) / 1-6-5(0.0248) / 6-1-5(0.0235) / 1-5-4(0.0226) / 5-4-1(0.0214) / 5-1-3(0.0192)
2025-03-17,8,1-4-3,1-2-3,0.15338089875219457,False,1-2-3(0.1534) / 2-1-3(0.1079) / 1-3-2(0.1059) / 3-1-2(0.0646) / 1-2-6(0.0556) / 2-3-1(0.0466) / 3-2-1(0.0404) / 2-1-6(0.0391) / 1-6-2(0.0302) / 1-3-6(0.0222)
2025-03-17,9,1-4-3,3-4-1,0.059103273012570116,False,3-4-1(0.0591) / 3-1-4(0.0537) / 4-3-1(0.0523) / 1-3-4(0.0449) / 4-1-3(0.0400) / 1-4-3(0.0378) / 3-4-6(0.0289) / 3-4-2(0.0272) / 4-3-6(0.0255) / 4-3-2(0.0241)
2025-03-17,10,3-5-1,6-3-1,0.054033825462849745,False,6-3-1(0.0540) / 3-6-1(0.0485) / 6-1-3(0.0456) / 1-6-3(0.0370) / 6-3-4(0.0368) / 3-1-6(0.0353) / 3-6-4(0.0330) / 1-3-6(0.0320) / 6-4-3(0.0278) / 3-4-6(0.0219)
2025-03-17,11,1-2-5,5-1-4,0.07078662068354728,False,5-1-4(0.0708) / 1-5-4(0.0680) / 5-4-1(0.0596) / 1-4-5(0.0541) / 4-5-1(0.0519) / 4-1-5(0.0490) / 5-1-2(0.0321) / 1-5-2(0.0308) / 5-2-1(0.0217) / 5-1-3(0.0207)
2025-03-17,12,6-4-2,5-6-4,0.031873451853100386,False,5-6-4(0.0319) / 5-4-6(0.0309) / 6-5-4(0.0281) / 4-5-6(0.0267) / 6-4-5(0.0230) / 4-6-5(0.0226) / 5-6-3(0.0204) / 5-4-3(0.0183) / 6-5-3(0.0180) / 5-3-6(0.0175)
2025-03-19,1,2-4-3,3-1-5,0.06578463161866727,False,3-1-5(0.0658) / 1-3-5(0.0621) / 3-1-4(0.0533) / 3-1-2(0.0523) / 1-3-4(0.0504) / 1-3-2(0.0494) / 3-5-1(0.0383) / 1-5-3(0.0338) / 3-4-1(0.0299) / 3-2-1(0.0292)
2025-03-19,2,4-1-5,1-3-2,0.12460915791545735,False,1-3-2(0.1246) / 1-2-3(0.0991) / 1-3-5(0.0754) / 3-1-2(0.0697) / 1-5-3(0.0515) / 2-1-3(0.0512) / 3-1-5(0.0421) / 1-2-5(0.0400) / 1-3-4(0.0357) / 1-5-2(0.0344)
2025-03-19,3,4-6-2,6-4-2,0.13644178847098018,False,6-4-2(0.1364) / 4-6-2(0.1088) / 6-2-4(0.0762) / 6-4-5(0.0581) / 2-6-4(0.0478) / 4-6-5(0.0463) / 4-2-6(0.0457) / 6-4-3(0.0429) / 2-4-6(0.0360) / 4-6-3(0.0342)
2025-03-19,4,2-5-1,5-2-3,0.12399344150065368,False,5-2-3(0.1240) / 2-5-3(0.1003) / 5-2-6(0.0775) / 5-3-2(0.0634) / 2-5-6(0.0626) / 5-2-4(0.0421) / 2-3-5(0.0396) / 3-5-2(0.0389) / 5-6-2(0.0363) / 2-5-4(0.0341)
2025-03-19,5,3-4-1,3-4-6,0.10296929543752649,False,3-4-6(0.1030) / 3-4-5(0.0992) / 3-6-4(0.0644) / 3-5-4(0.0615) / 4-3-6(0.0549) / 4-3-5(0.0529) / 3-4-1(0.0437) / 3-4-2(0.0374) / 6-3-4(0.0295) / 5-3-4(0.0281)
2025-03-19,6,1-3-4,3-1-6,0.05253647425852164,False,3-1-6(0.0525) / 3-6-1(0.0514) / 3-1-2(0.0507) / 3-2-1(0.0490) / 3-6-2(0.0469) / 3-2-6(0.0463) / 1-3-6(0.0328) / 6-3-1(0.0318) / 1-3-2(0.0317) / 2-3-1(0.0301)
2025-03-19,7,3-1-2,3-5-2,0.061164006601058585,False,3-5-2(0.0612) / 3-5-1(0.0536) / 3-2-5(0.0485) / 3-5-6(0.0461) / 3-1-5(0.0412) / 5-3-2(0.0359) / 3-6-5(0.0344) / 5-3-1(0.0315) / 3-5-4(0.0296) / 5-3-6(0.0271)
2025-03-19,8,1-2-4,1-5-4,0.21409630994519735,False,1-5-4(0.2141) / 1-4-5(0.1211) / 1-5-2(0.1180) / 5-1-4(0.0892) / 1-2-5(0.0584) / 5-1-2(0.0492) / 4-1-5(0.0444) / 1-4-2(0.0283) / 1-2-4(0.0247) / 1-5-3(0.0235)
2025-03-19,9,1-5-2,2-4-5,0.03502736160959957,False,2-4-5(0.0350) / 4-2-5(0.0339) / 2-5-4(0.0330) / 5-2-4(0.0308) / 4-5-2(0.0306) / 5-4-2(0.0294) / 2-4-6(0.0237) / 4-2-6(0.0230) / 2-4-3(0.0203) / 2-6-4(0.0199)
2025-03-19,10,3-4-5,3-5-6,0.07327669066245462,False,3-5-6(0.0733) / 3-5-2(0.0554) / 5-3-6(0.0545) / 3-5-4(0.0525) / 3-6-5(0.0472) / 5-3-2(0.0412) / 5-3-4(0.0390) / 3-2-5(0.0339) / 3-4-5(0.0318) / 3-5-1(0.0314)
2025-03-19,11,1-5-2,4-1-2,0.03761918885553701,False,4-1-2(0.0376) / 4-2-1(0.0373) / 4-1-6(0.0363) / 4-6-1(0.0356) / 4-2-6(0.0352) / 4-6-2(0.0348) / 4-1-5(0.0263) / 4-2-5(0.0255) / 4-1-3(0.0246) / 4-6-5(0.0243)
2025-03-19,12,5-1-2,4-2-5,0.021179441126295225,False,4-2-5(0.0212) / 2-4-5(0.0209) / 4-5-2(0.0208) / 5-4-2(0.0203) / 2-5-4(0.0202) / 5-2-4(0.0199) / 4-2-6(0.0163) / 2-4-6(0.0161) / 4-5-6(0.0152) / 5-4-6(0.0148)
2025-03-20,1,4-6-2,4-2-1,0.05976170367194403,False,4-2-1(0.0598) / 2-4-1(0.0564) / 4-2-6(0.0472) / 4-1-2(0.0467) / 2-4-6(0.0446) / 2-1-4(0.0409) / 1-4-2(0.0383) / 1-2-4(0.0355) / 4-6-2(0.0344) / 2-6-4(0.0303)
2025-03-20,2,2-1-3,2-6-1,0.11206410642400677,False,2-6-1(0.1121) / 2-1-6(0.1041) / 6-2-1(0.0722) / 1-2-6(0.0652) / 2-6-5(0.0412) / 6-1-2(0.0363) / 1-6-2(0.0352) / 2-1-5(0.0338) / 2-5-6(0.0286) / 6-2-5(0.0266)
2025-03-20,3,1-3-4,4-5-1,0.07586235720346836,False,4-5-1(0.0759) / 4-1-5(0.0636) / 5-4-1(0.0567) / 4-5-6(0.0439) / 1-4-5(0.0437) / 4-5-3(0.0328) / 5-4-6(0.0328) / 5-1-4(0.0323) / 4-6-5(0.0317) / 1-5-4(0.0297)
2025-03-20,4,1-2-6,2-6-4,0.030094532045911664,False,2-6-4(0.0301) / 6-2-4(0.0297) / 2-6-1(0.0296) / 6-2-1(0.0292) / 2-4-6(0.0263) / 2-1-6(0.0258) / 6-4-2(0.0255) / 6-1-2(0.0250) / 4-2-6(0.0237) / 4-6-2(0.0233)
2025-03-20,5,1-4-2,6-4-5,0.049454425259393586,False,6-4-5(0.0495) / 6-5-4(0.0448) / 6-4-3(0.0393) / 6-4-2(0.0367) / 6-3-4(0.0334) / 4-6-5(0.0320) / 6-2-4(0.0307) / 5-6-4(0.0277) / 6-5-3(0.0273) / 6-3-5(0.0257)
2025-03-20,6,1-3-4,3-1-2,0.08477338031883967,False,3-1-2(0.0848) / 3-1-6(0.0810) / 3-2-1(0.0762) / 3-6-1(0.0716) / 3-2-6(0.0570) / 3-6-2(0.0561) / 3-1-4(0.0404) / 1-3-2(0.0381) / 1-3-6(0.0364) / 2-3-1(0.0331)
2025-03-20,7,5-4-2,5-6-1,0.08580160849690954,False,5-6-1(0.0858) / 5-1-6(0.0679) / 5-6-4(0.0602) / 5-6-2(0.0439) / 5-4-6(0.0438) / 6-5-1(0.0423) / 5-6-3(0.0387) / 1-5-6(0.0310) / 5-2-6(0.0304) / 6-5-4(0.0297)
2025-03-20,8,1-2-4,1-2-4,0.12819305387874783,True,1-2-4(0.1282) / 2-1-4(0.1143) / 1-4-2(0.0702) / 2-4-1(0.0540) / 1-2-5(0.0502) / 4-1-2(0.0477) / 2-1-5(0.0447) / 1-2-3(0.0430) / 4-2-1(0.0412) / 2-1-3(0.0383)
2025-03-20,9,6-1-2,6-2-1,0.09484969849778395,False,6-2-1(0.0948) / 6-1-2(0.0776) / 2-6-1(0.0728) / 6-2-4(0.0595) / 1-6-2(0.0543) / 2-6-4(0.0457) / 6-4-2(0.0420) / 2-1-6(0.0415) / 1-2-6(0.0378) / 6-1-4(0.0342)
2025-03-20,10,2-3-4,2-1-3,0.08250546190666333,False,2-1-3(0.0825) / 2-1-4(0.0782) / 2-3-1(0.0747) / 2-4-1(0.0696) / 2-3-4(0.0551) / 2-4-3(0.0541) / 2-1-6(0.0406) / 2-6-1(0.0315) / 2-3-6(0.0286) / 1-2-3(0.0268)
2025-03-20,11,1-2-5,1-6-2,0.045388818701706635,False,1-6-2(0.0454) / 1-6-3(0.0411) / 1-2-6(0.0398) / 6-1-2(0.0365) / 1-3-6(0.0349) / 6-1-3(0.0330) / 2-1-6(0.0298) / 1-6-4(0.0263) / 1-2-3(0.0260) / 3-1-6(0.0257)
2025-03-20,12,1-2-3,1-2-5,0.09174617147315665,False,1-2-5(0.0917) / 2-1-5(0.0867) / 1-5-2(0.0725) / 2-5-1(0.0632) / 5-1-2(0.0604) / 5-2-1(0.0557) / 1-2-3(0.0363) / 2-1-3(0.0343) / 1-2-4(0.0245) / 2-1-4(0.0231)
2025-03-21,1,1-2-5,5-1-3,0.030520427910037763,False,5-1-3(0.0305) / 1-5-3(0.0297) / 5-1-2(0.0295) / 1-5-2(0.0287) / 5-3-1(0.0250) / 5-1-4(0.0249) / 1-5-4(0.0242) / 5-2-1(0.0240) / 1-3-5(0.0236) / 1-2-5(0.0226)
2025-03-21,2,1-3-2,1-2-4,0.02458635426076358,False,1-2-4(0.0246) / 1-4-2(0.0244) / 2-1-4(0.0232) / 4-1-2(0.0229) / 2-4-1(0.0213) / 4-2-1(0.0212) / 1-2-3(0.0189) / 1-4-3(0.0184) / 2-1-3(0.0178) / 1-2-5(0.0176)
2025-03-21,3,1-2-3,6-2-3,0.037469274478985445,False,6-2-3(0.0375) / 6-3-2(0.0363) / 2-6-3(0.0355) / 3-6-2(0.0337) / 2-3-6(0.0319) / 3-2-6(0.0312) / 6-2-5(0.0197) / 2-6-5(0.0186) / 6-3-5(0.0177) / 3-6-5(0.0165)
2025-03-21,4,1-5-3,5-4-6,0.12188621391800623,False,5-4-6(0.1219) / 4-5-6(0.0870) / 5-6-4(0.0716) / 5-4-1(0.0482) / 5-4-3(0.0476) / 5-4-2(0.0433) / 6-5-4(0.0415) / 4-5-1(0.0344) / 4-5-3(0.0340) / 4-6-5(0.0338)
2025-03-21,5,1-3-2,3-5-1,0.15712761818219323,False,3-5-1(0.1571) / 5-3-1(0.1503) / 3-1-5(0.1328) / 5-1-3(0.1178) / 1-3-5(0.1170) / 1-5-3(0.1085) / 3-5-2(0.0178) / 5-3-2(0.0170) / 3-1-2(0.0124) / 1-3-2(0.0109)
2025-03-21,6,4-3-1,4-3-1,0.08615963611997554,True,4-3-1(0.0862) / 4-3-2(0.0782) / 4-3-6(0.0677) / 3-4-1(0.0622) / 3-4-2(0.0564) / 4-1-3(0.0509) / 3-4-6(0.0488) / 4-2-3(0.0453) / 4-6-3(0.0383) / 1-4-3(0.0295)
2025-03-21,7,1-3-2,5-6-2,0.016014483880638246,False,5-6-2(0.0160) / 5-2-6(0.0160) / 6-5-2(0.0156) / 2-5-6(0.0156) / 6-2-5(0.0152) / 2-6-5(0.0151) / 5-6-3(0.0124) / 5-2-3(0.0123) / 6-5-3(0.0121) / 2-5-3(0.0120)
2025-03-21,8,1-2-6,1-3-5,0.04944898697099667,False,1-3-5(0.0494) / 1-5-3(0.0491) / 1-3-2(0.0320) / 1-5-2(0.0313) / 3-1-5(0.0309) / 5-1-3(0.0306) / 1-3-6(0.0283) / 1-2-3(0.0281) / 1-5-6(0.0276) / 1-2-5(0.0276)
2025-03-21,9,1-4-6,1-4-6,0.057961131009657475,True,1-4-6(0.0580) / 4-1-6(0.0546) / 1-6-4(0.0525) / 6-1-4(0.0465) / 4-6-1(0.0453) / 6-4-1(0.0426) / 1-4-5(0.0247) / 4-1-5(0.0232) / 1-4-2(0.0196) / 1-6-5(0.0185)
2025-03-21,10,1-2-4,2-4-1,0.12246657732830565,False,2-4-1(0.1225) / 4-2-1(0.1123) / 2-1-4(0.0688) / 4-1-2(0.0564) / 1-2-4(0.0482) / 1-4-2(0.0431) / 2-4-3(0.0373) / 2-4-5(0.0343) / 4-2-3(0.0342) / 2-4-6(0.0323)
2025-03-21,11,1-3-2,1-6-4,0.11691128444708851,False,1-6-4(0.1169) / 6-1-4(0.1095) / 1-6-2(0.0721) / 6-1-2(0.0675) / 1-6-3(0.0574) / 6-1-3(0.0537) / 1-4-6(0.0459) / 6-4-1(0.0399) / 1-6-5(0.0333) / 6-1-5(0.0311)
2025-03-21,12,1-5-3,1-6-5,0.10223599240629164,False,1-6-5(0.1022) / 1-5-6(0.0823) / 6-1-5(0.0763) / 5-1-6(0.0558) / 6-5-1(0.0414) / 1-6-3(0.0413) / 5-6-1(0.0375) / 6-1-3(0.0308) / 1-3-6(0.0264) / 1-6-2(0.0247)
2025-03-22,1,1-2-5,4-6-3,0.037005648121759355,False,4-6-3(0.0370) / 6-4-3(0.0341) / 4-3-6(0.0319) / 4-6-1(0.0314) / 6-4-1(0.0289) / 4-6-2(0.0268) / 3-4-6(0.0268) / 6-3-4(0.0264) / 4-1-6(0.0258) / 6-4-2(0.0247)
2025-03-22,2,3-5-1,3-6-1,0.057991089343458084,False,3-6-1(0.0580) / 3-6-4(0.0519) / 3-1-6(0.0516) / 3-4-6(0.0448) / 3-6-5(0.0391) / 3-1-4(0.0339) / 3-4-1(0.0328) / 3-5-6(0.0317) / 6-3-1(0.0306) / 6-3-4(0.0275)
2025-03-22,3,5-3-6,5-3-6,0.12183437676980194,True,5-3-6(0.1218) / 5-6-3(0.1083) / 5-3-4(0.0594) / 3-5-6(0.0557) / 5-3-2(0.0540) / 6-5-3(0.0478) / 5-4-3(0.0428) / 5-6-4(0.0424) / 5-6-2(0.0385) / 5-2-3(0.0383)
2025-03-22,4,1-4-3,5-1-2,0.06785184226217456,False,5-1-2(0.0679) / 5-2-1(0.0675) / 5-1-3(0.0583) / 5-2-3(0.0571) / 5-3-1(0.0551) / 5-3-2(0.0543) / 5-1-6(0.0349) / 5-2-6(0.0343) / 5-6-1(0.0294) / 5-6-2(0.0290)
2025-03-22,5,2-6-1,4-6-5,0.04596423550183457,False,4-6-5(0.0460) / 6-4-5(0.0445) / 4-5-6(0.0324) / 4-6-3(0.0303) / 6-5-4(0.0302) / 4-6-1(0.0301) / 4-6-2(0.0296) / 6-4-3(0.0294) / 6-4-1(0.0292) / 6-4-2(0.0287)
2025-03-22,6,4-1-2,3-4-6,0.10225198603935129,False,3-4-6(0.1023) / 3-4-1(0.0916) / 3-6-4(0.0776) / 3-1-4(0.0674) / 4-3-6(0.0480) / 4-3-1(0.0430) / 3-4-2(0.0408) / 3-6-1(0.0389) / 3-1-6(0.0377) / 6-3-4(0.0335)
2025-03-22,7,2-5-1,1-2-3,0.1288120860377677,False,1-2-3(0.1288) / 2-1-3(0.1086) / 1-2-5(0.0834) / 1-3-2(0.0721) / 2-1-5(0.0703) / 2-3-1(0.0490) / 3-1-2(0.0473) / 1-5-2(0.0423) / 3-2-1(0.0381) / 2-5-1(0.0293)
2025-03-22,8,1-2-6,1-4-5,0.07498273263149301,False,1-4-5(0.0750) / 1-5-4(0.0719) / 4-1-5(0.0448) / 5-1-4(0.0423) / 1-4-6(0.0364) / 1-5-6(0.0319) / 1-6-4(0.0285) / 1-4-3(0.0274) / 1-4-2(0.0271) / 1-6-5(0.0261)
2025-03-22,9,1-3-4,3-4-6,0.07223560876126793,False,3-4-6(0.0722) / 3-4-5(0.0678) / 3-6-4(0.0542) / 4-3-6(0.0512) / 3-5-4(0.0500) / 4-3-5(0.0480) / 3-4-1(0.0480) / 4-3-1(0.0340) / 6-3-4(0.0337) / 3-1-4(0.0329)
2025-03-22,10,4-3-1,4-1-3,0.11640988952456671,False,4-1-3(0.1164) / 1-4-3(0.0983) / 4-1-6(0.0844) / 1-4-6(0.0713) / 4-3-1(0.0559) / 4-1-2(0.0444) / 1-3-4(0.0386) / 4-6-1(0.0384) / 1-4-2(0.0375) / 3-4-1(0.0347)
2025-03-22,11,1-6-3,2-1-6,0.11458899094329672,False,2-1-6(0.1146) / 1-2-6(0.1007) / 2-6-1(0.0954) / 6-2-1(0.0766) / 1-6-2(0.0690) / 6-1-2(0.0631) / 2-1-5(0.0204) / 2-1-3(0.0202) / 2-1-4(0.0184) / 1-2-5(0.0180)
2025-03-22,12,1-2-3,5-2-1,0.062319414556847086,False,5-2-1(0.0623) / 2-5-1(0.0590) / 5-1-2(0.0588) / 1-5-2(0.0537) / 2-1-5(0.0512) / 1-2-5(0.0495) / 5-2-3(0.0241) / 2-5-3(0.0228) / 5-1-3(0.0205) / 1-5-3(0.0187)
2025-03-23,1,1-5-3,2-4-3,0.06371121384863027,False,2-4-3(0.0637) / 2-3-4(0.0594) / 4-2-3(0.0537) / 3-2-4(0.0482) / 4-3-2(0.0394) / 3-4-2(0.0379) / 2-4-1(0.0331) / 4-2-1(0.0279) / 2-3-1(0.0270) / 2-1-4(0.0253)
2025-03-23,2,1-2-4,6-5-3,0.023544668214528063,False,6-5-3(0.0235) / 6-3-5(0.0229) / 6-5-1(0.0205) / 6-5-4(0.0197) / 6-1-5(0.0193) / 5-6-3(0.0187) / 6-3-1(0.0183) / 6-4-5(0.0183) / 3-6-5(0.0179) / 6-1-3(0.0177)
2025-03-23,3,4-1-2,4-2-1,0.03870214194239406,False,4-2-1(0.0387) / 4-2-6(0.0386) / 2-4-1(0.0324) / 2-4-6(0.0323) / 4-1-2(0.0323) / 4-6-2(0.0322) / 4-2-3(0.0274) / 1-4-2(0.0243) / 6-4-2(0.0243) / 2-4-3(0.0229)
2025-03-23,4,1-3-2,6-1-2,0.10432500060638844,False,6-1-2(0.1043) / 1-6-2(0.1030) / 6-2-1(0.0783) / 1-2-6(0.0759) / 2-6-1(0.0662) / 2-1-6(0.0650) / 6-1-4(0.0373) / 1-6-4(0.0368) / 6-4-1(0.0214) / 1-4-6(0.0209)
2025-03-23,5,1-6-2,6-3-1,0.11946124115982609,False,6-3-1(0.1195) / 6-1-3(0.1169) / 6-3-4(0.0570) / 6-1-4(0.0535) / 3-6-1(0.0501) / 1-6-3(0.0487) / 6-4-3(0.0439) / 6-4-1(0.0421) / 6-3-5(0.0320) / 6-1-5(0.0300)
2025-03-23,6,1-6-4,3-5-4,0.09819966686161107,False,3-5-4(0.0982) / 3-4-5(0.0926) / 3-5-1(0.0708) / 3-4-1(0.0594) / 3-1-5(0.0593) / 3-1-4(0.0528) / 5-3-4(0.0483) / 4-3-5(0.0447) / 5-3-1(0.0349) / 3-5-2(0.0321)
2025-03-23,7,1-4-5,6-1-4,0.06280724233511815,False,6-1-4(0.0628) / 1-6-4(0.0613) / 6-1-2(0.0501) / 1-6-2(0.0489) / 6-1-5(0.0483) / 1-6-5(0.0471) / 6-1-3(0.0340) / 6-4-1(0.0339) / 1-6-3(0.0332) / 1-4-6(0.0322)
2025-03-23,8,1-2-4,1-4-5,0.031694034858460986,False,1-4-5(0.0317) / 1-4-3(0.0314) / 1-4-2(0.0295) / 1-5-4(0.0292) / 1-3-4(0.0289) / 1-2-4(0.0267) / 1-5-3(0.0223) / 1-3-5(0.0222) / 4-1-5(0.0218) / 4-1-3(0.0217)
2025-03-23,9,1-3-6,1-3-5,0.08139116419148966,False,1-3-5(0.0814) / 1-5-3(0.0685) / 3-1-5(0.0566) / 5-1-3(0.0441) / 1-3-4(0.0355) / 1-3-6(0.0336) / 3-5-1(0.0297) / 5-3-1(0.0275) / 1-3-2(0.0274) / 3-1-4(0.0247)
2025-03-23,10,3-1-2,6-3-1,0.11443432406104784,False,6-3-1(0.1144) / 3-6-1(0.1014) / 6-1-3(0.0951) / 1-6-3(0.0769) / 3-1-6(0.0702) / 1-3-6(0.0640) / 6-3-2(0.0321) / 3-6-2(0.0285) / 6-3-4(0.0222) / 6-1-2(0.0205)
2025-03-23,11,1-2-3,2-1-5,0.03251590489992486,False,2-1-5(0.0325) / 2-5-1(0.0300) / 2-1-4(0.0296) / 1-2-5(0.0279) / 2-4-1(0.0265) / 1-2-4(0.0254) / 5-2-1(0.0245) / 2-5-4(0.0219) / 2-1-3(0.0218) / 4-2-1(0.0213)
2025-03-23,12,3-1-4,3-4-5,0.02511028976209427,False,3-4-5(0.0251) / 4-3-5(0.0251) / 3-5-4(0.0243) / 4-5-3(0.0242) / 5-3-4(0.0237) / 5-4-3(0.0236) / 3-4-2(0.0185) / 4-3-2(0.0185) / 3-5-2(0.0164) / 4-5-2(0.0163)
2025-03-24,1,1-2-5,2-1-6,0.05357889836480538,False,2-1-6(0.0536) / 2-6-1(0.0492) / 1-2-6(0.0452) / 6-2-1(0.0397) / 1-6-2(0.0330) / 6-1-2(0.0315) / 2-1-5(0.0279) / 2-1-4(0.0246) / 1-2-5(0.0236) / 2-5-1(0.0215)
2025-03-24,2,1-5-6,2-6-4,0.024240204647163536,False,2-6-4(0.0242) / 2-6-5(0.0240) / 2-4-6(0.0236) / 2-5-6(0.0233) / 2-6-1(0.0233) / 2-1-6(0.0224) / 2-4-5(0.0217) / 6-2-4(0.0216) / 2-5-4(0.0216) / 6-2-5(0.0214)
2025-03-24,3,1-2-5,1-2-3,0.07245338876854633,False,1-2-3(0.0725) / 1-2-6(0.0606) / 2-1-3(0.0583) / 1-3-2(0.0503) / 2-1-6(0.0487) / 1-6-2(0.0403) / 3-1-2(0.0340) / 2-3-1(0.0310) / 1-2-4(0.0297) / 6-1-2(0.0265)
2025-03-24,4,6-5-2,2-4-6,0.03937293324578234,False,2-4-6(0.0394) / 2-6-4(0.0388) / 4-2-6(0.0365) / 6-2-4(0.0356) / 4-6-2(0.0323) / 6-4-2(0.0320) / 2-4-3(0.0230) / 2-6-3(0.0219) / 4-2-3(0.0213) / 6-2-3(0.0201)
2025-03-24,5,3-1-2,5-1-4,0.033599443538244136,False,5-1-4(0.0336) / 5-4-1(0.0303) / 1-5-4(0.0298) / 5-1-2(0.0279) / 4-5-1(0.0252) / 1-5-2(0.0248) / 5-2-1(0.0239) / 1-4-5(0.0230) / 4-1-5(0.0216) / 2-5-1(0.0193)
2025-03-24,6,3-4-6,4-3-5,0.12516620670305584,False,4-3-5(0.1252) / 3-4-5(0.1044) / 4-5-3(0.0959) / 5-4-3(0.0707) / 3-5-4(0.0618) / 5-3-4(0.0546) / 4-3-2(0.0393) / 3-4-2(0.0328) / 4-3-1(0.0232) / 4-2-3(0.0225)
2025-03-24,7,1-6-3,6-5-3,0.07177276329785694,False,6-5-3(0.0718) / 6-5-1(0.0631) / 5-6-3(0.0622) / 5-6-1(0.0548) / 6-3-5(0.0533) / 6-1-5(0.0451) / 3-6-5(0.0395) / 5-3-6(0.0384) / 3-5-6(0.0329) / 1-6-5(0.0328)
2025-03-24,8,2-6-4,1-2-4,0.05943702254025038,False,1-2-4(0.0594) / 1-2-5(0.0586) / 1-4-2(0.0530) / 1-5-2(0.0520) / 1-2-3(0.0420) / 1-4-5(0.0383) / 1-5-4(0.0382) / 1-3-2(0.0344) / 2-1-4(0.0301) / 2-1-5(0.0297)
2025-03-24,9,1-3-5,1-6-3,0.03007230950082855,False,1-6-3(0.0301) / 1-6-4(0.0292) / 6-1-3(0.0275) / 1-6-5(0.0268) / 6-1-4(0.0267) / 6-1-5(0.0245) / 1-3-6(0.0237) / 1-6-2(0.0232) / 1-4-6(0.0228) / 6-1-2(0.0212)
2025-03-24,10,3-1-4,3-1-6,0.05045474991923293,False,3-1-6(0.0505) / 1-3-6(0.0480) / 3-6-1(0.0461) / 6-3-1(0.0415) / 1-6-3(0.0409) / 6-1-3(0.0387) / 3-1-4(0.0277) / 1-3-4(0.0263) / 3-4-1(0.0211) / 3-6-4(0.0211)
2025-03-24,11,1-4-3,3-1-4,0.12798254943995907,False,3-1-4(0.1280) / 3-4-1(0.0830) / 3-1-5(0.0825) / 1-3-4(0.0796) / 1-3-5(0.0513) / 3-5-1(0.0481) / 3-1-2(0.0455) / 4-3-1(0.0442) / 1-4-3(0.0287) / 1-3-2(0.0283)
2025-03-24,12,1-3-5,4-3-1,0.021092335953975642,False,4-3-1(0.0211) / 3-4-1(0.0203) / 4-3-5(0.0199) / 3-4-5(0.0192) / 4-1-3(0.0190) / 4-5-3(0.0177) / 3-1-4(0.0174) / 4-3-2(0.0172) / 1-4-3(0.0170) / 3-4-2(0.0165)
2025-03-31,1,2-1-5,2-5-3,0.18649549295534734,False,2-5-3(0.1865) / 5-2-3(0.1665) / 2-3-5(0.1222) / 5-3-2(0.0923) / 3-2-5(0.0908) / 3-5-2(0.0768) / 2-5-1(0.0348) / 5-2-1(0.0311) / 2-1-5(0.0160) / 2-3-1(0.0138)
2025-03-31,2,1-3-4,1-3-4,0.09859525138891904,True,1-3-4(0.0986) / 1-3-2(0.0967) / 1-4-3(0.0865) / 1-2-3(0.0842) / 1-4-2(0.0639) / 1-2-4(0.0635) / 3-1-4(0.0410) / 3-1-2(0.0402) / 4-1-3(0.0347) / 2-1-3(0.0337)
2025-03-31,3,3-2-1,3-2-5,0.10433352850169274,False,3-2-5(0.1043) / 3-5-2(0.0890) / 3-2-4(0.0587) / 2-3-5(0.0469) / 3-4-2(0.0429) / 3-2-1(0.0393) / 5-3-2(0.0382) / 3-5-4(0.0360) / 3-2-6(0.0328) / 3-4-5(0.0309)
2025-03-31,5,1-2-5,2-1-5,0.08672096526657759,False,2-1-5(0.0867) / 2-5-1(0.0801) / 2-1-3(0.0634) / 2-3-1(0.0530) / 2-5-3(0.0490) / 2-3-5(0.0444) / 1-2-5(0.0383) / 2-1-6(0.0350) / 5-2-1(0.0346) / 1-2-3(0.0280)
2025-03-31,6,3-4-1,3-1-4,0.19686941253672377,False,3-1-4(0.1969) / 1-3-4(0.1590) / 3-4-1(0.1276) / 4-3-1(0.0867) / 1-4-3(0.0760) / 4-1-3(0.0639) / 3-1-2(0.0341) / 1-3-2(0.0276) / 3-1-6(0.0173) / 3-2-1(0.0156)
2025-03-31,8,1-2-3,4-5-2,0.12110551213516345,False,4-5-2(0.1211) / 4-5-3(0.1055) / 5-4-2(0.0902) / 5-4-3(0.0786) / 4-2-5(0.0764) / 4-3-5(0.0639) / 2-4-5(0.0470) / 5-2-4(0.0392) / 3-4-5(0.0386) / 5-3-4(0.0332)
2025-03-31,9,1-2-6,2-1-6,0.31519414576342714,False,2-1-6(0.3152) / 1-2-6(0.1799) / 2-6-1(0.1627) / 6-2-1(0.0779) / 1-6-2(0.0446) / 2-1-3(0.0393) / 6-1-2(0.0374) / 1-2-3(0.0224) / 2-1-5(0.0160) / 2-3-1(0.0147)
2025-03-31,11,1-3-2,1-2-3,0.0737725637394297,False,1-2-3(0.0738) / 2-1-3(0.0675) / 1-3-2(0.0520) / 1-2-4(0.0488) / 2-1-4(0.0446) / 2-3-1(0.0424) / 3-1-2(0.0395) / 3-2-1(0.0352) / 1-4-2(0.0311) / 1-2-5(0.0304)
2025-03-31,12,1-2-4,1-6-4,0.0408291952312502,False,1-6-4(0.0408) / 1-4-6(0.0390) / 1-6-3(0.0351) / 6-1-4(0.0336) / 1-3-6(0.0318) / 4-1-6(0.0313) / 1-4-3(0.0299) / 6-1-3(0.0289) / 1-3-4(0.0284) / 1-6-2(0.0253)
2025-04-01,1,4-1-2,3-1-4,0.1073185633854102,False,3-1-4(0.1073) / 3-1-2(0.1008) / 3-4-1(0.0902) / 3-2-1(0.0827) / 3-4-2(0.0604) / 3-2-4(0.0590) / 1-3-4(0.0551) / 1-3-2(0.0518) / 4-3-1(0.0438) / 2-3-1(0.0398)
2025-04-01,2,3-1-2,2-3-1,0.17072616936388973,False,2-3-1(0.1707) / 3-2-1(0.1249) / 2-3-4(0.1171) / 2-3-5(0.1170) / 2-3-6(0.1162) / 3-2-4(0.0857) / 3-2-5(0.0856) / 3-2-6(0.0850) / 2-1-3(0.0132) / 2-4-3(0.0090)
2025-04-01,3,4-2-1,2-3-4,0.04784594059125426,False,2-3-4(0.0478) / 2-4-3(0.0414) / 3-2-4(0.0366) / 2-3-6(0.0362) / 2-3-5(0.0352) / 4-2-3(0.0293) / 2-6-3(0.0291) / 2-5-3(0.0281) / 3-2-6(0.0276) / 3-2-5(0.0269)
2025-04-01,4,3-4-5,4-3-2,0.09676904518321983,False,4-3-2(0.0968) / 4-3-5(0.0892) / 4-2-3(0.0860) / 4-5-3(0.0773) / 4-3-1(0.0632) / 4-2-5(0.0600) / 4-5-2(0.0584) / 4-1-3(0.0502) / 4-2-1(0.0425) / 4-5-1(0.0382)
2025-04-01,5,2-1-5,3-4-5,0.059266604005329265,False,3-4-5(0.0593) / 4-3-5(0.0583) / 3-4-1(0.0432) / 4-3-1(0.0424) / 3-4-2(0.0422) / 4-3-2(0.0415) / 3-5-4(0.0405) / 4-5-3(0.0390) / 5-3-4(0.0320) / 5-4-3(0.0314)
2025-04-01,6,1-4-3,4-1-3,0.1256133227080575,False,4-1-3(0.1256) / 1-4-3(0.1180) / 4-3-1(0.0775) / 1-3-4(0.0669) / 3-4-1(0.0577) / 4-1-5(0.0559) / 3-1-4(0.0530) / 1-4-5(0.0525) / 4-5-1(0.0286) / 4-1-2(0.0271)
2025-04-01,7,1-2-5,1-5-3,0.06294953112930049,False,1-5-3(0.0629) / 5-1-3(0.0568) / 1-5-6(0.0539) / 5-1-6(0.0486) / 1-3-5(0.0411) / 1-5-4(0.0388) / 5-1-4(0.0350) / 1-6-5(0.0340) / 5-3-1(0.0327) / 3-1-5(0.0296)
2025-04-01,8,1-4-2,1-4-5,0.07480142457998704,False,1-4-5(0.0748) / 1-5-4(0.0742) / 1-4-2(0.0726) / 1-2-4(0.0711) / 1-5-2(0.0707) / 1-2-5(0.0698) / 4-1-5(0.0364) / 5-1-4(0.0360) / 4-1-2(0.0353) / 2-1-4(0.0344)
2025-04-01,9,3-1-2,1-6-3,0.12954659865691687,False,1-6-3(0.1295) / 6-1-3(0.1211) / 1-3-6(0.0801) / 6-3-1(0.0683) / 3-1-6(0.0595) / 3-6-1(0.0542) / 1-6-4(0.0379) / 6-1-4(0.0354) / 1-6-2(0.0349) / 6-1-2(0.0327)
2025-04-01,10,3-2-6,6-1-3,0.0655136020811599,False,6-1-3(0.0655) / 1-6-3(0.0601) / 6-3-1(0.0571) / 3-6-1(0.0484) / 1-3-6(0.0464) / 3-1-6(0.0429) / 6-1-2(0.0354) / 1-6-2(0.0325) / 6-2-1(0.0256) / 6-3-2(0.0239)
2025-04-01,11,3-1-2,6-1-2,0.12373459486449928,False,6-1-2(0.1237) / 1-6-2(0.1012) / 6-1-3(0.0781) / 6-1-5(0.0665) / 1-6-3(0.0639) / 6-2-1(0.0595) / 1-6-5(0.0544) / 1-2-6(0.0383) / 2-6-1(0.0361) / 6-3-1(0.0348)
2025-04-01,12,2-1-6,1-3-2,0.027931025687824525,False,1-3-2(0.0279) / 3-1-2(0.0279) / 1-2-3(0.0275) / 3-2-1(0.0274) / 2-1-3(0.0271) / 2-3-1(0.0271) / 1-3-6(0.0264) / 3-1-6(0.0263) / 1-6-3(0.0254) / 3-6-1(0.0252)
2025-04-02,1,1-2-3,3-5-2,0.08291750943239082,False,3-5-2(0.0829) / 3-2-5(0.0794) / 3-5-4(0.0705) / 3-4-5(0.0635) / 3-2-4(0.0614) / 3-4-2(0.0577) / 5-3-2(0.0399) / 2-3-5(0.0377) / 3-5-1(0.0350) / 5-3-4(0.0339)
2025-04-02,2,1-5-3,5-1-3,0.07046559432551709,False,5-1-3(0.0705) / 5-3-1(0.0704) / 5-1-6(0.0645) / 5-3-6(0.0642) / 5-6-1(0.0625) / 5-6-3(0.0622) / 5-1-2(0.0560) / 5-3-2(0.0557) / 5-2-1(0.0520) / 5-2-3(0.0518)
2025-04-02,3,2-4-1,4-2-3,0.12951438209117674,False,4-2-3(0.1295) / 2-4-3(0.1026) / 4-3-2(0.0892) / 4-2-1(0.0813) / 2-4-1(0.0644) / 3-4-2(0.0601) / 2-3-4(0.0517) / 4-1-2(0.0487) / 3-2-4(0.0440) / 4-3-1(0.0316)
2025-04-02,4,1-5-2,5-2-1,0.19064162688939518,False,5-2-1(0.1906) / 5-1-2(0.1528) / 2-5-1(0.0915) / 1-5-2(0.0691) / 5-2-3(0.0549) / 5-1-3(0.0320) / 5-3-2(0.0320) / 2-1-5(0.0277) / 2-5-3(0.0264) / 1-2-5(0.0260)
2025-04-02,5,1-5-3,6-1-5,0.17107005066859787,False,6-1-5(0.1711) / 6-1-3(0.1291) / 1-6-5(0.1285) / 1-6-3(0.0970) / 6-5-1(0.0676) / 6-3-1(0.0486) / 5-6-1(0.0369) / 1-5-6(0.0363) / 6-1-2(0.0318) / 1-3-6(0.0265)
2025-04-02,6,1-2-5,3-1-4,0.15139859360230398,False,3-1-4(0.1514) / 3-1-2(0.0942) / 3-4-1(0.0920) / 1-3-4(0.0666) / 3-1-6(0.0534) / 3-2-1(0.0519) / 1-3-2(0.0414) / 3-1-5(0.0368) / 4-3-1(0.0357) / 3-6-1(0.0276)
2025-04-02,7,1-5-3,5-6-4,0.042789110936801614,False,5-6-4(0.0428) / 6-5-4(0.0385) / 5-4-6(0.0363) / 5-6-3(0.0312) / 4-5-6(0.0296) / 6-4-5(0.0285) / 5-6-1(0.0283) / 6-5-3(0.0281) / 4-6-5(0.0258) / 6-5-1(0.0255)
2025-04-02,8,2-1-3,4-2-1,0.15761006596015997,False,4-2-1(0.1576) / 2-4-1(0.1483) / 4-1-2(0.1003) / 2-1-4(0.0865) / 1-4-2(0.0765) / 1-2-4(0.0701) / 4-2-3(0.0516) / 2-4-3(0.0486) / 4-3-2(0.0251) / 2-3-4(0.0221)
2025-04-02,9,3-1-2,5-2-6,0.06715049676119669,False,5-2-6(0.0672) / 5-6-2(0.0648) / 2-5-6(0.0480) / 6-5-2(0.0456) / 5-2-1(0.0336) / 5-6-1(0.0301) / 2-6-5(0.0293) / 6-2-5(0.0289) / 5-1-2(0.0264) / 5-2-4(0.0253)
2025-04-02,10,1-3-4,1-5-2,0.14103753292191454,False,1-5-2(0.1410) / 1-2-5(0.1103) / 5-1-2(0.0779) / 1-5-4(0.0755) / 2-1-5(0.0562) / 1-4-5(0.0491) / 5-1-4(0.0417) / 1-2-4(0.0393) / 1-4-2(0.0327) / 5-2-1(0.0281)
2025-04-02,11,1-4-5,1-3-2,0.0816655799834246,False,1-3-2(0.0817) / 1-2-3(0.0780) / 3-1-2(0.0719) / 2-1-3(0.0670) / 3-2-1(0.0566) / 2-3-1(0.0552) / 1-3-4(0.0186) / 1-3-5(0.0184) / 1-3-6(0.0173) / 1-2-4(0.0165)
2025-04-02,12,1-3-5,3-5-6,0.09720021308236589,False,3-5-6(0.0972) / 5-3-6(0.0801) / 3-5-1(0.0705) / 3-6-5(0.0631) / 5-3-1(0.0581) / 6-3-5(0.0426) / 3-1-5(0.0423) / 5-6-3(0.0407) / 6-5-3(0.0333) / 3-5-4(0.0280)
2025-04-03,1,1-3-4,4-1-3,0.1418312998216682,False,4-1-3(0.1418) / 4-3-1(0.1220) / 1-4-3(0.1097) / 3-4-1(0.0885) / 1-3-4(0.0642) / 3-1-4(0.0602) / 4-1-2(0.0544) / 1-4-2(0.0421) / 4-3-2(0.0381) / 4-2-1(0.0340)
2025-04-03,2,1-3-6,3-5-1,0.09418373332304955,False,3-5-1(0.0942) / 3-1-5(0.0917) / 3-5-6(0.0843) / 3-6-5(0.0780) / 3-1-6(0.0779) / 3-6-1(0.0741) / 5-3-1(0.0521) / 1-3-5(0.0502) / 5-3-6(0.0466) / 1-3-6(0.0427)
2025-04-03,3,2-4-3,5-2-3,0.19381050142172684,False,5-2-3(0.1938) / 5-3-2(0.1522) / 2-5-3(0.0847) / 5-2-4(0.0678) / 3-5-2(0.0626) / 5-2-1(0.0422) / 5-4-2(0.0402) / 5-3-4(0.0373) / 2-5-4(0.0296) / 5-4-3(0.0281)
2025-04-03,4,1-2-5,6-1-5,0.15099362014655035,False,6-1-5(0.1510) / 6-5-1(0.1441) / 1-6-5(0.0613) / 6-1-4(0.0609) / 5-6-1(0.0578) / 6-5-4(0.0537) / 6-4-1(0.0434) / 6-4-5(0.0401) / 6-1-3(0.0327) / 6-5-3(0.0289)
2025-04-03,5,1-3-2,2-3-1,0.14192731510401957,False,2-3-1(0.1419) / 3-2-1(0.1367) / 2-1-3(0.0932) / 3-1-2(0.0850) / 1-2-3(0.0732) / 1-3-2(0.0693) / 2-3-5(0.0325) / 3-2-5(0.0313) / 2-3-6(0.0278) / 3-2-6(0.0268)
2025-04-03,6,1-4-2,1-2-3,0.13641047989985097,False,1-2-3(0.1364) / 1-2-4(0.1025) / 1-3-2(0.0917) / 2-1-3(0.0726) / 1-4-2(0.0637) / 2-1-4(0.0545) / 1-2-5(0.0452) / 3-1-2(0.0431) / 1-3-4(0.0341) / 1-4-3(0.0316)
2025-04-03,7,2-1-4,2-1-4,0.10802382829234636,True,2-1-4(0.1080) / 1-2-4(0.1008) / 2-1-6(0.0707) / 1-2-6(0.0660) / 2-4-1(0.0481) / 2-1-5(0.0480) / 1-2-5(0.0448) / 1-4-2(0.0414) / 4-2-1(0.0313) / 2-1-3(0.0298)
2025-04-03,8,1-4-3,4-1-2,0.19286327199111825,False,4-1-2(0.1929) / 1-4-2(0.1833) / 4-2-1(0.0968) / 1-2-4(0.0858) / 2-4-1(0.0684) / 2-1-4(0.0638) / 4-1-5(0.0515) / 1-4-5(0.0490) / 4-5-1(0.0203) / 1-5-4(0.0182)
2025-04-03,10,1-2-5,4-5-2,0.09308813178359691,False,4-5-2(0.0931) / 5-4-2(0.0708) / 4-5-1(0.0656) / 4-5-3(0.0627) / 4-2-5(0.0592) / 5-4-1(0.0499) / 5-4-3(0.0477) / 4-1-5(0.0387) / 2-4-5(0.0370) / 4-3-5(0.0367)
2025-04-03,11,3-1-5,3-1-5,0.023301600609718563,True,3-1-5(0.0233) / 3-5-1(0.0230) / 1-3-5(0.0221) / 3-1-4(0.0216) / 5-3-1(0.0216) / 3-4-1(0.0208) / 3-5-4(0.0205) / 1-3-4(0.0205) / 1-5-3(0.0203) / 5-1-3(0.0201)
2025-04-03,12,1-3-4,1-2-6,0.13658356593297016,False,1-2-6(0.1366) / 2-1-6(0.1228) / 1-2-3(0.0683) / 2-1-3(0.0614) / 1-6-2(0.0598) / 1-2-4(0.0506) / 2-6-1(0.0473) / 2-1-4(0.0455) / 6-1-2(0.0380) / 6-2-1(0.0334)
2025-04-07,1,3-4-6,2-6-4,0.06352996750555556,False,2-6-4(0.0635) / 2-6-3(0.0571) / 2-4-6(0.0548) / 2-3-6(0.0476) / 6-2-4(0.0447) / 6-2-3(0.0402) / 4-2-6(0.0360) / 2-4-3(0.0354) / 2-3-4(0.0342) / 2-6-1(0.0333)
2025-04-07,2,4-6-1,6-2-1,0.11460106034721929,False,6-2-1(0.1146) / 2-6-1(0.1027) / 6-1-2(0.0774) / 2-1-6(0.0597) / 1-6-2(0.0573) / 1-2-6(0.0494) / 6-2-3(0.0478) / 2-6-3(0.0429) / 6-3-2(0.0263) / 2-3-6(0.0209)
2025-04-07,3,3-6-5,5-4-6,0.04494189927793337,False,5-4-6(0.0449) / 5-6-4(0.0433) / 4-5-6(0.0417) / 6-5-4(0.0393) / 4-6-5(0.0361) / 6-4-5(0.0353) / 5-4-2(0.0308) / 4-5-2(0.0286) / 5-6-2(0.0275) / 5-2-4(0.0261)
2025-04-07,4,4-1-3,3-5-4,0.054830685463191815,False,3-5-4(0.0548) / 3-5-1(0.0505) / 5-3-4(0.0487) / 5-3-1(0.0449) / 3-4-5(0.0366) / 3-1-5(0.0331) / 3-5-2(0.0315) / 3-5-6(0.0293) / 5-4-3(0.0282) / 5-3-2(0.0280)
2025-04-07,5,1-3-4,3-2-4,0.05092537667608393,False,3-2-4(0.0509) / 3-2-1(0.0448) / 3-4-2(0.0429) / 3-1-2(0.0364) / 2-3-4(0.0364) / 3-2-6(0.0335) / 2-3-1(0.0320) / 4-3-2(0.0281) / 3-6-2(0.0256) / 3-4-1(0.0243)
2025-04-07,6,1-4-2,3-1-5,0.07711904839343323,False,3-1-5(0.0771) / 3-5-1(0.0701) / 1-3-5(0.0468) / 3-1-4(0.0411) / 5-3-1(0.0409) / 3-1-2(0.0367) / 3-4-1(0.0315) / 3-5-4(0.0305) / 3-2-1(0.0276) / 3-5-2(0.0272)
2025-04-07,7,5-6-1,6-2-5,0.23214932089725893,False,6-2-5(0.2321) / 6-5-2(0.1515) / 6-2-3(0.1294) / 6-3-2(0.0735) / 6-2-1(0.0659) / 6-5-3(0.0415) / 6-3-5(0.0361) / 6-1-2(0.0347) / 2-6-5(0.0287) / 6-2-4(0.0244)
2025-04-07,9,1-2-3,1-2-3,0.05297456749793168,True,1-2-3(0.0530) / 1-3-2(0.0514) / 1-2-5(0.0483) / 1-5-2(0.0456) / 1-3-5(0.0424) / 1-2-4(0.0422) / 1-5-3(0.0413) / 1-4-2(0.0386) / 1-3-4(0.0371) / 1-4-3(0.0350)
2025-04-07,10,1-4-5,2-3-5,0.017047760468181027,False,2-3-5(0.0170) / 2-5-3(0.0168) / 3-2-5(0.0164) / 5-2-3(0.0160) / 3-5-2(0.0154) / 5-3-2(0.0153) / 2-3-1(0.0149) / 3-2-1(0.0143) / 2-1-3(0.0141) / 2-5-1(0.0139)
2025-04-07,11,4-5-1,2-1-5,0.046584726185345274,False,2-1-5(0.0466) / 2-5-1(0.0416) / 2-1-4(0.0372) / 2-1-3(0.0339) / 2-4-1(0.0314) / 1-2-5(0.0296) / 2-3-1(0.0281) / 2-1-6(0.0262) / 5-2-1(0.0251) / 2-5-4(0.0243)
2025-04-07,12,1-2-3,2-1-4,0.10323009067600579,False,2-1-4(0.1032) / 2-4-1(0.0886) / 2-1-5(0.0689) / 2-1-3(0.0632) / 2-5-1(0.0536) / 2-1-6(0.0501) / 2-3-1(0.0484) / 2-4-5(0.0406) / 2-4-3(0.0372) / 2-6-1(0.0370)
2025-04-08,1,4-1-2,5-4-6,0.02604587077329387,False,5-4-6(0.0260) / 5-4-2(0.0256) / 5-6-4(0.0255) / 5-2-4(0.0250) / 5-6-2(0.0236) / 5-2-6(0.0234) / 5-4-1(0.0215) / 4-5-6(0.0204) / 5-1-4(0.0201) / 4-5-2(0.0201)
2025-04-08,2,1-4-5,2-6-3,0.036419451561605774,False,2-6-3(0.0364) / 2-3-6(0.0338) / 6-2-3(0.0315) / 3-2-6(0.0280) / 2-6-1(0.0271) / 6-3-2(0.0242) / 2-6-5(0.0237) / 6-2-1(0.0235) / 3-6-2(0.0232) / 2-1-6(0.0231)
2025-04-08,3,1-3-6,6-2-1,0.045732788715644714,False,6-2-1(0.0457) / 2-6-1(0.0449) / 6-1-2(0.0414) / 2-1-6(0.0396) / 1-6-2(0.0381) / 6-2-3(0.0380) / 2-6-3(0.0373) / 1-2-6(0.0372) / 6-3-2(0.0321) / 2-3-6(0.0308)
2025-04-08,4,1-2-6,5-6-1,0.08629073188457,False,5-6-1(0.0863) / 5-1-6(0.0702) / 5-6-3(0.0493) / 5-6-2(0.0472) / 6-5-1(0.0446) / 5-6-4(0.0355) / 5-3-6(0.0353) / 1-5-6(0.0339) / 5-2-6(0.0336) / 6-5-3(0.0255)
2025-04-08,5,4-1-2,1-4-3,0.039790153485088645,False,1-4-3(0.0398) / 4-1-3(0.0382) / 1-3-4(0.0355) / 1-4-6(0.0343) / 4-1-6(0.0329) / 4-3-1(0.0323) / 3-1-4(0.0317) / 3-4-1(0.0300) / 1-6-4(0.0291) / 4-6-1(0.0265)
2025-04-08,6,1-3-4,4-1-3,0.11156322587573098,False,4-1-3(0.1116) / 4-3-1(0.0932) / 1-4-3(0.0749) / 4-1-5(0.0666) / 3-4-1(0.0582) / 4-5-1(0.0470) / 1-4-5(0.0447) / 4-3-5(0.0409) / 1-3-4(0.0365) / 4-5-3(0.0346)
2025-04-08,7,3-2-4,3-5-6,0.2797656917305298,False,3-5-6(0.2798) / 3-5-1(0.1405) / 3-6-5(0.1308) / 5-3-6(0.0744) / 3-1-5(0.0579) / 3-5-4(0.0382) / 5-3-1(0.0374) / 6-3-5(0.0313) / 3-5-2(0.0291) / 3-6-1(0.0220)
2025-04-08,8,5-1-4,6-4-2,0.043917386024771306,False,6-4-2(0.0439) / 4-6-2(0.0433) / 6-4-5(0.0315) / 6-4-1(0.0311) / 4-6-5(0.0310) / 6-4-3(0.0309) / 4-6-1(0.0306) / 4-6-3(0.0304) / 6-2-4(0.0300) / 4-2-6(0.0290)
2025-04-08,9,3-1-6,6-4-3,0.0584628974087127,False,6-4-3(0.0585) / 4-6-3(0.0582) / 6-3-4(0.0554) / 4-3-6(0.0548) / 3-6-4(0.0533) / 3-4-6(0.0530) / 6-4-1(0.0240) / 4-6-1(0.0239) / 6-4-5(0.0220) / 4-6-5(0.0219)
2025-04-08,10,1-2-6,2-5-1,0.03216765017341034,False,2-5-1(0.0322) / 2-5-3(0.0315) / 2-1-5(0.0285) / 2-3-5(0.0277) / 5-2-1(0.0263) / 5-2-3(0.0257) / 2-5-6(0.0235) / 1-2-5(0.0217) / 3-2-5(0.0210) / 2-1-3(0.0197)
2025-04-08,11,1-3-2,6-1-2,0.04557594195060391,False,6-1-2(0.0456) / 6-1-3(0.0447) / 6-2-1(0.0406) / 6-3-1(0.0395) / 1-6-2(0.0342) / 1-6-3(0.0336) / 6-2-3(0.0296) / 6-3-2(0.0294) / 2-6-1(0.0287) / 3-6-1(0.0279)
2025-04-08,12,1-3-5,1-2-6,0.24051722036251874,False,1-2-6(0.2405) / 1-6-2(0.2315) / 2-1-6(0.0562) / 6-1-2(0.0538) / 1-2-5(0.0460) / 1-6-5(0.0420) / 1-2-3(0.0327) / 1-6-3(0.0298) / 1-5-2(0.0285) / 1-5-6(0.0270)
2025-04-09,1,1-2-3,2-3-1,0.13270168659326653,False,2-3-1(0.1327) / 2-1-3(0.1205) / 3-2-1(0.0807) / 1-2-3(0.0708) / 2-3-5(0.0443) / 3-1-2(0.0366) / 1-3-2(0.0353) / 2-1-5(0.0346) / 2-5-3(0.0293) / 3-2-5(0.0270)
2025-04-09,3,1-2-6,6-1-2,0.21190694218594266,False,6-1-2(0.2119) / 6-2-1(0.1756) / 1-6-2(0.0772) / 2-6-1(0.0615) / 6-1-3(0.0514) / 6-1-5(0.0362) / 6-2-3(0.0325) / 6-3-1(0.0301) / 6-3-2(0.0230) / 6-2-5(0.0228)
2025-04-09,4,2-3-5,5-1-4,0.02338914357227591,False,5-1-4(0.0234) / 1-5-4(0.0222) / 5-4-1(0.0208) / 5-1-2(0.0187) / 1-4-5(0.0185) / 4-5-1(0.0183) / 5-1-6(0.0179) / 1-5-2(0.0178) / 5-1-3(0.0176) / 4-1-5(0.0171)
2025-04-09,5,1-4-6,3-4-1,0.0625680639305087,False,3-4-1(0.0626) / 4-3-1(0.0561) / 3-1-4(0.0488) / 1-3-4(0.0381) / 4-1-3(0.0379) / 1-4-3(0.0330) / 3-4-2(0.0314) / 4-3-2(0.0281) / 3-4-5(0.0276) / 4-3-5(0.0248)
2025-04-09,6,1-5-6,1-4-3,0.0728736979309685,False,1-4-3(0.0729) / 1-4-6(0.0721) / 1-3-4(0.0534) / 1-6-4(0.0527) / 1-4-2(0.0462) / 1-4-5(0.0456) / 4-1-3(0.0359) / 4-1-6(0.0355) / 1-2-4(0.0313) / 1-5-4(0.0308)
2025-04-09,7,2-1-5,5-6-2,0.07992483504108058,False,5-6-2(0.0799) / 5-2-6(0.0789) / 5-6-3(0.0740) / 5-3-6(0.0709) / 5-2-3(0.0707) / 5-3-2(0.0686) / 6-5-2(0.0314) / 2-5-6(0.0309) / 5-6-4(0.0292) / 6-5-3(0.0291)
2025-04-09,8,1-5-3,1-4-2,0.06675281758859987,False,1-4-2(0.0668) / 1-4-3(0.0604) / 1-2-4(0.0514) / 4-1-2(0.0467) / 1-3-4(0.0452) / 4-1-3(0.0423) / 1-4-5(0.0414) / 2-1-4(0.0320) / 4-1-5(0.0290) / 1-5-4(0.0288)
2025-04-09,9,4-1-6,4-1-6,0.3595648916034518,True,4-1-6(0.3596) / 4-6-1(0.3574) / 1-4-6(0.0365) / 6-4-1(0.0363) / 4-1-2(0.0303) / 4-6-2(0.0299) / 4-1-5(0.0187) / 4-6-5(0.0184) / 4-2-1(0.0169) / 4-2-6(0.0168)
2025-04-09,10,1-6-3,4-2-1,0.07343336763595852,False,4-2-1(0.0734) / 4-1-2(0.0730) / 4-2-5(0.0426) / 4-1-5(0.0418) / 2-4-1(0.0399) / 1-4-2(0.0396) / 4-2-6(0.0372) / 4-1-6(0.0365) / 4-5-2(0.0357) / 4-5-1(0.0353)
2025-04-09,11,4-2-6,1-3-6,0.06682648354319842,False,1-3-6(0.0668) / 1-6-3(0.0639) / 3-1-6(0.0441) / 6-1-3(0.0414) / 1-3-5(0.0397) / 1-6-5(0.0345) / 1-5-3(0.0324) / 1-5-6(0.0294) / 1-3-2(0.0274) / 3-1-5(0.0262)
2025-04-09,12,1-2-4,5-3-1,0.04167400480952913,False,5-3-1(0.0417) / 3-5-1(0.0397) / 5-1-3(0.0383) / 5-3-2(0.0357) / 1-5-3(0.0345) / 3-1-5(0.0341) / 3-5-2(0.0340) / 1-3-5(0.0323) / 5-2-3(0.0310) / 3-2-5(0.0277)
2025-04-10,1,2-1-5,2-6-5,0.05614452728161847,False,2-6-5(0.0561) / 6-2-5(0.0538) / 2-5-6(0.0513) / 5-2-6(0.0465) / 6-5-2(0.0462) / 5-6-2(0.0437) / 2-6-4(0.0423) / 6-2-4(0.0405) / 2-4-6(0.0346) / 2-5-4(0.0325)
2025-04-10,2,1-3-2,5-3-2,0.15425777257232903,False,5-3-2(0.1543) / 5-2-3(0.1084) / 3-5-2(0.0845) / 5-3-1(0.0834) / 2-5-3(0.0531) / 5-1-3(0.0498) / 3-5-1(0.0457) / 5-2-1(0.0331) / 5-3-4(0.0314) / 5-1-2(0.0281)
2025-04-10,3,5-4-2,3-5-2,0.04540493910046299,False,3-5-2(0.0454) / 3-2-5(0.0408) / 5-3-2(0.0367) / 3-5-4(0.0350) / 3-5-1(0.0346) / 2-3-5(0.0311) / 3-4-5(0.0292) / 3-1-5(0.0287) / 5-3-4(0.0283) / 5-3-1(0.0280)
2025-04-10,4,1-2-3,3-5-1,0.015158132688029463,False,3-5-1(0.0152) / 5-3-1(0.0151) / 3-1-5(0.0149) / 5-1-3(0.0147) / 1-3-5(0.0146) / 1-5-3(0.0145) / 3-5-4(0.0140) / 5-3-4(0.0139) / 3-4-5(0.0134) / 5-4-3(0.0133)
2025-04-10,6,2-1-3,1-3-4,0.08438714726548513,False,1-3-4(0.0844) / 3-1-4(0.0741) / 1-4-3(0.0573) / 3-4-1(0.0425) / 4-1-3(0.0414) / 1-3-6(0.0395) / 1-3-5(0.0392) / 4-3-1(0.0350) / 3-1-6(0.0347) / 3-1-5(0.0344)
2025-04-10,8,1-4-3,1-2-5,0.15979101114526578,False,1-2-5(0.1598) / 1-2-4(0.1281) / 1-2-3(0.1233) / 1-5-2(0.0825) / 1-4-2(0.0638) / 1-3-2(0.0611) / 1-2-6(0.0406) / 2-1-5(0.0356) / 2-1-4(0.0286) / 2-1-3(0.0275)
2025-04-10,9,1-4-5,4-5-1,0.047677692697934475,False,4-5-1(0.0477) / 5-4-1(0.0456) / 4-5-6(0.0421) / 5-4-6(0.0402) / 4-1-5(0.0376) / 5-1-4(0.0339) / 4-6-5(0.0320) / 1-4-5(0.0311) / 1-5-4(0.0293) / 4-5-2(0.0290)
2025-04-10,10,3-1-6,4-6-3,0.09032347380937576,False,4-6-3(0.0903) / 4-3-6(0.0761) / 4-6-1(0.0683) / 6-4-3(0.0628) / 4-1-6(0.0523) / 3-4-6(0.0491) / 6-4-1(0.0475) / 4-3-1(0.0416) / 4-1-3(0.0378) / 6-3-4(0.0327)
2025-04-10,12,1-5-3,5-3-1,0.1467551183193981,False,5-3-1(0.1468) / 5-1-3(0.1278) / 5-3-2(0.0645) / 5-3-4(0.0569) / 5-2-3(0.0451) / 5-1-2(0.0434) / 3-5-1(0.0419) / 5-4-3(0.0391) / 5-1-4(0.0383) / 1-5-3(0.0356)
2025-04-11,1,1-2-4,2-4-5,0.06657143620865455,False,2-4-5(0.0666) / 2-5-4(0.0659) / 2-4-3(0.0518) / 2-5-3(0.0497) / 2-3-4(0.0478) / 2-4-6(0.0477) / 2-3-5(0.0463) / 2-5-6(0.0457) / 2-6-4(0.0432) / 2-6-5(0.0419)
2025-04-11,2,4-1-3,3-5-1,0.04291926439782576,False,3-5-1(0.0429) / 3-1-5(0.0423) / 5-3-1(0.0396) / 1-3-5(0.0387) / 5-1-3(0.0348) / 1-5-3(0.0345) / 3-5-6(0.0330) / 3-1-6(0.0315) / 5-3-6(0.0305) / 3-6-5(0.0294)
2025-04-11,3,2-3-5,4-1-2,0.023297394440271717,False,4-1-2(0.0233) / 4-2-1(0.0226) / 4-1-5(0.0210) / 1-4-2(0.0204) / 4-5-1(0.0198) / 2-4-1(0.0193) / 4-2-5(0.0184) / 1-4-5(0.0184) / 4-5-2(0.0179) / 4-1-6(0.0173)
2025-04-11,4,1-2-3,4-6-5,0.04197694618807238,False,4-6-5(0.0420) / 4-5-6(0.0373) / 4-6-2(0.0362) / 6-4-5(0.0347) / 4-2-6(0.0308) / 6-4-2(0.0299) / 5-4-6(0.0289) / 6-5-4(0.0242) / 4-5-2(0.0240) / 2-4-6(0.0232)
2025-04-11,5,1-3-5,5-6-3,0.08096437185799092,False,5-6-3(0.0810) / 5-6-2(0.0735) / 5-3-6(0.0577) / 6-5-3(0.0520) / 5-2-6(0.0511) / 5-6-4(0.0483) / 6-5-2(0.0472) / 3-5-6(0.0323) / 5-4-6(0.0311) / 6-5-4(0.0310)
2025-04-11,6,2-1-3,1-6-4,0.06165421756784185,False,1-6-4(0.0617) / 1-6-3(0.0578) / 1-4-6(0.0572) / 1-3-6(0.0524) / 1-4-3(0.0452) / 1-3-4(0.0441) / 6-1-4(0.0420) / 6-1-3(0.0394) / 4-1-6(0.0376) / 3-1-6(0.0341)
2025-04-11,7,1-6-3,6-4-1,0.25754450850544736,False,6-4-1(0.2575) / 6-1-4(0.1866) / 6-4-2(0.0601) / 6-4-3(0.0560) / 4-6-1(0.0474) / 6-4-5(0.0420) / 1-6-4(0.0332) / 6-2-4(0.0324) / 6-3-4(0.0301) / 6-1-2(0.0270)
2025-04-11,8,1-2-5,5-6-1,0.04890796901642821,False,5-6-1(0.0489) / 5-1-6(0.0471) / 6-5-1(0.0455) / 1-5-6(0.0428) / 6-1-5(0.0394) / 1-6-5(0.0385) / 5-6-3(0.0203) / 6-5-3(0.0188) / 5-1-3(0.0181) / 5-6-4(0.0165)
2025-04-11,9,1-2-5,2-6-4,0.019106054534389315,False,2-6-4(0.0191) / 2-6-1(0.0191) / 6-2-4(0.0182) / 6-2-1(0.0182) / 2-4-6(0.0177) / 2-1-6(0.0176) / 4-2-6(0.0159) / 6-4-2(0.0159) / 1-2-6(0.0159) / 6-1-2(0.0158)
2025-04-11,10,1-5-2,2-3-1,0.04995367787519274,False,2-3-1(0.0500) / 2-1-3(0.0432) / 2-3-4(0.0380) / 3-2-1(0.0379) / 2-3-5(0.0330) / 2-4-3(0.0306) / 1-2-3(0.0304) / 3-2-4(0.0288) / 2-5-3(0.0258) / 3-2-5(0.0250)
2025-04-11,11,2-1-3,1-5-4,0.22299689379677706,False,1-5-4(0.2230) / 1-5-2(0.1626) / 1-5-3(0.1398) / 1-4-5(0.0823) / 1-5-6(0.0643) / 1-2-5(0.0578) / 1-3-5(0.0491) / 5-1-4(0.0312) / 5-1-2(0.0227) / 1-6-5(0.0216)
2025-04-11,12,6-3-2,6-2-1,0.11941642617944966,False,6-2-1(0.1194) / 2-6-1(0.0983) / 6-2-5(0.0946) / 2-6-5(0.0779) / 6-1-2(0.0657) / 6-5-2(0.0493) / 2-1-6(0.0426) / 1-6-2(0.0418) / 1-2-6(0.0329) / 2-5-6(0.0323)
2025-04-12,1,4-2-1,3-6-2,0.06253932911002145,False,3-6-2(0.0625) / 6-3-2(0.0595) / 3-6-4(0.0565) / 6-3-4(0.0538) / 3-2-6(0.0462) / 6-2-3(0.0413) / 3-4-6(0.0406) / 2-3-6(0.0371) / 6-4-3(0.0363) / 2-6-3(0.0348)
2025-04-12,2,2-1-5,4-1-5,0.04192011555603178,False,4-1-5(0.0419) / 1-4-5(0.0414) / 4-5-1(0.0395) / 1-5-4(0.0383) / 5-4-1(0.0375) / 5-1-4(0.0368) / 4-1-2(0.0350) / 1-4-2(0.0346) / 4-2-1(0.0308) / 1-2-4(0.0299)
2025-04-12,3,1-3-2,3-2-1,0.04571471495470886,False,3-2-1(0.0457) / 3-2-4(0.0418) / 3-1-2(0.0401) / 2-3-1(0.0380) / 3-4-2(0.0357) / 2-3-4(0.0347) / 1-3-2(0.0309) / 3-2-6(0.0282) / 4-3-2(0.0271) / 3-1-4(0.0267)
2025-04-12,5,2-1-4,6-5-1,0.1474584158323353,False,6-5-1(0.1475) / 6-1-5(0.0964) / 5-6-1(0.0890) / 1-6-5(0.0504) / 6-5-4(0.0472) / 6-5-3(0.0462) / 6-5-2(0.0368) / 5-1-6(0.0308) / 5-6-4(0.0285) / 5-6-3(0.0279)
2025-04-12,6,3-1-4,3-1-4,0.29116025578888777,True,3-1-4(0.2912) / 3-4-1(0.1806) / 1-3-4(0.0727) / 3-1-2(0.0626) / 3-1-5(0.0522) / 4-3-1(0.0422) / 3-1-6(0.0321) / 3-2-1(0.0293) / 3-5-1(0.0242) / 3-4-2(0.0202)
2025-04-12,7,1-5-6,5-3-6,0.061840440892124475,False,5-3-6(0.0618) / 5-6-3(0.0601) / 3-5-6(0.0520) / 6-5-3(0.0498) / 3-6-5(0.0395) / 6-3-5(0.0389) / 5-3-1(0.0359) / 5-6-1(0.0331) / 3-5-1(0.0302) / 5-1-3(0.0289)
2025-04-12,8,1-4-3,2-3-4,0.04350675637023808,False,2-3-4(0.0435) / 2-4-3(0.0426) / 2-3-1(0.0419) / 2-1-3(0.0406) / 2-3-6(0.0392) / 2-4-1(0.0385) / 2-1-4(0.0380) / 2-6-3(0.0373) / 2-4-6(0.0360) / 2-6-4(0.0349)
2025-04-12,9,1-2-6,4-1-6,0.05112781977104043,False,4-1-6(0.0511) / 4-6-1(0.0442) / 1-4-6(0.0393) / 4-1-5(0.0381) / 6-4-1(0.0315) / 4-5-1(0.0304) / 1-4-5(0.0293) / 4-1-2(0.0283) / 1-6-4(0.0242) / 4-6-5(0.0232)
2025-04-12,10,2-1-6,2-4-1,0.13539089036556703,False,2-4-1(0.1354) / 2-4-5(0.1334) / 2-4-6(0.1227) / 2-4-3(0.0670) / 2-1-4(0.0533) / 2-5-4(0.0524) / 4-2-1(0.0488) / 4-2-5(0.0480) / 2-6-4(0.0477) / 4-2-6(0.0442)
2025-04-12,11,1-2-4,2-3-5,0.04621759362513458,False,2-3-5(0.0462) / 2-5-3(0.0426) / 3-2-5(0.0400) / 5-2-3(0.0352) / 3-5-2(0.0304) / 2-3-1(0.0300) / 5-3-2(0.0290) / 3-2-1(0.0260) / 2-1-3(0.0244) / 2-5-1(0.0230)
2025-04-12,12,6-5-1,1-6-4,0.051241555553187455,False,1-6-4(0.0512) / 1-6-2(0.0502) / 1-4-6(0.0443) / 1-2-6(0.0432) / 6-1-4(0.0379) / 6-1-2(0.0372) / 4-1-6(0.0305) / 1-4-2(0.0304) / 1-2-4(0.0302) / 2-1-6(0.0296)
2025-04-13,1,1-5-4,6-2-1,0.0817376174626564,False,6-2-1(0.0817) / 2-6-1(0.0667) / 6-1-2(0.0622) / 6-2-5(0.0605) / 2-6-5(0.0494) / 1-6-2(0.0444) / 6-5-2(0.0422) / 2-1-6(0.0389) / 1-2-6(0.0340) / 5-6-2(0.0287)
2025-04-13,2,4-5-6,1-3-6,0.027109294887404618,False,1-3-6(0.0271) / 3-1-6(0.0267) / 1-6-3(0.0267) / 6-1-3(0.0260) / 3-6-1(0.0258) / 6-3-1(0.0255) / 1-3-4(0.0218) / 3-1-4(0.0214) / 1-6-4(0.0206) / 6-1-4(0.0201)
2025-04-13,3,1-3-4,5-4-1,0.03149527356149818,False,5-4-1(0.0315) / 5-1-4(0.0315) / 5-4-3(0.0307) / 5-1-3(0.0307) / 5-3-4(0.0304) / 5-3-1(0.0304) / 4-5-1(0.0258) / 1-5-4(0.0258) / 4-5-3(0.0252) / 1-5-3(0.0251)
2025-04-13,4,2-3-1,5-2-6,0.06934325932256051,False,5-2-6(0.0693) / 5-6-2(0.0685) / 2-5-6(0.0510) / 6-5-2(0.0501) / 5-2-3(0.0424) / 5-6-3(0.0409) / 5-3-2(0.0352) / 5-3-6(0.0343) / 2-6-5(0.0327) / 6-2-5(0.0326)
2025-04-13,5,1-2-3,6-2-1,0.09279131571267739,False,6-2-1(0.0928) / 6-2-3(0.0754) / 2-6-1(0.0650) / 6-1-2(0.0626) / 6-2-5(0.0536) / 2-6-3(0.0528) / 6-3-2(0.0483) / 2-6-5(0.0376) / 1-6-2(0.0372) / 6-5-2(0.0324)
2025-04-13,6,1-2-3,3-1-5,0.03443298364799591,False,3-1-5(0.0344) / 1-3-5(0.0310) / 3-1-6(0.0306) / 3-5-1(0.0289) / 1-3-6(0.0275) / 3-6-1(0.0249) / 5-3-1(0.0233) / 1-5-3(0.0227) / 3-1-4(0.0214) / 5-1-3(0.0204)
2025-04-13,7,1-2-3,1-6-2,0.08665664536680547,False,1-6-2(0.0867) / 6-1-2(0.0844) / 1-6-5(0.0784) / 6-1-5(0.0763) / 1-6-4(0.0508) / 6-1-4(0.0494) / 1-6-3(0.0385) / 6-1-3(0.0375) / 1-2-6(0.0359) / 6-2-1(0.0339)
2025-04-13,8,2-1-3,1-2-3,0.03970663648591368,False,1-2-3(0.0397) / 2-1-3(0.0390) / 1-3-2(0.0359) / 2-3-1(0.0344) / 3-1-2(0.0330) / 3-2-1(0.0322) / 1-2-4(0.0204) / 2-1-4(0.0201) / 1-2-6(0.0180) / 2-1-6(0.0177)
2025-04-13,9,1-4-5,1-3-4,0.0921055429935098,False,1-3-4(0.0921) / 1-3-2(0.0880) / 1-4-3(0.0651) / 1-2-3(0.0614) / 3-1-4(0.0579) / 3-1-2(0.0553) / 1-3-5(0.0462) / 4-1-3(0.0358) / 2-1-3(0.0336) / 1-4-2(0.0305)
2025-04-13,11,1-4-5,4-5-6,0.050218007975311195,False,4-5-6(0.0502) / 5-4-6(0.0442) / 4-5-2(0.0422) / 4-5-1(0.0381) / 5-4-2(0.0372) / 4-6-5(0.0344) / 5-4-1(0.0336) / 4-5-3(0.0288) / 4-2-5(0.0279) / 5-6-4(0.0259)
2025-04-13,12,2-5-3,3-5-1,0.09992558741748148,False,3-5-1(0.0999) / 3-1-5(0.0952) / 3-5-6(0.0570) / 3-5-2(0.0551) / 3-1-6(0.0484) / 3-1-2(0.0468) / 3-6-5(0.0466) / 3-2-5(0.0448) / 3-6-1(0.0415) / 3-2-1(0.0399)
2025-04-16,1,2-3-5,5-3-6,0.05326487358298511,False,5-3-6(0.0533) / 3-5-6(0.0532) / 5-3-4(0.0432) / 3-5-4(0.0432) / 5-6-3(0.0431) / 3-6-5(0.0429) / 6-5-3(0.0377) / 6-3-5(0.0376) / 5-4-3(0.0327) / 3-4-5(0.0326)
2025-04-16,2,1-2-5,6-1-5,0.0816991430397149,False,6-1-5(0.0817) / 1-6-5(0.0724) / 6-1-4(0.0570) / 1-6-4(0.0506) / 6-5-1(0.0505) / 6-1-2(0.0391) / 1-5-6(0.0385) / 5-6-1(0.0352) / 1-6-2(0.0346) / 6-4-1(0.0327)
2025-04-16,3,1-2-4,4-5-6,0.05075662692428496,False,4-5-6(0.0508) / 5-4-6(0.0443) / 4-6-5(0.0418) / 4-5-1(0.0375) / 5-4-1(0.0328) / 6-4-5(0.0327) / 5-6-4(0.0306) / 4-1-5(0.0285) / 6-5-4(0.0274) / 4-5-2(0.0262)
2025-04-16,4,1-5-2,5-4-2,0.08301405488869809,False,5-4-2(0.0830) / 5-4-6(0.0776) / 4-5-2(0.0553) / 4-5-6(0.0518) / 5-2-4(0.0516) / 5-6-4(0.0476) / 5-4-3(0.0433) / 5-4-1(0.0384) / 4-5-3(0.0289) / 2-5-4(0.0285)
2025-04-16,5,1-5-3,3-5-6,0.1267779696690164,False,3-5-6(0.1268) / 5-3-6(0.0940) / 3-6-5(0.0846) / 3-5-1(0.0572) / 6-3-5(0.0531) / 3-5-4(0.0441) / 5-6-3(0.0426) / 5-3-1(0.0424) / 6-5-3(0.0360) / 5-3-4(0.0327)
2025-04-16,6,1-3-4,3-4-1,0.090847998123233,False,3-4-1(0.0908) / 3-4-5(0.0811) / 3-4-6(0.0675) / 4-3-1(0.0550) / 3-1-4(0.0548) / 4-3-5(0.0491) / 3-5-4(0.0478) / 4-3-6(0.0409) / 3-6-4(0.0386) / 3-4-2(0.0279)
2025-04-16,7,1-4-6,5-3-4,0.062236378751752884,False,5-3-4(0.0622) / 5-3-1(0.0553) / 5-4-3(0.0501) / 3-5-4(0.0478) / 5-1-3(0.0431) / 3-5-1(0.0425) / 4-5-3(0.0346) / 1-5-3(0.0292) / 5-4-1(0.0276) / 3-4-5(0.0275)
2025-04-16,8,1-2-4,3-1-5,0.044409706289392864,False,3-1-5(0.0444) / 1-3-5(0.0442) / 3-5-1(0.0405) / 1-5-3(0.0402) / 5-3-1(0.0380) / 5-1-3(0.0379) / 3-1-4(0.0220) / 1-3-4(0.0220) / 3-5-4(0.0167) / 3-4-1(0.0166)
2025-04-16,9,4-1-2,4-3-2,0.05201486263018068,False,4-3-2(0.0520) / 4-2-3(0.0497) / 4-3-1(0.0380) / 4-3-5(0.0370) / 3-4-2(0.0359) / 2-4-3(0.0335) / 4-1-3(0.0330) / 4-2-1(0.0324) / 4-5-3(0.0319) / 4-2-5(0.0316)
2025-04-16,10,4-3-1,2-1-3,0.06477517330243462,False,2-1-3(0.0648) / 2-3-1(0.0605) / 1-2-3(0.0535) / 3-2-1(0.0482) / 1-3-2(0.0382) / 3-1-2(0.0369) / 2-1-4(0.0253) / 2-1-5(0.0210) / 1-2-4(0.0209) / 2-3-4(0.0207)
2025-04-16,12,2-1-6,4-1-6,0.03798113548700803,False,4-1-6(0.0380) / 1-4-6(0.0331) / 4-6-1(0.0320) / 4-1-3(0.0298) / 4-1-5(0.0272) / 1-4-3(0.0260) / 6-4-1(0.0253) / 1-4-5(0.0237) / 4-3-1(0.0237) / 1-6-4(0.0235)
2025-04-17,1,1-3-4,1-4-2,0.10338512560810739,False,1-4-2(0.1034) / 4-1-2(0.0821) / 1-4-6(0.0790) / 4-1-6(0.0628) / 1-2-4(0.0488) / 1-4-5(0.0472) / 1-4-3(0.0467) / 4-1-5(0.0375) / 4-1-3(0.0371) / 1-6-4(0.0358)
2025-04-17,2,3-6-2,6-5-3,0.05794565707789536,False,6-5-3(0.0579) / 6-3-5(0.0537) / 5-6-3(0.0416) / 6-5-2(0.0406) / 3-6-5(0.0371) / 6-2-5(0.0338) / 6-3-2(0.0316) / 6-5-1(0.0315) / 5-6-2(0.0292) / 6-2-3(0.0283)
2025-04-17,3,1-2-3,2-6-3,0.03152710068354395,False,2-6-3(0.0315) / 2-6-5(0.0303) / 2-3-6(0.0280) / 2-6-1(0.0277) / 2-5-6(0.0266) / 6-2-3(0.0265) / 6-2-5(0.0255) / 2-1-6(0.0237) / 6-2-1(0.0233) / 3-2-6(0.0219)
2025-04-17,4,5-4-3,3-2-4,0.1289184688453121,False,3-2-4(0.1289) / 2-3-4(0.1156) / 3-4-2(0.0992) / 4-3-2(0.0783) / 2-4-3(0.0755) / 4-2-3(0.0665) / 3-2-1(0.0329) / 2-3-1(0.0295) / 3-1-2(0.0182) / 3-4-1(0.0176)
2025-04-17,5,1-2-5,1-6-2,0.03455483094375768,False,1-6-2(0.0346) / 1-2-6(0.0329) / 6-1-2(0.0313) / 2-1-6(0.0288) / 6-2-1(0.0260) / 1-6-5(0.0254) / 2-6-1(0.0252) / 6-1-5(0.0229) / 1-5-6(0.0220) / 1-2-5(0.0213)
2025-04-17,6,1-3-5,6-4-2,0.05739953561260734,False,6-4-2(0.0574) / 4-6-2(0.0570) / 6-2-4(0.0442) / 4-2-6(0.0436) / 6-4-1(0.0407) / 4-6-1(0.0404) / 2-6-4(0.0376) / 2-4-6(0.0373) / 6-1-4(0.0285) / 4-1-6(0.0281)
2025-04-17,7,2-3-1,6-5-2,0.08053513899901527,False,6-5-2(0.0805) / 6-2-5(0.0767) / 5-6-2(0.0572) / 2-6-5(0.0532) / 6-5-1(0.0372) / 5-2-6(0.0338) / 2-5-6(0.0331) / 6-2-1(0.0323) / 6-5-4(0.0313) / 6-1-5(0.0281)
2025-04-17,8,1-2-3,2-4-1,0.1132981544855777,False,2-4-1(0.1133) / 2-4-5(0.1121) / 2-4-6(0.1095) / 2-1-4(0.0646) / 2-5-4(0.0638) / 2-6-4(0.0621) / 2-4-3(0.0555) / 4-2-1(0.0303) / 4-2-5(0.0300) / 4-2-6(0.0293)
2025-04-17,9,4-5-6,3-6-2,0.06331625197000096,False,3-6-2(0.0633) / 3-6-4(0.0606) / 6-3-2(0.0495) / 6-3-4(0.0474) / 3-2-6(0.0461) / 3-4-6(0.0437) / 3-6-1(0.0387) / 2-3-6(0.0309) / 6-3-1(0.0302) / 4-3-6(0.0291)
2025-04-17,10,1-6-2,6-1-5,0.058509783286425344,False,6-1-5(0.0585) / 6-1-2(0.0580) / 6-5-1(0.0523) / 6-2-1(0.0517) / 6-5-2(0.0379) / 6-2-5(0.0378) / 6-1-4(0.0323) / 6-1-3(0.0309) / 1-6-5(0.0280) / 1-6-2(0.0277)
2025-04-17,11,2-1-4,1-6-5,0.02477855355577727,False,1-6-5(0.0248) / 6-1-5(0.0245) / 1-5-6(0.0244) / 5-1-6(0.0239) / 6-5-1(0.0238) / 5-6-1(0.0236) / 1-6-4(0.0188) / 6-1-4(0.0186) / 1-5-4(0.0179) / 5-1-4(0.0175)
2025-04-18,1,1-6-4,5-2-1,0.031749657736187716,False,5-2-1(0.0317) / 5-1-2(0.0296) / 2-5-1(0.0282) / 5-2-6(0.0273) / 1-5-2(0.0251) / 5-6-2(0.0243) / 2-5-6(0.0242) / 2-1-5(0.0225) / 5-2-3(0.0219) / 1-2-5(0.0215)
2025-04-18,2,1-3-2,1-5-6,0.09988187821311428,False,1-5-6(0.0999) / 5-1-6(0.0888) / 1-6-5(0.0616) / 5-6-1(0.0472) / 6-1-5(0.0434) / 1-5-3(0.0401) / 1-5-4(0.0378) / 6-5-1(0.0373) / 5-1-3(0.0356) / 5-1-4(0.0336)
2025-04-18,3,2-4-1,2-5-6,0.17793938504211684,False,2-5-6(0.1779) / 2-5-1(0.0998) / 2-6-5(0.0933) / 5-2-6(0.0918) / 5-2-1(0.0515) / 2-1-5(0.0469) / 6-2-5(0.0403) / 2-5-4(0.0398) / 2-5-3(0.0358) / 5-6-2(0.0220)
2025-04-18,4,2-3-5,5-6-2,0.0677481370628379,False,5-6-2(0.0677) / 5-2-6(0.0670) / 6-5-2(0.0584) / 2-5-6(0.0573) / 6-2-5(0.0463) / 2-6-5(0.0460) / 5-6-3(0.0251) / 5-2-3(0.0243) / 6-5-3(0.0217) / 2-5-3(0.0208)
2025-04-18,5,3-1-4,5-4-6,0.1192677665549026,False,5-4-6(0.1193) / 5-4-3(0.1140) / 5-4-2(0.0803) / 4-5-6(0.0770) / 4-5-3(0.0736) / 5-6-4(0.0547) / 5-3-4(0.0519) / 4-5-2(0.0519) / 5-2-4(0.0349) / 6-5-4(0.0272)
2025-04-18,6,1-2-3,1-4-3,0.18361492822528191,False,1-4-3(0.1836) / 1-3-4(0.1561) / 4-1-3(0.1181) / 3-1-4(0.0948) / 4-3-1(0.0526) / 3-4-1(0.0497) / 1-4-6(0.0262) / 1-4-2(0.0212) / 1-3-6(0.0181) / 4-1-6(0.0169)
2025-04-18,7,5-6-2,2-5-1,0.07236028123282258,False,2-5-1(0.0724) / 2-1-5(0.0680) / 2-5-4(0.0662) / 2-4-5(0.0603) / 2-1-4(0.0538) / 2-4-1(0.0521) / 5-2-1(0.0371) / 1-2-5(0.0341) / 5-2-4(0.0340) / 4-2-5(0.0299)
2025-04-18,8,3-1-4,3-1-2,0.036595263318286636,False,3-1-2(0.0366) / 3-2-1(0.0351) / 1-3-2(0.0338) / 3-1-4(0.0322) / 2-3-1(0.0315) / 1-3-4(0.0297) / 3-4-1(0.0294) / 1-2-3(0.0290) / 2-1-3(0.0282) / 3-2-4(0.0279)
2025-04-18,9,2-1-3,5-2-6,0.044955091532643314,False,5-2-6(0.0450) / 2-5-6(0.0440) / 5-6-2(0.0440) / 6-5-2(0.0426) / 2-6-5(0.0419) / 6-2-5(0.0413) / 5-2-3(0.0221) / 2-5-3(0.0217) / 5-6-3(0.0208) / 6-5-3(0.0201)
2025-04-18,10,1-3-5,5-1-3,0.046028364674195146,False,5-1-3(0.0460) / 5-1-4(0.0424) / 5-3-1(0.0418) / 1-5-3(0.0382) / 5-4-1(0.0374) / 1-5-4(0.0351) / 3-5-1(0.0328) / 5-3-4(0.0306) / 5-4-3(0.0298) / 4-5-1(0.0289)
2025-04-18,11,1-3-2,2-3-6,0.05275916495748291,False,2-3-6(0.0528) / 3-2-6(0.0448) / 2-6-3(0.0429) / 2-3-4(0.0359) / 6-2-3(0.0325) / 3-2-4(0.0305) / 3-6-2(0.0295) / 2-3-5(0.0276) / 2-4-3(0.0265) / 6-3-2(0.0263)
2025-04-18,12,1-3-2,6-1-4,0.13998316274443032,False,6-1-4(0.1400) / 6-4-1(0.1182) / 1-6-4(0.0895) / 4-6-1(0.0709) / 6-1-2(0.0481) / 1-4-6(0.0406) / 4-1-6(0.0381) / 6-4-2(0.0313) / 1-6-2(0.0307) / 6-2-1(0.0301)
2025-04-19,1,1-4-6,6-1-4,0.03330249335115407,False,6-1-4(0.0333) / 1-6-4(0.0330) / 6-4-1(0.0307) / 1-4-6(0.0301) / 4-6-1(0.0289) / 4-1-6(0.0286) / 6-1-3(0.0183) / 1-6-3(0.0182) / 6-1-2(0.0168) / 1-6-2(0.0166)
2025-04-19,2,1-2-4,2-4-3,0.08158968667968464,False,2-4-3(0.0816) / 4-2-3(0.0672) / 2-3-4(0.0534) / 2-4-6(0.0527) / 2-4-5(0.0482) / 4-2-6(0.0434) / 4-2-5(0.0397) / 3-2-4(0.0359) / 4-3-2(0.0346) / 2-6-4(0.0315)
2025-04-19,3,1-2-5,5-2-6,0.08209420706833388,False,5-2-6(0.0821) / 2-5-6(0.0696) / 5-6-2(0.0696) / 6-5-2(0.0542) / 2-6-5(0.0469) / 5-2-3(0.0435) / 6-2-5(0.0431) / 2-5-3(0.0369) / 5-3-2(0.0305) / 5-6-3(0.0276)
2025-04-19,4,2-1-3,2-6-4,0.11018361378503162,False,2-6-4(0.1102) / 2-6-1(0.0892) / 2-4-6(0.0702) / 2-6-3(0.0614) / 6-2-4(0.0551) / 2-1-6(0.0543) / 6-2-1(0.0446) / 2-3-6(0.0353) / 6-2-3(0.0307) / 4-2-6(0.0306)
2025-04-19,5,2-4-1,5-1-4,0.0640274133785164,False,5-1-4(0.0640) / 1-5-4(0.0625) / 5-4-1(0.0604) / 4-5-1(0.0568) / 1-4-5(0.0567) / 4-1-5(0.0547) / 5-1-3(0.0218) / 1-5-3(0.0213) / 5-4-3(0.0186) / 5-1-2(0.0179)
2025-04-19,6,1-3-4,4-5-1,0.09300670154819521,False,4-5-1(0.0930) / 4-1-5(0.0774) / 4-5-6(0.0698) / 4-6-5(0.0539) / 4-5-2(0.0471) / 4-5-3(0.0391) / 4-1-6(0.0377) / 4-6-1(0.0350) / 4-2-5(0.0340) / 5-4-1(0.0335)
2025-04-19,7,2-1-3,2-1-6,0.10851492346278757,False,2-1-6(0.1085) / 2-6-1(0.0871) / 1-2-6(0.0733) / 6-2-1(0.0538) / 2-1-3(0.0467) / 1-6-2(0.0350) / 6-1-2(0.0320) / 1-2-3(0.0315) / 2-3-1(0.0302) / 2-1-4(0.0283)
2025-04-19,8,1-2-3,3-4-1,0.1294363135513816,False,3-4-1(0.1294) / 4-3-1(0.0942) / 3-1-4(0.0819) / 3-4-2(0.0726) / 4-3-2(0.0528) / 1-3-4(0.0496) / 3-2-4(0.0401) / 4-1-3(0.0398) / 3-4-5(0.0333) / 1-4-3(0.0331)
2025-04-19,9,1-3-4,4-1-3,0.04241869045033338,False,4-1-3(0.0424) / 4-1-2(0.0395) / 4-1-6(0.0378) / 1-4-3(0.0350) / 1-4-2(0.0326) / 4-3-1(0.0313) / 1-4-6(0.0312) / 4-2-1(0.0287) / 4-1-5(0.0276) / 4-6-1(0.0272)
2025-04-19,10,1-6-5,1-6-3,0.0984219426540547,False,1-6-3(0.0984) / 1-3-6(0.0911) / 6-1-3(0.0745) / 3-1-6(0.0666) / 6-3-1(0.0461) / 3-6-1(0.0445) / 1-6-5(0.0393) / 1-3-5(0.0321) / 6-1-5(0.0298) / 1-5-6(0.0274)
2025-04-19,11,1-6-3,6-3-1,0.032779206843968005,False,6-3-1(0.0328) / 3-6-1(0.0327) / 6-1-3(0.0325) / 3-1-6(0.0323) / 1-6-3(0.0323) / 1-3-6(0.0321) / 6-3-5(0.0213) / 3-6-5(0.0212) / 6-1-5(0.0207) / 1-6-5(0.0206)
2025-04-19,12,1-3-4,5-3-1,0.04075982300444589,False,5-3-1(0.0408) / 5-1-3(0.0404) / 3-5-1(0.0319) / 1-5-3(0.0315) / 5-3-6(0.0298) / 5-1-6(0.0289) / 5-6-3(0.0267) / 5-6-1(0.0262) / 3-5-6(0.0233) / 3-1-5(0.0228)
2025-04-20,1,2-1-3,3-2-5,0.07768540709913042,False,3-2-5(0.0777) / 3-5-2(0.0755) / 3-2-4(0.0493) / 3-5-4(0.0451) / 2-3-5(0.0451) / 5-3-2(0.0434) / 3-4-2(0.0412) / 3-4-5(0.0388) / 3-2-1(0.0367) / 3-5-1(0.0336)
2025-04-20,2,1-2-3,3-2-4,0.036488627144704,False,3-2-4(0.0365) / 2-3-4(0.0364) / 3-4-2(0.0341) / 2-4-3(0.0338) / 4-3-2(0.0324) / 4-2-3(0.0323) / 3-2-5(0.0273) / 2-3-5(0.0272) / 3-5-2(0.0231) / 2-5-3(0.0230)
2025-04-20,3,1-6-2,2-1-4,0.11280833846134995,False,2-1-4(0.1128) / 1-2-4(0.0907) / 2-1-6(0.0714) / 2-4-1(0.0654) / 1-2-6(0.0574) / 2-1-5(0.0454) / 4-2-1(0.0415) / 1-4-2(0.0401) / 2-6-1(0.0376) / 1-2-5(0.0365)
2025-04-20,5,1-2-6,1-6-2,0.025558695979224968,False,1-6-2(0.0256) / 1-6-5(0.0248) / 1-2-6(0.0245) / 1-5-6(0.0235) / 6-1-2(0.0220) / 6-1-5(0.0213) / 1-2-5(0.0209) / 1-5-2(0.0207) / 1-6-4(0.0205) / 2-1-6(0.0205)
2025-04-20,6,3-1-6,4-6-2,0.04761106586411468,False,4-6-2(0.0476) / 4-2-6(0.0421) / 4-6-1(0.0384) / 4-6-3(0.0381) / 4-1-6(0.0322) / 4-3-6(0.0318) / 6-4-2(0.0303) / 2-4-6(0.0253) / 6-4-1(0.0245) / 6-4-3(0.0242)
2025-04-20,7,1-6-4,6-5-1,0.10058061459101837,False,6-5-1(0.1006) / 5-6-1(0.0823) / 6-1-5(0.0600) / 6-5-2(0.0584) / 6-5-4(0.0551) / 5-6-2(0.0478) / 5-6-4(0.0450) / 1-6-5(0.0390) / 5-1-6(0.0383) / 6-2-5(0.0314)
2025-04-20,8,1-4-5,1-4-2,0.07410214697416113,False,1-4-2(0.0741) / 1-2-4(0.0735) / 4-1-2(0.0533) / 2-1-4(0.0527) / 4-2-1(0.0333) / 2-4-1(0.0332) / 1-4-5(0.0306) / 1-2-5(0.0299) / 1-5-4(0.0234) / 1-5-2(0.0230)
2025-04-20,9,6-2-1,2-6-4,0.060943892676513144,False,2-6-4(0.0609) / 6-2-4(0.0609) / 2-4-6(0.0398) / 6-4-2(0.0397) / 2-6-5(0.0352) / 6-2-5(0.0352) / 2-6-1(0.0337) / 6-2-1(0.0337) / 4-2-6(0.0311) / 4-6-2(0.0311)
2025-04-20,11,3-2-4,3-2-6,0.03342920190971357,False,3-2-6(0.0334) / 2-3-6(0.0328) / 3-6-2(0.0305) / 3-2-1(0.0296) / 2-6-3(0.0292) / 2-3-1(0.0291) / 6-3-2(0.0281) / 6-2-3(0.0274) / 3-1-2(0.0259) / 2-1-3(0.0249)
2025-04-21,1,4-1-2,4-2-1,0.07613079414575884,False,4-2-1(0.0761) / 2-4-1(0.0746) / 4-2-3(0.0542) / 2-4-3(0.0531) / 4-1-2(0.0518) / 2-1-4(0.0495) / 1-4-2(0.0411) / 1-2-4(0.0400) / 4-3-2(0.0338) / 2-3-4(0.0323)
2025-04-21,2,3-5-6,1-5-3,0.1174955768711837,False,1-5-3(0.1175) / 1-3-5(0.1111) / 5-1-3(0.0876) / 3-1-5(0.0808) / 5-3-1(0.0534) / 3-5-1(0.0521) / 1-5-6(0.0351) / 1-3-6(0.0304) / 5-1-6(0.0261) / 1-6-5(0.0231)
2025-04-21,3,1-4-5,3-5-2,0.04512346598846543,False,3-5-2(0.0451) / 5-3-2(0.0394) / 3-2-5(0.0382) / 3-5-4(0.0341) / 2-3-5(0.0303) / 5-3-4(0.0298) / 5-2-3(0.0280) / 3-5-6(0.0269) / 3-4-5(0.0268) / 2-5-3(0.0254)
2025-04-21,5,1-2-5,5-3-4,0.05125508437578948,False,5-3-4(0.0513) / 5-4-3(0.0474) / 5-3-1(0.0443) / 5-1-3(0.0391) / 3-5-4(0.0387) / 4-5-3(0.0344) / 5-4-1(0.0342) / 3-5-1(0.0334) / 5-1-4(0.0325) / 1-5-3(0.0276)
2025-04-21,6,3-4-2,1-4-5,0.09229297427142222,False,1-4-5(0.0923) / 1-5-4(0.0889) / 4-1-5(0.0682) / 5-1-4(0.0646) / 1-4-3(0.0427) / 4-5-1(0.0424) / 5-4-1(0.0417) / 1-5-3(0.0386) / 1-3-4(0.0317) / 4-1-3(0.0316)
2025-04-21,7,2-6-4,2-6-1,0.12545848015264707,False,2-6-1(0.1255) / 2-1-6(0.1250) / 6-2-1(0.0800) / 1-2-6(0.0795) / 6-1-2(0.0411) / 1-6-2(0.0411) / 2-6-3(0.0313) / 2-1-3(0.0310) / 2-6-5(0.0238) / 2-1-5(0.0236)
2025-04-21,8,2-1-3,1-4-3,0.05234401330836575,False,1-4-3(0.0523) / 1-3-4(0.0504) / 4-1-3(0.0460) / 3-1-4(0.0434) / 4-3-1(0.0370) / 3-4-1(0.0362) / 1-4-6(0.0254) / 1-3-6(0.0226) / 4-1-6(0.0223) / 1-4-2(0.0210)
2025-04-21,10,3-1-2,3-1-4,0.0789089021366732,False,3-1-4(0.0789) / 1-3-4(0.0717) / 3-4-1(0.0537) / 1-4-3(0.0431) / 3-1-5(0.0406) / 4-3-1(0.0399) / 3-1-2(0.0374) / 1-3-5(0.0369) / 4-1-3(0.0352) / 1-3-2(0.0340)
2025-04-21,12,2-3-5,5-2-4,0.036308932029407465,False,5-2-4(0.0363) / 5-2-3(0.0352) / 2-5-4(0.0314) / 5-2-6(0.0309) / 2-5-3(0.0305) / 5-4-2(0.0282) / 5-3-2(0.0272) / 2-5-6(0.0268) / 5-6-2(0.0233) / 5-2-1(0.0229)
2025-04-28,1,2-6-3,1-3-2,0.15293808950568383,False,1-3-2(0.1529) / 1-2-3(0.1528) / 3-1-2(0.1265) / 2-1-3(0.1264) / 3-2-1(0.0913) / 2-3-1(0.0913) / 1-3-5(0.0132) / 1-2-5(0.0132) / 3-1-5(0.0109) / 2-1-5(0.0109)
2025-04-28,2,2-3-6,2-6-4,0.06745711731678182,False,2-6-4(0.0675) / 6-2-4(0.0562) / 2-4-6(0.0559) / 4-2-6(0.0422) / 2-6-5(0.0370) / 6-4-2(0.0366) / 4-6-2(0.0331) / 2-6-3(0.0328) / 6-2-5(0.0308) / 6-2-3(0.0274)
2025-04-28,3,2-6-3,2-6-1,0.10122384332334768,False,2-6-1(0.1012) / 2-6-3(0.0915) / 6-2-1(0.0878) / 6-2-3(0.0794) / 2-6-4(0.0646) / 6-2-4(0.0560) / 2-1-6(0.0433) / 2-3-6(0.0386) / 6-1-2(0.0319) / 6-3-2(0.0285)
2025-04-28,4,1-4-6,5-3-4,0.20481538216471443,False,5-3-4(0.2048) / 5-4-3(0.1342) / 5-3-2(0.1280) / 5-2-3(0.0744) / 3-5-4(0.0509) / 5-4-2(0.0415) / 5-3-1(0.0386) / 5-2-4(0.0368) / 3-5-2(0.0318) / 4-5-3(0.0313)
2025-04-28,5,3-1-2,1-6-3,0.037236898330341064,False,1-6-3(0.0372) / 1-3-6(0.0357) / 6-1-3(0.0354) / 1-6-5(0.0351) / 6-1-5(0.0333) / 3-1-6(0.0330) / 1-5-6(0.0328) / 6-3-1(0.0316) / 3-6-1(0.0307) / 1-3-5(0.0305)
2025-04-28,6,3-1-4,3-1-2,0.16789907112314054,False,3-1-2(0.1679) / 3-1-4(0.1276) / 1-3-2(0.0949) / 1-3-4(0.0722) / 3-2-1(0.0717) / 3-4-1(0.0521) / 3-1-5(0.0467) / 3-1-6(0.0332) / 2-3-1(0.0319) / 1-3-5(0.0264)
2025-04-28,7,1-6-5,1-6-4,0.1658444666951351,False,1-6-4(0.1658) / 1-4-6(0.1364) / 6-1-4(0.1035) / 4-1-6(0.0795) / 6-4-1(0.0439) / 4-6-1(0.0410) / 1-6-5(0.0357) / 1-6-3(0.0252) / 1-4-5(0.0223) / 6-1-5(0.0223)
2025-04-28,8,1-2-4,1-5-3,0.05994541310808825,False,1-5-3(0.0599) / 1-5-4(0.0595) / 1-5-2(0.0493) / 1-3-5(0.0460) / 1-4-5(0.0456) / 5-1-3(0.0446) / 5-1-4(0.0442) / 5-1-2(0.0366) / 1-2-5(0.0361) / 3-1-5(0.0301)
2025-04-28,9,1-3-4,1-4-6,0.047423406233653265,False,1-4-6(0.0474) / 1-6-4(0.0441) / 1-4-3(0.0402) / 1-3-4(0.0355) / 1-4-5(0.0352) / 4-1-6(0.0328) / 1-6-3(0.0308) / 1-5-4(0.0301) / 6-1-4(0.0294) / 1-3-6(0.0293)
2025-04-28,10,1-4-5,1-3-6,0.10158105984823229,False,1-3-6(0.1016) / 1-6-3(0.0978) / 1-3-5(0.0736) / 1-6-5(0.0652) / 1-5-3(0.0634) / 1-5-6(0.0584) / 1-3-2(0.0392) / 1-6-2(0.0347) / 3-1-6(0.0332) / 6-1-3(0.0317)
2025-04-28,11,4-1-3,1-4-3,0.064923593663821,False,1-4-3(0.0649) / 1-3-4(0.0584) / 4-1-3(0.0418) / 1-4-6(0.0417) / 3-1-4(0.0359) / 1-6-4(0.0332) / 1-3-6(0.0295) / 1-4-2(0.0277) / 4-1-6(0.0268) / 1-4-5(0.0262)
2025-04-28,12,1-3-2,1-6-3,0.08071486722804831,False,1-6-3(0.0807) / 1-6-5(0.0738) / 1-3-6(0.0558) / 6-1-3(0.0533) / 1-5-6(0.0499) / 6-1-5(0.0487) / 1-6-4(0.0484) / 6-1-4(0.0319) / 3-1-6(0.0317) / 1-4-6(0.0304)
2025-04-29,1,3-1-2,5-4-3,0.13104318302209586,False,5-4-3(0.1310) / 5-3-4(0.1298) / 4-5-3(0.1011) / 3-5-4(0.0997) / 4-3-5(0.0662) / 3-4-5(0.0659) / 5-4-6(0.0216) / 5-3-6(0.0212) / 4-5-6(0.0167) / 3-5-6(0.0162)
2025-04-29,2,1-3-2,1-3-5,0.05000638424535918,False,1-3-5(0.0500) / 1-5-3(0.0450) / 3-1-5(0.0411) / 5-1-3(0.0349) / 1-3-4(0.0304) / 1-3-2(0.0287) / 3-5-1(0.0285) / 5-3-1(0.0269) / 3-1-4(0.0249) / 1-4-3(0.0239)
2025-04-29,3,6-3-2,3-6-2,0.26830289563692084,False,3-6-2(0.2683) / 6-3-2(0.1723) / 3-2-6(0.1344) / 2-3-6(0.0701) / 3-6-5(0.0637) / 6-2-3(0.0487) / 6-3-5(0.0409) / 2-6-3(0.0396) / 3-5-6(0.0247) / 3-2-5(0.0139)
2025-04-29,4,1-6-5,6-5-3,0.05848993047630562,False,6-5-3(0.0585) / 5-6-3(0.0569) / 6-3-5(0.0406) / 5-3-6(0.0381) / 6-5-2(0.0349) / 5-6-2(0.0340) / 6-5-4(0.0333) / 5-6-4(0.0324) / 3-6-5(0.0320) / 3-5-6(0.0309)
2025-04-29,5,4-2-3,2-6-1,0.042134274065136104,False,2-6-1(0.0421) / 2-1-6(0.0377) / 6-2-1(0.0348) / 2-6-4(0.0318) / 1-2-6(0.0292) / 2-6-3(0.0286) / 2-4-6(0.0263) / 6-2-4(0.0263) / 6-1-2(0.0243) / 6-2-3(0.0236)
2025-04-29,6,4-1-2,4-2-1,0.09597438283809823,False,4-2-1(0.0960) / 4-1-2(0.0945) / 2-4-1(0.0677) / 1-4-2(0.0662) / 4-2-3(0.0601) / 4-1-3(0.0576) / 4-3-2(0.0488) / 4-3-1(0.0475) / 2-4-3(0.0424) / 1-4-3(0.0404)
2025-04-29,7,1-2-3,1-3-2,0.08208837120237998,False,1-3-2(0.0821) / 1-3-6(0.0808) / 1-3-5(0.0730) / 3-1-2(0.0625) / 3-1-6(0.0615) / 3-1-5(0.0555) / 1-2-3(0.0426) / 1-6-3(0.0418) / 1-5-3(0.0372) / 2-1-3(0.0246)
2025-04-29,8,1-2-6,2-4-1,0.19999143469638106,False,2-4-1(0.2000) / 2-1-4(0.1249) / 2-4-5(0.1070) / 4-2-1(0.0822) / 2-5-4(0.0574) / 1-2-4(0.0461) / 4-2-5(0.0440) / 2-4-6(0.0410) / 2-1-5(0.0322) / 2-5-1(0.0277)
2025-04-29,9,1-2-5,6-2-5,0.09507686511671684,False,6-2-5(0.0951) / 2-6-5(0.0834) / 6-2-1(0.0709) / 2-6-1(0.0621) / 6-5-2(0.0561) / 2-5-6(0.0418) / 6-1-2(0.0392) / 5-6-2(0.0383) / 5-2-6(0.0326) / 2-1-6(0.0295)
2025-04-29,10,1-3-4,6-1-2,0.11268642327282992,False,6-1-2(0.1127) / 6-1-3(0.0790) / 6-2-1(0.0759) / 6-1-5(0.0621) / 6-3-1(0.0495) / 6-1-4(0.0490) / 1-6-2(0.0460) / 6-5-1(0.0376) / 1-6-3(0.0323) / 6-4-1(0.0289)
2025-04-29,11,1-3-2,2-4-5,0.06097057008219089,False,2-4-5(0.0610) / 2-5-4(0.0602) / 2-4-6(0.0377) / 4-2-5(0.0367) / 2-5-6(0.0360) / 5-2-4(0.0360) / 2-4-1(0.0327) / 2-6-4(0.0322) / 2-5-1(0.0313) / 2-6-5(0.0312)
2025-04-29,12,1-6-2,6-1-2,0.14721903468139022,False,6-1-2(0.1472) / 6-2-1(0.1148) / 6-1-5(0.1118) / 6-5-1(0.0809) / 6-1-3(0.0556) / 6-2-5(0.0516) / 6-5-2(0.0479) / 6-1-4(0.0446) / 6-3-1(0.0362) / 6-4-1(0.0284)
2025-04-30,1,1-5-4,2-1-5,0.06208044884028554,False,2-1-5(0.0621) / 1-2-5(0.0583) / 2-1-3(0.0482) / 2-5-1(0.0471) / 1-2-3(0.0453) / 1-5-2(0.0408) / 5-2-1(0.0378) / 5-1-2(0.0349) / 2-3-1(0.0340) / 2-1-4(0.0302)
2025-04-30,2,1-5-6,5-1-6,0.13845501540405505,False,5-1-6(0.1385) / 1-5-6(0.1292) / 5-6-1(0.1095) / 1-6-5(0.0917) / 6-5-1(0.0910) / 6-1-5(0.0817) / 5-1-2(0.0220) / 1-5-2(0.0205) / 5-1-3(0.0137) / 5-6-2(0.0129)
2025-04-30,3,2-4-6,6-4-1,0.18905607583835635,False,6-4-1(0.1891) / 6-4-2(0.1042) / 6-4-3(0.0996) / 6-1-4(0.0942) / 6-4-5(0.0666) / 6-2-4(0.0476) / 4-6-1(0.0469) / 6-3-4(0.0452) / 6-5-4(0.0293) / 4-6-2(0.0259)
2025-04-30,4,4-1-2,4-2-6,0.035034476672513186,False,4-2-6(0.0350) / 4-6-2(0.0340) / 2-4-6(0.0288) / 6-4-2(0.0275) / 4-2-5(0.0253) / 4-6-5(0.0228) / 4-5-2(0.0224) / 2-6-4(0.0216) / 6-2-4(0.0213) / 2-4-5(0.0208)
2025-04-30,5,4-5-2,3-4-5,0.13956817512151196,False,3-4-5(0.1396) / 3-5-4(0.1160) / 3-4-6(0.0633) / 4-3-5(0.0614) / 3-4-1(0.0545) / 5-3-4(0.0485) / 3-6-4(0.0424) / 3-5-6(0.0379) / 3-1-4(0.0357) / 3-5-1(0.0326)
2025-04-30,6,1-2-3,3-5-1,0.13775885972129404,False,3-5-1(0.1378) / 3-1-5(0.1306) / 3-5-6(0.0719) / 3-1-6(0.0616) / 3-6-5(0.0553) / 3-6-1(0.0500) / 3-5-4(0.0476) / 3-1-4(0.0407) / 5-3-1(0.0391) / 1-3-5(0.0367)
2025-04-30,7,1-6-2,1-5-6,0.07519659401380258,False,1-5-6(0.0752) / 1-6-5(0.0712) / 5-1-6(0.0653) / 6-1-5(0.0600) / 5-6-1(0.0501) / 6-5-1(0.0486) / 1-5-2(0.0304) / 5-1-2(0.0264) / 1-6-2(0.0262) / 1-5-4(0.0221)
2025-04-30,8,1-4-2,1-4-2,0.09197838524446549,True,1-4-2(0.0920) / 1-4-3(0.0884) / 1-4-5(0.0841) / 1-2-4(0.0559) / 1-3-4(0.0533) / 1-5-4(0.0503) / 4-1-2(0.0435) / 4-1-3(0.0418) / 4-1-5(0.0398) / 1-4-6(0.0358)
2025-04-30,9,1-2-3,4-1-2,0.1481157483345479,False,4-1-2(0.1481) / 1-4-2(0.1216) / 4-1-3(0.0959) / 1-4-3(0.0788) / 4-1-5(0.0593) / 4-1-6(0.0557) / 1-4-5(0.0487) / 1-4-6(0.0457) / 4-2-1(0.0439) / 1-2-4(0.0290)
2025-04-30,10,1-2-5,4-6-2,0.10521126310718334,False,4-6-2(0.1052) / 4-2-6(0.0963) / 4-6-5(0.0845) / 4-5-6(0.0719) / 4-2-5(0.0635) / 4-5-2(0.0590) / 4-6-1(0.0525) / 4-1-6(0.0402) / 4-2-1(0.0394) / 4-1-2(0.0330)
2025-04-30,11,1-2-4,1-2-3,0.047189548522367855,False,1-2-3(0.0472) / 1-2-5(0.0470) / 2-1-3(0.0465) / 2-1-5(0.0463) / 1-3-2(0.0364) / 1-5-2(0.0362) / 2-3-1(0.0352) / 2-5-1(0.0350) / 3-1-2(0.0306) / 5-1-2(0.0304)
2025-04-30,12,4-3-6,2-4-3,0.02024736092993073,False,2-4-3(0.0202) / 4-2-3(0.0196) / 2-4-5(0.0190) / 2-3-4(0.0189) / 4-2-5(0.0183) / 4-3-2(0.0175) / 3-2-4(0.0174) / 2-5-4(0.0173) / 3-4-2(0.0166) / 4-5-2(0.0161)
2025-05-01,1,1-2-4,2-1-5,0.0859281619977869,False,2-1-5(0.0859) / 2-5-1(0.0716) / 2-1-3(0.0589) / 1-2-5(0.0538) / 2-3-1(0.0440) / 5-2-1(0.0417) / 1-2-3(0.0369) / 2-5-3(0.0339) / 2-1-6(0.0321) / 2-3-5(0.0303)
2025-05-01,2,4-1-5,4-5-3,0.06759743736458025,False,4-5-3(0.0676) / 5-4-3(0.0658) / 4-5-2(0.0531) / 4-3-5(0.0519) / 5-4-2(0.0517) / 5-3-4(0.0487) / 3-4-5(0.0434) / 3-5-4(0.0418) / 4-2-5(0.0378) / 5-2-4(0.0356)
2025-05-01,3,1-6-2,1-3-6,0.04232566310839717,False,1-3-6(0.0423) / 1-6-3(0.0387) / 3-1-6(0.0361) / 1-3-2(0.0323) / 6-1-3(0.0314) / 1-3-5(0.0284) / 3-1-2(0.0276) / 1-2-3(0.0272) / 3-6-1(0.0268) / 6-3-1(0.0255)
2025-05-01,4,1-6-5,5-1-2,0.10103779853918013,False,5-1-2(0.1010) / 5-2-1(0.0832) / 1-5-2(0.0696) / 5-1-6(0.0661) / 2-5-1(0.0528) / 5-6-1(0.0474) / 1-5-6(0.0455) / 5-2-6(0.0384) / 1-2-5(0.0349) / 5-6-2(0.0335)
2025-05-01,5,3-1-4,3-2-4,0.12992605041026878,False,3-2-4(0.1299) / 3-2-5(0.0934) / 2-3-4(0.0866) / 3-2-1(0.0643) / 3-4-2(0.0628) / 2-3-5(0.0623) / 2-3-1(0.0429) / 3-5-2(0.0427) / 4-3-2(0.0325) / 3-1-2(0.0282)
2025-05-01,6,1-4-3,1-4-6,0.1612982751170024,False,1-4-6(0.1613) / 4-1-6(0.1206) / 1-4-3(0.1190) / 4-1-3(0.0889) / 1-6-4(0.0668) / 1-3-4(0.0468) / 1-4-2(0.0440) / 6-1-4(0.0366) / 4-6-1(0.0355) / 4-1-2(0.0329)
2025-05-01,9,5-2-1,5-1-3,0.02231878752473875,False,5-1-3(0.0223) / 1-5-3(0.0218) / 5-3-1(0.0211) / 1-3-5(0.0199) / 3-5-1(0.0198) / 3-1-5(0.0192) / 5-1-4(0.0181) / 1-5-4(0.0176) / 5-4-1(0.0161) / 1-4-5(0.0152)
2025-05-01,10,2-3-4,4-3-1,0.2157706636638755,False,4-3-1(0.2158) / 4-1-3(0.1829) / 3-4-1(0.0704) / 1-4-3(0.0579) / 4-3-2(0.0464) / 4-3-6(0.0363) / 4-1-2(0.0309) / 4-3-5(0.0283) / 4-2-3(0.0273) / 4-1-6(0.0242)
2025-05-01,11,1-2-3,1-2-3,0.06052380367294475,True,1-2-3(0.0605) / 2-1-3(0.0525) / 1-3-2(0.0524) / 3-1-2(0.0419) / 2-3-1(0.0374) / 1-2-6(0.0354) / 3-2-1(0.0345) / 2-1-6(0.0307) / 1-6-2(0.0263) / 1-2-5(0.0258)
2025-05-01,12,2-1-5,3-5-1,0.02136160845511626,False,3-5-1(0.0214) / 3-5-6(0.0207) / 5-3-1(0.0206) / 5-3-6(0.0200) / 3-1-5(0.0186) / 3-5-4(0.0182) / 3-6-5(0.0179) / 5-3-4(0.0176) / 5-1-3(0.0172) / 5-6-3(0.0166)
2025-05-04,2,5-1-4,5-1-3,0.06998166819795396,False,5-1-3(0.0700) / 5-3-1(0.0686) / 1-5-3(0.0650) / 3-5-1(0.0630) / 1-3-5(0.0569) / 3-1-5(0.0563) / 5-1-6(0.0310) / 5-3-6(0.0294) / 1-5-6(0.0288) / 3-5-6(0.0270)
2025-05-04,3,2-1-6,5-6-2,0.09629051435004402,False,5-6-2(0.0963) / 5-2-6(0.0791) / 5-6-1(0.0734) / 5-1-6(0.0556) / 6-5-2(0.0511) / 5-2-1(0.0402) / 2-5-6(0.0393) / 6-5-1(0.0390) / 5-1-2(0.0371) / 5-6-3(0.0315)
2025-05-04,4,2-1-3,3-6-4,0.09381928661072712,False,3-6-4(0.0938) / 3-6-5(0.0843) / 3-4-6(0.0624) / 3-6-1(0.0570) / 3-5-6(0.0547) / 6-3-4(0.0518) / 6-3-5(0.0465) / 3-1-6(0.0347) / 6-3-1(0.0315) / 4-3-6(0.0300)
2025-05-04,5,4-1-5,4-2-6,0.04572863018751695,False,4-2-6(0.0457) / 2-4-6(0.0452) / 4-2-1(0.0401) / 2-4-1(0.0396) / 4-6-2(0.0395) / 2-6-4(0.0385) / 6-4-2(0.0356) / 6-2-4(0.0351) / 4-1-2(0.0331) / 2-1-4(0.0323)
2025-05-04,6,4-2-3,4-3-1,0.1769933634280059,False,4-3-1(0.1770) / 4-1-3(0.1330) / 4-3-2(0.1021) / 4-2-3(0.0653) / 3-4-1(0.0645) / 4-1-2(0.0478) / 1-4-3(0.0455) / 4-3-5(0.0415) / 4-2-1(0.0407) / 3-4-2(0.0372)
2025-05-04,7,2-5-1,5-2-1,0.0840139151526131,False,5-2-1(0.0840) / 5-1-2(0.0812) / 2-5-1(0.0575) / 1-5-2(0.0547) / 5-2-4(0.0546) / 5-1-4(0.0496) / 5-4-2(0.0449) / 5-4-1(0.0421) / 2-5-4(0.0374) / 1-5-4(0.0334)
2025-05-04,8,1-3-2,2-1-3,0.0784409259549304,False,2-1-3(0.0784) / 2-3-1(0.0776) / 1-2-3(0.0623) / 3-2-1(0.0612) / 2-1-4(0.0584) / 2-3-4(0.0566) / 2-4-1(0.0506) / 2-4-3(0.0496) / 1-2-4(0.0464) / 3-2-4(0.0447)
2025-05-04,9,2-1-4,2-4-1,0.14521169676495224,False,2-4-1(0.1452) / 2-1-4(0.1225) / 4-2-1(0.0914) / 1-2-4(0.0725) / 4-1-2(0.0405) / 1-4-2(0.0381) / 2-4-6(0.0304) / 2-4-3(0.0303) / 2-4-5(0.0234) / 2-1-6(0.0198)
2025-05-04,10,3-1-5,3-1-2,0.04763998050337163,False,3-1-2(0.0476) / 1-3-2(0.0451) / 3-2-1(0.0401) / 1-2-3(0.0353) / 3-1-5(0.0348) / 2-3-1(0.0342) / 1-3-5(0.0329) / 2-1-3(0.0318) / 3-5-1(0.0267) / 1-5-3(0.0237)
2025-05-04,11,1-4-5,2-6-1,0.08910063037815956,False,2-6-1(0.0891) / 6-2-1(0.0793) / 2-1-6(0.0581) / 2-6-3(0.0475) / 6-1-2(0.0445) / 6-2-3(0.0422) / 1-2-6(0.0418) / 1-6-2(0.0360) / 2-6-4(0.0278) / 2-6-5(0.0275)
2025-05-05,1,2-1-5,2-4-1,0.08259385828669606,False,2-4-1(0.0826) / 2-4-6(0.0765) / 2-1-4(0.0681) / 2-6-4(0.0619) / 2-4-3(0.0571) / 2-4-5(0.0466) / 2-3-4(0.0436) / 2-1-6(0.0377) / 2-6-1(0.0369) / 2-5-4(0.0345)
2025-05-05,2,4-3-1,3-2-4,0.10546010115554161,False,3-2-4(0.1055) / 3-4-2(0.0846) / 2-3-4(0.0778) / 4-3-2(0.0566) / 3-2-6(0.0555) / 2-4-3(0.0413) / 2-3-6(0.0410) / 4-2-3(0.0375) / 3-6-2(0.0370) / 3-4-6(0.0306)
2025-05-05,3,4-6-2,4-2-3,0.07187841774816789,False,4-2-3(0.0719) / 2-4-3(0.0660) / 4-3-2(0.0583) / 3-4-2(0.0477) / 2-3-4(0.0476) / 3-2-4(0.0424) / 4-2-5(0.0383) / 2-4-5(0.0352) / 4-2-6(0.0277) / 4-5-2(0.0261)
2025-05-05,4,2-1-3,2-4-5,0.08090081834370033,False,2-4-5(0.0809) / 4-2-5(0.0734) / 2-4-3(0.0596) / 2-5-4(0.0548) / 4-2-3(0.0541) / 4-5-2(0.0439) / 5-2-4(0.0407) / 2-3-4(0.0373) / 2-4-1(0.0371) / 5-4-2(0.0359)
2025-05-05,6,4-1-5,3-4-1,0.2550132963502841,False,3-4-1(0.2550) / 4-3-1(0.1529) / 3-1-4(0.1036) / 3-4-2(0.0810) / 4-3-2(0.0486) / 1-3-4(0.0485) / 3-4-5(0.0354) / 4-1-3(0.0337) / 3-2-4(0.0278) / 1-4-3(0.0263)
2025-05-05,7,1-2-3,5-2-1,0.058925797655469174,False,5-2-1(0.0589) / 5-1-2(0.0514) / 5-2-3(0.0491) / 2-5-1(0.0456) / 5-3-2(0.0404) / 2-5-3(0.0380) / 1-5-2(0.0371) / 5-1-3(0.0317) / 5-3-1(0.0299) / 2-1-5(0.0284)
2025-05-05,8,1-4-5,4-1-3,0.173075485395476,False,4-1-3(0.1731) / 4-1-2(0.1402) / 1-4-3(0.0948) / 1-4-2(0.0768) / 4-1-5(0.0760) / 4-3-1(0.0614) / 4-2-1(0.0484) / 1-4-5(0.0416) / 4-1-6(0.0269) / 3-4-1(0.0257)
2025-05-05,9,3-1-5,1-5-3,0.11184229552740665,False,1-5-3(0.1118) / 1-3-5(0.1041) / 1-5-6(0.0682) / 1-3-6(0.0552) / 1-6-5(0.0537) / 5-1-3(0.0501) / 1-6-3(0.0467) / 3-1-5(0.0456) / 1-5-4(0.0326) / 5-1-6(0.0305)
2025-05-05,10,1-2-4,1-5-3,0.0615877776832323,False,1-5-3(0.0616) / 1-3-5(0.0597) / 5-1-3(0.0512) / 3-1-5(0.0488) / 5-3-1(0.0381) / 3-5-1(0.0375) / 1-5-2(0.0302) / 1-3-2(0.0276) / 5-1-2(0.0251) / 1-2-5(0.0235)
2025-05-05,11,1-2-6,2-5-6,0.0652757120778971,False,2-5-6(0.0653) / 2-6-5(0.0535) / 2-5-3(0.0445) / 5-2-6(0.0427) / 2-5-4(0.0400) / 2-3-5(0.0332) / 6-2-5(0.0321) / 2-4-5(0.0293) / 5-2-3(0.0291) / 2-5-1(0.0263)
2025-05-05,12,2-1-5,2-1-3,0.06436965136043786,False,2-1-3(0.0644) / 1-2-3(0.0616) / 2-3-1(0.0539) / 1-3-2(0.0485) / 3-2-1(0.0465) / 3-1-2(0.0437) / 2-1-4(0.0374) / 1-2-4(0.0358) / 2-4-1(0.0266) / 1-4-2(0.0242)
2025-05-06,2,3-5-4,5-3-4,0.19412004181871123,False,5-3-4(0.1941) / 3-5-4(0.1920) / 5-4-3(0.0809) / 3-4-5(0.0789) / 4-5-3(0.0553) / 4-3-5(0.0545) / 5-3-6(0.0335) / 3-5-6(0.0331) / 5-3-1(0.0269) / 3-5-1(0.0266)
2025-05-06,3,3-1-2,3-1-6,0.12219794837494559,False,3-1-6(0.1222) / 3-6-1(0.1024) / 3-1-5(0.0811) / 3-5-1(0.0595) / 1-3-6(0.0595) / 3-6-5(0.0490) / 6-3-1(0.0472) / 3-5-6(0.0430) / 1-3-5(0.0395) / 3-1-2(0.0368)
2025-05-06,4,4-6-5,3-6-4,0.048023765578142814,False,3-6-4(0.0480) / 3-4-6(0.0415) / 6-3-4(0.0410) / 3-6-2(0.0340) / 4-3-6(0.0326) / 6-3-2(0.0290) / 6-4-3(0.0288) / 3-2-6(0.0268) / 4-6-3(0.0265) / 3-4-2(0.0210)
2025-05-06,5,1-4-5,2-5-1,0.11443801951987631,False,2-5-1(0.1144) / 5-2-1(0.0999) / 2-1-5(0.0925) / 1-2-5(0.0727) / 5-1-2(0.0662) / 1-5-2(0.0596) / 2-5-6(0.0261) / 2-5-4(0.0237) / 5-2-6(0.0228) / 5-2-4(0.0207)
2025-05-06,6,1-3-2,4-1-2,0.13052327566835145,False,4-1-2(0.1305) / 4-2-1(0.1022) / 4-1-3(0.0941) / 1-4-2(0.0687) / 4-3-1(0.0663) / 2-4-1(0.0498) / 1-4-3(0.0496) / 4-2-3(0.0479) / 4-3-2(0.0431) / 3-4-1(0.0311)
2025-05-06,7,1-3-2,1-3-4,0.3074333118551542,False,1-3-4(0.3074) / 1-4-3(0.1845) / 3-1-4(0.1085) / 1-3-2(0.0628) / 4-1-3(0.0593) / 1-3-6(0.0314) / 1-2-3(0.0278) / 3-1-2(0.0222) / 1-4-2(0.0199) / 3-4-1(0.0178)
2025-05-06,8,1-4-2,4-1-2,0.17926562752604214,False,4-1-2(0.1793) / 4-2-1(0.1428) / 1-4-2(0.0798) / 2-4-1(0.0599) / 4-1-5(0.0494) / 4-1-3(0.0363) / 4-5-1(0.0291) / 4-1-6(0.0280) / 4-2-5(0.0278) / 1-2-4(0.0223)
2025-05-06,9,2-3-5,3-1-2,0.17957921198599144,False,3-1-2(0.1796) / 3-2-1(0.1440) / 1-3-2(0.0938) / 2-3-1(0.0705) / 3-1-4(0.0345) / 1-2-3(0.0315) / 3-1-6(0.0312) / 3-1-5(0.0299) / 2-1-3(0.0295) / 3-2-4(0.0201)
2025-05-06,10,1-3-5,3-1-2,0.10765774238850574,False,3-1-2(0.1077) / 3-1-5(0.0874) / 3-2-1(0.0732) / 1-3-2(0.0596) / 3-5-1(0.0565) / 1-3-5(0.0484) / 3-1-6(0.0465) / 2-3-1(0.0356) / 3-2-5(0.0277) / 3-6-1(0.0273)
2025-05-06,11,1-4-5,4-5-2,0.03390978244989772,False,4-5-2(0.0339) / 4-2-5(0.0326) / 5-4-2(0.0310) / 2-4-5(0.0290) / 5-2-4(0.0264) / 2-5-4(0.0257) / 4-5-6(0.0219) / 4-5-1(0.0204) / 5-4-6(0.0200) / 4-2-6(0.0190)
2025-05-06,12,1-3-5,5-1-3,0.02052173078353473,False,5-1-3(0.0205) / 1-5-3(0.0203) / 5-1-6(0.0189) / 1-5-6(0.0186) / 5-1-4(0.0184) / 1-5-4(0.0182) / 5-3-1(0.0176) / 1-3-5(0.0172) / 5-1-2(0.0162) / 1-5-2(0.0160)
2025-05-07,1,3-6-4,3-4-5,0.0678024225505622,False,3-4-5(0.0678) / 3-4-6(0.0565) / 3-5-4(0.0555) / 4-3-5(0.0504) / 3-6-4(0.0438) / 4-3-6(0.0420) / 5-3-4(0.0374) / 3-5-6(0.0301) / 3-4-1(0.0296) / 6-3-4(0.0287)
2025-05-07,2,2-4-5,2-6-5,0.10632678237517196,False,2-6-5(0.1063) / 2-5-6(0.1043) / 2-6-4(0.0739) / 2-5-4(0.0697) / 2-4-6(0.0634) / 2-4-5(0.0610) / 6-2-5(0.0397) / 5-2-6(0.0388) / 6-2-4(0.0276) / 5-2-4(0.0259)
2025-05-07,3,1-5-3,3-2-1,0.07790873633841211,False,3-2-1(0.0779) / 3-2-6(0.0612) / 3-1-2(0.0567) / 3-2-5(0.0551) / 2-3-1(0.0526) / 3-6-2(0.0420) / 2-3-6(0.0414) / 2-3-5(0.0372) / 3-5-2(0.0370) / 1-3-2(0.0334)
2025-05-07,4,3-5-1,3-4-5,0.06836958275865852,False,3-4-5(0.0684) / 3-4-6(0.0531) / 3-5-4(0.0515) / 4-3-5(0.0455) / 3-4-2(0.0426) / 3-6-4(0.0377) / 4-3-6(0.0353) / 5-3-4(0.0303) / 3-2-4(0.0292) / 3-4-1(0.0290)
2025-05-07,5,2-3-5,5-2-1,0.17085422852949556,False,5-2-1(0.1709) / 5-1-2(0.1253) / 5-2-3(0.1242) / 5-3-2(0.0825) / 2-5-1(0.0595) / 5-1-3(0.0536) / 5-3-1(0.0486) / 2-5-3(0.0433) / 1-5-2(0.0409) / 5-2-4(0.0330)
2025-05-07,6,3-4-2,1-3-4,0.18812923406167947,False,1-3-4(0.1881) / 1-4-3(0.1836) / 3-1-4(0.1304) / 4-1-3(0.1260) / 3-4-1(0.0703) / 4-3-1(0.0696) / 1-3-2(0.0238) / 1-4-2(0.0226) / 3-1-2(0.0165) / 4-1-2(0.0155)
2025-05-07,7,1-4-2,1-4-3,0.15869512533846272,False,1-4-3(0.1587) / 4-1-3(0.1479) / 1-4-5(0.1393) / 4-1-5(0.1297) / 1-4-2(0.0727) / 4-1-2(0.0678) / 1-3-4(0.0320) / 1-5-4(0.0278) / 4-3-1(0.0276) / 4-5-1(0.0240)
2025-05-07,8,1-3-2,2-1-4,0.03952416500923856,False,2-1-4(0.0395) / 1-2-4(0.0368) / 2-4-1(0.0357) / 2-1-3(0.0316) / 4-2-1(0.0311) / 1-4-2(0.0301) / 1-2-3(0.0294) / 4-1-2(0.0282) / 2-3-1(0.0266) / 1-3-2(0.0226)
2025-05-07,9,3-1-4,4-3-1,0.08519301978697076,False,4-3-1(0.0852) / 3-4-1(0.0830) / 4-3-2(0.0705) / 3-4-2(0.0687) / 4-1-3(0.0592) / 3-1-4(0.0557) / 1-4-3(0.0473) / 4-2-3(0.0462) / 1-3-4(0.0457) / 3-2-4(0.0435)
2025-05-07,10,1-5-6,1-3-4,0.07904155342709066,False,1-3-4(0.0790) / 1-3-5(0.0698) / 3-1-4(0.0607) / 3-1-5(0.0536) / 1-4-3(0.0529) / 1-5-3(0.0453) / 1-3-2(0.0365) / 4-1-3(0.0338) / 3-4-1(0.0294) / 5-1-3(0.0285)
2025-05-07,11,4-2-1,1-2-5,0.07124845003536286,False,1-2-5(0.0712) / 2-1-5(0.0679) / 1-5-2(0.0462) / 2-5-1(0.0414) / 1-2-6(0.0389) / 2-1-6(0.0371) / 5-1-2(0.0348) / 1-2-3(0.0338) / 5-2-1(0.0328) / 2-1-3(0.0322)
2025-05-07,12,1-4-6,4-2-3,0.046156451592119487,False,4-2-3(0.0462) / 2-4-3(0.0408) / 4-3-2(0.0366) / 4-2-6(0.0356) / 2-4-6(0.0315) / 3-4-2(0.0284) / 2-3-4(0.0277) / 4-6-2(0.0265) / 4-2-1(0.0264) / 3-2-4(0.0243)
2025-05-08,1,3-1-5,1-5-2,0.1601800654192184,False,1-5-2(0.1602) / 1-2-5(0.1369) / 5-1-2(0.0913) / 2-1-5(0.0740) / 1-5-3(0.0531) / 1-2-3(0.0360) / 5-2-1(0.0359) / 2-5-1(0.0341) / 1-3-5(0.0331) / 5-1-3(0.0303)
2025-05-08,2,1-4-5,5-4-1,0.14008898751500218,False,5-4-1(0.1401) / 5-4-3(0.1264) / 4-5-1(0.1225) / 4-5-3(0.1105) / 5-4-2(0.0672) / 4-5-2(0.0588) / 5-4-6(0.0567) / 4-5-6(0.0496) / 5-1-4(0.0297) / 5-3-4(0.0266)
2025-05-08,3,1-2-6,2-6-1,0.17318488270195379,False,2-6-1(0.1732) / 6-2-1(0.1600) / 2-6-4(0.1591) / 6-2-4(0.1470) / 2-1-6(0.0382) / 2-6-3(0.0353) / 2-4-6(0.0348) / 6-2-3(0.0326) / 6-1-2(0.0324) / 6-4-2(0.0295)
2025-05-08,4,5-1-2,5-6-2,0.11087190239528497,False,5-6-2(0.1109) / 5-6-1(0.0982) / 5-2-6(0.0860) / 5-1-6(0.0732) / 6-5-2(0.0598) / 6-5-1(0.0530) / 5-2-1(0.0468) / 5-1-2(0.0449) / 2-5-6(0.0426) / 1-5-6(0.0357)
2025-05-08,5,2-1-5,2-6-3,0.09253152513898504,False,2-6-3(0.0925) / 6-2-3(0.0878) / 2-3-6(0.0701) / 6-3-2(0.0618) / 3-2-6(0.0574) / 3-6-2(0.0533) / 2-6-1(0.0402) / 6-2-1(0.0381) / 2-1-6(0.0244) / 6-1-2(0.0219)
2025-05-08,6,1-2-4,4-1-2,0.18823252069809515,False,4-1-2(0.1882) / 1-4-2(0.1206) / 4-2-1(0.1147) / 4-1-3(0.0888) / 2-4-1(0.0623) / 1-4-3(0.0569) / 4-3-1(0.0449) / 1-2-4(0.0414) / 2-1-4(0.0351) / 4-2-3(0.0269)
2025-05-08,7,3-4-5,3-6-1,0.07508428150095503,False,3-6-1(0.0751) / 6-3-1(0.0617) / 3-1-6(0.0531) / 3-6-2(0.0457) / 6-3-2(0.0376) / 1-3-6(0.0368) / 6-1-3(0.0341) / 3-6-4(0.0311) / 3-6-5(0.0298) / 3-2-6(0.0290)
2025-05-08,8,1-4-2,1-4-2,0.05292094037437799,True,1-4-2(0.0529) / 1-2-4(0.0460) / 4-1-2(0.0449) / 1-4-3(0.0419) / 2-1-4(0.0361) / 4-1-3(0.0356) / 1-3-4(0.0339) / 4-2-1(0.0313) / 2-4-1(0.0290) / 1-2-3(0.0268)
2025-05-08,9,3-4-1,3-1-4,0.06936420280375301,False,3-1-4(0.0694) / 3-4-1(0.0597) / 1-3-4(0.0506) / 3-1-2(0.0464) / 4-3-1(0.0406) / 3-1-5(0.0370) / 3-2-1(0.0355) / 1-3-2(0.0339) / 3-4-2(0.0291) / 1-4-3(0.0289)
2025-05-08,10,1-3-6,1-6-2,0.02950030064717112,False,1-6-2(0.0295) / 1-2-6(0.0284) / 1-6-3(0.0280) / 1-3-6(0.0266) / 6-1-2(0.0260) / 6-1-3(0.0247) / 2-1-6(0.0244) / 1-2-3(0.0244) / 1-3-2(0.0240) / 3-1-6(0.0226)
2025-05-08,11,1-4-5,4-5-2,0.12078609464199398,False,4-5-2(0.1208) / 5-4-2(0.0982) / 4-2-5(0.0875) / 2-4-5(0.0615) / 5-2-4(0.0537) / 4-5-1(0.0532) / 2-5-4(0.0464) / 5-4-1(0.0433) / 4-1-5(0.0311) / 4-5-3(0.0307)
2025-05-08,12,1-2-6,5-1-2,0.10638244932937177,False,5-1-2(0.1064) / 5-1-4(0.1051) / 1-5-2(0.0913) / 1-5-4(0.0903) / 5-2-1(0.0509) / 5-4-1(0.0502) / 1-2-5(0.0365) / 1-4-5(0.0360) / 2-5-1(0.0318) / 4-5-1(0.0313)
2025-05-09,1,2-6-1,3-5-2,0.03409992858125992,False,3-5-2(0.0341) / 5-3-2(0.0331) / 3-2-5(0.0331) / 2-3-5(0.0314) / 5-2-3(0.0307) / 2-5-3(0.0300) / 3-5-1(0.0235) / 5-3-1(0.0228) / 3-2-1(0.0212) / 3-1-5(0.0202)
2025-05-09,2,3-1-4,5-1-3,0.12898121242982022,False,5-1-3(0.1290) / 1-5-3(0.1121) / 5-3-1(0.0967) / 3-5-1(0.0733) / 1-3-5(0.0686) / 3-1-5(0.0599) / 5-1-2(0.0386) / 1-5-2(0.0335) / 5-2-1(0.0215) / 5-3-2(0.0192)
2025-05-09,3,1-5-4,6-1-3,0.10928830705427023,False,6-1-3(0.1093) / 1-6-3(0.0843) / 6-3-1(0.0661) / 6-1-5(0.0660) / 6-1-4(0.0541) / 1-6-5(0.0509) / 1-6-4(0.0417) / 3-6-1(0.0412) / 1-3-6(0.0370) / 6-5-1(0.0359)
2025-05-09,4,1-4-2,3-1-5,0.14162403573468127,False,3-1-5(0.1416) / 3-5-1(0.1142) / 1-3-5(0.0909) / 5-3-1(0.0676) / 3-1-2(0.0424) / 1-5-3(0.0400) / 5-1-3(0.0369) / 3-1-4(0.0333) / 1-3-2(0.0272) / 3-2-1(0.0254)
2025-05-09,5,1-3-6,1-3-6,0.13301624081666918,True,1-3-6(0.1330) / 3-1-6(0.0904) / 1-6-3(0.0695) / 1-3-5(0.0613) / 1-3-4(0.0607) / 3-1-5(0.0417) / 3-1-4(0.0413) / 1-3-2(0.0403) / 6-1-3(0.0374) / 3-6-1(0.0299)
2025-05-09,6,1-3-4,3-4-1,0.3077479452549925,False,3-4-1(0.3077) / 4-3-1(0.2431) / 3-4-5(0.0873) / 3-1-4(0.0725) / 4-3-5(0.0689) / 4-1-3(0.0436) / 1-3-4(0.0378) / 1-4-3(0.0288) / 3-5-4(0.0183) / 4-5-3(0.0113)
2025-05-09,7,1-2-4,2-5-1,0.09791024654959803,False,2-5-1(0.0979) / 2-1-5(0.0777) / 2-5-6(0.0711) / 5-2-1(0.0655) / 2-6-5(0.0511) / 5-2-6(0.0476) / 1-2-5(0.0473) / 2-1-6(0.0366) / 2-6-1(0.0332) / 5-1-2(0.0309)
2025-05-09,8,2-1-3,2-1-4,0.14010180453907614,False,2-1-4(0.1401) / 1-2-4(0.1261) / 2-4-1(0.0897) / 1-4-2(0.0698) / 4-2-1(0.0657) / 4-1-2(0.0568) / 2-1-3(0.0467) / 1-2-3(0.0421) / 2-1-5(0.0291) / 1-2-5(0.0262)
2025-05-09,9,1-3-6,6-1-4,0.06485840611952692,False,6-1-4(0.0649) / 6-4-1(0.0554) / 1-6-4(0.0535) / 6-1-2(0.0462) / 4-6-1(0.0421) / 1-6-2(0.0381) / 6-2-1(0.0355) / 1-4-6(0.0353) / 4-1-6(0.0325) / 6-4-2(0.0287)
2025-05-09,10,1-4-3,1-2-4,0.10692320567014992,False,1-2-4(0.1069) / 1-4-2(0.1028) / 1-2-5(0.0539) / 1-4-5(0.0479) / 2-1-4(0.0460) / 4-1-2(0.0437) / 1-5-2(0.0420) / 1-5-4(0.0388) / 1-2-3(0.0313) / 1-4-3(0.0278)
2025-05-09,11,2-1-4,4-1-3,0.042072834103823425,False,4-1-3(0.0421) / 4-3-1(0.0388) / 4-1-2(0.0359) / 1-4-3(0.0334) / 4-2-1(0.0315) / 3-4-1(0.0294) / 1-4-2(0.0285) / 4-3-2(0.0269) / 4-2-3(0.0256) / 2-4-1(0.0232)
2025-05-09,12,1-2-5,1-3-5,0.05939301540543991,False,1-3-5(0.0594) / 3-1-5(0.0531) / 1-5-3(0.0489) / 1-3-2(0.0435) / 5-1-3(0.0392) / 3-1-2(0.0389) / 3-5-1(0.0377) / 5-3-1(0.0338) / 1-2-3(0.0326) / 3-2-1(0.0255)
2025-05-19,1,1-4-5,1-3-4,0.05386950643852542,False,1-3-4(0.0539) / 1-3-5(0.0506) / 1-4-3(0.0455) / 1-5-3(0.0419) / 3-1-4(0.0419) / 3-1-5(0.0393) / 4-1-3(0.0324) / 5-1-3(0.0295) / 1-4-5(0.0288) / 1-5-4(0.0282)
2025-05-19,2,1-2-4,5-3-4,0.041619234735297855,False,5-3-4(0.0416) / 5-3-1(0.0413) / 3-5-4(0.0402) / 3-5-1(0.0399) / 5-4-3(0.0340) / 5-1-3(0.0337) / 3-4-5(0.0314) / 3-1-5(0.0311) / 4-5-3(0.0290) / 1-5-3(0.0286)
2025-05-19,3,2-1-6,2-6-1,0.1575186309380613,False,2-6-1(0.1575) / 6-2-1(0.1339) / 2-1-6(0.0907) / 6-1-2(0.0622) / 1-2-6(0.0610) / 2-6-4(0.0560) / 1-6-2(0.0492) / 6-2-4(0.0476) / 2-6-5(0.0332) / 6-2-5(0.0282)
2025-05-19,4,6-2-3,2-3-4,0.10498246537941425,False,2-3-4(0.1050) / 2-4-3(0.0766) / 3-2-4(0.0655) / 2-3-6(0.0613) / 4-2-3(0.0424) / 2-6-3(0.0393) / 3-2-6(0.0383) / 2-3-5(0.0379) / 2-3-1(0.0276) / 3-4-2(0.0265)
2025-05-19,5,1-3-2,3-5-1,0.15102315894154777,False,3-5-1(0.1510) / 3-5-2(0.1407) / 3-1-5(0.1268) / 3-2-5(0.1148) / 3-1-2(0.0855) / 3-2-1(0.0831) / 5-3-1(0.0444) / 5-3-2(0.0413) / 1-3-5(0.0360) / 2-3-5(0.0324)
2025-05-19,7,1-2-6,6-4-1,0.12891042601545907,False,6-4-1(0.1289) / 6-1-4(0.1152) / 4-6-1(0.0786) / 1-6-4(0.0673) / 6-4-2(0.0478) / 6-1-2(0.0356) / 4-1-6(0.0354) / 1-4-6(0.0340) / 6-4-5(0.0332) / 6-2-4(0.0319)
2025-05-19,8,1-4-3,4-1-3,0.08245431913520933,False,4-1-3(0.0825) / 4-3-1(0.0809) / 1-4-3(0.0697) / 3-4-1(0.0676) / 1-3-4(0.0529) / 3-1-4(0.0524) / 4-1-2(0.0332) / 4-3-2(0.0315) / 1-4-2(0.0280) / 3-4-2(0.0263)
2025-05-19,9,1-3-4,1-6-4,0.07770167668581411,False,1-6-4(0.0777) / 1-4-6(0.0772) / 6-1-4(0.0559) / 4-1-6(0.0554) / 1-6-2(0.0364) / 1-4-2(0.0358) / 6-4-1(0.0349) / 4-6-1(0.0348) / 1-6-3(0.0327) / 1-4-3(0.0322)
2025-05-19,10,1-2-3,2-1-3,0.03950913062424842,False,2-1-3(0.0395) / 1-2-3(0.0364) / 2-3-1(0.0348) / 2-1-5(0.0326) / 1-2-5(0.0300) / 3-2-1(0.0297) / 1-3-2(0.0289) / 2-5-1(0.0271) / 3-1-2(0.0267) / 1-5-2(0.0226)
2025-05-19,11,1-5-4,1-4-2,0.05314462021616617,False,1-4-2(0.0531) / 1-2-4(0.0515) / 1-4-3(0.0480) / 1-3-4(0.0447) / 1-2-3(0.0431) / 1-3-2(0.0415) / 4-1-2(0.0391) / 2-1-4(0.0373) / 4-1-3(0.0353) / 3-1-4(0.0317)
2025-05-19,12,6-2-5,4-3-6,0.09131831980079436,False,4-3-6(0.0913) / 4-6-3(0.0832) / 3-4-6(0.0697) / 6-4-3(0.0608) / 3-6-4(0.0433) / 6-3-4(0.0414) / 4-3-1(0.0380) / 4-6-1(0.0294) / 3-4-1(0.0290) / 4-3-5(0.0281)
2025-05-20,1,3-1-6,3-6-5,0.06890333082846672,False,3-6-5(0.0689) / 3-5-6(0.0662) / 3-6-4(0.0635) / 3-4-6(0.0589) / 3-5-4(0.0561) / 3-4-5(0.0542) / 6-3-5(0.0501) / 5-3-6(0.0472) / 6-3-4(0.0462) / 4-3-6(0.0412)
2025-05-20,2,4-5-6,6-4-5,0.042175119996981446,False,6-4-5(0.0422) / 6-5-4(0.0416) / 4-6-5(0.0315) / 5-6-4(0.0307) / 6-4-2(0.0259) / 6-5-2(0.0246) / 6-4-1(0.0241) / 6-5-1(0.0228) / 6-2-4(0.0223) / 6-2-5(0.0215)
2025-05-20,3,1-4-6,4-6-3,0.06729644585747352,False,4-6-3(0.0673) / 4-3-6(0.0658) / 4-6-2(0.0393) / 4-3-2(0.0365) / 6-4-3(0.0363) / 3-4-6(0.0352) / 4-2-6(0.0329) / 4-6-1(0.0324) / 4-2-3(0.0312) / 4-3-1(0.0301)
2025-05-20,4,1-5-2,6-3-2,0.1108188219035056,False,6-3-2(0.1108) / 6-2-3(0.0918) / 3-6-2(0.0856) / 2-6-3(0.0651) / 3-2-6(0.0493) / 2-3-6(0.0452) / 6-3-1(0.0442) / 3-6-1(0.0341) / 6-1-3(0.0283) / 6-2-1(0.0271)
2025-05-20,5,4-1-3,4-6-3,0.11517807824522142,False,4-6-3(0.1152) / 4-3-6(0.1146) / 6-4-3(0.0990) / 3-4-6(0.0982) / 6-3-4(0.0767) / 3-6-4(0.0765) / 4-6-2(0.0252) / 4-3-2(0.0249) / 6-4-2(0.0217) / 3-4-2(0.0214)
2025-05-20,6,1-3-2,3-5-4,0.09956608341778113,False,3-5-4(0.0996) / 5-3-4(0.0895) / 3-5-1(0.0669) / 3-4-5(0.0645) / 5-3-1(0.0601) / 5-4-3(0.0504) / 4-3-5(0.0468) / 4-5-3(0.0407) / 3-1-5(0.0391) / 5-1-3(0.0310)
2025-05-20,7,1-3-5,1-5-3,0.10036015396236002,False,1-5-3(0.1004) / 1-3-5(0.0759) / 1-5-2(0.0554) / 5-1-3(0.0544) / 1-5-4(0.0492) / 3-1-5(0.0374) / 1-2-5(0.0367) / 1-5-6(0.0336) / 1-4-5(0.0320) / 5-1-2(0.0301)
2025-05-20,8,1-3-2,1-4-3,0.13898466036752677,False,1-4-3(0.1390) / 1-3-4(0.1009) / 1-4-6(0.1004) / 1-4-2(0.0948) / 1-6-4(0.0673) / 1-2-4(0.0629) / 1-3-6(0.0377) / 1-3-2(0.0357) / 1-6-3(0.0349) / 4-1-3(0.0338)
2025-05-20,9,1-5-2,1-3-6,0.06551214882632805,False,1-3-6(0.0655) / 1-6-3(0.0559) / 3-1-6(0.0521) / 6-1-3(0.0410) / 1-3-2(0.0369) / 3-6-1(0.0328) / 1-3-5(0.0316) / 6-3-1(0.0302) / 3-1-2(0.0294) / 1-2-3(0.0271)
2025-05-20,10,4-2-6,5-2-6,0.03155285953909853,False,5-2-6(0.0316) / 5-6-2(0.0293) / 2-5-6(0.0282) / 5-2-4(0.0268) / 5-2-1(0.0256) / 6-5-2(0.0250) / 2-5-4(0.0240) / 5-4-2(0.0238) / 2-5-1(0.0229) / 2-6-5(0.0226)
2025-05-20,11,1-2-6,2-6-5,0.08974862116329069,False,2-6-5(0.0897) / 2-6-3(0.0850) / 2-5-6(0.0614) / 2-3-6(0.0575) / 6-2-5(0.0484) / 6-2-3(0.0459) / 2-6-4(0.0443) / 2-6-1(0.0349) / 5-2-6(0.0291) / 3-2-6(0.0271)
2025-05-20,12,1-5-2,2-1-6,0.07563561287189369,False,2-1-6(0.0756) / 2-6-1(0.0682) / 1-2-6(0.0437) / 2-1-4(0.0431) / 2-1-5(0.0381) / 6-2-1(0.0378) / 2-4-1(0.0334) / 2-6-4(0.0308) / 2-5-1(0.0289) / 2-6-5(0.0272)
2025-05-21,1,2-1-6,3-1-2,0.1189023657326008,False,3-1-2(0.1189) / 1-3-2(0.1014) / 3-1-6(0.0973) / 1-3-6(0.0830) / 3-2-1(0.0719) / 3-6-1(0.0556) / 1-2-3(0.0500) / 2-3-1(0.0489) / 2-1-3(0.0398) / 1-6-3(0.0391)
2025-05-21,3,2-6-3,1-2-6,0.03983490975790563,False,1-2-6(0.0398) / 1-6-2(0.0389) / 2-1-6(0.0379) / 6-1-2(0.0365) / 2-6-1(0.0346) / 6-2-1(0.0341) / 1-2-4(0.0209) / 2-1-4(0.0199) / 1-6-4(0.0194) / 6-1-4(0.0182)
2025-05-21,4,1-6-5,4-6-1,0.12093350613795113,False,4-6-1(0.1209) / 4-1-6(0.1208) / 4-6-3(0.0655) / 4-1-3(0.0654) / 4-3-6(0.0536) / 4-3-1(0.0535) / 4-6-2(0.0399) / 4-1-2(0.0398) / 6-4-1(0.0313) / 1-4-6(0.0313)
2025-05-21,5,1-4-3,6-3-4,0.06329540699501471,False,6-3-4(0.0633) / 3-6-4(0.0587) / 6-3-2(0.0539) / 3-6-2(0.0500) / 6-4-3(0.0400) / 3-4-6(0.0339) / 6-3-5(0.0337) / 6-2-3(0.0329) / 3-6-5(0.0312) / 4-6-3(0.0290)
2025-05-21,6,1-4-3,1-3-4,0.1098932422359426,False,1-3-4(0.1099) / 1-4-3(0.1040) / 3-1-4(0.0886) / 4-1-3(0.0817) / 3-4-1(0.0604) / 4-3-1(0.0588) / 1-3-2(0.0392) / 1-4-2(0.0342) / 3-1-2(0.0316) / 4-1-2(0.0268)
2025-05-21,7,4-6-3,4-6-1,0.07465280923991002,False,4-6-1(0.0747) / 4-6-3(0.0626) / 6-4-1(0.0612) / 4-1-6(0.0557) / 6-4-3(0.0513) / 4-3-6(0.0444) / 1-4-6(0.0395) / 6-1-4(0.0354) / 4-6-5(0.0346) / 3-4-6(0.0306)
2025-05-21,8,1-2-5,2-1-4,0.16624127146486414,False,2-1-4(0.1662) / 2-4-1(0.1099) / 2-1-6(0.0824) / 1-2-4(0.0645) / 2-1-3(0.0602) / 2-6-1(0.0468) / 4-2-1(0.0388) / 2-3-1(0.0330) / 1-2-6(0.0320) / 2-1-5(0.0293)
2025-05-21,9,1-6-2,1-3-6,0.1450862652903797,False,1-3-6(0.1451) / 1-3-2(0.1221) / 3-1-6(0.1138) / 3-1-2(0.0958) / 1-3-5(0.0702) / 3-1-5(0.0550) / 1-6-3(0.0431) / 1-2-3(0.0356) / 1-3-4(0.0314) / 3-6-1(0.0258)
2025-05-21,10,2-1-3,6-5-2,0.026123471824121745,False,6-5-2(0.0261) / 6-2-5(0.0254) / 5-6-2(0.0252) / 2-6-5(0.0240) / 5-2-6(0.0233) / 2-5-6(0.0228) / 6-5-4(0.0211) / 5-6-4(0.0203) / 6-4-5(0.0192) / 6-2-4(0.0191)
2025-05-21,11,1-6-3,2-3-5,0.028890335249211533,False,2-3-5(0.0289) / 2-5-3(0.0276) / 2-3-6(0.0260) / 2-6-3(0.0241) / 2-3-4(0.0240) / 3-2-5(0.0232) / 2-4-3(0.0218) / 2-5-6(0.0217) / 5-2-3(0.0216) / 2-6-5(0.0211)
2025-05-21,12,1-5-6,5-3-4,0.1774714197265101,False,5-3-4(0.1775) / 5-4-3(0.1401) / 5-3-2(0.0753) / 3-5-4(0.0593) / 5-3-1(0.0549) / 5-2-3(0.0475) / 4-5-3(0.0447) / 5-4-2(0.0402) / 5-1-3(0.0333) / 5-2-4(0.0321)
2025-05-22,1,4-3-1,6-5-2,0.06484320934576909,False,6-5-2(0.0648) / 5-6-2(0.0528) / 6-2-5(0.0523) / 6-5-1(0.0497) / 5-6-1(0.0405) / 2-6-5(0.0381) / 6-1-5(0.0371) / 5-2-6(0.0326) / 2-5-6(0.0292) / 1-6-5(0.0259)
2025-05-22,2,2-1-4,2-6-3,0.06367840450460582,False,2-6-3(0.0637) / 2-3-6(0.0580) / 2-6-5(0.0490) / 6-2-3(0.0414) / 2-5-6(0.0411) / 3-2-6(0.0362) / 2-3-5(0.0360) / 2-5-3(0.0331) / 6-2-5(0.0319) / 2-6-1(0.0260)
2025-05-22,3,4-5-2,2-5-3,0.08726058956962168,False,2-5-3(0.0873) / 2-5-4(0.0864) / 2-3-5(0.0621) / 2-4-5(0.0613) / 5-2-3(0.0542) / 5-2-4(0.0536) / 2-5-6(0.0407) / 3-2-5(0.0338) / 4-2-5(0.0333) / 2-3-4(0.0299)
2025-05-22,4,3-5-6,6-3-2,0.1097368860421406,False,6-3-2(0.1097) / 3-6-2(0.0847) / 6-2-3(0.0757) / 6-3-5(0.0584) / 2-6-3(0.0496) / 6-3-1(0.0468) / 3-6-5(0.0451) / 3-2-6(0.0417) / 3-6-1(0.0361) / 2-3-6(0.0355)
2025-05-22,5,1-3-5,5-6-1,0.04762914191121211,False,5-6-1(0.0476) / 5-6-3(0.0476) / 5-6-4(0.0452) / 6-5-1(0.0378) / 6-5-3(0.0378) / 5-6-2(0.0361) / 6-5-4(0.0358) / 5-1-6(0.0320) / 5-3-6(0.0319) / 5-4-6(0.0300)
2025-05-22,6,1-4-6,4-1-6,0.06197315779837974,False,4-1-6(0.0620) / 1-4-6(0.0606) / 4-6-1(0.0529) / 1-6-4(0.0501) / 6-4-1(0.0470) / 6-1-4(0.0456) / 4-1-3(0.0254) / 1-4-3(0.0248) / 4-1-2(0.0246) / 1-4-2(0.0241)
2025-05-22,7,1-4-2,2-1-4,0.1930349281771516,False,2-1-4(0.1930) / 1-2-4(0.1695) / 2-4-1(0.0955) / 1-4-2(0.0707) / 4-2-1(0.0631) / 4-1-2(0.0532) / 2-1-6(0.0291) / 2-1-3(0.0271) / 2-1-5(0.0262) / 1-2-6(0.0256)
2025-05-22,8,1-4-2,1-4-5,0.0988768019390416,False,1-4-5(0.0989) / 1-4-2(0.0851) / 1-5-4(0.0815) / 1-2-4(0.0668) / 4-1-5(0.0488) / 1-5-2(0.0469) / 1-2-5(0.0447) / 4-1-2(0.0420) / 1-4-3(0.0387) / 5-1-4(0.0378)
2025-05-22,9,1-2-3,2-5-1,0.1018289616056856,False,2-5-1(0.1018) / 2-1-5(0.0729) / 2-5-4(0.0586) / 2-5-6(0.0561) / 5-2-1(0.0523) / 2-5-3(0.0404) / 2-4-5(0.0375) / 2-6-5(0.0356) / 1-2-5(0.0337) / 5-2-4(0.0301)
2025-05-22,10,2-4-3,5-1-3,0.08047443585364676,False,5-1-3(0.0805) / 5-3-1(0.0652) / 1-5-3(0.0552) / 5-1-6(0.0528) / 3-5-1(0.0408) / 5-6-1(0.0382) / 1-5-6(0.0363) / 5-1-2(0.0349) / 5-3-6(0.0278) / 1-3-5(0.0276)
2025-05-22,11,2-1-3,2-1-5,0.03893217164317946,False,2-1-5(0.0389) / 2-5-1(0.0385) / 2-1-3(0.0321) / 2-5-3(0.0305) / 2-3-1(0.0300) / 2-3-5(0.0289) / 2-1-6(0.0270) / 2-5-6(0.0257) / 2-6-1(0.0243) / 1-2-5(0.0234)
2025-05-22,12,1-2-6,1-5-3,0.07421365382752285,False,1-5-3(0.0742) / 1-3-5(0.0657) / 1-5-2(0.0462) / 5-1-3(0.0446) / 3-1-5(0.0376) / 1-5-6(0.0366) / 1-2-5(0.0359) / 1-3-2(0.0312) / 5-1-2(0.0277) / 1-2-3(0.0273)
2025-05-27,1,1-3-4,4-1-6,0.18339446330901182,False,4-1-6(0.1834) / 4-6-1(0.1400) / 4-1-3(0.1104) / 4-3-1(0.0726) / 4-6-3(0.0533) / 1-4-6(0.0505) / 4-3-6(0.0459) / 4-1-5(0.0381) / 6-4-1(0.0369) / 1-4-3(0.0304)
2025-05-27,2,2-1-5,6-1-2,0.09235413181650955,False,6-1-2(0.0924) / 6-2-1(0.0783) / 6-1-3(0.0586) / 1-6-2(0.0501) / 6-3-1(0.0437) / 6-1-4(0.0414) / 2-6-1(0.0400) / 6-2-3(0.0352) / 1-6-3(0.0318) / 6-3-2(0.0310)
2025-05-27,3,1-4-5,1-2-3,0.04906559066713144,False,1-2-3(0.0491) / 1-2-4(0.0456) / 2-1-3(0.0428) / 1-3-2(0.0405) / 2-1-4(0.0398) / 1-4-2(0.0368) / 3-1-2(0.0317) / 2-3-1(0.0297) / 4-1-2(0.0284) / 2-4-1(0.0271)
2025-05-27,4,1-3-2,6-1-5,0.08524656592546122,False,6-1-5(0.0852) / 6-5-1(0.0708) / 1-6-5(0.0614) / 6-1-2(0.0484) / 5-6-1(0.0469) / 1-6-2(0.0349) / 6-2-1(0.0343) / 1-5-6(0.0331) / 5-1-6(0.0304) / 6-5-2(0.0281)
2025-05-27,5,1-3-6,3-6-5,0.035209103301645416,False,3-6-5(0.0352) / 3-6-2(0.0336) / 3-5-6(0.0333) / 3-6-4(0.0321) / 3-2-6(0.0313) / 3-4-6(0.0295) / 3-5-2(0.0268) / 3-2-5(0.0264) / 3-5-4(0.0256) / 3-4-5(0.0249)
2025-05-27,6,1-3-4,1-6-4,0.050950791223508096,False,1-6-4(0.0510) / 1-4-6(0.0478) / 1-6-5(0.0465) / 1-5-6(0.0424) / 1-6-2(0.0424) / 1-2-6(0.0377) / 1-4-5(0.0368) / 1-5-4(0.0358) / 1-4-2(0.0335) / 1-2-4(0.0318)
2025-05-27,7,1-5-6,1-6-5,0.0394922035801004,False,1-6-5(0.0395) / 1-5-6(0.0389) / 6-1-5(0.0279) / 5-1-6(0.0273) / 1-6-4(0.0266) / 1-6-2(0.0266) / 1-5-4(0.0253) / 1-5-2(0.0253) / 1-4-6(0.0235) / 1-2-6(0.0235)
2025-05-27,8,3-2-6,6-3-2,0.09380427762626194,False,6-3-2(0.0938) / 3-6-2(0.0838) / 6-2-3(0.0787) / 2-6-3(0.0642) / 3-2-6(0.0597) / 2-3-6(0.0545) / 6-3-1(0.0298) / 6-3-5(0.0291) / 3-6-1(0.0266) / 3-6-5(0.0260)
2025-05-27,9,1-4-5,3-2-6,0.03725198614670512,False,3-2-6(0.0373) / 3-6-2(0.0340) / 2-3-6(0.0323) / 3-2-1(0.0296) / 6-3-2(0.0278) / 2-3-1(0.0256) / 3-1-2(0.0253) / 2-6-3(0.0244) / 3-2-4(0.0239) / 6-2-3(0.0231)
2025-05-27,10,2-1-6,2-5-1,0.06341736953918342,False,2-5-1(0.0634) / 5-2-1(0.0602) / 2-5-3(0.0473) / 5-2-3(0.0449) / 2-5-6(0.0407) / 2-1-5(0.0388) / 5-2-6(0.0386) / 5-1-2(0.0347) / 1-2-5(0.0283) / 2-3-5(0.0274)
2025-05-27,11,1-2-3,6-1-2,0.022074025558306287,False,6-1-2(0.0221) / 6-2-1(0.0219) / 6-1-3(0.0199) / 6-2-3(0.0192) / 6-3-1(0.0191) / 1-6-2(0.0186) / 6-3-2(0.0186) / 2-6-1(0.0184) / 1-6-3(0.0168) / 6-1-4(0.0162)
2025-05-27,12,2-1-6,2-6-4,0.04365498187032993,False,2-6-4(0.0437) / 6-2-4(0.0405) / 2-4-6(0.0371) / 2-6-5(0.0346) / 6-2-5(0.0321) / 4-2-6(0.0312) / 6-4-2(0.0312) / 4-6-2(0.0282) / 2-5-6(0.0275) / 6-5-2(0.0233)
2025-05-28,1,1-2-3,5-4-1,0.0830319393026959,False,5-4-1(0.0830) / 5-1-4(0.0769) / 5-4-2(0.0638) / 4-5-1(0.0606) / 1-5-4(0.0542) / 5-2-4(0.0532) / 5-1-2(0.0512) / 4-5-2(0.0466) / 5-2-1(0.0461) / 4-1-5(0.0363)
2025-05-28,2,1-4-3,1-2-6,0.034406455451908624,False,1-2-6(0.0344) / 1-6-2(0.0339) / 2-1-6(0.0315) / 6-1-2(0.0307) / 2-6-1(0.0275) / 6-2-1(0.0273) / 1-2-4(0.0233) / 1-6-4(0.0221) / 2-1-4(0.0214) / 1-2-5(0.0207)
2025-05-28,3,1-2-3,2-3-1,0.12956583866399304,False,2-3-1(0.1296) / 2-1-3(0.1267) / 3-2-1(0.0903) / 1-2-3(0.0875) / 3-1-2(0.0511) / 1-3-2(0.0507) / 2-3-5(0.0244) / 2-1-5(0.0231) / 2-3-6(0.0183) / 2-3-4(0.0176)
2025-05-28,4,2-1-4,2-6-4,0.09831809129563913,False,2-6-4(0.0983) / 6-2-4(0.0900) / 2-4-6(0.0743) / 6-4-2(0.0600) / 4-2-6(0.0588) / 4-6-2(0.0519) / 2-6-5(0.0475) / 6-2-5(0.0435) / 2-5-6(0.0293) / 6-5-2(0.0242)
2025-05-28,5,1-2-3,2-6-1,0.06810757481869247,False,2-6-1(0.0681) / 6-2-1(0.0639) / 2-1-6(0.0482) / 2-6-3(0.0460) / 6-2-3(0.0432) / 6-1-2(0.0417) / 1-2-6(0.0374) / 1-6-2(0.0345) / 2-6-4(0.0297) / 2-3-6(0.0296)
2025-05-28,6,1-6-2,2-1-6,0.06665956865333104,False,2-1-6(0.0667) / 2-6-1(0.0548) / 1-2-6(0.0545) / 2-1-3(0.0541) / 1-2-3(0.0443) / 2-3-1(0.0417) / 6-2-1(0.0405) / 1-6-2(0.0344) / 6-1-2(0.0311) / 2-6-3(0.0299)
2025-05-28,7,1-3-2,1-3-5,0.04131298341225772,False,1-3-5(0.0413) / 3-1-5(0.0412) / 1-3-6(0.0362) / 3-1-6(0.0361) / 1-5-3(0.0328) / 3-5-1(0.0326) / 5-1-3(0.0283) / 5-3-1(0.0282) / 1-6-3(0.0278) / 3-6-1(0.0276)
2025-05-28,8,1-2-3,1-5-3,0.07438272128789371,False,1-5-3(0.0744) / 5-1-3(0.0589) / 1-3-5(0.0559) / 1-5-4(0.0523) / 5-1-4(0.0414) / 3-1-5(0.0385) / 1-4-5(0.0359) / 5-3-1(0.0329) / 1-5-6(0.0328) / 3-5-1(0.0286)
2025-05-28,9,1-3-2,1-2-6,0.03065539547524297,False,1-2-6(0.0307) / 1-6-2(0.0303) / 2-1-6(0.0285) / 6-1-2(0.0280) / 2-6-1(0.0256) / 6-2-1(0.0254) / 1-2-4(0.0165) / 1-6-4(0.0159) / 2-1-4(0.0154) / 1-2-3(0.0151)
2025-05-28,10,1-3-4,5-3-6,0.06101611407386268,False,5-3-6(0.0610) / 3-5-6(0.0554) / 5-6-3(0.0473) / 5-3-4(0.0381) / 3-6-5(0.0378) / 6-5-3(0.0372) / 3-5-4(0.0346) / 6-3-5(0.0328) / 5-3-2(0.0282) / 5-4-3(0.0263)
2025-05-28,12,6-4-2,4-5-3,0.03778173849465651,False,4-5-3(0.0378) / 5-4-3(0.0346) / 4-3-5(0.0333) / 4-5-1(0.0286) / 3-4-5(0.0282) / 5-3-4(0.0272) / 5-4-1(0.0261) / 3-5-4(0.0251) / 4-1-5(0.0233) / 5-1-4(0.0192)
2025-05-29,1,1-4-3,3-5-6,0.030682628460684088,False,3-5-6(0.0307) / 3-6-5(0.0302) / 5-3-6(0.0263) / 6-3-5(0.0256) / 3-5-2(0.0221) / 3-5-4(0.0220) / 5-6-3(0.0211) / 6-5-3(0.0208) / 3-6-2(0.0208) / 3-6-4(0.0207)
2025-05-29,2,4-2-1,1-5-3,0.07643169753548328,False,1-5-3(0.0764) / 1-5-4(0.0716) / 5-1-3(0.0571) / 5-1-4(0.0535) / 1-3-5(0.0506) / 1-4-5(0.0467) / 1-5-2(0.0334) / 3-1-5(0.0314) / 4-1-5(0.0288) / 1-5-6(0.0271)
2025-05-29,3,1-3-2,6-4-1,0.05872880148317396,False,6-4-1(0.0587) / 4-6-1(0.0529) / 6-1-4(0.0521) / 1-6-4(0.0438) / 4-1-6(0.0405) / 1-4-6(0.0378) / 6-4-3(0.0302) / 4-6-3(0.0272) / 6-4-2(0.0260) / 4-6-2(0.0234)
2025-05-29,4,4-6-2,2-4-3,0.13964497855570632,False,2-4-3(0.1396) / 4-2-3(0.1315) / 2-4-1(0.0667) / 2-3-4(0.0667) / 4-2-1(0.0628) / 4-3-2(0.0582) / 3-2-4(0.0452) / 3-4-2(0.0419) / 2-4-6(0.0312) / 4-2-6(0.0294)
2025-05-29,5,4-5-1,3-4-5,0.04960585392476967,False,3-4-5(0.0496) / 4-3-5(0.0447) / 3-5-4(0.0432) / 5-3-4(0.0359) / 4-5-3(0.0338) / 3-4-2(0.0315) / 5-4-3(0.0312) / 4-3-2(0.0284) / 3-2-4(0.0242) / 3-5-2(0.0204)
2025-05-29,6,1-2-4,5-4-3,0.05733852609371249,False,5-4-3(0.0573) / 4-5-3(0.0517) / 5-3-4(0.0509) / 3-5-4(0.0428) / 5-4-1(0.0428) / 4-3-5(0.0398) / 4-5-1(0.0386) / 3-4-5(0.0371) / 5-1-4(0.0343) / 5-3-1(0.0299)
2025-05-29,7,1-2-5,1-4-3,0.05592543463805917,False,1-4-3(0.0559) / 1-4-5(0.0494) / 1-4-6(0.0475) / 1-3-4(0.0431) / 4-1-3(0.0416) / 1-5-4(0.0369) / 4-1-5(0.0367) / 4-1-6(0.0353) / 1-6-4(0.0352) / 3-1-4(0.0282)
2025-05-29,8,1-2-3,3-2-4,0.043196841306520954,False,3-2-4(0.0432) / 3-4-2(0.0426) / 3-2-1(0.0413) / 3-1-2(0.0401) / 3-4-1(0.0393) / 3-1-4(0.0386) / 2-3-4(0.0287) / 4-3-2(0.0282) / 2-3-1(0.0274) / 1-3-2(0.0263)
2025-05-29,9,1-6-2,2-3-6,0.04460963183183685,False,2-3-6(0.0446) / 3-2-6(0.0437) / 2-6-3(0.0361) / 3-6-2(0.0344) / 2-3-5(0.0321) / 3-2-5(0.0314) / 6-2-3(0.0310) / 6-3-2(0.0302) / 2-3-1(0.0287) / 3-2-1(0.0281)
2025-05-29,10,1-5-2,5-2-1,0.05864842494982456,False,5-2-1(0.0586) / 2-5-1(0.0553) / 5-1-2(0.0495) / 2-1-5(0.0430) / 1-5-2(0.0422) / 5-2-6(0.0408) / 1-2-5(0.0389) / 2-5-6(0.0385) / 5-6-2(0.0307) / 2-6-5(0.0270)
2025-05-29,12,1-5-6,1-4-2,0.04319966683086828,False,1-4-2(0.0432) / 1-4-5(0.0417) / 1-2-4(0.0372) / 1-5-4(0.0356) / 1-4-6(0.0323) / 4-1-2(0.0317) / 4-1-5(0.0306) / 1-6-4(0.0260) / 2-1-4(0.0253) / 5-1-4(0.0241)
2025-05-30,1,2-1-6,4-2-5,0.06000479680294289,False,4-2-5(0.0600) / 4-5-2(0.0556) / 4-2-6(0.0547) / 4-6-2(0.0490) / 4-5-6(0.0427) / 2-4-5(0.0426) / 4-6-5(0.0413) / 2-4-6(0.0388) / 5-4-2(0.0380) / 6-4-2(0.0330)
2025-05-30,2,1-3-5,5-3-2,0.044762100005874154,False,5-3-2(0.0448) / 3-5-2(0.0443) / 5-3-1(0.0418) / 3-5-1(0.0414) / 5-2-3(0.0324) / 3-2-5(0.0317) / 5-1-3(0.0298) / 3-1-5(0.0292) / 2-5-3(0.0264) / 2-3-5(0.0261)
2025-05-30,3,1-5-4,4-2-6,0.05564393885716882,False,4-2-6(0.0556) / 4-6-2(0.0510) / 4-2-1(0.0477) / 4-1-2(0.0416) / 2-4-6(0.0395) / 4-6-1(0.0357) / 6-4-2(0.0347) / 4-1-6(0.0340) / 2-4-1(0.0339) / 1-4-2(0.0276)
2025-05-30,4,2-1-5,5-4-6,0.030942285295895603,False,5-4-6(0.0309) / 5-6-4(0.0308) / 4-5-6(0.0274) / 6-5-4(0.0272) / 5-4-3(0.0243) / 5-6-3(0.0240) / 4-6-5(0.0231) / 6-4-5(0.0230) / 5-3-4(0.0224) / 5-3-6(0.0222)
2025-05-30,5,1-2-3,6-2-1,0.05876308577687069,False,6-2-1(0.0588) / 6-1-2(0.0576) / 2-6-1(0.0533) / 1-6-2(0.0516) / 2-1-6(0.0452) / 1-2-6(0.0446) / 6-2-3(0.0196) / 6-1-3(0.0185) / 2-6-3(0.0178) / 6-2-5(0.0170)
2025-05-30,6,1-4-5,6-5-4,0.0421263241036883,False,6-5-4(0.0421) / 5-6-4(0.0398) / 6-4-5(0.0348) / 6-5-3(0.0308) / 5-4-6(0.0306) / 4-6-5(0.0292) / 5-6-3(0.0291) / 4-5-6(0.0272) / 6-3-5(0.0235) / 6-5-1(0.0211)
2025-05-30,7,1-3-6,6-3-4,0.07305609693668182,False,6-3-4(0.0731) / 6-4-3(0.0723) / 3-6-4(0.0498) / 4-6-3(0.0491) / 6-3-5(0.0321) / 6-4-5(0.0311) / 3-4-6(0.0291) / 4-3-6(0.0289) / 6-3-1(0.0268) / 6-4-1(0.0260)
2025-05-30,8,1-5-6,5-6-3,0.05370545115560953,False,5-6-3(0.0537) / 5-3-6(0.0531) / 6-5-3(0.0527) / 3-5-6(0.0518) / 6-3-5(0.0506) / 3-6-5(0.0503) / 5-6-1(0.0234) / 6-5-1(0.0229) / 5-3-1(0.0227) / 3-5-1(0.0221)
2025-05-30,9,1-3-6,3-6-2,0.057472883434758294,False,3-6-2(0.0575) / 3-2-6(0.0557) / 3-6-5(0.0553) / 3-5-6(0.0529) / 3-2-5(0.0487) / 3-5-2(0.0481) / 3-6-4(0.0348) / 3-2-4(0.0306) / 3-4-6(0.0299) / 3-5-4(0.0291)
2025-05-30,10,3-4-2,4-1-3,0.0972115982881768,False,4-1-3(0.0972) / 4-3-1(0.0970) / 1-4-3(0.0801) / 3-4-1(0.0799) / 1-3-4(0.0592) / 3-1-4(0.0591) / 4-1-6(0.0210) / 4-3-6(0.0209) / 1-4-6(0.0173) / 3-4-6(0.0172)
2025-05-30,11,1-3-2,5-4-1,0.034342679839037556,False,5-4-1(0.0343) / 5-1-4(0.0330) / 4-5-1(0.0299) / 1-5-4(0.0281) / 5-4-3(0.0245) / 4-1-5(0.0240) / 1-4-5(0.0234) / 4-5-3(0.0214) / 5-3-4(0.0214) / 5-1-3(0.0213)
2025-05-30,12,1-4-5,1-5-4,0.06837191694051141,False,1-5-4(0.0684) / 5-1-4(0.0639) / 1-4-5(0.0511) / 1-5-2(0.0472) / 5-1-2(0.0441) / 5-4-1(0.0437) / 4-1-5(0.0407) / 4-5-1(0.0371) / 1-2-5(0.0319) / 5-2-1(0.0275)
2025-05-31,1,1-3-6,5-6-4,0.06587851900225049,False,5-6-4(0.0659) / 5-4-6(0.0650) / 6-5-4(0.0503) / 4-5-6(0.0493) / 6-4-5(0.0340) / 4-6-5(0.0338) / 5-6-3(0.0243) / 5-6-2(0.0242) / 5-4-3(0.0234) / 5-4-2(0.0233)
2025-05-31,2,1-3-4,1-5-3,0.02456686038203329,False,1-5-3(0.0246) / 1-5-4(0.0229) / 1-3-5(0.0224) / 5-1-3(0.0215) / 1-4-5(0.0205) / 5-1-4(0.0201) / 1-5-2(0.0185) / 3-1-5(0.0184) / 1-5-6(0.0177) / 4-1-5(0.0167)
2025-05-31,3,1-2-3,4-2-1,0.07284741953283332,False,4-2-1(0.0728) / 4-1-2(0.0723) / 2-4-1(0.0701) / 1-4-2(0.0692) / 2-1-4(0.0653) / 1-2-4(0.0650) / 4-2-3(0.0231) / 4-1-3(0.0226) / 2-4-3(0.0222) / 1-4-3(0.0216)
2025-05-31,4,1-2-6,1-4-2,0.043096056070275696,False,1-4-2(0.0431) / 1-2-4(0.0413) / 1-4-5(0.0364) / 4-1-2(0.0347) / 1-5-4(0.0330) / 2-1-4(0.0324) / 1-2-5(0.0314) / 1-5-2(0.0296) / 4-1-5(0.0293) / 5-1-4(0.0250)
2025-05-31,5,4-6-1,4-6-3,0.05219138416594653,False,4-6-3(0.0522) / 6-4-3(0.0495) / 4-6-5(0.0448) / 4-3-6(0.0437) / 6-4-5(0.0425) / 6-3-4(0.0386) / 3-4-6(0.0373) / 4-5-6(0.0356) / 3-6-4(0.0347) / 6-5-4(0.0316)
2025-05-31,6,1-2-5,1-3-4,0.05791311975140304,False,1-3-4(0.0579) / 1-3-6(0.0565) / 1-3-5(0.0520) / 3-1-4(0.0422) / 3-1-6(0.0412) / 1-4-3(0.0383) / 3-1-5(0.0379) / 1-6-3(0.0372) / 1-5-3(0.0338) / 1-3-2(0.0333)
2025-05-31,7,1-4-6,2-5-4,0.024663797245883804,False,2-5-4(0.0247) / 2-5-6(0.0240) / 5-2-4(0.0237) / 2-4-5(0.0235) / 5-2-6(0.0230) / 2-6-5(0.0226) / 4-2-5(0.0218) / 5-4-2(0.0214) / 6-2-5(0.0209) / 4-5-2(0.0207)
2025-05-31,8,4-5-1,6-5-1,0.01532935909443303,False,6-5-1(0.0153) / 5-6-1(0.0153) / 6-1-5(0.0147) / 6-5-3(0.0146) / 5-6-3(0.0145) / 5-1-6(0.0145) / 1-6-5(0.0141) / 1-5-6(0.0140) / 6-3-5(0.0138) / 5-3-6(0.0136)
2025-05-31,9,1-3-4,1-5-4,0.0430588194529263,False,1-5-4(0.0431) / 5-1-4(0.0399) / 1-4-5(0.0382) / 4-1-5(0.0329) / 5-4-1(0.0320) / 4-5-1(0.0298) / 1-5-6(0.0256) / 1-5-2(0.0249) / 5-1-6(0.0238) / 5-1-2(0.0231)
2025-05-31,11,1-2-3,1-4-3,0.07128946863132542,False,1-4-3(0.0713) / 4-1-3(0.0612) / 1-4-2(0.0457) / 1-4-5(0.0453) / 1-3-4(0.0427) / 1-4-6(0.0404) / 4-1-2(0.0392) / 4-1-5(0.0389) / 4-1-6(0.0347) / 4-3-1(0.0305)
2025-05-31,12,1-2-5,2-4-3,0.05834567497087054,False,2-4-3(0.0583) / 4-2-3(0.0457) / 2-3-4(0.0444) / 2-4-5(0.0383) / 2-4-1(0.0337) / 2-4-6(0.0324) / 3-2-4(0.0303) / 4-2-5(0.0299) / 2-5-4(0.0266) / 4-2-1(0.0264)
2025-06-01,1,5-2-4,5-3-1,0.04924121038632089,False,5-3-1(0.0492) / 5-1-3(0.0473) / 3-5-1(0.0391) / 1-5-3(0.0368) / 3-1-5(0.0275) / 1-3-5(0.0269) / 5-3-6(0.0261) / 5-3-2(0.0256) / 5-1-6(0.0229) / 5-1-2(0.0225)
2025-06-01,2,6-1-5,1-5-2,0.11450050881142412,False,1-5-2(0.1145) / 5-1-2(0.0963) / 1-2-5(0.0960) / 2-1-5(0.0741) / 5-2-1(0.0625) / 2-5-1(0.0574) / 1-5-3(0.0361) / 5-1-3(0.0304) / 1-2-3(0.0233) / 1-3-5(0.0221)
2025-06-01,3,4-5-3,1-2-6,0.04729465279431896,False,1-2-6(0.0473) / 1-2-4(0.0400) / 2-1-6(0.0397) / 1-6-2(0.0379) / 2-1-4(0.0335) / 1-4-2(0.0308) / 6-1-2(0.0282) / 2-6-1(0.0255) / 1-2-5(0.0253) / 6-2-1(0.0226)
2025-06-01,4,1-3-4,4-1-3,0.06536823249719298,False,4-1-3(0.0654) / 4-3-1(0.0604) / 1-4-3(0.0478) / 3-4-1(0.0425) / 4-1-2(0.0327) / 1-3-4(0.0291) / 3-1-4(0.0280) / 4-3-2(0.0256) / 4-2-1(0.0250) / 4-1-5(0.0243)
2025-06-01,5,1-4-5,4-2-1,0.032603695036362526,False,4-2-1(0.0326) / 4-2-5(0.0325) / 2-4-1(0.0311) / 2-4-5(0.0310) / 4-1-2(0.0283) / 4-5-2(0.0282) / 2-1-4(0.0254) / 2-5-4(0.0253) / 1-4-2(0.0246) / 5-4-2(0.0245)
2025-06-01,6,5-2-1,1-5-3,0.1357917461468936,False,1-5-3(0.1358) / 5-1-3(0.1141) / 1-3-5(0.0774) / 1-5-4(0.0545) / 5-3-1(0.0520) / 3-1-5(0.0510) / 5-1-4(0.0458) / 3-5-1(0.0408) / 1-5-6(0.0358) / 5-1-6(0.0301)
2025-06-01,7,1-5-3,1-6-5,0.03140770227489561,False,1-6-5(0.0314) / 1-6-2(0.0293) / 1-5-6(0.0293) / 1-2-6(0.0269) / 6-1-5(0.0243) / 6-1-2(0.0227) / 1-5-2(0.0223) / 1-2-5(0.0219) / 5-1-6(0.0218) / 1-6-4(0.0216)
2025-06-01,8,1-2-4,1-3-2,0.16873836759197552,False,1-3-2(0.1687) / 1-2-3(0.1137) / 1-3-5(0.0969) / 1-5-3(0.0575) / 3-1-2(0.0521) / 1-3-6(0.0464) / 1-3-4(0.0457) / 2-1-3(0.0326) / 1-2-5(0.0322) / 3-1-5(0.0299)
2025-06-01,9,1-2-3,2-5-1,0.03741651997314579,False,2-5-1(0.0374) / 2-1-5(0.0344) / 2-5-6(0.0311) / 2-5-4(0.0308) / 2-6-5(0.0273) / 2-5-3(0.0272) / 2-4-5(0.0270) / 5-2-1(0.0240) / 2-3-5(0.0233) / 2-1-6(0.0220)
2025-06-01,10,6-4-2,3-6-2,0.021212888282451457,False,3-6-2(0.0212) / 3-6-4(0.0209) / 6-3-2(0.0195) / 6-3-4(0.0192) / 3-2-6(0.0189) / 3-6-1(0.0189) / 3-4-6(0.0185) / 6-3-1(0.0173) / 3-1-6(0.0163) / 3-6-5(0.0163)
2025-06-01,11,1-2-4,1-2-3,0.0542430625196533,False,1-2-3(0.0542) / 1-3-2(0.0507) / 1-2-6(0.0373) / 1-2-4(0.0342) / 1-6-2(0.0316) / 1-2-5(0.0310) / 2-1-3(0.0293) / 1-3-6(0.0290) / 1-4-2(0.0286) / 3-1-2(0.0267)
2025-06-01,12,1-3-2,1-3-2,0.05892963068106706,True,1-3-2(0.0589) / 3-1-2(0.0570) / 1-2-3(0.0476) / 3-2-1(0.0439) / 1-3-4(0.0417) / 2-1-3(0.0406) / 3-1-4(0.0403) / 2-3-1(0.0387) / 1-4-3(0.0304) / 3-4-1(0.0282)
2025-06-09,1,1-3-2,4-1-2,0.08026031367044087,False,4-1-2(0.0803) / 1-4-2(0.0674) / 4-2-1(0.0637) / 4-1-3(0.0483) / 2-4-1(0.0476) / 1-2-4(0.0423) / 1-4-3(0.0406) / 2-1-4(0.0376) / 4-3-1(0.0332) / 4-1-5(0.0263)
2025-06-09,2,2-5-4,5-1-3,0.23082867744992416,False,5-1-3(0.2308) / 5-1-2(0.1432) / 5-3-1(0.1179) / 1-5-3(0.0739) / 5-2-1(0.0663) / 5-1-4(0.0609) / 1-5-2(0.0458) / 3-5-1(0.0336) / 5-3-2(0.0260) / 5-4-1(0.0259)
2025-06-09,3,3-2-5,2-3-5,0.06840345093056958,False,2-3-5(0.0684) / 2-3-4(0.0664) / 3-2-5(0.0548) / 3-2-4(0.0531) / 2-5-3(0.0464) / 2-4-3(0.0447) / 2-3-1(0.0347) / 5-2-3(0.0308) / 4-2-3(0.0296) / 3-5-2(0.0284)
2025-06-09,4,3-4-5,4-1-3,0.05423250491897396,False,4-1-3(0.0542) / 1-4-3(0.0497) / 4-1-5(0.0462) / 1-4-5(0.0424) / 4-3-1(0.0368) / 4-1-2(0.0345) / 1-4-2(0.0316) / 1-3-4(0.0303) / 4-5-1(0.0303) / 3-4-1(0.0272)
2025-06-09,5,2-1-5,6-5-3,0.11861739205895955,False,6-5-3(0.1186) / 5-6-3(0.1019) / 6-5-1(0.0795) / 5-6-1(0.0683) / 6-5-2(0.0521) / 6-3-5(0.0511) / 5-6-2(0.0447) / 5-3-6(0.0368) / 6-1-5(0.0323) / 6-5-4(0.0319)
2025-06-09,6,3-1-4,3-1-4,0.20506599127571234,True,3-1-4(0.2051) / 1-3-4(0.1264) / 3-1-6(0.1055) / 3-4-1(0.0845) / 1-3-6(0.0650) / 4-3-1(0.0402) / 3-6-1(0.0392) / 3-1-5(0.0323) / 3-1-2(0.0307) / 1-4-3(0.0295)
2025-06-09,7,2-6-4,2-3-6,0.08047500528139724,False,2-3-6(0.0805) / 2-3-1(0.0716) / 2-6-3(0.0685) / 2-3-4(0.0682) / 2-1-3(0.0592) / 2-4-3(0.0558) / 2-6-1(0.0392) / 2-1-6(0.0380) / 2-6-4(0.0373) / 2-3-5(0.0371)
2025-06-09,8,1-2-4,4-1-2,0.20590042947121195,False,4-1-2(0.2059) / 1-4-2(0.1213) / 4-1-5(0.1169) / 4-2-1(0.0966) / 1-4-5(0.0689) / 4-5-1(0.0491) / 2-4-1(0.0456) / 1-2-4(0.0302) / 4-1-3(0.0301) / 2-1-4(0.0242)
2025-06-09,9,1-3-5,1-2-6,0.06319700192760036,False,1-2-6(0.0632) / 1-6-2(0.0611) / 1-2-3(0.0599) / 1-3-2(0.0568) / 1-6-3(0.0534) / 1-3-6(0.0524) / 2-1-6(0.0341) / 6-1-2(0.0326) / 2-1-3(0.0323) / 3-1-2(0.0301)
2025-06-09,10,2-1-3,2-3-4,0.047247126248430346,False,2-3-4(0.0472) / 3-2-4(0.0411) / 2-4-3(0.0384) / 2-3-6(0.0365) / 3-2-6(0.0317) / 4-2-3(0.0297) / 3-4-2(0.0280) / 2-6-3(0.0278) / 2-3-1(0.0271) / 4-3-2(0.0249)
2025-06-09,11,1-3-4,1-3-2,0.12178978053335317,False,1-3-2(0.1218) / 1-3-5(0.0869) / 1-2-3(0.0863) / 1-3-4(0.0734) / 1-5-3(0.0569) / 1-4-3(0.0468) / 3-1-2(0.0454) / 3-1-5(0.0324) / 1-2-5(0.0303) / 2-1-3(0.0296)
2025-06-09,12,1-4-3,3-6-5,0.05340048252878638,False,3-6-5(0.0534) / 6-3-5(0.0498) / 3-5-6(0.0422) / 3-6-1(0.0394) / 6-3-1(0.0368) / 6-5-3(0.0360) / 5-3-6(0.0343) / 5-6-3(0.0313) / 3-1-6(0.0287) / 6-1-3(0.0247)
2025-06-10,1,1-6-2,6-1-3,0.03673662844577341,False,6-1-3(0.0367) / 1-6-3(0.0355) / 6-1-2(0.0353) / 1-6-2(0.0341) / 6-3-1(0.0288) / 6-2-1(0.0274) / 6-1-5(0.0271) / 1-3-6(0.0267) / 1-6-5(0.0262) / 1-2-6(0.0255)
2025-06-10,2,2-1-6,6-3-4,0.06631868977640225,False,6-3-4(0.0663) / 6-3-2(0.0613) / 6-3-5(0.0601) / 6-4-3(0.0482) / 6-2-3(0.0439) / 6-5-3(0.0428) / 3-6-4(0.0377) / 3-6-2(0.0349) / 3-6-5(0.0342) / 6-3-1(0.0298)
2025-06-10,3,1-3-4,4-3-1,0.17770454247073236,False,4-3-1(0.1777) / 4-1-3(0.1433) / 4-3-6(0.0873) / 3-4-1(0.0865) / 1-4-3(0.0657) / 4-6-3(0.0559) / 4-1-6(0.0511) / 3-4-6(0.0425) / 4-6-1(0.0406) / 3-1-4(0.0269)
2025-06-10,4,6-5-3,5-3-6,0.1097140130440088,False,5-3-6(0.1097) / 5-6-3(0.1063) / 5-3-4(0.0775) / 5-6-4(0.0703) / 5-4-3(0.0664) / 5-4-6(0.0621) / 5-3-1(0.0360) / 3-5-6(0.0338) / 5-6-1(0.0326) / 6-5-3(0.0326)
2025-06-10,5,4-2-6,4-6-5,0.294231186716775,False,4-6-5(0.2942) / 6-4-5(0.1523) / 4-5-6(0.1012) / 4-6-2(0.0896) / 4-6-1(0.0470) / 6-4-2(0.0464) / 5-4-6(0.0410) / 4-2-6(0.0266) / 6-5-4(0.0245) / 6-4-1(0.0243)
2025-06-10,6,1-4-2,1-4-3,0.13764960597572143,False,1-4-3(0.1376) / 1-4-5(0.1151) / 4-1-3(0.1094) / 4-1-5(0.0915) / 1-4-2(0.0581) / 1-3-4(0.0562) / 4-1-2(0.0461) / 1-5-4(0.0456) / 4-3-1(0.0342) / 3-1-4(0.0319)
2025-06-10,7,1-5-6,3-2-6,0.06503923710229449,False,3-2-6(0.0650) / 3-2-1(0.0595) / 2-3-6(0.0524) / 2-3-1(0.0479) / 3-6-2(0.0459) / 3-1-2(0.0410) / 3-2-5(0.0410) / 2-3-5(0.0330) / 6-3-2(0.0311) / 2-6-3(0.0284)
2025-06-10,9,1-2-3,3-1-2,0.059574311781751176,False,3-1-2(0.0596) / 1-3-2(0.0519) / 3-1-4(0.0483) / 3-2-1(0.0482) / 1-3-4(0.0421) / 2-3-1(0.0374) / 3-4-1(0.0367) / 1-2-3(0.0350) / 2-1-3(0.0312) / 3-1-6(0.0279)
2025-06-10,10,1-2-5,2-5-3,0.05352875083994594,False,2-5-3(0.0535) / 5-2-3(0.0513) / 2-5-1(0.0507) / 2-3-5(0.0490) / 5-2-1(0.0486) / 2-1-5(0.0454) / 3-2-5(0.0445) / 5-3-2(0.0442) / 3-5-2(0.0419) / 5-1-2(0.0410)
2025-06-10,11,2-3-5,2-1-4,0.11499708389363499,False,2-1-4(0.1150) / 2-4-1(0.0827) / 2-1-6(0.0787) / 2-6-1(0.0518) / 1-2-4(0.0510) / 2-1-3(0.0473) / 2-1-5(0.0389) / 1-2-6(0.0349) / 4-2-1(0.0335) / 2-4-6(0.0290)
2025-06-10,12,1-2-3,1-2-5,0.07653057720170438,False,1-2-5(0.0765) / 1-5-2(0.0650) / 2-1-5(0.0504) / 1-2-6(0.0500) / 5-1-2(0.0399) / 1-6-2(0.0378) / 2-1-6(0.0329) / 1-5-6(0.0301) / 1-2-4(0.0279) / 1-6-5(0.0267)
2025-06-11,1,1-3-4,1-3-4,0.1419518664013584,True,1-3-4(0.1420) / 1-3-2(0.1051) / 1-4-3(0.1045) / 3-1-4(0.0806) / 1-2-3(0.0701) / 3-1-2(0.0597) / 4-1-3(0.0536) / 1-4-2(0.0466) / 1-2-4(0.0422) / 2-1-3(0.0347)
2025-06-11,2,3-1-4,3-6-4,0.10085433905048126,False,3-6-4(0.1009) / 3-6-2(0.0823) / 3-6-1(0.0671) / 3-4-6(0.0668) / 6-3-4(0.0539) / 3-2-6(0.0521) / 6-3-2(0.0440) / 3-1-6(0.0410) / 6-3-1(0.0358) / 4-3-6(0.0312)
2025-06-11,3,1-3-2,2-5-6,0.07983784317338083,False,2-5-6(0.0798) / 5-2-6(0.0699) / 2-6-5(0.0672) / 6-2-5(0.0537) / 5-6-2(0.0487) / 6-5-2(0.0445) / 2-5-3(0.0426) / 5-2-3(0.0373) / 2-3-5(0.0297) / 2-6-3(0.0265)
2025-06-11,4,1-5-2,1-5-2,0.08236902172601535,True,1-5-2(0.0824) / 5-1-2(0.0800) / 1-5-4(0.0629) / 5-1-4(0.0611) / 1-2-5(0.0532) / 5-2-1(0.0497) / 2-1-5(0.0408) / 2-5-1(0.0393) / 1-4-5(0.0379) / 5-4-1(0.0356)
2025-06-11,5,1-5-2,5-1-2,0.05002509231291298,False,5-1-2(0.0500) / 5-2-1(0.0475) / 1-5-2(0.0468) / 2-5-1(0.0430) / 1-2-5(0.0403) / 2-1-5(0.0390) / 5-1-6(0.0381) / 1-5-6(0.0357) / 5-6-1(0.0326) / 5-2-6(0.0326)
2025-06-11,6,1-3-4,3-4-1,0.09418485372012372,False,3-4-1(0.0942) / 3-4-2(0.0699) / 3-1-4(0.0697) / 4-3-1(0.0643) / 4-3-2(0.0477) / 3-2-4(0.0477) / 3-4-6(0.0462) / 1-3-4(0.0420) / 4-3-6(0.0316) / 4-1-3(0.0295)
2025-06-11,7,3-1-6,4-6-3,0.10455182343845554,False,4-6-3(0.1046) / 4-3-6(0.0918) / 6-4-3(0.0805) / 3-4-6(0.0665) / 6-3-4(0.0486) / 3-6-4(0.0457) / 4-6-2(0.0279) / 4-6-1(0.0244) / 6-4-2(0.0215) / 4-6-5(0.0200)
2025-06-11,8,1-2-5,1-5-4,0.09682540128663769,False,1-5-4(0.0968) / 1-4-5(0.0815) / 1-5-2(0.0675) / 5-1-4(0.0627) / 1-2-5(0.0505) / 4-1-5(0.0492) / 5-1-2(0.0437) / 1-4-2(0.0411) / 1-2-4(0.0366) / 5-4-1(0.0298)
2025-06-11,9,2-3-5,5-2-1,0.39978134337050536,False,5-2-1(0.3998) / 5-2-6(0.1547) / 5-1-2(0.1266) / 2-5-1(0.0638) / 5-2-3(0.0611) / 5-6-2(0.0436) / 2-5-6(0.0247) / 1-5-2(0.0185) / 5-3-2(0.0165) / 5-2-4(0.0155)
2025-06-11,11,2-1-3,2-3-1,0.16502824191655782,False,2-3-1(0.1650) / 3-2-1(0.1498) / 2-3-5(0.1241) / 3-2-5(0.1126) / 2-1-3(0.0530) / 3-1-2(0.0430) / 2-5-3(0.0383) / 1-2-3(0.0314) / 3-5-2(0.0312) / 2-3-4(0.0294)
2025-06-11,12,4-6-5,1-2-4,0.05433464827109237,False,1-2-4(0.0543) / 1-4-2(0.0541) / 2-1-4(0.0413) / 4-1-2(0.0411) / 2-4-1(0.0283) / 4-2-1(0.0282) / 1-2-3(0.0255) / 1-4-3(0.0252) / 1-2-6(0.0247) / 1-4-6(0.0243)
2025-06-12,1,4-2-6,2-6-4,0.05543556194856678,False,2-6-4(0.0554) / 2-4-6(0.0543) / 6-2-4(0.0470) / 4-2-6(0.0455) / 6-4-2(0.0364) / 4-6-2(0.0360) / 2-6-1(0.0337) / 2-4-1(0.0316) / 6-2-1(0.0286) / 2-1-6(0.0278)
2025-06-12,2,4-2-3,4-5-2,0.12834955812185245,False,4-5-2(0.1283) / 4-2-5(0.1070) / 5-4-2(0.0700) / 4-5-3(0.0557) / 2-4-5(0.0549) / 4-5-1(0.0509) / 4-3-5(0.0370) / 4-2-3(0.0339) / 4-1-5(0.0334) / 4-2-1(0.0310)
2025-06-12,3,2-1-4,2-3-5,0.1490024633899631,False,2-3-5(0.1490) / 2-5-3(0.1358) / 2-3-4(0.0815) / 2-5-4(0.0633) / 2-4-3(0.0604) / 3-2-5(0.0558) / 2-4-5(0.0514) / 5-2-3(0.0498) / 3-2-4(0.0305) / 2-3-1(0.0234)
2025-06-12,4,3-2-5,3-5-2,0.061969060854073596,False,3-5-2(0.0620) / 5-3-2(0.0525) / 3-2-5(0.0504) / 3-5-4(0.0427) / 2-3-5(0.0382) / 5-3-4(0.0361) / 5-2-3(0.0343) / 3-4-5(0.0313) / 2-5-3(0.0307) / 3-5-1(0.0280)
2025-06-12,5,3-1-5,4-2-5,0.12069484313126554,False,4-2-5(0.1207) / 4-5-2(0.1180) / 2-4-5(0.0842) / 5-4-2(0.0816) / 4-2-3(0.0508) / 2-5-4(0.0482) / 4-5-3(0.0480) / 5-2-4(0.0477) / 4-3-2(0.0362) / 2-4-3(0.0354)
2025-06-12,6,5-1-3,1-4-3,0.08551392004581973,False,1-4-3(0.0855) / 1-3-4(0.0791) / 1-4-5(0.0534) / 1-5-4(0.0432) / 1-3-5(0.0415) / 4-1-3(0.0382) / 1-4-2(0.0373) / 1-5-3(0.0362) / 3-1-4(0.0345) / 1-3-2(0.0290)
2025-06-12,7,1-4-5,4-5-1,0.28701881862794054,False,4-5-1(0.2870) / 4-5-6(0.1956) / 4-5-3(0.1030) / 4-5-2(0.0869) / 4-1-5(0.0747) / 4-6-5(0.0491) / 5-4-1(0.0386) / 5-4-6(0.0263) / 4-3-5(0.0250) / 4-2-5(0.0210)
2025-06-12,8,1-2-3,2-1-4,0.15045461806817922,False,2-1-4(0.1505) / 2-1-3(0.1328) / 1-2-4(0.1165) / 1-2-3(0.1028) / 2-1-5(0.0643) / 2-4-1(0.0518) / 1-2-5(0.0498) / 2-3-1(0.0449) / 1-4-2(0.0301) / 4-2-1(0.0278)
2025-06-12,9,1-3-5,2-5-1,0.0967007093273724,False,2-5-1(0.0967) / 2-1-5(0.0706) / 2-5-6(0.0641) / 2-5-4(0.0536) / 5-2-1(0.0493) / 2-6-5(0.0427) / 2-5-3(0.0361) / 2-4-5(0.0347) / 5-2-6(0.0327) / 1-2-5(0.0325)
2025-06-12,10,1-3-6,3-1-4,0.08225263492521198,False,3-1-4(0.0823) / 3-1-6(0.0717) / 3-1-5(0.0568) / 3-4-1(0.0558) / 1-3-4(0.0529) / 3-6-1(0.0472) / 1-3-6(0.0461) / 1-3-5(0.0365) / 3-5-1(0.0358) / 4-3-1(0.0307)
2025-06-12,11,1-3-5,5-1-2,0.019592537402086985,False,5-1-2(0.0196) / 1-5-2(0.0190) / 5-2-1(0.0185) / 1-2-5(0.0173) / 2-5-1(0.0172) / 2-1-5(0.0166) / 5-1-3(0.0158) / 5-1-6(0.0155) / 1-5-3(0.0154) / 1-5-6(0.0151)
2025-06-12,12,1-2-3,1-3-4,0.10955716943790798,False,1-3-4(0.1096) / 3-1-4(0.0796) / 1-3-5(0.0722) / 1-3-6(0.0717) / 1-3-2(0.0690) / 3-1-5(0.0525) / 3-1-6(0.0521) / 3-1-2(0.0502) / 1-4-3(0.0449) / 1-5-3(0.0283)
2025-06-13,1,1-4-2,6-5-4,0.09096571332802329,False,6-5-4(0.0910) / 5-6-4(0.0871) / 6-5-1(0.0666) / 5-6-1(0.0637) / 6-4-5(0.0578) / 5-4-6(0.0523) / 4-6-5(0.0437) / 4-5-6(0.0413) / 6-1-5(0.0390) / 5-1-6(0.0355)
2025-06-13,2,1-6-3,6-3-2,0.12363016211142813,False,6-3-2(0.1236) / 6-2-3(0.0909) / 6-3-5(0.0746) / 3-6-2(0.0539) / 6-3-1(0.0502) / 6-5-3(0.0487) / 2-6-3(0.0365) / 6-3-4(0.0333) / 3-6-5(0.0326) / 6-1-3(0.0310)
2025-06-13,3,4-6-1,6-2-1,0.1057039166683774,False,6-2-1(0.1057) / 6-2-3(0.1012) / 6-1-2(0.0998) / 6-3-2(0.0940) / 6-1-3(0.0829) / 6-3-1(0.0816) / 6-2-4(0.0508) / 6-1-4(0.0416) / 6-4-2(0.0402) / 6-3-4(0.0392)
2025-06-13,4,1-2-3,1-2-4,0.07457784559579524,False,1-2-4(0.0746) / 2-1-4(0.0741) / 1-4-2(0.0622) / 2-4-1(0.0611) / 4-1-2(0.0556) / 4-2-1(0.0550) / 1-2-3(0.0328) / 2-1-3(0.0326) / 1-2-5(0.0245) / 2-1-5(0.0244)
2025-06-13,5,2-1-6,6-1-3,0.05078855342895404,False,6-1-3(0.0508) / 6-1-2(0.0485) / 6-3-1(0.0482) / 6-2-1(0.0452) / 6-3-2(0.0407) / 6-2-3(0.0399) / 1-6-3(0.0387) / 1-6-2(0.0369) / 3-6-1(0.0357) / 2-6-1(0.0331)
2025-06-13,6,1-2-4,3-1-4,0.18300997298851468,False,3-1-4(0.1830) / 3-4-1(0.1632) / 1-3-4(0.1431) / 4-3-1(0.1218) / 1-4-3(0.0856) / 4-1-3(0.0817) / 3-1-2(0.0244) / 1-3-2(0.0190) / 3-4-2(0.0190) / 4-3-2(0.0142)
2025-06-13,7,5-6-1,6-1-5,0.09389316396025976,False,6-1-5(0.0939) / 6-5-1(0.0757) / 6-1-3(0.0597) / 1-6-5(0.0519) / 6-3-1(0.0428) / 6-1-4(0.0414) / 5-6-1(0.0388) / 1-6-3(0.0330) / 6-5-3(0.0309) / 6-4-1(0.0280)
2025-06-13,8,1-3-4,2-1-3,0.07991127221156764,False,2-1-3(0.0799) / 2-1-5(0.0638) / 1-2-3(0.0619) / 2-3-1(0.0545) / 1-2-5(0.0494) / 2-5-1(0.0413) / 3-2-1(0.0354) / 1-3-2(0.0308) / 2-1-6(0.0298) / 2-1-4(0.0261)
2025-06-13,9,1-2-3,1-2-3,0.11956676703493589,True,1-2-3(0.1196) / 2-1-3(0.1074) / 1-3-2(0.0620) / 1-2-6(0.0539) / 2-3-1(0.0488) / 2-1-6(0.0484) / 1-2-5(0.0450) / 3-1-2(0.0415) / 2-1-5(0.0404) / 3-2-1(0.0363)
2025-06-13,10,2-1-3,1-2-6,0.04567593804439046,False,1-2-6(0.0457) / 2-1-6(0.0405) / 1-6-2(0.0392) / 1-2-4(0.0378) / 2-1-4(0.0335) / 6-1-2(0.0318) / 1-4-2(0.0307) / 2-6-1(0.0297) / 6-2-1(0.0272) / 4-1-2(0.0240)
2025-06-13,11,1-3-4,1-2-6,0.062143041666125644,False,1-2-6(0.0621) / 1-2-5(0.0530) / 2-1-6(0.0467) / 1-2-4(0.0463) / 1-2-3(0.0435) / 1-6-2(0.0399) / 2-1-5(0.0398) / 2-1-4(0.0348) / 1-5-2(0.0330) / 2-1-3(0.0327)
2025-06-13,12,1-4-5,1-3-2,0.02651012079203534,False,1-3-2(0.0265) / 3-1-2(0.0259) / 1-2-3(0.0257) / 2-1-3(0.0245) / 3-2-1(0.0243) / 2-3-1(0.0238) / 1-3-4(0.0191) / 3-1-4(0.0187) / 1-2-4(0.0171) / 1-4-3(0.0168)
2025-06-14,1,4-1-5,1-3-5,0.05564276733577749,False,1-3-5(0.0556) / 3-1-5(0.0523) / 1-5-3(0.0516) / 5-1-3(0.0463) / 3-5-1(0.0443) / 5-3-1(0.0423) / 1-3-2(0.0380) / 3-1-2(0.0357) / 1-2-3(0.0307) / 1-5-2(0.0304)
2025-06-14,2,6-1-2,6-2-1,0.220146876108763,False,6-2-1(0.2201) / 6-2-4(0.1513) / 6-1-2(0.1365) / 6-4-2(0.0846) / 2-6-1(0.0714) / 2-6-4(0.0490) / 6-1-4(0.0449) / 1-6-2(0.0406) / 6-4-1(0.0405) / 4-6-2(0.0245)
2025-06-14,3,5-1-3,2-5-6,0.10460188382609296,False,2-5-6(0.1046) / 5-2-6(0.0893) / 2-6-5(0.0812) / 6-2-5(0.0612) / 5-6-2(0.0555) / 6-5-2(0.0490) / 2-5-3(0.0362) / 5-2-3(0.0309) / 2-5-1(0.0281) / 5-2-1(0.0240)
2025-06-14,4,1-5-4,5-2-1,0.07352541035656765,False,5-2-1(0.0735) / 2-5-1(0.0664) / 5-1-2(0.0474) / 5-2-3(0.0418) / 5-2-6(0.0412) / 2-5-3(0.0378) / 2-1-5(0.0377) / 2-5-6(0.0372) / 1-5-2(0.0341) / 1-2-5(0.0301)
2025-06-14,5,1-4-6,6-4-1,0.13225288699356008,False,6-4-1(0.1323) / 6-4-3(0.1141) / 6-1-4(0.1096) / 6-3-4(0.0898) / 6-1-3(0.0656) / 6-3-1(0.0623) / 4-6-1(0.0452) / 4-6-3(0.0390) / 1-6-4(0.0359) / 3-6-4(0.0291)
2025-06-14,6,1-3-4,1-4-3,0.11636960889523776,False,1-4-3(0.1164) / 1-3-4(0.0941) / 1-4-6(0.0734) / 4-1-3(0.0688) / 1-6-4(0.0515) / 3-1-4(0.0515) / 4-1-6(0.0434) / 1-3-6(0.0406) / 1-6-3(0.0352) / 4-3-1(0.0281)
2025-06-14,7,1-2-6,6-5-2,0.08965611074951643,False,6-5-2(0.0897) / 5-6-2(0.0829) / 6-2-5(0.0590) / 6-5-1(0.0522) / 5-2-6(0.0493) / 5-6-1(0.0483) / 2-6-5(0.0440) / 2-5-6(0.0398) / 6-1-5(0.0303) / 6-5-4(0.0257)
2025-06-14,8,1-3-4,1-2-4,0.1656878734357741,False,1-2-4(0.1657) / 1-2-3(0.1332) / 1-4-2(0.1190) / 1-3-2(0.0892) / 2-1-4(0.0620) / 1-4-3(0.0541) / 1-3-4(0.0505) / 2-1-3(0.0498) / 4-1-2(0.0414) / 3-1-2(0.0304)
2025-06-14,9,5-6-1,1-2-4,0.0721285353694871,False,1-2-4(0.0721) / 2-1-4(0.0626) / 1-2-3(0.0514) / 1-4-2(0.0478) / 2-1-3(0.0446) / 2-4-1(0.0348) / 4-1-2(0.0337) / 1-2-5(0.0331) / 1-3-2(0.0317) / 2-1-5(0.0287)
2025-06-14,10,1-3-2,1-6-2,0.09232467263113565,False,1-6-2(0.0923) / 1-2-6(0.0807) / 1-6-5(0.0598) / 6-1-2(0.0532) / 1-5-6(0.0457) / 2-1-6(0.0443) / 1-2-5(0.0399) / 1-5-2(0.0349) / 6-1-5(0.0345) / 1-6-3(0.0280)
2025-06-14,11,1-2-3,5-1-2,0.042546492708197235,False,5-1-2(0.0425) / 5-1-4(0.0418) / 1-5-2(0.0370) / 1-5-4(0.0364) / 5-2-1(0.0352) / 5-4-1(0.0345) / 5-1-3(0.0301) / 2-5-1(0.0274) / 4-5-1(0.0268) / 1-5-3(0.0262)
2025-06-14,12,6-1-2,2-5-6,0.10232287627166928,False,2-5-6(0.1023) / 2-6-5(0.1008) / 2-5-1(0.0626) / 2-6-1(0.0599) / 5-2-6(0.0542) / 6-2-5(0.0531) / 2-1-5(0.0514) / 2-1-6(0.0499) / 5-2-1(0.0332) / 6-2-1(0.0316)
2025-06-15,1,1-4-2,1-4-6,0.06350394673076165,False,1-4-6(0.0635) / 1-4-5(0.0610) / 1-6-4(0.0516) / 1-5-4(0.0490) / 4-1-6(0.0435) / 4-1-5(0.0418) / 1-4-2(0.0372) / 6-1-4(0.0322) / 1-6-5(0.0306) / 5-1-4(0.0304)
2025-06-15,2,4-3-1,5-3-1,0.09163370673038693,False,5-3-1(0.0916) / 5-3-2(0.0837) / 5-1-3(0.0771) / 5-2-3(0.0684) / 5-1-2(0.0485) / 5-2-1(0.0471) / 3-5-1(0.0449) / 5-3-4(0.0440) / 3-5-2(0.0410) / 1-5-3(0.0357)
2025-06-15,3,4-6-5,3-4-5,0.05757559586564751,False,3-4-5(0.0576) / 4-3-5(0.0557) / 3-4-6(0.0519) / 4-3-6(0.0502) / 3-5-4(0.0365) / 3-4-1(0.0345) / 4-5-3(0.0339) / 4-3-1(0.0334) / 3-6-4(0.0322) / 4-6-3(0.0299)
2025-06-15,4,1-2-3,1-3-5,0.0916574258051757,False,1-3-5(0.0917) / 3-1-5(0.0758) / 1-3-2(0.0642) / 1-5-3(0.0571) / 3-1-2(0.0531) / 1-3-6(0.0412) / 5-1-3(0.0379) / 3-5-1(0.0373) / 1-2-3(0.0370) / 3-1-6(0.0341)
2025-06-15,5,1-5-2,1-5-6,0.16519310500786974,False,1-5-6(0.1652) / 5-1-6(0.1382) / 1-5-2(0.0789) / 1-6-5(0.0729) / 5-1-2(0.0660) / 5-6-1(0.0491) / 6-1-5(0.0444) / 1-5-4(0.0435) / 5-1-4(0.0364) / 6-5-1(0.0357)
2025-06-15,6,1-2-6,4-1-6,0.095789808145011,False,4-1-6(0.0958) / 4-6-1(0.0693) / 1-4-6(0.0648) / 4-1-5(0.0549) / 6-4-1(0.0411) / 4-1-2(0.0400) / 1-4-5(0.0371) / 4-5-1(0.0349) / 1-6-4(0.0288) / 1-4-2(0.0271)
2025-06-15,7,1-5-2,1-3-6,0.11268200821232233,False,1-3-6(0.1127) / 1-3-5(0.1033) / 3-1-6(0.1026) / 3-1-5(0.0941) / 1-6-3(0.0489) / 1-5-3(0.0442) / 1-3-2(0.0438) / 3-6-1(0.0399) / 3-1-2(0.0399) / 3-5-1(0.0361)
2025-06-15,8,1-3-2,2-1-4,0.12631612913935716,False,2-1-4(0.1263) / 2-4-1(0.1254) / 1-2-4(0.0788) / 4-2-1(0.0781) / 2-1-3(0.0533) / 2-4-3(0.0524) / 1-4-2(0.0394) / 4-1-2(0.0393) / 2-3-1(0.0387) / 2-3-4(0.0383)
2025-06-15,9,3-1-4,5-1-2,0.06471267827525408,False,5-1-2(0.0647) / 5-2-1(0.0621) / 5-1-3(0.0506) / 5-3-1(0.0447) / 5-2-3(0.0441) / 5-3-2(0.0406) / 1-5-2(0.0387) / 2-5-1(0.0365) / 1-5-3(0.0303) / 5-1-6(0.0279)
2025-06-15,10,1-2-6,1-6-3,0.023829998800351568,False,1-6-3(0.0238) / 1-6-2(0.0238) / 1-3-6(0.0217) / 1-2-6(0.0217) / 6-1-3(0.0204) / 6-1-2(0.0204) / 1-6-4(0.0190) / 3-1-6(0.0176) / 2-1-6(0.0176) / 1-6-5(0.0175)
2025-06-15,11,4-6-5,6-5-1,0.05338715178821006,False,6-5-1(0.0534) / 6-1-5(0.0501) / 5-6-1(0.0498) / 1-6-5(0.0450) / 5-1-6(0.0422) / 1-5-6(0.0406) / 6-5-4(0.0288) / 5-6-4(0.0268) / 6-1-4(0.0239) / 6-4-5(0.0223)
2025-06-15,12,2-1-4,2-1-4,0.15478099525829314,True,2-1-4(0.1548) / 1-2-4(0.1083) / 2-4-1(0.0895) / 4-2-1(0.0512) / 2-1-5(0.0472) / 1-4-2(0.0400) / 2-1-6(0.0398) / 2-1-3(0.0380) / 1-2-5(0.0330) / 4-1-2(0.0327)
2025-06-18,1,1-3-4,3-2-4,0.050157905761112655,False,3-2-4(0.0502) / 2-3-4(0.0435) / 3-4-2(0.0393) / 3-2-6(0.0341) / 4-3-2(0.0298) / 2-3-6(0.0295) / 3-2-5(0.0287) / 2-4-3(0.0285) / 2-3-5(0.0249) / 4-2-3(0.0249)
2025-06-18,2,3-6-1,6-2-4,0.05865852772184118,False,6-2-4(0.0587) / 6-2-5(0.0487) / 6-2-1(0.0442) / 6-4-2(0.0442) / 2-6-4(0.0432) / 2-6-5(0.0358) / 6-5-2(0.0352) / 2-6-1(0.0325) / 6-1-2(0.0313) / 4-6-2(0.0284)
2025-06-18,3,1-5-2,6-5-3,0.1212093734280688,False,6-5-3(0.1212) / 6-5-2(0.1145) / 5-6-3(0.0851) / 5-6-2(0.0804) / 6-3-5(0.0577) / 6-2-5(0.0539) / 6-5-4(0.0348) / 6-5-1(0.0332) / 3-6-5(0.0309) / 2-6-5(0.0288)
2025-06-18,4,6-5-2,5-6-3,0.28158461730214046,False,5-6-3(0.2816) / 5-6-2(0.1713) / 6-5-3(0.1465) / 6-5-2(0.0891) / 5-3-6(0.0714) / 5-2-6(0.0411) / 5-6-4(0.0279) / 3-5-6(0.0277) / 6-3-5(0.0181) / 2-5-6(0.0157)
2025-06-18,5,4-6-1,6-4-1,0.09828656749486275,False,6-4-1(0.0983) / 6-1-4(0.0803) / 4-6-1(0.0725) / 1-6-4(0.0541) / 4-1-6(0.0393) / 1-4-6(0.0359) / 6-4-2(0.0334) / 6-4-5(0.0287) / 6-4-3(0.0275) / 4-6-2(0.0247)
2025-06-18,6,1-4-5,3-5-1,0.08666216161181586,False,3-5-1(0.0867) / 3-1-5(0.0823) / 3-5-4(0.0594) / 3-5-6(0.0519) / 3-4-5(0.0507) / 3-1-4(0.0496) / 3-4-1(0.0445) / 3-1-6(0.0433) / 3-6-5(0.0431) / 3-6-1(0.0378)
2025-06-18,7,2-1-4,3-2-6,0.1795109799276929,False,3-2-6(0.1795) / 3-6-2(0.1688) / 2-3-6(0.0779) / 6-3-2(0.0721) / 3-2-4(0.0432) / 3-6-4(0.0371) / 3-2-1(0.0286) / 3-4-2(0.0275) / 3-4-6(0.0251) / 3-6-1(0.0246)
2025-06-18,8,1-2-5,1-4-5,0.06388465825181139,False,1-4-5(0.0639) / 1-5-4(0.0621) / 1-4-2(0.0598) / 1-2-4(0.0566) / 1-5-2(0.0541) / 1-2-5(0.0528) / 4-1-5(0.0359) / 5-1-4(0.0345) / 4-1-2(0.0336) / 1-4-3(0.0326)
2025-06-18,9,2-1-3,1-5-3,0.06944556845655873,False,1-5-3(0.0694) / 1-3-5(0.0673) / 1-5-2(0.0522) / 1-3-2(0.0471) / 1-2-5(0.0461) / 1-2-3(0.0428) / 5-1-3(0.0360) / 3-1-5(0.0345) / 1-5-6(0.0331) / 1-3-6(0.0298)
2025-06-18,10,1-2-4,1-2-5,0.17679035320518893,False,1-2-5(0.1768) / 1-2-3(0.1599) / 1-5-2(0.0880) / 1-3-2(0.0780) / 2-1-5(0.0716) / 2-1-3(0.0647) / 1-2-4(0.0476) / 5-1-2(0.0306) / 3-1-2(0.0269) / 1-5-3(0.0243)
2025-06-18,11,1-2-3,2-3-1,0.08399028640325341,False,2-3-1(0.0840) / 2-1-3(0.0792) / 3-2-1(0.0740) / 1-2-3(0.0675) / 3-1-2(0.0575) / 1-3-2(0.0557) / 2-3-5(0.0286) / 3-2-5(0.0252) / 2-1-5(0.0245) / 2-3-6(0.0210)
2025-06-18,12,2-5-1,6-1-2,0.04745193855293394,False,6-1-2(0.0475) / 1-6-2(0.0433) / 6-2-1(0.0362) / 6-1-3(0.0357) / 1-6-3(0.0326) / 1-2-6(0.0294) / 2-6-1(0.0282) / 6-1-4(0.0272) / 6-3-1(0.0255) / 2-1-6(0.0251)
2025-06-19,1,4-5-1,3-5-2,0.025234847875833508,False,3-5-2(0.0252) / 3-2-5(0.0239) / 3-5-4(0.0224) / 5-3-2(0.0218) / 3-4-5(0.0206) / 2-3-5(0.0200) / 5-3-4(0.0194) / 3-5-1(0.0191) / 3-2-4(0.0181) / 3-4-2(0.0175)
2025-06-19,2,6-3-1,6-3-1,0.10793383909590998,True,6-3-1(0.1079) / 6-3-5(0.1029) / 6-3-2(0.0709) / 6-1-3(0.0607) / 3-6-1(0.0597) / 6-5-3(0.0573) / 3-6-5(0.0569) / 3-6-2(0.0392) / 6-2-3(0.0373) / 1-6-3(0.0279)
2025-06-19,3,4-5-6,6-3-5,0.04851196256136777,False,6-3-5(0.0485) / 3-6-5(0.0448) / 6-5-3(0.0431) / 6-3-4(0.0408) / 3-6-4(0.0377) / 5-6-3(0.0371) / 3-5-6(0.0357) / 6-4-3(0.0342) / 5-3-6(0.0332) / 3-4-6(0.0285)
2025-06-19,4,2-4-5,4-2-1,0.10279244880418083,False,4-2-1(0.1028) / 4-1-2(0.1018) / 4-2-6(0.0763) / 4-1-6(0.0737) / 4-6-2(0.0684) / 4-6-1(0.0667) / 4-2-5(0.0641) / 4-1-5(0.0619) / 4-5-2(0.0551) / 4-5-1(0.0538)
2025-06-19,5,2-1-3,3-2-1,0.04427699044035651,False,3-2-1(0.0443) / 2-3-1(0.0438) / 3-1-2(0.0429) / 2-1-3(0.0417) / 1-3-2(0.0415) / 1-2-3(0.0408) / 3-2-4(0.0398) / 2-3-4(0.0393) / 3-4-2(0.0368) / 3-1-4(0.0362)
2025-06-19,6,1-3-4,3-4-1,0.2086530615898033,False,3-4-1(0.2087) / 4-3-1(0.1890) / 3-1-4(0.0698) / 3-4-2(0.0656) / 4-3-2(0.0594) / 4-1-3(0.0561) / 1-3-4(0.0422) / 3-4-5(0.0403) / 1-4-3(0.0375) / 4-3-5(0.0365)
2025-06-19,7,4-2-1,1-4-2,0.11573348964641517,False,1-4-2(0.1157) / 4-1-2(0.1094) / 1-2-4(0.0778) / 4-2-1(0.0679) / 2-1-4(0.0603) / 2-4-1(0.0557) / 1-4-6(0.0493) / 4-1-6(0.0466) / 1-6-4(0.0269) / 4-6-1(0.0238)
2025-06-19,8,1-2-5,1-2-5,0.08346015286954121,True,1-2-5(0.0835) / 1-5-2(0.0823) / 1-2-4(0.0591) / 1-5-4(0.0567) / 1-4-2(0.0513) / 1-4-5(0.0498) / 2-1-5(0.0462) / 5-1-2(0.0454) / 2-1-4(0.0327) / 5-1-4(0.0312)
2025-06-19,9,1-3-2,1-3-5,0.19869279953033564,False,1-3-5(0.1987) / 1-3-4(0.1584) / 1-3-2(0.1382) / 1-5-3(0.0666) / 3-1-5(0.0569) / 1-4-3(0.0518) / 3-1-4(0.0454) / 1-2-3(0.0446) / 3-1-2(0.0396) / 1-3-6(0.0392)
2025-06-19,10,1-2-3,1-2-6,0.11538358487817847,False,1-2-6(0.1154) / 1-6-2(0.1082) / 2-1-6(0.0844) / 6-1-2(0.0769) / 2-6-1(0.0498) / 6-2-1(0.0485) / 1-2-3(0.0325) / 1-6-3(0.0276) / 2-1-3(0.0237) / 1-3-2(0.0213)
2025-06-19,11,1-2-5,2-6-5,0.14403998500120535,False,2-6-5(0.1440) / 6-2-5(0.1007) / 2-5-6(0.0811) / 2-6-3(0.0512) / 5-2-6(0.0458) / 2-6-4(0.0450) / 2-6-1(0.0407) / 6-5-2(0.0364) / 6-2-3(0.0358) / 6-2-4(0.0314)
2025-06-19,12,5-6-2,5-1-2,0.062170183975765146,False,5-1-2(0.0622) / 1-5-2(0.0573) / 5-2-1(0.0473) / 1-2-5(0.0391) / 2-5-1(0.0373) / 2-1-5(0.0335) / 5-1-6(0.0310) / 1-5-6(0.0286) / 5-1-4(0.0261) / 5-1-3(0.0253)
2025-06-20,1,1-6-5,6-1-5,0.20096895300781514,False,6-1-5(0.2010) / 1-6-5(0.1754) / 6-5-1(0.0769) / 1-5-6(0.0568) / 5-6-1(0.0468) / 6-1-2(0.0450) / 5-1-6(0.0396) / 1-6-2(0.0393) / 6-1-4(0.0382) / 1-6-4(0.0333)
2025-06-20,2,1-5-2,6-5-1,0.15767657266783916,False,6-5-1(0.1577) / 6-1-5(0.1019) / 5-6-1(0.0820) / 6-5-4(0.0785) / 1-6-5(0.0466) / 6-4-5(0.0435) / 5-6-4(0.0408) / 6-5-2(0.0372) / 6-5-3(0.0309) / 6-1-4(0.0247)
2025-06-20,3,5-2-3,5-1-4,0.06156208602290436,False,5-1-4(0.0616) / 5-4-1(0.0533) / 1-5-4(0.0489) / 4-5-1(0.0392) / 5-1-2(0.0345) / 1-4-5(0.0312) / 5-1-3(0.0307) / 4-1-5(0.0289) / 1-5-2(0.0274) / 5-2-1(0.0257)
2025-06-20,4,2-6-5,3-6-2,0.10214932889588993,False,3-6-2(0.1021) / 6-3-2(0.1015) / 3-6-5(0.0607) / 6-3-5(0.0603) / 3-6-1(0.0553) / 6-3-1(0.0549) / 3-6-4(0.0458) / 6-3-4(0.0455) / 3-2-6(0.0400) / 6-2-3(0.0394)
2025-06-20,5,4-5-1,4-5-1,0.10833845082378636,True,4-5-1(0.1083) / 5-4-1(0.1038) / 4-5-2(0.0989) / 5-4-2(0.0947) / 4-5-3(0.0530) / 5-4-3(0.0507) / 4-5-6(0.0502) / 5-4-6(0.0481) / 4-1-5(0.0339) / 5-1-4(0.0310)
2025-06-20,6,1-6-5,6-5-1,0.14371240258155496,False,6-5-1(0.1437) / 5-6-1(0.1218) / 6-1-5(0.1095) / 1-6-5(0.0820) / 5-1-6(0.0728) / 1-5-6(0.0643) / 6-5-4(0.0397) / 5-6-4(0.0337) / 6-4-5(0.0218) / 6-1-4(0.0210)
2025-06-20,7,1-6-4,6-1-4,0.03609551031714576,False,6-1-4(0.0361) / 6-4-1(0.0330) / 6-1-5(0.0327) / 6-5-1(0.0292) / 6-1-3(0.0279) / 6-1-2(0.0263) / 6-3-1(0.0241) / 1-6-4(0.0238) / 6-4-5(0.0228) / 6-2-1(0.0224)
2025-06-20,8,1-2-3,2-1-3,0.182829990299948,False,2-1-3(0.1828) / 2-1-5(0.1130) / 2-1-4(0.1059) / 1-2-3(0.0950) / 2-3-1(0.0731) / 1-2-5(0.0587) / 1-2-4(0.0550) / 2-5-1(0.0423) / 2-4-1(0.0394) / 3-2-1(0.0300)
2025-06-20,9,1-3-2,3-1-4,0.13780571961936888,False,3-1-4(0.1378) / 3-1-2(0.1324) / 3-4-1(0.1041) / 3-2-1(0.0988) / 3-4-2(0.0560) / 3-2-4(0.0553) / 3-1-5(0.0467) / 1-3-4(0.0320) / 1-3-2(0.0307) / 3-5-1(0.0293)
2025-06-20,10,2-1-3,1-2-4,0.0756098036953631,False,1-2-4(0.0756) / 1-2-6(0.0748) / 1-2-3(0.0543) / 1-2-5(0.0541) / 2-1-4(0.0486) / 2-1-6(0.0481) / 1-4-2(0.0440) / 1-6-2(0.0434) / 2-1-3(0.0349) / 2-1-5(0.0347)
2025-06-20,11,4-3-1,1-3-6,0.06335150236147098,False,1-3-6(0.0634) / 1-3-2(0.0601) / 1-6-3(0.0469) / 3-1-6(0.0466) / 1-3-5(0.0450) / 3-1-2(0.0442) / 1-2-3(0.0439) / 3-1-5(0.0331) / 1-5-3(0.0309) / 6-1-3(0.0299)
2025-06-20,12,1-2-6,2-1-3,0.02985249235347124,False,2-1-3(0.0299) / 2-3-1(0.0280) / 1-2-3(0.0270) / 3-2-1(0.0243) / 1-3-2(0.0222) / 3-1-2(0.0213) / 2-1-6(0.0207) / 1-2-6(0.0187) / 2-6-1(0.0176) / 2-1-4(0.0171)
2025-06-21,1,1-2-4,1-3-6,0.03443407679368093,False,1-3-6(0.0344) / 1-6-3(0.0324) / 1-3-2(0.0319) / 1-2-3(0.0294) / 1-3-5(0.0277) / 1-6-2(0.0251) / 3-1-6(0.0248) / 1-5-3(0.0246) / 1-2-6(0.0246) / 3-1-2(0.0230)
2025-06-21,2,3-2-6,3-6-2,0.05159575901094895,False,3-6-2(0.0516) / 3-6-5(0.0510) / 6-3-2(0.0468) / 6-3-5(0.0462) / 3-2-6(0.0448) / 3-5-6(0.0441) / 2-3-6(0.0374) / 5-3-6(0.0367) / 6-2-3(0.0355) / 6-5-3(0.0350)
2025-06-21,3,1-3-4,6-2-3,0.048537419837083394,False,6-2-3(0.0485) / 2-6-3(0.0431) / 6-3-2(0.0385) / 6-2-1(0.0362) / 6-2-5(0.0344) / 2-6-1(0.0322) / 2-6-5(0.0306) / 3-6-2(0.0300) / 2-3-6(0.0294) / 6-1-2(0.0267)
2025-06-21,4,1-2-4,1-5-4,0.05459963503658423,False,1-5-4(0.0546) / 5-1-4(0.0482) / 1-4-5(0.0438) / 1-5-2(0.0413) / 5-1-2(0.0365) / 1-5-6(0.0358) / 4-1-5(0.0342) / 5-4-1(0.0329) / 5-1-6(0.0315) / 1-2-5(0.0308)
2025-06-21,5,1-3-6,5-3-4,0.08506495208243217,False,5-3-4(0.0851) / 3-5-4(0.0801) / 5-3-2(0.0606) / 3-5-2(0.0571) / 5-4-3(0.0528) / 3-4-5(0.0462) / 4-5-3(0.0389) / 4-3-5(0.0361) / 5-2-3(0.0348) / 3-2-5(0.0306)
2025-06-21,7,6-4-2,4-1-6,0.18167813393779944,False,4-1-6(0.1817) / 4-1-2(0.1462) / 4-6-1(0.1037) / 4-2-1(0.0792) / 1-4-6(0.0678) / 1-4-2(0.0545) / 4-1-3(0.0508) / 6-4-1(0.0343) / 4-6-2(0.0324) / 4-2-6(0.0307)
2025-06-21,8,1-2-6,1-4-3,0.0603701362277695,False,1-4-3(0.0604) / 1-3-4(0.0602) / 4-1-3(0.0422) / 3-1-4(0.0420) / 1-4-2(0.0384) / 1-3-2(0.0380) / 1-2-4(0.0329) / 1-2-3(0.0327) / 4-1-2(0.0268) / 3-1-2(0.0265)
2025-06-21,9,4-1-2,4-3-5,0.10964001675056619,False,4-3-5(0.1096) / 4-5-3(0.0820) / 4-3-2(0.0734) / 4-3-1(0.0676) / 4-2-3(0.0498) / 3-4-5(0.0492) / 4-1-3(0.0452) / 5-4-3(0.0339) / 3-4-2(0.0330) / 3-4-1(0.0303)
2025-06-21,10,1-2-3,3-4-2,0.04381689622407988,False,3-4-2(0.0438) / 3-2-4(0.0429) / 4-3-2(0.0370) / 2-3-4(0.0357) / 3-4-5(0.0296) / 4-2-3(0.0287) / 2-4-3(0.0283) / 3-2-5(0.0276) / 3-5-4(0.0255) / 4-3-5(0.0250)
2025-06-21,12,4-2-5,2-6-1,0.02846178150600954,False,2-6-1(0.0285) / 2-1-6(0.0272) / 2-6-4(0.0262) / 2-6-5(0.0249) / 6-2-1(0.0248) / 2-4-6(0.0244) / 1-2-6(0.0230) / 6-2-4(0.0229) / 2-5-6(0.0229) / 2-1-4(0.0220)
2025-06-24,1,3-1-4,5-1-3,0.05478096913404744,False,5-1-3(0.0548) / 1-5-3(0.0542) / 5-3-1(0.0382) / 1-3-5(0.0373) / 5-1-2(0.0354) / 1-5-2(0.0351) / 5-1-4(0.0336) / 1-5-4(0.0333) / 3-5-1(0.0306) / 3-1-5(0.0302)
2025-06-24,2,5-1-2,5-2-4,0.09954501294256599,False,5-2-4(0.0995) / 5-4-2(0.0978) / 2-5-4(0.0844) / 4-5-2(0.0822) / 2-4-5(0.0640) / 4-2-5(0.0634) / 5-2-6(0.0220) / 5-4-6(0.0210) / 2-5-6(0.0186) / 5-2-1(0.0186)
2025-06-24,3,3-5-6,4-6-5,0.09772973705260998,False,4-6-5(0.0977) / 4-6-3(0.0945) / 4-5-6(0.0694) / 4-3-6(0.0665) / 6-4-5(0.0525) / 6-4-3(0.0507) / 5-4-6(0.0332) / 4-5-3(0.0328) / 4-3-5(0.0325) / 3-4-6(0.0317)
2025-06-24,4,5-1-3,2-1-6,0.057979693076057486,False,2-1-6(0.0580) / 2-6-1(0.0543) / 2-1-4(0.0406) / 2-4-1(0.0344) / 1-2-6(0.0323) / 2-6-4(0.0320) / 2-1-3(0.0316) / 6-2-1(0.0294) / 2-4-6(0.0290) / 2-1-5(0.0284)
2025-06-24,5,1-6-2,6-1-3,0.09340475460664163,False,6-1-3(0.0934) / 6-1-2(0.0715) / 6-3-1(0.0707) / 6-2-1(0.0506) / 6-1-5(0.0496) / 1-6-3(0.0479) / 1-6-2(0.0367) / 3-6-1(0.0330) / 6-5-1(0.0329) / 6-3-2(0.0296)
2025-06-24,6,3-5-1,4-2-3,0.025001926141882243,False,4-2-3(0.0250) / 4-2-6(0.0248) / 4-3-2(0.0239) / 4-6-2(0.0237) / 2-4-3(0.0232) / 2-4-6(0.0231) / 3-4-2(0.0216) / 6-4-2(0.0214) / 4-3-6(0.0210) / 4-6-3(0.0209)
2025-06-24,7,1-2-5,5-1-2,0.18184504426126677,False,5-1-2(0.1818) / 5-2-1(0.1242) / 1-5-2(0.0938) / 5-1-6(0.0773) / 2-5-1(0.0574) / 5-6-1(0.0428) / 1-5-6(0.0399) / 5-2-6(0.0297) / 1-2-5(0.0276) / 2-1-5(0.0247)
2025-06-24,8,6-5-1,1-4-2,0.05739169685112131,False,1-4-2(0.0574) / 1-2-4(0.0551) / 1-4-6(0.0426) / 4-1-2(0.0417) / 2-1-4(0.0392) / 1-2-6(0.0373) / 1-6-4(0.0369) / 1-6-2(0.0337) / 4-1-6(0.0310) / 1-4-3(0.0272)
2025-06-24,9,1-6-4,6-5-1,0.03279589913381413,False,6-5-1(0.0328) / 6-5-2(0.0311) / 6-1-5(0.0306) / 6-2-5(0.0286) / 5-6-1(0.0261) / 5-6-2(0.0247) / 6-1-2(0.0238) / 6-2-1(0.0234) / 1-6-5(0.0234) / 2-6-5(0.0216)
2025-06-24,10,1-4-2,1-5-2,0.04395839501384766,False,1-5-2(0.0440) / 1-2-5(0.0434) / 5-1-2(0.0347) / 2-1-5(0.0340) / 1-5-3(0.0264) / 1-2-3(0.0252) / 5-2-1(0.0249) / 2-5-1(0.0247) / 1-3-5(0.0225) / 1-3-2(0.0217)
2025-06-24,11,1-2-5,1-5-3,0.020930781893431984,False,1-5-3(0.0209) / 5-1-3(0.0200) / 1-3-5(0.0197) / 1-5-6(0.0194) / 5-1-6(0.0185) / 3-1-5(0.0180) / 1-6-5(0.0178) / 5-3-1(0.0177) / 3-5-1(0.0170) / 5-6-1(0.0161)
2025-06-24,12,1-2-6,1-3-5,0.049098887720855224,False,1-3-5(0.0491) / 1-3-4(0.0487) / 1-3-2(0.0453) / 1-5-3(0.0417) / 1-4-3(0.0413) / 1-2-3(0.0377) / 3-1-5(0.0291) / 3-1-4(0.0288) / 3-1-2(0.0268) / 1-5-4(0.0260)
2025-06-25,1,3-2-1,4-3-6,0.05582367388019086,False,4-3-6(0.0558) / 4-6-3(0.0533) / 3-4-6(0.0368) / 4-3-2(0.0345) / 6-4-3(0.0344) / 4-6-2(0.0295) / 4-2-3(0.0287) / 4-2-6(0.0257) / 4-3-1(0.0248) / 4-3-5(0.0246)
2025-06-25,2,4-1-6,6-1-3,0.072560585844345,False,6-1-3(0.0726) / 6-1-4(0.0661) / 6-3-1(0.0617) / 6-4-1(0.0546) / 1-6-3(0.0434) / 1-6-4(0.0395) / 6-3-4(0.0387) / 6-4-3(0.0376) / 3-6-1(0.0345) / 4-6-1(0.0302)
2025-06-25,3,1-2-5,5-6-4,0.04766331870270711,False,5-6-4(0.0477) / 5-4-6(0.0464) / 6-5-4(0.0372) / 4-5-6(0.0357) / 5-6-1(0.0326) / 5-4-1(0.0297) / 5-1-6(0.0281) / 5-1-4(0.0263) / 6-4-5(0.0260) / 4-6-5(0.0256)
2025-06-25,5,1-5-3,5-3-1,0.08470801141300453,False,5-3-1(0.0847) / 5-1-3(0.0700) / 5-3-2(0.0625) / 3-5-1(0.0525) / 5-2-3(0.0473) / 1-5-3(0.0402) / 3-5-2(0.0388) / 5-1-2(0.0348) / 5-2-1(0.0318) / 5-3-4(0.0274)
2025-06-25,6,4-1-3,3-4-1,0.18534880228092818,False,3-4-1(0.1853) / 3-4-5(0.0950) / 3-1-4(0.0943) / 4-3-1(0.0862) / 3-4-2(0.0708) / 4-3-5(0.0442) / 3-5-4(0.0431) / 1-3-4(0.0371) / 4-3-2(0.0329) / 3-2-4(0.0312)
2025-06-25,7,2-3-6,3-6-2,0.09351428547751398,False,3-6-2(0.0935) / 3-2-6(0.0814) / 3-6-5(0.0703) / 3-5-6(0.0559) / 6-3-2(0.0479) / 3-2-5(0.0458) / 3-5-2(0.0418) / 2-3-6(0.0398) / 6-3-5(0.0360) / 5-3-6(0.0264)
2025-06-25,8,1-2-3,1-4-2,0.05301631300965565,False,1-4-2(0.0530) / 1-2-4(0.0476) / 1-4-3(0.0455) / 1-3-4(0.0390) / 4-1-2(0.0350) / 1-4-6(0.0323) / 1-2-3(0.0311) / 4-1-3(0.0300) / 2-1-4(0.0299) / 1-3-2(0.0297)
2025-06-25,9,2-1-6,6-5-3,0.022848542306829554,False,6-5-3(0.0228) / 6-3-5(0.0228) / 5-6-3(0.0217) / 3-6-5(0.0217) / 6-5-2(0.0213) / 6-3-2(0.0212) / 6-2-5(0.0207) / 6-2-3(0.0207) / 5-3-6(0.0202) / 3-5-6(0.0202)
2025-06-25,10,3-2-4,3-4-1,0.05697498691928702,False,3-4-1(0.0570) / 3-4-2(0.0564) / 3-1-4(0.0532) / 3-2-4(0.0524) / 3-1-2(0.0436) / 3-2-1(0.0434) / 3-4-5(0.0407) / 3-5-4(0.0348) / 3-1-5(0.0315) / 3-2-5(0.0310)
2025-06-25,11,2-1-3,1-3-2,0.09370575628927044,False,1-3-2(0.0937) / 3-1-2(0.0894) / 1-2-3(0.0681) / 3-2-1(0.0608) / 2-1-3(0.0548) / 2-3-1(0.0513) / 1-3-5(0.0293) / 3-1-5(0.0280) / 1-3-6(0.0273) / 3-1-6(0.0261)
2025-06-25,12,1-5-2,2-5-6,0.19988804742912433,False,2-5-6(0.1999) / 2-6-5(0.1435) / 5-2-6(0.0964) / 2-5-1(0.0727) / 6-2-5(0.0633) / 2-1-5(0.0404) / 5-2-1(0.0351) / 2-6-1(0.0324) / 2-5-3(0.0310) / 5-6-2(0.0270)
2025-06-26,1,2-1-5,2-6-5,0.054767412686286675,False,2-6-5(0.0548) / 2-5-6(0.0523) / 2-6-1(0.0500) / 2-1-6(0.0463) / 2-5-1(0.0422) / 2-1-5(0.0409) / 2-6-4(0.0379) / 2-4-6(0.0326) / 2-5-4(0.0320) / 6-2-5(0.0315)
2025-06-26,2,1-2-5,3-1-5,0.04595375164227237,False,3-1-5(0.0460) / 3-1-4(0.0410) / 1-3-5(0.0380) / 3-5-1(0.0367) / 1-3-4(0.0339) / 3-4-1(0.0317) / 3-1-6(0.0310) / 5-3-1(0.0268) / 1-3-6(0.0256) / 1-5-3(0.0240)
2025-06-26,3,5-1-6,5-1-6,0.04530657574908801,True,5-1-6(0.0453) / 1-5-6(0.0428) / 5-6-1(0.0421) / 6-5-1(0.0379) / 1-6-5(0.0366) / 6-1-5(0.0350) / 5-1-3(0.0338) / 1-5-3(0.0319) / 5-3-1(0.0283) / 5-6-3(0.0268)
2025-06-26,4,1-5-3,4-3-2,0.04235858469156338,False,4-3-2(0.0424) / 4-3-1(0.0405) / 4-3-6(0.0371) / 4-3-5(0.0369) / 3-4-2(0.0323) / 4-2-3(0.0314) / 3-4-1(0.0308) / 4-1-3(0.0297) / 3-4-6(0.0283) / 3-4-5(0.0281)
2025-06-26,5,1-2-3,2-6-3,0.04903275509295243,False,2-6-3(0.0490) / 6-2-3(0.0459) / 2-3-6(0.0404) / 2-6-1(0.0391) / 6-2-1(0.0366) / 6-3-2(0.0347) / 3-2-6(0.0337) / 3-6-2(0.0309) / 2-1-6(0.0302) / 6-1-2(0.0260)
2025-06-26,7,2-1-3,2-5-6,0.14371205198564732,False,2-5-6(0.1437) / 2-6-5(0.0929) / 2-5-3(0.0881) / 5-2-6(0.0693) / 2-5-1(0.0544) / 2-3-5(0.0510) / 5-2-3(0.0425) / 6-2-5(0.0396) / 2-1-5(0.0296) / 5-2-1(0.0262)
2025-06-26,8,1-6-4,6-4-1,0.025925709880709476,False,6-4-1(0.0259) / 6-1-4(0.0255) / 4-6-1(0.0250) / 1-6-4(0.0243) / 4-1-6(0.0233) / 1-4-6(0.0230) / 6-4-5(0.0162) / 4-6-5(0.0156) / 6-1-5(0.0153) / 1-6-5(0.0145)
2025-06-26,9,1-4-2,4-6-3,0.09618580070312123,False,4-6-3(0.0962) / 4-3-6(0.0868) / 6-4-3(0.0773) / 3-4-6(0.0664) / 6-3-4(0.0508) / 3-6-4(0.0483) / 4-6-1(0.0347) / 6-4-1(0.0279) / 4-3-1(0.0265) / 4-1-6(0.0233)
2025-06-26,10,1-3-5,1-3-2,0.054075202715525496,False,1-3-2(0.0541) / 1-3-6(0.0534) / 1-3-5(0.0473) / 1-2-3(0.0426) / 1-6-3(0.0419) / 1-5-3(0.0363) / 3-1-2(0.0321) / 3-1-6(0.0317) / 1-3-4(0.0292) / 3-1-5(0.0281)
2025-06-27,1,1-5-2,1-5-4,0.028047480290607694,False,1-5-4(0.0280) / 5-1-4(0.0280) / 1-4-5(0.0248) / 5-4-1(0.0248) / 1-5-2(0.0235) / 5-1-2(0.0235) / 4-1-5(0.0228) / 4-5-1(0.0228) / 1-5-6(0.0201) / 5-1-6(0.0200)
2025-06-27,2,5-4-3,4-5-3,0.05614225319667598,False,4-5-3(0.0561) / 4-5-2(0.0521) / 4-3-5(0.0519) / 4-2-5(0.0470) / 4-3-2(0.0394) / 4-2-3(0.0385) / 5-4-3(0.0340) / 5-4-2(0.0315) / 4-5-1(0.0306) / 3-4-5(0.0304)
2025-06-27,3,1-3-2,2-6-5,0.07007453634221891,False,2-6-5(0.0701) / 2-5-6(0.0640) / 2-6-4(0.0605) / 2-4-6(0.0526) / 2-5-4(0.0446) / 2-4-5(0.0425) / 6-2-5(0.0379) / 2-6-3(0.0358) / 5-2-6(0.0335) / 6-2-4(0.0327)
2025-06-27,4,6-2-3,6-3-1,0.08387396067706139,False,6-3-1(0.0839) / 6-1-3(0.0833) / 6-3-4(0.0568) / 6-1-4(0.0555) / 6-4-3(0.0490) / 6-4-1(0.0482) / 3-6-1(0.0446) / 1-6-3(0.0441) / 6-3-2(0.0306) / 3-6-4(0.0302)
2025-06-27,5,4-5-1,3-4-5,0.051529796204642236,False,3-4-5(0.0515) / 3-4-6(0.0498) / 4-3-5(0.0437) / 4-3-6(0.0422) / 3-5-4(0.0397) / 3-6-4(0.0380) / 5-3-4(0.0292) / 6-3-4(0.0278) / 4-5-3(0.0274) / 4-6-3(0.0263)
2025-06-27,6,1-6-4,4-3-1,0.12752755982727323,False,4-3-1(0.1275) / 3-4-1(0.0968) / 4-1-3(0.0763) / 4-3-5(0.0598) / 1-4-3(0.0470) / 3-4-5(0.0454) / 4-3-2(0.0415) / 3-1-4(0.0410) / 1-3-4(0.0332) / 3-4-2(0.0315)
2025-06-27,7,1-6-4,6-1-4,0.08220770072733369,False,6-1-4(0.0822) / 6-1-2(0.0658) / 6-4-1(0.0633) / 1-6-4(0.0490) / 6-2-1(0.0478) / 1-6-2(0.0392) / 6-1-5(0.0391) / 4-6-1(0.0341) / 6-4-2(0.0286) / 6-2-4(0.0270)
2025-06-27,8,1-3-4,2-1-6,0.05044817046399406,False,2-1-6(0.0504) / 2-6-1(0.0480) / 1-2-6(0.0383) / 2-1-4(0.0375) / 6-2-1(0.0355) / 2-4-1(0.0324) / 2-6-4(0.0317) / 2-1-5(0.0289) / 2-4-6(0.0288) / 1-2-4(0.0285)
2025-06-27,9,3-6-5,6-4-1,0.06062909494752849,False,6-4-1(0.0606) / 6-1-4(0.0475) / 4-6-1(0.0463) / 6-4-5(0.0396) / 1-6-4(0.0322) / 6-4-2(0.0321) / 4-6-5(0.0302) / 6-4-3(0.0301) / 6-5-4(0.0282) / 4-1-6(0.0259)
2025-06-27,10,1-3-4,1-2-4,0.1321837922265237,False,1-2-4(0.1322) / 1-2-3(0.0965) / 1-4-2(0.0848) / 1-3-2(0.0578) / 2-1-4(0.0550) / 1-2-6(0.0527) / 1-2-5(0.0406) / 2-1-3(0.0402) / 4-1-2(0.0316) / 1-6-2(0.0292)
2025-06-27,11,4-1-6,1-5-6,0.09784623133506583,False,1-5-6(0.0978) / 1-6-5(0.0708) / 1-5-3(0.0694) / 5-1-6(0.0660) / 5-1-3(0.0468) / 1-3-5(0.0459) / 6-1-5(0.0419) / 1-5-4(0.0349) / 5-6-1(0.0292) / 1-6-3(0.0271)
2025-06-27,12,1-2-3,5-1-3,0.05354112364022552,False,5-1-3(0.0535) / 1-5-3(0.0534) / 5-3-1(0.0429) / 1-3-5(0.0426) / 3-5-1(0.0373) / 3-1-5(0.0371) / 5-1-6(0.0346) / 1-5-6(0.0345) / 5-6-1(0.0246) / 1-6-5(0.0244)
2025-06-28,1,2-6-3,3-2-5,0.134329886490391,False,3-2-5(0.1343) / 3-2-6(0.0987) / 3-5-2(0.0781) / 2-3-5(0.0675) / 3-6-2(0.0539) / 2-3-6(0.0496) / 3-2-1(0.0474) / 3-2-4(0.0409) / 5-3-2(0.0336) / 2-3-1(0.0238)
2025-06-28,2,3-5-2,5-4-1,0.05887572435744637,False,5-4-1(0.0589) / 4-5-1(0.0556) / 5-1-4(0.0513) / 4-1-5(0.0447) / 1-5-4(0.0446) / 1-4-5(0.0412) / 5-4-3(0.0277) / 4-5-3(0.0262) / 5-4-2(0.0217) / 4-5-2(0.0205)
2025-06-28,3,2-1-6,2-4-1,0.1512715641754654,False,2-4-1(0.1513) / 4-2-1(0.1420) / 2-1-4(0.0629) / 2-4-3(0.0627) / 2-4-6(0.0610) / 4-2-3(0.0588) / 4-2-6(0.0573) / 4-1-2(0.0546) / 1-2-4(0.0408) / 1-4-2(0.0377)
2025-06-28,4,1-4-6,4-6-5,0.07015710743280522,False,4-6-5(0.0702) / 4-6-1(0.0667) / 4-5-6(0.0634) / 4-1-6(0.0594) / 4-5-1(0.0471) / 4-1-5(0.0463) / 6-4-5(0.0348) / 6-4-1(0.0331) / 4-6-3(0.0306) / 5-4-6(0.0304)
2025-06-28,5,1-5-2,5-6-1,0.14881586375320655,False,5-6-1(0.1488) / 5-6-2(0.1199) / 6-5-1(0.1013) / 6-5-2(0.0816) / 5-6-4(0.0812) / 6-5-4(0.0553) / 5-1-6(0.0524) / 5-2-6(0.0411) / 5-4-6(0.0269) / 1-5-6(0.0257)
2025-06-28,6,1-4-3,2-6-3,0.028354649225825725,False,2-6-3(0.0284) / 2-3-6(0.0269) / 2-6-1(0.0255) / 2-6-4(0.0248) / 6-2-3(0.0242) / 2-1-6(0.0234) / 2-4-6(0.0226) / 3-2-6(0.0223) / 6-2-1(0.0218) / 6-2-4(0.0212)
2025-06-28,7,1-2-4,1-6-4,0.19861851269923433,False,1-6-4(0.1986) / 1-6-2(0.1160) / 6-1-4(0.1104) / 1-4-6(0.0850) / 6-1-2(0.0645) / 1-6-5(0.0472) / 1-2-6(0.0455) / 4-1-6(0.0375) / 6-1-5(0.0262) / 6-4-1(0.0239)
2025-06-28,8,1-5-4,1-3-4,0.08778922911973439,False,1-3-4(0.0878) / 1-3-5(0.0716) / 1-4-3(0.0700) / 1-3-2(0.0631) / 1-5-3(0.0539) / 1-2-3(0.0462) / 3-1-4(0.0459) / 3-1-5(0.0374) / 1-4-5(0.0347) / 4-1-3(0.0339)
2025-06-28,9,1-3-4,2-3-6,0.10615660802443623,False,2-3-6(0.1062) / 2-6-3(0.1024) / 2-3-5(0.0452) / 3-2-6(0.0420) / 2-6-5(0.0405) / 6-2-3(0.0401) / 2-3-4(0.0397) / 2-6-4(0.0355) / 2-5-3(0.0345) / 2-5-6(0.0320)
2025-06-28,10,1-5-6,1-5-2,0.06141258151847071,False,1-5-2(0.0614) / 1-2-5(0.0584) / 1-5-3(0.0522) / 1-3-5(0.0468) / 1-2-3(0.0441) / 1-3-2(0.0416) / 5-1-2(0.0404) / 2-1-5(0.0375) / 5-1-3(0.0343) / 3-1-5(0.0293)
2025-06-28,11,1-3-4,1-4-3,0.04317099883870126,False,1-4-3(0.0432) / 1-4-2(0.0431) / 4-1-3(0.0384) / 4-1-2(0.0384) / 1-3-4(0.0328) / 1-2-4(0.0327) / 1-4-5(0.0283) / 4-3-1(0.0253) / 4-2-1(0.0253) / 4-1-5(0.0252)
2025-06-28,12,1-3-6,4-5-1,0.020066677960666735,False,4-5-1(0.0201) / 5-4-1(0.0195) / 4-1-5(0.0190) / 5-1-4(0.0177) / 1-4-5(0.0177) / 1-5-4(0.0170) / 4-5-3(0.0165) / 5-4-3(0.0160) / 4-5-6(0.0153) / 5-4-6(0.0148)
2025-06-29,1,1-3-5,1-3-5,0.11075045873025971,True,1-3-5(0.1108) / 3-1-5(0.0981) / 1-5-3(0.0969) / 5-1-3(0.0803) / 3-5-1(0.0713) / 5-3-1(0.0666) / 1-3-2(0.0387) / 3-1-2(0.0343) / 1-5-2(0.0279) / 1-2-3(0.0245)
2025-06-29,2,1-4-3,1-2-3,0.04935052306287623,False,1-2-3(0.0494) / 1-3-2(0.0473) / 2-1-3(0.0443) / 3-1-2(0.0413) / 2-3-1(0.0363) / 1-2-4(0.0356) / 3-2-1(0.0354) / 2-1-4(0.0320) / 1-3-4(0.0312) / 1-4-2(0.0303)
2025-06-29,3,4-5-1,2-6-4,0.028105474072606752,False,2-6-4(0.0281) / 2-4-6(0.0268) / 6-2-4(0.0264) / 4-2-6(0.0244) / 6-4-2(0.0232) / 2-6-3(0.0228) / 4-6-2(0.0225) / 2-6-1(0.0224) / 6-2-3(0.0214) / 6-2-1(0.0211)
2025-06-29,4,2-1-3,3-2-4,0.11519556708587007,False,3-2-4(0.1152) / 3-4-2(0.1103) / 3-2-1(0.0609) / 3-4-1(0.0537) / 2-3-4(0.0476) / 3-1-2(0.0475) / 4-3-2(0.0451) / 3-1-4(0.0437) / 3-2-6(0.0422) / 3-4-6(0.0372)
2025-06-29,6,1-6-5,4-6-1,0.03290167409330638,False,4-6-1(0.0329) / 6-4-1(0.0328) / 4-1-6(0.0274) / 6-1-4(0.0272) / 4-6-3(0.0249) / 6-4-3(0.0249) / 1-4-6(0.0242) / 1-6-4(0.0241) / 4-3-6(0.0194) / 6-3-4(0.0193)
2025-06-29,7,1-2-6,1-6-5,0.19065579388408843,False,1-6-5(0.1907) / 1-5-6(0.1246) / 1-6-3(0.1213) / 1-3-6(0.0706) / 6-1-5(0.0623) / 1-6-4(0.0431) / 6-1-3(0.0396) / 1-5-3(0.0392) / 5-1-6(0.0375) / 1-3-5(0.0349)
2025-06-29,9,1-3-5,1-2-6,0.03410462663130598,False,1-2-6(0.0341) / 1-6-2(0.0330) / 1-2-3(0.0301) / 1-3-2(0.0280) / 2-1-6(0.0279) / 1-6-3(0.0267) / 6-1-2(0.0265) / 1-3-6(0.0256) / 2-1-3(0.0247) / 1-2-5(0.0243)
2025-06-29,10,1-5-3,4-2-3,0.044831912812994194,False,4-2-3(0.0448) / 2-4-3(0.0426) / 4-3-2(0.0398) / 2-3-4(0.0352) / 3-4-2(0.0351) / 3-2-4(0.0327) / 4-2-1(0.0274) / 2-4-1(0.0260) / 4-2-5(0.0217) / 4-1-2(0.0211)
2025-06-29,11,2-5-3,2-6-5,0.0550847689577094,False,2-6-5(0.0551) / 2-6-3(0.0497) / 2-5-6(0.0455) / 2-6-1(0.0400) / 2-3-6(0.0399) / 6-2-5(0.0397) / 6-2-3(0.0358) / 2-1-6(0.0306) / 5-2-6(0.0299) / 6-2-1(0.0288)
2025-06-29,12,1-4-6,3-6-1,0.09380721750595729,False,3-6-1(0.0938) / 3-1-6(0.0933) / 6-3-1(0.0692) / 1-3-6(0.0687) / 6-1-3(0.0440) / 1-6-3(0.0439) / 3-6-4(0.0309) / 3-1-4(0.0305) / 3-6-5(0.0233) / 3-1-5(0.0229)
2025-07-12,1,1-5-6,6-4-3,0.05512968732146354,False,6-4-3(0.0551) / 6-3-4(0.0471) / 6-4-2(0.0428) / 4-6-3(0.0423) / 6-2-4(0.0340) / 3-6-4(0.0333) / 4-6-2(0.0328) / 6-4-1(0.0306) / 4-3-6(0.0257) / 6-3-2(0.0253)
2025-07-12,2,1-5-3,1-5-6,0.052082997925880586,False,1-5-6(0.0521) / 1-6-5(0.0478) / 5-1-6(0.0446) / 1-5-3(0.0394) / 6-1-5(0.0390) / 5-1-3(0.0338) / 5-6-1(0.0332) / 1-3-5(0.0330) / 6-5-1(0.0316) / 1-6-3(0.0302)
2025-07-12,3,4-2-1,4-2-5,0.12647511395641817,False,4-2-5(0.1265) / 4-5-2(0.1110) / 4-2-3(0.0721) / 4-3-2(0.0534) / 4-5-3(0.0493) / 2-4-5(0.0482) / 4-3-5(0.0416) / 5-4-2(0.0410) / 4-2-1(0.0312) / 4-2-6(0.0283)
2025-07-12,4,2-1-6,6-2-5,0.11943148916653323,False,6-2-5(0.1194) / 6-2-3(0.1057) / 6-5-2(0.0936) / 6-3-2(0.0795) / 2-6-5(0.0564) / 6-5-3(0.0518) / 2-6-3(0.0499) / 6-3-5(0.0498) / 5-6-2(0.0411) / 3-6-2(0.0344)
2025-07-12,5,1-4-3,6-4-3,0.08027705598200446,False,6-4-3(0.0803) / 6-3-4(0.0683) / 6-4-1(0.0497) / 6-4-2(0.0457) / 4-6-3(0.0446) / 6-1-4(0.0374) / 3-6-4(0.0358) / 6-2-4(0.0338) / 6-3-1(0.0296) / 4-6-1(0.0276)
2025-07-12,6,3-4-1,4-6-3,0.06932063031275226,False,4-6-3(0.0693) / 4-3-6(0.0685) / 4-6-5(0.0600) / 4-3-5(0.0573) / 4-5-6(0.0567) / 4-5-3(0.0548) / 4-6-1(0.0401) / 4-3-1(0.0383) / 4-1-6(0.0347) / 4-6-2(0.0339)
2025-07-12,7,2-5-1,6-4-2,0.12058784681006993,False,6-4-2(0.1206) / 6-4-1(0.1065) / 6-2-4(0.0854) / 6-1-4(0.0725) / 4-6-2(0.0722) / 4-6-1(0.0638) / 2-6-4(0.0452) / 6-2-1(0.0405) / 6-1-2(0.0390) / 1-6-4(0.0378)
2025-07-12,8,1-3-4,1-3-4,0.1791858354451275,True,1-3-4(0.1792) / 1-4-3(0.1701) / 3-1-4(0.0751) / 4-1-3(0.0704) / 1-3-2(0.0632) / 1-4-2(0.0556) / 1-2-3(0.0426) / 1-2-4(0.0394) / 3-1-2(0.0265) / 4-1-2(0.0230)
2025-07-12,9,1-5-2,4-1-6,0.06705875860835799,False,4-1-6(0.0671) / 4-6-1(0.0601) / 4-1-5(0.0569) / 4-5-1(0.0481) / 1-4-6(0.0481) / 6-4-1(0.0409) / 1-4-5(0.0408) / 4-6-5(0.0403) / 4-5-6(0.0381) / 5-4-1(0.0318)
2025-07-12,10,1-4-2,1-4-5,0.07377766533876198,False,1-4-5(0.0738) / 1-4-3(0.0697) / 4-1-5(0.0572) / 1-5-4(0.0559) / 4-1-3(0.0541) / 1-3-4(0.0519) / 5-1-4(0.0379) / 3-1-4(0.0349) / 4-5-1(0.0314) / 1-5-3(0.0299)
2025-07-12,11,2-6-4,1-2-6,0.10747244025928795,False,1-2-6(0.1075) / 2-1-6(0.0769) / 1-6-2(0.0758) / 1-2-4(0.0660) / 2-1-4(0.0472) / 6-1-2(0.0469) / 1-4-2(0.0411) / 2-6-1(0.0354) / 1-2-5(0.0343) / 6-2-1(0.0306)
2025-07-12,12,1-2-3,2-3-6,0.1077727862797081,False,2-3-6(0.1078) / 2-6-3(0.0991) / 3-2-6(0.0695) / 6-2-3(0.0618) / 2-3-5(0.0586) / 2-6-5(0.0467) / 2-5-3(0.0436) / 3-2-5(0.0378) / 2-5-6(0.0378) / 3-6-2(0.0348)
2025-07-13,1,4-1-6,3-4-6,0.07070047818252084,False,3-4-6(0.0707) / 3-6-4(0.0658) / 3-4-5(0.0558) / 4-3-6(0.0480) / 3-5-4(0.0478) / 3-6-5(0.0447) / 6-3-4(0.0433) / 3-5-6(0.0411) / 4-3-5(0.0379) / 5-3-4(0.0301)
2025-07-13,3,3-2-4,2-1-5,0.023010002355694243,False,2-1-5(0.0230) / 2-1-3(0.0228) / 2-5-1(0.0222) / 2-3-1(0.0219) / 2-5-3(0.0197) / 2-3-5(0.0196) / 1-2-5(0.0193) / 1-2-3(0.0191) / 2-1-6(0.0190) / 5-2-1(0.0182)
2025-07-13,4,3-1-5,3-2-5,0.08811013727828443,False,3-2-5(0.0881) / 3-5-2(0.0768) / 2-3-5(0.0693) / 5-3-2(0.0565) / 3-2-1(0.0536) / 2-5-3(0.0432) / 2-3-1(0.0421) / 5-2-3(0.0404) / 3-1-2(0.0395) / 3-5-1(0.0367)
2025-07-13,5,4-1-2,4-6-1,0.1267735360079726,False,4-6-1(0.1268) / 6-4-1(0.1143) / 4-1-6(0.1027) / 1-4-6(0.0835) / 6-1-4(0.0791) / 1-6-4(0.0713) / 4-6-5(0.0209) / 6-4-5(0.0188) / 4-6-2(0.0187) / 6-4-2(0.0169)
2025-07-13,6,1-2-4,3-2-1,0.25994844546351836,False,3-2-1(0.2599) / 3-1-2(0.1348) / 3-2-4(0.1109) / 2-3-1(0.0923) / 3-2-6(0.0534) / 3-4-2(0.0487) / 1-3-2(0.0424) / 2-3-4(0.0394) / 3-1-4(0.0227) / 3-6-2(0.0222)
2025-07-13,7,1-2-3,1-2-4,0.11265821138182332,False,1-2-4(0.1127) / 1-4-2(0.0933) / 1-2-5(0.0642) / 1-2-6(0.0567) / 1-2-3(0.0484) / 1-5-2(0.0466) / 1-6-2(0.0403) / 1-4-5(0.0350) / 1-3-2(0.0337) / 2-1-4(0.0317)
2025-07-13,8,1-2-6,2-1-4,0.16008951013856573,False,2-1-4(0.1601) / 2-1-6(0.1478) / 1-2-4(0.0952) / 1-2-6(0.0879) / 2-4-1(0.0836) / 2-6-1(0.0757) / 4-2-1(0.0405) / 6-2-1(0.0364) / 2-4-6(0.0269) / 1-4-2(0.0268)
2025-07-13,9,1-2-4,1-5-2,0.09747294891256122,False,1-5-2(0.0975) / 1-5-3(0.0843) / 1-2-5(0.0626) / 5-1-2(0.0561) / 1-3-5(0.0525) / 5-1-3(0.0485) / 1-5-4(0.0483) / 1-5-6(0.0340) / 2-1-5(0.0309) / 5-1-4(0.0278)
2025-07-13,11,2-5-3,5-6-4,0.276097295919903,False,5-6-4(0.2761) / 6-5-4(0.1365) / 5-4-6(0.1037) / 5-6-2(0.0784) / 5-6-3(0.0501) / 4-5-6(0.0410) / 6-5-2(0.0388) / 5-6-1(0.0355) / 5-2-6(0.0252) / 6-5-3(0.0248)
2025-07-14,1,1-3-5,6-1-5,0.06106430946592602,False,6-1-5(0.0611) / 6-5-1(0.0575) / 1-6-5(0.0554) / 5-6-1(0.0503) / 1-5-6(0.0453) / 5-1-6(0.0437) / 6-1-3(0.0262) / 1-6-3(0.0238) / 6-5-3(0.0220) / 6-3-1(0.0193)
2025-07-14,2,1-3-6,2-1-3,0.04561104249558795,False,2-1-3(0.0456) / 2-1-4(0.0402) / 2-1-6(0.0388) / 1-2-3(0.0386) / 2-3-1(0.0357) / 1-2-4(0.0340) / 1-2-6(0.0328) / 2-4-1(0.0306) / 2-6-1(0.0292) / 3-2-1(0.0264)
2025-07-14,3,1-4-6,4-6-5,0.17598384573417003,False,4-6-5(0.1760) / 4-5-6(0.1544) / 4-6-1(0.0881) / 4-5-1(0.0620) / 4-1-6(0.0619) / 6-4-5(0.0498) / 4-1-5(0.0496) / 5-4-6(0.0427) / 4-6-3(0.0424) / 4-5-3(0.0298)
2025-07-14,4,1-5-3,5-4-1,0.04056651861556131,False,5-4-1(0.0406) / 4-5-1(0.0378) / 5-1-4(0.0346) / 4-1-5(0.0294) / 1-5-4(0.0292) / 1-4-5(0.0266) / 5-4-2(0.0229) / 5-4-3(0.0221) / 5-4-6(0.0214) / 4-5-2(0.0214)
2025-07-14,5,2-4-6,6-5-4,0.0919218886063028,False,6-5-4(0.0919) / 6-4-5(0.0863) / 6-5-1(0.0642) / 6-1-5(0.0542) / 6-4-1(0.0520) / 6-1-4(0.0467) / 6-5-3(0.0457) / 6-4-3(0.0370) / 6-3-5(0.0361) / 6-3-4(0.0311)
2025-07-14,6,1-4-2,5-1-3,0.13504642566656935,False,5-1-3(0.1350) / 5-3-1(0.1237) / 1-5-3(0.0828) / 3-5-1(0.0735) / 5-1-4(0.0445) / 1-3-5(0.0380) / 3-1-5(0.0368) / 5-3-4(0.0356) / 5-1-2(0.0333) / 5-4-1(0.0294)
2025-07-14,7,1-6-3,6-1-3,0.06253518120888127,False,6-1-3(0.0625) / 1-6-3(0.0617) / 6-1-4(0.0570) / 1-6-4(0.0562) / 6-1-5(0.0406) / 1-6-5(0.0401) / 6-1-2(0.0369) / 1-6-2(0.0364) / 6-3-1(0.0330) / 1-3-6(0.0320)
2025-07-14,8,1-4-2,3-5-4,0.03401249562343614,False,3-5-4(0.0340) / 5-3-4(0.0336) / 3-4-5(0.0325) / 5-4-3(0.0316) / 4-3-5(0.0311) / 4-5-3(0.0306) / 3-5-1(0.0301) / 5-3-1(0.0298) / 3-1-5(0.0275) / 5-1-3(0.0268)
2025-07-14,9,1-3-4,1-5-3,0.04251055544462345,False,1-5-3(0.0425) / 1-3-5(0.0417) / 5-1-3(0.0281) / 1-5-2(0.0274) / 3-1-5(0.0273) / 1-5-4(0.0257) / 1-3-2(0.0254) / 1-5-6(0.0242) / 1-2-5(0.0239) / 1-3-4(0.0238)
2025-07-14,10,2-1-3,1-3-2,0.04662066595498812,False,1-3-2(0.0466) / 3-1-2(0.0432) / 1-2-3(0.0422) / 2-1-3(0.0368) / 1-3-6(0.0361) / 3-2-1(0.0352) / 3-1-6(0.0334) / 2-3-1(0.0331) / 1-6-3(0.0300) / 1-2-6(0.0264)
2025-07-14,12,4-5-6,2-5-6,0.022031896354770892,False,2-5-6(0.0220) / 2-6-5(0.0220) / 2-5-1(0.0188) / 2-6-1(0.0186) / 5-2-6(0.0185) / 6-2-5(0.0184) / 2-1-5(0.0179) / 2-1-6(0.0178) / 2-5-3(0.0165) / 2-6-3(0.0164)
2025-07-15,1,5-4-6,5-4-1,0.09752162683515624,False,5-4-1(0.0975) / 5-1-4(0.0923) / 4-5-1(0.0699) / 1-5-4(0.0646) / 5-4-6(0.0624) / 5-1-6(0.0538) / 5-6-4(0.0494) / 5-6-1(0.0450) / 4-5-6(0.0448) / 4-1-5(0.0411)
2025-07-15,2,3-4-1,5-3-4,0.19980936218515766,False,5-3-4(0.1998) / 5-4-3(0.1453) / 5-3-2(0.1073) / 3-5-4(0.0852) / 5-2-3(0.0646) / 4-5-3(0.0574) / 5-4-2(0.0486) / 3-5-2(0.0457) / 5-2-4(0.0402) / 2-5-3(0.0241)
2025-07-15,3,6-3-4,4-2-5,0.11828563248717018,False,4-2-5(0.1183) / 4-2-1(0.0886) / 2-4-5(0.0760) / 4-2-3(0.0577) / 2-4-1(0.0569) / 4-5-2(0.0564) / 4-2-6(0.0538) / 4-1-2(0.0404) / 2-4-3(0.0371) / 2-4-6(0.0346)
2025-07-15,4,2-4-1,3-2-4,0.03863201278648656,False,3-2-4(0.0386) / 3-4-2(0.0348) / 2-3-4(0.0326) / 4-3-2(0.0277) / 3-2-1(0.0265) / 3-2-6(0.0256) / 2-4-3(0.0236) / 2-3-1(0.0223) / 4-2-3(0.0222) / 3-1-2(0.0216)
2025-07-15,5,2-3-4,4-2-6,0.04085598221479008,False,4-2-6(0.0409) / 2-4-6(0.0374) / 4-6-2(0.0362) / 4-2-3(0.0333) / 6-4-2(0.0307) / 2-4-3(0.0305) / 2-6-4(0.0295) / 4-3-2(0.0277) / 6-2-4(0.0274) / 4-2-1(0.0231)
2025-07-15,6,1-2-6,6-3-2,0.10792415942873675,False,6-3-2(0.1079) / 6-2-3(0.0934) / 6-3-5(0.0655) / 6-3-1(0.0515) / 6-5-3(0.0500) / 6-3-4(0.0492) / 6-2-5(0.0406) / 6-1-3(0.0378) / 6-4-3(0.0359) / 6-5-2(0.0358)
2025-07-15,7,1-2-3,3-5-2,0.1925341417399534,False,3-5-2(0.1925) / 3-5-1(0.1288) / 3-2-5(0.0957) / 5-3-2(0.0956) / 5-3-1(0.0640) / 3-1-5(0.0590) / 3-5-6(0.0446) / 2-3-5(0.0396) / 1-3-5(0.0238) / 5-3-6(0.0221)
2025-07-15,8,1-3-2,1-2-6,0.03740160821415036,False,1-2-6(0.0374) / 2-1-6(0.0371) / 1-6-2(0.0350) / 2-6-1(0.0343) / 6-1-2(0.0332) / 6-2-1(0.0328) / 1-2-4(0.0256) / 2-1-4(0.0254) / 1-2-3(0.0216) / 2-1-3(0.0214)
2025-07-15,9,1-2-5,5-3-1,0.06270598476867932,False,5-3-1(0.0627) / 5-1-3(0.0534) / 3-5-1(0.0506) / 1-5-3(0.0397) / 5-3-6(0.0369) / 3-1-5(0.0325) / 1-3-5(0.0299) / 3-5-6(0.0298) / 5-6-3(0.0273) / 5-3-4(0.0228)
2025-07-15,10,3-1-4,3-2-5,0.11818070992455122,False,3-2-5(0.1182) / 2-3-5(0.1009) / 3-5-2(0.0797) / 5-3-2(0.0567) / 2-5-3(0.0550) / 5-2-3(0.0458) / 3-2-1(0.0360) / 3-2-4(0.0333) / 2-3-1(0.0307) / 2-3-4(0.0284)
2025-07-15,11,4-1-3,1-3-4,0.09733475875670708,False,1-3-4(0.0973) / 1-3-2(0.0956) / 1-3-6(0.0658) / 1-3-5(0.0603) / 3-1-4(0.0518) / 1-4-3(0.0516) / 3-1-2(0.0509) / 1-2-3(0.0505) / 3-1-6(0.0351) / 1-6-3(0.0332)
2025-07-15,12,2-1-4,4-1-2,0.0893911912069183,False,4-1-2(0.0894) / 4-2-1(0.0804) / 1-4-2(0.0758) / 2-4-1(0.0646) / 1-2-4(0.0535) / 2-1-4(0.0507) / 4-1-6(0.0312) / 1-4-6(0.0265) / 4-2-6(0.0236) / 4-6-1(0.0209)
2025-07-18,1,5-1-2,3-4-1,0.15082821495610305,False,3-4-1(0.1508) / 4-3-1(0.0939) / 3-1-4(0.0891) / 3-4-2(0.0781) / 3-4-5(0.0523) / 4-3-2(0.0486) / 1-3-4(0.0464) / 3-2-4(0.0402) / 4-3-5(0.0326) / 4-1-3(0.0310)
2025-07-18,2,1-2-4,5-6-3,0.05689433991795877,False,5-6-3(0.0569) / 5-6-2(0.0539) / 5-6-1(0.0443) / 6-5-3(0.0439) / 6-5-2(0.0415) / 5-3-6(0.0401) / 5-2-6(0.0375) / 6-5-1(0.0342) / 5-1-6(0.0298) / 3-5-6(0.0261)
2025-07-18,3,5-6-3,2-6-4,0.03133739736971587,False,2-6-4(0.0313) / 2-4-6(0.0301) / 6-2-4(0.0287) / 4-2-6(0.0268) / 6-4-2(0.0244) / 4-6-2(0.0238) / 2-6-5(0.0203) / 6-2-5(0.0186) / 2-4-5(0.0175) / 2-5-6(0.0173)
2025-07-18,4,5-4-6,6-5-4,0.1379424785406332,False,6-5-4(0.1379) / 6-5-3(0.1285) / 5-6-4(0.0749) / 6-5-2(0.0733) / 5-6-3(0.0698) / 6-5-1(0.0603) / 6-4-5(0.0522) / 6-3-5(0.0481) / 5-6-2(0.0398) / 5-6-1(0.0327)
2025-07-18,5,2-1-6,6-5-3,0.11931235326841162,False,6-5-3(0.1193) / 5-6-3(0.1041) / 6-5-4(0.0722) / 6-3-5(0.0661) / 5-6-4(0.0630) / 5-3-6(0.0486) / 3-6-5(0.0443) / 3-5-6(0.0373) / 6-4-5(0.0360) / 5-4-6(0.0269)
2025-07-18,6,2-4-1,4-2-1,0.2639413804242713,False,4-2-1(0.2639) / 4-1-2(0.1408) / 4-2-5(0.1043) / 2-4-1(0.0862) / 4-2-6(0.0472) / 4-5-2(0.0465) / 1-4-2(0.0413) / 2-4-5(0.0341) / 4-1-5(0.0228) / 4-6-2(0.0199)
2025-07-18,7,1-3-2,3-1-5,0.08352709194722018,False,3-1-5(0.0835) / 1-3-5(0.0826) / 3-5-1(0.0518) / 1-5-3(0.0505) / 3-1-2(0.0477) / 1-3-2(0.0472) / 5-3-1(0.0397) / 5-1-3(0.0391) / 3-1-6(0.0339) / 1-3-6(0.0335)
2025-07-18,8,1-2-3,1-4-2,0.05273649251597347,False,1-4-2(0.0527) / 1-2-4(0.0503) / 4-1-2(0.0446) / 2-1-4(0.0414) / 4-2-1(0.0337) / 2-4-1(0.0328) / 1-4-6(0.0324) / 1-2-6(0.0279) / 4-1-6(0.0274) / 1-6-4(0.0265)
2025-07-18,9,1-3-2,5-4-1,0.048239914798639386,False,5-4-1(0.0482) / 4-5-1(0.0474) / 5-4-3(0.0434) / 4-5-3(0.0427) / 5-1-4(0.0394) / 4-1-5(0.0379) / 5-3-4(0.0343) / 1-5-4(0.0342) / 1-4-5(0.0334) / 4-3-5(0.0330)
2025-07-18,10,1-3-4,4-1-5,0.16868038306575842,False,4-1-5(0.1687) / 4-1-3(0.1564) / 4-1-2(0.0907) / 1-4-5(0.0674) / 4-5-1(0.0656) / 1-4-3(0.0625) / 4-3-1(0.0602) / 1-4-2(0.0363) / 4-1-6(0.0356) / 4-2-1(0.0331)
2025-07-18,11,1-3-2,2-1-6,0.0694909986174147,False,2-1-6(0.0695) / 1-2-6(0.0693) / 2-1-3(0.0553) / 1-2-3(0.0551) / 2-6-1(0.0435) / 1-6-2(0.0432) / 2-1-5(0.0411) / 1-2-5(0.0410) / 6-2-1(0.0334) / 6-1-2(0.0333)
2025-07-18,12,2-5-1,6-2-5,0.026798026870906978,False,6-2-5(0.0268) / 2-6-5(0.0268) / 6-5-2(0.0242) / 2-5-6(0.0241) / 5-6-2(0.0225) / 5-2-6(0.0225) / 6-2-3(0.0191) / 2-6-3(0.0191) / 6-2-1(0.0170) / 2-6-1(0.0170)
2025-07-19,1,1-3-5,5-1-3,0.11483523585813653,False,5-1-3(0.1148) / 5-3-1(0.1088) / 1-5-3(0.0692) / 3-5-1(0.0642) / 5-1-4(0.0384) / 5-3-4(0.0332) / 1-3-5(0.0324) / 3-1-5(0.0318) / 5-1-6(0.0300) / 5-4-1(0.0267)
2025-07-19,2,4-1-6,4-6-5,0.0712637411842965,False,4-6-5(0.0713) / 6-4-5(0.0656) / 4-6-3(0.0635) / 4-6-1(0.0614) / 6-4-3(0.0584) / 6-4-1(0.0565) / 4-6-2(0.0497) / 6-4-2(0.0458) / 4-5-6(0.0320) / 4-3-6(0.0281)
2025-07-19,4,4-6-5,6-4-5,0.10009654677233508,False,6-4-5(0.1001) / 6-5-4(0.0891) / 6-4-2(0.0531) / 4-6-5(0.0528) / 5-6-4(0.0452) / 6-2-4(0.0394) / 6-5-2(0.0376) / 6-4-1(0.0371) / 6-2-5(0.0314) / 4-6-2(0.0280)
2025-07-19,5,4-1-2,6-3-2,0.1118178391262822,False,6-3-2(0.1118) / 6-2-3(0.0926) / 6-3-4(0.0721) / 6-4-3(0.0531) / 6-3-1(0.0450) / 6-2-4(0.0399) / 3-6-2(0.0388) / 6-3-5(0.0383) / 6-4-2(0.0355) / 6-1-3(0.0308)
2025-07-19,6,1-3-5,4-1-5,0.21486533870313912,False,4-1-5(0.2149) / 4-5-1(0.1846) / 4-1-3(0.0871) / 1-4-5(0.0746) / 5-4-1(0.0621) / 4-5-3(0.0602) / 4-3-1(0.0557) / 4-3-5(0.0448) / 1-4-3(0.0302) / 5-4-3(0.0203)
2025-07-19,7,2-1-6,6-1-3,0.05670338910311104,False,6-1-3(0.0567) / 1-6-3(0.0474) / 6-3-1(0.0459) / 6-1-2(0.0391) / 3-6-1(0.0342) / 6-1-5(0.0332) / 1-6-2(0.0327) / 1-3-6(0.0305) / 6-2-1(0.0288) / 1-6-5(0.0278)
2025-07-19,8,1-3-4,4-1-2,0.20914558466852146,False,4-1-2(0.2091) / 4-1-3(0.1793) / 1-4-2(0.1144) / 1-4-3(0.0981) / 4-2-1(0.0632) / 4-3-1(0.0531) / 4-1-5(0.0413) / 2-4-1(0.0259) / 1-4-5(0.0226) / 3-4-1(0.0216)
2025-07-19,9,3-1-4,2-6-5,0.09313543570971557,False,2-6-5(0.0931) / 2-5-6(0.0880) / 6-2-5(0.0601) / 5-2-6(0.0554) / 2-6-1(0.0429) / 2-5-1(0.0365) / 2-1-6(0.0319) / 6-5-2(0.0311) / 5-6-2(0.0304) / 2-1-5(0.0287)
2025-07-19,11,1-4-2,2-1-3,0.08888497816793112,False,2-1-3(0.0889) / 1-2-3(0.0825) / 2-3-1(0.0600) / 2-1-5(0.0581) / 1-2-5(0.0539) / 1-3-2(0.0505) / 3-2-1(0.0454) / 3-1-2(0.0412) / 2-5-1(0.0351) / 1-5-2(0.0299)
2025-07-19,12,1-2-3,3-2-6,0.08939948915195424,False,3-2-6(0.0894) / 2-3-6(0.0717) / 3-2-4(0.0645) / 3-6-2(0.0603) / 2-3-4(0.0517) / 6-3-2(0.0402) / 3-4-2(0.0401) / 2-6-3(0.0366) / 6-2-3(0.0305) / 3-2-1(0.0303)
2025-07-20,1,1-3-2,4-2-6,0.11365959414566072,False,4-2-6(0.1137) / 4-6-2(0.0891) / 2-4-6(0.0728) / 6-4-2(0.0520) / 4-2-3(0.0493) / 4-2-1(0.0459) / 2-6-4(0.0319) / 2-4-3(0.0316) / 4-3-2(0.0315) / 2-4-1(0.0294)
2025-07-20,2,1-4-3,3-2-1,0.08617607004086925,False,3-2-1(0.0862) / 3-1-2(0.0786) / 2-3-1(0.0512) / 3-2-4(0.0466) / 1-3-2(0.0451) / 3-4-2(0.0355) / 3-1-4(0.0352) / 3-4-1(0.0294) / 3-2-5(0.0286) / 2-3-4(0.0277)
2025-07-20,3,1-4-2,3-2-4,0.18292650430410115,False,3-2-4(0.1829) / 3-2-6(0.1560) / 3-2-1(0.0880) / 2-3-4(0.0873) / 2-3-6(0.0744) / 3-2-5(0.0664) / 3-4-2(0.0483) / 2-3-1(0.0420) / 3-6-2(0.0406) / 2-3-5(0.0317)
2025-07-20,4,2-3-4,4-3-6,0.0893675665598741,False,4-3-6(0.0894) / 4-6-3(0.0815) / 4-3-1(0.0487) / 4-3-2(0.0477) / 4-1-3(0.0381) / 4-2-3(0.0371) / 4-6-1(0.0358) / 4-3-5(0.0354) / 4-6-2(0.0350) / 3-4-6(0.0340)
2025-07-20,6,1-5-2,1-3-5,0.17984059258977497,False,1-3-5(0.1798) / 1-3-4(0.1294) / 1-3-2(0.1167) / 1-5-3(0.0955) / 1-4-3(0.0649) / 1-2-3(0.0578) / 3-1-5(0.0364) / 1-3-6(0.0326) / 3-1-4(0.0262) / 3-1-2(0.0237)
2025-07-20,7,2-4-3,3-2-6,0.08901981220142097,False,3-2-6(0.0890) / 3-2-1(0.0873) / 2-3-6(0.0648) / 2-3-1(0.0636) / 3-6-2(0.0534) / 3-1-2(0.0522) / 3-2-5(0.0403) / 6-3-2(0.0314) / 1-3-2(0.0306) / 2-3-5(0.0293)
2025-07-20,8,1-3-4,1-4-2,0.054299837850611266,False,1-4-2(0.0543) / 1-2-4(0.0512) / 1-4-6(0.0486) / 1-6-4(0.0441) / 1-2-6(0.0399) / 1-6-2(0.0384) / 4-1-2(0.0380) / 2-1-4(0.0349) / 4-1-6(0.0341) / 6-1-4(0.0295)
2025-07-20,9,1-2-5,2-1-4,0.14975339058556697,False,2-1-4(0.1498) / 2-1-5(0.1189) / 2-4-1(0.1164) / 2-5-1(0.0855) / 2-4-5(0.0590) / 1-2-4(0.0577) / 2-5-4(0.0546) / 1-2-5(0.0458) / 4-2-1(0.0423) / 5-2-1(0.0304)
2025-07-20,10,1-3-2,5-1-4,0.27704523174751033,False,5-1-4(0.2770) / 1-5-4(0.1999) / 5-4-1(0.1238) / 4-5-1(0.0691) / 1-4-5(0.0586) / 4-1-5(0.0453) / 5-1-3(0.0384) / 1-5-3(0.0277) / 5-1-6(0.0188) / 1-5-6(0.0135)
2025-07-20,11,1-2-6,6-1-2,0.10080693725061929,False,6-1-2(0.1008) / 6-2-1(0.0988) / 6-1-5(0.0799) / 6-2-5(0.0749) / 6-5-1(0.0719) / 6-5-2(0.0687) / 1-6-2(0.0300) / 2-6-1(0.0292) / 6-1-4(0.0290) / 6-2-4(0.0272)
2025-07-20,12,1-4-6,5-2-1,0.08410437345563652,False,5-2-1(0.0841) / 2-5-1(0.0689) / 5-1-2(0.0687) / 1-5-2(0.0508) / 2-1-5(0.0428) / 1-2-5(0.0387) / 5-2-3(0.0365) / 2-5-3(0.0298) / 5-3-2(0.0241) / 5-2-6(0.0227)
2025-07-21,1,1-2-5,1-3-5,0.03238654689280641,False,1-3-5(0.0324) / 1-5-3(0.0321) / 3-1-5(0.0297) / 5-1-3(0.0292) / 1-3-2(0.0289) / 1-5-2(0.0279) / 1-2-3(0.0274) / 1-2-5(0.0267) / 3-1-2(0.0264) / 3-5-1(0.0260)
2025-07-21,2,1-3-6,3-1-2,0.10543777222408535,False,3-1-2(0.1054) / 3-1-5(0.0994) / 3-1-4(0.0725) / 1-3-2(0.0591) / 1-3-5(0.0557) / 3-2-1(0.0542) / 3-5-1(0.0506) / 3-1-6(0.0439) / 1-3-4(0.0407) / 3-4-1(0.0354)
2025-07-21,4,5-1-2,5-1-6,0.0838656406835832,False,5-1-6(0.0839) / 5-6-1(0.0751) / 1-5-6(0.0603) / 6-5-1(0.0513) / 5-1-2(0.0509) / 5-2-1(0.0387) / 5-6-2(0.0369) / 1-5-2(0.0366) / 1-6-5(0.0345) / 6-1-5(0.0328)
2025-07-21,6,1-2-3,1-6-3,0.07416571845291547,False,1-6-3(0.0742) / 1-6-4(0.0599) / 1-6-5(0.0592) / 6-1-3(0.0586) / 1-6-2(0.0475) / 6-1-4(0.0473) / 6-1-5(0.0468) / 1-3-6(0.0398) / 6-1-2(0.0375) / 1-4-6(0.0311)
2025-07-21,7,2-6-5,4-5-2,0.07726540875806273,False,4-5-2(0.0773) / 5-4-2(0.0690) / 4-2-5(0.0666) / 2-4-5(0.0549) / 4-5-6(0.0509) / 5-2-4(0.0506) / 2-5-4(0.0467) / 5-4-6(0.0454) / 4-6-5(0.0378) / 4-2-6(0.0339)
2025-07-21,8,1-2-4,1-6-4,0.09832838638344014,False,1-6-4(0.0983) / 1-4-6(0.0763) / 1-6-2(0.0738) / 1-2-6(0.0532) / 1-6-5(0.0516) / 6-1-4(0.0452) / 1-5-6(0.0350) / 6-1-2(0.0339) / 1-4-2(0.0331) / 4-1-6(0.0325)
2025-07-21,9,2-5-6,3-1-6,0.1739220312069753,False,3-1-6(0.1739) / 1-3-6(0.1679) / 3-1-2(0.0611) / 3-6-1(0.0603) / 1-3-2(0.0590) / 1-6-3(0.0558) / 6-3-1(0.0381) / 6-1-3(0.0365) / 3-1-4(0.0345) / 3-1-5(0.0344)
2025-07-21,10,1-2-3,4-2-1,0.1507450015654264,False,4-2-1(0.1507) / 4-1-2(0.1152) / 2-4-1(0.0830) / 1-4-2(0.0582) / 4-2-5(0.0509) / 4-2-3(0.0452) / 4-5-2(0.0302) / 2-1-4(0.0292) / 2-4-5(0.0280) / 1-2-4(0.0268)
2025-07-21,11,5-1-2,4-6-2,0.08353600715422649,False,4-6-2(0.0835) / 4-6-5(0.0828) / 4-6-1(0.0576) / 4-2-6(0.0553) / 4-5-6(0.0547) / 6-4-2(0.0535) / 6-4-5(0.0530) / 6-4-1(0.0369) / 4-1-6(0.0355) / 2-4-6(0.0301)
2025-07-21,12,2-5-4,1-2-5,0.05522844167549851,False,1-2-5(0.0552) / 2-1-5(0.0504) / 1-5-2(0.0434) / 1-2-3(0.0367) / 2-5-1(0.0352) / 5-1-2(0.0345) / 2-1-3(0.0335) / 5-2-1(0.0307) / 1-2-6(0.0276) / 1-3-2(0.0260)
2025-07-22,1,1-6-2,1-4-6,0.12793298883048917,False,1-4-6(0.1279) / 1-6-4(0.1032) / 4-1-6(0.0892) / 6-1-4(0.0660) / 4-6-1(0.0438) / 6-4-1(0.0402) / 1-4-2(0.0394) / 1-4-5(0.0347) / 4-1-2(0.0275) / 4-1-5(0.0242)
2025-07-22,2,1-2-4,3-5-1,0.04511162337029232,False,3-5-1(0.0451) / 3-1-5(0.0363) / 3-5-2(0.0360) / 5-3-1(0.0351) / 3-5-6(0.0321) / 5-3-2(0.0280) / 3-5-4(0.0280) / 3-2-5(0.0276) / 1-3-5(0.0252) / 5-3-6(0.0250)
2025-07-22,3,2-4-3,4-5-3,0.1080005467088111,False,4-5-3(0.1080) / 4-5-1(0.0873) / 5-4-3(0.0711) / 4-5-2(0.0622) / 5-4-1(0.0575) / 4-3-5(0.0553) / 4-1-5(0.0431) / 5-4-2(0.0409) / 4-5-6(0.0388) / 4-2-5(0.0295)
2025-07-22,4,3-5-6,5-1-6,0.0658164977582275,False,5-1-6(0.0658) / 5-6-1(0.0632) / 5-1-3(0.0538) / 1-5-6(0.0489) / 5-3-1(0.0477) / 5-6-3(0.0475) / 6-5-1(0.0460) / 5-3-6(0.0439) / 1-5-3(0.0400) / 6-5-3(0.0346)
2025-07-22,5,1-4-5,1-2-6,0.1328837024587545,False,1-2-6(0.1329) / 1-6-2(0.1114) / 1-2-5(0.0929) / 1-2-3(0.0871) / 1-5-2(0.0706) / 1-3-2(0.0653) / 1-6-5(0.0530) / 1-6-3(0.0497) / 1-5-6(0.0481) / 1-3-6(0.0444)
2025-07-22,6,1-3-2,6-1-5,0.15196674870357044,False,6-1-5(0.1520) / 1-6-5(0.1247) / 6-1-3(0.1023) / 6-1-4(0.0868) / 1-6-3(0.0840) / 1-6-4(0.0713) / 6-1-2(0.0702) / 1-6-2(0.0576) / 6-5-1(0.0309) / 1-5-6(0.0205)
2025-07-22,7,5-3-2,1-5-6,0.09747299682070437,False,1-5-6(0.0975) / 1-5-2(0.0670) / 1-6-5(0.0650) / 5-1-6(0.0626) / 1-5-3(0.0504) / 5-1-2(0.0430) / 1-2-5(0.0412) / 6-1-5(0.0357) / 5-1-3(0.0324) / 1-3-5(0.0297)
2025-07-22,8,1-3-4,1-4-2,0.18320165428501237,False,1-4-2(0.1832) / 1-2-4(0.1256) / 1-4-3(0.1246) / 1-3-4(0.0762) / 4-1-2(0.0751) / 4-1-3(0.0511) / 2-1-4(0.0471) / 1-2-3(0.0467) / 1-3-2(0.0416) / 3-1-4(0.0277)
2025-07-22,9,3-1-2,5-1-3,0.04560211679078135,False,5-1-3(0.0456) / 5-3-1(0.0452) / 5-1-2(0.0418) / 5-3-2(0.0405) / 5-2-1(0.0400) / 5-2-3(0.0391) / 1-5-3(0.0382) / 3-5-1(0.0376) / 1-5-2(0.0351) / 3-5-2(0.0338)
2025-07-22,10,1-4-6,3-2-1,0.15883874675353407,False,3-2-1(0.1588) / 3-1-2(0.1016) / 2-3-1(0.0798) / 3-2-5(0.0550) / 3-2-6(0.0531) / 1-3-2(0.0449) / 3-2-4(0.0445) / 3-5-2(0.0290) / 3-6-2(0.0279) / 2-3-5(0.0276)
2025-07-22,11,6-3-1,3-6-2,0.09403366626225064,False,3-6-2(0.0940) / 3-6-4(0.0652) / 3-6-1(0.0624) / 3-2-6(0.0618) / 6-3-2(0.0594) / 6-3-4(0.0411) / 3-4-6(0.0398) / 6-3-1(0.0394) / 3-1-6(0.0378) / 2-3-6(0.0333)
2025-07-22,12,4-1-3,1-5-3,0.14497906143915182,False,1-5-3(0.1450) / 1-5-2(0.0880) / 5-1-3(0.0801) / 1-5-4(0.0790) / 1-3-5(0.0730) / 5-1-2(0.0486) / 5-1-4(0.0436) / 1-2-5(0.0409) / 1-4-5(0.0362) / 3-1-5(0.0329)
2025-07-25,1,4-5-3,5-4-2,0.08992695788763568,False,5-4-2(0.0899) / 5-2-4(0.0713) / 4-5-2(0.0685) / 5-4-3(0.0512) / 2-5-4(0.0487) / 4-5-3(0.0390) / 4-2-5(0.0378) / 5-4-1(0.0377) / 5-3-4(0.0348) / 2-4-5(0.0340)
2025-07-25,2,3-5-1,5-4-3,0.07725241071566241,False,5-4-3(0.0773) / 4-5-3(0.0772) / 5-3-4(0.0585) / 4-3-5(0.0584) / 3-5-4(0.0498) / 3-4-5(0.0498) / 5-4-6(0.0345) / 4-5-6(0.0345) / 5-6-4(0.0214) / 4-6-5(0.0213)
2025-07-25,3,1-2-3,5-4-2,0.14476365666957527,False,5-4-2(0.1448) / 5-4-1(0.1357) / 4-5-2(0.0864) / 5-2-4(0.0840) / 4-5-1(0.0810) / 5-1-4(0.0774) / 2-5-4(0.0419) / 1-5-4(0.0384) / 5-2-1(0.0315) / 5-1-2(0.0309)
2025-07-25,4,3-1-4,1-3-2,0.1432373653424489,False,1-3-2(0.1432) / 3-1-2(0.1372) / 1-2-3(0.1359) / 2-1-3(0.1268) / 3-2-1(0.1205) / 2-3-1(0.1174) / 1-3-4(0.0117) / 3-1-4(0.0112) / 1-2-4(0.0104) / 2-1-4(0.0097)
2025-07-25,5,2-4-1,2-4-3,0.18869086308241548,False,2-4-3(0.1887) / 2-4-1(0.1786) / 2-4-5(0.1473) / 4-2-3(0.1453) / 4-2-1(0.1376) / 4-2-5(0.1135) / 2-3-4(0.0111) / 2-1-4(0.0105) / 2-5-4(0.0086) / 2-4-6(0.0073)
2025-07-25,6,2-4-5,2-5-1,0.34453132887760224,False,2-5-1(0.3445) / 2-5-6(0.1506) / 2-1-5(0.1396) / 2-5-3(0.0624) / 2-6-5(0.0539) / 5-2-1(0.0451) / 2-5-4(0.0337) / 2-3-5(0.0212) / 5-2-6(0.0197) / 2-1-6(0.0173)
2025-07-25,7,1-4-2,4-1-6,0.10781959930426904,False,4-1-6(0.1078) / 4-6-1(0.0897) / 4-1-2(0.0710) / 4-2-1(0.0529) / 4-1-5(0.0478) / 4-6-2(0.0396) / 1-4-6(0.0374) / 4-1-3(0.0365) / 4-2-6(0.0355) / 4-5-1(0.0334)
2025-07-25,8,2-1-3,1-2-3,0.2891246210993683,False,1-2-3(0.2891) / 2-1-3(0.2883) / 1-3-2(0.1093) / 2-3-1(0.1086) / 3-1-2(0.0748) / 3-2-1(0.0746) / 1-2-4(0.0095) / 2-1-4(0.0094) / 1-2-6(0.0038) / 2-1-6(0.0038)
2025-07-25,9,1-3-2,1-2-3,0.34592827963208617,False,1-2-3(0.3459) / 1-3-2(0.2099) / 1-2-6(0.1414) / 1-6-2(0.0696) / 1-3-6(0.0430) / 1-6-3(0.0349) / 1-2-5(0.0251) / 2-1-3(0.0218) / 1-2-4(0.0182) / 3-1-2(0.0130)
2025-07-25,10,1-2-3,2-1-3,0.11948536045981159,False,2-1-3(0.1195) / 2-3-1(0.0883) / 1-2-3(0.0696) / 2-1-6(0.0533) / 3-2-1(0.0463) / 2-1-4(0.0438) / 2-6-1(0.0328) / 1-2-6(0.0310) / 2-1-5(0.0296) / 2-4-1(0.0264)
2025-07-25,11,1-4-3,1-3-4,0.31116954119124063,False,1-3-4(0.3112) / 1-4-3(0.1885) / 1-3-2(0.1153) / 1-2-3(0.0560) / 3-1-4(0.0520) / 1-4-2(0.0349) / 4-1-3(0.0301) / 1-2-4(0.0279) / 1-3-5(0.0277) / 1-3-6(0.0249)
2025-07-25,12,1-2-4,3-2-5,0.03687367162433725,False,3-2-5(0.0369) / 3-2-1(0.0356) / 3-2-6(0.0355) / 3-5-2(0.0334) / 3-1-2(0.0320) / 3-6-2(0.0318) / 2-3-5(0.0272) / 2-3-1(0.0263) / 2-3-6(0.0262) / 3-5-1(0.0243)
2025-07-26,1,1-2-3,3-2-4,0.061593422414531564,False,3-2-4(0.0616) / 2-3-4(0.0583) / 3-4-2(0.0444) / 3-2-6(0.0421) / 2-3-6(0.0398) / 2-4-3(0.0392) / 4-3-2(0.0349) / 4-2-3(0.0326) / 3-2-1(0.0283) / 3-6-2(0.0277)
2025-07-26,2,1-3-2,4-3-5,0.10979043045105023,False,4-3-5(0.1098) / 4-5-3(0.1015) / 4-3-2(0.0815) / 4-2-3(0.0680) / 4-5-2(0.0638) / 4-2-5(0.0576) / 3-4-5(0.0372) / 4-3-6(0.0372) / 5-4-3(0.0338) / 4-5-6(0.0292)
2025-07-26,3,2-5-1,3-4-5,0.3830867867074118,False,3-4-5(0.3831) / 4-3-5(0.2042) / 3-4-2(0.0937) / 3-5-4(0.0637) / 3-4-1(0.0617) / 4-3-2(0.0499) / 4-3-1(0.0329) / 5-3-4(0.0243) / 4-5-3(0.0172) / 3-2-4(0.0143)
2025-07-26,4,1-2-4,5-4-6,0.26176841247102245,False,5-4-6(0.2618) / 5-4-2(0.1508) / 4-5-6(0.1083) / 5-4-3(0.0893) / 5-6-4(0.0641) / 4-5-2(0.0624) / 4-5-3(0.0370) / 5-4-1(0.0352) / 5-2-4(0.0351) / 6-5-4(0.0207)
2025-07-26,5,3-1-5,4-3-5,0.1290260861615831,False,4-3-5(0.1290) / 4-5-3(0.1176) / 3-4-5(0.1113) / 5-4-3(0.0970) / 3-5-4(0.0800) / 5-3-4(0.0766) / 4-3-2(0.0320) / 3-4-2(0.0276) / 4-5-2(0.0258) / 5-4-2(0.0213)
2025-07-26,6,1-2-3,2-3-1,0.27865092078501336,False,2-3-1(0.2787) / 2-3-4(0.1991) / 3-2-1(0.1115) / 3-2-4(0.0797) / 2-1-3(0.0694) / 2-3-5(0.0576) / 2-4-3(0.0479) / 3-2-5(0.0231) / 1-2-3(0.0219) / 4-2-3(0.0150)
2025-07-26,7,1-2-3,1-2-5,0.18503305168853454,False,1-2-5(0.1850) / 2-1-5(0.1243) / 1-2-3(0.0870) / 1-5-2(0.0826) / 2-1-3(0.0584) / 1-2-4(0.0434) / 5-1-2(0.0427) / 2-5-1(0.0345) / 1-3-2(0.0344) / 2-1-4(0.0291)
2025-07-26,8,3-1-4,3-1-4,0.22037475964391354,True,3-1-4(0.2204) / 1-3-4(0.1821) / 3-1-2(0.0778) / 3-4-1(0.0750) / 1-3-2(0.0643) / 1-4-3(0.0494) / 4-3-1(0.0428) / 3-1-6(0.0370) / 4-1-3(0.0341) / 1-3-6(0.0306)
2025-07-26,9,1-3-6,1-6-4,0.15484446439223418,False,1-6-4(0.1548) / 6-1-4(0.1478) / 1-6-3(0.1091) / 6-1-3(0.1041) / 1-4-6(0.0578) / 6-4-1(0.0522) / 1-3-6(0.0384) / 4-1-6(0.0368) / 6-3-1(0.0348) / 4-6-1(0.0348)
2025-07-26,10,3-1-4,3-1-6,0.2092061461383864,False,3-1-6(0.2092) / 3-6-1(0.1460) / 3-1-5(0.0956) / 3-1-2(0.0584) / 3-5-1(0.0556) / 1-3-6(0.0438) / 3-6-5(0.0367) / 3-1-4(0.0335) / 3-2-1(0.0322) / 3-5-6(0.0306)
2025-07-26,12,1-6-3,4-5-1,0.07832028904278934,False,4-5-1(0.0783) / 5-4-1(0.0746) / 4-1-5(0.0503) / 5-1-4(0.0450) / 4-5-6(0.0443) / 5-4-6(0.0422) / 4-5-2(0.0414) / 5-4-2(0.0394) / 1-4-5(0.0378) / 1-5-4(0.0356)
2025-07-27,1,4-6-2,6-1-4,0.16263028261188314,False,6-1-4(0.1626) / 6-4-1(0.1157) / 1-6-4(0.0895) / 6-1-2(0.0606) / 4-6-1(0.0573) / 6-1-3(0.0398) / 6-2-1(0.0343) / 1-6-2(0.0334) / 1-4-6(0.0296) / 4-1-6(0.0266)
2025-07-27,2,2-3-1,4-3-1,0.18055973711494094,False,4-3-1(0.1806) / 3-4-1(0.1340) / 4-1-3(0.0730) / 4-3-2(0.0593) / 4-3-6(0.0585) / 3-4-2(0.0440) / 3-4-6(0.0434) / 1-4-3(0.0398) / 3-1-4(0.0381) / 4-3-5(0.0380)
2025-07-27,3,3-2-4,2-6-3,0.05879634376350656,False,2-6-3(0.0588) / 6-2-3(0.0574) / 2-3-6(0.0494) / 6-3-2(0.0467) / 3-2-6(0.0434) / 2-6-4(0.0434) / 6-2-4(0.0424) / 3-6-2(0.0420) / 2-4-6(0.0329) / 6-4-2(0.0312)
2025-07-27,4,2-6-5,5-4-6,0.10306513947577196,False,5-4-6(0.1031) / 5-6-4(0.0762) / 5-4-3(0.0717) / 5-4-2(0.0669) / 5-4-1(0.0666) / 5-3-4(0.0493) / 5-2-4(0.0455) / 5-1-4(0.0453) / 4-5-6(0.0278) / 5-6-3(0.0258)
2025-07-27,5,2-3-5,4-3-2,0.13314601902819245,False,4-3-2(0.1331) / 4-2-3(0.1004) / 4-3-1(0.0978) / 3-4-2(0.0764) / 4-1-3(0.0667) / 3-4-1(0.0561) / 2-4-3(0.0524) / 4-2-1(0.0457) / 4-1-2(0.0413) / 1-4-3(0.0335)
2025-07-27,6,4-2-5,2-4-1,0.33979447257991297,False,2-4-1(0.3398) / 4-2-1(0.2134) / 2-1-4(0.1872) / 1-2-4(0.0993) / 4-1-2(0.0617) / 1-4-2(0.0521) / 2-4-3(0.0085) / 4-2-3(0.0054) / 2-4-5(0.0033) / 2-3-4(0.0031)
2025-07-27,7,1-2-3,1-2-5,0.1168779951578704,False,1-2-5(0.1169) / 2-1-5(0.1064) / 1-5-2(0.0976) / 5-1-2(0.0812) / 2-5-1(0.0770) / 5-2-1(0.0703) / 1-2-3(0.0269) / 1-2-4(0.0258) / 2-1-3(0.0245) / 2-1-4(0.0235)
2025-07-27,8,1-3-4,1-3-5,0.19829380031663743,False,1-3-5(0.1983) / 1-3-4(0.1677) / 3-1-5(0.1156) / 3-1-4(0.0978) / 1-5-3(0.0613) / 1-3-2(0.0544) / 1-4-3(0.0507) / 3-1-2(0.0317) / 5-1-3(0.0264) / 4-1-3(0.0217)
2025-07-27,9,1-4-2,1-2-5,0.17571928027615166,False,1-2-5(0.1757) / 1-5-2(0.1625) / 2-1-5(0.0564) / 5-1-2(0.0513) / 1-2-4(0.0499) / 1-5-4(0.0407) / 1-2-3(0.0366) / 1-4-2(0.0329) / 1-5-3(0.0298) / 1-4-5(0.0290)
2025-07-27,10,1-2-4,1-3-5,0.2520821534286946,False,1-3-5(0.2521) / 1-3-2(0.1920) / 1-5-3(0.1522) / 1-2-3(0.1082) / 1-3-4(0.0640) / 1-5-2(0.0497) / 1-2-5(0.0464) / 1-4-3(0.0316) / 1-5-4(0.0166) / 1-4-5(0.0136)
2025-07-27,11,1-3-4,3-4-6,0.20636974484824286,False,3-4-6(0.2064) / 3-4-1(0.1750) / 4-3-6(0.0913) / 4-3-1(0.0775) / 3-6-4(0.0726) / 3-1-4(0.0602) / 3-4-5(0.0466) / 3-4-2(0.0325) / 6-3-4(0.0258) / 1-3-4(0.0212)
2025-07-27,12,1-2-4,5-3-2,0.13388140232792012,False,5-3-2(0.1339) / 5-3-1(0.1204) / 5-2-3(0.0819) / 3-5-2(0.0764) / 5-1-3(0.0717) / 3-5-1(0.0687) / 2-5-3(0.0399) / 1-5-3(0.0345) / 5-2-1(0.0309) / 5-1-2(0.0301)
2025-07-28,2,3-2-5,2-1-3,0.2841416246622165,False,2-1-3(0.2841) / 2-3-1(0.1967) / 2-1-5(0.0868) / 2-1-6(0.0461) / 2-5-1(0.0460) / 1-2-3(0.0450) / 2-3-5(0.0355) / 3-2-1(0.0301) / 2-5-3(0.0271) / 2-1-4(0.0269)
2025-07-28,3,4-6-1,4-6-3,0.2757912836624415,False,4-6-3(0.2758) / 4-3-6(0.1838) / 4-6-1(0.0969) / 4-6-2(0.0900) / 4-1-6(0.0515) / 4-2-6(0.0474) / 4-3-1(0.0349) / 4-3-2(0.0324) / 6-4-3(0.0289) / 4-1-3(0.0278)
2025-07-28,5,3-1-5,1-5-3,0.09518446295702913,False,1-5-3(0.0952) / 1-3-5(0.0912) / 5-1-3(0.0620) / 1-5-2(0.0598) / 3-1-5(0.0584) / 1-3-2(0.0530) / 1-2-5(0.0480) / 1-2-3(0.0444) / 5-1-2(0.0390) / 3-1-2(0.0339)
2025-07-28,6,1-3-2,3-1-5,0.3108143934594966,False,3-1-5(0.3108) / 3-1-4(0.2788) / 3-1-2(0.0650) / 1-3-5(0.0633) / 1-3-4(0.0567) / 3-1-6(0.0565) / 3-5-1(0.0463) / 3-4-1(0.0413) / 1-3-2(0.0132) / 1-3-6(0.0115)
2025-07-28,9,1-3-2,1-2-5,0.20102405228749146,False,1-2-5(0.2010) / 1-2-4(0.1693) / 1-2-3(0.1615) / 2-1-5(0.0803) / 2-1-4(0.0677) / 2-1-3(0.0646) / 1-5-2(0.0511) / 1-4-2(0.0424) / 1-3-2(0.0403) / 5-1-2(0.0161)
2025-07-28,11,3-1-4,6-3-1,0.16131274246431238,False,6-3-1(0.1613) / 6-1-3(0.1419) / 3-6-1(0.0752) / 1-6-3(0.0638) / 6-3-4(0.0517) / 6-3-2(0.0478) / 6-1-4(0.0372) / 6-1-2(0.0344) / 6-4-3(0.0332) / 6-2-3(0.0304)
2025-07-29,2,3-4-5,5-1-4,0.11003453643696495,False,5-1-4(0.1100) / 5-1-3(0.0952) / 5-4-1(0.0952) / 5-3-1(0.0781) / 5-4-3(0.0619) / 5-3-4(0.0587) / 1-5-4(0.0504) / 1-5-3(0.0436) / 4-5-1(0.0418) / 3-5-1(0.0337)
2025-07-29,3,1-3-5,1-5-4,0.3591368827020576,False,1-5-4(0.3591) / 5-1-4(0.1246) / 1-4-5(0.1066) / 1-5-3(0.0985) / 1-5-6(0.0694) / 5-1-3(0.0342) / 4-1-5(0.0307) / 1-3-5(0.0256) / 5-1-6(0.0241) / 1-6-5(0.0178)
2025-07-29,4,6-2-4,3-6-2,0.32566108280858774,False,3-6-2(0.3257) / 6-3-2(0.3201) / 3-2-6(0.0496) / 3-6-1(0.0492) / 6-3-1(0.0484) / 6-2-3(0.0479) / 2-3-6(0.0280) / 2-6-3(0.0275) / 3-6-4(0.0160) / 6-3-4(0.0157)
2025-07-29,5,1-3-4,4-2-1,0.21752613421320735,False,4-2-1(0.2175) / 2-4-1(0.1460) / 4-2-3(0.0888) / 4-1-2(0.0837) / 2-4-3(0.0596) / 1-4-2(0.0420) / 4-2-6(0.0388) / 2-1-4(0.0351) / 4-3-2(0.0301) / 1-2-4(0.0263)
2025-07-29,6,6-1-5,6-5-1,0.268319360324681,False,6-5-1(0.2683) / 6-5-3(0.1371) / 6-5-2(0.1270) / 5-6-1(0.1144) / 5-6-3(0.0585) / 5-6-2(0.0541) / 6-1-5(0.0537) / 6-5-4(0.0265) / 6-3-5(0.0262) / 6-2-5(0.0242)
2025-07-29,7,1-3-6,3-6-4,0.20469726650367892,False,3-6-4(0.2047) / 6-3-4(0.1433) / 3-6-1(0.1138) / 6-3-1(0.0797) / 3-4-6(0.0759) / 4-3-6(0.0389) / 3-1-6(0.0386) / 6-4-3(0.0350) / 4-6-3(0.0256) / 3-6-5(0.0239)
2025-07-29,8,1-3-4,3-1-2,0.2562868243613125,False,3-1-2(0.2563) / 3-1-4(0.1481) / 1-3-2(0.1302) / 3-2-1(0.0978) / 1-3-4(0.0752) / 3-4-1(0.0515) / 2-3-1(0.0395) / 1-2-3(0.0227) / 4-3-1(0.0202) / 2-1-3(0.0181)
2025-07-29,9,1-4-2,1-2-6,0.20010007516660616,False,1-2-6(0.2001) / 1-2-4(0.1593) / 2-1-6(0.0834) / 1-6-2(0.0771) / 2-1-4(0.0664) / 1-2-3(0.0619) / 1-4-2(0.0593) / 1-2-5(0.0309) / 6-1-2(0.0264) / 2-1-3(0.0258)
2025-07-29,11,1-3-5,4-1-2,0.044968122032111396,False,4-1-2(0.0450) / 4-2-1(0.0443) / 1-4-2(0.0431) / 2-4-1(0.0421) / 1-2-4(0.0399) / 2-1-4(0.0395) / 4-1-5(0.0332) / 1-4-5(0.0318) / 4-2-5(0.0317) / 2-4-5(0.0301)
2025-07-29,12,2-3-5,5-1-3,0.14078806645067302,False,5-1-3(0.1408) / 1-5-3(0.1125) / 5-1-2(0.0779) / 5-3-1(0.0645) / 1-5-2(0.0622) / 5-1-6(0.0437) / 1-3-5(0.0394) / 3-5-1(0.0380) / 1-5-6(0.0349) / 5-2-1(0.0325)
2025-07-30,1,3-2-5,3-4-2,0.047598796301952066,False,3-4-2(0.0476) / 3-2-4(0.0454) / 4-3-2(0.0430) / 2-3-4(0.0399) / 4-2-3(0.0356) / 2-4-3(0.0346) / 3-4-1(0.0345) / 4-3-1(0.0311) / 3-2-1(0.0298) / 3-1-4(0.0293)
2025-07-30,2,4-2-6,6-2-3,0.20840172647407976,False,6-2-3(0.2084) / 6-2-1(0.1851) / 6-3-2(0.1031) / 6-1-2(0.0894) / 6-2-5(0.0554) / 2-6-3(0.0498) / 2-6-1(0.0442) / 6-3-1(0.0277) / 6-1-3(0.0270) / 6-5-2(0.0236)
2025-07-30,3,1-2-6,6-2-3,0.23795012708918617,False,6-2-3(0.2380) / 6-2-1(0.2053) / 6-2-4(0.1320) / 6-3-2(0.0887) / 6-1-2(0.0751) / 6-2-5(0.0572) / 6-4-2(0.0463) / 6-5-2(0.0193) / 2-6-3(0.0149) / 6-3-1(0.0140)
2025-07-30,4,1-6-5,6-1-2,0.10514109389913721,False,6-1-2(0.1051) / 1-6-2(0.0972) / 6-1-5(0.0576) / 6-2-1(0.0563) / 1-6-5(0.0533) / 1-2-6(0.0472) / 2-6-1(0.0387) / 2-1-6(0.0352) / 6-1-4(0.0333) / 1-6-4(0.0308)
2025-07-30,5,3-1-6,1-3-6,0.12038621847475284,False,1-3-6(0.1204) / 1-3-2(0.1113) / 1-6-3(0.0710) / 3-1-6(0.0667) / 1-2-3(0.0644) / 3-1-2(0.0617) / 1-3-4(0.0395) / 6-1-3(0.0332) / 2-1-3(0.0300) / 1-3-5(0.0275)
2025-07-30,6,1-2-3,1-2-5,0.17948046560073602,False,1-2-5(0.1795) / 2-1-5(0.1602) / 1-5-2(0.1085) / 2-5-1(0.0825) / 5-1-2(0.0779) / 5-2-1(0.0664) / 1-2-4(0.0361) / 2-1-4(0.0322) / 1-2-3(0.0243) / 2-1-3(0.0217)
2025-07-30,7,2-1-6,1-2-6,0.2565817431678656,False,1-2-6(0.2566) / 2-1-6(0.1752) / 1-2-5(0.1465) / 2-1-5(0.1001) / 1-2-4(0.0663) / 2-1-4(0.0453) / 1-2-3(0.0421) / 1-6-2(0.0300) / 2-1-3(0.0288) / 1-5-2(0.0167)
2025-07-30,8,2-1-4,1-4-5,0.40668986009552843,False,1-4-5(0.4067) / 1-5-4(0.2733) / 1-4-2(0.0578) / 4-1-5(0.0376) / 1-4-3(0.0309) / 1-2-4(0.0266) / 5-1-4(0.0248) / 1-5-2(0.0240) / 1-4-6(0.0170) / 1-2-5(0.0165)
2025-07-30,10,1-3-2,1-3-4,0.09929652413734137,False,1-3-4(0.0993) / 1-4-3(0.0861) / 1-3-6(0.0589) / 1-3-2(0.0518) / 3-1-4(0.0491) / 1-6-3(0.0440) / 4-1-3(0.0406) / 1-4-6(0.0380) / 1-2-3(0.0379) / 1-4-2(0.0335)
2025-07-30,11,1-3-4,2-4-6,0.024160754285636785,False,2-4-6(0.0242) / 4-2-6(0.0238) / 2-4-1(0.0232) / 2-6-4(0.0229) / 4-2-1(0.0228) / 4-6-2(0.0222) / 6-2-4(0.0218) / 2-1-4(0.0217) / 6-4-2(0.0214) / 4-1-2(0.0210)
2025-07-30,12,1-3-2,3-2-5,0.1029442967807753,False,3-2-5(0.1029) / 3-5-2(0.1011) / 2-3-5(0.0767) / 5-3-2(0.0746) / 2-5-3(0.0485) / 5-2-3(0.0481) / 3-2-1(0.0451) / 3-5-1(0.0430) / 2-3-1(0.0336) / 3-1-2(0.0329)
2025-08-04,1,5-2-1,3-5-1,0.03701139948040057,False,3-5-1(0.0370) / 3-1-5(0.0363) / 5-3-1(0.0345) / 1-3-5(0.0335) / 5-1-3(0.0307) / 1-5-3(0.0303) / 3-5-2(0.0254) / 3-1-2(0.0239) / 5-3-2(0.0237) / 1-3-2(0.0220)
2025-08-04,2,3-5-6,4-6-5,0.033059538097570035,False,4-6-5(0.0331) / 4-6-2(0.0310) / 6-4-5(0.0299) / 6-4-2(0.0281) / 4-6-1(0.0271) / 4-5-6(0.0262) / 6-4-1(0.0245) / 4-2-6(0.0243) / 4-6-3(0.0215) / 6-5-4(0.0210)
2025-08-04,3,3-1-6,6-1-3,0.03678197517015922,False,6-1-3(0.0368) / 6-3-1(0.0352) / 6-1-4(0.0314) / 6-4-1(0.0287) / 1-6-3(0.0272) / 6-3-4(0.0266) / 3-6-1(0.0254) / 6-4-3(0.0254) / 1-6-4(0.0233) / 6-1-5(0.0230)
2025-08-04,4,2-1-3,6-5-2,0.13122471630432078,False,6-5-2(0.1312) / 6-2-5(0.1287) / 5-6-2(0.0965) / 2-6-5(0.0939) / 5-2-6(0.0588) / 2-5-6(0.0583) / 6-5-4(0.0227) / 6-2-4(0.0217) / 6-5-3(0.0185) / 6-2-3(0.0177)
2025-08-04,5,3-5-4,5-3-4,0.06168832265513426,False,5-3-4(0.0617) / 5-4-3(0.0538) / 5-3-2(0.0516) / 5-2-3(0.0426) / 3-5-4(0.0424) / 5-3-1(0.0363) / 3-5-2(0.0354) / 4-5-3(0.0347) / 5-4-2(0.0329) / 5-2-4(0.0311)
2025-08-04,6,2-3-6,6-3-1,0.0809598328251006,False,6-3-1(0.0810) / 6-3-2(0.0792) / 6-3-5(0.0611) / 3-6-1(0.0604) / 3-6-2(0.0590) / 6-1-3(0.0463) / 3-6-5(0.0455) / 6-2-3(0.0451) / 6-5-3(0.0333) / 1-6-3(0.0272)
2025-08-04,8,1-2-4,1-4-5,0.1080261153904548,False,1-4-5(0.1080) / 1-4-2(0.0841) / 4-1-5(0.0788) / 1-5-4(0.0665) / 4-1-2(0.0613) / 1-2-4(0.0488) / 5-1-4(0.0398) / 4-5-1(0.0330) / 1-4-6(0.0308) / 2-1-4(0.0284)
2025-08-04,9,1-4-3,5-4-6,0.023745594465503977,False,5-4-6(0.0237) / 4-5-6(0.0231) / 5-6-4(0.0218) / 4-6-5(0.0204) / 5-4-3(0.0203) / 6-5-4(0.0199) / 4-5-3(0.0198) / 5-4-1(0.0193) / 6-4-5(0.0192) / 4-5-1(0.0187)
2025-08-04,10,1-3-4,3-1-2,0.0527611883066713,False,3-1-2(0.0528) / 1-3-2(0.0479) / 3-2-1(0.0466) / 2-3-1(0.0394) / 1-2-3(0.0372) / 2-1-3(0.0345) / 3-1-5(0.0302) / 1-3-5(0.0274) / 3-5-1(0.0228) / 3-2-5(0.0206)
2025-08-04,11,3-2-1,3-1-2,0.03314831239664095,False,3-1-2(0.0331) / 3-2-1(0.0324) / 1-3-2(0.0300) / 2-3-1(0.0289) / 3-1-5(0.0268) / 1-2-3(0.0256) / 2-1-3(0.0253) / 3-2-5(0.0249) / 3-5-1(0.0244) / 1-3-5(0.0243)
2025-08-04,12,1-5-2,2-5-3,0.02498504046207597,False,2-5-3(0.0250) / 2-3-5(0.0242) / 5-2-3(0.0240) / 3-2-5(0.0227) / 2-5-1(0.0225) / 5-3-2(0.0220) / 5-2-1(0.0216) / 3-5-2(0.0215) / 2-1-5(0.0210) / 2-3-1(0.0199)
2025-08-05,1,1-2-6,4-6-2,0.15435584120415496,False,4-6-2(0.1544) / 4-6-1(0.1095) / 4-2-6(0.0904) / 6-4-2(0.0786) / 4-1-6(0.0593) / 6-4-1(0.0558) / 4-6-3(0.0549) / 2-4-6(0.0395) / 6-4-3(0.0280) / 4-3-6(0.0273)
2025-08-05,2,1-4-6,5-6-2,0.0323352653424857,False,5-6-2(0.0323) / 5-6-4(0.0322) / 6-5-2(0.0320) / 6-5-4(0.0318) / 5-2-6(0.0257) / 5-4-6(0.0256) / 6-2-5(0.0251) / 6-4-5(0.0249) / 5-6-3(0.0238) / 6-5-3(0.0236)
2025-08-05,3,1-3-4,4-6-1,0.03588939377257045,False,4-6-1(0.0359) / 4-6-5(0.0347) / 4-1-6(0.0343) / 4-5-6(0.0329) / 4-1-5(0.0290) / 4-5-1(0.0287) / 4-6-3(0.0275) / 4-3-6(0.0246) / 6-4-1(0.0239) / 6-4-5(0.0231)
2025-08-05,5,3-4-6,4-3-6,0.17136508735801237,False,4-3-6(0.1714) / 3-4-6(0.1304) / 4-3-1(0.0856) / 4-6-3(0.0765) / 3-4-1(0.0652) / 4-3-2(0.0466) / 6-4-3(0.0435) / 3-6-4(0.0419) / 3-4-2(0.0354) / 4-1-3(0.0341)
2025-08-05,6,1-3-4,4-5-1,0.0697322552660489,False,4-5-1(0.0697) / 4-1-5(0.0598) / 4-5-3(0.0515) / 5-4-1(0.0498) / 4-3-5(0.0403) / 1-4-5(0.0398) / 5-4-3(0.0367) / 4-1-3(0.0319) / 4-3-1(0.0291) / 5-1-4(0.0276)
2025-08-05,7,1-3-2,3-1-6,0.08395736015529505,False,3-1-6(0.0840) / 3-6-1(0.0689) / 1-3-6(0.0642) / 3-1-2(0.0534) / 6-3-1(0.0480) / 1-3-2(0.0408) / 3-2-1(0.0383) / 1-6-3(0.0368) / 6-1-3(0.0335) / 3-6-2(0.0302)
2025-08-05,8,1-4-5,1-4-2,0.1274443610192235,False,1-4-2(0.1274) / 4-1-2(0.1208) / 1-2-4(0.0693) / 4-2-1(0.0613) / 1-4-3(0.0579) / 4-1-3(0.0549) / 2-1-4(0.0494) / 2-4-1(0.0461) / 1-4-5(0.0385) / 4-1-5(0.0365)
2025-08-05,9,1-5-2,1-2-5,0.2527406295635291,False,1-2-5(0.2527) / 1-5-2(0.1257) / 2-1-5(0.1080) / 1-2-6(0.0996) / 5-1-2(0.0461) / 1-2-3(0.0426) / 2-1-6(0.0425) / 1-6-2(0.0417) / 2-5-1(0.0195) / 1-5-6(0.0187)
2025-08-05,10,1-6-5,6-1-2,0.049499574722953174,False,6-1-2(0.0495) / 6-2-1(0.0472) / 1-6-2(0.0433) / 2-6-1(0.0402) / 1-2-6(0.0344) / 2-1-6(0.0334) / 6-1-4(0.0292) / 1-6-4(0.0255) / 6-2-4(0.0252) / 6-4-1(0.0236)
2025-08-05,11,1-2-4,5-3-4,0.04233882897870201,False,5-3-4(0.0423) / 3-5-4(0.0351) / 5-4-3(0.0346) / 5-3-1(0.0303) / 5-3-2(0.0290) / 5-3-6(0.0264) / 4-5-3(0.0257) / 3-5-1(0.0252) / 3-5-2(0.0241) / 5-1-3(0.0230)
2025-08-05,12,1-3-2,1-2-6,0.03980543066615817,False,1-2-6(0.0398) / 2-1-6(0.0382) / 1-6-2(0.0367) / 6-1-2(0.0334) / 2-6-1(0.0332) / 6-2-1(0.0315) / 1-2-3(0.0264) / 2-1-3(0.0253) / 1-3-2(0.0215) / 1-6-3(0.0203)
2025-08-06,1,1-2-3,1-2-4,0.029571952081988366,False,1-2-4(0.0296) / 1-2-3(0.0286) / 2-1-4(0.0271) / 1-4-2(0.0266) / 2-1-3(0.0262) / 1-3-2(0.0255) / 4-1-2(0.0228) / 2-4-1(0.0218) / 3-1-2(0.0217) / 2-3-1(0.0209)
2025-08-06,2,1-2-6,5-6-3,0.18258048693786097,False,5-6-3(0.1826) / 5-3-6(0.1354) / 5-6-2(0.0684) / 6-5-3(0.0675) / 5-6-1(0.0546) / 3-5-6(0.0469) / 5-2-6(0.0403) / 5-1-6(0.0314) / 5-3-2(0.0313) / 6-5-2(0.0253)
2025-08-06,3,2-6-4,2-6-4,0.05279085282692705,True,2-6-4(0.0528) / 6-2-4(0.0518) / 2-4-6(0.0392) / 6-4-2(0.0374) / 2-6-1(0.0341) / 6-2-1(0.0334) / 4-2-6(0.0321) / 4-6-2(0.0313) / 2-6-5(0.0300) / 6-2-5(0.0294)
2025-08-06,4,1-2-3,5-3-6,0.056985853880744085,False,5-3-6(0.0570) / 5-6-3(0.0553) / 5-3-1(0.0427) / 5-6-1(0.0386) / 5-1-3(0.0377) / 3-5-6(0.0372) / 6-5-3(0.0356) / 5-1-6(0.0351) / 3-5-1(0.0278) / 6-5-1(0.0249)
2025-08-06,5,1-2-5,3-5-2,0.12907035718999385,False,3-5-2(0.1291) / 5-3-2(0.0926) / 3-2-5(0.0924) / 2-3-5(0.0579) / 3-5-1(0.0465) / 5-2-3(0.0427) / 2-5-3(0.0373) / 3-5-6(0.0352) / 5-3-1(0.0334) / 3-1-5(0.0265)
2025-08-06,6,1-3-2,4-1-3,0.07619725989968064,False,4-1-3(0.0762) / 1-4-3(0.0696) / 4-1-2(0.0584) / 1-4-2(0.0533) / 4-3-1(0.0519) / 1-3-4(0.0421) / 3-4-1(0.0387) / 4-2-1(0.0372) / 3-1-4(0.0344) / 4-1-6(0.0326)
2025-08-06,7,2-5-4,5-2-1,0.09232498246823594,False,5-2-1(0.0923) / 5-1-2(0.0865) / 5-2-4(0.0635) / 5-1-4(0.0523) / 5-4-2(0.0521) / 2-5-1(0.0519) / 1-5-2(0.0475) / 5-4-1(0.0458) / 2-5-4(0.0357) / 5-2-3(0.0290)
2025-08-06,8,1-2-4,1-4-2,0.11892892995426523,False,1-4-2(0.1189) / 4-1-2(0.0869) / 1-4-6(0.0666) / 1-2-4(0.0643) / 1-4-5(0.0556) / 4-1-6(0.0487) / 4-1-5(0.0406) / 2-1-4(0.0370) / 1-6-4(0.0326) / 4-2-1(0.0323)
2025-08-06,9,1-3-6,3-6-1,0.08008393711492187,False,3-6-1(0.0801) / 3-1-6(0.0726) / 3-6-4(0.0612) / 3-4-6(0.0517) / 3-6-5(0.0507) / 3-1-4(0.0429) / 3-5-6(0.0412) / 3-4-1(0.0399) / 3-6-2(0.0369) / 3-1-5(0.0355)
2025-08-06,10,1-2-3,1-3-2,0.07045730574806586,False,1-3-2(0.0705) / 1-2-3(0.0615) / 3-1-2(0.0560) / 2-1-3(0.0456) / 3-2-1(0.0358) / 1-3-4(0.0353) / 2-3-1(0.0334) / 3-1-4(0.0280) / 1-4-3(0.0255) / 1-2-4(0.0235)
2025-08-06,11,1-2-5,5-1-2,0.07076416302742311,False,5-1-2(0.0708) / 5-2-1(0.0680) / 1-5-2(0.0597) / 2-5-1(0.0560) / 1-2-5(0.0447) / 2-1-5(0.0437) / 5-1-6(0.0264) / 5-2-6(0.0236) / 1-5-6(0.0223) / 5-1-3(0.0206)
2025-08-06,12,1-2-4,1-5-2,0.059027458968453045,False,1-5-2(0.0590) / 1-2-5(0.0578) / 5-1-2(0.0565) / 2-1-5(0.0547) / 5-2-1(0.0518) / 2-5-1(0.0512) / 1-5-4(0.0250) / 5-1-4(0.0239) / 1-2-4(0.0236) / 2-1-4(0.0223)
2025-08-07,1,1-3-5,1-6-5,0.02332964448827012,False,1-6-5(0.0233) / 1-5-6(0.0226) / 1-6-4(0.0221) / 1-4-6(0.0210) / 6-1-5(0.0201) / 1-5-4(0.0193) / 5-1-6(0.0190) / 6-1-4(0.0190) / 1-4-5(0.0190) / 4-1-6(0.0175)
2025-08-07,2,1-3-2,1-5-2,0.04008368030485419,False,1-5-2(0.0401) / 1-5-3(0.0388) / 1-2-5(0.0370) / 1-3-5(0.0355) / 1-5-6(0.0329) / 5-1-2(0.0310) / 5-1-3(0.0300) / 1-2-3(0.0290) / 1-3-2(0.0287) / 1-6-5(0.0286)
2025-08-07,3,3-5-6,3-5-2,0.12302898645053136,False,3-5-2(0.1230) / 5-3-2(0.1081) / 3-2-5(0.0759) / 3-5-6(0.0729) / 5-3-6(0.0640) / 5-2-3(0.0562) / 2-3-5(0.0533) / 2-5-3(0.0450) / 3-6-5(0.0394) / 5-6-3(0.0298)
2025-08-07,4,1-3-6,6-2-3,0.04507419590664395,False,6-2-3(0.0451) / 6-3-2(0.0440) / 6-2-5(0.0339) / 2-6-3(0.0336) / 3-6-2(0.0324) / 6-3-5(0.0312) / 6-5-2(0.0302) / 6-5-3(0.0285) / 2-6-5(0.0252) / 3-6-5(0.0229)
2025-08-07,5,1-2-3,6-2-5,0.028232835725099686,False,6-2-5(0.0282) / 2-6-5(0.0270) / 6-2-3(0.0270) / 2-6-3(0.0258) / 6-5-2(0.0251) / 6-3-2(0.0236) / 2-5-6(0.0227) / 5-6-2(0.0222) / 2-3-6(0.0214) / 5-2-6(0.0209)
2025-08-07,6,3-6-5,4-1-6,0.03535971473318464,False,4-1-6(0.0354) / 4-6-1(0.0342) / 1-4-6(0.0313) / 6-4-1(0.0296) / 1-6-4(0.0257) / 6-1-4(0.0252) / 4-1-3(0.0248) / 4-6-3(0.0220) / 1-4-3(0.0219) / 4-3-1(0.0215)
2025-08-07,7,1-4-5,1-4-3,0.10412323651846997,False,1-4-3(0.1041) / 4-1-3(0.1006) / 1-4-5(0.0671) / 4-1-5(0.0648) / 1-3-4(0.0544) / 4-3-1(0.0503) / 3-1-4(0.0383) / 3-4-1(0.0367) / 1-5-4(0.0322) / 4-5-1(0.0299)
2025-08-07,8,1-5-3,1-2-4,0.08950720451912833,False,1-2-4(0.0895) / 2-1-4(0.0819) / 1-4-2(0.0646) / 2-4-1(0.0524) / 4-1-2(0.0498) / 4-2-1(0.0442) / 1-2-5(0.0367) / 2-1-5(0.0336) / 1-2-6(0.0301) / 2-1-6(0.0276)
2025-08-07,9,1-3-6,2-3-1,0.06145041404681763,False,2-3-1(0.0615) / 3-2-1(0.0550) / 2-3-4(0.0527) / 2-1-3(0.0476) / 3-2-4(0.0472) / 2-4-3(0.0390) / 1-2-3(0.0370) / 3-1-2(0.0369) / 1-3-2(0.0321) / 3-4-2(0.0305)
2025-08-07,10,1-4-3,1-3-6,0.046736731902952036,False,1-3-6(0.0467) / 3-1-6(0.0467) / 1-6-3(0.0390) / 3-6-1(0.0389) / 6-1-3(0.0347) / 6-3-1(0.0347) / 1-3-5(0.0324) / 3-1-5(0.0324) / 1-5-3(0.0243) / 3-5-1(0.0243)
2025-08-07,11,1-2-3,5-2-1,0.021961517424609705,False,5-2-1(0.0220) / 5-1-2(0.0217) / 2-5-1(0.0207) / 1-5-2(0.0203) / 5-2-4(0.0191) / 2-1-5(0.0189) / 1-2-5(0.0187) / 5-1-4(0.0182) / 5-4-2(0.0181) / 2-5-4(0.0180)
2025-08-07,12,1-3-4,3-2-4,0.1680141080712969,False,3-2-4(0.1680) / 2-3-4(0.1393) / 3-4-2(0.0961) / 3-2-1(0.0732) / 4-3-2(0.0633) / 2-4-3(0.0621) / 2-3-1(0.0607) / 4-2-3(0.0493) / 3-1-2(0.0346) / 2-1-3(0.0232)
2025-08-08,1,1-5-2,2-1-4,0.050526324745745255,False,2-1-4(0.0505) / 1-2-4(0.0502) / 2-4-1(0.0412) / 1-4-2(0.0406) / 2-1-3(0.0400) / 1-2-3(0.0397) / 4-2-1(0.0361) / 4-1-2(0.0358) / 2-3-1(0.0304) / 1-3-2(0.0299)
2025-08-08,3,1-2-5,4-3-1,0.06828900375153014,False,4-3-1(0.0683) / 4-1-3(0.0671) / 3-4-1(0.0487) / 1-4-3(0.0475) / 4-3-5(0.0418) / 4-1-5(0.0397) / 4-5-3(0.0347) / 4-5-1(0.0335) / 3-1-4(0.0300) / 3-4-5(0.0298)
2025-08-08,4,1-2-4,1-3-4,0.0617619399932612,False,1-3-4(0.0618) / 1-4-3(0.0533) / 1-3-6(0.0404) / 1-3-2(0.0397) / 3-1-4(0.0350) / 1-3-5(0.0349) / 1-6-3(0.0316) / 1-2-3(0.0309) / 4-1-3(0.0285) / 1-5-3(0.0266)
2025-08-08,5,1-2-5,1-6-5,0.04434193126448268,False,1-6-5(0.0443) / 1-5-6(0.0412) / 6-1-5(0.0375) / 5-1-6(0.0334) / 6-5-1(0.0278) / 5-6-1(0.0266) / 1-6-3(0.0264) / 1-6-2(0.0235) / 6-1-3(0.0223) / 1-3-6(0.0213)
2025-08-08,6,1-2-3,6-3-2,0.037391643045720194,False,6-3-2(0.0374) / 6-3-1(0.0367) / 6-2-3(0.0331) / 6-1-3(0.0323) / 3-6-2(0.0312) / 3-6-1(0.0306) / 2-6-3(0.0257) / 1-6-3(0.0250) / 6-2-1(0.0236) / 6-1-2(0.0234)
2025-08-08,7,1-2-4,5-6-1,0.06152251692547233,False,5-6-1(0.0615) / 5-1-6(0.0601) / 6-5-1(0.0439) / 1-5-6(0.0424) / 5-6-3(0.0380) / 5-1-3(0.0352) / 5-3-6(0.0317) / 5-3-1(0.0301) / 6-1-5(0.0272) / 6-5-3(0.0271)
2025-08-08,8,1-4-2,1-2-4,0.17860693668041322,False,1-2-4(0.1786) / 1-4-2(0.1311) / 1-2-5(0.0822) / 2-1-4(0.0786) / 4-1-2(0.0533) / 1-5-2(0.0491) / 1-2-3(0.0412) / 1-4-5(0.0371) / 2-1-5(0.0362) / 1-5-4(0.0302)
2025-08-08,9,2-5-1,1-3-4,0.043121568231352804,False,1-3-4(0.0431) / 1-3-6(0.0416) / 1-4-3(0.0393) / 1-6-3(0.0376) / 1-3-2(0.0301) / 3-1-4(0.0294) / 1-4-6(0.0294) / 1-6-4(0.0291) / 3-1-6(0.0284) / 4-1-3(0.0257)
2025-08-08,10,4-3-6,1-6-5,0.08574144912753598,False,1-6-5(0.0857) / 6-1-5(0.0668) / 1-5-6(0.0559) / 1-6-3(0.0478) / 1-6-2(0.0455) / 6-1-3(0.0373) / 5-1-6(0.0359) / 6-1-2(0.0354) / 6-5-1(0.0321) / 1-6-4(0.0316)
2025-08-08,11,3-1-4,1-3-2,0.04454541121655609,False,1-3-2(0.0445) / 3-1-2(0.0392) / 1-3-4(0.0380) / 1-2-3(0.0365) / 3-1-4(0.0335) / 1-4-3(0.0299) / 2-1-3(0.0287) / 3-2-1(0.0274) / 2-3-1(0.0244) / 4-1-3(0.0229)
2025-08-08,12,1-3-2,5-3-4,0.047675278135755665,False,5-3-4(0.0477) / 3-5-4(0.0433) / 5-3-2(0.0416) / 5-4-3(0.0391) / 3-5-2(0.0378) / 5-2-3(0.0328) / 4-5-3(0.0316) / 3-4-5(0.0313) / 4-3-5(0.0278) / 3-2-5(0.0264)
2025-08-10,1,3-4-2,3-6-1,0.1343569989108352,False,3-6-1(0.1344) / 3-1-6(0.1122) / 6-3-1(0.0876) / 1-3-6(0.0682) / 3-6-4(0.0464) / 6-1-3(0.0405) / 1-6-3(0.0378) / 6-3-4(0.0302) / 3-1-4(0.0292) / 3-4-6(0.0291)
2025-08-10,2,2-1-4,1-5-4,0.0518337165389414,False,1-5-4(0.0518) / 1-5-3(0.0511) / 5-1-4(0.0448) / 5-1-3(0.0441) / 1-5-2(0.0372) / 1-4-5(0.0371) / 1-3-5(0.0364) / 5-1-2(0.0321) / 5-4-1(0.0268) / 4-1-5(0.0267)
2025-08-10,3,1-2-5,2-6-5,0.017404881294284306,False,2-6-5(0.0174) / 2-5-6(0.0173) / 2-6-3(0.0164) / 6-2-5(0.0164) / 5-2-6(0.0161) / 2-3-6(0.0160) / 2-5-3(0.0158) / 2-3-5(0.0156) / 6-2-3(0.0154) / 6-5-2(0.0150)
2025-08-10,4,1-4-3,3-6-2,0.1592808813234874,False,3-6-2(0.1593) / 6-3-2(0.1126) / 3-2-6(0.1008) / 2-3-6(0.0599) / 3-6-1(0.0578) / 6-2-3(0.0453) / 6-3-1(0.0409) / 2-6-3(0.0381) / 3-6-4(0.0336) / 3-1-6(0.0294)
2025-08-10,5,3-2-6,6-4-1,0.21318619208819384,False,6-4-1(0.2132) / 6-4-3(0.2131) / 4-6-1(0.1019) / 4-6-3(0.1018) / 6-4-5(0.0839) / 4-6-5(0.0401) / 6-1-4(0.0391) / 6-3-4(0.0390) / 6-4-2(0.0351) / 4-6-2(0.0168)
2025-08-10,6,1-2-3,3-1-2,0.34103174706291545,False,3-1-2(0.3410) / 3-1-5(0.1544) / 3-1-4(0.1391) / 1-3-2(0.0868) / 3-2-1(0.0729) / 1-3-5(0.0393) / 1-3-4(0.0354) / 3-5-1(0.0311) / 3-4-1(0.0279) / 2-3-1(0.0157)
2025-08-10,7,1-2-3,6-1-4,0.11059994566224411,False,6-1-4(0.1106) / 6-4-1(0.0786) / 6-1-2(0.0763) / 6-1-3(0.0685) / 1-6-4(0.0543) / 6-2-1(0.0497) / 6-3-1(0.0438) / 1-6-2(0.0374) / 4-6-1(0.0348) / 1-6-3(0.0336)
2025-08-10,8,1-5-4,1-2-4,0.3186054464596336,False,1-2-4(0.3186) / 1-2-3(0.2113) / 2-1-4(0.0792) / 1-4-2(0.0662) / 1-2-5(0.0570) / 1-2-6(0.0570) / 2-1-3(0.0525) / 1-3-2(0.0424) / 2-1-5(0.0142) / 2-1-6(0.0142)
2025-08-10,9,1-4-5,1-4-5,0.06524701745879966,True,1-4-5(0.0652) / 1-4-2(0.0628) / 1-4-6(0.0556) / 1-5-4(0.0554) / 1-2-4(0.0528) / 1-6-4(0.0455) / 1-5-2(0.0342) / 1-2-5(0.0339) / 1-5-6(0.0304) / 1-6-5(0.0292)
2025-08-10,10,1-2-6,1-2-5,0.02971762379131268,False,1-2-5(0.0297) / 1-5-2(0.0287) / 2-1-5(0.0245) / 1-2-3(0.0234) / 5-1-2(0.0231) / 1-2-6(0.0221) / 1-3-2(0.0211) / 1-5-3(0.0203) / 1-6-2(0.0196) / 2-1-3(0.0192)
2025-08-10,11,1-5-3,1-2-3,0.05654273891114496,False,1-2-3(0.0565) / 1-2-4(0.0558) / 1-2-5(0.0479) / 2-1-3(0.0439) / 2-1-4(0.0434) / 1-3-2(0.0429) / 1-4-2(0.0423) / 2-1-5(0.0372) / 1-5-2(0.0350) / 3-1-2(0.0290)
2025-08-10,12,1-5-2,1-2-4,0.10056672716775128,False,1-2-4(0.1006) / 2-1-4(0.0805) / 1-2-6(0.0738) / 1-2-3(0.0656) / 2-1-6(0.0591) / 2-1-3(0.0525) / 1-4-2(0.0476) / 1-2-5(0.0334) / 1-6-2(0.0334) / 2-4-1(0.0295)
2025-08-11,1,2-1-3,2-1-6,0.10310579462655745,False,2-1-6(0.1031) / 1-2-6(0.0735) / 2-1-4(0.0705) / 2-1-3(0.0678) / 2-6-1(0.0553) / 1-2-4(0.0502) / 1-2-3(0.0483) / 2-4-1(0.0355) / 2-3-1(0.0340) / 6-2-1(0.0309)
2025-08-11,2,2-6-5,6-5-3,0.0818201948456496,False,6-5-3(0.0818) / 5-6-3(0.0655) / 6-5-2(0.0646) / 5-6-2(0.0517) / 6-3-5(0.0493) / 6-5-1(0.0432) / 6-2-5(0.0371) / 5-6-1(0.0345) / 3-6-5(0.0313) / 5-3-6(0.0302)
2025-08-11,3,4-2-3,4-3-5,0.10225317456808737,False,4-3-5(0.1023) / 4-5-3(0.0846) / 3-4-5(0.0573) / 4-3-1(0.0445) / 5-4-3(0.0443) / 4-3-6(0.0421) / 4-1-3(0.0302) / 4-3-2(0.0300) / 4-6-3(0.0284) / 4-5-1(0.0254)
2025-08-11,4,5-4-2,5-4-1,0.04027797771412346,False,5-4-1(0.0403) / 5-1-4(0.0389) / 4-5-1(0.0349) / 1-5-4(0.0330) / 4-1-5(0.0277) / 1-4-5(0.0271) / 5-4-6(0.0243) / 5-1-6(0.0217) / 4-5-6(0.0210) / 5-4-2(0.0207)
2025-08-11,5,4-5-6,4-6-1,0.1096768763962913,False,4-6-1(0.1097) / 4-6-5(0.1013) / 4-1-6(0.0653) / 4-5-6(0.0594) / 6-4-1(0.0564) / 6-4-5(0.0521) / 4-6-3(0.0506) / 4-6-2(0.0408) / 1-4-6(0.0287) / 4-3-6(0.0270)
2025-08-11,6,5-1-2,5-2-1,0.21002271865554836,False,5-2-1(0.2100) / 5-2-4(0.1812) / 2-5-1(0.0817) / 5-1-2(0.0749) / 2-5-4(0.0705) / 5-4-2(0.0633) / 5-2-6(0.0481) / 5-2-3(0.0403) / 1-5-2(0.0240) / 4-5-2(0.0201)
2025-08-11,7,5-1-2,4-5-1,0.23237651183339278,False,4-5-1(0.2324) / 4-5-2(0.1761) / 4-1-5(0.1142) / 5-4-1(0.0834) / 4-2-5(0.0813) / 5-4-2(0.0632) / 1-4-5(0.0358) / 4-1-2(0.0297) / 4-2-1(0.0279) / 2-4-5(0.0251)
2025-08-11,8,1-6-3,1-6-5,0.10731162542878825,False,1-6-5(0.1073) / 1-5-6(0.0966) / 1-6-3(0.0824) / 1-3-6(0.0677) / 1-5-3(0.0600) / 1-3-5(0.0547) / 6-1-5(0.0456) / 5-1-6(0.0398) / 6-1-3(0.0350) / 1-6-2(0.0344)
2025-08-11,9,1-3-5,3-6-2,0.07165010713313774,False,3-6-2(0.0717) / 3-2-6(0.0703) / 3-6-1(0.0560) / 3-2-1(0.0527) / 3-1-6(0.0500) / 3-1-2(0.0480) / 6-3-2(0.0438) / 2-3-6(0.0427) / 6-3-1(0.0343) / 2-3-1(0.0320)
2025-08-11,10,1-3-2,1-3-4,0.19770357897876853,False,1-3-4(0.1977) / 1-4-3(0.1819) / 3-1-4(0.0890) / 4-1-3(0.0801) / 1-3-6(0.0319) / 1-3-2(0.0295) / 3-4-1(0.0271) / 4-3-1(0.0265) / 1-4-6(0.0262) / 1-4-2(0.0242)
2025-08-11,11,1-4-3,6-1-4,0.27094662168116834,False,6-1-4(0.2709) / 6-4-1(0.1717) / 1-6-4(0.0939) / 6-1-5(0.0593) / 4-6-1(0.0546) / 6-1-3(0.0546) / 6-5-1(0.0280) / 6-3-1(0.0257) / 1-6-5(0.0205) / 6-4-5(0.0203)
2025-08-11,12,1-3-2,6-3-5,0.06894336090279031,False,6-3-5(0.0689) / 6-5-3(0.0671) / 3-6-5(0.0509) / 5-6-3(0.0489) / 6-3-4(0.0339) / 3-5-6(0.0325) / 5-3-6(0.0321) / 6-5-4(0.0313) / 6-3-1(0.0292) / 6-5-1(0.0269)
2025-08-12,1,2-6-1,5-1-6,0.089859447073366,False,5-1-6(0.0899) / 5-6-1(0.0760) / 5-1-2(0.0755) / 5-2-1(0.0607) / 5-1-3(0.0556) / 5-6-2(0.0437) / 5-3-1(0.0417) / 5-2-6(0.0415) / 1-5-6(0.0390) / 1-5-2(0.0328)
2025-08-12,2,3-4-1,4-5-3,0.1709344824564177,False,4-5-3(0.1709) / 4-3-5(0.1278) / 4-5-1(0.0888) / 5-4-3(0.0664) / 4-1-5(0.0555) / 4-5-2(0.0530) / 3-4-5(0.0464) / 4-3-1(0.0409) / 5-4-1(0.0345) / 4-1-3(0.0342)
2025-08-12,3,1-4-5,5-3-1,0.0787719760246475,False,5-3-1(0.0788) / 5-3-6(0.0677) / 5-1-3(0.0672) / 5-6-3(0.0548) / 3-5-1(0.0537) / 3-5-6(0.0461) / 1-5-3(0.0427) / 5-1-6(0.0417) / 5-6-1(0.0396) / 6-5-3(0.0340)
2025-08-12,4,2-3-1,5-2-3,0.06025269200492874,False,5-2-3(0.0603) / 5-3-2(0.0556) / 2-5-3(0.0467) / 5-2-6(0.0449) / 3-5-2(0.0413) / 5-6-2(0.0374) / 5-3-6(0.0348) / 2-5-6(0.0348) / 5-6-3(0.0315) / 2-3-5(0.0306)
2025-08-12,5,5-2-4,5-2-6,0.135942139689798,False,5-2-6(0.1359) / 2-5-6(0.1245) / 5-2-1(0.0982) / 2-5-1(0.0899) / 5-6-2(0.0503) / 5-2-3(0.0429) / 2-6-5(0.0417) / 2-5-3(0.0393) / 5-1-2(0.0347) / 6-5-2(0.0309)
2025-08-12,6,3-4-6,3-4-6,0.18174625534416636,True,3-4-6(0.1817) / 3-6-4(0.1631) / 3-4-2(0.0954) / 3-6-2(0.0721) / 3-2-4(0.0681) / 4-3-6(0.0584) / 3-2-6(0.0573) / 6-3-4(0.0513) / 4-3-2(0.0307) / 6-3-2(0.0227)
2025-08-12,7,4-3-1,1-6-2,0.17246757474168506,False,1-6-2(0.1725) / 6-1-2(0.1414) / 1-6-5(0.0941) / 6-1-5(0.0772) / 1-2-6(0.0723) / 6-2-1(0.0467) / 2-1-6(0.0428) / 1-5-6(0.0357) / 2-6-1(0.0337) / 6-5-1(0.0235)
2025-08-12,8,1-3-4,3-6-4,0.037471285349898985,False,3-6-4(0.0375) / 3-6-2(0.0362) / 3-4-6(0.0338) / 3-2-6(0.0323) / 3-6-5(0.0310) / 3-5-6(0.0267) / 6-3-4(0.0260) / 6-3-2(0.0250) / 3-4-2(0.0239) / 3-2-4(0.0237)
2025-08-12,9,1-2-5,5-2-4,0.06776363031286431,False,5-2-4(0.0678) / 2-5-4(0.0673) / 5-2-1(0.0529) / 2-5-1(0.0526) / 5-4-2(0.0402) / 2-4-5(0.0397) / 5-2-6(0.0317) / 2-5-6(0.0315) / 4-5-2(0.0301) / 5-1-2(0.0299)
2025-08-12,10,5-3-2,3-6-1,0.07239196896901011,False,3-6-1(0.0724) / 6-3-1(0.0707) / 3-1-6(0.0567) / 6-1-3(0.0535) / 1-3-6(0.0481) / 1-6-3(0.0465) / 3-6-5(0.0365) / 6-3-5(0.0357) / 3-6-2(0.0299) / 6-3-2(0.0292)
2025-08-12,11,1-4-2,4-1-2,0.2396261716548306,False,4-1-2(0.2396) / 1-4-2(0.1452) / 4-1-5(0.0813) / 4-2-1(0.0792) / 4-1-3(0.0586) / 1-4-5(0.0492) / 4-1-6(0.0382) / 2-4-1(0.0358) / 1-4-3(0.0355) / 1-2-4(0.0271)
2025-08-12,12,3-5-4,3-4-2,0.05445229557982255,False,3-4-2(0.0545) / 3-4-5(0.0532) / 4-3-2(0.0435) / 4-3-5(0.0425) / 3-2-4(0.0422) / 3-5-4(0.0409) / 3-4-6(0.0392) / 4-3-6(0.0313) / 2-3-4(0.0295) / 5-3-4(0.0285)
2025-08-13,1,4-1-3,4-5-3,0.06055132578247359,False,4-5-3(0.0606) / 5-4-3(0.0563) / 4-5-1(0.0510) / 5-4-1(0.0475) / 4-3-5(0.0466) / 5-3-4(0.0394) / 3-4-5(0.0374) / 4-1-5(0.0373) / 3-5-4(0.0340) / 5-1-4(0.0317)
2025-08-13,2,4-1-3,2-4-3,0.055843687243112276,False,2-4-3(0.0558) / 4-2-3(0.0553) / 2-3-4(0.0505) / 4-3-2(0.0492) / 3-2-4(0.0469) / 3-4-2(0.0462) / 2-4-6(0.0390) / 4-2-6(0.0386) / 2-6-4(0.0310) / 4-6-2(0.0302)
2025-08-13,3,1-3-2,3-1-6,0.04546099255842206,False,3-1-6(0.0455) / 3-6-1(0.0434) / 3-1-2(0.0410) / 3-2-1(0.0378) / 3-6-2(0.0349) / 1-3-6(0.0348) / 3-2-6(0.0337) / 6-3-1(0.0324) / 1-3-2(0.0314) / 2-3-1(0.0277)
2025-08-13,5,1-3-4,3-2-1,0.18654768139740596,False,3-2-1(0.1865) / 2-3-1(0.1716) / 3-1-2(0.0777) / 3-2-4(0.0678) / 2-1-3(0.0644) / 2-3-4(0.0624) / 1-3-2(0.0502) / 1-2-3(0.0452) / 3-4-2(0.0241) / 3-2-5(0.0218)
2025-08-13,6,1-2-3,4-6-3,0.08206690245234888,False,4-6-3(0.0821) / 6-4-3(0.0750) / 4-6-1(0.0580) / 4-6-2(0.0536) / 6-4-1(0.0531) / 6-4-2(0.0490) / 4-3-6(0.0429) / 6-3-4(0.0352) / 4-6-5(0.0290) / 4-1-6(0.0287)
2025-08-13,7,3-1-5,1-6-3,0.10439537651729247,False,1-6-3(0.1044) / 1-6-5(0.0882) / 6-1-3(0.0865) / 6-1-5(0.0731) / 1-3-6(0.0594) / 1-5-6(0.0483) / 6-3-1(0.0391) / 3-1-6(0.0383) / 6-5-1(0.0320) / 5-1-6(0.0305)
2025-08-13,8,1-3-2,1-4-2,0.14931180000744682,False,1-4-2(0.1493) / 1-4-3(0.1351) / 4-1-2(0.1113) / 4-1-3(0.1007) / 1-2-4(0.0610) / 1-3-4(0.0542) / 1-4-6(0.0377) / 2-1-4(0.0332) / 4-2-1(0.0324) / 3-1-4(0.0292)
2025-08-13,9,3-6-1,6-3-4,0.09663953605582064,False,6-3-4(0.0966) / 6-3-1(0.0805) / 3-6-4(0.0660) / 6-3-5(0.0595) / 3-6-1(0.0550) / 6-4-3(0.0506) / 6-3-2(0.0445) / 6-1-3(0.0409) / 3-6-5(0.0406) / 3-6-2(0.0304)
2025-08-13,10,1-4-2,4-1-2,0.11935421823944337,False,4-1-2(0.1194) / 4-2-1(0.1096) / 1-4-2(0.0982) / 2-4-1(0.0866) / 1-2-4(0.0667) / 2-1-4(0.0640) / 4-1-3(0.0253) / 1-4-3(0.0208) / 4-2-3(0.0205) / 2-4-3(0.0162)
2025-08-13,11,1-4-5,2-1-4,0.13215936536190534,False,2-1-4(0.1322) / 2-1-6(0.1306) / 1-2-4(0.0926) / 1-2-6(0.0915) / 2-4-1(0.0593) / 2-6-1(0.0584) / 2-1-3(0.0427) / 4-2-1(0.0313) / 6-2-1(0.0308) / 1-2-3(0.0299)
2025-08-13,12,1-4-5,1-6-4,0.06703061667265456,False,1-6-4(0.0670) / 6-1-4(0.0657) / 1-4-6(0.0532) / 6-4-1(0.0508) / 4-1-6(0.0456) / 4-6-1(0.0444) / 1-6-5(0.0318) / 6-1-5(0.0312) / 1-6-3(0.0291) / 6-1-3(0.0285)
2025-08-17,1,1-2-4,1-4-5,0.04199047464160802,False,1-4-5(0.0420) / 1-5-4(0.0403) / 4-1-5(0.0328) / 5-1-4(0.0308) / 1-4-3(0.0304) / 1-3-4(0.0264) / 1-5-3(0.0262) / 1-3-5(0.0238) / 4-1-3(0.0238) / 4-5-1(0.0228)
2025-08-17,2,1-2-6,5-6-3,0.12210595848962508,False,5-6-3(0.1221) / 5-3-6(0.1054) / 6-5-3(0.0726) / 5-6-2(0.0629) / 3-5-6(0.0595) / 5-2-6(0.0440) / 5-3-2(0.0424) / 6-5-2(0.0374) / 5-2-3(0.0343) / 6-3-5(0.0312)
2025-08-17,3,1-3-4,2-4-6,0.0758340876613623,False,2-4-6(0.0758) / 4-2-6(0.0722) / 2-6-4(0.0700) / 6-2-4(0.0636) / 4-6-2(0.0618) / 6-4-2(0.0590) / 2-4-3(0.0385) / 4-2-3(0.0367) / 2-6-3(0.0312) / 6-2-3(0.0284)
2025-08-17,4,3-1-5,2-3-6,0.1618943662091127,False,2-3-6(0.1619) / 2-6-3(0.1367) / 3-2-6(0.0880) / 6-2-3(0.0704) / 2-3-5(0.0360) / 2-3-1(0.0348) / 3-6-2(0.0324) / 6-3-2(0.0307) / 2-6-5(0.0236) / 2-6-1(0.0228)
2025-08-17,5,1-2-6,6-2-4,0.09612302008855594,False,6-2-4(0.0961) / 2-6-4(0.0861) / 6-4-2(0.0798) / 4-6-2(0.0649) / 2-4-6(0.0609) / 4-2-6(0.0553) / 6-2-1(0.0495) / 2-6-1(0.0444) / 6-1-2(0.0331) / 6-4-1(0.0306)
2025-08-17,6,1-2-3,6-1-2,0.10799444493659449,False,6-1-2(0.1080) / 6-2-1(0.0906) / 1-6-2(0.0787) / 2-6-1(0.0612) / 1-2-6(0.0427) / 2-1-6(0.0396) / 6-1-3(0.0379) / 6-1-5(0.0285) / 1-6-3(0.0277) / 6-3-1(0.0244)
2025-08-17,7,1-3-5,3-5-4,0.06788567235046886,False,3-5-4(0.0679) / 3-4-5(0.0632) / 5-3-4(0.0498) / 4-3-5(0.0448) / 5-4-3(0.0305) / 4-5-3(0.0295) / 3-5-6(0.0294) / 3-5-1(0.0272) / 3-4-6(0.0236) / 3-6-5(0.0220)
2025-08-17,8,1-4-2,1-2-4,0.06339885252871111,False,1-2-4(0.0634) / 1-4-2(0.0614) / 2-1-4(0.0494) / 4-1-2(0.0471) / 1-2-3(0.0469) / 1-4-3(0.0426) / 1-3-2(0.0405) / 1-3-4(0.0380) / 2-1-3(0.0365) / 2-4-1(0.0338)
2025-08-17,9,2-1-6,2-1-3,0.14104059610805653,False,2-1-3(0.1410) / 2-3-1(0.1351) / 1-2-3(0.1284) / 3-2-1(0.1204) / 1-3-2(0.1045) / 3-1-2(0.1023) / 2-1-5(0.0162) / 1-2-5(0.0148) / 2-3-5(0.0147) / 3-2-5(0.0131)
2025-08-17,10,1-2-3,2-1-3,0.14980301683969102,False,2-1-3(0.1498) / 2-1-5(0.1016) / 2-3-1(0.0987) / 1-2-3(0.0796) / 2-5-1(0.0604) / 1-2-5(0.0539) / 3-2-1(0.0461) / 2-3-5(0.0331) / 2-5-3(0.0299) / 5-2-1(0.0272)
2025-08-17,11,1-2-3,1-5-3,0.13764113843318224,False,1-5-3(0.1376) / 5-1-3(0.1055) / 1-5-2(0.0863) / 5-1-2(0.0661) / 1-3-5(0.0622) / 1-5-4(0.0398) / 1-5-6(0.0377) / 1-2-5(0.0362) / 3-1-5(0.0353) / 5-3-1(0.0349)
2025-08-17,12,1-2-4,6-2-3,0.10126004856010955,False,6-2-3(0.1013) / 2-6-3(0.0980) / 6-3-2(0.0627) / 2-3-6(0.0582) / 3-6-2(0.0475) / 3-2-6(0.0455) / 6-2-4(0.0423) / 2-6-4(0.0409) / 6-2-5(0.0384) / 2-6-5(0.0372)
2025-08-18,1,1-2-4,4-2-1,0.07781463141058677,False,4-2-1(0.0778) / 4-1-2(0.0589) / 2-4-1(0.0584) / 4-2-6(0.0413) / 1-4-2(0.0389) / 4-2-3(0.0346) / 2-4-6(0.0310) / 2-1-4(0.0308) / 4-2-5(0.0302) / 4-6-2(0.0272)
2025-08-18,2,1-4-5,5-3-6,0.05490590534761593,False,5-3-6(0.0549) / 3-5-6(0.0538) / 5-6-3(0.0488) / 3-6-5(0.0464) / 6-5-3(0.0444) / 6-3-5(0.0432) / 5-3-1(0.0400) / 3-5-1(0.0392) / 5-1-3(0.0317) / 3-1-5(0.0303)
2025-08-18,3,3-2-6,4-5-6,0.059383700275642326,False,4-5-6(0.0594) / 4-6-5(0.0515) / 5-4-6(0.0418) / 4-5-3(0.0392) / 6-4-5(0.0339) / 4-3-5(0.0305) / 4-5-2(0.0281) / 5-4-3(0.0276) / 4-5-1(0.0263) / 4-6-3(0.0244)
2025-08-18,4,5-6-1,3-6-5,0.22353796134211026,False,3-6-5(0.2235) / 3-5-6(0.1209) / 3-6-1(0.1154) / 6-3-5(0.0965) / 3-1-6(0.0542) / 6-3-1(0.0499) / 5-3-6(0.0454) / 3-6-2(0.0278) / 3-5-1(0.0253) / 3-1-5(0.0220)
2025-08-18,5,1-4-2,4-2-3,0.11102638385562602,False,4-2-3(0.1110) / 4-3-2(0.1062) / 4-2-5(0.0664) / 4-3-5(0.0584) / 2-4-3(0.0559) / 4-5-2(0.0527) / 3-4-2(0.0527) / 4-5-3(0.0485) / 2-4-5(0.0334) / 3-4-5(0.0290)
2025-08-18,6,1-3-4,3-6-5,0.0937786676318554,False,3-6-5(0.0938) / 3-6-1(0.0925) / 6-3-5(0.0840) / 6-3-1(0.0829) / 3-5-6(0.0518) / 3-1-6(0.0510) / 6-5-3(0.0406) / 6-1-3(0.0400) / 5-3-6(0.0351) / 1-3-6(0.0344)
2025-08-18,7,1-3-2,5-2-3,0.15554072563189944,False,5-2-3(0.1555) / 2-5-3(0.1186) / 5-2-1(0.0992) / 5-3-2(0.0785) / 2-5-1(0.0756) / 3-5-2(0.0461) / 5-1-2(0.0456) / 2-3-5(0.0428) / 3-2-5(0.0330) / 1-5-2(0.0256)
2025-08-18,8,1-4-2,4-1-2,0.16446520730937292,False,4-1-2(0.1645) / 1-4-2(0.1201) / 4-2-1(0.0844) / 4-1-5(0.0656) / 4-1-3(0.0606) / 2-4-1(0.0483) / 1-4-5(0.0479) / 1-4-3(0.0442) / 1-2-4(0.0418) / 2-1-4(0.0327)
2025-08-18,9,1-2-3,5-6-1,0.07014299058934749,False,5-6-1(0.0701) / 5-1-6(0.0611) / 6-5-1(0.0583) / 5-6-2(0.0503) / 1-5-6(0.0472) / 6-5-2(0.0418) / 6-1-5(0.0394) / 5-2-6(0.0391) / 1-6-5(0.0367) / 5-1-2(0.0335)
2025-08-18,10,1-4-3,2-1-5,0.23882093759453663,False,2-1-5(0.2388) / 1-2-5(0.1488) / 2-1-6(0.1168) / 2-1-4(0.0755) / 1-2-6(0.0728) / 2-5-1(0.0532) / 1-2-4(0.0470) / 2-1-3(0.0362) / 2-6-1(0.0246) / 5-2-1(0.0231)
2025-08-18,11,1-2-4,1-5-6,0.054497351118556546,False,1-5-6(0.0545) / 1-6-5(0.0486) / 1-5-2(0.0444) / 1-5-3(0.0379) / 1-2-5(0.0374) / 5-1-6(0.0327) / 1-3-5(0.0309) / 1-6-2(0.0292) / 6-1-5(0.0278) / 1-2-6(0.0276)
2025-08-18,12,1-5-6,1-3-2,0.22094400264365532,False,1-3-2(0.2209) / 3-1-2(0.1270) / 1-2-3(0.1007) / 1-3-5(0.0619) / 1-3-4(0.0590) / 2-1-3(0.0465) / 3-1-5(0.0356) / 3-1-4(0.0339) / 1-3-6(0.0301) / 3-2-1(0.0298)
2025-08-19,1,1-2-4,6-1-5,0.05448334117027068,False,6-1-5(0.0545) / 1-6-5(0.0473) / 6-5-1(0.0411) / 6-1-3(0.0370) / 1-6-3(0.0321) / 6-1-4(0.0309) / 5-6-1(0.0306) / 1-5-6(0.0299) / 1-6-4(0.0268) / 5-1-6(0.0256)
2025-08-19,2,1-6-2,2-6-4,0.11169918980541164,False,2-6-4(0.1117) / 2-6-3(0.0947) / 2-6-1(0.0894) / 2-4-6(0.0657) / 6-2-4(0.0546) / 2-3-6(0.0540) / 2-1-6(0.0505) / 6-2-3(0.0463) / 6-2-1(0.0437) / 4-2-6(0.0275)
2025-08-19,3,4-3-5,4-3-2,0.2609691272234811,False,4-3-2(0.2610) / 4-3-5(0.1405) / 3-4-2(0.1084) / 4-2-3(0.0820) / 4-3-6(0.0635) / 3-4-5(0.0584) / 4-5-3(0.0410) / 4-3-1(0.0326) / 2-4-3(0.0274) / 3-4-6(0.0264)
2025-08-19,4,3-6-5,5-3-2,0.08205104919916587,False,5-3-2(0.0821) / 3-5-2(0.0712) / 5-3-1(0.0632) / 5-3-6(0.0595) / 3-5-1(0.0548) / 3-5-6(0.0516) / 5-2-3(0.0418) / 5-3-4(0.0326) / 5-1-3(0.0309) / 3-2-5(0.0307)
2025-08-19,5,5-6-2,6-5-1,0.2353530293600863,False,6-5-1(0.2354) / 6-1-5(0.1604) / 6-5-3(0.0739) / 6-5-2(0.0602) / 5-6-1(0.0478) / 6-5-4(0.0454) / 6-3-5(0.0398) / 6-2-5(0.0319) / 1-6-5(0.0311) / 6-1-3(0.0276)
2025-08-19,6,5-1-4,2-4-1,0.1684831471815673,False,2-4-1(0.1685) / 4-2-1(0.1679) / 2-1-4(0.0951) / 4-1-2(0.0944) / 1-2-4(0.0726) / 1-4-2(0.0723) / 2-4-6(0.0291) / 4-2-6(0.0290) / 2-4-5(0.0220) / 4-2-5(0.0219)
2025-08-19,7,6-2-3,1-2-6,0.08240239485337279,False,1-2-6(0.0824) / 1-6-2(0.0808) / 2-1-6(0.0787) / 6-1-2(0.0764) / 2-6-1(0.0717) / 6-2-1(0.0709) / 1-2-3(0.0383) / 2-1-3(0.0365) / 1-6-3(0.0365) / 6-1-3(0.0344)
2025-08-19,8,1-4-2,1-4-2,0.14968090073442838,True,1-4-2(0.1497) / 4-1-2(0.1191) / 1-4-3(0.0891) / 4-1-3(0.0709) / 1-4-5(0.0614) / 1-2-4(0.0524) / 4-1-5(0.0489) / 1-4-6(0.0398) / 4-2-1(0.0322) / 4-1-6(0.0317)
2025-08-19,9,1-3-5,6-3-1,0.08717275911091933,False,6-3-1(0.0872) / 3-6-1(0.0738) / 6-1-3(0.0522) / 6-3-5(0.0473) / 6-3-4(0.0422) / 3-6-5(0.0400) / 6-3-2(0.0371) / 3-1-6(0.0360) / 3-6-4(0.0357) / 1-6-3(0.0347)
2025-08-19,10,1-3-2,4-1-5,0.1426950272788692,False,4-1-5(0.1427) / 4-5-1(0.1242) / 4-1-2(0.1136) / 4-2-1(0.0914) / 4-5-2(0.0747) / 4-2-5(0.0691) / 4-1-6(0.0293) / 1-4-5(0.0278) / 4-1-3(0.0244) / 5-4-1(0.0237)
2025-08-19,11,1-3-2,3-1-2,0.08101512458359074,False,3-1-2(0.0810) / 3-1-4(0.0667) / 3-2-1(0.0562) / 1-3-2(0.0526) / 3-4-1(0.0442) / 1-3-4(0.0433) / 3-1-6(0.0371) / 3-1-5(0.0370) / 2-3-1(0.0315) / 4-3-1(0.0243)
2025-08-19,12,3-2-1,1-3-6,0.08726766738722806,False,1-3-6(0.0873) / 3-1-6(0.0862) / 1-3-4(0.0711) / 3-1-4(0.0702) / 1-6-3(0.0482) / 3-6-1(0.0468) / 1-4-3(0.0376) / 3-4-1(0.0366) / 6-1-3(0.0351) / 6-3-1(0.0345)
2025-08-20,1,1-5-6,2-6-1,0.1353574792279282,False,2-6-1(0.1354) / 6-2-1(0.1330) / 2-1-6(0.0699) / 6-1-2(0.0672) / 1-2-6(0.0503) / 1-6-2(0.0492) / 2-6-5(0.0454) / 6-2-5(0.0446) / 2-6-4(0.0314) / 6-2-4(0.0309)
2025-08-20,4,3-6-5,3-5-1,0.12383693345459405,False,3-5-1(0.1238) / 3-1-5(0.0928) / 3-5-4(0.0613) / 3-5-6(0.0541) / 5-3-1(0.0517) / 3-5-2(0.0430) / 3-4-5(0.0394) / 1-3-5(0.0359) / 3-6-5(0.0342) / 3-2-5(0.0265)
2025-08-20,5,3-1-5,3-2-4,0.07347083057808959,False,3-2-4(0.0735) / 3-2-5(0.0643) / 2-3-4(0.0571) / 3-4-2(0.0517) / 2-3-5(0.0499) / 3-5-2(0.0438) / 4-3-2(0.0340) / 3-2-1(0.0298) / 2-4-3(0.0294) / 5-3-2(0.0283)
2025-08-20,6,1-2-4,6-4-2,0.17606688576883606,False,6-4-2(0.1761) / 6-4-1(0.1416) / 4-6-2(0.1145) / 4-6-1(0.0921) / 6-2-4(0.0784) / 6-1-4(0.0604) / 2-6-4(0.0394) / 4-2-6(0.0307) / 1-6-4(0.0298) / 4-1-6(0.0241)
2025-08-20,7,4-2-6,4-3-5,0.06426100799388938,False,4-3-5(0.0643) / 3-4-5(0.0537) / 4-5-3(0.0511) / 4-3-2(0.0497) / 3-4-2(0.0415) / 5-4-3(0.0378) / 4-2-3(0.0367) / 3-5-4(0.0338) / 5-3-4(0.0299) / 2-4-3(0.0261)
2025-08-20,8,1-2-4,1-5-4,0.193108938951484,False,1-5-4(0.1931) / 5-1-4(0.1115) / 1-5-3(0.0997) / 1-4-5(0.0904) / 5-1-3(0.0576) / 1-5-2(0.0442) / 4-1-5(0.0419) / 1-3-5(0.0416) / 5-4-1(0.0273) / 5-1-2(0.0255)
2025-08-20,9,1-2-4,5-2-3,0.08101575184157751,False,5-2-3(0.0810) / 2-5-3(0.0704) / 5-3-2(0.0630) / 3-5-2(0.0481) / 2-3-5(0.0453) / 5-2-1(0.0409) / 3-2-5(0.0398) / 2-5-1(0.0355) / 5-1-2(0.0267) / 5-2-4(0.0256)
2025-08-20,10,5-1-3,5-3-2,0.1756207468986377,False,5-3-2(0.1756) / 3-5-2(0.1438) / 5-3-1(0.1089) / 3-5-1(0.0892) / 5-2-3(0.0617) / 3-2-5(0.0400) / 5-3-6(0.0360) / 5-1-3(0.0358) / 2-5-3(0.0349) / 3-5-6(0.0295)
2025-08-20,11,1-2-6,6-2-5,0.08713359253138743,False,6-2-5(0.0871) / 6-5-2(0.0765) / 2-6-5(0.0765) / 5-6-2(0.0627) / 2-5-6(0.0554) / 5-2-6(0.0518) / 6-2-1(0.0318) / 6-2-3(0.0284) / 2-6-1(0.0279) / 2-6-3(0.0249)
2025-08-20,12,1-4-5,4-6-2,0.13970680275180883,False,4-6-2(0.1397) / 4-6-1(0.0961) / 4-2-6(0.0772) / 4-6-5(0.0673) / 6-4-2(0.0600) / 4-6-3(0.0531) / 4-1-6(0.0497) / 6-4-1(0.0412) / 4-5-6(0.0334) / 6-4-5(0.0289)
2025-08-21,1,1-5-2,5-4-1,0.024710925365049614,False,5-4-1(0.0247) / 5-4-2(0.0239) / 5-1-4(0.0229) / 5-2-4(0.0219) / 4-5-1(0.0218) / 4-5-2(0.0211) / 1-5-4(0.0191) / 2-5-4(0.0182) / 5-4-6(0.0179) / 5-1-2(0.0174)
2025-08-21,2,1-2-6,2-1-5,0.12277748693512847,False,2-1-5(0.1228) / 2-5-1(0.0918) / 2-1-3(0.0853) / 2-1-4(0.0803) / 2-3-1(0.0583) / 2-4-1(0.0543) / 1-2-5(0.0428) / 2-5-3(0.0351) / 2-5-4(0.0330) / 2-3-5(0.0321)
2025-08-21,3,2-6-1,5-6-2,0.16907165087140594,False,5-6-2(0.1691) / 5-6-4(0.1188) / 6-5-2(0.1050) / 6-5-4(0.0738) / 5-2-6(0.0672) / 5-6-3(0.0534) / 5-4-6(0.0448) / 6-5-3(0.0332) / 2-5-6(0.0317) / 5-6-1(0.0302)
2025-08-21,4,5-1-2,5-3-6,0.07311237649954633,False,5-3-6(0.0731) / 5-3-1(0.0679) / 5-6-3(0.0672) / 5-1-3(0.0610) / 5-3-2(0.0554) / 5-6-1(0.0505) / 5-1-6(0.0493) / 5-2-3(0.0470) / 5-6-2(0.0412) / 5-2-6(0.0381)
2025-08-21,5,5-1-6,6-5-1,0.15370167509685503,False,6-5-1(0.1537) / 5-6-1(0.1280) / 6-1-5(0.1236) / 1-6-5(0.0934) / 5-1-6(0.0779) / 1-5-6(0.0707) / 6-5-3(0.0212) / 6-5-4(0.0205) / 5-6-3(0.0176) / 5-6-4(0.0170)
2025-08-21,6,3-5-6,1-3-6,0.2611469176435632,False,1-3-6(0.2611) / 3-1-6(0.1297) / 1-3-5(0.1031) / 1-6-3(0.0800) / 1-3-4(0.0600) / 3-1-5(0.0512) / 1-3-2(0.0458) / 6-1-3(0.0307) / 3-1-4(0.0298) / 1-5-3(0.0286)
2025-08-21,7,1-6-3,1-3-6,0.14270515201448164,False,1-3-6(0.1427) / 1-6-3(0.1315) / 3-1-6(0.1229) / 6-1-3(0.1090) / 3-6-1(0.0885) / 6-3-1(0.0852) / 1-3-5(0.0241) / 3-1-5(0.0208) / 1-6-5(0.0201) / 6-1-5(0.0167)
2025-08-21,9,1-2-4,1-6-2,0.09235711947265475,False,1-6-2(0.0924) / 1-2-6(0.0883) / 1-6-5(0.0850) / 1-5-6(0.0790) / 1-2-5(0.0722) / 1-5-2(0.0702) / 1-6-3(0.0573) / 1-2-3(0.0487) / 1-3-6(0.0483) / 1-5-3(0.0436)
2025-08-21,10,2-1-6,1-2-6,0.10545830092199214,False,1-2-6(0.1055) / 1-6-2(0.0984) / 1-2-4(0.0809) / 1-4-2(0.0681) / 1-6-4(0.0660) / 1-4-6(0.0595) / 2-1-6(0.0515) / 6-1-2(0.0470) / 2-1-4(0.0395) / 6-1-4(0.0315)
2025-08-22,1,5-6-3,2-5-3,0.018427337153923792,False,2-5-3(0.0184) / 5-2-3(0.0183) / 2-5-4(0.0179) / 5-2-4(0.0178) / 2-5-1(0.0176) / 5-2-1(0.0175) / 2-3-5(0.0164) / 5-3-2(0.0160) / 2-4-5(0.0158) / 5-4-2(0.0155)
2025-08-22,2,5-1-3,1-5-3,0.14275826165336394,False,1-5-3(0.1428) / 5-1-3(0.1080) / 1-3-5(0.1055) / 3-1-5(0.0703) / 5-3-1(0.0541) / 3-5-1(0.0477) / 1-5-2(0.0358) / 1-5-4(0.0340) / 5-1-2(0.0271) / 5-1-4(0.0257)
2025-08-22,3,2-6-5,6-1-2,0.1876578011045415,False,6-1-2(0.1877) / 6-2-1(0.1491) / 1-6-2(0.1472) / 2-6-1(0.1065) / 1-2-6(0.0804) / 2-1-6(0.0732) / 6-1-3(0.0195) / 1-6-3(0.0153) / 6-1-4(0.0134) / 6-2-3(0.0118)
2025-08-22,4,1-3-4,6-4-3,0.23379487947574748,False,6-4-3(0.2338) / 6-4-2(0.1092) / 6-4-1(0.1048) / 6-3-4(0.0837) / 6-4-5(0.0733) / 4-6-3(0.0694) / 6-2-4(0.0360) / 6-1-4(0.0345) / 4-6-2(0.0324) / 4-6-1(0.0311)
2025-08-22,5,1-5-2,4-5-2,0.08669133562611303,False,4-5-2(0.0867) / 4-5-3(0.0783) / 4-2-5(0.0768) / 4-3-5(0.0672) / 4-2-3(0.0517) / 4-3-2(0.0501) / 4-5-1(0.0365) / 5-4-2(0.0305) / 4-5-6(0.0287) / 5-4-3(0.0275)
2025-08-22,6,1-3-2,6-1-3,0.17678110113802947,False,6-1-3(0.1768) / 1-6-3(0.1570) / 6-1-4(0.0965) / 1-6-4(0.0857) / 6-1-2(0.0513) / 6-3-1(0.0503) / 1-6-2(0.0456) / 1-3-6(0.0390) / 3-6-1(0.0287) / 6-1-5(0.0264)
2025-08-22,8,1-2-4,6-1-4,0.06673084090265421,False,6-1-4(0.0667) / 6-4-1(0.0618) / 1-6-4(0.0583) / 4-6-1(0.0518) / 6-1-2(0.0458) / 1-4-6(0.0445) / 4-1-6(0.0427) / 1-6-2(0.0400) / 6-2-1(0.0369) / 6-4-2(0.0368)
2025-08-22,9,1-2-4,1-6-2,0.0786684045467639,False,1-6-2(0.0787) / 1-6-3(0.0738) / 1-2-6(0.0728) / 1-3-6(0.0664) / 1-2-3(0.0584) / 1-3-2(0.0568) / 6-1-2(0.0528) / 6-1-3(0.0495) / 2-1-6(0.0472) / 3-1-6(0.0426)
2025-08-22,10,5-4-3,3-2-5,0.1951820531430375,False,3-2-5(0.1952) / 2-3-5(0.1515) / 3-2-1(0.0948) / 3-2-4(0.0800) / 2-3-1(0.0736) / 2-3-4(0.0621) / 3-5-2(0.0466) / 3-2-6(0.0369) / 2-3-6(0.0286) / 2-5-3(0.0274)
2025-08-22,11,1-2-3,1-5-6,0.06926207130982379,False,1-5-6(0.0693) / 1-6-5(0.0669) / 1-5-4(0.0470) / 1-6-4(0.0420) / 5-1-6(0.0416) / 1-4-5(0.0400) / 6-1-5(0.0396) / 1-4-6(0.0370) / 5-1-4(0.0282) / 6-1-4(0.0248)
2025-08-22,12,1-2-3,6-4-1,0.07419529304466752,False,6-4-1(0.0742) / 6-1-4(0.0645) / 6-4-2(0.0465) / 6-4-3(0.0446) / 4-6-1(0.0427) / 6-2-4(0.0358) / 1-6-4(0.0351) / 6-3-4(0.0341) / 6-1-2(0.0294) / 6-1-3(0.0282)
2025-09-03,1,2-4-1,4-2-1,0.13821734069132108,False,4-2-1(0.1382) / 4-2-3(0.1318) / 2-4-1(0.0881) / 2-4-3(0.0840) / 4-1-2(0.0602) / 4-3-2(0.0569) / 4-2-6(0.0459) / 1-4-2(0.0294) / 2-4-6(0.0293) / 3-4-2(0.0277)
2025-09-03,2,5-1-2,6-4-5,0.1752883472284188,False,6-4-5(0.1753) / 6-5-4(0.1634) / 4-6-5(0.1076) / 5-6-4(0.0980) / 4-5-6(0.0485) / 5-4-6(0.0474) / 6-4-2(0.0334) / 6-5-2(0.0284) / 6-4-1(0.0226) / 4-6-2(0.0205)
2025-09-03,3,2-1-6,6-5-2,0.034723260607596305,False,6-5-2(0.0347) / 6-2-5(0.0330) / 6-5-1(0.0312) / 5-6-2(0.0298) / 6-1-5(0.0287) / 2-6-5(0.0274) / 5-6-1(0.0268) / 6-2-1(0.0260) / 6-1-2(0.0251) / 6-5-4(0.0236)
2025-09-03,4,4-3-5,4-3-6,0.11310311840994684,False,4-3-6(0.1131) / 4-3-2(0.0924) / 4-6-3(0.0866) / 4-2-3(0.0666) / 3-4-6(0.0555) / 3-4-2(0.0453) / 4-6-2(0.0418) / 4-2-6(0.0393) / 6-4-3(0.0391) / 4-3-5(0.0298)
2025-09-03,5,5-6-2,3-2-5,0.07802282558299095,False,3-2-5(0.0780) / 3-5-2(0.0666) / 2-3-5(0.0523) / 3-2-4(0.0473) / 5-3-2(0.0416) / 3-4-2(0.0352) / 2-3-4(0.0317) / 3-5-4(0.0291) / 2-5-3(0.0266) / 3-2-6(0.0260)
2025-09-03,6,3-6-1,6-3-1,0.15875058934372202,False,6-3-1(0.1588) / 6-1-3(0.1275) / 6-3-2(0.1111) / 6-2-3(0.0794) / 6-1-2(0.0604) / 6-2-1(0.0537) / 3-6-1(0.0511) / 1-6-3(0.0393) / 3-6-2(0.0357) / 2-6-3(0.0238)
2025-09-03,7,1-6-2,1-5-2,0.030287558206581654,False,1-5-2(0.0303) / 5-1-2(0.0297) / 1-2-5(0.0281) / 5-2-1(0.0269) / 2-1-5(0.0262) / 2-5-1(0.0256) / 1-5-3(0.0191) / 5-1-3(0.0187) / 1-5-6(0.0182) / 5-1-6(0.0179)
2025-09-03,8,1-3-2,4-1-2,0.1478018453704764,False,4-1-2(0.1478) / 1-4-2(0.1373) / 4-2-1(0.1008) / 1-2-4(0.0841) / 2-4-1(0.0782) / 2-1-4(0.0702) / 4-1-3(0.0392) / 1-4-3(0.0364) / 4-3-1(0.0197) / 4-1-5(0.0193)
2025-09-03,9,1-2-3,2-1-5,0.07305439545764718,False,2-1-5(0.0731) / 2-5-1(0.0649) / 2-1-4(0.0555) / 1-2-5(0.0519) / 2-4-1(0.0449) / 5-2-1(0.0436) / 1-2-4(0.0394) / 2-5-4(0.0386) / 2-4-5(0.0351) / 1-5-2(0.0294)
2025-09-03,10,1-3-6,2-1-6,0.1043085499315885,False,2-1-6(0.1043) / 1-2-6(0.0925) / 2-6-1(0.0611) / 2-1-3(0.0590) / 1-2-3(0.0523) / 1-6-2(0.0465) / 6-2-1(0.0421) / 6-1-2(0.0362) / 2-3-1(0.0308) / 2-1-4(0.0299)
2025-09-03,11,1-4-2,1-2-3,0.0599826677432329,False,1-2-3(0.0600) / 1-3-2(0.0596) / 2-1-3(0.0453) / 3-1-2(0.0449) / 1-2-4(0.0443) / 1-3-4(0.0435) / 1-4-2(0.0392) / 1-4-3(0.0387) / 2-1-4(0.0334) / 3-1-4(0.0327)
2025-09-03,12,1-4-3,3-4-5,0.0514873940370305,False,3-4-5(0.0515) / 3-4-6(0.0495) / 3-4-2(0.0389) / 4-3-5(0.0389) / 3-5-4(0.0384) / 4-3-6(0.0374) / 3-6-4(0.0366) / 4-3-2(0.0294) / 3-2-4(0.0275) / 3-4-1(0.0252)
2025-09-04,1,1-5-6,5-1-3,0.06644485919140874,False,5-1-3(0.0664) / 5-3-1(0.0583) / 1-5-3(0.0458) / 3-5-1(0.0378) / 5-1-2(0.0368) / 5-1-6(0.0349) / 5-2-1(0.0277) / 5-6-1(0.0261) / 1-5-2(0.0253) / 1-3-5(0.0249)
2025-09-04,2,2-1-3,3-4-2,0.11808961357830663,False,3-4-2(0.1181) / 3-2-4(0.1130) / 3-4-5(0.0864) / 3-2-5(0.0762) / 3-5-4(0.0729) / 3-5-2(0.0672) / 4-3-2(0.0522) / 2-3-4(0.0494) / 4-3-5(0.0382) / 2-3-5(0.0333)
2025-09-04,3,5-6-3,6-5-1,0.07676850555520895,False,6-5-1(0.0768) / 6-1-5(0.0612) / 5-6-1(0.0573) / 1-6-5(0.0411) / 6-5-4(0.0348) / 6-5-3(0.0330) / 5-1-6(0.0313) / 6-5-2(0.0308) / 1-5-6(0.0281) / 5-6-4(0.0259)
2025-09-04,4,1-2-5,3-1-5,0.1228833464108507,False,3-1-5(0.1229) / 3-5-1(0.1163) / 1-3-5(0.0928) / 5-3-1(0.0857) / 1-5-3(0.0573) / 5-1-3(0.0559) / 3-1-6(0.0392) / 3-5-6(0.0342) / 1-3-6(0.0296) / 3-6-1(0.0258)
2025-09-04,5,5-4-6,5-4-2,0.06683222859334836,False,5-4-2(0.0668) / 5-2-4(0.0573) / 5-4-6(0.0521) / 5-4-1(0.0485) / 4-5-2(0.0436) / 5-6-4(0.0415) / 5-1-4(0.0381) / 2-5-4(0.0349) / 4-5-6(0.0339) / 4-5-1(0.0316)
2025-09-04,6,3-1-4,3-4-1,0.06737114554299094,False,3-4-1(0.0674) / 3-1-4(0.0669) / 4-3-1(0.0519) / 1-3-4(0.0514) / 4-1-3(0.0356) / 1-4-3(0.0355) / 3-4-6(0.0330) / 3-1-6(0.0324) / 3-6-4(0.0261) / 3-6-1(0.0257)
2025-09-04,7,1-5-3,5-1-6,0.09337969079717975,False,5-1-6(0.0934) / 5-6-1(0.0816) / 1-5-6(0.0629) / 6-5-1(0.0518) / 5-1-3(0.0446) / 1-6-5(0.0323) / 5-3-1(0.0317) / 6-1-5(0.0305) / 5-6-3(0.0303) / 1-5-3(0.0300)
2025-09-04,8,1-2-3,1-5-2,0.09656965248898773,False,1-5-2(0.0966) / 1-5-3(0.0880) / 1-2-5(0.0755) / 1-3-5(0.0672) / 1-5-4(0.0585) / 1-4-5(0.0412) / 1-2-3(0.0388) / 1-3-2(0.0379) / 5-1-2(0.0345) / 5-1-3(0.0314)
2025-09-04,9,1-4-2,1-2-5,0.038614918048659276,False,1-2-5(0.0386) / 2-1-5(0.0357) / 1-2-4(0.0337) / 1-5-2(0.0317) / 2-1-4(0.0312) / 1-2-3(0.0274) / 1-4-2(0.0267) / 2-5-1(0.0266) / 5-1-2(0.0260) / 2-1-3(0.0253)
2025-09-04,10,1-2-3,1-3-2,0.12111027837249363,False,1-3-2(0.1211) / 3-1-2(0.1103) / 1-2-3(0.0895) / 3-2-1(0.0712) / 2-1-3(0.0702) / 2-3-1(0.0613) / 1-3-4(0.0275) / 1-3-6(0.0263) / 3-1-4(0.0251) / 3-1-6(0.0239)
2025-09-04,11,1-3-2,4-2-1,0.04474654611067644,False,4-2-1(0.0447) / 2-4-1(0.0413) / 4-1-2(0.0401) / 1-4-2(0.0346) / 2-1-4(0.0332) / 1-2-4(0.0310) / 4-2-3(0.0307) / 2-4-3(0.0283) / 4-3-2(0.0246) / 4-2-5(0.0232)
2025-09-04,12,1-3-4,6-1-2,0.035410232354989156,False,6-1-2(0.0354) / 1-6-2(0.0353) / 6-2-1(0.0348) / 1-2-6(0.0344) / 2-6-1(0.0342) / 2-1-6(0.0340) / 6-1-5(0.0323) / 1-6-5(0.0321) / 6-2-5(0.0305) / 6-5-1(0.0305)
2025-09-05,1,1-3-5,1-5-4,0.09359618430840524,False,1-5-4(0.0936) / 1-4-5(0.0891) / 5-1-4(0.0779) / 4-1-5(0.0723) / 5-4-1(0.0562) / 4-5-1(0.0548) / 1-5-6(0.0318) / 1-4-6(0.0279) / 5-1-6(0.0264) / 4-1-6(0.0227)
2025-09-05,2,5-2-6,4-3-5,0.03396022264097568,False,4-3-5(0.0340) / 4-5-3(0.0311) / 4-3-6(0.0308) / 3-4-5(0.0306) / 3-4-6(0.0278) / 4-6-3(0.0274) / 5-4-3(0.0265) / 3-5-4(0.0244) / 5-3-4(0.0231) / 6-4-3(0.0229)
2025-09-05,3,1-4-6,6-3-4,0.032168179261373005,False,6-3-4(0.0322) / 6-4-3(0.0314) / 3-6-4(0.0288) / 4-6-3(0.0278) / 3-4-6(0.0243) / 4-3-6(0.0240) / 6-3-5(0.0205) / 6-4-5(0.0189) / 3-6-5(0.0184) / 6-5-3(0.0176)
2025-09-05,4,2-3-1,3-6-4,0.037665780900304396,False,3-6-4(0.0377) / 3-4-6(0.0374) / 6-3-4(0.0277) / 4-3-6(0.0274) / 3-6-2(0.0260) / 3-4-2(0.0253) / 3-2-6(0.0233) / 3-6-5(0.0230) / 3-2-4(0.0228) / 3-4-5(0.0223)
2025-09-05,5,1-2-4,2-4-5,0.24443323462576702,False,2-4-5(0.2444) / 2-5-4(0.1709) / 2-4-1(0.1074) / 2-4-3(0.0750) / 2-1-4(0.0614) / 2-5-1(0.0428) / 2-3-4(0.0411) / 4-2-5(0.0375) / 2-1-5(0.0350) / 2-5-3(0.0299)
2025-09-05,7,1-4-5,1-4-5,0.10342866971007414,True,1-4-5(0.1034) / 1-5-4(0.0883) / 4-1-5(0.0736) / 5-1-4(0.0587) / 1-4-3(0.0434) / 4-5-1(0.0394) / 5-4-1(0.0368) / 1-4-2(0.0331) / 4-1-3(0.0309) / 1-3-4(0.0292)
2025-09-05,8,1-6-5,1-4-5,0.04353314054309746,False,1-4-5(0.0435) / 1-5-4(0.0386) / 4-1-5(0.0351) / 1-4-6(0.0336) / 5-1-4(0.0292) / 1-6-4(0.0278) / 4-1-6(0.0271) / 1-4-3(0.0243) / 4-5-1(0.0237) / 5-4-1(0.0222)
2025-09-05,9,1-6-4,4-6-2,0.02560396374475349,False,4-6-2(0.0256) / 4-2-6(0.0250) / 4-6-3(0.0222) / 4-6-5(0.0218) / 4-3-6(0.0209) / 4-5-6(0.0204) / 6-4-2(0.0202) / 4-2-3(0.0201) / 4-2-5(0.0197) / 2-4-6(0.0194)
2025-09-05,10,3-1-6,3-4-1,0.15860821787295298,False,3-4-1(0.1586) / 3-1-4(0.1224) / 4-3-1(0.0989) / 1-3-4(0.0696) / 3-4-5(0.0455) / 4-1-3(0.0402) / 3-4-6(0.0400) / 1-4-3(0.0367) / 4-3-5(0.0284) / 3-5-4(0.0261)
2025-09-05,11,1-3-2,1-5-2,0.11456659504425575,False,1-5-2(0.1146) / 1-2-5(0.1011) / 1-5-6(0.0638) / 5-1-2(0.0617) / 2-1-5(0.0522) / 1-6-5(0.0468) / 1-2-6(0.0449) / 1-6-2(0.0373) / 5-1-6(0.0344) / 1-5-4(0.0258)
2025-09-06,1,1-4-2,2-1-4,0.044429304883977165,False,2-1-4(0.0444) / 2-1-5(0.0412) / 2-4-1(0.0379) / 1-2-4(0.0377) / 1-2-5(0.0349) / 2-5-1(0.0344) / 4-2-1(0.0294) / 2-1-6(0.0273) / 5-2-1(0.0263) / 1-4-2(0.0261)
2025-09-06,2,3-1-6,6-4-3,0.047331168466101,False,6-4-3(0.0473) / 4-6-3(0.0442) / 6-3-4(0.0440) / 3-6-4(0.0392) / 4-3-6(0.0373) / 6-4-1(0.0368) / 3-4-6(0.0356) / 4-6-1(0.0343) / 6-1-4(0.0312) / 6-3-1(0.0293)
2025-09-06,3,1-2-3,4-5-3,0.06406073652259027,False,4-5-3(0.0641) / 5-4-3(0.0603) / 4-3-5(0.0477) / 4-5-2(0.0435) / 5-3-4(0.0415) / 5-4-2(0.0410) / 3-4-5(0.0380) / 4-5-1(0.0375) / 5-4-1(0.0353) / 3-5-4(0.0351)
2025-09-06,4,1-3-4,5-6-1,0.053539940425026133,False,5-6-1(0.0535) / 5-6-3(0.0488) / 6-5-1(0.0452) / 5-1-6(0.0421) / 6-5-3(0.0412) / 5-3-6(0.0374) / 5-6-2(0.0362) / 1-5-6(0.0312) / 6-5-2(0.0305) / 6-1-5(0.0287)
2025-09-06,5,6-2-4,6-2-5,0.06824668804529284,False,6-2-5(0.0682) / 6-5-2(0.0671) / 6-2-3(0.0639) / 6-3-2(0.0614) / 6-5-3(0.0601) / 6-3-5(0.0588) / 6-2-4(0.0387) / 6-5-4(0.0365) / 6-3-4(0.0334) / 6-4-2(0.0330)
2025-09-06,6,1-6-2,1-5-6,0.1833878648366675,False,1-5-6(0.1834) / 5-1-6(0.1709) / 1-6-5(0.1118) / 5-6-1(0.0940) / 6-1-5(0.0836) / 6-5-1(0.0755) / 1-5-3(0.0287) / 5-1-3(0.0267) / 1-5-4(0.0152) / 5-1-4(0.0142)
2025-09-06,7,1-3-2,6-5-1,0.11817644995490811,False,6-5-1(0.1182) / 5-6-1(0.0837) / 6-5-3(0.0771) / 6-1-5(0.0690) / 6-5-2(0.0556) / 5-6-3(0.0546) / 6-3-5(0.0412) / 1-6-5(0.0396) / 5-6-2(0.0393) / 5-1-6(0.0321)
2025-09-06,8,2-1-4,3-4-1,0.10924962352753917,False,3-4-1(0.1092) / 3-1-4(0.1086) / 4-3-1(0.1038) / 1-3-4(0.1028) / 4-1-3(0.0944) / 1-4-3(0.0941) / 3-4-2(0.0285) / 3-1-2(0.0281) / 4-3-2(0.0271) / 1-3-2(0.0266)
2025-09-06,9,1-3-4,1-2-3,0.09155961004117871,False,1-2-3(0.0916) / 1-3-2(0.0714) / 1-2-4(0.0634) / 2-1-3(0.0529) / 1-4-2(0.0450) / 1-2-5(0.0432) / 3-1-2(0.0377) / 2-1-4(0.0366) / 1-3-4(0.0295) / 1-5-2(0.0287)
2025-09-06,10,4-1-2,2-1-6,0.0424497046101666,False,2-1-6(0.0424) / 1-2-6(0.0401) / 2-6-1(0.0382) / 6-2-1(0.0338) / 1-6-2(0.0334) / 6-1-2(0.0313) / 2-1-5(0.0238) / 1-2-5(0.0225) / 2-1-4(0.0202) / 1-2-4(0.0191)
2025-09-06,11,5-1-6,1-6-2,0.10432263875041228,False,1-6-2(0.1043) / 1-2-6(0.0953) / 6-1-2(0.0541) / 2-1-6(0.0480) / 1-6-5(0.0433) / 1-6-3(0.0337) / 1-2-5(0.0332) / 1-5-6(0.0313) / 1-6-4(0.0287) / 1-5-2(0.0263)
2025-09-06,12,2-3-4,2-1-3,0.060915340884152486,False,2-1-3(0.0609) / 2-3-1(0.0536) / 2-1-4(0.0501) / 2-1-6(0.0432) / 2-4-1(0.0419) / 2-6-1(0.0351) / 2-3-4(0.0313) / 1-2-3(0.0297) / 2-4-3(0.0297) / 2-1-5(0.0296)
2025-09-07,1,2-3-4,3-4-2,0.12608246471403028,False,3-4-2(0.1261) / 4-3-2(0.0975) / 3-2-4(0.0887) / 3-4-5(0.0703) / 2-3-4(0.0589) / 4-3-5(0.0544) / 4-2-3(0.0486) / 3-5-4(0.0420) / 2-4-3(0.0418) / 3-2-5(0.0284)
2025-09-07,2,1-3-4,1-3-6,0.027111584587196542,False,1-3-6(0.0271) / 1-6-3(0.0264) / 1-3-2(0.0264) / 3-1-6(0.0257) / 1-2-3(0.0255) / 3-1-2(0.0250) / 6-1-3(0.0246) / 1-6-2(0.0240) / 1-2-6(0.0238) / 2-1-3(0.0235)
2025-09-07,3,3-5-2,5-6-3,0.13272060303444164,False,5-6-3(0.1327) / 6-5-3(0.0829) / 5-3-6(0.0812) / 5-6-4(0.0777) / 6-5-4(0.0485) / 3-5-6(0.0427) / 5-4-6(0.0424) / 5-6-1(0.0403) / 6-3-5(0.0286) / 5-6-2(0.0282)
2025-09-07,4,1-3-2,5-2-1,0.11545547897336586,False,5-2-1(0.1155) / 2-5-1(0.0989) / 5-2-6(0.0966) / 2-5-6(0.0827) / 5-1-2(0.0555) / 5-6-2(0.0448) / 5-2-4(0.0441) / 2-1-5(0.0395) / 2-5-4(0.0377) / 1-5-2(0.0347)
2025-09-07,5,1-4-6,1-4-6,0.07571231358952782,True,1-4-6(0.0757) / 4-1-6(0.0668) / 1-6-4(0.0560) / 1-4-3(0.0536) / 4-1-3(0.0473) / 6-1-4(0.0422) / 4-6-1(0.0419) / 1-3-4(0.0361) / 6-4-1(0.0358) / 1-4-5(0.0291)
2025-09-07,6,1-2-3,1-3-2,0.08360025382135838,False,1-3-2(0.0836) / 3-1-2(0.0810) / 1-3-4(0.0708) / 3-1-4(0.0687) / 1-2-3(0.0603) / 3-2-1(0.0560) / 2-1-3(0.0488) / 1-4-3(0.0483) / 2-3-1(0.0468) / 3-4-1(0.0450)
2025-09-07,7,1-3-6,6-1-3,0.16094352253083588,False,6-1-3(0.1609) / 1-6-3(0.1353) / 6-3-1(0.1007) / 3-6-1(0.0693) / 1-3-6(0.0667) / 6-1-5(0.0631) / 3-1-6(0.0546) / 1-6-5(0.0530) / 6-5-1(0.0314) / 1-5-6(0.0218)
2025-09-07,8,1-2-3,1-2-6,0.03818417038379659,False,1-2-6(0.0382) / 1-2-4(0.0357) / 2-1-6(0.0344) / 2-1-4(0.0322) / 1-6-2(0.0316) / 1-4-2(0.0290) / 6-1-2(0.0254) / 2-6-1(0.0250) / 1-2-5(0.0247) / 4-1-2(0.0230)
2025-09-07,9,2-1-3,2-5-3,0.11171374609750005,False,2-5-3(0.1117) / 2-3-5(0.1025) / 5-2-3(0.0761) / 3-2-5(0.0673) / 2-5-1(0.0455) / 5-3-2(0.0405) / 3-5-2(0.0391) / 2-3-1(0.0363) / 2-1-5(0.0316) / 5-2-1(0.0310)
2025-09-07,10,4-1-6,2-4-1,0.04277462026107845,False,2-4-1(0.0428) / 2-4-3(0.0411) / 2-1-4(0.0410) / 2-3-4(0.0388) / 2-1-3(0.0354) / 2-3-1(0.0349) / 4-2-1(0.0318) / 4-2-3(0.0305) / 1-2-4(0.0298) / 3-2-4(0.0280)
2025-09-07,11,1-5-3,5-1-3,0.038882771033665296,False,5-1-3(0.0389) / 5-3-1(0.0382) / 1-5-3(0.0328) / 3-5-1(0.0319) / 5-1-6(0.0319) / 5-3-6(0.0300) / 5-6-1(0.0292) / 5-6-3(0.0280) / 1-5-6(0.0269) / 1-3-5(0.0256)
2025-09-07,12,1-4-3,1-5-4,0.11042176031904748,False,1-5-4(0.1104) / 5-1-4(0.1009) / 1-4-5(0.0696) / 5-4-1(0.0565) / 4-1-5(0.0508) / 4-5-1(0.0451) / 1-5-6(0.0420) / 5-1-6(0.0383) / 1-5-3(0.0344) / 5-1-3(0.0315)
2025-09-12,1,2-1-3,6-2-4,0.14998870574260154,False,6-2-4(0.1500) / 2-6-4(0.1209) / 6-4-2(0.0793) / 6-2-5(0.0699) / 2-6-5(0.0564) / 4-6-2(0.0494) / 2-4-6(0.0488) / 4-2-6(0.0377) / 6-5-2(0.0319) / 6-2-1(0.0299)
2025-09-12,2,3-5-6,5-3-6,0.08953011707769444,False,5-3-6(0.0895) / 5-3-4(0.0697) / 5-6-3(0.0599) / 5-3-1(0.0511) / 3-5-6(0.0510) / 5-4-3(0.0443) / 5-3-2(0.0416) / 3-5-4(0.0397) / 5-1-3(0.0310) / 6-5-3(0.0296)
2025-09-12,3,4-3-2,3-1-2,0.11073850306899727,False,3-1-2(0.1107) / 3-2-1(0.0907) / 1-3-2(0.0527) / 3-1-6(0.0495) / 3-1-5(0.0463) / 2-3-1(0.0406) / 3-1-4(0.0361) / 3-6-1(0.0336) / 3-5-1(0.0311) / 3-2-6(0.0273)
2025-09-12,4,5-6-2,4-5-1,0.025861275523961207,False,4-5-1(0.0259) / 4-1-5(0.0256) / 4-5-6(0.0238) / 4-6-5(0.0231) / 4-1-6(0.0229) / 4-6-1(0.0224) / 4-5-2(0.0212) / 4-5-3(0.0209) / 4-1-2(0.0204) / 4-1-3(0.0201)
2025-09-12,5,3-5-1,3-1-6,0.21672790493186572,False,3-1-6(0.2167) / 3-6-1(0.1275) / 3-1-5(0.1120) / 3-1-2(0.0778) / 3-5-1(0.0575) / 1-3-6(0.0539) / 3-2-1(0.0384) / 6-3-1(0.0294) / 1-3-5(0.0278) / 3-6-5(0.0277)
2025-09-12,6,5-1-4,1-5-2,0.07218662274987589,False,1-5-2(0.0722) / 1-2-5(0.0607) / 5-1-2(0.0586) / 2-1-5(0.0451) / 1-5-4(0.0450) / 5-2-1(0.0372) / 5-1-4(0.0365) / 2-5-1(0.0341) / 1-4-5(0.0329) / 1-2-4(0.0269)
2025-09-12,7,1-2-3,2-3-6,0.07778877488014205,False,2-3-6(0.0778) / 3-2-6(0.0740) / 2-6-3(0.0636) / 3-6-2(0.0563) / 6-2-3(0.0541) / 6-3-2(0.0503) / 2-3-5(0.0350) / 3-2-5(0.0333) / 2-3-1(0.0275) / 3-2-1(0.0262)
2025-09-12,8,1-2-4,2-1-4,0.13615326787820134,False,2-1-4(0.1362) / 2-4-1(0.0896) / 1-2-4(0.0861) / 2-1-3(0.0749) / 4-2-1(0.0488) / 1-2-3(0.0474) / 2-3-1(0.0428) / 2-1-5(0.0381) / 1-4-2(0.0319) / 4-1-2(0.0274)
2025-09-12,9,1-3-4,1-3-2,0.026497766557835572,False,1-3-2(0.0265) / 1-2-3(0.0264) / 1-3-6(0.0224) / 1-2-6(0.0220) / 1-6-3(0.0213) / 1-6-2(0.0210) / 1-3-4(0.0209) / 1-2-4(0.0205) / 3-1-2(0.0201) / 2-1-3(0.0200)
2025-09-12,10,1-3-5,3-2-4,0.04137726312638024,False,3-2-4(0.0414) / 2-3-4(0.0367) / 3-2-5(0.0341) / 3-4-2(0.0337) / 3-2-1(0.0326) / 2-3-5(0.0302) / 2-3-1(0.0289) / 3-5-2(0.0265) / 4-3-2(0.0264) / 2-4-3(0.0256)
2025-09-12,11,3-1-2,1-6-3,0.024346951481322637,False,1-6-3(0.0243) / 6-1-3(0.0238) / 1-3-6(0.0233) / 6-3-1(0.0222) / 3-1-6(0.0221) / 3-6-1(0.0215) / 1-6-5(0.0163) / 6-1-5(0.0159) / 1-6-2(0.0147) / 6-1-2(0.0143)
2025-09-12,12,1-3-5,1-2-5,0.05924930874926,False,1-2-5(0.0592) / 1-2-6(0.0571) / 1-2-3(0.0464) / 1-5-2(0.0426) / 2-1-5(0.0410) / 1-6-2(0.0407) / 2-1-6(0.0395) / 2-1-3(0.0321) / 1-3-2(0.0318) / 1-2-4(0.0278)
2025-09-13,1,1-3-2,1-3-2,0.060406121796363385,True,1-3-2(0.0604) / 1-3-4(0.0560) / 3-1-2(0.0520) / 1-2-3(0.0486) / 3-1-4(0.0482) / 1-4-3(0.0439) / 2-1-3(0.0372) / 3-2-1(0.0344) / 4-1-3(0.0331) / 3-4-1(0.0313)
2025-09-13,2,3-2-1,5-4-2,0.0882713765688817,False,5-4-2(0.0883) / 4-5-2(0.0722) / 5-2-4(0.0654) / 5-4-3(0.0473) / 2-5-4(0.0463) / 5-4-1(0.0412) / 4-2-5(0.0411) / 4-5-3(0.0387) / 2-4-5(0.0356) / 4-5-1(0.0337)
2025-09-13,3,6-1-5,2-6-3,0.07857118822224807,False,2-6-3(0.0786) / 6-2-3(0.0642) / 2-3-6(0.0549) / 2-6-4(0.0526) / 2-6-1(0.0459) / 6-2-4(0.0429) / 3-2-6(0.0376) / 6-2-1(0.0375) / 6-3-2(0.0347) / 2-4-6(0.0335)
2025-09-13,4,3-2-1,4-2-3,0.1859743726662285,False,4-2-3(0.1860) / 2-4-3(0.1392) / 4-3-2(0.1213) / 3-4-2(0.0770) / 2-3-4(0.0608) / 3-2-4(0.0516) / 4-2-5(0.0331) / 4-2-6(0.0299) / 2-4-5(0.0248) / 2-4-6(0.0223)
2025-09-13,5,5-3-2,6-4-2,0.03091477450669678,False,6-4-2(0.0309) / 4-6-2(0.0278) / 6-4-5(0.0268) / 6-2-4(0.0266) / 4-6-5(0.0242) / 6-4-3(0.0227) / 6-5-4(0.0223) / 2-6-4(0.0217) / 4-2-6(0.0210) / 4-6-3(0.0204)
2025-09-13,6,1-2-3,6-4-3,0.04259630651812621,False,6-4-3(0.0426) / 6-3-4(0.0409) / 4-6-3(0.0368) / 3-6-4(0.0346) / 4-3-6(0.0290) / 3-4-6(0.0284) / 6-4-2(0.0254) / 6-3-2(0.0222) / 4-6-2(0.0219) / 6-2-4(0.0209)
2025-09-13,7,1-6-5,6-5-2,0.14002249313622753,False,6-5-2(0.1400) / 5-6-2(0.1237) / 6-5-1(0.0890) / 5-6-1(0.0786) / 6-5-3(0.0681) / 5-6-3(0.0602) / 6-2-5(0.0476) / 5-2-6(0.0365) / 6-1-5(0.0287) / 2-6-5(0.0279)
2025-09-13,8,5-2-1,1-3-2,0.07483733782618898,False,1-3-2(0.0748) / 1-2-3(0.0673) / 3-1-2(0.0673) / 2-1-3(0.0571) / 3-2-1(0.0518) / 2-3-1(0.0489) / 1-3-4(0.0352) / 3-1-4(0.0317) / 1-2-4(0.0264) / 1-4-3(0.0251)
2025-09-13,9,6-2-1,6-4-1,0.1899926117557426,False,6-4-1(0.1900) / 6-1-4(0.1828) / 6-4-2(0.0698) / 6-1-2(0.0633) / 4-6-1(0.0561) / 1-6-4(0.0536) / 6-2-4(0.0484) / 6-2-1(0.0456) / 6-4-5(0.0332) / 6-1-5(0.0301)
2025-09-13,10,3-4-6,4-5-3,0.06301783618731066,False,4-5-3(0.0630) / 4-5-2(0.0554) / 5-4-3(0.0494) / 4-3-5(0.0465) / 5-4-2(0.0434) / 4-2-5(0.0396) / 3-4-5(0.0314) / 4-5-6(0.0289) / 5-3-4(0.0271) / 2-4-5(0.0263)
2025-09-13,12,1-6-5,1-5-2,0.08862004647086888,False,1-5-2(0.0886) / 1-2-5(0.0672) / 1-5-6(0.0608) / 5-1-2(0.0517) / 1-5-4(0.0472) / 1-6-5(0.0421) / 5-1-6(0.0355) / 2-1-5(0.0353) / 1-4-5(0.0314) / 5-1-4(0.0275)
2025-09-14,1,6-1-3,6-5-3,0.06631317165745626,False,6-5-3(0.0663) / 6-3-5(0.0606) / 6-5-2(0.0427) / 5-6-3(0.0420) / 6-5-1(0.0405) / 3-6-5(0.0369) / 6-2-5(0.0344) / 6-1-5(0.0322) / 6-3-2(0.0317) / 6-3-1(0.0301)
2025-09-14,2,4-3-6,6-2-1,0.043017179336675926,False,6-2-1(0.0430) / 2-6-1(0.0378) / 6-1-2(0.0369) / 6-2-4(0.0332) / 6-2-3(0.0316) / 1-6-2(0.0296) / 2-6-4(0.0292) / 2-6-3(0.0278) / 2-1-6(0.0273) / 6-4-2(0.0265)
2025-09-14,3,5-6-1,6-3-4,0.0676335535060636,False,6-3-4(0.0676) / 3-6-4(0.0645) / 6-3-2(0.0578) / 6-3-1(0.0569) / 3-6-2(0.0551) / 3-6-1(0.0543) / 6-3-5(0.0543) / 3-6-5(0.0518) / 6-4-3(0.0305) / 3-4-6(0.0276)
2025-09-14,4,1-5-2,2-1-3,0.11598178466932381,False,2-1-3(0.1160) / 2-3-1(0.1104) / 1-2-3(0.0908) / 3-2-1(0.0845) / 1-3-2(0.0594) / 3-1-2(0.0581) / 2-1-6(0.0239) / 2-1-5(0.0218) / 2-3-6(0.0211) / 2-3-5(0.0193)
2025-09-14,5,4-5-3,4-3-5,0.28013274012503453,False,4-3-5(0.2801) / 3-4-5(0.1528) / 4-5-3(0.1174) / 4-3-2(0.0618) / 4-3-1(0.0526) / 5-4-3(0.0514) / 3-4-2(0.0337) / 3-5-4(0.0309) / 3-4-1(0.0287) / 5-3-4(0.0248)
2025-09-14,6,1-6-5,3-4-6,0.02748568408282257,False,3-4-6(0.0275) / 3-4-2(0.0259) / 3-6-4(0.0255) / 3-2-4(0.0236) / 4-3-6(0.0234) / 4-3-2(0.0221) / 6-3-4(0.0207) / 3-6-2(0.0192) / 2-3-4(0.0190) / 3-2-6(0.0189)
2025-09-14,7,1-2-5,2-4-5,0.08131331167080509,False,2-4-5(0.0813) / 2-5-4(0.0718) / 4-2-5(0.0539) / 5-2-4(0.0452) / 2-4-1(0.0394) / 2-4-3(0.0329) / 2-1-4(0.0287) / 4-5-2(0.0278) / 2-5-1(0.0271) / 5-4-2(0.0263)
2025-09-14,8,1-2-4,2-1-4,0.08775858796661733,False,2-1-4(0.0878) / 2-1-5(0.0785) / 1-2-4(0.0766) / 1-2-5(0.0685) / 2-4-1(0.0586) / 2-5-1(0.0507) / 1-4-2(0.0430) / 4-2-1(0.0418) / 1-5-2(0.0374) / 5-2-1(0.0356)
2025-09-14,9,1-3-2,2-1-5,0.05811508515016362,False,2-1-5(0.0581) / 2-1-4(0.0575) / 2-1-6(0.0540) / 1-2-5(0.0468) / 1-2-4(0.0464) / 1-2-6(0.0435) / 2-5-1(0.0356) / 2-4-1(0.0351) / 2-6-1(0.0326) / 2-1-3(0.0315)
2025-09-14,10,4-1-3,3-1-4,0.09560532997402726,False,3-1-4(0.0956) / 1-3-4(0.0882) / 3-4-1(0.0636) / 3-1-5(0.0550) / 1-4-3(0.0528) / 1-3-5(0.0507) / 4-3-1(0.0477) / 4-1-3(0.0429) / 3-5-1(0.0320) / 1-5-3(0.0269)
2025-09-14,11,1-3-6,2-1-3,0.1239158861341206,False,2-1-3(0.1239) / 2-3-1(0.0927) / 2-1-4(0.0902) / 2-1-6(0.0783) / 2-4-1(0.0628) / 2-6-1(0.0533) / 2-1-5(0.0499) / 2-3-4(0.0349) / 2-4-3(0.0325) / 2-5-1(0.0322)
2025-09-14,12,1-2-4,1-6-3,0.05451446647725025,False,1-6-3(0.0545) / 6-1-3(0.0532) / 1-6-2(0.0509) / 6-1-2(0.0496) / 1-3-6(0.0343) / 6-3-1(0.0325) / 1-2-6(0.0316) / 1-6-5(0.0299) / 6-2-1(0.0299) / 6-1-5(0.0292)
2025-09-15,1,1-2-3,3-4-6,0.025098824303309706,False,3-4-6(0.0251) / 3-6-4(0.0236) / 4-3-6(0.0235) / 6-3-4(0.0213) / 4-6-3(0.0204) / 6-4-3(0.0195) / 3-4-2(0.0178) / 3-4-1(0.0168) / 4-3-2(0.0167) / 4-3-1(0.0157)
2025-09-15,2,3-2-5,6-2-5,0.0841069893042667,False,6-2-5(0.0841) / 2-6-5(0.0812) / 6-5-2(0.0644) / 2-5-6(0.0592) / 5-6-2(0.0536) / 5-2-6(0.0510) / 6-2-3(0.0477) / 2-6-3(0.0461) / 6-3-2(0.0309) / 2-3-6(0.0286)
2025-09-15,3,1-3-2,4-6-5,0.06631733095767495,False,4-6-5(0.0663) / 4-6-1(0.0532) / 4-5-6(0.0504) / 6-4-5(0.0446) / 4-1-6(0.0384) / 4-6-2(0.0367) / 6-4-1(0.0358) / 4-6-3(0.0322) / 5-4-6(0.0301) / 4-2-6(0.0249)
2025-09-15,4,1-4-3,4-5-1,0.17743468144750915,False,4-5-1(0.1774) / 5-4-1(0.1371) / 4-1-5(0.0894) / 4-5-3(0.0690) / 1-4-5(0.0534) / 5-4-3(0.0533) / 5-1-4(0.0499) / 1-5-4(0.0386) / 4-5-6(0.0334) / 4-3-5(0.0293)
2025-09-15,5,1-4-5,5-4-3,0.17789319586570154,False,5-4-3(0.1779) / 5-4-2(0.1079) / 5-4-6(0.0909) / 5-4-1(0.0744) / 5-3-4(0.0707) / 4-5-3(0.0700) / 4-5-2(0.0424) / 5-2-4(0.0404) / 4-5-6(0.0358) / 5-6-4(0.0336)
2025-09-15,6,1-2-5,3-1-6,0.0759595486056062,False,3-1-6(0.0760) / 3-6-1(0.0756) / 1-3-6(0.0672) / 6-3-1(0.0667) / 1-6-3(0.0553) / 6-1-3(0.0552) / 3-1-2(0.0204) / 3-6-2(0.0202) / 3-1-4(0.0201) / 3-6-4(0.0199)
2025-09-15,7,1-4-6,6-4-1,0.2501536984860601,False,6-4-1(0.2502) / 6-1-4(0.1899) / 4-6-1(0.0946) / 1-6-4(0.0678) / 6-4-2(0.0631) / 6-2-4(0.0340) / 6-1-2(0.0332) / 6-4-3(0.0277) / 4-6-2(0.0238) / 6-2-1(0.0236)
2025-09-15,8,4-1-3,1-3-5,0.12718254243112848,False,1-3-5(0.1272) / 3-1-5(0.1029) / 1-5-3(0.0706) / 1-3-4(0.0602) / 3-1-4(0.0487) / 5-1-3(0.0446) / 3-5-1(0.0438) / 1-3-2(0.0392) / 5-3-1(0.0342) / 3-1-2(0.0317)
2025-09-15,9,1-2-5,2-1-5,0.058589433939751315,False,2-1-5(0.0586) / 2-5-1(0.0539) / 1-2-5(0.0477) / 5-2-1(0.0419) / 2-1-3(0.0414) / 2-3-1(0.0339) / 1-2-3(0.0337) / 1-5-2(0.0331) / 2-5-3(0.0319) / 5-1-2(0.0317)
2025-09-15,10,5-6-2,1-5-2,0.05023278032268297,False,1-5-2(0.0502) / 1-2-5(0.0497) / 5-1-2(0.0430) / 2-1-5(0.0422) / 1-5-4(0.0373) / 1-2-4(0.0360) / 5-2-1(0.0341) / 2-5-1(0.0338) / 1-4-5(0.0330) / 1-4-2(0.0322)
2025-09-15,11,3-6-1,3-1-2,0.06590086764342261,False,3-1-2(0.0659) / 3-1-6(0.0541) / 3-2-1(0.0506) / 1-3-2(0.0415) / 3-6-1(0.0396) / 3-1-5(0.0393) / 3-1-4(0.0345) / 1-3-6(0.0340) / 2-3-1(0.0285) / 3-5-1(0.0273)
2025-09-15,12,5-1-3,1-2-5,0.08592400472843158,False,1-2-5(0.0859) / 1-2-4(0.0696) / 1-5-2(0.0694) / 1-2-6(0.0677) / 1-4-2(0.0533) / 1-6-2(0.0515) / 2-1-5(0.0373) / 1-5-4(0.0340) / 1-5-6(0.0331) / 1-4-5(0.0322)
2025-09-16,1,1-4-5,2-4-5,0.04758293248513152,False,2-4-5(0.0476) / 4-2-5(0.0473) / 2-5-4(0.0418) / 4-5-2(0.0411) / 5-2-4(0.0382) / 5-4-2(0.0379) / 2-4-1(0.0349) / 4-2-1(0.0347) / 2-1-4(0.0277) / 4-1-2(0.0273)
2025-09-16,2,1-3-2,6-3-5,0.11204785674550954,False,6-3-5(0.1120) / 3-6-5(0.0989) / 6-5-3(0.0864) / 5-6-3(0.0671) / 3-5-6(0.0638) / 5-3-6(0.0561) / 6-3-4(0.0347) / 3-6-4(0.0306) / 6-3-1(0.0210) / 6-4-3(0.0201)
2025-09-16,3,3-1-4,3-6-1,0.04154358570901081,False,3-6-1(0.0415) / 6-3-1(0.0369) / 3-6-5(0.0345) / 3-1-6(0.0338) / 6-3-5(0.0307) / 3-5-6(0.0268) / 1-3-6(0.0266) / 6-1-3(0.0259) / 1-6-3(0.0229) / 3-6-4(0.0226)
2025-09-16,4,1-2-6,6-1-5,0.12538655873809265,False,6-1-5(0.1254) / 6-1-2(0.1177) / 1-6-5(0.0816) / 1-6-2(0.0766) / 6-1-3(0.0699) / 6-5-1(0.0603) / 6-2-1(0.0560) / 1-6-3(0.0455) / 6-3-1(0.0310) / 5-6-1(0.0306)
2025-09-16,5,4-6-1,1-2-3,0.028224591115297307,False,1-2-3(0.0282) / 2-1-3(0.0274) / 1-3-2(0.0250) / 2-3-1(0.0234) / 3-1-2(0.0224) / 3-2-1(0.0215) / 1-2-6(0.0199) / 2-1-6(0.0193) / 1-2-5(0.0191) / 2-1-5(0.0185)
2025-09-16,6,4-6-5,4-1-6,0.12006403510305115,False,4-1-6(0.1201) / 4-1-3(0.0924) / 4-6-1(0.0715) / 4-1-2(0.0697) / 4-1-5(0.0678) / 4-3-1(0.0525) / 1-4-6(0.0438) / 4-2-1(0.0382) / 4-5-1(0.0370) / 1-4-3(0.0337)
2025-09-16,7,6-1-3,6-1-3,0.21069717023184067,True,6-1-3(0.2107) / 6-3-1(0.1522) / 6-1-4(0.0971) / 6-1-2(0.0698) / 6-4-1(0.0585) / 6-2-1(0.0404) / 6-3-4(0.0401) / 6-4-3(0.0334) / 6-1-5(0.0327) / 1-6-3(0.0298)
2025-09-16,8,1-2-4,1-3-2,0.06672113801172057,False,1-3-2(0.0667) / 1-2-3(0.0620) / 3-1-2(0.0610) / 2-1-3(0.0543) / 3-2-1(0.0497) / 2-3-1(0.0476) / 1-3-4(0.0278) / 3-1-4(0.0254) / 1-3-5(0.0254) / 3-1-5(0.0232)
2025-09-16,9,1-2-3,5-2-6,0.031793019980894066,False,5-2-6(0.0318) / 2-5-6(0.0313) / 5-2-1(0.0302) / 2-5-1(0.0297) / 5-6-2(0.0249) / 2-6-5(0.0240) / 5-1-2(0.0234) / 2-1-5(0.0226) / 5-2-3(0.0211) / 6-5-2(0.0210)
2025-09-16,10,1-6-2,6-5-2,0.060147582392758456,False,6-5-2(0.0601) / 5-6-2(0.0527) / 6-2-5(0.0519) / 6-5-4(0.0441) / 2-6-5(0.0419) / 5-6-4(0.0386) / 5-2-6(0.0380) / 2-5-6(0.0350) / 6-4-5(0.0345) / 6-2-4(0.0284)
2025-09-16,11,1-6-4,1-3-6,0.08102129616979516,False,1-3-6(0.0810) / 1-3-4(0.0703) / 1-6-3(0.0638) / 1-3-5(0.0574) / 1-4-3(0.0535) / 1-5-3(0.0421) / 1-3-2(0.0417) / 3-1-6(0.0302) / 1-6-4(0.0302) / 1-2-3(0.0292)
2025-09-16,12,1-4-3,1-3-4,0.04671768642160958,False,1-3-4(0.0467) / 1-4-3(0.0425) / 1-3-2(0.0398) / 3-1-4(0.0395) / 1-2-3(0.0343) / 4-1-3(0.0340) / 3-1-2(0.0336) / 1-4-2(0.0290) / 3-4-1(0.0287) / 1-2-4(0.0275)
2025-09-17,1,1-6-4,1-3-4,0.11267464097055711,False,1-3-4(0.1127) / 1-4-3(0.0807) / 3-1-4(0.0645) / 1-3-2(0.0596) / 1-3-5(0.0416) / 4-1-3(0.0411) / 1-2-3(0.0370) / 1-3-6(0.0367) / 3-1-2(0.0341) / 1-5-3(0.0248)
2025-09-17,2,2-5-6,5-2-6,0.04573931748504716,False,5-2-6(0.0457) / 5-6-2(0.0389) / 2-5-6(0.0370) / 5-2-4(0.0354) / 6-5-2(0.0287) / 2-5-4(0.0286) / 5-4-2(0.0282) / 5-2-3(0.0268) / 2-6-5(0.0240) / 6-2-5(0.0219)
2025-09-17,3,5-1-3,4-5-3,0.06008320465750839,False,4-5-3(0.0601) / 4-5-6(0.0562) / 5-4-3(0.0486) / 5-4-6(0.0455) / 4-3-5(0.0405) / 4-5-2(0.0390) / 4-6-5(0.0373) / 5-4-2(0.0315) / 4-5-1(0.0272) / 3-4-5(0.0269)
2025-09-17,4,4-1-6,3-6-4,0.03189308462718476,False,3-6-4(0.0319) / 3-4-6(0.0313) / 6-3-4(0.0299) / 4-3-6(0.0289) / 6-4-3(0.0268) / 4-6-3(0.0265) / 3-6-1(0.0204) / 6-3-1(0.0191) / 3-4-1(0.0190) / 3-6-2(0.0190)
2025-09-17,5,1-3-4,3-1-6,0.08815029697788776,False,3-1-6(0.0882) / 3-6-1(0.0744) / 1-3-6(0.0641) / 6-3-1(0.0501) / 3-1-2(0.0393) / 1-6-3(0.0353) / 6-1-3(0.0327) / 3-1-4(0.0291) / 1-3-2(0.0286) / 3-2-1(0.0269)
2025-09-17,6,1-3-2,4-1-2,0.07003432777284177,False,4-1-2(0.0700) / 4-2-1(0.0610) / 4-1-5(0.0463) / 4-1-3(0.0389) / 1-4-2(0.0366) / 4-5-1(0.0363) / 4-1-6(0.0345) / 2-4-1(0.0303) / 4-3-1(0.0296) / 4-2-5(0.0288)
2025-09-17,7,1-3-2,6-1-5,0.2160946980513282,False,6-1-5(0.2161) / 6-1-4(0.1449) / 6-1-3(0.0905) / 6-1-2(0.0854) / 6-5-1(0.0728) / 1-6-5(0.0614) / 6-4-1(0.0467) / 1-6-4(0.0412) / 6-3-1(0.0282) / 6-2-1(0.0266)
2025-09-17,8,1-4-5,1-4-5,0.05867760612536861,True,1-4-5(0.0587) / 1-5-4(0.0512) / 4-1-5(0.0472) / 1-4-3(0.0426) / 5-1-4(0.0383) / 4-1-3(0.0343) / 1-3-4(0.0337) / 1-4-2(0.0326) / 4-5-1(0.0309) / 5-4-1(0.0288)
2025-09-17,9,3-2-1,3-1-2,0.022292863327940053,False,3-1-2(0.0223) / 3-2-1(0.0221) / 3-1-6(0.0208) / 3-6-1(0.0202) / 3-1-5(0.0200) / 3-2-6(0.0199) / 1-3-2(0.0199) / 3-6-2(0.0195) / 2-3-1(0.0195) / 3-5-1(0.0192)
2025-09-17,10,6-4-1,3-2-1,0.028720535778721332,False,3-2-1(0.0287) / 3-1-2(0.0273) / 3-2-6(0.0270) / 2-3-1(0.0253) / 3-6-2(0.0252) / 2-3-6(0.0238) / 1-3-2(0.0233) / 3-1-6(0.0224) / 3-6-1(0.0220) / 6-3-2(0.0213)
2025-09-17,11,1-5-2,1-3-6,0.06669181146791825,False,1-3-6(0.0667) / 1-6-3(0.0575) / 1-3-5(0.0512) / 1-5-3(0.0412) / 1-3-2(0.0399) / 3-1-6(0.0359) / 1-2-3(0.0306) / 1-6-5(0.0305) / 6-1-3(0.0293) / 1-5-6(0.0284)
2025-09-18,1,1-4-5,4-5-2,0.04572236518724526,False,4-5-2(0.0457) / 4-2-5(0.0441) / 5-4-2(0.0419) / 2-4-5(0.0396) / 5-2-4(0.0357) / 2-5-4(0.0349) / 4-5-1(0.0331) / 5-4-1(0.0304) / 4-2-1(0.0297) / 4-1-5(0.0285)
2025-09-18,2,1-3-2,1-2-4,0.1395394180302678,False,1-2-4(0.1395) / 1-4-2(0.1069) / 2-1-4(0.0934) / 1-2-3(0.0654) / 4-1-2(0.0646) / 2-1-3(0.0438) / 2-4-1(0.0416) / 1-3-2(0.0403) / 4-2-1(0.0376) / 1-4-3(0.0332)
2025-09-18,3,1-6-4,2-1-5,0.033099968632480714,False,2-1-5(0.0331) / 2-5-1(0.0331) / 2-1-6(0.0309) / 2-5-6(0.0308) / 2-6-1(0.0301) / 2-6-5(0.0300) / 1-2-5(0.0267) / 5-2-1(0.0266) / 1-2-6(0.0249) / 5-2-6(0.0248)
2025-09-18,4,1-2-3,2-6-1,0.04257931918398935,False,2-6-1(0.0426) / 2-1-6(0.0413) / 2-6-5(0.0373) / 2-5-6(0.0348) / 2-6-4(0.0336) / 2-1-5(0.0329) / 2-5-1(0.0317) / 2-4-6(0.0305) / 2-1-4(0.0296) / 2-4-1(0.0278)
2025-09-18,5,1-3-4,1-3-6,0.03680780321318872,False,1-3-6(0.0368) / 3-1-6(0.0335) / 1-6-3(0.0327) / 1-3-5(0.0282) / 1-3-4(0.0279) / 6-1-3(0.0276) / 3-6-1(0.0262) / 3-1-5(0.0257) / 3-1-4(0.0254) / 6-3-1(0.0244)
2025-09-18,6,1-3-4,1-4-3,0.10644557444637807,False,1-4-3(0.1064) / 4-1-3(0.0904) / 1-3-4(0.0757) / 1-4-6(0.0652) / 4-1-6(0.0554) / 3-1-4(0.0546) / 4-3-1(0.0515) / 3-4-1(0.0438) / 1-6-4(0.0403) / 4-6-1(0.0282)
2025-09-18,7,4-1-6,6-1-3,0.08212269126199802,False,6-1-3(0.0821) / 1-6-3(0.0679) / 6-3-1(0.0608) / 3-6-1(0.0433) / 6-1-2(0.0429) / 1-3-6(0.0393) / 1-6-2(0.0355) / 3-1-6(0.0339) / 6-1-5(0.0286) / 6-2-1(0.0273)
2025-09-18,8,1-6-5,1-5-2,0.06694013231258907,False,1-5-2(0.0669) / 1-2-5(0.0617) / 5-1-2(0.0521) / 2-1-5(0.0461) / 5-2-1(0.0341) / 2-5-1(0.0327) / 1-5-6(0.0321) / 1-5-3(0.0264) / 1-2-6(0.0250) / 5-1-6(0.0250)
2025-09-18,9,1-4-6,1-4-6,0.04875987884816582,True,1-4-6(0.0488) / 1-6-4(0.0435) / 4-1-6(0.0419) / 6-1-4(0.0350) / 1-4-3(0.0334) / 4-6-1(0.0305) / 4-1-3(0.0287) / 6-4-1(0.0286) / 1-3-4(0.0266) / 1-4-2(0.0236)
2025-09-18,10,1-4-2,6-1-5,0.029314142643383393,False,6-1-5(0.0293) / 1-6-5(0.0278) / 6-1-3(0.0262) / 6-5-1(0.0261) / 1-6-3(0.0248) / 1-5-6(0.0231) / 5-6-1(0.0229) / 6-3-1(0.0225) / 5-1-6(0.0214) / 1-3-6(0.0200)
2025-09-18,11,1-3-4,5-3-4,0.02260307079359662,False,5-3-4(0.0226) / 3-5-4(0.0216) / 5-4-3(0.0208) / 5-3-6(0.0196) / 3-4-5(0.0188) / 3-5-6(0.0188) / 4-5-3(0.0188) / 4-3-5(0.0177) / 5-6-3(0.0174) / 5-3-2(0.0160)
2025-09-18,12,1-4-6,1-4-2,0.043874831216477755,False,1-4-2(0.0439) / 1-2-4(0.0389) / 1-4-3(0.0341) / 4-1-2(0.0324) / 1-3-4(0.0284) / 1-4-5(0.0279) / 2-1-4(0.0270) / 4-1-3(0.0252) / 1-4-6(0.0225) / 1-5-4(0.0223)
2025-09-25,1,5-3-4,4-5-1,0.03772355935586593,False,4-5-1(0.0377) / 5-4-1(0.0349) / 4-1-5(0.0326) / 1-4-5(0.0276) / 4-5-3(0.0274) / 5-1-4(0.0273) / 5-4-3(0.0254) / 1-5-4(0.0249) / 4-5-2(0.0244) / 5-4-2(0.0226)
2025-09-25,2,4-3-1,3-4-2,0.10057809606038993,False,3-4-2(0.1006) / 3-2-4(0.0762) / 3-4-1(0.0633) / 4-3-2(0.0541) / 3-4-5(0.0509) / 3-1-4(0.0429) / 2-3-4(0.0373) / 4-3-1(0.0340) / 3-5-4(0.0333) / 4-3-5(0.0274)
2025-09-25,3,1-4-2,4-2-3,0.08050991869991588,False,4-2-3(0.0805) / 2-4-3(0.0710) / 4-3-2(0.0538) / 4-2-6(0.0458) / 2-3-4(0.0404) / 2-4-6(0.0404) / 3-4-2(0.0387) / 3-2-4(0.0330) / 4-2-1(0.0299) / 4-2-5(0.0279)
2025-09-25,4,4-6-1,4-6-5,0.14141670758696698,False,4-6-5(0.1414) / 4-6-1(0.1049) / 6-4-5(0.0968) / 6-4-1(0.0718) / 4-5-6(0.0717) / 4-1-6(0.0501) / 5-4-6(0.0385) / 6-5-4(0.0312) / 4-6-3(0.0297) / 4-6-2(0.0265)
2025-09-25,5,6-2-1,2-6-3,0.12321842209727707,False,2-6-3(0.1232) / 2-3-6(0.1062) / 6-2-3(0.0648) / 2-6-5(0.0631) / 3-2-6(0.0532) / 2-5-6(0.0445) / 2-3-5(0.0418) / 2-5-3(0.0342) / 6-2-5(0.0332) / 2-6-4(0.0297)
2025-09-25,6,1-5-2,6-5-1,0.22683627598810308,False,6-5-1(0.2268) / 5-6-1(0.1690) / 6-1-5(0.0755) / 6-5-4(0.0532) / 6-5-3(0.0493) / 6-5-2(0.0439) / 5-1-6(0.0398) / 1-6-5(0.0398) / 5-6-4(0.0396) / 5-6-3(0.0367)
2025-09-25,7,1-5-3,5-6-1,0.2574969287798683,False,5-6-1(0.2575) / 5-6-3(0.1465) / 5-6-2(0.1425) / 5-6-4(0.0752) / 5-1-6(0.0691) / 6-5-1(0.0538) / 5-3-6(0.0375) / 5-2-6(0.0364) / 6-5-3(0.0306) / 6-5-2(0.0298)
2025-09-25,8,4-1-3,4-6-1,0.22555003192429032,False,4-6-1(0.2256) / 4-1-6(0.1328) / 6-4-1(0.1095) / 1-4-6(0.0563) / 4-6-3(0.0546) / 4-6-5(0.0444) / 4-6-2(0.0299) / 6-4-3(0.0265) / 6-1-4(0.0262) / 4-3-6(0.0251)
2025-09-25,9,1-2-5,4-2-5,0.031614389223231655,False,4-2-5(0.0316) / 2-4-5(0.0302) / 4-5-2(0.0273) / 4-2-1(0.0248) / 2-5-4(0.0247) / 5-4-2(0.0237) / 2-4-1(0.0237) / 5-2-4(0.0224) / 4-1-2(0.0201) / 4-2-3(0.0185)
2025-09-25,10,1-2-4,1-2-5,0.11604326234097412,False,1-2-5(0.1160) / 1-2-4(0.0927) / 2-1-5(0.0801) / 1-5-2(0.0682) / 2-1-4(0.0640) / 1-4-2(0.0518) / 5-1-2(0.0384) / 1-2-6(0.0382) / 2-5-1(0.0300) / 4-1-2(0.0285)
2025-09-25,11,1-3-4,3-1-2,0.09334493256482476,False,3-1-2(0.0933) / 3-1-4(0.0847) / 1-3-2(0.0674) / 3-2-1(0.0648) / 1-3-4(0.0612) / 3-4-1(0.0572) / 2-3-1(0.0400) / 4-3-1(0.0349) / 1-2-3(0.0312) / 3-2-4(0.0292)
2025-09-25,12,1-5-3,1-4-5,0.05822728069042344,False,1-4-5(0.0582) / 1-4-3(0.0467) / 1-5-4(0.0451) / 4-1-5(0.0424) / 1-4-2(0.0370) / 1-3-4(0.0343) / 4-1-3(0.0340) / 5-1-4(0.0291) / 4-1-2(0.0269) / 1-4-6(0.0265)
2025-09-26,1,1-2-3,1-2-3,0.052300321429230676,True,1-2-3(0.0523) / 2-1-3(0.0510) / 1-3-2(0.0417) / 2-3-1(0.0392) / 3-1-2(0.0354) / 3-2-1(0.0342) / 1-2-4(0.0284) / 2-1-4(0.0277) / 1-2-6(0.0265) / 2-1-6(0.0258)
2025-09-26,2,6-4-5,6-4-5,0.05134964810101939,True,6-4-5(0.0513) / 4-6-5(0.0453) / 6-4-3(0.0434) / 6-5-4(0.0411) / 4-6-3(0.0383) / 6-3-4(0.0332) / 5-6-4(0.0320) / 4-5-6(0.0309) / 6-4-1(0.0273) / 5-4-6(0.0273)
2025-09-26,3,1-3-2,1-5-3,0.1346831176654593,False,1-5-3(0.1347) / 5-1-3(0.1219) / 1-5-6(0.0892) / 1-5-4(0.0825) / 5-1-6(0.0807) / 5-1-4(0.0746) / 1-3-5(0.0386) / 1-5-2(0.0344) / 5-3-1(0.0313) / 5-1-2(0.0311)
2025-09-26,4,5-1-4,5-2-1,0.2289969738838506,False,5-2-1(0.2290) / 5-2-4(0.1390) / 5-1-2(0.1118) / 5-2-6(0.1055) / 5-4-2(0.0627) / 5-2-3(0.0574) / 5-6-2(0.0462) / 2-5-1(0.0271) / 5-3-2(0.0242) / 5-1-4(0.0198)
2025-09-26,5,3-1-6,5-6-3,0.09426308860834649,False,5-6-3(0.0943) / 6-5-3(0.0781) / 5-3-6(0.0688) / 5-6-1(0.0563) / 3-5-6(0.0490) / 6-5-1(0.0467) / 6-3-5(0.0444) / 3-6-5(0.0382) / 5-1-6(0.0358) / 6-1-5(0.0238)
2025-09-26,6,5-3-2,3-5-1,0.10484268529476187,False,3-5-1(0.1048) / 3-1-5(0.0842) / 3-5-4(0.0746) / 3-5-6(0.0741) / 3-4-5(0.0552) / 3-6-5(0.0547) / 3-1-4(0.0362) / 3-1-6(0.0359) / 3-4-1(0.0333) / 3-6-1(0.0330)
2025-09-26,7,2-1-6,2-5-6,0.09235457255688712,False,2-5-6(0.0924) / 5-2-6(0.0916) / 2-6-5(0.0581) / 5-6-2(0.0570) / 6-2-5(0.0451) / 2-5-1(0.0448) / 6-5-2(0.0446) / 5-2-1(0.0444) / 2-5-4(0.0339) / 5-2-4(0.0336)
2025-09-26,8,1-3-5,3-6-1,0.1853665409189716,False,3-6-1(0.1854) / 6-3-1(0.1653) / 3-1-6(0.1128) / 6-1-3(0.0854) / 1-3-6(0.0813) / 1-6-3(0.0690) / 3-6-2(0.0263) / 6-3-2(0.0234) / 3-6-5(0.0182) / 6-3-5(0.0162)
2025-09-26,9,1-2-5,1-5-3,0.23942400220104867,False,1-5-3(0.2394) / 1-5-2(0.1905) / 1-3-5(0.1025) / 1-2-5(0.0783) / 5-1-3(0.0632) / 5-1-2(0.0503) / 1-5-4(0.0489) / 3-1-5(0.0241) / 1-3-2(0.0215) / 1-2-3(0.0207)
2025-09-26,10,1-3-2,6-1-3,0.15500668905219325,False,6-1-3(0.1550) / 6-3-1(0.1132) / 1-6-3(0.0760) / 6-1-4(0.0716) / 3-6-1(0.0507) / 6-4-1(0.0431) / 6-1-2(0.0430) / 1-6-4(0.0351) / 6-3-4(0.0310) / 6-4-3(0.0256)
2025-09-26,11,1-6-2,1-3-4,0.0376943750865037,False,1-3-4(0.0377) / 1-3-2(0.0366) / 1-4-3(0.0357) / 1-2-3(0.0343) / 1-4-2(0.0297) / 1-2-4(0.0294) / 3-1-4(0.0265) / 3-1-2(0.0258) / 1-3-5(0.0248) / 4-1-3(0.0245)
2025-09-26,12,1-4-5,1-4-2,0.07584569900429253,False,1-4-2(0.0758) / 1-2-4(0.0753) / 4-1-2(0.0645) / 2-1-4(0.0637) / 4-2-1(0.0501) / 2-4-1(0.0499) / 1-4-3(0.0361) / 1-2-3(0.0354) / 4-1-3(0.0307) / 2-1-3(0.0299)
2025-09-27,1,3-6-1,3-2-5,0.06707688976246637,False,3-2-5(0.0671) / 3-2-6(0.0585) / 2-3-5(0.0547) / 3-2-1(0.0510) / 3-2-4(0.0484) / 2-3-6(0.0478) / 2-3-1(0.0416) / 2-3-4(0.0395) / 3-5-2(0.0371) / 3-6-2(0.0317)
2025-09-27,2,2-1-5,5-6-2,0.08207233372186598,False,5-6-2(0.0821) / 5-2-6(0.0786) / 5-6-3(0.0480) / 5-2-3(0.0418) / 6-5-2(0.0404) / 5-3-6(0.0391) / 2-5-6(0.0381) / 5-3-2(0.0356) / 5-6-1(0.0310) / 5-2-1(0.0270)
2025-09-27,3,2-1-5,4-2-5,0.1079355711715616,False,4-2-5(0.1079) / 4-2-3(0.0932) / 4-2-1(0.0891) / 4-2-6(0.0796) / 4-5-2(0.0593) / 4-3-2(0.0501) / 4-1-2(0.0476) / 4-6-2(0.0420) / 2-4-5(0.0381) / 2-4-3(0.0329)
2025-09-27,4,2-5-3,2-3-4,0.04418447234918962,False,2-3-4(0.0442) / 2-4-3(0.0416) / 2-3-5(0.0332) / 3-2-4(0.0305) / 2-3-6(0.0303) / 2-5-3(0.0289) / 4-2-3(0.0279) / 2-4-5(0.0266) / 2-6-3(0.0258) / 2-5-4(0.0245)
2025-09-27,5,2-4-1,4-5-1,0.0642524869658956,False,4-5-1(0.0643) / 5-4-1(0.0584) / 4-5-2(0.0445) / 4-1-5(0.0440) / 5-4-2(0.0404) / 5-1-4(0.0355) / 4-5-3(0.0346) / 1-4-5(0.0326) / 5-4-3(0.0314) / 1-5-4(0.0289)
2025-09-27,6,1-4-3,2-3-6,0.10428528433636142,False,2-3-6(0.1043) / 3-2-6(0.0988) / 2-6-3(0.0763) / 3-6-2(0.0670) / 6-2-3(0.0614) / 6-3-2(0.0569) / 2-3-1(0.0426) / 3-2-1(0.0404) / 2-1-3(0.0247) / 3-1-2(0.0221)
2025-09-27,7,2-3-5,2-5-3,0.13726080779674635,False,2-5-3(0.1373) / 2-5-4(0.1233) / 2-3-5(0.1162) / 2-4-5(0.1010) / 2-3-4(0.0714) / 2-4-3(0.0691) / 2-5-6(0.0593) / 2-6-5(0.0422) / 2-3-6(0.0343) / 2-5-1(0.0312)
2025-09-27,8,1-3-5,5-1-3,0.11505961307739945,False,5-1-3(0.1151) / 1-5-3(0.1108) / 5-3-1(0.1026) / 3-5-1(0.0929) / 1-3-5(0.0928) / 3-1-5(0.0873) / 5-1-6(0.0155) / 1-5-6(0.0149) / 5-1-2(0.0127) / 1-5-2(0.0122)
2025-09-27,9,2-3-6,6-2-1,0.2870205930002677,False,6-2-1(0.2870) / 6-1-2(0.1840) / 2-6-1(0.0903) / 6-2-5(0.0601) / 1-6-2(0.0537) / 6-2-3(0.0447) / 6-5-2(0.0284) / 6-1-5(0.0214) / 6-3-2(0.0208) / 2-6-5(0.0189)
2025-09-27,10,1-2-3,1-3-2,0.08427313279966166,False,1-3-2(0.0843) / 3-1-2(0.0702) / 1-2-3(0.0593) / 1-3-6(0.0461) / 1-3-4(0.0443) / 2-1-3(0.0416) / 3-2-1(0.0391) / 3-1-6(0.0384) / 3-1-4(0.0369) / 2-3-1(0.0329)
2025-09-27,11,3-1-5,1-2-4,0.06635172525321784,False,1-2-4(0.0664) / 2-1-4(0.0646) / 1-2-3(0.0558) / 2-1-3(0.0543) / 1-4-2(0.0432) / 2-4-1(0.0407) / 1-3-2(0.0349) / 4-1-2(0.0331) / 2-3-1(0.0329) / 4-2-1(0.0320)
2025-09-27,12,1-3-5,1-2-4,0.11189923651085791,False,1-2-4(0.1119) / 1-2-3(0.0848) / 1-2-6(0.0742) / 1-4-2(0.0637) / 2-1-4(0.0558) / 1-2-5(0.0470) / 1-3-2(0.0460) / 2-1-3(0.0423) / 1-6-2(0.0396) / 2-1-6(0.0370)
2025-09-28,1,1-2-6,6-1-3,0.1058481133476775,False,6-1-3(0.1058) / 6-3-1(0.0740) / 1-6-3(0.0685) / 6-1-2(0.0594) / 3-6-1(0.0417) / 1-6-2(0.0384) / 6-1-5(0.0368) / 6-2-1(0.0365) / 6-1-4(0.0335) / 1-3-6(0.0279)
2025-09-28,3,3-6-2,6-4-2,0.2933431204080581,False,6-4-2(0.2933) / 4-6-2(0.2124) / 6-4-1(0.1277) / 4-6-1(0.0925) / 6-4-3(0.0813) / 4-6-3(0.0589) / 6-4-5(0.0474) / 4-6-5(0.0343) / 6-2-4(0.0121) / 4-2-6(0.0063)
2025-09-28,4,3-2-5,3-5-6,0.0767388944464655,False,3-5-6(0.0767) / 5-3-6(0.0662) / 3-5-4(0.0608) / 5-3-4(0.0525) / 3-6-5(0.0486) / 3-5-2(0.0399) / 3-4-5(0.0366) / 5-6-3(0.0350) / 5-3-2(0.0344) / 6-3-5(0.0335)
2025-09-28,5,2-1-3,3-6-2,0.04436072320689662,False,3-6-2(0.0444) / 3-2-6(0.0394) / 3-6-4(0.0366) / 6-3-2(0.0362) / 3-4-6(0.0307) / 2-3-6(0.0301) / 6-3-4(0.0299) / 6-2-3(0.0248) / 3-2-4(0.0243) / 2-6-3(0.0232)
2025-09-28,6,1-3-6,5-6-1,0.19950954666623,False,5-6-1(0.1995) / 6-5-1(0.1555) / 5-6-3(0.0853) / 5-1-6(0.0751) / 6-5-3(0.0665) / 6-1-5(0.0435) / 1-5-6(0.0418) / 5-6-2(0.0348) / 1-6-5(0.0311) / 5-3-6(0.0285)
2025-09-28,8,1-6-3,6-4-3,0.06800069237258843,False,6-4-3(0.0680) / 6-3-4(0.0619) / 6-4-1(0.0449) / 6-4-5(0.0431) / 4-6-3(0.0414) / 6-1-4(0.0363) / 3-6-4(0.0363) / 6-5-4(0.0345) / 6-3-1(0.0329) / 6-3-5(0.0316)
2025-09-28,9,4-5-6,2-1-4,0.07726517315361407,False,2-1-4(0.0773) / 2-4-1(0.0666) / 2-1-5(0.0616) / 1-2-4(0.0600) / 2-5-1(0.0489) / 4-2-1(0.0480) / 1-2-5(0.0478) / 2-4-5(0.0398) / 2-5-4(0.0367) / 1-4-2(0.0367)
2025-09-28,10,1-3-4,5-1-2,0.09382631348560348,False,5-1-2(0.0938) / 1-5-2(0.0876) / 5-1-4(0.0718) / 1-5-4(0.0670) / 5-2-1(0.0525) / 1-2-5(0.0450) / 5-4-1(0.0380) / 2-5-1(0.0368) / 5-1-3(0.0344) / 2-1-5(0.0338)
2025-09-28,11,1-3-2,3-2-1,0.1754465124439344,False,3-2-1(0.1754) / 3-1-2(0.1707) / 2-3-1(0.1145) / 1-3-2(0.1103) / 2-1-3(0.0574) / 1-2-3(0.0568) / 3-2-5(0.0233) / 3-1-5(0.0219) / 2-3-5(0.0152) / 1-3-5(0.0142)
2025-09-28,12,2-1-6,3-1-4,0.13772941134953037,False,3-1-4(0.1377) / 3-4-1(0.1041) / 3-1-2(0.0748) / 3-1-6(0.0685) / 1-3-4(0.0545) / 3-2-1(0.0487) / 3-6-1(0.0439) / 4-3-1(0.0385) / 3-4-2(0.0335) / 3-4-6(0.0307)
2025-09-29,1,3-1-4,1-6-3,0.0828420418321351,False,1-6-3(0.0828) / 1-3-6(0.0607) / 1-6-4(0.0589) / 6-1-3(0.0588) / 6-1-4(0.0418) / 1-4-6(0.0397) / 3-1-6(0.0376) / 1-6-2(0.0311) / 6-3-1(0.0281) / 1-6-5(0.0278)
2025-09-29,2,2-3-5,3-4-5,0.07819835942599895,False,3-4-5(0.0782) / 3-5-4(0.0651) / 3-4-1(0.0502) / 3-4-2(0.0459) / 4-3-5(0.0414) / 3-1-4(0.0376) / 3-2-4(0.0338) / 5-3-4(0.0323) / 3-4-6(0.0306) / 3-5-1(0.0274)
2025-09-29,3,1-3-4,6-1-4,0.11428911865632832,False,6-1-4(0.1143) / 6-4-1(0.0863) / 1-6-4(0.0716) / 6-1-3(0.0653) / 4-6-1(0.0487) / 6-3-1(0.0425) / 1-6-3(0.0409) / 6-1-5(0.0394) / 6-4-3(0.0298) / 1-4-6(0.0297)
2025-09-29,4,1-2-6,1-4-6,0.09413797945322705,False,1-4-6(0.0941) / 1-6-4(0.0769) / 4-1-6(0.0673) / 1-4-2(0.0603) / 6-1-4(0.0503) / 4-1-2(0.0431) / 1-2-4(0.0430) / 4-6-1(0.0352) / 1-6-2(0.0340) / 6-4-1(0.0322)
2025-09-29,5,1-4-2,4-1-3,0.10597861212359103,False,4-1-3(0.1060) / 4-3-1(0.0908) / 4-1-5(0.0816) / 4-1-6(0.0682) / 4-5-1(0.0648) / 4-6-1(0.0521) / 4-3-5(0.0493) / 4-5-3(0.0457) / 4-3-6(0.0413) / 4-6-3(0.0367)
2025-09-29,6,5-1-3,3-5-1,0.080292655508163,False,3-5-1(0.0803) / 3-5-6(0.0660) / 5-3-1(0.0651) / 5-3-6(0.0535) / 3-5-2(0.0526) / 3-1-5(0.0488) / 5-3-2(0.0426) / 3-6-5(0.0386) / 1-3-5(0.0314) / 5-1-3(0.0307)
2025-09-29,7,6-5-1,6-4-1,0.2778940480692163,False,6-4-1(0.2779) / 6-1-4(0.1677) / 4-6-1(0.1078) / 6-4-2(0.0783) / 1-6-4(0.0587) / 6-2-4(0.0362) / 4-6-2(0.0304) / 6-1-2(0.0245) / 4-1-6(0.0200) / 6-4-5(0.0198)
2025-09-29,8,1-2-3,1-4-3,0.0239406819121632,False,1-4-3(0.0239) / 1-3-4(0.0229) / 4-1-3(0.0222) / 3-1-4(0.0206) / 4-3-1(0.0192) / 3-4-1(0.0186) / 1-4-2(0.0185) / 4-1-2(0.0172) / 1-2-4(0.0165) / 1-4-6(0.0157)
2025-09-29,9,1-3-2,5-2-4,0.0984224986422363,False,5-2-4(0.0984) / 5-4-2(0.0848) / 2-5-4(0.0662) / 4-5-2(0.0536) / 5-2-6(0.0375) / 2-4-5(0.0335) / 4-2-5(0.0315) / 5-2-3(0.0275) / 5-2-1(0.0269) / 5-6-2(0.0253)
2025-09-29,10,1-3-4,2-1-3,0.06089352809438681,False,2-1-3(0.0609) / 2-3-1(0.0602) / 1-2-3(0.0530) / 3-2-1(0.0520) / 1-3-2(0.0427) / 3-1-2(0.0424) / 2-1-6(0.0362) / 2-3-6(0.0350) / 1-2-6(0.0315) / 3-2-6(0.0302)
2025-09-29,11,1-2-3,3-1-2,0.22488058884444145,False,3-1-2(0.2249) / 3-1-4(0.1412) / 1-3-2(0.1002) / 3-1-5(0.0879) / 3-2-1(0.0655) / 1-3-4(0.0629) / 3-1-6(0.0401) / 3-4-1(0.0392) / 1-3-5(0.0392) / 3-5-1(0.0237)
2025-09-29,12,1-4-6,1-3-6,0.11676898514153045,False,1-3-6(0.1168) / 1-3-2(0.1110) / 3-1-6(0.0954) / 3-1-2(0.0907) / 1-3-4(0.0596) / 1-3-5(0.0580) / 3-1-4(0.0487) / 3-1-5(0.0474) / 1-6-3(0.0370) / 1-2-3(0.0350)
2025-09-30,1,3-2-1,6-1-4,0.021511306182190548,False,6-1-4(0.0215) / 6-4-1(0.0214) / 1-6-4(0.0205) / 4-6-1(0.0203) / 1-4-6(0.0191) / 4-1-6(0.0190) / 6-1-2(0.0183) / 6-4-2(0.0179) / 1-6-2(0.0174) / 6-2-1(0.0173)
2025-09-30,2,1-2-3,1-3-2,0.07671116483078226,False,1-3-2(0.0767) / 1-2-3(0.0655) / 3-1-2(0.0586) / 2-1-3(0.0464) / 1-3-6(0.0434) / 3-2-1(0.0349) / 3-1-6(0.0332) / 2-3-1(0.0323) / 1-6-3(0.0315) / 1-2-6(0.0273)
2025-09-30,3,1-2-4,4-5-6,0.04557089551426918,False,4-5-6(0.0456) / 5-4-6(0.0452) / 4-5-1(0.0369) / 5-4-1(0.0366) / 4-5-3(0.0336) / 5-4-3(0.0334) / 4-6-5(0.0303) / 5-6-4(0.0298) / 4-5-2(0.0261) / 5-4-2(0.0259)
2025-09-30,4,6-3-1,6-5-3,0.10445781010743829,False,6-5-3(0.1045) / 6-3-5(0.1030) / 5-6-3(0.0823) / 3-6-5(0.0805) / 5-3-6(0.0562) / 3-5-6(0.0558) / 6-5-2(0.0375) / 6-3-2(0.0362) / 5-6-2(0.0295) / 3-6-2(0.0283)
2025-09-30,5,1-2-5,5-1-6,0.1577928764653155,False,5-1-6(0.1578) / 5-6-1(0.1279) / 5-1-3(0.0816) / 5-3-1(0.0555) / 5-1-2(0.0453) / 5-6-3(0.0447) / 1-5-6(0.0403) / 5-1-4(0.0382) / 5-3-6(0.0375) / 6-5-1(0.0315)
2025-09-30,6,1-5-3,5-2-6,0.0979668746961782,False,5-2-6(0.0980) / 5-2-1(0.0936) / 5-6-2(0.0918) / 5-1-2(0.0864) / 5-6-1(0.0743) / 5-1-6(0.0731) / 5-2-4(0.0392) / 5-2-3(0.0356) / 5-6-4(0.0311) / 5-4-2(0.0304)
2025-09-30,7,1-5-6,5-1-6,0.25276913817777585,False,5-1-6(0.2528) / 1-5-6(0.1544) / 5-1-3(0.0878) / 5-1-2(0.0711) / 5-6-1(0.0702) / 1-5-3(0.0537) / 1-5-2(0.0434) / 5-1-4(0.0313) / 6-5-1(0.0311) / 1-6-5(0.0247)
2025-09-30,8,1-2-5,3-6-2,0.07190798290656322,False,3-6-2(0.0719) / 3-2-6(0.0690) / 3-6-1(0.0468) / 6-3-2(0.0414) / 3-2-1(0.0409) / 3-1-6(0.0392) / 2-3-6(0.0391) / 3-1-2(0.0357) / 6-3-1(0.0269) / 3-6-4(0.0258)
2025-09-30,9,1-2-3,2-6-1,0.14256766683597843,False,2-6-1(0.1426) / 6-2-1(0.1075) / 2-6-3(0.0941) / 2-1-6(0.0784) / 6-2-3(0.0710) / 2-3-6(0.0471) / 1-2-6(0.0468) / 6-1-2(0.0416) / 1-6-2(0.0329) / 3-2-6(0.0269)
2025-09-30,10,1-3-2,1-2-3,0.11351417165263641,False,1-2-3(0.1135) / 1-3-2(0.1067) / 2-1-3(0.0544) / 3-1-2(0.0501) / 1-2-6(0.0411) / 1-2-4(0.0344) / 1-3-6(0.0344) / 1-6-2(0.0295) / 1-2-5(0.0294) / 1-3-4(0.0288)
2025-09-30,11,1-4-2,5-1-4,0.09710180354397815,False,5-1-4(0.0971) / 1-5-4(0.0950) / 5-4-1(0.0901) / 1-4-5(0.0850) / 4-5-1(0.0845) / 4-1-5(0.0815) / 5-1-3(0.0298) / 1-5-3(0.0292) / 5-4-3(0.0249) / 4-5-3(0.0234)
2025-09-30,12,1-5-4,1-3-4,0.06549030359118714,False,1-3-4(0.0655) / 1-3-6(0.0615) / 1-3-5(0.0591) / 1-3-2(0.0538) / 1-4-3(0.0447) / 1-6-3(0.0415) / 1-5-3(0.0396) / 1-2-3(0.0355) / 3-1-4(0.0350) / 3-1-6(0.0328)
2025-10-11,1,1-2-3,1-2-3,0.22671852253729533,True,1-2-3(0.2267) / 1-2-6(0.1982) / 1-3-2(0.1040) / 1-6-2(0.0883) / 2-1-3(0.0825) / 2-1-6(0.0721) / 3-1-2(0.0326) / 1-3-6(0.0275) / 6-1-2(0.0275) / 1-6-3(0.0268)
2025-10-11,2,6-2-3,6-3-2,0.07618580261449441,False,6-3-2(0.0762) / 6-3-1(0.0710) / 6-2-3(0.0575) / 6-1-3(0.0527) / 6-3-5(0.0494) / 3-6-2(0.0478) / 3-6-1(0.0446) / 6-5-3(0.0339) / 2-6-3(0.0322) / 3-6-5(0.0310)
2025-10-11,3,2-1-5,4-1-5,0.05292072638286735,False,4-1-5(0.0529) / 4-5-1(0.0517) / 4-1-3(0.0455) / 4-3-1(0.0422) / 4-5-3(0.0421) / 4-3-5(0.0399) / 1-4-5(0.0352) / 5-4-1(0.0341) / 1-4-3(0.0303) / 5-4-3(0.0277)
2025-10-11,4,1-2-3,5-3-2,0.12262278239999165,False,5-3-2(0.1226) / 5-3-1(0.1134) / 5-3-4(0.0921) / 5-3-6(0.0830) / 3-5-2(0.0602) / 3-5-1(0.0556) / 5-2-3(0.0473) / 3-5-4(0.0452) / 5-1-3(0.0434) / 3-5-6(0.0407)
2025-10-11,5,1-5-2,5-2-6,0.11885023246925616,False,5-2-6(0.1189) / 5-6-2(0.1163) / 5-2-1(0.0820) / 5-6-1(0.0764) / 5-1-2(0.0707) / 5-1-6(0.0674) / 5-2-3(0.0369) / 5-6-3(0.0345) / 5-2-4(0.0323) / 5-6-4(0.0301)
2025-10-11,6,3-6-5,3-1-5,0.13152329794515263,False,3-1-5(0.1315) / 1-3-5(0.1257) / 3-5-1(0.0766) / 1-5-3(0.0689) / 5-3-1(0.0566) / 5-1-3(0.0532) / 3-1-2(0.0382) / 1-3-2(0.0365) / 3-1-6(0.0317) / 1-3-6(0.0303)
2025-10-11,7,2-1-3,4-1-2,0.27849887749798674,False,4-1-2(0.2785) / 1-4-2(0.1243) / 4-2-1(0.0925) / 4-1-5(0.0713) / 4-1-6(0.0652) / 4-1-3(0.0632) / 2-4-1(0.0330) / 1-4-5(0.0318) / 1-4-6(0.0291) / 1-4-3(0.0282)
2025-10-11,8,1-4-2,2-4-1,0.09143593478302917,False,2-4-1(0.0914) / 2-4-5(0.0814) / 4-2-1(0.0729) / 2-1-4(0.0707) / 4-2-5(0.0649) / 2-5-4(0.0604) / 1-2-4(0.0498) / 5-2-4(0.0417) / 4-1-2(0.0416) / 2-1-5(0.0397)
2025-10-11,9,1-5-2,5-2-1,0.08565429317571815,False,5-2-1(0.0857) / 2-5-1(0.0856) / 5-1-2(0.0703) / 2-1-5(0.0702) / 1-5-2(0.0627) / 1-2-5(0.0626) / 5-2-3(0.0411) / 2-5-3(0.0411) / 5-3-2(0.0268) / 2-3-5(0.0268)
2025-10-11,11,3-1-5,3-5-1,0.0656517557595997,False,3-5-1(0.0657) / 5-3-1(0.0581) / 3-5-2(0.0574) / 5-3-2(0.0509) / 3-1-5(0.0495) / 3-2-5(0.0416) / 1-3-5(0.0377) / 5-1-3(0.0374) / 1-5-3(0.0322) / 5-2-3(0.0317)
2025-10-11,12,1-4-2,3-6-4,0.1015377329197725,False,3-6-4(0.1015) / 3-4-6(0.0773) / 6-3-4(0.0650) / 3-6-5(0.0511) / 4-3-6(0.0445) / 3-6-1(0.0380) / 3-5-6(0.0331) / 6-3-5(0.0327) / 6-4-3(0.0281) / 3-6-2(0.0280)
2025-10-12,1,1-2-6,3-2-4,0.06838166677191172,False,3-2-4(0.0684) / 2-3-4(0.0644) / 3-2-1(0.0555) / 2-3-1(0.0522) / 3-4-2(0.0492) / 2-4-3(0.0427) / 4-3-2(0.0385) / 3-1-2(0.0377) / 4-2-3(0.0356) / 2-1-3(0.0329)
2025-10-12,2,6-3-5,3-4-1,0.06602753806144998,False,3-4-1(0.0660) / 3-4-2(0.0659) / 3-4-5(0.0635) / 4-3-1(0.0479) / 4-3-2(0.0478) / 4-3-5(0.0461) / 3-4-6(0.0427) / 3-1-4(0.0377) / 3-2-4(0.0376) / 3-5-4(0.0361)
2025-10-12,3,3-5-1,4-5-3,0.06015571988170705,False,4-5-3(0.0602) / 4-3-5(0.0540) / 5-4-3(0.0518) / 3-4-5(0.0438) / 5-3-4(0.0378) / 4-5-2(0.0371) / 3-5-4(0.0356) / 5-4-2(0.0319) / 4-2-5(0.0287) / 4-3-2(0.0268)
2025-10-12,4,3-2-4,3-2-6,0.17906572014843672,False,3-2-6(0.1791) / 2-3-6(0.0993) / 3-2-4(0.0979) / 3-2-1(0.0673) / 3-6-2(0.0655) / 3-2-5(0.0653) / 2-3-4(0.0543) / 2-3-1(0.0373) / 2-3-5(0.0362) / 3-4-2(0.0334)
2025-10-12,5,6-2-1,1-3-4,0.2856400308232399,False,1-3-4(0.2856) / 3-1-4(0.2854) / 1-4-3(0.0741) / 3-4-1(0.0739) / 4-1-3(0.0460) / 4-3-1(0.0459) / 1-3-2(0.0272) / 3-1-2(0.0272) / 1-3-6(0.0194) / 3-1-6(0.0194)
2025-10-12,6,1-4-3,1-3-5,0.10394077645916741,False,1-3-5(0.1039) / 1-3-4(0.0972) / 1-5-3(0.0745) / 1-4-3(0.0682) / 3-1-5(0.0671) / 3-1-4(0.0627) / 5-1-3(0.0422) / 4-1-3(0.0383) / 1-5-4(0.0371) / 1-4-5(0.0363)
2025-10-12,7,1-4-3,4-2-1,0.2480220076413014,False,4-2-1(0.2480) / 4-1-2(0.1698) / 2-4-1(0.1006) / 1-4-2(0.0633) / 4-2-3(0.0523) / 4-2-6(0.0514) / 4-3-2(0.0261) / 4-6-2(0.0256) / 2-1-4(0.0218) / 4-1-3(0.0215)
2025-10-12,8,1-4-3,1-2-4,0.08769233219390109,False,1-2-4(0.0877) / 1-2-3(0.0767) / 1-4-2(0.0750) / 1-2-5(0.0707) / 1-3-2(0.0634) / 1-5-2(0.0574) / 1-4-3(0.0430) / 1-3-4(0.0416) / 1-4-5(0.0397) / 1-5-4(0.0376)
2025-10-12,9,1-3-6,6-3-1,0.13840179084504667,False,6-3-1(0.1384) / 6-3-2(0.1291) / 3-6-1(0.0953) / 3-6-2(0.0889) / 6-1-3(0.0676) / 6-2-3(0.0622) / 1-6-3(0.0362) / 2-6-3(0.0330) / 3-1-6(0.0300) / 3-2-6(0.0278)
2025-10-12,10,1-2-4,1-3-2,0.06811593066569513,False,1-3-2(0.0681) / 1-2-3(0.0679) / 1-3-4(0.0624) / 1-2-4(0.0617) / 1-4-3(0.0599) / 1-4-2(0.0594) / 3-1-2(0.0408) / 2-1-3(0.0406) / 3-1-4(0.0374) / 2-1-4(0.0369)
2025-10-12,11,2-1-5,1-2-3,0.11391812781896407,False,1-2-3(0.1139) / 1-3-2(0.0869) / 1-2-5(0.0809) / 1-5-2(0.0565) / 2-1-3(0.0471) / 1-2-4(0.0440) / 1-3-5(0.0354) / 1-2-6(0.0341) / 3-1-2(0.0335) / 2-1-5(0.0335)
2025-10-12,12,5-2-1,2-3-5,0.12219490685991508,False,2-3-5(0.1222) / 2-5-3(0.1032) / 3-2-5(0.0787) / 5-2-3(0.0623) / 2-3-4(0.0448) / 3-5-2(0.0365) / 5-3-2(0.0342) / 2-3-1(0.0330) / 2-4-3(0.0290) / 3-2-4(0.0289)
2025-10-13,1,1-2-6,6-1-2,0.13189913578138904,False,6-1-2(0.1319) / 6-2-1(0.1026) / 1-6-2(0.0837) / 2-6-1(0.0593) / 6-1-3(0.0548) / 6-1-4(0.0407) / 1-2-6(0.0356) / 1-6-3(0.0347) / 6-3-1(0.0339) / 2-1-6(0.0324)
2025-10-13,3,3-2-4,1-5-4,0.04025930960023818,False,1-5-4(0.0403) / 1-4-5(0.0394) / 5-1-4(0.0375) / 4-1-5(0.0362) / 5-4-1(0.0332) / 4-5-1(0.0328) / 1-5-3(0.0294) / 1-4-3(0.0275) / 5-1-3(0.0274) / 1-3-5(0.0258)
2025-10-13,4,4-6-5,2-4-6,0.04875886352972347,False,2-4-6(0.0488) / 2-6-4(0.0432) / 4-2-6(0.0411) / 2-4-3(0.0356) / 6-2-4(0.0340) / 4-2-3(0.0301) / 4-6-2(0.0291) / 2-3-4(0.0288) / 6-4-2(0.0271) / 2-6-3(0.0239)
2025-10-13,6,1-2-4,3-1-6,0.04253684764030342,False,3-1-6(0.0425) / 3-6-1(0.0401) / 3-1-2(0.0385) / 3-1-4(0.0371) / 3-1-5(0.0367) / 3-2-1(0.0354) / 3-4-1(0.0339) / 3-5-1(0.0334) / 3-6-2(0.0296) / 3-2-6(0.0289)
2025-10-13,7,3-1-5,5-3-1,0.12262219406752177,False,5-3-1(0.1226) / 3-5-1(0.1224) / 5-1-3(0.0828) / 3-1-5(0.0825) / 1-5-3(0.0675) / 1-3-5(0.0674) / 5-3-2(0.0336) / 3-5-2(0.0336) / 5-3-4(0.0244) / 3-5-4(0.0244)
2025-10-13,8,1-2-4,2-1-4,0.175452761555309,False,2-1-4(0.1755) / 1-2-4(0.1212) / 2-4-1(0.0924) / 2-1-5(0.0609) / 2-1-3(0.0594) / 4-2-1(0.0510) / 1-2-5(0.0421) / 1-2-3(0.0410) / 1-4-2(0.0403) / 4-1-2(0.0322)
2025-10-13,9,2-6-4,6-2-4,0.03370726688359574,False,6-2-4(0.0337) / 6-2-1(0.0324) / 2-6-4(0.0298) / 6-2-5(0.0287) / 2-6-1(0.0286) / 6-4-2(0.0282) / 6-1-2(0.0268) / 2-6-5(0.0253) / 6-5-2(0.0231) / 4-6-2(0.0223)
2025-10-13,10,1-2-3,1-4-3,0.24161354155080914,False,1-4-3(0.2416) / 1-3-4(0.2025) / 1-4-2(0.0890) / 4-1-3(0.0757) / 3-1-4(0.0615) / 1-3-2(0.0585) / 1-2-4(0.0544) / 1-2-3(0.0427) / 4-1-2(0.0279) / 3-1-2(0.0178)
2025-10-13,11,2-1-4,3-5-2,0.030597490662430313,False,3-5-2(0.0306) / 5-3-2(0.0289) / 3-2-5(0.0270) / 5-2-3(0.0238) / 2-3-5(0.0236) / 2-5-3(0.0219) / 3-5-1(0.0215) / 5-3-1(0.0203) / 3-5-4(0.0194) / 5-3-4(0.0183)
2025-10-13,12,1-2-4,1-4-6,0.08946844004131162,False,1-4-6(0.0895) / 1-6-4(0.0781) / 4-1-6(0.0779) / 6-1-4(0.0634) / 4-6-1(0.0556) / 6-4-1(0.0518) / 1-4-3(0.0385) / 4-1-3(0.0335) / 1-6-3(0.0269) / 1-3-4(0.0260)
2025-10-14,1,1-3-4,3-1-2,0.07441666757120623,False,3-1-2(0.0744) / 3-1-4(0.0716) / 3-2-1(0.0706) / 3-4-1(0.0670) / 3-2-4(0.0602) / 3-4-2(0.0594) / 1-3-2(0.0388) / 1-3-4(0.0373) / 2-3-1(0.0361) / 4-3-1(0.0340)
2025-10-14,2,3-4-5,2-1-3,0.07144735676453985,False,2-1-3(0.0714) / 1-2-3(0.0684) / 2-3-1(0.0511) / 1-3-2(0.0462) / 2-1-6(0.0449) / 1-2-6(0.0430) / 3-2-1(0.0406) / 3-1-2(0.0383) / 2-6-1(0.0286) / 2-1-5(0.0273)
2025-10-14,4,4-2-5,2-4-6,0.0682426321145647,False,2-4-6(0.0682) / 4-2-6(0.0658) / 2-4-3(0.0571) / 4-2-3(0.0551) / 2-4-1(0.0446) / 4-2-1(0.0431) / 2-6-4(0.0403) / 4-6-2(0.0372) / 2-3-4(0.0325) / 4-3-2(0.0301)
2025-10-14,5,3-6-1,3-2-6,0.04586166238613054,False,3-2-6(0.0459) / 3-6-2(0.0457) / 2-3-6(0.0440) / 6-3-2(0.0438) / 2-6-3(0.0412) / 6-2-3(0.0412) / 3-2-1(0.0194) / 3-6-1(0.0192) / 2-3-1(0.0186) / 6-3-1(0.0184)
2025-10-14,6,5-4-1,5-1-3,0.16700733740887175,False,5-1-3(0.1670) / 5-1-2(0.1315) / 1-5-3(0.1295) / 1-5-2(0.1020) / 5-1-6(0.0882) / 1-5-6(0.0684) / 5-1-4(0.0488) / 1-5-4(0.0379) / 5-3-1(0.0312) / 5-2-1(0.0242)
2025-10-14,7,1-2-6,2-3-1,0.17199675948761078,False,2-3-1(0.1720) / 3-2-1(0.1622) / 2-1-3(0.1302) / 3-1-2(0.1118) / 1-2-3(0.1078) / 1-3-2(0.0981) / 2-3-5(0.0165) / 3-2-5(0.0156) / 2-3-4(0.0111) / 3-2-4(0.0105)
2025-10-14,10,3-6-4,3-1-2,0.1952094793669499,False,3-1-2(0.1952) / 3-2-1(0.1163) / 3-1-6(0.1119) / 3-1-4(0.1036) / 3-6-1(0.0600) / 3-4-1(0.0550) / 3-1-5(0.0347) / 1-3-2(0.0331) / 3-2-6(0.0262) / 3-2-4(0.0242)
2025-10-14,11,2-3-5,4-6-3,0.033887497009022285,False,4-6-3(0.0339) / 4-3-6(0.0331) / 6-4-3(0.0309) / 3-4-6(0.0297) / 6-3-4(0.0265) / 3-6-4(0.0262) / 4-6-2(0.0228) / 4-3-2(0.0211) / 6-4-2(0.0208) / 4-2-6(0.0198)
2025-10-14,12,1-5-2,5-3-6,0.053530383499718,False,5-3-6(0.0535) / 3-5-6(0.0482) / 5-3-1(0.0464) / 5-6-3(0.0457) / 3-5-1(0.0418) / 5-1-3(0.0377) / 6-5-3(0.0375) / 3-6-5(0.0358) / 6-3-5(0.0326) / 1-5-3(0.0301)
2025-10-15,1,1-4-3,1-2-4,0.13536021702282172,False,1-2-4(0.1354) / 1-2-3(0.1102) / 1-4-2(0.0961) / 1-3-2(0.0738) / 2-1-4(0.0587) / 2-1-3(0.0478) / 1-2-5(0.0454) / 1-4-3(0.0413) / 1-3-4(0.0389) / 4-1-2(0.0380)
2025-10-15,2,1-2-4,5-4-1,0.05510813019510704,False,5-4-1(0.0551) / 5-4-2(0.0511) / 5-1-4(0.0488) / 5-2-4(0.0443) / 5-1-2(0.0327) / 4-5-1(0.0323) / 5-2-1(0.0320) / 4-5-2(0.0300) / 5-4-6(0.0299) / 1-5-4(0.0272)
2025-10-15,3,3-2-1,3-2-4,0.05624949667522722,False,3-2-4(0.0562) / 3-4-2(0.0531) / 3-2-1(0.0489) / 3-1-2(0.0441) / 3-4-1(0.0400) / 3-2-5(0.0386) / 3-1-4(0.0382) / 2-3-4(0.0344) / 3-5-2(0.0327) / 4-3-2(0.0317)
2025-10-15,4,1-5-6,6-1-2,0.15418656870739916,False,6-1-2(0.1542) / 6-1-4(0.1526) / 6-1-3(0.1501) / 6-1-5(0.1227) / 1-6-2(0.0544) / 1-6-4(0.0538) / 1-6-3(0.0530) / 1-6-5(0.0433) / 6-2-1(0.0326) / 6-4-1(0.0323)
2025-10-15,5,1-6-5,1-2-6,0.08423418124419808,False,1-2-6(0.0842) / 1-6-2(0.0749) / 2-1-6(0.0732) / 6-1-2(0.0612) / 2-6-1(0.0531) / 6-2-1(0.0499) / 1-2-5(0.0309) / 2-1-5(0.0269) / 1-2-3(0.0260) / 2-1-3(0.0226)
2025-10-15,6,1-4-2,6-1-4,0.07811936989615915,False,6-1-4(0.0781) / 6-4-1(0.0623) / 1-6-4(0.0561) / 6-1-5(0.0512) / 4-6-1(0.0404) / 1-6-5(0.0367) / 6-5-1(0.0365) / 1-4-6(0.0292) / 6-1-3(0.0273) / 4-1-6(0.0264)
2025-10-15,7,1-3-5,3-1-6,0.16191897157463495,False,3-1-6(0.1619) / 1-3-6(0.1373) / 3-6-1(0.0911) / 1-6-3(0.0621) / 6-3-1(0.0606) / 6-1-3(0.0488) / 3-1-5(0.0487) / 1-3-5(0.0413) / 3-1-4(0.0282) / 1-3-4(0.0239)
2025-10-15,8,1-4-2,1-4-3,0.14544069031681475,False,1-4-3(0.1454) / 1-3-4(0.1297) / 4-1-3(0.0823) / 3-1-4(0.0706) / 1-4-5(0.0465) / 1-3-5(0.0347) / 4-3-1(0.0334) / 3-4-1(0.0322) / 1-5-4(0.0300) / 4-1-5(0.0263)
2025-10-15,9,1-2-4,4-2-3,0.044057987057940666,False,4-2-3(0.0441) / 4-3-2(0.0413) / 2-4-3(0.0398) / 4-2-1(0.0363) / 3-4-2(0.0359) / 2-4-1(0.0328) / 2-3-4(0.0325) / 4-1-2(0.0318) / 3-2-4(0.0312) / 4-3-1(0.0295)
2025-10-15,10,1-2-4,1-2-4,0.08293419253274281,True,1-2-4(0.0829) / 1-4-2(0.0765) / 1-2-3(0.0728) / 1-3-2(0.0644) / 1-4-3(0.0551) / 1-3-4(0.0528) / 1-2-5(0.0460) / 1-5-2(0.0367) / 1-4-5(0.0348) / 1-5-4(0.0301)
2025-10-15,11,1-6-4,6-2-4,0.053027939445032535,False,6-2-4(0.0530) / 2-6-4(0.0520) / 6-4-2(0.0460) / 2-4-6(0.0439) / 4-6-2(0.0413) / 4-2-6(0.0402) / 6-2-1(0.0399) / 2-6-1(0.0391) / 6-1-2(0.0314) / 2-1-6(0.0300)
2025-10-15,12,1-2-6,6-5-1,0.03841292726166007,False,6-5-1(0.0384) / 5-6-1(0.0356) / 6-1-5(0.0320) / 6-5-4(0.0275) / 5-1-6(0.0269) / 1-6-5(0.0265) / 6-5-2(0.0262) / 5-6-4(0.0255) / 5-6-2(0.0242) / 1-5-6(0.0241)
2025-10-16,1,2-5-3,3-2-5,0.09830749156099383,False,3-2-5(0.0983) / 2-3-5(0.0777) / 3-5-2(0.0680) / 3-2-1(0.0585) / 2-3-1(0.0462) / 5-3-2(0.0455) / 2-5-3(0.0398) / 3-2-6(0.0376) / 3-1-2(0.0357) / 5-2-3(0.0336)
2025-10-16,2,1-3-2,3-2-6,0.18168237057551942,False,3-2-6(0.1817) / 3-2-5(0.1592) / 3-2-4(0.0765) / 3-6-2(0.0715) / 3-2-1(0.0632) / 3-5-2(0.0615) / 2-3-6(0.0594) / 2-3-5(0.0521) / 3-4-2(0.0277) / 2-3-4(0.0250)
2025-10-16,5,4-2-3,6-2-4,0.04010557388233868,False,6-2-4(0.0401) / 6-4-2(0.0379) / 2-6-4(0.0331) / 6-2-3(0.0316) / 6-2-1(0.0305) / 4-6-2(0.0303) / 6-3-2(0.0277) / 6-1-2(0.0265) / 2-6-3(0.0261) / 6-4-3(0.0259)
2025-10-16,6,4-6-5,1-4-2,0.12800454062476613,False,1-4-2(0.1280) / 4-1-2(0.1217) / 1-2-4(0.0721) / 4-2-1(0.0641) / 2-1-4(0.0521) / 2-4-1(0.0488) / 1-4-5(0.0453) / 4-1-5(0.0430) / 1-4-3(0.0396) / 4-1-3(0.0376)
2025-10-16,7,2-1-3,6-2-1,0.14264353799541665,False,6-2-1(0.1426) / 2-6-1(0.1401) / 6-1-2(0.0753) / 2-1-6(0.0723) / 1-6-2(0.0548) / 1-2-6(0.0535) / 6-2-3(0.0419) / 2-6-3(0.0411) / 6-2-5(0.0391) / 2-6-5(0.0384)
2025-10-16,8,1-5-2,1-2-3,0.1422790519979568,False,1-2-3(0.1423) / 1-3-2(0.1128) / 2-1-3(0.1001) / 3-1-2(0.0723) / 2-3-1(0.0486) / 3-2-1(0.0443) / 1-2-4(0.0418) / 1-2-5(0.0305) / 2-1-4(0.0294) / 1-4-2(0.0245)
2025-10-16,9,1-3-4,4-3-2,0.05092063053040778,False,4-3-2(0.0509) / 3-4-2(0.0464) / 4-2-3(0.0443) / 4-3-1(0.0416) / 3-4-1(0.0379) / 2-4-3(0.0371) / 3-2-4(0.0355) / 4-1-3(0.0338) / 2-3-4(0.0327) / 3-1-4(0.0273)
2025-10-16,10,1-2-3,1-3-2,0.06434944374209163,False,1-3-2(0.0643) / 1-2-3(0.0563) / 3-1-2(0.0559) / 1-3-4(0.0533) / 3-1-4(0.0464) / 2-1-3(0.0454) / 1-4-3(0.0435) / 3-2-1(0.0403) / 2-3-1(0.0374) / 1-2-4(0.0359)
2025-10-16,11,1-5-3,1-2-3,0.07205742316991325,False,1-2-3(0.0721) / 2-1-3(0.0646) / 1-3-2(0.0548) / 2-3-1(0.0425) / 3-1-2(0.0424) / 1-2-4(0.0394) / 3-2-1(0.0367) / 2-1-4(0.0353) / 1-4-2(0.0258) / 1-2-5(0.0258)
2025-10-16,12,4-3-1,2-6-5,0.07657470913378342,False,2-6-5(0.0766) / 2-6-4(0.0659) / 2-5-6(0.0548) / 6-2-5(0.0488) / 2-6-1(0.0457) / 2-4-6(0.0455) / 6-2-4(0.0420) / 5-2-6(0.0305) / 2-1-6(0.0297) / 6-2-1(0.0291)
2025-10-19,1,1-3-4,4-1-2,0.13792006894969724,False,4-1-2(0.1379) / 1-4-2(0.1201) / 4-2-1(0.0845) / 1-2-4(0.0611) / 2-4-1(0.0590) / 4-1-3(0.0521) / 2-1-4(0.0491) / 1-4-3(0.0453) / 4-1-5(0.0362) / 1-4-5(0.0316)
2025-10-19,2,3-6-2,3-1-2,0.07353969500579574,False,3-1-2(0.0735) / 3-2-1(0.0724) / 3-1-4(0.0447) / 3-1-6(0.0440) / 3-2-4(0.0424) / 3-2-6(0.0418) / 1-3-2(0.0417) / 2-3-1(0.0408) / 3-4-1(0.0375) / 3-6-1(0.0368)
2025-10-19,4,2-5-3,5-2-3,0.06219157743716982,False,5-2-3(0.0622) / 2-5-3(0.0597) / 5-3-2(0.0565) / 3-5-2(0.0512) / 2-3-5(0.0510) / 3-2-5(0.0482) / 5-2-4(0.0326) / 2-5-4(0.0313) / 5-3-4(0.0248) / 5-4-2(0.0240)
2025-10-19,5,5-4-6,4-6-5,0.07905943414021388,False,4-6-5(0.0791) / 4-5-6(0.0769) / 4-6-3(0.0466) / 4-6-1(0.0425) / 4-5-3(0.0423) / 4-3-6(0.0389) / 4-5-1(0.0386) / 4-3-5(0.0364) / 4-1-6(0.0349) / 4-1-5(0.0326)
2025-10-19,6,1-4-5,5-1-4,0.054810281834892144,False,5-1-4(0.0548) / 5-4-1(0.0547) / 1-5-4(0.0496) / 4-5-1(0.0495) / 5-1-3(0.0489) / 5-4-3(0.0486) / 5-3-1(0.0463) / 5-3-4(0.0461) / 1-5-3(0.0443) / 4-5-3(0.0440)
2025-10-19,7,1-3-2,2-1-3,0.053501642143576486,False,2-1-3(0.0535) / 2-3-1(0.0496) / 2-1-5(0.0452) / 2-5-1(0.0398) / 2-3-5(0.0344) / 2-1-6(0.0341) / 1-2-3(0.0333) / 2-5-3(0.0327) / 3-2-1(0.0299) / 2-6-1(0.0282)
2025-10-19,8,1-4-3,1-4-3,0.14766847188849433,True,1-4-3(0.1477) / 1-3-4(0.1293) / 1-4-2(0.1028) / 1-2-4(0.0789) / 1-3-2(0.0711) / 1-2-3(0.0623) / 4-1-3(0.0521) / 3-1-4(0.0443) / 4-1-2(0.0363) / 1-4-5(0.0273)
2025-10-19,9,2-1-4,2-6-1,0.06693329020925005,False,2-6-1(0.0669) / 2-1-6(0.0665) / 6-2-1(0.0642) / 1-2-6(0.0636) / 6-1-2(0.0598) / 1-6-2(0.0596) / 2-6-3(0.0238) / 2-1-3(0.0234) / 6-2-3(0.0228) / 1-2-3(0.0223)
2025-10-19,11,1-2-5,6-1-2,0.07840357284716998,False,6-1-2(0.0784) / 6-2-1(0.0601) / 1-6-2(0.0511) / 6-1-4(0.0474) / 6-1-5(0.0399) / 2-6-1(0.0351) / 6-1-3(0.0337) / 6-4-1(0.0325) / 1-6-4(0.0309) / 6-5-1(0.0267)
2025-10-19,12,4-3-1,4-3-2,0.06692870338771804,False,4-3-2(0.0669) / 4-2-3(0.0590) / 3-4-2(0.0507) / 2-4-3(0.0419) / 4-3-5(0.0407) / 4-5-3(0.0311) / 3-4-5(0.0308) / 3-2-4(0.0308) / 4-3-6(0.0308) / 2-3-4(0.0290)
2025-10-20,1,5-2-4,5-2-3,0.22741876004766906,False,5-2-3(0.2274) / 5-2-1(0.1705) / 5-3-2(0.1283) / 5-1-2(0.0897) / 2-5-3(0.0563) / 2-5-1(0.0422) / 5-2-4(0.0411) / 5-3-1(0.0385) / 5-1-3(0.0359) / 3-5-2(0.0293)
2025-10-20,2,4-6-2,6-4-2,0.0884545877186319,False,6-4-2(0.0885) / 6-2-4(0.0848) / 4-6-2(0.0845) / 2-6-4(0.0792) / 4-2-6(0.0754) / 2-4-6(0.0736) / 6-4-3(0.0204) / 4-6-3(0.0195) / 6-2-3(0.0184) / 6-4-5(0.0175)
2025-10-20,3,1-4-2,4-5-3,0.024641799439452997,False,4-5-3(0.0246) / 4-5-6(0.0241) / 5-4-3(0.0238) / 4-3-5(0.0233) / 5-4-6(0.0232) / 4-6-5(0.0226) / 3-4-5(0.0216) / 5-3-4(0.0214) / 6-4-5(0.0208) / 5-6-4(0.0208)
2025-10-20,4,1-3-2,5-1-3,0.2114174015749912,False,5-1-3(0.2114) / 5-1-2(0.1733) / 5-3-1(0.1043) / 1-5-3(0.0851) / 5-2-1(0.0818) / 1-5-2(0.0697) / 3-5-1(0.0361) / 5-3-2(0.0286) / 2-5-1(0.0279) / 5-2-3(0.0273)
2025-10-20,5,3-1-5,3-2-5,0.10196124864293933,False,3-2-5(0.1020) / 2-3-5(0.0924) / 3-5-2(0.0648) / 3-2-1(0.0568) / 2-5-3(0.0517) / 2-3-1(0.0515) / 5-3-2(0.0470) / 5-2-3(0.0414) / 3-1-2(0.0316) / 3-2-4(0.0293)
2025-10-20,6,2-1-3,3-1-4,0.11203740043615684,False,3-1-4(0.1120) / 3-4-1(0.0964) / 3-1-2(0.0833) / 1-3-4(0.0764) / 3-2-1(0.0637) / 4-3-1(0.0618) / 1-3-2(0.0568) / 3-4-2(0.0557) / 3-2-4(0.0495) / 1-4-3(0.0388)
2025-10-20,7,1-3-2,3-1-6,0.11403608770630433,False,3-1-6(0.1140) / 3-6-1(0.0931) / 1-3-6(0.0745) / 3-1-4(0.0568) / 6-3-1(0.0561) / 3-4-1(0.0380) / 1-3-4(0.0371) / 1-6-3(0.0344) / 3-6-4(0.0326) / 6-1-3(0.0318)
2025-10-20,8,1-2-4,2-1-4,0.20316753854035524,False,2-1-4(0.2032) / 2-4-1(0.1964) / 2-1-3(0.0867) / 2-4-3(0.0790) / 2-1-5(0.0677) / 2-3-1(0.0640) / 2-4-5(0.0616) / 2-3-4(0.0603) / 2-5-1(0.0480) / 2-5-4(0.0453)
2025-10-20,9,2-3-6,1-6-3,0.0921810796344423,False,1-6-3(0.0922) / 1-3-6(0.0832) / 6-1-3(0.0614) / 3-1-6(0.0530) / 1-6-4(0.0482) / 1-3-4(0.0359) / 1-4-6(0.0356) / 6-1-4(0.0321) / 6-3-1(0.0320) / 3-6-1(0.0306)
2025-10-20,10,4-1-3,4-3-1,0.1256275921481649,False,4-3-1(0.1256) / 4-1-3(0.0995) / 3-4-1(0.0541) / 4-3-6(0.0503) / 4-3-2(0.0478) / 4-3-5(0.0445) / 1-4-3(0.0403) / 4-6-3(0.0326) / 4-2-3(0.0308) / 4-5-3(0.0285)
2025-10-20,11,1-4-3,6-4-1,0.09563034822514475,False,6-4-1(0.0956) / 6-1-4(0.0887) / 4-6-1(0.0651) / 1-6-4(0.0584) / 6-4-2(0.0449) / 6-1-2(0.0364) / 4-1-6(0.0354) / 1-4-6(0.0343) / 6-2-4(0.0329) / 6-4-3(0.0322)
2025-10-20,12,1-2-3,1-3-2,0.10514857724711667,False,1-3-2(0.1051) / 1-2-3(0.1001) / 1-3-5(0.0538) / 1-2-5(0.0464) / 3-1-2(0.0452) / 2-1-3(0.0424) / 1-5-3(0.0419) / 1-3-4(0.0413) / 1-5-2(0.0379) / 1-2-4(0.0357)
2025-10-21,1,2-5-1,2-5-4,0.12276269238213543,False,2-5-4(0.1228) / 2-4-5(0.1132) / 5-2-4(0.0837) / 4-2-5(0.0748) / 5-4-2(0.0445) / 4-5-2(0.0431) / 2-5-1(0.0367) / 2-5-3(0.0353) / 2-4-1(0.0299) / 2-4-3(0.0288)
2025-10-21,2,3-5-2,4-6-3,0.09985487843368852,False,4-6-3(0.0999) / 6-4-3(0.0809) / 4-3-6(0.0771) / 3-4-6(0.0552) / 6-3-4(0.0469) / 3-6-4(0.0415) / 4-6-1(0.0367) / 6-4-1(0.0297) / 4-6-2(0.0253) / 4-6-5(0.0236)
2025-10-21,3,1-2-5,5-1-3,0.05201339828825371,False,5-1-3(0.0520) / 5-3-1(0.0512) / 5-1-2(0.0395) / 5-3-2(0.0375) / 1-5-3(0.0374) / 3-5-1(0.0366) / 5-2-1(0.0353) / 5-2-3(0.0341) / 5-1-4(0.0324) / 5-3-4(0.0308)
2025-10-21,4,2-1-5,2-4-5,0.08317952336954346,False,2-4-5(0.0832) / 2-5-4(0.0715) / 2-4-1(0.0679) / 2-1-4(0.0545) / 4-2-5(0.0536) / 4-2-1(0.0437) / 5-2-4(0.0433) / 2-5-1(0.0430) / 2-1-5(0.0401) / 1-2-4(0.0320)
2025-10-21,5,5-1-3,2-5-3,0.0713129037100869,False,2-5-3(0.0713) / 2-3-5(0.0620) / 5-2-3(0.0564) / 2-5-1(0.0561) / 3-2-5(0.0457) / 2-1-5(0.0448) / 5-2-1(0.0444) / 2-3-1(0.0369) / 5-3-2(0.0357) / 2-1-3(0.0339)
2025-10-21,6,2-4-1,3-1-4,0.26311103878037534,False,3-1-4(0.2631) / 3-4-1(0.2018) / 3-1-2(0.1120) / 3-2-1(0.0661) / 1-3-4(0.0658) / 3-4-2(0.0594) / 4-3-1(0.0486) / 3-2-4(0.0457) / 1-3-2(0.0280) / 2-3-1(0.0152)
2025-10-21,7,4-3-1,4-1-3,0.15619921937678435,False,4-1-3(0.1562) / 4-3-1(0.1048) / 4-1-2(0.0926) / 4-1-5(0.0874) / 4-2-1(0.0553) / 1-4-3(0.0523) / 4-5-1(0.0518) / 3-4-1(0.0324) / 1-4-2(0.0310) / 4-3-2(0.0298)
2025-10-21,8,1-2-3,2-5-4,0.03227479992682287,False,2-5-4(0.0323) / 2-4-5(0.0305) / 5-2-4(0.0293) / 4-2-5(0.0267) / 2-5-1(0.0264) / 5-4-2(0.0243) / 5-2-1(0.0240) / 2-1-5(0.0235) / 4-5-2(0.0234) / 2-4-1(0.0217)
2025-10-21,9,1-6-4,6-1-2,0.12237282535715804,False,6-1-2(0.1224) / 6-2-1(0.1046) / 1-6-2(0.0966) / 2-6-1(0.0769) / 1-2-6(0.0583) / 2-1-6(0.0543) / 6-1-4(0.0304) / 6-1-3(0.0270) / 1-6-4(0.0240) / 1-6-3(0.0213)
2025-10-21,10,1-2-3,2-1-3,0.14828873648872398,False,2-1-3(0.1483) / 1-2-3(0.1195) / 2-3-1(0.0833) / 2-1-5(0.0643) / 3-2-1(0.0530) / 1-2-5(0.0518) / 1-3-2(0.0509) / 3-1-2(0.0401) / 2-1-4(0.0367) / 2-5-1(0.0306)
2025-10-21,11,1-4-5,4-5-1,0.0444093471838777,False,4-5-1(0.0444) / 4-1-5(0.0408) / 5-4-1(0.0402) / 1-4-5(0.0351) / 5-1-4(0.0323) / 1-5-4(0.0307) / 4-5-6(0.0295) / 5-4-6(0.0267) / 4-6-5(0.0239) / 4-1-6(0.0225)
2025-10-21,12,1-4-2,1-4-5,0.0749127418972992,False,1-4-5(0.0749) / 1-4-3(0.0690) / 1-5-4(0.0686) / 1-3-4(0.0612) / 1-5-3(0.0523) / 1-3-5(0.0507) / 4-1-5(0.0472) / 4-1-3(0.0435) / 5-1-4(0.0416) / 3-1-4(0.0366)
2025-10-22,1,4-5-1,5-4-1,0.2774719574584391,False,5-4-1(0.2775) / 5-1-4(0.2178) / 4-5-1(0.0797) / 5-4-2(0.0781) / 1-5-4(0.0602) / 5-1-2(0.0447) / 5-2-4(0.0433) / 5-2-1(0.0315) / 4-5-2(0.0224) / 5-4-3(0.0165)
2025-10-22,2,4-3-5,3-6-2,0.13311237344147392,False,3-6-2(0.1331) / 3-6-4(0.1288) / 3-6-1(0.0805) / 3-2-6(0.0781) / 3-4-6(0.0751) / 3-1-6(0.0437) / 3-6-5(0.0415) / 6-3-2(0.0383) / 6-3-4(0.0371) / 3-2-4(0.0249)
2025-10-22,3,4-1-2,4-3-1,0.1565389415158584,False,4-3-1(0.1565) / 3-4-1(0.1284) / 4-1-3(0.1111) / 1-4-3(0.0786) / 3-1-4(0.0686) / 1-3-4(0.0592) / 4-3-2(0.0349) / 4-3-6(0.0321) / 3-4-2(0.0286) / 3-4-6(0.0263)
2025-10-22,4,4-3-1,3-4-2,0.06101110919901764,False,3-4-2(0.0610) / 4-3-2(0.0573) / 3-2-4(0.0548) / 2-3-4(0.0484) / 4-2-3(0.0471) / 2-4-3(0.0442) / 3-4-5(0.0296) / 4-3-5(0.0278) / 3-4-1(0.0267) / 4-3-1(0.0251)
2025-10-22,5,2-1-4,4-3-5,0.046230315820085674,False,4-3-5(0.0462) / 4-5-3(0.0437) / 3-4-5(0.0426) / 5-4-3(0.0388) / 3-5-4(0.0358) / 5-3-4(0.0346) / 4-3-2(0.0305) / 3-4-2(0.0281) / 4-5-2(0.0255) / 4-2-3(0.0251)
2025-10-22,6,2-3-1,2-5-3,0.10342412521045746,False,2-5-3(0.1034) / 5-2-3(0.0836) / 2-3-5(0.0779) / 3-2-5(0.0552) / 5-3-2(0.0473) / 2-5-4(0.0461) / 3-5-2(0.0414) / 5-2-4(0.0373) / 2-5-1(0.0317) / 2-4-5(0.0283)
2025-10-22,7,1-2-3,1-2-3,0.26179649916110764,True,1-2-3(0.2618) / 1-2-5(0.1416) / 1-3-2(0.1358) / 2-1-3(0.0697) / 1-5-2(0.0647) / 1-2-4(0.0580) / 2-1-5(0.0377) / 3-1-2(0.0329) / 1-3-5(0.0278) / 1-5-3(0.0245)
2025-10-22,8,1-4-3,1-2-4,0.158602903168645,False,1-2-4(0.1586) / 2-1-4(0.1485) / 1-4-2(0.1162) / 2-4-1(0.0982) / 4-1-2(0.0939) / 4-2-1(0.0848) / 1-2-5(0.0202) / 1-2-3(0.0197) / 2-1-5(0.0189) / 2-1-3(0.0184)
2025-10-22,9,1-3-4,1-6-3,0.11309785892596247,False,1-6-3(0.1131) / 6-1-3(0.0861) / 1-3-6(0.0857) / 1-6-5(0.0585) / 3-1-6(0.0577) / 6-3-1(0.0451) / 6-1-5(0.0445) / 3-6-1(0.0399) / 1-5-6(0.0368) / 1-3-5(0.0281)
2025-10-22,10,1-3-2,6-3-1,0.13282250920068442,False,6-3-1(0.1328) / 3-6-1(0.1133) / 6-3-4(0.0786) / 3-6-4(0.0670) / 6-1-3(0.0662) / 6-3-2(0.0502) / 3-1-6(0.0465) / 3-6-2(0.0428) / 1-6-3(0.0421) / 6-4-3(0.0355)
2025-10-22,11,1-4-3,1-3-5,0.039040248003980586,False,1-3-5(0.0390) / 1-5-3(0.0375) / 1-3-4(0.0351) / 3-1-5(0.0330) / 1-4-3(0.0325) / 5-1-3(0.0309) / 1-5-4(0.0305) / 3-1-4(0.0297) / 1-4-5(0.0294) / 4-1-3(0.0262)
2025-10-22,12,3-4-1,3-2-1,0.05234116205860394,False,3-2-1(0.0523) / 3-1-2(0.0507) / 3-2-4(0.0446) / 3-4-2(0.0412) / 3-2-5(0.0397) / 3-1-4(0.0393) / 3-4-1(0.0375) / 3-5-2(0.0357) / 3-1-5(0.0350) / 3-5-1(0.0324)
2025-10-23,1,3-4-1,3-1-4,0.06108265647807581,False,3-1-4(0.0611) / 3-4-1(0.0584) / 3-1-5(0.0507) / 3-5-1(0.0457) / 3-4-5(0.0431) / 3-1-2(0.0416) / 3-5-4(0.0406) / 3-2-1(0.0357) / 3-4-2(0.0353) / 3-2-4(0.0318)
2025-10-23,2,3-2-1,3-2-1,0.05191278513188879,True,3-2-1(0.0519) / 3-2-4(0.0501) / 3-1-2(0.0488) / 2-3-1(0.0484) / 2-3-4(0.0467) / 3-4-2(0.0464) / 1-3-2(0.0438) / 3-1-4(0.0417) / 4-3-2(0.0413) / 2-1-3(0.0411)
2025-10-23,3,4-1-3,5-4-1,0.07666466321090501,False,5-4-1(0.0767) / 5-1-4(0.0697) / 5-4-2(0.0478) / 4-5-1(0.0410) / 5-4-3(0.0388) / 5-2-4(0.0381) / 1-5-4(0.0360) / 5-1-2(0.0350) / 5-2-1(0.0307) / 5-3-4(0.0298)
2025-10-23,4,3-5-1,4-3-5,0.07958971699654127,False,4-3-5(0.0796) / 4-5-3(0.0750) / 3-4-5(0.0608) / 5-4-3(0.0557) / 4-3-1(0.0441) / 3-5-4(0.0392) / 5-3-4(0.0381) / 4-5-1(0.0373) / 4-1-3(0.0340) / 3-4-1(0.0337)
2025-10-23,5,2-3-4,4-5-1,0.055778391727983684,False,4-5-1(0.0558) / 4-5-2(0.0510) / 5-4-1(0.0423) / 4-5-6(0.0417) / 4-1-5(0.0405) / 5-4-2(0.0387) / 4-2-5(0.0363) / 5-4-6(0.0316) / 4-6-5(0.0286) / 1-4-5(0.0263)
2025-10-23,6,2-3-5,5-4-1,0.12587276343220058,False,5-4-1(0.1259) / 4-5-1(0.1042) / 5-1-4(0.0756) / 5-4-2(0.0619) / 4-5-2(0.0512) / 1-5-4(0.0501) / 4-1-5(0.0491) / 5-4-3(0.0459) / 1-4-5(0.0393) / 4-5-3(0.0380)
2025-10-23,7,1-5-2,1-6-5,0.05027821833193633,False,1-6-5(0.0503) / 6-1-5(0.0478) / 1-6-3(0.0466) / 6-1-3(0.0443) / 1-5-6(0.0403) / 1-3-6(0.0365) / 6-5-1(0.0359) / 5-1-6(0.0336) / 6-3-1(0.0325) / 5-6-1(0.0314)
2025-10-23,8,2-5-3,4-3-5,0.08155408326597924,False,4-3-5(0.0816) / 4-5-3(0.0802) / 3-4-5(0.0503) / 5-4-3(0.0492) / 4-3-2(0.0363) / 4-5-2(0.0346) / 4-3-1(0.0328) / 4-5-1(0.0312) / 4-2-3(0.0282) / 4-2-5(0.0272)
2025-10-23,9,1-4-3,1-2-4,0.07319498401690039,False,1-2-4(0.0732) / 1-2-3(0.0639) / 1-2-5(0.0606) / 1-2-6(0.0498) / 1-4-2(0.0488) / 1-3-2(0.0416) / 2-1-4(0.0401) / 1-5-2(0.0391) / 2-1-3(0.0350) / 2-1-5(0.0332)
2025-10-23,10,1-2-3,1-5-4,0.07189068183024777,False,1-5-4(0.0719) / 5-1-4(0.0637) / 1-4-5(0.0599) / 4-1-5(0.0480) / 5-4-1(0.0449) / 4-5-1(0.0407) / 1-5-3(0.0333) / 5-1-3(0.0295) / 1-5-6(0.0256) / 1-3-5(0.0227)
2025-10-23,11,1-2-4,2-3-1,0.08898762328228148,False,2-3-1(0.0890) / 2-1-3(0.0806) / 2-3-4(0.0735) / 2-4-3(0.0625) / 2-1-4(0.0534) / 2-4-1(0.0501) / 3-2-1(0.0391) / 1-2-3(0.0344) / 3-2-4(0.0323) / 2-3-5(0.0321)
2025-10-23,12,1-3-6,6-4-2,0.04801395691716626,False,6-4-2(0.0480) / 6-4-3(0.0433) / 4-6-2(0.0431) / 4-6-3(0.0389) / 6-2-4(0.0374) / 6-3-4(0.0328) / 4-2-6(0.0293) / 2-6-4(0.0291) / 6-4-1(0.0282) / 4-3-6(0.0258)
2025-10-24,1,1-3-5,1-4-2,0.05384996498682923,False,1-4-2(0.0538) / 1-2-4(0.0531) / 1-4-3(0.0450) / 1-2-3(0.0429) / 1-3-4(0.0415) / 1-3-2(0.0401) / 4-1-2(0.0386) / 2-1-4(0.0378) / 4-1-3(0.0323) / 2-1-3(0.0305)
2025-10-24,2,3-1-4,3-4-1,0.18223222233696737,False,3-4-1(0.1822) / 4-3-1(0.1594) / 3-1-4(0.0915) / 4-1-3(0.0672) / 1-3-4(0.0604) / 3-4-5(0.0569) / 1-4-3(0.0507) / 4-3-5(0.0497) / 3-4-2(0.0295) / 4-3-2(0.0258)
2025-10-24,3,5-2-1,5-3-4,0.13694704432717708,False,5-3-4(0.1369) / 5-4-3(0.1349) / 5-3-1(0.0692) / 5-4-1(0.0663) / 5-1-3(0.0536) / 5-1-4(0.0522) / 3-5-4(0.0502) / 4-5-3(0.0492) / 5-3-2(0.0339) / 5-4-2(0.0325)
2025-10-24,4,1-4-5,1-4-5,0.03714365854047184,True,1-4-5(0.0371) / 1-4-3(0.0363) / 1-5-4(0.0354) / 1-3-4(0.0343) / 1-5-3(0.0305) / 1-3-5(0.0303) / 4-1-5(0.0301) / 4-1-3(0.0294) / 5-1-4(0.0280) / 3-1-4(0.0269)
2025-10-24,5,1-2-6,6-3-1,0.07199402971970457,False,6-3-1(0.0720) / 3-6-1(0.0697) / 6-1-3(0.0674) / 1-6-3(0.0628) / 3-1-6(0.0621) / 1-3-6(0.0597) / 6-3-2(0.0395) / 3-6-2(0.0382) / 6-1-2(0.0331) / 1-6-2(0.0309)
2025-10-24,6,2-3-4,4-2-3,0.17425004373350397,False,4-2-3(0.1743) / 4-3-2(0.1488) / 2-4-3(0.0921) / 3-4-2(0.0750) / 4-2-1(0.0456) / 4-2-6(0.0378) / 2-3-4(0.0328) / 3-2-4(0.0312) / 4-3-1(0.0310) / 4-1-2(0.0274)
2025-10-24,7,1-2-5,1-5-3,0.1691966405680109,False,1-5-3(0.1692) / 1-5-2(0.1162) / 1-5-4(0.1115) / 1-5-6(0.1071) / 1-3-5(0.0633) / 5-1-3(0.0495) / 1-2-5(0.0419) / 1-4-5(0.0400) / 1-6-5(0.0383) / 5-1-2(0.0340)
2025-10-24,8,1-2-4,3-2-1,0.046763990168198634,False,3-2-1(0.0468) / 3-1-2(0.0434) / 3-2-4(0.0422) / 3-4-2(0.0379) / 2-3-1(0.0351) / 3-1-4(0.0326) / 2-3-4(0.0317) / 3-4-1(0.0316) / 1-3-2(0.0313) / 4-3-2(0.0269)
2025-10-24,9,1-2-3,5-1-4,0.03026844781417474,False,5-1-4(0.0303) / 5-4-1(0.0285) / 5-1-2(0.0279) / 5-2-1(0.0257) / 1-5-4(0.0244) / 1-5-2(0.0225) / 4-5-1(0.0222) / 5-1-3(0.0221) / 5-4-2(0.0221) / 5-2-4(0.0216)
2025-10-24,10,1-2-5,2-1-3,0.056925130466566526,False,2-1-3(0.0569) / 2-1-5(0.0448) / 2-3-1(0.0429) / 2-1-6(0.0428) / 1-2-3(0.0382) / 2-1-4(0.0379) / 2-5-1(0.0322) / 2-6-1(0.0305) / 1-2-5(0.0300) / 1-2-6(0.0287)
2025-10-24,11,3-1-6,6-1-4,0.10674452154757748,False,6-1-4(0.1067) / 6-1-3(0.1003) / 1-6-4(0.0973) / 1-6-3(0.0914) / 6-1-5(0.0490) / 6-1-2(0.0469) / 1-6-5(0.0447) / 1-6-2(0.0427) / 6-4-1(0.0374) / 6-3-1(0.0348)
2025-10-24,12,1-4-6,6-1-2,0.052647977662228146,False,6-1-2(0.0526) / 6-1-4(0.0424) / 1-6-2(0.0414) / 6-1-5(0.0410) / 6-2-1(0.0390) / 1-6-4(0.0334) / 1-6-5(0.0322) / 6-4-1(0.0300) / 6-5-1(0.0288) / 6-1-3(0.0263)
2025-10-25,1,4-3-1,1-4-6,0.060606242407352705,False,1-4-6(0.0606) / 1-6-4(0.0533) / 4-1-6(0.0494) / 6-1-4(0.0406) / 1-4-2(0.0393) / 1-4-3(0.0356) / 4-6-1(0.0330) / 4-1-2(0.0320) / 6-4-1(0.0308) / 1-2-4(0.0304)
2025-10-25,2,1-5-4,5-1-2,0.1501304360155925,False,5-1-2(0.1501) / 1-5-2(0.1047) / 5-1-4(0.0816) / 5-2-1(0.0685) / 1-5-4(0.0569) / 5-1-3(0.0525) / 1-5-3(0.0366) / 5-1-6(0.0365) / 2-5-1(0.0364) / 5-4-1(0.0339)
2025-10-25,3,5-3-1,1-3-4,0.32002089486451124,False,1-3-4(0.3200) / 1-4-3(0.2434) / 3-1-4(0.0813) / 4-1-3(0.0596) / 1-3-6(0.0333) / 1-3-2(0.0280) / 1-3-5(0.0254) / 1-4-6(0.0181) / 1-6-3(0.0165) / 1-4-2(0.0152)
2025-10-25,4,3-1-2,1-3-4,0.050222914428625656,False,1-3-4(0.0502) / 1-3-2(0.0495) / 3-1-4(0.0453) / 3-1-2(0.0446) / 1-4-3(0.0366) / 1-2-3(0.0359) / 1-3-5(0.0321) / 3-4-1(0.0290) / 3-1-5(0.0289) / 3-2-1(0.0285)
2025-10-25,5,1-4-3,1-6-2,0.08952183959615699,False,1-6-2(0.0895) / 1-6-5(0.0704) / 6-1-2(0.0658) / 6-1-5(0.0518) / 1-2-6(0.0513) / 1-6-3(0.0456) / 1-6-4(0.0413) / 1-5-6(0.0386) / 6-1-3(0.0335) / 6-1-4(0.0304)
2025-10-25,6,2-1-3,1-3-2,0.0832874309189437,False,1-3-2(0.0833) / 3-1-2(0.0746) / 1-2-3(0.0674) / 2-1-3(0.0540) / 3-2-1(0.0518) / 2-3-1(0.0463) / 1-3-4(0.0404) / 3-1-4(0.0362) / 1-3-5(0.0312) / 3-1-5(0.0279)
2025-10-25,7,2-1-6,4-6-3,0.05149492856410168,False,4-6-3(0.0515) / 4-3-6(0.0508) / 4-6-2(0.0471) / 4-2-6(0.0451) / 4-3-2(0.0448) / 4-2-3(0.0434) / 6-4-3(0.0316) / 3-4-6(0.0309) / 4-6-1(0.0290) / 6-4-2(0.0289)
2025-10-25,8,1-2-4,1-4-5,0.08809220141134182,False,1-4-5(0.0881) / 1-5-4(0.0753) / 1-4-2(0.0712) / 1-2-4(0.0569) / 1-4-3(0.0476) / 4-1-5(0.0467) / 1-5-2(0.0435) / 1-2-5(0.0407) / 5-1-4(0.0378) / 4-1-2(0.0378)
2025-10-25,9,3-5-2,4-1-3,0.049995934634282334,False,4-1-3(0.0500) / 4-3-1(0.0473) / 1-4-3(0.0470) / 3-4-1(0.0429) / 1-3-4(0.0406) / 3-1-4(0.0392) / 4-1-2(0.0384) / 1-4-2(0.0361) / 4-2-1(0.0328) / 4-3-2(0.0325)
2025-10-25,10,1-2-4,2-1-6,0.03445374744068857,False,2-1-6(0.0345) / 2-1-5(0.0342) / 1-2-6(0.0310) / 1-2-5(0.0308) / 2-6-1(0.0292) / 2-5-1(0.0289) / 2-1-3(0.0285) / 1-2-3(0.0256) / 6-2-1(0.0236) / 5-2-1(0.0234)
2025-10-25,11,1-3-2,2-3-6,0.03139138182242958,False,2-3-6(0.0314) / 2-6-3(0.0313) / 3-2-6(0.0245) / 6-2-3(0.0245) / 2-3-1(0.0216) / 2-6-1(0.0214) / 2-3-5(0.0201) / 2-6-5(0.0200) / 2-1-3(0.0194) / 2-1-6(0.0193)
2025-10-25,12,1-2-3,1-6-2,0.04141568183286931,False,1-6-2(0.0414) / 1-2-6(0.0364) / 6-1-2(0.0333) / 1-6-4(0.0331) / 1-6-5(0.0285) / 1-4-6(0.0274) / 2-1-6(0.0273) / 6-1-4(0.0266) / 6-1-5(0.0229) / 1-5-6(0.0229)
2025-10-30,1,1-6-2,1-3-6,0.10126289375321226,False,1-3-6(0.1013) / 1-6-3(0.0975) / 1-3-4(0.0621) / 3-1-6(0.0562) / 1-6-4(0.0557) / 6-1-3(0.0533) / 1-4-3(0.0501) / 1-4-6(0.0466) / 3-1-4(0.0345) / 6-1-4(0.0305)
2025-10-30,2,5-2-3,2-3-4,0.15411375793089466,False,2-3-4(0.1541) / 3-2-4(0.1351) / 2-3-5(0.0913) / 3-2-5(0.0800) / 2-4-3(0.0791) / 3-4-2(0.0586) / 4-2-3(0.0523) / 4-3-2(0.0441) / 2-5-3(0.0417) / 3-5-2(0.0314)
2025-10-30,3,6-2-3,6-3-2,0.04891489978203105,False,6-3-2(0.0489) / 3-6-2(0.0480) / 6-2-3(0.0387) / 3-2-6(0.0370) / 6-3-5(0.0364) / 3-6-5(0.0357) / 2-6-3(0.0328) / 2-3-6(0.0320) / 6-3-4(0.0296) / 3-6-4(0.0290)
2025-10-30,4,3-4-6,6-4-3,0.17981947273955615,False,6-4-3(0.1798) / 4-6-3(0.1142) / 6-3-4(0.1053) / 6-4-5(0.0627) / 3-6-4(0.0560) / 4-6-5(0.0398) / 4-3-6(0.0377) / 6-4-2(0.0367) / 3-4-6(0.0315) / 6-5-4(0.0299)
2025-10-30,5,1-4-6,4-6-2,0.2710670783460359,False,4-6-2(0.2711) / 4-2-6(0.1902) / 6-4-2(0.0794) / 4-6-1(0.0631) / 2-4-6(0.0526) / 4-6-3(0.0410) / 4-1-6(0.0323) / 4-2-1(0.0274) / 4-3-6(0.0204) / 4-1-2(0.0200)
2025-10-30,6,6-2-1,6-1-2,0.18499776991001132,False,6-1-2(0.1850) / 6-2-1(0.1368) / 6-1-3(0.0929) / 6-1-4(0.0723) / 6-3-1(0.0584) / 6-4-1(0.0439) / 6-2-3(0.0397) / 6-1-5(0.0344) / 6-3-2(0.0337) / 6-2-4(0.0309)
2025-10-30,7,5-6-1,5-3-1,0.1842250766721201,False,5-3-1(0.1842) / 3-5-1(0.1418) / 5-1-3(0.0869) / 5-3-6(0.0536) / 5-3-4(0.0512) / 1-5-3(0.0508) / 3-1-5(0.0483) / 3-5-6(0.0413) / 3-5-4(0.0394) / 1-3-5(0.0367)
2025-10-30,8,1-3-4,1-2-4,0.23421950082357493,False,1-2-4(0.2342) / 1-4-2(0.1697) / 2-1-4(0.1681) / 4-1-2(0.1086) / 2-4-1(0.0742) / 4-2-1(0.0662) / 1-2-3(0.0246) / 2-1-3(0.0176) / 1-4-3(0.0124) / 1-3-2(0.0114)
2025-10-30,9,1-5-6,1-6-3,0.08391160979800735,False,1-6-3(0.0839) / 1-3-6(0.0735) / 1-6-5(0.0677) / 1-5-6(0.0551) / 6-1-3(0.0486) / 1-3-5(0.0447) / 1-5-3(0.0416) / 3-1-6(0.0404) / 6-1-5(0.0392) / 5-1-6(0.0295)
2025-10-30,10,1-2-4,3-4-1,0.1125753934733384,False,3-4-1(0.1126) / 3-1-4(0.0825) / 4-3-1(0.0791) / 3-4-2(0.0534) / 1-3-4(0.0510) / 3-4-6(0.0443) / 4-3-2(0.0375) / 4-1-3(0.0366) / 3-2-4(0.0327) / 1-4-3(0.0322)
2025-10-30,11,6-1-4,2-1-3,0.04147091807107165,False,2-1-3(0.0415) / 1-2-3(0.0383) / 2-3-1(0.0360) / 3-2-1(0.0305) / 1-3-2(0.0299) / 3-1-2(0.0274) / 2-1-5(0.0270) / 1-2-5(0.0249) / 2-1-4(0.0244) / 1-2-4(0.0226)
2025-10-30,12,5-4-6,2-4-6,0.040940300008744615,False,2-4-6(0.0409) / 2-4-5(0.0400) / 4-2-6(0.0384) / 4-2-5(0.0375) / 2-6-4(0.0305) / 2-5-4(0.0297) / 2-4-1(0.0267) / 4-6-2(0.0265) / 4-5-2(0.0257) / 4-2-1(0.0250)
2025-10-31,1,4-3-5,3-4-1,0.15754838847787525,False,3-4-1(0.1575) / 4-3-1(0.1190) / 3-1-4(0.0892) / 3-4-6(0.0845) / 4-3-6(0.0639) / 1-3-4(0.0540) / 4-1-3(0.0471) / 3-6-4(0.0415) / 1-4-3(0.0378) / 3-4-2(0.0247)
2025-10-31,2,1-4-2,4-2-1,0.04695065249778683,False,4-2-1(0.0470) / 4-2-6(0.0439) / 2-4-1(0.0406) / 4-1-2(0.0387) / 2-4-6(0.0380) / 4-6-2(0.0355) / 1-4-2(0.0299) / 2-1-4(0.0278) / 6-4-2(0.0272) / 2-6-4(0.0256)
2025-10-31,3,2-5-6,2-5-1,0.2250934427134292,False,2-5-1(0.2251) / 2-1-5(0.2055) / 5-2-1(0.0889) / 1-2-5(0.0795) / 2-5-6(0.0383) / 2-1-6(0.0310) / 5-1-2(0.0227) / 2-6-5(0.0224) / 1-5-2(0.0223) / 2-5-3(0.0215)
2025-10-31,4,1-4-2,4-1-6,0.042705223985900306,False,4-1-6(0.0427) / 1-4-6(0.0408) / 4-6-1(0.0402) / 4-1-5(0.0395) / 1-4-5(0.0377) / 6-4-1(0.0369) / 4-5-1(0.0360) / 1-6-4(0.0359) / 6-1-4(0.0346) / 4-6-5(0.0326)
2025-10-31,6,3-1-4,3-5-1,0.12363392125249542,False,3-5-1(0.1236) / 3-1-5(0.0899) / 3-5-4(0.0892) / 5-3-1(0.0746) / 3-4-5(0.0589) / 5-3-4(0.0538) / 1-3-5(0.0484) / 3-1-4(0.0371) / 3-4-1(0.0337) / 4-3-5(0.0305)
2025-10-31,7,1-6-3,1-6-3,0.24617818083819368,True,1-6-3(0.2462) / 1-3-6(0.1512) / 1-6-5(0.1010) / 6-1-3(0.0723) / 1-5-6(0.0510) / 1-6-4(0.0483) / 3-1-6(0.0410) / 1-3-5(0.0303) / 6-1-5(0.0296) / 1-5-3(0.0249)
2025-10-31,8,1-2-4,1-4-2,0.3222093924107154,False,1-4-2(0.3222) / 1-2-4(0.1640) / 1-4-5(0.1099) / 4-1-2(0.0745) / 1-4-3(0.0573) / 1-5-4(0.0459) / 2-1-4(0.0349) / 4-1-5(0.0254) / 1-3-4(0.0229) / 1-2-5(0.0226)
2025-10-31,10,1-2-4,1-6-2,0.0829611241153214,False,1-6-2(0.0830) / 1-2-6(0.0737) / 1-6-3(0.0538) / 6-1-2(0.0468) / 1-3-6(0.0421) / 2-1-6(0.0397) / 1-2-3(0.0370) / 1-3-2(0.0326) / 1-6-5(0.0309) / 6-1-3(0.0303)
2025-10-31,11,2-4-5,5-1-6,0.10237184204589019,False,5-1-6(0.1024) / 5-6-1(0.0753) / 1-5-6(0.0685) / 5-1-4(0.0522) / 6-5-1(0.0446) / 1-5-4(0.0350) / 5-4-1(0.0329) / 5-1-3(0.0326) / 5-1-2(0.0325) / 1-6-5(0.0303)
2025-10-31,12,2-1-3,2-6-1,0.05641854371382371,False,2-6-1(0.0564) / 2-1-6(0.0513) / 2-6-4(0.0397) / 6-2-1(0.0373) / 2-4-6(0.0327) / 1-2-6(0.0325) / 2-6-3(0.0297) / 2-1-4(0.0285) / 6-2-4(0.0262) / 2-4-1(0.0259)
2025-11-01,1,1-2-5,1-6-5,0.0676004541518218,False,1-6-5(0.0676) / 6-1-5(0.0668) / 1-5-6(0.0597) / 6-5-1(0.0580) / 5-1-6(0.0548) / 5-6-1(0.0538) / 1-6-2(0.0270) / 6-1-2(0.0267) / 1-5-2(0.0193) / 1-2-6(0.0184)
2025-11-01,2,1-4-5,5-4-3,0.19092814039056152,False,5-4-3(0.1909) / 5-3-4(0.1463) / 5-4-2(0.0734) / 5-4-1(0.0681) / 4-5-3(0.0539) / 5-2-4(0.0446) / 5-1-4(0.0411) / 3-5-4(0.0395) / 5-3-2(0.0362) / 5-3-1(0.0336)
2025-11-01,3,2-6-4,4-1-6,0.11600038085875317,False,4-1-6(0.1160) / 1-4-6(0.0840) / 4-1-3(0.0730) / 4-6-1(0.0679) / 4-1-2(0.0628) / 1-4-3(0.0529) / 1-4-2(0.0455) / 6-4-1(0.0397) / 4-3-1(0.0389) / 1-6-4(0.0332)
2025-11-01,4,1-3-2,5-2-1,0.22602353583164866,False,5-2-1(0.2260) / 5-1-2(0.1327) / 5-2-4(0.1100) / 2-5-1(0.1053) / 5-4-2(0.0543) / 1-5-2(0.0542) / 2-5-4(0.0513) / 5-1-4(0.0304) / 5-4-1(0.0256) / 2-1-5(0.0241)
2025-11-01,5,1-4-2,4-6-1,0.26185162192953154,False,4-6-1(0.2619) / 6-4-1(0.1701) / 4-6-3(0.0994) / 4-1-6(0.0911) / 6-4-3(0.0646) / 1-4-6(0.0440) / 6-1-4(0.0356) / 4-3-6(0.0303) / 1-6-4(0.0265) / 4-6-2(0.0242)
2025-11-01,6,1-2-3,4-1-3,0.04810782571144472,False,4-1-3(0.0481) / 1-4-3(0.0459) / 4-3-1(0.0424) / 1-3-4(0.0379) / 4-1-2(0.0375) / 3-4-1(0.0374) / 1-4-2(0.0357) / 3-1-4(0.0351) / 4-2-1(0.0304) / 1-2-4(0.0273)
2025-11-01,7,1-5-3,3-1-5,0.06702980787706116,False,3-1-5(0.0670) / 3-5-1(0.0662) / 3-1-2(0.0515) / 3-5-2(0.0495) / 1-3-5(0.0492) / 5-3-1(0.0483) / 3-2-1(0.0457) / 3-2-5(0.0446) / 1-3-2(0.0378) / 5-3-2(0.0361)
2025-11-01,8,1-3-6,1-4-2,0.16261898960681687,False,1-4-2(0.1626) / 4-1-2(0.1182) / 1-2-4(0.1156) / 2-1-4(0.0735) / 1-4-5(0.0589) / 4-2-1(0.0540) / 2-4-1(0.0473) / 4-1-5(0.0428) / 1-5-4(0.0321) / 1-2-5(0.0260)
2025-11-01,9,1-2-3,2-1-5,0.1235367388050443,False,2-1-5(0.1235) / 2-1-3(0.1015) / 1-2-5(0.0914) / 1-2-3(0.0751) / 2-5-1(0.0571) / 2-3-1(0.0454) / 2-1-4(0.0451) / 1-2-4(0.0334) / 5-2-1(0.0317) / 2-1-6(0.0300)
2025-11-01,10,5-4-2,2-3-6,0.08029333365263275,False,2-3-6(0.0803) / 2-6-3(0.0663) / 2-3-5(0.0561) / 2-3-1(0.0507) / 2-5-3(0.0424) / 3-2-6(0.0392) / 2-1-3(0.0376) / 6-2-3(0.0304) / 2-6-5(0.0295) / 2-3-4(0.0288)
2025-11-01,11,5-2-3,2-3-4,0.05229975753448908,False,2-3-4(0.0523) / 2-4-3(0.0509) / 2-3-6(0.0399) / 3-2-4(0.0372) / 2-4-6(0.0365) / 4-2-3(0.0357) / 2-6-3(0.0355) / 2-6-4(0.0333) / 3-2-6(0.0284) / 4-2-6(0.0256)
2025-11-01,12,3-5-2,2-6-5,0.033932515349989104,False,2-6-5(0.0339) / 2-5-6(0.0337) / 6-2-5(0.0299) / 5-2-6(0.0295) / 2-6-3(0.0278) / 2-5-3(0.0270) / 2-3-6(0.0257) / 2-3-5(0.0252) / 6-5-2(0.0249) / 5-6-2(0.0248)
2025-11-02,1,1-6-5,6-3-2,0.08658503786354341,False,6-3-2(0.0866) / 6-2-3(0.0825) / 6-3-4(0.0490) / 3-6-2(0.0475) / 2-6-3(0.0445) / 6-3-1(0.0442) / 6-2-4(0.0422) / 6-4-3(0.0390) / 6-2-1(0.0381) / 6-4-2(0.0353)
2025-11-02,3,3-5-2,2-5-4,0.10904548276586541,False,2-5-4(0.1090) / 2-4-5(0.0847) / 5-2-4(0.0821) / 2-5-3(0.0660) / 4-2-5(0.0570) / 5-2-3(0.0497) / 2-3-5(0.0439) / 5-4-2(0.0435) / 4-5-2(0.0389) / 2-4-3(0.0336)
2025-11-02,4,2-1-3,5-6-2,0.04163821934758144,False,5-6-2(0.0416) / 6-5-2(0.0400) / 5-2-6(0.0356) / 5-6-3(0.0325) / 6-2-5(0.0324) / 6-5-3(0.0313) / 2-5-6(0.0310) / 2-6-5(0.0294) / 5-3-6(0.0259) / 6-3-5(0.0237)
2025-11-02,5,3-1-4,3-1-5,0.27360363190280906,False,3-1-5(0.2736) / 3-5-1(0.1752) / 3-1-4(0.1187) / 1-3-5(0.0712) / 3-4-1(0.0616) / 5-3-1(0.0427) / 3-5-4(0.0407) / 3-4-5(0.0330) / 1-3-4(0.0309) / 3-1-2(0.0172)
2025-11-02,7,1-2-3,1-2-3,0.09056811799703687,True,1-2-3(0.0906) / 2-1-3(0.0829) / 1-2-5(0.0743) / 2-1-5(0.0681) / 1-2-6(0.0517) / 2-1-6(0.0473) / 1-3-2(0.0423) / 2-3-1(0.0349) / 1-5-2(0.0337) / 1-2-4(0.0298)
2025-11-02,8,4-1-3,1-2-4,0.04533191954083157,False,1-2-4(0.0453) / 1-2-3(0.0422) / 2-1-4(0.0385) / 1-4-2(0.0382) / 2-1-3(0.0358) / 1-3-2(0.0348) / 4-1-2(0.0295) / 3-1-2(0.0265) / 2-4-1(0.0264) / 2-3-1(0.0241)
2025-11-02,9,2-1-5,3-2-6,0.10741618354263338,False,3-2-6(0.1074) / 3-6-2(0.0902) / 3-2-4(0.0704) / 2-3-6(0.0567) / 3-4-2(0.0520) / 6-3-2(0.0449) / 3-6-4(0.0422) / 3-2-5(0.0389) / 2-3-4(0.0372) / 3-4-6(0.0371)
2025-11-02,10,5-3-6,4-6-3,0.019150547909213684,False,4-6-3(0.0192) / 4-6-5(0.0185) / 4-3-6(0.0184) / 4-5-6(0.0176) / 6-4-3(0.0172) / 6-4-5(0.0166) / 3-4-6(0.0161) / 4-3-5(0.0157) / 4-5-3(0.0156) / 5-4-6(0.0153)
2025-11-02,11,1-2-6,1-3-5,0.17229775642555437,False,1-3-5(0.1723) / 3-1-5(0.0994) / 1-5-3(0.0969) / 1-3-6(0.0908) / 3-1-6(0.0524) / 5-1-3(0.0469) / 1-6-3(0.0447) / 1-3-2(0.0365) / 3-5-1(0.0286) / 5-3-1(0.0240)
2025-11-02,12,1-3-5,4-1-2,0.06554311653094362,False,4-1-2(0.0655) / 4-1-3(0.0611) / 4-2-1(0.0479) / 1-4-2(0.0448) / 4-3-1(0.0439) / 1-4-3(0.0418) / 4-1-6(0.0374) / 4-1-5(0.0297) / 2-4-1(0.0285) / 3-4-1(0.0259)
2025-11-07,1,1-4-3,2-4-3,0.18678592865278731,False,2-4-3(0.1868) / 2-3-4(0.1436) / 4-2-3(0.1072) / 3-2-4(0.0758) / 2-4-1(0.0539) / 4-3-2(0.0387) / 3-4-2(0.0356) / 4-2-1(0.0309) / 2-1-4(0.0302) / 2-3-1(0.0288)
2025-11-07,2,1-2-5,6-4-2,0.03443382397240891,False,6-4-2(0.0344) / 4-6-2(0.0325) / 6-4-1(0.0323) / 6-2-4(0.0310) / 4-6-1(0.0305) / 6-1-4(0.0285) / 2-6-4(0.0274) / 4-2-6(0.0271) / 2-4-6(0.0254) / 4-1-6(0.0249)
2025-11-07,3,1-3-2,1-4-6,0.019473336271780464,False,1-4-6(0.0195) / 1-4-3(0.0194) / 1-6-4(0.0191) / 1-3-4(0.0190) / 1-6-3(0.0179) / 1-3-6(0.0179) / 4-1-6(0.0176) / 4-1-3(0.0175) / 6-1-4(0.0170) / 3-1-4(0.0169)
2025-11-07,4,1-2-4,5-2-3,0.13408103022059223,False,5-2-3(0.1341) / 2-5-3(0.1259) / 5-2-4(0.0985) / 2-5-4(0.0924) / 5-3-2(0.0508) / 2-3-5(0.0443) / 5-4-2(0.0357) / 3-5-2(0.0319) / 5-2-1(0.0316) / 2-4-5(0.0312)
2025-11-07,5,1-4-5,3-1-2,0.06903063120177401,False,3-1-2(0.0690) / 3-2-1(0.0642) / 3-1-6(0.0466) / 3-1-5(0.0417) / 1-3-2(0.0406) / 3-6-1(0.0385) / 3-2-6(0.0367) / 2-3-1(0.0367) / 3-5-1(0.0337) / 3-2-5(0.0329)
2025-11-07,6,1-3-2,3-1-2,0.04434452541645033,False,3-1-2(0.0443) / 1-3-2(0.0427) / 3-1-4(0.0412) / 1-3-4(0.0397) / 3-1-5(0.0386) / 1-3-5(0.0371) / 3-1-6(0.0322) / 1-3-6(0.0310) / 3-2-1(0.0279) / 1-2-3(0.0257)
2025-11-07,7,4-1-3,4-6-5,0.04970459993792042,False,4-6-5(0.0497) / 4-6-2(0.0483) / 6-4-5(0.0440) / 6-4-2(0.0428) / 4-6-1(0.0361) / 4-5-6(0.0337) / 4-2-6(0.0326) / 6-4-1(0.0320) / 6-5-4(0.0258) / 4-6-3(0.0256)
2025-11-07,8,1-5-3,3-5-2,0.05034443672442586,False,3-5-2(0.0503) / 5-3-2(0.0460) / 3-2-5(0.0456) / 2-3-5(0.0392) / 5-2-3(0.0368) / 2-5-3(0.0346) / 3-5-6(0.0301) / 5-3-6(0.0275) / 3-5-4(0.0243) / 3-6-5(0.0234)
2025-11-07,9,3-1-6,4-5-6,0.044779856450912044,False,4-5-6(0.0448) / 5-4-6(0.0437) / 4-5-1(0.0401) / 5-4-1(0.0391) / 4-6-5(0.0339) / 5-6-4(0.0320) / 4-1-5(0.0295) / 6-4-5(0.0278) / 5-1-4(0.0278) / 6-5-4(0.0270)
2025-11-07,10,2-3-1,6-1-4,0.043785783612925365,False,6-1-4(0.0438) / 1-6-4(0.0416) / 6-4-1(0.0396) / 4-6-1(0.0353) / 1-4-6(0.0350) / 4-1-6(0.0329) / 6-1-5(0.0283) / 1-6-5(0.0269) / 6-5-1(0.0224) / 6-4-5(0.0206)
2025-11-07,11,1-4-2,2-5-1,0.051097780485672296,False,2-5-1(0.0511) / 2-1-5(0.0459) / 2-5-4(0.0455) / 2-4-5(0.0395) / 2-5-6(0.0367) / 5-2-1(0.0312) / 2-1-4(0.0305) / 2-6-5(0.0303) / 2-4-1(0.0295) / 5-2-4(0.0278)
2025-11-07,12,1-2-4,3-5-6,0.03743297814269824,False,3-5-6(0.0374) / 3-6-5(0.0349) / 3-5-1(0.0338) / 3-5-2(0.0325) / 3-1-5(0.0306) / 3-2-5(0.0291) / 5-3-6(0.0276) / 3-6-1(0.0259) / 3-1-6(0.0251) / 5-3-1(0.0249)
2025-11-08,1,5-6-2,4-5-3,0.06358420131663997,False,4-5-3(0.0636) / 4-3-5(0.0629) / 5-4-3(0.0561) / 3-4-5(0.0551) / 5-3-4(0.0460) / 3-5-4(0.0457) / 4-5-6(0.0270) / 4-3-6(0.0262) / 5-4-6(0.0238) / 3-4-6(0.0230)
2025-11-08,2,1-2-4,1-5-4,0.028195550250915778,False,1-5-4(0.0282) / 5-1-4(0.0268) / 1-4-5(0.0263) / 4-1-5(0.0238) / 5-4-1(0.0234) / 1-5-2(0.0227) / 1-5-6(0.0224) / 4-5-1(0.0223) / 5-1-2(0.0216) / 5-1-6(0.0213)
2025-11-08,3,1-3-2,5-4-3,0.03940599938233756,False,5-4-3(0.0394) / 4-5-3(0.0360) / 5-3-4(0.0353) / 3-5-4(0.0302) / 4-3-5(0.0286) / 5-4-6(0.0279) / 3-4-5(0.0268) / 4-5-6(0.0255) / 5-6-4(0.0227) / 5-4-1(0.0202)
2025-11-08,4,4-2-6,4-1-2,0.06954716292313338,False,4-1-2(0.0695) / 4-2-1(0.0550) / 4-1-6(0.0531) / 4-1-3(0.0496) / 1-4-2(0.0423) / 4-6-1(0.0393) / 4-3-1(0.0362) / 1-4-6(0.0323) / 2-4-1(0.0304) / 1-4-3(0.0302)
2025-11-08,5,2-6-1,6-5-2,0.09653402616020043,False,6-5-2(0.0965) / 6-2-5(0.0898) / 5-6-2(0.0860) / 2-6-5(0.0770) / 5-2-6(0.0669) / 2-5-6(0.0644) / 6-5-3(0.0207) / 5-6-3(0.0184) / 6-5-1(0.0180) / 6-2-3(0.0172)
2025-11-08,6,1-3-2,1-2-5,0.17603259496708196,False,1-2-5(0.1760) / 1-5-2(0.1456) / 2-1-5(0.0918) / 5-1-2(0.0717) / 1-2-3(0.0473) / 1-2-4(0.0346) / 2-5-1(0.0315) / 5-2-1(0.0297) / 1-5-3(0.0296) / 1-3-2(0.0280)
2025-11-08,7,5-1-2,1-5-2,0.025031999233371426,False,1-5-2(0.0250) / 1-5-4(0.0250) / 1-2-5(0.0234) / 1-4-5(0.0233) / 5-1-2(0.0226) / 5-1-4(0.0226) / 2-1-5(0.0202) / 4-1-5(0.0201) / 1-5-3(0.0194) / 1-2-4(0.0190)
2025-11-08,8,1-2-5,1-2-3,0.14461357802284783,False,1-2-3(0.1446) / 1-3-2(0.1397) / 2-1-3(0.0804) / 3-1-2(0.0768) / 1-2-4(0.0391) / 1-3-4(0.0359) / 2-3-1(0.0338) / 3-2-1(0.0334) / 1-4-2(0.0259) / 1-4-3(0.0246)
2025-11-08,9,1-6-3,1-2-4,0.03501025171901386,False,1-2-4(0.0350) / 2-1-4(0.0326) / 1-4-2(0.0312) / 1-2-3(0.0296) / 2-1-3(0.0275) / 4-1-2(0.0269) / 2-4-1(0.0263) / 1-3-2(0.0251) / 4-2-1(0.0244) / 2-3-1(0.0213)
2025-11-08,10,3-2-5,6-3-1,0.08102194524072562,False,6-3-1(0.0810) / 3-6-1(0.0675) / 6-1-3(0.0587) / 1-6-3(0.0417) / 3-1-6(0.0386) / 6-3-2(0.0385) / 6-3-4(0.0329) / 1-3-6(0.0329) / 3-6-2(0.0320) / 3-6-4(0.0274)
2025-11-08,11,1-4-6,1-6-2,0.09643490485991062,False,1-6-2(0.0964) / 6-1-2(0.0772) / 1-6-3(0.0678) / 1-2-6(0.0609) / 6-1-3(0.0542) / 1-6-4(0.0413) / 2-1-6(0.0396) / 1-3-6(0.0395) / 6-2-1(0.0370) / 6-1-4(0.0331)
2025-11-08,12,1-4-3,4-5-1,0.0661743818151538,False,4-5-1(0.0662) / 5-4-1(0.0529) / 4-1-5(0.0509) / 4-5-2(0.0434) / 1-4-5(0.0356) / 4-5-3(0.0349) / 5-4-2(0.0347) / 5-1-4(0.0306) / 4-2-5(0.0301) / 5-4-3(0.0279)
2025-11-09,1,1-2-3,2-6-5,0.05194774119572296,False,2-6-5(0.0519) / 6-2-5(0.0435) / 2-5-6(0.0414) / 2-6-3(0.0372) / 2-6-1(0.0345) / 6-2-3(0.0312) / 5-2-6(0.0306) / 6-2-1(0.0289) / 6-5-2(0.0277) / 2-3-6(0.0274)
2025-11-09,2,1-2-4,5-2-1,0.025741849600116978,False,5-2-1(0.0257) / 2-5-1(0.0247) / 5-2-6(0.0230) / 5-1-2(0.0225) / 2-5-6(0.0220) / 5-2-3(0.0211) / 2-1-5(0.0204) / 2-5-3(0.0202) / 1-5-2(0.0197) / 5-6-2(0.0195)
2025-11-09,3,1-5-6,3-4-1,0.041292959467952035,False,3-4-1(0.0413) / 3-1-4(0.0393) / 4-3-1(0.0383) / 1-3-4(0.0354) / 4-1-3(0.0329) / 1-4-3(0.0319) / 3-4-6(0.0248) / 4-3-6(0.0230) / 3-1-6(0.0212) / 3-4-2(0.0205)
2025-11-09,4,1-5-4,5-3-4,0.17187187968851458,False,5-3-4(0.1719) / 5-4-3(0.1423) / 3-5-4(0.0894) / 4-5-3(0.0699) / 5-3-6(0.0564) / 5-4-6(0.0353) / 5-6-3(0.0344) / 3-4-5(0.0306) / 3-5-6(0.0293) / 4-3-5(0.0289)
2025-11-09,6,3-1-5,5-2-3,0.06894863346171327,False,5-2-3(0.0689) / 2-5-3(0.0632) / 5-3-2(0.0614) / 3-5-2(0.0527) / 2-3-5(0.0497) / 3-2-5(0.0465) / 5-2-1(0.0305) / 2-5-1(0.0279) / 5-3-1(0.0220) / 5-1-2(0.0214)
2025-11-09,7,3-6-1,2-3-6,0.013690544786016884,False,2-3-6(0.0137) / 3-2-6(0.0136) / 2-6-3(0.0135) / 3-6-2(0.0133) / 6-2-3(0.0133) / 6-3-2(0.0132) / 2-3-1(0.0132) / 3-2-1(0.0131) / 2-1-3(0.0129) / 3-1-2(0.0127)
2025-11-09,8,5-1-2,5-2-1,0.09468799535500848,False,5-2-1(0.0947) / 5-1-2(0.0904) / 5-2-6(0.0622) / 5-1-6(0.0540) / 5-6-2(0.0514) / 5-6-1(0.0467) / 2-5-1(0.0459) / 1-5-2(0.0432) / 5-2-3(0.0343) / 2-5-6(0.0302)
2025-11-09,9,3-2-4,1-4-3,0.030344380548489758,False,1-4-3(0.0303) / 4-1-3(0.0292) / 1-3-4(0.0256) / 1-4-5(0.0242) / 1-4-6(0.0241) / 4-3-1(0.0235) / 4-1-5(0.0233) / 4-1-6(0.0231) / 3-1-4(0.0221) / 3-4-1(0.0210)
2025-11-09,10,1-3-4,1-4-6,0.06282091585212231,False,1-4-6(0.0628) / 1-4-5(0.0616) / 4-1-6(0.0532) / 4-1-5(0.0522) / 1-6-4(0.0472) / 1-5-4(0.0460) / 6-1-4(0.0344) / 5-1-4(0.0334) / 4-6-1(0.0324) / 4-5-1(0.0316)
2025-11-09,11,1-2-4,6-2-4,0.13549133120484858,False,6-2-4(0.1355) / 2-6-4(0.0909) / 6-4-2(0.0831) / 6-2-5(0.0717) / 2-6-5(0.0481) / 4-6-2(0.0466) / 6-5-2(0.0384) / 2-4-6(0.0340) / 6-2-3(0.0329) / 6-2-1(0.0285)
2025-11-09,12,1-4-3,4-6-5,0.06681246476445735,False,4-6-5(0.0668) / 4-5-6(0.0630) / 6-4-5(0.0476) / 5-4-6(0.0436) / 4-6-1(0.0422) / 4-5-1(0.0351) / 4-1-6(0.0343) / 4-1-5(0.0303) / 6-4-1(0.0300) / 6-5-4(0.0284)
2025-11-10,2,1-3-6,6-3-2,0.028070495629078332,False,6-3-2(0.0281) / 3-6-2(0.0278) / 6-3-1(0.0269) / 3-6-1(0.0266) / 6-2-3(0.0258) / 3-2-6(0.0252) / 6-1-3(0.0243) / 2-6-3(0.0240) / 3-1-6(0.0237) / 2-3-6(0.0237)
2025-11-10,3,3-5-2,2-4-1,0.03465788916590625,False,2-4-1(0.0347) / 2-1-4(0.0338) / 2-4-5(0.0297) / 4-2-1(0.0282) / 2-5-4(0.0275) / 1-2-4(0.0271) / 2-1-5(0.0270) / 2-5-1(0.0257) / 4-2-5(0.0241) / 2-4-3(0.0236)
2025-11-10,4,4-5-2,3-5-1,0.04722273284132038,False,3-5-1(0.0472) / 3-1-5(0.0468) / 5-3-1(0.0419) / 1-3-5(0.0412) / 5-1-3(0.0349) / 1-5-3(0.0347) / 3-5-2(0.0273) / 3-1-2(0.0265) / 5-3-2(0.0242) / 1-3-2(0.0233)
2025-11-10,5,2-1-3,2-5-4,0.049559337321347534,False,2-5-4(0.0496) / 2-5-3(0.0492) / 2-4-5(0.0427) / 2-3-5(0.0423) / 5-2-4(0.0406) / 5-2-3(0.0403) / 4-2-5(0.0322) / 3-2-5(0.0319) / 2-4-3(0.0299) / 2-3-4(0.0298)
2025-11-10,6,4-2-1,2-5-1,0.05593284944368547,False,2-5-1(0.0559) / 5-2-1(0.0542) / 2-5-4(0.0478) / 5-2-4(0.0463) / 2-1-5(0.0424) / 5-1-2(0.0395) / 1-2-5(0.0349) / 2-4-5(0.0347) / 1-5-2(0.0335) / 5-4-2(0.0323)
2025-11-10,7,1-3-4,3-1-5,0.07281228824519312,False,3-1-5(0.0728) / 3-5-1(0.0722) / 3-1-2(0.0661) / 3-5-2(0.0639) / 3-2-1(0.0635) / 3-2-5(0.0619) / 3-1-6(0.0412) / 3-5-6(0.0398) / 3-6-1(0.0355) / 3-2-6(0.0350)
2025-11-10,8,1-4-3,5-6-3,0.10591724683572405,False,5-6-3(0.1059) / 6-5-3(0.0966) / 5-3-6(0.0865) / 3-5-6(0.0711) / 6-3-5(0.0688) / 3-6-5(0.0620) / 5-6-2(0.0298) / 6-5-2(0.0272) / 5-6-4(0.0189) / 5-3-2(0.0180)
2025-11-10,9,1-2-3,2-4-3,0.05569448205269161,False,2-4-3(0.0557) / 2-4-5(0.0531) / 2-4-1(0.0429) / 2-3-4(0.0405) / 4-2-3(0.0398) / 2-5-4(0.0382) / 4-2-5(0.0380) / 4-2-1(0.0307) / 2-1-4(0.0297) / 2-4-6(0.0293)
2025-11-10,10,1-5-4,6-1-2,0.07336590934726239,False,6-1-2(0.0734) / 1-6-2(0.0646) / 6-2-1(0.0591) / 2-6-1(0.0463) / 1-2-6(0.0438) / 2-1-6(0.0390) / 6-1-3(0.0365) / 6-1-5(0.0351) / 1-6-3(0.0321) / 1-6-5(0.0309)
2025-11-10,11,1-2-5,1-5-3,0.15515941850637838,False,1-5-3(0.1552) / 1-3-5(0.1519) / 1-5-4(0.0697) / 1-3-4(0.0656) / 1-4-5(0.0526) / 1-4-3(0.0506) / 5-1-3(0.0375) / 3-1-5(0.0366) / 1-5-6(0.0296) / 1-5-2(0.0281)
2025-11-10,12,4-2-5,5-6-2,0.04510356353266794,False,5-6-2(0.0451) / 5-6-1(0.0421) / 6-5-2(0.0410) / 5-2-6(0.0401) / 6-5-1(0.0383) / 5-1-6(0.0366) / 2-5-6(0.0340) / 6-2-5(0.0321) / 1-5-6(0.0305) / 2-6-5(0.0299)
2025-11-11,1,1-4-6,3-5-4,0.04586865972433162,False,3-5-4(0.0459) / 3-4-5(0.0449) / 3-5-6(0.0391) / 3-6-5(0.0363) / 3-4-6(0.0362) / 3-6-4(0.0344) / 5-3-4(0.0315) / 4-3-5(0.0305) / 5-3-6(0.0269) / 4-3-6(0.0246)
2025-11-11,2,1-3-2,3-2-1,0.049054623466980564,False,3-2-1(0.0491) / 3-1-2(0.0479) / 3-2-5(0.0420) / 3-2-4(0.0406) / 3-5-2(0.0394) / 3-2-6(0.0381) / 3-1-5(0.0379) / 3-4-2(0.0378) / 3-1-4(0.0366) / 3-5-1(0.0364)
2025-11-11,3,4-1-6,4-3-6,0.07896850484004753,False,4-3-6(0.0790) / 3-4-6(0.0660) / 4-6-3(0.0655) / 4-3-1(0.0545) / 6-4-3(0.0497) / 3-4-1(0.0455) / 3-6-4(0.0428) / 4-1-3(0.0400) / 6-3-4(0.0389) / 4-6-1(0.0320)
2025-11-11,4,1-2-6,4-6-2,0.0640223634152025,False,4-6-2(0.0640) / 4-2-6(0.0609) / 4-6-1(0.0502) / 4-1-6(0.0442) / 4-2-1(0.0424) / 4-1-2(0.0391) / 6-4-2(0.0368) / 2-4-6(0.0343) / 4-6-5(0.0292) / 6-4-1(0.0289)
2025-11-11,5,1-2-5,1-4-3,0.0918542426443746,False,1-4-3(0.0919) / 1-4-5(0.0805) / 1-3-4(0.0689) / 1-5-4(0.0585) / 1-4-6(0.0498) / 1-4-2(0.0443) / 4-1-3(0.0363) / 1-6-4(0.0334) / 4-1-5(0.0318) / 1-3-5(0.0306)
2025-11-11,6,3-1-4,5-1-4,0.05505135593322992,False,5-1-4(0.0551) / 5-4-1(0.0495) / 1-5-4(0.0463) / 4-5-1(0.0392) / 1-4-5(0.0330) / 4-1-5(0.0311) / 5-1-3(0.0263) / 5-1-6(0.0258) / 1-5-3(0.0222) / 1-5-6(0.0217)
2025-11-11,7,1-4-3,1-5-6,0.05903857644286585,False,1-5-6(0.0590) / 1-6-5(0.0584) / 5-1-6(0.0398) / 6-1-5(0.0392) / 1-5-3(0.0292) / 1-6-3(0.0282) / 1-5-2(0.0282) / 1-6-2(0.0272) / 1-3-5(0.0237) / 5-6-1(0.0233)
2025-11-11,8,1-2-4,1-2-5,0.08949505292942202,False,1-2-5(0.0895) / 1-2-4(0.0868) / 2-1-5(0.0791) / 2-1-4(0.0767) / 1-2-6(0.0491) / 1-5-2(0.0444) / 2-1-6(0.0434) / 1-4-2(0.0428) / 2-5-1(0.0339) / 2-4-1(0.0328)
2025-11-11,9,1-2-4,2-1-3,0.06670291702579861,False,2-1-3(0.0667) / 1-2-3(0.0602) / 2-1-5(0.0585) / 1-2-5(0.0528) / 2-1-4(0.0509) / 2-1-6(0.0485) / 1-2-4(0.0459) / 1-2-6(0.0438) / 2-3-1(0.0337) / 2-5-1(0.0290)
2025-11-11,10,1-3-2,1-2-4,0.04450347711188004,False,1-2-4(0.0445) / 1-4-2(0.0385) / 2-1-4(0.0362) / 1-2-6(0.0306) / 4-1-2(0.0289) / 2-1-6(0.0249) / 1-2-5(0.0246) / 1-6-2(0.0241) / 2-4-1(0.0241) / 1-2-3(0.0238)
2025-11-11,11,1-2-3,1-3-4,0.05718375604958064,False,1-3-4(0.0572) / 3-1-4(0.0472) / 1-4-3(0.0462) / 1-3-5(0.0422) / 1-3-6(0.0364) / 3-1-5(0.0348) / 4-1-3(0.0341) / 1-5-3(0.0314) / 3-1-6(0.0300) / 3-4-1(0.0298)
2025-11-11,12,1-4-6,4-3-1,0.09130471784873531,False,4-3-1(0.0913) / 4-3-5(0.0840) / 4-3-2(0.0677) / 3-4-1(0.0592) / 3-4-5(0.0544) / 4-3-6(0.0493) / 4-1-3(0.0468) / 3-4-2(0.0439) / 4-5-3(0.0425) / 4-2-3(0.0333)
2025-11-12,1,5-1-2,2-6-4,0.03591668246687398,False,2-6-4(0.0359) / 2-4-6(0.0357) / 6-2-4(0.0295) / 4-2-6(0.0291) / 2-6-3(0.0252) / 2-4-3(0.0246) / 6-4-2(0.0225) / 2-3-6(0.0225) / 4-6-2(0.0224) / 2-3-4(0.0221)
2025-11-12,2,3-4-2,5-4-6,0.1118063817263433,False,5-4-6(0.1118) / 4-5-6(0.1053) / 5-6-4(0.0689) / 4-6-5(0.0599) / 6-5-4(0.0510) / 6-4-5(0.0471) / 5-4-2(0.0416) / 4-5-2(0.0392) / 5-4-1(0.0369) / 4-5-1(0.0347)
2025-11-12,3,1-3-4,6-5-3,0.07924842268556488,False,6-5-3(0.0792) / 6-3-5(0.0703) / 6-5-2(0.0486) / 6-5-4(0.0441) / 5-6-3(0.0421) / 6-2-5(0.0378) / 3-6-5(0.0358) / 6-4-5(0.0337) / 6-3-2(0.0330) / 6-3-4(0.0299)
2025-11-12,5,1-4-2,4-6-1,0.0386567563044542,False,4-6-1(0.0387) / 6-4-1(0.0375) / 4-1-6(0.0324) / 6-1-4(0.0303) / 4-6-3(0.0301) / 6-4-3(0.0292) / 1-4-6(0.0281) / 1-6-4(0.0271) / 4-3-6(0.0236) / 6-3-4(0.0221)
2025-11-12,6,1-2-3,5-2-1,0.027335116820989633,False,5-2-1(0.0273) / 2-5-1(0.0272) / 5-2-4(0.0266) / 2-5-4(0.0265) / 5-1-2(0.0225) / 2-1-5(0.0223) / 5-4-2(0.0217) / 5-2-6(0.0217) / 2-5-6(0.0216) / 2-4-5(0.0216)
2025-11-12,7,5-4-3,6-5-3,0.08794287808491266,False,6-5-3(0.0879) / 5-6-3(0.0824) / 6-3-5(0.0547) / 5-3-6(0.0472) / 6-5-1(0.0428) / 3-6-5(0.0402) / 5-6-1(0.0401) / 6-5-4(0.0394) / 3-5-6(0.0370) / 5-6-4(0.0370)
2025-11-12,8,1-2-5,1-6-2,0.04238209376513263,False,1-6-2(0.0424) / 6-1-2(0.0412) / 1-2-6(0.0399) / 2-1-6(0.0373) / 6-2-1(0.0372) / 2-6-1(0.0358) / 1-6-4(0.0263) / 6-1-4(0.0256) / 1-2-4(0.0217) / 1-4-6(0.0213)
2025-11-12,9,1-2-3,6-3-1,0.08442622938296124,False,6-3-1(0.0844) / 3-6-1(0.0679) / 6-1-3(0.0663) / 1-6-3(0.0474) / 3-1-6(0.0399) / 1-3-6(0.0355) / 6-3-2(0.0348) / 6-3-5(0.0290) / 3-6-2(0.0280) / 6-3-4(0.0257)
2025-11-12,10,1-4-2,5-6-1,0.018068329363902243,False,5-6-1(0.0181) / 5-1-6(0.0180) / 5-6-4(0.0174) / 5-1-4(0.0171) / 5-4-6(0.0171) / 5-4-1(0.0169) / 6-5-1(0.0167) / 1-5-6(0.0166) / 6-5-4(0.0160) / 1-5-4(0.0158)
2025-11-12,11,4-1-2,4-1-6,0.024700253657091324,False,4-1-6(0.0247) / 1-4-6(0.0243) / 4-1-2(0.0239) / 1-4-2(0.0235) / 4-6-1(0.0205) / 4-1-5(0.0198) / 4-2-1(0.0197) / 1-6-4(0.0197) / 1-4-5(0.0194) / 1-2-4(0.0190)
2025-11-12,12,1-3-6,4-3-1,0.11937511293641516,False,4-3-1(0.1194) / 4-1-3(0.1015) / 3-4-1(0.0981) / 1-4-3(0.0773) / 3-1-4(0.0624) / 1-3-4(0.0578) / 4-3-2(0.0424) / 3-4-2(0.0349) / 4-1-2(0.0284) / 4-2-3(0.0265)
2025-11-16,1,4-2-5,5-3-2,0.052159855685861005,False,5-3-2(0.0522) / 3-5-2(0.0453) / 5-2-3(0.0440) / 2-5-3(0.0348) / 3-2-5(0.0318) / 5-3-6(0.0308) / 5-3-1(0.0304) / 2-3-5(0.0289) / 3-5-6(0.0268) / 3-5-1(0.0264)
2025-11-16,2,2-1-5,2-3-6,0.3746928461146147,False,2-3-6(0.3747) / 3-2-6(0.1340) / 2-3-1(0.1315) / 2-6-3(0.0985) / 3-2-1(0.0470) / 2-3-5(0.0421) / 2-1-3(0.0310) / 6-2-3(0.0288) / 3-2-5(0.0151) / 3-6-2(0.0113)
2025-11-16,3,5-1-6,2-5-6,0.05031012378436591,False,2-5-6(0.0503) / 2-6-5(0.0503) / 5-2-6(0.0392) / 6-2-5(0.0391) / 2-5-4(0.0299) / 2-6-4(0.0298) / 5-6-2(0.0278) / 6-5-2(0.0278) / 2-4-5(0.0253) / 2-4-6(0.0253)
2025-11-16,4,3-2-1,3-5-2,0.10738888723913166,False,3-5-2(0.1074) / 3-5-4(0.1025) / 3-2-5(0.0713) / 5-3-2(0.0703) / 3-4-5(0.0672) / 5-3-4(0.0671) / 2-3-5(0.0399) / 4-3-5(0.0374) / 3-2-4(0.0316) / 3-4-2(0.0312)
2025-11-16,5,4-3-6,2-3-1,0.05507129993877605,False,2-3-1(0.0551) / 3-2-1(0.0527) / 2-3-6(0.0479) / 3-2-6(0.0458) / 2-3-5(0.0392) / 2-3-4(0.0391) / 3-2-5(0.0375) / 3-2-4(0.0374) / 2-1-3(0.0318) / 3-1-2(0.0289)
2025-11-16,7,2-1-4,2-4-1,0.19136892828918947,False,2-4-1(0.1914) / 2-1-4(0.1490) / 2-4-3(0.0832) / 4-2-1(0.0622) / 2-3-4(0.0517) / 1-2-4(0.0461) / 2-1-3(0.0434) / 2-4-6(0.0432) / 2-3-1(0.0346) / 4-2-3(0.0270)
2025-11-16,8,1-4-6,2-4-1,0.13384532695656573,False,2-4-1(0.1338) / 4-2-1(0.1193) / 2-1-4(0.1159) / 1-2-4(0.0964) / 4-1-2(0.0860) / 1-4-2(0.0802) / 2-4-5(0.0256) / 4-2-5(0.0228) / 2-1-5(0.0184) / 1-2-5(0.0153)
2025-11-16,9,1-2-3,5-1-4,0.1000849811803213,False,5-1-4(0.1001) / 5-1-6(0.0882) / 1-5-4(0.0673) / 1-5-6(0.0593) / 5-1-2(0.0591) / 5-4-1(0.0588) / 5-6-1(0.0505) / 1-5-2(0.0397) / 4-5-1(0.0323) / 5-2-1(0.0318)
2025-11-16,10,1-6-2,1-3-2,0.05867981547380311,False,1-3-2(0.0587) / 1-2-3(0.0577) / 3-1-2(0.0441) / 2-1-3(0.0429) / 1-3-5(0.0296) / 3-2-1(0.0292) / 2-3-1(0.0290) / 1-3-6(0.0286) / 1-2-5(0.0280) / 1-2-6(0.0271)
2025-11-16,11,3-1-4,1-4-6,0.12144905136626227,False,1-4-6(0.1214) / 1-6-4(0.1190) / 1-4-2(0.0584) / 1-6-2(0.0550) / 1-2-4(0.0454) / 1-2-6(0.0436) / 4-1-6(0.0435) / 6-1-4(0.0424) / 1-4-3(0.0319) / 1-6-3(0.0300)
2025-11-17,1,3-4-5,3-4-5,0.08792960525232241,True,3-4-5(0.0879) / 3-4-1(0.0755) / 3-5-4(0.0607) / 3-4-2(0.0565) / 3-1-4(0.0505) / 3-4-6(0.0436) / 4-3-5(0.0426) / 4-3-1(0.0366) / 3-2-4(0.0360) / 4-3-2(0.0274)
2025-11-17,2,2-1-3,3-1-5,0.13493967473902316,False,3-1-5(0.1349) / 3-1-2(0.1337) / 3-5-1(0.0967) / 3-2-1(0.0955) / 1-3-5(0.0571) / 1-3-2(0.0566) / 3-5-2(0.0512) / 3-2-5(0.0511) / 5-3-1(0.0375) / 2-3-1(0.0370)
2025-11-17,3,3-1-4,4-3-6,0.1382920508783397,False,4-3-6(0.1383) / 4-3-5(0.0973) / 3-4-6(0.0917) / 4-6-3(0.0738) / 3-4-5(0.0645) / 4-5-3(0.0484) / 6-4-3(0.0392) / 4-3-2(0.0391) / 3-6-4(0.0299) / 3-4-2(0.0259)
2025-11-17,4,2-3-5,6-4-2,0.09866428578086894,False,6-4-2(0.0987) / 6-2-4(0.0892) / 4-6-2(0.0623) / 2-6-4(0.0541) / 6-4-3(0.0521) / 6-2-3(0.0391) / 6-3-4(0.0385) / 4-6-3(0.0329) / 6-3-2(0.0320) / 4-2-6(0.0303)
2025-11-17,5,1-5-6,4-1-5,0.11031849682263847,False,4-1-5(0.1103) / 1-4-5(0.0902) / 4-1-2(0.0717) / 4-1-3(0.0685) / 1-4-2(0.0586) / 1-4-3(0.0560) / 4-5-1(0.0556) / 1-5-4(0.0358) / 5-4-1(0.0341) / 4-2-1(0.0336)
2025-11-17,6,4-1-5,3-5-1,0.2975353345453618,False,3-5-1(0.2975) / 5-3-1(0.1858) / 3-5-4(0.0829) / 3-5-6(0.0720) / 3-1-5(0.0586) / 5-3-4(0.0518) / 5-3-6(0.0450) / 3-5-2(0.0320) / 1-3-5(0.0253) / 5-1-3(0.0219)
2025-11-17,7,1-5-2,5-3-1,0.05939032325792124,False,5-3-1(0.0594) / 5-3-6(0.0560) / 3-5-1(0.0537) / 3-5-6(0.0506) / 5-1-3(0.0478) / 5-6-3(0.0441) / 1-5-3(0.0382) / 3-1-5(0.0378) / 3-6-5(0.0350) / 6-5-3(0.0348)
2025-11-17,8,1-4-2,1-4-2,0.1079399584870034,True,1-4-2(0.1079) / 1-4-6(0.1032) / 4-1-2(0.0833) / 4-1-6(0.0796) / 1-4-5(0.0597) / 1-2-4(0.0472) / 4-1-5(0.0460) / 1-6-4(0.0448) / 1-4-3(0.0272) / 4-2-1(0.0271)
2025-11-17,9,1-5-3,4-5-3,0.0872854361880438,False,4-5-3(0.0873) / 4-3-5(0.0829) / 4-5-2(0.0641) / 4-2-5(0.0560) / 4-5-6(0.0556) / 4-3-2(0.0529) / 4-2-3(0.0487) / 4-6-5(0.0472) / 4-3-6(0.0459) / 4-5-1(0.0436)
2025-11-17,10,4-2-3,4-6-1,0.1582073568045065,False,4-6-1(0.1582) / 4-1-6(0.1229) / 6-4-1(0.1010) / 1-4-6(0.0716) / 4-6-3(0.0485) / 6-1-4(0.0424) / 1-6-4(0.0387) / 6-4-3(0.0310) / 4-6-2(0.0295) / 4-3-6(0.0280)
2025-11-17,11,2-1-4,1-3-2,0.07139384337368858,False,1-3-2(0.0714) / 1-2-3(0.0671) / 3-1-2(0.0575) / 2-1-3(0.0523) / 3-2-1(0.0398) / 2-3-1(0.0386) / 1-3-5(0.0384) / 1-2-5(0.0321) / 3-1-5(0.0310) / 1-5-3(0.0295)
2025-11-17,12,1-4-5,1-6-4,0.048630285526153186,False,1-6-4(0.0486) / 1-4-6(0.0486) / 1-6-2(0.0462) / 1-4-2(0.0460) / 1-2-6(0.0454) / 1-2-4(0.0452) / 1-6-5(0.0422) / 1-4-5(0.0420) / 1-5-6(0.0405) / 1-5-4(0.0403)
2025-11-18,1,4-5-1,5-4-2,0.08955908102536046,False,5-4-2(0.0896) / 5-4-1(0.0873) / 5-2-4(0.0836) / 5-1-4(0.0806) / 5-2-1(0.0704) / 5-1-2(0.0696) / 4-5-2(0.0451) / 4-5-1(0.0440) / 2-5-4(0.0411) / 1-5-4(0.0395)
2025-11-18,2,6-2-5,6-3-5,0.05545926164999207,False,6-3-5(0.0555) / 3-6-5(0.0478) / 6-3-2(0.0459) / 6-5-3(0.0422) / 3-6-2(0.0395) / 6-2-3(0.0333) / 5-6-3(0.0314) / 3-5-6(0.0302) / 5-3-6(0.0260) / 6-3-4(0.0257)
2025-11-18,3,1-3-2,2-3-1,0.21260636941938102,False,2-3-1(0.2126) / 2-1-3(0.1445) / 3-2-1(0.1024) / 1-2-3(0.0628) / 2-3-5(0.0594) / 2-5-3(0.0306) / 3-2-5(0.0286) / 2-3-4(0.0283) / 3-1-2(0.0272) / 2-3-6(0.0258)
2025-11-18,4,3-2-5,3-2-6,0.0934055583962922,False,3-2-6(0.0934) / 3-2-1(0.0687) / 3-6-2(0.0676) / 3-2-4(0.0660) / 3-1-2(0.0464) / 2-3-6(0.0462) / 3-4-2(0.0443) / 2-3-1(0.0340) / 2-3-4(0.0326) / 6-3-2(0.0302)
2025-11-18,5,3-1-4,5-4-1,0.2421366973214412,False,5-4-1(0.2421) / 5-1-4(0.1841) / 4-5-1(0.1236) / 1-5-4(0.0873) / 4-1-5(0.0372) / 5-4-3(0.0357) / 1-4-5(0.0346) / 5-1-3(0.0193) / 5-4-2(0.0186) / 4-5-3(0.0182)
2025-11-18,6,1-3-4,6-3-4,0.24393440894821758,False,6-3-4(0.2439) / 3-6-4(0.1736) / 6-4-3(0.1380) / 4-6-3(0.0809) / 3-4-6(0.0619) / 4-3-6(0.0510) / 6-3-1(0.0477) / 3-6-1(0.0339) / 6-1-3(0.0198) / 6-3-2(0.0150)
2025-11-18,7,4-5-6,4-5-1,0.24212258522026184,False,4-5-1(0.2421) / 4-5-2(0.2415) / 4-1-5(0.0728) / 4-2-5(0.0726) / 5-4-1(0.0684) / 5-4-2(0.0682) / 4-5-3(0.0628) / 5-4-3(0.0177) / 1-4-5(0.0175) / 2-4-5(0.0175)
2025-11-19,1,1-4-5,4-3-5,0.12392373824541005,False,4-3-5(0.1239) / 3-4-5(0.1211) / 4-3-1(0.1005) / 3-4-1(0.0983) / 4-5-3(0.0497) / 3-5-4(0.0473) / 4-3-2(0.0440) / 3-4-2(0.0430) / 4-1-3(0.0390) / 3-1-4(0.0371)
2025-11-19,2,1-2-5,5-3-1,0.11629966093628354,False,5-3-1(0.1163) / 5-3-4(0.1125) / 3-5-1(0.0983) / 3-5-4(0.0951) / 5-3-2(0.0757) / 3-5-2(0.0639) / 5-1-3(0.0428) / 5-4-3(0.0413) / 3-1-5(0.0299) / 3-4-5(0.0289)
2025-11-19,3,1-2-5,1-3-5,0.08115228807203534,False,1-3-5(0.0812) / 1-5-3(0.0734) / 3-1-5(0.0707) / 5-1-3(0.0607) / 3-5-1(0.0523) / 5-3-1(0.0496) / 1-3-6(0.0313) / 1-3-2(0.0282) / 3-1-6(0.0273) / 3-1-2(0.0246)
2025-11-19,4,1-6-2,4-1-6,0.04172879567757181,False,4-1-6(0.0417) / 4-1-2(0.0400) / 4-6-1(0.0379) / 1-4-6(0.0372) / 4-2-1(0.0357) / 1-4-2(0.0356) / 6-4-1(0.0318) / 2-4-1(0.0297) / 1-6-4(0.0290) / 4-6-2(0.0289)
2025-11-19,6,1-6-2,2-6-1,0.3546311816777901,False,2-6-1(0.3546) / 6-2-1(0.2975) / 2-6-4(0.0669) / 6-2-4(0.0561) / 2-1-6(0.0548) / 6-1-2(0.0378) / 1-2-6(0.0282) / 1-6-2(0.0232) / 2-6-3(0.0207) / 6-2-3(0.0174)
2025-11-19,7,2-6-3,6-2-1,0.3462640397731376,False,6-2-1(0.3463) / 6-1-2(0.1477) / 2-6-1(0.1417) / 6-2-3(0.0691) / 1-6-2(0.0513) / 6-2-4(0.0382) / 2-6-3(0.0283) / 6-3-2(0.0234) / 2-1-6(0.0208) / 1-2-6(0.0177)
2025-11-19,8,3-4-2,2-1-4,0.06766097687673135,False,2-1-4(0.0677) / 1-2-4(0.0615) / 2-1-6(0.0595) / 1-2-6(0.0541) / 2-4-1(0.0444) / 2-1-3(0.0433) / 1-2-3(0.0393) / 2-6-1(0.0379) / 1-4-2(0.0359) / 4-2-1(0.0324)
2025-11-19,9,4-2-1,6-4-2,0.061630369439237505,False,6-4-2(0.0616) / 6-2-4(0.0599) / 6-4-1(0.0478) / 6-2-1(0.0432) / 6-1-4(0.0429) / 6-1-2(0.0399) / 4-6-2(0.0314) / 2-6-4(0.0302) / 6-4-5(0.0273) / 6-4-3(0.0249)
2025-11-19,10,1-3-6,1-5-2,0.04752027209903226,False,1-5-2(0.0475) / 5-1-2(0.0460) / 1-2-5(0.0399) / 5-2-1(0.0369) / 1-5-6(0.0361) / 5-1-6(0.0349) / 2-1-5(0.0347) / 2-5-1(0.0332) / 1-6-5(0.0279) / 5-6-1(0.0259)
2025-11-19,11,1-6-4,1-4-5,0.1200617529108067,False,1-4-5(0.1201) / 1-4-3(0.0809) / 4-1-5(0.0729) / 1-4-6(0.0711) / 1-5-4(0.0603) / 4-1-3(0.0491) / 1-4-2(0.0462) / 4-1-6(0.0432) / 1-3-4(0.0382) / 1-6-4(0.0331)
2025-11-19,12,1-5-2,4-5-2,0.11128205386502757,False,4-5-2(0.1113) / 5-4-2(0.1074) / 4-5-1(0.0693) / 5-4-1(0.0669) / 4-5-3(0.0596) / 5-4-3(0.0576) / 4-2-5(0.0455) / 5-2-4(0.0421) / 2-4-5(0.0295) / 2-5-4(0.0283)
2025-11-20,1,2-1-5,2-5-4,0.17270514690433214,False,2-5-4(0.1727) / 2-4-5(0.1259) / 5-2-4(0.1073) / 4-2-5(0.0702) / 2-5-3(0.0568) / 5-4-2(0.0412) / 4-5-2(0.0370) / 2-5-1(0.0362) / 5-2-3(0.0353) / 2-3-5(0.0315)
2025-11-20,2,2-6-1,5-4-6,0.05417233302360408,False,5-4-6(0.0542) / 4-5-6(0.0517) / 5-6-4(0.0428) / 4-6-5(0.0383) / 5-4-3(0.0358) / 6-5-4(0.0355) / 4-5-3(0.0341) / 6-4-5(0.0333) / 5-3-4(0.0254) / 4-3-5(0.0229)
2025-11-20,4,1-2-4,3-2-1,0.17802165123403857,False,3-2-1(0.1780) / 2-3-1(0.1374) / 3-1-2(0.1069) / 3-2-5(0.0743) / 1-3-2(0.0676) / 2-1-3(0.0583) / 2-3-5(0.0574) / 1-2-3(0.0478) / 3-5-2(0.0361) / 3-1-5(0.0224)
2025-11-20,5,1-3-2,1-5-6,0.04337506297929134,False,1-5-6(0.0434) / 1-6-5(0.0433) / 1-5-4(0.0408) / 1-6-4(0.0406) / 1-4-5(0.0400) / 1-4-6(0.0398) / 1-5-2(0.0362) / 1-6-2(0.0360) / 1-2-5(0.0343) / 1-2-6(0.0342)
2025-11-20,6,6-1-5,4-6-1,0.09873504150850337,False,4-6-1(0.0987) / 4-6-5(0.0896) / 4-1-6(0.0643) / 4-6-2(0.0601) / 4-5-6(0.0571) / 6-4-1(0.0550) / 6-4-5(0.0499) / 4-2-6(0.0358) / 6-4-2(0.0335) / 1-4-6(0.0310)
2025-11-20,7,1-2-3,4-6-2,0.1638012778404553,False,4-6-2(0.1638) / 4-2-6(0.1548) / 6-4-2(0.0695) / 2-4-6(0.0647) / 4-6-5(0.0621) / 4-2-5(0.0537) / 4-5-6(0.0429) / 4-5-2(0.0392) / 6-4-5(0.0263) / 4-6-1(0.0259)
2025-11-20,9,3-1-4,1-3-4,0.11867473908750298,False,1-3-4(0.1187) / 1-3-2(0.0974) / 1-3-5(0.0687) / 3-1-4(0.0677) / 1-4-3(0.0602) / 3-1-2(0.0555) / 1-2-3(0.0478) / 1-3-6(0.0412) / 3-1-5(0.0392) / 1-5-3(0.0323)
2025-11-20,10,1-2-4,5-2-1,0.05306379129797819,False,5-2-1(0.0531) / 5-1-2(0.0512) / 5-2-6(0.0471) / 5-6-2(0.0439) / 5-1-6(0.0407) / 5-6-1(0.0393) / 5-2-4(0.0333) / 5-2-3(0.0314) / 5-4-2(0.0288) / 5-1-4(0.0288)
2025-11-20,11,1-2-6,3-1-5,0.2044846142201478,False,3-1-5(0.2045) / 3-5-1(0.1189) / 1-3-5(0.0979) / 3-1-4(0.0608) / 5-3-1(0.0495) / 3-1-6(0.0454) / 3-1-2(0.0416) / 1-3-4(0.0291) / 3-4-1(0.0285) / 1-5-3(0.0232)
2025-11-20,12,1-2-4,1-4-2,0.09322177033808214,False,1-4-2(0.0932) / 1-2-4(0.0749) / 1-4-3(0.0650) / 1-4-5(0.0601) / 1-3-4(0.0476) / 1-5-4(0.0434) / 4-1-2(0.0427) / 2-1-4(0.0321) / 1-2-3(0.0321) / 4-1-3(0.0298)
2025-11-25,1,1-5-4,4-1-5,0.03742306231704272,False,4-1-5(0.0374) / 4-5-1(0.0356) / 1-4-5(0.0284) / 4-1-2(0.0275) / 5-4-1(0.0263) / 4-2-1(0.0241) / 4-1-3(0.0240) / 4-5-2(0.0229) / 4-2-5(0.0210) / 1-4-2(0.0209)
2025-11-25,3,1-2-4,6-1-4,0.09353613565970656,False,6-1-4(0.0935) / 1-6-4(0.0866) / 6-4-1(0.0638) / 1-4-6(0.0533) / 4-6-1(0.0485) / 6-1-5(0.0476) / 1-6-5(0.0441) / 4-1-6(0.0438) / 6-1-2(0.0363) / 1-6-2(0.0337)
2025-11-25,4,1-6-2,6-1-4,0.14179867572995403,False,6-1-4(0.1418) / 6-1-2(0.1203) / 6-1-5(0.1107) / 6-4-1(0.0926) / 6-2-1(0.0761) / 6-5-1(0.0690) / 6-1-3(0.0505) / 6-4-2(0.0304) / 6-2-4(0.0294) / 6-3-1(0.0289)
2025-11-25,5,2-1-5,5-2-1,0.1689338079591857,False,5-2-1(0.1689) / 2-5-1(0.1575) / 5-1-2(0.0793) / 5-2-3(0.0744) / 2-5-3(0.0694) / 2-1-5(0.0676) / 1-5-2(0.0535) / 1-2-5(0.0489) / 5-3-2(0.0299) / 2-3-5(0.0258)
2025-11-25,6,6-3-1,6-3-1,0.186922734702059,True,6-3-1(0.1869) / 6-1-3(0.1552) / 3-6-1(0.1191) / 1-6-3(0.0927) / 6-3-4(0.0578) / 3-1-6(0.0515) / 1-3-6(0.0482) / 6-1-4(0.0377) / 3-6-4(0.0368) / 6-4-3(0.0336)
2025-11-25,7,2-3-5,5-3-2,0.17133138341621046,False,5-3-2(0.1713) / 5-2-3(0.1115) / 5-3-1(0.0963) / 3-5-2(0.0579) / 5-1-3(0.0551) / 5-3-6(0.0536) / 5-3-4(0.0370) / 2-5-3(0.0346) / 3-5-1(0.0325) / 5-2-1(0.0295)
2025-11-25,8,1-4-5,1-4-2,0.14842298151260183,False,1-4-2(0.1484) / 4-1-2(0.0884) / 1-4-5(0.0873) / 1-2-4(0.0834) / 1-4-3(0.0709) / 4-1-5(0.0520) / 1-5-4(0.0442) / 4-1-3(0.0422) / 2-1-4(0.0412) / 1-3-4(0.0349)
2025-11-25,9,1-2-3,5-1-2,0.0950680466974219,False,5-1-2(0.0951) / 1-5-2(0.0817) / 5-2-1(0.0812) / 2-5-1(0.0644) / 1-2-5(0.0561) / 2-1-5(0.0517) / 5-1-4(0.0251) / 1-5-4(0.0216) / 5-1-3(0.0207) / 5-1-6(0.0204)
2025-11-25,10,1-4-2,4-1-5,0.0681535274170158,False,4-1-5(0.0682) / 1-4-5(0.0605) / 4-5-1(0.0493) / 4-1-3(0.0459) / 1-4-3(0.0407) / 1-5-4(0.0376) / 5-4-1(0.0368) / 5-1-4(0.0316) / 4-1-2(0.0308) / 4-3-1(0.0302)
2025-11-25,11,2-3-4,2-3-4,0.10811564240049364,True,2-3-4(0.1081) / 2-4-3(0.0896) / 2-3-1(0.0722) / 3-2-4(0.0596) / 2-1-3(0.0528) / 4-2-3(0.0462) / 2-4-1(0.0418) / 3-2-1(0.0398) / 2-1-4(0.0369) / 2-3-5(0.0322)
2025-11-25,12,4-1-2,4-2-5,0.058282391869149734,False,4-2-5(0.0583) / 4-2-3(0.0557) / 4-2-6(0.0429) / 4-5-2(0.0420) / 4-2-1(0.0406) / 4-3-2(0.0397) / 2-4-5(0.0378) / 2-4-3(0.0361) / 4-6-2(0.0293) / 2-4-6(0.0278)
2025-11-26,1,1-2-3,3-2-5,0.034663418292972197,False,3-2-5(0.0347) / 3-5-2(0.0334) / 2-3-5(0.0328) / 5-3-2(0.0309) / 2-5-3(0.0294) / 5-2-3(0.0287) / 3-2-1(0.0243) / 3-2-4(0.0233) / 2-3-1(0.0230) / 2-3-4(0.0221)
2025-11-26,2,1-3-6,5-6-1,0.15078932629979916,False,5-6-1(0.1508) / 6-5-1(0.1272) / 5-1-6(0.0787) / 5-6-3(0.0598) / 6-1-5(0.0535) / 1-5-6(0.0507) / 6-5-3(0.0504) / 1-6-5(0.0408) / 5-6-4(0.0373) / 6-5-4(0.0314)
2025-11-26,3,3-4-2,6-4-5,0.08407290110635493,False,6-4-5(0.0841) / 6-5-4(0.0715) / 4-6-5(0.0514) / 6-4-3(0.0459) / 6-4-2(0.0412) / 5-6-4(0.0410) / 6-3-4(0.0333) / 6-2-4(0.0294) / 4-6-3(0.0281) / 6-5-3(0.0278)
2025-11-26,4,1-2-6,4-6-1,0.17644273956920392,False,4-6-1(0.1764) / 4-6-3(0.1559) / 4-1-6(0.1218) / 4-3-6(0.1036) / 4-1-3(0.0561) / 4-3-1(0.0540) / 6-4-1(0.0509) / 6-4-3(0.0450) / 1-4-6(0.0329) / 3-4-6(0.0278)
2025-11-26,5,4-1-3,3-5-4,0.056603742008014546,False,3-5-4(0.0566) / 3-5-6(0.0541) / 3-4-5(0.0518) / 3-6-5(0.0486) / 5-3-4(0.0469) / 5-3-6(0.0448) / 3-4-6(0.0411) / 4-3-5(0.0410) / 3-6-4(0.0404) / 6-3-5(0.0380)
2025-11-26,6,3-1-5,5-2-1,0.10945801932107074,False,5-2-1(0.1095) / 5-1-2(0.1042) / 5-2-3(0.0585) / 5-1-3(0.0505) / 2-5-1(0.0473) / 5-3-2(0.0456) / 1-5-2(0.0444) / 5-3-1(0.0414) / 5-2-6(0.0373) / 5-1-6(0.0322)
2025-11-26,7,3-1-6,3-6-4,0.09689332165505307,False,3-6-4(0.0969) / 3-4-6(0.0901) / 6-3-4(0.0496) / 3-6-1(0.0471) / 3-6-5(0.0453) / 4-3-6(0.0450) / 3-4-1(0.0378) / 3-4-5(0.0365) / 3-1-6(0.0356) / 3-5-6(0.0341)
2025-11-26,8,1-4-2,4-1-2,0.07989728674688473,False,4-1-2(0.0799) / 1-4-2(0.0719) / 4-2-1(0.0630) / 2-4-1(0.0499) / 1-2-4(0.0490) / 4-1-5(0.0455) / 2-1-4(0.0431) / 1-4-5(0.0409) / 4-5-1(0.0305) / 1-5-4(0.0242)
2025-11-26,9,6-1-2,1-6-2,0.17376260981691533,False,1-6-2(0.1738) / 6-1-2(0.1209) / 1-2-6(0.0970) / 1-6-3(0.0598) / 2-1-6(0.0548) / 6-2-1(0.0427) / 6-1-3(0.0416) / 1-6-4(0.0377) / 2-6-1(0.0347) / 1-3-6(0.0274)
2025-11-26,10,1-3-2,3-1-2,0.20702641804699348,False,3-1-2(0.2070) / 1-3-2(0.1232) / 3-1-5(0.1212) / 3-1-6(0.1027) / 1-3-5(0.0722) / 1-3-6(0.0611) / 3-2-1(0.0606) / 3-5-1(0.0336) / 3-6-1(0.0281) / 2-3-1(0.0263)
2025-11-26,11,1-4-2,1-2-3,0.0416162052190767,False,1-2-3(0.0416) / 2-1-3(0.0400) / 1-3-2(0.0380) / 2-3-1(0.0347) / 3-1-2(0.0345) / 3-2-1(0.0327) / 1-2-6(0.0316) / 2-1-6(0.0304) / 1-6-2(0.0264) / 2-6-1(0.0242)
2025-11-26,12,1-3-6,1-6-5,0.07838505924577852,False,1-6-5(0.0784) / 6-1-5(0.0680) / 1-5-6(0.0519) / 1-6-4(0.0464) / 6-1-4(0.0402) / 6-5-1(0.0377) / 5-1-6(0.0366) / 1-6-2(0.0312) / 1-6-3(0.0311) / 5-6-1(0.0307)
2025-11-27,1,2-1-5,2-5-1,0.2123131671997033,False,2-5-1(0.2123) / 5-2-1(0.1489) / 2-1-5(0.1258) / 1-2-5(0.0735) / 5-1-2(0.0549) / 2-5-3(0.0540) / 1-5-2(0.0457) / 5-2-3(0.0379) / 2-3-5(0.0243) / 2-5-4(0.0228)
2025-11-27,2,1-4-6,6-3-2,0.12393235175244163,False,6-3-2(0.1239) / 6-3-4(0.1157) / 6-3-1(0.1088) / 6-2-3(0.0915) / 6-4-3(0.0840) / 6-1-3(0.0778) / 6-2-4(0.0425) / 6-4-2(0.0418) / 6-2-1(0.0399) / 6-1-2(0.0387)
2025-11-27,3,3-4-5,6-5-3,0.05917549072438303,False,6-5-3(0.0592) / 6-3-5(0.0572) / 5-6-3(0.0540) / 3-6-5(0.0513) / 5-3-6(0.0457) / 3-5-6(0.0448) / 6-5-1(0.0197) / 6-5-4(0.0181) / 5-6-1(0.0180) / 6-3-1(0.0179)
2025-11-27,4,1-5-2,5-6-2,0.10967019957503074,False,5-6-2(0.1097) / 6-5-2(0.0912) / 5-2-6(0.0822) / 2-5-6(0.0597) / 6-2-5(0.0530) / 2-6-5(0.0463) / 5-6-4(0.0442) / 6-5-4(0.0367) / 5-6-1(0.0267) / 5-4-6(0.0264)
2025-11-27,5,2-5-6,5-2-3,0.1572758589934864,False,5-2-3(0.1573) / 2-5-3(0.1535) / 5-3-2(0.0978) / 2-3-5(0.0921) / 3-5-2(0.0761) / 3-2-5(0.0735) / 5-2-1(0.0286) / 2-5-1(0.0279) / 5-2-4(0.0215) / 2-5-4(0.0210)
2025-11-27,6,5-3-4,5-4-6,0.23839393018397312,False,5-4-6(0.2384) / 5-6-4(0.1493) / 5-4-1(0.1031) / 5-4-3(0.0583) / 5-1-4(0.0539) / 4-5-6(0.0516) / 5-4-2(0.0314) / 5-6-1(0.0310) / 6-5-4(0.0305) / 5-3-4(0.0290)
2025-11-27,7,2-3-6,6-2-5,0.07146907317176403,False,6-2-5(0.0715) / 6-2-3(0.0688) / 6-5-2(0.0550) / 6-3-2(0.0524) / 2-6-5(0.0501) / 2-6-3(0.0482) / 6-2-1(0.0412) / 5-6-2(0.0343) / 3-6-2(0.0325) / 6-5-3(0.0299)
2025-11-27,8,1-2-4,2-5-1,0.04969490652722891,False,2-5-1(0.0497) / 2-5-4(0.0455) / 2-1-5(0.0428) / 5-2-1(0.0428) / 5-2-4(0.0392) / 2-4-5(0.0381) / 1-2-5(0.0338) / 5-1-2(0.0303) / 4-2-5(0.0296) / 2-1-4(0.0280)
2025-11-27,10,4-3-6,3-4-6,0.12780369570831904,False,3-4-6(0.1278) / 4-3-6(0.1128) / 3-6-4(0.1108) / 6-3-4(0.0913) / 4-6-3(0.0804) / 6-4-3(0.0750) / 3-4-1(0.0247) / 4-3-1(0.0218) / 3-6-1(0.0177) / 6-3-1(0.0146)
2025-11-27,11,1-2-4,4-1-2,0.1824481604426999,False,4-1-2(0.1824) / 1-4-2(0.1036) / 4-2-1(0.0976) / 4-1-5(0.0663) / 4-1-3(0.0488) / 2-4-1(0.0460) / 4-1-6(0.0383) / 1-4-5(0.0377) / 4-5-1(0.0300) / 1-2-4(0.0280)
2025-11-28,2,2-4-3,5-6-4,0.12739985281780197,False,5-6-4(0.1274) / 6-5-4(0.0903) / 5-4-6(0.0756) / 5-6-3(0.0644) / 5-6-2(0.0585) / 6-5-3(0.0457) / 4-5-6(0.0438) / 6-5-2(0.0415) / 6-4-5(0.0351) / 5-3-6(0.0335)
2025-11-28,3,3-2-1,3-2-6,0.12010056670728114,False,3-2-6(0.1201) / 3-6-2(0.1061) / 3-2-1(0.0999) / 3-1-2(0.0831) / 3-6-1(0.0670) / 3-1-6(0.0631) / 3-2-5(0.0423) / 3-5-2(0.0302) / 3-6-5(0.0284) / 3-2-4(0.0262)
2025-11-28,4,2-4-1,4-2-6,0.15323839154422378,False,4-2-6(0.1532) / 2-4-6(0.1417) / 4-6-2(0.0819) / 2-6-4(0.0683) / 6-4-2(0.0573) / 6-2-4(0.0517) / 4-2-1(0.0359) / 2-4-1(0.0332) / 4-2-3(0.0330) / 2-4-3(0.0305)
2025-11-28,5,4-2-3,4-2-6,0.09058797632766818,False,4-2-6(0.0906) / 2-4-6(0.0903) / 4-2-5(0.0863) / 2-4-5(0.0860) / 4-2-3(0.0528) / 2-4-3(0.0527) / 4-6-2(0.0397) / 2-6-4(0.0394) / 4-5-2(0.0375) / 2-5-4(0.0373)
2025-11-28,6,5-1-4,5-2-3,0.05440336485748761,False,5-2-3(0.0544) / 2-5-3(0.0465) / 5-3-2(0.0444) / 5-2-1(0.0430) / 2-5-1(0.0368) / 3-5-2(0.0339) / 5-1-2(0.0329) / 2-3-5(0.0309) / 3-2-5(0.0277) / 5-2-4(0.0262)
2025-11-28,7,2-1-5,2-5-4,0.19503966218811886,False,2-5-4(0.1950) / 2-5-6(0.1776) / 2-5-3(0.1415) / 2-5-1(0.0727) / 2-4-5(0.0536) / 5-2-4(0.0501) / 2-6-5(0.0484) / 5-2-6(0.0456) / 2-3-5(0.0380) / 5-2-3(0.0363)
2025-11-28,8,3-4-2,1-4-3,0.10421391222873347,False,1-4-3(0.1042) / 4-1-3(0.0933) / 1-4-2(0.0727) / 4-1-2(0.0651) / 1-3-4(0.0568) / 4-3-1(0.0444) / 1-4-6(0.0400) / 3-1-4(0.0383) / 1-2-4(0.0369) / 4-1-6(0.0358)
2025-11-28,9,1-4-6,6-1-3,0.08407066807549907,False,6-1-3(0.0841) / 1-6-3(0.0748) / 6-3-1(0.0727) / 3-6-1(0.0598) / 1-3-6(0.0546) / 3-1-6(0.0505) / 6-1-2(0.0409) / 1-6-2(0.0363) / 6-2-1(0.0282) / 6-3-2(0.0277)
2025-11-28,10,3-4-1,1-3-6,0.18854653561712073,False,1-3-6(0.1885) / 3-1-6(0.1673) / 1-3-4(0.0865) / 3-1-4(0.0768) / 1-6-3(0.0706) / 3-6-1(0.0542) / 6-1-3(0.0431) / 6-3-1(0.0373) / 1-4-3(0.0289) / 3-4-1(0.0225)
2025-11-28,11,1-3-5,1-2-4,0.09311832780834706,False,1-2-4(0.0931) / 1-2-5(0.0796) / 1-4-2(0.0695) / 1-2-3(0.0646) / 1-5-2(0.0574) / 1-3-2(0.0449) / 1-2-6(0.0442) / 2-1-4(0.0315) / 1-4-5(0.0294) / 1-6-2(0.0292)
2025-11-29,1,2-5-1,5-1-2,0.15211194816750462,False,5-1-2(0.1521) / 5-2-1(0.1264) / 1-5-2(0.1139) / 2-5-1(0.0877) / 1-2-5(0.0617) / 2-1-5(0.0572) / 5-1-4(0.0376) / 1-5-4(0.0281) / 5-2-4(0.0243) / 5-1-3(0.0232)
2025-11-29,2,1-2-3,6-5-2,0.18185230158839574,False,6-5-2(0.1819) / 5-6-2(0.1066) / 6-5-1(0.0895) / 6-2-5(0.0755) / 6-5-3(0.0709) / 5-6-1(0.0524) / 5-6-3(0.0416) / 6-5-4(0.0347) / 2-6-5(0.0344) / 6-1-5(0.0337)
2025-11-29,3,1-5-3,1-3-6,0.18718563187379111,False,1-3-6(0.1872) / 3-1-6(0.1680) / 1-6-3(0.0656) / 1-3-2(0.0642) / 3-1-2(0.0576) / 1-3-5(0.0563) / 3-6-1(0.0517) / 3-1-5(0.0505) / 6-1-3(0.0396) / 6-3-1(0.0348)
2025-11-29,4,4-5-1,5-6-2,0.10048032690453443,False,5-6-2(0.1005) / 5-2-6(0.0952) / 5-6-1(0.0469) / 5-6-4(0.0433) / 5-6-3(0.0424) / 5-2-1(0.0394) / 5-1-6(0.0365) / 5-2-4(0.0364) / 5-2-3(0.0357) / 5-4-6(0.0333)
2025-11-29,5,3-1-4,4-6-3,0.12744857616050906,False,4-6-3(0.1274) / 4-3-6(0.0990) / 6-4-3(0.0924) / 4-6-1(0.0688) / 3-4-6(0.0647) / 6-4-1(0.0499) / 6-3-4(0.0462) / 4-1-6(0.0441) / 3-6-4(0.0416) / 4-3-1(0.0360)
2025-11-29,6,1-3-6,6-1-3,0.1077886348742163,False,6-1-3(0.1078) / 6-1-5(0.1019) / 6-3-1(0.0742) / 6-5-1(0.0691) / 1-6-3(0.0634) / 1-6-5(0.0599) / 3-6-1(0.0383) / 5-6-1(0.0354) / 6-3-5(0.0341) / 6-5-3(0.0336)
2025-11-29,7,1-6-4,6-1-5,0.19104019159266736,False,6-1-5(0.1910) / 6-1-3(0.1775) / 6-1-4(0.1725) / 6-1-2(0.1026) / 6-5-1(0.0558) / 6-3-1(0.0515) / 6-4-1(0.0500) / 6-2-1(0.0288) / 1-6-5(0.0251) / 1-6-3(0.0233)
2025-11-29,8,1-5-2,2-5-1,0.08025660159008491,False,2-5-1(0.0803) / 2-1-5(0.0796) / 2-5-6(0.0472) / 2-1-6(0.0460) / 5-2-1(0.0411) / 1-2-5(0.0407) / 2-6-5(0.0395) / 2-6-1(0.0388) / 2-5-3(0.0248) / 2-5-4(0.0245)
2025-11-29,9,1-2-4,1-3-2,0.12255010134673563,False,1-3-2(0.1226) / 1-3-4(0.0923) / 1-2-3(0.0741) / 3-1-2(0.0707) / 1-3-5(0.0657) / 3-1-4(0.0532) / 1-4-3(0.0525) / 3-1-5(0.0379) / 2-1-3(0.0362) / 1-5-3(0.0355)
2025-11-29,10,1-2-3,2-1-3,0.13648129032499662,False,2-1-3(0.1365) / 1-2-3(0.1175) / 2-3-1(0.0789) / 1-3-2(0.0559) / 3-2-1(0.0534) / 2-1-6(0.0525) / 1-2-6(0.0452) / 3-1-2(0.0439) / 2-1-4(0.0386) / 1-2-4(0.0333)
2025-11-30,1,2-1-3,1-2-5,0.051676438838709364,False,1-2-5(0.0517) / 1-5-2(0.0513) / 2-1-5(0.0462) / 5-1-2(0.0457) / 2-5-1(0.0390) / 5-2-1(0.0388) / 1-2-3(0.0298) / 1-5-3(0.0292) / 2-1-3(0.0266) / 5-1-3(0.0260)
2025-11-30,2,4-3-6,3-1-4,0.047437298668445316,False,3-1-4(0.0474) / 3-4-1(0.0452) / 1-3-4(0.0449) / 4-3-1(0.0415) / 1-4-3(0.0396) / 4-1-3(0.0384) / 3-1-6(0.0304) / 1-3-6(0.0288) / 3-4-6(0.0263) / 3-6-1(0.0249)
2025-11-30,3,3-5-4,3-6-5,0.06506296274510809,False,3-6-5(0.0651) / 3-5-6(0.0639) / 3-6-1(0.0562) / 3-6-4(0.0560) / 3-1-6(0.0526) / 3-5-1(0.0525) / 3-4-6(0.0525) / 3-5-4(0.0523) / 3-1-5(0.0501) / 3-4-5(0.0499)
2025-11-30,4,4-6-2,4-2-6,0.07184439720848358,False,4-2-6(0.0718) / 4-2-5(0.0670) / 2-4-6(0.0663) / 2-4-5(0.0618) / 4-6-2(0.0454) / 4-5-2(0.0416) / 2-6-4(0.0379) / 2-5-4(0.0348) / 4-2-3(0.0332) / 6-4-2(0.0329)
2025-11-30,5,5-2-1,2-1-5,0.3943101097189255,False,2-1-5(0.3943) / 2-5-1(0.2948) / 1-2-5(0.0929) / 5-2-1(0.0671) / 2-1-3(0.0308) / 2-5-3(0.0168) / 2-3-1(0.0142) / 1-5-2(0.0108) / 5-1-2(0.0104) / 2-3-5(0.0103)
2025-11-30,6,5-1-6,6-5-1,0.20917125482975713,False,6-5-1(0.2092) / 6-5-2(0.1153) / 6-1-5(0.0970) / 5-6-1(0.0922) / 6-5-4(0.0576) / 5-6-2(0.0508) / 6-2-5(0.0483) / 1-6-5(0.0359) / 6-5-3(0.0272) / 5-6-4(0.0254)
2025-11-30,7,1-2-4,6-1-4,0.2896898630515424,False,6-1-4(0.2897) / 1-6-4(0.1916) / 6-4-1(0.1064) / 6-1-3(0.0647) / 4-6-1(0.0529) / 1-6-3(0.0428) / 1-4-6(0.0426) / 4-1-6(0.0321) / 6-1-5(0.0228) / 6-3-1(0.0196)
2025-11-30,8,1-6-5,1-6-2,0.10952345057305794,False,1-6-2(0.1095) / 1-2-6(0.0764) / 6-1-2(0.0698) / 1-6-4(0.0518) / 1-6-3(0.0454) / 2-1-6(0.0424) / 1-6-5(0.0334) / 6-1-4(0.0330) / 1-4-6(0.0310) / 6-1-3(0.0290)
2025-11-30,9,1-3-4,4-3-1,0.13434165472179757,False,4-3-1(0.1343) / 4-3-2(0.1204) / 3-4-1(0.0885) / 3-4-2(0.0794) / 4-1-3(0.0604) / 4-2-3(0.0532) / 4-3-6(0.0473) / 3-4-6(0.0312) / 1-4-3(0.0305) / 4-3-5(0.0277)
2025-11-30,11,1-2-5,5-2-1,0.1576908781205533,False,5-2-1(0.1577) / 5-2-4(0.1465) / 5-1-2(0.1066) / 5-4-2(0.0970) / 5-1-4(0.0470) / 5-4-1(0.0460) / 2-5-1(0.0421) / 2-5-4(0.0391) / 5-2-6(0.0301) / 5-2-3(0.0298)
2025-11-30,12,1-2-5,2-1-4,0.10815666510006308,False,2-1-4(0.1082) / 1-2-4(0.0884) / 2-4-1(0.0706) / 2-1-6(0.0532) / 4-2-1(0.0476) / 1-4-2(0.0445) / 1-2-6(0.0435) / 4-1-2(0.0367) / 2-6-1(0.0298) / 2-1-3(0.0277)
2025-12-01,1,5-2-6,3-1-6,0.08671202085601934,False,3-1-6(0.0867) / 3-6-1(0.0692) / 3-1-4(0.0687) / 1-3-6(0.0672) / 1-3-4(0.0533) / 3-4-1(0.0507) / 6-3-1(0.0482) / 1-6-3(0.0382) / 3-6-4(0.0361) / 6-1-3(0.0344)
2025-12-01,2,2-6-1,6-2-1,0.061139724509064935,False,6-2-1(0.0611) / 6-1-2(0.0592) / 2-6-1(0.0588) / 1-6-2(0.0558) / 2-1-6(0.0536) / 1-2-6(0.0525) / 6-2-5(0.0174) / 2-6-5(0.0168) / 6-2-4(0.0167) / 2-6-4(0.0161)
2025-12-01,3,4-5-2,4-6-1,0.08430553191256956,False,4-6-1(0.0843) / 4-6-3(0.0826) / 4-1-6(0.0726) / 4-3-6(0.0708) / 4-6-5(0.0698) / 4-5-6(0.0576) / 4-6-2(0.0514) / 4-1-3(0.0458) / 4-3-1(0.0456) / 4-2-6(0.0403)
2025-12-01,4,3-2-5,5-2-3,0.2484947313919477,False,5-2-3(0.2485) / 5-3-2(0.1843) / 2-5-3(0.0916) / 5-2-1(0.0805) / 3-5-2(0.0639) / 5-1-2(0.0441) / 5-3-1(0.0399) / 2-5-1(0.0297) / 5-1-3(0.0295) / 5-2-6(0.0229)
2025-12-01,5,1-5-6,6-5-2,0.1869647828354252,False,6-5-2(0.1870) / 6-2-5(0.1669) / 6-5-3(0.0892) / 6-2-3(0.0649) / 6-3-5(0.0639) / 6-5-1(0.0543) / 6-3-2(0.0521) / 6-2-1(0.0395) / 6-1-5(0.0364) / 6-1-2(0.0296)
2025-12-01,6,4-1-6,5-6-1,0.09353312722498036,False,5-6-1(0.0935) / 5-1-6(0.0747) / 6-5-1(0.0623) / 1-5-6(0.0453) / 5-6-2(0.0387) / 5-6-3(0.0385) / 5-6-4(0.0296) / 6-1-5(0.0295) / 1-6-5(0.0269) / 6-5-2(0.0258)
2025-12-01,7,1-2-3,1-6-3,0.11745591443307564,False,1-6-3(0.1175) / 6-1-3(0.1137) / 1-3-6(0.1105) / 3-1-6(0.1035) / 6-3-1(0.1012) / 3-6-1(0.0980) / 1-6-4(0.0285) / 6-1-4(0.0276) / 1-3-4(0.0248) / 3-1-4(0.0233)
2025-12-01,8,1-5-6,1-4-2,0.13607448360137664,False,1-4-2(0.1361) / 4-1-2(0.1182) / 1-2-4(0.0865) / 4-2-1(0.0620) / 2-1-4(0.0612) / 2-4-1(0.0505) / 1-4-5(0.0448) / 4-1-5(0.0389) / 1-4-3(0.0290) / 4-1-3(0.0252)
2025-12-01,9,3-1-5,4-5-3,0.10249840318524402,False,4-5-3(0.1025) / 5-4-3(0.0990) / 4-3-5(0.0632) / 5-3-4(0.0583) / 3-4-5(0.0477) / 3-5-4(0.0456) / 4-5-6(0.0389) / 5-4-6(0.0375) / 4-5-1(0.0329) / 5-4-1(0.0318)
2025-12-01,10,2-1-3,2-4-1,0.2225865263975105,False,2-4-1(0.2226) / 2-1-4(0.1979) / 2-4-5(0.0644) / 2-4-6(0.0538) / 2-1-5(0.0471) / 2-4-3(0.0444) / 2-5-4(0.0420) / 2-1-6(0.0393) / 2-5-1(0.0345) / 2-6-4(0.0344)
2025-12-01,11,1-2-3,1-3-5,0.10276640205018446,False,1-3-5(0.1028) / 1-3-2(0.0835) / 1-3-6(0.0638) / 1-5-3(0.0615) / 3-1-5(0.0541) / 1-2-3(0.0481) / 1-3-4(0.0449) / 3-1-2(0.0439) / 1-6-3(0.0354) / 3-1-6(0.0336)
2025-12-01,12,1-6-4,6-5-1,0.03415171741815241,False,6-5-1(0.0342) / 6-1-5(0.0318) / 5-6-1(0.0300) / 6-5-3(0.0269) / 1-6-5(0.0267) / 5-6-3(0.0236) / 5-1-6(0.0236) / 6-3-5(0.0233) / 1-5-6(0.0225) / 6-1-3(0.0207)
2025-12-04,1,4-3-6,6-3-4,0.036497664412306584,False,6-3-4(0.0365) / 6-3-5(0.0364) / 3-6-4(0.0306) / 6-4-3(0.0306) / 3-6-5(0.0305) / 6-5-3(0.0305) / 4-6-3(0.0232) / 5-6-3(0.0231) / 6-3-1(0.0220) / 6-3-2(0.0214)
2025-12-04,2,3-1-2,6-5-3,0.11272090355489071,False,6-5-3(0.1127) / 6-3-5(0.1024) / 5-6-3(0.0582) / 3-6-5(0.0512) / 6-5-1(0.0394) / 6-5-4(0.0359) / 6-3-1(0.0300) / 6-5-2(0.0294) / 6-1-5(0.0274) / 6-3-4(0.0274)
2025-12-04,3,5-4-6,5-6-4,0.10812362628314694,False,5-6-4(0.1081) / 6-5-4(0.0803) / 5-6-2(0.0789) / 6-5-2(0.0586) / 5-4-6(0.0575) / 5-6-1(0.0422) / 5-2-6(0.0396) / 5-6-3(0.0387) / 4-5-6(0.0332) / 6-5-1(0.0313)
2025-12-04,4,1-2-3,5-1-6,0.06538630657086406,False,5-1-6(0.0654) / 1-5-6(0.0572) / 5-1-2(0.0566) / 1-5-2(0.0495) / 5-6-1(0.0448) / 5-2-1(0.0374) / 1-6-5(0.0331) / 6-5-1(0.0321) / 5-1-3(0.0302) / 1-2-5(0.0279)
2025-12-04,6,5-1-2,5-1-4,0.1902769334232657,False,5-1-4(0.1903) / 5-4-1(0.1288) / 5-1-6(0.0999) / 1-5-4(0.0712) / 5-6-1(0.0575) / 4-5-1(0.0443) / 1-5-6(0.0374) / 5-4-6(0.0362) / 5-6-4(0.0307) / 5-1-2(0.0296)
2025-12-04,7,3-1-4,3-2-4,0.10170031246669303,False,3-2-4(0.1017) / 2-3-4(0.0794) / 3-2-1(0.0787) / 3-4-2(0.0696) / 2-3-1(0.0614) / 3-1-2(0.0501) / 4-3-2(0.0459) / 2-4-3(0.0396) / 4-2-3(0.0334) / 1-3-2(0.0318)
2025-12-04,8,1-2-5,2-1-4,0.11790250896643728,False,2-1-4(0.1179) / 2-4-1(0.1073) / 1-2-4(0.0724) / 4-2-1(0.0636) / 2-1-5(0.0404) / 2-1-6(0.0404) / 1-4-2(0.0337) / 4-1-2(0.0325) / 2-4-5(0.0314) / 2-4-6(0.0314)
2025-12-04,9,1-3-4,2-1-5,0.05818185715305525,False,2-1-5(0.0582) / 2-5-1(0.0542) / 2-1-3(0.0513) / 2-3-1(0.0458) / 2-5-3(0.0405) / 1-2-5(0.0396) / 2-3-5(0.0388) / 5-2-1(0.0357) / 1-2-3(0.0349) / 2-1-4(0.0298)
2025-12-04,10,2-1-3,5-1-3,0.08773250407794675,False,5-1-3(0.0877) / 1-5-3(0.0868) / 5-1-2(0.0626) / 1-5-2(0.0619) / 5-3-1(0.0466) / 1-3-5(0.0455) / 3-5-1(0.0335) / 3-1-5(0.0330) / 5-2-1(0.0313) / 1-2-5(0.0305)
2025-12-04,11,1-4-6,1-5-2,0.038019426331597425,False,1-5-2(0.0380) / 1-2-5(0.0359) / 1-5-6(0.0312) / 5-1-2(0.0308) / 2-1-5(0.0281) / 1-6-5(0.0278) / 1-5-4(0.0262) / 1-2-6(0.0254) / 5-1-6(0.0253) / 1-6-2(0.0240)
2025-12-04,12,3-6-2,2-6-1,0.06318522592391963,False,2-6-1(0.0632) / 2-1-6(0.0566) / 2-6-3(0.0479) / 2-3-6(0.0397) / 6-2-1(0.0359) / 2-6-4(0.0341) / 2-1-3(0.0327) / 1-2-6(0.0308) / 2-3-1(0.0302) / 6-2-3(0.0272)
2025-12-05,2,2-1-4,6-4-2,0.03272906837094829,False,6-4-2(0.0327) / 4-6-2(0.0325) / 6-2-4(0.0313) / 4-2-6(0.0308) / 2-6-4(0.0301) / 2-4-6(0.0298) / 6-4-5(0.0298) / 4-6-5(0.0296) / 6-5-4(0.0274) / 4-5-6(0.0270)
2025-12-05,3,3-1-6,5-6-3,0.16065855716655186,False,5-6-3(0.1607) / 5-6-2(0.1149) / 6-5-3(0.0953) / 5-3-6(0.0832) / 6-5-2(0.0681) / 5-2-6(0.0555) / 5-6-1(0.0443) / 3-5-6(0.0402) / 6-3-5(0.0265) / 6-5-1(0.0263)
2025-12-05,4,4-3-5,4-3-5,0.13742695337525165,True,4-3-5(0.1374) / 4-5-3(0.1101) / 4-3-2(0.0925) / 4-2-3(0.0659) / 3-4-5(0.0495) / 4-5-2(0.0487) / 4-3-6(0.0461) / 4-2-5(0.0433) / 5-4-3(0.0377) / 3-4-2(0.0333)
2025-12-05,5,4-5-6,4-5-6,0.0995719713113074,True,4-5-6(0.0996) / 4-6-5(0.0961) / 5-4-6(0.0612) / 6-4-5(0.0583) / 4-5-3(0.0456) / 4-6-3(0.0412) / 4-3-5(0.0342) / 4-3-6(0.0321) / 5-6-4(0.0302) / 6-5-4(0.0298)
2025-12-05,6,2-1-3,4-2-1,0.0890426159078606,False,4-2-1(0.0890) / 4-2-3(0.0846) / 4-1-2(0.0601) / 4-3-2(0.0564) / 4-2-5(0.0541) / 2-4-1(0.0520) / 2-4-3(0.0494) / 4-5-2(0.0333) / 2-4-5(0.0316) / 1-4-2(0.0305)
2025-12-05,7,1-3-6,5-2-1,0.10599272627915723,False,5-2-1(0.1060) / 5-2-6(0.0855) / 5-1-2(0.0777) / 2-5-1(0.0714) / 5-6-2(0.0587) / 2-5-6(0.0576) / 1-5-2(0.0462) / 5-1-6(0.0356) / 6-5-2(0.0339) / 5-6-1(0.0333)
2025-12-05,9,5-2-6,1-2-5,0.0759196443234023,False,1-2-5(0.0759) / 2-1-5(0.0733) / 1-2-4(0.0518) / 2-1-4(0.0500) / 1-5-2(0.0469) / 2-5-1(0.0433) / 1-2-6(0.0357) / 5-1-2(0.0350) / 2-1-6(0.0345) / 5-2-1(0.0335)
2025-12-05,10,3-5-1,3-1-2,0.04481824192804638,False,3-1-2(0.0448) / 3-2-1(0.0416) / 1-3-2(0.0377) / 2-3-1(0.0335) / 3-1-4(0.0301) / 1-2-3(0.0278) / 2-1-3(0.0266) / 1-3-4(0.0253) / 3-4-1(0.0249) / 3-2-4(0.0235)
2025-12-05,11,1-3-6,1-6-5,0.0644046055939711,False,1-6-5(0.0644) / 1-6-2(0.0626) / 1-5-6(0.0593) / 1-2-6(0.0571) / 1-5-2(0.0468) / 1-2-5(0.0464) / 1-6-4(0.0380) / 6-1-5(0.0332) / 6-1-2(0.0322) / 1-4-6(0.0307)
2025-12-05,12,1-3-2,2-1-6,0.09516044177702283,False,2-1-6(0.0952) / 2-6-1(0.0780) / 1-2-6(0.0555) / 6-2-1(0.0423) / 2-1-5(0.0423) / 2-1-3(0.0413) / 2-1-4(0.0326) / 2-5-1(0.0288) / 2-3-1(0.0280) / 1-2-5(0.0247)
2025-12-06,1,1-5-3,3-1-5,0.0712357289941936,False,3-1-5(0.0712) / 1-3-5(0.0645) / 3-5-1(0.0587) / 5-3-1(0.0477) / 1-5-3(0.0463) / 5-1-3(0.0416) / 3-1-6(0.0350) / 1-3-6(0.0316) / 3-1-4(0.0312) / 1-3-4(0.0283)
2025-12-06,2,1-2-3,2-3-1,0.05941483604344932,False,2-3-1(0.0594) / 3-2-1(0.0571) / 2-1-3(0.0438) / 2-3-6(0.0410) / 3-1-2(0.0400) / 3-2-6(0.0394) / 1-2-3(0.0353) / 1-3-2(0.0335) / 2-6-3(0.0276) / 3-6-2(0.0253)
2025-12-06,3,1-5-3,4-6-3,0.09496613142412233,False,4-6-3(0.0950) / 4-3-6(0.0902) / 6-4-3(0.0607) / 3-4-6(0.0565) / 4-6-1(0.0358) / 6-3-4(0.0311) / 4-3-1(0.0310) / 3-6-4(0.0305) / 4-6-2(0.0290) / 4-1-6(0.0259)
2025-12-06,4,1-2-3,2-6-3,0.11208074087963063,False,2-6-3(0.1121) / 2-3-6(0.0777) / 2-6-5(0.0675) / 6-2-3(0.0616) / 2-6-4(0.0497) / 2-5-6(0.0419) / 3-2-6(0.0378) / 6-2-5(0.0371) / 2-6-1(0.0324) / 2-4-6(0.0296)
2025-12-06,5,1-2-4,4-2-1,0.17775196824446587,False,4-2-1(0.1778) / 4-1-2(0.1465) / 4-2-5(0.0750) / 4-5-2(0.0492) / 4-2-3(0.0489) / 2-4-1(0.0463) / 4-1-5(0.0443) / 1-4-2(0.0369) / 4-5-1(0.0352) / 4-3-2(0.0305)
2025-12-06,6,6-5-1,6-1-5,0.14734688422376585,False,6-1-5(0.1473) / 6-1-3(0.1125) / 1-6-5(0.0911) / 6-5-1(0.0834) / 1-6-3(0.0696) / 6-3-1(0.0597) / 5-6-1(0.0426) / 3-6-1(0.0297) / 6-1-2(0.0292) / 1-5-6(0.0288)
2025-12-06,7,1-4-2,1-3-4,0.08918017039559471,False,1-3-4(0.0892) / 1-4-3(0.0844) / 3-1-4(0.0758) / 4-1-3(0.0697) / 3-4-1(0.0561) / 1-3-2(0.0551) / 4-3-1(0.0545) / 1-4-2(0.0477) / 3-1-2(0.0468) / 1-2-3(0.0427)
2025-12-06,8,1-2-4,6-1-2,0.03270437730152457,False,6-1-2(0.0327) / 6-2-1(0.0297) / 1-6-2(0.0264) / 6-1-3(0.0260) / 6-1-4(0.0230) / 2-6-1(0.0227) / 6-3-1(0.0223) / 6-1-5(0.0212) / 1-6-3(0.0209) / 6-4-1(0.0193)
2025-12-06,9,1-2-3,3-6-1,0.07390713863246397,False,3-6-1(0.0739) / 3-1-6(0.0723) / 3-6-2(0.0705) / 3-2-6(0.0675) / 3-1-2(0.0660) / 3-2-1(0.0646) / 6-3-1(0.0480) / 1-3-6(0.0465) / 6-3-2(0.0457) / 2-3-6(0.0430)
2025-12-06,10,1-4-3,3-4-2,0.06637402292800923,False,3-4-2(0.0664) / 3-4-1(0.0614) / 3-2-4(0.0591) / 3-1-4(0.0535) / 3-4-5(0.0417) / 3-4-6(0.0404) / 3-2-1(0.0395) / 3-1-2(0.0386) / 3-5-4(0.0336) / 3-6-4(0.0324)
2025-12-06,11,1-3-4,1-4-5,0.03790161899393254,False,1-4-5(0.0379) / 4-1-5(0.0346) / 1-5-4(0.0324) / 1-4-3(0.0280) / 5-1-4(0.0269) / 4-5-1(0.0263) / 4-1-3(0.0255) / 5-4-1(0.0239) / 1-4-2(0.0237) / 1-3-4(0.0222)
2025-12-06,12,5-6-4,1-5-4,0.10350928267998454,False,1-5-4(0.1035) / 1-4-5(0.0903) / 5-1-4(0.0619) / 1-5-2(0.0564) / 4-1-5(0.0513) / 1-2-5(0.0409) / 1-4-2(0.0382) / 5-1-2(0.0337) / 1-2-4(0.0318) / 1-5-6(0.0277)
2025-12-07,2,1-3-4,3-5-2,0.10745864057934569,False,3-5-2(0.1075) / 3-2-5(0.1065) / 5-3-2(0.0550) / 2-3-5(0.0543) / 3-5-4(0.0456) / 3-2-4(0.0445) / 3-5-1(0.0375) / 3-2-1(0.0366) / 3-4-5(0.0346) / 3-4-2(0.0341)
2025-12-07,4,3-1-5,3-1-4,0.08254551298120777,False,3-1-4(0.0825) / 1-3-4(0.0743) / 3-4-1(0.0646) / 3-1-5(0.0635) / 1-3-5(0.0571) / 4-3-1(0.0511) / 1-4-3(0.0503) / 3-5-1(0.0454) / 4-1-3(0.0442) / 1-5-3(0.0358)
2025-12-07,5,3-1-6,3-6-4,0.07419047537664618,False,3-6-4(0.0742) / 3-4-6(0.0686) / 3-6-1(0.0609) / 3-1-6(0.0529) / 3-4-1(0.0466) / 3-1-4(0.0438) / 6-3-4(0.0359) / 4-3-6(0.0323) / 6-3-1(0.0295) / 3-6-5(0.0283)
2025-12-07,6,6-2-3,6-2-1,0.10193123410845878,False,6-2-1(0.1019) / 6-1-2(0.0913) / 2-6-1(0.0700) / 1-6-2(0.0598) / 6-2-5(0.0563) / 6-1-5(0.0416) / 6-5-2(0.0413) / 2-6-5(0.0387) / 2-1-6(0.0373) / 1-2-6(0.0356)
2025-12-07,7,1-6-2,5-6-4,0.11707577435120466,False,5-6-4(0.1171) / 6-5-4(0.1055) / 5-4-6(0.0981) / 4-5-6(0.0808) / 6-4-5(0.0753) / 4-6-5(0.0689) / 5-6-1(0.0347) / 6-5-1(0.0313) / 5-4-1(0.0227) / 5-1-6(0.0207)
2025-12-07,8,1-5-2,2-1-4,0.12308966714941011,False,2-1-4(0.1231) / 1-2-4(0.1139) / 2-4-1(0.1010) / 4-2-1(0.0846) / 1-4-2(0.0829) / 4-1-2(0.0751) / 2-1-5(0.0250) / 1-2-5(0.0232) / 2-1-6(0.0162) / 2-4-5(0.0157)
2025-12-07,9,1-4-3,3-6-1,0.03345922883454025,False,3-6-1(0.0335) / 3-1-6(0.0327) / 6-3-1(0.0325) / 1-3-6(0.0312) / 6-1-3(0.0304) / 1-6-3(0.0299) / 3-6-2(0.0209) / 6-3-2(0.0203) / 3-1-2(0.0193) / 1-3-2(0.0184)
2025-12-07,10,1-2-3,1-2-4,0.052681046478349286,False,1-2-4(0.0527) / 1-4-2(0.0466) / 2-1-4(0.0430) / 4-1-2(0.0356) / 2-4-1(0.0292) / 1-2-6(0.0283) / 4-2-1(0.0273) / 1-2-3(0.0272) / 2-1-6(0.0231) / 2-1-3(0.0222)
2025-12-07,11,1-5-6,1-5-2,0.05102431552037602,False,1-5-2(0.0510) / 1-2-5(0.0502) / 5-1-2(0.0485) / 2-1-5(0.0472) / 5-2-1(0.0442) / 2-5-1(0.0437) / 1-5-6(0.0210) / 1-2-6(0.0200) / 5-1-6(0.0200) / 2-1-6(0.0188)
2025-12-07,12,2-1-3,2-6-4,0.1503003230480575,False,2-6-4(0.1503) / 2-6-5(0.1127) / 2-4-6(0.0980) / 6-2-4(0.0799) / 2-5-6(0.0679) / 6-2-5(0.0600) / 4-2-6(0.0458) / 2-4-5(0.0358) / 2-5-4(0.0331) / 5-2-6(0.0308)
2025-12-08,1,3-2-5,3-2-4,0.05237514228327388,False,3-2-4(0.0524) / 3-4-2(0.0478) / 2-3-4(0.0412) / 3-2-5(0.0384) / 4-3-2(0.0358) / 3-5-2(0.0319) / 2-3-5(0.0302) / 3-4-5(0.0285) / 2-4-3(0.0273) / 3-2-1(0.0265)
2025-12-08,2,3-5-2,3-2-4,0.06100192315514407,False,3-2-4(0.0610) / 3-4-2(0.0529) / 2-3-4(0.0527) / 3-2-5(0.0505) / 2-3-5(0.0436) / 4-3-2(0.0422) / 3-5-2(0.0410) / 2-4-3(0.0374) / 4-2-3(0.0345) / 3-4-5(0.0328)
2025-12-08,3,1-3-4,1-3-5,0.051439589357508676,False,1-3-5(0.0514) / 3-1-5(0.0497) / 1-5-3(0.0448) / 3-5-1(0.0411) / 5-1-3(0.0397) / 5-3-1(0.0378) / 1-3-2(0.0260) / 3-1-2(0.0251) / 1-2-3(0.0188) / 3-2-1(0.0174)
2025-12-08,4,1-5-4,4-5-1,0.07305281392955153,False,4-5-1(0.0731) / 4-1-5(0.0637) / 5-4-1(0.0610) / 1-4-5(0.0495) / 5-1-4(0.0414) / 1-5-4(0.0386) / 4-5-3(0.0362) / 5-4-3(0.0302) / 4-3-5(0.0258) / 4-1-3(0.0244)
2025-12-08,5,4-2-1,2-4-5,0.07755400347610336,False,2-4-5(0.0776) / 4-2-5(0.0661) / 2-5-4(0.0601) / 2-4-1(0.0550) / 4-2-1(0.0469) / 5-2-4(0.0449) / 4-5-2(0.0414) / 2-1-4(0.0385) / 5-4-2(0.0363) / 2-4-3(0.0297)
2025-12-08,6,5-3-1,5-6-1,0.061246758025399375,False,5-6-1(0.0612) / 5-1-6(0.0586) / 5-6-4(0.0582) / 5-6-3(0.0561) / 5-4-6(0.0549) / 5-3-6(0.0523) / 5-1-4(0.0489) / 5-4-1(0.0482) / 5-1-3(0.0472) / 5-3-1(0.0459)
2025-12-08,7,1-5-2,5-1-2,0.0638754148391106,False,5-1-2(0.0639) / 1-5-2(0.0520) / 5-2-1(0.0502) / 2-5-1(0.0361) / 5-1-4(0.0358) / 5-1-3(0.0354) / 1-2-5(0.0314) / 1-5-4(0.0292) / 1-5-3(0.0288) / 2-1-5(0.0278)
2025-12-08,8,1-4-3,2-1-4,0.13990808319262504,False,2-1-4(0.1399) / 2-4-1(0.1295) / 1-2-4(0.0746) / 4-2-1(0.0673) / 2-1-5(0.0560) / 2-4-5(0.0458) / 2-5-1(0.0387) / 2-5-4(0.0342) / 1-2-5(0.0298) / 1-4-2(0.0291)
2025-12-08,9,1-2-3,6-1-3,0.12227238254865909,False,6-1-3(0.1223) / 6-1-2(0.1116) / 6-3-1(0.1056) / 6-2-1(0.0931) / 6-3-2(0.0717) / 6-2-3(0.0693) / 1-6-3(0.0421) / 1-6-2(0.0384) / 3-6-1(0.0352) / 2-6-1(0.0308)
2025-12-08,10,1-4-2,3-1-4,0.033539948540523466,False,3-1-4(0.0335) / 1-3-4(0.0325) / 3-4-1(0.0314) / 4-3-1(0.0291) / 1-4-3(0.0291) / 4-1-3(0.0278) / 3-1-2(0.0255) / 1-3-2(0.0247) / 3-2-1(0.0219) / 3-4-2(0.0205)
2025-12-08,11,1-4-3,2-1-6,0.03282863733286366,False,2-1-6(0.0328) / 1-2-6(0.0312) / 2-6-1(0.0285) / 1-6-2(0.0253) / 6-2-1(0.0247) / 6-1-2(0.0231) / 2-1-3(0.0222) / 1-2-3(0.0211) / 2-1-4(0.0208) / 1-2-4(0.0197)
2025-12-08,12,1-2-3,2-3-6,0.09038968389237942,False,2-3-6(0.0904) / 2-6-3(0.0840) / 2-3-4(0.0517) / 2-3-5(0.0441) / 2-4-3(0.0411) / 2-6-4(0.0407) / 3-2-6(0.0367) / 2-4-6(0.0348) / 2-6-5(0.0347) / 2-5-3(0.0341)
2025-12-11,1,4-2-6,2-4-3,0.059310891802986335,False,2-4-3(0.0593) / 2-3-4(0.0546) / 4-2-3(0.0525) / 3-2-4(0.0461) / 2-4-1(0.0417) / 4-3-2(0.0407) / 3-4-2(0.0388) / 4-2-1(0.0369) / 2-1-4(0.0338) / 2-3-1(0.0327)
2025-12-11,2,1-6-4,5-6-1,0.15385885905260335,False,5-6-1(0.1539) / 6-5-1(0.1159) / 5-6-4(0.0761) / 5-1-6(0.0693) / 5-6-2(0.0687) / 6-5-4(0.0574) / 6-5-2(0.0518) / 1-5-6(0.0390) / 6-1-5(0.0373) / 5-4-6(0.0308)
2025-12-11,3,1-3-6,6-3-1,0.112041559892057,False,6-3-1(0.1120) / 6-3-4(0.0968) / 6-1-3(0.0896) / 6-4-3(0.0739) / 3-6-1(0.0501) / 6-1-4(0.0495) / 6-4-1(0.0472) / 3-6-4(0.0433) / 6-3-5(0.0392) / 1-6-3(0.0376)
2025-12-11,4,3-4-5,4-6-1,0.03152396362725682,False,4-6-1(0.0315) / 6-4-1(0.0309) / 4-1-6(0.0305) / 1-4-6(0.0293) / 6-1-4(0.0292) / 1-6-4(0.0285) / 4-6-3(0.0261) / 6-4-3(0.0256) / 4-3-6(0.0236) / 4-1-3(0.0233)
2025-12-11,6,3-1-5,3-5-1,0.1618850137537378,False,3-5-1(0.1619) / 3-1-5(0.1074) / 5-3-1(0.0881) / 1-3-5(0.0515) / 3-5-6(0.0468) / 3-5-2(0.0434) / 3-5-4(0.0431) / 5-1-3(0.0273) / 5-3-6(0.0255) / 3-6-5(0.0247)
2025-12-11,7,3-2-6,2-3-1,0.06389070411925052,False,2-3-1(0.0639) / 2-1-3(0.0624) / 2-3-4(0.0515) / 2-1-4(0.0473) / 2-4-3(0.0469) / 2-4-1(0.0441) / 2-3-5(0.0334) / 2-1-5(0.0307) / 3-2-1(0.0300) / 1-2-3(0.0290)
2025-12-11,8,4-6-2,4-1-5,0.07659411740221335,False,4-1-5(0.0766) / 4-1-2(0.0715) / 4-1-3(0.0574) / 4-5-1(0.0562) / 4-2-1(0.0515) / 1-4-5(0.0497) / 1-4-2(0.0464) / 4-3-1(0.0395) / 1-4-3(0.0373) / 5-4-1(0.0322)
2025-12-11,9,3-1-5,1-3-4,0.1325012361580554,False,1-3-4(0.1325) / 1-3-2(0.0955) / 1-4-3(0.0825) / 3-1-4(0.0740) / 1-2-3(0.0550) / 3-1-2(0.0533) / 1-3-5(0.0398) / 4-1-3(0.0395) / 2-1-3(0.0256) / 1-4-2(0.0254)
2025-12-11,10,1-5-4,4-2-1,0.06379406624896512,False,4-2-1(0.0638) / 4-1-2(0.0554) / 2-4-1(0.0517) / 1-4-2(0.0417) / 4-2-6(0.0408) / 4-2-3(0.0340) / 2-1-4(0.0339) / 2-4-6(0.0331) / 1-2-4(0.0315) / 4-6-2(0.0311)
2025-12-11,11,1-4-5,2-6-5,0.028226846029855746,False,2-6-5(0.0282) / 2-5-6(0.0260) / 6-2-5(0.0247) / 5-2-6(0.0216) / 2-6-3(0.0215) / 2-6-4(0.0196) / 6-5-2(0.0193) / 6-2-3(0.0189) / 2-3-6(0.0185) / 5-6-2(0.0183)
2025-12-11,12,1-3-2,6-1-2,0.039174510170615,False,6-1-2(0.0392) / 6-2-1(0.0375) / 1-6-2(0.0358) / 2-6-1(0.0333) / 1-2-6(0.0302) / 2-1-6(0.0294) / 6-1-3(0.0246) / 1-6-3(0.0225) / 6-2-3(0.0213) / 6-3-1(0.0205)
2025-12-12,2,3-1-5,5-1-6,0.07501602110544595,False,5-1-6(0.0750) / 5-6-1(0.0731) / 5-1-4(0.0570) / 5-6-4(0.0521) / 5-4-1(0.0510) / 5-4-6(0.0478) / 5-1-3(0.0323) / 5-1-2(0.0307) / 5-6-3(0.0295) / 5-6-2(0.0281)
2025-12-12,3,1-6-2,4-1-6,0.03918139428268234,False,4-1-6(0.0392) / 4-6-1(0.0373) / 1-4-6(0.0343) / 6-4-1(0.0317) / 4-1-5(0.0313) / 4-5-1(0.0277) / 1-4-5(0.0275) / 1-6-4(0.0273) / 6-1-4(0.0265) / 4-6-5(0.0265)
2025-12-12,4,4-5-6,5-2-6,0.07215584638720834,False,5-2-6(0.0722) / 5-6-2(0.0657) / 2-5-6(0.0650) / 6-5-2(0.0561) / 2-6-5(0.0508) / 6-2-5(0.0482) / 5-2-1(0.0303) / 2-5-1(0.0273) / 5-6-1(0.0233) / 5-1-2(0.0214)
2025-12-12,5,1-3-6,4-5-3,0.104616785950182,False,4-5-3(0.1046) / 4-3-5(0.0944) / 4-5-1(0.0727) / 4-5-2(0.0593) / 4-1-5(0.0586) / 4-3-1(0.0526) / 4-1-3(0.0470) / 4-2-5(0.0457) / 4-3-2(0.0429) / 5-4-3(0.0378)
2025-12-12,7,1-5-2,5-6-2,0.06706636185111362,False,5-6-2(0.0671) / 5-2-6(0.0592) / 6-5-2(0.0492) / 5-6-4(0.0440) / 2-5-6(0.0409) / 5-4-6(0.0342) / 6-5-4(0.0322) / 5-2-4(0.0297) / 6-2-5(0.0288) / 2-6-5(0.0271)
2025-12-12,8,1-2-6,1-4-2,0.06087431210632898,False,1-4-2(0.0609) / 1-2-4(0.0515) / 1-4-6(0.0464) / 4-1-2(0.0437) / 1-4-5(0.0417) / 1-6-4(0.0364) / 2-1-4(0.0341) / 4-1-6(0.0333) / 1-5-4(0.0320) / 4-1-5(0.0299)
2025-12-12,9,1-2-6,2-1-6,0.10329472940957411,False,2-1-6(0.1033) / 2-1-5(0.1013) / 2-1-4(0.0686) / 2-6-1(0.0632) / 2-5-1(0.0618) / 1-2-6(0.0521) / 1-2-5(0.0511) / 2-4-1(0.0392) / 1-2-4(0.0346) / 6-2-1(0.0275)
2025-12-12,10,1-5-6,1-5-3,0.08642828638311084,False,1-5-3(0.0864) / 1-3-5(0.0739) / 5-1-3(0.0596) / 3-1-5(0.0476) / 1-5-2(0.0420) / 5-3-1(0.0311) / 1-2-5(0.0297) / 3-5-1(0.0291) / 5-1-2(0.0290) / 1-5-4(0.0267)
2025-12-12,11,1-5-4,1-6-4,0.09165927339587779,False,1-6-4(0.0917) / 1-6-2(0.0783) / 1-6-3(0.0743) / 1-4-6(0.0733) / 1-2-6(0.0602) / 1-3-6(0.0565) / 1-4-2(0.0363) / 1-2-4(0.0349) / 1-4-3(0.0344) / 1-3-4(0.0327)
2025-12-12,12,1-2-3,6-5-1,0.06852288863416836,False,6-5-1(0.0685) / 5-6-1(0.0606) / 6-1-5(0.0587) / 1-6-5(0.0476) / 5-1-6(0.0437) / 1-5-6(0.0401) / 6-5-3(0.0323) / 5-6-3(0.0285) / 6-5-2(0.0233) / 6-3-5(0.0226)
2025-12-13,1,1-2-3,2-6-3,0.05696484585993017,False,2-6-3(0.0570) / 2-6-4(0.0527) / 2-3-6(0.0478) / 6-2-3(0.0460) / 2-4-6(0.0431) / 6-2-4(0.0425) / 3-2-6(0.0352) / 4-2-6(0.0313) / 2-3-4(0.0299) / 6-3-2(0.0293)
2025-12-13,2,2-1-4,5-2-3,0.04171865977603551,False,5-2-3(0.0417) / 5-3-2(0.0396) / 2-5-3(0.0346) / 5-2-6(0.0325) / 3-5-2(0.0318) / 5-6-2(0.0285) / 5-3-6(0.0271) / 2-5-6(0.0270) / 2-3-5(0.0256) / 5-6-3(0.0250)
2025-12-13,3,4-3-1,4-3-6,0.09825474091045609,False,4-3-6(0.0983) / 4-3-5(0.0966) / 4-3-2(0.0749) / 4-6-3(0.0621) / 4-5-3(0.0609) / 4-3-1(0.0605) / 4-2-3(0.0453) / 4-1-3(0.0356) / 3-4-6(0.0336) / 3-4-5(0.0330)
2025-12-13,4,4-6-2,4-6-5,0.0959757690679196,False,4-6-5(0.0960) / 4-6-1(0.0797) / 4-5-6(0.0741) / 4-6-3(0.0613) / 4-1-6(0.0589) / 4-3-6(0.0432) / 4-6-2(0.0426) / 4-5-1(0.0331) / 4-1-5(0.0317) / 6-4-5(0.0304)
2025-12-13,5,1-6-2,3-6-5,0.06292564031707913,False,3-6-5(0.0629) / 3-5-6(0.0597) / 6-3-5(0.0595) / 5-3-6(0.0547) / 6-5-3(0.0518) / 5-6-3(0.0502) / 3-6-2(0.0225) / 6-3-2(0.0212) / 3-5-2(0.0195) / 3-6-1(0.0193)
2025-12-13,6,1-2-5,2-4-1,0.13826343949508393,False,2-4-1(0.1383) / 2-4-5(0.1355) / 4-2-1(0.0995) / 4-2-5(0.0975) / 2-4-3(0.0636) / 2-1-4(0.0540) / 2-5-4(0.0527) / 4-2-3(0.0458) / 1-2-4(0.0282) / 5-2-4(0.0275)
2025-12-13,7,1-4-6,4-6-1,0.11389856414291413,False,4-6-1(0.1139) / 4-1-6(0.0903) / 6-4-1(0.0606) / 4-6-3(0.0561) / 4-6-5(0.0528) / 1-4-6(0.0445) / 4-3-6(0.0373) / 4-5-6(0.0348) / 6-4-3(0.0298) / 4-1-3(0.0287)
2025-12-13,9,5-2-1,3-5-1,0.08902791926865816,False,3-5-1(0.0890) / 3-1-5(0.0718) / 3-5-2(0.0681) / 3-5-6(0.0602) / 3-2-5(0.0511) / 5-3-1(0.0465) / 3-6-5(0.0439) / 5-3-2(0.0356) / 1-3-5(0.0349) / 3-1-2(0.0345)
2025-12-13,10,1-3-6,6-3-1,0.11221865693128784,False,6-3-1(0.1122) / 6-1-3(0.1068) / 3-6-1(0.0658) / 1-6-3(0.0615) / 6-3-4(0.0491) / 6-1-4(0.0429) / 6-4-3(0.0359) / 6-4-1(0.0329) / 3-1-6(0.0301) / 1-3-6(0.0295)
2025-12-13,11,3-1-4,1-5-4,0.10015258749845385,False,1-5-4(0.1002) / 1-4-5(0.0940) / 1-5-2(0.0588) / 1-5-3(0.0572) / 1-4-2(0.0482) / 1-2-5(0.0470) / 1-4-3(0.0469) / 1-3-5(0.0455) / 1-2-4(0.0410) / 1-3-4(0.0397)
2025-12-13,12,1-4-5,1-2-3,0.04386081864511489,False,1-2-3(0.0439) / 1-3-2(0.0398) / 1-2-4(0.0381) / 1-4-2(0.0333) / 1-2-5(0.0288) / 2-1-3(0.0277) / 1-2-6(0.0273) / 1-3-4(0.0262) / 1-4-3(0.0253) / 3-1-2(0.0241)
2025-12-14,1,1-2-3,3-4-2,0.09175970145421329,False,3-4-2(0.0918) / 4-3-2(0.0774) / 3-2-4(0.0658) / 3-4-1(0.0610) / 4-3-1(0.0514) / 2-3-4(0.0472) / 4-2-3(0.0443) / 3-1-4(0.0391) / 2-4-3(0.0377) / 4-1-3(0.0269)
2025-12-14,2,3-1-2,5-4-2,0.06653518468908531,False,5-4-2(0.0665) / 4-5-2(0.0508) / 5-2-4(0.0484) / 5-4-3(0.0455) / 5-4-6(0.0438) / 4-5-3(0.0347) / 4-5-6(0.0334) / 2-5-4(0.0318) / 5-3-4(0.0305) / 5-6-4(0.0292)
2025-12-14,3,1-5-3,5-2-1,0.19851494722922866,False,5-2-1(0.1985) / 2-5-1(0.1335) / 5-1-2(0.0837) / 5-2-3(0.0636) / 5-2-4(0.0500) / 1-5-2(0.0429) / 2-5-3(0.0428) / 5-2-6(0.0400) / 2-1-5(0.0351) / 2-5-4(0.0336)
2025-12-14,4,1-3-2,2-4-3,0.04749136201829703,False,2-4-3(0.0475) / 2-3-4(0.0428) / 4-2-3(0.0397) / 2-4-6(0.0389) / 3-2-4(0.0337) / 2-6-4(0.0329) / 4-2-6(0.0325) / 2-4-1(0.0300) / 4-3-2(0.0282) / 2-3-6(0.0275)
2025-12-14,5,1-6-3,6-5-4,0.0582506820322648,False,6-5-4(0.0583) / 6-4-5(0.0582) / 6-5-2(0.0472) / 6-4-2(0.0472) / 6-2-5(0.0439) / 6-2-4(0.0438) / 5-6-4(0.0337) / 4-6-5(0.0337) / 6-5-3(0.0316) / 6-4-3(0.0316)
2025-12-14,6,3-5-1,3-5-4,0.06279437645522694,False,3-5-4(0.0628) / 3-4-5(0.0578) / 3-5-6(0.0499) / 5-3-4(0.0435) / 3-6-5(0.0426) / 4-3-5(0.0385) / 3-4-6(0.0382) / 3-6-4(0.0354) / 5-3-6(0.0346) / 6-3-5(0.0273)
2025-12-14,8,1-2-3,1-2-3,0.17828115649788956,True,1-2-3(0.1783) / 2-1-3(0.1747) / 1-2-4(0.1624) / 2-1-4(0.1592) / 1-2-5(0.0370) / 2-1-5(0.0363) / 1-3-2(0.0316) / 2-3-1(0.0303) / 1-4-2(0.0286) / 2-4-1(0.0274)
2025-12-14,9,2-1-3,2-1-3,0.0789174561768216,True,2-1-3(0.0789) / 1-2-3(0.0691) / 2-1-5(0.0478) / 2-1-6(0.0456) / 2-1-4(0.0454) / 2-3-1(0.0438) / 1-2-5(0.0418) / 1-2-6(0.0399) / 1-2-4(0.0397) / 1-3-2(0.0327)
2025-12-14,10,1-4-2,5-3-1,0.05928255692952987,False,5-3-1(0.0593) / 5-1-3(0.0588) / 5-3-2(0.0453) / 5-1-2(0.0440) / 3-5-1(0.0421) / 1-5-3(0.0415) / 5-2-3(0.0406) / 5-2-1(0.0399) / 3-5-2(0.0322) / 1-5-2(0.0311)
2025-12-14,11,4-1-3,4-3-5,0.0923656616420795,False,4-3-5(0.0924) / 4-5-3(0.0910) / 4-3-1(0.0697) / 4-5-1(0.0664) / 4-1-3(0.0619) / 4-1-5(0.0598) / 3-4-5(0.0375) / 5-4-3(0.0367) / 4-3-2(0.0309) / 4-5-2(0.0295)
2025-12-14,12,4-3-6,3-4-2,0.08422991605952622,False,3-4-2(0.0842) / 3-2-4(0.0748) / 3-4-5(0.0691) / 3-5-4(0.0580) / 3-4-1(0.0532) / 3-2-5(0.0455) / 3-5-2(0.0430) / 3-1-4(0.0422) / 3-2-1(0.0351) / 3-1-2(0.0313)
2025-12-15,1,4-5-2,5-3-4,0.09261367242666448,False,5-3-4(0.0926) / 5-4-3(0.0838) / 5-3-1(0.0756) / 5-1-3(0.0638) / 5-4-1(0.0548) / 5-1-4(0.0511) / 5-3-6(0.0405) / 3-5-4(0.0398) / 4-5-3(0.0350) / 3-5-1(0.0325)
2025-12-15,2,1-2-6,5-3-2,0.07199576873077265,False,5-3-2(0.0720) / 5-2-3(0.0658) / 5-3-4(0.0539) / 5-3-1(0.0457) / 5-4-3(0.0450) / 3-5-2(0.0407) / 5-2-4(0.0401) / 5-1-3(0.0367) / 5-4-2(0.0366) / 2-5-3(0.0360)
2025-12-15,3,4-5-1,5-3-2,0.08301022903534007,False,5-3-2(0.0830) / 5-2-3(0.0804) / 5-3-6(0.0714) / 5-6-3(0.0660) / 5-2-6(0.0635) / 5-6-2(0.0606) / 5-3-4(0.0546) / 5-2-4(0.0485) / 5-4-3(0.0473) / 5-4-2(0.0434)
2025-12-15,4,1-2-3,1-5-6,0.03611023365317002,False,1-5-6(0.0361) / 1-6-5(0.0361) / 5-1-6(0.0298) / 6-1-5(0.0298) / 1-5-4(0.0270) / 1-6-4(0.0270) / 1-4-5(0.0246) / 1-4-6(0.0246) / 5-6-1(0.0230) / 6-5-1(0.0230)
2025-12-15,5,1-5-4,5-1-6,0.06280476156462386,False,5-1-6(0.0628) / 5-1-3(0.0494) / 5-1-4(0.0478) / 5-6-1(0.0474) / 1-5-6(0.0442) / 5-3-1(0.0353) / 1-5-3(0.0347) / 5-4-1(0.0339) / 1-5-4(0.0336) / 6-5-1(0.0293)
2025-12-15,6,1-5-6,5-6-3,0.05679797594567074,False,5-6-3(0.0568) / 5-3-6(0.0458) / 5-6-1(0.0456) / 5-6-4(0.0383) / 6-5-3(0.0366) / 5-1-6(0.0349) / 5-6-2(0.0325) / 6-5-1(0.0293) / 5-4-6(0.0284) / 3-5-6(0.0268)
2025-12-15,7,1-2-3,2-1-6,0.12750494893503975,False,2-1-6(0.1275) / 2-6-1(0.1215) / 1-2-6(0.1037) / 6-2-1(0.0966) / 1-6-2(0.0711) / 6-1-2(0.0695) / 2-1-3(0.0346) / 2-6-3(0.0309) / 1-2-3(0.0282) / 6-2-3(0.0246)
2025-12-15,8,4-5-1,4-2-1,0.1217982875592059,False,4-2-1(0.1218) / 4-1-2(0.1006) / 2-4-1(0.0794) / 1-4-2(0.0609) / 2-1-4(0.0368) / 4-2-5(0.0358) / 1-2-4(0.0342) / 4-2-6(0.0301) / 4-2-3(0.0275) / 2-4-5(0.0234)
2025-12-15,9,1-4-2,3-2-1,0.06445176840119575,False,3-2-1(0.0645) / 2-3-1(0.0593) / 3-2-5(0.0526) / 2-3-5(0.0484) / 3-1-2(0.0476) / 2-1-3(0.0394) / 1-3-2(0.0371) / 3-5-2(0.0367) / 1-2-3(0.0333) / 2-5-3(0.0305)
2025-12-15,10,6-5-4,6-1-4,0.029086857781589853,False,6-1-4(0.0291) / 1-6-4(0.0280) / 6-1-2(0.0274) / 1-6-2(0.0264) / 6-4-1(0.0249) / 6-1-3(0.0233) / 6-2-1(0.0230) / 1-4-6(0.0229) / 1-6-3(0.0225) / 4-6-1(0.0216)
2025-12-15,11,1-4-3,2-4-1,0.05075842675318809,False,2-4-1(0.0508) / 2-1-4(0.0491) / 2-4-3(0.0412) / 4-2-1(0.0379) / 2-3-4(0.0370) / 2-1-3(0.0368) / 1-2-4(0.0360) / 2-3-1(0.0342) / 4-2-3(0.0307) / 1-2-3(0.0269)
2025-12-15,12,3-1-4,3-2-1,0.09512769278279885,False,3-2-1(0.0951) / 2-3-1(0.0837) / 3-1-2(0.0656) / 2-1-3(0.0487) / 1-3-2(0.0480) / 3-2-5(0.0452) / 1-2-3(0.0405) / 2-3-5(0.0398) / 3-2-4(0.0266) / 3-5-2(0.0264)
2025-12-22,1,1-3-2,1-3-2,0.06713917873052132,True,1-3-2(0.0671) / 1-2-3(0.0634) / 1-3-6(0.0611) / 1-6-3(0.0558) / 1-2-6(0.0504) / 1-6-2(0.0488) / 3-1-2(0.0390) / 2-1-3(0.0360) / 3-1-6(0.0355) / 6-1-3(0.0312)
2025-12-22,2,4-1-5,3-5-4,0.06248861190849698,False,3-5-4(0.0625) / 5-3-4(0.0613) / 3-5-2(0.0583) / 5-3-2(0.0572) / 3-5-1(0.0378) / 5-3-1(0.0371) / 3-4-5(0.0346) / 5-4-3(0.0332) / 3-2-5(0.0318) / 3-5-6(0.0307)
2025-12-22,3,4-5-3,1-3-5,0.03560125066491368,False,1-3-5(0.0356) / 1-5-3(0.0337) / 1-3-6(0.0331) / 3-1-5(0.0315) / 1-6-3(0.0305) / 3-1-6(0.0293) / 5-1-3(0.0288) / 1-5-6(0.0273) / 1-6-5(0.0266) / 6-1-3(0.0257)
2025-12-22,4,5-2-1,2-1-5,0.1522692120122327,False,2-1-5(0.1523) / 1-2-5(0.1411) / 2-5-1(0.0887) / 1-5-2(0.0741) / 5-2-1(0.0643) / 5-1-2(0.0579) / 2-1-3(0.0431) / 1-2-3(0.0400) / 2-1-4(0.0203) / 2-3-1(0.0197)
2025-12-22,5,5-6-4,5-3-2,0.1842716044793759,False,5-3-2(0.1843) / 5-2-3(0.1424) / 5-3-4(0.1069) / 5-4-3(0.0700) / 3-5-2(0.0577) / 5-2-4(0.0539) / 5-4-2(0.0457) / 2-5-3(0.0425) / 3-5-4(0.0335) / 5-3-1(0.0288)
2025-12-22,6,4-1-6,2-1-6,0.02308242170931807,False,2-1-6(0.0231) / 1-2-6(0.0226) / 2-6-1(0.0218) / 1-6-2(0.0209) / 6-2-1(0.0206) / 2-1-5(0.0201) / 6-1-2(0.0201) / 1-2-5(0.0197) / 2-5-1(0.0183) / 1-5-2(0.0175)
2025-12-22,7,1-2-3,2-5-4,0.13179580039159006,False,2-5-4(0.1318) / 5-2-4(0.1302) / 2-5-1(0.0653) / 5-2-1(0.0645) / 2-4-5(0.0620) / 5-4-2(0.0603) / 4-2-5(0.0432) / 4-5-2(0.0426) / 2-1-5(0.0272) / 5-1-2(0.0265)
2025-12-22,8,2-1-4,2-5-4,0.08535939851803273,False,2-5-4(0.0854) / 2-5-3(0.0741) / 2-4-5(0.0596) / 5-2-4(0.0586) / 2-5-1(0.0530) / 5-2-3(0.0509) / 2-3-5(0.0499) / 5-2-1(0.0364) / 4-2-5(0.0352) / 2-1-5(0.0335)
2025-12-22,9,1-3-4,2-1-4,0.10740337085422998,False,2-1-4(0.1074) / 1-2-4(0.1005) / 2-4-1(0.0676) / 1-4-2(0.0579) / 4-2-1(0.0502) / 4-1-2(0.0460) / 2-1-3(0.0434) / 1-2-3(0.0406) / 2-1-5(0.0373) / 1-2-5(0.0349)
2025-12-22,10,4-2-6,1-6-3,0.05862680029425132,False,1-6-3(0.0586) / 1-3-6(0.0511) / 6-1-3(0.0470) / 3-1-6(0.0382) / 6-3-1(0.0307) / 1-6-2(0.0299) / 3-6-1(0.0285) / 1-6-5(0.0279) / 6-1-2(0.0240) / 6-1-5(0.0224)
2025-12-22,11,2-1-5,5-1-2,0.03132269636764121,False,5-1-2(0.0313) / 5-1-4(0.0301) / 5-2-1(0.0293) / 5-4-1(0.0278) / 1-5-2(0.0272) / 1-5-4(0.0261) / 5-1-3(0.0252) / 2-5-1(0.0243) / 5-2-4(0.0233) / 5-4-2(0.0230)
2025-12-22,12,1-4-5,6-2-1,0.06085179165201245,False,6-2-1(0.0609) / 6-1-2(0.0525) / 6-2-5(0.0461) / 2-6-1(0.0437) / 6-5-2(0.0367) / 6-2-4(0.0363) / 1-6-2(0.0351) / 2-6-5(0.0331) / 6-1-5(0.0284) / 6-4-2(0.0275)
2025-12-23,1,1-6-3,6-1-3,0.10899418936624247,False,6-1-3(0.1090) / 6-3-1(0.0947) / 1-6-3(0.0868) / 3-6-1(0.0706) / 1-3-6(0.0541) / 3-1-6(0.0507) / 6-1-2(0.0283) / 6-1-4(0.0234) / 1-6-2(0.0226) / 6-3-2(0.0198)
2025-12-23,4,2-6-1,6-5-2,0.10737844896359344,False,6-5-2(0.1074) / 5-6-2(0.1046) / 6-2-5(0.0733) / 5-2-6(0.0688) / 6-5-4(0.0641) / 5-6-4(0.0624) / 2-6-5(0.0585) / 2-5-6(0.0564) / 6-4-5(0.0376) / 5-4-6(0.0355)
2025-12-23,5,5-1-6,6-5-1,0.10535505664854249,False,6-5-1(0.1054) / 6-5-2(0.0864) / 6-5-4(0.0770) / 6-1-5(0.0746) / 6-5-3(0.0650) / 6-2-5(0.0588) / 6-4-5(0.0514) / 6-3-5(0.0424) / 6-1-2(0.0265) / 6-2-1(0.0255)
2025-12-23,6,1-6-3,6-3-1,0.10274333099020828,False,6-3-1(0.1027) / 3-6-1(0.1005) / 6-1-3(0.0704) / 3-1-6(0.0667) / 1-6-3(0.0564) / 1-3-6(0.0546) / 6-3-4(0.0305) / 3-6-4(0.0298) / 6-3-2(0.0283) / 3-6-2(0.0277)
2025-12-23,7,6-2-5,2-6-5,0.054275579038061544,False,2-6-5(0.0543) / 2-6-4(0.0507) / 2-5-6(0.0406) / 6-2-5(0.0391) / 2-4-6(0.0374) / 6-2-4(0.0366) / 2-6-1(0.0351) / 2-6-3(0.0328) / 5-2-6(0.0255) / 6-2-1(0.0253)
2025-12-23,9,6-4-3,3-1-6,0.07424733921073552,False,3-1-6(0.0742) / 1-3-6(0.0684) / 3-6-1(0.0570) / 1-6-3(0.0469) / 6-3-1(0.0454) / 6-1-3(0.0406) / 3-1-4(0.0404) / 1-3-4(0.0372) / 3-4-1(0.0265) / 3-1-2(0.0258)
2025-12-23,10,2-3-1,3-2-1,0.13667418374841847,False,3-2-1(0.1367) / 2-3-1(0.1142) / 3-2-6(0.0912) / 2-3-6(0.0763) / 3-1-2(0.0747) / 2-1-3(0.0498) / 1-3-2(0.0483) / 3-6-2(0.0454) / 1-2-3(0.0385) / 2-6-3(0.0308)
2025-12-23,12,1-5-6,1-3-4,0.057327883157360135,False,1-3-4(0.0573) / 1-3-2(0.0539) / 1-3-5(0.0486) / 1-4-3(0.0415) / 3-1-4(0.0408) / 1-2-3(0.0385) / 3-1-2(0.0384) / 3-1-5(0.0346) / 1-5-3(0.0340) / 4-1-3(0.0255)
2025-12-24,1,1-2-3,3-6-1,0.0503039112226978,False,3-6-1(0.0503) / 3-1-6(0.0501) / 3-6-5(0.0418) / 3-1-5(0.0413) / 3-5-6(0.0393) / 3-5-1(0.0389) / 3-6-4(0.0284) / 3-1-4(0.0280) / 6-3-1(0.0261) / 1-3-6(0.0260)
2025-12-24,2,3-2-4,5-6-3,0.07770777227288166,False,5-6-3(0.0777) / 5-3-6(0.0761) / 6-5-3(0.0696) / 3-5-6(0.0674) / 6-3-5(0.0575) / 3-6-5(0.0568) / 5-6-4(0.0214) / 5-3-4(0.0202) / 6-5-4(0.0191) / 5-6-1(0.0179)
2025-12-24,3,1-4-3,1-2-4,0.034657612124427535,False,1-2-4(0.0347) / 1-4-2(0.0344) / 1-2-5(0.0307) / 1-4-5(0.0300) / 1-5-2(0.0293) / 1-5-4(0.0288) / 2-1-4(0.0275) / 4-1-2(0.0272) / 2-1-5(0.0243) / 4-1-5(0.0237)
2025-12-24,4,4-1-6,4-3-6,0.15487839786769414,False,4-3-6(0.1549) / 4-6-3(0.1308) / 4-3-5(0.0930) / 4-5-3(0.0674) / 4-3-1(0.0578) / 4-6-5(0.0572) / 4-5-6(0.0490) / 4-1-3(0.0387) / 3-4-6(0.0371) / 4-6-1(0.0355)
2025-12-24,5,4-5-3,6-5-2,0.09769601891377988,False,6-5-2(0.0977) / 6-5-4(0.0799) / 6-2-5(0.0771) / 6-4-5(0.0597) / 6-5-3(0.0428) / 5-6-2(0.0426) / 6-2-4(0.0375) / 6-4-2(0.0355) / 5-6-4(0.0348) / 2-6-5(0.0314)
2025-12-24,6,1-2-5,1-2-5,0.0686107841682,True,1-2-5(0.0686) / 2-1-5(0.0558) / 1-2-3(0.0549) / 1-5-2(0.0525) / 2-1-3(0.0446) / 1-3-2(0.0395) / 5-1-2(0.0373) / 2-5-1(0.0327) / 1-2-6(0.0313) / 5-2-1(0.0286)
2025-12-24,7,4-3-5,4-2-5,0.3385023534206096,False,4-2-5(0.3385) / 2-4-5(0.2934) / 4-5-2(0.0646) / 4-2-3(0.0636) / 2-4-3(0.0551) / 2-5-4(0.0475) / 5-4-2(0.0348) / 5-2-4(0.0296) / 4-3-2(0.0108) / 2-3-4(0.0081)
2025-12-24,8,6-4-1,4-1-6,0.0581577175084306,False,4-1-6(0.0582) / 1-4-6(0.0565) / 4-1-2(0.0513) / 1-4-2(0.0498) / 4-1-5(0.0426) / 1-4-5(0.0413) / 4-6-1(0.0342) / 1-6-4(0.0321) / 4-2-1(0.0296) / 1-2-4(0.0277)
2025-12-24,9,1-2-4,1-4-6,0.12490808480899632,False,1-4-6(0.1249) / 4-1-6(0.0921) / 1-6-4(0.0809) / 6-1-4(0.0500) / 1-4-2(0.0498) / 4-6-1(0.0404) / 1-4-5(0.0381) / 4-1-2(0.0367) / 6-4-1(0.0338) / 4-1-5(0.0281)
2025-12-24,10,1-2-4,2-6-1,0.07327529856582485,False,2-6-1(0.0733) / 2-1-6(0.0713) / 6-2-1(0.0667) / 1-2-6(0.0639) / 6-1-2(0.0562) / 1-6-2(0.0553) / 2-6-4(0.0343) / 2-1-4(0.0319) / 6-2-4(0.0312) / 1-2-4(0.0286)
2025-12-24,11,1-2-3,1-4-3,0.026251199555432522,False,1-4-3(0.0263) / 1-4-6(0.0252) / 1-3-4(0.0250) / 1-6-4(0.0237) / 1-4-2(0.0223) / 4-1-3(0.0222) / 4-1-6(0.0212) / 1-3-6(0.0208) / 1-6-3(0.0205) / 3-1-4(0.0205)
2025-12-24,12,1-4-2,2-3-5,0.045617895501596235,False,2-3-5(0.0456) / 2-3-4(0.0410) / 2-3-1(0.0409) / 2-5-3(0.0382) / 3-2-5(0.0359) / 2-4-3(0.0333) / 2-1-3(0.0332) / 3-2-4(0.0322) / 3-2-1(0.0321) / 5-2-3(0.0273)
2025-12-25,1,1-3-2,3-5-2,0.055257484844338636,False,3-5-2(0.0553) / 5-3-2(0.0538) / 3-2-5(0.0452) / 5-2-3(0.0425) / 2-3-5(0.0390) / 2-5-3(0.0376) / 3-5-6(0.0333) / 5-3-6(0.0325) / 3-5-1(0.0277) / 5-3-1(0.0270)
2025-12-25,2,1-3-5,1-5-2,0.061681805508336865,False,1-5-2(0.0617) / 1-2-5(0.0579) / 1-5-4(0.0480) / 1-5-3(0.0461) / 1-4-5(0.0417) / 1-3-5(0.0396) / 1-2-4(0.0385) / 1-2-3(0.0369) / 5-1-2(0.0358) / 1-4-2(0.0356)
2025-12-25,3,1-6-2,4-6-3,0.08597714059298137,False,4-6-3(0.0860) / 4-3-6(0.0779) / 6-4-3(0.0707) / 3-4-6(0.0610) / 6-3-4(0.0483) / 3-6-4(0.0459) / 4-6-2(0.0255) / 4-6-1(0.0238) / 6-4-2(0.0209) / 6-4-1(0.0195)
2025-12-25,4,3-5-1,5-6-3,0.08422634146623405,False,5-6-3(0.0842) / 5-6-4(0.0803) / 5-3-6(0.0705) / 5-4-6(0.0664) / 5-6-2(0.0505) / 5-3-4(0.0422) / 5-6-1(0.0420) / 5-4-3(0.0417) / 5-2-6(0.0381) / 5-1-6(0.0309)
2025-12-25,5,3-4-2,2-3-1,0.12184153050698669,False,2-3-1(0.1218) / 3-2-1(0.1171) / 2-1-3(0.0769) / 3-1-2(0.0700) / 1-2-3(0.0589) / 2-3-4(0.0581) / 3-2-4(0.0558) / 1-3-2(0.0557) / 2-4-3(0.0305) / 3-4-2(0.0280)
2025-12-25,6,1-3-6,6-2-3,0.10726334700506088,False,6-2-3(0.1073) / 2-6-3(0.0988) / 6-3-2(0.0735) / 2-3-6(0.0606) / 6-2-1(0.0573) / 3-6-2(0.0561) / 2-6-1(0.0528) / 3-2-6(0.0501) / 6-1-2(0.0333) / 2-1-6(0.0278)
2025-12-25,7,4-1-5,2-4-1,0.14245540047740188,False,2-4-1(0.1425) / 4-2-1(0.1285) / 2-1-4(0.1000) / 4-1-2(0.0776) / 1-2-4(0.0764) / 1-4-2(0.0658) / 2-4-6(0.0291) / 4-2-6(0.0263) / 2-4-5(0.0181) / 4-2-5(0.0163)
2025-12-25,8,1-3-4,1-4-2,0.07894726775972527,False,1-4-2(0.0789) / 1-4-3(0.0743) / 1-2-4(0.0713) / 1-3-4(0.0656) / 1-2-3(0.0536) / 1-3-2(0.0524) / 4-1-2(0.0443) / 4-1-3(0.0417) / 2-1-4(0.0385) / 3-1-4(0.0351)
2025-12-26,2,4-3-1,4-6-3,0.08576435839010069,False,4-6-3(0.0858) / 6-4-3(0.0850) / 4-3-6(0.0562) / 6-3-4(0.0551) / 4-6-1(0.0487) / 6-4-1(0.0483) / 3-4-6(0.0443) / 3-6-4(0.0438) / 4-1-6(0.0280) / 6-1-4(0.0275)
2025-12-26,3,5-1-2,5-4-1,0.09788345177784356,False,5-4-1(0.0979) / 5-1-4(0.0896) / 5-4-2(0.0618) / 5-2-4(0.0490) / 5-1-2(0.0471) / 4-5-1(0.0452) / 5-2-1(0.0408) / 1-5-4(0.0403) / 4-5-2(0.0286) / 5-4-6(0.0280)
2025-12-26,4,1-3-6,3-5-1,0.061522772115081656,False,3-5-1(0.0615) / 5-3-1(0.0601) / 3-1-5(0.0518) / 5-1-3(0.0490) / 1-3-5(0.0457) / 1-5-3(0.0442) / 3-5-6(0.0340) / 5-3-6(0.0332) / 3-6-5(0.0241) / 5-6-3(0.0229)
2025-12-26,5,6-1-5,6-2-3,0.12866263899081645,False,6-2-3(0.1287) / 6-3-2(0.1203) / 2-6-3(0.0660) / 3-6-2(0.0604) / 6-2-1(0.0467) / 6-3-1(0.0390) / 6-2-5(0.0358) / 6-1-2(0.0326) / 6-3-5(0.0299) / 6-1-3(0.0290)
2025-12-26,6,3-1-5,6-4-3,0.09441028153789052,False,6-4-3(0.0944) / 4-6-3(0.0927) / 6-4-2(0.0562) / 4-6-2(0.0552) / 6-3-4(0.0478) / 4-3-6(0.0460) / 6-4-5(0.0415) / 4-6-5(0.0407) / 3-6-4(0.0336) / 3-4-6(0.0329)
2025-12-26,7,1-3-4,6-4-1,0.05547364487504605,False,6-4-1(0.0555) / 6-1-4(0.0546) / 4-6-1(0.0497) / 1-6-4(0.0484) / 4-1-6(0.0415) / 1-4-6(0.0411) / 6-4-3(0.0254) / 6-1-3(0.0242) / 4-6-3(0.0228) / 1-6-3(0.0214)
2025-12-26,8,1-5-4,1-2-4,0.10375885159574161,False,1-2-4(0.1038) / 1-2-6(0.0966) / 2-1-4(0.0794) / 2-1-6(0.0739) / 1-2-3(0.0588) / 1-4-2(0.0468) / 2-1-3(0.0449) / 1-6-2(0.0431) / 1-2-5(0.0336) / 2-4-1(0.0264)
2025-12-26,9,1-3-6,2-3-5,0.029355820871197816,False,2-3-5(0.0294) / 3-2-5(0.0291) / 2-5-3(0.0276) / 3-5-2(0.0270) / 5-2-3(0.0262) / 5-3-2(0.0259) / 2-3-1(0.0249) / 3-2-1(0.0247) / 2-1-3(0.0222) / 3-1-2(0.0218)
2025-12-26,10,1-2-4,1-2-4,0.06018621757357135,True,1-2-4(0.0602) / 1-2-3(0.0597) / 2-1-4(0.0500) / 2-1-3(0.0496) / 1-2-5(0.0410) / 1-4-2(0.0386) / 1-3-2(0.0382) / 2-1-5(0.0341) / 1-2-6(0.0269) / 2-4-1(0.0258)
2025-12-26,11,3-1-4,3-1-2,0.08201291497544345,False,3-1-2(0.0820) / 3-2-1(0.0686) / 3-1-6(0.0643) / 1-3-2(0.0546) / 3-6-1(0.0498) / 1-3-6(0.0428) / 2-3-1(0.0424) / 3-2-6(0.0374) / 3-6-2(0.0346) / 6-3-1(0.0297)
2025-12-26,12,1-2-6,3-1-6,0.1001908928342453,False,3-1-6(0.1002) / 1-3-6(0.0991) / 3-1-4(0.0849) / 1-3-4(0.0840) / 3-6-1(0.0480) / 1-6-3(0.0468) / 3-4-1(0.0394) / 1-4-3(0.0385) / 6-3-1(0.0332) / 6-1-3(0.0328)
2025-12-27,1,1-5-6,3-4-1,0.05011549148214796,False,3-4-1(0.0501) / 3-4-5(0.0461) / 3-1-4(0.0455) / 4-3-1(0.0415) / 3-5-4(0.0406) / 4-3-5(0.0382) / 1-3-4(0.0356) / 3-1-5(0.0336) / 3-5-1(0.0326) / 5-3-4(0.0313)
2025-12-27,2,3-1-4,3-5-1,0.06308326128612893,False,3-5-1(0.0631) / 3-1-5(0.0601) / 5-3-1(0.0561) / 1-3-5(0.0520) / 5-1-3(0.0451) / 1-5-3(0.0439) / 3-5-4(0.0256) / 3-5-2(0.0248) / 5-3-4(0.0228) / 3-1-4(0.0223)
2025-12-27,3,1-4-3,3-5-1,0.07660321604805342,False,3-5-1(0.0766) / 3-5-6(0.0702) / 3-1-5(0.0697) / 3-6-5(0.0617) / 3-1-6(0.0526) / 3-6-1(0.0508) / 5-3-1(0.0508) / 5-3-6(0.0465) / 1-3-5(0.0443) / 6-3-5(0.0386)
2025-12-27,4,1-5-2,5-1-3,0.10491090513967741,False,5-1-3(0.1049) / 5-3-1(0.0994) / 1-5-3(0.0473) / 3-5-1(0.0441) / 5-1-4(0.0428) / 5-1-2(0.0426) / 5-3-4(0.0364) / 5-3-2(0.0362) / 5-4-1(0.0319) / 5-2-1(0.0316)
2025-12-27,5,4-2-1,5-4-2,0.09831225521450966,False,5-4-2(0.0983) / 4-5-2(0.0948) / 5-2-4(0.0662) / 5-4-1(0.0625) / 4-2-5(0.0608) / 4-5-1(0.0603) / 2-5-4(0.0520) / 2-4-5(0.0494) / 5-1-4(0.0371) / 4-1-5(0.0343)
2025-12-27,6,5-1-4,4-1-6,0.10519715882333312,False,4-1-6(0.1052) / 1-4-6(0.0819) / 4-1-2(0.0803) / 4-1-5(0.0782) / 1-4-2(0.0625) / 1-4-5(0.0608) / 4-6-1(0.0501) / 4-2-1(0.0367) / 4-5-1(0.0356) / 1-6-4(0.0292)
2025-12-27,7,3-4-6,3-2-6,0.06949113754732146,False,3-2-6(0.0695) / 2-3-6(0.0599) / 3-6-2(0.0576) / 3-2-1(0.0454) / 6-3-2(0.0449) / 2-6-3(0.0406) / 2-3-1(0.0391) / 6-2-3(0.0367) / 3-1-2(0.0331) / 3-6-1(0.0263)
2025-12-27,8,1-4-2,4-3-1,0.10152451786300479,False,4-3-1(0.1015) / 4-1-3(0.0941) / 3-4-1(0.0762) / 1-4-3(0.0682) / 4-3-2(0.0527) / 3-1-4(0.0466) / 1-3-4(0.0450) / 4-1-2(0.0431) / 3-4-2(0.0395) / 4-2-3(0.0386)
2025-12-27,9,1-2-4,3-2-1,0.08579714179686444,False,3-2-1(0.0858) / 3-2-5(0.0769) / 3-2-4(0.0676) / 3-1-2(0.0524) / 3-2-6(0.0477) / 2-3-1(0.0464) / 3-5-2(0.0461) / 2-3-5(0.0415) / 3-4-2(0.0397) / 2-3-4(0.0366)
2025-12-27,10,1-3-2,3-6-1,0.053254311608027696,False,3-6-1(0.0533) / 3-1-6(0.0460) / 3-6-4(0.0438) / 6-3-1(0.0418) / 3-4-6(0.0356) / 6-3-4(0.0343) / 1-3-6(0.0334) / 3-1-4(0.0269) / 6-1-3(0.0264) / 3-4-1(0.0254)
2025-12-27,11,2-1-5,2-1-5,0.034312160749604345,True,2-1-5(0.0343) / 1-2-5(0.0330) / 2-5-1(0.0311) / 1-5-2(0.0284) / 5-2-1(0.0280) / 5-1-2(0.0266) / 2-1-3(0.0254) / 1-2-3(0.0244) / 2-3-1(0.0210) / 1-3-2(0.0193)
2025-12-27,12,1-5-2,1-5-3,0.057048062921657545,False,1-5-3(0.0570) / 1-3-5(0.0511) / 1-5-6(0.0473) / 1-5-2(0.0455) / 1-6-5(0.0402) / 1-2-5(0.0383) / 5-1-3(0.0331) / 1-3-6(0.0317) / 1-3-2(0.0305) / 1-6-3(0.0301)
2025-12-31,1,3-1-4,3-4-1,0.09520518817929774,False,3-4-1(0.0952) / 4-3-1(0.0910) / 3-1-4(0.0793) / 4-1-3(0.0708) / 1-3-4(0.0686) / 1-4-3(0.0641) / 3-4-6(0.0476) / 4-3-6(0.0455) / 3-6-4(0.0314) / 3-1-6(0.0301)
2025-12-31,2,2-5-1,4-5-3,0.05874283230874998,False,4-5-3(0.0587) / 4-3-5(0.0553) / 4-5-6(0.0475) / 4-6-5(0.0417) / 5-4-3(0.0387) / 4-3-6(0.0387) / 4-6-3(0.0361) / 3-4-5(0.0354) / 5-4-6(0.0313) / 6-4-5(0.0258)
2025-12-31,3,3-1-6,4-5-3,0.1928752080488067,False,4-5-3(0.1929) / 5-4-3(0.1709) / 4-5-2(0.1034) / 5-4-2(0.0916) / 4-5-1(0.0630) / 5-4-1(0.0558) / 4-3-5(0.0415) / 5-3-4(0.0322) / 4-5-6(0.0299) / 5-4-6(0.0265)
2025-12-31,4,4-3-1,5-2-1,0.08271960628476994,False,5-2-1(0.0827) / 2-5-1(0.0820) / 5-2-3(0.0627) / 2-5-3(0.0622) / 5-2-6(0.0521) / 2-5-6(0.0516) / 5-1-2(0.0421) / 2-1-5(0.0412) / 5-3-2(0.0304) / 2-3-5(0.0299)
2025-12-31,6,3-6-4,5-6-1,0.33770925559540305,False,5-6-1(0.3377) / 5-1-6(0.1587) / 5-6-3(0.1203) / 5-6-4(0.0611) / 6-5-1(0.0577) / 5-3-6(0.0475) / 1-5-6(0.0253) / 5-4-6(0.0231) / 6-5-3(0.0205) / 5-1-3(0.0202)
2025-12-31,7,1-3-5,5-1-3,0.027626150475448856,False,5-1-3(0.0276) / 5-3-1(0.0273) / 5-1-2(0.0260) / 1-5-3(0.0255) / 5-2-1(0.0251) / 3-5-1(0.0250) / 5-3-2(0.0249) / 5-2-3(0.0244) / 1-5-2(0.0239) / 3-5-2(0.0228)
2025-12-31,8,2-1-4,1-4-2,0.14604779491342618,False,1-4-2(0.1460) / 1-2-4(0.1454) / 1-4-5(0.0707) / 1-2-5(0.0698) / 4-1-2(0.0656) / 2-1-4(0.0652) / 1-5-4(0.0535) / 1-5-2(0.0530) / 4-1-5(0.0318) / 2-1-5(0.0313)
2025-12-31,9,1-4-3,1-3-2,0.1156421854429607,False,1-3-2(0.1156) / 1-2-3(0.0743) / 3-1-2(0.0704) / 1-3-5(0.0645) / 1-3-4(0.0448) / 1-3-6(0.0403) / 3-1-5(0.0393) / 2-1-3(0.0387) / 1-5-3(0.0369) / 3-1-4(0.0273)
2025-12-31,10,4-5-6,3-1-2,0.10646971244158383,False,3-1-2(0.1065) / 3-1-4(0.0850) / 3-2-1(0.0650) / 3-1-5(0.0632) / 1-3-2(0.0569) / 3-4-1(0.0496) / 1-3-4(0.0454) / 3-1-6(0.0354) / 3-5-1(0.0354) / 1-3-5(0.0338)
2025-12-31,11,1-4-5,2-1-6,0.08254449312750183,False,2-1-6(0.0825) / 2-1-4(0.0812) / 1-2-6(0.0539) / 1-2-4(0.0530) / 2-6-1(0.0503) / 2-4-1(0.0493) / 2-1-5(0.0491) / 2-1-3(0.0367) / 1-2-5(0.0320) / 2-5-1(0.0276)
2025-12-31,12,2-3-5,2-3-4,0.10337895817127384,False,2-3-4(0.1034) / 3-2-4(0.0883) / 2-3-5(0.0880) / 3-2-5(0.0751) / 2-4-3(0.0480) / 2-3-1(0.0477) / 3-2-1(0.0408) / 2-5-3(0.0397) / 3-4-2(0.0341) / 4-2-3(0.0295)
