開催日,日目,レース,艇,着,登番,モーター,ボート,展示,3連単オッズ
2020-01-01,2,1,1,1,4452,1,14,6.63,16.2
2020-01-01,2,1,3,2,4821,36,18,6.73,16.2
2020-01-01,2,1,6,3,4931,41,61,6.73,16.2
2020-01-01,2,1,4,4,4852,31,31,6.8,16.2
2020-01-01,2,1,2,5,4511,27,17,6.7,16.2
2020-01-01,2,1,5,6,4894,60,55,6.73,16.2
2020-01-01,2,2,1,1,3234,40,40,6.74,106.3
2020-01-01,2,2,4,2,3710,33,19,6.8,106.3
2020-01-01,2,2,5,3,5037,30,44,6.81,106.3
2020-01-01,2,2,3,4,3478,10,59,6.79,106.3
2020-01-01,2,2,6,5,4221,61,58,6.77,106.3
2020-01-01,2,2,2,6,4185,28,21,6.73,106.3
2020-01-01,2,4,2,1,4154,57,33,6.79,15.5
2020-01-01,2,4,3,2,3578,39,4,6.79,15.5
2020-01-01,2,4,5,3,3541,7,26,6.81,15.5
2020-01-01,2,4,6,4,4776,25,24,6.73,15.5
2020-01-01,2,4,1,5,4946,2,7,6.83,15.5
2020-01-01,2,4,4,6,3660,64,37,6.79,15.5
2020-01-01,2,5,1,1,4348,26,2,6.82,74.1
2020-01-01,2,5,3,2,4643,37,22,6.79,74.1
2020-01-01,2,5,5,3,5032,6,60,6.82,74.1
2020-01-01,2,5,4,4,4739,59,47,6.73,74.1
2020-01-01,2,5,2,5,4034,9,54,6.79,74.1
2020-01-01,2,5,6,6,3187,11,13,6.86,74.1
2020-01-01,2,7,5,1,4459,38,52,6.78,37.1
2020-01-01,2,7,1,2,3553,34,20,6.84,37.1
2020-01-01,2,7,2,3,4331,63,9,6.83,37.1
2020-01-01,2,7,4,4,3849,8,3,6.92,37.1
2020-01-01,2,7,6,5,3710,33,19,6.84,37.1
2020-01-01,2,7,3,6,3910,66,38,6.85,37.1
2020-01-01,2,8,2,1,3837,65,23,6.79,20.3
2020-01-01,2,8,4,2,4437,32,10,6.76,20.3
2020-01-01,2,8,1,3,3568,35,56,6.71,20.3
2020-01-01,2,8,3,4,3660,64,37,6.74,20.3
2020-01-01,2,8,6,5,5037,30,44,6.79,20.3
2020-01-01,2,8,5,6,4249,44,8,6.75,20.3
2020-01-01,2,9,2,1,4643,37,22,6.71,50.4
2020-01-01,2,9,1,2,4583,24,29,6.72,50.4
2020-01-01,2,9,5,3,4821,36,18,6.73,50.4
2020-01-01,2,9,6,4,4030,62,46,6.74,50.4
2020-01-01,2,9,4,5,4154,57,33,6.71,50.4
2020-01-01,2,9,3,6,4221,61,58,6.69,50.4
2020-01-01,2,10,1,1,4260,29,32,6.77,23.6
2020-01-01,2,10,4,2,3578,39,4,6.76,23.6
2020-01-01,2,10,5,3,4852,31,31,6.79,23.6
2020-01-01,2,10,3,4,4772,4,35,6.63,23.6
2020-01-01,2,10,6,5,3478,10,59,6.8,23.6
2020-01-01,2,10,2,6,3187,11,13,6.78,23.6
2020-01-01,2,11,4,1,4452,1,14,6.74,54.2
2020-01-01,2,11,1,2,3541,7,26,6.71,54.2
2020-01-01,2,11,3,3,3543,3,28,6.74,54.2
2020-01-01,2,11,6,4,4331,63,9,6.74,54.2
2020-01-01,2,11,5,5,4010,12,15,6.75,54.2
2020-01-01,2,11,2,6,4348,26,2,6.68,54.2
2020-01-01,2,12,1,1,4459,38,52,6.7,13.7
2020-01-01,2,12,5,2,4739,59,47,6.76,13.7
2020-01-01,2,12,3,3,3832,43,36,6.68,13.7
2020-01-01,2,12,6,4,4020,58,66,6.81,13.7
2020-01-01,2,12,4,5,4776,25,24,6.78,13.7
2020-01-01,2,12,2,6,3568,35,56,6.77,13.7
2020-01-02,3,1,4,1,3753,56,34,6.77,148.6
2020-01-02,3,1,6,2,4348,26,2,6.86,148.6
2020-01-02,3,1,2,3,4821,36,18,6.81,148.6
2020-01-02,3,1,5,4,3578,39,4,6.87,148.6
2020-01-02,3,1,1,5,3710,33,19,6.82,148.6
2020-01-02,3,1,3,6,4010,12,15,6.82,148.6
2020-01-02,3,2,5,1,3478,10,59,6.93,54.6
2020-01-02,3,2,3,2,3553,34,20,6.74,54.6
2020-01-02,3,2,1,3,4221,61,58,6.8,54.6
2020-01-02,3,2,2,4,3855,5,48,6.82,54.6
2020-01-02,3,2,6,5,4034,9,54,6.81,54.6
2020-01-02,3,2,4,6,4946,2,7,6.88,54.6
2020-01-02,3,3,3,1,4931,41,61,6.72,45.4
2020-01-02,3,3,4,2,3187,11,13,6.95,45.4
2020-01-02,3,3,5,3,3832,43,36,6.79,45.4
2020-01-02,3,3,6,4,4260,29,32,6.85,45.4
2020-01-02,3,3,1,5,4894,60,55,6.8,45.4
2020-01-02,3,3,2,6,5032,6,60,6.89,45.4
2020-01-02,3,4,1,1,4511,27,17,6.76,23.9
2020-01-02,3,4,2,2,3234,40,40,6.74,23.9
2020-01-02,3,4,3,3,4437,32,10,6.76,23.9
2020-01-02,3,4,6,4,3543,3,28,6.85,23.9
2020-01-02,3,4,4,5,5037,30,44,6.84,23.9
2020-01-02,3,4,5,6,4331,63,9,6.82,23.9
2020-01-02,3,5,3,1,4030,62,46,6.84,11.5
2020-01-02,3,5,1,2,4852,31,31,6.77,11.5
2020-01-02,3,5,5,3,4020,58,66,6.78,11.5
2020-01-02,3,5,6,4,4154,57,33,6.8,11.5
2020-01-02,3,5,4,5,3568,35,56,6.85,11.5
2020-01-02,3,5,2,6,3660,64,37,6.85,11.5
2020-01-02,3,6,2,1,4452,1,14,6.76,7.5
2020-01-02,3,6,4,2,3541,7,26,6.81,7.5
2020-01-02,3,6,6,3,4459,38,52,6.76,7.5
2020-01-02,3,6,1,4,4249,44,8,6.75,7.5
2020-01-02,3,6,5,5,3710,33,19,6.8,7.5
2020-01-02,3,6,3,6,4034,9,54,6.76,7.5
2020-01-02,3,7,1,1,4776,25,24,6.81,5.5
2020-01-02,3,7,2,2,3849,8,3,6.84,5.5
2020-01-02,3,7,5,3,3837,65,23,6.87,5.5
2020-01-02,3,7,6,4,3578,39,4,6.77,5.5
2020-01-02,3,7,3,5,5032,6,60,6.86,5.5
2020-01-02,3,7,4,6,3478,10,59,6.89,5.5
2020-01-02,3,8,1,1,4643,37,22,6.73,14.7
2020-01-02,3,8,4,2,3543,3,28,6.88,14.7
2020-01-02,3,8,5,3,3753,56,34,6.74,14.7
2020-01-02,3,8,2,4,4583,24,29,6.76,14.7
2020-01-02,3,8,6,5,3910,66,38,6.78,14.7
2020-01-02,3,8,3,6,3187,11,13,6.86,14.7
2020-01-02,3,9,1,1,4739,59,47,6.79,22.6
2020-01-02,3,9,3,2,4894,60,55,6.74,22.6
2020-01-02,3,9,6,3,4772,4,35,6.78,22.6
2020-01-02,3,9,2,4,3553,34,20,6.83,22.6
2020-01-02,3,9,4,5,3234,40,40,6.71,22.6
2020-01-02,3,9,5,6,3568,35,56,6.86,22.6
2020-01-02,3,10,3,1,4260,29,32,6.79,581.3
2020-01-02,3,10,4,2,4010,12,15,6.79,581.3
2020-01-02,3,10,2,3,4020,58,66,6.86,581.3
2020-01-02,3,10,1,4,3541,7,26,6.81,581.3
2020-01-02,3,10,5,5,4437,32,10,6.77,581.3
2020-01-02,3,10,6,6,4946,2,7,6.87,581.3
2020-01-02,3,11,1,1,3837,65,23,6.77,13.2
2020-01-02,3,11,2,2,3832,43,36,6.79,13.2
2020-01-02,3,11,4,3,4348,26,2,6.82,13.2
2020-01-02,3,11,3,4,4511,27,17,6.83,13.2
2020-01-02,3,11,5,5,4030,62,46,6.75,13.2
2020-01-02,3,11,6,6,4452,1,14,6.82,13.2
2020-01-02,3,12,1,1,3849,8,3,6.76,11.2
2020-01-02,3,12,2,2,4852,31,31,6.67,11.2
2020-01-02,3,12,3,3,4331,63,9,6.65,11.2
2020-01-02,3,12,6,4,3855,5,48,6.77,11.2
2020-01-02,3,12,5,5,4643,37,22,6.77,11.2
2020-01-02,3,12,4,6,4931,41,61,6.63,11.2
2020-01-03,4,1,1,1,3855,5,48,6.84,19.5
2020-01-03,4,1,3,2,3553,34,20,6.84,19.5
2020-01-03,4,1,5,3,4776,25,24,6.89,19.5
2020-01-03,4,1,2,4,3753,56,34,6.81,19.5
2020-01-03,4,1,4,5,4010,12,15,6.84,19.5
2020-01-03,4,1,6,6,4511,27,17,6.85,19.5
2020-01-03,4,2,4,1,4821,36,18,6.8,27.7
2020-01-03,4,2,2,2,3578,39,4,6.76,27.7
2020-01-03,4,2,5,3,3187,11,13,6.85,27.7
2020-01-03,4,2,1,4,3660,64,37,6.83,27.7
2020-01-03,4,2,3,5,3234,40,40,6.79,27.7
2020-01-03,4,2,6,6,4249,44,8,6.78,27.7
2020-01-03,4,3,2,1,4931,41,61,6.71,10.4
2020-01-03,4,3,5,2,3849,8,3,6.87,10.4
2020-01-03,4,3,3,3,4020,58,66,6.75,10.4
2020-01-03,4,3,4,4,4221,61,58,6.8,10.4
2020-01-03,4,3,6,5,5037,30,44,6.85,10.4
2020-01-03,4,3,1,6,5032,6,60,6.79,10.4
2020-01-03,4,4,4,1,3478,10,59,6.81,121.8
2020-01-03,4,4,2,2,4852,31,31,6.77,121.8
2020-01-03,4,4,1,3,4034,9,54,6.74,121.8
2020-01-03,4,4,6,4,3568,35,56,6.87,121.8
2020-01-03,4,4,5,5,4583,24,29,6.83,121.8
2020-01-03,4,4,3,6,4894,60,55,6.8,121.8
2020-01-03,4,5,1,1,4437,32,10,6.74,67.3
2020-01-03,4,5,4,2,4348,26,2,6.88,67.3
2020-01-03,4,5,6,3,3910,66,38,6.77,67.3
2020-01-03,4,5,2,4,3543,3,28,6.75,67.3
2020-01-03,4,5,3,5,3855,5,48,6.82,67.3
2020-01-03,4,5,5,6,4154,57,33,6.8,67.3
2020-01-03,4,6,1,1,3832,43,36,6.76,36.1
2020-01-03,4,6,3,2,3187,11,13,6.89,36.1
2020-01-03,4,6,5,3,4739,59,47,6.8,36.1
2020-01-03,4,6,4,4,3837,65,23,6.85,36.1
2020-01-03,4,6,6,5,4010,12,15,6.79,36.1
2020-01-03,4,6,2,6,4946,2,7,6.81,36.1
2020-01-03,4,7,1,1,4331,63,9,6.86,8.3
2020-01-03,4,7,3,2,4459,38,52,6.77,8.3
2020-01-03,4,7,6,3,3541,7,26,6.8,8.3
2020-01-03,4,7,4,4,3753,56,34,6.78,8.3
2020-01-03,4,7,5,5,3234,40,40,6.88,8.3
2020-01-03,4,7,2,6,4221,61,58,6.77,8.3
2020-01-03,4,8,1,1,4260,29,32,6.85,4.2
2020-01-03,4,8,4,2,4030,62,46,6.75,4.2
2020-01-03,4,8,2,3,4776,25,24,6.8,4.2
2020-01-03,4,8,6,4,4894,60,55,6.84,4.2
2020-01-03,4,8,5,5,5037,30,44,6.9,4.2
2020-01-03,4,8,3,6,3710,33,19,6.83,4.2
2020-01-03,4,9,4,1,4020,58,66,6.77,42.9
2020-01-03,4,9,1,2,3543,3,28,6.76,42.9
2020-01-03,4,9,6,3,4772,4,35,6.78,42.9
2020-01-03,4,9,3,4,4511,27,17,6.75,42.9
2020-01-03,4,9,2,5,4583,24,29,6.79,42.9
2020-01-03,4,9,5,6,3660,64,37,6.8,42.9
2020-01-03,4,10,1,1,4643,37,22,6.77,10.6
2020-01-03,4,10,2,2,4739,59,47,6.77,10.6
2020-01-03,4,10,6,3,3849,8,3,6.75,10.6
2020-01-03,4,10,3,4,4154,57,33,6.69,10.6
2020-01-03,4,10,5,5,4452,1,14,6.77,10.6
2020-01-03,4,10,4,6,4249,44,8,6.72,10.6
2020-01-03,4,11,1,1,4459,38,52,6.68,13.0
2020-01-03,4,11,2,2,3568,35,56,6.66,13.0
2020-01-03,4,11,5,3,4931,41,61,6.77,13.0
2020-01-03,4,11,4,4,3578,39,4,6.76,13.0
2020-01-03,4,11,3,5,3832,43,36,6.7,13.0
2020-01-03,4,11,6,6,3553,34,20,6.71,13.0
2020-01-03,4,12,2,1,3837,65,23,6.75,43.8
2020-01-03,4,12,1,2,4030,62,46,6.75,43.8
2020-01-03,4,12,5,3,4852,31,31,6.76,43.8
2020-01-03,4,12,3,4,4331,63,9,6.79,43.8
2020-01-03,4,12,4,5,4437,32,10,6.79,43.8
2020-01-03,4,12,6,6,4821,36,18,6.79,43.8
2020-01-04,5,1,1,1,3543,3,28,6.86,140.1
2020-01-04,5,1,6,2,3710,33,19,6.86,140.1
2020-01-04,5,1,2,3,3660,64,37,6.87,140.1
2020-01-04,5,1,5,4,4010,12,15,6.85,140.1
2020-01-04,5,1,4,5,3234,40,40,6.87,140.1
2020-01-04,5,1,3,6,4154,57,33,6.78,140.1
2020-01-04,5,2,5,1,4249,44,8,6.83,138.0
2020-01-04,5,2,1,2,4034,9,54,6.81,138.0
2020-01-04,5,2,6,3,5037,30,44,6.92,138.0
2020-01-04,5,2,2,4,5032,6,60,6.85,138.0
2020-01-04,5,2,3,5,4946,2,7,6.9,138.0
2020-01-04,5,2,4,6,4221,61,58,6.89,138.0
2020-01-04,5,3,3,1,4821,36,18,6.86,89.0
2020-01-04,5,3,1,2,3553,34,20,6.87,89.0
2020-01-04,5,3,2,3,3541,7,26,6.82,89.0
2020-01-04,5,3,6,4,4776,25,24,6.86,89.0
2020-01-04,5,3,5,5,3849,8,3,6.91,89.0
2020-01-04,5,3,4,6,4020,58,66,6.89,89.0
2020-01-04,5,4,4,1,4643,37,22,6.76,18.2
2020-01-04,5,4,6,2,4030,62,46,6.83,18.2
2020-01-04,5,4,5,3,3832,43,36,6.79,18.2
2020-01-04,5,4,3,4,4511,27,17,6.8,18.2
2020-01-04,5,4,2,5,4894,60,55,6.84,18.2
2020-01-04,5,4,1,6,3478,10,59,6.82,18.2
2020-01-04,5,5,2,1,4931,41,61,6.77,54.2
2020-01-04,5,5,4,2,4260,29,32,6.88,54.2
2020-01-04,5,5,1,3,4739,59,47,6.78,54.2
2020-01-04,5,5,6,4,3910,66,38,6.77,54.2
2020-01-04,5,5,5,5,3187,11,13,6.95,54.2
2020-01-04,5,5,3,6,3753,56,34,6.85,54.2
2020-01-04,5,6,4,1,4348,26,2,6.8,83.5
2020-01-04,5,6,6,2,4459,38,52,6.75,83.5
2020-01-04,5,6,5,3,3855,5,48,6.79,83.5
2020-01-04,5,6,3,4,4583,24,29,6.76,83.5
2020-01-04,5,6,2,5,4249,44,8,6.72,83.5
2020-01-04,5,6,1,6,4852,31,31,6.75,83.5
2020-01-04,5,7,4,1,3837,65,23,6.72,231.3
2020-01-04,5,7,3,2,3553,34,20,6.82,231.3
2020-01-04,5,7,6,3,4772,4,35,6.8,231.3
2020-01-04,5,7,5,4,4452,1,14,6.87,231.3
2020-01-04,5,7,2,5,3578,39,4,6.71,231.3
2020-01-04,5,7,1,6,4331,63,9,6.71,231.3
2020-01-04,5,8,1,1,4437,32,10,6.64,18.3
2020-01-04,5,8,3,2,4034,9,54,6.82,18.3
2020-01-04,5,8,2,3,3832,43,36,6.76,18.3
2020-01-04,5,8,5,4,3660,64,37,6.81,18.3
2020-01-04,5,8,4,5,3568,35,56,6.77,18.3
2020-01-04,5,8,6,6,4946,2,7,6.81,18.3
2020-01-04,5,9,3,1,4739,59,47,6.68,47.0
2020-01-04,5,9,1,2,3849,8,3,6.69,47.0
2020-01-04,5,9,2,3,4643,37,22,6.62,47.0
2020-01-04,5,9,6,4,3543,3,28,6.7,47.0
2020-01-04,5,9,5,5,3541,7,26,6.78,47.0
2020-01-04,5,9,4,6,4931,41,61,6.73,47.0
2020-01-04,5,10,2,1,4020,58,66,6.66,157.0
2020-01-04,5,10,3,2,4260,29,32,6.63,157.0
2020-01-04,5,10,1,3,4030,62,46,6.59,157.0
2020-01-04,5,10,4,4,4821,36,18,6.66,157.0
2020-01-04,5,10,5,5,4852,31,31,6.69,157.0
2020-01-04,5,10,6,6,4331,63,9,6.7,157.0
2020-01-04,5,11,1,1,4459,38,52,6.71,91.7
2020-01-04,5,11,5,2,3578,39,4,6.84,91.7
2020-01-04,5,11,4,3,4437,32,10,6.82,91.7
2020-01-04,5,11,3,4,4348,26,2,6.81,91.7
2020-01-04,5,11,2,5,4452,1,14,6.75,91.7
2020-01-04,5,11,6,6,3478,10,59,6.79,91.7
2020-01-05,6,1,1,1,4776,25,27,6.72,10.3
2020-01-05,6,1,2,2,3855,5,48,6.84,10.3
2020-01-05,6,1,4,3,4154,57,33,6.67,10.3
2020-01-05,6,1,5,4,5037,30,44,6.88,10.3
2020-01-05,6,1,3,5,4034,9,54,6.84,10.3
2020-01-05,6,1,6,6,4894,60,55,6.76,10.3
2020-01-05,6,2,1,1,3710,33,41,6.8,44.2
2020-01-05,6,2,5,2,3660,64,37,6.9,44.2
2020-01-05,6,2,4,3,3187,11,13,6.98,44.2
2020-01-05,6,2,3,4,4221,61,58,6.82,44.2
2020-01-05,6,2,2,5,4946,2,7,6.73,44.2
2020-01-05,6,2,6,6,5032,6,60,6.85,44.2
2020-01-05,6,3,2,1,4821,36,18,6.73,24.1
2020-01-05,6,3,1,2,3478,10,59,6.74,24.1
2020-01-05,6,3,5,3,4583,24,29,6.77,24.1
2020-01-05,6,3,3,4,4010,12,15,6.78,24.1
2020-01-05,6,3,6,5,3553,34,20,6.76,24.1
2020-01-05,6,3,4,6,3832,43,36,6.84,24.1
2020-01-05,6,4,5,1,4852,31,31,6.86,44.6
2020-01-05,6,4,1,2,4931,41,61,6.77,44.6
2020-01-05,6,4,6,3,3837,65,23,6.83,44.6
2020-01-05,6,4,3,4,4511,27,17,6.82,44.6
2020-01-05,6,4,2,5,3753,56,34,6.82,44.6
2020-01-05,6,4,4,6,4249,44,8,6.75,44.6
2020-01-05,6,5,1,1,3541,7,26,6.71,5.3
2020-01-05,6,5,2,2,4331,63,9,6.75,5.3
2020-01-05,6,5,4,3,4437,32,10,6.72,5.3
2020-01-05,6,5,3,4,3234,40,40,6.78,5.3
2020-01-05,6,5,6,5,5037,30,44,6.76,5.3
2020-01-05,6,5,5,6,4154,57,33,6.74,5.3
2020-01-05,6,6,6,1,4452,1,14,6.77,27.9
2020-01-05,6,6,1,2,4643,37,22,6.71,27.9
2020-01-05,6,6,5,3,3568,35,56,6.83,27.9
2020-01-05,6,6,3,4,4894,60,55,6.74,27.9
2020-01-05,6,6,2,5,3660,64,37,6.8,27.9
2020-01-05,6,6,4,6,5032,6,60,6.8,27.9
2020-01-05,6,7,1,1,4348,26,2,6.72,10.7
2020-01-05,6,7,5,2,4030,62,46,6.68,10.7
2020-01-05,6,7,2,3,4010,12,15,6.75,10.7
2020-01-05,6,7,3,4,3832,43,36,6.74,10.7
2020-01-05,6,7,4,5,4221,61,58,6.8,10.7
2020-01-05,6,7,6,6,4034,9,54,6.8,10.7
2020-01-05,6,8,1,1,3543,3,28,6.77,7.5
2020-01-05,6,8,4,2,4583,24,29,6.67,7.5
2020-01-05,6,8,2,3,4776,25,27,6.75,7.5
2020-01-05,6,8,3,4,3855,5,48,6.73,7.5
2020-01-05,6,8,6,5,3910,66,38,6.7,7.5
2020-01-05,6,8,5,6,4511,27,17,6.82,7.5
2020-01-05,6,9,3,1,3837,65,23,6.75,19.7
2020-01-05,6,9,1,2,3568,35,1,6.78,19.7
2020-01-05,6,9,2,3,3187,11,13,6.78,19.7
2020-01-05,6,9,5,4,3753,56,34,6.77,19.7
2020-01-05,6,9,4,5,3234,40,40,6.76,19.7
2020-01-05,6,9,6,6,4772,4,35,6.69,19.7
2020-01-05,6,10,1,1,4452,1,14,6.7,9.0
2020-01-05,6,10,3,2,3541,7,26,6.75,9.0
2020-01-05,6,10,4,3,4931,41,61,6.73,9.0
2020-01-05,6,10,6,4,3478,10,59,6.77,9.0
2020-01-05,6,10,2,5,4852,31,31,6.79,9.0
2020-01-05,6,10,5,6,4331,63,9,6.76,9.0
2020-01-05,6,11,1,1,4030,62,46,6.74,5.8
2020-01-05,6,11,2,2,4643,37,22,6.71,5.8
2020-01-05,6,11,3,3,4437,32,10,6.73,5.8
2020-01-05,6,11,4,4,4348,26,2,6.75,5.8
2020-01-05,6,11,6,5,3543,3,28,6.77,5.8
2020-01-05,6,11,5,6,4821,36,18,6.73,5.8
2020-01-05,6,12,1,1,4459,38,52,6.74,17.1
2020-01-05,6,12,4,2,3849,8,3,6.83,17.1
2020-01-05,6,12,5,3,4260,29,32,6.84,17.1
2020-01-05,6,12,6,4,3578,39,4,6.87,17.1
2020-01-05,6,12,3,5,4739,59,47,6.82,17.1
2020-01-05,6,12,2,6,4020,58,66,6.78,17.1
2020-01-10,1,1,1,1,3901,38,20,6.75,14.5
2020-01-10,1,1,2,2,4538,3,39,6.84,14.5
2020-01-10,1,1,5,3,4315,26,22,6.75,14.5
2020-01-10,1,1,4,4,4187,1,31,6.87,14.5
2020-01-10,1,1,6,5,4035,53,13,6.75,14.5
2020-01-10,1,1,3,6,4668,13,38,6.87,14.5
2020-01-10,1,2,1,1,3064,37,62,6.79,6.3
2020-01-10,1,2,3,2,4518,46,5,6.71,6.3
2020-01-10,1,2,4,3,4718,20,65,6.84,6.3
2020-01-10,1,2,2,4,4705,19,58,6.8,6.3
2020-01-10,1,2,6,5,3434,62,47,6.86,6.3
2020-01-10,1,2,5,6,5099,17,26,6.79,6.3
2020-01-10,1,3,3,1,4215,47,27,6.83,53.7
2020-01-10,1,3,6,2,4324,50,34,6.79,53.7
2020-01-10,1,3,5,3,4487,55,40,6.75,53.7
2020-01-10,1,3,4,4,4417,28,51,6.72,53.7
2020-01-10,1,3,2,5,4917,51,64,6.72,53.7
2020-01-10,1,3,1,6,3051,59,54,6.85,53.7
2020-01-10,1,4,4,1,4102,29,48,6.8,82.7
2020-01-10,1,4,2,2,4752,57,57,6.8,82.7
2020-01-10,1,4,5,3,4269,8,53,6.78,82.7
2020-01-10,1,4,3,4,3977,7,37,6.78,82.7
2020-01-10,1,4,6,5,3548,23,35,6.83,82.7
2020-01-10,1,4,1,6,3875,24,16,6.84,82.7
2020-01-10,1,5,1,1,3662,34,63,6.83,21.5
2020-01-10,1,5,4,2,4116,5,61,6.89,21.5
2020-01-10,1,5,2,3,4931,30,17,6.83,21.5
2020-01-10,1,5,5,4,4213,65,44,6.86,21.5
2020-01-10,1,5,6,5,3926,54,46,6.86,21.5
2020-01-10,1,5,3,6,4067,18,1,6.82,21.5
2020-01-10,1,6,1,1,4204,39,50,6.75,254.0
2020-01-10,1,6,6,2,4411,22,21,6.74,254.0
2020-01-10,1,6,4,3,4035,53,13,6.79,254.0
2020-01-10,1,6,2,4,4391,16,11,6.79,254.0
2020-01-10,1,6,5,5,4449,49,49,6.83,254.0
2020-01-10,1,6,3,6,3282,58,45,6.88,254.0
2020-01-10,1,7,4,1,3959,48,6,6.78,34.1
2020-01-10,1,7,2,2,4588,52,36,6.87,34.1
2020-01-10,1,7,1,3,4118,21,12,6.89,34.1
2020-01-10,1,7,5,4,4917,51,64,6.75,34.1
2020-01-10,1,7,3,5,3901,38,20,6.91,34.1
2020-01-10,1,7,6,6,5121,15,25,6.89,34.1
2020-01-10,1,9,1,1,4524,45,30,6.7,72.2
2020-01-10,1,9,5,2,4931,30,17,6.83,72.2
2020-01-10,1,9,2,3,4718,20,65,6.8,72.2
2020-01-10,1,9,6,4,4215,47,27,6.79,72.2
2020-01-10,1,9,4,5,4872,14,9,6.78,72.2
2020-01-10,1,9,3,6,4102,29,48,6.67,72.2
2020-01-10,1,10,3,1,3662,34,63,6.76,54.8
2020-01-10,1,10,4,2,4118,21,12,6.85,54.8
2020-01-10,1,10,1,3,3282,58,45,6.81,54.8
2020-01-10,1,10,6,4,3977,7,37,6.79,54.8
2020-01-10,1,10,5,5,4417,28,51,6.83,54.8
2020-01-10,1,10,2,6,4315,26,22,6.75,54.8
2020-01-10,1,11,1,1,4269,8,53,6.74,10.9
2020-01-10,1,11,4,2,4588,52,36,6.78,10.9
2020-01-10,1,11,2,3,4411,22,21,6.73,10.9
2020-01-10,1,11,6,4,4187,1,31,6.77,10.9
2020-01-10,1,11,5,5,4116,5,61,6.8,10.9
2020-01-10,1,11,3,6,4705,19,58,6.77,10.9
2020-01-10,1,12,1,1,3959,48,6,6.77,42.9
2020-01-10,1,12,4,2,4391,16,11,6.86,42.9
2020-01-10,1,12,6,3,4067,18,1,6.83,42.9
2020-01-10,1,12,5,4,4524,45,30,6.81,42.9
2020-01-10,1,12,2,5,3360,61,43,6.87,42.9
2020-01-10,1,12,3,6,4324,50,34,6.74,42.9
2020-01-11,2,2,1,1,4187,1,31,6.8,24.8
2020-01-11,2,2,6,2,3901,38,20,6.81,24.8
2020-01-11,2,2,4,3,4752,57,57,6.88,24.8
2020-01-11,2,2,3,4,3434,62,47,6.87,24.8
2020-01-11,2,2,2,5,4213,65,44,6.84,24.8
2020-01-11,2,2,5,6,5121,15,25,6.87,24.8
2020-01-11,2,3,1,1,3926,54,46,6.87,117.7
2020-01-11,2,3,2,2,4872,14,9,6.89,117.7
2020-01-11,2,3,6,3,4118,21,12,6.84,117.7
2020-01-11,2,3,4,4,4487,55,40,6.81,117.7
2020-01-11,2,3,5,5,3959,48,6,6.76,117.7
2020-01-11,2,3,3,6,3064,37,62,6.85,117.7
2020-01-11,2,4,1,1,4035,53,13,6.86,16.0
2020-01-11,2,4,3,2,4588,52,36,6.89,16.0
2020-01-11,2,4,6,3,3360,61,43,6.88,16.0
2020-01-11,2,4,5,4,4718,20,65,6.91,16.0
2020-01-11,2,4,2,5,4449,49,49,6.8,16.0
2020-01-11,2,4,4,6,4538,3,39,6.9,16.0
2020-01-11,2,5,2,1,4102,29,48,6.83,29.0
2020-01-11,2,5,4,2,4324,50,34,6.85,29.0
2020-01-11,2,5,5,3,4518,46,5,6.81,29.0
2020-01-11,2,5,1,4,3548,23,35,6.95,29.0
2020-01-11,2,5,3,5,4315,26,22,6.87,29.0
2020-01-11,2,5,6,6,5099,17,26,6.94,29.0
2020-01-11,2,6,2,1,4524,45,30,6.84,7.9
2020-01-11,2,6,1,2,3434,62,47,6.87,7.9
2020-01-11,2,6,3,3,4391,16,11,6.91,7.9
2020-01-11,2,6,4,4,4917,51,64,6.84,7.9
2020-01-11,2,6,5,5,3934,10,2,6.91,7.9
2020-01-11,2,6,6,6,3051,59,54,6.97,7.9
2020-01-11,2,7,1,1,4411,22,21,6.81,12.7
2020-01-11,2,7,4,2,4067,18,1,6.86,12.7
2020-01-11,2,7,5,3,4705,19,58,6.95,12.7
2020-01-11,2,7,3,4,3926,54,46,6.91,12.7
2020-01-11,2,7,6,5,3282,58,45,6.85,12.7
2020-01-11,2,7,2,6,4668,13,38,6.87,12.7
2020-01-11,2,8,1,1,4215,47,27,6.81,11.5
2020-01-11,2,8,2,2,4116,5,61,6.84,11.5
2020-01-11,2,8,3,3,4204,39,50,6.81,11.5
2020-01-11,2,8,4,4,4269,8,53,6.81,11.5
2020-01-11,2,8,5,5,4872,14,9,6.86,11.5
2020-01-11,2,8,6,6,5121,15,25,6.89,11.5
2020-01-11,2,9,1,1,4324,50,34,6.73,5.0
2020-01-11,2,9,4,2,3662,34,63,6.78,5.0
2020-01-11,2,9,2,3,4417,28,51,6.76,5.0
2020-01-11,2,9,3,4,4449,49,49,6.83,5.0
2020-01-11,2,9,6,5,3064,37,62,6.83,5.0
2020-01-11,2,9,5,6,4752,57,57,6.9,5.0
2020-01-11,2,10,1,1,4067,18,1,6.88,14.9
2020-01-11,2,10,3,2,3934,10,2,6.92,14.9
2020-01-11,2,10,2,3,4487,55,40,6.87,14.9
2020-01-11,2,10,4,4,4213,65,44,6.82,14.9
2020-01-11,2,10,6,5,3875,24,16,6.94,14.9
2020-01-11,2,10,5,6,3360,61,43,6.92,14.9
2020-01-11,2,11,1,1,4102,29,48,6.83,9.6
2020-01-11,2,11,2,2,4269,8,53,6.75,9.6
2020-01-11,2,11,6,3,4524,45,30,6.94,9.6
2020-01-11,2,11,3,4,4118,21,12,6.89,9.6
2020-01-11,2,11,4,5,3282,58,45,6.85,9.6
2020-01-11,2,11,5,6,4588,52,36,6.93,9.6
2020-01-11,2,12,1,1,4391,16,11,6.83,4.9
2020-01-11,2,12,2,2,3959,48,6,6.78,4.9
2020-01-11,2,12,4,3,4215,47,27,6.88,4.9
2020-01-11,2,12,6,4,3662,34,63,6.85,4.9
2020-01-11,2,12,3,5,3548,23,35,6.9,4.9
2020-01-11,2,12,5,6,4411,22,21,6.83,4.9
2020-01-12,3,1,5,1,3064,37,62,6.82,34.9
2020-01-12,3,1,1,2,4116,5,61,6.8,34.9
2020-01-12,3,1,2,3,3434,62,47,6.84,34.9
2020-01-12,3,1,4,4,3875,24,16,6.93,34.9
2020-01-12,3,1,3,5,4917,51,64,6.81,34.9
2020-01-12,3,1,6,6,5121,15,25,6.89,34.9
2020-01-12,3,2,1,1,4315,26,22,6.78,20.9
2020-01-12,3,2,4,2,4487,55,40,6.87,20.9
2020-01-12,3,2,6,3,4668,13,38,6.86,20.9
2020-01-12,3,2,3,4,4538,3,39,6.93,20.9
2020-01-12,3,2,2,5,3051,59,54,6.87,20.9
2020-01-12,3,2,5,6,5099,17,26,6.87,20.9
2020-01-12,3,3,1,1,4518,46,5,6.77,52.2
2020-01-12,3,3,5,2,4718,20,65,6.83,52.2
2020-01-12,3,3,6,3,3662,34,63,6.85,52.2
2020-01-12,3,3,4,4,4204,39,50,6.82,52.2
2020-01-12,3,3,3,5,3934,10,2,6.86,52.2
2020-01-12,3,3,2,6,4187,1,31,6.86,52.2
2020-01-12,3,4,3,1,4269,8,53,6.78,65.8
2020-01-12,3,4,4,2,3977,7,37,6.9,65.8
2020-01-12,3,4,5,3,4215,47,27,6.88,65.8
2020-01-12,3,4,6,4,4411,22,21,6.77,65.8
2020-01-12,3,4,1,5,4449,49,49,6.79,65.8
2020-01-12,3,4,2,6,3901,38,20,6.86,65.8
2020-01-12,3,5,4,1,4391,16,11,6.86,20.8
2020-01-12,3,5,2,2,3360,61,43,6.88,20.8
2020-01-12,3,5,1,3,4588,52,36,6.84,20.8
2020-01-12,3,5,5,4,3926,54,46,6.83,20.8
2020-01-12,3,5,3,5,4752,57,57,6.84,20.8
2020-01-12,3,5,6,6,4705,19,58,6.84,20.8
2020-01-12,3,6,1,1,4487,55,40,6.79,18.4
2020-01-12,3,6,2,2,4118,21,12,6.88,18.4
2020-01-12,3,6,6,3,4417,28,51,6.77,18.4
2020-01-12,3,6,3,4,4067,18,1,6.94,18.4
2020-01-12,3,6,5,5,4917,51,64,6.85,18.4
2020-01-12,3,6,4,6,4931,30,17,6.9,18.4
2020-01-12,3,7,2,1,4324,50,34,6.72,13.5
2020-01-12,3,7,1,2,4213,65,44,6.81,13.5
2020-01-12,3,7,3,3,4035,53,13,6.74,13.5
2020-01-12,3,7,6,4,4524,45,30,6.83,13.5
2020-01-12,3,7,5,5,3548,23,35,6.9,13.5
2020-01-12,3,7,4,6,4872,14,9,6.84,13.5
2020-01-12,3,8,1,1,3959,48,6,6.7,21.9
2020-01-12,3,8,3,2,4718,20,65,6.75,21.9
2020-01-12,3,8,4,3,3282,58,45,6.84,21.9
2020-01-12,3,8,5,4,3977,7,37,6.86,21.9
2020-01-12,3,8,2,5,4102,29,48,6.69,21.9
2020-01-12,3,8,6,6,5099,17,26,6.81,21.9
2020-01-12,3,9,1,1,4411,22,21,6.74,21.7
2020-01-12,3,9,2,2,4588,52,36,6.85,21.7
2020-01-12,3,9,6,3,4116,5,61,6.77,21.7
2020-01-12,3,9,3,4,4204,39,50,6.81,21.7
2020-01-12,3,9,5,5,4187,1,31,6.91,21.7
2020-01-12,3,9,4,6,4269,8,53,6.76,21.7
2020-01-12,3,10,1,1,3662,34,63,6.79,17.7
2020-01-12,3,10,3,2,4324,50,34,6.73,17.7
2020-01-12,3,10,4,3,4067,18,1,6.86,17.7
2020-01-12,3,10,2,4,4215,47,27,6.81,17.7
2020-01-12,3,10,5,5,4391,16,11,6.91,17.7
2020-01-12,3,10,6,6,3360,61,43,6.86,17.7
2020-01-12,3,11,1,1,4524,45,30,6.74,25.9
2020-01-12,3,11,3,2,4518,46,5,6.78,25.9
2020-01-12,3,11,5,3,3901,38,20,6.77,25.9
2020-01-12,3,11,2,4,3959,48,6,6.74,25.9
2020-01-12,3,11,4,5,4102,29,48,6.79,25.9
2020-01-12,3,11,6,6,4118,21,12,6.88,25.9
2020-01-12,3,12,1,1,3934,10,2,6.89,31.6
2020-01-12,3,12,4,2,4449,49,49,6.82,31.6
2020-01-12,3,12,2,3,3548,23,35,6.82,31.6
2020-01-12,3,12,5,4,3434,62,47,6.86,31.6
2020-01-12,3,12,3,5,4417,28,51,6.72,31.6
2020-01-12,3,12,6,6,4538,3,39,6.92,31.6
2020-01-13,4,1,1,1,4118,21,12,6.89,9.0
2020-01-13,4,1,3,2,4752,57,57,6.91,9.0
2020-01-13,4,1,5,3,4931,30,17,6.82,9.0
2020-01-13,4,1,2,4,3926,54,46,6.81,9.0
2020-01-13,4,1,4,5,3051,59,54,6.85,9.0
2020-01-13,4,1,6,6,5099,17,26,6.89,9.0
2020-01-13,4,3,4,1,4204,39,50,6.72,289.9
2020-01-13,4,3,1,2,4538,3,39,6.8,289.9
2020-01-13,4,3,6,3,4213,65,44,6.86,289.9
2020-01-13,4,3,2,4,3977,7,37,6.82,289.9
2020-01-13,4,3,5,5,3548,23,35,6.85,289.9
2020-01-13,4,3,3,6,3064,37,62,6.83,289.9
2020-01-13,4,4,5,1,3282,58,45,6.83,119.2
2020-01-13,4,4,1,2,4668,13,38,6.77,119.2
2020-01-13,4,4,6,3,3934,10,2,6.84,119.2
2020-01-13,4,4,2,4,4187,1,31,6.85,119.2
2020-01-13,4,4,3,5,4917,51,64,6.83,119.2
2020-01-13,4,4,4,6,4315,26,22,6.78,119.2
2020-01-13,4,5,1,1,3360,61,43,6.79,31.8
2020-01-13,4,5,3,2,4417,28,51,6.75,31.8
2020-01-13,4,5,5,3,4752,57,57,6.82,31.8
2020-01-13,4,5,4,4,4116,5,61,6.83,31.8
2020-01-13,4,5,6,5,4487,55,40,6.84,31.8
2020-01-13,4,5,2,6,4035,53,13,6.74,31.8
2020-01-13,4,6,1,1,4102,29,48,6.68,22.2
2020-01-13,4,6,2,2,4718,20,65,6.72,22.2
2020-01-13,4,6,5,3,4872,14,9,6.82,22.2
2020-01-13,4,6,4,4,4215,47,27,6.75,22.2
2020-01-13,4,6,3,5,4705,19,58,6.79,22.2
2020-01-13,4,6,6,6,3901,38,20,6.76,22.2
2020-01-13,4,8,1,1,4269,8,53,6.84,11.7
2020-01-13,4,8,2,2,3548,23,35,6.79,11.7
2020-01-13,4,8,3,3,4668,13,38,6.82,11.7
2020-01-13,4,8,4,4,3934,10,2,6.86,11.7
2020-01-13,4,8,6,5,5121,15,25,6.93,11.7
2020-01-13,4,8,5,6,3875,24,16,6.87,11.7
2020-01-13,4,9,1,1,4417,28,51,6.72,61.1
2020-01-13,4,9,5,2,4035,53,13,6.66,61.1
2020-01-13,4,9,6,3,4315,26,22,6.66,61.1
2020-01-13,4,9,3,4,4931,30,17,6.73,61.1
2020-01-13,4,9,2,5,3282,58,45,6.76,61.1
2020-01-13,4,9,4,6,3926,54,46,6.77,61.1
2020-01-13,4,10,1,1,3901,38,20,6.7,30.2
2020-01-13,4,10,2,2,4116,5,61,6.76,30.2
2020-01-13,4,10,6,3,3360,61,43,6.76,30.2
2020-01-13,4,10,5,4,4118,21,12,6.76,30.2
2020-01-13,4,10,4,5,4391,16,11,6.79,30.2
2020-01-13,4,10,3,6,4204,39,50,6.69,30.2
2020-01-13,4,11,1,1,4067,18,1,6.68,6.3
2020-01-13,4,11,2,2,3959,48,6,6.63,6.3
2020-01-13,4,11,4,3,4102,29,48,6.77,6.3
2020-01-13,4,11,6,4,4269,8,53,6.71,6.3
2020-01-13,4,11,5,5,4187,1,31,6.84,6.3
2020-01-13,4,11,3,6,4215,47,27,6.73,6.3
2020-01-13,4,12,1,1,3662,34,63,6.66,13.6
2020-01-13,4,12,5,2,4324,50,34,6.68,13.6
2020-01-13,4,12,2,3,4524,45,30,6.69,13.6
2020-01-13,4,12,3,4,4411,22,21,6.84,13.6
2020-01-13,4,12,4,5,4588,52,36,6.79,13.6
2020-01-13,4,12,6,6,4518,46,5,6.75,13.6
2020-01-16,1,1,3,1,4610,24,40,6.85,189.4
2020-01-16,1,1,2,2,3701,43,6,6.88,189.4
2020-01-16,1,1,1,3,3614,41,29,6.8,189.4
2020-01-16,1,1,5,4,4614,59,33,6.82,189.4
2020-01-16,1,1,6,5,3852,60,39,6.75,189.4
2020-01-16,1,1,4,6,3925,36,32,6.71,189.4
2020-01-16,1,2,1,1,3579,11,14,6.84,19.0
2020-01-16,1,2,3,2,4870,52,16,6.79,19.0
2020-01-16,1,2,2,3,3254,14,50,6.84,19.0
2020-01-16,1,2,5,4,4884,65,3,6.79,19.0
2020-01-16,1,2,6,5,4534,62,12,6.76,19.0
2020-01-16,1,2,4,6,4927,35,65,6.86,19.0
2020-01-16,1,3,1,1,3626,63,43,6.86,116.4
2020-01-16,1,3,6,2,3696,27,4,6.83,116.4
2020-01-16,1,3,5,3,4083,3,21,6.88,116.4
2020-01-16,1,3,2,4,4143,16,23,6.88,116.4
2020-01-16,1,3,4,5,4794,12,8,6.84,116.4
2020-01-16,1,3,3,6,3709,45,64,6.87,116.4
2020-01-16,1,4,1,1,3936,6,24,6.83,14.5
2020-01-16,1,4,5,2,4025,23,45,6.83,14.5
2020-01-16,1,4,3,3,4466,17,7,6.9,14.5
2020-01-16,1,4,6,4,3902,66,2,6.81,14.5
2020-01-16,1,4,2,5,3753,48,62,6.88,14.5
2020-01-16,1,4,4,6,5057,56,53,6.79,14.5
2020-01-16,1,5,1,1,4066,15,17,6.84,5.5
2020-01-16,1,5,3,2,4259,51,60,6.87,5.5
2020-01-16,1,5,4,3,3907,61,5,6.87,5.5
2020-01-16,1,5,6,4,4513,64,25,6.89,5.5
2020-01-16,1,5,5,5,4883,40,19,6.89,5.5
2020-01-16,1,5,2,6,4843,4,13,6.88,5.5
2020-01-16,1,6,1,1,4245,22,41,6.88,23.0
2020-01-16,1,6,4,2,4159,31,66,6.86,23.0
2020-01-16,1,6,3,3,4174,57,22,6.79,23.0
2020-01-16,1,6,2,4,4100,9,52,6.89,23.0
2020-01-16,1,6,5,5,3254,14,50,6.93,23.0
2020-01-16,1,6,6,6,5097,32,1,6.93,23.0
2020-01-16,1,7,1,1,4771,2,51,6.81,11.4
2020-01-16,1,7,4,2,4002,21,27,6.84,11.4
2020-01-16,1,7,2,3,4573,44,38,6.81,11.4
2020-01-16,1,7,5,4,4143,16,23,6.98,11.4
2020-01-16,1,7,3,5,4907,25,63,6.79,11.4
2020-01-16,1,7,6,6,5023,49,11,6.8,11.4
2020-01-16,1,8,1,1,3200,54,36,6.85,3.9
2020-01-16,1,8,2,2,4057,18,57,6.84,3.9
2020-01-16,1,8,4,3,4112,33,49,6.92,3.9
2020-01-16,1,8,3,4,3579,11,14,6.86,3.9
2020-01-16,1,8,6,5,5057,56,53,6.77,3.9
2020-01-16,1,8,5,6,3701,43,6,7.0,3.9
2020-01-16,1,9,2,1,4352,28,28,6.7,17.9
2020-01-16,1,9,1,2,4466,17,7,6.79,17.9
2020-01-16,1,9,4,3,4534,62,12,6.79,17.9
2020-01-16,1,9,3,4,4513,64,25,6.83,17.9
2020-01-16,1,9,5,5,4794,12,8,6.8,17.9
2020-01-16,1,9,6,6,4610,24,40,6.85,17.9
2020-01-16,1,10,1,1,4259,51,60,6.85,25.9
2020-01-16,1,10,5,2,4159,31,66,6.81,25.9
2020-01-16,1,10,4,3,4614,59,33,6.81,25.9
2020-01-16,1,10,3,4,4083,3,21,6.96,25.9
2020-01-16,1,10,2,5,4927,35,65,6.87,25.9
2020-01-16,1,10,6,6,3753,48,62,6.93,25.9
2020-01-16,1,11,2,1,3902,66,2,6.83,638.7
2020-01-16,1,11,6,2,4100,9,52,6.77,638.7
2020-01-16,1,11,3,3,4066,15,17,6.91,638.7
2020-01-16,1,11,1,4,4002,21,27,6.88,638.7
2020-01-16,1,11,5,5,3614,41,29,6.85,638.7
2020-01-16,1,11,4,6,3696,27,4,6.93,638.7
2020-01-17,2,1,2,1,4870,52,16,6.82,58.9
2020-01-17,2,1,1,2,4513,64,25,6.84,58.9
2020-01-17,2,1,4,3,3626,63,43,6.89,58.9
2020-01-17,2,1,6,4,4794,12,8,6.79,58.9
2020-01-17,2,1,3,5,4884,65,3,6.76,58.9
2020-01-17,2,1,5,6,3753,48,62,6.88,58.9
2020-01-17,2,2,3,1,3936,6,24,6.86,128.2
2020-01-17,2,2,5,2,3852,60,39,6.81,128.2
2020-01-17,2,2,1,3,3701,43,6,6.88,128.2
2020-01-17,2,2,6,4,4245,22,41,6.89,128.2
2020-01-17,2,2,4,5,4843,4,13,6.95,128.2
2020-01-17,2,2,2,6,4907,25,63,6.79,128.2
2020-01-17,2,3,5,1,4174,57,22,6.91,20.1
2020-01-17,2,3,1,2,4143,16,23,6.92,20.1
2020-01-17,2,3,4,3,4466,17,7,6.96,20.1
2020-01-17,2,3,3,4,3925,36,32,6.91,20.1
2020-01-17,2,3,6,5,4614,59,33,6.87,20.1
2020-01-17,2,3,2,6,4883,40,19,6.9,20.1
2020-01-17,2,4,1,1,4534,62,12,6.77,10.5
2020-01-17,2,4,2,2,3907,61,5,6.9,10.5
2020-01-17,2,4,6,3,4057,18,57,6.91,10.5
2020-01-17,2,4,4,4,3709,45,64,6.92,10.5
2020-01-17,2,4,3,5,4771,2,51,6.93,10.5
2020-01-17,2,4,5,6,5023,49,11,6.92,10.5
2020-01-17,2,5,3,1,4002,21,27,6.89,28.7
2020-01-17,2,5,1,2,4159,31,66,6.79,28.7
2020-01-17,2,5,2,3,3614,41,29,6.88,28.7
2020-01-17,2,5,4,4,3200,54,36,6.92,28.7
2020-01-17,2,5,6,5,3254,14,50,6.9,28.7
2020-01-17,2,5,5,6,5057,56,53,6.85,28.7
2020-01-17,2,6,4,1,4610,24,40,6.89,62.7
2020-01-17,2,6,5,2,3579,11,14,7.05,62.7
2020-01-17,2,6,2,3,3696,27,4,6.88,62.7
2020-01-17,2,6,3,4,4927,35,65,6.91,62.7
2020-01-17,2,6,6,5,5097,32,1,6.85,62.7
2020-01-17,2,6,1,6,4112,33,49,6.87,62.7
2020-01-17,2,7,1,1,3902,66,2,6.84,49.2
2020-01-17,2,7,2,2,4884,65,3,6.86,49.2
2020-01-17,2,7,5,3,4573,44,38,6.82,49.2
2020-01-17,2,7,3,4,4352,28,28,6.81,49.2
2020-01-17,2,7,6,5,3852,60,39,6.83,49.2
2020-01-17,2,7,4,6,4883,40,19,6.85,49.2
2020-01-17,2,8,2,1,4259,51,60,6.79,16.4
2020-01-17,2,8,1,2,4083,3,21,6.85,16.4
2020-01-17,2,8,5,3,4870,52,16,6.81,16.4
2020-01-17,2,8,4,4,4100,9,52,6.75,16.4
2020-01-17,2,8,3,5,4843,4,13,6.99,16.4
2020-01-17,2,8,6,6,5023,49,11,6.89,16.4
2020-01-17,2,9,4,1,4907,25,63,6.81,108.3
2020-01-17,2,9,1,2,3696,27,4,6.86,108.3
2020-01-17,2,9,3,3,3907,61,5,6.87,108.3
2020-01-17,2,9,5,4,3200,54,36,6.93,108.3
2020-01-17,2,9,2,5,4794,12,8,6.78,108.3
2020-01-17,2,9,6,6,3925,36,32,6.88,108.3
2020-01-17,2,10,1,1,4610,24,40,6.81,7.6
2020-01-17,2,10,2,2,4066,15,17,6.88,7.6
2020-01-17,2,10,4,3,4174,57,22,6.87,7.6
2020-01-17,2,10,5,4,4002,21,27,6.9,7.6
2020-01-17,2,10,3,5,3626,63,43,6.97,7.6
2020-01-17,2,10,6,6,3709,45,64,6.92,7.6
2020-01-17,2,11,1,1,4352,28,28,6.78,6.7
2020-01-17,2,11,3,2,3902,66,2,6.83,6.7
2020-01-17,2,11,2,3,4159,31,66,6.73,6.7
2020-01-17,2,11,6,4,4466,17,7,6.94,6.7
2020-01-17,2,11,4,5,4245,22,41,6.92,6.7
2020-01-17,2,11,5,6,4771,2,51,6.97,6.7
2020-01-17,2,12,2,1,4614,59,33,6.86,38.2
2020-01-17,2,12,1,2,4573,44,38,6.85,38.2
2020-01-17,2,12,3,3,4057,18,57,6.83,38.2
2020-01-17,2,12,5,4,4112,33,49,6.89,38.2
2020-01-17,2,12,6,5,3936,6,24,6.87,38.2
2020-01-17,2,12,4,6,4083,3,21,6.91,38.2
2020-01-18,3,1,2,1,4534,62,12,6.81,24.9
2020-01-18,3,1,4,2,3902,66,2,6.89,24.9
2020-01-18,3,1,5,3,4259,51,60,6.79,24.9
2020-01-18,3,1,1,4,3254,14,50,6.85,24.9
2020-01-18,3,1,3,5,4794,12,8,6.81,24.9
2020-01-18,3,1,6,6,5057,56,53,6.84,24.9
2020-01-18,3,2,2,1,3579,11,14,6.85,15.3
2020-01-18,3,2,1,2,3753,48,62,6.82,15.3
2020-01-18,3,2,6,3,3614,41,29,6.8,15.3
2020-01-18,3,2,4,4,5023,49,11,6.79,15.3
2020-01-18,3,2,3,5,3701,43,6,6.87,15.3
2020-01-18,3,2,5,6,5097,32,1,6.84,15.3
2020-01-18,3,3,4,1,4002,21,27,6.86,46.5
2020-01-18,3,3,1,2,3709,45,64,6.74,46.5
2020-01-18,3,3,6,3,4112,33,49,6.93,46.5
2020-01-18,3,3,2,4,4245,22,41,6.8,46.5
2020-01-18,3,3,3,5,3696,27,4,6.76,46.5
2020-01-18,3,3,5,6,4843,4,13,6.77,46.5
2020-01-18,3,4,3,1,4610,24,40,6.78,36.4
2020-01-18,3,4,5,2,4057,18,57,6.8,36.4
2020-01-18,3,4,4,3,4573,44,38,6.83,36.4
2020-01-18,3,4,1,4,4883,40,19,6.77,36.4
2020-01-18,3,4,2,5,4513,64,25,6.77,36.4
2020-01-18,3,4,6,6,3626,63,43,6.81,36.4
2020-01-18,3,5,3,1,4083,3,21,6.89,115.8
2020-01-18,3,5,2,2,3936,6,24,6.84,115.8
2020-01-18,3,5,4,3,4159,31,66,6.83,115.8
2020-01-18,3,5,6,4,3852,60,39,6.83,115.8
2020-01-18,3,5,1,5,4100,9,52,6.78,115.8
2020-01-18,3,5,5,6,4534,62,12,6.74,115.8
2020-01-18,3,6,4,1,3200,54,36,6.79,31.1
2020-01-18,3,6,3,2,4352,28,28,6.72,31.1
2020-01-18,3,6,2,3,4771,2,51,6.75,31.1
2020-01-18,3,6,5,4,4927,35,65,6.86,31.1
2020-01-18,3,6,6,5,4143,16,23,6.85,31.1
2020-01-18,3,6,1,6,3925,36,32,6.73,31.1
2020-01-18,3,7,1,1,4794,12,8,6.79,21.8
2020-01-18,3,7,2,2,4174,57,22,6.79,21.8
2020-01-18,3,7,6,3,4066,15,17,6.84,21.8
2020-01-18,3,7,4,4,4870,52,16,6.82,21.8
2020-01-18,3,7,3,5,4614,59,33,6.78,21.8
2020-01-18,3,7,5,6,4907,25,63,6.88,21.8
2020-01-18,3,9,3,1,3902,66,2,6.84,154.8
2020-01-18,3,9,2,2,4002,21,27,6.87,154.8
2020-01-18,3,9,5,3,4100,9,52,6.83,154.8
2020-01-18,3,9,6,4,3579,11,14,6.88,154.8
2020-01-18,3,9,1,5,4057,18,57,6.85,154.8
2020-01-18,3,9,4,6,4884,65,3,6.78,154.8
2020-01-18,3,10,1,1,4614,59,33,6.8,18.6
2020-01-18,3,10,2,2,4112,33,49,6.84,18.6
2020-01-18,3,10,3,3,4159,31,66,6.8,18.6
2020-01-18,3,10,4,4,4352,28,28,6.77,18.6
2020-01-18,3,10,6,5,3701,43,6,6.92,18.6
2020-01-18,3,10,5,6,4513,64,37,6.74,18.6
2020-01-18,3,11,1,1,4573,44,38,6.82,8.6
2020-01-18,3,11,3,2,3200,54,36,6.92,8.6
2020-01-18,3,11,5,3,4066,15,17,6.81,8.6
2020-01-18,3,11,6,4,4259,51,60,6.85,8.6
2020-01-18,3,11,2,5,4466,17,7,6.91,8.6
2020-01-18,3,11,4,6,3936,6,24,6.89,8.6
2020-01-18,3,12,1,1,4174,57,22,6.88,94.0
2020-01-18,3,12,6,2,4771,2,51,6.84,94.0
2020-01-18,3,12,3,3,3907,61,5,6.92,94.0
2020-01-18,3,12,5,4,3696,27,4,6.86,94.0
2020-01-18,3,12,4,5,3614,41,29,6.88,94.0
2020-01-18,3,12,2,6,4083,3,21,6.81,94.0
2020-01-19,4,1,6,1,3852,60,39,6.82,53.7
2020-01-19,4,1,1,2,4083,3,21,6.82,53.7
2020-01-19,4,1,2,3,3709,45,64,6.8,53.7
2020-01-19,4,1,4,4,3254,14,50,6.89,53.7
2020-01-19,4,1,5,5,5023,49,11,6.85,53.7
2020-01-19,4,1,3,6,3614,41,29,6.81,53.7
2020-01-19,4,2,4,1,3753,48,62,6.88,35.9
2020-01-19,4,2,3,2,4143,16,23,6.92,35.9
2020-01-19,4,2,6,3,4883,40,19,6.85,35.9
2020-01-19,4,2,2,4,3925,36,32,6.82,35.9
2020-01-19,4,2,5,5,5057,56,53,6.82,35.9
2020-01-19,4,2,1,6,4843,4,13,6.87,35.9
2020-01-19,4,3,4,1,4066,15,17,6.78,114.1
2020-01-19,4,3,2,2,3579,11,14,6.84,114.1
2020-01-19,4,3,1,3,4245,22,41,6.81,114.1
2020-01-19,4,3,6,4,3696,27,4,6.85,114.1
2020-01-19,4,3,3,5,4352,28,28,6.8,114.1
2020-01-19,4,3,5,6,3936,6,24,6.81,114.1
2020-01-19,4,4,1,1,4870,52,16,6.82,22.1
2020-01-19,4,4,2,2,4614,59,33,6.8,22.1
2020-01-19,4,4,5,3,4259,51,60,6.82,22.1
2020-01-19,4,4,4,4,4573,44,38,6.8,22.1
2020-01-19,4,4,3,5,4927,35,65,6.89,22.1
2020-01-19,4,4,6,6,5097,32,1,6.84,22.1
2020-01-19,4,5,1,1,3200,54,36,6.88,4.2
2020-01-19,4,5,2,2,4057,18,57,6.87,4.2
2020-01-19,4,5,4,3,4159,31,66,6.83,4.2
2020-01-19,4,5,3,4,3701,43,6,6.98,4.2
2020-01-19,4,5,6,5,4907,25,63,6.82,4.2
2020-01-19,4,5,5,6,3626,63,43,6.89,4.2
2020-01-19,4,6,5,1,3902,66,2,6.96,32.7
2020-01-19,4,6,1,2,4534,62,12,6.81,32.7
2020-01-19,4,6,2,3,4100,9,52,6.93,32.7
2020-01-19,4,6,4,4,4143,16,23,6.91,32.7
2020-01-19,4,6,6,5,3907,61,5,6.93,32.7
2020-01-19,4,6,3,6,4843,4,13,6.91,32.7
2020-01-19,4,8,4,1,4771,2,51,6.88,158.3
2020-01-19,4,8,1,2,4002,21,27,6.87,158.3
2020-01-19,4,8,5,3,3925,36,32,6.94,158.3
2020-01-19,4,8,2,4,4794,12,8,6.78,158.3
2020-01-19,4,8,3,5,4513,64,37,6.89,158.3
2020-01-19,4,8,6,6,5057,56,53,6.74,158.3
2020-01-19,4,9,1,1,4259,51,60,6.88,6.6
2020-01-19,4,9,3,2,4159,31,66,6.91,6.6
2020-01-19,4,9,5,3,4614,59,33,6.89,6.6
2020-01-19,4,9,2,4,3936,6,24,6.95,6.6
2020-01-19,4,9,4,5,3579,11,14,6.94,6.6
2020-01-19,4,9,6,6,4083,3,21,7.0,6.6
2020-01-19,4,10,1,1,3902,66,2,6.8,5.5
2020-01-19,4,10,2,2,4352,28,28,6.73,5.5
2020-01-19,4,10,3,3,4573,44,38,6.73,5.5
2020-01-19,4,10,4,4,4870,52,16,6.76,5.5
2020-01-19,4,10,5,5,4057,18,57,6.84,5.5
2020-01-19,4,10,6,6,4534,62,12,6.75,5.5
2020-01-19,4,11,3,1,4002,21,27,6.85,33.1
2020-01-19,4,11,1,2,4174,57,22,6.87,33.1
2020-01-19,4,11,4,3,3200,54,36,6.91,33.1
2020-01-19,4,11,2,4,4066,15,17,6.84,33.1
2020-01-19,4,11,5,5,4466,17,7,6.9,33.1
2020-01-19,4,11,6,6,4245,22,41,6.88,33.1
2020-01-20,5,1,1,1,4927,35,65,6.88,7.8
2020-01-20,5,1,3,2,3579,11,14,6.86,7.8
2020-01-20,5,1,4,3,4884,65,3,6.78,7.8
2020-01-20,5,1,2,4,3254,14,50,6.88,7.8
2020-01-20,5,1,5,5,5097,32,1,6.88,7.8
2020-01-20,5,1,6,6,4843,4,13,6.84,7.8
2020-01-20,5,2,2,1,4513,64,37,6.86,122.4
2020-01-20,5,2,4,2,3701,43,6,6.95,122.4
2020-01-20,5,2,3,3,3709,45,64,6.88,122.4
2020-01-20,5,2,1,4,4907,25,63,6.78,122.4
2020-01-20,5,2,5,5,4143,16,23,6.91,122.4
2020-01-20,5,2,6,6,5057,56,53,6.77,122.4
2020-01-20,5,3,1,1,4534,62,12,6.71,18.0
2020-01-20,5,3,2,2,4870,52,16,6.77,18.0
2020-01-20,5,3,5,3,3852,60,39,6.72,18.0
2020-01-20,5,3,3,4,4771,2,51,6.82,18.0
2020-01-20,5,3,6,5,5023,49,11,6.81,18.0
2020-01-20,5,3,4,6,3626,63,43,6.87,18.0
2020-01-20,5,4,1,1,3614,41,29,6.76,37.1
2020-01-20,5,4,4,2,3936,6,24,6.88,37.1
2020-01-20,5,4,5,3,4100,9,52,6.85,37.1
2020-01-20,5,4,3,4,3753,48,62,6.82,37.1
2020-01-20,5,4,2,5,4245,22,41,6.83,37.1
2020-01-20,5,4,6,6,4610,24,58,6.83,37.1
2020-01-20,5,5,1,1,4057,18,57,6.81,4.4
2020-01-20,5,5,2,2,3696,27,4,6.87,4.4
2020-01-20,5,5,4,3,4794,12,8,6.8,4.4
2020-01-20,5,5,5,4,3254,14,50,6.88,4.4
2020-01-20,5,5,3,5,4883,40,19,6.82,4.4
2020-01-20,5,5,6,6,5097,32,1,6.86,4.4
2020-01-20,5,6,6,1,4573,44,38,6.75,24.2
2020-01-20,5,6,1,2,4083,3,21,6.83,24.2
2020-01-20,5,6,2,3,3701,43,6,6.85,24.2
2020-01-20,5,6,5,4,4513,64,37,6.75,24.2
2020-01-20,5,6,4,5,3925,36,32,6.79,24.2
2020-01-20,5,6,3,6,4843,4,13,6.79,24.2
2020-01-20,5,7,1,1,4614,59,33,6.72,8.2
2020-01-20,5,7,3,2,3200,54,36,6.82,8.2
2020-01-20,5,7,4,3,4927,35,65,6.9,8.2
2020-01-20,5,7,2,4,3626,63,43,6.77,8.2
2020-01-20,5,7,6,5,3907,61,5,6.84,8.2
2020-01-20,5,7,5,6,5023,49,11,6.78,8.2
2020-01-20,5,8,1,1,4066,15,17,6.76,84.2
2020-01-20,5,8,6,2,4884,65,3,6.75,84.2
2020-01-20,5,8,3,3,4907,25,63,6.69,84.2
2020-01-20,5,8,4,4,4771,2,51,6.79,84.2
2020-01-20,5,8,2,5,4100,9,52,6.71,84.2
2020-01-20,5,8,5,6,3709,45,64,6.77,84.2
2020-01-20,5,9,4,1,3753,48,62,6.83,231.2
2020-01-20,5,9,6,2,3852,60,39,6.67,231.2
2020-01-20,5,9,5,3,4794,12,8,6.77,231.2
2020-01-20,5,9,2,4,4143,16,23,6.76,231.2
2020-01-20,5,9,3,5,4112,33,49,6.82,231.2
2020-01-20,5,9,1,6,3696,27,4,6.73,231.2
2020-01-20,5,10,3,1,4870,52,16,6.69,40.5
2020-01-20,5,10,1,2,3200,54,36,6.73,40.5
2020-01-20,5,10,5,3,4083,3,21,6.8,40.5
2020-01-20,5,10,2,4,3936,6,24,6.81,40.5
2020-01-20,5,10,6,5,3614,41,29,6.78,40.5
2020-01-20,5,10,4,6,4057,18,57,6.75,40.5
2020-01-20,5,11,1,1,4573,44,38,6.68,20.1
2020-01-20,5,11,2,2,4614,59,33,6.67,20.1
2020-01-20,5,11,5,3,4245,22,41,6.82,20.1
2020-01-20,5,11,3,4,4066,15,17,6.82,20.1
2020-01-20,5,11,6,5,4534,62,12,6.67,20.1
2020-01-20,5,11,4,6,3579,11,14,6.76,20.1
2020-01-23,1,1,3,1,4753,12,35,6.85,517.6
2020-01-23,1,1,4,2,4416,31,61,6.82,517.6
2020-01-23,1,1,5,3,4077,46,15,6.85,517.6
2020-01-23,1,1,2,4,3710,54,17,6.81,517.6
2020-01-23,1,1,1,5,4281,55,65,6.8,517.6
2020-01-23,1,1,6,6,4369,11,37,6.84,517.6
2020-01-23,1,2,5,1,4505,39,24,6.82,112.2
2020-01-23,1,2,1,2,4220,7,23,6.77,112.2
2020-01-23,1,2,2,3,3460,28,48,6.83,112.2
2020-01-23,1,2,6,4,4633,32,43,6.93,112.2
2020-01-23,1,2,4,5,4892,20,55,6.75,112.2
2020-01-23,1,2,3,6,3655,50,63,6.78,112.2
2020-01-23,1,4,2,1,4700,1,36,6.86,45.6
2020-01-23,1,4,1,2,3054,57,54,6.78,45.6
2020-01-23,1,4,3,3,4703,41,11,6.85,45.6
2020-01-23,1,4,4,4,4104,13,5,6.84,45.6
2020-01-23,1,4,6,5,3717,53,52,6.9,45.6
2020-01-23,1,4,5,6,4653,10,64,6.85,45.6
2020-01-23,1,5,1,1,4526,19,20,6.78,8.5
2020-01-23,1,5,3,2,4826,29,45,6.9,8.5
2020-01-23,1,5,4,3,4266,16,32,6.9,8.5
2020-01-23,1,5,6,4,3910,66,18,6.89,8.5
2020-01-23,1,5,5,5,4857,34,47,6.87,8.5
2020-01-23,1,5,2,6,4036,48,60,6.81,8.5
2020-01-23,1,6,2,1,3961,38,51,6.87,34.7
2020-01-23,1,6,3,2,4077,46,15,6.88,34.7
2020-01-23,1,6,6,3,4166,37,56,6.82,34.7
2020-01-23,1,6,1,4,4836,21,46,6.76,34.7
2020-01-23,1,6,4,4,4633,32,43,6.91,34.7
2020-01-23,1,6,5,6,4155,44,34,6.82,34.7
2020-01-23,1,7,5,1,4477,47,3,6.78,146.5
2020-01-23,1,7,3,2,3710,54,17,6.86,146.5
2020-01-23,1,7,1,3,3881,30,25,6.82,146.5
2020-01-23,1,7,2,4,4650,51,57,6.8,146.5
2020-01-23,1,7,6,5,4637,5,16,6.92,146.5
2020-01-23,1,7,4,6,3488,65,19,6.89,146.5
2020-01-23,1,8,1,1,4109,6,14,6.82,8.3
2020-01-23,1,8,3,2,4220,7,23,6.83,8.3
2020-01-23,1,8,2,3,3736,9,59,6.83,8.3
2020-01-23,1,8,6,4,4753,12,35,6.85,8.3
2020-01-23,1,8,4,5,3731,3,4,6.93,8.3
2020-01-23,1,8,5,6,3895,18,44,6.84,8.3
2020-01-23,1,9,1,1,3072,60,49,6.85,8.3
2020-01-23,1,9,2,2,4601,58,30,6.83,8.3
2020-01-23,1,9,3,3,3746,59,26,6.88,8.3
2020-01-23,1,9,5,4,3655,50,63,6.81,8.3
2020-01-23,1,9,4,5,4369,11,37,6.89,8.3
2020-01-23,1,9,6,6,4700,1,36,6.89,8.3
2020-01-23,1,11,3,1,4266,16,32,6.85,227.9
2020-01-23,1,11,5,2,4703,41,11,6.81,227.9
2020-01-23,1,11,2,3,4505,39,24,6.81,227.9
2020-01-23,1,11,1,4,4650,51,57,6.8,227.9
2020-01-23,1,11,4,5,4155,44,34,6.77,227.9
2020-01-23,1,11,6,6,4888,62,41,6.76,227.9
2020-01-23,1,12,1,1,4477,47,3,6.84,72.1
2020-01-23,1,12,5,2,4109,6,14,6.86,72.1
2020-01-23,1,12,6,3,4826,29,45,6.78,72.1
2020-01-23,1,12,3,4,3961,38,51,6.82,72.1
2020-01-23,1,12,4,5,3940,26,39,6.77,72.1
2020-01-23,1,12,2,6,3717,53,52,6.81,72.1
2020-01-24,2,1,4,1,3655,50,63,6.76,94.3
2020-01-24,2,1,3,2,4653,10,64,6.84,94.3
2020-01-24,2,1,5,3,4036,48,60,6.79,94.3
2020-01-24,2,1,6,4,3072,60,49,6.85,94.3
2020-01-24,2,1,2,5,3910,66,18,6.77,94.3
2020-01-24,2,1,1,6,4104,13,5,6.67,94.3
2020-01-24,2,2,4,1,4836,21,46,6.87,255.2
2020-01-24,2,2,3,2,4416,31,61,6.72,255.2
2020-01-24,2,2,6,3,3895,18,44,6.84,255.2
2020-01-24,2,2,1,4,3710,54,17,6.79,255.2
2020-01-24,2,2,2,5,4857,34,47,6.76,255.2
2020-01-24,2,2,5,6,3460,28,48,6.82,255.2
2020-01-24,2,3,3,1,3488,65,19,6.77,181.4
2020-01-24,2,3,5,2,4369,11,37,6.74,181.4
2020-01-24,2,3,4,3,3881,30,25,6.8,181.4
2020-01-24,2,3,2,4,3054,57,54,6.77,181.4
2020-01-24,2,3,6,5,4528,8,31,6.72,181.4
2020-01-24,2,3,1,6,4753,12,35,6.73,181.4
2020-01-24,2,4,3,1,3940,26,39,6.7,18.0
2020-01-24,2,4,1,2,4633,32,43,6.79,18.0
2020-01-24,2,4,4,3,3736,9,59,6.77,18.0
2020-01-24,2,4,2,4,4892,20,55,6.79,18.0
2020-01-24,2,4,6,5,4281,55,65,6.83,18.0
2020-01-24,2,4,5,6,4601,58,30,6.79,18.0
2020-01-24,2,5,1,1,4703,41,11,6.75,20.0
2020-01-24,2,5,2,2,4077,46,15,6.75,20.0
2020-01-24,2,5,4,3,4826,29,45,6.74,20.0
2020-01-24,2,5,5,4,4637,5,16,6.87,20.0
2020-01-24,2,5,6,5,3832,52,29,6.77,20.0
2020-01-24,2,5,3,6,4166,37,56,6.73,20.0
2020-01-24,2,6,4,1,4220,7,23,6.76,126.0
2020-01-24,2,6,6,2,4650,51,57,6.71,126.0
2020-01-24,2,6,5,3,3717,53,21,6.81,126.0
2020-01-24,2,6,1,4,4700,1,36,6.72,126.0
2020-01-24,2,6,2,5,4403,61,9,6.73,126.0
2020-01-24,2,6,3,6,3460,28,48,6.79,126.0
2020-01-24,2,7,1,1,4505,39,24,6.83,62.0
2020-01-24,2,7,6,2,3961,38,51,6.78,62.0
2020-01-24,2,7,4,3,3910,66,18,6.68,62.0
2020-01-24,2,7,5,4,3731,3,4,6.84,62.0
2020-01-24,2,7,3,5,3881,30,25,6.81,62.0
2020-01-24,2,7,2,6,4266,16,32,6.78,62.0
2020-01-24,2,8,1,1,3746,59,26,6.79,20.7
2020-01-24,2,8,4,2,4526,19,20,6.76,20.7
2020-01-24,2,8,6,3,4857,34,47,6.84,20.7
2020-01-24,2,8,5,4,4281,55,65,6.89,20.7
2020-01-24,2,8,3,5,4104,13,5,6.8,20.7
2020-01-24,2,8,2,6,4155,44,34,6.82,20.7
2020-01-24,2,9,3,1,4836,21,46,6.81,217.5
2020-01-24,2,9,6,2,4477,47,3,6.8,217.5
2020-01-24,2,9,2,3,3072,60,49,6.98,217.5
2020-01-24,2,9,4,4,4703,41,11,6.82,217.5
2020-01-24,2,9,1,5,3736,9,59,6.75,217.5
2020-01-24,2,9,5,6,3054,57,54,6.85,217.5
2020-01-24,2,10,1,1,3717,53,21,6.79,21.0
2020-01-24,2,10,2,2,4888,62,41,6.82,21.0
2020-01-24,2,10,6,3,4653,10,64,6.76,21.0
2020-01-24,2,10,4,4,4109,6,14,6.85,21.0
2020-01-24,2,10,5,5,3488,65,19,6.83,21.0
2020-01-24,2,10,3,6,4892,20,55,6.79,21.0
2020-01-24,2,11,1,1,3940,26,39,6.72,14.0
2020-01-24,2,11,3,2,4369,11,37,6.73,14.0
2020-01-24,2,11,4,3,4036,48,60,6.86,14.0
2020-01-24,2,11,5,4,4826,29,45,6.74,14.0
2020-01-24,2,11,2,5,3731,3,4,6.79,14.0
2020-01-24,2,11,6,6,4403,61,9,6.78,14.0
2020-01-24,2,12,4,1,4166,37,56,6.78,92.3
2020-01-24,2,12,1,2,4266,16,32,6.78,92.3
2020-01-24,2,12,6,3,4601,58,30,6.77,92.3
2020-01-24,2,12,5,4,4650,51,57,6.74,92.3
2020-01-24,2,12,2,5,3746,59,26,6.83,92.3
2020-01-24,2,12,3,6,4528,8,31,6.75,92.3
2020-01-25,3,1,2,1,4220,7,23,6.76,243.8
2020-01-25,3,1,3,2,4637,5,16,6.85,243.8
2020-01-25,3,1,5,3,4403,61,9,6.73,243.8
2020-01-25,3,1,6,4,3731,3,4,6.78,243.8
2020-01-25,3,1,4,5,4505,39,24,6.75,243.8
2020-01-25,3,1,1,6,4077,46,15,6.73,243.8
2020-01-25,3,2,1,1,3910,66,18,6.8,13.2
2020-01-25,3,2,3,2,3054,57,54,6.76,13.2
2020-01-25,3,2,4,3,4700,1,36,6.75,13.2
2020-01-25,3,2,2,4,3895,18,44,6.71,13.2
2020-01-25,3,2,5,5,4633,32,43,6.84,13.2
2020-01-25,3,2,6,6,3655,50,63,6.79,13.2
2020-01-25,3,3,3,1,4526,19,20,6.77,44.7
2020-01-25,3,3,1,2,3460,28,48,6.84,44.7
2020-01-25,3,3,2,3,4753,12,35,6.76,44.7
2020-01-25,3,3,4,4,3710,54,17,6.85,44.7
2020-01-25,3,3,6,5,3736,9,59,6.8,44.7
2020-01-25,3,3,5,6,4528,8,31,6.83,44.7
2020-01-25,3,6,1,1,3895,18,44,6.81,
2020-01-25,3,6,3,2,4477,47,3,6.83,
2020-01-25,3,6,4,3,4077,46,15,6.84,
2020-01-25,3,6,6,4,4036,48,60,6.84,
2020-01-25,3,6,2,5,4653,10,64,6.88,
2020-01-25,3,6,5,6,3746,59,26,6.91,
2020-01-25,3,7,1,1,4601,58,30,6.82,
2020-01-25,3,7,4,2,4857,34,47,6.87,
2020-01-25,3,7,6,3,4266,16,32,6.87,
2020-01-25,3,7,2,4,3655,50,63,6.86,
2020-01-25,3,7,5,5,4753,12,35,6.85,
2020-01-25,3,7,3,6,4109,6,14,6.87,
2020-01-25,3,8,1,1,4650,51,57,6.73,
2020-01-25,3,8,5,2,4416,31,61,6.84,
2020-01-25,3,8,4,3,3717,53,21,6.85,
2020-01-25,3,8,3,4,4505,39,24,6.88,
2020-01-25,3,8,2,5,3488,65,19,6.83,
2020-01-25,3,8,6,6,3832,52,29,6.8,
2020-01-25,3,10,1,1,4826,29,45,6.82,
2020-01-25,3,10,2,2,4703,41,11,6.84,
2020-01-25,3,10,3,3,4700,1,36,6.84,
2020-01-25,3,10,5,4,3710,54,17,6.9,
2020-01-25,3,10,6,5,3746,59,26,6.89,
2020-01-25,3,10,4,6,4403,61,9,6.85,
2020-01-25,3,11,5,1,4220,7,23,6.84,
2020-01-25,3,11,4,2,4653,10,64,6.9,
2020-01-25,3,11,1,3,3961,38,51,6.89,
2020-01-25,3,11,2,4,4109,6,14,6.92,
2020-01-25,3,11,6,5,4526,19,20,6.81,
2020-01-25,3,11,3,6,3072,60,49,6.84,
2020-01-25,3,12,1,1,4166,37,56,6.76,
2020-01-25,3,12,2,2,4477,47,3,6.88,
2020-01-25,3,12,5,3,3736,9,59,6.77,
2020-01-25,3,12,4,4,4888,62,41,6.74,
2020-01-25,3,12,6,5,3488,65,19,6.89,
2020-01-25,3,12,3,6,3731,3,4,6.84,
2020-01-26,4,2,3,1,4857,34,47,6.83,123.2
2020-01-26,4,2,2,2,3881,30,25,6.87,123.2
2020-01-26,4,2,1,3,4892,20,55,6.79,123.2
2020-01-26,4,2,6,4,4077,46,15,6.86,123.2
2020-01-26,4,2,5,5,3910,66,18,6.8,123.2
2020-01-26,4,2,4,6,4220,7,23,6.84,123.2
2020-01-26,4,3,1,1,4036,48,60,6.73,16.2
2020-01-26,4,3,2,2,3717,53,21,6.83,16.2
2020-01-26,4,3,6,3,3054,57,54,6.78,16.2
2020-01-26,4,3,3,4,3736,9,59,6.78,16.2
2020-01-26,4,3,4,5,3460,28,48,6.89,16.2
2020-01-26,4,3,5,6,3072,60,49,6.88,16.2
2020-01-26,4,4,4,1,3940,26,39,6.79,40.1
2020-01-26,4,4,1,2,3655,50,63,6.87,40.1
2020-01-26,4,4,2,3,4416,31,61,6.84,40.1
2020-01-26,4,4,6,4,4281,55,65,6.88,40.1
2020-01-26,4,4,3,5,4526,19,20,6.75,40.1
2020-01-26,4,4,5,6,4703,41,11,6.86,40.1
2020-01-26,4,5,1,1,4266,16,32,6.85,15.9
2020-01-26,4,5,5,2,4700,1,36,6.85,15.9
2020-01-26,4,5,3,3,4109,6,14,6.96,15.9
2020-01-26,4,5,2,4,4633,32,43,6.88,15.9
2020-01-26,4,5,6,5,3710,54,17,6.94,15.9
2020-01-26,4,5,4,6,3731,3,4,6.87,15.9
2020-01-26,4,6,1,1,4857,34,47,6.85,43.3
2020-01-26,4,6,3,2,4601,58,30,6.81,43.3
2020-01-26,4,6,6,3,4505,39,24,6.83,43.3
2020-01-26,4,6,5,4,3961,38,51,6.86,43.3
2020-01-26,4,6,4,5,3895,18,44,6.87,43.3
2020-01-26,4,6,2,6,4528,8,31,6.84,43.3
2020-01-26,4,7,1,1,3488,65,19,6.81,18.9
2020-01-26,4,7,2,2,3746,59,26,6.9,18.9
2020-01-26,4,7,4,3,4753,12,35,6.79,18.9
2020-01-26,4,7,6,4,4826,29,45,6.85,18.9
2020-01-26,4,7,5,5,3832,52,29,6.95,18.9
2020-01-26,4,7,3,6,3072,60,49,6.92,18.9
2020-01-26,4,9,1,1,3731,3,4,6.83,10.7
2020-01-26,4,9,2,2,3940,26,39,6.8,10.7
2020-01-26,4,9,4,3,3054,57,54,6.79,10.7
2020-01-26,4,9,6,4,4888,62,41,6.82,10.7
2020-01-26,4,9,5,5,4650,51,57,6.87,10.7
2020-01-26,4,9,3,6,3910,66,18,6.84,10.7
2020-01-26,4,11,1,1,3961,38,51,6.86,18.9
2020-01-26,4,11,5,2,4266,16,32,6.89,18.9
2020-01-26,4,11,2,3,3736,9,59,6.93,18.9
2020-01-26,4,11,6,4,4220,7,23,6.87,18.9
2020-01-26,4,11,4,5,3488,65,19,6.9,18.9
2020-01-26,4,11,3,6,4369,11,37,6.89,18.9
2020-01-26,4,12,1,1,4477,47,3,6.85,13.1
2020-01-26,4,12,3,2,4703,41,11,6.86,13.1
2020-01-26,4,12,4,3,3746,59,26,6.94,13.1
2020-01-26,4,12,2,4,4601,58,30,6.82,13.1
2020-01-26,4,12,5,5,4109,6,14,6.93,13.1
2020-01-26,4,12,6,6,3460,28,48,6.87,13.1
2020-01-27,5,1,2,1,3655,50,63,6.86,88.2
2020-01-27,5,1,4,2,4416,31,61,6.89,88.2
2020-01-27,5,1,1,3,4369,11,37,6.84,88.2
2020-01-27,5,1,3,4,3072,60,49,6.99,88.2
2020-01-27,5,1,6,5,4403,61,9,6.85,88.2
2020-01-27,5,1,5,6,3910,66,18,6.97,88.2
2020-01-27,5,2,2,1,4077,46,15,6.95,64.2
2020-01-27,5,2,4,2,3710,54,17,7.02,64.2
2020-01-27,5,2,3,3,4633,32,43,7.02,64.2
2020-01-27,5,2,1,4,3460,28,48,6.97,64.2
2020-01-27,5,2,6,5,3881,30,25,7.02,64.2
2020-01-27,5,2,5,6,4892,20,55,6.96,64.2
2020-01-27,5,3,1,1,3895,18,44,6.91,26.5
2020-01-27,5,3,4,2,4505,39,24,6.9,26.5
2020-01-27,5,3,6,3,4166,37,56,7.02,26.5
2020-01-27,5,3,2,4,4637,5,16,6.89,26.5
2020-01-27,5,3,3,5,4703,41,11,6.9,26.5
2020-01-27,5,3,5,6,4650,51,57,6.91,26.5
2020-01-27,5,5,5,1,4220,7,23,6.78,147.0
2020-01-27,5,5,2,2,4601,58,30,6.85,147.0
2020-01-27,5,5,1,3,3717,53,21,6.9,147.0
2020-01-27,5,5,3,4,3731,3,4,6.88,147.0
2020-01-27,5,5,4,5,3940,26,39,6.89,147.0
2020-01-27,5,5,6,6,3832,52,29,6.88,147.0
2020-01-27,5,7,1,1,4653,10,64,6.93,9.1
2020-01-27,5,7,5,2,4477,47,3,6.96,9.1
2020-01-27,5,7,6,3,4826,29,45,6.89,9.1
2020-01-27,5,7,4,4,4637,5,16,6.99,9.1
2020-01-27,5,7,3,5,3710,54,17,6.98,9.1
2020-01-27,5,7,2,6,3072,60,49,7.04,9.1
2020-01-27,5,8,1,1,4109,6,14,6.95,18.4
2020-01-27,5,8,3,2,4753,12,35,6.83,18.4
2020-01-27,5,8,2,3,3488,65,19,6.94,18.4
2020-01-27,5,8,4,4,4526,19,20,6.88,18.4
2020-01-27,5,8,6,5,4281,55,65,6.95,18.4
2020-01-27,5,8,5,6,4077,46,15,6.95,18.4
2020-01-27,5,9,1,1,4166,37,56,6.85,19.1
2020-01-27,5,9,4,2,4703,41,11,6.88,19.1
2020-01-27,5,9,3,3,4416,31,61,6.86,19.1
2020-01-27,5,9,6,4,3717,53,21,6.87,19.1
2020-01-27,5,9,5,5,4700,1,36,6.84,19.1
2020-01-27,5,9,2,6,4220,7,23,6.79,19.1
2020-01-27,5,10,4,1,4857,34,47,6.89,176.4
2020-01-27,5,10,1,2,3940,26,39,6.83,176.4
2020-01-27,5,10,3,3,4505,39,24,6.99,176.4
2020-01-27,5,10,5,4,4369,11,37,7.07,176.4
2020-01-27,5,10,6,5,3746,59,26,6.93,176.4
2020-01-27,5,10,2,6,3961,38,51,6.87,176.4
2020-01-27,5,11,1,1,4477,47,3,6.89,4.8
2020-01-27,5,11,2,2,4266,16,32,6.96,4.8
2020-01-27,5,11,3,3,4601,58,30,6.89,4.8
2020-01-27,5,11,6,4,3895,18,44,6.95,4.8
2020-01-27,5,11,4,5,4109,6,14,7.01,4.8
2020-01-27,5,11,5,6,4653,10,64,6.96,4.8
2020-01-27,5,12,1,1,4528,8,31,6.8,36.7
2020-01-27,5,12,3,2,3655,50,63,6.89,36.7
2020-01-27,5,12,6,3,3736,9,59,6.94,36.7
2020-01-27,5,12,4,4,4403,61,9,6.88,36.7
2020-01-27,5,12,5,5,4633,32,43,6.96,36.7
2020-01-27,5,12,2,6,4650,51,57,6.9,36.7
2020-01-28,6,1,1,1,3736,9,59,6.78,14.8
2020-01-28,6,1,3,2,4637,5,16,6.91,14.8
2020-01-28,6,1,2,3,4892,20,55,6.87,14.8
2020-01-28,6,1,5,4,3731,3,4,6.96,14.8
2020-01-28,6,1,4,5,3710,54,17,6.97,14.8
2020-01-28,6,1,6,6,3054,57,54,6.81,14.8
2020-01-28,6,2,4,1,3910,66,18,6.84,206.9
2020-01-28,6,2,1,2,3881,30,25,6.81,206.9
2020-01-28,6,2,3,3,3655,50,63,6.89,206.9
2020-01-28,6,2,5,4,4036,48,60,6.89,206.9
2020-01-28,6,2,2,5,4753,12,35,6.85,206.9
2020-01-28,6,2,6,6,3460,28,48,6.9,206.9
2020-01-28,6,3,1,1,4220,7,23,6.83,12.0
2020-01-28,6,3,3,2,4650,51,57,6.73,12.0
2020-01-28,6,3,2,3,3895,18,44,6.89,12.0
2020-01-28,6,3,5,4,3072,60,49,6.89,12.0
2020-01-28,6,3,4,5,4077,46,15,6.82,12.0
2020-01-28,6,3,6,6,4281,55,65,6.88,12.0
2020-01-28,6,4,1,1,4653,10,64,6.76,12.2
2020-01-28,6,4,3,2,4403,61,9,6.8,12.2
2020-01-28,6,4,5,3,4526,19,20,6.75,12.2
2020-01-28,6,4,2,4,4700,1,36,6.79,12.2
2020-01-28,6,4,6,5,4104,13,5,6.84,12.2
2020-01-28,6,4,4,6,4416,31,61,6.77,12.2
2020-01-28,6,5,1,1,3717,53,21,6.83,11.1
2020-01-28,6,5,4,2,3488,65,19,6.85,11.1
2020-01-28,6,5,2,3,4369,11,37,6.85,11.1
2020-01-28,6,5,6,4,4505,39,24,6.89,11.1
2020-01-28,6,5,5,5,4637,5,16,6.9,11.1
2020-01-28,6,5,3,6,3054,57,54,6.9,11.1
2020-01-28,6,6,1,1,3961,38,51,6.93,40.9
2020-01-28,6,6,2,2,4633,32,43,6.9,40.9
2020-01-28,6,6,6,3,4826,29,45,6.92,40.9
2020-01-28,6,6,3,4,4601,58,30,6.85,40.9
2020-01-28,6,6,4,5,4036,48,60,6.9,40.9
2020-01-28,6,6,5,6,4753,12,35,6.85,40.9
2020-01-28,6,7,1,1,4109,6,14,6.86,108.5
2020-01-28,6,7,6,2,4888,62,41,6.85,108.5
2020-01-28,6,7,4,3,3460,28,48,6.92,108.5
2020-01-28,6,7,2,4,3910,66,18,6.91,108.5
2020-01-28,6,7,5,5,3736,9,59,6.9,108.5
2020-01-28,6,7,3,6,4077,46,15,6.79,108.5
2020-01-28,6,8,1,1,3746,59,26,6.88,16.2
2020-01-28,6,8,3,2,4892,20,55,6.85,16.2
2020-01-28,6,8,4,3,4650,51,57,6.83,16.2
2020-01-28,6,8,5,4,3655,50,63,6.89,16.2
2020-01-28,6,8,6,5,3832,52,29,6.85,16.2
2020-01-28,6,8,2,6,3731,3,4,6.89,16.2
2020-01-28,6,9,2,1,4526,19,20,6.84,59.2
2020-01-28,6,9,5,2,3488,65,19,6.95,59.2
2020-01-28,6,9,1,3,4403,61,9,6.83,59.2
2020-01-28,6,9,6,4,4528,8,31,6.76,59.2
2020-01-28,6,9,3,5,3881,30,25,6.93,59.2
2020-01-28,6,9,4,6,3072,60,49,6.88,59.2
2020-01-28,6,10,1,1,4505,39,24,6.85,28.6
2020-01-28,6,10,4,2,4700,1,36,6.91,28.6
2020-01-28,6,10,5,3,3961,38,51,6.89,28.6
2020-01-28,6,10,3,4,3895,18,44,6.85,28.6
2020-01-28,6,10,2,5,3717,53,21,6.78,28.6
2020-01-28,6,10,6,6,4653,10,64,6.86,28.6
2020-01-28,6,11,3,1,4369,11,37,6.88,601.6
2020-01-28,6,11,2,2,4416,31,61,6.85,601.6
2020-01-28,6,11,5,3,3746,59,26,6.93,601.6
2020-01-28,6,11,4,4,4109,6,14,6.97,601.6
2020-01-28,6,11,1,5,4601,58,30,6.86,601.6
2020-01-28,6,11,6,6,4220,7,23,6.9,601.6
2020-01-28,6,12,1,1,4477,47,3,6.88,16.5
2020-01-28,6,12,5,2,4266,16,32,6.93,16.5
2020-01-28,6,12,2,3,4166,37,56,6.9,16.5
2020-01-28,6,12,6,4,4703,41,11,6.88,16.5
2020-01-28,6,12,3,5,4857,34,47,6.93,16.5
2020-01-28,6,12,4,6,3940,26,39,6.87,16.5
2020-02-01,1,1,1,1,3947,16,54,6.76,24.5
2020-02-01,1,1,5,2,4379,48,15,6.87,24.5
2020-02-01,1,1,2,3,4511,13,13,6.77,24.5
2020-02-01,1,1,4,4,4563,52,18,6.79,24.5
2020-02-01,1,1,6,5,3692,18,22,6.82,24.5
2020-02-01,1,1,3,6,3075,21,35,6.95,24.5
2020-02-01,1,2,1,1,3553,15,27,6.72,7.3
2020-02-01,1,2,2,2,3224,14,63,6.81,7.3
2020-02-01,1,2,6,3,3772,4,44,6.93,7.3
2020-02-01,1,2,5,4,3357,27,56,6.92,7.3
2020-02-01,1,2,3,5,3642,25,10,6.78,7.3
2020-02-01,1,2,4,6,5069,45,43,6.8,7.3
2020-02-01,1,4,4,1,3996,12,39,6.77,75.8
2020-02-01,1,4,3,2,4251,20,29,6.74,75.8
2020-02-01,1,4,2,3,4675,54,19,6.87,75.8
2020-02-01,1,4,5,4,3939,23,25,6.86,75.8
2020-02-01,1,4,1,5,3943,22,53,6.88,75.8
2020-02-01,1,4,6,6,4079,44,8,6.81,75.8
2020-02-01,1,5,1,1,4580,17,65,6.78,6.3
2020-02-01,1,5,4,2,4140,63,26,6.92,6.3
2020-02-01,1,5,2,3,4301,6,61,6.82,6.3
2020-02-01,1,5,5,4,4353,9,50,6.91,6.3
2020-02-01,1,5,3,5,4240,2,33,6.88,6.3
2020-02-01,1,5,6,6,4249,41,62,6.75,6.3
2020-02-01,1,6,5,1,3719,28,28,6.8,53.7
2020-02-01,1,6,4,2,4748,60,40,6.69,53.7
2020-02-01,1,6,3,3,4436,53,55,6.78,53.7
2020-02-01,1,6,1,4,4121,35,5,6.81,53.7
2020-02-01,1,6,6,5,3866,59,58,6.85,53.7
2020-02-01,1,6,2,6,4209,43,47,6.8,53.7
2020-02-01,1,7,4,1,3692,18,22,6.89,161.2
2020-02-01,1,7,6,2,3995,61,7,6.81,161.2
2020-02-01,1,7,2,3,4420,65,1,6.86,161.2
2020-02-01,1,7,5,4,3224,14,63,6.87,161.2
2020-02-01,1,7,3,5,3024,33,38,6.88,161.2
2020-02-01,1,7,1,6,4202,3,45,6.83,161.2
2020-02-01,1,8,1,1,4064,40,52,6.81,4.8
2020-02-01,1,8,2,2,3075,21,35,6.85,4.8
2020-02-01,1,8,4,3,3747,32,12,6.79,4.8
2020-02-01,1,8,5,4,4675,54,19,6.82,4.8
2020-02-01,1,8,3,5,3382,36,11,6.88,4.8
2020-02-01,1,8,6,6,5069,45,43,6.79,4.8
2020-02-01,1,9,5,1,4240,2,33,6.84,45.1
2020-02-01,1,9,1,2,4225,49,66,6.83,45.1
2020-02-01,1,9,4,3,3943,22,53,6.9,45.1
2020-02-01,1,9,3,4,3483,62,34,6.8,45.1
2020-02-01,1,9,2,5,3357,27,56,6.93,45.1
2020-02-01,1,9,6,6,5118,66,20,6.83,45.1
2020-02-01,1,10,1,1,4301,6,61,6.86,5.7
2020-02-01,1,10,2,2,4379,48,15,6.86,5.7
2020-02-01,1,10,3,3,3939,23,25,6.84,5.7
2020-02-01,1,10,5,4,4034,24,48,6.88,5.7
2020-02-01,1,10,6,5,4436,53,55,6.8,5.7
2020-02-01,1,10,4,6,3772,4,44,6.98,5.7
2020-02-01,1,11,3,1,4580,17,65,6.9,39.2
2020-02-01,1,11,1,2,3024,33,38,6.9,39.2
2020-02-01,1,11,2,3,3455,51,46,6.81,39.2
2020-02-01,1,11,4,4,4079,44,8,6.88,39.2
2020-02-01,1,11,6,5,4209,43,47,6.91,39.2
2020-02-01,1,11,5,6,3947,16,54,6.85,39.2
2020-02-01,1,12,2,1,4140,63,26,6.88,157.8
2020-02-01,1,12,1,2,3719,28,28,6.87,157.8
2020-02-01,1,12,6,3,3996,12,39,6.8,157.8
2020-02-01,1,12,4,4,3995,61,7,6.76,157.8
2020-02-01,1,12,5,5,4101,56,6,6.81,157.8
2020-02-01,1,12,3,6,4064,40,52,6.86,157.8
2020-02-02,2,1,2,1,4353,9,50,6.79,25.7
2020-02-02,2,1,1,2,3866,59,58,6.9,25.7
2020-02-02,2,1,3,3,3455,51,46,6.78,25.7
2020-02-02,2,1,6,4,4225,49,66,6.72,25.7
2020-02-02,2,1,5,5,4249,41,62,6.73,25.7
2020-02-02,2,1,4,6,3483,62,34,6.75,25.7
2020-02-02,2,2,4,1,4420,65,1,6.82,33.4
2020-02-02,2,2,1,2,4034,24,48,6.73,33.4
2020-02-02,2,2,2,3,3382,36,11,6.89,33.4
2020-02-02,2,2,6,4,3943,22,53,6.92,33.4
2020-02-02,2,2,3,5,4121,35,5,6.88,33.4
2020-02-02,2,2,5,6,5118,66,20,6.86,33.4
2020-02-02,2,3,6,1,3024,33,38,6.8,81.2
2020-02-02,2,3,1,2,3642,25,10,6.75,81.2
2020-02-02,2,3,5,3,4580,17,65,6.87,81.2
2020-02-02,2,3,2,4,4748,60,40,6.71,81.2
2020-02-02,2,3,3,5,4301,6,61,6.85,81.2
2020-02-02,2,3,4,6,4251,20,29,6.83,81.2
2020-02-02,2,4,1,1,3224,14,63,6.74,15.0
2020-02-02,2,4,5,2,3996,12,39,6.78,15.0
2020-02-02,2,4,3,3,4511,13,13,6.75,15.0
2020-02-02,2,4,4,4,4202,3,45,6.81,15.0
2020-02-02,2,4,2,5,3772,4,44,6.91,15.0
2020-02-02,2,4,6,6,4140,63,26,6.88,15.0
2020-02-02,2,5,3,1,4101,56,6,6.77,16.1
2020-02-02,2,5,4,2,4436,53,55,6.81,16.1
2020-02-02,2,5,1,3,3075,21,35,6.79,16.1
2020-02-02,2,5,2,4,4563,52,18,6.73,16.1
2020-02-02,2,5,5,5,3553,15,27,6.86,16.1
2020-02-02,2,5,6,6,5069,45,43,6.75,16.1
2020-02-02,2,6,2,1,3995,61,7,6.68,7.1
2020-02-02,2,6,3,2,4379,48,15,6.83,7.1
2020-02-02,2,6,5,3,4064,40,52,6.81,7.1
2020-02-02,2,6,4,4,4675,54,19,6.84,7.1
2020-02-02,2,6,1,5,4240,2,33,6.75,7.1
2020-02-02,2,6,6,6,3357,27,56,6.82,7.1
2020-02-02,2,7,3,1,3692,18,22,6.77,379.5
2020-02-02,2,7,5,2,4423,64,2,6.81,379.5
2020-02-02,2,7,2,3,3747,32,12,6.8,379.5
2020-02-02,2,7,1,4,3455,51,46,6.79,379.5
2020-02-02,2,7,4,5,3642,25,10,6.82,379.5
2020-02-02,2,7,6,6,3719,28,28,6.69,379.5
2020-02-02,2,8,2,1,4079,44,8,6.78,53.5
2020-02-02,2,8,1,2,3939,23,25,6.79,53.5
2020-02-02,2,8,5,3,4511,13,13,6.81,53.5
2020-02-02,2,8,4,4,4580,17,65,6.88,53.5
2020-02-02,2,8,3,5,4353,9,50,6.93,53.5
2020-02-02,2,8,6,6,5118,66,20,6.74,53.5
2020-02-02,2,9,2,1,4251,20,29,6.82,141.5
2020-02-02,2,9,5,2,4140,63,26,6.92,141.5
2020-02-02,2,9,1,3,4209,43,47,6.83,141.5
2020-02-02,2,9,3,4,3947,16,54,6.85,141.5
2020-02-02,2,9,4,5,3075,21,35,6.94,141.5
2020-02-02,2,9,6,6,3483,62,34,6.77,141.5
2020-02-02,2,10,1,1,3996,12,39,6.75,5.7
2020-02-02,2,10,4,2,4064,40,52,6.85,5.7
2020-02-02,2,10,2,3,3024,33,38,6.86,5.7
2020-02-02,2,10,6,4,4121,35,5,6.95,5.7
2020-02-02,2,10,5,5,3866,59,58,6.96,5.7
2020-02-02,2,10,3,6,3553,15,27,6.91,5.7
2020-02-02,2,11,1,1,4101,56,6,6.84,6.1
2020-02-02,2,11,2,2,3719,28,28,6.78,6.1
2020-02-02,2,11,3,3,4420,65,1,6.9,6.1
2020-02-02,2,11,5,4,4202,3,45,6.92,6.1
2020-02-02,2,11,6,5,4379,48,15,6.91,6.1
2020-02-02,2,11,4,6,4301,6,61,6.97,6.1
2020-02-02,2,12,4,1,3939,23,25,6.91,63.1
2020-02-02,2,12,1,2,3995,61,7,6.81,63.1
2020-02-02,2,12,5,3,4748,60,40,6.8,63.1
2020-02-02,2,12,3,4,4225,49,66,6.82,63.1
2020-02-02,2,12,2,5,4436,53,55,6.83,63.1
2020-02-02,2,12,6,6,3747,32,12,6.91,63.1
2020-02-03,3,1,3,1,4675,54,19,6.78,26.4
2020-02-03,3,1,5,2,4079,44,8,6.83,26.4
2020-02-03,3,1,4,3,4353,9,50,6.87,26.4
2020-02-03,3,1,6,4,4202,3,45,6.84,26.4
2020-02-03,3,1,2,5,4034,24,48,6.77,26.4
2020-02-03,3,1,1,6,3357,27,56,6.78,26.4
2020-02-03,3,3,4,1,4423,64,2,6.87,50.7
2020-02-03,3,3,5,2,3747,32,12,6.82,50.7
2020-02-03,3,3,2,3,4101,56,6,6.78,50.7
2020-02-03,3,3,6,4,3075,21,35,6.92,50.7
2020-02-03,3,3,1,5,3483,62,34,6.76,50.7
2020-02-03,3,3,3,6,3866,59,58,6.95,50.7
2020-02-03,3,4,5,1,4301,6,61,6.8,102.4
2020-02-03,3,4,4,2,3995,61,7,6.76,102.4
2020-02-03,3,4,2,3,3996,12,39,6.73,102.4
2020-02-03,3,4,6,4,3947,16,54,6.76,102.4
2020-02-03,3,4,3,5,4748,60,40,6.72,102.4
2020-02-03,3,4,1,6,3772,4,44,6.79,102.4
2020-02-03,3,5,2,1,4225,49,66,6.7,22.1
2020-02-03,3,5,4,2,3024,33,38,6.76,22.1
2020-02-03,3,5,1,3,4379,48,15,6.79,22.1
2020-02-03,3,5,3,4,3943,22,53,6.83,22.1
2020-02-03,3,5,6,5,3642,25,10,6.83,22.1
2020-02-03,3,5,5,6,5069,45,43,6.79,22.1
2020-02-03,3,6,2,1,4580,17,65,6.82,51.2
2020-02-03,3,6,1,2,3692,18,22,6.73,51.2
2020-02-03,3,6,5,3,4209,43,47,6.83,51.2
2020-02-03,3,6,4,4,4121,35,5,6.76,51.2
2020-02-03,3,6,3,5,4140,63,26,6.79,51.2
2020-02-03,3,6,6,6,3382,36,11,6.82,51.2
2020-02-03,3,7,3,1,3939,23,25,6.67,104.9
2020-02-03,3,7,2,2,4249,41,62,6.67,104.9
2020-02-03,3,7,4,3,4064,40,52,6.74,104.9
2020-02-03,3,7,5,4,4420,65,1,6.75,104.9
2020-02-03,3,7,1,5,3747,32,12,6.71,104.9
2020-02-03,3,7,6,6,5118,66,20,6.8,104.9
2020-02-03,3,8,1,1,4436,53,55,6.7,27.4
2020-02-03,3,8,3,2,4423,64,2,6.62,27.4
2020-02-03,3,8,2,3,4202,3,45,6.64,27.4
2020-02-03,3,8,4,4,3719,28,28,6.65,27.4
2020-02-03,3,8,5,5,3772,4,44,6.83,27.4
2020-02-03,3,8,6,6,4240,2,33,6.72,27.4
2020-02-03,3,9,1,1,4079,44,8,6.72,7.7
2020-02-03,3,9,3,2,3024,33,38,6.69,7.7
2020-02-03,3,9,4,3,4511,13,13,6.77,7.7
2020-02-03,3,9,6,4,3455,51,46,6.8,7.7
2020-02-03,3,9,2,5,3947,16,54,6.75,7.7
2020-02-03,3,9,5,6,4251,20,29,6.71,7.7
2020-02-03,3,10,1,1,4140,63,26,6.75,4.3
2020-02-03,3,10,3,2,3995,61,7,6.67,4.3
2020-02-03,3,10,4,3,4379,48,15,6.74,4.3
2020-02-03,3,10,5,4,4563,52,18,6.75,4.3
2020-02-03,3,10,6,5,4034,24,48,6.73,4.3
2020-02-03,3,10,2,6,3866,59,58,6.78,4.3
2020-02-03,3,11,1,1,4101,56,6,6.67,15.1
2020-02-03,3,11,5,2,4436,53,55,6.83,15.1
2020-02-03,3,11,2,3,4064,40,52,6.77,15.1
2020-02-03,3,11,4,4,4209,43,47,6.79,15.1
2020-02-03,3,11,6,5,4301,6,61,6.75,15.1
2020-02-03,3,11,3,6,3357,27,56,6.81,15.1
2020-02-03,3,12,1,1,3719,28,28,6.67,10.6
2020-02-03,3,12,3,2,3996,12,39,6.66,10.6
2020-02-03,3,12,6,3,4580,17,65,6.83,10.6
2020-02-03,3,12,2,4,3939,23,25,6.67,10.6
2020-02-03,3,12,5,5,4225,49,66,6.69,10.6
2020-02-03,3,12,4,6,3224,14,63,6.69,10.6
2020-02-04,4,2,1,1,4511,13,13,6.77,5.7
2020-02-04,4,2,3,2,4249,41,62,6.77,5.7
2020-02-04,4,2,2,3,4121,35,5,6.85,5.7
2020-02-04,4,2,4,4,3642,25,10,6.87,5.7
2020-02-04,4,2,5,5,3483,62,34,6.87,5.7
2020-02-04,4,2,6,6,5069,45,43,6.83,5.7
2020-02-04,4,3,5,1,4580,17,65,6.89,68.2
2020-02-04,4,3,1,2,4420,65,1,6.76,68.2
2020-02-04,4,3,6,3,4423,64,2,6.84,68.2
2020-02-04,4,3,2,4,4209,43,47,6.74,68.2
2020-02-04,4,3,3,5,3772,4,44,6.86,68.2
2020-02-04,4,3,4,6,3455,51,46,6.81,68.2
2020-02-04,4,4,1,1,4353,9,50,6.84,21.0
2020-02-04,4,4,6,2,3996,12,39,6.89,21.0
2020-02-04,4,4,2,3,4379,48,15,6.84,21.0
2020-02-04,4,4,3,4,4675,54,19,6.89,21.0
2020-02-04,4,4,5,5,3939,23,25,6.89,21.0
2020-02-04,4,4,4,6,3692,18,22,6.87,21.0
2020-02-04,4,5,1,1,4301,6,61,6.83,9.9
2020-02-04,4,5,4,2,3719,28,28,6.79,9.9
2020-02-04,4,5,2,3,3947,16,54,6.73,9.9
2020-02-04,4,5,5,4,3357,27,56,6.87,9.9
2020-02-04,4,5,3,5,4079,44,8,6.79,9.9
2020-02-04,4,5,6,6,4563,52,18,6.79,9.9
2020-02-04,4,6,1,1,4251,20,29,6.78,32.6
2020-02-04,4,6,2,2,4225,49,66,6.78,32.6
2020-02-04,4,6,3,3,4202,3,45,6.82,32.6
2020-02-04,4,6,5,4,4101,56,6,6.81,32.6
2020-02-04,4,6,6,5,3995,61,7,6.82,32.6
2020-02-04,4,6,4,6,5069,45,43,6.81,32.6
2020-02-04,4,7,1,1,4436,53,55,6.76,212.2
2020-02-04,4,7,6,2,4240,2,33,6.8,212.2
2020-02-04,4,7,3,3,4064,40,52,6.78,212.2
2020-02-04,4,7,5,4,3075,21,35,6.86,212.2
2020-02-04,4,7,2,5,3024,33,38,6.78,212.2
2020-02-04,4,7,4,6,3382,36,11,6.98,212.2
2020-02-04,4,8,1,1,4140,63,26,6.79,13.8
2020-02-04,4,8,2,2,3455,51,46,6.77,13.8
2020-02-04,4,8,6,3,4748,60,40,6.79,13.8
2020-02-04,4,8,5,4,3943,22,53,6.94,13.8
2020-02-04,4,8,4,5,3747,32,12,6.77,13.8
2020-02-04,4,8,3,6,3553,15,27,6.84,13.8
2020-02-04,4,9,1,1,4423,64,2,6.76,10.7
2020-02-04,4,9,4,2,4079,44,8,6.81,10.7
2020-02-04,4,9,2,3,3939,23,25,6.82,10.7
2020-02-04,4,9,6,4,3224,14,63,6.92,10.7
2020-02-04,4,9,5,5,4420,65,1,6.86,10.7
2020-02-04,4,9,3,6,3692,18,22,6.78,10.7
2020-02-04,4,10,1,1,3996,12,39,6.74,5.9
2020-02-04,4,10,3,2,3719,28,28,6.76,5.9
2020-02-04,4,10,4,3,4064,40,52,6.81,5.9
2020-02-04,4,10,2,4,4580,17,65,6.83,5.9
2020-02-04,4,10,5,5,4225,49,66,6.81,5.9
2020-02-04,4,10,6,6,4301,6,61,6.9,5.9
2020-02-04,4,11,1,1,3995,61,7,6.79,10.2
2020-02-04,4,11,4,2,4140,63,26,6.84,10.2
2020-02-04,4,11,2,3,4101,56,6,6.78,10.2
2020-02-04,4,11,5,4,4379,48,15,6.91,10.2
2020-02-04,4,11,3,5,3024,33,38,6.89,10.2
2020-02-04,4,11,6,6,4436,53,55,6.87,10.2
2020-02-04,4,12,1,1,3747,32,12,6.8,30.2
2020-02-04,4,12,4,2,4251,20,29,6.91,30.2
2020-02-04,4,12,5,3,4209,43,47,6.86,30.2
2020-02-04,4,12,6,4,4675,54,19,6.92,30.2
2020-02-04,4,12,2,5,4202,3,45,6.86,30.2
2020-02-04,4,12,3,6,3075,21,35,6.92,30.2
2020-02-05,5,1,3,1,4511,13,13,6.8,190.0
2020-02-05,5,1,4,2,3947,16,54,6.8,190.0
2020-02-05,5,1,2,3,4249,41,62,6.76,190.0
2020-02-05,5,1,5,4,3455,51,46,6.83,190.0
2020-02-05,5,1,6,5,3747,32,12,6.77,190.0
2020-02-05,5,1,1,6,4675,54,19,6.73,190.0
2020-02-05,5,2,2,1,3483,62,34,6.7,145.3
2020-02-05,5,2,1,2,4748,60,40,6.69,145.3
2020-02-05,5,2,5,3,3642,25,10,6.85,145.3
2020-02-05,5,2,6,4,3866,59,58,6.95,145.3
2020-02-05,5,2,3,5,4121,35,5,6.83,145.3
2020-02-05,5,2,4,6,3772,4,44,6.92,145.3
2020-02-05,5,4,1,1,4225,49,66,6.71,8.6
2020-02-05,5,4,2,2,4420,65,1,6.79,8.6
2020-02-05,5,4,4,3,4379,48,15,6.82,8.6
2020-02-05,5,4,3,4,4353,9,50,6.86,8.6
2020-02-05,5,4,5,5,3075,21,35,6.71,8.6
2020-02-05,5,4,6,6,5118,66,20,6.81,8.6
2020-02-05,5,5,1,1,4301,6,61,6.78,4.4
2020-02-05,5,5,2,2,4580,17,65,6.85,4.4
2020-02-05,5,5,4,3,3939,23,25,6.82,4.4
2020-02-05,5,5,5,4,4249,41,62,6.83,4.4
2020-02-05,5,5,6,5,4251,20,29,6.88,4.4
2020-02-05,5,5,3,6,4240,2,33,6.84,4.4
2020-02-05,5,6,1,1,3024,33,57,6.79,13.7
2020-02-05,5,6,4,2,3455,51,46,6.84,13.7
2020-02-05,5,6,5,3,4101,56,6,6.75,13.7
2020-02-05,5,6,2,4,3642,25,10,6.82,13.7
2020-02-05,5,6,6,5,4511,13,13,6.85,13.7
2020-02-05,5,6,3,6,4034,24,48,6.82,13.7
2020-02-05,5,7,1,1,4064,40,52,6.7,61.5
2020-02-05,5,7,5,2,4121,35,5,6.84,61.5
2020-02-05,5,7,4,3,4202,3,45,6.84,61.5
2020-02-05,5,7,3,4,3747,32,12,6.82,61.5
2020-02-05,5,7,2,5,3692,18,22,6.76,61.5
2020-02-05,5,7,6,6,3553,15,27,6.91,61.5
2020-02-05,5,8,1,1,4436,53,55,6.76,9.1
2020-02-05,5,8,4,2,4209,43,47,6.81,9.1
2020-02-05,5,8,2,3,3075,21,35,6.9,9.1
2020-02-05,5,8,3,4,4563,52,18,6.78,9.1
2020-02-05,5,8,5,5,3947,16,54,6.8,9.1
2020-02-05,5,8,6,6,4353,9,50,6.79,9.1
2020-02-05,5,9,4,1,3943,22,53,6.82,79.7
2020-02-05,5,9,3,2,3483,62,34,6.74,79.7
2020-02-05,5,9,1,3,4240,2,33,6.76,79.7
2020-02-05,5,9,2,4,3357,27,56,6.81,79.7
2020-02-05,5,9,5,5,5118,66,20,6.77,79.7
2020-02-05,5,9,6,6,5069,45,43,6.75,79.7
2020-02-05,5,11,5,1,3692,18,22,6.81,720.7
2020-02-05,5,11,4,2,4420,65,1,6.66,720.7
2020-02-05,5,11,6,3,4436,53,55,6.81,720.7
2020-02-05,5,11,1,4,4101,56,6,6.74,720.7
2020-02-05,5,11,3,5,4580,17,65,6.82,720.7
2020-02-05,5,11,2,6,4064,40,52,6.71,720.7
2020-02-05,5,12,1,1,4423,64,2,6.69,66.4
2020-02-05,5,12,5,2,4140,63,26,6.78,66.4
2020-02-05,5,12,3,3,3996,12,39,6.7,66.4
2020-02-05,5,12,2,4,3995,61,7,6.61,66.4
2020-02-05,5,12,6,5,4079,44,8,6.77,66.4
2020-02-05,5,12,4,6,3719,28,28,6.66,66.4
2020-02-08,1,1,1,1,4812,55,63,6.76,25.5
2020-02-08,1,1,2,2,3064,41,27,6.85,25.5
2020-02-08,1,1,4,3,4643,53,36,6.78,25.5
2020-02-08,1,1,5,4,4776,30,45,6.76,25.5
2020-02-08,1,1,3,5,3975,38,39,6.81,25.5
2020-02-08,1,1,6,6,3674,65,57,6.79,25.5
2020-02-08,1,2,4,1,3907,39,54,6.78,57.4
2020-02-08,1,2,5,2,4154,46,49,6.76,57.4
2020-02-08,1,2,6,3,4852,57,22,6.75,57.4
2020-02-08,1,2,1,4,4821,60,5,6.74,57.4
2020-02-08,1,2,2,5,3955,61,3,6.75,57.4
2020-02-08,1,2,3,6,4359,47,32,6.82,57.4
2020-02-08,1,4,3,1,4739,56,61,6.81,46.9
2020-02-08,1,4,1,2,2942,48,35,6.79,46.9
2020-02-08,1,4,2,3,3401,50,64,6.78,46.9
2020-02-08,1,4,6,4,3849,66,7,6.77,46.9
2020-02-08,1,4,5,5,4571,26,20,6.63,46.9
2020-02-08,1,4,4,6,3578,13,65,6.81,46.9
2020-02-08,1,5,1,1,3333,10,29,6.87,12.3
2020-02-08,1,5,2,2,4452,52,18,6.84,12.3
2020-02-08,1,5,5,3,4437,63,38,6.83,12.3
2020-02-08,1,5,3,4,3788,1,21,6.78,12.3
2020-02-08,1,5,4,5,3064,41,27,6.8,12.3
2020-02-08,1,5,6,6,4260,19,28,6.81,12.3
2020-02-08,1,6,4,1,3232,51,8,6.76,540.7
2020-02-08,1,6,2,2,3837,14,59,6.81,540.7
2020-02-08,1,6,5,3,4821,60,5,6.77,540.7
2020-02-08,1,6,6,4,4063,12,46,6.81,540.7
2020-02-08,1,6,3,5,4704,8,10,6.74,540.7
2020-02-08,1,6,1,6,4331,62,55,6.77,540.7
2020-02-08,1,7,1,1,3568,34,15,6.75,21.6
2020-02-08,1,7,6,2,4643,53,36,6.73,21.6
2020-02-08,1,7,3,3,3543,28,47,6.78,21.6
2020-02-08,1,7,2,4,4685,33,37,6.83,21.6
2020-02-08,1,7,4,5,4852,57,22,6.75,21.6
2020-02-08,1,7,5,6,4596,37,50,6.82,21.6
2020-02-08,1,8,2,1,4387,11,14,6.75,137.1
2020-02-08,1,8,4,2,3611,21,23,6.73,137.1
2020-02-08,1,8,5,3,3907,39,54,6.76,137.1
2020-02-08,1,8,1,4,4739,56,61,6.77,137.1
2020-02-08,1,8,6,5,4247,54,56,6.69,137.1
2020-02-08,1,8,3,6,4348,3,52,6.75,137.1
2020-02-08,1,9,4,1,2942,48,35,6.76,125.6
2020-02-08,1,9,5,2,4359,47,32,6.86,125.6
2020-02-08,1,9,6,3,3975,38,39,6.69,125.6
2020-02-08,1,9,3,4,3541,44,60,6.77,125.6
2020-02-08,1,9,2,5,3304,20,40,6.79,125.6
2020-02-08,1,9,1,6,4437,63,38,6.74,125.6
2020-02-08,1,10,1,1,3841,58,51,6.73,11.9
2020-02-08,1,10,3,2,3849,66,7,6.71,11.9
2020-02-08,1,10,2,3,3908,16,24,6.75,11.9
2020-02-08,1,10,5,4,4331,62,55,6.84,11.9
2020-02-08,1,10,4,5,3674,65,57,6.79,11.9
2020-02-08,1,10,6,6,4154,46,49,6.72,11.9
2020-02-08,1,11,4,1,4812,55,63,6.79,112.6
2020-02-08,1,11,5,2,4452,52,18,6.75,112.6
2020-02-08,1,11,1,3,3232,51,8,6.77,112.6
2020-02-08,1,11,6,4,3955,61,3,6.85,112.6
2020-02-08,1,11,2,5,4028,18,16,6.81,112.6
2020-02-08,1,11,3,6,3401,50,64,6.8,112.6
2020-02-08,1,12,1,1,4030,9,34,6.8,32.0
2020-02-08,1,12,4,2,4052,6,66,6.76,32.0
2020-02-08,1,12,6,3,4757,7,12,6.81,32.0
2020-02-08,1,12,3,4,4459,5,26,6.71,32.0
2020-02-08,1,12,5,5,4450,29,17,6.74,32.0
2020-02-08,1,12,2,6,3743,59,13,6.76,32.0
2020-02-09,2,1,1,1,4852,57,22,6.8,42.4
2020-02-09,2,1,6,2,4052,6,66,6.8,42.4
2020-02-09,2,1,5,3,3543,28,47,6.79,42.4
2020-02-09,2,1,2,4,3611,21,23,6.75,42.4
2020-02-09,2,1,3,5,4821,60,5,6.81,42.4
2020-02-09,2,1,4,6,4772,15,9,6.87,42.4
2020-02-09,2,2,2,1,4450,29,17,6.76,35.2
2020-02-09,2,2,1,2,3478,31,2,6.82,35.2
2020-02-09,2,2,4,3,4704,8,10,6.78,35.2
2020-02-09,2,2,6,4,4812,55,63,6.77,35.2
2020-02-09,2,2,5,5,3837,14,59,6.85,35.2
2020-02-09,2,2,3,6,4583,17,33,6.73,35.2
2020-02-09,2,4,1,1,3304,20,40,6.81,25.6
2020-02-09,2,4,5,2,3743,59,13,6.89,25.6
2020-02-09,2,4,6,3,4739,56,61,6.84,25.6
2020-02-09,2,4,4,4,4452,52,18,6.82,25.6
2020-02-09,2,4,2,5,4776,30,45,6.89,25.6
2020-02-09,2,4,3,6,3578,13,65,6.9,25.6
2020-02-09,2,5,1,1,4154,46,49,6.75,8.2
2020-02-09,2,5,2,2,3849,66,7,6.84,8.2
2020-02-09,2,5,3,3,4757,7,12,6.78,8.2
2020-02-09,2,5,6,4,3333,10,29,6.82,8.2
2020-02-09,2,5,5,5,4348,3,52,6.82,8.2
2020-02-09,2,5,4,6,4247,54,56,6.77,8.2
2020-02-09,2,6,1,1,3955,61,3,6.79,28.6
2020-02-09,2,6,4,2,3568,34,15,6.77,28.6
2020-02-09,2,6,3,3,4437,63,38,6.78,28.6
2020-02-09,2,6,5,4,3478,31,2,6.88,28.6
2020-02-09,2,6,2,5,3841,58,51,6.83,28.6
2020-02-09,2,6,6,6,4030,9,34,6.84,28.6
2020-02-09,2,7,1,1,3837,14,59,6.84,7.4
2020-02-09,2,7,2,2,4052,6,66,6.76,7.4
2020-02-09,2,7,4,3,3975,38,39,6.79,7.4
2020-02-09,2,7,3,4,4260,19,28,6.77,7.4
2020-02-09,2,7,5,5,3401,50,64,6.84,7.4
2020-02-09,2,7,6,6,4359,47,32,6.91,7.4
2020-02-09,2,8,2,1,4459,5,26,6.81,85.5
2020-02-09,2,8,4,2,3788,1,21,6.82,85.5
2020-02-09,2,8,5,3,4583,17,33,6.79,85.5
2020-02-09,2,8,1,4,4772,15,9,6.79,85.5
2020-02-09,2,8,3,5,2942,48,35,6.83,85.5
2020-02-09,2,8,6,6,3578,13,65,6.82,85.5
2020-02-09,2,9,2,1,3674,65,57,6.8,109.1
2020-02-09,2,9,3,2,3743,59,13,6.89,109.1
2020-02-09,2,9,6,3,4331,62,55,6.82,109.1
2020-02-09,2,9,4,4,4348,3,30,6.84,109.1
2020-02-09,2,9,1,5,4571,26,20,6.64,109.1
2020-02-09,2,9,5,6,3232,51,8,6.85,109.1
2020-02-09,2,11,1,1,4757,7,12,6.84,18.4
2020-02-09,2,11,3,2,4596,37,50,6.82,18.4
2020-02-09,2,11,2,3,3543,28,47,6.78,18.4
2020-02-09,2,11,5,4,4704,8,10,6.78,18.4
2020-02-09,2,11,6,5,4776,30,45,6.83,18.4
2020-02-09,2,11,4,6,4030,9,34,6.82,18.4
2020-02-09,2,12,1,1,4028,18,16,6.76,11.1
2020-02-09,2,12,4,2,3908,16,24,6.88,11.1
2020-02-09,2,12,3,3,4063,12,46,6.92,11.1
2020-02-09,2,12,5,4,4685,33,37,6.88,11.1
2020-02-09,2,12,2,5,3541,44,60,6.87,11.1
2020-02-09,2,12,6,6,4387,11,14,6.81,11.1
2020-02-10,3,1,1,1,3543,28,47,6.77,31.4
2020-02-10,3,1,3,2,3674,65,57,6.82,31.4
2020-02-10,3,1,2,3,3788,1,21,6.81,31.4
2020-02-10,3,1,6,4,4685,33,37,6.82,31.4
2020-02-10,3,1,5,5,3849,66,7,6.93,31.4
2020-02-10,3,1,4,6,3478,31,2,6.92,31.4
2020-02-10,3,2,3,1,3611,21,23,6.82,166.3
2020-02-10,3,2,5,2,4063,12,46,6.75,166.3
2020-02-10,3,2,2,3,4739,56,61,6.78,166.3
2020-02-10,3,2,6,4,3907,39,54,6.83,166.3
2020-02-10,3,2,4,5,4331,62,55,6.9,166.3
2020-02-10,3,2,1,6,3064,41,27,6.85,166.3
2020-02-10,3,3,2,1,4437,63,38,6.72,31.4
2020-02-10,3,3,1,2,3578,13,65,6.79,31.4
2020-02-10,3,3,5,3,4643,53,36,6.79,31.4
2020-02-10,3,3,3,4,3955,61,3,6.77,31.4
2020-02-10,3,3,4,5,4154,46,49,6.74,31.4
2020-02-10,3,3,6,6,3743,59,13,6.83,31.4
2020-02-10,3,4,3,1,3841,58,51,6.8,42.4
2020-02-10,3,4,1,2,4596,37,50,6.84,42.4
2020-02-10,3,4,6,3,4028,18,16,6.83,42.4
2020-02-10,3,4,2,4,3232,51,8,6.8,42.4
2020-02-10,3,4,4,5,4821,60,5,6.8,42.4
2020-02-10,3,4,5,6,3568,34,15,6.82,42.4
2020-02-10,3,5,1,1,3541,44,60,6.79,29.6
2020-02-10,3,5,5,2,4387,11,14,6.79,29.6
2020-02-10,3,5,2,3,4704,8,10,6.83,29.6
2020-02-10,3,5,6,4,4571,26,20,6.77,29.6
2020-02-10,3,5,3,5,4852,57,22,6.82,29.6
2020-02-10,3,5,4,6,4583,17,33,6.77,29.6
2020-02-10,3,6,2,1,4757,7,12,6.83,25.4
2020-02-10,3,6,1,2,4452,52,18,6.74,25.4
2020-02-10,3,6,5,3,4812,55,63,6.81,25.4
2020-02-10,3,6,4,4,3401,50,64,6.85,25.4
2020-02-10,3,6,6,5,2942,48,35,6.83,25.4
2020-02-10,3,6,3,6,4450,29,17,6.78,25.4
2020-02-10,3,7,1,1,4359,47,32,6.8,102.6
2020-02-10,3,7,5,2,3333,10,29,6.86,102.6
2020-02-10,3,7,2,3,4331,62,55,6.81,102.6
2020-02-10,3,7,3,4,3908,16,24,6.9,102.6
2020-02-10,3,7,6,5,3837,14,59,6.87,102.6
2020-02-10,3,7,4,6,3955,61,3,6.78,102.6
2020-02-10,3,8,1,1,4776,30,45,6.87,16.0
2020-02-10,3,8,2,2,4030,9,34,6.86,16.0
2020-02-10,3,8,3,3,4685,33,37,6.91,16.0
2020-02-10,3,8,6,4,4821,60,5,6.85,16.0
2020-02-10,3,8,4,5,4437,63,38,6.74,16.0
2020-02-10,3,8,5,6,4247,54,48,6.91,16.0
2020-02-10,3,9,1,1,3849,66,7,6.75,23.7
2020-02-10,3,9,2,2,4260,19,28,6.82,23.7
2020-02-10,3,9,4,3,3304,20,40,6.83,23.7
2020-02-10,3,9,3,4,4028,18,16,6.81,23.7
2020-02-10,3,9,5,5,4459,5,26,6.85,23.7
2020-02-10,3,9,6,6,4772,15,9,6.75,23.7
2020-02-10,3,10,1,1,4063,12,46,6.69,6.9
2020-02-10,3,10,3,2,4643,53,36,6.77,6.9
2020-02-10,3,10,4,3,4387,11,14,6.76,6.9
2020-02-10,3,10,6,4,3401,50,4,6.86,6.9
2020-02-10,3,10,2,5,4348,3,30,6.74,6.9
2020-02-10,3,10,5,6,3788,1,21,6.72,6.9
2020-02-10,3,11,1,1,4052,6,66,6.71,7.8
2020-02-10,3,11,2,2,3975,38,39,6.76,7.8
2020-02-10,3,11,3,3,4812,55,63,6.78,7.8
2020-02-10,3,11,4,4,4739,56,61,6.81,7.8
2020-02-10,3,11,6,5,3232,51,8,6.78,7.8
2020-02-10,3,11,5,6,3674,65,57,6.8,7.8
2020-02-10,3,12,1,1,3908,16,24,6.79,19.5
2020-02-10,3,12,2,2,4247,54,48,6.79,19.5
2020-02-10,3,12,4,3,3743,59,13,6.84,19.5
2020-02-10,3,12,6,4,3841,58,51,6.75,19.5
2020-02-10,3,12,3,5,4452,52,18,6.71,19.5
2020-02-10,3,12,5,6,4852,57,22,6.73,19.5
2020-02-11,4,1,1,1,3674,65,57,6.73,23.7
2020-02-11,4,1,2,2,3478,31,2,6.85,23.7
2020-02-11,4,1,3,3,4348,3,30,6.82,23.7
2020-02-11,4,1,6,4,4571,26,20,6.63,23.7
2020-02-11,4,1,4,5,4450,29,17,6.78,23.7
2020-02-11,4,1,5,6,3955,61,3,6.82,23.7
2020-02-11,4,2,1,1,3975,38,39,6.67,14.8
2020-02-11,4,2,4,2,3849,66,7,6.84,14.8
2020-02-11,4,2,3,3,3304,20,40,6.83,14.8
2020-02-11,4,2,2,4,2942,48,35,6.74,14.8
2020-02-11,4,2,5,5,3541,44,60,6.79,14.8
2020-02-11,4,2,6,6,3064,41,27,6.83,14.8
2020-02-11,4,3,1,1,3611,21,23,6.7,33.2
2020-02-11,4,3,5,2,4772,15,9,6.73,33.2
2020-02-11,4,3,3,3,4154,46,49,6.76,33.2
2020-02-11,4,3,2,4,4359,47,32,6.78,33.2
2020-02-11,4,3,6,5,3568,34,15,6.77,33.2
2020-02-11,4,3,4,6,4704,8,10,6.78,33.2
2020-02-11,4,4,3,1,3788,1,21,6.74,37.0
2020-02-11,4,4,5,2,4757,7,12,6.8,37.0
2020-02-11,4,4,1,3,3401,50,4,6.74,37.0
2020-02-11,4,4,6,4,3543,28,47,6.76,37.0
2020-02-11,4,4,4,5,4776,30,45,6.74,37.0
2020-02-11,4,4,2,6,4821,60,5,6.74,37.0
2020-02-11,4,5,4,1,4260,19,28,6.77,142.3
2020-02-11,4,5,3,2,3837,14,59,6.85,142.3
2020-02-11,4,5,2,3,4063,12,46,6.77,142.3
2020-02-11,4,5,6,4,4437,63,38,6.83,142.3
2020-02-11,4,5,1,5,4247,54,48,6.81,142.3
2020-02-11,4,5,5,6,3578,13,65,6.82,142.3
2020-02-11,4,6,1,1,3907,39,54,6.76,29.1
2020-02-11,4,6,3,2,4030,9,34,6.84,29.1
2020-02-11,4,6,6,3,4583,17,33,6.79,29.1
2020-02-11,4,6,2,4,4852,57,22,6.81,29.1
2020-02-11,4,6,5,5,2942,48,35,6.87,29.1
2020-02-11,4,6,4,6,4596,37,50,6.82,29.1
2020-02-11,4,7,1,1,4685,33,37,6.82,8.6
2020-02-11,4,7,2,2,4154,46,49,6.84,8.6
2020-02-11,4,7,4,3,3841,58,51,6.86,8.6
2020-02-11,4,7,5,4,4739,56,61,6.84,8.6
2020-02-11,4,7,3,5,3064,41,27,6.85,8.6
2020-02-11,4,7,6,6,4450,29,17,6.79,8.6
2020-02-11,4,8,1,1,4643,53,36,6.85,19.2
2020-02-11,4,8,2,2,4812,55,63,6.78,19.2
2020-02-11,4,8,6,3,3541,44,60,6.85,19.2
2020-02-11,4,8,3,4,3478,31,2,6.85,19.2
2020-02-11,4,8,4,5,4028,18,16,6.82,19.2
2020-02-11,4,8,5,6,3611,21,23,6.82,19.2
2020-02-11,4,9,6,1,3908,16,24,6.8,196.6
2020-02-11,4,9,2,2,3568,34,15,6.76,196.6
2020-02-11,4,9,1,3,3743,59,13,6.79,196.6
2020-02-11,4,9,3,4,3232,51,8,6.74,196.6
2020-02-11,4,9,4,5,3543,28,47,6.8,196.6
2020-02-11,4,9,5,6,4571,26,20,6.62,196.6
2020-02-11,4,10,1,1,4387,11,14,6.8,7.8
2020-02-11,4,10,2,2,3907,39,54,6.83,7.8
2020-02-11,4,10,5,3,4052,6,66,6.76,7.8
2020-02-11,4,10,4,4,4359,47,32,6.93,7.8
2020-02-11,4,10,3,5,4331,62,55,6.88,7.8
2020-02-11,4,10,6,6,4452,52,18,6.76,7.8
2020-02-11,4,11,1,1,4459,5,26,6.83,9.6
2020-02-11,4,11,4,2,4685,33,37,6.82,9.6
2020-02-11,4,11,2,3,3333,10,29,6.86,9.6
2020-02-11,4,11,3,4,4776,30,45,6.95,9.6
2020-02-11,4,11,5,5,3975,38,39,6.82,9.6
2020-02-11,4,11,6,6,4596,37,50,6.86,9.6
2020-02-11,4,12,3,1,4772,15,9,6.78,90.4
2020-02-11,4,12,1,2,3788,1,21,6.72,90.4
2020-02-11,4,12,2,3,4583,17,33,6.73,90.4
2020-02-11,4,12,6,4,4348,3,30,6.88,90.4
2020-02-11,4,12,5,5,4028,18,16,6.88,90.4
2020-02-11,4,12,4,6,3837,14,59,6.84,90.4
2020-02-12,5,1,1,1,4739,56,61,6.79,63.1
2020-02-12,5,1,5,2,4821,60,5,6.82,63.1
2020-02-12,5,1,6,3,3543,28,47,6.81,63.1
2020-02-12,5,1,2,4,4247,54,48,6.79,63.1
2020-02-12,5,1,3,5,4331,62,55,6.84,63.1
2020-02-12,5,1,4,6,3304,20,40,6.89,63.1
2020-02-12,5,2,2,1,3955,61,3,6.9,78.9
2020-02-12,5,2,1,2,4704,8,10,6.87,78.9
2020-02-12,5,2,3,3,4450,29,17,6.76,78.9
2020-02-12,5,2,5,4,3975,38,39,6.83,78.9
2020-02-12,5,2,4,5,3578,13,65,6.87,78.9
2020-02-12,5,2,6,6,3841,58,51,6.81,78.9
2020-02-12,5,3,3,1,3232,51,8,6.81,58.5
2020-02-12,5,3,1,2,4348,3,30,6.75,58.5
2020-02-12,5,3,2,3,4452,52,18,6.81,58.5
2020-02-12,5,3,6,4,3333,10,29,6.83,58.5
2020-02-12,5,3,4,5,4359,47,32,6.92,58.5
2020-02-12,5,3,5,6,3478,31,2,6.88,58.5
2020-02-12,5,4,3,1,4028,18,16,6.91,38.3
2020-02-12,5,4,1,2,3743,59,13,6.84,38.3
2020-02-12,5,4,6,3,4776,30,45,6.86,38.3
2020-02-12,5,4,5,4,3401,50,4,6.82,38.3
2020-02-12,5,4,2,5,3674,65,57,6.81,38.3
2020-02-12,5,4,4,6,3064,41,27,6.8,38.3
2020-02-12,5,5,2,1,4821,60,5,6.81,131.1
2020-02-12,5,5,1,2,4437,63,38,6.81,131.1
2020-02-12,5,5,5,3,4596,37,50,6.9,131.1
2020-02-12,5,5,6,4,4571,26,20,6.69,131.1
2020-02-12,5,5,3,5,2942,48,35,6.83,131.1
2020-02-12,5,5,4,6,4331,62,55,6.82,131.1
2020-02-12,5,6,3,1,4704,8,10,6.8,31.1
2020-02-12,5,6,1,2,3541,44,60,6.86,31.1
2020-02-12,5,6,4,3,4852,57,22,6.9,31.1
2020-02-12,5,6,2,4,3578,13,65,6.88,31.1
2020-02-12,5,6,6,5,4772,15,9,6.9,31.1
2020-02-12,5,6,5,6,4247,54,48,6.84,31.1
2020-02-12,5,8,4,1,4739,56,61,6.85,73.7
2020-02-12,5,8,1,2,4028,18,16,6.78,73.7
2020-02-12,5,8,3,3,3743,59,13,6.89,73.7
2020-02-12,5,8,2,4,3975,38,39,6.79,73.7
2020-02-12,5,8,6,5,4359,47,32,6.97,73.7
2020-02-12,5,8,5,6,3955,61,3,6.82,73.7
2020-02-12,5,9,4,1,3849,66,7,6.89,87.1
2020-02-12,5,9,1,2,3908,16,24,6.83,87.1
2020-02-12,5,9,5,3,4030,9,34,6.9,87.1
2020-02-12,5,9,3,4,3907,39,54,6.85,87.1
2020-02-12,5,9,2,5,4387,11,14,6.71,87.1
2020-02-12,5,9,6,6,4154,46,49,6.82,87.1
2020-02-12,5,10,3,1,4459,5,26,6.93,224.0
2020-02-12,5,10,2,2,4643,53,36,6.83,224.0
2020-02-12,5,10,5,3,3837,14,59,6.97,224.0
2020-02-12,5,10,1,4,4052,6,66,6.84,224.0
2020-02-12,5,10,4,5,4260,19,28,6.86,224.0
2020-02-12,5,10,6,6,3568,34,15,6.8,224.0
2020-02-12,5,11,1,1,4757,7,12,6.83,11.6
2020-02-12,5,11,3,2,4812,55,63,6.84,11.6
2020-02-12,5,11,4,3,4685,33,37,6.85,11.6
2020-02-12,5,11,5,4,3611,21,23,6.88,11.6
2020-02-12,5,11,6,5,3788,1,21,6.77,11.6
2020-02-12,5,11,2,6,4063,12,46,6.86,11.6
2020-02-12,5,12,1,1,4450,29,17,6.87,11.5
2020-02-12,5,12,4,2,4437,63,38,6.83,11.5
2020-02-12,5,12,3,3,3333,10,29,6.94,11.5
2020-02-12,5,12,2,4,3401,50,4,6.86,11.5
2020-02-12,5,12,6,5,4852,57,22,6.95,11.5
2020-02-12,5,12,5,6,3674,65,57,6.86,11.5
2020-02-13,6,1,3,1,4331,62,55,6.86,322.4
2020-02-13,6,1,2,2,3064,41,27,6.83,322.4
2020-02-13,6,1,6,3,4704,8,10,6.85,322.4
2020-02-13,6,1,5,4,3304,20,40,6.84,322.4
2020-02-13,6,1,1,5,4776,30,45,6.87,322.4
2020-02-13,6,1,4,6,4583,17,33,6.78,322.4
2020-02-13,6,2,1,1,3543,28,47,6.83,17.2
2020-02-13,6,2,3,2,3401,50,4,6.87,17.2
2020-02-13,6,2,4,3,4772,15,9,6.81,17.2
2020-02-13,6,2,5,4,2942,48,35,6.8,17.2
2020-02-13,6,2,6,5,3743,59,13,6.89,17.2
2020-02-13,6,2,2,6,3478,31,2,6.89,17.2
2020-02-13,6,3,1,1,4359,47,32,6.85,63.7
2020-02-13,6,3,5,2,4260,19,28,6.88,63.7
2020-02-13,6,3,4,3,3788,1,21,6.84,63.7
2020-02-13,6,3,2,4,4052,6,66,6.9,63.7
2020-02-13,6,3,6,5,4739,56,61,6.93,63.7
2020-02-13,6,3,3,6,3578,13,65,6.9,63.7
2020-02-13,6,4,5,1,4387,11,14,6.79,232.5
2020-02-13,6,4,2,2,4348,3,30,6.74,232.5
2020-02-13,6,4,3,3,4063,12,46,6.77,232.5
2020-02-13,6,4,1,4,4852,57,22,6.84,232.5
2020-02-13,6,4,6,5,4571,26,20,6.69,232.5
2020-02-13,6,4,4,6,4821,60,5,6.85,232.5
2020-02-13,6,5,2,1,4154,46,49,6.69,27.5
2020-02-13,6,5,1,2,3333,10,29,6.83,27.5
2020-02-13,6,5,3,3,4596,37,50,6.85,27.5
2020-02-13,6,5,4,4,4030,9,34,6.87,27.5
2020-02-13,6,5,6,5,3541,44,60,6.89,27.5
2020-02-13,6,5,5,6,3064,41,27,6.85,27.5
2020-02-13,6,6,1,1,3568,34,15,6.82,9.0
2020-02-13,6,6,2,2,3907,39,54,6.81,9.0
2020-02-13,6,6,4,3,3955,61,3,6.93,9.0
2020-02-13,6,6,6,4,3232,51,8,6.89,9.0
2020-02-13,6,6,5,5,4685,33,37,6.93,9.0
2020-02-13,6,6,3,6,3478,31,2,6.93,9.0
2020-02-13,6,7,6,1,4450,29,17,6.82,174.4
2020-02-13,6,7,1,2,3611,21,23,6.82,174.4
2020-02-13,6,7,5,3,3837,14,59,6.92,174.4
2020-02-13,6,7,4,4,4247,54,48,6.87,174.4
2020-02-13,6,7,3,5,4452,52,18,6.86,174.4
2020-02-13,6,7,2,6,2942,48,35,6.93,174.4
2020-02-13,6,9,1,1,4772,15,9,6.85,10.9
2020-02-13,6,9,3,2,3541,44,60,6.91,10.9
2020-02-13,6,9,5,3,4583,17,33,6.85,10.9
2020-02-13,6,9,4,4,3674,65,57,6.92,10.9
2020-02-13,6,9,2,5,4596,37,50,6.94,10.9
2020-02-13,6,9,6,6,4028,18,16,6.91,10.9
2020-02-13,6,10,1,1,4387,11,14,6.83,17.8
2020-02-13,6,10,3,2,3788,1,21,6.8,17.8
2020-02-13,6,10,5,3,4154,46,49,6.77,17.8
2020-02-13,6,10,2,4,4260,19,28,6.9,17.8
2020-02-13,6,10,4,5,4063,12,46,6.85,17.8
2020-02-13,6,10,6,6,3568,34,15,6.77,17.8
2020-02-13,6,11,1,1,4685,33,37,6.91,57.7
2020-02-13,6,11,2,2,3837,14,59,6.92,57.7
2020-02-13,6,11,6,3,3611,21,23,6.9,57.7
2020-02-13,6,11,4,4,4052,6,66,6.89,57.7
2020-02-13,6,11,3,5,4030,9,34,6.88,57.7
2020-02-13,6,11,5,6,3907,39,54,6.86,57.7
2020-02-24,1,2,1,1,4220,54,21,6.87,8.3
2020-02-24,1,2,2,2,4927,34,58,6.85,8.3
2020-02-24,1,2,5,3,3852,56,51,6.89,8.3
2020-02-24,1,2,6,4,3477,43,52,6.82,8.3
2020-02-24,1,2,4,5,4995,15,2,6.95,8.3
2020-02-24,1,2,3,6,4332,30,12,6.94,8.3
2020-02-24,1,3,1,1,4327,22,6,6.8,24.4
2020-02-24,1,3,2,2,3645,60,4,6.93,24.4
2020-02-24,1,3,3,3,3832,4,16,6.92,24.4
2020-02-24,1,3,4,4,3687,45,28,6.85,24.4
2020-02-24,1,3,6,5,4314,66,23,6.89,24.4
2020-02-24,1,3,5,6,4384,33,30,6.96,24.4
2020-02-24,1,4,3,1,4302,29,66,6.84,36.5
2020-02-24,1,4,1,2,3485,32,8,6.77,36.5
2020-02-24,1,4,4,3,5026,23,34,6.79,36.5
2020-02-24,1,4,5,4,3876,36,53,6.93,36.5
2020-02-24,1,4,6,5,3999,5,60,6.81,36.5
2020-02-24,1,4,2,6,4946,26,36,6.81,36.5
2020-02-24,1,5,1,1,4177,7,59,6.78,8.0
2020-02-24,1,5,3,2,4939,19,14,6.83,8.0
2020-02-24,1,5,5,3,4640,38,40,6.84,8.0
2020-02-24,1,5,2,4,4775,28,46,6.88,8.0
2020-02-24,1,5,4,5,4475,37,25,6.9,8.0
2020-02-24,1,5,6,6,4968,53,7,6.83,8.0
2020-02-24,1,6,1,1,3920,14,13,6.74,3.5
2020-02-24,1,6,2,2,4450,25,41,6.78,3.5
2020-02-24,1,6,3,3,3514,35,31,6.85,3.5
2020-02-24,1,6,4,4,4081,24,19,6.85,3.5
2020-02-24,1,6,5,5,4791,47,32,6.88,3.5
2020-02-24,1,6,6,6,4078,55,1,6.88,3.5
2020-02-24,1,7,1,1,4000,31,62,6.74,114.6
2020-02-24,1,7,4,2,4824,20,11,6.84,114.6
2020-02-24,1,7,6,3,3832,4,16,6.85,114.6
2020-02-24,1,7,2,4,4586,27,17,6.77,114.6
2020-02-24,1,7,3,5,4190,58,50,6.83,114.6
2020-02-24,1,7,5,6,3878,17,48,6.84,114.6
2020-02-24,1,8,1,1,4494,13,64,6.79,29.1
2020-02-24,1,8,3,2,3485,32,8,6.85,29.1
2020-02-24,1,8,6,3,3852,56,51,6.78,29.1
2020-02-24,1,8,4,4,4314,66,23,6.81,29.1
2020-02-24,1,8,5,5,3753,50,24,6.88,29.1
2020-02-24,1,8,2,6,3273,2,43,6.85,29.1
2020-02-24,1,9,1,1,4522,49,9,6.84,38.9
2020-02-24,1,9,6,2,4302,29,66,6.83,38.9
2020-02-24,1,9,5,3,4475,37,25,6.76,38.9
2020-02-24,1,9,3,4,4261,64,27,6.75,38.9
2020-02-24,1,9,4,5,4581,40,10,6.84,38.9
2020-02-24,1,9,2,6,4661,63,44,6.78,38.9
2020-02-24,1,10,1,1,3876,36,53,6.87,16.2
2020-02-24,1,10,4,2,3920,14,13,6.8,16.2
2020-02-24,1,10,6,3,4093,52,56,6.97,16.2
2020-02-24,1,10,2,4,3687,45,28,6.83,16.2
2020-02-24,1,10,5,5,4177,7,59,6.85,16.2
2020-02-24,1,10,3,6,3477,43,52,6.76,16.2
2020-02-24,1,11,1,1,4450,25,41,6.78,14.2
2020-02-24,1,11,4,2,3999,5,60,6.84,14.2
2020-02-24,1,11,3,3,4961,46,3,6.75,14.2
2020-02-24,1,11,6,4,3645,60,4,6.83,14.2
2020-02-24,1,11,2,5,4190,58,50,6.81,14.2
2020-02-24,1,11,5,6,4927,34,58,6.8,14.2
2020-02-24,1,12,1,1,4586,27,17,6.83,27.9
2020-02-24,1,12,3,2,4384,33,30,6.85,27.9
2020-02-24,1,12,6,3,4939,19,14,6.76,27.9
2020-02-24,1,12,5,4,4522,49,9,6.81,27.9
2020-02-24,1,12,4,5,4494,13,64,6.84,27.9
2020-02-24,1,12,2,6,3514,35,31,6.86,27.9
2020-02-25,2,1,5,1,3485,32,8,6.91,233.6
2020-02-25,2,1,3,2,4824,20,11,7.02,233.6
2020-02-25,2,1,1,3,3645,60,4,6.91,233.6
2020-02-25,2,1,6,4,4581,40,10,6.95,233.6
2020-02-25,2,1,4,5,4302,29,66,6.85,233.6
2020-02-25,2,1,2,6,4314,66,23,6.9,233.6
2020-02-25,2,2,1,1,3753,50,24,6.85,59.9
2020-02-25,2,2,6,2,4661,63,44,6.81,59.9
2020-02-25,2,2,4,3,4791,47,32,6.89,59.9
2020-02-25,2,2,2,4,3878,17,48,6.89,59.9
2020-02-25,2,2,3,5,4327,22,6,6.8,59.9
2020-02-25,2,2,5,6,4968,53,7,6.87,59.9
2020-02-25,2,3,3,1,5026,23,34,6.85,93.8
2020-02-25,2,3,4,2,4177,7,59,6.89,93.8
2020-02-25,2,3,2,3,4640,38,40,6.84,93.8
2020-02-25,2,3,5,4,4494,13,64,6.91,93.8
2020-02-25,2,3,6,5,3920,14,13,6.94,93.8
2020-02-25,2,3,1,6,4081,24,19,6.91,93.8
2020-02-25,2,4,5,1,4000,31,62,6.79,142.3
2020-02-25,2,4,2,2,3876,36,53,6.91,142.3
2020-02-25,2,4,1,3,3477,43,52,6.86,142.3
2020-02-25,2,4,6,4,4450,25,41,6.84,142.3
2020-02-25,2,4,3,5,4078,55,1,6.91,142.3
2020-02-25,2,4,4,6,4775,28,46,6.86,142.3
2020-02-25,2,5,3,1,4586,27,17,6.84,121.4
2020-02-25,2,5,6,2,3852,56,51,6.79,121.4
2020-02-25,2,5,5,3,4220,54,21,6.9,121.4
2020-02-25,2,5,4,4,3514,35,31,6.87,121.4
2020-02-25,2,5,1,5,3273,2,43,6.82,121.4
2020-02-25,2,5,2,6,4961,46,3,6.77,121.4
2020-02-25,2,6,6,1,4522,49,9,6.82,209.5
2020-02-25,2,6,1,2,4475,37,25,6.83,209.5
2020-02-25,2,6,4,3,4946,26,36,6.92,209.5
2020-02-25,2,6,2,4,4384,33,30,6.88,209.5
2020-02-25,2,6,5,5,4824,20,11,6.84,209.5
2020-02-25,2,6,3,6,4995,15,2,6.91,209.5
2020-02-25,2,7,1,1,4093,52,56,6.88,13.7
2020-02-25,2,7,2,2,3832,4,16,6.87,13.7
2020-02-25,2,7,4,3,4190,58,50,6.88,13.7
2020-02-25,2,7,5,4,4661,63,44,6.8,13.7
2020-02-25,2,7,3,5,3999,5,60,6.87,13.7
2020-02-25,2,7,6,6,4332,30,12,6.89,13.7
2020-02-25,2,8,1,1,4939,19,14,6.87,4.1
2020-02-25,2,8,2,2,4261,64,27,6.81,4.1
2020-02-25,2,8,4,3,4450,25,41,6.9,4.1
2020-02-25,2,8,3,4,4927,34,58,6.9,4.1
2020-02-25,2,8,5,5,5026,23,34,6.86,4.1
2020-02-25,2,8,6,6,4968,53,7,6.87,4.1
2020-02-25,2,9,1,1,3687,45,28,6.78,13.2
2020-02-25,2,9,3,2,4494,13,64,6.88,13.2
2020-02-25,2,9,5,3,3514,35,31,6.91,13.2
2020-02-25,2,9,6,4,3878,17,48,6.9,13.2
2020-02-25,2,9,4,5,4078,55,1,6.94,13.2
2020-02-25,2,9,2,6,4302,29,66,6.82,13.2
2020-02-25,2,10,1,1,4384,33,30,6.94,29.8
2020-02-25,2,10,2,2,3920,14,13,6.82,29.8
2020-02-25,2,10,5,3,4581,40,10,6.95,29.8
2020-02-25,2,10,6,4,4586,27,17,6.88,29.8
2020-02-25,2,10,3,5,4791,47,32,6.98,29.8
2020-02-25,2,10,4,6,3876,36,53,6.9,29.8
2020-02-25,2,11,5,1,4939,19,14,6.91,26.8
2020-02-25,2,11,1,2,3999,5,60,6.78,26.8
2020-02-25,2,11,2,3,4475,37,25,6.76,26.8
2020-02-25,2,11,3,4,4314,66,23,6.87,26.8
2020-02-25,2,11,4,5,3273,2,43,6.85,26.8
2020-02-25,2,11,6,6,4327,22,6,6.89,26.8
2020-02-26,3,1,6,1,3687,45,28,6.75,125.3
2020-02-26,3,1,4,2,4640,38,40,6.84,125.3
2020-02-26,3,1,3,3,3753,50,24,6.88,125.3
2020-02-26,3,1,2,4,4581,40,10,6.83,125.3
2020-02-26,3,1,5,5,4946,26,36,6.78,125.3
2020-02-26,3,1,1,6,4078,55,1,6.83,125.3
2020-02-26,3,2,1,1,3832,4,16,6.8,29.6
2020-02-26,3,2,4,2,4327,22,6,6.85,29.6
2020-02-26,3,2,6,3,3485,32,8,6.9,29.6
2020-02-26,3,2,5,4,3645,60,4,6.74,29.6
2020-02-26,3,2,2,5,4791,47,32,6.81,29.6
2020-02-26,3,2,3,6,4081,24,19,6.88,29.6
2020-02-26,3,3,3,1,4494,13,64,6.85,36.8
2020-02-26,3,3,5,2,3273,2,43,6.87,36.8
2020-02-26,3,3,6,3,4475,37,25,6.74,36.8
2020-02-26,3,3,1,4,4332,30,12,6.84,36.8
2020-02-26,3,3,4,5,4220,54,21,6.89,36.8
2020-02-26,3,3,2,6,4995,15,2,6.84,36.8
2020-02-26,3,4,3,1,4522,49,9,6.71,77.5
2020-02-26,3,4,2,2,4824,20,11,6.79,77.5
2020-02-26,3,4,1,3,4661,63,44,6.72,77.5
2020-02-26,3,4,5,4,4775,28,46,6.88,77.5
2020-02-26,3,4,4,5,4939,19,14,6.8,77.5
2020-02-26,3,4,6,6,3876,36,53,6.82,77.5
2020-02-26,3,5,2,1,3999,5,60,6.78,14.7
2020-02-26,3,5,1,2,4314,66,23,6.8,14.7
2020-02-26,3,5,4,3,4000,31,62,6.83,14.7
2020-02-26,3,5,5,4,4961,46,3,6.78,14.7
2020-02-26,3,5,3,5,4946,26,36,6.82,14.7
2020-02-26,3,5,6,6,4968,53,7,6.86,14.7
2020-02-26,3,6,2,1,4093,52,56,6.86,242.5
2020-02-26,3,6,4,2,3477,43,52,6.82,242.5
2020-02-26,3,6,5,3,4190,58,50,6.77,242.5
2020-02-26,3,6,3,4,3514,35,31,6.75,242.5
2020-02-26,3,6,6,5,3753,50,24,6.87,242.5
2020-02-26,3,6,1,6,3878,17,48,6.87,242.5
2020-02-26,3,7,1,1,4261,64,27,6.72,12.9
2020-02-26,3,7,3,2,4450,25,41,6.83,12.9
2020-02-26,3,7,6,3,4640,38,40,6.7,12.9
2020-02-26,3,7,2,4,3485,32,8,6.86,12.9
2020-02-26,3,7,5,5,3920,14,13,6.81,12.9
2020-02-26,3,7,4,6,4332,30,12,6.98,12.9
2020-02-26,3,8,2,1,4177,7,59,6.86,18.8
2020-02-26,3,8,1,2,4302,29,66,6.77,18.8
2020-02-26,3,8,4,3,4586,27,17,6.79,18.8
2020-02-26,3,8,3,4,4775,28,46,6.81,18.8
2020-02-26,3,8,6,5,4081,24,19,6.82,18.8
2020-02-26,3,8,5,6,4995,15,2,6.82,18.8
2020-02-26,3,9,2,1,5026,23,34,6.74,301.9
2020-02-26,3,9,3,2,3999,5,60,6.81,301.9
2020-02-26,3,9,5,3,3832,4,16,6.91,301.9
2020-02-26,3,9,6,4,3852,56,51,6.75,301.9
2020-02-26,3,9,4,5,4522,49,9,6.72,301.9
2020-02-26,3,9,1,6,4581,40,10,6.82,301.9
2020-02-26,3,10,2,1,4939,19,14,6.88,13.5
2020-02-26,3,10,1,2,3514,35,31,6.78,13.5
2020-02-26,3,10,5,3,3687,45,28,6.81,13.5
2020-02-26,3,10,4,4,4927,34,58,6.84,13.5
2020-02-26,3,10,6,5,3273,2,43,6.86,13.5
2020-02-26,3,10,3,6,3645,60,4,6.81,13.5
2020-02-26,3,11,1,1,4450,25,41,6.82,10.1
2020-02-26,3,11,3,2,4475,37,25,6.64,10.1
2020-02-26,3,11,4,3,4093,52,56,6.87,10.1
2020-02-26,3,11,2,4,4000,31,62,6.75,10.1
2020-02-26,3,11,6,5,4824,20,11,6.84,10.1
2020-02-26,3,11,5,6,4302,29,66,6.82,10.1
2020-02-26,3,12,4,1,4261,64,27,6.69,307.7
2020-02-26,3,12,6,2,4190,58,50,6.78,307.7
2020-02-26,3,12,3,3,3876,36,53,6.75,307.7
2020-02-26,3,12,1,4,4586,27,17,6.76,307.7
2020-02-26,3,12,5,5,4314,66,23,6.81,307.7
2020-02-26,3,12,2,6,4494,13,64,6.8,307.7
2020-02-27,4,1,1,1,5026,23,34,6.73,7.8
2020-02-27,4,1,2,2,3273,2,43,6.78,7.8
2020-02-27,4,1,4,3,3753,50,24,6.81,7.8
2020-02-27,4,1,5,4,4327,22,6,6.78,7.8
2020-02-27,4,1,3,5,4332,30,12,6.73,7.8
2020-02-27,4,1,6,6,4968,53,7,6.79,7.8
2020-02-27,4,2,1,1,4946,26,36,6.7,23.7
2020-02-27,4,2,4,2,3878,17,48,6.74,23.7
2020-02-27,4,2,2,3,3477,43,52,6.81,23.7
2020-02-27,4,2,6,4,4791,47,32,6.78,23.7
2020-02-27,4,2,3,5,4661,63,44,6.73,23.7
2020-02-27,4,2,5,6,4078,55,1,6.78,23.7
2020-02-27,4,3,1,1,4927,34,58,6.74,137.3
2020-02-27,4,3,2,2,4081,24,19,6.72,137.3
2020-02-27,4,3,6,3,4261,64,27,6.7,137.3
2020-02-27,4,3,5,4,4494,13,64,6.64,137.3
2020-02-27,4,3,4,5,3832,4,16,6.72,137.3
2020-02-27,4,3,3,6,4302,29,66,6.76,137.3
2020-02-27,4,4,1,1,4824,20,11,6.76,37.0
2020-02-27,4,4,3,2,4220,54,21,6.8,37.0
2020-02-27,4,4,5,3,3999,5,60,6.78,37.0
2020-02-27,4,4,2,4,4640,38,40,6.66,37.0
2020-02-27,4,4,6,5,4177,7,59,6.73,37.0
2020-02-27,4,4,4,6,4093,52,56,6.78,37.0
2020-02-27,4,5,2,1,4586,27,17,6.76,25.4
2020-02-27,4,5,3,2,4522,49,9,6.77,25.4
2020-02-27,4,5,1,3,3920,14,13,6.84,25.4
2020-02-27,4,5,5,4,3852,56,51,6.67,25.4
2020-02-27,4,5,4,5,3273,2,43,6.89,25.4
2020-02-27,4,5,6,6,4995,15,2,6.75,25.4
2020-02-27,4,6,2,1,4581,40,10,6.79,72.9
2020-02-27,4,6,1,2,4775,28,46,6.79,72.9
2020-02-27,4,6,3,3,3687,45,28,6.75,72.9
2020-02-27,4,6,5,4,4450,25,41,6.8,72.9
2020-02-27,4,6,6,5,4939,19,14,6.81,72.9
2020-02-27,4,6,4,6,3485,32,8,6.83,72.9
2020-02-27,4,7,4,1,4314,66,23,6.79,102.6
2020-02-27,4,7,6,2,4190,58,50,6.78,102.6
2020-02-27,4,7,1,3,4475,37,25,6.75,102.6
2020-02-27,4,7,2,4,4000,31,62,6.81,102.6
2020-02-27,4,7,5,5,3477,43,52,6.68,102.6
2020-02-27,4,7,3,6,4081,24,19,6.82,102.6
2020-02-27,4,8,1,1,3876,36,53,6.8,46.3
2020-02-27,4,8,3,2,3645,60,4,6.81,46.3
2020-02-27,4,8,5,3,4661,63,44,6.84,46.3
2020-02-27,4,8,2,4,4093,52,56,6.8,46.3
2020-02-27,4,8,4,5,3514,35,31,6.85,46.3
2020-02-27,4,8,6,6,4961,46,3,6.74,46.3
2020-02-27,4,9,1,1,4177,7,59,6.72,17.7
2020-02-27,4,9,6,2,3920,14,13,6.87,17.7
2020-02-27,4,9,2,3,4494,13,64,6.69,17.7
2020-02-27,4,9,3,4,3832,4,16,6.82,17.7
2020-02-27,4,9,5,5,4824,20,11,6.77,17.7
2020-02-27,4,9,4,6,5026,23,34,6.66,17.7
2020-02-27,4,10,1,1,4939,19,20,6.79,31.9
2020-02-27,4,10,5,2,4640,38,40,6.69,31.9
2020-02-27,4,10,2,3,4522,49,9,6.69,31.9
2020-02-27,4,10,6,4,4475,37,25,6.62,31.9
2020-02-27,4,10,4,5,3999,5,60,6.77,31.9
2020-02-27,4,10,3,6,3485,32,49,6.81,31.9
2020-02-27,4,11,1,1,4261,64,27,6.69,23.1
2020-02-27,4,11,2,2,4450,25,41,6.78,23.1
2020-02-27,4,11,6,3,3852,56,51,6.75,23.1
2020-02-27,4,11,4,4,3687,45,28,6.77,23.1
2020-02-27,4,11,3,5,4586,27,17,6.71,23.1
2020-02-27,4,11,5,6,4000,31,62,6.77,23.1
2020-02-27,4,12,1,1,3514,35,31,6.79,9.9
2020-02-27,4,12,3,2,4190,58,50,6.81,9.9
2020-02-27,4,12,4,3,3876,36,53,6.93,9.9
2020-02-27,4,12,2,4,4220,54,21,6.78,9.9
2020-02-27,4,12,5,5,4581,40,10,6.78,9.9
2020-02-27,4,12,6,6,4302,29,66,6.84,9.9
2020-02-28,5,1,1,1,4961,46,3,6.76,15.7
2020-02-28,5,1,3,2,4661,63,44,6.77,15.7
2020-02-28,5,1,5,3,4314,66,23,6.8,15.7
2020-02-28,5,1,4,4,3753,50,24,6.76,15.7
2020-02-28,5,1,2,5,3878,17,48,6.78,15.7
2020-02-28,5,1,6,6,4968,53,7,6.73,15.7
2020-02-28,5,2,2,1,4078,55,1,6.84,28.5
2020-02-28,5,2,4,2,3477,43,52,6.76,28.5
2020-02-28,5,2,5,3,4081,24,19,6.89,28.5
2020-02-28,5,2,3,4,4775,28,46,6.85,28.5
2020-02-28,5,2,1,5,4995,15,2,6.75,28.5
2020-02-28,5,2,6,6,4332,30,12,6.91,28.5
2020-02-28,5,3,4,1,4475,37,25,6.73,79.6
2020-02-28,5,3,3,2,3273,2,43,6.82,79.6
2020-02-28,5,3,1,3,4791,47,32,6.85,79.6
2020-02-28,5,3,6,4,3514,35,31,6.83,79.6
2020-02-28,5,3,2,5,4327,22,6,6.76,79.6
2020-02-28,5,3,5,6,3832,4,16,6.84,79.6
2020-02-28,5,4,1,1,4302,29,66,6.72,9.3
2020-02-28,5,4,5,2,4522,49,9,6.75,9.3
2020-02-28,5,4,2,3,3645,60,4,6.76,9.3
2020-02-28,5,4,3,4,4581,40,10,6.81,9.3
2020-02-28,5,4,6,5,4927,34,58,6.85,9.3
2020-02-28,5,4,4,6,4946,26,36,6.8,9.3
2020-02-28,5,5,1,1,3687,45,28,6.8,176.2
2020-02-28,5,5,5,2,3878,17,48,6.81,176.2
2020-02-28,5,5,2,3,5026,23,34,6.7,176.2
2020-02-28,5,5,4,4,4190,58,50,6.76,176.2
2020-02-28,5,5,3,5,4093,52,56,6.81,176.2
2020-02-28,5,5,6,6,4220,54,21,6.82,176.2
2020-02-28,5,6,5,1,4494,13,64,6.73,105.1
2020-02-28,5,6,1,2,4000,31,62,6.78,105.1
2020-02-28,5,6,4,3,4995,15,2,6.83,105.1
2020-02-28,5,6,3,4,3753,50,24,6.85,105.1
2020-02-28,5,6,6,5,3876,36,53,6.76,105.1
2020-02-28,5,6,2,6,3485,32,49,6.87,105.1
2020-02-28,5,8,1,1,4586,27,17,6.78,3.4
2020-02-28,5,8,2,2,4314,66,23,6.89,3.4
2020-02-28,5,8,4,3,4581,40,10,6.87,3.4
2020-02-28,5,8,3,4,4327,22,6,6.87,3.4
2020-02-28,5,8,6,5,4946,26,36,6.84,3.4
2020-02-28,5,8,5,6,4968,53,7,6.83,3.4
2020-02-28,5,9,3,1,4961,46,3,6.76,21.3
2020-02-28,5,9,1,2,4190,58,50,6.89,21.3
2020-02-28,5,9,5,3,3645,60,4,6.94,21.3
2020-02-28,5,9,4,4,4791,47,32,6.97,21.3
2020-02-28,5,9,6,5,4775,28,46,6.91,21.3
2020-02-28,5,9,2,6,4927,34,58,6.86,21.3
2020-02-28,5,10,1,1,4522,49,9,6.77,9.9
2020-02-28,5,10,2,2,3832,4,16,6.9,9.9
2020-02-28,5,10,4,3,4824,20,11,6.97,9.9
2020-02-28,5,10,3,4,3687,45,28,6.83,9.9
2020-02-28,5,10,6,5,4000,31,62,6.87,9.9
2020-02-28,5,10,5,6,3485,32,49,6.95,9.9
2020-02-28,5,11,1,1,4494,13,64,6.83,14.9
2020-02-28,5,11,4,2,4586,27,17,6.84,14.9
2020-02-28,5,11,2,3,3852,56,35,6.78,14.9
2020-02-28,5,11,5,4,3999,5,60,6.82,14.9
2020-02-28,5,11,3,5,4475,37,25,6.8,14.9
2020-02-28,5,11,6,6,5026,23,34,6.81,14.9
2020-02-28,5,12,1,1,4261,64,27,6.75,31.6
2020-02-28,5,12,6,2,3920,14,13,6.86,31.6
2020-02-28,5,12,4,3,4450,25,41,6.82,31.6
2020-02-28,5,12,5,4,4640,38,40,6.83,31.6
2020-02-28,5,12,3,5,4177,7,59,6.82,31.6
2020-02-28,5,12,2,6,4939,19,20,6.85,31.6
2020-03-02,1,1,6,1,4090,36,38,6.86,215.3
2020-03-02,1,1,5,2,4578,50,25,6.77,215.3
2020-03-02,1,1,1,3,4395,9,53,6.82,215.3
2020-03-02,1,1,2,4,3982,4,33,6.87,215.3
2020-03-02,1,1,4,5,4355,23,23,6.82,215.3
2020-03-02,1,1,3,6,4260,65,59,6.79,215.3
2020-03-02,1,2,2,1,4987,6,60,6.85,63.9
2020-03-02,1,2,3,2,4853,35,45,6.79,63.9
2020-03-02,1,2,1,3,4170,48,44,6.83,63.9
2020-03-02,1,2,6,4,4733,2,4,6.83,63.9
2020-03-02,1,2,4,5,4722,21,47,6.85,63.9
2020-03-02,1,2,5,6,5072,3,64,6.9,63.9
2020-03-02,1,3,1,1,3187,44,6,6.74,58.1
2020-03-02,1,3,5,2,3499,12,30,6.76,58.1
2020-03-02,1,3,6,3,4367,24,55,6.75,58.1
2020-03-02,1,3,2,4,3581,47,48,6.67,58.1
2020-03-02,1,3,3,5,3699,66,10,6.82,58.1
2020-03-02,1,3,4,6,5084,41,37,6.76,58.1
2020-03-02,1,4,1,1,3483,62,52,6.69,49.3
2020-03-02,1,4,4,2,4373,59,63,6.73,49.3
2020-03-02,1,4,5,3,4478,32,39,6.83,49.3
2020-03-02,1,4,3,4,3509,10,36,6.79,49.3
2020-03-02,1,4,2,5,4689,57,54,6.81,49.3
2020-03-02,1,4,6,6,4372,64,29,6.75,49.3
2020-03-02,1,5,4,1,4624,49,1,6.82,86.4
2020-03-02,1,5,5,2,4395,9,53,6.86,86.4
2020-03-02,1,5,2,3,3726,55,19,6.76,86.4
2020-03-02,1,5,6,4,4422,19,49,6.77,86.4
2020-03-02,1,5,1,5,4583,25,5,6.75,86.4
2020-03-02,1,5,3,6,4226,51,2,6.81,86.4
2020-03-02,1,6,1,1,4845,26,12,6.72,9.1
2020-03-02,1,6,2,2,4286,16,58,6.7,9.1
2020-03-02,1,6,3,3,3486,22,11,6.77,9.1
2020-03-02,1,6,5,4,3580,11,9,6.74,9.1
2020-03-02,1,6,4,5,4987,6,60,6.82,9.1
2020-03-02,1,6,6,6,4642,27,22,6.76,9.1
2020-03-02,1,7,5,1,4030,33,40,6.86,154.9
2020-03-02,1,7,2,2,4172,30,35,6.76,154.9
2020-03-02,1,7,3,3,4374,8,41,6.82,154.9
2020-03-02,1,7,4,4,4578,50,25,6.69,154.9
2020-03-02,1,7,1,5,4729,15,62,6.73,154.9
2020-03-02,1,7,6,6,5084,41,37,6.74,154.9
2020-03-02,1,8,2,1,3289,53,18,6.75,65.6
2020-03-02,1,8,4,2,4433,18,26,6.74,65.6
2020-03-02,1,8,3,3,3254,63,20,6.77,65.6
2020-03-02,1,8,1,4,3334,43,56,6.75,65.6
2020-03-02,1,8,5,5,3483,62,52,6.8,65.6
2020-03-02,1,8,6,6,5072,3,64,6.84,65.6
2020-03-02,1,9,3,1,4583,25,5,6.74,40.8
2020-03-02,1,9,6,2,4364,61,34,6.74,40.8
2020-03-02,1,9,1,3,3699,66,10,6.73,40.8
2020-03-02,1,9,5,4,3982,4,33,6.78,40.8
2020-03-02,1,9,2,5,4727,1,7,6.71,40.8
2020-03-02,1,9,4,6,4951,40,24,6.74,40.8
2020-03-02,1,10,1,1,4289,56,57,6.61,5.8
2020-03-02,1,10,3,2,3994,45,17,6.65,5.8
2020-03-02,1,10,5,3,4819,39,32,6.69,5.8
2020-03-02,1,10,4,4,4642,27,22,6.76,5.8
2020-03-02,1,10,6,5,4689,57,54,6.72,5.8
2020-03-02,1,10,2,6,4733,2,4,6.74,5.8
2020-03-02,1,12,3,1,3334,43,56,6.79,234.4
2020-03-02,1,12,5,2,4286,16,58,6.75,234.4
2020-03-02,1,12,1,3,4433,18,26,6.81,234.4
2020-03-02,1,12,6,4,4373,59,63,6.75,234.4
2020-03-02,1,12,4,5,4372,64,29,6.86,234.4
2020-03-02,1,12,2,6,3580,11,9,6.81,234.4
2020-03-03,2,1,2,1,4478,32,39,6.75,35.4
2020-03-03,2,1,1,2,4853,35,45,6.84,35.4
2020-03-03,2,1,5,3,3289,53,18,6.76,35.4
2020-03-03,2,1,3,4,4170,48,44,6.85,35.4
2020-03-03,2,1,6,5,4819,39,32,6.76,35.4
2020-03-03,2,1,4,6,4845,26,12,6.73,35.4
2020-03-03,2,2,3,1,4727,1,7,6.71,47.7
2020-03-03,2,2,4,2,4395,9,53,6.88,47.7
2020-03-03,2,2,6,3,4172,30,35,6.76,47.7
2020-03-03,2,2,1,4,4226,51,2,6.74,47.7
2020-03-03,2,2,2,5,4951,40,24,6.75,47.7
2020-03-03,2,2,5,6,5084,41,37,6.82,47.7
2020-03-03,2,3,4,1,3486,22,11,6.83,63.4
2020-03-03,2,3,1,2,4987,6,60,6.8,63.4
2020-03-03,2,3,5,3,4372,64,29,6.77,63.4
2020-03-03,2,3,2,4,3254,63,20,6.83,63.4
2020-03-03,2,3,3,5,3483,62,52,6.73,63.4
2020-03-03,2,3,6,6,3994,45,17,6.77,63.4
2020-03-03,2,4,3,1,3187,44,6,6.81,462.1
2020-03-03,2,4,6,2,3581,47,48,6.75,462.1
2020-03-03,2,4,1,3,4422,19,49,6.74,462.1
2020-03-03,2,4,4,4,4364,61,34,6.75,462.1
2020-03-03,2,4,2,5,4729,15,65,6.77,462.1
2020-03-03,2,4,5,6,4260,65,59,6.76,462.1
2020-03-03,2,5,3,1,4289,56,57,6.76,11.6
2020-03-03,2,5,4,2,3334,43,56,6.78,11.6
2020-03-03,2,5,1,3,3580,11,9,6.83,11.6
2020-03-03,2,5,2,4,3509,10,36,6.79,11.6
2020-03-03,2,5,5,5,4733,2,4,6.85,11.6
2020-03-03,2,5,6,6,5072,3,64,6.87,11.6
2020-03-03,2,6,4,1,4374,8,41,6.82,83.8
2020-03-03,2,6,2,2,4624,49,1,6.76,83.8
2020-03-03,2,6,5,3,3699,66,10,6.92,83.8
2020-03-03,2,6,1,4,4951,40,24,6.81,83.8
2020-03-03,2,6,6,5,3726,55,19,6.86,83.8
2020-03-03,2,6,3,6,4355,23,23,6.86,83.8
2020-03-03,2,7,3,1,3289,53,18,6.9,45.7
2020-03-03,2,7,1,2,4642,27,22,6.91,45.7
2020-03-03,2,7,2,3,4433,18,26,6.81,45.7
2020-03-03,2,7,6,4,4286,16,58,6.86,45.7
2020-03-03,2,7,4,5,4689,57,54,6.87,45.7
2020-03-03,2,7,5,6,4722,21,47,6.88,45.7
2020-03-03,2,8,1,1,4367,24,55,6.81,4.3
2020-03-03,2,8,2,2,3499,12,30,6.9,4.3
2020-03-03,2,8,4,3,4090,36,38,6.88,4.3
2020-03-03,2,8,3,4,3982,4,33,6.9,4.3
2020-03-03,2,8,6,5,4729,15,65,6.83,4.3
2020-03-03,2,8,5,6,4226,51,2,6.85,4.3
2020-03-03,2,10,1,1,4578,50,25,6.82,6.1
2020-03-03,2,10,3,2,3726,55,19,6.88,6.1
2020-03-03,2,10,5,3,4583,25,5,6.89,6.1
2020-03-03,2,10,2,4,3187,44,6,6.94,6.1
2020-03-03,2,10,4,5,4727,1,7,6.91,6.1
2020-03-03,2,10,6,6,4374,8,41,6.94,6.1
2020-03-03,2,11,1,1,3486,22,11,6.82,26.1
2020-03-03,2,11,3,2,4819,39,32,6.83,26.1
2020-03-03,2,11,2,3,4289,56,57,6.74,26.1
2020-03-03,2,11,5,4,4433,18,26,6.8,26.1
2020-03-03,2,11,6,5,3509,10,36,6.82,26.1
2020-03-03,2,11,4,6,4853,35,45,6.95,26.1
2020-03-03,2,12,1,1,3499,12,30,6.8,79.6
2020-03-03,2,12,6,2,4260,65,59,6.86,79.6
2020-03-03,2,12,3,3,4364,61,34,6.86,79.6
2020-03-03,2,12,2,4,4090,36,38,6.9,79.6
2020-03-03,2,12,4,5,4172,30,35,6.84,79.6
2020-03-03,2,12,5,6,4624,49,1,6.83,79.6
2020-03-04,3,1,2,1,3699,66,10,6.83,191.1
2020-03-04,3,1,1,2,3982,4,33,6.81,191.1
2020-03-04,3,1,6,3,4422,19,49,6.83,191.1
2020-03-04,3,1,3,4,4364,61,34,6.79,191.1
2020-03-04,3,1,5,5,4367,24,55,6.85,191.1
2020-03-04,3,1,4,6,5084,41,37,6.85,191.1
2020-03-04,3,2,2,1,4642,27,22,6.77,37.8
2020-03-04,3,2,5,2,4373,59,63,6.76,37.8
2020-03-04,3,2,1,3,3254,63,20,6.85,37.8
2020-03-04,3,2,3,4,3580,11,9,6.82,37.8
2020-03-04,3,2,4,5,4733,2,4,6.83,37.8
2020-03-04,3,2,6,6,3289,53,18,6.89,37.8
2020-03-04,3,3,2,1,4260,65,59,6.75,311.1
2020-03-04,3,3,4,2,3581,47,48,6.7,311.1
2020-03-04,3,3,5,3,4355,23,23,6.86,311.1
2020-03-04,3,3,3,4,4578,50,25,6.72,311.1
2020-03-04,3,3,6,5,3499,12,30,6.87,311.1
2020-03-04,3,3,1,6,4727,1,7,6.71,311.1
2020-03-04,3,4,1,1,4478,32,39,6.82,70.5
2020-03-04,3,4,2,2,4722,21,47,6.83,70.5
2020-03-04,3,4,6,3,4289,56,57,6.78,70.5
2020-03-04,3,4,3,4,4286,16,58,6.83,70.5
2020-03-04,3,4,5,5,3334,43,56,6.76,70.5
2020-03-04,3,4,4,6,3483,62,52,6.8,70.5
2020-03-04,3,6,2,1,4372,64,29,6.81,38.2
2020-03-04,3,6,3,2,4433,18,26,6.81,38.2
2020-03-04,3,6,5,3,4170,48,44,6.95,38.2
2020-03-04,3,6,6,4,4987,6,60,6.87,38.2
2020-03-04,3,6,4,5,4819,39,32,6.85,38.2
2020-03-04,3,6,1,6,4689,57,54,6.96,38.2
2020-03-04,3,7,1,1,3581,47,48,6.77,42.3
2020-03-04,3,7,2,2,4583,25,5,6.82,42.3
2020-03-04,3,7,4,3,4729,15,65,6.85,42.3
2020-03-04,3,7,3,4,4172,30,35,6.84,42.3
2020-03-04,3,7,5,5,4374,8,41,6.87,42.3
2020-03-04,3,7,6,6,4624,49,1,6.82,42.3
2020-03-04,3,8,3,1,4642,27,22,6.87,32.4
2020-03-04,3,8,1,2,3994,45,17,6.79,32.4
2020-03-04,3,8,4,3,3580,11,9,6.91,32.4
2020-03-04,3,8,2,4,3486,22,11,6.82,32.4
2020-03-04,3,8,6,5,4722,21,47,6.91,32.4
2020-03-04,3,8,5,6,3509,10,36,6.91,32.4
2020-03-04,3,11,1,1,4090,36,38,6.82,17.6
2020-03-04,3,11,5,2,4172,30,35,6.91,17.6
2020-03-04,3,11,4,3,4583,25,5,6.9,17.6
2020-03-04,3,11,6,4,5084,41,37,6.84,17.6
2020-03-04,3,11,3,5,4367,24,55,6.87,17.6
2020-03-04,3,11,2,6,4355,23,23,6.84,17.6
2020-03-04,3,12,4,1,3289,53,18,6.85,73.6
2020-03-04,3,12,1,2,4286,16,58,6.81,73.6
2020-03-04,3,12,6,3,3483,62,52,6.81,73.6
2020-03-04,3,12,5,4,3994,45,17,6.78,73.6
2020-03-04,3,12,2,5,4170,48,44,6.85,73.6
2020-03-04,3,12,3,6,4733,2,4,6.82,73.6
2020-03-05,4,3,4,1,3254,63,20,6.77,540.6
2020-03-05,4,3,3,2,4372,64,29,6.71,540.6
2020-03-05,4,3,6,3,4478,32,39,6.71,540.6
2020-03-05,4,3,2,4,3994,45,17,6.69,540.6
2020-03-05,4,3,5,5,4289,56,57,6.69,540.6
2020-03-05,4,3,1,6,3509,10,36,6.71,540.6
2020-03-05,4,5,1,1,4819,39,32,6.69,48.1
2020-03-05,4,5,5,2,4642,27,22,6.76,48.1
2020-03-05,4,5,3,3,4373,59,63,6.67,48.1
2020-03-05,4,5,2,4,4853,35,45,6.75,48.1
2020-03-05,4,5,6,5,4170,48,44,6.82,48.1
2020-03-05,4,5,4,6,4286,16,58,6.73,48.1
2020-03-05,4,6,1,1,4260,65,59,6.64,9.1
2020-03-05,4,6,2,2,4374,8,41,6.7,9.1
2020-03-05,4,6,4,3,4367,24,55,6.7,9.1
2020-03-05,4,6,3,4,4226,51,2,6.71,9.1
2020-03-05,4,6,5,5,4729,15,65,6.72,9.1
2020-03-05,4,6,6,6,3499,12,15,6.75,9.1
2020-03-05,4,7,3,1,4433,18,26,6.77,16.7
2020-03-05,4,7,2,2,4372,64,29,6.7,16.7
2020-03-05,4,7,4,3,4478,32,39,6.67,16.7
2020-03-05,4,7,6,4,3580,11,9,6.76,16.7
2020-03-05,4,7,1,5,4722,21,47,6.65,16.7
2020-03-05,4,7,5,6,5072,3,64,6.67,16.7
2020-03-05,4,8,1,1,4172,30,35,6.68,4.6
2020-03-05,4,8,2,2,4578,50,25,6.67,4.6
2020-03-05,4,8,3,3,4395,9,53,6.75,4.6
2020-03-05,4,8,4,4,3699,66,10,6.75,4.6
2020-03-05,4,8,6,5,4422,19,49,6.78,4.6
2020-03-05,4,8,5,6,4727,1,7,6.67,4.6
2020-03-05,4,10,1,1,4090,36,38,6.68,19.6
2020-03-05,4,10,5,2,3726,55,19,6.69,19.6
2020-03-05,4,10,2,3,4367,24,55,6.71,19.6
2020-03-05,4,10,6,4,4624,49,1,6.65,19.6
2020-03-05,4,10,3,5,3581,47,48,6.68,19.6
2020-03-05,4,10,4,6,4226,51,2,6.75,19.6
2020-03-05,4,11,4,1,4260,65,59,6.66,95.4
2020-03-05,4,11,1,2,4364,61,34,6.6,95.4
2020-03-05,4,11,3,3,4951,40,24,6.72,95.4
2020-03-05,4,11,5,4,4583,25,5,6.73,95.4
2020-03-05,4,11,6,5,4727,1,7,6.72,95.4
2020-03-05,4,11,2,6,3699,66,10,6.72,95.4
2020-03-05,4,12,1,1,4433,18,26,6.62,18.2
2020-03-05,4,12,4,2,3994,45,17,6.71,18.2
2020-03-05,4,12,3,3,4286,16,58,6.64,18.2
2020-03-05,4,12,6,4,3254,63,20,6.74,18.2
2020-03-05,4,12,2,5,3334,43,56,6.64,18.2
2020-03-05,4,12,5,6,4987,6,60,6.71,18.2
2020-03-06,5,1,1,1,3726,55,19,6.75,9.2
2020-03-06,5,1,3,2,4260,65,59,6.68,9.2
2020-03-06,5,1,2,3,4367,24,55,6.72,9.2
2020-03-06,5,1,4,4,5084,41,37,6.76,9.2
2020-03-06,5,1,5,5,4172,30,35,6.73,9.2
2020-03-06,5,1,6,6,3982,4,33,6.78,9.2
2020-03-06,5,2,5,1,4578,50,25,6.67,45.5
2020-03-06,5,2,1,2,4374,8,41,6.74,45.5
2020-03-06,5,2,4,3,4364,61,34,6.68,45.5
2020-03-06,5,2,2,4,4395,9,53,6.81,45.5
2020-03-06,5,2,6,5,4422,19,49,6.77,45.5
2020-03-06,5,2,3,6,4226,51,2,6.71,45.5
2020-03-06,5,3,1,1,3699,66,10,6.84,154.0
2020-03-06,5,3,6,2,4624,49,1,6.74,154.0
2020-03-06,5,3,5,3,3581,47,48,6.71,154.0
2020-03-06,5,3,4,4,4090,36,38,6.8,154.0
2020-03-06,5,3,3,5,4583,25,5,6.79,154.0
2020-03-06,5,3,2,6,4729,15,65,6.76,154.0
2020-03-06,5,4,1,1,3254,63,13,6.78,52.2
2020-03-06,5,4,6,2,4433,18,26,6.78,52.2
2020-03-06,5,4,3,3,4372,64,29,6.65,52.2
2020-03-06,5,4,5,4,4289,56,57,6.74,52.2
2020-03-06,5,4,4,5,3483,62,52,6.73,52.2
2020-03-06,5,4,2,6,4853,35,45,6.79,52.2
2020-03-06,5,6,1,1,3334,43,56,6.68,44.2
2020-03-06,5,6,6,2,4373,59,63,6.71,44.2
2020-03-06,5,6,4,3,4642,27,22,6.72,44.2
2020-03-06,5,6,3,4,3580,11,9,6.71,44.2
2020-03-06,5,6,2,5,3509,10,36,6.77,44.2
2020-03-06,5,6,5,6,4478,32,39,6.77,44.2
2020-03-06,5,7,5,1,5084,41,37,6.81,997.2
2020-03-06,5,7,4,2,4727,1,7,6.69,997.2
2020-03-06,5,7,3,3,4951,40,24,6.71,997.2
2020-03-06,5,7,6,4,3499,12,15,6.83,997.2
2020-03-06,5,7,1,5,4226,51,2,6.72,997.2
2020-03-06,5,7,2,6,4355,23,23,6.78,997.2
2020-03-06,5,8,1,1,4172,30,35,6.65,6.6
2020-03-06,5,8,3,2,4364,61,34,6.69,6.6
2020-03-06,5,8,2,3,4578,50,25,6.65,6.6
2020-03-06,5,8,5,4,3726,55,19,6.8,6.6
2020-03-06,5,8,6,5,3699,66,10,6.77,6.6
2020-03-06,5,8,4,6,4583,25,5,6.81,6.6
2020-03-06,5,9,1,1,4090,36,38,6.76,6.2
2020-03-06,5,9,2,2,3581,47,48,6.65,6.2
2020-03-06,5,9,4,3,4260,65,59,6.71,6.2
2020-03-06,5,9,3,4,4395,9,53,6.74,6.2
2020-03-06,5,9,5,5,4367,24,55,6.67,6.2
2020-03-06,5,9,6,6,4374,8,41,6.74,6.2
2020-03-06,5,10,2,1,4478,32,39,6.75,123.7
2020-03-06,5,10,3,2,4642,27,22,6.67,123.7
2020-03-06,5,10,1,3,4433,18,26,6.64,123.7
2020-03-06,5,10,4,4,4372,64,29,6.67,123.7
2020-03-06,5,10,6,5,4819,39,32,6.74,123.7
2020-03-06,5,10,5,6,4987,6,60,6.76,123.7
2020-03-06,5,11,3,1,3486,22,11,6.78,235.7
2020-03-06,5,11,1,2,4373,59,63,6.72,235.7
2020-03-06,5,11,5,3,3334,43,56,6.73,235.7
2020-03-06,5,11,4,4,4286,16,58,6.77,235.7
2020-03-06,5,11,2,5,4289,56,57,6.77,235.7
2020-03-06,5,11,6,6,3254,63,13,6.81,235.7
2020-03-06,5,12,1,1,3994,45,17,6.79,18.1
2020-03-06,5,12,2,2,4733,2,4,6.88,18.1
2020-03-06,5,12,3,3,3483,62,52,6.8,18.1
2020-03-06,5,12,6,4,3289,53,18,6.86,18.1
2020-03-06,5,12,5,5,4853,35,45,6.87,18.1
2020-03-06,5,12,4,6,4722,21,47,6.81,18.1
2020-03-07,6,1,4,1,5084,41,37,6.84,106.6
2020-03-07,6,1,1,2,4583,25,5,6.81,106.6
2020-03-07,6,1,3,3,4727,1,7,6.84,106.6
2020-03-07,6,1,6,4,4422,19,49,6.83,106.6
2020-03-07,6,1,2,5,4729,15,65,6.84,106.6
2020-03-07,6,1,5,6,4951,40,24,6.74,106.6
2020-03-07,6,3,1,1,4374,8,41,6.75,19.9
2020-03-07,6,3,3,2,3726,55,19,6.74,19.9
2020-03-07,6,3,6,3,3499,12,15,6.87,19.9
2020-03-07,6,3,2,4,4395,9,53,6.9,19.9
2020-03-07,6,3,5,5,4624,49,1,6.82,19.9
2020-03-07,6,3,4,6,4226,51,2,6.83,19.9
2020-03-07,6,4,1,1,4286,16,58,6.78,7.6
2020-03-07,6,4,2,2,4987,6,60,6.78,7.6
2020-03-07,6,4,3,3,3580,11,9,6.8,7.6
2020-03-07,6,4,4,4,3509,10,36,6.83,7.6
2020-03-07,6,4,5,5,3483,62,52,6.76,7.6
2020-03-07,6,4,6,6,3289,53,18,6.82,7.6
2020-03-07,6,5,1,1,4367,24,55,6.82,23.5
2020-03-07,6,5,4,2,4355,23,23,6.85,23.5
2020-03-07,6,5,3,3,3699,66,10,6.77,23.5
2020-03-07,6,5,2,4,4951,40,24,6.81,23.5
2020-03-07,6,5,5,5,5084,41,37,6.82,23.5
2020-03-07,6,5,6,6,3982,4,33,6.83,23.5
2020-03-07,6,6,1,1,4289,56,57,6.81,79.8
2020-03-07,6,6,6,2,4372,64,29,6.82,79.8
2020-03-07,6,6,4,3,4722,21,47,6.83,79.8
2020-03-07,6,6,2,4,4819,39,32,6.76,79.8
2020-03-07,6,6,3,5,4853,35,45,6.81,79.8
2020-03-07,6,6,5,6,4733,2,4,6.85,79.8
2020-03-07,6,7,1,1,4727,1,7,6.79,12.6
2020-03-07,6,7,4,2,3499,12,15,6.91,12.6
2020-03-07,6,7,2,3,4226,51,2,6.79,12.6
2020-03-07,6,7,3,4,4729,15,65,6.86,12.6
2020-03-07,6,7,6,5,4624,49,1,6.91,12.6
2020-03-07,6,7,5,6,4422,19,49,6.91,12.6
2020-03-07,6,9,4,1,3699,66,10,6.8,98.0
2020-03-07,6,9,2,2,3726,55,19,6.79,98.0
2020-03-07,6,9,5,3,4583,25,5,6.77,98.0
2020-03-07,6,9,1,4,4395,9,53,6.85,98.0
2020-03-07,6,9,3,5,4367,24,55,6.75,98.0
2020-03-07,6,9,6,6,4374,8,41,6.87,98.0
2020-03-07,6,10,4,1,4819,39,32,6.82,148.1
2020-03-07,6,10,2,2,4286,16,58,6.8,148.1
2020-03-07,6,10,1,3,4372,64,29,6.82,148.1
2020-03-07,6,10,5,4,4987,6,60,6.86,148.1
2020-03-07,6,10,3,5,4289,56,57,6.85,148.1
2020-03-07,6,10,6,6,3254,63,13,6.85,148.1
2020-03-07,6,11,1,1,4090,36,38,6.85,10.6
2020-03-07,6,11,4,2,4364,61,34,6.78,10.6
2020-03-07,6,11,2,3,4172,30,35,6.85,10.6
2020-03-07,6,11,6,4,4260,65,59,6.82,10.6
2020-03-07,6,11,5,5,4578,50,25,6.78,10.6
2020-03-07,6,11,3,6,3581,47,48,6.82,10.6
2020-03-07,6,12,1,1,4478,32,39,6.76,25.4
2020-03-07,6,12,5,2,4433,18,26,6.78,25.4
2020-03-07,6,12,3,3,4373,59,63,6.79,25.4
2020-03-07,6,12,2,4,3486,22,11,6.85,25.4
2020-03-07,6,12,6,5,3334,43,56,6.8,25.4
2020-03-07,6,12,4,6,4642,27,22,6.78,25.4
2020-03-11,1,2,2,1,4511,27,41,6.8,33.0
2020-03-11,1,2,3,2,4293,17,19,6.88,33.0
2020-03-11,1,2,1,3,3829,38,44,6.78,33.0
2020-03-11,1,2,4,4,4911,34,33,6.86,33.0
2020-03-11,1,2,6,5,4365,36,16,6.89,33.0
2020-03-11,1,2,5,6,3858,7,15,6.82,33.0
2020-03-11,1,3,3,1,4435,19,43,6.75,47.9
2020-03-11,1,3,1,2,3797,58,65,6.75,47.9
2020-03-11,1,3,6,3,3534,55,56,6.86,47.9
2020-03-11,1,3,2,4,4214,50,46,6.76,47.9
2020-03-11,1,3,4,5,4162,25,31,6.85,47.9
2020-03-11,1,3,5,6,4638,45,66,6.76,47.9
2020-03-11,1,4,4,1,4069,44,40,6.84,210.3
2020-03-11,1,4,5,2,3501,52,3,6.81,210.3
2020-03-11,1,4,2,3,4626,64,53,6.84,210.3
2020-03-11,1,4,3,4,3265,26,5,6.72,210.3
2020-03-11,1,4,1,5,3694,66,39,6.86,210.3
2020-03-11,1,4,6,6,3612,35,47,6.81,210.3
2020-03-11,1,5,3,1,4072,14,38,6.86,66.8
2020-03-11,1,5,2,2,3822,15,45,6.71,66.8
2020-03-11,1,5,5,3,4931,5,52,6.84,66.8
2020-03-11,1,5,4,4,3527,54,1,6.87,66.8
2020-03-11,1,5,6,5,3953,2,37,6.82,66.8
2020-03-11,1,5,1,6,4575,31,12,6.84,66.8
2020-03-11,1,6,3,1,4521,28,21,6.75,19.0
2020-03-11,1,6,2,2,3502,53,13,6.67,19.0
2020-03-11,1,6,1,3,4113,60,29,6.76,19.0
2020-03-11,1,6,5,4,4465,49,54,6.79,19.0
2020-03-11,1,6,4,5,3658,40,4,6.78,19.0
2020-03-11,1,6,6,6,4343,23,7,6.77,19.0
2020-03-11,1,7,1,1,3981,43,50,6.85,12.0
2020-03-11,1,7,4,2,3562,30,58,6.77,12.0
2020-03-11,1,7,2,3,4459,33,61,6.8,12.0
2020-03-11,1,7,3,4,4638,45,66,6.7,12.0
2020-03-11,1,7,6,5,4293,17,19,6.9,12.0
2020-03-11,1,7,5,6,4954,4,49,6.74,12.0
2020-03-11,1,8,1,1,4366,24,27,6.78,14.7
2020-03-11,1,8,3,2,4656,20,18,6.86,14.7
2020-03-11,1,8,2,3,3683,32,28,6.81,14.7
2020-03-11,1,8,6,4,4162,25,31,6.76,14.7
2020-03-11,1,8,5,5,4626,64,53,6.81,14.7
2020-03-11,1,8,4,6,4539,22,6,6.83,14.7
2020-03-11,1,9,1,1,4069,44,40,6.78,62.0
2020-03-11,1,9,4,2,3877,29,8,6.83,62.0
2020-03-11,1,9,6,3,4072,14,38,6.71,62.0
2020-03-11,1,9,3,4,4365,36,16,6.73,62.0
2020-03-11,1,9,5,5,4435,19,43,6.77,62.0
2020-03-11,1,9,2,6,4287,46,30,6.72,62.0
2020-03-11,1,10,3,1,4453,63,22,6.77,367.0
2020-03-11,1,10,5,2,4575,31,12,6.72,367.0
2020-03-11,1,10,1,3,4521,28,21,6.76,367.0
2020-03-11,1,10,6,4,3858,7,15,6.79,367.0
2020-03-11,1,10,4,5,4214,50,46,6.81,367.0
2020-03-11,1,10,2,6,3501,52,3,6.79,367.0
2020-03-11,1,11,1,1,3562,30,58,6.75,63.5
2020-03-11,1,11,5,2,4113,60,29,6.86,63.5
2020-03-11,1,11,2,3,3265,26,5,6.77,63.5
2020-03-11,1,11,4,4,3815,13,51,6.84,63.5
2020-03-11,1,11,6,5,3527,54,1,6.88,63.5
2020-03-11,1,11,3,6,3534,55,56,6.76,63.5
2020-03-11,1,12,1,1,4459,33,61,6.75,19.0
2020-03-11,1,12,3,2,3822,15,45,6.73,19.0
2020-03-11,1,12,6,3,4287,46,30,6.78,19.0
2020-03-11,1,12,5,4,4366,24,27,6.81,19.0
2020-03-11,1,12,4,5,3502,53,13,6.83,19.0
2020-03-11,1,12,2,6,3612,35,47,6.8,19.0
2020-03-12,2,1,5,1,4069,44,40,6.78,40.8
2020-03-12,2,1,4,2,4113,60,29,6.78,40.8
2020-03-12,2,1,1,3,3953,2,37,6.72,40.8
2020-03-12,2,1,6,4,4435,19,43,6.76,40.8
2020-03-12,2,1,2,5,4954,4,49,6.79,40.8
2020-03-12,2,1,3,6,3658,40,4,6.82,40.8
2020-03-12,2,2,1,1,3858,7,15,6.76,50.5
2020-03-12,2,2,6,2,3265,26,5,6.78,50.5
2020-03-12,2,2,5,3,4511,27,41,6.76,50.5
2020-03-12,2,2,4,4,3797,58,65,6.8,50.5
2020-03-12,2,2,2,5,4381,37,14,6.68,50.5
2020-03-12,2,2,3,6,3877,29,8,6.83,50.5
2020-03-12,2,3,1,1,4293,17,19,6.92,23.0
2020-03-12,2,3,6,2,4366,24,27,6.86,23.0
2020-03-12,2,3,3,3,3815,13,51,6.9,23.0
2020-03-12,2,3,4,4,3694,66,39,6.88,23.0
2020-03-12,2,3,2,5,4656,20,18,6.83,23.0
2020-03-12,2,3,5,6,3981,43,50,6.82,23.0
2020-03-12,2,4,4,1,4287,46,30,6.84,24.0
2020-03-12,2,4,2,2,3527,54,1,6.74,24.0
2020-03-12,2,4,5,3,3822,15,45,6.8,24.0
2020-03-12,2,4,3,4,4465,49,54,6.74,24.0
2020-03-12,2,4,1,5,4343,23,7,6.81,24.0
2020-03-12,2,4,6,6,4539,22,6,6.84,24.0
2020-03-12,2,5,2,1,4931,5,52,6.85,87.7
2020-03-12,2,5,4,2,4521,28,21,6.82,87.7
2020-03-12,2,5,3,3,3612,35,47,6.87,87.7
2020-03-12,2,5,5,4,4911,34,33,6.81,87.7
2020-03-12,2,5,6,5,3658,40,4,6.85,87.7
2020-03-12,2,5,1,6,4214,50,46,6.82,87.7
2020-03-12,2,6,5,1,3534,55,56,6.93,36.7
2020-03-12,2,6,1,2,3683,32,28,6.84,36.7
2020-03-12,2,6,6,3,4459,33,61,6.88,36.7
2020-03-12,2,6,3,4,3797,58,65,6.87,36.7
2020-03-12,2,6,2,5,4365,36,16,6.81,36.7
2020-03-12,2,6,4,6,4626,64,53,6.8,36.7
2020-03-12,2,8,1,1,4287,46,30,6.84,7.1
2020-03-12,2,8,2,2,3562,30,58,6.81,7.1
2020-03-12,2,8,6,3,4381,37,14,6.83,7.1
2020-03-12,2,8,5,4,4453,63,22,6.86,7.1
2020-03-12,2,8,4,5,3501,52,3,6.81,7.1
2020-03-12,2,8,3,6,3694,66,39,6.9,7.1
2020-03-12,2,9,1,1,3612,35,47,6.83,7.0
2020-03-12,2,9,4,2,4366,24,27,6.77,7.0
2020-03-12,2,9,2,3,4575,31,12,6.81,7.0
2020-03-12,2,9,5,4,4343,23,7,6.78,7.0
2020-03-12,2,9,3,5,3829,38,44,6.84,7.0
2020-03-12,2,9,6,6,4113,60,29,6.86,7.0
2020-03-12,2,10,2,1,4069,44,40,6.84,20.8
2020-03-12,2,10,1,2,3534,55,56,6.84,20.8
2020-03-12,2,10,6,3,4521,28,21,6.81,20.8
2020-03-12,2,10,3,4,3527,54,1,6.84,20.8
2020-03-12,2,10,4,5,4511,27,41,6.87,20.8
2020-03-12,2,10,5,6,4656,20,18,6.87,20.8
2020-03-12,2,11,2,1,4539,22,6,6.82,43.4
2020-03-12,2,11,1,2,3502,53,13,6.85,43.4
2020-03-12,2,11,5,3,4459,33,61,6.94,43.4
2020-03-12,2,11,4,4,3953,2,37,6.9,43.4
2020-03-12,2,11,6,5,3501,52,3,6.87,43.4
2020-03-12,2,11,3,6,4214,50,46,6.84,43.4
2020-03-12,2,12,1,1,3822,15,45,6.76,27.1
2020-03-12,2,12,4,2,3683,32,28,6.83,27.1
2020-03-12,2,12,2,3,4435,19,43,6.76,27.1
2020-03-12,2,12,3,4,3562,30,58,6.86,27.1
2020-03-12,2,12,5,5,4072,14,38,6.89,27.1
2020-03-12,2,12,6,6,3981,43,50,6.81,27.1
2020-03-13,3,1,1,1,4365,36,16,6.86,22.4
2020-03-13,3,1,2,2,3858,7,15,6.88,22.4
2020-03-13,3,1,6,3,4575,31,12,6.83,22.4
2020-03-13,3,1,3,4,3815,13,51,6.87,22.4
2020-03-13,3,1,5,5,4343,23,7,6.86,22.4
2020-03-13,3,1,4,6,4293,17,19,6.96,22.4
2020-03-13,3,2,1,1,3658,40,4,6.85,22.2
2020-03-13,3,2,5,2,3265,26,5,6.81,22.2
2020-03-13,3,2,6,3,3822,15,45,6.82,22.2
2020-03-13,3,2,2,4,4465,49,54,6.84,22.2
2020-03-13,3,2,3,5,4626,64,53,6.86,22.2
2020-03-13,3,2,4,6,3829,38,44,6.84,22.2
2020-03-13,3,3,1,1,3877,29,8,6.84,38.2
2020-03-13,3,3,5,2,3683,32,28,6.93,38.2
2020-03-13,3,3,2,3,4113,60,29,6.86,38.2
2020-03-13,3,3,6,4,3502,53,13,6.83,38.2
2020-03-13,3,3,3,5,4954,4,49,6.84,38.2
2020-03-13,3,3,4,6,4453,63,22,6.88,38.2
2020-03-13,3,4,1,1,4162,25,31,6.78,25.8
2020-03-13,3,4,4,2,3534,55,56,6.91,25.8
2020-03-13,3,4,6,3,4069,44,40,6.9,25.8
2020-03-13,3,4,5,4,4287,46,30,6.87,25.8
2020-03-13,3,4,3,5,4911,34,33,6.81,25.8
2020-03-13,3,4,2,6,3953,2,37,6.81,25.8
2020-03-13,3,5,3,1,4521,28,21,6.88,14.2
2020-03-13,3,5,1,2,3527,54,1,6.86,14.2
2020-03-13,3,5,5,3,4381,37,14,6.78,14.2
2020-03-13,3,5,2,4,4343,23,7,6.75,14.2
2020-03-13,3,5,6,5,3694,66,39,6.91,14.2
2020-03-13,3,5,4,6,3612,35,47,6.94,14.2
2020-03-13,3,7,1,1,4435,19,43,6.79,6.9
2020-03-13,3,7,4,2,3822,15,45,6.78,6.9
2020-03-13,3,7,3,3,4459,33,61,6.85,6.9
2020-03-13,3,7,5,4,4365,36,16,6.9,6.9
2020-03-13,3,7,2,5,4638,45,66,6.76,6.9
2020-03-13,3,7,6,6,4954,4,49,6.86,6.9
2020-03-13,3,8,1,1,4072,14,38,6.9,8.2
2020-03-13,3,8,3,2,4511,27,41,6.94,8.2
2020-03-13,3,8,4,3,4575,31,12,6.83,8.2
2020-03-13,3,8,2,4,3981,43,50,6.89,8.2
2020-03-13,3,8,6,5,3829,38,44,6.91,8.2
2020-03-13,3,8,5,6,3953,2,37,6.91,8.2
2020-03-13,3,9,2,1,3534,55,56,6.86,30.6
2020-03-13,3,9,1,2,3265,26,5,6.86,30.6
2020-03-13,3,9,6,3,3683,32,28,6.92,30.6
2020-03-13,3,9,4,4,3858,7,15,6.89,30.6
2020-03-13,3,9,3,5,4931,5,52,6.91,30.6
2020-03-13,3,9,5,6,3612,35,47,6.93,30.6
2020-03-13,3,11,1,1,4366,24,27,6.83,7.9
2020-03-13,3,11,3,2,4287,46,30,6.89,7.9
2020-03-13,3,11,2,3,3815,13,51,6.88,7.9
2020-03-13,3,11,4,4,4435,19,43,6.78,7.9
2020-03-13,3,11,6,5,4626,64,53,6.91,7.9
2020-03-13,3,11,5,6,4113,60,29,6.88,7.9
2020-03-13,3,12,1,1,4459,33,61,6.81,15.2
2020-03-13,3,12,4,2,4072,14,38,6.86,15.2
2020-03-13,3,12,2,3,4521,28,21,6.8,15.2
2020-03-13,3,12,6,4,4453,63,22,6.91,15.2
2020-03-13,3,12,5,5,4539,22,6,6.8,15.2
2020-03-13,3,12,3,6,4069,44,40,6.82,15.2
2020-03-14,4,1,1,1,4453,63,22,6.88,41.2
2020-03-14,4,1,4,2,4638,45,66,6.87,41.2
2020-03-14,4,1,3,3,4465,49,54,6.83,41.2
2020-03-14,4,1,2,4,3658,40,4,6.88,41.2
2020-03-14,4,1,6,5,4072,14,38,6.89,41.2
2020-03-14,4,1,5,6,3501,52,3,6.9,41.2
2020-03-14,4,3,1,1,4931,5,52,6.84,25.3
2020-03-14,4,3,4,2,3265,26,5,6.86,25.3
2020-03-14,4,3,2,3,3877,29,8,6.9,25.3
2020-03-14,4,3,6,4,4366,24,27,6.88,25.3
2020-03-14,4,3,5,5,3981,43,50,6.86,25.3
2020-03-14,4,3,3,6,4539,22,6,6.87,25.3
2020-03-14,4,4,1,1,4626,64,53,6.78,28.8
2020-03-14,4,4,5,2,4521,28,21,6.82,28.8
2020-03-14,4,4,6,3,3822,15,45,6.81,28.8
2020-03-14,4,4,2,4,4293,17,19,6.87,28.8
2020-03-14,4,4,3,5,4575,31,12,6.79,28.8
2020-03-14,4,4,4,6,4162,25,31,6.93,28.8
2020-03-14,4,5,6,1,4638,45,66,6.75,5549.3
2020-03-14,4,5,5,2,3953,2,37,6.86,5549.3
2020-03-14,4,5,4,3,3502,53,13,6.84,5549.3
2020-03-14,4,5,1,4,3815,13,51,6.77,5549.3
2020-03-14,4,5,3,5,4435,19,43,6.83,5549.3
2020-03-14,4,5,2,6,4381,37,14,6.71,5549.3
2020-03-14,4,6,5,1,3858,7,15,6.79,419.0
2020-03-14,4,6,6,2,4459,33,61,6.83,419.0
2020-03-14,4,6,1,3,4511,27,41,6.86,419.0
2020-03-14,4,6,2,4,4113,60,29,6.88,419.0
2020-03-14,4,6,3,5,4287,46,30,6.8,419.0
2020-03-14,4,6,4,6,4343,23,7,6.79,419.0
2020-03-14,4,7,3,1,3981,43,50,6.84,156.5
2020-03-14,4,7,4,2,4931,5,52,6.76,156.5
2020-03-14,4,7,6,3,4069,44,40,6.78,156.5
2020-03-14,4,7,2,4,3527,54,1,6.75,156.5
2020-03-14,4,7,5,5,3683,32,28,6.78,156.5
2020-03-14,4,7,1,6,4465,49,54,6.71,156.5
2020-03-14,4,8,1,1,3534,55,56,6.84,10.2
2020-03-14,4,8,3,2,4365,36,16,6.89,10.2
2020-03-14,4,8,4,3,3612,35,47,6.86,10.2
2020-03-14,4,8,5,4,3658,40,4,6.89,10.2
2020-03-14,4,8,6,5,4911,34,33,6.88,10.2
2020-03-14,4,8,2,6,3501,52,3,6.85,10.2
2020-03-14,4,11,3,1,3534,55,56,6.9,117.7
2020-03-14,4,11,5,2,3877,29,8,6.87,117.7
2020-03-14,4,11,4,3,4287,46,30,6.87,117.7
2020-03-14,4,11,2,4,3683,32,28,6.84,117.7
2020-03-14,4,11,1,5,4069,44,40,6.77,117.7
2020-03-14,4,11,6,6,4293,17,19,6.89,117.7
2020-03-14,4,12,1,1,3612,35,47,6.79,12.3
2020-03-14,4,12,3,2,4072,14,38,6.86,12.3
2020-03-14,4,12,4,3,4656,20,9,6.89,12.3
2020-03-14,4,12,5,4,4162,25,31,6.87,12.3
2020-03-14,4,12,2,5,3797,58,65,6.84,12.3
2020-03-14,4,12,6,6,4575,31,12,6.79,12.3
2020-03-15,5,1,1,1,4575,31,12,6.81,10.3
2020-03-15,5,1,2,2,4365,36,16,6.93,10.3
2020-03-15,5,1,5,3,4931,5,52,6.98,10.3
2020-03-15,5,1,3,4,3953,2,37,6.86,10.3
2020-03-15,5,1,6,5,4453,63,22,6.89,10.3
2020-03-15,5,1,4,6,3658,40,4,6.94,10.3
2020-03-15,5,2,1,1,4656,20,9,6.94,9.7
2020-03-15,5,2,2,2,3694,66,39,6.93,9.7
2020-03-15,5,2,3,3,4010,56,24,6.88,9.7
2020-03-15,5,2,4,4,4343,23,7,6.94,9.7
2020-03-15,5,2,5,5,4465,49,54,6.9,9.7
2020-03-15,5,2,6,6,3829,38,44,6.99,9.7
2020-03-15,5,3,5,1,3501,52,3,6.87,176.4
2020-03-15,5,3,6,2,4113,60,29,7.0,176.4
2020-03-15,5,3,2,3,4626,64,53,6.94,176.4
2020-03-15,5,3,4,4,3527,54,1,7.04,176.4
2020-03-15,5,3,3,5,4162,25,31,6.9,176.4
2020-03-15,5,3,1,6,4638,45,66,6.84,176.4
2020-03-15,5,4,3,1,4069,44,40,6.92,31.6
2020-03-15,5,4,1,2,4911,34,33,6.88,31.6
2020-03-15,5,4,4,3,3981,43,50,6.92,31.6
2020-03-15,5,4,6,4,3612,35,47,6.88,31.6
2020-03-15,5,4,5,5,3797,58,65,6.88,31.6
2020-03-15,5,4,2,6,4293,17,19,6.91,31.6
2020-03-15,5,5,1,1,4521,28,21,6.71,34.9
2020-03-15,5,5,2,2,3858,7,15,6.76,34.9
2020-03-15,5,5,5,3,4365,36,16,6.78,34.9
2020-03-15,5,5,3,4,4072,14,38,6.76,34.9
2020-03-15,5,5,6,5,4931,5,52,6.85,34.9
2020-03-15,5,5,4,6,3815,13,51,6.82,34.9
2020-03-15,5,6,1,1,3683,32,28,6.91,7.8
2020-03-15,5,6,5,2,3822,15,45,6.91,7.8
2020-03-15,5,6,2,3,4453,63,22,6.93,7.8
2020-03-15,5,6,4,4,3694,66,39,6.99,7.8
2020-03-15,5,6,6,5,4511,27,41,6.96,7.8
2020-03-15,5,6,3,6,3658,40,4,6.93,7.8
2020-03-15,5,7,1,1,3265,26,5,6.96,18.3
2020-03-15,5,7,2,2,3501,52,3,6.93,18.3
2020-03-15,5,7,4,3,4162,25,31,6.97,18.3
2020-03-15,5,7,3,4,4343,23,7,6.95,18.3
2020-03-15,5,7,6,5,4287,46,30,6.9,18.3
2020-03-15,5,7,5,6,4656,20,9,6.97,18.3
2020-03-15,5,8,1,1,4459,33,61,6.9,19.6
2020-03-15,5,8,3,2,3797,58,65,6.9,19.6
2020-03-15,5,8,2,3,3981,43,50,6.86,19.6
2020-03-15,5,8,4,4,4575,31,12,6.84,19.6
2020-03-15,5,8,6,5,4465,49,54,6.9,19.6
2020-03-15,5,8,5,6,4638,45,66,6.91,19.6
2020-03-15,5,9,1,1,4072,14,38,6.9,30.8
2020-03-15,5,9,3,2,3612,35,47,6.95,30.8
2020-03-15,5,9,6,3,4626,64,53,6.96,30.8
2020-03-15,5,9,5,4,3527,54,1,6.98,30.8
2020-03-15,5,9,4,5,4010,56,24,6.93,30.8
2020-03-15,5,9,2,6,3953,2,37,6.95,30.8
2020-03-15,5,10,1,1,4113,60,29,6.97,42.3
2020-03-15,5,10,6,2,3265,26,5,6.85,42.3
2020-03-15,5,10,3,3,3683,32,28,6.94,42.3
2020-03-15,5,10,2,4,3822,15,45,6.84,42.3
2020-03-15,5,10,4,5,4521,28,21,6.88,42.3
2020-03-15,5,10,5,6,4293,17,19,7.08,42.3
2020-03-15,5,11,1,1,4287,46,30,6.96,21.0
2020-03-15,5,11,2,2,4511,27,41,6.91,21.0
2020-03-15,5,11,3,3,3815,13,51,6.96,21.0
2020-03-15,5,11,5,4,4459,33,61,7.0,21.0
2020-03-15,5,11,6,5,3858,7,15,6.98,21.0
2020-03-15,5,11,4,6,4069,44,40,6.9,21.0
2020-03-15,5,12,3,1,4435,19,43,6.84,54.8
2020-03-15,5,12,1,2,3534,55,56,6.87,54.8
2020-03-15,5,12,4,3,4366,24,27,6.86,54.8
2020-03-15,5,12,2,4,3502,53,13,6.81,54.8
2020-03-15,5,12,6,5,4381,37,14,6.86,54.8
2020-03-15,5,12,5,6,3877,29,8,6.92,54.8
2020-03-18,1,1,1,1,4962,26,64,6.86,11.0
2020-03-18,1,1,2,2,4558,17,3,6.88,11.0
2020-03-18,1,1,4,3,4508,54,35,6.85,11.0
2020-03-18,1,1,5,4,4003,33,58,6.89,11.0
2020-03-18,1,1,3,5,4917,36,15,6.89,11.0
2020-03-18,1,1,6,6,3910,30,12,6.94,11.0
2020-03-18,1,2,4,1,3973,8,53,6.81,97.9
2020-03-18,1,2,6,2,4695,63,6,6.89,97.9
2020-03-18,1,2,2,3,4258,41,59,6.82,97.9
2020-03-18,1,2,3,4,4976,29,63,6.85,97.9
2020-03-18,1,2,1,5,3553,25,55,6.85,97.9
2020-03-18,1,2,5,6,3762,23,36,6.93,97.9
2020-03-18,1,3,4,1,3742,27,66,6.89,73.8
2020-03-18,1,3,5,2,3731,47,14,6.92,73.8
2020-03-18,1,3,2,3,3911,40,50,6.96,73.8
2020-03-18,1,3,1,4,4966,9,24,6.85,73.8
2020-03-18,1,3,6,5,4537,43,31,6.88,73.8
2020-03-18,1,3,3,6,3660,21,57,6.92,73.8
2020-03-18,1,4,4,1,4754,16,28,6.83,21.8
2020-03-18,1,4,6,2,4096,3,43,6.82,21.8
2020-03-18,1,4,2,3,4527,61,45,6.89,21.8
2020-03-18,1,4,5,4,4134,64,19,6.81,21.8
2020-03-18,1,4,3,5,3701,60,21,6.94,21.8
2020-03-18,1,4,1,6,5031,50,62,6.88,21.8
2020-03-18,1,5,1,1,3970,39,16,6.77,32.5
2020-03-18,1,5,4,2,3690,22,46,6.92,32.5
2020-03-18,1,5,2,3,3571,65,20,6.82,32.5
2020-03-18,1,5,3,4,4643,18,32,6.86,32.5
2020-03-18,1,5,6,5,4316,62,40,6.94,32.5
2020-03-18,1,5,5,6,4009,6,11,6.88,32.5
2020-03-18,1,6,3,1,4899,11,37,6.9,1113.9
2020-03-18,1,6,5,2,4377,24,54,6.99,1113.9
2020-03-18,1,6,1,3,3787,57,34,6.88,1113.9
2020-03-18,1,6,6,4,4452,12,2,6.91,1113.9
2020-03-18,1,6,2,5,4297,48,44,6.81,1113.9
2020-03-18,1,6,4,6,4962,26,64,6.9,1113.9
2020-03-18,1,7,1,1,3823,4,61,6.88,10.5
2020-03-18,1,7,2,2,4324,34,10,6.83,10.5
2020-03-18,1,7,4,3,3686,59,5,6.84,10.5
2020-03-18,1,7,3,4,3986,51,27,6.76,10.5
2020-03-18,1,7,6,5,4508,54,35,6.86,10.5
2020-03-18,1,7,5,6,3553,25,55,6.95,10.5
2020-03-18,1,8,4,1,4486,52,8,6.89,65.6
2020-03-18,1,8,1,2,4413,49,51,6.77,65.6
2020-03-18,1,8,2,3,4331,10,30,6.87,65.6
2020-03-18,1,8,5,4,4695,63,6,6.9,65.6
2020-03-18,1,8,3,5,4527,61,45,6.87,65.6
2020-03-18,1,8,6,6,4917,36,15,6.84,65.6
2020-03-18,1,9,2,1,4009,6,11,6.88,175.6
2020-03-18,1,9,3,2,3629,45,39,6.82,175.6
2020-03-18,1,9,5,3,3973,8,53,6.81,175.6
2020-03-18,1,9,1,4,4003,33,58,6.79,175.6
2020-03-18,1,9,6,5,3742,27,66,6.86,175.6
2020-03-18,1,9,4,6,3701,60,21,6.91,175.6
2020-03-18,1,10,1,1,4754,16,28,6.89,10.2
2020-03-18,1,10,3,2,4356,1,1,6.79,10.2
2020-03-18,1,10,5,3,3970,39,16,6.86,10.2
2020-03-18,1,10,4,4,4558,17,3,6.96,10.2
2020-03-18,1,10,6,5,3911,40,50,6.92,10.2
2020-03-18,1,10,2,6,4377,24,54,6.87,10.2
2020-03-18,1,11,1,1,3686,59,5,6.82,30.6
2020-03-18,1,11,3,2,3731,47,14,6.87,30.6
2020-03-18,1,11,5,3,4258,41,59,6.91,30.6
2020-03-18,1,11,4,4,4452,12,2,6.85,30.6
2020-03-18,1,11,6,5,3690,22,46,6.93,30.6
2020-03-18,1,11,2,6,4134,64,19,6.83,30.6
2020-03-18,1,12,4,1,4297,48,44,6.89,381.2
2020-03-18,1,12,3,2,4413,49,51,6.84,381.2
2020-03-18,1,12,6,3,4643,18,32,6.82,381.2
2020-03-18,1,12,2,4,4096,3,43,6.92,381.2
2020-03-18,1,12,5,5,4537,43,31,6.95,381.2
2020-03-18,1,12,1,6,4324,34,10,6.83,381.2
2020-03-19,2,1,1,1,4508,54,35,6.82,17.7
2020-03-19,2,1,4,2,3787,57,34,6.91,17.7
2020-03-19,2,1,3,3,4009,6,11,6.83,17.7
2020-03-19,2,1,5,4,3986,51,27,6.91,17.7
2020-03-19,2,1,6,5,3910,30,12,6.89,17.7
2020-03-19,2,1,2,6,4976,29,63,6.84,17.7
2020-03-19,2,2,2,1,4316,62,40,6.86,42.3
2020-03-19,2,2,6,2,3823,4,61,6.93,42.3
2020-03-19,2,2,1,3,3660,21,57,6.88,42.3
2020-03-19,2,2,4,4,4899,11,37,6.84,42.3
2020-03-19,2,2,3,5,3762,23,36,6.89,42.3
2020-03-19,2,2,5,6,4966,9,24,6.89,42.3
2020-03-19,2,3,1,1,3571,65,20,6.85,21.1
2020-03-19,2,3,3,2,4486,52,8,6.83,21.1
2020-03-19,2,3,5,3,4356,1,1,6.84,21.1
2020-03-19,2,3,6,4,3731,47,14,6.84,21.1
2020-03-19,2,3,2,5,3701,60,21,6.89,21.1
2020-03-19,2,3,4,6,5031,50,62,6.83,21.1
2020-03-19,2,4,1,1,4695,63,6,6.84,23.9
2020-03-19,2,4,6,2,3686,59,5,6.87,23.9
2020-03-19,2,4,3,3,4003,33,58,6.94,23.9
2020-03-19,2,4,5,4,3742,27,66,6.91,23.9
2020-03-19,2,4,2,5,3553,25,55,6.9,23.9
2020-03-19,2,4,4,6,3911,40,50,6.84,23.9
2020-03-19,2,5,1,1,4331,10,30,6.86,11.0
2020-03-19,2,5,4,2,4096,3,43,6.89,11.0
2020-03-19,2,5,3,3,4754,16,28,6.92,11.0
2020-03-19,2,5,6,4,3973,8,53,6.82,11.0
2020-03-19,2,5,5,5,4558,17,3,6.9,11.0
2020-03-19,2,5,2,6,4917,36,15,6.89,11.0
2020-03-19,2,6,1,1,4899,11,37,6.82,88.5
2020-03-19,2,6,4,2,4134,64,19,6.86,88.5
2020-03-19,2,6,6,3,4527,61,45,6.83,88.5
2020-03-19,2,6,2,4,4537,43,31,6.85,88.5
2020-03-19,2,6,3,5,3970,39,16,6.82,88.5
2020-03-19,2,6,5,6,3910,30,12,6.86,88.5
2020-03-19,2,7,1,1,4377,24,54,6.9,13.5
2020-03-19,2,7,2,2,4413,49,51,6.76,13.5
2020-03-19,2,7,3,3,4966,9,24,6.83,13.5
2020-03-19,2,7,4,4,4258,41,59,6.88,13.5
2020-03-19,2,7,5,5,4976,29,63,6.89,13.5
2020-03-19,2,7,6,6,4486,52,8,6.89,13.5
2020-03-19,2,8,4,1,4324,34,10,6.73,17.9
2020-03-19,2,8,1,2,3629,45,39,6.77,17.9
2020-03-19,2,8,2,3,4452,12,2,6.77,17.9
2020-03-19,2,8,5,4,3911,40,50,6.87,17.9
2020-03-19,2,8,3,5,3823,4,61,6.88,17.9
2020-03-19,2,8,6,6,5031,50,62,6.85,17.9
2020-03-19,2,9,2,1,4962,26,64,6.86,403.2
2020-03-19,2,9,6,2,4297,48,44,6.83,403.2
2020-03-19,2,9,5,3,4508,54,35,6.92,403.2
2020-03-19,2,9,3,4,4096,3,43,6.87,403.2
2020-03-19,2,9,1,5,3690,22,46,6.91,403.2
2020-03-19,2,9,4,6,3660,21,57,6.95,403.2
2020-03-19,2,10,1,1,4643,18,32,6.86,25.0
2020-03-19,2,10,6,2,4134,64,19,6.91,25.0
2020-03-19,2,10,5,3,3686,59,5,6.89,25.0
2020-03-19,2,10,2,4,3986,51,27,6.8,25.0
2020-03-19,2,10,3,5,3571,65,20,6.87,25.0
2020-03-19,2,10,4,6,3762,23,36,6.95,25.0
2020-03-19,2,11,4,1,4413,49,51,6.89,121.3
2020-03-19,2,11,2,2,3970,39,16,6.77,121.3
2020-03-19,2,11,5,3,4331,10,30,6.94,121.3
2020-03-19,2,11,1,4,4356,1,1,6.8,121.3
2020-03-19,2,11,6,5,4003,33,58,6.87,121.3
2020-03-19,2,11,3,6,3787,57,34,6.87,121.3
2020-03-19,2,12,1,1,4537,43,31,6.86,68.3
2020-03-19,2,12,5,2,4316,62,40,6.9,68.3
2020-03-19,2,12,2,3,3629,45,39,6.8,68.3
2020-03-19,2,12,6,4,4754,16,28,6.86,68.3
2020-03-19,2,12,3,5,3742,27,66,6.86,68.3
2020-03-19,2,12,4,6,4377,24,54,6.94,68.3
2020-03-20,3,1,2,1,3823,4,61,6.9,318.2
2020-03-20,3,1,5,2,3571,65,20,6.92,318.2
2020-03-20,3,1,4,3,4009,6,11,6.84,318.2
2020-03-20,3,1,6,4,4331,10,30,6.89,318.2
2020-03-20,3,1,1,5,4316,62,40,6.75,318.2
2020-03-20,3,1,3,6,5031,50,62,6.7,318.2
2020-03-20,3,2,1,1,3701,60,21,6.81,72.5
2020-03-20,3,2,4,2,4976,29,63,6.84,72.5
2020-03-20,3,2,3,3,4695,63,6,6.83,72.5
2020-03-20,3,2,2,4,4899,11,37,6.83,72.5
2020-03-20,3,2,6,5,3762,23,36,6.91,72.5
2020-03-20,3,2,5,6,4527,61,45,6.8,72.5
2020-03-20,3,3,1,1,4258,41,59,6.9,51.0
2020-03-20,3,3,3,2,4962,26,64,6.79,51.0
2020-03-20,3,3,6,3,4324,34,10,6.78,51.0
2020-03-20,3,3,5,4,4452,12,2,6.87,51.0
2020-03-20,3,3,4,5,3986,51,27,6.85,51.0
2020-03-20,3,3,2,6,3973,8,53,6.76,51.0
2020-03-20,3,4,6,1,4356,1,1,6.85,69.4
2020-03-20,3,4,2,2,4508,54,35,6.76,69.4
2020-03-20,3,4,4,3,4003,33,58,6.89,69.4
2020-03-20,3,4,1,4,4558,17,3,6.9,69.4
2020-03-20,3,4,5,5,3690,22,46,6.86,69.4
2020-03-20,3,4,3,6,3553,25,55,6.89,69.4
2020-03-20,3,5,1,1,3731,47,14,6.79,26.3
2020-03-20,3,5,2,2,4966,9,24,6.81,26.3
2020-03-20,3,5,4,3,3629,45,39,6.81,26.3
2020-03-20,3,5,3,4,3686,59,5,6.84,26.3
2020-03-20,3,5,5,5,3787,57,34,6.94,26.3
2020-03-20,3,5,6,6,3910,30,12,6.91,26.3
2020-03-20,3,6,2,1,3742,27,66,6.81,118.8
2020-03-20,3,6,4,2,3571,65,20,6.88,118.8
2020-03-20,3,6,3,3,4297,48,44,6.84,118.8
2020-03-20,3,6,5,4,3660,21,57,6.88,118.8
2020-03-20,3,6,1,5,4527,61,45,6.8,118.8
2020-03-20,3,6,6,6,3970,39,16,6.77,118.8
2020-03-20,3,7,1,1,3911,40,50,6.82,13.3
2020-03-20,3,7,2,2,4486,52,8,6.83,13.3
2020-03-20,3,7,5,3,4096,3,43,6.88,13.3
2020-03-20,3,7,6,4,4009,6,11,6.87,13.3
2020-03-20,3,7,3,5,4452,12,2,6.89,13.3
2020-03-20,3,7,4,6,4917,36,15,6.83,13.3
2020-03-20,3,8,4,1,4643,18,32,6.8,117.6
2020-03-20,3,8,5,2,4962,26,64,6.86,117.6
2020-03-20,3,8,2,3,4003,33,58,6.89,117.6
2020-03-20,3,8,1,4,4537,43,31,6.75,117.6
2020-03-20,3,8,3,5,4316,62,40,6.82,117.6
2020-03-20,3,8,6,6,4899,11,37,6.85,117.6
2020-03-20,3,9,1,1,4134,64,19,6.83,9.6
2020-03-20,3,9,2,2,4754,16,28,6.83,9.6
2020-03-20,3,9,6,3,4413,49,51,6.87,9.6
2020-03-20,3,9,3,4,3973,8,53,6.81,9.6
2020-03-20,3,9,5,5,3629,45,39,6.82,9.6
2020-03-20,3,9,4,6,3553,25,55,6.84,9.6
2020-03-20,3,10,1,1,3742,27,66,6.84,10.1
2020-03-20,3,10,4,2,4356,1,1,6.9,10.1
2020-03-20,3,10,2,3,3686,59,5,6.88,10.1
2020-03-20,3,10,6,4,4377,24,54,6.85,10.1
2020-03-20,3,10,3,5,4258,41,59,6.92,10.1
2020-03-20,3,10,5,6,3823,4,61,6.88,10.1
2020-03-20,3,11,1,1,4096,3,43,6.87,13.1
2020-03-20,3,11,5,2,4324,34,10,6.78,13.1
2020-03-20,3,11,2,3,3690,22,46,6.87,13.1
2020-03-20,3,11,3,4,4331,10,30,6.85,13.1
2020-03-20,3,11,4,5,3970,39,16,6.89,13.1
2020-03-20,3,11,6,6,4976,29,63,6.8,13.1
2020-03-21,4,1,3,1,3986,51,27,6.84,30.0
2020-03-21,4,1,2,2,3787,57,34,6.92,30.0
2020-03-21,4,1,4,3,4966,9,24,6.78,30.0
2020-03-21,4,1,1,4,3762,23,36,6.84,30.0
2020-03-21,4,1,5,5,3690,22,46,6.91,30.0
2020-03-21,4,1,6,6,4258,41,59,6.82,30.0
2020-03-21,4,2,1,1,4009,6,11,6.89,11.7
2020-03-21,4,2,3,2,4899,11,37,6.84,11.7
2020-03-21,4,2,5,3,4962,26,64,6.8,11.7
2020-03-21,4,2,2,4,3660,21,57,6.91,11.7
2020-03-21,4,2,4,5,4695,63,6,6.76,11.7
2020-03-21,4,2,6,6,3553,25,55,6.89,11.7
2020-03-21,4,3,5,1,4754,16,28,6.89,175.3
2020-03-21,4,3,1,2,4976,29,63,6.87,175.3
2020-03-21,4,3,6,3,3571,65,20,6.87,175.3
2020-03-21,4,3,3,4,4558,17,3,6.89,175.3
2020-03-21,4,3,4,5,4331,10,30,6.84,175.3
2020-03-21,4,3,2,6,3731,47,14,6.92,175.3
2020-03-21,4,4,2,1,4377,24,54,6.84,49.4
2020-03-21,4,4,5,2,4413,49,51,6.89,49.4
2020-03-21,4,4,1,3,3973,8,53,6.82,49.4
2020-03-21,4,4,3,4,3911,40,50,6.87,49.4
2020-03-21,4,4,4,5,4537,43,31,6.81,49.4
2020-03-21,4,4,6,6,3701,60,21,6.85,49.4
2020-03-21,4,5,1,1,4486,52,8,6.87,12.9
2020-03-21,4,5,3,2,4527,61,45,6.85,12.9
2020-03-21,4,5,4,3,4356,1,1,6.81,12.9
2020-03-21,4,5,5,4,5031,50,62,6.79,12.9
2020-03-21,4,5,2,5,3690,22,46,6.92,12.9
2020-03-21,4,5,6,6,3910,30,12,6.82,12.9
2020-03-21,4,6,1,1,4452,12,2,6.81,228.6
2020-03-21,4,6,2,2,3762,23,36,6.92,228.6
2020-03-21,4,6,4,3,3823,4,61,6.88,228.6
2020-03-21,4,6,6,4,3629,45,39,6.89,228.6
2020-03-21,4,6,5,5,4297,48,44,6.84,228.6
2020-03-21,4,6,3,6,4508,54,35,6.88,228.6
2020-03-21,4,7,1,1,4324,34,10,6.75,16.5
2020-03-21,4,7,2,2,4695,63,6,6.88,16.5
2020-03-21,4,7,5,3,4643,18,32,6.84,16.5
2020-03-21,4,7,4,4,4316,62,40,6.86,16.5
2020-03-21,4,7,3,5,3742,27,66,6.86,16.5
2020-03-21,4,7,6,6,4966,9,24,6.9,16.5
2020-03-21,4,8,1,1,4096,3,43,6.88,32.5
2020-03-21,4,8,2,2,4134,64,19,6.92,32.5
2020-03-21,4,8,5,3,3701,60,21,6.91,32.5
2020-03-21,4,8,3,4,4009,6,11,6.76,32.5
2020-03-21,4,8,4,5,3731,47,14,6.81,32.5
2020-03-21,4,8,6,6,3787,57,34,6.91,32.5
2020-03-21,4,9,1,1,3986,51,27,6.8,6.9
2020-03-21,4,9,3,2,3686,59,5,6.87,6.9
2020-03-21,4,9,5,3,4377,24,54,6.92,6.9
2020-03-21,4,9,4,4,4003,33,58,6.92,6.9
2020-03-21,4,9,2,5,5031,50,62,6.78,6.9
2020-03-21,4,9,6,6,3660,21,57,6.94,6.9
2020-03-21,4,10,1,1,4413,49,51,6.83,3.6
2020-03-21,4,10,2,2,4356,1,1,6.79,3.6
2020-03-21,4,10,3,3,4452,12,2,6.91,3.6
2020-03-21,4,10,5,4,4899,11,37,6.88,3.6
2020-03-21,4,10,4,5,3970,39,16,6.81,3.6
2020-03-21,4,10,6,6,4558,17,3,6.9,3.6
2020-03-21,4,11,2,1,4754,16,28,6.81,38.0
2020-03-21,4,11,1,2,4297,48,44,6.79,38.0
2020-03-21,4,11,3,3,4486,52,8,6.88,38.0
2020-03-21,4,11,5,4,4324,34,10,6.78,38.0
2020-03-21,4,11,6,5,4962,26,64,6.86,38.0
2020-03-21,4,11,4,6,3911,40,50,6.86,38.0
2020-03-21,4,12,1,1,4643,18,32,6.83,15.4
2020-03-21,4,12,3,2,4331,10,30,6.87,15.4
2020-03-21,4,12,2,3,3629,45,39,6.83,15.4
2020-03-21,4,12,6,4,4537,43,31,6.79,15.4
2020-03-21,4,12,5,5,4134,64,19,6.92,15.4
2020-03-21,4,12,4,6,4527,61,45,6.85,15.4
2020-03-22,5,1,1,1,4009,6,11,6.79,13.2
2020-03-22,5,1,3,2,3973,8,53,6.79,13.2
2020-03-22,5,1,6,3,4258,41,59,6.88,13.2
2020-03-22,5,1,2,4,5031,50,62,6.8,13.2
2020-03-22,5,1,4,5,4316,62,40,6.82,13.2
2020-03-22,5,1,5,6,3701,60,21,6.98,13.2
2020-03-22,5,2,3,1,4527,61,45,6.86,24.7
2020-03-22,5,2,1,2,3660,21,57,6.84,24.7
2020-03-22,5,2,5,3,3787,57,34,6.88,24.7
2020-03-22,5,2,6,4,3910,30,12,6.87,24.7
2020-03-22,5,2,2,5,4976,29,63,6.81,24.7
2020-03-22,5,2,4,6,3762,23,36,6.89,24.7
2020-03-22,5,3,5,1,4324,34,10,6.83,68.7
2020-03-22,5,3,2,2,4134,64,19,6.87,68.7
2020-03-22,5,3,3,3,4966,9,24,6.85,68.7
2020-03-22,5,3,6,4,4754,16,28,6.81,68.7
2020-03-22,5,3,1,5,4899,11,37,6.81,68.7
2020-03-22,5,3,4,6,4452,12,2,6.89,68.7
2020-03-22,5,4,1,1,3629,45,39,6.82,80.2
2020-03-22,5,4,5,2,4558,17,3,6.89,80.2
2020-03-22,5,4,3,3,3571,65,20,6.78,80.2
2020-03-22,5,4,6,4,4096,3,43,6.93,80.2
2020-03-22,5,4,4,5,3742,27,66,6.92,80.2
2020-03-22,5,4,2,6,3823,4,25,6.85,80.2
2020-03-22,5,5,1,1,3686,59,5,6.78,154.7
2020-03-22,5,5,6,2,3553,25,55,6.9,154.7
2020-03-22,5,5,5,3,4508,54,35,6.9,154.7
2020-03-22,5,5,4,4,3690,22,46,6.85,154.7
2020-03-22,5,5,2,5,4331,10,30,6.76,154.7
2020-03-22,5,5,3,6,4486,52,8,6.77,154.7
2020-03-22,5,6,1,1,3986,51,27,6.76,40.9
2020-03-22,5,6,4,2,3970,39,16,6.8,40.9
2020-03-22,5,6,5,3,3911,40,50,6.88,40.9
2020-03-22,5,6,2,4,4003,33,58,6.81,40.9
2020-03-22,5,6,3,5,4695,63,6,6.83,40.9
2020-03-22,5,6,6,6,4297,48,44,6.86,40.9
2020-03-22,5,7,6,1,4413,49,51,6.89,780.2
2020-03-22,5,7,5,2,4316,62,40,6.89,780.2
2020-03-22,5,7,2,3,4962,26,64,6.87,780.2
2020-03-22,5,7,4,4,3731,47,14,6.94,780.2
2020-03-22,5,7,3,5,4452,12,2,6.87,780.2
2020-03-22,5,7,1,6,4377,24,54,6.9,780.2
2020-03-22,5,8,1,1,4356,1,1,6.84,36.6
2020-03-22,5,8,5,2,3973,8,53,6.87,36.6
2020-03-22,5,8,2,3,3742,27,66,6.87,36.6
2020-03-22,5,8,4,4,4643,18,32,6.85,36.6
2020-03-22,5,8,3,5,3660,21,57,6.91,36.6
2020-03-22,5,8,6,6,3762,23,36,6.92,36.6
2020-03-22,5,9,1,1,4324,34,10,6.79,6.2
2020-03-22,5,9,2,2,4096,3,43,6.92,6.2
2020-03-22,5,9,3,3,3686,59,5,6.95,6.2
2020-03-22,5,9,4,4,4134,64,19,6.95,6.2
2020-03-22,5,9,6,5,3629,45,39,6.85,6.2
2020-03-22,5,9,5,6,4331,10,30,6.95,6.2
2020-03-22,5,10,1,1,4754,16,28,6.8,13.0
2020-03-22,5,10,2,2,4486,52,8,6.82,13.0
2020-03-22,5,10,5,3,3986,51,27,6.82,13.0
2020-03-22,5,10,6,4,4377,24,54,6.87,13.0
2020-03-22,5,10,3,5,4297,48,44,6.9,13.0
2020-03-22,5,10,4,6,3571,65,20,6.84,13.0
2020-03-22,5,11,1,1,4413,49,51,6.86,7.5
2020-03-22,5,11,3,2,4962,26,64,6.84,7.5
2020-03-22,5,11,2,3,4356,1,1,6.77,7.5
2020-03-22,5,11,6,4,4899,11,37,6.87,7.5
2020-03-22,5,11,4,5,4695,63,6,6.88,7.5
2020-03-22,5,11,5,6,3823,4,25,6.92,7.5
2020-03-22,5,12,1,1,3731,47,14,6.84,65.8
2020-03-22,5,12,2,2,4966,9,24,6.8,65.8
2020-03-22,5,12,6,3,3970,39,16,6.84,65.8
2020-03-22,5,12,4,4,4508,54,35,6.8,65.8
2020-03-22,5,12,3,5,4643,18,32,6.77,65.8
2020-03-22,5,12,5,6,4003,33,58,6.87,65.8
2020-03-23,6,1,1,1,4258,41,59,6.84,7.5
2020-03-23,6,1,2,2,4508,54,35,6.79,7.5
2020-03-23,6,1,3,3,3973,8,53,6.82,7.5
2020-03-23,6,1,4,4,3911,40,50,6.81,7.5
2020-03-23,6,1,6,5,3660,21,57,6.95,7.5
2020-03-23,6,1,5,6,4966,9,24,6.79,7.5
2020-03-23,6,2,2,1,3787,57,34,6.89,98.3
2020-03-23,6,2,5,2,4558,17,3,6.91,98.3
2020-03-23,6,2,4,3,5031,50,62,6.8,98.3
2020-03-23,6,2,1,4,3553,25,55,6.87,98.3
2020-03-23,6,2,3,5,4976,29,63,6.91,98.3
2020-03-23,6,2,6,6,3762,23,36,6.8,98.3
2020-03-23,6,3,1,1,3823,4,25,6.84,18.9
2020-03-23,6,3,3,2,4527,61,45,6.84,18.9
2020-03-23,6,3,5,3,4377,24,54,6.87,18.9
2020-03-23,6,3,6,4,3731,47,14,6.98,18.9
2020-03-23,6,3,4,5,3742,27,66,6.91,18.9
2020-03-23,6,3,2,6,3701,60,21,6.86,18.9
2020-03-23,6,4,1,1,4134,64,19,6.77,10.1
2020-03-23,6,4,3,2,4316,62,40,6.79,10.1
2020-03-23,6,4,4,3,4452,12,2,6.86,10.1
2020-03-23,6,4,2,4,3571,65,20,6.86,10.1
2020-03-23,6,4,5,5,4003,33,49,6.95,10.1
2020-03-23,6,4,6,6,4009,6,11,6.9,10.1
2020-03-23,6,5,1,1,3629,45,56,6.75,25.9
2020-03-23,6,5,5,2,4508,54,35,6.84,25.9
2020-03-23,6,5,2,3,4695,63,6,6.87,25.9
2020-03-23,6,5,4,4,3690,22,46,6.9,25.9
2020-03-23,6,5,3,5,3970,39,16,6.83,25.9
2020-03-23,6,5,6,6,3910,30,12,6.87,25.9
2020-03-23,6,6,1,1,3986,51,27,6.74,32.8
2020-03-23,6,6,6,2,3686,59,5,6.8,32.8
2020-03-23,6,6,5,3,4258,41,59,6.88,32.8
2020-03-23,6,6,2,4,4643,18,32,6.74,32.8
2020-03-23,6,6,4,5,4899,11,37,6.83,32.8
2020-03-23,6,6,3,6,3553,25,55,6.86,32.8
2020-03-23,6,7,1,1,4331,10,30,6.79,15.4
2020-03-23,6,7,6,2,4356,1,1,6.8,15.4
2020-03-23,6,7,2,3,3911,40,50,6.8,15.4
2020-03-23,6,7,5,4,3742,27,66,6.87,15.4
2020-03-23,6,7,3,5,3701,60,21,6.85,15.4
2020-03-23,6,7,4,6,3787,57,34,6.87,15.4
2020-03-23,6,8,1,1,4297,48,44,6.75,9.8
2020-03-23,6,8,4,2,3731,47,14,6.76,9.8
2020-03-23,6,8,2,3,4003,33,49,6.77,9.8
2020-03-23,6,8,3,4,4009,6,11,6.7,9.8
2020-03-23,6,8,6,5,4976,29,63,6.76,9.8
2020-03-23,6,8,5,6,4527,61,45,6.75,9.8
2020-03-23,6,9,1,1,3970,39,16,6.72,15.3
2020-03-23,6,9,5,2,4643,18,32,6.79,15.3
2020-03-23,6,9,3,3,3690,22,46,6.81,15.3
2020-03-23,6,9,4,4,3973,8,53,6.75,15.3
2020-03-23,6,9,6,5,5031,50,62,6.77,15.3
2020-03-23,6,9,2,6,4558,17,3,6.75,15.3
2020-03-23,6,10,4,1,3629,45,56,6.74,36.3
2020-03-23,6,10,1,2,3686,59,5,6.82,36.3
2020-03-23,6,10,2,3,4377,24,54,6.81,36.3
2020-03-23,6,10,5,4,3571,65,20,6.73,36.3
2020-03-23,6,10,6,5,3823,4,25,6.86,36.3
2020-03-23,6,10,3,6,4899,11,37,6.76,36.3
2020-03-23,6,11,1,1,4356,1,1,6.65,6.2
2020-03-23,6,11,2,2,3986,51,27,6.73,6.2
2020-03-23,6,11,3,3,4134,64,19,6.86,6.2
2020-03-23,6,11,4,4,4297,48,44,6.82,6.2
2020-03-23,6,11,5,5,4695,63,6,6.82,6.2
2020-03-23,6,11,6,6,4331,10,30,6.76,6.2
2020-03-23,6,12,2,1,4754,16,28,6.83,44.8
2020-03-23,6,12,1,2,4413,49,51,6.73,44.8
2020-03-23,6,12,3,3,4324,34,10,6.78,44.8
2020-03-23,6,12,5,4,4486,52,8,6.82,44.8
2020-03-23,6,12,4,5,4096,3,43,6.76,44.8
2020-03-23,6,12,6,6,4962,26,64,6.73,44.8
2020-03-30,1,1,5,1,4653,2,25,6.79,25.3
2020-03-30,1,1,4,2,4336,15,59,6.8,25.3
2020-03-30,1,1,6,3,3654,23,36,6.74,25.3
2020-03-30,1,1,1,4,4299,4,22,6.86,25.3
2020-03-30,1,1,3,5,2935,24,30,6.83,25.3
2020-03-30,1,1,2,6,4891,54,45,6.76,25.3
2020-03-30,1,2,1,1,4273,28,31,6.74,18.8
2020-03-30,1,2,2,2,5017,20,52,6.78,18.8
2020-03-30,1,2,6,3,4485,31,4,6.78,18.8
2020-03-30,1,2,3,4,3710,5,34,6.8,18.8
2020-03-30,1,2,5,5,3186,16,49,6.84,18.8
2020-03-30,1,2,4,6,5047,19,60,6.78,18.8
2020-03-30,1,3,1,1,4114,18,55,6.74,28.2
2020-03-30,1,3,6,2,3554,27,29,6.8,28.2
2020-03-30,1,3,2,3,4855,36,14,6.75,28.2
2020-03-30,1,3,5,4,4447,30,33,6.82,28.2
2020-03-30,1,3,3,5,4319,29,26,6.78,28.2
2020-03-30,1,3,4,6,4458,59,61,6.77,28.2
2020-03-30,1,4,5,1,4773,39,53,6.79,264.3
2020-03-30,1,4,4,2,4137,34,13,6.78,264.3
2020-03-30,1,4,6,3,3334,14,57,6.73,264.3
2020-03-30,1,4,2,4,3304,49,8,6.81,264.3
2020-03-30,1,4,1,5,3020,26,47,6.73,264.3
2020-03-30,1,4,3,6,4752,25,48,6.69,264.3
2020-03-30,1,5,4,1,3613,7,44,6.82,200.6
2020-03-30,1,5,2,2,3802,55,65,6.87,200.6
2020-03-30,1,5,1,3,3975,35,41,6.76,200.6
2020-03-30,1,5,3,4,4427,44,32,6.79,200.6
2020-03-30,1,5,5,5,3551,66,56,6.71,200.6
2020-03-30,1,5,6,6,4390,47,43,6.82,200.6
2020-03-30,1,6,3,1,3963,37,46,6.76,8.6
2020-03-30,1,6,1,2,4304,32,63,6.85,8.6
2020-03-30,1,6,6,3,3641,58,9,6.85,8.6
2020-03-30,1,6,4,4,4567,53,23,6.85,8.6
2020-03-30,1,6,2,5,4833,57,17,6.82,8.6
2020-03-30,1,6,5,6,4299,4,22,6.86,8.6
2020-03-30,1,7,1,1,3458,38,62,6.79,9.7
2020-03-30,1,7,2,2,3422,46,51,6.74,9.7
2020-03-30,1,7,6,3,3710,5,34,6.92,9.7
2020-03-30,1,7,3,4,4863,65,20,6.76,9.7
2020-03-30,1,7,5,5,4289,8,15,6.71,9.7
2020-03-30,1,7,4,6,4525,62,11,6.76,9.7
2020-03-30,1,8,1,1,3300,13,19,6.83,23.2
2020-03-30,1,8,3,2,3859,56,7,6.8,23.2
2020-03-30,1,8,4,3,4653,2,25,6.82,23.2
2020-03-30,1,8,2,4,3684,64,38,6.79,23.2
2020-03-30,1,8,6,5,4458,59,61,6.8,23.2
2020-03-30,1,8,5,6,4752,25,48,6.87,23.2
2020-03-30,1,9,4,1,5017,20,52,6.85,549.3
2020-03-30,1,9,5,2,3304,49,8,6.84,549.3
2020-03-30,1,9,3,3,4114,18,55,6.91,549.3
2020-03-30,1,9,2,4,4852,50,6,6.84,549.3
2020-03-30,1,9,6,5,4336,15,59,6.91,549.3
2020-03-30,1,9,1,6,4427,44,32,6.76,549.3
2020-03-30,1,10,1,1,4137,34,13,6.87,10.1
2020-03-30,1,10,3,2,3641,58,9,6.95,10.1
2020-03-30,1,10,5,3,3975,35,41,6.78,10.1
2020-03-30,1,10,4,4,4485,31,4,6.86,10.1
2020-03-30,1,10,2,5,3654,23,36,6.87,10.1
2020-03-30,1,10,6,6,4319,29,26,6.95,10.1
2020-03-30,1,11,1,1,4289,8,15,6.75,6.7
2020-03-30,1,11,2,2,3334,14,57,6.84,6.7
2020-03-30,1,11,3,3,4304,32,63,6.9,6.7
2020-03-30,1,11,5,4,4891,54,45,6.97,6.7
2020-03-30,1,11,6,5,3802,55,65,6.87,6.7
2020-03-30,1,11,4,6,4447,30,33,6.84,6.7
2020-03-30,1,12,1,1,3422,46,51,6.83,101.2
2020-03-30,1,12,6,2,4852,50,6,6.8,101.2
2020-03-30,1,12,2,3,3613,7,44,6.85,101.2
2020-03-30,1,12,3,4,3300,13,19,6.95,101.2
2020-03-30,1,12,4,5,3554,27,29,6.81,101.2
2020-03-30,1,12,5,6,3963,37,46,6.81,101.2
2020-03-31,2,1,1,1,3859,56,7,6.81,83.2
2020-03-31,2,1,5,2,4319,29,26,6.76,83.2
2020-03-31,2,1,2,3,4752,25,48,6.73,83.2
2020-03-31,2,1,3,4,4273,28,31,6.82,83.2
2020-03-31,2,1,4,5,3654,23,36,6.81,83.2
2020-03-31,2,1,6,6,4304,32,63,6.83,83.2
2020-03-31,2,2,3,1,4567,53,23,6.8,45.2
2020-03-31,2,2,1,2,3710,5,34,6.76,45.2
2020-03-31,2,2,4,3,4390,47,43,6.78,45.2
2020-03-31,2,2,6,4,2935,24,30,6.79,45.2
2020-03-31,2,2,2,5,4525,62,11,6.75,45.2
2020-03-31,2,2,5,6,5047,19,60,6.73,45.2
2020-03-31,2,3,4,1,4855,36,14,6.8,556.1
2020-03-31,2,3,6,2,3422,46,51,6.71,556.1
2020-03-31,2,3,1,3,3551,66,56,6.71,556.1
2020-03-31,2,3,3,4,4653,2,25,6.76,556.1
2020-03-31,2,3,2,5,4863,65,20,6.7,556.1
2020-03-31,2,3,5,6,3334,14,57,6.79,556.1
2020-03-31,2,4,4,1,3684,64,38,6.81,39.8
2020-03-31,2,4,2,2,4336,15,59,6.86,39.8
2020-03-31,2,4,6,3,3963,37,46,6.88,39.8
2020-03-31,2,4,5,4,3802,55,65,6.93,39.8
2020-03-31,2,4,3,5,3020,26,47,6.76,39.8
2020-03-31,2,4,1,6,4458,59,61,6.84,39.8
2020-03-31,2,5,1,1,3304,49,8,6.85,7.1
2020-03-31,2,5,4,2,3300,13,19,6.85,7.1
2020-03-31,2,5,5,3,5017,20,52,6.79,7.1
2020-03-31,2,5,3,4,4891,54,45,6.88,7.1
2020-03-31,2,5,6,5,4273,28,31,6.77,7.1
2020-03-31,2,5,2,6,4447,30,33,6.91,7.1
2020-03-31,2,6,2,1,3458,38,62,6.87,56.8
2020-03-31,2,6,6,2,4137,34,13,6.8,56.8
2020-03-31,2,6,3,3,4485,31,4,6.78,56.8
2020-03-31,2,6,1,4,3186,16,49,6.87,56.8
2020-03-31,2,6,5,5,4852,50,6,6.85,56.8
2020-03-31,2,6,4,6,3859,56,7,6.89,56.8
2020-03-31,2,7,3,1,4833,57,17,6.85,205.7
2020-03-31,2,7,2,2,3554,27,29,6.83,205.7
2020-03-31,2,7,5,3,3613,7,44,6.82,205.7
2020-03-31,2,7,1,4,4319,29,26,6.8,205.7
2020-03-31,2,7,6,5,4299,4,22,6.98,205.7
2020-03-31,2,7,4,6,2935,24,30,6.9,205.7
2020-03-31,2,8,1,1,3641,58,9,6.9,13.3
2020-03-31,2,8,3,2,4773,39,53,6.8,13.3
2020-03-31,2,8,4,3,3963,37,46,6.87,13.3
2020-03-31,2,8,5,4,4855,36,14,6.89,13.3
2020-03-31,2,8,6,5,5047,19,60,6.82,13.3
2020-03-31,2,8,2,6,3975,35,41,6.78,13.3
2020-03-31,2,9,6,1,4427,44,32,6.81,384.8
2020-03-31,2,9,4,2,3020,26,47,6.88,384.8
2020-03-31,2,9,2,3,3300,13,19,6.82,384.8
2020-03-31,2,9,3,4,4390,47,43,6.86,384.8
2020-03-31,2,9,1,5,3334,14,57,6.81,384.8
2020-03-31,2,9,5,6,4304,32,63,6.95,384.8
2020-03-31,2,10,4,1,4289,8,15,6.81,137.4
2020-03-31,2,10,3,2,4852,50,6,6.91,137.4
2020-03-31,2,10,6,3,4447,30,33,6.78,137.4
2020-03-31,2,10,5,4,3422,46,51,6.84,137.4
2020-03-31,2,10,1,5,3654,23,36,6.83,137.4
2020-03-31,2,10,2,6,4114,18,55,6.86,137.4
2020-03-31,2,11,3,1,4137,34,13,6.88,34.7
2020-03-31,2,11,1,2,3613,7,44,6.72,34.7
2020-03-31,2,11,6,3,4653,2,25,6.84,34.7
2020-03-31,2,11,2,4,4567,53,23,6.81,34.7
2020-03-31,2,11,5,5,4336,15,59,6.89,34.7
2020-03-31,2,11,4,6,3304,49,8,6.82,34.7
2020-03-31,2,12,1,1,3554,27,29,6.82,10.5
2020-03-31,2,12,3,2,3458,38,62,6.81,10.5
2020-03-31,2,12,2,3,3641,58,9,6.81,10.5
2020-03-31,2,12,6,4,3684,64,38,6.83,10.5
2020-03-31,2,12,5,5,4525,62,11,6.86,10.5
2020-03-31,2,12,4,6,4427,44,32,6.82,10.5
2020-04-01,3,1,1,1,4485,31,4,6.82,16.5
2020-04-01,3,1,3,2,3975,35,41,6.79,16.5
2020-04-01,3,1,2,3,4273,28,31,6.8,16.5
2020-04-01,3,1,5,4,3458,38,62,6.85,16.5
2020-04-01,3,1,6,5,3304,49,8,6.82,16.5
2020-04-01,3,1,4,6,4773,39,53,6.83,16.5
2020-04-01,3,2,6,1,3186,16,49,6.82,250.5
2020-04-01,3,2,2,2,3551,66,56,6.71,250.5
2020-04-01,3,2,5,3,4114,18,55,6.84,250.5
2020-04-01,3,2,3,4,4458,59,61,6.79,250.5
2020-04-01,3,2,4,5,4863,65,20,6.79,250.5
2020-04-01,3,2,1,6,2935,24,30,6.8,250.5
2020-04-01,3,3,1,1,3802,55,65,6.78,360.4
2020-04-01,3,3,6,2,5047,19,60,6.71,360.4
2020-04-01,3,3,4,3,3641,58,9,6.84,360.4
2020-04-01,3,3,5,4,3654,23,36,6.79,360.4
2020-04-01,3,3,2,5,4289,8,15,6.74,360.4
2020-04-01,3,3,3,6,4299,4,22,6.83,360.4
2020-04-01,3,4,2,1,3963,37,46,6.77,18.8
2020-04-01,3,4,1,2,4390,47,43,6.74,18.8
2020-04-01,3,4,3,3,3334,14,57,6.8,18.8
2020-04-01,3,4,4,4,4852,50,6,6.81,18.8
2020-04-01,3,4,6,5,3859,56,7,6.81,18.8
2020-04-01,3,4,5,6,4567,53,23,6.81,18.8
2020-04-01,3,5,1,1,4653,2,25,6.79,35.7
2020-04-01,3,5,4,2,4137,34,13,6.76,35.7
2020-04-01,3,5,6,3,3020,26,47,6.81,35.7
2020-04-01,3,5,3,4,4427,44,32,6.75,35.7
2020-04-01,3,5,5,5,4833,57,17,6.9,35.7
2020-04-01,3,5,2,6,4773,39,53,6.72,35.7
2020-04-01,3,6,1,1,3684,64,38,6.77,11.3
2020-04-01,3,6,6,2,3300,13,19,6.86,11.3
2020-04-01,3,6,5,3,3554,27,29,6.87,11.3
2020-04-01,3,6,2,4,3186,16,49,6.81,11.3
2020-04-01,3,6,4,5,4891,54,45,6.83,11.3
2020-04-01,3,6,3,6,4855,36,14,6.78,11.3
2020-04-01,3,7,3,1,3613,7,44,6.83,17.1
2020-04-01,3,7,4,2,3710,5,34,6.85,17.1
2020-04-01,3,7,6,3,3458,38,62,6.83,17.1
2020-04-01,3,7,5,4,4863,65,20,6.86,17.1
2020-04-01,3,7,1,5,4447,30,33,6.74,17.1
2020-04-01,3,7,2,6,4299,4,22,6.8,17.1
2020-04-01,3,8,1,1,4336,15,59,6.85,5.3
2020-04-01,3,8,2,2,4319,29,26,6.72,5.3
2020-04-01,3,8,4,3,3422,46,51,6.72,5.3
2020-04-01,3,8,5,4,4273,28,31,6.81,5.3
2020-04-01,3,8,6,5,4114,18,55,6.81,5.3
2020-04-01,3,8,3,6,4525,62,11,6.71,5.3
2020-04-01,3,9,1,1,4852,50,6,6.84,9.1
2020-04-01,3,9,3,2,3304,49,8,6.82,9.1
2020-04-01,3,9,2,3,4653,2,25,6.9,9.1
2020-04-01,3,9,5,4,3641,58,9,6.88,9.1
2020-04-01,3,9,6,5,3551,66,56,6.81,9.1
2020-04-01,3,9,4,6,4752,25,48,6.87,9.1
2020-04-01,3,11,1,1,3554,27,29,6.82,3.8
2020-04-01,3,11,2,2,4137,34,13,6.83,3.8
2020-04-01,3,11,3,3,4336,15,59,6.9,3.8
2020-04-01,3,11,6,4,3975,35,41,6.82,3.8
2020-04-01,3,11,4,5,4447,30,33,6.83,3.8
2020-04-01,3,11,5,6,5047,19,60,6.84,3.8
2020-04-01,3,12,1,1,3422,46,51,6.76,6.6
2020-04-01,3,12,2,2,4427,44,32,6.85,6.6
2020-04-01,3,12,3,3,3654,23,36,6.84,6.6
2020-04-01,3,12,6,4,3613,7,44,6.82,6.6
2020-04-01,3,12,4,5,3334,14,57,6.8,6.6
2020-04-01,3,12,5,6,3684,64,38,6.86,6.6
2020-04-02,4,1,2,1,3710,5,34,6.82,41.4
2020-04-02,4,1,1,2,3859,56,7,6.76,41.4
2020-04-02,4,1,3,3,4304,32,63,6.78,41.4
2020-04-02,4,1,5,4,4319,29,26,6.74,41.4
2020-04-02,4,1,4,5,3186,16,49,6.77,41.4
2020-04-02,4,1,6,6,4863,65,20,6.78,41.4
2020-04-02,4,2,5,1,2935,24,30,6.79,143.6
2020-04-02,4,2,1,2,4752,25,48,6.77,143.6
2020-04-02,4,2,2,3,3020,26,47,6.79,143.6
2020-04-02,4,2,3,4,4458,59,61,6.81,143.6
2020-04-02,4,2,4,5,4299,4,22,6.83,143.6
2020-04-02,4,2,6,6,4525,62,11,6.74,143.6
2020-04-02,4,3,1,1,4855,36,14,6.79,40.8
2020-04-02,4,3,5,2,3963,37,46,6.76,40.8
2020-04-02,4,3,4,3,5017,20,54,6.77,40.8
2020-04-02,4,3,6,4,4427,44,32,6.76,40.8
2020-04-02,4,3,2,5,3304,49,8,6.72,40.8
2020-04-02,4,3,3,6,4891,54,45,6.81,40.8
2020-04-02,4,4,1,1,4773,39,53,6.8,27.3
2020-04-02,4,4,2,2,3641,58,9,6.9,27.3
2020-04-02,4,4,3,3,3802,55,65,6.75,27.3
2020-04-02,4,4,5,4,3458,38,62,6.78,27.3
2020-04-02,4,4,6,5,3554,27,29,6.79,27.3
2020-04-02,4,4,4,6,3551,66,56,6.67,27.3
2020-04-02,4,5,1,1,3975,35,41,6.81,11.8
2020-04-02,4,5,2,2,4485,31,4,6.8,11.8
2020-04-02,4,5,4,3,4653,2,25,6.82,11.8
2020-04-02,4,5,3,4,4852,50,6,6.82,11.8
2020-04-02,4,5,5,5,4114,18,55,6.79,11.8
2020-04-02,4,5,6,6,4833,57,17,6.81,11.8
2020-04-02,4,6,1,1,4567,53,23,6.67,16.6
2020-04-02,4,6,2,2,4336,15,59,6.8,16.6
2020-04-02,4,6,3,3,4447,30,33,6.73,16.6
2020-04-02,4,6,6,4,3613,7,44,6.7,16.6
2020-04-02,4,6,4,5,4752,25,48,6.78,16.6
2020-04-02,4,6,5,6,3422,46,51,6.81,16.6
2020-04-02,4,8,1,1,3300,13,19,6.78,16.0
2020-04-02,4,8,3,2,4273,28,31,6.74,16.0
2020-04-02,4,8,2,3,3654,23,36,6.81,16.0
2020-04-02,4,8,5,4,4390,47,43,6.83,16.0
2020-04-02,4,8,4,5,4427,44,32,6.81,16.0
2020-04-02,4,8,6,6,5047,19,60,6.71,16.0
2020-04-02,4,9,2,1,3963,37,46,6.77,334.7
2020-04-02,4,9,5,2,3304,49,8,6.85,334.7
2020-04-02,4,9,4,3,3641,58,9,6.87,334.7
2020-04-02,4,9,1,4,3554,27,29,6.79,334.7
2020-04-02,4,9,6,5,3859,56,7,6.8,334.7
2020-04-02,4,9,3,6,4653,2,25,6.9,334.7
2020-04-02,4,10,1,1,3613,7,44,6.7,37.2
2020-04-02,4,10,4,2,4852,50,6,6.78,37.2
2020-04-02,4,10,6,3,4855,36,14,6.86,37.2
2020-04-02,4,10,3,4,3684,64,38,6.78,37.2
2020-04-02,4,10,2,5,3458,38,62,6.85,37.2
2020-04-02,4,10,5,6,3710,5,34,6.79,37.2
2020-04-02,4,11,1,1,4137,34,13,6.84,6.7
2020-04-02,4,11,3,2,3300,13,19,6.83,6.7
2020-04-02,4,11,2,3,3422,46,51,6.71,6.7
2020-04-02,4,11,5,4,4485,31,4,6.83,6.7
2020-04-02,4,11,6,5,4567,53,23,6.75,6.7
2020-04-02,4,11,4,6,3802,55,65,6.76,6.7
2020-04-02,4,12,5,1,3551,66,56,6.77,283.2
2020-04-02,4,12,1,2,4304,32,63,6.87,283.2
2020-04-02,4,12,2,3,3334,14,57,6.83,283.2
2020-04-02,4,12,4,4,4447,30,33,6.76,283.2
2020-04-02,4,12,3,5,4525,62,11,6.86,283.2
2020-04-02,4,12,6,6,4891,54,45,6.8,283.2
2020-04-03,5,1,4,1,4458,59,61,6.84,183.8
2020-04-03,5,1,2,2,3186,16,49,6.84,183.8
2020-04-03,5,1,5,3,4273,28,31,6.82,183.8
2020-04-03,5,1,6,4,4773,39,53,6.81,183.8
2020-04-03,5,1,3,5,4114,18,55,6.82,183.8
2020-04-03,5,1,1,6,4833,57,17,6.88,183.8
2020-04-03,5,2,2,1,3551,66,56,6.66,19.8
2020-04-03,5,2,3,2,4390,47,43,6.85,19.8
2020-04-03,5,2,5,3,3020,26,47,6.78,19.8
2020-04-03,5,2,6,4,5047,19,60,6.77,19.8
2020-04-03,5,2,4,5,4299,4,22,6.84,19.8
2020-04-03,5,2,1,6,4525,62,11,6.75,19.8
2020-04-03,5,3,3,1,3859,56,7,6.85,447.1
2020-04-03,5,3,4,2,4485,31,4,6.82,447.1
2020-04-03,5,3,2,3,3334,14,57,6.76,447.1
2020-04-03,5,3,6,4,3641,58,9,6.83,447.1
2020-04-03,5,3,5,5,4336,15,59,6.86,447.1
2020-04-03,5,3,1,6,3710,5,34,6.78,447.1
2020-04-03,5,4,4,1,4447,30,33,6.75,86.8
2020-04-03,5,4,2,2,4567,53,23,6.72,86.8
2020-04-03,5,4,5,3,4855,36,14,6.83,86.8
2020-04-03,5,4,1,4,4863,65,20,6.75,86.8
2020-04-03,5,4,3,5,2935,24,30,6.79,86.8
2020-04-03,5,4,6,6,4304,32,63,6.93,86.8
2020-04-03,5,5,4,1,4427,44,32,6.76,102.9
2020-04-03,5,5,2,2,3802,55,65,6.79,102.9
2020-04-03,5,5,1,3,3458,38,62,6.73,102.9
2020-04-03,5,5,3,4,3975,35,41,6.78,102.9
2020-04-03,5,5,5,5,3186,16,49,6.79,102.9
2020-04-03,5,5,6,6,4752,25,48,6.85,102.9
2020-04-03,5,6,5,1,3554,27,29,6.81,136.5
2020-04-03,5,6,6,2,3654,23,36,6.86,136.5
2020-04-03,5,6,3,3,4833,57,17,6.85,136.5
2020-04-03,5,6,1,4,4891,54,45,6.81,136.5
2020-04-03,5,6,4,5,4390,47,43,6.86,136.5
2020-04-03,5,6,2,6,4319,29,26,6.76,136.5
2020-04-03,5,7,1,1,4653,2,25,6.79,7.4
2020-04-03,5,7,6,2,3422,46,51,6.81,7.4
2020-04-03,5,7,2,3,4273,28,31,6.76,7.4
2020-04-03,5,7,4,4,3334,14,57,6.8,7.4
2020-04-03,5,7,5,5,5047,19,60,6.75,7.4
2020-04-03,5,7,3,6,4299,4,22,6.86,7.4
2020-04-03,5,8,1,1,3684,64,38,6.83,16.7
2020-04-03,5,8,4,2,4336,15,59,6.9,16.7
2020-04-03,5,8,6,3,5017,20,54,6.78,16.7
2020-04-03,5,8,3,4,3020,26,47,6.74,16.7
2020-04-03,5,8,2,5,4304,32,63,6.81,16.7
2020-04-03,5,8,5,6,4863,65,20,6.82,16.7
2020-04-03,5,9,1,1,4427,44,32,6.72,63.3
2020-04-03,5,9,6,2,3975,35,41,6.81,63.3
2020-04-03,5,9,2,3,2935,24,30,6.85,63.3
2020-04-03,5,9,4,4,4114,18,55,6.96,63.3
2020-04-03,5,9,5,5,4773,39,53,6.84,63.3
2020-04-03,5,9,3,6,4319,29,26,6.82,63.3
2020-04-03,5,10,4,1,3458,38,62,6.83,40.3
2020-04-03,5,10,1,2,3641,58,9,6.82,40.3
2020-04-03,5,10,6,3,4653,2,25,6.92,40.3
2020-04-03,5,10,3,4,4485,31,4,6.76,40.3
2020-04-03,5,10,5,5,4567,53,23,6.8,40.3
2020-04-03,5,10,2,6,4855,36,14,6.85,40.3
2020-04-03,5,11,1,1,3422,46,51,6.78,3.9
2020-04-03,5,11,2,2,3554,27,29,6.85,3.9
2020-04-03,5,11,3,3,3684,64,38,6.82,3.9
2020-04-03,5,11,5,4,3802,55,65,6.89,3.9
2020-04-03,5,11,6,5,3710,5,34,6.87,3.9
2020-04-03,5,11,4,6,3859,56,7,6.92,3.9
2020-04-03,5,12,5,1,4852,50,6,6.91,264.7
2020-04-03,5,12,2,2,3613,7,44,6.85,264.7
2020-04-03,5,12,1,3,4137,34,13,6.87,264.7
2020-04-03,5,12,6,4,3304,49,8,6.85,264.7
2020-04-03,5,12,4,5,3300,13,19,6.86,264.7
2020-04-03,5,12,3,6,3963,37,46,6.88,264.7
2020-04-16,1,1,1,1,4122,46,41,6.74,33.4
2020-04-16,1,1,5,2,4358,21,25,6.88,33.4
2020-04-16,1,1,3,3,4051,45,39,6.96,33.4
2020-04-16,1,1,2,4,4383,54,65,6.9,33.4
2020-04-16,1,1,6,5,3519,13,53,6.9,33.4
2020-04-16,1,1,4,6,3234,30,56,6.87,33.4
2020-04-16,1,2,1,1,3187,41,15,6.86,14.3
2020-04-16,1,2,4,2,4639,56,54,6.83,14.3
2020-04-16,1,2,5,3,3663,11,10,6.84,14.3
2020-04-16,1,2,6,4,3503,9,43,6.86,14.3
2020-04-16,1,2,2,5,3695,53,44,6.87,14.3
2020-04-16,1,2,3,6,3521,25,11,6.92,14.3
2020-04-16,1,3,5,1,4012,27,28,6.85,48.6
2020-04-16,1,3,1,2,4039,8,48,6.86,48.6
2020-04-16,1,3,6,3,4424,60,7,6.83,48.6
2020-04-16,1,3,3,4,4846,23,9,6.9,48.6
2020-04-16,1,3,4,5,3382,66,2,6.78,48.6
2020-04-16,1,3,2,6,3553,57,16,6.93,48.6
2020-04-16,1,4,2,1,4557,24,58,6.78,75.0
2020-04-16,1,4,4,2,3996,10,61,6.82,75.0
2020-04-16,1,4,1,3,4630,12,66,6.78,75.0
2020-04-16,1,4,6,4,4448,55,12,6.83,75.0
2020-04-16,1,4,5,5,4553,61,31,6.82,75.0
2020-04-16,1,4,3,6,5041,36,24,6.91,75.0
2020-04-16,1,5,2,1,4677,1,21,6.82,64.8
2020-04-16,1,5,3,2,4389,44,8,6.84,64.8
2020-04-16,1,5,6,3,4070,33,1,6.83,64.8
2020-04-16,1,5,5,4,4301,62,35,6.9,64.8
2020-04-16,1,5,1,5,4181,15,50,6.88,64.8
2020-04-16,1,5,4,6,4321,51,27,6.8,64.8
2020-04-16,1,6,2,1,5009,2,38,6.84,126.1
2020-04-16,1,6,1,2,3811,35,4,6.86,126.1
2020-04-16,1,6,4,3,3333,64,47,6.86,126.1
2020-04-16,1,6,3,4,4428,4,40,6.85,126.1
2020-04-16,1,6,6,5,3890,6,13,6.82,126.1
2020-04-16,1,6,5,6,5050,43,17,6.86,126.1
2020-04-16,1,7,2,1,4702,3,49,6.84,10.7
2020-04-16,1,7,3,2,4073,14,62,6.87,10.7
2020-04-16,1,7,5,3,4060,17,26,6.83,10.7
2020-04-16,1,7,4,4,3503,9,43,6.88,10.7
2020-04-16,1,7,6,5,3234,30,56,6.93,10.7
2020-04-16,1,7,1,6,4846,23,9,6.88,10.7
2020-04-16,1,8,1,1,3792,22,64,6.88,4.1
2020-04-16,1,8,2,2,3873,32,3,6.9,4.1
2020-04-16,1,8,4,3,3619,40,22,6.92,4.1
2020-04-16,1,8,3,4,4383,54,65,6.89,4.1
2020-04-16,1,8,6,5,5041,36,24,6.83,4.1
2020-04-16,1,8,5,6,3695,53,44,6.82,4.1
2020-04-16,1,9,4,1,4557,24,58,6.88,615.6
2020-04-16,1,9,5,2,3800,52,23,6.92,615.6
2020-04-16,1,9,6,3,3663,11,10,6.88,615.6
2020-04-16,1,9,1,4,4348,48,60,6.83,615.6
2020-04-16,1,9,2,5,3519,13,53,6.84,615.6
2020-04-16,1,9,3,6,4363,58,33,6.72,615.6
2020-04-16,1,10,1,1,4428,4,40,6.89,22.5
2020-04-16,1,10,4,2,4448,55,12,6.89,22.5
2020-04-16,1,10,3,3,4301,62,35,6.87,22.5
2020-04-16,1,10,6,4,4358,21,25,6.82,22.5
2020-04-16,1,10,5,5,4639,56,54,6.83,22.5
2020-04-16,1,10,2,6,4757,63,20,6.96,22.5
2020-04-16,1,11,3,1,3811,35,4,6.91,679.4
2020-04-16,1,11,5,2,4051,45,39,6.93,679.4
2020-04-16,1,11,1,3,4702,3,49,6.88,679.4
2020-04-16,1,11,4,4,4553,61,31,6.77,679.4
2020-04-16,1,11,6,5,4677,1,21,6.9,679.4
2020-04-16,1,11,2,6,4424,60,7,6.78,679.4
2020-04-16,1,12,1,1,3996,10,61,6.85,76.8
2020-04-16,1,12,6,2,4012,27,28,6.85,76.8
2020-04-16,1,12,4,3,4070,33,1,6.95,76.8
2020-04-16,1,12,5,4,4073,14,62,6.95,76.8
2020-04-16,1,12,3,5,3792,22,64,6.9,76.8
2020-04-16,1,12,2,6,3333,64,47,6.88,76.8
2020-04-17,2,1,5,1,4039,8,48,6.84,159.4
2020-04-17,2,1,1,2,4358,21,25,6.77,159.4
2020-04-17,2,1,4,3,3553,57,16,6.96,159.4
2020-04-17,2,1,3,4,4321,51,27,6.76,159.4
2020-04-17,2,1,2,5,4630,12,66,6.79,159.4
2020-04-17,2,1,6,6,3521,25,11,6.9,159.4
2020-04-17,2,2,2,1,4389,44,8,6.88,16.4
2020-04-17,2,2,1,2,3234,30,56,6.87,16.4
2020-04-17,2,2,3,3,4181,15,50,6.89,16.4
2020-04-17,2,2,6,4,3695,53,44,6.88,16.4
2020-04-17,2,2,5,5,5009,2,38,6.84,16.4
2020-04-17,2,2,4,6,5050,43,17,6.84,16.4
2020-04-17,2,3,1,1,3382,66,2,6.78,29.3
2020-04-17,2,3,5,2,4448,55,12,6.92,29.3
2020-04-17,2,3,3,3,3890,6,13,6.79,29.3
2020-04-17,2,3,6,4,4060,17,26,6.81,29.3
2020-04-17,2,3,4,5,3187,41,15,6.85,29.3
2020-04-17,2,3,2,6,3663,11,10,6.75,29.3
2020-04-17,2,4,3,1,4639,56,54,6.8,138.5
2020-04-17,2,4,6,2,4051,45,39,6.95,138.5
2020-04-17,2,4,1,3,4383,54,65,6.89,138.5
2020-04-17,2,4,4,4,4348,48,60,6.91,138.5
2020-04-17,2,4,5,5,4070,33,1,6.89,138.5
2020-04-17,2,4,2,6,5041,36,24,6.85,138.5
2020-04-17,2,5,3,1,4122,46,41,6.8,113.6
2020-04-17,2,5,1,2,4557,24,58,6.85,113.6
2020-04-17,2,5,4,3,3519,13,53,6.85,113.6
2020-04-17,2,5,5,4,3873,32,3,6.95,113.6
2020-04-17,2,5,6,5,4702,3,49,6.83,113.6
2020-04-17,2,5,2,6,4428,4,40,6.87,113.6
2020-04-17,2,6,3,1,4424,60,7,6.83,22.6
2020-04-17,2,6,4,2,4677,1,21,6.84,22.6
2020-04-17,2,6,6,3,4389,44,8,6.91,22.6
2020-04-17,2,6,2,4,3503,9,43,6.83,22.6
2020-04-17,2,6,1,5,3619,40,22,6.87,22.6
2020-04-17,2,6,5,6,4846,23,9,6.88,22.6
2020-04-17,2,7,1,1,3890,6,13,6.87,16.9
2020-04-17,2,7,2,2,3800,52,23,6.91,16.9
2020-04-17,2,7,6,3,3811,35,4,6.88,16.9
2020-04-17,2,7,3,4,4757,63,20,6.93,16.9
2020-04-17,2,7,5,5,4181,15,50,6.97,16.9
2020-04-17,2,7,4,6,3521,25,11,6.94,16.9
2020-04-17,2,8,1,1,4363,58,33,6.77,12.3
2020-04-17,2,8,4,2,4301,62,35,6.94,12.3
2020-04-17,2,8,2,3,3996,10,61,6.86,12.3
2020-04-17,2,8,3,4,3382,66,2,6.74,12.3
2020-04-17,2,8,6,5,5050,43,17,6.87,12.3
2020-04-17,2,8,5,6,3553,57,16,6.87,12.3
2020-04-17,2,9,1,1,4553,61,31,6.74,16.5
2020-04-17,2,9,3,2,3333,64,47,6.8,16.5
2020-04-17,2,9,2,3,3187,41,15,6.9,16.5
2020-04-17,2,9,6,4,4122,46,41,6.91,16.5
2020-04-17,2,9,4,5,4012,27,28,6.92,16.5
2020-04-17,2,9,5,6,4321,51,27,6.84,16.5
2020-04-17,2,10,5,1,4677,1,21,6.81,490.5
2020-04-17,2,10,3,2,5009,2,38,6.81,490.5
2020-04-17,2,10,4,3,4073,14,62,6.84,490.5
2020-04-17,2,10,1,4,3873,32,3,6.91,490.5
2020-04-17,2,10,6,5,4630,12,66,6.79,490.5
2020-04-17,2,10,2,6,3792,22,64,6.84,490.5
2020-04-17,2,11,1,1,4070,33,1,6.83,12.7
2020-04-17,2,11,2,2,4060,17,26,6.84,12.7
2020-04-17,2,11,5,3,4428,4,40,6.95,12.7
2020-04-17,2,11,4,4,4039,8,48,6.85,12.7
2020-04-17,2,11,6,5,3800,52,23,6.91,12.7
2020-04-17,2,11,3,6,3619,40,22,6.98,12.7
2020-04-17,2,12,1,1,4757,63,20,6.94,8.6
2020-04-17,2,12,2,2,4363,58,33,6.87,8.6
2020-04-17,2,12,3,3,4448,55,12,7.04,8.6
2020-04-17,2,12,6,4,4348,48,60,6.92,8.6
2020-04-17,2,12,5,5,4702,3,49,6.98,8.6
2020-04-17,2,12,4,6,4424,60,7,6.88,8.6
2020-04-18,3,1,1,1,3519,13,53,6.76,9.4
2020-04-18,3,1,3,2,3663,11,10,6.82,9.4
2020-04-18,3,1,6,3,4639,56,54,6.73,9.4
2020-04-18,3,1,2,4,3234,30,56,6.85,9.4
2020-04-18,3,1,4,5,5041,36,24,6.88,9.4
2020-04-18,3,1,5,6,3503,9,43,6.9,9.4
2020-04-18,3,2,3,1,4358,21,25,6.88,16.7
2020-04-18,3,2,1,2,3553,57,16,6.85,16.7
2020-04-18,3,2,4,3,3890,6,13,6.82,16.7
2020-04-18,3,2,6,4,4383,54,65,6.87,16.7
2020-04-18,3,2,2,5,4846,23,9,6.87,16.7
2020-04-18,3,2,5,6,5050,43,17,6.82,16.7
2020-04-18,3,3,5,1,3811,35,4,6.83,259.0
2020-04-18,3,3,1,2,5009,2,38,6.86,259.0
2020-04-18,3,3,3,3,3695,53,44,6.83,259.0
2020-04-18,3,3,6,4,4757,63,20,6.89,259.0
2020-04-18,3,3,2,5,4012,27,28,6.85,259.0
2020-04-18,3,3,4,6,4630,12,66,6.85,259.0
2020-04-18,3,4,1,1,4321,51,27,6.75,20.8
2020-04-18,3,4,4,2,3792,22,64,6.8,20.8
2020-04-18,3,4,5,3,3619,40,22,6.89,20.8
2020-04-18,3,4,6,4,4553,61,31,6.83,20.8
2020-04-18,3,4,2,5,3521,25,11,6.87,20.8
2020-04-18,3,4,3,6,4557,24,58,6.89,20.8
2020-04-18,3,5,1,1,4051,45,39,6.76,13.3
2020-04-18,3,5,2,2,4122,46,41,6.72,13.3
2020-04-18,3,5,3,3,4348,48,60,6.85,13.3
2020-04-18,3,5,5,4,3333,64,47,6.82,13.3
2020-04-18,3,5,6,5,3996,10,61,6.91,13.3
2020-04-18,3,5,4,6,4181,15,50,6.83,13.3
2020-04-18,3,6,4,1,3873,32,3,6.89,100.8
2020-04-18,3,6,1,2,4301,62,35,6.79,100.8
2020-04-18,3,6,2,3,4639,56,54,6.7,100.8
2020-04-18,3,6,6,4,3382,66,2,6.71,100.8
2020-04-18,3,6,5,5,3187,41,15,6.8,100.8
2020-04-18,3,6,3,6,4070,33,1,6.83,100.8
2020-04-18,3,7,2,1,4073,14,62,6.77,82.8
2020-04-18,3,7,6,2,4363,58,33,6.68,82.8
2020-04-18,3,7,4,3,4383,54,65,6.84,82.8
2020-04-18,3,7,3,4,4012,27,28,6.79,82.8
2020-04-18,3,7,1,5,4389,44,8,6.78,82.8
2020-04-18,3,7,5,6,3519,13,53,6.85,82.8
2020-04-18,3,8,1,1,4702,3,49,6.85,18.0
2020-04-18,3,8,3,2,4039,8,48,6.78,18.0
2020-04-18,3,8,4,3,4428,4,40,6.74,18.0
2020-04-18,3,8,2,4,4448,55,12,6.82,18.0
2020-04-18,3,8,6,5,4846,23,9,6.76,18.0
2020-04-18,3,8,5,6,3234,30,56,6.74,18.0
2020-04-18,3,9,1,1,4060,17,26,6.76,28.7
2020-04-18,3,9,2,2,4051,45,39,6.75,28.7
2020-04-18,3,9,4,3,3695,53,44,6.84,28.7
2020-04-18,3,9,6,4,3792,22,64,6.79,28.7
2020-04-18,3,9,3,5,3503,9,43,6.88,28.7
2020-04-18,3,9,5,6,4424,60,7,6.71,28.7
2020-04-18,3,10,1,1,4677,1,21,6.72,9.4
2020-04-18,3,10,2,2,4070,33,1,6.83,9.4
2020-04-18,3,10,4,3,4757,63,20,6.89,9.4
2020-04-18,3,10,3,4,3800,52,23,6.79,9.4
2020-04-18,3,10,6,5,4557,24,58,6.85,9.4
2020-04-18,3,10,5,6,5041,36,24,6.81,9.4
2020-04-18,3,11,5,1,4363,58,33,6.77,41.6
2020-04-18,3,11,1,2,3333,64,47,6.76,41.6
2020-04-18,3,11,3,3,3873,32,3,6.88,41.6
2020-04-18,3,11,6,4,3619,40,22,6.93,41.6
2020-04-18,3,11,2,5,3811,35,4,6.84,41.6
2020-04-18,3,11,4,6,4358,21,25,6.81,41.6
2020-04-18,3,12,1,1,4448,55,12,6.71,8.5
2020-04-18,3,12,2,2,4301,62,35,6.83,8.5
2020-04-18,3,12,5,3,3996,10,61,6.92,8.5
2020-04-18,3,12,3,4,4553,61,31,6.83,8.5
2020-04-18,3,12,6,5,4073,14,62,6.79,8.5
2020-04-18,3,12,4,6,3663,11,10,6.85,8.5
2020-04-19,4,1,3,1,4428,4,40,6.88,43.9
2020-04-19,4,1,1,2,4639,56,54,6.67,43.9
2020-04-19,4,1,5,3,4383,54,65,6.89,43.9
2020-04-19,4,1,4,4,4051,45,39,6.8,43.9
2020-04-19,4,1,6,5,3187,41,15,6.92,43.9
2020-04-19,4,1,2,6,4321,51,27,6.73,43.9
2020-04-19,4,2,5,1,4630,12,66,6.77,35.8
2020-04-19,4,2,2,2,3382,66,2,6.77,35.8
2020-04-19,4,2,3,3,3234,30,56,6.87,35.8
2020-04-19,4,2,1,4,3521,25,11,6.88,35.8
2020-04-19,4,2,6,5,5050,43,17,6.81,35.8
2020-04-19,4,2,4,6,4846,23,9,6.87,35.8
2020-04-19,4,3,4,1,4073,14,62,6.85,13.9
2020-04-19,4,3,5,2,4122,46,41,6.74,13.9
2020-04-19,4,3,6,3,3873,32,3,6.89,13.9
2020-04-19,4,3,2,4,4181,15,50,6.87,13.9
2020-04-19,4,3,1,5,3695,53,44,6.79,13.9
2020-04-19,4,3,3,6,3553,57,16,6.88,13.9
2020-04-19,4,4,3,1,3996,10,61,6.91,22.9
2020-04-19,4,4,5,2,3792,22,64,6.83,22.9
2020-04-19,4,4,6,3,4039,8,48,6.79,22.9
2020-04-19,4,4,1,4,3503,9,43,6.86,22.9
2020-04-19,4,4,4,5,5009,2,45,6.79,22.9
2020-04-19,4,4,2,6,3890,6,13,6.81,22.9
2020-04-19,4,5,1,1,5041,36,24,6.82,53.9
2020-04-19,4,5,2,2,4348,48,60,6.8,53.9
2020-04-19,4,5,3,3,4702,3,49,6.91,53.9
2020-04-19,4,5,5,4,4557,24,58,6.86,53.9
2020-04-19,4,5,6,5,3333,64,47,6.87,53.9
2020-04-19,4,5,4,6,4389,44,8,6.91,53.9
2020-04-19,4,6,1,1,3800,52,23,6.92,10.8
2020-04-19,4,6,2,2,4358,21,25,6.84,10.8
2020-04-19,4,6,3,3,4424,60,7,6.79,10.8
2020-04-19,4,6,4,4,4060,17,26,6.96,10.8
2020-04-19,4,6,5,5,3382,66,2,6.86,10.8
2020-04-19,4,6,6,6,4321,51,27,6.89,10.8
2020-04-19,4,7,4,1,4363,58,33,6.82,53.1
2020-04-19,4,7,3,2,4630,12,66,6.86,53.1
2020-04-19,4,7,5,3,4757,63,20,7.02,53.1
2020-04-19,4,7,2,4,3619,40,22,6.93,53.1
2020-04-19,4,7,1,5,3663,11,10,6.88,53.1
2020-04-19,4,7,6,6,3553,57,16,6.93,53.1
2020-04-19,4,9,4,1,4122,46,41,6.97,69.1
2020-04-19,4,9,1,2,4012,27,28,6.97,69.1
2020-04-19,4,9,2,3,4039,8,48,6.95,69.1
2020-04-19,4,9,3,4,4448,55,12,6.94,69.1
2020-04-19,4,9,6,5,4301,62,35,7.0,69.1
2020-04-19,4,9,5,6,4389,44,8,6.96,69.1
2020-04-19,4,10,1,1,4424,60,7,6.83,9.1
2020-04-19,4,10,3,2,3333,64,47,6.95,9.1
2020-04-19,4,10,2,3,4553,61,31,6.89,9.1
2020-04-19,4,10,5,4,3890,6,13,6.96,9.1
2020-04-19,4,10,6,5,4181,15,50,6.98,9.1
2020-04-19,4,10,4,6,3811,35,4,6.93,9.1
2020-04-19,4,11,1,1,4757,63,20,6.88,6.9
2020-04-19,4,11,2,2,3792,22,64,6.82,6.9
2020-04-19,4,11,5,3,4348,48,60,6.85,6.9
2020-04-19,4,11,3,4,4060,17,26,6.9,6.9
2020-04-19,4,11,6,5,4428,4,40,6.95,6.9
2020-04-19,4,11,4,6,5050,43,17,6.94,6.9
2020-04-19,4,12,1,1,3996,10,61,6.89,21.0
2020-04-19,4,12,2,2,4363,58,33,6.81,21.0
2020-04-19,4,12,3,3,3187,41,15,7.02,21.0
2020-04-19,4,12,6,4,4702,3,49,6.87,21.0
2020-04-19,4,12,5,5,4677,1,21,6.94,21.0
2020-04-19,4,12,4,6,3800,52,23,6.9,21.0
2020-04-20,5,1,3,1,4358,21,25,6.83,339.9
2020-04-20,5,1,2,2,3521,25,11,6.95,339.9
2020-04-20,5,1,5,3,4181,15,50,7.01,339.9
2020-04-20,5,1,6,4,4677,1,21,6.83,339.9
2020-04-20,5,1,4,5,3811,35,4,6.99,339.9
2020-04-20,5,1,1,6,4557,24,58,6.9,339.9
2020-04-20,5,2,1,1,3663,11,10,6.84,34.0
2020-04-20,5,2,4,2,4060,17,26,6.79,34.0
2020-04-20,5,2,3,3,4428,4,40,6.86,34.0
2020-04-20,5,2,5,4,4051,45,39,6.83,34.0
2020-04-20,5,2,2,5,4630,12,66,6.69,34.0
2020-04-20,5,2,6,6,4122,46,41,6.82,34.0
2020-04-20,5,3,2,1,3333,64,47,6.85,24.0
2020-04-20,5,3,6,2,3996,10,61,6.9,24.0
2020-04-20,5,3,4,3,3800,52,23,6.83,24.0
2020-04-20,5,3,5,4,4039,8,48,6.89,24.0
2020-04-20,5,3,3,5,5041,36,24,6.92,24.0
2020-04-20,5,3,1,6,3234,30,56,6.87,24.0
2020-04-20,5,4,1,1,4012,27,28,6.93,13.0
2020-04-20,5,4,3,2,4639,56,54,6.84,13.0
2020-04-20,5,4,6,3,4073,14,62,6.95,13.0
2020-04-20,5,4,2,4,4301,62,35,6.92,13.0
2020-04-20,5,4,4,5,3503,9,43,6.93,13.0
2020-04-20,5,4,5,6,4846,23,9,6.91,13.0
2020-04-20,5,5,5,1,4702,3,49,6.87,43.3
2020-04-20,5,5,1,2,4348,48,60,6.84,43.3
2020-04-20,5,5,2,3,4070,33,1,6.88,43.3
2020-04-20,5,5,4,4,3695,53,44,6.85,43.3
2020-04-20,5,5,6,5,5050,43,17,6.84,43.3
2020-04-20,5,5,3,6,3890,6,13,6.9,43.3
2020-04-20,5,6,2,1,4383,54,65,6.95,124.4
2020-04-20,5,6,1,2,4424,60,7,6.83,124.4
2020-04-20,5,6,4,3,4448,55,12,6.92,124.4
2020-04-20,5,6,3,4,3873,32,3,6.94,124.4
2020-04-20,5,6,5,5,3553,57,16,6.97,124.4
2020-04-20,5,6,6,6,5009,2,45,6.86,124.4
2020-04-20,5,8,1,1,4073,14,62,6.82,33.8
2020-04-20,5,8,3,2,4060,17,26,6.83,33.8
2020-04-20,5,8,4,3,4358,21,25,6.86,33.8
2020-04-20,5,8,6,4,4012,27,28,6.86,33.8
2020-04-20,5,8,5,5,3333,64,47,6.78,33.8
2020-04-20,5,8,2,6,3996,10,61,6.88,33.8
2020-04-20,5,9,3,1,3800,52,23,6.9,72.5
2020-04-20,5,9,1,2,4677,1,21,6.85,72.5
2020-04-20,5,9,5,3,4070,33,1,6.9,72.5
2020-04-20,5,9,6,4,4348,48,60,6.86,72.5
2020-04-20,5,9,2,5,4051,45,39,6.93,72.5
2020-04-20,5,9,4,6,4639,56,54,6.76,72.5
2020-04-20,5,10,1,1,4122,46,41,6.81,28.3
2020-04-20,5,10,3,2,3811,35,4,6.91,28.3
2020-04-20,5,10,5,3,4301,62,35,6.94,28.3
2020-04-20,5,10,4,4,3873,32,3,6.93,28.3
2020-04-20,5,10,2,5,4039,8,48,6.83,28.3
2020-04-20,5,10,6,6,4424,60,7,6.84,28.3
2020-04-20,5,11,1,1,4363,58,6,6.78,30.8
2020-04-20,5,11,4,2,4428,4,40,6.88,30.8
2020-04-20,5,11,5,3,3792,22,64,6.96,30.8
2020-04-20,5,11,2,4,4702,3,49,6.86,30.8
2020-04-20,5,11,6,5,4557,24,58,6.92,30.8
2020-04-20,5,11,3,6,4448,55,12,6.9,30.8
2020-04-20,5,12,1,1,4553,61,31,6.79,44.7
2020-04-20,5,12,5,2,4389,44,8,6.89,44.7
2020-04-20,5,12,4,3,4757,63,20,6.85,44.7
2020-04-20,5,12,3,4,3619,40,22,6.89,44.7
2020-04-20,5,12,6,5,3503,9,43,6.94,44.7
2020-04-20,5,12,2,6,3519,13,53,6.8,44.7
2020-04-21,6,1,1,1,4348,48,60,6.76,10.2
2020-04-21,6,1,2,2,3382,66,2,6.81,10.2
2020-04-21,6,1,4,3,3519,13,53,6.88,10.2
2020-04-21,6,1,6,4,3553,57,16,6.84,10.2
2020-04-21,6,1,5,5,5041,36,24,6.88,10.2
2020-04-21,6,1,3,6,4383,54,65,6.86,10.2
2020-04-21,6,2,2,1,3695,53,44,6.78,27.1
2020-04-21,6,2,1,2,3503,9,43,6.79,27.1
2020-04-21,6,2,4,3,4846,23,9,6.83,27.1
2020-04-21,6,2,3,4,4181,15,50,6.87,27.1
2020-04-21,6,2,6,5,3234,30,56,6.86,27.1
2020-04-21,6,2,5,6,3521,25,11,6.97,27.1
2020-04-21,6,3,1,1,4051,45,39,6.79,11.6
2020-04-21,6,3,2,2,3873,32,3,6.87,11.6
2020-04-21,6,3,6,3,4073,14,62,6.9,11.6
2020-04-21,6,3,4,4,3890,6,13,6.86,11.6
2020-04-21,6,3,5,5,3800,52,23,6.88,11.6
2020-04-21,6,3,3,6,3187,41,15,6.9,11.6
2020-04-21,6,4,1,1,4639,56,54,6.74,14.3
2020-04-21,6,4,2,2,4012,27,28,6.85,14.3
2020-04-21,6,4,3,3,4677,1,21,6.72,14.3
2020-04-21,6,4,5,4,4363,58,6,6.74,14.3
2020-04-21,6,4,4,5,3663,11,10,6.84,14.3
2020-04-21,6,4,6,6,4122,46,41,6.83,14.3
2020-04-21,6,5,1,1,3792,22,64,6.85,8.2
2020-04-21,6,5,3,2,4553,61,31,6.86,8.2
2020-04-21,6,5,6,3,3996,10,61,6.84,8.2
2020-04-21,6,5,5,4,3811,35,4,6.88,8.2
2020-04-21,6,5,2,5,3553,57,16,6.9,8.2
2020-04-21,6,5,4,6,4358,21,25,6.78,8.2
2020-04-21,6,6,1,1,3619,40,22,6.85,282.5
2020-04-21,6,6,3,2,4301,62,35,6.86,282.5
2020-04-21,6,6,6,3,5050,43,17,6.86,282.5
2020-04-21,6,6,2,4,4702,3,49,6.82,282.5
2020-04-21,6,6,4,5,4428,4,40,6.9,282.5
2020-04-21,6,6,5,6,3519,13,53,6.81,282.5
2020-04-21,6,7,1,1,4039,8,48,6.89,19.1
2020-04-21,6,7,2,2,4060,17,26,6.85,19.1
2020-04-21,6,7,4,3,4557,24,58,6.89,19.1
2020-04-21,6,7,3,4,4389,44,8,6.83,19.1
2020-04-21,6,7,5,5,4424,60,7,6.82,19.1
2020-04-21,6,7,6,6,3333,64,47,6.94,19.1
2020-04-21,6,8,2,1,4757,63,20,6.89,13.1
2020-04-21,6,8,1,2,4070,33,1,6.82,13.1
2020-04-21,6,8,4,3,4448,55,12,6.98,13.1
2020-04-21,6,8,5,4,4630,12,66,6.85,13.1
2020-04-21,6,8,3,5,4321,51,27,6.84,13.1
2020-04-21,6,8,6,6,5009,2,45,6.92,13.1
2020-04-21,6,9,4,1,3792,22,64,6.84,715.4
2020-04-21,6,9,6,2,4348,48,60,6.88,715.4
2020-04-21,6,9,3,3,4358,21,25,6.83,715.4
2020-04-21,6,9,1,4,4073,14,62,6.79,715.4
2020-04-21,6,9,2,5,3800,52,23,6.83,715.4
2020-04-21,6,9,5,6,4012,27,28,6.88,715.4
2020-04-21,6,11,1,1,4363,58,6,6.75,11.6
2020-04-21,6,11,3,2,4060,17,26,6.87,11.6
2020-04-21,6,11,2,3,3811,35,4,6.86,11.6
2020-04-21,6,11,4,4,4070,33,1,6.88,11.6
2020-04-21,6,11,6,5,4039,8,48,6.85,11.6
2020-04-21,6,11,5,6,4702,3,49,6.86,11.6
2020-04-21,6,12,1,1,4448,55,12,6.82,6.1
2020-04-21,6,12,3,2,3996,10,61,6.85,6.1
2020-04-21,6,12,2,3,4424,60,7,6.77,6.1
2020-04-21,6,12,4,4,3619,40,22,6.91,6.1
2020-04-21,6,12,6,5,3663,11,10,6.88,6.1
2020-04-21,6,12,5,6,4846,23,9,6.85,6.1
2020-04-22,7,1,1,1,4358,21,25,6.74,24.1
2020-04-22,7,1,2,2,4321,51,27,6.8,24.1
2020-04-22,7,1,5,3,3695,53,44,6.86,24.1
2020-04-22,7,1,3,4,4383,54,65,6.92,24.1
2020-04-22,7,1,6,5,4639,56,54,6.81,24.1
2020-04-22,7,1,4,6,5041,36,24,6.88,24.1
2020-04-22,7,2,1,1,3553,57,16,6.85,13.0
2020-04-22,7,2,4,2,4181,15,50,6.85,13.0
2020-04-22,7,2,2,3,4846,23,9,6.78,13.0
2020-04-22,7,2,5,4,5050,43,17,6.84,13.0
2020-04-22,7,2,6,5,3521,25,11,6.9,13.0
2020-04-22,7,2,3,6,3234,30,56,6.82,13.0
2020-04-22,7,3,1,1,3873,32,3,6.9,10.7
2020-04-22,7,3,2,2,3890,6,13,6.85,10.7
2020-04-22,7,3,6,3,4553,61,31,6.78,10.7
2020-04-22,7,3,3,4,3503,9,43,6.82,10.7
2020-04-22,7,3,5,5,4630,12,66,6.78,10.7
2020-04-22,7,3,4,6,3663,11,10,6.83,10.7
2020-04-22,7,4,1,1,4301,62,35,6.83,96.5
2020-04-22,7,4,5,2,3382,66,2,6.83,96.5
2020-04-22,7,4,3,3,4039,8,48,6.8,96.5
2020-04-22,7,4,6,4,4448,55,12,6.87,96.5
2020-04-22,7,4,4,5,3519,13,53,6.81,96.5
2020-04-22,7,4,2,6,4557,24,58,6.83,96.5
2020-04-22,7,5,1,1,3800,52,23,6.89,19.8
2020-04-22,7,5,4,2,4639,56,54,6.79,19.8
2020-04-22,7,5,2,3,4389,44,8,6.82,19.8
2020-04-22,7,5,6,4,5009,2,45,6.84,19.8
2020-04-22,7,5,3,5,3695,53,44,6.78,19.8
2020-04-22,7,5,5,6,4757,63,20,6.79,19.8
2020-04-22,7,6,1,1,4070,33,1,6.68,8.9
2020-04-22,7,6,4,2,4073,14,62,6.8,8.9
2020-04-22,7,6,3,3,4321,51,27,6.75,8.9
2020-04-22,7,6,2,4,4428,4,40,6.83,8.9
2020-04-22,7,6,5,5,4383,54,65,6.86,8.9
2020-04-22,7,6,6,6,5050,43,17,6.81,8.9
2020-04-22,7,7,5,1,3811,35,4,6.89,51.1
2020-04-22,7,7,1,2,4702,3,49,6.82,51.1
2020-04-22,7,7,2,3,4630,12,66,6.74,51.1
2020-04-22,7,7,3,4,5041,36,37,6.86,51.1
2020-04-22,7,7,4,5,3234,30,56,6.92,51.1
2020-04-22,7,7,6,6,3619,40,22,6.95,51.1
2020-04-22,7,8,1,1,3333,64,47,6.89,14.5
2020-04-22,7,8,3,2,3382,66,2,6.82,14.5
2020-04-22,7,8,2,3,4012,27,28,6.91,14.5
2020-04-22,7,8,5,4,3890,6,13,6.93,14.5
2020-04-22,7,8,4,5,4424,60,7,6.92,14.5
2020-04-22,7,8,6,6,4122,46,41,6.84,14.5
2020-04-22,7,9,1,1,3996,10,61,6.82,5.7
2020-04-22,7,9,3,2,4553,61,31,6.78,5.7
2020-04-22,7,9,6,3,4757,63,20,6.91,5.7
2020-04-22,7,9,5,4,4557,24,58,6.93,5.7
2020-04-22,7,9,4,5,4389,44,8,6.88,5.7
2020-04-22,7,9,2,6,4181,15,50,6.84,5.7
2020-04-22,7,10,4,1,3800,52,23,6.89,74.4
2020-04-22,7,10,1,2,4428,4,40,6.85,74.4
2020-04-22,7,10,5,3,3873,32,3,6.93,74.4
2020-04-22,7,10,3,4,4070,33,1,6.83,74.4
2020-04-22,7,10,6,5,4702,3,49,6.81,74.4
2020-04-22,7,10,2,6,4358,21,25,6.8,74.4
2020-04-22,7,11,4,1,4039,8,48,6.83,316.5
2020-04-22,7,11,6,2,3333,64,47,6.85,316.5
2020-04-22,7,11,2,3,4073,14,62,6.89,316.5
2020-04-22,7,11,3,4,4301,62,35,6.84,316.5
2020-04-22,7,11,5,5,4012,27,28,6.85,316.5
2020-04-22,7,11,1,6,3811,35,4,6.86,316.5
2020-04-22,7,12,1,1,4363,58,6,6.75,8.4
2020-04-22,7,12,2,2,4677,1,21,6.71,8.4
2020-04-22,7,12,4,3,4060,17,26,6.8,8.4
2020-04-22,7,12,3,4,3792,22,64,6.79,8.4
2020-04-22,7,12,5,5,4348,48,60,6.79,8.4
2020-04-22,7,12,6,6,4051,45,39,6.78,8.4
2020-04-28,1,2,5,1,4176,46,57,6.9,459.0
2020-04-28,1,2,4,2,3281,5,26,6.86,459.0
2020-04-28,1,2,1,3,4220,22,39,6.75,459.0
2020-04-28,1,2,2,4,4511,48,31,6.81,459.0
2020-04-28,1,2,3,5,3578,29,53,6.82,459.0
2020-04-28,1,2,6,6,4054,14,41,6.77,459.0
2020-04-28,1,3,1,1,4931,31,58,6.77,11.7
2020-04-28,1,3,2,2,3822,6,19,6.81,11.7
2020-04-28,1,3,6,3,4437,34,60,6.85,11.7
2020-04-28,1,3,5,4,3975,59,36,6.76,11.7
2020-04-28,1,3,3,5,3753,8,6,6.79,11.7
2020-04-28,1,3,4,6,3855,12,45,6.76,11.7
2020-04-28,1,4,1,1,4917,44,24,6.78,23.3
2020-04-28,1,4,3,2,4154,32,48,6.91,23.3
2020-04-28,1,4,5,3,3685,47,10,6.75,23.3
2020-04-28,1,4,6,4,3849,63,38,6.87,23.3
2020-04-28,1,4,2,5,3478,53,33,6.81,23.3
2020-04-28,1,4,4,6,5037,20,52,6.85,23.3
2020-04-28,1,5,1,1,4907,17,65,6.73,6.8
2020-04-28,1,5,2,2,4260,19,30,6.8,6.8
2020-04-28,1,5,6,3,4459,10,59,6.85,6.8
2020-04-28,1,5,3,4,3454,50,5,6.76,6.8
2020-04-28,1,5,4,5,3660,21,12,6.84,6.8
2020-04-28,1,5,5,6,4116,27,15,6.79,6.8
2020-04-28,1,6,1,1,4452,7,55,6.75,8.2
2020-04-28,1,6,4,2,4776,64,32,6.89,8.2
2020-04-28,1,6,3,3,4772,37,2,6.81,8.2
2020-04-28,1,6,2,4,4249,49,34,6.66,8.2
2020-04-28,1,6,6,5,4010,62,17,6.89,8.2
2020-04-28,1,6,5,6,4971,28,35,6.82,8.2
2020-04-28,1,7,1,1,4176,46,57,6.76,6.5
2020-04-28,1,7,2,2,4030,13,50,6.81,6.5
2020-04-28,1,7,3,3,3837,58,3,6.82,6.5
2020-04-28,1,7,4,4,3753,8,6,6.79,6.5
2020-04-28,1,7,5,5,3568,1,63,6.83,6.5
2020-04-28,1,7,6,6,5025,39,21,6.79,6.5
2020-04-28,1,9,1,1,4260,19,30,6.91,
2020-04-28,1,9,2,2,3710,38,43,6.77,
2020-04-28,1,9,6,3,3855,12,45,6.86,
2020-04-28,1,9,4,4,3685,47,10,6.8,
2020-04-28,1,9,5,5,3281,5,26,6.94,
2020-04-28,1,9,3,6,3907,45,49,6.74,
2020-04-28,1,10,1,1,4776,64,32,6.79,
2020-04-28,1,10,2,2,4685,65,20,6.84,
2020-04-28,1,10,4,3,3975,59,36,6.82,
2020-04-28,1,10,3,4,3507,52,51,6.88,
2020-04-28,1,10,5,5,3578,29,53,6.83,
2020-04-28,1,10,6,6,3478,53,33,6.87,
2020-04-28,1,11,3,1,3822,6,19,6.84,
2020-04-28,1,11,1,2,3837,58,3,6.87,
2020-04-28,1,11,4,3,4452,7,55,6.84,
2020-04-28,1,11,6,4,4116,27,15,6.87,
2020-04-28,1,11,5,5,4511,48,31,6.9,
2020-04-28,1,11,2,6,4154,32,48,6.84,
2020-04-28,1,12,1,1,4030,13,50,6.84,
2020-04-28,1,12,4,2,4459,10,59,6.83,
2020-04-28,1,12,2,3,3849,63,38,6.92,
2020-04-28,1,12,3,4,4437,34,60,6.87,
2020-04-28,1,12,6,5,4772,37,2,6.8,
2020-04-28,1,12,5,6,4739,66,64,6.79,
2020-04-29,2,1,2,1,4220,22,39,6.81,58.8
2020-04-29,2,1,5,2,3454,50,5,6.87,58.8
2020-04-29,2,1,3,3,3478,53,33,6.83,58.8
2020-04-29,2,1,1,4,3578,29,53,6.7,58.8
2020-04-29,2,1,6,5,5060,26,29,6.74,58.8
2020-04-29,2,1,4,6,3948,16,14,6.85,58.8
2020-04-29,2,2,3,1,4054,14,41,6.86,43.9
2020-04-29,2,2,2,2,4931,31,58,6.78,43.9
2020-04-29,2,2,1,3,3660,21,12,6.84,43.9
2020-04-29,2,2,6,4,4917,44,24,6.82,43.9
2020-04-29,2,2,5,5,5025,39,21,6.86,43.9
2020-04-29,2,2,4,6,4971,28,35,6.84,43.9
2020-04-29,2,3,1,1,4249,49,34,6.73,32.2
2020-04-29,2,3,2,2,3064,55,56,6.82,32.2
2020-04-29,2,3,4,3,4260,19,30,6.82,32.2
2020-04-29,2,3,3,4,4176,46,57,6.78,32.2
2020-04-29,2,3,5,5,4772,37,2,6.84,32.2
2020-04-29,2,3,6,6,4782,61,9,6.76,32.2
2020-04-29,2,4,5,1,3849,63,38,6.85,75.6
2020-04-29,2,4,3,2,3685,47,10,6.82,75.6
2020-04-29,2,4,1,3,4511,48,31,6.79,75.6
2020-04-29,2,4,6,4,3568,1,63,6.74,75.6
2020-04-29,2,4,4,5,4907,17,65,6.77,75.6
2020-04-29,2,4,2,6,3855,12,45,6.73,75.6
2020-04-29,2,5,1,1,3507,52,51,6.83,18.3
2020-04-29,2,5,2,2,4776,64,32,6.91,18.3
2020-04-29,2,5,5,3,3822,6,19,6.77,18.3
2020-04-29,2,5,3,4,4116,27,15,6.88,18.3
2020-04-29,2,5,4,5,4220,22,39,6.81,18.3
2020-04-29,2,5,6,6,3543,11,37,6.82,18.3
2020-04-29,2,6,4,1,4685,65,20,6.77,58.5
2020-04-29,2,6,1,2,3975,59,36,6.68,58.5
2020-04-29,2,6,2,3,3281,5,26,6.81,58.5
2020-04-29,2,6,5,4,4054,14,41,6.79,58.5
2020-04-29,2,6,6,5,3753,8,6,6.86,58.5
2020-04-29,2,6,3,6,4452,7,55,6.78,58.5
2020-04-29,2,7,2,1,4772,37,2,6.82,10.9
2020-04-29,2,7,1,2,3710,38,43,6.85,10.9
2020-04-29,2,7,3,3,4459,10,59,6.84,10.9
2020-04-29,2,7,6,4,3401,18,46,6.86,10.9
2020-04-29,2,7,5,5,3948,16,14,6.91,10.9
2020-04-29,2,7,4,6,5025,39,21,6.83,10.9
2020-04-29,2,8,1,1,3907,45,49,6.78,21.2
2020-04-29,2,8,3,2,4907,17,65,6.81,21.2
2020-04-29,2,8,2,3,3837,58,3,6.77,21.2
2020-04-29,2,8,4,4,4154,32,48,6.77,21.2
2020-04-29,2,8,5,5,4249,49,34,6.77,21.2
2020-04-29,2,8,6,6,4971,28,35,6.85,21.2
2020-04-29,2,9,3,1,4931,31,58,6.85,147.1
2020-04-29,2,9,2,2,4116,27,15,6.84,147.1
2020-04-29,2,9,1,3,4010,62,17,6.76,147.1
2020-04-29,2,9,5,4,4030,13,50,6.92,147.1
2020-04-29,2,9,4,5,3849,63,38,6.9,147.1
2020-04-29,2,9,6,6,5037,20,52,6.84,147.1
2020-04-29,2,10,1,1,4437,34,60,6.82,24.7
2020-04-29,2,10,6,2,4739,66,64,6.82,24.7
2020-04-29,2,10,4,3,3822,6,19,6.8,24.7
2020-04-29,2,10,3,4,3064,55,56,6.88,24.7
2020-04-29,2,10,5,5,5060,26,29,6.82,24.7
2020-04-29,2,10,2,6,4452,7,55,6.83,24.7
2020-04-29,2,11,1,1,4685,65,20,6.76,6.7
2020-04-29,2,11,3,2,4260,19,30,6.91,6.7
2020-04-29,2,11,4,3,3568,1,63,6.77,6.7
2020-04-29,2,11,5,4,4776,64,32,6.9,6.7
2020-04-29,2,11,6,5,3454,50,5,6.97,6.7
2020-04-29,2,11,2,6,4917,44,24,6.8,6.7
2020-04-29,2,12,1,1,4459,10,59,6.82,4.2
2020-04-29,2,12,2,2,3685,47,10,6.72,4.2
2020-04-29,2,12,3,3,3975,59,36,6.74,4.2
2020-04-29,2,12,4,4,3907,45,49,6.8,4.2
2020-04-29,2,12,5,5,3660,21,12,6.91,4.2
2020-04-29,2,12,6,6,4176,46,57,6.91,4.2
2020-04-30,3,1,4,1,3064,55,56,6.8,32.3
2020-04-30,3,1,2,2,3578,29,53,6.77,32.3
2020-04-30,3,1,1,3,3753,8,6,6.75,32.3
2020-04-30,3,1,6,4,4511,48,31,6.87,32.3
2020-04-30,3,1,5,5,5025,39,21,6.76,32.3
2020-04-30,3,1,3,6,3281,5,26,6.84,32.3
2020-04-30,3,2,4,1,4931,31,58,6.76,34.8
2020-04-30,3,2,3,2,4220,22,39,6.8,34.8
2020-04-30,3,2,1,3,3478,53,33,6.72,34.8
2020-04-30,3,2,5,4,4010,62,17,6.79,34.8
2020-04-30,3,2,6,5,4249,49,34,6.75,34.8
2020-04-30,3,2,2,6,3507,52,51,6.76,34.8
2020-04-30,3,3,1,1,4782,61,9,6.71,19.3
2020-04-30,3,3,4,2,4116,27,15,6.89,19.3
2020-04-30,3,3,3,3,4776,64,32,6.78,19.3
2020-04-30,3,3,6,4,3660,21,12,6.84,19.3
2020-04-30,3,3,5,5,3710,38,43,6.83,19.3
2020-04-30,3,3,2,6,4054,14,41,6.76,19.3
2020-04-30,3,5,1,1,3822,6,19,6.7,7.6
2020-04-30,3,5,4,2,4772,37,2,6.87,7.6
2020-04-30,3,5,5,3,3907,45,49,6.87,7.6
2020-04-30,3,5,6,4,3948,16,14,6.94,7.6
2020-04-30,3,5,2,5,3975,59,36,6.78,7.6
2020-04-30,3,5,3,6,4971,28,35,6.81,7.6
2020-04-30,3,6,1,1,3568,1,63,6.77,7.2
2020-04-30,3,6,4,2,4030,13,50,6.88,7.2
2020-04-30,3,6,3,3,4685,65,20,6.8,7.2
2020-04-30,3,6,2,4,3753,8,6,6.83,7.2
2020-04-30,3,6,5,5,3507,52,51,6.86,7.2
2020-04-30,3,6,6,6,5037,20,52,6.91,7.2
2020-04-30,3,7,1,1,4154,32,48,6.85,19.5
2020-04-30,3,7,2,2,4907,17,65,6.88,19.5
2020-04-30,3,7,6,3,4739,66,64,6.82,19.5
2020-04-30,3,7,4,4,4176,46,57,6.9,19.5
2020-04-30,3,7,3,5,3849,63,38,6.88,19.5
2020-04-30,3,7,5,6,3478,53,33,6.86,19.5
2020-04-30,3,9,6,1,3543,11,37,6.85,1441.3
2020-04-30,3,9,1,2,4116,27,15,6.86,1441.3
2020-04-30,3,9,3,3,3855,12,54,6.81,1441.3
2020-04-30,3,9,5,4,4459,10,59,6.99,1441.3
2020-04-30,3,9,2,5,3907,45,49,6.77,1441.3
2020-04-30,3,9,4,6,4511,48,31,6.87,1441.3
2020-04-30,3,10,1,1,3837,58,3,6.9,4.6
2020-04-30,3,10,2,2,4260,19,30,6.95,4.6
2020-04-30,3,10,5,3,4685,65,20,6.78,4.6
2020-04-30,3,10,3,4,4249,49,34,6.79,4.6
2020-04-30,3,10,4,5,4054,14,41,6.89,4.6
2020-04-30,3,10,6,6,3401,18,46,6.97,4.6
2020-04-30,3,11,1,1,4772,37,2,6.73,26.0
2020-04-30,3,11,2,2,4782,61,9,6.76,26.0
2020-04-30,3,11,4,3,3578,29,53,6.85,26.0
2020-04-30,3,11,5,4,4154,32,48,6.95,26.0
2020-04-30,3,11,3,5,4030,13,50,6.86,26.0
2020-04-30,3,11,6,6,4452,7,16,6.81,26.0
2020-04-30,3,12,1,1,3849,63,38,6.91,7.3
2020-04-30,3,12,2,2,3568,1,63,6.8,7.3
2020-04-30,3,12,3,3,3975,59,36,6.76,7.3
2020-04-30,3,12,4,4,3710,38,43,6.82,7.3
2020-04-30,3,12,5,5,4437,34,25,6.95,7.3
2020-04-30,3,12,6,6,3281,5,26,6.88,7.3
2020-05-01,4,1,4,1,4249,49,34,6.79,67.2
2020-05-01,4,1,5,2,4907,17,65,6.89,67.2
2020-05-01,4,1,3,3,4917,44,24,6.88,67.2
2020-05-01,4,1,1,4,3948,16,14,6.95,67.2
2020-05-01,4,1,6,5,3064,55,56,6.97,67.2
2020-05-01,4,1,2,6,4971,28,35,6.78,67.2
2020-05-01,4,2,4,1,4010,62,17,6.89,94.5
2020-05-01,4,2,6,2,3578,29,53,6.81,94.5
2020-05-01,4,2,3,3,3710,38,43,6.87,94.5
2020-05-01,4,2,1,4,3281,5,26,6.8,94.5
2020-05-01,4,2,2,5,3660,21,12,6.88,94.5
2020-05-01,4,2,5,6,5060,26,29,6.81,94.5
2020-05-01,4,3,1,1,4054,14,41,6.84,35.1
2020-05-01,4,3,3,2,3568,1,63,6.77,35.1
2020-05-01,4,3,6,3,3401,18,46,6.82,35.1
2020-05-01,4,3,2,4,4176,46,57,6.91,35.1
2020-05-01,4,3,5,5,4220,22,39,6.8,35.1
2020-05-01,4,3,4,6,5025,39,21,6.7,35.1
2020-05-01,4,4,2,1,4154,32,48,6.86,48.3
2020-05-01,4,4,3,2,4260,19,30,6.9,48.3
2020-05-01,4,4,4,3,3507,52,51,6.81,48.3
2020-05-01,4,4,6,4,4931,31,58,6.78,48.3
2020-05-01,4,4,1,5,3454,50,5,6.9,48.3
2020-05-01,4,4,5,6,3753,8,6,6.85,48.3
2020-05-01,4,5,3,1,3822,6,19,6.81,9.2
2020-05-01,4,5,2,2,4452,7,16,6.78,9.2
2020-05-01,4,5,5,3,3837,58,3,6.87,9.2
2020-05-01,4,5,6,4,3543,11,37,6.91,9.2
2020-05-01,4,5,4,5,3478,53,33,6.82,9.2
2020-05-01,4,5,1,6,4971,28,35,6.8,9.2
2020-05-01,4,6,1,1,4437,34,25,6.86,27.4
2020-05-01,4,6,2,2,3948,16,14,6.91,27.4
2020-05-01,4,6,4,3,3907,45,49,6.82,27.4
2020-05-01,4,6,5,4,3855,12,54,6.91,27.4
2020-05-01,4,6,3,5,3685,47,10,6.84,27.4
2020-05-01,4,6,6,6,5037,20,52,6.96,27.4
2020-05-01,4,7,1,1,4685,65,20,6.8,9.5
2020-05-01,4,7,2,2,4459,10,59,6.89,9.5
2020-05-01,4,7,6,3,3710,38,43,6.92,9.5
2020-05-01,4,7,5,4,3401,18,46,6.92,9.5
2020-05-01,4,7,4,5,4917,44,24,6.87,9.5
2020-05-01,4,7,3,6,4511,48,31,6.96,9.5
2020-05-01,4,8,1,1,4772,37,2,6.84,5.2
2020-05-01,4,8,4,2,4030,13,50,6.9,5.2
2020-05-01,4,8,2,3,3975,59,36,6.79,5.2
2020-05-01,4,8,5,4,4931,31,58,6.88,5.2
2020-05-01,4,8,3,5,4176,46,57,6.93,5.2
2020-05-01,4,8,6,6,5060,26,29,6.8,5.2
2020-05-01,4,9,1,1,3849,63,38,6.89,12.0
2020-05-01,4,9,3,2,4782,61,9,6.84,12.0
2020-05-01,4,9,2,3,4116,27,15,6.85,12.0
2020-05-01,4,9,6,4,4739,66,64,6.8,12.0
2020-05-01,4,9,4,5,3578,29,53,6.84,12.0
2020-05-01,4,9,5,6,3064,55,56,6.88,12.0
2020-05-01,4,10,1,1,3907,45,49,6.79,25.3
2020-05-01,4,10,5,2,3543,11,37,6.95,25.3
2020-05-01,4,10,2,3,4776,64,32,6.89,25.3
2020-05-01,4,10,4,4,3454,50,5,6.98,25.3
2020-05-01,4,10,3,5,3660,21,12,6.89,25.3
2020-05-01,4,10,6,6,4907,17,65,6.94,25.3
2020-05-01,4,11,6,1,3822,6,19,6.79,282.6
2020-05-01,4,11,5,2,4260,19,30,6.82,282.6
2020-05-01,4,11,1,3,4459,10,59,6.82,282.6
2020-05-01,4,11,2,4,3568,1,63,6.86,282.6
2020-05-01,4,11,4,5,4437,34,25,6.92,282.6
2020-05-01,4,11,3,6,4010,62,17,6.91,282.6
2020-05-01,4,12,4,1,4685,65,20,6.86,34.0
2020-05-01,4,12,1,2,4030,13,50,6.88,34.0
2020-05-01,4,12,3,3,3837,58,3,6.84,34.0
2020-05-01,4,12,2,4,3685,47,10,6.84,34.0
2020-05-01,4,12,5,5,4154,32,48,6.99,34.0
2020-05-01,4,12,6,6,4220,22,39,6.87,34.0
2020-05-02,5,1,1,1,3975,59,36,6.82,5.8
2020-05-02,5,1,2,2,3454,50,5,6.89,5.8
2020-05-02,5,1,3,3,4249,49,34,6.83,5.8
2020-05-02,5,1,6,4,3753,8,6,6.83,5.8
2020-05-02,5,1,5,5,5060,26,29,6.9,5.8
2020-05-02,5,1,4,6,3948,16,14,6.96,5.8
2020-05-02,5,2,4,1,3281,5,26,6.91,438.2
2020-05-02,5,2,2,2,4511,48,31,6.87,438.2
2020-05-02,5,2,6,3,5025,39,21,6.85,438.2
2020-05-02,5,2,3,4,3478,53,33,6.84,438.2
2020-05-02,5,2,5,5,3660,21,12,6.9,438.2
2020-05-02,5,2,1,6,3855,12,54,6.82,438.2
2020-05-02,5,3,1,1,4220,22,39,6.92,55.5
2020-05-02,5,3,5,2,3837,58,3,6.87,55.5
2020-05-02,5,3,6,3,3543,11,37,6.86,55.5
2020-05-02,5,3,2,4,4907,17,65,6.86,55.5
2020-05-02,5,3,3,5,3507,52,51,6.97,55.5
2020-05-02,5,3,4,6,4772,37,2,6.83,55.5
2020-05-02,5,4,3,1,4054,14,41,6.85,203.2
2020-05-02,5,4,5,2,4260,19,30,6.86,203.2
2020-05-02,5,4,4,3,4931,31,58,6.75,203.2
2020-05-02,5,4,1,4,3568,1,63,6.83,203.2
2020-05-02,5,4,6,5,4685,65,20,6.81,203.2
2020-05-02,5,4,2,6,4971,28,35,6.89,203.2
2020-05-02,5,5,1,1,4776,64,32,6.92,41.0
2020-05-02,5,5,4,2,4782,61,9,6.85,41.0
2020-05-02,5,5,2,3,3710,38,43,6.87,41.0
2020-05-02,5,5,5,4,3822,6,19,6.83,41.0
2020-05-02,5,5,3,5,3849,63,38,6.87,41.0
2020-05-02,5,5,6,6,3401,18,46,6.87,41.0
2020-05-02,5,6,3,1,4437,34,25,6.83,1045.8
2020-05-02,5,6,6,2,5037,20,52,6.97,1045.8
2020-05-02,5,6,4,3,4030,13,50,6.86,1045.8
2020-05-02,5,6,2,4,3064,55,56,6.88,1045.8
2020-05-02,5,6,1,5,4116,27,15,6.84,1045.8
2020-05-02,5,6,5,6,4176,46,57,6.9,1045.8
2020-05-02,5,7,1,1,4459,10,59,6.86,15.7
2020-05-02,5,7,2,2,3578,29,53,6.89,15.7
2020-05-02,5,7,3,3,4010,62,17,6.92,15.7
2020-05-02,5,7,6,4,4739,66,4,6.78,15.7
2020-05-02,5,7,4,5,4154,32,48,6.91,15.7
2020-05-02,5,7,5,6,4917,44,24,6.83,15.7
2020-05-02,5,8,1,1,3685,47,10,6.79,55.9
2020-05-02,5,8,4,2,4452,7,16,6.8,55.9
2020-05-02,5,8,6,3,5060,26,29,6.78,55.9
2020-05-02,5,8,2,4,3907,45,49,6.79,55.9
2020-05-02,5,8,3,5,3454,50,5,6.89,55.9
2020-05-02,5,8,5,6,3281,5,26,6.9,55.9
2020-05-02,5,9,1,1,4260,19,30,6.84,12.9
2020-05-02,5,9,3,2,4776,64,32,6.85,12.9
2020-05-02,5,9,2,3,3837,58,3,6.83,12.9
2020-05-02,5,9,4,4,3849,63,38,6.89,12.9
2020-05-02,5,9,6,5,3975,59,36,6.79,12.9
2020-05-02,5,9,5,6,4907,17,65,6.88,12.9
2020-05-02,5,10,1,1,3822,6,19,6.78,18.1
2020-05-02,5,10,4,2,3568,1,63,6.79,18.1
2020-05-02,5,10,2,3,4772,37,2,6.85,18.1
2020-05-02,5,10,3,4,4030,13,50,6.81,18.1
2020-05-02,5,10,6,5,4116,27,15,6.85,18.1
2020-05-02,5,10,5,6,3710,38,43,6.84,18.1
2020-05-02,5,11,1,1,4685,65,20,6.81,20.5
2020-05-02,5,11,3,2,4931,31,58,6.8,20.5
2020-05-02,5,11,5,3,3685,47,10,6.83,20.5
2020-05-02,5,11,4,4,4437,34,25,6.83,20.5
2020-05-02,5,11,6,5,4220,22,39,6.86,20.5
2020-05-02,5,11,2,6,4459,10,59,6.9,20.5
2020-05-02,5,12,1,1,4452,7,16,6.74,10.4
2020-05-02,5,12,3,2,3907,45,49,6.77,10.4
2020-05-02,5,12,2,3,4054,14,41,6.8,10.4
2020-05-02,5,12,4,4,3507,52,51,6.83,10.4
2020-05-02,5,12,6,5,4154,32,1,6.91,10.4
2020-05-02,5,12,5,6,4782,61,9,6.8,10.4
2020-05-03,6,2,1,1,3753,8,6,6.86,23.9
2020-05-03,6,2,4,2,3478,53,33,6.89,23.9
2020-05-03,6,2,2,3,3660,21,12,6.92,23.9
2020-05-03,6,2,3,4,3578,29,53,6.86,23.9
2020-05-03,6,2,6,5,5060,26,29,6.73,23.9
2020-05-03,6,2,5,6,5025,39,21,6.82,23.9
2020-05-03,6,3,6,1,3822,6,19,6.82,30.7
2020-05-03,6,3,1,2,4154,32,1,6.84,30.7
2020-05-03,6,3,2,3,3281,5,26,6.83,30.7
2020-05-03,6,3,4,4,3064,55,56,6.92,30.7
2020-05-03,6,3,5,5,3454,50,5,6.9,30.7
2020-05-03,6,3,3,6,3948,16,14,6.93,30.7
2020-05-03,6,4,1,1,3685,47,10,6.81,7.5
2020-05-03,6,4,2,2,4907,17,65,6.8,7.5
2020-05-03,6,4,3,3,3507,52,51,6.86,7.5
2020-05-03,6,4,4,4,4511,48,31,6.89,7.5
2020-05-03,6,4,6,5,3401,18,46,6.88,7.5
2020-05-03,6,4,5,6,4249,49,34,6.75,7.5
2020-05-03,6,5,1,1,4116,27,15,6.85,19.1
2020-05-03,6,5,2,2,4782,61,9,6.85,19.1
2020-05-03,6,5,6,3,3975,59,36,6.82,19.1
2020-05-03,6,5,3,4,4220,22,39,6.87,19.1
2020-05-03,6,5,5,5,3907,45,49,6.84,19.1
2020-05-03,6,5,4,6,4010,62,8,6.82,19.1
2020-05-03,6,6,1,1,3849,63,38,6.88,3.9
2020-05-03,6,6,2,2,4459,10,59,6.81,3.9
2020-05-03,6,6,5,3,4054,14,41,6.91,3.9
2020-05-03,6,6,3,4,3753,8,6,6.9,3.9
2020-05-03,6,6,6,5,5025,39,21,6.81,3.9
2020-05-03,6,6,4,6,4971,28,35,6.85,3.9
2020-05-03,6,7,3,1,3478,53,33,6.9,259.2
2020-05-03,6,7,6,2,3543,11,37,6.86,259.2
2020-05-03,6,7,1,3,4437,34,25,6.82,259.2
2020-05-03,6,7,5,4,3578,29,53,6.89,259.2
2020-05-03,6,7,2,5,4176,46,57,6.84,259.2
2020-05-03,6,7,4,6,3948,16,14,6.92,259.2
2020-05-03,6,8,2,1,3837,58,3,6.82,49.4
2020-05-03,6,8,1,2,4030,13,50,6.86,49.4
2020-05-03,6,8,3,3,3660,21,12,6.91,49.4
2020-05-03,6,8,4,4,4452,7,16,6.82,49.4
2020-05-03,6,8,5,5,4511,48,31,6.89,49.4
2020-05-03,6,8,6,6,5037,20,52,6.85,49.4
2020-05-03,6,10,3,1,4459,10,59,6.81,26.0
2020-05-03,6,10,1,2,3975,59,36,6.76,26.0
2020-05-03,6,10,4,3,3710,38,43,6.85,26.0
2020-05-03,6,10,2,4,4220,22,39,6.87,26.0
2020-05-03,6,10,5,5,4907,17,65,6.96,26.0
2020-05-03,6,10,6,6,4154,32,1,6.86,26.0
2020-05-03,6,11,1,1,3837,58,3,6.85,32.5
2020-05-03,6,11,5,2,4437,34,25,6.93,32.5
2020-05-03,6,11,3,3,4030,13,50,6.93,32.5
2020-05-03,6,11,2,4,3685,47,10,6.9,32.5
2020-05-03,6,11,4,5,3849,63,38,6.98,32.5
2020-05-03,6,11,6,6,4116,27,15,6.99,32.5
2020-05-03,6,12,1,1,4685,65,20,6.85,11.0
2020-05-03,6,12,3,2,4931,31,58,6.84,11.0
2020-05-03,6,12,2,3,4260,19,30,6.95,11.0
2020-05-03,6,12,6,4,4772,37,2,6.9,11.0
2020-05-03,6,12,4,5,4776,64,32,6.95,11.0
2020-05-03,6,12,5,6,3568,1,63,6.88,11.0
2020-05-06,1,1,3,1,4961,64,27,6.8,33.6
2020-05-06,1,1,4,2,4286,48,11,6.84,33.6
2020-05-06,1,1,6,3,4502,53,1,6.79,33.6
2020-05-06,1,1,5,4,4678,52,23,6.81,33.6
2020-05-06,1,1,1,5,4909,41,43,6.81,33.6
2020-05-06,1,1,2,6,3645,36,41,6.87,33.6
2020-05-06,1,2,2,1,4978,50,58,6.88,184.5
2020-05-06,1,2,4,2,4809,15,47,6.78,184.5
2020-05-06,1,2,6,3,5000,22,53,6.82,184.5
2020-05-06,1,2,5,4,5011,39,19,6.89,184.5
2020-05-06,1,2,3,5,4928,25,13,6.88,184.5
2020-05-06,1,2,1,6,4834,49,4,6.83,184.5
2020-05-06,1,3,1,1,4963,32,59,6.84,20.5
2020-05-06,1,3,2,2,4478,11,63,6.81,20.5
2020-05-06,1,3,3,3,4208,66,39,6.84,20.5
2020-05-06,1,3,6,4,3435,12,2,6.92,20.5
2020-05-06,1,3,4,5,3580,13,64,6.92,20.5
2020-05-06,1,3,5,6,4611,14,34,6.95,20.5
2020-05-06,1,4,4,1,4816,54,36,6.86,113.4
2020-05-06,1,4,1,2,4859,60,16,6.71,113.4
2020-05-06,1,4,6,3,4931,2,37,6.91,113.4
2020-05-06,1,4,5,4,5029,56,51,6.88,113.4
2020-05-06,1,4,2,5,4812,4,31,6.87,113.4
2020-05-06,1,4,3,6,4875,57,22,6.85,113.4
2020-05-06,1,5,2,1,4313,6,7,6.83,16.3
2020-05-06,1,5,1,2,3645,36,41,6.86,16.3
2020-05-06,1,5,5,3,4959,21,8,6.86,16.3
2020-05-06,1,5,3,4,4726,24,29,6.87,16.3
2020-05-06,1,5,4,5,4995,30,57,6.89,16.3
2020-05-06,1,5,6,6,4838,40,48,6.9,16.3
2020-05-06,1,6,2,1,4834,49,4,6.86,85.8
2020-05-06,1,6,3,2,4910,3,38,6.92,85.8
2020-05-06,1,6,5,3,4909,41,43,6.84,85.8
2020-05-06,1,6,1,4,5032,59,62,6.87,85.8
2020-05-06,1,6,6,5,4464,44,32,6.84,85.8
2020-05-06,1,6,4,6,3611,45,46,6.86,85.8
2020-05-06,1,7,3,1,4963,32,59,6.94,85.0
2020-05-06,1,7,1,2,4961,64,27,6.77,85.0
2020-05-06,1,7,2,3,4450,17,6,6.83,85.0
2020-05-06,1,7,5,4,4809,15,47,6.89,85.0
2020-05-06,1,7,6,5,5055,8,5,6.84,85.0
2020-05-06,1,7,4,6,4968,28,44,6.88,85.0
2020-05-06,1,8,1,1,4946,23,33,6.88,21.7
2020-05-06,1,8,2,2,4875,57,22,6.85,21.7
2020-05-06,1,8,5,3,4208,66,39,6.85,21.7
2020-05-06,1,8,3,4,4970,9,12,6.89,21.7
2020-05-06,1,8,4,5,4678,52,23,6.91,21.7
2020-05-06,1,8,6,6,4870,61,28,6.79,21.7
2020-05-06,1,9,1,1,4964,27,26,6.86,40.9
2020-05-06,1,9,3,2,4478,11,63,6.83,40.9
2020-05-06,1,9,5,3,4848,51,55,6.8,40.9
2020-05-06,1,9,2,4,4502,53,1,6.92,40.9
2020-05-06,1,9,6,5,5011,39,19,6.95,40.9
2020-05-06,1,9,4,6,4931,2,37,6.87,40.9
2020-05-06,1,10,1,1,4852,33,54,6.81,35.1
2020-05-06,1,10,5,2,4014,18,14,6.89,35.1
2020-05-06,1,10,4,3,4611,14,34,6.96,35.1
2020-05-06,1,10,6,4,4286,48,11,6.97,35.1
2020-05-06,1,10,3,5,4978,50,58,6.92,35.1
2020-05-06,1,10,2,6,4859,60,16,6.86,35.1
2020-05-06,1,11,3,1,4845,35,24,6.89,104.7
2020-05-06,1,11,1,2,4190,63,40,6.85,104.7
2020-05-06,1,11,6,3,4816,54,36,6.88,104.7
2020-05-06,1,11,2,4,3580,13,64,6.89,104.7
2020-05-06,1,11,4,5,5029,56,51,6.86,104.7
2020-05-06,1,11,5,6,5000,22,53,6.9,104.7
2020-05-06,1,12,5,1,4914,62,61,6.88,145.3
2020-05-06,1,12,4,2,4812,4,31,6.85,145.3
2020-05-06,1,12,2,3,3435,12,2,6.94,145.3
2020-05-06,1,12,1,4,4387,43,66,6.92,145.3
2020-05-06,1,12,3,5,3900,20,52,6.89,145.3
2020-05-06,1,12,6,6,4928,25,13,6.93,145.3
2020-05-07,2,1,1,1,4313,6,7,6.79,17.3
2020-05-07,2,1,4,2,4190,63,40,6.82,17.3
2020-05-07,2,1,3,3,4464,44,32,6.82,17.3
2020-05-07,2,1,2,4,4845,35,24,6.84,17.3
2020-05-07,2,1,6,5,3611,45,46,6.8,17.3
2020-05-07,2,1,5,6,3900,20,52,6.8,17.3
2020-05-07,2,2,4,1,4848,51,55,6.81,12.2
2020-05-07,2,2,1,2,4959,21,8,6.75,12.2
2020-05-07,2,2,2,3,4914,62,61,6.78,12.2
2020-05-07,2,2,6,4,4995,30,57,6.8,12.2
2020-05-07,2,2,3,5,4946,23,33,6.84,12.2
2020-05-07,2,2,5,6,4968,28,44,6.82,12.2
2020-05-07,2,3,1,1,4870,61,28,6.81,20.1
2020-05-07,2,3,3,2,4450,17,6,6.83,20.1
2020-05-07,2,3,6,3,4964,27,26,6.84,20.1
2020-05-07,2,3,5,4,4387,43,66,6.86,20.1
2020-05-07,2,3,2,5,4014,18,14,6.82,20.1
2020-05-07,2,3,4,6,4726,24,29,6.9,20.1
2020-05-07,2,4,4,1,4852,33,54,6.88,30.7
2020-05-07,2,4,6,2,5055,8,5,6.81,30.7
2020-05-07,2,4,1,3,4910,3,38,6.79,30.7
2020-05-07,2,4,5,4,4970,9,12,6.85,30.7
2020-05-07,2,4,2,5,5032,59,62,6.76,30.7
2020-05-07,2,4,3,6,4838,40,21,6.84,30.7
2020-05-07,2,5,1,1,4464,44,32,6.87,46.7
2020-05-07,2,5,3,2,4909,41,43,6.76,46.7
2020-05-07,2,5,2,3,4286,48,11,6.88,46.7
2020-05-07,2,5,5,4,4931,2,37,6.81,46.7
2020-05-07,2,5,4,5,5000,22,53,6.72,46.7
2020-05-07,2,5,6,6,4812,4,31,6.81,46.7
2020-05-07,2,6,1,1,5029,56,51,6.86,37.2
2020-05-07,2,6,3,2,4959,21,8,6.85,37.2
2020-05-07,2,6,5,3,4845,35,24,6.87,37.2
2020-05-07,2,6,2,4,4928,25,13,6.87,37.2
2020-05-07,2,6,6,5,4961,64,27,6.89,37.2
2020-05-07,2,6,4,6,3645,36,41,6.91,37.2
2020-05-07,2,7,2,1,4726,24,29,6.9,135.5
2020-05-07,2,7,3,2,4313,6,7,6.93,135.5
2020-05-07,2,7,1,3,4208,66,39,6.91,135.5
2020-05-07,2,7,6,4,4914,62,61,6.91,135.5
2020-05-07,2,7,4,5,5011,39,19,6.96,135.5
2020-05-07,2,7,5,6,4875,57,22,6.93,135.5
2020-05-07,2,8,2,1,4963,32,59,6.84,33.6
2020-05-07,2,8,3,2,4387,43,66,6.89,33.6
2020-05-07,2,8,1,3,4611,14,34,6.82,33.6
2020-05-07,2,8,4,4,4834,49,4,6.78,33.6
2020-05-07,2,8,6,5,4970,9,12,6.9,33.6
2020-05-07,2,8,5,6,5055,8,5,6.92,33.6
2020-05-07,2,9,2,1,4809,15,47,6.87,12.8
2020-05-07,2,9,4,2,4478,11,63,6.9,12.8
2020-05-07,2,9,5,3,3580,13,64,6.92,12.8
2020-05-07,2,9,6,4,4014,18,14,6.94,12.8
2020-05-07,2,9,1,5,4838,40,21,6.89,12.8
2020-05-07,2,9,3,6,4995,30,57,6.83,12.8
2020-05-07,2,10,1,1,3900,20,52,6.82,5.8
2020-05-07,2,10,2,2,4678,52,23,6.9,5.8
2020-05-07,2,10,3,3,4964,27,26,6.79,5.8
2020-05-07,2,10,4,4,5032,59,62,6.87,5.8
2020-05-07,2,10,5,5,4859,60,16,6.86,5.8
2020-05-07,2,10,6,6,4968,28,44,6.89,5.8
2020-05-07,2,12,1,1,4816,54,36,6.88,22.8
2020-05-07,2,12,2,2,4852,33,54,6.92,22.8
2020-05-07,2,12,6,3,4190,63,40,6.92,22.8
2020-05-07,2,12,3,4,4848,51,55,6.8,22.8
2020-05-07,2,12,4,5,4450,17,6,6.89,22.8
2020-05-07,2,12,5,6,4502,53,1,6.88,22.8
2020-05-08,3,1,1,1,4726,24,29,6.76,53.1
2020-05-08,3,1,5,2,3435,12,2,6.81,53.1
2020-05-08,3,1,3,3,3580,13,64,6.82,53.1
2020-05-08,3,1,4,4,4963,32,59,6.83,53.1
2020-05-08,3,1,6,5,4387,43,66,6.86,53.1
2020-05-08,3,1,2,6,4909,41,43,6.73,53.1
2020-05-08,3,2,3,1,4812,4,31,6.83,34.9
2020-05-08,3,2,1,2,5000,22,53,6.73,34.9
2020-05-08,3,2,6,3,4978,50,58,6.83,34.9
2020-05-08,3,2,2,4,5011,39,19,6.76,34.9
2020-05-08,3,2,4,5,4928,25,13,6.85,34.9
2020-05-08,3,2,5,6,4838,40,21,6.79,34.9
2020-05-08,3,3,2,1,4208,66,39,6.83,55.8
2020-05-08,3,3,4,2,4502,53,1,6.81,55.8
2020-05-08,3,3,6,3,4611,14,34,6.86,55.8
2020-05-08,3,3,5,4,3611,45,46,6.82,55.8
2020-05-08,3,3,3,5,3645,36,41,6.86,55.8
2020-05-08,3,3,1,6,4014,18,14,6.78,55.8
2020-05-08,3,4,1,1,4931,2,37,6.77,27.4
2020-05-08,3,4,6,2,4834,49,4,6.73,27.4
2020-05-08,3,4,4,3,4910,3,38,6.78,27.4
2020-05-08,3,4,5,4,4946,23,33,6.86,27.4
2020-05-08,3,4,3,5,5029,56,51,6.73,27.4
2020-05-08,3,4,2,6,4970,9,12,6.85,27.4
2020-05-08,3,5,1,1,4995,30,57,6.79,36.2
2020-05-08,3,5,3,2,4859,60,16,6.7,36.2
2020-05-08,3,5,5,3,4286,48,11,6.79,36.2
2020-05-08,3,5,6,4,4963,32,59,6.82,36.2
2020-05-08,3,5,2,5,4968,28,44,6.73,36.2
2020-05-08,3,5,4,6,4870,61,28,6.78,36.2
2020-05-08,3,7,4,1,5055,8,5,6.82,298.9
2020-05-08,3,7,2,2,3900,20,52,6.78,298.9
2020-05-08,3,7,1,3,4678,52,23,6.8,298.9
2020-05-08,3,7,3,4,4502,53,1,6.81,298.9
2020-05-08,3,7,6,5,4875,57,22,6.85,298.9
2020-05-08,3,7,5,6,4928,25,13,6.95,298.9
2020-05-08,3,8,2,1,4387,43,66,6.77,39.1
2020-05-08,3,8,3,2,4190,63,40,6.81,39.1
2020-05-08,3,8,4,3,4914,62,61,6.87,39.1
2020-05-08,3,8,1,4,3611,45,46,6.75,39.1
2020-05-08,3,8,5,5,4978,50,58,6.82,39.1
2020-05-08,3,8,6,6,5029,56,51,6.78,39.1
2020-05-08,3,9,3,1,4816,54,36,6.88,21.2
2020-05-08,3,9,2,2,4931,2,37,6.85,21.2
2020-05-08,3,9,5,3,4313,6,7,6.85,21.2
2020-05-08,3,9,4,4,3435,12,2,6.77,21.2
2020-05-08,3,9,6,5,4208,66,39,6.83,21.2
2020-05-08,3,9,1,6,4970,9,12,6.9,21.2
2020-05-08,3,10,3,1,4611,14,34,6.92,30.8
2020-05-08,3,10,1,2,3580,13,64,6.83,30.8
2020-05-08,3,10,2,3,4964,27,26,6.89,30.8
2020-05-08,3,10,4,4,4946,23,33,6.91,30.8
2020-05-08,3,10,5,5,4834,49,4,6.8,30.8
2020-05-08,3,10,6,6,4809,15,47,6.93,30.8
2020-05-08,3,11,1,1,4848,51,55,6.82,23.9
2020-05-08,3,11,6,2,4478,11,63,6.9,23.9
2020-05-08,3,11,2,3,4910,3,38,6.78,23.9
2020-05-08,3,11,5,4,3645,36,41,6.92,23.9
2020-05-08,3,11,3,5,5000,22,53,6.95,23.9
2020-05-08,3,11,4,6,4909,41,43,6.89,23.9
2020-05-09,4,1,4,1,5055,8,5,6.79,39.9
2020-05-09,4,1,1,2,4809,15,47,6.76,39.9
2020-05-09,4,1,6,3,4848,51,55,6.83,39.9
2020-05-09,4,1,5,4,4852,33,54,6.84,39.9
2020-05-09,4,1,2,5,4995,30,57,6.77,39.9
2020-05-09,4,1,3,6,4968,28,44,6.76,39.9
2020-05-09,4,2,5,1,4450,17,6,6.82,152.2
2020-05-09,4,2,2,2,4870,61,28,6.76,152.2
2020-05-09,4,2,3,3,4286,48,11,6.81,152.2
2020-05-09,4,2,4,4,4313,6,7,6.75,152.2
2020-05-09,4,2,1,5,4845,35,24,6.84,152.2
2020-05-09,4,2,6,6,4678,52,23,6.88,152.2
2020-05-09,4,3,3,1,4914,62,61,6.89,68.1
2020-05-09,4,3,4,2,4959,21,8,6.84,68.1
2020-05-09,4,3,1,3,4875,57,30,6.81,68.1
2020-05-09,4,3,5,4,5032,59,62,6.83,68.1
2020-05-09,4,3,2,5,4816,54,36,6.82,68.1
2020-05-09,4,3,6,6,4859,60,16,6.81,68.1
2020-05-09,4,6,1,1,4928,25,13,6.86,12.1
2020-05-09,4,6,2,2,5000,22,53,6.81,12.1
2020-05-09,4,6,3,3,4809,15,47,6.85,12.1
2020-05-09,4,6,5,4,4870,61,28,6.79,12.1
2020-05-09,4,6,4,5,4014,18,14,6.81,12.1
2020-05-09,4,6,6,6,3645,36,41,6.99,12.1
2020-05-09,4,7,2,1,4450,17,6,6.8,13.7
2020-05-09,4,7,5,2,4959,21,8,6.82,13.7
2020-05-09,4,7,1,3,4286,48,11,6.85,13.7
2020-05-09,4,7,3,4,3611,45,46,6.76,13.7
2020-05-09,4,7,6,5,4978,50,58,6.86,13.7
2020-05-09,4,7,4,6,4970,9,12,6.87,13.7
2020-05-09,4,8,1,1,4914,62,61,6.85,9.4
2020-05-09,4,8,5,2,4478,11,63,6.85,9.4
2020-05-09,4,8,2,3,4946,23,33,6.87,9.4
2020-05-09,4,8,6,4,4909,41,43,6.88,9.4
2020-05-09,4,8,3,5,5011,39,19,6.85,9.4
2020-05-09,4,8,4,6,4845,35,24,6.83,9.4
2020-05-09,4,9,2,1,4848,51,55,6.81,13.5
2020-05-09,4,9,1,2,4812,4,31,6.78,13.5
2020-05-09,4,9,3,3,4931,2,37,6.81,13.5
2020-05-09,4,9,4,4,3900,20,52,6.9,13.5
2020-05-09,4,9,5,5,4961,64,27,6.81,13.5
2020-05-09,4,9,6,6,4726,24,29,6.87,13.5
2020-05-09,4,10,2,1,4190,63,40,6.84,13.3
2020-05-09,4,10,1,2,4387,43,66,6.85,13.3
2020-05-09,4,10,3,3,3435,12,2,6.86,13.3
2020-05-09,4,10,5,4,5055,8,5,6.9,13.3
2020-05-09,4,10,4,5,4875,57,30,6.92,13.3
2020-05-09,4,10,6,6,5032,59,62,6.91,13.3
2020-05-09,4,11,3,1,4852,33,54,6.91,250.9
2020-05-09,4,11,5,2,4464,44,32,6.87,250.9
2020-05-09,4,11,1,3,4816,54,36,6.87,250.9
2020-05-09,4,11,6,4,4313,6,7,6.9,250.9
2020-05-09,4,11,4,5,4964,27,26,6.82,250.9
2020-05-09,4,11,2,6,5029,56,51,6.89,250.9
2020-05-10,5,1,1,1,4961,64,27,6.81,11.4
2020-05-10,5,1,4,2,4852,33,54,6.86,11.4
2020-05-10,5,1,2,3,4286,48,11,6.9,11.4
2020-05-10,5,1,6,4,4931,2,37,6.89,11.4
2020-05-10,5,1,5,5,5011,39,19,6.9,11.4
2020-05-10,5,1,3,6,4963,32,59,6.88,11.4
2020-05-10,5,2,1,1,4875,57,30,6.93,51.5
2020-05-10,5,2,2,2,4809,15,47,6.9,51.5
2020-05-10,5,2,3,3,4838,40,21,6.98,51.5
2020-05-10,5,2,6,4,3580,13,20,6.97,51.5
2020-05-10,5,2,5,5,4964,27,26,6.92,51.5
2020-05-10,5,2,4,6,4190,63,40,6.83,51.5
2020-05-10,5,3,1,1,4946,23,33,6.82,9.2
2020-05-10,5,3,3,2,4816,54,36,6.92,9.2
2020-05-10,5,3,5,3,4478,11,63,6.89,9.2
2020-05-10,5,3,6,4,3611,45,46,6.94,9.2
2020-05-10,5,3,2,5,4970,9,12,6.92,9.2
2020-05-10,5,3,4,6,4870,61,28,6.83,9.2
2020-05-10,5,4,1,1,4812,4,31,6.89,11.8
2020-05-10,5,4,2,2,5000,22,53,6.9,11.8
2020-05-10,5,4,3,3,5029,56,51,6.91,11.8
2020-05-10,5,4,6,4,4502,53,1,6.86,11.8
2020-05-10,5,4,4,5,4726,24,29,6.96,11.8
2020-05-10,5,4,5,6,4014,18,14,6.89,11.8
2020-05-10,5,5,6,1,4848,51,55,6.85,87.4
2020-05-10,5,5,1,2,4464,44,32,6.88,87.4
2020-05-10,5,5,4,3,4959,21,8,6.88,87.4
2020-05-10,5,5,3,4,4909,41,43,6.9,87.4
2020-05-10,5,5,5,5,4834,49,4,6.92,87.4
2020-05-10,5,5,2,6,4313,6,7,6.82,87.4
2020-05-10,5,6,2,1,3645,36,41,6.9,369.3
2020-05-10,5,6,5,2,4914,62,61,6.9,369.3
2020-05-10,5,6,3,3,4678,52,23,6.94,369.3
2020-05-10,5,6,1,4,3435,12,2,6.89,369.3
2020-05-10,5,6,4,5,5055,8,5,6.87,369.3
2020-05-10,5,6,6,6,4978,50,58,6.94,369.3
2020-05-10,5,7,5,1,4208,66,39,6.93,90.7
2020-05-10,5,7,1,2,4928,25,13,6.88,90.7
2020-05-10,5,7,6,3,4450,17,6,6.93,90.7
2020-05-10,5,7,4,4,3900,20,52,6.99,90.7
2020-05-10,5,7,3,5,4970,9,25,6.97,90.7
2020-05-10,5,7,2,6,4859,60,16,6.91,90.7
2020-05-10,5,8,3,1,4387,43,66,6.93,21.3
2020-05-10,5,8,1,2,4611,14,34,6.94,21.3
2020-05-10,5,8,6,3,4910,3,38,6.94,21.3
2020-05-10,5,8,2,4,4964,27,26,6.9,21.3
2020-05-10,5,8,5,5,5032,59,62,6.92,21.3
2020-05-10,5,8,4,6,5029,56,51,6.87,21.3
2020-05-10,5,9,1,1,4959,21,8,6.87,10.7
2020-05-10,5,9,3,2,4946,23,33,6.98,10.7
2020-05-10,5,9,5,3,5000,22,53,6.95,10.7
2020-05-10,5,9,2,4,5011,39,19,6.96,10.7
2020-05-10,5,9,4,5,4875,57,30,6.99,10.7
2020-05-10,5,9,6,6,4838,40,21,6.93,10.7
2020-05-10,5,10,1,1,4848,51,55,6.83,20.0
2020-05-10,5,10,2,2,4914,62,61,6.92,20.0
2020-05-10,5,10,5,3,4809,15,47,6.93,20.0
2020-05-10,5,10,4,4,4816,54,36,6.93,20.0
2020-05-10,5,10,6,5,5055,8,5,6.93,20.0
2020-05-10,5,10,3,6,4852,33,54,6.97,20.0
2020-05-10,5,11,1,1,4450,17,6,6.86,6.4
2020-05-10,5,11,2,2,4478,11,63,6.86,6.4
2020-05-10,5,11,3,3,4190,63,40,6.93,6.4
2020-05-10,5,11,4,4,4963,32,59,6.91,6.4
2020-05-10,5,11,5,5,4313,6,7,6.93,6.4
2020-05-10,5,11,6,6,3435,12,2,6.9,6.4
2020-05-10,5,12,1,1,3900,20,52,6.87,12.1
2020-05-10,5,12,3,2,3611,45,46,6.95,12.1
2020-05-10,5,12,6,3,4387,43,66,6.96,12.1
2020-05-10,5,12,4,4,4909,41,43,6.93,12.1
2020-05-10,5,12,2,5,4678,52,23,6.97,12.1
2020-05-10,5,12,5,6,4726,24,29,6.97,12.1
2020-05-11,6,1,1,1,4502,53,1,6.76,11.8
2020-05-11,6,1,2,2,4014,18,14,6.93,11.8
2020-05-11,6,1,3,3,4286,48,11,6.93,11.8
2020-05-11,6,1,6,4,4963,32,59,6.8,11.8
2020-05-11,6,1,5,5,4870,61,28,6.87,11.8
2020-05-11,6,1,4,6,4313,6,7,6.92,11.8
2020-05-11,6,2,1,1,4859,60,16,6.85,27.7
2020-05-11,6,2,5,2,4816,54,36,6.86,27.7
2020-05-11,6,2,2,3,4839,16,65,6.91,27.7
2020-05-11,6,2,6,4,4812,4,31,6.92,27.7
2020-05-11,6,2,3,5,4834,49,4,6.84,27.7
2020-05-11,6,2,4,6,5032,59,62,6.89,27.7
2020-05-11,6,3,2,1,4208,66,39,6.83,102.7
2020-05-11,6,3,3,2,4611,14,34,6.86,102.7
2020-05-11,6,3,4,3,3645,36,41,6.93,102.7
2020-05-11,6,3,1,4,3435,12,2,6.87,102.7
2020-05-11,6,3,6,5,4464,44,32,6.82,102.7
2020-05-11,6,3,5,6,5057,31,3,6.8,102.7
2020-05-11,6,4,1,1,4852,33,54,6.89,12.1
2020-05-11,6,4,2,2,4872,46,35,6.86,12.1
2020-05-11,6,4,3,3,4959,21,8,6.84,12.1
2020-05-11,6,4,6,4,4928,25,13,6.88,12.1
2020-05-11,6,4,5,5,5055,8,5,6.8,12.1
2020-05-11,6,4,4,6,4931,2,37,6.86,12.1
2020-05-11,6,5,1,1,4838,40,21,6.85,45.6
2020-05-11,6,5,4,2,4870,61,28,6.84,45.6
2020-05-11,6,5,6,3,4961,64,27,6.87,45.6
2020-05-11,6,5,2,4,5029,56,51,6.82,45.6
2020-05-11,6,5,5,5,4678,52,23,6.93,45.6
2020-05-11,6,5,3,6,5011,39,19,6.85,45.6
2020-05-11,6,6,4,1,4964,27,26,6.86,103.1
2020-05-11,6,6,2,2,5032,59,62,6.83,103.1
2020-05-11,6,6,3,3,4839,16,65,6.94,103.1
2020-05-11,6,6,6,4,3900,20,52,6.86,103.1
2020-05-11,6,6,5,5,4909,41,43,6.89,103.1
2020-05-11,6,6,1,6,4970,9,25,6.9,103.1
2020-05-11,6,7,1,1,4834,49,4,6.86,302.4
2020-05-11,6,7,6,2,5057,31,3,6.77,302.4
2020-05-11,6,7,2,3,4875,57,30,6.88,302.4
2020-05-11,6,7,5,4,4286,48,11,6.91,302.4
2020-05-11,6,7,3,5,5000,22,53,6.93,302.4
2020-05-11,6,7,4,6,4208,66,39,6.87,302.4
2020-05-11,6,8,1,1,4931,2,37,6.97,33.8
2020-05-11,6,8,6,2,4611,14,34,6.9,33.8
2020-05-11,6,8,2,3,4928,25,13,6.86,33.8
2020-05-11,6,8,5,4,3645,36,41,6.88,33.8
2020-05-11,6,8,4,5,4014,18,14,6.78,33.8
2020-05-11,6,8,3,6,4859,60,16,6.83,33.8
2020-05-11,6,9,1,1,3611,45,46,6.84,11.0
2020-05-11,6,9,3,2,4502,53,1,6.84,11.0
2020-05-11,6,9,4,3,4872,46,35,6.84,11.0
2020-05-11,6,9,2,4,4726,24,29,6.84,11.0
2020-05-11,6,9,5,5,4910,3,38,6.86,11.0
2020-05-11,6,9,6,6,4978,50,58,6.84,11.0
2020-05-11,6,10,1,1,4387,43,66,6.8,14.0
2020-05-11,6,10,2,2,4961,64,27,6.83,14.0
2020-05-11,6,10,6,3,4959,21,8,6.91,14.0
2020-05-11,6,10,4,4,4812,4,31,6.87,14.0
2020-05-11,6,10,5,5,4946,23,33,6.96,14.0
2020-05-11,6,10,3,6,4464,44,32,6.91,14.0
2020-05-11,6,11,1,1,4963,32,59,6.84,10.9
2020-05-11,6,11,2,2,4816,54,36,6.89,10.9
2020-05-11,6,11,5,3,4852,33,54,6.86,10.9
2020-05-11,6,11,4,4,5055,8,5,6.84,10.9
2020-05-11,6,11,6,5,3435,12,2,6.9,10.9
2020-05-11,6,11,3,6,4313,6,7,6.92,10.9
2020-05-11,6,12,1,1,4450,17,6,6.8,7.6
2020-05-11,6,12,2,2,4848,51,55,6.89,7.6
2020-05-11,6,12,3,3,4478,11,63,6.89,7.6
2020-05-11,6,12,4,4,4914,62,61,6.87,7.6
2020-05-11,6,12,6,5,4809,15,47,6.87,7.6
2020-05-11,6,12,5,6,4190,63,40,6.93,7.6
2020-05-19,1,1,1,1,4739,20,49,6.91,31.1
2020-05-19,1,1,3,2,3933,31,30,6.75,31.1
2020-05-19,1,1,6,3,4308,1,36,6.91,31.1
2020-05-19,1,1,4,4,4847,7,40,6.79,31.1
2020-05-19,1,1,2,5,3484,11,5,6.87,31.1
2020-05-19,1,1,5,6,4261,57,35,6.97,31.1
2020-05-19,1,2,1,1,3915,51,19,6.91,24.5
2020-05-19,1,2,3,2,3965,28,25,6.92,24.5
2020-05-19,1,2,4,3,4324,22,38,6.87,24.5
2020-05-19,1,2,2,4,4290,34,3,6.95,24.5
2020-05-19,1,2,6,5,4112,41,63,6.9,24.5
2020-05-19,1,2,5,6,4452,56,27,6.89,24.5
2020-05-19,1,3,2,1,4413,21,39,6.88,133.5
2020-05-19,1,3,1,2,3920,64,32,6.82,133.5
2020-05-19,1,3,6,3,4926,46,59,6.85,133.5
2020-05-19,1,3,3,4,4757,37,41,6.9,133.5
2020-05-19,1,3,5,5,4828,8,13,6.79,133.5
2020-05-19,1,3,4,6,3532,44,15,6.88,133.5
2020-05-19,1,4,1,1,4427,18,17,6.75,26.5
2020-05-19,1,4,3,2,4391,55,65,6.87,26.5
2020-05-19,1,4,6,3,4601,61,16,6.92,26.5
2020-05-19,1,4,4,4,4292,6,21,6.97,26.5
2020-05-19,1,4,2,5,3978,27,24,6.89,26.5
2020-05-19,1,4,5,6,4174,39,8,6.93,26.5
2020-05-19,1,5,6,1,3573,16,54,6.96,113.3
2020-05-19,1,5,2,2,3931,59,23,6.83,113.3
2020-05-19,1,5,5,3,4850,17,51,6.87,113.3
2020-05-19,1,5,1,4,4012,53,26,6.86,113.3
2020-05-19,1,5,3,5,4793,14,20,6.94,113.3
2020-05-19,1,5,4,6,4072,32,66,6.87,113.3
2020-05-19,1,6,1,1,3497,49,22,6.88,97.6
2020-05-19,1,6,5,2,4596,50,57,7.02,97.6
2020-05-19,1,6,3,3,4296,5,46,6.97,97.6
2020-05-19,1,6,2,4,3541,63,60,6.94,97.6
2020-05-19,1,6,4,5,4308,1,36,6.91,97.6
2020-05-19,1,6,6,6,4033,33,29,6.87,97.6
2020-05-19,1,7,2,1,4828,8,13,6.8,47.6
2020-05-19,1,7,1,2,3933,31,30,6.79,47.6
2020-05-19,1,7,6,3,4290,34,3,6.95,47.6
2020-05-19,1,7,5,4,4102,45,14,6.88,47.6
2020-05-19,1,7,4,5,4260,52,50,6.98,47.6
2020-05-19,1,7,3,6,4798,35,61,6.87,47.6
2020-05-19,1,8,1,1,4757,37,41,6.83,19.2
2020-05-19,1,8,3,2,4259,19,55,6.85,19.2
2020-05-19,1,8,2,3,4391,55,65,6.79,19.2
2020-05-19,1,8,6,4,3965,28,25,6.94,19.2
2020-05-19,1,8,4,5,3876,48,56,6.93,19.2
2020-05-19,1,8,5,6,4847,7,40,6.82,19.2
2020-05-19,1,11,1,1,4013,47,28,6.79,6.3
2020-05-19,1,11,3,2,3996,65,34,6.85,6.3
2020-05-19,1,11,4,3,3573,16,54,6.95,6.3
2020-05-19,1,11,2,4,4174,39,8,6.97,6.3
2020-05-19,1,11,6,5,3541,63,60,6.96,6.3
2020-05-19,1,11,5,6,3347,10,6,7.02,6.3
2020-05-19,1,12,1,1,4166,15,9,6.81,9.5
2020-05-19,1,12,2,2,3995,26,47,6.85,9.5
2020-05-19,1,12,3,3,3983,66,10,6.87,9.5
2020-05-19,1,12,4,4,4459,38,7,6.86,9.5
2020-05-19,1,12,5,5,4500,58,2,6.9,9.5
2020-05-19,1,12,6,6,4760,29,37,6.83,9.5
2020-05-20,2,1,5,1,3920,64,32,6.78,213.2
2020-05-20,2,1,1,2,4452,56,27,6.84,213.2
2020-05-20,2,1,4,3,4850,17,51,6.82,213.2
2020-05-20,2,1,2,4,4760,29,37,6.79,213.2
2020-05-20,2,1,6,5,4596,50,57,6.88,213.2
2020-05-20,2,1,3,6,4033,33,29,6.75,213.2
2020-05-20,2,2,2,1,4260,52,50,6.8,51.2
2020-05-20,2,2,1,2,3347,10,6,6.78,51.2
2020-05-20,2,2,4,3,3915,51,19,6.83,51.2
2020-05-20,2,2,5,4,4324,22,38,6.81,51.2
2020-05-20,2,2,6,5,3983,66,10,6.78,51.2
2020-05-20,2,2,3,6,3484,11,5,6.84,51.2
2020-05-20,2,3,1,1,4102,45,14,6.78,13.9
2020-05-20,2,3,4,2,3995,26,47,6.78,13.9
2020-05-20,2,3,3,3,4261,57,35,6.87,13.9
2020-05-20,2,3,2,4,4292,6,21,6.92,13.9
2020-05-20,2,3,5,5,4089,13,12,6.71,13.9
2020-05-20,2,3,6,6,3497,49,22,6.86,13.9
2020-05-20,2,4,1,1,3876,48,56,6.87,7.6
2020-05-20,2,4,2,2,4500,58,2,6.84,7.6
2020-05-20,2,4,3,3,4013,47,28,6.79,7.6
2020-05-20,2,4,6,4,3532,44,15,6.87,7.6
2020-05-20,2,4,5,5,4793,14,20,6.91,7.6
2020-05-20,2,4,4,6,4601,61,16,6.8,7.6
2020-05-20,2,5,4,1,3996,65,34,6.86,258.3
2020-05-20,2,5,6,2,4798,35,61,6.9,258.3
2020-05-20,2,5,5,3,4459,38,7,6.88,258.3
2020-05-20,2,5,1,4,4174,39,8,6.86,258.3
2020-05-20,2,5,3,5,4818,62,52,6.86,258.3
2020-05-20,2,5,2,6,4112,41,63,6.85,258.3
2020-05-20,2,6,1,1,3541,63,60,6.92,11.3
2020-05-20,2,6,3,2,3347,10,6,6.9,11.3
2020-05-20,2,6,4,3,4166,15,9,6.85,11.3
2020-05-20,2,6,6,4,4983,12,64,6.83,11.3
2020-05-20,2,6,2,5,4012,53,26,6.9,11.3
2020-05-20,2,6,5,6,4259,19,55,6.87,11.3
2020-05-20,2,7,1,1,4413,21,39,6.86,10.7
2020-05-20,2,7,3,2,4760,29,37,6.83,10.7
2020-05-20,2,7,4,3,4926,46,59,6.81,10.7
2020-05-20,2,7,2,4,4847,7,40,6.8,10.7
2020-05-20,2,7,5,5,3497,49,22,6.79,10.7
2020-05-20,2,7,6,6,4260,52,50,6.9,10.7
2020-05-20,2,8,1,1,4601,61,16,6.79,13.1
2020-05-20,2,8,3,2,4596,50,57,6.83,13.1
2020-05-20,2,8,4,3,3983,66,10,6.86,13.1
2020-05-20,2,8,5,4,3965,28,25,6.96,13.1
2020-05-20,2,8,6,5,4391,55,65,6.9,13.1
2020-05-20,2,8,2,6,4261,57,35,6.83,13.1
2020-05-20,2,9,1,1,3995,26,47,6.76,11.0
2020-05-20,2,9,3,2,4739,20,49,6.81,11.0
2020-05-20,2,9,5,3,4013,47,28,6.8,11.0
2020-05-20,2,9,4,4,3484,11,5,6.78,11.0
2020-05-20,2,9,2,5,4427,18,17,6.78,11.0
2020-05-20,2,9,6,6,4850,17,51,6.83,11.0
2020-05-20,2,10,1,1,3996,65,34,6.74,8.0
2020-05-20,2,10,2,2,3876,48,56,6.82,8.0
2020-05-20,2,10,5,3,4166,15,9,6.84,8.0
2020-05-20,2,10,6,4,3931,59,23,6.86,8.0
2020-05-20,2,10,4,5,4828,8,13,6.74,8.0
2020-05-20,2,10,3,6,4452,56,27,6.78,8.0
2020-05-20,2,11,3,1,4500,58,2,6.77,48.9
2020-05-20,2,11,1,2,4459,38,7,6.76,48.9
2020-05-20,2,11,4,3,4102,45,14,6.82,48.9
2020-05-20,2,11,2,4,3933,31,30,6.73,48.9
2020-05-20,2,11,6,5,3915,51,19,6.84,48.9
2020-05-20,2,11,5,6,4012,53,26,6.84,48.9
2020-05-20,2,12,3,1,4308,1,36,6.74,180.5
2020-05-20,2,12,2,2,3573,16,54,6.78,180.5
2020-05-20,2,12,1,3,4296,5,46,6.78,180.5
2020-05-20,2,12,5,4,3978,27,24,6.8,180.5
2020-05-20,2,12,6,5,4757,37,41,6.84,180.5
2020-05-20,2,12,4,6,4290,34,3,6.82,180.5
2020-05-21,3,2,1,1,3484,11,5,6.81,21.8
2020-05-21,3,2,2,2,4793,14,20,6.8,21.8
2020-05-21,3,2,4,3,3965,28,25,6.89,21.8
2020-05-21,3,2,3,4,4926,46,59,6.81,21.8
2020-05-21,3,2,5,5,3541,63,60,6.83,21.8
2020-05-21,3,2,6,6,4166,15,9,6.78,21.8
2020-05-21,3,3,1,1,4261,57,35,6.86,10.8
2020-05-21,3,3,2,2,3920,64,32,6.75,10.8
2020-05-21,3,3,3,3,4290,34,3,6.76,10.8
2020-05-21,3,3,5,4,4739,20,49,6.83,10.8
2020-05-21,3,3,6,5,4413,21,39,6.86,10.8
2020-05-21,3,3,4,6,4259,19,55,6.81,10.8
2020-05-21,3,4,2,1,4324,22,38,6.78,51.8
2020-05-21,3,4,1,2,4798,35,61,6.84,51.8
2020-05-21,3,4,6,3,4174,39,8,6.82,51.8
2020-05-21,3,4,4,4,3978,27,24,6.8,51.8
2020-05-21,3,4,5,5,3876,48,56,6.88,51.8
2020-05-21,3,4,3,6,4260,52,50,6.82,51.8
2020-05-21,3,5,4,1,4296,5,46,6.79,101.0
2020-05-21,3,5,3,2,4089,13,12,6.77,101.0
2020-05-21,3,5,2,3,4596,50,57,6.89,101.0
2020-05-21,3,5,6,4,3931,59,23,6.8,101.0
2020-05-21,3,5,5,5,3995,26,47,6.74,101.0
2020-05-21,3,5,1,6,4983,12,64,6.87,101.0
2020-05-21,3,6,1,1,4112,41,63,6.82,12.5
2020-05-21,3,6,3,2,3573,16,54,6.83,12.5
2020-05-21,3,6,5,3,3996,65,34,6.84,12.5
2020-05-21,3,6,2,4,4102,45,14,6.81,12.5
2020-05-21,3,6,4,5,4760,29,37,6.86,12.5
2020-05-21,3,6,6,6,4847,7,40,6.78,12.5
2020-05-21,3,7,1,1,4391,55,65,6.82,6.9
2020-05-21,3,7,3,2,4459,38,7,6.84,6.9
2020-05-21,3,7,2,3,3347,10,6,6.83,6.9
2020-05-21,3,7,5,4,4757,37,41,6.81,6.9
2020-05-21,3,7,6,5,4012,53,26,6.93,6.9
2020-05-21,3,7,4,6,4793,14,20,6.79,6.9
2020-05-21,3,8,1,1,3532,44,15,6.85,13.3
2020-05-21,3,8,3,2,4166,15,9,6.76,13.3
2020-05-21,3,8,4,3,3497,49,22,6.77,13.3
2020-05-21,3,8,2,4,4798,35,61,6.86,13.3
2020-05-21,3,8,5,5,4290,34,3,6.82,13.3
2020-05-21,3,8,6,6,4452,56,27,6.83,13.3
2020-05-21,3,9,5,1,4296,5,46,6.84,111.0
2020-05-21,3,9,1,2,4828,8,13,6.71,111.0
2020-05-21,3,9,4,3,4013,47,28,6.82,111.0
2020-05-21,3,9,6,4,4500,58,2,6.83,111.0
2020-05-21,3,9,3,5,3920,64,32,6.84,111.0
2020-05-21,3,9,2,6,3915,51,19,6.87,111.0
2020-05-21,3,10,4,1,3933,31,30,6.65,56.3
2020-05-21,3,10,1,2,4760,29,37,6.77,56.3
2020-05-21,3,10,5,3,4033,33,29,6.81,56.3
2020-05-21,3,10,6,4,3978,27,24,6.82,56.3
2020-05-21,3,10,2,5,4601,61,16,6.78,56.3
2020-05-21,3,10,3,6,4983,12,64,6.78,56.3
2020-05-21,3,11,2,1,4308,1,36,6.77,14.6
2020-05-21,3,11,1,2,3983,66,10,6.71,14.6
2020-05-21,3,11,3,3,4174,39,8,6.81,14.6
2020-05-21,3,11,4,4,4112,41,63,6.88,14.6
2020-05-21,3,11,6,5,4089,13,12,6.82,14.6
2020-05-21,3,11,5,6,4292,6,21,6.84,14.6
2020-05-21,3,12,1,1,3573,16,54,6.79,20.3
2020-05-21,3,12,5,2,4926,46,43,6.84,20.3
2020-05-21,3,12,3,3,3995,26,47,6.84,20.3
2020-05-21,3,12,4,4,4391,55,65,6.91,20.3
2020-05-21,3,12,6,5,4259,19,55,6.87,20.3
2020-05-21,3,12,2,6,4818,62,52,6.87,20.3
2020-05-22,4,1,1,1,4259,19,55,6.8,11.2
2020-05-22,4,1,3,2,3541,63,60,6.79,11.2
2020-05-22,4,1,2,3,4757,37,41,6.85,11.2
2020-05-22,4,1,6,4,4427,18,17,6.73,11.2
2020-05-22,4,1,5,5,4112,41,63,6.77,11.2
2020-05-22,4,1,4,6,4983,12,64,6.8,11.2
2020-05-22,4,2,1,1,4850,17,51,6.76,12.0
2020-05-22,4,2,6,2,3933,31,30,6.67,12.0
2020-05-22,4,2,3,3,4847,7,40,6.71,12.0
2020-05-22,4,2,2,4,4452,56,27,6.77,12.0
2020-05-22,4,2,5,5,3983,66,10,6.72,12.0
2020-05-22,4,2,4,6,4012,53,26,6.78,12.0
2020-05-22,4,3,1,1,4260,52,50,6.77,13.3
2020-05-22,4,3,5,2,4308,1,36,6.77,13.3
2020-05-22,4,3,3,3,4102,45,14,6.77,13.3
2020-05-22,4,3,2,4,4033,33,29,6.8,13.3
2020-05-22,4,3,4,5,4174,39,8,6.8,13.3
2020-05-22,4,3,6,6,3931,59,23,6.8,13.3
2020-05-22,4,5,1,1,4926,46,43,6.71,40.7
2020-05-22,4,5,6,2,3920,64,32,6.81,40.7
2020-05-22,4,5,5,3,4391,55,65,6.82,40.7
2020-05-22,4,5,4,4,4739,20,49,6.85,40.7
2020-05-22,4,5,2,5,3532,44,15,6.81,40.7
2020-05-22,4,5,3,6,3978,27,24,6.8,40.7
2020-05-22,4,6,4,1,3541,63,60,6.78,156.9
2020-05-22,4,6,1,2,4089,13,12,6.83,156.9
2020-05-22,4,6,6,3,4828,8,13,6.72,156.9
2020-05-22,4,6,2,4,3497,49,22,6.79,156.9
2020-05-22,4,6,5,5,4760,29,37,6.76,156.9
2020-05-22,4,6,3,6,4324,22,38,6.8,156.9
2020-05-22,4,7,1,1,4847,7,40,6.75,22.0
2020-05-22,4,7,2,2,4459,38,7,6.77,22.0
2020-05-22,4,7,4,3,4793,14,20,6.89,22.0
2020-05-22,4,7,5,4,3931,59,23,6.83,22.0
2020-05-22,4,7,3,5,3915,51,19,6.85,22.0
2020-05-22,4,7,6,6,4296,5,46,6.79,22.0
2020-05-22,4,8,4,1,4757,37,41,6.87,614.6
2020-05-22,4,8,3,2,4601,61,16,6.79,614.6
2020-05-22,4,8,5,3,3933,31,30,6.73,614.6
2020-05-22,4,8,1,4,3965,28,25,6.87,614.6
2020-05-22,4,8,2,5,4013,47,28,6.75,614.6
2020-05-22,4,8,6,6,3995,26,47,6.86,614.6
2020-05-22,4,10,1,1,4308,1,36,6.79,8.7
2020-05-22,4,10,3,2,4828,8,13,6.77,8.7
2020-05-22,4,10,4,3,4413,21,39,6.84,8.7
2020-05-22,4,10,2,4,3983,66,10,6.79,8.7
2020-05-22,4,10,5,5,4798,35,61,6.91,8.7
2020-05-22,4,10,6,6,3484,11,5,6.84,8.7
2020-05-22,4,11,3,1,3876,48,56,6.9,86.8
2020-05-22,4,11,1,2,4500,58,2,6.82,86.8
2020-05-22,4,11,6,3,4324,22,38,6.92,86.8
2020-05-22,4,11,2,4,4166,15,9,6.84,86.8
2020-05-22,4,11,4,5,4261,57,35,6.94,86.8
2020-05-22,4,11,5,6,3532,44,15,7.0,86.8
2020-05-23,5,1,1,1,4818,62,52,6.77,12.1
2020-05-23,5,1,2,2,4033,33,29,6.79,12.1
2020-05-23,5,1,4,3,4391,55,65,6.87,12.1
2020-05-23,5,1,5,4,4259,19,55,6.83,12.1
2020-05-23,5,1,6,5,4102,45,14,6.74,12.1
2020-05-23,5,1,3,6,4850,17,51,6.78,12.1
2020-05-23,5,2,3,1,4847,7,40,6.75,25.5
2020-05-23,5,2,1,2,4292,6,21,6.8,25.5
2020-05-23,5,2,2,3,4452,56,27,6.81,25.5
2020-05-23,5,2,4,4,4596,50,57,6.76,25.5
2020-05-23,5,2,6,5,3915,51,19,6.85,25.5
2020-05-23,5,2,5,6,4089,13,12,6.83,25.5
2020-05-23,5,3,1,1,3532,44,15,6.86,187.8
2020-05-23,5,3,6,2,4260,52,50,6.87,187.8
2020-05-23,5,3,2,3,3497,49,22,6.75,187.8
2020-05-23,5,3,4,4,4013,47,28,6.79,187.8
2020-05-23,5,3,5,5,4798,35,61,6.84,187.8
2020-05-23,5,3,3,6,3965,28,25,6.89,187.8
2020-05-23,5,4,1,1,4174,39,8,6.81,13.7
2020-05-23,5,4,2,2,4983,12,64,6.79,13.7
2020-05-23,5,4,4,3,3978,27,24,6.79,13.7
2020-05-23,5,4,3,4,4261,57,35,6.79,13.7
2020-05-23,5,4,5,5,3484,11,5,6.89,13.7
2020-05-23,5,4,6,6,4793,14,20,6.85,13.7
2020-05-23,5,5,1,1,3983,66,10,6.72,15.1
2020-05-23,5,5,2,2,4112,41,63,6.84,15.1
2020-05-23,5,5,3,3,4818,62,52,6.85,15.1
2020-05-23,5,5,6,4,4760,29,37,6.8,15.1
2020-05-23,5,5,5,5,4601,61,16,6.78,15.1
2020-05-23,5,5,4,6,4102,45,14,6.86,15.1
2020-05-23,5,6,1,1,4290,34,3,6.76,15.5
2020-05-23,5,6,5,2,4850,17,51,6.81,15.5
2020-05-23,5,6,2,3,4089,13,12,6.67,15.5
2020-05-23,5,6,6,4,3931,59,23,6.89,15.5
2020-05-23,5,6,3,5,4033,33,29,6.81,15.5
2020-05-23,5,6,4,6,4292,6,21,6.92,15.5
2020-05-23,5,7,1,1,4391,55,65,6.86,8.1
2020-05-23,5,7,2,2,4259,19,55,6.88,8.1
2020-05-23,5,7,4,3,4452,56,27,6.87,8.1
2020-05-23,5,7,6,4,3965,28,25,6.97,8.1
2020-05-23,5,7,3,5,3532,44,15,6.88,8.1
2020-05-23,5,7,5,6,3915,51,19,6.89,8.1
2020-05-23,5,8,2,1,3484,11,5,6.86,159.7
2020-05-23,5,8,1,2,4013,47,28,6.78,159.7
2020-05-23,5,8,4,3,4798,35,61,6.87,159.7
2020-05-23,5,8,3,4,4983,12,64,6.82,159.7
2020-05-23,5,8,6,5,4847,7,40,6.74,159.7
2020-05-23,5,8,5,6,4596,50,57,6.85,159.7
2020-05-23,5,9,1,1,4500,58,2,6.79,13.6
2020-05-23,5,9,2,2,3933,31,30,6.7,13.6
2020-05-23,5,9,5,3,3995,26,47,6.75,13.6
2020-05-23,5,9,4,4,4413,21,39,6.84,13.6
2020-05-23,5,9,6,5,4166,15,9,6.79,13.6
2020-05-23,5,9,3,6,4926,46,43,6.72,13.6
2020-05-23,5,10,1,1,4308,1,36,6.74,8.3
2020-05-23,5,10,2,2,3996,65,44,6.85,8.3
2020-05-23,5,10,4,3,4757,37,41,6.88,8.3
2020-05-23,5,10,3,4,4296,5,46,6.85,8.3
2020-05-23,5,10,5,5,4324,22,38,6.86,8.3
2020-05-23,5,10,6,6,3541,63,60,6.85,8.3
2020-05-23,5,11,1,1,3573,16,54,6.82,17.9
2020-05-23,5,11,4,2,3876,48,1,6.87,17.9
2020-05-23,5,11,2,3,3920,64,32,6.83,17.9
2020-05-23,5,11,6,4,4828,8,13,6.81,17.9
2020-05-23,5,11,3,5,4459,38,7,6.97,17.9
2020-05-23,5,11,5,6,4739,20,49,6.95,17.9
2020-05-23,5,12,2,1,4601,61,16,6.85,65.8
2020-05-23,5,12,1,2,3978,27,24,6.84,65.8
2020-05-23,5,12,4,3,4290,34,3,6.89,65.8
2020-05-23,5,12,5,4,3497,49,22,6.85,65.8
2020-05-23,5,12,6,5,4261,57,35,6.88,65.8
2020-05-23,5,12,3,6,4760,29,37,6.83,65.8
2020-05-24,6,1,2,1,4261,57,35,6.77,58.8
2020-05-24,6,1,3,2,3484,11,5,6.78,58.8
2020-05-24,6,1,1,3,4260,52,50,6.85,58.8
2020-05-24,6,1,4,4,3497,49,22,6.82,58.8
2020-05-24,6,1,6,5,4292,6,21,6.83,58.8
2020-05-24,6,1,5,6,4033,33,29,6.81,58.8
2020-05-24,6,2,1,1,3915,51,19,6.81,15.2
2020-05-24,6,2,2,2,4259,19,55,6.89,15.2
2020-05-24,6,2,6,3,3983,66,10,6.74,15.2
2020-05-24,6,2,3,4,4089,13,12,6.75,15.2
2020-05-24,6,2,4,5,4983,12,64,6.79,15.2
2020-05-24,6,2,5,6,4112,41,63,6.9,15.2
2020-05-24,6,4,1,1,3541,63,60,6.82,25.3
2020-05-24,6,4,4,2,4926,46,43,6.8,25.3
2020-05-24,6,4,3,3,4596,50,57,6.9,25.3
2020-05-24,6,4,5,4,4601,61,16,6.83,25.3
2020-05-24,6,4,2,5,4296,5,46,6.81,25.3
2020-05-24,6,4,6,6,3532,44,15,6.93,25.3
2020-05-24,6,5,1,1,4760,29,37,6.72,10.3
2020-05-24,6,5,2,2,4739,20,49,6.82,10.3
2020-05-24,6,5,3,3,3995,26,47,6.79,10.3
2020-05-24,6,5,4,4,4166,15,9,6.83,10.3
2020-05-24,6,5,5,5,4102,45,14,6.87,10.3
2020-05-24,6,5,6,6,4013,47,28,6.83,10.3
2020-05-24,6,6,1,1,4413,21,39,6.85,14.1
2020-05-24,6,6,4,2,4757,37,41,6.84,14.1
2020-05-24,6,6,6,3,3978,27,24,6.76,14.1
2020-05-24,6,6,5,4,4324,22,38,6.82,14.1
2020-05-24,6,6,2,5,4089,13,12,6.88,14.1
2020-05-24,6,6,3,6,3497,49,22,6.82,14.1
2020-05-24,6,7,1,1,4459,38,7,6.83,6.4
2020-05-24,6,7,2,2,4850,17,51,6.86,6.4
2020-05-24,6,7,3,3,4112,41,63,6.85,6.4
2020-05-24,6,7,6,4,3876,48,1,6.88,6.4
2020-05-24,6,7,4,5,4793,14,20,6.89,6.4
2020-05-24,6,7,5,6,4261,57,35,6.83,6.4
2020-05-24,6,8,1,1,3965,28,25,6.93,15.6
2020-05-24,6,8,2,2,4596,50,57,6.84,15.6
2020-05-24,6,8,4,3,4452,56,27,6.84,15.6
2020-05-24,6,8,5,4,3484,11,5,6.92,15.6
2020-05-24,6,8,3,5,3983,66,10,6.78,15.6
2020-05-24,6,8,6,6,4818,62,52,6.9,15.6
2020-05-24,6,9,5,1,4290,34,3,6.89,89.6
2020-05-24,6,9,1,2,4847,7,40,6.82,89.6
2020-05-24,6,9,2,3,4102,45,14,6.8,89.6
2020-05-24,6,9,4,4,4601,61,16,6.85,89.6
2020-05-24,6,9,6,5,3931,59,23,6.87,89.6
2020-05-24,6,9,3,6,4260,52,50,6.87,89.6
2020-05-24,6,10,1,1,4324,22,38,6.78,63.7
2020-05-24,6,10,6,2,4391,55,65,6.88,63.7
2020-05-24,6,10,2,3,4166,15,9,6.85,63.7
2020-05-24,6,10,5,4,3541,63,60,6.93,63.7
2020-05-24,6,10,3,5,4926,46,43,6.83,63.7
2020-05-24,6,10,4,6,4739,20,49,6.84,63.7
2020-05-24,6,11,1,1,4757,37,41,6.87,12.4
2020-05-24,6,11,2,2,3995,26,47,6.84,12.4
2020-05-24,6,11,5,3,4828,8,13,6.81,12.4
2020-05-24,6,11,3,4,4296,5,46,6.86,12.4
2020-05-24,6,11,4,5,4413,21,39,6.86,12.4
2020-05-24,6,11,6,6,4459,38,7,6.89,12.4
2020-05-24,6,12,2,1,4308,1,36,6.86,34.1
2020-05-24,6,12,3,2,4500,58,2,6.78,34.1
2020-05-24,6,12,5,3,3996,65,44,6.95,34.1
2020-05-24,6,12,1,4,3573,16,54,6.84,34.1
2020-05-24,6,12,4,5,3933,31,30,6.81,34.1
2020-05-24,6,12,6,6,3920,64,32,6.9,34.1
2020-06-01,1,1,1,1,4315,31,17,6.72,13.2
2020-06-01,1,1,2,2,4529,60,64,6.84,13.2
2020-06-01,1,1,4,3,4639,36,15,6.93,13.2
2020-06-01,1,1,5,4,3683,18,9,6.88,13.2
2020-06-01,1,1,3,5,4636,4,19,6.87,13.2
2020-06-01,1,1,6,6,3458,24,32,6.87,13.2
2020-06-01,1,3,1,1,3338,32,39,6.85,12.2
2020-06-01,1,3,2,2,4381,47,30,6.8,12.2
2020-06-01,1,3,3,3,4264,40,21,6.88,12.2
2020-06-01,1,3,5,4,4382,45,29,6.82,12.2
2020-06-01,1,3,4,5,3058,55,12,6.86,12.2
2020-06-01,1,3,6,6,4027,33,66,6.88,12.2
2020-06-01,1,4,2,1,3742,56,50,6.86,104.9
2020-06-01,1,4,1,2,3307,19,54,6.9,104.9
2020-06-01,1,4,6,3,3975,43,5,6.82,104.9
2020-06-01,1,4,5,4,4654,41,65,6.8,104.9
2020-06-01,1,4,4,5,4934,39,51,6.84,104.9
2020-06-01,1,4,3,6,4137,10,41,6.88,104.9
2020-06-01,1,5,2,1,2878,25,52,6.88,40.8
2020-06-01,1,5,5,2,3635,51,46,6.9,40.8
2020-06-01,1,5,1,3,3968,9,26,6.81,40.8
2020-06-01,1,5,4,4,3663,28,55,6.87,40.8
2020-06-01,1,5,3,5,4805,54,3,6.87,40.8
2020-06-01,1,5,6,6,5040,57,56,6.97,40.8
2020-06-01,1,6,1,1,4218,50,10,6.81,7.2
2020-06-01,1,6,4,2,3557,37,13,6.9,7.2
2020-06-01,1,6,3,3,4003,3,23,6.85,7.2
2020-06-01,1,6,6,4,3352,7,8,6.84,7.2
2020-06-01,1,6,5,5,4529,60,64,6.9,7.2
2020-06-01,1,6,2,6,4890,49,16,6.81,7.2
2020-06-01,1,7,3,1,3841,34,28,6.86,8.2
2020-06-01,1,7,1,2,3998,16,24,6.83,8.2
2020-06-01,1,7,6,3,3903,65,2,6.86,8.2
2020-06-01,1,7,4,4,3338,32,39,6.96,8.2
2020-06-01,1,7,5,5,4639,36,15,6.91,8.2
2020-06-01,1,7,2,6,5031,38,37,6.76,8.2
2020-06-01,1,8,1,1,4101,20,63,6.79,74.5
2020-06-01,1,8,3,2,3709,29,14,6.84,74.5
2020-06-01,1,8,6,3,4381,47,30,6.81,74.5
2020-06-01,1,8,2,4,4119,26,38,6.87,74.5
2020-06-01,1,8,5,5,4674,58,11,6.87,74.5
2020-06-01,1,8,4,6,3975,43,5,6.88,74.5
2020-06-01,1,9,2,1,4772,23,40,6.89,23.1
2020-06-01,1,9,4,2,4382,45,29,6.89,23.1
2020-06-01,1,9,6,3,3683,18,9,6.89,23.1
2020-06-01,1,9,5,4,3663,28,55,6.92,23.1
2020-06-01,1,9,3,5,3307,19,54,6.9,23.1
2020-06-01,1,9,1,6,3906,30,34,6.91,23.1
2020-06-01,1,11,1,1,3841,34,28,6.83,12.3
2020-06-01,1,11,4,2,4027,33,66,6.88,12.3
2020-06-01,1,11,3,3,3968,9,26,6.88,12.3
2020-06-01,1,11,5,4,3742,56,50,6.83,12.3
2020-06-01,1,11,2,5,4003,3,23,6.89,12.3
2020-06-01,1,11,6,6,4138,66,57,6.77,12.3
2020-06-01,1,12,1,1,3557,37,13,6.87,15.5
2020-06-01,1,12,3,2,3903,65,2,6.8,15.5
2020-06-01,1,12,5,3,4137,10,41,6.88,15.5
2020-06-01,1,12,6,4,4772,23,40,6.86,15.5
2020-06-01,1,12,4,5,4101,20,63,6.87,15.5
2020-06-01,1,12,2,6,3635,51,46,6.9,15.5
2020-06-02,2,1,1,1,3709,29,14,6.84,39.0
2020-06-02,2,1,2,2,4382,45,29,6.82,39.0
2020-06-02,2,1,4,3,3261,2,47,6.9,39.0
2020-06-02,2,1,5,4,4027,33,66,6.84,39.0
2020-06-02,2,1,3,5,4639,36,15,6.9,39.0
2020-06-02,2,1,6,6,3906,30,34,6.93,39.0
2020-06-02,2,2,1,1,4529,60,64,6.89,25.0
2020-06-02,2,2,5,2,3352,7,8,6.91,25.0
2020-06-02,2,2,3,3,4138,66,57,6.85,25.0
2020-06-02,2,2,2,4,4315,31,17,6.73,25.0
2020-06-02,2,2,4,5,5040,57,56,6.96,25.0
2020-06-02,2,2,6,6,3123,5,22,6.87,25.0
2020-06-02,2,3,1,1,4381,47,30,6.78,11.3
2020-06-02,2,3,2,2,4221,1,27,6.82,11.3
2020-06-02,2,3,4,3,4137,10,41,6.84,11.3
2020-06-02,2,3,6,4,3998,16,24,6.84,11.3
2020-06-02,2,3,3,5,3058,55,12,6.84,11.3
2020-06-02,2,3,5,6,4119,26,38,6.8,11.3
2020-06-02,2,4,6,1,3557,37,13,6.88,16.9
2020-06-02,2,4,2,2,3975,43,5,6.87,16.9
2020-06-02,2,4,1,3,3663,28,55,6.88,16.9
2020-06-02,2,4,5,4,3968,9,26,6.86,16.9
2020-06-02,2,4,3,5,4890,49,16,6.84,16.9
2020-06-02,2,4,4,6,5031,38,37,6.88,16.9
2020-06-02,2,5,3,1,4772,23,40,6.89,54.8
2020-06-02,2,5,6,2,3307,19,54,6.87,54.8
2020-06-02,2,5,5,3,4218,50,10,6.88,54.8
2020-06-02,2,5,1,4,3458,24,32,6.86,54.8
2020-06-02,2,5,4,5,3709,29,14,6.93,54.8
2020-06-02,2,5,2,6,4805,54,3,6.9,54.8
2020-06-02,2,6,3,1,4101,20,63,6.9,26.8
2020-06-02,2,6,1,2,3683,18,9,6.88,26.8
2020-06-02,2,6,5,3,4934,39,51,6.88,26.8
2020-06-02,2,6,4,4,4264,40,21,6.9,26.8
2020-06-02,2,6,6,5,4636,4,19,6.96,26.8
2020-06-02,2,6,2,6,3338,32,39,6.84,26.8
2020-06-02,2,7,1,1,2878,25,52,6.87,7.3
2020-06-02,2,7,5,2,3903,65,2,6.84,7.3
2020-06-02,2,7,3,3,3635,51,46,6.92,7.3
2020-06-02,2,7,2,4,4674,58,11,6.91,7.3
2020-06-02,2,7,4,5,3123,5,22,6.87,7.3
2020-06-02,2,7,6,6,3058,55,12,6.94,7.3
2020-06-02,2,8,1,1,4137,10,41,6.81,20.1
2020-06-02,2,8,3,2,4654,41,65,6.84,20.1
2020-06-02,2,8,2,3,4027,33,66,6.83,20.1
2020-06-02,2,8,4,4,3841,34,28,6.79,20.1
2020-06-02,2,8,6,5,4315,31,17,6.73,20.1
2020-06-02,2,8,5,6,5031,38,37,6.84,20.1
2020-06-02,2,9,2,1,3557,37,13,6.84,19.4
2020-06-02,2,9,4,2,3458,24,32,6.87,19.4
2020-06-02,2,9,1,3,4003,3,23,6.87,19.4
2020-06-02,2,9,6,4,3742,56,50,6.92,19.4
2020-06-02,2,9,3,5,4221,1,27,6.82,19.4
2020-06-02,2,9,5,6,5040,57,56,6.97,19.4
2020-06-02,2,10,5,1,4101,20,63,6.86,51.3
2020-06-02,2,10,4,2,4772,23,40,6.86,51.3
2020-06-02,2,10,6,3,3352,7,8,6.9,51.3
2020-06-02,2,10,1,4,4119,26,38,6.8,51.3
2020-06-02,2,10,2,5,3968,9,26,6.87,51.3
2020-06-02,2,10,3,6,3261,2,47,6.85,51.3
2020-06-02,2,11,1,1,3635,51,46,6.89,12.7
2020-06-02,2,11,2,2,3998,16,24,6.9,12.7
2020-06-02,2,11,6,3,4382,45,29,6.95,12.7
2020-06-02,2,11,3,4,3975,43,5,6.84,12.7
2020-06-02,2,11,5,5,4264,40,21,7.01,12.7
2020-06-02,2,11,4,6,4805,54,3,6.91,12.7
2020-06-02,2,12,3,1,4218,50,10,6.93,189.6
2020-06-02,2,12,6,2,3841,34,28,6.9,189.6
2020-06-02,2,12,4,3,3683,18,9,6.9,189.6
2020-06-02,2,12,5,4,4890,49,16,6.87,189.6
2020-06-02,2,12,1,5,3903,65,2,6.81,189.6
2020-06-02,2,12,2,6,3906,30,34,6.94,189.6
2020-06-03,3,1,1,1,3123,5,22,6.79,32.7
2020-06-03,3,1,4,2,4119,26,38,6.8,32.7
2020-06-03,3,1,2,3,3663,28,55,6.88,32.7
2020-06-03,3,1,3,4,3742,56,50,6.86,32.7
2020-06-03,3,1,6,5,4529,60,64,6.96,32.7
2020-06-03,3,1,5,6,3998,16,24,6.84,32.7
2020-06-03,3,2,3,1,4315,31,17,6.73,50.7
2020-06-03,3,2,2,2,4934,39,51,6.85,50.7
2020-06-03,3,2,6,3,3352,7,8,6.8,50.7
2020-06-03,3,2,4,4,4890,49,16,6.75,50.7
2020-06-03,3,2,5,5,4221,1,27,6.79,50.7
2020-06-03,3,2,1,6,3058,55,12,6.79,50.7
2020-06-03,3,3,1,1,4636,4,19,6.85,52.2
2020-06-03,3,3,2,2,4654,41,65,6.81,52.2
2020-06-03,3,3,3,3,4772,23,40,6.84,52.2
2020-06-03,3,3,4,4,4003,3,23,6.9,52.2
2020-06-03,3,3,6,5,3968,9,26,6.87,52.2
2020-06-03,3,3,5,6,4381,47,30,6.74,52.2
2020-06-03,3,4,1,1,4138,66,57,6.79,19.3
2020-06-03,3,4,6,2,4218,50,10,6.83,19.3
2020-06-03,3,4,4,3,3635,51,46,6.89,19.3
2020-06-03,3,4,3,4,5031,38,37,6.81,19.3
2020-06-03,3,4,2,5,3307,19,54,6.84,19.3
2020-06-03,3,4,5,6,3906,30,34,6.87,19.3
2020-06-03,3,5,2,1,3903,65,2,6.87,16.7
2020-06-03,3,5,4,2,2878,25,52,6.91,16.7
2020-06-03,3,5,3,3,4101,20,63,6.88,16.7
2020-06-03,3,5,1,4,3261,2,47,6.82,16.7
2020-06-03,3,5,6,5,3709,29,14,6.82,16.7
2020-06-03,3,5,5,6,3338,32,39,6.96,16.7
2020-06-03,3,6,1,1,3975,43,5,6.74,8.2
2020-06-03,3,6,4,2,4137,10,41,6.88,8.2
2020-06-03,3,6,3,3,3841,34,28,6.8,8.2
2020-06-03,3,6,6,4,4221,1,27,6.8,8.2
2020-06-03,3,6,2,5,4639,36,15,6.85,8.2
2020-06-03,3,6,5,6,4805,54,3,6.88,8.2
2020-06-03,3,7,5,1,3557,37,13,6.93,82.1
2020-06-03,3,7,3,2,4674,58,11,6.88,82.1
2020-06-03,3,7,1,3,4027,33,66,6.87,82.1
2020-06-03,3,7,6,4,3663,28,55,6.97,82.1
2020-06-03,3,7,2,5,3458,24,32,6.87,82.1
2020-06-03,3,7,4,6,4636,4,19,6.92,82.1
2020-06-03,3,8,1,1,4772,23,40,6.82,26.4
2020-06-03,3,8,5,2,4138,66,57,6.85,26.4
2020-06-03,3,8,4,3,3998,16,24,6.82,26.4
2020-06-03,3,8,3,4,4934,39,51,6.91,26.4
2020-06-03,3,8,2,5,4264,40,21,6.9,26.4
2020-06-03,3,8,6,6,5040,57,56,6.93,26.4
2020-06-03,3,9,2,1,3683,18,9,6.94,415.8
2020-06-03,3,9,1,2,3742,56,50,6.92,415.8
2020-06-03,3,9,6,3,3338,32,39,6.96,415.8
2020-06-03,3,9,4,4,3968,9,26,6.91,415.8
2020-06-03,3,9,3,5,3635,51,46,6.98,415.8
2020-06-03,3,9,5,6,4315,31,17,6.82,415.8
2020-06-03,3,11,3,1,4027,33,66,6.86,148.0
2020-06-03,3,11,1,2,3903,65,2,6.89,148.0
2020-06-03,3,11,6,3,4119,26,38,6.9,148.0
2020-06-03,3,11,5,4,3352,7,8,7.0,148.0
2020-06-03,3,11,2,5,4137,10,41,6.9,148.0
2020-06-03,3,11,4,6,3906,30,34,6.89,148.0
2020-06-03,3,12,3,1,4381,47,30,6.75,384.4
2020-06-03,3,12,2,2,4101,20,63,6.78,384.4
2020-06-03,3,12,4,3,4218,50,10,6.95,384.4
2020-06-03,3,12,5,4,3975,43,5,6.83,384.4
2020-06-03,3,12,1,5,3557,37,13,6.82,384.4
2020-06-03,3,12,6,6,4264,40,21,6.99,384.4
2020-06-04,4,1,3,1,3906,30,34,6.84,63.2
2020-06-04,4,1,6,2,4119,26,38,6.77,63.2
2020-06-04,4,1,4,3,4221,1,27,6.9,63.2
2020-06-04,4,1,1,4,4934,39,51,6.85,63.2
2020-06-04,4,1,2,5,4636,4,19,6.83,63.2
2020-06-04,4,1,5,6,5040,57,56,6.89,63.2
2020-06-04,4,2,1,1,4890,49,16,6.87,18.5
2020-06-04,4,2,2,2,3058,55,12,6.89,18.5
2020-06-04,4,2,3,3,3663,28,55,6.85,18.5
2020-06-04,4,2,4,4,4639,36,15,6.85,18.5
2020-06-04,4,2,5,5,3261,2,47,6.86,18.5
2020-06-04,4,2,6,6,5031,38,37,6.89,18.5
2020-06-04,4,3,3,1,4137,10,41,6.84,112.2
2020-06-04,4,3,4,2,4138,66,57,6.77,112.2
2020-06-04,4,3,1,3,4654,41,65,6.77,112.2
2020-06-04,4,3,6,4,4218,50,10,6.86,112.2
2020-06-04,4,3,2,5,3742,56,50,6.82,112.2
2020-06-04,4,3,5,6,3709,29,14,6.81,112.2
2020-06-04,4,4,1,1,4674,58,11,6.92,162.0
2020-06-04,4,4,4,2,3123,5,22,6.94,162.0
2020-06-04,4,4,2,3,3975,43,5,6.88,162.0
2020-06-04,4,4,5,4,3841,34,28,6.82,162.0
2020-06-04,4,4,3,5,4315,31,17,6.78,162.0
2020-06-04,4,4,6,6,4772,23,40,6.87,162.0
2020-06-04,4,6,1,1,3998,16,24,6.83,42.1
2020-06-04,4,6,5,2,3307,19,54,6.93,42.1
2020-06-04,4,6,3,3,3635,51,46,6.94,42.1
2020-06-04,4,6,2,4,4529,60,64,6.93,42.1
2020-06-04,4,6,6,5,4805,54,3,6.97,42.1
2020-06-04,4,6,4,6,3903,65,2,6.82,42.1
2020-06-04,4,7,1,1,4027,33,66,6.88,47.3
2020-06-04,4,7,2,2,3709,29,14,6.86,47.3
2020-06-04,4,7,6,3,3557,37,13,6.79,47.3
2020-06-04,4,7,3,4,4003,3,23,6.88,47.3
2020-06-04,4,7,4,5,3683,18,9,6.92,47.3
2020-06-04,4,7,5,6,3058,55,12,6.93,47.3
2020-06-04,4,8,2,1,3968,9,26,6.85,27.4
2020-06-04,4,8,1,2,4382,45,29,6.89,27.4
2020-06-04,4,8,3,3,3338,32,39,6.99,27.4
2020-06-04,4,8,4,4,4264,40,21,6.98,27.4
2020-06-04,4,8,5,5,4636,4,19,6.93,27.4
2020-06-04,4,8,6,6,5040,57,56,7.03,27.4
2020-06-04,4,9,1,1,4772,23,40,6.85,19.5
2020-06-04,4,9,3,2,4138,66,57,6.83,19.5
2020-06-04,4,9,4,3,4137,10,41,6.94,19.5
2020-06-04,4,9,5,4,3975,43,5,6.9,19.5
2020-06-04,4,9,2,5,4101,20,63,6.85,19.5
2020-06-04,4,9,6,6,3352,7,8,6.9,19.5
2020-06-04,4,10,1,1,4218,50,10,6.75,24.4
2020-06-04,4,10,4,2,3635,51,46,6.95,24.4
2020-06-04,4,10,3,3,2878,25,52,6.92,24.4
2020-06-04,4,10,5,4,4381,47,30,6.77,24.4
2020-06-04,4,10,6,5,3998,16,24,6.85,24.4
2020-06-04,4,10,2,6,3841,34,28,6.89,24.4
2020-06-04,4,11,1,1,3557,37,13,6.74,5.8
2020-06-04,4,11,2,2,3903,65,2,6.9,5.8
2020-06-04,4,11,4,3,4654,41,65,6.94,5.8
2020-06-04,4,11,3,4,3683,18,9,6.91,5.8
2020-06-04,4,11,6,5,4382,45,29,6.93,5.8
2020-06-04,4,11,5,6,3742,56,50,6.89,5.8
2020-06-04,4,12,4,1,4674,58,11,6.97,321.0
2020-06-04,4,12,5,2,4003,3,23,7.0,321.0
2020-06-04,4,12,3,3,3458,24,1,6.97,321.0
2020-06-04,4,12,1,4,4264,40,21,6.98,321.0
2020-06-04,4,12,6,5,4639,36,15,6.93,321.0
2020-06-04,4,12,2,6,4119,26,38,6.79,321.0
2020-06-05,5,1,4,1,4890,49,16,6.81,115.6
2020-06-05,5,1,5,2,3123,5,22,6.82,115.6
2020-06-05,5,1,1,3,4639,36,15,6.8,115.6
2020-06-05,5,1,2,4,3338,32,39,6.84,115.6
2020-06-05,5,1,3,5,4221,1,27,6.81,115.6
2020-06-05,5,1,6,6,5040,57,56,6.89,115.6
2020-06-05,5,2,2,1,3663,28,55,6.84,28.3
2020-06-05,5,2,5,2,3307,19,54,6.84,28.3
2020-06-05,5,2,6,3,4934,39,51,6.8,28.3
2020-06-05,5,2,3,4,3261,2,47,6.93,28.3
2020-06-05,5,2,1,5,4805,54,3,6.84,28.3
2020-06-05,5,2,4,6,3058,55,12,6.84,28.3
2020-06-05,5,3,3,1,4315,31,17,6.7,40.2
2020-06-05,5,3,2,2,4382,45,29,6.75,40.2
2020-06-05,5,3,6,3,4654,41,65,6.79,40.2
2020-06-05,5,3,4,4,3968,9,26,6.82,40.2
2020-06-05,5,3,5,5,4003,3,23,6.83,40.2
2020-06-05,5,3,1,6,5031,38,37,6.85,40.2
2020-06-05,5,4,5,1,4119,26,38,6.83,67.9
2020-06-05,5,4,2,2,4381,47,30,6.83,67.9
2020-06-05,5,4,1,3,3742,56,50,6.85,67.9
2020-06-05,5,4,4,4,4529,60,64,6.94,67.9
2020-06-05,5,4,6,5,3458,24,1,6.89,67.9
2020-06-05,5,4,3,6,3709,29,14,6.83,67.9
2020-06-05,5,5,1,1,3975,43,5,6.89,91.7
2020-06-05,5,5,5,2,3352,7,8,6.89,91.7
2020-06-05,5,5,4,3,4636,4,19,6.93,91.7
2020-06-05,5,5,3,4,4027,33,66,6.93,91.7
2020-06-05,5,5,2,5,3123,5,22,6.88,91.7
2020-06-05,5,5,6,6,4264,40,21,6.93,91.7
2020-06-05,5,6,1,1,3683,18,9,6.93,23.1
2020-06-05,5,6,2,2,3261,2,47,6.94,23.1
2020-06-05,5,6,3,3,3906,30,34,6.96,23.1
2020-06-05,5,6,5,4,3338,32,39,6.98,23.1
2020-06-05,5,6,4,5,2878,25,52,6.99,23.1
2020-06-05,5,6,6,6,4674,58,11,6.88,23.1
2020-06-05,5,7,1,1,4101,20,63,6.77,5.9
2020-06-05,5,7,2,2,3998,16,24,6.83,5.9
2020-06-05,5,7,6,3,4137,10,41,6.87,5.9
2020-06-05,5,7,5,4,3968,9,26,6.83,5.9
2020-06-05,5,7,4,5,4221,1,27,6.88,5.9
2020-06-05,5,7,3,6,5031,38,37,6.85,5.9
2020-06-05,5,8,1,1,3841,34,28,6.85,53.7
2020-06-05,5,8,6,2,4890,49,16,6.85,53.7
2020-06-05,5,8,5,3,4529,60,64,6.92,53.7
2020-06-05,5,8,2,4,4003,3,23,6.95,53.7
2020-06-05,5,8,3,5,4805,54,3,6.9,53.7
2020-06-05,5,8,4,6,3458,24,1,6.91,53.7
2020-06-05,5,9,1,1,4119,26,38,6.77,8.7
2020-06-05,5,9,2,2,3307,19,54,6.87,8.7
2020-06-05,5,9,4,3,4315,31,17,6.77,8.7
2020-06-05,5,9,5,4,3663,28,55,6.93,8.7
2020-06-05,5,9,6,5,4027,33,31,6.89,8.7
2020-06-05,5,9,3,6,4264,40,21,6.92,8.7
2020-06-05,5,10,2,1,3683,18,9,6.86,53.8
2020-06-05,5,10,1,2,2878,25,52,6.86,53.8
2020-06-05,5,10,3,3,4381,47,30,6.84,53.8
2020-06-05,5,10,6,4,3352,7,8,6.84,53.8
2020-06-05,5,10,4,5,4101,20,63,6.91,53.8
2020-06-05,5,10,5,6,4382,45,29,6.89,53.8
2020-06-05,5,11,1,1,4137,10,41,6.87,8.1
2020-06-05,5,11,2,2,4654,41,65,6.91,8.1
2020-06-05,5,11,5,3,3841,34,28,6.92,8.1
2020-06-05,5,11,4,4,3998,16,24,6.88,8.1
2020-06-05,5,11,3,5,3975,43,5,6.93,8.1
2020-06-05,5,11,6,6,3742,56,50,6.94,8.1
2020-06-05,5,12,1,1,3557,37,13,6.83,7.4
2020-06-05,5,12,2,2,4218,50,10,6.93,7.4
2020-06-05,5,12,3,3,4772,23,40,6.9,7.4
2020-06-05,5,12,4,4,3903,65,2,6.87,7.4
2020-06-05,5,12,5,5,4138,66,57,6.87,7.4
2020-06-05,5,12,6,6,3635,51,46,6.99,7.4
2020-06-10,1,1,1,1,4273,20,6,6.85,15.3
2020-06-10,1,1,2,2,3710,53,23,6.78,15.3
2020-06-10,1,1,4,3,3372,17,10,6.82,15.3
2020-06-10,1,1,3,4,4248,2,22,6.93,15.3
2020-06-10,1,1,6,5,4839,52,46,6.81,15.3
2020-06-10,1,1,5,6,4648,26,47,6.88,15.3
2020-06-10,1,2,2,1,4563,22,50,6.84,17.9
2020-06-10,1,2,1,2,3234,55,40,6.86,17.9
2020-06-10,1,2,3,3,4126,43,21,6.88,17.9
2020-06-10,1,2,6,4,3456,7,64,6.88,17.9
2020-06-10,1,2,4,5,3976,23,13,6.91,17.9
2020-06-10,1,2,5,6,5129,62,60,6.88,17.9
2020-06-10,1,3,3,1,4584,59,55,6.83,8.6
2020-06-10,1,3,6,2,4189,44,17,6.8,8.6
2020-06-10,1,3,4,3,4543,11,65,6.81,8.6
2020-06-10,1,3,2,4,4894,8,59,6.88,8.6
2020-06-10,1,3,5,5,4966,19,49,6.85,8.6
2020-06-10,1,3,1,6,4400,21,36,6.93,8.6
2020-06-10,1,4,3,1,3654,27,16,6.87,98.0
2020-06-10,1,4,4,2,4187,13,15,6.81,98.0
2020-06-10,1,4,6,3,3997,64,52,6.85,98.0
2020-06-10,1,4,5,4,3470,24,14,6.9,98.0
2020-06-10,1,4,2,5,4574,29,8,6.89,98.0
2020-06-10,1,4,1,6,4252,63,12,6.81,98.0
2020-06-10,1,5,1,1,3615,46,51,6.75,27.7
2020-06-10,1,5,2,2,4069,47,30,6.86,27.7
2020-06-10,1,5,6,3,4593,30,5,6.93,27.7
2020-06-10,1,5,3,4,4823,60,34,6.85,27.7
2020-06-10,1,5,5,5,3833,5,61,6.87,27.7
2020-06-10,1,5,4,6,4648,26,47,6.75,27.7
2020-06-10,1,6,1,1,4348,31,24,6.72,25.5
2020-06-10,1,6,4,2,4566,61,3,6.82,25.5
2020-06-10,1,6,5,3,4380,54,29,6.86,25.5
2020-06-10,1,6,3,4,4653,36,63,6.84,25.5
2020-06-10,1,6,2,5,4248,2,22,6.87,25.5
2020-06-10,1,6,6,6,3660,15,26,6.9,25.5
2020-06-10,1,7,2,1,3439,65,54,6.85,20.7
2020-06-10,1,7,4,2,4019,37,9,6.88,20.7
2020-06-10,1,7,3,3,3726,6,37,6.8,20.7
2020-06-10,1,7,1,4,4656,12,27,6.81,20.7
2020-06-10,1,7,5,5,4894,8,59,6.82,20.7
2020-06-10,1,7,6,6,4126,43,21,6.84,20.7
2020-06-10,1,8,1,1,4163,40,39,6.76,6.7
2020-06-10,1,8,2,2,3568,25,19,6.93,6.7
2020-06-10,1,8,3,3,4273,20,6,6.92,6.7
2020-06-10,1,8,4,4,3462,35,57,6.83,6.7
2020-06-10,1,8,6,5,4966,19,49,6.82,6.7
2020-06-10,1,8,5,6,3976,23,13,6.94,6.7
2020-06-10,1,9,1,1,3470,24,14,6.88,3.7
2020-06-10,1,9,4,2,4823,60,34,6.89,3.7
2020-06-10,1,9,2,3,4400,21,36,6.92,3.7
2020-06-10,1,9,5,4,5118,14,2,6.99,3.7
2020-06-10,1,9,3,5,5021,48,28,6.94,3.7
2020-06-10,1,9,6,6,5129,62,60,6.89,3.7
2020-06-10,1,10,2,1,4704,38,38,6.83,25.8
2020-06-10,1,10,1,2,4653,36,63,6.8,25.8
2020-06-10,1,10,3,3,4288,41,41,6.89,25.8
2020-06-10,1,10,4,4,3710,53,23,6.93,25.8
2020-06-10,1,10,6,5,4574,29,8,6.84,25.8
2020-06-10,1,10,5,6,4584,59,55,6.87,25.8
2020-06-10,1,11,3,1,4839,52,46,6.89,860.4
2020-06-10,1,11,2,2,4348,31,24,6.78,860.4
2020-06-10,1,11,5,3,3654,27,16,6.92,860.4
2020-06-10,1,11,6,4,4543,11,65,6.87,860.4
2020-06-10,1,11,4,5,4069,47,30,6.9,860.4
2020-06-10,1,11,1,6,3439,65,54,6.88,860.4
2020-06-10,1,12,1,1,4019,37,9,6.9,15.1
2020-06-10,1,12,4,2,3833,5,61,6.87,15.1
2020-06-10,1,12,3,3,3997,64,52,6.85,15.1
2020-06-10,1,12,2,4,4189,44,17,6.84,15.1
2020-06-10,1,12,5,5,4163,40,39,6.9,15.1
2020-06-10,1,12,6,6,4566,61,3,6.83,15.1
2020-06-11,2,1,1,1,4839,52,46,6.85,6.9
2020-06-11,2,1,3,2,4656,12,27,6.81,6.9
2020-06-11,2,1,6,3,3462,35,57,6.88,6.9
2020-06-11,2,1,2,4,3976,23,13,6.9,6.9
2020-06-11,2,1,4,5,3660,15,26,6.93,6.9
2020-06-11,2,1,5,6,3372,17,10,6.92,6.9
2020-06-11,2,2,1,1,3710,53,23,6.88,4.4
2020-06-11,2,2,2,2,3615,46,51,6.89,4.4
2020-06-11,2,2,3,3,4252,63,12,6.85,4.4
2020-06-11,2,2,6,4,4894,8,59,6.91,4.4
2020-06-11,2,2,4,5,5021,48,28,7.03,4.4
2020-06-11,2,2,5,6,5118,14,2,6.88,4.4
2020-06-11,2,3,4,1,4288,41,41,6.9,243.4
2020-06-11,2,3,6,2,3439,65,54,6.91,243.4
2020-06-11,2,3,2,3,4187,13,15,6.83,243.4
2020-06-11,2,3,1,4,4563,22,50,6.78,243.4
2020-06-11,2,3,3,5,4704,38,38,6.87,243.4
2020-06-11,2,3,5,6,4126,43,21,6.93,243.4
2020-06-11,2,4,6,1,4823,60,34,6.9,683.8
2020-06-11,2,4,1,2,4380,54,29,6.9,683.8
2020-06-11,2,4,5,3,3997,64,52,6.95,683.8
2020-06-11,2,4,2,4,3456,7,64,6.88,683.8
2020-06-11,2,4,4,5,3726,6,37,6.92,683.8
2020-06-11,2,4,3,6,4543,11,65,6.84,683.8
2020-06-11,2,5,1,1,4648,26,47,6.9,51.5
2020-06-11,2,5,3,2,3234,55,40,6.84,51.5
2020-06-11,2,5,4,3,4189,44,17,6.9,51.5
2020-06-11,2,5,5,4,4069,47,30,6.97,51.5
2020-06-11,2,5,2,5,3470,24,14,6.91,51.5
2020-06-11,2,5,6,6,3372,17,10,6.9,51.5
2020-06-11,2,6,1,1,4584,59,55,6.89,2.9
2020-06-11,2,6,3,2,4163,40,39,6.89,2.9
2020-06-11,2,6,4,3,3654,27,16,6.92,2.9
2020-06-11,2,6,5,4,3660,15,26,6.94,2.9
2020-06-11,2,6,6,5,5129,62,60,6.96,2.9
2020-06-11,2,6,2,6,5021,48,28,6.99,2.9
2020-06-11,2,7,3,1,4593,30,5,6.97,43.5
2020-06-11,2,7,2,2,4566,61,3,6.93,43.5
2020-06-11,2,7,5,3,3568,25,19,6.88,43.5
2020-06-11,2,7,1,4,4248,2,22,6.94,43.5
2020-06-11,2,7,4,5,4273,20,6,6.97,43.5
2020-06-11,2,7,6,6,4400,21,36,6.97,43.5
2020-06-11,2,8,1,1,3833,5,61,6.99,4.8
2020-06-11,2,8,4,2,4348,31,24,6.89,4.8
2020-06-11,2,8,2,3,4543,11,65,6.93,4.8
2020-06-11,2,8,5,4,4563,22,50,6.95,4.8
2020-06-11,2,8,3,5,4574,29,8,7.02,4.8
2020-06-11,2,8,6,6,5118,14,2,6.95,4.8
2020-06-11,2,9,2,1,4019,37,9,6.89,12.7
2020-06-11,2,9,1,2,4069,47,30,6.91,12.7
2020-06-11,2,9,3,3,4966,19,49,6.95,12.7
2020-06-11,2,9,5,4,4653,36,63,7.0,12.7
2020-06-11,2,9,4,5,3456,7,64,6.96,12.7
2020-06-11,2,9,6,6,4187,13,15,6.87,12.7
2020-06-11,2,10,1,1,3654,27,16,6.91,21.6
2020-06-11,2,10,3,2,3439,65,54,6.92,21.6
2020-06-11,2,10,6,3,4252,63,12,6.86,21.6
2020-06-11,2,10,2,4,3462,35,57,6.86,21.6
2020-06-11,2,10,4,5,4380,54,29,6.91,21.6
2020-06-11,2,10,5,6,3234,55,40,6.94,21.6
2020-06-11,2,11,1,1,3997,64,52,6.88,4.5
2020-06-11,2,11,2,2,4584,59,55,6.87,4.5
2020-06-11,2,11,3,3,3568,25,19,6.95,4.5
2020-06-11,2,11,5,4,3615,46,51,6.94,4.5
2020-06-11,2,11,4,5,3470,24,14,6.95,4.5
2020-06-11,2,11,6,6,4288,41,41,7.0,4.5
2020-06-11,2,12,1,1,4189,44,17,6.82,8.6
2020-06-11,2,12,3,2,3833,5,61,6.9,8.6
2020-06-11,2,12,6,3,4704,38,38,6.88,8.6
2020-06-11,2,12,5,4,3726,6,37,6.87,8.6
2020-06-11,2,12,4,5,4656,12,27,6.94,8.6
2020-06-11,2,12,2,6,4593,30,5,6.95,8.6
2020-06-12,3,1,1,1,5021,48,28,6.92,91.6
2020-06-12,3,1,2,2,4966,19,49,6.89,91.6
2020-06-12,3,1,6,3,3726,6,37,6.89,91.6
2020-06-12,3,1,3,4,3710,53,23,6.86,91.6
2020-06-12,3,1,5,5,4273,20,6,6.92,91.6
2020-06-12,3,1,4,6,4400,21,36,6.9,91.6
2020-06-12,3,2,2,1,4648,26,47,6.88,111.2
2020-06-12,3,2,3,2,3976,23,13,6.94,111.2
2020-06-12,3,2,4,3,4894,8,59,6.81,111.2
2020-06-12,3,2,5,4,4248,2,22,6.95,111.2
2020-06-12,3,2,6,5,3615,46,51,6.89,111.2
2020-06-12,3,2,1,6,3660,15,26,6.92,111.2
2020-06-12,3,3,1,1,4574,29,8,6.92,34.0
2020-06-12,3,3,5,2,4593,30,5,6.94,34.0
2020-06-12,3,3,3,3,4566,61,3,6.83,34.0
2020-06-12,3,3,2,4,4656,12,27,6.87,34.0
2020-06-12,3,3,6,5,5129,62,60,6.91,34.0
2020-06-12,3,3,4,6,3234,55,40,6.93,34.0
2020-06-12,3,4,6,1,3568,25,19,6.96,113.5
2020-06-12,3,4,2,2,4839,52,46,6.87,113.5
2020-06-12,3,4,1,3,4126,43,21,6.86,113.5
2020-06-12,3,4,3,4,4380,54,29,6.93,113.5
2020-06-12,3,4,5,5,3462,35,57,6.93,113.5
2020-06-12,3,4,4,6,3997,64,52,6.93,113.5
2020-06-12,3,5,1,1,4823,60,34,6.92,108.7
2020-06-12,3,5,6,2,3470,24,14,6.92,108.7
2020-06-12,3,5,5,3,4019,37,9,6.82,108.7
2020-06-12,3,5,4,4,4563,22,50,6.96,108.7
2020-06-12,3,5,3,5,3372,17,10,6.86,108.7
2020-06-12,3,5,2,6,4288,41,41,6.95,108.7
2020-06-12,3,6,1,1,4704,38,38,6.77,6.7
2020-06-12,3,6,4,2,3439,65,54,6.87,6.7
2020-06-12,3,6,3,3,4348,31,24,6.82,6.7
2020-06-12,3,6,5,4,4252,63,12,6.87,6.7
2020-06-12,3,6,2,5,4273,20,6,6.88,6.7
2020-06-12,3,6,6,6,5118,14,2,6.91,6.7
2020-06-12,3,7,1,1,4894,8,59,6.83,18.0
2020-06-12,3,7,2,2,4163,40,39,6.83,18.0
2020-06-12,3,7,6,3,4584,59,55,6.92,18.0
2020-06-12,3,7,4,4,4593,30,5,6.94,18.0
2020-06-12,3,7,3,5,4400,21,36,6.96,18.0
2020-06-12,3,7,5,6,3456,7,64,6.91,18.0
2020-06-12,3,8,1,1,4189,44,17,6.86,18.9
2020-06-12,3,8,4,2,4653,36,63,6.92,18.9
2020-06-12,3,8,5,3,4839,52,46,6.91,18.9
2020-06-12,3,8,3,4,4187,13,15,6.89,18.9
2020-06-12,3,8,6,5,4648,26,47,6.94,18.9
2020-06-12,3,8,2,6,3654,27,16,6.9,18.9
2020-06-12,3,9,1,1,4543,11,65,6.88,44.0
2020-06-12,3,9,3,2,3470,24,14,6.96,44.0
2020-06-12,3,9,6,3,3710,53,23,6.9,44.0
2020-06-12,3,9,2,4,3833,5,61,6.93,44.0
2020-06-12,3,9,5,5,5129,62,60,6.93,44.0
2020-06-12,3,9,4,6,4126,43,21,6.87,44.0
2020-06-12,3,10,2,1,3997,64,52,6.82,91.0
2020-06-12,3,10,5,2,4348,31,24,6.83,91.0
2020-06-12,3,10,4,3,4966,19,49,6.9,91.0
2020-06-12,3,10,1,4,4288,41,41,6.9,91.0
2020-06-12,3,10,3,5,4069,47,30,6.93,91.0
2020-06-12,3,10,6,6,3976,23,13,7.02,91.0
2020-06-12,3,11,1,1,3439,65,54,6.84,5.9
2020-06-12,3,11,3,2,4019,37,9,6.89,5.9
2020-06-12,3,11,4,3,3568,25,19,6.91,5.9
2020-06-12,3,11,2,4,3726,6,37,6.89,5.9
2020-06-12,3,11,5,5,4574,29,8,6.98,5.9
2020-06-12,3,11,6,6,4248,2,22,6.92,5.9
2020-06-12,3,12,1,1,4566,61,3,6.8,23.6
2020-06-12,3,12,3,2,3462,35,57,6.92,23.6
2020-06-12,3,12,2,3,4823,60,34,6.91,23.6
2020-06-12,3,12,6,4,4653,36,63,6.91,23.6
2020-06-12,3,12,5,5,4704,38,38,6.85,23.6
2020-06-12,3,12,4,6,4163,40,39,6.83,23.6
2020-06-13,4,1,3,1,3615,46,51,6.86,52.1
2020-06-13,4,1,2,2,3234,55,40,6.84,52.1
2020-06-13,4,1,1,3,3456,7,64,6.87,52.1
2020-06-13,4,1,5,4,4656,12,27,6.95,52.1
2020-06-13,4,1,6,5,4069,47,30,6.93,52.1
2020-06-13,4,1,4,6,4252,63,12,6.92,52.1
2020-06-13,4,2,1,1,4187,13,15,6.85,16.3
2020-06-13,4,2,3,2,4648,26,47,6.97,16.3
2020-06-13,4,2,6,3,4563,22,50,6.9,16.3
2020-06-13,4,2,4,4,4248,2,22,6.92,16.3
2020-06-13,4,2,5,5,5118,14,2,6.9,16.3
2020-06-13,4,2,2,6,4126,43,21,6.82,16.3
2020-06-13,4,3,4,1,3833,5,61,6.87,25.8
2020-06-13,4,3,1,2,3372,17,10,6.89,25.8
2020-06-13,4,3,5,3,4823,60,34,7.0,25.8
2020-06-13,4,3,2,4,4380,54,29,6.9,25.8
2020-06-13,4,3,3,5,4593,30,5,6.95,25.8
2020-06-13,4,3,6,6,5021,48,28,7.0,25.8
2020-06-13,4,4,4,1,4348,31,24,6.85,27.6
2020-06-13,4,4,1,2,4966,19,49,6.87,27.6
2020-06-13,4,4,3,3,4543,11,65,6.85,27.6
2020-06-13,4,4,6,4,4163,40,39,6.81,27.6
2020-06-13,4,4,2,5,3660,15,26,6.95,27.6
2020-06-13,4,4,5,6,4400,21,36,6.92,27.6
2020-06-13,4,5,2,1,4653,36,63,6.96,22.0
2020-06-13,4,5,4,2,4019,37,9,6.81,22.0
2020-06-13,4,5,1,3,3976,23,13,6.88,22.0
2020-06-13,4,5,3,4,4288,41,41,6.95,22.0
2020-06-13,4,5,5,5,3710,53,23,6.9,22.0
2020-06-13,4,5,6,6,5129,62,60,6.93,22.0
2020-06-13,4,6,1,1,3568,25,19,7.0,30.5
2020-06-13,4,6,4,2,4566,61,3,6.87,30.5
2020-06-13,4,6,6,3,4273,20,6,6.9,30.5
2020-06-13,4,6,3,4,3654,27,16,6.95,30.5
2020-06-13,4,6,2,5,4252,63,12,6.95,30.5
2020-06-13,4,6,5,6,4187,13,15,6.9,30.5
2020-06-13,4,7,3,1,4894,8,59,6.9,155.0
2020-06-13,4,7,1,2,3726,6,37,6.9,155.0
2020-06-13,4,7,5,3,4189,44,17,6.9,155.0
2020-06-13,4,7,2,4,4704,38,38,6.89,155.0
2020-06-13,4,7,4,5,4574,29,8,6.99,155.0
2020-06-13,4,7,6,6,4380,54,29,6.96,155.0
2020-06-13,4,8,2,1,4584,59,55,6.9,45.7
2020-06-13,4,8,1,2,3997,64,52,6.86,45.7
2020-06-13,4,8,3,3,3660,15,26,6.96,45.7
2020-06-13,4,8,4,4,3470,24,14,6.89,45.7
2020-06-13,4,8,6,5,4656,12,27,6.95,45.7
2020-06-13,4,8,5,6,5021,48,28,6.99,45.7
2020-06-13,4,9,5,1,3439,65,54,6.85,62.8
2020-06-13,4,9,1,2,3462,35,53,6.91,62.8
2020-06-13,4,9,3,3,3456,7,64,6.9,62.8
2020-06-13,4,9,2,4,3372,17,10,6.82,62.8
2020-06-13,4,9,4,5,4653,36,63,6.81,62.8
2020-06-13,4,9,6,6,5118,14,2,6.92,62.8
2020-06-13,4,10,1,1,4593,30,5,6.89,7.4
2020-06-13,4,10,2,2,4163,40,39,6.82,7.4
2020-06-13,4,10,3,3,3568,25,19,6.96,7.4
2020-06-13,4,10,5,4,4288,41,41,6.91,7.4
2020-06-13,4,10,4,5,4839,52,46,6.92,7.4
2020-06-13,4,10,6,6,3234,55,40,6.9,7.4
2020-06-13,4,11,2,1,4566,61,3,6.87,21.2
2020-06-13,4,11,1,2,3833,5,61,6.89,21.2
2020-06-13,4,11,5,3,4704,38,38,6.92,21.2
2020-06-13,4,11,4,4,4069,47,30,6.99,21.2
2020-06-13,4,11,6,5,4348,31,24,6.82,21.2
2020-06-13,4,11,3,6,4563,22,50,6.86,21.2
2020-06-13,4,12,1,1,4019,37,9,6.9,7.0
2020-06-13,4,12,3,2,4189,44,17,6.88,7.0
2020-06-13,4,12,5,3,4584,59,55,6.91,7.0
2020-06-13,4,12,2,4,4543,11,65,6.81,7.0
2020-06-13,4,12,4,5,3615,46,51,6.9,7.0
2020-06-13,4,12,6,6,3654,27,16,6.88,7.0
2020-06-14,5,1,2,1,4574,29,8,7.0,86.4
2020-06-14,5,1,1,2,3710,53,23,6.9,86.4
2020-06-14,5,1,4,3,4248,2,22,6.92,86.4
2020-06-14,5,1,3,4,4252,63,12,6.96,86.4
2020-06-14,5,1,6,5,3462,35,53,6.96,86.4
2020-06-14,5,1,5,6,3976,23,13,7.01,86.4
2020-06-14,5,2,1,1,3660,15,26,6.89,43.6
2020-06-14,5,2,2,2,3456,7,64,6.94,43.6
2020-06-14,5,2,6,3,3234,55,40,6.9,43.6
2020-06-14,5,2,5,4,4126,43,21,6.92,43.6
2020-06-14,5,2,4,5,4656,12,27,6.93,43.6
2020-06-14,5,2,3,6,4380,54,29,6.9,43.6
2020-06-14,5,3,2,1,3654,27,16,6.98,478.4
2020-06-14,5,3,5,2,4648,26,47,6.94,478.4
2020-06-14,5,3,1,3,4894,8,59,6.92,478.4
2020-06-14,5,3,6,4,4019,37,9,6.93,478.4
2020-06-14,5,3,4,5,4273,20,6,6.92,478.4
2020-06-14,5,3,3,6,4163,40,39,6.89,478.4
2020-06-14,5,4,1,1,4593,30,5,6.96,20.5
2020-06-14,5,4,3,2,3615,46,51,6.9,20.5
2020-06-14,5,4,4,3,4543,11,65,6.85,20.5
2020-06-14,5,4,6,4,4348,31,24,6.79,20.5
2020-06-14,5,4,5,5,3439,65,54,6.92,20.5
2020-06-14,5,4,2,6,4839,52,46,6.82,20.5
2020-06-14,5,5,1,1,4288,41,41,6.88,10.3
2020-06-14,5,5,4,2,3833,5,61,6.88,10.3
2020-06-14,5,5,6,3,4189,44,17,6.83,10.3
2020-06-14,5,5,5,4,3568,25,19,6.84,10.3
2020-06-14,5,5,2,5,3372,17,10,6.81,10.3
2020-06-14,5,5,3,6,4966,19,49,6.9,10.3
2020-06-14,5,6,1,1,4653,36,63,6.88,6.7
2020-06-14,5,6,2,2,4704,38,38,6.89,6.7
2020-06-14,5,6,3,3,3997,64,52,6.9,6.7
2020-06-14,5,6,4,4,4584,59,55,6.89,6.7
2020-06-14,5,6,5,5,4187,13,15,6.94,6.7
2020-06-14,5,6,6,6,4563,22,50,6.93,6.7
2020-06-14,5,7,1,1,4823,60,34,6.97,7.9
2020-06-14,5,7,4,2,3470,24,14,6.93,7.9
2020-06-14,5,7,2,3,5021,48,28,6.96,7.9
2020-06-14,5,7,3,4,4400,21,36,6.95,7.9
2020-06-14,5,7,6,5,5118,14,2,6.98,7.9
2020-06-14,5,7,5,6,5129,62,60,6.96,7.9
2020-06-14,5,8,2,1,4069,47,30,6.94,45.2
2020-06-14,5,8,4,2,4566,61,3,6.89,45.2
2020-06-14,5,8,1,3,3726,6,37,6.87,45.2
2020-06-14,5,8,3,4,3710,53,23,6.96,45.2
2020-06-14,5,8,6,5,4248,2,22,6.95,45.2
2020-06-14,5,8,5,6,4380,54,29,6.9,45.2
2020-06-14,5,9,1,1,4348,31,24,6.73,41.4
2020-06-14,5,9,3,2,3833,5,61,6.85,41.4
2020-06-14,5,9,6,3,4894,8,59,6.87,41.4
2020-06-14,5,9,4,4,3615,46,51,6.88,41.4
2020-06-14,5,9,5,5,3654,27,16,6.93,41.4
2020-06-14,5,9,2,6,3568,25,19,6.84,41.4
2020-06-14,5,10,1,1,4189,44,17,6.75,4.8
2020-06-14,5,10,2,2,3439,65,54,6.8,4.8
2020-06-14,5,10,4,3,3997,64,52,6.86,4.8
2020-06-14,5,10,5,4,4704,38,38,6.85,4.8
2020-06-14,5,10,6,5,4593,30,5,6.94,4.8
2020-06-14,5,10,3,6,4823,60,34,6.87,4.8
2020-06-14,5,11,1,1,4019,37,9,6.82,3.3
2020-06-14,5,11,2,2,4566,61,3,6.81,3.3
2020-06-14,5,11,3,3,4584,59,55,6.91,3.3
2020-06-14,5,11,4,4,4163,40,39,6.92,3.3
2020-06-14,5,11,5,5,4839,52,46,6.99,3.3
2020-06-14,5,11,6,6,4653,36,63,7.01,3.3
2020-06-14,5,12,1,1,4543,11,65,6.86,6.3
2020-06-14,5,12,3,2,3726,6,37,6.96,6.3
2020-06-14,5,12,4,3,3462,35,53,6.98,6.3
2020-06-14,5,12,2,4,4187,13,15,6.91,6.3
2020-06-14,5,12,5,5,4966,19,49,6.96,6.3
2020-06-14,5,12,6,6,4273,20,6,7.0,6.3
2020-06-15,6,1,1,1,4563,22,50,6.86,8.4
2020-06-15,6,1,2,2,4966,19,49,6.85,8.4
2020-06-15,6,1,5,3,3456,7,64,6.91,8.4
2020-06-15,6,1,3,4,4187,13,15,6.89,8.4
2020-06-15,6,1,6,5,3660,15,26,7.02,8.4
2020-06-15,6,1,4,6,5021,48,28,6.88,8.4
2020-06-15,6,2,1,1,3234,55,40,6.84,8.6
2020-06-15,6,2,3,2,4126,43,21,6.95,8.6
2020-06-15,6,2,4,3,4656,12,27,6.93,8.6
2020-06-15,6,2,5,4,4400,21,36,6.96,8.6
2020-06-15,6,2,2,5,3976,23,13,6.92,8.6
2020-06-15,6,2,6,6,5118,14,2,6.97,8.6
2020-06-15,6,3,1,1,4273,20,6,6.89,14.3
2020-06-15,6,3,3,2,4574,29,8,6.96,14.3
2020-06-15,6,3,6,3,4288,41,41,6.95,14.3
2020-06-15,6,3,5,4,3372,17,10,6.87,14.3
2020-06-15,6,3,2,5,4252,63,12,6.93,14.3
2020-06-15,6,3,4,6,4894,8,59,6.81,14.3
2020-06-15,6,4,1,1,4248,2,22,6.97,50.8
2020-06-15,6,4,4,2,4648,26,47,6.81,50.8
2020-06-15,6,4,6,3,4584,59,55,6.88,50.8
2020-06-15,6,4,2,4,4823,60,34,6.88,50.8
2020-06-15,6,4,3,5,4839,52,46,6.91,50.8
2020-06-15,6,4,5,6,3470,24,14,6.9,50.8
2020-06-15,6,5,1,1,3568,25,19,6.85,8.6
2020-06-15,6,5,5,2,4069,47,30,6.9,8.6
2020-06-15,6,5,6,3,3997,64,52,6.9,8.6
2020-06-15,6,5,2,4,4380,54,29,6.84,8.6
2020-06-15,6,5,4,5,3660,15,26,7.02,8.6
2020-06-15,6,5,3,6,4563,22,50,6.82,8.6
2020-06-15,6,6,1,1,4653,36,63,6.85,16.1
2020-06-15,6,6,4,2,3462,35,53,6.9,16.1
2020-06-15,6,6,5,3,3615,46,51,6.85,16.1
2020-06-15,6,6,3,4,4593,30,5,6.88,16.1
2020-06-15,6,6,6,5,3710,53,23,6.84,16.1
2020-06-15,6,6,2,6,4126,43,21,6.88,16.1
2020-06-15,6,7,1,1,4163,40,39,6.83,17.5
2020-06-15,6,7,6,2,3726,6,37,6.93,17.5
2020-06-15,6,7,4,3,4704,38,38,6.83,17.5
2020-06-15,6,7,3,4,4656,12,27,6.9,17.5
2020-06-15,6,7,2,5,4400,21,36,6.94,17.5
2020-06-15,6,7,5,6,5021,48,28,6.95,17.5
2020-06-15,6,8,5,1,4252,63,12,6.92,224.2
2020-06-15,6,8,4,2,4288,41,41,6.99,224.2
2020-06-15,6,8,1,3,3654,27,16,6.83,224.2
2020-06-15,6,8,2,4,3470,24,14,6.88,224.2
2020-06-15,6,8,3,5,3234,55,40,6.9,224.2
2020-06-15,6,8,6,6,5129,62,60,6.98,224.2
2020-06-15,6,9,1,1,3462,35,53,6.87,13.7
2020-06-15,6,9,3,2,4069,47,30,6.9,13.7
2020-06-15,6,9,5,3,4574,29,8,6.92,13.7
2020-06-15,6,9,6,4,4543,11,65,6.82,13.7
2020-06-15,6,9,2,5,4648,26,47,6.88,13.7
2020-06-15,6,9,4,6,3456,7,64,6.88,13.7
2020-06-15,6,10,1,1,4584,59,55,6.78,12.3
2020-06-15,6,10,3,2,4163,40,39,6.85,12.3
2020-06-15,6,10,5,3,3568,25,19,6.87,12.3
2020-06-15,6,10,4,4,4593,30,5,6.91,12.3
2020-06-15,6,10,6,5,4823,60,34,6.93,12.3
2020-06-15,6,10,2,6,3615,46,51,6.81,12.3
2020-06-15,6,11,1,1,3997,64,52,6.77,6.7
2020-06-15,6,11,3,2,4704,38,38,6.9,6.7
2020-06-15,6,11,5,3,3654,27,16,6.95,6.7
2020-06-15,6,11,2,4,4894,8,59,6.82,6.7
2020-06-15,6,11,6,5,4653,36,63,6.89,6.7
2020-06-15,6,11,4,6,4839,52,46,6.95,6.7
2020-06-15,6,12,1,1,4019,37,9,6.87,7.6
2020-06-15,6,12,2,2,4348,31,24,6.86,7.6
2020-06-15,6,12,3,3,4189,44,17,6.87,7.6
2020-06-15,6,12,4,4,3439,65,54,6.91,7.6
2020-06-15,6,12,5,5,4566,61,3,6.89,7.6
2020-06-15,6,12,6,6,3833,5,61,6.85,7.6
2020-06-20,1,1,1,1,4111,43,9,6.85,16.2
2020-06-20,1,1,4,2,4842,32,24,6.8,16.2
2020-06-20,1,1,3,3,4039,41,37,6.85,16.2
2020-06-20,1,1,5,4,3695,38,10,6.77,16.2
2020-06-20,1,1,2,5,3508,45,49,6.83,16.2
2020-06-20,1,1,6,6,5059,28,12,6.92,16.2
2020-06-20,1,2,1,1,4185,60,29,6.87,20.5
2020-06-20,1,2,4,2,3620,29,17,6.92,20.5
2020-06-20,1,2,2,3,3643,19,2,6.8,20.5
2020-06-20,1,2,3,4,3477,18,51,6.83,20.5
2020-06-20,1,2,5,5,3025,26,27,6.87,20.5
2020-06-20,1,2,6,6,5115,3,38,6.9,20.5
2020-06-20,1,3,3,1,4649,53,3,6.78,25.7
2020-06-20,1,3,5,2,3024,7,20,6.84,25.7
2020-06-20,1,3,4,3,3955,35,32,6.89,25.7
2020-06-20,1,3,1,4,4474,34,22,6.87,25.7
2020-06-20,1,3,2,5,3459,57,52,6.85,25.7
2020-06-20,1,3,6,6,5136,23,28,6.83,25.7
2020-06-20,1,4,2,1,3581,9,41,6.78,263.1
2020-06-20,1,4,5,2,3333,65,7,6.83,263.1
2020-06-20,1,4,3,3,3781,50,46,6.91,263.1
2020-06-20,1,4,1,4,4374,4,36,6.79,263.1
2020-06-20,1,4,6,5,3708,49,47,6.84,263.1
2020-06-20,1,4,4,6,4040,25,30,6.8,263.1
2020-06-20,1,5,1,1,3692,58,14,6.85,215.5
2020-06-20,1,5,4,2,3335,51,54,6.84,215.5
2020-06-20,1,5,6,3,3745,20,16,6.79,215.5
2020-06-20,1,5,3,4,4368,16,66,6.76,215.5
2020-06-20,1,5,2,5,3711,40,40,6.86,215.5
2020-06-20,1,5,5,6,3874,15,15,6.81,215.5
2020-06-20,1,6,3,1,4388,46,63,6.8,68.2
2020-06-20,1,6,5,2,3809,31,5,6.76,68.2
2020-06-20,1,6,1,3,4331,10,8,6.86,68.2
2020-06-20,1,6,4,4,4446,24,39,6.9,68.2
2020-06-20,1,6,2,5,3600,47,19,6.81,68.2
2020-06-20,1,6,6,6,4047,30,13,6.87,68.2
2020-06-20,1,7,2,1,4030,39,26,6.79,55.9
2020-06-20,1,7,4,2,3508,45,49,6.88,55.9
2020-06-20,1,7,3,3,3787,66,59,6.88,55.9
2020-06-20,1,7,5,4,3612,2,61,6.89,55.9
2020-06-20,1,7,1,5,3501,36,57,6.81,55.9
2020-06-20,1,7,6,6,3620,29,17,6.85,55.9
2020-06-20,1,8,1,1,4415,33,55,6.8,4.2
2020-06-20,1,8,2,2,4649,53,3,6.84,4.2
2020-06-20,1,8,4,3,3282,56,34,6.9,4.2
2020-06-20,1,8,5,4,3581,9,41,6.89,4.2
2020-06-20,1,8,6,5,4842,32,24,6.85,4.2
2020-06-20,1,8,3,6,4185,60,29,6.84,4.2
2020-06-20,1,9,2,1,4359,37,65,6.86,40.8
2020-06-20,1,9,4,2,3643,19,2,6.84,40.8
2020-06-20,1,9,1,3,3702,5,64,6.79,40.8
2020-06-20,1,9,3,4,3745,20,16,6.89,40.8
2020-06-20,1,9,6,5,3781,50,46,6.82,40.8
2020-06-20,1,9,5,6,3459,57,52,6.87,40.8
2020-06-20,1,10,1,1,3919,1,23,6.94,5.8
2020-06-20,1,10,2,2,4040,25,30,6.86,5.8
2020-06-20,1,10,3,3,4331,10,8,6.86,5.8
2020-06-20,1,10,5,4,3477,18,51,6.92,5.8
2020-06-20,1,10,6,5,4368,16,66,6.89,5.8
2020-06-20,1,10,4,6,4111,43,9,6.92,5.8
2020-06-20,1,11,2,1,4388,46,63,6.88,21.4
2020-06-20,1,11,1,2,3612,2,61,6.89,21.4
2020-06-20,1,11,4,3,3711,40,40,6.85,21.4
2020-06-20,1,11,3,4,3708,49,47,6.79,21.4
2020-06-20,1,11,6,5,4039,41,37,6.93,21.4
2020-06-20,1,11,5,6,3955,35,32,6.95,21.4
2020-06-20,1,12,1,1,4030,39,26,6.9,19.2
2020-06-20,1,12,2,2,3024,7,20,6.83,19.2
2020-06-20,1,12,6,3,4446,24,39,6.83,19.2
2020-06-20,1,12,4,4,3874,15,48,6.91,19.2
2020-06-20,1,12,3,5,3333,65,7,6.96,19.2
2020-06-20,1,12,5,6,4415,33,55,7.0,19.2
2020-06-21,2,1,2,1,4374,4,36,6.81,55.8
2020-06-21,2,1,1,2,3781,50,46,6.82,55.8
2020-06-21,2,1,3,3,3025,26,27,6.84,55.8
2020-06-21,2,1,5,4,5059,28,12,6.82,55.8
2020-06-21,2,1,6,5,3335,51,54,6.83,55.8
2020-06-21,2,1,4,6,3600,47,19,6.77,55.8
2020-06-21,2,2,4,1,4368,16,66,6.84,122.5
2020-06-21,2,2,2,2,3692,58,14,6.8,122.5
2020-06-21,2,2,3,3,4047,30,13,6.89,122.5
2020-06-21,2,2,6,4,3787,66,59,6.87,122.5
2020-06-21,2,2,1,5,3695,38,10,6.77,122.5
2020-06-21,2,2,5,6,5136,23,28,6.91,122.5
2020-06-21,2,3,1,1,3477,18,51,6.77,18.5
2020-06-21,2,3,2,2,4474,34,22,6.84,18.5
2020-06-21,2,3,3,3,4446,24,39,6.87,18.5
2020-06-21,2,3,4,4,4331,10,8,6.82,18.5
2020-06-21,2,3,5,5,3282,56,34,6.83,18.5
2020-06-21,2,3,6,6,5115,3,38,6.86,18.5
2020-06-21,2,4,4,1,3809,31,5,6.84,51.0
2020-06-21,2,4,6,2,4359,37,65,6.9,51.0
2020-06-21,2,4,1,3,3581,9,41,6.91,51.0
2020-06-21,2,4,2,4,3745,20,16,6.84,51.0
2020-06-21,2,4,5,5,3501,36,57,6.97,51.0
2020-06-21,2,4,3,6,4842,32,24,6.92,51.0
2020-06-21,2,5,2,1,3333,65,7,6.83,25.9
2020-06-21,2,5,5,2,4040,25,30,6.91,25.9
2020-06-21,2,5,3,3,4111,43,9,6.89,25.9
2020-06-21,2,5,6,4,4649,53,3,6.8,25.9
2020-06-21,2,5,1,5,3459,57,52,6.81,25.9
2020-06-21,2,5,4,6,4185,60,29,6.86,25.9
2020-06-21,2,6,4,1,4388,46,63,6.85,23.9
2020-06-21,2,6,3,2,4415,33,55,6.89,23.9
2020-06-21,2,6,5,3,3643,19,2,6.96,23.9
2020-06-21,2,6,1,4,3955,35,32,6.89,23.9
2020-06-21,2,6,6,5,5059,28,12,6.97,23.9
2020-06-21,2,6,2,6,3695,38,10,6.83,23.9
2020-06-21,2,8,1,1,4446,24,39,6.78,15.5
2020-06-21,2,8,4,2,3501,36,57,7.0,15.5
2020-06-21,2,8,2,3,3919,1,23,6.9,15.5
2020-06-21,2,8,3,4,3620,29,17,6.9,15.5
2020-06-21,2,8,6,5,5136,23,28,6.92,15.5
2020-06-21,2,8,5,6,4374,4,36,6.9,15.5
2020-06-21,2,9,3,1,3874,15,48,6.92,53.2
2020-06-21,2,9,2,2,3809,31,5,6.83,53.2
2020-06-21,2,9,1,3,3711,40,40,6.89,53.2
2020-06-21,2,9,6,4,3025,26,27,6.94,53.2
2020-06-21,2,9,4,5,3612,2,61,6.93,53.2
2020-06-21,2,9,5,6,5115,3,38,6.92,53.2
2020-06-21,2,10,1,1,3333,65,7,6.99,49.5
2020-06-21,2,10,6,2,4474,34,22,6.91,49.5
2020-06-21,2,10,4,3,4415,33,55,6.84,49.5
2020-06-21,2,10,2,4,3708,49,47,6.92,49.5
2020-06-21,2,10,5,5,4047,30,13,6.95,49.5
2020-06-21,2,10,3,6,3335,51,54,6.84,49.5
2020-06-21,2,11,1,1,4388,46,63,6.88,22.4
2020-06-21,2,11,2,2,3282,56,34,6.9,22.4
2020-06-21,2,11,4,3,3787,66,59,6.86,22.4
2020-06-21,2,11,6,4,4040,25,30,6.85,22.4
2020-06-21,2,11,5,5,3702,5,56,6.85,22.4
2020-06-21,2,11,3,6,4359,37,65,6.84,22.4
2020-06-22,3,1,1,1,3787,66,59,6.8,14.2
2020-06-22,3,1,2,2,3477,18,51,6.7,14.2
2020-06-22,3,1,4,3,3581,9,41,6.81,14.2
2020-06-22,3,1,5,4,4111,43,9,6.93,14.2
2020-06-22,3,1,3,5,3702,5,56,6.8,14.2
2020-06-22,3,1,6,6,4185,60,29,6.78,14.2
2020-06-22,3,2,5,1,4842,32,24,6.88,172.5
2020-06-22,3,2,3,2,4374,4,36,6.85,172.5
2020-06-22,3,2,4,3,3459,57,52,6.86,172.5
2020-06-22,3,2,2,4,3620,29,17,6.89,172.5
2020-06-22,3,2,1,5,4047,30,13,6.77,172.5
2020-06-22,3,2,6,6,5059,28,12,6.85,172.5
2020-06-22,3,3,1,1,3600,47,19,6.8,45.8
2020-06-22,3,3,2,2,3781,50,46,6.77,45.8
2020-06-22,3,3,6,3,3711,40,40,6.82,45.8
2020-06-22,3,3,3,4,4040,25,30,6.82,45.8
2020-06-22,3,3,5,5,4368,16,66,6.83,45.8
2020-06-22,3,3,4,6,4039,41,37,6.85,45.8
2020-06-22,3,4,1,1,3508,45,49,6.81,25.6
2020-06-22,3,4,3,2,3643,19,2,6.81,25.6
2020-06-22,3,4,6,3,3282,56,34,6.89,25.6
2020-06-22,3,4,5,4,4359,37,65,6.93,25.6
2020-06-22,3,4,4,5,3695,38,10,6.84,25.6
2020-06-22,3,4,2,6,3501,36,57,6.86,25.6
2020-06-22,3,5,1,1,3809,31,5,6.81,17.3
2020-06-22,3,5,4,2,3919,1,23,6.86,17.3
2020-06-22,3,5,5,3,4474,34,22,6.88,17.3
2020-06-22,3,5,2,4,4415,33,55,6.81,17.3
2020-06-22,3,5,3,5,3955,35,32,6.94,17.3
2020-06-22,3,5,6,6,5136,23,28,6.8,17.3
2020-06-22,3,6,1,1,4649,53,3,6.78,5.6
2020-06-22,3,6,3,2,4030,39,26,6.91,5.6
2020-06-22,3,6,4,3,3333,65,7,6.89,5.6
2020-06-22,3,6,2,4,4842,32,24,6.86,5.6
2020-06-22,3,6,5,5,3335,51,54,6.89,5.6
2020-06-22,3,6,6,6,5115,3,38,6.9,5.6
2020-06-22,3,7,3,1,3692,58,14,6.89,67.4
2020-06-22,3,7,1,2,3708,49,47,6.8,67.4
2020-06-22,3,7,2,3,3612,2,61,6.86,67.4
2020-06-22,3,7,6,4,4388,46,63,6.88,67.4
2020-06-22,3,7,4,5,3025,26,27,6.9,67.4
2020-06-22,3,7,5,6,4185,60,29,6.91,67.4
2020-06-22,3,8,4,1,4331,10,8,6.93,52.2
2020-06-22,3,8,1,2,4359,37,65,6.9,52.2
2020-06-22,3,8,2,3,3874,15,48,6.93,52.2
2020-06-22,3,8,5,4,4039,41,37,6.89,52.2
2020-06-22,3,8,6,5,4111,43,9,6.96,52.2
2020-06-22,3,8,3,6,3459,57,52,6.96,52.2
2020-06-22,3,9,1,1,4040,25,30,6.79,125.9
2020-06-22,3,9,6,2,3581,9,41,6.92,125.9
2020-06-22,3,9,4,3,3024,7,44,6.88,125.9
2020-06-22,3,9,5,4,3919,1,23,6.92,125.9
2020-06-22,3,9,2,5,4047,30,13,6.92,125.9
2020-06-22,3,9,3,6,3508,45,49,6.89,125.9
2020-06-22,3,10,2,1,4446,24,39,6.83,21.5
2020-06-22,3,10,1,2,3333,65,7,6.87,21.5
2020-06-22,3,10,3,3,3711,40,40,6.92,21.5
2020-06-22,3,10,4,4,4649,53,3,6.95,21.5
2020-06-22,3,10,6,5,3643,19,2,6.87,21.5
2020-06-22,3,10,5,6,3620,29,17,6.95,21.5
2020-06-22,3,11,5,1,4030,39,26,6.83,42.1
2020-06-22,3,11,1,2,4415,33,55,6.81,42.1
2020-06-22,3,11,2,3,4368,16,66,6.89,42.1
2020-06-22,3,11,3,4,3282,56,34,6.93,42.1
2020-06-22,3,11,4,5,3708,49,47,6.83,42.1
2020-06-22,3,11,6,6,3477,18,51,6.82,42.1
2020-06-22,3,12,4,1,3702,5,56,6.93,370.2
2020-06-22,3,12,5,2,3781,50,46,6.92,370.2
2020-06-22,3,12,1,3,3874,15,48,6.89,370.2
2020-06-22,3,12,6,4,3501,36,57,6.91,370.2
2020-06-22,3,12,3,5,3612,2,61,6.99,370.2
2020-06-22,3,12,2,6,3955,35,32,6.93,370.2
2020-06-23,4,1,2,1,4039,41,37,6.87,30.2
2020-06-23,4,1,4,2,4474,34,22,6.86,30.2
2020-06-23,4,1,5,3,3708,49,47,6.85,30.2
2020-06-23,4,1,3,4,3581,9,41,6.8,30.2
2020-06-23,4,1,1,5,3335,51,54,6.89,30.2
2020-06-23,4,1,6,6,5059,28,12,6.88,30.2
2020-06-23,4,3,4,1,3024,7,44,6.81,13.4
2020-06-23,4,3,1,2,3643,19,2,6.81,13.4
2020-06-23,4,3,6,3,3809,31,5,6.75,13.4
2020-06-23,4,3,3,4,3600,47,19,6.73,13.4
2020-06-23,4,3,2,5,3501,36,57,6.88,13.4
2020-06-23,4,3,5,6,5136,23,28,6.81,13.4
2020-06-23,4,4,1,1,4368,16,66,6.82,27.2
2020-06-23,4,4,3,2,3711,40,40,6.83,27.2
2020-06-23,4,4,4,3,3692,58,14,6.79,27.2
2020-06-23,4,4,5,4,3612,2,61,6.81,27.2
2020-06-23,4,4,2,5,3787,66,59,6.83,27.2
2020-06-23,4,4,6,6,3955,35,32,6.88,27.2
2020-06-23,4,5,3,1,3919,1,23,6.85,19.5
2020-06-23,4,5,1,2,3620,29,17,6.81,19.5
2020-06-23,4,5,5,3,4331,10,8,6.84,19.5
2020-06-23,4,5,4,4,4359,37,65,6.88,19.5
2020-06-23,4,5,6,5,3508,45,49,6.83,19.5
2020-06-23,4,5,2,6,3335,51,54,6.86,19.5
2020-06-23,4,6,3,1,4446,24,39,6.83,108.1
2020-06-23,4,6,1,2,3282,56,34,6.8,108.1
2020-06-23,4,6,5,3,5059,28,12,6.92,108.1
2020-06-23,4,6,4,4,3874,15,48,6.79,108.1
2020-06-23,4,6,6,5,3459,57,52,6.91,108.1
2020-06-23,4,6,2,6,3025,26,27,6.92,108.1
2020-06-23,4,7,1,1,4842,32,24,6.84,14.5
2020-06-23,4,7,2,2,3702,5,56,6.81,14.5
2020-06-23,4,7,3,3,3333,65,7,6.83,14.5
2020-06-23,4,7,5,4,4388,46,63,6.87,14.5
2020-06-23,4,7,4,5,3781,50,46,6.81,14.5
2020-06-23,4,7,6,6,3695,38,10,6.86,14.5
2020-06-23,4,8,1,1,3024,7,44,6.87,5.9
2020-06-23,4,8,2,2,4040,25,30,6.8,5.9
2020-06-23,4,8,4,3,4030,39,26,6.82,5.9
2020-06-23,4,8,3,4,4474,34,22,6.89,5.9
2020-06-23,4,8,5,5,3787,66,59,6.87,5.9
2020-06-23,4,8,6,6,5115,3,38,6.91,5.9
2020-06-23,4,9,1,1,3612,2,61,6.87,10.3
2020-06-23,4,9,2,2,4111,43,9,6.86,10.3
2020-06-23,4,9,3,3,4649,53,3,6.85,10.3
2020-06-23,4,9,4,4,3477,18,51,6.85,10.3
2020-06-23,4,9,5,5,3600,47,19,6.86,10.3
2020-06-23,4,9,6,6,4415,33,55,6.73,10.3
2020-06-23,4,10,1,1,3874,15,48,6.82,5.4
2020-06-23,4,10,2,2,4359,37,65,6.82,5.4
2020-06-23,4,10,3,3,3708,49,47,6.94,5.4
2020-06-23,4,10,5,4,3692,58,14,6.82,5.4
2020-06-23,4,10,4,5,4374,4,36,6.95,5.4
2020-06-23,4,10,6,6,5136,23,28,6.86,5.4
2020-06-23,4,11,1,1,4388,46,63,6.8,32.1
2020-06-23,4,11,3,2,3955,35,32,6.95,32.1
2020-06-23,4,11,4,3,3581,9,41,6.91,32.1
2020-06-23,4,11,2,4,4446,24,39,6.81,32.1
2020-06-23,4,11,5,5,3501,36,57,6.94,32.1
2020-06-23,4,11,6,6,4331,10,8,6.89,32.1
2020-06-23,4,12,1,1,4030,39,26,6.8,8.0
2020-06-23,4,12,2,2,3919,1,23,6.91,8.0
2020-06-23,4,12,4,3,3282,56,34,6.87,8.0
2020-06-23,4,12,5,4,3711,40,40,6.92,8.0
2020-06-23,4,12,6,5,3702,5,56,6.95,8.0
2020-06-23,4,12,3,6,3809,31,5,6.82,8.0
2020-06-24,5,1,1,1,4359,37,65,6.84,47.0
2020-06-24,5,1,5,2,3025,26,27,6.87,47.0
2020-06-24,5,1,3,3,3477,18,51,6.78,47.0
2020-06-24,5,1,4,4,3600,47,19,6.82,47.0
2020-06-24,5,1,6,5,5136,23,28,6.77,47.0
2020-06-24,5,1,2,6,4047,30,13,6.89,47.0
2020-06-24,5,2,2,1,3335,51,54,6.89,111.7
2020-06-24,5,2,3,2,4474,34,22,6.78,111.7
2020-06-24,5,2,4,3,3620,29,17,6.87,111.7
2020-06-24,5,2,5,4,3459,57,52,6.84,111.7
2020-06-24,5,2,6,5,4185,60,29,6.89,111.7
2020-06-24,5,2,1,6,3695,38,10,6.81,111.7
2020-06-24,5,3,3,1,4649,53,3,6.8,47.3
2020-06-24,5,3,4,2,3692,58,14,6.83,47.3
2020-06-24,5,3,6,3,3955,35,32,6.85,47.3
2020-06-24,5,3,2,4,3282,56,34,6.88,47.3
2020-06-24,5,3,1,5,3508,45,49,6.81,47.3
2020-06-24,5,3,5,6,5059,28,12,6.91,47.3
2020-06-24,5,4,1,1,4368,16,66,6.83,33.1
2020-06-24,5,4,3,2,3501,36,57,6.82,33.1
2020-06-24,5,4,4,3,3874,15,48,6.85,33.1
2020-06-24,5,4,6,4,3809,31,5,6.8,33.1
2020-06-24,5,4,5,5,4446,24,39,6.85,33.1
2020-06-24,5,4,2,6,4039,41,37,6.84,33.1
2020-06-24,5,5,5,1,3919,1,23,6.8,20.2
2020-06-24,5,5,1,2,3781,50,46,6.81,20.2
2020-06-24,5,5,6,3,4388,46,63,6.8,20.2
2020-06-24,5,5,2,4,3787,66,59,6.89,20.2
2020-06-24,5,5,4,5,3711,40,40,6.82,20.2
2020-06-24,5,5,3,6,4111,43,9,6.77,20.2
2020-06-24,5,6,1,1,4331,10,8,6.82,17.7
2020-06-24,5,6,4,2,3024,7,44,6.84,17.7
2020-06-24,5,6,5,3,3643,19,2,6.87,17.7
2020-06-24,5,6,2,4,4842,32,24,6.9,17.7
2020-06-24,5,6,6,5,5115,3,38,6.87,17.7
2020-06-24,5,6,3,6,4415,33,55,6.81,17.7
2020-06-24,5,7,1,1,4040,25,30,6.75,28.0
2020-06-24,5,7,6,2,4030,39,26,6.8,28.0
2020-06-24,5,7,3,3,3620,29,17,6.88,28.0
2020-06-24,5,7,2,4,3581,9,41,6.81,28.0
2020-06-24,5,7,5,5,3702,5,56,6.83,28.0
2020-06-24,5,7,4,6,4374,4,36,6.86,28.0
2020-06-24,5,8,2,1,3333,65,7,6.92,23.8
2020-06-24,5,8,1,2,3708,49,47,6.81,23.8
2020-06-24,5,8,5,3,4047,30,13,6.87,23.8
2020-06-24,5,8,4,4,3612,2,61,6.84,23.8
2020-06-24,5,8,3,5,3695,38,10,6.85,23.8
2020-06-24,5,8,6,6,5059,28,12,6.83,23.8
2020-06-24,5,9,1,1,3809,31,5,6.81,18.5
2020-06-24,5,9,2,2,3919,1,23,6.83,18.5
2020-06-24,5,9,5,3,3282,56,34,6.8,18.5
2020-06-24,5,9,3,4,3874,15,48,6.9,18.5
2020-06-24,5,9,6,5,4359,37,65,6.87,18.5
2020-06-24,5,9,4,6,4649,53,3,6.81,18.5
2020-06-24,5,10,1,1,4388,46,63,6.86,67.4
2020-06-24,5,10,5,2,4331,10,8,6.82,67.4
2020-06-24,5,10,4,3,4040,25,30,6.81,67.4
2020-06-24,5,10,3,4,3692,58,14,6.81,67.4
2020-06-24,5,10,2,5,4446,24,39,6.8,67.4
2020-06-24,5,10,6,6,4368,16,66,6.81,67.4
2020-06-24,5,11,4,1,4415,33,55,6.79,88.8
2020-06-24,5,11,2,2,3024,7,44,6.88,88.8
2020-06-24,5,11,1,3,4030,39,26,6.84,88.8
2020-06-24,5,11,6,4,3781,50,46,6.86,88.8
2020-06-24,5,11,3,5,3333,65,7,6.89,88.8
2020-06-24,5,11,5,6,3581,9,41,6.84,88.8
2020-06-24,5,12,3,1,3612,2,61,6.96,43.0
2020-06-24,5,12,1,2,3711,40,40,6.86,43.0
2020-06-24,5,12,5,3,4842,32,24,6.88,43.0
2020-06-24,5,12,2,4,3501,36,57,6.9,43.0
2020-06-24,5,12,6,5,3477,18,51,6.87,43.0
2020-06-24,5,12,4,6,4039,41,37,6.91,43.0
2020-06-25,6,1,3,1,4111,43,9,6.86,39.3
2020-06-25,6,1,1,2,3477,18,51,6.77,39.3
2020-06-25,6,1,4,3,3787,66,59,6.86,39.3
2020-06-25,6,1,2,4,4474,34,22,6.87,39.3
2020-06-25,6,1,5,5,5136,23,28,6.89,39.3
2020-06-25,6,1,6,6,3695,38,10,6.87,39.3
2020-06-25,6,2,2,1,3643,19,2,6.89,16.1
2020-06-25,6,2,1,2,4185,60,29,6.85,16.1
2020-06-25,6,2,3,3,3459,57,52,6.87,16.1
2020-06-25,6,2,4,4,4047,30,13,6.88,16.1
2020-06-25,6,2,6,5,5059,28,12,6.85,16.1
2020-06-25,6,2,5,6,5115,3,38,6.83,16.1
2020-06-25,6,3,4,1,3025,26,27,6.89,259.8
2020-06-25,6,3,3,2,3955,35,32,6.88,259.8
2020-06-25,6,3,2,3,4374,4,36,6.86,259.8
2020-06-25,6,3,6,4,3335,51,54,6.89,259.8
2020-06-25,6,3,1,5,4368,16,66,6.82,259.8
2020-06-25,6,3,5,6,3702,5,56,6.92,259.8
2020-06-25,6,4,2,1,4359,37,65,6.8,12.6
2020-06-25,6,4,1,2,3581,9,41,6.84,12.6
2020-06-25,6,4,5,3,3692,58,14,6.87,12.6
2020-06-25,6,4,6,4,3708,49,47,6.86,12.6
2020-06-25,6,4,4,5,3620,29,17,6.91,12.6
2020-06-25,6,4,3,6,3508,45,49,6.82,12.6
2020-06-25,6,5,1,1,3282,56,34,6.88,55.6
2020-06-25,6,5,4,2,4111,43,9,6.84,55.6
2020-06-25,6,5,3,3,4842,32,24,6.89,55.6
2020-06-25,6,5,6,4,3612,2,61,6.89,55.6
2020-06-25,6,5,2,5,3781,50,46,6.89,55.6
2020-06-25,6,5,5,6,3600,47,58,6.89,55.6
2020-06-25,6,6,3,1,3333,65,7,6.8,72.6
2020-06-25,6,6,4,2,4040,25,30,6.84,72.6
2020-06-25,6,6,2,3,3459,57,52,6.83,72.6
2020-06-25,6,6,1,4,4649,53,3,6.77,72.6
2020-06-25,6,6,5,5,4039,41,37,6.83,72.6
2020-06-25,6,6,6,6,5115,3,38,6.89,72.6
2020-06-25,6,7,1,1,3874,15,48,6.84,8.4
2020-06-25,6,7,2,2,3025,26,27,6.85,8.4
2020-06-25,6,7,6,3,4030,39,26,6.88,8.4
2020-06-25,6,7,5,4,3787,66,59,6.91,8.4
2020-06-25,6,7,4,5,4185,60,29,6.88,8.4
2020-06-25,6,7,3,6,3501,36,57,6.87,8.4
2020-06-25,6,8,1,1,4446,24,39,6.86,10.7
2020-06-25,6,8,3,2,3643,19,2,6.89,10.7
2020-06-25,6,8,2,3,3702,5,56,6.96,10.7
2020-06-25,6,8,5,4,4474,34,22,6.91,10.7
2020-06-25,6,8,4,5,3711,40,40,6.88,10.7
2020-06-25,6,8,6,6,5136,23,28,6.81,10.7
2020-06-25,6,9,1,1,3955,35,32,6.93,11.5
2020-06-25,6,9,3,2,3612,2,61,6.94,11.5
2020-06-25,6,9,2,3,3600,47,58,6.82,11.5
2020-06-25,6,9,4,4,3708,49,47,6.86,11.5
2020-06-25,6,9,6,5,3508,45,49,6.84,11.5
2020-06-25,6,9,5,6,4374,4,36,6.89,11.5
2020-06-25,6,10,1,1,4040,25,30,6.85,46.2
2020-06-25,6,10,4,2,3333,65,7,6.89,46.2
2020-06-25,6,10,6,3,4368,16,66,6.86,46.2
2020-06-25,6,10,3,4,3781,50,46,6.87,46.2
2020-06-25,6,10,2,5,3282,56,34,6.85,46.2
2020-06-25,6,10,5,6,4359,37,65,6.88,46.2
2020-06-25,6,11,1,1,4030,39,26,6.86,35.2
2020-06-25,6,11,5,2,4649,53,3,6.84,35.2
2020-06-25,6,11,3,3,3874,15,48,6.91,35.2
2020-06-25,6,11,2,4,3692,58,14,6.93,35.2
2020-06-25,6,11,6,5,3581,9,41,6.94,35.2
2020-06-25,6,11,4,6,4446,24,39,6.84,35.2
2020-07-08,1,1,3,1,4400,8,10,6.78,109.2
2020-07-08,1,1,1,2,4275,11,51,6.77,109.2
2020-07-08,1,1,5,3,5045,17,34,6.81,109.2
2020-07-08,1,1,2,4,4170,30,7,6.83,109.2
2020-07-08,1,1,4,5,3894,51,39,6.75,109.2
2020-07-08,1,1,6,6,4098,58,12,6.73,109.2
2020-07-08,1,2,4,1,5057,12,54,6.81,168.6
2020-07-08,1,2,2,2,4300,35,57,6.84,168.6
2020-07-08,1,2,6,3,4773,33,8,6.82,168.6
2020-07-08,1,2,5,4,3177,61,27,6.79,168.6
2020-07-08,1,2,3,5,4853,60,14,6.86,168.6
2020-07-08,1,2,1,6,3254,2,46,6.87,168.6
2020-07-08,1,3,3,1,4414,34,25,6.82,153.3
2020-07-08,1,3,1,2,4870,21,9,6.79,153.3
2020-07-08,1,3,4,3,4419,13,29,6.78,153.3
2020-07-08,1,3,2,4,4924,59,66,6.77,153.3
2020-07-08,1,3,5,5,4065,62,40,6.79,153.3
2020-07-08,1,3,6,6,4823,28,16,6.79,153.3
2020-07-08,1,4,1,1,4891,64,13,6.8,49.7
2020-07-08,1,4,6,2,4642,52,52,6.83,49.7
2020-07-08,1,4,4,3,4897,39,47,6.8,49.7
2020-07-08,1,4,5,4,3334,63,5,6.87,49.7
2020-07-08,1,4,3,5,3802,48,38,6.94,49.7
2020-07-08,1,4,2,6,4408,4,32,6.93,49.7
2020-07-08,1,5,2,1,4964,29,26,6.8,20.5
2020-07-08,1,5,5,2,4447,5,17,6.81,20.5
2020-07-08,1,5,1,3,5019,9,22,6.86,20.5
2020-07-08,1,5,6,4,4825,22,65,6.81,20.5
2020-07-08,1,5,4,5,4878,44,61,6.77,20.5
2020-07-08,1,5,3,6,4882,26,6,6.74,20.5
2020-07-08,1,6,1,1,4901,19,20,6.8,6.5
2020-07-08,1,6,4,2,4045,31,59,6.7,6.5
2020-07-08,1,6,3,3,4433,37,49,6.82,6.5
2020-07-08,1,6,6,4,4927,57,2,6.86,6.5
2020-07-08,1,6,2,5,4997,55,36,6.82,6.5
2020-07-08,1,6,5,6,4170,30,7,6.82,6.5
2020-07-08,1,7,2,1,4885,50,24,6.76,27.6
2020-07-08,1,7,4,2,4924,59,66,6.83,27.6
2020-07-08,1,7,5,3,4961,43,50,6.79,27.6
2020-07-08,1,7,3,4,3177,61,27,6.75,27.6
2020-07-08,1,7,6,5,4017,20,3,6.78,27.6
2020-07-08,1,7,1,6,4746,23,23,6.82,27.6
2020-07-08,1,8,2,1,4050,38,28,6.77,63.3
2020-07-08,1,8,3,2,4963,54,63,6.83,63.3
2020-07-08,1,8,5,3,4897,39,47,6.81,63.3
2020-07-08,1,8,1,4,4478,6,37,6.8,63.3
2020-07-08,1,8,6,5,5057,12,54,6.85,63.3
2020-07-08,1,8,4,6,4304,36,41,6.9,63.3
2020-07-08,1,9,2,1,4590,14,55,6.88,23.6
2020-07-08,1,9,1,2,4419,13,29,6.81,23.6
2020-07-08,1,9,4,3,3334,63,5,6.87,23.6
2020-07-08,1,9,3,4,4183,27,30,6.82,23.6
2020-07-08,1,9,5,5,4400,8,10,6.88,23.6
2020-07-08,1,9,6,6,4853,60,14,6.87,23.6
2020-07-08,1,10,1,1,4065,62,40,6.81,43.5
2020-07-08,1,10,6,2,4045,31,59,6.78,43.5
2020-07-08,1,10,2,3,5045,17,34,6.81,43.5
2020-07-08,1,10,3,4,4825,22,65,6.86,43.5
2020-07-08,1,10,5,5,4773,33,8,6.91,43.5
2020-07-08,1,10,4,6,4408,4,32,6.82,43.5
2020-07-08,1,11,3,1,4017,20,3,6.84,122.6
2020-07-08,1,11,1,2,4447,5,17,6.87,122.6
2020-07-08,1,11,6,3,3894,51,39,6.92,122.6
2020-07-08,1,11,5,4,4901,19,20,6.82,122.6
2020-07-08,1,11,2,5,3802,48,38,6.89,122.6
2020-07-08,1,11,4,6,4300,35,57,6.92,122.6
2020-07-08,1,12,1,1,4885,50,24,6.84,14.3
2020-07-08,1,12,4,2,4433,37,49,6.94,14.3
2020-07-08,1,12,6,3,4964,29,26,6.85,14.3
2020-07-08,1,12,3,4,4478,6,37,6.88,14.3
2020-07-08,1,12,5,5,4642,52,52,6.9,14.3
2020-07-08,1,12,2,6,4183,27,30,6.9,14.3
2020-07-09,2,1,1,1,4300,35,57,6.79,96.2
2020-07-09,2,1,5,2,4878,44,61,6.8,96.2
2020-07-09,2,1,3,3,4891,64,13,6.86,96.2
2020-07-09,2,1,6,4,3254,2,46,6.92,96.2
2020-07-09,2,1,4,5,4870,21,9,6.77,96.2
2020-07-09,2,1,2,6,4098,58,12,6.85,96.2
2020-07-09,2,2,4,1,4414,34,25,6.87,124.2
2020-07-09,2,2,5,2,4997,55,36,6.8,124.2
2020-07-09,2,2,3,3,4897,39,47,6.86,124.2
2020-07-09,2,2,6,4,4408,4,32,6.82,124.2
2020-07-09,2,2,2,5,4275,11,51,6.74,124.2
2020-07-09,2,2,1,6,4170,30,7,6.88,124.2
2020-07-09,2,3,5,1,5057,12,54,6.83,188.4
2020-07-09,2,3,3,2,4823,28,16,6.92,188.4
2020-07-09,2,3,6,3,4478,6,37,6.81,188.4
2020-07-09,2,3,1,4,4400,8,10,6.91,188.4
2020-07-09,2,3,4,5,4853,60,14,6.95,188.4
2020-07-09,2,3,2,6,4882,26,6,6.82,188.4
2020-07-09,2,4,3,1,4642,52,52,6.82,36.4
2020-07-09,2,4,1,2,3177,61,27,6.77,36.4
2020-07-09,2,4,2,3,4927,57,2,6.88,36.4
2020-07-09,2,4,6,4,4746,23,23,6.84,36.4
2020-07-09,2,4,5,5,4590,14,55,6.88,36.4
2020-07-09,2,4,4,6,5019,9,22,6.88,36.4
2020-07-09,2,5,2,1,4963,54,63,6.88,53.9
2020-07-09,2,5,3,2,4924,59,66,6.87,53.9
2020-07-09,2,5,4,3,4825,22,65,6.84,53.9
2020-07-09,2,5,5,4,4017,20,3,6.88,53.9
2020-07-09,2,5,6,5,4304,36,41,6.8,53.9
2020-07-09,2,5,1,6,3802,48,38,6.87,53.9
2020-07-09,2,6,1,1,4045,31,59,6.76,9.6
2020-07-09,2,6,2,2,3894,51,39,6.9,9.6
2020-07-09,2,6,3,3,4964,29,26,6.82,9.6
2020-07-09,2,6,6,4,4419,13,29,6.87,9.6
2020-07-09,2,6,5,5,4275,11,51,6.83,9.6
2020-07-09,2,6,4,6,4183,27,30,6.84,9.6
2020-07-09,2,7,4,1,4065,62,40,6.9,71.8
2020-07-09,2,7,6,2,4447,5,17,6.78,71.8
2020-07-09,2,7,1,3,4414,34,25,6.89,71.8
2020-07-09,2,7,3,4,5045,17,34,6.84,71.8
2020-07-09,2,7,5,5,3254,2,46,6.94,71.8
2020-07-09,2,7,2,6,3334,63,5,6.86,71.8
2020-07-09,2,8,1,1,4961,43,50,6.81,10.8
2020-07-09,2,8,2,2,4433,37,49,6.86,10.8
2020-07-09,2,8,3,3,4098,58,12,6.79,10.8
2020-07-09,2,8,4,4,4642,52,52,6.82,10.8
2020-07-09,2,8,5,5,4882,26,6,6.71,10.8
2020-07-09,2,8,6,6,4997,55,36,6.82,10.8
2020-07-09,2,9,3,1,4050,38,28,6.85,31.8
2020-07-09,2,9,5,2,4478,6,37,6.85,31.8
2020-07-09,2,9,1,3,4773,33,8,6.79,31.8
2020-07-09,2,9,4,4,4746,23,23,6.87,31.8
2020-07-09,2,9,6,5,4870,21,9,6.8,31.8
2020-07-09,2,9,2,6,4017,20,3,6.85,31.8
2020-07-09,2,10,4,1,4885,50,24,6.8,36.7
2020-07-09,2,10,6,2,4963,54,63,6.81,36.7
2020-07-09,2,10,1,3,4964,29,26,6.85,36.7
2020-07-09,2,10,2,4,4901,19,20,6.8,36.7
2020-07-09,2,10,3,5,4878,44,61,6.83,36.7
2020-07-09,2,10,5,6,4927,57,2,6.9,36.7
2020-07-09,2,11,2,1,4823,28,16,6.94,29.9
2020-07-09,2,11,1,2,4183,27,30,6.87,29.9
2020-07-09,2,11,3,3,4304,36,41,7.0,29.9
2020-07-09,2,11,4,4,4891,64,13,6.83,29.9
2020-07-09,2,11,5,5,5019,9,22,6.95,29.9
2020-07-09,2,11,6,6,4065,62,40,6.92,29.9
2020-07-10,3,1,5,1,4823,28,16,6.92,51.6
2020-07-10,3,1,4,2,4963,54,63,6.93,51.6
2020-07-10,3,1,6,3,4300,35,57,6.94,51.6
2020-07-10,3,1,2,4,4891,64,13,6.88,51.6
2020-07-10,3,1,3,5,4773,33,8,6.97,51.6
2020-07-10,3,1,1,6,4408,4,32,6.89,51.6
2020-07-10,3,2,4,1,4927,57,2,6.85,26.1
2020-07-10,3,2,5,2,3894,51,39,6.91,26.1
2020-07-10,3,2,6,3,3177,61,27,6.8,26.1
2020-07-10,3,2,2,4,4897,39,47,6.84,26.1
2020-07-10,3,2,3,5,4170,30,7,6.88,26.1
2020-07-10,3,2,1,6,4853,60,14,6.87,26.1
2020-07-10,3,3,4,1,4065,62,40,6.94,30.2
2020-07-10,3,3,2,2,4419,13,29,6.88,30.2
2020-07-10,3,3,5,3,4304,36,41,6.97,30.2
2020-07-10,3,3,3,4,3254,2,46,6.99,30.2
2020-07-10,3,3,1,5,4878,44,61,6.87,30.2
2020-07-10,3,3,6,6,4400,8,10,6.89,30.2
2020-07-10,3,5,5,1,4045,31,59,6.78,348.9
2020-07-10,3,5,4,2,4275,11,51,6.91,348.9
2020-07-10,3,5,1,3,4098,58,12,6.83,348.9
2020-07-10,3,5,6,4,4414,34,25,6.88,348.9
2020-07-10,3,5,2,5,5057,12,54,6.8,348.9
2020-07-10,3,5,3,6,4590,14,55,6.88,348.9
2020-07-10,3,6,1,1,4642,52,52,6.89,79.3
2020-07-10,3,6,2,2,4853,60,14,6.95,79.3
2020-07-10,3,6,3,3,4885,50,24,6.9,79.3
2020-07-10,3,6,5,4,4300,35,57,6.94,79.3
2020-07-10,3,6,4,5,4901,19,20,6.9,79.3
2020-07-10,3,6,6,6,4882,26,6,6.89,79.3
2020-07-10,3,8,1,1,4017,20,3,6.93,23.7
2020-07-10,3,8,3,2,4870,21,9,6.94,23.7
2020-07-10,3,8,4,3,4964,29,26,6.91,23.7
2020-07-10,3,8,2,4,4447,5,17,6.96,23.7
2020-07-10,3,8,6,5,5019,9,22,6.88,23.7
2020-07-10,3,8,5,6,4408,4,32,6.93,23.7
2020-07-10,3,9,2,1,4478,6,37,6.84,25.2
2020-07-10,3,9,4,2,4590,14,55,6.86,25.2
2020-07-10,3,9,5,3,4183,27,30,6.85,25.2
2020-07-10,3,9,3,4,3894,51,33,6.88,25.2
2020-07-10,3,9,1,5,5045,17,34,6.84,25.2
2020-07-10,3,9,6,6,3802,48,38,6.87,25.2
2020-07-10,3,10,1,1,4825,22,65,6.78,8.0
2020-07-10,3,10,3,2,4065,62,40,6.81,8.0
2020-07-10,3,10,6,3,4885,50,24,6.8,8.0
2020-07-10,3,10,2,4,4773,33,8,6.74,8.0
2020-07-10,3,10,5,4,4924,59,66,6.84,8.0
2020-07-10,3,10,4,6,4170,30,7,6.88,8.0
2020-07-10,3,11,1,1,4433,37,49,6.81,7.0
2020-07-10,3,11,3,2,4045,31,59,6.76,7.0
2020-07-10,3,11,4,3,4050,38,28,6.76,7.0
2020-07-10,3,11,2,4,4400,8,10,6.85,7.0
2020-07-10,3,11,5,5,4963,54,63,6.87,7.0
2020-07-10,3,11,6,6,4901,19,20,6.85,7.0
2020-07-10,3,12,1,1,4447,5,17,6.88,10.5
2020-07-10,3,12,2,2,4642,52,52,6.84,10.5
2020-07-10,3,12,4,3,3177,61,27,6.74,10.5
2020-07-10,3,12,5,4,4419,13,29,6.85,10.5
2020-07-10,3,12,6,5,4961,43,50,6.85,10.5
2020-07-10,3,12,3,6,3334,63,5,6.92,10.5
2020-07-11,4,1,1,1,4927,57,2,6.88,5.1
2020-07-11,4,1,2,2,4870,21,9,6.84,5.1
2020-07-11,4,1,3,3,4746,23,23,6.81,5.1
2020-07-11,4,1,5,4,3802,48,38,6.83,5.1
2020-07-11,4,1,4,5,4882,26,6,6.82,5.1
2020-07-11,4,1,6,6,4170,30,7,6.88,5.1
2020-07-11,4,2,3,1,4408,4,32,6.88,499.4
2020-07-11,4,2,6,2,5045,17,34,6.93,499.4
2020-07-11,4,2,1,3,4997,55,36,6.86,499.4
2020-07-11,4,2,2,4,3254,2,46,6.96,499.4
2020-07-11,4,2,4,5,4400,8,10,6.89,499.4
2020-07-11,4,2,5,6,4098,58,12,6.96,499.4
2020-07-11,4,3,1,1,5057,12,54,6.89,49.3
2020-07-11,4,3,5,2,4478,6,37,6.87,49.3
2020-07-11,4,3,4,3,4773,33,8,6.89,49.3
2020-07-11,4,3,6,4,4275,11,51,6.89,49.3
2020-07-11,4,3,3,5,4901,19,20,6.92,49.3
2020-07-11,4,3,2,6,4878,44,61,6.84,49.3
2020-07-11,4,4,1,1,3894,51,33,6.9,20.4
2020-07-11,4,4,4,2,4823,28,16,6.88,20.4
2020-07-11,4,4,3,3,4590,14,55,6.83,20.4
2020-07-11,4,4,6,4,4897,39,47,6.82,20.4
2020-07-11,4,4,5,5,4050,38,28,6.84,20.4
2020-07-11,4,4,2,6,4414,34,25,6.87,20.4
2020-07-11,4,5,1,1,4882,26,6,6.87,155.8
2020-07-11,4,5,6,2,4433,37,49,6.79,155.8
2020-07-11,4,5,3,3,4419,13,29,6.93,155.8
2020-07-11,4,5,2,4,5019,9,22,6.85,155.8
2020-07-11,4,5,5,5,4964,29,26,6.81,155.8
2020-07-11,4,5,4,6,4961,43,50,6.91,155.8
2020-07-11,4,6,4,1,4017,20,3,6.95,54.6
2020-07-11,4,6,1,2,4304,36,41,7.01,54.6
2020-07-11,4,6,2,3,3177,61,27,6.84,54.6
2020-07-11,4,6,6,4,4924,59,66,6.91,54.6
2020-07-11,4,6,3,5,4183,27,30,6.91,54.6
2020-07-11,4,6,5,6,4853,60,14,6.91,54.6
2020-07-11,4,8,4,1,4045,31,59,6.73,13.7
2020-07-11,4,8,1,2,3334,63,5,6.83,13.7
2020-07-11,4,8,2,3,4065,62,40,6.88,13.7
2020-07-11,4,8,6,4,4878,44,61,6.81,13.7
2020-07-11,4,8,5,5,4414,34,25,6.85,13.7
2020-07-11,4,8,3,6,4300,35,57,6.83,13.7
2020-07-11,4,9,1,1,4823,28,16,6.85,6.1
2020-07-11,4,9,2,2,4478,6,37,6.87,6.1
2020-07-11,4,9,3,3,4433,37,49,6.83,6.1
2020-07-11,4,9,4,4,4098,58,12,6.81,6.1
2020-07-11,4,9,5,5,4870,21,9,6.76,6.1
2020-07-11,4,9,6,6,4447,5,17,6.8,6.1
2020-07-11,4,10,1,1,4590,14,55,6.9,8.5
2020-07-11,4,10,2,2,4961,43,50,6.88,8.5
2020-07-11,4,10,5,3,4746,23,23,6.89,8.5
2020-07-11,4,10,3,4,4275,11,51,6.79,8.5
2020-07-11,4,10,6,5,4183,27,30,6.89,8.5
2020-07-11,4,10,4,6,3254,2,46,6.92,8.5
2020-07-11,4,11,1,1,4050,38,28,6.77,21.3
2020-07-11,4,11,4,2,4825,22,65,6.84,21.3
2020-07-11,4,11,6,3,4901,19,20,6.84,21.3
2020-07-11,4,11,5,4,5045,17,34,6.86,21.3
2020-07-11,4,11,2,5,4017,20,3,6.89,21.3
2020-07-11,4,11,3,6,4927,57,2,6.88,21.3
2020-07-11,4,12,2,1,4964,29,26,6.86,363.5
2020-07-11,4,12,4,2,3334,63,5,6.88,363.5
2020-07-11,4,12,1,3,4885,50,24,6.84,363.5
2020-07-11,4,12,5,4,5057,12,54,6.87,363.5
2020-07-11,4,12,6,5,4400,8,10,6.91,363.5
2020-07-11,4,12,3,6,4304,36,41,6.93,363.5
2020-07-12,5,1,1,1,4400,8,10,6.81,9.9
2020-07-12,5,1,3,2,4746,23,23,6.81,9.9
2020-07-12,5,1,2,3,4897,39,47,6.77,9.9
2020-07-12,5,1,6,4,4878,44,61,6.82,9.9
2020-07-12,5,1,5,5,4408,4,32,6.85,9.9
2020-07-12,5,1,4,6,4300,35,57,6.89,9.9
2020-07-12,5,2,1,1,3254,2,46,6.83,122.3
2020-07-12,5,2,2,2,5045,17,34,6.79,122.3
2020-07-12,5,2,6,3,5019,9,22,6.82,122.3
2020-07-12,5,2,4,4,4773,33,8,6.74,122.3
2020-07-12,5,2,5,5,4098,58,12,6.78,122.3
2020-07-12,5,2,3,6,4275,11,51,6.8,122.3
2020-07-12,5,3,1,1,4414,34,25,6.78,29.8
2020-07-12,5,3,2,2,4927,57,2,6.89,29.8
2020-07-12,5,3,4,3,3334,63,5,6.91,29.8
2020-07-12,5,3,3,4,4017,20,3,6.93,29.8
2020-07-12,5,3,5,5,4823,28,16,6.91,29.8
2020-07-12,5,3,6,6,4304,36,41,6.86,29.8
2020-07-12,5,4,2,1,4447,5,17,6.82,39.6
2020-07-12,5,4,3,2,3894,51,33,6.8,39.6
2020-07-12,5,4,6,3,4433,37,49,6.79,39.6
2020-07-12,5,4,1,4,3177,61,27,6.67,39.6
2020-07-12,5,4,5,5,4963,54,63,6.87,39.6
2020-07-12,5,4,4,6,4961,43,50,6.74,39.6
2020-07-12,5,5,2,1,5057,12,54,6.82,978.5
2020-07-12,5,5,5,2,4882,26,6,6.76,978.5
2020-07-12,5,5,1,3,4478,6,37,6.88,978.5
2020-07-12,5,5,3,4,4891,64,13,6.79,978.5
2020-07-12,5,5,6,5,4642,52,52,6.82,978.5
2020-07-12,5,5,4,6,4590,14,55,6.82,978.5
2020-07-12,5,6,1,1,4964,29,26,6.83,10.2
2020-07-12,5,6,3,2,4183,27,30,6.82,10.2
2020-07-12,5,6,4,3,4045,31,59,6.76,10.2
2020-07-12,5,6,2,4,4419,13,29,6.81,10.2
2020-07-12,5,6,6,5,4924,59,66,6.79,10.2
2020-07-12,5,6,5,6,3802,48,38,6.85,10.2
2020-07-12,5,7,1,1,4065,62,40,6.82,15.2
2020-07-12,5,7,3,2,3334,63,5,6.82,15.2
2020-07-12,5,7,6,3,4825,22,65,6.76,15.2
2020-07-12,5,7,5,4,4050,38,28,6.77,15.2
2020-07-12,5,7,4,5,4870,21,9,6.87,15.2
2020-07-12,5,7,2,6,4997,55,36,6.84,15.2
2020-07-12,5,8,1,1,4901,19,20,6.74,25.8
2020-07-12,5,8,3,2,4853,60,14,6.74,25.8
2020-07-12,5,8,4,3,4885,50,24,6.72,25.8
2020-07-12,5,8,6,4,4746,23,23,6.82,25.8
2020-07-12,5,8,5,5,3894,51,33,6.8,25.8
2020-07-12,5,8,2,6,4304,36,41,6.81,25.8
2020-07-12,5,9,1,1,4433,37,49,6.82,28.9
2020-07-12,5,9,5,2,4447,5,17,6.76,28.9
2020-07-12,5,9,2,3,4823,28,16,6.83,28.9
2020-07-12,5,9,6,4,4478,6,37,6.8,28.9
2020-07-12,5,9,4,5,4017,20,3,6.82,28.9
2020-07-12,5,9,3,6,4590,14,43,6.74,28.9
2020-07-12,5,10,1,1,4045,31,59,6.71,46.7
2020-07-12,5,10,5,2,4419,13,29,6.86,46.7
2020-07-12,5,10,3,3,4065,62,40,6.84,46.7
2020-07-12,5,10,2,4,4963,54,63,6.85,46.7
2020-07-12,5,10,6,5,4414,34,25,6.8,46.7
2020-07-12,5,10,4,6,4891,64,13,6.82,46.7
2020-07-12,5,11,1,1,4885,50,24,6.8,4.2
2020-07-12,5,11,2,2,4050,38,28,6.85,4.2
2020-07-12,5,11,4,3,4964,29,26,6.8,4.2
2020-07-12,5,11,5,4,4927,57,2,6.95,4.2
2020-07-12,5,11,6,5,3177,61,27,6.86,4.2
2020-07-12,5,11,3,6,5057,12,54,6.78,4.2
2020-07-12,5,12,1,1,4183,27,30,6.84,6.7
2020-07-12,5,12,2,2,4961,43,50,6.87,6.7
2020-07-12,5,12,4,3,4901,19,20,6.86,6.7
2020-07-12,5,12,3,4,4870,21,9,6.87,6.7
2020-07-12,5,12,6,5,4300,35,57,6.97,6.7
2020-07-12,5,12,5,6,4773,33,8,6.86,6.7
2020-07-13,6,1,1,1,4300,35,57,6.88,17.4
2020-07-13,6,1,3,2,4897,39,47,6.91,17.4
2020-07-13,6,1,5,3,4853,60,14,6.95,17.4
2020-07-13,6,1,4,4,4275,11,51,6.91,17.4
2020-07-13,6,1,6,5,5045,17,34,6.8,17.4
2020-07-13,6,1,2,6,4882,26,6,6.77,17.4
2020-07-13,6,2,1,1,4878,44,61,6.79,25.1
2020-07-13,6,2,3,2,3802,48,38,6.91,25.1
2020-07-13,6,2,5,3,4870,21,9,6.84,25.1
2020-07-13,6,2,4,4,4098,58,12,6.81,25.1
2020-07-13,6,2,2,5,5019,9,22,6.83,25.1
2020-07-13,6,2,6,6,4997,55,36,6.89,25.1
2020-07-13,6,3,6,1,4183,27,30,6.79,63.4
2020-07-13,6,3,5,2,3334,63,5,6.91,63.4
2020-07-13,6,3,2,3,5057,12,54,6.82,63.4
2020-07-13,6,3,3,4,3254,2,46,6.94,63.4
2020-07-13,6,3,4,5,4408,4,32,6.82,63.4
2020-07-13,6,3,1,6,4746,23,23,6.82,63.4
2020-07-13,6,4,2,1,4414,34,25,6.84,235.6
2020-07-13,6,4,6,2,4642,52,52,6.87,235.6
2020-07-13,6,4,1,3,4891,64,13,6.81,235.6
2020-07-13,6,4,3,4,4773,33,8,6.89,235.6
2020-07-13,6,4,5,5,4961,43,50,6.85,235.6
2020-07-13,6,4,4,6,4400,8,10,6.83,235.6
2020-07-13,6,5,1,1,4478,6,37,6.77,38.2
2020-07-13,6,5,2,2,5045,17,34,6.84,38.2
2020-07-13,6,5,6,3,4065,62,40,6.87,38.2
2020-07-13,6,5,4,4,4963,54,63,6.84,38.2
2020-07-13,6,5,3,5,3894,51,33,6.85,38.2
2020-07-13,6,5,5,6,4304,36,41,6.96,38.2
2020-07-13,6,6,4,1,4901,19,20,6.86,194.5
2020-07-13,6,6,2,2,4098,58,12,6.79,194.5
2020-07-13,6,6,6,3,4897,39,47,6.83,194.5
2020-07-13,6,6,3,4,3177,61,27,6.79,194.5
2020-07-13,6,6,1,5,4017,20,3,6.86,194.5
2020-07-13,6,6,5,6,4927,57,2,6.9,194.5
2020-07-13,6,7,1,1,4964,29,26,6.81,32.1
2020-07-13,6,7,2,2,4408,4,32,6.89,32.1
2020-07-13,6,7,6,3,4825,22,65,6.86,32.1
2020-07-13,6,7,4,4,4853,60,14,6.86,32.1
2020-07-13,6,7,5,5,4823,28,16,6.92,32.1
2020-07-13,6,7,3,6,5019,9,22,6.78,32.1
2020-07-13,6,8,1,1,4590,14,43,6.84,6.5
2020-07-13,6,8,4,2,4961,43,50,6.83,6.5
2020-07-13,6,8,2,3,3334,63,5,6.9,6.5
2020-07-13,6,8,6,4,4924,59,66,6.82,6.5
2020-07-13,6,8,5,5,4882,26,6,6.77,6.5
2020-07-13,6,8,3,6,4997,55,36,6.81,6.5
2020-07-13,6,9,2,1,3802,48,38,6.9,682.3
2020-07-13,6,9,3,2,4901,19,20,6.85,682.3
2020-07-13,6,9,6,3,3254,2,46,6.86,682.3
2020-07-13,6,9,1,4,4304,36,41,6.93,682.3
2020-07-13,6,9,5,5,4878,44,61,6.82,682.3
2020-07-13,6,9,4,6,4183,27,30,6.89,682.3
2020-07-13,6,10,3,1,4478,6,37,6.76,54.7
2020-07-13,6,10,4,2,4017,20,3,6.92,54.7
2020-07-13,6,10,1,3,4065,62,40,6.86,54.7
2020-07-13,6,10,5,4,5057,12,54,6.84,54.7
2020-07-13,6,10,2,5,4927,57,2,6.85,54.7
2020-07-13,6,10,6,6,4891,64,13,6.73,54.7
2020-07-13,6,11,1,1,4823,28,16,6.91,14.1
2020-07-13,6,11,2,2,4964,29,26,6.85,14.1
2020-07-13,6,11,5,3,4414,34,25,6.93,14.1
2020-07-13,6,11,4,4,3177,61,27,6.82,14.1
2020-07-13,6,11,3,5,4963,54,63,6.89,14.1
2020-07-13,6,11,6,6,4590,14,43,6.85,14.1
2020-07-13,6,12,1,1,4045,31,59,6.77,6.8
2020-07-13,6,12,2,2,4885,50,24,6.83,6.8
2020-07-13,6,12,3,3,4433,37,49,6.89,6.8
2020-07-13,6,12,4,4,4050,38,28,6.79,6.8
2020-07-13,6,12,5,5,4419,13,29,6.82,6.8
2020-07-13,6,12,6,6,4447,5,17,6.85,6.8
2020-07-18,1,2,2,1,5043,45,5,6.74,23.9
2020-07-18,1,2,1,2,2958,51,9,6.85,23.9
2020-07-18,1,2,3,3,4167,1,13,6.78,23.9
2020-07-18,1,2,6,4,4668,19,34,6.89,23.9
2020-07-18,1,2,4,5,4200,4,14,6.86,23.9
2020-07-18,1,2,5,6,3411,18,12,6.88,23.9
2020-07-18,1,3,6,1,3876,65,11,6.76,28.0
2020-07-18,1,3,1,2,3742,17,27,6.83,28.0
2020-07-18,1,3,5,3,4553,7,3,6.84,28.0
2020-07-18,1,3,3,4,4105,48,45,6.87,28.0
2020-07-18,1,3,2,5,4662,2,23,6.87,28.0
2020-07-18,1,3,4,6,4846,66,7,6.82,28.0
2020-07-18,1,5,3,1,4402,60,10,6.86,74.6
2020-07-18,1,5,2,2,4172,59,30,6.87,74.6
2020-07-18,1,5,1,3,4570,46,33,6.9,74.6
2020-07-18,1,5,4,4,3224,49,17,6.86,74.6
2020-07-18,1,5,5,5,4260,35,28,6.93,74.6
2020-07-18,1,5,6,6,5101,14,46,6.88,74.6
2020-07-18,1,6,3,1,4287,56,6,6.86,20.7
2020-07-18,1,6,1,2,4112,22,2,6.85,20.7
2020-07-18,1,6,4,3,3837,16,35,6.88,20.7
2020-07-18,1,6,2,4,3661,47,21,6.81,20.7
2020-07-18,1,6,5,5,4668,19,34,6.88,20.7
2020-07-18,1,6,6,6,3731,32,36,6.95,20.7
2020-07-18,1,7,2,1,4074,53,38,6.87,6.1
2020-07-18,1,7,1,2,4325,36,25,6.87,6.1
2020-07-18,1,7,3,3,4256,62,20,6.87,6.1
2020-07-18,1,7,5,4,4657,30,24,6.92,6.1
2020-07-18,1,7,6,5,3411,18,12,6.89,6.1
2020-07-18,1,7,4,6,4662,2,23,6.91,6.1
2020-07-18,1,8,1,1,3841,57,44,6.74,31.8
2020-07-18,1,8,5,2,4200,4,14,6.86,31.8
2020-07-18,1,8,2,3,4151,41,16,6.84,31.8
2020-07-18,1,8,3,4,3879,55,26,6.81,31.8
2020-07-18,1,8,4,5,4195,54,32,6.88,31.8
2020-07-18,1,8,6,6,5136,25,40,6.84,31.8
2020-07-18,1,9,1,1,4022,20,1,6.78,11.2
2020-07-18,1,9,2,2,4193,3,43,6.84,11.2
2020-07-18,1,9,5,3,5043,45,5,6.89,11.2
2020-07-18,1,9,3,4,3593,34,15,6.85,11.2
2020-07-18,1,9,6,5,4846,66,7,6.8,11.2
2020-07-18,1,9,4,6,4119,40,22,6.82,11.2
2020-07-18,1,10,5,1,4167,1,13,6.89,711.5
2020-07-18,1,10,1,2,4713,24,39,6.82,711.5
2020-07-18,1,10,6,3,4402,60,10,6.79,711.5
2020-07-18,1,10,2,4,4287,56,6,6.84,711.5
2020-07-18,1,10,4,5,4515,10,18,6.8,711.5
2020-07-18,1,10,3,6,4553,7,3,6.87,711.5
2020-07-18,1,11,1,1,4256,62,20,6.88,20.8
2020-07-18,1,11,2,2,4105,48,45,6.91,20.8
2020-07-18,1,11,5,3,4112,22,2,6.93,20.8
2020-07-18,1,11,3,4,4260,35,28,6.91,20.8
2020-07-18,1,11,4,5,3853,15,41,6.9,20.8
2020-07-18,1,11,6,6,3967,63,4,6.92,20.8
2020-07-18,1,12,1,1,4074,53,38,6.9,25.2
2020-07-18,1,12,5,2,4172,59,30,6.84,25.2
2020-07-18,1,12,2,3,3876,65,11,6.79,25.2
2020-07-18,1,12,3,4,3841,57,44,6.82,25.2
2020-07-18,1,12,4,5,4352,28,8,6.84,25.2
2020-07-18,1,12,6,6,3837,16,35,6.86,25.2
2020-07-19,2,1,2,1,4570,46,33,6.82,31.7
2020-07-19,2,1,1,2,3731,32,36,6.86,31.7
2020-07-19,2,1,3,3,3661,47,21,6.79,31.7
2020-07-19,2,1,6,4,4553,7,3,6.87,31.7
2020-07-19,2,1,4,5,4105,48,45,6.87,31.7
2020-07-19,2,1,5,6,5101,14,46,6.86,31.7
2020-07-19,2,2,4,1,4917,43,31,6.85,91.6
2020-07-19,2,2,1,2,3879,55,26,6.83,91.6
2020-07-19,2,2,3,3,2958,51,9,6.9,91.6
2020-07-19,2,2,5,4,3742,17,27,6.86,91.6
2020-07-19,2,2,2,5,3626,13,29,6.84,91.6
2020-07-19,2,2,6,6,5136,25,40,6.89,91.6
2020-07-19,2,3,1,1,3224,49,17,6.87,21.8
2020-07-19,2,3,3,2,4195,54,32,6.89,21.8
2020-07-19,2,3,4,3,4167,1,13,6.87,21.8
2020-07-19,2,3,5,4,4713,24,39,6.85,21.8
2020-07-19,2,3,2,5,4846,66,7,6.81,21.8
2020-07-19,2,3,6,6,4119,40,22,6.81,21.8
2020-07-19,2,4,1,1,4668,19,34,6.84,16.8
2020-07-19,2,4,5,2,4256,62,20,6.87,16.8
2020-07-19,2,4,3,3,4515,10,18,6.82,16.8
2020-07-19,2,4,4,4,3967,63,4,6.94,16.8
2020-07-19,2,4,6,5,4325,36,25,6.89,16.8
2020-07-19,2,4,2,6,3819,11,37,6.83,16.8
2020-07-19,2,6,1,1,4402,60,10,6.78,3.9
2020-07-19,2,6,3,2,4352,28,8,6.86,3.9
2020-07-19,2,6,4,3,4193,3,43,6.91,3.9
2020-07-19,2,6,5,4,4662,2,23,6.88,3.9
2020-07-19,2,6,2,5,3879,55,26,6.88,3.9
2020-07-19,2,6,6,6,3710,33,19,6.91,3.9
2020-07-19,2,7,4,1,4074,53,38,6.78,45.5
2020-07-19,2,7,5,2,3731,32,36,6.87,45.5
2020-07-19,2,7,1,3,3853,15,41,6.81,45.5
2020-07-19,2,7,2,4,3841,57,44,6.86,45.5
2020-07-19,2,7,3,5,3224,49,17,6.84,45.5
2020-07-19,2,7,6,6,3742,17,27,6.86,45.5
2020-07-19,2,8,4,1,4112,22,2,6.78,25.8
2020-07-19,2,8,1,2,4287,56,6,6.85,25.8
2020-07-19,2,8,5,3,3819,11,37,6.89,25.8
2020-07-19,2,8,3,4,3411,18,12,6.88,25.8
2020-07-19,2,8,2,5,4260,35,28,6.86,25.8
2020-07-19,2,8,6,6,5101,14,46,6.81,25.8
2020-07-19,2,10,1,1,3837,16,35,6.84,16.0
2020-07-19,2,10,2,2,4256,62,20,6.86,16.0
2020-07-19,2,10,6,3,3661,47,21,6.82,16.0
2020-07-19,2,10,5,4,4402,60,10,6.79,16.0
2020-07-19,2,10,4,5,2958,51,9,6.9,16.0
2020-07-19,2,10,3,6,4119,40,22,6.81,16.0
2020-07-19,2,11,1,1,4193,3,43,6.86,17.0
2020-07-19,2,11,4,2,3841,57,44,6.79,17.0
2020-07-19,2,11,5,3,4515,10,18,6.95,17.0
2020-07-19,2,11,2,4,4553,7,3,6.81,17.0
2020-07-19,2,11,3,5,4917,43,31,6.83,17.0
2020-07-19,2,11,6,6,4195,54,32,6.88,17.0
2020-07-19,2,12,1,1,4352,28,8,6.88,7.7
2020-07-19,2,12,2,2,4713,24,39,6.88,7.7
2020-07-19,2,12,5,3,4287,56,6,6.92,7.7
2020-07-19,2,12,3,4,4151,41,16,6.86,7.7
2020-07-19,2,12,6,5,4570,46,33,6.87,7.7
2020-07-19,2,12,4,6,4325,36,25,6.83,7.7
2020-07-20,3,1,1,1,3967,63,4,6.83,20.4
2020-07-20,3,1,3,2,4200,4,14,6.69,20.4
2020-07-20,3,1,4,3,3879,55,26,6.88,20.4
2020-07-20,3,1,5,4,3853,15,41,6.84,20.4
2020-07-20,3,1,6,5,3819,11,37,6.82,20.4
2020-07-20,3,1,2,6,3742,17,27,6.86,20.4
2020-07-20,3,2,1,1,4846,66,7,6.83,22.8
2020-07-20,3,2,4,2,4668,19,34,6.8,22.8
2020-07-20,3,2,5,3,3224,49,17,6.87,22.8
2020-07-20,3,2,3,4,5043,45,5,6.78,22.8
2020-07-20,3,2,2,5,3411,18,12,6.93,22.8
2020-07-20,3,2,6,6,5101,14,46,6.86,22.8
2020-07-20,3,3,1,1,4662,2,23,6.88,27.4
2020-07-20,3,3,4,2,3841,57,44,6.85,27.4
2020-07-20,3,3,3,3,4022,20,1,6.82,27.4
2020-07-20,3,3,2,4,4119,40,22,6.77,27.4
2020-07-20,3,3,5,5,2958,51,9,6.91,27.4
2020-07-20,3,3,6,6,5136,25,40,6.96,27.4
2020-07-20,3,4,2,1,4112,22,2,6.76,46.2
2020-07-20,3,4,5,2,4193,3,43,6.97,46.2
2020-07-20,3,4,4,3,4657,30,24,6.89,46.2
2020-07-20,3,4,1,4,3661,47,21,6.82,46.2
2020-07-20,3,4,6,5,3710,33,19,6.95,46.2
2020-07-20,3,4,3,6,4325,36,25,6.92,46.2
2020-07-20,3,5,1,1,4167,1,13,6.81,23.9
2020-07-20,3,5,5,2,4074,53,38,6.86,23.9
2020-07-20,3,5,6,3,4172,59,30,6.8,23.9
2020-07-20,3,5,2,4,4402,60,10,6.89,23.9
2020-07-20,3,5,4,5,3731,32,36,6.8,23.9
2020-07-20,3,5,3,6,3819,11,37,6.87,23.9
2020-07-20,3,6,1,1,4151,41,16,6.82,35.5
2020-07-20,3,6,4,2,4713,24,39,6.92,35.5
2020-07-20,3,6,6,3,3593,34,15,6.85,35.5
2020-07-20,3,6,2,4,4668,19,34,6.83,35.5
2020-07-20,3,6,5,5,3967,63,4,6.95,35.5
2020-07-20,3,6,3,6,4260,35,28,6.89,35.5
2020-07-20,3,7,1,1,4195,54,32,6.87,15.8
2020-07-20,3,7,4,2,4287,56,6,6.81,15.8
2020-07-20,3,7,5,3,4570,46,33,6.83,15.8
2020-07-20,3,7,3,4,3837,16,35,6.85,15.8
2020-07-20,3,7,6,5,3626,13,29,6.8,15.8
2020-07-20,3,7,2,6,2958,51,9,6.88,15.8
2020-07-20,3,8,4,1,3876,65,11,6.86,22.8
2020-07-20,3,8,2,2,4352,28,8,6.87,22.8
2020-07-20,3,8,1,3,4515,10,18,6.85,22.8
2020-07-20,3,8,6,4,4657,30,24,6.86,22.8
2020-07-20,3,8,3,5,4662,2,23,6.9,22.8
2020-07-20,3,8,5,6,4846,66,7,6.91,22.8
2020-07-20,3,9,3,1,4193,3,43,6.84,18.2
2020-07-20,3,9,1,2,4553,7,3,6.88,18.2
2020-07-20,3,9,4,3,4256,62,20,6.86,18.2
2020-07-20,3,9,2,4,4167,1,13,6.9,18.2
2020-07-20,3,9,6,5,3879,55,26,6.88,18.2
2020-07-20,3,9,5,6,4119,40,22,6.92,18.2
2020-07-20,3,10,1,1,3841,57,44,6.79,22.3
2020-07-20,3,10,4,2,4151,41,16,6.82,22.3
2020-07-20,3,10,6,3,5043,45,5,6.8,22.3
2020-07-20,3,10,2,4,4917,43,31,6.82,22.3
2020-07-20,3,10,5,5,4105,48,45,6.9,22.3
2020-07-20,3,10,3,6,3853,15,41,6.81,22.3
2020-07-20,3,11,1,1,4260,35,28,6.91,29.4
2020-07-20,3,11,6,2,4022,20,1,6.77,29.4
2020-07-20,3,11,3,3,4074,53,38,6.95,29.4
2020-07-20,3,11,2,4,4325,36,25,6.95,29.4
2020-07-20,3,11,5,5,4195,54,32,6.92,29.4
2020-07-20,3,11,4,6,3411,18,12,6.88,29.4
2020-07-20,3,12,1,1,3876,65,11,6.84,6.9
2020-07-20,3,12,3,2,4713,24,39,6.89,6.9
2020-07-20,3,12,5,3,3837,16,35,6.94,6.9
2020-07-20,3,12,4,4,4402,60,10,6.9,6.9
2020-07-20,3,12,6,5,4112,22,2,6.85,6.9
2020-07-20,3,12,2,6,4200,4,14,6.83,6.9
2020-07-21,4,1,1,1,5043,45,5,6.84,23.3
2020-07-21,4,1,2,2,3731,32,36,6.92,23.3
2020-07-21,4,1,4,3,4195,54,32,6.87,23.3
2020-07-21,4,1,3,4,4515,10,18,6.86,23.3
2020-07-21,4,1,5,5,4151,41,16,6.86,23.3
2020-07-21,4,1,6,6,5136,25,40,6.88,23.3
2020-07-21,4,2,1,1,3819,11,37,6.84,10.6
2020-07-21,4,2,2,2,3224,49,17,6.84,10.6
2020-07-21,4,2,3,3,3742,17,27,6.91,10.6
2020-07-21,4,2,6,4,4662,2,23,6.85,10.6
2020-07-21,4,2,5,5,5101,14,46,6.89,10.6
2020-07-21,4,2,4,6,3661,47,21,6.86,10.6
2020-07-21,4,3,3,1,3876,65,11,6.86,27.7
2020-07-21,4,3,4,2,4570,46,33,6.88,27.7
2020-07-21,4,3,1,3,3411,18,12,6.87,27.7
2020-07-21,4,3,5,4,4325,36,25,6.93,27.7
2020-07-21,4,3,6,5,3710,33,19,6.87,27.7
2020-07-21,4,3,2,6,4553,7,3,6.86,27.7
2020-07-21,4,4,2,1,4022,20,1,6.82,11.3
2020-07-21,4,4,4,2,4193,3,43,6.82,11.3
2020-07-21,4,4,5,3,4917,43,31,6.91,11.3
2020-07-21,4,4,1,4,4119,40,22,6.8,11.3
2020-07-21,4,4,3,5,4846,66,7,6.82,11.3
2020-07-21,4,4,6,6,3626,13,29,6.86,11.3
2020-07-21,4,5,3,1,4668,19,34,6.87,76.8
2020-07-21,4,5,1,2,4260,35,28,6.86,76.8
2020-07-21,4,5,4,3,4112,22,2,6.87,76.8
2020-07-21,4,5,2,4,3853,15,41,6.91,76.8
2020-07-21,4,5,5,5,3879,55,26,6.98,76.8
2020-07-21,4,5,6,6,2958,51,9,6.95,76.8
2020-07-21,4,6,1,1,4256,62,20,6.88,28.1
2020-07-21,4,6,2,2,4657,30,24,6.87,28.1
2020-07-21,4,6,6,3,4200,4,14,6.86,28.1
2020-07-21,4,6,3,4,4352,28,8,6.86,28.1
2020-07-21,4,6,4,5,4105,48,45,6.94,28.1
2020-07-21,4,6,5,6,5136,25,40,6.93,28.1
2020-07-21,4,7,1,1,4287,56,6,6.9,15.7
2020-07-21,4,7,3,2,3731,32,36,6.94,15.7
2020-07-21,4,7,6,3,4172,59,30,6.86,15.7
2020-07-21,4,7,4,4,3742,17,27,6.93,15.7
2020-07-21,4,7,2,5,4713,24,39,6.89,15.7
2020-07-21,4,7,5,6,3710,33,19,6.9,15.7
2020-07-21,4,8,2,1,4402,60,10,6.88,46.8
2020-07-21,4,8,1,2,4193,3,43,6.9,46.8
2020-07-21,4,8,4,3,4074,53,38,6.93,46.8
2020-07-21,4,8,3,4,4570,46,33,6.91,46.8
2020-07-21,4,8,5,5,3661,47,21,6.86,46.8
2020-07-21,4,8,6,6,3593,34,15,6.9,46.8
2020-07-21,4,9,1,1,3837,16,35,6.88,6.5
2020-07-21,4,9,2,2,4195,54,32,6.95,6.5
2020-07-21,4,9,5,3,3841,57,44,6.87,6.5
2020-07-21,4,9,3,4,3967,63,4,6.9,6.5
2020-07-21,4,9,4,5,4119,40,22,6.87,6.5
2020-07-21,4,9,6,6,5101,14,46,6.92,6.5
2020-07-21,4,10,1,1,3876,65,11,6.81,12.8
2020-07-21,4,10,2,2,4515,10,18,6.85,12.8
2020-07-21,4,10,3,3,4112,22,2,6.82,12.8
2020-07-21,4,10,4,4,4256,62,20,6.89,12.8
2020-07-21,4,10,5,5,4167,1,13,6.83,12.8
2020-07-21,4,10,6,6,4917,43,31,6.89,12.8
2020-07-21,4,11,1,1,4352,28,8,6.91,5.9
2020-07-21,4,11,3,2,4713,24,39,6.92,5.9
2020-07-21,4,11,5,3,4022,20,1,6.88,5.9
2020-07-21,4,11,2,4,4325,36,25,6.88,5.9
2020-07-21,4,11,4,5,3853,15,41,6.86,5.9
2020-07-21,4,11,6,6,3224,49,17,6.85,5.9
2020-07-21,4,12,3,1,4287,56,6,6.87,45.0
2020-07-21,4,12,1,2,4074,53,38,6.82,45.0
2020-07-21,4,12,5,3,4553,7,3,6.97,45.0
2020-07-21,4,12,4,4,4260,35,28,6.92,45.0
2020-07-21,4,12,6,5,4105,48,45,6.98,45.0
2020-07-21,4,12,2,6,4151,41,16,6.84,45.0
2020-07-22,5,1,2,1,4657,30,24,6.77,9.9
2020-07-22,5,1,1,2,4167,1,13,6.83,9.9
2020-07-22,5,1,4,3,4846,66,7,6.84,9.9
2020-07-22,5,1,3,4,4662,2,23,6.9,9.9
2020-07-22,5,1,6,5,3411,18,12,6.84,9.9
2020-07-22,5,1,5,6,5136,25,40,6.88,9.9
2020-07-22,5,2,4,1,3731,32,36,6.8,23.2
2020-07-22,5,2,1,2,3879,55,26,6.86,23.2
2020-07-22,5,2,2,3,3742,17,27,6.85,23.2
2020-07-22,5,2,5,4,4200,4,14,6.8,23.2
2020-07-22,5,2,3,5,2958,51,9,6.87,23.2
2020-07-22,5,2,6,6,5101,14,46,6.86,23.2
2020-07-22,5,3,1,1,4570,46,33,6.82,28.4
2020-07-22,5,3,2,2,3967,63,4,6.85,28.4
2020-07-22,5,3,5,3,4022,20,1,6.8,28.4
2020-07-22,5,3,3,4,4193,3,43,6.83,28.4
2020-07-22,5,3,6,5,4172,59,30,6.83,28.4
2020-07-22,5,3,4,6,4105,48,45,6.93,28.4
2020-07-22,5,4,1,1,3224,49,17,6.85,22.4
2020-07-22,5,4,3,2,4352,28,8,6.83,22.4
2020-07-22,5,4,2,3,4668,19,34,6.84,22.4
2020-07-22,5,4,6,4,4553,7,3,6.85,22.4
2020-07-22,5,4,5,5,3876,65,11,6.87,22.4
2020-07-22,5,4,4,6,4119,40,22,6.84,22.4
2020-07-22,5,5,5,1,4074,53,38,6.89,112.0
2020-07-22,5,5,1,2,4112,22,2,6.84,112.0
2020-07-22,5,5,3,3,3661,47,21,6.89,112.0
2020-07-22,5,5,4,4,4195,54,32,6.9,112.0
2020-07-22,5,5,2,5,4256,62,20,6.83,112.0
2020-07-22,5,5,6,6,3710,33,19,6.96,112.0
2020-07-22,5,6,4,1,4287,56,6,6.89,35.5
2020-07-22,5,6,3,2,3841,57,44,6.9,35.5
2020-07-22,5,6,1,3,4402,60,10,6.84,35.5
2020-07-22,5,6,6,4,3593,34,15,6.85,35.5
2020-07-22,5,6,5,5,3819,11,37,6.88,35.5
2020-07-22,5,6,2,6,5043,45,5,6.87,35.5
2020-07-22,5,7,1,1,4151,41,16,6.89,6.8
2020-07-22,5,7,2,2,3837,16,35,6.87,6.8
2020-07-22,5,7,3,3,3853,15,41,6.86,6.8
2020-07-22,5,7,4,4,4917,43,31,6.9,6.8
2020-07-22,5,7,5,5,4515,10,18,6.85,6.8
2020-07-22,5,7,6,6,3626,13,29,6.88,6.8
2020-07-22,5,8,1,1,4713,24,39,6.81,13.5
2020-07-22,5,8,3,2,3731,32,36,6.87,13.5
2020-07-22,5,8,5,3,3967,63,4,6.87,13.5
2020-07-22,5,8,2,4,4260,35,28,6.88,13.5
2020-07-22,5,8,4,5,4325,36,25,6.83,13.5
2020-07-22,5,8,6,6,5136,25,40,6.97,13.5
2020-07-22,5,9,3,1,4112,22,2,6.87,112.1
2020-07-22,5,9,4,2,4352,28,8,6.87,112.1
2020-07-22,5,9,1,3,4022,20,1,6.83,112.1
2020-07-22,5,9,5,4,4668,19,34,6.86,112.1
2020-07-22,5,9,6,5,4167,1,13,6.94,112.1
2020-07-22,5,9,2,6,4193,3,43,6.9,112.1
2020-07-22,5,10,1,1,4074,53,38,6.85,28.4
2020-07-22,5,10,4,2,4402,60,10,6.93,28.4
2020-07-22,5,10,2,3,3841,57,44,6.88,28.4
2020-07-22,5,10,5,4,4151,41,16,6.91,28.4
2020-07-22,5,10,6,5,4570,46,33,6.88,28.4
2020-07-22,5,10,3,6,4256,62,20,6.87,28.4
2020-07-22,5,11,1,1,3876,65,11,6.87,7.1
2020-07-22,5,11,3,2,3837,16,35,6.92,7.1
2020-07-22,5,11,2,3,4287,56,6,6.84,7.1
2020-07-22,5,11,6,4,3224,49,17,6.85,7.1
2020-07-22,5,11,5,5,4713,24,39,6.9,7.1
2020-07-22,5,11,4,6,5043,45,5,6.86,7.1
2020-07-22,5,12,1,1,4195,54,32,6.9,96.9
2020-07-22,5,12,6,2,3661,47,21,6.91,96.9
2020-07-22,5,12,4,3,4515,10,18,6.88,96.9
2020-07-22,5,12,3,4,4260,35,28,6.96,96.9
2020-07-22,5,12,2,5,4105,48,45,6.99,96.9
2020-07-22,5,12,5,6,4657,30,24,6.9,96.9
2020-07-23,6,1,1,1,4151,41,16,6.87,7.7
2020-07-23,6,1,3,2,3967,63,4,6.85,7.7
2020-07-23,6,1,2,3,4200,4,14,6.81,7.7
2020-07-23,6,1,4,4,4846,66,7,6.77,7.7
2020-07-23,6,1,5,5,4119,40,22,6.88,7.7
2020-07-23,6,1,6,6,2958,51,9,6.91,7.7
2020-07-23,6,2,1,1,3661,47,21,6.79,9.6
2020-07-23,6,2,2,2,4662,2,23,6.86,9.6
2020-07-23,6,2,3,3,3742,17,27,6.84,9.6
2020-07-23,6,2,4,4,3819,11,37,6.89,9.6
2020-07-23,6,2,5,5,5101,14,46,6.9,9.6
2020-07-23,6,2,6,6,5136,25,40,6.86,9.6
2020-07-23,6,3,2,1,4570,46,33,6.83,21.6
2020-07-23,6,3,3,2,4167,1,13,6.86,21.6
2020-07-23,6,3,1,3,5043,45,5,6.8,21.6
2020-07-23,6,3,5,4,4105,48,45,6.87,21.6
2020-07-23,6,3,6,5,4195,54,32,6.9,21.6
2020-07-23,6,3,4,6,4325,36,25,6.89,21.6
2020-07-23,6,4,1,1,4917,43,31,6.78,63.1
2020-07-23,6,4,2,2,4287,56,6,6.79,63.1
2020-07-23,6,4,6,3,3593,34,15,6.89,63.1
2020-07-23,6,4,5,4,4022,20,1,6.82,63.1
2020-07-23,6,4,3,5,3879,55,26,6.84,63.1
2020-07-23,6,4,4,6,4553,7,3,6.85,63.1
2020-07-23,6,5,1,1,4256,62,20,6.84,10.5
2020-07-23,6,5,3,2,4200,4,14,6.85,10.5
2020-07-23,6,5,2,3,3224,49,17,6.84,10.5
2020-07-23,6,5,5,4,4260,35,28,6.88,10.5
2020-07-23,6,5,4,5,3853,15,41,6.87,10.5
2020-07-23,6,5,6,6,3626,13,29,6.95,10.5
2020-07-23,6,6,1,1,4713,24,39,6.87,5.6
2020-07-23,6,6,3,2,4657,30,24,6.81,5.6
2020-07-23,6,6,4,3,4515,10,18,6.85,5.6
2020-07-23,6,6,6,4,3710,33,19,6.95,5.6
2020-07-23,6,6,2,5,4119,40,22,6.79,5.6
2020-07-23,6,6,5,6,4668,19,34,6.84,5.6
2020-07-23,6,7,1,1,4193,3,43,6.83,6.6
2020-07-23,6,7,3,2,4195,54,32,6.92,6.6
2020-07-23,6,7,4,3,3731,32,36,6.82,6.6
2020-07-23,6,7,6,4,4172,59,30,6.85,6.6
2020-07-23,6,7,2,5,3819,11,37,6.8,6.6
2020-07-23,6,7,5,6,4325,36,25,6.92,6.6
2020-07-23,6,8,3,1,4846,66,7,6.82,287.8
2020-07-23,6,8,4,2,4022,20,1,6.83,287.8
2020-07-23,6,8,1,3,4105,48,45,6.86,287.8
2020-07-23,6,8,2,4,3841,57,44,6.79,287.8
2020-07-23,6,8,6,5,5101,14,46,6.81,287.8
2020-07-23,6,8,5,6,4662,2,23,6.83,287.8
2020-07-23,6,9,1,1,4553,7,3,6.87,62.8
2020-07-23,6,9,3,2,3853,15,41,6.82,62.8
2020-07-23,6,9,6,3,3879,55,26,6.87,62.8
2020-07-23,6,9,2,4,4515,10,18,6.89,62.8
2020-07-23,6,9,5,5,3742,17,27,6.93,62.8
2020-07-23,6,9,4,6,4260,35,28,6.88,62.8
2020-07-23,6,10,1,1,4287,56,6,6.83,9.7
2020-07-23,6,10,3,2,3224,49,17,6.86,9.7
2020-07-23,6,10,5,3,4256,62,20,6.88,9.7
2020-07-23,6,10,4,4,4167,1,13,6.92,9.7
2020-07-23,6,10,2,5,4151,41,16,6.85,9.7
2020-07-23,6,10,6,6,4917,43,31,6.85,9.7
2020-07-23,6,11,1,1,3841,57,44,6.82,24.8
2020-07-23,6,11,2,2,4668,19,34,6.82,24.8
2020-07-23,6,11,4,3,4570,46,33,6.89,24.8
2020-07-23,6,11,3,4,4713,24,39,6.87,24.8
2020-07-23,6,11,5,5,4193,3,43,6.89,24.8
2020-07-23,6,11,6,6,5043,45,5,6.95,24.8
2020-07-23,6,12,1,1,3876,65,11,6.84,50.4
2020-07-23,6,12,5,2,4352,28,8,6.99,50.4
2020-07-23,6,12,4,3,3837,16,35,6.98,50.4
2020-07-23,6,12,6,4,4402,60,10,6.93,50.4
2020-07-23,6,12,3,5,4112,22,2,6.82,50.4
2020-07-23,6,12,2,6,4074,53,38,6.87,50.4
2020-08-01,1,1,1,1,3741,1,2,6.79,34.5
2020-08-01,1,1,3,2,3869,52,63,6.8,34.5
2020-08-01,1,1,2,3,4529,23,47,6.84,34.5
2020-08-01,1,1,4,4,3211,29,20,6.86,34.5
2020-08-01,1,1,6,5,4390,9,16,6.84,34.5
2020-08-01,1,1,5,6,3430,11,51,6.78,34.5
2020-08-01,1,2,1,1,3478,12,59,6.85,9.2
2020-08-01,1,2,2,2,3804,47,11,6.78,9.2
2020-08-01,1,2,5,3,4572,26,49,6.81,9.2
2020-08-01,1,2,6,4,3715,34,61,6.79,9.2
2020-08-01,1,2,3,5,4695,37,65,6.81,9.2
2020-08-01,1,2,4,6,4219,66,52,6.84,9.2
2020-08-01,1,3,3,1,4563,21,25,6.88,109.2
2020-08-01,1,3,5,2,4092,44,48,6.86,109.2
2020-08-01,1,3,4,3,3964,3,56,6.85,109.2
2020-08-01,1,3,6,4,3265,46,21,6.8,109.2
2020-08-01,1,3,1,5,4697,56,19,6.74,109.2
2020-08-01,1,3,2,6,3705,27,53,6.88,109.2
2020-08-01,1,5,1,1,4383,7,60,6.84,21.2
2020-08-01,1,5,3,2,3300,15,64,6.94,21.2
2020-08-01,1,5,6,3,4583,55,13,6.79,21.2
2020-08-01,1,5,2,4,4094,39,14,6.81,21.2
2020-08-01,1,5,5,5,4148,10,62,6.85,21.2
2020-08-01,1,5,4,6,3668,16,6,6.93,21.2
2020-08-01,1,6,3,1,4522,50,8,6.75,22.3
2020-08-01,1,6,1,2,3784,58,10,6.76,22.3
2020-08-01,1,6,5,3,4672,61,17,6.74,22.3
2020-08-01,1,6,4,4,4063,25,18,6.86,22.3
2020-08-01,1,6,6,5,3680,17,66,6.8,22.3
2020-08-01,1,6,2,6,2935,49,3,6.79,22.3
2020-08-01,1,7,1,1,4563,21,25,6.83,75.4
2020-08-01,1,7,2,2,3576,40,50,6.88,75.4
2020-08-01,1,7,5,3,4695,37,65,6.79,75.4
2020-08-01,1,7,4,4,4434,51,22,6.79,75.4
2020-08-01,1,7,6,5,4529,23,47,6.87,75.4
2020-08-01,1,7,3,6,4028,54,5,6.83,75.4
2020-08-01,1,8,1,1,3743,8,15,6.71,18.5
2020-08-01,1,8,4,2,3747,65,24,6.83,18.5
2020-08-01,1,8,3,3,3705,27,53,6.85,18.5
2020-08-01,1,8,5,4,3869,52,63,6.87,18.5
2020-08-01,1,8,2,5,4173,64,58,6.68,18.5
2020-08-01,1,8,6,6,5011,13,34,6.86,18.5
2020-08-01,1,9,1,1,4092,44,48,6.78,8.1
2020-08-01,1,9,3,2,4463,5,57,6.88,8.1
2020-08-01,1,9,6,3,4441,43,7,6.77,8.1
2020-08-01,1,9,5,4,3715,34,61,6.87,8.1
2020-08-01,1,9,2,5,4116,45,30,6.88,8.1
2020-08-01,1,9,4,6,3430,11,51,6.86,8.1
2020-08-01,1,10,1,1,3300,15,64,6.9,6.3
2020-08-01,1,10,3,2,3784,58,10,6.79,6.3
2020-08-01,1,10,2,3,4363,6,54,6.81,6.3
2020-08-01,1,10,5,4,4697,56,19,6.84,6.3
2020-08-01,1,10,6,5,4219,66,52,6.91,6.3
2020-08-01,1,10,4,6,4390,9,16,6.94,6.3
2020-08-01,1,11,3,1,4583,55,13,6.87,67.5
2020-08-01,1,11,1,2,4063,25,18,6.89,67.5
2020-08-01,1,11,2,3,3211,29,20,6.93,67.5
2020-08-01,1,11,4,4,3576,40,50,6.94,67.5
2020-08-01,1,11,6,5,3804,47,11,6.75,67.5
2020-08-01,1,11,5,6,4163,4,4,6.91,67.5
2020-08-01,1,12,1,1,4028,54,5,6.82,28.7
2020-08-01,1,12,2,2,3265,46,21,6.84,28.7
2020-08-01,1,12,6,3,4522,50,8,6.86,28.7
2020-08-01,1,12,3,4,4148,10,62,6.94,28.7
2020-08-01,1,12,5,5,3743,8,15,6.92,28.7
2020-08-01,1,12,4,6,4397,30,12,6.85,28.7
2020-08-02,2,1,1,1,3804,47,11,6.78,14.7
2020-08-02,2,1,2,2,3964,3,56,6.85,14.7
2020-08-02,2,1,4,3,3478,12,59,6.84,14.7
2020-08-02,2,1,5,4,2935,49,3,6.85,14.7
2020-08-02,2,1,3,5,4555,38,55,6.72,14.7
2020-08-02,2,1,6,6,3705,27,53,6.82,14.7
2020-08-02,2,2,1,1,4529,23,47,6.78,12.8
2020-08-02,2,2,4,2,4383,7,60,6.82,12.8
2020-08-02,2,2,3,3,3715,34,61,6.87,12.8
2020-08-02,2,2,5,4,3668,16,6,6.84,12.8
2020-08-02,2,2,6,5,4463,5,57,6.87,12.8
2020-08-02,2,2,2,6,3680,17,66,6.8,12.8
2020-08-02,2,3,5,1,4583,55,13,6.79,68.9
2020-08-02,2,3,6,2,3743,8,15,6.76,68.9
2020-08-02,2,3,2,3,3430,11,51,6.8,68.9
2020-08-02,2,3,1,4,4094,39,14,6.71,68.9
2020-08-02,2,3,4,5,4672,61,17,6.78,68.9
2020-08-02,2,3,3,6,3741,1,2,6.79,68.9
2020-08-02,2,4,4,1,3834,31,1,6.75,121.4
2020-08-02,2,4,5,2,3265,46,21,6.84,121.4
2020-08-02,2,4,1,3,3869,52,63,6.84,121.4
2020-08-02,2,4,6,4,4092,44,48,6.81,121.4
2020-08-02,2,4,3,5,4434,51,22,6.81,121.4
2020-08-02,2,4,2,6,4572,26,49,6.83,121.4
2020-08-02,2,5,5,1,4522,50,8,6.8,55.1
2020-08-02,2,5,3,2,3747,65,24,6.87,55.1
2020-08-02,2,5,2,3,4219,66,52,6.9,55.1
2020-08-02,2,5,6,4,3784,58,10,6.81,55.1
2020-08-02,2,5,4,5,4563,21,25,6.85,55.1
2020-08-02,2,5,1,6,5011,13,34,6.9,55.1
2020-08-02,2,6,4,1,4173,64,58,6.84,36.6
2020-08-02,2,6,3,2,4363,6,54,6.84,36.6
2020-08-02,2,6,1,3,4116,45,30,6.93,36.6
2020-08-02,2,6,6,4,3211,29,20,6.91,36.6
2020-08-02,2,6,2,5,4697,56,19,6.83,36.6
2020-08-02,2,6,5,6,3680,17,66,6.94,36.6
2020-08-02,2,7,1,1,4695,37,65,6.87,20.5
2020-08-02,2,7,4,2,3300,15,64,6.89,20.5
2020-08-02,2,7,2,3,4148,10,62,6.93,20.5
2020-08-02,2,7,6,4,4163,4,4,6.85,20.5
2020-08-02,2,7,3,5,4390,9,16,6.93,20.5
2020-08-02,2,7,5,6,4555,38,55,6.82,20.5
2020-08-02,2,8,1,1,4441,43,7,6.8,16.4
2020-08-02,2,8,4,2,4583,55,13,6.79,16.4
2020-08-02,2,8,5,3,4463,5,57,6.88,16.4
2020-08-02,2,8,3,4,2935,49,3,6.83,16.4
2020-08-02,2,8,6,5,4572,26,49,6.9,16.4
2020-08-02,2,8,2,6,4063,25,18,6.83,16.4
2020-08-02,2,9,5,1,3834,31,1,6.82,151.0
2020-08-02,2,9,1,2,3576,40,50,6.82,151.0
2020-08-02,2,9,2,3,4397,30,12,6.83,151.0
2020-08-02,2,9,3,4,3668,16,6,6.79,151.0
2020-08-02,2,9,6,5,4028,54,5,6.79,151.0
2020-08-02,2,9,4,6,4094,39,14,6.82,151.0
2020-08-02,2,10,1,1,4173,64,58,6.82,156.5
2020-08-02,2,10,6,2,4383,7,60,6.87,156.5
2020-08-02,2,10,4,3,4522,50,8,6.84,156.5
2020-08-02,2,10,5,4,3478,12,59,6.91,156.5
2020-08-02,2,10,3,5,3265,46,21,6.78,156.5
2020-08-02,2,10,2,6,4672,61,17,6.81,156.5
2020-08-02,2,11,3,1,3743,8,15,6.85,125.4
2020-08-02,2,11,5,2,3747,65,24,6.87,125.4
2020-08-02,2,11,1,3,4363,6,54,6.84,125.4
2020-08-02,2,11,4,4,4092,44,48,6.83,125.4
2020-08-02,2,11,2,5,3300,15,64,7.0,125.4
2020-08-02,2,11,6,6,3964,3,56,6.88,125.4
2020-08-02,2,12,1,1,4148,10,62,6.91,29.2
2020-08-02,2,12,5,2,4441,43,7,6.93,29.2
2020-08-02,2,12,6,3,4434,51,22,6.82,29.2
2020-08-02,2,12,2,4,3784,58,10,6.83,29.2
2020-08-02,2,12,4,5,3741,1,2,6.94,29.2
2020-08-02,2,12,3,6,4116,45,30,6.93,29.2
2020-08-03,3,1,4,1,4697,56,19,6.79,279.4
2020-08-03,3,1,3,2,3478,12,59,6.89,279.4
2020-08-03,3,1,5,3,3705,27,53,6.86,279.4
2020-08-03,3,1,2,4,4695,37,65,6.77,279.4
2020-08-03,3,1,6,5,4116,45,30,6.9,279.4
2020-08-03,3,1,1,6,3668,16,6,6.83,279.4
2020-08-03,3,2,3,1,3430,11,51,6.85,94.7
2020-08-03,3,2,1,2,4672,61,17,6.76,94.7
2020-08-03,3,2,5,3,5011,13,34,6.91,94.7
2020-08-03,3,2,2,4,3869,52,63,6.86,94.7
2020-08-03,3,2,6,5,4555,38,55,6.77,94.7
2020-08-03,3,2,4,6,4529,23,47,6.85,94.7
2020-08-03,3,3,4,1,3804,47,11,6.87,233.5
2020-08-03,3,3,2,2,4463,5,57,6.79,233.5
2020-08-03,3,3,1,3,4219,66,52,6.83,233.5
2020-08-03,3,3,5,4,4028,54,5,6.88,233.5
2020-08-03,3,3,6,5,3834,31,1,6.79,233.5
2020-08-03,3,3,3,6,3211,29,20,6.82,233.5
2020-08-03,3,4,4,1,3743,8,15,6.8,56.7
2020-08-03,3,4,6,2,3576,40,50,6.9,56.7
2020-08-03,3,4,2,3,4390,9,16,6.85,56.7
2020-08-03,3,4,3,4,3964,3,56,6.86,56.7
2020-08-03,3,4,1,5,3715,34,61,6.82,56.7
2020-08-03,3,4,5,6,4434,51,22,6.8,56.7
2020-08-03,3,5,6,1,4173,64,58,6.78,121.6
2020-08-03,3,5,4,2,3784,58,10,6.83,121.6
2020-08-03,3,5,5,3,4063,25,18,6.92,121.6
2020-08-03,3,5,3,4,4094,39,14,6.84,121.6
2020-08-03,3,5,2,5,4563,21,25,6.89,121.6
2020-08-03,3,5,1,6,4572,26,49,6.85,121.6
2020-08-03,3,6,1,1,4583,55,13,6.79,6.2
2020-08-03,3,6,2,2,4383,7,60,6.89,6.2
2020-08-03,3,6,4,3,4441,43,7,6.88,6.2
2020-08-03,3,6,3,4,4163,4,4,6.91,6.2
2020-08-03,3,6,6,5,3869,52,63,6.87,6.2
2020-08-03,3,6,5,6,3741,1,2,6.86,6.2
2020-08-03,3,7,2,1,3747,65,24,6.87,51.0
2020-08-03,3,7,5,2,3804,47,11,6.82,51.0
2020-08-03,3,7,3,3,4397,30,12,6.84,51.0
2020-08-03,3,7,6,4,3300,15,64,6.84,51.0
2020-08-03,3,7,4,5,3680,17,66,6.87,51.0
2020-08-03,3,7,1,6,2935,49,3,6.73,51.0
2020-08-03,3,8,1,1,4522,50,8,6.79,3.8
2020-08-03,3,8,2,2,4092,44,48,6.83,3.8
2020-08-03,3,8,4,3,4363,6,54,6.82,3.8
2020-08-03,3,8,3,4,4219,66,52,6.91,3.8
2020-08-03,3,8,5,5,4390,9,16,6.91,3.8
2020-08-03,3,8,6,6,4695,37,65,6.91,3.8
2020-08-03,3,9,3,1,3834,31,1,6.74,41.1
2020-08-03,3,9,2,2,3743,8,15,6.76,41.1
2020-08-03,3,9,6,3,4148,10,62,6.89,41.1
2020-08-03,3,9,4,4,3705,27,53,6.86,41.1
2020-08-03,3,9,5,5,3784,58,10,6.86,41.1
2020-08-03,3,9,1,6,3430,11,51,6.78,41.1
2020-08-03,3,10,1,1,4434,51,22,6.8,7.6
2020-08-03,3,10,4,2,3265,46,21,6.82,7.6
2020-08-03,3,10,3,3,4063,25,18,6.81,7.6
2020-08-03,3,10,5,4,3211,29,20,6.87,7.6
2020-08-03,3,10,2,5,5011,13,34,6.91,7.6
2020-08-03,3,10,6,6,4697,56,19,6.77,7.6
2020-08-03,3,11,1,1,4441,43,7,6.8,26.5
2020-08-03,3,11,2,2,3715,34,61,6.92,26.5
2020-08-03,3,11,5,3,4173,64,58,6.86,26.5
2020-08-03,3,11,6,4,3747,65,24,6.87,26.5
2020-08-03,3,11,4,5,4028,54,5,6.85,26.5
2020-08-03,3,11,3,6,4529,23,47,6.89,26.5
2020-08-03,3,12,1,1,4397,30,12,6.83,7.3
2020-08-03,3,12,2,2,4163,4,4,6.86,7.3
2020-08-03,3,12,3,3,3576,40,50,6.93,7.3
2020-08-03,3,12,5,4,4363,6,54,6.89,7.3
2020-08-03,3,12,6,5,4563,21,25,6.89,7.3
2020-08-03,3,12,4,6,4116,45,30,6.95,7.3
2020-08-04,4,1,2,1,3741,1,2,6.81,55.7
2020-08-04,4,1,1,2,4390,9,16,6.82,55.7
2020-08-04,4,1,5,3,4094,39,14,6.79,55.7
2020-08-04,4,1,3,4,4383,7,60,6.9,55.7
2020-08-04,4,1,6,5,2935,49,3,6.74,55.7
2020-08-04,4,1,4,6,5011,13,34,6.84,55.7
2020-08-04,4,2,3,1,4572,26,49,6.82,46.0
2020-08-04,4,2,1,2,4555,38,55,6.73,46.0
2020-08-04,4,2,6,3,4672,61,17,6.73,46.0
2020-08-04,4,2,5,4,3964,3,56,6.8,46.0
2020-08-04,4,2,4,5,3715,34,61,6.84,46.0
2020-08-04,4,2,2,6,3668,16,6,6.86,46.0
2020-08-04,4,3,1,1,4463,5,57,6.86,32.1
2020-08-04,4,3,3,2,4697,56,19,6.77,32.1
2020-08-04,4,3,4,3,4092,44,48,6.82,32.1
2020-08-04,4,3,5,4,4173,64,58,6.79,32.1
2020-08-04,4,3,6,5,4441,43,7,6.83,32.1
2020-08-04,4,3,2,6,3478,12,59,6.85,32.1
2020-08-04,4,4,1,1,3680,17,66,6.85,32.3
2020-08-04,4,4,2,2,4583,55,13,6.8,32.3
2020-08-04,4,4,3,3,3265,46,21,6.76,32.3
2020-08-04,4,4,4,4,3747,65,24,6.87,32.3
2020-08-04,4,4,5,5,4219,66,52,6.83,32.3
2020-08-04,4,4,6,6,3430,11,51,6.79,32.3
2020-08-04,4,5,2,1,4434,51,22,6.82,228.4
2020-08-04,4,5,1,2,3705,27,53,6.83,228.4
2020-08-04,4,5,6,3,3741,1,2,6.85,228.4
2020-08-04,4,5,5,4,3300,15,64,6.9,228.4
2020-08-04,4,5,3,5,4363,6,54,6.76,228.4
2020-08-04,4,5,4,6,4695,37,65,6.83,228.4
2020-08-04,4,6,1,1,4163,4,4,6.75,10.6
2020-08-04,4,6,2,2,3834,31,1,6.75,10.6
2020-08-04,4,6,3,3,4522,50,8,6.75,10.6
2020-08-04,4,6,6,4,3668,16,6,6.91,10.6
2020-08-04,4,6,5,5,4529,23,47,6.9,10.6
2020-08-04,4,6,4,6,4148,10,62,6.83,10.6
2020-08-04,4,7,5,1,4397,30,12,6.82,44.4
2020-08-04,4,7,2,2,4173,64,28,6.89,44.4
2020-08-04,4,7,3,3,3804,47,11,6.73,44.4
2020-08-04,4,7,1,4,3964,3,56,6.8,44.4
2020-08-04,4,7,4,5,3869,52,63,6.85,44.4
2020-08-04,4,7,6,6,4063,25,18,6.81,44.4
2020-08-04,4,8,2,1,4028,54,5,6.81,76.4
2020-08-04,4,8,3,2,4672,61,17,6.72,76.4
2020-08-04,4,8,1,3,3265,46,21,6.76,76.4
2020-08-04,4,8,4,4,4116,45,30,6.84,76.4
2020-08-04,4,8,5,5,4563,21,25,6.91,76.4
2020-08-04,4,8,6,6,4094,39,14,6.76,76.4
2020-08-04,4,9,2,1,4441,43,7,6.85,21.8
2020-08-04,4,9,1,2,3211,29,20,6.83,21.8
2020-08-04,4,9,4,3,4572,26,49,6.91,21.8
2020-08-04,4,9,5,4,3576,40,50,6.88,21.8
2020-08-04,4,9,6,5,4363,6,54,6.87,21.8
2020-08-04,4,9,3,6,3680,17,66,6.85,21.8
2020-08-04,4,10,3,1,3743,8,15,6.78,72.4
2020-08-04,4,10,2,2,4522,50,8,6.77,72.4
2020-08-04,4,10,5,3,4383,7,60,6.88,72.4
2020-08-04,4,10,4,4,3784,58,10,6.77,72.4
2020-08-04,4,10,6,5,3478,12,59,6.87,72.4
2020-08-04,4,10,1,6,3747,65,24,6.79,72.4
2020-08-04,4,11,1,1,4148,10,62,6.84,9.3
2020-08-04,4,11,3,2,3300,15,64,6.89,9.3
2020-08-04,4,11,2,3,4063,25,18,6.83,9.3
2020-08-04,4,11,6,4,4583,55,13,6.9,9.3
2020-08-04,4,11,5,5,4463,5,57,6.85,9.3
2020-08-04,4,11,4,6,2935,49,3,6.88,9.3
2020-08-04,4,12,1,1,4028,54,5,6.84,4.4
2020-08-04,4,12,2,2,4397,30,12,6.76,4.4
2020-08-04,4,12,3,3,4092,44,27,6.9,4.4
2020-08-04,4,12,5,4,4555,38,55,6.86,4.4
2020-08-04,4,12,6,5,4434,51,22,6.91,4.4
2020-08-04,4,12,4,6,4163,4,4,6.87,4.4
2020-08-05,5,1,1,1,3478,12,59,6.87,8.6
2020-08-05,5,1,2,2,4555,38,55,6.76,8.6
2020-08-05,5,1,4,3,3715,34,61,6.85,8.6
2020-08-05,5,1,3,4,4219,66,52,6.84,8.6
2020-08-05,5,1,5,5,2935,49,3,6.75,8.6
2020-08-05,5,1,6,6,4529,23,47,6.83,8.6
2020-08-05,5,2,1,1,3211,29,20,6.78,11.0
2020-08-05,5,2,2,2,3705,27,53,6.82,11.0
2020-08-05,5,2,5,3,4094,39,14,6.77,11.0
2020-08-05,5,2,3,4,3869,52,63,6.73,11.0
2020-08-05,5,2,4,5,3668,16,6,6.92,11.0
2020-08-05,5,2,6,6,5011,13,34,6.84,11.0
2020-08-05,5,3,1,1,3430,11,51,6.76,17.6
2020-08-05,5,3,3,2,4092,44,27,6.82,17.6
2020-08-05,5,3,2,3,4463,5,57,6.79,17.6
2020-08-05,5,3,4,4,4672,61,17,6.77,17.6
2020-08-05,5,3,5,5,4116,45,30,6.87,17.6
2020-08-05,5,3,6,6,4522,50,8,6.76,17.6
2020-08-05,5,4,1,1,4163,4,4,6.73,19.1
2020-08-05,5,4,2,2,4697,56,19,6.81,19.1
2020-08-05,5,4,3,3,4583,55,13,6.78,19.1
2020-08-05,5,4,4,4,4383,7,60,6.81,19.1
2020-08-05,5,4,6,5,4572,26,49,6.81,19.1
2020-08-05,5,4,5,6,4441,43,7,6.78,19.1
2020-08-05,5,5,1,1,3265,46,21,6.75,12.7
2020-08-05,5,5,6,2,3743,8,15,6.8,12.7
2020-08-05,5,5,5,3,3834,31,1,6.79,12.7
2020-08-05,5,5,2,4,3300,15,64,6.88,12.7
2020-08-05,5,5,4,5,3680,17,66,6.87,12.7
2020-08-05,5,5,3,6,3964,3,56,6.86,12.7
2020-08-05,5,6,1,1,3784,58,10,6.78,9.0
2020-08-05,5,6,3,2,4028,54,5,6.84,9.0
2020-08-05,5,6,4,3,4173,64,28,6.76,9.0
2020-08-05,5,6,5,4,3804,47,11,6.78,9.0
2020-08-05,5,6,2,5,3576,40,50,6.79,9.0
2020-08-05,5,6,6,6,4695,37,65,6.75,9.0
2020-08-05,5,7,1,1,4434,51,22,6.78,8.9
2020-08-05,5,7,2,2,3747,65,24,6.76,8.9
2020-08-05,5,7,4,3,4219,66,52,6.9,8.9
2020-08-05,5,7,3,4,4563,21,25,6.86,8.9
2020-08-05,5,7,6,5,4363,6,54,6.83,8.9
2020-08-05,5,7,5,6,4390,9,16,6.87,8.9
2020-08-05,5,8,1,1,4397,30,12,6.78,20.9
2020-08-05,5,8,4,2,4063,25,18,6.83,20.9
2020-08-05,5,8,5,3,3668,16,6,6.84,20.9
2020-08-05,5,8,6,4,4697,56,19,6.77,20.9
2020-08-05,5,8,3,5,3741,1,2,6.83,20.9
2020-08-05,5,8,2,6,4116,45,30,6.87,20.9
2020-08-05,5,9,1,1,4522,50,8,6.77,9.5
2020-08-05,5,9,2,2,3834,31,1,6.8,9.5
2020-08-05,5,9,3,3,4383,7,60,6.77,9.5
2020-08-05,5,9,4,4,4092,44,27,6.8,9.5
2020-08-05,5,9,5,5,3300,15,64,6.8,9.5
2020-08-05,5,9,6,6,4163,4,4,6.73,9.5
2020-08-05,5,11,1,1,3743,8,15,6.73,57.4
2020-08-05,5,11,5,2,3747,65,24,6.82,57.4
2020-08-05,5,11,4,3,4463,5,57,6.8,57.4
2020-08-05,5,11,3,4,4397,30,12,6.83,57.4
2020-08-05,5,11,6,5,3784,58,10,6.81,57.4
2020-08-05,5,11,2,6,3804,47,11,6.81,57.4
2020-08-05,5,12,3,1,4363,6,54,6.88,35.9
2020-08-05,5,12,4,2,4028,54,5,6.85,35.9
2020-08-05,5,12,1,3,4063,25,18,6.81,35.9
2020-08-05,5,12,5,4,3680,17,66,6.88,35.9
2020-08-05,5,12,2,5,4672,61,17,6.8,35.9
2020-08-05,5,12,6,6,3869,52,63,7.01,35.9
2020-08-06,6,1,5,1,3705,27,53,6.78,96.3
2020-08-06,6,1,3,2,3430,11,51,6.71,96.3
2020-08-06,6,1,1,3,3869,52,63,6.71,96.3
2020-08-06,6,1,6,4,4563,21,25,6.75,96.3
2020-08-06,6,1,4,5,2935,49,3,6.66,96.3
2020-08-06,6,1,2,6,4572,26,49,6.79,96.3
2020-08-06,6,2,2,1,3964,3,56,6.87,279.5
2020-08-06,6,2,5,2,3715,34,61,6.8,279.5
2020-08-06,6,2,1,3,4390,9,16,6.89,279.5
2020-08-06,6,2,4,4,4094,39,14,6.81,279.5
2020-08-06,6,2,3,5,5011,13,34,6.86,279.5
2020-08-06,6,2,6,6,4672,61,17,6.68,279.5
2020-08-06,6,3,1,1,4529,23,47,6.83,24.9
2020-08-06,6,3,2,2,4695,37,65,6.82,24.9
2020-08-06,6,3,4,3,3478,12,59,6.84,24.9
2020-08-06,6,3,6,4,4383,7,60,6.68,24.9
2020-08-06,6,3,3,5,4697,56,19,6.7,24.9
2020-08-06,6,3,5,6,4463,5,57,6.79,24.9
2020-08-06,6,4,1,1,3300,15,64,6.83,9.1
2020-08-06,6,4,2,2,3804,47,11,6.7,9.1
2020-08-06,6,4,6,3,3211,29,20,6.81,9.1
2020-08-06,6,4,5,4,4219,66,52,6.78,9.1
2020-08-06,6,4,4,5,4555,38,55,6.83,9.1
2020-08-06,6,4,3,6,3668,16,6,6.83,9.1
2020-08-06,6,5,1,1,4163,4,4,6.87,43.3
2020-08-06,6,5,5,2,3741,1,2,6.83,43.3
2020-08-06,6,5,4,3,3705,27,53,6.87,43.3
2020-08-06,6,5,6,4,4441,43,7,6.79,43.3
2020-08-06,6,5,2,5,3680,17,66,6.83,43.3
2020-08-06,6,5,3,6,2935,49,3,6.85,43.3
2020-08-06,6,6,3,1,4094,39,14,6.75,54.5
2020-08-06,6,6,1,2,3576,40,50,6.86,54.5
2020-08-06,6,6,4,3,4397,30,12,6.76,54.5
2020-08-06,6,6,2,4,4563,21,25,6.82,54.5
2020-08-06,6,6,6,5,3430,11,51,6.78,54.5
2020-08-06,6,6,5,6,3964,3,56,6.87,54.5
2020-08-06,6,7,1,1,4092,44,27,6.84,11.1
2020-08-06,6,7,5,2,4583,55,13,6.9,11.1
2020-08-06,6,7,2,3,3715,34,61,6.86,11.1
2020-08-06,6,7,4,4,5011,13,34,6.85,11.1
2020-08-06,6,7,6,5,4063,25,18,6.84,11.1
2020-08-06,6,7,3,6,4695,37,65,6.87,11.1
2020-08-06,6,8,1,1,4028,54,5,6.83,16.5
2020-08-06,6,8,3,2,3211,29,20,6.84,16.5
2020-08-06,6,8,2,3,3784,58,10,6.86,16.5
2020-08-06,6,8,4,4,4434,51,22,6.85,16.5
2020-08-06,6,8,5,5,4529,23,47,6.91,16.5
2020-08-06,6,8,6,6,4555,38,55,6.82,16.5
2020-08-06,6,9,1,1,4363,6,54,6.86,8.9
2020-08-06,6,9,4,2,4572,26,49,6.87,8.9
2020-08-06,6,9,2,3,3741,1,2,6.86,8.9
2020-08-06,6,9,3,4,4116,45,30,6.86,8.9
2020-08-06,6,9,5,5,4390,9,16,6.84,8.9
2020-08-06,6,9,6,6,3478,12,59,6.91,8.9
2020-08-06,6,10,3,1,4397,30,12,6.79,29.7
2020-08-06,6,10,1,2,4383,7,60,6.88,29.7
2020-08-06,6,10,4,3,3576,40,50,6.81,29.7
2020-08-06,6,10,5,4,3804,47,11,6.83,29.7
2020-08-06,6,10,2,5,4583,55,13,6.78,29.7
2020-08-06,6,10,6,6,4163,4,4,6.84,29.7
2020-08-06,6,12,2,1,4522,50,8,6.82,166.7
2020-08-06,6,12,5,2,3747,65,24,6.87,166.7
2020-08-06,6,12,4,3,3834,31,1,6.79,166.7
2020-08-06,6,12,6,4,3265,46,21,6.79,166.7
2020-08-06,6,12,1,5,3743,8,15,6.8,166.7
2020-08-06,6,12,3,6,4173,64,28,6.83,166.7
2020-08-09,1,2,1,1,3753,22,52,6.9,55.3
2020-08-09,1,2,5,2,5092,20,66,6.84,55.3
2020-08-09,1,2,2,3,4332,35,34,6.91,55.3
2020-08-09,1,2,3,4,3454,36,45,6.94,55.3
2020-08-09,1,2,4,5,3571,15,3,6.92,55.3
2020-08-09,1,2,6,6,3424,45,51,6.9,55.3
2020-08-09,1,6,1,1,4436,60,35,6.86,
2020-08-09,1,6,3,2,3427,25,39,6.88,
2020-08-09,1,6,2,3,4820,56,65,6.82,
2020-08-09,1,6,4,4,4580,53,31,6.96,
2020-08-09,1,6,5,5,4221,28,64,6.96,
2020-08-09,1,6,6,6,5041,57,36,6.9,
2020-08-09,1,8,1,1,4356,21,62,6.86,
2020-08-09,1,8,2,2,4210,24,54,6.82,
2020-08-09,1,8,3,3,4277,13,27,6.92,
2020-08-09,1,8,4,4,3901,4,28,6.93,
2020-08-09,1,8,5,5,4969,32,58,6.97,
2020-08-09,1,8,6,6,5092,20,66,6.95,
2020-08-09,1,10,1,1,4771,14,59,6.89,
2020-08-09,1,10,2,2,4558,44,60,6.86,
2020-08-09,1,10,4,3,4009,19,47,6.91,
2020-08-09,1,10,3,4,4436,60,35,6.92,
2020-08-09,1,10,5,5,4332,35,34,6.98,
2020-08-09,1,10,6,6,4057,2,46,6.92,
2020-08-09,1,11,1,1,3427,25,39,6.9,
2020-08-09,1,11,3,2,4210,24,54,6.84,
2020-08-09,1,11,6,3,3454,36,45,6.97,
2020-08-09,1,11,2,4,4023,3,55,6.88,
2020-08-09,1,11,5,5,4894,18,41,6.96,
2020-08-09,1,11,4,6,4514,54,48,7.01,
2020-08-09,1,12,1,1,3822,43,44,6.82,
2020-08-09,1,12,2,2,4111,51,1,6.88,
2020-08-09,1,12,4,3,4356,21,62,6.92,
2020-08-09,1,12,6,4,3907,52,49,6.93,
2020-08-09,1,12,5,5,4601,59,63,6.95,
2020-08-09,1,12,3,6,4580,53,31,6.93,
2020-08-10,2,1,1,1,3571,15,3,6.96,39.2
2020-08-10,2,1,2,2,5041,57,36,6.98,39.2
2020-08-10,2,1,3,3,4212,12,43,6.96,39.2
2020-08-10,2,1,6,4,4514,54,48,6.9,39.2
2020-08-10,2,1,4,5,3723,23,37,6.83,39.2
2020-08-10,2,1,5,6,4800,62,2,6.94,39.2
2020-08-10,2,2,4,1,4221,28,64,7.0,323.7
2020-08-10,2,2,6,2,3949,49,56,6.93,323.7
2020-08-10,2,2,3,3,4790,48,50,6.97,323.7
2020-08-10,2,2,2,4,4894,18,41,6.93,323.7
2020-08-10,2,2,5,5,4023,3,55,6.99,323.7
2020-08-10,2,2,1,6,3424,45,51,6.95,323.7
2020-08-10,2,3,6,1,3427,25,39,6.9,104.0
2020-08-10,2,3,2,2,4393,40,29,6.88,104.0
2020-08-10,2,3,4,3,3746,33,32,6.96,104.0
2020-08-10,2,3,1,4,3722,30,26,6.84,104.0
2020-08-10,2,3,3,5,3753,22,52,7.05,104.0
2020-08-10,2,3,5,6,4277,13,27,6.97,104.0
2020-08-10,2,4,2,1,4567,17,57,6.89,53.7
2020-08-10,2,4,1,2,3454,36,45,6.94,53.7
2020-08-10,2,4,5,3,4111,51,1,6.91,53.7
2020-08-10,2,4,3,4,4820,56,65,6.79,53.7
2020-08-10,2,4,6,5,4436,60,35,6.93,53.7
2020-08-10,2,4,4,6,4332,35,34,6.94,53.7
2020-08-10,2,5,2,1,4652,9,38,7.0,68.6
2020-08-10,2,5,5,2,4210,24,54,7.0,68.6
2020-08-10,2,5,6,3,4601,59,63,6.93,68.6
2020-08-10,2,5,1,4,3723,23,37,6.93,68.6
2020-08-10,2,5,3,5,4558,44,60,6.93,68.6
2020-08-10,2,5,4,6,4969,32,58,6.97,68.6
2020-08-10,2,6,4,1,3822,43,44,6.9,16.9
2020-08-10,2,6,1,2,3901,4,28,7.0,16.9
2020-08-10,2,6,3,3,3949,49,56,6.95,16.9
2020-08-10,2,6,6,4,4009,19,47,6.93,16.9
2020-08-10,2,6,5,5,5092,20,66,6.93,16.9
2020-08-10,2,6,2,6,4212,12,43,7.03,16.9
2020-08-10,2,8,1,1,3907,52,49,6.86,6.8
2020-08-10,2,8,4,2,4436,60,35,6.9,6.8
2020-08-10,2,8,2,3,4580,53,31,6.99,6.8
2020-08-10,2,8,6,4,4800,62,2,6.89,6.8
2020-08-10,2,8,3,5,3722,30,26,6.91,6.8
2020-08-10,2,8,5,6,4790,48,50,6.96,6.8
2020-08-10,2,9,1,1,3746,33,32,6.85,6.3
2020-08-10,2,9,2,2,4601,59,63,6.78,6.3
2020-08-10,2,9,4,3,4567,17,57,6.84,6.3
2020-08-10,2,9,5,4,5041,57,36,6.9,6.3
2020-08-10,2,9,3,5,3424,45,51,6.84,6.3
2020-08-10,2,9,6,6,4771,14,59,6.85,6.3
2020-08-10,2,10,4,1,4558,44,60,6.87,67.0
2020-08-10,2,10,1,2,4111,51,1,6.86,67.0
2020-08-10,2,10,6,3,3753,22,52,6.98,67.0
2020-08-10,2,10,3,4,4894,18,41,6.83,67.0
2020-08-10,2,10,5,5,3901,4,28,6.9,67.0
2020-08-10,2,10,2,6,4514,54,48,6.93,67.0
2020-08-10,2,11,1,1,4210,24,54,6.96,31.1
2020-08-10,2,11,2,2,3907,52,49,6.96,31.1
2020-08-10,2,11,5,3,4393,40,29,7.08,31.1
2020-08-10,2,11,6,4,4356,21,62,6.98,31.1
2020-08-10,2,11,4,5,3454,36,45,6.98,31.1
2020-08-10,2,11,3,6,4009,19,47,6.95,31.1
2020-08-10,2,12,4,1,3427,25,39,6.9,41.8
2020-08-10,2,12,6,2,3822,43,44,6.9,41.8
2020-08-10,2,12,2,3,4771,14,59,6.99,41.8
2020-08-10,2,12,1,4,4580,53,31,6.97,41.8
2020-08-10,2,12,5,5,4652,9,38,7.0,41.8
2020-08-10,2,12,3,6,4332,35,34,6.94,41.8
2020-08-11,3,1,2,1,5043,27,14,6.84,74.2
2020-08-11,3,1,4,2,4820,56,65,6.82,74.2
2020-08-11,3,1,6,3,4894,18,41,6.86,74.2
2020-08-11,3,1,1,4,4212,12,43,6.9,74.2
2020-08-11,3,1,3,5,4969,32,58,6.91,74.2
2020-08-11,3,1,5,6,3571,15,3,6.93,74.2
2020-08-11,3,2,3,1,3982,61,7,6.85,100.9
2020-08-11,3,2,5,2,3722,30,26,6.84,100.9
2020-08-11,3,2,4,3,3424,45,51,6.9,100.9
2020-08-11,3,2,1,4,4221,28,64,6.92,100.9
2020-08-11,3,2,6,5,4332,35,34,6.83,100.9
2020-08-11,3,2,2,6,3723,23,37,6.85,100.9
2020-08-11,3,3,1,1,4277,13,27,6.83,16.0
2020-08-11,3,3,4,2,4514,54,48,6.93,16.0
2020-08-11,3,3,5,3,3907,52,49,6.87,16.0
2020-08-11,3,3,3,4,3949,49,56,6.84,16.0
2020-08-11,3,3,6,5,4567,17,57,6.81,16.0
2020-08-11,3,3,2,6,3753,22,52,6.89,16.0
2020-08-11,3,5,2,1,4601,59,63,6.85,19.2
2020-08-11,3,5,5,2,4210,24,54,6.88,19.2
2020-08-11,3,5,3,3,4790,48,50,6.88,19.2
2020-08-11,3,5,1,4,4393,40,29,6.9,19.2
2020-08-11,3,5,6,5,3901,4,28,6.92,19.2
2020-08-11,3,5,4,6,4212,12,43,6.91,19.2
2020-08-11,3,6,4,1,3822,43,44,6.85,10.5
2020-08-11,3,6,1,2,4436,60,35,7.0,10.5
2020-08-11,3,6,3,3,4771,14,59,6.84,10.5
2020-08-11,3,6,2,4,3454,36,45,6.96,10.5
2020-08-11,3,6,6,5,4023,3,55,6.92,10.5
2020-08-11,3,6,5,6,3723,23,37,6.81,10.5
2020-08-11,3,7,1,1,4558,44,60,6.89,35.6
2020-08-11,3,7,2,2,4356,21,62,6.8,35.6
2020-08-11,3,7,5,3,4969,32,58,6.84,35.6
2020-08-11,3,7,6,4,4057,2,46,6.86,35.6
2020-08-11,3,7,4,5,3427,25,39,6.88,35.6
2020-08-11,3,7,3,6,3424,45,51,6.92,35.6
2020-08-11,3,8,1,1,4580,53,31,6.9,4.9
2020-08-11,3,8,2,2,4514,54,48,6.92,4.9
2020-08-11,3,8,4,3,4643,11,15,6.82,4.9
2020-08-11,3,8,5,4,4820,56,65,6.86,4.9
2020-08-11,3,8,3,5,4221,28,64,6.91,4.9
2020-08-11,3,8,6,6,5092,20,66,6.88,4.9
2020-08-11,3,9,2,1,4210,24,54,6.84,28.2
2020-08-11,3,9,1,2,4111,51,1,6.91,28.2
2020-08-11,3,9,3,3,4652,9,38,6.89,28.2
2020-08-11,3,9,4,4,3949,49,56,6.83,28.2
2020-08-11,3,9,6,5,4436,60,35,6.89,28.2
2020-08-11,3,9,5,6,4601,59,63,6.86,28.2
2020-08-11,3,10,1,1,3907,52,49,6.83,6.8
2020-08-11,3,10,3,2,4356,21,62,6.89,6.8
2020-08-11,3,10,2,3,3746,33,32,6.89,6.8
2020-08-11,3,10,4,4,4771,14,59,6.9,6.8
2020-08-11,3,10,6,5,3753,22,52,7.0,6.8
2020-08-11,3,10,5,6,3454,36,45,7.0,6.8
2020-08-11,3,11,1,1,3822,43,44,6.77,10.5
2020-08-11,3,11,3,2,3427,25,39,6.9,10.5
2020-08-11,3,11,6,3,4580,53,31,6.88,10.5
2020-08-11,3,11,4,4,4558,44,60,6.94,10.5
2020-08-11,3,11,5,5,4009,19,47,6.83,10.5
2020-08-11,3,11,2,6,4393,40,29,6.87,10.5
2020-08-11,3,12,1,1,4643,11,15,6.89,7.7
2020-08-11,3,12,3,2,5043,27,14,6.87,7.7
2020-08-11,3,12,4,3,3901,4,28,6.91,7.7
2020-08-11,3,12,5,4,3982,61,7,6.9,7.7
2020-08-11,3,12,2,5,5041,57,36,6.81,7.7
2020-08-11,3,12,6,6,4790,48,50,6.94,7.7
2020-08-12,4,1,4,1,3982,61,7,6.87,107.6
2020-08-12,4,1,5,2,5092,20,66,6.88,107.6
2020-08-12,4,1,6,3,4277,13,27,6.89,107.6
2020-08-12,4,1,1,4,4790,48,50,6.93,107.6
2020-08-12,4,1,2,5,3723,23,37,6.86,107.6
2020-08-12,4,1,3,6,4820,56,65,6.84,107.6
2020-08-12,4,2,2,1,3722,30,26,6.88,66.9
2020-08-12,4,2,4,2,4969,32,58,6.9,66.9
2020-08-12,4,2,1,3,4894,18,41,6.93,66.9
2020-08-12,4,2,3,4,4221,28,64,6.93,66.9
2020-08-12,4,2,5,5,3424,45,51,7.0,66.9
2020-08-12,4,2,6,6,4212,12,43,7.0,66.9
2020-08-12,4,3,1,1,3753,22,52,6.91,18.5
2020-08-12,4,3,5,2,4558,44,60,6.84,18.5
2020-08-12,4,3,4,3,5043,27,14,6.85,18.5
2020-08-12,4,3,6,4,4057,2,46,6.89,18.5
2020-08-12,4,3,3,5,5041,57,36,6.92,18.5
2020-08-12,4,3,2,6,3454,36,45,6.94,18.5
2020-08-12,4,4,3,1,3949,49,56,6.82,87.3
2020-08-12,4,4,1,2,4332,35,34,6.87,87.3
2020-08-12,4,4,6,3,4643,11,15,6.85,87.3
2020-08-12,4,4,4,4,3571,15,3,6.95,87.3
2020-08-12,4,4,5,5,4514,54,48,6.95,87.3
2020-08-12,4,4,2,6,4393,40,29,6.94,87.3
2020-08-12,4,5,1,1,4567,17,57,6.89,25.5
2020-08-12,4,5,4,2,4820,56,65,6.91,25.5
2020-08-12,4,5,6,3,4111,51,1,6.94,25.5
2020-08-12,4,5,2,4,4023,3,55,6.93,25.5
2020-08-12,4,5,3,5,4277,13,27,6.84,25.5
2020-08-12,4,5,5,6,3901,4,28,7.01,25.5
2020-08-12,4,6,1,1,4436,60,35,6.91,44.4
2020-08-12,4,6,5,2,4790,48,50,6.86,44.4
2020-08-12,4,6,3,3,4009,19,47,6.83,44.4
2020-08-12,4,6,4,4,3746,33,32,6.88,44.4
2020-08-12,4,6,2,5,3424,45,51,7.04,44.4
2020-08-12,4,6,6,6,4221,28,64,6.87,44.4
2020-08-12,4,7,1,1,4771,14,59,6.88,12.6
2020-08-12,4,7,2,2,3982,61,7,6.88,12.6
2020-08-12,4,7,3,3,4969,32,58,6.86,12.6
2020-08-12,4,7,4,4,5041,57,36,6.91,12.6
2020-08-12,4,7,6,5,4580,53,31,6.92,12.6
2020-08-12,4,7,5,6,4894,18,41,6.84,12.6
2020-08-12,4,8,2,1,4514,54,48,6.89,19.5
2020-08-12,4,8,1,2,4601,59,63,6.92,19.5
2020-08-12,4,8,4,3,4057,2,46,6.91,19.5
2020-08-12,4,8,3,4,4332,35,34,6.91,19.5
2020-08-12,4,8,6,5,5043,27,14,6.82,19.5
2020-08-12,4,8,5,6,3723,23,37,6.89,19.5
2020-08-12,4,9,3,1,4643,11,15,6.89,58.6
2020-08-12,4,9,4,2,3722,30,26,6.85,58.6
2020-08-12,4,9,6,3,5092,20,66,6.85,58.6
2020-08-12,4,9,1,4,3901,4,28,6.87,58.6
2020-08-12,4,9,2,5,3571,15,3,6.9,58.6
2020-08-12,4,9,5,6,4567,17,57,6.8,58.6
2020-08-12,4,10,1,1,3746,33,32,6.92,5.2
2020-08-12,4,10,2,2,4558,44,60,6.93,5.2
2020-08-12,4,10,3,3,4436,60,35,6.93,5.2
2020-08-12,4,10,4,4,3753,22,52,7.05,5.2
2020-08-12,4,10,5,5,4393,40,29,6.85,5.2
2020-08-12,4,10,6,6,4023,3,55,6.88,5.2
2020-08-12,4,11,1,1,4580,53,31,7.0,7.8
2020-08-12,4,11,3,2,4771,14,59,6.92,7.8
2020-08-12,4,11,6,3,4601,59,63,6.87,7.8
2020-08-12,4,11,4,4,4009,19,47,6.88,7.8
2020-08-12,4,11,5,5,3454,36,45,6.96,7.8
2020-08-12,4,11,2,6,3949,49,56,6.98,7.8
2020-08-12,4,12,1,1,3822,43,44,6.87,16.4
2020-08-12,4,12,5,2,4356,21,62,6.86,16.4
2020-08-12,4,12,2,3,3907,52,49,6.91,16.4
2020-08-12,4,12,6,4,4652,9,38,6.95,16.4
2020-08-12,4,12,3,5,4210,24,54,6.91,16.4
2020-08-12,4,12,4,6,3427,25,39,6.95,16.4
2020-08-15,1,1,1,1,4020,5,24,6.91,80.4
2020-08-15,1,1,3,2,4894,24,29,6.95,80.4
2020-08-15,1,1,2,3,3187,17,30,6.94,80.4
2020-08-15,1,1,4,4,3701,31,39,6.77,80.4
2020-08-15,1,1,5,5,4821,21,33,6.88,80.4
2020-08-15,1,1,6,6,4642,62,48,6.9,80.4
2020-08-15,1,2,2,1,4170,61,49,6.89,255.4
2020-08-15,1,2,3,2,3910,65,18,6.84,255.4
2020-08-15,1,2,1,3,3234,19,11,6.86,255.4
2020-08-15,1,2,4,4,3578,50,38,6.89,255.4
2020-08-15,1,2,6,5,3855,25,25,6.91,255.4
2020-08-15,1,2,5,6,5136,18,6,6.94,255.4
2020-08-15,1,3,4,1,4154,38,19,6.86,115.1
2020-08-15,1,3,2,2,3553,1,46,6.88,115.1
2020-08-15,1,3,3,3,4010,52,35,6.89,115.1
2020-08-15,1,3,5,4,4776,20,12,6.96,115.1
2020-08-15,1,3,1,5,3509,22,44,6.94,115.1
2020-08-15,1,3,6,6,3849,39,36,6.94,115.1
2020-08-15,1,4,5,1,3568,34,13,6.86,335.7
2020-08-15,1,4,6,2,3064,7,45,6.9,335.7
2020-08-15,1,4,4,3,3660,44,20,6.86,335.7
2020-08-15,1,4,3,4,4772,8,47,6.84,335.7
2020-08-15,1,4,1,5,4511,66,17,6.86,335.7
2020-08-15,1,4,2,6,5032,32,34,6.88,335.7
2020-08-15,1,5,6,1,4852,37,8,6.79,105.9
2020-08-15,1,5,5,2,3543,11,26,6.85,105.9
2020-08-15,1,5,3,3,4459,6,31,6.88,105.9
2020-08-15,1,5,1,4,4946,28,27,6.93,105.9
2020-08-15,1,5,2,5,3710,63,43,6.88,105.9
2020-08-15,1,5,4,6,4823,64,21,6.89,105.9
2020-08-15,1,6,1,1,4452,58,14,6.77,26.2
2020-08-15,1,6,2,2,5043,10,40,6.86,26.2
2020-08-15,1,6,4,3,4387,47,28,6.88,26.2
2020-08-15,1,6,3,4,3837,14,15,6.88,26.2
2020-08-15,1,6,6,5,3254,49,4,6.82,26.2
2020-08-15,1,6,5,6,3187,17,30,6.92,26.2
2020-08-15,1,7,2,1,4030,51,32,6.87,48.7
2020-08-15,1,7,5,2,4739,46,41,6.85,48.7
2020-08-15,1,7,4,3,4010,52,35,6.91,48.7
2020-08-15,1,7,1,4,3401,27,16,6.95,48.7
2020-08-15,1,7,6,5,3701,31,39,6.74,48.7
2020-08-15,1,7,3,6,3578,50,38,6.85,48.7
2020-08-15,1,8,4,1,4260,53,9,6.92,44.2
2020-08-15,1,8,5,2,4511,66,17,6.89,44.2
2020-08-15,1,8,1,3,3541,59,23,6.88,44.2
2020-08-15,1,8,2,4,3832,29,37,6.85,44.2
2020-08-15,1,8,3,5,4034,16,5,6.89,44.2
2020-08-15,1,8,6,6,5136,18,6,7.05,44.2
2020-08-15,1,9,1,1,4643,26,22,6.75,5.6
2020-08-15,1,9,3,2,4437,55,10,6.92,5.6
2020-08-15,1,9,2,3,4642,62,48,6.84,5.6
2020-08-15,1,9,6,4,3910,65,18,6.9,5.6
2020-08-15,1,9,4,5,3553,1,46,6.91,5.6
2020-08-15,1,9,5,6,5032,32,34,6.92,5.6
2020-08-15,1,10,1,1,3837,14,15,6.95,4.6
2020-08-15,1,10,2,2,4852,37,8,6.88,4.6
2020-08-15,1,10,3,3,3568,34,13,6.9,4.6
2020-08-15,1,10,4,4,3855,25,25,7.03,4.6
2020-08-15,1,10,6,5,4154,38,19,6.93,4.6
2020-08-15,1,10,5,6,4894,24,29,7.01,4.6
2020-08-15,1,11,3,1,3064,7,45,6.94,701.5
2020-08-15,1,11,5,2,4452,58,14,6.95,701.5
2020-08-15,1,11,4,3,3543,11,26,6.89,701.5
2020-08-15,1,11,2,4,4776,20,12,6.85,701.5
2020-08-15,1,11,1,5,4739,46,41,6.92,701.5
2020-08-15,1,11,6,6,4821,21,33,6.93,701.5
2020-08-15,1,12,1,1,4387,47,28,6.85,52.0
2020-08-15,1,12,6,2,4772,8,47,6.83,52.0
2020-08-15,1,12,4,3,4030,51,32,6.91,52.0
2020-08-15,1,12,5,4,4459,6,31,6.94,52.0
2020-08-15,1,12,2,5,3541,59,23,6.82,52.0
2020-08-15,1,12,3,6,3849,39,36,6.87,52.0
2020-08-16,2,1,2,1,4020,5,24,6.88,293.3
2020-08-16,2,1,5,2,4642,62,48,6.89,293.3
2020-08-16,2,1,4,3,4034,16,5,6.89,293.3
2020-08-16,2,1,6,4,4776,20,12,6.88,293.3
2020-08-16,2,1,3,5,3832,29,37,6.94,293.3
2020-08-16,2,1,1,6,3578,50,38,6.8,293.3
2020-08-16,2,2,3,1,4946,28,27,6.89,102.0
2020-08-16,2,2,1,2,3660,44,20,6.82,102.0
2020-08-16,2,2,4,3,3254,49,4,6.81,102.0
2020-08-16,2,2,6,4,3710,63,43,6.86,102.0
2020-08-16,2,2,5,5,3234,19,11,6.89,102.0
2020-08-16,2,2,2,6,4010,52,59,6.82,102.0
2020-08-16,2,3,1,1,3553,1,46,6.91,13.3
2020-08-16,2,3,4,2,4452,58,14,6.8,13.3
2020-08-16,2,3,6,3,4739,46,41,6.82,13.3
2020-08-16,2,3,2,4,4511,66,17,6.86,13.3
2020-08-16,2,3,5,5,3401,27,16,6.91,13.3
2020-08-16,2,3,3,6,4170,61,49,6.83,13.3
2020-08-16,2,4,3,1,4643,26,22,6.85,16.2
2020-08-16,2,4,4,2,4852,37,8,6.84,16.2
2020-08-16,2,4,5,3,5043,10,40,6.9,16.2
2020-08-16,2,4,6,4,3541,59,23,6.79,16.2
2020-08-16,2,4,2,5,3509,22,44,6.9,16.2
2020-08-16,2,4,1,6,5032,32,34,6.81,16.2
2020-08-16,2,5,4,1,3568,34,13,6.9,49.2
2020-08-16,2,5,1,2,4894,24,29,6.84,49.2
2020-08-16,2,5,6,3,4260,53,9,6.88,49.2
2020-08-16,2,5,3,4,3187,17,30,6.96,49.2
2020-08-16,2,5,2,5,4823,64,21,6.86,49.2
2020-08-16,2,5,5,6,3849,39,36,6.97,49.2
2020-08-16,2,6,1,1,4154,38,19,6.84,5.4
2020-08-16,2,6,3,2,4387,47,28,6.84,5.4
2020-08-16,2,6,4,3,4459,6,31,6.87,5.4
2020-08-16,2,6,2,4,4821,21,33,6.89,5.4
2020-08-16,2,6,5,5,3855,25,25,6.87,5.4
2020-08-16,2,6,6,6,5136,18,6,6.89,5.4
2020-08-16,2,7,2,1,4437,55,10,6.78,33.6
2020-08-16,2,7,1,2,3543,11,26,6.88,33.6
2020-08-16,2,7,3,3,4511,66,17,6.89,33.6
2020-08-16,2,7,4,4,3910,65,18,6.88,33.6
2020-08-16,2,7,6,5,4030,51,32,6.82,33.6
2020-08-16,2,7,5,6,3660,44,20,6.85,33.6
2020-08-16,2,8,1,1,4772,8,47,6.79,32.8
2020-08-16,2,8,4,2,4776,20,12,6.86,32.8
2020-08-16,2,8,5,3,3710,63,43,6.95,32.8
2020-08-16,2,8,6,4,5043,10,40,6.8,32.8
2020-08-16,2,8,3,5,3701,31,39,6.77,32.8
2020-08-16,2,8,2,6,3064,7,45,6.75,32.8
2020-08-16,2,9,1,1,3568,34,13,6.84,8.4
2020-08-16,2,9,2,2,4452,58,14,6.83,8.4
2020-08-16,2,9,5,3,3837,14,15,6.89,8.4
2020-08-16,2,9,4,4,4946,28,27,6.88,8.4
2020-08-16,2,9,3,5,3541,59,23,6.71,8.4
2020-08-16,2,9,6,6,4034,16,5,6.91,8.4
2020-08-16,2,10,1,1,3849,39,36,6.79,6.4
2020-08-16,2,10,2,2,4739,46,41,6.86,6.4
2020-08-16,2,10,5,3,4852,37,8,6.91,6.4
2020-08-16,2,10,4,4,3234,19,11,6.87,6.4
2020-08-16,2,10,6,5,4020,5,24,6.95,6.4
2020-08-16,2,10,3,6,4154,38,19,6.86,6.4
2020-08-16,2,11,1,1,4459,6,31,6.83,69.6
2020-08-16,2,11,5,2,4437,55,10,6.88,69.6
2020-08-16,2,11,6,3,3832,29,37,6.86,69.6
2020-08-16,2,11,4,4,4643,26,22,6.84,69.6
2020-08-16,2,11,2,5,4260,53,9,6.91,69.6
2020-08-16,2,11,3,6,3401,27,16,7.04,69.6
2020-08-16,2,12,2,1,4387,47,28,6.77,22.8
2020-08-16,2,12,1,2,4823,64,21,6.81,22.8
2020-08-16,2,12,5,3,3509,22,44,6.84,22.8
2020-08-16,2,12,6,4,4170,61,49,6.89,22.8
2020-08-16,2,12,4,5,4642,62,48,6.87,22.8
2020-08-16,2,12,3,6,3254,49,4,6.86,22.8
2020-08-17,3,1,1,1,3910,65,18,6.82,15.3
2020-08-17,3,1,4,2,3064,7,45,6.83,15.3
2020-08-17,3,1,3,3,3553,1,46,6.79,15.3
2020-08-17,3,1,5,4,4010,52,59,6.84,15.3
2020-08-17,3,1,6,5,3543,11,26,6.82,15.3
2020-08-17,3,1,2,6,4894,24,29,6.82,15.3
2020-08-17,3,2,1,1,3701,31,39,6.74,50.6
2020-08-17,3,2,6,2,3509,22,44,6.87,50.6
2020-08-17,3,2,2,3,3578,50,38,6.83,50.6
2020-08-17,3,2,3,4,4821,21,33,6.85,50.6
2020-08-17,3,2,4,5,5032,32,34,6.85,50.6
2020-08-17,3,2,5,6,5136,18,6,6.87,50.6
2020-08-17,3,3,2,1,4154,38,19,6.76,44.5
2020-08-17,3,3,1,2,3187,17,30,6.77,44.5
2020-08-17,3,3,6,3,4452,58,14,6.79,44.5
2020-08-17,3,3,5,4,4823,64,21,6.79,44.5
2020-08-17,3,3,4,5,4437,55,10,6.86,44.5
2020-08-17,3,3,3,6,3234,19,11,6.82,44.5
2020-08-17,3,4,1,1,4034,16,5,6.86,42.4
2020-08-17,3,4,6,2,3568,34,13,6.85,42.4
2020-08-17,3,4,5,3,4020,5,24,6.88,42.4
2020-08-17,3,4,3,4,3855,25,25,6.83,42.4
2020-08-17,3,4,2,5,3401,27,16,6.83,42.4
2020-08-17,3,4,4,6,3849,39,36,6.86,42.4
2020-08-17,3,5,2,1,4643,26,22,6.74,9.2
2020-08-17,3,5,5,2,4772,8,47,6.76,9.2
2020-08-17,3,5,4,3,3832,29,37,6.85,9.2
2020-08-17,3,5,6,4,4511,66,17,6.78,9.2
2020-08-17,3,5,1,5,3254,49,4,6.83,9.2
2020-08-17,3,5,3,6,3710,63,43,6.77,9.2
2020-08-17,3,6,1,1,4776,20,12,6.87,4.1
2020-08-17,3,6,3,2,4030,51,32,6.89,4.1
2020-08-17,3,6,4,3,4739,46,41,6.84,4.1
2020-08-17,3,6,2,4,4946,28,27,6.83,4.1
2020-08-17,3,6,5,5,4170,61,49,6.9,4.1
2020-08-17,3,6,6,6,5136,18,6,6.86,4.1
2020-08-17,3,7,3,1,5043,10,40,6.87,375.7
2020-08-17,3,7,5,2,4260,53,9,6.91,375.7
2020-08-17,3,7,2,3,3701,31,39,6.78,375.7
2020-08-17,3,7,4,4,4894,24,29,6.86,375.7
2020-08-17,3,7,6,5,4387,47,28,6.85,375.7
2020-08-17,3,7,1,6,4852,37,8,6.84,375.7
2020-08-17,3,8,1,1,4437,55,10,6.76,3.9
2020-08-17,3,8,2,2,3837,14,15,6.82,3.9
2020-08-17,3,8,3,3,3660,44,20,6.87,3.9
2020-08-17,3,8,4,4,3401,27,16,6.89,3.9
2020-08-17,3,8,5,5,3553,1,46,6.87,3.9
2020-08-17,3,8,6,6,5032,32,34,6.88,3.9
2020-08-17,3,9,1,1,3832,29,37,6.76,26.7
2020-08-17,3,9,6,2,4459,6,31,6.89,26.7
2020-08-17,3,9,2,3,3849,39,36,6.84,26.7
2020-08-17,3,9,3,4,4823,64,21,6.83,26.7
2020-08-17,3,9,4,5,4821,21,33,6.86,26.7
2020-08-17,3,9,5,6,3910,65,18,6.85,26.7
2020-08-17,3,10,1,1,4739,46,41,6.78,13.2
2020-08-17,3,10,2,2,3855,25,25,6.85,13.2
2020-08-17,3,10,3,3,4642,62,48,6.87,13.2
2020-08-17,3,10,6,4,4010,52,59,6.87,13.2
2020-08-17,3,10,4,5,3187,17,30,6.9,13.2
2020-08-17,3,10,5,6,3541,59,23,6.88,13.2
2020-08-17,3,11,2,1,3568,34,13,6.84,83.8
2020-08-17,3,11,4,2,4772,8,47,6.79,83.8
2020-08-17,3,11,3,3,3543,11,26,6.91,83.8
2020-08-17,3,11,5,4,4154,38,19,6.85,83.8
2020-08-17,3,11,6,5,3578,50,38,6.8,83.8
2020-08-17,3,11,1,6,4260,53,9,6.85,83.8
2020-08-17,3,12,1,1,4030,51,32,6.86,5.8
2020-08-17,3,12,2,2,4852,37,8,6.85,5.8
2020-08-17,3,12,4,3,3837,14,15,6.89,5.8
2020-08-17,3,12,3,4,4020,5,24,6.86,5.8
2020-08-17,3,12,6,5,4643,26,22,6.84,5.8
2020-08-17,3,12,5,6,3064,7,45,6.96,5.8
2020-08-18,4,1,1,1,4821,21,33,6.82,20.5
2020-08-18,4,1,5,2,4776,20,12,6.82,20.5
2020-08-18,4,1,2,3,3254,49,4,6.85,20.5
2020-08-18,4,1,3,4,3401,27,16,6.86,20.5
2020-08-18,4,1,6,5,3234,19,11,6.86,20.5
2020-08-18,4,1,4,6,3509,22,44,6.84,20.5
2020-08-18,4,2,2,1,4034,16,5,6.8,79.6
2020-08-18,4,2,1,2,4170,61,49,6.78,79.6
2020-08-18,4,2,3,3,4894,24,29,6.88,79.6
2020-08-18,4,2,6,4,4823,64,21,6.83,79.6
2020-08-18,4,2,4,5,5043,10,40,6.82,79.6
2020-08-18,4,2,5,6,3578,50,38,6.82,79.6
2020-08-18,4,3,4,1,3541,59,23,6.82,36.4
2020-08-18,4,3,3,2,4643,26,22,6.77,36.4
2020-08-18,4,3,1,3,3710,63,43,6.84,36.4
2020-08-18,4,3,6,4,4946,28,27,6.9,36.4
2020-08-18,4,3,5,5,3701,31,39,6.8,36.4
2020-08-18,4,3,2,6,3660,44,20,6.86,36.4
2020-08-18,4,4,2,1,4459,6,31,6.85,38.6
2020-08-18,4,4,5,2,4452,58,14,6.77,38.6
2020-08-18,4,4,6,3,3553,1,46,6.86,38.6
2020-08-18,4,4,1,4,3855,25,25,6.79,38.6
2020-08-18,4,4,4,5,4020,5,24,6.87,38.6
2020-08-18,4,4,3,6,3064,7,45,6.9,38.6
2020-08-18,4,5,2,1,4772,8,47,6.8,44.2
2020-08-18,4,5,1,2,4010,52,59,6.91,44.2
2020-08-18,4,5,3,3,5032,32,34,6.81,44.2
2020-08-18,4,5,4,4,3832,29,37,6.88,44.2
2020-08-18,4,5,6,5,3187,17,30,6.96,44.2
2020-08-18,4,5,5,6,4387,47,28,6.78,44.2
2020-08-18,4,6,1,1,4642,62,48,6.78,7.9
2020-08-18,4,6,4,2,4437,55,10,6.93,7.9
2020-08-18,4,6,3,3,3837,14,15,6.88,7.9
2020-08-18,4,6,2,4,3234,19,11,6.89,7.9
2020-08-18,4,6,6,5,5136,18,6,6.88,7.9
2020-08-18,4,6,5,6,4034,16,5,6.87,7.9
2020-08-18,4,7,2,1,4776,20,12,6.78,58.4
2020-08-18,4,7,5,2,4030,51,32,6.84,58.4
2020-08-18,4,7,4,3,4511,66,17,6.81,58.4
2020-08-18,4,7,6,4,3660,44,20,6.85,58.4
2020-08-18,4,7,1,5,5043,10,40,6.88,58.4
2020-08-18,4,7,3,6,4260,53,9,6.83,58.4
2020-08-18,4,8,1,1,4459,6,31,6.81,26.1
2020-08-18,4,8,4,2,3849,39,36,6.88,26.1
2020-08-18,4,8,6,3,4894,24,29,6.88,26.1
2020-08-18,4,8,5,4,4946,28,27,6.89,26.1
2020-08-18,4,8,3,5,3509,22,44,6.87,26.1
2020-08-18,4,8,2,6,3543,11,26,6.87,26.1
2020-08-18,4,10,1,1,4772,8,47,6.77,5.5
2020-08-18,4,10,2,2,4452,58,14,6.81,5.5
2020-08-18,4,10,3,3,3568,34,13,6.85,5.5
2020-08-18,4,10,5,4,3254,49,4,6.88,5.5
2020-08-18,4,10,6,5,4437,55,10,6.78,5.5
2020-08-18,4,10,4,6,4170,61,49,6.87,5.5
2020-08-18,4,12,1,1,4030,51,32,6.81,5.2
2020-08-18,4,12,2,2,3541,59,23,6.87,5.2
2020-08-18,4,12,3,3,3543,11,26,6.84,5.2
2020-08-18,4,12,6,4,3837,14,15,6.9,5.2
2020-08-18,4,12,5,5,3832,29,37,6.92,5.2
2020-08-18,4,12,4,6,4823,64,21,6.93,5.2
2020-08-19,5,1,1,1,3553,1,46,6.83,8.8
2020-08-19,5,1,3,2,4511,66,17,6.72,8.8
2020-08-19,5,1,2,3,3710,63,43,6.84,8.8
2020-08-19,5,1,5,4,4823,64,21,6.92,8.8
2020-08-19,5,1,4,5,4946,28,27,6.87,8.8
2020-08-19,5,1,6,6,3855,25,25,6.88,8.8
2020-08-19,5,2,1,1,3234,19,11,6.82,16.0
2020-08-19,5,2,5,2,3701,31,39,6.82,16.0
2020-08-19,5,2,2,3,3187,17,30,6.88,16.0
2020-08-19,5,2,4,4,3660,44,20,6.85,16.0
2020-08-19,5,2,6,5,3509,22,44,6.83,16.0
2020-08-19,5,2,3,6,4170,61,49,6.78,16.0
2020-08-19,5,3,3,1,4387,47,28,6.85,40.1
2020-08-19,5,3,1,2,4034,16,5,6.86,40.1
2020-08-19,5,3,2,3,3910,65,18,6.83,40.1
2020-08-19,5,3,6,4,3568,34,13,6.84,40.1
2020-08-19,5,3,5,5,4452,58,14,6.9,40.1
2020-08-19,5,3,4,6,4010,52,59,6.82,40.1
2020-08-19,5,4,3,1,5043,10,40,6.85,69.9
2020-08-19,5,4,1,2,3543,11,26,6.83,69.9
2020-08-19,5,4,2,3,4642,62,48,6.78,69.9
2020-08-19,5,4,4,4,4821,21,33,6.89,69.9
2020-08-19,5,4,6,5,4772,8,47,6.8,69.9
2020-08-19,5,4,5,6,5136,18,6,6.86,69.9
2020-08-19,5,5,2,1,4020,5,24,6.93,391.1
2020-08-19,5,5,5,2,4030,51,32,6.83,391.1
2020-08-19,5,5,3,3,3254,49,4,6.86,391.1
2020-08-19,5,5,1,4,3832,29,37,6.85,391.1
2020-08-19,5,5,4,5,4154,38,19,6.9,391.1
2020-08-19,5,5,6,6,4459,6,31,6.85,391.1
2020-08-19,5,6,1,1,3849,39,36,6.91,13.8
2020-08-19,5,6,3,2,4852,37,8,6.88,13.8
2020-08-19,5,6,4,3,4776,20,12,6.92,13.8
2020-08-19,5,6,5,4,4894,24,29,6.92,13.8
2020-08-19,5,6,2,5,3837,14,15,6.88,13.8
2020-08-19,5,6,6,6,5032,32,34,6.83,13.8
2020-08-19,5,7,1,1,3064,7,45,6.84,12.4
2020-08-19,5,7,3,2,4739,46,41,6.89,12.4
2020-08-19,5,7,6,3,3541,59,23,6.82,12.4
2020-08-19,5,7,2,4,4511,66,17,6.84,12.4
2020-08-19,5,7,4,5,3234,19,11,6.92,12.4
2020-08-19,5,7,5,6,4643,26,22,6.84,12.4
2020-08-19,5,8,1,1,4437,55,10,6.83,7.2
2020-08-19,5,8,2,2,3401,27,16,6.92,7.2
2020-08-19,5,8,4,3,4260,53,9,6.84,7.2
2020-08-19,5,8,3,4,3578,50,38,6.87,7.2
2020-08-19,5,8,5,5,4010,52,59,6.9,7.2
2020-08-19,5,8,6,6,5136,18,6,6.89,7.2
2020-08-19,5,9,6,1,3543,11,26,6.87,1438.6
2020-08-19,5,9,1,2,4459,6,31,6.81,1438.6
2020-08-19,5,9,3,3,4154,38,19,6.83,1438.6
2020-08-19,5,9,4,4,4387,47,28,6.81,1438.6
2020-08-19,5,9,5,5,4642,62,48,6.82,1438.6
2020-08-19,5,9,2,6,4452,58,14,6.78,1438.6
2020-08-19,5,10,1,1,3568,34,13,6.83,4.8
2020-08-19,5,10,2,2,4030,51,32,6.82,4.8
2020-08-19,5,10,3,3,4776,20,12,6.84,4.8
2020-08-19,5,10,5,4,3910,65,18,6.94,4.8
2020-08-19,5,10,4,5,3837,14,15,6.88,4.8
2020-08-19,5,10,6,6,3553,1,46,6.88,4.8
2020-08-19,5,11,1,1,4772,8,47,6.77,5.3
2020-08-19,5,11,2,2,4643,26,22,6.83,5.3
2020-08-19,5,11,3,3,4437,55,10,6.83,5.3
2020-08-19,5,11,6,4,3832,29,37,6.91,5.3
2020-08-19,5,11,4,5,4739,46,41,6.86,5.3
2020-08-19,5,11,5,6,4020,5,24,6.88,5.3
2020-08-19,5,12,1,1,4260,53,9,6.87,4.6
2020-08-19,5,12,3,2,3541,59,23,6.88,4.6
2020-08-19,5,12,4,3,4852,37,8,6.87,4.6
2020-08-19,5,12,2,4,4821,21,33,6.89,4.6
2020-08-19,5,12,5,5,3710,63,43,6.97,4.6
2020-08-19,5,12,6,6,3254,49,4,6.81,4.6
2020-08-20,6,1,1,1,3254,49,4,6.82,46.6
2020-08-20,6,1,2,2,4010,52,59,6.86,46.6
2020-08-20,6,1,6,3,3234,19,11,6.85,46.6
2020-08-20,6,1,3,4,5032,32,34,6.77,46.6
2020-08-20,6,1,4,5,4034,16,5,6.88,46.6
2020-08-20,6,1,5,6,4170,61,49,6.78,46.6
2020-08-20,6,2,4,1,4823,64,21,6.83,40.3
2020-08-20,6,2,1,2,3509,22,44,6.85,40.3
2020-08-20,6,2,2,3,3660,44,20,6.84,40.3
2020-08-20,6,2,5,4,3578,50,38,6.87,40.3
2020-08-20,6,2,3,5,3710,63,43,6.88,40.3
2020-08-20,6,2,6,6,5136,18,6,6.83,40.3
2020-08-20,6,4,1,1,3553,1,46,6.89,25.2
2020-08-20,6,4,6,2,3849,39,36,6.9,25.2
2020-08-20,6,4,5,3,4511,66,17,6.92,25.2
2020-08-20,6,4,3,4,3701,31,39,6.86,25.2
2020-08-20,6,4,2,5,5043,10,40,6.93,25.2
2020-08-20,6,4,4,6,4642,62,48,6.85,25.2
2020-08-20,6,5,5,1,3837,14,15,6.88,222.4
2020-08-20,6,5,1,2,4452,58,14,6.91,222.4
2020-08-20,6,5,3,3,4170,61,49,6.87,222.4
2020-08-20,6,5,2,4,3910,65,18,6.85,222.4
2020-08-20,6,5,6,5,3064,7,45,6.88,222.4
2020-08-20,6,5,4,6,4946,28,27,6.99,222.4
2020-08-20,6,6,3,1,4387,47,28,6.82,13.4
2020-08-20,6,6,4,2,4260,53,9,6.9,13.4
2020-08-20,6,6,1,3,3832,29,37,6.81,13.4
2020-08-20,6,6,5,4,3660,44,20,6.87,13.4
2020-08-20,6,6,6,5,4034,16,5,6.91,13.4
2020-08-20,6,6,2,6,5032,32,34,6.86,13.4
2020-08-20,6,7,1,1,4776,20,12,6.94,12.3
2020-08-20,6,7,2,2,3578,50,38,6.92,12.3
2020-08-20,6,7,6,3,4437,55,10,6.92,12.3
2020-08-20,6,7,5,4,4739,46,41,6.92,12.3
2020-08-20,6,7,4,5,3855,25,25,6.89,12.3
2020-08-20,6,7,3,6,3509,22,44,6.83,12.3
2020-08-20,6,8,1,1,4154,38,19,6.83,13.8
2020-08-20,6,8,3,2,4823,64,21,6.87,13.8
2020-08-20,6,8,4,3,4852,37,8,6.85,13.8
2020-08-20,6,8,2,4,3849,39,36,6.97,13.8
2020-08-20,6,8,6,5,5043,10,40,6.89,13.8
2020-08-20,6,8,5,6,3187,17,30,6.96,13.8
2020-08-20,6,9,1,1,3541,59,23,6.9,9.7
2020-08-20,6,9,4,2,3064,7,45,6.93,9.7
2020-08-20,6,9,6,3,4260,53,9,6.79,9.7
2020-08-20,6,9,2,4,3701,31,39,6.82,9.7
2020-08-20,6,9,3,5,4894,24,29,6.97,9.7
2020-08-20,6,9,5,6,4946,28,27,6.97,9.7
2020-08-20,6,10,1,1,3837,14,15,6.95,7.4
2020-08-20,6,10,2,2,4739,46,41,6.95,7.4
2020-08-20,6,10,3,3,4642,62,48,6.92,7.4
2020-08-20,6,10,4,4,4452,58,14,6.93,7.4
2020-08-20,6,10,5,5,4020,5,24,6.89,7.4
2020-08-20,6,10,6,6,3553,1,46,6.96,7.4
2020-08-20,6,11,1,1,4437,55,10,6.94,9.7
2020-08-20,6,11,4,2,4387,47,28,6.98,9.7
2020-08-20,6,11,2,3,4776,20,12,6.92,9.7
2020-08-20,6,11,5,4,3910,65,18,6.91,9.7
2020-08-20,6,11,6,5,3832,29,37,6.84,9.7
2020-08-20,6,11,3,6,4154,38,19,6.91,9.7
2020-08-20,6,12,4,1,4459,6,31,6.87,42.5
2020-08-20,6,12,1,2,4772,8,47,6.86,42.5
2020-08-20,6,12,5,3,4030,51,32,6.98,42.5
2020-08-20,6,12,6,4,4643,26,22,6.98,42.5
2020-08-20,6,12,2,5,3568,34,13,6.9,42.5
2020-08-20,6,12,3,6,3543,11,26,6.94,42.5
2020-08-24,1,1,1,1,4222,15,62,6.83,47.1
2020-08-24,1,1,6,2,4469,65,47,6.89,47.1
2020-08-24,1,1,4,3,4323,22,44,6.85,47.1
2020-08-24,1,1,5,4,3699,56,35,6.81,47.1
2020-08-24,1,1,2,5,4224,63,48,6.83,47.1
2020-08-24,1,1,3,6,3482,33,54,6.88,47.1
2020-08-24,1,2,6,1,3880,66,65,6.86,234.1
2020-08-24,1,2,1,2,4187,5,63,6.8,234.1
2020-08-24,1,2,4,3,3875,7,50,6.84,234.1
2020-08-24,1,2,5,4,5073,4,39,6.87,234.1
2020-08-24,1,2,3,5,4794,40,36,6.83,234.1
2020-08-24,1,2,2,6,4909,43,55,6.83,234.1
2020-08-24,1,3,3,1,4703,38,26,6.81,25.2
2020-08-24,1,3,1,2,4098,54,52,6.86,25.2
2020-08-24,1,3,5,3,3736,58,61,6.82,25.2
2020-08-24,1,3,2,4,4215,26,25,6.87,25.2
2020-08-24,1,3,6,5,4504,32,34,6.82,25.2
2020-08-24,1,3,4,6,3883,29,57,6.92,25.2
2020-08-24,1,4,6,1,4108,35,41,6.91,125.1
2020-08-24,1,4,3,2,4561,10,46,6.75,125.1
2020-08-24,1,4,4,3,4250,16,40,6.9,125.1
2020-08-24,1,4,5,4,4702,60,31,6.86,125.1
2020-08-24,1,4,2,5,4938,28,23,6.81,125.1
2020-08-24,1,4,1,6,3851,36,30,6.83,125.1
2020-08-24,1,5,5,1,4765,64,49,6.81,1361.4
2020-08-24,1,5,4,2,4161,31,38,6.7,1361.4
2020-08-24,1,5,2,3,4736,12,29,6.83,1361.4
2020-08-24,1,5,1,4,3482,33,54,6.9,1361.4
2020-08-24,1,5,6,5,4205,30,43,6.8,1361.4
2020-08-24,1,5,3,6,3974,9,59,6.83,1361.4
2020-08-24,1,6,1,1,4826,1,56,6.79,27.0
2020-08-24,1,6,3,2,4530,41,19,6.82,27.0
2020-08-24,1,6,5,3,5037,57,37,6.91,27.0
2020-08-24,1,6,4,4,4537,21,58,6.89,27.0
2020-08-24,1,6,2,5,3692,3,45,6.88,27.0
2020-08-24,1,6,6,6,5118,24,53,6.85,27.0
2020-08-24,1,7,2,1,3188,13,9,6.87,90.4
2020-08-24,1,7,1,2,3445,34,7,6.86,90.4
2020-08-24,1,7,3,3,4365,46,60,6.81,90.4
2020-08-24,1,7,4,4,3996,48,2,6.91,90.4
2020-08-24,1,7,6,5,4215,26,25,6.93,90.4
2020-08-24,1,7,5,6,4323,22,44,6.94,90.4
2020-08-24,1,8,1,1,4308,50,51,6.8,8.1
2020-08-24,1,8,3,2,4395,37,66,6.94,8.1
2020-08-24,1,8,2,3,3736,58,61,6.86,8.1
2020-08-24,1,8,6,4,5073,4,39,6.82,8.1
2020-08-24,1,8,4,5,3815,2,64,6.99,8.1
2020-08-24,1,8,5,6,4222,15,62,6.96,8.1
2020-08-24,1,9,4,1,4469,65,47,6.83,239.2
2020-08-24,1,9,3,2,3880,66,65,6.82,239.2
2020-08-24,1,9,1,3,4583,39,3,6.82,239.2
2020-08-24,1,9,6,4,4161,31,38,6.79,239.2
2020-08-24,1,9,5,5,3877,45,17,6.87,239.2
2020-08-24,1,9,2,6,4561,10,46,6.73,239.2
2020-08-24,1,10,1,1,4703,38,26,6.86,34.3
2020-08-24,1,10,3,2,4702,60,31,6.97,34.3
2020-08-24,1,10,4,3,4794,40,36,6.82,34.3
2020-08-24,1,10,6,4,4736,12,29,6.88,34.3
2020-08-24,1,10,5,5,4826,1,56,6.94,34.3
2020-08-24,1,10,2,6,3699,56,35,6.88,34.3
2020-08-24,1,11,3,1,4938,28,23,6.87,475.5
2020-08-24,1,11,4,2,3188,13,9,6.83,475.5
2020-08-24,1,11,2,3,4098,54,52,6.87,475.5
2020-08-24,1,11,1,4,4530,41,19,6.82,475.5
2020-08-24,1,11,5,5,4909,43,55,6.86,475.5
2020-08-24,1,11,6,6,4224,63,48,6.89,475.5
2020-08-24,1,12,1,1,3996,48,2,6.84,30.5
2020-08-24,1,12,5,2,4504,32,34,6.84,30.5
2020-08-24,1,12,3,3,4205,30,43,6.83,30.5
2020-08-24,1,12,4,4,4308,50,51,6.81,30.5
2020-08-24,1,12,6,5,4537,21,58,6.87,30.5
2020-08-24,1,12,2,6,4108,35,41,6.92,30.5
2020-08-25,2,1,1,1,3875,7,50,6.82,13.6
2020-08-25,2,1,3,2,3445,34,7,6.83,13.6
2020-08-25,2,1,6,3,3877,45,20,6.9,13.6
2020-08-25,2,1,2,4,4765,64,49,6.84,13.6
2020-08-25,2,1,5,5,3815,2,64,6.88,13.6
2020-08-25,2,1,4,6,3974,9,59,6.91,13.6
2020-08-25,2,2,4,1,4395,37,66,6.87,33.4
2020-08-25,2,2,1,2,3883,29,57,6.88,33.4
2020-08-25,2,2,5,3,3692,3,45,6.82,33.4
2020-08-25,2,2,3,4,4187,5,63,6.79,33.4
2020-08-25,2,2,2,5,4250,16,40,6.96,33.4
2020-08-25,2,2,6,6,5118,24,53,6.87,33.4
2020-08-25,2,3,1,1,4215,26,25,6.82,26.4
2020-08-25,2,3,2,2,4222,15,62,6.87,26.4
2020-08-25,2,3,6,3,4530,41,19,6.81,26.4
2020-08-25,2,3,5,4,4583,39,3,6.83,26.4
2020-08-25,2,3,3,5,4108,35,41,6.91,26.4
2020-08-25,2,3,4,6,3851,36,30,6.79,26.4
2020-08-25,2,4,6,1,3996,48,2,6.84,62.4
2020-08-25,2,4,5,2,4561,10,46,6.86,62.4
2020-08-25,2,4,4,3,4365,46,60,6.84,62.4
2020-08-25,2,4,2,4,4702,60,31,6.92,62.4
2020-08-25,2,4,1,5,4224,63,48,6.84,62.4
2020-08-25,2,4,3,6,4098,54,52,6.93,62.4
2020-08-25,2,5,6,1,4308,50,51,6.83,15.7
2020-08-25,2,5,1,2,3699,56,35,6.86,15.7
2020-08-25,2,5,2,3,5037,57,37,6.92,15.7
2020-08-25,2,5,5,4,3188,13,9,6.88,15.7
2020-08-25,2,5,4,5,3482,33,6,6.97,15.7
2020-08-25,2,5,3,6,4765,64,49,6.88,15.7
2020-08-25,2,6,4,1,4703,38,26,6.88,48.8
2020-08-25,2,6,2,2,3880,66,65,6.85,48.8
2020-08-25,2,6,1,3,3736,58,61,6.87,48.8
2020-08-25,2,6,6,4,5073,4,39,6.87,48.8
2020-08-25,2,6,3,5,4537,21,58,6.94,48.8
2020-08-25,2,6,5,6,4938,28,23,6.92,48.8
2020-08-25,2,7,1,1,4161,31,38,6.75,4.4
2020-08-25,2,7,2,2,4205,30,43,6.8,4.4
2020-08-25,2,7,4,3,4504,32,34,6.82,4.4
2020-08-25,2,7,5,4,4794,40,36,6.88,4.4
2020-08-25,2,7,6,5,3851,36,30,6.94,4.4
2020-08-25,2,7,3,6,4909,43,55,6.86,4.4
2020-08-25,2,8,1,1,4736,12,29,6.82,10.9
2020-08-25,2,8,2,2,3877,45,20,6.89,10.9
2020-08-25,2,8,3,3,4323,22,44,6.86,10.9
2020-08-25,2,8,6,4,4250,16,40,6.93,10.9
2020-08-25,2,8,5,5,4365,46,60,6.89,10.9
2020-08-25,2,8,4,6,4108,35,41,6.95,10.9
2020-08-25,2,9,4,1,4826,1,56,6.85,28.1
2020-08-25,2,9,5,2,3996,48,2,6.99,28.1
2020-08-25,2,9,2,3,4469,65,47,6.93,28.1
2020-08-25,2,9,1,4,3188,13,9,6.79,28.1
2020-08-25,2,9,6,5,3974,9,59,6.89,28.1
2020-08-25,2,9,3,6,3883,29,57,6.96,28.1
2020-08-25,2,10,1,1,4537,21,58,6.84,4.9
2020-08-25,2,10,2,2,4308,50,51,6.87,4.9
2020-08-25,2,10,4,3,4583,39,3,6.91,4.9
2020-08-25,2,10,3,4,3875,7,50,6.93,4.9
2020-08-25,2,10,5,5,4395,37,66,6.96,4.9
2020-08-25,2,10,6,6,4702,60,31,6.88,4.9
2020-08-25,2,11,1,1,4504,32,34,6.88,4.6
2020-08-25,2,11,2,2,4703,38,26,6.91,4.6
2020-08-25,2,11,6,3,4561,10,46,6.83,4.6
2020-08-25,2,11,3,4,3815,2,64,7.04,4.6
2020-08-25,2,11,5,5,4187,5,63,6.94,4.6
2020-08-25,2,11,4,6,3699,56,35,6.99,4.6
2020-08-25,2,12,2,1,4530,41,19,6.91,41.1
2020-08-25,2,12,1,2,4205,30,43,6.83,41.1
2020-08-25,2,12,4,3,4736,12,29,6.92,41.1
2020-08-25,2,12,3,4,3736,58,61,6.91,41.1
2020-08-25,2,12,5,5,3445,34,7,6.97,41.1
2020-08-25,2,12,6,6,3692,3,45,6.9,41.1
2020-08-26,3,1,2,1,4583,39,3,6.86,60.1
2020-08-26,3,1,1,2,4250,16,40,6.94,60.1
2020-08-26,3,1,3,3,4215,26,25,6.86,60.1
2020-08-26,3,1,5,4,4161,31,38,6.79,60.1
2020-08-26,3,1,6,5,4098,54,52,6.93,60.1
2020-08-26,3,1,4,6,4561,10,16,6.8,60.1
2020-08-26,3,2,2,1,4794,40,36,6.85,55.9
2020-08-26,3,2,1,2,3692,3,45,6.86,55.9
2020-08-26,3,2,6,3,3482,33,6,6.89,55.9
2020-08-26,3,2,3,4,3883,29,57,6.86,55.9
2020-08-26,3,2,5,5,4224,63,48,6.8,55.9
2020-08-26,3,2,4,6,5037,57,37,6.88,55.9
2020-08-26,3,3,2,1,4323,22,44,6.9,124.0
2020-08-26,3,3,4,2,4530,41,19,6.88,124.0
2020-08-26,3,3,3,3,4504,32,34,6.82,124.0
2020-08-26,3,3,5,4,4469,65,47,6.85,124.0
2020-08-26,3,3,6,5,4222,15,62,6.88,124.0
2020-08-26,3,3,1,6,3974,9,59,6.95,124.0
2020-08-26,3,4,1,1,3880,66,65,6.82,18.1
2020-08-26,3,4,2,2,4826,1,56,6.85,18.1
2020-08-26,3,4,3,3,4537,21,58,6.77,18.1
2020-08-26,3,4,5,4,4205,30,43,6.75,18.1
2020-08-26,3,4,4,5,4187,5,63,6.83,18.1
2020-08-26,3,4,6,6,5118,24,53,6.91,18.1
2020-08-26,3,5,1,1,3877,45,20,6.86,53.3
2020-08-26,3,5,4,2,3188,13,9,6.91,53.3
2020-08-26,3,5,2,3,4365,46,60,6.87,53.3
2020-08-26,3,5,5,4,4215,26,25,6.93,53.3
2020-08-26,3,5,6,5,5073,4,39,6.84,53.3
2020-08-26,3,5,3,6,4308,50,51,6.89,53.3
2020-08-26,3,6,4,1,4736,12,29,6.86,98.2
2020-08-26,3,6,2,2,4395,37,66,6.93,98.2
2020-08-26,3,6,5,3,4098,54,52,6.9,98.2
2020-08-26,3,6,6,4,3875,7,50,6.88,98.2
2020-08-26,3,6,3,5,4108,35,41,6.98,98.2
2020-08-26,3,6,1,6,3815,2,64,6.88,98.2
2020-08-26,3,7,6,1,4703,38,4,6.97,38.0
2020-08-26,3,7,1,2,4469,65,47,6.83,38.0
2020-08-26,3,7,2,3,3996,48,2,6.92,38.0
2020-08-26,3,7,4,4,4909,43,55,6.92,38.0
2020-08-26,3,7,5,5,4250,16,40,6.99,38.0
2020-08-26,3,7,3,6,3692,3,45,6.96,38.0
2020-08-26,3,8,1,1,4561,10,16,6.78,4.0
2020-08-26,3,8,2,2,4504,32,34,6.81,4.0
2020-08-26,3,8,4,3,3445,34,7,6.89,4.0
2020-08-26,3,8,6,4,3883,29,57,6.94,4.0
2020-08-26,3,8,5,5,3880,66,65,6.88,4.0
2020-08-26,3,8,3,6,4765,64,49,6.88,4.0
2020-08-26,3,9,2,1,4537,21,58,6.82,42.8
2020-08-26,3,9,5,2,4530,41,19,6.88,42.8
2020-08-26,3,9,6,3,3699,56,35,6.83,42.8
2020-08-26,3,9,4,4,4938,28,23,6.79,42.8
2020-08-26,3,9,3,5,5037,57,37,6.92,42.8
2020-08-26,3,9,1,6,4702,60,31,6.89,42.8
2020-08-26,3,10,1,1,4108,35,41,6.91,9.4
2020-08-26,3,10,3,2,3188,13,9,6.92,9.4
2020-08-26,3,10,2,3,4161,31,38,6.85,9.4
2020-08-26,3,10,6,4,3736,58,61,6.83,9.4
2020-08-26,3,10,5,5,5118,24,53,6.99,9.4
2020-08-26,3,10,4,6,4224,63,48,6.89,9.4
2020-08-26,3,11,1,1,4205,30,43,6.8,13.6
2020-08-26,3,11,5,2,4703,38,4,6.88,13.6
2020-08-26,3,11,2,3,3815,2,64,6.96,13.6
2020-08-26,3,11,4,4,3877,45,20,6.9,13.6
2020-08-26,3,11,6,5,4583,39,3,6.87,13.6
2020-08-26,3,11,3,6,4222,15,62,6.96,13.6
2020-08-27,4,1,2,1,3880,66,65,6.76,29.2
2020-08-27,4,1,3,2,4794,40,36,6.87,29.2
2020-08-27,4,1,1,3,5037,57,37,6.89,29.2
2020-08-27,4,1,4,4,4222,15,62,6.91,29.2
2020-08-27,4,1,6,5,4765,64,49,6.84,29.2
2020-08-27,4,1,5,6,5073,4,39,6.84,29.2
2020-08-27,4,2,3,1,4224,63,48,6.85,87.8
2020-08-27,4,2,2,2,3482,33,6,6.91,87.8
2020-08-27,4,2,5,3,4250,16,40,6.87,87.8
2020-08-27,4,2,6,4,4187,5,63,6.87,87.8
2020-08-27,4,2,1,5,4909,43,55,6.88,87.8
2020-08-27,4,2,4,6,3883,29,57,6.9,87.8
2020-08-27,4,3,3,1,4205,30,43,6.79,14.0
2020-08-27,4,3,1,2,4323,22,44,6.88,14.0
2020-08-27,4,3,5,3,4530,41,19,6.86,14.0
2020-08-27,4,3,2,4,3445,34,7,6.84,14.0
2020-08-27,4,3,6,5,3815,2,64,6.89,14.0
2020-08-27,4,3,4,6,4938,28,23,6.87,14.0
2020-08-27,4,4,1,1,4395,37,66,6.77,34.2
2020-08-27,4,4,4,2,3699,56,35,6.94,34.2
2020-08-27,4,4,5,3,4736,12,29,6.89,34.2
2020-08-27,4,4,3,4,3736,58,61,6.84,34.2
2020-08-27,4,4,6,5,4365,46,60,6.87,34.2
2020-08-27,4,4,2,6,4583,39,3,6.86,34.2
2020-08-27,4,5,1,1,4161,31,38,6.78,36.6
2020-08-27,4,5,6,2,4703,38,4,6.93,36.6
2020-08-27,4,5,2,3,3875,7,50,6.88,36.6
2020-08-27,4,5,4,4,4469,65,47,6.93,36.6
2020-08-27,4,5,5,5,4826,1,56,6.86,36.6
2020-08-27,4,5,3,6,4098,54,52,7.03,36.6
2020-08-27,4,6,3,1,3996,48,2,6.88,32.3
2020-08-27,4,6,4,2,3188,13,9,6.84,32.3
2020-08-27,4,6,1,3,4561,10,16,6.78,32.3
2020-08-27,4,6,6,4,4794,40,36,6.9,32.3
2020-08-27,4,6,2,5,3877,45,20,6.85,32.3
2020-08-27,4,6,5,6,5118,24,53,6.92,32.3
2020-08-27,4,7,1,1,4308,50,51,6.94,11.2
2020-08-27,4,7,5,2,4504,32,34,6.99,11.2
2020-08-27,4,7,2,3,3692,3,45,7.09,11.2
2020-08-27,4,7,3,4,3815,2,64,7.04,11.2
2020-08-27,4,7,6,5,4108,35,41,6.99,11.2
2020-08-27,4,7,4,6,4323,22,44,7.06,11.2
2020-08-27,4,9,6,1,4161,31,38,6.88,771.2
2020-08-27,4,9,5,2,3445,34,7,6.94,771.2
2020-08-27,4,9,4,3,4395,37,66,7.0,771.2
2020-08-27,4,9,1,4,4530,41,19,6.87,771.2
2020-08-27,4,9,2,5,4736,12,29,6.92,771.2
2020-08-27,4,9,3,6,4469,65,47,6.98,771.2
2020-08-27,4,10,1,1,4703,38,4,6.85,16.0
2020-08-27,4,10,4,2,4205,30,43,6.83,16.0
2020-08-27,4,10,5,3,4583,39,3,6.9,16.0
2020-08-27,4,10,3,4,3188,13,9,6.9,16.0
2020-08-27,4,10,2,5,4826,1,56,6.8,16.0
2020-08-27,4,10,6,6,4561,10,16,6.91,16.0
2020-08-27,4,11,1,1,3996,48,2,6.86,10.8
2020-08-27,4,11,3,2,4308,50,51,6.9,10.8
2020-08-27,4,11,4,3,4537,21,58,6.93,10.8
2020-08-27,4,11,2,4,4504,32,34,6.84,10.8
2020-08-27,4,11,6,5,3875,7,50,6.94,10.8
2020-08-27,4,11,5,6,3877,45,20,6.94,10.8
2020-08-27,4,12,1,1,4938,28,23,6.85,26.3
2020-08-27,4,12,3,2,4909,43,55,6.91,26.3
2020-08-27,4,12,4,3,4765,64,49,6.93,26.3
2020-08-27,4,12,5,4,4224,63,48,6.89,26.3
2020-08-27,4,12,2,5,4098,54,52,6.9,26.3
2020-08-27,4,12,6,6,5118,24,53,6.92,26.3
2020-08-28,5,1,4,1,3692,3,45,6.89,228.7
2020-08-28,5,1,6,2,4909,43,55,6.89,228.7
2020-08-28,5,1,5,3,4222,15,62,6.92,228.7
2020-08-28,5,1,2,4,4187,5,63,6.85,228.7
2020-08-28,5,1,1,5,4794,40,36,6.9,228.7
2020-08-28,5,1,3,6,4938,28,23,6.82,228.7
2020-08-28,5,2,1,1,4365,46,60,6.82,14.6
2020-08-28,5,2,3,2,4250,16,40,6.89,14.6
2020-08-28,5,2,4,3,3883,29,57,6.93,14.6
2020-08-28,5,2,2,4,3482,33,6,6.98,14.6
2020-08-28,5,2,5,5,4098,54,52,6.89,14.6
2020-08-28,5,2,6,6,5073,4,39,6.89,14.6
2020-08-28,5,3,3,1,3815,2,64,6.97,59.6
2020-08-28,5,3,4,2,3880,66,65,6.95,59.6
2020-08-28,5,3,5,3,3699,56,35,6.91,59.6
2020-08-28,5,3,2,4,4224,63,48,6.87,59.6
2020-08-28,5,3,6,5,5118,24,53,6.95,59.6
2020-08-28,5,3,1,6,3875,7,50,6.88,59.6
2020-08-28,5,4,1,1,4765,64,49,6.86,71.2
2020-08-28,5,4,4,2,4323,22,44,6.99,71.2
2020-08-28,5,4,2,3,3877,45,20,6.97,71.2
2020-08-28,5,4,3,4,5037,57,37,6.99,71.2
2020-08-28,5,4,6,5,3736,58,61,6.89,71.2
2020-08-28,5,4,5,6,4395,37,66,6.98,71.2
2020-08-28,5,5,1,1,4469,65,47,6.88,15.5
2020-08-28,5,5,4,2,4794,40,36,6.92,15.5
2020-08-28,5,5,2,3,4736,12,29,6.88,15.5
2020-08-28,5,5,5,4,4108,35,41,7.03,15.5
2020-08-28,5,5,6,5,4215,26,25,6.95,15.5
2020-08-28,5,5,3,6,4187,5,63,6.94,15.5
2020-08-28,5,6,1,1,4504,32,34,6.86,16.9
2020-08-28,5,6,4,2,4583,39,3,7.03,16.9
2020-08-28,5,6,6,3,4938,28,23,6.92,16.9
2020-08-28,5,6,2,4,4826,1,56,6.88,16.9
2020-08-28,5,6,3,5,3883,29,57,7.02,16.9
2020-08-28,5,6,5,6,5073,4,39,6.81,16.9
2020-08-28,5,7,1,1,4561,10,16,6.82,5.8
2020-08-28,5,7,6,2,4537,21,58,6.74,5.8
2020-08-28,5,7,2,3,4222,15,62,6.91,5.8
2020-08-28,5,7,4,4,3482,33,6,6.91,5.8
2020-08-28,5,7,5,5,5118,24,53,6.83,5.8
2020-08-28,5,7,3,6,4909,43,55,6.77,5.8
2020-08-28,5,8,1,1,3188,13,9,6.82,12.6
2020-08-28,5,8,2,2,3815,2,64,6.96,12.6
2020-08-28,5,8,4,3,4530,41,19,6.78,12.6
2020-08-28,5,8,5,4,3692,3,45,6.87,12.6
2020-08-28,5,8,3,5,4365,46,60,6.79,12.6
2020-08-28,5,8,6,6,5037,57,37,6.88,12.6
2020-08-28,5,9,1,1,4108,35,41,7.05,6.1
2020-08-28,5,9,3,2,3699,56,35,6.82,6.1
2020-08-28,5,9,5,3,3880,66,65,6.93,6.1
2020-08-28,5,9,2,4,4250,16,40,6.94,6.1
2020-08-28,5,9,4,5,4765,64,49,6.85,6.1
2020-08-28,5,9,6,6,4323,22,44,6.9,6.1
2020-08-28,5,10,1,1,4395,37,66,6.9,9.7
2020-08-28,5,10,3,2,4504,32,34,6.75,9.7
2020-08-28,5,10,2,3,4583,39,3,6.92,9.7
2020-08-28,5,10,4,4,4736,12,29,6.79,9.7
2020-08-28,5,10,5,5,3877,45,20,6.93,9.7
2020-08-28,5,10,6,6,4561,10,16,6.85,9.7
2020-08-28,5,11,1,1,4537,21,58,6.88,5.6
2020-08-28,5,11,2,2,4530,41,19,6.76,5.6
2020-08-28,5,11,4,3,4826,1,56,6.92,5.6
2020-08-28,5,11,6,4,4469,65,47,6.9,5.6
2020-08-28,5,11,3,5,3188,13,9,6.94,5.6
2020-08-28,5,11,5,6,3875,7,50,6.94,5.6
2020-08-28,5,12,3,1,4161,31,38,6.77,66.1
2020-08-28,5,12,5,2,4205,30,43,6.79,66.1
2020-08-28,5,12,1,3,3996,48,2,6.93,66.1
2020-08-28,5,12,6,4,3445,34,7,6.87,66.1
2020-08-28,5,12,2,5,4703,38,4,6.9,66.1
2020-08-28,5,12,4,6,4308,50,51,6.83,66.1
2020-08-31,1,1,2,1,3935,48,58,6.9,56.0
2020-08-31,1,1,3,2,4529,6,53,6.94,56.0
2020-08-31,1,1,4,3,4120,30,33,6.94,56.0
2020-08-31,1,1,5,4,3757,61,10,6.79,56.0
2020-08-31,1,1,6,5,4122,45,59,6.88,56.0
2020-08-31,1,1,1,6,3471,25,50,6.9,56.0
2020-08-31,1,2,5,1,4903,37,60,6.83,30.3
2020-08-31,1,2,1,2,4331,57,54,6.83,30.3
2020-08-31,1,2,3,3,3587,56,62,6.84,30.3
2020-08-31,1,2,4,4,4315,52,57,6.8,30.3
2020-08-31,1,2,2,5,3164,17,35,6.89,30.3
2020-08-31,1,2,6,6,3535,63,23,6.8,30.3
2020-08-31,1,3,5,1,4470,47,52,6.8,283.7
2020-08-31,1,3,2,2,3843,14,1,6.87,283.7
2020-08-31,1,3,6,3,4384,40,15,6.9,283.7
2020-08-31,1,3,4,4,4732,28,22,6.85,283.7
2020-08-31,1,3,1,5,3682,20,8,6.82,283.7
2020-08-31,1,3,3,6,4521,64,18,6.85,283.7
2020-08-31,1,5,1,1,4886,13,11,6.83,31.9
2020-08-31,1,5,4,2,3860,62,9,6.97,31.9
2020-08-31,1,5,2,3,3869,41,17,6.88,31.9
2020-08-31,1,5,5,4,4142,9,63,6.96,31.9
2020-08-31,1,5,6,5,4137,18,61,6.84,31.9
2020-08-31,1,5,3,6,3498,24,32,6.87,31.9
2020-08-31,1,6,1,1,3629,38,56,6.9,5.8
2020-08-31,1,6,3,2,4757,11,2,6.96,5.8
2020-08-31,1,6,4,3,4218,3,36,6.94,5.8
2020-08-31,1,6,5,4,4396,27,51,6.93,5.8
2020-08-31,1,6,6,5,3372,49,5,6.84,5.8
2020-08-31,1,6,2,6,4518,22,64,6.86,5.8
2020-08-31,1,7,4,1,3554,12,66,6.93,101.6
2020-08-31,1,7,1,2,3965,59,12,6.98,101.6
2020-08-31,1,7,6,3,3164,17,35,6.94,101.6
2020-08-31,1,7,5,4,4732,28,22,7.01,101.6
2020-08-31,1,7,2,5,4466,15,46,7.0,101.6
2020-08-31,1,7,3,6,3471,25,41,7.03,101.6
2020-08-31,1,8,1,1,3347,51,55,6.95,23.7
2020-08-31,1,8,3,2,4035,53,31,6.92,23.7
2020-08-31,1,8,5,3,3935,48,58,6.98,23.7
2020-08-31,1,8,2,4,3546,60,27,7.04,23.7
2020-08-31,1,8,4,5,4367,44,30,6.94,23.7
2020-08-31,1,8,6,6,3843,14,1,6.97,23.7
2020-08-31,1,9,1,1,4470,47,52,6.87,13.4
2020-08-31,1,9,2,2,4142,9,63,6.88,13.4
2020-08-31,1,9,6,3,4120,30,33,6.95,13.4
2020-08-31,1,9,3,4,4060,21,24,6.92,13.4
2020-08-31,1,9,5,5,3587,56,62,7.0,13.4
2020-08-31,1,9,4,6,4103,4,49,7.01,13.4
2020-08-31,1,10,1,1,4218,3,36,6.89,8.8
2020-08-31,1,10,5,2,4886,13,11,6.88,8.8
2020-08-31,1,10,2,3,4122,45,59,6.93,8.8
2020-08-31,1,10,6,4,4053,8,40,6.86,8.8
2020-08-31,1,10,3,5,3682,20,8,6.89,8.8
2020-08-31,1,10,4,6,3535,63,19,6.91,8.8
2020-08-31,1,11,2,1,3757,61,10,6.89,345.9
2020-08-31,1,11,5,2,3629,38,56,6.93,345.9
2020-08-31,1,11,6,3,4521,64,18,6.88,345.9
2020-08-31,1,11,3,4,4903,37,60,6.93,345.9
2020-08-31,1,11,1,5,4466,15,46,6.9,345.9
2020-08-31,1,11,4,6,4070,55,65,6.93,345.9
2020-08-31,1,12,4,1,4384,40,15,6.94,167.4
2020-08-31,1,12,6,2,4757,11,2,6.91,167.4
2020-08-31,1,12,1,3,3554,12,66,6.78,167.4
2020-08-31,1,12,5,4,4137,18,61,6.92,167.4
2020-08-31,1,12,3,5,4413,36,7,6.97,167.4
2020-08-31,1,12,2,6,3347,51,55,6.88,167.4
2020-09-01,2,1,2,1,4035,53,31,6.84,29.0
2020-09-01,2,1,4,2,4470,47,52,6.87,29.0
2020-09-01,2,1,3,3,4331,57,54,6.91,29.0
2020-09-01,2,1,5,4,3965,59,12,6.96,29.0
2020-09-01,2,1,6,5,3546,60,27,6.99,29.0
2020-09-01,2,1,1,6,3372,49,5,6.85,29.0
2020-09-01,2,2,3,1,3164,17,35,6.9,58.2
2020-09-01,2,2,1,2,3869,41,17,6.84,58.2
2020-09-01,2,2,5,3,4529,6,53,6.94,58.2
2020-09-01,2,2,2,4,4315,52,57,6.86,58.2
2020-09-01,2,2,6,5,3335,19,13,6.93,58.2
2020-09-01,2,2,4,6,3498,24,32,6.88,58.2
2020-09-01,2,3,5,1,4120,30,33,7.13,190.4
2020-09-01,2,3,1,2,3535,63,19,7.08,190.4
2020-09-01,2,3,4,3,4060,21,24,6.98,190.4
2020-09-01,2,3,2,4,4396,27,51,7.01,190.4
2020-09-01,2,3,6,5,3554,12,66,7.02,190.4
2020-09-01,2,3,3,6,3079,33,21,7.0,190.4
2020-09-01,2,4,2,1,4070,55,65,6.94,52.1
2020-09-01,2,4,4,2,3682,20,8,6.97,52.1
2020-09-01,2,4,3,3,4367,44,30,7.0,52.1
2020-09-01,2,4,5,4,4384,40,15,7.0,52.1
2020-09-01,2,4,1,5,3860,62,9,6.98,52.1
2020-09-01,2,4,6,6,3471,25,41,7.01,52.1
2020-09-01,2,5,1,1,4122,45,59,6.82,69.6
2020-09-01,2,5,6,2,3347,51,55,6.9,69.6
2020-09-01,2,5,4,3,4035,53,31,6.81,69.6
2020-09-01,2,5,3,4,4732,28,22,6.85,69.6
2020-09-01,2,5,5,5,4466,15,46,6.9,69.6
2020-09-01,2,5,2,6,4103,4,49,6.86,69.6
2020-09-01,2,6,2,1,4903,37,60,6.86,107.4
2020-09-01,2,6,1,2,4053,8,40,6.81,107.4
2020-09-01,2,6,5,3,3843,14,1,7.0,107.4
2020-09-01,2,6,3,4,4218,3,36,6.93,107.4
2020-09-01,2,6,4,5,4886,13,11,6.92,107.4
2020-09-01,2,6,6,6,3587,56,62,6.89,107.4
2020-09-01,2,7,2,1,4757,11,2,6.87,7.7
2020-09-01,2,7,1,2,4120,30,33,6.91,7.7
2020-09-01,2,7,4,3,3935,48,58,6.92,7.7
2020-09-01,2,7,6,4,4142,9,63,6.93,7.7
2020-09-01,2,7,5,5,3869,41,17,6.88,7.7
2020-09-01,2,7,3,6,3372,49,5,6.91,7.7
2020-09-01,2,8,1,1,4384,40,15,6.93,13.4
2020-09-01,2,8,3,2,4518,22,64,6.78,13.4
2020-09-01,2,8,2,3,4137,18,61,6.93,13.4
2020-09-01,2,8,4,4,3629,38,56,6.87,13.4
2020-09-01,2,8,6,5,4331,57,54,6.95,13.4
2020-09-01,2,8,5,6,4315,52,57,6.96,13.4
2020-09-01,2,10,1,1,4070,55,65,6.9,16.6
2020-09-01,2,10,3,2,4466,15,46,6.95,16.6
2020-09-01,2,10,5,3,3164,17,35,6.97,16.6
2020-09-01,2,10,2,4,4886,13,11,6.92,16.6
2020-09-01,2,10,6,5,3965,59,12,6.98,16.6
2020-09-01,2,10,4,6,4396,27,51,6.96,16.6
2020-09-01,2,11,1,1,4757,11,2,6.86,15.4
2020-09-01,2,11,6,2,4060,21,24,6.89,15.4
2020-09-01,2,11,2,3,4218,3,36,6.9,15.4
2020-09-01,2,11,5,4,3546,60,27,7.04,15.4
2020-09-01,2,11,4,5,4122,45,59,6.94,15.4
2020-09-01,2,11,3,6,3335,19,13,6.98,15.4
2020-09-01,2,12,1,1,4137,18,61,6.93,16.8
2020-09-01,2,12,2,2,4470,47,52,7.04,16.8
2020-09-01,2,12,6,3,4367,44,30,6.9,16.8
2020-09-01,2,12,5,4,4053,8,40,6.93,16.8
2020-09-01,2,12,3,5,4142,9,63,6.95,16.8
2020-09-01,2,12,4,6,3079,33,21,6.98,16.8
2020-09-02,3,1,1,1,3587,56,62,6.99,16.8
2020-09-02,3,1,2,2,4521,64,18,6.98,16.8
2020-09-02,3,1,6,3,4886,13,11,7.08,16.8
2020-09-02,3,1,3,4,4396,27,51,6.96,16.8
2020-09-02,3,1,4,5,3682,20,8,6.89,16.8
2020-09-02,3,1,5,6,4331,57,54,7.0,16.8
2020-09-02,3,2,1,1,4529,6,53,6.92,9.3
2020-09-02,3,2,5,2,4518,22,64,6.8,9.3
2020-09-02,3,2,3,3,3869,41,17,6.97,9.3
2020-09-02,3,2,6,4,3860,62,9,7.02,9.3
2020-09-02,3,2,2,5,3372,49,5,6.89,9.3
2020-09-02,3,2,4,6,3471,25,41,7.09,9.3
2020-09-02,3,3,4,1,3757,61,10,6.88,87.8
2020-09-02,3,3,1,2,3335,19,13,7.0,87.8
2020-09-02,3,3,5,3,4218,3,36,6.97,87.8
2020-09-02,3,3,6,4,4070,55,65,6.93,87.8
2020-09-02,3,3,3,5,3935,48,58,6.96,87.8
2020-09-02,3,3,2,6,4732,28,22,6.92,87.8
2020-09-02,3,4,2,1,3965,59,12,7.02,86.0
2020-09-02,3,4,5,2,4035,53,31,6.97,86.0
2020-09-02,3,4,4,3,4142,9,63,7.02,86.0
2020-09-02,3,4,3,4,3535,63,19,6.97,86.0
2020-09-02,3,4,1,5,3843,14,1,7.02,86.0
2020-09-02,3,4,6,6,3629,38,56,7.01,86.0
2020-09-02,3,5,5,1,4757,11,2,7.09,120.4
2020-09-02,3,5,6,2,4470,47,52,6.99,120.4
2020-09-02,3,5,2,3,4331,57,54,7.07,120.4
2020-09-02,3,5,3,4,4120,30,33,7.08,120.4
2020-09-02,3,5,4,5,4903,37,60,7.0,120.4
2020-09-02,3,5,1,6,3164,17,35,7.04,120.4
2020-09-02,3,6,1,1,4367,44,30,7.0,7.6
2020-09-02,3,6,4,2,4137,18,61,7.02,7.6
2020-09-02,3,6,3,3,3546,60,27,7.06,7.6
2020-09-02,3,6,2,4,3587,56,62,7.07,7.6
2020-09-02,3,6,5,5,4103,4,49,7.1,7.6
2020-09-02,3,6,6,6,3869,41,17,7.01,7.6
2020-09-02,3,7,4,1,4732,28,22,6.97,248.4
2020-09-02,3,7,1,2,4060,21,24,6.95,248.4
2020-09-02,3,7,3,3,4315,52,57,7.07,248.4
2020-09-02,3,7,5,4,4122,45,59,7.09,248.4
2020-09-02,3,7,6,5,4529,6,53,6.95,248.4
2020-09-02,3,7,2,6,4384,40,15,7.05,248.4
2020-09-02,3,8,1,1,4142,9,63,7.02,27.4
2020-09-02,3,8,3,2,3335,19,13,7.0,27.4
2020-09-02,3,8,2,3,3554,12,66,6.99,27.4
2020-09-02,3,8,4,4,4053,8,40,6.94,27.4
2020-09-02,3,8,6,5,3682,20,8,6.98,27.4
2020-09-02,3,8,5,6,3372,49,5,7.0,27.4
2020-09-02,3,9,3,1,4903,37,60,6.98,305.3
2020-09-02,3,9,5,2,4396,27,51,7.03,305.3
2020-09-02,3,9,1,3,3757,61,10,6.91,305.3
2020-09-02,3,9,6,4,4466,15,46,7.03,305.3
2020-09-02,3,9,2,5,3629,38,56,6.94,305.3
2020-09-02,3,9,4,6,3860,62,9,7.01,305.3
2020-09-02,3,10,4,1,4518,22,64,6.89,64.7
2020-09-02,3,10,1,2,3546,60,27,6.91,64.7
2020-09-02,3,10,6,3,4218,3,36,7.01,64.7
2020-09-02,3,10,5,4,4521,64,18,6.97,64.7
2020-09-02,3,10,3,5,3843,14,3,7.07,64.7
2020-09-02,3,10,2,6,4120,30,33,6.97,64.7
2020-09-02,3,11,3,1,4070,55,65,6.99,128.6
2020-09-02,3,11,5,2,4886,13,11,6.99,128.6
2020-09-02,3,11,4,3,4757,11,2,6.99,128.6
2020-09-02,3,11,2,4,4060,21,24,7.05,128.6
2020-09-02,3,11,1,5,4137,18,61,6.97,128.6
2020-09-02,3,11,6,6,4035,53,31,6.95,128.6
2020-09-02,3,12,3,1,4384,40,15,6.99,30.5
2020-09-02,3,12,5,2,4470,47,52,6.99,30.5
2020-09-02,3,12,1,3,3554,12,66,6.96,30.5
2020-09-02,3,12,4,4,3965,59,12,7.07,30.5
2020-09-02,3,12,2,5,4367,44,30,6.89,30.5
2020-09-02,3,12,6,6,3935,48,58,7.01,30.5
2020-09-03,4,1,1,1,4315,52,57,6.77,40.8
2020-09-03,4,1,3,2,4053,8,40,6.72,40.8
2020-09-03,4,1,5,3,3869,41,17,6.87,40.8
2020-09-03,4,1,2,4,3682,20,8,6.81,40.8
2020-09-03,4,1,4,5,4732,28,22,6.77,40.8
2020-09-03,4,1,6,6,3546,60,27,6.95,40.8
2020-09-03,4,2,1,1,4396,27,51,6.86,21.1
2020-09-03,4,2,2,2,3471,25,41,6.95,21.1
2020-09-03,4,2,3,3,3535,63,19,6.81,21.1
2020-09-03,4,2,6,4,4331,57,54,6.88,21.1
2020-09-03,4,2,4,5,4103,4,49,6.94,21.1
2020-09-03,4,2,5,6,3843,14,3,6.91,21.1
2020-09-03,4,3,5,1,4070,55,65,6.8,150.0
2020-09-03,4,3,3,2,3860,62,9,6.89,150.0
2020-09-03,4,3,2,3,4122,45,59,6.81,150.0
2020-09-03,4,3,6,4,3554,12,66,6.84,150.0
2020-09-03,4,3,1,5,3935,48,58,6.83,150.0
2020-09-03,4,3,4,6,4035,53,31,6.81,150.0
2020-09-03,4,4,1,1,4903,37,60,6.78,9.7
2020-09-03,4,4,2,2,4466,15,46,6.86,9.7
2020-09-03,4,4,3,3,4529,6,53,6.85,9.7
2020-09-03,4,4,6,4,4470,47,52,6.87,9.7
2020-09-03,4,4,5,5,4060,21,24,6.81,9.7
2020-09-03,4,4,4,6,3587,56,62,6.89,9.7
2020-09-03,4,5,4,1,4384,40,15,6.9,35.7
2020-09-03,4,5,5,2,3757,61,10,6.84,35.7
2020-09-03,4,5,1,3,4518,22,64,6.76,35.7
2020-09-03,4,5,2,4,3164,17,35,6.88,35.7
2020-09-03,4,5,3,5,3869,41,17,6.86,35.7
2020-09-03,4,5,6,6,4137,18,61,6.86,35.7
2020-09-03,4,6,2,1,4521,64,18,6.89,33.6
2020-09-03,4,6,1,2,4142,9,63,6.79,33.6
2020-09-03,4,6,4,3,3629,38,56,6.84,33.6
2020-09-03,4,6,5,4,3471,25,41,6.95,33.6
2020-09-03,4,6,3,5,4218,3,36,6.82,33.6
2020-09-03,4,6,6,6,4732,28,22,6.83,33.6
2020-09-03,4,7,6,1,4757,11,2,6.91,76.2
2020-09-03,4,7,4,2,4053,8,40,6.8,76.2
2020-09-03,4,7,1,3,3335,19,13,6.95,76.2
2020-09-03,4,7,3,4,4367,44,30,6.87,76.2
2020-09-03,4,7,5,5,4122,45,59,6.93,76.2
2020-09-03,4,7,2,6,4886,13,11,6.87,76.2
2020-09-03,4,8,1,1,3965,59,12,6.88,5.7
2020-09-03,4,8,2,2,4120,30,33,6.86,5.7
2020-09-03,4,8,4,3,4466,15,46,6.86,5.7
2020-09-03,4,8,5,4,3535,63,19,6.82,5.7
2020-09-03,4,8,3,5,4315,52,57,6.78,5.7
2020-09-03,4,8,6,6,4103,4,49,6.95,5.7
2020-09-03,4,9,1,1,4035,53,31,6.8,48.9
2020-09-03,4,9,3,2,4384,40,15,6.88,48.9
2020-09-03,4,9,4,3,4529,6,53,6.78,48.9
2020-09-03,4,9,5,4,3554,12,66,6.87,48.9
2020-09-03,4,9,2,5,4903,37,60,6.83,48.9
2020-09-03,4,9,6,6,4142,9,63,6.85,48.9
2020-09-03,4,11,1,1,4757,11,2,6.86,49.9
2020-09-03,4,11,5,2,4367,44,30,6.96,49.9
2020-09-03,4,11,2,3,4070,55,65,6.79,49.9
2020-09-03,4,11,6,4,3965,59,12,7.03,49.9
2020-09-03,4,11,4,5,4218,3,36,6.93,49.9
2020-09-03,4,11,3,6,4137,18,61,6.91,49.9
2020-09-03,4,12,1,1,4120,30,33,6.86,20.9
2020-09-03,4,12,6,2,3629,38,56,6.89,20.9
2020-09-03,4,12,3,3,3546,60,27,6.93,20.9
2020-09-03,4,12,5,4,3164,17,35,6.9,20.9
2020-09-03,4,12,4,5,3935,48,58,6.93,20.9
2020-09-03,4,12,2,6,3587,56,62,6.94,20.9
2020-09-04,5,1,4,1,3587,56,62,6.92,76.7
2020-09-04,5,1,1,2,4331,57,54,6.89,76.7
2020-09-04,5,1,5,3,3860,62,9,6.95,76.7
2020-09-04,5,1,6,4,4315,52,57,6.94,76.7
2020-09-04,5,1,2,5,3535,63,19,6.84,76.7
2020-09-04,5,1,3,6,4672,32,29,6.83,76.7
2020-09-04,5,2,2,1,3471,25,41,7.03,180.8
2020-09-04,5,2,4,2,3843,14,3,6.97,180.8
2020-09-04,5,2,6,3,3335,19,13,6.94,180.8
2020-09-04,5,2,5,4,3682,20,8,6.99,180.8
2020-09-04,5,2,1,5,4103,4,49,6.99,180.8
2020-09-04,5,2,3,6,4636,43,20,6.92,180.8
2020-09-04,5,3,1,1,4732,28,22,6.97,16.2
2020-09-04,5,3,3,2,4122,45,59,6.92,16.2
2020-09-04,5,3,4,3,3629,38,56,6.89,16.2
2020-09-04,5,3,2,4,4396,27,51,6.96,16.2
2020-09-04,5,3,6,5,4120,30,33,6.99,16.2
2020-09-04,5,3,5,6,4529,6,53,6.88,16.2
2020-09-04,5,4,3,1,4466,15,46,6.94,30.2
2020-09-04,5,4,5,2,4053,8,40,6.85,30.2
2020-09-04,5,4,1,3,3935,48,58,7.05,30.2
2020-09-04,5,4,6,4,4060,21,24,6.96,30.2
2020-09-04,5,4,4,5,3164,17,35,6.96,30.2
2020-09-04,5,4,2,6,3869,41,17,6.86,30.2
2020-09-04,5,5,5,1,4070,55,65,7.0,44.7
2020-09-04,5,5,1,2,3546,60,27,7.0,44.7
2020-09-04,5,5,3,3,4315,52,57,6.96,44.7
2020-09-04,5,5,2,4,3860,62,9,6.98,44.7
2020-09-04,5,5,6,5,4518,22,64,6.8,44.7
2020-09-04,5,5,4,6,3965,59,12,7.04,44.7
2020-09-04,5,6,2,1,4137,18,61,6.98,70.8
2020-09-04,5,6,1,2,3757,61,10,6.83,70.8
2020-09-04,5,6,5,3,3471,25,41,7.08,70.8
2020-09-04,5,6,3,4,3535,63,19,7.02,70.8
2020-09-04,5,6,4,5,3554,12,66,6.93,70.8
2020-09-04,5,6,6,6,4636,43,20,6.91,70.8
2020-09-04,5,7,1,1,4142,9,63,6.94,6.9
2020-09-04,5,7,2,2,4521,64,18,6.87,6.9
2020-09-04,5,7,5,3,4120,30,33,6.96,6.9
2020-09-04,5,7,6,4,4903,37,60,6.82,6.9
2020-09-04,5,7,3,5,4103,4,49,6.98,6.9
2020-09-04,5,7,4,6,4331,57,54,7.02,6.9
2020-09-04,5,8,1,1,4218,3,36,6.84,4.0
2020-09-04,5,8,2,2,4053,8,40,6.77,4.0
2020-09-04,5,8,4,3,4122,45,59,6.85,4.0
2020-09-04,5,8,5,4,3587,56,62,6.86,4.0
2020-09-04,5,8,6,5,4396,27,51,6.95,4.0
2020-09-04,5,8,3,6,3164,17,35,6.92,4.0
2020-09-04,5,9,1,1,3629,38,56,6.78,8.0
2020-09-04,5,9,2,2,3843,14,3,6.85,8.0
2020-09-04,5,9,5,3,4466,15,46,6.84,8.0
2020-09-04,5,9,3,4,3546,60,27,6.89,8.0
2020-09-04,5,9,4,5,3682,20,8,6.81,8.0
2020-09-04,5,9,6,6,4672,32,29,6.76,8.0
2020-09-04,5,10,1,1,4060,21,24,6.77,97.6
2020-09-04,5,10,5,2,4137,18,61,6.87,97.6
2020-09-04,5,10,6,3,3935,48,58,6.81,97.6
2020-09-04,5,10,3,4,3965,59,12,6.92,97.6
2020-09-04,5,10,4,5,4903,37,60,6.79,97.6
2020-09-04,5,10,2,6,3554,12,66,6.78,97.6
2020-09-04,5,11,1,1,4070,55,65,6.75,21.2
2020-09-04,5,11,4,2,4218,3,36,6.86,21.2
2020-09-04,5,11,2,3,4529,6,53,6.86,21.2
2020-09-04,5,11,5,4,4521,64,18,6.81,21.2
2020-09-04,5,11,3,5,3757,61,10,6.75,21.2
2020-09-04,5,11,6,6,4142,9,63,6.83,21.2
2020-09-04,5,12,1,1,4757,11,2,6.79,12.6
2020-09-04,5,12,2,2,4470,47,52,6.89,12.6
2020-09-04,5,12,3,3,4035,53,31,6.87,12.6
2020-09-04,5,12,4,4,4384,40,15,6.93,12.6
2020-09-04,5,12,5,5,4367,44,30,6.87,12.6
2020-09-04,5,12,6,6,4886,13,28,6.81,12.6
2020-09-20,1,1,2,1,4316,61,37,6.8,50.1
2020-09-20,1,1,1,2,4003,46,43,6.75,50.1
2020-09-20,1,1,4,3,4515,16,6,6.8,50.1
2020-09-20,1,1,5,4,4553,14,51,6.83,50.1
2020-09-20,1,1,6,5,4788,44,23,6.76,50.1
2020-09-20,1,1,3,6,3600,19,27,6.77,50.1
2020-09-20,1,2,1,1,4010,59,3,6.7,14.6
2020-09-20,1,2,2,2,4423,34,7,6.82,14.6
2020-09-20,1,2,6,3,3731,53,59,6.71,14.6
2020-09-20,1,2,3,4,4421,1,64,6.83,14.6
2020-09-20,1,2,4,5,3652,38,9,6.81,14.6
2020-09-20,1,2,5,6,4837,6,25,6.79,14.6
2020-09-20,1,3,6,1,4155,30,66,6.82,266.6
2020-09-20,1,3,2,2,3717,8,28,6.74,266.6
2020-09-20,1,3,3,3,4821,5,56,6.91,266.6
2020-09-20,1,3,1,4,4248,26,54,6.79,266.6
2020-09-20,1,3,5,5,4734,54,61,6.82,266.6
2020-09-20,1,3,4,6,4792,60,62,6.79,266.6
2020-09-20,1,4,2,1,4346,10,57,6.83,278.5
2020-09-20,1,4,3,2,4069,45,58,6.8,278.5
2020-09-20,1,4,5,3,3939,31,4,6.73,278.5
2020-09-20,1,4,1,4,3501,58,44,6.75,278.5
2020-09-20,1,4,4,5,3439,29,5,6.79,278.5
2020-09-20,1,4,6,6,3849,64,46,6.87,278.5
2020-09-20,1,5,1,1,4649,32,48,6.74,29.1
2020-09-20,1,5,6,2,4370,24,39,6.79,29.1
2020-09-20,1,5,2,3,4560,66,16,6.81,29.1
2020-09-20,1,5,3,4,3475,47,26,6.8,29.1
2020-09-20,1,5,4,5,5048,48,63,6.93,29.1
2020-09-20,1,5,5,6,4593,7,33,6.81,29.1
2020-09-20,1,6,2,1,4645,21,40,6.83,33.9
2020-09-20,1,6,1,2,3787,27,50,6.83,33.9
2020-09-20,1,6,4,3,4061,65,14,6.89,33.9
2020-09-20,1,6,3,4,4101,39,55,6.76,33.9
2020-09-20,1,6,5,5,4895,11,52,6.84,33.9
2020-09-20,1,6,6,6,5143,37,53,6.77,33.9
2020-09-20,1,7,1,1,4515,16,6,6.78,34.7
2020-09-20,1,7,3,2,4010,59,3,6.85,34.7
2020-09-20,1,7,4,3,3721,22,65,6.91,34.7
2020-09-20,1,7,6,4,3884,51,30,6.8,34.7
2020-09-20,1,7,2,5,3463,50,29,6.76,34.7
2020-09-20,1,7,5,6,4713,33,60,6.82,34.7
2020-09-20,1,8,1,1,3158,20,38,6.79,19.6
2020-09-20,1,8,3,2,4675,57,21,6.8,19.6
2020-09-20,1,8,2,3,4069,45,58,6.84,19.6
2020-09-20,1,8,5,4,4003,46,43,6.85,19.6
2020-09-20,1,8,4,5,4155,30,66,6.85,19.6
2020-09-20,1,8,6,6,4421,1,64,6.83,19.6
2020-09-20,1,9,1,1,3475,47,26,6.83,19.3
2020-09-20,1,9,3,2,4788,44,23,6.9,19.3
2020-09-20,1,9,2,3,4624,55,32,6.77,19.3
2020-09-20,1,9,6,4,4346,10,57,6.89,19.3
2020-09-20,1,9,4,5,3717,8,28,6.78,19.3
2020-09-20,1,9,5,6,3731,53,59,6.86,19.3
2020-09-20,1,10,1,1,3939,31,4,6.65,8.8
2020-09-20,1,10,4,2,4645,21,40,6.87,8.8
2020-09-20,1,10,2,3,4734,54,61,6.89,8.8
2020-09-20,1,10,3,4,4316,61,37,6.91,8.8
2020-09-20,1,10,6,5,4593,7,33,6.85,8.8
2020-09-20,1,10,5,6,4423,34,7,6.89,8.8
2020-09-20,1,11,2,1,3439,29,5,6.84,42.0
2020-09-20,1,11,1,2,4101,39,55,6.79,42.0
2020-09-20,1,11,3,3,4713,33,60,6.9,42.0
2020-09-20,1,11,6,4,4553,14,51,6.85,42.0
2020-09-20,1,11,4,5,4821,5,56,6.9,42.0
2020-09-20,1,11,5,6,4649,32,48,6.88,42.0
2020-09-20,1,12,2,1,4061,65,14,6.77,16.7
2020-09-20,1,12,1,2,3721,22,65,6.9,16.7
2020-09-20,1,12,3,3,3849,64,46,6.84,16.7
2020-09-20,1,12,4,4,4370,24,39,6.94,16.7
2020-09-20,1,12,6,5,4624,55,32,6.78,16.7
2020-09-20,1,12,5,6,3158,20,38,6.84,16.7
2020-09-21,2,3,1,1,4421,1,64,6.86,24.9
2020-09-21,2,3,5,2,3849,64,46,6.85,24.9
2020-09-21,2,3,3,3,3717,8,28,6.76,24.9
2020-09-21,2,3,6,4,3158,20,38,6.71,24.9
2020-09-21,2,3,4,5,3884,51,30,6.8,24.9
2020-09-21,2,3,2,6,5048,48,63,6.87,24.9
2020-09-21,2,4,4,1,3939,31,4,6.76,17.7
2020-09-21,2,4,1,2,4316,61,37,6.88,17.7
2020-09-21,2,4,6,3,3721,22,65,6.95,17.7
2020-09-21,2,4,3,4,4560,66,16,6.83,17.7
2020-09-21,2,4,2,5,4675,57,21,6.84,17.7
2020-09-21,2,4,5,6,3787,27,50,6.89,17.7
2020-09-21,2,5,3,1,4370,24,39,6.86,38.8
2020-09-21,2,5,1,2,4593,7,33,6.81,38.8
2020-09-21,2,5,2,3,4003,46,43,6.77,38.8
2020-09-21,2,5,6,4,4101,39,55,6.79,38.8
2020-09-21,2,5,4,5,4346,10,57,6.81,38.8
2020-09-21,2,5,5,6,3463,50,29,6.79,38.8
2020-09-21,2,7,5,1,4061,65,14,6.91,21.7
2020-09-21,2,7,1,2,4645,21,40,6.81,21.7
2020-09-21,2,7,6,3,3475,47,26,6.81,21.7
2020-09-21,2,7,4,4,3600,19,27,6.87,21.7
2020-09-21,2,7,2,5,3158,20,38,6.8,21.7
2020-09-21,2,7,3,6,4423,34,7,6.87,21.7
2020-09-21,2,8,1,1,4734,54,61,6.78,4.5
2020-09-21,2,8,2,2,4649,32,48,6.86,4.5
2020-09-21,2,8,4,3,4713,33,60,6.94,4.5
2020-09-21,2,8,3,4,4895,11,52,6.89,4.5
2020-09-21,2,8,5,5,5048,48,63,6.9,4.5
2020-09-21,2,8,6,6,5143,37,53,6.79,4.5
2020-09-21,2,10,1,1,4624,55,32,6.8,4.9
2020-09-21,2,10,2,2,4370,24,39,6.89,4.9
2020-09-21,2,10,4,3,4553,14,51,6.91,4.9
2020-09-21,2,10,6,4,3439,29,5,6.89,4.9
2020-09-21,2,10,5,5,4560,66,16,6.9,4.9
2020-09-21,2,10,3,6,3652,38,9,6.88,4.9
2020-09-21,2,11,2,1,3721,22,65,6.91,31.8
2020-09-21,2,11,1,2,4155,30,66,6.76,31.8
2020-09-21,2,11,3,3,4593,7,33,6.84,31.8
2020-09-21,2,11,4,4,3475,47,26,6.75,31.8
2020-09-21,2,11,6,5,3717,8,28,6.78,31.8
2020-09-21,2,11,5,6,4515,16,6,6.9,31.8
2020-09-22,3,1,4,1,4003,46,43,6.83,141.9
2020-09-22,3,1,2,2,4553,14,51,6.72,141.9
2020-09-22,3,1,6,3,4069,45,58,6.81,141.9
2020-09-22,3,1,3,4,4515,16,6,6.87,141.9
2020-09-22,3,1,5,5,5143,37,53,6.79,141.9
2020-09-22,3,1,1,6,4346,10,57,6.82,141.9
2020-09-22,3,2,1,1,3884,51,30,6.81,19.2
2020-09-22,3,2,2,2,4010,59,3,6.84,19.2
2020-09-22,3,2,4,3,4895,11,52,6.86,19.2
2020-09-22,3,2,6,4,4316,61,37,6.88,19.2
2020-09-22,3,2,3,5,5048,48,63,6.94,19.2
2020-09-22,3,2,5,6,3600,19,27,6.9,19.2
2020-09-22,3,3,4,1,4593,7,33,6.78,51.0
2020-09-22,3,3,3,2,4624,55,32,6.81,51.0
2020-09-22,3,3,6,3,4649,32,48,6.76,51.0
2020-09-22,3,3,2,4,3731,53,59,6.8,51.0
2020-09-22,3,3,5,5,4675,57,21,6.89,51.0
2020-09-22,3,3,1,6,3652,38,9,6.77,51.0
2020-09-22,3,4,2,1,3501,58,44,6.81,254.2
2020-09-22,3,4,5,2,3717,8,28,6.8,254.2
2020-09-22,3,4,3,3,4061,65,14,6.84,254.2
2020-09-22,3,4,6,4,4734,54,61,6.82,254.2
2020-09-22,3,4,4,5,4560,66,16,6.81,254.2
2020-09-22,3,4,1,6,4423,34,7,6.82,254.2
2020-09-22,3,5,5,1,3721,22,65,6.97,54.4
2020-09-22,3,5,3,2,4645,21,40,6.88,54.4
2020-09-22,3,5,4,3,4421,1,64,6.92,54.4
2020-09-22,3,5,1,4,4788,44,23,6.85,54.4
2020-09-22,3,5,2,5,4713,33,60,6.94,54.4
2020-09-22,3,5,6,6,5143,37,53,6.88,54.4
2020-09-22,3,6,4,1,3158,20,38,6.9,116.9
2020-09-22,3,6,3,2,3475,47,26,6.84,116.9
2020-09-22,3,6,5,3,4346,10,57,6.9,116.9
2020-09-22,3,6,6,4,4248,26,54,6.93,116.9
2020-09-22,3,6,1,5,3439,29,5,6.83,116.9
2020-09-22,3,6,2,6,4895,11,52,6.85,116.9
2020-09-22,3,7,1,1,4553,14,51,6.88,7.5
2020-09-22,3,7,3,2,4155,30,66,6.85,7.5
2020-09-22,3,7,2,3,3849,64,46,6.89,7.5
2020-09-22,3,7,5,4,4316,61,37,6.89,7.5
2020-09-22,3,7,4,5,3652,38,9,6.91,7.5
2020-09-22,3,7,6,6,3787,27,50,6.96,7.5
2020-09-22,3,8,2,1,3939,31,4,6.84,39.8
2020-09-22,3,8,1,2,4370,24,39,6.96,39.8
2020-09-22,3,8,5,3,4423,34,7,6.88,39.8
2020-09-22,3,8,4,4,4515,16,6,6.88,39.8
2020-09-22,3,8,3,5,4675,57,21,6.95,39.8
2020-09-22,3,8,6,6,4010,59,3,6.85,39.8
2020-09-22,3,9,5,1,4624,55,32,6.92,47.6
2020-09-22,3,9,1,2,3717,8,28,6.92,47.6
2020-09-22,3,9,4,3,4069,45,58,6.95,47.6
2020-09-22,3,9,3,4,3884,51,30,7.01,47.6
2020-09-22,3,9,6,5,4645,21,40,6.95,47.6
2020-09-22,3,9,2,6,4837,6,25,7.02,47.6
2020-09-22,3,10,1,1,4713,33,60,6.88,10.2
2020-09-22,3,10,3,2,4734,54,61,6.91,10.2
2020-09-22,3,10,5,3,3439,29,5,6.94,10.2
2020-09-22,3,10,6,4,4003,46,43,6.93,10.2
2020-09-22,3,10,2,5,4593,7,33,6.94,10.2
2020-09-22,3,10,4,6,3600,19,27,6.9,10.2
2020-09-22,3,11,1,1,3158,20,38,6.89,55.0
2020-09-22,3,11,6,2,3939,31,4,6.83,55.0
2020-09-22,3,11,4,3,4788,44,23,6.94,55.0
2020-09-22,3,11,3,4,4649,32,48,6.88,55.0
2020-09-22,3,11,5,5,3501,58,44,6.92,55.0
2020-09-22,3,11,2,6,4155,30,66,6.92,55.0
2020-09-22,3,12,1,1,3721,22,65,7.03,13.8
2020-09-22,3,12,6,2,4061,65,14,6.86,13.8
2020-09-22,3,12,4,3,3849,64,46,6.92,13.8
2020-09-22,3,12,2,4,3475,47,26,6.95,13.8
2020-09-22,3,12,5,5,4370,24,39,7.02,13.8
2020-09-22,3,12,3,6,3731,53,59,6.96,13.8
2020-09-23,4,1,2,1,4248,26,54,6.82,313.1
2020-09-23,4,1,4,2,4593,7,33,6.84,313.1
2020-09-23,4,1,5,3,4421,1,64,6.87,313.1
2020-09-23,4,1,1,4,4675,57,21,6.79,313.1
2020-09-23,4,1,6,5,4713,33,60,6.98,313.1
2020-09-23,4,1,3,6,4346,10,57,6.8,313.1
2020-09-23,4,2,3,1,4560,66,16,6.87,37.6
2020-09-23,4,2,1,2,4895,11,52,6.82,37.6
2020-09-23,4,2,2,3,4423,34,7,6.88,37.6
2020-09-23,4,2,5,4,3652,38,9,6.83,37.6
2020-09-23,4,2,4,5,5048,48,63,6.83,37.6
2020-09-23,4,2,6,6,5143,37,53,6.72,37.6
2020-09-23,4,3,1,1,4316,61,37,6.8,19.7
2020-09-23,4,3,3,2,4649,32,48,6.76,19.7
2020-09-23,4,3,6,3,3939,31,4,6.77,19.7
2020-09-23,4,3,2,4,4003,46,43,6.77,19.7
2020-09-23,4,3,5,5,4370,24,39,6.86,19.7
2020-09-23,4,3,4,6,3884,51,30,6.86,19.7
2020-09-23,4,4,6,1,3721,22,65,6.96,53.5
2020-09-23,4,4,5,2,4788,44,23,6.79,53.5
2020-09-23,4,4,2,3,3158,20,38,6.75,53.5
2020-09-23,4,4,3,4,4069,45,58,6.83,53.5
2020-09-23,4,4,4,5,4010,59,3,6.9,53.5
2020-09-23,4,4,1,6,4837,6,25,6.82,53.5
2020-09-23,4,5,1,1,3849,64,46,6.76,26.1
2020-09-23,4,5,2,2,3600,19,27,6.82,26.1
2020-09-23,4,5,3,3,4515,16,6,6.78,26.1
2020-09-23,4,5,6,4,4061,65,14,6.83,26.1
2020-09-23,4,5,5,5,4155,30,66,6.88,26.1
2020-09-23,4,5,4,6,4675,57,21,6.86,26.1
2020-09-23,4,7,1,1,3475,47,26,6.81,9.0
2020-09-23,4,7,3,2,4593,7,33,6.8,9.0
2020-09-23,4,7,2,3,3501,58,44,6.83,9.0
2020-09-23,4,7,4,4,4895,11,52,6.83,9.0
2020-09-23,4,7,6,5,3787,27,50,6.91,9.0
2020-09-23,4,7,5,6,4645,21,40,6.89,9.0
2020-09-23,4,8,1,1,3717,8,28,6.73,7.7
2020-09-23,4,8,4,2,3439,29,5,6.88,7.7
2020-09-23,4,8,2,3,4713,33,60,6.89,7.7
2020-09-23,4,8,3,4,4837,6,25,6.92,7.7
2020-09-23,4,8,5,5,4248,26,54,6.84,7.7
2020-09-23,4,8,6,6,4560,66,16,6.86,7.7
2020-09-23,4,9,1,1,3939,31,4,6.65,23.2
2020-09-23,4,9,4,2,4069,45,58,6.74,23.2
2020-09-23,4,9,5,3,3158,20,38,6.89,23.2
2020-09-23,4,9,3,4,3849,64,46,6.85,23.2
2020-09-23,4,9,6,5,4316,61,37,6.89,23.2
2020-09-23,4,9,2,6,4155,30,66,6.76,23.2
2020-09-23,4,10,1,1,3721,22,65,6.92,41.9
2020-09-23,4,10,5,2,4003,46,43,6.77,41.9
2020-09-23,4,10,2,3,4370,24,39,6.91,41.9
2020-09-23,4,10,3,4,3475,47,26,6.81,41.9
2020-09-23,4,10,4,5,4553,14,51,6.84,41.9
2020-09-23,4,10,6,6,4624,55,32,6.8,41.9
2020-09-23,4,11,1,1,4061,65,14,6.77,8.3
2020-09-23,4,11,2,2,4645,21,40,6.85,8.3
2020-09-23,4,11,3,3,4010,59,3,6.84,8.3
2020-09-23,4,11,4,4,4649,32,48,6.82,8.3
2020-09-23,4,11,6,5,3717,8,28,6.84,8.3
2020-09-23,4,11,5,6,3501,58,44,6.82,8.3
2020-09-23,4,12,1,1,4734,54,61,6.78,6.3
2020-09-23,4,12,3,2,3439,29,5,6.86,6.3
2020-09-23,4,12,2,3,4788,44,23,6.84,6.3
2020-09-23,4,12,5,4,3884,51,30,6.85,6.3
2020-09-23,4,12,4,5,3731,53,59,6.86,6.3
2020-09-23,4,12,6,6,4515,16,6,6.85,6.3
2020-09-24,5,1,3,1,3731,53,59,6.83,121.2
2020-09-24,5,1,5,2,3439,29,5,6.87,121.2
2020-09-24,5,1,4,3,3652,38,9,6.88,121.2
2020-09-24,5,1,1,4,4010,59,3,6.82,121.2
2020-09-24,5,1,2,5,4331,25,13,6.88,121.2
2020-09-24,5,1,6,6,3787,27,50,6.94,121.2
2020-09-24,5,2,1,1,4560,66,16,6.84,12.1
2020-09-24,5,2,3,2,4423,34,7,6.83,12.1
2020-09-24,5,2,4,3,4562,13,20,6.77,12.1
2020-09-24,5,2,6,4,3884,51,30,6.86,12.1
2020-09-24,5,2,5,5,4248,26,54,6.8,12.1
2020-09-24,5,2,2,6,4034,28,45,6.85,12.1
2020-09-24,5,3,2,1,3717,8,28,6.68,94.8
2020-09-24,5,3,4,2,3600,19,27,6.85,94.8
2020-09-24,5,3,3,3,4515,16,6,6.89,94.8
2020-09-24,5,3,1,4,4649,32,48,6.79,94.8
2020-09-24,5,3,6,5,4895,11,52,6.85,94.8
2020-09-24,5,3,5,6,5143,37,53,6.78,94.8
2020-09-24,5,4,1,1,4624,55,32,6.81,24.5
2020-09-24,5,4,5,2,4593,7,33,6.76,24.5
2020-09-24,5,4,3,3,4346,10,57,6.9,24.5
2020-09-24,5,4,2,4,3501,58,44,6.81,24.5
2020-09-24,5,4,6,5,4734,54,61,6.93,24.5
2020-09-24,5,4,4,6,4837,6,25,6.94,24.5
2020-09-24,5,5,1,1,4553,14,51,6.83,17.6
2020-09-24,5,5,2,2,3731,53,59,6.88,17.6
2020-09-24,5,5,3,3,4316,61,37,6.89,17.6
2020-09-24,5,5,4,4,4788,44,23,6.83,17.6
2020-09-24,5,5,5,5,4370,24,39,6.91,17.6
2020-09-24,5,5,6,6,4675,57,21,6.81,17.6
2020-09-24,5,6,1,1,3475,47,26,6.88,11.4
2020-09-24,5,6,4,2,3158,20,38,6.83,11.4
2020-09-24,5,6,2,3,4248,26,54,6.84,11.4
2020-09-24,5,6,3,4,4713,33,60,6.84,11.4
2020-09-24,5,6,5,5,4331,25,13,6.91,11.4
2020-09-24,5,6,6,6,4423,34,7,6.89,11.4
2020-09-24,5,7,2,1,3439,29,5,6.81,13.5
2020-09-24,5,7,1,2,4155,30,66,6.87,13.5
2020-09-24,5,7,3,3,4560,66,16,6.86,13.5
2020-09-24,5,7,4,4,4895,11,52,6.88,13.5
2020-09-24,5,7,5,5,3787,27,50,6.95,13.5
2020-09-24,5,7,6,6,3600,19,27,6.86,13.5
2020-09-24,5,8,1,1,3849,64,46,6.96,3.8
2020-09-24,5,8,2,2,4593,7,33,6.93,3.8
2020-09-24,5,8,4,3,4515,16,6,6.93,3.8
2020-09-24,5,8,5,4,4346,10,57,6.93,3.8
2020-09-24,5,8,3,5,4562,13,20,6.87,3.8
2020-09-24,5,8,6,6,5143,37,53,6.88,3.8
2020-09-24,5,9,3,1,4788,44,23,6.91,21.4
2020-09-24,5,9,1,2,4713,33,60,6.97,21.4
2020-09-24,5,9,4,3,4734,54,61,6.95,21.4
2020-09-24,5,9,6,4,4837,6,25,6.98,21.4
2020-09-24,5,9,2,5,3652,38,9,6.96,21.4
2020-09-24,5,9,5,6,4034,28,45,6.97,21.4
2020-09-24,5,10,3,1,3475,47,26,6.96,231.8
2020-09-24,5,10,2,2,4010,59,3,6.99,231.8
2020-09-24,5,10,6,3,4155,30,66,6.91,231.8
2020-09-24,5,10,5,4,3717,8,28,6.92,231.8
2020-09-24,5,10,4,5,4316,61,37,6.97,231.8
2020-09-24,5,10,1,6,4370,24,39,7.06,231.8
2020-09-24,5,11,1,1,3158,20,38,6.83,31.0
2020-09-24,5,11,4,2,4553,14,51,6.89,31.0
2020-09-24,5,11,3,3,4649,32,48,6.86,31.0
2020-09-24,5,11,2,4,3849,64,46,6.97,31.0
2020-09-24,5,11,6,5,4624,55,32,6.8,31.0
2020-09-24,5,11,5,6,3501,58,44,6.97,31.0
2020-09-24,5,12,1,1,4061,65,14,6.82,16.3
2020-09-24,5,12,2,2,3939,31,4,6.79,16.3
2020-09-24,5,12,5,3,4069,45,58,6.93,16.3
2020-09-24,5,12,3,4,3721,22,65,6.96,16.3
2020-09-24,5,12,4,5,4645,21,40,6.91,16.3
2020-09-24,5,12,6,6,4003,46,43,6.91,16.3
2020-09-30,1,1,1,1,3295,18,64,6.82,108.9
2020-09-30,1,1,4,2,3187,53,61,6.8,108.9
2020-09-30,1,1,3,3,4498,24,57,6.85,108.9
2020-09-30,1,1,6,4,3297,39,16,6.76,108.9
2020-09-30,1,1,5,5,4382,29,45,6.85,108.9
2020-09-30,1,1,2,6,3866,41,62,6.85,108.9
2020-09-30,1,2,2,1,3663,62,21,6.84,45.1
2020-09-30,1,2,4,2,4146,59,22,6.85,45.1
2020-09-30,1,2,1,3,3753,33,25,6.82,45.1
2020-09-30,1,2,3,4,3025,16,15,6.93,45.1
2020-09-30,1,2,6,5,3261,14,24,6.81,45.1
2020-09-30,1,2,5,6,3361,60,20,6.89,45.1
2020-09-30,1,3,6,1,3919,49,8,6.86,65.5
2020-09-30,1,3,1,2,3282,13,49,6.88,65.5
2020-09-30,1,3,3,3,3775,4,18,6.86,65.5
2020-09-30,1,3,2,4,4449,12,13,6.83,65.5
2020-09-30,1,3,4,5,4551,3,55,6.89,65.5
2020-09-30,1,3,5,6,3568,64,63,6.85,65.5
2020-09-30,1,4,3,1,4302,17,47,6.85,27.8
2020-09-30,1,4,6,2,3933,28,37,6.83,27.8
2020-09-30,1,4,1,3,3617,63,14,6.85,27.8
2020-09-30,1,4,5,4,4079,61,32,6.8,27.8
2020-09-30,1,4,2,5,3925,40,7,6.85,27.8
2020-09-30,1,4,4,6,2912,56,50,6.92,27.8
2020-09-30,1,5,1,1,4163,51,33,6.78,4.1
2020-09-30,1,5,2,2,4179,25,56,6.86,4.1
2020-09-30,1,5,5,3,4096,22,12,6.91,4.1
2020-09-30,1,5,6,4,5059,54,11,6.89,4.1
2020-09-30,1,5,3,5,3825,9,52,6.91,4.1
2020-09-30,1,5,4,6,4971,57,1,6.85,4.1
2020-09-30,1,6,1,1,4293,48,51,6.81,6.8
2020-09-30,1,6,3,2,4643,44,48,6.83,6.8
2020-09-30,1,6,4,3,3462,5,54,6.89,6.8
2020-09-30,1,6,5,4,4234,45,26,6.88,6.8
2020-09-30,1,6,6,5,3567,15,23,6.88,6.8
2020-09-30,1,6,2,6,4708,32,65,6.82,6.8
2020-09-30,1,7,1,1,4474,50,31,6.87,6.8
2020-09-30,1,7,2,2,4737,66,58,6.82,6.8
2020-09-30,1,7,6,3,4604,21,35,6.88,6.8
2020-09-30,1,7,3,4,4552,52,10,6.86,6.8
2020-09-30,1,7,5,5,3866,41,62,6.94,6.8
2020-09-30,1,7,4,6,4449,12,13,6.83,6.8
2020-09-30,1,8,1,1,4295,10,53,6.84,46.9
2020-09-30,1,8,4,2,3566,30,17,6.89,46.9
2020-09-30,1,8,5,3,3617,63,14,6.89,46.9
2020-09-30,1,8,3,4,3187,53,61,6.94,46.9
2020-09-30,1,8,2,5,3919,49,8,6.84,46.9
2020-09-30,1,8,6,6,3663,62,21,6.95,46.9
2020-09-30,1,9,1,1,4375,27,29,6.89,13.0
2020-09-30,1,9,3,2,3297,39,16,6.84,13.0
2020-09-30,1,9,2,3,3743,43,2,6.9,13.0
2020-09-30,1,9,6,4,4079,61,32,6.88,13.0
2020-09-30,1,9,4,5,3025,16,15,6.93,13.0
2020-09-30,1,9,5,6,3282,13,49,6.9,13.0
2020-09-30,1,10,1,1,4302,17,47,6.78,12.4
2020-09-30,1,10,2,2,4382,29,45,6.92,12.4
2020-09-30,1,10,3,3,3361,60,20,7.01,12.4
2020-09-30,1,10,5,4,4179,25,56,6.95,12.4
2020-09-30,1,10,6,5,4551,3,55,6.94,12.4
2020-09-30,1,10,4,6,4293,48,51,6.97,12.4
2020-09-30,1,11,5,1,4163,51,33,6.86,414.3
2020-09-30,1,11,3,2,4146,59,22,6.79,414.3
2020-09-30,1,11,1,3,3462,5,54,6.88,414.3
2020-09-30,1,11,6,4,4498,24,57,6.89,414.3
2020-09-30,1,11,2,5,3568,64,63,6.82,414.3
2020-09-30,1,11,4,6,4737,66,58,6.82,414.3
2020-09-30,1,12,1,1,3743,43,2,6.83,6.2
2020-09-30,1,12,2,2,3933,28,37,6.8,6.2
2020-09-30,1,12,4,3,4604,21,35,6.84,6.2
2020-09-30,1,12,3,4,4096,22,12,6.88,6.2
2020-09-30,1,12,5,5,4295,10,53,6.86,6.2
2020-09-30,1,12,6,6,4643,44,48,6.85,6.2
2020-10-01,2,1,1,1,3025,16,15,6.8,23.2
2020-10-01,2,1,4,2,4179,25,56,6.8,23.2
2020-10-01,2,1,5,3,4737,66,58,6.75,23.2
2020-10-01,2,1,6,4,4163,51,33,6.72,23.2
2020-10-01,2,1,2,5,3753,33,25,6.79,23.2
2020-10-01,2,1,3,6,4234,45,26,6.72,23.2
2020-10-01,2,2,2,1,3825,9,52,6.74,237.1
2020-10-01,2,2,4,2,3775,4,18,6.84,237.1
2020-10-01,2,2,3,3,3567,15,23,6.74,237.1
2020-10-01,2,2,5,4,4552,52,10,6.68,237.1
2020-10-01,2,2,6,5,3295,18,64,6.79,237.1
2020-10-01,2,2,1,6,3187,53,61,6.79,237.1
2020-10-01,2,3,2,1,4079,61,32,6.67,12.7
2020-10-01,2,3,1,2,3663,62,21,6.85,12.7
2020-10-01,2,3,5,3,4643,44,48,6.71,12.7
2020-10-01,2,3,4,4,3261,14,24,6.73,12.7
2020-10-01,2,3,6,5,3462,5,54,6.85,12.7
2020-10-01,2,3,3,6,2912,56,50,6.79,12.7
2020-10-01,2,4,2,1,4295,10,53,6.75,13.8
2020-10-01,2,4,1,2,3361,60,20,6.82,13.8
2020-10-01,2,4,3,3,3282,13,49,6.74,13.8
2020-10-01,2,4,6,4,3566,30,17,6.84,13.8
2020-10-01,2,4,5,5,3297,39,16,6.73,13.8
2020-10-01,2,4,4,6,3925,40,7,6.73,13.8
2020-10-01,2,5,2,1,4234,45,26,6.76,177.3
2020-10-01,2,5,1,2,4498,24,57,6.79,177.3
2020-10-01,2,5,4,3,4708,32,65,6.68,177.3
2020-10-01,2,5,3,4,4375,27,29,6.75,177.3
2020-10-01,2,5,6,5,3743,43,2,6.76,177.3
2020-10-01,2,5,5,6,4971,57,1,6.78,177.3
2020-10-01,2,6,1,1,3919,49,8,6.72,36.5
2020-10-01,2,6,2,2,3617,63,14,6.79,36.5
2020-10-01,2,6,5,3,4146,59,22,6.76,36.5
2020-10-01,2,6,4,4,4096,22,12,6.84,36.5
2020-10-01,2,6,3,5,4474,50,31,6.82,36.5
2020-10-01,2,6,6,6,5059,54,11,6.76,36.5
2020-10-01,2,7,1,1,4382,29,45,6.83,4.0
2020-10-01,2,7,2,2,4604,21,35,6.84,4.0
2020-10-01,2,7,3,3,4551,3,55,6.85,4.0
2020-10-01,2,7,6,4,2912,56,50,6.86,4.0
2020-10-01,2,7,5,5,3753,33,25,6.95,4.0
2020-10-01,2,7,4,6,3866,41,62,6.92,4.0
2020-10-01,2,8,2,1,4643,44,48,6.8,15.3
2020-10-01,2,8,1,2,3933,28,37,6.74,15.3
2020-10-01,2,8,4,3,4163,51,33,6.75,15.3
2020-10-01,2,8,3,4,4449,12,13,6.76,15.3
2020-10-01,2,8,5,5,3925,40,7,6.81,15.3
2020-10-01,2,8,6,6,3775,4,18,6.86,15.3
2020-10-01,2,9,1,1,3568,64,63,6.77,19.6
2020-10-01,2,9,3,2,3743,43,2,6.79,19.6
2020-10-01,2,9,5,3,3462,5,54,6.83,19.6
2020-10-01,2,9,2,4,4293,48,51,6.92,19.6
2020-10-01,2,9,4,5,3825,9,52,6.76,19.6
2020-10-01,2,9,6,6,4302,17,47,6.73,19.6
2020-10-01,2,10,3,1,4295,10,53,6.81,35.7
2020-10-01,2,10,6,2,4737,66,58,6.76,35.7
2020-10-01,2,10,1,3,4079,61,32,6.78,35.7
2020-10-01,2,10,2,4,4552,52,10,6.85,35.7
2020-10-01,2,10,4,5,3919,49,8,6.81,35.7
2020-10-01,2,10,5,6,4498,24,57,6.93,35.7
2020-10-01,2,11,5,1,3566,30,17,6.75,181.7
2020-10-01,2,11,1,2,4096,22,12,6.79,181.7
2020-10-01,2,11,4,3,4375,27,29,6.85,181.7
2020-10-01,2,11,3,4,3261,14,24,6.78,181.7
2020-10-01,2,11,6,5,4179,25,56,6.71,181.7
2020-10-01,2,11,2,6,4551,3,55,6.8,181.7
2020-10-01,2,12,1,1,4604,21,35,6.76,8.3
2020-10-01,2,12,2,2,3297,39,16,6.76,8.3
2020-10-01,2,12,4,3,3933,28,37,6.67,8.3
2020-10-01,2,12,3,4,3295,18,64,6.79,8.3
2020-10-01,2,12,6,5,4474,50,31,6.72,8.3
2020-10-01,2,12,5,6,4293,48,51,6.96,8.3
2020-10-02,3,1,5,1,3919,49,8,6.75,52.3
2020-10-02,3,1,2,2,3282,13,49,6.77,52.3
2020-10-02,3,1,4,3,4382,29,45,6.82,52.3
2020-10-02,3,1,3,4,4708,32,65,6.71,52.3
2020-10-02,3,1,6,5,3568,64,63,6.78,52.3
2020-10-02,3,1,1,6,3261,14,24,6.7,52.3
2020-10-02,3,2,1,1,2912,56,50,6.83,16.3
2020-10-02,3,2,4,2,3753,33,25,6.8,16.3
2020-10-02,3,2,3,3,3925,40,7,6.77,16.3
2020-10-02,3,2,2,4,4971,57,1,6.79,16.3
2020-10-02,3,2,5,5,4449,12,13,6.77,16.3
2020-10-02,3,2,6,6,3617,63,14,6.7,16.3
2020-10-02,3,3,3,1,4179,25,56,6.66,45.6
2020-10-02,3,3,1,2,3567,15,23,6.86,45.6
2020-10-02,3,3,5,3,3933,28,37,6.74,45.6
2020-10-02,3,3,6,4,4375,27,29,6.77,45.6
2020-10-02,3,3,4,5,4552,52,10,6.77,45.6
2020-10-02,3,3,2,6,3361,60,20,6.86,45.6
2020-10-02,3,4,1,1,3775,4,18,6.79,51.2
2020-10-02,3,4,4,2,4234,45,26,6.81,51.2
2020-10-02,3,4,5,3,4302,17,47,6.75,51.2
2020-10-02,3,4,2,4,4498,24,57,6.74,51.2
2020-10-02,3,4,6,5,5059,54,11,6.77,51.2
2020-10-02,3,4,3,6,3462,5,54,6.8,51.2
2020-10-02,3,5,1,1,3566,30,17,6.77,6.1
2020-10-02,3,5,2,2,4163,51,33,6.79,6.1
2020-10-02,3,5,5,3,4604,21,35,6.73,6.1
2020-10-02,3,5,3,4,3663,62,21,6.79,6.1
2020-10-02,3,5,4,5,3295,18,64,6.81,6.1
2020-10-02,3,5,6,6,3025,16,15,6.82,6.1
2020-10-02,3,6,3,1,4737,66,58,6.81,55.4
2020-10-02,3,6,1,2,4643,44,48,6.79,55.4
2020-10-02,3,6,4,3,4295,10,53,6.81,55.4
2020-10-02,3,6,2,4,4146,59,22,6.74,55.4
2020-10-02,3,6,5,5,3825,9,52,6.84,55.4
2020-10-02,3,6,6,6,3282,13,49,6.91,55.4
2020-10-02,3,7,6,1,3187,53,61,6.86,573.1
2020-10-02,3,7,1,2,3297,39,16,6.73,573.1
2020-10-02,3,7,2,3,4096,22,12,6.82,573.1
2020-10-02,3,7,5,4,3743,43,2,6.87,573.1
2020-10-02,3,7,3,5,4971,57,1,6.83,573.1
2020-10-02,3,7,4,6,3567,15,23,6.82,573.1
2020-10-02,3,8,4,1,4079,61,32,6.76,55.2
2020-10-02,3,8,1,2,4551,3,55,6.84,55.2
2020-10-02,3,8,5,3,4708,32,65,6.75,55.2
2020-10-02,3,8,2,4,4302,17,47,6.78,55.2
2020-10-02,3,8,3,5,3866,41,62,6.93,55.2
2020-10-02,3,8,6,6,3361,60,20,6.77,55.2
2020-10-02,3,9,4,1,4474,50,31,6.84,200.4
2020-10-02,3,9,5,2,3663,62,21,6.77,200.4
2020-10-02,3,9,6,3,4382,29,45,6.86,200.4
2020-10-02,3,9,3,4,3617,63,14,6.76,200.4
2020-10-02,3,9,1,5,4179,25,56,6.82,200.4
2020-10-02,3,9,2,6,3462,5,54,6.9,200.4
2020-10-02,3,10,1,1,4737,66,58,6.77,16.0
2020-10-02,3,10,4,2,3568,64,63,6.77,16.0
2020-10-02,3,10,3,3,3933,28,37,6.83,16.0
2020-10-02,3,10,6,4,4293,48,51,6.88,16.0
2020-10-02,3,10,2,5,3566,30,17,6.85,16.0
2020-10-02,3,10,5,6,5059,54,11,6.83,16.0
2020-10-02,3,11,1,1,4604,21,35,6.77,7.0
2020-10-02,3,11,3,2,3919,49,8,6.85,7.0
2020-10-02,3,11,4,3,4643,44,48,6.83,7.0
2020-10-02,3,11,6,4,4096,22,12,6.88,7.0
2020-10-02,3,11,2,5,4375,27,29,6.85,7.0
2020-10-02,3,11,5,6,3753,33,25,6.97,7.0
2020-10-02,3,12,1,1,3743,43,2,6.87,27.3
2020-10-02,3,12,6,2,4295,10,53,6.83,27.3
2020-10-02,3,12,2,3,4474,50,31,6.84,27.3
2020-10-02,3,12,3,4,4163,51,33,6.82,27.3
2020-10-02,3,12,5,5,4551,3,55,6.96,27.3
2020-10-02,3,12,4,6,4498,24,57,6.9,27.3
2020-10-03,4,2,2,1,4971,57,1,6.77,313.6
2020-10-03,4,2,1,2,3866,41,62,6.8,313.6
2020-10-03,4,2,6,3,5059,54,11,6.83,313.6
2020-10-03,4,2,5,4,3617,63,14,6.85,313.6
2020-10-03,4,2,3,5,4552,52,10,6.81,313.6
2020-10-03,4,2,4,6,3361,60,20,6.83,313.6
2020-10-03,4,3,3,1,3568,64,63,6.76,21.8
2020-10-03,4,3,1,2,4234,45,26,6.8,21.8
2020-10-03,4,3,6,3,4163,51,33,6.79,21.8
2020-10-03,4,3,4,4,4449,12,13,6.74,21.8
2020-10-03,4,3,5,5,4474,50,31,6.82,21.8
2020-10-03,4,3,2,6,3775,4,18,6.82,21.8
2020-10-03,4,4,1,1,4146,59,22,6.79,53.8
2020-10-03,4,4,2,2,3297,39,16,6.74,53.8
2020-10-03,4,4,4,3,3187,53,61,6.88,53.8
2020-10-03,4,4,5,4,3933,28,37,6.74,53.8
2020-10-03,4,4,6,5,4604,21,35,6.76,53.8
2020-10-03,4,4,3,6,3261,14,24,6.82,53.8
2020-10-03,4,5,4,1,4079,61,32,6.79,131.4
2020-10-03,4,5,3,2,4096,22,12,6.83,131.4
2020-10-03,4,5,2,3,3663,62,21,6.85,131.4
2020-10-03,4,5,5,4,4643,44,48,6.82,131.4
2020-10-03,4,5,6,5,3743,43,2,6.76,131.4
2020-10-03,4,5,1,6,3925,40,7,6.79,131.4
2020-10-03,4,6,1,1,3462,5,54,6.81,8.3
2020-10-03,4,6,3,2,4375,27,29,6.72,8.3
2020-10-03,4,6,2,3,4382,29,45,6.78,8.3
2020-10-03,4,6,6,4,4708,32,65,6.79,8.3
2020-10-03,4,6,5,5,3567,15,23,6.91,8.3
2020-10-03,4,6,4,6,3566,30,17,6.85,8.3
2020-10-03,4,7,1,1,4302,17,47,6.73,13.3
2020-10-03,4,7,6,2,4295,10,53,6.76,13.3
2020-10-03,4,7,4,3,4179,25,56,6.81,13.3
2020-10-03,4,7,3,4,3866,41,62,6.91,13.3
2020-10-03,4,7,2,5,2912,56,50,6.85,13.3
2020-10-03,4,7,5,6,3568,64,63,6.8,13.3
2020-10-03,4,8,1,1,4737,66,58,6.78,132.7
2020-10-03,4,8,6,2,4552,52,10,6.89,132.7
2020-10-03,4,8,3,3,3282,13,49,6.9,132.7
2020-10-03,4,8,5,4,3261,14,24,6.93,132.7
2020-10-03,4,8,4,5,4498,24,57,6.93,132.7
2020-10-03,4,8,2,6,4293,48,51,6.79,132.7
2020-10-03,4,9,1,1,4163,51,33,6.79,8.4
2020-10-03,4,9,2,2,3933,28,37,6.75,8.4
2020-10-03,4,9,4,3,4096,22,12,6.92,8.4
2020-10-03,4,9,3,4,4079,61,32,6.81,8.4
2020-10-03,4,9,6,5,3775,4,18,6.9,8.4
2020-10-03,4,9,5,6,3297,39,16,6.83,8.4
2020-10-03,4,10,1,1,4604,21,35,6.79,27.5
2020-10-03,4,10,3,2,4146,59,22,6.86,27.5
2020-10-03,4,10,6,3,4302,17,47,6.84,27.5
2020-10-03,4,10,2,4,4643,44,48,6.87,27.5
2020-10-03,4,10,4,5,3743,43,2,6.88,27.5
2020-10-03,4,10,5,6,4382,29,45,6.89,27.5
2020-10-03,4,11,2,1,4737,66,58,6.76,42.9
2020-10-03,4,11,1,2,4295,10,53,6.76,42.9
2020-10-03,4,11,5,3,4375,27,29,6.8,42.9
2020-10-03,4,11,4,4,4474,50,31,6.81,42.9
2020-10-03,4,11,3,5,3566,30,17,6.86,42.9
2020-10-03,4,11,6,6,3663,62,21,6.85,42.9
2020-10-03,4,12,3,1,3919,49,8,6.82,185.3
2020-10-03,4,12,2,2,3187,53,61,6.87,185.3
2020-10-03,4,12,5,3,3025,16,28,6.92,185.3
2020-10-03,4,12,1,4,4179,25,56,6.78,185.3
2020-10-03,4,12,6,5,4449,12,13,6.84,185.3
2020-10-03,4,12,4,6,3462,5,54,6.9,185.3
2020-10-04,5,1,4,1,3187,53,61,6.9,60.2
2020-10-04,5,1,5,2,4498,24,57,6.9,60.2
2020-10-04,5,1,6,3,3866,41,62,6.91,60.2
2020-10-04,5,1,3,4,3282,13,49,6.84,60.2
2020-10-04,5,1,1,5,4708,32,65,6.75,60.2
2020-10-04,5,1,2,6,3567,15,23,6.93,60.2
2020-10-04,5,2,2,1,3617,63,14,6.73,21.1
2020-10-04,5,2,1,2,4449,12,13,6.76,21.1
2020-10-04,5,2,4,3,3361,60,20,6.87,21.1
2020-10-04,5,2,5,4,5059,54,11,6.8,21.1
2020-10-04,5,2,3,5,3753,33,25,6.83,21.1
2020-10-04,5,2,6,6,3925,40,7,6.83,21.1
2020-10-04,5,3,1,1,3663,62,21,6.81,7.7
2020-10-04,5,3,2,2,3297,39,16,6.81,7.7
2020-10-04,5,3,3,3,4234,45,26,6.9,7.7
2020-10-04,5,3,6,4,3462,5,54,6.92,7.7
2020-10-04,5,3,4,5,2912,56,50,6.87,7.7
2020-10-04,5,3,5,6,4293,48,51,6.97,7.7
2020-10-04,5,4,4,1,3919,49,8,6.82,23.8
2020-10-04,5,4,1,2,4552,52,10,6.76,23.8
2020-10-04,5,4,5,3,4474,50,31,6.84,23.8
2020-10-04,5,4,2,4,3261,14,24,6.87,23.8
2020-10-04,5,4,3,5,3568,64,63,6.76,23.8
2020-10-04,5,4,6,6,3825,9,52,6.89,23.8
2020-10-04,5,5,5,1,4643,44,48,6.74,58.8
2020-10-04,5,5,2,2,4551,3,55,6.83,58.8
2020-10-04,5,5,1,3,3775,4,18,6.85,58.8
2020-10-04,5,5,3,4,4179,25,56,6.77,58.8
2020-10-04,5,5,4,5,3567,15,23,6.86,58.8
2020-10-04,5,5,6,6,4971,57,1,6.79,58.8
2020-10-04,5,6,1,1,3566,30,17,6.81,8.2
2020-10-04,5,6,4,2,3743,43,2,6.83,8.2
2020-10-04,5,6,3,3,4302,17,47,6.75,8.2
2020-10-04,5,6,2,4,3025,16,28,6.87,8.2
2020-10-04,5,6,5,5,3187,53,61,6.83,8.2
2020-10-04,5,6,6,6,3753,33,25,6.99,8.2
2020-10-04,5,7,1,1,4382,29,45,6.85,28.2
2020-10-04,5,7,2,2,4293,48,51,6.91,28.2
2020-10-04,5,7,6,3,4375,27,29,6.85,28.2
2020-10-04,5,7,4,4,3282,13,49,6.94,28.2
2020-10-04,5,7,5,5,4096,22,12,6.82,28.2
2020-10-04,5,7,3,6,3361,60,20,6.91,28.2
2020-10-04,5,8,1,1,4079,61,32,6.88,23.3
2020-10-04,5,8,3,2,3617,63,14,6.84,23.3
2020-10-04,5,8,5,3,4708,32,65,6.84,23.3
2020-10-04,5,8,4,4,3462,5,54,6.94,23.3
2020-10-04,5,8,6,5,5059,54,11,6.9,23.3
2020-10-04,5,8,2,6,3568,64,63,6.88,23.3
2020-10-04,5,9,1,1,3919,49,8,6.81,6.2
2020-10-04,5,9,3,2,4643,44,48,6.92,6.2
2020-10-04,5,9,2,3,4498,24,57,6.89,6.2
2020-10-04,5,9,4,4,4551,3,55,6.9,6.2
2020-10-04,5,9,6,5,4234,45,26,6.87,6.2
2020-10-04,5,9,5,6,2912,56,50,6.92,6.2
2020-10-04,5,10,1,1,4375,27,29,6.84,7.6
2020-10-04,5,10,3,2,3743,43,2,6.87,7.6
2020-10-04,5,10,2,3,4474,50,31,6.92,7.6
2020-10-04,5,10,5,4,3297,39,16,6.82,7.6
2020-10-04,5,10,6,5,4179,25,56,6.87,7.6
2020-10-04,5,10,4,6,3775,4,18,6.96,7.6
2020-10-04,5,11,1,1,4096,22,12,6.9,4.7
2020-10-04,5,11,2,2,4302,17,47,6.88,4.7
2020-10-04,5,11,3,3,4079,61,32,6.88,4.7
2020-10-04,5,11,4,4,3566,30,17,6.91,4.7
2020-10-04,5,11,5,5,4382,29,45,6.88,4.7
2020-10-04,5,11,6,6,3663,62,21,6.76,4.7
2020-10-04,5,12,1,1,4604,21,35,6.81,12.2
2020-10-04,5,12,2,2,4163,51,33,6.84,12.2
2020-10-04,5,12,3,3,4737,66,58,6.83,12.2
2020-10-04,5,12,4,4,4295,10,53,6.77,12.2
2020-10-04,5,12,5,5,3933,28,37,6.87,12.2
2020-10-04,5,12,6,6,4146,59,22,6.86,12.2
2020-10-11,1,1,1,1,3737,37,9,6.71,52.8
2020-10-11,1,1,5,2,4276,62,36,6.78,52.8
2020-10-11,1,1,3,3,4512,53,1,6.8,52.8
2020-10-11,1,1,6,4,4387,7,47,6.76,52.8
2020-10-11,1,1,2,5,4342,61,38,6.71,52.8
2020-10-11,1,1,4,6,4537,28,48,6.77,52.8
2020-10-11,1,2,2,1,4337,50,66,6.74,20.8
2020-10-11,1,2,1,2,4305,24,39,6.78,20.8
2020-10-11,1,2,3,3,4685,52,7,6.77,20.8
2020-10-11,1,2,6,4,3388,31,60,6.73,20.8
2020-10-11,1,2,5,5,3573,14,22,6.83,20.8
2020-10-11,1,2,4,6,4739,54,35,6.86,20.8
2020-10-11,1,3,3,1,3779,65,65,6.74,38.6
2020-10-11,1,3,4,2,4040,64,51,6.82,38.6
2020-10-11,1,3,5,3,4350,39,58,6.87,38.6
2020-10-11,1,3,6,4,4261,44,62,6.76,38.6
2020-10-11,1,3,2,5,4140,11,24,6.75,38.6
2020-10-11,1,3,1,6,3541,13,64,6.8,38.6
2020-10-11,1,4,1,1,3256,16,55,6.74,10.6
2020-10-11,1,4,2,2,3849,56,44,6.69,10.6
2020-10-11,1,4,3,3,3415,1,13,6.75,10.6
2020-10-11,1,4,6,4,4136,66,21,6.77,10.6
2020-10-11,1,4,5,5,3713,38,28,6.81,10.6
2020-10-11,1,4,4,6,4734,26,33,6.71,10.6
2020-10-11,1,5,2,1,4288,58,32,6.78,113.0
2020-10-11,1,5,3,2,3940,49,54,6.73,113.0
2020-10-11,1,5,4,3,4044,29,19,6.69,113.0
2020-10-11,1,5,6,4,4428,55,26,6.74,113.0
2020-10-11,1,5,1,5,4450,45,12,6.75,113.0
2020-10-11,1,5,5,6,3960,20,53,6.79,113.0
2020-10-11,1,6,1,1,4522,22,23,6.73,23.7
2020-10-11,1,6,2,2,4166,30,52,6.79,23.7
2020-10-11,1,6,4,3,4459,17,10,6.77,23.7
2020-10-11,1,6,3,4,4444,41,46,6.7,23.7
2020-10-11,1,6,6,5,3963,6,2,6.82,23.7
2020-10-11,1,6,5,6,4910,43,8,6.8,23.7
2020-10-11,1,7,4,1,4184,5,15,6.85,280.7
2020-10-11,1,7,5,2,3779,65,65,6.76,280.7
2020-10-11,1,7,2,3,4885,59,14,6.76,280.7
2020-10-11,1,7,3,4,4387,7,47,6.81,280.7
2020-10-11,1,7,1,5,4052,63,59,6.77,280.7
2020-10-11,1,7,6,6,4083,25,56,6.81,280.7
2020-10-11,1,8,2,1,3573,14,22,6.76,200.8
2020-10-11,1,8,5,2,4361,47,49,6.81,200.8
2020-10-11,1,8,4,3,4350,39,58,6.83,200.8
2020-10-11,1,8,3,4,4384,32,16,6.79,200.8
2020-10-11,1,8,6,5,4537,28,48,6.83,200.8
2020-10-11,1,8,1,6,4352,10,11,6.78,200.8
2020-10-11,1,9,5,1,4342,61,38,6.79,400.5
2020-10-11,1,9,2,2,3415,1,13,6.82,400.5
2020-10-11,1,9,1,3,4013,8,40,6.81,400.5
2020-10-11,1,9,6,4,4040,64,51,6.77,400.5
2020-10-11,1,9,3,5,4450,45,12,6.76,400.5
2020-10-11,1,9,4,6,4337,50,66,6.8,400.5
2020-10-11,1,11,1,1,3960,20,53,6.73,
2020-10-11,1,11,4,2,4166,30,52,6.85,
2020-10-11,1,11,2,3,3388,31,60,6.72,
2020-10-11,1,11,3,4,3849,56,44,6.83,
2020-10-11,1,11,5,5,4261,44,62,6.77,
2020-10-11,1,11,6,6,4512,53,1,6.83,
2020-10-11,1,12,1,1,4320,51,61,6.81,
2020-10-11,1,12,4,2,4024,34,5,6.75,
2020-10-11,1,12,3,3,3854,21,4,6.82,
2020-10-11,1,12,6,4,4418,46,17,6.87,
2020-10-11,1,12,5,5,4030,27,43,6.84,
2020-10-11,1,12,2,6,3622,19,31,6.84,
2020-10-12,2,1,1,1,4276,62,36,6.78,12.8
2020-10-12,2,1,4,2,4418,46,17,6.75,12.8
2020-10-12,2,1,3,3,4361,47,49,6.76,12.8
2020-10-12,2,1,2,4,4040,64,51,6.81,12.8
2020-10-12,2,1,6,5,3256,16,55,6.88,12.8
2020-10-12,2,1,5,6,4739,54,35,6.76,12.8
2020-10-12,2,2,2,1,3713,38,28,6.84,49.1
2020-10-12,2,2,1,2,3963,6,2,6.78,49.1
2020-10-12,2,2,4,3,3854,21,4,6.74,49.1
2020-10-12,2,2,3,4,4734,26,33,6.89,49.1
2020-10-12,2,2,6,5,4288,58,32,6.83,49.1
2020-10-12,2,2,5,6,4459,17,10,6.87,49.1
2020-10-12,2,3,2,1,4136,66,45,6.81,45.1
2020-10-12,2,3,1,2,4428,55,26,6.69,45.1
2020-10-12,2,3,4,3,4052,63,59,6.79,45.1
2020-10-12,2,3,3,4,4013,8,40,6.78,45.1
2020-10-12,2,3,5,5,3622,19,31,6.89,45.1
2020-10-12,2,3,6,6,4450,45,12,6.8,45.1
2020-10-12,2,4,1,1,4537,28,48,6.72,81.0
2020-10-12,2,4,3,2,4305,24,39,6.8,81.0
2020-10-12,2,4,6,3,4522,22,23,6.77,81.0
2020-10-12,2,4,2,4,4024,34,5,6.74,81.0
2020-10-12,2,4,4,5,3541,13,64,6.86,81.0
2020-10-12,2,4,5,6,3940,49,54,6.79,81.0
2020-10-12,2,5,1,1,4885,59,14,6.72,14.4
2020-10-12,2,5,2,2,4030,27,43,6.9,14.4
2020-10-12,2,5,4,3,4384,32,16,6.88,14.4
2020-10-12,2,5,6,4,4166,30,52,6.89,14.4
2020-10-12,2,5,5,5,4352,10,11,6.84,14.4
2020-10-12,2,5,3,6,4140,11,24,6.87,14.4
2020-10-12,2,6,1,1,3849,56,44,6.81,13.0
2020-10-12,2,6,6,2,4320,51,61,6.82,13.0
2020-10-12,2,6,5,3,4184,5,15,6.78,13.0
2020-10-12,2,6,2,4,4083,25,56,6.78,13.0
2020-10-12,2,6,3,5,4288,58,32,6.83,13.0
2020-10-12,2,6,4,6,4910,43,8,6.81,13.0
2020-10-12,2,7,2,1,3854,21,4,6.8,24.6
2020-10-12,2,7,1,2,4261,44,62,6.81,24.6
2020-10-12,2,7,4,3,4342,61,38,6.81,24.6
2020-10-12,2,7,5,4,4044,29,19,6.72,24.6
2020-10-12,2,7,3,5,4276,62,36,6.79,24.6
2020-10-12,2,7,6,6,4052,63,59,6.79,24.6
2020-10-12,2,8,2,1,4739,54,35,6.82,359.5
2020-10-12,2,8,3,2,4024,34,5,6.75,359.5
2020-10-12,2,8,6,3,3737,37,34,6.88,359.5
2020-10-12,2,8,1,4,4512,53,1,6.78,359.5
2020-10-12,2,8,4,5,3713,38,28,6.87,359.5
2020-10-12,2,8,5,6,4428,55,26,6.78,359.5
2020-10-12,2,9,5,1,4305,24,39,6.87,258.6
2020-10-12,2,9,1,2,4418,46,17,6.74,258.6
2020-10-12,2,9,2,3,4459,17,10,6.83,258.6
2020-10-12,2,9,6,4,3573,14,22,6.91,258.6
2020-10-12,2,9,3,5,4885,59,14,6.79,258.6
2020-10-12,2,9,4,6,4013,8,40,6.83,258.6
2020-10-12,2,10,1,1,4030,27,43,6.83,101.2
2020-10-12,2,10,6,2,4734,26,33,6.83,101.2
2020-10-12,2,10,3,3,4910,43,8,6.81,101.2
2020-10-12,2,10,4,4,3622,19,31,6.86,101.2
2020-10-12,2,10,2,5,3256,16,55,6.92,101.2
2020-10-12,2,10,5,6,4522,22,23,6.88,101.2
2020-10-12,2,11,1,1,4337,50,66,6.82,5.8
2020-10-12,2,11,4,2,4320,51,61,6.82,5.8
2020-10-12,2,11,2,3,4361,47,49,6.89,5.8
2020-10-12,2,11,3,4,3541,13,64,6.92,5.8
2020-10-12,2,11,6,5,4352,10,11,6.81,5.8
2020-10-12,2,11,5,6,3963,6,2,6.92,5.8
2020-10-12,2,12,1,1,3415,1,13,6.73,26.3
2020-10-12,2,12,5,2,3388,31,60,6.81,26.3
2020-10-12,2,12,3,3,4350,39,58,6.87,26.3
2020-10-12,2,12,2,4,4387,7,47,6.81,26.3
2020-10-12,2,12,6,5,3779,65,65,6.77,26.3
2020-10-12,2,12,4,6,3960,20,53,6.77,26.3
2020-10-13,3,1,1,1,4140,11,24,6.7,52.2
2020-10-13,3,1,6,2,3622,19,31,6.75,52.2
2020-10-13,3,1,2,3,3541,13,64,6.7,52.2
2020-10-13,3,1,5,4,4512,53,1,6.75,52.2
2020-10-13,3,1,3,5,4184,5,15,6.78,52.2
2020-10-13,3,1,4,6,4782,48,3,6.83,52.2
2020-10-13,3,2,4,1,3388,31,60,6.7,17.0
2020-10-13,3,2,5,2,4537,28,48,6.64,17.0
2020-10-13,3,2,1,3,4288,58,32,6.73,17.0
2020-10-13,3,2,6,4,4384,32,16,6.71,17.0
2020-10-13,3,2,3,5,3256,16,55,6.86,17.0
2020-10-13,3,2,2,6,3578,57,29,6.73,17.0
2020-10-13,3,3,1,1,4040,64,51,6.77,55.4
2020-10-13,3,3,5,2,3849,56,44,6.79,55.4
2020-10-13,3,3,6,3,3415,1,13,6.85,55.4
2020-10-13,3,3,4,4,3573,14,22,6.8,55.4
2020-10-13,3,3,2,5,4522,22,23,6.77,55.4
2020-10-13,3,3,3,6,4428,55,26,6.8,55.4
2020-10-13,3,4,4,1,3779,65,65,6.75,78.5
2020-10-13,3,4,5,2,3737,37,34,6.77,78.5
2020-10-13,3,4,2,3,4052,63,59,6.8,78.5
2020-10-13,3,4,6,4,3713,38,28,6.77,78.5
2020-10-13,3,4,1,5,4459,17,10,6.79,78.5
2020-10-13,3,4,3,6,4166,30,52,6.81,78.5
2020-10-13,3,5,1,1,4387,7,47,6.67,6.9
2020-10-13,3,5,2,2,4044,29,19,6.77,6.9
2020-10-13,3,5,3,3,4136,66,45,6.85,6.9
2020-10-13,3,5,4,4,3940,49,54,6.74,6.9
2020-10-13,3,5,6,5,4276,62,36,6.81,6.9
2020-10-13,3,5,5,6,4782,48,3,6.88,6.9
2020-10-13,3,6,2,1,4013,8,40,6.68,34.3
2020-10-13,3,6,3,2,4418,46,17,6.73,34.3
2020-10-13,3,6,1,3,4083,25,56,6.78,34.3
2020-10-13,3,6,6,4,4350,39,58,6.81,34.3
2020-10-13,3,6,4,5,4261,44,62,6.83,34.3
2020-10-13,3,6,5,6,3578,57,29,6.83,34.3
2020-10-13,3,7,3,1,3622,19,31,6.74,58.7
2020-10-13,3,7,2,2,3960,20,53,6.73,58.7
2020-10-13,3,7,1,3,4361,47,49,6.69,58.7
2020-10-13,3,7,6,4,4910,43,8,6.76,58.7
2020-10-13,3,7,5,5,4450,45,12,6.7,58.7
2020-10-13,3,7,4,6,3963,6,2,6.82,58.7
2020-10-13,3,8,1,1,4342,61,38,6.77,22.9
2020-10-13,3,8,4,2,3415,1,13,6.8,22.9
2020-10-13,3,8,6,3,4030,27,43,6.81,22.9
2020-10-13,3,8,2,4,4305,24,39,6.77,22.9
2020-10-13,3,8,5,5,4734,26,33,6.78,22.9
2020-10-13,3,8,3,6,4352,10,11,6.81,22.9
2020-10-13,3,9,2,1,4320,51,61,6.72,42.7
2020-10-13,3,9,1,2,4136,66,45,6.79,42.7
2020-10-13,3,9,6,3,4739,54,35,6.81,42.7
2020-10-13,3,9,3,4,4337,50,66,6.79,42.7
2020-10-13,3,9,4,5,4140,11,24,6.81,42.7
2020-10-13,3,9,5,6,4384,32,16,6.71,42.7
2020-10-13,3,10,1,1,3854,21,4,6.8,6.1
2020-10-13,3,10,2,2,3779,65,65,6.72,6.1
2020-10-13,3,10,4,3,3849,56,44,6.81,6.1
2020-10-13,3,10,3,4,4537,28,48,6.72,6.1
2020-10-13,3,10,6,5,4885,59,14,6.8,6.1
2020-10-13,3,10,5,6,4083,25,56,6.74,6.1
2020-10-13,3,11,5,1,4418,46,17,6.76,118.0
2020-10-13,3,11,4,2,3737,37,34,6.88,118.0
2020-10-13,3,11,1,3,3388,31,60,6.72,118.0
2020-10-13,3,11,3,4,4040,64,51,6.82,118.0
2020-10-13,3,11,2,5,4184,5,15,6.82,118.0
2020-10-13,3,11,6,6,3940,49,54,6.64,118.0
2020-10-13,3,12,1,1,4024,34,5,6.67,6.0
2020-10-13,3,12,2,2,4350,39,58,6.69,6.0
2020-10-13,3,12,3,3,3573,14,22,6.78,6.0
2020-10-13,3,12,5,4,4166,30,52,6.77,6.0
2020-10-13,3,12,6,5,4044,29,19,6.78,6.0
2020-10-13,3,12,4,6,4450,45,12,6.68,6.0
2020-10-14,4,2,1,1,4910,43,8,6.71,36.8
2020-10-14,4,2,2,2,4782,48,3,6.75,36.8
2020-10-14,4,2,3,3,4459,17,10,6.73,36.8
2020-10-14,4,2,6,4,3960,20,53,6.7,36.8
2020-10-14,4,2,4,5,3256,16,55,6.79,36.8
2020-10-14,4,2,5,6,4288,58,32,6.73,36.8
2020-10-14,4,3,1,1,3940,49,54,6.74,11.3
2020-10-14,4,3,3,2,4342,61,38,6.79,11.3
2020-10-14,4,3,4,3,4522,22,23,6.83,11.3
2020-10-14,4,3,6,4,4024,34,5,6.75,11.3
2020-10-14,4,3,5,5,4040,64,51,6.76,11.3
2020-10-14,4,3,2,6,3578,57,29,6.76,11.3
2020-10-14,4,4,1,1,4384,32,16,6.71,17.0
2020-10-14,4,4,4,2,4361,47,49,6.65,17.0
2020-10-14,4,4,3,3,4030,27,43,6.84,17.0
2020-10-14,4,4,6,4,4013,8,40,6.71,17.0
2020-10-14,4,4,5,5,4136,66,45,6.82,17.0
2020-10-14,4,4,2,6,4276,62,36,6.67,17.0
2020-10-14,4,5,1,1,4739,54,35,6.77,12.8
2020-10-14,4,5,6,2,3854,21,4,6.75,12.8
2020-10-14,4,5,3,3,3388,31,60,6.68,12.8
2020-10-14,4,5,4,4,4885,59,14,6.79,12.8
2020-10-14,4,5,2,5,4261,44,62,6.82,12.8
2020-10-14,4,5,5,6,4140,11,24,6.8,12.8
2020-10-14,4,6,2,1,4418,46,17,6.62,48.1
2020-10-14,4,6,4,2,4305,24,39,6.82,48.1
2020-10-14,4,6,1,3,3713,38,28,6.72,48.1
2020-10-14,4,6,6,4,3541,13,64,6.79,48.1
2020-10-14,4,6,5,5,3415,1,13,6.73,48.1
2020-10-14,4,6,3,6,4083,25,56,6.81,48.1
2020-10-14,4,7,1,1,3622,19,31,6.73,21.5
2020-10-14,4,7,4,2,4352,10,11,6.76,21.5
2020-10-14,4,7,5,3,4320,51,61,6.8,21.5
2020-10-14,4,7,3,4,4522,22,23,6.73,21.5
2020-10-14,4,7,6,5,4459,17,10,6.81,21.5
2020-10-14,4,7,2,6,4428,55,26,6.75,21.5
2020-10-14,4,8,1,1,4166,30,52,6.63,6.8
2020-10-14,4,8,3,2,3960,20,53,6.68,6.8
2020-10-14,4,8,5,3,4024,34,5,6.76,6.8
2020-10-14,4,8,4,4,4184,5,15,6.81,6.8
2020-10-14,4,8,2,5,4512,53,1,6.76,6.8
2020-10-14,4,8,6,6,3849,56,44,6.76,6.8
2020-10-14,4,10,1,1,4350,39,58,6.79,7.8
2020-10-14,4,10,2,2,3737,37,34,6.76,7.8
2020-10-14,4,10,5,3,4337,50,66,6.78,7.8
2020-10-14,4,10,3,4,4261,44,62,6.77,7.8
2020-10-14,4,10,6,5,4305,24,39,6.77,7.8
2020-10-14,4,10,4,6,4030,27,43,6.76,7.8
2020-10-14,4,11,1,1,3779,65,65,6.68,7.4
2020-10-14,4,11,3,2,4320,51,61,6.74,7.4
2020-10-14,4,11,5,3,4885,59,14,6.74,7.4
2020-10-14,4,11,6,4,4342,61,38,6.76,7.4
2020-10-14,4,11,4,5,4276,62,36,6.74,7.4
2020-10-14,4,11,2,6,4450,45,12,6.65,7.4
2020-10-14,4,12,1,1,4184,5,15,6.7,8.0
2020-10-14,4,12,3,2,3713,38,28,6.76,8.0
2020-10-14,4,12,5,3,4013,8,40,6.76,8.0
2020-10-14,4,12,4,4,4428,55,26,6.74,8.0
2020-10-14,4,12,6,5,4782,48,3,6.79,8.0
2020-10-14,4,12,2,6,4734,26,33,6.72,8.0
2020-10-15,5,1,1,1,4739,54,35,6.71,35.5
2020-10-15,5,1,5,2,4052,63,59,6.75,35.5
2020-10-15,5,1,4,3,4083,25,56,6.76,35.5
2020-10-15,5,1,6,4,3541,13,64,6.73,35.5
2020-10-15,5,1,2,5,4288,58,32,6.76,35.5
2020-10-15,5,1,3,6,4136,66,45,6.84,35.5
2020-10-15,5,2,3,1,3713,38,28,6.76,67.9
2020-10-15,5,2,2,2,4140,11,24,6.75,67.9
2020-10-15,5,2,6,3,4276,62,36,6.75,67.9
2020-10-15,5,2,1,4,3578,57,29,6.67,67.9
2020-10-15,5,2,4,5,4522,22,23,6.66,67.9
2020-10-15,5,2,5,6,3256,16,55,6.8,67.9
2020-10-15,5,3,1,1,4782,48,3,6.84,62.2
2020-10-15,5,3,2,2,3940,49,54,6.72,62.2
2020-10-15,5,3,6,3,4384,32,16,6.85,62.2
2020-10-15,5,3,3,4,4537,28,48,6.76,62.2
2020-10-15,5,3,4,5,4459,17,10,6.9,62.2
2020-10-15,5,3,5,6,4512,53,1,6.83,62.2
2020-10-15,5,4,1,1,4040,64,51,6.79,6.8
2020-10-15,5,4,2,2,3737,37,34,6.86,6.8
2020-10-15,5,4,4,3,4910,43,8,6.79,6.8
2020-10-15,5,4,5,4,4261,44,62,6.85,6.8
2020-10-15,5,4,3,5,4387,7,47,6.77,6.8
2020-10-15,5,4,6,6,4734,26,33,6.83,6.8
2020-10-15,5,6,3,1,4739,54,35,6.83,89.5
2020-10-15,5,6,2,2,4083,25,56,6.82,89.5
2020-10-15,5,6,1,3,4013,8,40,6.81,89.5
2020-10-15,5,6,6,4,4537,28,48,6.79,89.5
2020-10-15,5,6,4,5,3256,16,55,6.91,89.5
2020-10-15,5,6,5,6,3578,57,29,6.84,89.5
2020-10-15,5,7,1,1,3940,49,54,6.7,30.4
2020-10-15,5,7,2,2,4512,53,1,6.87,30.4
2020-10-15,5,7,5,3,4288,58,32,6.85,30.4
2020-10-15,5,7,4,4,3713,38,28,6.8,30.4
2020-10-15,5,7,3,5,4522,22,23,6.84,30.4
2020-10-15,5,7,6,6,4052,63,59,6.84,30.4
2020-10-15,5,8,2,1,4384,32,16,6.85,54.1
2020-10-15,5,8,1,2,4387,7,47,6.78,54.1
2020-10-15,5,8,5,3,4140,11,24,6.81,54.1
2020-10-15,5,8,6,4,4184,5,15,6.77,54.1
2020-10-15,5,8,3,5,4276,62,36,6.86,54.1
2020-10-15,5,8,4,6,4040,64,51,6.81,54.1
2020-10-15,5,9,3,1,4361,47,49,6.8,67.4
2020-10-15,5,9,1,2,4418,46,17,6.73,67.4
2020-10-15,5,9,4,3,4337,50,66,6.91,67.4
2020-10-15,5,9,5,4,4030,27,43,6.91,67.4
2020-10-15,5,9,6,5,3960,20,53,6.73,67.4
2020-10-15,5,9,2,6,3854,21,20,6.8,67.4
2020-10-15,5,10,1,1,4320,51,61,6.74,7.7
2020-10-15,5,10,3,2,3388,31,60,6.67,7.7
2020-10-15,5,10,2,3,4350,39,58,6.8,7.7
2020-10-15,5,10,6,4,4166,30,52,6.71,7.7
2020-10-15,5,10,5,5,3849,56,44,6.81,7.7
2020-10-15,5,10,4,6,4342,61,38,6.7,7.7
2020-10-15,5,11,3,1,4024,34,5,6.68,244.5
2020-10-15,5,11,5,2,3622,19,31,6.79,244.5
2020-10-15,5,11,1,3,3779,65,65,6.64,244.5
2020-10-15,5,11,6,4,4044,29,19,6.68,244.5
2020-10-15,5,11,2,5,3415,1,13,6.75,244.5
2020-10-15,5,11,4,6,4305,24,39,6.72,244.5
2020-10-15,5,12,1,1,4459,17,10,6.75,40.4
2020-10-15,5,12,3,2,4885,59,14,6.69,40.4
2020-10-15,5,12,6,3,4352,10,11,6.71,40.4
2020-10-15,5,12,5,4,3737,37,34,6.75,40.4
2020-10-15,5,12,4,5,4013,8,40,6.73,40.4
2020-10-15,5,12,2,6,4910,43,8,6.79,40.4
2020-10-16,6,1,1,1,4052,63,59,6.75,98.3
2020-10-16,6,1,6,2,4734,26,33,6.8,98.3
2020-10-16,6,1,4,3,4522,22,23,6.74,98.3
2020-10-16,6,1,5,4,4739,54,35,6.77,98.3
2020-10-16,6,1,3,5,3256,16,55,6.82,98.3
2020-10-16,6,1,2,6,4782,48,3,6.77,98.3
2020-10-16,6,2,1,1,4384,32,16,6.8,8.6
2020-10-16,6,2,2,2,4261,44,62,6.84,8.6
2020-10-16,6,2,4,3,4184,5,15,6.72,8.6
2020-10-16,6,2,6,4,3940,49,54,6.79,8.6
2020-10-16,6,2,5,5,4083,25,56,6.83,8.6
2020-10-16,6,2,3,6,3578,57,29,6.88,8.6
2020-10-16,6,3,3,1,3713,38,28,6.77,73.8
2020-10-16,6,3,2,2,4342,61,38,6.76,73.8
2020-10-16,6,3,6,3,4013,8,40,6.84,73.8
2020-10-16,6,3,1,4,3541,13,64,6.73,73.8
2020-10-16,6,3,4,5,4140,11,24,6.76,73.8
2020-10-16,6,3,5,6,4910,43,18,6.85,73.8
2020-10-16,6,4,1,1,4276,62,36,6.67,11.6
2020-10-16,6,4,2,2,4337,50,66,6.72,11.6
2020-10-16,6,4,4,3,4288,58,32,6.81,11.6
2020-10-16,6,4,6,4,4459,17,10,6.86,11.6
2020-10-16,6,4,3,5,4512,53,1,6.76,11.6
2020-10-16,6,4,5,6,3849,56,44,6.85,11.6
2020-10-16,6,5,1,1,4537,28,48,6.67,5.8
2020-10-16,6,5,2,2,3960,20,53,6.75,5.8
2020-10-16,6,5,3,3,4350,39,58,6.79,5.8
2020-10-16,6,5,6,4,3415,1,13,6.79,5.8
2020-10-16,6,5,4,5,4428,55,26,6.79,5.8
2020-10-16,6,5,5,6,4782,48,3,6.84,5.8
2020-10-16,6,8,2,1,3256,16,55,6.93,110.4
2020-10-16,6,8,1,2,4044,29,19,6.76,110.4
2020-10-16,6,8,3,3,3541,13,64,6.84,110.4
2020-10-16,6,8,6,4,4040,64,51,6.83,110.4
2020-10-16,6,8,5,5,4288,58,32,6.88,110.4
2020-10-16,6,8,4,6,3940,49,54,6.77,110.4
2020-10-16,6,9,1,1,4885,59,14,6.7,9.7
2020-10-16,6,9,4,2,4052,63,59,6.77,9.7
2020-10-16,6,9,3,3,4083,25,56,6.77,9.7
2020-10-16,6,9,2,4,4910,43,18,6.83,9.7
2020-10-16,6,9,6,5,4387,7,47,6.8,9.7
2020-10-16,6,9,5,6,4428,55,26,6.81,9.7
2020-10-16,6,10,1,1,3415,1,13,6.68,11.3
2020-10-16,6,10,3,2,3960,20,53,6.81,11.3
2020-10-16,6,10,5,3,4342,61,38,6.76,11.3
2020-10-16,6,10,6,4,4305,24,39,6.8,11.3
2020-10-16,6,10,4,5,3854,21,20,6.82,11.3
2020-10-16,6,10,2,6,3849,56,44,6.85,11.3
2020-10-16,6,11,1,1,3779,65,65,6.7,8.0
2020-10-16,6,11,2,2,4350,39,58,6.76,8.0
2020-10-16,6,11,4,3,4030,27,43,6.84,8.0
2020-10-16,6,11,6,4,4044,29,19,6.79,8.0
2020-10-16,6,11,3,5,4337,50,66,6.87,8.0
2020-10-16,6,11,5,6,4166,30,52,6.78,8.0
2020-10-16,6,12,1,1,4320,51,61,6.72,9.8
2020-10-16,6,12,4,2,4418,46,17,6.73,9.8
2020-10-16,6,12,2,3,4024,34,5,6.69,9.8
2020-10-16,6,12,5,4,3388,31,60,6.73,9.8
2020-10-16,6,12,6,5,3622,19,31,6.78,9.8
2020-10-16,6,12,3,6,4361,47,49,6.82,9.8
2020-10-22,1,1,1,1,5043,59,19,6.84,19.8
2020-10-22,1,1,2,2,4196,13,43,6.92,19.8
2020-10-22,1,1,6,3,3757,28,15,6.88,19.8
2020-10-22,1,1,4,4,4930,66,34,6.87,19.8
2020-10-22,1,1,3,5,5093,63,62,6.95,19.8
2020-10-22,1,1,5,6,5138,56,57,6.89,19.8
2020-10-22,1,2,5,1,3945,19,39,6.84,76.0
2020-10-22,1,2,2,2,4271,1,23,6.8,76.0
2020-10-22,1,2,3,3,4648,24,29,6.86,76.0
2020-10-22,1,2,1,4,3305,64,38,6.83,76.0
2020-10-22,1,2,4,5,5053,16,37,6.87,76.0
2020-10-22,1,2,6,6,4896,48,54,6.9,76.0
2020-10-22,1,3,3,1,4351,18,41,6.95,26.0
2020-10-22,1,3,5,2,3527,53,25,6.83,26.0
2020-10-22,1,3,1,3,4346,17,32,6.87,26.0
2020-10-22,1,3,4,4,3982,8,12,6.85,26.0
2020-10-22,1,3,2,5,4005,50,5,6.84,26.0
2020-10-22,1,3,6,6,3615,43,1,6.97,26.0
2020-10-22,1,4,5,1,4584,46,63,6.87,55.9
2020-10-22,1,4,6,2,3784,51,17,6.87,55.9
2020-10-22,1,4,3,3,4434,62,61,6.92,55.9
2020-10-22,1,4,1,4,3714,11,60,6.88,55.9
2020-10-22,1,4,4,5,3702,39,26,6.86,55.9
2020-10-22,1,4,2,6,4241,7,46,6.9,55.9
2020-10-22,1,5,3,1,4182,55,66,6.91,80.9
2020-10-22,1,5,1,2,4257,29,21,6.83,80.9
2020-10-22,1,5,5,3,3833,47,30,6.78,80.9
2020-10-22,1,5,4,4,4189,41,50,6.86,80.9
2020-10-22,1,5,2,5,3708,32,27,6.85,80.9
2020-10-22,1,5,6,6,5093,63,62,6.93,80.9
2020-10-22,1,6,2,1,3834,31,2,6.64,65.2
2020-10-22,1,6,1,2,3769,61,11,6.86,65.2
2020-10-22,1,6,5,3,4648,24,29,6.91,65.2
2020-10-22,1,6,3,4,4348,20,64,6.84,65.2
2020-10-22,1,6,6,5,5104,52,3,6.81,65.2
2020-10-22,1,6,4,6,4545,44,35,6.88,65.2
2020-10-22,1,8,1,1,3997,37,40,6.8,29.4
2020-10-22,1,8,4,2,3873,58,36,6.88,29.4
2020-10-22,1,8,5,3,4005,50,5,6.88,29.4
2020-10-22,1,8,3,4,3945,19,39,6.77,29.4
2020-10-22,1,8,2,5,4027,14,53,6.86,29.4
2020-10-22,1,8,6,6,5138,56,57,6.89,29.4
2020-10-22,1,9,4,1,3757,28,15,6.79,120.1
2020-10-22,1,9,5,2,4241,7,46,6.85,120.1
2020-10-22,1,9,1,3,4452,10,45,6.77,120.1
2020-10-22,1,9,6,4,4182,55,66,6.84,120.1
2020-10-22,1,9,2,5,4411,25,18,6.81,120.1
2020-10-22,1,9,3,6,3473,57,7,6.87,120.1
2020-10-22,1,10,1,1,4653,26,52,6.75,9.1
2020-10-22,1,10,2,2,3833,47,30,6.74,9.1
2020-10-22,1,10,4,3,3832,5,44,6.91,9.1
2020-10-22,1,10,6,4,3702,39,26,6.75,9.1
2020-10-22,1,10,3,5,3615,43,1,6.81,9.1
2020-10-22,1,10,5,6,3769,61,11,6.88,9.1
2020-10-22,1,11,1,1,4545,44,35,6.76,34.0
2020-10-22,1,11,3,2,3708,32,27,6.76,34.0
2020-10-22,1,11,5,3,4434,62,61,6.87,34.0
2020-10-22,1,11,4,4,3828,6,6,6.78,34.0
2020-10-22,1,11,2,5,3527,53,25,6.79,34.0
2020-10-22,1,11,6,6,4930,66,34,6.8,34.0
2020-10-22,1,12,1,1,3946,3,59,6.87,12.7
2020-10-22,1,12,4,2,3997,37,40,6.89,12.7
2020-10-22,1,12,3,3,4584,46,63,6.86,12.7
2020-10-22,1,12,5,4,4351,18,41,6.89,12.7
2020-10-22,1,12,6,5,4348,20,64,6.9,12.7
2020-10-22,1,12,2,6,4189,41,50,6.85,12.7
2020-10-23,2,1,1,1,3834,31,2,6.7,13.5
2020-10-23,2,1,3,2,3714,11,60,6.76,13.5
2020-10-23,2,1,4,3,4452,10,45,6.85,13.5
2020-10-23,2,1,2,4,4182,55,66,6.86,13.5
2020-10-23,2,1,6,5,5138,56,57,6.83,13.5
2020-10-23,2,1,5,6,4896,48,54,6.91,13.5
2020-10-23,2,2,1,1,3523,49,47,6.75,12.8
2020-10-23,2,2,4,2,4196,13,43,6.78,12.8
2020-10-23,2,2,2,3,5043,59,19,6.78,12.8
2020-10-23,2,2,3,4,3305,64,38,6.82,12.8
2020-10-23,2,2,6,5,4005,50,5,6.9,12.8
2020-10-23,2,2,5,6,5104,52,3,6.81,12.8
2020-10-23,2,3,1,1,3945,19,39,6.75,13.9
2020-10-23,2,3,2,2,4257,29,21,6.75,13.9
2020-10-23,2,3,3,3,4411,25,18,6.82,13.9
2020-10-23,2,3,4,4,4027,14,53,6.8,13.9
2020-10-23,2,3,5,5,4189,41,50,6.78,13.9
2020-10-23,2,3,6,6,5053,16,37,6.84,13.9
2020-10-23,2,4,3,1,3982,8,12,6.72,261.2
2020-10-23,2,4,5,2,3832,5,44,6.78,261.2
2020-10-23,2,4,4,3,4346,17,32,6.77,261.2
2020-10-23,2,4,6,4,4545,44,35,6.74,261.2
2020-10-23,2,4,1,5,4648,24,29,6.75,261.2
2020-10-23,2,4,2,6,3873,58,36,6.81,261.2
2020-10-23,2,5,4,1,4241,7,46,6.81,349.3
2020-10-23,2,5,3,2,4930,66,34,6.79,349.3
2020-10-23,2,5,6,3,3828,6,6,6.68,349.3
2020-10-23,2,5,2,4,3757,28,15,6.69,349.3
2020-10-23,2,5,1,5,3702,39,26,6.65,349.3
2020-10-23,2,5,5,6,3726,12,55,6.81,349.3
2020-10-23,2,7,4,1,3834,31,2,6.68,94.8
2020-10-23,2,7,3,2,3946,3,59,6.74,94.8
2020-10-23,2,7,5,3,3523,49,47,6.74,94.8
2020-10-23,2,7,2,4,4653,26,52,6.7,94.8
2020-10-23,2,7,1,5,3527,53,25,6.75,94.8
2020-10-23,2,7,6,6,4257,29,21,6.78,94.8
2020-10-23,2,8,3,1,4196,13,43,6.79,69.5
2020-10-23,2,8,1,2,4348,20,64,6.76,69.5
2020-10-23,2,8,5,3,4346,17,32,6.84,69.5
2020-10-23,2,8,4,4,3615,43,1,6.77,69.5
2020-10-23,2,8,2,5,3473,57,7,6.79,69.5
2020-10-23,2,8,6,6,4896,48,54,6.81,69.5
2020-10-23,2,9,2,1,3832,5,44,6.73,27.6
2020-10-23,2,9,1,2,4434,62,61,6.72,27.6
2020-10-23,2,9,3,3,3997,37,40,6.78,27.6
2020-10-23,2,9,6,4,3708,32,27,6.86,27.6
2020-10-23,2,9,4,5,3714,11,60,6.83,27.6
2020-10-23,2,9,5,6,5053,16,37,6.83,27.6
2020-10-23,2,10,1,1,4584,46,51,6.72,7.0
2020-10-23,2,10,3,2,4452,10,45,6.76,7.0
2020-10-23,2,10,2,3,4351,18,41,6.78,7.0
2020-10-23,2,10,4,4,3769,61,11,6.85,7.0
2020-10-23,2,10,5,5,4411,25,18,6.87,7.0
2020-10-23,2,10,6,6,5104,52,3,6.76,7.0
2020-10-23,2,11,1,1,4189,41,50,6.62,48.8
2020-10-23,2,11,3,2,3726,12,55,6.73,48.8
2020-10-23,2,11,5,3,3873,58,36,6.8,48.8
2020-10-23,2,11,2,4,3784,51,17,6.73,48.8
2020-10-23,2,11,4,5,3946,3,59,6.75,48.8
2020-10-23,2,11,6,6,5043,59,19,6.68,48.8
2020-10-23,2,12,2,1,3828,6,6,6.78,194.1
2020-10-23,2,12,5,2,4653,26,52,6.77,194.1
2020-10-23,2,12,4,3,3833,47,30,6.64,194.1
2020-10-23,2,12,3,4,4545,44,35,6.71,194.1
2020-10-23,2,12,6,5,4027,14,53,6.8,194.1
2020-10-23,2,12,1,6,3473,57,7,6.79,194.1
2020-10-24,3,1,1,1,4930,66,34,6.81,26.3
2020-10-24,3,1,4,2,3708,32,27,6.79,26.3
2020-10-24,3,1,3,3,4241,7,46,6.82,26.3
2020-10-24,3,1,6,4,3769,61,11,6.87,26.3
2020-10-24,3,1,5,5,5093,63,62,6.96,26.3
2020-10-24,3,1,2,6,4452,10,45,6.8,26.3
2020-10-24,3,2,1,1,4271,1,23,6.71,24.4
2020-10-24,3,2,4,2,5043,59,19,6.76,24.4
2020-10-24,3,2,5,3,3702,39,26,6.82,24.4
2020-10-24,3,2,3,4,4005,50,5,6.8,24.4
2020-10-24,3,2,6,5,5138,56,57,6.86,24.4
2020-10-24,3,2,2,6,3982,8,12,6.69,24.4
2020-10-24,3,4,5,1,3473,57,7,6.94,49.5
2020-10-24,3,4,4,2,4584,46,51,6.86,49.5
2020-10-24,3,4,2,3,3945,19,39,6.87,49.5
2020-10-24,3,4,3,4,3523,49,47,6.87,49.5
2020-10-24,3,4,6,5,4434,62,61,6.82,49.5
2020-10-24,3,4,1,6,4196,13,43,6.84,49.5
2020-10-24,3,5,1,1,3832,5,44,6.82,6.6
2020-10-24,3,5,3,2,4653,26,52,6.75,6.6
2020-10-24,3,5,4,3,4351,18,41,6.82,6.6
2020-10-24,3,5,5,4,4930,66,34,6.8,6.6
2020-10-24,3,5,2,5,4346,17,32,6.8,6.6
2020-10-24,3,5,6,6,3305,64,38,6.85,6.6
2020-10-24,3,6,4,1,3833,47,30,6.73,54.2
2020-10-24,3,6,6,2,4241,7,46,6.8,54.2
2020-10-24,3,6,1,3,3615,43,1,6.79,54.2
2020-10-24,3,6,3,4,3946,3,59,6.76,54.2
2020-10-24,3,6,2,5,3714,11,60,6.75,54.2
2020-10-24,3,6,5,6,5138,56,57,6.75,54.2
2020-10-24,3,7,2,1,3997,37,40,6.67,15.5
2020-10-24,3,7,5,2,3834,31,2,6.71,15.5
2020-10-24,3,7,1,3,3873,58,36,6.73,15.5
2020-10-24,3,7,3,4,4189,41,50,6.75,15.5
2020-10-24,3,7,4,5,5053,16,37,6.82,15.5
2020-10-24,3,7,6,6,4896,48,54,6.88,15.5
2020-10-24,3,8,1,1,3828,6,6,6.73,5.6
2020-10-24,3,8,2,2,4584,46,51,6.75,5.6
2020-10-24,3,8,4,3,4411,25,18,6.85,5.6
2020-10-24,3,8,3,4,4257,29,21,6.81,5.6
2020-10-24,3,8,5,5,4182,55,66,6.86,5.6
2020-10-24,3,8,6,6,5093,63,62,6.88,5.6
2020-10-24,3,9,1,1,4545,44,35,6.73,13.0
2020-10-24,3,9,3,2,4271,1,23,6.79,13.0
2020-10-24,3,9,2,3,3726,12,55,6.84,13.0
2020-10-24,3,9,4,4,4348,20,64,6.82,13.0
2020-10-24,3,9,6,5,3945,19,39,6.73,13.0
2020-10-24,3,9,5,6,3784,51,17,6.77,13.0
2020-10-24,3,10,1,1,3946,3,59,6.82,5.9
2020-10-24,3,10,4,2,4653,26,52,6.78,5.9
2020-10-24,3,10,2,3,4434,62,61,6.79,5.9
2020-10-24,3,10,3,4,3702,39,26,6.72,5.9
2020-10-24,3,10,6,5,4648,24,29,6.79,5.9
2020-10-24,3,10,5,6,4027,14,53,6.79,5.9
2020-10-24,3,11,1,1,4351,18,41,6.73,24.1
2020-10-24,3,11,3,2,3757,28,15,6.73,24.1
2020-10-24,3,11,6,3,4452,10,45,6.76,24.1
2020-10-24,3,11,2,4,3615,43,1,6.74,24.1
2020-10-24,3,11,5,5,3997,37,40,6.77,24.1
2020-10-24,3,11,4,6,4005,50,5,6.79,24.1
2020-10-24,3,12,2,1,3769,61,11,6.8,990.1
2020-10-24,3,12,4,2,3473,57,7,6.88,990.1
2020-10-24,3,12,5,3,3982,8,12,6.81,990.1
2020-10-24,3,12,3,4,3832,5,44,6.84,990.1
2020-10-24,3,12,1,5,3833,47,30,6.68,990.1
2020-10-24,3,12,6,6,4411,25,18,6.78,990.1
2020-10-25,4,1,2,1,4648,24,29,6.74,41.0
2020-10-25,4,1,3,2,3873,58,36,6.79,41.0
2020-10-25,4,1,4,3,3305,64,38,6.83,41.0
2020-10-25,4,1,1,4,4005,50,5,6.79,41.0
2020-10-25,4,1,5,5,5104,52,3,6.84,41.0
2020-10-25,4,1,6,6,3714,11,60,6.79,41.0
2020-10-25,4,2,1,1,3982,8,12,6.7,27.0
2020-10-25,4,2,3,2,4346,17,32,6.93,27.0
2020-10-25,4,2,5,3,5043,59,19,6.87,27.0
2020-10-25,4,2,2,4,4930,66,34,6.76,27.0
2020-10-25,4,2,4,5,3945,19,39,6.87,27.0
2020-10-25,4,2,6,6,5053,16,37,6.85,27.0
2020-10-25,4,3,2,1,3784,51,17,6.78,40.5
2020-10-25,4,3,3,2,4189,41,50,6.78,40.5
2020-10-25,4,3,1,3,4241,7,46,6.74,40.5
2020-10-25,4,3,6,4,3527,53,25,6.86,40.5
2020-10-25,4,3,5,5,4196,13,43,6.86,40.5
2020-10-25,4,3,4,6,5093,63,62,6.8,40.5
2020-10-25,4,4,1,1,3708,32,27,6.81,8.8
2020-10-25,4,4,3,2,3834,31,2,6.8,8.8
2020-10-25,4,4,2,3,4653,26,52,6.78,8.8
2020-10-25,4,4,4,4,3726,12,55,6.86,8.8
2020-10-25,4,4,5,5,4257,29,21,6.83,8.8
2020-10-25,4,4,6,6,5138,56,57,6.88,8.8
2020-10-25,4,5,2,1,3473,57,7,6.92,37.3
2020-10-25,4,5,4,2,4271,1,23,6.91,37.3
2020-10-25,4,5,3,3,3828,6,6,6.86,37.3
2020-10-25,4,5,1,4,4027,14,53,6.77,37.3
2020-10-25,4,5,6,5,3523,49,47,6.89,37.3
2020-10-25,4,5,5,6,3305,64,38,6.91,37.3
2020-10-25,4,6,1,1,3757,28,15,6.73,11.9
2020-10-25,4,6,3,2,4584,46,51,6.79,11.9
2020-10-25,4,6,2,3,3702,39,26,6.78,11.9
2020-10-25,4,6,4,4,3997,37,40,6.75,11.9
2020-10-25,4,6,6,5,5104,52,3,6.86,11.9
2020-10-25,4,6,5,6,4896,48,54,6.92,11.9
2020-10-25,4,7,4,1,4182,55,66,6.77,200.3
2020-10-25,4,7,2,2,4545,44,35,6.79,200.3
2020-10-25,4,7,5,3,5053,16,37,6.92,200.3
2020-10-25,4,7,3,4,4348,20,64,6.8,200.3
2020-10-25,4,7,6,5,4196,13,48,6.81,200.3
2020-10-25,4,7,1,6,4411,25,18,6.84,200.3
2020-10-25,4,8,1,1,4351,18,41,6.81,22.1
2020-10-25,4,8,2,2,3769,61,11,6.84,22.1
2020-10-25,4,8,6,3,3834,31,2,6.77,22.1
2020-10-25,4,8,3,4,5043,59,19,6.72,22.1
2020-10-25,4,8,4,5,3946,3,59,6.79,22.1
2020-10-25,4,8,5,6,3714,11,60,6.83,22.1
2020-10-25,4,9,1,1,3833,47,30,6.78,9.3
2020-10-25,4,9,3,2,4653,26,52,6.78,9.3
2020-10-25,4,9,2,3,3523,49,47,6.77,9.3
2020-10-25,4,9,6,4,4346,17,32,6.85,9.3
2020-10-25,4,9,5,5,4452,10,45,6.82,9.3
2020-10-25,4,9,4,6,4434,62,61,6.79,9.3
2020-10-25,4,10,4,1,4257,29,21,6.87,118.6
2020-10-25,4,10,3,2,3473,57,7,6.95,118.6
2020-10-25,4,10,2,3,3832,5,44,6.83,118.6
2020-10-25,4,10,1,4,4189,41,50,6.74,118.6
2020-10-25,4,10,5,5,3615,43,1,6.94,118.6
2020-10-25,4,10,6,6,4896,48,54,7.0,118.6
2020-10-25,4,11,1,1,4584,46,51,6.84,6.7
2020-10-25,4,11,3,2,4545,44,35,6.87,6.7
2020-10-25,4,11,2,3,3828,6,6,6.79,6.7
2020-10-25,4,11,4,4,3784,51,17,6.87,6.7
2020-10-25,4,11,5,5,3708,32,27,6.85,6.7
2020-10-25,4,11,6,6,3873,58,36,6.88,6.7
2020-10-25,4,12,1,1,3997,37,40,6.8,8.9
2020-10-25,4,12,5,2,3946,3,59,6.86,8.9
2020-10-25,4,12,3,3,4027,14,53,6.8,8.9
2020-10-25,4,12,2,4,4348,20,64,6.77,8.9
2020-10-25,4,12,4,5,3527,53,25,6.88,8.9
2020-10-25,4,12,6,6,3726,12,55,6.96,8.9
2020-10-26,5,1,2,1,3784,51,17,6.8,30.9
2020-10-26,5,1,1,2,4257,29,21,6.76,30.9
2020-10-26,5,1,3,3,4027,14,53,6.77,30.9
2020-10-26,5,1,6,4,4351,18,41,6.84,30.9
2020-10-26,5,1,5,5,4241,7,46,6.83,30.9
2020-10-26,5,1,4,6,4271,1,23,6.82,30.9
2020-10-26,5,2,2,1,3769,61,11,6.71,84.2
2020-10-26,5,2,1,2,3945,19,39,6.79,84.2
2020-10-26,5,2,4,3,3708,32,27,6.8,84.2
2020-10-26,5,2,3,4,3473,57,7,6.83,84.2
2020-10-26,5,2,6,5,5053,16,37,6.78,84.2
2020-10-26,5,2,5,6,3834,31,2,6.68,84.2
2020-10-26,5,3,4,1,4545,44,35,6.75,17.5
2020-10-26,5,3,1,2,4648,24,29,6.73,17.5
2020-10-26,5,3,6,3,3833,47,30,6.81,17.5
2020-10-26,5,3,5,4,3832,5,33,6.83,17.5
2020-10-26,5,3,3,5,3982,8,12,6.8,17.5
2020-10-26,5,3,2,6,3305,64,38,6.85,17.5
2020-10-26,5,4,1,1,3615,43,1,6.86,18.7
2020-10-26,5,4,4,2,4348,20,64,6.85,18.7
2020-10-26,5,4,2,3,3523,49,47,6.78,18.7
2020-10-26,5,4,5,4,3997,37,40,6.83,18.7
2020-10-26,5,4,3,5,4005,50,5,6.89,18.7
2020-10-26,5,4,6,6,5104,52,3,6.85,18.7
2020-10-26,5,5,2,1,5043,59,19,6.7,120.2
2020-10-26,5,5,3,2,4182,55,66,6.79,120.2
2020-10-26,5,5,6,3,4584,46,51,6.84,120.2
2020-10-26,5,5,4,4,3714,11,60,6.76,120.2
2020-10-26,5,5,5,5,4653,26,52,6.76,120.2
2020-10-26,5,5,1,6,3527,53,25,6.78,120.2
2020-10-26,5,6,3,1,3873,58,36,6.86,39.3
2020-10-26,5,6,4,2,3946,3,59,6.79,39.3
2020-10-26,5,6,1,3,3726,12,55,6.79,39.3
2020-10-26,5,6,2,4,3702,39,26,6.75,39.3
2020-10-26,5,6,5,5,4196,13,48,6.86,39.3
2020-10-26,5,6,6,6,4896,48,54,6.84,39.3
2020-10-26,5,7,1,1,4189,41,31,6.73,8.7
2020-10-26,5,7,4,2,3757,28,15,6.76,8.7
2020-10-26,5,7,5,3,3828,6,6,6.82,8.7
2020-10-26,5,7,3,4,4434,62,61,6.82,8.7
2020-10-26,5,7,2,5,4930,66,34,6.82,8.7
2020-10-26,5,7,6,6,5138,56,57,6.75,8.7
2020-10-26,5,8,2,1,3997,37,40,6.77,257.9
2020-10-26,5,8,5,2,3523,49,47,6.82,257.9
2020-10-26,5,8,3,3,4271,1,23,6.85,257.9
2020-10-26,5,8,1,4,3834,31,2,6.72,257.9
2020-10-26,5,8,4,5,3982,8,12,6.83,257.9
2020-10-26,5,8,6,6,4648,24,29,6.83,257.9
2020-10-26,5,9,1,1,4351,18,41,6.79,5.5
2020-10-26,5,9,3,2,4545,44,35,6.85,5.5
2020-10-26,5,9,2,3,3832,5,33,6.83,5.5
2020-10-26,5,9,5,4,5043,59,19,6.86,5.5
2020-10-26,5,9,4,5,4182,55,66,6.83,5.5
2020-10-26,5,9,6,6,3945,19,39,6.86,5.5
2020-10-26,5,10,1,1,3833,47,30,6.82,9.7
2020-10-26,5,10,4,2,3473,57,7,6.96,9.7
2020-10-26,5,10,2,3,4653,26,49,6.77,9.7
2020-10-26,5,10,6,4,4189,41,31,6.83,9.7
2020-10-26,5,10,3,5,3708,32,27,6.77,9.7
2020-10-26,5,10,5,6,3784,51,17,6.88,9.7
2020-10-26,5,12,1,1,4434,62,61,6.84,6.5
2020-10-26,5,12,3,2,3946,3,59,6.83,6.5
2020-10-26,5,12,4,3,4346,17,32,6.86,6.5
2020-10-26,5,12,2,4,4411,25,18,6.89,6.5
2020-10-26,5,12,5,5,3615,43,1,6.86,6.5
2020-10-26,5,12,6,6,5093,63,62,6.94,6.5
2020-10-27,6,1,1,1,4346,17,32,6.87,12.6
2020-10-27,6,1,3,2,4241,7,46,6.82,12.6
2020-10-27,6,1,2,3,3615,43,1,6.92,12.6
2020-10-27,6,1,5,4,3305,64,38,6.86,12.6
2020-10-27,6,1,4,5,3726,12,55,6.82,12.6
2020-10-27,6,1,6,6,4005,50,5,6.78,12.6
2020-10-27,6,2,1,1,3702,39,26,6.71,9.9
2020-10-27,6,2,2,2,4196,13,48,6.78,9.9
2020-10-27,6,2,3,3,3982,8,12,6.78,9.9
2020-10-27,6,2,4,4,4930,66,34,6.82,9.9
2020-10-27,6,2,5,5,3945,19,39,6.92,9.9
2020-10-27,6,2,6,6,5138,56,57,6.85,9.9
2020-10-27,6,3,2,1,3784,51,17,6.73,17.6
2020-10-27,6,3,1,2,4182,55,66,6.7,17.6
2020-10-27,6,3,5,3,3833,47,30,6.7,17.6
2020-10-27,6,3,4,4,3523,49,47,6.82,17.6
2020-10-27,6,3,3,5,3832,5,33,6.85,17.6
2020-10-27,6,3,6,6,3714,11,60,6.85,17.6
2020-10-27,6,4,4,1,4545,44,35,6.78,15.3
2020-10-27,6,4,1,2,4257,29,21,6.87,15.3
2020-10-27,6,4,2,3,4189,41,31,6.79,15.3
2020-10-27,6,4,3,4,3769,61,11,6.82,15.3
2020-10-27,6,4,5,5,4411,25,18,6.89,15.3
2020-10-27,6,4,6,6,4896,48,54,6.92,15.3
2020-10-27,6,5,1,1,4653,26,49,6.65,9.8
2020-10-27,6,5,4,2,3873,58,36,6.84,9.8
2020-10-27,6,5,2,3,5043,59,19,6.73,9.8
2020-10-27,6,5,5,4,3997,37,40,6.81,9.8
2020-10-27,6,5,3,5,4027,14,53,6.84,9.8
2020-10-27,6,5,6,6,5093,63,62,6.92,9.8
2020-10-27,6,6,1,1,3828,6,6,6.78,15.2
2020-10-27,6,6,4,2,3946,3,59,6.8,15.2
2020-10-27,6,6,3,3,4434,62,61,6.83,15.2
2020-10-27,6,6,5,4,4351,18,41,6.85,15.2
2020-10-27,6,6,2,5,3834,31,2,6.71,15.2
2020-10-27,6,6,6,6,5053,16,37,6.94,15.2
2020-10-27,6,7,1,1,3708,32,27,6.69,22.7
2020-10-27,6,7,4,2,3527,53,25,6.87,22.7
2020-10-27,6,7,5,3,4584,46,51,6.8,22.7
2020-10-27,6,7,3,4,4271,1,23,6.87,22.7
2020-10-27,6,7,6,5,4348,20,64,6.86,22.7
2020-10-27,6,7,2,6,4241,7,46,6.83,22.7
2020-10-27,6,8,1,1,3473,57,7,6.81,4.8
2020-10-27,6,8,2,2,3757,28,15,6.83,4.8
2020-10-27,6,8,3,3,4648,24,29,6.79,4.8
2020-10-27,6,8,4,4,4411,25,18,6.9,4.8
2020-10-27,6,8,6,5,5104,52,3,6.85,4.8
2020-10-27,6,8,5,6,4930,66,34,6.86,4.8
2020-10-27,6,9,2,1,3997,37,40,6.81,134.0
2020-10-27,6,9,3,2,4653,26,49,6.81,134.0
2020-10-27,6,9,4,3,3832,5,33,6.92,134.0
2020-10-27,6,9,5,4,4189,41,31,6.85,134.0
2020-10-27,6,9,6,5,4257,29,21,6.89,134.0
2020-10-27,6,9,1,6,3833,47,30,6.83,134.0
2020-10-27,6,10,1,1,4351,18,41,6.88,3.7
2020-10-27,6,10,2,2,4545,44,35,6.74,3.7
2020-10-27,6,10,4,3,3828,6,6,6.86,3.7
2020-10-27,6,10,5,4,5043,59,19,6.86,3.7
2020-10-27,6,10,6,5,3708,32,27,6.85,3.7
2020-10-27,6,10,3,6,3523,49,47,6.82,3.7
2020-10-27,6,11,2,1,3473,57,7,6.91,9.9
2020-10-27,6,11,1,2,4584,46,51,6.8,9.9
2020-10-27,6,11,3,3,3873,58,36,6.85,9.9
2020-10-27,6,11,5,4,3834,31,2,6.8,9.9
2020-10-27,6,11,4,5,4271,1,23,6.86,9.9
2020-10-27,6,11,6,6,4182,55,66,6.8,9.9
2020-10-27,6,12,1,1,3946,3,59,6.8,6.6
2020-10-27,6,12,2,2,3769,61,11,6.8,6.6
2020-10-27,6,12,3,3,3527,53,25,6.85,6.6
2020-10-27,6,12,5,4,3702,39,26,6.82,6.6
2020-10-27,6,12,4,5,3757,28,15,6.84,6.6
2020-10-27,6,12,6,6,3982,8,12,6.83,6.6
2020-10-28,7,1,1,1,3982,8,12,6.63,8.1
2020-10-28,7,1,3,2,3527,53,25,6.75,8.1
2020-10-28,7,1,4,3,4648,24,29,6.73,8.1
2020-10-28,7,1,6,4,4005,50,5,6.81,8.1
2020-10-28,7,1,2,5,3726,12,55,6.72,8.1
2020-10-28,7,1,5,6,5138,56,57,6.77,8.1
2020-10-28,7,2,1,1,3714,11,60,6.73,12.5
2020-10-28,7,2,3,2,4241,7,46,6.72,12.5
2020-10-28,7,2,2,3,3305,64,38,6.73,12.5
2020-10-28,7,2,5,4,4196,13,48,6.77,12.5
2020-10-28,7,2,4,5,4930,66,34,6.83,12.5
2020-10-28,7,2,6,6,5093,63,62,6.84,12.5
2020-10-28,7,3,3,1,4027,14,53,6.65,64.9
2020-10-28,7,3,1,2,4182,55,66,6.72,64.9
2020-10-28,7,3,4,3,4346,17,32,6.71,64.9
2020-10-28,7,3,6,4,3702,39,26,6.68,64.9
2020-10-28,7,3,5,5,4434,62,61,6.74,64.9
2020-10-28,7,3,2,6,5043,59,19,6.74,64.9
2020-10-28,7,4,1,1,3523,49,47,6.72,14.4
2020-10-28,7,4,6,2,3946,3,59,6.9,14.4
2020-10-28,7,4,2,3,3945,19,39,6.77,14.4
2020-10-28,7,4,3,4,3834,31,2,6.76,14.4
2020-10-28,7,4,4,5,4411,25,18,6.94,14.4
2020-10-28,7,4,5,6,5104,52,3,6.79,14.4
2020-10-28,7,5,2,1,3708,32,27,6.84,34.1
2020-10-28,7,5,1,2,3784,51,17,6.76,34.1
2020-10-28,7,5,3,3,4648,24,29,6.89,34.1
2020-10-28,7,5,4,4,3873,58,36,6.84,34.1
2020-10-28,7,5,5,5,5053,16,37,6.85,34.1
2020-10-28,7,5,6,6,5138,56,57,6.86,34.1
2020-10-28,7,6,2,1,3833,47,30,6.9,6.2
2020-10-28,7,6,1,2,4348,20,64,6.76,6.2
2020-10-28,7,6,3,3,4271,1,23,6.82,6.2
2020-10-28,7,6,4,4,3726,12,55,6.87,6.2
2020-10-28,7,6,5,5,5093,63,62,6.92,6.2
2020-10-28,7,6,6,6,4896,48,54,6.93,6.2
2020-10-28,7,7,3,1,4196,13,48,6.85,243.1
2020-10-28,7,7,1,2,3832,5,33,6.79,243.1
2020-10-28,7,7,5,3,3757,28,15,6.85,243.1
2020-10-28,7,7,4,4,3828,6,6,6.81,243.1
2020-10-28,7,7,2,5,4257,29,21,6.79,243.1
2020-10-28,7,7,6,6,4346,17,32,6.83,243.1
2020-10-28,7,8,3,1,3945,19,39,6.81,80.3
2020-10-28,7,8,1,2,4189,41,31,6.71,80.3
2020-10-28,7,8,2,3,4434,62,61,6.85,80.3
2020-10-28,7,8,5,4,3305,64,38,6.85,80.3
2020-10-28,7,8,4,5,4027,14,53,6.82,80.3
2020-10-28,7,8,6,6,5104,52,3,6.8,80.3
2020-10-28,7,9,1,1,3769,61,11,6.74,97.5
2020-10-28,7,9,4,2,3714,11,60,6.91,97.5
2020-10-28,7,9,3,3,4348,20,64,6.84,97.5
2020-10-28,7,9,2,4,3946,3,59,6.84,97.5
2020-10-28,7,9,5,5,3784,51,17,6.86,97.5
2020-10-28,7,9,6,6,5053,16,37,6.85,97.5
2020-10-28,7,10,4,1,4271,1,23,6.81,298.3
2020-10-28,7,10,5,2,3833,47,30,6.8,298.3
2020-10-28,7,10,3,3,5043,59,19,6.75,298.3
2020-10-28,7,10,2,4,3832,5,33,6.85,298.3
2020-10-28,7,10,1,5,3873,58,36,6.83,298.3
2020-10-28,7,10,6,6,3523,49,47,6.7,298.3
2020-10-28,7,11,1,1,3828,6,6,6.7,6.4
2020-10-28,7,11,2,2,3834,31,2,6.69,6.4
2020-10-28,7,11,3,3,4189,41,31,6.81,6.4
2020-10-28,7,11,4,4,4257,29,21,6.89,6.4
2020-10-28,7,11,5,5,3708,32,27,6.81,6.4
2020-10-28,7,11,6,6,4182,55,66,6.8,6.4
2020-10-28,7,12,4,1,4584,46,51,6.78,56.5
2020-10-28,7,12,2,2,3997,37,40,6.76,56.5
2020-10-28,7,12,5,3,4545,44,35,6.87,56.5
2020-10-28,7,12,3,4,3473,57,7,6.88,56.5
2020-10-28,7,12,1,5,4351,18,41,6.82,56.5
2020-10-28,7,12,6,6,4653,26,49,6.72,56.5
2020-11-04,1,1,2,1,4562,28,11,6.77,77.0
2020-11-04,1,1,1,2,4177,31,60,6.72,77.0
2020-11-04,1,1,6,3,4776,19,34,6.9,77.0
2020-11-04,1,1,5,4,3445,14,28,6.97,77.0
2020-11-04,1,1,4,5,4035,32,1,6.87,77.0
2020-11-04,1,1,3,6,3605,6,61,6.99,77.0
2020-11-04,1,2,1,1,4020,47,41,6.78,11.1
2020-11-04,1,2,2,2,3430,44,56,6.84,11.1
2020-11-04,1,2,3,3,4162,62,24,6.95,11.1
2020-11-04,1,2,5,4,4407,3,13,6.76,11.1
2020-11-04,1,2,4,5,3730,16,38,6.86,11.1
2020-11-04,1,2,6,6,3987,21,33,6.82,11.1
2020-11-04,1,3,3,1,4521,49,6,6.73,60.4
2020-11-04,1,3,5,2,4928,1,58,6.87,60.4
2020-11-04,1,3,1,3,4432,61,43,6.81,60.4
2020-11-04,1,3,4,4,4459,24,64,6.85,60.4
2020-11-04,1,3,2,5,3934,39,15,6.9,60.4
2020-11-04,1,3,6,6,3432,43,5,6.9,60.4
2020-11-04,1,6,1,1,3251,8,49,6.64,6.1
2020-11-04,1,6,2,2,3556,50,18,6.76,6.1
2020-11-04,1,6,3,3,3406,5,31,6.81,6.1
2020-11-04,1,6,4,4,4142,7,30,6.78,6.1
2020-11-04,1,6,6,5,3605,6,61,6.91,6.1
2020-11-04,1,6,5,6,3430,44,56,6.86,6.1
2020-11-04,1,7,1,1,3075,56,46,6.84,15.4
2020-11-04,1,7,2,2,4266,30,20,6.77,15.4
2020-11-04,1,7,3,3,4562,28,11,6.76,15.4
2020-11-04,1,7,5,4,3730,16,38,6.93,15.4
2020-11-04,1,7,6,5,4290,18,17,6.82,15.4
2020-11-04,1,7,4,6,4520,34,7,6.74,15.4
2020-11-04,1,8,4,1,3641,51,8,6.84,39.9
2020-11-04,1,8,1,2,3024,52,37,6.87,39.9
2020-11-04,1,8,2,3,4069,66,54,6.92,39.9
2020-11-04,1,8,6,4,4821,65,25,6.84,39.9
2020-11-04,1,8,3,5,3619,55,39,6.85,39.9
2020-11-04,1,8,5,6,3934,39,15,6.9,39.9
2020-11-04,1,9,2,1,3822,22,45,6.7,16.0
2020-11-04,1,9,1,2,4055,10,10,6.82,16.0
2020-11-04,1,9,5,3,4769,29,14,6.81,16.0
2020-11-04,1,9,3,4,4432,61,43,6.79,16.0
2020-11-04,1,9,4,5,4614,64,4,6.85,16.0
2020-11-04,1,9,6,6,4407,3,13,6.86,16.0
2020-11-04,1,10,1,1,3984,59,57,6.84,10.3
2020-11-04,1,10,2,2,3445,14,28,6.86,10.3
2020-11-04,1,10,3,3,4928,1,58,6.85,10.3
2020-11-04,1,10,4,4,3987,21,33,6.9,10.3
2020-11-04,1,10,5,5,4142,7,30,6.83,10.3
2020-11-04,1,10,6,6,4469,46,27,6.9,10.3
2020-11-04,1,11,1,1,4266,30,20,6.87,6.9
2020-11-04,1,11,3,2,4494,37,63,6.87,6.9
2020-11-04,1,11,2,3,3406,5,31,6.85,6.9
2020-11-04,1,11,4,4,4776,19,34,6.92,6.9
2020-11-04,1,11,6,5,4521,49,6,6.76,6.9
2020-11-04,1,11,5,6,4162,62,24,6.9,6.9
2020-11-04,1,12,1,1,3556,50,18,6.74,16.4
2020-11-04,1,12,4,2,4290,18,17,6.86,16.4
2020-11-04,1,12,3,3,4075,26,16,6.91,16.4
2020-11-04,1,12,2,4,3024,52,37,6.8,16.4
2020-11-04,1,12,6,5,4762,20,66,6.78,16.4
2020-11-04,1,12,5,6,4459,24,64,6.89,16.4
2020-11-05,2,1,1,1,4821,65,25,6.87,25.3
2020-11-05,2,1,5,2,4521,49,6,6.81,25.3
2020-11-05,2,1,2,3,4407,3,13,6.77,25.3
2020-11-05,2,1,6,4,3251,8,49,6.82,25.3
2020-11-05,2,1,4,5,3432,43,5,6.87,25.3
2020-11-05,2,1,3,6,4769,29,14,6.78,25.3
2020-11-05,2,3,3,1,4055,10,10,6.88,25.6
2020-11-05,2,3,1,2,3619,55,39,6.85,25.6
2020-11-05,2,3,5,3,3556,50,18,6.96,25.6
2020-11-05,2,3,2,4,3730,16,38,6.88,25.6
2020-11-05,2,3,4,5,4762,20,66,6.75,25.6
2020-11-05,2,3,6,6,3445,14,28,6.86,25.6
2020-11-05,2,4,1,1,3430,44,56,6.72,10.2
2020-11-05,2,4,2,2,4020,47,41,6.7,10.2
2020-11-05,2,4,4,3,4494,37,63,6.82,10.2
2020-11-05,2,4,6,4,4069,66,54,6.87,10.2
2020-11-05,2,4,5,5,3406,5,31,6.86,10.2
2020-11-05,2,4,3,6,4035,32,1,6.79,10.2
2020-11-05,2,5,3,1,3987,21,33,6.87,153.0
2020-11-05,2,5,1,2,4562,28,11,6.71,153.0
2020-11-05,2,5,5,3,4614,64,4,6.84,153.0
2020-11-05,2,5,2,4,3075,56,46,6.87,153.0
2020-11-05,2,5,6,5,3641,51,8,6.83,153.0
2020-11-05,2,5,4,6,3934,39,15,6.86,153.0
2020-11-05,2,6,4,1,3822,22,45,6.77,23.6
2020-11-05,2,6,1,2,4776,19,34,6.83,23.6
2020-11-05,2,6,5,3,3226,11,55,6.78,23.6
2020-11-05,2,6,6,4,4432,61,51,6.88,23.6
2020-11-05,2,6,3,5,4142,7,30,6.87,23.6
2020-11-05,2,6,2,6,3432,43,5,6.78,23.6
2020-11-05,2,7,1,1,4520,34,7,6.77,11.9
2020-11-05,2,7,2,2,4459,24,64,6.8,11.9
2020-11-05,2,7,3,3,3251,8,49,6.72,11.9
2020-11-05,2,7,4,4,4162,62,24,6.97,11.9
2020-11-05,2,7,6,5,3893,53,65,6.88,11.9
2020-11-05,2,7,5,6,4266,30,20,6.86,11.9
2020-11-05,2,8,1,1,4762,20,66,6.78,11.4
2020-11-05,2,8,2,2,4928,1,58,6.85,11.4
2020-11-05,2,8,3,3,4407,3,13,6.83,11.4
2020-11-05,2,8,4,4,3984,59,57,6.86,11.4
2020-11-05,2,8,5,5,4035,32,1,6.87,11.4
2020-11-05,2,8,6,6,4675,27,53,6.84,11.4
2020-11-05,2,9,1,1,4521,49,6,6.78,30.1
2020-11-05,2,9,4,2,4469,46,27,6.85,30.1
2020-11-05,2,9,6,3,4075,26,16,6.92,30.1
2020-11-05,2,9,3,4,4020,47,41,6.81,30.1
2020-11-05,2,9,5,5,3619,55,39,6.9,30.1
2020-11-05,2,9,2,6,4290,18,17,6.91,30.1
2020-11-05,2,10,1,1,3406,5,31,6.84,121.4
2020-11-05,2,10,5,2,3075,56,46,6.96,121.4
2020-11-05,2,10,3,3,3024,52,37,6.92,121.4
2020-11-05,2,10,4,4,3556,50,18,6.84,121.4
2020-11-05,2,10,6,5,3935,58,21,6.95,121.4
2020-11-05,2,10,2,6,4769,29,14,6.81,121.4
2020-11-05,2,11,1,1,4459,24,64,6.78,16.9
2020-11-05,2,11,3,2,4177,31,60,6.77,16.9
2020-11-05,2,11,4,3,3445,14,28,6.86,16.9
2020-11-05,2,11,2,4,4614,64,4,6.76,16.9
2020-11-05,2,11,5,5,4069,66,54,6.91,16.9
2020-11-05,2,11,6,6,4142,7,30,6.73,16.9
2020-11-05,2,12,1,1,3822,22,45,6.66,15.2
2020-11-05,2,12,2,2,3641,51,8,6.85,15.2
2020-11-05,2,12,5,3,4494,37,63,6.87,15.2
2020-11-05,2,12,4,4,4266,30,20,6.85,15.2
2020-11-05,2,12,3,5,3984,59,57,6.8,15.2
2020-11-05,2,12,6,6,4055,10,10,6.94,15.2
2020-11-06,3,2,2,1,4177,31,60,6.68,13.4
2020-11-06,3,2,1,2,3935,58,21,6.71,13.4
2020-11-06,3,2,5,3,4821,65,25,6.84,13.4
2020-11-06,3,2,4,4,3619,55,39,6.82,13.4
2020-11-06,3,2,3,5,3934,39,15,6.8,13.4
2020-11-06,3,2,6,6,3430,44,56,6.78,13.4
2020-11-06,3,4,5,1,4562,28,11,6.79,397.0
2020-11-06,3,4,4,2,3251,8,49,6.82,397.0
2020-11-06,3,4,3,3,3226,11,55,6.84,397.0
2020-11-06,3,4,2,4,4762,20,66,6.87,397.0
2020-11-06,3,4,6,5,4769,29,14,6.81,397.0
2020-11-06,3,4,1,6,4035,32,1,6.74,397.0
2020-11-06,3,5,6,1,3822,22,45,6.71,116.8
2020-11-06,3,5,2,2,4162,62,24,6.95,116.8
2020-11-06,3,5,5,3,4290,18,17,6.78,116.8
2020-11-06,3,5,1,4,4069,66,54,6.87,116.8
2020-11-06,3,5,3,5,3432,43,5,6.87,116.8
2020-11-06,3,5,4,6,4407,3,13,6.88,116.8
2020-11-06,3,6,1,1,3445,14,28,6.8,48.7
2020-11-06,3,6,5,2,4020,47,41,6.78,48.7
2020-11-06,3,6,3,3,3641,51,8,6.84,48.7
2020-11-06,3,6,2,4,3935,58,21,6.76,48.7
2020-11-06,3,6,6,5,3893,53,65,6.86,48.7
2020-11-06,3,6,4,6,3406,5,31,6.86,48.7
2020-11-06,3,7,1,1,4469,46,27,6.78,13.1
2020-11-06,3,7,4,2,3024,52,29,6.87,13.1
2020-11-06,3,7,3,3,4459,24,64,6.83,13.1
2020-11-06,3,7,6,4,3934,39,15,6.87,13.1
2020-11-06,3,7,2,5,3987,21,32,6.88,13.1
2020-11-06,3,7,5,6,4675,27,53,6.83,13.1
2020-11-06,3,8,1,1,4494,37,63,6.83,16.6
2020-11-06,3,8,2,2,4142,7,30,6.78,16.6
2020-11-06,3,8,5,3,4177,31,60,6.84,16.6
2020-11-06,3,8,3,4,3730,16,38,6.96,16.6
2020-11-06,3,8,4,5,4075,26,16,6.77,16.6
2020-11-06,3,8,6,6,4520,34,7,6.85,16.6
2020-11-06,3,9,1,1,4521,49,40,6.76,8.8
2020-11-06,3,9,2,2,3984,59,3,6.88,8.8
2020-11-06,3,9,3,3,4614,64,4,6.86,8.8
2020-11-06,3,9,6,4,3556,50,18,6.82,8.8
2020-11-06,3,9,5,5,4055,10,10,6.91,8.8
2020-11-06,3,9,4,6,4562,28,11,6.76,8.8
2020-11-06,3,10,1,1,4762,20,66,6.8,18.9
2020-11-06,3,10,4,2,4821,65,25,6.84,18.9
2020-11-06,3,10,2,3,3445,14,28,6.9,18.9
2020-11-06,3,10,6,4,4266,30,20,6.9,18.9
2020-11-06,3,10,5,5,4432,61,51,6.92,18.9
2020-11-06,3,10,3,6,4069,66,54,6.91,18.9
2020-11-06,3,11,4,1,4769,29,14,6.88,417.7
2020-11-06,3,11,5,2,3641,51,8,6.88,417.7
2020-11-06,3,11,3,3,3430,44,56,6.92,417.7
2020-11-06,3,11,6,4,3075,56,46,6.92,417.7
2020-11-06,3,11,2,5,4469,46,27,6.9,417.7
2020-11-06,3,11,1,6,4290,18,17,6.83,417.7
2020-11-06,3,12,1,1,4075,26,16,6.84,28.3
2020-11-06,3,12,2,2,3251,8,49,6.83,28.3
2020-11-06,3,12,4,3,4928,1,58,6.85,28.3
2020-11-06,3,12,3,4,3822,22,45,6.72,28.3
2020-11-06,3,12,6,5,3406,5,31,6.86,28.3
2020-11-06,3,12,5,6,4776,19,34,6.94,28.3
2020-11-07,4,1,1,1,4675,27,53,6.85,20.3
2020-11-07,4,1,4,2,4928,1,58,6.93,20.3
2020-11-07,4,1,2,3,4069,66,54,6.93,20.3
2020-11-07,4,1,3,4,4142,7,30,6.81,20.3
2020-11-07,4,1,6,5,3226,11,55,6.85,20.3
2020-11-07,4,1,5,6,3893,53,65,6.89,20.3
2020-11-07,4,2,1,1,3432,43,5,6.81,11.3
2020-11-07,4,2,2,2,3619,55,39,6.83,11.3
2020-11-07,4,2,3,3,4020,47,41,6.78,11.3
2020-11-07,4,2,4,4,3430,44,56,6.91,11.3
2020-11-07,4,2,5,5,4520,34,7,6.88,11.3
2020-11-07,4,2,6,6,4035,32,1,6.92,11.3
2020-11-07,4,3,3,1,3641,51,8,6.87,65.4
2020-11-07,4,3,6,2,3024,52,29,6.93,65.4
2020-11-07,4,3,4,3,4562,28,11,6.86,65.4
2020-11-07,4,3,5,4,4776,19,34,6.93,65.4
2020-11-07,4,3,2,5,4821,65,25,6.76,65.4
2020-11-07,4,3,1,6,4407,3,13,6.81,65.4
2020-11-07,4,4,1,1,3730,16,38,6.82,40.7
2020-11-07,4,4,3,2,4266,30,20,6.88,40.7
2020-11-07,4,4,2,3,4432,61,51,6.8,40.7
2020-11-07,4,4,5,4,3822,22,45,6.79,40.7
2020-11-07,4,4,4,5,3251,8,49,6.77,40.7
2020-11-07,4,4,6,6,4162,62,24,6.94,40.7
2020-11-07,4,5,2,1,3075,56,46,6.91,150.1
2020-11-07,4,5,4,2,3226,11,55,6.89,150.1
2020-11-07,4,5,5,3,4469,46,27,6.93,150.1
2020-11-07,4,5,1,4,3934,39,15,6.9,150.1
2020-11-07,4,5,3,5,3556,50,18,6.93,150.1
2020-11-07,4,5,6,6,3984,59,3,6.88,150.1
2020-11-07,4,6,1,1,4769,29,14,6.88,14.8
2020-11-07,4,6,2,2,4675,27,53,6.83,14.8
2020-11-07,4,6,4,3,4075,26,16,6.9,14.8
2020-11-07,4,6,5,4,3987,21,32,6.99,14.8
2020-11-07,4,6,6,5,3619,55,39,6.9,14.8
2020-11-07,4,6,3,6,4290,18,17,6.92,14.8
2020-11-07,4,7,1,1,4142,7,30,6.79,6.9
2020-11-07,4,7,3,2,4459,24,64,6.85,6.9
2020-11-07,4,7,2,3,4055,10,10,6.93,6.9
2020-11-07,4,7,5,4,3445,14,28,6.93,6.9
2020-11-07,4,7,4,5,4520,34,7,6.92,6.9
2020-11-07,4,7,6,6,4562,28,11,6.79,6.9
2020-11-07,4,8,1,1,4614,64,4,6.81,7.8
2020-11-07,4,8,2,2,4776,19,34,6.91,7.8
2020-11-07,4,8,3,3,3935,58,21,6.96,7.8
2020-11-07,4,8,4,4,4266,30,20,6.89,7.8
2020-11-07,4,8,6,5,3893,53,65,6.92,7.8
2020-11-07,4,8,5,6,3432,43,5,6.97,7.8
2020-11-07,4,9,1,1,4928,1,58,6.9,36.3
2020-11-07,4,9,3,2,3406,5,31,6.94,36.3
2020-11-07,4,9,4,3,4177,31,60,6.87,36.3
2020-11-07,4,9,5,4,3075,56,46,6.93,36.3
2020-11-07,4,9,2,5,4494,37,63,6.84,36.3
2020-11-07,4,9,6,6,4762,20,66,6.9,36.3
2020-11-07,4,10,1,1,3641,51,8,6.89,6.4
2020-11-07,4,10,3,2,4769,29,14,6.92,6.4
2020-11-07,4,10,4,3,3984,59,3,6.96,6.4
2020-11-07,4,10,5,4,4069,66,54,6.99,6.4
2020-11-07,4,10,6,5,4521,49,40,6.87,6.4
2020-11-07,4,10,2,6,4035,32,1,6.86,6.4
2020-11-07,4,11,1,1,3822,22,45,6.71,41.1
2020-11-07,4,11,5,2,4075,26,16,6.97,41.1
2020-11-07,4,11,4,3,4469,46,27,6.92,41.1
2020-11-07,4,11,3,4,4055,10,10,6.96,41.1
2020-11-07,4,11,2,5,3024,52,29,6.83,41.1
2020-11-07,4,11,6,6,4020,47,41,6.81,41.1
2020-11-07,4,12,1,1,3556,50,18,6.83,17.8
2020-11-07,4,12,3,2,4614,64,4,6.87,17.8
2020-11-07,4,12,2,3,4290,18,17,6.82,17.8
2020-11-07,4,12,4,4,4494,37,63,6.84,17.8
2020-11-07,4,12,6,5,4459,24,64,6.88,17.8
2020-11-07,4,12,5,6,3251,8,49,6.79,17.8
2020-11-08,5,1,1,1,4776,19,34,6.91,20.2
2020-11-08,5,1,2,2,4035,32,1,6.82,20.2
2020-11-08,5,1,4,3,3987,21,32,6.84,20.2
2020-11-08,5,1,3,4,3445,14,28,6.94,20.2
2020-11-08,5,1,6,5,3406,5,31,6.84,20.2
2020-11-08,5,1,5,6,4162,62,24,6.91,20.2
2020-11-08,5,2,2,1,3730,16,38,6.85,54.1
2020-11-08,5,2,1,2,3432,43,5,6.87,54.1
2020-11-08,5,2,4,3,4020,47,41,6.82,54.1
2020-11-08,5,2,3,4,4407,3,13,6.76,54.1
2020-11-08,5,2,5,5,4675,27,53,6.81,54.1
2020-11-08,5,2,6,6,3226,11,55,6.75,54.1
2020-11-08,5,3,4,1,4928,1,58,6.83,58.1
2020-11-08,5,3,5,2,4075,26,16,6.82,58.1
2020-11-08,5,3,3,3,3251,8,49,6.85,58.1
2020-11-08,5,3,1,4,4562,28,11,6.71,58.1
2020-11-08,5,3,6,5,4177,31,60,6.85,58.1
2020-11-08,5,3,2,6,3619,55,39,6.85,58.1
2020-11-08,5,4,5,1,4494,37,63,6.86,123.9
2020-11-08,5,4,4,2,4521,49,40,6.76,123.9
2020-11-08,5,4,3,3,4821,65,25,6.83,123.9
2020-11-08,5,4,6,4,3641,51,8,6.91,123.9
2020-11-08,5,4,1,5,3430,44,56,6.76,123.9
2020-11-08,5,4,2,6,4432,61,51,6.82,123.9
2020-11-08,5,5,1,1,4769,29,14,6.87,12.2
2020-11-08,5,5,5,2,4459,24,64,6.88,12.2
2020-11-08,5,5,2,3,3024,52,29,6.81,12.2
2020-11-08,5,5,3,4,3934,39,15,6.83,12.2
2020-11-08,5,5,6,5,3935,58,21,6.81,12.2
2020-11-08,5,5,4,6,3075,56,46,6.9,12.2
2020-11-08,5,6,1,1,3556,50,18,6.75,5.2
2020-11-08,5,6,2,2,4055,10,10,6.76,5.2
2020-11-08,5,6,3,3,4266,30,20,6.76,5.2
2020-11-08,5,6,5,4,4035,32,1,6.77,5.2
2020-11-08,5,6,6,5,3893,53,65,6.82,5.2
2020-11-08,5,6,4,6,4762,20,66,6.76,5.2
2020-11-08,5,7,3,1,3984,59,3,6.8,133.5
2020-11-08,5,7,6,2,3822,22,45,6.73,133.5
2020-11-08,5,7,2,3,4520,34,7,6.73,133.5
2020-11-08,5,7,4,4,3619,55,39,6.86,133.5
2020-11-08,5,7,1,5,3445,14,28,6.81,133.5
2020-11-08,5,7,5,6,4290,18,17,6.79,133.5
2020-11-08,5,8,1,1,4142,7,30,6.68,13.8
2020-11-08,5,8,3,2,3226,11,55,6.73,13.8
2020-11-08,5,8,4,3,4469,46,27,6.76,13.8
2020-11-08,5,8,2,4,4614,64,4,6.8,13.8
2020-11-08,5,8,5,5,4432,61,51,6.77,13.8
2020-11-08,5,8,6,6,3987,21,32,6.79,13.8
2020-11-08,5,9,6,1,4776,19,34,6.81,1425.6
2020-11-08,5,9,1,2,4177,31,60,6.69,1425.6
2020-11-08,5,9,4,3,4821,65,25,6.84,1425.6
2020-11-08,5,9,5,4,3024,52,29,6.78,1425.6
2020-11-08,5,9,3,5,4521,49,40,6.75,1425.6
2020-11-08,5,9,2,6,4075,26,16,6.79,1425.6
2020-11-08,5,10,3,1,4928,1,58,6.69,140.5
2020-11-08,5,10,4,2,3251,8,49,6.76,140.5
2020-11-08,5,10,6,3,3556,50,18,6.73,140.5
2020-11-08,5,10,2,4,4494,37,63,6.74,140.5
2020-11-08,5,10,1,5,3641,51,8,6.73,140.5
2020-11-08,5,10,5,6,4055,10,10,6.84,140.5
2020-11-08,5,11,1,1,3822,22,45,6.65,20.0
2020-11-08,5,11,4,2,4266,30,20,6.77,20.0
2020-11-08,5,11,5,3,4614,64,4,6.78,20.0
2020-11-08,5,11,6,4,4562,28,11,6.72,20.0
2020-11-08,5,11,2,5,4459,24,64,6.69,20.0
2020-11-08,5,11,3,6,3075,56,46,6.7,20.0
2020-11-08,5,12,1,1,4290,18,17,6.69,6.6
2020-11-08,5,12,2,2,4762,20,66,6.69,6.6
2020-11-08,5,12,3,3,3935,58,21,6.75,6.6
2020-11-08,5,12,4,4,3406,5,31,6.81,6.6
2020-11-08,5,12,5,5,3730,16,38,6.81,6.6
2020-11-08,5,12,6,6,4469,46,27,6.74,6.6
2020-11-09,6,1,5,1,4020,47,41,6.78,123.4
2020-11-09,6,1,3,2,4520,34,7,6.81,123.4
2020-11-09,6,1,1,3,4469,46,27,6.78,123.4
2020-11-09,6,1,4,4,4675,27,53,6.82,123.4
2020-11-09,6,1,2,5,4432,61,51,6.76,123.4
2020-11-09,6,1,6,6,5037,13,12,6.87,123.4
2020-11-09,6,2,1,1,3935,58,21,6.78,13.3
2020-11-09,6,2,3,2,4162,62,24,6.87,13.3
2020-11-09,6,2,2,3,4035,32,1,6.85,13.3
2020-11-09,6,2,5,4,3619,55,39,6.8,13.3
2020-11-09,6,2,6,5,3432,43,5,6.86,13.3
2020-11-09,6,2,4,6,3430,44,56,6.79,13.3
2020-11-09,6,3,3,1,4769,29,14,6.88,182.6
2020-11-09,6,3,2,2,3730,16,38,6.82,182.6
2020-11-09,6,3,4,3,4614,64,4,6.74,182.6
2020-11-09,6,3,6,4,4821,65,25,6.82,182.6
2020-11-09,6,3,5,5,3984,59,3,6.78,182.6
2020-11-09,6,3,1,6,3226,11,55,6.72,182.6
2020-11-09,6,5,3,1,3406,5,31,6.74,93.1
2020-11-09,6,5,6,2,3556,50,18,6.67,93.1
2020-11-09,6,5,1,3,3075,56,46,6.68,93.1
2020-11-09,6,5,4,4,3024,52,29,6.76,93.1
2020-11-09,6,5,2,5,4675,27,53,6.66,93.1
2020-11-09,6,5,5,6,4432,61,51,6.79,93.1
2020-11-09,6,6,1,1,4459,24,64,6.66,3.4
2020-11-09,6,6,3,2,4521,49,40,6.66,3.4
2020-11-09,6,6,4,3,4494,37,63,6.83,3.4
2020-11-09,6,6,6,4,3893,53,65,6.69,3.4
2020-11-09,6,6,2,5,5037,13,12,6.71,3.4
2020-11-09,6,6,5,6,4035,32,1,6.75,3.4
2020-11-09,6,7,3,1,4469,46,27,6.7,112.1
2020-11-09,6,7,6,2,3445,14,28,6.8,112.1
2020-11-09,6,7,1,3,4055,10,10,6.75,112.1
2020-11-09,6,7,5,4,3730,16,38,6.79,112.1
2020-11-09,6,7,4,5,3432,43,5,6.69,112.1
2020-11-09,6,7,2,6,4162,62,24,6.82,112.1
2020-11-09,6,8,4,1,4762,20,66,6.71,69.2
2020-11-09,6,8,1,2,4075,26,16,6.64,69.2
2020-11-09,6,8,3,3,3226,11,55,6.77,69.2
2020-11-09,6,8,2,4,3984,59,3,6.68,69.2
2020-11-09,6,8,5,5,4407,3,59,6.71,69.2
2020-11-09,6,8,6,6,3430,44,56,6.71,69.2
2020-11-09,6,9,1,1,3406,5,31,6.74,9.0
2020-11-09,6,9,2,2,4020,47,41,6.67,9.0
2020-11-09,6,9,3,3,3935,58,21,6.79,9.0
2020-11-09,6,9,4,4,4142,7,30,6.82,9.0
2020-11-09,6,9,6,5,4769,29,14,6.73,9.0
2020-11-09,6,9,5,6,4520,34,7,6.77,9.0
2020-11-09,6,10,5,1,4459,24,64,6.66,127.7
2020-11-09,6,10,3,2,3024,52,29,6.7,127.7
2020-11-09,6,10,2,3,4614,64,4,6.76,127.7
2020-11-09,6,10,4,4,3641,51,8,6.78,127.7
2020-11-09,6,10,6,5,4055,10,10,6.8,127.7
2020-11-09,6,10,1,6,4821,65,25,6.71,127.7
2020-11-09,6,11,2,1,4494,37,63,6.8,48.4
2020-11-09,6,11,1,2,3556,50,18,6.79,48.4
2020-11-09,6,11,5,3,4075,26,16,6.81,48.4
2020-11-09,6,11,6,4,3075,56,46,6.77,48.4
2020-11-09,6,11,4,5,4521,49,40,6.8,48.4
2020-11-09,6,11,3,6,4562,28,11,6.7,48.4
2020-11-09,6,12,6,1,4266,30,20,6.78,919.6
2020-11-09,6,12,4,2,4177,31,60,6.74,919.6
2020-11-09,6,12,1,3,3822,22,45,6.62,919.6
2020-11-09,6,12,2,4,4928,1,58,6.75,919.6
2020-11-09,6,12,5,5,3251,8,49,6.8,919.6
2020-11-09,6,12,3,6,4776,19,34,6.75,919.6
2020-11-17,1,1,2,1,3485,59,40,6.79,25.8
2020-11-17,1,1,1,2,3742,44,18,6.73,25.8
2020-11-17,1,1,4,3,3745,53,20,6.79,25.8
2020-11-17,1,1,6,4,3710,31,35,6.76,25.8
2020-11-17,1,1,5,5,4336,29,55,6.79,25.8
2020-11-17,1,1,3,6,4662,14,60,6.83,25.8
2020-11-17,1,2,1,1,3234,1,2,6.8,25.0
2020-11-17,1,2,2,2,5024,16,50,6.85,25.0
2020-11-17,1,2,4,3,3820,24,59,6.84,25.0
2020-11-17,1,2,3,4,3559,66,3,6.84,25.0
2020-11-17,1,2,6,5,5075,51,5,6.78,25.0
2020-11-17,1,2,5,6,5136,20,46,6.77,25.0
2020-11-17,1,3,1,1,3498,32,26,6.73,20.6
2020-11-17,1,3,3,2,3907,11,56,6.75,20.6
2020-11-17,1,3,6,3,3582,19,62,6.75,20.6
2020-11-17,1,3,2,4,3953,55,10,6.78,20.6
2020-11-17,1,3,4,5,3564,57,19,6.7,20.6
2020-11-17,1,3,5,6,2878,41,21,6.7,20.6
2020-11-17,1,4,2,1,4299,37,23,6.79,85.6
2020-11-17,1,4,6,2,3956,47,61,6.78,85.6
2020-11-17,1,4,3,3,4015,62,8,6.88,85.6
2020-11-17,1,4,4,4,4894,22,47,6.81,85.6
2020-11-17,1,4,5,5,5015,61,12,6.79,85.6
2020-11-17,1,4,1,6,3714,50,48,6.77,85.6
2020-11-17,1,5,4,1,4643,21,9,6.82,26.5
2020-11-17,1,5,2,2,5026,27,53,6.74,26.5
2020-11-17,1,5,5,3,4330,39,52,6.8,26.5
2020-11-17,1,5,3,4,4978,34,65,6.8,26.5
2020-11-17,1,5,6,5,3616,7,37,6.84,26.5
2020-11-17,1,5,1,6,3936,28,30,6.75,26.5
2020-11-17,1,6,3,1,4061,49,4,6.88,10.6
2020-11-17,1,6,1,2,3304,58,44,6.84,10.6
2020-11-17,1,6,4,3,4220,46,63,6.86,10.6
2020-11-17,1,6,6,4,3789,65,36,6.83,10.6
2020-11-17,1,6,2,5,3998,30,41,6.82,10.6
2020-11-17,1,6,5,6,4811,38,43,6.84,10.6
2020-11-17,1,9,2,1,4330,39,52,6.79,8.7
2020-11-17,1,9,1,2,4015,62,8,6.89,8.7
2020-11-17,1,9,3,3,3710,31,35,6.83,8.7
2020-11-17,1,9,4,4,2878,41,21,6.85,8.7
2020-11-17,1,9,6,5,3820,24,59,6.9,8.7
2020-11-17,1,9,5,6,5034,52,24,6.9,8.7
2020-11-17,1,10,3,1,5015,61,12,6.86,283.5
2020-11-17,1,10,2,2,4474,6,28,6.86,283.5
2020-11-17,1,10,5,3,5026,27,53,6.86,283.5
2020-11-17,1,10,1,4,4220,46,63,6.74,283.5
2020-11-17,1,10,6,5,3564,57,19,6.83,283.5
2020-11-17,1,10,4,6,3485,59,40,6.96,283.5
2020-11-17,1,11,1,1,3489,26,6,6.79,7.8
2020-11-17,1,11,4,2,3304,58,44,6.84,7.8
2020-11-17,1,11,3,3,3616,7,37,6.95,7.8
2020-11-17,1,11,6,4,3559,66,3,6.89,7.8
2020-11-17,1,11,5,5,3953,55,10,6.84,7.8
2020-11-17,1,11,2,6,3745,53,20,6.91,7.8
2020-11-17,1,12,1,1,4061,49,4,6.81,17.3
2020-11-17,1,12,3,2,3582,19,62,6.84,17.3
2020-11-17,1,12,6,3,4643,21,9,6.81,17.3
2020-11-17,1,12,4,4,3956,47,61,6.89,17.3
2020-11-17,1,12,2,5,3499,10,14,6.95,17.3
2020-11-17,1,12,5,6,4566,8,49,6.82,17.3
2020-11-18,2,1,1,1,3789,65,36,6.83,103.4
2020-11-18,2,1,4,2,3742,44,18,6.84,103.4
2020-11-18,2,1,2,3,4894,22,47,6.8,103.4
2020-11-18,2,1,6,4,4015,62,8,6.85,103.4
2020-11-18,2,1,3,5,3234,1,2,6.87,103.4
2020-11-18,2,1,5,6,3499,10,14,6.92,103.4
2020-11-18,2,2,4,1,5075,51,5,6.84,105.5
2020-11-18,2,2,1,2,3710,31,35,6.77,105.5
2020-11-18,2,2,2,3,4789,64,1,6.83,105.5
2020-11-18,2,2,6,4,3714,50,48,6.88,105.5
2020-11-18,2,2,3,5,5034,52,24,6.81,105.5
2020-11-18,2,2,5,6,3998,30,41,6.77,105.5
2020-11-18,2,3,4,1,3582,19,62,6.86,238.1
2020-11-18,2,3,5,2,4978,34,65,6.87,238.1
2020-11-18,2,3,3,3,3745,53,20,6.82,238.1
2020-11-18,2,3,6,4,3304,58,44,6.87,238.1
2020-11-18,2,3,2,5,4811,38,43,6.83,238.1
2020-11-18,2,3,1,6,3564,57,19,6.78,238.1
2020-11-18,2,4,2,1,2878,41,21,6.86,73.0
2020-11-18,2,4,6,2,4566,8,49,6.78,73.0
2020-11-18,2,4,5,3,4474,6,28,6.82,73.0
2020-11-18,2,4,4,4,5026,27,53,6.82,73.0
2020-11-18,2,4,1,5,3559,66,3,6.79,73.0
2020-11-18,2,4,3,6,3936,28,30,6.8,73.0
2020-11-18,2,5,2,1,5015,61,12,6.79,9.1
2020-11-18,2,5,1,2,3820,24,59,6.82,9.1
2020-11-18,2,5,5,3,4220,46,63,6.84,9.1
2020-11-18,2,5,4,4,3176,5,58,6.94,9.1
2020-11-18,2,5,6,5,3498,32,26,6.82,9.1
2020-11-18,2,5,3,6,3953,55,10,6.83,9.1
2020-11-18,2,6,2,1,5075,51,5,6.83,157.9
2020-11-18,2,6,4,2,4330,39,52,6.87,157.9
2020-11-18,2,6,3,3,3956,47,61,6.85,157.9
2020-11-18,2,6,1,4,3616,7,37,6.79,157.9
2020-11-18,2,6,5,5,4894,22,47,6.87,157.9
2020-11-18,2,6,6,6,5136,20,46,6.83,157.9
2020-11-18,2,7,3,1,4811,38,43,6.86,224.0
2020-11-18,2,7,5,2,3485,59,40,6.94,224.0
2020-11-18,2,7,4,3,4299,37,23,6.87,224.0
2020-11-18,2,7,2,4,5034,52,24,6.88,224.0
2020-11-18,2,7,6,5,3489,26,6,6.84,224.0
2020-11-18,2,7,1,6,3499,10,14,6.9,224.0
2020-11-18,2,8,4,1,4061,49,4,6.77,10.8
2020-11-18,2,8,1,2,3582,19,62,6.78,10.8
2020-11-18,2,8,2,3,3907,11,56,6.81,10.8
2020-11-18,2,8,5,4,4789,64,1,6.83,10.8
2020-11-18,2,8,3,5,3789,65,36,6.87,10.8
2020-11-18,2,8,6,6,3936,28,30,6.82,10.8
2020-11-18,2,9,1,1,4643,21,9,6.87,4.9
2020-11-18,2,9,2,2,4566,8,49,6.84,4.9
2020-11-18,2,9,3,3,3714,50,48,6.87,4.9
2020-11-18,2,9,5,4,3745,53,20,6.92,4.9
2020-11-18,2,9,6,5,3234,1,2,6.89,4.9
2020-11-18,2,9,4,6,5024,16,50,6.95,4.9
2020-11-18,2,10,1,1,3956,47,61,6.8,10.2
2020-11-18,2,10,4,2,4474,6,28,6.92,10.2
2020-11-18,2,10,3,3,3998,30,41,6.85,10.2
2020-11-18,2,10,6,4,3742,44,18,6.86,10.2
2020-11-18,2,10,5,5,3176,5,58,6.9,10.2
2020-11-18,2,10,2,6,4978,34,65,6.87,10.2
2020-11-18,2,11,3,1,4220,46,63,6.82,90.0
2020-11-18,2,11,1,2,2878,41,21,6.84,90.0
2020-11-18,2,11,4,3,3616,7,37,6.8,90.0
2020-11-18,2,11,6,4,3907,11,56,6.87,90.0
2020-11-18,2,11,2,5,3489,26,6,6.78,90.0
2020-11-18,2,11,5,6,4015,62,8,6.83,90.0
2020-11-18,2,12,1,1,4330,39,52,6.8,13.2
2020-11-18,2,12,4,2,5015,61,12,6.84,13.2
2020-11-18,2,12,6,3,4061,49,4,6.81,13.2
2020-11-18,2,12,5,4,4643,21,9,6.84,13.2
2020-11-18,2,12,2,5,3304,58,44,6.92,13.2
2020-11-18,2,12,3,6,3485,59,40,6.92,13.2
2020-11-19,3,1,4,1,4220,46,63,6.9,61.5
2020-11-19,3,1,2,2,3742,44,18,6.95,61.5
2020-11-19,3,1,5,3,3234,1,2,6.94,61.5
2020-11-19,3,1,1,4,5075,51,5,6.85,61.5
2020-11-19,3,1,3,5,3564,57,19,6.91,61.5
2020-11-19,3,1,6,6,3176,5,58,6.93,61.5
2020-11-19,3,3,4,1,2878,41,21,6.88,235.0
2020-11-19,3,3,5,2,5034,52,24,6.95,235.0
2020-11-19,3,3,6,3,3582,19,62,6.97,235.0
2020-11-19,3,3,1,4,3998,30,41,6.87,235.0
2020-11-19,3,3,2,5,3304,58,44,6.94,235.0
2020-11-19,3,3,3,6,5024,16,50,7.01,235.0
2020-11-19,3,4,3,1,3710,31,35,6.95,112.6
2020-11-19,3,4,2,2,4015,62,8,6.93,112.6
2020-11-19,3,4,6,3,4643,21,9,6.9,112.6
2020-11-19,3,4,4,4,4978,34,65,7.0,112.6
2020-11-19,3,4,5,5,3489,26,6,6.91,112.6
2020-11-19,3,4,1,6,4299,37,23,6.98,112.6
2020-11-19,3,5,1,1,5026,27,53,6.78,13.2
2020-11-19,3,5,2,2,4566,8,49,6.86,13.2
2020-11-19,3,5,3,3,3498,32,26,6.87,13.2
2020-11-19,3,5,6,4,4330,39,52,6.86,13.2
2020-11-19,3,5,5,5,3907,11,56,6.95,13.2
2020-11-19,3,5,4,6,3820,24,59,6.97,13.2
2020-11-19,3,6,1,1,3485,59,40,7.08,44.0
2020-11-19,3,6,4,2,3956,47,61,6.97,44.0
2020-11-19,3,6,5,3,3789,65,36,7.04,44.0
2020-11-19,3,6,6,4,4811,38,43,6.84,44.0
2020-11-19,3,6,2,5,3234,1,2,6.92,44.0
2020-11-19,3,6,3,6,3616,7,37,6.9,44.0
2020-11-19,3,7,6,1,4061,49,4,6.92,23.1
2020-11-19,3,7,1,2,5015,61,12,6.8,23.1
2020-11-19,3,7,3,3,2878,41,21,6.91,23.1
2020-11-19,3,7,4,4,3564,57,19,6.94,23.1
2020-11-19,3,7,2,5,3714,50,48,6.97,23.1
2020-11-19,3,7,5,6,3936,28,30,6.95,23.1
2020-11-19,3,8,2,1,4220,46,63,6.92,13.1
2020-11-19,3,8,1,2,4474,6,28,6.85,13.1
2020-11-19,3,8,3,3,4978,34,65,6.89,13.1
2020-11-19,3,8,4,4,3745,53,20,6.94,13.1
2020-11-19,3,8,6,5,4894,22,47,6.9,13.1
2020-11-19,3,8,5,6,5024,16,50,6.97,13.1
2020-11-19,3,9,6,1,4566,8,49,6.79,126.7
2020-11-19,3,9,2,2,3489,26,6,6.92,126.7
2020-11-19,3,9,3,3,5075,51,5,6.91,126.7
2020-11-19,3,9,1,4,3582,19,62,6.88,126.7
2020-11-19,3,9,4,5,3498,32,26,6.92,126.7
2020-11-19,3,9,5,6,3485,59,40,6.95,126.7
2020-11-19,3,10,1,1,4643,21,9,6.87,25.0
2020-11-19,3,10,4,2,3907,11,56,6.93,25.0
2020-11-19,3,10,3,3,5015,61,12,6.91,25.0
2020-11-19,3,10,2,4,3956,47,61,6.96,25.0
2020-11-19,3,10,5,5,3742,44,18,6.91,25.0
2020-11-19,3,10,6,6,4015,62,8,6.87,25.0
2020-11-19,3,11,1,1,4061,49,4,6.83,33.4
2020-11-19,3,11,5,2,3304,58,44,6.88,33.4
2020-11-19,3,11,4,3,4474,6,28,6.91,33.4
2020-11-19,3,11,3,4,4299,37,38,6.99,33.4
2020-11-19,3,11,6,5,5026,27,53,6.89,33.4
2020-11-19,3,11,2,6,4330,39,52,6.92,33.4
2020-11-20,4,2,1,1,4894,22,47,6.76,10.7
2020-11-20,4,2,2,2,3564,57,19,6.81,10.7
2020-11-20,4,2,4,3,3998,30,41,6.84,10.7
2020-11-20,4,2,3,4,3714,50,48,6.81,10.7
2020-11-20,4,2,5,5,4034,18,66,6.91,10.7
2020-11-20,4,2,6,6,3559,66,3,6.94,10.7
2020-11-20,4,4,1,1,3176,5,58,6.83,9.1
2020-11-20,4,4,2,2,5026,27,53,6.85,9.1
2020-11-20,4,4,5,3,3616,7,37,6.93,9.1
2020-11-20,4,4,4,4,3953,55,10,6.93,9.1
2020-11-20,4,4,6,5,5015,61,12,6.87,9.1
2020-11-20,4,4,3,6,5024,16,50,6.95,9.1
2020-11-20,4,5,6,1,2878,41,21,6.78,236.8
2020-11-20,4,5,4,2,4299,37,38,6.9,236.8
2020-11-20,4,5,5,3,4978,34,65,6.9,236.8
2020-11-20,4,5,1,4,3485,59,40,6.85,236.8
2020-11-20,4,5,2,5,3742,44,18,6.82,236.8
2020-11-20,4,5,3,6,3234,1,2,6.92,236.8
2020-11-20,4,6,1,1,4330,39,29,6.78,4.9
2020-11-20,4,6,4,2,4220,46,63,6.79,4.9
2020-11-20,4,6,3,3,4474,6,28,6.83,4.9
2020-11-20,4,6,6,4,3998,30,41,6.82,4.9
2020-11-20,4,6,5,5,4811,38,43,6.8,4.9
2020-11-20,4,6,2,6,4034,18,66,6.81,4.9
2020-11-20,4,7,1,1,3956,47,61,6.78,57.7
2020-11-20,4,7,5,2,4894,22,47,6.88,57.7
2020-11-20,4,7,4,3,3564,57,19,6.84,57.7
2020-11-20,4,7,2,4,3710,31,32,6.8,57.7
2020-11-20,4,7,6,5,3745,53,20,6.77,57.7
2020-11-20,4,7,3,6,3789,65,36,6.81,57.7
2020-11-20,4,8,1,1,4015,62,8,6.75,81.0
2020-11-20,4,8,5,2,3714,50,48,6.88,81.0
2020-11-20,4,8,2,3,3176,5,58,6.84,81.0
2020-11-20,4,8,4,4,3582,19,62,6.87,81.0
2020-11-20,4,8,3,5,4789,64,34,6.85,81.0
2020-11-20,4,8,6,6,5136,20,46,6.83,81.0
2020-11-20,4,9,1,1,4220,46,63,6.75,15.9
2020-11-20,4,9,4,2,3616,7,37,6.89,15.9
2020-11-20,4,9,2,3,4331,43,15,6.84,15.9
2020-11-20,4,9,3,4,2878,41,21,6.82,15.9
2020-11-20,4,9,6,5,3953,55,10,6.79,15.9
2020-11-20,4,9,5,6,5034,52,24,6.82,15.9
2020-11-20,4,10,4,1,3742,44,18,6.82,169.6
2020-11-20,4,10,2,2,4474,6,28,6.72,169.6
2020-11-20,4,10,3,3,3956,47,61,6.73,169.6
2020-11-20,4,10,6,4,3485,59,40,6.86,169.6
2020-11-20,4,10,1,5,5075,51,5,6.78,169.6
2020-11-20,4,10,5,6,5026,27,53,6.77,169.6
2020-11-20,4,11,5,1,4330,39,29,6.76,217.4
2020-11-20,4,11,4,2,3498,32,26,6.73,217.4
2020-11-20,4,11,1,3,5015,61,12,6.74,217.4
2020-11-20,4,11,6,4,4015,62,8,6.81,217.4
2020-11-20,4,11,2,5,3582,19,62,6.72,217.4
2020-11-20,4,11,3,6,4299,37,38,6.82,217.4
2020-11-20,4,12,1,1,4061,49,4,6.76,6.4
2020-11-20,4,12,3,2,4566,8,49,6.69,6.4
2020-11-20,4,12,4,3,3489,26,6,6.76,6.4
2020-11-20,4,12,2,4,4643,21,9,6.78,6.4
2020-11-20,4,12,6,5,3304,58,44,6.71,6.4
2020-11-20,4,12,5,6,3907,11,56,6.81,6.4
2020-11-26,1,1,5,1,3746,51,29,6.85,145.3
2020-11-26,1,1,1,2,3243,13,50,6.84,145.3
2020-11-26,1,1,4,3,3964,4,9,6.82,145.3
2020-11-26,1,1,6,4,3509,6,56,6.79,145.3
2020-11-26,1,1,3,5,4260,53,54,6.92,145.3
2020-11-26,1,1,2,6,4735,21,30,6.81,145.3
2020-11-26,1,2,4,1,4747,18,25,6.8,36.5
2020-11-26,1,2,1,2,3578,57,59,6.84,36.5
2020-11-26,1,2,5,3,4010,1,37,6.85,36.5
2020-11-26,1,2,2,4,3516,44,62,6.83,36.5
2020-11-26,1,2,3,5,5021,48,19,6.81,36.5
2020-11-26,1,2,6,6,5165,46,57,6.92,36.5
2020-11-26,1,3,3,1,4475,11,14,6.78,18.2
2020-11-26,1,3,1,2,3715,47,48,6.77,18.2
2020-11-26,1,3,4,3,3955,23,47,6.87,18.2
2020-11-26,1,3,2,4,3910,22,7,6.82,18.2
2020-11-26,1,3,5,5,4949,34,32,6.83,18.2
2020-11-26,1,3,6,6,3918,35,4,6.9,18.2
2020-11-26,1,4,3,1,4112,9,10,6.84,38.5
2020-11-26,1,4,5,2,4256,7,3,6.78,38.5
2020-11-26,1,4,1,3,3925,41,55,6.75,38.5
2020-11-26,1,4,4,4,4120,54,6,6.83,38.5
2020-11-26,1,4,2,5,4423,39,2,6.78,38.5
2020-11-26,1,4,6,6,5173,17,28,6.76,38.5
2020-11-26,1,5,3,1,4088,40,20,6.83,68.0
2020-11-26,1,5,2,2,3509,6,56,6.82,68.0
2020-11-26,1,5,1,3,4853,19,65,6.86,68.0
2020-11-26,1,5,4,4,4689,14,26,6.86,68.0
2020-11-26,1,5,6,5,4694,55,12,6.93,68.0
2020-11-26,1,5,5,6,4170,52,58,6.83,68.0
2020-11-26,1,6,1,1,4931,5,39,6.86,24.9
2020-11-26,1,6,4,2,4446,45,44,6.83,24.9
2020-11-26,1,6,6,3,3153,8,43,6.88,24.9
2020-11-26,1,6,3,4,4448,15,61,6.94,24.9
2020-11-26,1,6,2,5,3108,49,45,6.91,24.9
2020-11-26,1,6,5,6,3709,10,11,6.91,24.9
2020-11-26,1,7,4,1,3897,37,24,6.88,11.1
2020-11-26,1,7,1,2,4949,34,32,6.79,11.1
2020-11-26,1,7,5,3,4736,36,15,6.91,11.1
2020-11-26,1,7,2,4,4000,38,34,6.9,11.1
2020-11-26,1,7,3,5,4747,18,25,6.88,11.1
2020-11-26,1,7,6,6,4735,21,30,6.82,11.1
2020-11-26,1,8,2,1,3901,50,36,6.89,78.3
2020-11-26,1,8,1,2,3685,20,41,6.82,78.3
2020-11-26,1,8,5,3,3964,4,9,6.87,78.3
2020-11-26,1,8,4,4,4022,43,60,6.98,78.3
2020-11-26,1,8,3,5,4712,12,63,6.86,78.3
2020-11-26,1,8,6,6,5021,48,19,6.81,78.3
2020-11-26,1,9,4,1,4694,55,12,6.9,339.2
2020-11-26,1,9,5,2,4475,11,14,6.86,339.2
2020-11-26,1,9,1,3,4967,56,31,6.89,339.2
2020-11-26,1,9,2,4,3968,3,16,6.92,339.2
2020-11-26,1,9,6,5,4423,39,2,6.79,339.2
2020-11-26,1,9,3,6,4010,1,37,6.95,339.2
2020-11-26,1,10,1,1,4112,9,10,6.86,12.4
2020-11-26,1,10,2,2,4703,2,33,6.86,12.4
2020-11-26,1,10,3,3,3910,22,7,6.89,12.4
2020-11-26,1,10,6,4,4448,15,61,6.79,12.4
2020-11-26,1,10,4,5,4116,16,8,6.97,12.4
2020-11-26,1,10,5,6,4853,19,65,6.93,12.4
2020-11-26,1,11,2,1,3746,51,29,6.91,399.7
2020-11-26,1,11,5,2,4120,54,6,6.89,399.7
2020-11-26,1,11,3,3,4931,5,39,6.82,399.7
2020-11-26,1,11,1,4,4736,36,15,6.88,399.7
2020-11-26,1,11,4,5,3516,44,62,6.88,399.7
2020-11-26,1,11,6,6,3955,23,47,6.88,399.7
2020-11-26,1,12,1,1,3897,37,24,6.84,30.7
2020-11-26,1,12,4,2,4256,7,3,6.82,30.7
2020-11-26,1,12,6,3,4260,53,54,6.97,30.7
2020-11-26,1,12,3,4,3918,35,4,6.86,30.7
2020-11-26,1,12,5,5,4446,45,44,6.8,30.7
2020-11-26,1,12,2,6,3685,20,41,6.81,30.7
2020-11-27,2,1,4,1,4949,34,32,6.81,17.5
2020-11-27,2,1,6,2,3964,4,9,6.81,17.5
2020-11-27,2,1,2,3,3709,10,11,6.96,17.5
2020-11-27,2,1,1,4,4170,52,58,6.84,17.5
2020-11-27,2,1,3,5,3108,49,45,6.85,17.5
2020-11-27,2,1,5,6,5165,46,57,6.95,17.5
2020-11-27,2,2,2,1,3153,8,43,6.81,83.4
2020-11-27,2,2,3,2,4853,19,65,6.82,83.4
2020-11-27,2,2,4,3,4712,12,63,6.85,83.4
2020-11-27,2,2,1,4,3509,6,56,6.79,83.4
2020-11-27,2,2,5,5,3243,13,50,6.87,83.4
2020-11-27,2,2,6,6,5173,17,28,6.79,83.4
2020-11-27,2,3,2,1,3925,41,55,6.85,21.2
2020-11-27,2,3,3,2,3578,57,59,6.89,21.2
2020-11-27,2,3,4,3,4260,53,54,6.94,21.2
2020-11-27,2,3,6,4,4000,38,34,6.9,21.2
2020-11-27,2,3,5,5,4088,40,20,6.95,21.2
2020-11-27,2,3,1,6,5021,48,19,6.92,21.2
2020-11-27,2,4,2,1,3715,47,48,6.9,76.3
2020-11-27,2,4,4,2,4931,5,39,6.78,76.3
2020-11-27,2,4,6,3,4967,56,31,6.85,76.3
2020-11-27,2,4,5,4,4689,14,26,6.9,76.3
2020-11-27,2,4,1,5,4735,21,30,6.77,76.3
2020-11-27,2,4,3,6,4703,2,33,6.81,76.3
2020-11-27,2,5,4,1,4423,39,2,6.88,81.0
2020-11-27,2,5,2,2,4022,43,60,6.85,81.0
2020-11-27,2,5,3,3,3901,50,36,6.91,81.0
2020-11-27,2,5,5,4,3918,35,4,6.91,81.0
2020-11-27,2,5,1,5,3108,49,45,6.88,81.0
2020-11-27,2,5,6,6,3910,22,7,6.83,81.0
2020-11-27,2,6,1,1,4116,16,8,6.88,12.0
2020-11-27,2,6,3,2,4446,45,44,6.87,12.0
2020-11-27,2,6,2,3,4694,55,12,6.88,12.0
2020-11-27,2,6,4,4,4112,9,10,6.86,12.0
2020-11-27,2,6,6,5,3709,10,11,6.95,12.0
2020-11-27,2,6,5,6,5173,17,28,6.97,12.0
2020-11-27,2,7,2,1,4256,7,3,6.83,14.0
2020-11-27,2,7,1,2,4747,18,25,6.81,14.0
2020-11-27,2,7,5,3,4448,15,61,6.84,14.0
2020-11-27,2,7,3,4,3746,51,29,6.86,14.0
2020-11-27,2,7,6,5,3925,41,55,6.84,14.0
2020-11-27,2,7,4,6,4010,1,37,6.91,14.0
2020-11-27,2,8,4,1,3968,3,16,6.91,115.1
2020-11-27,2,8,1,2,4260,53,54,6.89,115.1
2020-11-27,2,8,3,3,3516,44,62,6.88,115.1
2020-11-27,2,8,2,4,3955,23,47,6.83,115.1
2020-11-27,2,8,5,5,3715,47,48,6.85,115.1
2020-11-27,2,8,6,6,5165,46,57,6.95,115.1
2020-11-27,2,9,1,1,4120,54,6,6.81,7.0
2020-11-27,2,9,6,2,3897,37,24,6.92,7.0
2020-11-27,2,9,3,3,4736,36,15,6.94,7.0
2020-11-27,2,9,4,4,4170,52,58,6.79,7.0
2020-11-27,2,9,2,5,4689,14,26,6.84,7.0
2020-11-27,2,9,5,6,4712,12,63,6.81,7.0
2020-11-27,2,10,4,1,3685,20,41,6.95,94.3
2020-11-27,2,10,2,2,3918,35,40,6.83,94.3
2020-11-27,2,10,1,3,4475,11,14,6.71,94.3
2020-11-27,2,10,5,4,4116,16,8,6.91,94.3
2020-11-27,2,10,3,5,3153,8,43,6.9,94.3
2020-11-27,2,10,6,6,4088,40,20,6.86,94.3
2020-11-27,2,11,1,1,4446,45,44,6.8,5.6
2020-11-27,2,11,2,2,4448,15,61,6.81,5.6
2020-11-27,2,11,5,3,4703,2,33,6.85,5.6
2020-11-27,2,11,6,4,4022,43,60,6.86,5.6
2020-11-27,2,11,3,5,3243,13,50,6.9,5.6
2020-11-27,2,11,4,6,4000,38,34,6.88,5.6
2020-11-27,2,12,1,1,4256,7,3,6.83,17.0
2020-11-27,2,12,3,2,4967,56,31,6.89,17.0
2020-11-27,2,12,4,3,3578,57,59,6.91,17.0
2020-11-27,2,12,5,4,3968,3,16,6.98,17.0
2020-11-27,2,12,2,5,4112,9,10,6.88,17.0
2020-11-27,2,12,6,6,3901,50,36,6.96,17.0
2020-11-28,3,1,4,1,4735,21,30,6.73,149.9
2020-11-28,3,1,5,2,3516,44,62,6.74,149.9
2020-11-28,3,1,3,3,4423,39,2,6.74,149.9
2020-11-28,3,1,6,4,4116,16,8,6.7,149.9
2020-11-28,3,1,2,5,4010,1,37,6.75,149.9
2020-11-28,3,1,1,6,4694,55,12,6.69,149.9
2020-11-28,3,2,4,1,4088,40,20,6.66,121.0
2020-11-28,3,2,5,2,5021,48,19,6.76,121.0
2020-11-28,3,2,2,3,4853,19,65,6.72,121.0
2020-11-28,3,2,1,4,3910,22,7,6.76,121.0
2020-11-28,3,2,6,5,4712,12,63,6.75,121.0
2020-11-28,3,2,3,6,3709,10,11,6.82,121.0
2020-11-28,3,3,1,1,4689,14,26,6.77,42.3
2020-11-28,3,3,3,2,4022,43,60,6.84,42.3
2020-11-28,3,3,6,3,4736,36,15,6.8,42.3
2020-11-28,3,3,4,4,4475,11,14,6.83,42.3
2020-11-28,3,3,2,5,4747,18,25,6.76,42.3
2020-11-28,3,3,5,6,3509,6,56,6.81,42.3
2020-11-28,3,4,1,1,3153,8,43,6.71,305.5
2020-11-28,3,4,5,2,3108,49,45,6.82,305.5
2020-11-28,3,4,6,3,3746,51,29,6.71,305.5
2020-11-28,3,4,4,4,3901,50,36,6.8,305.5
2020-11-28,3,4,2,5,4170,52,58,6.66,305.5
2020-11-28,3,4,3,6,3968,3,16,6.72,305.5
2020-11-28,3,5,2,1,3578,57,59,6.7,198.0
2020-11-28,3,5,5,2,4112,9,10,6.74,198.0
2020-11-28,3,5,6,3,4120,54,6,6.72,198.0
2020-11-28,3,5,1,4,3964,4,9,6.7,198.0
2020-11-28,3,5,3,5,3685,20,41,6.76,198.0
2020-11-28,3,5,4,6,3925,41,55,6.71,198.0
2020-11-28,3,6,4,1,3918,35,40,6.76,119.8
2020-11-28,3,6,2,2,4949,34,32,6.69,119.8
2020-11-28,3,6,3,3,4000,38,34,6.84,119.8
2020-11-28,3,6,5,4,4423,39,2,6.71,119.8
2020-11-28,3,6,1,5,3955,23,47,6.71,119.8
2020-11-28,3,6,6,6,5173,17,28,6.8,119.8
2020-11-28,3,7,1,1,4448,15,61,6.7,5.2
2020-11-28,3,7,5,2,3897,37,24,6.71,5.2
2020-11-28,3,7,2,3,4260,53,54,6.71,5.2
2020-11-28,3,7,3,4,4735,21,30,6.68,5.2
2020-11-28,3,7,4,5,3243,13,50,6.73,5.2
2020-11-28,3,7,6,6,5165,46,57,6.74,5.2
2020-11-28,3,8,1,1,4703,2,33,6.76,4.0
2020-11-28,3,8,2,2,4446,45,44,6.69,4.0
2020-11-28,3,8,4,3,3746,51,29,6.78,4.0
2020-11-28,3,8,3,4,4694,55,12,6.82,4.0
2020-11-28,3,8,6,5,4747,18,25,6.74,4.0
2020-11-28,3,8,5,6,3910,22,7,6.81,4.0
2020-11-28,3,9,3,1,4256,7,3,6.81,18.4
2020-11-28,3,9,1,2,3901,50,36,6.82,18.4
2020-11-28,3,9,6,3,3715,47,48,6.77,18.4
2020-11-28,3,9,4,4,3509,6,56,6.7,18.4
2020-11-28,3,9,5,5,3685,20,41,6.78,18.4
2020-11-28,3,9,2,6,5021,48,19,6.75,18.4
2020-11-28,3,10,1,1,3918,35,40,6.7,10.2
2020-11-28,3,10,2,2,4967,56,31,6.75,10.2
2020-11-28,3,10,5,3,4931,5,39,6.78,10.2
2020-11-28,3,10,6,4,3516,44,62,6.83,10.2
2020-11-28,3,10,3,5,3964,4,9,6.77,10.2
2020-11-28,3,10,4,6,4736,36,15,6.85,10.2
2020-11-28,3,11,1,1,3968,3,16,6.68,6.9
2020-11-28,3,11,2,2,4475,11,14,6.7,6.9
2020-11-28,3,11,3,3,4116,16,8,6.77,6.9
2020-11-28,3,11,6,4,4949,34,32,6.79,6.9
2020-11-28,3,11,4,5,4853,19,65,6.78,6.9
2020-11-28,3,11,5,6,4260,53,54,6.77,6.9
2020-11-28,3,12,1,1,3897,37,24,6.7,13.0
2020-11-28,3,12,3,2,3955,23,47,6.84,13.0
2020-11-28,3,12,4,3,4703,2,33,6.8,13.0
2020-11-28,3,12,2,4,4120,54,6,6.72,13.0
2020-11-28,3,12,5,5,4022,43,60,6.79,13.0
2020-11-28,3,12,6,6,4010,1,37,6.85,13.0
2020-11-29,4,1,1,1,4088,40,20,6.71,7.2
2020-11-29,4,1,2,2,3964,4,9,6.77,7.2
2020-11-29,4,1,4,3,3153,8,43,6.68,7.2
2020-11-29,4,1,3,4,4170,52,58,6.74,7.2
2020-11-29,4,1,6,5,4853,19,65,6.81,7.2
2020-11-29,4,1,5,6,5173,17,28,6.82,7.2
2020-11-29,4,2,3,1,3509,6,56,6.81,263.3
2020-11-29,4,2,2,2,3243,13,50,6.86,263.3
2020-11-29,4,2,6,3,3108,49,45,6.86,263.3
2020-11-29,4,2,4,4,3715,47,48,6.82,263.3
2020-11-29,4,2,1,5,4010,1,37,6.77,263.3
2020-11-29,4,2,5,6,5165,46,57,6.9,263.3
2020-11-29,4,3,4,1,4967,56,31,6.76,34.3
2020-11-29,4,3,1,2,3516,44,62,6.69,34.3
2020-11-29,4,3,5,3,3578,57,59,6.83,34.3
2020-11-29,4,3,6,4,4689,14,26,6.82,34.3
2020-11-29,4,3,3,5,3968,3,16,6.77,34.3
2020-11-29,4,3,2,6,4712,12,63,6.8,34.3
2020-11-29,4,4,1,1,4423,39,2,6.73,9.4
2020-11-29,4,4,3,2,4112,9,10,6.73,9.4
2020-11-29,4,4,2,3,4931,5,39,6.75,9.4
2020-11-29,4,4,6,4,4703,2,33,6.78,9.4
2020-11-29,4,4,5,5,3925,41,55,6.73,9.4
2020-11-29,4,4,4,6,5021,48,19,6.78,9.4
2020-11-29,4,5,2,1,4736,36,15,6.77,8.8
2020-11-29,4,5,3,2,4448,15,61,6.72,8.8
2020-11-29,4,5,6,3,4475,11,14,6.69,8.8
2020-11-29,4,5,5,4,4694,55,12,6.82,8.8
2020-11-29,4,5,1,5,3709,10,11,6.75,8.8
2020-11-29,4,5,4,6,3910,22,7,6.75,8.8
2020-11-29,4,6,4,1,3685,20,41,6.69,25.8
2020-11-29,4,6,3,2,4120,54,6,6.81,25.8
2020-11-29,4,6,1,3,4000,38,34,6.7,25.8
2020-11-29,4,6,5,4,4747,18,25,6.67,25.8
2020-11-29,4,6,2,5,4088,40,20,6.64,25.8
2020-11-29,4,6,6,6,3243,13,50,6.78,25.8
2020-11-29,4,7,2,1,3897,37,24,6.66,30.4
2020-11-29,4,7,3,2,4949,34,32,6.77,30.4
2020-11-29,4,7,1,3,4712,12,63,6.7,30.4
2020-11-29,4,7,4,4,4446,45,44,6.72,30.4
2020-11-29,4,7,5,5,3901,50,36,6.86,30.4
2020-11-29,4,7,6,6,5165,46,57,6.81,30.4
2020-11-29,4,8,1,1,4260,53,54,6.82,38.9
2020-11-29,4,8,3,2,3925,41,55,6.79,38.9
2020-11-29,4,8,4,3,4256,7,3,6.74,38.9
2020-11-29,4,8,2,4,4116,16,8,6.73,38.9
2020-11-29,4,8,5,5,4735,21,30,6.8,38.9
2020-11-29,4,8,6,6,5173,17,28,6.77,38.9
2020-11-29,4,9,1,1,3746,51,29,6.67,5.4
2020-11-29,4,9,2,2,4703,2,33,6.75,5.4
2020-11-29,4,9,3,3,4689,14,26,6.81,5.4
2020-11-29,4,9,6,4,4170,52,58,6.73,5.4
2020-11-29,4,9,5,5,3955,23,47,6.83,5.4
2020-11-29,4,9,4,6,3709,10,11,6.87,5.4
2020-11-29,4,10,1,1,4022,43,60,6.74,22.4
2020-11-29,4,10,3,2,4736,36,15,6.75,22.4
2020-11-29,4,10,6,3,3578,57,59,6.77,22.4
2020-11-29,4,10,2,4,3918,35,40,6.69,22.4
2020-11-29,4,10,4,5,3108,49,45,6.79,22.4
2020-11-29,4,10,5,6,3153,8,43,6.76,22.4
2020-11-29,4,11,1,1,4446,45,44,6.71,11.5
2020-11-29,4,11,4,2,4448,15,61,6.78,11.5
2020-11-29,4,11,3,3,3715,47,48,6.75,11.5
2020-11-29,4,11,2,4,3968,3,16,6.74,11.5
2020-11-29,4,11,6,5,4931,5,39,6.75,11.5
2020-11-29,4,11,5,6,4000,38,34,6.84,11.5
2020-11-29,4,12,1,1,4256,7,3,6.62,9.5
2020-11-29,4,12,2,2,3685,20,41,6.64,9.5
2020-11-29,4,12,3,3,3897,37,24,6.76,9.5
2020-11-29,4,12,4,4,4475,11,14,6.65,9.5
2020-11-29,4,12,5,5,4967,56,31,6.81,9.5
2020-11-29,4,12,6,6,4112,9,10,6.71,9.5
2020-11-30,5,1,1,1,4423,39,2,6.82,8.5
2020-11-30,5,1,4,2,4448,15,61,6.73,8.5
2020-11-30,5,1,2,3,4260,53,54,6.83,8.5
2020-11-30,5,1,3,4,4022,43,60,6.8,8.5
2020-11-30,5,1,5,5,3709,10,11,6.86,8.5
2020-11-30,5,1,6,6,5165,46,57,6.83,8.5
2020-11-30,5,3,1,1,3516,44,62,6.74,28.4
2020-11-30,5,3,4,2,4120,54,6,6.86,28.4
2020-11-30,5,3,2,3,3910,22,7,6.8,28.4
2020-11-30,5,3,5,4,4446,45,44,6.85,28.4
2020-11-30,5,3,6,5,3746,51,29,6.76,28.4
2020-11-30,5,3,3,6,3243,13,50,6.77,28.4
2020-11-30,5,4,1,1,3968,3,16,6.72,28.1
2020-11-30,5,4,5,2,4112,9,10,6.81,28.1
2020-11-30,5,4,4,3,4949,34,32,6.85,28.1
2020-11-30,5,4,3,4,3955,23,47,6.88,28.1
2020-11-30,5,4,6,5,4170,52,58,6.73,28.1
2020-11-30,5,4,2,6,3715,47,48,6.77,28.1
2020-11-30,5,5,1,1,4116,16,8,6.79,27.4
2020-11-30,5,5,4,2,3509,6,56,6.79,27.4
2020-11-30,5,5,6,3,4256,7,3,6.84,27.4
2020-11-30,5,5,2,4,3153,8,43,6.84,27.4
2020-11-30,5,5,5,5,4931,5,39,6.88,27.4
2020-11-30,5,5,3,6,4712,12,63,6.84,27.4
2020-11-30,5,6,1,1,3918,35,40,6.76,4.0
2020-11-30,5,6,3,2,3685,20,41,6.76,4.0
2020-11-30,5,6,4,3,4000,38,34,6.84,4.0
2020-11-30,5,6,2,4,3925,41,55,6.82,4.0
2020-11-30,5,6,6,5,4010,1,37,6.91,4.0
2020-11-30,5,6,5,6,4689,14,26,6.84,4.0
2020-11-30,5,7,3,1,4736,36,15,6.79,19.1
2020-11-30,5,7,1,2,3901,50,36,6.81,19.1
2020-11-30,5,7,6,3,3897,37,24,6.78,19.1
2020-11-30,5,7,4,4,4735,21,30,6.69,19.1
2020-11-30,5,7,2,5,3108,49,45,6.78,19.1
2020-11-30,5,7,5,6,4747,18,25,6.76,19.1
2020-11-30,5,8,1,1,3746,51,29,6.72,10.3
2020-11-30,5,8,4,2,4022,43,60,6.82,10.3
2020-11-30,5,8,2,3,3578,57,59,6.78,10.3
2020-11-30,5,8,3,4,4949,34,32,6.69,10.3
2020-11-30,5,8,5,5,4088,40,20,6.71,10.3
2020-11-30,5,8,6,6,4423,39,2,6.75,10.3
2020-11-30,5,9,2,1,4446,45,44,6.74,112.9
2020-11-30,5,9,3,2,4448,15,61,6.7,112.9
2020-11-30,5,9,6,3,3968,3,16,6.73,112.9
2020-11-30,5,9,1,4,4967,56,31,6.76,112.9
2020-11-30,5,9,4,5,4703,2,33,6.76,112.9
2020-11-30,5,9,5,6,3153,8,43,6.7,112.9
2020-11-30,5,10,1,1,4256,7,3,6.7,29.3
2020-11-30,5,10,3,2,4120,54,6,6.73,29.3
2020-11-30,5,10,5,3,3715,47,48,6.8,29.3
2020-11-30,5,10,4,4,3685,20,41,6.67,29.3
2020-11-30,5,10,6,5,3964,4,21,6.8,29.3
2020-11-30,5,10,2,6,4931,5,39,6.77,29.3
2020-11-30,5,11,1,1,3897,37,24,6.71,11.6
2020-11-30,5,11,4,2,4736,36,15,6.8,11.6
2020-11-30,5,11,2,3,4112,9,10,6.75,11.6
2020-11-30,5,11,3,4,4475,11,14,6.76,11.6
2020-11-30,5,11,6,5,3516,44,62,6.74,11.6
2020-11-30,5,11,5,6,4260,53,54,6.81,11.6
2020-11-30,5,12,1,1,3509,6,56,6.71,6.9
2020-11-30,5,12,2,2,4689,14,26,6.76,6.9
2020-11-30,5,12,4,3,4694,55,12,6.78,6.9
2020-11-30,5,12,3,4,4853,19,65,6.77,6.9
2020-11-30,5,12,6,5,5173,17,28,6.75,6.9
2020-11-30,5,12,5,6,5021,48,19,6.81,6.9
2020-12-01,6,1,1,1,3955,23,47,6.79,18.7
2020-12-01,6,1,5,2,4120,54,6,6.74,18.7
2020-12-01,6,1,2,3,4694,55,12,6.89,18.7
2020-12-01,6,1,6,4,3746,51,29,6.72,18.7
2020-12-01,6,1,4,5,3964,4,21,6.7,18.7
2020-12-01,6,1,3,6,3153,8,43,6.79,18.7
2020-12-01,6,2,5,1,4853,19,65,6.76,216.3
2020-12-01,6,2,4,2,4712,12,63,6.71,216.3
2020-12-01,6,2,1,3,3243,13,50,6.71,216.3
2020-12-01,6,2,6,4,4010,1,37,6.87,216.3
2020-12-01,6,2,2,5,3709,10,11,6.79,216.3
2020-12-01,6,2,3,6,4170,52,58,6.77,216.3
2020-12-01,6,3,1,1,4088,40,20,6.7,15.8
2020-12-01,6,3,2,2,4967,56,31,6.78,15.8
2020-12-01,6,3,3,3,3715,47,48,6.76,15.8
2020-12-01,6,3,5,4,4446,45,44,6.69,15.8
2020-12-01,6,3,6,5,4689,14,26,6.81,15.8
2020-12-01,6,3,4,6,3901,50,36,6.8,15.8
2020-12-01,6,4,2,1,4475,11,14,6.67,21.9
2020-12-01,6,4,1,2,3910,22,7,6.81,21.9
2020-12-01,6,4,5,3,4256,7,3,6.72,21.9
2020-12-01,6,4,4,4,3578,57,59,6.77,21.9
2020-12-01,6,4,6,5,5165,46,57,6.8,21.9
2020-12-01,6,4,3,6,4112,9,10,6.79,21.9
2020-12-01,6,5,1,1,3685,20,41,6.67,15.6
2020-12-01,6,5,6,2,3918,35,40,6.74,15.6
2020-12-01,6,5,4,3,4931,5,39,6.77,15.6
2020-12-01,6,5,3,4,4747,18,25,6.83,15.6
2020-12-01,6,5,5,5,4735,21,30,6.83,15.6
2020-12-01,6,5,2,6,4949,34,32,6.78,15.6
2020-12-01,6,6,1,1,4000,38,34,6.84,19.4
2020-12-01,6,6,2,2,3516,44,62,6.76,19.4
2020-12-01,6,6,3,3,3968,3,16,6.77,19.4
2020-12-01,6,6,4,4,4736,36,15,6.8,19.4
2020-12-01,6,6,6,5,3509,6,56,6.72,19.4
2020-12-01,6,6,5,6,3925,41,55,6.72,19.4
2020-12-01,6,7,1,1,4703,2,33,6.78,5.9
2020-12-01,6,7,3,2,3955,23,47,6.89,5.9
2020-12-01,6,7,4,3,4022,43,60,6.82,5.9
2020-12-01,6,7,2,4,5021,48,19,6.78,5.9
2020-12-01,6,7,5,5,4260,53,54,6.87,5.9
2020-12-01,6,7,6,6,3108,49,45,6.87,5.9
2020-12-01,6,8,4,1,3897,37,24,6.76,8.3
2020-12-01,6,8,1,2,4448,15,61,6.74,8.3
2020-12-01,6,8,2,3,4116,16,8,6.73,8.3
2020-12-01,6,8,3,4,3964,4,21,6.79,8.3
2020-12-01,6,8,5,5,4423,39,2,6.74,8.3
2020-12-01,6,8,6,6,5173,17,28,6.79,8.3
2020-12-01,6,9,6,1,3685,20,41,6.7,1304.7
2020-12-01,6,9,2,2,4446,45,44,6.78,1304.7
2020-12-01,6,9,5,3,4949,34,32,6.76,1304.7
2020-12-01,6,9,1,4,3746,51,29,6.69,1304.7
2020-12-01,6,9,4,5,4112,9,10,6.73,1304.7
2020-12-01,6,9,3,6,3578,57,59,6.76,1304.7
2020-12-01,6,10,1,1,4256,7,3,6.74,6.7
2020-12-01,6,10,2,2,4120,54,6,6.85,6.7
2020-12-01,6,10,3,3,4736,36,15,6.79,6.7
2020-12-01,6,10,4,4,3715,47,48,6.85,6.7
2020-12-01,6,10,6,5,4703,2,33,6.75,6.7
2020-12-01,6,10,5,6,4475,11,14,6.74,6.7
2020-12-01,6,11,1,1,3897,37,24,6.87,9.9
2020-12-01,6,11,2,2,4448,15,61,6.84,9.9
2020-12-01,6,11,5,3,4967,56,31,6.88,9.9
2020-12-01,6,11,3,4,4022,43,60,6.83,9.9
2020-12-01,6,11,4,5,3968,3,16,6.9,9.9
2020-12-01,6,11,6,6,4088,40,20,6.76,9.9
2020-12-01,6,12,2,1,4260,53,54,6.87,33.8
2020-12-01,6,12,1,2,4931,5,39,6.76,33.8
2020-12-01,6,12,3,3,3918,35,40,6.86,33.8
2020-12-01,6,12,5,4,4116,16,8,6.93,33.8
2020-12-01,6,12,4,5,4000,38,34,6.85,33.8
2020-12-01,6,12,6,6,3901,50,36,6.89,33.8
2020-12-02,7,1,1,1,4475,11,14,6.68,31.6
2020-12-02,7,1,4,2,3243,13,50,6.85,31.6
2020-12-02,7,1,2,3,4747,18,25,6.82,31.6
2020-12-02,7,1,3,4,3925,41,55,6.71,31.6
2020-12-02,7,1,5,5,3516,44,49,6.79,31.6
2020-12-02,7,1,6,6,4010,1,37,6.84,31.6
2020-12-02,7,2,3,1,3910,22,7,6.78,47.3
2020-12-02,7,2,1,2,3108,49,45,6.76,47.3
2020-12-02,7,2,2,3,5021,48,19,6.81,47.3
2020-12-02,7,2,4,4,3964,4,21,6.74,47.3
2020-12-02,7,2,5,5,3709,10,51,6.81,47.3
2020-12-02,7,2,6,6,5173,17,28,6.78,47.3
2020-12-02,7,3,1,1,4088,40,20,6.68,85.6
2020-12-02,7,3,5,2,4949,34,32,6.83,85.6
2020-12-02,7,3,4,3,4853,19,65,6.95,85.6
2020-12-02,7,3,3,4,4116,16,8,6.84,85.6
2020-12-02,7,3,6,5,4260,53,54,6.89,85.6
2020-12-02,7,3,2,6,4735,21,30,6.82,85.6
2020-12-02,7,4,1,1,4170,52,58,6.69,64.7
2020-12-02,7,4,2,2,4712,12,63,6.77,64.7
2020-12-02,7,4,6,3,4000,38,34,6.77,64.7
2020-12-02,7,4,4,4,3715,47,48,6.86,64.7
2020-12-02,7,4,5,5,3901,50,36,6.83,64.7
2020-12-02,7,4,3,6,4694,55,12,6.84,64.7
2020-12-02,7,5,3,1,4967,56,31,6.83,53.4
2020-12-02,7,5,5,2,3955,23,47,6.96,53.4
2020-12-02,7,5,1,3,4022,43,60,6.77,53.4
2020-12-02,7,5,4,4,4747,18,25,6.8,53.4
2020-12-02,7,5,6,5,3243,13,50,6.82,53.4
2020-12-02,7,5,2,6,3578,57,59,6.87,53.4
2020-12-02,7,6,2,1,4423,39,2,6.85,228.8
2020-12-02,7,6,3,2,3746,51,29,6.88,228.8
2020-12-02,7,6,4,3,4931,5,39,6.81,228.8
2020-12-02,7,6,1,4,4703,2,33,6.86,228.8
2020-12-02,7,6,5,5,3108,49,45,6.88,228.8
2020-12-02,7,6,6,6,3910,22,7,6.86,228.8
2020-12-02,7,7,1,1,4112,9,10,6.84,17.3
2020-12-02,7,7,5,2,4736,36,15,6.88,17.3
2020-12-02,7,7,2,3,3709,10,51,6.84,17.3
2020-12-02,7,7,6,4,4116,16,8,6.85,17.3
2020-12-02,7,7,3,5,3153,8,43,6.84,17.3
2020-12-02,7,7,4,6,3925,41,55,6.82,17.3
2020-12-02,7,8,1,1,3968,3,16,6.73,37.9
2020-12-02,7,8,3,2,4735,21,30,6.85,37.9
2020-12-02,7,8,2,3,3901,50,36,6.78,37.9
2020-12-02,7,8,4,4,3918,35,40,6.76,37.9
2020-12-02,7,8,5,5,4712,12,63,6.81,37.9
2020-12-02,7,8,6,6,5165,46,57,6.9,37.9
2020-12-02,7,9,5,1,4694,55,12,6.88,174.5
2020-12-02,7,9,4,2,3509,6,56,6.92,174.5
2020-12-02,7,9,2,3,4853,19,65,6.84,174.5
2020-12-02,7,9,1,4,4689,14,26,6.88,174.5
2020-12-02,7,9,3,5,4170,52,58,6.8,174.5
2020-12-02,7,9,6,6,5021,48,19,6.94,174.5
2020-12-02,7,10,1,1,4967,56,31,6.85,40.8
2020-12-02,7,10,2,2,3746,51,29,6.88,40.8
2020-12-02,7,10,6,3,4088,40,20,6.77,40.8
2020-12-02,7,10,4,4,4112,9,10,6.92,40.8
2020-12-02,7,10,5,5,4703,2,33,6.9,40.8
2020-12-02,7,10,3,6,3715,47,48,6.94,40.8
2020-12-02,7,11,1,1,4736,36,15,6.9,38.1
2020-12-02,7,11,6,2,4475,11,14,6.77,38.1
2020-12-02,7,11,2,3,4949,34,32,6.89,38.1
2020-12-02,7,11,4,4,3968,3,16,6.84,38.1
2020-12-02,7,11,3,5,4022,43,60,6.92,38.1
2020-12-02,7,11,5,6,3578,57,59,6.81,38.1
2020-12-02,7,12,2,1,4256,7,3,6.81,272.3
2020-12-02,7,12,3,2,3685,20,41,6.78,272.3
2020-12-02,7,12,1,3,3897,37,24,6.81,272.3
2020-12-02,7,12,4,4,4446,45,44,6.78,272.3
2020-12-02,7,12,5,5,4120,54,6,6.9,272.3
2020-12-02,7,12,6,6,4448,15,61,6.91,272.3
2020-12-07,1,1,4,1,5037,24,16,6.9,115.9
2020-12-07,1,1,5,2,5033,7,48,6.81,115.9
2020-12-07,1,1,2,3,4995,12,46,6.73,115.9
2020-12-07,1,1,6,4,5009,61,66,6.77,115.9
2020-12-07,1,1,1,5,4835,35,5,6.88,115.9
2020-12-07,1,1,3,6,5067,47,56,6.77,115.9
2020-12-07,1,2,1,1,4821,60,33,6.82,14.6
2020-12-07,1,2,5,2,4890,66,7,6.89,14.6
2020-12-07,1,2,3,3,5051,44,54,6.84,14.6
2020-12-07,1,2,6,4,5048,46,45,6.84,14.6
2020-12-07,1,2,4,5,5114,6,6,6.82,14.6
2020-12-07,1,2,2,6,5044,39,17,6.86,14.6
2020-12-07,1,3,6,1,4643,58,47,6.84,31.2
2020-12-07,1,3,1,2,5035,10,38,6.77,31.2
2020-12-07,1,3,4,3,4903,8,57,6.85,31.2
2020-12-07,1,3,3,4,4958,33,43,6.83,31.2
2020-12-07,1,3,5,5,4876,4,49,6.84,31.2
2020-12-07,1,3,2,6,4948,63,21,6.9,31.2
2020-12-07,1,4,1,1,5036,28,55,6.9,76.6
2020-12-07,1,4,2,2,4980,36,4,6.9,76.6
2020-12-07,1,4,4,3,4991,27,13,6.94,76.6
2020-12-07,1,4,6,4,4685,31,63,6.89,76.6
2020-12-07,1,4,5,5,4888,11,20,6.82,76.6
2020-12-07,1,4,3,6,5104,65,65,6.78,76.6
2020-12-07,1,5,3,1,5015,13,52,6.81,13.2
2020-12-07,1,5,5,2,4851,2,2,6.84,13.2
2020-12-07,1,5,1,3,4954,59,24,6.83,13.2
2020-12-07,1,5,2,4,4871,5,34,6.78,13.2
2020-12-07,1,5,6,5,5073,1,26,6.86,13.2
2020-12-07,1,5,4,6,4946,3,25,6.78,13.2
2020-12-07,1,6,1,1,4933,9,51,6.82,4.8
2020-12-07,1,6,3,2,4983,29,44,6.86,4.8
2020-12-07,1,6,4,3,4772,41,23,6.9,4.8
2020-12-07,1,6,5,4,5005,30,60,6.82,4.8
2020-12-07,1,6,2,5,5009,61,66,6.81,4.8
2020-12-07,1,6,6,6,5143,64,27,6.86,4.8
2020-12-07,1,7,3,1,4932,43,36,6.84,17.2
2020-12-07,1,7,4,2,4739,62,64,6.86,17.2
2020-12-07,1,7,2,3,4886,38,30,6.8,17.2
2020-12-07,1,7,5,4,5044,39,17,6.78,17.2
2020-12-07,1,7,1,5,4840,25,12,6.73,17.2
2020-12-07,1,7,6,6,5033,7,48,6.87,17.2
2020-12-07,1,8,1,1,4713,45,18,6.75,3.3
2020-12-07,1,8,2,2,4931,37,9,6.81,3.3
2020-12-07,1,8,4,3,4960,32,53,6.87,3.3
2020-12-07,1,8,6,4,5114,6,6,6.9,3.3
2020-12-07,1,8,3,5,4855,34,35,6.78,3.3
2020-12-07,1,8,5,6,5067,47,56,6.86,3.3
2020-12-07,1,9,1,1,4910,40,19,6.74,15.3
2020-12-07,1,9,5,2,4959,26,37,6.81,15.3
2020-12-07,1,9,3,3,4821,60,33,6.79,15.3
2020-12-07,1,9,2,4,5015,13,52,6.86,15.3
2020-12-07,1,9,4,5,4948,63,21,6.88,15.3
2020-12-07,1,9,6,6,5104,65,65,6.88,15.3
2020-12-07,1,10,1,1,4983,29,44,6.83,17.0
2020-12-07,1,10,2,2,4643,58,47,6.78,17.0
2020-12-07,1,10,5,3,4995,12,46,6.76,17.0
2020-12-07,1,10,4,4,4888,11,20,6.84,17.0
2020-12-07,1,10,6,5,4871,5,34,6.81,17.0
2020-12-07,1,10,3,6,5048,46,45,6.87,17.0
2020-12-07,1,11,1,1,4739,62,64,6.81,7.9
2020-12-07,1,11,3,2,4933,9,51,6.89,7.9
2020-12-07,1,11,2,3,4960,32,53,6.82,7.9
2020-12-07,1,11,5,4,4835,35,5,6.93,7.9
2020-12-07,1,11,6,5,5051,44,54,6.8,7.9
2020-12-07,1,11,4,6,4980,36,4,6.87,7.9
2020-12-07,1,12,5,1,4910,40,19,6.79,145.0
2020-12-07,1,12,1,2,4772,41,23,6.85,145.0
2020-12-07,1,12,2,3,4713,45,18,6.87,145.0
2020-12-07,1,12,3,4,4685,31,63,6.9,145.0
2020-12-07,1,12,6,5,4932,43,36,6.81,145.0
2020-12-07,1,12,4,6,4851,2,2,6.81,145.0
2020-12-08,2,1,3,1,4903,8,57,6.82,21.1
2020-12-08,2,1,1,2,4991,27,13,6.79,21.1
2020-12-08,2,1,2,3,4855,34,35,6.69,21.1
2020-12-08,2,1,6,4,5037,24,16,6.83,21.1
2020-12-08,2,1,4,5,5073,1,26,6.8,21.1
2020-12-08,2,1,5,6,5114,6,6,6.8,21.1
2020-12-08,2,2,2,1,5035,10,38,6.81,107.7
2020-12-08,2,2,3,2,4954,59,3,6.82,107.7
2020-12-08,2,2,4,3,5033,7,48,6.81,107.7
2020-12-08,2,2,1,4,4946,3,25,6.72,107.7
2020-12-08,2,2,6,5,4840,25,12,6.77,107.7
2020-12-08,2,2,5,6,5143,64,27,6.84,107.7
2020-12-08,2,3,5,1,4643,58,47,6.81,25.3
2020-12-08,2,3,6,2,4910,40,19,6.76,25.3
2020-12-08,2,3,4,3,5048,46,45,6.82,25.3
2020-12-08,2,3,2,4,4958,33,43,6.89,25.3
2020-12-08,2,3,1,5,5067,47,56,6.79,25.3
2020-12-08,2,3,3,6,5036,28,55,6.86,25.3
2020-12-08,2,4,4,1,4821,60,33,6.76,108.3
2020-12-08,2,4,3,2,4960,32,53,6.84,108.3
2020-12-08,2,4,2,3,4876,4,49,6.86,108.3
2020-12-08,2,4,5,4,4932,43,36,6.84,108.3
2020-12-08,2,4,1,5,5005,30,60,6.76,108.3
2020-12-08,2,4,6,6,4948,63,21,6.84,108.3
2020-12-08,2,5,6,1,4888,11,20,6.77,1184.0
2020-12-08,2,5,2,2,4835,35,5,6.86,1184.0
2020-12-08,2,5,3,3,4772,41,23,6.83,1184.0
2020-12-08,2,5,5,4,4983,29,44,6.82,1184.0
2020-12-08,2,5,4,5,5044,39,17,6.73,1184.0
2020-12-08,2,5,1,6,4890,66,7,6.73,1184.0
2020-12-08,2,6,3,1,4886,38,30,6.79,65.6
2020-12-08,2,6,1,2,4931,37,9,6.76,65.6
2020-12-08,2,6,6,3,4995,12,46,6.75,65.6
2020-12-08,2,6,4,4,4685,31,63,6.82,65.6
2020-12-08,2,6,2,5,5051,44,54,6.77,65.6
2020-12-08,2,6,5,6,5104,65,65,6.87,65.6
2020-12-08,2,8,1,1,4932,43,36,6.71,5.6
2020-12-08,2,8,4,2,5015,13,52,6.81,5.6
2020-12-08,2,8,2,3,4933,9,51,6.75,5.6
2020-12-08,2,8,3,4,4871,5,34,6.81,5.6
2020-12-08,2,8,5,5,5037,24,16,6.9,5.6
2020-12-08,2,8,6,6,5143,64,27,6.84,5.6
2020-12-08,2,9,2,1,4739,62,64,6.86,19.2
2020-12-08,2,9,6,2,4713,45,18,6.8,19.2
2020-12-08,2,9,1,3,4959,26,37,6.75,19.2
2020-12-08,2,9,3,4,4890,66,7,6.84,19.2
2020-12-08,2,9,4,5,4876,4,49,6.82,19.2
2020-12-08,2,9,5,6,4840,25,12,6.74,19.2
2020-12-08,2,10,1,1,4960,32,53,6.66,18.1
2020-12-08,2,10,4,2,4886,38,30,6.78,18.1
2020-12-08,2,10,3,3,5035,10,38,6.77,18.1
2020-12-08,2,10,2,4,4772,41,23,6.77,18.1
2020-12-08,2,10,6,5,5036,28,55,6.89,18.1
2020-12-08,2,10,5,6,5073,1,26,6.81,18.1
2020-12-08,2,11,1,1,4685,31,63,6.76,141.0
2020-12-08,2,11,5,2,4954,59,3,6.79,141.0
2020-12-08,2,11,6,3,4903,8,57,6.85,141.0
2020-12-08,2,11,3,4,5005,30,60,6.77,141.0
2020-12-08,2,11,4,5,4643,58,47,6.77,141.0
2020-12-08,2,11,2,6,4888,11,20,6.73,141.0
2020-12-08,2,12,2,1,4959,26,37,6.77,112.7
2020-12-08,2,12,3,2,4931,37,9,6.76,112.7
2020-12-08,2,12,1,3,4851,2,2,6.81,112.7
2020-12-08,2,12,5,4,4991,27,13,6.76,112.7
2020-12-08,2,12,4,5,4983,29,44,6.7,112.7
2020-12-08,2,12,6,6,4958,33,43,6.81,112.7
2020-12-09,3,1,2,1,4821,60,33,6.85,42.4
2020-12-09,3,1,5,2,5051,44,54,6.79,42.4
2020-12-09,3,1,4,3,4835,35,5,6.98,42.4
2020-12-09,3,1,1,4,4871,5,34,6.83,42.4
2020-12-09,3,1,3,5,5044,39,17,6.82,42.4
2020-12-09,3,1,6,6,5104,65,65,6.79,42.4
2020-12-09,3,2,2,1,5037,24,16,6.85,70.1
2020-12-09,3,2,3,2,4840,25,12,6.79,70.1
2020-12-09,3,2,5,3,5048,46,45,6.71,70.1
2020-12-09,3,2,1,4,5009,61,66,6.85,70.1
2020-12-09,3,2,4,5,5067,47,56,6.77,70.1
2020-12-09,3,2,6,6,5035,10,38,6.81,70.1
2020-12-09,3,3,2,1,5005,30,60,6.83,264.0
2020-12-09,3,3,1,2,4876,4,49,6.78,264.0
2020-12-09,3,3,6,3,5033,7,48,6.89,264.0
2020-12-09,3,3,3,4,4980,36,4,6.93,264.0
2020-12-09,3,3,5,5,4931,37,9,6.81,264.0
2020-12-09,3,3,4,6,4958,33,43,6.78,264.0
2020-12-09,3,5,6,1,4933,9,51,6.87,256.4
2020-12-09,3,5,1,2,4948,63,21,6.78,256.4
2020-12-09,3,5,2,3,4890,66,7,6.83,256.4
2020-12-09,3,5,3,4,5104,65,65,6.79,256.4
2020-12-09,3,5,4,5,4954,59,3,6.77,256.4
2020-12-09,3,5,5,6,4772,41,23,6.83,256.4
2020-12-09,3,6,1,1,4888,11,20,6.81,156.3
2020-12-09,3,6,5,2,4871,5,34,6.78,156.3
2020-12-09,3,6,3,3,4739,62,64,6.87,156.3
2020-12-09,3,6,2,4,4903,8,57,6.81,156.3
2020-12-09,3,6,4,5,4959,26,37,6.79,156.3
2020-12-09,3,6,6,6,5143,64,27,6.8,156.3
2020-12-09,3,8,1,1,4886,38,30,6.82,
2020-12-09,3,8,2,2,4983,29,44,6.8,
2020-12-09,3,8,5,3,4821,60,33,6.86,
2020-12-09,3,8,4,4,4685,31,63,6.97,
2020-12-09,3,8,6,5,5005,30,60,6.83,
2020-12-09,3,8,3,6,5009,61,66,6.83,
2020-12-09,3,9,1,1,4643,58,47,6.86,
2020-12-09,3,9,2,2,4851,2,2,6.86,
2020-12-09,3,9,5,3,4933,9,51,6.92,
2020-12-09,3,9,6,4,4980,36,4,6.9,
2020-12-09,3,9,3,5,4991,27,13,6.95,
2020-12-09,3,9,4,6,5051,44,54,6.92,
2020-12-09,3,10,1,1,4713,45,18,6.74,
2020-12-09,3,10,3,2,4888,11,20,6.86,
2020-12-09,3,10,4,3,4931,37,9,6.9,
2020-12-09,3,10,5,4,4948,63,21,6.96,
2020-12-09,3,10,6,5,4835,35,5,6.93,
2020-12-09,3,10,2,6,5067,47,56,6.83,
2020-12-09,3,11,1,1,4772,41,23,6.78,
2020-12-09,3,11,2,2,5048,46,45,6.91,
2020-12-09,3,11,3,3,4959,26,37,6.89,
2020-12-09,3,11,6,4,5015,13,52,6.86,
2020-12-09,3,11,5,5,5033,7,48,6.85,
2020-12-09,3,11,4,6,5114,6,6,6.85,
2020-12-09,3,12,1,1,4739,62,64,6.88,
2020-12-09,3,12,2,2,4886,38,30,6.91,
2020-12-09,3,12,4,3,4932,43,36,6.88,
2020-12-09,3,12,6,4,4890,66,7,6.93,
2020-12-09,3,12,3,5,4995,12,46,6.81,
2020-12-09,3,12,5,6,5035,10,38,6.92,
2020-12-10,4,1,1,1,5051,44,54,6.73,8.1
2020-12-10,4,1,4,2,4890,66,7,6.78,8.1
2020-12-10,4,1,2,3,5005,30,60,6.84,8.1
2020-12-10,4,1,6,4,5114,6,6,6.83,8.1
2020-12-10,4,1,5,5,5143,64,27,6.82,8.1
2020-12-10,4,1,3,6,5048,46,45,6.9,8.1
2020-12-10,4,2,1,1,5037,24,16,6.84,7.2
2020-12-10,4,2,2,2,4954,59,3,6.85,7.2
2020-12-10,4,2,3,3,4871,5,34,6.83,7.2
2020-12-10,4,2,4,4,5035,10,38,6.83,7.2
2020-12-10,4,2,5,5,5104,65,65,6.83,7.2
2020-12-10,4,2,6,6,4991,27,13,6.86,7.2
2020-12-10,4,4,2,1,4685,31,63,6.78,13.3
2020-12-10,4,4,1,2,4958,33,43,6.76,13.3
2020-12-10,4,4,6,3,4821,60,33,6.81,13.3
2020-12-10,4,4,3,4,4835,35,5,6.97,13.3
2020-12-10,4,4,5,5,4980,36,4,6.86,13.3
2020-12-10,4,4,4,6,4840,25,12,6.86,13.3
2020-12-10,4,5,2,1,5015,13,52,6.81,63.7
2020-12-10,4,5,6,2,4739,62,64,6.87,63.7
2020-12-10,4,5,5,3,5005,30,60,6.85,63.7
2020-12-10,4,5,3,4,4948,63,21,6.81,63.7
2020-12-10,4,5,4,5,5036,28,55,6.83,63.7
2020-12-10,4,5,1,6,4903,8,57,6.82,63.7
2020-12-10,4,6,3,1,4713,45,18,6.87,11.7
2020-12-10,4,6,1,2,4931,37,9,6.78,11.7
2020-12-10,4,6,4,3,4886,38,30,6.81,11.7
2020-12-10,4,6,2,4,4991,27,13,6.8,11.7
2020-12-10,4,6,5,5,5009,61,66,6.92,11.7
2020-12-10,4,6,6,6,5143,64,27,6.9,11.7
2020-12-10,4,7,6,1,4932,43,36,6.85,831.1
2020-12-10,4,7,3,2,5037,24,16,6.84,831.1
2020-12-10,4,7,1,3,5048,46,45,6.88,831.1
2020-12-10,4,7,5,4,4995,12,46,6.73,831.1
2020-12-10,4,7,2,5,4983,29,44,6.78,831.1
2020-12-10,4,7,4,6,4933,9,51,6.9,831.1
2020-12-10,4,8,1,1,4643,58,47,6.82,11.2
2020-12-10,4,8,2,2,4888,11,20,6.85,11.2
2020-12-10,4,8,3,3,5035,10,38,6.9,11.2
2020-12-10,4,8,4,4,4851,2,2,6.91,11.2
2020-12-10,4,8,5,5,4958,33,43,6.85,11.2
2020-12-10,4,8,6,6,5073,1,26,6.81,11.2
2020-12-10,4,9,1,1,5015,13,52,6.81,9.2
2020-12-10,4,9,2,2,4840,25,12,6.87,9.2
2020-12-10,4,9,3,3,4772,41,23,6.9,9.2
2020-12-10,4,9,4,4,4871,5,34,6.91,9.2
2020-12-10,4,9,5,5,4855,34,31,6.91,9.2
2020-12-10,4,9,6,6,5067,47,56,6.87,9.2
2020-12-10,4,10,5,1,4903,8,57,6.93,1115.8
2020-12-10,4,10,6,2,4954,59,3,6.91,1115.8
2020-12-10,4,10,1,3,4685,31,63,6.8,1115.8
2020-12-10,4,10,4,4,4931,37,9,6.9,1115.8
2020-12-10,4,10,2,5,4959,26,41,6.8,1115.8
2020-12-10,4,10,3,6,4890,66,7,6.89,1115.8
2020-12-10,4,11,1,1,4933,9,51,6.86,8.6
2020-12-10,4,11,2,2,4980,36,4,6.81,8.6
2020-12-10,4,11,3,3,4739,62,64,6.86,8.6
2020-12-10,4,11,6,4,4886,38,30,6.79,8.6
2020-12-10,4,11,5,5,5033,7,48,6.87,8.6
2020-12-10,4,11,4,6,5114,6,6,6.86,8.6
2020-12-10,4,12,1,1,4851,2,2,6.79,10.7
2020-12-10,4,12,4,2,4713,45,18,6.91,10.7
2020-12-10,4,12,3,3,4983,29,44,6.87,10.7
2020-12-10,4,12,2,4,4821,60,33,6.79,10.7
2020-12-10,4,12,6,5,4876,4,49,6.86,10.7
2020-12-10,4,12,5,6,5036,28,55,6.99,10.7
2020-12-11,5,1,1,1,5035,10,38,6.92,69.2
2020-12-11,5,1,2,2,5067,47,56,6.81,69.2
2020-12-11,5,1,6,3,4871,5,34,6.87,69.2
2020-12-11,5,1,3,4,4948,63,21,6.86,69.2
2020-12-11,5,1,4,5,5051,44,54,6.79,69.2
2020-12-11,5,1,5,6,5036,28,55,6.87,69.2
2020-12-11,5,2,4,1,5009,61,66,6.82,386.6
2020-12-11,5,2,5,2,4894,49,10,6.77,386.6
2020-12-11,5,2,2,3,5049,50,58,6.81,386.6
2020-12-11,5,2,1,4,4835,35,5,6.82,386.6
2020-12-11,5,2,3,5,4980,36,4,6.88,386.6
2020-12-11,5,2,6,6,5073,1,26,6.88,386.6
2020-12-11,5,3,2,1,4903,8,57,6.78,31.7
2020-12-11,5,3,6,2,4713,45,18,6.82,31.7
2020-12-11,5,3,4,3,5033,7,48,6.86,31.7
2020-12-11,5,3,3,4,4991,27,13,6.88,31.7
2020-12-11,5,3,1,5,4840,25,12,6.82,31.7
2020-12-11,5,3,5,6,4855,34,31,6.88,31.7
2020-12-11,5,4,1,1,4983,29,44,6.77,15.0
2020-12-11,5,4,2,2,4995,12,46,6.76,15.0
2020-12-11,5,4,3,3,5005,30,60,6.76,15.0
2020-12-11,5,4,4,4,4954,59,3,6.81,15.0
2020-12-11,5,4,6,5,4643,58,47,6.87,15.0
2020-12-11,5,4,5,6,5143,64,27,6.93,15.0
2020-12-11,5,5,1,1,4886,38,30,6.8,7.3
2020-12-11,5,5,3,2,4851,2,2,6.82,7.3
2020-12-11,5,5,4,3,5037,24,16,6.9,7.3
2020-12-11,5,5,5,4,4821,60,33,6.86,7.3
2020-12-11,5,5,2,5,4890,66,29,6.8,7.3
2020-12-11,5,5,6,6,5114,6,6,6.82,7.3
2020-12-11,5,6,2,1,4876,4,49,6.92,189.3
2020-12-11,5,6,3,2,4931,37,9,6.87,189.3
2020-12-11,5,6,1,3,5015,13,52,6.95,189.3
2020-12-11,5,6,5,4,5048,46,45,6.85,189.3
2020-12-11,5,6,6,5,5104,65,65,6.84,189.3
2020-12-11,5,6,4,6,4739,62,64,6.85,189.3
2020-12-11,5,7,3,1,4772,41,23,6.87,28.6
2020-12-11,5,7,6,2,4932,43,36,6.86,28.6
2020-12-11,5,7,1,3,4888,11,20,6.71,28.6
2020-12-11,5,7,4,4,4835,35,5,6.88,28.6
2020-12-11,5,7,2,5,4958,33,43,6.82,28.6
2020-12-11,5,7,5,6,5067,47,56,6.88,28.6
2020-12-11,5,8,1,1,4685,31,63,6.9,14.3
2020-12-11,5,8,3,2,5051,44,54,6.82,14.3
2020-12-11,5,8,2,3,4933,9,51,6.89,14.3
2020-12-11,5,8,4,4,4959,26,41,6.82,14.3
2020-12-11,5,8,5,5,5049,50,58,6.86,14.3
2020-12-11,5,8,6,6,5143,64,27,6.86,14.3
2020-12-11,5,10,4,1,4931,37,9,6.84,50.4
2020-12-11,5,10,1,2,4739,62,64,6.92,50.4
2020-12-11,5,10,2,3,4821,60,33,6.87,50.4
2020-12-11,5,10,3,4,5037,24,16,6.94,50.4
2020-12-11,5,10,5,5,4903,8,57,7.0,50.4
2020-12-11,5,10,6,6,5035,10,38,6.86,50.4
2020-12-11,5,11,5,1,4888,11,20,6.86,1154.2
2020-12-11,5,11,3,2,4933,9,51,6.9,1154.2
2020-12-11,5,11,6,3,4685,31,63,6.88,1154.2
2020-12-11,5,11,1,4,4643,58,47,6.73,1154.2
2020-12-11,5,11,2,5,5015,13,52,6.78,1154.2
2020-12-11,5,11,4,6,4772,41,23,6.86,1154.2
2020-12-11,5,12,1,1,4959,26,41,6.81,11.0
2020-12-11,5,12,2,2,4894,49,10,6.87,11.0
2020-12-11,5,12,3,3,4890,66,29,6.88,11.0
2020-12-11,5,12,6,4,4948,63,21,6.86,11.0
2020-12-11,5,12,5,5,4876,4,49,6.92,11.0
2020-12-11,5,12,4,6,4991,27,13,6.89,11.0
2020-12-12,6,1,4,1,5036,28,8,6.87,126.6
2020-12-12,6,1,2,2,5005,30,60,6.72,126.6
2020-12-12,6,1,3,3,5049,50,58,6.67,126.6
2020-12-12,6,1,6,4,5114,6,6,6.78,126.6
2020-12-12,6,1,1,5,5035,10,38,6.81,126.6
2020-12-12,6,1,5,6,5104,65,65,6.84,126.6
2020-12-12,6,2,2,1,4894,49,10,6.74,27.7
2020-12-12,6,2,1,2,4948,63,21,6.74,27.7
2020-12-12,6,2,3,3,4958,33,43,6.85,27.7
2020-12-12,6,2,4,4,4980,36,4,6.78,27.7
2020-12-12,6,2,6,5,5143,64,27,6.86,27.7
2020-12-12,6,2,5,6,5073,1,26,6.81,27.7
2020-12-12,6,3,1,1,5051,44,54,6.73,15.0
2020-12-12,6,3,2,2,5009,61,66,6.83,15.0
2020-12-12,6,3,4,3,5033,7,48,6.87,15.0
2020-12-12,6,3,5,4,4995,12,46,6.73,15.0
2020-12-12,6,3,6,5,4835,35,5,6.88,15.0
2020-12-12,6,3,3,6,4840,25,12,6.84,15.0
2020-12-12,6,4,4,1,5067,47,56,6.79,73.8
2020-12-12,6,4,6,2,4886,38,30,6.85,73.8
2020-12-12,6,4,1,3,4903,8,57,6.82,73.8
2020-12-12,6,4,5,4,4890,66,29,6.86,73.8
2020-12-12,6,4,2,5,4855,34,31,6.84,73.8
2020-12-12,6,4,3,6,5048,46,45,6.91,73.8
2020-12-12,6,5,1,1,5037,24,16,6.8,12.5
2020-12-12,6,5,2,2,4954,59,3,6.76,12.5
2020-12-12,6,5,4,3,4991,27,13,6.85,12.5
2020-12-12,6,5,3,4,4871,5,34,6.74,12.5
2020-12-12,6,5,6,5,4959,26,41,6.82,12.5
2020-12-12,6,5,5,6,5114,6,6,6.79,12.5
2020-12-12,6,7,1,1,4772,41,23,6.78,95.6
2020-12-12,6,7,5,2,5009,61,66,6.86,95.6
2020-12-12,6,7,3,3,4876,4,49,6.75,95.6
2020-12-12,6,7,2,4,5049,50,58,6.75,95.6
2020-12-12,6,7,6,5,4932,43,36,6.85,95.6
2020-12-12,6,7,4,6,4995,12,46,6.69,95.6
2020-12-12,6,8,4,1,4643,58,47,6.75,45.9
2020-12-12,6,8,5,2,4980,36,4,6.76,45.9
2020-12-12,6,8,1,3,4983,29,44,6.76,45.9
2020-12-12,6,8,2,4,4886,38,30,6.76,45.9
2020-12-12,6,8,3,5,4855,34,31,6.8,45.9
2020-12-12,6,8,6,6,5104,65,65,6.72,45.9
2020-12-12,6,9,3,1,4894,49,10,6.66,53.4
2020-12-12,6,9,1,2,4871,5,34,6.7,53.4
2020-12-12,6,9,5,3,5005,30,60,6.78,53.4
2020-12-12,6,9,4,4,4959,26,41,6.72,53.4
2020-12-12,6,9,2,5,5048,46,45,6.77,53.4
2020-12-12,6,9,6,6,4840,25,12,6.78,53.4
2020-12-12,6,10,1,1,4821,60,33,6.72,17.3
2020-12-12,6,10,5,2,4772,41,23,6.87,17.3
2020-12-12,6,10,3,3,5037,24,16,6.79,17.3
2020-12-12,6,10,4,4,5015,13,52,6.81,17.3
2020-12-12,6,10,6,5,5051,44,54,6.75,17.3
2020-12-12,6,10,2,6,5033,7,48,6.74,17.3
2020-12-12,6,11,1,1,4685,31,63,6.74,4.1
2020-12-12,6,11,2,2,4643,58,47,6.85,4.1
2020-12-12,6,11,3,3,4983,29,44,6.86,4.1
2020-12-12,6,11,4,4,4954,59,3,6.8,4.1
2020-12-12,6,11,5,5,4903,8,57,6.94,4.1
2020-12-12,6,11,6,6,5035,10,38,6.84,4.1
2020-12-12,6,12,1,1,4713,45,18,6.74,51.7
2020-12-12,6,12,5,2,4933,9,51,6.9,51.7
2020-12-12,6,12,6,3,4851,2,2,6.76,51.7
2020-12-12,6,12,4,4,4739,62,64,6.86,51.7
2020-12-12,6,12,2,5,4931,37,9,6.77,51.7
2020-12-12,6,12,3,6,4888,11,20,6.75,51.7
2020-12-14,1,1,1,1,3246,64,24,6.8,70.2
2020-12-14,1,1,2,2,4212,62,26,6.73,70.2
2020-12-14,1,1,6,3,3975,22,50,6.69,70.2
2020-12-14,1,1,3,4,4424,40,29,6.71,70.2
2020-12-14,1,1,4,5,3866,34,60,6.83,70.2
2020-12-14,1,1,5,6,5172,63,9,6.83,70.2
2020-12-14,1,3,4,1,4545,57,57,6.69,62.0
2020-12-14,1,3,2,2,3300,14,65,6.71,62.0
2020-12-14,1,3,6,3,3722,53,36,6.74,62.0
2020-12-14,1,3,5,4,4656,25,30,6.78,62.0
2020-12-14,1,3,3,5,3832,21,5,6.73,62.0
2020-12-14,1,3,1,6,4097,18,18,6.74,62.0
2020-12-14,1,4,1,1,3424,52,10,6.67,43.0
2020-12-14,1,4,2,2,4332,61,49,6.73,43.0
2020-12-14,1,4,3,3,3233,32,4,6.82,43.0
2020-12-14,1,4,4,4,4259,26,23,6.75,43.0
2020-12-14,1,4,5,5,3514,2,7,6.81,43.0
2020-12-14,1,4,6,6,5145,16,12,6.77,43.0
2020-12-14,1,5,1,1,4054,29,31,6.69,58.3
2020-12-14,1,5,3,2,4241,19,1,6.81,58.3
2020-12-14,1,5,2,3,3581,30,21,6.74,58.3
2020-12-14,1,5,4,4,4172,15,51,6.8,58.3
2020-12-14,1,5,5,5,3892,59,53,6.71,58.3
2020-12-14,1,5,6,6,3928,55,27,6.83,58.3
2020-12-14,1,6,3,1,4544,33,46,6.68,52.3
2020-12-14,1,6,4,2,3543,31,54,6.71,52.3
2020-12-14,1,6,6,3,3866,34,60,6.78,52.3
2020-12-14,1,6,5,4,4674,27,66,6.77,52.3
2020-12-14,1,6,1,5,3527,49,13,6.69,52.3
2020-12-14,1,6,2,6,5016,56,34,6.66,52.3
2020-12-14,1,7,1,1,3300,14,65,6.68,6.6
2020-12-14,1,7,4,2,4193,51,52,6.69,6.6
2020-12-14,1,7,2,3,3333,60,33,6.68,6.6
2020-12-14,1,7,6,4,5084,66,37,6.78,6.6
2020-12-14,1,7,5,5,5083,58,43,6.76,6.6
2020-12-14,1,7,3,6,3246,64,24,6.77,6.6
2020-12-14,1,9,2,1,3458,24,64,6.68,17.7
2020-12-14,1,9,1,2,4259,26,23,6.72,17.7
2020-12-14,1,9,3,3,4757,1,44,6.81,17.7
2020-12-14,1,9,5,4,4533,17,41,6.78,17.7
2020-12-14,1,9,4,5,3928,55,27,6.81,17.7
2020-12-14,1,9,6,6,5172,63,9,6.74,17.7
2020-12-14,1,10,1,1,3514,2,7,6.7,7.5
2020-12-14,1,10,3,2,3527,49,13,6.76,7.5
2020-12-14,1,10,2,3,3975,22,50,6.72,7.5
2020-12-14,1,10,5,4,3581,30,21,6.82,7.5
2020-12-14,1,10,6,5,3459,23,25,6.74,7.5
2020-12-14,1,10,4,6,4656,25,30,6.75,7.5
2020-12-14,1,11,4,1,4424,40,29,6.79,58.4
2020-12-14,1,11,1,2,4193,51,52,6.65,58.4
2020-12-14,1,11,2,3,3892,59,53,6.73,58.4
2020-12-14,1,11,3,4,3543,31,54,6.86,58.4
2020-12-14,1,11,6,5,3906,65,22,6.88,58.4
2020-12-14,1,11,5,6,3233,32,4,6.93,58.4
2020-12-14,1,12,1,1,4757,1,44,6.85,15.0
2020-12-14,1,12,3,2,3333,60,33,6.77,15.0
2020-12-14,1,12,4,3,4544,33,46,6.72,15.0
2020-12-14,1,12,5,4,4172,15,51,6.79,15.0
2020-12-14,1,12,2,5,3933,48,17,6.68,15.0
2020-12-14,1,12,6,6,4545,57,57,6.74,15.0
2020-12-15,2,2,1,1,3722,53,36,6.76,52.5
2020-12-15,2,2,4,2,3424,52,10,6.79,52.5
2020-12-15,2,2,5,3,5084,66,37,6.71,52.5
2020-12-15,2,2,3,4,3660,20,45,6.75,52.5
2020-12-15,2,2,6,5,5161,28,14,6.8,52.5
2020-12-15,2,2,2,6,4241,19,1,6.65,52.5
2020-12-15,2,3,5,1,3933,48,17,6.73,24.4
2020-12-15,2,3,3,2,4553,54,8,6.78,24.4
2020-12-15,2,3,2,3,4424,40,29,6.63,24.4
2020-12-15,2,3,1,4,3459,23,25,6.67,24.4
2020-12-15,2,3,4,5,4097,18,18,6.81,24.4
2020-12-15,2,3,6,6,3246,64,24,6.77,24.4
2020-12-15,2,4,5,1,3333,60,33,6.8,215.1
2020-12-15,2,4,4,2,4212,62,26,6.81,215.1
2020-12-15,2,4,1,3,3928,55,27,6.84,215.1
2020-12-15,2,4,6,4,3300,14,65,6.79,215.1
2020-12-15,2,4,3,5,4054,29,31,6.79,215.1
2020-12-15,2,4,2,6,3832,21,5,6.88,215.1
2020-12-15,2,6,2,1,4545,57,57,6.71,7.8
2020-12-15,2,6,1,2,3975,22,50,6.69,7.8
2020-12-15,2,6,4,3,4757,1,44,6.77,7.8
2020-12-15,2,6,3,4,4533,17,41,6.74,7.8
2020-12-15,2,6,6,5,3660,20,45,6.69,7.8
2020-12-15,2,6,5,6,5145,16,12,6.73,7.8
2020-12-15,2,7,1,1,3543,31,54,6.71,4.8
2020-12-15,2,7,2,2,4544,33,46,6.68,4.8
2020-12-15,2,7,3,3,3933,48,17,6.62,4.8
2020-12-15,2,7,4,4,4332,61,49,6.81,4.8
2020-12-15,2,7,5,5,4241,19,1,6.73,4.8
2020-12-15,2,7,6,6,5172,63,9,6.83,4.8
2020-12-15,2,8,1,1,4172,15,51,6.74,14.0
2020-12-15,2,8,3,2,3722,53,36,6.68,14.0
2020-12-15,2,8,2,3,3233,32,4,6.72,14.0
2020-12-15,2,8,4,4,3892,59,53,6.64,14.0
2020-12-15,2,8,6,5,4097,18,18,6.8,14.0
2020-12-15,2,8,5,6,4212,62,26,6.78,14.0
2020-12-15,2,9,1,1,3333,60,33,6.69,14.4
2020-12-15,2,9,4,2,3581,30,21,6.83,14.4
2020-12-15,2,9,3,3,4193,51,52,6.73,14.4
2020-12-15,2,9,6,4,3424,52,10,6.81,14.4
2020-12-15,2,9,5,5,5016,56,34,6.91,14.4
2020-12-15,2,9,2,6,4574,50,38,6.78,14.4
2020-12-15,2,10,1,1,4545,57,57,6.74,9.1
2020-12-15,2,10,3,2,3458,24,64,6.78,9.1
2020-12-15,2,10,4,3,5084,66,37,6.79,9.1
2020-12-15,2,10,2,4,4674,27,66,6.78,9.1
2020-12-15,2,10,5,5,4553,54,8,6.75,9.1
2020-12-15,2,10,6,6,4054,29,31,6.74,9.1
2020-12-15,2,11,5,1,4757,1,44,6.93,341.0
2020-12-15,2,11,4,2,3300,14,65,6.79,341.0
2020-12-15,2,11,2,3,3543,31,54,6.82,341.0
2020-12-15,2,11,3,4,3514,2,7,6.84,341.0
2020-12-15,2,11,1,5,4424,40,29,6.68,341.0
2020-12-15,2,11,6,6,4259,26,23,6.88,341.0
2020-12-15,2,12,1,1,4544,33,46,6.67,9.9
2020-12-15,2,12,2,2,4172,15,51,6.74,9.9
2020-12-15,2,12,6,3,4193,51,52,6.73,9.9
2020-12-15,2,12,4,4,3527,49,13,6.8,9.9
2020-12-15,2,12,3,5,3975,22,50,6.75,9.9
2020-12-15,2,12,5,6,3832,21,5,6.86,9.9
2020-12-16,3,1,4,1,4193,51,52,6.76,21.0
2020-12-16,3,1,5,2,3660,20,45,6.75,21.0
2020-12-16,3,1,1,3,4674,27,66,6.81,21.0
2020-12-16,3,1,2,4,3459,23,25,6.8,21.0
2020-12-16,3,1,3,5,3424,52,10,6.81,21.0
2020-12-16,3,1,6,6,5145,16,12,6.88,21.0
2020-12-16,3,2,1,1,4332,61,49,6.75,11.8
2020-12-16,3,2,3,2,4097,18,18,6.79,11.8
2020-12-16,3,2,2,3,3928,55,27,6.78,11.8
2020-12-16,3,2,6,4,5016,56,34,6.73,11.8
2020-12-16,3,2,4,5,5083,58,43,6.81,11.8
2020-12-16,3,2,5,6,5172,63,9,6.73,11.8
2020-12-16,3,3,1,1,4533,17,41,6.68,33.6
2020-12-16,3,3,4,2,3543,31,54,6.83,33.6
2020-12-16,3,3,3,3,3892,59,53,6.78,33.6
2020-12-16,3,3,6,4,5084,66,37,6.78,33.6
2020-12-16,3,3,2,5,3866,34,60,6.83,33.6
2020-12-16,3,3,5,6,4545,57,57,6.83,33.6
2020-12-16,3,4,5,1,3933,48,17,6.68,139.9
2020-12-16,3,4,6,2,3514,2,7,6.71,139.9
2020-12-16,3,4,4,3,3722,53,36,6.66,139.9
2020-12-16,3,4,1,4,4241,19,1,6.77,139.9
2020-12-16,3,4,3,5,3300,14,65,6.7,139.9
2020-12-16,3,4,2,6,3246,64,24,6.78,139.9
2020-12-16,3,5,2,1,3975,22,50,6.7,59.3
2020-12-16,3,5,5,2,4544,33,46,6.79,59.3
2020-12-16,3,5,3,3,4656,25,30,6.74,59.3
2020-12-16,3,5,6,4,3333,60,33,6.71,59.3
2020-12-16,3,5,1,5,4212,62,26,6.69,59.3
2020-12-16,3,5,4,6,3660,20,45,6.69,59.3
2020-12-16,3,6,4,1,4757,1,44,6.88,22.4
2020-12-16,3,6,2,2,4424,40,29,6.63,22.4
2020-12-16,3,6,1,3,4553,54,8,6.67,22.4
2020-12-16,3,6,5,4,4054,29,31,6.78,22.4
2020-12-16,3,6,3,5,5016,56,34,6.73,22.4
2020-12-16,3,6,6,6,5161,28,14,6.87,22.4
2020-12-16,3,7,5,1,3527,49,13,6.75,133.6
2020-12-16,3,7,2,2,4172,15,51,6.74,133.6
2020-12-16,3,7,1,3,3581,30,21,6.65,133.6
2020-12-16,3,7,3,4,4332,61,49,6.72,133.6
2020-12-16,3,7,6,5,3906,65,22,6.73,133.6
2020-12-16,3,7,4,6,3233,32,4,6.76,133.6
2020-12-16,3,8,1,1,3892,59,53,6.67,198.4
2020-12-16,3,8,2,2,3514,2,7,6.72,198.4
2020-12-16,3,8,6,3,5172,63,9,6.8,198.4
2020-12-16,3,8,3,4,4241,19,1,6.78,198.4
2020-12-16,3,8,4,5,3458,24,64,6.8,198.4
2020-12-16,3,8,5,6,3459,23,25,6.8,198.4
2020-12-16,3,9,1,1,4545,57,57,6.62,4.5
2020-12-16,3,9,2,2,4544,33,46,6.72,4.5
2020-12-16,3,9,3,3,4193,51,52,6.77,4.5
2020-12-16,3,9,4,4,3300,14,65,6.76,4.5
2020-12-16,3,9,6,5,4553,54,8,6.83,4.5
2020-12-16,3,9,5,6,3866,34,60,6.84,4.5
2020-12-16,3,10,1,1,3333,60,33,6.76,16.1
2020-12-16,3,10,2,2,4757,1,44,6.91,16.1
2020-12-16,3,10,4,3,3424,52,10,6.82,16.1
2020-12-16,3,10,5,4,3975,22,50,6.77,16.1
2020-12-16,3,10,6,5,3581,30,21,6.76,16.1
2020-12-16,3,10,3,6,3543,31,54,6.77,16.1
2020-12-16,3,11,1,1,3458,24,64,6.73,8.2
2020-12-16,3,11,2,2,3933,48,17,6.63,8.2
2020-12-16,3,11,5,3,4172,15,51,6.72,8.2
2020-12-16,3,11,3,4,3722,53,36,6.62,8.2
2020-12-16,3,11,4,5,4424,40,29,6.64,8.2
2020-12-16,3,11,6,6,4212,62,26,6.74,8.2
2020-12-16,3,12,2,1,3527,49,13,6.84,207.7
2020-12-16,3,12,5,2,3928,55,27,6.8,207.7
2020-12-16,3,12,4,3,4533,17,41,6.78,207.7
2020-12-16,3,12,3,4,3246,64,24,6.8,207.7
2020-12-16,3,12,1,5,3233,32,4,6.77,207.7
2020-12-16,3,12,6,6,4656,25,30,6.74,207.7
2020-12-17,4,1,1,1,3866,34,60,6.81,12.6
2020-12-17,4,1,3,2,4332,61,49,6.68,12.6
2020-12-17,4,1,4,3,4331,36,59,6.78,12.6
2020-12-17,4,1,2,4,4054,29,31,6.81,12.6
2020-12-17,4,1,6,5,4241,19,1,6.8,12.6
2020-12-17,4,1,5,6,5161,28,14,6.85,12.6
2020-12-17,4,2,1,1,4656,25,30,6.66,8.4
2020-12-17,4,2,3,2,3928,55,27,6.8,8.4
2020-12-17,4,2,4,3,3660,20,45,6.74,8.4
2020-12-17,4,2,2,4,4097,18,18,6.68,8.4
2020-12-17,4,2,5,5,5145,16,12,6.82,8.4
2020-12-17,4,2,6,6,5083,58,43,6.84,8.4
2020-12-17,4,3,1,1,5016,56,34,6.68,21.6
2020-12-17,4,3,4,2,4533,17,41,6.69,21.6
2020-12-17,4,3,3,3,3527,49,13,6.7,21.6
2020-12-17,4,3,2,4,3459,23,25,6.79,21.6
2020-12-17,4,3,6,5,4674,27,66,6.77,21.6
2020-12-17,4,3,5,6,3722,53,36,6.74,21.6
2020-12-17,4,4,2,1,3300,14,65,6.69,212.0
2020-12-17,4,4,6,2,3906,65,22,6.74,212.0
2020-12-17,4,4,4,3,5084,66,37,6.75,212.0
2020-12-17,4,4,5,4,3424,52,10,6.76,212.0
2020-12-17,4,4,3,5,3892,59,53,6.69,212.0
2020-12-17,4,4,1,6,4212,62,26,6.7,212.0
2020-12-17,4,5,1,1,3581,30,21,6.86,24.5
2020-12-17,4,5,4,2,4054,29,31,6.79,24.5
2020-12-17,4,5,5,3,3233,32,4,6.86,24.5
2020-12-17,4,5,3,4,4331,36,59,6.77,24.5
2020-12-17,4,5,2,5,3246,64,24,6.82,24.5
2020-12-17,4,5,6,6,5172,63,9,6.83,24.5
2020-12-17,4,6,1,1,3543,31,54,6.85,24.8
2020-12-17,4,6,3,2,4424,40,29,6.75,24.8
2020-12-17,4,6,5,3,4097,18,18,6.81,24.8
2020-12-17,4,6,2,4,3660,20,45,6.72,24.8
2020-12-17,4,6,4,5,3514,2,7,6.78,24.8
2020-12-17,4,6,6,6,5161,28,14,6.89,24.8
2020-12-17,4,7,1,1,4172,15,51,6.75,73.4
2020-12-17,4,7,6,2,4332,61,49,6.74,73.4
2020-12-17,4,7,2,3,4553,54,8,6.7,73.4
2020-12-17,4,7,3,4,4656,25,30,6.74,73.4
2020-12-17,4,7,5,5,3459,23,25,6.67,73.4
2020-12-17,4,7,4,6,5016,56,34,6.77,73.4
2020-12-17,4,8,1,1,3975,22,50,6.64,8.9
2020-12-17,4,8,4,2,3527,49,13,6.77,8.9
2020-12-17,4,8,2,3,4193,51,52,6.74,8.9
2020-12-17,4,8,5,4,5084,66,37,6.75,8.9
2020-12-17,4,8,3,5,4241,19,1,6.7,8.9
2020-12-17,4,8,6,6,5145,16,12,6.63,8.9
2020-12-17,4,9,1,1,3514,2,7,6.69,9.4
2020-12-17,4,9,2,2,3233,32,4,6.72,9.4
2020-12-17,4,9,3,3,4674,27,66,6.78,9.4
2020-12-17,4,9,4,4,3892,59,53,6.71,9.4
2020-12-17,4,9,6,5,4533,17,41,6.67,9.4
2020-12-17,4,9,5,6,5083,58,43,6.77,9.4
2020-12-17,4,10,1,1,3424,52,10,6.77,25.9
2020-12-17,4,10,3,2,3300,14,65,6.76,25.9
2020-12-17,4,10,4,3,4424,40,29,6.68,25.9
2020-12-17,4,10,2,4,4172,15,51,6.76,25.9
2020-12-17,4,10,5,5,3543,31,54,6.88,25.9
2020-12-17,4,10,6,6,3866,34,60,6.79,25.9
2020-12-17,4,11,1,1,4193,51,52,6.7,6.8
2020-12-17,4,11,4,2,4553,54,8,6.74,6.8
2020-12-17,4,11,3,3,3975,22,50,6.72,6.8
2020-12-17,4,11,2,4,3722,53,36,6.74,6.8
2020-12-17,4,11,5,5,3581,30,21,6.76,6.8
2020-12-17,4,11,6,6,4212,62,26,6.76,6.8
2020-12-17,4,12,4,1,4544,33,46,6.7,141.0
2020-12-17,4,12,6,2,3933,48,17,6.68,141.0
2020-12-17,4,12,3,3,4545,57,57,6.75,141.0
2020-12-17,4,12,5,4,4757,1,44,6.89,141.0
2020-12-17,4,12,1,5,3458,24,64,6.83,141.0
2020-12-17,4,12,2,6,3333,60,33,6.79,141.0
2020-12-22,1,1,3,1,4506,50,27,6.85,24.7
2020-12-22,1,1,1,2,4633,44,58,6.84,24.7
2020-12-22,1,1,6,3,4526,58,50,6.79,24.7
2020-12-22,1,1,5,4,3910,20,31,6.82,24.7
2020-12-22,1,1,2,5,3777,5,7,6.77,24.7
2020-12-22,1,1,4,6,4380,56,63,6.83,24.7
2020-12-22,1,2,1,1,3254,22,52,6.78,32.3
2020-12-22,1,2,5,2,4473,18,45,6.81,32.3
2020-12-22,1,2,2,3,4770,4,18,6.79,32.3
2020-12-22,1,2,4,4,4940,47,62,6.84,32.3
2020-12-22,1,2,3,5,3802,6,55,6.73,32.3
2020-12-22,1,2,6,6,5108,37,15,6.88,32.3
2020-12-22,1,3,1,1,3712,43,41,6.75,21.2
2020-12-22,1,3,2,2,4930,24,13,6.76,21.2
2020-12-22,1,3,6,3,3811,21,20,6.83,21.2
2020-12-22,1,3,4,4,4389,55,14,6.78,21.2
2020-12-22,1,3,5,5,3726,14,1,6.76,21.2
2020-12-22,1,3,3,6,3843,38,39,6.8,21.2
2020-12-22,1,4,2,1,4479,3,53,6.84,24.7
2020-12-22,1,4,4,2,4819,8,23,6.87,24.7
2020-12-22,1,4,3,3,3509,16,46,6.8,24.7
2020-12-22,1,4,6,4,3693,10,9,6.83,24.7
2020-12-22,1,4,1,5,4997,26,11,6.79,24.7
2020-12-22,1,4,5,6,5116,40,38,6.84,24.7
2020-12-22,1,5,1,1,4100,9,8,6.77,7.4
2020-12-22,1,5,4,2,4808,7,61,6.8,7.4
2020-12-22,1,5,2,3,3519,54,37,6.86,7.4
2020-12-22,1,5,3,4,3910,20,31,6.82,7.4
2020-12-22,1,5,5,5,4272,19,66,6.83,7.4
2020-12-22,1,5,6,6,4380,56,63,6.81,7.4
2020-12-22,1,6,6,1,3871,51,25,6.81,76.4
2020-12-22,1,6,1,2,5056,59,57,6.73,76.4
2020-12-22,1,6,4,3,4845,23,59,6.75,76.4
2020-12-22,1,6,2,4,3802,6,55,6.76,76.4
2020-12-22,1,6,3,5,4987,12,24,6.8,76.4
2020-12-22,1,6,5,6,4940,47,62,6.85,76.4
2020-12-22,1,7,1,1,4472,13,6,6.8,24.1
2020-12-22,1,7,4,2,3478,35,33,6.92,24.1
2020-12-22,1,7,2,3,3726,14,1,6.8,24.1
2020-12-22,1,7,3,4,3696,53,2,6.81,24.1
2020-12-22,1,7,6,5,3777,5,7,6.81,24.1
2020-12-22,1,7,5,6,3712,43,41,6.88,24.1
2020-12-22,1,8,1,1,4642,48,40,6.73,6.9
2020-12-22,1,8,2,2,3280,15,64,6.71,6.9
2020-12-22,1,8,4,3,4770,4,18,6.85,6.9
2020-12-22,1,8,6,4,5116,40,38,6.76,6.9
2020-12-22,1,8,3,5,4275,25,22,6.81,6.9
2020-12-22,1,8,5,6,4479,3,53,6.8,6.9
2020-12-22,1,9,4,1,4526,58,50,6.85,57.6
2020-12-22,1,9,5,2,4389,55,14,6.86,57.6
2020-12-22,1,9,1,3,3907,11,32,6.76,57.6
2020-12-22,1,9,3,4,4258,45,5,6.89,57.6
2020-12-22,1,9,6,5,3843,38,39,6.84,57.6
2020-12-22,1,9,2,6,4272,19,66,6.9,57.6
2020-12-22,1,10,4,1,3509,16,46,6.75,40.4
2020-12-22,1,10,5,2,4909,46,28,6.76,40.4
2020-12-22,1,10,6,3,4987,12,24,6.77,40.4
2020-12-22,1,10,2,4,3486,52,47,6.77,40.4
2020-12-22,1,10,1,5,4473,18,45,6.78,40.4
2020-12-22,1,10,3,6,3693,10,9,6.77,40.4
2020-12-22,1,11,1,1,4042,57,19,6.78,20.1
2020-12-22,1,11,3,2,4236,17,17,6.75,20.1
2020-12-22,1,11,6,3,4808,7,61,6.84,20.1
2020-12-22,1,11,5,4,4472,13,6,6.86,20.1
2020-12-22,1,11,2,5,3811,21,20,6.81,20.1
2020-12-22,1,11,4,6,4391,49,56,6.8,20.1
2020-12-22,1,12,2,1,3871,51,25,6.73,58.8
2020-12-22,1,12,1,2,4823,36,43,6.77,58.8
2020-12-22,1,12,5,3,4642,48,40,6.75,58.8
2020-12-22,1,12,4,4,3579,39,49,6.76,58.8
2020-12-22,1,12,6,5,4819,8,23,6.68,58.8
2020-12-22,1,12,3,6,4313,41,4,6.73,58.8
2020-12-23,2,1,2,1,4100,9,8,6.89,107.5
2020-12-23,2,1,6,2,4236,17,17,6.82,107.5
2020-12-23,2,1,1,3,3777,5,7,6.81,107.5
2020-12-23,2,1,3,4,4633,44,58,6.9,107.5
2020-12-23,2,1,5,5,3519,54,37,6.78,107.5
2020-12-23,2,1,4,6,3907,11,32,6.87,107.5
2020-12-23,2,2,2,1,4909,46,28,6.74,20.3
2020-12-23,2,2,1,2,3509,16,46,6.77,20.3
2020-12-23,2,2,3,3,3254,22,52,6.81,20.3
2020-12-23,2,2,6,4,4275,25,22,6.79,20.3
2020-12-23,2,2,4,5,5108,37,15,6.8,20.3
2020-12-23,2,2,5,6,3579,39,49,6.86,20.3
2020-12-23,2,4,2,1,4823,36,43,6.75,10.9
2020-12-23,2,4,3,2,3871,51,25,6.81,10.9
2020-12-23,2,4,6,3,5056,59,57,6.69,10.9
2020-12-23,2,4,4,4,5116,40,38,6.77,10.9
2020-12-23,2,4,1,5,3486,52,47,6.76,10.9
2020-12-23,2,4,5,6,4997,26,11,6.76,10.9
2020-12-23,2,5,5,1,4391,49,56,6.77,25.7
2020-12-23,2,5,1,2,3910,20,31,6.76,25.7
2020-12-23,2,5,6,3,4042,57,19,6.77,25.7
2020-12-23,2,5,4,4,4633,44,58,6.75,25.7
2020-12-23,2,5,3,5,4272,19,66,6.83,25.7
2020-12-23,2,5,2,6,3843,38,39,6.81,25.7
2020-12-23,2,6,2,1,4819,8,23,6.72,39.4
2020-12-23,2,6,6,2,4642,48,40,6.76,39.4
2020-12-23,2,6,1,3,3802,6,55,6.79,39.4
2020-12-23,2,6,5,4,3280,15,64,6.9,39.4
2020-12-23,2,6,3,5,4845,23,59,6.73,39.4
2020-12-23,2,6,4,6,3254,22,52,6.82,39.4
2020-12-23,2,7,2,1,4236,17,17,6.79,36.8
2020-12-23,2,7,1,2,3696,53,2,6.74,36.8
2020-12-23,2,7,6,3,4389,55,14,6.87,36.8
2020-12-23,2,7,5,4,4380,56,63,6.82,36.8
2020-12-23,2,7,3,5,4930,24,13,6.8,36.8
2020-12-23,2,7,4,6,4472,13,6,6.8,36.8
2020-12-23,2,8,2,1,4313,41,4,6.88,10.6
2020-12-23,2,8,1,2,3693,10,9,6.75,10.6
2020-12-23,2,8,3,3,4770,4,18,6.83,10.6
2020-12-23,2,8,6,4,4909,46,28,6.8,10.6
2020-12-23,2,8,5,5,5108,37,15,6.89,10.6
2020-12-23,2,8,4,6,4997,26,11,6.83,10.6
2020-12-23,2,9,1,1,3726,14,1,6.78,107.9
2020-12-23,2,9,4,2,4100,9,8,6.82,107.9
2020-12-23,2,9,3,3,3478,35,33,6.87,107.9
2020-12-23,2,9,2,4,4808,7,61,6.76,107.9
2020-12-23,2,9,5,5,4042,57,19,6.79,107.9
2020-12-23,2,9,6,6,4258,45,54,6.89,107.9
2020-12-23,2,10,3,1,3486,52,47,6.86,187.1
2020-12-23,2,10,4,2,3280,15,64,6.95,187.1
2020-12-23,2,10,5,3,4823,36,43,6.87,187.1
2020-12-23,2,10,6,4,4940,47,62,6.91,187.1
2020-12-23,2,10,2,5,4987,12,24,6.78,187.1
2020-12-23,2,10,1,6,3579,39,49,6.87,187.1
2020-12-23,2,11,1,1,4391,49,56,6.76,7.0
2020-12-23,2,11,4,2,4506,50,27,6.82,7.0
2020-12-23,2,11,2,3,3696,53,2,6.85,7.0
2020-12-23,2,11,3,4,3712,43,41,6.89,7.0
2020-12-23,2,11,6,5,3519,54,37,6.84,7.0
2020-12-23,2,11,5,6,3907,11,32,6.84,7.0
2020-12-23,2,12,3,1,4479,3,53,6.82,105.2
2020-12-23,2,12,1,2,4313,41,4,6.89,105.2
2020-12-23,2,12,2,3,4275,25,22,6.78,105.2
2020-12-23,2,12,6,4,4845,23,59,6.85,105.2
2020-12-23,2,12,5,5,5056,59,57,6.84,105.2
2020-12-23,2,12,4,6,4473,18,45,6.81,105.2
2020-12-24,3,1,4,1,3726,14,1,6.96,370.8
2020-12-24,3,1,6,2,4100,9,8,6.93,370.8
2020-12-24,3,1,2,3,3712,43,41,6.95,370.8
2020-12-24,3,1,3,4,4472,13,6,6.95,370.8
2020-12-24,3,1,1,5,3843,38,39,6.97,370.8
2020-12-24,3,1,5,6,4930,24,13,6.88,370.8
2020-12-24,3,2,2,1,4473,18,45,6.86,147.8
2020-12-24,3,2,6,2,3509,16,46,6.86,147.8
2020-12-24,3,2,4,3,4479,3,53,6.89,147.8
2020-12-24,3,2,1,4,4987,12,24,6.77,147.8
2020-12-24,3,2,3,5,3579,39,49,6.89,147.8
2020-12-24,3,2,5,6,3693,10,9,6.8,147.8
2020-12-24,3,3,1,1,4380,56,63,6.82,38.2
2020-12-24,3,3,3,2,4808,7,61,6.76,38.2
2020-12-24,3,3,2,3,3910,20,31,6.8,38.2
2020-12-24,3,3,4,4,3777,5,7,6.83,38.2
2020-12-24,3,3,6,5,3696,53,2,6.82,38.2
2020-12-24,3,3,5,6,4506,50,27,6.83,38.2
2020-12-24,3,4,4,1,4823,36,43,6.86,19.1
2020-12-24,3,4,3,2,4819,8,23,6.84,19.1
2020-12-24,3,4,6,3,4313,41,4,6.89,19.1
2020-12-24,3,4,2,4,4845,23,59,6.81,19.1
2020-12-24,3,4,5,5,5116,40,38,6.84,19.1
2020-12-24,3,4,1,6,4770,4,18,6.83,19.1
2020-12-24,3,5,2,1,4391,49,56,6.76,8.6
2020-12-24,3,5,1,2,4389,55,14,6.89,8.6
2020-12-24,3,5,4,3,3712,43,41,6.92,8.6
2020-12-24,3,5,3,4,3811,21,20,6.89,8.6
2020-12-24,3,5,6,5,4272,19,66,6.85,8.6
2020-12-24,3,5,5,6,4258,45,54,6.88,8.6
2020-12-24,3,6,2,1,4642,48,40,6.77,5.5
2020-12-24,3,6,1,2,4479,3,53,6.77,5.5
2020-12-24,3,6,3,3,5056,59,57,6.77,5.5
2020-12-24,3,6,5,4,4940,47,62,6.91,5.5
2020-12-24,3,6,6,5,5108,37,15,6.82,5.5
2020-12-24,3,6,4,6,3693,10,9,6.79,5.5
2020-12-24,3,7,2,1,4042,57,19,6.79,82.5
2020-12-24,3,7,6,2,4472,13,6,6.83,82.5
2020-12-24,3,7,4,3,3910,20,31,6.78,82.5
2020-12-24,3,7,1,4,4526,58,50,6.81,82.5
2020-12-24,3,7,3,5,3519,54,37,6.8,82.5
2020-12-24,3,7,5,6,3777,5,7,6.9,82.5
2020-12-24,3,8,1,1,4909,46,28,6.78,39.4
2020-12-24,3,8,4,2,3486,52,47,6.85,39.4
2020-12-24,3,8,6,3,3802,6,55,6.86,39.4
2020-12-24,3,8,2,4,3579,39,49,6.96,39.4
2020-12-24,3,8,5,5,4819,8,23,6.89,39.4
2020-12-24,3,8,3,6,4997,26,11,6.9,39.4
2020-12-24,3,9,1,1,3811,21,20,6.95,75.8
2020-12-24,3,9,4,2,3843,38,39,6.85,75.8
2020-12-24,3,9,2,3,3907,11,32,6.85,75.8
2020-12-24,3,9,5,4,4236,17,17,6.88,75.8
2020-12-24,3,9,6,5,3478,35,33,6.91,75.8
2020-12-24,3,9,3,6,4380,56,63,6.76,75.8
2020-12-24,3,10,1,1,4642,48,40,6.79,39.2
2020-12-24,3,10,5,2,4987,12,24,6.83,39.2
2020-12-24,3,10,4,3,4275,25,22,6.82,39.2
2020-12-24,3,10,2,4,3254,22,52,6.85,39.2
2020-12-24,3,10,6,5,5116,40,38,6.81,39.2
2020-12-24,3,10,3,6,4473,18,45,6.89,39.2
2020-12-24,3,11,1,1,4808,7,61,6.78,77.9
2020-12-24,3,11,6,2,4633,44,58,6.82,77.9
2020-12-24,3,11,2,3,4389,55,14,6.9,77.9
2020-12-24,3,11,3,4,3726,14,1,6.87,77.9
2020-12-24,3,11,5,5,4526,58,50,6.83,77.9
2020-12-24,3,11,4,6,4272,19,66,6.86,77.9
2020-12-24,3,12,2,1,3509,16,46,6.84,43.6
2020-12-24,3,12,1,2,3871,51,25,6.79,43.6
2020-12-24,3,12,4,3,3802,6,55,6.89,43.6
2020-12-24,3,12,5,4,4770,4,18,6.83,43.6
2020-12-24,3,12,3,5,3280,15,64,6.89,43.6
2020-12-24,3,12,6,6,4940,47,62,6.94,43.6
2020-12-25,4,1,1,1,3519,54,37,6.73,90.4
2020-12-25,4,1,5,2,3696,53,2,6.74,90.4
2020-12-25,4,1,3,3,4930,24,13,6.77,90.4
2020-12-25,4,1,2,4,3478,35,33,6.78,90.4
2020-12-25,4,1,4,5,4236,17,17,6.79,90.4
2020-12-25,4,1,6,6,3712,43,41,6.78,90.4
2020-12-25,4,2,1,1,4845,23,59,6.7,7.1
2020-12-25,4,2,4,2,3871,51,25,6.75,7.1
2020-12-25,4,2,2,3,3693,10,9,6.72,7.1
2020-12-25,4,2,6,4,4997,26,11,6.74,7.1
2020-12-25,4,2,3,5,4940,47,62,6.77,7.1
2020-12-25,4,2,5,6,3254,22,52,6.82,7.1
2020-12-25,4,3,4,1,4042,57,19,6.79,104.2
2020-12-25,4,3,6,2,3726,14,1,6.81,104.2
2020-12-25,4,3,3,3,3777,5,7,6.75,104.2
2020-12-25,4,3,1,4,4258,45,54,6.78,104.2
2020-12-25,4,3,5,5,3843,38,39,6.74,104.2
2020-12-25,4,3,2,6,4506,50,27,6.72,104.2
2020-12-25,4,5,1,1,4272,19,66,6.74,56.7
2020-12-25,4,5,4,2,3519,54,37,6.75,56.7
2020-12-25,4,5,3,3,4100,9,8,6.88,56.7
2020-12-25,4,5,6,4,3907,11,32,6.78,56.7
2020-12-25,4,5,5,5,4808,7,61,6.71,56.7
2020-12-25,4,5,2,6,4380,56,63,6.66,56.7
2020-12-25,4,6,3,1,3509,16,46,6.75,54.6
2020-12-25,4,6,1,2,4275,25,22,6.67,54.6
2020-12-25,4,6,2,3,5056,59,57,6.65,54.6
2020-12-25,4,6,4,4,4987,12,24,6.75,54.6
2020-12-25,4,6,6,5,3486,52,47,6.79,54.6
2020-12-25,4,6,5,6,4313,41,4,6.8,54.6
2020-12-25,4,7,1,1,4506,50,27,6.71,10.0
2020-12-25,4,7,2,2,4472,13,6,6.67,10.0
2020-12-25,4,7,3,3,4633,44,58,6.72,10.0
2020-12-25,4,7,6,4,4391,49,56,6.68,10.0
2020-12-25,4,7,5,5,3478,35,33,6.88,10.0
2020-12-25,4,7,4,6,4258,45,54,6.78,10.0
2020-12-25,4,8,5,1,4845,23,59,6.82,52.3
2020-12-25,4,8,1,2,3280,15,64,6.77,52.3
2020-12-25,4,8,2,3,3579,39,49,6.76,52.3
2020-12-25,4,8,3,4,3254,22,52,6.76,52.3
2020-12-25,4,8,6,5,4770,4,18,6.84,52.3
2020-12-25,4,8,4,6,5108,37,15,6.84,52.3
2020-12-25,4,9,1,1,4236,17,17,6.69,22.4
2020-12-25,4,9,3,2,4389,55,14,6.81,22.4
2020-12-25,4,9,4,3,3811,21,20,6.85,22.4
2020-12-25,4,9,2,4,4526,58,50,6.76,22.4
2020-12-25,4,9,6,5,3910,20,31,6.73,22.4
2020-12-25,4,9,5,6,4100,9,8,6.77,22.4
2020-12-25,4,10,1,1,4313,41,4,6.74,10.4
2020-12-25,4,10,5,2,3802,6,26,6.76,10.4
2020-12-25,4,10,3,3,4275,25,22,6.81,10.4
2020-12-25,4,10,6,4,4479,3,53,6.81,10.4
2020-12-25,4,10,4,5,5116,40,38,6.77,10.4
2020-12-25,4,10,2,6,4997,26,11,6.71,10.4
2020-12-25,4,11,1,1,4042,57,19,6.74,11.9
2020-12-25,4,11,2,2,4391,49,56,6.72,11.9
2020-12-25,4,11,5,3,4633,44,58,6.74,11.9
2020-12-25,4,11,4,4,3696,53,2,6.73,11.9
2020-12-25,4,11,6,5,4930,24,13,6.69,11.9
2020-12-25,4,11,3,6,3907,11,32,6.7,11.9
2020-12-25,4,12,1,1,3871,51,25,6.77,17.9
2020-12-25,4,12,6,2,4823,36,43,6.75,17.9
2020-12-25,4,12,2,3,3280,15,64,6.75,17.9
2020-12-25,4,12,5,4,3486,52,47,6.8,17.9
2020-12-25,4,12,4,5,5056,59,57,6.72,17.9
2020-12-25,4,12,3,6,4909,46,28,6.72,17.9
2020-12-26,5,1,1,1,4930,24,13,6.81,29.8
2020-12-26,5,1,4,2,3726,14,1,6.82,29.8
2020-12-26,5,1,3,3,4472,13,6,6.77,29.8
2020-12-26,5,1,6,4,4391,49,56,6.74,29.8
2020-12-26,5,1,2,5,4380,56,63,6.79,29.8
2020-12-26,5,1,5,6,4236,17,17,6.77,29.8
2020-12-26,5,2,1,1,3696,53,2,6.66,13.5
2020-12-26,5,2,6,2,4042,57,19,6.76,13.5
2020-12-26,5,2,2,3,4526,58,50,6.76,13.5
2020-12-26,5,2,3,4,3843,38,39,6.79,13.5
2020-12-26,5,2,5,5,4100,9,8,6.73,13.5
2020-12-26,5,2,4,6,3712,43,41,6.8,13.5
2020-12-26,5,3,4,1,4808,7,61,6.8,75.7
2020-12-26,5,3,1,2,3811,21,20,6.81,75.7
2020-12-26,5,3,5,3,3910,20,31,6.85,75.7
2020-12-26,5,3,2,4,4633,44,58,6.72,75.7
2020-12-26,5,3,6,5,4272,19,66,6.76,75.7
2020-12-26,5,3,3,6,4506,50,27,6.81,75.7
2020-12-26,5,4,2,1,4845,23,59,6.82,54.9
2020-12-26,5,4,1,2,3802,6,26,6.81,54.9
2020-12-26,5,4,3,3,3693,10,9,6.79,54.9
2020-12-26,5,4,5,4,3509,16,46,6.83,54.9
2020-12-26,5,4,6,5,5116,40,38,6.77,54.9
2020-12-26,5,4,4,6,4909,46,28,6.74,54.9
2020-12-26,5,5,3,1,4823,36,43,6.76,17.5
2020-12-26,5,5,5,2,3871,51,25,6.75,17.5
2020-12-26,5,5,2,3,4479,3,53,6.75,17.5
2020-12-26,5,5,1,4,4275,25,22,6.7,17.5
2020-12-26,5,5,4,5,3254,22,52,6.79,17.5
2020-12-26,5,5,6,6,5108,37,15,6.68,17.5
2020-12-26,5,6,5,1,4473,18,45,6.78,256.4
2020-12-26,5,6,4,2,4819,8,23,6.79,256.4
2020-12-26,5,6,2,3,4313,41,4,6.74,256.4
2020-12-26,5,6,1,4,5056,59,57,6.78,256.4
2020-12-26,5,6,3,5,3280,15,64,6.84,256.4
2020-12-26,5,6,6,6,4940,47,62,6.81,256.4
2020-12-26,5,7,3,1,3777,5,7,6.8,172.7
2020-12-26,5,7,2,2,4389,55,14,6.85,172.7
2020-12-26,5,7,1,3,3907,11,32,6.73,172.7
2020-12-26,5,7,5,4,4258,45,54,6.89,172.7
2020-12-26,5,7,4,5,3519,54,37,6.86,172.7
2020-12-26,5,7,6,6,3478,35,33,6.94,172.7
2020-12-26,5,8,1,1,4042,57,19,6.69,17.9
2020-12-26,5,8,4,2,4506,50,27,6.82,17.9
2020-12-26,5,8,2,3,4236,17,17,6.77,17.9
2020-12-26,5,8,5,4,4526,58,50,6.72,17.9
2020-12-26,5,8,6,5,3811,21,20,6.86,17.9
2020-12-26,5,8,3,6,3726,14,1,6.77,17.9
2020-12-26,5,9,3,1,4808,7,61,6.74,21.6
2020-12-26,5,9,1,2,4391,49,56,6.73,21.6
2020-12-26,5,9,4,3,4472,13,6,6.78,21.6
2020-12-26,5,9,2,4,4100,9,8,6.79,21.6
2020-12-26,5,9,5,5,4633,44,58,6.83,21.6
2020-12-26,5,9,6,6,3696,53,2,6.76,21.6
2020-12-26,5,10,1,1,3509,16,46,6.79,6.2
2020-12-26,5,10,2,2,4823,36,43,6.8,6.2
2020-12-26,5,10,3,3,4313,41,4,6.85,6.2
2020-12-26,5,10,4,4,4479,3,53,6.77,6.2
2020-12-26,5,10,5,5,5056,59,57,6.89,6.2
2020-12-26,5,10,6,6,3802,6,26,6.9,6.2
2020-12-26,5,12,1,1,3579,39,49,6.88,9.4
2020-12-26,5,12,2,2,3486,52,47,6.78,9.4
2020-12-26,5,12,6,3,4642,48,40,6.76,9.4
2020-12-26,5,12,5,4,4987,12,24,6.78,9.4
2020-12-26,5,12,4,5,4770,4,18,6.82,9.4
2020-12-26,5,12,3,6,4997,26,11,6.82,9.4
2020-12-27,6,1,5,1,3843,38,39,6.86,776.9
2020-12-27,6,1,4,2,4633,44,58,6.79,776.9
2020-12-27,6,1,2,3,3519,54,37,6.84,776.9
2020-12-27,6,1,1,4,3726,14,1,6.79,776.9
2020-12-27,6,1,6,5,4930,24,13,6.73,776.9
2020-12-27,6,1,3,6,4389,55,14,6.79,776.9
2020-12-27,6,2,4,1,4845,23,59,6.84,28.1
2020-12-27,6,2,1,2,3486,52,47,6.78,28.1
2020-12-27,6,2,2,3,3802,6,26,6.83,28.1
2020-12-27,6,2,5,4,3579,39,49,6.77,28.1
2020-12-27,6,2,3,5,3693,10,9,6.78,28.1
2020-12-27,6,2,6,6,5108,37,15,6.79,28.1
2020-12-27,6,3,1,1,3478,35,33,6.88,30.4
2020-12-27,6,3,3,2,3712,43,41,6.84,30.4
2020-12-27,6,3,2,3,3910,20,31,6.8,30.4
2020-12-27,6,3,4,4,3777,5,7,6.76,30.4
2020-12-27,6,3,6,5,4100,9,8,6.84,30.4
2020-12-27,6,3,5,6,4526,58,50,6.77,30.4
2020-12-27,6,4,2,1,5056,59,57,6.8,35.1
2020-12-27,6,4,4,2,4770,4,18,6.87,35.1
2020-12-27,6,4,5,3,3254,22,52,6.82,35.1
2020-12-27,6,4,1,4,4275,25,22,6.82,35.1
2020-12-27,6,4,6,5,4940,47,62,6.9,35.1
2020-12-27,6,4,3,6,4997,26,11,6.78,35.1
2020-12-27,6,5,1,1,3696,53,2,6.75,6.7
2020-12-27,6,5,2,2,3843,38,39,6.85,6.7
2020-12-27,6,5,3,3,3811,21,20,6.94,6.7
2020-12-27,6,5,5,4,3519,54,37,6.82,6.7
2020-12-27,6,5,4,5,4258,45,54,6.87,6.7
2020-12-27,6,5,6,6,4380,56,63,6.79,6.7
2020-12-27,6,6,1,1,4473,18,45,6.78,104.1
2020-12-27,6,6,2,2,4987,12,24,6.78,104.1
2020-12-27,6,6,6,3,5116,40,38,6.83,104.1
2020-12-27,6,6,3,4,4479,3,53,6.79,104.1
2020-12-27,6,6,4,5,3579,39,49,6.92,104.1
2020-12-27,6,6,5,6,5108,37,15,6.94,104.1
2020-12-27,6,7,1,1,4272,19,66,6.87,36.7
2020-12-27,6,7,4,2,3712,43,41,6.9,36.7
2020-12-27,6,7,6,3,3907,11,32,6.9,36.7
2020-12-27,6,7,2,4,4930,24,13,6.84,36.7
2020-12-27,6,7,3,5,3910,20,31,6.87,36.7
2020-12-27,6,7,5,6,4389,55,14,6.91,36.7
2020-12-27,6,8,1,1,3254,22,52,6.77,28.4
2020-12-27,6,8,3,2,4770,4,18,6.9,28.4
2020-12-27,6,8,6,3,4642,48,40,6.78,28.4
2020-12-27,6,8,2,4,3693,10,9,6.81,28.4
2020-12-27,6,8,4,5,4940,47,62,6.96,28.4
2020-12-27,6,8,5,6,4845,23,59,6.85,28.4
2020-12-27,6,9,1,1,4100,9,8,6.82,13.6
2020-12-27,6,9,3,2,4633,44,58,6.86,13.6
2020-12-27,6,9,4,3,3811,21,20,6.95,13.6
2020-12-27,6,9,6,4,3696,53,2,6.82,13.6
2020-12-27,6,9,2,5,4526,58,50,6.88,13.6
2020-12-27,6,9,5,6,3726,14,1,6.84,13.6
2020-12-27,6,10,1,1,4479,3,53,6.86,53.5
2020-12-27,6,10,2,2,4275,25,22,6.89,53.5
2020-12-27,6,10,6,3,4473,18,45,6.81,53.5
2020-12-27,6,10,3,4,5056,59,57,6.82,53.5
2020-12-27,6,10,5,5,3486,52,47,6.78,53.5
2020-12-27,6,10,4,6,3802,6,26,6.89,53.5
2020-12-27,6,11,2,1,4808,7,61,6.76,28.4
2020-12-27,6,11,1,2,4042,57,19,6.75,28.4
2020-12-27,6,11,3,3,4391,49,56,6.87,28.4
2020-12-27,6,11,5,4,4236,17,17,6.84,28.4
2020-12-27,6,11,6,5,4472,13,6,6.87,28.4
2020-12-27,6,11,4,6,4506,50,27,6.91,28.4
2020-12-27,6,12,2,1,4819,8,23,6.83,28.0
2020-12-27,6,12,1,2,3509,16,46,6.81,28.0
2020-12-27,6,12,3,3,4823,36,43,6.86,28.0
2020-12-27,6,12,5,4,3871,51,25,6.89,28.0
2020-12-27,6,12,6,5,4313,41,4,6.79,28.0
2020-12-27,6,12,4,6,3280,15,64,6.94,28.0
2020-12-31,1,1,1,1,3578,14,37,6.68,21.1
2020-12-31,1,1,2,2,5043,5,11,6.75,21.1
2020-12-31,1,1,4,3,3543,65,57,6.82,21.1
2020-12-31,1,1,3,4,3553,37,58,6.77,21.1
2020-12-31,1,1,5,5,4220,29,36,6.76,21.1
2020-12-31,1,1,6,6,4852,2,7,6.75,21.1
2020-12-31,1,2,1,1,3234,44,51,6.65,10.2
2020-12-31,1,2,2,2,4511,41,1,6.66,10.2
2020-12-31,1,2,3,3,4331,63,56,6.73,10.2
2020-12-31,1,2,5,4,3855,11,32,6.72,10.2
2020-12-31,1,2,6,5,3701,27,10,6.75,10.2
2020-12-31,1,2,4,6,4034,1,3,6.74,10.2
2020-12-31,1,3,3,1,3401,4,62,6.74,71.8
2020-12-31,1,3,2,2,4821,32,15,6.67,71.8
2020-12-31,1,3,6,3,4739,39,53,6.64,71.8
2020-12-31,1,3,4,4,4894,62,63,6.73,71.8
2020-12-31,1,3,5,5,3568,8,4,6.65,71.8
2020-12-31,1,3,1,6,4010,38,24,6.62,71.8
2020-12-31,1,4,3,1,4776,43,59,6.62,91.1
2020-12-31,1,4,4,2,3710,10,61,6.75,91.1
2020-12-31,1,4,2,3,4529,36,64,6.68,91.1
2020-12-31,1,4,5,4,4931,34,25,6.67,91.1
2020-12-31,1,4,6,5,3849,33,23,6.68,91.1
2020-12-31,1,4,1,6,3187,64,16,6.77,91.1
2020-12-31,1,5,2,1,5037,6,40,6.68,113.4
2020-12-31,1,5,3,2,3832,12,52,6.69,113.4
2020-12-31,1,5,6,3,4459,47,48,6.72,113.4
2020-12-31,1,5,1,4,3753,31,38,6.69,113.4
2020-12-31,1,5,4,5,4154,45,14,6.62,113.4
2020-12-31,1,5,5,6,5059,3,27,6.74,113.4
2020-12-31,1,6,1,1,3064,60,17,6.66,54.4
2020-12-31,1,6,4,2,4643,28,39,6.77,54.4
2020-12-31,1,6,5,3,3553,37,58,6.76,54.4
2020-12-31,1,6,3,4,4772,7,22,6.68,54.4
2020-12-31,1,6,6,5,3660,30,55,6.76,54.4
2020-12-31,1,6,2,6,4946,61,29,6.77,54.4
2020-12-31,1,7,2,1,4030,9,19,6.66,18.5
2020-12-31,1,7,1,2,4452,13,43,6.68,18.5
2020-12-31,1,7,3,3,5032,66,50,6.75,18.5
2020-12-31,1,7,4,4,3855,11,32,6.79,18.5
2020-12-31,1,7,5,5,3578,14,37,6.72,18.5
2020-12-31,1,7,6,6,3401,4,62,6.68,18.5
2020-12-31,1,8,5,1,4331,63,56,6.71,249.1
2020-12-31,1,8,1,2,3541,35,5,6.72,249.1
2020-12-31,1,8,2,3,4931,34,25,6.76,249.1
2020-12-31,1,8,6,4,4821,32,15,6.76,249.1
2020-12-31,1,8,4,5,4852,2,7,6.64,249.1
2020-12-31,1,8,3,6,4185,40,28,6.6,249.1
2020-12-31,1,10,1,1,4643,28,39,6.84,6.4
2020-12-31,1,10,2,2,3543,65,57,6.82,6.4
2020-12-31,1,10,4,3,4739,39,53,6.83,6.4
2020-12-31,1,10,5,4,3710,10,61,6.83,6.4
2020-12-31,1,10,6,5,4034,1,3,6.75,6.4
2020-12-31,1,10,3,6,5037,6,40,6.79,6.4
2020-12-31,1,11,1,1,4220,29,36,6.72,43.3
2020-12-31,1,11,4,2,3064,60,17,6.71,43.3
2020-12-31,1,11,6,3,3832,12,52,6.72,43.3
2020-12-31,1,11,3,4,4529,36,64,6.7,43.3
2020-12-31,1,11,5,5,4452,13,43,6.7,43.3
2020-12-31,1,11,2,6,3568,8,4,6.67,43.3
2020-12-31,1,12,1,1,4030,9,19,6.71,23.0
2020-12-31,1,12,4,2,4459,47,48,6.78,23.0
2020-12-31,1,12,5,3,4348,46,13,6.78,23.0
2020-12-31,1,12,3,4,3849,33,23,6.76,23.0
2020-12-31,1,12,2,5,3541,35,5,6.78,23.0
2020-12-31,1,12,6,6,4772,7,22,6.75,23.0
