開催日,日目,レース,艇,着,登番,モーター,ボート,展示,3連単オッズ
2015-01-01,4,1,4,1,4772,20,60,6.68,53.3
2015-01-01,4,1,1,2,4643,28,31,6.73,53.3
2015-01-01,4,1,3,3,4348,19,43,6.67,53.3
2015-01-01,4,1,6,4,4823,14,33,6.64,53.3
2015-01-01,4,1,2,5,4511,37,56,6.64,53.3
2015-01-01,4,1,5,6,4642,32,13,6.63,53.3
2015-01-01,4,2,3,1,4185,15,27,6.58,39.6
2015-01-01,4,2,1,2,3492,39,50,6.59,39.6
2015-01-01,4,2,4,3,4010,34,23,6.66,39.6
2015-01-01,4,2,2,4,3753,55,55,6.68,39.6
2015-01-01,4,2,5,5,4313,36,6,6.61,39.6
2015-01-01,4,2,6,6,4852,64,51,6.64,39.6
2015-01-01,4,3,3,1,4437,53,34,6.63,11.8
2015-01-01,4,3,4,2,3187,54,25,6.63,11.8
2015-01-01,4,3,6,3,3553,62,29,6.73,11.8
2015-01-01,4,3,2,4,2698,2,64,6.7,11.8
2015-01-01,4,3,1,5,3137,59,22,6.69,11.8
2015-01-01,4,3,5,6,4170,26,2,6.65,11.8
2015-01-01,4,4,1,1,3855,35,58,6.56,62.4
2015-01-01,4,4,3,2,4583,31,20,6.67,62.4
2015-01-01,4,4,4,3,3234,41,52,6.67,62.4
2015-01-01,4,4,5,4,3975,25,24,6.66,62.4
2015-01-01,4,4,2,5,3466,22,49,6.77,62.4
2015-01-01,4,4,6,6,3064,60,7,6.66,62.4
2015-01-01,4,5,4,1,4030,63,53,6.66,11.5
2015-01-01,4,5,1,2,4154,16,47,6.59,11.5
2015-01-01,4,5,3,3,3401,29,35,6.68,11.5
2015-01-01,4,5,5,4,3910,66,44,6.64,11.5
2015-01-01,4,5,6,5,2887,65,66,6.69,11.5
2015-01-01,4,5,2,6,3701,56,1,6.64,11.5
2015-01-01,4,6,2,1,3660,58,45,6.64,180.1
2015-01-01,4,6,3,2,3543,38,4,6.69,180.1
2015-01-01,4,6,5,3,4452,49,14,6.61,180.1
2015-01-01,4,6,6,4,4309,33,16,6.66,180.1
2015-01-01,4,6,4,5,4459,57,36,6.64,180.1
2015-01-01,4,6,1,6,3166,3,46,6.66,180.1
2015-01-01,4,7,1,1,4348,19,43,6.71,44.4
2015-01-01,4,7,4,2,3541,24,40,6.68,44.4
2015-01-01,4,7,6,3,3478,61,15,6.71,44.4
2015-01-01,4,7,2,4,3578,1,61,6.7,44.4
2015-01-01,4,7,3,5,4220,27,62,6.7,44.4
2015-01-01,4,7,5,6,4187,18,18,6.66,44.4
2015-01-01,4,8,2,1,3849,17,39,6.73,128.2
2015-01-01,4,8,4,2,3975,25,24,6.66,128.2
2015-01-01,4,8,3,3,3855,35,58,6.68,128.2
2015-01-01,4,8,5,4,4185,15,27,6.64,128.2
2015-01-01,4,8,1,5,3568,21,26,6.63,128.2
2015-01-01,4,8,6,6,4170,26,2,6.63,128.2
2015-01-01,4,9,5,1,3064,60,7,6.71,54.2
2015-01-01,4,9,6,2,3910,66,44,6.61,54.2
2015-01-01,4,9,1,3,3753,55,55,6.66,54.2
2015-01-01,4,9,2,4,3187,54,25,6.72,54.2
2015-01-01,4,9,4,5,4221,40,63,6.65,54.2
2015-01-01,4,9,3,6,4642,32,13,6.72,54.2
2015-01-01,4,10,3,1,4459,57,36,6.63,256.1
2015-01-01,4,10,4,2,4583,31,20,6.63,256.1
2015-01-01,4,10,6,3,4010,34,23,6.66,256.1
2015-01-01,4,10,1,4,4030,63,53,6.67,256.1
2015-01-01,4,10,2,5,4020,23,54,6.66,256.1
2015-01-01,4,10,5,6,3553,62,29,6.62,256.1
2015-01-01,4,11,1,1,3543,38,4,6.63,13.8
2015-01-01,4,11,4,2,4154,16,47,6.72,13.8
2015-01-01,4,11,2,3,3568,21,26,6.73,13.8
2015-01-01,4,11,5,4,4772,20,60,6.66,13.8
2015-01-01,4,11,3,5,2698,2,64,6.66,13.8
2015-01-01,4,11,6,6,4220,27,62,6.75,13.8
2015-01-01,4,12,1,1,3541,24,40,6.57,60.1
2015-01-01,4,12,4,2,4437,53,34,6.68,60.1
2015-01-01,4,12,6,3,4452,49,14,6.63,60.1
2015-01-01,4,12,3,4,3849,17,39,6.69,60.1
2015-01-01,4,12,5,5,3401,29,35,6.65,60.1
2015-01-01,4,12,2,6,4643,28,31,6.55,60.1
2015-01-02,5,1,1,1,3187,54,25,6.5,29.2
2015-01-02,5,1,2,2,3553,62,29,6.65,29.2
2015-01-02,5,1,4,3,4221,40,63,6.63,29.2
2015-01-02,5,1,6,4,4187,18,18,6.54,29.2
2015-01-02,5,1,5,5,4154,16,47,6.65,29.2
2015-01-02,5,1,3,6,4772,20,60,6.49,29.2
2015-01-02,5,2,2,1,3137,59,22,6.58,55.4
2015-01-02,5,2,1,2,2887,65,66,6.59,55.4
2015-01-02,5,2,3,3,3466,22,49,6.63,55.4
2015-01-02,5,2,4,4,4309,33,16,6.55,55.4
2015-01-02,5,2,6,5,4852,64,51,6.49,55.4
2015-01-02,5,2,5,6,4170,26,2,6.62,55.4
2015-01-02,5,3,2,1,3478,61,15,6.56,81.0
2015-01-02,5,3,6,2,3401,29,35,6.67,81.0
2015-01-02,5,3,1,3,3753,55,55,6.55,81.0
2015-01-02,5,3,4,4,3234,41,52,6.63,81.0
2015-01-02,5,3,3,5,4220,27,62,6.55,81.0
2015-01-02,5,3,5,6,4642,32,13,6.62,81.0
2015-01-02,5,4,2,1,3543,38,4,6.6,24.7
2015-01-02,5,4,4,2,3568,21,26,6.62,24.7
2015-01-02,5,4,3,3,4010,34,23,6.58,24.7
2015-01-02,5,4,1,4,3855,35,58,6.61,24.7
2015-01-02,5,4,5,5,4437,53,34,6.57,24.7
2015-01-02,5,4,6,6,4823,14,33,6.63,24.7
2015-01-02,5,5,6,1,3849,17,39,6.63,39.0
2015-01-02,5,5,1,2,3975,25,24,6.65,39.0
2015-01-02,5,5,5,3,4459,57,36,6.62,39.0
2015-01-02,5,5,4,4,4348,19,43,6.69,39.0
2015-01-02,5,5,2,5,2698,2,64,6.67,39.0
2015-01-02,5,5,3,6,3064,60,7,6.63,39.0
2015-01-02,5,6,6,1,4030,63,53,6.7,51.6
2015-01-02,5,6,3,2,4185,15,27,6.56,51.6
2015-01-02,5,6,4,3,4511,37,56,6.69,51.6
2015-01-02,5,6,5,4,4643,28,31,6.68,51.6
2015-01-02,5,6,1,5,4452,49,14,6.56,51.6
2015-01-02,5,6,2,6,4313,36,6,6.69,51.6
2015-01-02,5,7,3,1,4020,23,54,6.59,39.8
2015-01-02,5,7,1,2,3910,66,44,6.49,39.8
2015-01-02,5,7,4,3,4583,31,20,6.69,39.8
2015-01-02,5,7,6,4,3541,24,40,6.62,39.8
2015-01-02,5,7,5,5,3701,56,1,6.68,39.8
2015-01-02,5,7,2,6,3166,3,46,6.6,39.8
2015-01-02,5,8,1,1,3401,29,35,6.54,28.9
2015-01-02,5,8,4,2,4220,27,62,6.67,28.9
2015-01-02,5,8,3,3,4309,33,16,6.53,28.9
2015-01-02,5,8,6,4,3187,54,25,6.67,28.9
2015-01-02,5,8,5,5,3543,38,4,6.63,28.9
2015-01-02,5,8,2,6,4154,16,47,6.58,28.9
2015-01-02,5,10,2,1,4459,57,36,6.54,13.8
2015-01-02,5,10,1,2,4030,63,53,6.57,13.8
2015-01-02,5,10,3,3,4583,31,20,6.59,13.8
2015-01-02,5,10,5,4,2698,2,64,6.64,13.8
2015-01-02,5,10,4,5,4010,34,23,6.64,13.8
2015-01-02,5,10,6,6,3753,55,55,6.67,13.8
2015-01-02,5,11,3,1,4348,19,43,6.58,468.6
2015-01-02,5,11,2,2,4643,28,31,6.58,468.6
2015-01-02,5,11,4,3,4772,20,60,6.58,468.6
2015-01-02,5,11,1,4,3541,24,40,6.52,468.6
2015-01-02,5,11,6,5,3910,66,44,6.61,468.6
2015-01-02,5,11,5,6,3975,25,24,6.53,468.6
2015-01-02,5,12,2,1,4020,23,54,6.65,66.6
2015-01-02,5,12,4,2,3660,58,45,6.7,66.6
2015-01-02,5,12,5,3,3234,41,52,6.58,66.6
2015-01-02,5,12,3,4,3492,39,50,6.59,66.6
2015-01-02,5,12,6,5,4221,40,63,6.63,66.6
2015-01-02,5,12,1,6,3578,1,61,6.61,66.6
2015-01-03,6,1,1,1,4154,16,47,6.52,40.3
2015-01-03,6,1,3,2,3166,3,46,6.7,40.3
2015-01-03,6,1,2,3,3660,58,45,6.7,40.3
2015-01-03,6,1,5,4,3553,62,29,6.7,40.3
2015-01-03,6,1,4,5,3701,56,1,6.67,40.3
2015-01-03,6,1,6,6,4823,14,33,6.59,40.3
2015-01-03,6,3,1,1,4221,40,63,6.64,14.3
2015-01-03,6,3,3,2,3753,55,55,6.68,14.3
2015-01-03,6,3,5,3,4511,37,56,6.7,14.3
2015-01-03,6,3,2,4,4170,26,2,6.65,14.3
2015-01-03,6,3,6,5,3466,22,49,6.76,14.3
2015-01-03,6,3,4,6,4185,15,27,6.67,14.3
2015-01-03,6,4,1,1,2698,2,64,6.59,22.1
2015-01-03,6,4,2,2,3234,41,52,6.66,22.1
2015-01-03,6,4,3,3,3137,59,22,6.68,22.1
2015-01-03,6,4,4,4,4010,34,23,6.67,22.1
2015-01-03,6,4,6,5,3855,35,58,6.61,22.1
2015-01-03,6,4,5,6,4020,23,54,6.64,22.1
2015-01-03,6,6,5,1,4459,57,36,6.66,40.4
2015-01-03,6,6,2,2,3849,17,39,6.71,40.4
2015-01-03,6,6,6,3,3401,29,35,6.79,40.4
2015-01-03,6,6,3,4,3478,61,15,6.67,40.4
2015-01-03,6,6,4,5,4643,28,31,6.69,40.4
2015-01-03,6,6,1,6,4309,33,16,6.67,40.4
2015-01-03,6,7,1,1,3568,21,26,6.68,18.6
2015-01-03,6,7,6,2,3578,1,61,6.67,18.6
2015-01-03,6,7,2,3,3910,66,44,6.61,18.6
2015-01-03,6,7,5,4,3166,3,46,6.7,18.6
2015-01-03,6,7,3,5,3660,58,45,6.68,18.6
2015-01-03,6,7,4,6,3466,22,49,6.76,18.6
2015-01-03,6,8,1,1,3543,38,4,6.63,18.9
2015-01-03,6,8,3,2,3701,56,1,6.68,18.9
2015-01-03,6,8,4,3,3975,25,24,6.69,18.9
2015-01-03,6,8,6,4,4852,64,51,6.67,18.9
2015-01-03,6,8,5,5,4313,36,6,6.67,18.9
2015-01-03,6,8,2,6,3187,54,25,6.68,18.9
2015-01-03,6,9,1,1,4452,49,14,6.64,9.8
2015-01-03,6,9,2,2,3541,24,40,6.59,9.8
2015-01-03,6,9,3,3,4511,37,56,6.64,9.8
2015-01-03,6,9,5,4,4823,14,33,6.62,9.8
2015-01-03,6,9,4,5,3137,59,22,6.67,9.8
2015-01-03,6,9,6,6,3492,39,50,6.61,9.8
2015-01-03,6,10,3,1,4030,63,53,6.73,33.7
2015-01-03,6,10,1,2,4437,53,34,6.67,33.7
2015-01-03,6,10,5,3,4583,31,20,6.64,33.7
2015-01-03,6,10,4,4,3478,61,15,6.74,33.7
2015-01-03,6,10,2,5,4459,57,36,6.65,33.7
2015-01-03,6,10,6,6,4309,33,16,6.73,33.7
2015-01-03,6,11,1,1,3401,29,35,6.69,156.7
2015-01-03,6,11,4,2,4220,27,62,6.7,156.7
2015-01-03,6,11,6,3,4772,20,60,6.71,156.7
2015-01-03,6,11,3,4,4643,28,31,6.7,156.7
2015-01-03,6,11,5,5,3849,17,39,6.73,156.7
2015-01-03,6,11,2,6,4348,19,43,6.64,156.7
2015-01-03,6,12,2,1,3568,21,26,6.67,22.7
2015-01-03,6,12,1,2,3541,24,40,6.66,22.7
2015-01-03,6,12,6,3,3975,25,24,6.77,22.7
2015-01-03,6,12,3,4,3578,1,61,6.69,22.7
2015-01-03,6,12,5,5,2887,65,66,6.71,22.7
2015-01-03,6,12,4,6,4187,18,18,6.67,22.7
2015-01-04,7,1,2,1,3234,41,52,6.67,30.6
2015-01-04,7,1,1,2,3975,25,24,6.62,30.6
2015-01-04,7,1,3,3,4511,37,56,6.59,30.6
2015-01-04,7,1,6,4,4852,64,51,6.65,30.6
2015-01-04,7,1,4,5,3166,3,46,6.7,30.6
2015-01-04,7,1,5,6,3137,59,22,6.68,30.6
2015-01-04,7,2,2,1,2887,65,66,6.65,19.7
2015-01-04,7,2,1,2,3466,22,49,6.66,19.7
2015-01-04,7,2,4,3,3553,62,29,6.62,19.7
2015-01-04,7,2,6,4,4823,14,33,6.56,19.7
2015-01-04,7,2,5,5,4170,26,2,6.61,19.7
2015-01-04,7,2,3,6,4642,32,13,6.61,19.7
2015-01-04,7,5,4,1,3234,41,52,6.68,56.8
2015-01-04,7,5,5,2,4185,15,27,6.7,56.8
2015-01-04,7,5,6,3,4348,19,43,6.71,56.8
2015-01-04,7,5,1,4,3187,54,25,6.71,56.8
2015-01-04,7,5,2,5,3166,3,46,6.71,56.8
2015-01-04,7,5,3,6,4313,36,6,6.67,56.8
2015-01-04,7,6,1,1,4452,49,14,6.67,8.6
2015-01-04,7,6,5,2,3849,17,39,6.75,8.6
2015-01-04,7,6,6,3,3543,38,4,6.67,8.6
2015-01-04,7,6,3,4,3701,56,1,6.62,8.6
2015-01-04,7,6,4,5,4170,26,2,6.69,8.6
2015-01-04,7,6,2,6,4309,33,16,6.65,8.6
2015-01-04,7,7,1,1,3568,21,26,6.71,10.4
2015-01-04,7,7,5,2,3910,66,44,6.61,10.4
2015-01-04,7,7,6,3,4220,27,62,6.65,10.4
2015-01-04,7,7,4,4,4511,37,56,6.75,10.4
2015-01-04,7,7,3,5,3492,39,50,6.66,10.4
2015-01-04,7,7,2,6,4010,34,23,6.7,10.4
2015-01-04,7,8,1,1,4643,28,31,6.7,5.3
2015-01-04,7,8,4,2,3578,1,61,6.67,5.3
2015-01-04,7,8,2,3,3553,62,29,6.67,5.3
2015-01-04,7,8,5,4,4642,32,13,6.66,5.3
2015-01-04,7,8,3,5,4187,18,18,6.7,5.3
2015-01-04,7,8,6,6,4221,40,63,6.72,5.3
2015-01-04,7,9,6,1,3849,17,39,6.7,43.1
2015-01-04,7,9,2,2,3753,55,55,6.76,43.1
2015-01-04,7,9,5,3,3660,58,45,6.71,43.1
2015-01-04,7,9,4,4,3137,59,22,6.73,43.1
2015-01-04,7,9,1,5,4020,23,54,6.66,43.1
2015-01-04,7,9,3,6,4185,15,27,6.7,43.1
2015-01-04,7,10,1,1,3543,38,4,6.64,11.0
2015-01-04,7,10,4,2,3187,54,25,6.68,11.0
2015-01-04,7,10,2,3,3975,25,24,6.68,11.0
2015-01-04,7,10,5,4,2698,2,64,6.68,11.0
2015-01-04,7,10,3,5,4010,34,23,6.81,11.0
2015-01-04,7,10,6,6,4452,49,14,6.67,11.0
2015-01-04,7,11,2,1,4643,28,31,6.64,103.9
2015-01-04,7,11,1,2,3478,61,15,6.67,103.9
2015-01-04,7,11,5,3,3568,21,26,6.68,103.9
2015-01-04,7,11,4,4,3541,24,40,6.59,103.9
2015-01-04,7,11,6,5,4154,16,47,6.64,103.9
2015-01-04,7,11,3,6,4309,33,16,6.7,103.9
2015-01-04,7,12,2,1,3401,29,35,6.76,94.7
2015-01-04,7,12,3,2,4030,63,53,6.7,94.7
2015-01-04,7,12,4,3,4583,31,20,6.71,94.7
2015-01-04,7,12,6,4,4459,57,36,6.62,94.7
2015-01-04,7,12,5,5,4772,20,60,6.65,94.7
2015-01-04,7,12,1,6,4437,53,34,6.65,94.7
2015-01-08,1,2,4,1,3762,48,16,6.7,45.0
2015-01-08,1,2,3,2,3787,51,32,6.73,45.0
2015-01-08,1,2,2,3,3052,64,1,6.7,45.0
2015-01-08,1,2,5,4,3315,20,60,6.74,45.0
2015-01-08,1,2,1,5,3374,21,4,6.69,45.0
2015-01-08,1,2,6,6,4805,59,40,6.66,45.0
2015-01-08,1,3,6,1,3742,30,17,6.76,129.5
2015-01-08,1,3,4,2,4533,63,64,6.66,129.5
2015-01-08,1,3,2,3,3471,45,52,6.75,129.5
2015-01-08,1,3,5,4,4015,13,47,6.7,129.5
2015-01-08,1,3,3,5,4595,14,33,6.72,129.5
2015-01-08,1,3,1,6,4343,4,37,6.68,129.5
2015-01-08,1,4,4,1,3054,62,6,6.68,24.9
2015-01-08,1,4,2,2,3377,50,29,6.63,24.9
2015-01-08,1,4,6,3,3885,18,44,6.63,24.9
2015-01-08,1,4,3,4,4329,55,54,6.63,24.9
2015-01-08,1,4,1,5,3870,52,5,6.69,24.9
2015-01-08,1,4,5,6,3453,61,45,6.63,24.9
2015-01-08,1,5,1,1,3663,44,30,6.66,7.5
2015-01-08,1,5,4,2,3576,19,51,6.59,7.5
2015-01-08,1,5,3,3,4049,5,57,6.68,7.5
2015-01-08,1,5,5,4,3764,54,59,6.69,7.5
2015-01-08,1,5,2,5,3891,16,53,6.71,7.5
2015-01-08,1,5,6,6,4054,22,65,6.7,7.5
2015-01-08,1,6,2,1,3740,47,2,6.67,188.6
2015-01-08,1,6,3,2,3374,21,4,6.69,188.6
2015-01-08,1,6,5,3,4288,9,48,6.64,188.6
2015-01-08,1,6,1,4,3456,46,9,6.65,188.6
2015-01-08,1,6,6,5,3282,66,19,6.59,188.6
2015-01-08,1,6,4,6,4365,24,55,6.71,188.6
2015-01-08,1,7,1,1,3471,45,52,6.69,118.4
2015-01-08,1,7,4,2,3315,20,60,6.71,118.4
2015-01-08,1,7,2,3,4296,15,13,6.65,118.4
2015-01-08,1,7,5,4,4381,56,21,6.55,118.4
2015-01-08,1,7,6,5,4691,8,66,6.6,118.4
2015-01-08,1,7,3,6,3268,58,11,6.7,118.4
2015-01-08,1,8,1,1,4028,57,38,6.57,4.8
2015-01-08,1,8,2,2,3164,23,8,6.59,4.8
2015-01-08,1,8,4,3,4643,10,46,6.7,4.8
2015-01-08,1,8,6,4,4595,14,33,6.65,4.8
2015-01-08,1,8,5,5,3762,48,16,6.62,4.8
2015-01-08,1,8,3,6,3564,60,58,6.63,4.8
2015-01-08,1,9,1,1,3377,50,29,6.58,13.5
2015-01-08,1,9,2,2,3957,12,7,6.66,13.5
2015-01-08,1,9,3,3,4105,11,10,6.68,13.5
2015-01-08,1,9,5,4,3742,30,17,6.62,13.5
2015-01-08,1,9,4,5,3052,64,1,6.66,13.5
2015-01-08,1,9,6,6,3482,7,43,6.65,13.5
2015-01-08,1,11,1,1,3576,19,51,6.57,71.2
2015-01-08,1,11,5,2,3282,66,19,6.62,71.2
2015-01-08,1,11,6,3,3787,51,32,6.68,71.2
2015-01-08,1,11,2,4,3284,17,14,6.7,71.2
2015-01-08,1,11,3,5,3885,18,44,6.66,71.2
2015-01-08,1,11,4,6,4381,56,21,6.56,71.2
2015-01-08,1,12,1,1,4296,15,13,6.67,30.8
2015-01-08,1,12,3,2,4028,57,38,6.68,30.8
2015-01-08,1,12,6,3,4015,13,47,6.68,30.8
2015-01-08,1,12,5,4,4049,5,57,6.65,30.8
2015-01-08,1,12,4,5,3740,47,2,6.69,30.8
2015-01-08,1,12,2,6,3054,62,6,6.66,30.8
2015-01-09,2,2,3,1,3891,16,53,6.75,247.3
2015-01-09,2,2,6,2,4691,8,66,6.61,247.3
2015-01-09,2,2,4,3,4329,55,54,6.68,247.3
2015-01-09,2,2,2,4,3374,21,4,6.67,247.3
2015-01-09,2,2,1,5,4054,22,65,6.69,247.3
2015-01-09,2,2,5,6,3372,6,25,6.76,247.3
2015-01-09,2,3,1,1,3564,60,58,6.67,95.2
2015-01-09,2,3,2,2,4331,65,15,6.66,95.2
2015-01-09,2,3,6,3,3870,52,5,6.69,95.2
2015-01-09,2,3,3,4,3315,20,60,6.74,95.2
2015-01-09,2,3,4,5,3268,58,11,6.66,95.2
2015-01-09,2,3,5,6,3284,17,14,6.76,95.2
2015-01-09,2,4,4,1,3282,66,19,6.61,62.7
2015-01-09,2,4,1,2,4533,63,64,6.61,62.7
2015-01-09,2,4,2,3,3764,54,59,6.79,62.7
2015-01-09,2,4,6,4,3740,47,2,6.65,62.7
2015-01-09,2,4,3,5,3052,64,20,6.62,62.7
2015-01-09,2,4,5,6,4805,59,40,6.68,62.7
2015-01-09,2,5,2,1,4406,43,28,6.75,343.6
2015-01-09,2,5,3,2,4381,56,21,6.59,343.6
2015-01-09,2,5,1,3,4571,53,41,6.58,343.6
2015-01-09,2,5,6,4,3471,45,52,6.73,343.6
2015-01-09,2,5,5,5,3377,50,29,6.7,343.6
2015-01-09,2,5,4,6,4015,13,47,6.71,343.6
2015-01-09,2,6,3,1,3054,62,6,6.65,54.3
2015-01-09,2,6,1,2,4595,14,33,6.68,54.3
2015-01-09,2,6,4,3,3164,23,8,6.74,54.3
2015-01-09,2,6,2,4,4288,9,48,6.76,54.3
2015-01-09,2,6,5,5,4329,55,54,6.64,54.3
2015-01-09,2,6,6,6,3456,46,9,6.68,54.3
2015-01-09,2,8,1,1,4049,5,57,6.62,16.2
2015-01-09,2,8,2,2,3885,18,44,6.69,16.2
2015-01-09,2,8,3,3,4054,22,65,6.75,16.2
2015-01-09,2,8,4,4,4105,11,10,6.67,16.2
2015-01-09,2,8,5,5,4343,4,37,6.57,16.2
2015-01-09,2,8,6,6,4805,59,40,6.67,16.2
2015-01-09,2,9,2,1,4028,57,38,6.62,118.8
2015-01-09,2,9,4,2,3764,54,59,6.72,118.8
2015-01-09,2,9,1,3,4365,24,55,6.57,118.8
2015-01-09,2,9,3,4,3742,30,17,6.67,118.8
2015-01-09,2,9,5,5,3787,51,32,6.61,118.8
2015-01-09,2,9,6,6,3284,17,14,6.62,118.8
2015-01-09,2,10,1,1,3282,66,19,6.59,16.1
2015-01-09,2,10,3,2,4296,15,13,6.63,16.1
2015-01-09,2,10,2,3,3482,7,43,6.62,16.1
2015-01-09,2,10,5,4,3164,23,8,6.6,16.1
2015-01-09,2,10,4,5,4331,65,15,6.6,16.1
2015-01-09,2,10,6,6,4381,56,21,6.6,16.1
2015-01-09,2,11,3,1,4288,9,48,6.67,154.7
2015-01-09,2,11,4,2,3957,12,24,6.65,154.7
2015-01-09,2,11,5,3,3740,47,2,6.63,154.7
2015-01-09,2,11,2,4,4643,10,46,6.69,154.7
2015-01-09,2,11,1,5,4015,13,47,6.63,154.7
2015-01-09,2,11,6,6,3372,6,25,6.64,154.7
2015-01-09,2,12,1,1,3054,62,6,6.61,8.1
2015-01-09,2,12,2,2,4571,53,41,6.57,8.1
2015-01-09,2,12,3,3,3576,19,51,6.61,8.1
2015-01-09,2,12,6,4,4105,11,10,6.65,8.1
2015-01-09,2,12,5,5,3268,58,11,6.62,8.1
2015-01-09,2,12,4,6,3891,16,53,6.73,8.1
2015-01-10,3,2,3,1,3762,48,16,6.71,62.4
2015-01-10,3,2,1,2,3764,54,59,6.83,62.4
2015-01-10,3,2,5,3,3471,45,52,6.78,62.4
2015-01-10,3,2,2,4,4365,24,61,6.71,62.4
2015-01-10,3,2,6,5,3374,21,4,6.75,62.4
2015-01-10,3,2,4,6,4054,22,65,6.73,62.4
2015-01-10,3,3,3,1,3456,46,9,6.69,84.0
2015-01-10,3,3,1,2,4331,65,15,6.6,84.0
2015-01-10,3,3,4,3,4049,5,57,6.71,84.0
2015-01-10,3,3,2,4,4329,55,54,6.7,84.0
2015-01-10,3,3,5,5,4691,8,66,6.6,84.0
2015-01-10,3,3,6,6,4805,59,40,6.73,84.0
2015-01-10,3,4,6,1,4296,15,13,6.66,83.1
2015-01-10,3,4,5,2,3891,16,53,6.74,83.1
2015-01-10,3,4,3,3,4571,53,41,6.59,83.1
2015-01-10,3,4,2,4,4343,4,37,6.67,83.1
2015-01-10,3,4,4,5,3372,6,25,6.7,83.1
2015-01-10,3,4,1,6,4406,43,28,6.65,83.1
2015-01-10,3,5,4,1,3377,50,29,6.57,513.8
2015-01-10,3,5,2,2,3282,66,19,6.55,513.8
2015-01-10,3,5,6,3,3453,61,45,6.66,513.8
2015-01-10,3,5,1,4,3164,23,8,6.61,513.8
2015-01-10,3,5,5,5,3564,60,58,6.59,513.8
2015-01-10,3,5,3,6,3284,17,14,6.67,513.8
2015-01-10,3,6,1,1,3052,64,20,6.65,30.9
2015-01-10,3,6,3,2,3740,47,2,6.71,30.9
2015-01-10,3,6,2,3,3742,30,17,6.66,30.9
2015-01-10,3,6,6,4,3315,20,60,6.76,30.9
2015-01-10,3,6,4,5,3885,18,44,6.78,30.9
2015-01-10,3,6,5,6,4054,22,65,6.72,30.9
2015-01-10,3,7,1,1,3787,51,32,6.69,23.5
2015-01-10,3,7,4,2,4028,57,38,6.71,23.5
2015-01-10,3,7,3,3,4331,65,15,6.64,23.5
2015-01-10,3,7,5,4,3663,44,30,6.71,23.5
2015-01-10,3,7,6,5,4533,63,64,6.7,23.5
2015-01-10,3,7,2,6,3268,58,11,6.71,23.5
2015-01-10,3,8,4,1,4288,9,48,6.66,239.7
2015-01-10,3,8,5,2,3870,52,5,6.65,239.7
2015-01-10,3,8,2,3,4381,56,21,6.55,239.7
2015-01-10,3,8,1,4,3054,62,6,6.61,239.7
2015-01-10,3,8,6,5,4691,8,66,6.63,239.7
2015-01-10,3,8,3,6,3764,54,59,6.71,239.7
2015-01-10,3,9,1,1,4329,55,54,6.66,78.5
2015-01-10,3,9,5,2,3482,7,43,6.66,78.5
2015-01-10,3,9,2,3,4015,13,47,6.69,78.5
2015-01-10,3,9,3,4,4643,10,46,6.69,78.5
2015-01-10,3,9,4,5,3284,17,14,6.74,78.5
2015-01-10,3,9,6,6,3891,16,53,6.74,78.5
2015-01-10,3,10,6,1,4571,53,41,6.65,58.3
2015-01-10,3,10,2,2,3576,19,51,6.65,58.3
2015-01-10,3,10,3,3,3282,66,19,6.66,58.3
2015-01-10,3,10,4,4,4595,14,33,6.78,58.3
2015-01-10,3,10,5,5,3374,21,4,6.73,58.3
2015-01-10,3,10,1,6,3885,18,44,6.74,58.3
2015-01-10,3,11,1,1,3740,47,2,6.63,23.3
2015-01-10,3,11,5,2,4296,15,13,6.66,23.3
2015-01-10,3,11,6,3,3377,50,29,6.63,23.3
2015-01-10,3,11,2,4,4105,11,10,6.64,23.3
2015-01-10,3,11,4,5,3663,44,30,6.67,23.3
2015-01-10,3,11,3,6,3471,45,52,6.66,23.3
2015-01-10,3,12,1,1,4028,57,38,6.62,25.8
2015-01-10,3,12,3,2,3164,23,8,6.63,25.8
2015-01-10,3,12,5,3,4643,10,46,6.68,25.8
2015-01-10,3,12,4,4,3742,30,17,6.66,25.8
2015-01-10,3,12,2,5,4049,5,57,6.63,25.8
2015-01-10,3,12,6,6,3762,48,16,6.71,25.8
2015-01-11,4,1,1,1,4381,56,21,6.67,9.6
2015-01-11,4,1,3,2,3471,45,52,6.83,9.6
2015-01-11,4,1,4,3,3787,51,32,6.75,9.6
2015-01-11,4,1,6,4,3052,64,20,6.77,9.6
2015-01-11,4,1,5,5,4805,59,40,6.72,9.6
2015-01-11,4,1,2,6,3456,46,9,6.66,9.6
2015-01-11,4,2,1,1,3372,6,25,6.74,25.1
2015-01-11,4,2,5,2,4331,65,15,6.68,25.1
2015-01-11,4,2,2,3,4054,22,65,6.69,25.1
2015-01-11,4,2,3,4,4343,4,37,6.68,25.1
2015-01-11,4,2,4,5,3453,61,45,6.71,25.1
2015-01-11,4,2,6,6,4691,8,66,6.63,25.1
2015-01-11,4,3,3,1,3663,44,30,6.68,16.0
2015-01-11,4,3,1,2,3315,20,60,6.72,16.0
2015-01-11,4,3,4,3,4643,10,46,6.67,16.0
2015-01-11,4,3,6,4,4406,43,28,6.67,16.0
2015-01-11,4,3,2,5,4595,14,33,6.75,16.0
2015-01-11,4,3,5,6,4365,24,61,6.58,16.0
2015-01-11,4,4,6,1,3054,62,6,6.62,44.2
2015-01-11,4,4,4,2,4105,11,10,6.59,44.2
2015-01-11,4,4,5,3,3268,58,11,6.7,44.2
2015-01-11,4,4,1,4,3891,16,53,6.75,44.2
2015-01-11,4,4,2,5,3564,60,58,6.63,44.2
2015-01-11,4,4,3,6,3377,50,29,6.62,44.2
2015-01-11,4,5,5,1,4028,57,38,6.61,41.8
2015-01-11,4,5,2,2,4015,13,47,6.7,41.8
2015-01-11,4,5,3,3,3870,52,5,6.72,41.8
2015-01-11,4,5,1,4,4288,9,48,6.61,41.8
2015-01-11,4,5,4,5,3374,21,4,6.72,41.8
2015-01-11,4,5,6,6,4805,59,40,6.7,41.8
2015-01-11,4,6,3,1,3576,19,51,6.59,7.1
2015-01-11,4,6,2,2,3742,30,17,6.61,7.1
2015-01-11,4,6,5,3,3164,23,8,6.59,7.1
2015-01-11,4,6,6,4,4533,63,64,6.63,7.1
2015-01-11,4,6,4,5,3456,46,9,6.7,7.1
2015-01-11,4,6,1,6,3453,61,45,6.66,7.1
2015-01-11,4,7,4,1,3885,18,44,6.73,97.0
2015-01-11,4,7,3,2,4049,5,57,6.72,97.0
2015-01-11,4,7,2,3,3282,66,19,6.66,97.0
2015-01-11,4,7,1,4,3482,7,43,6.68,97.0
2015-01-11,4,7,6,5,4329,55,54,6.64,97.0
2015-01-11,4,7,5,6,4406,43,28,6.72,97.0
2015-01-11,4,8,1,1,4296,15,13,6.62,22.7
2015-01-11,4,8,3,2,3372,6,25,6.66,22.7
2015-01-11,4,8,6,3,4365,24,61,6.6,22.7
2015-01-11,4,8,2,4,3284,17,14,6.71,22.7
2015-01-11,4,8,4,5,3268,58,11,6.78,22.7
2015-01-11,4,8,5,6,3052,64,20,6.67,22.7
2015-01-11,4,9,3,1,4571,53,41,6.62,20.3
2015-01-11,4,9,1,2,3742,30,17,6.64,20.3
2015-01-11,4,9,5,3,3054,62,6,6.61,20.3
2015-01-11,4,9,2,4,3762,48,16,6.73,20.3
2015-01-11,4,9,4,5,4331,65,15,6.6,20.3
2015-01-11,4,9,6,6,3764,54,56,6.75,20.3
2015-01-11,4,10,1,1,3740,47,2,6.6,62.5
2015-01-11,4,10,3,2,3164,23,8,6.66,62.5
2015-01-11,4,10,4,3,4343,4,37,6.69,62.5
2015-01-11,4,10,2,4,3315,20,60,6.76,62.5
2015-01-11,4,10,6,5,4028,57,38,6.67,62.5
2015-01-11,4,10,5,6,4105,11,10,6.62,62.5
2015-01-11,4,11,4,1,3377,50,29,6.65,90.2
2015-01-11,4,11,1,2,3576,19,51,6.55,90.2
2015-01-11,4,11,6,3,3663,44,30,6.64,90.2
2015-01-11,4,11,5,4,3885,18,44,6.68,90.2
2015-01-11,4,11,2,5,4381,56,21,6.62,90.2
2015-01-11,4,11,3,6,4015,13,47,6.7,90.2
2015-01-12,5,1,1,1,4288,9,48,6.56,11.6
2015-01-12,5,1,2,2,4343,4,63,6.64,11.6
2015-01-12,5,1,4,3,3052,64,20,6.59,11.6
2015-01-12,5,1,3,4,3762,48,16,6.63,11.6
2015-01-12,5,1,6,5,4406,43,28,6.58,11.6
2015-01-12,5,1,5,6,3891,16,53,6.63,11.6
2015-01-12,5,2,1,1,3453,61,45,6.56,34.2
2015-01-12,5,2,3,2,4595,14,33,6.58,34.2
2015-01-12,5,2,2,3,4365,24,61,6.5,34.2
2015-01-12,5,2,4,4,3374,21,4,6.58,34.2
2015-01-12,5,2,5,5,4054,22,65,6.61,34.2
2015-01-12,5,2,6,6,4805,59,40,6.66,34.2
2015-01-12,5,3,1,1,3870,52,5,6.6,212.9
2015-01-12,5,3,5,2,4691,8,66,6.62,212.9
2015-01-12,5,3,3,3,3564,60,35,6.57,212.9
2015-01-12,5,3,6,4,3764,54,56,6.61,212.9
2015-01-12,5,3,4,5,3663,44,30,6.53,212.9
2015-01-12,5,3,2,6,3471,45,52,6.59,212.9
2015-01-12,5,4,1,1,4331,65,15,6.49,18.3
2015-01-12,5,4,6,2,3576,19,51,6.53,18.3
2015-01-12,5,4,2,3,3268,58,11,6.59,18.3
2015-01-12,5,4,5,4,3284,17,14,6.66,18.3
2015-01-12,5,4,3,5,3377,50,29,6.55,18.3
2015-01-12,5,4,4,6,3456,46,9,6.5,18.3
2015-01-12,5,5,2,1,3482,7,43,6.5,181.2
2015-01-12,5,5,3,2,3740,47,2,6.59,181.2
2015-01-12,5,5,1,3,4643,10,46,6.54,181.2
2015-01-12,5,5,6,4,4533,63,64,6.45,181.2
2015-01-12,5,5,5,5,3762,48,16,6.61,181.2
2015-01-12,5,5,4,6,4296,15,13,6.5,181.2
2015-01-12,5,6,6,1,4049,5,57,6.51,36.6
2015-01-12,5,6,1,2,4105,11,10,6.55,36.6
2015-01-12,5,6,3,3,4571,53,41,6.55,36.6
2015-01-12,5,6,5,4,3885,18,44,6.61,36.6
2015-01-12,5,6,4,5,3372,6,25,6.62,36.6
2015-01-12,5,6,2,6,3315,20,60,6.55,36.6
2015-01-12,5,7,1,1,3282,66,19,6.47,99.5
2015-01-12,5,7,6,2,3742,30,17,6.55,99.5
2015-01-12,5,7,2,3,4329,55,54,6.61,99.5
2015-01-12,5,7,5,4,4381,56,21,6.52,99.5
2015-01-12,5,7,4,5,4054,22,65,6.62,99.5
2015-01-12,5,7,3,6,4028,57,38,6.56,99.5
2015-01-12,5,8,4,1,3054,62,6,6.51,171.7
2015-01-12,5,8,6,2,4691,8,66,6.56,171.7
2015-01-12,5,8,2,3,4015,13,47,6.58,171.7
2015-01-12,5,8,1,4,3164,23,8,6.56,171.7
2015-01-12,5,8,3,5,3787,51,32,6.54,171.7
2015-01-12,5,8,5,6,3374,21,4,6.57,171.7
2015-01-12,5,10,5,1,4288,9,48,6.59,395.2
2015-01-12,5,10,3,2,3282,66,19,6.6,395.2
2015-01-12,5,10,2,3,4571,53,41,6.55,395.2
2015-01-12,5,10,4,4,3377,50,29,6.6,395.2
2015-01-12,5,10,1,5,4296,15,13,6.55,395.2
2015-01-12,5,10,6,6,3870,52,5,6.64,395.2
2015-01-12,5,11,1,1,4028,57,38,6.53,21.9
2015-01-12,5,11,2,2,3054,62,6,6.55,21.9
2015-01-12,5,11,5,3,3482,7,43,6.54,21.9
2015-01-12,5,11,6,4,4331,65,15,6.51,21.9
2015-01-12,5,11,4,5,3164,23,8,6.57,21.9
2015-01-12,5,11,3,6,4049,5,57,6.55,21.9
2015-01-12,5,12,1,1,4015,13,47,6.53,23.9
2015-01-12,5,12,6,2,4381,56,21,6.46,23.9
2015-01-12,5,12,3,3,3891,16,53,6.6,23.9
2015-01-12,5,12,2,4,4595,14,33,6.54,23.9
2015-01-12,5,12,5,5,3764,54,56,6.65,23.9
2015-01-12,5,12,4,6,3268,58,11,6.57,23.9
2015-01-13,6,1,1,1,3742,30,17,6.66,17.0
2015-01-13,6,1,5,2,4533,63,64,6.59,17.0
2015-01-13,6,1,3,3,3372,6,25,6.67,17.0
2015-01-13,6,1,4,4,3456,46,9,6.66,17.0
2015-01-13,6,1,2,5,4406,43,28,6.74,17.0
2015-01-13,6,1,6,6,4595,14,33,6.63,17.0
2015-01-13,6,2,3,1,4343,4,63,6.63,36.5
2015-01-13,6,2,4,2,3315,20,60,6.71,36.5
2015-01-13,6,2,1,3,3764,54,56,6.78,36.5
2015-01-13,6,2,2,4,4054,22,65,6.71,36.5
2015-01-13,6,2,6,5,4365,24,61,6.65,36.5
2015-01-13,6,2,5,6,4805,59,40,6.63,36.5
2015-01-13,6,3,5,1,3482,7,43,6.74,41.6
2015-01-13,6,3,4,2,4331,65,15,6.69,41.6
2015-01-13,6,3,1,3,3377,50,29,6.63,41.6
2015-01-13,6,3,3,4,3052,64,20,6.65,41.6
2015-01-13,6,3,6,5,3453,61,45,6.74,41.6
2015-01-13,6,3,2,6,3374,21,4,6.69,41.6
2015-01-13,6,4,1,1,3870,52,5,6.74,61.9
2015-01-13,6,4,6,2,3268,58,11,6.7,61.9
2015-01-13,6,4,3,3,4329,55,54,6.67,61.9
2015-01-13,6,4,2,4,3885,18,44,6.67,61.9
2015-01-13,6,4,5,5,3787,51,32,6.7,61.9
2015-01-13,6,4,4,6,3564,60,35,6.62,61.9
2015-01-13,6,5,3,1,4381,56,21,6.54,24.6
2015-01-13,6,5,1,2,4296,15,13,6.71,24.6
2015-01-13,6,5,6,3,4691,8,66,6.64,24.6
2015-01-13,6,5,2,4,3891,16,53,6.72,24.6
2015-01-13,6,5,4,5,3284,17,14,6.7,24.6
2015-01-13,6,5,5,6,3456,46,9,6.7,24.6
2015-01-13,6,6,1,1,3164,23,8,6.71,13.9
2015-01-13,6,6,3,2,4365,24,61,6.67,13.9
2015-01-13,6,6,4,3,4015,13,47,6.73,13.9
2015-01-13,6,6,5,4,3471,45,52,6.8,13.9
2015-01-13,6,6,6,5,4343,4,63,6.62,13.9
2015-01-13,6,6,2,6,3762,48,16,6.74,13.9
2015-01-13,6,7,1,1,3663,44,30,6.61,7.4
2015-01-13,6,7,2,2,4571,53,41,6.58,7.4
2015-01-13,6,7,5,3,3372,6,25,6.75,7.4
2015-01-13,6,7,3,4,4406,43,28,6.7,7.4
2015-01-13,6,7,4,5,3052,64,20,6.66,7.4
2015-01-13,6,7,6,6,4805,59,40,6.68,7.4
2015-01-13,6,8,2,1,3740,47,2,6.65,22.5
2015-01-13,6,8,1,2,4049,5,57,6.64,22.5
2015-01-13,6,8,6,3,4533,63,64,6.64,22.5
2015-01-13,6,8,4,4,3885,18,44,6.7,22.5
2015-01-13,6,8,3,5,3453,61,45,6.72,22.5
2015-01-13,6,8,5,6,4329,55,54,6.76,22.5
2015-01-13,6,9,5,1,3315,20,60,6.73,941.8
2015-01-13,6,9,3,2,3564,60,35,6.57,941.8
2015-01-13,6,9,2,3,3284,17,14,6.61,941.8
2015-01-13,6,9,1,4,4381,56,21,6.59,941.8
2015-01-13,6,9,4,5,3787,51,32,6.71,941.8
2015-01-13,6,9,6,6,4015,13,47,6.7,941.8
2015-01-13,6,10,1,1,4571,53,41,6.62,11.7
2015-01-13,6,10,3,2,4331,65,15,6.55,11.7
2015-01-13,6,10,5,3,3164,23,8,6.65,11.7
2015-01-13,6,10,4,4,3663,44,30,6.66,11.7
2015-01-13,6,10,6,5,3870,52,5,6.75,11.7
2015-01-13,6,10,2,6,3471,45,52,6.74,11.7
2015-01-13,6,11,4,1,4296,15,13,6.64,39.1
2015-01-13,6,11,5,2,4049,5,57,6.67,39.1
2015-01-13,6,11,1,3,3740,47,2,6.63,39.1
2015-01-13,6,11,3,4,3377,50,29,6.57,39.1
2015-01-13,6,11,6,5,3742,30,17,6.7,39.1
2015-01-13,6,11,2,6,3482,7,43,6.66,39.1
2015-01-13,6,12,1,1,4028,57,38,6.65,6.6
2015-01-13,6,12,2,2,3576,19,51,6.63,6.6
2015-01-13,6,12,4,3,3054,62,6,6.64,6.6
2015-01-13,6,12,3,4,4288,9,48,6.69,6.6
2015-01-13,6,12,5,5,3282,66,19,6.66,6.6
2015-01-13,6,12,6,6,4105,11,10,6.62,6.6
2015-01-16,1,1,4,1,3772,13,49,6.68,173.3
2015-01-16,1,1,6,2,3476,53,66,6.64,173.3
2015-01-16,1,1,1,3,3694,33,4,6.62,173.3
2015-01-16,1,1,2,4,4046,54,6,6.59,173.3
2015-01-16,1,1,3,5,3974,39,47,6.61,173.3
2015-01-16,1,1,5,6,3830,51,5,6.68,173.3
2015-01-16,1,2,3,1,4514,5,64,6.57,29.3
2015-01-16,1,2,1,2,2912,8,38,6.66,29.3
2015-01-16,1,2,5,3,4204,31,59,6.55,29.3
2015-01-16,1,2,2,4,4034,45,41,6.61,29.3
2015-01-16,1,2,4,5,4226,49,36,6.68,29.3
2015-01-16,1,2,6,6,4735,48,25,6.64,29.3
2015-01-16,1,3,1,1,3832,2,18,6.72,52.9
2015-01-16,1,3,4,2,3005,50,62,6.68,52.9
2015-01-16,1,3,6,3,3445,9,54,6.72,52.9
2015-01-16,1,3,2,4,2941,30,46,6.7,52.9
2015-01-16,1,3,5,5,4083,12,27,6.61,52.9
2015-01-16,1,3,3,6,4675,6,63,6.74,52.9
2015-01-16,1,4,6,1,3412,56,28,6.58,26.5
2015-01-16,1,4,1,2,3365,55,10,6.65,26.5
2015-01-16,1,4,3,3,4596,52,21,6.71,26.5
2015-01-16,1,4,2,4,3786,38,30,6.65,26.5
2015-01-16,1,4,4,5,3153,7,35,6.64,26.5
2015-01-16,1,4,5,6,4697,37,39,6.63,26.5
2015-01-16,1,5,3,1,4262,34,17,6.58,14.8
2015-01-16,1,5,4,2,3107,28,60,6.62,14.8
2015-01-16,1,5,1,3,3986,25,53,6.62,14.8
2015-01-16,1,5,6,4,4725,4,7,6.6,14.8
2015-01-16,1,5,2,5,4158,3,14,6.67,14.8
2015-01-16,1,5,5,6,4277,40,11,6.61,14.8
2015-01-16,1,6,2,1,4254,11,1,6.63,41.8
2015-01-16,1,6,4,2,4760,41,19,6.61,41.8
2015-01-16,1,6,3,3,3081,26,56,6.7,41.8
2015-01-16,1,6,6,4,4134,14,65,6.63,41.8
2015-01-16,1,6,1,5,4674,1,45,6.7,41.8
2015-01-16,1,6,5,6,3476,53,66,6.67,41.8
2015-01-16,1,7,2,1,3541,46,8,6.64,13.0
2015-01-16,1,7,1,2,4514,5,64,6.61,13.0
2015-01-16,1,7,5,3,4318,36,40,6.66,13.0
2015-01-16,1,7,6,4,3005,50,62,6.71,13.0
2015-01-16,1,7,4,5,4046,54,6,6.64,13.0
2015-01-16,1,7,3,6,3349,10,32,6.8,13.0
2015-01-16,1,8,1,1,3436,32,9,6.65,19.8
2015-01-16,1,8,3,2,4034,45,41,6.66,19.8
2015-01-16,1,8,2,3,4233,47,55,6.61,19.8
2015-01-16,1,8,5,4,4675,6,63,6.71,19.8
2015-01-16,1,8,4,5,3602,27,51,6.75,19.8
2015-01-16,1,8,6,6,4697,37,39,6.64,19.8
2015-01-16,1,9,2,1,3805,57,34,6.76,13.8
2015-01-16,1,9,1,2,4513,44,23,6.69,13.8
2015-01-16,1,9,5,3,4596,52,20,6.68,13.8
2015-01-16,1,9,6,4,3974,39,47,6.7,13.8
2015-01-16,1,9,4,5,4012,43,57,6.77,13.8
2015-01-16,1,9,3,6,2941,30,46,6.76,13.8
2015-01-16,1,10,4,1,4134,14,65,6.7,92.9
2015-01-16,1,10,5,2,3107,28,60,6.72,92.9
2015-01-16,1,10,1,3,3679,29,58,6.75,92.9
2015-01-16,1,10,6,4,4204,31,59,6.62,92.9
2015-01-16,1,10,2,5,3153,7,35,6.73,92.9
2015-01-16,1,10,3,6,3761,35,37,6.7,92.9
2015-01-16,1,12,1,1,3541,46,8,6.65,8.3
2015-01-16,1,12,3,2,3412,56,28,6.59,8.3
2015-01-16,1,12,5,3,4262,34,17,6.62,8.3
2015-01-16,1,12,2,4,3081,26,56,6.75,8.3
2015-01-16,1,12,4,5,3436,32,9,6.7,8.3
2015-01-16,1,12,6,6,4083,12,33,6.62,8.3
2015-01-17,2,1,4,1,3974,39,47,6.57,283.9
2015-01-17,2,1,3,2,2912,8,38,6.56,283.9
2015-01-17,2,1,6,3,3786,38,30,6.59,283.9
2015-01-17,2,1,1,4,3602,27,51,6.69,283.9
2015-01-17,2,1,5,5,4725,4,7,6.58,283.9
2015-01-17,2,1,2,6,4760,41,19,6.55,283.9
2015-01-17,2,2,1,1,4277,40,11,6.58,43.8
2015-01-17,2,2,3,2,3153,7,35,6.5,43.8
2015-01-17,2,2,6,3,4046,54,6,6.48,43.8
2015-01-17,2,2,2,4,3830,51,5,6.6,43.8
2015-01-17,2,2,4,5,4158,3,14,6.63,43.8
2015-01-17,2,2,5,6,3365,55,10,6.64,43.8
2015-01-17,2,3,4,1,3832,2,43,6.59,54.1
2015-01-17,2,3,3,2,3772,13,49,6.62,54.1
2015-01-17,2,3,5,3,4233,47,55,6.61,54.1
2015-01-17,2,3,6,4,3436,32,9,6.61,54.1
2015-01-17,2,3,1,5,4226,49,36,6.58,54.1
2015-01-17,2,3,2,6,4674,1,45,6.62,54.1
2015-01-17,2,4,3,1,4318,36,40,6.57,23.5
2015-01-17,2,4,1,2,3476,53,66,6.51,23.5
2015-01-17,2,4,4,3,3679,29,58,6.61,23.5
2015-01-17,2,4,6,4,4513,44,23,6.59,23.5
2015-01-17,2,4,5,5,4735,48,25,6.55,23.5
2015-01-17,2,4,2,6,4675,6,63,6.6,23.5
2015-01-17,2,5,1,1,3761,35,37,6.64,9.1
2015-01-17,2,5,2,2,3107,28,60,6.56,9.1
2015-01-17,2,5,3,3,4254,11,1,6.58,9.1
2015-01-17,2,5,4,4,4034,45,41,6.56,9.1
2015-01-17,2,5,6,5,4697,37,13,6.56,9.1
2015-01-17,2,5,5,6,2941,30,46,6.6,9.1
2015-01-17,2,6,1,1,4204,31,59,6.49,48.8
2015-01-17,2,6,3,2,4012,43,57,6.63,48.8
2015-01-17,2,6,2,3,3694,33,4,6.55,48.8
2015-01-17,2,6,5,4,3805,57,34,6.56,48.8
2015-01-17,2,6,4,5,4277,40,11,6.58,48.8
2015-01-17,2,6,6,6,4725,4,7,6.51,48.8
2015-01-17,2,7,2,1,3412,56,28,6.59,11.4
2015-01-17,2,7,3,2,4083,12,33,6.64,11.4
2015-01-17,2,7,1,3,3005,50,62,6.63,11.4
2015-01-17,2,7,5,4,4158,3,14,6.71,11.4
2015-01-17,2,7,4,5,4674,1,45,6.58,11.4
2015-01-17,2,7,6,6,4596,52,20,6.65,11.4
2015-01-17,2,8,4,1,3541,46,8,6.63,11.4
2015-01-17,2,8,2,2,4134,14,65,6.65,11.4
2015-01-17,2,8,1,3,3349,10,32,6.71,11.4
2015-01-17,2,8,3,4,3830,51,5,6.72,11.4
2015-01-17,2,8,5,5,3786,38,30,6.73,11.4
2015-01-17,2,8,6,6,4735,48,25,6.69,11.4
2015-01-17,2,9,1,1,4760,41,19,6.55,150.0
2015-01-17,2,9,6,2,4318,36,40,6.64,150.0
2015-01-17,2,9,2,3,4262,34,17,6.6,150.0
2015-01-17,2,9,5,4,3436,32,9,6.6,150.0
2015-01-17,2,9,3,5,3445,9,54,6.67,150.0
2015-01-17,2,9,4,6,3365,55,10,6.65,150.0
2015-01-17,2,10,4,1,3986,25,53,6.57,38.5
2015-01-17,2,10,5,2,4254,11,1,6.61,38.5
2015-01-17,2,10,6,3,3772,13,49,6.67,38.5
2015-01-17,2,10,1,4,3081,26,56,6.64,38.5
2015-01-17,2,10,2,5,4514,5,64,6.58,38.5
2015-01-17,2,10,3,6,3602,27,51,6.7,38.5
2015-01-17,2,11,1,1,4083,12,33,6.58,8.2
2015-01-17,2,11,3,2,3107,28,60,6.57,8.2
2015-01-17,2,11,5,3,3679,29,58,6.72,8.2
2015-01-17,2,11,2,4,4012,43,57,6.68,8.2
2015-01-17,2,11,4,5,2912,8,38,6.68,8.2
2015-01-17,2,11,6,6,4233,47,55,6.6,8.2
2015-01-17,2,12,1,1,3412,56,28,6.56,18.4
2015-01-17,2,12,4,2,3349,10,32,6.72,18.4
2015-01-17,2,12,3,3,3805,57,34,6.64,18.4
2015-01-17,2,12,6,4,3832,2,43,6.68,18.4
2015-01-17,2,12,2,5,3761,35,37,6.65,18.4
2015-01-17,2,12,5,6,4513,44,23,6.68,18.4
2015-01-18,3,1,2,1,3476,53,66,6.58,32.7
2015-01-18,3,1,1,2,3445,9,54,6.71,32.7
2015-01-18,3,1,3,3,4760,41,19,6.57,32.7
2015-01-18,3,1,4,4,4675,6,63,6.68,32.7
2015-01-18,3,1,6,5,4697,37,13,6.62,32.7
2015-01-18,3,1,5,6,3153,7,35,6.68,32.7
2015-01-18,3,3,2,1,3974,39,47,6.64,55.9
2015-01-18,3,3,6,2,3541,46,8,6.66,55.9
2015-01-18,3,3,4,3,3694,33,4,6.63,55.9
2015-01-18,3,3,3,4,3005,50,62,6.66,55.9
2015-01-18,3,3,1,5,4158,3,14,6.69,55.9
2015-01-18,3,3,5,6,4725,4,7,6.64,55.9
2015-01-18,3,4,5,1,4012,43,57,6.64,72.4
2015-01-18,3,4,3,2,4513,44,23,6.63,72.4
2015-01-18,3,4,4,3,3081,26,56,6.65,72.4
2015-01-18,3,4,6,4,2941,30,46,6.63,72.4
2015-01-18,3,4,1,5,3830,51,5,6.64,72.4
2015-01-18,3,4,2,6,4204,31,59,6.58,72.4
2015-01-18,3,5,4,1,4262,34,17,6.6,313.5
2015-01-18,3,5,5,2,2912,8,38,6.58,313.5
2015-01-18,3,5,6,3,4674,1,45,6.63,313.5
2015-01-18,3,5,3,4,4083,12,33,6.5,313.5
2015-01-18,3,5,1,5,3805,57,34,6.57,313.5
2015-01-18,3,5,2,6,3365,55,10,6.59,313.5
2015-01-18,3,6,3,1,4596,52,20,6.7,76.3
2015-01-18,3,6,5,2,3772,13,49,6.68,76.3
2015-01-18,3,6,2,3,3349,10,32,6.66,76.3
2015-01-18,3,6,6,4,3153,7,35,6.7,76.3
2015-01-18,3,6,4,5,4233,47,55,6.63,76.3
2015-01-18,3,6,1,6,4046,54,6,6.62,76.3
2015-01-18,3,7,1,1,3974,39,47,6.64,30.6
2015-01-18,3,7,2,2,3436,32,9,6.71,30.6
2015-01-18,3,7,3,3,3679,29,58,6.75,30.6
2015-01-18,3,7,5,4,3412,56,28,6.64,30.6
2015-01-18,3,7,4,5,3786,38,44,6.7,30.6
2015-01-18,3,7,6,6,4675,6,63,6.68,30.6
2015-01-18,3,8,3,1,4204,31,59,6.57,312.7
2015-01-18,3,8,4,2,4254,11,1,6.64,312.7
2015-01-18,3,8,6,3,4725,4,7,6.49,312.7
2015-01-18,3,8,1,4,4318,36,40,6.67,312.7
2015-01-18,3,8,2,5,3445,9,54,6.68,312.7
2015-01-18,3,8,5,6,4226,49,36,6.61,312.7
2015-01-18,3,10,1,1,3107,28,60,6.59,72.9
2015-01-18,3,10,5,2,3005,50,62,6.67,72.9
2015-01-18,3,10,4,3,4513,44,23,6.67,72.9
2015-01-18,3,10,6,4,2912,8,38,6.6,72.9
2015-01-18,3,10,3,5,3349,10,32,6.72,72.9
2015-01-18,3,10,2,6,3602,27,51,6.7,72.9
2015-01-18,3,11,3,1,3436,32,9,6.69,61.4
2015-01-18,3,11,1,2,3081,26,56,6.7,61.4
2015-01-18,3,11,2,3,4596,52,20,6.73,61.4
2015-01-18,3,11,5,4,3694,33,4,6.7,61.4
2015-01-18,3,11,4,5,3805,57,34,6.64,61.4
2015-01-18,3,11,6,6,4034,45,29,6.64,61.4
2015-01-18,3,12,3,1,4233,47,55,6.66,270.7
2015-01-18,3,12,5,2,3541,46,8,6.73,270.7
2015-01-18,3,12,2,3,3679,29,58,6.7,270.7
2015-01-18,3,12,4,4,4318,36,40,6.67,270.7
2015-01-18,3,12,1,5,4262,34,17,6.66,270.7
2015-01-18,3,12,6,6,4514,5,50,6.65,270.7
2015-01-19,4,1,1,1,4233,47,55,6.63,20.2
2015-01-19,4,1,4,2,3830,51,5,6.74,20.2
2015-01-19,4,1,6,3,4760,41,19,6.61,20.2
2015-01-19,4,1,3,4,3786,38,44,6.65,20.2
2015-01-19,4,1,2,5,3005,50,62,6.69,20.2
2015-01-19,4,1,5,6,4697,37,13,6.68,20.2
2015-01-19,4,2,5,1,4046,54,6,6.74,235.1
2015-01-19,4,2,2,2,3832,2,43,6.7,235.1
2015-01-19,4,2,3,3,3365,55,10,6.7,235.1
2015-01-19,4,2,6,4,4277,40,11,6.67,235.1
2015-01-19,4,2,4,5,4204,31,59,6.64,235.1
2015-01-19,4,2,1,6,2941,30,46,6.67,235.1
2015-01-19,4,3,4,1,4012,43,57,6.72,32.3
2015-01-19,4,3,5,2,3081,26,56,6.64,32.3
2015-01-19,4,3,1,3,4034,45,29,6.6,32.3
2015-01-19,4,3,6,4,4725,4,7,6.59,32.3
2015-01-19,4,3,2,5,3772,13,49,6.74,32.3
2015-01-19,4,3,3,6,4674,1,45,6.72,32.3
2015-01-19,4,4,4,1,4262,34,17,6.66,10.6
2015-01-19,4,4,2,2,2912,8,38,6.57,10.6
2015-01-19,4,4,5,3,3986,25,53,6.65,10.6
2015-01-19,4,4,6,4,3761,35,37,6.69,10.6
2015-01-19,4,4,3,5,4158,3,14,6.74,10.6
2015-01-19,4,4,1,6,4675,6,63,6.71,10.6
2015-01-19,4,5,1,1,3412,56,28,6.58,12.9
2015-01-19,4,5,3,2,4254,11,1,6.62,12.9
2015-01-19,4,5,2,3,4226,49,36,6.68,12.9
2015-01-19,4,5,4,4,3694,33,4,6.64,12.9
2015-01-19,4,5,6,5,4735,48,25,6.57,12.9
2015-01-19,4,5,5,6,3974,39,47,6.67,12.9
2015-01-19,4,6,3,1,3541,46,8,6.6,8.2
2015-01-19,4,6,2,2,3679,29,58,6.67,8.2
2015-01-19,4,6,5,3,3602,27,51,6.67,8.2
2015-01-19,4,6,4,4,2941,30,46,6.67,8.2
2015-01-19,4,6,1,5,3153,7,35,6.68,8.2
2015-01-19,4,6,6,6,3830,51,5,6.68,8.2
2015-01-19,4,7,3,1,4134,14,65,6.65,219.6
2015-01-19,4,7,5,2,4514,5,50,6.58,219.6
2015-01-19,4,7,1,3,3772,13,49,6.71,219.6
2015-01-19,4,7,4,4,3107,28,60,6.61,219.6
2015-01-19,4,7,2,5,3436,32,9,6.64,219.6
2015-01-19,4,7,6,6,4697,37,13,6.63,219.6
2015-01-19,4,8,4,1,3805,57,34,6.66,55.1
2015-01-19,4,8,2,2,4083,12,33,6.63,55.1
2015-01-19,4,8,5,3,4760,41,19,6.55,55.1
2015-01-19,4,8,1,4,4012,43,57,6.64,55.1
2015-01-19,4,8,6,5,4158,3,14,6.76,55.1
2015-01-19,4,8,3,6,3476,53,66,6.61,55.1
2015-01-19,4,9,4,1,3349,10,32,6.57,28.7
2015-01-19,4,9,6,2,3081,26,56,6.61,28.7
2015-01-19,4,9,2,3,4318,36,40,6.66,28.7
2015-01-19,4,9,3,4,3832,2,43,6.7,28.7
2015-01-19,4,9,5,5,4735,48,25,6.53,28.7
2015-01-19,4,9,1,6,4596,52,20,6.68,28.7
2015-01-19,4,10,4,1,3412,56,28,6.58,15.1
2015-01-19,4,10,1,2,3541,46,8,6.61,15.1
2015-01-19,4,10,2,3,4513,44,23,6.64,15.1
2015-01-19,4,10,3,4,3445,9,54,6.73,15.1
2015-01-19,4,10,5,5,4674,1,45,6.67,15.1
2015-01-19,4,10,6,6,3365,55,10,6.74,15.1
2015-01-19,4,11,1,1,4262,34,17,6.65,40.7
2015-01-19,4,11,4,2,4233,47,55,6.63,40.7
2015-01-19,4,11,6,3,3602,27,51,6.63,40.7
2015-01-19,4,11,2,4,3107,28,60,6.59,40.7
2015-01-19,4,11,5,5,3694,33,4,6.63,40.7
2015-01-19,4,11,3,6,4046,54,6,6.64,40.7
2015-01-19,4,12,1,1,3679,29,58,6.6,25.0
2015-01-19,4,12,5,2,4134,14,65,6.55,25.0
2015-01-19,4,12,4,3,4254,11,1,6.62,25.0
2015-01-19,4,12,6,4,3986,25,53,6.6,25.0
2015-01-19,4,12,2,5,3805,57,34,6.59,25.0
2015-01-19,4,12,3,6,4277,40,11,6.62,25.0
2015-01-20,5,1,1,1,4513,44,23,6.64,21.4
2015-01-20,5,1,3,2,2912,8,38,6.59,21.4
2015-01-20,5,1,4,3,4675,6,63,6.74,21.4
2015-01-20,5,1,5,4,4226,49,36,6.67,21.4
2015-01-20,5,1,2,5,4760,41,19,6.64,21.4
2015-01-20,5,1,6,6,4725,4,7,6.67,21.4
2015-01-20,5,2,2,1,3153,7,35,6.68,78.8
2015-01-20,5,2,4,2,4012,43,57,6.69,78.8
2015-01-20,5,2,3,3,4514,5,50,6.61,78.8
2015-01-20,5,2,6,4,4697,37,13,6.65,78.8
2015-01-20,5,2,5,5,3832,2,43,6.71,78.8
2015-01-20,5,2,1,6,4158,3,14,6.75,78.8
2015-01-20,5,3,2,1,3694,33,4,6.6,19.2
2015-01-20,5,3,5,2,3107,28,60,6.62,19.2
2015-01-20,5,3,6,3,3412,56,28,6.6,19.2
2015-01-20,5,3,3,4,3772,13,49,6.69,19.2
2015-01-20,5,3,4,5,3476,53,66,6.68,19.2
2015-01-20,5,3,1,6,2941,30,46,6.63,19.2
2015-01-20,5,4,5,1,4262,34,17,6.7,38.3
2015-01-20,5,4,1,2,4204,31,59,6.64,38.3
2015-01-20,5,4,4,3,3436,32,9,6.68,38.3
2015-01-20,5,4,3,4,4674,1,45,6.65,38.3
2015-01-20,5,4,6,5,4134,14,65,6.63,38.3
2015-01-20,5,4,2,6,4034,45,29,6.7,38.3
2015-01-20,5,5,1,1,3986,25,53,6.56,6.7
2015-01-20,5,5,3,2,4233,47,55,6.65,6.7
2015-01-20,5,5,4,3,4083,12,33,6.59,6.7
2015-01-20,5,5,5,4,3830,51,5,6.68,6.7
2015-01-20,5,5,2,5,3974,39,47,6.63,6.7
2015-01-20,5,5,6,6,4735,48,25,6.6,6.7
2015-01-20,5,6,1,1,3349,10,32,6.7,9.6
2015-01-20,5,6,4,2,3679,29,58,6.72,9.6
2015-01-20,5,6,3,3,4318,36,40,6.71,9.6
2015-01-20,5,6,2,4,3365,55,10,6.73,9.6
2015-01-20,5,6,5,5,4046,54,6,6.6,9.6
2015-01-20,5,6,6,6,4254,11,1,6.6,9.6
2015-01-20,5,8,1,1,4134,14,65,6.68,13.6
2015-01-20,5,8,2,2,4262,34,17,6.75,13.6
2015-01-20,5,8,5,3,3694,33,4,6.77,13.6
2015-01-20,5,8,4,4,3772,13,49,6.76,13.6
2015-01-20,5,8,3,5,4012,43,57,6.73,13.6
2015-01-20,5,8,6,6,4513,44,23,6.74,13.6
2015-01-20,5,9,1,1,3412,56,28,6.65,14.1
2015-01-20,5,9,3,2,3436,32,9,6.72,14.1
2015-01-20,5,9,6,3,3986,25,53,6.65,14.1
2015-01-20,5,9,2,4,3107,28,60,6.74,14.1
2015-01-20,5,9,4,5,4318,36,40,6.73,14.1
2015-01-20,5,9,5,6,4760,41,19,6.64,14.1
2015-01-20,5,10,5,1,3974,39,47,6.7,583.9
2015-01-20,5,10,1,2,4254,11,1,6.67,583.9
2015-01-20,5,10,4,3,2912,8,38,6.72,583.9
2015-01-20,5,10,2,4,3081,26,56,6.68,583.9
2015-01-20,5,10,3,5,4083,12,33,6.71,583.9
2015-01-20,5,10,6,6,3349,10,32,6.82,583.9
2015-01-20,5,11,1,1,3541,46,8,6.77,10.9
2015-01-20,5,11,4,2,4233,47,55,6.81,10.9
2015-01-20,5,11,3,3,3679,29,58,6.82,10.9
2015-01-20,5,11,2,4,3832,2,43,6.82,10.9
2015-01-20,5,11,5,5,3805,57,34,6.78,10.9
2015-01-20,5,11,6,6,4204,31,59,6.67,10.9
2015-01-20,5,12,1,1,4596,52,20,6.73,37.9
2015-01-20,5,12,5,2,4514,5,50,6.67,37.9
2015-01-20,5,12,4,3,3445,9,54,6.74,37.9
2015-01-20,5,12,2,4,3005,50,62,6.78,37.9
2015-01-20,5,12,6,5,3761,35,37,6.74,37.9
2015-01-20,5,12,3,6,3602,27,51,6.89,37.9
2015-01-21,6,1,3,1,3005,50,62,6.54,28.6
2015-01-21,6,1,1,2,4318,36,40,6.69,28.6
2015-01-21,6,1,5,3,3476,53,66,6.62,28.6
2015-01-21,6,1,2,4,4046,54,6,6.61,28.6
2015-01-21,6,1,6,5,4735,48,25,6.59,28.6
2015-01-21,6,1,4,6,3786,38,44,6.75,28.6
2015-01-21,6,2,2,1,4226,49,36,6.71,132.3
2015-01-21,6,2,6,2,4034,45,29,6.69,132.3
2015-01-21,6,2,3,3,4675,6,63,6.64,132.3
2015-01-21,6,2,1,4,3830,51,5,6.71,132.3
2015-01-21,6,2,4,5,2941,30,46,6.66,132.3
2015-01-21,6,2,5,6,3365,55,10,6.65,132.3
2015-01-21,6,3,3,1,3349,10,32,6.67,156.0
2015-01-21,6,3,5,2,4725,4,7,6.64,156.0
2015-01-21,6,3,4,3,4514,5,50,6.68,156.0
2015-01-21,6,3,2,4,4204,31,59,6.57,156.0
2015-01-21,6,3,1,5,4760,41,19,6.62,156.0
2015-01-21,6,3,6,6,4158,3,14,6.69,156.0
2015-01-21,6,4,3,1,3602,27,51,6.74,191.9
2015-01-21,6,4,4,2,3153,7,35,6.73,191.9
2015-01-21,6,4,1,3,3772,13,49,6.69,191.9
2015-01-21,6,4,6,4,4697,37,13,6.58,191.9
2015-01-21,6,4,2,5,4083,12,33,6.57,191.9
2015-01-21,6,4,5,6,4277,40,11,6.62,191.9
2015-01-21,6,5,1,1,3986,25,53,6.58,11.3
2015-01-21,6,5,3,2,3436,32,9,6.67,11.3
2015-01-21,6,5,4,3,4254,11,1,6.68,11.3
2015-01-21,6,5,6,4,3412,56,28,6.6,11.3
2015-01-21,6,5,2,5,2912,8,38,6.61,11.3
2015-01-21,6,5,5,6,3974,39,47,6.72,11.3
2015-01-21,6,6,4,1,4262,34,17,6.64,165.9
2015-01-21,6,6,1,2,3694,33,4,6.62,165.9
2015-01-21,6,6,5,3,4134,14,65,6.65,165.9
2015-01-21,6,6,6,4,3541,46,8,6.63,165.9
2015-01-21,6,6,2,5,3679,29,58,6.67,165.9
2015-01-21,6,6,3,6,4233,47,55,6.61,165.9
2015-01-21,6,7,1,1,3805,57,34,6.63,32.8
2015-01-21,6,7,5,2,3005,50,62,6.65,32.8
2015-01-21,6,7,4,3,3107,28,60,6.68,32.8
2015-01-21,6,7,3,4,4226,49,36,6.69,32.8
2015-01-21,6,7,2,5,3832,2,43,6.68,32.8
2015-01-21,6,7,6,6,3761,35,37,6.73,32.8
2015-01-21,6,8,1,1,3081,26,56,6.56,37.8
2015-01-21,6,8,3,2,4674,1,45,6.72,37.8
2015-01-21,6,8,2,3,4513,44,23,6.67,37.8
2015-01-21,6,8,6,4,4725,4,7,6.6,37.8
2015-01-21,6,8,4,5,4596,52,20,6.66,37.8
2015-01-21,6,8,5,6,3153,7,35,6.65,37.8
2015-01-21,6,11,1,1,3541,46,8,6.66,13.4
2015-01-21,6,11,4,2,3436,32,9,6.74,13.4
2015-01-21,6,11,3,3,4262,34,17,6.69,13.4
2015-01-21,6,11,5,4,3679,29,58,6.77,13.4
2015-01-21,6,11,6,5,3986,25,53,6.77,13.4
2015-01-21,6,11,2,6,3974,39,47,6.66,13.4
2015-01-21,6,12,1,1,3107,28,60,6.66,53.9
2015-01-21,6,12,4,2,3476,53,66,6.7,53.9
2015-01-21,6,12,6,3,4596,52,20,6.69,53.9
2015-01-21,6,12,3,4,3081,26,56,6.75,53.9
2015-01-21,6,12,5,5,4034,45,29,6.67,53.9
2015-01-21,6,12,2,6,3602,27,51,6.75,53.9
2015-01-22,7,1,1,1,4012,43,57,6.75,7.9
2015-01-22,7,1,2,2,3153,7,35,6.8,7.9
2015-01-22,7,1,5,3,4674,1,45,6.72,7.9
2015-01-22,7,1,3,4,2941,30,46,6.82,7.9
2015-01-22,7,1,6,5,4158,3,14,6.8,7.9
2015-01-22,7,1,4,6,4675,6,63,6.77,7.9
2015-01-22,7,2,1,1,4034,45,29,6.73,13.5
2015-01-22,7,2,3,2,3830,51,5,6.8,13.5
2015-01-22,7,2,4,3,3786,38,44,6.76,13.5
2015-01-22,7,2,2,4,3365,55,10,6.75,13.5
2015-01-22,7,2,5,5,4697,37,13,6.64,13.5
2015-01-22,7,2,6,6,4725,4,7,6.68,13.5
2015-01-22,7,3,1,1,3974,39,47,6.72,17.9
2015-01-22,7,3,6,2,4254,11,1,6.79,17.9
2015-01-22,7,3,3,3,4204,31,59,6.71,17.9
2015-01-22,7,3,4,4,3445,9,54,6.75,17.9
2015-01-22,7,3,5,5,4735,48,25,6.74,17.9
2015-01-22,7,3,2,6,4277,40,11,6.77,17.9
2015-01-22,7,4,1,1,4233,47,55,6.71,16.0
2015-01-22,7,4,2,2,3772,13,49,6.81,16.0
2015-01-22,7,4,4,3,4046,54,6,6.66,16.0
2015-01-22,7,4,5,4,3602,27,51,6.76,16.0
2015-01-22,7,4,6,5,4760,41,19,6.64,16.0
2015-01-22,7,4,3,6,3832,2,43,6.8,16.0
2015-01-22,7,6,1,1,4083,12,33,6.66,13.7
2015-01-22,7,6,2,2,3476,53,66,6.75,13.7
2015-01-22,7,6,4,3,3694,33,4,6.75,13.7
2015-01-22,7,6,5,4,3761,35,37,6.82,13.7
2015-01-22,7,6,6,5,3830,51,5,6.83,13.7
2015-01-22,7,6,3,6,4514,5,50,6.68,13.7
2015-01-22,7,7,1,1,3107,28,60,6.67,47.6
2015-01-22,7,7,5,2,3445,9,54,6.78,47.6
2015-01-22,7,7,3,3,3365,55,10,6.81,47.6
2015-01-22,7,7,2,4,3081,26,56,6.77,47.6
2015-01-22,7,7,4,5,4674,1,16,6.75,47.6
2015-01-22,7,7,6,6,4735,48,25,6.7,47.6
2015-01-22,7,8,1,1,3679,29,58,6.76,27.1
2015-01-22,7,8,4,2,4596,52,20,6.82,27.1
2015-01-22,7,8,3,3,4277,40,11,6.71,27.1
2015-01-22,7,8,2,4,3805,57,34,6.75,27.1
2015-01-22,7,8,6,5,4697,37,13,6.72,27.1
2015-01-22,7,8,5,6,4204,31,59,6.65,27.1
2015-01-22,7,9,1,1,3349,10,32,6.66,28.8
2015-01-22,7,9,2,2,4513,44,26,6.68,28.8
2015-01-22,7,9,5,3,3832,2,43,6.78,28.8
2015-01-22,7,9,4,4,4254,11,1,6.65,28.8
2015-01-22,7,9,3,5,4046,54,6,6.68,28.8
2015-01-22,7,9,6,6,3761,35,37,6.73,28.8
2015-01-22,7,10,1,1,3986,25,53,6.63,36.0
2015-01-22,7,10,6,2,4083,12,33,6.61,36.0
2015-01-22,7,10,5,3,4318,36,40,6.69,36.0
2015-01-22,7,10,3,4,3974,39,47,6.68,36.0
2015-01-22,7,10,4,5,3107,28,60,6.63,36.0
2015-01-22,7,10,2,6,4233,47,55,6.64,36.0
2015-01-22,7,11,1,1,3694,33,4,6.69,17.5
2015-01-22,7,11,2,2,3679,29,58,6.73,17.5
2015-01-22,7,11,5,3,3805,57,34,6.65,17.5
2015-01-22,7,11,4,4,4012,43,57,6.67,17.5
2015-01-22,7,11,6,5,3772,13,49,6.8,17.5
2015-01-22,7,11,3,6,3081,26,56,6.71,17.5
2015-01-22,7,12,1,1,3541,46,8,6.6,9.7
2015-01-22,7,12,4,2,4262,34,17,6.64,9.7
2015-01-22,7,12,2,3,3412,56,28,6.59,9.7
2015-01-22,7,12,3,4,3436,32,9,6.66,9.7
2015-01-22,7,12,6,5,4134,14,65,6.67,9.7
2015-01-22,7,12,5,6,2912,8,38,6.67,9.7
2015-01-25,1,1,1,1,4467,44,5,6.65,13.2
2015-01-25,1,1,4,2,3910,28,28,6.67,13.2
2015-01-25,1,1,3,3,4219,34,61,6.74,13.2
2015-01-25,1,1,6,4,4263,39,25,6.69,13.2
2015-01-25,1,1,2,5,3095,15,53,6.68,13.2
2015-01-25,1,1,5,6,3224,22,24,6.68,13.2
2015-01-25,1,2,2,1,3551,49,49,6.62,41.2
2015-01-25,1,2,6,2,3254,41,52,6.65,41.2
2015-01-25,1,2,1,3,3207,58,26,6.65,41.2
2015-01-25,1,2,5,4,4775,26,9,6.64,41.2
2015-01-25,1,2,4,5,3280,62,57,6.68,41.2
2015-01-25,1,2,3,6,4621,20,21,6.66,41.2
2015-01-25,1,3,5,1,3339,63,50,6.7,32.5
2015-01-25,1,3,3,2,3452,2,55,6.72,32.5
2015-01-25,1,3,6,3,3227,37,34,6.65,32.5
2015-01-25,1,3,4,4,2380,40,48,6.69,32.5
2015-01-25,1,3,2,5,3166,65,63,6.64,32.5
2015-01-25,1,3,1,6,3824,66,16,6.6,32.5
2015-01-25,1,4,1,1,3528,16,35,6.67,16.9
2015-01-25,1,4,3,2,3175,23,2,6.64,16.9
2015-01-25,1,4,4,3,3357,29,7,6.71,16.9
2015-01-25,1,4,5,4,3195,5,51,6.72,16.9
2015-01-25,1,4,2,5,3317,3,14,6.72,16.9
2015-01-25,1,4,6,6,4830,25,15,6.69,16.9
2015-01-25,1,5,3,1,4483,38,58,6.77,36.4
2015-01-25,1,5,2,2,4772,43,59,6.75,36.4
2015-01-25,1,5,4,3,3036,33,6,6.74,36.4
2015-01-25,1,5,6,4,3171,27,39,6.76,36.4
2015-01-25,1,5,5,5,3835,60,32,6.62,36.4
2015-01-25,1,5,1,6,3051,4,11,6.72,36.4
2015-01-25,1,6,4,1,4478,19,17,6.72,121.3
2015-01-25,1,6,5,2,4501,50,18,6.77,121.3
2015-01-25,1,6,3,3,3645,32,8,6.74,121.3
2015-01-25,1,6,2,4,3188,36,43,6.71,121.3
2015-01-25,1,6,1,5,4726,45,47,6.67,121.3
2015-01-25,1,6,6,6,4670,1,1,6.73,121.3
2015-01-25,1,7,2,1,4276,18,31,6.65,93.5
2015-01-25,1,7,6,2,3339,63,50,6.67,93.5
2015-01-25,1,7,1,3,4219,34,61,6.74,93.5
2015-01-25,1,7,4,4,4202,46,65,6.69,93.5
2015-01-25,1,7,5,5,3907,31,22,6.69,93.5
2015-01-25,1,7,3,6,3906,21,37,6.68,93.5
2015-01-25,1,8,2,1,4502,59,60,6.61,97.8
2015-01-25,1,8,3,2,4525,24,10,6.59,97.8
2015-01-25,1,8,5,3,4621,20,21,6.69,97.8
2015-01-25,1,8,1,4,3357,29,7,6.64,97.8
2015-01-25,1,8,4,5,4017,17,66,6.76,97.8
2015-01-25,1,8,6,6,4775,26,9,6.67,97.8
2015-01-25,1,9,2,1,3391,35,27,6.71,213.5
2015-01-25,1,9,4,2,3824,66,16,6.68,213.5
2015-01-25,1,9,5,3,3452,2,55,6.75,213.5
2015-01-25,1,9,1,4,3095,15,53,6.69,213.5
2015-01-25,1,9,6,5,3036,33,6,6.66,213.5
2015-01-25,1,9,3,6,3887,64,29,6.67,213.5
2015-01-25,1,10,2,1,3334,61,38,6.7,33.9
2015-01-25,1,10,1,2,3280,62,57,6.67,33.9
2015-01-25,1,10,6,3,4478,19,17,6.74,33.9
2015-01-25,1,10,4,4,3254,41,52,6.66,33.9
2015-01-25,1,10,3,5,3195,5,51,6.74,33.9
2015-01-25,1,10,5,6,3645,32,8,6.74,33.9
2015-01-25,1,11,1,1,4276,18,31,6.75,8.3
2015-01-25,1,11,4,2,3227,37,34,6.71,8.3
2015-01-25,1,11,5,3,4263,39,25,6.76,8.3
2015-01-25,1,11,6,4,3910,28,28,6.7,8.3
2015-01-25,1,11,3,5,3051,4,11,6.76,8.3
2015-01-25,1,11,2,6,2380,40,48,6.7,8.3
2015-01-25,1,12,2,1,3580,30,19,6.71,873.1
2015-01-25,1,12,6,2,4017,17,66,6.79,873.1
2015-01-25,1,12,4,3,4502,59,60,6.62,873.1
2015-01-25,1,12,1,4,3188,36,43,6.64,873.1
2015-01-25,1,12,3,5,4501,50,64,6.67,873.1
2015-01-25,1,12,5,6,3175,23,2,6.69,873.1
2015-01-26,2,1,5,1,4525,24,10,6.77,141.6
2015-01-26,2,1,4,2,4726,45,47,6.74,141.6
2015-01-26,2,1,2,3,3280,62,57,6.81,141.6
2015-01-26,2,1,3,4,3528,16,35,6.81,141.6
2015-01-26,2,1,1,5,3645,32,8,6.78,141.6
2015-01-26,2,1,6,6,4830,25,15,6.73,141.6
2015-01-26,2,2,6,1,3907,31,22,6.74,53.0
2015-01-26,2,2,5,2,3095,15,53,6.78,53.0
2015-01-26,2,2,1,3,3224,22,24,6.74,53.0
2015-01-26,2,2,2,4,3824,66,16,6.74,53.0
2015-01-26,2,2,4,5,3166,65,63,6.81,53.0
2015-01-26,2,2,3,6,3835,60,32,6.73,53.0
2015-01-26,2,3,5,1,4502,59,60,6.65,27.4
2015-01-26,2,3,4,2,3207,58,26,6.66,27.4
2015-01-26,2,3,2,3,4478,19,17,6.68,27.4
2015-01-26,2,3,6,4,4621,20,21,6.74,27.4
2015-01-26,2,3,1,5,3195,5,51,6.74,27.4
2015-01-26,2,3,3,6,3317,3,14,6.75,27.4
2015-01-26,2,4,3,1,4202,46,65,6.68,474.5
2015-01-26,2,4,2,2,3171,27,39,6.66,474.5
2015-01-26,2,4,6,3,3391,35,27,6.65,474.5
2015-01-26,2,4,1,4,3339,63,50,6.68,474.5
2015-01-26,2,4,5,5,4467,44,5,6.67,474.5
2015-01-26,2,4,4,6,4772,43,59,6.68,474.5
2015-01-26,2,5,3,1,3357,29,7,6.74,19.3
2015-01-26,2,5,1,2,3175,23,2,6.63,19.3
2015-01-26,2,5,4,3,3580,30,19,6.79,19.3
2015-01-26,2,5,5,4,3334,61,38,6.7,19.3
2015-01-26,2,5,6,5,4775,26,9,6.72,19.3
2015-01-26,2,5,2,6,4670,1,1,6.81,19.3
2015-01-26,2,6,3,1,3910,28,28,6.73,25.4
2015-01-26,2,6,2,2,3036,33,6,6.66,25.4
2015-01-26,2,6,5,3,4483,38,58,6.69,25.4
2015-01-26,2,6,6,4,3906,21,37,6.73,25.4
2015-01-26,2,6,1,5,2380,40,48,6.65,25.4
2015-01-26,2,6,4,6,4219,34,61,6.75,25.4
2015-01-26,2,7,3,1,4502,59,60,6.66,53.2
2015-01-26,2,7,2,2,4501,50,64,6.66,53.2
2015-01-26,2,7,6,3,4726,45,47,6.66,53.2
2015-01-26,2,7,1,4,3254,41,52,6.64,53.2
2015-01-26,2,7,4,5,4525,24,10,6.68,53.2
2015-01-26,2,7,5,6,3551,49,49,6.62,53.2
2015-01-26,2,8,1,1,4263,39,25,6.67,16.7
2015-01-26,2,8,2,2,3887,64,29,6.68,16.7
2015-01-26,2,8,3,3,3171,27,39,6.77,16.7
2015-01-26,2,8,4,4,4467,44,5,6.71,16.7
2015-01-26,2,8,5,5,3166,65,63,6.73,16.7
2015-01-26,2,8,6,6,3835,60,32,6.74,16.7
2015-01-26,2,9,4,1,3334,61,38,6.7,58.0
2015-01-26,2,9,2,2,4017,17,66,6.88,58.0
2015-01-26,2,9,6,3,3207,58,26,6.76,58.0
2015-01-26,2,9,5,4,3188,36,43,6.82,58.0
2015-01-26,2,9,1,5,3317,3,14,6.8,58.0
2015-01-26,2,9,3,6,4670,1,1,6.83,58.0
2015-01-26,2,10,1,1,3452,2,55,6.69,28.0
2015-01-26,2,10,2,2,3224,22,24,6.71,28.0
2015-01-26,2,10,6,3,4202,46,65,6.82,28.0
2015-01-26,2,10,5,4,3906,21,37,6.7,28.0
2015-01-26,2,10,3,5,4772,43,59,6.81,28.0
2015-01-26,2,10,4,6,3051,4,11,6.76,28.0
2015-01-26,2,11,5,1,3528,16,35,6.69,325.4
2015-01-26,2,11,1,2,3580,30,19,6.78,325.4
2015-01-26,2,11,4,3,4501,50,64,6.72,325.4
2015-01-26,2,11,6,4,3551,49,49,6.71,325.4
2015-01-26,2,11,2,5,3357,29,7,6.78,325.4
2015-01-26,2,11,3,6,4478,19,17,6.78,325.4
2015-01-26,2,12,2,1,3227,37,34,6.67,39.2
2015-01-26,2,12,1,2,3887,64,29,6.64,39.2
2015-01-26,2,12,4,3,4276,18,31,6.69,39.2
2015-01-26,2,12,5,4,3391,35,27,6.7,39.2
2015-01-26,2,12,3,5,3907,31,22,6.67,39.2
2015-01-26,2,12,6,6,4483,38,58,6.8,39.2
2015-01-27,3,1,4,1,3835,60,32,6.69,374.6
2015-01-27,3,1,5,2,4202,46,65,6.77,374.6
2015-01-27,3,1,1,3,3036,33,6,6.63,374.6
2015-01-27,3,1,2,4,3910,28,28,6.68,374.6
2015-01-27,3,1,6,5,3051,4,11,6.72,374.6
2015-01-27,3,1,3,6,3166,65,63,6.72,374.6
2015-01-27,3,2,3,1,3357,29,7,6.64,34.8
2015-01-27,3,2,4,2,3645,32,8,6.67,34.8
2015-01-27,3,2,2,3,3207,58,26,6.67,34.8
2015-01-27,3,2,6,4,3334,61,38,6.7,34.8
2015-01-27,3,2,5,5,4830,25,15,6.7,34.8
2015-01-27,3,2,1,6,4621,20,21,6.68,34.8
2015-01-27,3,3,5,1,3227,37,34,6.62,84.5
2015-01-27,3,3,3,2,4772,43,59,6.68,84.5
2015-01-27,3,3,4,3,3095,15,53,6.69,84.5
2015-01-27,3,3,1,4,3171,27,39,6.67,84.5
2015-01-27,3,3,6,5,4219,34,61,6.72,84.5
2015-01-27,3,3,2,6,3907,31,22,6.66,84.5
2015-01-27,3,4,3,1,3175,23,2,6.65,40.6
2015-01-27,3,4,4,2,3188,36,43,6.69,40.6
2015-01-27,3,4,2,3,3254,41,44,6.67,40.6
2015-01-27,3,4,6,4,3528,16,35,6.67,40.6
2015-01-27,3,4,5,5,4670,1,1,6.75,40.6
2015-01-27,3,4,1,6,4525,24,10,6.62,40.6
2015-01-27,3,5,1,1,4483,38,58,6.67,7.5
2015-01-27,3,5,3,2,3391,35,27,6.73,7.5
2015-01-27,3,5,2,3,3452,2,55,6.67,7.5
2015-01-27,3,5,4,4,3224,22,24,6.67,7.5
2015-01-27,3,5,5,5,2380,40,48,6.66,7.5
2015-01-27,3,5,6,6,3166,65,63,6.62,7.5
2015-01-27,3,6,2,1,3645,32,8,6.64,23.9
2015-01-27,3,6,3,2,3580,30,19,6.7,23.9
2015-01-27,3,6,5,3,4017,17,66,6.76,23.9
2015-01-27,3,6,1,4,3551,49,49,6.56,23.9
2015-01-27,3,6,4,5,3317,3,14,6.7,23.9
2015-01-27,3,6,6,6,4775,26,9,6.73,23.9
2015-01-27,3,7,3,1,3339,63,50,6.72,197.4
2015-01-27,3,7,4,2,3906,21,37,6.62,197.4
2015-01-27,3,7,2,3,4467,44,5,6.69,197.4
2015-01-27,3,7,5,4,3887,64,29,6.65,197.4
2015-01-27,3,7,1,5,3910,28,28,6.58,197.4
2015-01-27,3,7,6,6,3824,66,16,6.61,197.4
2015-01-27,3,8,4,1,4501,50,64,6.67,27.8
2015-01-27,3,8,1,2,4502,59,60,6.58,27.8
2015-01-27,3,8,5,3,3280,62,57,6.64,27.8
2015-01-27,3,8,2,4,3175,23,2,6.61,27.8
2015-01-27,3,8,3,5,3207,58,26,6.69,27.8
2015-01-27,3,8,6,6,4830,25,15,6.64,27.8
2015-01-27,3,9,4,1,3391,35,27,6.65,74.4
2015-01-27,3,9,5,2,3051,4,11,6.58,74.4
2015-01-27,3,9,3,3,4276,18,31,6.59,74.4
2015-01-27,3,9,6,4,3095,15,53,6.75,74.4
2015-01-27,3,9,2,5,4263,39,25,6.7,74.4
2015-01-27,3,9,1,6,3835,60,32,6.63,74.4
2015-01-27,3,10,1,1,4478,19,17,6.58,10.3
2015-01-27,3,10,5,2,3580,30,19,6.64,10.3
2015-01-27,3,10,3,3,4017,17,66,6.69,10.3
2015-01-27,3,10,2,4,4726,45,47,6.62,10.3
2015-01-27,3,10,6,5,3195,5,51,6.73,10.3
2015-01-27,3,10,4,6,4670,1,1,6.73,10.3
2015-01-27,3,11,3,1,3036,33,6,6.65,109.1
2015-01-27,3,11,6,2,3887,64,29,6.61,109.1
2015-01-27,3,11,2,3,3339,63,50,6.67,109.1
2015-01-27,3,11,4,4,3452,2,55,6.67,109.1
2015-01-27,3,11,5,5,4219,34,61,6.75,109.1
2015-01-27,3,11,1,6,3907,31,22,6.68,109.1
2015-01-28,4,2,1,1,4202,46,65,6.63,28.1
2015-01-28,4,2,2,2,4219,34,61,6.71,28.1
2015-01-28,4,2,4,3,4263,39,25,6.66,28.1
2015-01-28,4,2,5,4,3910,28,28,6.6,28.1
2015-01-28,4,2,3,5,3824,66,16,6.57,28.1
2015-01-28,4,2,6,6,2380,40,48,6.6,28.1
2015-01-28,4,3,3,1,3280,62,33,6.59,10.4
2015-01-28,4,3,4,2,3551,49,49,6.56,10.4
2015-01-28,4,3,5,3,3357,29,7,6.67,10.4
2015-01-28,4,3,2,4,3195,5,51,6.63,10.4
2015-01-28,4,3,1,5,4670,1,1,6.69,10.4
2015-01-28,4,3,6,6,4830,25,15,6.62,10.4
2015-01-28,4,5,4,1,3188,36,43,6.63,32.5
2015-01-28,4,5,5,2,4478,19,17,6.67,32.5
2015-01-28,4,5,6,3,3645,32,8,6.62,32.5
2015-01-28,4,5,1,4,3580,30,19,6.66,32.5
2015-01-28,4,5,2,5,3528,16,35,6.68,32.5
2015-01-28,4,5,3,6,4726,45,47,6.64,32.5
2015-01-28,4,8,1,1,3227,37,34,6.55,9.6
2015-01-28,4,8,4,2,3907,31,22,6.65,9.6
2015-01-28,4,8,2,3,4483,38,58,6.64,9.6
2015-01-28,4,8,6,4,3224,22,24,6.62,9.6
2015-01-28,4,8,3,5,3095,15,53,6.7,9.6
2015-01-28,4,8,5,6,3824,66,16,6.55,9.6
2015-01-28,4,9,1,1,3188,36,43,6.59,10.4
2015-01-28,4,9,3,2,4502,59,60,6.64,10.4
2015-01-28,4,9,5,3,4726,45,47,6.67,10.4
2015-01-28,4,9,2,4,4017,17,66,6.72,10.4
2015-01-28,4,9,4,5,3195,5,51,6.66,10.4
2015-01-28,4,9,6,6,4775,26,9,6.65,10.4
2015-01-28,4,10,1,1,3391,35,27,6.65,30.3
2015-01-28,4,10,3,2,4467,44,5,6.59,30.3
2015-01-28,4,10,6,3,3452,2,55,6.64,30.3
2015-01-28,4,10,2,4,3906,21,37,6.64,30.3
2015-01-28,4,10,4,5,3339,63,50,6.65,30.3
2015-01-28,4,10,5,6,3171,27,39,6.66,30.3
2015-01-28,4,11,4,1,3227,37,34,6.62,37.1
2015-01-28,4,11,5,2,4276,18,31,6.67,37.1
2015-01-28,4,11,6,3,4772,43,59,6.66,37.1
2015-01-28,4,11,3,4,4263,39,25,6.62,37.1
2015-01-28,4,11,2,5,4202,46,65,6.63,37.1
2015-01-28,4,11,1,6,4483,38,58,6.64,37.1
2015-01-28,4,12,1,1,4502,59,60,6.56,49.1
2015-01-28,4,12,5,2,3254,41,44,6.66,49.1
2015-01-28,4,12,4,3,3580,30,19,6.64,49.1
2015-01-28,4,12,2,4,3175,23,4,6.6,49.1
2015-01-28,4,12,3,5,3334,61,40,6.58,49.1
2015-01-28,4,12,6,6,3357,29,7,6.64,49.1
2015-01-29,5,1,1,1,4263,39,25,6.66,6.1
2015-01-29,5,1,3,2,3452,2,55,6.74,6.1
2015-01-29,5,1,5,3,3207,58,26,6.69,6.1
2015-01-29,5,1,2,4,4670,1,1,6.73,6.1
2015-01-29,5,1,6,5,3166,65,63,6.66,6.1
2015-01-29,5,1,4,6,3195,5,51,6.73,6.1
2015-01-29,5,2,6,1,3906,21,37,6.7,70.2
2015-01-29,5,2,4,2,3339,63,50,6.71,70.2
2015-01-29,5,2,2,3,3910,28,28,6.64,70.2
2015-01-29,5,2,1,4,4772,43,59,6.66,70.2
2015-01-29,5,2,3,5,3334,61,40,6.65,70.2
2015-01-29,5,2,5,6,4830,25,15,6.66,70.2
2015-01-29,5,3,4,1,4017,17,66,6.74,33.0
2015-01-29,5,3,3,2,2380,40,48,6.63,33.0
2015-01-29,5,3,1,3,3645,32,8,6.74,33.0
2015-01-29,5,3,5,4,3835,60,32,6.68,33.0
2015-01-29,5,3,2,5,4621,20,21,6.69,33.0
2015-01-29,5,3,6,6,4726,45,47,6.68,33.0
2015-01-29,5,4,5,1,4202,46,23,6.74,352.3
2015-01-29,5,4,1,2,3391,35,27,6.77,352.3
2015-01-29,5,4,4,3,4478,19,17,6.71,352.3
2015-01-29,5,4,2,4,3254,41,44,6.68,352.3
2015-01-29,5,4,6,5,4502,59,60,6.75,352.3
2015-01-29,5,4,3,6,4276,18,31,6.73,352.3
2015-01-29,5,5,3,1,3227,37,34,6.71,9.6
2015-01-29,5,5,1,2,3357,29,7,6.69,9.6
2015-01-29,5,5,4,3,3188,36,43,6.65,9.6
2015-01-29,5,5,5,4,3224,22,24,6.73,9.6
2015-01-29,5,5,2,5,4525,24,10,6.67,9.6
2015-01-29,5,5,6,6,4775,26,9,6.75,9.6
2015-01-29,5,6,2,1,4483,38,58,6.71,16.8
2015-01-29,5,6,4,2,3580,30,19,6.7,16.8
2015-01-29,5,6,1,3,3036,33,6,6.61,16.8
2015-01-29,5,6,3,4,3824,66,16,6.65,16.8
2015-01-29,5,6,5,5,3317,3,14,6.79,16.8
2015-01-29,5,6,6,6,4830,25,15,6.64,16.8
2015-01-29,5,7,1,1,3887,64,29,6.69,10.9
2015-01-29,5,7,3,2,3095,15,53,6.75,10.9
2015-01-29,5,7,6,3,4501,50,64,6.74,10.9
2015-01-29,5,7,4,4,3171,27,39,6.69,10.9
2015-01-29,5,7,2,5,3175,23,4,6.65,10.9
2015-01-29,5,7,5,6,4219,34,61,6.75,10.9
2015-01-29,5,8,6,1,3910,28,28,6.7,375.4
2015-01-29,5,8,2,2,3391,35,27,6.77,375.4
2015-01-29,5,8,1,3,4276,18,31,6.71,375.4
2015-01-29,5,8,5,4,4263,39,25,6.74,375.4
2015-01-29,5,8,4,5,3452,2,55,6.79,375.4
2015-01-29,5,8,3,6,3339,63,50,6.65,375.4
2015-01-29,5,9,3,1,4017,17,66,6.73,82.5
2015-01-29,5,9,2,2,3188,36,43,6.71,82.5
2015-01-29,5,9,6,3,3645,32,8,6.71,82.5
2015-01-29,5,9,1,4,3580,30,19,6.74,82.5
2015-01-29,5,9,4,5,3357,29,7,6.72,82.5
2015-01-29,5,9,5,6,3254,41,44,6.67,82.5
2015-01-29,5,10,1,1,3227,37,34,6.65,16.5
2015-01-29,5,10,2,2,4202,46,23,6.71,16.5
2015-01-29,5,10,3,3,3887,64,29,6.71,16.5
2015-01-29,5,10,6,4,4772,43,59,6.61,16.5
2015-01-29,5,10,5,5,4483,38,58,6.69,16.5
2015-01-29,5,10,4,6,3036,33,6,6.64,16.5
2015-01-29,5,11,1,1,4502,59,60,6.58,22.9
2015-01-29,5,11,4,2,3334,61,40,6.62,22.9
2015-01-29,5,11,3,3,4478,19,17,6.64,22.9
2015-01-29,5,11,5,4,3175,23,4,6.6,22.9
2015-01-29,5,11,2,5,4501,50,64,6.69,22.9
2015-01-29,5,11,6,6,4525,24,10,6.66,22.9
2015-01-29,5,12,1,1,3907,31,22,6.68,28.4
2015-01-29,5,12,4,2,3051,4,11,6.72,28.4
2015-01-29,5,12,6,3,4467,44,5,6.63,28.4
2015-01-29,5,12,3,4,3906,21,37,6.73,28.4
2015-01-29,5,12,2,5,3528,16,35,6.69,28.4
2015-01-29,5,12,5,6,3280,62,33,6.73,28.4
2015-01-30,6,1,1,1,3906,21,37,6.62,37.2
2015-01-30,6,1,3,2,4670,1,1,6.68,37.2
2015-01-30,6,1,2,3,3224,22,24,6.68,37.2
2015-01-30,6,1,4,4,3280,62,33,6.72,37.2
2015-01-30,6,1,5,5,4775,26,9,6.77,37.2
2015-01-30,6,1,6,6,3835,60,32,6.73,37.2
2015-01-30,6,2,1,1,3166,65,63,6.71,14.7
2015-01-30,6,2,3,2,3095,15,53,6.7,14.7
2015-01-30,6,2,5,3,3824,66,16,6.61,14.7
2015-01-30,6,2,2,4,4726,45,47,6.71,14.7
2015-01-30,6,2,4,5,3171,27,39,6.72,14.7
2015-01-30,6,2,6,6,4830,25,15,6.68,14.7
2015-01-30,6,3,6,1,2380,40,48,6.7,86.6
2015-01-30,6,3,1,2,4525,24,10,6.76,86.6
2015-01-30,6,3,3,3,4772,43,59,6.69,86.6
2015-01-30,6,3,4,4,4219,34,61,6.84,86.6
2015-01-30,6,3,2,5,3254,41,44,6.76,86.6
2015-01-30,6,3,5,6,3528,16,35,6.66,86.6
2015-01-30,6,4,1,1,3452,2,55,6.7,4.9
2015-01-30,6,4,2,2,3907,31,22,6.7,4.9
2015-01-30,6,4,4,3,3207,58,26,6.68,4.9
2015-01-30,6,4,5,4,3175,23,4,6.61,4.9
2015-01-30,6,4,6,5,4621,20,21,6.7,4.9
2015-01-30,6,4,3,6,3317,3,14,6.76,4.9
2015-01-30,6,5,1,1,4483,38,58,6.68,5.9
2015-01-30,6,5,2,2,3339,63,50,6.69,5.9
2015-01-30,6,5,4,3,3051,4,11,6.72,5.9
2015-01-30,6,5,3,4,3357,29,7,6.77,5.9
2015-01-30,6,5,5,5,3280,62,33,6.7,5.9
2015-01-30,6,5,6,6,4670,1,1,6.72,5.9
2015-01-30,6,6,4,1,3224,22,24,6.73,78.3
2015-01-30,6,6,1,2,3036,33,6,6.56,78.3
2015-01-30,6,6,6,3,3580,30,19,6.79,78.3
2015-01-30,6,6,5,4,3171,27,39,6.79,78.3
2015-01-30,6,6,2,5,4263,39,25,6.68,78.3
2015-01-30,6,6,3,6,3166,65,63,6.69,78.3
2015-01-30,6,7,1,1,4501,50,64,6.65,21.4
2015-01-30,6,7,5,2,3095,15,53,6.8,21.4
2015-01-30,6,7,4,3,3528,16,35,6.77,21.4
2015-01-30,6,7,2,4,3317,3,14,6.78,21.4
2015-01-30,6,7,6,5,4467,44,5,6.75,21.4
2015-01-30,6,7,3,6,4621,20,21,6.71,21.4
2015-01-30,6,8,1,1,3051,4,11,6.7,42.0
2015-01-30,6,8,2,2,4219,34,61,6.84,42.0
2015-01-30,6,8,3,3,4726,45,47,6.7,42.0
2015-01-30,6,8,6,4,4775,26,9,6.74,42.0
2015-01-30,6,8,5,5,3207,58,26,6.66,42.0
2015-01-30,6,8,4,6,3907,31,22,6.64,42.0
2015-01-30,6,9,1,1,4263,39,25,6.74,28.2
2015-01-30,6,9,4,2,4483,38,58,6.73,28.2
2015-01-30,6,9,5,3,3339,63,50,6.72,28.2
2015-01-30,6,9,3,4,3452,2,55,6.75,28.2
2015-01-30,6,9,2,5,4772,43,59,6.73,28.2
2015-01-30,6,9,6,6,3036,33,6,6.69,28.2
2015-01-30,6,10,3,1,4501,50,64,6.73,17.7
2015-01-30,6,10,1,2,3580,30,19,6.65,17.7
2015-01-30,6,10,4,3,3357,29,7,6.78,17.7
2015-01-30,6,10,5,4,3254,41,44,6.69,17.7
2015-01-30,6,10,2,5,3175,23,4,6.7,17.7
2015-01-30,6,10,6,6,4525,24,10,6.71,17.7
2015-01-30,6,11,1,1,3227,37,34,6.61,21.0
2015-01-30,6,11,5,2,4276,18,31,6.7,21.0
2015-01-30,6,11,3,3,3391,35,27,6.76,21.0
2015-01-30,6,11,4,4,4202,46,23,6.68,21.0
2015-01-30,6,11,2,5,3910,28,28,6.67,21.0
2015-01-30,6,11,6,6,3887,64,29,6.69,21.0
2015-01-30,6,12,1,1,4502,59,60,6.59,54.4
2015-01-30,6,12,4,2,3334,61,40,6.62,54.4
2015-01-30,6,12,5,3,4478,19,17,6.6,54.4
2015-01-30,6,12,3,4,3188,36,43,6.62,54.4
2015-01-30,6,12,6,5,3645,32,8,6.59,54.4
2015-01-30,6,12,2,6,4017,17,66,6.64,54.4
2015-02-02,1,1,1,1,3843,45,44,6.66,175.1
2015-02-02,1,1,5,2,4741,18,51,6.66,175.1
2015-02-02,1,1,4,3,2785,11,28,6.7,175.1
2015-02-02,1,1,3,4,3592,22,54,6.61,175.1
2015-02-02,1,1,2,5,3202,3,63,6.68,175.1
2015-02-02,1,1,6,6,3234,10,40,6.67,175.1
2015-02-02,1,2,3,1,4004,21,59,6.58,12.0
2015-02-02,1,2,1,2,2698,23,61,6.63,12.0
2015-02-02,1,2,4,3,3775,48,31,6.66,12.0
2015-02-02,1,2,5,4,3759,59,21,6.67,12.0
2015-02-02,1,2,2,5,3396,13,16,6.65,12.0
2015-02-02,1,2,6,6,4774,40,27,6.61,12.0
2015-02-02,1,4,4,1,4213,8,15,6.64,157.5
2015-02-02,1,4,3,2,4552,53,41,6.63,157.5
2015-02-02,1,4,2,3,3553,27,25,6.71,157.5
2015-02-02,1,4,6,4,4769,9,52,6.67,157.5
2015-02-02,1,4,5,5,4040,56,23,6.58,157.5
2015-02-02,1,4,1,6,4630,55,18,6.65,157.5
2015-02-02,1,5,5,1,4348,12,66,6.63,671.3
2015-02-02,1,5,4,2,3793,58,39,6.64,671.3
2015-02-02,1,5,2,3,4616,61,8,6.67,671.3
2015-02-02,1,5,3,4,3681,4,2,6.6,671.3
2015-02-02,1,5,1,5,3559,7,17,6.7,671.3
2015-02-02,1,5,6,6,4126,24,53,6.66,671.3
2015-02-02,1,6,2,1,3811,25,20,6.63,186.6
2015-02-02,1,6,5,2,3775,48,31,6.58,186.6
2015-02-02,1,6,4,3,4508,32,57,6.52,186.6
2015-02-02,1,6,6,4,4302,30,56,6.66,186.6
2015-02-02,1,6,1,5,3467,2,22,6.59,186.6
2015-02-02,1,6,3,6,4175,39,29,6.7,186.6
2015-02-02,1,7,3,1,3381,57,9,6.54,59.6
2015-02-02,1,7,4,2,3234,10,40,6.68,59.6
2015-02-02,1,7,1,3,3281,41,60,6.59,59.6
2015-02-02,1,7,6,4,4004,21,59,6.66,59.6
2015-02-02,1,7,2,5,3566,43,55,6.56,59.6
2015-02-02,1,7,5,6,3455,65,14,6.7,59.6
2015-02-02,1,8,1,1,3863,47,48,6.64,7.5
2015-02-02,1,8,2,2,4000,54,64,6.67,7.5
2015-02-02,1,8,4,3,4445,6,13,6.63,7.5
2015-02-02,1,8,3,4,4087,14,37,6.63,7.5
2015-02-02,1,8,5,5,4490,52,10,6.67,7.5
2015-02-02,1,8,6,6,4741,18,51,6.66,7.5
2015-02-02,1,9,2,1,3488,35,26,6.79,38.1
2015-02-02,1,9,3,2,3921,49,30,6.63,38.1
2015-02-02,1,9,6,3,3793,58,39,6.66,38.1
2015-02-02,1,9,5,4,4529,20,35,6.64,38.1
2015-02-02,1,9,1,5,2785,11,28,6.64,38.1
2015-02-02,1,9,4,6,4552,53,41,6.62,38.1
2015-02-02,1,10,1,1,3566,43,55,6.61,18.3
2015-02-02,1,10,2,2,3985,26,7,6.64,18.3
2015-02-02,1,10,3,3,3553,27,25,6.62,18.3
2015-02-02,1,10,4,4,3843,45,44,6.67,18.3
2015-02-02,1,10,6,5,3980,38,45,6.6,18.3
2015-02-02,1,10,5,6,4175,39,29,6.66,18.3
2015-02-02,1,11,1,1,3381,57,9,6.48,13.2
2015-02-02,1,11,4,2,3559,7,17,6.64,13.2
2015-02-02,1,11,3,3,3863,47,48,6.57,13.2
2015-02-02,1,11,5,4,4302,30,56,6.67,13.2
2015-02-02,1,11,2,5,4558,51,46,6.63,13.2
2015-02-02,1,11,6,6,4213,8,15,6.61,13.2
2015-02-02,1,12,5,1,3406,60,24,6.6,148.2
2015-02-02,1,12,2,2,3681,4,2,6.57,148.2
2015-02-02,1,12,1,3,4445,6,13,6.59,148.2
2015-02-02,1,12,6,4,4040,56,23,6.61,148.2
2015-02-02,1,12,4,5,3811,25,20,6.63,148.2
2015-02-02,1,12,3,6,3455,65,14,6.69,148.2
2015-02-03,2,1,2,1,4630,55,18,6.7,210.2
2015-02-03,2,1,1,2,3488,35,26,6.75,210.2
2015-02-03,2,1,6,3,3202,3,63,6.73,210.2
2015-02-03,2,1,4,4,2698,23,61,6.67,210.2
2015-02-03,2,1,5,5,4774,40,27,6.7,210.2
2015-02-03,2,1,3,6,3980,38,45,6.61,210.2
2015-02-03,2,2,3,1,4126,24,53,6.67,32.0
2015-02-03,2,2,2,2,3467,2,22,6.61,32.0
2015-02-03,2,2,4,3,3592,22,54,6.6,32.0
2015-02-03,2,2,5,4,4087,14,37,6.61,32.0
2015-02-03,2,2,1,5,3396,13,16,6.73,32.0
2015-02-03,2,2,6,6,4741,18,51,6.7,32.0
2015-02-03,2,3,1,1,4508,32,57,6.63,59.8
2015-02-03,2,3,3,2,3759,59,21,6.6,59.8
2015-02-03,2,3,2,3,2785,11,28,6.69,59.8
2015-02-03,2,3,5,4,3553,27,25,6.65,59.8
2015-02-03,2,3,6,5,3681,4,2,6.61,59.8
2015-02-03,2,3,4,6,4616,61,8,6.68,59.8
2015-02-03,2,4,5,1,3811,25,20,6.65,124.4
2015-02-03,2,4,6,2,3281,41,60,6.67,124.4
2015-02-03,2,4,4,3,4769,9,52,6.63,124.4
2015-02-03,2,4,2,4,4348,12,66,6.64,124.4
2015-02-03,2,4,3,5,3559,7,17,6.66,124.4
2015-02-03,2,4,1,6,4490,52,10,6.72,124.4
2015-02-03,2,6,2,1,4040,56,23,6.65,25.6
2015-02-03,2,6,1,2,4552,53,41,6.62,25.6
2015-02-03,2,6,3,3,3775,48,31,6.57,25.6
2015-02-03,2,6,5,4,3566,43,55,6.63,25.6
2015-02-03,2,6,4,5,3985,26,7,6.73,25.6
2015-02-03,2,6,6,6,4087,14,37,6.59,25.6
2015-02-03,2,7,3,1,3843,45,44,6.7,79.6
2015-02-03,2,7,6,2,4529,20,35,6.64,79.6
2015-02-03,2,7,2,3,4302,30,56,6.7,79.6
2015-02-03,2,7,5,4,3202,3,63,6.8,79.6
2015-02-03,2,7,1,5,4616,61,8,6.7,79.6
2015-02-03,2,7,4,6,4175,39,29,6.67,79.6
2015-02-03,2,8,2,1,3559,7,17,6.71,45.9
2015-02-03,2,8,3,2,3234,10,40,6.69,45.9
2015-02-03,2,8,4,3,3488,35,26,6.67,45.9
2015-02-03,2,8,1,4,3455,65,14,6.77,45.9
2015-02-03,2,8,5,5,4126,24,53,6.63,45.9
2015-02-03,2,8,6,6,3759,59,21,6.65,45.9
2015-02-03,2,9,5,1,3381,57,9,6.52,16.0
2015-02-03,2,9,2,2,3863,47,48,6.62,16.0
2015-02-03,2,9,6,3,3811,25,20,6.6,16.0
2015-02-03,2,9,1,4,4004,21,59,6.65,16.0
2015-02-03,2,9,4,5,3396,13,16,6.74,16.0
2015-02-03,2,9,3,6,4630,55,18,6.64,16.0
2015-02-03,2,10,1,1,3793,58,39,6.66,28.6
2015-02-03,2,10,3,2,3406,60,24,6.72,28.6
2015-02-03,2,10,6,3,3985,26,7,6.67,28.6
2015-02-03,2,10,5,4,4445,6,13,6.63,28.6
2015-02-03,2,10,4,5,3467,2,22,6.65,28.6
2015-02-03,2,10,2,6,2698,23,61,6.67,28.6
2015-02-03,2,11,4,1,4348,12,66,6.61,123.7
2015-02-03,2,11,3,2,3566,43,55,6.64,123.7
2015-02-03,2,11,1,3,4175,39,29,6.65,123.7
2015-02-03,2,11,5,4,3681,4,2,6.6,123.7
2015-02-03,2,11,6,5,3592,22,54,6.61,123.7
2015-02-03,2,11,2,6,3921,49,30,6.64,123.7
2015-02-03,2,12,3,1,4508,32,57,6.57,71.2
2015-02-03,2,12,1,2,4040,56,23,6.58,71.2
2015-02-03,2,12,6,3,4000,54,64,6.6,71.2
2015-02-03,2,12,4,4,3455,65,14,6.7,71.2
2015-02-03,2,12,5,5,4769,9,52,6.62,71.2
2015-02-03,2,12,2,6,3843,45,44,6.58,71.2
2015-02-04,3,1,1,1,4000,54,64,6.62,13.0
2015-02-04,3,1,2,2,4087,14,37,6.63,13.0
2015-02-04,3,1,4,3,4769,9,52,6.63,13.0
2015-02-04,3,1,3,4,4616,61,8,6.68,13.0
2015-02-04,3,1,5,5,3234,10,40,6.66,13.0
2015-02-04,3,1,6,6,4774,40,32,6.63,13.0
2015-02-04,3,2,4,1,3553,27,25,6.7,121.5
2015-02-04,3,2,6,2,3467,2,22,6.64,121.5
2015-02-04,3,2,3,3,4490,52,10,6.72,121.5
2015-02-04,3,2,2,4,4004,21,59,6.6,121.5
2015-02-04,3,2,5,5,4741,18,51,6.65,121.5
2015-02-04,3,2,1,6,3759,59,21,6.57,121.5
2015-02-04,3,3,3,1,4302,30,56,6.69,27.0
2015-02-04,3,3,2,2,3980,38,45,6.6,27.0
2015-02-04,3,3,6,3,3843,45,44,6.6,27.0
2015-02-04,3,3,4,4,4558,51,46,6.63,27.0
2015-02-04,3,3,1,5,4126,24,53,6.59,27.0
2015-02-04,3,3,5,6,4552,53,41,6.53,27.0
2015-02-04,3,4,1,1,4213,8,15,6.57,10.5
2015-02-04,3,4,4,2,3921,49,30,6.59,10.5
2015-02-04,3,4,2,3,3775,48,31,6.63,10.5
2015-02-04,3,4,6,4,4630,55,18,6.65,10.5
2015-02-04,3,4,5,5,3559,7,17,6.63,10.5
2015-02-04,3,4,3,6,3202,3,63,6.72,10.5
2015-02-04,3,5,3,1,4445,6,13,6.62,121.9
2015-02-04,3,5,2,2,4508,32,57,6.62,121.9
2015-02-04,3,5,5,3,3281,41,60,6.77,121.9
2015-02-04,3,5,4,4,3381,57,9,6.62,121.9
2015-02-04,3,5,1,5,3455,65,14,6.68,121.9
2015-02-04,3,5,6,6,3396,13,16,6.73,121.9
2015-02-04,3,6,2,1,4175,39,29,6.66,19.4
2015-02-04,3,6,3,2,3985,26,7,6.68,19.4
2015-02-04,3,6,5,3,3863,47,48,6.66,19.4
2015-02-04,3,6,1,4,4087,14,37,6.67,19.4
2015-02-04,3,6,6,5,4529,20,35,6.66,19.4
2015-02-04,3,6,4,6,3759,59,21,6.61,19.4
2015-02-04,3,7,4,1,3980,38,45,6.75,101.0
2015-02-04,3,7,1,2,4348,12,66,6.71,101.0
2015-02-04,3,7,5,3,3488,35,26,6.79,101.0
2015-02-04,3,7,2,4,4000,54,64,6.7,101.0
2015-02-04,3,7,6,5,4741,18,51,6.68,101.0
2015-02-04,3,7,3,6,3793,58,39,6.77,101.0
2015-02-04,3,8,4,1,3566,43,55,6.63,53.0
2015-02-04,3,8,2,2,3406,60,24,6.68,53.0
2015-02-04,3,8,1,3,3681,4,2,6.58,53.0
2015-02-04,3,8,5,4,3467,2,22,6.65,53.0
2015-02-04,3,8,3,5,2785,11,28,6.72,53.0
2015-02-04,3,8,6,6,4558,51,46,6.58,53.0
2015-02-04,3,9,2,1,4445,6,13,6.61,12.7
2015-02-04,3,9,1,2,3775,48,31,6.63,12.7
2015-02-04,3,9,4,3,4040,56,23,6.6,12.7
2015-02-04,3,9,3,4,2698,23,61,6.68,12.7
2015-02-04,3,9,5,5,3843,45,44,6.68,12.7
2015-02-04,3,9,6,6,4490,52,10,6.67,12.7
2015-02-04,3,10,1,1,3811,25,20,6.62,12.6
2015-02-04,3,10,2,2,3455,65,14,6.7,12.6
2015-02-04,3,10,4,3,4004,21,59,6.77,12.6
2015-02-04,3,10,3,4,4175,39,29,6.73,12.6
2015-02-04,3,10,6,5,3559,7,17,6.74,12.6
2015-02-04,3,10,5,6,3592,22,54,6.7,12.6
2015-02-04,3,11,3,1,3488,35,26,6.71,464.5
2015-02-04,3,11,4,2,4630,55,18,6.68,464.5
2015-02-04,3,11,6,3,3553,27,25,6.72,464.5
2015-02-04,3,11,2,4,3381,57,9,6.53,464.5
2015-02-04,3,11,5,5,3985,26,7,6.72,464.5
2015-02-04,3,11,1,6,4302,30,56,6.65,464.5
2015-02-04,3,12,1,1,3406,60,24,6.58,10.5
2015-02-04,3,12,4,2,3863,47,48,6.65,10.5
2015-02-04,3,12,2,3,3793,58,43,6.74,10.5
2015-02-04,3,12,5,4,3921,49,30,6.68,10.5
2015-02-04,3,12,6,5,4552,53,41,6.64,10.5
2015-02-04,3,12,3,6,3281,41,60,6.69,10.5
2015-02-05,4,1,1,1,4040,56,23,6.59,104.1
2015-02-05,4,1,6,2,2785,11,28,6.75,104.1
2015-02-05,4,1,4,3,4087,14,37,6.64,104.1
2015-02-05,4,1,2,4,4126,24,53,6.67,104.1
2015-02-05,4,1,3,5,3467,2,22,6.64,104.1
2015-02-05,4,1,5,6,2698,23,61,6.63,104.1
2015-02-05,4,3,4,1,3681,4,2,6.66,202.3
2015-02-05,4,3,6,2,4616,61,8,6.73,202.3
2015-02-05,4,3,5,3,4774,40,32,6.66,202.3
2015-02-05,4,3,1,4,3202,3,63,6.69,202.3
2015-02-05,4,3,3,5,4348,12,66,6.69,202.3
2015-02-05,4,3,2,6,3592,22,54,6.63,202.3
2015-02-05,4,4,4,1,3488,35,26,6.69,48.0
2015-02-05,4,4,3,2,3921,49,30,6.73,48.0
2015-02-05,4,4,5,3,4000,54,5,6.65,48.0
2015-02-05,4,4,6,4,4508,32,57,6.64,48.0
2015-02-05,4,4,1,5,3553,27,25,6.74,48.0
2015-02-05,4,4,2,6,4490,52,10,6.78,48.0
2015-02-05,4,5,1,1,3406,60,24,6.55,32.7
2015-02-05,4,5,3,2,3381,57,9,6.6,32.7
2015-02-05,4,5,6,3,4529,20,35,6.72,32.7
2015-02-05,4,5,5,4,4004,21,59,6.64,32.7
2015-02-05,4,5,2,5,4552,53,41,6.63,32.7
2015-02-05,4,5,4,6,4302,30,56,6.65,32.7
2015-02-05,4,6,2,1,3985,26,7,6.72,41.3
2015-02-05,4,6,1,2,3980,38,45,6.58,41.3
2015-02-05,4,6,4,3,3863,47,48,6.66,41.3
2015-02-05,4,6,3,4,3566,43,55,6.62,41.3
2015-02-05,4,6,5,4,4630,55,18,6.61,41.3
2015-02-05,4,6,6,6,4741,18,51,6.63,41.3
2015-02-05,4,7,3,1,3793,58,43,6.74,137.8
2015-02-05,4,7,2,2,3559,7,17,6.66,137.8
2015-02-05,4,7,5,3,4769,9,52,6.63,137.8
2015-02-05,4,7,6,4,3775,48,31,6.73,137.8
2015-02-05,4,7,1,5,3592,22,54,6.7,137.8
2015-02-05,4,7,4,6,4445,6,13,6.68,137.8
2015-02-05,4,8,4,1,3921,49,30,6.72,71.8
2015-02-05,4,8,1,2,3811,25,20,6.65,71.8
2015-02-05,4,8,3,3,2698,23,61,6.68,71.8
2015-02-05,4,8,5,4,3396,13,16,6.73,71.8
2015-02-05,4,8,2,5,3843,45,44,6.67,71.8
2015-02-05,4,8,6,6,4774,40,32,6.64,71.8
2015-02-05,4,9,2,1,3234,10,40,6.72,166.2
2015-02-05,4,9,3,2,4000,54,5,6.63,166.2
2015-02-05,4,9,6,3,3455,65,14,6.63,166.2
2015-02-05,4,9,5,4,2785,11,28,6.71,166.2
2015-02-05,4,9,1,5,3985,26,7,6.74,166.2
2015-02-05,4,9,4,6,3202,3,63,6.77,166.2
2015-02-05,4,10,1,1,3681,4,2,6.51,93.3
2015-02-05,4,10,6,2,4175,39,29,6.54,93.3
2015-02-05,4,10,5,3,4508,32,57,6.53,93.3
2015-02-05,4,10,4,4,3281,41,60,6.56,93.3
2015-02-05,4,10,3,5,4040,56,23,6.54,93.3
2015-02-05,4,10,2,6,4302,30,56,6.61,93.3
2015-02-05,4,11,1,1,4445,6,13,6.67,17.9
2015-02-05,4,11,3,2,4213,8,15,6.63,17.9
2015-02-05,4,11,4,3,3406,60,24,6.61,17.9
2015-02-05,4,11,2,4,3488,35,26,6.71,17.9
2015-02-05,4,11,6,5,3863,47,48,6.73,17.9
2015-02-05,4,11,5,6,4616,61,8,6.69,17.9
2015-02-05,4,12,1,1,3381,57,9,6.58,14.3
2015-02-05,4,12,3,2,3811,25,20,6.67,14.3
2015-02-05,4,12,6,3,4348,12,66,6.6,14.3
2015-02-05,4,12,2,4,3566,43,55,6.65,14.3
2015-02-05,4,12,5,5,3793,58,43,6.71,14.3
2015-02-05,4,12,4,6,4126,24,53,6.71,14.3
2015-02-06,5,1,1,1,3566,43,55,6.66,6.8
2015-02-06,5,1,2,2,2785,11,28,6.7,6.8
2015-02-06,5,1,3,3,4558,51,46,6.68,6.8
2015-02-06,5,1,4,4,3592,22,54,6.65,6.8
2015-02-06,5,1,5,5,4087,14,37,6.71,6.8
2015-02-06,5,1,6,6,4774,40,32,6.62,6.8
2015-02-06,5,2,3,1,4552,53,41,6.6,81.1
2015-02-06,5,2,6,2,2698,23,61,6.65,81.1
2015-02-06,5,2,2,3,3396,13,16,6.68,81.1
2015-02-06,5,2,5,4,4490,52,10,6.71,81.1
2015-02-06,5,2,4,5,3281,41,60,6.71,81.1
2015-02-06,5,2,1,6,3759,59,21,6.59,81.1
2015-02-06,5,3,1,1,3467,2,22,6.61,22.1
2015-02-06,5,3,2,2,3553,27,25,6.67,22.1
2015-02-06,5,3,4,3,3381,57,9,6.55,22.1
2015-02-06,5,3,5,4,4741,18,51,6.62,22.1
2015-02-06,5,3,6,5,4529,20,35,6.67,22.1
2015-02-06,5,3,3,6,4630,55,18,6.63,22.1
2015-02-06,5,4,1,1,3980,38,45,6.54,166.8
2015-02-06,5,4,6,2,3843,45,44,6.57,166.8
2015-02-06,5,4,3,3,4004,21,59,6.6,166.8
2015-02-06,5,4,5,4,4769,9,52,6.6,166.8
2015-02-06,5,4,4,5,3681,4,2,6.61,166.8
2015-02-06,5,4,2,6,3775,48,31,6.62,166.8
2015-02-06,5,5,4,1,3811,25,20,6.58,54.8
2015-02-06,5,5,2,2,4508,32,57,6.55,54.8
2015-02-06,5,5,3,3,4445,6,13,6.7,54.8
2015-02-06,5,5,1,4,3863,47,48,6.6,54.8
2015-02-06,5,5,6,5,4087,14,37,6.63,54.8
2015-02-06,5,5,5,6,3234,10,40,6.66,54.8
2015-02-06,5,6,6,1,4175,39,29,6.62,45.9
2015-02-06,5,6,1,2,3793,58,43,6.76,45.9
2015-02-06,5,6,3,3,3559,7,17,6.71,45.9
2015-02-06,5,6,4,4,3759,59,21,6.63,45.9
2015-02-06,5,6,2,5,4616,61,8,6.66,45.9
2015-02-06,5,6,5,6,4126,24,53,6.71,45.9
2015-02-06,5,7,1,1,3985,26,7,6.73,15.0
2015-02-06,5,7,2,2,4040,56,23,6.71,15.0
2015-02-06,5,7,3,3,3467,2,22,6.67,15.0
2015-02-06,5,7,4,4,4348,12,66,6.66,15.0
2015-02-06,5,7,6,5,3488,35,26,6.8,15.0
2015-02-06,5,7,5,6,4552,53,41,6.64,15.0
2015-02-06,5,8,1,1,3921,49,30,6.64,11.7
2015-02-06,5,8,2,2,3406,60,24,6.64,11.7
2015-02-06,5,8,3,3,3202,3,63,6.75,11.7
2015-02-06,5,8,6,4,4741,18,51,6.68,11.7
2015-02-06,5,8,5,5,3281,41,60,6.73,11.7
2015-02-06,5,8,4,6,4302,30,56,6.69,11.7
2015-02-06,5,9,1,1,3811,25,20,6.6,104.4
2015-02-06,5,9,6,2,4769,9,52,6.65,104.4
2015-02-06,5,9,3,3,3681,4,2,6.63,104.4
2015-02-06,5,9,5,4,3553,27,25,6.66,104.4
2015-02-06,5,9,2,5,3381,57,9,6.53,104.4
2015-02-06,5,9,4,6,4445,6,13,6.72,104.4
2015-02-06,5,10,4,1,4040,56,23,6.61,37.7
2015-02-06,5,10,1,2,3488,35,26,6.71,37.7
2015-02-06,5,10,3,3,3793,58,43,6.73,37.7
2015-02-06,5,10,6,4,3980,38,45,6.61,37.7
2015-02-06,5,10,2,5,3863,47,48,6.66,37.7
2015-02-06,5,10,5,6,3775,48,31,6.61,37.7
2015-02-06,5,12,1,1,4000,54,5,6.66,8.7
2015-02-06,5,12,2,2,4213,8,15,6.65,8.7
2015-02-06,5,12,4,3,4175,39,29,6.69,8.7
2015-02-06,5,12,3,4,3455,65,14,6.81,8.7
2015-02-06,5,12,5,5,4004,21,59,6.74,8.7
2015-02-06,5,12,6,6,4630,55,18,6.65,8.7
2015-02-07,6,1,1,1,4175,39,29,6.6,10.1
2015-02-07,6,1,3,2,3234,10,40,6.64,10.1
2015-02-07,6,1,5,3,2785,11,28,6.7,10.1
2015-02-07,6,1,4,4,4490,52,10,6.68,10.1
2015-02-07,6,1,6,5,3396,13,16,6.73,10.1
2015-02-07,6,1,2,6,4004,21,59,6.72,10.1
2015-02-07,6,2,1,1,4087,14,37,6.55,12.0
2015-02-07,6,2,2,2,4126,24,53,6.63,12.0
2015-02-07,6,2,3,3,3202,3,63,6.73,12.0
2015-02-07,6,2,4,4,4558,51,46,6.62,12.0
2015-02-07,6,2,6,5,3759,59,21,6.6,12.0
2015-02-07,6,2,5,6,4774,40,32,6.64,12.0
2015-02-07,6,3,6,1,4000,54,5,6.65,416.8
2015-02-07,6,3,3,2,4552,53,41,6.59,416.8
2015-02-07,6,3,4,3,4616,61,8,6.55,416.8
2015-02-07,6,3,1,4,3775,48,31,6.53,416.8
2015-02-07,6,3,2,5,2698,23,61,6.61,416.8
2015-02-07,6,3,5,6,3553,27,25,6.7,416.8
2015-02-07,6,4,5,1,3559,7,17,6.7,103.4
2015-02-07,6,4,1,2,3281,41,60,6.66,103.4
2015-02-07,6,4,4,3,3980,38,45,6.63,103.4
2015-02-07,6,4,3,4,3455,65,14,6.71,103.4
2015-02-07,6,4,6,5,3467,2,22,6.71,103.4
2015-02-07,6,4,2,6,4630,55,18,6.64,103.4
2015-02-07,6,5,1,1,4445,6,13,6.66,4.2
2015-02-07,6,5,2,2,3985,26,7,6.67,4.2
2015-02-07,6,5,4,3,3843,45,44,6.66,4.2
2015-02-07,6,5,3,4,2785,11,28,6.73,4.2
2015-02-07,6,5,5,5,4529,20,35,6.61,4.2
2015-02-07,6,5,6,6,4741,18,51,6.63,4.2
2015-02-07,6,6,1,1,3863,47,48,6.66,6.3
2015-02-07,6,6,2,2,3921,49,30,6.69,6.3
2015-02-07,6,6,4,3,4213,8,15,6.62,6.3
2015-02-07,6,6,6,4,3592,22,54,6.67,6.3
2015-02-07,6,6,3,5,4126,24,53,6.65,6.3
2015-02-07,6,6,5,6,3202,3,63,6.76,6.3
2015-02-07,6,7,6,1,4508,32,57,6.61,651.5
2015-02-07,6,7,4,2,3455,65,14,6.72,651.5
2015-02-07,6,7,3,3,2698,23,61,6.71,651.5
2015-02-07,6,7,1,4,3566,43,55,6.71,651.5
2015-02-07,6,7,2,5,3793,58,43,6.75,651.5
2015-02-07,6,7,5,6,4558,51,46,6.76,651.5
2015-02-07,6,8,1,1,3381,57,9,6.58,3.7
2015-02-07,6,8,2,2,4175,39,29,6.57,3.7
2015-02-07,6,8,4,3,3681,4,2,6.62,3.7
2015-02-07,6,8,3,4,4490,52,10,6.67,3.7
2015-02-07,6,8,5,5,4616,61,8,6.69,3.7
2015-02-07,6,8,6,6,4774,40,32,6.55,3.7
2015-02-07,6,9,4,1,3559,7,17,6.64,53.0
2015-02-07,6,9,1,2,3843,45,44,6.66,53.0
2015-02-07,6,9,3,3,4000,54,5,6.65,53.0
2015-02-07,6,9,6,4,4529,20,35,6.65,53.0
2015-02-07,6,9,5,5,4213,8,15,6.64,53.0
2015-02-07,6,9,2,6,3234,10,40,6.68,53.0
2015-02-07,6,10,1,1,3793,58,43,6.75,14.2
2015-02-07,6,10,3,2,3985,26,7,6.71,14.2
2015-02-07,6,10,4,3,3863,47,48,6.64,14.2
2015-02-07,6,10,2,4,3553,27,25,6.73,14.2
2015-02-07,6,10,6,5,3281,41,60,6.78,14.2
2015-02-07,6,10,5,6,4445,6,13,6.72,14.2
2015-02-07,6,11,1,1,3921,49,30,6.7,7.7
2015-02-07,6,11,2,2,3681,4,2,6.69,7.7
2015-02-07,6,11,4,3,3381,57,9,6.58,7.7
2015-02-07,6,11,3,4,3980,38,45,6.67,7.7
2015-02-07,6,11,5,5,3566,43,55,6.7,7.7
2015-02-07,6,11,6,6,3775,48,31,6.7,7.7
2015-02-07,6,12,1,1,3406,60,24,6.72,6.6
2015-02-07,6,12,2,2,3811,25,20,6.65,6.6
2015-02-07,6,12,3,3,4040,56,23,6.69,6.6
2015-02-07,6,12,6,4,4769,9,52,6.69,6.6
2015-02-07,6,12,4,5,3488,35,26,6.73,6.6
2015-02-07,6,12,5,6,4348,12,66,6.67,6.6
2015-02-10,1,1,4,1,4260,38,8,6.73,177.7
2015-02-10,1,1,3,2,4116,46,6,6.64,177.7
2015-02-10,1,1,5,3,4020,1,41,6.68,177.7
2015-02-10,1,1,6,4,3832,61,59,6.78,177.7
2015-02-10,1,1,1,5,3401,15,39,6.68,177.7
2015-02-10,1,1,2,6,3064,43,1,6.78,177.7
2015-02-10,1,2,4,1,4643,53,4,6.57,128.9
2015-02-10,1,2,3,2,4331,50,21,6.65,128.9
2015-02-10,1,2,5,3,3187,47,27,6.63,128.9
2015-02-10,1,2,6,4,3333,58,36,6.67,128.9
2015-02-10,1,2,1,5,3108,35,45,6.64,128.9
2015-02-10,1,2,2,6,3743,63,30,6.65,128.9
2015-02-10,1,3,1,1,3587,12,55,6.65,19.8
2015-02-10,1,3,4,2,3788,37,19,6.64,19.8
2015-02-10,1,3,6,3,3541,52,51,6.78,19.8
2015-02-10,1,3,2,4,4452,25,18,6.68,19.8
2015-02-10,1,3,3,5,4220,62,16,6.66,19.8
2015-02-10,1,3,5,6,3907,56,32,6.69,19.8
2015-02-10,1,5,1,1,3611,33,54,6.72,269.0
2015-02-10,1,5,6,2,4154,11,34,6.75,269.0
2015-02-10,1,5,5,3,3832,61,59,6.68,269.0
2015-02-10,1,5,3,4,3442,36,57,6.68,269.0
2015-02-10,1,5,2,5,3578,16,37,6.63,269.0
2015-02-10,1,5,4,6,4583,66,22,6.61,269.0
2015-02-10,1,6,1,1,4359,6,60,6.7,23.6
2015-02-10,1,6,6,2,4030,57,65,6.69,23.6
2015-02-10,1,6,2,3,3543,4,17,6.71,23.6
2015-02-10,1,6,5,4,4331,50,21,6.65,23.6
2015-02-10,1,6,3,5,3841,44,40,6.67,23.6
2015-02-10,1,6,4,6,4437,34,28,6.68,23.6
2015-02-10,1,7,3,1,4685,48,31,6.69,88.8
2015-02-10,1,7,4,2,4450,64,2,6.62,88.8
2015-02-10,1,7,2,3,4063,14,38,6.6,88.8
2015-02-10,1,7,5,4,4459,21,9,6.65,88.8
2015-02-10,1,7,6,5,3187,47,27,6.7,88.8
2015-02-10,1,7,1,6,4571,24,66,6.64,88.8
2015-02-10,1,8,3,1,3837,7,26,6.76,131.1
2015-02-10,1,8,6,2,4596,31,15,6.7,131.1
2015-02-10,1,8,5,3,3975,39,50,6.65,131.1
2015-02-10,1,8,2,4,4220,62,16,6.71,131.1
2015-02-10,1,8,1,5,3064,43,1,6.77,131.1
2015-02-10,1,8,4,6,3333,58,36,6.72,131.1
2015-02-10,1,9,1,1,3232,10,49,6.72,27.4
2015-02-10,1,9,3,2,3955,8,11,6.66,27.4
2015-02-10,1,9,2,3,4260,38,8,6.72,27.4
2015-02-10,1,9,5,4,3541,52,51,6.74,27.4
2015-02-10,1,9,4,5,3710,60,33,6.61,27.4
2015-02-10,1,9,6,6,4052,17,48,6.78,27.4
2015-02-10,1,10,4,1,3743,63,30,6.69,146.4
2015-02-10,1,10,2,2,3841,44,40,6.71,146.4
2015-02-10,1,10,5,3,4583,66,22,6.68,146.4
2015-02-10,1,10,1,4,3849,45,23,6.71,146.4
2015-02-10,1,10,6,5,4116,46,6,6.67,146.4
2015-02-10,1,10,3,6,3907,56,32,6.7,146.4
2015-02-10,1,12,1,1,3304,9,24,6.7,79.8
2015-02-10,1,12,3,2,3674,32,58,6.67,79.8
2015-02-10,1,12,5,3,2942,28,62,6.65,79.8
2015-02-10,1,12,6,4,4450,64,2,6.59,79.8
2015-02-10,1,12,4,5,3568,29,52,6.69,79.8
2015-02-10,1,12,2,6,3908,19,5,6.7,79.8
2015-02-11,2,1,1,1,4459,21,9,6.78,86.4
2015-02-11,2,1,5,2,3108,35,45,6.73,86.4
2015-02-11,2,1,2,3,3907,56,32,6.71,86.4
2015-02-11,2,1,4,4,4154,11,34,6.77,86.4
2015-02-11,2,1,6,5,4359,6,60,6.78,86.4
2015-02-11,2,1,3,6,4437,34,28,6.8,86.4
2015-02-11,2,2,1,1,4704,5,47,6.73,47.3
2015-02-11,2,2,6,2,3837,7,26,6.73,47.3
2015-02-11,2,2,2,3,4052,17,48,6.73,47.3
2015-02-11,2,2,5,4,3401,15,39,6.7,47.3
2015-02-11,2,2,3,5,3232,10,49,6.73,47.3
2015-02-11,2,2,4,6,3064,43,1,6.75,47.3
2015-02-11,2,3,3,1,3568,29,52,6.67,67.4
2015-02-11,2,3,6,2,3743,63,30,6.73,67.4
2015-02-11,2,3,5,3,3587,12,55,6.78,67.4
2015-02-11,2,3,4,4,3478,18,20,6.78,67.4
2015-02-11,2,3,1,5,4596,31,15,6.79,67.4
2015-02-11,2,3,2,6,4020,1,41,6.7,67.4
2015-02-11,2,4,4,1,4452,25,18,6.77,174.9
2015-02-11,2,4,1,2,3187,47,27,6.75,174.9
2015-02-11,2,4,2,3,3832,61,59,6.68,174.9
2015-02-11,2,4,6,4,3304,9,24,6.74,174.9
2015-02-11,2,4,3,5,4571,24,66,6.7,174.9
2015-02-11,2,4,5,6,3674,32,58,6.75,174.9
2015-02-11,2,5,4,1,2942,28,62,6.63,50.2
2015-02-11,2,5,5,2,3578,16,37,6.78,50.2
2015-02-11,2,5,1,3,4450,64,2,6.66,50.2
2015-02-11,2,5,6,4,4331,50,21,6.65,50.2
2015-02-11,2,5,3,5,3975,39,50,6.61,50.2
2015-02-11,2,5,2,6,3955,8,11,6.67,50.2
2015-02-11,2,6,1,1,4685,48,31,6.7,9.9
2015-02-11,2,6,2,2,3442,36,57,6.71,9.9
2015-02-11,2,6,3,3,4583,66,22,6.69,9.9
2015-02-11,2,6,6,4,3908,19,5,6.73,9.9
2015-02-11,2,6,4,5,3108,35,45,6.8,9.9
2015-02-11,2,6,5,6,3841,44,40,6.75,9.9
2015-02-11,2,7,5,1,3710,60,33,6.61,255.1
2015-02-11,2,7,4,2,3401,15,39,6.69,255.1
2015-02-11,2,7,1,3,4116,46,6,6.66,255.1
2015-02-11,2,7,2,4,3568,29,52,6.72,255.1
2015-02-11,2,7,6,5,3611,33,54,6.68,255.1
2015-02-11,2,7,3,6,3470,41,64,6.69,255.1
2015-02-11,2,8,1,1,4643,53,4,6.63,76.1
2015-02-11,2,8,2,2,4437,34,28,6.77,76.1
2015-02-11,2,8,5,3,3788,37,19,6.71,76.1
2015-02-11,2,8,3,4,4063,14,38,6.59,76.1
2015-02-11,2,8,4,5,4220,62,53,6.65,76.1
2015-02-11,2,8,6,6,3674,32,58,6.74,76.1
2015-02-11,2,9,3,1,3543,4,17,6.69,332.2
2015-02-11,2,9,5,2,3232,10,49,6.74,332.2
2015-02-11,2,9,6,3,3587,12,55,6.75,332.2
2015-02-11,2,9,2,4,4459,21,9,6.66,332.2
2015-02-11,2,9,4,5,3304,9,24,6.74,332.2
2015-02-11,2,9,1,6,3955,8,11,6.7,332.2
2015-02-11,2,10,1,1,4260,38,8,6.72,14.7
2015-02-11,2,10,5,2,3837,7,26,6.75,14.7
2015-02-11,2,10,2,3,4596,31,15,6.74,14.7
2015-02-11,2,10,3,4,3578,16,37,6.72,14.7
2015-02-11,2,10,6,5,4452,25,18,6.72,14.7
2015-02-11,2,10,4,6,4359,6,60,6.75,14.7
2015-02-11,2,11,4,1,3908,19,5,6.71,45.6
2015-02-11,2,11,3,2,4052,17,48,6.74,45.6
2015-02-11,2,11,1,3,2942,28,62,6.68,45.6
2015-02-11,2,11,6,4,3478,18,20,6.72,45.6
2015-02-11,2,11,5,5,4571,24,66,6.63,45.6
2015-02-11,2,11,2,6,4154,11,34,6.71,45.6
2015-02-11,2,12,6,1,4063,14,38,6.7,137.6
2015-02-11,2,12,1,2,4030,57,65,6.78,137.6
2015-02-11,2,12,3,3,3541,52,51,6.77,137.6
2015-02-11,2,12,4,4,3611,33,54,6.77,137.6
2015-02-11,2,12,2,5,3333,58,13,6.78,137.6
2015-02-11,2,12,5,6,3849,45,23,6.77,137.6
2015-02-12,3,1,1,1,4583,66,22,6.74,31.2
2015-02-12,3,1,4,2,4116,46,6,6.71,31.2
2015-02-12,3,1,2,3,3108,35,45,6.8,31.2
2015-02-12,3,1,6,4,3907,56,32,6.78,31.2
2015-02-12,3,1,3,5,3064,43,1,6.76,31.2
2015-02-12,3,1,5,6,4643,53,4,6.71,31.2
2015-02-12,3,2,5,1,4052,17,48,6.73,220.6
2015-02-12,3,2,6,2,3578,16,37,6.68,220.6
2015-02-12,3,2,3,3,4596,31,15,6.83,220.6
2015-02-12,3,2,2,4,3975,39,50,6.69,220.6
2015-02-12,3,2,1,5,3832,61,59,6.74,220.6
2015-02-12,3,2,4,6,3541,52,51,6.73,220.6
2015-02-12,3,3,2,1,3232,10,49,6.74,49.7
2015-02-12,3,3,1,2,4437,34,28,6.81,49.7
2015-02-12,3,3,6,3,3849,45,23,6.8,49.7
2015-02-12,3,3,5,4,3743,63,30,6.73,49.7
2015-02-12,3,3,3,5,3187,47,27,6.82,49.7
2015-02-12,3,3,4,6,4020,1,41,6.77,49.7
2015-02-12,3,4,4,1,3841,44,40,6.7,122.5
2015-02-12,3,4,3,2,3710,60,33,6.73,122.5
2015-02-12,3,4,5,3,3333,58,13,6.78,122.5
2015-02-12,3,4,2,4,4331,50,21,6.69,122.5
2015-02-12,3,4,6,5,4220,62,53,6.73,122.5
2015-02-12,3,4,1,6,3478,18,20,6.68,122.5
2015-02-12,3,5,1,1,3568,29,52,6.67,39.7
2015-02-12,3,5,6,2,4685,48,31,6.71,39.7
2015-02-12,3,5,4,3,4704,5,47,6.73,39.7
2015-02-12,3,5,5,4,4154,11,34,6.79,39.7
2015-02-12,3,5,2,5,4583,66,22,6.69,39.7
2015-02-12,3,5,3,6,4450,64,2,6.65,39.7
2015-02-12,3,6,3,1,4459,21,9,6.7,118.5
2015-02-12,3,6,2,2,4571,24,66,6.66,118.5
2015-02-12,3,6,1,3,3470,41,64,6.69,118.5
2015-02-12,3,6,6,4,3442,36,57,6.68,118.5
2015-02-12,3,6,4,5,3543,4,17,6.69,118.5
2015-02-12,3,6,5,6,3064,43,1,6.77,118.5
2015-02-12,3,7,1,1,3788,37,19,6.64,26.7
2015-02-12,3,7,2,2,3401,15,39,6.71,26.7
2015-02-12,3,7,6,3,3955,8,11,6.66,26.7
2015-02-12,3,7,4,4,3907,56,32,6.67,26.7
2015-02-12,3,7,5,5,4030,57,65,6.78,26.7
2015-02-12,3,7,3,6,4020,1,41,6.75,26.7
2015-02-12,3,9,3,1,3743,63,30,6.7,55.2
2015-02-12,3,9,1,2,3674,32,58,6.63,55.2
2015-02-12,3,9,5,3,4359,6,60,6.71,55.2
2015-02-12,3,9,6,4,4260,38,8,6.62,55.2
2015-02-12,3,9,2,5,3611,33,54,6.65,55.2
2015-02-12,3,9,4,6,4331,50,21,6.69,55.2
2015-02-12,3,10,1,1,4063,14,38,6.57,21.3
2015-02-12,3,10,2,2,3541,52,51,6.71,21.3
2015-02-12,3,10,6,3,4704,5,47,6.63,21.3
2015-02-12,3,10,5,4,4220,62,53,6.64,21.3
2015-02-12,3,10,3,5,3304,9,24,6.67,21.3
2015-02-12,3,10,4,6,3587,12,55,6.71,21.3
2015-02-12,3,11,4,1,4685,48,31,6.69,54.4
2015-02-12,3,11,1,2,3837,7,26,6.77,54.4
2015-02-12,3,11,2,3,3187,47,27,6.72,54.4
2015-02-12,3,11,5,4,3543,4,17,6.61,54.4
2015-02-12,3,11,3,5,3333,58,13,6.69,54.4
2015-02-12,3,11,6,6,4643,53,4,6.6,54.4
2015-02-12,3,12,1,1,3908,19,5,6.61,42.3
2015-02-12,3,12,5,2,4450,64,2,6.63,42.3
2015-02-12,3,12,4,3,3975,39,50,6.59,42.3
2015-02-12,3,12,6,4,3841,44,40,6.59,42.3
2015-02-12,3,12,2,5,3470,41,64,6.7,42.3
2015-02-12,3,12,3,6,4030,57,65,6.73,42.3
2015-02-13,4,1,3,1,3478,18,20,6.59,56.7
2015-02-13,4,1,1,2,3975,39,50,6.59,56.7
2015-02-13,4,1,6,3,4583,66,22,6.57,56.7
2015-02-13,4,1,4,4,3187,47,27,6.66,56.7
2015-02-13,4,1,5,5,3470,41,64,6.65,56.7
2015-02-13,4,1,2,6,3674,32,58,6.64,56.7
2015-02-13,4,2,6,1,3568,29,52,6.55,82.8
2015-02-13,4,2,1,2,4331,50,21,6.62,82.8
2015-02-13,4,2,5,3,4437,34,28,6.64,82.8
2015-02-13,4,2,2,4,4359,6,60,6.61,82.8
2015-02-13,4,2,4,5,3578,16,37,6.62,82.8
2015-02-13,4,2,3,6,3788,37,19,6.6,82.8
2015-02-13,4,3,6,1,3064,43,1,6.64,381.7
2015-02-13,4,3,2,2,3304,9,24,6.64,381.7
2015-02-13,4,3,4,3,4596,31,15,6.59,381.7
2015-02-13,4,3,5,4,4452,25,18,6.59,381.7
2015-02-13,4,3,3,5,3108,35,45,6.61,381.7
2015-02-13,4,3,1,6,4154,11,34,6.61,381.7
2015-02-13,4,4,5,1,3442,36,57,6.62,171.1
2015-02-13,4,4,6,2,4571,24,66,6.58,171.1
2015-02-13,4,4,4,3,3955,8,11,6.55,171.1
2015-02-13,4,4,2,4,3849,45,23,6.62,171.1
2015-02-13,4,4,1,5,4220,62,53,6.59,171.1
2015-02-13,4,4,3,6,4020,1,41,6.57,171.1
2015-02-13,4,5,4,1,4052,17,48,6.51,60.4
2015-02-13,4,5,3,2,3401,15,39,6.57,60.4
2015-02-13,4,5,5,3,3611,33,54,6.53,60.4
2015-02-13,4,5,6,4,4459,21,9,6.6,60.4
2015-02-13,4,5,1,5,3907,56,32,6.62,60.4
2015-02-13,4,5,2,6,4643,53,4,6.5,60.4
2015-02-13,4,6,1,1,3841,44,40,6.52,142.7
2015-02-13,4,6,6,2,2942,28,62,6.62,142.7
2015-02-13,4,6,4,3,3832,61,59,6.55,142.7
2015-02-13,4,6,5,4,3478,18,20,6.56,142.7
2015-02-13,4,6,3,5,4260,38,8,6.55,142.7
2015-02-13,4,6,2,6,3587,12,55,6.61,142.7
2015-02-13,4,7,3,1,3543,4,17,6.61,21.7
2015-02-13,4,7,5,2,3908,19,5,6.53,21.7
2015-02-13,4,7,1,3,3578,16,37,6.53,21.7
2015-02-13,4,7,4,4,3674,32,58,6.63,21.7
2015-02-13,4,7,6,5,3108,35,45,6.57,21.7
2015-02-13,4,7,2,6,4116,46,6,6.56,21.7
2015-02-13,4,8,1,1,3743,63,30,6.63,15.5
2015-02-13,4,8,4,2,4063,14,38,6.59,15.5
2015-02-13,4,8,5,3,3568,29,52,6.6,15.5
2015-02-13,4,8,3,4,4452,25,29,6.59,15.5
2015-02-13,4,8,6,5,3710,60,33,6.65,15.5
2015-02-13,4,8,2,6,4450,64,2,6.61,15.5
2015-02-13,4,10,4,1,3442,36,57,6.64,309.1
2015-02-13,4,10,3,2,4704,5,47,6.57,309.1
2015-02-13,4,10,6,3,3232,10,49,6.61,309.1
2015-02-13,4,10,5,4,2942,28,62,6.59,309.1
2015-02-13,4,10,2,5,3837,7,26,6.66,309.1
2015-02-13,4,10,1,6,4052,17,48,6.57,309.1
2015-02-13,4,11,3,1,3908,19,5,6.58,50.2
2015-02-13,4,11,1,2,3541,52,51,6.59,50.2
2015-02-13,4,11,5,3,4260,38,8,6.62,50.2
2015-02-13,4,11,6,4,3788,37,19,6.59,50.2
2015-02-13,4,11,4,5,4459,21,9,6.63,50.2
2015-02-13,4,11,2,6,4685,48,31,6.6,50.2
2015-02-13,4,12,1,1,3543,4,17,6.57,6.9
2015-02-13,4,12,3,2,4063,14,38,6.52,6.9
2015-02-13,4,12,5,3,3401,15,39,6.59,6.9
2015-02-13,4,12,4,4,4359,6,60,6.55,6.9
2015-02-13,4,12,6,5,4020,1,41,6.65,6.9
2015-02-13,4,12,2,6,4154,11,34,6.56,6.9
2015-02-14,5,1,2,1,4571,24,66,6.71,39.1
2015-02-14,5,1,1,2,3187,47,27,6.75,39.1
2015-02-14,5,1,5,3,3955,8,11,6.67,39.1
2015-02-14,5,1,3,4,3587,12,55,6.68,39.1
2015-02-14,5,1,4,5,4331,50,21,6.63,39.1
2015-02-14,5,1,6,6,4643,53,4,6.63,39.1
2015-02-14,5,2,1,1,4020,1,41,6.73,41.4
2015-02-14,5,2,3,2,3470,41,64,6.68,41.4
2015-02-14,5,2,2,3,3710,60,33,6.66,41.4
2015-02-14,5,2,5,4,4220,62,53,6.69,41.4
2015-02-14,5,2,6,5,3108,35,45,6.76,41.4
2015-02-14,5,2,4,6,4154,11,34,6.74,41.4
2015-02-14,5,3,2,1,3975,39,50,6.56,37.6
2015-02-14,5,3,1,2,3578,16,37,6.66,37.6
2015-02-14,5,3,5,3,4452,25,29,6.66,37.6
2015-02-14,5,3,4,4,3832,61,59,6.65,37.6
2015-02-14,5,3,3,5,4359,6,60,6.73,37.6
2015-02-14,5,3,6,6,3333,58,13,6.65,37.6
2015-02-14,5,4,1,1,4583,66,22,6.64,17.5
2015-02-14,5,4,4,2,4704,5,47,6.72,17.5
2015-02-14,5,4,2,3,3907,56,32,6.67,17.5
2015-02-14,5,4,6,4,3611,33,54,6.75,17.5
2015-02-14,5,4,5,5,4596,31,15,6.7,17.5
2015-02-14,5,4,3,6,3478,18,20,6.75,17.5
2015-02-14,5,5,1,1,3674,32,58,6.63,81.3
2015-02-14,5,5,5,2,3587,12,55,6.61,81.3
2015-02-14,5,5,4,3,3788,37,19,6.63,81.3
2015-02-14,5,5,6,4,2942,28,62,6.61,81.3
2015-02-14,5,5,2,5,3064,43,1,6.67,81.3
2015-02-14,5,5,3,6,4331,50,21,6.67,81.3
2015-02-14,5,6,1,1,4116,46,6,6.59,33.1
2015-02-14,5,6,4,2,4220,62,53,6.64,33.1
2015-02-14,5,6,3,3,4571,24,66,6.62,33.1
2015-02-14,5,6,2,4,3470,41,64,6.69,33.1
2015-02-14,5,6,5,5,4643,53,4,6.63,33.1
2015-02-14,5,6,6,6,4450,64,2,6.62,33.1
2015-02-14,5,7,1,1,3975,39,50,6.58,20.5
2015-02-14,5,7,4,2,3333,58,13,6.69,20.5
2015-02-14,5,7,2,3,4704,5,47,6.66,20.5
2015-02-14,5,7,6,4,3955,8,11,6.66,20.5
2015-02-14,5,7,5,5,4154,11,34,6.71,20.5
2015-02-14,5,7,3,6,3710,60,33,6.57,20.5
2015-02-14,5,8,1,1,4359,6,60,6.68,20.0
2015-02-14,5,8,2,2,3849,45,23,6.72,20.0
2015-02-14,5,8,5,3,3478,18,20,6.71,20.0
2015-02-14,5,8,4,4,3187,47,27,6.77,20.0
2015-02-14,5,8,3,5,3108,35,45,6.71,20.0
2015-02-14,5,8,6,6,4452,25,29,6.66,20.0
2015-02-14,5,9,1,1,3568,29,52,6.64,11.6
2015-02-14,5,9,3,2,3543,4,17,6.6,11.6
2015-02-14,5,9,2,3,4685,48,31,6.67,11.6
2015-02-14,5,9,6,4,4459,21,9,6.59,11.6
2015-02-14,5,9,5,5,3841,44,40,6.66,11.6
2015-02-14,5,9,4,6,4260,38,8,6.73,11.6
2015-02-14,5,10,1,1,3908,19,5,6.66,12.3
2015-02-14,5,10,3,2,3743,63,30,6.67,12.3
2015-02-14,5,10,5,3,3541,52,51,6.65,12.3
2015-02-14,5,10,6,4,3304,9,24,6.73,12.3
2015-02-14,5,10,4,5,4030,57,65,6.74,12.3
2015-02-14,5,10,2,6,3442,36,57,6.71,12.3
2015-02-14,5,11,1,1,4063,14,38,6.58,27.5
2015-02-14,5,11,5,2,3401,15,39,6.66,27.5
2015-02-14,5,11,4,3,4052,17,48,6.66,27.5
2015-02-14,5,11,6,4,4437,34,28,6.68,27.5
2015-02-14,5,11,2,5,3232,10,49,6.64,27.5
2015-02-14,5,11,3,6,3837,7,26,6.71,27.5
2015-02-14,5,12,1,1,3849,45,23,6.71,35.0
2015-02-14,5,12,5,2,3788,37,19,6.67,35.0
2015-02-14,5,12,6,3,4596,31,15,6.69,35.0
2015-02-14,5,12,2,4,3578,16,37,6.66,35.0
2015-02-14,5,12,4,5,4450,64,2,6.61,35.0
2015-02-14,5,12,3,6,3064,43,1,6.76,35.0
2015-02-15,6,1,1,1,3955,8,11,6.71,18.4
2015-02-15,6,1,4,2,3587,12,55,6.73,18.4
2015-02-15,6,1,2,3,4220,62,53,6.72,18.4
2015-02-15,6,1,5,4,3710,60,33,6.67,18.4
2015-02-15,6,1,3,5,3907,56,32,6.71,18.4
2015-02-15,6,1,6,6,3578,16,37,6.73,18.4
2015-02-15,6,2,4,1,3064,43,1,6.68,141.8
2015-02-15,6,2,5,2,4116,46,6,6.63,141.8
2015-02-15,6,2,2,3,3108,35,45,6.68,141.8
2015-02-15,6,2,3,4,4020,1,41,6.7,141.8
2015-02-15,6,2,1,5,4643,53,4,6.67,141.8
2015-02-15,6,2,6,6,3674,32,58,6.71,141.8
2015-02-15,6,3,1,1,4452,25,29,6.67,7.7
2015-02-15,6,3,2,2,4459,21,9,6.69,7.7
2015-02-15,6,3,3,3,3832,61,59,6.7,7.7
2015-02-15,6,3,4,4,3611,33,54,6.68,7.7
2015-02-15,6,3,6,5,3187,47,27,6.78,7.7
2015-02-15,6,3,5,6,3470,41,64,6.71,7.7
2015-02-15,6,4,4,1,3841,44,40,6.65,121.6
2015-02-15,6,4,1,2,4596,31,15,6.69,121.6
2015-02-15,6,4,5,3,4583,66,22,6.65,121.6
2015-02-15,6,4,3,4,3442,36,57,6.71,121.6
2015-02-15,6,4,6,5,3849,45,23,6.77,121.6
2015-02-15,6,4,2,6,4154,11,34,6.76,121.6
2015-02-15,6,5,2,1,3541,52,51,6.71,107.4
2015-02-15,6,5,6,2,3975,39,50,6.68,107.4
2015-02-15,6,5,4,3,3232,10,49,6.67,107.4
2015-02-15,6,5,5,4,4331,50,21,6.68,107.4
2015-02-15,6,5,3,5,4704,5,47,6.65,107.4
2015-02-15,6,5,1,6,4437,34,28,6.72,107.4
2015-02-15,6,6,1,1,3333,58,13,6.67,28.4
2015-02-15,6,6,4,2,4030,57,65,6.73,28.4
2015-02-15,6,6,3,3,3587,12,55,6.67,28.4
2015-02-15,6,6,2,4,3837,7,26,6.7,28.4
2015-02-15,6,6,6,5,4359,6,60,6.69,28.4
2015-02-15,6,6,5,6,4571,24,66,6.62,28.4
2015-02-15,6,7,1,1,4260,38,8,6.73,12.1
2015-02-15,6,7,3,2,4052,17,48,6.7,12.1
2015-02-15,6,7,5,3,3832,61,59,6.65,12.1
2015-02-15,6,7,2,4,3478,18,20,6.77,12.1
2015-02-15,6,7,6,5,2942,28,62,6.7,12.1
2015-02-15,6,7,4,6,3674,32,58,6.71,12.1
2015-02-15,6,8,3,1,4685,48,31,6.73,19.8
2015-02-15,6,8,1,2,4450,64,2,6.61,19.8
2015-02-15,6,8,6,3,4583,66,22,6.63,19.8
2015-02-15,6,8,2,4,3304,9,24,6.75,19.8
2015-02-15,6,8,4,5,3907,56,32,6.73,19.8
2015-02-15,6,8,5,6,4020,1,41,6.7,19.8
2015-02-15,6,9,1,1,3611,33,54,6.63,40.5
2015-02-15,6,9,3,2,3955,8,11,6.65,40.5
2015-02-15,6,9,2,3,3788,37,19,6.64,40.5
2015-02-15,6,9,4,4,3849,45,23,6.73,40.5
2015-02-15,6,9,6,5,4116,46,6,6.64,40.5
2015-02-15,6,9,5,6,4704,5,56,6.68,40.5
2015-02-15,6,10,4,1,3442,36,57,6.79,269.9
2015-02-15,6,10,3,2,3841,44,40,6.69,269.9
2015-02-15,6,10,6,3,4260,38,8,6.77,269.9
2015-02-15,6,10,2,4,4030,57,65,6.67,269.9
2015-02-15,6,10,1,5,3232,10,49,6.63,269.9
2015-02-15,6,10,5,6,3837,7,26,6.79,269.9
2015-02-15,6,11,3,1,3541,52,51,6.65,57.5
2015-02-15,6,11,1,2,4685,48,31,6.61,57.5
2015-02-15,6,11,5,3,3304,9,24,6.68,57.5
2015-02-15,6,11,6,4,4437,34,28,6.71,57.5
2015-02-15,6,11,4,5,4459,21,9,6.65,57.5
2015-02-15,6,11,2,6,4052,17,48,6.74,57.5
2015-02-15,6,12,1,1,4063,14,38,6.56,15.2
2015-02-15,6,12,2,2,3908,19,5,6.64,15.2
2015-02-15,6,12,5,3,3543,4,17,6.7,15.2
2015-02-15,6,12,6,4,3401,15,39,6.71,15.2
2015-02-15,6,12,4,5,3743,63,30,6.63,15.2
2015-02-15,6,12,3,6,3568,29,52,6.65,15.2
2015-02-19,1,1,1,1,3752,63,39,6.61,41.2
2015-02-19,1,1,3,2,3246,24,54,6.59,41.2
2015-02-19,1,1,6,3,3639,21,26,6.6,41.2
2015-02-19,1,1,5,4,4772,62,33,6.61,41.2
2015-02-19,1,1,2,5,3846,40,48,6.62,41.2
2015-02-19,1,1,4,6,3935,1,65,6.67,41.2
2015-02-19,1,2,4,1,3825,36,35,6.66,13.7
2015-02-19,1,2,6,2,3660,50,16,6.59,13.7
2015-02-19,1,2,2,3,3617,26,58,6.61,13.7
2015-02-19,1,2,1,4,3583,54,41,6.59,13.7
2015-02-19,1,2,5,5,4842,61,14,6.61,13.7
2015-02-19,1,2,3,6,3413,2,52,6.62,13.7
2015-02-19,1,3,5,1,3822,3,62,6.55,47.1
2015-02-19,1,3,4,2,3905,52,5,6.63,47.1
2015-02-19,1,3,6,3,4831,22,56,6.61,47.1
2015-02-19,1,3,2,4,3293,65,34,6.63,47.1
2015-02-19,1,3,3,5,3973,20,18,6.56,47.1
2015-02-19,1,3,1,6,3567,12,15,6.6,47.1
2015-02-19,1,4,3,1,4643,34,31,6.6,125.9
2015-02-19,1,4,4,2,3818,19,19,6.58,125.9
2015-02-19,1,4,2,3,2888,55,1,6.58,125.9
2015-02-19,1,4,6,4,4803,7,60,6.57,125.9
2015-02-19,1,4,5,5,4366,51,6,6.64,125.9
2015-02-19,1,4,1,6,4442,9,25,6.57,125.9
2015-02-19,1,5,3,1,4109,35,22,6.61,12.4
2015-02-19,1,5,1,2,4506,59,45,6.51,12.4
2015-02-19,1,5,4,3,3711,23,9,6.61,12.4
2015-02-19,1,5,6,4,4010,28,7,6.57,12.4
2015-02-19,1,5,2,5,3672,15,38,6.56,12.4
2015-02-19,1,5,5,6,3639,21,26,6.64,12.4
2015-02-19,1,6,2,1,3454,37,49,6.61,13.5
2015-02-19,1,6,3,2,3379,33,21,6.6,13.5
2015-02-19,1,6,5,3,3612,16,23,6.55,13.5
2015-02-19,1,6,1,4,3846,40,48,6.59,13.5
2015-02-19,1,6,4,5,3583,54,41,6.64,13.5
2015-02-19,1,6,6,6,4527,56,51,6.59,13.5
2015-02-19,1,8,1,1,3331,13,11,6.62,27.7
2015-02-19,1,8,3,2,3293,65,34,6.61,27.7
2015-02-19,1,8,4,3,3448,64,24,6.61,27.7
2015-02-19,1,8,5,4,3818,19,19,6.64,27.7
2015-02-19,1,8,2,5,3752,63,39,6.63,27.7
2015-02-19,1,8,6,6,4842,61,14,6.6,27.7
2015-02-19,1,9,3,1,3813,49,27,6.66,26.5
2015-02-19,1,9,2,2,3731,17,61,6.57,26.5
2015-02-19,1,9,5,3,3838,31,36,6.64,26.5
2015-02-19,1,9,1,4,4272,30,64,6.63,26.5
2015-02-19,1,9,4,5,4010,28,7,6.65,26.5
2015-02-19,1,9,6,6,4235,27,30,6.62,26.5
2015-02-19,1,10,3,1,4492,60,8,6.62,19.4
2015-02-19,1,10,1,2,3711,23,9,6.56,19.4
2015-02-19,1,10,4,3,3454,37,49,6.62,19.4
2015-02-19,1,10,5,4,3998,43,46,6.55,19.4
2015-02-19,1,10,2,5,3973,20,18,6.59,19.4
2015-02-19,1,10,6,6,3825,36,35,6.57,19.4
2015-02-19,1,11,1,1,3790,44,10,6.54,8.1
2015-02-19,1,11,3,2,3612,16,23,6.6,8.1
2015-02-19,1,11,4,3,4643,34,31,6.62,8.1
2015-02-19,1,11,5,4,3905,52,5,6.62,8.1
2015-02-19,1,11,6,5,3935,1,65,6.68,8.1
2015-02-19,1,11,2,6,4506,59,45,6.47,8.1
2015-02-19,1,12,1,1,3903,48,57,6.54,14.3
2015-02-19,1,12,3,2,3822,3,62,6.58,14.3
2015-02-19,1,12,6,3,3379,33,21,6.59,14.3
2015-02-19,1,12,4,4,4366,51,6,6.63,14.3
2015-02-19,1,12,5,5,4109,35,22,6.61,14.3
2015-02-19,1,12,2,6,3331,13,11,6.71,14.3
2015-02-20,2,1,1,1,4235,27,30,6.67,7.9
2015-02-20,2,1,2,2,3583,54,41,6.64,7.9
2015-02-20,2,1,4,3,3567,12,15,6.65,7.9
2015-02-20,2,1,5,4,2888,55,1,6.7,7.9
2015-02-20,2,1,6,5,4842,61,14,6.69,7.9
2015-02-20,2,1,3,6,3639,21,26,6.66,7.9
2015-02-20,2,2,4,1,3246,24,54,6.56,16.3
2015-02-20,2,2,1,2,4010,28,7,6.59,16.3
2015-02-20,2,2,3,3,3935,1,65,6.63,16.3
2015-02-20,2,2,5,4,4831,22,56,6.66,16.3
2015-02-20,2,2,2,5,4527,56,51,6.66,16.3
2015-02-20,2,2,6,6,3413,2,52,6.72,16.3
2015-02-20,2,3,5,1,3752,63,39,6.66,53.4
2015-02-20,2,3,3,2,3711,23,9,6.62,53.4
2015-02-20,2,3,1,3,3293,65,34,6.65,53.4
2015-02-20,2,3,2,4,3660,50,16,6.66,53.4
2015-02-20,2,3,6,5,4442,9,25,6.62,53.4
2015-02-20,2,3,4,6,3672,15,38,6.55,53.4
2015-02-20,2,4,3,1,3790,44,10,6.6,18.0
2015-02-20,2,4,1,2,3973,20,18,6.62,18.0
2015-02-20,2,4,2,3,3905,52,5,6.62,18.0
2015-02-20,2,4,4,4,3998,43,46,6.59,18.0
2015-02-20,2,4,6,5,3617,26,58,6.6,18.0
2015-02-20,2,4,5,6,4803,7,60,6.62,18.0
2015-02-20,2,5,1,1,4492,60,8,6.61,8.2
2015-02-20,2,5,4,2,3838,31,36,6.67,8.2
2015-02-20,2,5,2,3,4772,62,33,6.62,8.2
2015-02-20,2,5,6,4,3846,40,48,6.57,8.2
2015-02-20,2,5,3,5,3448,64,24,6.63,8.2
2015-02-20,2,5,5,6,4272,30,64,6.64,8.2
2015-02-20,2,6,2,1,3822,3,59,6.63,7.3
2015-02-20,2,6,5,2,3813,49,27,6.7,7.3
2015-02-20,2,6,3,3,3454,37,49,6.67,7.3
2015-02-20,2,6,4,4,4527,56,51,6.66,7.3
2015-02-20,2,6,1,5,3818,19,19,6.56,7.3
2015-02-20,2,6,6,6,4669,66,50,6.66,7.3
2015-02-20,2,7,1,1,3825,36,35,6.65,12.1
2015-02-20,2,7,4,2,3612,16,23,6.68,12.1
2015-02-20,2,7,2,3,4643,34,31,6.65,12.1
2015-02-20,2,7,5,4,3731,17,61,6.64,12.1
2015-02-20,2,7,3,5,4442,9,25,6.68,12.1
2015-02-20,2,7,6,6,3567,12,15,6.73,12.1
2015-02-20,2,8,1,1,3379,33,21,6.56,3.0
2015-02-20,2,8,2,2,4109,35,22,6.65,3.0
2015-02-20,2,8,4,3,4235,27,30,6.67,3.0
2015-02-20,2,8,3,4,3672,15,38,6.66,3.0
2015-02-20,2,8,6,5,4803,7,60,6.69,3.0
2015-02-20,2,8,5,6,3413,2,52,6.66,3.0
2015-02-20,2,9,1,1,3448,64,24,6.65,11.8
2015-02-20,2,9,5,2,3331,13,11,6.71,11.8
2015-02-20,2,9,2,3,3998,43,46,6.63,11.8
2015-02-20,2,9,4,4,3660,50,16,6.67,11.8
2015-02-20,2,9,3,5,2888,55,1,6.71,11.8
2015-02-20,2,9,6,6,3967,32,55,6.65,11.8
2015-02-20,2,10,1,1,3454,37,49,6.62,44.6
2015-02-20,2,10,4,2,4506,59,45,6.64,44.6
2015-02-20,2,10,5,3,3903,48,57,6.67,44.6
2015-02-20,2,10,3,4,3905,52,5,6.7,44.6
2015-02-20,2,10,2,5,4366,51,6,6.66,44.6
2015-02-20,2,10,6,6,4272,30,64,6.66,44.6
2015-02-20,2,11,1,1,3822,3,59,6.6,28.2
2015-02-20,2,11,2,2,4492,60,8,6.63,28.2
2015-02-20,2,11,6,3,3246,24,54,6.7,28.2
2015-02-20,2,11,5,4,3790,44,10,6.64,28.2
2015-02-20,2,11,3,5,3731,17,61,6.72,28.2
2015-02-20,2,11,4,6,3752,63,39,6.65,28.2
2015-02-20,2,12,2,1,3379,33,21,6.63,32.3
2015-02-20,2,12,1,2,3612,16,23,6.62,32.3
2015-02-20,2,12,4,3,3813,49,27,6.74,32.3
2015-02-20,2,12,3,4,3838,31,36,6.7,32.3
2015-02-20,2,12,5,5,3711,23,9,6.7,32.3
2015-02-20,2,12,6,6,4831,22,56,6.75,32.3
2015-02-21,3,1,2,1,3825,36,35,6.74,119.3
2015-02-21,3,1,1,2,3998,43,46,6.65,119.3
2015-02-21,3,1,6,3,4842,61,14,6.77,119.3
2015-02-21,3,1,4,4,3639,21,26,6.68,119.3
2015-02-21,3,1,5,5,3660,50,16,6.68,119.3
2015-02-21,3,1,3,6,3818,19,19,6.63,119.3
2015-02-21,3,2,1,1,3935,1,65,6.62,31.1
2015-02-21,3,2,5,2,3293,65,34,6.61,31.1
2015-02-21,3,2,6,3,4803,7,60,6.68,31.1
2015-02-21,3,2,4,4,3846,40,48,6.63,31.1
2015-02-21,3,2,3,5,3583,54,41,6.71,31.1
2015-02-21,3,2,2,6,3413,2,52,6.67,31.1
2015-02-21,3,3,3,1,4643,34,31,6.68,13.4
2015-02-21,3,3,6,2,3331,13,11,6.7,13.4
2015-02-21,3,3,1,3,3672,15,38,6.64,13.4
2015-02-21,3,3,4,4,3617,26,58,6.68,13.4
2015-02-21,3,3,2,5,3567,12,15,6.69,13.4
2015-02-21,3,3,5,6,4527,56,51,6.65,13.4
2015-02-21,3,5,4,1,4109,35,22,6.68,30.6
2015-02-21,3,5,1,2,4366,51,6,6.7,30.6
2015-02-21,3,5,2,3,3813,49,27,6.72,30.6
2015-02-21,3,5,3,4,4272,30,64,6.75,30.6
2015-02-21,3,5,5,5,3246,24,54,6.74,30.6
2015-02-21,3,5,6,6,4831,22,56,6.68,30.6
2015-02-21,3,6,4,1,3903,48,57,6.64,7.2
2015-02-21,3,6,1,2,3905,52,5,6.68,7.2
2015-02-21,3,6,6,3,3731,17,61,6.68,7.2
2015-02-21,3,6,3,4,4772,62,33,6.62,7.2
2015-02-21,3,6,2,5,4442,9,25,6.69,7.2
2015-02-21,3,6,5,6,4842,61,14,6.68,7.2
2015-02-21,3,7,4,1,3822,3,59,6.67,38.5
2015-02-21,3,7,6,2,3967,32,55,6.75,38.5
2015-02-21,3,7,2,3,3448,64,24,6.73,38.5
2015-02-21,3,7,3,4,3752,63,39,6.7,38.5
2015-02-21,3,7,5,5,3846,40,48,6.63,38.5
2015-02-21,3,7,1,6,3639,21,26,6.72,38.5
2015-02-21,3,8,1,1,3838,31,36,6.58,4.5
2015-02-21,3,8,4,2,3454,37,49,6.64,4.5
2015-02-21,3,8,2,3,3711,23,9,6.75,4.5
2015-02-21,3,8,3,4,4010,28,7,6.75,4.5
2015-02-21,3,8,5,5,3617,26,58,6.71,4.5
2015-02-21,3,8,6,6,4669,66,50,6.59,4.5
2015-02-21,3,9,1,1,3813,49,27,6.73,43.0
2015-02-21,3,9,2,2,3612,16,23,6.64,43.0
2015-02-21,3,9,6,3,3973,20,18,6.71,43.0
2015-02-21,3,9,4,4,3790,44,10,6.7,43.0
2015-02-21,3,9,3,5,3825,36,35,6.67,43.0
2015-02-21,3,9,5,6,3583,54,41,6.78,43.0
2015-02-21,3,10,1,1,3379,33,21,6.55,7.3
2015-02-21,3,10,3,2,3331,13,11,6.67,7.3
2015-02-21,3,10,5,3,4506,59,45,6.6,7.3
2015-02-21,3,10,4,4,3731,17,61,6.66,7.3
2015-02-21,3,10,2,5,3935,1,65,6.67,7.3
2015-02-21,3,10,6,6,3818,19,19,6.62,7.3
2015-02-21,3,11,6,1,4492,60,8,6.63,124.6
2015-02-21,3,11,2,2,3903,48,57,6.65,124.6
2015-02-21,3,11,5,3,4643,34,31,6.68,124.6
2015-02-21,3,11,1,4,4109,35,22,6.68,124.6
2015-02-21,3,11,4,5,3293,65,34,6.71,124.6
2015-02-21,3,11,3,6,3448,64,24,6.72,124.6
2015-02-22,4,1,1,1,4643,34,31,6.77,12.3
2015-02-22,4,1,2,2,4272,30,64,6.76,12.3
2015-02-22,4,1,5,3,4831,22,56,6.78,12.3
2015-02-22,4,1,4,4,2888,55,1,6.76,12.3
2015-02-22,4,1,6,5,3583,54,41,6.75,12.3
2015-02-22,4,1,3,6,3617,26,58,6.74,12.3
2015-02-22,4,2,5,1,3973,20,18,6.73,56.5
2015-02-22,4,2,3,2,3567,12,15,6.79,56.5
2015-02-22,4,2,2,3,3818,19,19,6.68,56.5
2015-02-22,4,2,4,4,4442,9,25,6.69,56.5
2015-02-22,4,2,6,5,4842,61,14,6.72,56.5
2015-02-22,4,2,1,6,3413,2,52,6.78,56.5
2015-02-22,4,3,4,1,4109,35,22,6.76,82.3
2015-02-22,4,3,1,2,3660,50,16,6.77,82.3
2015-02-22,4,3,5,3,4803,7,60,6.76,82.3
2015-02-22,4,3,2,4,3731,17,61,6.69,82.3
2015-02-22,4,3,6,5,3672,15,38,6.65,82.3
2015-02-22,4,3,3,6,4527,56,51,6.74,82.3
2015-02-22,4,4,1,1,3246,24,54,6.7,18.0
2015-02-22,4,4,3,2,3752,63,39,6.6,18.0
2015-02-22,4,4,4,3,3331,13,11,6.72,18.0
2015-02-22,4,4,5,4,3935,1,29,6.7,18.0
2015-02-22,4,4,6,5,3293,65,34,6.7,18.0
2015-02-22,4,4,2,6,4235,27,63,6.68,18.0
2015-02-22,4,5,3,1,3813,49,27,6.76,10.9
2015-02-22,4,5,1,2,4366,51,6,6.7,10.9
2015-02-22,4,5,4,3,3379,33,21,6.68,10.9
2015-02-22,4,5,5,4,4010,28,7,6.75,10.9
2015-02-22,4,5,6,5,2888,55,1,6.7,10.9
2015-02-22,4,5,2,6,3639,21,26,6.76,10.9
2015-02-22,4,6,2,1,3612,16,23,6.67,10.6
2015-02-22,4,6,3,2,4506,59,45,6.66,10.6
2015-02-22,4,6,4,3,3790,44,10,6.71,10.6
2015-02-22,4,6,1,4,4772,62,33,6.68,10.6
2015-02-22,4,6,6,5,4669,66,50,6.63,10.6
2015-02-22,4,6,5,6,4442,9,25,6.76,10.6
2015-02-22,4,7,2,1,3903,48,57,6.65,10.3
2015-02-22,4,7,3,2,3838,31,36,6.7,10.3
2015-02-22,4,7,4,3,4272,30,64,6.71,10.3
2015-02-22,4,7,5,4,3825,36,35,6.79,10.3
2015-02-22,4,7,6,5,3967,32,55,6.76,10.3
2015-02-22,4,7,1,6,4527,56,51,6.71,10.3
2015-02-22,4,8,2,1,4492,60,8,6.67,30.0
2015-02-22,4,8,1,2,3731,17,61,6.78,30.0
2015-02-22,4,8,6,3,4831,22,56,6.79,30.0
2015-02-22,4,8,5,4,3567,12,15,6.74,30.0
2015-02-22,4,8,4,5,3905,52,5,6.73,30.0
2015-02-22,4,8,3,6,3846,40,48,6.68,30.0
2015-02-22,4,9,1,1,4109,35,22,6.68,21.5
2015-02-22,4,9,3,2,3711,23,9,6.81,21.5
2015-02-22,4,9,6,3,3822,3,59,6.64,21.5
2015-02-22,4,9,5,4,3454,37,49,6.71,21.5
2015-02-22,4,9,2,5,3246,24,54,6.72,21.5
2015-02-22,4,9,4,6,3413,2,52,6.79,21.5
2015-02-22,4,10,1,1,3331,13,11,6.74,16.4
2015-02-22,4,10,3,2,4366,51,6,6.77,16.4
2015-02-22,4,10,5,3,3448,64,24,6.76,16.4
2015-02-22,4,10,4,4,3998,43,46,6.61,16.4
2015-02-22,4,10,6,5,4803,7,60,6.76,16.4
2015-02-22,4,10,2,6,4506,59,45,6.7,16.4
2015-02-22,4,11,1,1,3612,16,23,6.7,14.9
2015-02-22,4,11,5,2,3379,33,21,6.67,14.9
2015-02-22,4,11,4,3,4235,27,13,6.8,14.9
2015-02-22,4,11,2,4,3838,31,36,6.69,14.9
2015-02-22,4,11,6,5,3905,52,5,6.75,14.9
2015-02-22,4,11,3,6,3660,50,16,6.75,14.9
2015-02-22,4,12,1,1,3903,48,57,6.65,7.8
2015-02-22,4,12,2,2,3790,44,10,6.71,7.8
2015-02-22,4,12,3,3,4492,60,8,6.69,7.8
2015-02-22,4,12,5,4,3672,15,38,6.63,7.8
2015-02-22,4,12,6,5,3752,63,39,6.67,7.8
2015-02-22,4,12,4,6,3813,49,27,6.73,7.8
2015-02-23,5,1,1,1,3448,64,24,6.74,8.3
2015-02-23,5,1,6,2,3379,33,21,6.65,8.3
2015-02-23,5,1,2,3,3825,36,35,6.75,8.3
2015-02-23,5,1,4,4,4442,9,25,6.76,8.3
2015-02-23,5,1,5,5,3617,26,58,6.74,8.3
2015-02-23,5,1,3,6,2888,55,1,6.72,8.3
2015-02-23,5,2,1,1,4772,62,33,6.72,22.9
2015-02-23,5,2,5,2,3813,49,27,6.73,22.9
2015-02-23,5,2,2,3,3905,52,5,6.69,22.9
2015-02-23,5,2,4,4,3454,37,49,6.66,22.9
2015-02-23,5,2,3,5,3639,21,26,6.7,22.9
2015-02-23,5,2,6,6,3413,2,52,6.77,22.9
2015-02-23,5,3,2,1,4506,59,45,6.66,19.3
2015-02-23,5,3,4,2,4366,51,6,6.72,19.3
2015-02-23,5,3,6,3,4492,60,8,6.66,19.3
2015-02-23,5,3,3,4,4527,56,51,6.69,19.3
2015-02-23,5,3,1,5,3293,65,34,6.7,19.3
2015-02-23,5,3,5,6,4669,66,50,6.78,19.3
2015-02-23,5,4,1,1,3660,50,16,6.69,12.9
2015-02-23,5,4,2,2,3711,23,9,6.73,12.9
2015-02-23,5,4,5,3,3612,16,23,6.65,12.9
2015-02-23,5,4,3,4,3246,24,54,6.69,12.9
2015-02-23,5,4,4,5,3846,40,48,6.62,12.9
2015-02-23,5,4,6,6,4842,61,14,6.63,12.9
2015-02-23,5,5,4,1,3822,3,59,6.63,20.7
2015-02-23,5,5,1,2,4235,27,13,6.66,20.7
2015-02-23,5,5,2,3,4272,30,64,6.68,20.7
2015-02-23,5,5,5,4,3672,15,38,6.6,20.7
2015-02-23,5,5,3,5,4643,34,31,6.65,20.7
2015-02-23,5,5,6,6,4803,7,60,6.67,20.7
2015-02-23,5,6,1,1,3790,44,10,6.65,20.4
2015-02-23,5,6,5,2,3903,48,57,6.67,20.4
2015-02-23,5,6,6,3,4831,22,56,6.67,20.4
2015-02-23,5,6,3,4,3331,13,11,6.73,20.4
2015-02-23,5,6,2,5,3583,54,41,6.71,20.4
2015-02-23,5,6,4,6,3818,19,19,6.66,20.4
2015-02-23,5,7,1,1,3838,31,36,6.72,6.2
2015-02-23,5,7,4,2,4109,35,22,6.7,6.2
2015-02-23,5,7,2,3,3752,63,39,6.62,6.2
2015-02-23,5,7,6,4,3967,32,55,6.71,6.2
2015-02-23,5,7,3,5,3973,20,18,6.69,6.2
2015-02-23,5,7,5,6,3567,12,15,6.76,6.2
2015-02-23,5,8,1,1,3379,33,21,6.69,5.2
2015-02-23,5,8,2,2,3813,49,27,6.76,5.2
2015-02-23,5,8,3,3,4366,51,6,6.73,5.2
2015-02-23,5,8,4,4,3246,24,54,6.73,5.2
2015-02-23,5,8,6,5,3448,64,24,6.75,5.2
2015-02-23,5,8,5,6,3905,52,5,6.76,5.2
2015-02-23,5,9,1,1,3822,3,59,6.61,7.7
2015-02-23,5,9,2,2,4643,34,31,6.73,7.7
2015-02-23,5,9,3,3,3454,37,49,6.71,7.7
2015-02-23,5,9,6,4,3293,65,34,6.72,7.7
2015-02-23,5,9,5,5,4506,59,45,6.69,7.7
2015-02-23,5,9,4,6,3711,23,9,6.74,7.7
2015-02-23,5,10,1,1,4492,60,8,6.59,25.1
2015-02-23,5,10,4,2,4235,27,13,6.69,25.1
2015-02-23,5,10,3,3,3790,44,10,6.7,25.1
2015-02-23,5,10,6,4,4772,62,33,6.67,25.1
2015-02-23,5,10,5,5,3752,63,39,6.67,25.1
2015-02-23,5,10,2,6,3612,16,23,6.72,25.1
2015-02-23,5,11,1,1,3903,48,57,6.65,93.6
2015-02-23,5,11,6,2,3660,50,16,6.71,93.6
2015-02-23,5,11,2,3,3331,13,11,6.71,93.6
2015-02-23,5,11,3,4,4109,35,22,6.79,93.6
2015-02-23,5,11,5,5,3825,36,35,6.82,93.6
2015-02-23,5,11,4,6,3838,31,36,6.65,93.6
2015-02-23,5,12,4,1,3973,20,18,6.68,56.7
2015-02-23,5,12,5,2,3967,32,55,6.68,56.7
2015-02-23,5,12,2,3,3935,1,29,6.74,56.7
2015-02-23,5,12,1,4,3998,43,46,6.64,56.7
2015-02-23,5,12,3,5,4010,28,7,6.76,56.7
2015-02-23,5,12,6,6,4669,66,50,6.71,56.7
2015-02-24,6,1,1,1,3905,52,5,6.73,6.4
2015-02-24,6,1,2,2,3567,12,15,6.69,6.4
2015-02-24,6,1,6,3,4010,28,7,6.79,6.4
2015-02-24,6,1,3,4,3639,21,26,6.7,6.4
2015-02-24,6,1,4,5,4527,56,51,6.74,6.4
2015-02-24,6,1,5,6,4842,61,14,6.73,6.4
2015-02-24,6,2,2,1,3846,40,48,6.69,55.5
2015-02-24,6,2,5,2,3583,54,41,6.76,55.5
2015-02-24,6,2,3,3,4442,9,25,6.73,55.5
2015-02-24,6,2,1,4,3413,2,52,6.83,55.5
2015-02-24,6,2,4,5,3818,19,19,6.75,55.5
2015-02-24,6,2,6,6,4803,7,60,6.7,55.5
2015-02-24,6,3,2,1,3672,15,38,6.68,263.2
2015-02-24,6,3,3,2,3448,64,24,6.75,263.2
2015-02-24,6,3,5,3,3973,20,18,6.7,263.2
2015-02-24,6,3,4,4,3825,36,35,6.77,263.2
2015-02-24,6,3,1,5,3246,24,54,6.67,263.2
2015-02-24,6,3,6,6,4831,22,56,6.7,263.2
2015-02-24,6,4,1,1,3752,63,39,6.61,11.2
2015-02-24,6,4,5,2,4772,62,33,6.63,11.2
2015-02-24,6,4,6,3,3967,32,55,6.7,11.2
2015-02-24,6,4,3,4,3935,1,29,6.71,11.2
2015-02-24,6,4,2,5,3617,26,58,6.67,11.2
2015-02-24,6,4,4,6,2888,55,1,6.75,11.2
2015-02-24,6,5,1,1,4366,51,6,6.68,12.6
2015-02-24,6,5,2,2,3790,44,10,6.71,12.6
2015-02-24,6,5,4,3,3813,49,27,6.7,12.6
2015-02-24,6,5,5,4,3379,33,21,6.64,12.6
2015-02-24,6,5,3,5,4235,27,13,6.68,12.6
2015-02-24,6,5,6,6,4492,60,8,6.61,12.6
2015-02-24,6,7,4,1,3246,24,54,6.69,314.1
2015-02-24,6,7,2,2,3293,65,34,6.73,314.1
2015-02-24,6,7,3,3,4010,28,7,6.7,314.1
2015-02-24,6,7,1,4,3711,23,9,6.77,314.1
2015-02-24,6,7,6,5,3825,36,35,6.7,314.1
2015-02-24,6,7,5,6,4272,30,64,6.72,314.1
2015-02-24,6,8,1,1,4506,59,45,6.66,6.9
2015-02-24,6,8,2,2,4109,35,22,6.76,6.9
2015-02-24,6,8,3,3,3846,40,48,6.7,6.9
2015-02-24,6,8,4,4,3998,43,46,6.71,6.9
2015-02-24,6,8,6,5,4842,61,14,6.72,6.9
2015-02-24,6,8,5,6,3639,21,26,6.76,6.9
2015-02-24,6,9,4,1,3838,31,36,6.7,61.0
2015-02-24,6,9,1,2,3612,16,23,6.68,61.0
2015-02-24,6,9,3,3,3583,54,41,6.75,61.0
2015-02-24,6,9,2,4,3448,64,24,6.66,61.0
2015-02-24,6,9,5,5,3818,19,19,6.69,61.0
2015-02-24,6,9,6,6,4669,66,50,6.68,61.0
2015-02-24,6,10,1,1,4492,60,8,6.59,24.2
2015-02-24,6,10,3,2,3813,49,27,6.66,24.2
2015-02-24,6,10,6,3,3454,37,49,6.68,24.2
2015-02-24,6,10,5,4,3790,44,10,6.7,24.2
2015-02-24,6,10,2,5,3822,3,53,6.68,24.2
2015-02-24,6,10,4,6,3660,50,16,6.72,24.2
2015-02-24,6,11,1,1,3903,48,37,6.61,25.2
2015-02-24,6,11,3,2,4643,34,31,6.75,25.2
2015-02-24,6,11,5,3,3331,13,11,6.65,25.2
2015-02-24,6,11,2,4,3379,33,21,6.58,25.2
2015-02-24,6,11,4,5,4235,27,13,6.7,25.2
2015-02-24,6,11,6,6,4366,51,6,6.67,25.2
2015-02-24,6,12,1,1,4109,35,22,6.72,10.2
2015-02-24,6,12,4,2,3711,23,9,6.81,10.2
2015-02-24,6,12,2,3,3612,16,23,6.76,10.2
2015-02-24,6,12,5,4,3935,1,29,6.78,10.2
2015-02-24,6,12,6,5,3998,43,46,6.7,10.2
2015-02-24,6,12,3,6,3617,26,58,6.72,10.2
2015-02-25,7,2,2,1,3639,21,26,6.68,33.9
2015-02-25,7,2,1,2,4010,28,7,6.67,33.9
2015-02-25,7,2,4,3,3617,26,58,6.67,33.9
2015-02-25,7,2,5,4,4803,7,60,6.67,33.9
2015-02-25,7,2,3,5,3413,2,52,6.71,33.9
2015-02-25,7,2,6,6,2888,55,1,6.71,33.9
2015-02-25,7,3,4,1,3973,20,18,6.67,72.4
2015-02-25,7,3,2,2,4772,62,33,6.7,72.4
2015-02-25,7,3,3,3,3293,65,34,6.68,72.4
2015-02-25,7,3,1,4,3825,36,35,6.74,72.4
2015-02-25,7,3,5,5,3846,40,48,6.67,72.4
2015-02-25,7,3,6,6,3567,12,15,6.78,72.4
2015-02-25,7,4,6,1,3838,31,36,6.66,58.8
2015-02-25,7,4,4,2,3998,43,46,6.67,58.8
2015-02-25,7,4,1,3,4235,27,13,6.66,58.8
2015-02-25,7,4,3,4,4527,56,51,6.7,58.8
2015-02-25,7,4,5,5,4831,22,56,6.73,58.8
2015-02-25,7,4,2,6,3246,24,54,6.7,58.8
2015-02-25,7,5,1,1,3822,3,53,6.69,3.0
2015-02-25,7,5,2,2,4366,51,6,6.68,3.0
2015-02-25,7,5,4,3,3905,52,5,6.62,3.0
2015-02-25,7,5,5,4,4442,9,25,6.68,3.0
2015-02-25,7,5,6,5,4669,66,50,6.61,3.0
2015-02-25,7,5,3,6,3583,54,41,6.74,3.0
2015-02-25,7,6,5,1,3903,48,37,6.68,10.9
2015-02-25,7,6,2,2,4109,35,22,6.71,10.9
2015-02-25,7,6,1,3,4506,59,45,6.67,10.9
2015-02-25,7,6,6,4,3967,32,55,6.66,10.9
2015-02-25,7,6,3,5,4010,28,7,6.76,10.9
2015-02-25,7,6,4,6,3413,2,52,6.69,10.9
2015-02-25,7,7,1,1,3752,63,39,6.66,56.0
2015-02-25,7,7,3,2,4272,30,64,6.69,56.0
2015-02-25,7,7,5,3,3293,65,34,6.68,56.0
2015-02-25,7,7,4,4,3672,15,38,6.69,56.0
2015-02-25,7,7,6,5,3660,50,16,6.76,56.0
2015-02-25,7,7,2,6,3612,16,23,6.7,56.0
2015-02-25,7,8,1,1,3711,23,9,6.68,6.8
2015-02-25,7,8,2,2,3379,33,4,6.63,6.8
2015-02-25,7,8,4,3,3838,31,36,6.62,6.8
2015-02-25,7,8,3,4,3973,20,18,6.6,6.8
2015-02-25,7,8,5,5,4527,56,51,6.67,6.8
2015-02-25,7,8,6,6,4803,7,60,6.63,6.8
2015-02-25,7,9,4,1,3903,48,37,6.64,10.4
2015-02-25,7,9,5,2,3998,43,46,6.66,10.4
2015-02-25,7,9,1,3,3905,52,5,6.72,10.4
2015-02-25,7,9,3,4,4442,9,25,6.75,10.4
2015-02-25,7,9,6,5,4831,22,56,6.69,10.4
2015-02-25,7,9,2,6,3825,36,35,6.77,10.4
2015-02-25,7,10,1,1,4366,51,6,6.74,16.8
2015-02-25,7,10,2,2,4235,27,13,6.66,16.8
2015-02-25,7,10,4,3,4506,59,45,6.66,16.8
2015-02-25,7,10,6,4,3448,64,24,6.76,16.8
2015-02-25,7,10,5,5,3246,24,54,6.7,16.8
2015-02-25,7,10,3,6,4109,35,22,6.71,16.8
2015-02-25,7,11,1,1,3379,33,4,6.65,57.5
2015-02-25,7,11,6,2,3752,63,39,6.66,57.5
2015-02-25,7,11,3,3,3612,16,23,6.73,57.5
2015-02-25,7,11,4,4,4772,62,33,6.62,57.5
2015-02-25,7,11,5,5,3711,23,9,6.74,57.5
2015-02-25,7,11,2,6,3822,3,53,6.69,57.5
2015-02-25,7,12,5,1,3331,13,11,6.68,509.5
2015-02-25,7,12,3,2,3813,49,27,6.73,509.5
2015-02-25,7,12,2,3,3454,37,49,6.64,509.5
2015-02-25,7,12,6,4,3790,44,10,6.79,509.5
2015-02-25,7,12,4,5,4492,60,8,6.65,509.5
2015-02-25,7,12,1,6,4643,34,31,6.67,509.5
2015-03-04,1,1,6,1,4823,5,41,6.68,40.9
2015-03-04,1,1,3,2,4548,15,32,6.67,40.9
2015-03-04,1,1,1,3,2983,4,31,6.73,40.9
2015-03-04,1,1,5,4,4447,25,34,6.72,40.9
2015-03-04,1,1,4,5,4275,66,27,6.74,40.9
2015-03-04,1,1,2,6,4282,47,65,6.74,40.9
2015-03-04,1,2,4,1,4569,12,4,6.72,50.6
2015-03-04,1,2,1,2,4534,48,46,6.7,50.6
2015-03-04,1,2,5,3,4784,8,39,6.66,50.6
2015-03-04,1,2,3,4,3299,22,28,6.81,50.6
2015-03-04,1,2,2,5,3483,31,16,6.67,50.6
2015-03-04,1,2,6,6,4170,26,48,6.72,50.6
2015-03-04,1,3,3,1,3317,23,38,6.79,55.4
2015-03-04,1,3,6,2,4313,46,49,6.69,55.4
2015-03-04,1,3,4,3,4240,44,44,6.69,55.4
2015-03-04,1,3,2,4,4585,61,50,6.82,55.4
2015-03-04,1,3,1,5,4088,51,23,6.78,55.4
2015-03-04,1,3,5,6,4767,20,51,6.77,55.4
2015-03-04,1,4,5,1,3435,41,56,6.73,23.2
2015-03-04,1,4,4,2,4243,27,62,6.68,23.2
2015-03-04,1,4,1,3,3328,64,43,6.77,23.2
2015-03-04,1,4,2,4,3254,65,1,6.8,23.2
2015-03-04,1,4,3,5,3083,19,47,6.6,23.2
2015-03-04,1,4,6,6,4714,30,61,6.72,23.2
2015-03-04,1,6,2,1,3580,54,36,6.72,20.7
2015-03-04,1,6,4,2,4642,13,26,6.83,20.7
2015-03-04,1,6,3,3,3357,59,60,6.77,20.7
2015-03-04,1,6,5,4,3486,11,20,6.77,20.7
2015-03-04,1,6,6,5,3142,63,10,6.72,20.7
2015-03-04,1,6,1,6,3169,29,40,6.69,20.7
2015-03-04,1,7,3,1,3618,18,29,6.68,19.6
2015-03-04,1,7,1,2,4225,45,53,6.67,19.6
2015-03-04,1,7,2,3,3232,38,2,6.66,19.6
2015-03-04,1,7,5,4,4629,62,13,6.64,19.6
2015-03-04,1,7,4,5,3298,3,30,6.72,19.6
2015-03-04,1,7,6,6,4767,20,51,6.71,19.6
2015-03-04,1,8,1,1,3188,16,7,6.72,6.1
2015-03-04,1,8,2,2,3175,55,17,6.64,6.1
2015-03-04,1,8,4,3,3932,39,64,6.71,6.1
2015-03-04,1,8,3,4,4313,46,49,6.69,6.1
2015-03-04,1,8,5,5,4548,15,32,6.72,6.1
2015-03-04,1,8,6,6,4784,8,39,6.67,6.1
2015-03-04,1,9,2,1,4387,14,35,6.71,28.9
2015-03-04,1,9,1,2,3083,19,47,6.56,28.9
2015-03-04,1,9,3,3,4088,51,23,6.6,28.9
2015-03-04,1,9,6,4,3177,60,14,6.65,28.9
2015-03-04,1,9,4,5,3483,31,16,6.68,28.9
2015-03-04,1,9,5,6,4275,66,27,6.6,28.9
2015-03-04,1,10,1,1,3357,59,60,6.54,26.5
2015-03-04,1,10,2,2,3470,10,37,6.65,26.5
2015-03-04,1,10,6,3,4605,58,25,6.58,26.5
2015-03-04,1,10,5,4,3317,23,38,6.64,26.5
2015-03-04,1,10,4,5,3254,65,1,6.69,26.5
2015-03-04,1,10,3,6,4569,12,4,6.64,26.5
2015-03-04,1,11,1,1,3232,38,2,6.59,30.3
2015-03-04,1,11,5,2,4240,44,44,6.59,30.3
2015-03-04,1,11,3,3,3142,63,10,6.64,30.3
2015-03-04,1,11,2,4,2983,4,31,6.58,30.3
2015-03-04,1,11,6,5,4243,27,62,6.63,30.3
2015-03-04,1,11,4,6,3604,57,11,6.69,30.3
2015-03-04,1,12,1,1,4387,14,35,6.6,9.5
2015-03-04,1,12,3,2,3435,41,56,6.67,9.5
2015-03-04,1,12,2,3,3188,16,7,6.71,9.5
2015-03-04,1,12,6,4,4450,6,8,6.7,9.5
2015-03-04,1,12,4,5,3580,54,36,6.71,9.5
2015-03-04,1,12,5,6,3618,18,29,6.72,9.5
2015-03-05,2,1,3,1,4447,25,34,6.73,314.0
2015-03-05,2,1,2,2,3328,64,43,6.71,314.0
2015-03-05,2,1,4,3,4225,45,53,6.71,314.0
2015-03-05,2,1,5,4,4585,61,50,6.61,314.0
2015-03-05,2,1,1,5,4313,46,49,6.65,314.0
2015-03-05,2,1,6,6,4282,47,65,6.69,314.0
2015-03-05,2,2,3,1,4373,53,15,6.7,44.7
2015-03-05,2,2,4,2,3169,29,40,6.63,44.7
2015-03-05,2,2,1,3,3254,65,1,6.68,44.7
2015-03-05,2,2,6,4,4088,51,23,6.64,44.7
2015-03-05,2,2,2,5,3486,11,20,6.71,44.7
2015-03-05,2,2,5,6,4804,37,66,6.6,44.7
2015-03-05,2,3,2,1,4275,66,27,6.62,42.8
2015-03-05,2,3,3,2,4642,13,26,6.71,42.8
2015-03-05,2,3,4,3,3357,59,60,6.64,42.8
2015-03-05,2,3,1,4,3298,3,30,6.75,42.8
2015-03-05,2,3,5,5,4714,30,61,6.69,42.8
2015-03-05,2,3,6,6,3299,22,28,6.74,42.8
2015-03-05,2,4,5,1,3188,16,7,6.67,16.5
2015-03-05,2,4,1,2,3142,63,10,6.57,16.5
2015-03-05,2,4,2,3,4170,26,48,6.65,16.5
2015-03-05,2,4,3,4,4629,62,13,6.61,16.5
2015-03-05,2,4,4,5,4534,48,46,6.59,16.5
2015-03-05,2,4,6,6,4767,20,51,6.69,16.5
2015-03-05,2,5,4,1,3618,18,29,6.67,9.6
2015-03-05,2,5,1,2,3175,55,17,6.65,9.6
2015-03-05,2,5,5,3,4823,5,41,6.65,9.6
2015-03-05,2,5,2,4,3083,19,47,6.55,9.6
2015-03-05,2,5,3,5,3604,57,11,6.7,9.6
2015-03-05,2,5,6,6,3483,31,16,6.72,9.6
2015-03-05,2,6,2,1,4450,6,8,6.64,69.4
2015-03-05,2,6,5,2,3932,39,64,6.65,69.4
2015-03-05,2,6,4,3,3486,11,20,6.73,69.4
2015-03-05,2,6,6,4,4784,8,39,6.63,69.4
2015-03-05,2,6,3,5,4243,27,62,6.65,69.4
2015-03-05,2,6,1,6,4240,44,44,6.65,69.4
2015-03-05,2,7,2,1,3435,41,56,6.62,197.1
2015-03-05,2,7,6,2,4548,15,32,6.6,197.1
2015-03-05,2,7,4,3,3177,60,14,6.61,197.1
2015-03-05,2,7,1,4,3317,23,38,6.66,197.1
2015-03-05,2,7,3,5,4585,61,50,6.73,197.1
2015-03-05,2,7,5,6,3232,38,2,6.62,197.1
2015-03-05,2,9,5,1,4387,14,35,6.61,
2015-03-05,2,9,3,2,4605,58,25,6.69,
2015-03-05,2,9,4,3,2983,4,31,6.65,
2015-03-05,2,9,2,4,3604,57,11,6.7,
2015-03-05,2,9,1,5,4569,12,4,6.58,
2015-03-05,2,9,6,6,4714,30,61,6.66,
2015-03-05,2,10,2,1,4447,25,34,6.67,
2015-03-05,2,10,1,2,3618,18,29,6.66,
2015-03-05,2,10,3,3,3932,39,64,6.66,
2015-03-05,2,10,6,4,4642,13,26,6.72,
2015-03-05,2,10,5,5,3169,29,40,6.66,
2015-03-05,2,10,4,6,4629,62,13,6.64,
2015-03-05,2,11,1,1,4450,6,8,6.63,
2015-03-05,2,11,3,2,3175,55,17,6.63,
2015-03-05,2,11,2,3,4225,45,53,6.67,
2015-03-05,2,11,5,4,4373,53,15,6.69,
2015-03-05,2,11,6,5,4534,48,46,6.64,
2015-03-05,2,11,4,6,3299,22,28,6.68,
2015-03-06,3,2,1,1,4170,26,48,6.71,66.0
2015-03-06,3,2,4,2,4447,25,34,6.73,66.0
2015-03-06,3,2,3,3,3483,31,16,6.76,66.0
2015-03-06,3,2,2,4,3142,63,10,6.73,66.0
2015-03-06,3,2,6,5,4569,12,4,6.71,66.0
2015-03-06,3,2,5,6,4714,30,61,6.72,66.0
2015-03-06,3,3,2,1,4243,27,62,6.71,33.6
2015-03-06,3,3,3,2,3175,55,17,6.71,33.6
2015-03-06,3,3,6,3,4629,62,13,6.7,33.6
2015-03-06,3,3,4,4,4088,51,23,6.76,33.6
2015-03-06,3,3,5,5,3254,65,1,6.79,33.6
2015-03-06,3,3,1,6,4282,47,65,6.74,33.6
2015-03-06,3,4,2,1,4240,44,44,6.73,12.3
2015-03-06,3,4,3,2,4275,66,27,6.72,12.3
2015-03-06,3,4,1,3,4605,58,25,6.8,12.3
2015-03-06,3,4,6,4,3486,11,20,6.78,12.3
2015-03-06,3,4,4,5,3083,19,47,6.59,12.3
2015-03-06,3,4,5,6,4767,20,51,6.78,12.3
2015-03-06,3,5,1,1,3932,39,64,6.67,6.9
2015-03-06,3,5,3,2,3188,16,7,6.72,6.9
2015-03-06,3,5,4,3,4373,53,15,6.73,6.9
2015-03-06,3,5,5,4,3299,22,28,6.73,6.9
2015-03-06,3,5,2,5,3177,60,14,6.67,6.9
2015-03-06,3,5,6,6,3328,64,43,6.77,6.9
2015-03-06,3,6,4,1,3232,38,2,6.68,17.8
2015-03-06,3,6,5,2,4642,13,26,6.78,17.8
2015-03-06,3,6,2,3,4534,48,46,6.72,17.8
2015-03-06,3,6,3,4,3604,57,11,6.77,17.8
2015-03-06,3,6,1,5,4548,15,32,6.69,17.8
2015-03-06,3,6,6,6,4804,37,66,6.67,17.8
2015-03-06,3,7,5,1,3357,59,22,6.71,243.3
2015-03-06,3,7,2,2,3618,18,29,6.7,243.3
2015-03-06,3,7,3,3,2983,4,31,6.7,243.3
2015-03-06,3,7,1,4,4243,27,62,6.71,243.3
2015-03-06,3,7,6,5,4823,5,41,6.71,243.3
2015-03-06,3,7,4,6,4170,26,48,6.69,243.3
2015-03-06,3,8,1,1,3435,41,56,6.69,3.9
2015-03-06,3,8,4,2,4387,14,35,6.72,3.9
2015-03-06,3,8,2,3,3317,23,38,6.73,3.9
2015-03-06,3,8,3,4,3298,3,30,6.77,3.9
2015-03-06,3,8,5,5,3483,31,16,6.81,3.9
2015-03-06,3,8,6,6,4767,20,51,6.78,3.9
2015-03-06,3,9,4,1,4450,6,8,6.64,14.3
2015-03-06,3,9,2,2,3175,55,17,6.74,14.3
2015-03-06,3,9,5,3,4313,46,49,6.73,14.3
2015-03-06,3,9,1,4,3177,60,14,6.7,14.3
2015-03-06,3,9,3,5,4240,44,44,6.72,14.3
2015-03-06,3,9,6,6,4714,30,61,6.7,14.3
2015-03-06,3,10,4,1,3188,16,7,6.82,22.6
2015-03-06,3,10,3,2,3142,63,10,6.75,22.6
2015-03-06,3,10,5,3,4225,45,53,6.78,22.6
2015-03-06,3,10,2,4,3604,57,11,6.73,22.6
2015-03-06,3,10,6,5,3083,19,47,6.66,22.6
2015-03-06,3,10,1,6,4585,61,50,6.76,22.6
2015-03-06,3,11,1,1,3618,18,29,6.7,6.1
2015-03-06,3,11,3,2,3232,38,2,6.64,6.1
2015-03-06,3,11,4,3,3435,41,56,6.66,6.1
2015-03-06,3,11,6,4,4447,25,34,6.74,6.1
2015-03-06,3,11,5,5,4088,51,23,6.67,6.1
2015-03-06,3,11,2,6,4605,58,6,6.75,6.1
2015-03-06,3,12,1,1,4450,6,8,6.68,12.8
2015-03-06,3,12,3,2,4387,14,35,6.73,12.8
2015-03-06,3,12,5,3,4569,12,4,6.7,12.8
2015-03-06,3,12,6,4,4275,66,27,6.72,12.8
2015-03-06,3,12,2,5,3932,39,64,6.69,12.8
2015-03-06,3,12,4,6,4548,15,32,6.74,12.8
2015-03-07,4,1,1,1,4642,13,26,6.76,17.4
2015-03-07,4,1,6,2,4225,45,53,6.79,17.4
2015-03-07,4,1,3,3,3169,29,40,6.62,17.4
2015-03-07,4,1,4,4,3177,60,14,6.68,17.4
2015-03-07,4,1,2,5,4629,62,13,6.65,17.4
2015-03-07,4,1,5,6,3083,19,47,6.64,17.4
2015-03-07,4,2,2,1,4313,46,49,6.62,18.3
2015-03-07,4,2,1,2,3299,22,28,6.66,18.3
2015-03-07,4,2,5,3,4170,26,48,6.68,18.3
2015-03-07,4,2,3,4,3328,64,43,6.72,18.3
2015-03-07,4,2,4,5,4585,61,50,6.74,18.3
2015-03-07,4,2,6,6,4767,20,51,6.69,18.3
2015-03-07,4,3,3,1,3357,59,22,6.7,15.3
2015-03-07,4,3,2,2,4569,12,4,6.62,15.3
2015-03-07,4,3,4,3,3254,65,1,6.74,15.3
2015-03-07,4,3,1,4,3486,11,20,6.75,15.3
2015-03-07,4,3,5,5,3298,3,30,6.75,15.3
2015-03-07,4,3,6,6,4804,37,66,6.63,15.3
2015-03-07,4,4,2,1,4548,15,32,6.63,63.3
2015-03-07,4,4,4,2,3932,39,64,6.68,63.3
2015-03-07,4,4,6,3,4823,5,41,6.66,63.3
2015-03-07,4,4,5,4,3142,63,10,6.66,63.3
2015-03-07,4,4,3,5,4240,44,44,6.68,63.3
2015-03-07,4,4,1,6,3483,31,16,6.73,63.3
2015-03-07,4,5,3,1,4450,6,8,6.63,119.7
2015-03-07,4,5,2,2,4088,51,23,6.66,119.7
2015-03-07,4,5,1,3,3232,38,2,6.6,119.7
2015-03-07,4,5,5,4,4243,27,62,6.73,119.7
2015-03-07,4,5,6,5,4373,53,15,6.68,119.7
2015-03-07,4,5,4,6,3317,23,38,6.73,119.7
2015-03-07,4,6,2,1,4387,14,35,6.6,55.9
2015-03-07,4,6,4,2,4605,58,6,6.75,55.9
2015-03-07,4,6,3,3,4282,47,65,6.76,55.9
2015-03-07,4,6,1,4,4447,25,34,6.7,55.9
2015-03-07,4,6,5,5,3175,55,17,6.68,55.9
2015-03-07,4,6,6,6,4714,30,61,6.67,55.9
2015-03-07,4,7,1,1,4629,62,13,6.63,41.3
2015-03-07,4,7,2,2,3188,16,7,6.71,41.3
2015-03-07,4,7,4,3,3435,41,56,6.69,41.3
2015-03-07,4,7,6,4,2983,4,31,6.75,41.3
2015-03-07,4,7,3,5,3254,65,1,6.78,41.3
2015-03-07,4,7,5,6,4534,48,46,6.63,41.3
2015-03-07,4,8,1,1,3932,39,64,6.66,31.4
2015-03-07,4,8,3,2,3486,11,20,6.79,31.4
2015-03-07,4,8,4,3,3618,18,29,6.71,31.4
2015-03-07,4,8,2,4,4642,13,26,6.73,31.4
2015-03-07,4,8,6,5,4784,8,39,6.64,31.4
2015-03-07,4,8,5,6,3328,64,43,6.8,31.4
2015-03-07,4,9,2,1,3232,38,2,6.68,16.2
2015-03-07,4,9,5,2,3604,57,11,6.75,16.2
2015-03-07,4,9,1,3,4275,66,27,6.73,16.2
2015-03-07,4,9,3,4,3298,3,30,6.78,16.2
2015-03-07,4,9,4,5,4282,47,65,6.7,16.2
2015-03-07,4,9,6,6,4585,61,50,6.83,16.2
2015-03-07,4,10,1,1,3357,59,22,6.63,58.8
2015-03-07,4,10,3,2,4225,45,53,6.72,58.8
2015-03-07,4,10,2,3,3299,22,28,6.73,58.8
2015-03-07,4,10,6,4,3317,23,38,6.72,58.8
2015-03-07,4,10,4,5,3175,55,17,6.67,58.8
2015-03-07,4,10,5,6,4823,5,41,6.62,58.8
2015-03-07,4,11,5,1,4804,37,66,6.64,1452.1
2015-03-07,4,11,2,2,4450,6,8,6.64,1452.1
2015-03-07,4,11,4,3,4313,46,49,6.7,1452.1
2015-03-07,4,11,1,4,3188,16,7,6.71,1452.1
2015-03-07,4,11,6,5,3169,29,40,6.71,1452.1
2015-03-07,4,11,3,6,4447,25,34,6.7,1452.1
2015-03-07,4,12,1,1,4387,14,35,6.66,3.9
2015-03-07,4,12,2,2,3618,18,29,6.68,3.9
2015-03-07,4,12,3,3,3435,41,56,6.67,3.9
2015-03-07,4,12,6,4,4240,44,44,6.75,3.9
2015-03-07,4,12,5,5,3177,60,14,6.66,3.9
2015-03-07,4,12,4,6,4373,53,15,6.7,3.9
2015-03-08,5,1,3,1,4534,48,46,6.62,68.8
2015-03-08,5,1,4,2,3177,60,14,6.62,68.8
2015-03-08,5,1,5,3,4629,62,13,6.61,68.8
2015-03-08,5,1,6,4,4804,37,66,6.61,68.8
2015-03-08,5,1,1,5,3142,63,10,6.62,68.8
2015-03-08,5,1,2,6,4282,47,65,6.7,68.8
2015-03-08,5,2,3,1,3083,19,47,6.57,68.2
2015-03-08,5,2,2,2,3486,11,20,6.71,68.2
2015-03-08,5,2,1,3,3254,65,1,6.69,68.2
2015-03-08,5,2,4,4,3483,31,16,6.65,68.2
2015-03-08,5,2,6,5,4767,20,51,6.71,68.2
2015-03-08,5,2,5,6,4585,61,50,6.71,68.2
2015-03-08,5,3,1,1,4548,15,32,6.63,31.9
2015-03-08,5,3,2,2,4313,46,49,6.54,31.9
2015-03-08,5,3,3,3,3435,41,56,6.59,31.9
2015-03-08,5,3,6,4,4170,26,48,6.64,31.9
2015-03-08,5,3,5,5,4714,30,61,6.72,31.9
2015-03-08,5,3,4,6,4225,45,53,6.66,31.9
2015-03-08,5,4,4,1,4387,14,35,6.56,14.0
2015-03-08,5,4,1,2,4243,27,62,6.68,14.0
2015-03-08,5,4,2,3,4447,25,34,6.62,14.0
2015-03-08,5,4,5,4,3169,29,40,6.62,14.0
2015-03-08,5,4,3,5,4373,53,15,6.67,14.0
2015-03-08,5,4,6,6,4823,5,41,6.66,14.0
2015-03-08,5,5,3,1,4642,13,26,6.76,66.0
2015-03-08,5,5,4,2,3932,39,64,6.72,66.0
2015-03-08,5,5,1,3,3188,16,7,6.71,66.0
2015-03-08,5,5,5,4,4275,66,27,6.65,66.0
2015-03-08,5,5,2,5,3298,3,30,6.74,66.0
2015-03-08,5,5,6,6,4240,44,44,6.6,66.0
2015-03-08,5,6,1,1,3618,18,29,6.61,29.3
2015-03-08,5,6,4,2,4450,6,8,6.73,29.3
2015-03-08,5,6,5,3,3483,31,16,6.76,29.3
2015-03-08,5,6,3,4,4605,58,6,6.63,29.3
2015-03-08,5,6,2,5,3328,64,43,6.73,29.3
2015-03-08,5,6,6,6,2983,4,31,6.62,29.3
2015-03-08,5,7,1,1,3175,55,17,6.62,9.4
2015-03-08,5,7,4,2,3232,38,2,6.71,9.4
2015-03-08,5,7,2,3,3317,23,38,6.66,9.4
2015-03-08,5,7,5,4,4569,12,4,6.75,9.4
2015-03-08,5,7,6,5,4784,8,39,6.59,9.4
2015-03-08,5,7,3,6,4170,26,48,6.72,9.4
2015-03-08,5,8,1,1,3357,59,22,6.64,6.6
2015-03-08,5,8,4,2,3604,57,11,6.72,6.6
2015-03-08,5,8,3,3,4088,51,23,6.63,6.6
2015-03-08,5,8,5,4,3083,19,47,6.61,6.6
2015-03-08,5,8,2,5,3299,22,28,6.71,6.6
2015-03-08,5,8,6,6,4714,30,61,6.74,6.6
2015-03-08,5,9,5,1,4447,25,34,6.68,743.0
2015-03-08,5,9,3,2,4225,45,53,6.68,743.0
2015-03-08,5,9,1,3,3435,41,56,6.65,743.0
2015-03-08,5,9,2,4,3188,16,7,6.63,743.0
2015-03-08,5,9,6,5,3142,63,10,6.69,743.0
2015-03-08,5,9,4,6,4642,13,26,6.74,743.0
2015-03-08,5,11,2,1,3232,38,2,6.72,187.8
2015-03-08,5,11,3,2,3357,59,22,6.72,187.8
2015-03-08,5,11,5,3,4313,46,49,6.67,187.8
2015-03-08,5,11,6,4,4243,27,62,6.75,187.8
2015-03-08,5,11,4,5,4373,53,15,6.67,187.8
2015-03-08,5,11,1,6,4450,6,8,6.72,187.8
2015-03-08,5,12,2,1,4534,48,46,6.62,67.3
2015-03-08,5,12,1,2,3604,57,11,6.69,67.3
2015-03-08,5,12,4,3,4275,66,27,6.71,67.3
2015-03-08,5,12,6,4,4088,51,23,6.68,67.3
2015-03-08,5,12,3,5,4569,12,4,6.75,67.3
2015-03-08,5,12,5,6,4605,58,6,6.79,67.3
2015-03-09,6,1,5,1,4534,48,46,6.63,20.0
2015-03-09,6,1,1,2,4170,26,48,6.71,20.0
2015-03-09,6,1,4,3,3317,23,38,6.75,20.0
2015-03-09,6,1,2,4,4585,61,50,6.82,20.0
2015-03-09,6,1,6,5,4714,30,61,6.71,20.0
2015-03-09,6,1,3,6,3328,64,43,6.84,20.0
2015-03-09,6,2,4,1,3299,22,28,6.76,170.7
2015-03-09,6,2,6,2,3254,65,1,6.69,170.7
2015-03-09,6,2,2,3,3483,31,16,6.69,170.7
2015-03-09,6,2,3,4,3298,3,30,6.68,170.7
2015-03-09,6,2,5,5,4767,20,51,6.73,170.7
2015-03-09,6,2,1,6,4088,51,23,6.65,170.7
2015-03-09,6,3,1,1,4240,44,44,6.63,23.0
2015-03-09,6,3,2,2,3083,19,47,6.52,23.0
2015-03-09,6,3,4,3,3169,29,40,6.63,23.0
2015-03-09,6,3,6,4,2983,4,31,6.63,23.0
2015-03-09,6,3,3,5,3486,11,20,6.67,23.0
2015-03-09,6,3,5,6,4804,37,66,6.59,23.0
2015-03-09,6,4,1,1,4642,13,26,6.63,18.1
2015-03-09,6,4,2,2,4373,53,15,6.53,18.1
2015-03-09,6,4,4,3,3177,60,14,6.52,18.1
2015-03-09,6,4,6,4,3604,57,11,6.64,18.1
2015-03-09,6,4,5,5,4282,47,65,6.66,18.1
2015-03-09,6,4,3,6,4548,15,32,6.57,18.1
2015-03-09,6,5,2,1,3142,63,10,6.59,124.7
2015-03-09,6,5,4,2,4313,46,49,6.61,124.7
2015-03-09,6,5,3,3,3188,16,7,6.66,124.7
2015-03-09,6,5,5,4,3328,64,43,6.75,124.7
2015-03-09,6,5,6,5,4605,58,6,6.68,124.7
2015-03-09,6,5,1,6,3175,55,17,6.6,124.7
2015-03-09,6,6,4,1,4629,62,13,6.63,179.9
2015-03-09,6,6,1,2,3618,18,29,6.63,179.9
2015-03-09,6,6,5,3,3299,22,28,6.73,179.9
2015-03-09,6,6,6,4,4823,5,41,6.72,179.9
2015-03-09,6,6,3,5,4275,66,27,6.65,179.9
2015-03-09,6,6,2,6,4243,27,62,6.72,179.9
2015-03-09,6,7,4,1,4534,48,46,6.63,163.6
2015-03-09,6,7,1,2,4569,12,4,6.67,163.6
2015-03-09,6,7,6,3,4784,8,39,6.65,163.6
2015-03-09,6,7,3,4,4585,61,50,6.8,163.6
2015-03-09,6,7,2,5,3435,41,56,6.69,163.6
2015-03-09,6,7,5,6,3486,11,20,6.73,163.6
2015-03-09,6,8,1,1,4450,6,8,6.63,14.4
2015-03-09,6,8,3,2,3254,65,1,6.75,14.4
2015-03-09,6,8,2,3,3177,60,14,6.65,14.4
2015-03-09,6,8,4,4,3604,57,11,6.75,14.4
2015-03-09,6,8,5,5,4605,58,6,6.73,14.4
2015-03-09,6,8,6,6,4767,20,51,6.74,14.4
2015-03-09,6,9,4,1,3188,16,7,6.73,93.3
2015-03-09,6,9,1,2,3169,29,40,6.7,93.3
2015-03-09,6,9,6,3,4804,37,66,6.7,93.3
2015-03-09,6,9,2,4,4629,62,13,6.64,93.3
2015-03-09,6,9,5,5,3298,3,30,6.68,93.3
2015-03-09,6,9,3,6,3317,23,38,6.74,93.3
2015-03-09,6,10,3,1,3618,18,29,6.71,23.9
2015-03-09,6,10,1,2,4313,46,49,6.63,23.9
2015-03-09,6,10,4,3,4373,53,15,6.67,23.9
2015-03-09,6,10,5,4,4642,13,26,6.8,23.9
2015-03-09,6,10,2,5,3175,55,17,6.7,23.9
2015-03-09,6,10,6,6,4240,44,44,6.71,23.9
2015-03-09,6,11,1,1,3435,41,56,6.78,51.5
2015-03-09,6,11,4,2,3142,63,10,6.79,51.5
2015-03-09,6,11,3,3,4243,27,62,6.77,51.5
2015-03-09,6,11,2,4,4548,15,32,6.74,51.5
2015-03-09,6,11,5,5,4450,6,8,6.71,51.5
2015-03-09,6,11,6,6,4569,12,4,6.7,51.5
2015-03-09,6,12,1,1,3232,38,2,6.66,75.0
2015-03-09,6,12,5,2,3357,59,22,6.63,75.0
2015-03-09,6,12,6,3,4225,45,53,6.77,75.0
2015-03-09,6,12,4,4,4387,14,35,6.68,75.0
2015-03-09,6,12,3,5,4447,25,34,6.77,75.0
2015-03-09,6,12,2,6,3932,39,64,6.69,75.0
2015-03-13,1,1,2,1,3276,15,47,6.64,104.4
2015-03-13,1,1,6,2,4703,28,5,6.66,104.4
2015-03-13,1,1,1,3,3680,49,27,6.7,104.4
2015-03-13,1,1,3,4,4331,55,24,6.67,104.4
2015-03-13,1,1,5,5,3658,16,25,6.69,104.4
2015-03-13,1,1,4,6,2843,29,52,6.74,104.4
2015-03-13,1,2,2,1,4160,33,41,6.62,40.3
2015-03-13,1,2,4,2,4110,19,62,6.7,40.3
2015-03-13,1,2,3,3,3599,21,21,6.67,40.3
2015-03-13,1,2,5,4,4729,47,30,6.69,40.3
2015-03-13,1,2,6,5,3234,54,36,6.7,40.3
2015-03-13,1,2,1,6,3638,66,10,6.65,40.3
2015-03-13,1,3,1,1,3507,63,59,6.62,58.4
2015-03-13,1,3,2,2,3989,5,61,6.67,58.4
2015-03-13,1,3,4,3,3344,64,33,6.73,58.4
2015-03-13,1,3,6,4,4256,65,14,6.67,58.4
2015-03-13,1,3,3,5,4398,36,58,6.72,58.4
2015-03-13,1,3,5,6,3867,9,31,6.7,58.4
2015-03-13,1,4,6,1,4019,43,63,6.7,31.8
2015-03-13,1,4,5,2,4278,7,65,6.69,31.8
2015-03-13,1,4,3,3,3186,17,28,6.7,31.8
2015-03-13,1,4,4,4,4157,59,49,6.66,31.8
2015-03-13,1,4,1,5,4306,22,50,6.7,31.8
2015-03-13,1,4,2,6,3601,52,39,6.71,31.8
2015-03-13,1,5,1,1,3401,35,32,6.67,6.4
2015-03-13,1,5,3,2,4090,2,26,6.67,6.4
2015-03-13,1,5,4,3,4118,25,2,6.66,6.4
2015-03-13,1,5,6,4,4787,53,19,6.72,6.4
2015-03-13,1,5,5,5,3365,32,35,6.76,6.4
2015-03-13,1,5,2,6,2974,20,29,6.71,6.4
2015-03-13,1,6,2,1,4305,40,23,6.71,8.4
2015-03-13,1,6,3,2,4311,58,66,6.62,8.4
2015-03-13,1,6,4,3,3934,56,45,6.73,8.4
2015-03-13,1,6,1,4,3581,1,38,6.72,8.4
2015-03-13,1,6,5,5,3498,30,16,6.7,8.4
2015-03-13,1,6,6,6,2843,29,52,6.75,8.4
2015-03-13,1,7,3,1,3908,12,44,6.72,12.1
2015-03-13,1,7,5,2,3799,8,54,6.64,12.1
2015-03-13,1,7,1,3,3715,50,18,6.7,12.1
2015-03-13,1,7,4,4,3658,16,25,6.75,12.1
2015-03-13,1,7,2,5,3508,62,20,6.71,12.1
2015-03-13,1,7,6,6,4110,19,62,6.71,12.1
2015-03-13,1,8,1,1,3290,61,9,6.74,3.4
2015-03-13,1,8,2,2,3730,26,17,6.78,3.4
2015-03-13,1,8,4,3,3680,49,27,6.67,3.4
2015-03-13,1,8,3,4,3601,52,39,6.7,3.4
2015-03-13,1,8,5,5,3344,64,33,6.71,3.4
2015-03-13,1,8,6,6,4729,47,30,6.69,3.4
2015-03-13,1,9,1,1,3276,15,47,6.59,12.8
2015-03-13,1,9,2,2,3541,10,40,6.63,12.8
2015-03-13,1,9,5,3,3186,17,28,6.73,12.8
2015-03-13,1,9,3,4,3683,34,57,6.74,12.8
2015-03-13,1,9,6,5,3599,21,21,6.76,12.8
2015-03-13,1,9,4,6,3989,5,61,6.73,12.8
2015-03-13,1,11,4,1,3799,8,6,6.58,318.3
2015-03-13,1,11,6,2,4398,36,58,6.69,318.3
2015-03-13,1,11,3,3,4703,28,5,6.66,318.3
2015-03-13,1,11,2,4,3401,35,32,6.67,318.3
2015-03-13,1,11,5,5,4019,43,63,6.7,318.3
2015-03-13,1,11,1,6,4311,58,66,6.63,318.3
2015-03-13,1,12,1,1,3908,12,44,6.66,14.4
2015-03-13,1,12,3,2,4118,25,2,6.7,14.4
2015-03-13,1,12,5,3,4256,65,14,6.68,14.4
2015-03-13,1,12,6,4,4278,7,65,6.7,14.4
2015-03-13,1,12,2,5,3290,61,9,6.69,14.4
2015-03-13,1,12,4,6,4305,40,23,6.75,14.4
2015-03-14,2,1,1,1,3186,17,28,6.61,19.8
2015-03-14,2,1,5,2,3234,54,36,6.65,19.8
2015-03-14,2,1,3,3,2974,20,29,6.65,19.8
2015-03-14,2,1,6,4,3601,52,39,6.71,19.8
2015-03-14,2,1,4,5,3867,9,31,6.58,19.8
2015-03-14,2,1,2,6,3599,21,21,6.64,19.8
2015-03-14,2,2,1,1,4157,59,49,6.62,243.1
2015-03-14,2,2,6,2,4306,22,50,6.61,243.1
2015-03-14,2,2,5,3,3638,66,10,6.64,243.1
2015-03-14,2,2,4,4,3715,50,18,6.67,243.1
2015-03-14,2,2,2,5,3658,16,25,6.62,243.1
2015-03-14,2,2,3,6,3581,1,38,6.74,243.1
2015-03-14,2,3,6,1,3290,61,9,6.67,25.2
2015-03-14,2,3,1,2,4160,33,41,6.59,25.2
2015-03-14,2,3,3,3,3365,32,35,6.67,25.2
2015-03-14,2,3,4,4,3730,26,17,6.75,25.2
2015-03-14,2,3,5,5,4787,53,19,6.7,25.2
2015-03-14,2,3,2,6,2843,29,52,6.65,25.2
2015-03-14,2,4,1,1,3344,64,33,6.65,47.3
2015-03-14,2,4,5,2,4305,40,23,6.73,47.3
2015-03-14,2,4,6,3,3799,8,6,6.58,47.3
2015-03-14,2,4,2,4,3498,30,16,6.63,47.3
2015-03-14,2,4,4,5,3276,15,47,6.61,47.3
2015-03-14,2,4,3,6,3508,62,20,6.62,47.3
2015-03-14,2,5,3,1,4278,7,65,6.61,213.9
2015-03-14,2,5,6,2,4331,55,24,6.76,213.9
2015-03-14,2,5,2,3,3867,9,31,6.6,213.9
2015-03-14,2,5,1,4,4574,51,43,6.73,213.9
2015-03-14,2,5,5,5,3507,63,59,6.61,213.9
2015-03-14,2,5,4,6,3683,34,57,6.69,213.9
2015-03-14,2,6,4,1,4019,43,63,6.73,21.8
2015-03-14,2,6,2,2,4118,25,2,6.62,21.8
2015-03-14,2,6,1,3,3989,5,61,6.62,21.8
2015-03-14,2,6,5,4,4398,36,58,6.74,21.8
2015-03-14,2,6,6,5,3638,66,10,6.66,21.8
2015-03-14,2,6,3,6,3234,54,36,6.68,21.8
2015-03-14,2,7,3,1,3541,10,40,6.64,9.1
2015-03-14,2,7,4,2,3186,17,28,6.66,9.1
2015-03-14,2,7,2,3,3680,49,27,6.6,9.1
2015-03-14,2,7,1,4,3365,32,35,6.64,9.1
2015-03-14,2,7,6,5,4729,47,30,6.69,9.1
2015-03-14,2,7,5,6,4306,22,50,6.71,9.1
2015-03-14,2,8,4,1,3401,35,32,6.69,219.9
2015-03-14,2,8,6,2,4787,53,19,6.65,219.9
2015-03-14,2,8,5,3,3715,50,18,6.72,219.9
2015-03-14,2,8,2,4,3934,56,45,6.64,219.9
2015-03-14,2,8,1,5,3736,24,1,6.62,219.9
2015-03-14,2,8,3,6,3498,30,16,6.77,219.9
2015-03-14,2,9,3,1,3799,8,6,6.68,52.1
2015-03-14,2,9,4,2,3507,63,59,6.69,52.1
2015-03-14,2,9,5,3,3908,12,44,6.67,52.1
2015-03-14,2,9,6,4,4090,2,26,6.81,52.1
2015-03-14,2,9,2,5,4256,65,14,6.77,52.1
2015-03-14,2,9,1,6,4703,28,5,6.71,52.1
2015-03-14,2,10,4,1,4278,7,65,6.82,50.1
2015-03-14,2,10,1,2,3730,26,17,6.84,50.1
2015-03-14,2,10,3,3,4019,43,63,6.87,50.1
2015-03-14,2,10,5,4,4311,58,66,6.66,50.1
2015-03-14,2,10,2,5,4110,19,62,6.81,50.1
2015-03-14,2,10,6,6,2974,20,29,6.78,50.1
2015-03-14,2,11,1,1,4118,25,2,6.7,25.9
2015-03-14,2,11,5,2,3290,61,9,6.77,25.9
2015-03-14,2,11,4,3,3581,1,38,6.77,25.9
2015-03-14,2,11,3,4,3680,49,27,6.73,25.9
2015-03-14,2,11,2,5,4574,51,43,6.84,25.9
2015-03-14,2,11,6,6,3508,62,20,6.68,25.9
2015-03-14,2,12,1,1,3541,10,40,6.64,17.7
2015-03-14,2,12,3,2,4160,33,41,6.65,17.7
2015-03-14,2,12,2,3,3736,24,1,6.67,17.7
2015-03-14,2,12,4,4,4398,36,58,6.75,17.7
2015-03-14,2,12,5,5,3683,34,57,6.76,17.7
2015-03-14,2,12,6,6,4305,40,23,6.75,17.7
2015-03-15,3,1,1,1,3508,62,20,6.63,42.0
2015-03-15,3,1,2,2,3507,63,59,6.63,42.0
2015-03-15,3,1,4,3,3599,21,21,6.73,42.0
2015-03-15,3,1,5,4,3276,15,47,6.64,42.0
2015-03-15,3,1,6,5,3989,5,61,6.68,42.0
2015-03-15,3,1,3,6,2843,29,52,6.67,42.0
2015-03-15,3,2,1,1,4110,19,62,6.65,18.3
2015-03-15,3,2,2,2,3365,32,35,6.66,18.3
2015-03-15,3,2,4,3,3638,66,10,6.64,18.3
2015-03-15,3,2,3,4,3344,64,33,6.69,18.3
2015-03-15,3,2,5,5,4729,47,30,6.67,18.3
2015-03-15,3,2,6,6,3498,30,16,6.69,18.3
2015-03-15,3,3,6,1,3541,10,40,6.66,36.8
2015-03-15,3,3,1,2,4331,55,24,6.65,36.8
2015-03-15,3,3,2,3,4157,59,49,6.62,36.8
2015-03-15,3,3,3,4,3730,26,17,6.71,36.8
2015-03-15,3,3,5,5,3581,1,38,6.67,36.8
2015-03-15,3,3,4,6,4703,28,5,6.68,36.8
2015-03-15,3,4,1,1,3658,16,25,6.63,40.0
2015-03-15,3,4,3,2,4306,22,50,6.65,40.0
2015-03-15,3,4,5,3,3736,24,1,6.57,40.0
2015-03-15,3,4,6,4,4574,51,43,6.71,40.0
2015-03-15,3,4,4,5,3601,52,39,6.65,40.0
2015-03-15,3,4,2,6,3683,34,57,6.64,40.0
2015-03-15,3,5,6,1,4787,53,19,6.64,229.8
2015-03-15,3,5,3,2,3934,56,45,6.67,229.8
2015-03-15,3,5,4,3,4256,65,14,6.7,229.8
2015-03-15,3,5,1,4,4305,40,23,6.69,229.8
2015-03-15,3,5,2,5,3234,54,36,6.66,229.8
2015-03-15,3,5,5,6,2843,29,52,6.79,229.8
2015-03-15,3,6,5,1,3680,49,27,6.67,358.4
2015-03-15,3,6,1,2,2974,20,29,6.7,358.4
2015-03-15,3,6,2,3,4278,7,65,6.7,358.4
2015-03-15,3,6,3,4,3401,35,32,6.62,358.4
2015-03-15,3,6,6,5,3344,64,33,6.73,358.4
2015-03-15,3,6,4,6,4160,33,41,6.56,358.4
2015-03-15,3,7,1,1,3867,9,31,6.66,352.3
2015-03-15,3,7,3,2,4157,59,49,6.61,352.3
2015-03-15,3,7,6,3,3186,17,28,6.65,352.3
2015-03-15,3,7,5,4,3989,5,61,6.69,352.3
2015-03-15,3,7,2,5,3908,12,44,6.64,352.3
2015-03-15,3,7,4,6,4090,2,26,6.63,352.3
2015-03-15,3,8,4,1,4311,58,66,6.72,16.9
2015-03-15,3,8,2,2,3799,8,6,6.7,16.9
2015-03-15,3,8,1,3,3683,34,57,6.79,16.9
2015-03-15,3,8,6,4,3581,1,38,6.75,16.9
2015-03-15,3,8,5,5,3599,21,21,6.72,16.9
2015-03-15,3,8,3,6,4110,19,62,6.81,16.9
2015-03-15,3,9,3,1,3290,61,9,6.72,16.0
2015-03-15,3,9,2,2,4019,43,63,6.7,16.0
2015-03-15,3,9,5,3,3541,10,40,6.67,16.0
2015-03-15,3,9,4,4,3508,62,20,6.63,16.0
2015-03-15,3,9,1,5,3601,52,39,6.67,16.0
2015-03-15,3,9,6,6,4729,47,30,6.63,16.0
2015-03-15,3,10,3,1,4305,40,23,6.66,74.1
2015-03-15,3,10,1,2,4398,36,58,6.74,74.1
2015-03-15,3,10,6,3,3680,49,27,6.62,74.1
2015-03-15,3,10,2,4,3715,50,18,6.66,74.1
2015-03-15,3,10,5,5,4118,25,2,6.65,74.1
2015-03-15,3,10,4,6,4331,55,24,6.7,74.1
2015-03-15,3,11,6,1,3736,24,1,6.59,169.0
2015-03-15,3,11,1,2,4256,65,14,6.63,169.0
2015-03-15,3,11,2,3,4090,2,26,6.61,169.0
2015-03-15,3,11,4,4,3401,35,32,6.7,169.0
2015-03-15,3,11,3,5,3276,15,47,6.61,169.0
2015-03-15,3,11,5,6,3730,26,17,6.71,169.0
2015-03-15,3,12,4,1,3908,12,44,6.62,14.2
2015-03-15,3,12,1,2,4278,7,65,6.7,14.2
2015-03-15,3,12,2,3,4311,58,66,6.68,14.2
2015-03-15,3,12,6,4,3934,56,45,6.68,14.2
2015-03-15,3,12,5,5,4703,28,5,6.68,14.2
2015-03-15,3,12,3,6,4574,51,43,6.8,14.2
2015-03-16,4,1,1,1,3799,8,6,6.64,25.8
2015-03-16,4,1,5,2,4157,59,49,6.72,25.8
2015-03-16,4,1,6,3,3507,63,59,6.68,25.8
2015-03-16,4,1,2,4,4703,28,5,6.74,25.8
2015-03-16,4,1,3,5,3867,9,31,6.74,25.8
2015-03-16,4,1,4,6,3498,30,16,6.76,25.8
2015-03-16,4,3,4,1,3736,24,1,6.63,148.3
2015-03-16,4,3,1,2,3599,21,21,6.69,148.3
2015-03-16,4,3,5,3,4787,53,19,6.72,148.3
2015-03-16,4,3,6,4,4160,33,41,6.71,148.3
2015-03-16,4,3,3,5,3658,16,25,6.74,148.3
2015-03-16,4,3,2,6,4398,36,7,6.77,148.3
2015-03-16,4,4,2,1,3581,1,38,6.77,45.5
2015-03-16,4,4,3,2,4311,58,66,6.66,45.5
2015-03-16,4,4,4,3,3934,56,45,6.78,45.5
2015-03-16,4,4,1,4,2843,29,52,6.75,45.5
2015-03-16,4,4,6,5,3715,50,18,6.75,45.5
2015-03-16,4,4,5,6,3508,62,20,6.65,45.5
2015-03-16,4,5,1,1,3290,61,9,6.72,11.2
2015-03-16,4,5,3,2,3730,26,17,6.75,11.2
2015-03-16,4,5,4,3,3541,10,40,6.72,11.2
2015-03-16,4,5,2,4,3344,64,33,6.71,11.2
2015-03-16,4,5,5,5,4110,19,62,6.72,11.2
2015-03-16,4,5,6,6,3276,15,47,6.72,11.2
2015-03-16,4,6,3,1,4118,25,2,6.63,6.7
2015-03-16,4,6,1,2,4256,65,14,6.7,6.7
2015-03-16,4,6,4,3,3186,17,28,6.72,6.7
2015-03-16,4,6,6,4,4729,47,30,6.71,6.7
2015-03-16,4,6,5,5,3601,52,39,6.7,6.7
2015-03-16,4,6,2,6,4306,22,50,6.67,6.7
2015-03-16,4,7,2,1,4278,7,65,6.7,168.8
2015-03-16,4,7,4,2,3365,32,35,6.68,168.8
2015-03-16,4,7,5,3,3401,35,32,6.67,168.8
2015-03-16,4,7,1,4,3498,30,16,6.71,168.8
2015-03-16,4,7,6,5,4787,53,19,6.68,168.8
2015-03-16,4,7,3,6,3908,12,44,6.7,168.8
2015-03-16,4,8,1,1,4019,43,63,6.66,10.5
2015-03-16,4,8,2,2,4305,40,23,6.78,10.5
2015-03-16,4,8,3,3,3989,5,61,6.73,10.5
2015-03-16,4,8,4,4,4090,2,26,6.68,10.5
2015-03-16,4,8,6,5,3658,16,25,6.73,10.5
2015-03-16,4,8,5,6,2974,20,29,6.73,10.5
2015-03-16,4,9,5,1,4574,51,43,6.75,218.2
2015-03-16,4,9,1,2,3934,56,45,6.68,218.2
2015-03-16,4,9,3,3,3680,49,27,6.7,218.2
2015-03-16,4,9,2,4,3736,24,1,6.66,218.2
2015-03-16,4,9,4,5,3234,54,36,6.79,218.2
2015-03-16,4,9,6,6,3867,9,31,6.68,218.2
2015-03-16,4,11,5,1,4090,2,26,6.73,197.7
2015-03-16,4,11,1,2,4118,25,2,6.6,197.7
2015-03-16,4,11,2,3,3799,8,6,6.61,197.7
2015-03-16,4,11,4,4,3290,61,9,6.72,197.7
2015-03-16,4,11,6,5,3401,35,32,6.66,197.7
2015-03-16,4,11,3,6,3715,50,18,6.71,197.7
2015-03-16,4,12,1,1,3908,12,44,6.67,11.7
2015-03-16,4,12,5,2,4311,58,66,6.62,11.7
2015-03-16,4,12,2,3,4019,43,63,6.65,11.7
2015-03-16,4,12,4,4,4398,36,7,6.78,11.7
2015-03-16,4,12,6,5,3730,26,17,6.76,11.7
2015-03-16,4,12,3,6,4256,65,14,6.71,11.7
2015-03-17,5,1,1,1,3934,56,45,6.68,20.6
2015-03-17,5,1,3,2,3276,15,47,6.67,20.6
2015-03-17,5,1,5,3,3658,16,25,6.66,20.6
2015-03-17,5,1,4,4,4110,19,62,6.67,20.6
2015-03-17,5,1,2,5,3365,32,35,6.71,20.6
2015-03-17,5,1,6,6,4729,47,30,6.68,20.6
2015-03-17,5,2,3,1,4703,28,5,6.71,49.9
2015-03-17,5,2,4,2,2843,29,52,6.69,49.9
2015-03-17,5,2,5,3,3715,50,18,6.68,49.9
2015-03-17,5,2,1,4,3601,52,39,6.67,49.9
2015-03-17,5,2,2,5,3599,21,21,6.67,49.9
2015-03-17,5,2,6,6,3638,66,10,6.62,49.9
2015-03-17,5,3,1,1,4160,33,41,6.61,30.4
2015-03-17,5,3,2,2,4256,65,14,6.7,30.4
2015-03-17,5,3,5,3,3989,5,61,6.74,30.4
2015-03-17,5,3,4,4,3507,63,59,6.69,30.4
2015-03-17,5,3,3,5,3498,30,16,6.84,30.4
2015-03-17,5,3,6,6,4398,36,7,6.77,30.4
2015-03-17,5,4,4,1,4278,7,65,6.73,18.7
2015-03-17,5,4,6,2,3799,8,6,6.62,18.7
2015-03-17,5,4,3,3,4574,51,43,6.74,18.7
2015-03-17,5,4,2,4,3234,54,36,6.76,18.7
2015-03-17,5,4,5,5,3344,64,33,6.7,18.7
2015-03-17,5,4,1,6,4157,59,49,6.77,18.7
2015-03-17,5,5,4,1,3541,10,40,6.65,22.1
2015-03-17,5,5,1,2,4305,40,23,6.72,22.1
2015-03-17,5,5,5,3,3276,15,47,6.66,22.1
2015-03-17,5,5,2,4,3401,35,32,6.74,22.1
2015-03-17,5,5,6,5,4787,53,19,6.79,22.1
2015-03-17,5,5,3,6,3581,1,38,6.75,22.1
2015-03-17,5,6,1,1,4311,58,66,6.66,9.7
2015-03-17,5,6,2,2,3680,49,27,6.69,9.7
2015-03-17,5,6,4,3,4019,43,63,6.68,9.7
2015-03-17,5,6,3,4,3867,9,31,6.66,9.7
2015-03-17,5,6,5,5,2974,20,29,6.71,9.7
2015-03-17,5,6,6,6,4118,25,2,6.66,9.7
2015-03-17,5,7,5,1,4110,19,62,6.74,295.3
2015-03-17,5,7,4,2,3908,12,44,6.68,295.3
2015-03-17,5,7,1,3,4090,2,26,6.74,295.3
2015-03-17,5,7,6,4,3186,17,28,6.63,295.3
2015-03-17,5,7,2,5,4306,22,50,6.72,295.3
2015-03-17,5,7,3,6,3683,34,57,6.77,295.3
2015-03-17,5,8,1,1,3736,24,1,6.75,6.8
2015-03-17,5,8,4,2,3290,61,9,6.73,6.8
2015-03-17,5,8,2,3,3508,62,20,6.75,6.8
2015-03-17,5,8,6,4,4703,28,5,6.77,6.8
2015-03-17,5,8,5,5,4331,55,24,6.78,6.8
2015-03-17,5,8,3,6,3344,64,33,6.8,6.8
2015-03-17,5,9,1,1,3541,10,40,6.71,8.0
2015-03-17,5,9,4,2,4305,40,23,6.7,8.0
2015-03-17,5,9,2,3,4278,7,65,6.74,8.0
2015-03-17,5,9,3,4,3507,63,59,6.73,8.0
2015-03-17,5,9,5,5,4256,65,14,6.67,8.0
2015-03-17,5,9,6,6,4157,59,49,6.66,8.0
2015-03-17,5,11,2,1,4019,43,63,6.71,111.7
2015-03-17,5,11,1,2,3290,61,9,6.74,111.7
2015-03-17,5,11,6,3,4090,2,26,6.75,111.7
2015-03-17,5,11,4,4,3736,24,1,6.7,111.7
2015-03-17,5,11,5,5,3680,49,27,6.69,111.7
2015-03-17,5,11,3,6,3908,12,44,6.7,111.7
2015-03-17,5,12,4,1,4574,51,43,6.86,107.2
2015-03-17,5,12,2,2,3683,34,57,6.71,107.2
2015-03-17,5,12,1,3,3730,26,17,6.75,107.2
2015-03-17,5,12,6,4,3989,5,34,6.67,107.2
2015-03-17,5,12,3,5,4331,55,24,6.78,107.2
2015-03-17,5,12,5,6,3581,1,38,6.76,107.2
2015-03-18,6,1,1,1,4398,36,7,6.75,10.1
2015-03-18,6,1,3,2,3658,16,25,6.69,10.1
2015-03-18,6,1,2,3,3344,64,33,6.76,10.1
2015-03-18,6,1,4,4,3867,9,31,6.72,10.1
2015-03-18,6,1,5,5,2843,29,52,6.76,10.1
2015-03-18,6,1,6,6,3601,52,39,6.69,10.1
2015-03-18,6,2,1,1,3989,5,34,6.74,16.2
2015-03-18,6,2,2,2,2974,20,29,6.83,16.2
2015-03-18,6,2,3,3,3365,32,35,6.76,16.2
2015-03-18,6,2,5,4,3498,30,16,6.83,16.2
2015-03-18,6,2,4,5,3715,50,18,6.78,16.2
2015-03-18,6,2,6,6,3599,21,21,6.73,16.2
2015-03-18,6,3,2,1,4703,28,5,6.75,22.3
2015-03-18,6,3,1,2,4157,59,49,6.75,22.3
2015-03-18,6,3,3,3,4306,22,50,6.71,22.3
2015-03-18,6,3,5,4,3683,34,57,6.71,22.3
2015-03-18,6,3,4,5,3234,54,36,6.72,22.3
2015-03-18,6,3,6,6,3638,66,10,6.69,22.3
2015-03-18,6,7,4,1,3658,16,25,6.79,79.6
2015-03-18,6,7,1,2,3680,49,27,6.79,79.6
2015-03-18,6,7,2,3,4160,33,41,6.73,79.6
2015-03-18,6,7,5,4,3401,35,32,6.81,79.6
2015-03-18,6,7,3,5,3599,21,21,6.68,79.6
2015-03-18,6,7,6,6,4306,22,50,6.77,79.6
2015-03-18,6,8,2,1,4311,58,66,6.74,79.4
2015-03-18,6,8,1,2,3908,12,44,6.81,79.4
2015-03-18,6,8,6,3,4729,47,30,6.77,79.4
2015-03-18,6,8,3,4,3498,30,16,6.81,79.4
2015-03-18,6,8,4,5,4574,51,43,6.84,79.4
2015-03-18,6,8,5,6,3867,9,31,6.78,79.4
2015-03-18,6,9,4,1,3730,26,17,6.81,165.9
2015-03-18,6,9,2,2,3715,50,18,6.83,165.9
2015-03-18,6,9,3,3,4398,36,7,6.87,165.9
2015-03-18,6,9,5,4,3234,54,36,6.8,165.9
2015-03-18,6,9,1,5,3186,17,28,6.7,165.9
2015-03-18,6,9,6,6,3365,32,35,6.84,165.9
2015-03-18,6,10,1,1,4118,25,2,6.69,11.3
2015-03-18,6,10,4,2,4256,65,14,6.79,11.3
2015-03-18,6,10,2,3,4090,2,26,6.7,11.3
2015-03-18,6,10,3,4,3736,24,1,6.73,11.3
2015-03-18,6,10,5,5,4160,33,41,6.78,11.3
2015-03-18,6,10,6,6,4157,59,49,6.83,11.3
2015-03-18,6,11,1,1,4278,7,65,6.69,12.1
2015-03-18,6,11,3,2,4311,58,66,6.73,12.1
2015-03-18,6,11,4,3,3680,49,27,6.74,12.1
2015-03-18,6,11,5,4,3908,12,44,6.77,12.1
2015-03-18,6,11,2,5,3507,63,59,6.73,12.1
2015-03-18,6,11,6,6,4331,55,53,6.75,12.1
2015-03-18,6,12,3,1,4019,43,63,6.74,108.4
2015-03-18,6,12,2,2,3541,10,40,6.69,108.4
2015-03-18,6,12,5,3,4305,40,23,6.75,108.4
2015-03-18,6,12,1,4,3799,8,6,6.67,108.4
2015-03-18,6,12,4,5,3290,61,9,6.76,108.4
2015-03-18,6,12,6,6,3934,56,45,6.79,108.4
2015-03-21,1,1,1,1,4451,6,2,6.78,6.9
2015-03-21,1,1,2,2,3753,62,11,6.67,6.9
2015-03-21,1,1,5,3,3933,17,28,6.67,6.9
2015-03-21,1,1,3,4,3419,20,47,6.72,6.9
2015-03-21,1,1,4,5,4538,47,44,6.69,6.9
2015-03-21,1,1,6,6,4747,31,63,6.71,6.9
2015-03-21,1,2,6,1,4380,1,48,6.68,66.7
2015-03-21,1,2,4,2,4212,27,62,6.72,66.7
2015-03-21,1,2,2,3,3877,23,55,6.77,66.7
2015-03-21,1,2,1,4,3466,41,41,6.74,66.7
2015-03-21,1,2,3,5,3506,10,37,6.74,66.7
2015-03-21,1,2,5,6,4721,11,66,6.82,66.7
2015-03-21,1,3,4,1,3443,63,21,6.59,10.3
2015-03-21,1,3,1,2,4531,57,56,6.74,10.3
2015-03-21,1,3,5,3,4216,44,22,6.7,10.3
2015-03-21,1,3,2,4,4708,54,31,6.68,10.3
2015-03-21,1,3,6,5,4709,38,16,6.66,10.3
2015-03-21,1,3,3,6,4187,55,60,6.62,10.3
2015-03-21,1,4,4,1,4140,18,46,6.58,166.2
2015-03-21,1,4,2,2,4633,29,57,6.71,166.2
2015-03-21,1,4,3,3,2505,14,19,6.68,166.2
2015-03-21,1,4,6,4,4643,64,36,6.76,166.2
2015-03-21,1,4,5,5,4600,48,40,6.66,166.2
2015-03-21,1,4,1,6,4203,33,4,6.74,166.2
2015-03-21,1,6,5,1,4184,40,17,6.71,32.4
2015-03-21,1,6,1,2,4143,39,53,6.76,32.4
2015-03-21,1,6,2,3,3137,37,18,6.69,32.4
2015-03-21,1,6,6,4,3771,32,65,6.68,32.4
2015-03-21,1,6,3,5,3808,60,25,6.72,32.4
2015-03-21,1,6,4,6,3877,23,55,6.8,32.4
2015-03-21,1,7,3,1,4531,57,56,6.7,285.4
2015-03-21,1,7,4,2,3286,66,59,6.65,285.4
2015-03-21,1,7,6,3,3419,20,47,6.74,285.4
2015-03-21,1,7,5,4,3903,21,33,6.71,285.4
2015-03-21,1,7,2,5,3313,45,27,6.72,285.4
2015-03-21,1,7,1,6,4212,27,62,6.72,285.4
2015-03-21,1,8,1,1,4096,28,39,6.72,15.3
2015-03-21,1,8,4,2,4451,6,2,6.73,15.3
2015-03-21,1,8,3,3,3922,52,13,6.73,15.3
2015-03-21,1,8,2,4,3347,13,5,6.83,15.3
2015-03-21,1,8,5,5,4187,55,60,6.74,15.3
2015-03-21,1,8,6,6,4721,11,66,6.83,15.3
2015-03-21,1,9,4,1,4216,44,22,6.8,66.0
2015-03-21,1,9,2,2,3795,9,52,6.79,66.0
2015-03-21,1,9,5,3,3105,22,58,6.8,66.0
2015-03-21,1,9,1,4,4047,26,38,6.8,66.0
2015-03-21,1,9,3,5,3753,62,11,6.72,66.0
2015-03-21,1,9,6,6,4816,46,54,6.72,66.0
2015-03-21,1,10,1,1,3443,63,21,6.79,37.6
2015-03-21,1,10,3,2,4380,1,48,6.72,37.6
2015-03-21,1,10,2,3,3312,4,9,6.79,37.6
2015-03-21,1,10,6,4,4600,48,40,6.69,37.6
2015-03-21,1,10,5,5,3771,32,65,6.78,37.6
2015-03-21,1,10,4,6,4092,59,15,6.71,37.6
2015-03-21,1,11,3,1,3933,17,28,6.7,70.5
2015-03-21,1,11,1,2,3347,13,5,6.82,70.5
2015-03-21,1,11,2,3,4143,39,53,6.73,70.5
2015-03-21,1,11,4,4,4643,64,36,6.73,70.5
2015-03-21,1,11,5,5,3484,65,30,6.79,70.5
2015-03-21,1,11,6,6,3286,66,59,6.73,70.5
2015-03-21,1,12,5,1,4140,18,46,6.72,133.9
2015-03-21,1,12,1,2,3795,9,52,6.74,133.9
2015-03-21,1,12,4,3,3903,21,33,6.67,133.9
2015-03-21,1,12,2,4,4096,28,39,6.72,133.9
2015-03-21,1,12,3,5,4184,40,17,6.68,133.9
2015-03-21,1,12,6,6,4036,51,51,6.73,133.9
2015-03-22,2,1,6,1,4212,27,62,6.73,434.5
2015-03-22,2,1,3,2,4772,3,64,6.79,434.5
2015-03-22,2,1,4,3,4633,29,57,6.71,434.5
2015-03-22,2,1,1,4,3313,45,27,6.77,434.5
2015-03-22,2,1,2,5,3506,10,37,6.71,434.5
2015-03-22,2,1,5,6,4203,33,4,6.63,434.5
2015-03-22,2,2,3,1,3137,37,18,6.7,291.6
2015-03-22,2,2,5,2,3808,60,25,6.75,291.6
2015-03-22,2,2,6,3,4816,46,54,6.67,291.6
2015-03-22,2,2,2,4,2505,14,19,6.71,291.6
2015-03-22,2,2,4,5,3922,52,13,6.67,291.6
2015-03-22,2,2,1,6,4538,47,44,6.63,291.6
2015-03-22,2,3,2,1,3286,66,59,6.68,23.5
2015-03-22,2,3,1,2,3877,23,55,6.77,23.5
2015-03-22,2,3,3,3,3795,9,52,6.69,23.5
2015-03-22,2,3,4,4,4708,54,31,6.69,23.5
2015-03-22,2,3,5,5,4047,26,38,6.78,23.5
2015-03-22,2,3,6,6,3466,41,41,6.75,23.5
2015-03-22,2,4,3,1,3443,63,21,6.66,16.5
2015-03-22,2,4,1,2,3753,62,11,6.72,16.5
2015-03-22,2,4,5,3,4096,28,39,6.71,16.5
2015-03-22,2,4,4,4,4709,38,34,6.63,16.5
2015-03-22,2,4,2,5,4092,59,15,6.62,16.5
2015-03-22,2,4,6,6,4721,11,66,6.78,16.5
2015-03-22,2,5,3,1,3903,21,33,6.68,9.6
2015-03-22,2,5,1,2,4216,44,22,6.71,9.6
2015-03-22,2,5,6,3,3933,17,28,6.66,9.6
2015-03-22,2,5,4,4,4036,51,51,6.72,9.6
2015-03-22,2,5,5,5,4747,31,63,6.71,9.6
2015-03-22,2,5,2,6,4187,55,60,6.71,9.6
2015-03-22,2,6,1,1,3506,10,37,6.73,39.4
2015-03-22,2,6,2,2,4140,18,46,6.69,39.4
2015-03-22,2,6,3,3,3312,4,9,6.73,39.4
2015-03-22,2,6,4,4,2505,14,19,6.78,39.4
2015-03-22,2,6,6,5,3105,22,58,6.83,39.4
2015-03-22,2,6,5,6,3419,20,47,6.78,39.4
2015-03-22,2,7,1,1,3137,37,18,6.7,21.9
2015-03-22,2,7,2,2,3484,65,30,6.74,21.9
2015-03-22,2,7,3,3,3347,13,5,6.79,21.9
2015-03-22,2,7,6,4,4451,6,2,6.77,21.9
2015-03-22,2,7,5,5,4708,54,31,6.7,21.9
2015-03-22,2,7,4,6,4380,1,48,6.67,21.9
2015-03-22,2,8,6,1,4203,33,4,6.7,305.4
2015-03-22,2,8,1,2,4184,40,17,6.73,305.4
2015-03-22,2,8,4,3,4600,48,40,6.76,305.4
2015-03-22,2,8,2,4,3771,32,65,6.79,305.4
2015-03-22,2,8,3,5,4709,38,34,6.74,305.4
2015-03-22,2,8,5,6,3466,41,41,6.8,305.4
2015-03-22,2,10,1,1,3286,66,59,6.65,10.4
2015-03-22,2,10,2,2,4036,51,51,6.66,10.4
2015-03-22,2,10,4,3,4096,28,39,6.66,10.4
2015-03-22,2,10,3,4,3105,22,58,6.77,10.4
2015-03-22,2,10,5,5,4633,29,32,6.71,10.4
2015-03-22,2,10,6,6,4531,57,56,6.69,10.4
2015-03-22,2,11,1,1,4140,18,46,6.61,11.1
2015-03-22,2,11,2,2,4216,44,22,6.73,11.1
2015-03-22,2,11,3,3,3484,65,30,6.69,11.1
2015-03-22,2,11,5,4,3443,63,21,6.65,11.1
2015-03-22,2,11,4,5,4772,3,64,6.72,11.1
2015-03-22,2,11,6,6,4047,26,38,6.71,11.1
2015-03-22,2,12,1,1,3903,21,33,6.71,21.5
2015-03-22,2,12,4,2,3312,4,9,6.76,21.5
2015-03-22,2,12,5,3,3347,13,5,6.71,21.5
2015-03-22,2,12,6,4,3808,60,25,6.75,21.5
2015-03-22,2,12,2,5,4184,40,17,6.69,21.5
2015-03-22,2,12,3,6,3313,45,27,6.75,21.5
2015-03-23,3,1,4,1,4187,55,60,6.74,190.2
2015-03-23,3,1,1,2,3105,22,58,6.83,190.2
2015-03-23,3,1,5,3,4709,38,34,6.68,190.2
2015-03-23,3,1,2,4,3419,20,47,6.71,190.2
2015-03-23,3,1,6,5,3877,23,55,6.79,190.2
2015-03-23,3,1,3,6,4708,54,31,6.63,190.2
2015-03-23,3,2,6,1,3753,62,11,6.69,74.3
2015-03-23,3,2,3,2,4633,29,32,6.72,74.3
2015-03-23,3,2,1,3,3808,60,25,6.78,74.3
2015-03-23,3,2,5,4,3506,10,37,6.68,74.3
2015-03-23,3,2,4,5,4538,47,44,6.66,74.3
2015-03-23,3,2,2,6,3466,41,41,6.74,74.3
2015-03-23,3,3,3,1,4212,27,62,6.69,157.6
2015-03-23,3,3,2,2,4047,26,38,6.72,157.6
2015-03-23,3,3,6,3,4143,39,53,6.7,157.6
2015-03-23,3,3,4,4,3347,13,5,6.7,157.6
2015-03-23,3,3,1,5,4380,1,48,6.68,157.6
2015-03-23,3,3,5,6,2505,14,19,6.75,157.6
2015-03-23,3,4,5,1,3313,45,27,6.67,320.2
2015-03-23,3,4,1,2,3933,17,28,6.76,320.2
2015-03-23,3,4,4,3,3771,32,65,6.64,320.2
2015-03-23,3,4,3,4,4216,44,22,6.75,320.2
2015-03-23,3,4,6,5,3137,37,18,6.7,320.2
2015-03-23,3,4,2,6,4203,33,4,6.71,320.2
2015-03-23,3,5,2,1,3903,21,33,6.63,14.0
2015-03-23,3,5,3,2,4096,28,39,6.71,14.0
2015-03-23,3,5,4,3,4531,57,56,6.74,14.0
2015-03-23,3,5,5,4,3922,52,13,6.73,14.0
2015-03-23,3,5,6,5,4816,46,54,6.62,14.0
2015-03-23,3,5,1,6,4600,48,40,6.65,14.0
2015-03-23,3,6,1,1,4643,64,36,6.59,8.5
2015-03-23,3,6,4,2,3484,65,30,6.68,8.5
2015-03-23,3,6,3,3,4451,6,2,6.72,8.5
2015-03-23,3,6,5,4,3753,62,11,6.67,8.5
2015-03-23,3,6,2,5,3808,60,25,6.71,8.5
2015-03-23,3,6,6,6,4721,11,66,6.67,8.5
2015-03-23,3,7,2,1,3443,63,21,6.62,26.0
2015-03-23,3,7,3,2,4184,40,17,6.58,26.0
2015-03-23,3,7,1,3,3419,20,47,6.64,26.0
2015-03-23,3,7,6,4,3312,4,9,6.59,26.0
2015-03-23,3,7,5,5,3286,66,59,6.58,26.0
2015-03-23,3,7,4,6,4212,27,62,6.61,26.0
2015-03-23,3,8,1,1,4036,51,51,6.6,8.6
2015-03-23,3,8,4,2,4140,18,46,6.58,8.6
2015-03-23,3,8,3,3,4538,47,44,6.62,8.6
2015-03-23,3,8,2,4,3105,22,58,6.64,8.6
2015-03-23,3,8,5,5,4772,3,64,6.66,8.6
2015-03-23,3,8,6,6,4747,31,29,6.64,8.6
2015-03-23,3,9,4,1,3903,21,33,6.66,15.2
2015-03-23,3,9,5,2,4092,59,15,6.6,15.2
2015-03-23,3,9,2,3,3933,17,28,6.61,15.2
2015-03-23,3,9,1,4,3771,32,65,6.6,15.2
2015-03-23,3,9,6,5,3506,10,37,6.62,15.2
2015-03-23,3,9,3,6,4047,26,38,6.65,15.2
2015-03-23,3,10,1,1,3484,65,30,6.67,8.6
2015-03-23,3,10,4,2,4184,40,17,6.61,8.6
2015-03-23,3,10,6,3,4216,44,22,6.6,8.6
2015-03-23,3,10,2,4,4600,48,40,6.67,8.6
2015-03-23,3,10,5,5,3877,23,55,6.71,8.6
2015-03-23,3,10,3,6,4531,57,56,6.65,8.6
2015-03-23,3,11,1,1,3443,63,21,6.64,12.4
2015-03-23,3,11,2,2,4451,6,2,6.68,12.4
2015-03-23,3,11,5,3,4143,39,53,6.56,12.4
2015-03-23,3,11,4,4,4036,51,51,6.65,12.4
2015-03-23,3,11,6,5,3313,45,27,6.66,12.4
2015-03-23,3,11,3,6,4380,1,48,6.63,12.4
2015-03-23,3,12,2,1,4643,64,36,6.58,184.1
2015-03-23,3,12,4,2,4096,28,39,6.65,184.1
2015-03-23,3,12,3,3,3347,13,5,6.73,184.1
2015-03-23,3,12,6,4,4092,59,15,6.71,184.1
2015-03-23,3,12,1,5,4140,18,46,6.66,184.1
2015-03-23,3,12,5,6,3137,37,18,6.63,184.1
2015-03-24,4,1,4,1,4203,33,4,6.6,21.4
2015-03-24,4,1,1,2,3286,66,59,6.53,21.4
2015-03-24,4,1,3,3,3808,60,25,6.66,21.4
2015-03-24,4,1,2,4,3506,10,37,6.63,21.4
2015-03-24,4,1,6,5,4708,54,31,6.66,21.4
2015-03-24,4,1,5,6,4721,11,66,6.67,21.4
2015-03-24,4,2,1,1,2505,14,19,6.62,25.4
2015-03-24,4,2,3,2,3877,23,55,6.63,25.4
2015-03-24,4,2,4,3,3419,20,47,6.64,25.4
2015-03-24,4,2,6,4,4747,31,29,6.61,25.4
2015-03-24,4,2,5,5,4772,3,64,6.7,25.4
2015-03-24,4,2,2,6,3466,41,41,6.6,25.4
2015-03-24,4,3,1,1,3922,52,13,6.64,95.0
2015-03-24,4,3,4,2,3313,45,27,6.71,95.0
2015-03-24,4,3,3,3,3484,65,30,6.64,95.0
2015-03-24,4,3,5,4,3933,17,28,6.69,95.0
2015-03-24,4,3,2,5,3753,62,11,6.67,95.0
2015-03-24,4,3,6,6,3105,22,58,6.69,95.0
2015-03-24,4,4,6,1,4187,55,60,6.56,331.2
2015-03-24,4,4,2,2,4047,26,38,6.63,331.2
2015-03-24,4,4,1,3,4633,29,32,6.6,331.2
2015-03-24,4,4,3,4,4600,48,40,6.61,331.2
2015-03-24,4,4,5,5,4816,46,54,6.61,331.2
2015-03-24,4,4,4,6,3443,63,21,6.58,331.2
2015-03-24,4,5,4,1,4216,44,22,6.63,25.0
2015-03-24,4,5,1,2,3347,13,5,6.69,25.0
2015-03-24,4,5,3,3,4096,28,39,6.61,25.0
2015-03-24,4,5,5,4,4538,47,44,6.58,25.0
2015-03-24,4,5,2,5,4212,27,62,6.69,25.0
2015-03-24,4,5,6,6,4709,38,34,6.59,25.0
2015-03-24,4,6,3,1,4643,64,36,6.61,173.5
2015-03-24,4,6,6,2,3771,32,65,6.6,173.5
2015-03-24,4,6,5,3,3903,21,33,6.65,173.5
2015-03-24,4,6,1,4,4036,51,51,6.6,173.5
2015-03-24,4,6,2,5,4531,57,56,6.63,173.5
2015-03-24,4,6,4,6,3137,37,18,6.64,173.5
2015-03-24,4,7,5,1,4092,59,15,6.66,89.5
2015-03-24,4,7,1,2,4184,40,17,6.55,89.5
2015-03-24,4,7,4,3,4187,55,60,6.57,89.5
2015-03-24,4,7,2,4,4451,6,2,6.63,89.5
2015-03-24,4,7,3,5,3105,22,58,6.69,89.5
2015-03-24,4,7,6,6,4721,11,66,6.72,89.5
2015-03-24,4,8,6,1,4816,46,54,6.57,349.9
2015-03-24,4,8,4,2,3312,4,9,6.64,349.9
2015-03-24,4,8,2,3,4140,18,46,6.62,349.9
2015-03-24,4,8,5,4,4708,54,31,6.59,349.9
2015-03-24,4,8,1,5,4143,39,53,6.6,349.9
2015-03-24,4,8,3,6,2505,14,19,6.64,349.9
2015-03-24,4,9,1,1,3443,63,21,6.57,14.1
2015-03-24,4,9,2,2,3933,17,28,6.57,14.1
2015-03-24,4,9,3,3,4216,44,22,6.64,14.1
2015-03-24,4,9,4,4,4643,64,36,6.58,14.1
2015-03-24,4,9,5,5,3286,66,59,6.56,14.1
2015-03-24,4,9,6,6,4212,27,62,6.6,14.1
2015-03-24,4,10,6,1,3347,13,5,6.57,351.0
2015-03-24,4,10,1,2,3903,21,33,6.57,351.0
2015-03-24,4,10,5,3,3753,62,11,6.53,351.0
2015-03-24,4,10,2,4,3484,65,30,6.59,351.0
2015-03-24,4,10,3,5,3137,37,18,6.59,351.0
2015-03-24,4,10,4,6,4451,6,2,6.55,351.0
2015-03-24,4,11,1,1,4140,18,46,6.51,10.3
2015-03-24,4,11,3,2,4184,40,17,6.6,10.3
2015-03-24,4,11,4,3,4036,51,51,6.54,10.3
2015-03-24,4,11,2,4,4096,28,39,6.58,10.3
2015-03-24,4,11,6,5,4633,29,32,6.61,10.3
2015-03-24,4,11,5,6,4143,39,53,6.54,10.3
2015-03-24,4,12,1,1,3312,4,9,6.6,11.4
2015-03-24,4,12,4,2,3771,32,65,6.57,11.4
2015-03-24,4,12,3,3,3922,52,13,6.59,11.4
2015-03-24,4,12,5,4,3313,45,27,6.59,11.4
2015-03-24,4,12,6,5,4772,3,64,6.64,11.4
2015-03-24,4,12,2,6,4380,1,1,6.71,11.4
2015-03-25,5,1,1,1,3105,22,58,6.67,11.6
2015-03-25,5,1,3,2,4203,33,4,6.63,11.6
2015-03-25,5,1,4,3,4531,57,56,6.66,11.6
2015-03-25,5,1,2,4,4538,47,44,6.56,11.6
2015-03-25,5,1,6,5,3466,41,41,6.71,11.6
2015-03-25,5,1,5,6,4709,38,34,6.59,11.6
2015-03-25,5,2,4,1,4380,1,1,6.61,64.5
2015-03-25,5,2,1,2,4772,3,64,6.66,64.5
2015-03-25,5,2,3,3,3808,60,25,6.68,64.5
2015-03-25,5,2,2,4,3419,20,47,6.65,64.5
2015-03-25,5,2,5,5,3877,23,55,6.67,64.5
2015-03-25,5,2,6,6,4721,11,66,6.74,64.5
2015-03-25,5,3,1,1,4187,55,60,6.61,37.0
2015-03-25,5,3,3,2,3137,37,18,6.62,37.0
2015-03-25,5,3,4,3,3313,45,27,6.62,37.0
2015-03-25,5,3,2,4,4633,29,32,6.62,37.0
2015-03-25,5,3,5,5,3312,4,9,6.66,37.0
2015-03-25,5,3,6,6,3506,10,37,6.75,37.0
2015-03-25,5,4,3,1,4047,26,38,6.62,353.0
2015-03-25,5,4,6,2,2505,14,19,6.62,353.0
2015-03-25,5,4,4,3,4092,59,15,6.63,353.0
2015-03-25,5,4,5,4,3922,52,13,6.6,353.0
2015-03-25,5,4,2,5,4451,6,2,6.61,353.0
2015-03-25,5,4,1,6,4708,54,31,6.56,353.0
2015-03-25,5,7,2,1,3313,45,27,6.63,66.7
2015-03-25,5,7,4,2,4036,51,51,6.56,66.7
2015-03-25,5,7,3,3,3877,23,55,6.61,66.7
2015-03-25,5,7,1,4,4212,27,62,6.65,66.7
2015-03-25,5,7,6,5,3312,4,9,6.65,66.7
2015-03-25,5,7,5,6,3808,60,25,6.61,66.7
2015-03-25,5,8,1,1,4096,28,39,6.6,3.8
2015-03-25,5,8,2,2,3286,66,59,6.58,3.8
2015-03-25,5,8,4,3,4047,26,38,6.64,3.8
2015-03-25,5,8,5,4,4380,1,1,6.59,3.8
2015-03-25,5,8,3,5,3419,20,47,6.63,3.8
2015-03-25,5,8,6,6,4747,31,29,6.61,3.8
2015-03-25,5,9,1,1,3771,32,65,6.65,198.8
2015-03-25,5,9,6,2,3922,52,13,6.6,198.8
2015-03-25,5,9,3,3,4600,48,40,6.62,198.8
2015-03-25,5,9,2,4,4092,59,15,6.61,198.8
2015-03-25,5,9,5,5,4531,57,56,6.68,198.8
2015-03-25,5,9,4,6,3105,22,58,6.67,198.8
2015-03-25,5,10,1,1,4216,44,22,6.63,33.3
2015-03-25,5,10,2,2,3484,65,30,6.65,33.3
2015-03-25,5,10,6,3,4143,39,53,6.63,33.3
2015-03-25,5,10,3,4,4643,64,36,6.61,33.3
2015-03-25,5,10,5,5,4633,29,32,6.61,33.3
2015-03-25,5,10,4,6,3137,37,18,6.57,33.3
2015-03-25,5,11,3,1,4096,28,39,6.56,52.3
2015-03-25,5,11,4,2,3286,66,7,6.59,52.3
2015-03-25,5,11,5,3,4451,6,2,6.65,52.3
2015-03-25,5,11,2,4,3753,62,11,6.6,52.3
2015-03-25,5,11,6,5,4212,27,62,6.62,52.3
2015-03-25,5,11,1,6,4036,51,51,6.58,52.3
2015-03-25,5,12,1,1,4140,18,46,6.61,14.2
2015-03-25,5,12,4,2,3903,21,33,6.61,14.2
2015-03-25,5,12,3,3,3347,13,5,6.64,14.2
2015-03-25,5,12,5,4,3933,17,28,6.6,14.2
2015-03-25,5,12,2,5,3443,63,21,6.59,14.2
2015-03-25,5,12,6,6,4184,40,17,6.58,14.2
2015-03-28,1,1,1,1,3305,53,7,6.75,10.0
2015-03-28,1,1,5,2,3860,46,34,6.7,10.0
2015-03-28,1,1,3,3,3614,62,9,6.75,10.0
2015-03-28,1,1,4,4,4650,25,65,6.73,10.0
2015-03-28,1,1,2,5,3166,30,32,6.82,10.0
2015-03-28,1,1,6,6,4753,26,24,6.77,10.0
2015-03-28,1,2,4,1,1485,10,53,6.82,90.7
2015-03-28,1,2,1,2,3695,34,10,6.81,90.7
2015-03-28,1,2,5,3,4855,54,39,6.8,90.7
2015-03-28,1,2,2,4,4677,31,61,6.81,90.7
2015-03-28,1,2,3,5,4431,11,6,6.76,90.7
2015-03-28,1,2,6,6,3669,6,18,6.85,90.7
2015-03-28,1,3,6,1,3713,37,27,6.75,76.1
2015-03-28,1,3,1,2,3910,16,23,6.83,76.1
2015-03-28,1,3,3,3,3820,36,58,6.84,76.1
2015-03-28,1,3,4,4,4163,58,45,6.77,76.1
2015-03-28,1,3,2,5,2585,60,19,6.87,76.1
2015-03-28,1,3,5,6,4820,47,36,6.78,76.1
2015-03-28,1,4,5,1,3931,50,55,6.74,58.0
2015-03-28,1,4,2,2,4198,8,40,6.74,58.0
2015-03-28,1,4,4,3,4069,14,2,6.72,58.0
2015-03-28,1,4,3,4,3025,17,49,6.82,58.0
2015-03-28,1,4,6,5,4512,23,64,6.78,58.0
2015-03-28,1,4,1,6,4474,3,46,6.86,58.0
2015-03-28,1,5,4,1,3887,45,47,6.82,94.4
2015-03-28,1,5,5,2,3516,35,38,6.81,94.4
2015-03-28,1,5,1,3,4379,15,28,6.78,94.4
2015-03-28,1,5,2,4,4489,5,62,6.79,94.4
2015-03-28,1,5,6,5,4293,12,15,6.84,94.4
2015-03-28,1,5,3,6,4363,59,26,6.69,94.4
2015-03-28,1,6,2,1,3898,49,8,6.77,18.3
2015-03-28,1,6,3,2,3697,43,43,6.82,18.3
2015-03-28,1,6,1,3,3688,44,31,6.79,18.3
2015-03-28,1,6,4,4,3432,7,66,6.8,18.3
2015-03-28,1,6,5,5,3878,40,16,6.73,18.3
2015-03-28,1,6,6,6,4650,25,65,6.78,18.3
2015-03-28,1,8,1,1,3792,66,13,6.7,5.3
2015-03-28,1,8,4,2,3305,53,7,6.83,5.3
2015-03-28,1,8,2,3,4452,64,37,6.77,5.3
2015-03-28,1,8,5,4,4431,11,6,6.83,5.3
2015-03-28,1,8,3,5,4198,8,40,6.69,5.3
2015-03-28,1,8,6,6,4820,47,36,6.74,5.3
2015-03-28,1,9,4,1,4677,31,61,6.78,241.7
2015-03-28,1,9,5,2,4512,23,64,6.77,241.7
2015-03-28,1,9,2,3,4288,27,20,6.8,241.7
2015-03-28,1,9,6,4,3820,36,58,6.84,241.7
2015-03-28,1,9,3,5,4241,18,22,6.83,241.7
2015-03-28,1,9,1,6,3614,62,9,6.73,241.7
2015-03-28,1,10,1,1,3432,7,66,6.74,41.0
2015-03-28,1,10,5,2,3920,61,50,6.79,41.0
2015-03-28,1,10,2,3,3910,16,23,6.83,41.0
2015-03-28,1,10,4,4,3025,17,49,6.79,41.0
2015-03-28,1,10,3,5,3888,4,54,6.77,41.0
2015-03-28,1,10,6,6,4363,59,26,6.7,41.0
2015-03-28,1,11,1,1,3697,43,43,6.76,11.0
2015-03-28,1,11,4,2,4371,24,56,6.76,11.0
2015-03-28,1,11,5,3,4069,14,2,6.8,11.0
2015-03-28,1,11,2,4,4163,58,45,6.73,11.0
2015-03-28,1,11,6,5,3860,46,34,6.71,11.0
2015-03-28,1,11,3,6,4379,15,28,6.79,11.0
2015-03-28,1,12,1,1,3898,49,8,6.72,52.0
2015-03-28,1,12,5,2,3713,37,27,6.72,52.0
2015-03-28,1,12,4,3,3792,66,13,6.71,52.0
2015-03-28,1,12,2,4,3887,45,47,6.74,52.0
2015-03-28,1,12,3,5,3721,56,17,6.86,52.0
2015-03-28,1,12,6,6,3931,50,55,6.72,52.0
2015-03-29,2,1,1,1,4512,23,64,6.89,31.8
2015-03-29,2,1,4,2,3878,40,16,6.78,31.8
2015-03-29,2,1,6,3,3910,16,23,6.82,31.8
2015-03-29,2,1,3,4,3245,2,4,6.77,31.8
2015-03-29,2,1,2,5,3025,17,49,6.84,31.8
2015-03-29,2,1,5,6,4753,26,24,6.82,31.8
2015-03-29,2,2,5,1,4650,25,65,6.72,19.1
2015-03-29,2,2,6,2,4489,5,62,6.76,19.1
2015-03-29,2,2,4,3,3688,44,31,6.84,19.1
2015-03-29,2,2,1,4,3669,6,18,6.83,19.1
2015-03-29,2,2,3,5,3166,30,32,6.84,19.1
2015-03-29,2,2,2,6,3695,34,10,6.81,19.1
2015-03-29,2,3,4,1,4241,18,22,6.76,19.7
2015-03-29,2,3,6,2,3792,66,13,6.72,19.7
2015-03-29,2,3,5,3,4288,27,20,6.78,19.7
2015-03-29,2,3,2,4,3516,35,38,6.77,19.7
2015-03-29,2,3,1,5,2585,60,19,6.68,19.7
2015-03-29,2,3,3,6,4474,3,46,6.87,19.7
2015-03-29,2,4,3,1,3305,53,7,6.8,14.9
2015-03-29,2,4,6,2,3898,49,8,6.77,14.9
2015-03-29,2,4,5,3,4163,58,45,6.77,14.9
2015-03-29,2,4,1,4,1485,10,53,6.8,14.9
2015-03-29,2,4,2,5,3820,36,58,6.88,14.9
2015-03-29,2,4,4,6,4293,12,15,6.87,14.9
2015-03-29,2,5,4,1,3721,56,17,6.79,11.7
2015-03-29,2,5,1,2,3519,19,60,6.72,11.7
2015-03-29,2,5,2,3,4363,59,26,6.68,11.7
2015-03-29,2,5,3,4,3860,46,34,6.72,11.7
2015-03-29,2,5,5,5,3614,62,9,6.72,11.7
2015-03-29,2,5,6,6,4820,47,36,6.78,11.7
2015-03-29,2,6,3,1,4069,14,2,6.78,32.2
2015-03-29,2,6,2,2,3920,61,50,6.74,32.2
2015-03-29,2,6,1,3,4198,8,40,6.69,32.2
2015-03-29,2,6,5,4,3888,4,54,6.78,32.2
2015-03-29,2,6,4,5,4431,11,6,6.86,32.2
2015-03-29,2,6,6,6,4855,54,39,6.8,32.2
2015-03-29,2,7,1,1,4677,31,61,6.79,60.3
2015-03-29,2,7,2,2,4379,15,28,6.8,60.3
2015-03-29,2,7,5,3,4452,64,37,6.69,60.3
2015-03-29,2,7,3,4,3887,45,47,6.69,60.3
2015-03-29,2,7,6,5,4753,26,24,6.81,60.3
2015-03-29,2,7,4,6,3669,6,18,6.81,60.3
2015-03-29,2,8,1,1,3713,37,27,6.7,77.3
2015-03-29,2,8,3,2,3688,44,31,6.77,77.3
2015-03-29,2,8,5,3,4293,12,15,6.91,77.3
2015-03-29,2,8,4,4,4512,23,64,6.83,77.3
2015-03-29,2,8,2,5,3432,7,66,6.76,77.3
2015-03-29,2,8,6,6,4474,3,46,6.79,77.3
2015-03-29,2,9,2,1,3878,40,16,6.75,603.4
2015-03-29,2,9,6,2,4163,58,45,6.66,603.4
2015-03-29,2,9,5,3,3792,66,13,6.66,603.4
2015-03-29,2,9,1,4,4363,59,26,6.67,603.4
2015-03-29,2,9,3,5,4371,24,56,6.74,603.4
2015-03-29,2,9,4,6,3166,30,32,6.79,603.4
2015-03-29,2,10,1,1,3931,50,55,6.7,10.3
2015-03-29,2,10,5,2,3697,43,43,6.78,10.3
2015-03-29,2,10,6,3,4069,14,2,6.79,10.3
2015-03-29,2,10,2,4,1485,10,53,6.75,10.3
2015-03-29,2,10,3,5,3519,19,60,6.76,10.3
2015-03-29,2,10,4,6,3516,35,38,6.83,10.3
2015-03-29,2,11,1,1,3721,56,17,6.77,43.7
2015-03-29,2,11,3,2,3920,61,50,6.78,43.7
2015-03-29,2,11,6,3,4241,18,22,6.82,43.7
2015-03-29,2,11,4,4,4452,64,37,6.76,43.7
2015-03-29,2,11,2,5,3245,2,4,6.81,43.7
2015-03-29,2,11,5,6,3898,49,8,6.73,43.7
2015-03-29,2,12,1,1,3887,45,47,6.73,15.9
2015-03-29,2,12,3,2,3713,37,27,6.72,15.9
2015-03-29,2,12,6,3,4288,27,20,6.74,15.9
2015-03-29,2,12,4,4,3888,4,54,6.75,15.9
2015-03-29,2,12,5,5,4489,5,62,6.76,15.9
2015-03-29,2,12,2,6,3305,53,7,6.74,15.9
2015-03-30,3,1,1,1,4452,64,37,6.77,22.8
2015-03-30,3,1,4,2,4198,8,40,6.75,22.8
2015-03-30,3,1,2,3,4293,12,15,6.81,22.8
2015-03-30,3,1,6,4,3878,40,16,6.81,22.8
2015-03-30,3,1,5,5,4474,3,46,6.86,22.8
2015-03-30,3,1,3,6,4677,31,61,6.74,22.8
2015-03-30,3,2,4,1,3614,62,9,6.7,186.0
2015-03-30,3,2,6,2,4820,47,36,6.76,186.0
2015-03-30,3,2,3,3,3695,34,10,6.73,186.0
2015-03-30,3,2,2,4,4431,11,6,6.83,186.0
2015-03-30,3,2,1,5,3025,17,49,6.86,186.0
2015-03-30,3,2,5,6,3166,30,32,6.83,186.0
2015-03-30,3,3,5,1,3721,56,17,6.76,25.7
2015-03-30,3,3,6,2,3516,35,38,6.74,25.7
2015-03-30,3,3,1,3,3820,36,58,6.75,25.7
2015-03-30,3,3,4,4,3910,16,23,6.79,25.7
2015-03-30,3,3,3,5,4288,27,20,6.74,25.7
2015-03-30,3,3,2,6,3669,6,18,6.8,25.7
2015-03-30,3,4,1,1,4650,25,65,6.72,12.2
2015-03-30,3,4,2,2,4241,18,22,6.73,12.2
2015-03-30,3,4,3,3,3432,7,66,6.74,12.2
2015-03-30,3,4,4,4,4489,5,62,6.77,12.2
2015-03-30,3,4,6,5,3519,19,60,6.75,12.2
2015-03-30,3,4,5,6,4753,26,24,6.78,12.2
2015-03-30,3,5,1,1,3920,61,50,6.71,35.1
2015-03-30,3,5,3,2,3898,49,8,6.8,35.1
2015-03-30,3,5,5,3,1485,10,53,6.74,35.1
2015-03-30,3,5,4,4,3697,43,43,6.76,35.1
2015-03-30,3,5,2,5,3688,44,31,6.75,35.1
2015-03-30,3,5,6,6,4855,54,39,6.79,35.1
2015-03-30,3,6,3,1,4371,24,56,6.76,57.7
2015-03-30,3,6,4,2,2585,60,19,6.71,57.7
2015-03-30,3,6,2,3,4512,23,64,6.77,57.7
2015-03-30,3,6,6,4,3245,2,4,6.82,57.7
2015-03-30,3,6,1,5,4431,11,6,6.86,57.7
2015-03-30,3,6,5,6,3887,45,47,6.86,57.7
2015-03-30,3,8,2,1,4069,14,2,6.68,11.3
2015-03-30,3,8,1,2,3888,4,54,6.71,11.3
2015-03-30,3,8,4,3,4288,27,20,6.78,11.3
2015-03-30,3,8,3,4,3878,40,16,6.7,11.3
2015-03-30,3,8,5,5,3695,34,10,6.79,11.3
2015-03-30,3,8,6,6,4753,26,24,6.8,11.3
2015-03-30,3,9,4,1,4363,59,26,6.66,86.8
2015-03-30,3,9,1,2,4241,18,22,6.82,86.8
2015-03-30,3,9,2,3,3713,37,27,6.72,86.8
2015-03-30,3,9,6,4,3721,56,17,6.8,86.8
2015-03-30,3,9,3,5,1485,10,53,6.74,86.8
2015-03-30,3,9,5,6,4198,8,40,6.7,86.8
2015-03-30,3,10,3,1,4163,58,45,6.61,29.6
2015-03-30,3,10,1,2,3792,66,13,6.6,29.6
2015-03-30,3,10,4,3,3920,61,50,6.7,29.6
2015-03-30,3,10,5,4,3910,16,23,6.8,29.6
2015-03-30,3,10,6,5,3887,45,47,6.72,29.6
2015-03-30,3,10,2,6,4650,25,65,6.68,29.6
2015-03-30,3,11,1,1,4371,24,56,6.72,17.1
2015-03-30,3,11,2,2,3697,43,43,6.8,17.1
2015-03-30,3,11,5,3,3432,7,66,6.77,17.1
2015-03-30,3,11,4,4,4379,15,28,6.8,17.1
2015-03-30,3,11,6,5,3614,62,9,6.77,17.1
2015-03-30,3,11,3,6,4452,64,37,6.74,17.1
2015-03-30,3,12,1,1,3898,49,8,6.64,49.3
2015-03-30,3,12,5,2,3519,19,60,6.69,49.3
2015-03-30,3,12,4,3,3931,50,55,6.68,49.3
2015-03-30,3,12,3,4,4512,23,64,6.72,49.3
2015-03-30,3,12,2,5,3888,4,54,6.72,49.3
2015-03-30,3,12,6,6,4677,31,61,6.68,49.3
2015-03-31,4,1,1,1,4288,27,20,6.77,8.9
2015-03-31,4,1,2,2,3614,62,9,6.65,8.9
2015-03-31,4,1,4,3,3245,2,4,6.78,8.9
2015-03-31,4,1,5,4,2585,60,19,6.75,8.9
2015-03-31,4,1,6,5,3025,17,49,6.88,8.9
2015-03-31,4,1,3,6,4293,12,15,6.83,8.9
2015-03-31,4,2,3,1,4489,5,62,6.75,23.5
2015-03-31,4,2,5,2,3820,36,58,6.78,23.5
2015-03-31,4,2,2,3,4474,3,46,6.77,23.5
2015-03-31,4,2,4,4,3695,34,10,6.73,23.5
2015-03-31,4,2,1,5,3166,30,32,6.79,23.5
2015-03-31,4,2,6,6,4753,26,24,6.74,23.5
2015-03-31,4,3,1,1,3878,40,16,6.7,40.0
2015-03-31,4,3,2,2,4371,24,56,6.81,40.0
2015-03-31,4,3,6,3,3688,44,31,6.79,40.0
2015-03-31,4,3,3,4,3910,16,23,6.84,40.0
2015-03-31,4,3,5,5,4820,47,36,6.79,40.0
2015-03-31,4,3,4,6,4069,14,2,6.79,40.0
2015-03-31,4,4,2,1,3931,50,55,6.67,17.8
2015-03-31,4,4,3,2,3432,7,66,6.71,17.8
2015-03-31,4,4,1,3,3516,35,38,6.75,17.8
2015-03-31,4,4,5,4,4855,54,39,6.77,17.8
2015-03-31,4,4,6,5,1485,10,53,6.78,17.8
2015-03-31,4,4,4,6,4379,15,28,6.78,17.8
2015-03-31,4,5,1,1,4163,58,45,6.65,6.2
2015-03-31,4,5,3,2,3920,61,50,6.74,6.2
2015-03-31,4,5,4,3,3888,4,54,6.84,6.2
2015-03-31,4,5,2,4,3860,46,34,6.7,6.2
2015-03-31,4,5,6,5,4198,8,40,6.75,6.2
2015-03-31,4,5,5,6,3669,6,18,6.77,6.2
2015-03-31,4,6,3,1,4650,25,65,6.74,80.6
2015-03-31,4,6,4,2,4452,64,37,6.75,80.6
2015-03-31,4,6,2,3,3792,66,13,6.71,80.6
2015-03-31,4,6,5,4,4241,18,22,6.74,80.6
2015-03-31,4,6,6,5,4431,11,6,6.82,80.6
2015-03-31,4,6,1,6,4293,12,15,6.78,80.6
2015-03-31,4,7,2,1,3713,37,27,6.75,38.9
2015-03-31,4,7,1,2,4489,5,62,6.83,38.9
2015-03-31,4,7,5,3,4677,31,61,6.74,38.9
2015-03-31,4,7,3,4,4512,23,64,6.79,38.9
2015-03-31,4,7,4,5,3305,53,7,6.81,38.9
2015-03-31,4,7,6,6,4820,47,36,6.78,38.9
2015-03-31,4,8,1,1,3721,56,17,6.72,3.5
2015-03-31,4,8,2,2,3519,19,60,6.74,3.5
2015-03-31,4,8,4,3,3697,43,43,6.79,3.5
2015-03-31,4,8,3,4,3166,30,32,6.84,3.5
2015-03-31,4,8,5,5,3025,17,49,6.83,3.5
2015-03-31,4,8,6,6,4855,54,39,6.76,3.5
2015-03-31,4,9,2,1,4163,58,45,6.71,18.4
2015-03-31,4,9,1,2,4069,14,2,6.76,18.4
2015-03-31,4,9,4,3,3898,49,8,6.83,18.4
2015-03-31,4,9,3,4,3516,35,38,6.77,18.4
2015-03-31,4,9,5,5,4363,59,26,6.71,18.4
2015-03-31,4,9,6,6,2585,60,19,6.68,18.4
2015-03-31,4,10,1,1,3887,45,47,6.72,7.5
2015-03-31,4,10,2,2,4288,27,20,6.76,7.5
2015-03-31,4,10,3,3,3931,50,55,6.71,7.5
2015-03-31,4,10,4,4,3860,46,34,6.72,7.5
2015-03-31,4,10,6,5,4452,64,37,6.79,7.5
2015-03-31,4,10,5,6,3688,44,31,6.77,7.5
2015-03-31,4,12,1,1,3697,43,43,6.72,7.9
2015-03-31,4,12,2,2,3920,61,50,6.69,7.9
2015-03-31,4,12,3,3,3792,66,13,6.7,7.9
2015-03-31,4,12,5,4,3245,2,4,6.77,7.9
2015-03-31,4,12,6,5,3432,7,66,6.71,7.9
2015-03-31,4,12,4,6,3713,37,27,6.78,7.9
2015-04-01,5,1,1,1,3432,7,66,6.78,6.9
2015-04-01,5,1,3,2,3820,36,58,6.91,6.9
2015-04-01,5,1,4,3,3614,62,9,6.72,6.9
2015-04-01,5,1,5,4,1485,10,53,6.85,6.9
2015-04-01,5,1,2,5,3166,30,32,6.84,6.9
2015-04-01,5,1,6,6,4820,47,36,6.77,6.9
2015-04-01,5,2,5,1,4198,8,40,6.75,81.0
2015-04-01,5,2,3,2,3025,17,49,6.88,81.0
2015-04-01,5,2,6,3,4474,3,46,6.82,81.0
2015-04-01,5,2,1,4,3695,34,10,6.76,81.0
2015-04-01,5,2,4,5,4293,12,15,6.88,81.0
2015-04-01,5,2,2,6,3669,6,18,6.87,81.0
2015-04-01,5,3,3,1,4452,64,37,6.81,34.0
2015-04-01,5,3,1,2,4489,5,62,6.82,34.0
2015-04-01,5,3,5,3,3245,2,4,6.79,34.0
2015-04-01,5,3,4,4,3910,16,35,6.81,34.0
2015-04-01,5,3,6,5,3697,43,43,6.82,34.0
2015-04-01,5,3,2,6,4431,11,6,6.91,34.0
2015-04-01,5,4,4,1,3887,45,47,6.84,21.0
2015-04-01,5,4,1,2,4650,25,65,6.74,21.0
2015-04-01,5,4,2,3,3878,40,16,6.74,21.0
2015-04-01,5,4,3,4,4288,27,20,6.86,21.0
2015-04-01,5,4,6,5,4512,23,64,6.8,21.0
2015-04-01,5,4,5,6,4753,26,24,6.81,21.0
2015-04-01,5,5,3,1,3792,66,13,6.68,17.8
2015-04-01,5,5,4,2,3898,49,8,6.78,17.8
2015-04-01,5,5,5,3,3860,46,34,6.68,17.8
2015-04-01,5,5,2,4,3516,35,38,6.8,17.8
2015-04-01,5,5,1,5,4241,18,22,6.84,17.8
2015-04-01,5,5,6,6,4855,54,39,6.84,17.8
2015-04-01,5,7,1,1,4069,14,2,6.76,
2015-04-01,5,7,2,2,3721,56,17,6.81,
2015-04-01,5,7,3,3,4379,15,28,6.82,
2015-04-01,5,7,5,4,4163,58,45,6.72,
2015-04-01,5,7,6,5,4452,64,37,6.79,
2015-04-01,5,7,4,6,1485,10,53,6.84,
2015-04-01,5,8,3,1,2585,60,19,6.65,
2015-04-01,5,8,1,2,3931,50,55,6.63,
2015-04-01,5,8,5,3,3614,62,9,6.7,
2015-04-01,5,8,4,4,3713,37,27,6.74,
2015-04-01,5,8,2,5,4363,59,26,6.69,
2015-04-01,5,8,6,6,4753,26,24,6.81,
2015-04-01,5,9,1,1,3898,49,8,6.7,
2015-04-01,5,9,3,2,3887,45,47,6.75,
2015-04-01,5,9,4,3,4241,18,22,6.77,
2015-04-01,5,9,5,4,3878,40,16,6.73,
2015-04-01,5,9,2,5,3697,43,43,6.76,
2015-04-01,5,9,6,6,4489,5,62,6.83,
2015-04-01,5,10,1,1,3721,56,17,6.76,
2015-04-01,5,10,2,2,3792,66,13,6.68,
2015-04-01,5,10,3,3,4069,14,2,6.7,
2015-04-01,5,10,4,4,4288,27,20,6.69,
2015-04-01,5,10,5,5,3305,53,7,6.76,
2015-04-01,5,10,6,6,3432,7,66,6.78,
2015-04-01,5,11,3,1,3920,61,50,6.71,
2015-04-01,5,11,5,2,3931,50,55,6.64,
2015-04-01,5,11,2,3,4163,58,45,6.69,
2015-04-01,5,11,4,4,4371,24,56,6.71,
2015-04-01,5,11,1,5,3713,37,27,6.65,
2015-04-01,5,11,6,6,4650,25,65,6.69,
2015-04-01,5,12,3,1,4363,59,26,6.7,
2015-04-01,5,12,6,2,4198,8,40,6.73,
2015-04-01,5,12,1,3,3888,4,54,6.71,
2015-04-01,5,12,5,4,3910,16,35,6.82,
2015-04-01,5,12,2,5,3519,19,60,6.75,
2015-04-01,5,12,4,6,4512,23,64,6.75,
2015-04-02,6,1,4,1,3860,46,34,6.71,20.9
2015-04-02,6,1,1,2,4452,64,37,6.79,20.9
2015-04-02,6,1,3,3,3516,35,38,6.8,20.9
2015-04-02,6,1,2,4,1485,10,53,6.77,20.9
2015-04-02,6,1,6,5,4753,26,24,6.79,20.9
2015-04-02,6,1,5,6,3025,17,49,6.85,20.9
2015-04-02,6,2,2,1,3910,16,35,6.81,12.0
2015-04-02,6,2,1,2,4474,3,46,6.74,12.0
2015-04-02,6,2,6,3,3695,34,10,6.73,12.0
2015-04-02,6,2,4,4,4431,11,6,6.78,12.0
2015-04-02,6,2,3,5,3669,6,18,6.77,12.0
2015-04-02,6,2,5,6,4855,54,39,6.79,12.0
2015-04-02,6,3,1,1,4198,8,40,6.66,16.9
2015-04-02,6,3,4,2,3245,2,4,6.76,16.9
2015-04-02,6,3,3,3,2585,60,19,6.72,16.9
2015-04-02,6,3,5,4,3888,4,54,6.76,16.9
2015-04-02,6,3,2,5,4293,12,15,6.75,16.9
2015-04-02,6,3,6,6,3166,30,32,6.86,16.9
2015-04-02,6,4,6,1,3519,19,60,6.76,159.2
2015-04-02,6,4,3,2,4363,59,26,6.73,159.2
2015-04-02,6,4,1,3,3878,40,16,6.73,159.2
2015-04-02,6,4,4,4,3820,36,58,6.8,159.2
2015-04-02,6,4,2,5,4489,5,62,6.82,159.2
2015-04-02,6,4,5,6,4820,47,36,6.72,159.2
2015-04-02,6,5,1,1,3713,37,27,6.65,8.6
2015-04-02,6,5,3,2,4379,15,28,6.75,8.6
2015-04-02,6,5,2,3,3614,62,9,6.7,8.6
2015-04-02,6,5,5,4,3516,35,38,6.77,8.6
2015-04-02,6,5,6,5,4677,31,61,6.74,8.6
2015-04-02,6,5,4,6,4241,18,22,6.78,8.6
2015-04-02,6,6,1,1,3697,43,43,6.71,10.9
2015-04-02,6,6,2,2,4650,25,65,6.76,10.9
2015-04-02,6,6,3,3,4512,23,64,6.71,10.9
2015-04-02,6,6,5,4,4069,14,2,6.72,10.9
2015-04-02,6,6,6,5,3688,44,31,6.71,10.9
2015-04-02,6,6,4,6,4474,3,46,6.75,10.9
2015-04-02,6,7,1,1,4288,27,20,6.77,9.7
2015-04-02,6,7,3,2,3860,46,34,6.69,9.7
2015-04-02,6,7,2,3,4163,58,45,6.7,9.7
2015-04-02,6,7,4,4,2585,60,19,6.7,9.7
2015-04-02,6,7,5,5,4431,11,6,6.73,9.7
2015-04-02,6,7,6,6,4820,47,36,6.78,9.7
2015-04-02,6,8,1,1,4371,24,56,6.79,6.1
2015-04-02,6,8,2,2,3432,7,66,6.79,6.1
2015-04-02,6,8,3,3,4293,12,15,6.84,6.1
2015-04-02,6,8,4,4,3888,4,54,6.82,6.1
2015-04-02,6,8,6,5,4855,54,39,6.84,6.1
2015-04-02,6,8,5,6,3669,6,18,6.88,6.1
2015-04-02,6,9,5,1,4363,59,26,6.74,57.5
2015-04-02,6,9,1,2,4512,23,64,6.78,57.5
2015-04-02,6,9,6,3,3305,53,7,6.78,57.5
2015-04-02,6,9,4,4,4379,15,28,6.81,57.5
2015-04-02,6,9,2,5,3245,2,4,6.76,57.5
2015-04-02,6,9,3,6,3820,36,58,6.84,57.5
2015-04-02,6,10,1,1,4069,14,2,6.72,9.5
2015-04-02,6,10,3,2,4288,27,20,6.74,9.5
2015-04-02,6,10,4,3,3713,37,27,6.7,9.5
2015-04-02,6,10,6,4,4650,25,65,6.69,9.5
2015-04-02,6,10,5,5,4489,5,62,6.72,9.5
2015-04-02,6,10,2,6,4241,18,22,6.76,9.5
2015-04-02,6,11,5,1,3432,7,66,6.86,488.1
2015-04-02,6,11,4,2,3697,43,43,6.81,488.1
2015-04-02,6,11,6,3,4452,64,37,6.81,488.1
2015-04-02,6,11,2,4,4371,24,56,6.74,488.1
2015-04-02,6,11,1,5,4163,58,45,6.66,488.1
2015-04-02,6,11,3,6,3878,40,16,6.71,488.1
2015-04-02,6,12,1,1,3721,56,17,6.8,14.8
2015-04-02,6,12,2,2,3898,49,8,6.81,14.8
2015-04-02,6,12,5,3,3887,45,47,6.76,14.8
2015-04-02,6,12,6,4,3931,50,55,6.67,14.8
2015-04-02,6,12,4,5,3792,66,13,6.76,14.8
2015-04-02,6,12,3,6,3920,61,50,6.77,14.8
2015-04-14,1,1,1,1,4298,20,35,6.74,20.4
2015-04-14,1,1,3,2,4058,14,14,6.8,20.4
2015-04-14,1,1,6,3,3254,28,45,6.78,20.4
2015-04-14,1,1,2,4,4475,33,63,6.74,20.4
2015-04-14,1,1,5,5,4771,7,52,6.82,20.4
2015-04-14,1,1,4,6,3943,1,24,6.92,20.4
2015-04-14,1,2,4,1,3404,62,62,6.77,61.6
2015-04-14,1,2,5,2,4268,8,57,6.72,61.6
2015-04-14,1,2,1,3,3492,13,29,6.79,61.6
2015-04-14,1,2,6,4,4770,22,6,6.73,61.6
2015-04-14,1,2,2,5,4591,65,55,6.69,61.6
2015-04-14,1,2,3,6,3620,16,54,6.89,61.6
2015-04-14,1,3,5,1,3381,55,58,6.71,56.4
2015-04-14,1,3,1,2,3058,40,16,6.72,56.4
2015-04-14,1,3,4,3,3692,50,47,6.79,56.4
2015-04-14,1,3,3,4,3900,21,36,6.76,56.4
2015-04-14,1,3,6,5,4801,48,11,6.77,56.4
2015-04-14,1,3,2,6,4607,19,8,6.74,56.4
2015-04-14,1,4,3,1,4715,30,43,6.81,183.3
2015-04-14,1,4,2,2,4199,46,33,6.71,183.3
2015-04-14,1,4,5,3,4395,53,64,6.72,183.3
2015-04-14,1,4,4,4,4559,56,41,6.71,183.3
2015-04-14,1,4,1,5,3927,15,18,6.83,183.3
2015-04-14,1,4,6,6,3894,31,10,6.74,183.3
2015-04-14,1,5,1,1,3956,63,37,6.76,6.0
2015-04-14,1,5,4,2,4220,54,60,6.82,6.0
2015-04-14,1,5,2,3,4436,29,44,6.83,6.0
2015-04-14,1,5,3,4,3411,12,22,6.76,6.0
2015-04-14,1,5,6,5,4771,7,52,6.85,6.0
2015-04-14,1,5,5,6,4457,52,4,6.82,6.0
2015-04-14,1,6,2,1,4308,41,61,6.78,72.1
2015-04-14,1,6,1,2,3325,36,5,6.71,72.1
2015-04-14,1,6,5,3,3950,2,38,6.76,72.1
2015-04-14,1,6,3,4,4391,32,65,6.78,72.1
2015-04-14,1,6,4,5,4591,65,55,6.73,72.1
2015-04-14,1,6,6,6,4583,51,1,6.68,72.1
2015-04-14,1,7,2,1,3942,34,30,6.76,8.0
2015-04-14,1,7,3,2,4274,38,21,6.79,8.0
2015-04-14,1,7,5,3,4292,44,59,6.7,8.0
2015-04-14,1,7,1,4,3620,16,53,6.81,8.0
2015-04-14,1,7,6,5,3943,1,24,6.84,8.0
2015-04-14,1,7,4,6,3058,40,16,6.77,8.0
2015-04-14,1,8,1,1,4387,57,27,6.73,8.1
2015-04-14,1,8,3,2,3254,28,45,6.84,8.1
2015-04-14,1,8,2,3,3900,21,36,6.83,8.1
2015-04-14,1,8,4,4,3894,31,10,6.68,8.1
2015-04-14,1,8,6,5,4830,9,50,6.8,8.1
2015-04-14,1,8,5,6,4770,22,6,6.81,8.1
2015-04-14,1,9,3,1,4298,20,35,6.69,126.1
2015-04-14,1,9,1,2,3473,39,48,6.64,126.1
2015-04-14,1,9,2,3,3692,50,47,6.77,126.1
2015-04-14,1,9,4,4,4395,53,64,6.69,126.1
2015-04-14,1,9,6,5,3411,12,22,6.65,126.1
2015-04-14,1,9,5,6,4258,49,2,6.65,126.1
2015-04-14,1,10,3,1,4475,33,63,6.7,28.8
2015-04-14,1,10,1,2,4274,38,21,6.72,28.8
2015-04-14,1,10,5,3,4583,51,1,6.7,28.8
2015-04-14,1,10,6,4,4715,30,43,6.78,28.8
2015-04-14,1,10,2,5,4368,5,49,6.75,28.8
2015-04-14,1,10,4,6,4436,29,44,6.73,28.8
2015-04-14,1,11,3,1,4292,44,59,6.78,43.3
2015-04-14,1,11,1,2,4308,41,61,6.63,43.3
2015-04-14,1,11,2,3,4220,54,60,6.73,43.3
2015-04-14,1,11,6,4,3404,62,62,6.75,43.3
2015-04-14,1,11,5,5,4058,14,14,6.69,43.3
2015-04-14,1,11,4,6,3381,55,58,6.76,43.3
2015-04-14,1,12,1,1,3942,34,30,6.65,7.1
2015-04-14,1,12,2,2,3956,63,37,6.63,7.1
2015-04-14,1,12,3,3,3473,39,48,6.68,7.1
2015-04-14,1,12,5,4,4559,56,41,6.68,7.1
2015-04-14,1,12,4,5,4387,57,27,6.74,7.1
2015-04-14,1,12,6,6,4391,32,65,6.73,7.1
2015-04-15,2,1,1,1,4583,51,1,6.69,12.4
2015-04-15,2,1,3,2,4368,5,49,6.69,12.4
2015-04-15,2,1,2,3,4457,52,4,6.83,12.4
2015-04-15,2,1,4,4,3492,13,29,6.76,12.4
2015-04-15,2,1,6,5,3058,40,16,6.77,12.4
2015-04-15,2,1,5,6,4830,9,50,6.83,12.4
2015-04-15,2,2,1,1,3254,28,45,6.76,50.1
2015-04-15,2,2,3,2,3927,15,18,6.9,50.1
2015-04-15,2,2,2,3,4058,14,14,6.84,50.1
2015-04-15,2,2,4,4,4607,19,8,6.75,50.1
2015-04-15,2,2,5,5,4801,48,11,6.69,50.1
2015-04-15,2,2,6,6,3620,16,53,6.84,50.1
2015-04-15,2,3,6,1,3956,63,37,6.7,22.4
2015-04-15,2,3,4,2,4298,20,35,6.76,22.4
2015-04-15,2,3,1,3,3943,1,24,6.8,22.4
2015-04-15,2,3,3,4,3325,36,5,6.8,22.4
2015-04-15,2,3,5,5,4591,65,55,6.73,22.4
2015-04-15,2,3,2,6,4268,8,57,6.75,22.4
2015-04-15,2,4,4,1,3473,39,48,6.78,18.5
2015-04-15,2,4,1,2,3411,12,22,6.76,18.5
2015-04-15,2,4,5,3,4220,54,60,6.73,18.5
2015-04-15,2,4,3,4,4199,46,33,6.79,18.5
2015-04-15,2,4,2,5,3950,2,38,6.83,18.5
2015-04-15,2,4,6,6,4274,38,21,6.81,18.5
2015-04-15,2,5,1,1,4715,30,43,6.74,54.3
2015-04-15,2,5,3,2,4258,49,2,6.88,54.3
2015-04-15,2,5,2,3,3381,55,58,6.83,54.3
2015-04-15,2,5,5,4,4475,33,63,6.67,54.3
2015-04-15,2,5,4,5,3900,21,36,6.77,54.3
2015-04-15,2,5,6,6,4830,9,50,6.77,54.3
2015-04-15,2,6,2,1,4391,32,65,6.78,83.4
2015-04-15,2,6,4,2,4771,7,52,6.79,83.4
2015-04-15,2,6,3,3,4387,57,27,6.78,83.4
2015-04-15,2,6,5,4,4436,29,44,6.75,83.4
2015-04-15,2,6,1,5,3404,62,62,6.75,83.4
2015-04-15,2,6,6,6,4770,22,6,6.75,83.4
2015-04-15,2,7,5,1,4368,5,49,6.72,115.2
2015-04-15,2,7,4,2,3942,34,30,6.78,115.2
2015-04-15,2,7,1,3,3894,31,10,6.68,115.2
2015-04-15,2,7,2,4,4395,53,64,6.74,115.2
2015-04-15,2,7,6,5,3325,36,5,6.66,115.2
2015-04-15,2,7,3,6,3692,50,47,6.76,115.2
2015-04-15,2,8,1,1,4559,56,41,6.67,69.2
2015-04-15,2,8,3,2,4268,8,57,6.7,69.2
2015-04-15,2,8,5,3,4199,46,33,6.81,69.2
2015-04-15,2,8,4,4,4308,41,61,6.72,69.2
2015-04-15,2,8,2,5,4583,51,1,6.67,69.2
2015-04-15,2,8,6,6,4801,48,11,6.74,69.2
2015-04-15,2,9,2,1,4292,44,59,6.74,10.4
2015-04-15,2,9,1,2,3381,55,58,6.67,10.4
2015-04-15,2,9,4,3,3956,63,37,6.73,10.4
2015-04-15,2,9,3,4,3950,2,38,6.74,10.4
2015-04-15,2,9,5,5,4607,19,8,6.79,10.4
2015-04-15,2,9,6,6,3492,13,29,6.78,10.4
2015-04-15,2,10,1,1,4391,32,65,6.72,7.2
2015-04-15,2,10,2,2,4258,49,2,6.82,7.2
2015-04-15,2,10,3,3,4220,54,60,6.8,7.2
2015-04-15,2,10,6,4,3927,15,18,6.8,7.2
2015-04-15,2,10,5,5,3692,50,47,6.8,7.2
2015-04-15,2,10,4,6,4457,52,4,6.85,7.2
2015-04-15,2,11,1,1,3900,21,36,6.72,132.7
2015-04-15,2,11,3,2,4395,53,64,6.74,132.7
2015-04-15,2,11,6,3,4298,20,35,6.72,132.7
2015-04-15,2,11,5,4,4387,57,27,6.75,132.7
2015-04-15,2,11,2,5,4559,56,41,6.69,132.7
2015-04-15,2,11,4,6,4274,38,21,6.73,132.7
2015-04-15,2,12,5,1,3942,34,30,6.71,442.6
2015-04-15,2,12,3,2,4436,29,44,6.76,442.6
2015-04-15,2,12,1,3,4292,44,59,6.73,442.6
2015-04-15,2,12,2,4,3473,39,48,6.8,442.6
2015-04-15,2,12,6,5,4308,41,61,6.7,442.6
2015-04-15,2,12,4,6,4715,30,43,6.76,442.6
2015-04-16,3,1,1,1,4220,54,60,6.77,8.2
2015-04-16,3,1,2,2,3058,40,16,6.77,8.2
2015-04-16,3,1,4,3,4771,7,52,6.76,8.2
2015-04-16,3,1,3,4,4591,65,55,6.71,8.2
2015-04-16,3,1,5,5,3894,31,10,6.7,8.2
2015-04-16,3,1,6,6,3950,2,38,6.8,8.2
2015-04-16,3,2,1,1,4268,8,57,6.69,13.7
2015-04-16,3,2,3,2,4607,19,8,6.73,13.7
2015-04-16,3,2,2,3,3492,13,29,6.76,13.7
2015-04-16,3,2,6,4,4258,49,2,6.79,13.7
2015-04-16,3,2,4,5,3620,16,53,6.8,13.7
2015-04-16,3,2,5,6,4830,9,50,6.81,13.7
2015-04-16,3,3,1,1,4058,14,14,6.77,8.9
2015-04-16,3,3,4,2,4308,41,51,6.77,8.9
2015-04-16,3,3,6,3,3381,55,58,6.71,8.9
2015-04-16,3,3,3,4,3411,12,22,6.8,8.9
2015-04-16,3,3,5,5,4770,22,6,6.75,8.9
2015-04-16,3,3,2,6,3325,36,5,6.72,8.9
2015-04-16,3,5,3,1,4559,56,41,6.71,12.5
2015-04-16,3,5,2,2,4475,33,63,6.74,12.5
2015-04-16,3,5,4,3,4274,38,21,6.75,12.5
2015-04-16,3,5,1,4,3692,50,47,6.78,12.5
2015-04-16,3,5,5,5,3927,15,18,6.85,12.5
2015-04-16,3,5,6,6,4801,48,11,6.76,12.5
2015-04-16,3,6,1,1,4387,57,27,6.75,18.2
2015-04-16,3,6,4,2,4583,51,1,6.74,18.2
2015-04-16,3,6,3,3,3942,34,30,6.81,18.2
2015-04-16,3,6,5,4,4298,20,35,6.77,18.2
2015-04-16,3,6,6,5,4830,9,50,6.75,18.2
2015-04-16,3,6,2,6,3404,62,62,6.78,18.2
2015-04-16,3,8,1,1,4395,53,64,6.77,27.6
2015-04-16,3,8,2,2,4436,29,44,6.77,27.6
2015-04-16,3,8,3,3,3943,1,24,6.86,27.6
2015-04-16,3,8,4,4,3381,55,58,6.77,27.6
2015-04-16,3,8,5,5,3620,16,53,6.92,27.6
2015-04-16,3,8,6,6,4770,22,6,6.81,27.6
2015-04-16,3,10,3,1,4387,57,27,6.75,56.1
2015-04-16,3,10,1,2,4292,44,59,6.74,56.1
2015-04-16,3,10,2,3,3956,63,37,6.83,56.1
2015-04-16,3,10,4,4,4391,32,65,6.79,56.1
2015-04-16,3,10,6,5,4199,46,33,6.68,56.1
2015-04-16,3,10,5,6,3404,62,25,6.74,56.1
2015-04-16,3,11,1,1,3942,34,30,6.81,28.7
2015-04-16,3,11,3,2,3254,28,45,6.87,28.7
2015-04-16,3,11,2,3,4715,30,43,6.85,28.7
2015-04-16,3,11,5,4,4368,5,49,6.69,28.7
2015-04-16,3,11,6,5,4268,8,57,6.66,28.7
2015-04-16,3,11,4,6,4220,54,60,6.71,28.7
2015-04-16,3,12,1,1,4436,29,44,6.79,52.3
2015-04-16,3,12,5,2,4274,38,21,6.79,52.3
2015-04-16,3,12,2,3,3411,12,22,6.74,52.3
2015-04-16,3,12,6,4,3900,21,36,6.82,52.3
2015-04-16,3,12,3,5,4583,51,1,6.74,52.3
2015-04-16,3,12,4,6,3692,50,47,6.79,52.3
2015-04-17,4,1,1,1,4274,38,21,6.72,10.4
2015-04-17,4,1,2,2,3404,62,25,6.72,10.4
2015-04-17,4,1,3,3,4607,19,8,6.79,10.4
2015-04-17,4,1,5,4,3492,13,29,6.83,10.4
2015-04-17,4,1,4,5,3894,31,10,6.72,10.4
2015-04-17,4,1,6,6,4830,9,50,6.77,10.4
2015-04-17,4,2,4,1,3927,15,18,6.78,54.3
2015-04-17,4,2,1,2,3950,2,38,6.79,54.3
2015-04-17,4,2,2,3,3620,16,53,6.78,54.3
2015-04-17,4,2,3,4,3325,36,5,6.72,54.3
2015-04-17,4,2,5,5,4591,65,55,6.7,54.3
2015-04-17,4,2,6,6,4770,22,6,6.8,54.3
2015-04-17,4,3,2,1,4199,46,33,6.7,40.3
2015-04-17,4,3,1,2,4457,52,4,6.75,40.3
2015-04-17,4,3,3,3,3943,1,24,6.82,40.3
2015-04-17,4,3,6,4,3692,50,47,6.75,40.3
2015-04-17,4,3,4,5,3058,40,16,6.72,40.3
2015-04-17,4,3,5,6,4436,29,44,6.77,40.3
2015-04-17,4,4,1,1,4258,49,2,6.69,10.8
2015-04-17,4,4,3,2,4583,51,1,6.68,10.8
2015-04-17,4,4,2,3,4268,8,57,6.71,10.8
2015-04-17,4,4,4,4,3411,12,22,6.81,10.8
2015-04-17,4,4,6,5,4298,20,56,6.71,10.8
2015-04-17,4,4,5,6,4801,48,11,6.73,10.8
2015-04-17,4,5,1,1,4559,56,41,6.62,65.9
2015-04-17,4,5,6,2,4368,5,49,6.75,65.9
2015-04-17,4,5,5,3,4607,19,8,6.74,65.9
2015-04-17,4,5,3,4,3900,21,36,6.74,65.9
2015-04-17,4,5,4,5,3381,55,58,6.78,65.9
2015-04-17,4,5,2,6,3894,31,10,6.69,65.9
2015-04-17,4,6,1,1,4058,14,13,6.65,10.7
2015-04-17,4,6,2,2,3956,63,37,6.74,10.7
2015-04-17,4,6,6,3,4715,30,43,6.75,10.7
2015-04-17,4,6,3,4,4395,53,64,6.71,10.7
2015-04-17,4,6,4,5,3950,2,38,6.77,10.7
2015-04-17,4,6,5,6,4770,22,6,6.72,10.7
2015-04-17,4,7,1,1,4391,32,65,6.74,10.9
2015-04-17,4,7,6,2,4436,29,44,6.76,10.9
2015-04-17,4,7,5,3,3411,12,22,6.7,10.9
2015-04-17,4,7,2,4,3943,1,24,6.81,10.9
2015-04-17,4,7,3,5,3492,13,29,6.76,10.9
2015-04-17,4,7,4,6,4591,65,55,6.65,10.9
2015-04-17,4,8,1,1,4220,54,60,6.69,5.7
2015-04-17,4,8,2,2,4583,51,1,6.67,5.7
2015-04-17,4,8,3,3,4457,52,4,6.79,5.7
2015-04-17,4,8,4,4,3692,50,47,6.77,5.7
2015-04-17,4,8,6,5,4801,48,11,6.71,5.7
2015-04-17,4,8,5,6,3325,36,5,6.73,5.7
2015-04-17,4,9,3,1,3381,55,58,6.72,28.6
2015-04-17,4,9,1,2,3900,21,36,6.67,28.6
2015-04-17,4,9,5,3,3058,40,16,6.77,28.6
2015-04-17,4,9,6,4,4395,53,64,6.74,28.6
2015-04-17,4,9,4,5,4258,49,2,6.78,28.6
2015-04-17,4,9,2,6,3927,15,18,6.83,28.6
2015-04-17,4,10,2,1,4559,56,41,6.67,22.6
2015-04-17,4,10,3,2,4368,5,49,6.7,22.6
2015-04-17,4,10,6,3,4274,38,21,6.72,22.6
2015-04-17,4,10,4,4,4199,46,33,6.71,22.6
2015-04-17,4,10,1,5,4715,30,43,6.72,22.6
2015-04-17,4,10,5,6,3404,62,25,6.76,22.6
2015-04-17,4,11,1,1,3956,63,37,6.66,7.2
2015-04-17,4,11,3,2,4391,32,65,6.76,7.2
2015-04-17,4,11,2,3,4298,20,56,6.76,7.2
2015-04-17,4,11,5,4,4220,54,60,6.83,7.2
2015-04-17,4,11,6,5,4058,14,13,6.73,7.2
2015-04-17,4,11,4,6,4268,8,57,6.66,7.2
2015-04-17,4,12,2,1,3473,39,48,6.75,39.9
2015-04-17,4,12,3,2,4387,57,27,6.77,39.9
2015-04-17,4,12,1,3,3942,34,30,6.73,39.9
2015-04-17,4,12,5,4,3254,28,45,6.79,39.9
2015-04-17,4,12,6,5,4475,33,34,6.77,39.9
2015-04-17,4,12,4,6,4292,44,59,6.79,39.9
2015-04-20,1,1,1,1,3478,52,39,6.88,6.7
2015-04-20,1,1,2,2,4323,36,20,6.94,6.7
2015-04-20,1,1,4,3,3211,45,22,6.93,6.7
2015-04-20,1,1,5,4,4774,25,7,6.84,6.7
2015-04-20,1,1,6,5,3875,17,11,6.93,6.7
2015-04-20,1,1,3,6,3407,29,31,6.88,6.7
2015-04-20,1,2,4,1,4382,66,36,6.83,33.1
2015-04-20,1,2,3,2,4111,18,8,6.81,33.1
2015-04-20,1,2,1,3,3864,13,2,6.9,33.1
2015-04-20,1,2,6,4,2904,60,29,6.86,33.1
2015-04-20,1,2,5,5,4725,65,46,6.9,33.1
2015-04-20,1,2,2,6,4554,22,24,6.85,33.1
2015-04-20,1,3,5,1,3578,9,26,6.91,76.4
2015-04-20,1,3,4,2,4407,48,1,6.83,76.4
2015-04-20,1,3,1,3,3477,43,16,6.8,76.4
2015-04-20,1,3,3,4,3804,41,28,6.77,76.4
2015-04-20,1,3,6,5,4835,24,25,6.92,76.4
2015-04-20,1,3,2,6,3976,26,38,6.9,76.4
2015-04-20,1,4,1,1,3781,61,33,6.84,60.8
2015-04-20,1,4,2,2,3315,55,4,6.89,60.8
2015-04-20,1,4,3,3,3678,23,52,6.84,60.8
2015-04-20,1,4,5,4,3876,31,10,6.76,60.8
2015-04-20,1,4,4,5,3970,11,32,6.84,60.8
2015-04-20,1,4,6,6,4846,20,21,6.79,60.8
2015-04-20,1,5,1,1,4401,4,49,6.76,18.6
2015-04-20,1,5,4,2,4052,38,54,6.77,18.6
2015-04-20,1,5,2,3,4331,33,44,6.89,18.6
2015-04-20,1,5,6,4,4774,25,7,6.77,18.6
2015-04-20,1,5,3,5,3533,54,59,6.78,18.6
2015-04-20,1,5,5,6,3103,58,18,6.83,18.6
2015-04-20,1,6,3,1,4573,59,57,6.73,16.5
2015-04-20,1,6,1,2,3584,64,9,6.85,16.5
2015-04-20,1,6,4,3,4137,37,40,6.7,16.5
2015-04-20,1,6,5,4,3782,32,23,6.88,16.5
2015-04-20,1,6,2,5,4435,6,47,6.83,16.5
2015-04-20,1,6,6,6,4852,10,41,6.78,16.5
2015-04-20,1,7,4,1,2904,60,29,6.83,234.9
2015-04-20,1,7,1,2,4682,35,5,6.81,234.9
2015-04-20,1,7,2,3,3963,7,56,6.83,234.9
2015-04-20,1,7,5,4,4144,47,30,6.79,234.9
2015-04-20,1,7,6,5,4407,48,1,6.86,234.9
2015-04-20,1,7,3,6,4154,3,19,6.93,234.9
2015-04-20,1,8,1,1,3716,27,27,6.82,6.2
2015-04-20,1,8,4,2,3478,52,39,6.83,6.2
2015-04-20,1,8,2,3,3742,57,37,6.84,6.2
2015-04-20,1,8,3,4,3633,1,48,6.77,6.2
2015-04-20,1,8,6,5,4725,65,46,6.83,6.2
2015-04-20,1,8,5,6,3678,23,52,6.79,6.2
2015-04-20,1,9,1,1,4323,36,20,6.87,25.8
2015-04-20,1,9,3,2,3578,9,26,6.72,25.8
2015-04-20,1,9,2,3,4136,51,60,6.85,25.8
2015-04-20,1,9,4,4,3781,61,33,6.8,25.8
2015-04-20,1,9,6,5,4382,66,36,6.76,25.8
2015-04-20,1,9,5,6,3533,54,59,6.71,25.8
2015-04-20,1,10,1,1,4435,6,47,6.8,9.8
2015-04-20,1,10,3,2,4144,47,30,6.81,9.8
2015-04-20,1,10,2,3,3804,41,28,6.8,9.8
2015-04-20,1,10,4,4,4401,4,49,6.83,9.8
2015-04-20,1,10,5,5,3970,11,32,6.85,9.8
2015-04-20,1,10,6,6,3211,45,22,6.86,9.8
2015-04-20,1,11,5,1,3875,17,11,6.8,255.6
2015-04-20,1,11,4,2,3742,57,37,6.86,255.6
2015-04-20,1,11,1,3,4137,37,40,6.77,255.6
2015-04-20,1,11,6,4,4111,18,8,6.77,255.6
2015-04-20,1,11,3,5,3315,55,4,6.8,255.6
2015-04-20,1,11,2,6,4154,3,19,6.95,255.6
2015-04-21,2,1,1,1,3742,57,37,6.75,7.2
2015-04-21,2,1,4,2,4111,18,8,6.76,7.2
2015-04-21,2,1,5,3,4682,35,5,6.77,7.2
2015-04-21,2,1,3,4,2904,60,29,6.73,7.2
2015-04-21,2,1,2,5,3633,1,48,6.78,7.2
2015-04-21,2,1,6,6,3976,26,38,6.89,7.2
2015-04-21,2,2,1,1,3875,17,11,6.72,60.9
2015-04-21,2,2,2,2,3407,29,31,6.78,60.9
2015-04-21,2,2,5,3,4407,48,1,6.72,60.9
2015-04-21,2,2,4,4,3678,23,52,6.72,60.9
2015-04-21,2,2,3,5,4331,33,44,6.78,60.9
2015-04-21,2,2,6,6,3477,43,16,6.69,60.9
2015-04-21,2,3,1,1,3804,41,28,6.68,10.4
2015-04-21,2,3,4,2,3584,64,9,6.76,10.4
2015-04-21,2,3,5,3,3716,27,27,6.7,10.4
2015-04-21,2,3,6,4,4852,10,41,6.7,10.4
2015-04-21,2,3,2,5,3103,58,18,6.72,10.4
2015-04-21,2,3,3,6,4554,22,24,6.73,10.4
2015-04-21,2,4,1,1,3782,32,23,6.79,11.4
2015-04-21,2,4,3,2,4052,38,54,6.72,11.4
2015-04-21,2,4,2,3,3211,45,22,6.78,11.4
2015-04-21,2,4,6,4,4835,24,25,6.74,11.4
2015-04-21,2,4,5,5,4154,3,19,6.74,11.4
2015-04-21,2,4,4,6,4323,36,20,6.75,11.4
2015-04-21,2,5,1,1,4144,47,30,6.68,12.5
2015-04-21,2,5,3,2,4136,51,60,6.76,12.5
2015-04-21,2,5,5,3,3864,13,2,6.79,12.5
2015-04-21,2,5,2,4,4401,4,49,6.73,12.5
2015-04-21,2,5,6,5,4725,65,46,6.71,12.5
2015-04-21,2,5,4,6,3633,1,48,6.75,12.5
2015-04-21,2,6,1,1,4111,18,8,6.81,9.6
2015-04-21,2,6,2,2,4573,59,57,6.75,9.6
2015-04-21,2,6,3,3,3963,7,56,6.75,9.6
2015-04-21,2,6,5,4,4382,66,36,6.83,9.6
2015-04-21,2,6,6,5,3970,11,32,6.82,9.6
2015-04-21,2,6,4,6,3578,9,26,6.77,9.6
2015-04-21,2,7,2,1,4137,37,40,6.62,79.0
2015-04-21,2,7,3,2,3478,52,39,6.78,79.0
2015-04-21,2,7,5,3,3976,26,38,6.76,79.0
2015-04-21,2,7,4,4,4435,6,47,6.73,79.0
2015-04-21,2,7,1,5,4331,33,44,6.71,79.0
2015-04-21,2,7,6,6,4774,25,7,6.69,79.0
2015-04-21,2,8,1,1,3533,54,59,6.73,18.2
2015-04-21,2,8,3,2,3875,17,11,6.76,18.2
2015-04-21,2,8,2,3,3876,31,10,6.67,18.2
2015-04-21,2,8,6,4,4846,20,21,6.72,18.2
2015-04-21,2,8,4,5,4154,3,19,6.73,18.2
2015-04-21,2,8,5,6,4554,22,24,6.74,18.2
2015-04-21,2,9,1,1,3103,58,18,6.79,37.5
2015-04-21,2,9,3,2,3742,57,37,6.82,37.5
2015-04-21,2,9,2,3,4052,38,54,6.73,37.5
2015-04-21,2,9,5,4,4136,51,60,6.84,37.5
2015-04-21,2,9,4,5,3407,29,31,6.76,37.5
2015-04-21,2,9,6,6,3781,61,33,6.83,37.5
2015-04-21,2,10,4,1,4573,59,57,6.74,33.6
2015-04-21,2,10,3,2,3716,27,27,6.78,33.6
2015-04-21,2,10,1,3,3315,55,4,6.77,33.6
2015-04-21,2,10,5,4,4835,24,25,6.89,33.6
2015-04-21,2,10,2,5,3478,52,39,6.76,33.6
2015-04-21,2,10,6,6,3864,13,2,6.89,33.6
2015-04-21,2,12,1,1,3876,31,10,6.66,16.8
2015-04-21,2,12,2,2,3578,9,26,6.8,16.8
2015-04-21,2,12,4,3,4144,47,30,6.73,16.8
2015-04-21,2,12,3,4,4137,37,40,6.68,16.8
2015-04-21,2,12,5,5,3477,43,16,6.71,16.8
2015-04-21,2,12,6,6,3584,64,9,6.82,16.8
2015-04-22,3,1,2,1,4382,66,36,6.7,89.6
2015-04-22,3,1,1,2,4154,3,19,6.72,89.6
2015-04-22,3,1,5,3,3633,1,48,6.78,89.6
2015-04-22,3,1,4,4,4682,35,5,6.77,89.6
2015-04-22,3,1,6,5,4846,20,21,6.78,89.6
2015-04-22,3,1,3,6,3103,58,18,6.75,89.6
2015-04-22,3,2,1,1,3211,45,22,6.83,165.6
2015-04-22,3,2,4,2,4554,22,24,6.77,165.6
2015-04-22,3,2,5,3,3315,55,4,6.88,165.6
2015-04-22,3,2,3,4,3584,64,9,6.79,165.6
2015-04-22,3,2,2,5,3970,11,32,6.77,165.6
2015-04-22,3,2,6,6,4774,25,7,6.65,165.6
2015-04-22,3,3,4,1,3533,54,59,6.73,58.7
2015-04-22,3,3,3,2,3477,43,16,6.71,58.7
2015-04-22,3,3,5,3,4852,10,41,6.72,58.7
2015-04-22,3,3,6,4,4331,33,44,6.8,58.7
2015-04-22,3,3,1,5,3976,26,38,6.81,58.7
2015-04-22,3,3,2,6,3864,13,2,6.86,58.7
2015-04-22,3,4,3,1,3876,31,10,6.69,28.8
2015-04-22,3,4,1,2,4407,48,1,6.76,28.8
2015-04-22,3,4,6,3,3804,41,28,6.71,28.8
2015-04-22,3,4,4,4,4144,47,30,6.75,28.8
2015-04-22,3,4,2,5,3678,23,52,6.71,28.8
2015-04-22,3,4,5,6,4323,36,20,6.72,28.8
2015-04-22,3,5,2,1,3875,17,11,6.72,87.3
2015-04-22,3,5,1,2,3578,9,26,6.72,87.3
2015-04-22,3,5,4,3,3782,32,23,6.83,87.3
2015-04-22,3,5,5,4,3478,52,39,6.81,87.3
2015-04-22,3,5,3,5,4137,37,40,6.71,87.3
2015-04-22,3,5,6,6,3103,58,18,6.76,87.3
2015-04-22,3,6,2,1,4111,18,8,6.69,12.7
2015-04-22,3,6,3,2,3716,27,27,6.66,12.7
2015-04-22,3,6,5,3,4401,4,49,6.75,12.7
2015-04-22,3,6,4,4,4154,3,19,6.73,12.7
2015-04-22,3,6,1,5,3970,11,32,6.72,12.7
2015-04-22,3,6,6,6,4835,24,25,6.74,12.7
2015-04-22,3,7,1,1,4382,66,36,6.71,15.9
2015-04-22,3,7,4,2,4573,59,57,6.71,15.9
2015-04-22,3,7,3,3,4136,51,60,6.79,15.9
2015-04-22,3,7,2,4,3584,64,9,6.83,15.9
2015-04-22,3,7,5,5,3742,57,37,6.72,15.9
2015-04-22,3,7,6,6,4725,65,46,6.77,15.9
2015-04-22,3,8,1,1,4052,38,54,6.71,11.8
2015-04-22,3,8,3,2,3211,45,22,6.79,11.8
2015-04-22,3,8,2,3,4144,47,30,6.69,11.8
2015-04-22,3,8,4,4,4435,6,47,6.76,11.8
2015-04-22,3,8,5,5,4846,20,21,6.75,11.8
2015-04-22,3,8,6,6,4852,10,41,6.69,11.8
2015-04-22,3,9,2,1,3533,54,59,6.76,66.5
2015-04-22,3,9,3,2,3578,9,26,6.77,66.5
2015-04-22,3,9,1,3,2904,60,29,6.72,66.5
2015-04-22,3,9,6,4,3963,7,56,6.75,66.5
2015-04-22,3,9,4,5,3876,31,10,6.66,66.5
2015-04-22,3,9,5,6,3407,29,31,6.83,66.5
2015-04-22,3,10,5,1,4137,37,40,6.69,32.4
2015-04-22,3,10,1,2,4573,59,57,6.69,32.4
2015-04-22,3,10,4,3,4401,4,49,6.68,32.4
2015-04-22,3,10,6,4,4323,36,20,6.72,32.4
2015-04-22,3,10,2,5,3477,43,16,6.63,32.4
2015-04-22,3,10,3,6,3781,61,33,6.75,32.4
2015-04-22,3,12,1,1,3716,27,27,6.78,55.1
2015-04-22,3,12,2,2,4407,48,1,6.8,55.1
2015-04-22,3,12,6,3,3782,32,23,6.8,55.1
2015-04-22,3,12,4,4,3742,57,37,6.76,55.1
2015-04-22,3,12,5,5,4331,33,44,6.77,55.1
2015-04-22,3,12,3,6,4052,38,54,6.7,55.1
2015-04-23,4,1,1,1,3478,52,39,6.75,39.6
2015-04-23,4,1,4,2,3976,26,38,6.76,39.6
2015-04-23,4,1,6,3,3678,23,52,6.76,39.6
2015-04-23,4,1,5,4,4725,65,46,6.75,39.6
2015-04-23,4,1,2,5,3103,58,18,6.74,39.6
2015-04-23,4,1,3,6,3781,61,33,6.72,39.6
2015-04-23,4,2,3,1,3864,13,2,6.84,86.3
2015-04-23,4,2,5,2,4331,33,44,6.69,86.3
2015-04-23,4,2,2,3,3970,11,32,6.71,86.3
2015-04-23,4,2,6,4,4852,10,41,6.69,86.3
2015-04-23,4,2,4,5,4554,22,24,6.68,86.3
2015-04-23,4,2,1,6,3407,29,31,6.71,86.3
2015-04-23,4,3,3,1,4323,36,20,6.78,51.4
2015-04-23,4,3,2,2,2904,60,29,6.63,51.4
2015-04-23,4,3,5,3,4111,18,8,6.82,51.4
2015-04-23,4,3,4,4,3584,64,9,6.76,51.4
2015-04-23,4,3,1,5,3633,1,48,6.68,51.4
2015-04-23,4,3,6,6,4846,20,21,6.71,51.4
2015-04-23,4,4,4,1,4382,66,36,6.68,169.0
2015-04-23,4,4,3,2,3782,32,23,6.76,169.0
2015-04-23,4,4,5,3,4774,25,7,6.65,169.0
2015-04-23,4,4,1,4,3533,54,59,6.7,169.0
2015-04-23,4,4,2,5,3211,45,22,6.74,169.0
2015-04-23,4,4,6,6,4835,24,25,6.71,169.0
2015-04-23,4,5,1,1,3742,57,37,6.68,6.6
2015-04-23,4,5,4,2,4573,59,57,6.66,6.6
2015-04-23,4,5,2,3,4144,47,30,6.71,6.6
2015-04-23,4,5,5,4,3875,17,11,6.69,6.6
2015-04-23,4,5,3,5,3678,23,52,6.73,6.6
2015-04-23,4,5,6,6,4682,35,5,6.69,6.6
2015-04-23,4,6,2,1,3804,41,28,6.69,23.7
2015-04-23,4,6,1,2,4052,38,54,6.73,23.7
2015-04-23,4,6,4,3,3578,9,26,6.75,23.7
2015-04-23,4,6,3,4,3976,26,38,6.81,23.7
2015-04-23,4,6,6,5,4725,65,46,6.68,23.7
2015-04-23,4,6,5,6,4852,10,41,6.75,23.7
2015-04-23,4,7,1,1,3876,31,10,6.69,4.0
2015-04-23,4,7,2,2,4407,48,1,6.77,4.0
2015-04-23,4,7,6,3,4136,51,60,6.73,4.0
2015-04-23,4,7,3,4,3633,1,48,6.72,4.0
2015-04-23,4,7,4,5,3864,13,2,6.78,4.0
2015-04-23,4,7,5,6,4846,20,21,6.74,4.0
2015-04-23,4,8,1,1,4137,37,40,6.72,75.5
2015-04-23,4,8,6,2,4774,25,7,6.69,75.5
2015-04-23,4,8,4,3,3716,27,27,6.77,75.5
2015-04-23,4,8,3,4,3407,29,31,6.79,75.5
2015-04-23,4,8,5,5,4554,22,24,6.79,75.5
2015-04-23,4,8,2,6,4154,3,19,6.79,75.5
2015-04-23,4,9,2,1,3782,32,23,6.81,44.0
2015-04-23,4,9,1,2,3875,17,11,6.72,44.0
2015-04-23,4,9,5,3,3804,41,28,6.72,44.0
2015-04-23,4,9,4,4,3533,54,59,6.7,44.0
2015-04-23,4,9,3,5,3578,9,26,6.83,44.0
2015-04-23,4,9,6,6,2904,60,29,6.73,44.0
2015-04-23,4,10,1,1,4111,18,8,6.73,46.5
2015-04-23,4,10,2,2,4052,38,54,6.67,46.5
2015-04-23,4,10,6,3,3211,45,22,6.72,46.5
2015-04-23,4,10,3,4,4382,66,36,6.67,46.5
2015-04-23,4,10,4,5,3742,57,37,6.73,46.5
2015-04-23,4,10,5,6,3478,52,39,6.73,46.5
2015-04-23,4,11,1,1,4573,59,57,6.68,12.4
2015-04-23,4,11,2,2,3716,27,27,6.72,12.4
2015-04-23,4,11,4,3,4137,37,40,6.71,12.4
2015-04-23,4,11,6,4,4407,48,1,6.71,12.4
2015-04-23,4,11,5,5,4144,47,30,6.68,12.4
2015-04-23,4,11,3,6,3876,31,10,6.7,12.4
2015-04-23,4,12,1,1,4401,4,49,6.7,17.5
2015-04-23,4,12,4,2,3477,43,16,6.72,17.5
2015-04-23,4,12,3,3,3315,55,4,6.75,17.5
2015-04-23,4,12,6,4,3963,7,56,6.75,17.5
2015-04-23,4,12,5,5,4835,24,25,6.75,17.5
2015-04-23,4,12,2,6,3781,61,33,6.74,17.5
2015-04-24,5,1,2,1,3477,43,16,6.75,41.1
2015-04-24,5,1,1,2,3578,9,26,6.78,41.1
2015-04-24,5,1,4,3,3781,61,33,6.78,41.1
2015-04-24,5,1,5,4,3103,58,18,6.79,41.1
2015-04-24,5,1,3,5,3633,1,48,6.8,41.1
2015-04-24,5,1,6,6,4774,25,7,6.7,41.1
2015-04-24,5,2,2,1,4331,33,44,6.82,184.8
2015-04-24,5,2,5,2,4725,65,46,6.7,184.8
2015-04-24,5,2,6,3,4846,20,21,6.8,184.8
2015-04-24,5,2,4,4,3976,26,38,6.84,184.8
2015-04-24,5,2,3,5,3407,29,31,6.79,184.8
2015-04-24,5,2,1,6,4554,22,24,6.76,184.8
2015-04-24,5,3,1,1,3678,23,52,6.76,12.0
2015-04-24,5,3,2,2,4407,48,1,6.82,12.0
2015-04-24,5,3,3,3,3315,55,4,6.82,12.0
2015-04-24,5,3,5,4,4852,10,41,6.68,12.0
2015-04-24,5,3,4,5,3864,13,2,6.84,12.0
2015-04-24,5,3,6,6,4835,24,25,6.82,12.0
2015-04-24,5,4,1,1,2904,60,29,6.68,33.2
2015-04-24,5,4,5,2,4401,4,49,6.72,33.2
2015-04-24,5,4,2,3,4382,66,36,6.7,33.2
2015-04-24,5,4,3,4,3970,11,32,6.76,33.2
2015-04-24,5,4,6,5,4682,35,5,6.75,33.2
2015-04-24,5,4,4,6,3584,64,9,6.72,33.2
2015-04-24,5,5,1,1,3876,31,10,6.72,5.0
2015-04-24,5,5,3,2,3533,54,59,6.72,5.0
2015-04-24,5,5,2,3,4323,36,20,6.78,5.0
2015-04-24,5,5,5,4,3781,61,33,6.7,5.0
2015-04-24,5,5,4,5,4154,3,19,6.73,5.0
2015-04-24,5,5,6,6,3633,1,48,6.8,5.0
2015-04-24,5,6,1,1,4144,47,30,6.75,4.8
2015-04-24,5,6,3,2,3804,41,28,6.73,4.8
2015-04-24,5,6,4,3,3477,43,16,6.72,4.8
2015-04-24,5,6,6,4,4725,65,46,6.8,4.8
2015-04-24,5,6,5,5,3211,45,22,6.8,4.8
2015-04-24,5,6,2,6,4554,22,24,6.78,4.8
2015-04-24,5,7,1,1,3742,57,37,6.74,11.4
2015-04-24,5,7,6,2,3963,7,64,6.73,11.4
2015-04-24,5,7,4,3,3678,23,52,6.77,11.4
2015-04-24,5,7,5,4,3407,29,31,6.74,11.4
2015-04-24,5,7,3,5,3103,58,18,6.74,11.4
2015-04-24,5,7,2,6,3864,13,2,6.87,11.4
2015-04-24,5,8,1,1,3478,52,39,6.75,18.0
2015-04-24,5,8,2,2,4137,37,40,6.66,18.0
2015-04-24,5,8,5,3,3970,11,32,6.76,18.0
2015-04-24,5,8,6,4,4852,10,41,6.69,18.0
2015-04-24,5,8,4,5,4401,4,49,6.7,18.0
2015-04-24,5,8,3,6,3976,26,38,6.81,18.0
2015-04-24,5,9,3,1,4323,36,20,6.79,58.7
2015-04-24,5,9,1,2,4154,3,19,6.8,58.7
2015-04-24,5,9,2,3,3315,55,4,6.86,58.7
2015-04-24,5,9,6,4,4136,51,60,6.84,58.7
2015-04-24,5,9,4,5,4331,33,44,6.75,58.7
2015-04-24,5,9,5,6,3584,64,9,6.81,58.7
2015-04-24,5,10,1,1,3211,45,22,6.8,20.9
2015-04-24,5,10,4,2,3742,57,37,6.79,20.9
2015-04-24,5,10,5,3,3876,31,10,6.68,20.9
2015-04-24,5,10,3,4,4407,48,1,6.77,20.9
2015-04-24,5,10,6,5,2904,60,29,6.62,20.9
2015-04-24,5,10,2,6,3533,54,59,6.7,20.9
2015-04-24,5,11,1,1,4137,37,40,6.7,9.0
2015-04-24,5,11,2,2,3804,41,28,6.73,9.0
2015-04-24,5,11,3,3,4382,66,36,6.7,9.0
2015-04-24,5,11,6,4,3478,52,39,6.72,9.0
2015-04-24,5,11,4,5,3578,9,26,6.74,9.0
2015-04-24,5,11,5,6,4144,47,30,6.8,9.0
2015-04-24,5,12,1,1,4573,59,57,6.7,17.0
2015-04-24,5,12,3,2,3782,32,23,6.83,17.0
2015-04-24,5,12,6,3,3716,27,27,6.71,17.0
2015-04-24,5,12,2,4,4111,18,8,6.81,17.0
2015-04-24,5,12,5,5,4052,38,54,6.7,17.0
2015-04-24,5,12,4,6,3875,17,11,6.81,17.0
2015-04-29,1,1,1,1,4359,8,39,6.66,13.5
2015-04-29,1,1,4,2,4529,60,66,6.73,13.5
2015-04-29,1,1,2,3,3401,24,53,6.75,13.5
2015-04-29,1,1,3,4,2887,29,9,6.71,13.5
2015-04-29,1,1,5,5,4010,21,14,6.8,13.5
2015-04-29,1,1,6,6,4437,56,30,6.74,13.5
2015-04-29,1,2,6,1,3710,63,64,6.64,16.8
2015-04-29,1,2,5,2,4643,55,15,6.81,16.8
2015-04-29,1,2,1,3,4348,50,25,6.78,16.8
2015-04-29,1,2,2,4,3166,40,51,6.81,16.8
2015-04-29,1,2,3,5,2698,62,20,6.76,16.8
2015-04-29,1,2,4,6,4185,28,55,6.72,16.8
2015-04-29,1,3,6,1,4812,19,54,6.77,1086.3
2015-04-29,1,3,2,2,3064,59,61,6.75,1086.3
2015-04-29,1,3,5,3,3975,57,8,6.74,1086.3
2015-04-29,1,3,3,4,3907,48,58,6.77,1086.3
2015-04-29,1,3,4,5,4732,23,63,6.71,1086.3
2015-04-29,1,3,1,6,3832,36,17,6.77,1086.3
2015-04-29,1,4,5,1,3955,33,33,6.8,125.6
2015-04-29,1,4,2,2,4685,1,24,6.72,125.6
2015-04-29,1,4,3,3,4739,49,60,6.77,125.6
2015-04-29,1,4,6,4,4459,13,50,6.73,125.6
2015-04-29,1,4,1,5,4020,2,2,6.8,125.6
2015-04-29,1,4,4,6,4772,25,19,6.76,125.6
2015-04-29,1,6,2,1,3333,15,36,6.83,30.2
2015-04-29,1,6,1,2,3750,20,49,6.84,30.2
2015-04-29,1,6,4,3,4511,51,62,6.81,30.2
2015-04-29,1,6,6,4,4571,34,13,6.77,30.2
2015-04-29,1,6,5,5,4437,56,30,6.85,30.2
2015-04-29,1,6,3,6,3701,6,47,6.91,30.2
2015-04-29,1,7,1,1,3064,59,61,6.82,40.0
2015-04-29,1,7,2,2,4636,53,34,6.86,40.0
2015-04-29,1,7,3,3,3234,39,52,6.84,40.0
2015-04-29,1,7,4,4,3442,16,26,6.92,40.0
2015-04-29,1,7,5,5,3710,63,64,6.83,40.0
2015-04-29,1,7,6,6,4776,38,32,6.86,40.0
2015-04-29,1,8,1,1,3401,24,53,6.75,15.7
2015-04-29,1,8,3,2,3753,44,37,6.84,15.7
2015-04-29,1,8,5,3,4459,13,50,6.85,15.7
2015-04-29,1,8,2,4,3884,65,31,6.81,15.7
2015-04-29,1,8,6,5,4821,11,27,6.79,15.7
2015-04-29,1,8,4,6,3907,48,58,6.75,15.7
2015-04-29,1,9,1,1,4685,1,24,6.77,11.9
2015-04-29,1,9,3,2,3553,46,18,6.73,11.9
2015-04-29,1,9,6,3,3975,57,8,6.78,11.9
2015-04-29,1,9,4,4,4260,35,23,6.8,11.9
2015-04-29,1,9,5,5,3137,58,57,6.82,11.9
2015-04-29,1,9,2,6,3456,52,65,6.76,11.9
2015-04-29,1,11,6,1,4643,55,15,6.76,141.4
2015-04-29,1,11,5,2,4571,34,13,6.78,141.4
2015-04-29,1,11,1,3,3442,16,26,6.82,141.4
2015-04-29,1,11,3,4,3832,36,17,6.73,141.4
2015-04-29,1,11,2,5,4116,64,4,6.76,141.4
2015-04-29,1,11,4,6,4020,2,2,6.74,141.4
2015-04-29,1,12,1,1,3908,45,40,6.79,9.1
2015-04-29,1,12,2,2,3541,32,59,6.79,9.1
2015-04-29,1,12,4,3,3568,9,48,6.73,9.1
2015-04-29,1,12,3,4,3849,14,22,6.77,9.1
2015-04-29,1,12,5,5,3543,66,10,6.75,9.1
2015-04-29,1,12,6,6,3837,10,45,6.76,9.1
2015-04-30,2,1,1,1,4437,56,30,6.78,36.1
2015-04-30,2,1,3,2,3884,65,31,6.77,36.1
2015-04-30,2,1,6,3,3750,20,49,6.73,36.1
2015-04-30,2,1,4,4,3753,44,37,6.74,36.1
2015-04-30,2,1,5,5,4185,28,55,6.78,36.1
2015-04-30,2,1,2,6,4010,21,14,6.86,36.1
2015-04-30,2,2,4,1,3553,46,18,6.71,466.7
2015-04-30,2,2,5,2,4812,19,54,6.72,466.7
2015-04-30,2,2,2,3,3137,58,57,6.82,466.7
2015-04-30,2,2,3,4,4348,50,25,6.76,466.7
2015-04-30,2,2,6,5,4359,8,39,6.68,466.7
2015-04-30,2,2,1,6,4511,51,62,6.78,466.7
2015-04-30,2,3,2,1,4772,25,19,6.72,146.5
2015-04-30,2,3,4,2,4739,49,60,6.73,146.5
2015-04-30,2,3,1,3,2698,62,20,6.73,146.5
2015-04-30,2,3,5,4,3568,9,48,6.73,146.5
2015-04-30,2,3,6,5,3234,39,52,6.83,146.5
2015-04-30,2,3,3,6,3166,40,51,6.77,146.5
2015-04-30,2,4,5,1,3849,14,22,6.71,18.8
2015-04-30,2,4,4,2,3401,24,53,6.77,18.8
2015-04-30,2,4,3,3,3456,52,65,6.74,18.8
2015-04-30,2,4,1,4,2887,29,9,6.75,18.8
2015-04-30,2,4,6,5,4821,11,27,6.74,18.8
2015-04-30,2,4,2,6,4732,23,63,6.76,18.8
2015-04-30,2,5,1,1,3975,57,8,6.75,4.7
2015-04-30,2,5,3,2,3541,32,59,6.77,4.7
2015-04-30,2,5,2,3,3837,10,45,6.83,4.7
2015-04-30,2,5,5,4,4636,53,34,6.79,4.7
2015-04-30,2,5,4,5,3701,6,47,6.9,4.7
2015-04-30,2,5,6,6,4776,38,32,6.78,4.7
2015-04-30,2,6,3,1,3543,66,10,6.75,82.1
2015-04-30,2,6,1,2,4529,60,66,6.77,82.1
2015-04-30,2,6,6,3,3832,36,17,6.88,82.1
2015-04-30,2,6,2,4,4643,55,15,6.76,82.1
2015-04-30,2,6,5,5,3064,59,61,6.75,82.1
2015-04-30,2,6,4,6,3910,22,28,6.85,82.1
2015-04-30,2,7,5,1,3908,45,40,6.77,8.9
2015-04-30,2,7,1,2,3553,46,18,6.73,8.9
2015-04-30,2,7,2,3,4571,34,13,6.72,8.9
2015-04-30,2,7,4,4,2698,62,20,6.71,8.9
2015-04-30,2,7,3,5,4010,21,14,6.77,8.9
2015-04-30,2,7,6,6,4116,64,4,6.7,8.9
2015-04-30,2,8,4,1,3849,14,22,6.76,44.0
2015-04-30,2,8,1,2,3955,33,33,6.75,44.0
2015-04-30,2,8,3,3,4020,2,2,6.74,44.0
2015-04-30,2,8,2,4,3442,16,26,6.83,44.0
2015-04-30,2,8,5,5,4691,5,7,6.78,44.0
2015-04-30,2,8,6,6,4812,19,54,6.72,44.0
2015-04-30,2,9,1,1,3710,63,64,6.73,54.2
2015-04-30,2,9,4,2,2887,29,9,6.74,54.2
2015-04-30,2,9,5,3,3907,48,58,6.77,54.2
2015-04-30,2,9,3,4,3568,9,48,6.78,54.2
2015-04-30,2,9,6,5,3701,6,47,6.84,54.2
2015-04-30,2,9,2,6,4309,12,38,6.78,54.2
2015-04-30,2,10,1,1,3543,66,10,6.75,16.3
2015-04-30,2,10,2,2,4260,35,23,6.83,16.3
2015-04-30,2,10,4,3,3234,39,52,6.84,16.3
2015-04-30,2,10,5,4,4390,30,35,6.7,16.3
2015-04-30,2,10,6,5,4685,1,24,6.8,16.3
2015-04-30,2,10,3,6,4511,51,62,6.75,16.3
2015-04-30,2,11,1,1,3837,10,45,6.7,6.4
2015-04-30,2,11,4,2,3333,15,36,6.69,6.4
2015-04-30,2,11,2,3,4452,17,43,6.84,6.4
2015-04-30,2,11,3,4,4529,60,66,6.75,6.4
2015-04-30,2,11,6,5,3753,44,37,6.81,6.4
2015-04-30,2,11,5,6,3456,52,65,6.79,6.4
2015-04-30,2,12,2,1,4459,13,50,6.8,46.2
2015-04-30,2,12,1,2,3541,32,59,6.7,46.2
2015-04-30,2,12,3,3,3908,45,40,6.73,46.2
2015-04-30,2,12,5,4,4739,49,60,6.74,46.2
2015-04-30,2,12,4,5,3750,20,49,6.79,46.2
2015-04-30,2,12,6,6,3910,22,28,6.72,46.2
2015-05-01,3,1,1,1,4452,17,43,6.83,13.5
2015-05-01,3,1,4,2,3456,52,65,6.81,13.5
2015-05-01,3,1,2,3,4390,30,35,6.81,13.5
2015-05-01,3,1,5,4,4776,38,32,6.79,13.5
2015-05-01,3,1,6,5,2887,29,9,6.76,13.5
2015-05-01,3,1,3,6,4185,28,55,6.81,13.5
2015-05-01,3,2,5,1,4116,64,4,6.75,133.5
2015-05-01,3,2,2,2,3907,48,58,6.77,133.5
2015-05-01,3,2,6,3,2698,62,20,6.75,133.5
2015-05-01,3,2,3,4,4732,23,63,6.78,133.5
2015-05-01,3,2,1,5,3701,6,47,6.77,133.5
2015-05-01,3,2,4,6,3137,58,57,6.72,133.5
2015-05-01,3,3,6,1,4511,51,62,6.79,1144.3
2015-05-01,3,3,2,2,4437,56,30,6.78,1144.3
2015-05-01,3,3,3,3,4691,5,7,6.8,1144.3
2015-05-01,3,3,1,4,3910,22,28,6.79,1144.3
2015-05-01,3,3,5,5,3541,32,59,6.8,1144.3
2015-05-01,3,3,4,6,3166,40,51,6.78,1144.3
2015-05-01,3,4,4,1,4309,12,38,6.77,510.5
2015-05-01,3,4,1,2,3234,39,52,6.81,510.5
2015-05-01,3,4,6,3,3064,59,61,6.74,510.5
2015-05-01,3,4,5,4,3884,65,31,6.72,510.5
2015-05-01,3,4,2,5,3543,66,10,6.75,510.5
2015-05-01,3,4,3,6,4772,25,19,6.7,510.5
2015-05-01,3,5,1,1,4571,34,13,6.73,5.4
2015-05-01,3,5,3,2,3908,45,40,6.77,5.4
2015-05-01,3,5,4,3,3837,10,45,6.84,5.4
2015-05-01,3,5,6,4,4348,50,25,6.78,5.4
2015-05-01,3,5,2,5,4185,28,55,6.78,5.4
2015-05-01,3,5,5,6,4821,11,27,6.78,5.4
2015-05-01,3,6,1,1,4459,13,50,6.8,4.7
2015-05-01,3,6,2,2,3849,14,22,6.87,4.7
2015-05-01,3,6,5,3,3333,15,36,6.78,4.7
2015-05-01,3,6,6,4,3553,46,18,6.78,4.7
2015-05-01,3,6,4,5,4010,21,14,6.84,4.7
2015-05-01,3,6,3,6,4636,53,34,6.83,4.7
2015-05-01,3,7,4,1,3832,36,17,6.83,84.4
2015-05-01,3,7,5,2,4359,8,39,6.77,84.4
2015-05-01,3,7,1,3,3753,44,37,6.78,84.4
2015-05-01,3,7,6,4,3401,24,53,6.81,84.4
2015-05-01,3,7,2,5,3568,9,48,6.82,84.4
2015-05-01,3,7,3,6,3750,20,49,6.83,84.4
2015-05-01,3,8,1,1,4260,35,23,6.75,20.6
2015-05-01,3,8,2,2,3975,57,8,6.76,20.6
2015-05-01,3,8,3,3,3137,58,57,6.82,20.6
2015-05-01,3,8,5,4,3166,40,51,6.81,20.6
2015-05-01,3,8,4,5,3543,66,10,6.74,20.6
2015-05-01,3,8,6,6,4776,38,32,6.82,20.6
2015-05-01,3,9,1,1,4643,55,15,6.77,10.5
2015-05-01,3,9,2,2,4739,49,60,6.74,10.5
2015-05-01,3,9,3,3,3837,10,45,6.77,10.5
2015-05-01,3,9,6,4,4812,19,54,6.78,10.5
2015-05-01,3,9,4,5,3884,65,31,6.78,10.5
2015-05-01,3,9,5,6,3442,16,26,6.94,10.5
2015-05-01,3,10,1,1,3907,48,58,6.74,35.4
2015-05-01,3,10,2,2,3710,63,64,6.8,35.4
2015-05-01,3,10,4,3,4636,53,34,6.8,35.4
2015-05-01,3,10,6,4,4529,60,66,6.72,35.4
2015-05-01,3,10,3,5,3541,32,59,6.72,35.4
2015-05-01,3,10,5,6,4772,25,19,6.73,35.4
2015-05-01,3,11,4,1,4685,1,24,6.79,114.8
2015-05-01,3,11,2,2,3908,45,40,6.76,114.8
2015-05-01,3,11,6,3,4020,2,2,6.79,114.8
2015-05-01,3,11,5,4,4309,12,38,6.84,114.8
2015-05-01,3,11,3,5,4390,30,35,6.82,114.8
2015-05-01,3,11,1,6,3849,14,22,6.76,114.8
2015-05-01,3,12,1,1,3568,9,48,6.76,5.7
2015-05-01,3,12,3,2,3333,15,36,6.74,5.7
2015-05-01,3,12,2,3,3955,33,33,6.74,5.7
2015-05-01,3,12,4,4,4691,5,7,6.75,5.7
2015-05-01,3,12,5,5,4732,23,63,6.73,5.7
2015-05-01,3,12,6,6,4821,11,27,6.79,5.7
2015-05-02,4,1,1,1,4010,21,14,6.7,16.5
2015-05-02,4,1,2,2,2698,62,20,6.73,16.5
2015-05-02,4,1,3,3,4020,2,2,6.7,16.5
2015-05-02,4,1,6,4,4691,5,7,6.72,16.5
2015-05-02,4,1,5,5,2887,29,9,6.73,16.5
2015-05-02,4,1,4,6,3750,20,49,6.71,16.5
2015-05-02,4,2,1,1,3456,52,65,6.73,14.0
2015-05-02,4,2,5,2,3832,36,17,6.79,14.0
2015-05-02,4,2,4,3,3753,44,37,6.76,14.0
2015-05-02,4,2,3,4,3884,65,31,6.76,14.0
2015-05-02,4,2,6,5,4821,11,27,6.76,14.0
2015-05-02,4,2,2,6,3701,6,47,6.78,14.0
2015-05-02,4,3,3,1,4348,50,25,6.73,21.4
2015-05-02,4,3,1,2,3166,40,51,6.76,21.4
2015-05-02,4,3,4,3,4636,53,34,6.73,21.4
2015-05-02,4,3,2,4,4309,12,38,6.75,21.4
2015-05-02,4,3,5,5,3910,22,28,6.78,21.4
2015-05-02,4,3,6,6,4776,38,32,6.76,21.4
2015-05-02,4,4,3,1,4390,30,35,6.71,361.0
2015-05-02,4,4,6,2,4772,25,19,6.73,361.0
2015-05-02,4,4,2,3,4010,21,14,6.8,361.0
2015-05-02,4,4,1,4,3137,58,57,6.68,361.0
2015-05-02,4,4,5,5,4116,64,4,6.69,361.0
2015-05-02,4,4,4,6,4511,51,62,6.75,361.0
2015-05-02,4,5,1,1,3884,65,31,6.83,45.7
2015-05-02,4,5,4,2,3234,39,52,6.76,45.7
2015-05-02,4,5,2,3,3442,16,26,6.91,45.7
2015-05-02,4,5,3,4,2698,62,20,6.77,45.7
2015-05-02,4,5,6,5,4732,23,63,6.74,45.7
2015-05-02,4,5,5,6,4020,2,2,6.87,45.7
2015-05-02,4,6,5,1,4348,50,25,6.74,64.0
2015-05-02,4,6,1,2,4185,28,55,6.69,64.0
2015-05-02,4,6,6,3,4437,56,30,6.74,64.0
2015-05-02,4,6,4,4,3701,6,47,6.81,64.0
2015-05-02,4,6,2,5,3753,44,37,6.73,64.0
2015-05-02,4,6,3,6,2887,29,9,6.7,64.0
2015-05-02,4,7,1,1,4309,12,38,6.78,20.8
2015-05-02,4,7,3,2,3832,36,17,6.81,20.8
2015-05-02,4,7,6,3,4390,30,35,6.84,20.8
2015-05-02,4,7,4,4,4691,5,7,6.82,20.8
2015-05-02,4,7,2,5,3456,52,65,6.8,20.8
2015-05-02,4,7,5,6,3750,20,49,6.82,20.8
2015-05-02,4,8,1,1,3955,33,33,6.73,107.8
2015-05-02,4,8,3,2,3401,24,53,6.79,107.8
2015-05-02,4,8,6,3,4529,60,66,6.69,107.8
2015-05-02,4,8,4,4,3837,10,45,6.69,107.8
2015-05-02,4,8,5,5,3541,32,59,6.69,107.8
2015-05-02,4,8,2,6,4685,1,24,6.74,107.8
2015-05-02,4,10,4,1,3064,59,61,6.76,511.5
2015-05-02,4,10,3,2,3849,14,22,6.82,511.5
2015-05-02,4,10,5,3,3543,66,10,6.73,511.5
2015-05-02,4,10,1,4,3333,15,36,6.76,511.5
2015-05-02,4,10,2,5,4459,13,50,6.74,511.5
2015-05-02,4,10,6,6,3568,9,48,6.78,511.5
2015-05-02,4,11,1,1,3908,45,40,6.79,13.9
2015-05-02,4,11,3,2,3975,57,8,6.78,13.9
2015-05-02,4,11,5,3,4739,49,60,6.76,13.9
2015-05-02,4,11,4,4,4260,35,23,6.78,13.9
2015-05-02,4,11,2,5,3553,46,18,6.76,13.9
2015-05-02,4,11,6,6,4812,19,54,6.87,13.9
2015-05-02,4,12,3,1,4437,56,30,6.8,59.7
2015-05-02,4,12,1,2,3442,16,26,6.82,59.7
2015-05-02,4,12,5,3,4511,51,62,6.88,59.7
2015-05-02,4,12,2,4,3234,39,52,6.78,59.7
2015-05-02,4,12,6,5,4636,53,34,6.79,59.7
2015-05-02,4,12,4,6,4116,64,4,6.74,59.7
2015-05-03,5,1,4,1,4390,30,35,6.79,69.4
2015-05-03,5,1,1,2,4437,56,30,6.81,69.4
2015-05-03,5,1,6,3,4185,28,55,6.72,69.4
2015-05-03,5,1,3,4,4020,2,2,6.74,69.4
2015-05-03,5,1,2,5,4772,25,19,6.73,69.4
2015-05-03,5,1,5,6,3166,40,51,6.76,69.4
2015-05-03,5,2,1,1,4732,23,63,6.8,24.3
2015-05-03,5,2,3,2,2887,29,9,6.73,24.3
2015-05-03,5,2,4,3,3137,58,57,6.8,24.3
2015-05-03,5,2,6,4,3884,65,31,6.8,24.3
2015-05-03,5,2,2,5,3910,22,28,6.82,24.3
2015-05-03,5,2,5,6,3456,52,65,6.82,24.3
2015-05-03,5,3,3,1,4348,50,25,6.77,32.8
2015-05-03,5,3,4,2,3832,36,17,6.78,32.8
2015-05-03,5,3,6,3,4776,38,32,6.82,32.8
2015-05-03,5,3,2,4,4511,51,62,6.77,32.8
2015-05-03,5,3,5,5,4821,11,27,6.79,32.8
2015-05-03,5,3,1,6,4691,5,7,6.71,32.8
2015-05-03,5,4,1,1,4636,53,34,6.85,15.2
2015-05-03,5,4,3,2,2698,62,20,6.76,15.2
2015-05-03,5,4,4,3,3753,44,37,6.78,15.2
2015-05-03,5,4,5,4,3442,16,26,6.97,15.2
2015-05-03,5,4,2,5,3750,20,49,6.84,15.2
2015-05-03,5,4,6,6,4812,19,54,6.76,15.2
2015-05-03,5,5,1,1,3907,48,21,6.74,19.5
2015-05-03,5,5,4,2,4116,64,4,6.75,19.5
2015-05-03,5,5,5,3,3234,39,52,6.79,19.5
2015-05-03,5,5,2,4,3568,9,48,6.72,19.5
2015-05-03,5,5,6,5,4010,21,14,6.87,19.5
2015-05-03,5,5,3,6,3166,40,51,6.75,19.5
2015-05-03,5,6,1,1,4772,25,19,6.69,13.4
2015-05-03,5,6,2,2,3541,32,59,6.79,13.4
2015-05-03,5,6,3,3,3137,58,57,6.86,13.4
2015-05-03,5,6,4,4,3884,65,31,6.81,13.4
2015-05-03,5,6,6,5,4643,55,15,6.78,13.4
2015-05-03,5,6,5,6,4309,12,38,6.83,13.4
2015-05-03,5,7,4,1,4437,56,30,6.79,129.7
2015-05-03,5,7,6,2,3442,16,26,6.95,129.7
2015-05-03,5,7,5,3,4776,38,32,6.83,129.7
2015-05-03,5,7,1,4,4390,30,35,6.79,129.7
2015-05-03,5,7,2,5,4732,23,63,6.84,129.7
2015-05-03,5,7,3,6,3832,36,17,6.86,129.7
2015-05-03,5,8,4,1,4260,35,23,6.84,40.6
2015-05-03,5,8,1,2,3568,9,48,6.78,40.6
2015-05-03,5,8,3,3,3910,22,28,6.83,40.6
2015-05-03,5,8,6,4,4821,11,27,6.81,40.6
2015-05-03,5,8,2,5,4116,64,4,6.77,40.6
2015-05-03,5,8,5,6,4185,28,55,6.78,40.6
2015-05-03,5,10,3,1,4359,8,39,6.76,237.3
2015-05-03,5,10,6,2,3837,10,45,6.76,237.3
2015-05-03,5,10,1,3,3955,33,33,6.7,237.3
2015-05-03,5,10,5,4,4459,13,50,6.74,237.3
2015-05-03,5,10,2,5,3975,57,8,6.79,237.3
2015-05-03,5,10,4,6,4452,17,43,6.81,237.3
2015-05-03,5,11,1,1,3908,45,40,6.83,5.5
2015-05-03,5,11,2,2,3849,14,22,6.84,5.5
2015-05-03,5,11,5,3,3333,15,36,6.76,5.5
2015-05-03,5,11,4,4,4529,60,66,6.8,5.5
2015-05-03,5,11,3,5,3401,24,53,6.82,5.5
2015-05-03,5,11,6,6,4571,34,13,6.7,5.5
2015-05-03,5,12,2,1,4260,35,23,6.79,37.5
2015-05-03,5,12,3,2,3907,48,21,6.78,37.5
2015-05-03,5,12,1,3,3541,32,59,6.75,37.5
2015-05-03,5,12,4,4,3234,39,52,6.85,37.5
2015-05-03,5,12,6,5,4309,12,38,6.92,37.5
2015-05-03,5,12,5,6,4812,19,54,6.87,37.5
2015-05-04,6,1,5,1,2698,62,20,6.77,86.8
2015-05-04,6,1,1,2,4459,13,50,6.88,86.8
2015-05-04,6,1,3,3,2887,29,9,6.83,86.8
2015-05-04,6,1,2,4,4185,28,55,6.81,86.8
2015-05-04,6,1,4,5,3456,52,65,6.76,86.8
2015-05-04,6,1,6,6,4821,11,27,6.77,86.8
2015-05-04,6,2,1,1,4739,49,60,6.79,9.1
2015-05-04,6,2,2,2,3234,39,52,6.79,9.1
2015-05-04,6,2,6,3,4772,25,19,6.73,9.1
2015-05-04,6,2,3,4,3750,20,49,6.8,9.1
2015-05-04,6,2,5,5,3753,44,37,6.83,9.1
2015-05-04,6,2,4,6,3166,40,51,6.84,9.1
2015-05-04,6,3,1,1,4529,60,66,6.8,20.1
2015-05-04,6,3,2,2,3832,36,17,6.82,20.1
2015-05-04,6,3,4,3,4010,21,14,6.82,20.1
2015-05-04,6,3,5,4,3442,16,26,6.87,20.1
2015-05-04,6,3,3,5,3910,22,28,6.84,20.1
2015-05-04,6,3,6,6,3137,58,57,6.85,20.1
2015-05-04,6,4,1,1,3401,24,53,6.79,10.0
2015-05-04,6,4,4,2,4348,50,25,6.74,10.0
2015-05-04,6,4,5,3,4511,51,62,6.77,10.0
2015-05-04,6,4,3,4,4309,12,38,6.8,10.0
2015-05-04,6,4,2,5,4020,2,2,6.77,10.0
2015-05-04,6,4,6,6,4732,23,63,6.74,10.0
2015-05-04,6,5,1,1,3333,15,36,6.81,5.9
2015-05-04,6,5,4,2,3975,57,8,6.78,5.9
2015-05-04,6,5,2,3,4437,56,30,6.87,5.9
2015-05-04,6,5,6,4,4812,19,54,6.8,5.9
2015-05-04,6,5,3,5,3884,65,31,6.79,5.9
2015-05-04,6,5,5,6,4636,53,34,6.83,5.9
2015-05-04,6,6,4,1,4260,35,23,6.82,57.2
2015-05-04,6,6,2,2,2887,29,9,6.78,57.2
2015-05-04,6,6,1,3,4571,34,13,6.76,57.2
2015-05-04,6,6,6,4,4776,38,32,6.87,57.2
2015-05-04,6,6,3,5,4116,64,4,6.78,57.2
2015-05-04,6,6,5,6,4691,5,7,6.87,57.2
2015-05-04,6,7,2,1,3553,46,18,6.79,80.0
2015-05-04,6,7,5,2,3541,32,59,6.79,80.0
2015-05-04,6,7,6,3,4685,1,24,6.79,80.0
2015-05-04,6,7,4,4,4390,30,35,6.83,80.0
2015-05-04,6,7,3,5,2698,62,20,6.85,80.0
2015-05-04,6,7,1,6,4452,17,43,6.87,80.0
2015-05-04,6,8,2,1,3955,33,33,6.76,96.5
2015-05-04,6,8,3,2,4511,51,62,6.8,96.5
2015-05-04,6,8,1,3,3543,66,10,6.79,96.5
2015-05-04,6,8,6,4,3456,52,65,6.93,96.5
2015-05-04,6,8,4,5,3568,9,48,6.78,96.5
2015-05-04,6,8,5,6,4010,21,14,6.9,96.5
2015-05-04,6,9,3,1,3753,44,37,6.84,704.0
2015-05-04,6,9,2,2,4348,50,25,6.77,704.0
2015-05-04,6,9,6,3,4643,55,15,6.83,704.0
2015-05-04,6,9,5,4,3907,48,21,6.85,704.0
2015-05-04,6,9,1,5,4260,35,23,6.8,704.0
2015-05-04,6,9,4,6,4636,53,34,6.91,704.0
2015-05-04,6,10,1,1,3975,57,8,6.75,23.6
2015-05-04,6,10,3,2,3553,46,18,6.77,23.6
2015-05-04,6,10,5,3,4571,34,13,6.83,23.6
2015-05-04,6,10,2,4,3401,24,53,6.83,23.6
2015-05-04,6,10,4,5,4452,17,43,6.85,23.6
2015-05-04,6,10,6,6,4437,56,30,6.81,23.6
2015-05-04,6,11,4,1,4459,13,50,6.81,371.5
2015-05-04,6,11,6,2,4529,60,66,6.88,371.5
2015-05-04,6,11,5,3,4739,49,60,6.79,371.5
2015-05-04,6,11,1,4,3955,33,33,6.79,371.5
2015-05-04,6,11,3,5,3543,66,10,6.82,371.5
2015-05-04,6,11,2,6,3333,15,36,6.91,371.5
2015-05-04,6,12,1,1,3908,45,40,6.74,16.9
2015-05-04,6,12,4,2,3710,63,64,6.68,16.9
2015-05-04,6,12,3,3,4359,8,39,6.74,16.9
2015-05-04,6,12,6,4,3837,10,45,6.84,16.9
2015-05-04,6,12,5,5,3849,14,22,6.87,16.9
2015-05-04,6,12,2,6,3064,59,61,6.86,16.9
2015-05-08,1,1,1,1,3631,31,16,6.69,14.7
2015-05-08,1,1,4,2,3949,52,19,6.76,14.7
2015-05-08,1,1,2,3,2871,4,11,6.73,14.7
2015-05-08,1,1,3,4,4221,66,48,6.76,14.7
2015-05-08,1,1,5,5,4799,65,2,6.7,14.7
2015-05-08,1,1,6,6,4449,10,53,6.7,14.7
2015-05-08,1,2,2,1,2959,1,60,6.77,22.4
2015-05-08,1,2,1,2,3492,41,18,6.74,22.4
2015-05-08,1,2,4,3,3883,34,50,6.77,22.4
2015-05-08,1,2,6,4,4355,11,52,6.77,22.4
2015-05-08,1,2,3,5,4635,47,56,6.76,22.4
2015-05-08,1,2,5,6,3936,3,38,6.81,22.4
2015-05-08,1,3,5,1,4301,18,46,6.74,18.3
2015-05-08,1,3,4,2,4128,32,10,6.82,18.3
2015-05-08,1,3,6,3,3848,30,29,6.78,18.3
2015-05-08,1,3,3,4,4034,2,57,6.66,18.3
2015-05-08,1,3,1,5,3065,16,61,6.77,18.3
2015-05-08,1,3,2,6,2972,23,62,6.77,18.3
2015-05-08,1,4,4,1,3874,43,63,6.78,13.5
2015-05-08,1,4,1,2,3687,22,35,6.78,13.5
2015-05-08,1,4,5,3,3828,21,37,6.77,13.5
2015-05-08,1,4,2,4,4265,62,22,6.8,13.5
2015-05-08,1,4,3,5,3722,55,66,6.74,13.5
2015-05-08,1,4,6,6,4593,50,34,6.71,13.5
2015-05-08,1,5,1,1,3606,58,8,6.73,15.7
2015-05-08,1,5,2,2,4221,66,48,6.78,15.7
2015-05-08,1,5,4,3,3621,7,5,6.73,15.7
2015-05-08,1,5,3,4,3912,35,21,6.79,15.7
2015-05-08,1,5,5,5,4712,51,1,6.8,15.7
2015-05-08,1,5,6,6,4750,12,58,6.75,15.7
2015-05-08,1,6,2,1,3982,37,59,6.79,128.2
2015-05-08,1,6,1,2,4583,40,65,6.7,128.2
2015-05-08,1,6,5,3,3427,44,13,6.8,128.2
2015-05-08,1,6,3,4,4388,13,41,6.8,128.2
2015-05-08,1,6,4,5,4449,10,53,6.75,128.2
2015-05-08,1,6,6,6,3831,9,39,6.77,128.2
2015-05-08,1,7,3,1,3699,61,47,6.76,65.4
2015-05-08,1,7,5,2,4469,54,23,6.76,65.4
2015-05-08,1,7,2,3,3010,36,14,6.84,65.4
2015-05-08,1,7,6,4,4034,2,57,6.85,65.4
2015-05-08,1,7,1,5,3797,64,54,6.69,65.4
2015-05-08,1,7,4,6,4355,11,52,6.8,65.4
2015-05-08,1,8,1,1,3737,27,36,6.76,11.4
2015-05-08,1,8,2,2,3534,56,43,6.87,11.4
2015-05-08,1,8,5,3,4635,47,56,6.83,11.4
2015-05-08,1,8,6,4,4799,65,2,6.75,11.4
2015-05-08,1,8,3,5,3065,16,61,6.91,11.4
2015-05-08,1,8,4,6,4643,26,44,6.76,11.4
2015-05-08,1,9,3,1,4301,18,46,6.86,41.1
2015-05-08,1,9,2,2,4104,38,17,6.74,41.1
2015-05-08,1,9,1,3,4281,20,6,6.77,41.1
2015-05-08,1,9,5,4,3621,7,5,6.81,41.1
2015-05-08,1,9,6,5,3949,52,19,6.89,41.1
2015-05-08,1,9,4,6,3936,3,38,6.83,41.1
2015-05-08,1,10,3,1,4604,6,15,6.8,21.8
2015-05-08,1,10,1,2,3912,35,21,6.71,21.8
2015-05-08,1,10,5,3,4388,13,41,6.78,21.8
2015-05-08,1,10,2,4,3631,31,16,6.77,21.8
2015-05-08,1,10,6,5,3828,21,37,6.76,21.8
2015-05-08,1,10,4,6,2959,1,60,6.77,21.8
2015-05-08,1,11,1,1,3534,56,43,6.82,18.1
2015-05-08,1,11,5,2,3848,30,29,6.75,18.1
2015-05-08,1,11,3,3,4583,40,65,6.81,18.1
2015-05-08,1,11,2,4,3699,61,47,6.85,18.1
2015-05-08,1,11,6,5,3883,34,50,6.83,18.1
2015-05-08,1,11,4,6,4593,50,34,6.81,18.1
2015-05-08,1,12,3,1,3606,58,8,6.82,75.4
2015-05-08,1,12,2,2,3737,27,36,6.88,75.4
2015-05-08,1,12,1,3,3010,36,14,6.85,75.4
2015-05-08,1,12,4,4,3427,44,13,6.82,75.4
2015-05-08,1,12,5,5,4128,32,10,6.89,75.4
2015-05-08,1,12,6,6,3874,43,63,6.76,75.4
2015-05-09,2,1,1,1,4643,26,44,6.75,14.6
2015-05-09,2,1,3,2,3982,37,59,6.88,14.6
2015-05-09,2,1,5,3,2871,4,11,6.83,14.6
2015-05-09,2,1,4,4,4712,51,1,6.82,14.6
2015-05-09,2,1,2,5,3831,9,39,6.76,14.6
2015-05-09,2,1,6,6,4799,65,2,6.79,14.6
2015-05-09,2,3,3,1,4469,54,23,6.83,27.6
2015-05-09,2,3,1,2,4104,38,17,6.68,27.6
2015-05-09,2,3,4,3,3606,58,8,6.8,27.6
2015-05-09,2,3,2,4,3797,64,54,6.76,27.6
2015-05-09,2,3,6,5,3065,16,61,6.83,27.6
2015-05-09,2,3,5,6,4750,12,58,6.68,27.6
2015-05-09,2,4,4,1,3534,56,43,6.8,103.5
2015-05-09,2,4,6,2,4281,20,6,6.81,103.5
2015-05-09,2,4,3,3,4265,62,22,6.79,103.5
2015-05-09,2,4,1,4,2959,1,60,6.81,103.5
2015-05-09,2,4,5,5,4583,40,65,6.77,103.5
2015-05-09,2,4,2,6,4635,47,56,6.86,103.5
2015-05-09,2,5,4,1,3010,36,14,6.85,27.5
2015-05-09,2,5,2,2,4593,50,34,6.72,27.5
2015-05-09,2,5,1,3,4128,32,10,6.9,27.5
2015-05-09,2,5,5,4,4221,66,48,6.75,27.5
2015-05-09,2,5,3,5,4712,51,1,6.87,27.5
2015-05-09,2,5,6,6,3936,3,38,6.81,27.5
2015-05-09,2,6,2,1,3621,7,5,6.75,10.0
2015-05-09,2,6,1,2,4034,2,57,6.69,10.0
2015-05-09,2,6,6,3,4388,13,41,6.72,10.0
2015-05-09,2,6,5,4,4355,11,52,6.82,10.0
2015-05-09,2,6,4,5,3828,21,37,6.74,10.0
2015-05-09,2,6,3,6,2871,4,11,6.73,10.0
2015-05-09,2,7,1,1,3831,9,39,6.8,25.9
2015-05-09,2,7,2,2,3427,44,13,6.82,25.9
2015-05-09,2,7,3,3,3737,27,36,6.74,25.9
2015-05-09,2,7,6,4,4301,18,46,6.8,25.9
2015-05-09,2,7,4,5,2972,23,62,6.84,25.9
2015-05-09,2,7,5,6,3949,52,19,6.73,25.9
2015-05-09,2,8,3,1,3492,41,18,6.78,545.2
2015-05-09,2,8,4,2,3631,31,16,6.8,545.2
2015-05-09,2,8,2,3,3848,30,29,6.86,545.2
2015-05-09,2,8,5,4,4265,62,22,6.85,545.2
2015-05-09,2,8,1,5,3874,43,63,6.75,545.2
2015-05-09,2,8,6,6,4750,12,58,6.79,545.2
2015-05-09,2,9,5,1,3534,56,43,6.81,56.5
2015-05-09,2,9,4,2,4604,6,15,6.8,56.5
2015-05-09,2,9,3,3,3797,64,54,6.81,56.5
2015-05-09,2,9,6,4,3912,35,21,6.75,56.5
2015-05-09,2,9,1,5,4593,50,34,6.69,56.5
2015-05-09,2,9,2,6,3722,55,66,6.69,56.5
2015-05-09,2,10,1,1,3699,61,47,6.78,19.7
2015-05-09,2,10,3,2,3010,36,14,6.84,19.7
2015-05-09,2,10,5,3,3606,58,8,6.8,19.7
2015-05-09,2,10,6,4,4583,40,65,6.72,19.7
2015-05-09,2,10,2,5,3828,21,37,6.81,19.7
2015-05-09,2,10,4,6,3982,37,59,6.79,19.7
2015-05-09,2,11,1,1,3621,7,5,6.79,14.4
2015-05-09,2,11,2,2,4643,26,44,6.8,14.4
2015-05-09,2,11,5,3,3737,27,36,6.79,14.4
2015-05-09,2,11,3,4,4128,32,10,6.8,14.4
2015-05-09,2,11,4,5,3687,22,35,6.8,14.4
2015-05-09,2,11,6,6,4469,54,23,6.94,14.4
2015-05-09,2,12,5,1,4281,20,6,6.8,186.4
2015-05-09,2,12,1,2,3427,44,13,6.86,186.4
2015-05-09,2,12,6,3,4604,6,49,6.84,186.4
2015-05-09,2,12,3,4,4104,38,17,6.74,186.4
2015-05-09,2,12,4,5,4388,13,41,6.85,186.4
2015-05-09,2,12,2,6,3874,43,63,6.81,186.4
2015-05-10,3,1,1,1,3848,30,29,6.79,18.6
2015-05-10,3,1,5,2,3831,9,39,6.79,18.6
2015-05-10,3,1,2,3,4355,11,52,6.81,18.6
2015-05-10,3,1,6,4,3797,64,54,6.74,18.6
2015-05-10,3,1,4,5,4265,62,22,6.78,18.6
2015-05-10,3,1,3,6,2972,23,62,6.81,18.6
2015-05-10,3,2,3,1,4034,2,57,6.7,18.0
2015-05-10,3,2,2,2,3949,52,19,6.73,18.0
2015-05-10,3,2,5,3,3722,55,66,6.77,18.0
2015-05-10,3,2,1,4,3936,3,38,6.76,18.0
2015-05-10,3,2,4,5,3065,16,61,6.86,18.0
2015-05-10,3,2,6,6,2959,1,60,6.82,18.0
2015-05-10,3,3,5,1,3010,36,14,6.79,10.1
2015-05-10,3,3,6,2,3687,22,35,6.78,10.1
2015-05-10,3,3,2,3,4281,20,6,6.8,10.1
2015-05-10,3,3,3,4,4712,51,1,6.84,10.1
2015-05-10,3,3,1,5,4449,10,53,6.7,10.1
2015-05-10,3,3,4,6,4635,47,56,6.81,10.1
2015-05-10,3,4,3,1,4221,66,48,6.73,364.5
2015-05-10,3,4,5,2,4104,38,17,6.7,364.5
2015-05-10,3,4,2,3,4388,13,41,6.77,364.5
2015-05-10,3,4,4,4,3737,27,36,6.71,364.5
2015-05-10,3,4,1,5,4469,54,23,6.77,364.5
2015-05-10,3,4,6,6,4799,65,2,6.71,364.5
2015-05-10,3,5,1,1,4604,6,49,6.74,5.4
2015-05-10,3,5,4,2,3427,44,13,6.78,5.4
2015-05-10,3,5,2,3,4301,18,46,6.79,5.4
2015-05-10,3,5,3,4,2871,4,11,6.71,5.4
2015-05-10,3,5,5,5,3982,37,59,6.73,5.4
2015-05-10,3,5,6,6,4750,12,58,6.7,5.4
2015-05-10,3,6,3,1,3621,7,5,6.84,30.9
2015-05-10,3,6,2,2,3606,58,8,6.71,30.9
2015-05-10,3,6,1,3,4355,11,52,6.82,30.9
2015-05-10,3,6,4,4,3492,41,18,6.84,30.9
2015-05-10,3,6,6,5,4643,26,44,6.81,30.9
2015-05-10,3,6,5,6,4593,50,34,6.76,30.9
2015-05-10,3,7,6,1,3699,61,47,6.86,834.5
2015-05-10,3,7,1,2,3828,21,37,6.75,834.5
2015-05-10,3,7,2,3,3936,3,38,6.78,834.5
2015-05-10,3,7,4,4,3874,43,63,6.69,834.5
2015-05-10,3,7,5,5,3797,64,54,6.78,834.5
2015-05-10,3,7,3,6,3534,56,43,6.76,834.5
2015-05-10,3,8,1,1,4388,13,41,6.79,363.2
2015-05-10,3,8,5,2,2959,1,60,6.8,363.2
2015-05-10,3,8,6,3,4712,51,1,6.8,363.2
2015-05-10,3,8,2,4,4128,32,10,6.8,363.2
2015-05-10,3,8,3,5,3883,34,50,6.85,363.2
2015-05-10,3,8,4,6,3912,35,21,6.72,363.2
2015-05-10,3,9,4,1,3848,30,29,6.84,88.5
2015-05-10,3,9,6,2,3631,31,16,6.73,88.5
2015-05-10,3,9,3,3,3427,44,13,6.8,88.5
2015-05-10,3,9,2,4,4469,54,23,6.81,88.5
2015-05-10,3,9,5,5,3687,22,35,6.84,88.5
2015-05-10,3,9,1,6,3949,52,19,6.85,88.5
2015-05-10,3,10,1,1,4301,18,46,6.71,26.3
2015-05-10,3,10,3,2,3874,43,63,6.76,26.3
2015-05-10,3,10,2,3,4583,40,65,6.72,26.3
2015-05-10,3,10,6,4,4104,38,17,6.64,26.3
2015-05-10,3,10,4,5,3010,36,14,6.83,26.3
2015-05-10,3,10,5,6,4643,26,44,6.76,26.3
2015-05-10,3,11,1,1,3737,27,36,6.72,12.2
2015-05-10,3,11,6,2,3621,7,5,6.81,12.2
2015-05-10,3,11,3,3,4281,20,6,6.75,12.2
2015-05-10,3,11,2,4,3912,35,21,6.74,12.2
2015-05-10,3,11,4,5,3982,37,59,6.75,12.2
2015-05-10,3,11,5,6,3699,61,47,6.72,12.2
2015-05-10,3,12,1,1,3606,58,8,6.74,7.0
2015-05-10,3,12,2,2,4604,6,49,6.76,7.0
2015-05-10,3,12,3,3,4128,32,10,6.78,7.0
2015-05-10,3,12,6,4,3534,56,43,6.78,7.0
2015-05-10,3,12,5,5,3631,31,16,6.73,7.0
2015-05-10,3,12,4,6,4034,2,57,6.71,7.0
2015-05-11,4,1,4,1,3722,55,66,6.73,71.2
2015-05-11,4,1,1,2,3631,31,16,6.69,71.2
2015-05-11,4,1,2,3,3883,34,50,6.76,71.2
2015-05-11,4,1,5,4,4635,47,56,6.77,71.2
2015-05-11,4,1,3,5,4449,10,53,6.74,71.2
2015-05-11,4,1,6,6,4750,12,58,6.69,71.2
2015-05-11,4,2,6,1,4265,62,22,6.79,177.3
2015-05-11,4,2,2,2,3065,16,61,6.83,177.3
2015-05-11,4,2,4,3,2871,4,11,6.73,177.3
2015-05-11,4,2,3,4,3936,3,38,6.87,177.3
2015-05-11,4,2,5,5,4799,65,2,6.77,177.3
2015-05-11,4,2,1,6,2972,23,62,6.79,177.3
2015-05-11,4,3,1,1,3982,37,59,6.71,123.1
2015-05-11,4,3,3,2,2959,1,60,6.76,123.1
2015-05-11,4,3,5,3,3606,58,8,6.71,123.1
2015-05-11,4,3,6,4,4604,6,49,6.72,123.1
2015-05-11,4,3,2,5,3687,22,35,6.78,123.1
2015-05-11,4,3,4,6,3797,64,54,6.73,123.1
2015-05-11,4,4,1,1,4221,66,48,6.67,63.7
2015-05-11,4,4,4,2,3831,9,39,6.74,63.7
2015-05-11,4,4,6,3,4469,54,23,6.74,63.7
2015-05-11,4,4,2,4,4034,2,57,6.65,63.7
2015-05-11,4,4,3,5,4593,50,34,6.7,63.7
2015-05-11,4,4,5,6,3848,30,29,6.73,63.7
2015-05-11,4,5,3,1,3010,36,64,6.82,55.4
2015-05-11,4,5,4,2,4643,26,44,6.81,55.4
2015-05-11,4,5,5,3,3949,52,19,6.72,55.4
2015-05-11,4,5,2,4,3492,41,18,6.75,55.4
2015-05-11,4,5,6,5,4635,47,56,6.77,55.4
2015-05-11,4,5,1,6,4128,32,10,6.81,55.4
2015-05-11,4,6,2,1,4281,20,6,6.73,9.3
2015-05-11,4,6,5,2,3737,27,36,6.73,9.3
2015-05-11,4,6,6,3,4388,13,41,6.8,9.3
2015-05-11,4,6,3,4,3065,16,61,6.81,9.3
2015-05-11,4,6,1,5,2871,4,11,6.72,9.3
2015-05-11,4,6,4,6,4355,11,52,6.82,9.3
2015-05-11,4,7,1,1,3427,44,13,6.76,6.7
2015-05-11,4,7,3,2,3534,56,43,6.74,6.7
2015-05-11,4,7,5,3,3621,7,5,6.79,6.7
2015-05-11,4,7,2,4,4104,38,17,6.67,6.7
2015-05-11,4,7,6,5,4712,51,1,6.78,6.7
2015-05-11,4,7,4,6,3883,34,50,6.82,6.7
2015-05-11,4,8,2,1,3699,61,47,6.78,121.8
2015-05-11,4,8,3,2,3831,9,39,6.76,121.8
2015-05-11,4,8,4,3,4583,40,65,6.72,121.8
2015-05-11,4,8,1,4,4301,18,46,6.77,121.8
2015-05-11,4,8,5,5,4449,10,53,6.71,121.8
2015-05-11,4,8,6,6,4799,65,2,6.75,121.8
2015-05-11,4,9,4,1,3010,36,64,6.81,25.7
2015-05-11,4,9,1,2,4604,6,49,6.78,25.7
2015-05-11,4,9,3,3,4281,20,6,6.76,25.7
2015-05-11,4,9,5,4,4034,2,57,6.75,25.7
2015-05-11,4,9,6,5,4128,32,10,6.82,25.7
2015-05-11,4,9,2,6,3848,30,29,6.79,25.7
2015-05-11,4,10,1,1,3606,58,8,6.77,9.2
2015-05-11,4,10,3,2,3737,27,36,6.78,9.2
2015-05-11,4,10,4,3,3427,44,13,6.78,9.2
2015-05-11,4,10,2,4,3621,7,5,6.77,9.2
2015-05-11,4,10,5,5,4221,66,48,6.79,9.2
2015-05-11,4,10,6,6,3687,22,35,6.9,9.2
2015-05-12,5,1,2,1,3949,52,19,6.88,52.0
2015-05-12,5,1,3,2,3831,9,39,6.88,52.0
2015-05-12,5,1,1,3,4469,54,23,6.93,52.0
2015-05-12,5,1,6,4,2972,23,62,6.93,52.0
2015-05-12,5,1,4,5,2871,4,11,6.86,52.0
2015-05-12,5,1,5,6,3982,37,59,6.87,52.0
2015-05-12,5,2,1,1,4635,47,56,6.8,15.2
2015-05-12,5,2,3,2,3797,64,54,6.81,15.2
2015-05-12,5,2,6,3,4355,11,52,6.88,15.2
2015-05-12,5,2,4,4,4712,51,1,6.77,15.2
2015-05-12,5,2,2,5,4449,10,53,6.68,15.2
2015-05-12,5,2,5,6,4750,12,58,6.8,15.2
2015-05-12,5,5,1,1,3848,30,29,6.87,6.6
2015-05-12,5,5,4,2,3534,56,43,6.87,6.6
2015-05-12,5,5,2,3,3912,35,4,6.88,6.6
2015-05-12,5,5,3,4,3949,52,19,6.86,6.6
2015-05-12,5,5,6,5,2959,1,60,6.9,6.6
2015-05-12,5,5,5,6,3065,16,61,6.9,6.6
2015-05-12,5,7,2,1,3874,43,63,6.8,100.9
2015-05-12,5,7,3,2,4265,62,22,6.82,100.9
2015-05-12,5,7,1,3,3699,61,47,6.86,100.9
2015-05-12,5,7,6,4,2871,4,11,6.87,100.9
2015-05-12,5,7,4,5,3831,9,39,6.83,100.9
2015-05-12,5,7,5,6,3427,44,13,6.91,100.9
2015-05-12,5,8,2,1,3828,21,37,6.83,32.8
2015-05-12,5,8,1,2,4388,13,41,6.88,32.8
2015-05-12,5,8,3,3,3722,55,66,6.83,32.8
2015-05-12,5,8,4,4,4469,54,23,6.9,32.8
2015-05-12,5,8,6,5,4750,12,58,6.74,32.8
2015-05-12,5,8,5,6,4712,51,1,6.9,32.8
2015-05-12,5,10,1,1,4281,20,6,6.85,34.4
2015-05-12,5,10,2,2,4104,38,17,6.78,34.4
2015-05-12,5,10,6,3,3874,43,63,6.91,34.4
2015-05-12,5,10,3,4,3621,7,5,6.72,34.4
2015-05-12,5,10,5,5,3848,30,29,6.88,34.4
2015-05-12,5,10,4,6,4221,66,48,6.74,34.4
2015-05-12,5,11,1,1,3427,44,13,6.81,20.3
2015-05-12,5,11,5,2,3699,61,47,6.9,20.3
2015-05-12,5,11,3,3,4128,32,10,6.96,20.3
2015-05-12,5,11,6,4,4388,13,41,6.82,20.3
2015-05-12,5,11,2,5,4034,2,57,6.68,20.3
2015-05-12,5,11,4,6,3687,22,35,6.84,20.3
2015-05-12,5,12,3,1,3631,31,16,6.67,135.0
2015-05-12,5,12,1,2,3606,58,8,6.78,135.0
2015-05-12,5,12,5,3,3737,27,36,6.73,135.0
2015-05-12,5,12,4,4,4604,6,49,6.74,135.0
2015-05-12,5,12,6,5,3492,41,18,6.82,135.0
2015-05-12,5,12,2,6,3010,36,64,6.78,135.0
2015-05-16,1,1,3,1,3946,53,44,6.69,26.9
2015-05-16,1,1,1,2,4297,50,59,6.76,26.9
2015-05-16,1,1,5,3,4049,64,60,6.91,26.9
2015-05-16,1,1,6,4,3749,47,26,6.84,26.9
2015-05-16,1,1,4,5,4387,23,62,6.81,26.9
2015-05-16,1,1,2,6,3654,5,46,6.77,26.9
2015-05-16,1,2,1,1,3300,16,40,6.83,17.7
2015-05-16,1,2,6,2,4030,59,28,6.77,17.7
2015-05-16,1,2,2,3,4456,4,37,6.78,17.7
2015-05-16,1,2,3,4,3499,9,48,6.83,17.7
2015-05-16,1,2,4,5,3251,55,49,6.83,17.7
2015-05-16,1,2,5,6,4137,52,47,6.8,17.7
2015-05-16,1,3,1,1,3931,36,17,6.74,23.4
2015-05-16,1,3,4,2,3837,7,25,6.85,23.4
2015-05-16,1,3,2,3,4324,39,15,6.71,23.4
2015-05-16,1,3,6,4,3557,56,57,6.79,23.4
2015-05-16,1,3,3,5,4140,45,50,6.82,23.4
2015-05-16,1,3,5,6,4084,18,21,6.77,23.4
2015-05-16,1,4,2,1,4450,1,33,6.79,93.0
2015-05-16,1,4,4,2,4063,49,16,6.68,93.0
2015-05-16,1,4,6,3,3590,29,35,6.83,93.0
2015-05-16,1,4,5,4,4096,60,64,6.8,93.0
2015-05-16,1,4,3,5,3853,66,56,6.77,93.0
2015-05-16,1,4,1,6,4177,10,27,6.81,93.0
2015-05-16,1,5,3,1,4064,46,36,6.75,63.0
2015-05-16,1,5,2,2,4166,43,61,6.83,63.0
2015-05-16,1,5,4,3,3556,15,66,6.79,63.0
2015-05-16,1,5,6,4,4528,58,29,6.75,63.0
2015-05-16,1,5,5,5,3256,25,10,6.81,63.0
2015-05-16,1,5,1,6,4352,13,63,6.86,63.0
2015-05-16,1,6,1,1,4504,28,51,6.78,13.4
2015-05-16,1,6,3,2,4337,63,23,6.79,13.4
2015-05-16,1,6,4,3,3978,57,4,6.86,13.4
2015-05-16,1,6,2,4,3897,62,11,6.79,13.4
2015-05-16,1,6,6,5,4397,33,6,6.77,13.4
2015-05-16,1,6,5,6,4174,35,53,6.83,13.4
2015-05-16,1,7,1,1,4262,24,55,6.78,7.9
2015-05-16,1,7,2,2,3744,37,9,6.78,7.9
2015-05-16,1,7,3,3,3415,44,30,6.78,7.9
2015-05-16,1,7,5,4,3347,31,7,6.89,7.9
2015-05-16,1,7,4,5,3304,41,39,6.85,7.9
2015-05-16,1,7,6,6,4049,64,60,6.82,7.9
2015-05-16,1,9,1,1,3251,55,49,6.79,18.3
2015-05-16,1,9,2,2,3568,32,5,6.8,18.3
2015-05-16,1,9,4,3,3557,56,57,6.74,18.3
2015-05-16,1,9,6,4,4063,49,16,6.84,18.3
2015-05-16,1,9,5,5,3749,47,26,6.9,18.3
2015-05-16,1,9,3,6,4364,17,8,6.81,18.3
2015-05-16,1,10,1,1,3946,53,44,6.78,7.7
2015-05-16,1,10,2,2,4044,38,31,6.71,7.7
2015-05-16,1,10,3,3,3543,8,32,6.74,7.7
2015-05-16,1,10,4,4,4096,60,64,6.82,7.7
2015-05-16,1,10,5,5,3978,57,4,6.82,7.7
2015-05-16,1,10,6,6,4064,46,36,6.8,7.7
2015-05-16,1,11,1,1,3897,62,11,6.71,5.7
2015-05-16,1,11,2,2,3573,14,58,6.76,5.7
2015-05-16,1,11,3,3,4030,59,28,6.8,5.7
2015-05-16,1,11,4,4,4528,58,29,6.78,5.7
2015-05-16,1,11,6,5,3853,66,56,6.78,5.7
2015-05-16,1,11,5,6,4140,45,50,6.79,5.7
2015-05-16,1,12,1,1,3415,44,30,6.73,18.1
2015-05-16,1,12,4,2,4166,43,61,6.81,18.1
2015-05-16,1,12,2,3,4238,48,20,6.77,18.1
2015-05-16,1,12,6,4,4477,27,14,6.84,18.1
2015-05-16,1,12,5,5,4337,63,23,6.84,18.1
2015-05-16,1,12,3,6,3908,21,34,6.79,18.1
2015-05-17,2,1,1,1,4528,58,29,6.75,8.1
2015-05-17,2,1,2,2,3256,25,10,6.69,8.1
2015-05-17,2,1,3,3,4084,18,21,6.83,8.1
2015-05-17,2,1,4,4,4174,35,53,6.75,8.1
2015-05-17,2,1,6,5,4387,23,62,6.78,8.1
2015-05-17,2,1,5,6,4177,10,27,6.77,8.1
2015-05-17,2,2,5,1,4364,17,8,6.74,317.1
2015-05-17,2,2,1,2,4397,33,6,6.68,317.1
2015-05-17,2,2,4,3,4324,39,15,6.75,317.1
2015-05-17,2,2,3,4,3654,5,46,6.68,317.1
2015-05-17,2,2,2,5,3304,41,39,6.71,317.1
2015-05-17,2,2,6,6,3541,19,45,6.75,317.1
2015-05-17,2,3,1,1,3347,31,7,6.68,35.2
2015-05-17,2,3,4,2,4504,28,51,6.77,35.2
2015-05-17,2,3,6,3,4238,48,20,6.74,35.2
2015-05-17,2,3,5,4,3568,32,5,6.71,35.2
2015-05-17,2,3,2,5,3251,55,49,6.81,35.2
2015-05-17,2,3,3,6,4044,38,31,6.66,35.2
2015-05-17,2,4,1,1,4096,60,64,6.7,18.7
2015-05-17,2,4,3,2,4477,27,14,6.81,18.7
2015-05-17,2,4,5,3,3573,14,58,6.73,18.7
2015-05-17,2,4,2,4,3543,8,32,6.66,18.7
2015-05-17,2,4,4,5,4262,24,55,6.8,18.7
2015-05-17,2,4,6,6,4297,50,59,6.7,18.7
2015-05-17,2,5,1,1,4137,52,47,6.81,38.1
2015-05-17,2,5,3,2,3300,16,40,6.79,38.1
2015-05-17,2,5,4,3,3876,6,22,6.79,38.1
2015-05-17,2,5,5,4,4450,1,33,6.8,38.1
2015-05-17,2,5,2,5,4337,63,23,6.79,38.1
2015-05-17,2,5,6,6,4140,45,50,6.78,38.1
2015-05-17,2,6,1,1,4049,64,60,6.79,17.1
2015-05-17,2,6,3,2,3744,37,9,6.77,17.1
2015-05-17,2,6,2,3,3853,66,56,6.79,17.1
2015-05-17,2,6,4,4,4456,4,37,6.81,17.1
2015-05-17,2,6,6,5,3908,21,34,6.87,17.1
2015-05-17,2,6,5,6,3499,9,48,6.86,17.1
2015-05-17,2,7,1,1,3749,47,26,6.75,51.1
2015-05-17,2,7,5,2,3837,7,25,6.86,51.1
2015-05-17,2,7,3,3,3931,36,17,6.81,51.1
2015-05-17,2,7,2,4,4174,35,53,6.84,51.1
2015-05-17,2,7,6,5,4364,17,8,6.79,51.1
2015-05-17,2,7,4,6,3590,29,35,6.81,51.1
2015-05-17,2,8,1,1,3304,41,39,6.78,11.9
2015-05-17,2,8,5,2,3415,44,30,6.77,11.9
2015-05-17,2,8,2,3,3978,57,4,6.75,11.9
2015-05-17,2,8,6,4,4084,18,21,6.72,11.9
2015-05-17,2,8,4,5,4352,13,63,6.82,11.9
2015-05-17,2,8,3,6,3568,32,5,6.77,11.9
2015-05-17,2,9,4,1,4044,38,31,6.73,44.7
2015-05-17,2,9,1,2,4477,27,14,6.83,44.7
2015-05-17,2,9,5,3,4324,39,15,6.72,44.7
2015-05-17,2,9,2,4,4063,49,16,6.76,44.7
2015-05-17,2,9,6,5,3300,16,40,6.85,44.7
2015-05-17,2,9,3,6,4387,23,62,6.79,44.7
2015-05-17,2,10,3,1,3256,25,10,6.84,97.0
2015-05-17,2,10,1,2,4064,46,36,6.75,97.0
2015-05-17,2,10,2,3,4397,33,6,6.64,97.0
2015-05-17,2,10,5,4,4262,24,55,6.84,97.0
2015-05-17,2,10,6,5,4504,28,51,6.83,97.0
2015-05-17,2,10,4,6,3908,21,34,6.89,97.0
2015-05-17,2,11,3,1,3541,19,45,6.76,186.5
2015-05-17,2,11,1,2,4166,43,61,6.76,186.5
2015-05-17,2,11,4,3,3347,31,7,6.82,186.5
2015-05-17,2,11,2,4,3556,15,66,6.78,186.5
2015-05-17,2,11,6,5,3931,36,17,6.81,186.5
2015-05-17,2,11,5,6,3744,37,9,6.71,186.5
2015-05-17,2,12,1,1,4030,59,28,6.75,15.4
2015-05-17,2,12,4,2,3897,62,11,6.78,15.4
2015-05-17,2,12,2,3,3557,56,57,6.81,15.4
2015-05-17,2,12,6,4,4013,12,38,6.76,15.4
2015-05-17,2,12,3,5,3590,29,35,6.87,15.4
2015-05-17,2,12,5,6,3946,53,44,6.73,15.4
2015-05-18,3,1,1,1,3568,32,5,6.82,16.8
2015-05-18,3,1,4,2,4337,63,23,6.86,16.8
2015-05-18,3,1,2,3,4262,24,55,6.74,16.8
2015-05-18,3,1,6,4,3573,14,58,6.82,16.8
2015-05-18,3,1,5,5,3853,66,56,6.78,16.8
2015-05-18,3,1,3,6,4456,4,37,6.79,16.8
2015-05-18,3,2,1,1,4084,18,21,6.81,19.6
2015-05-18,3,2,4,2,4013,12,38,6.79,19.6
2015-05-18,3,2,6,3,3543,8,32,6.74,19.6
2015-05-18,3,2,5,4,4064,46,36,6.66,19.6
2015-05-18,3,2,2,5,3876,6,22,6.74,19.6
2015-05-18,3,2,3,6,4352,13,63,6.85,19.6
2015-05-18,3,3,3,1,3978,57,4,6.75,178.5
2015-05-18,3,3,4,2,3749,47,26,6.84,178.5
2015-05-18,3,3,5,3,4030,59,28,6.81,178.5
2015-05-18,3,3,2,4,3499,9,48,6.89,178.5
2015-05-18,3,3,6,5,3556,15,66,6.77,178.5
2015-05-18,3,3,1,6,4174,35,53,6.77,178.5
2015-05-18,3,4,1,1,3256,25,10,6.86,57.8
2015-05-18,3,4,3,2,4177,10,27,6.86,57.8
2015-05-18,3,4,2,3,3837,7,25,6.85,57.8
2015-05-18,3,4,6,4,3897,62,11,6.82,57.8
2015-05-18,3,4,5,5,3654,5,46,6.75,57.8
2015-05-18,3,4,4,6,4137,52,47,6.86,57.8
2015-05-18,3,5,3,1,4528,58,29,6.81,157.5
2015-05-18,3,5,6,2,3415,44,30,6.82,157.5
2015-05-18,3,5,4,3,4049,64,60,6.84,157.5
2015-05-18,3,5,5,4,4063,49,16,6.87,157.5
2015-05-18,3,5,1,5,4364,17,8,6.82,157.5
2015-05-18,3,5,2,6,3541,19,45,6.82,157.5
2015-05-18,3,6,1,1,4140,45,50,6.86,20.8
2015-05-18,3,6,6,2,4044,38,31,6.74,20.8
2015-05-18,3,6,4,3,3853,66,56,6.81,20.8
2015-05-18,3,6,3,4,4096,60,64,6.83,20.8
2015-05-18,3,6,2,5,3908,21,34,6.89,20.8
2015-05-18,3,6,5,6,3304,41,39,6.91,20.8
2015-05-18,3,7,1,1,3499,9,48,6.86,34.0
2015-05-18,3,7,3,2,4450,1,33,6.82,34.0
2015-05-18,3,7,2,3,3590,29,35,6.88,34.0
2015-05-18,3,7,6,4,3744,37,9,6.85,34.0
2015-05-18,3,7,4,5,4397,33,6,6.78,34.0
2015-05-18,3,7,5,6,3251,55,49,6.83,34.0
2015-05-18,3,8,1,1,4387,23,62,6.88,13.9
2015-05-18,3,8,2,2,3946,53,44,6.79,13.9
2015-05-18,3,8,5,3,3556,15,66,6.82,13.9
2015-05-18,3,8,6,4,4324,39,15,6.82,13.9
2015-05-18,3,8,4,5,3931,36,17,6.95,13.9
2015-05-18,3,8,3,6,3876,6,22,6.84,13.9
2015-05-18,3,9,1,1,4337,63,23,6.78,14.3
2015-05-18,3,9,2,2,4297,50,59,6.72,14.3
2015-05-18,3,9,5,3,3543,8,32,6.84,14.3
2015-05-18,3,9,4,4,3654,5,46,6.72,14.3
2015-05-18,3,9,6,5,4166,43,61,6.91,14.3
2015-05-18,3,9,3,6,4049,64,60,6.8,14.3
2015-05-18,3,10,2,1,3300,16,40,6.9,63.7
2015-05-18,3,10,1,2,4013,12,38,6.82,63.7
2015-05-18,3,10,3,3,3347,31,7,6.9,63.7
2015-05-18,3,10,4,4,4030,59,28,6.87,63.7
2015-05-18,3,10,6,5,4177,10,27,6.88,63.7
2015-05-18,3,10,5,6,4456,4,37,6.87,63.7
2015-05-18,3,11,1,1,3557,56,57,6.81,104.7
2015-05-18,3,11,5,2,4352,13,63,6.97,104.7
2015-05-18,3,11,4,3,3573,14,58,6.88,104.7
2015-05-18,3,11,6,4,3978,57,4,6.85,104.7
2015-05-18,3,11,2,5,4477,27,14,6.9,104.7
2015-05-18,3,11,3,6,3837,7,25,6.96,104.7
2015-05-19,4,1,1,1,4063,49,16,6.76,15.9
2015-05-19,4,1,2,2,4387,23,62,6.82,15.9
2015-05-19,4,1,5,3,4397,33,6,6.81,15.9
2015-05-19,4,1,4,4,4140,45,50,6.82,15.9
2015-05-19,4,1,6,5,3499,9,48,6.82,15.9
2015-05-19,4,1,3,6,4137,52,47,6.94,15.9
2015-05-19,4,2,2,1,4064,46,36,6.75,12.2
2015-05-19,4,2,1,2,3853,66,56,6.77,12.2
2015-05-19,4,2,5,3,3557,56,57,6.8,12.2
2015-05-19,4,2,3,4,3304,41,39,6.85,12.2
2015-05-19,4,2,4,5,4450,1,33,6.88,12.2
2015-05-19,4,2,6,6,4352,13,63,6.84,12.2
2015-05-19,4,3,1,1,3908,21,34,6.85,28.2
2015-05-19,4,3,2,2,4364,17,8,6.81,28.2
2015-05-19,4,3,3,3,4456,4,37,6.84,28.2
2015-05-19,4,3,5,4,4166,43,61,6.82,28.2
2015-05-19,4,3,6,5,4174,35,53,6.89,28.2
2015-05-19,4,3,4,6,4297,50,59,6.74,28.2
2015-05-19,4,4,5,1,4238,48,20,6.84,59.7
2015-05-19,4,4,1,2,3543,8,32,6.77,59.7
2015-05-19,4,4,4,3,3654,5,46,6.74,59.7
2015-05-19,4,4,2,4,4096,60,64,6.76,59.7
2015-05-19,4,4,6,5,3347,31,7,6.75,59.7
2015-05-19,4,4,3,6,4324,39,15,6.77,59.7
2015-05-19,4,5,1,1,3556,15,66,6.81,46.8
2015-05-19,4,5,5,2,4477,27,14,6.91,46.8
2015-05-19,4,5,2,3,4049,64,60,6.85,46.8
2015-05-19,4,5,6,4,3946,53,44,6.77,46.8
2015-05-19,4,5,3,5,3749,47,26,6.86,46.8
2015-05-19,4,5,4,6,4177,10,27,6.83,46.8
2015-05-19,4,6,1,1,3744,37,9,6.72,13.8
2015-05-19,4,6,4,2,3415,44,30,6.81,13.8
2015-05-19,4,6,3,3,3251,55,49,6.81,13.8
2015-05-19,4,6,2,4,4140,45,50,6.84,13.8
2015-05-19,4,6,5,5,4504,28,51,6.79,13.8
2015-05-19,4,6,6,6,3568,32,5,6.84,13.8
2015-05-19,4,7,1,1,3573,14,58,6.82,8.9
2015-05-19,4,7,3,2,4013,12,38,6.85,8.9
2015-05-19,4,7,5,3,3541,19,45,6.78,8.9
2015-05-19,4,7,6,4,4337,63,23,6.85,8.9
2015-05-19,4,7,4,5,3876,6,22,6.85,8.9
2015-05-19,4,7,2,6,4137,52,47,6.81,8.9
2015-05-19,4,8,1,1,3978,57,4,6.81,10.2
2015-05-19,4,8,2,2,4528,58,29,6.92,10.2
2015-05-19,4,8,5,3,3897,62,11,6.88,10.2
2015-05-19,4,8,6,4,3304,41,39,6.83,10.2
2015-05-19,4,8,4,5,4084,18,21,6.86,10.2
2015-05-19,4,8,3,6,4166,43,61,6.86,10.2
2015-05-19,4,9,3,1,3557,56,57,6.77,22.6
2015-05-19,4,9,1,2,3590,29,35,6.84,22.6
2015-05-19,4,9,2,3,3749,47,26,6.87,22.6
2015-05-19,4,9,6,4,4262,24,55,6.93,22.6
2015-05-19,4,9,5,5,3931,36,17,6.89,22.6
2015-05-19,4,9,4,6,3837,7,25,6.96,22.6
2015-05-19,4,10,1,1,4324,39,15,6.83,52.7
2015-05-19,4,10,2,2,3415,44,30,6.82,52.7
2015-05-19,4,10,6,3,3256,25,10,6.91,52.7
2015-05-19,4,10,5,4,3300,16,40,6.88,52.7
2015-05-19,4,10,4,5,3946,53,44,6.77,52.7
2015-05-19,4,10,3,6,4063,49,16,6.8,52.7
2015-05-19,4,11,1,1,4044,38,31,6.72,14.6
2015-05-19,4,11,3,2,4238,48,20,6.79,14.6
2015-05-19,4,11,5,3,4297,50,59,6.79,14.6
2015-05-19,4,11,6,4,3251,55,49,6.86,14.6
2015-05-19,4,11,4,5,4064,46,36,6.77,14.6
2015-05-19,4,11,2,6,4030,59,28,6.82,14.6
2015-05-20,5,1,1,1,4450,1,33,6.83,14.3
2015-05-20,5,1,3,2,3654,5,46,6.78,14.3
2015-05-20,5,1,2,3,3499,9,48,6.84,14.3
2015-05-20,5,1,5,4,4096,60,64,6.77,14.3
2015-05-20,5,1,6,5,4364,17,8,6.82,14.3
2015-05-20,5,1,4,6,3568,32,5,6.75,14.3
2015-05-20,5,2,2,1,4177,10,27,6.81,120.1
2015-05-20,5,2,1,2,4456,4,37,6.84,120.1
2015-05-20,5,2,6,3,3541,19,45,6.83,120.1
2015-05-20,5,2,5,4,4297,50,59,6.77,120.1
2015-05-20,5,2,3,5,4397,33,6,6.73,120.1
2015-05-20,5,2,4,6,4352,13,63,6.87,120.1
2015-05-20,5,3,1,1,3876,6,22,6.8,59.0
2015-05-20,5,3,6,2,3908,21,34,6.83,59.0
2015-05-20,5,3,4,3,3590,29,35,6.87,59.0
2015-05-20,5,3,2,4,3931,36,17,6.83,59.0
2015-05-20,5,3,3,5,4504,28,51,6.81,59.0
2015-05-20,5,3,5,6,4324,39,15,6.76,59.0
2015-05-20,5,4,2,1,3251,55,49,6.9,223.4
2015-05-20,5,4,4,2,3853,66,56,6.77,223.4
2015-05-20,5,4,5,3,4140,45,50,6.84,223.4
2015-05-20,5,4,1,4,3837,7,25,6.9,223.4
2015-05-20,5,4,6,5,4063,49,16,6.82,223.4
2015-05-20,5,4,3,6,4174,35,53,6.85,223.4
2015-05-20,5,5,1,1,4084,18,21,6.8,14.7
2015-05-20,5,5,3,2,4049,64,60,6.87,14.7
2015-05-20,5,5,6,3,4166,43,61,6.85,14.7
2015-05-20,5,5,4,4,4364,17,8,6.89,14.7
2015-05-20,5,5,5,5,4387,23,62,6.86,14.7
2015-05-20,5,5,2,6,3568,32,5,6.88,14.7
2015-05-20,5,6,1,1,3654,5,46,6.81,14.9
2015-05-20,5,6,2,2,3304,41,39,6.86,14.9
2015-05-20,5,6,4,3,4177,10,27,6.76,14.9
2015-05-20,5,6,3,4,4262,24,55,6.89,14.9
2015-05-20,5,6,6,5,4397,33,6,6.79,14.9
2015-05-20,5,6,5,6,4137,52,47,6.85,14.9
2015-05-20,5,7,1,1,3347,31,7,6.84,62.5
2015-05-20,5,7,6,2,3749,47,26,6.9,62.5
2015-05-20,5,7,3,3,3876,6,22,6.87,62.5
2015-05-20,5,7,5,4,3908,21,34,6.93,62.5
2015-05-20,5,7,2,5,4352,13,2,6.93,62.5
2015-05-20,5,7,4,6,3499,9,48,6.9,62.5
2015-05-20,5,8,1,1,3590,29,35,6.83,10.3
2015-05-20,5,8,2,2,3556,15,66,6.86,10.3
2015-05-20,5,8,4,3,4456,4,37,6.81,10.3
2015-05-20,5,8,3,4,3837,7,25,6.86,10.3
2015-05-20,5,8,6,5,4504,28,51,6.82,10.3
2015-05-20,5,8,5,6,4174,35,53,6.87,10.3
2015-05-20,5,9,1,1,3557,56,57,6.74,10.7
2015-05-20,5,9,2,2,4044,38,31,6.69,10.7
2015-05-20,5,9,4,3,4477,27,14,6.82,10.7
2015-05-20,5,9,5,4,4013,12,38,6.82,10.7
2015-05-20,5,9,3,5,3573,14,58,6.74,10.7
2015-05-20,5,9,6,6,4030,59,28,6.89,10.7
2015-05-20,5,10,4,1,3946,53,44,6.81,103.5
2015-05-20,5,10,5,2,3744,37,9,6.83,103.5
2015-05-20,5,10,1,3,3415,44,30,6.79,103.5
2015-05-20,5,10,6,4,3543,8,32,6.75,103.5
2015-05-20,5,10,3,5,3300,16,40,6.85,103.5
2015-05-20,5,10,2,6,3256,25,10,6.77,103.5
2015-05-20,5,11,1,1,4238,48,20,6.78,20.1
2015-05-20,5,11,5,2,4337,63,23,6.79,20.1
2015-05-20,5,11,3,3,3897,62,11,6.77,20.1
2015-05-20,5,11,6,4,4064,46,36,6.72,20.1
2015-05-20,5,11,2,5,4528,58,29,6.77,20.1
2015-05-20,5,11,4,6,3978,57,4,6.79,20.1
2015-05-20,5,12,1,1,3556,15,66,6.73,16.6
2015-05-20,5,12,3,2,3931,36,17,6.77,16.6
2015-05-20,5,12,2,3,3347,31,7,6.81,16.6
2015-05-20,5,12,6,4,4387,23,62,6.8,16.6
2015-05-20,5,12,4,5,3541,19,45,6.74,16.6
2015-05-20,5,12,5,6,4262,24,55,6.8,16.6
2015-05-21,6,1,1,1,3541,19,45,6.69,18.2
2015-05-21,6,1,3,2,4049,64,60,6.77,18.2
2015-05-21,6,1,6,3,3251,55,49,6.84,18.2
2015-05-21,6,1,5,4,4352,13,2,6.88,18.2
2015-05-21,6,1,4,5,3853,66,56,6.76,18.2
2015-05-21,6,1,2,6,4262,24,55,6.72,18.2
2015-05-21,6,2,5,1,4177,10,27,6.76,102.2
2015-05-21,6,2,1,2,4387,23,62,6.77,102.2
2015-05-21,6,2,6,3,4084,18,21,6.74,102.2
2015-05-21,6,2,4,4,4174,35,53,6.83,102.2
2015-05-21,6,2,2,5,4140,45,50,6.86,102.2
2015-05-21,6,2,3,6,4137,52,47,6.84,102.2
2015-05-21,6,3,1,1,4063,49,16,6.77,22.1
2015-05-21,6,3,5,2,3590,29,35,6.82,22.1
2015-05-21,6,3,2,3,4364,17,8,6.79,22.1
2015-05-21,6,3,6,4,3876,6,22,6.83,22.1
2015-05-21,6,3,4,5,3300,16,40,6.81,22.1
2015-05-21,6,3,3,6,4096,60,64,6.74,22.1
2015-05-21,6,4,2,1,3256,25,10,6.77,27.4
2015-05-21,6,4,1,2,4397,33,6,6.7,27.4
2015-05-21,6,4,4,3,3573,14,58,6.79,27.4
2015-05-21,6,4,5,4,3556,15,66,6.79,27.4
2015-05-21,6,4,3,5,3908,21,34,6.8,27.4
2015-05-21,6,4,6,6,3837,7,25,6.77,27.4
2015-05-21,6,5,1,1,3749,47,26,6.73,11.3
2015-05-21,6,5,2,2,4504,28,51,6.74,11.3
2015-05-21,6,5,3,3,3415,44,30,6.75,11.3
2015-05-21,6,5,5,4,3931,36,17,6.73,11.3
2015-05-21,6,5,6,5,3347,31,7,6.64,11.3
2015-05-21,6,5,4,6,4528,58,29,6.75,11.3
2015-05-21,6,7,2,1,3543,8,32,6.8,85.0
2015-05-21,6,7,4,2,3897,62,11,6.78,85.0
2015-05-21,6,7,1,3,4030,59,28,6.81,85.0
2015-05-21,6,7,3,4,3853,66,56,6.77,85.0
2015-05-21,6,7,5,5,3499,9,48,6.81,85.0
2015-05-21,6,7,6,6,3590,29,35,6.8,85.0
2015-05-21,6,8,1,1,4064,46,36,6.68,47.3
2015-05-21,6,8,3,2,4324,39,15,6.72,47.3
2015-05-21,6,8,5,3,4450,1,33,6.76,47.3
2015-05-21,6,8,2,4,4013,12,38,6.8,47.3
2015-05-21,6,8,4,5,4049,64,60,6.83,47.3
2015-05-21,6,8,6,6,3556,15,66,6.79,47.3
2015-05-21,6,9,2,1,4096,60,64,6.77,339.4
2015-05-21,6,9,3,2,3347,31,7,6.8,339.4
2015-05-21,6,9,4,3,4166,43,61,6.9,339.4
2015-05-21,6,9,1,4,3908,21,34,6.78,339.4
2015-05-21,6,9,5,5,3304,41,39,6.86,339.4
2015-05-21,6,9,6,6,4456,4,37,6.89,339.4
2015-05-21,6,10,1,1,4528,58,29,6.79,24.1
2015-05-21,6,10,2,2,3300,16,40,6.8,24.1
2015-05-21,6,10,5,3,3978,57,4,6.84,24.1
2015-05-21,6,10,3,4,3573,14,58,6.73,24.1
2015-05-21,6,10,6,5,4030,59,28,6.8,24.1
2015-05-21,6,10,4,6,3256,25,10,6.71,24.1
2015-05-21,6,11,1,1,3415,44,30,6.74,14.1
2015-05-21,6,11,3,2,4477,27,14,6.87,14.1
2015-05-21,6,11,2,3,3897,62,11,6.85,14.1
2015-05-21,6,11,4,4,4013,12,38,6.84,14.1
2015-05-21,6,11,6,5,4064,46,36,6.75,14.1
2015-05-21,6,11,5,6,3543,8,32,6.84,14.1
2015-05-21,6,12,1,1,4238,48,20,6.78,9.9
2015-05-21,6,12,2,2,3557,56,57,6.79,9.9
2015-05-21,6,12,3,3,3946,53,44,6.8,9.9
2015-05-21,6,12,5,4,4337,63,23,6.84,9.9
2015-05-21,6,12,6,5,3744,37,9,6.79,9.9
2015-05-21,6,12,4,6,4044,38,31,6.71,9.9
2015-05-27,1,1,1,1,3696,15,55,6.71,15.2
2015-05-27,1,1,4,2,3393,47,32,6.87,15.2
2015-05-27,1,1,6,3,3476,18,61,6.9,15.2
2015-05-27,1,1,3,4,4087,34,56,6.84,15.2
2015-05-27,1,1,5,5,4790,30,23,6.84,15.2
2015-05-27,1,1,2,6,3545,57,21,6.88,15.2
2015-05-27,1,2,3,1,4453,48,26,6.77,10.8
2015-05-27,1,2,1,2,3466,8,29,6.8,10.8
2015-05-27,1,2,4,3,3953,43,44,6.78,10.8
2015-05-27,1,2,5,4,2838,26,64,6.91,10.8
2015-05-27,1,2,6,5,4833,62,31,6.86,10.8
2015-05-27,1,2,2,6,3599,3,14,6.85,10.8
2015-05-27,1,3,5,1,4220,60,20,6.71,36.3
2015-05-27,1,3,1,2,4167,41,27,6.81,36.3
2015-05-27,1,3,6,3,3805,51,36,6.87,36.3
2015-05-27,1,3,4,4,3980,54,57,6.74,36.3
2015-05-27,1,3,3,5,3444,9,54,6.81,36.3
2015-05-27,1,3,2,6,4672,24,48,6.73,36.3
2015-05-27,1,4,3,1,4034,53,15,6.69,151.8
2015-05-27,1,4,1,2,3296,29,30,6.81,151.8
2015-05-27,1,4,2,3,3933,2,45,6.73,151.8
2015-05-27,1,4,6,4,3777,5,51,6.76,151.8
2015-05-27,1,4,5,5,4803,59,11,6.81,151.8
2015-05-27,1,4,4,6,3788,61,35,6.77,151.8
2015-05-27,1,5,1,1,4230,16,33,6.78,11.8
2015-05-27,1,5,3,2,3947,25,39,6.73,11.8
2015-05-27,1,5,5,3,4226,39,25,6.83,11.8
2015-05-27,1,5,4,4,3385,50,24,6.85,11.8
2015-05-27,1,5,2,5,4081,37,62,6.74,11.8
2015-05-27,1,5,6,6,4741,33,18,6.76,11.8
2015-05-27,1,6,2,1,3414,46,63,6.7,14.3
2015-05-27,1,6,1,2,3537,14,17,6.7,14.3
2015-05-27,1,6,3,3,3909,49,59,6.77,14.3
2015-05-27,1,6,4,4,4396,20,66,6.73,14.3
2015-05-27,1,6,5,5,4520,17,46,6.74,14.3
2015-05-27,1,6,6,6,4790,30,23,6.88,14.3
2015-05-27,1,7,3,1,4287,23,52,6.76,183.8
2015-05-27,1,7,1,2,4672,24,48,6.82,183.8
2015-05-27,1,7,4,3,3476,18,61,6.78,183.8
2015-05-27,1,7,5,4,3725,40,40,6.77,183.8
2015-05-27,1,7,2,5,3072,35,1,6.86,183.8
2015-05-27,1,7,6,6,4453,48,26,6.82,183.8
2015-05-27,1,8,1,1,4025,19,28,6.68,9.2
2015-05-27,1,8,4,2,3591,63,13,6.76,9.2
2015-05-27,1,8,3,3,3466,8,29,6.83,9.2
2015-05-27,1,8,2,4,3653,11,22,6.87,9.2
2015-05-27,1,8,6,5,4803,59,11,6.77,9.2
2015-05-27,1,8,5,6,4087,34,56,6.84,9.2
2015-05-27,1,9,1,1,4191,22,38,6.77,15.1
2015-05-27,1,9,2,2,2841,27,43,6.73,15.1
2015-05-27,1,9,5,3,3385,50,24,6.82,15.1
2015-05-27,1,9,6,4,3980,54,57,6.77,15.1
2015-05-27,1,9,3,5,4586,65,5,6.7,15.1
2015-05-27,1,9,4,6,3545,57,21,6.7,15.1
2015-05-27,1,10,3,1,3997,45,41,6.76,19.5
2015-05-27,1,10,1,2,4396,20,66,6.79,19.5
2015-05-27,1,10,5,3,3947,25,39,6.74,19.5
2015-05-27,1,10,2,4,4180,28,7,6.78,19.5
2015-05-27,1,10,4,5,3933,2,45,6.76,19.5
2015-05-27,1,10,6,6,3393,47,32,6.8,19.5
2015-05-27,1,11,2,1,3696,15,55,6.74,289.5
2015-05-27,1,11,5,2,3788,61,35,6.74,289.5
2015-05-27,1,11,4,3,4220,60,20,6.72,289.5
2015-05-27,1,11,6,4,3953,43,44,6.78,289.5
2015-05-27,1,11,3,5,3414,46,63,6.76,289.5
2015-05-27,1,11,1,6,3072,35,1,6.78,289.5
2015-05-27,1,12,4,1,4230,16,33,6.78,127.7
2015-05-27,1,12,5,2,3805,51,36,6.79,127.7
2015-05-27,1,12,6,3,4287,23,52,6.84,127.7
2015-05-27,1,12,1,4,3909,49,59,6.7,127.7
2015-05-27,1,12,2,5,4025,19,28,6.7,127.7
2015-05-27,1,12,3,6,3777,5,51,6.72,127.7
2015-05-28,2,1,1,1,3591,63,13,6.69,5.3
2015-05-28,2,1,2,2,3980,54,57,6.77,5.3
2015-05-28,2,1,4,3,4167,41,27,6.89,5.3
2015-05-28,2,1,5,4,4081,37,62,6.88,5.3
2015-05-28,2,1,3,5,3296,29,30,6.79,5.3
2015-05-28,2,1,6,6,4803,59,11,6.78,5.3
2015-05-28,2,2,3,1,4226,39,25,6.74,196.8
2015-05-28,2,2,6,2,4790,30,23,6.83,196.8
2015-05-28,2,2,2,3,4087,34,56,6.78,196.8
2015-05-28,2,2,5,4,3444,9,54,6.78,196.8
2015-05-28,2,2,4,5,4672,24,48,6.79,196.8
2015-05-28,2,2,1,6,2838,26,64,6.81,196.8
2015-05-28,2,3,4,1,4034,53,15,6.71,27.4
2015-05-28,2,3,2,2,4520,17,46,6.76,27.4
2015-05-28,2,3,5,3,3653,11,22,6.73,27.4
2015-05-28,2,3,6,4,3072,35,1,6.82,27.4
2015-05-28,2,3,3,5,3599,3,14,6.81,27.4
2015-05-28,2,3,1,6,3545,57,21,6.78,27.4
2015-05-28,2,5,2,1,4396,20,66,6.8,69.2
2015-05-28,2,5,1,2,2841,27,43,6.76,69.2
2015-05-28,2,5,6,3,4081,37,62,6.76,69.2
2015-05-28,2,5,3,4,3537,14,17,6.77,69.2
2015-05-28,2,5,5,5,4833,62,31,6.8,69.2
2015-05-28,2,5,4,6,4191,22,38,6.84,69.2
2015-05-28,2,6,2,1,3777,5,51,6.75,42.4
2015-05-28,2,6,6,2,3414,46,63,6.75,42.4
2015-05-28,2,6,5,3,4180,28,7,6.8,42.4
2015-05-28,2,6,4,4,4453,48,26,6.73,42.4
2015-05-28,2,6,1,5,3933,2,45,6.78,42.4
2015-05-28,2,6,3,6,3476,18,61,6.77,42.4
2015-05-28,2,7,4,1,4586,65,6,6.83,39.7
2015-05-28,2,7,2,2,3997,45,41,6.76,39.7
2015-05-28,2,7,5,3,4025,19,28,6.81,39.7
2015-05-28,2,7,1,4,3953,43,44,6.77,39.7
2015-05-28,2,7,3,5,4520,17,46,6.77,39.7
2015-05-28,2,7,6,6,3296,29,30,6.8,39.7
2015-05-28,2,8,1,1,4287,23,52,6.8,3.2
2015-05-28,2,8,2,2,3385,50,24,6.81,3.2
2015-05-28,2,8,4,3,3696,15,55,6.81,3.2
2015-05-28,2,8,5,4,3599,3,14,6.9,3.2
2015-05-28,2,8,3,5,2838,26,64,6.82,3.2
2015-05-28,2,8,6,6,4741,33,53,6.76,3.2
2015-05-28,2,9,2,1,4230,16,33,6.79,22.9
2015-05-28,2,9,3,2,3788,61,35,6.81,22.9
2015-05-28,2,9,4,3,3444,9,54,6.73,22.9
2015-05-28,2,9,6,4,4833,62,31,6.82,22.9
2015-05-28,2,9,1,5,3947,25,39,6.7,22.9
2015-05-28,2,9,5,6,3072,35,1,6.85,22.9
2015-05-28,2,12,1,1,3777,5,51,6.76,14.1
2015-05-28,2,12,3,2,3591,63,13,6.77,14.1
2015-05-28,2,12,2,3,4287,23,52,6.77,14.1
2015-05-28,2,12,6,4,4034,53,15,6.75,14.1
2015-05-28,2,12,4,5,2841,27,43,6.74,14.1
2015-05-28,2,12,5,6,4586,65,6,6.77,14.1
2015-05-29,3,1,1,1,3385,50,24,6.82,4.0
2015-05-29,3,1,2,2,4453,48,26,6.77,4.0
2015-05-29,3,1,3,3,4672,24,48,6.79,4.0
2015-05-29,3,1,5,4,4790,30,23,6.86,4.0
2015-05-29,3,1,4,5,3296,29,30,6.86,4.0
2015-05-29,3,1,6,6,3599,3,14,6.74,4.0
2015-05-29,3,2,3,1,3933,2,45,6.72,11.9
2015-05-29,3,2,2,2,3953,43,44,6.74,11.9
2015-05-29,3,2,4,3,4081,37,62,6.78,11.9
2015-05-29,3,2,1,4,4087,34,56,6.81,11.9
2015-05-29,3,2,5,5,4741,33,53,6.85,11.9
2015-05-29,3,2,6,6,2838,26,64,6.84,11.9
2015-05-29,3,4,2,1,3537,14,65,6.75,21.2
2015-05-29,3,4,4,2,4586,65,6,6.81,21.2
2015-05-29,3,4,5,3,3997,45,41,6.82,21.2
2015-05-29,3,4,1,4,3476,18,61,6.86,21.2
2015-05-29,3,4,6,5,4191,22,38,6.85,21.2
2015-05-29,3,4,3,6,3545,57,21,6.82,21.2
2015-05-29,3,5,2,1,4220,60,20,6.77,258.3
2015-05-29,3,5,4,2,4180,28,7,6.74,258.3
2015-05-29,3,5,5,3,4167,41,27,6.79,258.3
2015-05-29,3,5,3,4,4025,19,28,6.71,258.3
2015-05-29,3,5,1,5,3777,5,51,6.75,258.3
2015-05-29,3,5,6,6,4833,62,31,6.81,258.3
2015-05-29,3,6,3,1,3591,63,13,6.75,14.4
2015-05-29,3,6,5,2,4230,16,33,6.88,14.4
2015-05-29,3,6,1,3,3980,54,57,6.78,14.4
2015-05-29,3,6,2,4,3072,35,1,6.92,14.4
2015-05-29,3,6,6,5,4520,17,46,6.74,14.4
2015-05-29,3,6,4,6,2838,26,64,6.85,14.4
2015-05-29,3,7,4,1,3414,46,63,6.74,283.1
2015-05-29,3,7,3,2,3466,8,2,6.75,283.1
2015-05-29,3,7,2,3,3788,61,35,6.77,283.1
2015-05-29,3,7,5,4,4287,23,52,6.75,283.1
2015-05-29,3,7,6,5,4226,39,25,6.74,283.1
2015-05-29,3,7,1,6,4453,48,26,6.8,283.1
2015-05-29,3,8,2,1,3947,25,39,6.79,18.9
2015-05-29,3,8,1,2,3805,51,36,6.85,18.9
2015-05-29,3,8,4,3,3909,49,59,6.78,18.9
2015-05-29,3,8,3,4,4081,37,62,6.71,18.9
2015-05-29,3,8,6,5,4790,30,23,6.85,18.9
2015-05-29,3,8,5,6,3545,57,21,6.86,18.9
2015-05-29,3,9,5,1,4034,53,15,6.73,94.2
2015-05-29,3,9,3,2,4180,28,7,6.81,94.2
2015-05-29,3,9,2,3,3476,18,61,6.81,94.2
2015-05-29,3,9,1,4,3653,11,22,6.79,94.2
2015-05-29,3,9,6,5,2841,27,43,6.74,94.2
2015-05-29,3,9,4,6,4087,34,56,6.79,94.2
2015-05-29,3,10,1,1,4220,60,20,6.76,10.6
2015-05-29,3,10,4,2,3997,45,41,6.76,10.6
2015-05-29,3,10,3,3,3072,35,1,6.84,10.6
2015-05-29,3,10,6,4,3696,15,55,6.8,10.6
2015-05-29,3,10,2,5,3444,9,54,6.78,10.6
2015-05-29,3,10,5,6,3296,29,30,6.89,10.6
2015-05-29,3,11,4,1,4230,16,33,6.84,30.6
2015-05-29,3,11,1,2,3414,46,63,6.73,30.6
2015-05-29,3,11,5,3,4396,20,66,6.82,30.6
2015-05-29,3,11,6,4,3933,2,45,6.72,30.6
2015-05-29,3,11,2,5,4586,65,6,6.78,30.6
2015-05-29,3,11,3,6,3385,50,24,6.79,30.6
2015-05-29,3,12,1,1,4025,19,28,6.73,10.8
2015-05-29,3,12,3,2,3805,51,36,6.82,10.8
2015-05-29,3,12,4,3,3788,61,35,6.8,10.8
2015-05-29,3,12,5,4,4191,22,38,6.88,10.8
2015-05-29,3,12,2,5,3591,63,13,6.77,10.8
2015-05-29,3,12,6,6,4741,33,53,6.8,10.8
2015-05-30,4,1,1,1,3788,61,35,6.86,13.2
2015-05-30,4,1,4,2,3537,14,65,6.81,13.2
2015-05-30,4,1,2,3,3296,29,30,6.85,13.2
2015-05-30,4,1,3,4,3980,54,57,6.87,13.2
2015-05-30,4,1,6,5,4087,34,56,6.88,13.2
2015-05-30,4,1,5,6,4803,59,11,6.9,13.2
2015-05-30,4,2,2,1,4167,41,27,6.79,9.4
2015-05-30,4,2,3,2,3953,43,44,6.79,9.4
2015-05-30,4,2,4,3,4520,17,46,6.81,9.4
2015-05-30,4,2,5,4,3466,8,2,6.81,9.4
2015-05-30,4,2,1,5,3599,3,14,6.82,9.4
2015-05-30,4,2,6,6,4672,24,48,6.91,9.4
2015-05-30,4,3,2,1,4034,53,15,6.71,15.8
2015-05-30,4,3,1,2,4226,39,25,6.84,15.8
2015-05-30,4,3,6,3,4025,19,28,6.74,15.8
2015-05-30,4,3,3,4,3696,15,55,6.83,15.8
2015-05-30,4,3,4,5,3545,57,21,6.84,15.8
2015-05-30,4,3,5,6,3393,47,58,6.81,15.8
2015-05-30,4,4,1,1,4081,37,62,6.79,14.6
2015-05-30,4,4,2,2,2841,27,43,6.83,14.6
2015-05-30,4,4,3,3,4191,22,38,6.92,14.6
2015-05-30,4,4,6,4,3444,9,54,6.79,14.6
2015-05-30,4,4,5,5,4833,62,31,6.84,14.6
2015-05-30,4,4,4,6,3385,50,24,6.88,14.6
2015-05-30,4,5,1,1,4287,23,52,6.74,41.3
2015-05-30,4,5,3,2,4396,20,66,6.81,41.3
2015-05-30,4,5,2,3,2838,26,64,6.88,41.3
2015-05-30,4,5,4,4,3777,5,51,6.77,41.3
2015-05-30,4,5,5,5,4453,48,26,6.84,41.3
2015-05-30,4,5,6,6,4790,30,23,6.9,41.3
2015-05-30,4,6,1,1,4520,17,46,6.74,13.6
2015-05-30,4,6,3,2,4230,16,33,6.8,13.6
2015-05-30,4,6,2,3,3909,49,59,6.75,13.6
2015-05-30,4,6,4,4,3653,11,22,6.85,13.6
2015-05-30,4,6,6,5,4741,33,53,6.83,13.6
2015-05-30,4,6,5,6,3476,18,61,6.78,13.6
2015-05-30,4,7,6,1,3947,25,39,6.78,166.9
2015-05-30,4,7,1,2,4034,53,15,6.74,166.9
2015-05-30,4,7,2,3,3805,51,36,6.89,166.9
2015-05-30,4,7,3,4,3997,45,41,6.88,166.9
2015-05-30,4,7,5,5,3933,2,34,6.82,166.9
2015-05-30,4,7,4,6,3599,3,14,6.91,166.9
2015-05-30,4,8,1,1,4586,65,6,6.77,4.1
2015-05-30,4,8,2,2,3414,46,63,6.78,4.1
2015-05-30,4,8,4,3,4220,60,20,6.83,4.1
2015-05-30,4,8,5,4,4672,24,48,6.84,4.1
2015-05-30,4,8,6,5,4833,62,31,6.8,4.1
2015-05-30,4,8,3,6,3393,47,58,6.82,4.1
2015-05-30,4,9,4,1,3072,35,1,6.83,23.7
2015-05-30,4,9,6,2,3591,63,13,6.78,23.7
2015-05-30,4,9,1,3,4180,28,7,6.82,23.7
2015-05-30,4,9,2,4,4226,39,25,6.81,23.7
2015-05-30,4,9,3,5,2841,27,43,6.92,23.7
2015-05-30,4,9,5,6,3537,14,65,6.82,23.7
2015-05-30,4,10,1,1,3909,49,59,6.78,8.7
2015-05-30,4,10,3,2,4167,41,27,6.87,8.7
2015-05-30,4,10,4,3,3696,15,55,6.86,8.7
2015-05-30,4,10,2,4,4191,22,38,6.84,8.7
2015-05-30,4,10,5,5,3777,5,51,6.87,8.7
2015-05-30,4,10,6,6,4803,59,11,6.86,8.7
2015-05-30,4,11,4,1,4025,19,28,6.8,175.3
2015-05-30,4,11,3,2,3788,61,35,6.8,175.3
2015-05-30,4,11,2,3,4396,20,66,6.78,175.3
2015-05-30,4,11,1,4,3997,45,41,6.8,175.3
2015-05-30,4,11,6,5,3653,11,22,6.97,175.3
2015-05-30,4,11,5,6,3953,43,44,6.86,175.3
2015-05-30,4,12,1,1,4230,16,33,6.74,12.2
2015-05-30,4,12,4,2,4287,23,52,6.85,12.2
2015-05-30,4,12,6,3,4220,60,20,6.78,12.2
2015-05-30,4,12,3,4,3805,51,36,6.87,12.2
2015-05-30,4,12,5,5,3980,54,57,6.79,12.2
2015-05-30,4,12,2,6,3385,50,24,6.9,12.2
2015-05-31,5,1,1,1,3385,50,24,6.78,10.6
2015-05-31,5,1,5,2,3591,63,13,6.72,10.6
2015-05-31,5,1,3,3,4167,41,27,6.75,10.6
2015-05-31,5,1,2,4,4226,39,25,6.72,10.6
2015-05-31,5,1,4,5,2838,26,64,6.81,10.6
2015-05-31,5,1,6,6,3545,57,21,6.74,10.6
2015-05-31,5,2,5,1,3805,51,36,6.79,59.1
2015-05-31,5,2,1,2,4081,37,62,6.82,59.1
2015-05-31,5,2,4,3,4453,48,26,6.74,59.1
2015-05-31,5,2,2,4,3537,14,65,6.7,59.1
2015-05-31,5,2,6,5,4833,62,31,6.78,59.1
2015-05-31,5,2,3,6,3953,43,44,6.8,59.1
2015-05-31,5,3,4,1,3788,61,35,6.81,254.9
2015-05-31,5,3,6,2,4790,30,23,6.81,254.9
2015-05-31,5,3,1,3,4520,17,46,6.75,254.9
2015-05-31,5,3,2,4,3653,11,22,6.89,254.9
2015-05-31,5,3,5,5,4220,60,20,6.72,254.9
2015-05-31,5,3,3,6,3599,3,14,6.76,254.9
2015-05-31,5,4,3,1,3072,35,1,6.93,13.5
2015-05-31,5,4,4,2,4025,19,28,6.77,13.5
2015-05-31,5,4,5,3,4287,23,52,6.8,13.5
2015-05-31,5,4,1,4,3980,54,57,6.87,13.5
2015-05-31,5,4,6,5,4034,53,15,6.72,13.5
2015-05-31,5,4,2,6,3296,29,30,6.85,13.5
2015-05-31,5,5,1,1,3696,15,55,6.77,5.5
2015-05-31,5,5,2,2,3777,5,51,6.75,5.5
2015-05-31,5,5,5,3,3414,46,63,6.81,5.5
2015-05-31,5,5,3,4,3476,18,61,6.8,5.5
2015-05-31,5,5,6,5,4741,33,53,6.79,5.5
2015-05-31,5,5,4,6,3393,47,58,6.76,5.5
2015-05-31,5,6,1,1,4586,65,6,6.75,5.6
2015-05-31,5,6,4,2,3909,49,59,6.75,5.6
2015-05-31,5,6,5,3,3997,45,41,6.79,5.6
2015-05-31,5,6,2,4,4087,34,56,6.87,5.6
2015-05-31,5,6,6,5,4803,59,11,6.82,5.6
2015-05-31,5,6,3,6,3933,2,34,6.76,5.6
2015-05-31,5,7,2,1,3947,25,39,6.77,25.1
2015-05-31,5,7,4,2,4396,20,66,6.81,25.1
2015-05-31,5,7,1,3,4180,28,7,6.82,25.1
2015-05-31,5,7,6,4,4230,16,33,6.9,25.1
2015-05-31,5,7,5,5,4672,24,48,6.88,25.1
2015-05-31,5,7,3,6,3444,9,54,6.85,25.1
2015-05-31,5,8,2,1,3805,51,36,6.91,29.5
2015-05-31,5,8,1,2,4287,23,52,6.86,29.5
2015-05-31,5,8,4,3,3696,15,55,6.88,29.5
2015-05-31,5,8,3,4,3788,61,35,6.88,29.5
2015-05-31,5,8,5,5,4226,39,25,6.84,29.5
2015-05-31,5,8,6,6,4081,37,62,6.83,29.5
2015-05-31,5,9,2,1,3591,63,13,6.83,159.1
2015-05-31,5,9,1,2,4220,60,20,6.84,159.1
2015-05-31,5,9,6,3,3980,54,57,6.83,159.1
2015-05-31,5,9,3,4,4025,19,28,6.84,159.1
2015-05-31,5,9,5,5,3777,5,51,6.89,159.1
2015-05-31,5,9,4,6,4167,41,27,6.9,159.1
2015-05-31,5,10,1,1,4034,53,15,6.86,108.5
2015-05-31,5,10,5,2,3537,14,65,6.85,108.5
2015-05-31,5,10,2,3,3414,46,63,6.82,108.5
2015-05-31,5,10,3,4,3909,49,59,6.82,108.5
2015-05-31,5,10,6,5,3385,50,24,6.92,108.5
2015-05-31,5,10,4,6,4180,28,7,6.96,108.5
2015-05-31,5,11,2,1,3997,45,41,6.83,241.5
2015-05-31,5,11,4,2,3953,43,44,6.82,241.5
2015-05-31,5,11,1,3,4230,16,33,6.83,241.5
2015-05-31,5,11,6,4,4520,17,46,6.86,241.5
2015-05-31,5,11,5,5,4586,65,6,6.85,241.5
2015-05-31,5,11,3,6,4396,20,66,6.83,241.5
2015-05-31,5,12,4,1,3947,25,39,6.76,19.8
2015-05-31,5,12,2,2,3933,2,34,6.77,19.8
2015-05-31,5,12,1,3,2841,27,43,6.85,19.8
2015-05-31,5,12,3,4,4191,22,38,6.93,19.8
2015-05-31,5,12,5,5,4790,30,23,6.89,19.8
2015-05-31,5,12,6,6,3466,8,2,6.84,19.8
2015-06-01,6,1,1,1,4396,20,66,6.78,4.7
2015-06-01,6,1,4,2,3537,14,65,6.77,4.7
2015-06-01,6,1,2,3,3980,54,57,6.78,4.7
2015-06-01,6,1,6,4,4741,33,53,6.7,4.7
2015-06-01,6,1,3,5,2838,26,64,6.82,4.7
2015-06-01,6,1,5,6,4087,34,56,6.85,4.7
2015-06-01,6,2,2,1,4672,24,48,6.72,14.3
2015-06-01,6,2,3,2,3393,47,58,6.77,14.3
2015-06-01,6,2,5,3,3466,8,2,6.81,14.3
2015-06-01,6,2,1,4,3599,3,14,6.75,14.3
2015-06-01,6,2,4,5,3476,18,61,6.82,14.3
2015-06-01,6,2,6,6,3545,57,21,6.81,14.3
2015-06-01,6,3,1,1,4167,41,27,6.76,46.3
2015-06-01,6,3,5,2,3385,50,24,6.8,46.3
2015-06-01,6,3,2,3,4180,28,7,6.78,46.3
2015-06-01,6,3,4,4,4520,17,46,6.75,46.3
2015-06-01,6,3,3,5,3933,2,34,6.7,46.3
2015-06-01,6,3,6,6,4803,59,11,6.76,46.3
2015-06-01,6,4,1,1,4226,39,25,6.77,14.0
2015-06-01,6,4,2,2,3805,51,36,6.79,14.0
2015-06-01,6,4,5,3,4034,53,15,6.72,14.0
2015-06-01,6,4,4,4,3953,43,44,6.7,14.0
2015-06-01,6,4,6,5,2841,27,43,6.86,14.0
2015-06-01,6,4,3,6,3444,9,54,6.85,14.0
2015-06-01,6,6,4,1,3591,63,13,6.71,44.2
2015-06-01,6,6,1,2,3909,49,59,6.68,44.2
2015-06-01,6,6,5,3,4586,65,6,6.72,44.2
2015-06-01,6,6,6,4,4191,22,38,6.84,44.2
2015-06-01,6,6,3,5,4287,23,52,6.79,44.2
2015-06-01,6,6,2,6,4081,37,62,6.71,44.2
2015-06-01,6,7,1,1,3414,46,63,6.71,6.7
2015-06-01,6,7,3,2,3997,45,41,6.76,6.7
2015-06-01,6,7,2,3,4453,48,26,6.82,6.7
2015-06-01,6,7,4,4,3466,8,2,6.76,6.7
2015-06-01,6,7,6,5,3777,5,51,6.76,6.7
2015-06-01,6,7,5,6,3653,11,22,6.91,6.7
2015-06-01,6,8,1,1,3788,61,35,6.76,5.4
2015-06-01,6,8,4,2,3947,25,39,6.8,5.4
2015-06-01,6,8,2,3,4230,16,33,6.81,5.4
2015-06-01,6,8,3,4,3296,29,30,6.86,5.4
2015-06-01,6,8,5,5,3476,18,61,6.83,5.4
2015-06-01,6,8,6,6,4833,62,31,6.76,5.4
2015-06-01,6,9,5,1,3909,49,59,6.75,146.3
2015-06-01,6,9,1,2,3805,51,36,6.81,146.3
2015-06-01,6,9,6,3,4167,41,27,6.74,146.3
2015-06-01,6,9,2,4,4220,60,20,6.73,146.3
2015-06-01,6,9,3,5,3537,14,65,6.74,146.3
2015-06-01,6,9,4,6,3696,15,55,6.79,146.3
2015-06-01,6,10,1,1,4034,53,15,6.73,59.2
2015-06-01,6,10,5,2,4396,20,66,6.79,59.2
2015-06-01,6,10,6,3,4180,28,7,6.78,59.2
2015-06-01,6,10,4,4,3980,54,57,6.79,59.2
2015-06-01,6,10,2,5,4287,23,52,6.82,59.2
2015-06-01,6,10,3,6,3953,43,44,6.73,59.2
2015-06-01,6,11,1,1,3591,63,13,6.68,10.6
2015-06-01,6,11,3,2,4230,16,33,6.81,10.6
2015-06-01,6,11,2,3,3997,45,41,6.74,10.6
2015-06-01,6,11,5,4,4025,19,28,6.7,10.6
2015-06-01,6,11,4,5,3414,46,63,6.74,10.6
2015-06-01,6,11,6,6,3788,61,35,6.69,10.6
2015-06-01,6,12,3,1,4453,48,26,6.81,27.2
2015-06-01,6,12,1,2,3072,35,1,6.79,27.2
2015-06-01,6,12,4,3,4191,22,38,6.78,27.2
2015-06-01,6,12,2,4,3444,9,54,6.78,27.2
2015-06-01,6,12,6,5,4087,34,56,6.82,27.2
2015-06-01,6,12,5,6,3296,29,30,6.84,27.2
2015-06-02,7,1,1,1,4191,22,38,6.8,6.8
2015-06-02,7,1,4,2,4081,37,62,6.78,6.8
2015-06-02,7,1,3,3,4520,17,46,6.8,6.8
2015-06-02,7,1,2,4,3296,29,30,6.79,6.8
2015-06-02,7,1,6,5,3545,57,21,6.83,6.8
2015-06-02,7,1,5,6,4833,62,31,6.85,6.8
2015-06-02,7,2,1,1,4087,34,56,6.8,34.2
2015-06-02,7,2,2,2,3466,8,2,6.79,34.2
2015-06-02,7,2,5,3,4741,33,53,6.75,34.2
2015-06-02,7,2,4,4,3393,47,58,6.75,34.2
2015-06-02,7,2,3,5,2838,26,64,6.83,34.2
2015-06-02,7,2,6,6,3599,3,14,6.75,34.2
2015-06-02,7,4,1,1,4220,60,20,6.74,221.5
2015-06-02,7,4,6,2,4586,65,6,6.77,221.5
2015-06-02,7,4,5,3,4803,59,11,6.78,221.5
2015-06-02,7,4,4,4,3777,5,51,6.73,221.5
2015-06-02,7,4,2,5,3537,14,65,6.72,221.5
2015-06-02,7,4,3,6,3980,54,57,6.71,221.5
2015-06-02,7,5,1,1,3414,46,63,6.71,8.0
2015-06-02,7,5,3,2,3385,50,24,6.9,8.0
2015-06-02,7,5,4,3,2841,27,43,6.87,8.0
2015-06-02,7,5,5,4,4453,48,26,6.77,8.0
2015-06-02,7,5,2,5,3953,43,44,6.76,8.0
2015-06-02,7,5,6,6,4833,62,31,6.75,8.0
2015-06-02,7,6,1,1,3696,15,55,6.89,37.6
2015-06-02,7,6,5,2,3933,2,34,6.81,37.6
2015-06-02,7,6,2,3,4025,19,28,6.8,37.6
2015-06-02,7,6,3,4,4226,39,25,6.77,37.6
2015-06-02,7,6,4,5,3947,25,39,6.73,37.6
2015-06-02,7,6,6,6,3653,11,22,6.84,37.6
2015-06-02,7,7,1,1,3788,61,35,6.78,24.0
2015-06-02,7,7,4,2,4520,17,46,6.89,24.0
2015-06-02,7,7,5,3,3072,35,60,6.9,24.0
2015-06-02,7,7,2,4,4180,28,7,6.9,24.0
2015-06-02,7,7,6,5,4741,33,53,6.84,24.0
2015-06-02,7,7,3,6,3393,47,58,6.83,24.0
2015-06-02,7,8,1,1,4287,23,52,6.86,2.6
2015-06-02,7,8,2,2,3997,45,41,6.85,2.6
2015-06-02,7,8,4,3,4586,65,6,6.82,2.6
2015-06-02,7,8,5,4,4672,24,48,6.83,2.6
2015-06-02,7,8,6,5,4803,59,11,6.89,2.6
2015-06-02,7,8,3,6,3599,3,14,6.85,2.6
2015-06-02,7,9,1,1,3777,5,51,6.76,150.8
2015-06-02,7,9,6,2,4226,39,25,6.85,150.8
2015-06-02,7,9,2,3,2841,27,43,6.83,150.8
2015-06-02,7,9,3,4,3947,25,39,6.81,150.8
2015-06-02,7,9,4,5,3385,50,24,6.94,150.8
2015-06-02,7,9,5,6,4081,37,62,6.83,150.8
2015-06-02,7,10,3,1,4025,19,28,6.74,31.9
2015-06-02,7,10,1,2,4180,28,7,6.85,31.9
2015-06-02,7,10,6,3,3696,15,55,6.82,31.9
2015-06-02,7,10,4,4,3537,14,65,6.81,31.9
2015-06-02,7,10,2,5,3980,54,57,6.89,31.9
2015-06-02,7,10,5,6,3414,46,63,6.75,31.9
2015-06-02,7,11,1,1,3997,45,41,6.77,36.3
2015-06-02,7,11,4,2,4287,23,52,6.79,36.3
2015-06-02,7,11,5,3,3953,43,44,6.77,36.3
2015-06-02,7,11,3,4,4220,60,20,6.76,36.3
2015-06-02,7,11,6,5,3788,61,35,6.78,36.3
2015-06-02,7,11,2,6,4167,41,27,6.82,36.3
2015-06-02,7,12,1,1,4034,53,15,6.73,7.9
2015-06-02,7,12,2,2,3591,63,13,6.77,7.9
2015-06-02,7,12,3,3,3909,49,59,6.77,7.9
2015-06-02,7,12,4,4,3805,51,36,6.94,7.9
2015-06-02,7,12,5,5,4230,16,33,6.92,7.9
2015-06-02,7,12,6,6,4396,20,66,6.87,7.9
2015-06-15,1,1,1,1,4452,36,47,6.81,6.4
2015-06-15,1,1,4,2,2958,56,19,6.81,6.4
2015-06-15,1,1,3,3,3965,61,65,6.89,6.4
2015-06-15,1,1,2,4,4612,6,14,6.87,6.4
2015-06-15,1,1,6,5,2014,26,58,6.88,6.4
2015-06-15,1,1,5,6,4834,30,45,6.8,6.4
2015-06-15,1,2,1,1,3171,60,18,6.8,36.6
2015-06-15,1,2,3,2,4565,19,60,6.7,36.6
2015-06-15,1,2,4,3,4247,52,25,6.81,36.6
2015-06-15,1,2,2,4,3234,13,53,6.89,36.6
2015-06-15,1,2,5,5,4693,34,10,6.83,36.6
2015-06-15,1,2,6,6,4832,63,54,6.78,36.6
2015-06-15,1,3,1,1,3121,31,8,6.76,27.7
2015-06-15,1,3,6,2,3349,46,50,6.84,27.7
2015-06-15,1,3,2,3,4423,28,29,6.79,27.7
2015-06-15,1,3,4,4,4772,55,4,6.84,27.7
2015-06-15,1,3,5,5,3343,12,9,6.82,27.7
2015-06-15,1,3,3,6,4667,57,30,6.79,27.7
2015-06-15,1,4,4,1,3233,48,62,6.8,10.5
2015-06-15,1,4,1,2,4411,66,57,6.85,10.5
2015-06-15,1,4,5,3,4498,64,39,6.82,10.5
2015-06-15,1,4,3,4,4421,40,13,6.78,10.5
2015-06-15,1,4,6,5,4852,18,63,6.82,10.5
2015-06-15,1,4,2,6,4554,24,6,6.84,10.5
2015-06-15,1,5,1,1,3304,17,52,6.84,10.4
2015-06-15,1,5,4,2,3873,8,35,6.89,10.4
2015-06-15,1,5,3,3,3747,14,44,6.79,10.4
2015-06-15,1,5,5,4,3086,33,20,6.86,10.4
2015-06-15,1,5,6,5,4410,7,36,6.9,10.4
2015-06-15,1,5,2,6,4422,11,41,6.89,10.4
2015-06-15,1,6,1,1,4365,65,31,6.88,59.0
2015-06-15,1,6,3,2,4545,4,16,6.76,59.0
2015-06-15,1,6,2,3,4488,5,33,6.8,59.0
2015-06-15,1,6,4,4,4631,38,48,6.83,59.0
2015-06-15,1,6,6,5,4370,54,59,6.9,59.0
2015-06-15,1,6,5,6,4257,44,43,6.84,59.0
2015-06-15,1,7,1,1,2958,56,19,6.81,46.5
2015-06-15,1,7,5,2,4076,21,15,6.89,46.5
2015-06-15,1,7,2,3,3966,59,32,6.84,46.5
2015-06-15,1,7,6,4,4565,19,60,6.83,46.5
2015-06-15,1,7,4,5,3187,53,17,6.82,46.5
2015-06-15,1,7,3,6,4423,28,29,6.8,46.5
2015-06-15,1,8,1,1,4269,1,46,6.79,3.3
2015-06-15,1,8,2,2,4413,49,40,6.75,3.3
2015-06-15,1,8,4,3,4415,58,22,6.81,3.3
2015-06-15,1,8,5,4,4667,57,30,6.84,3.3
2015-06-15,1,8,3,5,3234,13,53,6.89,3.3
2015-06-15,1,8,6,6,4834,30,45,6.85,3.3
2015-06-15,1,9,1,1,3873,8,35,6.86,20.0
2015-06-15,1,9,4,2,3343,12,9,6.87,20.0
2015-06-15,1,9,3,3,4448,10,26,6.88,20.0
2015-06-15,1,9,5,4,2014,26,58,6.96,20.0
2015-06-15,1,9,6,5,4421,40,13,6.87,20.0
2015-06-15,1,9,2,6,4142,39,24,6.84,20.0
2015-06-15,1,10,1,1,4545,4,16,6.78,7.5
2015-06-15,1,10,2,2,4083,32,5,6.77,7.5
2015-06-15,1,10,4,3,4452,36,47,6.8,7.5
2015-06-15,1,10,5,4,4247,52,25,6.87,7.5
2015-06-15,1,10,3,5,4422,11,21,6.86,7.5
2015-06-15,1,10,6,6,4498,64,39,6.87,7.5
2015-06-15,1,11,1,1,3233,48,62,6.81,37.4
2015-06-15,1,11,4,2,4076,21,15,6.96,37.4
2015-06-15,1,11,5,3,3965,61,65,6.86,37.4
2015-06-15,1,11,3,4,4488,5,33,6.87,37.4
2015-06-15,1,11,2,5,3747,14,44,6.8,37.4
2015-06-15,1,11,6,6,4772,55,4,6.87,37.4
2015-06-15,1,12,4,1,4370,54,59,6.81,189.8
2015-06-15,1,12,2,2,4269,1,46,6.77,189.8
2015-06-15,1,12,6,3,4448,10,26,6.86,189.8
2015-06-15,1,12,3,4,3304,17,52,6.8,189.8
2015-06-15,1,12,1,5,3966,59,32,6.79,189.8
2015-06-15,1,12,5,6,3349,46,50,6.82,189.8
2015-06-16,2,1,1,1,4415,58,22,6.79,4.3
2015-06-16,2,1,2,2,4410,7,36,6.82,4.3
2015-06-16,2,1,3,3,4631,38,48,6.72,4.3
2015-06-16,2,1,4,4,4612,6,14,6.79,4.3
2015-06-16,2,1,6,5,4554,24,6,6.81,4.3
2015-06-16,2,1,5,6,4852,18,63,6.84,4.3
2015-06-16,2,2,3,1,4257,44,43,6.76,43.2
2015-06-16,2,2,2,2,3086,33,20,6.76,43.2
2015-06-16,2,2,5,3,4421,40,13,6.77,43.2
2015-06-16,2,2,1,4,4772,55,4,6.79,43.2
2015-06-16,2,2,4,5,4693,34,10,6.81,43.2
2015-06-16,2,2,6,6,4834,30,45,6.76,43.2
2015-06-16,2,4,6,1,4083,32,5,6.87,149.7
2015-06-16,2,4,1,2,3965,61,65,6.9,149.7
2015-06-16,2,4,4,3,4667,57,30,6.82,149.7
2015-06-16,2,4,3,4,3187,53,17,6.86,149.7
2015-06-16,2,4,2,5,4247,52,25,6.88,149.7
2015-06-16,2,4,5,6,4832,63,54,6.78,149.7
2015-06-16,2,5,1,1,3343,12,9,6.81,20.2
2015-06-16,2,5,3,2,4370,54,59,6.88,20.2
2015-06-16,2,5,2,3,4411,66,57,6.82,20.2
2015-06-16,2,5,4,4,4413,49,40,6.72,20.2
2015-06-16,2,5,5,5,2958,56,19,6.8,20.2
2015-06-16,2,5,6,6,4852,18,63,6.93,20.2
2015-06-16,2,6,2,1,4452,36,47,6.81,54.7
2015-06-16,2,6,4,2,4565,19,60,6.84,54.7
2015-06-16,2,6,1,3,4422,11,21,6.88,54.7
2015-06-16,2,6,5,4,3873,8,35,6.88,54.7
2015-06-16,2,6,3,5,4693,34,10,6.85,54.7
2015-06-16,2,6,6,6,3966,59,32,6.86,54.7
2015-06-16,2,7,2,1,4448,10,26,6.83,9.9
2015-06-16,2,7,3,2,4498,64,39,6.87,9.9
2015-06-16,2,7,1,3,3234,13,53,6.95,9.9
2015-06-16,2,7,6,4,4142,39,24,6.94,9.9
2015-06-16,2,7,5,5,4423,28,29,6.84,9.9
2015-06-16,2,7,4,6,4554,24,6,6.85,9.9
2015-06-16,2,8,1,1,3349,46,50,6.8,3.1
2015-06-16,2,8,2,2,4076,21,15,6.88,3.1
2015-06-16,2,8,4,3,4488,5,33,6.8,3.1
2015-06-16,2,8,6,4,4832,63,54,6.8,3.1
2015-06-16,2,8,3,5,3086,33,20,6.87,3.1
2015-06-16,2,8,5,6,4612,6,14,6.83,3.1
2015-06-16,2,9,3,1,4411,66,57,6.82,174.1
2015-06-16,2,9,5,2,4269,1,46,6.85,174.1
2015-06-16,2,9,4,3,4257,44,43,6.9,174.1
2015-06-16,2,9,6,4,3304,17,52,6.94,174.1
2015-06-16,2,9,2,5,4545,4,16,6.85,174.1
2015-06-16,2,9,1,6,4410,7,36,6.85,174.1
2015-06-16,2,10,1,1,3747,14,44,6.76,15.0
2015-06-16,2,10,3,2,3343,12,9,6.84,15.0
2015-06-16,2,10,2,3,3233,48,62,6.85,15.0
2015-06-16,2,10,5,4,3966,59,32,6.9,15.0
2015-06-16,2,10,6,5,4631,38,48,6.79,15.0
2015-06-16,2,10,4,6,4365,65,31,6.91,15.0
2015-06-16,2,11,1,1,4448,10,26,6.79,34.0
2015-06-16,2,11,6,2,4413,49,40,6.86,34.0
2015-06-16,2,11,3,3,4452,36,47,6.88,34.0
2015-06-16,2,11,2,4,4415,58,22,6.86,34.0
2015-06-16,2,11,5,5,4083,32,5,6.9,34.0
2015-06-16,2,11,4,6,3171,60,18,6.89,34.0
2015-06-16,2,12,3,1,3873,8,35,6.89,444.0
2015-06-16,2,12,4,2,4142,39,24,6.84,444.0
2015-06-16,2,12,2,3,3349,46,50,6.85,444.0
2015-06-16,2,12,1,4,4370,54,59,6.79,444.0
2015-06-16,2,12,5,5,3187,53,17,6.88,444.0
2015-06-16,2,12,6,6,3121,31,8,6.77,444.0
2015-06-17,3,1,1,1,3187,53,17,6.82,39.6
2015-06-17,3,1,3,2,4410,7,36,6.88,39.6
2015-06-17,3,1,6,3,4693,34,10,6.77,39.6
2015-06-17,3,1,2,4,4421,40,13,6.76,39.6
2015-06-17,3,1,5,5,4631,38,48,6.83,39.6
2015-06-17,3,1,4,6,3234,13,53,6.89,39.6
2015-06-17,3,2,6,1,3965,61,65,6.81,110.3
2015-06-17,3,2,3,2,4554,24,6,6.87,110.3
2015-06-17,3,2,4,3,4423,28,29,6.8,110.3
2015-06-17,3,2,1,4,3086,33,20,6.86,110.3
2015-06-17,3,2,5,5,4834,30,45,6.76,110.3
2015-06-17,3,2,2,6,4667,57,30,6.74,110.3
2015-06-17,3,3,4,1,3349,46,50,6.73,38.1
2015-06-17,3,3,6,2,4257,44,43,6.81,38.1
2015-06-17,3,3,3,3,2958,56,19,6.78,38.1
2015-06-17,3,3,5,4,4142,39,24,6.83,38.1
2015-06-17,3,3,2,5,4772,55,4,6.9,38.1
2015-06-17,3,3,1,6,4612,6,14,6.81,38.1
2015-06-17,3,4,1,1,4247,52,25,6.89,71.9
2015-06-17,3,4,6,2,3747,14,44,6.87,71.9
2015-06-17,3,4,3,3,4413,49,40,6.84,71.9
2015-06-17,3,4,4,4,4498,64,39,6.83,71.9
2015-06-17,3,4,5,5,4422,11,21,6.84,71.9
2015-06-17,3,4,2,6,2014,26,58,6.91,71.9
2015-06-17,3,5,1,1,4488,5,33,6.82,12.2
2015-06-17,3,5,4,2,4269,1,46,6.77,12.2
2015-06-17,3,5,2,3,4565,19,60,6.76,12.2
2015-06-17,3,5,5,4,3121,31,8,6.78,12.2
2015-06-17,3,5,6,5,4832,63,54,6.82,12.2
2015-06-17,3,5,3,6,4415,58,22,6.85,12.2
2015-06-17,3,6,3,1,4076,21,15,6.81,92.8
2015-06-17,3,6,5,2,4410,7,36,6.94,92.8
2015-06-17,3,6,2,3,4083,32,5,6.85,92.8
2015-06-17,3,6,4,4,4545,4,16,6.78,92.8
2015-06-17,3,6,1,5,4667,57,30,6.77,92.8
2015-06-17,3,6,6,6,4852,18,63,6.9,92.8
2015-06-17,3,7,4,1,4452,36,47,6.88,42.8
2015-06-17,3,7,1,2,4421,40,13,6.82,42.8
2015-06-17,3,7,2,3,3343,12,9,6.81,42.8
2015-06-17,3,7,5,4,3233,48,62,6.81,42.8
2015-06-17,3,7,3,5,3171,60,18,6.83,42.8
2015-06-17,3,7,6,6,4834,30,45,6.82,42.8
2015-06-17,3,8,1,1,4448,10,26,6.8,20.1
2015-06-17,3,8,3,2,4772,55,4,6.87,20.1
2015-06-17,3,8,4,3,3304,17,34,6.84,20.1
2015-06-17,3,8,2,4,3187,53,17,6.88,20.1
2015-06-17,3,8,5,5,4554,24,6,6.85,20.1
2015-06-17,3,8,6,6,4422,11,21,6.87,20.1
2015-06-17,3,10,5,1,4370,54,59,6.75,65.8
2015-06-17,3,10,6,2,3234,13,53,6.88,65.8
2015-06-17,3,10,1,3,4076,21,15,6.81,65.8
2015-06-17,3,10,4,4,2014,26,58,6.89,65.8
2015-06-17,3,10,2,5,4365,65,31,6.8,65.8
2015-06-17,3,10,3,6,4142,39,24,6.83,65.8
2015-06-17,3,11,3,1,4269,1,46,6.76,21.3
2015-06-17,3,11,4,2,3343,12,9,6.77,21.3
2015-06-17,3,11,5,3,3747,14,44,6.78,21.3
2015-06-17,3,11,2,4,2958,56,19,6.83,21.3
2015-06-17,3,11,1,5,4083,32,5,6.85,21.3
2015-06-17,3,11,6,6,4423,28,29,6.88,21.3
2015-06-17,3,12,1,1,3304,17,34,6.86,22.8
2015-06-17,3,12,3,2,3233,48,62,6.82,22.8
2015-06-17,3,12,6,3,4415,58,22,6.78,22.8
2015-06-17,3,12,5,4,4545,4,16,6.77,22.8
2015-06-17,3,12,2,5,4498,64,39,6.85,22.8
2015-06-17,3,12,4,6,3965,61,65,6.91,22.8
2015-06-18,4,1,4,1,4410,7,36,6.81,56.6
2015-06-18,4,1,6,2,4365,65,31,6.93,56.6
2015-06-18,4,1,1,3,4498,64,39,6.75,56.6
2015-06-18,4,1,2,4,4257,44,43,6.84,56.6
2015-06-18,4,1,3,5,4612,6,14,6.79,56.6
2015-06-18,4,1,5,6,4832,63,54,6.86,56.6
2015-06-18,4,3,5,1,4448,10,26,6.78,50.9
2015-06-18,4,3,1,2,4423,28,29,6.8,50.9
2015-06-18,4,3,4,3,4415,58,22,6.72,50.9
2015-06-18,4,3,2,4,4142,39,24,6.85,50.9
2015-06-18,4,3,3,5,3121,31,8,6.83,50.9
2015-06-18,4,3,6,6,3171,60,18,6.87,50.9
2015-06-18,4,4,2,1,4370,54,59,6.77,10.8
2015-06-18,4,4,3,2,4247,52,25,6.87,10.8
2015-06-18,4,4,4,3,4452,36,47,6.85,10.8
2015-06-18,4,4,6,4,4413,49,40,6.8,10.8
2015-06-18,4,4,1,5,4554,24,6,6.87,10.8
2015-06-18,4,4,5,6,4667,57,30,6.77,10.8
2015-06-18,4,5,1,1,3873,8,35,6.89,6.9
2015-06-18,4,5,2,2,3965,61,65,6.86,6.9
2015-06-18,4,5,3,3,4083,32,5,6.86,6.9
2015-06-18,4,5,4,4,3187,53,17,6.85,6.9
2015-06-18,4,5,5,5,4772,55,4,6.86,6.9
2015-06-18,4,5,6,6,4834,30,45,6.85,6.9
2015-06-18,4,6,1,1,4257,44,43,6.88,17.4
2015-06-18,4,6,2,2,3747,14,44,6.73,17.4
2015-06-18,4,6,4,3,4269,1,46,6.75,17.4
2015-06-18,4,6,3,4,3233,48,62,6.8,17.4
2015-06-18,4,6,6,5,3086,33,20,6.88,17.4
2015-06-18,4,6,5,6,3234,13,53,6.92,17.4
2015-06-18,4,7,5,1,4565,19,60,6.82,945.4
2015-06-18,4,7,4,2,4076,21,15,6.87,945.4
2015-06-18,4,7,6,3,4612,6,14,6.86,945.4
2015-06-18,4,7,1,4,4631,38,48,6.77,945.4
2015-06-18,4,7,3,5,4488,5,33,6.81,945.4
2015-06-18,4,7,2,6,3304,17,34,6.86,945.4
2015-06-18,4,8,1,1,4370,54,59,6.75,8.0
2015-06-18,4,8,4,2,4545,4,16,6.76,8.0
2015-06-18,4,8,3,3,4421,40,13,6.83,8.0
2015-06-18,4,8,2,4,4498,64,39,6.77,8.0
2015-06-18,4,8,6,5,4852,18,63,6.86,8.0
2015-06-18,4,8,5,6,3171,60,18,6.79,8.0
2015-06-18,4,9,3,1,3343,12,9,6.9,31.6
2015-06-18,4,9,4,2,4083,32,5,6.82,31.6
2015-06-18,4,9,6,3,4411,66,57,6.84,31.6
2015-06-18,4,9,5,4,4365,65,31,6.95,31.6
2015-06-18,4,9,1,5,4142,39,24,6.92,31.6
2015-06-18,4,9,2,6,4693,34,10,6.88,31.6
2015-06-18,4,10,4,1,3747,14,44,6.82,60.8
2015-06-18,4,10,1,2,3349,46,50,6.8,60.8
2015-06-18,4,10,2,3,3121,31,8,6.82,60.8
2015-06-18,4,10,5,4,4452,36,47,6.85,60.8
2015-06-18,4,10,3,5,3187,53,17,6.84,60.8
2015-06-18,4,10,6,6,4832,63,54,6.89,60.8
2015-06-18,4,11,2,1,4076,21,15,6.86,55.0
2015-06-18,4,11,4,2,3873,8,35,6.87,55.0
2015-06-18,4,11,1,3,3233,48,62,6.83,55.0
2015-06-18,4,11,5,4,4415,58,22,6.79,55.0
2015-06-18,4,11,6,5,4247,52,25,6.84,55.0
2015-06-18,4,11,3,6,2958,56,19,6.8,55.0
2015-06-18,4,12,1,1,4269,1,46,6.82,14.2
2015-06-18,4,12,3,2,4448,10,26,6.87,14.2
2015-06-18,4,12,4,3,4421,40,13,6.93,14.2
2015-06-18,4,12,5,4,4488,5,7,6.84,14.2
2015-06-18,4,12,2,5,4545,4,16,6.77,14.2
2015-06-18,4,12,6,6,4667,57,30,6.93,14.2
2015-06-19,5,1,4,1,4631,38,37,6.76,82.9
2015-06-19,5,1,1,2,4415,58,22,6.77,82.9
2015-06-19,5,1,2,3,4667,57,30,6.84,82.9
2015-06-19,5,1,5,4,4421,40,13,6.81,82.9
2015-06-19,5,1,3,5,3234,13,53,6.88,82.9
2015-06-19,5,1,6,6,4852,18,63,6.83,82.9
2015-06-19,5,2,3,1,3086,33,20,6.77,143.1
2015-06-19,5,2,2,2,4772,55,4,6.79,143.1
2015-06-19,5,2,6,3,4832,63,54,6.81,143.1
2015-06-19,5,2,4,4,4422,11,21,6.84,143.1
2015-06-19,5,2,5,5,4554,24,6,6.78,143.1
2015-06-19,5,2,1,6,2014,26,58,6.86,143.1
2015-06-19,5,3,1,1,4247,52,25,6.74,17.0
2015-06-19,5,3,3,2,3965,61,65,6.82,17.0
2015-06-19,5,3,4,3,3747,14,44,6.75,17.0
2015-06-19,5,3,6,4,3873,8,35,6.84,17.0
2015-06-19,5,3,5,5,4423,28,29,6.78,17.0
2015-06-19,5,3,2,6,3171,60,18,6.82,17.0
2015-06-19,5,4,1,1,2958,56,19,6.73,86.9
2015-06-19,5,4,2,2,4257,44,43,6.74,86.9
2015-06-19,5,4,6,3,4488,5,7,6.72,86.9
2015-06-19,5,4,4,4,3349,46,50,6.71,86.9
2015-06-19,5,4,3,5,3304,17,34,6.78,86.9
2015-06-19,5,4,5,6,4834,30,45,6.79,86.9
2015-06-19,5,5,1,1,4076,21,15,6.89,6.8
2015-06-19,5,5,3,2,3233,48,62,6.79,6.8
2015-06-19,5,5,4,3,4370,54,59,6.76,6.8
2015-06-19,5,5,5,4,4612,6,14,6.82,6.8
2015-06-19,5,5,6,5,4411,66,57,6.73,6.8
2015-06-19,5,5,2,6,4693,34,10,6.86,6.8
2015-06-19,5,6,1,1,4545,4,16,6.74,11.2
2015-06-19,5,6,2,2,3121,31,8,6.77,11.2
2015-06-19,5,6,5,3,4269,1,46,6.75,11.2
2015-06-19,5,6,6,4,3187,53,17,6.91,11.2
2015-06-19,5,6,3,5,4565,19,60,6.81,11.2
2015-06-19,5,6,4,6,4365,65,31,6.82,11.2
2015-06-19,5,7,2,1,4448,10,26,6.7,9.1
2015-06-19,5,7,1,2,3343,12,9,6.77,9.1
2015-06-19,5,7,6,3,4413,49,40,6.76,9.1
2015-06-19,5,7,3,4,4410,7,36,6.72,9.1
2015-06-19,5,7,5,5,3234,13,53,6.85,9.1
2015-06-19,5,7,4,6,2014,26,58,6.89,9.1
2015-06-19,5,8,5,1,4631,38,37,6.75,137.6
2015-06-19,5,8,1,2,4083,32,5,6.75,137.6
2015-06-19,5,8,2,3,4452,36,47,6.8,137.6
2015-06-19,5,8,4,4,4498,64,39,6.79,137.6
2015-06-19,5,8,3,5,4423,28,29,6.76,137.6
2015-06-19,5,8,6,6,4834,30,45,6.81,137.6
2015-06-19,5,9,1,1,3873,8,35,6.9,8.6
2015-06-19,5,9,2,2,3349,46,50,6.77,8.6
2015-06-19,5,9,3,3,3747,14,44,6.75,8.6
2015-06-19,5,9,5,4,4545,4,16,6.76,8.6
2015-06-19,5,9,4,5,3233,48,62,6.78,8.6
2015-06-19,5,9,6,6,2958,56,19,6.79,8.6
2015-06-19,5,10,5,1,4257,44,43,6.82,518.3
2015-06-19,5,10,1,2,4269,1,46,6.74,518.3
2015-06-19,5,10,3,3,3343,12,9,6.75,518.3
2015-06-19,5,10,6,4,4415,58,22,6.75,518.3
2015-06-19,5,10,4,5,3304,17,34,6.85,518.3
2015-06-19,5,10,2,6,4370,54,59,6.74,518.3
2015-06-19,5,11,1,1,4448,10,26,6.75,177.1
2015-06-19,5,11,6,2,4247,52,25,6.83,177.1
2015-06-19,5,11,4,3,4565,19,60,6.82,177.1
2015-06-19,5,11,5,4,4083,32,5,6.88,177.1
2015-06-19,5,11,2,5,4076,21,15,6.77,177.1
2015-06-19,5,11,3,6,4452,36,47,6.87,177.1
2015-06-19,5,12,1,1,4498,64,39,6.77,18.1
2015-06-19,5,12,3,2,4488,5,7,6.81,18.1
2015-06-19,5,12,4,3,3187,53,17,6.8,18.1
2015-06-19,5,12,2,4,3965,61,65,6.88,18.1
2015-06-19,5,12,6,5,4422,11,21,6.87,18.1
2015-06-19,5,12,5,6,4410,7,36,6.78,18.1
2015-06-20,6,1,1,1,3187,53,17,6.92,5.7
2015-06-20,6,1,2,2,4410,7,36,6.83,5.7
2015-06-20,6,1,3,3,4365,65,31,6.94,5.7
2015-06-20,6,1,4,4,3086,33,20,6.9,5.7
2015-06-20,6,1,6,5,3171,60,18,6.94,5.7
2015-06-20,6,1,5,6,4852,18,63,6.9,5.7
2015-06-20,6,2,2,1,4421,40,13,6.85,57.1
2015-06-20,6,2,3,2,4554,24,6,6.89,57.1
2015-06-20,6,2,1,3,4422,11,21,6.92,57.1
2015-06-20,6,2,4,4,3234,13,53,6.91,57.1
2015-06-20,6,2,6,5,2014,26,58,6.95,57.1
2015-06-20,6,2,5,6,4667,57,30,6.88,57.1
2015-06-20,6,3,2,1,4423,28,29,6.8,86.9
2015-06-20,6,3,1,2,2958,56,19,6.8,86.9
2015-06-20,6,3,5,3,4832,63,54,6.83,86.9
2015-06-20,6,3,3,4,3965,61,65,6.9,86.9
2015-06-20,6,3,4,5,4693,34,10,6.82,86.9
2015-06-20,6,3,6,6,4834,30,45,6.87,86.9
2015-06-20,6,4,1,1,4083,32,5,6.85,29.8
2015-06-20,6,4,3,2,4631,38,37,6.74,29.8
2015-06-20,6,4,6,3,4411,66,57,6.82,29.8
2015-06-20,6,4,2,4,4415,58,22,6.77,29.8
2015-06-20,6,4,4,5,4612,6,14,6.88,29.8
2015-06-20,6,4,5,6,4565,19,60,6.82,29.8
2015-06-20,6,5,1,1,4452,36,47,6.78,32.3
2015-06-20,6,5,5,2,3121,31,8,6.83,32.3
2015-06-20,6,5,2,3,4076,21,15,6.83,32.3
2015-06-20,6,5,4,4,4488,5,7,6.8,32.3
2015-06-20,6,5,6,5,4852,18,63,6.89,32.3
2015-06-20,6,5,3,6,3086,33,20,6.79,32.3
2015-06-20,6,6,1,1,4370,54,59,6.7,23.8
2015-06-20,6,6,2,2,4554,24,6,6.78,23.8
2015-06-20,6,6,3,3,3747,14,44,6.71,23.8
2015-06-20,6,6,4,4,4410,7,36,6.83,23.8
2015-06-20,6,6,5,5,4772,55,4,6.89,23.8
2015-06-20,6,6,6,6,4498,64,39,6.75,23.8
2015-06-20,6,7,5,1,3965,61,65,6.76,113.9
2015-06-20,6,7,4,2,4365,65,31,6.79,113.9
2015-06-20,6,7,1,3,3233,48,62,6.72,113.9
2015-06-20,6,7,6,4,3343,12,9,6.72,113.9
2015-06-20,6,7,2,5,3234,13,53,6.86,113.9
2015-06-20,6,7,3,6,4612,6,14,6.75,113.9
2015-06-20,6,8,1,1,3304,17,34,6.8,63.6
2015-06-20,6,8,4,2,3187,53,17,6.81,63.6
2015-06-20,6,8,5,3,4693,34,10,6.81,63.6
2015-06-20,6,8,2,4,4545,4,16,6.72,63.6
2015-06-20,6,8,3,5,4421,40,13,6.78,63.6
2015-06-20,6,8,6,6,4832,63,54,6.85,63.6
2015-06-20,6,9,1,1,4488,5,11,6.77,14.7
2015-06-20,6,9,3,2,3121,31,8,6.82,14.7
2015-06-20,6,9,2,3,4631,38,37,6.71,14.7
2015-06-20,6,9,6,4,4413,49,40,6.83,14.7
2015-06-20,6,9,5,5,4498,64,39,6.85,14.7
2015-06-20,6,9,4,6,4772,55,4,6.83,14.7
2015-06-20,6,10,2,1,4565,19,60,6.73,186.1
2015-06-20,6,10,5,2,4370,54,59,6.7,186.1
2015-06-20,6,10,3,3,4415,58,22,6.75,186.1
2015-06-20,6,10,4,4,4076,21,15,6.81,186.1
2015-06-20,6,10,1,5,3747,14,44,6.74,186.1
2015-06-20,6,10,6,6,2958,56,19,6.76,186.1
2015-06-20,6,11,1,1,3343,12,9,6.74,44.3
2015-06-20,6,11,5,2,3304,17,34,6.83,44.3
2015-06-20,6,11,4,3,3233,48,62,6.74,44.3
2015-06-20,6,11,3,4,4545,4,16,6.77,44.3
2015-06-20,6,11,6,5,4452,36,47,6.84,44.3
2015-06-20,6,11,2,6,4083,32,5,6.81,44.3
2015-06-20,6,12,1,1,4448,10,26,6.74,8.7
2015-06-20,6,12,2,2,3873,8,35,6.8,8.7
2015-06-20,6,12,4,3,4269,1,46,6.65,8.7
2015-06-20,6,12,5,4,3349,46,50,6.73,8.7
2015-06-20,6,12,3,5,4257,44,43,6.83,8.7
2015-06-20,6,12,6,6,4247,52,25,6.84,8.7
2015-06-23,1,1,1,1,3718,25,35,6.75,10.6
2015-06-23,1,1,2,2,3137,20,52,6.86,10.6
2015-06-23,1,1,3,3,4555,34,44,6.8,10.6
2015-06-23,1,1,6,4,3889,47,36,6.84,10.6
2015-06-23,1,1,4,5,4563,16,6,6.86,10.6
2015-06-23,1,1,5,6,4791,45,28,6.85,10.6
2015-06-23,1,2,4,1,4731,46,5,6.86,18.1
2015-06-23,1,2,5,2,4659,31,59,6.82,18.1
2015-06-23,1,2,1,3,2698,19,2,6.77,18.1
2015-06-23,1,2,6,4,4282,43,50,6.89,18.1
2015-06-23,1,2,3,5,3104,28,60,6.72,18.1
2015-06-23,1,2,2,6,2785,9,47,6.85,18.1
2015-06-23,1,3,1,1,3273,23,10,6.82,45.8
2015-06-23,1,3,5,2,4289,40,13,6.81,45.8
2015-06-23,1,3,3,3,4754,51,37,6.79,45.8
2015-06-23,1,3,2,4,3400,21,39,6.91,45.8
2015-06-23,1,3,4,5,3317,59,34,6.84,45.8
2015-06-23,1,3,6,6,4460,61,43,6.8,45.8
2015-06-23,1,4,3,1,4122,50,11,6.71,13.8
2015-06-23,1,4,6,2,4210,7,55,6.79,13.8
2015-06-23,1,4,1,3,3280,38,41,6.72,13.8
2015-06-23,1,4,2,4,4673,63,15,6.75,13.8
2015-06-23,1,4,5,5,4126,1,29,6.83,13.8
2015-06-23,1,4,4,6,4187,4,23,6.83,13.8
2015-06-23,1,5,4,1,4466,13,51,6.93,52.2
2015-06-23,1,5,3,2,2942,49,33,6.83,52.2
2015-06-23,1,5,6,3,4713,2,48,6.84,52.2
2015-06-23,1,5,5,4,3891,55,24,6.99,52.2
2015-06-23,1,5,2,5,3642,44,9,6.88,52.2
2015-06-23,1,5,1,6,4702,62,57,6.84,52.2
2015-06-23,1,6,2,1,4539,37,25,6.85,28.0
2015-06-23,1,6,6,2,4475,8,65,6.79,28.0
2015-06-23,1,6,3,3,4270,29,26,6.89,28.0
2015-06-23,1,6,1,4,4563,16,6,6.87,28.0
2015-06-23,1,6,5,5,4627,27,62,6.92,28.0
2015-06-23,1,6,4,6,3401,11,30,6.92,28.0
2015-06-23,1,7,2,1,4547,35,38,6.85,34.2
2015-06-23,1,7,6,2,4052,53,31,6.88,34.2
2015-06-23,1,7,4,3,3137,20,52,6.9,34.2
2015-06-23,1,7,5,4,4754,51,37,6.9,34.2
2015-06-23,1,7,3,5,4318,6,8,6.86,34.2
2015-06-23,1,7,1,6,2785,9,47,6.91,34.2
2015-06-23,1,8,1,1,3999,66,46,6.76,4.7
2015-06-23,1,8,2,2,3280,38,41,6.79,4.7
2015-06-23,1,8,4,3,4289,40,13,6.81,4.7
2015-06-23,1,8,3,4,3551,41,27,6.79,4.7
2015-06-23,1,8,5,5,4282,43,50,6.95,4.7
2015-06-23,1,8,6,6,4791,45,28,6.95,4.7
2015-06-23,1,9,3,1,4015,39,17,6.87,23.8
2015-06-23,1,9,4,2,3889,47,36,6.9,23.8
2015-06-23,1,9,5,3,4105,22,66,6.93,23.8
2015-06-23,1,9,2,4,3694,26,49,6.91,23.8
2015-06-23,1,9,6,5,4187,4,23,6.86,23.8
2015-06-23,1,9,1,6,3317,59,56,6.86,23.8
2015-06-23,1,10,3,1,4427,15,64,6.8,70.4
2015-06-23,1,10,4,2,4175,3,22,6.96,70.4
2015-06-23,1,10,6,3,4466,13,51,6.94,70.4
2015-06-23,1,10,5,4,4731,46,5,6.79,70.4
2015-06-23,1,10,2,5,3273,23,10,6.79,70.4
2015-06-23,1,10,1,6,3401,11,30,6.91,70.4
2015-06-23,1,11,1,1,4539,37,25,6.85,17.5
2015-06-23,1,11,3,2,3718,25,35,6.9,17.5
2015-06-23,1,11,4,3,4052,53,31,6.84,17.5
2015-06-23,1,11,2,4,4702,62,57,6.79,17.5
2015-06-23,1,11,6,5,4659,31,59,6.92,17.5
2015-06-23,1,11,5,6,4122,50,11,6.79,17.5
2015-06-23,1,12,5,1,4460,61,43,6.89,173.1
2015-06-23,1,12,2,2,2942,49,33,6.89,173.1
2015-06-23,1,12,1,3,4547,35,38,6.87,173.1
2015-06-23,1,12,3,4,3999,66,46,6.81,173.1
2015-06-23,1,12,4,5,4210,7,55,6.91,173.1
2015-06-23,1,12,6,6,4015,39,17,6.93,173.1
2015-06-24,2,1,1,1,4122,50,11,6.74,50.7
2015-06-24,2,1,6,2,4754,51,37,6.75,50.7
2015-06-24,2,1,4,3,2698,19,2,6.82,50.7
2015-06-24,2,1,2,4,4475,8,65,6.67,50.7
2015-06-24,2,1,3,5,4627,27,62,6.86,50.7
2015-06-24,2,1,5,6,2785,9,47,6.85,50.7
2015-06-24,2,2,2,1,4713,2,48,6.82,16.2
2015-06-24,2,2,1,2,4187,4,23,6.78,16.2
2015-06-24,2,2,3,3,3642,44,9,6.75,16.2
2015-06-24,2,2,4,4,3400,21,39,6.9,16.2
2015-06-24,2,2,6,5,4791,45,28,6.86,16.2
2015-06-24,2,2,5,6,3551,41,27,6.7,16.2
2015-06-24,2,3,6,1,4175,3,22,6.84,398.5
2015-06-24,2,3,1,2,3889,47,36,6.86,398.5
2015-06-24,2,3,4,3,3104,28,60,6.79,398.5
2015-06-24,2,3,2,4,4126,1,29,6.82,398.5
2015-06-24,2,3,5,5,2942,49,33,6.85,398.5
2015-06-24,2,3,3,6,4673,63,15,6.82,398.5
2015-06-24,2,4,5,1,3999,66,46,6.78,113.7
2015-06-24,2,4,2,2,3891,55,24,6.84,113.7
2015-06-24,2,4,6,3,3401,11,30,6.81,113.7
2015-06-24,2,4,3,4,4702,62,57,6.73,113.7
2015-06-24,2,4,1,5,4282,43,50,6.75,113.7
2015-06-24,2,4,4,6,4555,34,44,6.79,113.7
2015-06-24,2,6,1,1,4659,31,59,6.76,9.5
2015-06-24,2,6,2,2,4210,7,55,6.74,9.5
2015-06-24,2,6,6,3,3718,25,35,6.74,9.5
2015-06-24,2,6,4,4,3273,23,10,6.78,9.5
2015-06-24,2,6,3,5,3137,20,52,6.8,9.5
2015-06-24,2,6,5,6,4270,29,26,6.8,9.5
2015-06-24,2,7,2,1,4460,61,43,6.8,7.9
2015-06-24,2,7,1,2,4731,46,5,6.74,7.9
2015-06-24,2,7,5,3,4015,39,17,6.72,7.9
2015-06-24,2,7,4,4,3642,44,9,6.83,7.9
2015-06-24,2,7,6,5,3694,26,49,6.83,7.9
2015-06-24,2,7,3,6,4126,1,29,6.77,7.9
2015-06-24,2,8,1,1,4427,15,64,6.77,17.4
2015-06-24,2,8,4,2,4122,50,11,6.77,17.4
2015-06-24,2,8,5,3,3400,21,39,6.9,17.4
2015-06-24,2,8,2,4,4466,13,51,6.84,17.4
2015-06-24,2,8,3,5,3891,55,24,6.87,17.4
2015-06-24,2,8,6,6,4673,63,15,6.81,17.4
2015-06-24,2,9,4,1,4702,62,57,6.83,169.8
2015-06-24,2,9,5,2,2698,19,2,6.81,169.8
2015-06-24,2,9,3,3,4539,37,25,6.92,169.8
2015-06-24,2,9,2,4,4289,40,13,6.82,169.8
2015-06-24,2,9,6,5,3104,28,60,6.73,169.8
2015-06-24,2,9,1,6,4713,2,48,6.8,169.8
2015-06-24,2,10,3,1,4547,35,38,6.9,11.9
2015-06-24,2,10,1,2,4052,53,31,6.75,11.9
2015-06-24,2,10,6,3,3999,66,46,6.79,11.9
2015-06-24,2,10,5,4,3718,25,35,6.88,11.9
2015-06-24,2,10,2,5,4627,27,62,6.89,11.9
2015-06-24,2,10,4,6,3551,41,27,6.82,11.9
2015-06-24,2,11,3,1,4475,8,65,6.75,265.5
2015-06-24,2,11,5,2,3401,11,30,6.82,265.5
2015-06-24,2,11,4,3,3694,26,49,6.96,265.5
2015-06-24,2,11,1,4,4210,7,55,6.78,265.5
2015-06-24,2,11,6,5,2942,49,33,6.83,265.5
2015-06-24,2,11,2,6,4318,6,8,6.87,265.5
2015-06-24,2,12,1,1,4460,61,43,6.78,11.8
2015-06-24,2,12,3,2,4105,22,66,6.84,11.8
2015-06-24,2,12,2,3,4427,15,64,6.8,11.8
2015-06-24,2,12,6,4,4555,34,44,6.86,11.8
2015-06-24,2,12,5,5,4175,3,22,6.96,11.8
2015-06-24,2,12,4,6,4270,29,26,6.9,11.8
2015-06-25,3,1,1,1,4270,29,26,6.92,30.2
2015-06-25,3,1,6,2,2698,19,2,6.81,30.2
2015-06-25,3,1,2,3,4555,34,44,6.85,30.2
2015-06-25,3,1,3,4,4731,46,5,6.84,30.2
2015-06-25,3,1,5,5,4791,45,28,6.88,30.2
2015-06-25,3,1,4,6,4126,1,29,6.86,30.2
2015-06-25,3,2,5,1,4475,8,65,6.7,14.4
2015-06-25,3,2,2,2,4563,16,6,6.9,14.4
2015-06-25,3,2,1,3,3891,55,24,6.92,14.4
2015-06-25,3,2,3,3,4187,4,23,6.81,14.4
2015-06-25,3,2,4,5,4282,43,50,6.85,14.4
2015-06-25,3,2,6,6,3551,41,27,6.84,14.4
2015-06-25,3,3,3,1,4659,31,59,6.79,13.1
2015-06-25,3,3,1,2,3400,21,39,6.86,13.1
2015-06-25,3,3,6,3,4539,37,25,6.84,13.1
2015-06-25,3,3,4,4,4627,27,62,6.89,13.1
2015-06-25,3,3,5,5,4466,13,51,6.96,13.1
2015-06-25,3,3,2,6,3104,28,60,6.86,13.1
2015-06-25,3,4,2,1,3317,59,56,6.86,133.7
2015-06-25,3,4,5,2,4210,7,55,6.77,133.7
2015-06-25,3,4,4,3,4754,51,37,6.82,133.7
2015-06-25,3,4,3,4,3694,26,49,6.91,133.7
2015-06-25,3,4,6,5,4702,62,57,6.88,133.7
2015-06-25,3,4,1,6,4673,63,15,6.73,133.7
2015-06-25,3,6,1,1,3642,44,9,6.77,29.6
2015-06-25,3,6,3,2,3273,23,10,6.75,29.6
2015-06-25,3,6,6,3,4427,15,64,6.82,29.6
2015-06-25,3,6,2,4,3401,11,30,6.87,29.6
2015-06-25,3,6,5,5,4318,6,8,6.92,29.6
2015-06-25,3,6,4,6,3891,55,24,6.86,29.6
2015-06-25,3,7,1,1,4555,34,44,6.74,217.8
2015-06-25,3,7,3,2,3400,21,39,6.82,217.8
2015-06-25,3,7,4,3,4475,8,65,6.69,217.8
2015-06-25,3,7,6,4,4289,40,13,6.76,217.8
2015-06-25,3,7,2,5,3999,66,46,6.69,217.8
2015-06-25,3,7,5,6,4052,53,31,6.75,217.8
2015-06-25,3,8,3,1,3317,59,56,6.73,190.0
2015-06-25,3,8,1,2,2942,49,33,6.8,190.0
2015-06-25,3,8,2,3,4270,29,26,6.84,190.0
2015-06-25,3,8,4,4,4015,39,17,6.77,190.0
2015-06-25,3,8,5,5,4187,4,23,6.76,190.0
2015-06-25,3,8,6,6,4627,27,62,6.81,190.0
2015-06-25,3,9,2,1,4122,50,11,6.72,16.5
2015-06-25,3,9,4,2,4460,61,43,6.81,16.5
2015-06-25,3,9,1,3,3104,28,60,6.78,16.5
2015-06-25,3,9,6,4,3137,20,52,6.82,16.5
2015-06-25,3,9,5,5,3694,26,49,6.93,16.5
2015-06-25,3,9,3,6,4282,43,50,6.72,16.5
2015-06-25,3,10,4,1,3718,25,35,6.74,35.1
2015-06-25,3,10,1,2,4105,22,66,6.84,35.1
2015-06-25,3,10,5,3,4427,15,64,6.77,35.1
2015-06-25,3,10,2,4,3889,47,36,6.82,35.1
2015-06-25,3,10,3,5,4210,7,55,6.82,35.1
2015-06-25,3,10,6,6,4126,1,29,6.87,35.1
2015-06-25,3,11,1,1,4547,35,38,6.79,27.7
2015-06-25,3,11,4,2,4318,6,8,6.83,27.7
2015-06-25,3,11,2,3,4731,46,5,6.76,27.7
2015-06-25,3,11,3,4,4289,40,13,6.74,27.7
2015-06-25,3,11,6,5,4754,51,37,6.77,27.7
2015-06-25,3,11,5,6,4539,37,25,6.78,27.7
2015-06-25,3,12,1,1,4015,39,17,6.81,16.6
2015-06-25,3,12,4,2,3999,66,46,6.82,16.6
2015-06-25,3,12,3,3,4466,13,51,6.87,16.6
2015-06-25,3,12,6,4,3273,23,10,6.94,16.6
2015-06-25,3,12,5,5,4702,62,57,6.82,16.6
2015-06-25,3,12,2,6,4175,3,22,6.92,16.6
2015-06-26,4,1,1,1,4466,13,51,6.86,26.4
2015-06-26,4,1,6,2,4754,51,37,6.82,26.4
2015-06-26,4,1,3,3,3889,47,36,6.85,26.4
2015-06-26,4,1,2,4,3551,41,27,6.81,26.4
2015-06-26,4,1,5,5,4563,16,6,6.86,26.4
2015-06-26,4,1,4,6,4555,34,44,6.81,26.4
2015-06-26,4,2,1,1,4126,1,29,6.77,22.6
2015-06-26,4,2,3,2,3273,23,10,6.86,22.6
2015-06-26,4,2,6,3,3642,44,9,6.75,22.6
2015-06-26,4,2,4,4,4713,2,48,6.82,22.6
2015-06-26,4,2,2,5,4282,43,50,6.85,22.6
2015-06-26,4,2,5,6,4673,63,15,6.8,22.6
2015-06-26,4,3,3,1,3718,25,35,6.82,13.4
2015-06-26,4,3,2,2,2698,19,2,6.87,13.4
2015-06-26,4,3,4,3,4270,29,26,6.88,13.4
2015-06-26,4,3,5,4,3104,28,60,6.82,13.4
2015-06-26,4,3,6,5,4318,6,8,6.92,13.4
2015-06-26,4,3,1,6,4627,27,62,6.93,13.4
2015-06-26,4,5,4,1,4122,50,11,6.8,251.2
2015-06-26,4,5,1,2,2942,49,33,6.91,251.2
2015-06-26,4,5,6,3,3891,55,24,6.97,251.2
2015-06-26,4,5,3,4,4475,8,65,6.77,251.2
2015-06-26,4,5,2,5,4015,39,17,6.86,251.2
2015-06-26,4,5,5,6,4555,34,44,6.82,251.2
2015-06-26,4,7,3,1,4052,53,31,6.75,78.8
2015-06-26,4,7,1,2,3551,41,27,6.73,78.8
2015-06-26,4,7,4,3,4427,15,64,6.78,78.8
2015-06-26,4,7,2,4,4210,7,55,6.86,78.8
2015-06-26,4,7,5,5,3273,23,10,6.86,78.8
2015-06-26,4,7,6,6,3400,21,39,6.93,78.8
2015-06-26,4,8,4,1,4105,22,66,6.77,60.0
2015-06-26,4,8,1,2,3694,26,49,6.88,60.0
2015-06-26,4,8,5,3,3642,44,9,6.81,60.0
2015-06-26,4,8,2,4,4539,37,25,6.85,60.0
2015-06-26,4,8,6,5,4563,16,6,6.84,60.0
2015-06-26,4,8,3,6,2698,19,2,6.81,60.0
2015-06-26,4,9,4,1,4702,62,57,6.82,353.4
2015-06-26,4,9,5,2,4713,2,48,6.84,353.4
2015-06-26,4,9,1,3,4475,8,65,6.76,353.4
2015-06-26,4,9,6,4,4547,35,38,6.88,353.4
2015-06-26,4,9,3,5,4466,13,51,6.88,353.4
2015-06-26,4,9,2,6,3718,25,35,6.8,353.4
2015-06-26,4,10,1,1,4015,39,17,6.8,12.2
2015-06-26,4,10,2,2,3999,66,46,6.7,12.2
2015-06-26,4,10,3,3,4289,40,13,6.77,12.2
2015-06-26,4,10,4,4,4659,31,59,6.88,12.2
2015-06-26,4,10,5,5,3889,47,36,6.88,12.2
2015-06-26,4,10,6,6,4270,29,26,6.83,12.2
2015-06-26,4,11,1,1,4427,15,64,6.76,10.6
2015-06-26,4,11,4,2,4539,37,25,6.83,10.6
2015-06-26,4,11,6,3,4122,50,11,6.75,10.6
2015-06-26,4,11,5,4,4175,3,22,6.95,10.6
2015-06-26,4,11,2,5,3401,11,30,6.81,10.6
2015-06-26,4,11,3,6,4754,51,37,6.8,10.6
2015-06-26,4,12,3,1,4731,46,5,6.77,455.3
2015-06-26,4,12,2,2,4052,53,31,6.7,455.3
2015-06-26,4,12,4,3,2942,49,33,6.83,455.3
2015-06-26,4,12,6,4,4105,22,66,6.9,455.3
2015-06-26,4,12,1,5,4460,61,43,6.76,455.3
2015-06-26,4,12,5,6,4318,6,8,6.81,455.3
2015-06-27,5,1,1,1,4052,53,31,6.74,7.1
2015-06-27,5,1,3,2,3889,47,36,6.92,7.1
2015-06-27,5,1,6,3,4713,2,48,6.9,7.1
2015-06-27,5,1,4,4,3137,20,52,6.85,7.1
2015-06-27,5,1,2,5,4555,34,44,6.84,7.1
2015-06-27,5,1,5,6,3104,28,60,6.82,7.1
2015-06-27,5,2,1,1,3551,41,27,6.77,37.4
2015-06-27,5,2,3,2,4627,27,62,6.8,37.4
2015-06-27,5,2,2,3,4563,16,6,6.86,37.4
2015-06-27,5,2,4,4,3400,21,39,6.84,37.4
2015-06-27,5,2,5,5,4282,43,50,6.83,37.4
2015-06-27,5,2,6,6,4791,45,28,6.79,37.4
2015-06-27,5,3,1,1,2698,19,2,6.78,105.0
2015-06-27,5,3,3,2,4754,51,37,6.8,105.0
2015-06-27,5,3,6,3,4702,62,57,6.76,105.0
2015-06-27,5,3,5,4,4122,50,11,6.78,105.0
2015-06-27,5,3,2,5,3718,25,35,6.8,105.0
2015-06-27,5,3,4,6,3317,59,56,6.81,105.0
2015-06-27,5,4,2,1,4475,8,65,6.71,22.5
2015-06-27,5,4,1,2,4210,7,55,6.82,22.5
2015-06-27,5,4,6,3,4460,61,43,6.78,22.5
2015-06-27,5,4,5,4,4105,22,66,6.83,22.5
2015-06-27,5,4,4,5,4126,1,29,6.82,22.5
2015-06-27,5,4,3,6,3642,44,9,6.73,22.5
2015-06-27,5,5,3,1,4427,15,64,6.78,17.2
2015-06-27,5,5,4,2,4015,39,17,6.79,17.2
2015-06-27,5,5,6,3,4731,46,5,6.76,17.2
2015-06-27,5,5,1,4,4466,13,51,6.9,17.2
2015-06-27,5,5,5,5,3891,55,24,6.85,17.2
2015-06-27,5,5,2,6,3889,47,36,6.84,17.2
2015-06-27,5,6,1,1,3999,66,46,6.73,32.5
2015-06-27,5,6,2,2,3273,23,10,6.8,32.5
2015-06-27,5,6,5,3,3137,20,52,6.76,32.5
2015-06-27,5,6,3,4,2942,49,33,6.81,32.5
2015-06-27,5,6,6,5,4175,3,22,6.87,32.5
2015-06-27,5,6,4,6,4282,43,50,6.79,32.5
2015-06-27,5,7,1,1,4539,37,25,6.81,5.6
2015-06-27,5,7,4,2,4547,35,38,6.82,5.6
2015-06-27,5,7,5,3,4659,31,59,6.84,5.6
2015-06-27,5,7,6,4,4270,29,26,6.9,5.6
2015-06-27,5,7,2,5,3317,59,56,6.85,5.6
2015-06-27,5,7,3,6,3400,21,39,6.82,5.6
2015-06-27,5,8,1,1,4289,40,13,6.88,10.4
2015-06-27,5,8,3,2,4713,2,48,6.8,10.4
2015-06-27,5,8,4,3,3401,11,30,6.87,10.4
2015-06-27,5,8,2,4,4318,6,8,6.81,10.4
2015-06-27,5,8,5,5,4126,1,29,6.84,10.4
2015-06-27,5,8,6,6,4187,4,23,6.83,10.4
2015-06-27,5,9,3,1,4015,39,17,6.76,48.1
2015-06-27,5,9,1,2,4122,50,11,6.68,48.1
2015-06-27,5,9,2,3,3999,66,46,6.67,48.1
2015-06-27,5,9,4,4,4475,8,65,6.67,48.1
2015-06-27,5,9,6,5,4210,7,55,6.81,48.1
2015-06-27,5,9,5,6,2698,19,2,6.76,48.1
2015-06-27,5,10,1,1,4460,61,43,6.78,25.9
2015-06-27,5,10,5,2,4052,53,31,6.74,25.9
2015-06-27,5,10,3,3,3718,25,35,6.82,25.9
2015-06-27,5,10,4,4,2942,49,33,6.84,25.9
2015-06-27,5,10,6,5,4466,13,51,6.89,25.9
2015-06-27,5,10,2,6,4659,31,59,6.77,25.9
2015-06-27,5,11,5,1,4289,40,13,6.8,299.9
2015-06-27,5,11,1,2,4105,22,66,6.81,299.9
2015-06-27,5,11,3,3,4547,35,38,6.83,299.9
2015-06-27,5,11,2,4,4427,15,64,6.82,299.9
2015-06-27,5,11,6,5,4754,51,37,6.72,299.9
2015-06-27,5,11,4,6,4539,37,25,6.83,299.9
2015-06-27,5,12,1,1,3401,11,30,6.87,46.9
2015-06-27,5,12,4,2,4702,62,57,6.78,46.9
2015-06-27,5,12,6,3,3891,55,24,6.84,46.9
2015-06-27,5,12,2,4,3694,26,49,6.9,46.9
2015-06-27,5,12,5,5,3642,44,9,6.8,46.9
2015-06-27,5,12,3,6,4270,29,26,6.89,46.9
2015-06-28,6,1,2,1,4713,2,48,6.84,37.9
2015-06-28,6,1,3,2,3317,59,56,6.76,37.9
2015-06-28,6,1,1,3,4270,29,26,6.86,37.9
2015-06-28,6,1,5,4,3551,41,27,6.72,37.9
2015-06-28,6,1,6,5,4627,27,62,6.8,37.9
2015-06-28,6,1,4,6,3642,44,9,6.74,37.9
2015-06-28,6,3,3,1,4754,51,37,6.78,124.5
2015-06-28,6,3,1,2,4659,31,59,6.81,124.5
2015-06-28,6,3,2,3,2698,19,2,6.76,124.5
2015-06-28,6,3,4,4,4475,8,65,6.67,124.5
2015-06-28,6,3,5,5,3694,26,49,6.85,124.5
2015-06-28,6,3,6,6,4555,34,44,6.76,124.5
2015-06-28,6,4,1,1,4539,37,25,6.76,11.9
2015-06-28,6,4,5,2,3999,66,46,6.76,11.9
2015-06-28,6,4,3,3,3889,47,36,6.8,11.9
2015-06-28,6,4,2,4,4126,1,29,6.76,11.9
2015-06-28,6,4,4,5,3273,23,10,6.81,11.9
2015-06-28,6,4,6,6,4187,4,23,6.82,11.9
2015-06-28,6,5,4,1,4702,62,57,6.71,340.8
2015-06-28,6,5,3,2,4318,6,8,6.79,340.8
2015-06-28,6,5,2,3,4282,43,50,6.78,340.8
2015-06-28,6,5,6,4,3551,41,27,6.7,340.8
2015-06-28,6,5,1,5,2942,49,33,6.71,340.8
2015-06-28,6,5,5,6,3317,59,56,6.78,340.8
2015-06-28,6,6,1,1,4427,15,64,6.84,16.8
2015-06-28,6,6,3,2,3401,11,30,6.83,16.8
2015-06-28,6,6,5,3,3400,21,39,6.88,16.8
2015-06-28,6,6,6,4,4175,3,22,6.86,16.8
2015-06-28,6,6,4,5,4713,2,48,6.83,16.8
2015-06-28,6,6,2,6,3642,44,9,6.79,16.8
2015-06-28,6,7,1,1,3718,25,35,6.74,7.2
2015-06-28,6,7,2,2,4466,13,51,6.79,7.2
2015-06-28,6,7,5,3,4547,35,38,6.89,7.2
2015-06-28,6,7,6,4,4731,46,5,6.83,7.2
2015-06-28,6,7,3,5,4627,27,62,6.78,7.2
2015-06-28,6,7,4,6,4555,34,44,6.79,7.2
2015-06-28,6,8,1,1,4210,7,55,6.74,11.7
2015-06-28,6,8,4,2,3694,26,49,6.85,11.7
2015-06-28,6,8,5,3,3889,47,36,6.82,11.7
2015-06-28,6,8,3,4,3104,28,60,6.7,11.7
2015-06-28,6,8,2,5,4270,29,26,6.84,11.7
2015-06-28,6,8,6,6,4791,45,28,6.79,11.7
2015-06-28,6,9,4,1,4318,6,8,6.79,42.1
2015-06-28,6,9,6,2,3401,11,30,6.83,42.1
2015-06-28,6,9,1,3,4702,62,57,6.75,42.1
2015-06-28,6,9,2,4,3137,20,52,6.84,42.1
2015-06-28,6,9,5,5,3273,23,10,6.78,42.1
2015-06-28,6,9,3,6,4563,16,6,6.83,42.1
2015-06-28,6,11,3,1,4475,8,65,6.73,104.5
2015-06-28,6,11,5,2,4659,31,59,6.75,104.5
2015-06-28,6,11,1,3,4547,35,38,6.81,104.5
2015-06-28,6,11,2,4,3718,25,35,6.8,104.5
2015-06-28,6,11,6,5,4539,37,25,6.81,104.5
2015-06-28,6,11,4,6,4210,7,55,6.79,104.5
2015-07-01,1,1,1,1,4082,62,25,6.83,19.4
2015-07-01,1,1,5,2,4529,10,9,6.81,19.4
2015-07-01,1,1,4,3,4414,38,29,6.84,19.4
2015-07-01,1,1,3,4,4706,43,41,6.87,19.4
2015-07-01,1,1,2,5,4346,52,43,6.96,19.4
2015-07-01,1,1,6,6,3866,55,35,6.94,19.4
2015-07-01,1,2,3,1,4542,4,50,6.82,68.8
2015-07-01,1,2,2,2,3798,37,13,6.76,68.8
2015-07-01,1,2,6,3,3052,12,27,6.86,68.8
2015-07-01,1,2,1,4,3553,26,6,6.92,68.8
2015-07-01,1,2,4,5,3698,32,64,6.87,68.8
2015-07-01,1,2,5,6,4801,47,51,6.85,68.8
2015-07-01,1,3,6,1,4067,54,39,6.82,122.6
2015-07-01,1,3,1,2,3235,18,38,6.88,122.6
2015-07-01,1,3,4,3,4133,57,37,6.85,122.6
2015-07-01,1,3,3,4,4762,64,31,6.9,122.6
2015-07-01,1,3,2,5,4590,59,36,6.84,122.6
2015-07-01,1,3,5,6,4033,22,30,6.89,122.6
2015-07-01,1,4,5,1,4446,48,11,6.82,35.9
2015-07-01,1,4,3,2,3546,60,17,6.89,35.9
2015-07-01,1,4,1,3,3128,9,52,6.99,35.9
2015-07-01,1,4,2,4,4681,2,65,6.95,35.9
2015-07-01,1,4,4,5,3569,5,46,6.88,35.9
2015-07-01,1,4,6,6,4225,13,49,6.87,35.9
2015-07-01,1,5,3,1,3915,41,48,6.85,8.5
2015-07-01,1,5,1,2,3577,1,59,6.92,8.5
2015-07-01,1,5,4,3,3081,3,22,6.84,8.5
2015-07-01,1,5,5,4,4658,33,8,6.86,8.5
2015-07-01,1,5,2,5,3639,35,20,6.97,8.5
2015-07-01,1,5,6,6,4874,34,10,6.86,8.5
2015-07-01,1,6,5,1,3983,58,66,6.87,53.0
2015-07-01,1,6,3,2,3798,37,13,6.79,53.0
2015-07-01,1,6,2,3,3872,24,60,6.93,53.0
2015-07-01,1,6,6,4,4199,36,7,6.84,53.0
2015-07-01,1,6,4,5,4334,40,62,6.85,53.0
2015-07-01,1,6,1,6,4346,52,43,6.8,53.0
2015-07-01,1,7,1,1,4393,6,5,6.87,13.6
2015-07-01,1,7,2,2,3568,14,55,6.75,13.6
2015-07-01,1,7,4,3,3327,20,26,6.88,13.6
2015-07-01,1,7,5,4,3878,11,44,6.83,13.6
2015-07-01,1,7,3,5,3866,55,35,6.99,13.6
2015-07-01,1,7,6,6,3698,32,64,6.97,13.6
2015-07-01,1,9,2,1,4243,51,57,6.85,47.2
2015-07-01,1,9,4,2,4225,13,49,6.84,47.2
2015-07-01,1,9,6,3,4642,65,15,6.88,47.2
2015-07-01,1,9,3,4,4590,59,36,6.87,47.2
2015-07-01,1,9,1,5,3802,30,28,6.9,47.2
2015-07-01,1,9,5,6,4414,38,29,6.85,47.2
2015-07-01,1,10,1,1,3081,3,22,6.9,6.9
2015-07-01,1,10,2,2,3574,56,23,6.86,6.9
2015-07-01,1,10,5,3,4133,57,37,6.87,6.9
2015-07-01,1,10,4,4,4199,36,7,6.79,6.9
2015-07-01,1,10,3,5,3052,12,27,6.96,6.9
2015-07-01,1,10,6,6,3569,5,46,6.92,6.9
2015-07-01,1,11,1,1,3872,24,60,6.85,48.8
2015-07-01,1,11,4,2,4067,54,39,6.87,48.8
2015-07-01,1,11,6,3,4529,10,9,6.88,48.8
2015-07-01,1,11,2,4,3327,20,26,6.86,48.8
2015-07-01,1,11,3,5,3577,1,59,6.83,48.8
2015-07-01,1,11,5,6,3546,60,17,6.87,48.8
2015-07-01,1,12,1,1,3568,14,55,6.73,48.4
2015-07-01,1,12,6,2,4446,48,11,6.85,48.4
2015-07-01,1,12,2,3,4063,27,47,6.85,48.4
2015-07-01,1,12,3,4,3983,58,66,6.83,48.4
2015-07-01,1,12,4,5,4033,22,30,6.9,48.4
2015-07-01,1,12,5,6,3915,41,48,6.84,48.4
2015-07-02,2,1,1,1,4199,36,7,6.83,9.8
2015-07-02,2,1,2,2,3553,26,6,6.93,9.8
2015-07-02,2,1,5,3,3866,55,35,6.93,9.8
2015-07-02,2,1,3,4,4414,38,29,6.81,9.8
2015-07-02,2,1,6,5,4590,59,36,6.9,9.8
2015-07-02,2,1,4,6,3235,18,38,6.82,9.8
2015-07-02,2,2,3,1,4346,52,43,6.82,63.8
2015-07-02,2,2,5,2,4243,51,57,6.88,63.8
2015-07-02,2,2,4,3,4706,43,41,6.92,63.8
2015-07-02,2,2,1,4,4642,65,15,6.88,63.8
2015-07-02,2,2,2,5,4334,40,62,6.88,63.8
2015-07-02,2,2,6,6,4874,34,10,6.81,63.8
2015-07-02,2,3,2,1,3569,5,46,6.81,90.2
2015-07-02,2,3,3,2,4063,27,47,6.83,90.2
2015-07-02,2,3,1,3,3698,32,64,6.83,90.2
2015-07-02,2,3,6,4,4348,17,2,6.84,90.2
2015-07-02,2,3,4,5,4658,33,8,6.79,90.2
2015-07-02,2,3,5,6,3639,35,20,6.92,90.2
2015-07-02,2,5,1,1,4133,57,37,6.87,10.6
2015-07-02,2,5,4,2,3983,58,66,6.89,10.6
2015-07-02,2,5,3,3,4033,22,30,6.9,10.6
2015-07-02,2,5,2,4,4393,6,5,6.78,10.6
2015-07-02,2,5,5,5,3798,37,13,6.83,10.6
2015-07-02,2,5,6,6,4801,47,51,6.82,10.6
2015-07-02,2,6,1,1,4529,10,9,6.76,4.9
2015-07-02,2,6,2,2,3915,41,48,6.81,4.9
2015-07-02,2,6,3,3,3327,20,26,6.86,4.9
2015-07-02,2,6,4,4,4681,2,65,6.82,4.9
2015-07-02,2,6,6,5,3802,30,28,6.82,4.9
2015-07-02,2,6,5,6,4542,4,50,6.8,4.9
2015-07-02,2,7,1,1,3569,5,46,6.75,103.4
2015-07-02,2,7,5,2,4082,62,25,6.91,103.4
2015-07-02,2,7,3,3,3235,18,38,6.84,103.4
2015-07-02,2,7,2,4,3081,3,22,6.9,103.4
2015-07-02,2,7,6,5,3546,60,17,6.87,103.4
2015-07-02,2,7,4,6,4642,65,15,6.89,103.4
2015-07-02,2,9,6,1,3577,1,59,6.78,261.7
2015-07-02,2,9,4,2,3553,26,6,6.92,261.7
2015-07-02,2,9,2,3,4033,22,30,6.89,261.7
2015-07-02,2,9,5,4,3872,24,60,6.9,261.7
2015-07-02,2,9,1,5,4225,13,49,6.79,261.7
2015-07-02,2,9,3,6,4658,33,8,6.87,261.7
2015-07-02,2,10,1,1,3327,20,26,6.83,7.0
2015-07-02,2,10,3,2,4067,54,39,6.73,7.0
2015-07-02,2,10,5,3,4063,27,47,6.83,7.0
2015-07-02,2,10,2,4,4133,57,37,6.9,7.0
2015-07-02,2,10,6,5,4243,51,57,6.81,7.0
2015-07-02,2,10,4,6,3128,9,52,6.85,7.0
2015-07-02,2,11,5,1,4348,17,2,6.96,280.4
2015-07-02,2,11,1,2,3915,41,48,6.82,280.4
2015-07-02,2,11,6,3,3878,11,44,6.91,280.4
2015-07-02,2,11,4,4,4393,6,5,6.85,280.4
2015-07-02,2,11,2,5,4199,36,7,6.84,280.4
2015-07-02,2,11,3,6,3081,3,22,6.87,280.4
2015-07-02,2,12,1,1,3983,58,66,6.72,8.7
2015-07-02,2,12,3,2,3574,56,23,6.8,8.7
2015-07-02,2,12,2,3,4225,13,49,6.78,8.7
2015-07-02,2,12,4,4,3052,12,27,6.8,8.7
2015-07-02,2,12,6,5,4082,62,25,6.72,8.7
2015-07-02,2,12,5,6,3802,30,28,6.83,8.7
2015-07-03,3,1,4,1,3798,37,13,6.73,84.5
2015-07-03,3,1,1,2,3878,11,44,6.75,84.5
2015-07-03,3,1,2,3,4658,33,8,6.85,84.5
2015-07-03,3,1,5,4,3553,26,6,6.82,84.5
2015-07-03,3,1,6,5,4346,52,43,6.77,84.5
2015-07-03,3,1,3,6,4642,65,15,6.85,84.5
2015-07-03,3,2,4,1,4542,4,50,6.84,89.0
2015-07-03,3,2,2,2,3866,55,35,6.79,89.0
2015-07-03,3,2,3,3,4334,40,62,6.93,89.0
2015-07-03,3,2,1,4,4590,59,36,6.75,89.0
2015-07-03,3,2,5,5,4681,2,65,6.78,89.0
2015-07-03,3,2,6,6,3128,9,52,6.81,89.0
2015-07-03,3,3,4,1,4446,48,11,6.75,9.6
2015-07-03,3,3,2,2,3546,60,17,6.85,9.6
2015-07-03,3,3,3,3,4033,22,30,6.95,9.6
2015-07-03,3,3,6,4,3235,18,38,6.85,9.6
2015-07-03,3,3,1,5,4706,43,41,6.82,9.6
2015-07-03,3,3,5,6,4874,34,10,6.8,9.6
2015-07-03,3,4,3,1,3577,1,59,6.78,63.2
2015-07-03,3,4,6,2,3574,56,23,6.79,63.2
2015-07-03,3,4,5,3,4225,13,49,6.83,63.2
2015-07-03,3,4,1,4,4243,51,57,6.77,63.2
2015-07-03,3,4,2,5,4529,10,9,6.7,63.2
2015-07-03,3,4,4,6,3639,35,20,6.9,63.2
2015-07-03,3,5,1,1,4067,54,39,6.79,4.3
2015-07-03,3,5,3,2,3568,14,55,6.72,4.3
2015-07-03,3,5,4,3,4063,27,47,6.84,4.3
2015-07-03,3,5,5,4,4393,6,5,6.84,4.3
2015-07-03,3,5,6,5,4801,47,51,6.84,4.3
2015-07-03,3,5,2,6,4414,38,29,6.82,4.3
2015-07-03,3,6,1,1,4348,17,2,6.82,4.7
2015-07-03,3,6,2,2,3983,58,66,6.81,4.7
2015-07-03,3,6,6,3,3327,20,26,6.87,4.7
2015-07-03,3,6,5,4,3569,5,46,6.83,4.7
2015-07-03,3,6,3,5,3128,9,52,6.88,4.7
2015-07-03,3,6,4,6,4762,64,56,6.86,4.7
2015-07-03,3,7,1,1,3866,55,35,6.95,26.9
2015-07-03,3,7,3,2,3872,24,60,6.91,26.9
2015-07-03,3,7,2,3,3802,30,28,6.92,26.9
2015-07-03,3,7,4,4,3553,26,6,6.93,26.9
2015-07-03,3,7,6,5,4874,34,10,6.81,26.9
2015-07-03,3,7,5,6,3081,3,22,6.85,26.9
2015-07-03,3,9,4,1,3568,14,55,6.77,10.7
2015-07-03,3,9,1,2,3546,60,17,6.79,10.7
2015-07-03,3,9,3,3,4243,51,57,6.84,10.7
2015-07-03,3,9,5,4,4346,52,43,6.87,10.7
2015-07-03,3,9,2,5,4542,4,50,6.81,10.7
2015-07-03,3,9,6,6,4133,57,37,6.9,10.7
2015-07-03,3,10,1,1,4446,48,11,6.79,6.3
2015-07-03,3,10,3,2,3983,58,66,6.81,6.3
2015-07-03,3,10,4,3,4529,10,9,6.8,6.3
2015-07-03,3,10,5,4,4199,36,7,6.93,6.3
2015-07-03,3,10,2,5,4082,62,25,6.88,6.3
2015-07-03,3,10,6,6,4393,6,5,6.83,6.3
2015-07-03,3,11,1,1,4063,27,47,6.77,40.6
2015-07-03,3,11,3,2,3802,30,28,6.86,40.6
2015-07-03,3,11,2,3,3577,1,59,6.77,40.6
2015-07-03,3,11,4,4,4642,65,15,6.94,40.6
2015-07-03,3,11,6,5,3081,3,22,6.9,40.6
2015-07-03,3,11,5,6,3327,20,26,6.84,40.6
2015-07-03,3,12,1,1,3872,24,60,6.85,7.6
2015-07-03,3,12,2,2,4067,54,39,6.78,7.6
2015-07-03,3,12,4,3,4348,17,2,6.89,7.6
2015-07-03,3,12,3,4,3235,18,38,6.89,7.6
2015-07-03,3,12,5,5,3574,56,23,6.76,7.6
2015-07-03,3,12,6,6,3915,41,48,6.83,7.6
2015-07-04,4,1,1,1,3546,60,17,6.74,5.0
2015-07-04,4,1,3,2,4393,6,5,6.74,5.0
2015-07-04,4,1,2,3,4642,65,15,6.77,5.0
2015-07-04,4,1,5,4,4762,64,56,6.85,5.0
2015-07-04,4,1,4,5,4681,2,58,6.92,5.0
2015-07-04,4,1,6,6,4334,40,62,6.9,5.0
2015-07-04,4,2,4,1,4590,59,36,6.81,196.6
2015-07-04,4,2,2,2,3128,9,52,6.79,196.6
2015-07-04,4,2,6,3,4658,33,8,6.86,196.6
2015-07-04,4,2,1,4,3639,35,20,6.86,196.6
2015-07-04,4,2,3,5,3698,32,64,6.83,196.6
2015-07-04,4,2,5,6,3235,18,38,6.79,196.6
2015-07-04,4,3,1,1,4542,4,50,6.78,63.4
2015-07-04,4,3,5,2,3878,11,44,6.86,63.4
2015-07-04,4,3,4,3,4348,17,2,6.84,63.4
2015-07-04,4,3,3,4,3866,55,35,6.84,63.4
2015-07-04,4,3,2,5,4243,51,57,6.8,63.4
2015-07-04,4,3,6,6,4874,34,10,6.77,63.4
2015-07-04,4,5,1,1,4033,22,30,6.86,5.1
2015-07-04,4,5,2,2,4063,27,47,6.77,5.1
2015-07-04,4,5,4,3,3872,24,60,6.78,5.1
2015-07-04,4,5,3,4,4529,10,9,6.7,5.1
2015-07-04,4,5,5,5,4706,43,41,6.74,5.1
2015-07-04,4,5,6,6,4762,64,56,6.72,5.1
2015-07-04,4,6,2,1,3574,56,23,6.8,12.9
2015-07-04,4,6,5,2,3568,14,55,6.68,12.9
2015-07-04,4,6,4,3,4346,52,43,6.8,12.9
2015-07-04,4,6,3,4,3802,30,28,6.85,12.9
2015-07-04,4,6,6,5,4414,38,29,6.75,12.9
2015-07-04,4,6,1,6,4681,2,58,6.8,12.9
2015-07-04,4,7,1,1,3983,58,66,6.78,5.0
2015-07-04,4,7,4,2,3915,41,48,6.76,5.0
2015-07-04,4,7,3,3,3569,5,46,6.77,5.0
2015-07-04,4,7,6,4,4199,36,7,6.76,5.0
2015-07-04,4,7,2,5,3698,32,21,6.75,5.0
2015-07-04,4,7,5,6,4874,34,10,6.85,5.0
2015-07-04,4,8,1,1,3327,20,26,6.83,7.3
2015-07-04,4,8,2,2,4446,48,11,6.74,7.3
2015-07-04,4,8,3,3,4334,40,62,6.79,7.3
2015-07-04,4,8,4,4,4225,13,49,6.74,7.3
2015-07-04,4,8,6,5,4801,47,51,6.86,7.3
2015-07-04,4,8,5,6,4658,33,8,6.8,7.3
2015-07-04,4,9,1,1,4067,54,39,6.71,10.3
2015-07-04,4,9,2,2,4348,17,2,6.82,10.3
2015-07-04,4,9,3,3,3872,24,60,6.83,10.3
2015-07-04,4,9,4,4,4082,62,25,6.8,10.3
2015-07-04,4,9,5,5,4063,27,47,6.77,10.3
2015-07-04,4,9,6,6,4542,4,50,6.71,10.3
2015-07-04,4,10,1,1,3568,14,55,6.75,6.3
2015-07-04,4,10,3,2,3574,56,23,6.84,6.3
2015-07-04,4,10,2,3,3983,58,66,6.74,6.3
2015-07-04,4,10,6,4,4033,22,30,6.92,6.3
2015-07-04,4,10,4,5,3798,37,13,6.74,6.3
2015-07-04,4,10,5,6,4243,51,57,6.8,6.3
2015-07-04,4,11,1,1,4446,48,11,6.75,39.9
2015-07-04,4,11,4,2,4529,10,9,6.82,39.9
2015-07-04,4,11,5,3,3327,20,26,6.79,39.9
2015-07-04,4,11,6,4,3546,60,17,6.7,39.9
2015-07-04,4,11,3,5,3577,1,59,6.76,39.9
2015-07-04,4,11,2,6,3915,41,48,6.83,39.9
2015-07-04,4,12,6,1,4225,13,49,6.81,134.3
2015-07-04,4,12,1,2,3081,3,24,6.77,134.3
2015-07-04,4,12,2,3,4133,57,37,6.75,134.3
2015-07-04,4,12,3,4,4199,36,7,6.81,134.3
2015-07-04,4,12,4,5,4706,43,41,6.85,134.3
2015-07-04,4,12,5,6,4414,38,29,6.75,134.3
2015-07-05,5,1,1,1,4225,13,49,6.86,21.2
2015-07-05,5,1,3,2,4590,59,36,6.91,21.2
2015-07-05,5,1,2,3,4706,43,41,6.87,21.2
2015-07-05,5,1,4,4,3553,26,6,6.97,21.2
2015-07-05,5,1,5,5,3569,5,46,6.88,21.2
2015-07-05,5,1,6,6,4874,34,10,6.82,21.2
2015-07-05,5,2,2,1,3235,18,18,6.84,54.1
2015-07-05,5,2,4,2,4658,33,8,6.84,54.1
2015-07-05,5,2,1,3,4414,38,29,6.81,54.1
2015-07-05,5,2,5,4,4681,2,58,6.9,54.1
2015-07-05,5,2,3,5,4642,65,15,6.88,54.1
2015-07-05,5,2,6,6,3639,35,20,6.99,54.1
2015-07-05,5,3,3,1,3866,55,35,6.83,35.8
2015-07-05,5,3,5,2,4133,57,37,6.9,35.8
2015-07-05,5,3,6,3,3983,58,66,6.76,35.8
2015-07-05,5,3,2,4,4542,4,50,6.77,35.8
2015-07-05,5,3,1,5,4334,40,62,6.89,35.8
2015-07-05,5,3,4,6,3128,9,52,6.9,35.8
2015-07-05,5,4,2,1,4243,51,57,6.92,70.0
2015-07-05,5,4,5,2,4346,52,43,6.89,70.0
2015-07-05,5,4,3,3,3081,3,24,6.87,70.0
2015-07-05,5,4,4,4,3878,11,44,6.86,70.0
2015-07-05,5,4,1,5,4762,64,56,6.81,70.0
2015-07-05,5,4,6,6,3698,32,21,6.91,70.0
2015-07-05,5,5,1,1,3915,41,48,6.84,48.3
2015-07-05,5,5,3,2,4393,6,5,6.89,48.3
2015-07-05,5,5,5,3,4590,59,36,6.85,48.3
2015-07-05,5,5,2,4,4199,36,7,6.88,48.3
2015-07-05,5,5,4,5,3327,20,26,6.87,48.3
2015-07-05,5,5,6,6,3798,37,13,6.76,48.3
2015-07-05,5,6,2,1,3546,60,17,6.74,38.0
2015-07-05,5,6,6,2,4063,27,47,6.84,38.0
2015-07-05,5,6,1,3,4658,33,8,6.81,38.0
2015-07-05,5,6,5,4,4642,65,15,6.83,38.0
2015-07-05,5,6,3,5,4033,22,30,6.92,38.0
2015-07-05,5,6,4,6,3802,30,28,6.88,38.0
2015-07-05,5,7,4,1,4414,38,29,6.81,645.3
2015-07-05,5,7,2,2,4225,13,49,6.78,645.3
2015-07-05,5,7,6,3,3872,24,60,6.95,645.3
2015-07-05,5,7,3,4,3569,5,46,6.8,645.3
2015-07-05,5,7,1,5,4082,62,25,6.78,645.3
2015-07-05,5,7,5,6,3866,55,35,6.96,645.3
2015-07-05,5,8,1,1,3577,1,59,6.75,5.4
2015-07-05,5,8,4,2,4133,57,37,6.77,5.4
2015-07-05,5,8,2,3,3878,11,44,6.77,5.4
2015-07-05,5,8,3,4,4346,52,43,6.85,5.4
2015-07-05,5,8,6,5,4681,2,58,6.89,5.4
2015-07-05,5,8,5,6,3128,9,52,6.89,5.4
2015-07-05,5,9,1,1,4199,36,7,6.83,38.7
2015-07-05,5,9,6,2,3081,3,24,6.87,38.7
2015-07-05,5,9,4,3,3235,18,18,6.85,38.7
2015-07-05,5,9,2,4,3802,30,61,6.9,38.7
2015-07-05,5,9,5,5,4393,6,5,6.86,38.7
2015-07-05,5,9,3,6,3553,26,6,6.85,38.7
2015-07-05,5,10,5,1,3915,41,48,6.78,73.6
2015-07-05,5,10,1,2,3872,24,60,6.92,73.6
2015-07-05,5,10,3,3,3546,60,17,6.78,73.6
2015-07-05,5,10,4,4,3798,37,13,6.84,73.6
2015-07-05,5,10,6,5,4542,4,50,6.76,73.6
2015-07-05,5,10,2,6,4033,22,30,6.91,73.6
2015-07-05,5,11,5,1,4063,27,47,6.78,78.2
2015-07-05,5,11,1,2,3983,58,66,6.78,78.2
2015-07-05,5,11,2,3,3327,20,26,6.82,78.2
2015-07-05,5,11,4,4,3577,1,59,6.85,78.2
2015-07-05,5,11,3,5,4082,62,25,6.99,78.2
2015-07-05,5,11,6,6,4243,51,57,6.8,78.2
2015-07-05,5,12,1,1,4446,48,11,6.76,96.0
2015-07-05,5,12,6,2,4529,10,9,6.77,96.0
2015-07-05,5,12,2,3,4067,54,39,6.8,96.0
2015-07-05,5,12,4,4,4348,17,2,6.81,96.0
2015-07-05,5,12,3,5,3568,14,55,6.75,96.0
2015-07-05,5,12,5,6,3574,56,23,6.82,96.0
2015-07-15,1,1,1,1,3054,39,18,6.78,42.8
2015-07-15,1,1,2,2,3585,64,11,6.88,42.8
2015-07-15,1,1,6,3,3850,48,37,6.8,42.8
2015-07-15,1,1,5,4,3682,38,41,6.79,42.8
2015-07-15,1,1,3,5,3064,25,32,6.77,42.8
2015-07-15,1,1,4,6,3186,8,28,6.77,42.8
2015-07-15,1,2,1,1,3855,27,15,6.85,17.5
2015-07-15,1,2,2,2,4703,24,36,6.75,17.5
2015-07-15,1,2,4,3,4648,7,14,6.87,17.5
2015-07-15,1,2,5,4,3338,36,20,6.83,17.5
2015-07-15,1,2,3,5,4760,44,29,6.79,17.5
2015-07-15,1,2,6,6,4086,28,40,6.87,17.5
2015-07-15,1,3,3,1,4739,23,6,6.76,128.7
2015-07-15,1,3,1,2,3013,19,4,6.82,128.7
2015-07-15,1,3,4,3,4505,59,33,6.87,128.7
2015-07-15,1,3,5,4,3951,45,17,6.77,128.7
2015-07-15,1,3,6,5,3422,49,23,6.78,128.7
2015-07-15,1,3,2,6,4285,58,30,6.86,128.7
2015-07-15,1,4,1,1,4475,46,1,6.8,20.1
2015-07-15,1,4,5,2,3412,60,34,6.76,20.1
2015-07-15,1,4,6,3,4430,43,21,6.82,20.1
2015-07-15,1,4,3,4,4260,15,27,6.88,20.1
2015-07-15,1,4,4,5,4160,35,5,6.96,20.1
2015-07-15,1,4,2,6,3079,56,39,6.78,20.1
2015-07-15,1,5,1,1,3434,53,25,6.88,12.8
2015-07-15,1,5,3,2,4362,63,24,6.9,12.8
2015-07-15,1,5,4,3,3312,14,8,6.87,12.8
2015-07-15,1,5,2,4,4772,66,2,6.84,12.8
2015-07-15,1,5,5,5,4077,37,13,6.87,12.8
2015-07-15,1,5,6,6,3977,17,44,6.93,12.8
2015-07-15,1,6,2,1,4459,61,31,6.86,13.6
2015-07-15,1,6,6,2,4296,33,10,6.86,13.6
2015-07-15,1,6,1,3,3186,8,28,6.78,13.6
2015-07-15,1,6,3,4,3858,41,3,6.76,13.6
2015-07-15,1,6,4,5,4562,50,12,6.76,13.6
2015-07-15,1,6,5,6,4437,31,46,6.79,13.6
2015-07-15,1,7,2,1,4320,12,9,6.71,11.1
2015-07-15,1,7,4,2,4019,21,7,6.89,11.1
2015-07-15,1,7,6,3,4739,23,6,6.76,11.1
2015-07-15,1,7,5,4,4086,28,40,6.92,11.1
2015-07-15,1,7,1,5,3585,64,11,6.87,11.1
2015-07-15,1,7,3,6,4159,18,45,6.9,11.1
2015-07-15,1,8,2,1,4009,10,26,6.85,57.9
2015-07-15,1,8,1,2,3541,16,16,6.99,57.9
2015-07-15,1,8,3,3,3013,19,4,6.91,57.9
2015-07-15,1,8,5,4,3850,48,37,6.8,57.9
2015-07-15,1,8,4,5,3736,32,19,6.91,57.9
2015-07-15,1,8,6,6,4160,35,5,6.97,57.9
2015-07-15,1,9,1,1,3312,14,8,6.9,12.8
2015-07-15,1,9,2,2,3064,25,32,6.88,12.8
2015-07-15,1,9,3,3,4008,5,38,6.85,12.8
2015-07-15,1,9,5,4,4430,43,21,6.82,12.8
2015-07-15,1,9,6,5,3951,45,17,6.8,12.8
2015-07-15,1,9,4,6,3338,36,20,6.81,12.8
2015-07-15,1,10,3,1,3572,29,35,6.93,41.4
2015-07-15,1,10,1,2,4184,1,22,6.86,41.4
2015-07-15,1,10,6,3,4260,15,27,6.88,41.4
2015-07-15,1,10,4,4,4703,24,36,6.9,41.4
2015-07-15,1,10,5,5,3858,41,3,6.93,41.4
2015-07-15,1,10,2,6,3141,57,43,6.92,41.4
2015-07-15,1,11,3,1,3434,53,25,6.81,1667.7
2015-07-15,1,11,6,2,4648,7,14,6.91,1667.7
2015-07-15,1,11,2,3,4019,21,7,6.9,1667.7
2015-07-15,1,11,1,4,4459,61,31,6.84,1667.7
2015-07-15,1,11,5,5,4505,59,33,6.77,1667.7
2015-07-15,1,11,4,6,3054,39,18,6.73,1667.7
2015-07-15,1,12,1,1,4320,12,9,6.72,27.7
2015-07-15,1,12,6,2,4362,63,24,6.77,27.7
2015-07-15,1,12,5,3,4296,33,10,6.71,27.7
2015-07-15,1,12,2,4,3541,16,16,6.86,27.7
2015-07-15,1,12,4,5,3422,49,23,6.85,27.7
2015-07-15,1,12,3,6,3412,60,34,6.82,27.7
2015-07-17,2,1,2,1,3850,48,37,6.73,210.2
2015-07-17,2,1,5,2,4703,24,36,6.82,210.2
2015-07-17,2,1,3,3,3855,27,15,6.76,210.2
2015-07-17,2,1,1,4,4505,59,33,6.81,210.2
2015-07-17,2,1,4,5,3079,56,39,6.75,210.2
2015-07-17,2,1,6,6,4437,31,46,6.79,210.2
2015-07-17,2,2,6,1,4077,37,13,6.73,652.8
2015-07-17,2,2,3,2,4562,50,12,6.73,652.8
2015-07-17,2,2,4,3,3682,38,41,6.73,652.8
2015-07-17,2,2,5,4,3064,25,32,6.79,652.8
2015-07-17,2,2,1,5,4648,7,14,6.74,652.8
2015-07-17,2,2,2,6,4760,44,29,6.75,652.8
2015-07-17,2,3,3,1,4772,66,2,6.8,124.8
2015-07-17,2,3,1,2,4285,58,30,6.86,124.8
2015-07-17,2,3,2,3,3186,8,28,6.78,124.8
2015-07-17,2,3,6,4,4009,10,26,6.77,124.8
2015-07-17,2,3,4,5,3141,57,43,6.81,124.8
2015-07-17,2,3,5,6,4008,5,38,6.75,124.8
2015-07-17,2,4,2,1,3013,19,4,6.86,37.7
2015-07-17,2,4,3,2,3054,39,18,6.74,37.7
2015-07-17,2,4,5,3,4459,61,31,6.76,37.7
2015-07-17,2,4,4,4,3977,17,44,6.81,37.7
2015-07-17,2,4,1,5,4160,35,5,6.85,37.7
2015-07-17,2,4,6,6,4159,18,45,6.8,37.7
2015-07-17,2,5,5,1,4475,46,1,6.7,121.1
2015-07-17,2,5,4,2,4362,63,24,6.72,121.1
2015-07-17,2,5,2,3,4086,28,40,6.72,121.1
2015-07-17,2,5,6,4,3585,64,11,6.82,121.1
2015-07-17,2,5,1,5,3951,45,17,6.8,121.1
2015-07-17,2,5,3,6,3541,16,16,6.76,121.1
2015-07-17,2,6,3,1,4437,31,46,6.79,195.0
2015-07-17,2,6,4,2,3412,60,34,6.74,195.0
2015-07-17,2,6,1,3,3338,36,20,6.72,195.0
2015-07-17,2,6,5,4,4739,23,6,6.74,195.0
2015-07-17,2,6,2,5,3572,29,35,6.85,195.0
2015-07-17,2,6,6,6,3736,32,19,6.75,195.0
2015-07-17,2,7,1,1,4760,44,29,6.75,56.5
2015-07-17,2,7,2,2,3422,49,23,6.8,56.5
2015-07-17,2,7,4,3,3434,53,25,6.76,56.5
2015-07-17,2,7,5,4,4184,1,22,6.77,56.5
2015-07-17,2,7,6,5,3855,27,15,6.83,56.5
2015-07-17,2,7,3,6,4285,58,30,6.99,56.5
2015-07-17,2,8,2,1,4296,33,10,6.79,7.8
2015-07-17,2,8,1,2,4430,43,21,6.71,7.8
2015-07-17,2,8,4,3,3858,41,3,6.71,7.8
2015-07-17,2,8,6,4,4772,66,2,6.71,7.8
2015-07-17,2,8,5,5,3977,17,44,6.83,7.8
2015-07-17,2,8,3,6,3682,38,41,6.78,7.8
2015-07-17,2,9,2,1,4362,63,24,6.75,37.6
2015-07-17,2,9,3,2,3312,14,8,6.81,37.6
2015-07-17,2,9,4,3,4320,12,9,6.73,37.6
2015-07-17,2,9,5,4,4260,15,27,6.78,37.6
2015-07-17,2,9,6,5,3054,39,18,6.78,37.6
2015-07-17,2,9,1,6,3079,56,39,6.82,37.6
2015-07-17,2,10,1,1,3412,60,34,6.73,21.0
2015-07-17,2,10,3,2,4019,21,7,6.86,21.0
2015-07-17,2,10,5,3,3141,57,43,6.77,21.0
2015-07-17,2,10,6,4,4459,61,31,6.8,21.0
2015-07-17,2,10,4,5,3951,45,17,6.8,21.0
2015-07-17,2,10,2,6,4562,50,12,6.72,21.0
2015-07-17,2,11,1,1,3572,29,35,6.84,20.1
2015-07-17,2,11,2,2,4505,59,33,6.83,20.1
2015-07-17,2,11,6,3,4184,1,22,6.77,20.1
2015-07-17,2,11,3,4,4077,37,13,6.74,20.1
2015-07-17,2,11,5,5,4009,10,26,6.82,20.1
2015-07-17,2,11,4,6,3541,16,16,6.93,20.1
2015-07-17,2,12,1,1,3422,49,23,6.84,10.1
2015-07-17,2,12,4,2,4475,46,1,6.74,10.1
2015-07-17,2,12,2,3,4430,43,21,6.87,10.1
2015-07-17,2,12,3,4,3736,32,19,6.8,10.1
2015-07-17,2,12,6,5,4008,5,38,6.92,10.1
2015-07-17,2,12,5,6,4159,18,45,6.9,10.1
2015-07-18,3,1,1,1,4159,18,45,6.76,62.1
2015-07-18,3,1,2,2,4648,7,14,6.74,62.1
2015-07-18,3,1,6,3,3079,56,39,6.71,62.1
2015-07-18,3,1,4,4,3064,25,32,6.72,62.1
2015-07-18,3,1,3,5,3186,8,28,6.65,62.1
2015-07-18,3,1,5,6,4160,35,5,6.85,62.1
2015-07-18,3,2,5,1,4285,58,30,6.71,274.0
2015-07-18,3,2,1,2,4703,24,36,6.75,274.0
2015-07-18,3,2,4,3,3850,48,37,6.63,274.0
2015-07-18,3,2,3,4,4086,28,40,6.78,274.0
2015-07-18,3,2,2,5,4739,23,6,6.72,274.0
2015-07-18,3,2,6,6,3013,19,4,6.67,274.0
2015-07-18,3,3,5,1,3312,14,8,6.73,291.4
2015-07-18,3,3,2,2,3338,36,20,6.74,291.4
2015-07-18,3,3,1,3,4772,66,2,6.62,291.4
2015-07-18,3,3,6,4,4019,21,7,6.77,291.4
2015-07-18,3,3,4,5,4077,37,13,6.69,291.4
2015-07-18,3,3,3,6,3951,45,17,6.7,291.4
2015-07-18,3,4,2,1,4260,15,27,6.79,154.8
2015-07-18,3,4,5,2,3434,53,25,6.76,154.8
2015-07-18,3,4,6,3,3682,38,41,6.78,154.8
2015-07-18,3,4,1,4,3977,17,44,6.77,154.8
2015-07-18,3,4,4,5,3412,60,34,6.8,154.8
2015-07-18,3,4,3,6,3585,64,11,6.75,154.8
2015-07-18,3,5,4,1,4296,33,10,6.7,26.1
2015-07-18,3,5,1,2,4009,10,26,6.73,26.1
2015-07-18,3,5,2,3,4475,46,1,6.62,26.1
2015-07-18,3,5,3,4,3572,29,35,6.81,26.1
2015-07-18,3,5,6,5,3186,8,28,6.72,26.1
2015-07-18,3,5,5,6,3855,27,15,6.71,26.1
2015-07-18,3,6,6,1,4320,12,9,6.71,70.2
2015-07-18,3,6,2,2,3054,39,18,6.7,70.2
2015-07-18,3,6,4,3,4760,44,29,6.74,70.2
2015-07-18,3,6,5,4,3736,32,19,6.74,70.2
2015-07-18,3,6,1,5,4086,28,40,6.66,70.2
2015-07-18,3,6,3,6,3541,16,16,6.7,70.2
2015-07-18,3,7,5,1,3422,49,23,6.77,27.6
2015-07-18,3,7,2,2,4008,5,38,6.75,27.6
2015-07-18,3,7,4,3,4437,31,46,6.66,27.6
2015-07-18,3,7,1,4,4077,37,13,6.76,27.6
2015-07-18,3,7,6,5,3141,57,43,6.74,27.6
2015-07-18,3,7,3,6,4648,7,14,6.71,27.6
2015-07-18,3,8,2,1,4159,18,45,6.77,63.1
2015-07-18,3,8,4,2,4184,1,22,6.68,63.1
2015-07-18,3,8,1,3,4459,61,31,6.81,63.1
2015-07-18,3,8,3,4,3338,36,20,6.76,63.1
2015-07-18,3,8,5,5,3585,64,11,6.75,63.1
2015-07-18,3,8,6,6,4285,58,30,6.79,63.1
2015-07-18,3,9,5,1,4362,63,24,6.78,20.2
2015-07-18,3,9,2,2,3412,60,34,6.69,20.2
2015-07-18,3,9,1,3,3064,25,32,6.71,20.2
2015-07-18,3,9,6,4,3858,41,3,6.73,20.2
2015-07-18,3,9,3,5,4009,10,26,6.72,20.2
2015-07-18,3,9,4,6,3013,19,4,6.82,20.2
2015-07-18,3,10,5,1,4019,21,7,6.89,176.1
2015-07-18,3,10,6,2,4505,59,33,6.79,176.1
2015-07-18,3,10,4,3,3054,39,18,6.78,176.1
2015-07-18,3,10,1,4,4260,15,27,6.68,176.1
2015-07-18,3,10,2,5,4430,43,21,6.74,176.1
2015-07-18,3,10,3,6,4703,24,36,6.83,176.1
2015-07-18,3,12,1,1,4296,33,10,6.73,6.8
2015-07-18,3,12,5,2,4320,12,9,6.65,6.8
2015-07-18,3,12,2,3,4184,1,22,6.71,6.8
2015-07-18,3,12,6,4,3312,14,8,6.8,6.8
2015-07-18,3,12,4,5,4739,23,6,6.73,6.8
2015-07-18,3,12,3,6,3141,57,43,6.81,6.8
2015-07-19,4,1,3,1,3079,56,39,6.89,68.3
2015-07-19,4,1,1,2,3141,57,43,6.79,68.3
2015-07-19,4,1,6,3,3338,36,20,6.77,68.3
2015-07-19,4,1,5,4,4760,44,29,6.71,68.3
2015-07-19,4,1,2,5,3682,38,41,6.78,68.3
2015-07-19,4,1,4,6,4160,35,5,6.88,68.3
2015-07-19,4,2,2,1,4077,37,13,6.74,161.5
2015-07-19,4,2,6,2,4772,66,2,6.68,161.5
2015-07-19,4,2,5,3,4086,28,40,6.78,161.5
2015-07-19,4,2,3,4,3977,17,44,6.81,161.5
2015-07-19,4,2,4,5,3585,64,11,6.91,161.5
2015-07-19,4,2,1,6,4437,31,46,6.8,161.5
2015-07-19,4,3,1,1,3850,48,37,6.61,32.0
2015-07-19,4,3,4,2,4159,18,45,6.71,32.0
2015-07-19,4,3,5,3,3572,29,35,6.79,32.0
2015-07-19,4,3,3,4,3312,14,8,6.76,32.0
2015-07-19,4,3,6,5,3064,25,32,6.75,32.0
2015-07-19,4,3,2,6,3855,27,15,6.75,32.0
2015-07-19,4,4,3,1,4296,33,10,6.78,11.7
2015-07-19,4,4,1,2,4739,23,6,6.75,11.7
2015-07-19,4,4,6,3,4475,46,1,6.69,11.7
2015-07-19,4,4,2,4,3736,32,19,6.77,11.7
2015-07-19,4,4,4,5,4648,7,14,6.82,11.7
2015-07-19,4,4,5,6,4285,58,30,6.79,11.7
2015-07-19,4,5,1,1,4019,21,7,6.91,101.6
2015-07-19,4,5,5,2,3013,19,4,6.91,101.6
2015-07-19,4,5,4,3,4184,1,22,6.79,101.6
2015-07-19,4,5,6,4,4703,24,36,6.85,101.6
2015-07-19,4,5,3,5,3422,49,23,6.83,101.6
2015-07-19,4,5,2,6,4160,35,5,6.88,101.6
2015-07-19,4,6,3,1,4320,12,9,6.76,44.4
2015-07-19,4,6,1,2,3682,38,41,6.88,44.4
2015-07-19,4,6,6,3,4459,61,31,6.79,44.4
2015-07-19,4,6,2,4,3434,53,25,6.73,44.4
2015-07-19,4,6,4,5,4772,66,2,6.74,44.4
2015-07-19,4,6,5,6,3186,8,28,6.73,44.4
2015-07-19,4,7,1,1,3858,41,3,6.8,78.0
2015-07-19,4,7,2,2,3977,17,48,6.86,78.0
2015-07-19,4,7,5,3,4430,43,21,6.88,78.0
2015-07-19,4,7,3,4,4009,10,26,6.75,78.0
2015-07-19,4,7,4,5,3855,27,15,6.82,78.0
2015-07-19,4,7,6,6,3541,16,47,6.87,78.0
2015-07-19,4,8,1,1,4362,63,24,6.77,7.5
2015-07-19,4,8,2,2,3312,14,8,6.86,7.5
2015-07-19,4,8,4,3,4260,15,27,6.82,7.5
2015-07-19,4,8,3,4,4475,46,1,6.78,7.5
2015-07-19,4,8,6,5,4760,44,29,6.8,7.5
2015-07-19,4,8,5,6,4648,7,14,6.79,7.5
2015-07-19,4,10,6,1,3412,60,34,6.87,341.1
2015-07-19,4,10,2,2,3858,41,3,6.73,341.1
2015-07-19,4,10,1,3,3422,49,23,6.82,341.1
2015-07-19,4,10,5,4,3079,56,39,6.74,341.1
2015-07-19,4,10,3,5,4459,61,31,6.75,341.1
2015-07-19,4,10,4,6,3951,45,17,6.86,341.1
2015-07-19,4,11,4,1,3434,53,25,6.73,139.5
2015-07-19,4,11,5,2,4159,18,45,6.84,139.5
2015-07-19,4,11,2,3,4296,33,10,6.8,139.5
2015-07-19,4,11,1,4,4184,1,22,6.78,139.5
2015-07-19,4,11,6,5,4260,15,27,6.71,139.5
2015-07-19,4,11,3,6,4430,43,21,6.88,139.5
2015-07-19,4,12,1,1,4320,12,9,6.78,4.4
2015-07-19,4,12,2,2,4019,21,7,6.82,4.4
2015-07-19,4,12,3,3,4362,63,24,6.77,4.4
2015-07-19,4,12,6,4,4505,59,33,6.82,4.4
2015-07-19,4,12,5,5,4009,10,26,6.79,4.4
2015-07-19,4,12,4,6,3141,57,43,6.87,4.4
2015-07-20,5,1,5,1,3079,56,39,6.72,157.4
2015-07-20,5,1,6,2,3855,27,15,6.81,157.4
2015-07-20,5,1,1,3,3858,41,3,6.74,157.4
2015-07-20,5,1,3,4,3186,8,28,6.68,157.4
2015-07-20,5,1,4,5,3682,38,41,6.82,157.4
2015-07-20,5,1,2,6,4648,7,14,6.74,157.4
2015-07-20,5,2,1,1,3064,25,32,6.66,11.7
2015-07-20,5,2,4,2,4086,28,40,6.79,11.7
2015-07-20,5,2,5,3,3338,36,20,6.78,11.7
2015-07-20,5,2,2,4,3585,64,49,6.77,11.7
2015-07-20,5,2,6,5,3977,17,48,6.74,11.7
2015-07-20,5,2,3,6,4160,35,5,6.79,11.7
2015-07-20,5,3,6,1,4362,63,24,6.71,39.1
2015-07-20,5,3,1,2,4772,66,2,6.74,39.1
2015-07-20,5,3,4,3,3951,45,17,6.8,39.1
2015-07-20,5,3,2,4,4077,37,13,6.82,39.1
2015-07-20,5,3,5,5,4703,24,36,6.86,39.1
2015-07-20,5,3,3,6,4159,18,45,6.78,39.1
2015-07-20,5,4,1,1,4260,15,27,6.9,34.5
2015-07-20,5,4,3,2,4760,44,29,6.77,34.5
2015-07-20,5,4,6,3,3422,49,23,6.85,34.5
2015-07-20,5,4,2,4,3013,19,4,6.86,34.5
2015-07-20,5,4,5,5,3541,16,47,6.94,34.5
2015-07-20,5,4,4,6,4285,58,30,6.84,34.5
2015-07-20,5,5,1,1,4019,21,7,6.87,35.8
2015-07-20,5,5,4,2,3736,32,19,6.75,35.8
2015-07-20,5,5,3,3,3312,14,8,6.84,35.8
2015-07-20,5,5,2,4,4459,61,31,6.81,35.8
2015-07-20,5,5,6,5,3682,38,41,6.84,35.8
2015-07-20,5,5,5,6,4475,46,1,6.71,35.8
2015-07-20,5,6,1,1,3412,60,34,6.83,56.6
2015-07-20,5,6,5,2,3434,53,25,6.81,56.6
2015-07-20,5,6,4,3,3850,48,37,6.77,56.6
2015-07-20,5,6,2,4,4739,23,6,6.88,56.6
2015-07-20,5,6,6,5,4320,12,9,6.68,56.6
2015-07-20,5,6,3,6,4009,10,26,6.86,56.6
2015-07-20,5,7,3,1,4430,43,21,6.88,38.6
2015-07-20,5,7,6,2,4296,33,10,6.86,38.6
2015-07-20,5,7,1,3,4505,59,33,6.86,38.6
2015-07-20,5,7,2,4,4086,28,40,6.91,38.6
2015-07-20,5,7,5,5,3951,45,17,6.93,38.6
2015-07-20,5,7,4,6,3064,25,32,6.89,38.6
2015-07-20,5,8,1,1,3572,29,35,6.92,8.7
2015-07-20,5,8,4,2,3541,16,47,6.84,8.7
2015-07-20,5,8,2,3,3141,57,43,6.81,8.7
2015-07-20,5,8,3,4,3977,17,48,6.88,8.7
2015-07-20,5,8,5,5,3186,8,28,6.75,8.7
2015-07-20,5,8,6,6,4703,24,36,6.86,8.7
2015-07-20,5,9,1,1,4362,63,24,6.77,14.2
2015-07-20,5,9,3,2,3412,60,34,6.81,14.2
2015-07-20,5,9,4,3,3312,14,8,6.8,14.2
2015-07-20,5,9,2,4,4019,21,7,6.95,14.2
2015-07-20,5,9,6,5,4772,66,2,6.82,14.2
2015-07-20,5,9,5,6,3013,19,4,6.89,14.2
2015-07-20,5,10,1,1,4296,33,10,6.87,75.2
2015-07-20,5,10,6,2,4260,15,27,6.89,75.2
2015-07-20,5,10,2,3,4475,46,1,6.78,75.2
2015-07-20,5,10,3,4,3850,48,37,6.8,75.2
2015-07-20,5,10,5,5,4459,61,31,6.8,75.2
2015-07-20,5,10,4,6,3422,49,23,6.84,75.2
2015-07-21,6,1,3,1,4760,44,29,6.81,318.5
2015-07-21,6,1,2,2,3079,56,39,6.8,318.5
2015-07-21,6,1,5,3,4776,31,22,6.73,318.5
2015-07-21,6,1,4,4,3064,25,32,6.74,318.5
2015-07-21,6,1,1,5,4009,10,26,6.73,318.5
2015-07-21,6,1,6,6,4648,7,14,6.82,318.5
2015-07-21,6,2,2,1,4703,24,36,6.84,25.9
2015-07-21,6,2,1,2,3682,38,41,6.72,25.9
2015-07-21,6,2,3,3,4343,39,18,6.81,25.9
2015-07-21,6,2,5,4,3585,64,49,6.88,25.9
2015-07-21,6,2,6,5,4160,35,5,6.85,25.9
2015-07-21,6,2,4,6,3977,17,48,6.78,25.9
2015-07-21,6,3,2,1,3338,36,20,6.8,99.1
2015-07-21,6,3,1,2,3855,27,15,6.72,99.1
2015-07-21,6,3,6,3,4475,46,1,6.71,99.1
2015-07-21,6,3,4,4,4086,28,40,6.87,99.1
2015-07-21,6,3,3,5,3951,45,17,6.68,99.1
2015-07-21,6,3,5,6,3858,41,3,6.78,99.1
2015-07-21,6,4,2,1,3186,8,28,6.76,121.9
2015-07-21,6,4,6,2,4019,21,7,6.78,121.9
2015-07-21,6,4,1,3,4430,43,21,6.8,121.9
2015-07-21,6,4,4,4,3541,16,47,6.84,121.9
2015-07-21,6,4,5,5,4739,23,6,6.74,121.9
2015-07-21,6,4,3,6,4285,58,30,6.79,121.9
2015-07-21,6,5,1,1,3572,29,50,6.77,12.2
2015-07-21,6,5,3,2,3141,57,43,6.75,12.2
2015-07-21,6,5,4,3,3736,32,19,6.69,12.2
2015-07-21,6,5,5,4,4648,7,14,6.75,12.2
2015-07-21,6,5,2,5,4772,66,2,6.7,12.2
2015-07-21,6,5,6,6,4760,44,29,6.7,12.2
2015-07-21,6,6,1,1,4459,61,31,6.8,15.3
2015-07-21,6,6,2,2,3013,19,4,6.73,15.3
2015-07-21,6,6,3,3,3079,56,39,6.77,15.3
2015-07-21,6,6,4,4,4159,18,45,6.83,15.3
2015-07-21,6,6,5,5,3977,17,48,6.82,15.3
2015-07-21,6,6,6,6,4776,31,22,6.81,15.3
2015-07-21,6,7,1,1,3434,53,25,6.74,19.7
2015-07-21,6,7,3,2,4703,24,36,6.69,19.7
2015-07-21,6,7,2,3,3850,48,37,6.66,19.7
2015-07-21,6,7,5,4,4086,28,40,6.75,19.7
2015-07-21,6,7,6,5,3312,14,8,6.67,19.7
2015-07-21,6,7,4,6,3585,64,49,6.78,19.7
2015-07-21,6,8,1,1,3422,49,23,6.79,11.4
2015-07-21,6,8,2,2,3951,45,17,6.8,11.4
2015-07-21,6,8,3,3,3855,27,15,6.8,11.4
2015-07-21,6,8,4,4,4009,10,26,6.85,11.4
2015-07-21,6,8,6,5,4739,23,6,6.72,11.4
2015-07-21,6,8,5,6,4343,39,18,6.81,11.4
2015-07-21,6,9,3,1,4159,18,45,6.89,79.7
2015-07-21,6,9,2,2,3541,16,47,6.88,79.7
2015-07-21,6,9,1,3,3736,32,19,6.87,79.7
2015-07-21,6,9,4,4,3338,36,20,6.84,79.7
2015-07-21,6,9,5,5,3141,57,43,6.82,79.7
2015-07-21,6,9,6,6,3064,25,32,6.87,79.7
2015-07-21,6,10,1,1,4475,46,1,6.84,22.2
2015-07-21,6,10,3,2,3434,53,25,6.86,22.2
2015-07-21,6,10,2,3,4019,21,7,6.88,22.2
2015-07-21,6,10,4,4,4459,61,31,6.83,22.2
2015-07-21,6,10,5,5,3013,19,4,6.9,22.2
2015-07-21,6,10,6,6,4430,43,21,6.83,22.2
2015-07-21,6,11,1,1,3312,14,8,6.87,69.2
2015-07-21,6,11,5,2,4772,66,2,6.76,69.2
2015-07-21,6,11,3,3,3850,48,37,6.81,69.2
2015-07-21,6,11,2,4,3858,41,3,6.84,69.2
2015-07-21,6,11,4,5,3572,29,50,6.93,69.2
2015-07-21,6,11,6,6,3422,49,23,6.88,69.2
2015-07-21,6,12,1,1,4296,33,10,6.76,70.8
2015-07-21,6,12,6,2,4260,15,27,6.8,70.8
2015-07-21,6,12,2,3,4320,12,9,6.73,70.8
2015-07-21,6,12,4,4,3412,60,34,6.76,70.8
2015-07-21,6,12,3,5,4362,63,24,6.72,70.8
2015-07-21,6,12,5,6,4077,37,13,6.81,70.8
2015-07-25,1,1,1,1,3454,32,58,6.83,10.7
2015-07-25,1,1,4,2,4034,13,3,6.82,10.7
2015-07-25,1,1,2,3,4610,11,18,6.98,10.7
2015-07-25,1,1,6,4,4789,58,5,6.82,10.7
2015-07-25,1,1,5,5,3398,49,10,6.93,10.7
2015-07-25,1,1,3,6,3456,12,52,6.84,10.7
2015-07-25,1,2,2,1,4258,20,66,6.8,12.0
2015-07-25,1,2,1,2,3166,61,19,6.72,12.0
2015-07-25,1,2,3,3,4343,2,27,6.77,12.0
2015-07-25,1,2,6,4,3202,23,60,6.85,12.0
2015-07-25,1,2,4,5,3927,22,55,6.87,12.0
2015-07-25,1,2,5,6,4799,26,54,6.83,12.0
2015-07-25,1,3,5,1,4148,62,29,6.79,123.0
2015-07-25,1,3,2,2,4574,65,56,6.79,123.0
2015-07-25,1,3,3,3,4440,47,7,6.78,123.0
2015-07-25,1,3,4,4,3948,5,51,6.87,123.0
2015-07-25,1,3,1,5,4054,66,26,6.73,123.0
2015-07-25,1,3,6,6,3998,45,65,6.79,123.0
2015-07-25,1,4,2,1,3925,50,2,6.79,39.1
2015-07-25,1,4,6,2,3406,9,9,6.84,39.1
2015-07-25,1,4,1,3,4449,55,24,6.83,39.1
2015-07-25,1,4,3,4,3329,16,22,6.84,39.1
2015-07-25,1,4,4,5,4606,64,30,6.82,39.1
2015-07-25,1,4,5,6,4820,54,28,6.84,39.1
2015-07-25,1,5,1,1,3036,29,11,6.82,27.0
2015-07-25,1,5,3,2,4028,21,53,6.84,27.0
2015-07-25,1,5,2,3,4513,51,14,6.83,27.0
2015-07-25,1,5,5,4,3880,4,61,6.86,27.0
2015-07-25,1,5,4,5,3534,39,16,6.75,27.0
2015-07-25,1,5,6,6,4877,40,13,6.89,27.0
2015-07-25,1,6,1,1,3325,43,59,6.7,48.1
2015-07-25,1,6,5,2,4368,38,4,6.77,48.1
2015-07-25,1,6,2,3,4295,27,15,6.84,48.1
2015-07-25,1,6,3,4,3303,6,6,6.83,48.1
2015-07-25,1,6,4,5,3166,61,19,6.85,48.1
2015-07-25,1,6,6,6,3398,49,10,6.87,48.1
2015-07-25,1,7,1,1,4574,65,56,6.78,14.1
2015-07-25,1,7,3,2,4335,34,64,6.82,14.1
2015-07-25,1,7,2,3,3702,30,21,6.82,14.1
2015-07-25,1,7,4,4,3967,24,63,6.85,14.1
2015-07-25,1,7,5,5,3456,12,52,6.83,14.1
2015-07-25,1,7,6,6,3927,22,55,6.94,14.1
2015-07-25,1,8,4,1,3454,32,58,6.89,46.6
2015-07-25,1,8,1,2,4259,35,17,6.89,46.6
2015-07-25,1,8,5,3,4440,47,7,6.86,46.6
2015-07-25,1,8,6,4,4799,26,54,6.88,46.6
2015-07-25,1,8,2,5,3975,3,23,6.84,46.6
2015-07-25,1,8,3,6,3583,28,25,6.88,46.6
2015-07-25,1,9,1,1,4258,20,66,6.85,231.4
2015-07-25,1,9,4,2,4555,59,57,6.79,231.4
2015-07-25,1,9,6,3,3948,5,51,6.94,231.4
2015-07-25,1,9,2,4,3809,1,62,6.89,231.4
2015-07-25,1,9,3,5,4104,36,20,6.86,231.4
2015-07-25,1,9,5,6,3329,16,22,6.81,231.4
2015-07-25,1,10,3,1,3532,52,8,6.88,14.4
2015-07-25,1,10,1,2,3303,6,40,6.89,14.4
2015-07-25,1,10,5,3,4034,13,3,6.89,14.4
2015-07-25,1,10,4,4,3036,29,11,6.88,14.4
2015-07-25,1,10,2,5,4054,66,26,6.8,14.4
2015-07-25,1,10,6,6,4820,54,28,6.81,14.4
2015-07-25,1,11,1,1,3534,39,16,6.75,42.2
2015-07-25,1,11,5,2,3998,45,65,6.82,42.2
2015-07-25,1,11,4,3,4368,38,4,6.72,42.2
2015-07-25,1,11,3,4,3925,50,2,6.79,42.2
2015-07-25,1,11,2,5,3967,24,63,6.86,42.2
2015-07-25,1,11,6,6,4343,2,27,6.84,42.2
2015-07-25,1,12,1,1,4028,21,53,6.8,32.4
2015-07-25,1,12,6,2,4148,62,29,6.78,32.4
2015-07-25,1,12,4,3,4295,27,15,6.77,32.4
2015-07-25,1,12,2,4,4335,34,64,6.81,32.4
2015-07-25,1,12,3,5,4259,35,17,6.87,32.4
2015-07-25,1,12,5,6,3406,9,9,6.85,32.4
2015-07-26,2,1,5,1,4789,58,5,6.91,359.1
2015-07-26,2,1,1,2,3998,45,65,6.89,359.1
2015-07-26,2,1,2,3,4343,2,27,6.89,359.1
2015-07-26,2,1,3,4,3325,43,59,6.93,359.1
2015-07-26,2,1,6,5,3456,12,52,6.94,359.1
2015-07-26,2,1,4,6,4440,47,7,6.89,359.1
2015-07-26,2,3,4,1,4258,20,66,7.02,23.9
2015-07-26,2,3,5,2,3454,32,58,6.95,23.9
2015-07-26,2,3,1,3,4555,59,57,6.86,23.9
2015-07-26,2,3,3,4,4610,11,18,7.02,23.9
2015-07-26,2,3,2,5,3166,61,19,6.83,23.9
2015-07-26,2,3,6,6,3303,6,40,7.01,23.9
2015-07-26,2,4,3,1,4054,66,26,6.8,159.9
2015-07-26,2,4,4,2,3202,23,60,6.89,159.9
2015-07-26,2,4,2,3,4034,13,3,6.85,159.9
2015-07-26,2,4,5,4,3702,30,21,6.97,159.9
2015-07-26,2,4,1,5,3880,4,61,6.87,159.9
2015-07-26,2,4,6,5,4259,35,17,6.92,159.9
2015-07-26,2,6,2,1,3036,29,11,6.93,18.4
2015-07-26,2,6,4,2,3329,16,22,7.01,18.4
2015-07-26,2,6,3,3,4295,27,15,7.05,18.4
2015-07-26,2,6,5,4,4574,65,56,6.89,18.4
2015-07-26,2,6,6,5,4799,26,54,6.98,18.4
2015-07-26,2,6,1,6,4606,64,30,7.05,18.4
2015-07-26,2,7,5,1,4028,21,53,6.98,24.4
2015-07-26,2,7,2,2,3406,9,9,7.02,24.4
2015-07-26,2,7,6,3,4104,36,20,6.94,24.4
2015-07-26,2,7,1,4,3925,50,2,6.89,24.4
2015-07-26,2,7,4,5,4343,2,27,6.95,24.4
2015-07-26,2,7,3,6,4555,59,57,6.88,24.4
2015-07-26,2,8,1,1,3532,52,8,6.94,33.0
2015-07-26,2,8,3,2,3202,23,60,6.96,33.0
2015-07-26,2,8,2,3,4148,62,29,6.88,33.0
2015-07-26,2,8,4,4,3998,45,65,6.89,33.0
2015-07-26,2,8,5,5,4610,11,18,6.94,33.0
2015-07-26,2,8,6,6,4877,40,13,6.92,33.0
2015-07-26,2,9,5,1,4335,34,64,6.89,35.8
2015-07-26,2,9,4,2,3325,43,59,6.83,35.8
2015-07-26,2,9,6,3,3454,32,58,6.86,35.8
2015-07-26,2,9,1,4,4368,38,4,6.78,35.8
2015-07-26,2,9,2,5,3880,4,61,6.87,35.8
2015-07-26,2,9,3,6,4449,55,24,6.9,35.8
2015-07-26,2,10,1,1,3967,24,63,6.9,10.7
2015-07-26,2,10,2,2,3534,39,16,6.89,10.7
2015-07-26,2,10,5,3,4259,35,17,6.93,10.7
2015-07-26,2,10,3,4,3036,29,11,6.93,10.7
2015-07-26,2,10,4,5,3583,28,25,6.91,10.7
2015-07-26,2,10,6,6,4789,58,5,6.84,10.7
2015-07-26,2,11,1,1,3406,9,9,6.87,7.0
2015-07-26,2,11,2,2,3329,16,22,6.88,7.0
2015-07-26,2,11,4,3,3809,1,62,6.91,7.0
2015-07-26,2,11,5,4,3303,6,40,6.99,7.0
2015-07-26,2,11,6,5,4513,51,14,6.83,7.0
2015-07-26,2,11,3,6,4034,13,3,6.9,7.0
2015-07-26,2,12,1,1,4295,27,15,6.84,12.5
2015-07-26,2,12,2,2,3532,52,8,6.91,12.5
2015-07-26,2,12,5,3,4104,36,20,6.91,12.5
2015-07-26,2,12,6,4,3975,3,23,6.81,12.5
2015-07-26,2,12,4,5,3702,30,21,6.83,12.5
2015-07-26,2,12,3,6,4258,20,66,6.97,12.5
2015-07-27,3,1,1,1,4104,36,20,6.79,9.3
2015-07-27,3,1,2,2,3583,28,25,6.91,9.3
2015-07-27,3,1,4,3,3880,4,61,6.88,9.3
2015-07-27,3,1,5,4,3202,23,60,6.91,9.3
2015-07-27,3,1,3,5,3927,22,55,6.96,9.3
2015-07-27,3,1,6,6,4789,58,5,6.85,9.3
2015-07-27,3,2,4,1,4610,11,18,6.89,59.6
2015-07-27,3,2,1,2,4034,13,3,6.78,59.6
2015-07-27,3,2,5,3,3925,50,2,6.77,59.6
2015-07-27,3,2,2,4,4440,47,7,6.82,59.6
2015-07-27,3,2,3,5,4574,65,56,6.85,59.6
2015-07-27,3,2,6,6,4820,54,28,6.84,59.6
2015-07-27,3,3,2,1,3456,12,52,6.86,634.9
2015-07-27,3,3,6,2,3967,24,63,6.87,634.9
2015-07-27,3,3,1,3,4343,2,27,6.85,634.9
2015-07-27,3,3,5,4,3532,52,8,6.86,634.9
2015-07-27,3,3,4,5,4054,66,26,6.8,634.9
2015-07-27,3,3,3,6,3166,61,19,6.84,634.9
2015-07-27,3,4,3,1,3998,45,65,6.8,95.1
2015-07-27,3,4,4,2,3398,49,10,6.85,95.1
2015-07-27,3,4,1,3,3948,5,51,6.87,95.1
2015-07-27,3,4,6,4,3702,30,21,6.88,95.1
2015-07-27,3,4,2,5,3325,43,59,6.79,95.1
2015-07-27,3,4,5,6,4799,26,54,6.9,95.1
2015-07-27,3,5,4,1,4028,21,53,6.94,9.4
2015-07-27,3,5,1,2,3975,3,23,6.84,9.4
2015-07-27,3,5,3,3,3454,32,58,6.8,9.4
2015-07-27,3,5,6,4,4606,64,30,6.88,9.4
2015-07-27,3,5,2,5,4555,59,57,6.77,9.4
2015-07-27,3,5,5,6,4513,51,14,6.84,9.4
2015-07-27,3,6,1,1,4440,47,7,6.8,60.8
2015-07-27,3,6,3,2,3880,4,61,6.79,60.8
2015-07-27,3,6,6,3,3809,1,62,6.81,60.8
2015-07-27,3,6,4,4,3036,29,11,6.83,60.8
2015-07-27,3,6,2,5,3303,6,40,6.9,60.8
2015-07-27,3,6,5,6,4820,54,28,6.82,60.8
2015-07-27,3,8,2,1,4104,36,20,6.81,170.4
2015-07-27,3,8,4,2,4335,34,64,6.88,170.4
2015-07-27,3,8,3,3,3925,50,2,6.8,170.4
2015-07-27,3,8,1,4,4295,27,15,6.79,170.4
2015-07-27,3,8,5,5,4054,66,26,6.83,170.4
2015-07-27,3,8,6,6,4449,55,24,6.86,170.4
2015-07-27,3,9,1,1,3329,16,22,6.81,10.0
2015-07-27,3,9,2,2,3998,45,65,6.85,10.0
2015-07-27,3,9,4,3,4259,35,17,6.87,10.0
2015-07-27,3,9,5,4,3967,24,63,6.91,10.0
2015-07-27,3,9,6,5,4258,20,66,6.87,10.0
2015-07-27,3,9,3,6,4513,51,14,6.85,10.0
2015-07-27,3,10,1,1,3406,9,9,6.83,6.6
2015-07-27,3,10,2,2,3975,3,23,6.8,6.6
2015-07-27,3,10,4,3,3303,6,40,6.82,6.6
2015-07-27,3,10,3,4,3702,30,21,6.85,6.6
2015-07-27,3,10,6,5,4610,11,18,6.83,6.6
2015-07-27,3,10,5,6,3927,22,55,6.93,6.6
2015-07-27,3,11,6,1,3532,52,8,6.92,155.0
2015-07-27,3,11,4,2,3325,43,59,6.79,155.0
2015-07-27,3,11,1,3,4148,62,29,6.76,155.0
2015-07-27,3,11,2,4,3454,32,58,6.86,155.0
2015-07-27,3,11,5,5,4789,58,5,6.82,155.0
2015-07-27,3,11,3,6,3036,29,11,6.92,155.0
2015-07-27,3,12,1,1,4335,34,64,6.81,23.4
2015-07-27,3,12,5,2,3809,1,62,6.83,23.4
2015-07-27,3,12,3,3,4368,38,4,6.77,23.4
2015-07-27,3,12,2,4,4028,21,53,6.8,23.4
2015-07-27,3,12,4,5,4574,65,56,6.89,23.4
2015-07-27,3,12,6,6,4799,26,54,6.87,23.4
2015-07-28,4,1,5,1,4054,66,26,6.93,492.6
2015-07-28,4,1,6,2,4440,47,7,6.85,492.6
2015-07-28,4,1,1,3,3702,30,21,6.91,492.6
2015-07-28,4,1,4,4,4034,13,3,6.81,492.6
2015-07-28,4,1,3,5,3325,43,59,6.88,492.6
2015-07-28,4,1,2,6,3927,22,55,6.93,492.6
2015-07-28,4,2,1,1,4610,11,18,6.87,23.5
2015-07-28,4,2,3,2,3948,5,51,6.9,23.5
2015-07-28,4,2,6,3,4555,59,57,6.75,23.5
2015-07-28,4,2,2,4,3398,49,10,6.84,23.5
2015-07-28,4,2,4,5,4343,2,27,6.81,23.5
2015-07-28,4,2,5,6,3583,28,25,6.87,23.5
2015-07-28,4,3,3,1,4028,21,53,6.86,9.5
2015-07-28,4,3,1,2,4513,51,14,6.84,9.5
2015-07-28,4,3,4,3,3925,50,2,6.82,9.5
2015-07-28,4,3,2,4,3202,23,60,6.88,9.5
2015-07-28,4,3,6,5,3534,39,16,6.83,9.5
2015-07-28,4,3,5,6,3166,61,19,6.9,9.5
2015-07-28,4,4,2,1,4259,35,17,6.85,54.1
2015-07-28,4,4,4,2,4574,65,56,6.85,54.1
2015-07-28,4,4,3,3,4258,20,66,6.9,54.1
2015-07-28,4,4,6,4,4789,58,5,6.81,54.1
2015-07-28,4,4,1,5,3456,12,52,6.84,54.1
2015-07-28,4,4,5,6,3975,3,23,6.85,54.1
2015-07-28,4,5,2,1,3967,24,63,6.92,50.6
2015-07-28,4,5,4,2,3406,9,9,6.9,50.6
2015-07-28,4,5,1,3,4148,62,29,6.89,50.6
2015-07-28,4,5,5,4,3880,4,61,6.89,50.6
2015-07-28,4,5,3,5,4440,47,7,6.82,50.6
2015-07-28,4,5,6,6,4799,26,54,6.92,50.6
2015-07-28,4,6,3,1,4335,34,64,6.82,40.9
2015-07-28,4,6,2,2,4104,36,20,6.79,40.9
2015-07-28,4,6,1,3,3398,49,10,6.81,40.9
2015-07-28,4,6,5,4,3325,43,59,6.82,40.9
2015-07-28,4,6,4,5,3532,52,8,6.88,40.9
2015-07-28,4,6,6,6,4820,54,28,6.8,40.9
2015-07-28,4,8,1,1,3809,1,62,6.8,5.4
2015-07-28,4,8,2,2,3702,30,21,6.87,5.4
2015-07-28,4,8,4,3,4368,38,4,6.84,5.4
2015-07-28,4,8,5,4,3948,5,51,6.89,5.4
2015-07-28,4,8,3,5,3166,61,19,6.83,5.4
2015-07-28,4,8,6,6,4606,64,30,6.89,5.4
2015-07-28,4,9,4,1,4148,62,29,6.87,16.6
2015-07-28,4,9,1,2,4259,35,17,6.86,16.6
2015-07-28,4,9,2,3,3303,6,40,6.83,16.6
2015-07-28,4,9,5,4,3036,29,11,6.88,16.6
2015-07-28,4,9,3,5,4513,51,14,6.86,16.6
2015-07-28,4,9,6,6,4449,55,24,6.85,16.6
2015-07-28,4,10,1,1,3532,52,8,6.84,22.1
2015-07-28,4,10,2,2,3454,32,58,6.81,22.1
2015-07-28,4,10,4,3,4610,11,18,6.85,22.1
2015-07-28,4,10,5,4,4295,27,15,6.79,22.1
2015-07-28,4,10,6,5,4574,65,56,6.86,22.1
2015-07-28,4,10,3,6,3967,24,63,6.92,22.1
2015-07-28,4,11,1,1,4335,34,64,6.82,6.3
2015-07-28,4,11,4,2,3809,1,62,6.86,6.3
2015-07-28,4,11,2,3,3329,16,22,6.83,6.3
2015-07-28,4,11,5,4,4343,2,27,6.84,6.3
2015-07-28,4,11,6,5,3925,50,2,6.82,6.3
2015-07-28,4,11,3,6,3975,3,23,6.87,6.3
2015-07-28,4,12,4,1,4104,36,20,6.81,90.0
2015-07-28,4,12,1,2,4028,21,53,6.81,90.0
2015-07-28,4,12,5,3,4258,20,66,6.87,90.0
2015-07-28,4,12,2,4,3406,9,9,6.87,90.0
2015-07-28,4,12,3,5,4368,38,4,6.78,90.0
2015-07-28,4,12,6,6,4034,13,3,6.86,90.0
2015-07-29,5,1,6,1,4054,66,26,6.84,129.6
2015-07-29,5,1,2,2,4513,51,14,6.83,129.6
2015-07-29,5,1,4,3,4440,47,7,6.79,129.6
2015-07-29,5,1,3,4,3583,28,25,6.87,129.6
2015-07-29,5,1,1,5,3998,45,65,6.8,129.6
2015-07-29,5,1,5,6,4789,58,5,6.83,129.6
2015-07-29,5,2,5,1,4343,2,27,6.87,63.7
2015-07-29,5,2,2,2,3948,5,51,6.87,63.7
2015-07-29,5,2,1,3,3166,61,19,6.82,63.7
2015-07-29,5,2,3,4,3880,4,61,6.87,63.7
2015-07-29,5,2,6,5,4820,54,28,6.83,63.7
2015-07-29,5,2,4,6,3927,22,55,6.94,63.7
2015-07-29,5,3,3,1,4335,34,64,6.92,10.7
2015-07-29,5,3,1,2,3325,43,59,6.84,10.7
2015-07-29,5,3,4,3,3329,16,22,6.89,10.7
2015-07-29,5,3,5,4,3303,6,40,6.93,10.7
2015-07-29,5,3,2,5,3456,12,52,6.87,10.7
2015-07-29,5,3,6,6,4799,26,54,6.88,10.7
2015-07-29,5,4,1,1,4610,11,18,6.83,25.2
2015-07-29,5,4,2,2,3202,23,60,6.89,25.2
2015-07-29,5,4,3,3,3702,30,21,6.84,25.2
2015-07-29,5,4,5,4,3036,29,11,6.9,25.2
2015-07-29,5,4,6,5,4449,55,24,6.81,25.2
2015-07-29,5,4,4,6,3406,9,9,6.89,25.2
2015-07-29,5,5,1,1,3454,32,58,6.8,17.3
2015-07-29,5,5,2,2,4258,20,66,6.86,17.3
2015-07-29,5,5,3,3,4148,62,29,6.88,17.3
2015-07-29,5,5,4,4,4295,27,15,6.81,17.3
2015-07-29,5,5,5,5,4034,13,3,6.82,17.3
2015-07-29,5,5,6,6,4877,40,13,6.87,17.3
2015-07-29,5,6,3,1,4259,35,17,6.93,16.0
2015-07-29,5,6,1,2,3967,24,63,6.89,16.0
2015-07-29,5,6,4,3,4028,21,53,6.87,16.0
2015-07-29,5,6,5,4,4574,65,56,6.9,16.0
2015-07-29,5,6,2,5,3398,49,10,6.93,16.0
2015-07-29,5,6,6,6,4606,64,30,6.9,16.0
2015-07-29,5,7,3,1,3532,52,8,6.89,16.8
2015-07-29,5,7,1,2,4104,36,20,6.78,16.8
2015-07-29,5,7,4,3,3809,1,62,6.9,16.8
2015-07-29,5,7,5,4,4799,26,54,6.87,16.8
2015-07-29,5,7,2,5,3925,50,2,6.86,16.8
2015-07-29,5,7,6,6,3534,39,16,6.84,16.8
2015-07-29,5,8,1,1,4368,38,4,6.75,71.6
2015-07-29,5,8,6,2,4555,59,57,6.78,71.6
2015-07-29,5,8,2,3,3975,3,23,6.78,71.6
2015-07-29,5,8,4,4,3303,6,40,6.96,71.6
2015-07-29,5,8,3,5,3456,12,52,6.85,71.6
2015-07-29,5,8,5,6,3927,22,55,6.99,71.6
2015-07-29,5,9,1,1,3406,9,9,6.86,10.1
2015-07-29,5,9,3,2,3329,16,22,6.83,10.1
2015-07-29,5,9,2,3,4148,62,29,6.86,10.1
2015-07-29,5,9,5,4,3998,45,65,6.88,10.1
2015-07-29,5,9,4,5,3454,32,58,6.84,10.1
2015-07-29,5,9,6,6,3967,24,63,6.88,10.1
2015-07-29,5,10,1,1,4335,34,64,6.86,19.5
2015-07-29,5,10,3,2,4295,27,15,6.88,19.5
2015-07-29,5,10,5,3,3925,50,2,6.83,19.5
2015-07-29,5,10,4,4,4259,35,17,6.94,19.5
2015-07-29,5,10,6,5,4610,11,18,6.93,19.5
2015-07-29,5,10,2,6,3532,52,8,6.98,19.5
2015-07-29,5,11,1,1,4028,21,53,6.82,20.0
2015-07-29,5,11,4,2,4258,20,66,6.85,20.0
2015-07-29,5,11,3,3,4104,36,20,6.83,20.0
2015-07-29,5,11,2,4,3809,1,62,6.88,20.0
2015-07-29,5,11,5,5,4368,38,4,6.79,20.0
2015-07-29,5,11,6,6,3325,43,59,6.82,20.0
2015-07-29,5,12,5,1,3702,30,21,6.95,73.8
2015-07-29,5,12,1,2,3975,3,23,6.8,73.8
2015-07-29,5,12,4,3,4054,66,26,6.89,73.8
2015-07-29,5,12,6,4,4789,58,5,6.85,73.8
2015-07-29,5,12,3,5,3036,29,11,6.88,73.8
2015-07-29,5,12,2,6,3880,4,61,6.85,73.8
2015-07-30,6,1,2,1,4054,66,26,6.83,37.6
2015-07-30,6,1,3,2,4574,65,56,6.86,37.6
2015-07-30,6,1,1,3,3036,29,11,6.81,37.6
2015-07-30,6,1,4,4,3456,12,52,6.86,37.6
2015-07-30,6,1,6,5,3166,61,19,6.88,37.6
2015-07-30,6,1,5,6,4820,54,28,6.79,37.6
2015-07-30,6,2,1,1,4034,13,3,6.81,15.4
2015-07-30,6,2,3,2,3583,28,25,6.93,15.4
2015-07-30,6,2,5,3,3880,4,61,6.9,15.4
2015-07-30,6,2,6,4,4799,26,54,6.9,15.4
2015-07-30,6,2,4,5,3202,23,60,6.96,15.4
2015-07-30,6,2,2,6,3927,22,55,6.96,15.4
2015-07-30,6,3,1,1,3925,50,2,6.76,13.4
2015-07-30,6,3,4,2,4440,47,7,6.8,13.4
2015-07-30,6,3,2,3,3325,43,59,6.81,13.4
2015-07-30,6,3,5,4,3948,5,51,6.95,13.4
2015-07-30,6,3,6,5,4789,58,5,6.76,13.4
2015-07-30,6,3,3,6,3398,49,10,6.89,13.4
2015-07-30,6,4,1,1,3967,24,63,6.85,23.9
2015-07-30,6,4,2,2,4343,2,27,6.8,23.9
2015-07-30,6,4,3,3,4104,36,20,6.82,23.9
2015-07-30,6,4,4,4,4513,51,14,6.77,23.9
2015-07-30,6,4,5,5,3975,3,23,6.89,23.9
2015-07-30,6,4,6,6,4606,64,30,6.92,23.9
2015-07-30,6,5,2,1,4610,11,18,6.92,114.3
2015-07-30,6,5,3,2,3303,6,40,6.89,114.3
2015-07-30,6,5,1,3,3809,1,62,6.97,114.3
2015-07-30,6,5,4,4,3702,30,21,6.9,114.3
2015-07-30,6,5,6,5,4555,59,57,6.84,114.3
2015-07-30,6,5,5,6,3166,61,19,6.9,114.3
2015-07-30,6,6,1,1,3532,52,8,6.81,6.8
2015-07-30,6,6,2,2,4574,65,56,6.81,6.8
2015-07-30,6,6,3,3,4148,62,29,6.86,6.8
2015-07-30,6,6,5,4,3202,23,60,6.85,6.8
2015-07-30,6,6,4,5,3583,28,25,6.88,6.8
2015-07-30,6,6,6,6,4449,55,24,6.86,6.8
2015-07-30,6,7,1,1,3454,32,58,6.86,9.7
2015-07-30,6,7,3,2,4034,13,3,6.76,9.7
2015-07-30,6,7,2,3,4368,38,4,6.83,9.7
2015-07-30,6,7,6,4,3534,39,16,6.83,9.7
2015-07-30,6,7,4,5,3948,5,51,6.89,9.7
2015-07-30,6,7,5,6,3456,12,52,6.85,9.7
2015-07-30,6,8,1,1,4259,35,17,6.82,12.5
2015-07-30,6,8,2,2,3998,45,65,6.87,12.5
2015-07-30,6,8,5,3,3398,49,10,6.72,12.5
2015-07-30,6,8,3,4,4343,2,27,6.89,12.5
2015-07-30,6,8,4,5,3036,29,11,6.88,12.5
2015-07-30,6,8,6,6,4820,54,28,6.87,12.5
2015-07-30,6,10,4,1,3454,32,58,6.92,89.5
2015-07-30,6,10,1,2,4104,36,20,6.8,89.5
2015-07-30,6,10,3,3,3809,1,62,6.81,89.5
2015-07-30,6,10,6,4,3967,24,63,6.91,89.5
2015-07-30,6,10,2,5,3925,50,2,6.73,89.5
2015-07-30,6,10,5,6,3532,52,8,6.9,89.5
2015-07-30,6,11,2,1,4259,35,17,6.81,19.5
2015-07-30,6,11,1,2,4148,62,29,6.72,19.5
2015-07-30,6,11,4,3,4368,38,4,6.93,19.5
2015-07-30,6,11,5,4,4610,11,18,6.89,19.5
2015-07-30,6,11,3,5,3998,45,65,6.84,19.5
2015-07-30,6,11,6,6,3325,43,59,6.79,19.5
2015-07-30,6,12,1,1,4028,21,53,6.82,8.9
2015-07-30,6,12,2,2,4335,34,64,6.8,8.9
2015-07-30,6,12,3,3,3406,9,9,6.88,8.9
2015-07-30,6,12,4,4,4295,27,15,6.85,8.9
2015-07-30,6,12,6,5,4258,20,66,6.88,8.9
2015-07-30,6,12,5,6,3329,16,22,6.82,8.9
2015-08-04,1,1,1,1,4347,7,65,6.78,19.3
2015-08-04,1,1,5,2,3999,38,29,6.81,19.3
2015-08-04,1,1,3,3,4071,12,37,6.82,19.3
2015-08-04,1,1,4,4,4304,5,32,6.84,19.3
2015-08-04,1,1,2,5,4464,14,5,6.82,19.3
2015-08-04,1,1,6,6,4501,9,47,6.81,19.3
2015-08-04,1,2,2,1,3302,52,22,6.82,130.1
2015-08-04,1,2,5,2,4208,59,12,6.82,130.1
2015-08-04,1,2,4,3,3994,25,7,6.72,130.1
2015-08-04,1,2,6,4,4433,29,16,6.81,130.1
2015-08-04,1,2,1,5,4011,15,51,6.79,130.1
2015-08-04,1,2,3,6,3611,60,28,6.83,130.1
2015-08-04,1,3,1,1,3900,39,59,6.8,37.2
2015-08-04,1,3,4,2,4123,53,39,6.77,37.2
2015-08-04,1,3,3,3,4372,16,61,6.86,37.2
2015-08-04,1,3,2,4,3175,33,25,6.75,37.2
2015-08-04,1,3,5,5,4190,34,31,6.86,37.2
2015-08-04,1,3,6,6,4556,24,13,6.83,37.2
2015-08-04,1,4,2,1,3289,27,55,6.79,61.6
2015-08-04,1,4,1,2,4286,48,9,6.68,61.6
2015-08-04,1,4,4,3,3188,8,30,6.73,61.6
2015-08-04,1,4,3,4,3357,41,49,6.85,61.6
2015-08-04,1,4,5,5,4225,23,43,6.82,61.6
2015-08-04,1,4,6,6,3470,58,60,6.8,61.6
2015-08-04,1,5,1,1,4530,1,38,6.83,19.6
2015-08-04,1,5,3,2,3579,46,6,6.83,19.6
2015-08-04,1,5,2,3,3932,31,63,6.77,19.6
2015-08-04,1,5,5,4,3674,10,66,6.81,19.6
2015-08-04,1,5,6,5,4065,62,19,6.89,19.6
2015-08-04,1,5,4,6,4590,32,62,6.86,19.6
2015-08-04,1,6,2,1,3993,21,24,6.72,153.4
2015-08-04,1,6,5,2,3280,20,35,6.82,153.4
2015-08-04,1,6,1,3,4183,28,57,6.77,153.4
2015-08-04,1,6,4,4,4243,66,44,6.74,153.4
2015-08-04,1,6,6,5,4304,5,32,6.85,153.4
2015-08-04,1,6,3,6,3518,36,34,6.77,153.4
2015-08-04,1,7,3,1,3900,39,59,6.82,54.7
2015-08-04,1,7,4,2,3334,51,48,6.81,54.7
2015-08-04,1,7,6,3,3999,38,29,6.82,54.7
2015-08-04,1,7,2,4,3474,61,56,6.72,54.7
2015-08-04,1,7,1,5,4443,57,54,6.89,54.7
2015-08-04,1,7,5,6,4433,29,16,6.85,54.7
2015-08-04,1,8,2,1,4347,7,65,6.79,31.8
2015-08-04,1,8,1,2,3611,60,28,6.81,31.8
2015-08-04,1,8,5,3,4478,35,64,6.91,31.8
2015-08-04,1,8,4,4,3871,18,53,6.78,31.8
2015-08-04,1,8,6,5,4190,34,31,6.83,31.8
2015-08-04,1,8,3,6,4536,13,1,6.85,31.8
2015-08-04,1,10,2,1,4530,1,38,6.78,69.5
2015-08-04,1,10,4,2,4611,49,33,6.82,69.5
2015-08-04,1,10,6,3,4123,53,39,6.76,69.5
2015-08-04,1,10,1,4,3993,21,24,6.77,69.5
2015-08-04,1,10,5,5,3470,58,60,6.88,69.5
2015-08-04,1,10,3,6,4011,15,51,6.83,69.5
2015-08-04,1,11,1,1,3188,8,30,6.74,33.6
2015-08-04,1,11,3,2,3580,56,18,6.8,33.6
2015-08-04,1,11,2,3,4183,28,57,6.79,33.6
2015-08-04,1,11,4,4,4289,19,58,6.8,33.6
2015-08-04,1,11,5,5,4065,62,19,6.87,33.6
2015-08-04,1,11,6,6,4208,59,12,6.8,33.6
2015-08-04,1,12,3,1,4399,63,10,6.81,38.8
2015-08-04,1,12,1,2,3435,17,52,6.78,38.8
2015-08-04,1,12,2,3,4450,6,36,6.85,38.8
2015-08-04,1,12,5,4,4387,44,11,6.75,38.8
2015-08-04,1,12,4,5,3232,43,46,6.79,38.8
2015-08-04,1,12,6,6,4502,45,45,6.8,38.8
2015-08-05,2,1,5,1,4502,45,45,6.88,151.3
2015-08-05,2,1,6,2,3579,46,6,6.82,151.3
2015-08-05,2,1,2,3,4243,66,44,6.76,151.3
2015-08-05,2,1,1,4,4065,62,19,6.84,151.3
2015-08-05,2,1,3,5,3175,33,25,6.83,151.3
2015-08-05,2,1,4,6,3518,36,34,6.74,151.3
2015-08-05,2,2,1,1,4536,13,1,6.83,174.8
2015-08-05,2,2,6,2,4387,44,11,6.74,174.8
2015-08-05,2,2,3,3,4014,37,50,6.74,174.8
2015-08-05,2,2,2,4,3994,25,7,6.75,174.8
2015-08-05,2,2,5,5,4530,1,38,6.71,174.8
2015-08-05,2,2,4,6,4225,23,17,6.79,174.8
2015-08-05,2,3,1,1,3871,18,53,6.78,82.6
2015-08-05,2,3,2,2,4590,32,62,6.76,82.6
2015-08-05,2,3,5,3,3334,51,48,6.81,82.6
2015-08-05,2,3,4,4,3474,61,56,6.73,82.6
2015-08-05,2,3,3,5,3435,17,52,6.82,82.6
2015-08-05,2,3,6,6,3674,10,66,6.83,82.6
2015-08-05,2,4,2,1,4556,24,13,6.82,138.9
2015-08-05,2,4,3,2,4450,6,36,6.74,138.9
2015-08-05,2,4,6,3,4443,57,54,6.82,138.9
2015-08-05,2,4,5,4,3289,27,55,6.87,138.9
2015-08-05,2,4,4,5,4372,16,61,6.91,138.9
2015-08-05,2,4,1,6,4611,49,33,6.77,138.9
2015-08-05,2,5,1,1,3470,58,60,6.83,27.9
2015-08-05,2,5,2,2,4399,63,10,6.8,27.9
2015-08-05,2,5,6,3,4289,19,58,6.74,27.9
2015-08-05,2,5,4,4,3580,56,18,6.77,27.9
2015-08-05,2,5,3,5,3932,31,63,6.74,27.9
2015-08-05,2,5,5,6,3357,41,49,6.8,27.9
2015-08-05,2,6,1,1,4123,53,39,6.66,13.0
2015-08-05,2,6,3,2,4499,50,41,6.77,13.0
2015-08-05,2,6,2,3,3232,43,46,6.74,13.0
2015-08-05,2,6,6,4,3993,21,24,6.68,13.0
2015-08-05,2,6,4,5,4501,9,47,6.72,13.0
2015-08-05,2,6,5,6,4071,12,37,6.77,13.0
2015-08-05,2,7,1,1,4304,5,32,6.8,155.1
2015-08-05,2,7,5,2,4464,14,5,6.74,155.1
2015-08-05,2,7,2,3,4190,34,31,6.79,155.1
2015-08-05,2,7,4,4,4502,45,45,6.77,155.1
2015-08-05,2,7,6,5,4286,48,9,6.75,155.1
2015-08-05,2,7,3,6,3334,51,48,6.81,155.1
2015-08-05,2,8,1,1,4208,59,12,6.76,10.9
2015-08-05,2,8,2,2,3435,17,52,6.81,10.9
2015-08-05,2,8,3,3,4478,35,64,6.8,10.9
2015-08-05,2,8,6,4,3289,27,55,6.87,10.9
2015-08-05,2,8,5,5,4183,28,57,6.8,10.9
2015-08-05,2,8,4,6,3611,60,28,6.81,10.9
2015-08-05,2,9,5,1,4347,7,65,6.77,33.2
2015-08-05,2,9,1,2,3580,56,18,6.76,33.2
2015-08-05,2,9,3,3,4387,44,11,6.76,33.2
2015-08-05,2,9,2,4,3280,20,35,6.82,33.2
2015-08-05,2,9,4,5,4443,57,54,6.8,33.2
2015-08-05,2,9,6,6,4011,15,51,6.8,33.2
2015-08-05,2,10,1,1,4399,63,10,6.74,74.3
2015-08-05,2,10,5,2,3518,36,34,6.77,74.3
2015-08-05,2,10,6,3,3900,39,59,6.81,74.3
2015-08-05,2,10,2,4,3999,38,29,6.79,74.3
2015-08-05,2,10,3,5,4611,49,33,6.82,74.3
2015-08-05,2,10,4,6,4536,13,1,6.84,74.3
2015-08-05,2,11,2,1,4433,29,16,6.81,169.9
2015-08-05,2,11,3,2,4289,19,58,6.78,169.9
2015-08-05,2,11,1,3,4450,6,36,6.7,169.9
2015-08-05,2,11,5,4,4014,37,50,6.8,169.9
2015-08-05,2,11,4,5,3579,46,6,6.81,169.9
2015-08-05,2,11,6,6,4499,50,41,6.78,169.9
2015-08-05,2,12,1,1,3232,43,46,6.71,9.3
2015-08-05,2,12,2,2,3188,8,30,6.73,9.3
2015-08-05,2,12,4,3,4286,48,9,6.76,9.3
2015-08-05,2,12,3,4,3871,18,53,6.79,9.3
2015-08-05,2,12,5,5,3302,52,22,6.8,9.3
2015-08-05,2,12,6,6,4372,16,61,6.83,9.3
2015-08-06,3,1,1,1,4433,29,16,6.86,57.0
2015-08-06,3,1,3,2,4464,14,5,6.83,57.0
2015-08-06,3,1,2,3,4071,12,37,6.84,57.0
2015-08-06,3,1,5,4,4450,6,36,6.77,57.0
2015-08-06,3,1,4,5,4478,35,64,6.89,57.0
2015-08-06,3,1,6,6,3580,56,18,6.86,57.0
2015-08-06,3,2,4,1,3932,31,63,6.79,79.7
2015-08-06,3,2,1,2,4372,16,61,6.83,79.7
2015-08-06,3,2,2,3,3470,58,60,6.85,79.7
2015-08-06,3,2,5,4,3435,17,52,6.83,79.7
2015-08-06,3,2,3,5,3280,20,35,6.86,79.7
2015-08-06,3,2,6,6,4611,49,33,6.82,79.7
2015-08-06,3,3,6,1,3232,43,46,6.76,148.9
2015-08-06,3,3,5,2,3188,8,30,6.79,148.9
2015-08-06,3,3,4,3,3175,33,25,6.8,148.9
2015-08-06,3,3,3,4,4443,57,54,6.84,148.9
2015-08-06,3,3,2,5,3518,36,34,6.76,148.9
2015-08-06,3,3,1,6,3289,27,55,6.89,148.9
2015-08-06,3,4,4,1,3900,39,59,6.8,423.7
2015-08-06,3,4,3,2,4225,23,17,6.83,423.7
2015-08-06,3,4,1,3,4499,50,41,6.79,423.7
2015-08-06,3,4,2,4,4387,44,11,6.76,423.7
2015-08-06,3,4,6,5,4183,28,57,6.73,423.7
2015-08-06,3,4,5,6,4590,32,62,6.84,423.7
2015-08-06,3,5,3,1,3474,61,56,6.69,93.5
2015-08-06,3,5,1,2,4556,24,13,6.79,93.5
2015-08-06,3,5,6,3,3871,18,53,6.78,93.5
2015-08-06,3,5,4,4,3357,41,49,6.76,93.5
2015-08-06,3,5,2,5,4304,5,32,6.86,93.5
2015-08-06,3,5,5,6,4399,63,10,6.78,93.5
2015-08-06,3,7,3,1,3435,17,52,6.85,83.6
2015-08-06,3,7,4,2,4464,14,5,6.75,83.6
2015-08-06,3,7,6,3,3302,52,22,6.8,83.6
2015-08-06,3,7,5,4,3175,33,25,6.78,83.6
2015-08-06,3,7,1,5,4289,19,58,6.69,83.6
2015-08-06,3,7,2,6,3334,51,48,6.77,83.6
2015-08-06,3,8,1,1,3579,46,6,6.76,48.2
2015-08-06,3,8,2,2,4225,23,17,6.81,48.2
2015-08-06,3,8,3,3,3994,25,7,6.73,48.2
2015-08-06,3,8,4,4,4450,6,36,6.79,48.2
2015-08-06,3,8,6,5,3188,8,30,6.72,48.2
2015-08-06,3,8,5,6,3932,31,63,6.82,48.2
2015-08-06,3,9,1,1,4190,34,31,6.85,12.0
2015-08-06,3,9,3,2,4123,53,39,6.76,12.0
2015-08-06,3,9,4,3,4014,37,50,6.78,12.0
2015-08-06,3,9,5,4,3232,43,46,6.8,12.0
2015-08-06,3,9,6,5,4536,13,1,6.85,12.0
2015-08-06,3,9,2,6,3357,41,49,6.82,12.0
2015-08-06,3,11,1,1,4502,45,45,6.78,57.7
2015-08-06,3,11,4,2,3280,20,35,6.86,57.7
2015-08-06,3,11,3,3,4286,48,9,6.81,57.7
2015-08-06,3,11,2,4,4065,62,19,6.89,57.7
2015-08-06,3,11,6,5,4347,7,65,6.84,57.7
2015-08-06,3,11,5,6,3474,61,56,6.75,57.7
2015-08-06,3,12,1,1,4387,44,11,6.74,10.1
2015-08-06,3,12,2,2,4208,59,12,6.82,10.1
2015-08-06,3,12,5,3,3994,25,7,6.84,10.1
2015-08-06,3,12,6,4,3674,10,66,6.8,10.1
2015-08-06,3,12,4,5,4071,12,37,6.82,10.1
2015-08-06,3,12,3,6,3993,21,24,6.82,10.1
2015-08-07,4,1,5,1,4590,32,62,6.78,224.3
2015-08-07,4,1,2,2,3932,31,63,6.76,224.3
2015-08-07,4,1,4,3,4611,49,33,6.78,224.3
2015-08-07,4,1,1,4,3518,36,34,6.73,224.3
2015-08-07,4,1,3,5,3357,41,49,6.76,224.3
2015-08-07,4,1,6,6,4014,37,50,6.76,224.3
2015-08-07,4,2,4,1,4183,28,57,6.73,31.9
2015-08-07,4,2,1,2,3175,33,25,6.77,31.9
2015-08-07,4,2,3,3,4443,57,54,6.83,31.9
2015-08-07,4,2,6,4,3334,51,48,6.8,31.9
2015-08-07,4,2,5,5,4536,13,1,6.79,31.9
2015-08-07,4,2,2,6,3611,60,28,6.78,31.9
2015-08-07,4,3,2,1,3474,61,56,6.73,34.9
2015-08-07,4,3,1,2,4071,12,37,6.81,34.9
2015-08-07,4,3,4,3,4225,23,17,6.79,34.9
2015-08-07,4,3,6,4,4502,45,45,6.85,34.9
2015-08-07,4,3,5,5,4501,9,47,6.79,34.9
2015-08-07,4,3,3,6,4304,5,32,6.85,34.9
2015-08-07,4,4,1,1,3357,41,49,6.77,28.7
2015-08-07,4,4,2,2,4065,62,19,6.88,28.7
2015-08-07,4,4,6,3,3993,21,24,6.87,28.7
2015-08-07,4,4,4,4,3470,58,60,6.83,28.7
2015-08-07,4,4,5,5,4372,16,61,6.86,28.7
2015-08-07,4,4,3,6,3289,27,55,6.88,28.7
2015-08-07,4,5,2,1,4289,19,58,6.73,43.7
2015-08-07,4,5,4,2,4011,15,51,6.76,43.7
2015-08-07,4,5,1,3,4478,35,64,6.78,43.7
2015-08-07,4,5,3,4,3611,60,28,6.78,43.7
2015-08-07,4,5,5,5,4611,49,33,6.81,43.7
2015-08-07,4,5,6,6,3674,10,66,6.7,43.7
2015-08-07,4,6,1,1,3932,31,63,6.83,13.7
2015-08-07,4,6,3,2,3175,33,25,6.83,13.7
2015-08-07,4,6,6,3,4530,1,38,6.73,13.7
2015-08-07,4,6,5,4,4014,37,50,6.84,13.7
2015-08-07,4,6,2,5,4443,57,54,6.84,13.7
2015-08-07,4,6,4,6,4071,12,37,6.79,13.7
2015-08-07,4,7,1,1,3474,61,56,6.67,17.6
2015-08-07,4,7,3,2,3334,51,48,6.79,17.6
2015-08-07,4,7,6,3,4183,28,57,6.75,17.6
2015-08-07,4,7,5,4,4304,5,32,6.8,17.6
2015-08-07,4,7,4,5,4065,62,19,6.82,17.6
2015-08-07,4,7,2,6,3518,36,34,6.72,17.6
2015-08-07,4,8,2,1,4399,63,10,6.85,14.7
2015-08-07,4,8,1,2,3232,43,46,6.83,14.7
2015-08-07,4,8,3,3,4208,59,12,6.87,14.7
2015-08-07,4,8,4,4,3302,52,22,6.86,14.7
2015-08-07,4,8,6,5,4286,48,9,6.82,14.7
2015-08-07,4,8,5,6,3280,20,35,6.9,14.7
2015-08-07,4,9,2,1,3579,46,6,6.76,30.1
2015-08-07,4,9,1,2,4123,53,39,6.73,30.1
2015-08-07,4,9,3,3,3435,17,52,6.91,30.1
2015-08-07,4,9,6,4,3994,25,7,6.79,30.1
2015-08-07,4,9,5,5,3871,18,53,6.87,30.1
2015-08-07,4,9,4,6,4464,14,5,6.88,30.1
2015-08-07,4,10,5,1,4450,6,36,6.75,197.4
2015-08-07,4,10,2,2,4387,44,11,6.72,197.4
2015-08-07,4,10,4,3,4433,29,16,6.9,197.4
2015-08-07,4,10,1,4,4347,7,65,6.82,197.4
2015-08-07,4,10,3,5,3188,8,30,6.77,197.4
2015-08-07,4,10,6,6,3580,56,18,6.79,197.4
2015-08-07,4,11,1,1,3900,39,59,6.77,17.6
2015-08-07,4,11,2,2,3999,38,29,6.75,17.6
2015-08-07,4,11,4,3,4499,50,41,6.86,17.6
2015-08-07,4,11,6,4,4190,34,31,6.82,17.6
2015-08-07,4,11,3,5,4243,66,44,6.74,17.6
2015-08-07,4,11,5,6,4556,24,13,6.76,17.6
2015-08-07,4,12,4,1,4478,35,64,6.93,73.7
2015-08-07,4,12,5,2,4011,15,51,6.78,73.7
2015-08-07,4,12,1,3,4225,23,17,6.8,73.7
2015-08-07,4,12,6,4,4590,32,62,6.79,73.7
2015-08-07,4,12,3,5,4501,9,47,6.87,73.7
2015-08-07,4,12,2,6,3470,58,60,6.91,73.7
2015-08-08,5,1,1,1,3993,21,24,6.78,34.2
2015-08-08,5,1,3,2,3470,58,60,6.85,34.2
2015-08-08,5,1,5,3,3611,60,28,6.79,34.2
2015-08-08,5,1,4,4,4289,19,58,6.75,34.2
2015-08-08,5,1,6,5,4225,23,17,6.77,34.2
2015-08-08,5,1,2,6,4536,13,1,6.79,34.2
2015-08-08,5,2,4,1,4065,62,19,6.88,52.2
2015-08-08,5,2,6,2,3175,33,25,6.74,52.2
2015-08-08,5,2,1,3,4590,32,62,6.8,52.2
2015-08-08,5,2,5,4,4304,5,32,6.86,52.2
2015-08-08,5,2,2,5,4501,9,47,6.84,52.2
2015-08-08,5,2,3,6,4611,49,33,6.82,52.2
2015-08-08,5,3,1,1,3994,25,7,6.68,154.0
2015-08-08,5,3,6,2,3518,36,34,6.74,154.0
2015-08-08,5,3,2,3,4372,16,61,6.76,154.0
2015-08-08,5,3,3,4,4502,45,45,6.78,154.0
2015-08-08,5,3,5,5,3357,41,49,6.79,154.0
2015-08-08,5,3,4,6,3871,18,53,6.8,154.0
2015-08-08,5,4,2,1,4011,15,51,6.78,16.6
2015-08-08,5,4,1,2,3280,20,35,6.75,16.6
2015-08-08,5,4,3,3,3580,56,18,6.81,16.6
2015-08-08,5,4,5,4,4443,57,54,6.77,16.6
2015-08-08,5,4,4,5,3289,27,55,6.9,16.6
2015-08-08,5,4,6,6,4071,12,37,6.78,16.6
2015-08-08,5,5,5,1,3470,58,60,6.85,457.6
2015-08-08,5,5,6,2,3474,61,56,6.75,457.6
2015-08-08,5,5,2,3,4286,48,9,6.77,457.6
2015-08-08,5,5,1,4,4183,28,57,6.74,457.6
2015-08-08,5,5,4,5,4478,35,64,6.82,457.6
2015-08-08,5,5,3,6,4536,13,1,6.85,457.6
2015-08-08,5,6,5,1,4065,62,19,6.96,268.2
2015-08-08,5,6,6,2,3932,31,63,6.79,268.2
2015-08-08,5,6,4,3,3611,60,28,6.79,268.2
2015-08-08,5,6,2,4,3993,21,24,6.81,268.2
2015-08-08,5,6,1,5,3334,51,48,6.83,268.2
2015-08-08,5,6,3,6,4501,9,47,6.86,268.2
2015-08-08,5,7,1,1,4014,37,50,6.8,52.0
2015-08-08,5,7,6,2,4530,1,38,6.76,52.0
2015-08-08,5,7,2,3,4611,49,33,6.78,52.0
2015-08-08,5,7,4,4,3994,25,7,6.76,52.0
2015-08-08,5,7,5,5,4289,19,58,6.82,52.0
2015-08-08,5,7,3,6,4372,16,61,6.83,52.0
2015-08-08,5,8,4,1,4304,5,32,6.8,322.8
2015-08-08,5,8,5,2,3289,27,55,6.86,322.8
2015-08-08,5,8,2,3,3280,20,35,6.79,322.8
2015-08-08,5,8,6,4,3674,10,66,6.8,322.8
2015-08-08,5,8,3,5,3357,41,49,6.87,322.8
2015-08-08,5,8,1,6,4190,34,31,6.83,322.8
2015-08-08,5,9,2,1,4450,6,36,6.81,14.8
2015-08-08,5,9,1,2,3579,46,6,6.82,14.8
2015-08-08,5,9,3,3,3435,17,52,6.86,14.8
2015-08-08,5,9,4,4,4208,59,12,6.78,14.8
2015-08-08,5,9,6,5,4243,66,44,6.79,14.8
2015-08-08,5,9,5,6,3302,52,22,6.83,14.8
2015-08-08,5,10,3,1,3999,38,29,6.8,99.4
2015-08-08,5,10,2,2,4123,53,39,6.74,99.4
2015-08-08,5,10,1,3,4399,63,10,6.75,99.4
2015-08-08,5,10,6,4,4464,14,5,6.86,99.4
2015-08-08,5,10,4,5,4433,29,16,6.81,99.4
2015-08-08,5,10,5,6,3188,8,30,6.83,99.4
2015-08-08,5,11,4,1,4499,50,41,6.83,383.6
2015-08-08,5,11,2,2,3232,43,46,6.78,383.6
2015-08-08,5,11,3,3,4387,44,11,6.77,383.6
2015-08-08,5,11,5,4,4347,7,65,6.79,383.6
2015-08-08,5,11,1,5,3900,39,59,6.78,383.6
2015-08-08,5,11,6,6,4556,24,13,6.77,383.6
2015-08-08,5,12,4,1,4286,48,9,6.73,250.2
2015-08-08,5,12,3,2,4190,34,31,6.89,250.2
2015-08-08,5,12,6,3,3871,18,53,6.82,250.2
2015-08-08,5,12,5,4,3580,56,18,6.88,250.2
2015-08-08,5,12,2,5,4183,28,57,6.82,250.2
2015-08-08,5,12,1,6,4502,45,45,6.9,250.2
2015-08-09,6,1,3,1,4590,32,62,6.86,58.4
2015-08-09,6,1,2,2,4014,37,50,6.89,58.4
2015-08-09,6,1,4,3,4443,57,54,6.93,58.4
2015-08-09,6,1,6,4,4536,13,1,6.94,58.4
2015-08-09,6,1,1,5,3580,56,18,6.84,58.4
2015-08-09,6,1,5,6,3518,36,34,6.86,58.4
2015-08-09,6,2,3,1,4225,23,17,6.78,204.6
2015-08-09,6,2,5,2,4071,12,37,6.8,204.6
2015-08-09,6,2,4,3,4190,34,31,6.82,204.6
2015-08-09,6,2,1,4,4286,48,9,6.69,204.6
2015-08-09,6,2,6,5,4611,49,33,6.85,204.6
2015-08-09,6,2,2,6,3289,27,55,6.84,204.6
2015-08-09,6,3,1,1,4243,66,44,6.77,31.3
2015-08-09,6,3,5,2,3993,21,24,6.78,31.3
2015-08-09,6,3,4,3,3994,25,7,6.72,31.3
2015-08-09,6,3,3,4,3280,20,35,6.77,31.3
2015-08-09,6,3,6,5,4478,35,64,6.86,31.3
2015-08-09,6,3,2,6,4304,5,32,6.81,31.3
2015-08-09,6,4,1,1,4464,14,5,6.81,116.8
2015-08-09,6,4,3,2,3871,18,53,6.78,116.8
2015-08-09,6,4,6,3,3357,41,49,6.78,116.8
2015-08-09,6,4,2,4,3302,52,22,6.83,116.8
2015-08-09,6,4,4,5,3611,60,28,6.82,116.8
2015-08-09,6,4,5,6,3474,61,56,6.74,116.8
2015-08-09,6,5,1,1,4556,24,13,6.82,40.3
2015-08-09,6,5,2,2,4208,59,12,6.77,40.3
2015-08-09,6,5,6,3,4372,16,61,6.89,40.3
2015-08-09,6,5,3,4,4011,15,51,6.81,40.3
2015-08-09,6,5,5,5,4443,57,54,6.9,40.3
2015-08-09,6,5,4,6,3334,51,48,6.87,40.3
2015-08-09,6,6,1,1,3435,17,52,6.81,18.6
2015-08-09,6,6,4,2,3175,33,25,6.78,18.6
2015-08-09,6,6,2,3,4347,7,65,6.78,18.6
2015-08-09,6,6,5,4,4502,45,45,6.79,18.6
2015-08-09,6,6,6,5,4501,9,47,6.81,18.6
2015-08-09,6,6,3,6,4433,29,16,6.75,18.6
2015-08-09,6,8,4,1,4286,48,9,6.76,275.7
2015-08-09,6,8,5,2,3932,31,63,6.81,275.7
2015-08-09,6,8,6,3,3674,10,66,6.8,275.7
2015-08-09,6,8,3,4,3994,25,7,6.73,275.7
2015-08-09,6,8,1,5,4387,44,11,6.73,275.7
2015-08-09,6,8,2,6,4399,63,10,6.79,275.7
2015-08-09,6,9,3,1,4190,34,31,6.9,55.0
2015-08-09,6,9,2,2,4065,62,19,6.87,55.0
2015-08-09,6,9,6,3,4530,1,38,6.74,55.0
2015-08-09,6,9,5,4,4011,15,51,6.79,55.0
2015-08-09,6,9,4,5,3470,58,60,6.93,55.0
2015-08-09,6,9,1,6,3871,18,53,6.83,55.0
2015-08-09,6,10,1,1,3900,39,59,6.8,19.3
2015-08-09,6,10,3,2,4243,66,44,6.79,19.3
2015-08-09,6,10,6,3,4556,24,13,6.77,19.3
2015-08-09,6,10,4,4,3188,8,30,6.78,19.3
2015-08-09,6,10,2,5,4433,29,16,6.87,19.3
2015-08-09,6,10,5,6,3302,52,22,6.89,19.3
2015-08-09,6,11,1,1,4399,63,10,6.72,135.6
2015-08-09,6,11,6,2,4464,14,5,6.79,135.6
2015-08-09,6,11,4,3,4347,7,65,6.78,135.6
2015-08-09,6,11,3,4,3435,17,52,6.85,135.6
2015-08-09,6,11,2,5,4387,44,11,6.68,135.6
2015-08-09,6,11,5,6,4208,59,12,6.86,135.6
2015-08-09,6,12,3,1,4499,50,41,6.81,332.7
2015-08-09,6,12,5,2,3579,46,6,6.81,332.7
2015-08-09,6,12,1,3,3999,38,29,6.76,332.7
2015-08-09,6,12,4,4,4123,53,39,6.84,332.7
2015-08-09,6,12,6,5,3232,43,46,6.86,332.7
2015-08-09,6,12,2,6,4450,6,36,6.74,332.7
2015-08-15,1,1,1,1,3788,19,28,6.79,10.9
2015-08-15,1,1,6,2,4154,44,36,6.8,10.9
2015-08-15,1,1,4,3,4772,60,39,6.78,10.9
2015-08-15,1,1,3,4,4732,15,6,6.75,10.9
2015-08-15,1,1,5,5,4821,11,23,6.74,10.9
2015-08-15,1,1,2,6,3476,3,33,6.84,10.9
2015-08-15,1,2,3,1,4596,52,56,6.82,77.9
2015-08-15,1,2,5,2,4034,48,47,6.71,77.9
2015-08-15,1,2,4,3,4636,58,61,6.84,77.9
2015-08-15,1,2,6,4,4167,46,32,6.75,77.9
2015-08-15,1,2,2,5,4221,8,54,6.74,77.9
2015-08-15,1,2,1,6,3753,17,15,6.78,77.9
2015-08-15,1,3,1,1,3064,54,25,6.74,62.6
2015-08-15,1,3,6,2,4116,25,34,6.68,62.6
2015-08-15,1,3,3,3,4757,39,41,6.79,62.6
2015-08-15,1,3,5,4,3820,28,46,6.82,62.6
2015-08-15,1,3,2,5,3660,38,50,6.75,62.6
2015-08-15,1,3,4,6,4459,41,29,6.83,62.6
2015-08-15,1,4,6,1,4030,33,64,6.9,17.4
2015-08-15,1,4,2,2,4333,53,58,6.73,17.4
2015-08-15,1,4,4,3,4260,62,30,6.87,17.4
2015-08-15,1,4,3,4,4247,40,63,6.9,17.4
2015-08-15,1,4,1,5,3477,7,57,6.7,17.4
2015-08-15,1,4,5,6,4776,61,5,6.84,17.4
2015-08-15,1,5,1,1,4583,4,31,6.76,25.9
2015-08-15,1,5,3,2,4052,56,53,6.71,25.9
2015-08-15,1,5,2,3,4198,18,51,6.86,25.9
2015-08-15,1,5,5,4,4772,60,39,6.82,25.9
2015-08-15,1,5,4,5,3333,55,49,6.86,25.9
2015-08-15,1,5,6,6,4852,12,8,6.79,25.9
2015-08-15,1,6,1,1,3187,30,66,6.85,56.5
2015-08-15,1,6,3,2,4685,37,48,6.68,56.5
2015-08-15,1,6,5,3,4348,20,18,6.82,56.5
2015-08-15,1,6,4,4,4732,15,6,6.7,56.5
2015-08-15,1,6,2,5,3837,22,65,6.75,56.5
2015-08-15,1,6,6,6,4839,64,52,6.78,56.5
2015-08-15,1,7,1,1,4757,39,41,6.72,23.5
2015-08-15,1,7,3,2,3304,47,1,6.81,23.5
2015-08-15,1,7,2,3,3908,5,43,6.79,23.5
2015-08-15,1,7,5,4,4167,46,32,6.72,23.5
2015-08-15,1,7,4,5,3401,31,35,6.82,23.5
2015-08-15,1,7,6,6,4821,11,23,6.86,23.5
2015-08-15,1,8,3,1,3660,38,50,6.78,339.6
2015-08-15,1,8,2,2,4643,9,60,6.76,339.6
2015-08-15,1,8,1,3,3955,65,45,6.8,339.6
2015-08-15,1,8,6,4,4776,61,5,6.68,339.6
2015-08-15,1,8,4,5,4571,14,62,6.67,339.6
2015-08-15,1,8,5,6,4636,58,61,6.81,339.6
2015-08-15,1,9,5,1,4154,44,36,6.79,139.1
2015-08-15,1,9,4,2,4704,66,37,6.74,139.1
2015-08-15,1,9,1,3,3587,2,38,6.78,139.1
2015-08-15,1,9,3,4,3710,50,24,6.8,139.1
2015-08-15,1,9,6,5,4247,40,63,6.87,139.1
2015-08-15,1,9,2,6,3543,10,12,6.8,139.1
2015-08-15,1,10,1,1,3442,63,22,6.81,23.0
2015-08-15,1,10,3,2,4348,20,18,6.88,23.0
2015-08-15,1,10,5,3,4260,62,30,6.86,23.0
2015-08-15,1,10,2,4,3333,55,49,6.83,23.0
2015-08-15,1,10,6,5,4596,52,56,6.88,23.0
2015-08-15,1,10,4,6,3743,6,55,6.84,23.0
2015-08-15,1,11,4,1,3788,19,28,6.81,59.6
2015-08-15,1,11,1,2,3304,47,1,6.84,59.6
2015-08-15,1,11,2,3,4583,4,31,6.77,59.6
2015-08-15,1,11,3,4,3837,22,65,6.88,59.6
2015-08-15,1,11,6,5,4034,48,47,6.88,59.6
2015-08-15,1,11,5,6,4116,25,34,6.73,59.6
2015-08-15,1,12,3,1,4030,33,64,6.85,37.8
2015-08-15,1,12,1,2,3908,5,43,6.85,37.8
2015-08-15,1,12,5,3,4459,41,29,6.74,37.8
2015-08-15,1,12,6,4,4685,37,48,6.73,37.8
2015-08-15,1,12,2,5,4052,56,53,6.82,37.8
2015-08-15,1,12,4,6,3955,65,45,6.91,37.8
2015-08-16,2,1,1,1,3401,31,35,6.72,8.1
2015-08-16,2,1,4,2,3064,54,25,6.8,8.1
2015-08-16,2,1,2,3,4247,40,63,6.81,8.1
2015-08-16,2,1,3,4,3820,28,46,6.75,8.1
2015-08-16,2,1,5,5,4852,12,8,6.73,8.1
2015-08-16,2,1,6,6,3476,3,33,6.76,8.1
2015-08-16,2,2,2,1,4154,44,36,6.73,181.6
2015-08-16,2,2,6,2,4776,61,5,6.77,181.6
2015-08-16,2,2,4,3,4198,18,51,6.79,181.6
2015-08-16,2,2,3,4,4167,46,32,6.77,181.6
2015-08-16,2,2,5,5,3477,7,57,6.81,181.6
2015-08-16,2,2,1,6,4221,8,54,6.68,181.6
2015-08-16,2,3,4,1,4116,25,34,6.71,29.5
2015-08-16,2,3,2,2,4571,14,62,6.67,29.5
2015-08-16,2,3,1,3,3660,38,50,6.76,29.5
2015-08-16,2,3,5,4,4839,64,52,6.79,29.5
2015-08-16,2,3,3,5,3753,17,15,6.83,29.5
2015-08-16,2,3,6,6,3837,22,65,6.86,29.5
2015-08-16,2,4,5,1,4052,56,53,6.73,306.2
2015-08-16,2,4,2,2,4636,58,61,6.7,306.2
2015-08-16,2,4,3,3,4333,53,58,6.76,306.2
2015-08-16,2,4,6,4,3908,5,43,6.81,306.2
2015-08-16,2,4,4,5,3710,50,24,6.7,306.2
2015-08-16,2,4,1,6,4772,60,39,6.76,306.2
2015-08-16,2,5,1,1,4704,66,37,6.73,26.0
2015-08-16,2,5,3,2,4260,62,30,6.86,26.0
2015-08-16,2,5,2,3,4732,15,6,6.77,26.0
2015-08-16,2,5,4,4,3442,63,22,6.79,26.0
2015-08-16,2,5,5,5,3187,30,66,6.86,26.0
2015-08-16,2,5,6,6,3820,28,46,6.79,26.0
2015-08-16,2,6,2,1,4030,33,64,6.71,11.1
2015-08-16,2,6,1,2,4596,52,56,6.8,11.1
2015-08-16,2,6,4,3,4757,39,41,6.77,11.1
2015-08-16,2,6,3,4,4643,9,60,6.79,11.1
2015-08-16,2,6,5,5,3955,65,45,6.85,11.1
2015-08-16,2,6,6,6,4821,11,23,6.81,11.1
2015-08-16,2,8,1,1,3543,10,12,6.7,3.8
2015-08-16,2,8,2,2,4459,41,29,6.74,3.8
2015-08-16,2,8,4,3,4583,4,31,6.75,3.8
2015-08-16,2,8,6,4,4839,64,52,6.81,3.8
2015-08-16,2,8,5,5,3476,3,33,6.8,3.8
2015-08-16,2,8,3,6,3477,7,57,6.68,3.8
2015-08-16,2,9,3,1,4116,25,34,6.73,40.8
2015-08-16,2,9,5,2,4685,37,48,6.76,40.8
2015-08-16,2,9,6,3,4052,56,53,6.79,40.8
2015-08-16,2,9,1,4,4348,20,18,6.8,40.8
2015-08-16,2,9,2,5,3064,54,25,6.82,40.8
2015-08-16,2,9,4,6,4221,8,54,6.76,40.8
2015-08-16,2,10,1,1,3333,55,49,6.8,54.0
2015-08-16,2,10,2,2,3710,50,24,6.68,54.0
2015-08-16,2,10,6,3,3955,65,45,6.75,54.0
2015-08-16,2,10,3,4,3788,19,28,6.7,54.0
2015-08-16,2,10,4,5,3187,30,66,6.78,54.0
2015-08-16,2,10,5,6,3837,22,65,6.67,54.0
2015-08-16,2,11,3,1,3401,31,35,6.87,273.4
2015-08-16,2,11,1,2,3743,6,55,6.71,273.4
2015-08-16,2,11,4,3,4643,9,60,6.77,273.4
2015-08-16,2,11,6,4,4198,18,51,6.77,273.4
2015-08-16,2,11,2,5,4704,66,37,6.72,273.4
2015-08-16,2,11,5,6,3908,5,43,6.76,273.4
2015-08-16,2,12,1,1,4030,33,64,6.75,27.5
2015-08-16,2,12,4,2,3543,10,12,6.75,27.5
2015-08-16,2,12,6,3,4333,53,58,6.67,27.5
2015-08-16,2,12,5,4,3587,2,38,6.84,27.5
2015-08-16,2,12,2,5,3442,63,22,6.85,27.5
2015-08-16,2,12,3,6,4571,14,62,6.66,27.5
2015-08-17,3,1,1,1,4260,62,30,6.81,58.3
2015-08-17,3,1,6,2,4732,15,6,6.76,58.3
2015-08-17,3,1,4,3,4596,52,56,6.9,58.3
2015-08-17,3,1,3,4,4636,58,61,6.88,58.3
2015-08-17,3,1,5,5,4776,61,5,6.86,58.3
2015-08-17,3,1,2,6,4034,48,47,6.72,58.3
2015-08-17,3,2,1,1,4198,18,51,6.69,61.0
2015-08-17,3,2,3,2,4221,8,54,6.74,61.0
2015-08-17,3,2,5,3,4757,39,41,6.7,61.0
2015-08-17,3,2,4,4,3660,38,50,6.68,61.0
2015-08-17,3,2,6,5,4839,64,52,6.71,61.0
2015-08-17,3,2,2,6,3187,30,66,6.76,61.0
2015-08-17,3,3,1,1,4154,44,36,6.68,47.7
2015-08-17,3,3,4,2,3820,28,46,6.72,47.7
2015-08-17,3,3,3,3,3788,19,28,6.64,47.7
2015-08-17,3,3,2,4,3477,7,57,6.68,47.7
2015-08-17,3,3,6,5,3543,10,12,6.71,47.7
2015-08-17,3,3,5,6,4821,11,23,6.72,47.7
2015-08-17,3,6,1,1,4247,40,63,6.81,14.8
2015-08-17,3,6,2,2,4685,37,48,6.68,14.8
2015-08-17,3,6,3,3,3442,63,22,6.71,14.8
2015-08-17,3,6,5,4,4643,9,60,6.73,14.8
2015-08-17,3,6,4,5,3476,3,33,6.83,14.8
2015-08-17,3,6,6,6,4776,61,5,6.77,14.8
2015-08-17,3,7,5,1,4030,33,64,6.74,24.6
2015-08-17,3,7,3,2,4154,44,36,6.77,24.6
2015-08-17,3,7,4,3,4052,56,53,6.74,24.6
2015-08-17,3,7,6,4,3064,54,25,6.8,24.6
2015-08-17,3,7,2,5,3587,2,38,6.78,24.6
2015-08-17,3,7,1,6,4636,58,61,6.7,24.6
2015-08-17,3,8,2,1,4348,20,18,6.85,64.2
2015-08-17,3,8,4,2,4704,66,37,6.72,64.2
2015-08-17,3,8,5,3,4732,15,6,6.74,64.2
2015-08-17,3,8,1,4,3837,22,65,6.87,64.2
2015-08-17,3,8,3,5,4198,18,51,6.79,64.2
2015-08-17,3,8,6,6,4821,11,23,6.75,64.2
2015-08-17,3,9,2,1,4116,25,34,6.62,28.7
2015-08-17,3,9,3,2,3908,5,43,6.82,28.7
2015-08-17,3,9,5,3,3543,10,12,6.66,28.7
2015-08-17,3,9,6,4,4571,14,62,6.67,28.7
2015-08-17,3,9,1,5,3710,50,24,6.74,28.7
2015-08-17,3,9,4,6,4167,46,32,6.7,28.7
2015-08-17,3,10,1,1,3955,65,45,6.76,29.3
2015-08-17,3,10,3,2,4583,4,31,6.73,29.3
2015-08-17,3,10,2,3,3401,31,35,6.78,29.3
2015-08-17,3,10,5,4,3743,6,55,6.72,29.3
2015-08-17,3,10,4,5,4034,48,47,6.65,29.3
2015-08-17,3,10,6,6,4757,39,41,6.73,29.3
2015-08-17,3,11,3,1,4459,41,29,6.81,24.3
2015-08-17,3,11,1,2,4685,37,48,6.75,24.3
2015-08-17,3,11,2,3,4260,62,30,6.89,24.3
2015-08-17,3,11,5,4,3788,19,28,6.78,24.3
2015-08-17,3,11,6,5,4772,60,39,6.73,24.3
2015-08-17,3,11,4,6,3587,2,38,6.67,24.3
2015-08-17,3,12,1,1,4052,56,53,6.68,14.1
2015-08-17,3,12,4,2,4348,20,18,6.79,14.1
2015-08-17,3,12,5,3,3442,63,22,6.78,14.1
2015-08-17,3,12,3,4,3333,55,49,6.8,14.1
2015-08-17,3,12,6,5,3660,38,50,6.85,14.1
2015-08-17,3,12,2,6,3304,47,20,6.83,14.1
2015-08-18,4,1,2,1,4757,39,41,6.68,24.5
2015-08-18,4,1,1,2,4643,9,60,6.79,24.5
2015-08-18,4,1,3,3,3477,7,57,6.7,24.5
2015-08-18,4,1,4,4,4247,40,63,6.77,24.5
2015-08-18,4,1,6,5,3187,30,14,6.77,24.5
2015-08-18,4,1,5,6,4852,12,8,6.74,24.5
2015-08-18,4,2,3,1,3064,54,25,6.69,12.8
2015-08-18,4,2,2,2,4596,52,56,6.69,12.8
2015-08-18,4,2,4,3,4333,53,58,6.59,12.8
2015-08-18,4,2,6,4,4821,11,23,6.69,12.8
2015-08-18,4,2,1,5,3476,3,33,6.76,12.8
2015-08-18,4,2,5,6,4221,8,54,6.67,12.8
2015-08-18,4,3,3,1,4459,41,29,6.65,49.4
2015-08-18,4,3,2,2,3820,28,46,6.73,49.4
2015-08-18,4,3,4,3,3333,55,49,6.7,49.4
2015-08-18,4,3,1,4,4732,15,6,6.63,49.4
2015-08-18,4,3,5,5,3660,38,50,6.7,49.4
2015-08-18,4,3,6,6,4776,61,5,6.7,49.4
2015-08-18,4,4,1,1,4167,46,32,6.64,112.3
2015-08-18,4,4,4,2,3710,50,24,6.6,112.3
2015-08-18,4,4,6,3,4772,60,39,6.64,112.3
2015-08-18,4,4,2,4,3442,63,22,6.69,112.3
2015-08-18,4,4,3,5,3743,6,55,6.7,112.3
2015-08-18,4,4,5,6,4839,64,52,6.66,112.3
2015-08-18,4,5,4,1,3908,5,43,6.73,49.5
2015-08-18,4,5,1,2,4571,14,62,6.66,49.5
2015-08-18,4,5,3,3,3187,30,14,6.83,49.5
2015-08-18,4,5,2,4,3955,65,45,6.82,49.5
2015-08-18,4,5,6,5,3753,17,15,6.8,49.5
2015-08-18,4,5,5,6,4198,18,51,6.78,49.5
2015-08-18,4,6,4,1,4030,33,64,6.81,9.5
2015-08-18,4,6,1,2,4116,25,34,6.72,9.5
2015-08-18,4,6,5,3,4583,4,31,6.76,9.5
2015-08-18,4,6,2,4,3543,10,12,6.76,9.5
2015-08-18,4,6,3,5,3476,3,33,6.86,9.5
2015-08-18,4,6,6,6,4636,58,61,6.7,9.5
2015-08-18,4,7,5,1,4704,66,37,6.62,145.2
2015-08-18,4,7,6,2,4221,8,54,6.69,145.2
2015-08-18,4,7,3,3,3304,47,20,6.73,145.2
2015-08-18,4,7,2,4,3837,22,65,6.72,145.2
2015-08-18,4,7,4,5,4643,9,60,6.76,145.2
2015-08-18,4,7,1,6,3820,28,46,6.8,145.2
2015-08-18,4,8,2,1,4685,37,48,6.66,16.3
2015-08-18,4,8,1,2,4052,56,53,6.7,16.3
2015-08-18,4,8,4,3,4260,62,30,6.76,16.3
2015-08-18,4,8,6,4,4852,12,8,6.66,16.3
2015-08-18,4,8,5,5,4333,53,58,6.74,16.3
2015-08-18,4,8,3,6,4034,48,47,6.71,16.3
2015-08-18,4,9,4,1,4348,20,18,6.78,105.4
2015-08-18,4,9,1,2,3908,5,43,6.76,105.4
2015-08-18,4,9,3,3,3587,2,38,6.81,105.4
2015-08-18,4,9,6,4,3477,7,57,6.7,105.4
2015-08-18,4,9,5,5,3064,54,25,6.68,105.4
2015-08-18,4,9,2,6,3743,6,55,6.78,105.4
2015-08-18,4,10,1,1,4030,33,64,6.65,12.3
2015-08-18,4,10,2,2,3788,19,28,6.7,12.3
2015-08-18,4,10,5,3,3401,31,35,6.78,12.3
2015-08-18,4,10,3,4,3955,65,45,6.7,12.3
2015-08-18,4,10,4,5,4154,44,36,6.68,12.3
2015-08-18,4,10,6,6,4839,64,52,6.73,12.3
2015-08-18,4,11,1,1,4459,41,29,6.63,15.9
2015-08-18,4,11,4,2,3442,63,22,6.75,15.9
2015-08-18,4,11,2,3,4571,14,62,6.67,15.9
2015-08-18,4,11,6,4,4583,4,31,6.68,15.9
2015-08-18,4,11,3,5,4704,66,37,6.63,15.9
2015-08-18,4,11,5,6,4247,40,63,6.66,15.9
2015-08-18,4,12,1,1,3304,47,20,6.78,13.0
2015-08-18,4,12,4,2,4685,37,48,6.62,13.0
2015-08-18,4,12,3,3,3543,10,12,6.85,13.0
2015-08-18,4,12,2,4,3333,55,49,6.77,13.0
2015-08-18,4,12,6,5,3710,50,24,6.73,13.0
2015-08-18,4,12,5,6,3753,17,15,6.75,13.0
2015-08-19,5,1,2,1,4034,48,47,6.7,349.5
2015-08-19,5,1,4,2,4167,46,32,6.68,349.5
2015-08-19,5,1,6,3,3477,7,57,6.83,349.5
2015-08-19,5,1,5,4,4776,61,5,6.74,349.5
2015-08-19,5,1,1,5,3401,31,35,6.68,349.5
2015-08-19,5,1,3,6,3660,38,50,6.72,349.5
2015-08-19,5,2,1,1,4221,8,54,6.7,17.2
2015-08-19,5,2,4,2,4732,15,6,6.57,17.2
2015-08-19,5,2,3,3,3820,28,46,6.77,17.2
2015-08-19,5,2,2,4,3753,17,15,6.78,17.2
2015-08-19,5,2,6,5,4839,64,52,6.66,17.2
2015-08-19,5,2,5,6,4636,58,61,6.72,17.2
2015-08-19,5,3,3,1,3543,10,12,6.73,64.7
2015-08-19,5,3,4,2,4643,9,60,6.75,64.7
2015-08-19,5,3,5,3,4459,41,29,6.6,64.7
2015-08-19,5,3,1,4,3064,54,25,6.68,64.7
2015-08-19,5,3,2,5,4596,52,56,6.74,64.7
2015-08-19,5,3,6,6,4852,12,8,6.67,64.7
2015-08-19,5,6,1,1,3442,63,22,6.74,
2015-08-19,5,6,3,2,3587,2,38,6.75,
2015-08-19,5,6,5,3,4685,37,48,6.79,
2015-08-19,5,6,2,4,4333,53,58,6.74,
2015-08-19,5,6,6,5,3333,55,49,6.77,
2015-08-19,5,6,4,6,4198,18,51,6.76,
2015-08-19,5,7,4,1,4030,33,64,6.74,
2015-08-19,5,7,5,2,3837,22,65,6.73,
2015-08-19,5,7,3,3,4571,14,62,6.65,
2015-08-19,5,7,1,4,4260,62,30,6.71,
2015-08-19,5,7,2,5,4247,40,63,6.8,
2015-08-19,5,7,6,6,4772,60,39,6.65,
2015-08-19,5,8,1,1,4348,20,18,6.73,
2015-08-19,5,8,3,2,3187,30,14,6.84,
2015-08-19,5,8,4,3,3743,6,55,6.78,
2015-08-19,5,8,6,4,4821,11,23,6.77,
2015-08-19,5,8,5,5,3820,28,46,6.78,
2015-08-19,5,8,2,6,3710,50,24,6.7,
2015-08-19,5,9,3,1,3788,19,28,6.8,
2015-08-19,5,9,1,2,4459,41,29,6.58,
2015-08-19,5,9,2,3,4052,56,53,6.78,
2015-08-19,5,9,5,4,4596,52,56,6.74,
2015-08-19,5,9,6,5,3401,31,35,6.77,
2015-08-19,5,9,4,6,4583,4,31,6.67,
2015-08-19,5,10,1,1,4685,37,48,6.63,
2015-08-19,5,10,4,2,4260,62,30,6.79,
2015-08-19,5,10,2,3,4154,44,36,6.57,
2015-08-19,5,10,3,4,4704,66,37,6.69,
2015-08-19,5,10,5,5,4757,39,41,6.78,
2015-08-19,5,10,6,6,3064,54,25,6.71,
2015-08-19,5,11,1,1,4030,33,64,6.68,
2015-08-19,5,11,3,2,4348,20,18,6.75,
2015-08-19,5,11,4,3,3908,5,43,6.74,
2015-08-19,5,11,2,4,4116,25,34,6.66,
2015-08-19,5,11,6,5,3442,63,22,6.75,
2015-08-19,5,11,5,6,4333,53,58,6.75,
2015-08-19,5,12,2,1,3587,2,38,6.69,
2015-08-19,5,12,1,2,3543,10,12,6.73,
2015-08-19,5,12,5,3,4571,14,13,6.64,
2015-08-19,5,12,6,4,4643,9,60,6.71,
2015-08-19,5,12,4,5,3660,38,50,6.7,
2015-08-19,5,12,3,6,3743,6,55,6.74,
2015-08-20,6,1,1,1,4643,9,60,6.71,10.9
2015-08-20,6,1,2,2,3660,38,50,6.72,10.9
2015-08-20,6,1,3,3,4198,18,51,6.74,10.9
2015-08-20,6,1,4,4,4247,40,63,6.77,10.9
2015-08-20,6,1,5,5,4839,64,52,6.76,10.9
2015-08-20,6,1,6,6,4221,8,54,6.71,10.9
2015-08-20,6,2,4,1,3187,30,14,6.78,60.1
2015-08-20,6,2,1,2,3477,7,57,6.8,60.1
2015-08-20,6,2,5,3,3753,17,15,6.8,60.1
2015-08-20,6,2,6,4,4776,61,5,6.71,60.1
2015-08-20,6,2,2,5,3820,28,46,6.76,60.1
2015-08-20,6,2,3,6,4636,58,61,6.73,60.1
2015-08-20,6,3,6,1,3587,2,38,6.78,217.8
2015-08-20,6,3,3,2,4034,48,47,6.68,217.8
2015-08-20,6,3,2,3,4333,53,58,6.63,217.8
2015-08-20,6,3,4,4,4732,15,6,6.67,217.8
2015-08-20,6,3,1,5,4757,39,41,6.67,217.8
2015-08-20,6,3,5,6,4852,12,8,6.74,217.8
2015-08-20,6,4,1,1,4596,52,56,6.72,30.1
2015-08-20,6,4,4,2,3442,63,22,6.76,30.1
2015-08-20,6,4,3,3,4167,46,32,6.77,30.1
2015-08-20,6,4,6,4,4772,60,39,6.74,30.1
2015-08-20,6,4,2,5,4154,44,36,6.62,30.1
2015-08-20,6,4,5,6,3710,50,24,6.76,30.1
2015-08-20,6,5,1,1,3401,31,35,6.69,8.3
2015-08-20,6,5,2,2,3543,10,12,6.74,8.3
2015-08-20,6,5,3,3,3064,54,25,6.71,8.3
2015-08-20,6,5,4,4,3837,22,65,6.67,8.3
2015-08-20,6,5,5,5,4198,18,51,6.77,8.3
2015-08-20,6,5,6,6,4839,64,52,6.8,8.3
2015-08-20,6,6,3,1,4571,14,13,6.69,19.1
2015-08-20,6,6,1,2,3333,55,49,6.81,19.1
2015-08-20,6,6,2,3,3955,65,45,6.78,19.1
2015-08-20,6,6,5,4,4221,8,54,6.74,19.1
2015-08-20,6,6,4,5,4636,58,61,6.83,19.1
2015-08-20,6,6,6,6,4821,11,23,6.82,19.1
2015-08-20,6,7,1,1,4116,25,34,6.63,14.3
2015-08-20,6,7,2,2,3743,6,55,6.75,14.3
2015-08-20,6,7,4,3,3477,7,57,6.77,14.3
2015-08-20,6,7,6,4,3788,19,28,6.74,14.3
2015-08-20,6,7,5,5,4732,15,6,6.7,14.3
2015-08-20,6,7,3,6,3187,30,14,6.74,14.3
2015-08-20,6,8,1,1,3908,5,43,6.83,3.3
2015-08-20,6,8,2,2,3442,63,22,6.82,3.3
2015-08-20,6,8,4,3,3587,2,38,6.75,3.3
2015-08-20,6,8,5,4,4247,40,63,6.73,3.3
2015-08-20,6,8,6,5,4852,12,8,6.68,3.3
2015-08-20,6,8,3,6,3753,17,15,6.88,3.3
2015-08-20,6,9,5,1,4034,48,47,6.71,184.6
2015-08-20,6,9,4,2,4571,14,13,6.65,184.6
2015-08-20,6,9,6,3,4583,4,31,6.7,184.6
2015-08-20,6,9,1,4,3837,22,65,6.79,184.6
2015-08-20,6,9,2,5,4167,46,32,6.68,184.6
2015-08-20,6,9,3,6,3710,50,24,6.72,184.6
2015-08-20,6,10,1,1,4333,53,58,6.67,22.5
2015-08-20,6,10,2,2,3064,54,25,6.78,22.5
2015-08-20,6,10,3,3,4643,9,60,6.8,22.5
2015-08-20,6,10,6,4,3333,55,49,6.86,22.5
2015-08-20,6,10,5,5,3955,65,45,6.85,22.5
2015-08-20,6,10,4,6,3543,10,12,6.81,22.5
2015-08-20,6,11,3,1,4116,25,34,6.61,170.2
2015-08-20,6,11,5,2,4757,39,41,6.78,170.2
2015-08-20,6,11,6,3,3401,31,35,6.81,170.2
2015-08-20,6,11,2,4,3908,5,43,6.85,170.2
2015-08-20,6,11,4,5,4596,52,56,6.85,170.2
2015-08-20,6,11,1,6,4154,44,36,6.68,170.2
2015-08-20,6,12,1,1,4030,33,64,6.76,18.8
2015-08-20,6,12,4,2,4348,20,18,6.73,18.8
2015-08-20,6,12,3,3,4459,41,29,6.66,18.8
2015-08-20,6,12,2,4,4685,37,48,6.63,18.8
2015-08-20,6,12,6,5,4052,56,53,6.71,18.8
2015-08-20,6,12,5,6,4260,62,30,6.68,18.8
2015-08-31,1,1,1,1,3848,9,43,6.83,10.3
2015-08-31,1,1,2,2,4649,59,40,6.74,10.3
2015-08-31,1,1,3,3,3005,5,10,6.81,10.3
2015-08-31,1,1,6,4,3553,43,33,6.74,10.3
2015-08-31,1,1,4,5,4744,4,48,6.81,10.3
2015-08-31,1,1,5,6,4870,47,58,6.79,10.3
2015-08-31,1,3,5,1,4093,57,50,6.74,199.9
2015-08-31,1,3,1,2,3620,33,53,6.77,199.9
2015-08-31,1,3,3,3,4080,52,14,6.79,199.9
2015-08-31,1,3,6,4,4281,7,60,6.74,199.9
2015-08-31,1,3,2,5,4157,1,12,6.74,199.9
2015-08-31,1,3,4,6,3334,44,9,6.81,199.9
2015-08-31,1,5,4,1,3685,21,56,6.74,
2015-08-31,1,5,1,2,4230,50,20,6.73,
2015-08-31,1,5,2,3,4675,24,46,6.76,
2015-08-31,1,5,5,4,4775,25,32,6.81,
2015-08-31,1,5,3,5,3833,29,2,6.77,
2015-08-31,1,5,6,6,3509,49,61,6.73,
2015-08-31,1,6,1,1,3701,18,64,6.8,
2015-08-31,1,6,3,2,4068,15,26,6.79,
2015-08-31,1,6,2,3,4391,17,13,6.75,
2015-08-31,1,6,4,4,4144,45,4,6.76,
2015-08-31,1,6,5,5,4680,13,49,6.8,
2015-08-31,1,6,6,6,3058,35,6,6.84,
2015-08-31,1,7,2,1,3831,60,57,6.74,
2015-08-31,1,7,5,2,4134,32,35,6.82,
2015-08-31,1,7,3,3,4010,27,21,6.82,
2015-08-31,1,7,1,4,3005,5,10,6.86,
2015-08-31,1,7,6,5,3920,34,63,6.85,
2015-08-31,1,7,4,6,3620,33,53,6.79,
2015-08-31,1,8,1,1,3473,31,41,6.72,
2015-08-31,1,8,2,2,3910,40,27,6.73,
2015-08-31,1,8,3,3,3408,56,66,6.66,
2015-08-31,1,8,5,4,4307,63,44,6.76,
2015-08-31,1,8,4,5,4281,7,60,6.72,
2015-08-31,1,8,6,6,4870,47,58,6.78,
2015-08-31,1,9,1,1,3334,44,9,6.74,
2015-08-31,1,9,3,2,3169,46,36,6.79,
2015-08-31,1,9,4,3,4183,65,47,6.79,
2015-08-31,1,9,6,4,4775,25,32,6.76,
2015-08-31,1,9,2,5,4642,8,54,6.74,
2015-08-31,1,9,5,6,4744,4,48,6.79,
2015-08-31,1,10,3,1,3485,16,16,6.82,
2015-08-31,1,10,4,2,4271,10,38,6.72,
2015-08-31,1,10,6,3,4080,52,14,6.84,
2015-08-31,1,10,2,4,4144,45,4,6.81,
2015-08-31,1,10,1,5,3685,21,56,6.79,
2015-08-31,1,10,5,6,3968,54,59,6.84,
2015-08-31,1,11,1,1,3833,29,2,6.8,
2015-08-31,1,11,5,2,4068,15,26,6.8,
2015-08-31,1,11,3,3,4134,32,35,6.85,
2015-08-31,1,11,4,4,3848,9,43,6.87,
2015-08-31,1,11,2,5,4488,55,39,6.77,
2015-08-31,1,11,6,6,3670,51,3,6.78,
2015-09-01,2,2,4,1,3701,18,64,6.71,42.4
2015-09-01,2,2,1,2,3553,43,33,6.73,42.4
2015-09-01,2,2,6,3,4775,25,32,6.66,42.4
2015-09-01,2,2,5,4,4097,36,37,6.79,42.4
2015-09-01,2,2,3,5,4157,1,12,6.74,42.4
2015-09-01,2,2,2,6,4680,13,49,6.83,42.4
2015-09-01,2,3,2,1,4183,65,47,6.67,102.5
2015-09-01,2,3,4,2,3509,49,61,6.71,102.5
2015-09-01,2,3,5,3,3831,60,57,6.76,102.5
2015-09-01,2,3,1,4,3670,51,3,6.74,102.5
2015-09-01,2,3,6,5,3485,16,16,6.74,102.5
2015-09-01,2,3,3,6,3910,40,27,6.71,102.5
2015-09-01,2,4,3,1,3968,54,59,6.77,47.5
2015-09-01,2,4,1,2,3058,35,6,6.77,47.5
2015-09-01,2,4,4,3,4230,50,20,6.73,47.5
2015-09-01,2,4,5,4,3334,44,9,6.71,47.5
2015-09-01,2,4,2,5,4744,4,48,6.76,47.5
2015-09-01,2,4,6,6,3620,33,53,6.84,47.5
2015-09-01,2,5,4,1,3473,31,41,6.69,8.1
2015-09-01,2,5,1,2,4281,7,60,6.78,8.1
2015-09-01,2,5,2,3,4068,15,26,6.75,8.1
2015-09-01,2,5,5,4,4675,24,46,6.71,8.1
2015-09-01,2,5,6,5,3005,5,10,6.88,8.1
2015-09-01,2,5,3,6,4649,59,40,6.7,8.1
2015-09-01,2,6,3,1,3848,9,43,6.82,35.1
2015-09-01,2,6,5,2,4488,55,39,6.8,35.1
2015-09-01,2,6,1,3,3169,46,36,6.7,35.1
2015-09-01,2,6,6,4,4307,63,44,6.79,35.1
2015-09-01,2,6,2,5,3920,34,63,6.86,35.1
2015-09-01,2,6,4,6,4680,13,49,6.83,35.1
2015-09-01,2,7,1,1,3509,49,61,6.73,64.0
2015-09-01,2,7,2,2,3685,21,56,6.68,64.0
2015-09-01,2,7,5,3,4391,17,13,6.84,64.0
2015-09-01,2,7,3,4,4144,45,4,6.78,64.0
2015-09-01,2,7,4,5,3553,43,33,6.79,64.0
2015-09-01,2,7,6,6,3408,56,66,6.74,64.0
2015-09-01,2,8,2,1,4134,32,35,6.79,23.8
2015-09-01,2,8,1,2,4183,65,47,6.79,23.8
2015-09-01,2,8,3,3,4360,23,11,6.72,23.8
2015-09-01,2,8,4,4,3833,29,2,6.8,23.8
2015-09-01,2,8,5,5,4157,1,12,6.81,23.8
2015-09-01,2,8,6,6,4642,8,54,6.79,23.8
2015-09-01,2,9,1,1,4068,15,26,6.8,15.5
2015-09-01,2,9,2,2,4093,57,50,6.81,15.5
2015-09-01,2,9,4,3,4097,36,37,6.81,15.5
2015-09-01,2,9,5,4,3910,40,27,6.82,15.5
2015-09-01,2,9,3,5,3058,35,6,6.87,15.5
2015-09-01,2,9,6,6,4051,64,34,6.84,15.5
2015-09-01,2,10,5,1,4649,59,40,6.85,226.0
2015-09-01,2,10,3,2,3685,21,56,6.76,226.0
2015-09-01,2,10,1,3,3920,34,63,6.84,226.0
2015-09-01,2,10,4,4,3831,60,57,6.81,226.0
2015-09-01,2,10,6,5,3701,18,64,6.92,226.0
2015-09-01,2,10,2,6,3968,54,59,6.88,226.0
2015-09-01,2,11,4,1,3485,16,16,6.87,299.8
2015-09-01,2,11,2,2,4281,7,60,6.74,299.8
2015-09-01,2,11,6,3,3848,9,43,6.9,299.8
2015-09-01,2,11,1,4,4134,32,35,6.74,299.8
2015-09-01,2,11,5,5,4230,50,20,6.88,299.8
2015-09-01,2,11,3,6,4391,17,13,6.87,299.8
2015-09-01,2,12,5,1,3473,31,41,6.75,26.1
2015-09-01,2,12,1,2,4144,45,4,6.86,26.1
2015-09-01,2,12,3,3,3334,44,9,6.76,26.1
2015-09-01,2,12,2,4,4080,52,14,6.74,26.1
2015-09-01,2,12,4,5,4488,55,39,6.8,26.1
2015-09-01,2,12,6,6,3833,29,2,6.82,26.1
2015-09-02,3,1,1,1,3968,54,59,6.79,11.6
2015-09-02,3,1,2,2,3058,35,6,6.82,11.6
2015-09-02,3,1,3,3,4097,36,37,6.83,11.6
2015-09-02,3,1,4,4,3670,51,3,6.78,11.6
2015-09-02,3,1,6,5,4870,47,58,6.77,11.6
2015-09-02,3,1,5,6,4680,13,49,6.83,11.6
2015-09-02,3,2,1,1,4157,1,12,6.75,291.6
2015-09-02,3,2,6,2,4744,4,48,6.78,291.6
2015-09-02,3,2,4,3,3169,46,36,6.75,291.6
2015-09-02,3,2,2,4,3620,33,53,6.76,291.6
2015-09-02,3,2,5,5,3005,5,10,6.76,291.6
2015-09-02,3,2,3,6,3553,43,33,6.77,291.6
2015-09-02,3,3,1,1,4360,23,11,6.79,21.0
2015-09-02,3,3,5,2,4068,15,26,6.74,21.0
2015-09-02,3,3,2,3,4080,52,14,6.79,21.0
2015-09-02,3,3,3,4,3701,18,64,6.83,21.0
2015-09-02,3,3,4,5,3920,34,63,6.9,21.0
2015-09-02,3,3,6,6,3408,56,66,6.74,21.0
2015-09-02,3,4,1,1,4093,57,50,6.8,19.8
2015-09-02,3,4,3,2,3685,21,56,6.75,19.8
2015-09-02,3,4,4,3,4281,7,60,6.79,19.8
2015-09-02,3,4,2,4,4230,50,20,6.8,19.8
2015-09-02,3,4,6,5,4642,8,54,6.83,19.8
2015-09-02,3,4,5,6,4775,25,32,6.69,19.8
2015-09-02,3,6,1,1,4649,59,40,6.69,261.5
2015-09-02,3,6,6,2,4051,64,34,6.81,261.5
2015-09-02,3,6,3,3,3968,54,59,6.8,261.5
2015-09-02,3,6,2,4,3833,29,2,6.8,261.5
2015-09-02,3,6,5,5,4144,45,4,6.76,261.5
2015-09-02,3,6,4,6,3485,16,16,6.81,261.5
2015-09-02,3,7,6,1,4391,17,13,6.77,611.0
2015-09-02,3,7,2,2,3920,34,63,6.78,611.0
2015-09-02,3,7,5,3,3670,51,3,6.75,611.0
2015-09-02,3,7,3,4,3910,40,27,6.74,611.0
2015-09-02,3,7,1,5,4010,27,21,6.75,611.0
2015-09-02,3,7,4,6,3848,9,43,6.84,611.0
2015-09-02,3,8,2,1,3473,31,41,6.72,8.0
2015-09-02,3,8,1,2,3831,60,57,6.76,8.0
2015-09-02,3,8,3,3,3058,35,6,6.81,8.0
2015-09-02,3,8,5,4,3169,46,36,6.65,8.0
2015-09-02,3,8,6,5,4775,25,32,6.65,8.0
2015-09-02,3,8,4,6,3334,44,9,6.8,8.0
2015-09-02,3,9,1,1,4134,32,35,6.75,57.6
2015-09-02,3,9,3,2,4360,23,11,6.73,57.6
2015-09-02,3,9,6,3,4093,57,50,6.8,57.6
2015-09-02,3,9,4,4,4230,50,20,6.72,57.6
2015-09-02,3,9,2,5,4068,15,26,6.78,57.6
2015-09-02,3,9,5,6,3509,49,61,6.81,57.6
2015-09-02,3,10,1,1,3848,9,43,6.81,25.6
2015-09-02,3,10,4,2,3685,21,56,6.73,25.6
2015-09-02,3,10,6,3,3833,29,2,6.81,25.6
2015-09-02,3,10,5,4,4649,59,40,6.72,25.6
2015-09-02,3,10,3,5,4488,55,39,6.73,25.6
2015-09-02,3,10,2,6,4183,65,47,6.74,25.6
2015-09-02,3,12,1,1,3910,40,27,6.77,24.8
2015-09-02,3,12,3,2,4281,7,60,6.76,24.8
2015-09-02,3,12,2,3,3334,44,9,6.79,24.8
2015-09-02,3,12,4,4,4144,45,4,6.68,24.8
2015-09-02,3,12,6,5,4097,36,37,6.78,24.8
2015-09-02,3,12,5,6,3553,43,33,6.77,24.8
2015-09-03,4,1,1,1,3910,40,27,6.75,33.2
2015-09-03,4,1,5,2,4775,25,32,6.66,33.2
2015-09-03,4,1,3,3,3058,35,6,6.86,33.2
2015-09-03,4,1,6,4,3408,56,66,6.7,33.2
2015-09-03,4,1,4,5,4157,1,12,6.75,33.2
2015-09-03,4,1,2,6,3005,5,10,6.78,33.2
2015-09-03,4,2,3,1,3670,51,3,6.71,36.2
2015-09-03,4,2,2,2,3169,46,36,6.62,36.2
2015-09-03,4,2,4,3,3553,43,33,6.72,36.2
2015-09-03,4,2,5,4,3620,33,53,6.73,36.2
2015-09-03,4,2,6,5,4870,47,58,6.76,36.2
2015-09-03,4,2,1,6,4680,13,49,6.71,36.2
2015-09-03,4,3,5,1,4051,64,34,6.84,74.4
2015-09-03,4,3,4,2,3334,44,9,6.8,74.4
2015-09-03,4,3,3,3,3701,18,64,6.85,74.4
2015-09-03,4,3,2,4,4649,59,40,6.79,74.4
2015-09-03,4,3,6,5,4307,63,44,6.82,74.4
2015-09-03,4,3,1,6,4744,4,48,6.77,74.4
2015-09-03,4,4,3,1,4281,7,60,6.74,47.7
2015-09-03,4,4,2,2,3509,49,61,6.69,47.7
2015-09-03,4,4,4,3,3968,54,59,6.7,47.7
2015-09-03,4,4,5,4,4093,57,50,6.71,47.7
2015-09-03,4,4,1,5,4097,36,37,6.72,47.7
2015-09-03,4,4,6,6,3831,60,57,6.7,47.7
2015-09-03,4,5,1,1,4488,55,39,6.79,202.7
2015-09-03,4,5,6,2,4642,8,54,6.69,202.7
2015-09-03,4,5,2,3,4010,27,21,6.72,202.7
2015-09-03,4,5,3,4,3920,34,63,6.74,202.7
2015-09-03,4,5,5,5,3058,35,6,6.83,202.7
2015-09-03,4,5,4,6,4144,45,4,6.72,202.7
2015-09-03,4,6,1,1,4183,65,47,6.7,7.4
2015-09-03,4,6,5,2,3833,29,2,6.73,7.4
2015-09-03,4,6,2,3,3553,43,33,6.71,7.4
2015-09-03,4,6,4,4,3005,5,10,6.73,7.4
2015-09-03,4,6,3,5,4680,13,49,6.72,7.4
2015-09-03,4,6,6,6,4775,25,32,6.75,7.4
2015-09-03,4,7,1,1,4230,50,20,6.67,12.1
2015-09-03,4,7,3,2,3334,44,9,6.73,12.1
2015-09-03,4,7,6,3,4051,64,34,6.78,12.1
2015-09-03,4,7,4,4,3485,16,16,6.77,12.1
2015-09-03,4,7,5,5,4157,1,12,6.78,12.1
2015-09-03,4,7,2,6,3670,51,3,6.72,12.1
2015-09-03,4,8,2,1,4281,7,60,6.74,9.1
2015-09-03,4,8,1,2,4068,15,26,6.78,9.1
2015-09-03,4,8,4,3,3910,40,27,6.77,9.1
2015-09-03,4,8,3,4,4744,4,48,6.69,9.1
2015-09-03,4,8,5,5,4870,47,58,6.69,9.1
2015-09-03,4,8,6,6,4675,24,46,6.75,9.1
2015-09-03,4,9,1,1,4144,45,52,6.73,16.2
2015-09-03,4,9,6,2,4391,17,13,6.79,16.2
2015-09-03,4,9,2,3,3920,34,63,6.78,16.2
2015-09-03,4,9,5,4,3968,54,59,6.75,16.2
2015-09-03,4,9,3,5,3620,33,53,6.75,16.2
2015-09-03,4,9,4,6,4097,36,37,6.81,16.2
2015-09-03,4,10,4,1,4488,55,39,6.73,63.6
2015-09-03,4,10,1,2,3485,16,16,6.84,63.6
2015-09-03,4,10,2,3,4093,57,50,6.84,63.6
2015-09-03,4,10,5,4,4010,27,21,6.76,63.6
2015-09-03,4,10,3,5,4230,50,20,6.76,63.6
2015-09-03,4,10,6,6,4183,65,47,6.76,63.6
2015-09-03,4,11,1,1,3833,29,2,6.79,7.9
2015-09-03,4,11,4,2,4068,15,26,6.73,7.9
2015-09-03,4,11,2,3,3701,18,64,6.75,7.9
2015-09-03,4,11,6,4,3169,46,36,6.71,7.9
2015-09-03,4,11,5,5,3509,49,45,6.76,7.9
2015-09-03,4,11,3,6,4649,59,40,6.79,7.9
2015-09-03,4,12,3,1,4080,52,14,6.72,70.2
2015-09-03,4,12,4,2,3473,31,41,6.75,70.2
2015-09-03,4,12,1,3,3848,9,43,6.71,70.2
2015-09-03,4,12,5,4,4360,23,11,6.75,70.2
2015-09-03,4,12,6,5,3685,21,56,6.74,70.2
2015-09-03,4,12,2,6,4134,32,35,6.75,70.2
2015-09-09,1,1,4,1,3907,25,19,6.67,41.3
2015-09-09,1,1,1,2,3944,41,55,6.79,41.3
2015-09-09,1,1,5,3,4835,51,6,6.82,41.3
2015-09-09,1,1,3,4,4641,64,56,6.75,41.3
2015-09-09,1,1,2,5,2585,39,40,6.75,41.3
2015-09-09,1,1,6,6,3762,6,12,6.81,41.3
2015-09-09,1,2,1,1,3855,40,41,6.73,45.9
2015-09-09,1,2,3,2,4321,2,2,6.66,45.9
2015-09-09,1,2,6,3,3865,23,33,6.8,45.9
2015-09-09,1,2,2,4,4616,15,38,6.76,45.9
2015-09-09,1,2,4,5,4691,63,48,6.72,45.9
2015-09-09,1,2,5,6,4377,16,60,6.72,45.9
2015-09-09,1,3,3,1,4375,33,45,6.74,285.9
2015-09-09,1,3,4,2,3868,19,54,6.82,285.9
2015-09-09,1,3,1,3,3189,12,3,6.78,285.9
2015-09-09,1,3,2,4,3862,10,27,6.75,285.9
2015-09-09,1,3,5,5,3107,20,35,6.79,285.9
2015-09-09,1,3,6,6,4108,53,50,6.74,285.9
2015-09-09,1,5,3,1,3300,8,52,6.72,11.7
2015-09-09,1,5,1,2,3591,34,7,6.68,11.7
2015-09-09,1,5,5,3,4070,61,10,6.69,11.7
2015-09-09,1,5,4,4,3514,4,15,6.73,11.7
2015-09-09,1,5,6,5,3819,31,51,6.85,11.7
2015-09-09,1,5,2,6,2941,7,21,6.78,11.7
2015-09-09,1,6,3,1,4683,48,24,6.67,92.5
2015-09-09,1,6,4,2,4497,66,46,6.62,92.5
2015-09-09,1,6,6,3,3159,13,16,6.82,92.5
2015-09-09,1,6,1,4,4152,14,17,6.76,92.5
2015-09-09,1,6,5,5,4331,30,47,6.79,92.5
2015-09-09,1,6,2,6,3497,65,49,6.78,92.5
2015-09-09,1,7,5,1,4445,46,65,6.74,28.5
2015-09-09,1,7,1,2,4375,33,45,6.79,28.5
2015-09-09,1,7,2,3,4236,22,34,6.81,28.5
2015-09-09,1,7,6,4,3896,47,44,6.86,28.5
2015-09-09,1,7,4,5,3762,6,12,6.73,28.5
2015-09-09,1,7,3,6,3855,40,41,6.75,28.5
2015-09-09,1,8,3,1,3750,37,64,6.74,301.5
2015-09-09,1,8,4,2,3107,20,35,6.77,301.5
2015-09-09,1,8,1,3,3176,49,31,6.7,301.5
2015-09-09,1,8,2,4,3541,57,1,6.68,301.5
2015-09-09,1,8,5,5,3865,23,33,6.76,301.5
2015-09-09,1,8,6,6,4835,51,6,6.81,301.5
2015-09-09,1,10,2,1,3907,25,19,6.69,25.7
2015-09-09,1,10,1,2,3784,55,53,6.67,25.7
2015-09-09,1,10,6,3,4497,66,46,6.62,25.7
2015-09-09,1,10,3,4,3591,34,7,6.73,25.7
2015-09-09,1,10,4,5,3862,10,27,6.66,25.7
2015-09-09,1,10,5,6,3326,58,8,6.84,25.7
2015-09-09,1,11,1,1,3514,4,15,6.76,14.9
2015-09-09,1,11,2,2,3944,41,55,6.7,14.9
2015-09-09,1,11,4,3,3497,65,49,6.7,14.9
2015-09-09,1,11,3,4,3896,47,44,6.75,14.9
2015-09-09,1,11,5,5,4173,38,43,6.67,14.9
2015-09-09,1,11,6,6,4377,16,60,6.74,14.9
2015-09-09,1,12,4,1,4236,22,34,6.76,93.6
2015-09-09,1,12,5,2,4108,53,50,6.74,93.6
2015-09-09,1,12,1,3,3541,57,1,6.73,93.6
2015-09-09,1,12,6,4,4095,9,59,6.78,93.6
2015-09-09,1,12,2,5,3300,8,52,6.71,93.6
2015-09-09,1,12,3,6,3159,13,16,6.84,93.6
2015-09-10,2,1,1,1,4445,46,65,6.72,6.6
2015-09-10,2,1,2,2,3762,6,12,6.73,6.6
2015-09-10,2,1,4,3,4511,45,62,6.8,6.6
2015-09-10,2,1,6,4,4835,51,6,6.74,6.6
2015-09-10,2,1,3,5,2941,7,21,6.72,6.6
2015-09-10,2,1,5,6,4616,15,38,6.8,6.6
2015-09-10,2,2,1,1,4683,48,24,6.7,16.3
2015-09-10,2,2,2,2,4377,16,60,6.78,16.3
2015-09-10,2,2,3,3,4331,30,47,6.74,16.3
2015-09-10,2,2,4,4,3819,31,51,6.68,16.3
2015-09-10,2,2,6,5,3750,37,64,6.74,16.3
2015-09-10,2,2,5,6,2585,39,40,6.7,16.3
2015-09-10,2,4,3,1,4691,63,48,6.6,230.2
2015-09-10,2,4,2,2,3855,40,41,6.68,230.2
2015-09-10,2,4,5,3,4375,33,45,6.71,230.2
2015-09-10,2,4,4,4,3591,34,7,6.67,230.2
2015-09-10,2,4,6,5,3176,49,31,6.7,230.2
2015-09-10,2,4,1,6,4641,64,56,6.68,230.2
2015-09-10,2,5,4,1,4236,22,34,6.67,44.3
2015-09-10,2,5,3,2,3107,20,35,6.75,44.3
2015-09-10,2,5,1,3,4173,38,43,6.67,44.3
2015-09-10,2,5,6,4,4616,15,38,6.75,44.3
2015-09-10,2,5,5,5,3862,10,27,6.67,44.3
2015-09-10,2,5,2,6,4070,61,10,6.74,44.3
2015-09-10,2,6,5,1,4497,66,46,6.62,80.5
2015-09-10,2,6,4,2,4683,48,24,6.64,80.5
2015-09-10,2,6,3,3,3907,25,19,6.61,80.5
2015-09-10,2,6,1,4,2941,7,21,6.76,80.5
2015-09-10,2,6,2,5,4520,62,66,6.68,80.5
2015-09-10,2,6,6,6,3300,8,52,6.6,80.5
2015-09-10,2,7,5,1,3944,41,55,6.73,215.3
2015-09-10,2,7,2,2,3784,55,53,6.68,215.3
2015-09-10,2,7,6,3,3189,12,3,6.7,215.3
2015-09-10,2,7,1,4,3819,31,51,6.69,215.3
2015-09-10,2,7,3,5,3497,65,49,6.72,215.3
2015-09-10,2,7,4,6,4321,2,2,6.72,215.3
2015-09-10,2,8,4,1,3896,47,44,6.75,710.9
2015-09-10,2,8,6,2,4691,63,48,6.71,710.9
2015-09-10,2,8,3,3,2585,39,40,6.75,710.9
2015-09-10,2,8,1,4,4095,9,59,6.7,710.9
2015-09-10,2,8,2,5,3159,13,16,6.84,710.9
2015-09-10,2,8,5,6,4511,45,62,6.79,710.9
2015-09-10,2,9,4,1,3541,57,1,6.68,27.3
2015-09-10,2,9,6,2,4375,33,45,6.65,27.3
2015-09-10,2,9,2,3,4173,38,43,6.67,27.3
2015-09-10,2,9,1,4,3868,19,54,6.61,27.3
2015-09-10,2,9,3,5,3326,58,8,6.68,27.3
2015-09-10,2,9,5,6,4835,51,6,6.76,27.3
2015-09-10,2,10,2,1,4108,53,50,6.64,54.8
2015-09-10,2,10,5,2,3514,4,15,6.73,54.8
2015-09-10,2,10,4,3,4641,64,56,6.7,54.8
2015-09-10,2,10,1,4,3497,65,49,6.71,54.8
2015-09-10,2,10,6,5,4331,30,47,6.73,54.8
2015-09-10,2,10,3,6,4520,62,66,6.68,54.8
2015-09-10,2,11,1,1,4236,22,34,6.67,37.6
2015-09-10,2,11,3,2,4152,14,17,6.67,37.6
2015-09-10,2,11,6,3,3944,41,55,6.71,37.6
2015-09-10,2,11,5,4,3300,8,52,6.71,37.6
2015-09-10,2,11,4,5,4445,46,65,6.67,37.6
2015-09-10,2,11,2,6,3591,34,7,6.78,37.6
2015-09-10,2,12,4,1,3784,55,53,6.66,42.3
2015-09-10,2,12,1,2,3159,13,16,6.65,42.3
2015-09-10,2,12,3,3,4497,66,46,6.54,42.3
2015-09-10,2,12,5,4,3176,49,31,6.62,42.3
2015-09-10,2,12,6,5,4790,28,36,6.7,42.3
2015-09-10,2,12,2,6,3107,20,35,6.73,42.3
2015-09-11,3,1,1,1,3896,47,44,6.79,43.4
2015-09-11,3,1,4,2,3865,23,33,6.72,43.4
2015-09-11,3,1,6,3,3862,10,27,6.66,43.4
2015-09-11,3,1,2,4,4641,64,56,6.77,43.4
2015-09-11,3,1,3,5,4511,45,62,6.8,43.4
2015-09-11,3,1,5,6,2941,7,21,6.82,43.4
2015-09-11,3,2,4,1,4152,14,17,6.7,45.9
2015-09-11,3,2,1,2,2585,39,40,6.74,45.9
2015-09-11,3,2,6,3,4321,2,2,6.78,45.9
2015-09-11,3,2,3,4,4331,30,47,6.79,45.9
2015-09-11,3,2,5,5,3189,12,3,6.7,45.9
2015-09-11,3,2,2,6,4691,63,48,6.66,45.9
2015-09-11,3,3,1,1,4377,16,60,6.87,16.5
2015-09-11,3,3,5,2,3159,13,16,6.82,16.5
2015-09-11,3,3,2,3,3750,37,64,6.74,16.5
2015-09-11,3,3,6,4,3497,65,49,6.78,16.5
2015-09-11,3,3,4,5,3855,40,41,6.75,16.5
2015-09-11,3,3,3,6,4616,15,38,6.8,16.5
2015-09-11,3,4,4,1,3176,49,31,6.74,68.0
2015-09-11,3,4,2,2,3868,19,54,6.71,68.0
2015-09-11,3,4,5,3,4236,22,34,6.8,68.0
2015-09-11,3,4,1,4,4070,61,10,6.75,68.0
2015-09-11,3,4,3,5,3762,6,12,6.79,68.0
2015-09-11,3,4,6,6,4790,28,36,6.75,68.0
2015-09-11,3,5,4,1,3300,8,52,6.63,18.1
2015-09-11,3,5,2,2,4095,9,59,6.71,18.1
2015-09-11,3,5,5,3,3819,31,51,6.61,18.1
2015-09-11,3,5,3,4,3865,23,33,6.8,18.1
2015-09-11,3,5,1,5,4520,62,66,6.66,18.1
2015-09-11,3,5,6,6,4835,51,6,6.76,18.1
2015-09-11,3,6,2,1,4445,46,65,6.72,54.8
2015-09-11,3,6,4,2,4375,33,45,6.69,54.8
2015-09-11,3,6,1,3,4511,45,62,6.76,54.8
2015-09-11,3,6,6,4,3784,55,53,6.71,54.8
2015-09-11,3,6,3,5,2585,39,40,6.77,54.8
2015-09-11,3,6,5,6,3541,57,1,6.76,54.8
2015-09-11,3,7,5,1,3907,25,19,6.65,356.7
2015-09-11,3,7,3,2,3862,10,27,6.77,356.7
2015-09-11,3,7,4,3,3159,13,16,6.76,356.7
2015-09-11,3,7,1,4,4331,30,47,6.75,356.7
2015-09-11,3,7,6,5,3591,34,7,6.74,356.7
2015-09-11,3,7,2,6,3944,41,55,6.66,356.7
2015-09-11,3,8,2,1,4497,66,46,6.64,14.3
2015-09-11,3,8,1,2,3514,4,15,6.71,14.3
2015-09-11,3,8,4,3,4108,53,50,6.66,14.3
2015-09-11,3,8,6,4,4152,14,17,6.7,14.3
2015-09-11,3,8,3,5,4377,16,60,6.8,14.3
2015-09-11,3,8,5,6,3762,6,12,6.84,14.3
2015-09-11,3,9,6,1,4236,22,34,6.75,50.4
2015-09-11,3,9,1,2,4691,63,48,6.67,50.4
2015-09-11,3,9,5,3,3497,65,49,6.67,50.4
2015-09-11,3,9,4,4,2941,7,21,6.77,50.4
2015-09-11,3,9,3,5,3819,31,51,6.66,50.4
2015-09-11,3,9,2,6,4173,38,43,6.79,50.4
2015-09-11,3,10,5,1,3784,55,53,6.75,541.7
2015-09-11,3,10,4,2,3189,12,3,6.71,541.7
2015-09-11,3,10,2,3,4683,48,24,6.72,541.7
2015-09-11,3,10,3,4,3896,47,44,6.7,541.7
2015-09-11,3,10,1,5,4095,9,59,6.75,541.7
2015-09-11,3,10,6,6,3107,20,35,6.75,541.7
2015-09-11,3,11,1,1,4108,53,50,6.68,15.7
2015-09-11,3,11,6,2,3541,57,1,6.76,15.7
2015-09-11,3,11,2,3,4520,62,66,6.71,15.7
2015-09-11,3,11,3,4,4070,61,10,6.67,15.7
2015-09-11,3,11,5,5,3591,34,7,6.73,15.7
2015-09-11,3,11,4,6,3750,37,64,6.7,15.7
2015-09-11,3,12,1,1,3300,8,52,6.74,11.0
2015-09-11,3,12,2,2,3514,4,15,6.75,11.0
2015-09-11,3,12,6,3,3907,25,19,6.71,11.0
2015-09-11,3,12,3,4,3176,49,31,6.79,11.0
2015-09-11,3,12,4,5,4445,46,65,6.86,11.0
2015-09-11,3,12,5,6,4321,2,2,6.81,11.0
2015-09-12,4,1,1,1,4497,66,46,6.69,7.9
2015-09-12,4,1,4,2,4375,33,45,6.74,7.9
2015-09-12,4,1,5,3,3750,37,64,6.66,7.9
2015-09-12,4,1,2,4,4331,30,47,6.74,7.9
2015-09-12,4,1,6,5,4641,64,56,6.8,7.9
2015-09-12,4,1,3,6,3189,12,3,6.72,7.9
2015-09-12,4,2,4,1,4070,61,10,6.66,18.3
2015-09-12,4,2,1,2,3862,10,27,6.71,18.3
2015-09-12,4,2,2,3,3819,31,51,6.65,18.3
2015-09-12,4,2,6,4,3855,40,41,6.67,18.3
2015-09-12,4,2,5,5,4835,51,6,6.7,18.3
2015-09-12,4,2,3,6,4616,15,38,6.76,18.3
2015-09-12,4,3,3,1,3541,57,1,6.69,7.9
2015-09-12,4,3,4,2,3300,8,52,6.56,7.9
2015-09-12,4,3,5,3,4691,63,48,6.68,7.9
2015-09-12,4,3,2,4,3865,23,33,6.74,7.9
2015-09-12,4,3,1,5,3762,6,12,6.76,7.9
2015-09-12,4,3,6,6,2941,7,21,6.77,7.9
2015-09-12,4,4,4,1,4152,14,17,6.66,76.4
2015-09-12,4,4,1,2,3907,25,19,6.59,76.4
2015-09-12,4,4,5,3,4173,38,43,6.72,76.4
2015-09-12,4,4,3,4,3159,13,16,6.69,76.4
2015-09-12,4,4,2,5,4321,2,2,6.71,76.4
2015-09-12,4,4,6,6,4520,62,66,6.65,76.4
2015-09-12,4,5,3,1,4445,46,65,6.71,47.5
2015-09-12,4,5,1,2,3107,20,35,6.7,47.5
2015-09-12,4,5,6,3,2585,39,40,6.77,47.5
2015-09-12,4,5,4,4,3514,4,15,6.65,47.5
2015-09-12,4,5,5,5,3868,19,54,6.73,47.5
2015-09-12,4,5,2,6,3189,12,3,6.74,47.5
2015-09-12,4,6,3,1,4108,53,50,6.72,17.5
2015-09-12,4,6,1,2,3784,55,53,6.76,17.5
2015-09-12,4,6,5,3,3855,40,41,6.71,17.5
2015-09-12,4,6,4,4,3750,37,64,6.75,17.5
2015-09-12,4,6,2,5,3176,49,31,6.75,17.5
2015-09-12,4,6,6,6,4511,45,62,6.84,17.5
2015-09-12,4,8,3,1,4321,2,2,6.71,225.7
2015-09-12,4,8,2,2,3497,65,49,6.78,225.7
2015-09-12,4,8,1,3,3300,8,52,6.67,225.7
2015-09-12,4,8,4,4,3944,41,55,6.76,225.7
2015-09-12,4,8,5,5,4641,64,56,6.81,225.7
2015-09-12,4,8,6,6,4790,28,36,6.79,225.7
2015-09-12,4,9,1,1,3541,57,1,6.74,14.1
2015-09-12,4,9,3,2,3868,19,54,6.74,14.1
2015-09-12,4,9,2,3,3896,47,44,6.75,14.1
2015-09-12,4,9,4,4,4377,16,60,6.82,14.1
2015-09-12,4,9,5,5,4520,62,66,6.72,14.1
2015-09-12,4,9,6,6,4835,51,6,6.69,14.1
2015-09-12,4,10,6,1,4070,61,10,6.73,317.4
2015-09-12,4,10,1,2,3159,13,16,6.76,317.4
2015-09-12,4,10,4,3,3176,49,31,6.85,317.4
2015-09-12,4,10,2,4,4375,33,45,6.78,317.4
2015-09-12,4,10,3,5,3514,4,15,6.76,317.4
2015-09-12,4,10,5,6,4683,48,24,6.77,317.4
2015-09-12,4,11,1,1,4108,53,50,6.73,44.2
2015-09-12,4,11,2,2,3107,20,35,6.85,44.2
2015-09-12,4,11,6,3,4173,38,43,6.8,44.2
2015-09-12,4,11,3,4,3907,25,19,6.75,44.2
2015-09-12,4,11,4,5,4691,63,48,6.74,44.2
2015-09-12,4,11,5,6,4095,9,59,6.83,44.2
2015-09-12,4,12,2,1,4497,66,46,6.67,18.3
2015-09-12,4,12,1,2,4236,22,34,6.72,18.3
2015-09-12,4,12,3,3,3784,55,53,6.74,18.3
2015-09-12,4,12,5,4,3944,41,55,6.75,18.3
2015-09-12,4,12,4,5,3865,23,33,6.81,18.3
2015-09-12,4,12,6,6,4445,46,65,6.75,18.3
2015-09-13,5,1,5,1,2585,39,40,6.62,49.2
2015-09-13,5,1,1,2,3944,41,55,6.76,49.2
2015-09-13,5,1,4,3,3855,40,41,6.62,49.2
2015-09-13,5,1,3,4,4377,16,60,6.77,49.2
2015-09-13,5,1,6,5,4835,51,6,6.75,49.2
2015-09-13,5,1,2,6,4511,45,62,6.81,49.2
2015-09-13,5,2,1,1,3189,12,3,6.79,19.6
2015-09-13,5,2,2,2,4641,64,56,6.79,19.6
2015-09-13,5,2,4,3,2941,7,21,6.75,19.6
2015-09-13,5,2,3,4,3762,6,12,6.77,19.6
2015-09-13,5,2,5,5,3865,23,33,6.74,19.6
2015-09-13,5,2,6,6,4616,15,38,6.71,19.6
2015-09-13,5,4,3,1,3514,4,15,6.71,16.5
2015-09-13,5,4,1,2,4691,63,48,6.71,16.5
2015-09-13,5,4,6,3,4236,22,34,6.79,16.5
2015-09-13,5,4,4,4,3591,34,7,6.77,16.5
2015-09-13,5,4,5,5,4331,30,47,6.74,16.5
2015-09-13,5,4,2,6,3819,31,51,6.72,16.5
2015-09-13,5,5,4,1,3300,8,52,6.69,63.2
2015-09-13,5,5,5,2,3862,10,27,6.7,63.2
2015-09-13,5,5,3,3,4173,38,43,6.76,63.2
2015-09-13,5,5,1,4,3159,13,16,6.74,63.2
2015-09-13,5,5,6,5,4790,28,36,6.75,63.2
2015-09-13,5,5,2,6,3750,37,64,6.66,63.2
2015-09-13,5,6,1,1,4095,9,59,6.76,33.4
2015-09-13,5,6,2,2,4377,16,60,6.75,33.4
2015-09-13,5,6,4,3,4375,33,45,6.64,33.4
2015-09-13,5,6,3,4,3176,49,31,6.7,33.4
2015-09-13,5,6,6,5,3907,25,19,6.66,33.4
2015-09-13,5,6,5,6,3784,55,53,6.67,33.4
2015-09-13,5,7,3,1,4683,48,24,6.66,74.8
2015-09-13,5,7,6,2,4497,66,46,6.62,74.8
2015-09-13,5,7,4,3,3541,57,1,6.66,74.8
2015-09-13,5,7,1,4,3896,47,44,6.72,74.8
2015-09-13,5,7,2,5,4321,2,2,6.78,74.8
2015-09-13,5,7,5,6,2941,7,21,6.68,74.8
2015-09-13,5,9,1,1,3907,25,19,6.59,28.5
2015-09-13,5,9,3,2,4375,33,45,6.73,28.5
2015-09-13,5,9,2,3,4108,53,50,6.72,28.5
2015-09-13,5,9,4,4,3514,4,15,6.73,28.5
2015-09-13,5,9,5,5,4070,61,10,6.69,28.5
2015-09-13,5,9,6,6,3159,13,16,6.76,28.5
2015-09-13,5,10,5,1,4152,14,17,6.68,658.7
2015-09-13,5,10,6,2,4095,9,59,6.72,658.7
2015-09-13,5,10,3,3,3300,8,52,6.77,658.7
2015-09-13,5,10,1,4,4497,66,46,6.7,658.7
2015-09-13,5,10,4,5,3896,47,44,6.78,658.7
2015-09-13,5,10,2,6,3784,55,53,6.82,658.7
2015-09-13,5,11,2,1,4445,46,65,6.67,30.4
2015-09-13,5,11,1,2,4236,22,34,6.73,30.4
2015-09-13,5,11,3,3,3541,57,1,6.74,30.4
2015-09-13,5,11,6,4,4691,63,48,6.73,30.4
2015-09-13,5,11,5,5,3944,41,55,6.72,30.4
2015-09-13,5,11,4,6,4683,48,24,6.68,30.4
2015-09-13,5,12,1,1,3176,49,31,6.74,17.8
2015-09-13,5,12,2,2,3107,20,35,6.7,17.8
2015-09-13,5,12,4,3,4520,62,66,6.62,17.8
2015-09-13,5,12,3,4,3862,10,27,6.74,17.8
2015-09-13,5,12,5,5,3591,34,7,6.72,17.8
2015-09-13,5,12,6,6,4173,38,43,6.72,17.8
2015-09-14,6,2,1,1,4331,30,47,6.76,9.2
2015-09-14,6,2,2,2,2941,7,21,6.78,9.2
2015-09-14,6,2,3,3,3865,23,33,6.81,9.2
2015-09-14,6,2,6,4,4835,51,6,6.82,9.2
2015-09-14,6,2,5,5,4511,45,62,6.77,9.2
2015-09-14,6,2,4,6,4616,15,38,6.72,9.2
2015-09-14,6,3,4,1,4691,63,48,6.74,67.8
2015-09-14,6,3,2,2,4070,61,10,6.74,67.8
2015-09-14,6,3,1,3,4683,48,24,6.68,67.8
2015-09-14,6,3,3,4,4520,62,66,6.74,67.8
2015-09-14,6,3,6,5,3762,6,12,6.78,67.8
2015-09-14,6,3,5,6,3189,12,3,6.82,67.8
2015-09-14,6,4,4,1,4321,2,2,6.79,171.2
2015-09-14,6,4,2,2,2585,39,40,6.72,171.2
2015-09-14,6,4,1,3,3159,13,16,6.75,171.2
2015-09-14,6,4,6,4,3176,49,31,6.74,171.2
2015-09-14,6,4,3,5,4377,16,60,6.77,171.2
2015-09-14,6,4,5,6,3107,20,35,6.77,171.2
2015-09-14,6,5,1,1,3896,47,44,6.74,15.2
2015-09-14,6,5,2,2,3944,41,55,6.73,15.2
2015-09-14,6,5,5,3,3855,40,41,6.76,15.2
2015-09-14,6,5,3,4,4641,64,56,6.72,15.2
2015-09-14,6,5,4,5,4173,38,43,6.76,15.2
2015-09-14,6,5,6,6,4790,28,36,6.76,15.2
2015-09-14,6,6,6,1,3541,57,1,6.83,745.0
2015-09-14,6,6,3,2,4221,52,63,6.87,745.0
2015-09-14,6,6,5,3,4497,66,46,6.69,745.0
2015-09-14,6,6,1,4,3300,8,52,6.65,745.0
2015-09-14,6,6,4,5,3868,19,54,6.78,745.0
2015-09-14,6,6,2,6,3862,10,27,6.73,745.0
2015-09-14,6,7,1,1,3784,55,53,6.63,77.0
2015-09-14,6,7,2,2,3865,23,33,6.84,77.0
2015-09-14,6,7,5,3,4520,62,66,6.7,77.0
2015-09-14,6,7,6,4,4108,53,50,6.68,77.0
2015-09-14,6,7,4,5,2585,39,40,6.68,77.0
2015-09-14,6,7,3,6,4511,45,62,6.74,77.0
2015-09-14,6,8,1,1,3514,4,15,6.7,6.5
2015-09-14,6,8,4,2,3107,20,35,6.78,6.5
2015-09-14,6,8,2,3,3591,34,7,6.74,6.5
2015-09-14,6,8,6,4,4641,64,56,6.71,6.5
2015-09-14,6,8,3,5,4616,15,38,6.73,6.5
2015-09-14,6,8,5,6,4377,16,60,6.84,6.5
2015-09-14,6,9,3,1,3750,37,64,6.72,143.4
2015-09-14,6,9,5,2,4321,2,2,6.69,143.4
2015-09-14,6,9,4,3,3176,49,31,6.78,143.4
2015-09-14,6,9,2,4,3868,19,54,6.7,143.4
2015-09-14,6,9,1,5,4173,38,43,6.7,143.4
2015-09-14,6,9,6,6,3189,12,3,6.76,143.4
2015-09-14,6,10,2,1,3300,8,52,6.71,27.9
2015-09-14,6,10,1,2,3541,57,1,6.71,27.9
2015-09-14,6,10,6,3,3159,13,16,6.75,27.9
2015-09-14,6,10,3,4,4691,63,48,6.76,27.9
2015-09-14,6,10,4,5,3896,47,44,6.72,27.9
2015-09-14,6,10,5,6,4070,61,10,6.64,27.9
2015-09-14,6,11,1,1,4108,53,50,6.7,76.8
2015-09-14,6,11,6,2,4683,48,24,6.72,76.8
2015-09-14,6,11,2,3,4497,66,46,6.66,76.8
2015-09-14,6,11,4,4,3944,41,55,6.74,76.8
2015-09-14,6,11,5,5,3784,55,53,6.77,76.8
2015-09-14,6,11,3,6,3514,4,15,6.74,76.8
2015-09-14,6,12,1,1,3907,25,19,6.58,9.7
2015-09-14,6,12,2,2,4445,46,65,6.65,9.7
2015-09-14,6,12,4,3,4236,22,34,6.7,9.7
2015-09-14,6,12,3,4,4152,14,17,6.68,9.7
2015-09-14,6,12,5,5,4375,33,45,6.76,9.7
2015-09-14,6,12,6,6,4095,9,59,6.76,9.7
2015-09-22,1,1,1,1,3790,52,29,6.81,22.2
2015-09-22,1,1,2,2,4558,17,17,6.82,22.2
2015-09-22,1,1,3,3,4170,38,39,6.7,22.2
2015-09-22,1,1,5,4,3122,21,38,6.66,22.2
2015-09-22,1,1,4,5,3430,5,13,6.66,22.2
2015-09-22,1,1,6,6,4806,32,27,6.77,22.2
2015-09-22,1,2,3,1,4056,27,63,6.7,48.0
2015-09-22,1,2,1,2,2887,55,49,6.79,48.0
2015-09-22,1,2,4,3,3195,24,9,6.75,48.0
2015-09-22,1,2,2,4,3727,29,41,6.69,48.0
2015-09-22,1,2,6,5,3404,36,14,6.75,48.0
2015-09-22,1,2,5,6,4878,43,5,6.74,48.0
2015-09-22,1,3,2,1,4038,50,40,6.78,30.1
2015-09-22,1,3,5,2,4643,13,8,6.67,30.1
2015-09-22,1,3,6,3,3589,54,22,6.8,30.1
2015-09-22,1,3,1,4,3528,1,66,6.79,30.1
2015-09-22,1,3,3,5,4714,57,12,6.79,30.1
2015-09-22,1,3,4,6,4274,44,57,6.77,30.1
2015-09-22,1,4,1,1,4110,23,65,6.86,26.7
2015-09-22,1,4,5,2,4292,30,37,6.77,26.7
2015-09-22,1,4,2,3,3234,39,55,6.85,26.7
2015-09-22,1,4,3,4,4570,9,4,6.83,26.7
2015-09-22,1,4,6,5,4286,20,26,6.73,26.7
2015-09-22,1,4,4,6,4551,41,25,6.75,26.7
2015-09-22,1,5,3,1,4361,49,18,6.69,34.5
2015-09-22,1,5,2,2,4772,19,46,6.73,34.5
2015-09-22,1,5,4,3,4276,6,48,6.84,34.5
2015-09-22,1,5,1,4,3454,47,3,6.8,34.5
2015-09-22,1,5,5,5,4812,18,59,6.85,34.5
2015-09-22,1,5,6,6,3560,35,51,6.95,34.5
2015-09-22,1,6,1,1,4558,17,17,6.79,57.4
2015-09-22,1,6,3,2,3619,34,28,6.79,57.4
2015-09-22,1,6,6,3,3860,61,58,6.71,57.4
2015-09-22,1,6,2,4,3582,4,30,6.71,57.4
2015-09-22,1,6,5,5,3846,37,45,6.74,57.4
2015-09-22,1,6,4,6,3727,29,41,6.77,57.4
2015-09-22,1,7,1,1,4359,59,61,6.78,7.1
2015-09-22,1,7,2,2,3908,10,36,6.7,7.1
2015-09-22,1,7,3,3,4288,2,23,6.81,7.1
2015-09-22,1,7,4,4,3122,21,38,6.73,7.1
2015-09-22,1,7,5,5,3404,36,14,6.79,7.1
2015-09-22,1,7,6,6,4600,48,50,6.75,7.1
2015-09-22,1,9,4,1,4286,20,26,6.8,33.2
2015-09-22,1,9,1,2,4123,58,11,6.69,33.2
2015-09-22,1,9,3,3,4289,56,32,6.78,33.2
2015-09-22,1,9,5,4,4714,57,6,6.79,33.2
2015-09-22,1,9,2,5,3195,24,9,6.81,33.2
2015-09-22,1,9,6,6,4170,38,39,6.75,33.2
2015-09-22,1,10,1,1,3619,34,28,6.81,84.0
2015-09-22,1,10,3,2,3616,31,44,6.76,84.0
2015-09-22,1,10,4,3,4038,50,40,6.81,84.0
2015-09-22,1,10,2,4,4040,15,21,6.7,84.0
2015-09-22,1,10,6,5,3430,5,13,6.77,84.0
2015-09-22,1,10,5,6,4276,6,48,6.74,84.0
2015-09-22,1,11,1,1,4288,2,23,6.77,64.6
2015-09-22,1,11,5,2,4570,9,4,6.76,64.6
2015-09-22,1,11,2,3,3454,47,3,6.81,64.6
2015-09-22,1,11,4,4,4643,13,8,6.76,64.6
2015-09-22,1,11,3,5,3860,61,58,6.73,64.6
2015-09-22,1,11,6,6,4056,27,63,6.85,64.6
2015-09-22,1,12,4,1,3589,54,22,6.79,200.8
2015-09-22,1,12,1,2,3908,10,36,6.74,200.8
2015-09-22,1,12,6,3,4292,30,37,6.85,200.8
2015-09-22,1,12,2,4,3635,25,1,6.78,200.8
2015-09-22,1,12,3,5,3582,4,30,6.72,200.8
2015-09-22,1,12,5,6,4361,49,18,6.72,200.8
2015-09-23,2,1,1,1,4276,6,48,6.7,7.0
2015-09-23,2,1,4,2,3234,39,55,6.74,7.0
2015-09-23,2,1,5,3,4110,23,65,6.79,7.0
2015-09-23,2,1,3,4,3195,24,9,6.76,7.0
2015-09-23,2,1,6,5,4878,43,5,6.71,7.0
2015-09-23,2,1,2,6,3846,37,45,6.79,7.0
2015-09-23,2,2,6,1,4772,19,46,6.73,23.8
2015-09-23,2,2,4,2,4359,59,61,6.71,23.8
2015-09-23,2,2,2,3,3549,60,62,6.73,23.8
2015-09-23,2,2,3,4,3560,35,51,6.85,23.8
2015-09-23,2,2,1,5,3727,29,41,6.75,23.8
2015-09-23,2,2,5,6,4806,32,27,6.81,23.8
2015-09-23,2,3,1,1,4274,44,57,6.81,30.2
2015-09-23,2,3,2,2,4170,38,39,6.78,30.2
2015-09-23,2,3,6,3,4323,22,20,6.78,30.2
2015-09-23,2,3,3,4,3528,1,66,6.76,30.2
2015-09-23,2,3,4,5,3616,31,44,6.79,30.2
2015-09-23,2,3,5,6,4600,48,50,6.69,30.2
2015-09-23,2,4,1,1,3122,21,38,6.7,23.4
2015-09-23,2,4,6,2,3635,25,1,6.82,23.4
2015-09-23,2,4,4,3,3790,52,29,6.77,23.4
2015-09-23,2,4,3,4,4812,18,59,6.78,23.4
2015-09-23,2,4,5,5,4289,56,32,6.72,23.4
2015-09-23,2,4,2,6,2887,55,49,6.78,23.4
2015-09-23,2,6,2,1,3589,54,22,6.89,42.5
2015-09-23,2,6,6,2,3454,47,3,6.9,42.5
2015-09-23,2,6,3,3,3404,36,14,6.85,42.5
2015-09-23,2,6,5,4,4123,58,11,6.84,42.5
2015-09-23,2,6,1,5,3234,39,55,6.85,42.5
2015-09-23,2,6,4,6,4714,57,6,6.75,42.5
2015-09-23,2,7,6,1,3908,10,36,6.8,27.9
2015-09-23,2,7,2,2,3860,61,58,6.85,27.9
2015-09-23,2,7,5,3,3616,31,44,6.81,27.9
2015-09-23,2,7,3,4,4558,17,17,6.88,27.9
2015-09-23,2,7,1,5,3430,5,13,6.88,27.9
2015-09-23,2,7,4,6,3549,60,62,6.78,27.9
2015-09-23,2,8,1,1,4292,30,37,6.84,4.7
2015-09-23,2,8,4,2,3582,4,30,6.82,4.7
2015-09-23,2,8,2,3,3619,34,28,6.89,4.7
2015-09-23,2,8,5,4,3528,1,66,6.8,4.7
2015-09-23,2,8,3,5,2887,55,49,6.87,4.7
2015-09-23,2,8,6,6,4806,32,27,6.89,4.7
2015-09-23,2,9,1,1,4643,13,33,6.76,9.9
2015-09-23,2,9,2,2,4288,2,23,6.77,9.9
2015-09-23,2,9,3,3,3846,37,45,6.74,9.9
2015-09-23,2,9,5,4,3560,35,51,6.94,9.9
2015-09-23,2,9,4,5,4812,18,59,6.85,9.9
2015-09-23,2,9,6,6,4600,48,50,6.78,9.9
2015-09-23,2,10,5,1,3635,25,1,6.82,177.8
2015-09-23,2,10,3,2,4551,41,52,6.74,177.8
2015-09-23,2,10,1,3,4361,49,18,6.65,177.8
2015-09-23,2,10,4,4,3454,47,3,6.85,177.8
2015-09-23,2,10,2,5,4570,9,4,6.79,177.8
2015-09-23,2,10,6,6,4359,59,61,6.82,177.8
2015-09-23,2,11,5,1,4040,15,21,6.79,282.4
2015-09-23,2,11,2,2,4276,6,48,6.81,282.4
2015-09-23,2,11,4,3,4772,19,46,6.77,282.4
2015-09-23,2,11,1,4,3589,54,22,6.82,282.4
2015-09-23,2,11,3,5,4323,22,20,6.82,282.4
2015-09-23,2,11,6,6,4289,56,32,6.81,282.4
2015-09-23,2,12,1,1,3582,4,30,6.81,28.2
2015-09-23,2,12,4,2,4123,58,11,6.83,28.2
2015-09-23,2,12,5,3,3908,10,36,6.74,28.2
2015-09-23,2,12,6,4,4110,23,65,6.85,28.2
2015-09-23,2,12,2,5,4286,20,43,6.79,28.2
2015-09-23,2,12,3,6,3790,52,29,6.88,28.2
2015-09-24,3,1,1,1,4323,22,20,6.83,8.2
2015-09-24,3,1,3,2,4812,18,59,6.84,8.2
2015-09-24,3,1,4,3,3846,37,45,6.72,8.2
2015-09-24,3,1,6,4,3528,1,66,6.81,8.2
2015-09-24,3,1,2,5,3430,5,13,6.9,8.2
2015-09-24,3,1,5,6,4806,32,27,6.78,8.2
2015-09-24,3,2,2,1,3404,36,14,6.81,36.7
2015-09-24,3,2,1,2,4551,41,52,6.8,36.7
2015-09-24,3,2,5,3,2887,55,49,6.77,36.7
2015-09-24,3,2,6,4,4878,43,5,6.83,36.7
2015-09-24,3,2,4,5,4170,38,39,6.69,36.7
2015-09-24,3,2,3,6,3727,29,41,6.8,36.7
2015-09-24,3,3,1,1,3549,60,62,6.86,52.9
2015-09-24,3,3,2,2,4056,27,63,6.82,52.9
2015-09-24,3,3,3,3,4038,50,40,6.87,52.9
2015-09-24,3,3,6,4,3619,34,28,6.83,52.9
2015-09-24,3,3,4,5,3860,61,58,6.78,52.9
2015-09-24,3,3,5,6,4600,48,50,6.83,52.9
2015-09-24,3,4,5,1,3582,4,30,6.7,22.8
2015-09-24,3,4,2,2,3122,21,38,6.73,22.8
2015-09-24,3,4,3,3,4286,20,43,6.78,22.8
2015-09-24,3,4,4,4,4558,17,17,6.76,22.8
2015-09-24,3,4,1,5,3195,24,9,6.85,22.8
2015-09-24,3,4,6,6,4276,6,48,6.84,22.8
2015-09-24,3,5,4,1,3635,25,1,6.74,9.6
2015-09-24,3,5,3,2,4040,15,21,6.72,9.6
2015-09-24,3,5,5,3,4772,19,46,6.78,9.6
2015-09-24,3,5,6,4,4274,44,57,6.89,9.6
2015-09-24,3,5,1,5,3616,31,44,6.75,9.6
2015-09-24,3,5,2,6,4714,57,6,6.72,9.6
2015-09-24,3,6,2,1,4361,49,18,6.74,19.8
2015-09-24,3,6,1,2,3560,35,51,6.96,19.8
2015-09-24,3,6,5,3,4288,2,23,6.82,19.8
2015-09-24,3,6,4,4,3404,36,14,6.82,19.8
2015-09-24,3,6,3,5,3234,39,55,6.84,19.8
2015-09-24,3,6,6,6,4570,9,4,6.87,19.8
2015-09-24,3,7,1,1,4170,38,39,6.71,39.0
2015-09-24,3,7,3,2,4292,30,37,6.8,39.0
2015-09-24,3,7,2,3,4123,58,11,6.81,39.0
2015-09-24,3,7,5,4,3589,54,22,6.88,39.0
2015-09-24,3,7,4,5,4056,27,63,6.85,39.0
2015-09-24,3,7,6,6,4806,32,27,6.87,39.0
2015-09-24,3,8,1,1,3908,10,36,6.78,4.2
2015-09-24,3,8,2,2,3454,47,3,6.81,4.2
2015-09-24,3,8,4,3,4289,56,32,6.82,4.2
2015-09-24,3,8,5,4,3727,29,41,6.83,4.2
2015-09-24,3,8,6,5,3846,37,45,6.77,4.2
2015-09-24,3,8,3,6,3122,21,38,6.83,4.2
2015-09-24,3,9,2,1,4323,22,20,6.99,33.6
2015-09-24,3,9,3,2,3790,52,29,6.94,33.6
2015-09-24,3,9,5,3,3860,61,58,6.81,33.6
2015-09-24,3,9,6,4,3582,4,30,6.86,33.6
2015-09-24,3,9,4,5,2887,55,49,6.88,33.6
2015-09-24,3,9,1,6,4714,57,6,6.76,33.6
2015-09-24,3,10,1,1,4040,15,21,6.7,17.3
2015-09-24,3,10,3,2,4110,23,65,6.85,17.3
2015-09-24,3,10,2,3,4286,20,43,6.8,17.3
2015-09-24,3,10,5,4,4359,59,61,6.8,17.3
2015-09-24,3,10,4,5,4570,9,4,6.82,17.3
2015-09-24,3,10,6,6,4600,48,50,6.77,17.3
2015-09-24,3,11,4,1,4361,49,18,6.79,38.9
2015-09-24,3,11,1,2,4292,30,37,6.78,38.9
2015-09-24,3,11,6,3,4812,18,59,6.82,38.9
2015-09-24,3,11,5,4,4038,50,40,6.84,38.9
2015-09-24,3,11,3,5,4276,6,48,6.81,38.9
2015-09-24,3,11,2,6,3616,31,44,6.79,38.9
2015-09-24,3,12,1,1,3635,25,1,6.77,18.5
2015-09-24,3,12,3,2,4123,58,11,6.86,18.5
2015-09-24,3,12,2,3,4289,56,32,6.76,18.5
2015-09-24,3,12,5,4,3619,34,28,6.95,18.5
2015-09-24,3,12,4,5,4288,2,23,6.82,18.5
2015-09-24,3,12,6,6,4558,17,17,6.95,18.5
2015-09-25,4,1,1,1,4570,9,4,6.84,28.4
2015-09-25,4,1,2,2,3528,1,66,6.78,28.4
2015-09-25,4,1,4,3,2887,55,49,6.79,28.4
2015-09-25,4,1,3,4,4274,44,57,6.86,28.4
2015-09-25,4,1,5,5,3549,60,62,6.79,28.4
2015-09-25,4,1,6,6,4714,57,6,6.81,28.4
2015-09-25,4,2,1,1,3846,37,45,6.79,9.3
2015-09-25,4,2,2,2,4359,59,61,6.83,9.3
2015-09-25,4,2,4,3,3234,39,55,6.87,9.3
2015-09-25,4,2,3,4,3430,5,13,6.72,9.3
2015-09-25,4,2,5,5,3195,24,9,6.83,9.3
2015-09-25,4,2,6,6,4878,43,5,6.79,9.3
2015-09-25,4,3,2,1,4110,23,65,6.79,52.7
2015-09-25,4,3,1,2,3404,36,14,6.8,52.7
2015-09-25,4,3,4,3,3619,34,28,6.81,52.7
2015-09-25,4,3,3,4,4123,58,11,6.74,52.7
2015-09-25,4,3,6,5,3790,52,29,6.76,52.7
2015-09-25,4,3,5,6,4551,41,52,6.74,52.7
2015-09-25,4,4,4,1,4361,49,18,6.72,17.8
2015-09-25,4,4,1,2,4772,19,46,6.75,17.8
2015-09-25,4,4,6,3,3122,21,38,6.69,17.8
2015-09-25,4,4,3,4,3454,47,3,6.72,17.8
2015-09-25,4,4,5,5,4600,48,50,6.76,17.8
2015-09-25,4,4,2,6,3560,35,51,6.86,17.8
2015-09-25,4,5,1,1,4289,56,32,6.72,7.9
2015-09-25,4,5,3,2,4288,2,23,6.69,7.9
2015-09-25,4,5,2,3,3860,61,58,6.69,7.9
2015-09-25,4,5,4,4,4812,18,59,6.72,7.9
2015-09-25,4,5,5,5,4170,38,39,6.71,7.9
2015-09-25,4,5,6,6,3727,29,41,6.84,7.9
2015-09-25,4,6,2,1,4292,30,37,6.77,12.4
2015-09-25,4,6,1,2,4056,27,63,6.81,12.4
2015-09-25,4,6,4,3,3616,31,44,6.76,12.4
2015-09-25,4,6,3,4,4323,22,20,6.78,12.4
2015-09-25,4,6,6,5,3549,60,62,6.9,12.4
2015-09-25,4,6,5,6,4878,43,5,6.75,12.4
2015-09-25,4,7,4,1,4040,15,21,6.68,26.7
2015-09-25,4,7,3,2,3908,10,36,6.78,26.7
2015-09-25,4,7,5,3,4558,17,17,6.82,26.7
2015-09-25,4,7,2,4,3619,34,28,6.8,26.7
2015-09-25,4,7,1,5,4038,50,40,6.76,26.7
2015-09-25,4,7,6,6,4806,32,27,6.78,26.7
2015-09-25,4,8,1,1,3589,54,22,6.68,8.6
2015-09-25,4,8,2,2,4276,6,48,6.75,8.6
2015-09-25,4,8,4,3,4570,9,4,6.83,8.6
2015-09-25,4,8,3,4,4772,19,46,6.77,8.6
2015-09-25,4,8,5,5,3430,5,13,6.81,8.6
2015-09-25,4,8,6,6,4551,41,52,6.77,8.6
2015-09-25,4,9,1,1,3860,61,58,6.69,25.2
2015-09-25,4,9,2,2,4274,44,57,6.82,25.2
2015-09-25,4,9,3,3,3635,25,1,6.73,25.2
2015-09-25,4,9,5,4,4286,20,43,6.73,25.2
2015-09-25,4,9,4,5,3560,35,51,6.82,25.2
2015-09-25,4,9,6,6,3195,24,9,6.82,25.2
2015-09-25,4,10,3,1,4292,30,37,6.89,23.4
2015-09-25,4,10,1,2,3582,4,30,6.75,23.4
2015-09-25,4,10,5,3,3454,47,3,6.81,23.4
2015-09-25,4,10,2,4,4289,56,32,6.76,23.4
2015-09-25,4,10,6,5,3234,39,55,6.9,23.4
2015-09-25,4,10,4,6,4110,23,65,6.88,23.4
2015-09-25,4,11,1,1,4288,2,23,6.7,10.5
2015-09-25,4,11,4,2,3908,10,36,6.77,10.5
2015-09-25,4,11,3,3,4359,59,61,6.88,10.5
2015-09-25,4,11,5,4,4323,22,20,6.85,10.5
2015-09-25,4,11,2,5,4123,58,11,6.76,10.5
2015-09-25,4,11,6,6,4600,48,50,6.7,10.5
2015-09-25,4,12,1,1,4361,49,18,6.72,34.3
2015-09-25,4,12,3,2,3589,54,22,6.8,34.3
2015-09-25,4,12,6,3,3616,31,44,6.79,34.3
2015-09-25,4,12,2,4,4040,15,21,6.68,34.3
2015-09-25,4,12,5,5,3790,52,29,6.85,34.3
2015-09-25,4,12,4,6,3528,1,66,6.79,34.3
2015-09-26,5,1,1,1,4123,58,11,6.76,13.0
2015-09-26,5,1,4,2,3528,1,66,6.75,13.0
2015-09-26,5,1,2,3,3195,24,9,6.83,13.0
2015-09-26,5,1,3,4,4714,57,6,6.74,13.0
2015-09-26,5,1,5,5,4170,38,39,6.74,13.0
2015-09-26,5,1,6,6,4806,32,27,6.8,13.0
2015-09-26,5,3,3,1,4361,49,18,6.76,10.2
2015-09-26,5,3,4,2,3589,54,22,6.79,10.2
2015-09-26,5,3,5,3,3234,39,55,6.78,10.2
2015-09-26,5,3,1,4,4038,50,40,6.8,10.2
2015-09-26,5,3,6,5,4600,48,50,6.81,10.2
2015-09-26,5,3,2,6,4551,41,52,6.78,10.2
2015-09-26,5,4,1,1,3454,47,3,6.8,34.8
2015-09-26,5,4,6,2,3635,25,1,6.77,34.8
2015-09-26,5,4,3,3,3404,36,14,6.89,34.8
2015-09-26,5,4,5,4,3846,37,45,6.76,34.8
2015-09-26,5,4,4,5,4288,2,23,6.82,34.8
2015-09-26,5,4,2,6,4056,27,63,6.83,34.8
2015-09-26,5,5,4,1,3582,4,30,6.72,139.0
2015-09-26,5,5,3,2,4570,9,4,6.83,139.0
2015-09-26,5,5,5,3,4274,44,57,6.72,139.0
2015-09-26,5,5,2,4,4359,59,61,6.81,139.0
2015-09-26,5,5,1,5,3860,61,58,6.71,139.0
2015-09-26,5,5,6,6,4878,43,7,6.76,139.0
2015-09-26,5,6,4,1,3908,10,36,6.79,18.0
2015-09-26,5,6,6,2,4289,56,32,6.79,18.0
2015-09-26,5,6,1,3,4323,22,20,6.83,18.0
2015-09-26,5,6,2,4,3616,31,44,6.77,18.0
2015-09-26,5,6,3,5,4110,23,65,6.75,18.0
2015-09-26,5,6,5,6,4806,32,27,6.76,18.0
2015-09-26,5,8,2,1,4276,6,48,6.81,31.0
2015-09-26,5,8,1,2,4040,15,21,6.7,31.0
2015-09-26,5,8,3,3,4558,17,17,6.79,31.0
2015-09-26,5,8,6,4,4714,57,6,6.8,31.0
2015-09-26,5,8,4,5,4286,20,43,6.78,31.0
2015-09-26,5,8,5,6,3404,36,14,6.79,31.0
2015-09-26,5,9,1,1,3635,25,1,6.76,10.2
2015-09-26,5,9,2,2,4361,49,18,6.73,10.2
2015-09-26,5,9,5,3,4359,59,61,6.78,10.2
2015-09-26,5,9,3,4,4288,2,23,6.78,10.2
2015-09-26,5,9,6,5,3860,61,58,6.77,10.2
2015-09-26,5,9,4,6,4323,22,20,6.85,10.2
2015-09-26,5,10,1,1,3908,10,36,6.69,5.5
2015-09-26,5,10,2,2,3589,54,22,6.72,5.5
2015-09-26,5,10,4,3,4123,58,11,6.73,5.5
2015-09-26,5,10,3,4,4772,19,46,6.74,5.5
2015-09-26,5,10,5,5,3619,34,28,6.85,5.5
2015-09-26,5,10,6,6,4038,50,40,6.69,5.5
2015-09-26,5,11,1,1,4292,30,15,6.7,5.2
2015-09-26,5,11,2,2,4040,15,21,6.77,5.2
2015-09-26,5,11,3,3,3582,4,30,6.72,5.2
2015-09-26,5,11,6,4,3454,47,3,6.89,5.2
2015-09-26,5,11,5,5,4056,27,63,6.87,5.2
2015-09-26,5,11,4,6,4110,23,65,6.82,5.2
2015-09-26,5,12,5,1,4570,9,4,6.84,204.0
2015-09-26,5,12,3,2,3846,37,45,6.77,204.0
2015-09-26,5,12,1,3,4276,6,48,6.7,204.0
2015-09-26,5,12,2,4,4286,20,43,6.76,204.0
2015-09-26,5,12,4,5,3790,52,2,6.85,204.0
2015-09-26,5,12,6,6,3234,39,55,6.82,204.0
2015-09-27,6,1,3,1,4551,41,52,6.73,104.3
2015-09-27,6,1,4,2,4274,44,57,6.73,104.3
2015-09-27,6,1,6,3,3430,5,13,6.69,104.3
2015-09-27,6,1,5,4,3549,60,62,6.76,104.3
2015-09-27,6,1,1,5,3790,52,2,6.72,104.3
2015-09-27,6,1,2,6,4170,38,39,6.65,104.3
2015-09-27,6,2,1,1,3234,39,55,6.78,11.1
2015-09-27,6,2,4,2,3727,29,41,6.81,11.1
2015-09-27,6,2,3,3,2887,55,49,6.7,11.1
2015-09-27,6,2,5,4,3195,24,9,6.82,11.1
2015-09-27,6,2,2,5,4714,57,6,6.71,11.1
2015-09-27,6,2,6,6,4806,32,27,6.81,11.1
2015-09-27,6,3,1,1,4038,50,40,6.8,11.3
2015-09-27,6,3,2,2,4110,23,65,6.79,11.3
2015-09-27,6,3,6,3,4276,6,48,6.75,11.3
2015-09-27,6,3,3,4,3122,21,38,6.71,11.3
2015-09-27,6,3,5,5,4878,43,7,6.81,11.3
2015-09-27,6,3,4,6,3528,1,66,6.7,11.3
2015-09-27,6,4,1,1,3454,47,3,6.83,8.8
2015-09-27,6,4,3,2,4359,59,61,6.89,8.8
2015-09-27,6,4,2,3,3846,37,45,6.75,8.8
2015-09-27,6,4,4,4,4558,17,17,6.84,8.8
2015-09-27,6,4,5,5,3616,31,44,6.85,8.8
2015-09-27,6,4,6,6,4600,48,50,6.84,8.8
2015-09-27,6,5,3,1,4289,56,32,6.87,41.0
2015-09-27,6,5,1,2,3860,61,58,6.81,41.0
2015-09-27,6,5,2,3,4056,27,63,6.85,41.0
2015-09-27,6,5,4,4,4570,9,4,6.75,41.0
2015-09-27,6,5,5,5,3560,35,51,6.87,41.0
2015-09-27,6,5,6,6,4551,41,52,6.85,41.0
2015-09-27,6,6,4,1,4772,19,46,6.79,44.1
2015-09-27,6,6,5,2,4286,20,43,6.74,44.1
2015-09-27,6,6,6,3,4123,58,11,6.79,44.1
2015-09-27,6,6,1,4,4323,22,20,6.8,44.1
2015-09-27,6,6,2,5,3404,36,14,6.78,44.1
2015-09-27,6,6,3,6,3727,29,41,6.83,44.1
2015-09-27,6,7,5,1,4276,6,48,6.76,23.2
2015-09-27,6,7,6,2,3582,4,30,6.75,23.2
2015-09-27,6,7,1,3,3619,34,28,6.81,23.2
2015-09-27,6,7,3,4,3528,1,66,6.71,23.2
2015-09-27,6,7,2,5,4274,44,57,6.8,23.2
2015-09-27,6,7,4,6,3430,5,13,6.77,23.2
2015-09-27,6,8,1,1,4288,2,23,6.76,8.1
2015-09-27,6,8,2,2,3790,52,2,6.85,8.1
2015-09-27,6,8,3,3,4170,38,39,6.74,8.1
2015-09-27,6,8,6,4,4878,43,7,6.84,8.1
2015-09-27,6,8,4,5,3616,31,44,6.82,8.1
2015-09-27,6,8,5,6,4558,17,17,6.83,8.1
2015-09-27,6,9,1,1,4289,56,32,6.68,46.3
2015-09-27,6,9,6,2,4812,18,59,6.77,46.3
2015-09-27,6,9,2,3,4570,9,4,6.81,46.3
2015-09-27,6,9,3,4,4286,20,43,6.75,46.3
2015-09-27,6,9,4,5,3122,21,38,6.71,46.3
2015-09-27,6,9,5,6,4600,48,50,6.75,46.3
2015-09-27,6,10,1,1,4123,58,11,6.71,14.8
2015-09-27,6,10,2,2,4359,59,61,6.83,14.8
2015-09-27,6,10,4,3,3860,61,58,6.81,14.8
2015-09-27,6,10,5,4,4110,23,65,6.8,14.8
2015-09-27,6,10,6,5,4038,50,40,6.81,14.8
2015-09-27,6,10,3,6,3454,47,3,6.74,14.8
2015-09-27,6,11,2,1,4772,19,46,6.78,219.0
2015-09-27,6,11,3,2,4288,2,23,6.76,219.0
2015-09-27,6,11,6,3,4323,22,20,6.86,219.0
2015-09-27,6,11,4,4,4056,27,63,6.78,219.0
2015-09-27,6,11,1,5,3582,4,30,6.66,219.0
2015-09-27,6,11,5,6,3619,34,28,6.84,219.0
2015-09-27,6,12,1,1,4292,30,15,6.79,103.0
2015-09-27,6,12,6,2,4040,15,21,6.76,103.0
2015-09-27,6,12,2,3,3908,10,36,6.71,103.0
2015-09-27,6,12,3,4,3635,25,1,6.74,103.0
2015-09-27,6,12,4,5,4361,49,18,6.65,103.0
2015-09-27,6,12,5,6,3589,54,22,6.77,103.0
2015-10-03,1,1,3,1,4632,46,57,6.76,30.5
2015-10-03,1,1,1,2,3478,39,11,6.75,30.5
2015-10-03,1,1,4,3,3051,28,38,6.81,30.5
2015-10-03,1,1,6,4,4041,12,2,6.76,30.5
2015-10-03,1,1,2,5,2781,44,24,6.82,30.5
2015-10-03,1,1,5,6,4847,19,39,6.78,30.5
2015-10-03,1,2,1,1,4087,60,12,6.64,25.0
2015-10-03,1,2,2,2,3875,17,56,6.75,25.0
2015-10-03,1,2,6,3,3660,24,64,6.82,25.0
2015-10-03,1,2,3,4,4327,27,59,6.75,25.0
2015-10-03,1,2,4,5,4161,5,28,6.73,25.0
2015-10-03,1,2,5,6,4753,31,25,6.63,25.0
2015-10-03,1,3,5,1,3712,57,9,6.77,212.0
2015-10-03,1,3,2,2,4762,25,30,6.64,212.0
2015-10-03,1,3,4,3,3282,20,61,6.74,212.0
2015-10-03,1,3,1,4,3658,8,66,6.67,212.0
2015-10-03,1,3,6,5,4852,51,15,6.78,212.0
2015-10-03,1,3,3,6,4301,38,53,6.76,212.0
2015-10-03,1,5,1,1,4172,15,16,6.65,11.9
2015-10-03,1,5,3,2,3811,10,23,6.67,11.9
2015-10-03,1,5,5,3,4632,46,57,6.75,11.9
2015-10-03,1,5,4,4,3771,53,51,6.78,11.9
2015-10-03,1,5,2,5,4185,30,13,6.77,11.9
2015-10-03,1,5,6,6,4822,7,31,6.7,11.9
2015-10-03,1,6,2,1,4327,27,59,6.67,294.5
2015-10-03,1,6,4,2,3427,48,44,6.71,294.5
2015-10-03,1,6,5,3,4442,56,34,6.73,294.5
2015-10-03,1,6,1,4,3211,37,18,6.7,294.5
2015-10-03,1,6,3,5,3681,6,49,6.73,294.5
2015-10-03,1,6,6,6,4474,49,46,6.74,294.5
2015-10-03,1,7,4,1,3516,66,4,6.63,96.2
2015-10-03,1,7,5,2,4101,21,35,6.71,96.2
2015-10-03,1,7,2,3,3832,41,26,6.75,96.2
2015-10-03,1,7,6,4,3726,50,5,6.77,96.2
2015-10-03,1,7,3,5,4762,25,30,6.72,96.2
2015-10-03,1,7,1,6,3875,17,56,6.73,96.2
2015-10-03,1,8,1,1,3737,16,47,6.73,14.4
2015-10-03,1,8,3,2,3658,8,66,6.72,14.4
2015-10-03,1,8,2,3,3478,39,11,6.82,14.4
2015-10-03,1,8,4,4,4209,18,54,6.75,14.4
2015-10-03,1,8,6,5,4753,31,25,6.81,14.4
2015-10-03,1,8,5,6,3818,33,7,6.69,14.4
2015-10-03,1,9,2,1,4174,14,33,6.75,11.4
2015-10-03,1,9,1,2,4301,38,53,6.74,11.4
2015-10-03,1,9,4,3,3800,36,32,6.88,11.4
2015-10-03,1,9,3,4,3660,24,64,6.82,11.4
2015-10-03,1,9,6,5,3988,59,60,6.88,11.4
2015-10-03,1,9,5,6,4041,12,2,6.8,11.4
2015-10-03,1,10,2,1,4122,32,62,6.77,69.9
2015-10-03,1,10,1,2,3607,61,1,6.74,69.9
2015-10-03,1,10,3,3,4172,15,16,6.73,69.9
2015-10-03,1,10,4,4,4207,54,20,6.68,69.9
2015-10-03,1,10,6,5,3681,6,49,6.8,69.9
2015-10-03,1,10,5,6,3051,28,38,6.8,69.9
2015-10-03,1,11,1,1,3771,53,51,6.74,17.3
2015-10-03,1,11,2,2,3211,37,18,6.84,17.3
2015-10-03,1,11,5,3,3282,20,61,6.77,17.3
2015-10-03,1,11,4,4,3726,50,5,6.86,17.3
2015-10-03,1,11,3,5,3881,58,10,6.85,17.3
2015-10-03,1,11,6,6,4161,5,28,6.88,17.3
2015-10-03,1,12,1,1,4174,14,33,6.69,13.1
2015-10-03,1,12,2,2,3737,16,47,6.82,13.1
2015-10-03,1,12,4,3,3712,57,9,6.76,13.1
2015-10-03,1,12,6,4,3811,10,23,6.73,13.1
2015-10-03,1,12,3,5,4101,21,35,6.67,13.1
2015-10-03,1,12,5,6,3427,48,44,6.81,13.1
2015-10-04,2,1,1,1,3881,58,10,6.65,7.9
2015-10-04,2,1,2,2,4529,64,14,6.69,7.9
2015-10-04,2,1,4,3,4327,27,59,6.7,7.9
2015-10-04,2,1,5,4,4822,7,31,6.76,7.9
2015-10-04,2,1,3,5,4087,60,12,6.69,7.9
2015-10-04,2,1,6,6,3051,28,38,6.77,7.9
2015-10-04,2,2,4,1,4442,56,34,6.7,35.6
2015-10-04,2,2,5,2,3104,63,19,6.59,35.6
2015-10-04,2,2,6,3,3818,33,7,6.71,35.6
2015-10-04,2,2,1,4,4041,12,2,6.77,35.6
2015-10-04,2,2,2,5,4161,5,28,6.69,35.6
2015-10-04,2,2,3,6,4185,30,13,6.78,35.6
2015-10-04,2,3,2,1,3427,48,44,6.7,172.2
2015-10-04,2,3,6,2,4753,31,25,6.62,172.2
2015-10-04,2,3,5,3,3800,36,32,6.7,172.2
2015-10-04,2,3,1,4,3660,24,64,6.73,172.2
2015-10-04,2,3,4,5,2781,44,24,6.73,172.2
2015-10-04,2,3,3,6,3607,61,1,6.7,172.2
2015-10-04,2,4,5,1,3516,66,4,6.64,66.1
2015-10-04,2,4,3,2,4174,14,33,6.69,66.1
2015-10-04,2,4,2,3,3681,6,49,6.7,66.1
2015-10-04,2,4,6,4,4209,18,54,6.71,66.1
2015-10-04,2,4,1,5,4474,49,46,6.68,66.1
2015-10-04,2,4,4,6,3658,8,66,6.69,66.1
2015-10-04,2,5,1,1,4122,32,62,6.65,10.3
2015-10-04,2,5,2,2,4632,46,57,6.68,10.3
2015-10-04,2,5,4,3,3811,10,23,6.66,10.3
2015-10-04,2,5,3,4,3988,59,60,6.67,10.3
2015-10-04,2,5,6,5,4852,51,15,6.69,10.3
2015-10-04,2,5,5,6,4762,25,30,6.73,10.3
2015-10-04,2,6,2,1,4101,21,35,6.6,10.8
2015-10-04,2,6,5,2,3737,16,47,6.89,10.8
2015-10-04,2,6,3,3,4529,64,14,6.76,10.8
2015-10-04,2,6,6,4,4301,38,53,6.75,10.8
2015-10-04,2,6,1,5,4161,5,28,6.69,10.8
2015-10-04,2,6,4,6,4847,19,39,6.69,10.8
2015-10-04,2,7,1,1,3832,41,26,6.64,11.5
2015-10-04,2,7,5,2,3771,53,51,6.71,11.5
2015-10-04,2,7,2,3,3881,58,10,6.72,11.5
2015-10-04,2,7,3,4,3875,17,56,6.72,11.5
2015-10-04,2,7,6,5,4442,56,34,6.72,11.5
2015-10-04,2,7,4,6,3660,24,64,6.76,11.5
2015-10-04,2,8,4,1,4174,14,33,6.58,6.6
2015-10-04,2,8,1,2,4207,54,20,6.51,6.6
2015-10-04,2,8,2,3,3607,61,1,6.58,6.6
2015-10-04,2,8,5,4,4185,30,13,6.7,6.6
2015-10-04,2,8,3,5,2781,44,24,6.72,6.6
2015-10-04,2,8,6,6,4822,7,31,6.62,6.6
2015-10-04,2,9,1,1,3282,20,61,6.73,12.7
2015-10-04,2,9,3,2,3427,48,44,6.73,12.7
2015-10-04,2,9,2,3,3712,57,9,6.77,12.7
2015-10-04,2,9,6,4,4172,15,16,6.59,12.7
2015-10-04,2,9,5,5,3478,39,11,6.65,12.7
2015-10-04,2,9,4,6,4474,49,46,6.76,12.7
2015-10-04,2,10,4,1,3681,6,49,6.75,165.8
2015-10-04,2,10,3,2,3737,16,47,6.7,165.8
2015-10-04,2,10,1,3,3726,50,5,6.65,165.8
2015-10-04,2,10,5,4,3211,37,18,6.74,165.8
2015-10-04,2,10,2,5,3811,10,23,6.71,165.8
2015-10-04,2,10,6,6,4087,60,12,6.68,165.8
2015-10-04,2,11,1,1,4101,21,35,6.59,5.5
2015-10-04,2,11,3,2,3771,53,51,6.62,5.5
2015-10-04,2,11,4,3,4122,32,62,6.61,5.5
2015-10-04,2,11,5,4,4209,18,54,6.67,5.5
2015-10-04,2,11,6,5,3800,36,32,6.76,5.5
2015-10-04,2,11,2,6,4041,12,2,6.68,5.5
2015-10-04,2,12,4,1,3832,41,26,6.72,145.7
2015-10-04,2,12,6,2,3516,66,4,6.68,145.7
2015-10-04,2,12,3,3,4207,54,20,6.69,145.7
2015-10-04,2,12,1,4,3712,57,9,6.72,145.7
2015-10-04,2,12,5,5,4301,38,53,6.71,145.7
2015-10-04,2,12,2,6,3988,59,60,6.7,145.7
2015-10-05,3,1,2,1,4442,56,34,6.79,132.3
2015-10-05,3,1,6,2,4529,64,14,6.8,132.3
2015-10-05,3,1,5,3,4847,19,39,6.79,132.3
2015-10-05,3,1,1,4,3800,36,32,6.81,132.3
2015-10-05,3,1,3,5,4087,60,12,6.8,132.3
2015-10-05,3,1,4,6,3104,63,19,6.75,132.3
2015-10-05,3,2,1,1,3818,33,7,6.75,18.4
2015-10-05,3,2,6,2,3875,17,56,6.77,18.4
2015-10-05,3,2,2,3,3051,28,38,6.82,18.4
2015-10-05,3,2,3,4,4185,30,13,6.8,18.4
2015-10-05,3,2,4,5,4474,49,46,6.72,18.4
2015-10-05,3,2,5,6,2781,44,24,6.76,18.4
2015-10-05,3,3,3,1,3811,10,23,6.79,32.6
2015-10-05,3,3,2,2,4209,18,54,6.78,32.6
2015-10-05,3,3,4,3,4041,12,2,6.81,32.6
2015-10-05,3,3,5,4,3832,41,26,6.81,32.6
2015-10-05,3,3,1,5,4762,25,30,6.71,32.6
2015-10-05,3,3,6,6,4753,31,25,6.8,32.6
2015-10-05,3,5,1,1,3427,48,44,6.79,4.1
2015-10-05,3,5,4,2,3737,16,47,6.84,4.1
2015-10-05,3,5,2,3,3726,50,5,6.82,4.1
2015-10-05,3,5,5,4,3658,8,66,6.76,4.1
2015-10-05,3,5,3,5,3660,24,64,6.84,4.1
2015-10-05,3,5,6,6,4822,7,31,6.75,4.1
2015-10-05,3,6,4,1,3712,57,9,6.85,62.4
2015-10-05,3,6,5,2,4327,27,59,6.8,62.4
2015-10-05,3,6,2,3,3771,53,51,6.77,62.4
2015-10-05,3,6,6,4,4122,32,62,6.79,62.4
2015-10-05,3,6,3,5,3104,63,19,6.74,62.4
2015-10-05,3,6,1,6,3051,28,38,6.86,62.4
2015-10-05,3,7,5,1,4174,14,33,6.85,28.4
2015-10-05,3,7,4,2,4207,54,20,6.72,28.4
2015-10-05,3,7,2,3,4301,38,53,6.78,28.4
2015-10-05,3,7,6,4,3211,37,18,6.84,28.4
2015-10-05,3,7,1,5,4442,56,34,6.73,28.4
2015-10-05,3,7,3,6,4474,49,46,6.78,28.4
2015-10-05,3,8,4,1,4172,15,16,6.73,10.9
2015-10-05,3,8,1,2,3811,10,23,6.75,10.9
2015-10-05,3,8,5,3,3875,17,56,6.85,10.9
2015-10-05,3,8,3,4,4161,5,28,6.9,10.9
2015-10-05,3,8,6,5,4852,51,15,6.89,10.9
2015-10-05,3,8,2,6,3800,36,32,6.84,10.9
2015-10-05,3,9,2,1,3516,66,4,6.76,77.0
2015-10-05,3,9,5,2,4529,64,14,6.82,77.0
2015-10-05,3,9,4,3,3427,48,44,6.83,77.0
2015-10-05,3,9,1,4,3681,6,49,6.77,77.0
2015-10-05,3,9,6,5,3988,59,60,6.87,77.0
2015-10-05,3,9,3,6,3478,39,11,6.86,77.0
2015-10-05,3,10,2,1,3818,33,7,6.82,192.1
2015-10-05,3,10,3,2,3712,57,9,6.85,192.1
2015-10-05,3,10,5,3,3881,58,10,6.88,192.1
2015-10-05,3,10,4,4,4101,21,35,6.79,192.1
2015-10-05,3,10,1,5,4209,18,54,6.83,192.1
2015-10-05,3,10,6,6,4847,19,39,6.8,192.1
2015-10-05,3,11,2,1,4172,15,16,6.8,28.0
2015-10-05,3,11,1,2,3771,53,51,6.73,28.0
2015-10-05,3,11,4,3,4174,14,33,6.75,28.0
2015-10-05,3,11,3,4,3726,50,5,6.77,28.0
2015-10-05,3,11,6,5,3832,41,26,6.84,28.0
2015-10-05,3,11,5,6,3607,61,1,6.88,28.0
2015-10-05,3,12,1,1,3737,16,47,6.85,6.4
2015-10-05,3,12,2,2,4207,54,20,6.77,6.4
2015-10-05,3,12,3,3,3282,20,61,6.86,6.4
2015-10-05,3,12,4,4,3211,37,18,6.87,6.4
2015-10-05,3,12,5,5,4122,32,62,6.82,6.4
2015-10-05,3,12,6,6,3478,39,11,6.84,6.4
2015-10-06,4,1,6,1,4632,46,57,6.78,340.6
2015-10-06,4,1,4,2,4087,60,12,6.79,340.6
2015-10-06,4,1,2,3,4474,49,46,6.79,340.6
2015-10-06,4,1,1,4,3832,41,26,6.82,340.6
2015-10-06,4,1,3,5,3051,28,38,6.81,340.6
2015-10-06,4,1,5,6,4822,7,31,6.83,340.6
2015-10-06,4,2,2,1,3660,24,64,6.77,190.9
2015-10-06,4,2,6,2,4185,30,13,6.85,190.9
2015-10-06,4,2,3,3,3658,8,66,6.77,190.9
2015-10-06,4,2,4,4,3875,17,56,6.75,190.9
2015-10-06,4,2,5,5,4753,31,25,6.77,190.9
2015-10-06,4,2,1,6,2781,44,24,6.7,190.9
2015-10-06,4,3,3,1,4301,38,53,6.73,23.0
2015-10-06,4,3,4,2,3282,20,61,6.76,23.0
2015-10-06,4,3,5,3,3737,16,47,6.89,23.0
2015-10-06,4,3,1,4,3104,63,19,6.73,23.0
2015-10-06,4,3,6,5,4847,19,39,6.74,23.0
2015-10-06,4,3,2,6,3818,33,7,6.83,23.0
2015-10-06,4,4,4,1,4209,18,54,6.8,122.7
2015-10-06,4,4,2,2,4172,15,16,6.7,122.7
2015-10-06,4,4,5,3,3516,66,4,6.73,122.7
2015-10-06,4,4,3,4,3712,57,9,6.78,122.7
2015-10-06,4,4,6,5,4852,51,15,6.78,122.7
2015-10-06,4,4,1,6,4327,27,59,6.73,122.7
2015-10-06,4,5,1,1,4207,54,20,6.72,6.4
2015-10-06,4,5,3,2,3427,48,44,6.75,6.4
2015-10-06,4,5,4,3,4122,32,62,6.79,6.4
2015-10-06,4,5,2,4,3881,58,10,6.77,6.4
2015-10-06,4,5,6,5,4822,7,31,6.79,6.4
2015-10-06,4,5,5,6,4762,25,30,6.74,6.4
2015-10-06,4,6,2,1,4442,56,34,6.78,60.4
2015-10-06,4,6,1,2,4101,21,35,6.74,60.4
2015-10-06,4,6,5,3,3681,6,49,6.78,60.4
2015-10-06,4,6,4,4,3607,61,1,6.77,60.4
2015-10-06,4,6,6,5,3800,36,32,6.87,60.4
2015-10-06,4,6,3,6,4161,5,28,6.81,60.4
2015-10-06,4,7,3,1,4174,14,33,6.72,20.4
2015-10-06,4,7,4,2,4529,64,14,6.76,20.4
2015-10-06,4,7,1,3,3811,10,23,6.72,20.4
2015-10-06,4,7,5,4,3726,50,5,6.78,20.4
2015-10-06,4,7,2,5,3658,8,66,6.71,20.4
2015-10-06,4,7,6,6,3988,59,60,6.82,20.4
2015-10-06,4,8,4,1,3478,39,11,6.78,63.8
2015-10-06,4,8,1,2,3211,37,18,6.79,63.8
2015-10-06,4,8,2,3,3771,53,51,6.77,63.8
2015-10-06,4,8,6,4,4753,31,25,6.76,63.8
2015-10-06,4,8,5,5,4087,60,12,6.75,63.8
2015-10-06,4,8,3,6,4041,12,2,6.76,63.8
2015-10-06,4,10,1,1,3737,16,47,6.78,16.1
2015-10-06,4,10,2,2,3712,57,9,6.84,16.1
2015-10-06,4,10,3,3,4529,64,14,6.74,16.1
2015-10-06,4,10,4,4,4101,21,35,6.7,16.1
2015-10-06,4,10,5,5,3832,41,26,6.71,16.1
2015-10-06,4,10,6,6,4207,54,20,6.67,16.1
2015-10-06,4,11,1,1,4174,14,33,6.66,5.8
2015-10-06,4,11,3,2,3771,53,51,6.71,5.8
2015-10-06,4,11,4,3,3811,10,23,6.72,5.8
2015-10-06,4,11,6,4,3211,37,18,6.77,5.8
2015-10-06,4,11,5,5,4327,27,59,6.74,5.8
2015-10-06,4,11,2,6,4122,32,62,6.73,5.8
2015-10-06,4,12,5,1,3478,39,11,6.78,140.6
2015-10-06,4,12,1,2,4209,18,54,6.82,140.6
2015-10-06,4,12,4,3,3726,50,5,6.81,140.6
2015-10-06,4,12,2,4,3607,61,1,6.78,140.6
2015-10-06,4,12,6,5,4762,25,30,6.7,140.6
2015-10-06,4,12,3,6,4632,46,57,6.69,140.6
2015-10-07,5,1,1,1,3478,39,11,6.8,15.8
2015-10-07,5,1,3,2,4161,5,28,6.85,15.8
2015-10-07,5,1,2,3,3875,17,56,6.8,15.8
2015-10-07,5,1,4,4,4762,25,30,6.77,15.8
2015-10-07,5,1,6,5,2781,44,24,6.77,15.8
2015-10-07,5,1,5,6,4847,19,39,6.72,15.8
2015-10-07,5,2,3,1,4041,12,2,6.73,51.8
2015-10-07,5,2,2,2,3051,28,38,6.87,51.8
2015-10-07,5,2,4,3,3104,63,19,6.71,51.8
2015-10-07,5,2,6,4,3658,8,66,6.75,51.8
2015-10-07,5,2,1,5,4185,30,13,6.81,51.8
2015-10-07,5,2,5,6,4852,51,15,6.82,51.8
2015-10-07,5,3,2,1,3211,37,18,6.82,58.2
2015-10-07,5,3,4,2,3681,6,49,6.84,58.2
2015-10-07,5,3,3,3,4301,38,53,6.82,58.2
2015-10-07,5,3,6,4,4822,7,31,6.82,58.2
2015-10-07,5,3,1,5,4632,46,57,6.76,58.2
2015-10-07,5,3,5,6,3660,24,64,6.84,58.2
2015-10-07,5,4,1,1,3726,50,5,6.76,32.3
2015-10-07,5,4,3,2,4327,27,59,6.79,32.3
2015-10-07,5,4,6,3,3800,36,32,6.83,32.3
2015-10-07,5,4,4,4,4474,49,46,6.76,32.3
2015-10-07,5,4,5,5,4209,18,54,6.83,32.3
2015-10-07,5,4,2,6,4087,60,12,6.73,32.3
2015-10-07,5,5,1,1,4101,21,35,6.78,7.6
2015-10-07,5,5,3,2,4529,64,14,6.75,7.6
2015-10-07,5,5,2,3,3811,10,23,6.72,7.6
2015-10-07,5,5,6,4,4753,31,25,6.78,7.6
2015-10-07,5,5,4,5,3881,58,10,6.79,7.6
2015-10-07,5,5,5,6,4161,5,28,6.86,7.6
2015-10-07,5,6,1,1,4207,54,20,6.73,7.2
2015-10-07,5,6,4,2,3516,66,4,6.71,7.2
2015-10-07,5,6,2,3,4442,56,34,6.72,7.2
2015-10-07,5,6,6,4,3988,59,60,6.85,7.2
2015-10-07,5,6,3,5,3051,28,38,6.8,7.2
2015-10-07,5,6,5,6,3607,61,1,6.81,7.2
2015-10-07,5,7,1,1,4122,32,62,6.71,20.3
2015-10-07,5,7,2,2,3832,41,26,6.77,20.3
2015-10-07,5,7,3,3,3660,24,64,6.79,20.3
2015-10-07,5,7,4,4,3282,20,61,6.78,20.3
2015-10-07,5,7,5,5,4041,12,2,6.76,20.3
2015-10-07,5,7,6,6,3104,63,19,6.73,20.3
2015-10-07,5,8,1,1,3427,48,44,6.75,16.2
2015-10-07,5,8,4,2,4209,18,54,6.81,16.2
2015-10-07,5,8,3,3,4185,30,13,6.83,16.2
2015-10-07,5,8,2,4,4301,38,53,6.82,16.2
2015-10-07,5,8,5,5,4474,49,46,6.83,16.2
2015-10-07,5,8,6,6,4847,19,39,6.75,16.2
2015-10-07,5,9,1,1,3681,6,49,6.75,23.0
2015-10-07,5,9,3,2,3607,61,1,6.75,23.0
2015-10-07,5,9,4,3,3875,17,56,6.72,23.0
2015-10-07,5,9,6,4,4852,51,15,6.85,23.0
2015-10-07,5,9,2,5,3478,39,11,6.74,23.0
2015-10-07,5,9,5,6,3881,58,10,6.86,23.0
2015-10-07,5,10,5,1,4207,54,20,6.67,95.9
2015-10-07,5,10,2,2,4529,64,14,6.8,95.9
2015-10-07,5,10,3,3,3211,37,18,6.8,95.9
2015-10-07,5,10,6,4,3726,50,5,6.79,95.9
2015-10-07,5,10,1,5,3282,20,61,6.71,95.9
2015-10-07,5,10,4,6,4327,27,59,6.85,95.9
2015-10-07,5,11,4,1,3427,48,44,6.77,54.5
2015-10-07,5,11,2,2,4101,21,35,6.74,54.5
2015-10-07,5,11,1,3,3811,10,23,6.73,54.5
2015-10-07,5,11,3,4,4442,56,34,6.81,54.5
2015-10-07,5,11,6,5,4122,32,62,6.75,54.5
2015-10-07,5,11,5,6,3832,41,26,6.75,54.5
2015-10-07,5,12,2,1,3737,16,47,6.83,43.2
2015-10-07,5,12,1,2,4174,14,33,6.72,43.2
2015-10-07,5,12,3,3,4172,15,16,6.75,43.2
2015-10-07,5,12,4,4,3712,57,9,6.78,43.2
2015-10-07,5,12,5,5,3771,53,51,6.71,43.2
2015-10-07,5,12,6,6,3818,33,7,6.72,43.2
2015-10-11,1,1,3,1,4215,63,54,6.74,82.9
2015-10-11,1,1,6,2,4214,27,50,6.74,82.9
2015-10-11,1,1,5,3,4831,28,57,6.73,82.9
2015-10-11,1,1,1,4,2878,23,39,6.78,82.9
2015-10-11,1,1,4,5,4465,17,25,6.79,82.9
2015-10-11,1,1,2,6,3137,61,27,6.72,82.9
2015-10-11,1,2,5,1,3352,50,55,6.87,266.8
2015-10-11,1,2,4,2,3472,41,58,6.74,266.8
2015-10-11,1,2,1,3,3166,37,31,6.66,266.8
2015-10-11,1,2,6,4,3325,57,4,6.65,266.8
2015-10-11,1,2,3,5,4124,5,37,6.72,266.8
2015-10-11,1,2,2,6,3695,6,61,6.76,266.8
2015-10-11,1,3,1,1,3877,31,47,6.68,52.5
2015-10-11,1,3,2,2,3455,35,16,6.83,52.5
2015-10-11,1,3,6,3,3251,60,36,6.76,52.5
2015-10-11,1,3,5,4,3702,46,12,6.7,52.5
2015-10-11,1,3,4,5,3283,49,48,6.67,52.5
2015-10-11,1,3,3,6,3174,2,56,6.66,52.5
2015-10-11,1,4,3,1,4305,39,38,6.72,44.1
2015-10-11,1,4,5,2,3761,19,1,6.87,44.1
2015-10-11,1,4,2,3,3417,20,2,6.78,44.1
2015-10-11,1,4,1,4,3170,66,44,6.8,44.1
2015-10-11,1,4,6,5,4118,56,41,6.72,44.1
2015-10-11,1,4,4,6,4204,43,29,6.7,44.1
2015-10-11,1,5,1,1,3502,21,43,6.73,27.2
2015-10-11,1,5,4,2,3736,12,63,6.62,27.2
2015-10-11,1,5,5,3,3398,47,15,6.62,27.2
2015-10-11,1,5,2,4,3315,9,21,6.73,27.2
2015-10-11,1,5,3,5,3532,48,34,6.71,27.2
2015-10-11,1,5,6,6,4881,55,5,6.79,27.2
2015-10-11,1,6,3,1,4003,25,8,6.7,28.3
2015-10-11,1,6,2,2,3721,52,53,6.84,28.3
2015-10-11,1,6,5,3,4047,32,14,6.75,28.3
2015-10-11,1,6,6,4,4105,10,52,6.69,28.3
2015-10-11,1,6,1,5,4465,17,25,6.83,28.3
2015-10-11,1,6,4,6,4729,18,17,6.69,28.3
2015-10-11,1,7,3,1,3980,30,24,6.8,160.9
2015-10-11,1,7,1,2,4215,63,54,6.63,160.9
2015-10-11,1,7,2,3,3746,4,22,6.78,160.9
2015-10-11,1,7,5,4,4259,1,13,6.78,160.9
2015-10-11,1,7,4,5,4268,44,26,6.75,160.9
2015-10-11,1,7,6,6,3472,41,58,6.78,160.9
2015-10-11,1,8,1,1,3888,7,10,6.71,17.1
2015-10-11,1,8,4,2,4389,53,40,6.74,17.1
2015-10-11,1,8,6,3,4831,28,57,6.72,17.1
2015-10-11,1,8,5,4,3325,57,4,6.72,17.1
2015-10-11,1,8,2,5,3910,29,65,6.73,17.1
2015-10-11,1,8,3,6,3455,35,16,6.86,17.1
2015-10-11,1,9,1,1,4016,59,3,6.75,11.8
2015-10-11,1,9,5,2,3736,12,63,6.65,11.8
2015-10-11,1,9,2,3,3283,49,48,6.68,11.8
2015-10-11,1,9,4,4,3137,61,27,6.72,11.8
2015-10-11,1,9,6,5,4204,43,29,6.64,11.8
2015-10-11,1,9,3,6,3973,24,19,6.68,11.8
2015-10-11,1,10,4,1,3702,46,12,6.71,115.3
2015-10-11,1,10,6,2,4003,25,8,6.81,115.3
2015-10-11,1,10,5,3,4124,5,37,6.75,115.3
2015-10-11,1,10,1,4,4356,34,51,6.75,115.3
2015-10-11,1,10,2,5,4305,39,38,6.74,115.3
2015-10-11,1,10,3,6,4214,27,50,6.74,115.3
2015-10-11,1,11,1,1,3746,4,22,6.65,20.4
2015-10-11,1,11,2,2,2878,23,39,6.72,20.4
2015-10-11,1,11,3,3,3502,21,43,6.66,20.4
2015-10-11,1,11,6,4,3352,50,55,6.73,20.4
2015-10-11,1,11,5,5,4105,10,52,6.64,20.4
2015-10-11,1,11,4,6,3761,19,1,6.71,20.4
2015-10-11,1,12,4,1,4259,1,13,6.71,127.9
2015-10-11,1,12,1,2,3721,52,53,6.67,127.9
2015-10-11,1,12,3,3,3251,60,36,6.67,127.9
2015-10-11,1,12,6,4,3532,48,60,6.7,127.9
2015-10-11,1,12,5,5,4118,56,41,6.63,127.9
2015-10-11,1,12,2,6,3888,7,10,6.68,127.9
2015-10-12,2,1,4,1,3398,47,15,6.64,49.0
2015-10-12,2,1,1,2,3736,12,63,6.64,49.0
2015-10-12,2,1,5,3,4465,17,25,6.73,49.0
2015-10-12,2,1,3,4,3166,37,31,6.72,49.0
2015-10-12,2,1,6,5,3695,6,61,6.7,49.0
2015-10-12,2,1,2,6,3174,2,56,6.71,49.0
2015-10-12,2,2,3,1,3417,20,2,6.7,42.9
2015-10-12,2,2,2,2,4047,32,14,6.72,42.9
2015-10-12,2,2,1,3,3137,61,27,6.73,42.9
2015-10-12,2,2,6,4,3283,49,48,6.67,42.9
2015-10-12,2,2,4,5,3315,9,21,6.77,42.9
2015-10-12,2,2,5,6,4881,55,5,6.67,42.9
2015-10-12,2,3,4,1,4105,10,52,6.72,230.3
2015-10-12,2,3,1,2,3325,57,4,6.63,230.3
2015-10-12,2,3,3,3,4268,44,26,6.74,230.3
2015-10-12,2,3,5,4,3502,21,43,6.8,230.3
2015-10-12,2,3,2,5,3170,66,44,6.6,230.3
2015-10-12,2,3,6,6,3721,52,53,6.81,230.3
2015-10-12,2,4,4,1,4118,56,41,6.74,34.7
2015-10-12,2,4,2,2,4214,27,50,6.71,34.7
2015-10-12,2,4,5,3,2878,23,39,6.71,34.7
2015-10-12,2,4,6,4,3761,19,1,6.78,34.7
2015-10-12,2,4,1,5,4124,5,37,6.73,34.7
2015-10-12,2,4,3,6,4729,18,17,6.74,34.7
2015-10-12,2,5,6,1,4215,63,54,6.78,338.8
2015-10-12,2,5,2,2,3877,31,47,6.75,338.8
2015-10-12,2,5,4,3,3910,29,65,6.84,338.8
2015-10-12,2,5,5,4,3695,6,61,6.77,338.8
2015-10-12,2,5,1,5,3702,46,12,6.62,338.8
2015-10-12,2,5,3,6,4356,34,51,6.77,338.8
2015-10-12,2,6,2,1,3251,60,36,6.67,49.7
2015-10-12,2,6,5,2,3980,30,24,6.78,49.7
2015-10-12,2,6,3,3,4204,43,29,6.63,49.7
2015-10-12,2,6,6,4,4389,53,40,6.7,49.7
2015-10-12,2,6,1,5,3174,2,56,6.63,49.7
2015-10-12,2,6,4,6,3417,20,2,6.74,49.7
2015-10-12,2,7,1,1,3398,47,15,6.57,25.1
2015-10-12,2,7,2,2,4016,59,3,6.74,25.1
2015-10-12,2,7,5,3,3746,4,22,6.63,25.1
2015-10-12,2,7,6,4,4831,28,57,6.7,25.1
2015-10-12,2,7,4,5,3973,24,19,6.71,25.1
2015-10-12,2,7,3,6,3170,66,44,6.77,25.1
2015-10-12,2,8,5,1,3166,37,31,6.73,274.3
2015-10-12,2,8,1,2,3532,48,60,6.67,274.3
2015-10-12,2,8,2,3,4105,10,52,6.61,274.3
2015-10-12,2,8,4,4,2878,23,39,6.78,274.3
2015-10-12,2,8,3,5,3472,41,58,6.78,274.3
2015-10-12,2,8,6,6,4881,55,5,6.81,274.3
2015-10-12,2,9,2,1,4259,1,13,6.74,61.2
2015-10-12,2,9,1,2,3455,35,16,6.73,61.2
2015-10-12,2,9,4,3,3877,31,47,6.79,61.2
2015-10-12,2,9,5,4,4305,39,38,6.8,61.2
2015-10-12,2,9,3,5,3761,19,1,6.76,61.2
2015-10-12,2,9,6,6,3352,50,55,6.81,61.2
2015-10-12,2,10,1,1,4003,25,8,6.68,18.2
2015-10-12,2,10,4,2,3888,7,10,6.81,18.2
2015-10-12,2,10,3,3,4389,53,40,6.72,18.2
2015-10-12,2,10,5,4,4729,18,17,6.73,18.2
2015-10-12,2,10,2,5,4356,34,51,6.74,18.2
2015-10-12,2,10,6,6,3502,21,43,6.77,18.2
2015-10-12,2,11,1,1,4118,56,41,6.64,10.3
2015-10-12,2,11,2,2,3702,46,12,6.64,10.3
2015-10-12,2,11,4,3,3721,52,53,6.85,10.3
2015-10-12,2,11,5,4,3973,24,19,6.73,10.3
2015-10-12,2,11,3,5,4047,32,14,6.76,10.3
2015-10-12,2,11,6,6,3980,30,24,6.7,10.3
2015-10-12,2,12,1,1,3251,60,36,6.65,8.3
2015-10-12,2,12,2,2,3532,48,60,6.71,8.3
2015-10-12,2,12,3,3,3736,12,63,6.65,8.3
2015-10-12,2,12,4,4,4016,59,3,6.75,8.3
2015-10-12,2,12,6,5,4268,44,26,6.72,8.3
2015-10-12,2,12,5,6,3910,29,65,6.73,8.3
2015-10-13,3,1,1,1,4389,53,40,6.67,11.5
2015-10-13,3,1,3,2,4465,17,25,6.72,11.5
2015-10-13,3,1,4,3,3455,35,16,6.69,11.5
2015-10-13,3,1,5,4,3137,61,27,6.78,11.5
2015-10-13,3,1,2,5,3166,37,31,6.66,11.5
2015-10-13,3,1,6,6,4729,18,17,6.73,11.5
2015-10-13,3,2,2,1,4124,5,37,6.66,35.1
2015-10-13,3,2,5,2,4831,28,57,6.81,35.1
2015-10-13,3,2,4,3,3325,57,4,6.66,35.1
2015-10-13,3,2,3,4,3695,6,61,6.75,35.1
2015-10-13,3,2,1,5,3472,41,58,6.72,35.1
2015-10-13,3,2,6,6,3315,9,21,6.81,35.1
2015-10-13,3,3,1,1,4214,27,50,6.61,18.9
2015-10-13,3,3,2,2,4204,43,29,6.54,18.9
2015-10-13,3,3,4,3,4016,59,3,6.69,18.9
2015-10-13,3,3,5,4,3174,2,56,6.68,18.9
2015-10-13,3,3,3,5,3398,47,15,6.64,18.9
2015-10-13,3,3,6,6,4356,34,51,6.75,18.9
2015-10-13,3,5,1,1,4305,39,38,6.65,7.2
2015-10-13,3,5,3,2,3721,52,53,6.75,7.2
2015-10-13,3,5,4,3,3888,7,10,6.68,7.2
2015-10-13,3,5,2,4,4215,63,54,6.7,7.2
2015-10-13,3,5,6,5,4881,55,5,6.72,7.2
2015-10-13,3,5,5,6,3170,66,44,6.61,7.2
2015-10-13,3,6,3,1,3137,61,27,6.7,791.3
2015-10-13,3,6,5,2,4268,44,26,6.67,791.3
2015-10-13,3,6,2,3,3980,30,24,6.68,791.3
2015-10-13,3,6,4,4,3532,48,60,6.75,791.3
2015-10-13,3,6,1,5,3417,20,2,6.65,791.3
2015-10-13,3,6,6,6,2878,23,39,6.72,791.3
2015-10-13,3,7,4,1,4003,25,8,6.67,106.5
2015-10-13,3,7,1,2,4204,43,29,6.57,106.5
2015-10-13,3,7,2,3,3736,12,63,6.63,106.5
2015-10-13,3,7,5,4,3251,60,36,6.61,106.5
2015-10-13,3,7,3,5,3325,57,4,6.58,106.5
2015-10-13,3,7,6,6,3877,31,47,6.71,106.5
2015-10-13,3,8,1,1,4118,56,41,6.65,3.6
2015-10-13,3,8,2,2,3502,21,43,6.72,3.6
2015-10-13,3,8,4,3,3746,4,22,6.72,3.6
2015-10-13,3,8,3,4,3283,49,48,6.77,3.6
2015-10-13,3,8,6,5,4465,17,25,6.8,3.6
2015-10-13,3,8,5,6,3315,9,21,6.81,3.6
2015-10-13,3,9,1,1,3973,24,66,6.69,24.0
2015-10-13,3,9,5,2,3888,7,10,6.73,24.0
2015-10-13,3,9,4,3,4214,27,50,6.77,24.0
2015-10-13,3,9,6,4,3455,35,16,6.82,24.0
2015-10-13,3,9,3,5,3702,46,12,6.74,24.0
2015-10-13,3,9,2,6,3472,41,58,6.73,24.0
2015-10-13,3,10,4,1,4215,63,54,6.73,113.4
2015-10-13,3,10,2,2,3761,19,1,6.75,113.4
2015-10-13,3,10,3,3,4105,10,52,6.79,113.4
2015-10-13,3,10,1,4,3910,29,65,6.75,113.4
2015-10-13,3,10,5,5,3532,48,60,6.75,113.4
2015-10-13,3,10,6,6,3398,47,15,6.61,113.4
2015-10-13,3,11,1,1,4259,1,23,6.78,13.7
2015-10-13,3,11,4,2,3736,12,63,6.7,13.7
2015-10-13,3,11,2,3,4389,53,40,6.75,13.7
2015-10-13,3,11,3,4,4305,39,38,6.75,13.7
2015-10-13,3,11,6,5,4831,28,57,6.83,13.7
2015-10-13,3,11,5,6,4356,34,51,6.82,13.7
2015-10-14,4,1,4,1,4047,32,14,6.61,72.3
2015-10-14,4,1,3,2,3170,66,44,6.64,72.3
2015-10-14,4,1,1,3,3761,19,1,6.6,72.3
2015-10-14,4,1,2,4,4729,18,17,6.73,72.3
2015-10-14,4,1,5,5,3417,20,2,6.68,72.3
2015-10-14,4,1,6,6,3166,37,31,6.75,72.3
2015-10-14,4,3,3,1,3251,60,36,6.63,74.7
2015-10-14,4,3,1,2,3695,6,61,6.66,74.7
2015-10-14,4,3,5,3,3877,31,47,6.71,74.7
2015-10-14,4,3,4,4,4389,53,40,6.62,74.7
2015-10-14,4,3,6,5,3973,24,66,6.68,74.7
2015-10-14,4,3,2,6,4268,44,26,6.7,74.7
2015-10-14,4,4,3,1,3888,7,10,6.73,14.7
2015-10-14,4,4,4,2,3702,46,12,6.67,14.7
2015-10-14,4,4,6,3,4831,28,57,6.69,14.7
2015-10-14,4,4,5,4,4016,59,3,6.71,14.7
2015-10-14,4,4,1,5,3315,9,21,6.74,14.7
2015-10-14,4,4,2,6,4465,17,25,6.71,14.7
2015-10-14,4,5,1,1,4105,10,52,6.68,5.7
2015-10-14,4,5,3,2,3746,4,6,6.71,5.7
2015-10-14,4,5,4,3,3502,21,43,6.64,5.7
2015-10-14,4,5,6,4,3170,66,44,6.72,5.7
2015-10-14,4,5,2,5,3398,47,15,6.63,5.7
2015-10-14,4,5,5,6,3455,35,16,6.84,5.7
2015-10-14,4,6,4,1,4305,39,38,6.65,21.9
2015-10-14,4,6,3,2,2878,23,39,6.64,21.9
2015-10-14,4,6,1,3,4729,18,17,6.65,21.9
2015-10-14,4,6,5,4,3472,41,58,6.7,21.9
2015-10-14,4,6,6,5,4881,55,5,6.69,21.9
2015-10-14,4,6,2,6,4356,34,51,6.67,21.9
2015-10-14,4,7,1,1,4268,44,26,6.7,79.4
2015-10-14,4,7,2,2,4118,56,41,6.7,79.4
2015-10-14,4,7,4,3,3137,61,27,6.76,79.4
2015-10-14,4,7,5,4,3721,52,53,6.75,79.4
2015-10-14,4,7,6,5,4047,32,14,6.7,79.4
2015-10-14,4,7,3,6,3910,29,65,6.78,79.4
2015-10-14,4,8,1,1,3980,30,24,6.67,6.9
2015-10-14,4,8,4,2,4259,1,23,6.68,6.9
2015-10-14,4,8,2,3,3761,19,1,6.7,6.9
2015-10-14,4,8,6,4,4124,5,37,6.68,6.9
2015-10-14,4,8,5,5,4204,43,29,6.71,6.9
2015-10-14,4,8,3,6,3695,6,61,6.74,6.9
2015-10-14,4,9,1,1,3532,48,60,6.68,25.1
2015-10-14,4,9,2,2,3502,21,43,6.74,25.1
2015-10-14,4,9,5,3,4214,27,50,6.77,25.1
2015-10-14,4,9,4,4,4003,25,8,6.69,25.1
2015-10-14,4,9,3,5,3736,12,63,6.73,25.1
2015-10-14,4,9,6,6,3174,2,56,6.69,25.1
2015-10-14,4,10,3,1,4016,59,3,6.68,418.6
2015-10-14,4,10,4,2,4105,10,52,6.78,418.6
2015-10-14,4,10,6,3,3417,20,2,6.77,418.6
2015-10-14,4,10,2,4,2878,23,39,6.83,418.6
2015-10-14,4,10,5,5,4215,63,54,6.77,418.6
2015-10-14,4,10,1,6,3251,60,36,6.81,418.6
2015-10-14,4,11,1,1,3746,4,6,6.7,8.1
2015-10-14,4,11,2,2,4305,39,38,6.72,8.1
2015-10-14,4,11,3,3,4118,56,41,6.67,8.1
2015-10-14,4,11,4,4,3166,37,31,6.74,8.1
2015-10-14,4,11,5,5,4389,53,40,6.75,8.1
2015-10-14,4,11,6,6,3702,46,12,6.68,8.1
2015-10-14,4,12,3,1,3877,31,47,6.75,161.4
2015-10-14,4,12,1,2,3888,7,10,6.68,161.4
2015-10-14,4,12,5,3,4003,25,8,6.75,161.4
2015-10-14,4,12,2,4,4259,1,23,6.71,161.4
2015-10-14,4,12,6,5,3910,29,65,6.82,161.4
2015-10-14,4,12,4,6,4356,34,51,6.79,161.4
2015-10-15,5,1,1,1,3502,21,43,6.74,94.1
2015-10-15,5,1,6,2,3398,47,15,6.67,94.1
2015-10-15,5,1,4,3,3315,9,21,6.83,94.1
2015-10-15,5,1,3,4,3417,20,2,6.72,94.1
2015-10-15,5,1,2,5,3137,61,27,6.72,94.1
2015-10-15,5,1,5,6,4124,5,37,6.78,94.1
2015-10-15,5,3,1,1,4214,27,50,6.74,67.1
2015-10-15,5,3,6,2,2878,23,39,6.85,67.1
2015-10-15,5,3,4,3,4215,63,54,6.83,67.1
2015-10-15,5,3,5,4,3888,7,10,6.82,67.1
2015-10-15,5,3,2,5,4465,17,25,6.84,67.1
2015-10-15,5,3,3,6,3283,49,48,6.84,67.1
2015-10-15,5,4,6,1,4259,1,23,6.84,74.0
2015-10-15,5,4,1,2,4105,10,52,6.8,74.0
2015-10-15,5,4,2,3,3877,31,47,6.8,74.0
2015-10-15,5,4,4,4,4016,59,3,6.76,74.0
2015-10-15,5,4,3,5,4268,44,26,6.84,74.0
2015-10-15,5,4,5,6,4881,55,5,6.84,74.0
2015-10-15,5,5,1,1,3736,12,63,6.72,8.2
2015-10-15,5,5,4,2,4118,56,41,6.8,8.2
2015-10-15,5,5,2,3,4047,32,14,6.83,8.2
2015-10-15,5,5,3,4,3702,46,12,6.77,8.2
2015-10-15,5,5,5,5,3315,9,21,6.88,8.2
2015-10-15,5,5,6,6,4729,18,17,6.82,8.2
2015-10-15,5,6,3,1,3761,19,1,6.78,27.4
2015-10-15,5,6,1,2,4389,53,40,6.83,27.4
2015-10-15,5,6,4,3,3746,4,6,6.81,27.4
2015-10-15,5,6,5,4,4831,28,57,6.82,27.4
2015-10-15,5,6,2,5,3325,57,4,6.71,27.4
2015-10-15,5,6,6,6,3910,29,65,6.86,27.4
2015-10-15,5,7,6,1,4003,25,8,6.72,1352.3
2015-10-15,5,7,2,2,3283,49,48,6.72,1352.3
2015-10-15,5,7,4,3,4124,5,37,6.78,1352.3
2015-10-15,5,7,3,4,4305,39,38,6.8,1352.3
2015-10-15,5,7,5,5,3251,60,36,6.76,1352.3
2015-10-15,5,7,1,6,3980,30,24,6.78,1352.3
2015-10-15,5,8,1,1,3532,48,60,6.8,3.7
2015-10-15,5,8,2,2,3721,52,53,6.9,3.7
2015-10-15,5,8,4,3,3973,24,66,6.79,3.7
2015-10-15,5,8,5,4,3417,20,2,6.83,3.7
2015-10-15,5,8,6,5,4881,55,5,6.86,3.7
2015-10-15,5,8,3,6,3170,66,44,6.8,3.7
2015-10-15,5,9,1,1,4118,56,41,6.73,23.8
2015-10-15,5,9,4,2,3736,12,63,6.72,23.8
2015-10-15,5,9,5,3,4389,53,40,6.77,23.8
2015-10-15,5,9,3,4,4016,59,3,6.85,23.8
2015-10-15,5,9,6,5,4214,27,50,6.79,23.8
2015-10-15,5,9,2,6,3888,7,10,6.87,23.8
2015-10-15,5,10,4,1,4305,39,38,6.85,202.1
2015-10-15,5,10,3,2,4215,63,54,6.76,202.1
2015-10-15,5,10,6,3,3502,21,43,6.82,202.1
2015-10-15,5,10,1,4,4259,1,23,6.79,202.1
2015-10-15,5,10,5,5,3980,30,24,6.79,202.1
2015-10-15,5,10,2,6,3746,4,6,6.77,202.1
2015-10-15,5,12,1,1,3702,46,12,6.71,79.5
2015-10-15,5,12,6,2,4831,28,57,6.8,79.5
2015-10-15,5,12,2,3,3973,24,66,6.73,79.5
2015-10-15,5,12,4,4,3761,19,1,6.79,79.5
2015-10-15,5,12,3,5,3877,31,47,6.78,79.5
2015-10-15,5,12,5,6,3398,47,15,6.68,79.5
2015-10-16,6,1,1,1,3910,29,7,6.69,16.4
2015-10-16,6,1,4,2,3325,57,4,6.64,16.4
2015-10-16,6,1,3,3,3166,37,31,6.65,16.4
2015-10-16,6,1,2,4,3455,35,16,6.72,16.4
2015-10-16,6,1,5,5,3283,49,48,6.83,16.4
2015-10-16,6,1,6,6,4881,55,5,6.74,16.4
2015-10-16,6,3,1,1,3877,31,47,6.69,13.3
2015-10-16,6,3,6,2,3251,60,36,6.71,13.3
2015-10-16,6,3,4,3,3761,19,1,6.74,13.3
2015-10-16,6,3,3,4,3137,61,27,6.68,13.3
2015-10-16,6,3,2,5,3417,20,2,6.68,13.3
2015-10-16,6,3,5,6,4204,43,29,6.74,13.3
2015-10-16,6,4,1,1,3980,30,24,6.7,15.3
2015-10-16,6,4,2,2,4047,32,14,6.74,15.3
2015-10-16,6,4,5,3,3973,24,66,6.65,15.3
2015-10-16,6,4,4,4,4268,44,26,6.74,15.3
2015-10-16,6,4,3,5,4124,5,37,6.67,15.3
2015-10-16,6,4,6,6,4105,10,52,6.69,15.3
2015-10-16,6,5,2,1,2878,23,39,6.72,206.0
2015-10-16,6,5,5,2,4831,28,57,6.71,206.0
2015-10-16,6,5,6,3,3398,47,15,6.66,206.0
2015-10-16,6,5,1,4,3888,7,10,6.65,206.0
2015-10-16,6,5,3,5,3502,21,43,6.77,206.0
2015-10-16,6,5,4,6,3455,35,16,6.8,206.0
2015-10-16,6,6,1,1,4259,1,23,6.72,10.7
2015-10-16,6,6,6,2,4389,53,40,6.72,10.7
2015-10-16,6,6,2,3,4214,27,50,6.69,10.7
2015-10-16,6,6,3,4,4729,18,17,6.69,10.7
2015-10-16,6,6,5,5,3166,37,31,6.77,10.7
2015-10-16,6,6,4,6,3170,66,44,6.66,10.7
2015-10-16,6,7,1,1,4016,59,3,6.66,55.3
2015-10-16,6,7,3,2,3174,2,56,6.67,55.3
2015-10-16,6,7,5,3,3325,57,4,6.64,55.3
2015-10-16,6,7,6,4,3721,52,53,6.8,55.3
2015-10-16,6,7,2,5,3702,46,12,6.76,55.3
2015-10-16,6,7,4,6,3137,61,27,6.77,55.3
2015-10-16,6,8,1,1,3746,4,6,6.79,3.8
2015-10-16,6,8,2,2,3761,19,1,6.81,3.8
2015-10-16,6,8,4,3,3973,24,66,6.72,3.8
2015-10-16,6,8,3,4,3695,6,61,6.75,3.8
2015-10-16,6,8,5,5,4268,44,26,6.78,3.8
2015-10-16,6,8,6,6,3472,41,58,6.73,3.8
2015-10-16,6,9,4,1,3251,60,36,6.75,19.3
2015-10-16,6,9,1,2,2878,23,39,6.79,19.3
2015-10-16,6,9,2,3,3910,29,7,6.76,19.3
2015-10-16,6,9,6,4,4831,28,57,6.76,19.3
2015-10-16,6,9,3,5,4204,43,29,6.71,19.3
2015-10-16,6,9,5,6,4465,17,25,6.72,19.3
2015-10-16,6,10,3,1,4047,32,14,6.8,381.2
2015-10-16,6,10,6,2,3877,31,47,6.82,381.2
2015-10-16,6,10,2,3,3502,21,43,6.77,381.2
2015-10-16,6,10,5,4,3888,7,10,6.89,381.2
2015-10-16,6,10,1,5,4389,53,40,6.72,381.2
2015-10-16,6,10,4,6,3980,30,24,6.84,381.2
2015-10-16,6,11,1,1,4105,10,52,6.71,9.1
2015-10-16,6,11,2,2,4259,1,23,6.76,9.1
2015-10-16,6,11,3,3,4016,59,3,6.79,9.1
2015-10-16,6,11,5,4,3746,4,6,6.71,9.1
2015-10-16,6,11,6,5,3702,46,12,6.76,9.1
2015-10-16,6,11,4,6,4214,27,50,6.74,9.1
2015-10-16,6,12,2,1,4305,39,38,6.82,147.3
2015-10-16,6,12,1,2,4118,56,41,6.71,147.3
2015-10-16,6,12,6,3,3736,12,63,6.69,147.3
2015-10-16,6,12,5,4,4215,63,54,6.76,147.3
2015-10-16,6,12,3,5,3532,48,60,6.76,147.3
2015-10-16,6,12,4,6,4003,25,8,6.79,147.3
2015-10-20,1,1,1,1,3957,23,11,6.7,14.3
2015-10-20,1,1,4,2,3103,53,64,6.69,14.3
2015-10-20,1,1,2,3,4154,25,25,6.68,14.3
2015-10-20,1,1,5,4,3709,33,59,6.85,14.3
2015-10-20,1,1,3,5,4637,12,27,6.78,14.3
2015-10-20,1,1,6,6,4688,59,37,6.77,14.3
2015-10-20,1,2,1,1,3187,24,20,6.71,12.7
2015-10-20,1,2,2,2,3467,7,52,6.78,12.7
2015-10-20,1,2,4,3,3643,37,34,6.68,12.7
2015-10-20,1,2,3,4,3893,54,4,6.66,12.7
2015-10-20,1,2,6,5,4253,43,14,6.81,12.7
2015-10-20,1,2,5,6,4757,15,33,6.76,12.7
2015-10-20,1,3,1,1,4403,8,5,6.61,11.1
2015-10-20,1,3,3,2,3815,39,21,6.67,11.1
2015-10-20,1,3,6,3,3942,31,50,6.73,11.1
2015-10-20,1,3,4,4,3975,4,17,6.67,11.1
2015-10-20,1,3,2,5,3718,56,57,6.61,11.1
2015-10-20,1,3,5,6,4200,64,19,6.67,11.1
2015-10-20,1,4,1,1,4097,47,32,6.78,225.8
2015-10-20,1,4,2,2,4020,46,40,6.69,225.8
2015-10-20,1,4,6,3,4366,57,1,6.75,225.8
2015-10-20,1,4,5,4,4239,63,12,6.77,225.8
2015-10-20,1,4,4,5,4588,6,6,6.74,225.8
2015-10-20,1,4,3,6,4028,14,44,6.68,225.8
2015-10-20,1,5,1,1,4719,38,35,6.7,26.5
2015-10-20,1,5,3,2,3590,1,49,6.76,26.5
2015-10-20,1,5,5,3,3692,10,46,6.7,26.5
2015-10-20,1,5,6,4,4034,66,26,6.68,26.5
2015-10-20,1,5,2,5,4333,32,63,6.77,26.5
2015-10-20,1,5,4,6,4324,49,45,6.65,26.5
2015-10-20,1,6,4,1,4158,16,47,6.71,83.5
2015-10-20,1,6,6,2,4030,48,18,6.73,83.5
2015-10-20,1,6,2,3,4063,21,9,6.7,83.5
2015-10-20,1,6,3,4,3382,58,30,6.77,83.5
2015-10-20,1,6,5,5,4380,41,31,6.75,83.5
2015-10-20,1,6,1,6,4637,12,27,6.7,83.5
2015-10-20,1,8,1,1,3983,52,22,6.69,56.2
2015-10-20,1,8,5,2,4588,6,6,6.74,56.2
2015-10-20,1,8,6,3,4757,15,33,6.73,56.2
2015-10-20,1,8,3,4,4200,64,19,6.71,56.2
2015-10-20,1,8,2,5,4104,61,8,6.65,56.2
2015-10-20,1,8,4,6,4216,27,62,6.74,56.2
2015-10-20,1,9,1,1,4324,49,45,6.65,61.1
2015-10-20,1,9,3,2,3319,17,7,6.8,61.1
2015-10-20,1,9,6,3,3643,37,34,6.78,61.1
2015-10-20,1,9,2,4,4403,8,5,6.72,61.1
2015-10-20,1,9,4,5,4133,44,55,6.72,61.1
2015-10-20,1,9,5,6,4366,57,1,6.74,61.1
2015-10-20,1,10,2,1,3975,4,17,6.66,157.9
2015-10-20,1,10,4,2,4685,19,16,6.71,157.9
2015-10-20,1,10,6,3,3382,58,30,6.72,157.9
2015-10-20,1,10,1,4,3731,28,29,6.73,157.9
2015-10-20,1,10,3,5,3957,23,11,6.68,157.9
2015-10-20,1,10,5,6,4253,43,14,6.74,157.9
2015-10-20,1,11,3,1,4154,25,25,6.68,82.0
2015-10-20,1,11,5,2,3815,39,21,6.7,82.0
2015-10-20,1,11,4,3,4063,21,9,6.75,82.0
2015-10-20,1,11,6,4,4239,63,12,6.76,82.0
2015-10-20,1,11,2,5,4719,38,35,6.73,82.0
2015-10-20,1,11,1,6,3517,36,58,6.75,82.0
2015-10-20,1,12,5,1,3942,31,50,6.73,165.0
2015-10-20,1,12,1,2,4028,14,44,6.7,165.0
2015-10-20,1,12,3,3,4030,48,18,6.75,165.0
2015-10-20,1,12,6,4,4218,18,28,6.72,165.0
2015-10-20,1,12,2,5,3590,1,49,6.78,165.0
2015-10-20,1,12,4,6,3983,52,22,6.76,165.0
2015-10-21,2,1,1,1,4104,61,8,6.71,38.7
2015-10-21,2,1,6,2,4020,46,40,6.75,38.7
2015-10-21,2,1,4,3,3718,56,57,6.73,38.7
2015-10-21,2,1,2,4,4253,43,14,6.73,38.7
2015-10-21,2,1,3,5,4333,32,63,6.7,38.7
2015-10-21,2,1,5,6,4158,16,47,6.77,38.7
2015-10-21,2,2,1,1,4034,66,26,6.66,15.5
2015-10-21,2,2,3,2,3709,33,59,6.74,15.5
2015-10-21,2,2,5,3,4097,47,32,6.72,15.5
2015-10-21,2,2,6,4,4200,64,19,6.74,15.5
2015-10-21,2,2,4,5,4380,41,31,6.63,15.5
2015-10-21,2,2,2,6,4688,59,37,6.69,15.5
2015-10-21,2,3,1,1,4588,6,6,6.67,26.5
2015-10-21,2,3,5,2,4028,14,44,6.73,26.5
2015-10-21,2,3,4,3,3942,31,50,6.68,26.5
2015-10-21,2,3,2,4,3692,10,46,6.67,26.5
2015-10-21,2,3,6,5,3467,7,52,6.87,26.5
2015-10-21,2,3,3,6,3772,60,56,6.66,26.5
2015-10-21,2,4,1,1,3103,53,64,6.63,14.0
2015-10-21,2,4,3,2,3187,24,20,6.73,14.0
2015-10-21,2,4,5,3,4218,18,28,6.72,14.0
2015-10-21,2,4,4,4,4719,38,35,6.73,14.0
2015-10-21,2,4,6,5,4216,27,62,6.79,14.0
2015-10-21,2,4,2,6,4757,15,33,6.62,14.0
2015-10-21,2,5,3,1,4324,49,45,6.65,14.4
2015-10-21,2,5,1,2,4133,44,55,6.73,14.4
2015-10-21,2,5,6,3,4154,25,25,6.69,14.4
2015-10-21,2,5,4,4,3517,36,58,6.73,14.4
2015-10-21,2,5,2,5,4637,12,27,6.74,14.4
2015-10-21,2,5,5,6,3893,54,4,6.76,14.4
2015-10-21,2,7,2,1,4030,48,18,6.7,8.9
2015-10-21,2,7,1,2,3643,37,34,6.67,8.9
2015-10-21,2,7,5,3,3590,1,49,6.77,8.9
2015-10-21,2,7,4,4,3319,17,7,6.78,8.9
2015-10-21,2,7,3,5,4158,16,47,6.76,8.9
2015-10-21,2,7,6,6,4097,47,23,6.77,8.9
2015-10-21,2,8,2,1,4239,63,12,6.76,786.2
2015-10-21,2,8,3,2,3467,7,52,6.72,786.2
2015-10-21,2,8,6,3,4380,41,31,6.64,786.2
2015-10-21,2,8,1,4,4366,57,1,6.71,786.2
2015-10-21,2,8,5,5,4333,32,63,6.79,786.2
2015-10-21,2,8,4,6,4218,18,28,6.68,786.2
2015-10-21,2,9,1,1,3692,10,46,6.74,13.3
2015-10-21,2,9,2,2,3983,52,22,6.76,13.3
2015-10-21,2,9,6,3,4063,21,9,6.81,13.3
2015-10-21,2,9,3,4,3975,4,17,6.76,13.3
2015-10-21,2,9,5,5,3382,58,30,6.83,13.3
2015-10-21,2,9,4,6,3709,33,59,6.82,13.3
2015-10-21,2,10,1,1,3815,39,21,6.72,17.9
2015-10-21,2,10,3,2,3517,36,58,6.77,17.9
2015-10-21,2,10,6,3,4028,14,44,6.77,17.9
2015-10-21,2,10,4,4,3957,23,11,6.79,17.9
2015-10-21,2,10,5,5,4216,27,62,6.86,17.9
2015-10-21,2,10,2,6,4034,66,26,6.69,17.9
2015-10-22,3,1,1,1,4239,63,12,6.75,15.7
2015-10-22,3,1,5,2,4403,8,5,6.71,15.7
2015-10-22,3,1,3,3,3103,53,64,6.7,15.7
2015-10-22,3,1,6,4,3718,56,57,6.73,15.7
2015-10-22,3,1,4,5,3893,54,4,6.81,15.7
2015-10-22,3,1,2,6,4158,16,47,6.81,15.7
2015-10-22,3,2,2,1,3187,24,20,6.76,39.8
2015-10-22,3,2,3,2,4380,41,31,6.6,39.8
2015-10-22,3,2,4,3,4333,32,63,6.71,39.8
2015-10-22,3,2,1,4,4200,64,19,6.64,39.8
2015-10-22,3,2,5,5,4637,12,27,6.72,39.8
2015-10-22,3,2,6,6,4588,6,6,6.71,39.8
2015-10-22,3,3,3,1,4757,15,33,6.67,126.1
2015-10-22,3,3,6,2,3983,52,22,6.74,126.1
2015-10-22,3,3,2,3,3772,60,56,6.74,126.1
2015-10-22,3,3,5,4,3957,23,11,6.69,126.1
2015-10-22,3,3,1,5,4020,46,40,6.67,126.1
2015-10-22,3,3,4,6,4097,47,23,6.78,126.1
2015-10-22,3,4,3,1,4063,21,9,6.77,44.7
2015-10-22,3,4,6,2,3975,4,17,6.69,44.7
2015-10-22,3,4,2,3,3319,17,7,6.73,44.7
2015-10-22,3,4,5,4,4688,59,37,6.7,44.7
2015-10-22,3,4,4,5,4253,43,14,6.72,44.7
2015-10-22,3,4,1,6,3467,7,52,6.66,44.7
2015-10-22,3,5,4,1,4104,61,8,6.67,74.1
2015-10-22,3,5,3,2,4685,19,16,6.72,74.1
2015-10-22,3,5,5,3,4034,66,26,6.66,74.1
2015-10-22,3,5,1,4,4366,57,1,6.76,74.1
2015-10-22,3,5,6,5,3709,33,59,6.72,74.1
2015-10-22,3,5,2,6,3643,37,34,6.75,74.1
2015-10-22,3,6,3,1,4218,18,28,6.67,161.5
2015-10-22,3,6,4,2,4200,64,19,6.7,161.5
2015-10-22,3,6,6,3,4324,49,45,6.59,161.5
2015-10-22,3,6,2,4,3382,58,30,6.75,161.5
2015-10-22,3,6,5,5,4154,25,25,6.64,161.5
2015-10-22,3,6,1,6,4158,16,47,6.69,161.5
2015-10-22,3,7,6,1,4333,32,63,6.75,340.2
2015-10-22,3,7,4,2,4030,48,18,6.7,340.2
2015-10-22,3,7,3,3,3692,10,46,6.75,340.2
2015-10-22,3,7,1,4,3893,54,4,6.79,340.2
2015-10-22,3,7,2,5,4216,27,62,6.78,340.2
2015-10-22,3,7,5,6,4133,44,55,6.8,340.2
2015-10-22,3,8,4,1,3590,1,49,6.77,69.1
2015-10-22,3,8,5,2,3718,56,57,6.71,69.1
2015-10-22,3,8,2,3,3815,39,21,6.72,69.1
2015-10-22,3,8,1,4,3319,17,7,6.73,69.1
2015-10-22,3,8,3,5,4020,46,40,6.69,69.1
2015-10-22,3,8,6,6,4637,12,27,6.71,69.1
2015-10-22,3,9,4,1,4028,14,44,6.62,57.8
2015-10-22,3,9,6,2,4719,38,35,6.69,57.8
2015-10-22,3,9,1,3,4253,43,14,6.71,57.8
2015-10-22,3,9,5,4,3517,36,58,6.74,57.8
2015-10-22,3,9,2,5,4239,63,12,6.72,57.8
2015-10-22,3,9,3,6,4097,47,23,6.8,57.8
2015-10-22,3,10,4,1,4154,25,25,6.64,65.1
2015-10-22,3,10,3,2,4324,49,45,6.64,65.1
2015-10-22,3,10,5,3,4063,21,9,6.69,65.1
2015-10-22,3,10,1,4,3772,60,56,6.7,65.1
2015-10-22,3,10,2,5,3103,53,64,6.66,65.1
2015-10-22,3,10,6,6,4104,61,8,6.67,65.1
2015-10-22,3,11,4,1,4403,8,5,6.74,37.7
2015-10-22,3,11,1,2,4218,18,28,6.7,37.7
2015-10-22,3,11,5,3,3975,4,17,6.73,37.7
2015-10-22,3,11,2,4,4366,57,1,6.78,37.7
2015-10-22,3,11,3,5,4216,27,62,6.86,37.7
2015-10-22,3,11,6,6,3957,23,11,6.7,37.7
2015-10-22,3,12,1,1,3590,1,49,6.63,20.8
2015-10-22,3,12,3,2,4588,6,6,6.65,20.8
2015-10-22,3,12,2,3,4685,19,16,6.64,20.8
2015-10-22,3,12,4,4,3382,58,30,6.74,20.8
2015-10-22,3,12,6,5,4133,44,55,6.77,20.8
2015-10-22,3,12,5,6,3983,52,22,6.79,20.8
2015-10-23,4,1,2,1,4380,41,31,6.62,55.3
2015-10-23,4,1,1,2,3382,58,30,6.77,55.3
2015-10-23,4,1,6,3,4403,8,5,6.59,55.3
2015-10-23,4,1,3,4,3467,7,52,6.76,55.3
2015-10-23,4,1,4,5,4637,12,27,6.72,55.3
2015-10-23,4,1,5,6,4020,46,40,6.66,55.3
2015-10-23,4,2,6,1,3103,53,64,6.67,53.6
2015-10-23,4,2,1,2,4757,15,33,6.67,53.6
2015-10-23,4,2,4,3,3692,10,46,6.72,53.6
2015-10-23,4,2,2,4,3893,54,4,6.79,53.6
2015-10-23,4,2,5,5,3187,24,20,6.81,53.6
2015-10-23,4,2,3,6,4034,66,26,6.65,53.6
2015-10-23,4,3,6,1,3590,1,49,6.76,27.1
2015-10-23,4,3,1,2,4333,32,63,6.67,27.1
2015-10-23,4,3,5,3,4239,63,12,6.77,27.1
2015-10-23,4,3,3,4,3643,37,34,6.76,27.1
2015-10-23,4,3,2,5,3709,33,59,6.76,27.1
2015-10-23,4,3,4,6,3718,56,57,6.74,27.1
2015-10-23,4,5,2,1,4588,6,6,6.64,44.7
2015-10-23,4,5,1,2,4216,27,62,6.71,44.7
2015-10-23,4,5,3,3,3975,4,17,6.71,44.7
2015-10-23,4,5,4,4,4685,19,16,6.7,44.7
2015-10-23,4,5,6,5,4158,16,47,6.72,44.7
2015-10-23,4,5,5,6,3467,7,52,6.82,44.7
2015-10-23,4,6,2,1,4028,14,44,6.82,148.5
2015-10-23,4,6,4,2,4034,66,26,6.7,148.5
2015-10-23,4,6,5,3,4719,38,35,6.79,148.5
2015-10-23,4,6,6,4,3815,39,21,6.73,148.5
2015-10-23,4,6,3,5,3983,52,22,6.78,148.5
2015-10-23,4,6,1,6,4380,41,31,6.66,148.5
2015-10-23,4,7,2,1,4030,48,18,6.79,18.1
2015-10-23,4,7,5,2,4104,61,8,6.74,18.1
2015-10-23,4,7,1,3,3709,33,59,6.76,18.1
2015-10-23,4,7,4,4,4757,15,33,6.8,18.1
2015-10-23,4,7,3,5,4253,43,14,6.7,18.1
2015-10-23,4,7,6,6,3772,60,56,6.84,18.1
2015-10-23,4,8,1,1,4063,21,9,6.65,30.7
2015-10-23,4,8,5,2,3643,37,34,6.74,30.7
2015-10-23,4,8,6,3,3692,10,46,6.72,30.7
2015-10-23,4,8,2,4,3957,23,11,6.78,30.7
2015-10-23,4,8,4,5,3382,58,30,6.84,30.7
2015-10-23,4,8,3,6,4688,59,37,6.79,30.7
2015-10-23,4,9,2,1,4218,18,28,6.75,46.8
2015-10-23,4,9,5,2,4324,49,45,6.7,46.8
2015-10-23,4,9,4,3,3319,17,7,6.83,46.8
2015-10-23,4,9,6,4,3187,24,20,6.82,46.8
2015-10-23,4,9,1,5,3975,4,17,6.69,46.8
2015-10-23,4,9,3,6,3718,56,57,6.77,46.8
2015-10-23,4,10,5,1,3815,39,21,6.76,292.1
2015-10-23,4,10,4,2,3103,53,64,6.68,292.1
2015-10-23,4,10,6,3,4366,57,1,6.75,292.1
2015-10-23,4,10,1,4,4685,19,16,6.73,292.1
2015-10-23,4,10,3,5,3590,1,49,6.78,292.1
2015-10-23,4,10,2,6,4097,47,23,6.84,292.1
2015-10-23,4,11,5,1,4133,44,55,6.78,252.1
2015-10-23,4,11,1,2,4028,14,44,6.63,252.1
2015-10-23,4,11,6,3,4104,61,8,6.7,252.1
2015-10-23,4,11,2,4,3983,52,22,6.76,252.1
2015-10-23,4,11,4,5,4239,63,12,6.72,252.1
2015-10-23,4,11,3,6,4216,27,62,6.81,252.1
2015-10-23,4,12,1,1,4030,48,18,6.7,23.4
2015-10-23,4,12,6,2,4719,38,35,6.76,23.4
2015-10-23,4,12,2,3,4063,21,9,6.72,23.4
2015-10-23,4,12,4,4,3957,23,11,6.81,23.4
2015-10-23,4,12,5,5,3772,60,56,6.77,23.4
2015-10-23,4,12,3,6,3517,36,58,6.87,23.4
2015-10-24,5,1,5,1,3643,37,34,6.87,106.9
2015-10-24,5,1,2,2,4757,15,33,6.83,106.9
2015-10-24,5,1,1,3,3319,17,7,6.81,106.9
2015-10-24,5,1,3,4,4200,64,19,6.85,106.9
2015-10-24,5,1,4,5,4097,47,23,6.84,106.9
2015-10-24,5,1,6,6,4020,46,40,6.84,106.9
2015-10-24,5,2,1,1,3709,33,59,6.84,35.3
2015-10-24,5,2,4,2,4637,12,27,6.84,35.3
2015-10-24,5,2,2,3,4253,43,14,6.81,35.3
2015-10-24,5,2,5,4,3893,54,4,6.86,35.3
2015-10-24,5,2,3,5,3467,7,52,6.92,35.3
2015-10-24,5,2,6,6,4688,59,37,6.86,35.3
2015-10-24,5,3,1,1,4034,66,26,6.74,25.9
2015-10-24,5,3,2,2,3103,53,64,6.76,25.9
2015-10-24,5,3,5,3,4063,21,9,6.82,25.9
2015-10-24,5,3,3,4,4324,49,45,6.81,25.9
2015-10-24,5,3,6,5,3975,4,17,6.84,25.9
2015-10-24,5,3,4,6,4158,16,47,6.83,25.9
2015-10-24,5,4,1,1,3772,60,56,6.76,30.2
2015-10-24,5,4,2,2,3382,58,30,6.79,30.2
2015-10-24,5,4,4,3,4403,8,5,6.77,30.2
2015-10-24,5,4,5,4,4685,19,16,6.81,30.2
2015-10-24,5,4,6,5,4028,14,44,6.76,30.2
2015-10-24,5,4,3,6,3187,24,20,6.9,30.2
2015-10-24,5,5,1,1,4104,61,8,6.7,12.1
2015-10-24,5,5,4,2,3815,39,21,6.79,12.1
2015-10-24,5,5,2,3,4239,63,12,6.8,12.1
2015-10-24,5,5,3,4,4218,18,28,6.79,12.1
2015-10-24,5,5,5,5,4200,64,19,6.78,12.1
2015-10-24,5,5,6,6,4380,41,31,6.78,12.1
2015-10-24,5,6,4,1,3957,23,11,6.86,56.4
2015-10-24,5,6,5,2,4154,25,25,6.77,56.4
2015-10-24,5,6,6,3,3590,1,49,6.9,56.4
2015-10-24,5,6,1,4,3692,10,46,6.81,56.4
2015-10-24,5,6,2,5,4333,32,63,6.84,56.4
2015-10-24,5,6,3,6,4216,27,62,6.93,56.4
2015-10-24,5,7,4,1,3975,4,17,6.82,646.1
2015-10-24,5,7,5,2,4097,47,23,6.84,646.1
2015-10-24,5,7,6,3,4030,48,18,6.82,646.1
2015-10-24,5,7,1,4,3983,52,22,6.85,646.1
2015-10-24,5,7,2,5,4366,57,1,6.86,646.1
2015-10-24,5,7,3,6,4588,6,6,6.84,646.1
2015-10-24,5,8,3,1,3718,56,57,6.9,236.8
2015-10-24,5,8,1,2,4719,38,35,6.79,236.8
2015-10-24,5,8,5,3,4158,16,47,6.85,236.8
2015-10-24,5,8,2,4,3772,60,56,6.84,236.8
2015-10-24,5,8,6,5,4637,12,27,6.84,236.8
2015-10-24,5,8,4,6,4133,44,55,6.88,236.8
2015-10-24,5,9,3,1,3815,39,21,6.8,71.9
2015-10-24,5,9,1,2,4028,14,44,6.78,71.9
2015-10-24,5,9,2,3,4063,21,9,6.71,71.9
2015-10-24,5,9,4,4,4324,49,45,6.77,71.9
2015-10-24,5,9,5,5,4239,63,12,6.76,71.9
2015-10-24,5,9,6,6,3692,10,46,6.86,71.9
2015-10-24,5,10,3,1,4104,61,8,6.81,29.8
2015-10-24,5,10,1,2,3590,1,49,6.84,29.8
2015-10-24,5,10,6,3,3983,52,22,6.88,29.8
2015-10-24,5,10,5,4,3103,53,64,6.71,29.8
2015-10-24,5,10,2,5,4685,19,16,6.85,29.8
2015-10-24,5,10,4,6,3187,24,20,6.86,29.8
2015-10-24,5,11,1,1,4030,48,18,6.81,27.5
2015-10-24,5,11,4,2,4588,6,6,6.82,27.5
2015-10-24,5,11,5,3,4719,38,35,6.88,27.5
2015-10-24,5,11,3,4,4403,8,5,6.75,27.5
2015-10-24,5,11,6,5,3319,17,7,6.91,27.5
2015-10-24,5,11,2,6,4154,25,25,6.72,27.5
2015-10-24,5,12,1,1,4218,18,28,6.73,50.5
2015-10-24,5,12,6,2,3957,23,11,6.79,50.5
2015-10-24,5,12,2,3,4133,44,55,6.77,50.5
2015-10-24,5,12,4,4,4366,57,1,6.79,50.5
2015-10-24,5,12,3,5,4333,32,63,6.79,50.5
2015-10-24,5,12,5,6,4020,46,40,6.69,50.5
2015-10-25,6,1,1,1,3975,4,17,6.71,27.5
2015-10-25,6,1,3,2,3718,56,57,6.84,27.5
2015-10-25,6,1,6,3,4333,32,63,6.78,27.5
2015-10-25,6,1,4,4,4034,66,26,6.69,27.5
2015-10-25,6,1,2,5,4097,47,23,6.68,27.5
2015-10-25,6,1,5,6,3709,33,59,6.82,27.5
2015-10-25,6,2,1,1,4020,46,40,6.68,179.7
2015-10-25,6,2,6,2,4637,12,27,6.78,179.7
2015-10-25,6,2,4,3,4200,64,19,6.81,179.7
2015-10-25,6,2,3,4,4253,43,14,6.75,179.7
2015-10-25,6,2,5,5,3467,7,52,6.78,179.7
2015-10-25,6,2,2,6,4688,59,37,6.67,179.7
2015-10-25,6,3,3,1,4380,41,31,6.67,209.1
2015-10-25,6,3,2,2,4158,16,47,6.81,209.1
2015-10-25,6,3,5,3,4133,44,55,6.81,209.1
2015-10-25,6,3,4,4,4216,27,62,6.73,209.1
2015-10-25,6,3,6,5,4757,15,33,6.75,209.1
2015-10-25,6,3,1,6,3187,24,20,6.73,209.1
2015-10-25,6,4,1,1,3692,10,46,6.69,17.9
2015-10-25,6,4,4,2,3103,53,64,6.67,17.9
2015-10-25,6,4,3,3,3643,37,34,6.75,17.9
2015-10-25,6,4,2,4,3893,54,4,6.78,17.9
2015-10-25,6,4,6,5,4218,18,28,6.77,17.9
2015-10-25,6,4,5,6,3382,58,30,6.79,17.9
2015-10-25,6,5,1,1,4239,63,12,6.66,16.9
2015-10-25,6,5,2,2,4154,25,25,6.66,16.9
2015-10-25,6,5,4,3,3772,60,56,6.65,16.9
2015-10-25,6,5,5,4,4403,8,5,6.63,16.9
2015-10-25,6,5,3,5,4366,57,1,6.7,16.9
2015-10-25,6,5,6,6,3709,33,59,6.72,16.9
2015-10-25,6,6,1,1,3319,17,7,6.76,9.9
2015-10-25,6,6,3,2,3957,23,11,6.8,9.9
2015-10-25,6,6,5,3,4719,38,35,6.7,9.9
2015-10-25,6,6,4,4,3467,7,52,6.8,9.9
2015-10-25,6,6,6,5,3983,52,22,6.78,9.9
2015-10-25,6,6,2,6,4020,46,40,6.68,9.9
2015-10-25,6,7,1,1,4685,19,16,6.69,35.2
2015-10-25,6,7,4,2,4133,44,55,6.72,35.2
2015-10-25,6,7,5,3,3718,56,57,6.84,35.2
2015-10-25,6,7,3,4,4688,59,37,6.76,35.2
2015-10-25,6,7,6,5,4063,21,9,6.74,35.2
2015-10-25,6,7,2,6,4380,41,31,6.68,35.2
2015-10-25,6,8,1,1,4324,49,45,6.65,8.3
2015-10-25,6,8,4,2,4218,18,28,6.71,8.3
2015-10-25,6,8,5,3,4253,43,14,6.78,8.3
2015-10-25,6,8,3,4,3893,54,4,6.8,8.3
2015-10-25,6,8,2,5,4216,27,62,6.72,8.3
2015-10-25,6,8,6,6,4034,66,26,6.7,8.3
2015-10-25,6,10,4,1,4239,63,12,6.64,79.1
2015-10-25,6,10,3,2,3103,53,64,6.58,79.1
2015-10-25,6,10,5,3,3319,17,7,6.77,79.1
2015-10-25,6,10,1,4,3983,52,22,6.72,79.1
2015-10-25,6,10,6,5,3692,10,46,6.69,79.1
2015-10-25,6,10,2,6,4403,8,5,6.64,79.1
2015-10-25,6,11,1,1,4063,21,9,6.7,182.4
2015-10-25,6,11,6,2,3187,24,20,6.76,182.4
2015-10-25,6,11,2,3,4719,38,35,6.78,182.4
2015-10-25,6,11,3,4,4324,49,45,6.69,182.4
2015-10-25,6,11,4,5,4685,19,16,6.74,182.4
2015-10-25,6,11,5,6,4154,25,25,6.72,182.4
2015-10-28,1,1,1,1,4000,19,25,6.72,6.9
2015-10-28,1,1,5,2,3857,38,10,6.71,6.9
2015-10-28,1,1,2,3,4129,63,49,6.72,6.9
2015-10-28,1,1,3,4,4309,31,50,6.78,6.9
2015-10-28,1,1,4,5,4564,57,45,6.73,6.9
2015-10-28,1,1,6,6,4775,9,31,6.72,6.9
2015-10-28,1,3,4,1,3583,1,15,6.73,737.8
2015-10-28,1,3,5,2,4435,37,21,6.73,737.8
2015-10-28,1,3,6,3,4884,53,48,6.7,737.8
2015-10-28,1,3,1,4,3355,44,34,6.7,737.8
2015-10-28,1,3,3,5,3833,28,22,6.74,737.8
2015-10-28,1,3,2,6,3286,10,58,6.73,737.8
2015-10-28,1,4,3,1,3842,8,2,6.71,17.4
2015-10-28,1,4,1,2,3373,39,11,6.69,17.4
2015-10-28,1,4,6,3,4351,23,51,6.76,17.4
2015-10-28,1,4,4,4,4045,49,60,6.66,17.4
2015-10-28,1,4,5,5,4540,17,13,6.75,17.4
2015-10-28,1,4,2,6,4275,46,37,6.64,17.4
2015-10-28,1,5,1,1,4298,56,66,6.64,47.7
2015-10-28,1,5,2,2,3838,59,43,6.77,47.7
2015-10-28,1,5,5,3,3943,25,3,6.71,47.7
2015-10-28,1,5,6,4,3273,18,38,6.68,47.7
2015-10-28,1,5,3,5,3442,16,26,6.82,47.7
2015-10-28,1,5,4,6,3518,7,54,6.71,47.7
2015-10-28,1,6,4,1,3614,66,64,6.64,47.9
2015-10-28,1,6,2,2,3930,47,55,6.68,47.9
2015-10-28,1,6,5,3,3412,12,7,6.67,47.9
2015-10-28,1,6,1,4,3537,21,9,6.66,47.9
2015-10-28,1,6,3,5,4129,63,49,6.65,47.9
2015-10-28,1,6,6,6,4739,36,4,6.7,47.9
2015-10-28,1,7,2,1,3568,33,32,6.62,8.8
2015-10-28,1,7,5,2,4451,61,19,6.61,8.8
2015-10-28,1,7,4,3,4109,43,59,6.67,8.8
2015-10-28,1,7,1,4,4277,54,62,6.62,8.8
2015-10-28,1,7,3,5,3169,27,61,6.69,8.8
2015-10-28,1,7,6,6,3085,32,36,6.7,8.8
2015-10-28,1,8,1,1,3489,6,39,6.5,5.6
2015-10-28,1,8,4,2,4435,37,21,6.6,5.6
2015-10-28,1,8,2,3,3349,41,29,6.59,5.6
2015-10-28,1,8,3,4,3373,39,11,6.65,5.6
2015-10-28,1,8,5,5,4309,31,50,6.69,5.6
2015-10-28,1,8,6,6,4870,24,24,6.65,5.6
2015-10-28,1,9,1,1,3838,59,43,6.77,16.4
2015-10-28,1,9,3,2,3286,10,58,6.66,16.4
2015-10-28,1,9,2,3,4498,60,41,6.69,16.4
2015-10-28,1,9,5,4,4564,57,45,6.7,16.4
2015-10-28,1,9,4,5,4540,17,13,6.78,16.4
2015-10-28,1,9,6,6,4405,14,46,6.66,16.4
2015-10-28,1,10,1,1,3930,47,55,6.62,25.0
2015-10-28,1,10,4,2,4451,61,19,6.59,25.0
2015-10-28,1,10,5,3,3583,1,15,6.77,25.0
2015-10-28,1,10,3,4,4000,19,25,6.61,25.0
2015-10-28,1,10,2,5,3518,7,54,6.63,25.0
2015-10-28,1,10,6,6,4045,49,60,6.63,25.0
2015-10-28,1,11,1,1,3349,41,29,6.65,43.9
2015-10-28,1,11,4,2,4351,23,51,6.71,43.9
2015-10-28,1,11,5,3,3614,66,64,6.63,43.9
2015-10-28,1,11,3,4,4109,43,59,6.69,43.9
2015-10-28,1,11,2,5,4298,56,66,6.54,43.9
2015-10-28,1,11,6,6,3857,38,10,6.7,43.9
2015-10-28,1,12,3,1,3412,12,7,6.66,376.6
2015-10-28,1,12,4,2,3842,8,2,6.65,376.6
2015-10-28,1,12,5,3,3833,28,22,6.69,376.6
2015-10-28,1,12,2,4,3489,6,39,6.58,376.6
2015-10-28,1,12,1,5,3568,33,32,6.59,376.6
2015-10-28,1,12,6,6,3442,16,26,6.77,376.6
2015-10-29,2,1,1,1,4451,61,19,6.67,150.5
2015-10-29,2,1,5,2,4775,9,31,6.79,150.5
2015-10-29,2,1,2,3,4309,31,50,6.72,150.5
2015-10-29,2,1,3,4,3273,18,38,6.68,150.5
2015-10-29,2,1,4,5,3355,44,34,6.82,150.5
2015-10-29,2,1,6,6,3085,32,36,6.77,150.5
2015-10-29,2,2,2,1,3943,25,3,6.69,87.6
2015-10-29,2,2,1,2,4405,14,46,6.67,87.6
2015-10-29,2,2,4,3,4275,46,37,6.63,87.6
2015-10-29,2,2,3,4,3537,21,9,6.64,87.6
2015-10-29,2,2,5,5,4884,53,48,6.66,87.6
2015-10-29,2,2,6,6,3373,39,11,6.73,87.6
2015-10-29,2,3,1,1,4045,49,60,6.6,88.4
2015-10-29,2,3,2,2,4739,36,4,6.78,88.4
2015-10-29,2,3,3,3,4435,37,21,6.65,88.4
2015-10-29,2,3,6,4,4277,54,62,6.72,88.4
2015-10-29,2,3,4,5,3489,6,39,6.61,88.4
2015-10-29,2,3,5,6,3838,59,43,6.68,88.4
2015-10-29,2,4,4,1,3568,33,32,6.6,16.8
2015-10-29,2,4,5,2,4298,56,66,6.67,16.8
2015-10-29,2,4,3,3,4540,17,13,6.71,16.8
2015-10-29,2,4,6,4,2014,35,8,6.76,16.8
2015-10-29,2,4,1,5,3583,1,15,6.7,16.8
2015-10-29,2,4,2,6,4564,57,45,6.69,16.8
2015-10-29,2,5,1,1,3412,12,7,6.66,3.4
2015-10-29,2,5,2,2,4109,43,59,6.6,3.4
2015-10-29,2,5,3,3,3349,41,29,6.69,3.4
2015-10-29,2,5,4,4,3688,52,20,6.75,3.4
2015-10-29,2,5,6,5,4870,24,24,6.67,3.4
2015-10-29,2,5,5,6,3085,32,36,6.69,3.4
2015-10-29,2,6,4,1,3286,10,58,6.7,97.2
2015-10-29,2,6,5,2,4129,63,49,6.7,97.2
2015-10-29,2,6,2,3,3442,16,26,6.7,97.2
2015-10-29,2,6,3,4,3518,7,54,6.7,97.2
2015-10-29,2,6,1,5,3169,27,61,6.69,97.2
2015-10-29,2,6,6,6,3857,38,10,6.63,97.2
2015-10-29,2,7,4,1,4000,19,25,6.69,32.8
2015-10-29,2,7,2,2,3842,8,2,6.69,32.8
2015-10-29,2,7,5,3,4498,60,41,6.67,32.8
2015-10-29,2,7,6,4,3537,21,9,6.64,32.8
2015-10-29,2,7,3,5,4277,54,62,6.72,32.8
2015-10-29,2,7,1,6,3273,18,38,6.65,32.8
2015-10-29,2,8,1,1,3833,28,22,6.71,23.1
2015-10-29,2,8,3,2,2014,35,8,6.65,23.1
2015-10-29,2,8,4,3,3930,47,55,6.76,23.1
2015-10-29,2,8,2,4,3614,66,64,6.6,23.1
2015-10-29,2,8,6,5,3355,44,34,6.8,23.1
2015-10-29,2,8,5,6,4275,46,37,6.72,23.1
2015-10-29,2,9,1,1,4351,23,51,6.72,6.3
2015-10-29,2,9,3,2,3489,6,39,6.64,6.3
2015-10-29,2,9,5,3,3349,41,29,6.7,6.3
2015-10-29,2,9,4,4,3943,25,3,6.68,6.3
2015-10-29,2,9,2,5,4540,17,13,6.77,6.3
2015-10-29,2,9,6,6,4775,9,31,6.76,6.3
2015-10-29,2,10,3,1,4451,61,19,6.68,63.7
2015-10-29,2,10,4,2,4498,60,41,6.6,63.7
2015-10-29,2,10,5,3,3688,52,20,6.69,63.7
2015-10-29,2,10,1,4,3442,16,26,6.75,63.7
2015-10-29,2,10,2,5,4435,37,21,6.74,63.7
2015-10-29,2,10,6,6,4884,53,48,6.7,63.7
2015-10-29,2,11,1,1,4109,43,59,6.72,24.9
2015-10-29,2,11,4,2,3838,59,43,6.75,24.9
2015-10-29,2,11,2,3,3833,28,22,6.77,24.9
2015-10-29,2,11,3,4,3568,33,32,6.68,24.9
2015-10-29,2,11,6,5,4000,19,25,6.72,24.9
2015-10-29,2,11,5,6,3518,7,54,6.76,24.9
2015-10-30,3,1,4,1,4277,54,62,6.77,128.1
2015-10-30,3,1,1,2,3518,7,54,6.66,128.1
2015-10-30,3,1,2,3,3355,44,34,6.71,128.1
2015-10-30,3,1,5,4,3273,18,38,6.71,128.1
2015-10-30,3,1,3,5,4405,14,46,6.75,128.1
2015-10-30,3,1,6,6,4884,53,48,6.64,128.1
2015-10-30,3,2,4,1,4129,63,49,6.67,102.3
2015-10-30,3,2,5,2,3373,39,11,6.73,102.3
2015-10-30,3,2,3,3,3169,27,61,6.68,102.3
2015-10-30,3,2,1,4,3688,52,20,6.71,102.3
2015-10-30,3,2,2,5,3537,21,9,6.67,102.3
2015-10-30,3,2,6,6,4564,57,45,6.68,102.3
2015-10-30,3,3,6,1,3857,38,10,6.71,140.3
2015-10-30,3,3,5,2,4451,61,19,6.66,140.3
2015-10-30,3,3,4,3,3349,41,29,6.68,140.3
2015-10-30,3,3,2,4,3583,1,15,6.71,140.3
2015-10-30,3,3,1,5,4275,46,37,6.68,140.3
2015-10-30,3,3,3,6,3568,33,32,6.66,140.3
2015-10-30,3,4,1,1,3943,25,3,6.67,16.4
2015-10-30,3,4,2,2,4109,43,59,6.68,16.4
2015-10-30,3,4,4,3,3930,47,55,6.75,16.4
2015-10-30,3,4,3,4,4000,19,25,6.66,16.4
2015-10-30,3,4,6,5,4309,31,50,6.81,16.4
2015-10-30,3,4,5,6,4775,9,31,6.7,16.4
2015-10-30,3,5,1,1,4498,60,41,6.64,19.6
2015-10-30,3,5,4,2,3412,12,7,6.63,19.6
2015-10-30,3,5,2,3,2014,35,8,6.78,19.6
2015-10-30,3,5,3,4,4351,23,51,6.72,19.6
2015-10-30,3,5,5,5,4739,36,4,6.79,19.6
2015-10-30,3,5,6,6,3085,32,36,6.73,19.6
2015-10-30,3,6,1,1,3286,10,58,6.56,12.7
2015-10-30,3,6,3,2,4298,56,66,6.6,12.7
2015-10-30,3,6,4,3,4435,37,21,6.62,12.7
2015-10-30,3,6,6,4,4870,24,24,6.64,12.7
2015-10-30,3,6,2,5,3833,28,22,6.65,12.7
2015-10-30,3,6,5,6,3169,27,61,6.66,12.7
2015-10-30,3,8,5,1,4405,14,46,6.69,147.1
2015-10-30,3,8,1,2,4540,17,13,6.63,147.1
2015-10-30,3,8,2,3,3838,59,43,6.66,147.1
2015-10-30,3,8,4,4,3442,16,26,6.7,147.1
2015-10-30,3,8,3,5,3688,52,20,6.74,147.1
2015-10-30,3,8,6,6,4775,9,31,6.66,147.1
2015-10-30,3,9,1,1,4451,61,19,6.64,39.2
2015-10-30,3,9,5,2,4498,60,41,6.67,39.2
2015-10-30,3,9,2,3,3568,33,32,6.66,39.2
2015-10-30,3,9,6,4,4109,43,59,6.69,39.2
2015-10-30,3,9,4,5,4298,56,66,6.61,39.2
2015-10-30,3,9,3,6,2014,35,8,6.74,39.2
2015-10-31,4,1,5,1,4870,24,24,6.64,641.6
2015-10-31,4,1,3,2,4277,54,62,6.7,641.6
2015-10-31,4,1,1,3,3838,59,43,6.72,641.6
2015-10-31,4,1,2,4,3169,27,61,6.61,641.6
2015-10-31,4,1,4,5,4045,49,60,6.72,641.6
2015-10-31,4,1,6,6,3688,52,20,6.74,641.6
2015-10-31,4,2,6,1,4275,46,37,6.57,259.7
2015-10-31,4,2,1,2,4309,31,50,6.7,259.7
2015-10-31,4,2,3,3,3355,44,34,6.79,259.7
2015-10-31,4,2,2,4,3273,18,38,6.68,259.7
2015-10-31,4,2,4,5,3537,21,9,6.68,259.7
2015-10-31,4,2,5,6,4884,53,48,6.56,259.7
2015-10-31,4,3,1,1,4739,36,4,6.71,85.4
2015-10-31,4,3,3,2,4129,63,49,6.67,85.4
2015-10-31,4,3,4,3,4109,43,59,6.64,85.4
2015-10-31,4,3,2,4,4405,14,46,6.66,85.4
2015-10-31,4,3,6,5,4540,17,13,6.68,85.4
2015-10-31,4,3,5,6,3857,38,10,6.7,85.4
2015-10-31,4,4,1,1,4564,57,52,6.72,21.7
2015-10-31,4,4,3,2,3373,39,11,6.68,21.7
2015-10-31,4,4,2,3,2014,35,8,6.76,21.7
2015-10-31,4,4,4,4,3688,52,23,6.78,21.7
2015-10-31,4,4,5,5,3943,25,3,6.75,21.7
2015-10-31,4,4,6,6,3518,7,54,6.77,21.7
2015-10-31,4,5,1,1,3489,6,14,6.58,5.5
2015-10-31,4,5,4,2,3833,28,22,6.75,5.5
2015-10-31,4,5,2,3,3583,1,15,6.72,5.5
2015-10-31,4,5,5,4,4277,54,62,6.7,5.5
2015-10-31,4,5,3,5,3169,27,65,6.64,5.5
2015-10-31,4,5,6,6,4775,9,31,6.66,5.5
2015-10-31,4,6,1,1,4351,23,51,6.66,33.5
2015-10-31,4,6,3,2,3273,18,38,6.71,33.5
2015-10-31,4,6,6,3,4000,19,25,6.62,33.5
2015-10-31,4,6,2,4,4298,56,66,6.66,33.5
2015-10-31,4,6,4,5,4309,31,50,6.77,33.5
2015-10-31,4,6,5,6,4045,49,60,6.66,33.5
2015-10-31,4,7,4,1,4405,14,46,6.71,74.2
2015-10-31,4,7,1,2,4129,63,49,6.64,74.2
2015-10-31,4,7,5,3,3568,33,32,6.63,74.2
2015-10-31,4,7,3,4,4275,46,37,6.61,74.2
2015-10-31,4,7,2,5,3286,10,58,6.63,74.2
2015-10-31,4,7,6,6,4870,24,24,6.63,74.2
2015-10-31,4,8,1,1,4435,37,21,6.67,6.9
2015-10-31,4,8,2,2,4564,57,52,6.66,6.9
2015-10-31,4,8,4,3,4540,17,13,6.74,6.9
2015-10-31,4,8,3,4,3537,21,9,6.68,6.9
2015-10-31,4,8,5,5,4775,9,31,6.73,6.9
2015-10-31,4,8,6,6,4884,53,48,6.68,6.9
2015-10-31,4,9,1,1,3833,28,22,6.81,12.4
2015-10-31,4,9,6,2,3857,38,10,6.73,12.4
2015-10-31,4,9,2,3,3373,39,11,6.71,12.4
2015-10-31,4,9,3,4,3518,7,54,6.75,12.4
2015-10-31,4,9,5,5,3355,44,34,6.79,12.4
2015-10-31,4,9,4,6,4739,36,4,6.77,12.4
2015-10-31,4,11,2,1,3943,25,3,6.72,255.6
2015-10-31,4,11,3,2,3286,10,58,6.67,255.6
2015-10-31,4,11,4,3,4298,56,66,6.63,255.6
2015-10-31,4,11,1,4,3568,33,32,6.67,255.6
2015-10-31,4,11,6,5,4435,37,21,6.71,255.6
2015-10-31,4,11,5,6,3838,59,43,6.73,255.6
2015-10-31,4,12,1,1,3412,12,7,6.7,18.3
2015-10-31,4,12,3,2,4451,61,19,6.7,18.3
2015-10-31,4,12,4,3,3930,47,5,6.65,18.3
2015-10-31,4,12,5,4,3349,41,29,6.53,18.3
2015-10-31,4,12,2,5,3842,8,2,6.67,18.3
2015-10-31,4,12,6,6,4498,60,41,6.63,18.3
2015-11-06,1,1,1,1,4571,6,29,6.93,22.3
2015-11-06,1,1,4,2,3764,16,51,7.07,22.3
2015-11-06,1,1,6,3,4431,37,41,6.91,22.3
2015-11-06,1,1,3,4,3675,12,40,6.84,22.3
2015-11-06,1,1,2,5,3492,11,54,6.98,22.3
2015-11-06,1,1,5,6,4843,15,12,6.9,22.3
2015-11-06,1,2,1,1,3064,44,25,6.89,10.9
2015-11-06,1,2,3,2,4475,51,1,6.79,10.9
2015-11-06,1,2,6,3,3604,52,2,6.93,10.9
2015-11-06,1,2,4,4,4167,21,62,6.95,10.9
2015-11-06,1,2,2,5,3207,40,50,6.84,10.9
2015-11-06,1,2,5,6,4853,18,53,6.86,10.9
2015-11-06,1,4,6,1,3304,53,34,6.91,124.8
2015-11-06,1,4,1,2,3666,7,66,6.9,124.8
2015-11-06,1,4,5,3,4182,20,59,6.94,124.8
2015-11-06,1,4,4,4,3566,39,27,7.02,124.8
2015-11-06,1,4,3,5,3075,38,18,6.95,124.8
2015-11-06,1,4,2,6,4280,8,15,6.92,124.8
2015-11-06,1,5,5,1,3796,4,63,6.92,595.9
2015-11-06,1,5,3,2,4043,34,35,6.95,595.9
2015-11-06,1,5,4,3,3278,35,47,6.89,595.9
2015-11-06,1,5,2,4,4802,47,24,6.83,595.9
2015-11-06,1,5,1,5,3577,54,36,6.82,595.9
2015-11-06,1,5,6,6,4843,15,12,6.96,595.9
2015-11-06,1,6,3,1,4452,19,56,6.93,44.7
2015-11-06,1,6,1,2,4654,2,10,6.88,44.7
2015-11-06,1,6,2,3,3458,9,19,6.88,44.7
2015-11-06,1,6,6,4,4266,22,38,6.94,44.7
2015-11-06,1,6,5,5,3675,12,40,6.92,44.7
2015-11-06,1,6,4,6,3604,52,2,6.9,44.7
2015-11-06,1,7,6,1,3627,1,48,7.03,139.9
2015-11-06,1,7,2,2,3730,55,5,7.0,139.9
2015-11-06,1,7,3,3,4456,5,9,6.99,139.9
2015-11-06,1,7,4,4,4059,36,65,7.0,139.9
2015-11-06,1,7,1,5,2528,43,3,6.91,139.9
2015-11-06,1,7,5,6,4703,10,8,7.02,139.9
2015-11-06,1,8,1,1,3555,13,21,6.8,14.1
2015-11-06,1,8,3,2,4182,20,59,6.96,14.1
2015-11-06,1,8,2,3,3711,14,26,6.93,14.1
2015-11-06,1,8,4,4,4113,46,28,6.88,14.1
2015-11-06,1,8,6,5,4853,18,53,6.88,14.1
2015-11-06,1,8,5,6,3764,16,51,7.04,14.1
2015-11-06,1,9,1,1,3075,38,18,6.92,24.0
2015-11-06,1,9,2,2,4256,49,23,6.93,24.0
2015-11-06,1,9,4,3,3796,4,63,6.95,24.0
2015-11-06,1,9,3,4,4571,6,29,6.92,24.0
2015-11-06,1,9,6,5,4475,51,1,6.9,24.0
2015-11-06,1,9,5,6,4651,45,13,6.87,24.0
2015-11-06,1,10,1,1,3278,35,47,6.95,45.8
2015-11-06,1,10,6,2,3566,39,27,6.92,45.8
2015-11-06,1,10,5,3,4478,48,30,6.84,45.8
2015-11-06,1,10,4,4,4071,3,60,6.88,45.8
2015-11-06,1,10,2,5,4167,21,62,7.03,45.8
2015-11-06,1,10,3,6,3458,9,19,6.92,45.8
2015-11-06,1,11,2,1,3577,54,36,6.91,63.7
2015-11-06,1,11,3,2,4431,37,41,7.01,63.7
2015-11-06,1,11,4,3,3711,14,26,6.98,63.7
2015-11-06,1,11,5,4,4059,36,65,7.01,63.7
2015-11-06,1,11,1,5,4556,41,43,6.89,63.7
2015-11-06,1,11,6,6,4452,19,56,6.85,63.7
2015-11-06,1,12,3,1,3304,53,34,6.91,31.5
2015-11-06,1,12,1,2,4256,49,23,6.86,31.5
2015-11-06,1,12,2,3,3555,13,21,6.88,31.5
2015-11-06,1,12,5,4,4266,22,38,6.96,31.5
2015-11-06,1,12,4,5,4456,5,9,6.99,31.5
2015-11-06,1,12,6,6,4043,34,35,6.96,31.5
2015-11-07,2,1,3,1,4280,8,15,6.9,376.1
2015-11-07,2,1,4,2,2528,43,3,6.95,376.1
2015-11-07,2,1,2,3,4182,20,59,6.86,376.1
2015-11-07,2,1,1,4,4452,19,56,6.85,376.1
2015-11-07,2,1,5,5,3076,50,37,6.85,376.1
2015-11-07,2,1,6,6,4853,18,53,6.94,376.1
2015-11-07,2,2,5,1,4802,47,24,6.78,40.0
2015-11-07,2,2,4,2,4273,17,11,6.94,40.0
2015-11-07,2,2,1,3,4703,10,8,6.97,40.0
2015-11-07,2,2,3,4,3492,11,54,6.9,40.0
2015-11-07,2,2,6,5,4843,15,12,6.92,40.0
2015-11-07,2,2,2,6,4651,45,13,6.94,40.0
2015-11-07,2,3,5,1,3555,13,21,6.9,124.8
2015-11-07,2,3,4,2,3666,7,66,6.93,124.8
2015-11-07,2,3,6,3,3075,38,18,6.92,124.8
2015-11-07,2,3,2,4,3796,4,63,6.81,124.8
2015-11-07,2,3,1,5,3627,1,48,6.95,124.8
2015-11-07,2,3,3,6,3064,44,25,6.91,124.8
2015-11-07,2,4,1,1,4431,37,41,6.93,12.9
2015-11-07,2,4,5,2,4256,49,23,6.84,12.9
2015-11-07,2,4,3,3,3711,14,26,6.92,12.9
2015-11-07,2,4,6,4,3278,35,47,6.92,12.9
2015-11-07,2,4,4,5,4654,2,10,6.83,12.9
2015-11-07,2,4,2,6,3764,16,51,7.0,12.9
2015-11-07,2,5,1,1,3304,53,34,6.9,16.9
2015-11-07,2,5,3,2,4556,41,43,6.82,16.9
2015-11-07,2,5,5,3,3207,40,50,6.9,16.9
2015-11-07,2,5,4,4,3730,55,5,6.93,16.9
2015-11-07,2,5,2,5,3675,12,40,6.93,16.9
2015-11-07,2,5,6,6,4071,3,60,6.93,16.9
2015-11-07,2,6,4,1,4043,34,35,6.92,10.8
2015-11-07,2,6,2,2,4113,46,28,6.95,10.8
2015-11-07,2,6,6,3,4571,6,29,6.89,10.8
2015-11-07,2,6,5,4,4280,8,15,6.96,10.8
2015-11-07,2,6,1,5,3604,52,2,6.87,10.8
2015-11-07,2,6,3,6,4651,45,13,6.9,10.8
2015-11-07,2,7,6,1,3577,54,36,6.9,39.7
2015-11-07,2,7,1,2,4475,51,1,6.82,39.7
2015-11-07,2,7,2,3,4456,5,9,6.98,39.7
2015-11-07,2,7,3,4,3627,1,48,6.91,39.7
2015-11-07,2,7,4,5,4478,48,30,6.84,39.7
2015-11-07,2,7,5,6,4167,21,62,6.96,39.7
2015-11-07,2,8,1,1,4266,22,38,6.89,3.7
2015-11-07,2,8,2,2,4059,36,65,6.96,3.7
2015-11-07,2,8,4,3,3075,38,18,6.98,3.7
2015-11-07,2,8,6,4,4654,2,10,6.91,3.7
2015-11-07,2,8,5,5,3492,11,54,6.95,3.7
2015-11-07,2,8,3,6,3076,50,37,6.9,3.7
2015-11-07,2,9,3,1,4256,49,23,6.85,7.1
2015-11-07,2,9,1,2,3566,39,27,6.94,7.1
2015-11-07,2,9,5,3,3458,9,19,6.95,7.1
2015-11-07,2,9,6,4,3666,7,66,7.0,7.1
2015-11-07,2,9,4,5,3207,40,50,6.94,7.1
2015-11-07,2,9,2,6,4273,17,11,7.02,7.1
2015-11-07,2,10,4,1,3064,44,25,6.97,35.9
2015-11-07,2,10,1,2,4043,34,35,6.91,35.9
2015-11-07,2,10,5,3,3730,55,5,6.99,35.9
2015-11-07,2,10,3,4,4802,47,24,6.8,35.9
2015-11-07,2,10,6,5,2528,43,3,7.04,35.9
2015-11-07,2,10,2,6,4478,48,30,6.87,35.9
2015-11-07,2,11,2,1,3304,53,34,6.92,15.4
2015-11-07,2,11,1,2,4113,46,28,6.93,15.4
2015-11-07,2,11,6,3,3555,13,21,6.88,15.4
2015-11-07,2,11,3,4,3278,35,47,6.94,15.4
2015-11-07,2,11,5,5,3577,54,36,6.92,15.4
2015-11-07,2,11,4,6,4452,19,56,6.87,15.4
2015-11-07,2,12,1,1,4456,5,9,6.94,47.1
2015-11-07,2,12,4,2,4571,6,29,6.87,47.1
2015-11-07,2,12,5,3,3711,14,26,6.97,47.1
2015-11-07,2,12,2,4,4266,22,38,6.94,47.1
2015-11-07,2,12,3,5,3566,39,27,6.89,47.1
2015-11-07,2,12,6,6,4556,41,43,6.9,47.1
2015-11-08,3,1,2,1,4654,2,10,6.88,19.0
2015-11-08,3,1,1,2,3711,14,26,6.93,19.0
2015-11-08,3,1,3,3,4273,17,11,7.0,19.0
2015-11-08,3,1,4,4,3675,12,40,6.93,19.0
2015-11-08,3,1,6,5,3076,50,37,6.91,19.0
2015-11-08,3,1,5,6,4843,15,12,6.9,19.0
2015-11-08,3,2,2,1,4703,10,8,7.0,39.3
2015-11-08,3,2,4,2,4651,45,13,6.91,39.3
2015-11-08,3,2,5,3,2528,43,3,6.94,39.3
2015-11-08,3,2,1,4,3492,11,54,6.96,39.3
2015-11-08,3,2,3,5,3764,16,51,7.05,39.3
2015-11-08,3,2,6,6,3207,40,50,6.97,39.3
2015-11-08,3,3,5,1,3627,1,48,6.99,127.9
2015-11-08,3,3,4,2,4556,41,43,6.93,127.9
2015-11-08,3,3,6,3,4059,36,65,7.01,127.9
2015-11-08,3,3,3,4,4571,6,29,6.96,127.9
2015-11-08,3,3,2,5,3666,7,66,6.9,127.9
2015-11-08,3,3,1,6,4167,21,62,7.05,127.9
2015-11-08,3,4,3,1,3604,52,2,6.95,315.8
2015-11-08,3,4,5,2,3577,54,36,6.88,315.8
2015-11-08,3,4,2,3,3730,55,5,6.99,315.8
2015-11-08,3,4,6,4,4256,49,23,6.95,315.8
2015-11-08,3,4,4,5,4071,3,60,6.95,315.8
2015-11-08,3,4,1,6,4182,20,59,6.94,315.8
2015-11-08,3,5,2,1,4456,5,9,6.98,17.2
2015-11-08,3,5,1,2,3075,38,18,6.99,17.2
2015-11-08,3,5,3,3,3278,35,47,6.92,17.2
2015-11-08,3,5,4,4,3064,44,25,6.98,17.2
2015-11-08,3,5,6,5,3675,12,40,6.99,17.2
2015-11-08,3,5,5,6,4431,37,41,6.94,17.2
2015-11-08,3,6,4,1,4802,47,24,6.84,27.5
2015-11-08,3,6,2,2,3566,39,27,6.93,27.5
2015-11-08,3,6,5,3,3555,13,21,6.83,27.5
2015-11-08,3,6,3,4,4478,48,30,6.87,27.5
2015-11-08,3,6,6,5,4853,18,53,6.97,27.5
2015-11-08,3,6,1,6,3764,16,51,7.03,27.5
2015-11-08,3,7,5,1,3304,53,34,6.9,39.1
2015-11-08,3,7,1,2,3796,4,63,6.85,39.1
2015-11-08,3,7,6,3,4113,46,28,6.95,39.1
2015-11-08,3,7,4,4,4475,51,1,7.0,39.1
2015-11-08,3,7,2,5,4266,22,38,6.95,39.1
2015-11-08,3,7,3,6,4280,8,15,6.96,39.1
2015-11-08,3,8,3,1,2528,43,3,7.02,335.2
2015-11-08,3,8,4,2,4043,34,35,6.89,335.2
2015-11-08,3,8,5,3,4071,3,60,6.93,335.2
2015-11-08,3,8,1,4,3458,9,19,6.94,335.2
2015-11-08,3,8,2,5,4452,19,56,6.88,335.2
2015-11-08,3,8,6,6,4843,15,12,7.02,335.2
2015-11-08,3,9,1,1,4256,49,23,6.82,18.4
2015-11-08,3,9,3,2,3064,44,25,6.96,18.4
2015-11-08,3,9,6,3,3711,14,26,7.01,18.4
2015-11-08,3,9,5,4,4182,20,59,6.85,18.4
2015-11-08,3,9,4,5,4571,6,29,6.96,18.4
2015-11-08,3,9,2,6,4431,37,41,6.99,18.4
2015-11-08,3,10,1,1,3555,13,21,6.83,10.5
2015-11-08,3,10,3,2,4266,22,38,6.97,10.5
2015-11-08,3,10,2,3,3577,54,36,6.88,10.5
2015-11-08,3,10,6,4,4456,5,9,7.03,10.5
2015-11-08,3,10,5,5,3666,7,66,6.94,10.5
2015-11-08,3,10,4,6,3278,35,47,6.98,10.5
2015-11-08,3,11,1,1,3304,53,34,6.95,8.9
2015-11-08,3,11,3,2,4556,41,43,6.92,8.9
2015-11-08,3,11,2,3,4043,34,35,6.93,8.9
2015-11-08,3,11,5,4,3566,39,27,6.92,8.9
2015-11-08,3,11,4,5,3796,4,63,6.96,8.9
2015-11-08,3,11,6,6,3075,38,18,6.98,8.9
2015-11-08,3,12,1,1,3730,55,5,6.97,118.2
2015-11-08,3,12,6,2,4478,48,30,6.94,118.2
2015-11-08,3,12,5,3,4475,51,1,6.97,118.2
2015-11-08,3,12,2,4,3604,52,2,6.92,118.2
2015-11-08,3,12,4,5,3458,9,19,6.97,118.2
2015-11-08,3,12,3,6,4059,36,65,7.0,118.2
2015-11-09,4,1,1,1,4478,48,30,6.91,5.9
2015-11-09,4,1,2,2,2528,43,3,6.96,5.9
2015-11-09,4,1,4,3,4280,8,15,6.94,5.9
2015-11-09,4,1,6,4,4853,18,53,6.94,5.9
2015-11-09,4,1,3,5,3076,50,37,6.94,5.9
2015-11-09,4,1,5,6,4651,45,13,6.97,5.9
2015-11-09,4,2,2,1,4071,3,60,6.88,29.9
2015-11-09,4,2,5,2,4273,17,11,6.96,29.9
2015-11-09,4,2,3,3,4167,21,62,6.96,29.9
2015-11-09,4,2,1,4,3207,40,50,6.91,29.9
2015-11-09,4,2,4,5,3492,11,54,6.86,29.9
2015-11-09,4,2,6,6,3764,16,51,7.02,29.9
2015-11-09,4,3,6,1,3577,54,36,6.83,35.9
2015-11-09,4,3,3,2,3458,9,19,6.92,35.9
2015-11-09,4,3,2,3,4431,37,41,7.0,35.9
2015-11-09,4,3,5,4,3604,52,2,6.86,35.9
2015-11-09,4,3,4,5,3627,1,48,7.02,35.9
2015-11-09,4,3,1,6,3675,12,40,6.93,35.9
2015-11-09,4,4,1,1,3278,35,47,6.9,30.6
2015-11-09,4,4,5,2,4452,19,56,6.83,30.6
2015-11-09,4,4,6,3,3730,55,5,6.89,30.6
2015-11-09,4,4,3,4,4475,51,1,6.99,30.6
2015-11-09,4,4,4,5,4703,10,8,6.93,30.6
2015-11-09,4,4,2,6,3666,7,66,6.88,30.6
2015-11-09,4,5,1,1,3566,39,27,6.9,7.9
2015-11-09,4,5,2,2,3075,38,18,6.88,7.9
2015-11-09,4,5,5,3,4802,47,24,6.77,7.9
2015-11-09,4,5,3,4,4651,45,13,6.86,7.9
2015-11-09,4,5,4,5,4059,36,65,6.93,7.9
2015-11-09,4,5,6,6,4843,15,12,6.89,7.9
2015-11-09,4,6,2,1,4113,46,28,6.97,102.2
2015-11-09,4,6,3,2,3796,4,63,6.96,102.2
2015-11-09,4,6,4,3,3207,40,50,6.95,102.2
2015-11-09,4,6,5,4,3711,14,26,6.98,102.2
2015-11-09,4,6,6,5,4043,34,35,6.93,102.2
2015-11-09,4,6,1,6,3076,50,37,6.9,102.2
2015-11-09,4,7,1,1,4456,5,9,6.91,101.6
2015-11-09,4,7,6,2,3458,9,19,7.03,101.6
2015-11-09,4,7,5,3,4853,18,53,6.99,101.6
2015-11-09,4,7,2,4,4475,51,1,7.0,101.6
2015-11-09,4,7,4,5,4182,20,59,6.93,101.6
2015-11-09,4,7,3,6,4273,17,11,7.04,101.6
2015-11-09,4,8,1,1,4571,6,29,6.88,7.3
2015-11-09,4,8,4,2,4452,19,56,6.87,7.3
2015-11-09,4,8,2,3,4478,48,30,6.85,7.3
2015-11-09,4,8,3,4,4703,10,8,6.93,7.3
2015-11-09,4,8,6,5,4167,21,62,6.99,7.3
2015-11-09,4,8,5,6,4280,8,15,6.96,7.3
2015-11-09,4,9,1,1,4059,36,65,6.91,22.2
2015-11-09,4,9,4,2,4113,46,28,6.93,22.2
2015-11-09,4,9,3,3,4802,47,24,6.84,22.2
2015-11-09,4,9,5,4,3730,55,5,6.88,22.2
2015-11-09,4,9,2,5,3627,1,48,6.97,22.2
2015-11-09,4,9,6,6,3492,11,54,7.02,22.2
2015-11-09,4,10,1,1,3577,54,36,6.83,20.1
2015-11-09,4,10,3,2,4182,20,59,6.98,20.1
2015-11-09,4,10,2,3,3711,14,26,6.99,20.1
2015-11-09,4,10,4,4,3796,4,63,6.92,20.1
2015-11-09,4,10,6,5,3075,38,18,6.98,20.1
2015-11-09,4,10,5,6,3278,35,47,6.99,20.1
2015-11-09,4,11,1,1,4043,34,35,6.91,8.7
2015-11-09,4,11,3,2,4456,5,9,7.01,8.7
2015-11-09,4,11,2,3,3566,39,27,6.99,8.7
2015-11-09,4,11,4,4,4571,6,29,6.9,8.7
2015-11-09,4,11,5,5,3666,7,66,6.88,8.7
2015-11-09,4,11,6,6,4431,37,41,6.98,8.7
2015-11-09,4,12,1,1,3304,53,34,6.85,13.5
2015-11-09,4,12,3,2,4256,49,23,6.88,13.5
2015-11-09,4,12,5,3,4266,22,38,6.98,13.5
2015-11-09,4,12,2,4,3555,13,21,6.86,13.5
2015-11-09,4,12,4,5,4556,41,43,6.91,13.5
2015-11-09,4,12,6,6,3064,44,25,6.98,13.5
2015-11-13,1,1,3,1,3506,4,39,6.91,55.4
2015-11-13,1,1,1,2,3478,31,18,6.95,55.4
2015-11-13,1,1,4,3,4138,5,33,6.97,55.4
2015-11-13,1,1,6,4,4549,32,29,7.02,55.4
2015-11-13,1,1,5,5,3835,59,66,6.87,55.4
2015-11-13,1,1,2,6,4717,33,9,6.96,55.4
2015-11-13,1,2,4,1,3645,38,65,6.98,13.6
2015-11-13,1,2,1,2,4098,60,31,6.9,13.6
2015-11-13,1,2,2,3,3182,37,56,6.95,13.6
2015-11-13,1,2,3,4,4170,56,36,6.9,13.6
2015-11-13,1,2,5,5,4784,30,17,6.97,13.6
2015-11-13,1,2,6,6,3469,24,26,7.0,13.6
2015-11-13,1,4,4,1,3817,47,62,6.89,33.6
2015-11-13,1,4,5,2,3280,23,37,7.04,33.6
2015-11-13,1,4,1,3,3177,64,1,6.96,33.6
2015-11-13,1,4,2,4,3474,29,24,6.98,33.6
2015-11-13,1,4,3,5,4742,45,34,6.94,33.6
2015-11-13,1,4,6,6,4829,9,7,6.98,33.6
2015-11-13,1,5,1,1,3904,40,63,6.99,26.8
2015-11-13,1,5,3,2,3414,44,47,7.01,26.8
2015-11-13,1,5,6,3,4004,41,58,6.99,26.8
2015-11-13,1,5,5,4,4121,34,8,7.01,26.8
2015-11-13,1,5,2,5,4010,3,19,7.05,26.8
2015-11-13,1,5,4,6,3391,10,45,7.05,26.8
2015-11-13,1,6,2,1,3232,11,53,7.05,5.6
2015-11-13,1,6,1,2,3894,43,11,6.92,5.6
2015-11-13,1,6,3,3,4733,58,16,7.05,5.6
2015-11-13,1,6,6,4,3766,7,60,7.07,5.6
2015-11-13,1,6,4,5,3469,24,26,7.11,5.6
2015-11-13,1,6,5,6,4849,26,23,6.95,5.6
2015-11-13,1,7,6,1,3780,8,48,6.96,166.3
2015-11-13,1,7,5,2,3506,4,39,7.09,166.3
2015-11-13,1,7,3,3,4549,32,29,7.04,166.3
2015-11-13,1,7,1,4,4437,6,13,6.95,166.3
2015-11-13,1,7,2,5,4116,35,54,7.0,166.3
2015-11-13,1,7,4,6,4322,57,59,6.96,166.3
2015-11-13,1,8,3,1,3817,47,62,6.92,29.4
2015-11-13,1,8,4,2,3802,13,30,7.02,29.4
2015-11-13,1,8,1,3,3302,36,41,7.04,29.4
2015-11-13,1,8,5,4,4170,56,36,7.09,29.4
2015-11-13,1,8,2,5,3117,63,35,7.02,29.4
2015-11-13,1,8,6,6,4784,30,17,6.99,29.4
2015-11-13,1,9,1,1,4231,66,57,7.04,17.5
2015-11-13,1,9,2,2,3478,31,18,7.13,17.5
2015-11-13,1,9,3,3,3904,40,63,7.01,17.5
2015-11-13,1,9,5,4,3414,44,47,7.01,17.5
2015-11-13,1,9,6,5,4198,39,28,6.98,17.5
2015-11-13,1,9,4,6,3835,59,66,6.95,17.5
2015-11-13,1,10,1,1,4011,25,64,6.95,5.7
2015-11-13,1,10,3,2,3182,37,56,7.05,5.7
2015-11-13,1,10,4,3,3177,64,1,6.97,5.7
2015-11-13,1,10,5,4,3100,12,15,7.06,5.7
2015-11-13,1,10,6,5,4849,26,23,7.03,5.7
2015-11-13,1,10,2,6,3528,27,10,7.04,5.7
2015-11-13,1,11,4,1,4004,41,58,6.89,69.1
2015-11-13,1,11,1,2,3385,46,52,7.02,69.1
2015-11-13,1,11,2,3,3784,62,6,6.96,69.1
2015-11-13,1,11,6,4,4199,65,49,6.93,69.1
2015-11-13,1,11,5,5,4138,5,33,6.94,69.1
2015-11-13,1,11,3,6,4116,35,54,6.98,69.1
2015-11-13,1,12,2,1,3435,28,44,7.06,17.8
2015-11-13,1,12,1,2,3232,11,53,7.03,17.8
2015-11-13,1,12,3,3,3302,36,41,7.02,17.8
2015-11-13,1,12,4,4,3280,23,37,7.12,17.8
2015-11-13,1,12,6,5,3645,38,65,7.09,17.8
2015-11-13,1,12,5,6,3802,13,30,6.98,17.8
2015-11-14,2,1,1,1,3802,13,30,6.86,9.7
2015-11-14,2,1,4,2,4170,56,36,7.0,9.7
2015-11-14,2,1,5,3,3528,27,10,6.94,9.7
2015-11-14,2,1,6,4,4733,58,16,7.04,9.7
2015-11-14,2,1,2,5,3100,12,15,6.96,9.7
2015-11-14,2,1,3,6,3766,7,60,7.01,9.7
2015-11-14,2,2,5,1,4116,35,54,6.99,75.7
2015-11-14,2,2,6,2,4545,61,50,6.99,75.7
2015-11-14,2,2,3,3,3835,59,66,7.02,75.7
2015-11-14,2,2,4,4,4717,33,9,7.0,75.7
2015-11-14,2,2,2,5,4322,57,59,7.1,75.7
2015-11-14,2,2,1,6,4010,3,19,6.96,75.7
2015-11-14,2,4,2,1,4231,66,57,7.02,79.7
2015-11-14,2,4,1,2,4004,41,58,7.0,79.7
2015-11-14,2,4,3,3,4121,34,8,6.93,79.7
2015-11-14,2,4,5,4,4437,6,13,7.0,79.7
2015-11-14,2,4,6,5,3784,62,6,7.01,79.7
2015-11-14,2,4,4,6,4427,1,20,7.07,79.7
2015-11-14,2,5,4,1,3435,28,44,6.98,8.3
2015-11-14,2,5,2,2,3894,43,11,6.88,8.3
2015-11-14,2,5,5,3,3817,47,62,6.97,8.3
2015-11-14,2,5,1,4,3100,12,15,7.08,8.3
2015-11-14,2,5,6,5,4849,26,23,6.9,8.3
2015-11-14,2,5,3,6,3474,29,24,6.88,8.3
2015-11-14,2,6,2,1,3780,8,48,6.91,54.7
2015-11-14,2,6,5,2,2912,2,22,6.92,54.7
2015-11-14,2,6,3,3,4010,3,19,6.94,54.7
2015-11-14,2,6,4,4,3385,46,52,7.01,54.7
2015-11-14,2,6,6,5,4138,5,33,6.99,54.7
2015-11-14,2,6,1,6,3506,4,39,6.99,54.7
2015-11-14,2,7,2,1,4011,25,64,6.92,7.0
2015-11-14,2,7,1,2,3182,37,56,6.9,7.0
2015-11-14,2,7,3,3,3280,23,37,7.01,7.0
2015-11-14,2,7,5,4,4098,60,31,6.99,7.0
2015-11-14,2,7,6,5,4829,9,7,6.98,7.0
2015-11-14,2,7,4,6,3766,7,60,7.02,7.0
2015-11-14,2,8,1,1,3391,10,45,6.92,4.5
2015-11-14,2,8,2,2,4199,65,49,6.95,4.5
2015-11-14,2,8,4,3,3478,31,18,7.02,4.5
2015-11-14,2,8,3,4,4198,39,28,7.02,4.5
2015-11-14,2,8,6,5,4121,34,8,6.93,4.5
2015-11-14,2,8,5,6,4717,33,9,6.98,4.5
2015-11-14,2,9,2,1,3645,38,65,7.1,32.7
2015-11-14,2,9,1,2,3474,29,24,6.98,32.7
2015-11-14,2,9,4,3,4733,58,16,7.12,32.7
2015-11-14,2,9,3,4,3117,63,35,7.12,32.7
2015-11-14,2,9,5,5,3232,11,53,7.01,32.7
2015-11-14,2,9,6,6,4784,30,17,7.07,32.7
2015-11-14,2,11,3,1,4011,25,64,7.01,130.8
2015-11-14,2,11,1,2,3435,28,44,7.0,130.8
2015-11-14,2,11,6,3,3528,27,10,7.07,130.8
2015-11-14,2,11,4,4,3894,43,11,7.07,130.8
2015-11-14,2,11,2,5,3280,23,37,7.08,130.8
2015-11-14,2,11,5,6,4742,45,34,7.0,130.8
2015-11-14,2,12,1,1,3780,8,48,6.89,19.7
2015-11-14,2,12,4,2,4545,61,50,6.93,19.7
2015-11-14,2,12,6,3,3385,46,52,7.05,19.7
2015-11-14,2,12,3,4,3391,10,45,6.99,19.7
2015-11-14,2,12,2,5,3414,44,47,6.98,19.7
2015-11-14,2,12,5,6,3784,62,6,6.93,19.7
2015-11-15,3,1,1,1,4199,65,49,6.98,73.4
2015-11-15,3,1,6,2,4116,35,54,6.94,73.4
2015-11-15,3,1,2,3,4138,5,33,6.95,73.4
2015-11-15,3,1,5,4,3391,10,45,6.99,73.4
2015-11-15,3,1,3,5,4004,41,58,6.85,73.4
2015-11-15,3,1,4,6,4010,3,19,6.98,73.4
2015-11-15,3,2,1,1,4170,56,36,6.97,9.1
2015-11-15,3,2,3,2,3894,43,11,6.97,9.1
2015-11-15,3,2,4,3,3100,12,15,6.93,9.1
2015-11-15,3,2,2,4,3469,24,26,7.05,9.1
2015-11-15,3,2,6,5,3117,63,35,6.97,9.1
2015-11-15,3,2,5,6,4829,9,7,6.99,9.1
2015-11-15,3,3,5,1,3780,8,48,6.92,33.0
2015-11-15,3,3,4,2,2912,2,22,6.97,33.0
2015-11-15,3,3,6,3,4231,66,57,6.95,33.0
2015-11-15,3,3,3,4,3478,31,18,6.96,33.0
2015-11-15,3,3,2,5,4121,34,8,6.92,33.0
2015-11-15,3,3,1,6,3835,59,66,6.94,33.0
2015-11-15,3,4,2,1,3802,13,30,6.88,9.0
2015-11-15,3,4,1,2,4733,58,16,6.89,9.0
2015-11-15,3,4,4,3,3474,29,24,6.87,9.0
2015-11-15,3,4,5,4,4849,26,23,6.93,9.0
2015-11-15,3,4,6,5,4742,45,34,6.95,9.0
2015-11-15,3,4,3,6,3182,37,56,6.96,9.0
2015-11-15,3,5,1,1,4545,61,50,6.81,6.0
2015-11-15,3,5,4,2,3414,44,47,6.97,6.0
2015-11-15,3,5,3,3,4427,1,20,7.0,6.0
2015-11-15,3,5,2,4,3506,4,39,6.98,6.0
2015-11-15,3,5,5,5,4198,39,28,6.93,6.0
2015-11-15,3,5,6,6,4322,57,59,6.94,6.0
2015-11-15,3,6,3,1,3435,28,44,6.9,17.0
2015-11-15,3,6,1,2,3817,47,62,6.9,17.0
2015-11-15,3,6,2,3,4170,56,36,6.89,17.0
2015-11-15,3,6,4,4,4011,25,64,6.95,17.0
2015-11-15,3,6,5,5,3766,7,60,6.99,17.0
2015-11-15,3,6,6,6,4784,30,17,7.01,17.0
2015-11-15,3,7,1,1,4121,34,8,6.95,14.5
2015-11-15,3,7,2,2,3904,40,63,6.98,14.5
2015-11-15,3,7,5,3,3385,46,52,6.99,14.5
2015-11-15,3,7,4,4,4116,35,54,6.95,14.5
2015-11-15,3,7,6,5,4437,6,13,6.91,14.5
2015-11-15,3,7,3,6,4717,33,9,6.87,14.5
2015-11-15,3,8,5,1,3474,29,24,6.9,213.8
2015-11-15,3,8,2,2,4098,60,31,6.93,213.8
2015-11-15,3,8,4,3,3232,11,53,7.04,213.8
2015-11-15,3,8,1,4,3280,23,37,6.98,213.8
2015-11-15,3,8,3,5,3528,27,10,6.96,213.8
2015-11-15,3,8,6,6,4849,26,23,6.95,213.8
2015-11-15,3,9,1,1,4549,32,3,7.0,132.5
2015-11-15,3,9,6,2,3391,10,45,6.95,132.5
2015-11-15,3,9,2,3,3835,59,66,6.97,132.5
2015-11-15,3,9,3,4,3784,62,6,6.99,132.5
2015-11-15,3,9,5,5,4231,66,57,7.01,132.5
2015-11-15,3,9,4,6,3506,4,39,6.91,132.5
2015-11-15,3,10,1,1,3645,38,65,6.93,7.2
2015-11-15,3,10,4,2,3435,28,44,6.91,7.2
2015-11-15,3,10,2,3,4733,58,16,6.94,7.2
2015-11-15,3,10,6,4,3302,36,41,6.93,7.2
2015-11-15,3,10,5,5,3177,64,1,6.91,7.2
2015-11-15,3,10,3,6,3100,12,15,7.01,7.2
2015-11-15,3,11,1,1,3414,44,47,6.9,8.5
2015-11-15,3,11,3,2,3385,46,52,6.99,8.5
2015-11-15,3,11,2,3,4004,41,58,6.85,8.5
2015-11-15,3,11,4,4,4199,65,49,7.02,8.5
2015-11-15,3,11,6,5,3478,31,18,7.01,8.5
2015-11-15,3,11,5,6,4322,57,59,6.96,8.5
2015-11-15,3,12,1,1,3232,11,53,6.97,6.0
2015-11-15,3,12,2,2,3817,47,62,6.81,6.0
2015-11-15,3,12,3,3,3802,13,30,6.83,6.0
2015-11-15,3,12,4,4,3469,24,46,7.09,6.0
2015-11-15,3,12,5,5,3182,37,56,6.93,6.0
2015-11-15,3,12,6,6,4829,9,7,6.93,6.0
2015-11-16,4,1,1,1,3280,23,37,6.88,19.0
2015-11-16,4,1,5,2,3894,43,11,6.95,19.0
2015-11-16,4,1,3,3,3817,47,62,6.8,19.0
2015-11-16,4,1,2,4,3177,64,1,6.8,19.0
2015-11-16,4,1,4,5,3182,37,56,6.95,19.0
2015-11-16,4,1,6,6,4784,30,17,6.95,19.0
2015-11-16,4,3,3,1,3435,28,44,6.87,4.1
2015-11-16,4,3,1,2,3528,27,10,6.88,4.1
2015-11-16,4,3,5,3,4733,58,16,6.88,4.1
2015-11-16,4,3,4,4,4742,45,34,6.91,4.1
2015-11-16,4,3,6,5,4829,9,7,6.85,4.1
2015-11-16,4,3,2,6,3766,7,60,6.95,4.1
2015-11-16,4,4,4,1,3780,8,48,6.9,17.3
2015-11-16,4,4,2,2,3391,10,45,6.95,17.3
2015-11-16,4,4,1,3,4322,57,59,6.92,17.3
2015-11-16,4,4,5,4,4010,3,19,6.88,17.3
2015-11-16,4,4,3,5,4717,33,9,6.94,17.3
2015-11-16,4,4,6,6,3904,40,63,6.91,17.3
2015-11-16,4,5,1,1,3645,38,65,6.93,3.5
2015-11-16,4,5,3,2,3232,11,53,6.91,3.5
2015-11-16,4,5,4,3,4011,25,64,6.9,3.5
2015-11-16,4,5,6,4,3117,63,35,6.92,3.5
2015-11-16,4,5,5,5,4784,30,17,7.06,3.5
2015-11-16,4,5,2,6,3100,12,15,6.92,3.5
2015-11-16,4,6,2,1,4545,61,50,6.84,12.3
2015-11-16,4,6,1,2,4138,5,33,6.9,12.3
2015-11-16,4,6,3,3,4437,6,13,6.97,12.3
2015-11-16,4,6,5,4,4199,65,49,7.05,12.3
2015-11-16,4,6,4,5,3784,62,6,6.91,12.3
2015-11-16,4,6,6,6,3835,59,66,6.99,12.3
2015-11-16,4,7,4,1,4098,60,31,6.89,14.9
2015-11-16,4,7,3,2,3474,29,24,6.99,14.9
2015-11-16,4,7,6,3,3302,36,41,6.91,14.9
2015-11-16,4,7,1,4,3766,7,60,6.99,14.9
2015-11-16,4,7,5,5,4829,9,7,6.96,14.9
2015-11-16,4,7,2,6,3469,24,46,6.87,14.9
2015-11-16,4,8,2,1,3385,46,52,6.99,152.4
2015-11-16,4,8,1,2,4116,35,54,6.92,152.4
2015-11-16,4,8,6,3,3506,4,39,6.92,152.4
2015-11-16,4,8,3,4,4231,66,57,6.98,152.4
2015-11-16,4,8,4,5,4427,1,20,6.98,152.4
2015-11-16,4,8,5,6,4004,41,58,6.95,152.4
2015-11-16,4,9,1,1,3802,13,30,6.82,5.9
2015-11-16,4,9,4,2,3645,38,65,6.95,5.9
2015-11-16,4,9,5,3,4011,25,64,6.92,5.9
2015-11-16,4,9,3,4,4170,56,36,6.94,5.9
2015-11-16,4,9,2,5,3528,27,10,6.87,5.9
2015-11-16,4,9,6,6,4849,26,23,6.89,5.9
2015-11-16,4,10,1,1,3784,62,6,6.88,12.2
2015-11-16,4,10,4,2,3904,40,63,6.94,12.2
2015-11-16,4,10,5,3,3478,31,18,6.98,12.2
2015-11-16,4,10,3,4,2912,2,22,6.85,12.2
2015-11-16,4,10,6,5,4010,3,19,6.86,12.2
2015-11-16,4,10,2,6,4198,39,28,6.91,12.2
2015-11-16,4,11,2,1,4427,1,20,6.93,1076.2
2015-11-16,4,11,3,2,4545,61,50,6.79,1076.2
2015-11-16,4,11,6,3,4717,33,9,6.91,1076.2
2015-11-16,4,11,1,4,3780,8,48,6.95,1076.2
2015-11-16,4,11,5,5,4437,6,13,6.8,1076.2
2015-11-16,4,11,4,6,4549,32,3,6.97,1076.2
2015-11-16,4,12,1,1,3435,28,44,6.88,5.7
2015-11-16,4,12,2,2,3232,11,53,6.9,5.7
2015-11-16,4,12,5,3,4098,60,31,6.88,5.7
2015-11-16,4,12,4,4,3177,64,1,6.87,5.7
2015-11-16,4,12,6,5,4742,45,34,6.91,5.7
2015-11-16,4,12,3,6,3894,43,11,6.93,5.7
2015-11-17,5,1,2,1,4004,41,58,6.86,12.2
2015-11-17,5,1,1,2,3904,40,63,6.96,12.2
2015-11-17,5,1,4,3,4549,32,4,6.99,12.2
2015-11-17,5,1,3,4,3835,59,66,6.94,12.2
2015-11-17,5,1,5,5,3766,7,60,6.98,12.2
2015-11-17,5,1,6,6,4742,45,34,6.95,12.2
2015-11-17,5,2,4,1,4322,57,59,7.03,60.0
2015-11-17,5,2,3,2,4231,66,57,7.03,60.0
2015-11-17,5,2,1,3,4717,33,9,6.91,60.0
2015-11-17,5,2,2,4,4170,56,36,6.93,60.0
2015-11-17,5,2,6,5,4849,26,23,6.96,60.0
2015-11-17,5,2,5,6,3100,12,15,7.05,60.0
2015-11-17,5,3,4,1,3391,10,45,6.9,44.6
2015-11-17,5,3,3,2,4199,65,49,6.98,44.6
2015-11-17,5,3,5,3,3645,38,65,6.9,44.6
2015-11-17,5,3,2,4,4437,6,13,6.85,44.6
2015-11-17,5,3,1,5,4733,58,16,6.99,44.6
2015-11-17,5,3,6,6,4829,9,7,6.92,44.6
2015-11-17,5,4,2,1,3474,29,24,6.82,37.6
2015-11-17,5,4,1,2,2912,2,22,6.87,37.6
2015-11-17,5,4,4,3,3385,46,52,6.97,37.6
2015-11-17,5,4,5,4,3802,13,30,6.91,37.6
2015-11-17,5,4,3,5,3894,43,11,6.95,37.6
2015-11-17,5,4,6,6,3117,63,35,6.97,37.6
2015-11-17,5,5,5,1,4138,5,33,7.01,197.8
2015-11-17,5,5,1,2,3478,31,18,6.93,197.8
2015-11-17,5,5,4,3,3780,8,48,6.8,197.8
2015-11-17,5,5,6,4,4784,30,17,6.95,197.8
2015-11-17,5,5,2,5,3280,23,37,6.94,197.8
2015-11-17,5,5,3,6,4098,60,31,6.89,197.8
2015-11-17,5,6,1,1,3414,44,47,6.89,56.5
2015-11-17,5,6,2,2,4010,3,19,6.92,56.5
2015-11-17,5,6,6,3,4116,35,54,6.98,56.5
2015-11-17,5,6,4,4,4011,25,64,6.84,56.5
2015-11-17,5,6,5,5,3435,28,44,6.95,56.5
2015-11-17,5,6,3,6,3469,24,46,6.94,56.5
2015-11-17,5,7,1,1,4545,61,50,6.82,44.3
2015-11-17,5,7,2,2,3506,4,39,6.9,44.3
2015-11-17,5,7,6,3,3302,36,41,6.95,44.3
2015-11-17,5,7,4,4,3232,11,53,6.92,44.3
2015-11-17,5,7,5,5,3817,47,62,6.99,44.3
2015-11-17,5,7,3,6,4121,34,8,6.87,44.3
2015-11-17,5,8,5,1,4004,41,58,6.79,318.6
2015-11-17,5,8,4,2,4231,66,57,6.91,318.6
2015-11-17,5,8,1,3,3385,46,52,6.94,318.6
2015-11-17,5,8,2,4,4549,32,4,6.92,318.6
2015-11-17,5,8,6,5,2912,2,22,6.9,318.6
2015-11-17,5,8,3,6,3391,10,45,6.98,318.6
2015-11-17,5,9,4,1,4098,60,31,6.88,342.5
2015-11-17,5,9,5,2,3474,29,24,6.91,342.5
2015-11-17,5,9,2,3,3802,13,30,6.88,342.5
2015-11-17,5,9,3,4,4011,25,64,6.9,342.5
2015-11-17,5,9,6,5,4170,56,36,6.94,342.5
2015-11-17,5,9,1,6,3645,38,65,6.97,342.5
2015-11-17,5,10,1,1,3780,8,48,6.84,13.5
2015-11-17,5,10,3,2,4545,61,50,6.79,13.5
2015-11-17,5,10,6,3,3478,31,18,6.9,13.5
2015-11-17,5,10,5,4,3904,40,63,6.85,13.5
2015-11-17,5,10,4,5,4199,65,49,6.88,13.5
2015-11-17,5,10,2,6,3414,44,47,6.9,13.5
2015-11-17,5,11,2,1,3817,47,62,6.77,113.2
2015-11-17,5,11,1,2,3435,28,44,6.83,113.2
2015-11-17,5,11,5,3,3280,23,37,6.88,113.2
2015-11-17,5,11,4,4,3894,43,11,6.88,113.2
2015-11-17,5,11,3,5,3232,11,53,6.93,113.2
2015-11-17,5,11,6,6,4733,58,16,6.88,113.2
2015-11-17,5,12,3,1,4116,35,54,6.88,50.7
2015-11-17,5,12,1,2,3784,62,6,6.83,50.7
2015-11-17,5,12,2,3,3182,37,56,6.88,50.7
2015-11-17,5,12,6,4,4427,1,20,6.96,50.7
2015-11-17,5,12,4,5,3528,27,10,6.9,50.7
2015-11-17,5,12,5,6,3177,64,1,6.9,50.7
2015-11-18,6,1,1,1,4199,65,49,7.01,6.9
2015-11-18,6,1,5,2,3506,4,39,6.9,6.9
2015-11-18,6,1,3,3,4322,57,59,6.98,6.9
2015-11-18,6,1,2,4,3100,12,15,7.01,6.9
2015-11-18,6,1,4,5,3177,64,1,6.95,6.9
2015-11-18,6,1,6,6,4829,9,7,6.97,6.9
2015-11-18,6,2,3,1,3835,59,66,7.03,63.8
2015-11-18,6,2,4,2,4010,3,19,6.93,63.8
2015-11-18,6,2,6,3,4784,30,17,7.02,63.8
2015-11-18,6,2,1,4,3528,27,10,7.01,63.8
2015-11-18,6,2,5,5,3469,24,46,7.04,63.8
2015-11-18,6,2,2,6,3766,7,60,7.03,63.8
2015-11-18,6,3,3,1,4121,34,8,6.98,38.1
2015-11-18,6,3,1,2,3182,37,56,6.99,38.1
2015-11-18,6,3,5,3,3904,40,63,7.01,38.1
2015-11-18,6,3,4,4,4427,1,20,7.07,38.1
2015-11-18,6,3,2,5,4733,58,16,7.03,38.1
2015-11-18,6,3,6,6,3117,63,35,7.05,38.1
2015-11-18,6,4,4,1,4437,6,13,6.96,81.8
2015-11-18,6,4,1,2,3414,44,47,6.92,81.8
2015-11-18,6,4,3,3,3894,43,11,6.94,81.8
2015-11-18,6,4,2,4,2912,2,22,6.94,81.8
2015-11-18,6,4,6,5,3784,62,6,7.05,81.8
2015-11-18,6,4,5,6,4849,26,23,6.98,81.8
2015-11-18,6,5,1,1,3232,11,53,6.94,7.8
2015-11-18,6,5,4,2,4549,32,4,7.03,7.8
2015-11-18,6,5,3,3,4138,5,33,6.96,7.8
2015-11-18,6,5,2,4,4170,56,36,6.88,7.8
2015-11-18,6,5,5,5,4717,33,9,6.91,7.8
2015-11-18,6,5,6,6,4742,45,34,7.01,7.8
2015-11-18,6,6,1,1,3391,10,45,6.85,15.3
2015-11-18,6,6,2,2,3645,38,12,6.92,15.3
2015-11-18,6,6,4,3,3528,27,10,6.97,15.3
2015-11-18,6,6,5,4,4322,57,59,6.92,15.3
2015-11-18,6,6,3,5,3177,64,1,6.89,15.3
2015-11-18,6,6,6,6,3302,36,41,6.85,15.3
2015-11-18,6,7,1,1,4116,35,54,6.98,33.7
2015-11-18,6,7,5,2,4121,34,8,6.86,33.7
2015-11-18,6,7,3,3,3506,4,39,6.97,33.7
2015-11-18,6,7,6,4,3802,13,30,6.93,33.7
2015-11-18,6,7,2,5,4437,6,13,6.98,33.7
2015-11-18,6,7,4,6,3469,24,46,6.96,33.7
2015-11-18,6,8,1,1,4427,1,20,6.93,91.4
2015-11-18,6,8,5,2,4010,3,19,6.91,91.4
2015-11-18,6,8,3,3,3100,12,15,7.0,91.4
2015-11-18,6,8,4,4,3784,62,6,7.05,91.4
2015-11-18,6,8,2,5,4138,5,33,6.99,91.4
2015-11-18,6,8,6,6,4849,26,23,6.94,91.4
2015-11-18,6,9,4,1,2912,2,22,6.97,223.0
2015-11-18,6,9,6,2,3391,10,45,7.0,223.0
2015-11-18,6,9,5,3,3414,44,47,7.0,223.0
2015-11-18,6,9,3,4,4199,65,49,6.95,223.0
2015-11-18,6,9,1,5,4549,32,4,6.96,223.0
2015-11-18,6,9,2,6,3904,40,63,6.98,223.0
2015-11-18,6,10,4,1,3645,38,12,6.94,17.7
2015-11-18,6,10,1,2,3894,43,11,6.83,17.7
2015-11-18,6,10,2,3,3232,11,53,7.0,17.7
2015-11-18,6,10,5,4,4733,58,16,6.92,17.7
2015-11-18,6,10,3,5,4170,56,36,6.95,17.7
2015-11-18,6,10,6,6,3182,37,56,6.96,17.7
2015-11-18,6,11,1,1,3780,8,48,6.82,7.5
2015-11-18,6,11,3,2,4545,61,50,6.83,7.5
2015-11-18,6,11,2,3,4004,41,58,6.86,7.5
2015-11-18,6,11,5,4,3385,46,52,6.92,7.5
2015-11-18,6,11,6,5,3478,31,18,6.9,7.5
2015-11-18,6,11,4,6,4231,66,57,6.94,7.5
2015-11-18,6,12,1,1,3817,47,62,6.86,22.5
2015-11-18,6,12,3,2,3435,28,44,6.86,22.5
2015-11-18,6,12,6,3,4011,25,64,6.86,22.5
2015-11-18,6,12,2,4,4098,60,31,6.92,22.5
2015-11-18,6,12,5,5,3280,23,37,6.92,22.5
2015-11-18,6,12,4,6,3474,29,24,6.89,22.5
2015-11-24,1,1,2,1,3377,27,61,6.79,978.1
2015-11-24,1,1,6,2,3220,28,51,6.84,978.1
2015-11-24,1,1,5,3,4879,65,64,6.82,978.1
2015-11-24,1,1,1,4,4643,33,20,6.87,978.1
2015-11-24,1,1,3,5,4248,21,5,6.84,978.1
2015-11-24,1,1,4,6,3121,35,38,6.87,978.1
2015-11-24,1,2,1,1,3753,64,24,6.9,19.3
2015-11-24,1,2,2,2,3879,16,14,6.85,19.3
2015-11-24,1,2,3,3,3636,20,41,6.81,19.3
2015-11-24,1,2,5,4,3648,57,27,6.87,19.3
2015-11-24,1,2,6,5,4894,1,6,6.99,19.3
2015-11-24,1,2,4,6,4176,26,18,6.82,19.3
2015-11-24,1,3,1,1,3867,51,55,6.84,139.3
2015-11-24,1,3,5,2,4855,19,53,6.84,139.3
2015-11-24,1,3,6,3,4319,30,52,6.97,139.3
2015-11-24,1,3,4,4,3697,58,33,6.9,139.3
2015-11-24,1,3,3,5,3851,62,44,6.86,139.3
2015-11-24,1,3,2,6,4772,17,50,6.92,139.3
2015-11-24,1,4,3,1,3892,18,21,6.82,19.2
2015-11-24,1,4,5,2,4297,48,48,6.81,19.2
2015-11-24,1,4,6,3,4594,23,35,6.82,19.2
2015-11-24,1,4,2,4,3370,29,11,6.86,19.2
2015-11-24,1,4,1,5,4506,32,39,6.87,19.2
2015-11-24,1,4,4,6,4623,24,13,6.83,19.2
2015-11-24,1,5,2,1,3553,54,40,6.91,187.8
2015-11-24,1,5,4,2,4608,2,7,6.86,187.8
2015-11-24,1,5,5,3,4816,55,8,6.71,187.8
2015-11-24,1,5,1,4,4171,63,25,6.86,187.8
2015-11-24,1,5,3,5,4396,3,63,6.84,187.8
2015-11-24,1,5,6,6,4864,52,26,6.82,187.8
2015-11-24,1,6,2,1,4471,31,17,6.82,222.6
2015-11-24,1,6,4,2,4572,59,46,6.84,222.6
2015-11-24,1,6,6,3,3673,14,57,6.83,222.6
2015-11-24,1,6,3,4,3837,60,29,6.77,222.6
2015-11-24,1,6,5,5,4388,34,30,6.74,222.6
2015-11-24,1,6,1,6,3976,25,45,6.87,222.6
2015-11-24,1,7,2,1,4024,49,12,6.75,40.4
2015-11-24,1,7,1,2,3851,62,44,6.78,40.4
2015-11-24,1,7,4,3,3879,16,14,6.89,40.4
2015-11-24,1,7,3,4,4460,56,15,6.86,40.4
2015-11-24,1,7,5,5,4228,22,4,6.83,40.4
2015-11-24,1,7,6,6,4879,65,64,6.81,40.4
2015-11-24,1,8,1,1,3558,50,22,6.71,26.2
2015-11-24,1,8,4,2,4314,15,2,6.83,26.2
2015-11-24,1,8,5,3,3636,20,41,6.87,26.2
2015-11-24,1,8,2,4,4643,33,20,6.81,26.2
2015-11-24,1,8,6,5,4855,19,53,6.89,26.2
2015-11-24,1,8,3,6,3370,29,11,6.79,26.2
2015-11-24,1,9,6,1,4608,2,7,6.82,102.0
2015-11-24,1,9,2,2,3121,35,38,6.87,102.0
2015-11-24,1,9,3,3,3790,61,43,6.79,102.0
2015-11-24,1,9,1,4,3461,36,58,6.78,102.0
2015-11-24,1,9,5,5,4623,24,13,6.95,102.0
2015-11-24,1,9,4,6,4772,17,50,6.9,102.0
2015-11-24,1,10,1,1,4471,31,17,6.78,30.8
2015-11-24,1,10,3,2,4808,53,32,6.86,30.8
2015-11-24,1,10,4,3,3377,27,61,6.86,30.8
2015-11-24,1,10,5,4,4594,23,35,6.83,30.8
2015-11-24,1,10,6,5,4176,26,18,6.87,30.8
2015-11-24,1,10,2,6,4039,66,16,6.84,30.8
2015-11-24,1,11,1,1,4460,56,15,6.8,45.6
2015-11-24,1,11,5,2,4319,30,52,6.83,45.6
2015-11-24,1,11,4,3,4388,34,30,6.78,45.6
2015-11-24,1,11,2,4,4171,63,25,6.84,45.6
2015-11-24,1,11,6,5,3892,18,21,6.75,45.6
2015-11-24,1,11,3,6,3220,28,51,6.87,45.6
2015-11-24,1,12,1,1,4024,49,12,6.75,22.0
2015-11-24,1,12,5,2,3837,60,29,6.79,22.0
2015-11-24,1,12,4,3,4297,48,48,6.78,22.0
2015-11-24,1,12,3,4,3558,50,22,6.83,22.0
2015-11-24,1,12,6,5,4396,3,63,6.89,22.0
2015-11-24,1,12,2,6,3697,58,33,6.79,22.0
2015-11-25,2,1,1,1,4314,15,2,7.02,11.0
2015-11-25,2,1,2,2,3976,25,45,6.97,11.0
2015-11-25,2,1,6,3,3553,54,40,6.96,11.0
2015-11-25,2,1,4,4,3370,29,11,6.97,11.0
2015-11-25,2,1,5,5,4864,52,26,6.97,11.0
2015-11-25,2,1,3,6,4623,24,13,7.0,11.0
2015-11-25,2,2,2,1,4816,55,8,6.97,24.1
2015-11-25,2,2,1,2,4772,17,50,6.97,24.1
2015-11-25,2,2,3,3,3673,14,57,6.89,24.1
2015-11-25,2,2,6,4,4506,32,39,6.95,24.1
2015-11-25,2,2,4,5,3648,57,27,6.94,24.1
2015-11-25,2,2,5,6,4894,1,6,7.0,24.1
2015-11-25,2,3,1,1,4572,59,46,6.9,14.6
2015-11-25,2,3,5,2,3558,50,22,6.85,14.6
2015-11-25,2,3,3,3,4608,2,7,6.9,14.6
2015-11-25,2,3,2,4,3851,62,44,6.95,14.6
2015-11-25,2,3,4,5,3753,64,24,6.97,14.6
2015-11-25,2,3,6,6,4879,65,64,6.86,14.6
2015-11-25,2,4,2,1,4176,26,18,6.94,540.7
2015-11-25,2,4,6,2,4228,22,4,6.96,540.7
2015-11-25,2,4,5,3,4024,49,12,6.83,540.7
2015-11-25,2,4,3,4,4319,30,52,6.93,540.7
2015-11-25,2,4,1,5,3220,28,51,6.88,540.7
2015-11-25,2,4,4,6,4248,21,5,6.96,540.7
2015-11-25,2,5,1,1,4039,66,16,6.98,34.1
2015-11-25,2,5,3,2,3461,36,58,6.98,34.1
2015-11-25,2,5,5,3,3867,51,55,6.98,34.1
2015-11-25,2,5,4,4,3892,18,21,6.97,34.1
2015-11-25,2,5,2,5,3636,20,41,6.87,34.1
2015-11-25,2,5,6,6,4855,19,53,6.84,34.1
2015-11-25,2,6,3,1,3377,27,61,6.91,126.2
2015-11-25,2,6,2,2,3790,61,43,6.81,126.2
2015-11-25,2,6,4,3,4396,3,63,6.89,126.2
2015-11-25,2,6,5,4,4171,63,25,6.98,126.2
2015-11-25,2,6,1,5,3121,35,38,6.88,126.2
2015-11-25,2,6,6,6,4894,1,6,7.02,126.2
2015-11-25,2,7,3,1,3697,58,33,6.84,144.1
2015-11-25,2,7,4,2,3553,54,40,6.94,144.1
2015-11-25,2,7,5,3,3673,14,57,6.91,144.1
2015-11-25,2,7,6,4,4808,53,32,6.91,144.1
2015-11-25,2,7,1,5,3879,16,14,6.86,144.1
2015-11-25,2,7,2,6,4388,34,30,6.88,144.1
2015-11-25,2,8,2,1,4297,48,48,6.79,11.4
2015-11-25,2,8,4,2,4471,31,17,6.87,11.4
2015-11-25,2,8,1,3,4594,23,35,6.87,11.4
2015-11-25,2,8,3,4,4572,59,46,6.92,11.4
2015-11-25,2,8,5,5,4248,21,5,6.97,11.4
2015-11-25,2,8,6,6,4864,52,26,6.94,11.4
2015-11-25,2,9,1,1,4319,30,52,6.98,8.6
2015-11-25,2,9,4,2,3558,50,22,6.89,8.6
2015-11-25,2,9,3,3,4643,33,20,6.97,8.6
2015-11-25,2,9,5,4,3892,18,21,6.91,8.6
2015-11-25,2,9,2,5,3648,57,27,6.95,8.6
2015-11-25,2,9,6,6,4623,24,13,7.02,8.6
2015-11-25,2,10,1,1,3837,60,29,6.85,43.7
2015-11-25,2,10,4,2,4816,55,8,6.86,43.7
2015-11-25,2,10,3,3,3976,25,45,6.94,43.7
2015-11-25,2,10,6,4,4171,63,25,6.93,43.7
2015-11-25,2,10,5,5,4460,56,15,6.9,43.7
2015-11-25,2,10,2,6,3461,36,58,6.94,43.7
2015-11-25,2,11,4,1,4228,22,4,6.93,150.9
2015-11-25,2,11,1,2,4396,3,63,6.83,150.9
2015-11-25,2,11,2,3,4314,15,2,7.03,150.9
2015-11-25,2,11,5,4,4808,53,32,6.95,150.9
2015-11-25,2,11,6,5,3753,64,24,6.94,150.9
2015-11-25,2,11,3,6,4039,66,16,6.92,150.9
2015-11-25,2,12,3,1,4024,49,12,6.74,24.8
2015-11-25,2,12,5,2,4608,2,7,6.93,24.8
2015-11-25,2,12,1,3,3697,58,33,6.87,24.8
2015-11-25,2,12,4,4,3790,61,43,6.85,24.8
2015-11-25,2,12,6,5,3867,51,55,6.95,24.8
2015-11-25,2,12,2,6,4594,23,35,6.92,24.8
2015-11-26,3,1,1,1,3790,61,43,6.92,6.8
2015-11-26,3,1,3,2,4506,32,39,6.84,6.8
2015-11-26,3,1,5,3,3370,29,11,6.91,6.8
2015-11-26,3,1,4,4,3976,25,45,6.97,6.8
2015-11-26,3,1,2,5,4248,21,5,6.99,6.8
2015-11-26,3,1,6,6,4894,1,6,7.08,6.8
2015-11-26,3,2,1,1,4176,26,18,6.93,7.7
2015-11-26,3,2,2,2,3220,28,51,6.97,7.7
2015-11-26,3,2,3,3,3553,54,40,6.95,7.7
2015-11-26,3,2,4,4,3851,62,44,6.98,7.7
2015-11-26,3,2,5,5,3879,16,14,6.98,7.7
2015-11-26,3,2,6,6,4855,19,53,6.84,7.7
2015-11-26,3,3,3,1,4297,48,48,6.86,6.5
2015-11-26,3,3,4,2,4388,34,30,6.73,6.5
2015-11-26,3,3,6,3,3377,27,61,6.93,6.5
2015-11-26,3,3,2,4,4623,24,13,6.94,6.5
2015-11-26,3,3,5,5,4879,65,64,6.85,6.5
2015-11-26,3,3,1,6,3636,20,41,6.89,6.5
2015-11-26,3,4,3,1,4471,31,17,6.82,75.3
2015-11-26,3,4,5,2,3461,36,28,6.87,75.3
2015-11-26,3,4,2,3,3753,64,24,6.9,75.3
2015-11-26,3,4,1,4,3648,57,27,6.75,75.3
2015-11-26,3,4,6,5,4643,33,20,6.78,75.3
2015-11-26,3,4,4,6,3673,14,57,6.79,75.3
2015-11-26,3,5,1,1,3892,18,21,6.79,24.3
2015-11-26,3,5,3,2,4772,17,50,6.88,24.3
2015-11-26,3,5,4,3,4039,66,16,6.87,24.3
2015-11-26,3,5,5,4,4572,59,46,6.86,24.3
2015-11-26,3,5,2,5,4228,22,4,6.85,24.3
2015-11-26,3,5,6,6,4864,52,26,6.81,24.3
2015-11-26,3,6,1,1,4816,55,8,6.8,24.5
2015-11-26,3,6,4,2,4396,3,63,6.89,24.5
2015-11-26,3,6,2,3,4460,56,15,6.92,24.5
2015-11-26,3,6,3,4,4314,15,2,6.87,24.5
2015-11-26,3,6,6,5,3121,35,38,6.88,24.5
2015-11-26,3,6,5,6,4855,19,53,6.8,24.5
2015-11-26,3,7,4,1,4171,63,25,6.98,158.0
2015-11-26,3,7,3,2,3558,50,22,6.83,158.0
2015-11-26,3,7,1,3,4248,21,5,7.0,158.0
2015-11-26,3,7,2,4,4808,53,32,6.96,158.0
2015-11-26,3,7,5,5,3377,27,61,6.89,158.0
2015-11-26,3,7,6,6,3851,62,44,6.96,158.0
2015-11-26,3,8,1,1,3837,60,29,6.79,7.3
2015-11-26,3,8,4,2,4024,49,12,6.84,7.3
2015-11-26,3,8,5,3,4506,32,39,6.89,7.3
2015-11-26,3,8,2,4,4319,30,52,6.92,7.3
2015-11-26,3,8,6,5,4879,65,64,6.88,7.3
2015-11-26,3,8,3,6,3648,57,27,6.85,7.3
2015-11-26,3,9,4,1,3867,51,55,6.71,89.0
2015-11-26,3,9,1,2,4388,34,30,6.67,89.0
2015-11-26,3,9,5,3,4039,66,16,6.84,89.0
2015-11-26,3,9,2,4,4608,2,7,6.77,89.0
2015-11-26,3,9,6,5,3976,25,45,6.8,89.0
2015-11-26,3,9,3,6,4643,33,20,6.74,89.0
2015-11-26,3,10,1,1,3697,58,33,6.78,13.8
2015-11-26,3,10,4,2,4594,23,35,6.84,13.8
2015-11-26,3,10,2,3,4396,3,63,6.89,13.8
2015-11-26,3,10,3,4,4228,22,4,6.85,13.8
2015-11-26,3,10,6,5,3370,29,11,6.84,13.8
2015-11-26,3,10,5,6,3553,54,40,6.85,13.8
2015-11-26,3,11,3,1,3790,61,43,6.73,153.7
2015-11-26,3,11,5,2,4471,31,17,6.8,153.7
2015-11-26,3,11,4,3,4460,56,15,6.66,153.7
2015-11-26,3,11,6,4,3879,16,14,6.9,153.7
2015-11-26,3,11,2,5,3892,18,21,6.76,153.7
2015-11-26,3,11,1,6,3558,50,22,6.75,153.7
2015-11-26,3,12,1,1,4297,48,48,6.72,13.8
2015-11-26,3,12,4,2,4808,53,32,6.83,13.8
2015-11-26,3,12,2,3,3837,60,29,6.83,13.8
2015-11-26,3,12,3,4,3461,36,28,6.82,13.8
2015-11-26,3,12,5,5,4314,15,2,6.88,13.8
2015-11-26,3,12,6,6,4572,59,46,6.84,13.8
2015-11-27,4,1,1,1,4608,2,7,6.85,15.2
2015-11-27,4,1,5,2,4772,17,50,6.93,15.2
2015-11-27,4,1,4,3,3220,28,51,6.9,15.2
2015-11-27,4,1,3,4,3753,64,24,6.99,15.2
2015-11-27,4,1,2,5,3673,14,57,6.94,15.2
2015-11-27,4,1,6,6,4879,65,64,6.79,15.2
2015-11-27,4,2,3,1,4176,26,18,6.9,132.4
2015-11-27,4,2,4,2,3636,20,41,6.92,132.4
2015-11-27,4,2,6,3,4248,21,5,6.95,132.4
2015-11-27,4,2,1,4,3553,54,40,6.86,132.4
2015-11-27,4,2,2,5,4506,32,39,6.89,132.4
2015-11-27,4,2,5,6,4864,52,26,6.83,132.4
2015-11-27,4,3,1,1,3370,29,11,6.76,119.9
2015-11-27,4,3,2,2,4572,59,46,6.85,119.9
2015-11-27,4,3,6,3,3790,61,43,6.8,119.9
2015-11-27,4,3,3,4,4388,34,30,6.72,119.9
2015-11-27,4,3,4,5,4816,55,8,6.74,119.9
2015-11-27,4,3,5,6,3461,36,28,6.86,119.9
2015-11-27,4,4,3,1,3837,60,29,6.77,7.8
2015-11-27,4,4,2,2,4594,23,35,6.79,7.8
2015-11-27,4,4,4,3,4319,30,52,6.78,7.8
2015-11-27,4,4,1,4,4623,24,13,6.83,7.8
2015-11-27,4,4,5,5,3121,35,38,6.84,7.8
2015-11-27,4,4,6,6,4894,1,6,6.9,7.8
2015-11-27,4,5,3,1,4297,48,48,6.77,19.0
2015-11-27,4,5,4,2,4643,33,20,6.67,19.0
2015-11-27,4,5,2,3,3867,51,55,6.75,19.0
2015-11-27,4,5,5,4,3851,62,44,6.8,19.0
2015-11-27,4,5,6,5,4855,19,53,6.71,19.0
2015-11-27,4,5,1,6,4808,53,32,6.82,19.0
2015-11-27,4,6,2,1,4171,63,25,6.81,36.2
2015-11-27,4,6,3,2,3879,16,14,6.74,36.2
2015-11-27,4,6,5,3,3697,58,33,6.76,36.2
2015-11-27,4,6,4,4,4314,15,2,6.86,36.2
2015-11-27,4,6,6,5,4864,52,26,6.79,36.2
2015-11-27,4,6,1,6,3673,14,57,6.76,36.2
2015-11-27,4,7,3,1,4024,49,12,6.7,15.6
2015-11-27,4,7,4,2,4471,31,17,6.71,15.6
2015-11-27,4,7,5,3,3976,25,45,6.87,15.6
2015-11-27,4,7,2,4,3892,18,21,6.73,15.6
2015-11-27,4,7,1,5,3377,27,61,6.78,15.6
2015-11-27,4,7,6,6,3648,57,27,6.83,15.6
2015-11-27,4,8,1,1,4460,56,15,6.73,5.7
2015-11-27,4,8,2,2,4388,34,30,6.76,5.7
2015-11-27,4,8,4,3,4039,66,16,6.83,5.7
2015-11-27,4,8,3,4,3121,35,38,6.81,5.7
2015-11-27,4,8,6,5,4772,17,50,6.86,5.7
2015-11-27,4,8,5,6,4176,26,18,6.84,5.7
2015-11-27,4,9,1,1,4228,22,4,6.73,63.6
2015-11-27,4,9,6,2,4816,55,8,6.79,63.6
2015-11-27,4,9,2,3,3558,50,22,6.71,63.6
2015-11-27,4,9,4,4,4506,32,39,6.84,63.6
2015-11-27,4,9,3,5,4808,53,32,6.79,63.6
2015-11-27,4,9,5,6,3753,64,24,6.78,63.6
2015-11-27,4,10,1,1,4396,3,63,6.67,12.8
2015-11-27,4,10,4,2,3697,58,33,6.79,12.8
2015-11-27,4,10,3,3,3867,51,55,6.77,12.8
2015-11-27,4,10,6,4,3636,20,41,6.8,12.8
2015-11-27,4,10,2,5,4319,30,52,6.7,12.8
2015-11-27,4,10,5,6,3220,28,51,6.79,12.8
2015-11-27,4,11,1,1,4297,48,48,6.71,14.5
2015-11-27,4,11,4,2,3837,60,29,6.8,14.5
2015-11-27,4,11,5,3,3790,61,43,6.83,14.5
2015-11-27,4,11,3,4,4171,63,25,6.84,14.5
2015-11-27,4,11,2,5,4608,2,7,6.77,14.5
2015-11-27,4,11,6,6,4471,31,17,6.71,14.5
2015-11-27,4,12,1,1,4024,49,12,6.66,14.3
2015-11-27,4,12,2,2,4039,66,16,6.76,14.3
2015-11-27,4,12,5,3,4643,33,20,6.79,14.3
2015-11-27,4,12,4,4,4460,56,15,6.81,14.3
2015-11-27,4,12,3,5,4594,23,35,6.82,14.3
2015-11-27,4,12,6,6,4314,15,2,6.84,14.3
2015-11-28,5,1,4,1,3636,20,41,6.82,69.3
2015-11-28,5,1,5,2,3879,16,14,6.84,69.3
2015-11-28,5,1,1,3,4314,15,2,6.92,69.3
2015-11-28,5,1,3,4,3851,62,44,6.89,69.3
2015-11-28,5,1,2,5,3648,57,27,6.78,69.3
2015-11-28,5,1,6,6,4879,65,64,6.84,69.3
2015-11-28,5,2,1,1,4772,17,50,6.81,8.6
2015-11-28,5,2,3,2,3121,35,38,6.81,8.6
2015-11-28,5,2,5,3,3220,28,51,6.86,8.6
2015-11-28,5,2,6,4,4855,19,53,6.78,8.6
2015-11-28,5,2,2,5,4623,24,13,6.93,8.6
2015-11-28,5,2,4,6,3976,25,45,6.85,8.6
2015-11-28,5,3,1,1,4572,59,46,6.81,18.2
2015-11-28,5,3,4,2,3558,50,22,6.78,18.2
2015-11-28,5,3,6,3,4471,31,17,6.8,18.2
2015-11-28,5,3,3,4,4608,2,7,6.81,18.2
2015-11-28,5,3,2,5,4506,32,39,6.79,18.2
2015-11-28,5,3,5,6,4894,1,6,6.86,18.2
2015-11-28,5,4,3,1,3867,51,55,6.78,117.4
2015-11-28,5,4,2,2,4396,3,63,6.75,117.4
2015-11-28,5,4,1,3,3377,27,61,6.84,117.4
2015-11-28,5,4,5,4,3892,18,21,6.66,117.4
2015-11-28,5,4,6,5,4388,34,30,6.73,117.4
2015-11-28,5,4,4,6,4176,26,18,6.82,117.4
2015-11-28,5,5,5,1,4248,21,5,6.77,856.7
2015-11-28,5,5,1,2,4171,63,25,6.84,856.7
2015-11-28,5,5,3,3,4039,66,16,6.81,856.7
2015-11-28,5,5,6,4,4864,52,26,6.74,856.7
2015-11-28,5,5,2,5,4808,53,32,6.81,856.7
2015-11-28,5,5,4,6,3837,60,29,6.78,856.7
2015-11-28,5,6,5,1,4297,48,48,6.76,70.3
2015-11-28,5,6,6,2,4643,33,20,6.69,70.3
2015-11-28,5,6,2,3,3553,54,40,6.69,70.3
2015-11-28,5,6,1,4,4319,30,52,6.72,70.3
2015-11-28,5,6,3,5,4460,56,15,6.85,70.3
2015-11-28,5,6,4,6,3370,29,11,6.79,70.3
2015-11-28,5,7,5,1,4024,49,12,6.65,8.6
2015-11-28,5,7,1,2,3790,61,43,6.83,8.6
2015-11-28,5,7,4,3,4816,55,8,6.73,8.6
2015-11-28,5,7,6,4,4594,23,35,6.8,8.6
2015-11-28,5,7,2,5,3753,64,24,6.81,8.6
2015-11-28,5,7,3,6,4623,24,13,6.79,8.6
2015-11-28,5,8,1,1,4228,22,4,6.78,8.1
2015-11-28,5,8,2,2,3697,58,33,6.89,8.1
2015-11-28,5,8,5,3,3976,25,45,6.83,8.1
2015-11-28,5,8,4,4,3461,36,28,6.88,8.1
2015-11-28,5,8,3,5,3673,14,57,6.82,8.1
2015-11-28,5,8,6,6,4894,1,6,6.85,8.1
2015-11-28,5,9,1,1,4471,31,17,6.76,8.6
2015-11-28,5,9,3,2,3558,50,49,6.83,8.6
2015-11-28,5,9,2,3,3837,60,29,6.83,8.6
2015-11-28,5,9,5,4,4314,15,2,6.85,8.6
2015-11-28,5,9,6,5,3377,27,61,6.89,8.6
2015-11-28,5,9,4,6,3867,51,55,6.72,8.6
2015-11-28,5,10,1,1,4297,48,48,6.77,17.1
2015-11-28,5,10,3,2,4816,55,8,6.77,17.1
2015-11-28,5,10,2,3,4608,2,7,6.73,17.1
2015-11-28,5,10,4,4,4460,56,15,6.79,17.1
2015-11-28,5,10,6,5,4572,59,46,6.75,17.1
2015-11-28,5,10,5,6,4171,63,25,6.78,17.1
2015-11-28,5,11,1,1,4024,49,12,6.58,28.7
2015-11-28,5,11,4,2,4396,3,63,6.82,28.7
2015-11-28,5,11,5,3,4228,22,4,6.75,28.7
2015-11-28,5,11,6,4,4319,30,52,6.77,28.7
2015-11-28,5,11,2,5,3790,61,43,6.69,28.7
2015-11-28,5,11,3,6,3697,58,33,6.71,28.7
2015-11-28,5,12,3,1,3553,54,40,6.78,49.8
2015-11-28,5,12,1,2,4039,66,16,6.8,49.8
2015-11-28,5,12,5,3,4594,23,35,6.74,49.8
2015-11-28,5,12,4,4,3892,18,21,6.75,49.8
2015-11-28,5,12,6,5,3879,16,14,6.82,49.8
2015-11-28,5,12,2,6,3461,36,28,6.86,49.8
2015-11-29,6,1,1,1,4643,33,20,6.84,25.1
2015-11-29,6,1,4,2,3121,35,38,6.86,25.1
2015-11-29,6,1,5,3,3851,62,44,6.95,25.1
2015-11-29,6,1,2,4,3220,28,51,6.81,25.1
2015-11-29,6,1,3,5,3636,20,41,6.9,25.1
2015-11-29,6,1,6,6,4894,1,6,6.89,25.1
2015-11-29,6,2,4,1,4506,32,39,6.85,96.6
2015-11-29,6,2,3,2,3648,57,27,6.74,96.6
2015-11-29,6,2,2,3,3976,25,45,6.89,96.6
2015-11-29,6,2,5,4,3673,14,57,6.82,96.6
2015-11-29,6,2,6,5,4864,52,26,6.89,96.6
2015-11-29,6,2,1,6,3879,16,14,6.83,96.6
2015-11-29,6,3,5,1,4176,26,18,6.9,54.4
2015-11-29,6,3,2,2,4319,30,52,6.81,54.4
2015-11-29,6,3,1,3,3867,51,55,6.77,54.4
2015-11-29,6,3,4,4,3753,64,24,6.91,54.4
2015-11-29,6,3,3,5,3370,29,11,6.8,54.4
2015-11-29,6,3,6,6,4879,65,64,6.8,54.4
2015-11-29,6,4,1,1,4314,15,2,6.89,8.2
2015-11-29,6,4,3,2,4228,22,4,6.81,8.2
2015-11-29,6,4,2,3,3377,27,61,6.83,8.2
2015-11-29,6,4,4,4,4248,21,5,6.8,8.2
2015-11-29,6,4,5,5,3553,54,40,6.83,8.2
2015-11-29,6,4,6,6,4623,24,13,6.86,8.2
2015-11-29,6,6,1,1,4460,56,15,6.85,6.1
2015-11-29,6,6,2,2,4572,59,46,6.85,6.1
2015-11-29,6,6,3,3,3121,35,38,6.89,6.1
2015-11-29,6,6,4,4,3673,14,57,6.88,6.1
2015-11-29,6,6,5,5,4808,53,32,6.86,6.1
2015-11-29,6,6,6,6,3461,36,28,6.93,6.1
2015-11-29,6,7,1,1,4171,63,25,6.96,40.2
2015-11-29,6,7,2,2,4643,33,20,6.86,40.2
2015-11-29,6,7,5,3,3648,57,27,6.87,40.2
2015-11-29,6,7,3,4,4176,26,18,6.99,40.2
2015-11-29,6,7,4,5,3636,20,41,6.92,40.2
2015-11-29,6,7,6,6,4039,66,16,7.03,40.2
2015-11-29,6,8,1,1,3790,61,43,6.82,9.1
2015-11-29,6,8,4,2,3837,60,29,6.86,9.1
2015-11-29,6,8,3,3,3220,28,51,6.87,9.1
2015-11-29,6,8,2,4,3892,18,21,6.85,9.1
2015-11-29,6,8,6,5,4506,32,39,6.86,9.1
2015-11-29,6,8,5,6,3753,64,24,6.96,9.1
2015-11-29,6,9,3,1,4808,53,32,6.87,113.9
2015-11-29,6,9,5,2,4388,34,30,6.8,113.9
2015-11-29,6,9,2,3,4248,21,5,6.95,113.9
2015-11-29,6,9,4,4,3370,29,11,6.92,113.9
2015-11-29,6,9,1,5,4594,23,35,6.94,113.9
2015-11-29,6,9,6,6,4772,17,50,6.97,113.9
2015-11-29,6,10,1,1,4608,2,7,6.83,27.4
2015-11-29,6,10,2,2,4228,22,4,6.98,27.4
2015-11-29,6,10,6,3,3867,51,55,6.86,27.4
2015-11-29,6,10,5,4,3697,58,33,6.89,27.4
2015-11-29,6,10,4,5,4572,59,46,6.99,27.4
2015-11-29,6,10,3,6,4314,15,2,6.93,27.4
2015-11-29,6,11,1,1,3837,60,29,6.81,64.9
2015-11-29,6,11,6,2,4171,63,25,6.99,64.9
2015-11-29,6,11,2,3,4460,56,15,6.89,64.9
2015-11-29,6,11,4,4,3790,61,43,6.82,64.9
2015-11-29,6,11,3,5,4319,30,52,6.83,64.9
2015-11-29,6,11,5,6,3377,27,61,6.9,64.9
2015-11-29,6,12,4,1,4816,55,8,6.9,576.8
2015-11-29,6,12,3,2,4471,31,17,6.75,576.8
2015-11-29,6,12,1,3,4024,49,12,6.74,576.8
2015-11-29,6,12,2,4,4297,48,48,6.85,576.8
2015-11-29,6,12,5,5,3558,50,49,6.89,576.8
2015-11-29,6,12,6,6,4396,3,63,6.92,576.8
2015-12-02,1,2,6,1,4587,39,12,6.78,77.7
2015-12-02,1,2,1,2,2698,15,65,6.91,77.7
2015-12-02,1,2,5,3,4881,51,36,6.87,77.7
2015-12-02,1,2,3,4,3633,23,25,6.91,77.7
2015-12-02,1,2,4,5,4054,18,37,6.87,77.7
2015-12-02,1,2,2,6,3924,38,44,6.96,77.7
2015-12-02,1,3,4,1,4234,55,55,6.88,79.6
2015-12-02,1,3,6,2,3690,59,29,6.89,79.6
2015-12-02,1,3,1,3,3190,17,61,6.92,79.6
2015-12-02,1,3,3,4,4422,10,45,6.9,79.6
2015-12-02,1,3,5,5,3227,44,31,7.01,79.6
2015-12-02,1,3,2,6,3972,16,6,6.94,79.6
2015-12-02,1,4,4,1,2876,7,5,6.96,159.3
2015-12-02,1,4,3,2,3970,50,58,6.92,159.3
2015-12-02,1,4,2,3,4221,52,27,6.81,159.3
2015-12-02,1,4,5,4,3606,14,66,6.89,159.3
2015-12-02,1,4,1,5,3065,6,59,6.85,159.3
2015-12-02,1,4,6,6,3409,53,2,6.82,159.3
2015-12-02,1,7,3,1,3582,43,43,6.95,137.4
2015-12-02,1,7,2,2,3998,25,14,6.89,137.4
2015-12-02,1,7,5,3,4422,10,45,6.95,137.4
2015-12-02,1,7,1,4,4155,21,56,6.83,137.4
2015-12-02,1,7,4,5,3331,8,49,6.82,137.4
2015-12-02,1,7,6,6,3309,11,40,7.08,137.4
2015-12-02,1,8,1,1,3961,56,3,6.94,53.3
2015-12-02,1,8,4,2,3690,59,29,6.96,53.3
2015-12-02,1,8,6,3,4881,51,36,6.89,53.3
2015-12-02,1,8,5,4,3609,40,19,6.89,53.3
2015-12-02,1,8,2,5,3141,4,39,6.88,53.3
2015-12-02,1,8,3,6,4221,52,27,6.84,53.3
2015-12-02,1,9,1,1,2876,7,5,6.98,10.8
2015-12-02,1,9,3,2,4150,57,47,6.85,10.8
2015-12-02,1,9,5,3,4234,55,55,6.88,10.8
2015-12-02,1,9,4,4,3977,9,32,6.92,10.8
2015-12-02,1,9,6,5,3448,12,34,7.02,10.8
2015-12-02,1,9,2,6,4054,18,37,6.91,10.8
2015-12-02,1,10,2,1,4082,24,33,6.95,48.5
2015-12-02,1,10,3,2,3227,44,31,6.88,48.5
2015-12-02,1,10,1,3,3176,41,50,6.94,48.5
2015-12-02,1,10,5,4,3409,53,2,6.95,48.5
2015-12-02,1,10,6,5,3633,23,25,6.91,48.5
2015-12-02,1,10,4,6,4693,20,54,6.92,48.5
2015-12-02,1,11,5,1,4587,39,12,6.86,57.2
2015-12-02,1,11,1,2,3582,43,43,6.89,57.2
2015-12-02,1,11,6,3,3970,50,58,6.89,57.2
2015-12-02,1,11,2,4,3353,58,4,6.97,57.2
2015-12-02,1,11,3,5,3832,22,60,7.05,57.2
2015-12-02,1,11,4,6,3825,37,38,7.01,57.2
2015-12-02,1,12,1,1,3256,47,17,6.84,34.3
2015-12-02,1,12,4,2,3961,56,3,6.94,34.3
2015-12-02,1,12,6,3,3331,8,49,6.87,34.3
2015-12-02,1,12,5,4,3347,5,10,6.97,34.3
2015-12-02,1,12,3,5,3606,14,66,6.92,34.3
2015-12-02,1,12,2,6,4150,57,47,6.85,34.3
2015-12-03,2,1,1,1,3998,25,14,6.79,10.6
2015-12-03,2,1,2,2,2698,15,65,6.86,10.6
2015-12-03,2,1,5,3,3567,48,28,6.9,10.6
2015-12-03,2,1,4,4,3153,46,53,6.87,10.6
2015-12-03,2,1,6,5,3065,6,59,6.9,10.6
2015-12-03,2,1,3,6,3972,16,6,7.06,10.6
2015-12-03,2,2,3,1,4541,49,64,6.78,150.1
2015-12-03,2,2,2,2,3970,50,58,6.86,150.1
2015-12-03,2,2,5,3,4054,18,37,6.94,150.1
2015-12-03,2,2,1,4,3234,54,23,6.88,150.1
2015-12-03,2,2,4,5,3190,17,61,6.93,150.1
2015-12-03,2,2,6,6,4881,51,36,6.9,150.1
2015-12-03,2,3,5,1,3256,47,17,6.85,24.5
2015-12-03,2,3,6,2,2876,7,5,6.96,24.5
2015-12-03,2,3,1,3,4587,39,12,6.79,24.5
2015-12-03,2,3,4,4,3353,58,4,6.81,24.5
2015-12-03,2,3,2,5,3609,40,19,6.88,24.5
2015-12-03,2,3,3,6,4155,21,56,6.82,24.5
2015-12-03,2,4,3,1,4082,24,33,6.93,14.9
2015-12-03,2,4,5,2,3961,56,3,6.9,14.9
2015-12-03,2,4,2,3,4422,10,45,6.89,14.9
2015-12-03,2,4,6,4,3832,22,60,6.9,14.9
2015-12-03,2,4,4,5,3633,23,25,6.92,14.9
2015-12-03,2,4,1,6,3309,11,40,6.87,14.9
2015-12-03,2,5,3,1,3347,5,10,6.91,10.7
2015-12-03,2,5,1,2,3690,59,29,6.87,10.7
2015-12-03,2,5,4,3,3606,14,66,6.84,10.7
2015-12-03,2,5,5,4,4221,52,27,6.78,10.7
2015-12-03,2,5,2,5,4693,20,54,6.84,10.7
2015-12-03,2,5,6,6,4747,19,26,6.77,10.7
2015-12-03,2,6,4,1,3176,41,50,6.75,112.6
2015-12-03,2,6,6,2,3141,4,39,6.76,112.6
2015-12-03,2,6,2,3,3331,8,49,6.76,112.6
2015-12-03,2,6,5,4,3924,38,44,6.79,112.6
2015-12-03,2,6,1,5,3970,50,58,6.69,112.6
2015-12-03,2,6,3,6,2698,15,65,6.74,112.6
2015-12-03,2,7,4,1,4150,57,47,6.82,54.1
2015-12-03,2,7,3,2,4587,39,12,6.75,54.1
2015-12-03,2,7,5,3,3825,37,38,6.95,54.1
2015-12-03,2,7,2,4,3227,44,31,6.93,54.1
2015-12-03,2,7,6,5,3567,48,28,6.89,54.1
2015-12-03,2,7,1,6,3977,9,32,6.95,54.1
2015-12-03,2,8,4,1,3256,47,17,6.91,47.1
2015-12-03,2,8,2,2,3582,43,43,6.78,47.1
2015-12-03,2,8,5,3,3972,16,46,6.97,47.1
2015-12-03,2,8,3,4,3234,54,23,6.79,47.1
2015-12-03,2,8,1,5,4082,24,33,6.9,47.1
2015-12-03,2,8,6,6,4861,45,51,6.79,47.1
2015-12-03,2,9,1,1,3409,53,2,6.84,19.5
2015-12-03,2,9,3,2,3961,56,3,7.0,19.5
2015-12-03,2,9,2,3,4155,21,56,6.89,19.5
2015-12-03,2,9,5,4,3448,12,34,6.99,19.5
2015-12-03,2,9,6,5,4234,55,55,6.95,19.5
2015-12-03,2,9,4,6,4541,49,64,6.9,19.5
2015-12-03,2,10,1,1,3331,8,49,6.97,12.1
2015-12-03,2,10,4,2,3832,22,60,6.98,12.1
2015-12-03,2,10,2,3,3347,5,10,7.01,12.1
2015-12-03,2,10,5,4,3065,6,59,6.97,12.1
2015-12-03,2,10,3,5,3353,58,4,6.96,12.1
2015-12-03,2,10,6,6,4054,18,37,6.9,12.1
2015-12-03,2,11,1,1,3227,44,31,7.01,18.0
2015-12-03,2,11,5,2,2876,7,5,7.15,18.0
2015-12-03,2,11,2,3,3606,14,66,7.03,18.0
2015-12-03,2,11,4,4,3998,25,14,6.98,18.0
2015-12-03,2,11,6,5,3176,41,50,7.1,18.0
2015-12-03,2,11,3,6,3190,17,61,7.1,18.0
2015-12-03,2,12,1,1,4150,57,47,6.93,17.9
2015-12-03,2,12,3,2,3409,53,2,7.01,17.9
2015-12-03,2,12,2,3,3690,59,29,6.98,17.9
2015-12-03,2,12,4,4,3582,43,43,7.01,17.9
2015-12-03,2,12,6,5,3153,46,53,7.03,17.9
2015-12-03,2,12,5,6,3141,4,39,6.94,17.9
2015-12-04,3,1,1,1,3141,4,39,6.8,8.8
2015-12-04,3,1,3,2,3234,54,23,6.98,8.8
2015-12-04,3,1,6,3,4155,21,56,6.84,8.8
2015-12-04,3,1,2,4,3065,6,59,6.84,8.8
2015-12-04,3,1,5,4,3977,9,32,7.01,8.8
2015-12-04,3,1,4,6,3972,16,46,6.97,8.8
2015-12-04,3,2,1,1,3153,46,53,6.82,26.4
2015-12-04,3,2,6,2,2698,15,65,6.83,26.4
2015-12-04,3,2,4,3,4221,52,27,6.81,26.4
2015-12-04,3,2,2,4,4541,49,64,6.76,26.4
2015-12-04,3,2,3,5,3633,23,25,6.89,26.4
2015-12-04,3,2,5,6,4747,19,26,6.88,26.4
2015-12-04,3,3,2,1,4587,39,12,6.72,13.4
2015-12-04,3,3,4,2,3606,14,66,6.89,13.4
2015-12-04,3,3,3,3,3690,59,29,6.81,13.4
2015-12-04,3,3,1,4,3567,48,28,6.85,13.4
2015-12-04,3,3,6,5,4082,24,33,6.9,13.4
2015-12-04,3,3,5,6,4861,45,51,6.82,13.4
2015-12-04,3,4,5,1,4150,57,47,6.87,37.9
2015-12-04,3,4,6,2,3998,25,14,6.87,37.9
2015-12-04,3,4,4,3,3924,38,44,6.85,37.9
2015-12-04,3,4,2,4,3448,12,34,6.85,37.9
2015-12-04,3,4,3,5,4693,20,54,6.79,37.9
2015-12-04,3,4,1,6,4054,18,37,6.84,37.9
2015-12-04,3,5,4,1,3331,8,49,6.88,56.3
2015-12-04,3,5,2,2,3961,56,3,6.88,56.3
2015-12-04,3,5,6,3,3977,9,32,6.87,56.3
2015-12-04,3,5,5,4,3970,50,58,6.83,56.3
2015-12-04,3,5,3,5,3190,17,61,6.92,56.3
2015-12-04,3,5,1,6,3825,37,38,6.89,56.3
2015-12-04,3,6,4,1,3227,44,31,6.9,50.0
2015-12-04,3,6,2,2,3153,46,53,6.9,50.0
2015-12-04,3,6,5,3,3353,58,4,7.02,50.0
2015-12-04,3,6,6,4,4881,51,36,7.0,50.0
2015-12-04,3,6,1,5,4234,55,55,6.85,50.0
2015-12-04,3,6,3,6,3309,11,40,6.97,50.0
2015-12-04,3,7,2,1,2876,7,5,6.86,15.6
2015-12-04,3,7,5,2,3582,43,43,6.83,15.6
2015-12-04,3,7,4,3,3347,5,10,6.89,15.6
2015-12-04,3,7,3,4,3832,22,60,6.9,15.6
2015-12-04,3,7,1,5,3633,23,25,6.84,15.6
2015-12-04,3,7,6,6,3234,54,23,6.85,15.6
2015-12-04,3,8,1,1,3606,14,66,6.76,4.5
2015-12-04,3,8,2,2,3409,53,2,6.76,4.5
2015-12-04,3,8,4,3,3176,41,50,6.75,4.5
2015-12-04,3,8,5,4,4155,21,56,6.78,4.5
2015-12-04,3,8,3,5,3924,38,44,6.79,4.5
2015-12-04,3,8,6,6,4747,19,26,6.83,4.5
2015-12-04,3,9,1,1,3448,12,34,6.77,14.1
2015-12-04,3,9,3,2,3256,47,17,6.93,14.1
2015-12-04,3,9,2,3,3825,37,38,6.9,14.1
2015-12-04,3,9,5,4,2698,15,65,6.86,14.1
2015-12-04,3,9,4,5,3609,40,19,6.86,14.1
2015-12-04,3,9,6,6,4861,45,51,6.83,14.1
2015-12-04,3,10,3,1,4150,57,47,6.7,9.9
2015-12-04,3,10,1,2,3347,5,10,6.9,9.9
2015-12-04,3,10,5,3,4082,24,33,6.91,9.9
2015-12-04,3,10,4,4,4422,10,45,6.82,9.9
2015-12-04,3,10,2,5,4234,55,55,6.85,9.9
2015-12-04,3,10,6,6,3190,17,61,6.88,9.9
2015-12-04,3,11,1,1,3961,56,3,6.96,9.0
2015-12-04,3,11,2,2,3832,22,60,7.0,9.0
2015-12-04,3,11,6,3,3227,44,31,6.9,9.0
2015-12-04,3,11,5,4,3998,25,14,6.85,9.0
2015-12-04,3,11,3,5,3567,48,28,7.02,9.0
2015-12-04,3,11,4,6,3141,4,39,6.86,9.0
2015-12-04,3,12,1,1,3256,47,17,6.83,58.8
2015-12-04,3,12,2,2,3176,41,50,6.87,58.8
2015-12-04,3,12,6,3,3353,58,4,6.86,58.8
2015-12-04,3,12,3,4,3331,8,49,6.87,58.8
2015-12-04,3,12,5,5,3690,59,29,6.98,58.8
2015-12-04,3,12,4,6,3582,43,43,6.82,58.8
2015-12-05,4,1,1,1,4082,24,33,6.9,11.0
2015-12-05,4,1,3,2,3609,40,19,6.98,11.0
2015-12-05,4,1,4,3,3065,6,59,6.93,11.0
2015-12-05,4,1,5,4,4693,20,54,6.9,11.0
2015-12-05,4,1,2,5,3633,23,25,6.83,11.0
2015-12-05,4,1,6,6,4747,19,26,6.91,11.0
2015-12-05,4,2,2,1,3190,17,61,6.98,42.3
2015-12-05,4,2,1,2,4221,52,27,6.82,42.3
2015-12-05,4,2,3,3,4054,18,37,6.9,42.3
2015-12-05,4,2,6,4,3972,16,46,6.99,42.3
2015-12-05,4,2,4,5,3309,11,40,6.97,42.3
2015-12-05,4,2,5,6,4861,45,51,6.83,42.3
2015-12-05,4,3,5,1,3961,56,3,6.94,30.4
2015-12-05,4,3,4,2,3998,25,14,6.83,30.4
2015-12-05,4,3,6,3,4587,39,12,6.83,30.4
2015-12-05,4,3,3,4,4234,55,55,6.82,30.4
2015-12-05,4,3,2,5,3970,50,58,6.86,30.4
2015-12-05,4,3,1,6,4422,10,45,6.9,30.4
2015-12-05,4,4,4,1,3690,59,29,6.92,115.8
2015-12-05,4,4,1,2,3924,38,44,6.83,115.8
2015-12-05,4,4,6,3,3256,47,17,6.86,115.8
2015-12-05,4,4,5,4,4155,21,56,6.79,115.8
2015-12-05,4,4,3,5,3825,37,38,6.88,115.8
2015-12-05,4,4,2,6,3153,46,53,6.8,115.8
2015-12-05,4,5,3,1,3227,44,31,6.85,18.5
2015-12-05,4,5,1,2,3331,8,49,6.77,18.5
2015-12-05,4,5,4,3,3448,12,34,6.83,18.5
2015-12-05,4,5,6,4,4881,51,36,6.88,18.5
2015-12-05,4,5,2,5,2698,15,65,6.8,18.5
2015-12-05,4,5,5,6,3234,54,23,6.92,18.5
2015-12-05,4,6,2,1,3409,53,2,6.82,17.3
2015-12-05,4,6,4,2,3347,5,10,6.96,17.3
2015-12-05,4,6,5,3,2876,7,5,6.86,17.3
2015-12-05,4,6,1,4,4541,49,64,6.87,17.3
2015-12-05,4,6,3,5,3567,48,28,6.85,17.3
2015-12-05,4,6,6,6,4861,45,51,6.85,17.3
2015-12-05,4,7,3,1,3582,43,43,6.87,15.8
2015-12-05,4,7,2,2,3176,41,50,6.96,15.8
2015-12-05,4,7,5,3,4150,57,47,6.81,15.8
2015-12-05,4,7,1,4,3609,40,19,6.93,15.8
2015-12-05,4,7,6,5,3141,4,39,6.79,15.8
2015-12-05,4,7,4,6,4422,10,45,6.94,15.8
2015-12-05,4,8,1,1,3606,14,66,6.8,8.0
2015-12-05,4,8,2,2,3353,58,4,6.85,8.0
2015-12-05,4,8,3,3,3977,9,32,6.87,8.0
2015-12-05,4,8,6,4,4693,20,54,6.83,8.0
2015-12-05,4,8,4,5,3832,22,60,6.88,8.0
2015-12-05,4,8,5,6,3309,11,40,6.86,8.0
2015-12-05,4,9,2,1,3961,56,3,6.9,11.2
2015-12-05,4,9,1,2,4587,39,12,6.73,11.2
2015-12-05,4,9,4,3,3331,8,49,6.84,11.2
2015-12-05,4,9,3,4,3690,59,29,6.93,11.2
2015-12-05,4,9,5,5,4082,24,33,6.97,11.2
2015-12-05,4,9,6,6,3153,46,53,6.87,11.2
2015-12-05,4,10,1,1,2876,7,5,6.93,205.7
2015-12-05,4,10,6,2,3970,50,58,6.8,205.7
2015-12-05,4,10,2,3,3582,43,43,6.82,205.7
2015-12-05,4,10,5,4,3409,53,2,6.8,205.7
2015-12-05,4,10,3,5,3998,25,14,6.82,205.7
2015-12-05,4,10,4,6,3227,44,31,6.76,205.7
2015-12-05,4,11,1,1,3256,47,17,6.7,5.5
2015-12-05,4,11,2,2,4150,57,47,6.73,5.5
2015-12-05,4,11,3,3,3347,5,10,6.9,5.5
2015-12-05,4,11,4,4,3606,14,66,6.74,5.5
2015-12-05,4,11,5,5,3176,41,50,6.8,5.5
2015-12-05,4,11,6,6,2698,15,65,6.8,5.5
2015-12-06,5,1,2,1,4155,21,56,6.82,64.6
2015-12-06,5,1,1,2,4234,55,55,6.87,64.6
2015-12-06,5,1,6,3,4541,49,64,6.82,64.6
2015-12-06,5,1,5,4,4221,52,27,6.85,64.6
2015-12-06,5,1,4,5,3609,40,19,6.85,64.6
2015-12-06,5,1,3,6,3977,9,32,6.9,64.6
2015-12-06,5,2,5,1,4747,19,26,6.88,369.9
2015-12-06,5,2,3,2,4054,18,37,6.83,369.9
2015-12-06,5,2,2,3,3234,54,23,6.89,369.9
2015-12-06,5,2,6,4,3924,38,44,6.87,369.9
2015-12-06,5,2,1,5,3972,16,46,6.88,369.9
2015-12-06,5,2,4,6,3567,48,28,6.9,369.9
2015-12-06,5,4,2,1,3409,53,2,6.76,11.2
2015-12-06,5,4,3,2,3353,58,4,6.83,11.2
2015-12-06,5,4,5,3,3582,43,43,6.86,11.2
2015-12-06,5,4,4,4,3065,6,59,6.89,11.2
2015-12-06,5,4,1,5,2698,15,65,6.83,11.2
2015-12-06,5,4,6,6,4881,51,36,6.82,11.2
2015-12-06,5,5,2,1,3606,14,66,6.77,27.0
2015-12-06,5,5,4,2,3825,37,38,6.93,27.0
2015-12-06,5,5,1,3,3690,59,29,6.9,27.0
2015-12-06,5,5,3,4,4422,10,45,6.87,27.0
2015-12-06,5,5,6,5,4221,52,27,6.83,27.0
2015-12-06,5,5,5,6,3633,23,25,6.92,27.0
2015-12-06,5,6,1,1,3998,25,14,6.73,49.2
2015-12-06,5,6,2,2,3309,11,40,6.94,49.2
2015-12-06,5,6,5,3,3331,8,49,6.82,49.2
2015-12-06,5,6,3,4,3141,4,39,6.73,49.2
2015-12-06,5,6,4,5,3234,54,23,6.9,49.2
2015-12-06,5,6,6,6,3609,40,19,6.93,49.2
2015-12-06,5,7,4,1,4155,21,56,6.78,21.9
2015-12-06,5,7,1,2,3176,41,50,6.8,21.9
2015-12-06,5,7,6,3,3832,22,60,6.99,21.9
2015-12-06,5,7,5,4,3190,17,61,7.03,21.9
2015-12-06,5,7,2,5,4082,24,33,6.9,21.9
2015-12-06,5,7,3,6,3972,16,46,6.93,21.9
2015-12-06,5,8,4,1,4234,55,55,6.89,70.3
2015-12-06,5,8,1,2,3227,44,31,6.93,70.3
2015-12-06,5,8,3,3,3065,6,59,6.86,70.3
2015-12-06,5,8,6,4,4747,19,26,6.95,70.3
2015-12-06,5,8,5,5,4541,49,64,6.85,70.3
2015-12-06,5,8,2,6,3448,12,34,6.86,70.3
2015-12-06,5,9,1,1,3141,4,39,6.8,27.8
2015-12-06,5,9,3,2,3567,48,57,6.9,27.8
2015-12-06,5,9,5,3,3353,58,4,6.83,27.8
2015-12-06,5,9,4,4,3977,9,32,6.85,27.8
2015-12-06,5,9,2,5,3825,37,38,6.88,27.8
2015-12-06,5,9,6,6,4422,10,45,6.88,27.8
2015-12-06,5,10,3,1,3409,53,2,6.85,38.6
2015-12-06,5,10,2,2,3331,8,49,6.77,38.6
2015-12-06,5,10,1,3,3347,5,10,6.89,38.6
2015-12-06,5,10,4,4,3998,25,14,6.83,38.6
2015-12-06,5,10,5,5,3153,46,53,6.88,38.6
2015-12-06,5,10,6,6,2698,15,65,6.89,38.6
2015-12-06,5,11,1,1,3582,43,43,6.89,8.0
2015-12-06,5,11,3,2,3606,14,66,6.88,8.0
2015-12-06,5,11,4,3,3176,41,50,6.85,8.0
2015-12-06,5,11,5,4,4082,24,33,6.91,8.0
2015-12-06,5,11,2,5,3690,59,29,6.98,8.0
2015-12-06,5,11,6,6,3227,44,31,6.9,8.0
2015-12-06,5,12,5,1,4150,57,47,6.78,55.8
2015-12-06,5,12,1,2,3256,47,17,6.82,55.8
2015-12-06,5,12,3,3,3961,56,3,6.85,55.8
2015-12-06,5,12,4,4,4587,39,12,6.76,55.8
2015-12-06,5,12,2,5,2876,7,5,6.91,55.8
2015-12-06,5,12,6,6,3970,50,58,6.88,55.8
2015-12-10,1,1,1,1,3401,38,34,6.86,29.0
2015-12-10,1,1,2,2,3005,6,63,6.93,29.0
2015-12-10,1,1,6,3,3575,32,41,6.86,29.0
2015-12-10,1,1,3,4,4745,4,44,6.82,29.0
2015-12-10,1,1,4,5,3990,63,54,6.94,29.0
2015-12-10,1,1,5,6,3565,47,47,6.86,29.0
2015-12-10,1,3,3,1,3365,39,9,6.83,786.9
2015-12-10,1,3,5,2,4821,37,64,6.87,786.9
2015-12-10,1,3,1,3,3569,13,58,6.8,786.9
2015-12-10,1,3,4,4,3708,49,10,6.85,786.9
2015-12-10,1,3,2,5,4543,33,33,6.83,786.9
2015-12-10,1,3,6,6,3297,66,20,6.91,786.9
2015-12-10,1,4,2,1,4331,3,62,6.9,142.8
2015-12-10,1,4,5,2,3800,27,48,6.85,142.8
2015-12-10,1,4,1,3,3095,44,18,6.83,142.8
2015-12-10,1,4,4,4,4120,31,27,6.84,142.8
2015-12-10,1,4,6,5,3612,40,26,6.88,142.8
2015-12-10,1,4,3,6,4679,8,60,6.83,142.8
2015-12-10,1,5,3,1,3849,28,36,6.98,8.8
2015-12-10,1,5,1,2,3965,62,32,6.95,8.8
2015-12-10,1,5,4,3,4486,64,13,6.95,8.8
2015-12-10,1,5,5,4,3812,46,22,6.92,8.8
2015-12-10,1,5,2,5,4514,29,30,6.89,8.8
2015-12-10,1,5,6,6,4892,26,55,6.93,8.8
2015-12-10,1,6,5,1,3534,9,14,6.87,46.8
2015-12-10,1,6,2,2,3799,35,37,6.91,46.8
2015-12-10,1,6,1,3,4367,36,8,6.83,46.8
2015-12-10,1,6,4,4,3982,10,1,6.85,46.8
2015-12-10,1,6,6,5,3985,60,31,6.86,46.8
2015-12-10,1,6,3,6,4691,50,59,6.85,46.8
2015-12-10,1,7,2,1,4055,30,35,6.91,9.6
2015-12-10,1,7,1,2,3058,45,38,6.82,9.6
2015-12-10,1,7,3,3,4379,15,61,6.9,9.6
2015-12-10,1,7,4,4,3655,5,21,6.96,9.6
2015-12-10,1,7,6,5,3365,39,9,6.84,9.6
2015-12-10,1,7,5,6,4745,4,44,6.86,9.6
2015-12-10,1,8,1,1,3841,43,57,6.8,4.6
2015-12-10,1,8,4,2,3885,34,56,6.87,4.6
2015-12-10,1,8,2,3,4348,11,51,6.97,4.6
2015-12-10,1,8,5,4,4679,8,60,6.88,4.6
2015-12-10,1,8,3,5,3565,47,47,6.91,4.6
2015-12-10,1,8,6,6,4907,61,39,6.93,4.6
2015-12-10,1,9,1,1,4177,1,19,6.95,64.2
2015-12-10,1,9,4,2,4598,48,12,6.97,64.2
2015-12-10,1,9,2,3,3095,44,18,6.95,64.2
2015-12-10,1,9,6,4,4821,37,64,6.95,64.2
2015-12-10,1,9,3,5,3662,41,65,6.87,64.2
2015-12-10,1,9,5,6,3990,63,54,6.95,64.2
2015-12-10,1,10,2,1,4120,31,27,6.9,93.6
2015-12-10,1,10,4,2,3985,60,31,6.94,93.6
2015-12-10,1,10,3,3,4543,33,33,6.91,93.6
2015-12-10,1,10,6,4,4486,64,13,6.95,93.6
2015-12-10,1,10,5,5,3748,12,11,6.98,93.6
2015-12-10,1,10,1,6,4413,65,29,6.92,93.6
2015-12-10,1,11,1,1,3799,35,37,6.93,26.4
2015-12-10,1,11,5,2,3708,49,10,6.83,26.4
2015-12-10,1,11,4,3,3965,62,32,7.01,26.4
2015-12-10,1,11,3,4,3800,27,48,6.94,26.4
2015-12-10,1,11,6,5,3850,14,40,6.9,26.4
2015-12-10,1,11,2,6,3401,38,34,6.93,26.4
2015-12-10,1,12,1,1,4055,30,35,6.85,28.7
2015-12-10,1,12,5,2,3612,40,26,6.84,28.7
2015-12-10,1,12,2,3,3849,28,36,6.95,28.7
2015-12-10,1,12,3,4,3841,43,57,6.88,28.7
2015-12-10,1,12,6,5,3534,9,14,6.91,28.7
2015-12-10,1,12,4,6,3297,66,20,6.91,28.7
2015-12-11,2,1,1,1,3885,34,56,6.71,33.7
2015-12-11,2,1,2,2,3748,12,11,6.74,33.7
2015-12-11,2,1,3,3,3812,46,22,6.74,33.7
2015-12-11,2,1,4,4,4331,3,62,6.68,33.7
2015-12-11,2,1,6,5,3095,44,18,6.74,33.7
2015-12-11,2,1,5,6,4892,26,55,6.76,33.7
2015-12-11,2,2,3,1,4514,29,30,6.73,32.6
2015-12-11,2,2,1,2,3715,2,43,6.64,32.6
2015-12-11,2,2,2,3,3565,47,47,6.69,32.6
2015-12-11,2,2,6,4,4821,37,64,6.77,32.6
2015-12-11,2,2,5,5,3982,10,1,6.71,32.6
2015-12-11,2,2,4,6,4691,50,59,6.71,32.6
2015-12-11,2,3,6,1,4055,30,35,6.77,31.8
2015-12-11,2,3,1,2,4679,8,60,6.71,31.8
2015-12-11,2,3,3,3,3166,7,3,6.8,31.8
2015-12-11,2,3,2,4,3990,63,54,6.72,31.8
2015-12-11,2,3,5,5,3655,5,21,6.8,31.8
2015-12-11,2,3,4,6,3575,32,41,6.76,31.8
2015-12-11,2,4,3,1,3985,60,31,6.69,48.7
2015-12-11,2,4,6,2,3841,43,57,6.74,48.7
2015-12-11,2,4,4,3,3569,13,58,6.62,48.7
2015-12-11,2,4,5,4,4348,11,51,6.74,48.7
2015-12-11,2,4,2,5,4367,36,8,6.74,48.7
2015-12-11,2,4,1,6,3850,14,40,6.68,48.7
2015-12-11,2,5,1,1,4379,15,61,6.76,332.3
2015-12-11,2,5,6,2,4907,61,39,6.71,332.3
2015-12-11,2,5,3,3,3799,35,37,6.74,332.3
2015-12-11,2,5,2,4,4745,4,44,6.71,332.3
2015-12-11,2,5,5,5,3005,6,63,6.68,332.3
2015-12-11,2,5,4,6,3534,9,14,6.8,332.3
2015-12-11,2,6,6,1,4413,65,29,6.76,272.8
2015-12-11,2,6,1,2,3365,39,9,6.66,272.8
2015-12-11,2,6,4,3,3058,45,38,6.75,272.8
2015-12-11,2,6,2,4,4177,1,19,6.82,272.8
2015-12-11,2,6,3,5,4598,48,12,6.69,272.8
2015-12-11,2,6,5,6,4543,33,33,6.77,272.8
2015-12-11,2,7,3,1,3708,49,10,6.75,27.8
2015-12-11,2,7,2,2,3612,40,26,6.79,27.8
2015-12-11,2,7,5,3,3849,28,36,6.7,27.8
2015-12-11,2,7,4,4,3715,2,43,6.7,27.8
2015-12-11,2,7,1,5,3575,32,41,6.79,27.8
2015-12-11,2,7,6,6,3812,46,22,6.73,27.8
2015-12-11,2,8,4,1,3401,38,34,6.8,58.3
2015-12-11,2,8,2,2,3965,62,32,6.83,58.3
2015-12-11,2,8,1,3,3662,41,65,6.63,58.3
2015-12-11,2,8,3,4,3569,13,58,6.7,58.3
2015-12-11,2,8,5,5,4691,50,59,6.69,58.3
2015-12-11,2,8,6,6,4892,26,55,6.76,58.3
2015-12-11,2,9,1,1,4486,64,13,6.65,29.0
2015-12-11,2,9,5,2,4055,30,35,6.74,29.0
2015-12-11,2,9,2,3,3800,27,48,6.82,29.0
2015-12-11,2,9,6,4,4514,29,30,6.75,29.0
2015-12-11,2,9,4,5,3799,35,37,6.74,29.0
2015-12-11,2,9,3,6,4367,36,8,6.65,29.0
2015-12-11,2,10,3,1,4120,31,27,6.65,34.0
2015-12-11,2,10,1,2,3297,66,20,6.73,34.0
2015-12-11,2,10,4,3,3005,6,63,6.7,34.0
2015-12-11,2,10,5,4,3841,43,57,6.78,34.0
2015-12-11,2,10,2,5,3166,7,3,6.83,34.0
2015-12-11,2,10,6,6,4598,48,12,6.72,34.0
2015-12-11,2,11,1,1,3534,9,14,6.72,10.7
2015-12-11,2,11,2,2,3885,34,56,6.74,10.7
2015-12-11,2,11,5,3,4413,65,29,6.81,10.7
2015-12-11,2,11,6,4,3982,10,1,6.69,10.7
2015-12-11,2,11,3,5,3655,5,21,6.79,10.7
2015-12-11,2,11,4,6,4348,11,51,6.73,10.7
2015-12-11,2,12,5,1,3985,60,31,6.7,108.7
2015-12-11,2,12,4,2,3662,41,65,6.71,108.7
2015-12-11,2,12,1,3,3612,40,26,6.82,108.7
2015-12-11,2,12,6,4,4331,3,62,6.69,108.7
2015-12-11,2,12,2,5,4379,15,61,6.84,108.7
2015-12-11,2,12,3,6,4177,1,19,6.77,108.7
2015-12-12,3,1,1,1,4598,48,12,6.78,152.8
2015-12-12,3,1,6,2,3565,47,47,6.75,152.8
2015-12-12,3,1,5,3,4821,37,64,6.88,152.8
2015-12-12,3,1,3,4,3095,44,15,6.82,152.8
2015-12-12,3,1,4,5,3365,39,9,6.76,152.8
2015-12-12,3,1,2,6,3575,32,41,6.88,152.8
2015-12-12,3,2,6,1,4367,36,8,6.79,631.6
2015-12-12,3,2,2,2,3982,10,1,6.79,631.6
2015-12-12,3,2,5,3,3058,45,38,6.78,631.6
2015-12-12,3,2,4,4,4679,8,60,6.72,631.6
2015-12-12,3,2,3,5,3990,63,54,6.83,631.6
2015-12-12,3,2,1,6,3748,12,11,6.81,631.6
2015-12-12,3,4,1,1,4514,29,30,6.79,24.7
2015-12-12,3,4,2,2,3715,2,43,6.78,24.7
2015-12-12,3,4,3,3,3401,38,34,6.84,24.7
2015-12-12,3,4,6,4,3800,27,48,6.85,24.7
2015-12-12,3,4,5,5,3662,41,65,6.79,24.7
2015-12-12,3,4,4,6,3812,46,22,6.82,24.7
2015-12-12,3,5,6,1,3005,6,63,6.8,534.3
2015-12-12,3,5,3,2,3965,62,32,6.91,534.3
2015-12-12,3,5,2,3,4413,65,29,6.84,534.3
2015-12-12,3,5,1,4,4348,11,51,6.87,534.3
2015-12-12,3,5,5,5,3850,14,40,6.92,534.3
2015-12-12,3,5,4,6,3166,7,3,6.83,534.3
2015-12-12,3,6,1,1,3990,63,54,6.79,36.2
2015-12-12,3,6,3,2,3849,28,36,6.87,36.2
2015-12-12,3,6,4,3,3565,47,47,6.81,36.2
2015-12-12,3,6,2,4,3708,49,10,6.82,36.2
2015-12-12,3,6,5,5,4177,1,19,6.86,36.2
2015-12-12,3,6,6,6,4892,26,55,6.82,36.2
2015-12-12,3,7,4,1,4055,30,35,6.9,80.4
2015-12-12,3,7,5,2,4331,3,62,6.72,80.4
2015-12-12,3,7,6,3,4907,61,39,6.79,80.4
2015-12-12,3,7,3,4,3885,34,56,6.76,80.4
2015-12-12,3,7,1,5,3982,10,1,6.8,80.4
2015-12-12,3,7,2,6,4486,64,13,6.82,80.4
2015-12-12,3,8,2,1,3985,60,31,6.72,9.5
2015-12-12,3,8,1,2,3297,66,20,6.75,9.5
2015-12-12,3,8,4,3,3612,40,26,6.79,9.5
2015-12-12,3,8,6,4,4745,4,44,6.77,9.5
2015-12-12,3,8,3,5,3748,12,11,6.82,9.5
2015-12-12,3,8,5,6,3095,44,15,6.86,9.5
2015-12-12,3,9,2,1,3655,5,21,6.83,96.1
2015-12-12,3,9,1,2,3812,46,22,6.78,96.1
2015-12-12,3,9,3,3,4413,65,29,6.9,96.1
2015-12-12,3,9,6,4,4821,37,64,6.86,96.1
2015-12-12,3,9,5,5,3799,35,37,6.75,96.1
2015-12-12,3,9,4,6,4379,15,61,6.86,96.1
2015-12-12,3,10,1,1,3708,49,10,6.71,22.8
2015-12-12,3,10,4,2,3841,43,57,6.78,22.8
2015-12-12,3,10,3,3,3850,14,40,6.76,22.8
2015-12-12,3,10,5,4,3401,38,34,6.83,22.8
2015-12-12,3,10,6,5,4679,8,60,6.78,22.8
2015-12-12,3,10,2,6,3534,9,14,6.78,22.8
2015-12-12,3,11,4,1,3662,41,65,6.78,49.2
2015-12-12,3,11,1,2,3849,28,36,6.75,49.2
2015-12-12,3,11,3,3,4486,64,13,6.84,49.2
2015-12-12,3,11,6,4,3058,45,38,6.84,49.2
2015-12-12,3,11,2,5,4598,48,12,6.75,49.2
2015-12-12,3,11,5,6,3965,62,32,6.88,49.2
2015-12-12,3,12,1,1,4055,30,35,6.79,40.8
2015-12-12,3,12,5,2,3365,39,9,6.73,40.8
2015-12-12,3,12,2,3,3297,66,20,6.73,40.8
2015-12-12,3,12,4,4,4177,1,19,6.78,40.8
2015-12-12,3,12,6,5,4120,31,27,6.77,40.8
2015-12-12,3,12,3,6,4348,11,51,6.79,40.8
2015-12-13,4,1,1,1,3800,27,48,6.83,14.8
2015-12-13,4,1,2,2,4679,8,60,6.61,14.8
2015-12-13,4,1,3,3,4331,3,62,6.74,14.8
2015-12-13,4,1,5,4,3166,7,3,6.86,14.8
2015-12-13,4,1,4,5,3095,44,15,6.78,14.8
2015-12-13,4,1,6,6,3569,13,58,6.82,14.8
2015-12-13,4,2,3,1,3575,32,41,6.88,147.3
2015-12-13,4,2,2,2,3850,14,40,6.7,147.3
2015-12-13,4,2,4,3,4514,29,30,6.77,147.3
2015-12-13,4,2,5,4,4367,36,8,6.74,147.3
2015-12-13,4,2,6,5,4543,33,33,6.75,147.3
2015-12-13,4,2,1,6,4691,50,59,6.8,147.3
2015-12-13,4,4,3,1,4177,1,19,6.81,39.4
2015-12-13,4,4,1,2,3005,6,63,6.76,39.4
2015-12-13,4,4,5,3,3297,66,20,6.8,39.4
2015-12-13,4,4,6,4,3885,34,56,6.81,39.4
2015-12-13,4,4,2,5,3812,46,22,6.76,39.4
2015-12-13,4,4,4,6,3748,12,11,6.91,39.4
2015-12-13,4,5,1,1,3985,60,31,6.76,17.6
2015-12-13,4,5,2,2,3662,41,65,6.73,17.6
2015-12-13,4,5,6,3,4821,37,64,6.77,17.6
2015-12-13,4,5,5,4,3715,2,43,6.77,17.6
2015-12-13,4,5,3,5,3058,45,38,6.85,17.6
2015-12-13,4,5,4,6,3655,5,21,6.84,17.6
2015-12-13,4,6,1,1,3565,47,47,6.68,49.4
2015-12-13,4,6,2,2,3841,43,57,6.73,49.4
2015-12-13,4,6,5,3,3569,13,58,6.73,49.4
2015-12-13,4,6,3,4,3799,35,37,6.75,49.4
2015-12-13,4,6,4,5,4486,64,13,6.77,49.4
2015-12-13,4,6,6,6,3990,63,54,6.82,49.4
2015-12-13,4,7,1,1,4331,3,62,6.71,29.7
2015-12-13,4,7,4,2,3401,38,34,6.83,29.7
2015-12-13,4,7,3,3,3965,62,32,6.91,29.7
2015-12-13,4,7,5,4,4514,29,30,6.69,29.7
2015-12-13,4,7,2,5,3612,40,26,6.79,29.7
2015-12-13,4,7,6,6,4892,26,55,6.86,29.7
2015-12-13,4,8,1,1,4120,31,27,6.71,21.9
2015-12-13,4,8,3,2,3005,6,63,6.88,21.9
2015-12-13,4,8,4,3,3800,27,48,6.8,21.9
2015-12-13,4,8,2,4,4413,65,29,6.79,21.9
2015-12-13,4,8,6,5,4907,61,39,6.75,21.9
2015-12-13,4,8,5,6,3575,32,41,6.9,21.9
2015-12-13,4,9,3,1,3297,66,20,6.83,33.4
2015-12-13,4,9,1,2,3655,5,21,6.92,33.4
2015-12-13,4,9,5,3,4486,64,13,6.89,33.4
2015-12-13,4,9,4,4,4543,33,33,6.81,33.4
2015-12-13,4,9,6,5,3166,7,3,6.82,33.4
2015-12-13,4,9,2,6,3534,9,14,6.79,33.4
2015-12-13,4,10,1,1,3841,43,57,6.85,24.0
2015-12-13,4,10,3,2,4055,30,35,6.87,24.0
2015-12-13,4,10,2,3,4691,50,59,6.78,24.0
2015-12-13,4,10,4,4,3708,49,10,6.8,24.0
2015-12-13,4,10,5,5,4598,48,12,6.84,24.0
2015-12-13,4,10,6,6,3715,2,43,6.86,24.0
2015-12-13,4,11,1,1,3662,41,65,6.76,39.2
2015-12-13,4,11,4,2,4367,36,8,6.77,39.2
2015-12-13,4,11,3,3,3612,40,26,6.83,39.2
2015-12-13,4,11,5,4,4379,15,61,6.77,39.2
2015-12-13,4,11,6,5,4177,1,19,6.86,39.2
2015-12-13,4,11,2,6,4120,31,27,6.78,39.2
2015-12-13,4,12,1,1,3849,28,36,6.82,14.0
2015-12-13,4,12,3,2,3985,60,31,6.79,14.0
2015-12-13,4,12,5,3,3885,34,56,6.77,14.0
2015-12-13,4,12,2,4,3799,35,37,6.85,14.0
2015-12-13,4,12,4,5,4413,65,29,6.84,14.0
2015-12-13,4,12,6,6,3965,62,32,6.93,14.0
2015-12-14,5,1,3,1,4514,29,30,6.73,41.7
2015-12-14,5,1,1,2,4379,15,61,6.8,41.7
2015-12-14,5,1,2,3,3058,45,38,6.84,41.7
2015-12-14,5,1,5,4,4543,33,33,6.82,41.7
2015-12-14,5,1,4,5,4598,48,12,6.85,41.7
2015-12-14,5,1,6,6,4120,31,27,6.84,41.7
2015-12-14,5,2,1,1,3565,47,47,6.8,31.5
2015-12-14,5,2,5,2,4331,3,62,6.77,31.5
2015-12-14,5,2,6,3,3655,5,21,6.8,31.5
2015-12-14,5,2,3,4,4691,50,59,6.74,31.5
2015-12-14,5,2,2,5,3575,32,41,6.85,31.5
2015-12-14,5,2,4,6,3534,9,14,6.75,31.5
2015-12-14,5,3,6,1,3841,43,57,6.91,45.5
2015-12-14,5,3,4,2,3800,27,48,6.83,45.5
2015-12-14,5,3,5,3,3885,34,56,6.75,45.5
2015-12-14,5,3,3,4,3748,12,11,6.87,45.5
2015-12-14,5,3,1,5,3982,10,1,6.73,45.5
2015-12-14,5,3,2,6,3166,7,3,6.82,45.5
2015-12-14,5,4,3,1,3965,62,32,6.87,103.6
2015-12-14,5,4,1,2,4177,1,19,6.88,103.6
2015-12-14,5,4,5,3,4821,37,49,6.89,103.6
2015-12-14,5,4,6,4,4055,30,35,6.93,103.6
2015-12-14,5,4,4,5,3812,46,22,6.83,103.6
2015-12-14,5,4,2,6,3095,44,15,6.92,103.6
2015-12-14,5,5,4,1,3662,41,65,6.81,42.4
2015-12-14,5,5,1,2,3799,35,37,6.81,42.4
2015-12-14,5,5,3,3,4486,64,13,6.91,42.4
2015-12-14,5,5,6,4,4892,26,55,6.81,42.4
2015-12-14,5,5,2,5,3401,38,34,6.89,42.4
2015-12-14,5,5,5,6,3005,6,63,6.79,42.4
2015-12-14,5,6,4,1,3297,66,20,6.71,16.0
2015-12-14,5,6,1,2,3612,40,26,6.85,16.0
2015-12-14,5,6,6,3,3985,60,31,6.81,16.0
2015-12-14,5,6,5,4,4907,61,39,6.82,16.0
2015-12-14,5,6,2,5,3715,2,43,6.8,16.0
2015-12-14,5,6,3,6,3850,14,40,6.79,16.0
2015-12-14,5,7,6,1,3849,28,36,6.83,153.4
2015-12-14,5,7,4,2,4679,8,60,6.76,153.4
2015-12-14,5,7,3,3,3365,39,9,6.7,153.4
2015-12-14,5,7,1,4,4413,65,29,6.84,153.4
2015-12-14,5,7,5,5,3708,49,10,6.77,153.4
2015-12-14,5,7,2,6,3569,13,58,6.75,153.4
2015-12-14,5,8,1,1,4120,31,27,6.84,48.2
2015-12-14,5,8,5,2,3058,45,38,6.81,48.2
2015-12-14,5,8,4,3,3965,62,32,6.95,48.2
2015-12-14,5,8,2,4,4331,3,62,6.86,48.2
2015-12-14,5,8,3,5,3800,27,48,6.98,48.2
2015-12-14,5,8,6,6,3565,47,47,6.76,48.2
2015-12-14,5,9,1,1,3841,43,57,6.85,160.0
2015-12-14,5,9,6,2,4379,15,61,6.95,160.0
2015-12-14,5,9,5,3,3799,35,37,6.84,160.0
2015-12-14,5,9,4,4,3612,40,26,6.88,160.0
2015-12-14,5,9,2,5,3885,34,56,6.79,160.0
2015-12-14,5,9,3,6,3662,41,65,6.77,160.0
2015-12-14,5,10,1,1,3985,60,31,6.7,8.6
2015-12-14,5,10,2,2,3708,49,10,6.78,8.6
2015-12-14,5,10,3,3,3401,38,34,6.85,8.6
2015-12-14,5,10,6,4,3982,10,1,6.82,8.6
2015-12-14,5,10,5,5,4177,1,19,6.86,8.6
2015-12-14,5,10,4,6,4514,29,30,6.74,8.6
2015-12-14,5,11,1,1,4055,30,35,6.88,44.4
2015-12-14,5,11,4,2,3365,39,9,6.8,44.4
2015-12-14,5,11,6,3,4821,37,49,6.89,44.4
2015-12-14,5,11,2,4,3005,6,5,6.88,44.4
2015-12-14,5,11,3,5,3297,66,20,6.78,44.4
2015-12-14,5,11,5,6,4413,65,29,6.84,44.4
2015-12-14,5,12,2,1,4367,36,8,6.78,37.6
2015-12-14,5,12,3,2,3655,5,7,6.92,37.6
2015-12-14,5,12,4,3,3990,63,54,6.86,37.6
2015-12-14,5,12,6,4,4907,61,39,6.72,37.6
2015-12-14,5,12,5,5,4745,4,52,6.76,37.6
2015-12-14,5,12,1,6,4598,48,12,6.78,37.6
2015-12-15,6,1,1,1,3885,34,56,6.79,18.6
2015-12-15,6,1,3,2,3812,46,22,6.91,18.6
2015-12-15,6,1,2,3,4543,33,33,6.84,18.6
2015-12-15,6,1,5,4,3715,2,43,6.86,18.6
2015-12-15,6,1,4,5,3990,63,54,6.86,18.6
2015-12-15,6,1,6,6,4892,26,55,6.87,18.6
2015-12-15,6,2,5,1,3569,13,58,6.85,108.1
2015-12-15,6,2,2,2,4745,4,52,6.81,108.1
2015-12-15,6,2,1,3,3166,7,3,6.85,108.1
2015-12-15,6,2,6,4,4691,50,59,6.87,108.1
2015-12-15,6,2,3,5,3095,44,15,6.87,108.1
2015-12-15,6,2,4,6,3748,12,11,6.88,108.1
2015-12-15,6,3,1,1,3800,27,48,6.87,92.1
2015-12-15,6,3,5,2,4367,36,8,6.8,92.1
2015-12-15,6,3,4,3,3365,39,9,6.74,92.1
2015-12-15,6,3,2,4,3005,6,5,6.83,92.1
2015-12-15,6,3,6,5,3841,43,57,6.91,92.1
2015-12-15,6,3,3,6,3534,9,14,6.86,92.1
2015-12-15,6,4,1,1,3401,38,34,6.81,19.1
2015-12-15,6,4,2,2,4331,3,62,6.79,19.1
2015-12-15,6,4,4,3,4598,48,12,6.83,19.1
2015-12-15,6,4,3,4,3850,14,40,6.89,19.1
2015-12-15,6,4,6,5,4486,64,13,6.8,19.1
2015-12-15,6,4,5,6,4120,31,27,6.74,19.1
2015-12-15,6,5,1,1,3662,41,65,6.83,6.8
2015-12-15,6,5,4,2,4055,30,35,6.9,6.8
2015-12-15,6,5,2,3,3058,45,38,6.9,6.8
2015-12-15,6,5,3,4,3655,5,7,6.87,6.8
2015-12-15,6,5,5,5,3575,32,41,6.92,6.8
2015-12-15,6,5,6,6,4907,61,39,6.84,6.8
2015-12-15,6,6,4,1,4379,15,61,6.91,94.8
2015-12-15,6,6,5,2,3985,60,31,6.79,94.8
2015-12-15,6,6,6,3,3849,28,36,6.9,94.8
2015-12-15,6,6,1,4,3965,62,32,6.98,94.8
2015-12-15,6,6,2,5,4679,8,60,6.84,94.8
2015-12-15,6,6,3,6,3565,47,47,6.85,94.8
2015-12-15,6,7,1,1,3708,49,10,6.69,91.2
2015-12-15,6,7,5,2,3534,9,14,6.88,91.2
2015-12-15,6,7,3,3,4514,29,30,6.79,91.2
2015-12-15,6,7,6,4,3812,46,22,6.87,91.2
2015-12-15,6,7,4,5,3297,66,20,6.83,91.2
2015-12-15,6,7,2,6,3799,35,37,6.79,91.2
2015-12-15,6,8,1,1,3612,40,26,6.85,5.9
2015-12-15,6,8,2,2,4177,1,19,6.9,5.9
2015-12-15,6,8,4,3,4413,65,29,6.79,5.9
2015-12-15,6,8,3,4,3982,10,1,6.85,5.9
2015-12-15,6,8,5,5,3850,14,40,6.77,5.9
2015-12-15,6,8,6,6,4821,37,49,6.87,5.9
2015-12-15,6,9,4,1,3965,62,32,6.97,134.4
2015-12-15,6,9,1,2,3841,43,57,6.81,134.4
2015-12-15,6,9,3,3,3401,38,34,6.97,134.4
2015-12-15,6,9,6,4,3662,41,65,6.87,134.4
2015-12-15,6,9,5,5,3005,6,5,6.83,134.4
2015-12-15,6,9,2,6,4120,31,27,6.79,134.4
2015-12-15,6,10,3,1,4379,15,61,6.91,95.5
2015-12-15,6,10,1,2,3985,60,31,6.8,95.5
2015-12-15,6,10,2,3,3708,49,10,6.86,95.5
2015-12-15,6,10,5,4,3885,34,56,6.83,95.5
2015-12-15,6,10,6,5,3800,27,48,6.81,95.5
2015-12-15,6,10,4,6,3799,35,37,6.86,95.5
2015-12-15,6,12,6,1,3655,5,7,6.89,108.6
2015-12-15,6,12,1,2,4413,65,29,6.86,108.6
2015-12-15,6,12,3,3,4679,8,60,6.75,108.6
2015-12-15,6,12,5,4,3095,44,15,6.92,108.6
2015-12-15,6,12,4,5,4486,64,13,6.84,108.6
2015-12-15,6,12,2,6,3990,63,54,6.85,108.6
2015-12-16,7,1,1,1,3655,5,7,6.82,9.0
2015-12-16,7,1,2,2,3982,10,1,6.8,9.0
2015-12-16,7,1,4,3,4543,33,33,6.74,9.0
2015-12-16,7,1,6,4,4745,4,52,6.82,9.0
2015-12-16,7,1,5,5,3166,7,3,6.84,9.0
2015-12-16,7,1,3,6,3715,2,43,6.8,9.0
2015-12-16,7,2,1,1,3812,46,22,6.79,132.5
2015-12-16,7,2,5,2,3748,12,11,6.82,132.5
2015-12-16,7,2,6,3,4679,8,60,6.69,132.5
2015-12-16,7,2,3,4,3850,14,40,6.68,132.5
2015-12-16,7,2,2,5,4691,50,59,6.74,132.5
2015-12-16,7,2,4,6,3095,44,15,6.83,132.5
2015-12-16,7,3,1,1,3005,6,5,6.75,56.1
2015-12-16,7,3,3,2,3575,32,41,6.73,56.1
2015-12-16,7,3,4,3,4367,36,8,6.75,56.1
2015-12-16,7,3,2,4,4514,29,30,6.69,56.1
2015-12-16,7,3,6,5,4598,48,12,6.76,56.1
2015-12-16,7,3,5,6,4892,26,55,6.78,56.1
2015-12-16,7,4,5,1,3401,38,34,6.84,435.6
2015-12-16,7,4,3,2,3569,13,58,6.79,435.6
2015-12-16,7,4,1,3,4331,3,62,6.71,435.6
2015-12-16,7,4,4,4,3565,47,47,6.78,435.6
2015-12-16,7,4,6,5,4413,65,29,6.8,435.6
2015-12-16,7,4,2,6,3708,49,10,6.76,435.6
2015-12-16,7,5,4,1,3715,2,43,6.79,367.9
2015-12-16,7,5,5,2,3990,63,54,6.78,367.9
2015-12-16,7,5,6,3,4821,37,49,6.72,367.9
2015-12-16,7,5,2,4,3534,9,14,6.7,367.9
2015-12-16,7,5,1,5,4120,31,27,6.79,367.9
2015-12-16,7,5,3,6,4177,1,19,6.81,367.9
2015-12-16,7,6,1,1,3799,35,37,6.66,45.3
2015-12-16,7,6,2,2,3612,40,26,6.73,45.3
2015-12-16,7,6,6,3,4907,61,39,6.68,45.3
2015-12-16,7,6,3,4,4691,50,59,6.73,45.3
2015-12-16,7,6,4,5,4745,4,52,6.7,45.3
2015-12-16,7,6,5,6,3297,66,20,6.69,45.3
2015-12-16,7,7,5,1,4367,36,8,6.7,44.9
2015-12-16,7,7,1,2,3885,34,56,6.66,44.9
2015-12-16,7,7,6,3,3849,28,36,6.75,44.9
2015-12-16,7,7,2,4,3575,32,41,6.76,44.9
2015-12-16,7,7,4,5,3982,10,1,6.75,44.9
2015-12-16,7,7,3,6,3748,12,11,6.8,44.9
2015-12-16,7,8,1,1,3800,27,48,6.75,5.8
2015-12-16,7,8,2,2,3662,41,65,6.74,5.8
2015-12-16,7,8,4,3,4598,48,12,6.79,5.8
2015-12-16,7,8,5,4,4543,33,33,6.8,5.8
2015-12-16,7,8,3,5,3166,7,3,6.79,5.8
2015-12-16,7,8,6,6,4892,26,55,6.79,5.8
2015-12-16,7,9,1,1,4486,64,13,6.67,15.2
2015-12-16,7,9,3,2,3297,66,20,6.72,15.2
2015-12-16,7,9,5,3,3365,39,9,6.75,15.2
2015-12-16,7,9,4,4,3569,13,58,6.76,15.2
2015-12-16,7,9,6,5,4177,1,19,6.78,15.2
2015-12-16,7,9,2,6,3565,47,47,6.66,15.2
2015-12-16,7,10,1,1,3401,38,34,6.72,10.6
2015-12-16,7,10,5,2,3799,35,37,6.76,10.6
2015-12-16,7,10,3,3,3885,34,56,6.75,10.6
2015-12-16,7,10,6,4,4514,29,30,6.71,10.6
2015-12-16,7,10,2,5,4821,37,49,6.77,10.6
2015-12-16,7,10,4,6,3005,6,5,6.8,10.6
2015-12-16,7,11,1,1,3708,49,10,6.65,24.4
2015-12-16,7,11,4,2,3800,27,48,6.79,24.4
2015-12-16,7,11,3,3,3662,41,65,6.78,24.4
2015-12-16,7,11,2,4,4331,3,62,6.7,24.4
2015-12-16,7,11,6,5,3612,40,26,6.78,24.4
2015-12-16,7,11,5,6,4120,31,27,6.77,24.4
2015-12-16,7,12,1,1,4055,30,35,6.73,17.3
2015-12-16,7,12,3,2,3965,62,32,6.95,17.3
2015-12-16,7,12,4,3,3985,60,31,6.69,17.3
2015-12-16,7,12,5,4,3841,43,57,6.77,17.3
2015-12-16,7,12,2,5,4379,15,61,6.76,17.3
2015-12-16,7,12,6,6,3058,45,38,6.84,17.3
2015-12-21,1,1,1,1,4271,37,23,6.83,13.3
2015-12-21,1,1,4,2,2585,19,7,6.77,13.3
2015-12-21,1,1,3,3,4372,28,19,6.8,13.3
2015-12-21,1,1,5,4,3630,2,21,6.84,13.3
2015-12-21,1,1,2,5,3477,64,55,6.84,13.3
2015-12-21,1,1,6,6,4874,53,3,6.75,13.3
2015-12-21,1,2,1,1,3187,11,53,6.82,17.7
2015-12-21,1,2,3,2,4343,57,44,6.84,17.7
2015-12-21,1,2,2,3,3682,60,14,6.76,17.7
2015-12-21,1,2,4,4,4534,25,32,6.71,17.7
2015-12-21,1,2,6,5,3310,63,64,6.83,17.7
2015-12-21,1,2,5,6,4849,1,36,6.91,17.7
2015-12-21,1,3,6,1,4137,51,9,6.84,176.9
2015-12-21,1,3,1,2,3128,32,65,6.86,176.9
2015-12-21,1,3,4,3,3374,61,13,6.88,176.9
2015-12-21,1,3,5,4,4561,58,62,6.87,176.9
2015-12-21,1,3,2,5,4154,40,52,6.77,176.9
2015-12-21,1,3,3,6,4442,66,49,6.86,176.9
2015-12-21,1,4,1,1,4736,31,25,6.83,37.8
2015-12-21,1,4,6,2,4012,65,66,6.86,37.8
2015-12-21,1,4,4,3,3432,30,24,6.77,37.8
2015-12-21,1,4,5,4,3717,62,1,6.8,37.8
2015-12-21,1,4,3,5,3073,36,5,6.88,37.8
2015-12-21,1,4,2,6,3139,29,58,6.79,37.8
2015-12-21,1,5,1,1,4522,55,33,6.85,6.1
2015-12-21,1,5,3,2,3489,23,18,6.69,6.1
2015-12-21,1,5,4,3,4509,26,30,6.78,6.1
2015-12-21,1,5,5,4,4212,33,20,6.77,6.1
2015-12-21,1,5,2,5,3581,54,50,6.82,6.1
2015-12-21,1,5,6,6,4806,20,41,6.81,6.1
2015-12-21,1,6,3,1,4311,16,61,6.81,11.8
2015-12-21,1,6,2,2,4308,3,8,6.84,11.8
2015-12-21,1,6,5,3,3896,52,16,6.8,11.8
2015-12-21,1,6,1,4,3425,22,22,6.92,11.8
2015-12-21,1,6,4,5,4229,35,48,6.82,11.8
2015-12-21,1,6,6,6,3195,27,4,6.85,11.8
2015-12-21,1,7,2,1,4504,59,46,6.73,7.0
2015-12-21,1,7,1,2,4152,24,54,6.83,7.0
2015-12-21,1,7,5,3,2942,34,28,6.86,7.0
2015-12-21,1,7,4,4,3310,63,64,6.84,7.0
2015-12-21,1,7,6,5,3630,2,21,6.89,7.0
2015-12-21,1,7,3,6,3507,17,6,6.84,7.0
2015-12-21,1,8,1,1,4015,39,12,6.73,2.7
2015-12-21,1,8,2,2,4172,56,17,6.75,2.7
2015-12-21,1,8,4,3,4271,37,23,6.78,2.7
2015-12-21,1,8,5,4,3374,61,13,6.82,2.7
2015-12-21,1,8,3,5,3139,29,58,6.79,2.7
2015-12-21,1,8,6,6,4849,1,36,6.88,2.7
2015-12-21,1,9,2,1,3740,38,51,6.82,13.2
2015-12-21,1,9,1,2,3432,30,24,6.77,13.2
2015-12-21,1,9,4,3,4583,21,2,6.83,13.2
2015-12-21,1,9,5,4,4343,57,44,6.89,13.2
2015-12-21,1,9,3,5,3477,64,55,6.77,13.2
2015-12-21,1,9,6,6,4442,66,49,6.86,13.2
2015-12-21,1,10,1,1,3072,18,45,6.81,21.1
2015-12-21,1,10,4,2,4736,31,25,6.78,21.1
2015-12-21,1,10,5,3,4509,26,30,6.78,21.1
2015-12-21,1,10,6,4,3896,52,16,6.8,21.1
2015-12-21,1,10,3,5,4561,58,62,6.89,21.1
2015-12-21,1,10,2,6,2585,19,7,6.79,21.1
2015-12-21,1,11,2,1,4522,55,33,6.8,444.5
2015-12-21,1,11,4,2,2942,34,28,6.79,444.5
2015-12-21,1,11,3,3,4154,40,52,6.85,444.5
2015-12-21,1,11,6,4,4372,28,19,6.86,444.5
2015-12-21,1,11,1,5,4308,3,8,6.77,444.5
2015-12-21,1,11,5,6,4012,65,66,6.82,444.5
2015-12-21,1,12,1,1,4504,59,46,6.74,14.9
2015-12-21,1,12,3,2,4137,51,9,6.81,14.9
2015-12-21,1,12,2,3,3489,23,18,6.79,14.9
2015-12-21,1,12,4,4,4015,39,12,6.74,14.9
2015-12-21,1,12,6,5,3717,62,1,6.82,14.9
2015-12-21,1,12,5,6,4311,16,61,6.87,14.9
2015-12-22,2,1,1,1,4583,21,2,6.81,11.4
2015-12-22,2,1,2,2,3374,61,13,6.81,11.4
2015-12-22,2,1,6,3,3581,54,50,6.85,11.4
2015-12-22,2,1,3,4,3425,22,22,6.92,11.4
2015-12-22,2,1,4,5,3128,32,65,6.87,11.4
2015-12-22,2,1,5,6,4806,20,41,6.83,11.4
2015-12-22,2,2,2,1,4152,24,54,6.77,73.6
2015-12-22,2,2,5,2,3139,29,58,6.81,73.6
2015-12-22,2,2,6,3,3477,64,55,6.76,73.6
2015-12-22,2,2,3,4,4229,35,48,6.82,73.6
2015-12-22,2,2,1,5,3195,27,4,6.87,73.6
2015-12-22,2,2,4,6,3187,11,53,6.89,73.6
2015-12-22,2,3,1,1,3630,2,21,6.82,13.3
2015-12-22,2,3,4,2,3896,52,16,6.81,13.3
2015-12-22,2,3,6,3,4172,56,17,6.8,13.3
2015-12-22,2,3,3,4,3682,60,14,6.77,13.3
2015-12-22,2,3,2,5,3073,36,5,6.78,13.3
2015-12-22,2,3,5,6,4874,53,3,6.76,13.3
2015-12-22,2,4,4,1,4012,65,66,6.71,167.3
2015-12-22,2,4,2,2,3310,63,64,6.79,167.3
2015-12-22,2,4,1,3,4212,33,20,6.77,167.3
2015-12-22,2,4,6,4,3489,23,18,6.76,167.3
2015-12-22,2,4,5,5,4154,40,52,6.8,167.3
2015-12-22,2,4,3,6,4534,25,32,6.75,167.3
2015-12-22,2,5,1,1,4509,26,30,6.87,34.6
2015-12-22,2,5,3,2,4015,39,12,6.76,34.6
2015-12-22,2,5,5,3,4372,28,19,6.8,34.6
2015-12-22,2,5,4,4,3740,38,51,6.85,34.6
2015-12-22,2,5,2,5,4736,31,25,6.8,34.6
2015-12-22,2,5,6,6,3425,22,22,6.9,34.6
2015-12-22,2,6,1,1,2585,19,7,6.86,22.7
2015-12-22,2,6,2,2,2942,34,28,6.8,22.7
2015-12-22,2,6,3,3,3072,18,45,6.88,22.7
2015-12-22,2,6,5,4,4442,66,49,6.87,22.7
2015-12-22,2,6,4,5,3507,17,6,6.92,22.7
2015-12-22,2,6,6,6,4849,1,36,6.89,22.7
2015-12-22,2,7,5,1,4308,3,8,6.8,32.6
2015-12-22,2,7,3,2,3432,30,24,6.87,32.6
2015-12-22,2,7,1,3,4343,57,44,6.83,32.6
2015-12-22,2,7,2,4,3717,62,1,6.85,32.6
2015-12-22,2,7,4,5,3195,27,4,6.92,32.6
2015-12-22,2,7,6,6,4806,20,41,6.88,32.6
2015-12-22,2,8,1,1,4311,16,61,6.78,3.7
2015-12-22,2,8,2,2,4012,65,66,6.86,3.7
2015-12-22,2,8,4,3,4137,51,9,6.9,3.7
2015-12-22,2,8,3,4,3581,54,50,6.83,3.7
2015-12-22,2,8,5,5,4229,35,48,6.88,3.7
2015-12-22,2,8,6,6,4874,53,3,6.8,3.7
2015-12-22,2,9,5,1,4504,59,46,6.73,32.0
2015-12-22,2,9,6,2,4015,39,12,6.77,32.0
2015-12-22,2,9,1,3,4534,25,32,6.76,32.0
2015-12-22,2,9,2,4,4271,37,23,6.82,32.0
2015-12-22,2,9,4,5,3073,36,5,6.88,32.0
2015-12-22,2,9,3,6,4152,24,54,6.8,32.0
2015-12-22,2,10,1,1,2942,34,28,6.91,27.4
2015-12-22,2,10,5,2,3489,23,18,6.85,27.4
2015-12-22,2,10,4,3,4561,58,62,6.85,27.4
2015-12-22,2,10,3,4,4522,55,33,6.81,27.4
2015-12-22,2,10,6,5,3682,60,14,6.73,27.4
2015-12-22,2,10,2,6,3187,11,53,6.95,27.4
2015-12-22,2,11,2,1,3896,52,16,6.85,27.5
2015-12-22,2,11,1,2,3717,62,1,6.88,27.5
2015-12-22,2,11,3,3,4583,21,2,6.82,27.5
2015-12-22,2,11,5,4,3740,38,51,6.87,27.5
2015-12-22,2,11,6,5,3507,17,6,6.77,27.5
2015-12-22,2,11,4,6,4212,33,20,6.8,27.5
2015-12-22,2,12,3,1,4509,26,30,6.9,92.8
2015-12-22,2,12,1,2,4137,51,9,6.78,92.8
2015-12-22,2,12,5,3,3432,30,24,6.78,92.8
2015-12-22,2,12,4,4,4172,56,17,6.74,92.8
2015-12-22,2,12,6,5,3128,32,65,6.83,92.8
2015-12-22,2,12,2,6,3072,18,45,6.85,92.8
2015-12-23,3,1,4,1,4343,57,44,6.8,49.7
2015-12-23,3,1,2,2,4229,35,48,6.82,49.7
2015-12-23,3,1,3,3,4212,33,20,6.79,49.7
2015-12-23,3,1,1,4,3507,17,6,6.83,49.7
2015-12-23,3,1,5,5,3425,22,22,6.88,49.7
2015-12-23,3,1,6,6,4806,20,41,6.8,49.7
2015-12-23,3,3,3,1,4583,21,2,6.74,17.5
2015-12-23,3,3,1,2,3477,64,55,6.74,17.5
2015-12-23,3,3,4,3,4311,16,61,6.78,17.5
2015-12-23,3,3,2,4,4534,25,32,6.71,17.5
2015-12-23,3,3,5,5,3195,27,4,6.81,17.5
2015-12-23,3,3,6,6,4874,53,3,6.71,17.5
2015-12-23,3,4,4,1,4522,55,33,6.77,58.6
2015-12-23,3,4,5,2,4271,37,23,6.75,58.6
2015-12-23,3,4,1,3,3073,36,5,6.79,58.6
2015-12-23,3,4,2,4,4442,66,49,6.83,58.6
2015-12-23,3,4,3,5,3310,63,64,6.8,58.6
2015-12-23,3,4,6,6,3072,18,45,6.8,58.6
2015-12-23,3,5,3,1,4012,65,66,6.78,39.6
2015-12-23,3,5,1,2,3740,38,51,6.71,39.6
2015-12-23,3,5,6,3,4736,31,25,6.79,39.6
2015-12-23,3,5,2,4,3630,2,21,6.71,39.6
2015-12-23,3,5,4,5,3489,23,18,6.82,39.6
2015-12-23,3,5,5,6,3128,32,65,6.85,39.6
2015-12-23,3,6,3,1,4172,56,17,6.76,16.9
2015-12-23,3,6,2,2,4015,39,12,6.83,16.9
2015-12-23,3,6,4,3,4308,3,8,6.78,16.9
2015-12-23,3,6,1,4,4229,35,48,6.85,16.9
2015-12-23,3,6,5,5,3187,11,53,6.93,16.9
2015-12-23,3,6,6,6,4849,1,36,6.94,16.9
2015-12-23,3,7,3,1,4504,59,46,6.78,18.8
2015-12-23,3,7,2,2,3432,30,24,6.83,18.8
2015-12-23,3,7,4,3,3477,64,55,6.77,18.8
2015-12-23,3,7,5,4,4137,51,9,6.76,18.8
2015-12-23,3,7,1,5,3581,54,50,6.82,18.8
2015-12-23,3,7,6,6,3139,29,58,6.9,18.8
2015-12-23,3,8,4,1,3717,62,1,6.79,45.8
2015-12-23,3,8,1,2,4561,58,62,6.88,45.8
2015-12-23,3,8,6,3,4212,33,20,6.81,45.8
2015-12-23,3,8,5,4,3310,63,64,6.87,45.8
2015-12-23,3,8,2,5,4509,26,30,6.85,45.8
2015-12-23,3,8,3,6,3195,27,4,6.85,45.8
2015-12-23,3,9,5,1,4736,31,25,6.8,822.1
2015-12-23,3,9,1,2,3682,60,14,6.82,822.1
2015-12-23,3,9,4,3,4152,24,54,6.81,822.1
2015-12-23,3,9,2,4,4311,16,61,6.76,822.1
2015-12-23,3,9,3,5,3896,52,16,6.81,822.1
2015-12-23,3,9,6,6,2942,34,28,6.82,822.1
2015-12-23,3,11,1,1,4015,39,12,6.83,30.5
2015-12-23,3,11,5,2,2585,19,37,6.86,30.5
2015-12-23,3,11,4,3,3432,30,24,6.83,30.5
2015-12-23,3,11,6,4,4522,55,33,6.88,30.5
2015-12-23,3,11,2,5,3507,17,6,6.9,30.5
2015-12-23,3,11,3,6,3740,38,51,6.94,30.5
2015-12-23,3,12,1,1,3489,23,18,6.77,19.5
2015-12-23,3,12,2,2,4561,58,62,6.94,19.5
2015-12-23,3,12,4,3,4504,59,46,6.84,19.5
2015-12-23,3,12,5,4,4172,56,17,6.85,19.5
2015-12-23,3,12,6,5,3374,61,13,6.83,19.5
2015-12-23,3,12,3,6,4271,37,23,6.87,19.5
2015-12-24,4,1,1,1,3896,52,16,6.79,12.9
2015-12-24,4,1,4,2,4154,40,52,6.81,12.9
2015-12-24,4,1,6,3,4229,35,48,6.85,12.9
2015-12-24,4,1,2,4,3128,32,65,6.85,12.9
2015-12-24,4,1,3,5,3630,2,21,6.81,12.9
2015-12-24,4,1,5,6,3073,36,5,6.87,12.9
2015-12-24,4,2,4,1,3682,60,14,6.76,59.3
2015-12-24,4,2,1,2,4442,66,49,6.87,59.3
2015-12-24,4,2,3,3,3187,11,53,6.94,59.3
2015-12-24,4,2,2,4,4212,33,20,6.8,59.3
2015-12-24,4,2,5,5,3477,64,55,6.76,59.3
2015-12-24,4,2,6,6,4874,53,3,6.82,59.3
2015-12-24,4,3,3,1,3717,62,1,6.8,35.7
2015-12-24,4,3,4,2,4271,37,23,6.95,35.7
2015-12-24,4,3,2,3,3425,22,22,6.92,35.7
2015-12-24,4,3,5,4,3581,54,50,6.81,35.7
2015-12-24,4,3,6,5,4152,24,54,6.82,35.7
2015-12-24,4,3,1,6,3374,61,13,6.82,35.7
2015-12-24,4,4,3,1,4522,55,33,6.81,4.7
2015-12-24,4,4,4,2,4308,3,8,6.83,4.7
2015-12-24,4,4,6,3,4561,58,62,6.86,4.7
2015-12-24,4,4,1,4,3139,29,58,6.84,4.7
2015-12-24,4,4,2,5,3195,27,4,6.88,4.7
2015-12-24,4,4,5,6,4806,20,41,6.88,4.7
2015-12-24,4,5,1,1,4172,56,17,6.82,109.2
2015-12-24,4,5,5,2,4534,25,32,6.71,109.2
2015-12-24,4,5,2,3,4343,57,44,6.78,109.2
2015-12-24,4,5,3,4,4509,26,30,6.81,109.2
2015-12-24,4,5,4,5,3072,18,45,6.81,109.2
2015-12-24,4,5,6,6,4849,1,36,6.81,109.2
2015-12-24,4,6,4,1,3740,38,51,6.84,32.2
2015-12-24,4,6,2,2,4137,51,9,6.86,32.2
2015-12-24,4,6,1,3,3310,63,64,6.75,32.2
2015-12-24,4,6,6,4,4583,21,2,6.75,32.2
2015-12-24,4,6,5,5,4874,53,3,6.82,32.2
2015-12-24,4,6,3,6,3128,32,65,6.9,32.2
2015-12-24,4,7,2,1,3187,11,53,6.96,88.8
2015-12-24,4,7,1,2,2942,34,28,6.85,88.8
2015-12-24,4,7,3,3,4311,16,61,6.86,88.8
2015-12-24,4,7,4,4,3581,54,50,6.83,88.8
2015-12-24,4,7,5,5,3507,17,6,6.88,88.8
2015-12-24,4,7,6,6,3073,36,5,6.89,88.8
2015-12-24,4,8,1,1,3489,23,18,6.74,23.4
2015-12-24,4,8,2,2,3896,52,16,6.86,23.4
2015-12-24,4,8,3,3,2585,19,37,6.86,23.4
2015-12-24,4,8,5,4,4152,24,54,6.85,23.4
2015-12-24,4,8,4,5,4504,59,46,6.79,23.4
2015-12-24,4,8,6,6,4806,20,41,6.91,23.4
2015-12-24,4,9,3,1,3432,30,24,6.91,105.3
2015-12-24,4,9,5,2,4015,39,12,6.89,105.3
2015-12-24,4,9,2,3,4012,65,66,6.87,105.3
2015-12-24,4,9,1,4,3717,62,1,6.89,105.3
2015-12-24,4,9,6,5,4534,25,32,6.76,105.3
2015-12-24,4,9,4,6,4442,66,49,6.84,105.3
2015-12-24,4,10,1,1,4137,51,9,6.85,18.5
2015-12-24,4,10,4,2,4561,58,62,6.87,18.5
2015-12-24,4,10,3,3,4736,31,25,6.85,18.5
2015-12-24,4,10,2,4,3072,18,45,6.95,18.5
2015-12-24,4,10,5,5,3682,60,14,6.89,18.5
2015-12-24,4,10,6,6,4154,40,52,6.88,18.5
2015-12-24,4,11,3,1,4172,56,17,6.78,55.8
2015-12-24,4,11,2,2,4311,16,61,6.93,55.8
2015-12-24,4,11,5,3,4522,55,33,6.88,55.8
2015-12-24,4,11,6,4,4271,37,23,6.87,55.8
2015-12-24,4,11,4,5,3630,2,21,6.77,55.8
2015-12-24,4,11,1,6,3740,38,51,6.83,55.8
2015-12-24,4,12,1,1,4504,59,46,6.76,18.5
2015-12-24,4,12,2,2,4308,3,8,6.79,18.5
2015-12-24,4,12,6,3,4509,26,30,6.9,18.5
2015-12-24,4,12,5,4,4583,21,2,6.77,18.5
2015-12-24,4,12,3,5,4212,33,20,6.88,18.5
2015-12-24,4,12,4,6,2942,34,28,6.85,18.5
2015-12-25,5,1,2,1,3477,64,55,6.69,25.4
2015-12-25,5,1,1,2,4271,37,23,6.75,25.4
2015-12-25,5,1,4,3,3310,63,64,6.78,25.4
2015-12-25,5,1,5,4,3581,54,50,6.77,25.4
2015-12-25,5,1,6,5,3187,11,53,6.81,25.4
2015-12-25,5,1,3,6,3139,29,58,6.81,25.4
2015-12-25,5,2,2,1,3073,36,5,6.75,65.2
2015-12-25,5,2,1,2,3195,27,4,6.76,65.2
2015-12-25,5,2,4,3,3374,61,13,6.72,65.2
2015-12-25,5,2,5,4,4212,33,20,6.68,65.2
2015-12-25,5,2,3,5,3425,22,22,6.77,65.2
2015-12-25,5,2,6,6,4806,20,41,6.68,65.2
2015-12-25,5,3,1,1,3432,30,24,6.66,11.8
2015-12-25,5,3,3,2,2942,34,28,6.71,11.8
2015-12-25,5,3,4,3,4152,24,54,6.76,11.8
2015-12-25,5,3,5,4,4522,55,33,6.74,11.8
2015-12-25,5,3,2,5,4442,66,49,6.77,11.8
2015-12-25,5,3,6,6,4561,58,62,6.73,11.8
2015-12-25,5,4,6,1,4504,59,46,6.67,13.2
2015-12-25,5,4,1,2,4012,65,66,6.66,13.2
2015-12-25,5,4,4,3,4583,21,2,6.74,13.2
2015-12-25,5,4,3,4,4534,25,32,6.64,13.2
2015-12-25,5,4,2,5,3507,17,6,6.8,13.2
2015-12-25,5,4,5,6,4849,1,36,6.79,13.2
2015-12-25,5,5,1,1,4308,3,8,6.68,23.5
2015-12-25,5,5,2,2,3740,38,51,6.74,23.5
2015-12-25,5,5,5,3,4229,35,48,6.81,23.5
2015-12-25,5,5,6,4,4874,53,3,6.67,23.5
2015-12-25,5,5,3,5,2585,19,37,6.75,23.5
2015-12-25,5,5,4,6,3489,23,18,6.73,23.5
2015-12-25,5,6,2,1,4343,57,44,6.7,147.3
2015-12-25,5,6,6,2,4015,39,12,6.79,147.3
2015-12-25,5,6,1,3,4509,26,30,6.77,147.3
2015-12-25,5,6,4,4,4137,51,9,6.76,147.3
2015-12-25,5,6,3,5,4736,31,25,6.64,147.3
2015-12-25,5,6,5,6,3630,2,21,6.74,147.3
2015-12-25,5,7,1,1,4172,56,17,6.78,38.9
2015-12-25,5,7,6,2,3896,52,16,6.79,38.9
2015-12-25,5,7,4,3,4154,40,52,6.69,38.9
2015-12-25,5,7,2,4,3682,60,14,6.69,38.9
2015-12-25,5,7,3,5,3717,62,1,6.74,38.9
2015-12-25,5,7,5,6,3139,29,58,6.71,38.9
2015-12-25,5,8,1,1,4311,16,61,6.72,25.1
2015-12-25,5,8,3,2,3128,32,65,6.77,25.1
2015-12-25,5,8,5,3,3425,22,22,6.83,25.1
2015-12-25,5,8,4,4,3507,17,6,6.82,25.1
2015-12-25,5,8,2,5,3072,18,45,6.84,25.1
2015-12-25,5,8,6,6,4849,1,36,6.82,25.1
2015-12-25,5,9,1,1,4522,55,33,6.78,13.2
2015-12-25,5,9,2,2,4137,51,9,6.73,13.2
2015-12-25,5,9,5,3,3740,38,51,6.76,13.2
2015-12-25,5,9,6,4,4509,26,30,6.79,13.2
2015-12-25,5,9,3,5,4583,21,2,6.73,13.2
2015-12-25,5,9,4,6,2942,34,28,6.7,13.2
2015-12-25,5,10,1,1,4504,59,46,6.64,22.2
2015-12-25,5,10,4,2,4736,31,57,6.71,22.2
2015-12-25,5,10,3,3,3489,23,11,6.68,22.2
2015-12-25,5,10,5,4,4343,57,44,6.72,22.2
2015-12-25,5,10,6,5,4308,3,8,6.76,22.2
2015-12-25,5,10,2,6,3432,30,24,6.77,22.2
2015-12-25,5,11,1,1,4015,39,12,6.66,11.5
2015-12-25,5,11,3,2,4172,56,17,6.71,11.5
2015-12-25,5,11,4,3,3717,62,1,6.66,11.5
2015-12-25,5,11,5,4,4311,16,61,6.8,11.5
2015-12-25,5,11,6,5,4271,37,23,6.77,11.5
2015-12-25,5,11,2,6,4012,65,66,6.7,11.5
2015-12-25,5,12,1,1,3072,18,45,6.77,92.1
2015-12-25,5,12,5,2,3310,63,64,6.74,92.1
2015-12-25,5,12,4,3,3896,52,16,6.76,92.1
2015-12-25,5,12,3,4,4229,35,48,6.78,92.1
2015-12-25,5,12,6,5,3374,61,13,6.8,92.1
2015-12-25,5,12,2,6,4534,25,32,6.59,92.1
2015-12-26,6,1,6,1,4534,25,32,6.67,43.0
2015-12-26,6,1,3,2,3187,11,53,6.96,43.0
2015-12-26,6,1,1,3,4561,58,62,6.86,43.0
2015-12-26,6,1,2,4,3139,29,58,6.75,43.0
2015-12-26,6,1,4,5,3195,27,4,6.83,43.0
2015-12-26,6,1,5,6,4874,53,3,6.8,43.0
2015-12-26,6,2,2,1,4229,35,48,6.84,19.7
2015-12-26,6,2,1,2,3374,61,13,6.83,19.7
2015-12-26,6,2,4,3,3581,54,50,6.79,19.7
2015-12-26,6,2,3,4,4442,66,49,6.82,19.7
2015-12-26,6,2,5,5,3128,32,65,6.87,19.7
2015-12-26,6,2,6,6,4849,1,36,6.81,19.7
2015-12-26,6,3,4,1,4154,40,52,6.76,200.0
2015-12-26,6,3,6,2,3073,36,5,6.82,200.0
2015-12-26,6,3,5,3,3507,17,6,6.85,200.0
2015-12-26,6,3,1,4,4583,21,2,6.73,200.0
2015-12-26,6,3,3,5,2585,19,26,6.87,200.0
2015-12-26,6,3,2,6,3425,22,22,6.85,200.0
2015-12-26,6,4,6,1,3072,18,45,6.82,13.1
2015-12-26,6,4,1,2,2942,34,28,6.81,13.1
2015-12-26,6,4,3,3,3477,64,55,6.73,13.1
2015-12-26,6,4,2,4,3310,63,64,6.82,13.1
2015-12-26,6,4,4,5,3682,60,14,6.74,13.1
2015-12-26,6,4,5,6,4806,20,41,6.73,13.1
2015-12-26,6,5,1,1,4311,16,61,6.81,4.9
2015-12-26,6,5,4,2,3896,52,16,6.83,4.9
2015-12-26,6,5,2,3,3432,30,24,6.83,4.9
2015-12-26,6,5,5,4,3187,11,53,6.92,4.9
2015-12-26,6,5,6,5,4874,53,3,6.71,4.9
2015-12-26,6,5,3,6,3630,2,21,6.87,4.9
2015-12-26,6,7,2,1,4271,37,23,6.82,23.5
2015-12-26,6,7,1,2,3740,38,51,6.76,23.5
2015-12-26,6,7,4,3,4343,57,44,6.85,23.5
2015-12-26,6,7,5,4,2585,19,59,6.84,23.5
2015-12-26,6,7,3,5,3128,32,65,6.84,23.5
2015-12-26,6,7,6,6,3195,27,4,6.94,23.5
2015-12-26,6,8,1,1,4012,65,66,6.78,10.7
2015-12-26,6,8,3,2,4154,40,52,6.76,10.7
2015-12-26,6,8,2,3,3489,23,11,6.69,10.7
2015-12-26,6,8,4,4,4561,58,62,6.79,10.7
2015-12-26,6,8,5,5,3477,64,55,6.79,10.7
2015-12-26,6,8,6,6,4806,20,41,6.72,10.7
2015-12-26,6,9,1,1,3896,52,16,6.76,41.4
2015-12-26,6,9,5,2,3682,60,14,6.74,41.4
2015-12-26,6,9,3,3,4152,24,54,6.84,41.4
2015-12-26,6,9,2,4,3630,2,21,6.87,41.4
2015-12-26,6,9,6,5,4442,66,49,6.86,41.4
2015-12-26,6,9,4,6,3072,18,45,6.8,41.4
2015-12-26,6,10,4,1,4583,21,2,6.77,347.7
2015-12-26,6,10,6,2,2942,34,28,6.83,347.7
2015-12-26,6,10,1,3,3717,62,1,6.69,347.7
2015-12-26,6,10,3,4,4343,57,44,6.73,347.7
2015-12-26,6,10,5,5,3432,30,24,6.8,347.7
2015-12-26,6,10,2,6,4311,16,61,6.8,347.7
2015-12-26,6,11,1,1,3489,23,11,6.73,9.0
2015-12-26,6,11,4,2,4308,3,8,6.8,9.0
2015-12-26,6,11,2,3,3740,38,51,6.8,9.0
2015-12-26,6,11,6,4,4012,65,66,6.85,9.0
2015-12-26,6,11,5,5,4271,37,23,6.85,9.0
2015-12-26,6,11,3,6,4509,26,30,6.77,9.0
2015-12-26,6,12,3,1,4522,55,33,6.81,248.7
2015-12-26,6,12,2,2,4504,59,46,6.74,248.7
2015-12-26,6,12,4,3,4137,51,9,6.8,248.7
2015-12-26,6,12,5,4,4172,56,17,6.83,248.7
2015-12-26,6,12,1,5,4015,39,12,6.76,248.7
2015-12-26,6,12,6,6,4736,31,57,6.82,248.7
2015-12-29,1,1,1,1,4260,56,15,6.79,6.8
2015-12-29,1,1,2,2,3234,59,32,6.8,6.8
2015-12-29,1,1,5,3,3578,4,9,6.83,6.8
2015-12-29,1,1,3,4,3166,51,31,6.77,6.8
2015-12-29,1,1,4,5,4823,16,16,6.8,6.8
2015-12-29,1,1,6,6,4170,48,43,6.71,6.8
2015-12-29,1,2,2,1,3466,54,65,6.85,478.7
2015-12-29,1,2,6,2,4313,44,8,6.86,478.7
2015-12-29,1,2,3,3,3137,14,23,6.84,478.7
2015-12-29,1,2,4,4,4020,63,10,6.76,478.7
2015-12-29,1,2,1,5,3189,46,4,6.82,478.7
2015-12-29,1,2,5,6,4894,13,35,6.74,478.7
2015-12-29,1,3,4,1,3907,61,36,6.77,44.3
2015-12-29,1,3,6,2,3568,15,2,6.8,44.3
2015-12-29,1,3,5,3,4529,7,19,6.88,44.3
2015-12-29,1,3,1,4,3553,12,63,6.8,44.3
2015-12-29,1,3,3,5,3855,47,59,6.7,44.3
2015-12-29,1,3,2,6,4739,18,44,6.85,44.3
2015-12-29,1,4,6,1,3541,5,27,6.8,72.2
2015-12-29,1,4,1,2,4309,50,11,6.88,72.2
2015-12-29,1,4,2,3,3064,10,45,6.78,72.2
2015-12-29,1,4,5,4,4643,19,38,6.8,72.2
2015-12-29,1,4,3,5,2887,43,13,6.77,72.2
2015-12-29,1,4,4,6,3701,60,6,6.81,72.2
2015-12-29,1,5,3,1,4459,52,62,6.78,7.7
2015-12-29,1,5,1,2,3401,53,52,6.66,7.7
2015-12-29,1,5,4,3,3832,8,66,6.72,7.7
2015-12-29,1,5,5,4,4010,23,51,6.82,7.7
2015-12-29,1,5,2,5,4642,21,47,6.75,7.7
2015-12-29,1,5,6,6,3492,25,17,6.71,7.7
2015-12-29,1,6,5,1,4030,55,24,6.81,56.2
2015-12-29,1,6,3,2,3753,45,34,6.89,56.2
2015-12-29,1,6,2,3,4452,24,64,6.87,56.2
2015-12-29,1,6,4,4,4348,22,53,6.92,56.2
2015-12-29,1,6,6,5,4852,58,22,6.88,56.2
2015-12-29,1,6,1,6,3466,54,65,6.81,56.2
2015-12-29,1,7,1,1,4772,6,57,6.73,23.0
2015-12-29,1,7,3,2,3908,11,60,6.74,23.0
2015-12-29,1,7,4,3,3710,28,56,6.95,23.0
2015-12-29,1,7,2,4,3837,41,40,6.82,23.0
2015-12-29,1,7,6,5,4020,63,10,6.82,23.0
2015-12-29,1,7,5,6,4823,16,16,6.8,23.0
2015-12-29,1,8,1,1,3849,57,61,6.82,6.3
2015-12-29,1,8,2,2,4220,17,39,6.84,6.3
2015-12-29,1,8,3,3,3553,12,63,6.9,6.3
2015-12-29,1,8,4,4,3910,20,3,6.81,6.3
2015-12-29,1,8,5,5,4170,48,43,6.8,6.3
2015-12-29,1,8,6,6,4894,13,35,6.74,6.3
2015-12-29,1,9,2,1,3543,49,46,6.77,29.4
2015-12-29,1,9,3,2,3578,4,9,6.84,29.4
2015-12-29,1,9,1,3,4739,18,44,6.87,29.4
2015-12-29,1,9,5,4,4313,44,8,6.93,29.4
2015-12-29,1,9,6,5,3832,8,66,6.78,29.4
2015-12-29,1,9,4,6,3975,9,28,6.93,29.4
2015-12-29,1,10,3,1,3478,64,29,6.88,59.3
2015-12-29,1,10,1,2,3442,62,5,6.81,59.3
2015-12-29,1,10,5,3,3907,61,36,6.75,59.3
2015-12-29,1,10,4,4,4452,24,64,6.84,59.3
2015-12-29,1,10,6,5,4643,19,38,6.73,59.3
2015-12-29,1,10,2,6,3137,14,23,6.86,59.3
2015-12-29,1,11,1,1,3837,41,40,6.85,19.1
2015-12-29,1,11,2,2,3401,53,52,6.92,19.1
2015-12-29,1,11,5,3,4348,22,53,6.81,19.1
2015-12-29,1,11,4,4,4260,56,15,6.91,19.1
2015-12-29,1,11,3,5,3064,10,45,6.82,19.1
2015-12-29,1,11,6,6,4529,7,19,6.84,19.1
2015-12-29,1,12,1,1,3908,11,60,6.85,37.1
2015-12-29,1,12,4,2,3541,5,27,6.92,37.1
2015-12-29,1,12,6,3,4459,52,62,6.81,37.1
2015-12-29,1,12,3,4,4030,55,24,6.87,37.1
2015-12-29,1,12,5,5,3568,15,2,6.82,37.1
2015-12-29,1,12,2,6,3849,57,61,6.85,37.1
2015-12-30,2,1,1,1,3710,28,56,6.81,8.7
2015-12-30,2,1,4,2,4772,6,57,6.82,8.7
2015-12-30,2,1,2,3,3855,47,59,6.72,8.7
2015-12-30,2,1,6,4,3753,45,34,6.89,8.7
2015-12-30,2,1,5,5,4852,58,22,6.78,8.7
2015-12-30,2,1,3,6,4642,21,47,6.76,8.7
2015-12-30,2,2,1,1,3492,25,17,6.74,98.1
2015-12-30,2,2,4,2,3553,12,63,6.84,98.1
2015-12-30,2,2,2,3,4010,23,51,6.82,98.1
2015-12-30,2,2,3,4,4529,7,19,6.76,98.1
2015-12-30,2,2,6,5,4823,16,16,6.78,98.1
2015-12-30,2,2,5,6,3234,59,32,6.83,98.1
2015-12-30,2,3,1,1,2887,43,13,6.69,25.5
2015-12-30,2,3,5,2,3401,53,52,6.76,25.5
2015-12-30,2,3,3,3,4309,50,11,6.84,25.5
2015-12-30,2,3,2,4,3189,46,4,6.82,25.5
2015-12-30,2,3,6,5,3442,62,5,6.76,25.5
2015-12-30,2,3,4,6,3166,51,31,6.8,25.5
2015-12-30,2,4,1,1,3701,60,6,6.77,10.8
2015-12-30,2,4,5,2,3543,49,46,6.68,10.8
2015-12-30,2,4,2,3,3578,4,9,6.8,10.8
2015-12-30,2,4,4,4,3137,14,23,6.78,10.8
2015-12-30,2,4,6,5,3910,20,3,6.87,10.8
2015-12-30,2,4,3,6,4170,48,43,6.77,10.8
2015-12-30,2,5,1,1,3975,9,28,6.79,8.3
2015-12-30,2,5,3,2,3541,5,27,6.85,8.3
2015-12-30,2,5,4,3,3568,15,2,6.83,8.3
2015-12-30,2,5,2,4,4020,63,10,6.75,8.3
2015-12-30,2,5,5,5,4739,18,44,6.79,8.3
2015-12-30,2,5,6,6,4894,13,35,6.84,8.3
2015-12-30,2,6,6,1,3908,11,60,6.82,29.9
2015-12-30,2,6,2,2,4348,22,53,6.82,29.9
2015-12-30,2,6,1,3,3855,47,59,6.7,29.9
2015-12-30,2,6,3,4,4313,44,8,6.9,29.9
2015-12-30,2,6,5,5,3478,64,29,6.86,29.9
2015-12-30,2,6,4,6,3466,54,65,6.88,29.9
2015-12-30,2,7,2,1,4030,55,24,6.73,11.0
2015-12-30,2,7,5,2,3849,57,61,6.85,11.0
2015-12-30,2,7,3,3,4010,23,51,6.85,11.0
2015-12-30,2,7,4,4,3189,46,4,6.93,11.0
2015-12-30,2,7,6,5,4220,17,39,6.84,11.0
2015-12-30,2,7,1,6,4642,21,47,6.88,11.0
2015-12-30,2,8,1,1,4459,52,62,6.79,2.8
2015-12-30,2,8,2,2,4260,56,15,6.84,2.8
2015-12-30,2,8,4,3,4643,19,38,6.75,2.8
2015-12-30,2,8,3,4,3701,60,6,6.81,2.8
2015-12-30,2,8,6,5,4852,58,22,6.8,2.8
2015-12-30,2,8,5,6,3166,51,31,6.86,2.8
2015-12-30,2,9,1,1,3064,10,45,6.86,52.8
2015-12-30,2,9,4,2,2887,43,13,6.85,52.8
2015-12-30,2,9,2,3,3710,28,56,6.84,52.8
2015-12-30,2,9,5,4,3837,41,40,6.88,52.8
2015-12-30,2,9,6,5,4452,24,64,6.92,52.8
2015-12-30,2,9,3,6,3492,25,17,6.76,52.8
2015-12-30,2,10,1,1,4348,22,53,6.88,23.0
2015-12-30,2,10,5,2,3541,5,27,6.9,23.0
2015-12-30,2,10,3,3,3832,8,66,6.85,23.0
2015-12-30,2,10,6,4,3401,53,52,6.91,23.0
2015-12-30,2,10,2,5,3907,61,36,6.76,23.0
2015-12-30,2,10,4,6,3753,45,34,6.92,23.0
2015-12-30,2,11,1,1,3568,15,2,6.84,33.5
2015-12-30,2,11,2,2,4309,50,11,6.89,33.5
2015-12-30,2,11,4,3,4220,17,39,6.88,33.5
2015-12-30,2,11,5,4,3908,11,60,6.86,33.5
2015-12-30,2,11,3,5,3910,20,3,6.82,33.5
2015-12-30,2,11,6,6,3234,59,32,6.83,33.5
2015-12-30,2,12,3,1,3543,49,46,6.74,47.6
2015-12-30,2,12,1,2,4030,55,24,6.81,47.6
2015-12-30,2,12,6,3,4772,6,57,6.81,47.6
2015-12-30,2,12,5,4,3442,62,5,6.85,47.6
2015-12-30,2,12,4,5,3478,64,29,6.8,47.6
2015-12-30,2,12,2,6,3975,9,28,6.84,47.6
2015-12-31,3,1,1,1,3832,8,66,6.79,4.6
2015-12-31,3,1,4,2,3578,4,30,6.83,4.6
2015-12-31,3,1,2,3,4529,7,19,6.81,4.6
2015-12-31,3,1,3,4,3466,54,65,6.86,4.6
2015-12-31,3,1,5,5,4894,13,35,6.81,4.6
2015-12-31,3,1,6,6,3166,51,31,6.76,4.6
2015-12-31,3,2,4,1,4313,44,8,6.81,127.3
2015-12-31,3,2,5,2,3064,10,45,6.8,127.3
2015-12-31,3,2,6,3,3553,12,63,6.87,127.3
2015-12-31,3,2,1,4,4010,23,51,6.82,127.3
2015-12-31,3,2,3,5,4020,63,10,6.71,127.3
2015-12-31,3,2,2,6,3701,60,6,6.69,127.3
2015-12-31,3,3,3,1,3568,15,2,6.78,32.5
2015-12-31,3,3,6,2,3710,28,56,6.76,32.5
2015-12-31,3,3,4,3,4642,21,47,6.77,32.5
2015-12-31,3,3,2,4,2887,43,13,6.77,32.5
2015-12-31,3,3,5,5,3137,14,23,6.82,32.5
2015-12-31,3,3,1,6,3234,59,32,6.79,32.5
2015-12-31,3,4,3,1,4260,56,15,6.85,88.1
2015-12-31,3,4,1,2,4170,48,43,6.71,88.1
2015-12-31,3,4,5,3,4823,16,16,6.77,88.1
2015-12-31,3,4,2,4,3492,25,17,6.78,88.1
2015-12-31,3,4,4,5,3837,41,40,6.88,88.1
2015-12-31,3,4,6,6,4309,50,11,6.9,88.1
2015-12-31,3,5,5,1,3753,45,34,6.89,400.3
2015-12-31,3,5,1,2,4459,52,62,6.71,400.3
2015-12-31,3,5,2,3,4643,19,38,6.71,400.3
2015-12-31,3,5,3,4,4220,17,39,6.82,400.3
2015-12-31,3,5,4,5,4739,18,44,6.79,400.3
2015-12-31,3,5,6,6,4894,13,35,6.77,400.3
2015-12-31,3,6,3,1,3849,57,61,6.73,10.3
2015-12-31,3,6,1,2,3907,61,36,6.71,10.3
2015-12-31,3,6,4,3,3855,47,59,6.64,10.3
2015-12-31,3,6,6,4,4852,58,22,6.8,10.3
2015-12-31,3,6,2,5,3910,20,3,6.77,10.3
2015-12-31,3,6,5,6,3975,9,28,6.73,10.3
2015-12-31,3,7,3,1,3401,53,52,6.76,40.0
2015-12-31,3,7,2,2,3541,5,27,6.67,40.0
2015-12-31,3,7,4,3,3543,49,46,6.67,40.0
2015-12-31,3,7,5,4,4772,6,57,6.69,40.0
2015-12-31,3,7,6,5,3137,14,23,6.73,40.0
2015-12-31,3,7,1,6,4313,44,8,6.72,40.0
2015-12-31,3,8,1,1,4452,24,64,6.65,13.7
2015-12-31,3,8,4,2,3442,62,5,6.7,13.7
2015-12-31,3,8,2,3,3908,11,60,6.66,13.7
2015-12-31,3,8,6,4,4823,16,16,6.77,13.7
2015-12-31,3,8,3,5,3189,46,4,6.8,13.7
2015-12-31,3,8,5,6,3466,54,65,6.77,13.7
2015-12-31,3,9,1,1,4529,7,19,6.75,66.6
2015-12-31,3,9,3,2,4348,22,53,6.77,66.6
2015-12-31,3,9,6,3,3064,10,45,6.84,66.6
2015-12-31,3,9,2,4,3568,15,2,6.73,66.6
2015-12-31,3,9,4,5,4170,48,43,6.7,66.6
2015-12-31,3,9,5,6,4220,17,39,6.75,66.6
2015-12-31,3,10,1,1,3910,20,3,6.79,33.2
2015-12-31,3,10,2,2,3478,64,29,6.68,33.2
2015-12-31,3,10,4,3,4030,55,24,6.67,33.2
2015-12-31,3,10,3,4,3837,41,40,6.79,33.2
2015-12-31,3,10,6,5,4739,18,44,6.75,33.2
2015-12-31,3,10,5,6,4020,63,10,6.72,33.2
2015-12-31,3,11,1,1,3543,49,46,6.67,5.8
2015-12-31,3,11,2,2,4459,52,62,6.68,5.8
2015-12-31,3,11,3,3,3907,61,36,6.7,5.8
2015-12-31,3,11,6,4,4260,56,15,6.7,5.8
2015-12-31,3,11,4,5,3832,8,66,6.72,5.8
2015-12-31,3,11,5,6,3553,12,63,6.72,5.8
2015-12-31,3,12,1,1,3541,5,27,6.76,83.9
2015-12-31,3,12,6,2,3578,4,30,6.67,83.9
2015-12-31,3,12,3,3,4643,19,38,6.73,83.9
2015-12-31,3,12,2,4,3442,62,5,6.77,83.9
2015-12-31,3,12,5,5,3710,28,56,6.75,83.9
2015-12-31,3,12,4,6,3849,57,61,6.73,83.9
