開催日,日目,レース,艇,着,登番,モーター,ボート,展示,3連単オッズ
2019-01-01,4,1,1,1,4739,55,19,6.79,5.7
2019-01-01,4,1,2,2,4852,40,31,6.77,5.7
2019-01-01,4,1,4,3,4821,48,2,6.71,5.7
2019-01-01,4,1,3,4,4931,14,25,6.72,5.7
2019-01-01,4,1,6,5,4946,57,13,6.81,5.7
2019-01-01,4,1,5,6,5032,18,30,6.85,5.7
2019-01-01,4,2,1,1,3478,44,52,6.78,13.3
2019-01-01,4,2,3,2,4034,51,34,6.63,13.3
2019-01-01,4,2,4,3,3660,19,22,6.76,13.3
2019-01-01,4,2,6,4,4154,38,23,6.72,13.3
2019-01-01,4,2,2,5,4187,49,59,6.76,13.3
2019-01-01,4,2,5,6,5059,39,33,6.9,13.3
2019-01-01,4,3,2,1,3064,6,8,6.8,75.2
2019-01-01,4,3,1,2,4010,2,7,6.79,75.2
2019-01-01,4,3,4,3,3568,47,14,6.76,75.2
2019-01-01,4,3,3,4,4348,43,54,6.75,75.2
2019-01-01,4,3,5,5,4583,21,43,6.72,75.2
2019-01-01,4,3,6,6,4221,11,46,6.85,75.2
2019-01-01,4,4,1,1,4185,24,20,6.69,45.4
2019-01-01,4,4,2,2,3753,8,21,6.79,45.4
2019-01-01,4,4,4,3,3832,9,18,6.73,45.4
2019-01-01,4,4,3,4,3975,22,24,6.79,45.4
2019-01-01,4,4,5,5,4437,5,28,6.81,45.4
2019-01-01,4,4,6,6,3401,20,53,6.73,45.4
2019-01-01,4,5,3,1,3837,56,35,6.69,87.1
2019-01-01,4,5,6,2,3553,16,61,6.74,87.1
2019-01-01,4,5,4,3,4260,52,12,6.78,87.1
2019-01-01,4,5,2,4,4220,45,16,6.68,87.1
2019-01-01,4,5,1,5,4452,50,5,6.65,87.1
2019-01-01,4,5,5,6,3701,54,11,6.82,87.1
2019-01-01,4,6,5,1,4030,15,55,6.72,43.7
2019-01-01,4,6,3,2,3541,13,17,6.73,43.7
2019-01-01,4,6,2,3,3578,59,26,6.73,43.7
2019-01-01,4,6,4,4,3234,1,65,6.75,43.7
2019-01-01,4,6,6,5,5032,18,30,6.75,43.7
2019-01-01,4,6,1,6,3710,41,50,6.72,43.7
2019-01-01,4,7,4,1,4459,4,62,6.68,50.7
2019-01-01,4,7,1,2,4529,10,3,6.7,50.7
2019-01-01,4,7,2,3,4643,60,29,6.69,50.7
2019-01-01,4,7,3,4,3543,3,64,6.77,50.7
2019-01-01,4,7,5,5,3064,6,8,6.8,50.7
2019-01-01,4,7,6,6,5059,39,33,6.86,50.7
2019-01-01,4,8,1,1,4437,5,28,6.74,13.2
2019-01-01,4,8,4,2,3908,53,4,6.65,13.2
2019-01-01,4,8,3,3,4511,58,63,6.72,13.2
2019-01-01,4,8,2,4,4739,55,19,6.73,13.2
2019-01-01,4,8,5,5,4154,38,23,6.8,13.2
2019-01-01,4,8,6,6,5037,46,58,6.68,13.2
2019-01-01,4,9,4,1,4772,7,48,6.72,84.1
2019-01-01,4,9,2,2,4034,51,34,6.71,84.1
2019-01-01,4,9,1,3,4583,21,43,6.73,84.1
2019-01-01,4,9,5,4,4220,45,16,6.68,84.1
2019-01-01,4,9,3,5,4821,48,2,6.74,84.1
2019-01-01,4,9,6,6,3753,8,21,6.75,84.1
2019-01-01,4,10,1,1,4030,15,55,6.64,6.6
2019-01-01,4,10,3,2,4452,50,5,6.58,6.6
2019-01-01,4,10,5,3,3832,9,18,6.74,6.6
2019-01-01,4,10,2,4,4331,12,56,6.73,6.6
2019-01-01,4,10,6,5,4187,49,59,6.77,6.6
2019-01-01,4,10,4,6,4221,11,46,6.78,6.6
2019-01-01,4,11,1,1,4459,4,62,6.64,7.5
2019-01-01,4,11,2,2,4260,52,12,6.71,7.5
2019-01-01,4,11,4,3,3578,59,26,6.69,7.5
2019-01-01,4,11,3,4,3401,20,53,6.82,7.5
2019-01-01,4,11,5,5,4348,43,54,6.67,7.5
2019-01-01,4,11,6,6,3660,19,22,6.7,7.5
2019-01-01,4,12,5,1,3975,22,24,6.85,1107.6
2019-01-01,4,12,6,2,3837,56,35,6.73,1107.6
2019-01-01,4,12,4,3,3541,13,17,6.74,1107.6
2019-01-01,4,12,2,4,3568,47,14,6.68,1107.6
2019-01-01,4,12,3,5,4643,60,29,6.69,1107.6
2019-01-01,4,12,1,6,3908,53,4,6.69,1107.6
2019-01-02,5,1,1,1,4772,7,48,6.61,18.0
2019-01-02,5,1,4,2,3710,41,50,6.68,18.0
2019-01-02,5,1,2,3,4931,14,25,6.68,18.0
2019-01-02,5,1,3,4,3578,59,26,6.61,18.0
2019-01-02,5,1,6,5,3660,19,22,6.73,18.0
2019-01-02,5,1,5,6,4529,10,3,6.65,18.0
2019-01-02,5,2,3,1,4187,49,59,6.63,12.0
2019-01-02,5,2,1,2,3701,54,11,6.68,12.0
2019-01-02,5,2,4,3,4010,2,7,6.71,12.0
2019-01-02,5,2,5,4,4221,11,46,6.75,12.0
2019-01-02,5,2,6,5,5037,46,58,6.72,12.0
2019-01-02,5,2,2,6,4946,57,13,6.7,12.0
2019-01-02,5,3,3,1,4034,51,34,6.6,144.9
2019-01-02,5,3,4,2,4739,55,19,6.6,144.9
2019-01-02,5,3,5,3,3541,13,17,6.66,144.9
2019-01-02,5,3,2,4,4852,40,31,6.6,144.9
2019-01-02,5,3,6,5,3837,56,35,6.65,144.9
2019-01-02,5,3,1,6,4154,38,23,6.55,144.9
2019-01-02,5,4,4,1,4220,45,16,6.57,79.6
2019-01-02,5,4,1,2,4185,24,20,6.64,79.6
2019-01-02,5,4,2,3,4643,60,29,6.63,79.6
2019-01-02,5,4,6,4,3908,53,4,6.66,79.6
2019-01-02,5,4,3,5,3064,6,8,6.65,79.6
2019-01-02,5,4,5,6,5032,18,30,6.67,79.6
2019-01-02,5,5,3,1,3543,3,64,6.67,56.5
2019-01-02,5,5,1,2,4348,43,54,6.6,56.5
2019-01-02,5,5,2,3,3553,16,61,6.57,56.5
2019-01-02,5,5,4,4,4030,15,55,6.64,56.5
2019-01-02,5,5,5,5,3753,8,21,6.64,56.5
2019-01-02,5,5,6,6,5059,39,33,6.69,56.5
2019-01-02,5,6,1,1,4260,52,12,6.7,31.9
2019-01-02,5,6,5,2,3568,47,14,6.69,31.9
2019-01-02,5,6,3,3,3478,44,52,6.73,31.9
2019-01-02,5,6,2,4,4437,5,28,6.63,31.9
2019-01-02,5,6,6,5,3832,9,18,6.69,31.9
2019-01-02,5,6,4,6,3234,1,65,6.61,31.9
2019-01-02,5,7,1,1,4452,50,5,6.58,29.7
2019-01-02,5,7,2,2,4511,58,63,6.66,29.7
2019-01-02,5,7,3,3,4583,21,43,6.63,29.7
2019-01-02,5,7,6,4,4459,4,62,6.63,29.7
2019-01-02,5,7,5,5,3401,20,53,6.71,29.7
2019-01-02,5,7,4,6,4154,38,23,6.66,29.7
2019-01-02,5,8,1,1,4331,12,56,6.62,5.2
2019-01-02,5,8,2,2,4821,48,2,6.57,5.2
2019-01-02,5,8,4,3,3975,22,24,6.61,5.2
2019-01-02,5,8,3,4,4010,2,7,6.63,5.2
2019-01-02,5,8,5,5,4187,49,59,6.66,5.2
2019-01-02,5,8,6,6,5032,18,30,6.67,5.2
2019-01-02,5,9,1,1,3908,53,4,6.69,6.9
2019-01-02,5,9,3,2,4030,15,55,6.64,6.9
2019-01-02,5,9,2,3,3541,13,17,6.6,6.9
2019-01-02,5,9,6,4,4772,7,48,6.69,6.9
2019-01-02,5,9,5,5,4348,43,54,6.73,6.9
2019-01-02,5,9,4,6,4034,51,34,6.63,6.9
2019-01-02,5,10,1,1,3837,56,35,6.59,9.0
2019-01-02,5,10,4,2,3543,3,64,6.62,9.0
2019-01-02,5,10,2,3,4260,52,12,6.67,9.0
2019-01-02,5,10,3,4,3553,16,61,6.59,9.0
2019-01-02,5,10,5,5,4437,5,28,6.71,9.0
2019-01-02,5,10,6,6,4185,24,20,6.62,9.0
2019-01-02,5,11,1,1,4459,4,62,6.55,5.3
2019-01-02,5,11,3,2,4452,50,5,6.58,5.3
2019-01-02,5,11,2,3,3568,47,14,6.58,5.3
2019-01-02,5,11,5,4,4852,40,31,6.64,5.3
2019-01-02,5,11,4,5,3064,6,8,6.59,5.3
2019-01-02,5,11,6,6,4331,12,56,6.69,5.3
2019-01-02,5,12,2,1,3401,20,53,6.63,334.1
2019-01-02,5,12,3,2,4931,14,25,6.6,334.1
2019-01-02,5,12,4,3,4583,21,43,6.65,334.1
2019-01-02,5,12,6,4,3975,22,24,6.68,334.1
2019-01-02,5,12,5,5,4643,60,29,6.67,334.1
2019-01-02,5,12,1,6,4739,55,19,6.69,334.1
2019-01-03,6,1,1,1,3832,9,18,6.73,11.0
2019-01-03,6,1,3,2,3753,8,21,6.77,11.0
2019-01-03,6,1,4,3,3710,41,50,6.69,11.0
2019-01-03,6,1,2,4,3234,1,65,6.72,11.0
2019-01-03,6,1,5,5,5037,46,58,6.73,11.0
2019-01-03,6,1,6,6,4946,57,13,6.73,11.0
2019-01-03,6,2,4,1,4010,2,7,6.65,82.2
2019-01-03,6,2,6,2,4154,38,23,6.79,82.2
2019-01-03,6,2,2,3,4221,11,46,6.73,82.2
2019-01-03,6,2,1,4,3660,19,22,6.68,82.2
2019-01-03,6,2,3,5,3701,54,11,6.73,82.2
2019-01-03,6,2,5,6,5059,39,33,6.81,82.2
2019-01-03,6,3,1,1,3568,47,14,6.75,5.8
2019-01-03,6,3,3,2,4034,51,34,6.64,5.8
2019-01-03,6,3,4,3,4511,58,63,6.78,5.8
2019-01-03,6,3,5,4,3478,44,52,6.79,5.8
2019-01-03,6,3,2,5,4529,10,3,6.75,5.8
2019-01-03,6,3,6,6,5032,18,30,6.79,5.8
2019-01-03,6,4,3,1,3553,16,61,6.67,179.3
2019-01-03,6,4,4,2,3541,13,17,6.55,179.3
2019-01-03,6,4,2,3,4187,49,59,6.64,179.3
2019-01-03,6,4,1,4,4348,43,54,6.66,179.3
2019-01-03,6,4,5,5,3578,59,26,6.56,179.3
2019-01-03,6,4,6,6,3064,6,8,6.65,179.3
2019-01-03,6,5,5,1,4931,14,25,6.64,219.4
2019-01-03,6,5,4,2,4220,45,16,6.59,219.4
2019-01-03,6,5,3,3,4821,48,2,6.62,219.4
2019-01-03,6,5,6,4,5037,46,58,6.62,219.4
2019-01-03,6,5,2,5,4852,40,31,6.6,219.4
2019-01-03,6,5,1,6,4331,12,56,6.69,219.4
2019-01-03,6,6,6,1,4583,21,43,6.74,103.5
2019-01-03,6,6,1,2,4772,7,48,6.66,103.5
2019-01-03,6,6,5,3,4643,60,29,6.69,103.5
2019-01-03,6,6,3,4,3710,41,50,6.68,103.5
2019-01-03,6,6,2,5,4185,24,20,6.62,103.5
2019-01-03,6,6,4,6,4221,11,46,6.68,103.5
2019-01-03,6,7,1,1,4437,5,28,6.73,18.2
2019-01-03,6,7,6,2,4739,55,19,6.75,18.2
2019-01-03,6,7,5,3,3234,1,65,6.71,18.2
2019-01-03,6,7,3,4,3660,19,22,6.72,18.2
2019-01-03,6,7,2,5,3753,8,21,6.76,18.2
2019-01-03,6,7,4,6,4529,10,3,6.65,18.2
2019-01-03,6,8,1,1,4260,52,12,6.72,5.4
2019-01-03,6,8,4,2,3401,20,53,6.74,5.4
2019-01-03,6,8,2,3,3578,59,26,6.69,5.4
2019-01-03,6,8,3,4,4946,57,13,6.68,5.4
2019-01-03,6,8,5,5,4511,58,63,6.74,5.4
2019-01-03,6,8,6,6,5059,39,33,6.77,5.4
2019-01-03,6,9,1,1,3975,22,24,6.65,22.2
2019-01-03,6,9,4,2,3832,9,18,6.81,22.2
2019-01-03,6,9,2,3,3478,44,52,6.72,22.2
2019-01-03,6,9,3,4,4220,45,16,6.61,22.2
2019-01-03,6,9,6,5,3701,54,11,6.71,22.2
2019-01-03,6,9,5,6,4821,48,2,6.67,22.2
2019-01-03,6,10,3,1,4348,43,54,6.62,61.0
2019-01-03,6,10,1,2,3064,6,8,6.58,61.0
2019-01-03,6,10,4,3,4034,51,34,6.65,61.0
2019-01-03,6,10,6,4,4331,12,56,6.7,61.0
2019-01-03,6,10,5,5,4185,24,20,6.62,61.0
2019-01-03,6,10,2,6,4437,5,28,6.73,61.0
2019-01-03,6,11,1,1,3541,13,17,6.51,8.4
2019-01-03,6,11,3,2,3568,47,14,6.68,8.4
2019-01-03,6,11,2,3,4260,52,12,6.73,8.4
2019-01-03,6,11,5,4,4852,40,31,6.61,8.4
2019-01-03,6,11,4,5,3553,16,61,6.63,8.4
2019-01-03,6,11,6,6,4772,7,48,6.66,8.4
2019-01-03,6,12,1,1,4459,4,62,6.65,9.3
2019-01-03,6,12,3,2,3908,53,4,6.68,9.3
2019-01-03,6,12,2,3,3837,56,35,6.61,9.3
2019-01-03,6,12,4,4,4452,50,5,6.71,9.3
2019-01-03,6,12,6,5,3543,3,64,6.72,9.3
2019-01-03,6,12,5,6,4030,15,55,6.72,9.3
2019-01-08,1,1,1,1,3939,44,40,6.83,15.7
2019-01-08,1,1,6,2,3906,41,58,6.83,15.7
2019-01-08,1,1,5,3,4151,6,53,6.84,15.7
2019-01-08,1,1,2,4,4390,29,57,6.8,15.7
2019-01-08,1,1,4,5,4251,39,66,6.85,15.7
2019-01-08,1,1,3,6,4020,46,49,6.79,15.7
2019-01-08,1,2,3,1,3905,23,4,6.73,338.8
2019-01-08,1,2,2,2,4521,34,8,6.77,338.8
2019-01-08,1,2,5,3,5025,8,50,6.81,338.8
2019-01-08,1,2,6,4,3852,26,7,6.78,338.8
2019-01-08,1,2,4,5,3325,4,38,6.77,338.8
2019-01-08,1,2,1,6,3855,66,61,6.7,338.8
2019-01-08,1,3,1,1,3734,35,22,6.74,98.9
2019-01-08,1,3,6,2,3212,36,54,6.82,98.9
2019-01-08,1,3,4,3,4015,32,19,6.71,98.9
2019-01-08,1,3,2,4,3762,7,32,6.81,98.9
2019-01-08,1,3,3,5,2942,57,44,6.81,98.9
2019-01-08,1,3,5,6,3362,48,31,6.87,98.9
2019-01-08,1,4,1,1,3519,27,13,6.77,42.7
2019-01-08,1,4,5,2,3931,37,30,6.75,42.7
2019-01-08,1,4,2,3,3875,25,28,6.83,42.7
2019-01-08,1,4,6,4,3343,5,5,6.83,42.7
2019-01-08,1,4,3,5,3907,60,46,6.8,42.7
2019-01-08,1,4,4,6,5016,62,14,6.79,42.7
2019-01-08,1,5,1,1,3584,47,51,6.76,16.4
2019-01-08,1,5,2,2,3176,40,65,6.78,16.4
2019-01-08,1,5,3,3,4796,2,17,6.76,16.4
2019-01-08,1,5,4,4,4040,43,39,6.75,16.4
2019-01-08,1,5,5,5,3456,64,27,6.69,16.4
2019-01-08,1,5,6,6,5032,1,63,6.83,16.4
2019-01-08,1,6,1,1,3757,9,12,6.79,9.3
2019-01-08,1,6,2,2,3961,17,36,6.82,9.3
2019-01-08,1,6,6,3,3712,45,18,6.77,9.3
2019-01-08,1,6,3,4,3527,30,33,6.89,9.3
2019-01-08,1,6,4,5,4838,28,60,6.78,9.3
2019-01-08,1,6,5,6,4333,10,15,6.79,9.3
2019-01-08,1,7,5,1,4350,49,52,6.78,19.8
2019-01-08,1,7,1,2,4396,11,34,6.82,19.8
2019-01-08,1,7,3,3,3828,33,3,6.75,19.8
2019-01-08,1,7,4,4,4020,46,49,6.85,19.8
2019-01-08,1,7,2,5,3516,3,6,6.82,19.8
2019-01-08,1,7,6,6,2942,57,44,6.83,19.8
2019-01-08,1,8,2,1,4336,38,10,6.81,35.1
2019-01-08,1,8,1,2,3024,63,21,6.69,35.1
2019-01-08,1,8,3,3,3762,7,32,6.89,35.1
2019-01-08,1,8,6,4,5025,8,50,6.81,35.1
2019-01-08,1,8,4,5,3939,44,40,6.87,35.1
2019-01-08,1,8,5,6,3875,25,28,6.91,35.1
2019-01-08,1,9,4,1,3931,37,30,6.65,49.1
2019-01-08,1,9,2,2,4497,65,47,6.84,49.1
2019-01-08,1,9,3,3,3212,36,54,6.83,49.1
2019-01-08,1,9,5,4,3176,40,65,6.75,49.1
2019-01-08,1,9,1,5,3523,31,41,6.66,49.1
2019-01-08,1,9,6,6,4390,29,57,6.86,49.1
2019-01-08,1,10,4,1,3905,23,4,6.65,87.0
2019-01-08,1,10,2,2,4151,6,53,6.65,87.0
2019-01-08,1,10,1,3,4796,2,17,6.65,87.0
2019-01-08,1,10,5,4,4015,32,19,6.74,87.0
2019-01-08,1,10,6,5,3527,30,16,6.84,87.0
2019-01-08,1,10,3,6,3343,5,5,6.86,87.0
2019-01-08,1,11,1,1,3828,33,3,6.64,32.7
2019-01-08,1,11,2,2,3906,41,58,6.67,32.7
2019-01-08,1,11,6,3,4521,34,8,6.71,32.7
2019-01-08,1,11,3,4,3712,45,18,6.67,32.7
2019-01-08,1,11,5,5,3584,47,51,6.81,32.7
2019-01-08,1,11,4,6,3907,60,46,6.79,32.7
2019-01-08,1,12,6,1,4497,65,47,6.71,308.0
2019-01-08,1,12,5,2,4040,43,39,6.78,308.0
2019-01-08,1,12,1,3,4350,49,52,6.61,308.0
2019-01-08,1,12,2,4,3024,63,21,6.79,308.0
2019-01-08,1,12,3,5,3362,48,31,6.8,308.0
2019-01-08,1,12,4,6,3961,17,36,6.83,308.0
2019-01-09,2,1,4,1,3757,9,12,6.77,54.7
2019-01-09,2,1,1,2,3907,60,46,6.75,54.7
2019-01-09,2,1,6,3,3519,27,13,6.77,54.7
2019-01-09,2,1,2,4,3456,64,27,6.77,54.7
2019-01-09,2,1,5,5,3852,26,7,6.79,54.7
2019-01-09,2,1,3,6,4396,11,34,6.86,54.7
2019-01-09,2,2,3,1,3325,4,38,6.7,30.2
2019-01-09,2,2,1,2,4020,46,49,6.64,30.2
2019-01-09,2,2,5,3,3762,7,32,6.77,30.2
2019-01-09,2,2,4,4,4333,10,15,6.8,30.2
2019-01-09,2,2,2,5,4838,28,60,6.66,30.2
2019-01-09,2,2,6,6,3176,40,65,6.81,30.2
2019-01-09,2,3,4,1,3527,30,16,6.74,225.2
2019-01-09,2,3,2,2,3734,35,22,6.67,225.2
2019-01-09,2,3,3,3,3584,47,51,6.72,225.2
2019-01-09,2,3,5,4,3828,33,3,6.68,225.2
2019-01-09,2,3,1,5,3875,25,28,6.66,225.2
2019-01-09,2,3,6,6,5032,1,63,6.81,225.2
2019-01-09,2,4,2,1,3523,31,41,6.75,114.5
2019-01-09,2,4,4,2,3024,63,21,6.84,114.5
2019-01-09,2,4,3,3,3931,37,30,6.61,114.5
2019-01-09,2,4,5,4,3939,44,40,6.85,114.5
2019-01-09,2,4,1,5,2942,57,44,6.72,114.5
2019-01-09,2,4,6,6,5016,62,14,6.78,114.5
2019-01-09,2,5,2,1,4350,49,52,6.74,14.9
2019-01-09,2,5,3,2,3519,27,13,6.75,14.9
2019-01-09,2,5,4,3,4497,65,47,6.73,14.9
2019-01-09,2,5,1,4,3343,5,5,6.75,14.9
2019-01-09,2,5,6,5,3855,66,61,6.75,14.9
2019-01-09,2,5,5,6,4251,39,66,6.78,14.9
2019-01-09,2,6,3,1,4040,43,39,6.68,79.9
2019-01-09,2,6,4,2,3906,41,58,6.72,79.9
2019-01-09,2,6,2,3,4015,32,19,6.65,79.9
2019-01-09,2,6,1,4,4521,34,8,6.64,79.9
2019-01-09,2,6,5,5,4796,2,17,6.77,79.9
2019-01-09,2,6,6,6,5025,8,50,6.73,79.9
2019-01-09,2,7,4,1,3362,48,31,6.84,90.6
2019-01-09,2,7,1,2,4151,6,53,6.66,90.6
2019-01-09,2,7,6,3,3905,23,4,6.7,90.6
2019-01-09,2,7,5,4,3961,17,36,6.68,90.6
2019-01-09,2,7,3,5,3456,64,27,6.72,90.6
2019-01-09,2,7,2,6,3212,36,54,6.75,90.6
2019-01-09,2,8,3,1,4390,29,57,6.74,1021.1
2019-01-09,2,8,5,2,3325,4,38,6.71,1021.1
2019-01-09,2,8,4,3,3516,3,6,6.83,1021.1
2019-01-09,2,8,1,4,3931,37,30,6.7,1021.1
2019-01-09,2,8,6,5,3734,35,22,6.7,1021.1
2019-01-09,2,8,2,6,3907,60,46,6.73,1021.1
2019-01-09,2,9,1,1,4336,38,10,6.73,49.7
2019-01-09,2,9,2,2,3855,66,61,6.7,49.7
2019-01-09,2,9,4,3,3828,33,3,6.7,49.7
2019-01-09,2,9,6,4,3852,26,7,6.65,49.7
2019-01-09,2,9,3,5,3024,63,21,6.75,49.7
2019-01-09,2,9,5,6,4838,28,60,6.78,49.7
2019-01-09,2,10,2,1,4040,43,39,6.62,27.0
2019-01-09,2,10,3,2,4497,65,47,6.76,27.0
2019-01-09,2,10,1,3,3712,45,18,6.6,27.0
2019-01-09,2,10,6,4,4396,11,34,6.78,27.0
2019-01-09,2,10,5,5,3523,31,41,6.76,27.0
2019-01-09,2,10,4,6,3584,47,51,6.75,27.0
2019-01-09,2,11,4,1,4350,49,52,6.69,77.5
2019-01-09,2,11,2,2,3527,30,16,6.76,77.5
2019-01-09,2,11,3,3,3939,44,40,6.73,77.5
2019-01-09,2,11,6,4,4015,32,19,6.74,77.5
2019-01-09,2,11,5,5,3757,9,12,6.76,77.5
2019-01-09,2,11,1,6,3362,48,31,6.74,77.5
2019-01-09,2,12,4,1,4796,2,17,6.8,30.4
2019-01-09,2,12,5,2,4336,38,10,6.76,30.4
2019-01-09,2,12,1,3,3961,17,36,6.81,30.4
2019-01-09,2,12,3,4,4333,10,15,6.66,30.4
2019-01-09,2,12,6,5,3516,3,6,6.83,30.4
2019-01-09,2,12,2,6,3343,5,5,6.81,30.4
2019-01-10,3,1,4,1,4396,11,34,6.78,552.2
2019-01-10,3,1,3,2,4838,28,60,6.8,552.2
2019-01-10,3,1,1,3,4015,32,19,6.68,552.2
2019-01-10,3,1,2,4,2942,57,44,6.76,552.2
2019-01-10,3,1,6,5,3757,9,12,6.85,552.2
2019-01-10,3,1,5,6,5032,1,63,6.85,552.2
2019-01-10,3,2,3,1,4020,46,49,6.78,189.6
2019-01-10,3,2,4,2,3519,27,13,6.79,189.6
2019-01-10,3,2,2,3,4251,39,66,6.77,189.6
2019-01-10,3,2,5,4,3906,41,58,6.81,189.6
2019-01-10,3,2,6,5,4151,6,53,6.79,189.6
2019-01-10,3,2,1,6,4390,29,57,6.77,189.6
2019-01-10,3,3,2,1,3712,45,18,6.74,69.6
2019-01-10,3,3,4,2,4521,34,8,6.66,69.6
2019-01-10,3,3,1,3,3176,40,65,6.73,69.6
2019-01-10,3,3,6,4,5016,62,14,6.73,69.6
2019-01-10,3,3,5,5,3024,63,21,6.83,69.6
2019-01-10,3,3,3,6,3907,60,46,6.75,69.6
2019-01-10,3,4,6,1,4336,38,10,6.83,258.0
2019-01-10,3,4,1,2,3905,23,4,6.75,258.0
2019-01-10,3,4,5,3,3212,36,54,6.85,258.0
2019-01-10,3,4,4,4,4497,65,47,6.73,258.0
2019-01-10,3,4,3,5,3855,66,61,6.74,258.0
2019-01-10,3,4,2,6,3325,4,38,6.74,258.0
2019-01-10,3,5,3,1,3362,48,31,6.76,40.1
2019-01-10,3,5,1,2,3516,3,6,6.72,40.1
2019-01-10,3,5,4,3,4040,43,39,6.71,40.1
2019-01-10,3,5,5,4,2942,57,44,6.8,40.1
2019-01-10,3,5,6,5,3852,26,7,6.68,40.1
2019-01-10,3,5,2,6,3939,44,40,6.77,40.1
2019-01-10,3,6,1,1,3906,41,58,6.69,11.2
2019-01-10,3,6,4,2,3931,37,30,6.78,11.2
2019-01-10,3,6,3,3,3961,17,36,6.91,11.2
2019-01-10,3,6,2,4,3584,47,51,6.79,11.2
2019-01-10,3,6,5,5,3734,35,22,6.85,11.2
2019-01-10,3,6,6,6,5025,8,50,6.73,11.2
2019-01-10,3,8,1,1,3212,36,54,6.73,19.6
2019-01-10,3,8,2,2,3828,33,3,6.69,19.6
2019-01-10,3,8,5,3,4521,34,8,6.84,19.6
2019-01-10,3,8,3,4,4251,39,66,6.82,19.6
2019-01-10,3,8,4,5,4796,2,17,6.76,19.6
2019-01-10,3,8,6,6,5032,1,63,6.76,19.6
2019-01-10,3,9,1,1,4040,43,39,6.77,84.5
2019-01-10,3,9,4,2,3456,64,27,6.77,84.5
2019-01-10,3,9,2,3,3757,9,12,6.75,84.5
2019-01-10,3,9,3,4,4336,38,10,6.8,84.5
2019-01-10,3,9,5,5,3712,45,18,6.83,84.5
2019-01-10,3,9,6,6,3875,25,28,6.86,84.5
2019-01-10,3,10,1,1,4497,65,47,6.78,19.4
2019-01-10,3,10,6,2,3584,47,51,6.81,19.4
2019-01-10,3,10,2,3,3362,48,31,6.9,19.4
2019-01-10,3,10,3,4,3519,27,13,6.78,19.4
2019-01-10,3,10,4,5,3762,7,32,6.9,19.4
2019-01-10,3,10,5,6,5016,62,14,6.85,19.4
2019-01-10,3,11,1,1,3961,17,36,6.84,9.0
2019-01-10,3,11,2,2,4796,2,17,6.75,9.0
2019-01-10,3,11,4,3,3527,30,16,6.93,9.0
2019-01-10,3,11,3,4,4151,6,53,6.75,9.0
2019-01-10,3,11,6,5,3939,44,40,6.93,9.0
2019-01-10,3,11,5,6,3907,60,46,6.86,9.0
2019-01-10,3,12,1,1,4350,49,52,6.66,6.4
2019-01-10,3,12,2,2,3931,37,30,6.68,6.4
2019-01-10,3,12,3,3,4015,32,19,6.74,6.4
2019-01-10,3,12,4,4,3828,33,3,6.75,6.4
2019-01-10,3,12,5,5,3516,3,6,6.8,6.4
2019-01-10,3,12,6,6,4020,46,49,6.78,6.4
2019-01-11,4,1,4,1,3734,35,22,6.73,238.2
2019-01-11,4,1,3,2,3176,40,65,6.77,238.2
2019-01-11,4,1,5,3,3852,26,7,6.73,238.2
2019-01-11,4,1,1,4,3712,45,18,6.75,238.2
2019-01-11,4,1,2,5,3523,31,41,6.72,238.2
2019-01-11,4,1,6,6,5032,1,63,6.89,238.2
2019-01-11,4,2,4,1,2942,57,44,6.74,44.0
2019-01-11,4,2,5,2,3855,66,61,6.68,44.0
2019-01-11,4,2,1,3,3456,64,27,6.69,44.0
2019-01-11,4,2,2,4,3875,25,28,6.74,44.0
2019-01-11,4,2,6,5,4251,39,66,6.79,44.0
2019-01-11,4,2,3,6,3762,7,32,6.8,44.0
2019-01-11,4,3,4,1,4521,34,8,6.74,46.2
2019-01-11,4,3,6,2,3024,63,21,6.77,46.2
2019-01-11,4,3,5,3,3906,41,58,6.7,46.2
2019-01-11,4,3,2,4,4396,11,34,6.78,46.2
2019-01-11,4,3,3,5,4390,29,57,6.84,46.2
2019-01-11,4,3,1,6,4838,28,60,6.76,46.2
2019-01-11,4,4,4,1,4497,65,47,6.64,18.1
2019-01-11,4,4,1,2,4151,6,53,6.75,18.1
2019-01-11,4,4,6,3,4040,43,39,6.75,18.1
2019-01-11,4,4,3,4,3527,30,16,6.75,18.1
2019-01-11,4,4,5,5,5025,8,50,6.74,18.1
2019-01-11,4,4,2,6,4020,46,49,6.66,18.1
2019-01-11,4,5,1,1,3931,37,30,6.71,8.4
2019-01-11,4,5,2,2,3961,17,36,6.72,8.4
2019-01-11,4,5,4,3,3939,44,40,6.82,8.4
2019-01-11,4,5,3,4,3757,9,12,6.8,8.4
2019-01-11,4,5,6,5,3852,26,7,6.76,8.4
2019-01-11,4,5,5,6,3905,23,4,6.69,8.4
2019-01-11,4,6,4,1,3519,27,13,6.72,138.5
2019-01-11,4,6,2,2,3828,33,3,6.74,138.5
2019-01-11,4,6,6,3,4015,32,19,6.76,138.5
2019-01-11,4,6,3,4,3523,31,41,6.71,138.5
2019-01-11,4,6,5,5,4336,38,10,6.73,138.5
2019-01-11,4,6,1,6,3325,4,38,6.71,138.5
2019-01-11,4,7,5,1,4350,49,52,6.65,72.3
2019-01-11,4,7,4,2,3176,40,65,6.75,72.3
2019-01-11,4,7,6,3,3907,60,46,6.75,72.3
2019-01-11,4,7,1,4,4333,10,15,6.68,72.3
2019-01-11,4,7,2,5,3362,48,31,6.77,72.3
2019-01-11,4,7,3,6,3516,3,6,6.77,72.3
2019-01-11,4,8,2,1,3584,47,51,6.75,16.0
2019-01-11,4,8,1,2,3212,36,54,6.71,16.0
2019-01-11,4,8,4,3,4796,2,17,6.81,16.0
2019-01-11,4,8,3,4,3875,25,28,6.8,16.0
2019-01-11,4,8,5,5,5016,62,14,6.78,16.0
2019-01-11,4,8,6,6,5025,8,50,6.84,16.0
2019-01-11,4,9,1,1,4040,43,39,6.75,10.7
2019-01-11,4,9,3,2,4521,34,8,6.82,10.7
2019-01-11,4,9,4,3,3757,9,12,6.83,10.7
2019-01-11,4,9,5,4,3712,45,18,6.8,10.7
2019-01-11,4,9,6,5,4151,6,53,6.83,10.7
2019-01-11,4,9,2,6,3905,23,4,6.76,10.7
2019-01-11,4,10,2,1,4497,65,47,6.69,27.6
2019-01-11,4,10,3,2,3828,33,3,6.76,27.6
2019-01-11,4,10,6,3,3931,37,30,6.7,27.6
2019-01-11,4,10,1,4,4336,38,10,6.75,27.6
2019-01-11,4,10,4,5,3527,30,16,6.91,27.6
2019-01-11,4,10,5,6,3362,48,31,6.83,27.6
2019-01-11,4,11,1,1,4350,49,52,6.76,70.9
2019-01-11,4,11,6,2,4020,46,49,6.76,70.9
2019-01-11,4,11,4,3,3961,17,36,6.76,70.9
2019-01-11,4,11,3,4,3519,27,13,6.81,70.9
2019-01-11,4,11,2,5,3906,41,58,6.79,70.9
2019-01-11,4,11,5,6,3212,36,54,6.77,70.9
2019-01-11,4,12,1,1,4796,2,17,6.74,5.9
2019-01-11,4,12,2,2,3024,63,21,6.74,5.9
2019-01-11,4,12,4,3,4015,32,19,6.69,5.9
2019-01-11,4,12,3,4,3325,4,38,6.75,5.9
2019-01-11,4,12,5,5,4396,11,34,6.86,5.9
2019-01-11,4,12,6,6,3762,7,32,6.7,5.9
2019-01-12,5,1,1,1,4015,32,19,6.74,13.0
2019-01-12,5,1,2,2,2942,57,44,6.8,13.0
2019-01-12,5,1,4,3,3456,64,27,6.82,13.0
2019-01-12,5,1,6,4,3852,26,7,6.78,13.0
2019-01-12,5,1,3,5,3523,31,41,6.78,13.0
2019-01-12,5,1,5,6,5016,62,14,6.81,13.0
2019-01-12,5,2,1,1,4251,39,66,6.8,9.3
2019-01-12,5,2,2,2,3855,66,61,6.7,9.3
2019-01-12,5,2,5,3,3875,25,28,6.78,9.3
2019-01-12,5,2,6,4,5032,1,63,6.83,9.3
2019-01-12,5,2,3,5,4333,10,15,6.82,9.3
2019-01-12,5,2,4,6,4838,28,60,6.8,9.3
2019-01-12,5,3,1,1,3905,23,4,6.68,19.5
2019-01-12,5,3,3,2,3516,3,6,6.76,19.5
2019-01-12,5,3,5,3,3024,63,21,6.79,19.5
2019-01-12,5,3,4,4,3176,40,65,6.79,19.5
2019-01-12,5,3,2,5,4151,6,53,6.72,19.5
2019-01-12,5,3,6,6,5025,8,50,6.82,19.5
2019-01-12,5,4,1,1,3762,7,32,6.82,54.5
2019-01-12,5,4,4,2,3907,60,46,6.73,54.5
2019-01-12,5,4,6,3,3939,44,40,6.84,54.5
2019-01-12,5,4,3,4,3757,9,12,6.8,54.5
2019-01-12,5,4,2,5,4390,29,57,6.79,54.5
2019-01-12,5,4,5,6,3734,35,22,6.78,54.5
2019-01-12,5,5,1,1,3362,48,31,6.81,11.0
2019-01-12,5,5,4,2,4336,38,10,6.81,11.0
2019-01-12,5,5,3,3,4796,2,17,6.82,11.0
2019-01-12,5,5,5,4,2942,57,44,6.8,11.0
2019-01-12,5,5,2,5,3519,27,13,6.76,11.0
2019-01-12,5,5,6,6,5016,62,14,6.82,11.0
2019-01-12,5,6,1,1,3212,36,43,6.78,9.5
2019-01-12,5,6,2,2,3906,41,58,6.76,9.5
2019-01-12,5,6,4,3,3584,47,51,6.76,9.5
2019-01-12,5,6,3,4,3931,37,30,6.76,9.5
2019-01-12,5,6,5,5,5032,1,63,6.74,9.5
2019-01-12,5,6,6,6,3325,4,38,6.75,9.5
2019-01-12,5,7,1,1,3712,45,18,6.74,5.3
2019-01-12,5,7,2,2,3961,17,36,6.78,5.3
2019-01-12,5,7,4,3,3516,3,6,6.9,5.3
2019-01-12,5,7,3,4,4396,11,34,6.8,5.3
2019-01-12,5,7,5,5,3523,31,41,6.82,5.3
2019-01-12,5,7,6,6,4333,10,15,6.81,5.3
2019-01-12,5,8,1,1,3527,30,16,6.8,4.2
2019-01-12,5,8,2,2,3907,60,46,6.74,4.2
2019-01-12,5,8,4,3,4015,32,19,6.76,4.2
2019-01-12,5,8,5,4,4390,29,57,6.84,4.2
2019-01-12,5,8,3,5,4251,39,66,6.81,4.2
2019-01-12,5,8,6,6,4838,28,60,6.86,4.2
2019-01-12,5,9,4,1,4796,2,17,6.86,24.8
2019-01-12,5,9,1,2,3024,63,21,6.84,24.8
2019-01-12,5,9,3,3,3584,47,51,6.79,24.8
2019-01-12,5,9,2,4,3734,35,22,6.73,24.8
2019-01-12,5,9,5,5,3855,66,61,6.72,24.8
2019-01-12,5,9,6,6,3456,64,27,6.79,24.8
2019-01-12,5,10,4,1,4151,6,53,6.76,655.1
2019-01-12,5,10,6,2,3362,48,31,6.82,655.1
2019-01-12,5,10,3,3,3519,27,13,6.69,655.1
2019-01-12,5,10,1,4,3757,9,12,6.81,655.1
2019-01-12,5,10,5,5,3212,36,43,6.79,655.1
2019-01-12,5,10,2,6,3931,37,30,6.75,655.1
2019-01-12,5,11,1,1,3961,17,36,6.72,14.7
2019-01-12,5,11,2,2,4336,38,10,6.77,14.7
2019-01-12,5,11,5,3,3527,30,16,6.81,14.7
2019-01-12,5,11,3,4,3712,45,18,6.75,14.7
2019-01-12,5,11,4,5,3906,41,58,6.73,14.7
2019-01-12,5,11,6,6,3905,23,4,6.8,14.7
2019-01-12,5,12,1,1,4350,49,52,6.78,6.3
2019-01-12,5,12,3,2,4497,65,47,6.76,6.3
2019-01-12,5,12,4,3,3828,33,3,6.75,6.3
2019-01-12,5,12,2,4,4040,43,39,6.79,6.3
2019-01-12,5,12,5,5,4521,34,8,6.79,6.3
2019-01-12,5,12,6,6,4020,46,49,6.86,6.3
2019-01-15,1,1,1,1,4776,32,36,6.79,11.0
2019-01-15,1,1,5,2,4644,62,44,6.79,11.0
2019-01-15,1,1,2,3,4902,33,45,6.76,11.0
2019-01-15,1,1,4,4,4774,29,51,6.76,11.0
2019-01-15,1,1,6,5,4056,23,37,6.82,11.0
2019-01-15,1,1,3,6,4968,56,12,6.77,11.0
2019-01-15,1,2,1,1,3910,52,4,6.87,14.9
2019-01-15,1,2,5,2,4381,31,29,6.8,14.9
2019-01-15,1,2,2,3,3376,35,5,6.75,14.9
2019-01-15,1,2,4,4,4423,18,38,6.75,14.9
2019-01-15,1,2,6,5,3867,5,2,6.84,14.9
2019-01-15,1,2,3,6,4768,30,1,6.99,14.9
2019-01-15,1,3,5,1,3849,59,24,6.78,22.4
2019-01-15,1,3,1,2,4533,34,14,6.72,22.4
2019-01-15,1,3,6,3,4403,55,64,6.85,22.4
2019-01-15,1,3,4,4,4788,50,26,6.86,22.4
2019-01-15,1,3,2,5,3066,27,57,6.77,22.4
2019-01-15,1,3,3,6,4379,20,66,6.85,22.4
2019-01-15,1,4,1,1,4091,53,59,6.79,51.7
2019-01-15,1,4,2,2,4567,22,62,6.72,51.7
2019-01-15,1,4,5,3,3919,64,20,6.86,51.7
2019-01-15,1,4,6,4,4137,39,27,6.81,51.7
2019-01-15,1,4,4,5,4914,57,55,6.74,51.7
2019-01-15,1,4,3,6,3537,58,9,6.84,51.7
2019-01-15,1,5,1,1,4359,13,15,6.75,36.8
2019-01-15,1,5,2,2,4774,29,51,6.74,36.8
2019-01-15,1,5,4,3,4594,54,47,6.77,36.8
2019-01-15,1,5,3,4,4532,24,63,6.8,36.8
2019-01-15,1,5,5,5,4077,12,35,6.76,36.8
2019-01-15,1,5,6,6,5060,26,6,6.83,36.8
2019-01-15,1,6,6,1,4079,36,65,6.79,170.9
2019-01-15,1,6,2,2,4264,38,39,6.82,170.9
2019-01-15,1,6,1,3,4925,63,49,6.78,170.9
2019-01-15,1,6,4,4,3507,37,48,6.76,170.9
2019-01-15,1,6,5,5,4159,61,40,6.84,170.9
2019-01-15,1,6,3,6,4078,66,18,6.82,170.9
2019-01-15,1,7,5,1,4561,25,32,6.81,79.7
2019-01-15,1,7,3,2,3955,16,61,6.79,79.7
2019-01-15,1,7,2,3,4330,14,7,6.76,79.7
2019-01-15,1,7,6,4,3066,27,57,6.83,79.7
2019-01-15,1,7,1,5,4644,62,44,6.78,79.7
2019-01-15,1,7,4,6,3867,5,2,6.89,79.7
2019-01-15,1,8,1,1,3200,51,56,6.77,37.5
2019-01-15,1,8,5,2,4567,22,62,6.8,37.5
2019-01-15,1,8,2,3,4155,15,58,6.83,37.5
2019-01-15,1,8,4,4,3882,21,60,6.78,37.5
2019-01-15,1,8,3,5,3781,19,50,6.86,37.5
2019-01-15,1,8,6,6,4968,56,12,6.82,37.5
2019-01-15,1,9,3,1,4902,33,45,6.82,268.8
2019-01-15,1,9,4,2,4359,13,15,6.68,268.8
2019-01-15,1,9,2,3,4914,57,55,6.85,268.8
2019-01-15,1,9,1,4,4639,65,43,6.74,268.8
2019-01-15,1,9,6,5,4423,18,38,6.84,268.8
2019-01-15,1,9,5,6,4403,55,64,6.8,268.8
2019-01-15,1,11,3,1,4079,36,65,6.72,71.4
2019-01-15,1,11,2,2,4561,25,32,6.7,71.4
2019-01-15,1,11,4,3,4381,31,29,6.67,71.4
2019-01-15,1,11,6,4,4379,20,66,6.82,71.4
2019-01-15,1,11,5,5,4776,32,36,6.71,71.4
2019-01-15,1,11,1,6,4594,54,47,6.73,71.4
2019-01-15,1,12,1,1,3849,59,24,6.75,11.2
2019-01-15,1,12,3,2,4330,14,7,6.7,11.2
2019-01-15,1,12,2,3,3200,51,56,6.72,11.2
2019-01-15,1,12,5,4,4532,24,63,6.83,11.2
2019-01-15,1,12,4,5,4137,39,27,6.77,11.2
2019-01-15,1,12,6,6,4264,38,39,6.68,11.2
2019-01-16,2,1,1,1,4079,36,65,6.62,6.3
2019-01-16,2,1,2,2,3910,52,4,6.71,6.3
2019-01-16,2,1,3,3,4925,63,49,6.69,6.3
2019-01-16,2,1,4,4,4768,30,1,6.87,6.3
2019-01-16,2,1,6,5,4788,50,26,6.85,6.3
2019-01-16,2,1,5,6,4091,53,59,6.84,6.3
2019-01-16,2,2,4,1,4533,34,14,6.78,29.5
2019-01-16,2,2,3,2,3507,37,48,6.77,29.5
2019-01-16,2,2,1,3,4077,12,35,6.69,29.5
2019-01-16,2,2,5,4,5060,26,6,6.73,29.5
2019-01-16,2,2,6,5,3537,58,9,6.73,29.5
2019-01-16,2,2,2,6,3867,5,2,6.75,29.5
2019-01-16,2,3,1,1,4774,29,51,6.69,12.2
2019-01-16,2,3,3,2,4776,32,36,6.7,12.2
2019-01-16,2,3,5,3,4148,28,11,6.83,12.2
2019-01-16,2,3,2,4,3781,19,50,6.75,12.2
2019-01-16,2,3,4,5,4078,66,18,6.81,12.2
2019-01-16,2,3,6,6,4159,61,40,6.82,12.2
2019-01-16,2,4,1,1,4379,20,66,6.69,32.8
2019-01-16,2,4,5,2,4914,57,55,6.86,32.8
2019-01-16,2,4,6,3,4594,54,47,6.77,32.8
2019-01-16,2,4,3,4,4155,15,58,6.63,32.8
2019-01-16,2,4,2,5,4639,65,43,6.65,32.8
2019-01-16,2,4,4,6,4968,56,12,6.7,32.8
2019-01-16,2,5,3,1,4359,13,15,6.79,26.0
2019-01-16,2,5,1,2,3882,21,60,6.65,26.0
2019-01-16,2,5,4,3,4330,14,7,6.7,26.0
2019-01-16,2,5,5,4,4423,18,38,6.66,26.0
2019-01-16,2,5,2,5,4056,23,37,6.68,26.0
2019-01-16,2,5,6,6,4644,62,44,6.71,26.0
2019-01-16,2,6,3,1,4403,55,64,6.71,627.1
2019-01-16,2,6,6,2,4567,22,62,6.69,627.1
2019-01-16,2,6,2,3,3955,16,61,6.71,627.1
2019-01-16,2,6,4,4,3066,27,57,6.67,627.1
2019-01-16,2,6,5,5,3200,51,56,6.71,627.1
2019-01-16,2,6,1,6,4902,33,45,6.55,627.1
2019-01-16,2,7,4,1,3849,59,24,6.74,27.2
2019-01-16,2,7,2,2,4079,36,65,6.62,27.2
2019-01-16,2,7,1,3,4381,31,29,6.6,27.2
2019-01-16,2,7,3,4,3919,64,20,6.69,27.2
2019-01-16,2,7,5,5,3537,58,9,6.76,27.2
2019-01-16,2,7,6,6,4078,66,18,6.76,27.2
2019-01-16,2,8,1,1,4532,24,63,6.73,17.5
2019-01-16,2,8,3,2,3376,35,5,6.65,17.5
2019-01-16,2,8,2,3,4776,32,36,6.73,17.5
2019-01-16,2,8,4,4,4561,25,32,6.62,17.5
2019-01-16,2,8,6,5,5060,26,6,6.73,17.5
2019-01-16,2,8,5,6,4768,30,1,6.8,17.5
2019-01-16,2,9,2,1,4137,39,27,6.74,20.2
2019-01-16,2,9,1,2,3781,19,50,6.61,20.2
2019-01-16,2,9,5,3,4359,13,15,6.66,20.2
2019-01-16,2,9,3,4,4788,50,26,6.7,20.2
2019-01-16,2,9,4,5,4077,12,35,6.67,20.2
2019-01-16,2,9,6,6,4155,15,58,6.66,20.2
2019-01-16,2,10,1,1,4403,55,64,6.61,30.8
2019-01-16,2,10,3,2,4091,53,59,6.74,30.8
2019-01-16,2,10,4,3,4264,38,39,6.74,30.8
2019-01-16,2,10,6,4,3507,37,48,6.62,30.8
2019-01-16,2,10,5,5,4594,54,47,6.65,30.8
2019-01-16,2,10,2,6,4644,62,44,6.63,30.8
2019-01-16,2,11,1,1,4148,28,11,6.72,14.9
2019-01-16,2,11,4,2,3200,51,23,6.76,14.9
2019-01-16,2,11,2,3,4925,63,49,6.65,14.9
2019-01-16,2,11,6,4,4914,57,55,6.73,14.9
2019-01-16,2,11,5,5,4533,34,14,6.62,14.9
2019-01-16,2,11,3,6,3882,21,60,6.73,14.9
2019-01-16,2,12,1,1,4330,14,7,6.62,19.1
2019-01-16,2,12,5,2,3955,16,61,6.71,19.1
2019-01-16,2,12,4,3,4532,24,63,6.67,19.1
2019-01-16,2,12,3,4,4639,65,43,6.61,19.1
2019-01-16,2,12,6,5,3910,52,4,6.79,19.1
2019-01-16,2,12,2,6,3919,64,20,6.75,19.1
2019-01-17,3,1,1,1,3955,16,61,6.82,10.4
2019-01-17,3,1,4,2,4379,20,66,6.81,10.4
2019-01-17,3,1,5,3,3910,52,4,6.8,10.4
2019-01-17,3,1,2,4,4423,18,38,6.77,10.4
2019-01-17,3,1,3,5,4774,29,51,6.74,10.4
2019-01-17,3,1,6,6,4091,53,59,6.9,10.4
2019-01-17,3,2,4,1,4056,23,37,6.79,55.6
2019-01-17,3,2,2,2,3537,58,9,6.74,55.6
2019-01-17,3,2,5,3,4925,63,49,6.78,55.6
2019-01-17,3,2,3,4,3066,27,57,6.73,55.6
2019-01-17,3,2,6,5,4968,56,12,6.82,55.6
2019-01-17,3,2,1,6,4078,66,18,6.82,55.6
2019-01-17,3,3,3,1,3849,59,24,6.78,49.0
2019-01-17,3,3,4,2,4159,61,40,6.87,49.0
2019-01-17,3,3,2,3,4533,34,14,6.74,49.0
2019-01-17,3,3,1,4,4567,22,62,6.76,49.0
2019-01-17,3,3,5,5,4079,36,65,6.82,49.0
2019-01-17,3,3,6,6,5060,26,6,6.75,49.0
2019-01-17,3,4,2,1,4594,54,47,6.73,61.9
2019-01-17,3,4,3,2,4077,12,35,6.82,61.9
2019-01-17,3,4,4,3,4403,55,64,6.8,61.9
2019-01-17,3,4,6,4,3882,21,60,6.84,61.9
2019-01-17,3,4,1,5,3376,35,5,6.64,61.9
2019-01-17,3,4,5,6,3781,19,50,6.86,61.9
2019-01-17,3,5,4,1,4155,15,58,6.76,174.6
2019-01-17,3,5,2,2,4381,31,29,6.74,174.6
2019-01-17,3,5,1,3,4561,25,32,6.66,174.6
2019-01-17,3,5,5,4,4379,20,66,6.84,174.6
2019-01-17,3,5,6,5,4768,30,1,6.8,174.6
2019-01-17,3,5,3,6,4137,39,27,6.75,174.6
2019-01-17,3,7,2,1,4359,13,15,6.69,47.4
2019-01-17,3,7,4,2,4925,63,49,6.75,47.4
2019-01-17,3,7,5,3,4264,38,39,6.69,47.4
2019-01-17,3,7,1,4,4788,50,26,6.76,47.4
2019-01-17,3,7,6,5,4330,14,7,6.8,47.4
2019-01-17,3,7,3,6,4533,34,14,6.68,47.4
2019-01-17,3,8,1,1,4594,54,47,6.58,7.5
2019-01-17,3,8,4,2,3919,64,20,6.69,7.5
2019-01-17,3,8,2,3,4159,61,40,6.66,7.5
2019-01-17,3,8,3,4,4644,62,44,6.64,7.5
2019-01-17,3,8,5,5,4639,65,43,6.66,7.5
2019-01-17,3,8,6,6,4774,29,51,6.58,7.5
2019-01-17,3,9,2,1,4561,25,32,6.59,314.2
2019-01-17,3,9,5,2,3376,35,5,6.71,314.2
2019-01-17,3,9,1,3,3066,27,57,6.66,314.2
2019-01-17,3,9,6,4,3200,51,23,6.73,314.2
2019-01-17,3,9,3,5,4423,18,38,6.68,314.2
2019-01-17,3,9,4,6,4079,36,65,6.6,314.2
2019-01-17,3,10,1,1,4914,57,55,6.67,20.4
2019-01-17,3,10,6,2,4532,24,63,6.88,20.4
2019-01-17,3,10,2,3,4403,55,64,6.66,20.4
2019-01-17,3,10,3,4,4381,31,29,6.69,20.4
2019-01-17,3,10,5,5,4078,66,18,6.71,20.4
2019-01-17,3,10,4,6,3910,52,4,6.75,20.4
2019-01-17,3,11,2,1,3849,59,24,6.7,99.7
2019-01-17,3,11,4,2,3955,16,61,6.72,99.7
2019-01-17,3,11,6,3,4902,33,45,6.66,99.7
2019-01-17,3,11,3,4,4056,23,37,6.67,99.7
2019-01-17,3,11,5,5,4155,15,58,6.66,99.7
2019-01-17,3,11,1,6,4264,38,39,6.61,99.7
2019-01-17,3,12,4,1,4567,22,62,6.65,92.1
2019-01-17,3,12,6,2,4359,13,15,6.66,92.1
2019-01-17,3,12,1,3,4137,39,27,6.74,92.1
2019-01-17,3,12,5,4,3882,21,60,6.74,92.1
2019-01-17,3,12,3,5,4148,28,11,6.84,92.1
2019-01-17,3,12,2,6,4091,53,59,6.66,92.1
2019-01-18,4,1,2,1,4379,20,66,6.79,117.8
2019-01-18,4,1,3,2,4381,31,29,6.71,117.8
2019-01-18,4,1,6,3,4925,63,49,6.85,117.8
2019-01-18,4,1,4,4,4567,22,62,6.82,117.8
2019-01-18,4,1,1,5,4159,61,40,6.82,117.8
2019-01-18,4,1,5,6,3066,27,57,6.83,117.8
2019-01-18,4,2,1,1,4768,30,1,6.77,72.1
2019-01-18,4,2,4,2,4639,65,43,6.71,72.1
2019-01-18,4,2,3,3,4091,53,59,6.86,72.1
2019-01-18,4,2,6,4,5060,26,6,6.77,72.1
2019-01-18,4,2,2,5,4077,12,35,6.74,72.1
2019-01-18,4,2,5,6,4774,29,51,6.69,72.1
2019-01-18,4,3,6,1,3919,64,20,6.8,48.6
2019-01-18,4,3,4,2,3376,35,5,6.64,48.6
2019-01-18,4,3,5,3,4137,39,27,6.83,48.6
2019-01-18,4,3,3,4,4644,62,44,6.71,48.6
2019-01-18,4,3,1,5,3537,58,9,6.74,48.6
2019-01-18,4,3,2,6,3882,21,60,6.7,48.6
2019-01-18,4,4,2,1,4148,28,11,6.77,13.2
2019-01-18,4,4,1,2,4056,23,37,6.79,13.2
2019-01-18,4,4,5,3,4914,57,55,6.82,13.2
2019-01-18,4,4,3,4,3910,52,4,6.76,13.2
2019-01-18,4,4,4,5,3781,19,50,6.79,13.2
2019-01-18,4,4,6,6,4561,25,32,6.77,13.2
2019-01-18,4,5,1,1,4155,15,58,6.72,19.4
2019-01-18,4,5,3,2,3200,51,23,6.83,19.4
2019-01-18,4,5,5,3,4788,50,26,6.75,19.4
2019-01-18,4,5,4,4,4776,32,36,6.78,19.4
2019-01-18,4,5,2,5,3507,37,48,6.68,19.4
2019-01-18,4,5,6,6,4381,31,29,6.76,19.4
2019-01-18,4,7,1,1,4532,24,63,6.79,11.9
2019-01-18,4,7,5,2,4330,14,7,6.77,11.9
2019-01-18,4,7,4,3,4091,53,59,6.84,11.9
2019-01-18,4,7,6,4,4533,34,14,6.76,11.9
2019-01-18,4,7,3,5,3882,21,60,6.85,11.9
2019-01-18,4,7,2,6,4078,66,18,6.71,11.9
2019-01-18,4,8,4,1,3849,59,24,6.7,12.2
2019-01-18,4,8,2,2,4359,13,15,6.77,12.2
2019-01-18,4,8,1,3,4148,28,11,6.84,12.2
2019-01-18,4,8,3,4,3066,27,57,6.74,12.2
2019-01-18,4,8,5,5,4902,33,45,6.72,12.2
2019-01-18,4,8,6,6,4077,12,35,6.82,12.2
2019-01-18,4,9,6,1,3781,19,50,6.83,1343.5
2019-01-18,4,9,5,2,3507,37,48,6.78,1343.5
2019-01-18,4,9,4,3,4079,36,65,6.81,1343.5
2019-01-18,4,9,3,4,4159,61,40,6.81,1343.5
2019-01-18,4,9,1,5,4137,39,27,6.84,1343.5
2019-01-18,4,9,2,6,4768,30,1,6.9,1343.5
2019-01-18,4,10,4,1,3537,58,9,6.7,292.0
2019-01-18,4,10,1,2,3200,51,23,6.63,292.0
2019-01-18,4,10,2,3,4914,57,55,6.85,292.0
2019-01-18,4,10,6,4,4594,54,47,6.69,292.0
2019-01-18,4,10,3,5,4567,22,62,6.69,292.0
2019-01-18,4,10,5,6,5060,26,6,6.69,292.0
2019-01-18,4,11,1,1,4330,14,7,6.7,35.3
2019-01-18,4,11,4,2,4644,62,44,6.7,35.3
2019-01-18,4,11,3,3,4925,63,49,6.74,35.3
2019-01-18,4,11,2,4,4155,15,58,6.79,35.3
2019-01-18,4,11,6,5,3955,16,61,6.74,35.3
2019-01-18,4,11,5,6,4561,25,32,6.75,35.3
2019-01-18,4,12,1,1,3849,59,24,6.61,19.1
2019-01-18,4,12,2,2,3919,64,20,6.73,19.1
2019-01-18,4,12,3,3,4774,29,51,6.67,19.1
2019-01-18,4,12,5,4,4264,38,39,6.73,19.1
2019-01-18,4,12,6,5,4776,32,36,6.82,19.1
2019-01-18,4,12,4,6,4379,20,66,6.71,19.1
2019-01-19,5,1,1,1,4155,15,58,6.69,44.5
2019-01-19,5,1,6,2,4644,62,44,6.78,44.5
2019-01-19,5,1,2,3,4768,30,1,6.8,44.5
2019-01-19,5,1,3,4,4533,34,14,6.79,44.5
2019-01-19,5,1,5,5,5060,26,6,6.71,44.5
2019-01-19,5,1,4,6,3781,19,50,6.78,44.5
2019-01-19,5,3,1,1,3910,52,4,6.77,17.8
2019-01-19,5,3,3,2,4379,20,66,6.77,17.8
2019-01-19,5,3,6,3,4359,13,15,6.87,17.8
2019-01-19,5,3,4,4,4561,25,32,6.74,17.8
2019-01-19,5,3,2,5,4639,65,43,6.7,17.8
2019-01-19,5,3,5,6,4567,22,31,6.78,17.8
2019-01-19,5,4,3,1,3919,64,20,6.8,20.2
2019-01-19,5,4,1,2,3376,35,5,6.73,20.2
2019-01-19,5,4,5,3,4532,24,63,6.86,20.2
2019-01-19,5,4,6,4,3955,16,61,6.85,20.2
2019-01-19,5,4,2,5,4091,53,59,6.92,20.2
2019-01-19,5,4,4,6,4056,23,37,6.85,20.2
2019-01-19,5,5,1,1,4594,54,47,6.69,15.8
2019-01-19,5,5,4,2,4330,14,7,6.76,15.8
2019-01-19,5,5,6,3,4902,33,45,6.76,15.8
2019-01-19,5,5,2,4,4776,32,36,6.71,15.8
2019-01-19,5,5,3,5,4423,18,38,6.7,15.8
2019-01-19,5,5,5,6,3781,19,50,6.77,15.8
2019-01-19,5,6,1,1,4079,36,65,6.62,9.4
2019-01-19,5,6,2,2,4381,31,29,6.7,9.4
2019-01-19,5,6,3,3,4925,63,49,6.84,9.4
2019-01-19,5,6,5,4,4077,12,35,6.8,9.4
2019-01-19,5,6,6,5,3882,21,60,6.88,9.4
2019-01-19,5,6,4,6,4148,28,11,6.86,9.4
2019-01-19,5,8,2,1,4264,38,39,6.84,128.3
2019-01-19,5,8,1,2,4403,55,64,6.76,128.3
2019-01-19,5,8,5,3,4078,66,18,6.8,128.3
2019-01-19,5,8,4,4,3200,51,23,6.92,128.3
2019-01-19,5,8,3,5,4788,50,26,6.79,128.3
2019-01-19,5,8,6,6,5060,26,6,6.81,128.3
2019-01-19,5,9,3,1,4561,25,32,6.72,234.8
2019-01-19,5,9,6,2,4155,15,58,6.87,234.8
2019-01-19,5,9,1,3,3955,16,61,6.78,234.8
2019-01-19,5,9,4,4,3919,64,20,6.88,234.8
2019-01-19,5,9,5,5,4776,32,36,6.84,234.8
2019-01-19,5,9,2,6,4330,14,7,6.82,234.8
2019-01-19,5,10,2,1,4532,24,63,6.85,171.1
2019-01-19,5,10,4,2,4925,63,49,6.77,171.1
2019-01-19,5,10,1,3,4359,13,15,6.73,171.1
2019-01-19,5,10,6,4,4594,54,47,6.75,171.1
2019-01-19,5,10,5,5,4914,57,55,6.86,171.1
2019-01-19,5,10,3,6,4079,36,65,6.74,171.1
2019-01-19,5,11,1,1,3849,59,24,6.76,6.6
2019-01-19,5,11,2,2,3200,51,23,6.76,6.6
2019-01-19,5,11,3,3,4148,28,11,6.85,6.6
2019-01-19,5,11,4,4,4379,20,66,6.82,6.6
2019-01-19,5,11,6,5,3376,35,5,6.78,6.6
2019-01-19,5,11,5,6,4403,55,64,6.88,6.6
2019-01-19,5,12,5,1,3910,52,4,6.89,199.3
2019-01-19,5,12,4,2,4159,61,52,6.94,199.3
2019-01-19,5,12,1,3,4264,38,39,6.83,199.3
2019-01-19,5,12,6,4,4056,23,37,6.91,199.3
2019-01-19,5,12,3,5,3882,21,60,6.77,199.3
2019-01-19,5,12,2,6,4423,18,38,6.74,199.3
2019-01-20,6,1,3,1,4774,29,28,6.66,840.4
2019-01-20,6,1,5,2,4091,53,59,6.73,840.4
2019-01-20,6,1,2,3,3066,27,57,6.68,840.4
2019-01-20,6,1,4,4,3781,19,50,6.69,840.4
2019-01-20,6,1,6,5,3910,52,4,6.69,840.4
2019-01-20,6,1,1,6,4403,55,64,6.71,840.4
2019-01-20,6,3,2,1,3376,35,5,6.65,220.5
2019-01-20,6,3,3,2,4567,22,31,6.65,220.5
2019-01-20,6,3,6,3,3537,58,9,6.63,220.5
2019-01-20,6,3,4,4,4423,18,38,6.71,220.5
2019-01-20,6,3,5,5,4359,13,15,6.74,220.5
2019-01-20,6,3,1,6,4056,23,37,6.65,220.5
2019-01-20,6,4,1,1,3919,64,20,6.73,6.8
2019-01-20,6,4,4,2,4379,20,66,6.67,6.8
2019-01-20,6,4,2,3,4902,33,45,6.78,6.8
2019-01-20,6,4,5,4,4159,61,52,6.83,6.8
2019-01-20,6,4,3,5,4768,30,1,6.7,6.8
2019-01-20,6,4,6,6,5060,26,6,6.71,6.8
2019-01-20,6,5,3,1,4533,34,14,6.78,163.0
2019-01-20,6,5,2,2,3507,37,48,6.81,163.0
2019-01-20,6,5,4,3,3882,21,60,6.78,163.0
2019-01-20,6,5,5,4,3066,27,57,6.79,163.0
2019-01-20,6,5,1,5,4330,14,7,6.68,163.0
2019-01-20,6,5,6,6,4774,29,28,6.79,163.0
2019-01-20,6,6,1,1,4079,36,65,6.69,10.6
2019-01-20,6,6,3,2,4914,57,55,6.79,10.6
2019-01-20,6,6,2,3,3910,52,4,6.72,10.6
2019-01-20,6,6,6,4,4264,38,39,6.76,10.6
2019-01-20,6,6,5,5,4644,62,44,6.8,10.6
2019-01-20,6,6,4,6,4381,31,29,6.79,10.6
2019-01-20,6,8,1,1,4776,32,36,6.77,10.3
2019-01-20,6,8,4,2,4594,54,47,6.79,10.3
2019-01-20,6,8,5,3,4639,65,43,6.77,10.3
2019-01-20,6,8,3,4,3537,58,9,6.78,10.3
2019-01-20,6,8,2,5,4159,61,52,6.88,10.3
2019-01-20,6,8,6,6,4968,56,12,6.76,10.3
2019-01-20,6,9,4,1,4091,53,59,6.87,110.6
2019-01-20,6,9,1,2,3882,21,60,6.81,110.6
2019-01-20,6,9,5,3,4264,38,39,6.78,110.6
2019-01-20,6,9,2,4,4533,34,14,6.68,110.6
2019-01-20,6,9,6,5,4768,30,1,6.87,110.6
2019-01-20,6,9,3,6,4902,33,45,6.76,110.6
2019-01-20,6,10,1,1,4359,13,15,6.76,43.9
2019-01-20,6,10,4,2,4914,57,55,6.81,43.9
2019-01-20,6,10,6,3,4403,55,64,6.77,43.9
2019-01-20,6,10,5,4,4330,14,7,6.72,43.9
2019-01-20,6,10,3,5,4379,20,66,6.77,43.9
2019-01-20,6,10,2,6,3919,64,20,6.74,43.9
2019-01-20,6,11,1,1,3955,16,61,6.7,12.1
2019-01-20,6,11,3,2,4594,54,47,6.7,12.1
2019-01-20,6,11,4,3,4776,32,36,6.71,12.1
2019-01-20,6,11,2,4,4148,28,11,6.86,12.1
2019-01-20,6,11,6,5,4079,36,65,6.71,12.1
2019-01-20,6,11,5,6,3376,35,5,6.71,12.1
2019-01-20,6,12,1,1,3849,59,24,6.61,10.4
2019-01-20,6,12,2,2,4532,24,63,6.71,10.4
2019-01-20,6,12,5,3,4925,63,49,6.76,10.4
2019-01-20,6,12,4,4,3200,51,23,6.81,10.4
2019-01-20,6,12,6,5,4155,15,58,6.8,10.4
2019-01-20,6,12,3,6,4561,25,32,6.74,10.4
2019-01-25,1,1,6,1,3475,43,10,6.68,60.0
2019-01-25,1,1,5,2,4306,52,27,6.71,60.0
2019-01-25,1,1,1,3,4852,51,61,6.69,60.0
2019-01-25,1,1,4,4,4360,47,57,6.71,60.0
2019-01-25,1,1,2,5,3454,19,6,6.73,60.0
2019-01-25,1,1,3,6,4674,20,44,6.71,60.0
2019-01-25,1,2,1,1,3254,24,4,6.72,18.5
2019-01-25,1,2,6,2,4399,10,28,6.68,18.5
2019-01-25,1,2,5,3,4313,11,14,6.74,18.5
2019-01-25,1,2,3,4,4275,2,49,6.65,18.5
2019-01-25,1,2,2,5,4853,40,47,6.71,18.5
2019-01-25,1,2,4,6,4940,16,20,6.72,18.5
2019-01-25,1,3,2,1,3683,7,30,6.8,90.4
2019-01-25,1,3,4,2,2787,13,24,6.74,90.4
2019-01-25,1,3,6,3,3832,3,53,6.77,90.4
2019-01-25,1,3,5,4,3331,55,33,6.73,90.4
2019-01-25,1,3,1,5,4894,1,41,6.71,90.4
2019-01-25,1,3,3,6,4410,53,45,6.74,90.4
2019-01-25,1,4,2,1,4240,63,12,6.73,30.9
2019-01-25,1,4,5,2,4502,41,36,6.78,30.9
2019-01-25,1,4,3,3,3579,50,39,6.82,30.9
2019-01-25,1,4,1,4,4961,9,56,6.71,30.9
2019-01-25,1,4,4,5,4841,66,25,6.8,30.9
2019-01-25,1,4,6,6,4170,60,9,6.81,30.9
2019-01-25,1,5,1,1,3297,23,63,6.68,12.3
2019-01-25,1,5,3,2,4173,58,11,6.67,12.3
2019-01-25,1,5,5,3,3929,22,54,6.72,12.3
2019-01-25,1,5,2,4,3660,49,3,6.67,12.3
2019-01-25,1,5,6,5,4550,14,48,6.74,12.3
2019-01-25,1,5,4,6,3300,8,15,6.73,12.3
2019-01-25,1,6,2,1,4589,46,19,6.66,11.5
2019-01-25,1,6,6,2,4433,6,8,6.69,11.5
2019-01-25,1,6,4,3,3509,62,66,6.75,11.5
2019-01-25,1,6,1,4,4354,12,52,6.81,11.5
2019-01-25,1,6,3,5,4853,40,47,6.69,11.5
2019-01-25,1,6,5,6,4282,54,21,6.76,11.5
2019-01-25,1,7,2,1,4736,4,18,6.76,16.4
2019-01-25,1,7,6,2,3719,45,2,6.61,16.4
2019-01-25,1,7,3,3,3454,19,6,6.76,16.4
2019-01-25,1,7,4,4,3832,3,53,6.74,16.4
2019-01-25,1,7,5,5,4360,47,57,6.78,16.4
2019-01-25,1,7,1,6,4563,61,43,6.75,16.4
2019-01-25,1,8,4,1,3232,56,46,6.78,33.0
2019-01-25,1,8,1,2,3618,18,34,6.7,33.0
2019-01-25,1,8,3,3,4694,59,1,6.74,33.0
2019-01-25,1,8,5,4,4240,63,12,6.86,33.0
2019-01-25,1,8,2,5,3994,21,31,6.77,33.0
2019-01-25,1,8,6,6,4940,16,20,6.84,33.0
2019-01-25,1,9,3,1,3265,15,62,6.65,10.9
2019-01-25,1,9,1,2,2787,13,24,6.69,10.9
2019-01-25,1,9,2,3,4306,52,27,6.67,10.9
2019-01-25,1,9,5,4,3300,8,15,6.74,10.9
2019-01-25,1,9,6,5,3660,49,3,6.74,10.9
2019-01-25,1,9,4,6,3220,17,38,6.73,10.9
2019-01-25,1,10,4,1,4961,9,56,6.67,157.3
2019-01-25,1,10,5,2,4373,44,37,6.75,157.3
2019-01-25,1,10,3,3,3999,48,13,6.59,157.3
2019-01-25,1,10,2,4,4275,2,49,6.64,157.3
2019-01-25,1,10,6,5,3509,62,66,6.62,157.3
2019-01-25,1,10,1,6,3579,50,39,6.71,157.3
2019-01-25,1,11,4,1,3719,45,2,6.75,45.4
2019-01-25,1,11,6,2,4410,53,45,6.66,45.4
2019-01-25,1,11,1,3,3331,55,33,6.67,45.4
2019-01-25,1,11,2,4,4852,51,61,6.59,45.4
2019-01-25,1,11,3,5,4550,14,48,6.62,45.4
2019-01-25,1,11,5,6,4674,20,44,6.7,45.4
2019-01-25,1,12,1,1,3232,56,46,6.68,15.7
2019-01-25,1,12,4,2,4502,41,36,6.74,15.7
2019-01-25,1,12,2,3,4433,6,8,6.68,15.7
2019-01-25,1,12,6,4,4589,46,19,6.6,15.7
2019-01-25,1,12,5,5,3618,18,34,6.66,15.7
2019-01-25,1,12,3,6,4399,10,28,6.67,15.7
2019-01-26,2,1,4,1,4282,54,21,6.83,270.0
2019-01-26,2,1,2,2,4841,66,25,6.75,270.0
2019-01-26,2,1,1,3,4170,60,9,6.73,270.0
2019-01-26,2,1,6,4,3618,18,34,6.75,270.0
2019-01-26,2,1,3,5,4313,11,14,6.81,270.0
2019-01-26,2,1,5,6,4940,16,20,6.79,270.0
2019-01-26,2,2,3,1,3660,49,3,6.78,354.7
2019-01-26,2,2,6,2,4306,52,27,6.7,354.7
2019-01-26,2,2,4,3,3475,43,10,6.69,354.7
2019-01-26,2,2,5,4,3297,23,63,6.72,354.7
2019-01-26,2,2,1,5,3683,7,30,6.74,354.7
2019-01-26,2,2,2,6,4563,61,43,6.82,354.7
2019-01-26,2,3,3,1,4589,46,19,6.66,47.1
2019-01-26,2,3,5,2,3579,50,39,6.76,47.1
2019-01-26,2,3,2,3,3509,62,66,6.6,47.1
2019-01-26,2,3,4,4,3254,24,4,6.73,47.1
2019-01-26,2,3,1,5,4694,59,1,6.69,47.1
2019-01-26,2,3,6,6,3994,21,31,6.74,47.1
2019-01-26,2,4,6,1,3265,15,62,6.73,99.6
2019-01-26,2,4,2,2,4550,14,48,6.72,99.6
2019-01-26,2,4,5,3,4410,53,45,6.7,99.6
2019-01-26,2,4,3,4,3832,3,53,6.71,99.6
2019-01-26,2,4,4,5,3929,22,54,6.69,99.6
2019-01-26,2,4,1,6,4360,47,57,6.63,99.6
2019-01-26,2,5,1,1,4433,6,8,6.64,5.6
2019-01-26,2,5,3,2,3232,56,46,6.73,5.6
2019-01-26,2,5,4,3,4373,44,37,6.72,5.6
2019-01-26,2,5,5,4,4275,2,49,6.78,5.6
2019-01-26,2,5,6,5,4240,63,12,6.77,5.6
2019-01-26,2,5,2,6,4354,12,52,6.7,5.6
2019-01-26,2,6,5,1,3220,17,38,6.65,909.4
2019-01-26,2,6,4,2,3454,19,6,6.66,909.4
2019-01-26,2,6,1,3,4173,58,11,6.61,909.4
2019-01-26,2,6,2,4,3331,55,33,6.65,909.4
2019-01-26,2,6,3,5,4736,4,18,6.68,909.4
2019-01-26,2,6,6,6,4674,20,44,6.77,909.4
2019-01-26,2,7,2,1,3999,48,13,6.76,24.9
2019-01-26,2,7,4,2,4399,10,29,6.68,24.9
2019-01-26,2,7,1,3,4853,40,47,6.7,24.9
2019-01-26,2,7,3,4,4170,60,9,6.76,24.9
2019-01-26,2,7,6,5,4282,54,21,6.73,24.9
2019-01-26,2,7,5,6,3994,21,31,6.8,24.9
2019-01-26,2,8,2,1,3719,45,2,6.63,20.8
2019-01-26,2,8,4,2,4852,51,61,6.63,20.8
2019-01-26,2,8,1,3,3300,8,15,6.69,20.8
2019-01-26,2,8,6,4,3929,22,54,6.76,20.8
2019-01-26,2,8,3,5,2787,13,24,6.72,20.8
2019-01-26,2,8,5,6,3683,7,30,6.88,20.8
2019-01-26,2,9,3,1,4502,41,36,6.63,30.0
2019-01-26,2,9,5,2,4961,9,56,6.68,30.0
2019-01-26,2,9,1,3,4373,44,37,6.68,30.0
2019-01-26,2,9,2,4,3618,18,34,6.68,30.0
2019-01-26,2,9,6,5,3254,24,4,6.67,30.0
2019-01-26,2,9,4,6,4694,59,1,6.73,30.0
2019-01-26,2,10,1,1,4410,53,45,6.62,6.2
2019-01-26,2,10,3,2,3297,23,63,6.62,6.2
2019-01-26,2,10,5,3,4173,58,11,6.71,6.2
2019-01-26,2,10,2,4,4894,1,41,6.66,6.2
2019-01-26,2,10,4,5,4563,61,43,6.77,6.2
2019-01-26,2,10,6,6,3220,17,38,6.71,6.2
2019-01-26,2,11,1,1,4399,10,29,6.63,8.4
2019-01-26,2,11,4,2,4589,46,19,6.68,8.4
2019-01-26,2,11,6,3,3999,48,13,6.77,8.4
2019-01-26,2,11,2,4,4313,11,14,6.63,8.4
2019-01-26,2,11,3,5,4354,12,52,6.67,8.4
2019-01-26,2,11,5,6,4841,66,25,6.75,8.4
2019-01-26,2,12,1,1,3719,45,2,6.68,6.9
2019-01-26,2,12,2,2,3265,15,62,6.66,6.9
2019-01-26,2,12,3,3,3300,8,15,6.75,6.9
2019-01-26,2,12,5,4,3475,43,10,6.79,6.9
2019-01-26,2,12,4,5,3331,55,33,6.74,6.9
2019-01-26,2,12,6,6,4736,4,18,6.77,6.9
2019-01-27,3,1,2,1,3929,22,54,6.77,109.5
2019-01-27,3,1,5,2,4736,4,18,6.69,109.5
2019-01-27,3,1,1,3,3832,3,55,6.71,109.5
2019-01-27,3,1,3,4,3683,7,30,6.73,109.5
2019-01-27,3,1,6,5,4894,1,41,6.66,109.5
2019-01-27,3,1,4,6,4306,52,27,6.73,109.5
2019-01-27,3,2,4,1,4313,11,14,6.71,35.8
2019-01-27,3,2,1,2,4240,63,12,6.69,35.8
2019-01-27,3,2,2,3,4282,54,21,6.67,35.8
2019-01-27,3,2,3,4,3509,62,66,6.77,35.8
2019-01-27,3,2,6,5,4354,12,52,6.75,35.8
2019-01-27,3,2,5,6,4694,59,1,6.75,35.8
2019-01-27,3,4,6,1,3232,56,46,6.73,12.9
2019-01-27,3,4,3,2,3618,18,34,6.7,12.9
2019-01-27,3,4,2,3,4961,9,23,6.72,12.9
2019-01-27,3,4,1,4,4841,66,25,6.76,12.9
2019-01-27,3,4,5,5,4853,40,47,6.66,12.9
2019-01-27,3,4,4,6,3994,21,31,6.63,12.9
2019-01-27,3,6,2,1,4399,10,29,6.61,8.0
2019-01-27,3,6,4,2,4433,6,8,6.65,8.0
2019-01-27,3,6,6,3,4373,44,37,6.78,8.0
2019-01-27,3,6,1,4,3509,62,66,6.7,8.0
2019-01-27,3,6,3,5,4940,16,20,6.76,8.0
2019-01-27,3,6,5,6,4170,60,9,6.67,8.0
2019-01-27,3,7,3,1,3719,45,2,6.67,6.9
2019-01-27,3,7,5,2,3265,15,62,6.66,6.9
2019-01-27,3,7,2,3,4173,58,11,6.71,6.9
2019-01-27,3,7,4,4,3660,49,3,6.79,6.9
2019-01-27,3,7,1,5,4674,20,44,6.69,6.9
2019-01-27,3,7,6,6,4563,61,43,6.81,6.9
2019-01-27,3,8,2,1,4502,41,36,6.66,4.1
2019-01-27,3,8,1,2,3999,48,13,6.7,4.1
2019-01-27,3,8,4,3,3579,50,39,6.79,4.1
2019-01-27,3,8,6,4,4275,2,49,6.68,4.1
2019-01-27,3,8,5,5,4354,12,52,6.78,4.1
2019-01-27,3,8,3,6,4282,54,21,6.67,4.1
2019-01-27,3,10,1,1,4589,46,19,6.66,5.9
2019-01-27,3,10,4,2,3618,18,34,6.73,5.9
2019-01-27,3,10,5,3,4433,6,8,6.74,5.9
2019-01-27,3,10,6,4,4313,11,14,6.75,5.9
2019-01-27,3,10,2,5,3254,24,4,6.71,5.9
2019-01-27,3,10,3,6,4240,63,12,6.73,5.9
2019-01-27,3,11,1,1,3265,15,62,6.66,6.1
2019-01-27,3,11,2,2,2787,13,58,6.68,6.1
2019-01-27,3,11,3,3,3475,43,10,6.83,6.1
2019-01-27,3,11,6,4,4173,58,11,6.75,6.1
2019-01-27,3,11,5,5,3832,3,55,6.85,6.1
2019-01-27,3,11,4,6,4894,1,41,6.75,6.1
2019-01-27,3,12,1,1,4502,41,36,6.71,5.8
2019-01-27,3,12,2,2,3232,56,46,6.76,5.8
2019-01-27,3,12,6,3,3579,50,39,6.8,5.8
2019-01-27,3,12,3,4,4373,44,37,6.78,5.8
2019-01-27,3,12,4,5,4853,40,47,6.72,5.8
2019-01-27,3,12,5,6,4940,16,20,6.78,5.8
2019-01-28,4,1,2,1,3475,43,10,6.67,58.5
2019-01-28,4,1,1,2,4306,52,27,6.77,58.5
2019-01-28,4,1,3,3,4563,61,43,6.81,58.5
2019-01-28,4,1,4,4,3683,7,30,6.8,58.5
2019-01-28,4,1,6,5,3297,23,63,6.71,58.5
2019-01-28,4,1,5,6,4550,14,48,6.84,58.5
2019-01-28,4,2,3,1,4433,6,8,6.76,30.8
2019-01-28,4,2,6,2,4961,9,23,6.78,30.8
2019-01-28,4,2,5,3,3232,56,46,6.84,30.8
2019-01-28,4,2,2,4,4170,60,9,6.71,30.8
2019-01-28,4,2,1,5,4275,2,49,6.68,30.8
2019-01-28,4,2,4,6,4354,12,52,6.76,30.8
2019-01-28,4,3,2,1,4173,58,11,6.66,34.8
2019-01-28,4,3,4,2,3300,8,15,6.73,34.8
2019-01-28,4,3,1,3,3660,49,3,6.72,34.8
2019-01-28,4,3,5,4,3454,19,6,6.77,34.8
2019-01-28,4,3,6,5,3331,55,33,6.81,34.8
2019-01-28,4,3,3,6,3929,22,54,6.7,34.8
2019-01-28,4,4,5,1,4399,10,29,6.68,109.8
2019-01-28,4,4,4,2,4240,63,12,6.74,109.8
2019-01-28,4,4,6,3,4841,66,25,6.78,109.8
2019-01-28,4,4,1,4,4282,54,21,6.71,109.8
2019-01-28,4,4,3,5,3254,24,4,6.73,109.8
2019-01-28,4,4,2,6,4373,44,37,6.74,109.8
2019-01-28,4,5,3,1,4852,51,61,6.65,60.3
2019-01-28,4,5,4,2,3265,15,62,6.67,60.3
2019-01-28,4,5,1,3,4736,4,18,6.7,60.3
2019-01-28,4,5,5,4,4563,61,43,6.74,60.3
2019-01-28,4,5,2,5,4410,53,45,6.75,60.3
2019-01-28,4,5,6,6,2787,13,58,6.72,60.3
2019-01-28,4,6,3,1,4589,46,19,6.7,19.8
2019-01-28,4,6,4,2,4275,2,49,6.67,19.8
2019-01-28,4,6,5,3,3999,48,13,6.8,19.8
2019-01-28,4,6,1,4,3994,21,31,6.64,19.8
2019-01-28,4,6,2,5,4694,59,1,6.71,19.8
2019-01-28,4,6,6,6,4940,16,20,6.76,19.8
2019-01-28,4,7,5,1,3719,45,2,6.59,18.4
2019-01-28,4,7,1,2,3929,22,54,6.66,18.4
2019-01-28,4,7,2,3,3832,3,55,6.77,18.4
2019-01-28,4,7,6,4,3220,17,38,6.68,18.4
2019-01-28,4,7,3,5,3475,43,10,6.69,18.4
2019-01-28,4,7,4,6,4674,20,44,6.7,18.4
2019-01-28,4,8,4,1,4502,41,36,6.63,10.6
2019-01-28,4,8,1,2,4313,11,14,6.61,10.6
2019-01-28,4,8,2,3,4433,6,8,6.6,10.6
2019-01-28,4,8,3,4,4961,9,23,6.62,10.6
2019-01-28,4,8,5,5,3509,62,66,6.74,10.6
2019-01-28,4,8,6,6,4853,40,47,6.72,10.6
2019-01-28,4,9,1,1,3454,19,6,6.61,107.9
2019-01-28,4,9,4,2,4550,14,48,6.65,107.9
2019-01-28,4,9,6,3,4852,51,61,6.63,107.9
2019-01-28,4,9,2,4,3297,23,63,6.64,107.9
2019-01-28,4,9,3,5,3265,15,62,6.62,107.9
2019-01-28,4,9,5,6,4894,1,41,6.7,107.9
2019-01-28,4,10,1,1,3618,18,34,6.61,7.2
2019-01-28,4,10,2,2,3579,50,39,6.69,7.2
2019-01-28,4,10,5,3,3254,24,22,6.65,7.2
2019-01-28,4,10,6,4,4694,59,1,6.62,7.2
2019-01-28,4,10,3,5,3994,21,31,6.63,7.2
2019-01-28,4,10,4,6,4170,60,9,6.69,7.2
2019-01-28,4,11,1,1,3719,45,2,6.64,12.5
2019-01-28,4,11,3,2,4410,53,45,6.6,12.5
2019-01-28,4,11,2,3,3331,55,33,6.61,12.5
2019-01-28,4,11,6,4,3683,7,30,6.69,12.5
2019-01-28,4,11,4,5,4736,4,18,6.73,12.5
2019-01-28,4,11,5,6,4173,58,11,6.65,12.5
2019-01-28,4,12,2,1,4399,10,29,6.55,22.3
2019-01-28,4,12,1,2,3232,56,46,6.59,22.3
2019-01-28,4,12,6,3,4502,41,36,6.65,22.3
2019-01-28,4,12,5,4,4589,46,19,6.64,22.3
2019-01-28,4,12,4,5,3999,48,13,6.66,22.3
2019-01-28,4,12,3,6,4841,66,25,6.62,22.3
2019-01-29,5,2,3,1,3297,23,63,6.65,225.9
2019-01-29,5,2,6,2,3331,55,33,6.7,225.9
2019-01-29,5,2,4,3,4852,51,61,6.69,225.9
2019-01-29,5,2,5,4,4736,4,18,6.66,225.9
2019-01-29,5,2,1,5,3929,22,54,6.64,225.9
2019-01-29,5,2,2,6,3660,49,3,6.72,225.9
2019-01-29,5,3,6,1,3719,45,2,6.69,57.6
2019-01-29,5,3,2,2,4306,52,27,6.63,57.6
2019-01-29,5,3,4,3,3300,8,15,6.67,57.6
2019-01-29,5,3,3,4,4410,53,45,6.7,57.6
2019-01-29,5,3,5,5,4674,20,44,6.67,57.6
2019-01-29,5,3,1,6,2787,13,58,6.62,57.6
2019-01-29,5,4,1,1,4240,63,12,6.61,64.4
2019-01-29,5,4,4,2,3999,48,13,6.71,64.4
2019-01-29,5,4,2,3,3509,62,66,6.66,64.4
2019-01-29,5,4,3,4,4961,9,23,6.64,64.4
2019-01-29,5,4,5,5,4399,10,29,6.57,64.4
2019-01-29,5,4,6,6,3994,21,31,6.77,64.4
2019-01-29,5,5,2,1,4841,66,25,6.68,636.5
2019-01-29,5,5,6,2,4589,46,19,6.66,636.5
2019-01-29,5,5,4,3,4433,6,8,6.69,636.5
2019-01-29,5,5,3,4,3618,18,34,6.72,636.5
2019-01-29,5,5,5,5,4694,59,1,6.72,636.5
2019-01-29,5,5,1,6,4373,44,37,6.74,636.5
2019-01-29,5,7,2,1,4550,14,48,6.69,72.1
2019-01-29,5,7,1,2,3300,8,15,6.69,72.1
2019-01-29,5,7,4,3,3683,7,30,6.76,72.1
2019-01-29,5,7,3,4,3832,3,55,6.7,72.1
2019-01-29,5,7,5,5,3331,55,33,6.67,72.1
2019-01-29,5,7,6,6,3220,17,38,6.72,72.1
2019-01-29,5,8,3,1,4852,51,61,6.69,95.0
2019-01-29,5,8,1,2,3265,15,62,6.67,95.0
2019-01-29,5,8,5,3,4306,52,27,6.72,95.0
2019-01-29,5,8,2,4,3475,43,16,6.66,95.0
2019-01-29,5,8,6,5,3929,22,54,6.77,95.0
2019-01-29,5,8,4,6,4410,53,45,6.78,95.0
2019-01-29,5,9,1,1,3719,45,2,6.53,14.3
2019-01-29,5,9,2,2,4736,4,18,6.7,14.3
2019-01-29,5,9,5,3,3454,19,6,6.7,14.3
2019-01-29,5,9,3,4,4173,58,11,6.73,14.3
2019-01-29,5,9,4,5,3297,23,63,6.69,14.3
2019-01-29,5,9,6,6,2787,13,58,6.71,14.3
2019-01-29,5,10,1,1,4589,46,19,6.7,6.4
2019-01-29,5,10,2,2,3232,56,46,6.72,6.4
2019-01-29,5,10,3,3,3999,48,13,6.68,6.4
2019-01-29,5,10,4,4,3618,18,34,6.68,6.4
2019-01-29,5,10,5,5,4313,11,14,6.65,6.4
2019-01-29,5,10,6,6,4240,63,12,6.69,6.4
2019-01-29,5,11,1,1,4502,41,36,6.58,33.4
2019-01-29,5,11,5,2,3579,50,39,6.8,33.4
2019-01-29,5,11,2,3,4399,10,29,6.59,33.4
2019-01-29,5,11,6,4,4373,44,37,6.83,33.4
2019-01-29,5,11,3,5,4433,6,8,6.59,33.4
2019-01-29,5,11,4,6,4961,9,23,6.73,33.4
2019-01-29,5,12,4,1,4282,54,21,6.68,33.2
2019-01-29,5,12,5,2,4853,40,47,6.74,33.2
2019-01-29,5,12,1,3,3254,24,22,6.65,33.2
2019-01-29,5,12,3,4,4354,12,52,6.69,33.2
2019-01-29,5,12,2,5,4170,60,9,6.67,33.2
2019-01-29,5,12,6,6,4940,16,20,6.69,33.2
2019-01-30,6,1,1,1,3297,23,63,6.76,31.7
2019-01-30,6,1,2,2,3683,7,30,6.9,31.7
2019-01-30,6,1,5,3,3660,49,3,6.89,31.7
2019-01-30,6,1,6,4,3832,3,55,6.9,31.7
2019-01-30,6,1,3,5,3300,8,15,6.86,31.7
2019-01-30,6,1,4,6,4563,61,43,6.85,31.7
2019-01-30,6,2,3,1,4282,54,21,6.76,45.0
2019-01-30,6,2,4,2,3254,24,22,6.82,45.0
2019-01-30,6,2,5,3,3509,62,66,6.76,45.0
2019-01-30,6,2,6,4,4940,16,20,6.82,45.0
2019-01-30,6,2,1,5,3994,21,31,6.76,45.0
2019-01-30,6,2,2,6,4275,2,51,6.87,45.0
2019-01-30,6,4,2,1,4694,59,1,6.81,167.0
2019-01-30,6,4,4,2,4354,12,52,6.74,167.0
2019-01-30,6,4,1,3,4240,63,12,6.79,167.0
2019-01-30,6,4,6,4,4313,11,14,6.78,167.0
2019-01-30,6,4,3,5,4170,60,9,6.76,167.0
2019-01-30,6,4,5,6,4841,66,25,6.79,167.0
2019-01-30,6,5,2,1,3929,22,54,6.79,186.6
2019-01-30,6,5,4,2,4550,14,48,6.82,186.6
2019-01-30,6,5,5,3,3683,7,30,6.87,186.6
2019-01-30,6,5,1,4,4173,58,11,6.76,186.6
2019-01-30,6,5,6,5,3300,8,15,6.87,186.6
2019-01-30,6,5,3,6,4563,61,43,6.78,186.6
2019-01-30,6,6,1,1,4433,6,8,6.79,20.7
2019-01-30,6,6,2,2,4853,40,47,6.83,20.7
2019-01-30,6,6,4,3,4282,54,21,6.81,20.7
2019-01-30,6,6,6,4,3618,18,34,6.81,20.7
2019-01-30,6,6,3,5,3509,62,66,6.92,20.7
2019-01-30,6,6,5,6,4275,2,51,6.82,20.7
2019-01-30,6,8,2,1,4674,20,44,6.83,939.6
2019-01-30,6,8,4,2,3832,3,55,6.85,939.6
2019-01-30,6,8,3,3,3660,49,3,6.86,939.6
2019-01-30,6,8,6,4,3220,17,38,6.85,939.6
2019-01-30,6,8,1,5,3331,55,33,6.74,939.6
2019-01-30,6,8,5,6,4550,14,48,6.88,939.6
2019-01-30,6,9,2,1,4173,58,11,6.82,48.7
2019-01-30,6,9,1,2,3475,43,16,6.81,48.7
2019-01-30,6,9,5,3,4410,53,45,6.84,48.7
2019-01-30,6,9,6,4,2787,13,58,6.82,48.7
2019-01-30,6,9,3,5,3297,23,63,6.79,48.7
2019-01-30,6,9,4,6,3929,22,54,6.85,48.7
2019-01-30,6,10,4,1,4313,11,14,6.8,121.5
2019-01-30,6,10,1,2,3618,18,34,6.77,121.5
2019-01-30,6,10,5,3,4961,9,23,6.81,121.5
2019-01-30,6,10,6,4,4240,63,12,6.83,121.5
2019-01-30,6,10,3,5,4433,6,8,6.77,121.5
2019-01-30,6,10,2,6,4373,44,37,6.88,121.5
2019-01-30,6,11,1,1,3719,45,2,6.67,67.9
2019-01-30,6,11,6,2,4306,52,27,6.84,67.9
2019-01-30,6,11,3,3,3265,15,62,6.81,67.9
2019-01-30,6,11,2,4,4852,51,61,6.77,67.9
2019-01-30,6,11,5,5,3454,19,6,6.91,67.9
2019-01-30,6,11,4,6,4736,4,18,6.9,67.9
2019-01-30,6,12,1,1,4502,41,36,6.69,11.1
2019-01-30,6,12,3,2,3232,56,46,6.84,11.1
2019-01-30,6,12,5,3,4399,10,29,6.81,11.1
2019-01-30,6,12,4,4,3579,50,39,6.91,11.1
2019-01-30,6,12,6,5,3999,48,13,6.85,11.1
2019-01-30,6,12,2,6,4589,46,19,6.84,11.1
2019-02-06,1,1,1,1,4302,50,54,6.7,5.5
2019-02-06,1,1,2,2,3930,65,50,6.81,5.5
2019-02-06,1,1,3,3,3187,7,38,6.86,5.5
2019-02-06,1,1,6,4,3336,10,58,6.77,5.5
2019-02-06,1,1,4,5,4662,26,4,6.77,5.5
2019-02-06,1,1,5,6,3835,12,10,6.94,5.5
2019-02-06,1,2,2,1,4487,9,40,6.74,49.1
2019-02-06,1,2,6,2,3878,51,30,6.8,49.1
2019-02-06,1,2,1,3,3855,38,1,6.75,49.1
2019-02-06,1,2,3,4,3824,25,43,6.76,49.1
2019-02-06,1,2,5,5,4490,36,27,6.77,49.1
2019-02-06,1,2,4,6,3880,2,16,6.78,49.1
2019-02-06,1,3,2,1,4185,46,56,6.76,146.8
2019-02-06,1,3,1,2,4200,27,46,6.72,146.8
2019-02-06,1,3,5,3,4559,1,64,6.81,146.8
2019-02-06,1,3,4,4,4457,29,66,6.82,146.8
2019-02-06,1,3,6,5,4237,3,48,6.85,146.8
2019-02-06,1,3,3,6,3896,34,18,6.78,146.8
2019-02-06,1,4,3,1,3915,37,51,6.74,86.8
2019-02-06,1,4,5,2,3546,33,22,6.86,86.8
2019-02-06,1,4,4,3,4931,52,28,6.81,86.8
2019-02-06,1,4,6,4,3956,4,34,6.9,86.8
2019-02-06,1,4,1,5,3303,11,59,6.84,86.8
2019-02-06,1,4,2,6,4877,32,26,6.78,86.8
2019-02-06,1,5,3,1,4409,30,31,6.85,39.3
2019-02-06,1,5,1,2,4581,64,7,6.74,39.3
2019-02-06,1,5,2,3,4662,26,4,6.76,39.3
2019-02-06,1,5,5,4,4005,43,32,6.85,39.3
2019-02-06,1,5,4,5,4022,60,13,6.82,39.3
2019-02-06,1,5,6,6,3305,39,41,6.9,39.3
2019-02-06,1,6,6,1,4067,13,17,6.77,207.6
2019-02-06,1,6,1,2,4180,45,37,6.73,207.6
2019-02-06,1,6,5,3,3370,41,55,6.82,207.6
2019-02-06,1,6,4,4,3860,8,2,6.89,207.6
2019-02-06,1,6,3,5,4076,47,65,6.78,207.6
2019-02-06,1,6,2,6,4003,35,3,6.7,207.6
2019-02-06,1,7,1,1,4172,40,9,6.77,20.8
2019-02-06,1,7,3,2,4200,27,46,6.75,20.8
2019-02-06,1,7,2,3,4075,6,60,6.82,20.8
2019-02-06,1,7,5,4,4122,57,62,6.74,20.8
2019-02-06,1,7,6,5,3880,2,16,6.86,20.8
2019-02-06,1,7,4,6,4564,44,45,6.9,20.8
2019-02-06,1,8,1,1,4085,31,33,6.77,4.3
2019-02-06,1,8,2,2,4388,49,8,6.74,4.3
2019-02-06,1,8,4,3,3231,48,53,6.78,4.3
2019-02-06,1,8,6,4,4487,9,40,6.86,4.3
2019-02-06,1,8,3,5,3044,28,5,6.94,4.3
2019-02-06,1,8,5,6,4185,46,56,6.8,4.3
2019-02-06,1,9,1,1,4022,60,13,6.8,16.6
2019-02-06,1,9,3,2,3336,10,58,6.84,16.6
2019-02-06,1,9,4,3,3546,33,22,6.85,16.6
2019-02-06,1,9,5,4,3824,25,43,6.84,16.6
2019-02-06,1,9,6,5,3896,34,18,6.89,16.6
2019-02-06,1,9,2,6,4593,5,44,6.87,16.6
2019-02-06,1,10,1,1,3915,37,51,6.8,10.3
2019-02-06,1,10,3,2,4003,35,3,6.76,10.3
2019-02-06,1,10,2,3,4559,1,64,6.76,10.3
2019-02-06,1,10,4,4,3878,51,30,6.79,10.3
2019-02-06,1,10,5,5,4581,64,7,6.85,10.3
2019-02-06,1,10,6,6,3930,65,50,6.87,10.3
2019-02-06,1,11,1,1,4409,30,31,6.89,25.4
2019-02-06,1,11,3,2,4172,40,9,6.81,25.4
2019-02-06,1,11,6,3,4076,47,65,6.87,25.4
2019-02-06,1,11,2,4,4931,52,28,6.87,25.4
2019-02-06,1,11,5,5,4388,49,8,6.81,25.4
2019-02-06,1,11,4,6,4302,50,54,6.8,25.4
2019-02-06,1,12,1,1,4075,6,60,6.84,13.4
2019-02-06,1,12,4,2,4237,3,48,6.92,13.4
2019-02-06,1,12,2,3,4085,31,33,6.78,13.4
2019-02-06,1,12,3,4,3956,4,34,6.93,13.4
2019-02-06,1,12,6,5,4593,5,44,6.95,13.4
2019-02-06,1,12,5,6,4067,13,17,6.86,13.4
2019-02-07,2,1,6,1,4022,60,13,6.88,222.7
2019-02-07,2,1,1,2,3231,48,53,6.83,222.7
2019-02-07,2,1,3,3,3860,8,2,6.86,222.7
2019-02-07,2,1,4,4,3044,28,5,6.93,222.7
2019-02-07,2,1,5,5,4931,52,28,6.83,222.7
2019-02-07,2,1,2,6,4564,44,45,6.84,222.7
2019-02-07,2,2,2,1,3303,11,59,6.95,45.4
2019-02-07,2,2,4,2,3370,41,55,6.82,45.4
2019-02-07,2,2,1,3,3187,7,38,6.89,45.4
2019-02-07,2,2,3,4,3305,39,41,6.92,45.4
2019-02-07,2,2,5,5,4877,32,26,6.82,45.4
2019-02-07,2,2,6,6,4180,45,37,6.91,45.4
2019-02-07,2,3,6,1,4559,1,64,6.86,36.6
2019-02-07,2,3,5,2,4076,47,65,6.89,36.6
2019-02-07,2,3,4,3,4388,49,8,6.77,36.6
2019-02-07,2,3,1,4,3336,10,58,6.86,36.6
2019-02-07,2,3,3,5,4457,29,66,6.85,36.6
2019-02-07,2,3,2,6,3824,25,43,6.8,36.6
2019-02-07,2,4,1,1,4185,46,56,6.9,63.1
2019-02-07,2,4,4,2,3915,37,51,6.85,63.1
2019-02-07,2,4,3,3,4490,36,27,6.86,63.1
2019-02-07,2,4,5,4,4409,30,31,6.89,63.1
2019-02-07,2,4,6,5,4003,35,3,6.86,63.1
2019-02-07,2,4,2,6,3835,12,10,6.85,63.1
2019-02-07,2,5,3,1,4085,31,33,6.83,64.0
2019-02-07,2,5,1,2,3546,33,22,6.84,64.0
2019-02-07,2,5,5,3,4662,26,4,6.85,64.0
2019-02-07,2,5,6,4,3855,38,1,6.78,64.0
2019-02-07,2,5,2,5,3044,28,5,6.89,64.0
2019-02-07,2,5,4,6,4172,40,9,6.85,64.0
2019-02-07,2,6,1,1,3878,51,30,6.85,18.0
2019-02-07,2,6,3,2,4122,57,62,6.83,18.0
2019-02-07,2,6,2,3,4067,13,17,6.84,18.0
2019-02-07,2,6,4,4,4200,27,46,6.89,18.0
2019-02-07,2,6,6,5,4581,64,7,6.91,18.0
2019-02-07,2,6,5,6,3305,39,41,6.95,18.0
2019-02-07,2,7,1,1,3930,65,50,6.86,148.9
2019-02-07,2,7,2,2,3896,34,18,6.86,148.9
2019-02-07,2,7,5,3,4487,9,40,6.83,148.9
2019-02-07,2,7,3,4,4559,1,64,6.8,148.9
2019-02-07,2,7,4,5,4075,6,60,6.87,148.9
2019-02-07,2,7,6,6,4005,43,32,6.85,148.9
2019-02-07,2,8,4,1,4003,35,3,6.82,362.9
2019-02-07,2,8,2,2,4302,50,54,6.71,362.9
2019-02-07,2,8,6,3,4457,29,66,6.74,362.9
2019-02-07,2,8,1,4,3956,4,34,6.7,362.9
2019-02-07,2,8,5,5,4180,45,37,6.72,362.9
2019-02-07,2,8,3,6,3880,2,16,6.8,362.9
2019-02-07,2,9,1,1,4076,47,65,6.72,5.9
2019-02-07,2,9,2,2,4237,3,48,6.8,5.9
2019-02-07,2,9,6,3,4172,40,9,6.79,5.9
2019-02-07,2,9,5,4,3303,11,59,6.75,5.9
2019-02-07,2,9,3,5,4564,44,45,6.89,5.9
2019-02-07,2,9,4,6,3835,12,10,6.85,5.9
2019-02-07,2,10,1,1,4388,49,8,6.74,5.9
2019-02-07,2,10,2,2,4409,30,31,6.74,5.9
2019-02-07,2,10,5,3,4085,31,33,6.75,5.9
2019-02-07,2,10,3,4,4877,32,26,6.86,5.9
2019-02-07,2,10,4,5,4581,64,7,6.74,5.9
2019-02-07,2,10,6,6,3860,8,2,6.94,5.9
2019-02-07,2,11,1,1,4067,13,17,6.7,9.0
2019-02-07,2,11,2,2,4022,60,13,6.74,9.0
2019-02-07,2,11,5,3,4075,6,60,6.77,9.0
2019-02-07,2,11,6,4,3915,37,51,6.85,9.0
2019-02-07,2,11,4,5,3187,7,38,6.83,9.0
2019-02-07,2,11,3,6,3546,33,22,6.69,9.0
2019-02-07,2,12,1,1,4237,3,48,6.76,20.6
2019-02-07,2,12,3,2,3855,38,1,6.75,20.6
2019-02-07,2,12,4,3,3956,4,34,6.77,20.6
2019-02-07,2,12,6,4,4122,57,62,6.74,20.6
2019-02-07,2,12,5,5,3896,34,18,6.83,20.6
2019-02-07,2,12,2,6,3231,48,53,6.81,20.6
2019-02-08,3,1,1,1,4003,35,3,6.86,10.3
2019-02-08,3,1,3,2,3370,41,55,6.75,10.3
2019-02-08,3,1,5,3,3231,48,53,6.86,10.3
2019-02-08,3,1,6,4,4185,46,56,6.92,10.3
2019-02-08,3,1,4,5,3824,25,43,6.8,10.3
2019-02-08,3,1,2,6,3305,39,41,6.84,10.3
2019-02-08,3,2,1,1,3880,2,16,6.79,57.9
2019-02-08,3,2,6,2,3303,11,59,6.8,57.9
2019-02-08,3,2,2,3,4180,45,37,6.77,57.9
2019-02-08,3,2,5,4,4564,44,45,6.87,57.9
2019-02-08,3,2,4,5,4487,9,40,6.79,57.9
2019-02-08,3,2,3,6,4931,52,28,6.76,57.9
2019-02-08,3,3,3,1,4085,31,33,6.66,16.2
2019-02-08,3,3,1,2,4457,29,66,6.73,16.2
2019-02-08,3,3,6,3,3546,33,22,6.79,16.2
2019-02-08,3,3,2,4,4005,43,32,6.73,16.2
2019-02-08,3,3,5,5,4302,50,54,6.72,16.2
2019-02-08,3,3,4,6,4877,32,26,6.77,16.2
2019-02-08,3,4,6,1,4388,49,8,6.78,462.4
2019-02-08,3,4,1,2,3860,8,2,6.78,462.4
2019-02-08,3,4,4,3,3930,65,50,6.81,462.4
2019-02-08,3,4,5,4,4237,3,48,6.85,462.4
2019-02-08,3,4,3,5,3915,37,51,6.81,462.4
2019-02-08,3,4,2,6,4490,36,27,6.77,462.4
2019-02-08,3,5,1,1,4559,1,64,6.78,4.9
2019-02-08,3,5,2,2,3956,4,34,6.74,4.9
2019-02-08,3,5,4,3,4172,40,9,6.72,4.9
2019-02-08,3,5,3,4,3878,51,30,6.77,4.9
2019-02-08,3,5,5,5,3044,28,5,6.86,4.9
2019-02-08,3,5,6,6,3187,7,38,6.93,4.9
2019-02-08,3,6,4,1,3855,38,1,6.7,63.3
2019-02-08,3,6,5,2,4022,60,13,6.81,63.3
2019-02-08,3,6,6,3,4409,30,31,6.81,63.3
2019-02-08,3,6,2,4,4122,57,62,6.73,63.3
2019-02-08,3,6,3,5,4662,26,4,6.67,63.3
2019-02-08,3,6,1,6,3824,25,43,6.73,63.3
2019-02-08,3,7,5,1,4075,6,60,6.79,20.3
2019-02-08,3,7,2,2,4581,64,7,6.7,20.3
2019-02-08,3,7,4,3,4180,45,37,6.81,20.3
2019-02-08,3,7,6,4,3231,48,53,6.84,20.3
2019-02-08,3,7,1,5,4005,43,32,6.84,20.3
2019-02-08,3,7,3,6,3835,12,10,6.81,20.3
2019-02-08,3,8,3,1,3336,10,58,6.95,656.7
2019-02-08,3,8,4,2,4067,13,17,6.91,656.7
2019-02-08,3,8,6,3,4200,27,46,6.92,656.7
2019-02-08,3,8,1,4,3896,34,18,6.9,656.7
2019-02-08,3,8,2,5,3546,33,22,6.84,656.7
2019-02-08,3,8,5,6,3930,65,50,6.98,656.7
2019-02-08,3,9,3,1,4559,1,64,6.84,40.4
2019-02-08,3,9,2,2,4076,47,65,6.82,40.4
2019-02-08,3,9,5,3,4003,35,3,6.93,40.4
2019-02-08,3,9,1,4,4487,9,40,6.87,40.4
2019-02-08,3,9,6,5,4085,31,33,6.88,40.4
2019-02-08,3,9,4,6,4490,36,27,6.79,40.4
2019-02-08,3,10,1,1,4122,57,62,6.87,9.7
2019-02-08,3,10,3,2,4388,49,8,6.79,9.7
2019-02-08,3,10,5,3,3956,4,34,6.97,9.7
2019-02-08,3,10,6,4,4302,50,54,6.88,9.7
2019-02-08,3,10,2,5,3370,41,55,6.81,9.7
2019-02-08,3,10,4,6,3303,11,59,6.91,9.7
2019-02-08,3,11,1,1,4237,3,48,6.79,24.5
2019-02-08,3,11,4,2,4022,60,13,6.88,24.5
2019-02-08,3,11,6,3,4581,64,7,6.72,24.5
2019-02-08,3,11,2,4,4172,40,9,6.86,24.5
2019-02-08,3,11,3,5,4067,13,17,6.83,24.5
2019-02-08,3,11,5,6,4877,32,26,6.83,24.5
2019-02-08,3,12,1,1,4075,6,60,6.75,10.3
2019-02-08,3,12,2,2,3915,37,51,6.87,10.3
2019-02-08,3,12,6,3,4076,47,65,6.91,10.3
2019-02-08,3,12,4,4,4409,30,31,6.84,10.3
2019-02-08,3,12,5,5,4931,52,28,6.83,10.3
2019-02-08,3,12,3,6,3896,34,18,6.91,10.3
2019-02-09,4,1,1,1,4003,35,3,6.76,17.8
2019-02-09,4,1,2,2,4877,32,26,6.74,17.8
2019-02-09,4,1,5,3,4180,45,37,6.83,17.8
2019-02-09,4,1,6,4,4931,52,28,6.76,17.8
2019-02-09,4,1,3,5,4662,26,4,6.71,17.8
2019-02-09,4,1,4,6,3305,39,41,6.78,17.8
2019-02-09,4,2,4,1,4564,44,45,6.75,66.1
2019-02-09,4,2,3,2,4005,43,32,6.7,66.1
2019-02-09,4,2,5,3,3187,7,38,6.76,66.1
2019-02-09,4,2,2,4,4457,29,66,6.66,66.1
2019-02-09,4,2,1,5,3835,12,10,6.76,66.1
2019-02-09,4,2,6,6,4490,36,27,6.74,66.1
2019-02-09,4,3,3,1,4302,50,54,6.67,34.5
2019-02-09,4,3,4,2,3855,38,1,6.69,34.5
2019-02-09,4,3,5,3,3546,33,22,6.71,34.5
2019-02-09,4,3,1,4,3044,28,5,6.77,34.5
2019-02-09,4,3,2,5,4185,46,56,6.67,34.5
2019-02-09,4,3,6,6,4237,3,48,6.78,34.5
2019-02-09,4,4,5,1,4559,1,64,6.75,71.7
2019-02-09,4,4,3,2,3930,65,50,6.79,71.7
2019-02-09,4,4,6,3,4022,60,13,6.78,71.7
2019-02-09,4,4,1,4,3370,41,55,6.72,71.7
2019-02-09,4,4,4,5,4388,49,8,6.73,71.7
2019-02-09,4,4,2,6,4200,27,46,6.7,71.7
2019-02-09,4,5,1,1,4076,47,65,6.69,12.2
2019-02-09,4,5,3,2,4172,40,9,6.62,12.2
2019-02-09,4,5,2,3,3336,10,58,6.6,12.2
2019-02-09,4,5,5,4,3860,8,2,6.84,12.2
2019-02-09,4,5,6,5,3824,25,43,6.78,12.2
2019-02-09,4,5,4,6,4075,6,60,6.73,12.2
2019-02-09,4,6,5,1,4085,31,33,6.79,26.3
2019-02-09,4,6,6,2,4067,13,17,6.75,26.3
2019-02-09,4,6,2,3,3231,48,53,6.7,26.3
2019-02-09,4,6,4,4,3880,2,16,6.76,26.3
2019-02-09,4,6,1,5,4564,44,45,6.74,26.3
2019-02-09,4,6,3,6,3835,12,10,6.78,26.3
2019-02-09,4,7,1,1,3956,4,34,6.67,54.8
2019-02-09,4,7,5,2,3303,11,59,6.73,54.8
2019-02-09,4,7,3,3,4457,29,66,6.72,54.8
2019-02-09,4,7,2,4,3878,51,30,6.71,54.8
2019-02-09,4,7,4,5,3546,33,22,6.78,54.8
2019-02-09,4,7,6,6,4409,30,31,6.75,54.8
2019-02-09,4,8,3,1,4487,9,40,6.61,166.5
2019-02-09,4,8,4,2,3915,37,51,6.75,166.5
2019-02-09,4,8,2,3,4122,57,62,6.65,166.5
2019-02-09,4,8,5,4,4005,43,32,6.75,166.5
2019-02-09,4,8,6,5,4662,26,4,6.8,166.5
2019-02-09,4,8,1,6,4581,64,7,6.64,166.5
2019-02-09,4,9,4,1,4172,40,9,6.68,128.4
2019-02-09,4,9,5,2,4200,27,46,6.7,128.4
2019-02-09,4,9,2,3,4075,6,60,6.69,128.4
2019-02-09,4,9,6,4,4185,46,56,6.69,128.4
2019-02-09,4,9,1,5,4022,60,13,6.69,128.4
2019-02-09,4,9,3,6,3855,38,1,6.69,128.4
2019-02-09,4,10,1,1,4067,13,17,6.67,49.0
2019-02-09,4,10,4,2,3336,10,58,6.69,49.0
2019-02-09,4,10,6,3,4003,35,3,6.69,49.0
2019-02-09,4,10,3,4,4388,49,8,6.63,49.0
2019-02-09,4,10,2,5,4559,1,64,6.63,49.0
2019-02-09,4,10,5,6,3878,51,30,6.81,49.0
2019-02-09,4,11,1,1,4409,30,31,6.75,45.3
2019-02-09,4,11,2,2,4085,31,33,6.77,45.3
2019-02-09,4,11,5,3,4122,57,62,6.73,45.3
2019-02-09,4,11,3,4,4237,3,48,6.75,45.3
2019-02-09,4,11,4,5,4076,47,65,6.65,45.3
2019-02-09,4,11,6,6,3956,4,34,6.74,45.3
2019-02-09,4,12,6,1,4302,50,54,6.74,76.1
2019-02-09,4,12,1,2,3915,37,51,6.6,76.1
2019-02-09,4,12,3,3,3370,41,55,6.71,76.1
2019-02-09,4,12,5,4,3880,2,16,6.73,76.1
2019-02-09,4,12,2,5,3187,7,38,6.71,76.1
2019-02-09,4,12,4,6,3231,48,53,6.73,76.1
2019-02-10,5,1,2,1,4005,43,32,6.75,160.4
2019-02-10,5,1,3,2,4487,9,40,6.8,160.4
2019-02-10,5,1,1,3,4559,1,64,6.82,160.4
2019-02-10,5,1,6,4,4564,44,45,6.84,160.4
2019-02-10,5,1,5,5,3824,25,43,6.71,160.4
2019-02-10,5,1,4,6,3370,41,55,6.76,160.4
2019-02-10,5,2,2,1,4457,29,66,6.79,29.8
2019-02-10,5,2,4,2,4877,32,26,6.72,29.8
2019-02-10,5,2,3,3,4931,52,28,6.7,29.8
2019-02-10,5,2,1,4,4490,36,27,6.87,29.8
2019-02-10,5,2,6,5,3835,12,10,6.78,29.8
2019-02-10,5,2,5,6,3187,7,38,6.84,29.8
2019-02-10,5,3,4,1,4302,50,54,6.62,17.4
2019-02-10,5,3,5,2,3231,48,53,6.75,17.4
2019-02-10,5,3,2,3,3303,11,59,6.85,17.4
2019-02-10,5,3,3,4,3930,65,50,6.91,17.4
2019-02-10,5,3,1,5,4662,26,4,6.71,17.4
2019-02-10,5,3,6,6,3044,28,5,6.89,17.4
2019-02-10,5,4,2,1,3546,33,22,6.69,30.9
2019-02-10,5,4,6,2,3915,37,51,6.78,30.9
2019-02-10,5,4,1,3,4185,46,56,6.76,30.9
2019-02-10,5,4,3,4,4180,45,37,6.73,30.9
2019-02-10,5,4,4,5,3880,2,16,6.89,30.9
2019-02-10,5,4,5,6,3305,39,41,6.85,30.9
2019-02-10,5,5,1,1,3956,4,34,6.77,92.7
2019-02-10,5,5,5,2,3860,8,2,6.83,92.7
2019-02-10,5,5,2,3,4581,64,7,6.79,92.7
2019-02-10,5,5,3,4,4564,44,45,6.83,92.7
2019-02-10,5,5,4,5,4003,35,3,6.73,92.7
2019-02-10,5,5,6,6,4005,43,32,6.75,92.7
2019-02-10,5,6,2,1,4076,47,65,6.76,10.1
2019-02-10,5,6,1,2,3878,51,30,6.73,10.1
2019-02-10,5,6,3,3,3187,7,38,6.93,10.1
2019-02-10,5,6,6,4,4122,57,62,6.84,10.1
2019-02-10,5,6,4,5,3824,25,43,6.81,10.1
2019-02-10,5,6,5,6,4490,36,27,6.86,10.1
2019-02-10,5,7,1,1,4388,49,8,6.73,13.0
2019-02-10,5,7,6,2,4075,6,60,6.73,13.0
2019-02-10,5,7,3,3,3231,48,53,6.82,13.0
2019-02-10,5,7,2,4,4931,52,28,6.73,13.0
2019-02-10,5,7,4,5,4487,9,40,6.78,13.0
2019-02-10,5,7,5,6,4662,26,4,6.78,13.0
2019-02-10,5,8,1,1,4237,3,48,6.7,50.9
2019-02-10,5,8,5,2,3930,65,50,6.78,50.9
2019-02-10,5,8,4,3,3546,33,22,6.81,50.9
2019-02-10,5,8,3,4,3303,11,59,6.87,50.9
2019-02-10,5,8,2,5,4022,60,13,6.72,50.9
2019-02-10,5,8,6,6,4877,32,26,6.73,50.9
2019-02-10,5,9,1,1,4302,50,54,6.73,16.5
2019-02-10,5,9,2,2,3860,8,2,6.85,16.5
2019-02-10,5,9,5,3,3915,37,51,6.78,16.5
2019-02-10,5,9,3,4,4581,64,7,6.79,16.5
2019-02-10,5,9,6,5,4457,29,66,6.85,16.5
2019-02-10,5,9,4,6,4180,45,23,6.81,16.5
2019-02-10,5,10,1,1,4122,57,62,6.82,9.8
2019-02-10,5,10,4,2,4559,1,64,6.78,9.8
2019-02-10,5,10,2,3,4003,35,3,6.77,9.8
2019-02-10,5,10,5,4,3956,4,34,6.8,9.8
2019-02-10,5,10,3,5,4185,46,56,6.82,9.8
2019-02-10,5,10,6,6,3370,41,55,6.81,9.8
2019-02-10,5,11,1,1,4075,6,60,6.73,32.3
2019-02-10,5,11,4,2,4022,60,13,6.83,32.3
2019-02-10,5,11,5,3,4076,47,65,6.8,32.3
2019-02-10,5,11,3,4,4237,3,48,6.71,32.3
2019-02-10,5,11,6,5,3878,51,30,6.74,32.3
2019-02-10,5,11,2,6,4388,49,8,6.79,32.3
2019-02-10,5,12,1,1,4067,13,17,6.79,129.7
2019-02-10,5,12,6,2,4200,27,46,6.78,129.7
2019-02-10,5,12,3,3,4172,40,9,6.88,129.7
2019-02-10,5,12,2,4,4409,30,31,6.75,129.7
2019-02-10,5,12,5,5,3336,10,58,6.82,129.7
2019-02-10,5,12,4,6,4085,31,33,6.79,129.7
2019-02-13,1,1,3,1,4773,14,14,6.72,66.8
2019-02-13,1,1,4,2,3471,24,38,6.78,66.8
2019-02-13,1,1,1,3,3753,40,53,6.78,66.8
2019-02-13,1,1,2,4,4158,29,33,6.81,66.8
2019-02-13,1,1,5,5,3182,16,15,6.71,66.8
2019-02-13,1,1,6,6,4228,61,27,6.69,66.8
2019-02-13,1,2,1,1,3234,53,21,6.82,30.3
2019-02-13,1,2,3,2,3501,56,47,6.78,30.3
2019-02-13,1,2,2,3,4742,54,35,6.74,30.3
2019-02-13,1,2,5,4,3575,20,25,6.79,30.3
2019-02-13,1,2,4,5,4883,5,24,6.87,30.3
2019-02-13,1,2,6,6,5069,25,65,6.74,30.3
2019-02-13,1,3,1,1,3825,62,26,6.75,12.1
2019-02-13,1,3,6,2,4352,63,19,6.7,12.1
2019-02-13,1,3,2,3,4511,1,12,6.73,12.1
2019-02-13,1,3,5,4,3655,28,10,6.86,12.1
2019-02-13,1,3,4,5,3539,41,54,6.8,12.1
2019-02-13,1,3,3,6,3989,38,9,6.81,12.1
2019-02-13,1,4,1,1,4735,26,30,6.73,80.1
2019-02-13,1,4,4,2,3561,58,64,6.74,80.1
2019-02-13,1,4,3,3,3616,30,1,6.68,80.1
2019-02-13,1,4,5,4,4016,36,28,6.8,80.1
2019-02-13,1,4,6,5,3826,65,6,6.78,80.1
2019-02-13,1,4,2,6,4843,60,57,6.7,80.1
2019-02-13,1,5,1,1,4111,39,22,6.66,14.1
2019-02-13,1,5,2,2,4887,64,49,6.64,14.1
2019-02-13,1,5,4,3,3224,23,62,6.7,14.1
2019-02-13,1,5,3,4,4288,19,32,6.73,14.1
2019-02-13,1,5,6,5,4010,31,52,6.79,14.1
2019-02-13,1,5,5,6,4974,66,61,6.65,14.1
2019-02-13,1,6,1,1,3932,34,59,6.73,19.2
2019-02-13,1,6,2,2,4657,57,44,6.73,19.2
2019-02-13,1,6,5,3,3951,55,36,6.72,19.2
2019-02-13,1,6,3,4,4176,18,5,6.81,19.2
2019-02-13,1,6,6,5,3381,15,46,6.76,19.2
2019-02-13,1,6,4,6,4791,35,45,6.79,19.2
2019-02-13,1,7,5,1,4543,17,41,6.68,148.1
2019-02-13,1,7,1,2,3471,24,38,6.75,148.1
2019-02-13,1,7,4,3,4511,1,12,6.83,148.1
2019-02-13,1,7,2,4,4366,37,3,6.66,148.1
2019-02-13,1,7,3,5,4730,33,50,6.65,148.1
2019-02-13,1,7,6,6,3604,2,17,6.81,148.1
2019-02-13,1,8,1,1,4214,27,63,6.67,3.5
2019-02-13,1,8,2,2,4082,59,2,6.75,3.5
2019-02-13,1,8,4,3,4804,22,51,6.72,3.5
2019-02-13,1,8,5,4,3989,38,9,6.82,3.5
2019-02-13,1,8,6,5,4883,5,24,6.93,3.5
2019-02-13,1,8,3,6,3182,16,15,6.86,3.5
2019-02-13,1,9,5,1,3224,23,62,6.75,269.7
2019-02-13,1,9,3,2,3753,40,53,6.85,269.7
2019-02-13,1,9,2,3,3175,21,20,6.67,269.7
2019-02-13,1,9,4,4,3655,28,10,6.79,269.7
2019-02-13,1,9,1,5,4374,32,40,6.67,269.7
2019-02-13,1,9,6,6,4742,54,35,6.78,269.7
2019-02-13,1,10,1,1,3616,30,1,6.75,12.8
2019-02-13,1,10,3,2,4111,39,22,6.85,12.8
2019-02-13,1,10,4,3,3575,20,25,6.73,12.8
2019-02-13,1,10,2,4,3539,41,54,6.64,12.8
2019-02-13,1,10,6,5,3951,55,36,6.73,12.8
2019-02-13,1,10,5,6,4228,61,27,6.84,12.8
2019-02-13,1,11,2,1,3501,56,47,6.65,228.0
2019-02-13,1,11,3,2,4016,36,28,6.67,228.0
2019-02-13,1,11,5,3,4158,29,33,6.84,228.0
2019-02-13,1,11,1,4,4657,57,44,6.63,228.0
2019-02-13,1,11,4,5,4887,64,49,6.65,228.0
2019-02-13,1,11,6,6,4730,33,50,6.68,228.0
2019-02-13,1,12,1,1,4366,37,3,6.64,55.3
2019-02-13,1,12,2,2,4214,27,63,6.62,55.3
2019-02-13,1,12,6,3,4288,19,32,6.76,55.3
2019-02-13,1,12,3,4,4352,63,19,6.64,55.3
2019-02-13,1,12,4,5,3381,15,46,6.61,55.3
2019-02-13,1,12,5,6,3826,65,6,6.75,55.3
2019-02-14,2,2,4,1,3825,62,26,6.67,28.7
2019-02-14,2,2,1,2,4010,31,52,6.65,28.7
2019-02-14,2,2,3,3,4735,26,30,6.62,28.7
2019-02-14,2,2,6,4,3561,58,64,6.82,28.7
2019-02-14,2,2,5,5,3539,41,54,6.65,28.7
2019-02-14,2,2,2,6,4791,35,29,6.68,28.7
2019-02-14,2,3,1,1,4843,60,57,6.59,75.6
2019-02-14,2,3,5,2,3616,30,1,6.69,75.6
2019-02-14,2,3,2,3,3471,24,38,6.66,75.6
2019-02-14,2,3,4,4,4374,32,40,6.69,75.6
2019-02-14,2,3,6,5,4158,29,33,6.78,75.6
2019-02-14,2,3,3,6,3234,53,21,6.65,75.6
2019-02-14,2,4,4,1,3501,56,47,6.62,44.1
2019-02-14,2,4,6,2,3655,28,10,6.75,44.1
2019-02-14,2,4,5,3,4111,39,22,6.68,44.1
2019-02-14,2,4,1,4,4773,14,14,6.59,44.1
2019-02-14,2,4,3,5,3951,55,36,6.72,44.1
2019-02-14,2,4,2,6,4883,5,24,6.7,44.1
2019-02-14,2,5,1,1,4543,17,41,6.55,22.3
2019-02-14,2,5,2,2,3182,16,15,6.55,22.3
2019-02-14,2,5,3,3,3224,23,62,6.57,22.3
2019-02-14,2,5,5,4,4511,1,12,6.61,22.3
2019-02-14,2,5,4,5,4657,57,44,6.63,22.3
2019-02-14,2,5,6,6,4974,66,61,6.67,22.3
2019-02-14,2,6,6,1,4016,36,28,6.75,109.6
2019-02-14,2,6,3,2,3381,15,46,6.59,109.6
2019-02-14,2,6,2,3,4804,22,51,6.63,109.6
2019-02-14,2,6,1,4,3989,38,9,6.68,109.6
2019-02-14,2,6,4,5,3604,2,17,6.69,109.6
2019-02-14,2,6,5,6,3753,40,53,6.69,109.6
2019-02-14,2,7,2,1,3616,30,1,6.65,19.8
2019-02-14,2,7,6,2,4366,37,3,6.75,19.8
2019-02-14,2,7,5,3,4214,27,63,6.63,19.8
2019-02-14,2,7,1,4,4887,64,49,6.65,19.8
2019-02-14,2,7,4,5,4158,29,33,6.7,19.8
2019-02-14,2,7,3,6,4742,54,35,6.64,19.8
2019-02-14,2,8,2,1,4288,19,32,6.73,201.5
2019-02-14,2,8,5,2,3561,58,64,6.74,201.5
2019-02-14,2,8,3,3,4228,61,27,6.7,201.5
2019-02-14,2,8,6,4,5069,25,11,6.75,201.5
2019-02-14,2,8,4,5,3175,21,20,6.73,201.5
2019-02-14,2,8,1,6,3951,55,36,6.59,201.5
2019-02-14,2,9,3,1,4843,60,57,6.65,639.3
2019-02-14,2,9,1,2,3575,20,25,6.7,639.3
2019-02-14,2,9,4,3,4111,39,22,6.64,639.3
2019-02-14,2,9,2,4,4352,63,19,6.59,639.3
2019-02-14,2,9,5,5,4657,57,44,6.67,639.3
2019-02-14,2,9,6,6,4735,26,30,6.69,639.3
2019-02-14,2,10,1,1,3826,65,6,6.69,16.2
2019-02-14,2,10,2,2,4010,31,52,6.7,16.2
2019-02-14,2,10,4,3,4016,36,28,6.78,16.2
2019-02-14,2,10,3,4,4374,32,40,6.66,16.2
2019-02-14,2,10,6,5,3224,23,62,6.68,16.2
2019-02-14,2,10,5,6,4176,18,18,6.81,16.2
2019-02-14,2,11,4,1,4543,17,41,6.66,47.5
2019-02-14,2,11,1,2,3381,15,46,6.62,47.5
2019-02-14,2,11,2,3,3655,28,10,6.74,47.5
2019-02-14,2,11,6,4,3825,62,26,6.68,47.5
2019-02-14,2,11,3,5,4082,59,2,6.68,47.5
2019-02-14,2,11,5,6,3234,53,21,6.8,47.5
2019-02-14,2,12,3,1,4804,22,51,6.57,215.0
2019-02-14,2,12,6,2,4791,35,29,6.8,215.0
2019-02-14,2,12,1,3,3175,21,20,6.62,215.0
2019-02-14,2,12,4,4,4773,14,14,6.63,215.0
2019-02-14,2,12,2,5,3932,34,59,6.67,215.0
2019-02-14,2,12,5,6,4742,54,35,6.62,215.0
2019-02-15,3,1,1,1,4288,19,32,6.72,15.7
2019-02-15,3,1,6,2,3501,56,47,6.72,15.7
2019-02-15,3,1,4,3,3753,40,53,6.8,15.7
2019-02-15,3,1,3,4,4887,64,49,6.65,15.7
2019-02-15,3,1,2,5,4228,61,27,6.79,15.7
2019-02-15,3,1,5,6,3932,34,4,6.86,15.7
2019-02-15,3,2,1,1,4511,1,12,6.67,11.3
2019-02-15,3,2,3,2,4883,5,24,6.75,11.3
2019-02-15,3,2,2,3,3575,20,25,6.8,11.3
2019-02-15,3,2,6,4,4374,32,40,6.73,11.3
2019-02-15,3,2,4,5,3182,16,15,6.68,11.3
2019-02-15,3,2,5,6,3604,2,17,6.68,11.3
2019-02-15,3,3,2,1,3616,30,1,6.81,11.7
2019-02-15,3,3,3,2,4543,17,41,6.67,11.7
2019-02-15,3,3,1,3,3539,41,54,6.72,11.7
2019-02-15,3,3,6,4,3234,53,21,6.85,11.7
2019-02-15,3,3,4,5,3989,38,9,6.76,11.7
2019-02-15,3,3,5,6,4974,66,61,6.76,11.7
2019-02-15,3,4,3,1,4214,27,63,6.73,13.8
2019-02-15,3,4,2,2,3825,62,26,6.75,13.8
2019-02-15,3,4,5,3,4804,22,51,6.73,13.8
2019-02-15,3,4,1,4,4791,35,29,6.76,13.8
2019-02-15,3,4,4,5,4843,60,57,6.75,13.8
2019-02-15,3,4,6,6,3471,24,38,6.85,13.8
2019-02-15,3,5,1,1,3224,23,62,6.67,9.6
2019-02-15,3,5,4,2,4082,59,2,6.8,9.6
2019-02-15,3,5,2,3,4773,14,14,6.67,9.6
2019-02-15,3,5,5,4,4735,26,30,6.78,9.6
2019-02-15,3,5,3,5,3175,21,20,6.76,9.6
2019-02-15,3,5,6,6,5069,25,11,6.75,9.6
2019-02-15,3,6,1,1,3561,58,64,6.72,17.2
2019-02-15,3,6,2,2,4111,39,22,6.74,17.2
2019-02-15,3,6,5,3,4352,63,19,6.8,17.2
2019-02-15,3,6,3,4,3826,65,6,6.84,17.2
2019-02-15,3,6,4,5,3604,2,17,6.76,17.2
2019-02-15,3,6,6,6,3932,34,4,6.75,17.2
2019-02-15,3,7,2,1,3381,15,46,6.74,91.2
2019-02-15,3,7,5,2,4883,5,24,6.95,91.2
2019-02-15,3,7,6,3,4657,57,44,6.73,91.2
2019-02-15,3,7,3,4,3655,28,10,6.83,91.2
2019-02-15,3,7,1,5,4176,18,18,6.81,91.2
2019-02-15,3,7,4,6,4228,61,27,6.89,91.2
2019-02-15,3,8,2,1,4543,17,41,6.7,10.6
2019-02-15,3,8,1,2,4016,36,28,6.72,10.6
2019-02-15,3,8,4,3,4366,37,3,6.73,10.6
2019-02-15,3,8,6,4,4887,64,49,6.76,10.6
2019-02-15,3,8,5,5,3825,62,26,6.93,10.6
2019-02-15,3,8,3,6,4010,31,52,6.72,10.6
2019-02-15,3,9,3,1,4158,29,33,6.75,113.3
2019-02-15,3,9,4,2,4214,27,63,6.69,113.3
2019-02-15,3,9,6,3,3989,38,9,6.77,113.3
2019-02-15,3,9,1,4,3182,16,15,6.7,113.3
2019-02-15,3,9,2,5,3951,55,36,6.76,113.3
2019-02-15,3,9,5,6,3175,21,20,6.88,113.3
2019-02-15,3,10,1,1,4804,22,51,6.7,19.4
2019-02-15,3,10,5,2,3501,56,47,6.76,19.4
2019-02-15,3,10,4,3,3826,65,6,6.77,19.4
2019-02-15,3,10,6,4,4082,59,2,6.76,19.4
2019-02-15,3,10,2,5,4374,32,40,6.73,19.4
2019-02-15,3,10,3,6,3539,41,54,6.69,19.4
2019-02-15,3,11,1,1,3381,15,46,6.63,40.6
2019-02-15,3,11,5,2,3471,24,38,6.87,40.6
2019-02-15,3,11,3,3,4511,1,12,6.72,40.6
2019-02-15,3,11,2,4,4735,26,30,6.77,40.6
2019-02-15,3,11,6,5,4111,39,22,6.7,40.6
2019-02-15,3,11,4,6,4288,19,32,6.81,40.6
2019-02-15,3,12,1,1,4352,63,19,6.81,12.4
2019-02-15,3,12,5,2,4366,37,3,6.8,12.4
2019-02-15,3,12,4,3,3616,30,1,6.78,12.4
2019-02-15,3,12,2,4,3224,23,62,6.77,12.4
2019-02-15,3,12,6,5,3753,40,53,6.92,12.4
2019-02-15,3,12,3,6,3575,20,25,6.85,12.4
2019-02-16,4,2,2,1,3989,38,9,6.6,138.5
2019-02-16,4,2,3,2,3561,58,64,6.73,138.5
2019-02-16,4,2,6,3,4511,1,12,6.76,138.5
2019-02-16,4,2,4,4,3825,62,26,6.73,138.5
2019-02-16,4,2,1,5,4228,61,27,6.75,138.5
2019-02-16,4,2,5,6,4773,14,14,6.67,138.5
2019-02-16,4,4,5,1,4082,59,2,6.72,82.9
2019-02-16,4,4,4,2,4543,17,41,6.71,82.9
2019-02-16,4,4,6,3,3175,21,20,6.72,82.9
2019-02-16,4,4,1,4,3501,56,47,6.65,82.9
2019-02-16,4,4,3,5,4791,35,29,6.65,82.9
2019-02-16,4,4,2,6,3753,40,53,6.78,82.9
2019-02-16,4,5,1,1,4352,63,19,6.69,5.8
2019-02-16,4,5,2,2,4657,57,44,6.67,5.8
2019-02-16,4,5,4,3,3951,55,36,6.78,5.8
2019-02-16,4,5,3,4,4735,26,30,6.69,5.8
2019-02-16,4,5,6,5,4843,60,57,6.69,5.8
2019-02-16,4,5,5,6,4887,64,49,6.63,5.8
2019-02-16,4,6,1,1,4158,29,33,6.69,10.6
2019-02-16,4,6,2,2,3826,65,6,6.69,10.6
2019-02-16,4,6,6,3,3616,30,1,6.74,10.6
2019-02-16,4,6,3,4,4010,31,52,6.69,10.6
2019-02-16,4,6,5,5,4288,19,32,6.73,10.6
2019-02-16,4,6,4,6,4974,66,61,6.61,10.6
2019-02-16,4,7,3,1,4366,37,3,6.69,14.4
2019-02-16,4,7,2,2,4016,36,28,6.71,14.4
2019-02-16,4,7,4,3,3471,24,38,6.7,14.4
2019-02-16,4,7,5,4,4804,22,51,6.69,14.4
2019-02-16,4,7,1,5,3604,2,17,6.68,14.4
2019-02-16,4,7,6,6,3539,41,54,6.67,14.4
2019-02-16,4,9,1,1,4082,59,2,6.58,17.0
2019-02-16,4,9,2,2,4214,27,63,6.64,17.0
2019-02-16,4,9,4,3,4176,18,18,6.72,17.0
2019-02-16,4,9,5,4,4657,57,44,6.75,17.0
2019-02-16,4,9,3,5,3825,62,26,6.7,17.0
2019-02-16,4,9,6,6,3575,20,25,6.8,17.0
2019-02-16,4,10,1,1,3826,65,6,6.73,15.0
2019-02-16,4,10,2,2,3561,58,64,6.7,15.0
2019-02-16,4,10,4,3,3501,56,47,6.69,15.0
2019-02-16,4,10,3,4,3951,55,36,6.67,15.0
2019-02-16,4,10,5,5,3381,15,46,6.61,15.0
2019-02-16,4,10,6,6,5069,25,11,6.7,15.0
2019-02-16,4,11,1,1,4366,37,3,6.7,15.0
2019-02-16,4,11,4,2,4352,63,19,6.75,15.0
2019-02-16,4,11,3,3,4511,1,12,6.69,15.0
2019-02-16,4,11,6,4,4543,17,41,6.61,15.0
2019-02-16,4,11,2,5,4288,19,32,6.67,15.0
2019-02-16,4,11,5,6,4374,32,40,6.7,15.0
2019-02-16,4,12,1,1,4804,22,51,6.61,26.2
2019-02-16,4,12,4,2,3932,34,4,6.73,26.2
2019-02-16,4,12,5,3,4843,60,57,6.71,26.2
2019-02-16,4,12,2,4,3175,21,20,6.66,26.2
2019-02-16,4,12,6,5,4974,66,61,6.74,26.2
2019-02-16,4,12,3,6,3182,16,31,6.61,26.2
2019-02-17,5,2,1,1,3753,40,53,6.75,12.9
2019-02-17,5,2,4,2,3539,41,54,6.75,12.9
2019-02-17,5,2,3,3,3575,20,25,6.79,12.9
2019-02-17,5,2,2,4,4176,18,18,6.77,12.9
2019-02-17,5,2,5,5,4974,66,61,6.76,12.9
2019-02-17,5,2,6,6,5069,25,11,6.8,12.9
2019-02-17,5,3,5,1,3501,56,47,6.69,49.2
2019-02-17,5,3,4,2,4657,57,44,6.74,49.2
2019-02-17,5,3,6,3,4366,37,3,6.74,49.2
2019-02-17,5,3,2,4,3932,34,4,6.8,49.2
2019-02-17,5,3,1,5,3825,62,26,6.71,49.2
2019-02-17,5,3,3,6,3989,38,9,6.71,49.2
2019-02-17,5,4,2,1,4511,1,12,6.7,32.1
2019-02-17,5,4,3,2,3224,23,62,6.74,32.1
2019-02-17,5,4,4,3,4010,31,52,6.78,32.1
2019-02-17,5,4,1,4,3604,2,17,6.76,32.1
2019-02-17,5,4,5,5,3381,15,46,6.72,32.1
2019-02-17,5,4,6,6,3175,21,20,6.78,32.1
2019-02-17,5,5,1,1,4111,39,22,6.72,36.0
2019-02-17,5,5,3,2,4214,27,63,6.69,36.0
2019-02-17,5,5,5,3,4791,35,43,6.69,36.0
2019-02-17,5,5,6,4,4887,64,49,6.69,36.0
2019-02-17,5,5,4,5,4082,59,2,6.79,36.0
2019-02-17,5,5,2,6,3561,58,64,6.75,36.0
2019-02-17,5,6,2,1,3826,65,6,6.77,139.9
2019-02-17,5,6,5,2,3234,53,21,6.73,139.9
2019-02-17,5,6,3,3,4804,22,51,6.67,139.9
2019-02-17,5,6,6,4,3655,28,10,6.88,139.9
2019-02-17,5,6,1,5,4158,29,33,6.72,139.9
2019-02-17,5,6,4,6,4228,61,27,6.9,139.9
2019-02-17,5,7,2,1,3471,24,38,6.76,37.6
2019-02-17,5,7,1,2,4288,19,32,6.72,37.6
2019-02-17,5,7,6,3,4543,17,41,6.64,37.6
2019-02-17,5,7,3,4,4883,5,24,6.77,37.6
2019-02-17,5,7,5,5,3182,16,31,6.72,37.6
2019-02-17,5,7,4,6,3951,55,36,6.79,37.6
2019-02-17,5,8,1,1,4352,63,19,6.81,35.8
2019-02-17,5,8,5,2,4735,26,30,6.87,35.8
2019-02-17,5,8,2,3,3175,21,20,6.75,35.8
2019-02-17,5,8,4,4,4016,36,28,6.84,35.8
2019-02-17,5,8,3,5,4374,32,40,6.78,35.8
2019-02-17,5,8,6,6,4974,66,61,6.8,35.8
2019-02-17,5,9,1,1,4214,27,63,6.69,14.7
2019-02-17,5,9,4,2,3381,15,46,6.73,14.7
2019-02-17,5,9,5,3,4511,1,12,6.78,14.7
2019-02-17,5,9,2,4,3501,56,47,6.63,14.7
2019-02-17,5,9,3,5,3561,58,64,6.81,14.7
2019-02-17,5,9,6,6,3825,62,26,6.81,14.7
2019-02-17,5,10,1,1,4366,37,3,6.77,35.3
2019-02-17,5,10,5,2,3826,65,6,6.9,35.3
2019-02-17,5,10,4,3,4804,22,51,6.72,35.3
2019-02-17,5,10,6,4,4288,19,32,6.85,35.3
2019-02-17,5,10,3,5,4111,39,22,6.75,35.3
2019-02-17,5,10,2,6,3616,30,1,6.61,35.3
2019-02-17,5,11,1,1,4543,17,41,6.67,13.8
2019-02-17,5,11,3,2,4082,59,2,6.76,13.8
2019-02-17,5,11,4,3,3224,23,62,6.74,13.8
2019-02-17,5,11,2,4,4352,63,19,6.8,13.8
2019-02-17,5,11,6,5,4158,29,33,6.83,13.8
2019-02-17,5,11,5,6,3471,24,38,6.92,13.8
2019-02-17,5,12,4,1,3655,28,10,6.76,227.3
2019-02-17,5,12,2,2,3575,20,25,6.78,227.3
2019-02-17,5,12,5,3,3989,38,9,6.73,227.3
2019-02-17,5,12,3,4,3951,55,36,6.6,227.3
2019-02-17,5,12,6,5,4010,31,52,6.63,227.3
2019-02-17,5,12,1,6,4657,57,44,6.69,227.3
2019-02-18,6,1,1,1,3655,28,10,6.73,10.9
2019-02-18,6,1,4,2,3753,40,53,6.78,10.9
2019-02-18,6,1,3,3,4887,64,49,6.72,10.9
2019-02-18,6,1,2,4,3989,38,9,6.77,10.9
2019-02-18,6,1,5,5,4374,32,40,6.77,10.9
2019-02-18,6,1,6,6,3604,2,17,6.76,10.9
2019-02-18,6,2,1,1,4010,31,52,6.69,27.0
2019-02-18,6,2,4,2,4176,18,18,6.79,27.0
2019-02-18,6,2,6,3,4228,61,27,6.84,27.0
2019-02-18,6,2,2,4,4883,5,24,6.75,27.0
2019-02-18,6,2,3,5,3182,16,31,6.68,27.0
2019-02-18,6,2,5,6,5069,25,11,6.72,27.0
2019-02-18,6,3,1,1,3825,62,26,6.66,70.0
2019-02-18,6,3,5,2,4773,14,14,6.72,70.0
2019-02-18,6,3,4,3,3539,41,54,6.79,70.0
2019-02-18,6,3,2,4,4016,36,28,6.71,70.0
2019-02-18,6,3,6,5,4974,66,61,6.77,70.0
2019-02-18,6,3,3,6,4843,60,57,6.69,70.0
2019-02-18,6,4,1,1,3471,24,38,6.77,14.3
2019-02-18,6,4,2,2,4158,29,33,6.73,14.3
2019-02-18,6,4,6,3,4657,57,44,6.78,14.3
2019-02-18,6,4,3,4,3561,58,64,6.79,14.3
2019-02-18,6,4,4,5,4735,26,30,6.77,14.3
2019-02-18,6,4,5,6,3932,34,4,6.75,14.3
2019-02-18,6,5,3,1,3175,21,20,6.72,308.2
2019-02-18,6,5,1,2,4288,19,32,6.66,308.2
2019-02-18,6,5,2,3,4791,35,43,6.69,308.2
2019-02-18,6,5,5,4,3575,20,25,6.79,308.2
2019-02-18,6,5,6,5,3753,40,53,6.83,308.2
2019-02-18,6,5,4,6,4352,63,19,6.72,308.2
2019-02-18,6,6,5,1,3501,56,47,6.7,40.9
2019-02-18,6,6,3,2,3224,23,62,6.64,40.9
2019-02-18,6,6,1,3,3234,53,21,6.72,40.9
2019-02-18,6,6,6,4,4804,22,51,6.72,40.9
2019-02-18,6,6,4,5,3182,16,31,6.68,40.9
2019-02-18,6,6,2,6,3951,55,36,6.76,40.9
2019-02-18,6,7,5,1,4511,1,12,6.76,39.0
2019-02-18,6,7,1,2,3616,30,1,6.72,39.0
2019-02-18,6,7,6,3,4016,36,28,6.81,39.0
2019-02-18,6,7,3,4,4374,32,40,6.8,39.0
2019-02-18,6,7,2,5,4887,64,49,6.68,39.0
2019-02-18,6,7,4,6,4010,31,52,6.72,39.0
2019-02-18,6,8,1,1,4111,39,22,6.75,46.6
2019-02-18,6,8,3,2,3539,41,54,6.76,46.6
2019-02-18,6,8,5,3,4176,18,18,6.88,46.6
2019-02-18,6,8,4,4,4657,57,44,6.78,46.6
2019-02-18,6,8,6,5,4843,60,57,6.8,46.6
2019-02-18,6,8,2,6,3655,28,10,6.83,46.6
2019-02-18,6,9,3,1,3604,2,17,6.84,120.2
2019-02-18,6,9,1,2,3175,21,20,6.77,120.2
2019-02-18,6,9,4,3,3932,34,4,6.75,120.2
2019-02-18,6,9,5,4,4791,35,43,6.87,120.2
2019-02-18,6,9,2,5,4773,14,14,6.7,120.2
2019-02-18,6,9,6,6,5069,25,11,6.83,120.2
2019-02-18,6,10,5,1,4158,29,33,6.81,472.1
2019-02-18,6,10,2,2,3501,56,47,6.75,472.1
2019-02-18,6,10,6,3,3616,30,1,6.76,472.1
2019-02-18,6,10,1,4,3224,23,62,6.69,472.1
2019-02-18,6,10,3,5,4288,19,32,6.81,472.1
2019-02-18,6,10,4,6,3561,58,64,6.93,472.1
2019-02-18,6,11,1,1,4804,22,51,6.7,15.0
2019-02-18,6,11,4,2,4111,39,22,6.76,15.0
2019-02-18,6,11,3,3,4352,63,19,6.77,15.0
2019-02-18,6,11,6,4,3825,62,26,6.83,15.0
2019-02-18,6,11,2,5,4511,1,12,6.82,15.0
2019-02-18,6,11,5,6,3471,24,38,6.84,15.0
2019-02-18,6,12,3,1,4366,37,3,6.77,79.4
2019-02-18,6,12,2,2,4214,27,63,6.69,79.4
2019-02-18,6,12,1,3,4543,17,41,6.66,79.4
2019-02-18,6,12,5,4,3381,15,46,6.78,79.4
2019-02-18,6,12,6,5,3826,65,6,6.84,79.4
2019-02-18,6,12,4,6,4082,59,2,6.79,79.4
2019-02-24,1,1,1,1,3699,4,47,6.69,241.6
2019-02-24,1,1,5,2,5056,55,7,6.75,241.6
2019-02-24,1,1,6,3,4195,56,11,6.74,241.6
2019-02-24,1,1,2,4,4421,24,18,6.72,241.6
2019-02-24,1,1,3,5,3254,13,46,6.78,241.6
2019-02-24,1,1,4,6,3528,54,64,6.76,241.6
2019-02-24,1,2,1,1,3578,29,55,6.72,14.4
2019-02-24,1,2,2,2,3750,64,1,6.74,14.4
2019-02-24,1,2,3,3,3680,6,17,6.79,14.4
2019-02-24,1,2,6,4,4924,16,23,6.7,14.4
2019-02-24,1,2,4,5,3594,47,65,6.64,14.4
2019-02-24,1,2,5,6,4615,14,25,6.73,14.4
2019-02-24,1,3,4,1,3674,52,45,6.67,29.0
2019-02-24,1,3,3,2,3294,59,14,6.7,29.0
2019-02-24,1,3,6,3,3939,26,37,6.74,29.0
2019-02-24,1,3,2,4,4243,62,44,6.68,29.0
2019-02-24,1,3,1,5,3141,11,40,6.71,29.0
2019-02-24,1,3,5,6,4221,46,56,6.82,29.0
2019-02-24,1,5,1,1,3349,19,57,6.66,7.8
2019-02-24,1,5,4,2,3347,48,49,6.77,7.8
2019-02-24,1,5,3,3,4313,7,9,6.72,7.8
2019-02-24,1,5,2,4,4536,9,39,6.68,7.8
2019-02-24,1,5,6,5,3701,28,2,6.8,7.8
2019-02-24,1,5,5,6,4321,60,41,6.78,7.8
2019-02-24,1,7,4,1,3458,53,4,6.79,83.0
2019-02-24,1,7,1,2,3294,59,14,6.67,83.0
2019-02-24,1,7,2,3,3622,25,48,6.8,83.0
2019-02-24,1,7,5,4,3902,27,20,6.74,83.0
2019-02-24,1,7,3,5,4198,50,28,6.71,83.0
2019-02-24,1,7,6,6,3528,54,64,6.69,83.0
2019-02-24,1,8,1,1,3256,45,24,6.72,13.3
2019-02-24,1,8,4,2,3699,4,47,6.71,13.3
2019-02-24,1,8,3,3,4243,62,44,6.77,13.3
2019-02-24,1,8,2,4,4852,12,26,6.69,13.3
2019-02-24,1,8,6,5,4142,57,13,6.77,13.3
2019-02-24,1,8,5,6,3750,64,1,6.87,13.3
2019-02-24,1,9,1,1,3674,52,45,6.75,20.7
2019-02-24,1,9,4,2,4844,43,6,6.76,20.7
2019-02-24,1,9,5,3,4313,7,9,6.76,20.7
2019-02-24,1,9,2,4,4400,10,38,6.77,20.7
2019-02-24,1,9,3,5,4569,51,16,6.69,20.7
2019-02-24,1,9,6,6,5056,55,7,6.74,20.7
2019-02-24,1,11,1,1,3347,48,49,6.76,12.7
2019-02-24,1,11,2,2,4821,58,58,6.78,12.7
2019-02-24,1,11,3,3,4195,56,11,6.82,12.7
2019-02-24,1,11,4,4,4302,49,32,6.75,12.7
2019-02-24,1,11,6,5,3458,53,4,6.78,12.7
2019-02-24,1,11,5,6,3594,47,65,6.81,12.7
2019-02-24,1,12,3,1,3256,45,24,6.75,50.0
2019-02-24,1,12,4,2,3679,63,43,6.81,50.0
2019-02-24,1,12,1,3,3622,25,48,6.77,50.0
2019-02-24,1,12,6,4,4086,22,50,6.76,50.0
2019-02-24,1,12,5,5,3939,26,37,6.8,50.0
2019-02-24,1,12,2,6,3349,19,57,6.8,50.0
2019-02-25,2,1,1,1,3939,26,37,6.78,17.6
2019-02-25,2,1,6,2,3347,48,49,6.82,17.6
2019-02-25,2,1,3,3,3108,18,63,6.79,17.6
2019-02-25,2,1,4,4,3254,13,46,6.88,17.6
2019-02-25,2,1,5,5,4198,50,28,6.78,17.6
2019-02-25,2,1,2,6,4321,60,41,6.77,17.6
2019-02-25,2,2,1,1,3701,28,2,6.79,20.8
2019-02-25,2,2,2,2,4322,8,30,6.82,20.8
2019-02-25,2,2,3,3,4536,9,39,6.83,20.8
2019-02-25,2,2,4,4,4615,14,25,6.8,20.8
2019-02-25,2,2,5,5,4400,10,38,6.89,20.8
2019-02-25,2,2,6,6,3141,11,40,6.81,20.8
2019-02-25,2,3,3,1,3578,29,55,6.72,13.8
2019-02-25,2,3,4,2,3902,27,20,6.75,13.8
2019-02-25,2,3,6,3,3699,4,47,6.78,13.8
2019-02-25,2,3,1,4,3528,54,64,6.69,13.8
2019-02-25,2,3,5,5,4569,51,16,6.77,13.8
2019-02-25,2,3,2,6,4844,43,6,6.72,13.8
2019-02-25,2,4,1,1,4142,57,13,6.74,9.2
2019-02-25,2,4,3,2,4086,22,50,6.74,9.2
2019-02-25,2,4,4,3,4302,49,32,6.65,9.2
2019-02-25,2,4,2,4,4924,16,23,6.71,9.2
2019-02-25,2,4,6,5,3294,59,14,6.81,9.2
2019-02-25,2,4,5,6,4243,62,44,6.75,9.2
2019-02-25,2,5,4,1,3256,45,24,6.82,9.9
2019-02-25,2,5,1,2,3663,44,31,6.75,9.9
2019-02-25,2,5,3,3,4852,12,26,6.8,9.9
2019-02-25,2,5,5,4,4421,24,18,6.8,9.9
2019-02-25,2,5,2,5,3594,47,65,6.71,9.9
2019-02-25,2,5,6,6,3108,18,63,6.77,9.9
2019-02-25,2,6,2,1,4313,7,9,6.72,31.1
2019-02-25,2,6,5,2,3622,25,48,6.84,31.1
2019-02-25,2,6,6,3,3730,23,60,6.76,31.1
2019-02-25,2,6,4,4,3750,64,1,6.82,31.1
2019-02-25,2,6,1,5,3680,6,17,6.74,31.1
2019-02-25,2,6,3,6,3141,11,40,6.78,31.1
2019-02-25,2,7,5,1,3349,19,57,6.73,47.1
2019-02-25,2,7,2,2,3902,27,20,6.67,47.1
2019-02-25,2,7,1,3,4195,56,11,6.76,47.1
2019-02-25,2,7,6,4,3674,52,45,6.82,47.1
2019-02-25,2,7,4,5,4221,46,56,6.76,47.1
2019-02-25,2,7,3,6,4400,10,38,6.8,47.1
2019-02-25,2,8,1,1,3679,63,43,6.71,10.0
2019-02-25,2,8,2,2,3939,26,37,6.74,10.0
2019-02-25,2,8,5,3,4844,43,6,6.73,10.0
2019-02-25,2,8,3,4,3701,28,2,6.78,10.0
2019-02-25,2,8,4,5,4121,3,53,6.78,10.0
2019-02-25,2,8,6,6,5056,55,7,6.72,10.0
2019-02-25,2,9,6,1,3256,45,24,6.75,16.6
2019-02-25,2,9,4,2,4821,58,58,6.74,16.6
2019-02-25,2,9,1,3,3458,53,4,6.73,16.6
2019-02-25,2,9,5,4,4924,16,23,6.76,16.6
2019-02-25,2,9,3,5,4321,60,41,6.76,16.6
2019-02-25,2,9,2,6,4615,14,25,6.82,16.6
2019-02-25,2,10,1,1,4086,22,50,6.76,36.9
2019-02-25,2,10,5,2,4852,12,26,6.8,36.9
2019-02-25,2,10,2,3,4198,50,28,6.73,36.9
2019-02-25,2,10,3,4,3730,23,60,6.77,36.9
2019-02-25,2,10,4,5,4322,8,30,6.86,36.9
2019-02-25,2,10,6,6,3578,29,55,6.87,36.9
2019-02-25,2,11,4,1,3622,25,48,6.77,58.3
2019-02-25,2,11,2,2,3347,48,49,6.75,58.3
2019-02-25,2,11,1,3,4302,49,32,6.74,58.3
2019-02-25,2,11,3,4,3699,4,47,6.83,58.3
2019-02-25,2,11,5,5,3663,44,31,6.82,58.3
2019-02-25,2,11,6,6,3349,19,57,6.78,58.3
2019-02-25,2,12,1,1,4313,7,9,6.72,6.6
2019-02-25,2,12,2,2,3674,52,45,6.81,6.6
2019-02-25,2,12,4,3,4243,62,44,6.82,6.6
2019-02-25,2,12,3,4,3528,54,64,6.7,6.6
2019-02-25,2,12,6,5,3254,13,46,6.78,6.6
2019-02-25,2,12,5,6,4536,9,39,6.85,6.6
2019-02-26,3,1,1,1,4821,58,58,6.67,6.8
2019-02-26,3,1,3,2,4421,24,18,6.74,6.8
2019-02-26,3,1,4,3,4400,10,38,6.76,6.8
2019-02-26,3,1,2,4,4924,16,23,6.68,6.8
2019-02-26,3,1,5,5,5056,55,7,6.79,6.8
2019-02-26,3,1,6,6,4221,46,56,6.86,6.8
2019-02-26,3,2,4,1,4569,51,16,6.71,160.0
2019-02-26,3,2,5,2,3528,54,64,6.69,160.0
2019-02-26,3,2,2,3,3108,18,63,6.73,160.0
2019-02-26,3,2,1,4,3594,47,65,6.63,160.0
2019-02-26,3,2,6,5,4321,60,41,6.74,160.0
2019-02-26,3,2,3,6,4844,43,6,6.73,160.0
2019-02-26,3,3,3,1,3902,27,20,6.62,23.7
2019-02-26,3,3,2,2,3294,59,14,6.75,23.7
2019-02-26,3,3,5,3,3674,52,45,6.77,23.7
2019-02-26,3,3,1,4,3750,64,1,6.75,23.7
2019-02-26,3,3,6,5,3347,48,3,6.77,23.7
2019-02-26,3,3,4,6,4322,8,30,6.78,23.7
2019-02-26,3,4,1,1,4536,9,39,6.81,54.4
2019-02-26,3,4,2,2,3680,6,17,6.78,54.4
2019-02-26,3,4,4,3,3578,29,55,6.76,54.4
2019-02-26,3,4,3,4,3663,44,31,6.82,54.4
2019-02-26,3,4,6,5,3349,19,57,6.88,54.4
2019-02-26,3,4,5,6,4121,3,53,6.79,54.4
2019-02-26,3,5,1,1,4852,12,26,6.63,5.8
2019-02-26,3,5,3,2,3679,63,43,6.7,5.8
2019-02-26,3,5,4,3,4302,49,32,6.68,5.8
2019-02-26,3,5,2,4,4195,56,11,6.67,5.8
2019-02-26,3,5,5,5,3254,13,46,6.79,5.8
2019-02-26,3,5,6,6,5056,55,7,6.73,5.8
2019-02-26,3,6,2,1,3458,53,4,6.73,82.4
2019-02-26,3,6,1,2,4198,50,28,6.71,82.4
2019-02-26,3,6,3,3,4142,57,13,6.83,82.4
2019-02-26,3,6,6,4,4313,7,9,6.74,82.4
2019-02-26,3,6,5,5,4615,14,25,6.75,82.4
2019-02-26,3,6,4,6,3622,25,48,6.76,82.4
2019-02-26,3,7,5,1,3699,4,47,6.75,71.0
2019-02-26,3,7,1,2,4243,62,44,6.72,71.0
2019-02-26,3,7,6,3,4086,22,50,6.77,71.0
2019-02-26,3,7,2,4,3939,26,37,6.78,71.0
2019-02-26,3,7,3,5,3141,11,40,6.74,71.0
2019-02-26,3,7,4,6,3701,28,2,6.74,71.0
2019-02-26,3,8,4,1,3256,45,24,6.7,12.1
2019-02-26,3,8,1,2,3902,27,20,6.67,12.1
2019-02-26,3,8,5,3,3108,18,63,6.75,12.1
2019-02-26,3,8,2,4,3730,23,60,6.65,12.1
2019-02-26,3,8,3,5,4221,46,56,6.72,12.1
2019-02-26,3,8,6,6,4322,8,30,6.78,12.1
2019-02-26,3,9,1,1,3349,19,57,6.72,45.3
2019-02-26,3,9,3,2,3578,29,55,6.81,45.3
2019-02-26,3,9,5,3,4195,56,66,6.82,45.3
2019-02-26,3,9,4,4,3679,63,43,6.82,45.3
2019-02-26,3,9,2,5,4821,58,58,6.75,45.3
2019-02-26,3,9,6,6,3294,59,14,6.87,45.3
2019-02-26,3,10,2,1,3674,52,45,6.76,62.3
2019-02-26,3,10,3,2,3622,25,48,6.79,62.3
2019-02-26,3,10,1,3,3347,48,3,6.73,62.3
2019-02-26,3,10,4,4,3663,44,31,6.84,62.3
2019-02-26,3,10,5,5,4302,49,32,6.7,62.3
2019-02-26,3,10,6,6,4852,12,26,6.84,62.3
2019-02-26,3,11,1,1,3256,45,24,6.72,5.2
2019-02-26,3,11,2,2,3699,4,47,6.74,5.2
2019-02-26,3,11,3,3,3939,26,37,6.73,5.2
2019-02-26,3,11,6,4,3730,23,60,6.73,5.2
2019-02-26,3,11,5,5,3458,53,4,6.83,5.2
2019-02-26,3,11,4,6,4536,9,39,6.75,5.2
2019-02-26,3,12,1,1,4121,3,53,6.78,9.7
2019-02-26,3,12,2,2,4086,22,50,6.72,9.7
2019-02-26,3,12,4,3,4313,7,9,6.7,9.7
2019-02-26,3,12,3,4,3680,6,17,6.73,9.7
2019-02-26,3,12,5,5,4142,57,13,6.74,9.7
2019-02-26,3,12,6,6,4400,10,38,6.68,9.7
2019-02-27,4,1,1,1,3663,44,31,6.83,34.6
2019-02-27,4,1,6,2,4243,62,44,6.74,34.6
2019-02-27,4,1,2,3,3254,13,46,6.74,34.6
2019-02-27,4,1,3,4,3750,64,1,6.78,34.6
2019-02-27,4,1,4,5,4615,14,25,6.8,34.6
2019-02-27,4,1,5,6,3701,28,2,6.82,34.6
2019-02-27,4,2,1,1,4221,46,56,6.77,39.6
2019-02-27,4,2,3,2,3594,47,65,6.68,39.6
2019-02-27,4,2,4,3,4321,60,41,6.73,39.6
2019-02-27,4,2,2,4,3528,54,64,6.63,39.6
2019-02-27,4,2,6,5,4198,50,28,6.74,39.6
2019-02-27,4,2,5,6,4421,24,18,6.76,39.6
2019-02-27,4,3,2,1,4142,57,13,6.72,39.5
2019-02-27,4,3,3,2,4844,43,6,6.71,39.5
2019-02-27,4,3,1,3,4322,8,30,6.81,39.5
2019-02-27,4,3,5,4,3141,11,40,6.79,39.5
2019-02-27,4,3,6,5,4121,3,53,6.75,39.5
2019-02-27,4,3,4,6,4536,9,39,6.81,39.5
2019-02-27,4,4,4,1,3108,18,63,6.73,169.2
2019-02-27,4,4,1,2,3294,59,14,6.71,169.2
2019-02-27,4,4,6,3,3902,27,20,6.65,169.2
2019-02-27,4,4,3,4,4569,51,16,6.71,169.2
2019-02-27,4,4,5,5,4313,7,9,6.78,169.2
2019-02-27,4,4,2,6,4924,16,23,6.79,169.2
2019-02-27,4,5,4,1,4086,22,50,6.71,14.0
2019-02-27,4,5,5,2,4195,56,66,6.74,14.0
2019-02-27,4,5,1,3,3730,23,60,6.75,14.0
2019-02-27,4,5,6,4,5056,55,7,6.76,14.0
2019-02-27,4,5,2,5,3701,28,2,6.81,14.0
2019-02-27,4,5,3,6,4615,14,25,6.79,14.0
2019-02-27,4,6,2,1,4302,49,32,6.68,17.6
2019-02-27,4,6,6,2,3939,26,37,6.79,17.6
2019-02-27,4,6,3,3,4243,62,44,6.84,17.6
2019-02-27,4,6,1,4,4400,10,38,6.8,17.6
2019-02-27,4,6,5,5,3680,6,17,6.86,17.6
2019-02-27,4,6,4,6,4198,50,28,6.76,17.6
2019-02-27,4,7,1,1,4321,60,41,6.71,23.6
2019-02-27,4,7,2,2,4821,58,58,6.7,23.6
2019-02-27,4,7,6,3,3347,48,3,6.69,23.6
2019-02-27,4,7,3,4,3458,53,4,6.74,23.6
2019-02-27,4,7,4,5,4421,24,18,6.82,23.6
2019-02-27,4,7,5,6,4844,43,6,6.71,23.6
2019-02-27,4,8,4,1,3679,63,43,6.83,25.2
2019-02-27,4,8,2,2,4313,7,9,6.69,25.2
2019-02-27,4,8,1,3,4852,12,26,6.72,25.2
2019-02-27,4,8,6,4,3594,47,65,6.69,25.2
2019-02-27,4,8,3,5,3141,11,40,6.72,25.2
2019-02-27,4,8,5,6,4569,51,16,6.76,25.2
2019-02-27,4,9,1,1,4086,22,50,6.67,8.3
2019-02-27,4,9,4,2,3902,27,20,6.64,8.3
2019-02-27,4,9,3,3,3254,13,46,6.74,8.3
2019-02-27,4,9,2,4,4121,3,53,6.72,8.3
2019-02-27,4,9,6,5,3750,64,1,6.8,8.3
2019-02-27,4,9,5,6,4924,16,23,6.76,8.3
2019-02-27,4,10,5,1,4302,49,32,6.67,47.3
2019-02-27,4,10,1,2,3939,26,37,6.68,47.3
2019-02-27,4,10,4,3,4821,58,58,6.72,47.3
2019-02-27,4,10,2,4,4195,56,66,6.82,47.3
2019-02-27,4,10,3,5,3663,44,31,6.89,47.3
2019-02-27,4,10,6,6,4536,9,39,6.79,47.3
2019-02-27,4,11,2,1,3679,63,43,6.76,17.5
2019-02-27,4,11,1,2,3347,48,3,6.82,17.5
2019-02-27,4,11,3,3,3730,23,60,6.73,17.5
2019-02-27,4,11,6,4,4852,12,26,6.8,17.5
2019-02-27,4,11,4,5,3458,53,4,6.79,17.5
2019-02-27,4,11,5,6,3294,59,14,6.78,17.5
2019-02-27,4,12,1,1,3256,45,24,6.72,12.3
2019-02-27,4,12,2,2,3349,19,57,6.78,12.3
2019-02-27,4,12,3,3,3674,52,45,6.82,12.3
2019-02-27,4,12,5,4,3622,25,48,6.79,12.3
2019-02-27,4,12,4,5,3699,4,47,6.93,12.3
2019-02-27,4,12,6,6,3578,29,55,6.68,12.3
2019-03-04,1,1,2,1,4782,11,52,6.8,28.3
2019-03-04,1,1,1,2,4583,66,39,6.78,28.3
2019-03-04,1,1,3,3,4875,12,33,6.81,28.3
2019-03-04,1,1,5,4,4988,19,14,6.93,28.3
2019-03-04,1,1,4,5,5014,50,56,6.87,28.3
2019-03-04,1,1,6,6,5004,10,58,6.86,28.3
2019-03-04,1,2,1,1,4931,1,53,6.84,24.4
2019-03-04,1,2,3,2,4866,41,48,6.87,24.4
2019-03-04,1,2,4,3,4863,40,44,6.76,24.4
2019-03-04,1,2,2,4,4809,64,59,6.82,24.4
2019-03-04,1,2,5,5,4793,5,22,6.75,24.4
2019-03-04,1,2,6,6,4943,37,25,6.8,24.4
2019-03-04,1,3,1,1,4953,36,65,6.81,24.4
2019-03-04,1,3,3,2,4847,8,64,6.81,24.4
2019-03-04,1,3,6,3,4760,61,46,6.78,24.4
2019-03-04,1,3,5,4,4822,49,15,6.82,24.4
2019-03-04,1,3,4,5,4871,48,34,6.78,24.4
2019-03-04,1,3,2,6,4946,25,54,6.76,24.4
2019-03-04,1,4,5,1,4908,26,28,6.77,27.1
2019-03-04,1,4,3,2,4855,34,16,6.83,27.1
2019-03-04,1,4,6,3,4939,54,37,6.77,27.1
2019-03-04,1,4,4,4,4980,30,32,6.74,27.1
2019-03-04,1,4,2,5,4876,43,13,6.81,27.1
2019-03-04,1,4,1,6,4778,55,29,6.77,27.1
2019-03-04,1,6,6,1,4759,35,36,6.7,173.2
2019-03-04,1,6,2,2,4757,51,20,6.78,173.2
2019-03-04,1,6,5,3,4866,41,48,6.81,173.2
2019-03-04,1,6,1,4,5002,33,27,6.72,173.2
2019-03-04,1,6,3,5,4852,44,66,6.77,173.2
2019-03-04,1,6,4,6,4981,63,30,6.81,173.2
2019-03-04,1,7,3,1,4643,15,61,6.76,71.4
2019-03-04,1,7,5,2,4871,48,34,6.74,71.4
2019-03-04,1,7,6,3,4754,53,50,6.77,71.4
2019-03-04,1,7,2,4,4802,17,45,6.75,71.4
2019-03-04,1,7,1,5,4880,21,49,6.72,71.4
2019-03-04,1,7,4,6,4988,19,14,6.8,71.4
2019-03-04,1,8,4,1,4856,20,7,6.8,15.8
2019-03-04,1,8,1,2,4786,38,23,6.74,15.8
2019-03-04,1,8,2,3,4776,65,60,6.83,15.8
2019-03-04,1,8,5,4,4863,40,44,6.83,15.8
2019-03-04,1,8,3,5,4768,28,1,6.88,15.8
2019-03-04,1,8,6,6,5014,50,56,6.71,15.8
2019-03-04,1,9,1,1,4777,32,57,6.65,22.8
2019-03-04,1,9,3,2,4822,49,15,6.77,22.8
2019-03-04,1,9,2,3,4831,4,55,6.79,22.8
2019-03-04,1,9,4,4,4943,37,25,6.79,22.8
2019-03-04,1,9,5,5,4855,34,16,6.87,22.8
2019-03-04,1,9,6,6,4875,12,33,6.84,22.8
2019-03-04,1,10,1,1,4847,8,64,6.75,59.2
2019-03-04,1,10,5,2,4583,66,39,6.77,59.2
2019-03-04,1,10,6,3,4809,64,59,6.85,59.2
2019-03-04,1,10,4,4,4876,43,13,6.85,59.2
2019-03-04,1,10,3,5,4812,2,3,6.8,59.2
2019-03-04,1,10,2,6,4750,22,17,6.79,59.2
2019-03-04,1,11,1,1,4643,15,61,6.72,6.7
2019-03-04,1,11,3,2,4908,26,28,6.86,6.7
2019-03-04,1,11,2,3,4759,35,36,6.7,6.7
2019-03-04,1,11,5,4,4817,9,40,6.92,6.7
2019-03-04,1,11,6,5,4793,5,22,6.83,6.7
2019-03-04,1,11,4,6,4782,11,52,6.87,6.7
2019-03-04,1,12,1,1,4831,4,55,6.87,25.1
2019-03-04,1,12,3,2,4760,61,46,6.93,25.1
2019-03-04,1,12,6,3,4757,51,20,6.9,25.1
2019-03-04,1,12,5,4,4786,38,23,6.76,25.1
2019-03-04,1,12,4,5,4939,54,37,6.85,25.1
2019-03-04,1,12,2,6,4772,18,12,6.8,25.1
2019-03-05,2,1,5,1,4980,30,32,6.79,190.0
2019-03-05,2,1,2,2,4778,55,29,6.72,190.0
2019-03-05,2,1,4,3,5002,33,27,6.83,190.0
2019-03-05,2,1,1,4,4852,44,66,6.85,190.0
2019-03-05,2,1,3,5,4956,47,10,6.84,190.0
2019-03-05,2,1,6,6,4768,28,1,6.92,190.0
2019-03-05,2,2,4,1,4777,32,57,6.74,52.0
2019-03-05,2,2,6,2,4876,43,13,6.8,52.0
2019-03-05,2,2,1,3,4946,25,54,6.83,52.0
2019-03-05,2,2,2,4,4803,31,62,6.77,52.0
2019-03-05,2,2,5,5,4981,63,30,6.82,52.0
2019-03-05,2,2,3,6,4880,21,49,6.81,52.0
2019-03-05,2,3,3,1,4786,38,23,6.76,69.8
2019-03-05,2,3,1,2,4871,48,34,6.77,69.8
2019-03-05,2,3,2,3,4931,1,53,6.82,69.8
2019-03-05,2,3,4,4,4802,17,45,6.71,69.8
2019-03-05,2,3,6,5,4856,20,7,6.74,69.8
2019-03-05,2,3,5,6,5004,10,58,6.74,69.8
2019-03-05,2,4,3,1,4943,37,25,6.73,72.4
2019-03-05,2,4,4,2,4754,53,50,6.79,72.4
2019-03-05,2,4,6,3,4847,8,64,6.84,72.4
2019-03-05,2,4,5,4,4760,61,46,6.87,72.4
2019-03-05,2,4,2,5,4866,41,48,6.81,72.4
2019-03-05,2,4,1,6,4988,19,14,6.86,72.4
2019-03-05,2,5,3,1,4776,65,60,6.84,21.5
2019-03-05,2,5,4,2,4812,2,3,6.81,21.5
2019-03-05,2,5,1,3,4822,49,15,6.77,21.5
2019-03-05,2,5,2,4,4875,12,33,6.82,21.5
2019-03-05,2,5,5,5,4782,11,52,6.82,21.5
2019-03-05,2,5,6,6,4953,36,65,6.82,21.5
2019-03-05,2,6,2,1,4643,15,61,6.81,19.6
2019-03-05,2,6,1,2,4863,40,44,6.79,19.6
2019-03-05,2,6,3,3,4946,25,54,6.83,19.6
2019-03-05,2,6,5,4,4886,39,24,6.83,19.6
2019-03-05,2,6,4,5,4768,28,1,6.9,19.6
2019-03-05,2,6,6,6,4855,34,16,6.9,19.6
2019-03-05,2,7,4,1,4931,1,53,6.78,47.8
2019-03-05,2,7,2,2,4908,26,28,6.8,47.8
2019-03-05,2,7,3,3,4939,54,37,6.79,47.8
2019-03-05,2,7,6,4,4817,9,40,6.78,47.8
2019-03-05,2,7,1,5,4809,64,59,6.8,47.8
2019-03-05,2,7,5,6,5014,50,56,6.84,47.8
2019-03-05,2,8,1,1,4757,51,20,6.8,7.4
2019-03-05,2,8,4,2,4583,66,39,6.83,7.4
2019-03-05,2,8,2,3,4754,53,50,6.83,7.4
2019-03-05,2,8,6,4,5004,10,58,6.9,7.4
2019-03-05,2,8,5,5,4956,47,10,6.87,7.4
2019-03-05,2,8,3,6,4777,32,57,6.73,7.4
2019-03-05,2,9,4,1,4831,4,55,6.87,62.5
2019-03-05,2,9,3,2,4793,5,22,6.81,62.5
2019-03-05,2,9,2,3,4822,49,15,6.81,62.5
2019-03-05,2,9,1,4,4750,22,17,6.77,62.5
2019-03-05,2,9,5,5,4852,44,66,6.91,62.5
2019-03-05,2,9,6,6,4880,21,49,6.82,62.5
2019-03-05,2,10,1,1,4759,35,36,6.74,8.4
2019-03-05,2,10,5,2,4772,18,12,6.89,8.4
2019-03-05,2,10,2,3,4786,38,23,6.81,8.4
2019-03-05,2,10,4,4,4953,36,65,6.82,8.4
2019-03-05,2,10,6,5,4980,30,32,6.77,8.4
2019-03-05,2,10,3,6,4981,63,30,6.87,8.4
2019-03-05,2,11,5,1,4847,8,64,6.83,79.1
2019-03-05,2,11,1,2,4812,2,3,6.79,79.1
2019-03-05,2,11,4,3,4643,15,61,6.81,79.1
2019-03-05,2,11,2,4,4856,20,7,6.78,79.1
2019-03-05,2,11,3,5,4803,31,62,6.82,79.1
2019-03-05,2,11,6,6,5002,33,27,6.84,79.1
2019-03-05,2,12,1,1,4760,61,46,6.77,50.0
2019-03-05,2,12,4,2,4778,55,29,6.82,50.0
2019-03-05,2,12,3,3,4886,39,24,6.89,50.0
2019-03-05,2,12,2,4,4939,54,37,6.82,50.0
2019-03-05,2,12,5,5,4776,65,60,6.87,50.0
2019-03-05,2,12,6,6,4802,17,45,6.86,50.0
2019-03-06,3,3,3,1,4856,20,7,6.81,16.1
2019-03-06,3,3,4,2,4772,18,12,6.8,16.1
2019-03-06,3,3,6,3,4822,49,15,6.79,16.1
2019-03-06,3,3,2,4,4863,40,44,6.85,16.1
2019-03-06,3,3,5,5,4980,30,32,6.76,16.1
2019-03-06,3,3,1,6,4943,37,25,6.8,16.1
2019-03-06,3,5,1,1,4802,17,45,6.78,5.7
2019-03-06,3,5,3,2,4757,51,20,6.91,5.7
2019-03-06,3,5,4,3,4759,35,36,6.76,5.7
2019-03-06,3,5,5,4,4809,64,59,6.87,5.7
2019-03-06,3,5,2,5,5002,33,27,6.75,5.7
2019-03-06,3,5,6,6,5004,10,58,6.86,5.7
2019-03-06,3,6,3,1,4953,36,65,6.86,377.8
2019-03-06,3,6,6,2,4786,38,23,6.91,377.8
2019-03-06,3,6,2,3,4886,39,24,6.95,377.8
2019-03-06,3,6,5,4,4931,1,53,6.82,377.8
2019-03-06,3,6,1,5,4956,47,10,6.9,377.8
2019-03-06,3,6,4,6,4855,34,16,6.96,377.8
2019-03-06,3,7,5,1,4778,55,29,6.87,477.9
2019-03-06,3,7,2,2,4583,66,39,6.79,477.9
2019-03-06,3,7,3,3,4831,4,55,6.93,477.9
2019-03-06,3,7,1,4,4876,43,13,6.83,477.9
2019-03-06,3,7,4,5,4847,8,64,6.9,477.9
2019-03-06,3,7,6,6,4777,32,57,6.76,477.9
2019-03-06,3,9,4,1,4776,65,60,6.96,288.3
2019-03-06,3,9,2,2,4760,61,46,6.89,288.3
2019-03-06,3,9,5,3,5014,50,56,6.91,288.3
2019-03-06,3,9,3,4,4809,64,59,6.87,288.3
2019-03-06,3,9,1,5,4856,20,7,6.84,288.3
2019-03-06,3,9,6,6,4782,11,38,6.89,288.3
2019-03-06,3,10,5,1,4643,15,61,6.84,108.8
2019-03-06,3,10,2,2,4786,38,23,6.84,108.8
2019-03-06,3,10,6,3,4866,41,26,6.97,108.8
2019-03-06,3,10,3,4,4863,40,44,6.93,108.8
2019-03-06,3,10,4,5,4793,5,22,6.84,108.8
2019-03-06,3,10,1,6,4908,26,28,6.81,108.8
2019-03-06,3,12,1,1,4757,51,20,6.79,5.1
2019-03-06,3,12,3,2,4754,53,50,6.79,5.1
2019-03-06,3,12,5,3,4831,4,55,6.84,5.1
2019-03-06,3,12,4,4,4875,12,33,6.85,5.1
2019-03-06,3,12,6,5,4852,44,9,6.93,5.1
2019-03-06,3,12,2,6,4855,34,16,6.89,5.1
2019-03-07,4,1,3,1,4931,1,53,6.7,108.6
2019-03-07,4,1,1,2,4776,65,60,6.76,108.6
2019-03-07,4,1,6,3,5004,10,58,6.83,108.6
2019-03-07,4,1,4,4,5014,50,56,6.78,108.6
2019-03-07,4,1,2,5,4953,36,65,6.77,108.6
2019-03-07,4,1,5,6,4777,32,57,6.77,108.6
2019-03-07,4,5,3,1,4759,35,36,6.71,36.5
2019-03-07,4,5,2,2,4793,5,22,6.77,36.5
2019-03-07,4,5,4,3,4757,51,20,6.83,36.5
2019-03-07,4,5,1,4,4855,34,16,6.82,36.5
2019-03-07,4,5,5,5,4953,36,65,6.76,36.5
2019-03-07,4,5,6,6,4863,40,44,6.77,36.5
2019-03-07,4,6,4,1,4812,2,3,6.78,99.5
2019-03-07,4,6,6,2,4980,30,32,6.78,99.5
2019-03-07,4,6,2,3,4852,44,9,6.79,99.5
2019-03-07,4,6,1,4,4760,61,46,6.73,99.5
2019-03-07,4,6,3,5,4782,11,38,6.76,99.5
2019-03-07,4,6,5,6,5004,10,58,6.84,99.5
2019-03-07,4,7,5,1,4754,53,50,6.78,71.0
2019-03-07,4,7,6,2,4931,1,53,6.8,71.0
2019-03-07,4,7,1,3,4939,54,37,6.82,71.0
2019-03-07,4,7,3,4,4831,4,55,6.78,71.0
2019-03-07,4,7,2,5,4981,63,30,6.86,71.0
2019-03-07,4,7,4,6,4988,19,14,6.96,71.0
2019-03-07,4,8,1,1,4772,18,12,6.77,9.7
2019-03-07,4,8,2,2,4847,8,64,6.71,9.7
2019-03-07,4,8,3,3,4871,48,34,6.71,9.7
2019-03-07,4,8,4,4,4822,49,15,6.74,9.7
2019-03-07,4,8,5,5,4803,31,11,6.79,9.7
2019-03-07,4,8,6,6,4946,25,54,6.75,9.7
2019-03-07,4,9,1,1,4817,9,40,6.76,29.7
2019-03-07,4,9,2,2,4776,65,60,6.82,29.7
2019-03-07,4,9,6,3,4778,55,29,6.77,29.7
2019-03-07,4,9,3,4,4786,38,23,6.78,29.7
2019-03-07,4,9,5,5,4876,43,13,6.88,29.7
2019-03-07,4,9,4,6,4809,64,63,6.76,29.7
2019-03-07,4,10,3,1,4856,20,7,6.75,41.5
2019-03-07,4,10,4,2,4759,35,36,6.65,41.5
2019-03-07,4,10,1,3,4812,2,3,6.75,41.5
2019-03-07,4,10,2,4,4777,32,57,6.77,41.5
2019-03-07,4,10,6,5,4908,26,28,6.76,41.5
2019-03-07,4,10,5,6,5002,33,27,6.8,41.5
2019-03-07,4,11,4,1,4980,30,32,6.74,1433.2
2019-03-07,4,11,3,2,4880,21,49,6.8,1433.2
2019-03-07,4,11,6,3,4757,51,20,6.77,1433.2
2019-03-07,4,11,1,4,4643,15,61,6.65,1433.2
2019-03-07,4,11,2,5,4583,66,39,6.62,1433.2
2019-03-07,4,11,5,6,4939,54,37,6.79,1433.2
2019-03-07,4,12,1,1,4831,4,55,6.67,6.9
2019-03-07,4,12,3,2,4760,61,46,6.74,6.9
2019-03-07,4,12,5,3,4772,18,12,6.81,6.9
2019-03-07,4,12,2,4,4802,17,31,6.77,6.9
2019-03-07,4,12,6,5,4886,39,24,6.73,6.9
2019-03-07,4,12,4,6,4956,47,4,6.78,6.9
2019-03-08,5,1,1,1,4886,39,24,6.77,46.0
2019-03-08,5,1,5,2,4863,40,44,6.83,46.0
2019-03-08,5,1,6,3,4980,30,32,6.7,46.0
2019-03-08,5,1,3,4,4750,22,17,6.65,46.0
2019-03-08,5,1,2,5,4946,25,54,6.71,46.0
2019-03-08,5,1,4,6,4953,36,65,6.74,46.0
2019-03-08,5,3,4,1,4931,1,53,6.84,61.9
2019-03-08,5,3,1,2,4871,48,34,6.78,61.9
2019-03-08,5,3,5,3,4754,53,50,6.78,61.9
2019-03-08,5,3,2,4,4943,37,25,6.82,61.9
2019-03-08,5,3,3,5,4776,65,60,6.82,61.9
2019-03-08,5,3,6,6,4822,49,15,6.74,61.9
2019-03-08,5,5,1,1,4908,26,28,6.72,8.4
2019-03-08,5,5,4,2,4831,4,55,6.75,8.4
2019-03-08,5,5,3,3,4939,54,37,6.79,8.4
2019-03-08,5,5,5,4,4803,31,11,6.88,8.4
2019-03-08,5,5,2,5,4847,8,64,6.75,8.4
2019-03-08,5,5,6,6,5004,10,58,6.85,8.4
2019-03-08,5,6,2,1,4760,61,46,6.79,165.3
2019-03-08,5,6,6,2,4812,2,3,6.82,165.3
2019-03-08,5,6,5,3,4855,34,16,6.91,165.3
2019-03-08,5,6,4,4,4583,66,39,6.67,165.3
2019-03-08,5,6,3,5,4793,5,6,6.81,165.3
2019-03-08,5,6,1,6,4778,55,29,6.69,165.3
2019-03-08,5,7,4,1,4757,51,20,6.77,89.9
2019-03-08,5,7,1,2,4856,20,7,6.73,89.9
2019-03-08,5,7,2,3,4956,47,4,6.73,89.9
2019-03-08,5,7,6,4,4643,15,61,6.73,89.9
2019-03-08,5,7,3,5,4822,49,15,6.72,89.9
2019-03-08,5,7,5,6,4875,12,33,6.75,89.9
2019-03-08,5,8,1,1,4786,38,23,6.74,5.7
2019-03-08,5,8,4,2,4817,9,40,6.76,5.7
2019-03-08,5,8,2,3,4802,17,31,6.82,5.7
2019-03-08,5,8,6,4,4981,63,30,6.8,5.7
2019-03-08,5,8,5,5,4953,36,65,6.79,5.7
2019-03-08,5,8,3,6,4880,21,49,6.78,5.7
2019-03-08,5,9,5,1,4908,26,28,6.82,100.9
2019-03-08,5,9,1,2,4759,35,36,6.73,100.9
2019-03-08,5,9,3,3,4847,8,64,6.75,100.9
2019-03-08,5,9,2,4,4772,18,12,6.72,100.9
2019-03-08,5,9,4,5,4776,65,60,6.85,100.9
2019-03-08,5,9,6,6,4871,48,34,6.74,100.9
2019-03-08,5,10,1,1,4757,51,20,6.81,13.2
2019-03-08,5,10,3,2,4583,66,39,6.77,13.2
2019-03-08,5,10,4,3,4760,61,46,6.77,13.2
2019-03-08,5,10,2,4,4754,53,50,6.75,13.2
2019-03-08,5,10,5,5,4939,54,37,6.82,13.2
2019-03-08,5,10,6,6,4886,39,24,6.82,13.2
2019-03-08,5,11,1,1,4643,15,61,6.72,9.6
2019-03-08,5,11,2,2,4931,1,53,6.79,9.6
2019-03-08,5,11,3,3,4831,4,55,6.82,9.6
2019-03-08,5,11,4,4,4786,38,23,6.82,9.6
2019-03-08,5,11,6,5,4778,55,29,6.78,9.6
2019-03-08,5,11,5,6,4856,20,7,6.86,9.6
2019-03-08,5,12,1,1,4802,17,31,6.74,14.9
2019-03-08,5,12,3,2,4855,34,16,6.92,14.9
2019-03-08,5,12,4,3,4812,2,3,6.86,14.9
2019-03-08,5,12,5,4,4943,37,25,6.77,14.9
2019-03-08,5,12,6,5,4750,22,17,6.87,14.9
2019-03-08,5,12,2,6,4876,43,13,6.83,14.9
2019-03-09,6,1,1,1,4852,44,9,6.75,10.8
2019-03-09,6,1,2,2,5002,33,27,6.73,10.8
2019-03-09,6,1,4,3,4863,40,44,6.87,10.8
2019-03-09,6,1,3,4,4946,25,54,6.82,10.8
2019-03-09,6,1,5,5,4876,43,13,6.87,10.8
2019-03-09,6,1,6,6,5014,50,56,6.85,10.8
2019-03-09,6,2,1,1,4750,22,17,6.76,10.1
2019-03-09,6,2,2,2,4803,31,11,6.78,10.1
2019-03-09,6,2,6,3,4793,5,6,6.87,10.1
2019-03-09,6,2,4,4,4880,21,49,6.78,10.1
2019-03-09,6,2,3,5,4956,47,4,6.81,10.1
2019-03-09,6,2,5,6,5004,10,58,6.83,10.1
2019-03-09,6,3,2,1,4778,55,29,6.76,86.2
2019-03-09,6,3,4,2,4809,64,63,6.82,86.2
2019-03-09,6,3,6,3,4760,61,46,6.8,86.2
2019-03-09,6,3,5,4,4817,9,40,6.82,86.2
2019-03-09,6,3,3,5,4988,19,14,6.87,86.2
2019-03-09,6,3,1,6,4871,48,34,6.73,86.2
2019-03-09,6,4,1,1,4754,53,50,6.7,5.4
2019-03-09,6,4,2,2,4786,38,23,6.7,5.4
2019-03-09,6,4,6,3,4802,17,31,6.78,5.4
2019-03-09,6,4,5,4,4980,30,32,6.79,5.4
2019-03-09,6,4,3,5,4943,37,25,6.74,5.4
2019-03-09,6,4,4,6,4875,12,33,6.78,5.4
2019-03-09,6,5,1,1,4847,8,64,6.71,5.6
2019-03-09,6,5,2,2,4939,54,37,6.76,5.6
2019-03-09,6,5,4,3,4812,2,3,6.82,5.6
2019-03-09,6,5,6,4,4782,11,38,6.83,5.6
2019-03-09,6,5,5,5,4777,32,57,6.78,5.6
2019-03-09,6,5,3,6,5002,33,27,6.77,5.6
2019-03-09,6,6,1,1,4776,65,60,6.85,24.4
2019-03-09,6,6,6,2,4831,4,55,6.87,24.4
2019-03-09,6,6,3,3,4880,21,49,6.91,24.4
2019-03-09,6,6,4,4,4822,49,15,6.8,24.4
2019-03-09,6,6,2,5,4953,36,65,6.77,24.4
2019-03-09,6,6,5,6,4946,25,54,6.82,24.4
2019-03-09,6,7,1,1,4886,39,24,6.83,3.8
2019-03-09,6,7,2,2,4856,20,7,6.8,3.8
2019-03-09,6,7,3,3,4817,9,40,6.86,3.8
2019-03-09,6,7,4,4,4803,31,11,6.84,3.8
2019-03-09,6,7,6,5,4981,63,30,6.83,3.8
2019-03-09,6,7,5,6,5014,50,56,6.86,3.8
2019-03-09,6,8,1,1,4772,18,12,6.86,11.7
2019-03-09,6,8,4,2,4852,44,9,6.86,11.7
2019-03-09,6,8,3,3,4809,64,63,6.9,11.7
2019-03-09,6,8,6,4,4980,30,32,6.81,11.7
2019-03-09,6,8,5,5,4956,47,4,6.93,11.7
2019-03-09,6,8,2,6,4855,34,16,6.92,11.7
2019-03-09,6,9,5,1,4802,17,31,6.9,1739.8
2019-03-09,6,9,6,2,5004,10,58,6.85,1739.8
2019-03-09,6,9,4,3,4777,32,57,6.74,1739.8
2019-03-09,6,9,2,4,4863,40,44,6.82,1739.8
2019-03-09,6,9,1,5,4822,49,15,6.79,1739.8
2019-03-09,6,9,3,6,4812,2,3,6.82,1739.8
2019-03-09,6,10,1,1,4760,61,46,6.75,19.8
2019-03-09,6,10,4,2,4776,65,60,6.87,19.8
2019-03-09,6,10,5,3,4856,20,7,6.9,19.8
2019-03-09,6,10,2,4,4754,53,50,6.81,19.8
2019-03-09,6,10,3,5,4786,38,23,6.88,19.8
2019-03-09,6,10,6,6,4871,48,34,6.81,19.8
2019-03-09,6,11,3,1,4772,18,12,6.8,188.8
2019-03-09,6,11,2,2,4847,8,64,6.81,188.8
2019-03-09,6,11,4,3,4939,54,37,6.8,188.8
2019-03-09,6,11,1,4,4831,4,55,6.84,188.8
2019-03-09,6,11,5,5,4778,55,29,6.81,188.8
2019-03-09,6,11,6,6,4886,39,24,6.8,188.8
2019-03-09,6,12,1,1,4643,15,61,6.77,20.7
2019-03-09,6,12,4,2,4759,35,36,6.74,20.7
2019-03-09,6,12,3,3,4908,26,28,6.77,20.7
2019-03-09,6,12,6,4,4583,66,39,6.73,20.7
2019-03-09,6,12,5,5,4931,1,53,6.74,20.7
2019-03-09,6,12,2,6,4757,51,20,6.77,20.7
2019-03-14,1,1,1,1,4678,16,24,6.8,9.9
2019-03-14,1,1,2,2,4740,47,39,6.82,9.9
2019-03-14,1,1,5,3,4552,34,52,6.79,9.9
2019-03-14,1,1,3,4,4909,32,20,6.69,9.9
2019-03-14,1,1,6,5,4187,24,15,6.77,9.9
2019-03-14,1,1,4,6,4849,61,59,6.84,9.9
2019-03-14,1,2,5,1,4998,45,34,6.72,431.9
2019-03-14,1,2,2,2,4212,63,61,6.79,431.9
2019-03-14,1,2,4,3,4047,3,14,6.8,431.9
2019-03-14,1,2,3,4,4746,21,12,6.8,431.9
2019-03-14,1,2,1,5,4185,13,57,6.76,431.9
2019-03-14,1,2,6,6,5003,7,41,6.81,431.9
2019-03-14,1,3,5,1,4159,52,18,6.76,46.9
2019-03-14,1,3,6,2,3606,5,47,6.83,46.9
2019-03-14,1,3,3,3,4114,25,44,6.77,46.9
2019-03-14,1,3,2,4,4249,66,37,6.76,46.9
2019-03-14,1,3,4,5,3409,19,35,6.93,46.9
2019-03-14,1,3,1,6,3694,60,3,6.83,46.9
2019-03-14,1,4,3,1,4373,29,51,6.7,77.4
2019-03-14,1,4,1,2,2958,27,38,6.77,77.4
2019-03-14,1,4,5,3,4030,28,50,6.83,77.4
2019-03-14,1,4,6,4,4097,64,49,6.8,77.4
2019-03-14,1,4,2,5,4194,62,5,6.9,77.4
2019-03-14,1,4,4,6,4148,18,62,6.74,77.4
2019-03-14,1,5,1,1,3873,23,25,6.88,6.4
2019-03-14,1,5,3,2,4522,39,2,6.9,6.4
2019-03-14,1,5,4,3,4044,55,1,6.77,6.4
2019-03-14,1,5,2,4,4909,32,20,6.75,6.4
2019-03-14,1,5,5,5,4273,9,63,6.82,6.4
2019-03-14,1,5,6,6,4994,46,30,6.85,6.4
2019-03-14,1,6,5,1,4624,59,60,6.84,30.7
2019-03-14,1,6,2,2,4530,58,19,6.82,30.7
2019-03-14,1,6,3,3,3568,6,43,6.86,30.7
2019-03-14,1,6,6,4,3467,14,29,6.93,30.7
2019-03-14,1,6,4,5,5003,7,41,6.86,30.7
2019-03-14,1,6,1,6,3642,50,21,6.8,30.7
2019-03-14,1,7,2,1,4504,57,56,6.8,15.0
2019-03-14,1,7,4,2,4415,54,58,6.73,15.0
2019-03-14,1,7,6,3,3514,10,65,6.85,15.0
2019-03-14,1,7,5,4,4219,56,6,6.81,15.0
2019-03-14,1,7,3,5,4187,24,15,6.83,15.0
2019-03-14,1,7,1,6,3485,36,40,6.74,15.0
2019-03-14,1,8,1,1,4072,44,8,6.81,10.7
2019-03-14,1,8,3,2,2958,27,38,6.87,10.7
2019-03-14,1,8,4,3,4677,38,32,6.81,10.7
2019-03-14,1,8,2,4,3409,19,35,6.91,10.7
2019-03-14,1,8,5,5,4849,61,59,6.87,10.7
2019-03-14,1,8,6,6,4998,45,34,6.77,10.7
2019-03-14,1,9,1,1,4522,39,2,6.81,11.7
2019-03-14,1,9,3,2,4097,64,49,6.82,11.7
2019-03-14,1,9,6,3,2878,11,26,6.78,11.7
2019-03-14,1,9,4,4,3075,12,36,6.92,11.7
2019-03-14,1,9,5,5,4249,66,37,6.75,11.7
2019-03-14,1,9,2,6,4552,34,52,6.88,11.7
2019-03-14,1,10,1,1,4148,18,62,6.81,23.8
2019-03-14,1,10,2,2,4746,21,12,6.71,23.8
2019-03-14,1,10,3,3,3873,23,25,6.85,23.8
2019-03-14,1,10,4,4,4624,59,60,6.69,23.8
2019-03-14,1,10,5,5,4740,47,39,6.84,23.8
2019-03-14,1,10,6,6,4114,25,44,6.87,23.8
2019-03-14,1,11,1,1,3568,6,43,6.78,34.2
2019-03-14,1,11,4,2,4678,16,24,6.83,34.2
2019-03-14,1,11,3,3,4159,52,18,6.79,34.2
2019-03-14,1,11,5,4,4415,54,58,6.7,34.2
2019-03-14,1,11,2,5,4373,29,51,6.81,34.2
2019-03-14,1,11,6,6,4047,3,14,6.87,34.2
2019-03-15,2,1,2,1,4219,56,6,6.87,25.7
2019-03-15,2,1,1,2,2878,11,26,6.86,25.7
2019-03-15,2,1,4,3,3642,50,21,6.91,25.7
2019-03-15,2,1,5,4,4909,32,20,6.8,25.7
2019-03-15,2,1,3,5,4194,62,5,6.85,25.7
2019-03-15,2,1,6,6,3694,60,3,6.91,25.7
2019-03-15,2,2,1,1,4187,24,15,6.77,22.7
2019-03-15,2,2,2,2,4273,9,63,6.78,22.7
2019-03-15,2,2,6,3,3485,36,40,6.89,22.7
2019-03-15,2,2,4,4,3467,14,29,6.93,22.7
2019-03-15,2,2,3,5,4552,34,52,6.85,22.7
2019-03-15,2,2,5,6,4994,46,30,6.89,22.7
2019-03-15,2,3,1,1,4097,64,49,6.85,23.8
2019-03-15,2,3,5,2,3568,6,43,6.87,23.8
2019-03-15,2,3,2,3,4677,38,32,6.85,23.8
2019-03-15,2,3,6,4,4678,16,24,6.87,23.8
2019-03-15,2,3,3,5,4212,63,61,6.84,23.8
2019-03-15,2,3,4,6,2958,27,38,6.78,23.8
2019-03-15,2,4,1,1,4114,25,44,6.81,60.1
2019-03-15,2,4,6,2,3873,23,25,6.86,60.1
2019-03-15,2,4,5,3,3075,12,36,6.96,60.1
2019-03-15,2,4,4,4,4998,45,34,6.74,60.1
2019-03-15,2,4,3,5,3606,5,47,6.85,60.1
2019-03-15,2,4,2,6,4185,13,57,6.87,60.1
2019-03-15,2,5,1,1,3514,10,65,6.8,47.1
2019-03-15,2,5,5,2,4746,21,12,6.87,47.1
2019-03-15,2,5,4,3,4030,28,50,6.92,47.1
2019-03-15,2,5,3,4,4249,66,37,6.88,47.1
2019-03-15,2,5,2,5,4415,54,58,6.72,47.1
2019-03-15,2,5,6,6,3642,50,21,6.9,47.1
2019-03-15,2,6,1,1,4047,3,14,6.82,15.0
2019-03-15,2,6,2,2,4072,44,8,6.9,15.0
2019-03-15,2,6,3,3,4740,47,39,6.9,15.0
2019-03-15,2,6,4,4,4373,29,51,6.8,15.0
2019-03-15,2,6,6,5,4148,18,62,6.93,15.0
2019-03-15,2,6,5,6,5003,7,41,6.85,15.0
2019-03-15,2,8,1,1,4504,57,56,6.8,12.0
2019-03-15,2,8,3,2,4273,9,63,6.9,12.0
2019-03-15,2,8,2,3,4624,59,60,6.82,12.0
2019-03-15,2,8,4,4,2878,11,26,6.88,12.0
2019-03-15,2,8,5,5,4212,63,61,6.85,12.0
2019-03-15,2,8,6,6,4185,13,57,6.88,12.0
2019-03-15,2,9,1,1,4030,28,50,6.91,10.0
2019-03-15,2,9,5,2,4677,38,32,6.87,10.0
2019-03-15,2,9,6,3,4522,39,2,6.75,10.0
2019-03-15,2,9,2,4,3075,12,36,6.91,10.0
2019-03-15,2,9,3,5,3694,60,3,6.96,10.0
2019-03-15,2,9,4,6,4994,46,30,6.82,10.0
2019-03-15,2,10,1,1,3606,5,47,6.77,4.7
2019-03-15,2,10,2,2,4159,52,18,6.78,4.7
2019-03-15,2,10,4,3,3514,10,65,6.79,4.7
2019-03-15,2,10,6,4,4072,44,8,6.83,4.7
2019-03-15,2,10,3,5,3485,36,40,6.88,4.7
2019-03-15,2,10,5,6,4194,62,5,6.84,4.7
2019-03-15,2,12,1,1,4530,58,19,6.74,5.0
2019-03-15,2,12,2,2,4678,16,24,6.78,5.0
2019-03-15,2,12,5,3,4373,29,51,6.74,5.0
2019-03-15,2,12,3,4,4909,32,20,6.8,5.0
2019-03-15,2,12,6,5,4998,45,34,6.82,5.0
2019-03-15,2,12,4,6,4746,21,12,6.8,5.0
2019-03-16,3,1,1,1,4159,52,18,6.93,12.1
2019-03-16,3,1,2,2,2958,27,38,6.9,12.1
2019-03-16,3,1,6,3,4998,45,34,6.9,12.1
2019-03-16,3,1,5,4,3694,60,3,6.99,12.1
2019-03-16,3,1,3,5,4194,62,5,6.96,12.1
2019-03-16,3,1,4,6,4187,24,15,6.92,12.1
2019-03-16,3,2,3,1,3485,36,40,6.88,119.6
2019-03-16,3,2,6,2,4740,47,39,6.86,119.6
2019-03-16,3,2,4,3,4909,32,20,6.74,119.6
2019-03-16,3,2,2,4,3642,50,21,6.84,119.6
2019-03-16,3,2,1,5,4249,66,37,6.72,119.6
2019-03-16,3,2,5,6,5003,7,41,6.8,119.6
2019-03-16,3,3,2,1,4114,25,44,6.83,167.4
2019-03-16,3,3,1,2,4273,9,63,6.85,167.4
2019-03-16,3,3,5,3,4530,58,19,6.86,167.4
2019-03-16,3,3,4,4,4552,34,52,6.86,167.4
2019-03-16,3,3,6,5,3568,6,43,6.81,167.4
2019-03-16,3,3,3,6,3514,10,65,6.77,167.4
2019-03-16,3,4,3,1,4415,54,58,6.72,32.2
2019-03-16,3,4,5,2,2878,11,26,6.82,32.2
2019-03-16,3,4,2,3,3873,23,33,6.77,32.2
2019-03-16,3,4,1,4,4746,21,12,6.82,32.2
2019-03-16,3,4,4,5,4097,64,49,6.84,32.2
2019-03-16,3,4,6,6,4212,63,61,6.86,32.2
2019-03-16,3,5,1,1,4677,38,32,6.73,4.6
2019-03-16,3,5,3,2,3606,5,47,6.86,4.6
2019-03-16,3,5,4,3,4148,18,62,6.92,4.6
2019-03-16,3,5,2,4,4047,3,14,6.85,4.6
2019-03-16,3,5,5,5,4185,13,57,6.87,4.6
2019-03-16,3,5,6,6,4994,46,30,6.9,4.6
2019-03-16,3,6,1,1,4624,59,60,6.74,13.8
2019-03-16,3,6,5,2,4044,55,1,6.82,13.8
2019-03-16,3,6,6,3,4030,28,50,6.91,13.8
2019-03-16,3,6,3,4,4072,44,8,6.84,13.8
2019-03-16,3,6,4,5,3642,50,21,6.84,13.8
2019-03-16,3,6,2,6,3467,14,29,6.81,13.8
2019-03-16,3,7,4,1,4522,39,2,6.8,40.7
2019-03-16,3,7,1,2,4219,56,6,6.82,40.7
2019-03-16,3,7,2,3,4678,16,24,6.84,40.7
2019-03-16,3,7,3,4,4552,34,52,6.85,40.7
2019-03-16,3,7,5,5,4504,57,56,6.84,40.7
2019-03-16,3,7,6,6,3409,19,35,6.97,40.7
2019-03-16,3,8,2,1,4415,54,58,6.67,9.2
2019-03-16,3,8,1,2,4373,29,51,6.83,9.2
2019-03-16,3,8,3,3,4114,25,44,6.81,9.2
2019-03-16,3,8,4,4,3075,12,36,6.86,9.2
2019-03-16,3,8,5,5,4187,24,15,6.83,9.2
2019-03-16,3,8,6,6,5003,7,41,6.88,9.2
2019-03-16,3,9,1,1,3568,6,43,6.86,5.9
2019-03-16,3,9,2,2,4159,52,18,6.81,5.9
2019-03-16,3,9,4,3,3514,10,65,6.81,5.9
2019-03-16,3,9,3,4,4097,64,49,6.86,5.9
2019-03-16,3,9,6,5,4047,3,14,6.84,5.9
2019-03-16,3,9,5,6,4677,38,32,6.92,5.9
2019-03-16,3,10,1,1,4044,55,1,6.76,6.7
2019-03-16,3,10,2,2,4530,58,19,6.82,6.7
2019-03-16,3,10,3,3,4678,16,24,6.84,6.7
2019-03-16,3,10,4,4,3606,5,47,6.79,6.7
2019-03-16,3,10,6,5,3467,14,29,6.83,6.7
2019-03-16,3,10,5,6,4746,21,12,6.78,6.7
2019-03-16,3,11,1,1,4504,57,56,6.75,9.2
2019-03-16,3,11,3,2,3873,23,33,6.79,9.2
2019-03-16,3,11,2,3,4522,39,2,6.71,9.2
2019-03-16,3,11,5,4,4624,59,60,6.76,9.2
2019-03-16,3,11,6,5,4373,29,51,6.76,9.2
2019-03-16,3,11,4,6,4072,44,8,6.84,9.2
2019-03-16,3,12,1,1,3075,12,36,6.84,37.1
2019-03-16,3,12,3,2,3409,19,35,6.81,37.1
2019-03-16,3,12,2,3,4030,28,50,6.86,37.1
2019-03-16,3,12,5,4,4148,18,62,6.82,37.1
2019-03-16,3,12,4,5,2878,11,26,6.83,37.1
2019-03-16,3,12,6,6,4194,62,5,6.89,37.1
2019-03-17,4,1,1,1,3409,19,35,6.82,16.8
2019-03-17,4,1,5,2,2958,27,38,6.86,16.8
2019-03-17,4,1,2,3,3485,36,40,6.84,16.8
2019-03-17,4,1,4,4,4212,63,61,6.87,16.8
2019-03-17,4,1,3,5,4909,32,20,6.82,16.8
2019-03-17,4,1,6,6,4998,45,34,6.8,16.8
2019-03-17,4,2,1,1,4194,62,5,6.81,16.2
2019-03-17,4,2,3,2,4185,13,57,6.78,16.2
2019-03-17,4,2,4,3,4552,34,52,6.81,16.2
2019-03-17,4,2,5,4,3642,50,21,6.84,16.2
2019-03-17,4,2,2,5,3694,60,3,6.82,16.2
2019-03-17,4,2,6,6,4249,66,37,6.78,16.2
2019-03-17,4,3,1,1,4740,47,39,6.79,14.1
2019-03-17,4,3,4,2,2878,11,26,6.9,14.1
2019-03-17,4,3,3,3,4219,56,6,6.79,14.1
2019-03-17,4,3,6,4,3075,12,36,6.83,14.1
2019-03-17,4,3,2,5,4746,21,12,6.76,14.1
2019-03-17,4,3,5,6,4994,46,30,6.83,14.1
2019-03-17,4,4,3,1,4148,18,62,6.83,45.4
2019-03-17,4,4,4,2,4097,64,49,6.82,45.4
2019-03-17,4,4,1,3,3467,14,29,6.81,45.4
2019-03-17,4,4,2,4,4187,24,15,6.77,45.4
2019-03-17,4,4,5,5,3514,10,65,6.84,45.4
2019-03-17,4,4,6,6,4273,9,63,6.85,45.4
2019-03-17,4,5,1,1,3606,5,47,6.84,5.3
2019-03-17,4,5,4,2,4030,28,50,6.88,5.3
2019-03-17,4,5,2,3,4624,59,60,6.86,5.3
2019-03-17,4,5,3,4,4114,25,44,6.83,5.3
2019-03-17,4,5,5,5,4998,45,34,6.75,5.3
2019-03-17,4,5,6,6,5003,7,41,6.74,5.3
2019-03-17,4,6,6,1,4415,54,58,6.7,29.2
2019-03-17,4,6,1,2,4047,3,14,6.81,29.2
2019-03-17,4,6,3,3,2958,27,38,6.88,29.2
2019-03-17,4,6,2,4,4373,29,51,6.83,29.2
2019-03-17,4,6,4,5,3694,60,3,6.98,29.2
2019-03-17,4,6,5,6,4678,16,24,6.83,29.2
2019-03-17,4,7,2,1,4677,38,32,6.88,12.3
2019-03-17,4,7,6,2,4522,39,2,6.81,12.3
2019-03-17,4,7,3,3,3075,12,36,6.92,12.3
2019-03-17,4,7,5,4,3485,36,40,6.91,12.3
2019-03-17,4,7,4,5,4185,13,57,6.88,12.3
2019-03-17,4,7,1,6,4212,63,61,6.88,12.3
2019-03-17,4,8,2,1,4148,18,62,6.78,13.0
2019-03-17,4,8,1,2,4072,44,8,6.82,13.0
2019-03-17,4,8,5,3,4740,47,39,6.91,13.0
2019-03-17,4,8,4,4,3409,19,35,6.86,13.0
2019-03-17,4,8,6,5,4994,46,30,6.86,13.0
2019-03-17,4,8,3,6,4249,66,37,6.78,13.0
2019-03-17,4,9,3,1,4415,54,58,6.72,18.1
2019-03-17,4,9,1,2,4030,28,50,6.85,18.1
2019-03-17,4,9,5,3,4114,25,44,6.77,18.1
2019-03-17,4,9,2,4,2878,11,26,6.89,18.1
2019-03-17,4,9,6,5,4219,56,6,6.83,18.1
2019-03-17,4,9,4,6,4273,9,63,6.79,18.1
2019-03-17,4,10,1,1,3514,10,65,6.73,3.8
2019-03-17,4,10,2,2,3606,5,47,6.8,3.8
2019-03-17,4,10,3,3,4624,59,60,6.77,3.8
2019-03-17,4,10,5,4,4373,29,51,6.75,3.8
2019-03-17,4,10,4,5,4047,3,14,6.92,3.8
2019-03-17,4,10,6,6,4746,21,12,6.77,3.8
2019-03-17,4,11,1,1,4522,39,2,6.69,9.8
2019-03-17,4,11,2,2,4678,16,23,6.76,9.8
2019-03-17,4,11,6,3,4677,38,32,6.91,9.8
2019-03-17,4,11,3,4,4097,64,49,6.76,9.8
2019-03-17,4,11,5,5,4072,44,8,6.87,9.8
2019-03-17,4,11,4,6,3467,14,29,6.84,9.8
2019-03-17,4,12,1,1,4504,57,56,6.84,7.7
2019-03-17,4,12,2,2,4044,55,1,6.74,7.7
2019-03-17,4,12,4,3,4159,52,18,6.83,7.7
2019-03-17,4,12,5,4,4530,58,19,6.81,7.7
2019-03-17,4,12,3,5,3568,6,43,6.89,7.7
2019-03-17,4,12,6,6,3873,23,33,6.82,7.7
2019-03-20,1,1,4,1,3715,13,10,6.87,89.1
2019-03-20,1,1,1,2,4154,9,53,6.75,89.1
2019-03-20,1,1,3,3,4008,16,21,6.84,89.1
2019-03-20,1,1,6,4,4202,56,7,6.82,89.1
2019-03-20,1,1,5,5,4436,60,26,6.86,89.1
2019-03-20,1,1,2,6,3315,15,18,6.88,89.1
2019-03-20,1,2,1,1,3578,4,4,6.8,16.4
2019-03-20,1,2,3,2,4538,63,58,6.78,16.4
2019-03-20,1,2,6,3,3352,3,13,6.92,16.4
2019-03-20,1,2,2,4,4343,27,35,6.83,16.4
2019-03-20,1,2,4,5,3508,47,15,6.86,16.4
2019-03-20,1,2,5,6,4623,38,8,6.87,16.4
2019-03-20,1,3,1,1,4252,50,60,6.74,30.6
2019-03-20,1,3,6,2,3200,51,29,6.85,30.6
2019-03-20,1,3,3,3,3837,35,31,6.83,30.6
2019-03-20,1,3,5,4,4377,40,41,6.85,30.6
2019-03-20,1,3,2,5,4068,18,2,6.78,30.6
2019-03-20,1,3,4,6,4888,1,59,6.79,30.6
2019-03-20,1,5,1,1,4131,58,17,6.8,9.4
2019-03-20,1,5,4,2,4430,14,47,6.81,9.4
2019-03-20,1,5,3,3,4136,6,3,6.85,9.4
2019-03-20,1,5,2,4,4666,53,52,6.83,9.4
2019-03-20,1,5,6,5,4375,2,37,6.91,9.4
2019-03-20,1,5,5,6,4202,56,7,6.83,9.4
2019-03-20,1,6,4,1,4343,27,35,6.73,150.3
2019-03-20,1,6,2,2,4055,30,12,6.81,150.3
2019-03-20,1,6,1,3,3922,31,25,6.76,150.3
2019-03-20,1,6,5,4,3986,49,45,6.75,150.3
2019-03-20,1,6,3,5,3064,43,54,6.83,150.3
2019-03-20,1,6,6,6,4184,52,1,6.77,150.3
2019-03-20,1,7,1,1,4093,41,56,6.87,45.6
2019-03-20,1,7,4,2,3401,29,43,6.84,45.6
2019-03-20,1,7,2,3,3719,65,51,6.86,45.6
2019-03-20,1,7,3,4,4189,20,44,6.83,45.6
2019-03-20,1,7,5,5,3881,48,34,6.9,45.6
2019-03-20,1,7,6,6,3315,15,18,6.92,45.6
2019-03-20,1,8,1,1,3933,33,62,6.76,5.7
2019-03-20,1,8,2,2,4553,59,61,6.86,5.7
2019-03-20,1,8,4,3,4154,9,53,6.86,5.7
2019-03-20,1,8,5,4,4538,63,58,6.84,5.7
2019-03-20,1,8,3,5,3885,37,22,6.82,5.7
2019-03-20,1,8,6,6,4888,1,59,6.85,5.7
2019-03-20,1,9,1,1,4436,60,26,6.83,22.3
2019-03-20,1,9,2,2,3957,26,65,6.79,22.3
2019-03-20,1,9,5,3,4331,46,39,6.9,22.3
2019-03-20,1,9,3,4,4566,24,11,6.78,22.3
2019-03-20,1,9,6,5,4068,18,2,6.9,22.3
2019-03-20,1,9,4,6,4623,38,8,6.92,22.3
2019-03-20,1,10,1,1,4278,39,19,6.82,7.9
2019-03-20,1,10,3,2,3986,49,45,6.82,7.9
2019-03-20,1,10,5,3,4430,14,47,6.94,7.9
2019-03-20,1,10,2,4,3710,8,23,6.86,7.9
2019-03-20,1,10,4,5,4377,40,41,6.93,7.9
2019-03-20,1,10,6,6,3508,47,15,6.9,7.9
2019-03-20,1,11,1,1,4189,20,44,6.77,35.7
2019-03-20,1,11,5,2,4070,45,6,6.82,35.7
2019-03-20,1,11,3,3,4131,58,17,6.95,35.7
2019-03-20,1,11,6,4,4008,16,21,6.84,35.7
2019-03-20,1,11,4,5,3837,35,31,6.91,35.7
2019-03-20,1,11,2,6,4184,52,1,6.82,35.7
2019-03-20,1,12,4,1,3996,23,9,6.82,65.0
2019-03-20,1,12,1,2,3719,65,51,6.83,65.0
2019-03-20,1,12,5,3,4055,30,12,6.86,65.0
2019-03-20,1,12,6,4,4136,6,3,6.84,65.0
2019-03-20,1,12,2,5,3200,51,29,6.84,65.0
2019-03-20,1,12,3,6,3933,33,62,6.78,65.0
2019-03-21,2,1,1,1,3401,29,43,6.84,42.2
2019-03-21,2,1,5,2,4888,1,59,6.83,42.2
2019-03-21,2,1,2,3,3977,17,66,6.83,42.2
2019-03-21,2,1,4,4,4068,18,2,6.94,42.2
2019-03-21,2,1,6,5,3986,49,45,6.89,42.2
2019-03-21,2,1,3,6,4375,2,37,6.97,42.2
2019-03-21,2,2,1,1,3064,43,54,6.85,10.7
2019-03-21,2,2,2,2,4202,56,7,6.95,10.7
2019-03-21,2,2,3,3,3715,13,10,6.94,10.7
2019-03-21,2,2,4,4,4093,41,56,6.92,10.7
2019-03-21,2,2,5,5,4666,53,52,6.95,10.7
2019-03-21,2,2,6,6,3922,31,25,6.94,10.7
2019-03-21,2,3,3,1,4559,22,5,6.88,41.0
2019-03-21,2,3,4,2,4070,45,6,6.87,41.0
2019-03-21,2,3,2,3,3881,48,34,6.95,41.0
2019-03-21,2,3,6,4,3933,33,62,6.85,41.0
2019-03-21,2,3,5,5,3352,3,13,7.01,41.0
2019-03-21,2,3,1,6,3315,15,18,6.94,41.0
2019-03-21,2,4,1,1,4538,63,58,6.89,24.6
2019-03-21,2,4,5,2,3957,26,65,6.89,24.6
2019-03-21,2,4,3,3,4331,46,39,6.89,24.6
2019-03-21,2,4,2,4,4008,16,21,6.77,24.6
2019-03-21,2,4,6,5,4055,30,12,6.96,24.6
2019-03-21,2,4,4,6,4252,50,60,6.85,24.6
2019-03-21,2,5,3,1,3200,51,29,6.95,52.6
2019-03-21,2,5,1,2,4553,59,61,6.89,52.6
2019-03-21,2,5,5,3,3885,37,22,6.93,52.6
2019-03-21,2,5,6,4,3578,4,4,6.93,52.6
2019-03-21,2,5,4,5,4189,20,44,6.99,52.6
2019-03-21,2,5,2,6,4436,60,26,6.97,52.6
2019-03-21,2,6,1,1,4343,27,35,6.83,8.6
2019-03-21,2,6,2,2,4278,39,19,6.84,8.6
2019-03-21,2,6,5,3,4136,6,3,6.94,8.6
2019-03-21,2,6,3,4,4623,38,8,6.85,8.6
2019-03-21,2,6,4,5,3064,43,54,6.85,8.6
2019-03-21,2,6,6,6,4377,40,41,6.84,8.6
2019-03-21,2,7,1,1,3715,13,10,6.87,29.4
2019-03-21,2,7,5,2,4131,58,17,6.87,29.4
2019-03-21,2,7,2,3,3996,23,9,6.88,29.4
2019-03-21,2,7,3,4,3710,8,23,6.98,29.4
2019-03-21,2,7,6,5,4430,14,47,7.01,29.4
2019-03-21,2,7,4,6,3881,48,34,6.88,29.4
2019-03-21,2,8,2,1,3837,35,31,6.85,14.5
2019-03-21,2,8,1,2,4566,24,11,6.89,14.5
2019-03-21,2,8,4,3,4184,52,1,6.85,14.5
2019-03-21,2,8,3,4,3508,47,15,6.91,14.5
2019-03-21,2,8,6,5,4252,50,60,6.92,14.5
2019-03-21,2,8,5,6,4093,41,56,6.96,14.5
2019-03-21,2,9,3,1,3719,65,51,6.93,14.7
2019-03-21,2,9,2,2,4154,9,53,6.85,14.7
2019-03-21,2,9,5,3,4189,20,44,6.94,14.7
2019-03-21,2,9,4,4,4375,2,37,6.96,14.7
2019-03-21,2,9,6,5,4070,45,6,6.8,14.7
2019-03-21,2,9,1,6,4666,53,52,6.97,14.7
2019-03-21,2,10,1,1,3200,51,29,6.85,38.9
2019-03-21,2,10,3,2,4377,40,41,7.01,38.9
2019-03-21,2,10,2,3,3922,31,25,6.8,38.9
2019-03-21,2,10,6,4,3352,3,13,7.01,38.9
2019-03-21,2,10,4,5,4055,30,12,6.98,38.9
2019-03-21,2,10,5,6,3401,29,43,6.93,38.9
2019-03-21,2,11,3,1,4430,14,47,6.89,461.1
2019-03-21,2,11,4,2,3986,49,45,6.86,461.1
2019-03-21,2,11,6,3,3957,26,65,6.87,461.1
2019-03-21,2,11,2,4,4559,22,5,6.82,461.1
2019-03-21,2,11,5,5,3578,4,4,6.94,461.1
2019-03-21,2,11,1,6,4136,6,3,6.83,461.1
2019-03-21,2,12,1,1,3996,23,9,6.83,17.6
2019-03-21,2,12,3,2,3977,17,66,6.88,17.6
2019-03-21,2,12,2,3,4566,24,11,6.81,17.6
2019-03-21,2,12,4,4,4278,39,19,6.98,17.6
2019-03-21,2,12,5,5,4553,59,61,6.85,17.6
2019-03-21,2,12,6,6,4331,46,39,6.87,17.6
2019-03-22,3,1,6,1,3352,3,13,6.81,143.8
2019-03-22,3,1,1,2,4377,40,41,6.83,143.8
2019-03-22,3,1,3,3,4888,1,59,6.75,143.8
2019-03-22,3,1,5,4,4008,16,21,6.83,143.8
2019-03-22,3,1,2,5,3578,4,4,6.82,143.8
2019-03-22,3,1,4,6,3315,15,18,6.9,143.8
2019-03-22,3,2,4,1,3885,37,22,6.73,191.1
2019-03-22,3,2,2,2,4623,38,8,6.78,191.1
2019-03-22,3,2,3,3,4093,41,56,6.73,191.1
2019-03-22,3,2,5,4,3508,47,15,6.72,191.1
2019-03-22,3,2,6,5,4538,63,58,6.73,191.1
2019-03-22,3,2,1,6,3710,8,23,6.77,191.1
2019-03-22,3,3,2,1,3986,49,45,6.69,35.6
2019-03-22,3,3,1,2,4068,18,2,6.7,35.6
2019-03-22,3,3,4,3,3933,33,62,6.66,35.6
2019-03-22,3,3,6,4,4559,22,5,6.79,35.6
2019-03-22,3,3,5,5,3064,43,54,6.79,35.6
2019-03-22,3,3,3,6,4436,60,26,6.8,35.6
2019-03-22,3,4,1,1,4202,56,7,6.7,51.3
2019-03-22,3,4,4,2,4553,59,61,6.77,51.3
2019-03-22,3,4,3,3,4278,39,19,6.74,51.3
2019-03-22,3,4,5,4,3200,51,29,6.84,51.3
2019-03-22,3,4,2,5,4252,50,60,6.71,51.3
2019-03-22,3,4,6,6,3881,48,34,6.72,51.3
2019-03-22,3,5,1,1,3837,35,31,6.73,12.2
2019-03-22,3,5,3,2,4055,30,12,6.74,12.2
2019-03-22,3,5,2,3,4888,1,59,6.72,12.2
2019-03-22,3,5,5,4,4343,27,35,6.74,12.2
2019-03-22,3,5,6,5,3977,17,66,6.75,12.2
2019-03-22,3,5,4,6,4566,24,11,6.77,12.2
2019-03-22,3,6,2,1,4430,14,47,6.78,45.6
2019-03-22,3,6,4,2,4008,16,21,6.76,45.6
2019-03-22,3,6,3,3,4154,9,53,6.72,45.6
2019-03-22,3,6,5,4,4184,52,1,6.84,45.6
2019-03-22,3,6,1,5,4623,38,8,6.81,45.6
2019-03-22,3,6,6,6,3715,13,10,6.87,45.6
2019-03-22,3,7,6,1,3719,65,51,6.85,25.7
2019-03-22,3,7,4,2,4136,6,3,6.78,25.7
2019-03-22,3,7,1,3,3508,47,15,6.77,25.7
2019-03-22,3,7,2,4,3401,29,43,6.8,25.7
2019-03-22,3,7,3,5,4666,53,52,6.76,25.7
2019-03-22,3,7,5,6,3922,31,25,6.81,25.7
2019-03-22,3,8,1,1,3957,26,65,6.82,17.8
2019-03-22,3,8,3,2,4202,56,7,6.72,17.8
2019-03-22,3,8,4,3,4131,58,17,6.77,17.8
2019-03-22,3,8,2,4,4189,20,44,6.75,17.8
2019-03-22,3,8,6,5,4436,60,26,6.79,17.8
2019-03-22,3,8,5,6,3710,8,23,6.81,17.8
2019-03-22,3,9,3,1,3996,23,9,6.74,13.2
2019-03-22,3,9,1,2,3986,49,45,6.76,13.2
2019-03-22,3,9,5,3,3837,35,31,6.83,13.2
2019-03-22,3,9,4,4,3200,51,29,6.83,13.2
2019-03-22,3,9,6,5,3885,37,22,6.74,13.2
2019-03-22,3,9,2,6,4375,2,37,6.81,13.2
2019-03-22,3,10,1,1,4184,52,1,6.78,120.9
2019-03-22,3,10,6,2,4343,27,35,6.76,120.9
2019-03-22,3,10,5,3,4278,39,19,6.86,120.9
2019-03-22,3,10,2,4,4070,45,6,6.8,120.9
2019-03-22,3,10,3,5,3315,15,18,6.9,120.9
2019-03-22,3,10,4,6,4331,46,39,6.79,120.9
2019-03-22,3,11,5,1,4566,24,11,6.78,306.6
2019-03-22,3,11,3,2,3401,29,43,6.75,306.6
2019-03-22,3,11,2,3,3933,33,62,6.73,306.6
2019-03-22,3,11,1,4,4430,14,47,6.72,306.6
2019-03-22,3,11,4,5,4538,63,58,6.83,306.6
2019-03-22,3,11,6,6,4553,59,61,6.75,306.6
2019-03-22,3,12,1,1,4055,30,12,6.8,25.5
2019-03-22,3,12,4,2,3957,26,65,6.79,25.5
2019-03-22,3,12,2,3,4377,40,41,6.83,25.5
2019-03-22,3,12,5,4,3719,65,51,6.77,25.5
2019-03-22,3,12,3,5,4068,18,2,6.81,25.5
2019-03-22,3,12,6,6,4154,9,53,6.76,25.5
2019-03-23,4,1,3,1,4553,59,61,6.83,34.7
2019-03-23,4,1,1,2,4331,46,33,6.74,34.7
2019-03-23,4,1,2,3,4093,41,56,6.77,34.7
2019-03-23,4,1,4,4,4436,60,26,6.76,34.7
2019-03-23,4,1,5,5,4068,18,2,6.79,34.7
2019-03-23,4,1,6,6,3352,3,13,6.87,34.7
2019-03-23,4,2,2,1,3508,47,15,6.79,46.4
2019-03-23,4,2,1,2,3881,48,34,6.75,46.4
2019-03-23,4,2,4,3,3578,4,4,6.79,46.4
2019-03-23,4,2,5,4,4252,50,60,6.78,46.4
2019-03-23,4,2,6,5,3064,43,54,6.83,46.4
2019-03-23,4,2,3,6,3922,31,25,6.7,46.4
2019-03-23,4,3,1,1,4375,2,37,6.78,44.5
2019-03-23,4,3,3,2,3837,35,31,6.77,44.5
2019-03-23,4,3,2,3,4538,63,58,6.7,44.5
2019-03-23,4,3,6,4,4189,20,44,6.78,44.5
2019-03-23,4,3,5,5,3933,33,62,6.74,44.5
2019-03-23,4,3,4,6,4666,53,52,6.77,44.5
2019-03-23,4,5,1,1,4559,22,5,6.79,12.2
2019-03-23,4,5,3,2,4343,27,35,6.7,12.2
2019-03-23,4,5,2,3,4136,6,3,6.85,12.2
2019-03-23,4,5,4,4,4070,45,6,6.8,12.2
2019-03-23,4,5,6,5,3710,8,23,6.89,12.2
2019-03-23,4,5,5,6,3977,17,66,6.75,12.2
2019-03-23,4,6,4,1,3719,65,51,6.76,19.3
2019-03-23,4,6,2,2,4184,52,1,6.7,19.3
2019-03-23,4,6,6,3,4131,58,17,6.71,19.3
2019-03-23,4,6,1,4,3885,37,22,6.8,19.3
2019-03-23,4,6,3,5,4202,56,7,6.75,19.3
2019-03-23,4,6,5,6,3352,3,13,6.83,19.3
2019-03-23,4,7,5,1,3996,23,9,6.73,29.4
2019-03-23,4,7,4,2,3986,49,45,6.63,29.4
2019-03-23,4,7,2,3,3957,26,65,6.69,29.4
2019-03-23,4,7,6,4,4623,38,8,6.66,29.4
2019-03-23,4,7,3,5,3578,4,4,6.74,29.4
2019-03-23,4,7,1,6,4008,16,21,6.6,29.4
2019-03-23,4,8,1,1,4055,30,12,6.76,5.4
2019-03-23,4,8,2,2,4331,46,33,6.72,5.4
2019-03-23,4,8,4,3,3200,51,29,6.75,5.4
2019-03-23,4,8,3,4,3881,48,34,6.82,5.4
2019-03-23,4,8,5,5,3715,13,10,6.77,5.4
2019-03-23,4,8,6,6,4666,53,52,6.72,5.4
2019-03-23,4,9,3,1,4377,40,41,6.87,378.0
2019-03-23,4,9,4,2,4430,14,47,6.82,378.0
2019-03-23,4,9,5,3,4375,2,37,6.78,378.0
2019-03-23,4,9,6,4,4566,24,11,6.78,378.0
2019-03-23,4,9,2,5,3064,43,54,6.77,378.0
2019-03-23,4,9,1,6,4070,45,6,6.79,378.0
2019-03-23,4,10,1,1,4136,6,3,6.8,7.1
2019-03-23,4,10,3,2,3933,33,62,6.72,7.1
2019-03-23,4,10,2,3,4131,58,17,6.73,7.1
2019-03-23,4,10,5,4,4154,9,53,6.78,7.1
2019-03-23,4,10,4,5,3922,31,25,6.8,7.1
2019-03-23,4,10,6,6,4093,41,56,6.82,7.1
2019-03-23,4,11,1,1,3719,65,51,6.8,8.9
2019-03-23,4,11,2,2,4189,20,44,6.77,8.9
2019-03-23,4,11,4,3,4553,59,61,6.82,8.9
2019-03-23,4,11,5,4,3957,26,65,6.92,8.9
2019-03-23,4,11,3,5,3977,17,66,6.75,8.9
2019-03-23,4,11,6,6,3401,29,43,6.85,8.9
2019-03-23,4,12,1,1,3996,23,9,6.86,18.3
2019-03-23,4,12,5,2,4184,52,1,6.86,18.3
2019-03-23,4,12,2,3,4278,39,19,6.86,18.3
2019-03-23,4,12,6,4,3837,35,31,6.9,18.3
2019-03-23,4,12,3,5,4252,50,60,6.8,18.3
2019-03-23,4,12,4,6,4559,22,5,6.89,18.3
2019-03-24,5,1,6,1,3578,4,4,6.9,409.7
2019-03-24,5,1,5,2,4202,56,55,6.87,409.7
2019-03-24,5,1,1,3,4154,9,53,6.72,409.7
2019-03-24,5,1,4,4,4252,50,60,6.78,409.7
2019-03-24,5,1,2,5,4623,38,8,6.77,409.7
2019-03-24,5,1,3,6,4436,60,26,6.82,409.7
2019-03-24,5,3,3,1,4553,59,61,6.68,80.6
2019-03-24,5,3,4,2,3200,51,29,6.76,80.6
2019-03-24,5,3,2,3,3508,47,15,6.74,80.6
2019-03-24,5,3,6,4,3957,26,65,6.78,80.6
2019-03-24,5,3,5,5,4343,27,35,6.8,80.6
2019-03-24,5,3,1,6,3064,43,54,6.7,80.6
2019-03-24,5,4,1,1,3885,37,22,6.79,11.4
2019-03-24,5,4,2,2,3401,29,43,6.72,11.4
2019-03-24,5,4,5,3,4430,14,47,6.88,11.4
2019-03-24,5,4,4,4,3715,13,10,6.75,11.4
2019-03-24,5,4,3,5,4666,53,52,6.69,11.4
2019-03-24,5,4,6,6,4184,52,1,6.72,11.4
2019-03-24,5,5,1,1,4566,24,11,6.78,9.5
2019-03-24,5,5,2,2,3986,49,45,6.68,9.5
2019-03-24,5,5,3,3,4331,46,33,6.84,9.5
2019-03-24,5,5,4,4,4055,30,12,6.85,9.5
2019-03-24,5,5,5,5,4538,63,58,6.77,9.5
2019-03-24,5,5,6,6,4623,38,8,6.82,9.5
2019-03-24,5,6,1,1,3933,33,62,6.69,21.4
2019-03-24,5,6,6,2,3719,65,51,6.9,21.4
2019-03-24,5,6,2,3,4888,1,59,6.68,21.4
2019-03-24,5,6,5,4,3837,35,31,6.78,21.4
2019-03-24,5,6,3,5,4008,16,21,6.72,21.4
2019-03-24,5,6,4,6,4131,58,17,6.76,21.4
2019-03-24,5,7,4,1,4559,22,5,6.75,22.2
2019-03-24,5,7,3,2,4136,6,3,6.79,22.2
2019-03-24,5,7,6,3,3996,23,9,6.84,22.2
2019-03-24,5,7,2,4,4375,2,37,6.82,22.2
2019-03-24,5,7,5,5,4093,41,56,6.86,22.2
2019-03-24,5,7,1,6,4377,40,41,6.85,22.2
2019-03-24,5,8,1,1,4278,39,19,6.67,15.3
2019-03-24,5,8,3,2,3578,4,4,6.86,15.3
2019-03-24,5,8,2,3,4070,45,6,6.78,15.3
2019-03-24,5,8,5,4,4068,18,2,6.85,15.3
2019-03-24,5,8,6,5,3352,3,32,6.92,15.3
2019-03-24,5,8,4,6,4189,20,44,6.76,15.3
2019-03-24,5,10,1,1,3719,65,51,6.76,22.0
2019-03-24,5,10,3,2,4055,30,12,6.87,22.0
2019-03-24,5,10,6,3,4377,40,41,6.9,22.0
2019-03-24,5,10,4,4,4553,59,61,6.82,22.0
2019-03-24,5,10,2,5,4343,27,35,6.85,22.0
2019-03-24,5,10,5,6,3933,33,62,6.81,22.0
2019-03-24,5,11,1,1,3996,23,9,6.73,9.5
2019-03-24,5,11,4,2,4136,6,3,6.76,9.5
2019-03-24,5,11,2,3,3837,35,31,6.83,9.5
2019-03-24,5,11,3,4,4131,58,17,6.72,9.5
2019-03-24,5,11,5,5,4278,39,19,6.88,9.5
2019-03-24,5,11,6,6,3885,37,22,6.84,9.5
2019-03-24,5,12,1,1,4189,20,44,6.69,46.6
2019-03-24,5,12,2,2,4202,56,55,6.73,46.6
2019-03-24,5,12,5,3,3508,47,15,6.8,46.6
2019-03-24,5,12,6,4,4331,46,33,6.78,46.6
2019-03-24,5,12,3,5,4559,22,5,6.67,46.6
2019-03-24,5,12,4,6,4184,52,1,6.75,46.6
2019-03-25,6,1,1,1,4331,46,33,6.75,13.9
2019-03-25,6,1,3,2,4888,1,59,6.82,13.9
2019-03-25,6,1,5,3,3352,3,32,6.91,13.9
2019-03-25,6,1,6,4,3064,43,54,6.86,13.9
2019-03-25,6,1,2,5,4252,50,60,6.79,13.9
2019-03-25,6,1,4,6,4436,60,26,6.82,13.9
2019-03-25,6,2,2,1,3881,48,34,6.79,108.6
2019-03-25,6,2,5,2,4008,16,21,6.83,108.6
2019-03-25,6,2,4,3,4623,38,8,6.84,108.6
2019-03-25,6,2,3,4,4068,18,2,6.85,108.6
2019-03-25,6,2,6,5,4666,53,52,6.81,108.6
2019-03-25,6,2,1,6,3922,31,25,6.76,108.6
2019-03-25,6,3,1,1,4538,63,58,6.77,14.9
2019-03-25,6,3,5,2,4559,22,5,6.76,14.9
2019-03-25,6,3,2,3,4343,27,35,6.77,14.9
2019-03-25,6,3,3,4,4375,2,37,6.87,14.9
2019-03-25,6,3,6,5,4189,20,44,6.81,14.9
2019-03-25,6,3,4,6,3710,8,23,6.84,14.9
2019-03-25,6,4,1,1,3885,37,22,6.84,20.3
2019-03-25,6,4,3,2,4377,40,41,6.77,20.3
2019-03-25,6,4,2,3,4093,41,56,6.79,20.3
2019-03-25,6,4,4,4,3837,35,31,6.81,20.3
2019-03-25,6,4,5,5,3715,13,10,6.82,20.3
2019-03-25,6,4,6,6,4154,9,53,6.79,20.3
2019-03-25,6,5,1,1,4553,59,61,6.71,8.9
2019-03-25,6,5,3,2,4070,45,6,6.77,8.9
2019-03-25,6,5,2,3,3933,33,62,6.7,8.9
2019-03-25,6,5,5,4,4252,50,60,6.85,8.9
2019-03-25,6,5,6,5,3352,3,32,6.83,8.9
2019-03-25,6,5,4,6,4202,56,55,6.78,8.9
2019-03-25,6,6,1,1,3578,4,4,6.86,15.7
2019-03-25,6,6,2,2,4278,39,19,6.75,15.7
2019-03-25,6,6,6,3,3986,49,45,6.76,15.7
2019-03-25,6,6,3,4,4184,52,1,6.74,15.7
2019-03-25,6,6,5,5,4436,60,26,6.83,15.7
2019-03-25,6,6,4,6,3508,47,15,6.78,15.7
2019-03-25,6,7,1,1,3401,29,43,6.75,51.2
2019-03-25,6,7,6,2,3200,51,29,6.89,51.2
2019-03-25,6,7,2,3,4666,53,52,6.74,51.2
2019-03-25,6,7,3,4,3064,43,54,6.81,51.2
2019-03-25,6,7,4,5,4131,58,17,6.77,51.2
2019-03-25,6,7,5,6,3881,48,34,6.93,51.2
2019-03-25,6,8,1,1,4430,14,47,6.79,15.9
2019-03-25,6,8,4,2,4154,9,53,6.77,15.9
2019-03-25,6,8,5,3,4375,2,37,6.83,15.9
2019-03-25,6,8,2,4,4559,22,5,6.74,15.9
2019-03-25,6,8,6,5,4888,1,59,6.77,15.9
2019-03-25,6,8,3,6,3922,31,25,6.75,15.9
2019-03-25,6,9,1,1,4184,52,1,6.81,38.7
2019-03-25,6,9,2,2,3715,13,10,6.82,38.7
2019-03-25,6,9,4,3,4093,41,56,6.77,38.7
2019-03-25,6,9,3,4,4189,20,44,6.8,38.7
2019-03-25,6,9,5,5,4070,45,6,6.82,38.7
2019-03-25,6,9,6,6,3710,8,23,6.92,38.7
2019-03-25,6,10,1,1,3986,49,45,6.82,13.5
2019-03-25,6,10,5,2,3933,33,62,6.83,13.5
2019-03-25,6,10,2,3,4131,58,17,6.79,13.5
2019-03-25,6,10,4,4,4343,27,35,6.8,13.5
2019-03-25,6,10,3,5,3401,29,43,6.85,13.5
2019-03-25,6,10,6,6,3885,37,22,6.86,13.5
2019-03-25,6,11,1,1,3837,35,31,6.84,13.2
2019-03-25,6,11,2,2,4377,40,41,6.93,13.2
2019-03-25,6,11,3,3,4553,59,61,6.85,13.2
2019-03-25,6,11,5,4,4278,39,19,6.9,13.2
2019-03-25,6,11,4,5,4430,14,47,6.87,13.2
2019-03-25,6,11,6,6,4538,63,58,6.8,13.2
2019-03-25,6,12,1,1,3996,23,9,6.73,6.0
2019-03-25,6,12,2,2,3719,65,51,6.76,6.0
2019-03-25,6,12,4,3,4055,30,12,6.84,6.0
2019-03-25,6,12,3,4,3957,26,65,6.84,6.0
2019-03-25,6,12,6,5,4566,24,11,6.88,6.0
2019-03-25,6,12,5,6,4136,6,3,6.87,6.0
2019-03-29,1,1,1,1,3975,51,35,6.71,4.0
2019-03-29,1,1,3,2,3912,65,18,6.76,4.0
2019-03-29,1,1,6,3,4006,35,57,6.84,4.0
2019-03-29,1,1,4,4,4723,3,30,6.83,4.0
2019-03-29,1,1,2,5,4916,57,21,6.8,4.0
2019-03-29,1,1,5,6,5022,27,44,6.81,4.0
2019-03-29,1,2,2,1,4790,64,60,6.79,16.3
2019-03-29,1,2,1,2,3660,20,13,6.85,16.3
2019-03-29,1,2,5,3,3105,66,61,6.8,16.3
2019-03-29,1,2,4,4,3338,52,11,6.82,16.3
2019-03-29,1,2,3,5,3791,44,12,6.87,16.3
2019-03-29,1,2,6,6,3794,28,63,6.83,16.3
2019-03-29,1,3,4,1,4651,11,27,6.78,389.5
2019-03-29,1,3,5,2,4314,5,51,6.83,389.5
2019-03-29,1,3,1,3,4059,10,46,6.77,389.5
2019-03-29,1,3,2,4,3889,29,53,6.79,389.5
2019-03-29,1,3,6,5,3849,19,52,6.89,389.5
2019-03-29,1,3,3,6,4983,48,38,6.66,389.5
2019-03-29,1,4,5,1,3814,33,66,6.83,341.5
2019-03-29,1,4,4,2,3079,41,24,6.79,341.5
2019-03-29,1,4,3,3,3907,25,58,6.76,341.5
2019-03-29,1,4,2,4,4540,15,10,6.76,341.5
2019-03-29,1,4,6,5,3499,36,49,6.9,341.5
2019-03-29,1,4,1,6,3928,23,59,6.79,341.5
2019-03-29,1,5,1,1,4635,47,62,6.77,159.2
2019-03-29,1,5,5,2,4440,21,22,6.91,159.2
2019-03-29,1,5,4,3,4305,54,39,6.79,159.2
2019-03-29,1,5,3,4,4427,40,20,6.76,159.2
2019-03-29,1,5,6,5,3536,31,33,6.88,159.2
2019-03-29,1,5,2,6,4774,56,55,6.75,159.2
2019-03-29,1,6,6,1,4524,14,64,6.77,42.4
2019-03-29,1,6,1,2,3236,58,36,6.81,42.4
2019-03-29,1,6,2,3,4236,7,45,6.84,42.4
2019-03-29,1,6,5,4,3338,52,11,6.84,42.4
2019-03-29,1,6,4,5,4718,34,29,6.84,42.4
2019-03-29,1,6,3,6,4916,57,21,6.89,42.4
2019-03-29,1,7,3,1,4350,1,54,6.85,15.7
2019-03-29,1,7,4,2,4133,45,32,6.75,15.7
2019-03-29,1,7,2,3,4076,26,56,6.87,15.7
2019-03-29,1,7,5,4,3912,65,18,6.77,15.7
2019-03-29,1,7,1,5,4676,12,37,6.78,15.7
2019-03-29,1,7,6,6,3872,61,40,6.8,15.7
2019-03-29,1,8,1,1,3792,62,28,6.77,13.6
2019-03-29,1,8,3,2,3889,29,53,6.81,13.6
2019-03-29,1,8,4,3,4004,59,16,6.8,13.6
2019-03-29,1,8,2,4,3516,43,65,6.79,13.6
2019-03-29,1,8,6,5,5022,27,44,6.8,13.6
2019-03-29,1,8,5,6,3794,28,63,6.94,13.6
2019-03-29,1,9,4,1,4790,64,60,6.82,945.1
2019-03-29,1,9,2,2,4723,3,30,6.9,945.1
2019-03-29,1,9,6,3,4651,11,27,6.85,945.1
2019-03-29,1,9,3,4,3777,55,3,6.8,945.1
2019-03-29,1,9,5,5,3876,8,14,6.86,945.1
2019-03-29,1,9,1,6,3988,17,34,6.9,945.1
2019-03-29,1,10,4,1,4006,35,57,6.87,90.6
2019-03-29,1,10,5,2,4305,54,39,6.87,90.6
2019-03-29,1,10,1,3,4089,32,1,6.78,90.6
2019-03-29,1,10,2,4,3105,66,61,6.79,90.6
2019-03-29,1,10,6,5,3907,25,58,6.87,90.6
2019-03-29,1,10,3,6,4314,5,51,6.76,90.6
2019-03-29,1,11,5,1,4983,48,38,6.74,194.4
2019-03-29,1,11,2,2,3975,51,35,6.74,194.4
2019-03-29,1,11,1,3,4236,7,45,6.84,194.4
2019-03-29,1,11,3,4,3872,61,40,6.75,194.4
2019-03-29,1,11,6,5,4540,15,10,6.85,194.4
2019-03-29,1,11,4,6,4635,47,62,6.79,194.4
2019-03-29,1,12,1,1,4350,1,54,6.81,13.9
2019-03-29,1,12,3,2,3499,36,25,6.89,13.9
2019-03-29,1,12,5,3,4524,14,64,6.86,13.9
2019-03-29,1,12,6,4,4427,40,20,6.8,13.9
2019-03-29,1,12,4,5,3792,62,28,6.8,13.9
2019-03-29,1,12,2,6,3849,19,52,6.81,13.9
2019-03-30,2,1,2,1,3928,23,59,6.8,178.4
2019-03-30,2,1,3,2,4790,64,60,6.89,178.4
2019-03-30,2,1,6,3,4076,26,56,6.88,178.4
2019-03-30,2,1,1,4,4004,59,16,6.83,178.4
2019-03-30,2,1,5,5,3660,20,13,6.84,178.4
2019-03-30,2,1,4,6,4440,21,22,6.95,178.4
2019-03-30,2,2,2,1,3236,58,36,6.84,83.0
2019-03-30,2,2,5,2,3889,29,53,6.87,83.0
2019-03-30,2,2,1,3,3794,28,63,6.89,83.0
2019-03-30,2,2,3,4,4774,56,55,6.8,83.0
2019-03-30,2,2,4,5,3536,31,33,6.88,83.0
2019-03-30,2,2,6,6,3079,41,24,6.9,83.0
2019-03-30,2,3,4,1,4676,12,37,6.85,114.2
2019-03-30,2,3,3,2,3814,33,66,6.86,114.2
2019-03-30,2,3,5,3,4718,34,29,6.82,114.2
2019-03-30,2,3,6,4,4236,7,45,6.89,114.2
2019-03-30,2,3,2,5,3791,44,12,6.91,114.2
2019-03-30,2,3,1,6,4723,3,30,6.79,114.2
2019-03-30,2,4,2,1,3912,65,18,6.75,41.7
2019-03-30,2,4,6,2,3876,8,14,6.85,41.7
2019-03-30,2,4,3,3,3988,17,34,6.88,41.7
2019-03-30,2,4,5,4,3849,19,52,6.92,41.7
2019-03-30,2,4,1,5,4916,57,21,6.86,41.7
2019-03-30,2,4,4,6,4059,10,46,6.79,41.7
2019-03-30,2,5,3,1,4133,45,32,6.75,14.7
2019-03-30,2,5,4,2,4089,32,1,6.73,14.7
2019-03-30,2,5,1,3,3516,43,65,6.76,14.7
2019-03-30,2,5,5,4,4540,15,10,6.88,14.7
2019-03-30,2,5,2,5,4651,11,27,6.77,14.7
2019-03-30,2,5,6,6,5022,27,44,6.74,14.7
2019-03-30,2,6,1,1,3105,66,61,6.73,35.6
2019-03-30,2,6,5,2,4427,40,20,6.81,35.6
2019-03-30,2,6,6,3,4350,1,54,6.83,35.6
2019-03-30,2,6,2,4,4006,35,57,6.83,35.6
2019-03-30,2,6,4,5,3777,55,3,6.85,35.6
2019-03-30,2,6,3,6,3660,20,13,6.83,35.6
2019-03-30,2,7,5,1,3792,62,28,6.84,66.6
2019-03-30,2,7,1,2,3536,31,33,6.81,66.6
2019-03-30,2,7,2,3,3499,36,25,6.95,66.6
2019-03-30,2,7,4,4,3928,23,59,6.89,66.6
2019-03-30,2,7,6,5,3791,44,12,6.94,66.6
2019-03-30,2,7,3,6,4635,47,62,6.81,66.6
2019-03-30,2,8,2,1,3872,61,40,6.78,18.3
2019-03-30,2,8,1,2,4305,54,39,6.74,18.3
2019-03-30,2,8,4,3,3975,51,35,6.8,18.3
2019-03-30,2,8,5,4,4059,10,46,6.87,18.3
2019-03-30,2,8,6,5,4774,56,55,6.75,18.3
2019-03-30,2,8,3,6,3338,52,11,6.83,18.3
2019-03-30,2,9,1,1,4983,48,38,6.75,6.7
2019-03-30,2,9,2,2,4524,14,64,6.79,6.7
2019-03-30,2,9,4,3,3907,25,58,6.81,6.7
2019-03-30,2,9,5,4,4236,7,45,6.86,6.7
2019-03-30,2,9,6,5,4440,21,22,6.82,6.7
2019-03-30,2,9,3,6,3079,41,24,6.84,6.7
2019-03-30,2,10,1,1,4427,40,20,6.75,12.6
2019-03-30,2,10,3,2,3849,19,52,6.92,12.6
2019-03-30,2,10,5,3,4004,59,16,6.81,12.6
2019-03-30,2,10,6,4,4676,12,37,6.92,12.6
2019-03-30,2,10,4,5,3516,43,65,6.77,12.6
2019-03-30,2,10,2,6,4314,5,51,6.84,12.6
2019-03-30,2,11,1,1,3777,55,3,6.8,45.8
2019-03-30,2,11,5,2,4076,26,56,6.88,45.8
2019-03-30,2,11,2,3,3814,33,66,6.78,45.8
2019-03-30,2,11,4,4,3876,8,14,6.85,45.8
2019-03-30,2,11,6,5,4089,32,1,6.83,45.8
2019-03-30,2,11,3,6,3236,58,36,6.84,45.8
2019-03-30,2,12,1,1,3499,36,25,6.97,8.5
2019-03-30,2,12,3,2,4305,54,39,6.81,8.5
2019-03-30,2,12,4,3,4350,1,54,6.81,8.5
2019-03-30,2,12,6,4,4133,45,32,6.91,8.5
2019-03-30,2,12,5,5,3988,17,34,6.99,8.5
2019-03-30,2,12,2,6,4718,34,29,6.81,8.5
2019-03-31,3,1,1,1,3907,25,58,6.71,7.0
2019-03-31,3,1,2,2,3338,52,11,6.74,7.0
2019-03-31,3,1,6,3,4983,48,38,6.68,7.0
2019-03-31,3,1,3,4,3794,28,63,6.88,7.0
2019-03-31,3,1,4,5,3791,44,12,6.91,7.0
2019-03-31,3,1,5,6,4723,3,30,6.88,7.0
2019-03-31,3,2,1,1,3889,29,53,6.73,9.2
2019-03-31,3,2,4,2,3912,65,18,6.72,9.2
2019-03-31,3,2,2,3,3660,20,13,6.77,9.2
2019-03-31,3,2,5,4,4676,12,37,6.85,9.2
2019-03-31,3,2,3,5,3536,31,33,6.76,9.2
2019-03-31,3,2,6,6,5022,27,44,6.8,9.2
2019-03-31,3,3,1,1,4651,11,27,6.78,27.4
2019-03-31,3,3,4,2,3105,66,61,6.87,27.4
2019-03-31,3,3,6,3,4305,54,39,6.83,27.4
2019-03-31,3,3,3,4,4004,59,16,6.77,27.4
2019-03-31,3,3,5,5,3928,23,59,6.91,27.4
2019-03-31,3,3,2,6,4635,47,62,6.84,27.4
2019-03-31,3,4,1,1,4774,56,55,6.71,46.1
2019-03-31,3,4,5,2,3777,55,3,6.81,46.1
2019-03-31,3,4,6,3,3792,62,28,6.81,46.1
2019-03-31,3,4,3,4,4006,35,57,6.78,46.1
2019-03-31,3,4,2,5,3079,41,24,6.79,46.1
2019-03-31,3,4,4,6,4916,57,21,6.89,46.1
2019-03-31,3,5,3,1,4089,32,1,6.7,9.7
2019-03-31,3,5,1,2,4314,5,51,6.75,9.7
2019-03-31,3,5,4,3,3872,61,40,6.84,9.7
2019-03-31,3,5,6,4,3236,58,36,6.87,9.7
2019-03-31,3,5,5,5,4790,64,60,6.87,9.7
2019-03-31,3,5,2,6,3794,28,63,6.81,9.7
2019-03-31,3,6,2,1,4427,40,20,6.75,38.8
2019-03-31,3,6,5,2,4133,45,32,6.84,38.8
2019-03-31,3,6,3,3,4440,21,22,6.76,38.8
2019-03-31,3,6,1,4,3338,52,11,6.78,38.8
2019-03-31,3,6,4,5,3889,29,53,6.81,38.8
2019-03-31,3,6,6,6,4718,34,29,6.8,38.8
2019-03-31,3,7,5,1,4350,1,54,6.77,268.9
2019-03-31,3,7,6,2,3516,43,65,6.83,268.9
2019-03-31,3,7,4,3,4524,14,64,6.8,268.9
2019-03-31,3,7,1,4,3912,65,18,6.73,268.9
2019-03-31,3,7,2,5,4305,54,39,6.74,268.9
2019-03-31,3,7,3,6,4059,10,46,6.78,268.9
2019-03-31,3,8,1,1,3876,8,14,6.7,10.6
2019-03-31,3,8,2,2,3907,25,58,6.77,10.6
2019-03-31,3,8,5,3,4651,11,27,6.84,10.6
2019-03-31,3,8,4,4,4076,26,56,6.8,10.6
2019-03-31,3,8,3,5,4540,15,10,6.79,10.6
2019-03-31,3,8,6,6,4916,57,21,6.88,10.6
2019-03-31,3,9,3,1,3975,51,35,6.68,323.8
2019-03-31,3,9,6,2,3105,66,61,6.78,323.8
2019-03-31,3,9,2,3,4089,32,1,6.7,323.8
2019-03-31,3,9,4,4,3499,36,25,6.8,323.8
2019-03-31,3,9,1,5,3814,33,66,6.64,323.8
2019-03-31,3,9,5,6,5022,27,44,6.81,323.8
2019-03-31,3,10,1,1,3849,19,52,6.73,5.3
2019-03-31,3,10,2,2,3792,62,28,6.68,5.3
2019-03-31,3,10,3,3,4236,7,45,6.87,5.3
2019-03-31,3,10,4,4,3988,17,34,6.78,5.3
2019-03-31,3,10,6,5,4790,64,60,6.78,5.3
2019-03-31,3,10,5,6,4635,47,62,6.77,5.3
2019-03-31,3,11,2,1,4133,45,32,6.65,44.6
2019-03-31,3,11,1,2,3872,61,40,6.93,44.6
2019-03-31,3,11,3,3,4676,12,37,6.74,44.6
2019-03-31,3,11,6,4,3777,55,3,6.8,44.6
2019-03-31,3,11,4,5,4983,48,38,6.64,44.6
2019-03-31,3,11,5,6,3516,43,65,6.77,44.6
2019-03-31,3,12,1,1,4524,14,64,6.71,4.8
2019-03-31,3,12,2,2,3876,8,14,6.7,4.8
2019-03-31,3,12,4,3,4427,40,20,6.7,4.8
2019-03-31,3,12,6,4,4004,59,16,6.72,4.8
2019-03-31,3,12,3,5,4723,3,30,6.67,4.8
2019-03-31,3,12,5,6,4006,35,57,6.77,4.8
2019-04-01,4,2,1,1,4440,21,22,6.66,7.0
2019-04-01,4,2,2,2,3536,31,33,6.72,7.0
2019-04-01,4,2,3,3,3928,23,59,6.66,7.0
2019-04-01,4,2,5,4,3079,41,24,6.78,7.0
2019-04-01,4,2,6,5,5022,27,44,6.8,7.0
2019-04-01,4,2,4,6,3794,28,63,6.72,7.0
2019-04-01,4,3,1,1,4790,64,60,6.71,16.9
2019-04-01,4,3,2,2,4676,12,37,6.78,16.9
2019-04-01,4,3,3,3,4236,7,45,6.87,16.9
2019-04-01,4,3,5,4,3907,25,58,6.7,16.9
2019-04-01,4,3,6,5,3814,33,66,6.76,16.9
2019-04-01,4,3,4,6,4540,15,10,6.79,16.9
2019-04-01,4,4,1,1,3791,44,12,6.76,379.2
2019-04-01,4,4,5,2,4774,56,55,6.64,379.2
2019-04-01,4,4,3,3,3792,62,28,6.77,379.2
2019-04-01,4,4,4,4,4524,14,64,6.73,379.2
2019-04-01,4,4,6,5,3889,29,53,6.71,379.2
2019-04-01,4,4,2,6,3988,17,34,6.78,379.2
2019-04-01,4,6,2,1,3777,55,3,6.75,11.2
2019-04-01,4,6,3,2,3876,8,14,6.68,11.2
2019-04-01,4,6,5,3,3975,51,35,6.75,11.2
2019-04-01,4,6,4,4,3236,58,36,6.79,11.2
2019-04-01,4,6,1,5,3079,41,24,6.72,11.2
2019-04-01,4,6,6,6,4723,3,30,6.76,11.2
2019-04-01,4,7,3,1,3872,61,40,6.77,31.7
2019-04-01,4,7,2,2,4004,59,16,6.76,31.7
2019-04-01,4,7,4,3,4305,54,39,6.82,31.7
2019-04-01,4,7,5,4,3536,31,33,6.76,31.7
2019-04-01,4,7,6,5,3912,65,18,6.71,31.7
2019-04-01,4,7,1,6,4540,15,10,6.65,31.7
2019-04-01,4,8,1,1,4133,45,32,6.6,6.1
2019-04-01,4,8,4,2,4427,40,20,6.72,6.1
2019-04-01,4,8,2,3,4983,48,38,6.6,6.1
2019-04-01,4,8,3,4,3105,66,61,6.71,6.1
2019-04-01,4,8,6,5,3928,23,59,6.7,6.1
2019-04-01,4,8,5,6,3791,44,12,6.86,6.1
2019-04-01,4,10,1,1,4236,7,45,6.77,8.7
2019-04-01,4,10,2,2,4440,21,22,6.67,8.7
2019-04-01,4,10,4,3,3777,55,3,6.67,8.7
2019-04-01,4,10,3,4,3516,43,65,6.86,8.7
2019-04-01,4,10,6,5,3988,17,34,6.74,8.7
2019-04-01,4,10,5,6,3660,20,13,6.73,8.7
2019-04-01,4,11,1,1,4524,14,64,6.68,45.8
2019-04-01,4,11,5,2,3872,61,40,6.75,45.8
2019-04-01,4,11,6,3,4314,5,51,6.71,45.8
2019-04-01,4,11,4,4,3814,33,66,6.75,45.8
2019-04-01,4,11,2,5,3876,8,14,6.73,45.8
2019-04-01,4,11,3,6,4718,34,29,6.68,45.8
2019-04-02,5,1,5,1,4540,15,10,6.79,814.9
2019-04-02,5,1,6,2,3975,51,35,6.76,814.9
2019-04-02,5,1,3,3,3105,66,61,6.78,814.9
2019-04-02,5,1,1,4,4004,59,16,6.71,814.9
2019-04-02,5,1,2,5,4916,57,21,6.84,814.9
2019-04-02,5,1,4,6,3777,55,3,6.78,814.9
2019-04-02,5,2,1,1,3889,29,53,6.73,39.7
2019-04-02,5,2,5,2,4427,40,20,6.81,39.7
2019-04-02,5,2,2,3,4723,3,30,6.79,39.7
2019-04-02,5,2,4,4,4790,64,60,6.71,39.7
2019-04-02,5,2,3,5,4718,34,29,6.74,39.7
2019-04-02,5,2,6,6,5022,27,44,6.79,39.7
2019-04-02,5,3,1,1,4440,21,22,6.61,14.4
2019-04-02,5,3,2,2,3849,19,52,6.72,14.4
2019-04-02,5,3,3,3,4774,56,55,6.62,14.4
2019-04-02,5,3,5,4,4076,26,56,6.81,14.4
2019-04-02,5,3,6,5,4236,7,45,6.78,14.4
2019-04-02,5,3,4,6,4651,11,27,6.73,14.4
2019-04-02,5,4,3,1,4983,48,38,6.66,25.7
2019-04-02,5,4,1,2,3338,52,11,6.68,25.7
2019-04-02,5,4,5,3,3792,62,28,6.74,25.7
2019-04-02,5,4,6,4,4524,14,64,6.79,25.7
2019-04-02,5,4,4,5,3236,58,36,6.77,25.7
2019-04-02,5,4,2,6,3928,23,59,6.71,25.7
2019-04-02,5,5,1,1,4006,35,57,6.73,5.9
2019-04-02,5,5,3,2,4305,54,39,6.78,5.9
2019-04-02,5,5,4,3,4314,5,51,6.77,5.9
2019-04-02,5,5,2,4,4676,12,37,6.73,5.9
2019-04-02,5,5,6,5,3660,20,13,6.84,5.9
2019-04-02,5,5,5,6,3794,28,63,6.83,5.9
2019-04-02,5,6,2,1,3912,65,18,6.82,29.4
2019-04-02,5,6,6,2,4133,45,32,6.73,29.4
2019-04-02,5,6,1,3,3516,43,65,6.72,29.4
2019-04-02,5,6,5,4,3876,8,14,6.82,29.4
2019-04-02,5,6,3,5,3791,44,12,6.76,29.4
2019-04-02,5,6,4,6,4059,10,46,6.77,29.4
2019-04-02,5,7,2,1,3907,25,58,6.73,63.0
2019-04-02,5,7,6,2,4350,1,54,6.73,63.0
2019-04-02,5,7,3,3,3536,31,33,6.77,63.0
2019-04-02,5,7,4,4,3872,61,40,6.82,63.0
2019-04-02,5,7,1,5,3079,41,24,6.7,63.0
2019-04-02,5,7,5,6,4635,47,62,6.78,63.0
2019-04-02,5,8,1,1,4524,14,64,6.67,14.7
2019-04-02,5,8,3,2,3777,55,3,6.69,14.7
2019-04-02,5,8,2,3,4427,40,20,6.68,14.7
2019-04-02,5,8,5,4,3849,19,52,6.68,14.7
2019-04-02,5,8,6,5,4440,21,22,6.76,14.7
2019-04-02,5,8,4,6,3105,66,61,6.78,14.7
2019-04-02,5,9,4,1,4305,54,39,6.75,152.9
2019-04-02,5,9,3,2,4651,11,27,6.71,152.9
2019-04-02,5,9,1,3,3975,51,35,6.69,152.9
2019-04-02,5,9,5,4,4676,12,37,6.82,152.9
2019-04-02,5,9,2,5,3792,62,28,6.71,152.9
2019-04-02,5,9,6,6,3889,29,53,6.73,152.9
2019-04-02,5,10,6,1,4006,35,57,6.7,556.1
2019-04-02,5,10,1,2,4133,45,32,6.64,556.1
2019-04-02,5,10,2,3,3876,8,14,6.68,556.1
2019-04-02,5,10,4,4,4983,48,38,6.72,556.1
2019-04-02,5,10,3,5,4790,64,60,6.77,556.1
2019-04-02,5,10,5,6,3907,25,58,6.71,556.1
2019-04-02,5,11,1,1,4350,1,54,6.69,42.1
2019-04-02,5,11,4,2,4236,7,45,6.91,42.1
2019-04-02,5,11,6,3,4004,59,16,6.85,42.1
2019-04-02,5,11,2,4,4076,26,56,6.82,42.1
2019-04-02,5,11,5,5,3912,65,18,6.8,42.1
2019-04-02,5,11,3,6,3872,61,40,6.83,42.1
2019-04-02,5,12,4,1,4718,34,29,6.71,73.1
2019-04-02,5,12,2,2,4635,47,62,6.76,73.1
2019-04-02,5,12,1,3,3988,17,34,6.77,73.1
2019-04-02,5,12,5,4,3814,33,66,6.85,73.1
2019-04-02,5,12,3,5,3338,52,11,6.83,73.1
2019-04-02,5,12,6,6,4059,10,46,6.82,73.1
2019-04-03,6,1,1,1,4427,40,20,6.63,4.8
2019-04-03,6,1,2,2,4676,12,37,6.73,4.8
2019-04-03,6,1,4,3,3907,25,58,6.64,4.8
2019-04-03,6,1,6,4,3338,52,11,6.79,4.8
2019-04-03,6,1,3,5,4916,57,21,6.77,4.8
2019-04-03,6,1,5,6,5022,27,44,6.68,4.8
2019-04-03,6,2,4,1,3079,41,24,6.77,196.6
2019-04-03,6,2,3,2,4723,3,30,6.77,196.6
2019-04-03,6,2,6,3,3660,20,13,6.85,196.6
2019-04-03,6,2,5,4,3536,31,33,6.77,196.6
2019-04-03,6,2,2,5,3794,28,63,6.78,196.6
2019-04-03,6,2,1,6,4059,10,46,6.75,196.6
2019-04-03,6,3,3,1,3105,66,61,6.72,387.8
2019-04-03,6,3,6,2,4314,5,51,6.74,387.8
2019-04-03,6,3,2,3,3988,17,34,6.77,387.8
2019-04-03,6,3,1,4,4790,64,60,6.67,387.8
2019-04-03,6,3,4,5,4236,7,45,6.73,387.8
2019-04-03,6,3,5,6,3791,44,12,6.85,387.8
2019-04-03,6,4,3,1,4006,35,57,6.78,92.5
2019-04-03,6,4,6,2,4305,54,39,6.83,92.5
2019-04-03,6,4,1,3,3912,65,18,6.69,92.5
2019-04-03,6,4,4,4,3889,29,53,6.79,92.5
2019-04-03,6,4,5,5,4133,45,32,6.75,92.5
2019-04-03,6,4,2,6,4774,56,55,6.71,92.5
2019-04-03,6,5,3,1,3872,61,40,6.83,36.8
2019-04-03,6,5,1,2,3849,19,52,6.78,36.8
2019-04-03,6,5,4,3,3975,51,35,6.74,36.8
2019-04-03,6,5,5,4,3928,23,59,6.76,36.8
2019-04-03,6,5,2,5,4076,26,56,6.65,36.8
2019-04-03,6,5,6,6,4916,57,21,6.78,36.8
2019-04-03,6,6,6,1,4524,14,64,6.79,42.4
2019-04-03,6,6,1,2,4983,48,38,6.64,42.4
2019-04-03,6,6,2,3,4440,21,22,6.69,42.4
2019-04-03,6,6,5,4,4651,11,27,6.9,42.4
2019-04-03,6,6,3,5,4004,59,16,6.75,42.4
2019-04-03,6,6,4,6,3794,28,63,6.9,42.4
2019-04-03,6,8,2,1,3814,33,66,6.77,67.5
2019-04-03,6,8,4,2,3988,17,34,6.76,67.5
2019-04-03,6,8,1,3,3777,55,3,6.71,67.5
2019-04-03,6,8,3,4,3889,29,53,6.78,67.5
2019-04-03,6,8,6,5,5022,27,44,6.75,67.5
2019-04-03,6,8,5,6,3236,58,36,6.88,67.5
2019-04-03,6,9,1,1,4305,54,39,6.84,17.5
2019-04-03,6,9,4,2,4427,40,20,6.72,17.5
2019-04-03,6,9,6,3,3849,19,52,6.87,17.5
2019-04-03,6,9,2,4,4006,35,57,6.7,17.5
2019-04-03,6,9,5,5,4676,12,37,6.81,17.5
2019-04-03,6,9,3,6,3975,51,35,6.78,17.5
2019-04-03,6,10,1,1,4524,14,64,6.73,11.7
2019-04-03,6,10,2,2,4133,45,32,6.7,11.7
2019-04-03,6,10,5,3,4983,48,38,6.75,11.7
2019-04-03,6,10,4,4,3876,8,14,6.78,11.7
2019-04-03,6,10,3,5,4236,7,45,6.89,11.7
2019-04-03,6,10,6,6,4790,64,60,6.73,11.7
2019-04-03,6,12,6,1,3907,25,58,6.8,82.1
2019-04-03,6,12,3,2,4314,5,51,6.88,82.1
2019-04-03,6,12,1,3,3872,61,40,6.86,82.1
2019-04-03,6,12,4,4,4723,3,30,6.82,82.1
2019-04-03,6,12,5,5,4440,21,22,6.8,82.1
2019-04-03,6,12,2,6,3516,43,65,6.77,82.1
2019-04-04,7,1,1,1,3907,25,58,6.67,4.8
2019-04-04,7,1,2,2,3236,58,36,6.74,4.8
2019-04-04,7,1,3,3,3079,41,24,6.72,4.8
2019-04-04,7,1,5,4,3928,23,59,6.8,4.8
2019-04-04,7,1,6,5,4723,3,30,6.84,4.8
2019-04-04,7,1,4,6,3791,44,12,6.82,4.8
2019-04-04,7,2,1,1,3660,20,13,6.72,5.3
2019-04-04,7,2,2,2,3536,31,33,6.73,5.3
2019-04-04,7,2,4,3,3338,52,11,6.75,5.3
2019-04-04,7,2,5,4,3794,28,63,6.88,5.3
2019-04-04,7,2,3,5,4916,57,21,6.83,5.3
2019-04-04,7,2,6,6,5022,27,44,6.74,5.3
2019-04-04,7,3,1,1,4440,21,22,6.66,14.3
2019-04-04,7,3,2,2,3889,29,53,6.72,14.3
2019-04-04,7,3,6,3,3988,17,34,6.82,14.3
2019-04-04,7,3,4,4,4718,34,29,6.73,14.3
2019-04-04,7,3,3,5,4774,56,55,6.76,14.3
2019-04-04,7,3,5,6,4059,10,46,6.75,14.3
2019-04-04,7,4,1,1,4790,64,60,6.73,124.6
2019-04-04,7,4,6,2,3516,43,65,6.84,124.6
2019-04-04,7,4,4,3,3872,61,40,6.79,124.6
2019-04-04,7,4,5,4,3814,33,66,6.76,124.6
2019-04-04,7,4,2,5,4676,12,37,6.81,124.6
2019-04-04,7,4,3,6,4540,15,50,6.84,124.6
2019-04-04,7,5,1,1,3876,8,14,6.68,5.4
2019-04-04,7,5,2,2,3975,51,35,6.75,5.4
2019-04-04,7,5,4,3,4006,35,57,6.78,5.4
2019-04-04,7,5,3,4,3912,65,18,6.73,5.4
2019-04-04,7,5,5,5,3105,66,61,6.84,5.4
2019-04-04,7,5,6,6,3079,41,24,6.82,5.4
2019-04-04,7,6,1,1,3849,19,52,6.83,21.2
2019-04-04,7,6,2,2,3928,23,59,6.85,21.2
2019-04-04,7,6,6,3,4983,48,38,6.77,21.2
2019-04-04,7,6,4,4,4314,5,51,6.74,21.2
2019-04-04,7,6,3,5,3338,52,11,6.81,21.2
2019-04-04,7,6,5,6,3236,58,36,6.65,21.2
2019-04-04,7,7,1,1,4076,26,56,6.83,18.8
2019-04-04,7,7,2,2,3660,20,13,6.81,18.8
2019-04-04,7,7,4,3,4059,10,46,6.82,18.8
2019-04-04,7,7,5,4,3988,17,34,6.78,18.8
2019-04-04,7,7,6,5,3777,55,3,6.85,18.8
2019-04-04,7,7,3,6,3791,44,12,6.87,18.8
2019-04-04,7,8,1,1,4236,7,45,6.85,3.3
2019-04-04,7,8,2,2,3907,25,58,6.85,3.3
2019-04-04,7,8,4,3,3516,43,65,6.81,3.3
2019-04-04,7,8,5,4,4540,15,50,6.89,3.3
2019-04-04,7,8,6,5,4774,56,31,6.82,3.3
2019-04-04,7,8,3,6,3536,31,33,6.91,3.3
2019-04-04,7,9,1,1,4314,5,51,6.81,11.7
2019-04-04,7,9,2,2,3105,66,61,6.83,11.7
2019-04-04,7,9,6,3,3872,61,40,6.83,11.7
2019-04-04,7,9,4,4,3814,33,66,6.84,11.7
2019-04-04,7,9,3,5,4718,34,29,6.78,11.7
2019-04-04,7,9,5,6,3889,29,53,6.9,11.7
2019-04-04,7,10,1,1,4983,48,38,6.81,6.8
2019-04-04,7,10,2,2,3849,19,52,6.87,6.8
2019-04-04,7,10,3,3,4076,26,56,6.96,6.8
2019-04-04,7,10,5,4,3975,51,35,6.92,6.8
2019-04-04,7,10,4,5,3912,65,18,6.81,6.8
2019-04-04,7,10,6,6,4790,64,60,6.82,6.8
2019-04-04,7,11,3,1,3876,8,14,6.75,55.9
2019-04-04,7,11,2,2,4006,35,57,6.77,55.9
2019-04-04,7,11,4,3,4236,7,45,6.8,55.9
2019-04-04,7,11,5,4,4676,12,37,6.89,55.9
2019-04-04,7,11,1,5,3777,55,3,6.78,55.9
2019-04-04,7,11,6,6,4440,21,22,6.82,55.9
2019-04-04,7,12,1,1,4524,14,64,6.74,7.8
2019-04-04,7,12,2,2,4305,54,39,6.86,7.8
2019-04-04,7,12,5,3,4427,40,20,6.85,7.8
2019-04-04,7,12,4,4,4133,45,32,6.85,7.8
2019-04-04,7,12,6,5,4004,59,16,6.83,7.8
2019-04-04,7,12,3,6,4651,11,27,6.95,7.8
2019-04-08,1,2,1,1,3187,21,45,6.83,23.4
2019-04-08,1,2,3,2,3503,34,35,6.82,23.4
2019-04-08,1,2,5,3,3652,54,7,6.85,23.4
2019-04-08,1,2,2,4,3483,15,40,6.77,23.4
2019-04-08,1,2,6,5,3377,13,9,6.81,23.4
2019-04-08,1,2,4,6,4416,65,20,6.8,23.4
2019-04-08,1,3,1,1,4640,64,34,6.76,41.6
2019-04-08,1,3,2,2,3773,46,36,6.81,41.6
2019-04-08,1,3,4,3,3509,7,30,6.83,41.6
2019-04-08,1,3,6,4,3412,24,39,6.79,41.6
2019-04-08,1,3,5,5,4382,2,19,6.87,41.6
2019-04-08,1,3,3,6,3246,37,66,6.83,41.6
2019-04-08,1,4,4,1,3999,22,32,6.9,167.7
2019-04-08,1,4,2,2,4038,4,28,6.89,167.7
2019-04-08,1,4,6,3,3572,38,33,6.97,167.7
2019-04-08,1,4,5,4,3921,60,8,6.91,167.7
2019-04-08,1,4,3,5,4959,62,22,6.79,167.7
2019-04-08,1,4,1,6,4592,19,5,6.85,167.7
2019-04-08,1,5,1,1,3966,50,47,6.81,10.1
2019-04-08,1,5,3,2,4364,8,50,6.78,10.1
2019-04-08,1,5,5,3,3593,17,57,6.8,10.1
2019-04-08,1,5,4,4,4303,56,24,6.88,10.1
2019-04-08,1,5,6,5,4170,9,12,6.83,10.1
2019-04-08,1,5,2,6,3357,44,60,6.87,10.1
2019-04-08,1,6,6,1,4188,66,64,6.84,75.4
2019-04-08,1,6,4,2,4143,18,52,6.79,75.4
2019-04-08,1,6,5,3,3769,32,4,6.84,75.4
2019-04-08,1,6,1,4,4622,52,1,6.79,75.4
2019-04-08,1,6,2,5,4348,36,41,6.83,75.4
2019-04-08,1,6,3,6,4934,33,59,6.81,75.4
2019-04-08,1,7,2,1,4287,61,13,6.81,18.5
2019-04-08,1,7,1,2,3773,46,36,6.81,18.5
2019-04-08,1,7,3,3,3623,10,53,6.74,18.5
2019-04-08,1,7,5,4,4277,16,16,6.82,18.5
2019-04-08,1,7,6,5,3503,34,35,6.76,18.5
2019-04-08,1,7,4,6,3346,41,2,6.84,18.5
2019-04-08,1,8,1,1,3813,63,23,6.79,6.4
2019-04-08,1,8,4,2,4551,1,49,6.75,6.4
2019-04-08,1,8,2,3,4382,2,19,6.81,6.4
2019-04-08,1,8,6,4,4959,62,22,6.81,6.4
2019-04-08,1,8,5,5,3411,31,44,6.83,6.4
2019-04-08,1,8,3,6,3377,13,9,6.77,6.4
2019-04-08,1,9,1,1,3999,22,32,6.73,4.7
2019-04-08,1,9,3,2,3518,30,56,6.73,4.7
2019-04-08,1,9,4,3,4183,39,51,6.74,4.7
2019-04-08,1,9,2,4,3509,7,30,6.84,4.7
2019-04-08,1,9,5,5,3357,44,60,6.89,4.7
2019-04-08,1,9,6,6,3483,15,40,6.79,4.7
2019-04-08,1,10,2,1,3853,6,62,6.77,72.2
2019-04-08,1,10,5,2,4348,36,41,6.83,72.2
2019-04-08,1,10,1,3,4578,53,27,6.8,72.2
2019-04-08,1,10,6,4,4303,56,24,6.78,72.2
2019-04-08,1,10,3,5,3921,60,8,6.76,72.2
2019-04-08,1,10,4,6,3581,49,15,6.84,72.2
2019-04-08,1,11,3,1,3966,50,47,6.83,65.0
2019-04-08,1,11,5,2,4260,5,14,6.85,65.0
2019-04-08,1,11,1,3,4287,61,13,6.77,65.0
2019-04-08,1,11,4,4,3769,32,4,6.74,65.0
2019-04-08,1,11,2,5,3246,37,66,6.8,65.0
2019-04-08,1,11,6,6,4416,65,20,6.72,65.0
2019-04-08,1,12,6,1,4364,8,50,6.72,245.0
2019-04-08,1,12,1,2,3623,10,53,6.72,245.0
2019-04-08,1,12,2,3,3412,24,39,6.73,245.0
2019-04-08,1,12,3,4,3572,38,33,6.78,245.0
2019-04-08,1,12,4,5,4188,66,64,6.85,245.0
2019-04-08,1,12,5,6,3813,63,23,6.78,245.0
2019-04-09,2,1,1,1,4348,36,41,6.85,32.6
2019-04-09,2,1,5,2,4934,33,59,6.86,32.6
2019-04-09,2,1,3,3,3593,17,57,6.85,32.6
2019-04-09,2,1,6,4,3246,37,66,6.9,32.6
2019-04-09,2,1,2,5,4640,64,34,6.81,32.6
2019-04-09,2,1,4,6,3357,44,60,6.89,32.6
2019-04-09,2,2,5,1,3346,41,2,6.84,298.7
2019-04-09,2,2,6,2,4592,19,5,6.8,298.7
2019-04-09,2,2,4,3,4622,52,1,6.79,298.7
2019-04-09,2,2,1,4,4170,9,12,6.84,298.7
2019-04-09,2,2,3,5,4038,4,28,6.82,298.7
2019-04-09,2,2,2,6,4143,18,52,6.82,298.7
2019-04-09,2,4,4,1,3773,46,36,6.88,45.1
2019-04-09,2,4,5,2,3623,10,53,6.89,45.1
2019-04-09,2,4,6,3,4260,5,14,6.9,45.1
2019-04-09,2,4,3,4,4303,56,24,6.79,45.1
2019-04-09,2,4,2,5,3652,54,7,6.83,45.1
2019-04-09,2,4,1,6,3411,31,44,6.84,45.1
2019-04-09,2,5,4,1,4578,53,27,6.91,309.8
2019-04-09,2,5,2,2,3377,13,9,6.79,309.8
2019-04-09,2,5,5,3,3509,7,30,6.91,309.8
2019-04-09,2,5,1,4,3518,30,56,6.72,309.8
2019-04-09,2,5,6,5,3593,17,57,6.87,309.8
2019-04-09,2,5,3,6,3853,6,62,6.82,309.8
2019-04-09,2,6,1,1,3503,34,35,6.79,10.0
2019-04-09,2,6,2,2,3572,38,33,6.83,10.0
2019-04-09,2,6,4,3,4382,2,19,6.86,10.0
2019-04-09,2,6,6,4,3999,22,32,6.89,10.0
2019-04-09,2,6,5,5,3581,49,15,6.95,10.0
2019-04-09,2,6,3,6,4170,9,12,6.93,10.0
2019-04-09,2,7,2,1,4188,66,64,6.91,29.1
2019-04-09,2,7,6,2,4287,61,13,6.78,29.1
2019-04-09,2,7,5,3,4592,19,5,6.81,29.1
2019-04-09,2,7,1,4,4416,65,20,6.85,29.1
2019-04-09,2,7,3,5,4183,39,51,6.82,29.1
2019-04-09,2,7,4,6,3778,57,21,6.83,29.1
2019-04-09,2,8,1,1,4364,8,50,6.76,4.0
2019-04-09,2,8,4,2,3966,50,47,6.92,4.0
2019-04-09,2,8,2,3,3921,60,8,6.86,4.0
2019-04-09,2,8,3,4,3652,54,7,6.93,4.0
2019-04-09,2,8,6,5,4934,33,59,6.87,4.0
2019-04-09,2,8,5,6,4038,4,28,6.94,4.0
2019-04-09,2,9,1,1,4959,62,22,6.76,25.9
2019-04-09,2,9,3,2,3412,24,39,6.84,25.9
2019-04-09,2,9,4,3,3246,37,66,6.91,25.9
2019-04-09,2,9,2,4,3769,32,4,6.89,25.9
2019-04-09,2,9,5,5,4303,56,24,6.89,25.9
2019-04-09,2,9,6,6,3187,21,45,6.91,25.9
2019-04-09,2,11,1,1,3853,6,62,6.72,15.2
2019-04-09,2,11,5,2,3572,38,33,6.91,15.2
2019-04-09,2,11,4,3,4348,36,41,6.86,15.2
2019-04-09,2,11,2,4,4277,16,11,6.77,15.2
2019-04-09,2,11,6,5,4183,39,51,6.84,15.2
2019-04-09,2,11,3,6,4143,18,52,6.88,15.2
2019-04-09,2,12,1,1,4188,66,64,6.89,14.4
2019-04-09,2,12,3,2,4551,1,49,6.98,14.4
2019-04-09,2,12,2,3,3623,10,53,6.87,14.4
2019-04-09,2,12,4,4,3921,60,8,6.9,14.4
2019-04-09,2,12,5,5,3999,22,32,6.93,14.4
2019-04-09,2,12,6,6,4578,53,27,6.88,14.4
2019-04-10,3,1,1,1,3246,37,66,6.8,19.9
2019-04-10,3,1,6,2,4551,1,49,6.77,19.9
2019-04-10,3,1,3,3,3411,31,44,6.95,19.9
2019-04-10,3,1,4,4,4170,9,12,6.86,19.9
2019-04-10,3,1,5,5,3377,13,9,6.87,19.9
2019-04-10,3,1,2,6,3778,57,21,6.78,19.9
2019-04-10,3,2,4,1,4959,62,22,6.77,50.0
2019-04-10,3,2,3,2,3346,41,2,6.86,50.0
2019-04-10,3,2,2,3,3503,34,35,6.77,50.0
2019-04-10,3,2,5,4,4416,65,20,6.87,50.0
2019-04-10,3,2,1,5,3509,7,30,6.81,50.0
2019-04-10,3,2,6,6,3652,54,7,6.9,50.0
2019-04-10,3,3,1,1,3581,49,15,6.81,33.7
2019-04-10,3,3,2,2,3593,17,57,6.81,33.7
2019-04-10,3,3,4,3,3853,6,62,6.83,33.7
2019-04-10,3,3,5,4,3966,50,47,6.84,33.7
2019-04-10,3,3,6,5,4382,2,19,6.82,33.7
2019-04-10,3,3,3,6,3483,15,40,6.86,33.7
2019-04-10,3,4,4,1,4260,5,29,6.77,17.8
2019-04-10,3,4,5,2,4188,66,64,6.91,17.8
2019-04-10,3,4,2,3,4592,19,5,6.85,17.8
2019-04-10,3,4,3,4,4640,64,34,6.81,17.8
2019-04-10,3,4,6,5,3921,60,8,6.87,17.8
2019-04-10,3,4,1,6,3357,44,60,6.82,17.8
2019-04-10,3,5,1,1,4277,16,11,6.74,35.1
2019-04-10,3,5,3,2,3769,32,4,6.8,35.1
2019-04-10,3,5,6,3,3773,46,36,6.82,35.1
2019-04-10,3,5,5,4,3187,21,45,6.87,35.1
2019-04-10,3,5,4,5,4287,61,13,6.81,35.1
2019-04-10,3,5,2,6,4622,52,1,6.77,35.1
2019-04-10,3,6,3,1,4578,53,27,6.86,138.7
2019-04-10,3,6,2,2,4183,39,51,6.79,138.7
2019-04-10,3,6,6,3,4143,18,52,6.9,138.7
2019-04-10,3,6,5,4,4364,8,50,6.82,138.7
2019-04-10,3,6,4,5,3652,54,7,6.84,138.7
2019-04-10,3,6,1,6,3377,13,9,6.79,138.7
2019-04-10,3,7,1,1,4038,4,28,6.82,22.9
2019-04-10,3,7,6,2,3623,10,53,6.83,22.9
2019-04-10,3,7,4,3,3813,63,23,6.86,22.9
2019-04-10,3,7,3,4,4416,65,20,6.89,22.9
2019-04-10,3,7,2,5,3518,30,56,6.71,22.9
2019-04-10,3,7,5,6,4170,9,12,6.88,22.9
2019-04-10,3,8,1,1,3412,24,39,6.82,12.0
2019-04-10,3,8,4,2,3572,38,33,6.79,12.0
2019-04-10,3,8,6,3,4640,64,34,6.88,12.0
2019-04-10,3,8,2,4,4303,56,24,6.86,12.0
2019-04-10,3,8,3,5,3509,7,30,6.84,12.0
2019-04-10,3,8,5,6,3483,15,40,6.91,12.0
2019-04-10,3,9,5,1,3853,6,62,6.82,133.1
2019-04-10,3,9,4,2,4934,33,59,6.89,133.1
2019-04-10,3,9,2,3,4260,5,29,6.88,133.1
2019-04-10,3,9,6,4,3769,32,4,6.95,133.1
2019-04-10,3,9,3,5,3999,22,32,6.84,133.1
2019-04-10,3,9,1,6,3778,57,21,6.82,133.1
2019-04-10,3,10,1,1,4183,39,51,6.79,7.4
2019-04-10,3,10,3,2,4188,66,64,6.81,7.4
2019-04-10,3,10,2,3,4551,1,49,6.78,7.4
2019-04-10,3,10,4,4,3593,17,57,6.93,7.4
2019-04-10,3,10,6,5,4348,36,41,6.88,7.4
2019-04-10,3,10,5,6,4622,52,1,6.95,7.4
2019-04-10,3,11,1,1,4287,61,13,6.83,10.4
2019-04-10,3,11,2,2,4578,53,27,6.77,10.4
2019-04-10,3,11,6,3,3966,50,47,6.85,10.4
2019-04-10,3,11,3,4,3813,63,23,6.84,10.4
2019-04-10,3,11,4,5,3503,34,35,6.84,10.4
2019-04-10,3,11,5,6,3246,37,66,6.83,10.4
2019-04-10,3,12,1,1,4364,8,50,6.84,7.9
2019-04-10,3,12,2,2,4382,2,19,6.89,7.9
2019-04-10,3,12,4,3,3412,24,39,6.8,7.9
2019-04-10,3,12,3,4,4277,16,11,6.77,7.9
2019-04-10,3,12,5,5,4959,62,22,6.8,7.9
2019-04-10,3,12,6,6,3518,30,56,6.78,7.9
2019-04-11,4,1,1,1,3921,60,8,6.86,55.6
2019-04-11,4,1,4,2,4038,4,28,6.8,55.6
2019-04-11,4,1,3,3,3769,32,4,6.81,55.6
2019-04-11,4,1,2,4,3346,41,2,6.86,55.6
2019-04-11,4,1,5,5,4183,39,51,6.78,55.6
2019-04-11,4,1,6,6,3411,31,44,6.8,55.6
2019-04-11,4,2,1,1,3593,17,57,6.81,44.8
2019-04-11,4,2,4,2,3187,21,45,6.86,44.8
2019-04-11,4,2,2,3,4416,65,20,6.83,44.8
2019-04-11,4,2,5,4,3773,46,36,6.79,44.8
2019-04-11,4,2,3,5,4640,64,34,6.78,44.8
2019-04-11,4,2,6,6,3778,57,21,6.84,44.8
2019-04-11,4,3,5,1,3412,24,39,6.78,24.9
2019-04-11,4,3,6,2,3853,6,62,6.76,24.9
2019-04-11,4,3,3,3,3581,49,15,6.8,24.9
2019-04-11,4,3,1,4,4143,18,52,6.83,24.9
2019-04-11,4,3,2,5,4170,9,12,6.81,24.9
2019-04-11,4,3,4,6,4592,19,5,6.82,24.9
2019-04-11,4,4,1,1,4934,33,59,6.76,17.7
2019-04-11,4,4,3,2,3623,10,53,6.71,17.7
2019-04-11,4,4,6,3,4364,8,50,6.78,17.7
2019-04-11,4,4,5,4,4348,36,41,6.85,17.7
2019-04-11,4,4,2,5,4959,62,22,6.73,17.7
2019-04-11,4,4,4,6,3377,13,9,6.78,17.7
2019-04-11,4,5,3,1,3572,38,33,6.77,13.9
2019-04-11,4,5,1,2,4551,1,49,6.71,13.9
2019-04-11,4,5,4,3,4303,56,24,6.76,13.9
2019-04-11,4,5,5,4,3503,34,35,6.76,13.9
2019-04-11,4,5,2,5,3411,31,44,6.85,13.9
2019-04-11,4,5,6,6,4622,52,1,6.8,13.9
2019-04-11,4,6,1,1,3346,41,2,6.77,6.9
2019-04-11,4,6,2,2,3966,50,47,6.74,6.9
2019-04-11,4,6,5,3,4287,61,13,6.73,6.9
2019-04-11,4,6,3,4,4592,19,5,6.8,6.9
2019-04-11,4,6,4,5,3518,30,56,6.77,6.9
2019-04-11,4,6,6,6,3509,7,30,6.76,6.9
2019-04-11,4,7,2,1,3853,6,62,6.75,9.2
2019-04-11,4,7,1,2,3999,22,32,6.71,9.2
2019-04-11,4,7,5,3,4578,53,27,6.69,9.2
2019-04-11,4,7,3,4,3187,21,45,6.86,9.2
2019-04-11,4,7,6,5,4038,4,28,6.76,9.2
2019-04-11,4,7,4,6,3483,15,40,6.74,9.2
2019-04-11,4,8,4,1,4188,66,64,6.79,18.5
2019-04-11,4,8,1,2,3769,32,4,6.74,18.5
2019-04-11,4,8,3,3,3773,46,36,6.72,18.5
2019-04-11,4,8,2,4,4348,36,41,6.79,18.5
2019-04-11,4,8,5,5,4143,18,52,6.82,18.5
2019-04-11,4,8,6,6,3357,44,60,6.75,18.5
2019-04-11,4,9,2,1,4364,8,50,6.73,7.2
2019-04-11,4,9,1,2,4303,56,24,6.78,7.2
2019-04-11,4,9,3,3,3813,63,23,6.81,7.2
2019-04-11,4,9,6,4,3581,49,15,6.76,7.2
2019-04-11,4,9,4,5,3246,37,66,6.77,7.2
2019-04-11,4,9,5,6,4640,64,34,6.84,7.2
2019-04-11,4,11,1,1,3623,10,53,6.73,107.7
2019-04-11,4,11,6,2,4578,53,27,6.72,107.7
2019-04-11,4,11,4,3,3921,60,8,6.72,107.7
2019-04-11,4,11,5,4,4551,1,49,6.81,107.7
2019-04-11,4,11,2,5,3412,24,39,6.72,107.7
2019-04-11,4,11,3,6,3966,50,47,6.8,107.7
2019-04-11,4,12,3,1,3357,44,60,6.76,1141.5
2019-04-11,4,12,4,2,3999,22,32,6.76,1141.5
2019-04-11,4,12,6,3,4170,9,12,6.81,1141.5
2019-04-11,4,12,2,4,3518,30,56,6.71,1141.5
2019-04-11,4,12,5,5,3778,57,21,6.75,1141.5
2019-04-11,4,12,1,6,4183,39,51,6.68,1141.5
2019-04-12,5,1,1,1,4260,5,29,6.75,7.7
2019-04-12,5,1,4,2,3503,34,35,6.79,7.7
2019-04-12,5,1,2,3,4416,65,20,6.76,7.7
2019-04-12,5,1,6,4,3509,7,30,6.8,7.7
2019-04-12,5,1,5,5,4143,18,52,6.86,7.7
2019-04-12,5,1,3,6,3778,57,21,6.78,7.7
2019-04-12,5,2,3,1,4592,19,5,6.73,17.7
2019-04-12,5,2,1,2,4170,9,12,6.7,17.7
2019-04-12,5,2,2,3,3377,13,9,6.69,17.7
2019-04-12,5,2,5,4,3483,15,40,6.79,17.7
2019-04-12,5,2,4,5,3411,31,44,6.8,17.7
2019-04-12,5,2,6,6,3357,44,60,6.83,17.7
2019-04-12,5,3,5,1,3966,50,47,6.78,65.2
2019-04-12,5,3,6,2,3572,38,33,6.81,65.2
2019-04-12,5,3,3,3,3769,32,4,6.7,65.2
2019-04-12,5,3,1,4,3346,41,2,6.78,65.2
2019-04-12,5,3,2,5,3187,21,45,6.85,65.2
2019-04-12,5,3,4,6,3581,49,15,6.76,65.2
2019-04-12,5,4,6,1,4364,8,50,6.69,57.4
2019-04-12,5,4,1,2,3593,17,57,6.66,57.4
2019-04-12,5,4,2,3,4287,61,13,6.73,57.4
2019-04-12,5,4,4,4,4382,2,31,6.75,57.4
2019-04-12,5,4,3,5,3773,46,36,6.72,57.4
2019-04-12,5,4,5,6,4183,39,51,6.75,57.4
2019-04-12,5,5,1,1,3813,63,23,6.83,10.8
2019-04-12,5,5,2,2,4934,33,59,6.74,10.8
2019-04-12,5,5,5,3,3412,24,39,6.74,10.8
2019-04-12,5,5,3,4,4303,56,24,6.76,10.8
2019-04-12,5,5,6,5,4959,62,22,6.71,10.8
2019-04-12,5,5,4,6,4551,1,49,6.77,10.8
2019-04-12,5,6,4,1,4578,53,27,6.73,59.0
2019-04-12,5,6,5,2,3623,10,53,6.7,59.0
2019-04-12,5,6,2,3,4622,52,1,6.74,59.0
2019-04-12,5,6,6,4,3246,37,66,6.81,59.0
2019-04-12,5,6,1,5,4348,36,41,6.75,59.0
2019-04-12,5,6,3,6,3483,15,40,6.73,59.0
2019-04-12,5,7,2,1,3999,22,32,6.73,46.0
2019-04-12,5,7,1,2,4038,4,28,6.69,46.0
2019-04-12,5,7,6,3,4188,66,64,6.75,46.0
2019-04-12,5,7,4,4,3769,32,4,6.78,46.0
2019-04-12,5,7,3,5,3581,49,15,6.76,46.0
2019-04-12,5,7,5,6,3518,30,56,6.65,46.0
2019-04-12,5,8,5,1,3503,34,35,6.81,279.6
2019-04-12,5,8,1,2,3853,6,62,6.69,279.6
2019-04-12,5,8,4,3,3921,60,8,6.79,279.6
2019-04-12,5,8,3,4,4640,64,34,6.77,279.6
2019-04-12,5,8,6,5,4416,65,20,6.8,279.6
2019-04-12,5,8,2,6,4183,39,51,6.69,279.6
2019-04-12,5,10,1,1,4364,8,50,6.69,6.7
2019-04-12,5,10,3,2,4578,53,27,6.75,6.7
2019-04-12,5,10,4,3,3813,63,23,6.84,6.7
2019-04-12,5,10,5,4,3187,21,45,6.83,6.7
2019-04-12,5,10,6,5,3593,17,57,6.79,6.7
2019-04-12,5,10,2,6,3412,24,39,6.65,6.7
2019-04-12,5,11,1,1,4188,66,64,6.72,5.3
2019-04-12,5,11,2,2,3623,10,65,6.71,5.3
2019-04-12,5,11,4,3,4287,61,13,6.74,5.3
2019-04-12,5,11,5,4,3999,22,32,6.81,5.3
2019-04-12,5,11,6,5,3346,41,2,6.8,5.3
2019-04-12,5,11,3,6,3853,6,62,6.75,5.3
2019-04-12,5,12,1,1,4382,2,31,6.84,14.1
2019-04-12,5,12,4,2,4348,36,41,6.88,14.1
2019-04-12,5,12,2,3,4592,19,5,6.79,14.1
2019-04-12,5,12,3,4,3246,37,66,6.81,14.1
2019-04-12,5,12,6,5,3921,60,8,6.8,14.1
2019-04-12,5,12,5,6,4303,56,24,6.75,14.1
2019-04-13,6,1,2,1,4959,62,22,6.74,15.0
2019-04-13,6,1,1,2,3246,37,66,6.65,15.0
2019-04-13,6,1,5,3,3581,49,15,6.74,15.0
2019-04-13,6,1,3,4,4170,9,12,6.75,15.0
2019-04-13,6,1,6,5,4038,4,28,6.87,15.0
2019-04-13,6,1,4,6,3778,57,21,6.78,15.0
2019-04-13,6,2,5,1,3377,13,9,6.8,365.7
2019-04-13,6,2,6,2,4640,64,34,6.81,365.7
2019-04-13,6,2,1,3,3509,7,30,6.75,365.7
2019-04-13,6,2,2,4,4143,18,52,6.78,365.7
2019-04-13,6,2,4,5,3483,15,40,6.79,365.7
2019-04-13,6,2,3,6,4622,52,1,6.74,365.7
2019-04-13,6,3,2,1,3346,41,2,6.74,23.1
2019-04-13,6,3,4,2,4303,56,24,6.71,23.1
2019-04-13,6,3,3,3,3593,17,57,6.76,23.1
2019-04-13,6,3,6,4,4183,39,51,6.75,23.1
2019-04-13,6,3,1,5,3357,44,60,6.74,23.1
2019-04-13,6,3,5,6,3503,34,35,6.72,23.1
2019-04-13,6,4,3,1,4416,65,20,6.77,109.1
2019-04-13,6,4,1,2,3187,21,45,6.77,109.1
2019-04-13,6,4,6,3,3999,22,32,6.83,109.1
2019-04-13,6,4,4,4,4348,36,41,6.78,109.1
2019-04-13,6,4,2,5,4934,33,59,6.76,109.1
2019-04-13,6,4,5,6,3411,31,44,6.82,109.1
2019-04-13,6,5,4,1,3921,60,8,6.78,119.6
2019-04-13,6,5,2,2,3518,30,56,6.72,119.6
2019-04-13,6,5,6,3,3773,46,36,6.82,119.6
2019-04-13,6,5,3,4,3778,57,21,6.81,119.6
2019-04-13,6,5,1,5,3412,24,39,6.71,119.6
2019-04-13,6,5,5,6,4170,9,12,6.8,119.6
2019-04-13,6,6,1,1,4260,5,29,6.75,12.0
2019-04-13,6,6,3,2,4959,62,22,6.77,12.0
2019-04-13,6,6,4,3,3769,32,4,6.71,12.0
2019-04-13,6,6,6,4,4592,19,5,6.77,12.0
2019-04-13,6,6,5,5,4143,18,52,6.81,12.0
2019-04-13,6,6,2,6,4382,2,31,6.76,12.0
2019-04-13,6,7,1,1,3853,6,62,6.69,22.7
2019-04-13,6,7,4,2,3246,37,66,6.75,22.7
2019-04-13,6,7,3,3,4038,4,28,6.81,22.7
2019-04-13,6,7,2,4,4640,64,34,6.72,22.7
2019-04-13,6,7,6,5,3813,63,23,6.82,22.7
2019-04-13,6,7,5,6,3357,44,60,6.8,22.7
2019-04-13,6,8,4,1,4183,39,51,6.72,62.0
2019-04-13,6,8,5,2,3509,7,30,6.79,62.0
2019-04-13,6,8,1,3,4287,61,13,6.73,62.0
2019-04-13,6,8,2,4,4303,56,24,6.81,62.0
2019-04-13,6,8,3,5,3411,31,44,6.78,62.0
2019-04-13,6,8,6,6,4622,52,1,6.76,62.0
2019-04-13,6,9,1,1,3921,60,8,6.86,75.3
2019-04-13,6,9,6,2,4348,36,41,6.79,75.3
2019-04-13,6,9,4,3,3377,13,9,6.87,75.3
2019-04-13,6,9,5,4,3518,30,56,6.76,75.3
2019-04-13,6,9,3,5,3769,32,4,6.85,75.3
2019-04-13,6,9,2,6,3503,34,35,6.9,75.3
2019-04-13,6,11,1,1,3813,63,23,6.83,53.9
2019-04-13,6,11,4,2,4934,33,59,6.75,53.9
2019-04-13,6,11,3,3,3187,21,45,6.94,53.9
2019-04-13,6,11,2,4,4287,61,13,6.8,53.9
2019-04-13,6,11,5,5,3853,6,62,6.8,53.9
2019-04-13,6,11,6,6,4382,2,31,6.83,53.9
2019-04-13,6,12,2,1,4364,8,50,6.7,57.9
2019-04-13,6,12,3,2,3966,50,47,6.76,57.9
2019-04-13,6,12,1,3,4188,66,64,6.74,57.9
2019-04-13,6,12,5,4,3623,10,65,6.74,57.9
2019-04-13,6,12,6,5,4578,53,27,6.68,57.9
2019-04-13,6,12,4,6,3572,38,33,6.82,57.9
2019-04-20,1,1,1,1,4154,26,38,6.69,13.6
2019-04-20,1,1,5,2,4105,27,10,6.83,13.6
2019-04-20,1,1,2,3,4182,47,2,6.74,13.6
2019-04-20,1,1,4,4,3454,66,33,6.84,13.6
2019-04-20,1,1,3,5,3542,43,64,6.78,13.6
2019-04-20,1,1,6,6,5053,46,46,6.76,13.6
2019-04-20,1,2,6,1,3170,40,43,6.91,238.9
2019-04-20,1,2,1,2,3277,32,14,6.73,238.9
2019-04-20,1,2,4,3,5001,35,15,6.8,238.9
2019-04-20,1,2,2,4,3865,60,47,6.79,238.9
2019-04-20,1,2,3,5,3691,29,51,6.89,238.9
2019-04-20,1,2,5,6,4529,25,36,6.87,238.9
2019-04-20,1,3,4,1,4864,10,9,6.76,275.1
2019-04-20,1,3,3,2,4852,31,56,6.76,275.1
2019-04-20,1,3,2,3,4396,2,63,6.81,275.1
2019-04-20,1,3,6,4,4466,14,61,6.81,275.1
2019-04-20,1,3,1,5,3460,23,31,6.77,275.1
2019-04-20,1,3,5,6,4209,54,62,6.85,275.1
2019-04-20,1,4,1,1,3020,16,41,6.8,32.1
2019-04-20,1,4,3,2,4015,7,8,6.71,32.1
2019-04-20,1,4,4,3,4388,19,1,6.81,32.1
2019-04-20,1,4,5,4,4457,28,26,6.91,32.1
2019-04-20,1,4,6,5,4025,12,22,6.81,32.1
2019-04-20,1,4,2,6,4107,44,27,6.88,32.1
2019-04-20,1,5,3,1,3385,9,55,6.81,26.1
2019-04-20,1,5,4,2,4848,36,59,6.91,26.1
2019-04-20,1,5,1,3,4138,62,45,6.82,26.1
2019-04-20,1,5,5,4,3979,61,25,6.92,26.1
2019-04-20,1,5,6,5,3583,55,13,6.88,26.1
2019-04-20,1,5,2,6,3848,57,18,6.87,26.1
2019-04-20,1,6,5,1,4344,20,21,6.88,68.1
2019-04-20,1,6,1,2,3353,5,17,6.78,68.1
2019-04-20,1,6,3,3,3277,32,14,6.76,68.1
2019-04-20,1,6,4,4,4022,64,6,6.79,68.1
2019-04-20,1,6,2,5,3730,34,37,6.78,68.1
2019-04-20,1,6,6,6,3539,51,16,6.75,68.1
2019-04-20,1,7,3,1,4024,59,30,6.69,16.3
2019-04-20,1,7,1,2,3542,43,64,6.77,16.3
2019-04-20,1,7,2,3,4413,11,49,6.81,16.3
2019-04-20,1,7,5,4,3882,3,4,6.93,16.3
2019-04-20,1,7,6,5,3691,29,51,6.87,16.3
2019-04-20,1,7,4,6,4396,2,63,6.83,16.3
2019-04-20,1,9,1,1,4015,7,8,6.76,6.3
2019-04-20,1,9,4,2,3940,17,7,6.79,6.3
2019-04-20,1,9,2,3,4466,14,61,6.8,6.3
2019-04-20,1,9,5,4,4182,47,2,6.82,6.3
2019-04-20,1,9,3,5,3848,57,18,6.88,6.3
2019-04-20,1,9,6,6,4529,25,36,6.81,6.3
2019-04-20,1,10,1,1,3385,9,55,6.79,19.9
2019-04-20,1,10,5,2,4022,64,6,6.87,19.9
2019-04-20,1,10,2,3,4105,27,10,6.77,19.9
2019-04-20,1,10,6,4,4852,31,56,6.9,19.9
2019-04-20,1,10,3,5,4836,58,5,6.76,19.9
2019-04-20,1,10,4,6,3170,40,43,6.83,19.9
2019-04-20,1,11,1,1,4413,11,49,6.79,84.8
2019-04-20,1,11,6,2,3454,66,33,6.79,84.8
2019-04-20,1,11,4,3,4138,62,45,6.87,84.8
2019-04-20,1,11,2,4,4209,54,62,6.83,84.8
2019-04-20,1,11,3,5,4388,19,1,6.83,84.8
2019-04-20,1,11,5,6,3730,34,37,6.85,84.8
2019-04-20,1,12,4,1,4344,20,21,6.91,68.0
2019-04-20,1,12,1,2,4024,59,30,6.72,68.0
2019-04-20,1,12,2,3,4848,36,59,6.78,68.0
2019-04-20,1,12,6,4,3940,17,7,6.8,68.0
2019-04-20,1,12,3,5,4025,12,22,6.78,68.0
2019-04-20,1,12,5,6,4218,45,58,6.79,68.0
2019-04-21,2,1,1,1,4852,31,56,6.82,14.4
2019-04-21,2,1,3,2,3583,55,13,6.98,14.4
2019-04-21,2,1,2,3,3979,61,25,6.92,14.4
2019-04-21,2,1,4,4,3020,16,41,6.9,14.4
2019-04-21,2,1,6,5,5001,35,15,6.84,14.4
2019-04-21,2,1,5,6,5053,46,46,7.0,14.4
2019-04-21,2,2,3,1,3865,60,47,6.85,90.3
2019-04-21,2,2,6,2,3460,23,31,6.79,90.3
2019-04-21,2,2,1,3,3539,51,16,6.77,90.3
2019-04-21,2,2,2,4,4457,28,26,6.82,90.3
2019-04-21,2,2,4,5,4107,44,27,6.88,90.3
2019-04-21,2,2,5,6,3839,18,28,6.88,90.3
2019-04-21,2,3,2,1,4022,64,6,6.79,14.1
2019-04-21,2,3,1,2,3454,66,33,6.87,14.1
2019-04-21,2,3,3,3,3882,3,4,6.88,14.1
2019-04-21,2,3,5,4,3848,57,18,6.92,14.1
2019-04-21,2,3,6,5,3277,32,14,6.85,14.1
2019-04-21,2,3,4,6,4358,48,66,6.84,14.1
2019-04-21,2,5,4,1,4025,12,22,6.8,63.1
2019-04-21,2,5,2,2,4388,19,1,6.83,63.1
2019-04-21,2,5,1,3,4466,14,61,6.78,63.1
2019-04-21,2,5,5,4,4396,2,63,6.88,63.1
2019-04-21,2,5,3,5,3353,5,17,6.81,63.1
2019-04-21,2,5,6,6,4529,25,36,6.76,63.1
2019-04-21,2,6,1,1,3691,29,51,6.87,69.6
2019-04-21,2,6,2,2,3940,17,7,6.79,69.6
2019-04-21,2,6,6,3,4138,62,45,6.83,69.6
2019-04-21,2,6,5,4,4024,59,30,6.8,69.6
2019-04-21,2,6,3,5,3979,61,25,6.92,69.6
2019-04-21,2,6,4,6,4457,28,26,6.92,69.6
2019-04-21,2,7,2,1,3882,3,4,6.87,21.4
2019-04-21,2,7,4,2,4413,11,49,6.93,21.4
2019-04-21,2,7,5,3,4015,7,8,6.86,21.4
2019-04-21,2,7,1,4,3583,55,13,6.92,21.4
2019-04-21,2,7,3,5,4105,27,10,6.9,21.4
2019-04-21,2,7,6,6,3839,18,28,6.82,21.4
2019-04-21,2,8,1,1,4344,20,21,6.82,9.8
2019-04-21,2,8,4,2,3385,9,55,6.87,9.8
2019-04-21,2,8,5,3,3865,60,47,6.9,9.8
2019-04-21,2,8,2,4,4836,58,5,6.77,9.8
2019-04-21,2,8,3,5,4182,47,2,6.8,9.8
2019-04-21,2,8,6,6,5053,46,46,7.01,9.8
2019-04-21,2,10,1,1,3940,17,7,6.77,96.2
2019-04-21,2,10,5,2,4358,48,66,6.82,96.2
2019-04-21,2,10,6,3,3353,5,17,6.96,96.2
2019-04-21,2,10,3,4,3539,51,16,6.83,96.2
2019-04-21,2,10,4,5,4209,54,62,6.81,96.2
2019-04-21,2,10,2,6,4218,45,58,6.79,96.2
2019-04-21,2,11,1,1,4388,19,1,6.89,49.1
2019-04-21,2,11,3,2,4022,64,6,6.88,49.1
2019-04-21,2,11,4,3,4015,7,8,6.85,49.1
2019-04-21,2,11,2,4,4024,59,30,6.82,49.1
2019-04-21,2,11,5,5,4154,26,38,6.89,49.1
2019-04-21,2,11,6,6,3385,9,55,6.88,49.1
2019-04-21,2,12,1,1,4848,36,59,6.84,43.4
2019-04-21,2,12,3,2,4138,62,45,6.86,43.4
2019-04-21,2,12,5,3,4466,14,61,6.88,43.4
2019-04-21,2,12,6,4,4413,11,49,6.85,43.4
2019-04-21,2,12,2,5,4344,20,21,6.93,43.4
2019-04-21,2,12,4,6,4852,31,56,6.84,43.4
2019-04-22,3,1,1,1,3882,3,4,6.71,17.1
2019-04-22,3,1,2,2,3583,55,13,6.83,17.1
2019-04-22,3,1,5,3,3691,29,51,6.89,17.1
2019-04-22,3,1,3,4,3848,57,18,6.8,17.1
2019-04-22,3,1,6,5,5001,35,15,6.73,17.1
2019-04-22,3,1,4,6,3539,51,16,6.85,17.1
2019-04-22,3,2,5,1,3460,23,31,6.91,102.9
2019-04-22,3,2,1,2,3979,61,25,6.77,102.9
2019-04-22,3,2,2,3,3542,43,64,6.82,102.9
2019-04-22,3,2,4,4,4182,47,2,6.79,102.9
2019-04-22,3,2,6,5,5053,46,46,6.95,102.9
2019-04-22,3,2,3,6,4107,44,27,6.91,102.9
2019-04-22,3,4,5,1,4413,11,49,6.82,142.7
2019-04-22,3,4,4,2,4209,54,62,6.76,142.7
2019-04-22,3,4,1,3,3865,60,47,6.82,142.7
2019-04-22,3,4,3,4,4466,14,61,6.77,142.7
2019-04-22,3,4,2,5,3020,16,41,6.78,142.7
2019-04-22,3,4,6,6,4457,28,26,6.84,142.7
2019-04-22,3,5,1,1,4022,64,6,6.74,6.8
2019-04-22,3,5,4,2,3940,17,7,6.81,6.8
2019-04-22,3,5,5,3,4848,36,59,6.87,6.8
2019-04-22,3,5,2,4,3353,5,17,6.83,6.8
2019-04-22,3,5,3,5,4836,58,5,6.81,6.8
2019-04-22,3,5,6,6,3839,18,28,6.88,6.8
2019-04-22,3,6,3,1,4358,48,66,6.85,37.9
2019-04-22,3,6,2,2,4388,19,1,6.79,37.9
2019-04-22,3,6,4,3,4852,31,56,6.94,37.9
2019-04-22,3,6,1,4,4107,44,27,6.81,37.9
2019-04-22,3,6,5,5,3385,9,55,6.84,37.9
2019-04-22,3,6,6,6,4396,2,63,6.8,37.9
2019-04-22,3,7,2,1,4025,12,22,6.77,17.2
2019-04-22,3,7,5,2,4344,20,21,6.86,17.2
2019-04-22,3,7,4,3,4015,7,8,6.77,17.2
2019-04-22,3,7,6,4,4154,26,38,6.75,17.2
2019-04-22,3,7,1,5,3848,57,18,6.83,17.2
2019-04-22,3,7,3,6,3460,23,31,6.81,17.2
2019-04-22,3,8,2,1,4138,62,45,6.72,12.7
2019-04-22,3,8,1,2,4209,54,62,6.79,12.7
2019-04-22,3,8,4,3,4466,14,61,6.82,12.7
2019-04-22,3,8,3,4,3277,32,14,6.78,12.7
2019-04-22,3,8,6,5,4864,10,9,6.8,12.7
2019-04-22,3,8,5,6,3583,55,13,6.87,12.7
2019-04-22,3,9,1,1,4848,36,59,6.78,42.3
2019-04-22,3,9,6,2,4388,19,1,6.78,42.3
2019-04-22,3,9,4,3,4218,45,58,6.73,42.3
2019-04-22,3,9,3,4,3454,66,44,6.83,42.3
2019-04-22,3,9,5,5,3020,16,41,6.77,42.3
2019-04-22,3,9,2,6,4413,11,49,6.76,42.3
2019-04-22,3,10,1,1,3385,9,55,6.83,15.4
2019-04-22,3,10,2,2,3940,17,7,6.72,15.4
2019-04-22,3,10,6,3,4105,27,10,6.77,15.4
2019-04-22,3,10,4,4,3882,3,4,6.82,15.4
2019-04-22,3,10,3,5,4852,31,56,6.84,15.4
2019-04-22,3,10,5,6,3170,40,43,6.87,15.4
2019-04-22,3,12,3,1,4025,12,22,6.82,12.8
2019-04-22,3,12,1,2,4836,58,5,6.73,12.8
2019-04-22,3,12,5,3,4358,48,66,6.8,12.8
2019-04-22,3,12,6,4,4182,47,2,6.89,12.8
2019-04-22,3,12,2,5,3691,29,51,6.87,12.8
2019-04-22,3,12,4,6,3730,34,37,6.84,12.8
2019-04-23,4,1,2,1,3583,55,13,6.78,83.0
2019-04-23,4,1,1,2,3730,34,37,6.85,83.0
2019-04-23,4,1,4,3,5001,35,15,6.76,83.0
2019-04-23,4,1,3,4,3691,29,51,6.82,83.0
2019-04-23,4,1,5,5,3542,43,64,6.82,83.0
2019-04-23,4,1,6,6,5053,46,46,6.87,83.0
2019-04-23,4,2,3,1,4182,47,2,6.75,17.1
2019-04-23,4,2,1,2,4457,28,26,6.82,17.1
2019-04-23,4,2,4,3,3979,61,25,6.88,17.1
2019-04-23,4,2,2,4,3539,51,16,6.82,17.1
2019-04-23,4,2,6,5,4107,44,27,6.86,17.1
2019-04-23,4,2,5,6,4529,25,36,6.82,17.1
2019-04-23,4,3,4,1,4015,7,8,6.76,18.5
2019-04-23,4,3,1,2,4396,2,63,6.75,18.5
2019-04-23,4,3,3,3,4209,54,62,6.74,18.5
2019-04-23,4,3,2,4,3170,40,43,6.78,18.5
2019-04-23,4,3,6,5,3848,57,18,6.84,18.5
2019-04-23,4,3,5,6,3020,16,41,6.77,18.5
2019-04-23,4,4,3,1,4025,12,22,6.74,9.7
2019-04-23,4,4,1,2,3277,32,14,6.73,9.7
2019-04-23,4,4,4,3,4105,27,10,6.71,9.7
2019-04-23,4,4,2,4,3454,66,44,6.82,9.7
2019-04-23,4,4,5,5,4836,58,5,6.8,9.7
2019-04-23,4,4,6,6,4864,10,9,6.72,9.7
2019-04-23,4,5,3,1,3882,3,4,6.78,14.9
2019-04-23,4,5,1,2,4466,14,61,6.7,14.9
2019-04-23,4,5,4,3,4358,48,66,6.74,14.9
2019-04-23,4,5,5,4,5053,46,46,6.89,14.9
2019-04-23,4,5,2,5,3865,60,47,6.78,14.9
2019-04-23,4,5,6,6,3839,18,28,6.81,14.9
2019-04-23,4,6,2,1,4218,45,58,6.8,20.2
2019-04-23,4,6,3,2,4344,20,21,6.85,20.2
2019-04-23,4,6,6,3,4154,26,38,6.75,20.2
2019-04-23,4,6,1,4,4182,47,2,6.74,20.2
2019-04-23,4,6,4,5,3542,43,64,6.89,20.2
2019-04-23,4,6,5,6,3539,51,16,6.79,20.2
2019-04-23,4,7,1,1,4852,31,56,6.77,7.7
2019-04-23,4,7,2,2,3460,23,31,6.77,7.7
2019-04-23,4,7,5,3,4015,7,8,6.82,7.7
2019-04-23,4,7,4,4,3691,29,51,6.89,7.7
2019-04-23,4,7,3,5,4457,28,26,6.95,7.7
2019-04-23,4,7,6,6,4138,62,45,6.74,7.7
2019-04-23,4,8,1,1,4413,11,49,6.8,11.3
2019-04-23,4,8,4,2,4836,58,5,6.77,11.3
2019-04-23,4,8,5,3,5001,35,15,6.87,11.3
2019-04-23,4,8,2,4,3730,34,37,6.86,11.3
2019-04-23,4,8,3,5,4107,44,27,6.89,11.3
2019-04-23,4,8,6,6,4529,25,36,6.85,11.3
2019-04-23,4,9,1,1,4358,48,66,6.78,13.3
2019-04-23,4,9,4,2,4209,54,62,6.81,13.3
2019-04-23,4,9,2,3,4025,12,22,6.78,13.3
2019-04-23,4,9,3,4,4396,2,63,6.8,13.3
2019-04-23,4,9,6,5,3979,61,25,6.88,13.3
2019-04-23,4,9,5,6,3583,55,13,6.86,13.3
2019-04-23,4,10,1,1,4105,27,10,6.82,6.7
2019-04-23,4,10,2,2,4344,20,21,6.84,6.7
2019-04-23,4,10,3,3,3454,66,44,6.85,6.7
2019-04-23,4,10,6,4,4466,14,61,6.85,6.7
2019-04-23,4,10,4,5,3865,60,47,6.82,6.7
2019-04-23,4,10,5,6,3170,40,43,6.88,6.7
2019-04-23,4,11,1,1,4218,45,58,6.79,6.6
2019-04-23,4,11,2,2,3882,3,4,6.8,6.6
2019-04-23,4,11,4,3,4413,11,49,6.91,6.6
2019-04-23,4,11,3,4,4852,31,56,6.86,6.6
2019-04-23,4,11,5,5,3460,23,31,6.83,6.6
2019-04-23,4,11,6,6,3277,32,14,6.8,6.6
2019-04-23,4,12,1,1,3385,9,55,6.86,49.1
2019-04-23,4,12,3,2,4022,64,6,6.79,49.1
2019-04-23,4,12,5,3,4388,19,1,6.82,49.1
2019-04-23,4,12,4,4,3940,17,7,6.78,49.1
2019-04-23,4,12,2,5,4848,36,59,6.84,49.1
2019-04-23,4,12,6,6,3353,5,17,6.9,49.1
2019-04-27,1,1,1,1,4331,1,6,6.68,15.1
2019-04-27,1,1,2,2,3478,41,62,6.74,15.1
2019-04-27,1,1,6,3,4010,37,35,6.76,15.1
2019-04-27,1,1,4,4,4185,51,2,6.75,15.1
2019-04-27,1,1,3,5,4931,48,17,6.74,15.1
2019-04-27,1,1,5,6,5032,45,10,6.8,15.1
2019-04-27,1,2,1,1,3064,8,31,6.58,23.2
2019-04-27,1,2,3,2,3234,65,55,6.8,23.2
2019-04-27,1,2,6,3,3710,31,8,6.71,23.2
2019-04-27,1,2,5,4,3910,13,28,6.82,23.2
2019-04-27,1,2,4,5,4249,43,40,6.75,23.2
2019-04-27,1,2,2,6,4020,21,45,6.67,23.2
2019-04-27,1,3,4,1,4821,4,39,6.68,133.4
2019-04-27,1,3,2,2,3578,20,41,6.76,133.4
2019-04-27,1,3,6,3,3401,15,65,6.76,133.4
2019-04-27,1,3,3,4,4511,56,27,6.78,133.4
2019-04-27,1,3,5,5,4739,35,43,6.73,133.4
2019-04-27,1,3,1,6,3855,5,63,6.68,133.4
2019-04-27,1,4,3,1,3907,22,13,6.78,13.0
2019-04-27,1,4,1,2,3701,50,59,6.76,13.0
2019-04-27,1,4,5,3,3541,3,49,6.79,13.0
2019-04-27,1,4,4,4,4034,16,22,6.74,13.0
2019-04-27,1,4,6,5,3832,52,18,6.79,13.0
2019-04-27,1,4,2,6,4946,59,50,6.75,13.0
2019-04-27,1,5,3,1,3568,26,44,6.83,287.9
2019-04-27,1,5,2,2,4260,19,33,6.74,287.9
2019-04-27,1,5,5,3,4221,53,14,6.79,287.9
2019-04-27,1,5,4,4,3543,40,25,6.8,287.9
2019-04-27,1,5,1,5,3837,47,15,6.78,287.9
2019-04-27,1,5,6,6,5037,46,37,6.81,287.9
2019-04-27,1,7,6,1,4030,39,24,6.81,231.3
2019-04-27,1,7,4,2,3710,31,8,6.66,231.3
2019-04-27,1,7,5,3,3553,30,23,6.77,231.3
2019-04-27,1,7,1,4,3578,20,41,6.79,231.3
2019-04-27,1,7,2,5,4772,58,26,6.77,231.3
2019-04-27,1,7,3,6,4010,37,35,6.73,231.3
2019-04-27,1,8,1,1,3849,38,16,6.83,5.7
2019-04-27,1,8,4,2,4852,29,38,6.64,5.7
2019-04-27,1,8,2,3,4348,6,4,6.71,5.7
2019-04-27,1,8,3,4,3855,5,63,6.72,5.7
2019-04-27,1,8,6,5,5032,45,10,6.74,5.7
2019-04-27,1,8,5,6,4020,21,45,6.71,5.7
2019-04-27,1,9,2,1,4459,17,5,6.71,17.6
2019-04-27,1,9,1,2,3543,40,25,6.71,17.6
2019-04-27,1,9,5,3,4452,23,11,6.75,17.6
2019-04-27,1,9,3,4,3064,8,31,6.59,17.6
2019-04-27,1,9,4,5,4931,48,17,6.76,17.6
2019-04-27,1,9,6,6,4821,4,39,6.73,17.6
2019-04-27,1,10,5,1,4331,1,6,6.82,272.8
2019-04-27,1,10,2,2,4739,35,43,6.74,272.8
2019-04-27,1,10,6,3,4260,19,33,6.86,272.8
2019-04-27,1,10,4,4,4776,27,19,6.74,272.8
2019-04-27,1,10,1,5,3907,22,13,6.68,272.8
2019-04-27,1,10,3,6,3910,13,28,6.78,272.8
2019-04-27,1,11,3,1,3975,14,54,6.69,151.5
2019-04-27,1,11,2,2,3837,47,15,6.78,151.5
2019-04-27,1,11,6,3,4348,6,4,6.7,151.5
2019-04-27,1,11,4,4,3401,15,65,6.77,151.5
2019-04-27,1,11,1,5,4772,58,26,6.72,151.5
2019-04-27,1,11,5,6,3832,52,18,6.82,151.5
2019-04-27,1,12,1,1,4459,17,5,6.62,13.6
2019-04-27,1,12,3,2,4030,39,24,6.67,13.6
2019-04-27,1,12,6,3,4643,49,58,6.7,13.6
2019-04-27,1,12,5,4,3568,26,44,6.8,13.6
2019-04-27,1,12,2,5,3541,3,49,6.81,13.6
2019-04-27,1,12,4,6,3849,38,16,6.8,13.6
2019-04-28,2,1,1,1,4852,29,38,6.71,80.9
2019-04-28,2,1,6,2,3753,24,7,6.77,80.9
2019-04-28,2,1,2,3,4185,51,2,6.76,80.9
2019-04-28,2,1,3,4,4034,16,22,6.79,80.9
2019-04-28,2,1,4,5,4511,56,27,6.75,80.9
2019-04-28,2,1,5,6,3064,8,31,6.68,80.9
2019-04-28,2,2,4,1,4221,53,14,6.68,157.4
2019-04-28,2,2,5,2,4931,48,17,6.76,157.4
2019-04-28,2,2,6,3,3701,50,59,6.83,157.4
2019-04-28,2,2,3,4,3660,63,9,6.79,157.4
2019-04-28,2,2,2,5,4249,43,40,6.66,157.4
2019-04-28,2,2,1,6,3234,65,55,6.74,157.4
2019-04-28,2,3,1,1,4020,21,45,6.73,40.8
2019-04-28,2,3,5,2,4772,58,26,6.77,40.8
2019-04-28,2,3,2,3,3975,14,54,6.7,40.8
2019-04-28,2,3,3,4,4946,59,50,6.78,40.8
2019-04-28,2,3,6,5,4331,1,6,6.74,40.8
2019-04-28,2,3,4,6,3855,5,63,6.76,40.8
2019-04-28,2,4,2,1,3907,22,13,6.74,83.6
2019-04-28,2,4,3,2,3710,31,8,6.76,83.6
2019-04-28,2,4,6,3,3849,38,16,6.83,83.6
2019-04-28,2,4,5,4,3837,47,15,6.87,83.6
2019-04-28,2,4,1,5,3478,41,56,6.71,83.6
2019-04-28,2,4,4,6,5037,46,37,6.79,83.6
2019-04-28,2,6,1,1,3910,13,28,6.8,25.9
2019-04-28,2,6,6,2,4459,17,5,6.8,25.9
2019-04-28,2,6,4,3,3553,30,23,6.88,25.9
2019-04-28,2,6,3,4,4221,53,14,6.88,25.9
2019-04-28,2,6,2,5,4776,27,19,6.85,25.9
2019-04-28,2,6,5,6,4034,16,22,6.82,25.9
2019-04-28,2,7,4,1,4010,37,35,6.82,474.8
2019-04-28,2,7,5,2,4030,39,24,6.79,474.8
2019-04-28,2,7,2,3,4511,56,27,6.8,474.8
2019-04-28,2,7,1,4,3975,14,54,6.75,474.8
2019-04-28,2,7,6,5,3660,63,9,6.92,474.8
2019-04-28,2,7,3,6,3541,3,49,6.84,474.8
2019-04-28,2,9,4,1,3837,47,15,6.86,42.5
2019-04-28,2,9,5,2,4643,49,58,6.85,42.5
2019-04-28,2,9,6,3,3568,26,44,6.81,42.5
2019-04-28,2,9,1,4,4348,6,4,6.78,42.5
2019-04-28,2,9,2,5,4821,4,39,6.77,42.5
2019-04-28,2,9,3,6,4249,43,40,6.71,42.5
2019-04-28,2,10,1,1,4776,27,19,6.85,13.9
2019-04-28,2,10,2,2,3401,15,65,6.87,13.9
2019-04-28,2,10,3,3,3849,38,16,6.95,13.9
2019-04-28,2,10,5,4,3543,40,25,6.87,13.9
2019-04-28,2,10,6,5,4772,58,26,6.8,13.9
2019-04-28,2,10,4,6,3701,50,59,6.91,13.9
2019-04-28,2,11,3,1,4459,17,5,6.77,182.7
2019-04-28,2,11,4,2,3234,65,55,6.88,182.7
2019-04-28,2,11,6,3,3907,22,13,6.89,182.7
2019-04-28,2,11,5,4,4260,19,33,6.91,182.7
2019-04-28,2,11,1,5,3541,3,60,6.71,182.7
2019-04-28,2,11,2,6,4452,23,11,6.8,182.7
2019-04-28,2,12,1,1,4030,39,24,6.77,24.4
2019-04-28,2,12,4,2,4739,35,43,6.76,24.4
2019-04-28,2,12,5,3,4852,29,38,6.8,24.4
2019-04-28,2,12,3,4,4643,49,58,6.78,24.4
2019-04-28,2,12,2,5,4331,1,6,6.78,24.4
2019-04-28,2,12,6,6,3553,30,23,6.91,24.4
2019-04-29,3,1,4,1,3064,8,31,6.71,126.2
2019-04-29,3,1,5,2,3975,14,54,6.76,126.2
2019-04-29,3,1,3,3,4020,21,45,6.84,126.2
2019-04-29,3,1,6,4,3234,65,55,6.82,126.2
2019-04-29,3,1,2,5,3910,13,28,6.78,126.2
2019-04-29,3,1,1,6,3832,52,18,6.8,126.2
2019-04-29,3,2,4,1,4511,56,27,6.74,25.4
2019-04-29,3,2,1,2,4010,37,35,6.79,25.4
2019-04-29,3,2,6,3,3478,41,56,6.8,25.4
2019-04-29,3,2,3,4,3855,5,63,6.71,25.4
2019-04-29,3,2,2,5,4034,16,22,6.76,25.4
2019-04-29,3,2,5,6,5037,46,37,6.86,25.4
2019-04-29,3,3,3,1,3578,20,41,6.83,177.2
2019-04-29,3,3,1,2,3710,31,8,6.78,177.2
2019-04-29,3,3,6,3,4452,23,11,6.82,177.2
2019-04-29,3,3,2,4,4931,48,17,6.79,177.2
2019-04-29,3,3,5,5,4348,6,4,6.77,177.2
2019-04-29,3,3,4,6,3541,3,60,6.85,177.2
2019-04-29,3,4,3,1,3753,24,7,6.85,153.4
2019-04-29,3,4,5,2,4821,4,39,6.79,153.4
2019-04-29,3,4,6,3,4852,29,38,6.77,153.4
2019-04-29,3,4,1,4,3660,63,9,6.79,153.4
2019-04-29,3,4,4,5,4946,59,50,6.83,153.4
2019-04-29,3,4,2,6,3568,26,44,6.78,153.4
2019-04-29,3,5,1,1,3401,15,65,6.81,5.9
2019-04-29,3,5,3,2,3837,47,15,6.83,5.9
2019-04-29,3,5,4,3,4643,49,58,6.8,5.9
2019-04-29,3,5,2,4,4221,53,14,6.8,5.9
2019-04-29,3,5,5,5,4185,51,2,6.86,5.9
2019-04-29,3,5,6,6,4020,21,45,6.82,5.9
2019-04-29,3,6,2,1,3064,8,31,6.75,97.0
2019-04-29,3,6,1,2,3553,30,23,6.81,97.0
2019-04-29,3,6,3,3,4010,37,35,6.77,97.0
2019-04-29,3,6,5,4,4459,17,5,6.79,97.0
2019-04-29,3,6,6,5,4739,35,43,6.74,97.0
2019-04-29,3,6,4,6,5032,45,10,6.82,97.0
2019-04-29,3,7,1,1,4260,19,33,6.86,20.6
2019-04-29,3,7,3,2,3543,40,25,6.95,20.6
2019-04-29,3,7,4,3,4931,48,3,6.88,20.6
2019-04-29,3,7,2,4,3849,38,16,6.86,20.6
2019-04-29,3,7,6,5,3855,5,63,6.84,20.6
2019-04-29,3,7,5,6,4249,43,40,6.75,20.6
2019-04-29,3,8,2,1,4030,39,24,6.78,7.2
2019-04-29,3,8,1,2,4821,4,39,6.78,7.2
2019-04-29,3,8,4,3,4772,58,26,6.82,7.2
2019-04-29,3,8,6,4,3578,20,41,6.87,7.2
2019-04-29,3,8,3,5,3701,50,59,6.86,7.2
2019-04-29,3,8,5,6,3478,41,56,6.86,7.2
2019-04-29,3,9,2,1,4852,29,38,6.76,55.0
2019-04-29,3,9,1,2,4643,49,1,6.83,55.0
2019-04-29,3,9,6,3,4776,27,19,6.84,55.0
2019-04-29,3,9,5,4,4511,56,27,6.84,55.0
2019-04-29,3,9,3,5,3710,31,8,6.81,55.0
2019-04-29,3,9,4,6,3907,22,13,6.81,55.0
2019-04-29,3,10,4,1,4331,1,6,6.84,29.9
2019-04-29,3,10,1,2,3568,26,44,6.77,29.9
2019-04-29,3,10,5,3,3401,15,65,6.9,29.9
2019-04-29,3,10,3,4,3541,3,60,6.89,29.9
2019-04-29,3,10,6,5,3910,13,28,6.86,29.9
2019-04-29,3,10,2,6,3553,30,23,6.89,29.9
2019-04-29,3,11,4,1,3975,14,54,6.83,244.8
2019-04-29,3,11,2,2,4739,35,43,6.8,244.8
2019-04-29,3,11,1,3,4030,39,24,6.85,244.8
2019-04-29,3,11,3,4,4452,23,11,6.86,244.8
2019-04-29,3,11,6,5,3837,47,15,6.98,244.8
2019-04-29,3,11,5,6,3849,38,16,6.86,244.8
2019-04-29,3,12,1,1,4459,17,5,6.79,21.6
2019-04-29,3,12,4,2,4348,6,4,6.8,21.6
2019-04-29,3,12,6,3,3543,40,25,6.95,21.6
2019-04-29,3,12,2,4,4772,58,26,6.85,21.6
2019-04-29,3,12,5,5,3907,22,13,6.86,21.6
2019-04-29,3,12,3,6,3832,52,18,6.85,21.6
2019-04-30,4,2,6,1,4946,59,50,6.83,876.6
2019-04-30,4,2,1,2,4185,51,2,6.85,876.6
2019-04-30,4,2,4,3,3660,63,9,6.91,876.6
2019-04-30,4,2,5,4,3701,50,59,6.89,876.6
2019-04-30,4,2,2,5,3855,5,63,6.78,876.6
2019-04-30,4,2,3,6,3234,65,55,6.93,876.6
2019-04-30,4,3,1,1,3578,20,41,6.84,11.3
2019-04-30,4,3,3,2,3837,47,15,6.81,11.3
2019-04-30,4,3,5,3,4852,29,38,6.85,11.3
2019-04-30,4,3,4,4,3401,15,65,6.78,11.3
2019-04-30,4,3,2,5,4010,37,35,6.86,11.3
2019-04-30,4,3,6,6,4249,43,40,6.82,11.3
2019-04-30,4,4,4,1,4331,1,6,6.87,322.1
2019-04-30,4,4,3,2,4821,4,39,6.81,322.1
2019-04-30,4,4,5,3,5032,45,10,6.88,322.1
2019-04-30,4,4,6,4,4459,17,5,6.84,322.1
2019-04-30,4,4,2,5,3710,31,8,6.83,322.1
2019-04-30,4,4,1,6,4511,56,27,6.78,322.1
2019-04-30,4,5,4,1,4643,49,1,6.83,28.8
2019-04-30,4,5,1,2,4739,35,43,6.82,28.8
2019-04-30,4,5,3,3,4452,23,11,6.81,28.8
2019-04-30,4,5,2,4,3543,40,25,6.92,28.8
2019-04-30,4,5,6,5,4931,48,3,6.86,28.8
2019-04-30,4,5,5,6,5037,46,37,7.01,28.8
2019-04-30,4,6,3,1,3553,30,23,6.9,176.8
2019-04-30,4,6,2,2,4776,27,19,6.9,176.8
2019-04-30,4,6,4,3,3064,8,31,6.81,176.8
2019-04-30,4,6,1,4,4221,53,14,6.81,176.8
2019-04-30,4,6,6,5,4772,58,26,6.92,176.8
2019-04-30,4,6,5,6,3975,14,54,6.82,176.8
2019-04-30,4,7,1,1,4034,16,22,6.85,101.9
2019-04-30,4,7,3,2,3478,41,56,6.91,101.9
2019-04-30,4,7,6,3,4030,39,24,6.9,101.9
2019-04-30,4,7,4,4,4348,6,4,6.8,101.9
2019-04-30,4,7,5,5,4260,19,33,6.95,101.9
2019-04-30,4,7,2,6,3568,26,44,6.84,101.9
2019-04-30,4,8,2,1,3832,52,18,6.85,80.8
2019-04-30,4,8,1,2,3849,38,16,6.83,80.8
2019-04-30,4,8,5,3,3660,63,9,6.92,80.8
2019-04-30,4,8,4,4,3541,3,60,6.89,80.8
2019-04-30,4,8,6,5,5032,45,10,6.86,80.8
2019-04-30,4,8,3,6,4249,43,40,6.82,80.8
2019-04-30,4,9,1,1,4852,29,38,6.8,16.4
2019-04-30,4,9,4,2,3837,47,15,6.88,16.4
2019-04-30,4,9,3,3,4643,49,1,6.83,16.4
2019-04-30,4,9,6,4,3907,22,13,6.86,16.4
2019-04-30,4,9,2,5,4331,1,6,6.85,16.4
2019-04-30,4,9,5,6,3543,40,25,6.97,16.4
2019-04-30,4,10,1,1,4459,17,5,6.85,34.1
2019-04-30,4,10,4,2,3568,26,44,6.83,34.1
2019-04-30,4,10,5,3,3710,31,8,6.87,34.1
2019-04-30,4,10,6,4,4010,37,35,6.94,34.1
2019-04-30,4,10,2,5,3975,14,54,6.84,34.1
2019-04-30,4,10,3,6,3064,8,31,6.74,34.1
2019-04-30,4,12,1,1,3541,3,60,6.83,11.9
2019-04-30,4,12,3,2,4348,6,4,6.87,11.9
2019-04-30,4,12,5,3,4776,27,19,6.92,11.9
2019-04-30,4,12,4,4,4821,4,39,6.82,11.9
2019-04-30,4,12,2,5,3234,65,55,6.93,11.9
2019-04-30,4,12,6,6,3553,30,23,6.8,11.9
2019-05-01,5,1,4,1,3753,24,7,6.91,203.9
2019-05-01,5,1,2,2,3478,41,56,6.88,203.9
2019-05-01,5,1,5,3,4946,59,50,6.9,203.9
2019-05-01,5,1,1,4,3553,30,23,6.81,203.9
2019-05-01,5,1,3,5,4511,56,27,6.92,203.9
2019-05-01,5,1,6,6,5037,46,37,6.94,203.9
2019-05-01,5,2,5,1,3234,65,55,6.85,93.9
2019-05-01,5,2,1,2,4931,48,3,6.83,93.9
2019-05-01,5,2,2,3,3660,63,9,6.89,93.9
2019-05-01,5,2,3,4,3855,5,63,6.85,93.9
2019-05-01,5,2,4,5,4185,51,2,6.86,93.9
2019-05-01,5,2,6,6,5032,45,10,6.95,93.9
2019-05-01,5,3,1,1,4249,43,40,6.76,49.7
2019-05-01,5,3,3,2,4776,27,19,6.86,49.7
2019-05-01,5,3,2,3,3701,50,59,6.88,49.7
2019-05-01,5,3,6,4,4331,1,6,6.91,49.7
2019-05-01,5,3,4,5,3064,8,31,6.76,49.7
2019-05-01,5,3,5,6,4020,21,45,6.92,49.7
2019-05-01,5,5,1,1,4260,19,33,6.88,6.0
2019-05-01,5,5,2,2,4452,23,11,6.9,6.0
2019-05-01,5,5,4,3,4772,58,26,6.92,6.0
2019-05-01,5,5,5,4,3710,31,8,6.85,6.0
2019-05-01,5,5,3,5,3753,24,7,6.91,6.0
2019-05-01,5,5,6,6,4034,16,22,6.88,6.0
2019-05-01,5,6,6,1,4643,49,1,6.84,82.2
2019-05-01,5,6,1,2,4946,59,50,6.85,82.2
2019-05-01,5,6,2,3,4821,4,39,6.83,82.2
2019-05-01,5,6,3,4,4931,48,3,6.89,82.2
2019-05-01,5,6,5,5,3401,15,65,6.94,82.2
2019-05-01,5,6,4,6,3234,65,55,6.96,82.2
2019-05-01,5,7,3,1,3907,22,13,6.89,20.2
2019-05-01,5,7,1,2,3543,40,25,6.83,20.2
2019-05-01,5,7,6,3,4739,35,43,6.91,20.2
2019-05-01,5,7,4,4,3578,20,41,6.87,20.2
2019-05-01,5,7,5,5,3478,41,56,6.83,20.2
2019-05-01,5,7,2,6,4020,21,45,6.77,20.2
2019-05-01,5,8,1,1,3975,14,54,6.79,8.6
2019-05-01,5,8,4,2,3553,30,23,6.92,8.6
2019-05-01,5,8,2,3,4348,6,4,6.86,8.6
2019-05-01,5,8,3,4,3701,50,59,6.91,8.6
2019-05-01,5,8,6,5,4511,56,27,6.91,8.6
2019-05-01,5,8,5,6,3855,5,63,6.89,8.6
2019-05-01,5,9,3,1,4821,4,39,6.88,24.2
2019-05-01,5,9,1,2,4772,58,26,6.8,24.2
2019-05-01,5,9,4,3,4776,27,19,6.89,24.2
2019-05-01,5,9,2,4,3910,13,28,6.85,24.2
2019-05-01,5,9,6,5,4185,51,2,6.9,24.2
2019-05-01,5,9,5,6,3832,52,18,6.88,24.2
2019-05-01,5,10,1,1,4331,1,6,6.83,9.1
2019-05-01,5,10,2,2,3401,15,65,6.87,9.1
2019-05-01,5,10,4,3,3543,40,25,6.9,9.1
2019-05-01,5,10,3,4,3064,8,31,6.81,9.1
2019-05-01,5,10,6,5,4221,53,14,6.87,9.1
2019-05-01,5,10,5,6,4452,23,11,6.9,9.1
2019-05-01,5,12,1,1,4030,39,24,6.84,17.4
2019-05-01,5,12,3,2,4852,29,38,6.75,17.4
2019-05-01,5,12,4,3,3837,47,15,6.93,17.4
2019-05-01,5,12,2,4,4459,17,5,6.8,17.4
2019-05-01,5,12,5,5,3568,26,44,6.88,17.4
2019-05-01,5,12,6,6,3849,38,16,6.92,17.4
2019-05-04,1,1,1,1,4316,65,30,6.78,21.9
2019-05-04,1,1,6,2,4116,55,6,6.76,21.9
2019-05-04,1,1,4,3,3680,36,9,6.79,21.9
2019-05-04,1,1,3,4,3734,28,14,6.72,21.9
2019-05-04,1,1,2,5,3561,61,23,6.77,21.9
2019-05-04,1,1,5,6,3789,44,10,6.82,21.9
2019-05-04,1,2,4,1,3858,47,7,6.76,44.9
2019-05-04,1,2,5,2,3741,11,16,6.79,44.9
2019-05-04,1,2,1,3,4187,7,41,6.7,44.9
2019-05-04,1,2,2,4,4162,34,35,6.75,44.9
2019-05-04,1,2,6,5,3600,16,37,6.71,44.9
2019-05-04,1,2,3,6,4333,53,50,6.75,44.9
2019-05-04,1,3,1,1,4346,4,53,6.74,62.3
2019-05-04,1,3,3,2,3982,49,32,6.73,62.3
2019-05-04,1,3,4,3,4100,25,18,6.75,62.3
2019-05-04,1,3,5,4,4757,5,46,6.76,62.3
2019-05-04,1,3,2,5,4489,60,55,6.77,62.3
2019-05-04,1,3,6,6,4821,37,21,6.76,62.3
2019-05-04,1,4,1,1,4406,13,66,6.74,23.8
2019-05-04,1,4,6,2,4370,23,38,6.7,23.8
2019-05-04,1,4,4,3,4543,51,47,6.75,23.8
2019-05-04,1,4,5,4,4571,32,26,6.7,23.8
2019-05-04,1,4,3,5,4309,18,19,6.86,23.8
2019-05-04,1,4,2,6,4126,57,54,6.78,23.8
2019-05-04,1,5,2,1,3998,45,52,6.77,39.2
2019-05-04,1,5,1,2,3360,50,28,6.76,39.2
2019-05-04,1,5,3,3,4446,20,29,6.72,39.2
2019-05-04,1,5,4,4,4359,46,5,6.75,39.2
2019-05-04,1,5,6,5,4054,33,25,6.71,39.2
2019-05-04,1,5,5,6,3734,28,14,6.75,39.2
2019-05-04,1,6,2,1,4410,30,11,6.83,48.6
2019-05-04,1,6,1,2,4942,9,8,6.73,48.6
2019-05-04,1,6,3,3,3662,59,36,6.77,48.6
2019-05-04,1,6,5,4,4925,6,51,6.74,48.6
2019-05-04,1,6,6,5,4052,62,17,6.76,48.6
2019-05-04,1,6,4,6,3818,43,59,6.89,48.6
2019-05-04,1,7,1,1,4533,10,2,6.64,14.9
2019-05-04,1,7,2,2,4477,12,45,6.77,14.9
2019-05-04,1,7,3,3,4116,55,6,6.81,14.9
2019-05-04,1,7,5,4,4821,37,21,6.78,14.9
2019-05-04,1,7,6,5,3295,66,49,6.8,14.9
2019-05-04,1,7,4,6,3741,11,16,6.82,14.9
2019-05-04,1,8,2,1,3908,54,31,6.77,8.2
2019-05-04,1,8,1,2,4732,41,63,6.7,8.2
2019-05-04,1,8,4,3,4679,64,43,6.86,8.2
2019-05-04,1,8,6,4,4489,60,55,6.78,8.2
2019-05-04,1,8,3,5,3585,15,61,6.79,8.2
2019-05-04,1,8,5,6,4126,57,54,6.79,8.2
2019-05-04,1,9,1,1,4100,25,18,6.75,42.8
2019-05-04,1,9,5,2,4607,24,15,6.71,42.8
2019-05-04,1,9,3,3,4571,32,26,6.77,42.8
2019-05-04,1,9,6,4,3858,47,7,6.82,42.8
2019-05-04,1,9,2,5,4653,2,24,6.84,42.8
2019-05-04,1,9,4,6,3561,61,23,6.81,42.8
2019-05-04,1,10,1,1,3662,59,36,6.75,6.3
2019-05-04,1,10,3,2,4102,3,64,6.8,6.3
2019-05-04,1,10,4,3,4316,65,30,6.8,6.3
2019-05-04,1,10,5,4,3982,49,32,6.78,6.3
2019-05-04,1,10,2,5,4309,18,19,6.84,6.3
2019-05-04,1,10,6,6,4359,46,5,6.84,6.3
2019-05-04,1,11,1,1,4757,5,46,6.83,7.6
2019-05-04,1,11,3,2,3360,50,28,6.8,7.6
2019-05-04,1,11,4,3,4410,30,11,6.76,7.6
2019-05-04,1,11,5,4,4543,51,47,6.74,7.6
2019-05-04,1,11,6,5,4162,34,35,6.84,7.6
2019-05-04,1,11,2,6,3680,36,9,6.83,7.6
2019-05-04,1,12,1,1,3908,54,31,6.87,12.4
2019-05-04,1,12,2,2,4370,23,38,6.73,12.4
2019-05-04,1,12,4,3,4052,62,17,6.84,12.4
2019-05-04,1,12,3,4,4477,12,45,6.78,12.4
2019-05-04,1,12,5,5,4446,20,29,6.74,12.4
2019-05-04,1,12,6,6,4653,2,24,6.78,12.4
2019-05-05,2,1,1,1,4925,6,51,6.77,13.4
2019-05-05,2,1,3,2,4187,7,41,6.79,13.4
2019-05-05,2,1,6,3,3998,45,52,6.72,13.4
2019-05-05,2,1,4,4,4406,13,66,6.78,13.4
2019-05-05,2,1,2,5,3789,44,10,6.77,13.4
2019-05-05,2,1,5,6,4054,33,25,6.67,13.4
2019-05-05,2,2,1,1,4309,18,19,6.78,20.8
2019-05-05,2,2,3,2,4100,25,18,6.79,20.8
2019-05-05,2,2,5,3,4942,9,8,6.78,20.8
2019-05-05,2,2,4,4,4333,53,50,6.75,20.8
2019-05-05,2,2,6,5,3585,15,61,6.77,20.8
2019-05-05,2,2,2,6,3818,43,59,6.78,20.8
2019-05-05,2,3,6,1,4446,20,29,6.65,131.9
2019-05-05,2,3,2,2,4346,4,53,6.79,131.9
2019-05-05,2,3,5,3,3295,66,49,6.71,131.9
2019-05-05,2,3,3,4,4533,10,2,6.75,131.9
2019-05-05,2,3,1,5,3982,49,32,6.69,131.9
2019-05-05,2,3,4,6,4126,57,54,6.84,131.9
2019-05-05,2,4,5,1,4370,23,38,6.69,24.9
2019-05-05,2,4,4,2,3662,59,36,6.71,24.9
2019-05-05,2,4,1,3,3734,28,14,6.64,24.9
2019-05-05,2,4,6,4,4571,32,26,6.66,24.9
2019-05-05,2,4,3,5,4489,60,55,6.75,24.9
2019-05-05,2,4,2,6,3600,16,37,6.73,24.9
2019-05-05,2,5,1,1,4359,46,5,6.8,54.2
2019-05-05,2,5,4,2,4653,2,24,6.86,54.2
2019-05-05,2,5,6,3,4406,13,66,6.78,54.2
2019-05-05,2,5,3,4,4410,30,11,6.75,54.2
2019-05-05,2,5,2,5,3741,11,16,6.77,54.2
2019-05-05,2,5,5,6,4316,65,30,6.89,54.2
2019-05-05,2,6,1,1,3561,61,23,6.76,23.1
2019-05-05,2,6,2,2,4732,41,63,6.66,23.1
2019-05-05,2,6,3,3,4679,64,43,6.78,23.1
2019-05-05,2,6,4,4,4162,34,35,6.84,23.1
2019-05-05,2,6,6,5,4102,3,64,6.78,23.1
2019-05-05,2,6,5,6,4116,55,6,6.76,23.1
2019-05-05,2,7,5,1,4052,62,17,6.75,24.2
2019-05-05,2,7,6,2,4607,24,15,6.81,24.2
2019-05-05,2,7,2,3,4821,37,21,6.79,24.2
2019-05-05,2,7,1,4,3680,36,9,6.79,24.2
2019-05-05,2,7,3,5,3789,44,10,6.8,24.2
2019-05-05,2,7,4,6,3585,15,61,6.85,24.2
2019-05-05,2,9,6,1,3908,54,31,6.79,92.2
2019-05-05,2,9,4,2,4346,4,53,6.83,92.2
2019-05-05,2,9,3,3,4925,6,51,6.82,92.2
2019-05-05,2,9,5,4,4410,30,11,6.89,92.2
2019-05-05,2,9,1,5,4333,53,50,6.8,92.2
2019-05-05,2,9,2,6,3360,50,28,6.82,92.2
2019-05-05,2,10,1,1,4679,64,43,6.73,8.5
2019-05-05,2,10,4,2,4446,20,29,6.72,8.5
2019-05-05,2,10,6,3,4757,5,46,6.77,8.5
2019-05-05,2,10,2,4,4054,33,25,6.77,8.5
2019-05-05,2,10,5,5,3662,59,36,6.8,8.5
2019-05-05,2,10,3,6,3818,43,59,6.86,8.5
2019-05-05,2,11,1,1,4653,2,24,6.77,11.6
2019-05-05,2,11,3,2,4821,37,21,6.8,11.6
2019-05-05,2,11,5,3,4102,3,64,6.83,11.6
2019-05-05,2,11,2,4,4571,32,26,6.71,11.6
2019-05-05,2,11,6,5,4533,10,2,6.77,11.6
2019-05-05,2,11,4,6,3998,45,52,6.8,11.6
2019-05-05,2,12,4,1,4607,24,15,6.67,55.0
2019-05-05,2,12,3,2,4370,23,38,6.73,55.0
2019-05-05,2,12,1,3,4477,12,45,6.9,55.0
2019-05-05,2,12,5,4,4359,46,5,6.93,55.0
2019-05-05,2,12,6,5,4732,41,63,6.77,55.0
2019-05-05,2,12,2,6,4187,7,41,6.84,55.0
2019-05-06,3,1,3,1,4162,34,35,6.78,29.2
2019-05-06,3,1,4,2,3982,49,32,6.7,29.2
2019-05-06,3,1,2,3,4333,53,50,6.72,29.2
2019-05-06,3,1,1,4,3818,43,59,6.72,29.2
2019-05-06,3,1,5,5,4533,10,2,6.65,29.2
2019-05-06,3,1,6,6,3734,28,14,6.71,29.2
2019-05-06,3,2,2,1,4316,65,30,6.82,17.2
2019-05-06,3,2,1,2,4126,57,54,6.78,17.2
2019-05-06,3,2,4,3,4489,60,55,6.79,17.2
2019-05-06,3,2,6,4,3680,36,9,6.81,17.2
2019-05-06,3,2,3,5,3741,11,16,6.81,17.2
2019-05-06,3,2,5,6,3561,61,23,6.75,17.2
2019-05-06,3,3,2,1,4100,25,18,6.73,190.1
2019-05-06,3,3,6,2,4925,6,51,6.7,190.1
2019-05-06,3,3,4,3,3360,50,28,6.81,190.1
2019-05-06,3,3,5,4,3858,47,7,6.81,190.1
2019-05-06,3,3,3,5,4757,5,46,6.79,190.1
2019-05-06,3,3,1,6,3585,15,61,6.8,190.1
2019-05-06,3,4,1,1,4116,55,6,6.67,33.6
2019-05-06,3,4,3,2,3600,16,37,6.81,33.6
2019-05-06,3,4,5,3,4653,2,24,6.77,33.6
2019-05-06,3,4,4,4,4309,18,19,6.74,33.6
2019-05-06,3,4,6,5,4679,64,43,6.68,33.6
2019-05-06,3,4,2,6,4406,13,66,6.72,33.6
2019-05-06,3,5,1,1,4571,32,26,6.72,10.6
2019-05-06,3,5,4,2,4732,41,63,6.75,10.6
2019-05-06,3,5,2,3,4446,20,29,6.71,10.6
2019-05-06,3,5,3,4,4346,4,53,6.77,10.6
2019-05-06,3,5,6,5,3789,44,10,6.82,10.6
2019-05-06,3,5,5,6,3818,43,59,6.84,10.6
2019-05-06,3,6,2,1,4052,62,17,6.76,27.4
2019-05-06,3,6,6,2,4410,30,11,6.82,27.4
2019-05-06,3,6,3,3,4607,24,15,6.75,27.4
2019-05-06,3,6,4,4,4187,7,41,6.8,27.4
2019-05-06,3,6,5,5,4333,53,50,6.8,27.4
2019-05-06,3,6,1,6,3741,11,16,6.76,27.4
2019-05-06,3,7,5,1,3908,54,31,6.73,10.2
2019-05-06,3,7,2,2,4102,3,64,6.72,10.2
2019-05-06,3,7,1,3,4054,33,25,6.74,10.2
2019-05-06,3,7,6,4,3295,66,49,6.78,10.2
2019-05-06,3,7,4,5,3734,28,14,6.81,10.2
2019-05-06,3,7,3,6,4126,57,54,6.79,10.2
2019-05-06,3,9,1,1,3998,45,52,6.7,10.8
2019-05-06,3,9,4,2,4370,23,38,6.68,10.8
2019-05-06,3,9,2,3,4359,46,5,6.84,10.8
2019-05-06,3,9,3,4,4942,9,8,6.82,10.8
2019-05-06,3,9,6,5,4543,51,47,6.77,10.8
2019-05-06,3,9,5,6,4309,18,19,6.84,10.8
2019-05-06,3,11,3,1,4732,41,63,6.65,304.7
2019-05-06,3,11,6,2,3982,49,32,6.74,304.7
2019-05-06,3,11,2,3,4607,24,15,6.74,304.7
2019-05-06,3,11,4,4,4757,5,46,6.84,304.7
2019-05-06,3,11,1,5,4102,3,64,6.79,304.7
2019-05-06,3,11,5,6,4489,60,55,6.85,304.7
2019-05-06,3,12,3,1,3908,54,31,6.8,16.7
2019-05-06,3,12,1,2,4052,62,17,6.72,16.7
2019-05-06,3,12,6,3,3662,59,36,6.72,16.7
2019-05-06,3,12,5,4,4679,64,43,6.77,16.7
2019-05-06,3,12,4,5,4316,65,30,6.9,16.7
2019-05-06,3,12,2,6,3858,47,7,6.74,16.7
2019-05-07,4,1,4,1,3858,47,7,6.69,36.0
2019-05-07,4,1,1,2,4607,24,15,6.67,36.0
2019-05-07,4,1,2,3,4925,6,51,6.68,36.0
2019-05-07,4,1,6,4,4309,18,19,6.83,36.0
2019-05-07,4,1,5,5,3680,36,9,6.73,36.0
2019-05-07,4,1,3,6,4406,13,66,6.75,36.0
2019-05-07,4,2,1,1,3600,16,37,6.66,28.8
2019-05-07,4,2,5,2,4187,7,41,6.77,28.8
2019-05-07,4,2,2,3,4942,9,8,6.64,28.8
2019-05-07,4,2,3,4,4054,33,25,6.67,28.8
2019-05-07,4,2,4,5,4333,53,50,6.74,28.8
2019-05-07,4,2,6,6,4126,57,54,6.8,28.8
2019-05-07,4,3,2,1,4116,55,6,6.63,124.2
2019-05-07,4,3,1,2,4162,34,35,6.76,124.2
2019-05-07,4,3,6,3,4346,4,53,6.8,124.2
2019-05-07,4,3,5,4,4477,12,45,6.76,124.2
2019-05-07,4,3,3,5,4316,65,30,6.74,124.2
2019-05-07,4,3,4,6,4359,46,5,6.76,124.2
2019-05-07,4,4,3,1,3998,45,52,6.63,65.4
2019-05-07,4,4,1,2,4489,60,55,6.72,65.4
2019-05-07,4,4,4,3,4102,3,64,6.71,65.4
2019-05-07,4,4,6,4,3561,61,23,6.74,65.4
2019-05-07,4,4,5,5,4571,32,26,6.67,65.4
2019-05-07,4,4,2,6,4679,64,43,6.65,65.4
2019-05-07,4,5,1,1,4410,30,11,6.71,5.5
2019-05-07,4,5,3,2,4052,62,17,6.78,5.5
2019-05-07,4,5,4,3,3360,50,28,6.72,5.5
2019-05-07,4,5,5,4,3585,15,61,6.79,5.5
2019-05-07,4,5,2,5,3734,28,14,6.8,5.5
2019-05-07,4,5,6,6,3818,43,59,6.76,5.5
2019-05-07,4,6,3,1,4821,37,21,6.68,66.6
2019-05-07,4,6,5,2,4732,41,63,6.69,66.6
2019-05-07,4,6,1,3,3858,47,7,6.65,66.6
2019-05-07,4,6,2,4,4757,5,46,6.71,66.6
2019-05-07,4,6,6,5,3741,11,16,6.69,66.6
2019-05-07,4,6,4,6,3600,16,37,6.8,66.6
2019-05-07,4,7,1,1,4446,20,29,6.66,12.7
2019-05-07,4,7,4,2,3908,54,31,6.8,12.7
2019-05-07,4,7,6,3,3295,66,3,6.71,12.7
2019-05-07,4,7,3,4,3680,36,9,6.75,12.7
2019-05-07,4,7,5,5,4100,25,18,6.74,12.7
2019-05-07,4,7,2,6,3982,49,32,6.69,12.7
2019-05-07,4,8,1,1,4370,23,38,6.54,11.5
2019-05-07,4,8,2,2,4571,32,26,6.71,11.5
2019-05-07,4,8,3,3,4533,10,2,6.65,11.5
2019-05-07,4,8,4,4,4607,24,15,6.69,11.5
2019-05-07,4,8,5,5,4346,4,53,6.77,11.5
2019-05-07,4,8,6,6,4333,53,50,6.73,11.5
2019-05-07,4,9,1,1,4102,3,64,6.72,32.3
2019-05-07,4,9,2,2,3585,15,61,6.78,32.3
2019-05-07,4,9,6,3,4543,51,47,6.71,32.3
2019-05-07,4,9,4,4,4054,33,25,6.72,32.3
2019-05-07,4,9,5,5,4406,13,66,6.74,32.3
2019-05-07,4,9,3,6,4359,46,5,6.78,32.3
2019-05-07,4,11,2,1,4052,62,17,6.81,32.0
2019-05-07,4,11,1,2,4477,12,45,6.64,32.0
2019-05-07,4,11,3,3,4679,64,43,6.73,32.0
2019-05-07,4,11,5,4,4925,6,51,6.7,32.0
2019-05-07,4,11,6,5,4187,7,41,6.81,32.0
2019-05-07,4,11,4,6,4821,37,21,6.72,32.0
2019-05-07,4,12,2,1,4370,23,38,6.61,48.0
2019-05-07,4,12,1,2,3908,54,31,6.72,48.0
2019-05-07,4,12,5,3,4942,9,8,6.79,48.0
2019-05-07,4,12,6,4,3360,50,28,6.8,48.0
2019-05-07,4,12,3,5,4116,55,6,6.72,48.0
2019-05-07,4,12,4,6,4732,41,63,6.73,48.0
2019-05-08,5,1,1,1,4821,37,21,6.6,4.4
2019-05-08,5,1,2,2,4925,6,51,6.64,4.4
2019-05-08,5,1,4,3,4533,10,2,6.68,4.4
2019-05-08,5,1,5,4,4126,57,54,6.79,4.4
2019-05-08,5,1,3,5,4406,13,66,6.72,4.4
2019-05-08,5,1,6,6,3561,61,23,6.79,4.4
2019-05-08,5,2,1,1,3585,15,61,6.79,24.4
2019-05-08,5,2,3,2,4054,33,25,6.74,24.4
2019-05-08,5,2,6,3,3734,28,14,6.71,24.4
2019-05-08,5,2,5,4,4489,60,55,6.81,24.4
2019-05-08,5,2,4,5,3741,11,16,6.74,24.4
2019-05-08,5,2,2,6,3818,43,59,6.75,24.4
2019-05-08,5,3,3,1,4679,64,43,6.79,56.2
2019-05-08,5,3,4,2,3998,45,52,6.76,56.2
2019-05-08,5,3,1,3,4942,9,8,6.72,56.2
2019-05-08,5,3,6,4,4359,46,5,6.88,56.2
2019-05-08,5,3,2,5,3858,47,7,6.82,56.2
2019-05-08,5,3,5,6,3600,16,37,6.88,56.2
2019-05-08,5,4,5,1,4370,23,38,6.66,45.4
2019-05-08,5,4,2,2,3982,49,32,6.74,45.4
2019-05-08,5,4,4,3,4052,62,17,6.78,45.4
2019-05-08,5,4,6,4,4543,51,47,6.73,45.4
2019-05-08,5,4,1,5,4100,25,18,6.67,45.4
2019-05-08,5,4,3,6,4333,53,50,6.82,45.4
2019-05-08,5,5,1,1,4732,41,63,6.64,42.0
2019-05-08,5,5,2,2,4346,4,53,6.8,42.0
2019-05-08,5,5,5,3,4316,65,30,6.82,42.0
2019-05-08,5,5,4,4,4446,20,29,6.78,42.0
2019-05-08,5,5,6,5,4187,7,41,6.79,42.0
2019-05-08,5,5,3,6,4102,3,64,6.83,42.0
2019-05-08,5,6,1,1,4607,24,15,6.69,14.2
2019-05-08,5,6,6,2,3908,54,31,6.75,14.2
2019-05-08,5,6,4,3,4571,32,26,6.69,14.2
2019-05-08,5,6,5,4,4309,18,19,6.8,14.2
2019-05-08,5,6,3,5,4162,34,35,6.79,14.2
2019-05-08,5,6,2,6,4757,5,46,6.76,14.2
2019-05-08,5,7,1,1,4410,30,11,6.7,13.7
2019-05-08,5,7,5,2,4653,2,24,6.83,13.7
2019-05-08,5,7,6,3,3295,66,3,6.73,13.7
2019-05-08,5,7,3,4,3741,11,16,6.77,13.7
2019-05-08,5,7,2,5,3600,16,37,6.8,13.7
2019-05-08,5,7,4,6,4116,55,6,6.74,13.7
2019-05-08,5,8,1,1,3360,50,28,6.74,32.2
2019-05-08,5,8,3,2,3680,36,9,6.84,32.2
2019-05-08,5,8,4,3,4477,12,45,6.84,32.2
2019-05-08,5,8,2,4,4359,46,5,6.79,32.2
2019-05-08,5,8,6,5,4925,6,51,6.71,32.2
2019-05-08,5,8,5,6,4054,33,25,6.78,32.2
2019-05-08,5,10,1,1,4370,23,38,6.72,6.4
2019-05-08,5,10,2,2,4607,24,15,6.74,6.4
2019-05-08,5,10,3,3,4116,55,6,6.75,6.4
2019-05-08,5,10,4,4,4102,3,64,6.72,6.4
2019-05-08,5,10,6,5,4942,9,8,6.8,6.4
2019-05-08,5,10,5,6,3858,47,7,6.83,6.4
2019-05-08,5,11,1,1,3908,54,31,6.73,39.6
2019-05-08,5,11,6,2,3360,50,28,6.87,39.6
2019-05-08,5,11,2,3,4477,12,45,6.77,39.6
2019-05-08,5,11,4,4,4410,30,11,6.8,39.6
2019-05-08,5,11,3,5,4446,20,29,6.75,39.6
2019-05-08,5,11,5,6,4346,4,53,6.84,39.6
2019-05-08,5,12,1,1,4571,32,26,6.78,13.2
2019-05-08,5,12,2,2,4406,13,66,6.69,13.2
2019-05-08,5,12,3,3,4653,2,24,6.84,13.2
2019-05-08,5,12,5,4,3982,49,32,6.78,13.2
2019-05-08,5,12,6,5,4679,64,43,6.78,13.2
2019-05-08,5,12,4,6,4162,34,35,6.81,13.2
2019-05-09,6,1,1,1,4359,46,5,6.75,13.0
2019-05-09,6,1,3,2,3585,15,61,6.85,13.0
2019-05-09,6,1,6,3,4533,10,2,6.69,13.0
2019-05-09,6,1,5,4,4162,34,35,6.79,13.0
2019-05-09,6,1,4,5,4406,13,66,6.75,13.0
2019-05-09,6,1,2,6,4309,18,19,6.83,13.0
2019-05-09,6,2,4,1,3982,49,32,6.72,40.8
2019-05-09,6,2,5,2,4489,60,55,6.85,40.8
2019-05-09,6,2,2,3,3680,36,9,6.83,40.8
2019-05-09,6,2,6,4,3734,28,14,6.82,40.8
2019-05-09,6,2,1,5,4187,7,41,6.76,40.8
2019-05-09,6,2,3,6,4126,57,54,6.83,40.8
2019-05-09,6,3,1,1,4316,65,30,6.83,24.3
2019-05-09,6,3,2,2,3741,11,16,6.77,24.3
2019-05-09,6,3,3,3,4925,6,51,6.75,24.3
2019-05-09,6,3,5,4,3360,50,28,6.79,24.3
2019-05-09,6,3,4,5,3818,43,59,6.85,24.3
2019-05-09,6,3,6,6,3998,45,52,6.77,24.3
2019-05-09,6,4,5,1,4446,20,57,6.79,18.1
2019-05-09,6,4,1,2,3561,61,23,6.73,18.1
2019-05-09,6,4,6,3,3295,66,3,6.75,18.1
2019-05-09,6,4,2,4,3858,47,7,6.84,18.1
2019-05-09,6,4,3,5,4333,53,50,6.8,18.1
2019-05-09,6,4,4,6,4100,25,18,6.86,18.1
2019-05-09,6,5,1,1,4821,37,21,6.74,9.2
2019-05-09,6,5,2,2,4533,10,2,6.75,9.2
2019-05-09,6,5,4,3,4653,2,24,6.89,9.2
2019-05-09,6,5,3,4,4942,9,8,6.74,9.2
2019-05-09,6,5,6,5,4116,55,6,6.75,9.2
2019-05-09,6,5,5,6,4309,18,19,6.89,9.2
2019-05-09,6,6,4,1,4054,33,25,6.8,313.8
2019-05-09,6,6,5,2,3680,36,9,6.88,313.8
2019-05-09,6,6,1,3,4346,4,34,6.81,313.8
2019-05-09,6,6,6,4,4543,51,47,6.77,313.8
2019-05-09,6,6,3,5,3600,16,37,6.79,313.8
2019-05-09,6,6,2,6,4679,64,43,6.77,313.8
2019-05-09,6,7,1,1,4410,30,11,6.81,13.7
2019-05-09,6,7,6,2,4052,62,17,6.74,13.7
2019-05-09,6,7,4,3,3360,50,28,6.76,13.7
2019-05-09,6,7,3,4,3982,49,32,6.78,13.7
2019-05-09,6,7,5,5,3741,11,16,6.82,13.7
2019-05-09,6,7,2,6,4126,57,54,6.83,13.7
2019-05-09,6,8,2,1,4571,32,26,6.79,33.4
2019-05-09,6,8,4,2,4446,20,57,6.79,33.4
2019-05-09,6,8,1,3,4102,3,64,6.81,33.4
2019-05-09,6,8,6,4,4406,13,66,6.83,33.4
2019-05-09,6,8,3,5,3561,61,23,6.84,33.4
2019-05-09,6,8,5,6,3818,43,59,6.91,33.4
2019-05-09,6,10,5,1,3858,47,7,6.83,185.2
2019-05-09,6,10,1,2,3998,45,52,6.68,185.2
2019-05-09,6,10,2,3,4821,37,21,6.73,185.2
2019-05-09,6,10,6,4,4187,7,41,6.89,185.2
2019-05-09,6,10,3,5,4410,30,11,6.73,185.2
2019-05-09,6,10,4,6,4942,9,8,6.84,185.2
2019-05-09,6,11,6,1,4316,65,30,6.78,237.8
2019-05-09,6,11,1,2,4116,55,6,6.72,237.8
2019-05-09,6,11,5,3,4571,32,26,6.72,237.8
2019-05-09,6,11,2,4,4102,3,64,6.79,237.8
2019-05-09,6,11,4,5,4346,4,34,6.82,237.8
2019-05-09,6,11,3,6,4100,25,18,6.86,237.8
2019-05-09,6,12,1,1,3908,54,31,6.74,8.1
2019-05-09,6,12,2,2,4370,23,38,6.62,8.1
2019-05-09,6,12,3,3,4757,5,46,6.9,8.1
2019-05-09,6,12,5,4,4607,24,15,6.85,8.1
2019-05-09,6,12,4,5,4732,41,63,6.8,8.1
2019-05-09,6,12,6,6,4477,12,45,6.68,8.1
2019-05-24,1,2,3,1,3211,59,54,6.79,37.0
2019-05-24,1,2,2,2,4902,31,50,6.88,37.0
2019-05-24,1,2,1,3,3058,63,57,6.88,37.0
2019-05-24,1,2,6,4,4387,5,51,6.9,37.0
2019-05-24,1,2,5,5,4904,32,2,6.84,37.0
2019-05-24,1,2,4,6,4919,25,17,6.85,37.0
2019-05-24,1,3,1,1,3182,22,8,6.84,41.7
2019-05-24,1,3,6,2,4072,11,35,6.77,41.7
2019-05-24,1,3,4,3,4821,58,55,6.86,41.7
2019-05-24,1,3,2,4,4695,21,7,6.86,41.7
2019-05-24,1,3,5,5,3901,46,1,6.86,41.7
2019-05-24,1,3,3,6,3261,36,19,6.89,41.7
2019-05-24,1,4,3,1,3871,14,11,6.85,181.4
2019-05-24,1,4,1,2,3565,7,40,6.78,181.4
2019-05-24,1,4,6,3,4850,34,27,6.89,181.4
2019-05-24,1,4,2,4,4890,62,20,6.78,181.4
2019-05-24,1,4,4,5,4372,55,10,6.86,181.4
2019-05-24,1,4,5,6,4415,15,18,6.79,181.4
2019-05-24,1,5,1,1,3876,26,66,6.79,5.2
2019-05-24,1,5,3,2,3268,29,56,6.85,5.2
2019-05-24,1,5,2,3,4514,60,65,6.82,5.2
2019-05-24,1,5,6,4,3624,61,59,6.94,5.2
2019-05-24,1,5,5,5,4946,35,61,6.79,5.2
2019-05-24,1,5,4,6,4726,8,63,6.75,5.2
2019-05-24,1,6,2,1,4437,17,47,6.74,15.7
2019-05-24,1,6,3,2,4497,28,36,6.84,15.7
2019-05-24,1,6,1,3,3211,59,54,6.77,15.7
2019-05-24,1,6,4,4,4053,56,33,6.82,15.7
2019-05-24,1,6,6,5,4963,53,26,6.82,15.7
2019-05-24,1,6,5,6,4664,48,58,6.9,15.7
2019-05-24,1,7,3,1,4019,57,49,6.86,190.7
2019-05-24,1,7,1,2,3883,19,16,6.81,190.7
2019-05-24,1,7,6,3,3261,36,19,6.91,190.7
2019-05-24,1,7,2,4,4512,44,6,6.77,190.7
2019-05-24,1,7,4,5,4797,2,23,6.84,190.7
2019-05-24,1,7,5,6,4161,38,46,6.85,190.7
2019-05-24,1,9,1,1,4372,55,10,6.79,8.5
2019-05-24,1,9,3,2,4726,8,63,6.78,8.5
2019-05-24,1,9,6,3,4450,1,52,6.83,8.5
2019-05-24,1,9,2,4,4744,10,5,6.81,8.5
2019-05-24,1,9,5,5,4484,40,25,6.87,8.5
2019-05-24,1,9,4,6,4387,5,51,6.82,8.5
2019-05-24,1,10,3,1,3497,39,38,6.82,25.6
2019-05-24,1,10,1,2,3268,29,56,6.84,25.6
2019-05-24,1,10,6,3,4053,56,33,6.83,25.6
2019-05-24,1,10,4,4,4890,62,20,6.88,25.6
2019-05-24,1,10,5,5,4821,58,55,6.88,25.6
2019-05-24,1,10,2,6,4919,25,17,6.83,25.6
2019-05-24,1,11,1,1,4437,17,47,6.76,10.7
2019-05-24,1,11,3,2,4512,44,6,6.76,10.7
2019-05-24,1,11,5,3,4514,60,65,6.89,10.7
2019-05-24,1,11,4,4,3901,46,1,6.82,10.7
2019-05-24,1,11,2,5,4302,66,21,6.77,10.7
2019-05-24,1,11,6,6,3871,14,11,6.8,10.7
2019-05-24,1,12,1,1,4019,57,49,6.87,31.7
2019-05-24,1,12,6,2,4497,28,36,6.71,31.7
2019-05-24,1,12,3,3,3541,52,9,6.76,31.7
2019-05-24,1,12,5,4,3876,26,66,6.8,31.7
2019-05-24,1,12,4,5,4072,11,35,6.81,31.7
2019-05-24,1,12,2,6,4415,15,18,6.84,31.7
2019-05-25,2,1,1,1,4302,66,21,6.66,17.1
2019-05-25,2,1,4,2,4695,21,7,6.78,17.1
2019-05-25,2,1,2,3,4904,32,2,6.76,17.1
2019-05-25,2,1,6,4,3211,59,54,6.8,17.1
2019-05-25,2,1,5,5,4797,2,23,6.87,17.1
2019-05-25,2,1,3,6,3182,22,8,6.85,17.1
2019-05-25,2,2,1,1,4387,5,51,6.79,36.3
2019-05-25,2,2,5,2,4902,31,50,6.88,36.3
2019-05-25,2,2,4,3,3883,19,16,6.89,36.3
2019-05-25,2,2,6,4,3565,7,40,6.89,36.3
2019-05-25,2,2,2,5,3893,33,43,6.83,36.3
2019-05-25,2,2,3,6,4744,10,5,6.82,36.3
2019-05-25,2,3,1,1,4450,1,52,6.71,12.5
2019-05-25,2,3,4,2,3075,54,22,6.84,12.5
2019-05-25,2,3,3,3,4161,38,46,6.77,12.5
2019-05-25,2,3,6,4,3268,29,56,6.84,12.5
2019-05-25,2,3,2,5,4484,40,25,6.77,12.5
2019-05-25,2,3,5,6,4963,53,26,6.78,12.5
2019-05-25,2,4,5,1,5028,27,4,6.72,210.7
2019-05-25,2,4,2,2,4946,35,61,6.7,210.7
2019-05-25,2,4,4,3,3497,39,38,6.74,210.7
2019-05-25,2,4,6,4,4372,55,10,6.82,210.7
2019-05-25,2,4,3,5,4415,15,18,6.85,210.7
2019-05-25,2,4,1,6,3624,61,59,6.76,210.7
2019-05-25,2,5,1,1,4053,56,33,6.74,13.2
2019-05-25,2,5,3,2,4072,11,35,6.72,13.2
2019-05-25,2,5,2,3,4797,2,23,6.84,13.2
2019-05-25,2,5,4,4,3541,52,9,6.8,13.2
2019-05-25,2,5,5,5,4919,25,17,6.85,13.2
2019-05-25,2,5,6,6,3058,63,57,6.83,13.2
2019-05-25,2,8,1,1,4497,28,36,6.75,16.2
2019-05-25,2,8,2,2,4161,38,46,6.81,16.2
2019-05-25,2,8,5,3,4890,62,20,6.82,16.2
2019-05-25,2,8,3,4,3624,61,59,6.84,16.2
2019-05-25,2,8,4,5,4514,60,65,6.85,16.2
2019-05-25,2,8,6,6,3883,19,16,6.86,16.2
2019-05-25,2,9,1,1,4850,34,27,6.8,13.5
2019-05-25,2,9,6,2,3497,39,38,6.79,13.5
2019-05-25,2,9,4,3,4904,32,2,6.81,13.5
2019-05-25,2,9,2,4,3901,46,1,6.83,13.5
2019-05-25,2,9,3,5,4484,40,25,6.88,13.5
2019-05-25,2,9,5,6,4744,10,5,6.8,13.5
2019-05-25,2,10,1,1,4072,11,35,6.68,9.3
2019-05-25,2,10,2,2,3876,26,3,6.73,9.3
2019-05-25,2,10,4,3,3893,33,43,6.91,9.3
2019-05-25,2,10,5,4,3075,54,22,6.87,9.3
2019-05-25,2,10,3,5,4946,35,61,6.87,9.3
2019-05-25,2,10,6,6,3182,22,8,6.77,9.3
2019-05-25,2,12,1,1,4512,44,6,6.7,10.4
2019-05-25,2,12,4,2,4497,28,36,6.79,10.4
2019-05-25,2,12,2,3,4850,34,27,6.85,10.4
2019-05-25,2,12,6,4,3541,52,9,6.84,10.4
2019-05-25,2,12,5,5,4726,8,63,6.71,10.4
2019-05-25,2,12,3,6,4372,55,10,6.83,10.4
2019-05-26,3,1,1,1,3075,54,22,6.75,41.0
2019-05-26,3,1,4,2,4484,40,12,6.84,41.0
2019-05-26,3,1,2,3,3624,61,59,6.84,41.0
2019-05-26,3,1,6,4,4797,2,23,6.78,41.0
2019-05-26,3,1,5,5,3261,36,19,6.93,41.0
2019-05-26,3,1,3,6,3883,19,16,6.79,41.0
2019-05-26,3,2,3,1,4946,35,61,6.77,26.8
2019-05-26,3,2,1,2,3893,33,43,6.87,26.8
2019-05-26,3,2,5,3,4904,32,2,6.78,26.8
2019-05-26,3,2,4,4,4890,62,20,6.82,26.8
2019-05-26,3,2,6,5,4963,53,26,6.84,26.8
2019-05-26,3,2,2,6,4919,25,17,6.82,26.8
2019-05-26,3,3,1,1,4902,31,50,6.81,19.6
2019-05-26,3,3,4,2,3541,52,9,6.81,19.6
2019-05-26,3,3,2,3,3565,7,40,6.78,19.6
2019-05-26,3,3,6,4,4726,8,63,6.69,19.6
2019-05-26,3,3,3,5,3211,59,54,6.79,19.6
2019-05-26,3,3,5,6,3901,46,1,6.84,19.6
2019-05-26,3,4,4,1,3871,14,11,6.87,123.9
2019-05-26,3,4,1,2,4695,21,7,6.73,123.9
2019-05-26,3,4,6,3,4072,11,35,6.72,123.9
2019-05-26,3,4,3,4,4387,5,51,6.75,123.9
2019-05-26,3,4,5,5,3497,39,38,6.85,123.9
2019-05-26,3,4,2,6,4372,55,10,6.79,123.9
2019-05-26,3,5,1,1,4514,60,65,6.8,9.8
2019-05-26,3,5,2,2,4450,1,52,6.72,9.8
2019-05-26,3,5,3,3,3876,26,3,6.78,9.8
2019-05-26,3,5,4,4,4512,44,6,6.76,9.8
2019-05-26,3,5,6,5,4664,48,58,6.83,9.8
2019-05-26,3,5,5,6,3883,19,16,6.84,9.8
2019-05-26,3,6,1,1,4890,62,20,6.72,15.4
2019-05-26,3,6,2,2,4053,56,33,6.76,15.4
2019-05-26,3,6,4,3,4850,34,27,6.79,15.4
2019-05-26,3,6,5,4,3624,61,59,6.79,15.4
2019-05-26,3,6,6,5,4415,15,18,6.79,15.4
2019-05-26,3,6,3,6,4821,58,55,6.76,15.4
2019-05-26,3,7,4,1,4497,28,36,6.73,15.1
2019-05-26,3,7,5,2,4437,17,47,6.78,15.1
2019-05-26,3,7,3,3,4161,38,46,6.82,15.1
2019-05-26,3,7,1,4,5028,27,4,6.7,15.1
2019-05-26,3,7,6,5,3058,63,57,6.9,15.1
2019-05-26,3,7,2,6,4726,8,63,6.76,15.1
2019-05-26,3,8,1,1,3901,46,1,6.91,41.0
2019-05-26,3,8,4,2,4302,66,21,6.77,41.0
2019-05-26,3,8,5,3,4919,25,17,6.87,41.0
2019-05-26,3,8,3,4,3182,22,8,6.81,41.0
2019-05-26,3,8,2,5,3268,29,56,6.87,41.0
2019-05-26,3,8,6,6,4484,40,12,6.84,41.0
2019-05-26,3,9,3,1,4512,44,6,6.79,157.2
2019-05-26,3,9,1,2,4072,11,35,6.75,157.2
2019-05-26,3,9,5,3,3565,7,40,6.8,157.2
2019-05-26,3,9,2,4,3541,52,9,6.77,157.2
2019-05-26,3,9,6,5,4372,55,10,6.79,157.2
2019-05-26,3,9,4,6,4450,1,52,6.71,157.2
2019-05-26,3,10,1,1,4497,28,36,6.73,10.9
2019-05-26,3,10,3,2,4850,34,27,6.84,10.9
2019-05-26,3,10,4,3,3211,59,54,6.81,10.9
2019-05-26,3,10,6,4,4695,21,7,6.75,10.9
2019-05-26,3,10,5,5,4902,31,50,6.82,10.9
2019-05-26,3,10,2,6,3497,39,38,6.82,10.9
2019-05-26,3,11,1,1,4437,17,47,6.73,10.2
2019-05-26,3,11,4,2,3268,29,56,6.89,10.2
2019-05-26,3,11,5,3,3075,54,22,6.86,10.2
2019-05-26,3,11,2,4,5028,27,4,6.71,10.2
2019-05-26,3,11,3,5,3871,14,11,6.81,10.2
2019-05-26,3,11,6,6,4514,60,65,6.76,10.2
2019-05-26,3,12,4,1,3876,26,3,6.94,40.0
2019-05-26,3,12,1,2,4821,58,55,6.83,40.0
2019-05-26,3,12,5,3,4387,5,51,6.81,40.0
2019-05-26,3,12,2,4,3261,36,19,6.84,40.0
2019-05-26,3,12,6,5,4161,38,28,6.83,40.0
2019-05-26,3,12,3,6,4415,15,18,6.89,40.0
2019-05-27,4,1,1,1,4726,8,63,6.81,11.9
2019-05-27,4,1,3,2,4387,5,51,6.81,11.9
2019-05-27,4,1,2,3,3883,19,16,6.83,11.9
2019-05-27,4,1,5,4,3182,22,8,6.9,11.9
2019-05-27,4,1,4,5,4904,32,2,6.87,11.9
2019-05-27,4,1,6,6,4890,62,20,6.89,11.9
2019-05-27,4,2,1,1,4664,48,58,6.77,14.5
2019-05-27,4,2,2,2,4423,64,24,6.81,14.5
2019-05-27,4,2,3,3,4919,25,17,6.82,14.5
2019-05-27,4,2,4,4,3624,61,59,6.81,14.5
2019-05-27,4,2,6,5,3893,33,43,6.87,14.5
2019-05-27,4,2,5,6,4963,53,26,6.82,14.5
2019-05-27,4,3,2,1,4450,1,52,6.76,30.2
2019-05-27,4,3,4,2,5028,27,4,6.71,30.2
2019-05-27,4,3,5,3,4053,56,33,6.87,30.2
2019-05-27,4,3,6,4,4821,58,55,6.9,30.2
2019-05-27,4,3,1,5,4797,2,23,6.76,30.2
2019-05-27,4,3,3,6,3261,36,19,6.82,30.2
2019-05-27,4,5,1,1,4514,60,65,6.84,32.2
2019-05-27,4,5,3,2,3871,14,11,6.85,32.2
2019-05-27,4,5,5,3,3565,7,40,6.91,32.2
2019-05-27,4,5,2,4,3901,46,1,6.94,32.2
2019-05-27,4,5,6,5,3058,63,57,6.91,32.2
2019-05-27,4,5,4,6,4415,15,18,6.88,32.2
2019-05-27,4,6,1,1,3541,52,9,6.81,27.4
2019-05-27,4,6,3,2,4890,62,20,6.8,27.4
2019-05-27,4,6,2,3,3182,22,8,6.79,27.4
2019-05-27,4,6,4,4,4161,38,28,6.82,27.4
2019-05-27,4,6,6,5,3075,54,22,6.85,27.4
2019-05-27,4,6,5,6,4664,48,58,6.8,27.4
2019-05-27,4,7,6,1,3211,59,54,6.84,487.4
2019-05-27,4,7,5,2,4726,8,63,6.81,487.4
2019-05-27,4,7,2,3,4387,5,51,6.85,487.4
2019-05-27,4,7,4,4,4821,58,55,6.86,487.4
2019-05-27,4,7,3,5,3893,33,43,6.89,487.4
2019-05-27,4,7,1,6,4372,55,10,6.78,487.4
2019-05-27,4,8,1,1,3497,39,38,6.85,4.2
2019-05-27,4,8,2,2,3876,26,3,6.84,4.2
2019-05-27,4,8,4,3,4053,56,33,6.88,4.2
2019-05-27,4,8,5,4,4423,64,24,6.84,4.2
2019-05-27,4,8,3,5,4904,32,2,6.85,4.2
2019-05-27,4,8,6,6,4963,53,26,6.89,4.2
2019-05-27,4,9,1,1,4161,38,28,6.84,10.3
2019-05-27,4,9,3,2,4415,15,18,6.92,10.3
2019-05-27,4,9,4,3,4302,66,21,6.77,10.3
2019-05-27,4,9,6,4,3901,46,1,6.91,10.3
2019-05-27,4,9,5,5,4797,2,23,6.9,10.3
2019-05-27,4,9,2,6,4946,35,61,6.88,10.3
2019-05-27,4,10,4,1,4902,31,50,6.94,439.5
2019-05-27,4,10,5,2,4450,1,52,7.0,439.5
2019-05-27,4,10,6,3,4514,60,65,6.94,439.5
2019-05-27,4,10,1,4,3211,59,54,6.87,439.5
2019-05-27,4,10,3,5,5028,27,4,6.79,439.5
2019-05-27,4,10,2,6,3541,52,9,6.95,439.5
2019-05-27,4,11,1,1,3075,54,22,7.04,91.4
2019-05-27,4,11,5,2,4372,55,10,6.98,91.4
2019-05-27,4,11,3,3,4695,21,7,6.93,91.4
2019-05-27,4,11,2,4,3565,7,40,6.94,91.4
2019-05-27,4,11,6,5,3497,39,38,6.88,91.4
2019-05-27,4,11,4,6,3871,14,11,6.97,91.4
2019-05-27,4,12,1,1,4437,17,47,6.93,14.3
2019-05-27,4,12,2,2,4497,28,36,6.86,14.3
2019-05-27,4,12,5,3,4850,34,27,6.86,14.3
2019-05-27,4,12,3,4,4512,44,6,6.93,14.3
2019-05-27,4,12,6,5,3268,29,56,6.97,14.3
2019-05-27,4,12,4,6,4072,11,35,6.86,14.3
2019-06-02,1,1,2,1,3605,45,21,6.91,60.8
2019-06-02,1,1,1,2,4583,49,47,6.76,60.8
2019-06-02,1,1,6,3,3498,11,9,6.8,60.8
2019-06-02,1,1,4,4,4799,61,11,6.84,60.8
2019-06-02,1,1,3,5,3376,62,40,6.79,60.8
2019-06-02,1,1,5,6,4992,44,15,6.88,60.8
2019-06-02,1,2,1,1,3578,43,34,6.86,21.4
2019-06-02,1,2,3,2,3812,41,2,6.81,21.4
2019-06-02,1,2,6,3,4436,35,59,6.83,21.4
2019-06-02,1,2,2,4,4789,32,32,6.82,21.4
2019-06-02,1,2,4,5,3567,28,30,6.84,21.4
2019-06-02,1,2,5,6,4731,47,37,6.9,21.4
2019-06-02,1,3,1,1,3448,27,6,6.87,21.3
2019-06-02,1,3,2,2,3692,1,19,6.88,21.3
2019-06-02,1,3,6,3,4174,59,45,6.92,21.3
2019-06-02,1,3,5,4,4598,18,10,6.86,21.3
2019-06-02,1,3,4,5,4578,3,31,6.84,21.3
2019-06-02,1,3,3,6,3444,24,1,6.86,21.3
2019-06-02,1,4,3,1,3988,5,58,6.86,27.8
2019-06-02,1,4,1,2,4462,51,41,6.86,27.8
2019-06-02,1,4,6,3,3909,65,16,6.89,27.8
2019-06-02,1,4,5,4,3427,54,39,6.9,27.8
2019-06-02,1,4,2,5,3877,4,18,6.88,27.8
2019-06-02,1,4,4,6,5041,39,33,6.82,27.8
2019-06-02,1,5,1,1,3842,9,7,6.9,5.3
2019-06-02,1,5,3,2,4057,6,38,6.84,5.3
2019-06-02,1,5,4,3,4150,57,22,6.88,5.3
2019-06-02,1,5,5,4,4508,64,63,6.77,5.3
2019-06-02,1,5,2,5,3283,7,57,6.85,5.3
2019-06-02,1,5,6,6,4992,44,15,6.83,5.3
2019-06-02,1,6,1,1,4633,25,43,6.88,8.7
2019-06-02,1,6,2,2,3944,40,62,6.77,8.7
2019-06-02,1,6,5,3,4030,13,5,6.9,8.7
2019-06-02,1,6,4,4,4980,63,49,6.89,8.7
2019-06-02,1,6,3,5,3694,50,65,6.92,8.7
2019-06-02,1,6,6,6,4435,30,13,6.95,8.7
2019-06-02,1,7,3,1,4523,56,14,6.9,32.3
2019-06-02,1,7,2,2,3256,58,35,6.88,32.3
2019-06-02,1,7,5,3,4572,66,56,6.92,32.3
2019-06-02,1,7,4,4,3498,11,9,6.84,32.3
2019-06-02,1,7,6,5,3567,28,30,6.86,32.3
2019-06-02,1,7,1,6,4803,12,20,6.82,32.3
2019-06-02,1,8,1,1,4140,33,50,6.86,19.6
2019-06-02,1,8,4,2,4821,16,29,6.84,19.6
2019-06-02,1,8,3,3,3819,37,36,6.81,19.6
2019-06-02,1,8,5,4,4799,61,11,6.86,19.6
2019-06-02,1,8,2,5,3414,20,4,6.75,19.6
2019-06-02,1,8,6,6,5041,39,33,6.76,19.6
2019-06-02,1,9,2,1,3427,54,39,6.87,20.6
2019-06-02,1,9,1,2,3501,23,26,6.8,20.6
2019-06-02,1,9,3,3,4581,21,17,6.8,20.6
2019-06-02,1,9,5,4,3376,62,40,6.8,20.6
2019-06-02,1,9,4,5,4789,32,32,6.81,20.6
2019-06-02,1,9,6,6,4598,18,10,6.82,20.6
2019-06-02,1,11,1,1,3944,40,62,6.8,9.6
2019-06-02,1,11,3,2,3842,9,7,6.94,9.6
2019-06-02,1,11,2,3,4436,35,59,6.89,9.6
2019-06-02,1,11,5,4,3692,1,19,6.92,9.6
2019-06-02,1,11,6,5,3988,5,58,6.91,9.6
2019-06-02,1,11,4,6,4583,49,47,6.92,9.6
2019-06-02,1,12,6,1,4057,6,38,6.87,1078.7
2019-06-02,1,12,4,2,3909,65,16,6.89,1078.7
2019-06-02,1,12,1,3,3256,58,35,6.92,1078.7
2019-06-02,1,12,3,4,4030,13,5,6.93,1078.7
2019-06-02,1,12,2,5,4174,59,45,6.9,1078.7
2019-06-02,1,12,5,6,4140,33,50,6.93,1078.7
2019-06-03,2,1,1,1,4821,16,29,6.78,31.6
2019-06-03,2,1,6,2,3283,7,57,6.91,31.6
2019-06-03,2,1,2,3,3567,28,30,6.81,31.6
2019-06-03,2,1,5,4,3877,4,18,6.91,31.6
2019-06-03,2,1,3,5,4462,51,41,6.79,31.6
2019-06-03,2,1,4,6,4992,44,15,6.84,31.6
2019-06-03,2,2,1,1,3694,50,65,6.92,61.1
2019-06-03,2,2,2,2,3812,41,2,6.82,61.1
2019-06-03,2,2,6,3,3819,37,36,6.79,61.1
2019-06-03,2,2,3,4,3578,43,34,6.84,61.1
2019-06-03,2,2,5,5,4980,63,49,6.91,61.1
2019-06-03,2,2,4,6,3444,24,1,6.8,61.1
2019-06-03,2,3,1,1,4789,32,32,6.77,43.2
2019-06-03,2,3,3,2,4508,64,63,6.77,43.2
2019-06-03,2,3,2,3,3501,23,26,6.78,43.2
2019-06-03,2,3,6,4,4140,33,50,6.87,43.2
2019-06-03,2,3,5,5,3448,27,6,6.83,43.2
2019-06-03,2,3,4,6,4435,30,13,6.86,43.2
2019-06-03,2,4,1,1,3692,1,19,6.81,39.0
2019-06-03,2,4,4,2,4436,35,59,6.85,39.0
2019-06-03,2,4,6,3,4150,57,22,6.84,39.0
2019-06-03,2,4,3,4,3414,20,4,6.84,39.0
2019-06-03,2,4,5,5,4057,6,38,6.86,39.0
2019-06-03,2,4,2,6,4803,12,20,6.84,39.0
2019-06-03,2,5,1,1,3988,5,58,6.83,7.8
2019-06-03,2,5,3,2,3944,40,62,6.81,7.8
2019-06-03,2,5,6,3,4633,25,43,6.87,7.8
2019-06-03,2,5,2,4,4799,61,11,6.85,7.8
2019-06-03,2,5,4,5,4581,21,17,6.81,7.8
2019-06-03,2,5,5,6,5041,39,33,6.86,7.8
2019-06-03,2,6,2,1,4523,56,14,6.84,38.5
2019-06-03,2,6,3,2,4572,66,56,6.89,38.5
2019-06-03,2,6,1,3,4731,47,60,6.83,38.5
2019-06-03,2,6,4,4,3376,62,40,6.8,38.5
2019-06-03,2,6,5,5,3909,65,16,6.91,38.5
2019-06-03,2,6,6,6,3444,24,1,6.9,38.5
2019-06-03,2,7,2,1,4030,13,5,6.84,11.9
2019-06-03,2,7,4,2,4174,59,45,6.85,11.9
2019-06-03,2,7,6,3,4578,3,31,6.81,11.9
2019-06-03,2,7,3,4,3605,45,21,6.87,11.9
2019-06-03,2,7,1,5,3498,11,9,6.79,11.9
2019-06-03,2,7,5,6,3819,37,36,6.81,11.9
2019-06-03,2,8,2,1,4583,49,47,6.81,34.1
2019-06-03,2,8,1,2,3349,10,53,6.82,34.1
2019-06-03,2,8,3,3,3448,27,6,6.82,34.1
2019-06-03,2,8,6,4,4980,63,49,6.87,34.1
2019-06-03,2,8,4,5,3842,9,7,6.87,34.1
2019-06-03,2,8,5,6,4462,51,41,6.86,34.1
2019-06-03,2,9,3,1,3256,58,35,6.87,35.1
2019-06-03,2,9,5,2,3414,20,4,6.82,35.1
2019-06-03,2,9,1,3,3427,54,39,6.84,35.1
2019-06-03,2,9,2,4,3694,50,65,6.91,35.1
2019-06-03,2,9,6,5,3501,23,26,6.9,35.1
2019-06-03,2,9,4,6,3283,7,57,6.82,35.1
2019-06-03,2,11,5,1,3944,40,62,6.82,42.4
2019-06-03,2,11,1,2,3909,65,16,6.8,42.4
2019-06-03,2,11,3,3,4435,30,13,6.86,42.4
2019-06-03,2,11,2,4,4821,16,29,6.79,42.4
2019-06-03,2,11,4,5,4803,12,20,6.85,42.4
2019-06-03,2,11,6,6,3812,41,2,6.8,42.4
2019-06-03,2,12,1,1,4030,13,5,6.73,89.4
2019-06-03,2,12,6,2,4572,66,56,6.91,89.4
2019-06-03,2,12,4,3,4633,25,43,6.89,89.4
2019-06-03,2,12,3,4,4140,33,50,6.89,89.4
2019-06-03,2,12,5,5,3349,10,53,6.9,89.4
2019-06-03,2,12,2,6,4150,57,22,6.89,89.4
2019-06-04,3,2,2,1,4731,47,60,6.76,62.3
2019-06-04,3,2,6,2,3448,27,6,6.8,62.3
2019-06-04,3,2,5,3,4789,32,32,6.88,62.3
2019-06-04,3,2,4,4,3605,45,21,6.95,62.3
2019-06-04,3,2,3,5,3567,28,30,6.87,62.3
2019-06-04,3,2,1,6,4799,61,11,6.84,62.3
2019-06-04,3,3,1,1,3819,37,36,6.83,42.0
2019-06-04,3,3,2,2,4435,30,13,6.96,42.0
2019-06-04,3,3,3,3,4436,35,59,6.95,42.0
2019-06-04,3,3,6,4,3256,58,35,6.97,42.0
2019-06-04,3,3,5,5,3578,43,34,6.97,42.0
2019-06-04,3,3,4,6,4523,56,14,6.89,42.0
2019-06-04,3,4,3,1,3988,5,58,6.87,29.1
2019-06-04,3,4,5,2,4174,59,45,6.97,29.1
2019-06-04,3,4,6,3,3842,9,7,6.95,29.1
2019-06-04,3,4,2,4,4633,25,43,6.92,29.1
2019-06-04,3,4,1,5,4508,64,63,6.79,29.1
2019-06-04,3,4,4,6,4992,44,15,6.88,29.1
2019-06-04,3,5,1,1,4581,21,17,6.85,5.3
2019-06-04,3,5,3,2,3349,10,53,6.87,5.3
2019-06-04,3,5,4,3,4572,66,56,6.92,5.3
2019-06-04,3,5,5,4,4980,63,49,6.95,5.3
2019-06-04,3,5,2,5,3444,24,1,6.88,5.3
2019-06-04,3,5,6,6,3877,4,18,6.91,5.3
2019-06-04,3,6,2,1,4598,18,10,6.9,29.4
2019-06-04,3,6,3,2,4583,49,47,6.91,29.4
2019-06-04,3,6,4,3,4057,6,38,6.87,29.4
2019-06-04,3,6,6,4,4462,51,41,6.98,29.4
2019-06-04,3,6,5,5,4803,12,20,6.91,29.4
2019-06-04,3,6,1,6,3283,7,57,6.91,29.4
2019-06-04,3,7,2,1,4140,33,50,6.91,88.6
2019-06-04,3,7,6,2,4731,47,60,6.9,88.6
2019-06-04,3,7,3,3,3427,54,39,6.88,88.6
2019-06-04,3,7,5,4,4578,3,31,6.86,88.6
2019-06-04,3,7,1,5,3376,62,40,6.83,88.6
2019-06-04,3,7,4,6,5041,39,33,6.88,88.6
2019-06-04,3,8,1,1,4435,30,13,6.81,11.3
2019-06-04,3,8,4,2,4030,13,5,6.85,11.3
2019-06-04,3,8,3,3,3501,23,26,6.82,11.3
2019-06-04,3,8,5,4,3605,45,21,6.93,11.3
2019-06-04,3,8,6,5,4992,44,15,6.86,11.3
2019-06-04,3,8,2,6,3909,65,16,6.91,11.3
2019-06-04,3,9,1,1,4436,35,59,6.73,193.7
2019-06-04,3,9,5,2,3567,28,30,6.92,193.7
2019-06-04,3,9,3,3,4150,57,22,6.83,193.7
2019-06-04,3,9,4,4,3812,41,2,6.88,193.7
2019-06-04,3,9,2,5,3842,9,7,6.84,193.7
2019-06-04,3,9,6,6,3944,40,62,6.83,193.7
2019-06-04,3,10,1,1,4572,66,56,6.91,8.3
2019-06-04,3,10,3,2,3256,58,35,6.89,8.3
2019-06-04,3,10,2,3,3988,5,58,6.87,8.3
2019-06-04,3,10,5,4,4821,16,29,6.77,8.3
2019-06-04,3,10,4,5,3448,27,6,6.85,8.3
2019-06-04,3,10,6,6,3692,1,19,6.88,8.3
2019-06-04,3,11,3,1,4789,32,32,6.88,191.3
2019-06-04,3,11,1,2,3349,10,53,6.77,191.3
2019-06-04,3,11,4,3,4598,18,10,6.83,191.3
2019-06-04,3,11,5,4,3498,11,9,6.91,191.3
2019-06-04,3,11,6,5,4523,56,14,6.89,191.3
2019-06-04,3,11,2,6,4578,3,31,6.82,191.3
2019-06-04,3,12,1,1,4174,59,45,6.8,38.7
2019-06-04,3,12,5,2,4581,21,17,6.81,38.7
2019-06-04,3,12,6,3,3427,54,39,6.92,38.7
2019-06-04,3,12,4,4,3414,20,4,6.84,38.7
2019-06-04,3,12,2,5,4057,6,38,6.84,38.7
2019-06-04,3,12,3,6,4799,61,11,6.89,38.7
2019-06-05,4,1,1,1,4150,57,22,6.78,11.5
2019-06-05,4,1,4,2,4462,51,41,6.87,11.5
2019-06-05,4,1,2,3,3376,62,40,6.81,11.5
2019-06-05,4,1,5,4,3694,50,65,6.91,11.5
2019-06-05,4,1,3,5,3498,11,9,6.81,11.5
2019-06-05,4,1,6,6,4980,63,49,6.84,11.5
2019-06-05,4,2,4,1,3501,23,26,6.76,48.8
2019-06-05,4,2,2,2,3578,43,34,6.79,48.8
2019-06-05,4,2,6,3,4799,61,11,6.8,48.8
2019-06-05,4,2,3,4,4803,12,20,6.8,48.8
2019-06-05,4,2,5,5,4992,44,15,6.85,48.8
2019-06-05,4,2,1,6,3444,24,1,6.73,48.8
2019-06-05,4,3,4,1,4508,64,63,6.82,434.6
2019-06-05,4,3,5,2,3283,7,57,6.77,434.6
2019-06-05,4,3,6,3,3349,10,53,6.83,434.6
2019-06-05,4,3,1,4,3877,4,18,6.8,434.6
2019-06-05,4,3,3,5,4821,16,29,6.79,434.6
2019-06-05,4,3,2,6,3819,37,36,6.72,434.6
2019-06-05,4,4,1,1,3812,41,2,6.78,32.0
2019-06-05,4,4,4,2,3988,5,58,6.83,32.0
2019-06-05,4,4,2,3,3448,27,6,6.79,32.0
2019-06-05,4,4,3,4,3909,65,16,6.83,32.0
2019-06-05,4,4,5,5,4583,49,47,6.77,32.0
2019-06-05,4,4,6,6,5041,39,33,6.8,32.0
2019-06-05,4,5,4,1,3692,1,19,6.81,335.5
2019-06-05,4,5,2,2,4140,33,50,6.84,335.5
2019-06-05,4,5,5,3,4633,25,43,6.84,335.5
2019-06-05,4,5,1,4,4523,56,14,6.78,335.5
2019-06-05,4,5,6,5,4789,32,32,6.84,335.5
2019-06-05,4,5,3,6,4435,30,13,6.9,335.5
2019-06-05,4,6,1,1,3605,45,21,6.82,17.0
2019-06-05,4,6,2,2,4581,21,17,6.74,17.0
2019-06-05,4,6,4,3,3944,40,62,6.76,17.0
2019-06-05,4,6,3,4,4578,3,31,6.78,17.0
2019-06-05,4,6,5,5,4436,35,59,6.81,17.0
2019-06-05,4,6,6,6,3578,43,34,6.9,17.0
2019-06-05,4,7,2,1,4057,6,38,6.83,16.0
2019-06-05,4,7,3,2,4030,13,5,6.87,16.0
2019-06-05,4,7,4,3,3256,58,35,6.91,16.0
2019-06-05,4,7,6,4,4508,64,63,6.87,16.0
2019-06-05,4,7,5,5,3501,23,26,6.82,16.0
2019-06-05,4,7,1,6,3567,28,30,6.88,16.0
2019-06-05,4,8,2,1,4150,57,22,6.78,27.6
2019-06-05,4,8,1,2,4174,59,45,6.77,27.6
2019-06-05,4,8,4,3,3427,54,39,6.86,27.6
2019-06-05,4,8,3,4,3283,7,57,6.84,27.6
2019-06-05,4,8,6,5,4803,12,20,6.87,27.6
2019-06-05,4,8,5,6,3812,41,2,6.87,27.6
2019-06-05,4,9,1,1,4598,18,10,6.76,239.8
2019-06-05,4,9,5,2,3444,24,1,6.86,239.8
2019-06-05,4,9,2,3,4462,51,41,6.84,239.8
2019-06-05,4,9,6,4,3414,20,4,6.85,239.8
2019-06-05,4,9,3,5,4731,47,60,6.89,239.8
2019-06-05,4,9,4,6,3349,10,53,6.89,239.8
2019-06-05,4,10,1,1,3909,65,16,6.87,5.5
2019-06-05,4,10,2,2,4572,66,56,6.96,5.5
2019-06-05,4,10,3,3,4633,25,43,6.87,5.5
2019-06-05,4,10,4,4,3819,37,36,6.84,5.5
2019-06-05,4,10,6,5,3376,62,40,6.79,5.5
2019-06-05,4,10,5,6,3842,9,7,6.97,5.5
2019-06-05,4,11,1,1,4030,13,5,6.84,8.8
2019-06-05,4,11,4,2,4140,33,50,7.01,8.8
2019-06-05,4,11,2,3,3944,40,62,6.82,8.8
2019-06-05,4,11,6,4,4821,16,29,6.84,8.8
2019-06-05,4,11,3,5,3694,50,65,6.96,8.8
2019-06-05,4,11,5,6,3988,5,58,6.92,8.8
2019-06-05,4,12,2,1,4578,3,31,6.83,37.0
2019-06-05,4,12,1,2,3256,58,35,6.86,37.0
2019-06-05,4,12,3,3,4174,59,45,6.81,37.0
2019-06-05,4,12,5,4,4435,30,13,6.89,37.0
2019-06-05,4,12,6,5,4583,49,47,6.87,37.0
2019-06-05,4,12,4,6,4980,63,49,6.93,37.0
2019-06-06,5,1,1,1,3414,20,4,6.69,21.4
2019-06-06,5,1,6,2,4572,66,56,6.81,21.4
2019-06-06,5,1,3,3,3692,1,19,6.75,21.4
2019-06-06,5,1,2,4,3444,24,1,6.75,21.4
2019-06-06,5,1,4,5,4436,35,59,6.78,21.4
2019-06-06,5,1,5,6,3819,37,36,6.78,21.4
2019-06-06,5,2,1,1,3578,43,34,6.79,42.8
2019-06-06,5,2,3,2,3283,7,57,6.77,42.8
2019-06-06,5,2,4,3,4633,25,43,6.82,42.8
2019-06-06,5,2,6,4,3988,5,58,6.79,42.8
2019-06-06,5,2,5,5,3944,40,62,6.73,42.8
2019-06-06,5,2,2,6,4789,32,32,6.75,42.8
2019-06-06,5,3,1,1,3448,27,6,6.76,20.8
2019-06-06,5,3,6,2,4174,59,45,6.85,20.8
2019-06-06,5,3,2,3,4508,64,63,6.7,20.8
2019-06-06,5,3,3,4,3498,11,9,6.77,20.8
2019-06-06,5,3,5,5,3877,4,18,6.93,20.8
2019-06-06,5,3,4,6,4581,21,17,6.79,20.8
2019-06-06,5,4,1,1,3501,23,26,6.74,16.7
2019-06-06,5,4,2,2,3605,45,21,6.79,16.7
2019-06-06,5,4,4,3,4150,57,22,6.76,16.7
2019-06-06,5,4,3,4,3427,54,39,6.77,16.7
2019-06-06,5,4,5,5,3256,58,35,6.88,16.7
2019-06-06,5,4,6,6,5041,39,33,6.81,16.7
2019-06-06,5,5,6,1,4980,63,49,6.79,904.2
2019-06-06,5,5,3,2,3909,65,16,6.83,904.2
2019-06-06,5,5,2,3,4821,16,29,6.79,904.2
2019-06-06,5,5,4,4,3694,50,65,6.78,904.2
2019-06-06,5,5,5,5,4803,12,20,6.78,904.2
2019-06-06,5,5,1,6,3842,9,7,6.88,904.2
2019-06-06,5,6,2,1,4523,56,14,6.89,28.2
2019-06-06,5,6,1,2,3567,28,30,6.83,28.2
2019-06-06,5,6,6,3,4030,13,5,6.83,28.2
2019-06-06,5,6,5,4,4140,33,50,6.79,28.2
2019-06-06,5,6,4,5,3376,62,40,6.7,28.2
2019-06-06,5,6,3,6,4799,61,11,6.85,28.2
2019-06-06,5,7,1,1,3812,41,2,6.78,11.9
2019-06-06,5,7,3,2,4578,3,31,6.77,11.9
2019-06-06,5,7,2,3,4583,49,47,6.75,11.9
2019-06-06,5,7,5,4,4598,18,10,6.77,11.9
2019-06-06,5,7,4,5,4731,47,60,6.82,11.9
2019-06-06,5,7,6,6,4992,44,15,6.84,11.9
2019-06-06,5,8,1,1,4572,66,56,6.88,6.7
2019-06-06,5,8,2,2,3944,40,62,6.81,6.7
2019-06-06,5,8,3,3,4633,25,43,6.9,6.7
2019-06-06,5,8,6,4,3448,27,6,6.82,6.7
2019-06-06,5,8,4,5,3427,54,39,6.82,6.7
2019-06-06,5,8,5,6,3605,45,21,6.87,6.7
2019-06-06,5,9,2,1,3256,58,35,6.84,142.3
2019-06-06,5,9,3,2,4436,35,59,6.83,142.3
2019-06-06,5,9,5,3,4821,16,29,6.8,142.3
2019-06-06,5,9,4,4,3692,1,19,6.78,142.3
2019-06-06,5,9,1,5,3988,5,58,6.79,142.3
2019-06-06,5,9,6,6,3501,23,26,6.85,142.3
2019-06-06,5,10,1,1,4174,59,45,6.86,13.3
2019-06-06,5,10,3,2,4581,21,17,6.79,13.3
2019-06-06,5,10,2,3,4140,33,50,6.89,13.3
2019-06-06,5,10,5,4,4583,49,47,6.84,13.3
2019-06-06,5,10,6,5,3414,20,4,6.85,13.3
2019-06-06,5,10,4,6,3909,65,16,6.89,13.3
2019-06-06,5,11,1,1,4030,13,5,6.84,7.4
2019-06-06,5,11,3,2,4150,57,22,6.85,7.4
2019-06-06,5,11,2,3,4598,18,10,6.81,7.4
2019-06-06,5,11,4,4,4523,56,14,6.81,7.4
2019-06-06,5,11,6,5,3812,41,2,6.8,7.4
2019-06-06,5,11,5,6,4789,32,32,6.93,7.4
2019-06-06,5,12,1,1,4057,6,38,6.88,5.8
2019-06-06,5,12,2,2,4435,30,13,6.96,5.8
2019-06-06,5,12,4,3,3349,10,53,6.91,5.8
2019-06-06,5,12,5,4,4462,51,41,6.88,5.8
2019-06-06,5,12,3,5,3842,9,7,6.97,5.8
2019-06-06,5,12,6,6,3283,7,57,6.93,5.8
2019-06-07,6,1,1,1,4523,56,14,6.82,6.5
2019-06-07,6,1,2,2,4462,51,41,6.83,6.5
2019-06-07,6,1,3,3,4731,47,60,6.84,6.5
2019-06-07,6,1,6,4,4980,63,49,6.89,6.5
2019-06-07,6,1,4,5,3812,41,2,6.87,6.5
2019-06-07,6,1,5,6,3444,24,1,6.91,6.5
2019-06-07,6,2,1,1,3283,7,57,6.86,8.3
2019-06-07,6,2,3,2,3376,62,40,6.83,8.3
2019-06-07,6,2,2,3,3498,11,9,6.84,8.3
2019-06-07,6,2,6,4,4992,44,15,6.86,8.3
2019-06-07,6,2,5,5,4799,61,11,6.9,8.3
2019-06-07,6,2,4,6,4803,12,20,6.9,8.3
2019-06-07,6,3,2,1,3692,1,19,6.84,69.2
2019-06-07,6,3,1,2,3448,27,6,6.79,69.2
2019-06-07,6,3,5,3,3256,58,35,6.94,69.2
2019-06-07,6,3,4,4,3842,9,7,6.88,69.2
2019-06-07,6,3,3,5,4633,25,43,6.92,69.2
2019-06-07,6,3,6,6,4174,59,45,6.86,69.2
2019-06-07,6,4,1,1,4583,49,47,6.81,25.1
2019-06-07,6,4,5,2,3349,10,53,6.81,25.1
2019-06-07,6,4,4,3,4436,35,59,6.83,25.1
2019-06-07,6,4,3,4,3605,45,21,6.9,25.1
2019-06-07,6,4,6,5,4572,66,56,6.89,25.1
2019-06-07,6,4,2,6,3501,23,26,6.83,25.1
2019-06-07,6,5,3,1,4598,18,10,6.88,156.2
2019-06-07,6,5,1,2,4140,33,50,6.93,156.2
2019-06-07,6,5,6,3,3578,43,34,6.93,156.2
2019-06-07,6,5,2,4,4821,16,29,6.83,156.2
2019-06-07,6,5,4,5,3909,65,16,6.86,156.2
2019-06-07,6,5,5,6,4508,64,63,6.8,156.2
2019-06-07,6,6,5,1,4150,57,22,6.97,42.5
2019-06-07,6,6,1,2,3944,40,62,6.8,42.5
2019-06-07,6,6,3,3,3414,20,4,6.8,42.5
2019-06-07,6,6,2,4,3694,50,65,6.94,42.5
2019-06-07,6,6,6,5,4435,30,13,6.95,42.5
2019-06-07,6,6,4,6,3567,28,30,6.95,42.5
2019-06-07,6,7,1,1,3988,5,58,6.85,38.2
2019-06-07,6,7,6,2,4030,13,5,6.9,38.2
2019-06-07,6,7,3,3,4789,32,32,6.86,38.2
2019-06-07,6,7,4,4,4581,21,17,6.82,38.2
2019-06-07,6,7,2,5,3819,37,36,6.85,38.2
2019-06-07,6,7,5,6,4057,6,38,6.83,38.2
2019-06-07,6,8,1,1,3427,54,39,6.86,6.9
2019-06-07,6,8,4,2,4578,3,31,6.81,6.9
2019-06-07,6,8,2,3,3349,10,53,6.85,6.9
2019-06-07,6,8,3,4,3877,4,18,6.87,6.9
2019-06-07,6,8,5,5,3498,11,9,6.79,6.9
2019-06-07,6,8,6,6,5041,39,33,6.96,6.9
2019-06-07,6,9,1,1,4572,66,56,6.92,7.7
2019-06-07,6,9,2,2,3256,58,35,6.79,7.7
2019-06-07,6,9,4,3,4598,18,10,6.79,7.7
2019-06-07,6,9,5,4,4583,49,47,6.84,7.7
2019-06-07,6,9,3,5,4140,33,50,6.87,7.7
2019-06-07,6,9,6,6,3448,27,6,6.9,7.7
2019-06-07,6,11,1,1,4030,13,5,6.87,9.4
2019-06-07,6,11,3,2,4581,21,17,6.88,9.4
2019-06-07,6,11,2,3,4150,57,22,6.91,9.4
2019-06-07,6,11,4,4,4821,16,29,6.9,9.4
2019-06-07,6,11,5,5,3692,1,19,6.88,9.4
2019-06-07,6,11,6,6,3427,54,39,6.91,9.4
2019-06-07,6,12,3,1,3909,65,16,6.89,48.9
2019-06-07,6,12,1,2,4578,3,31,6.82,48.9
2019-06-07,6,12,5,3,3501,23,26,6.9,48.9
2019-06-07,6,12,2,4,4731,47,60,6.88,48.9
2019-06-07,6,12,6,5,4057,6,38,6.84,48.9
2019-06-07,6,12,4,6,3414,20,4,6.88,48.9
2019-06-08,7,1,1,1,4821,16,29,6.79,9.4
2019-06-08,7,1,2,2,4803,12,20,6.85,9.4
2019-06-08,7,1,4,3,3376,62,40,6.83,9.4
2019-06-08,7,1,3,4,3819,37,36,6.81,9.4
2019-06-08,7,1,5,5,3694,50,65,6.9,9.4
2019-06-08,7,1,6,6,4980,63,49,6.86,9.4
2019-06-08,7,2,1,1,4799,61,11,6.77,14.5
2019-06-08,7,2,2,2,3877,4,18,6.82,14.5
2019-06-08,7,2,3,3,3444,24,1,6.84,14.5
2019-06-08,7,2,4,4,3498,11,9,6.83,14.5
2019-06-08,7,2,6,5,3567,28,30,6.94,14.5
2019-06-08,7,2,5,6,5041,39,33,6.9,14.5
2019-06-08,7,3,3,1,4435,30,13,6.92,183.1
2019-06-08,7,3,2,2,3812,41,2,6.84,183.1
2019-06-08,7,3,1,3,4633,25,43,6.9,183.1
2019-06-08,7,3,4,4,3578,43,34,6.89,183.1
2019-06-08,7,3,5,5,3605,45,21,6.88,183.1
2019-06-08,7,3,6,6,4578,3,31,6.76,183.1
2019-06-08,7,4,1,1,4598,18,10,6.76,11.1
2019-06-08,7,4,3,2,3501,23,26,6.84,11.1
2019-06-08,7,4,6,3,3842,9,7,6.85,11.1
2019-06-08,7,4,4,4,4789,32,32,6.79,11.1
2019-06-08,7,4,5,5,4992,44,15,6.84,11.1
2019-06-08,7,4,2,6,4508,64,63,6.7,11.1
2019-06-08,7,5,1,1,3427,54,39,6.9,10.5
2019-06-08,7,5,2,2,3448,27,6,6.77,10.5
2019-06-08,7,5,3,3,3376,62,40,6.8,10.5
2019-06-08,7,5,4,4,3988,5,58,6.88,10.5
2019-06-08,7,5,6,5,3283,7,57,6.89,10.5
2019-06-08,7,5,5,6,4462,51,41,6.89,10.5
2019-06-08,7,6,2,1,3692,1,19,6.83,20.2
2019-06-08,7,6,1,2,3414,20,4,6.8,20.2
2019-06-08,7,6,6,3,3349,10,53,6.85,20.2
2019-06-08,7,6,5,4,4731,47,60,6.89,20.2
2019-06-08,7,6,3,5,3694,50,65,6.9,20.2
2019-06-08,7,6,4,6,3877,4,18,6.91,20.2
2019-06-08,7,7,1,1,4140,33,50,6.83,10.2
2019-06-08,7,7,3,2,4150,57,22,6.84,10.2
2019-06-08,7,7,5,3,3812,41,2,6.91,10.2
2019-06-08,7,7,2,4,3605,45,21,6.85,10.2
2019-06-08,7,7,4,5,3819,37,36,6.88,10.2
2019-06-08,7,7,6,6,4436,35,59,6.76,10.2
2019-06-08,7,8,2,1,3944,40,62,6.71,14.6
2019-06-08,7,8,1,2,4583,49,47,6.75,14.6
2019-06-08,7,8,3,3,4789,32,32,6.78,14.6
2019-06-08,7,8,4,4,3909,65,16,6.85,14.6
2019-06-08,7,8,5,5,4799,61,11,6.9,14.6
2019-06-08,7,8,6,6,4992,44,15,6.78,14.6
2019-06-08,7,9,5,1,4508,64,63,6.73,487.2
2019-06-08,7,9,2,2,4462,51,41,6.88,487.2
2019-06-08,7,9,1,3,4435,30,13,6.75,487.2
2019-06-08,7,9,6,4,5041,39,33,6.83,487.2
2019-06-08,7,9,4,5,4057,6,38,6.77,487.2
2019-06-08,7,9,3,6,3578,43,34,6.85,487.2
2019-06-08,7,10,1,1,4150,57,22,6.82,17.3
2019-06-08,7,10,2,2,4598,18,10,6.8,17.3
2019-06-08,7,10,5,3,3448,27,6,6.73,17.3
2019-06-08,7,10,3,4,3988,5,58,6.86,17.3
2019-06-08,7,10,4,5,3692,1,19,6.78,17.3
2019-06-08,7,10,6,6,3414,20,4,6.84,17.3
2019-06-08,7,11,4,1,4140,33,50,6.81,199.3
2019-06-08,7,11,3,2,4583,49,47,6.79,199.3
2019-06-08,7,11,6,3,3427,54,39,6.83,199.3
2019-06-08,7,11,1,4,3944,40,62,6.79,199.3
2019-06-08,7,11,5,5,4633,25,43,6.84,199.3
2019-06-08,7,11,2,6,4821,16,29,6.83,199.3
2019-06-08,7,12,1,1,4030,13,5,6.75,6.0
2019-06-08,7,12,2,2,4174,59,45,6.8,6.0
2019-06-08,7,12,4,3,3256,58,35,6.87,6.0
2019-06-08,7,12,5,4,4581,21,17,6.82,6.0
2019-06-08,7,12,3,5,4572,66,56,6.9,6.0
2019-06-08,7,12,6,6,4523,56,14,6.77,6.0
2019-06-13,1,1,4,1,4119,2,30,6.78,116.6
2019-06-13,1,1,2,2,3755,26,1,6.83,116.6
2019-06-13,1,1,3,3,4268,66,18,6.85,116.6
2019-06-13,1,1,1,4,3553,31,66,6.78,116.6
2019-06-13,1,1,6,5,2935,39,32,6.84,116.6
2019-06-13,1,1,5,6,5001,22,61,6.85,116.6
2019-06-13,1,3,6,1,3534,45,55,6.82,255.9
2019-06-13,1,3,3,2,4214,8,28,6.74,255.9
2019-06-13,1,3,4,3,4669,48,65,6.86,255.9
2019-06-13,1,3,2,4,3757,44,64,6.8,255.9
2019-06-13,1,3,5,5,4082,50,10,6.84,255.9
2019-06-13,1,3,1,6,4103,62,24,6.82,255.9
2019-06-13,1,4,1,1,3581,53,41,6.83,47.5
2019-06-13,1,4,2,2,3535,7,8,6.81,47.5
2019-06-13,1,4,5,3,4428,61,17,6.84,47.5
2019-06-13,1,4,3,4,3681,51,5,6.82,47.5
2019-06-13,1,4,4,5,4221,63,13,6.86,47.5
2019-06-13,1,4,6,6,4136,12,23,6.84,47.5
2019-06-13,1,5,1,1,3892,25,34,6.83,18.4
2019-06-13,1,5,4,2,4095,52,59,6.82,18.4
2019-06-13,1,5,5,3,3477,11,49,6.76,18.4
2019-06-13,1,5,2,4,4708,32,29,6.8,18.4
2019-06-13,1,5,3,5,3631,10,15,6.71,18.4
2019-06-13,1,5,6,6,5081,15,12,6.89,18.4
2019-06-13,1,6,1,1,3787,37,7,6.8,11.3
2019-06-13,1,6,3,2,4080,55,52,6.79,11.3
2019-06-13,1,6,2,3,3159,57,53,6.91,11.3
2019-06-13,1,6,4,4,4332,21,40,6.9,11.3
2019-06-13,1,6,6,5,4458,18,16,6.86,11.3
2019-06-13,1,6,5,6,3875,5,60,6.83,11.3
2019-06-13,1,8,3,1,3910,36,46,6.89,262.6
2019-06-13,1,8,2,2,4704,28,37,6.86,262.6
2019-06-13,1,8,4,3,3488,60,20,6.87,262.6
2019-06-13,1,8,1,4,4369,34,25,6.86,262.6
2019-06-13,1,8,5,5,4669,48,65,6.91,262.6
2019-06-13,1,8,6,6,5001,22,61,6.83,262.6
2019-06-13,1,9,1,1,3656,9,54,6.93,39.4
2019-06-13,1,9,2,2,4778,29,35,6.73,39.4
2019-06-13,1,9,6,3,4119,2,30,6.81,39.4
2019-06-13,1,9,5,4,4214,8,28,6.71,39.4
2019-06-13,1,9,3,5,4428,61,17,6.87,39.4
2019-06-13,1,9,4,6,4951,17,11,6.82,39.4
2019-06-13,1,10,6,1,4080,55,52,6.76,82.6
2019-06-13,1,10,5,2,4268,66,18,6.84,82.6
2019-06-13,1,10,4,3,4082,50,10,6.91,82.6
2019-06-13,1,10,1,4,3631,10,15,6.79,82.6
2019-06-13,1,10,3,5,3535,7,8,6.84,82.6
2019-06-13,1,10,2,6,4563,19,36,6.81,82.6
2019-06-13,1,11,1,1,3406,38,57,6.8,32.0
2019-06-13,1,11,4,2,3553,31,66,6.89,32.0
2019-06-13,1,11,3,3,3757,44,64,6.79,32.0
2019-06-13,1,11,6,4,3681,51,5,6.86,32.0
2019-06-13,1,11,5,5,4958,33,62,6.83,32.0
2019-06-13,1,11,2,6,3892,25,34,6.82,32.0
2019-06-13,1,12,3,1,4136,12,23,6.91,193.9
2019-06-13,1,12,4,2,3534,45,55,6.89,193.9
2019-06-13,1,12,1,3,3159,57,53,6.82,193.9
2019-06-13,1,12,5,4,4369,34,25,6.89,193.9
2019-06-13,1,12,6,5,3795,16,39,6.82,193.9
2019-06-13,1,12,2,6,4095,52,59,6.87,193.9
2019-06-14,2,1,5,1,4708,32,29,6.96,1158.4
2019-06-14,2,1,2,2,3787,37,7,6.92,1158.4
2019-06-14,2,1,6,3,4958,33,62,6.85,1158.4
2019-06-14,2,1,4,4,4103,62,24,6.98,1158.4
2019-06-14,2,1,3,5,3626,14,51,6.92,1158.4
2019-06-14,2,1,1,6,4220,43,27,6.84,1158.4
2019-06-14,2,2,1,1,4221,63,13,6.9,13.6
2019-06-14,2,2,3,2,4778,29,35,6.88,13.6
2019-06-14,2,2,2,3,3477,11,49,6.84,13.6
2019-06-14,2,2,5,4,2935,39,32,6.94,13.6
2019-06-14,2,2,4,5,3755,26,1,6.9,13.6
2019-06-14,2,2,6,6,4332,21,9,6.89,13.6
2019-06-14,2,3,4,1,4428,61,17,6.87,81.3
2019-06-14,2,3,3,2,4082,50,10,6.97,81.3
2019-06-14,2,3,1,3,4951,17,11,6.93,81.3
2019-06-14,2,3,6,4,4095,52,59,6.88,81.3
2019-06-14,2,3,5,5,5081,15,12,6.91,81.3
2019-06-14,2,3,2,6,3581,53,41,6.91,81.3
2019-06-14,2,4,5,1,3488,60,20,6.94,94.2
2019-06-14,2,4,6,2,4369,34,25,6.93,94.2
2019-06-14,2,4,2,3,4967,54,19,6.86,94.2
2019-06-14,2,4,1,4,3535,7,8,6.89,94.2
2019-06-14,2,4,4,5,4214,8,28,6.88,94.2
2019-06-14,2,4,3,6,4952,46,3,6.9,94.2
2019-06-14,2,5,4,1,3795,16,39,6.96,39.7
2019-06-14,2,5,3,2,3656,9,54,6.97,39.7
2019-06-14,2,5,2,3,3910,36,46,6.99,39.7
2019-06-14,2,5,6,4,4669,48,65,6.92,39.7
2019-06-14,2,5,1,5,4458,18,16,6.96,39.7
2019-06-14,2,5,5,6,4563,19,36,6.93,39.7
2019-06-14,2,6,2,1,4136,12,23,6.96,12.3
2019-06-14,2,6,1,2,3757,44,64,6.88,12.3
2019-06-14,2,6,5,3,4080,55,52,6.9,12.3
2019-06-14,2,6,3,4,4704,28,37,6.92,12.3
2019-06-14,2,6,6,5,3875,5,60,6.92,12.3
2019-06-14,2,6,4,6,5001,22,61,6.94,12.3
2019-06-14,2,7,3,1,3477,11,49,6.85,397.0
2019-06-14,2,7,2,2,3681,51,5,6.84,397.0
2019-06-14,2,7,6,3,3406,38,57,6.97,397.0
2019-06-14,2,7,4,4,3787,37,7,6.91,397.0
2019-06-14,2,7,5,5,3631,10,15,6.93,397.0
2019-06-14,2,7,1,6,4119,2,30,6.85,397.0
2019-06-14,2,8,1,1,3534,45,55,6.83,4.5
2019-06-14,2,8,2,2,3553,31,66,6.96,4.5
2019-06-14,2,8,4,3,3892,25,34,6.86,4.5
2019-06-14,2,8,5,4,4967,54,19,6.95,4.5
2019-06-14,2,8,3,5,2935,39,32,6.96,4.5
2019-06-14,2,8,6,6,5081,15,12,6.95,4.5
2019-06-14,2,10,1,1,4704,28,37,6.9,10.0
2019-06-14,2,10,3,2,4095,52,33,6.88,10.0
2019-06-14,2,10,2,3,4221,63,13,6.91,10.0
2019-06-14,2,10,5,4,4458,18,16,7.0,10.0
2019-06-14,2,10,4,5,3626,14,51,6.89,10.0
2019-06-14,2,10,6,6,4952,46,3,6.89,10.0
2019-06-14,2,12,1,1,4136,12,23,7.05,45.4
2019-06-14,2,12,4,2,3631,10,15,6.96,45.4
2019-06-14,2,12,3,3,4103,62,24,7.15,45.4
2019-06-14,2,12,5,4,3656,9,54,7.08,45.4
2019-06-14,2,12,2,5,4369,34,25,6.98,45.4
2019-06-14,2,12,6,6,4082,50,10,7.06,45.4
2019-06-15,3,1,4,1,3535,7,8,6.76,114.8
2019-06-15,3,1,1,2,4428,61,17,6.76,114.8
2019-06-15,3,1,5,3,3757,44,64,6.87,114.8
2019-06-15,3,1,6,4,3910,36,46,6.89,114.8
2019-06-15,3,1,2,5,3875,5,60,6.87,114.8
2019-06-15,3,1,3,6,4958,33,62,6.79,114.8
2019-06-15,3,3,5,1,3681,51,5,6.8,172.7
2019-06-15,3,3,3,2,4669,48,65,6.91,172.7
2019-06-15,3,3,6,3,3892,25,34,6.92,172.7
2019-06-15,3,3,1,4,3477,11,49,6.76,172.7
2019-06-15,3,3,4,5,3581,53,41,6.84,172.7
2019-06-15,3,3,2,6,2935,39,32,6.89,172.7
2019-06-15,3,4,2,1,3626,14,51,6.95,46.1
2019-06-15,3,4,5,2,4136,12,23,6.94,46.1
2019-06-15,3,4,4,3,3656,9,54,6.95,46.1
2019-06-15,3,4,3,4,4563,19,36,6.92,46.1
2019-06-15,3,4,1,5,4708,32,29,6.91,46.1
2019-06-15,3,4,6,6,5081,15,12,7.0,46.1
2019-06-15,3,5,1,1,4214,8,28,6.73,91.7
2019-06-15,3,5,6,2,4778,29,35,6.86,91.7
2019-06-15,3,5,5,3,4103,62,24,6.88,91.7
2019-06-15,3,5,3,4,3553,31,66,6.86,91.7
2019-06-15,3,5,4,5,3406,38,57,6.8,91.7
2019-06-15,3,5,2,6,4332,21,9,6.83,91.7
2019-06-15,3,6,3,1,4220,43,27,6.89,19.9
2019-06-15,3,6,5,2,3534,45,55,6.93,19.9
2019-06-15,3,6,2,3,4458,18,16,6.95,19.9
2019-06-15,3,6,4,4,4952,46,3,6.86,19.9
2019-06-15,3,6,1,5,4958,33,62,6.9,19.9
2019-06-15,3,6,6,6,5001,22,61,6.93,19.9
2019-06-15,3,7,3,1,3787,37,7,6.88,38.4
2019-06-15,3,7,5,2,3795,16,39,6.94,38.4
2019-06-15,3,7,2,3,3488,60,20,6.93,38.4
2019-06-15,3,7,1,4,2935,39,32,6.88,38.4
2019-06-15,3,7,4,5,4704,28,37,7.01,38.4
2019-06-15,3,7,6,6,4268,66,18,6.95,38.4
2019-06-15,3,8,1,1,4095,52,33,6.86,5.0
2019-06-15,3,8,4,2,3681,51,5,6.89,5.0
2019-06-15,3,8,2,3,4082,50,10,6.91,5.0
2019-06-15,3,8,5,4,3535,7,8,6.94,5.0
2019-06-15,3,8,3,5,3755,26,1,6.97,5.0
2019-06-15,3,8,6,6,4563,19,36,6.89,5.0
2019-06-15,3,9,1,1,4669,48,65,6.92,216.9
2019-06-15,3,9,4,2,3875,5,60,6.9,216.9
2019-06-15,3,9,5,3,3553,31,66,6.94,216.9
2019-06-15,3,9,6,4,4951,17,11,6.89,216.9
2019-06-15,3,9,3,5,4369,34,25,6.93,216.9
2019-06-15,3,9,2,6,3656,9,54,6.87,216.9
2019-06-15,3,11,2,1,4214,8,28,6.76,35.2
2019-06-15,3,11,1,2,4136,12,23,6.83,35.2
2019-06-15,3,11,6,3,3488,60,20,6.97,35.2
2019-06-15,3,11,4,4,3477,11,49,6.89,35.2
2019-06-15,3,11,5,5,3910,36,46,6.93,35.2
2019-06-15,3,11,3,6,4458,18,16,6.89,35.2
2019-06-15,3,12,2,1,4220,43,27,6.8,110.2
2019-06-15,3,12,1,2,3406,38,57,6.82,110.2
2019-06-15,3,12,6,3,4704,28,37,6.9,110.2
2019-06-15,3,12,5,4,4095,52,33,6.86,110.2
2019-06-15,3,12,3,5,4119,2,30,6.87,110.2
2019-06-15,3,12,4,6,4428,61,17,6.91,110.2
2019-06-16,4,1,1,1,3681,51,5,6.77,11.0
2019-06-16,4,1,2,2,4103,62,24,6.83,11.0
2019-06-16,4,1,3,3,4708,32,29,6.79,11.0
2019-06-16,4,1,4,4,3910,36,46,6.83,11.0
2019-06-16,4,1,6,5,3535,7,8,6.76,11.0
2019-06-16,4,1,5,6,5081,15,12,6.86,11.0
2019-06-16,4,2,5,1,4119,2,30,6.83,288.8
2019-06-16,4,2,6,2,3477,11,49,6.77,288.8
2019-06-16,4,2,1,3,4563,19,36,6.73,288.8
2019-06-16,4,2,4,4,4778,29,35,6.78,288.8
2019-06-16,4,2,2,5,4952,46,3,6.72,288.8
2019-06-16,4,2,3,6,4221,63,13,6.79,288.8
2019-06-16,4,3,6,1,3581,53,41,6.79,1003.1
2019-06-16,4,3,5,2,4332,21,9,6.79,1003.1
2019-06-16,4,3,1,3,4967,54,19,6.69,1003.1
2019-06-16,4,3,3,4,4080,55,52,6.71,1003.1
2019-06-16,4,3,2,5,4951,17,11,6.8,1003.1
2019-06-16,4,3,4,6,3656,9,54,6.82,1003.1
2019-06-16,4,4,1,1,3626,14,51,6.73,29.4
2019-06-16,4,4,4,2,4369,34,25,6.72,29.4
2019-06-16,4,4,5,3,4704,28,37,6.83,29.4
2019-06-16,4,4,3,4,3488,60,20,6.81,29.4
2019-06-16,4,4,6,5,3757,44,64,6.76,29.4
2019-06-16,4,4,2,6,4669,48,65,6.8,29.4
2019-06-16,4,5,3,1,3534,45,55,6.71,14.6
2019-06-16,4,5,1,2,4082,50,10,6.77,14.6
2019-06-16,4,5,5,3,3787,37,7,6.76,14.6
2019-06-16,4,5,2,4,4220,43,27,6.82,14.6
2019-06-16,4,5,4,5,2935,39,32,6.8,14.6
2019-06-16,4,5,6,6,5081,15,12,6.84,14.6
2019-06-16,4,6,1,1,3875,5,60,6.72,8.2
2019-06-16,4,6,2,2,4095,52,33,6.73,8.2
2019-06-16,4,6,3,3,3553,31,66,6.79,8.2
2019-06-16,4,6,4,4,4563,19,36,6.69,8.2
2019-06-16,4,6,6,5,4103,62,24,6.79,8.2
2019-06-16,4,6,5,6,4952,46,3,6.72,8.2
2019-06-16,4,7,5,1,3755,26,1,6.8,275.9
2019-06-16,4,7,3,2,3406,38,57,6.77,275.9
2019-06-16,4,7,6,3,4428,61,17,6.8,275.9
2019-06-16,4,7,1,4,4332,21,9,6.76,275.9
2019-06-16,4,7,2,5,4458,18,16,6.76,275.9
2019-06-16,4,7,4,6,4958,33,62,6.87,275.9
2019-06-16,4,8,1,1,3488,60,20,6.75,4.7
2019-06-16,4,8,2,2,3795,16,39,6.78,4.7
2019-06-16,4,8,4,3,4080,55,52,6.73,4.7
2019-06-16,4,8,3,4,3477,11,49,6.68,4.7
2019-06-16,4,8,6,5,4708,32,29,6.87,4.7
2019-06-16,4,8,5,6,5001,22,61,6.77,4.7
2019-06-16,4,9,2,1,4214,8,28,6.71,13.5
2019-06-16,4,9,1,2,4778,29,35,6.7,13.5
2019-06-16,4,9,4,3,4136,12,23,6.83,13.5
2019-06-16,4,9,6,4,4268,66,18,6.83,13.5
2019-06-16,4,9,5,5,4220,43,27,6.81,13.5
2019-06-16,4,9,3,6,3535,7,8,6.83,13.5
2019-06-16,4,10,3,1,4967,54,19,6.66,74.5
2019-06-16,4,10,2,2,3681,51,5,6.71,74.5
2019-06-16,4,10,1,3,4369,34,25,6.78,74.5
2019-06-16,4,10,6,4,3787,37,7,6.77,74.5
2019-06-16,4,10,5,5,3875,5,60,6.78,74.5
2019-06-16,4,10,4,6,4221,63,13,6.75,74.5
2019-06-16,4,11,4,1,4119,2,30,6.71,303.7
2019-06-16,4,11,6,2,3553,31,66,6.81,303.7
2019-06-16,4,11,3,3,3581,53,41,6.83,303.7
2019-06-16,4,11,2,4,4704,28,37,6.8,303.7
2019-06-16,4,11,5,5,4458,18,16,6.87,303.7
2019-06-16,4,11,1,6,3534,45,55,6.71,303.7
2019-06-17,5,1,1,1,3553,31,66,6.77,7.8
2019-06-17,5,1,3,2,4967,54,19,6.67,7.8
2019-06-17,5,1,2,3,3757,44,64,6.72,7.8
2019-06-17,5,1,4,4,3755,26,1,6.81,7.8
2019-06-17,5,1,6,5,5081,15,12,6.86,7.8
2019-06-17,5,1,5,6,5001,22,61,6.77,7.8
2019-06-17,5,2,4,1,4951,17,31,6.78,67.8
2019-06-17,5,2,1,2,2935,39,32,6.73,67.8
2019-06-17,5,2,2,3,4103,62,24,6.8,67.8
2019-06-17,5,2,5,4,4268,66,18,6.74,67.8
2019-06-17,5,2,6,5,4563,19,36,6.75,67.8
2019-06-17,5,2,3,6,4952,46,3,6.76,67.8
2019-06-17,5,3,6,1,4136,12,23,6.81,49.3
2019-06-17,5,3,1,2,3477,11,49,6.7,49.3
2019-06-17,5,3,5,3,3681,51,5,6.73,49.3
2019-06-17,5,3,4,4,4669,48,65,6.78,49.3
2019-06-17,5,3,2,5,3875,5,60,6.71,49.3
2019-06-17,5,3,3,6,3626,14,51,6.73,49.3
2019-06-17,5,4,1,1,3581,53,41,6.79,16.7
2019-06-17,5,4,3,2,4778,29,35,6.74,16.7
2019-06-17,5,4,4,3,3787,37,7,6.77,16.7
2019-06-17,5,4,2,4,3910,36,46,6.77,16.7
2019-06-17,5,4,5,5,3488,60,20,6.79,16.7
2019-06-17,5,4,6,6,4458,18,16,6.83,16.7
2019-06-17,5,5,1,1,4080,55,52,6.67,7.4
2019-06-17,5,5,3,2,4220,43,27,6.71,7.4
2019-06-17,5,5,2,3,4119,2,30,6.72,7.4
2019-06-17,5,5,4,4,3406,38,57,6.82,7.4
2019-06-17,5,5,6,5,5001,22,61,6.79,7.4
2019-06-17,5,5,5,6,5081,15,12,6.86,7.4
2019-06-17,5,6,1,1,4095,52,33,6.8,21.6
2019-06-17,5,6,2,2,4951,17,31,6.75,21.6
2019-06-17,5,6,4,3,4214,8,28,6.64,21.6
2019-06-17,5,6,5,4,3535,7,8,6.82,21.6
2019-06-17,5,6,6,5,3534,45,55,6.77,21.6
2019-06-17,5,6,3,6,4708,32,29,6.76,21.6
2019-06-17,5,7,1,1,4704,28,37,6.73,9.3
2019-06-17,5,7,5,2,3795,16,39,6.77,9.3
2019-06-17,5,7,3,3,4669,48,65,6.78,9.3
2019-06-17,5,7,4,4,2935,39,32,6.74,9.3
2019-06-17,5,7,2,5,3755,26,1,6.76,9.3
2019-06-17,5,7,6,6,4082,50,10,6.78,9.3
2019-06-17,5,8,1,1,4428,61,17,6.76,5.8
2019-06-17,5,8,2,2,4369,34,25,6.85,5.8
2019-06-17,5,8,3,3,4221,63,13,6.84,5.8
2019-06-17,5,8,5,4,4103,62,24,6.94,5.8
2019-06-17,5,8,4,5,4458,18,16,6.9,5.8
2019-06-17,5,8,6,6,4268,66,18,6.84,5.8
2019-06-17,5,9,1,1,4136,12,23,6.76,17.5
2019-06-17,5,9,3,2,3787,37,7,6.78,17.5
2019-06-17,5,9,2,3,3488,60,20,6.84,17.5
2019-06-17,5,9,5,4,3553,31,66,6.85,17.5
2019-06-17,5,9,4,5,4080,55,52,6.65,17.5
2019-06-17,5,9,6,6,3477,11,49,6.78,17.5
2019-06-17,5,10,1,1,3534,45,55,6.79,5.0
2019-06-17,5,10,2,2,3681,51,5,6.77,5.0
2019-06-17,5,10,3,3,4095,52,33,6.76,5.0
2019-06-17,5,10,5,4,4704,28,37,6.88,5.0
2019-06-17,5,10,4,5,3626,14,51,6.72,5.0
2019-06-17,5,10,6,6,3581,53,41,6.87,5.0
2019-06-17,5,11,1,1,3795,16,39,6.77,22.8
2019-06-17,5,11,3,2,4214,8,28,6.75,22.8
2019-06-17,5,11,5,3,3910,36,46,6.81,22.8
2019-06-17,5,11,6,4,4428,61,17,6.8,22.8
2019-06-17,5,11,4,5,4778,29,35,6.78,22.8
2019-06-17,5,11,2,6,3406,38,57,6.8,22.8
2019-06-17,5,12,4,1,4082,50,10,6.87,87.0
2019-06-17,5,12,1,2,4220,43,27,6.74,87.0
2019-06-17,5,12,5,3,4708,32,29,6.85,87.0
2019-06-17,5,12,3,4,4369,34,25,6.89,87.0
2019-06-17,5,12,6,5,4967,54,19,6.81,87.0
2019-06-17,5,12,2,6,4952,46,3,6.87,87.0
2019-06-18,6,1,4,1,4708,32,29,6.76,48.0
2019-06-18,6,1,1,2,4458,18,16,6.75,48.0
2019-06-18,6,1,5,3,4952,46,3,6.78,48.0
2019-06-18,6,1,3,4,4669,48,65,6.81,48.0
2019-06-18,6,1,2,5,4221,63,13,6.81,48.0
2019-06-18,6,1,6,6,5001,22,61,6.86,48.0
2019-06-18,6,2,5,1,3757,44,64,6.78,9.6
2019-06-18,6,2,1,2,4563,19,36,6.69,9.6
2019-06-18,6,2,3,3,4902,20,50,6.8,9.6
2019-06-18,6,2,4,4,5032,64,43,6.79,9.6
2019-06-18,6,2,6,5,5081,15,12,6.86,9.6
2019-06-18,6,2,2,6,4955,58,44,6.74,9.6
2019-06-18,6,3,5,1,4119,2,30,6.77,190.2
2019-06-18,6,3,2,2,4103,62,24,6.82,190.2
2019-06-18,6,3,4,3,4951,17,31,6.73,190.2
2019-06-18,6,3,3,4,3626,14,51,6.75,190.2
2019-06-18,6,3,1,5,3581,53,41,6.79,190.2
2019-06-18,6,3,6,6,4369,34,25,6.86,190.2
2019-06-18,6,4,4,1,3875,5,60,6.78,185.0
2019-06-18,6,4,1,2,3477,11,49,6.72,185.0
2019-06-18,6,4,6,3,4220,43,27,6.79,185.0
2019-06-18,6,4,2,4,4778,29,35,6.77,185.0
2019-06-18,6,4,5,5,3755,26,1,6.8,185.0
2019-06-18,6,4,3,6,4082,50,10,6.84,185.0
2019-06-18,6,5,1,1,4428,61,17,6.72,7.4
2019-06-18,6,5,3,2,3535,7,8,6.68,7.4
2019-06-18,6,5,4,3,4704,28,37,6.73,7.4
2019-06-18,6,5,6,4,2935,39,32,6.81,7.4
2019-06-18,6,5,5,5,3910,36,46,6.78,7.4
2019-06-18,6,5,2,6,4952,46,3,6.72,7.4
2019-06-18,6,6,2,1,4967,54,19,6.71,28.9
2019-06-18,6,6,1,2,3406,38,57,6.73,28.9
2019-06-18,6,6,4,3,4669,48,65,6.79,28.9
2019-06-18,6,6,6,4,3488,60,20,6.87,28.9
2019-06-18,6,6,5,5,4221,63,13,6.87,28.9
2019-06-18,6,6,3,6,4563,19,36,6.75,28.9
2019-06-18,6,7,1,1,4080,55,52,6.7,5.8
2019-06-18,6,7,6,2,4095,52,33,6.72,5.8
2019-06-18,6,7,3,3,4119,2,30,6.81,5.8
2019-06-18,6,7,4,4,4902,20,50,6.78,5.8
2019-06-18,6,7,2,5,4708,32,29,6.84,5.8
2019-06-18,6,7,5,6,4955,58,44,6.76,5.8
2019-06-18,6,9,3,1,3757,44,64,6.86,26.3
2019-06-18,6,9,1,2,4082,50,10,6.8,26.3
2019-06-18,6,9,4,3,4369,34,25,6.87,26.3
2019-06-18,6,9,2,4,3535,7,8,6.77,26.3
2019-06-18,6,9,6,5,5032,64,43,6.87,26.3
2019-06-18,6,9,5,6,4103,62,24,6.93,26.3
2019-06-18,6,10,1,1,3488,60,20,6.8,16.3
2019-06-18,6,10,2,2,3910,36,46,6.77,16.3
2019-06-18,6,10,4,3,3626,14,51,6.81,16.3
2019-06-18,6,10,3,4,4704,28,37,6.82,16.3
2019-06-18,6,10,6,5,3477,11,49,6.88,16.3
2019-06-18,6,10,5,6,3406,38,57,6.84,16.3
2019-06-18,6,11,1,1,4095,52,33,6.7,12.0
2019-06-18,6,11,2,2,3553,31,66,6.81,12.0
2019-06-18,6,11,3,3,4428,61,17,6.81,12.0
2019-06-18,6,11,4,4,4080,55,52,6.74,12.0
2019-06-18,6,11,5,5,4778,29,35,6.82,12.0
2019-06-18,6,11,6,6,3581,53,41,6.91,12.0
2019-06-18,6,12,1,1,3795,16,39,6.77,22.8
2019-06-18,6,12,5,2,4214,8,28,6.74,22.8
2019-06-18,6,12,2,3,3534,45,55,6.82,22.8
2019-06-18,6,12,3,4,4136,12,23,6.93,22.8
2019-06-18,6,12,4,5,3681,51,5,6.85,22.8
2019-06-18,6,12,6,6,3787,37,7,6.88,22.8
2019-06-27,1,1,1,1,4776,15,49,7.08,10.5
2019-06-27,1,1,5,2,4762,1,54,6.95,10.5
2019-06-27,1,1,6,3,4685,56,8,6.97,10.5
2019-06-27,1,1,4,4,4870,55,4,6.91,10.5
2019-06-27,1,1,3,5,4932,50,57,7.04,10.5
2019-06-27,1,1,2,6,4855,3,47,7.02,10.5
2019-06-27,1,2,1,1,4964,51,23,6.87,33.6
2019-06-27,1,2,4,2,4821,29,21,6.94,33.6
2019-06-27,1,2,3,3,4802,54,24,6.89,33.6
2019-06-27,1,2,6,4,4584,22,46,6.99,33.6
2019-06-27,1,2,5,5,4790,48,52,6.96,33.6
2019-06-27,1,2,2,6,4839,64,50,6.95,33.6
2019-06-27,1,6,6,1,4821,29,21,6.98,541.0
2019-06-27,1,6,1,2,4735,6,56,6.95,541.0
2019-06-27,1,6,3,3,4537,27,35,6.93,541.0
2019-06-27,1,6,5,4,4736,4,10,6.87,541.0
2019-06-27,1,6,2,5,4822,53,55,6.9,541.0
2019-06-27,1,6,4,6,4714,52,22,7.07,541.0
2019-06-27,1,7,3,1,4831,5,28,6.89,25.6
2019-06-27,1,7,5,2,4739,17,38,6.85,25.6
2019-06-27,1,7,6,3,4802,54,24,6.77,25.6
2019-06-27,1,7,1,4,4762,1,54,6.82,25.6
2019-06-27,1,7,4,5,4771,33,34,6.89,25.6
2019-06-27,1,7,2,6,4661,36,58,7.0,25.6
2019-06-27,1,8,2,1,4584,22,46,6.81,22.1
2019-06-27,1,8,4,2,4685,56,8,6.88,22.1
2019-06-27,1,8,6,3,4590,41,14,6.88,22.1
2019-06-27,1,8,1,4,4718,30,3,6.8,22.1
2019-06-27,1,8,5,5,4794,37,66,6.8,22.1
2019-06-27,1,8,3,6,4803,38,45,6.91,22.1
2019-06-27,1,9,1,1,4812,31,20,6.87,8.5
2019-06-27,1,9,4,2,4776,15,49,6.93,8.5
2019-06-27,1,9,2,3,4737,47,36,6.83,8.5
2019-06-27,1,9,6,4,4886,12,12,6.85,8.5
2019-06-27,1,9,3,5,4925,16,7,6.88,8.5
2019-06-27,1,9,5,6,4684,46,31,6.88,8.5
2019-06-27,1,10,5,1,4839,64,50,6.84,317.8
2019-06-27,1,10,3,2,4643,49,60,6.83,317.8
2019-06-27,1,10,4,3,4872,39,30,6.87,317.8
2019-06-27,1,10,6,4,4713,20,9,6.82,317.8
2019-06-27,1,10,2,5,4817,14,63,6.81,317.8
2019-06-27,1,10,1,6,4736,4,10,6.85,317.8
2019-06-27,1,11,1,1,4537,27,35,6.82,120.3
2019-06-27,1,11,6,2,4932,50,57,6.85,120.3
2019-06-27,1,11,4,3,4852,62,61,6.82,120.3
2019-06-27,1,11,3,4,4798,45,26,6.76,120.3
2019-06-27,1,11,2,5,4831,5,28,6.89,120.3
2019-06-27,1,11,5,6,4715,63,64,6.88,120.3
2019-06-27,1,12,3,1,4848,59,27,6.9,77.8
2019-06-27,1,12,1,2,4816,13,29,6.84,77.8
2019-06-27,1,12,4,3,4885,66,13,6.82,77.8
2019-06-27,1,12,5,4,4734,58,32,6.92,77.8
2019-06-27,1,12,6,5,4772,26,19,6.82,77.8
2019-06-27,1,12,2,6,4682,8,17,6.78,77.8
2019-06-28,2,1,3,1,4771,33,34,6.77,82.1
2019-06-28,2,1,4,2,4734,58,32,6.8,82.1
2019-06-28,2,1,5,3,4964,51,23,6.82,82.1
2019-06-28,2,1,1,4,4821,29,21,6.89,82.1
2019-06-28,2,1,2,5,4714,52,22,6.86,82.1
2019-06-28,2,1,6,6,4638,24,33,6.79,82.1
2019-06-28,2,2,4,1,4848,59,27,6.86,21.0
2019-06-28,2,2,5,2,4718,30,3,6.88,21.0
2019-06-28,2,2,1,3,4558,23,6,6.85,21.0
2019-06-28,2,2,2,4,4798,45,26,6.86,21.0
2019-06-28,2,2,3,5,4684,46,31,6.88,21.0
2019-06-28,2,2,6,6,4790,48,52,6.86,21.0
2019-06-28,2,3,4,1,4762,1,54,6.79,43.3
2019-06-28,2,3,1,2,4870,55,4,6.72,43.3
2019-06-28,2,3,5,3,4682,8,17,6.79,43.3
2019-06-28,2,3,2,4,4794,37,66,6.75,43.3
2019-06-28,2,3,6,5,4715,63,64,6.89,43.3
2019-06-28,2,3,3,6,4773,21,1,6.82,43.3
2019-06-28,2,4,1,1,4884,40,5,6.79,16.6
2019-06-28,2,4,2,2,4643,49,60,6.79,16.6
2019-06-28,2,4,3,3,4735,6,56,6.8,16.6
2019-06-28,2,4,4,4,4661,36,58,6.84,16.6
2019-06-28,2,4,6,5,4588,65,53,6.87,16.6
2019-06-28,2,4,5,6,4816,13,29,6.84,16.6
2019-06-28,2,5,1,1,4886,12,12,6.81,7.8
2019-06-28,2,5,2,2,4736,4,10,6.9,7.8
2019-06-28,2,5,4,3,4772,26,19,6.9,7.8
2019-06-28,2,5,5,4,4635,35,44,6.84,7.8
2019-06-28,2,5,3,5,4879,43,62,6.82,7.8
2019-06-28,2,5,6,6,4803,38,45,6.87,7.8
2019-06-28,2,6,6,1,4737,47,36,6.82,193.5
2019-06-28,2,6,2,2,4885,66,13,6.8,193.5
2019-06-28,2,6,3,3,4872,39,30,6.87,193.5
2019-06-28,2,6,4,4,4558,23,6,6.84,193.5
2019-06-28,2,6,5,5,4822,53,55,6.92,193.5
2019-06-28,2,6,1,6,4714,52,22,6.91,193.5
2019-06-28,2,7,4,1,4855,3,47,6.86,332.2
2019-06-28,2,7,6,2,4734,58,32,6.85,332.2
2019-06-28,2,7,1,3,4684,46,31,6.83,332.2
2019-06-28,2,7,5,4,4713,20,9,6.88,332.2
2019-06-28,2,7,3,5,4817,14,63,6.85,332.2
2019-06-28,2,7,2,6,4739,17,38,6.85,332.2
2019-06-28,2,8,1,1,4802,54,24,6.75,13.5
2019-06-28,2,8,4,2,4816,13,29,6.83,13.5
2019-06-28,2,8,3,3,4584,22,46,6.82,13.5
2019-06-28,2,8,5,4,4932,50,57,6.84,13.5
2019-06-28,2,8,2,5,4776,15,49,6.87,13.5
2019-06-28,2,8,6,6,4925,16,7,6.84,13.5
2019-06-28,2,9,2,1,4852,62,61,6.78,29.1
2019-06-28,2,9,1,2,4839,64,50,6.76,29.1
2019-06-28,2,9,3,3,4682,8,17,6.82,29.1
2019-06-28,2,9,5,4,4831,5,28,6.88,29.1
2019-06-28,2,9,6,5,4661,36,58,6.95,29.1
2019-06-28,2,9,4,6,4790,48,52,6.92,29.1
2019-06-28,2,10,1,1,4772,26,19,6.82,18.4
2019-06-28,2,10,2,2,4537,27,35,6.75,18.4
2019-06-28,2,10,6,3,4872,39,30,6.92,18.4
2019-06-28,2,10,4,4,4794,37,66,6.75,18.4
2019-06-28,2,10,5,5,4590,41,14,6.8,18.4
2019-06-28,2,10,3,6,4588,65,53,6.86,18.4
2019-06-28,2,11,1,1,4885,66,13,6.82,44.2
2019-06-28,2,11,2,2,4735,6,56,6.77,44.2
2019-06-28,2,11,5,3,4638,24,33,6.85,44.2
2019-06-28,2,11,4,4,4718,30,3,6.87,44.2
2019-06-28,2,11,6,5,4635,35,44,6.82,44.2
2019-06-28,2,11,3,6,4812,31,20,6.77,44.2
2019-06-28,2,12,1,1,4848,59,27,6.74,16.8
2019-06-28,2,12,4,2,4884,40,5,6.85,16.8
2019-06-28,2,12,2,3,4685,56,8,6.76,16.8
2019-06-28,2,12,3,4,4822,53,55,6.88,16.8
2019-06-28,2,12,5,5,4855,3,47,6.85,16.8
2019-06-28,2,12,6,6,4771,33,34,6.85,16.8
2019-06-29,3,2,1,1,4794,37,66,6.81,13.2
2019-06-29,3,2,5,2,4643,49,60,6.87,13.2
2019-06-29,3,2,3,3,4885,66,13,6.81,13.2
2019-06-29,3,2,2,4,4964,51,23,6.88,13.2
2019-06-29,3,2,6,5,4879,43,62,6.89,13.2
2019-06-29,3,2,4,6,4715,63,64,6.9,13.2
2019-06-29,3,3,1,1,4771,33,34,6.86,16.5
2019-06-29,3,3,6,2,4739,17,38,6.87,16.5
2019-06-29,3,3,5,3,4584,22,46,6.82,16.5
2019-06-29,3,3,3,4,4884,40,5,6.83,16.5
2019-06-29,3,3,2,5,4590,41,14,6.86,16.5
2019-06-29,3,3,4,6,4803,38,45,6.83,16.5
2019-06-29,3,4,4,1,4682,8,17,6.8,62.7
2019-06-29,3,4,2,2,4638,24,33,6.9,62.7
2019-06-29,3,4,5,3,4886,12,12,6.85,62.7
2019-06-29,3,4,1,4,4661,36,58,6.88,62.7
2019-06-29,3,4,3,5,4821,29,21,6.83,62.7
2019-06-29,3,4,6,6,4736,4,10,6.88,62.7
2019-06-29,3,5,4,1,4831,5,28,6.94,429.8
2019-06-29,3,5,6,2,4870,55,4,6.8,429.8
2019-06-29,3,5,2,3,4932,50,57,6.8,429.8
2019-06-29,3,5,1,4,4855,3,47,6.84,429.8
2019-06-29,3,5,3,5,4718,30,3,6.86,429.8
2019-06-29,3,5,5,6,4772,26,19,6.91,429.8
2019-06-29,3,6,2,1,4734,58,32,6.88,10.7
2019-06-29,3,6,3,2,4762,1,54,6.82,10.7
2019-06-29,3,6,5,3,4685,56,8,6.85,10.7
2019-06-29,3,6,4,4,4802,54,24,6.94,10.7
2019-06-29,3,6,6,5,4684,46,31,6.9,10.7
2019-06-29,3,6,1,6,4872,39,30,6.91,10.7
2019-06-29,3,7,4,1,4798,45,26,6.87,216.5
2019-06-29,3,7,2,2,4812,31,20,6.83,216.5
2019-06-29,3,7,1,3,4803,38,45,6.84,216.5
2019-06-29,3,7,6,4,4776,15,49,6.91,216.5
2019-06-29,3,7,5,5,4885,66,13,6.9,216.5
2019-06-29,3,7,3,6,4558,23,6,6.88,216.5
2019-06-29,3,8,4,1,4537,27,35,6.82,10.2
2019-06-29,3,8,6,2,4848,59,27,6.8,10.2
2019-06-29,3,8,1,3,4817,14,63,6.84,10.2
2019-06-29,3,8,5,4,4715,63,64,6.92,10.2
2019-06-29,3,8,3,5,4714,52,22,6.93,10.2
2019-06-29,3,8,2,6,4790,48,52,6.84,10.2
2019-06-29,3,9,3,1,4839,64,50,6.86,183.7
2019-06-29,3,9,5,2,4737,47,36,6.99,183.7
2019-06-29,3,9,6,3,4964,51,23,6.83,183.7
2019-06-29,3,9,2,4,4772,26,19,6.87,183.7
2019-06-29,3,9,4,5,4735,6,56,6.83,183.7
2019-06-29,3,9,1,6,4822,53,55,6.89,183.7
2019-06-29,3,10,1,1,4643,49,60,6.88,12.8
2019-06-29,3,10,3,2,4870,55,4,6.79,12.8
2019-06-29,3,10,6,3,4816,13,29,6.87,12.8
2019-06-29,3,10,2,4,4925,16,7,6.79,12.8
2019-06-29,3,10,5,5,4635,35,44,6.87,12.8
2019-06-29,3,10,4,6,4736,4,10,7.01,12.8
2019-06-29,3,11,3,1,4685,56,8,6.87,65.1
2019-06-29,3,11,1,2,4682,8,17,6.77,65.1
2019-06-29,3,11,2,3,4588,65,53,6.89,65.1
2019-06-29,3,11,4,4,4584,22,46,6.81,65.1
2019-06-29,3,11,6,5,4773,21,1,6.84,65.1
2019-06-29,3,11,5,6,4776,15,49,6.92,65.1
2019-06-29,3,12,1,1,4831,5,28,6.81,8.9
2019-06-29,3,12,4,2,4739,17,38,6.88,8.9
2019-06-29,3,12,5,3,4812,31,20,6.82,8.9
2019-06-29,3,12,3,4,4886,12,12,6.8,8.9
2019-06-29,3,12,2,5,4879,43,62,6.85,8.9
2019-06-29,3,12,6,6,4762,1,54,6.75,8.9
2019-06-30,4,1,1,1,4590,41,14,6.81,65.0
2019-06-30,4,1,4,2,4684,46,31,6.88,65.0
2019-06-30,4,1,6,3,4682,8,17,6.88,65.0
2019-06-30,4,1,5,4,4872,39,30,6.94,65.0
2019-06-30,4,1,2,5,4884,40,5,6.77,65.0
2019-06-30,4,1,3,6,4776,15,49,6.94,65.0
2019-06-30,4,2,5,1,4802,54,24,6.91,148.0
2019-06-30,4,2,1,2,4790,48,52,6.83,148.0
2019-06-30,4,2,6,3,4718,30,3,6.88,148.0
2019-06-30,4,2,4,4,4713,20,41,6.9,148.0
2019-06-30,4,2,3,5,4736,4,10,6.94,148.0
2019-06-30,4,2,2,6,4870,55,4,6.76,148.0
2019-06-30,4,3,2,1,4771,33,34,6.85,60.6
2019-06-30,4,3,3,2,4734,58,32,6.92,60.6
2019-06-30,4,3,1,3,4932,50,57,6.8,60.6
2019-06-30,4,3,6,4,4822,53,55,6.93,60.6
2019-06-30,4,3,5,5,4821,29,21,6.93,60.6
2019-06-30,4,3,4,6,4964,51,23,6.9,60.6
2019-06-30,4,4,3,1,4794,37,66,6.85,195.2
2019-06-30,4,4,4,2,4638,24,33,6.87,195.2
2019-06-30,4,4,5,3,4798,45,26,6.9,195.2
2019-06-30,4,4,6,4,4831,5,28,6.91,195.2
2019-06-30,4,4,1,5,4925,16,7,6.82,195.2
2019-06-30,4,4,2,6,4762,1,54,6.87,195.2
2019-06-30,4,6,2,1,4816,13,29,6.94,
2019-06-30,4,6,3,2,4855,3,47,6.94,
2019-06-30,4,6,5,3,4852,62,61,6.96,
2019-06-30,4,6,4,4,4635,35,44,6.88,
2019-06-30,4,6,6,5,4558,23,6,6.88,
2019-06-30,4,6,1,6,4773,21,1,6.94,
2019-06-30,4,7,1,1,4713,20,41,6.82,
2019-06-30,4,7,6,2,4885,66,13,6.87,
2019-06-30,4,7,5,3,4537,27,35,6.77,
2019-06-30,4,7,3,4,4803,38,45,6.86,
2019-06-30,4,7,2,5,4821,29,21,6.77,
2019-06-30,4,7,4,6,4817,14,63,6.86,
2019-06-30,4,8,1,1,4798,45,26,6.82,
2019-06-30,4,8,3,2,4772,26,19,6.9,
2019-06-30,4,8,5,3,4879,43,62,6.92,
2019-06-30,4,8,6,4,4812,31,20,6.85,
2019-06-30,4,8,4,5,4822,53,55,6.89,
2019-06-30,4,8,2,6,4684,46,31,6.92,
2019-06-30,4,9,2,1,4802,54,24,6.85,
2019-06-30,4,9,1,2,4584,22,46,6.81,
2019-06-30,4,9,6,3,4643,49,60,6.87,
2019-06-30,4,9,4,4,4715,63,64,6.91,
2019-06-30,4,9,5,5,4661,36,58,6.91,
2019-06-30,4,9,3,6,4638,24,33,6.9,
2019-06-30,4,10,1,1,4739,17,38,6.72,
2019-06-30,4,10,3,2,4816,13,29,6.87,
2019-06-30,4,10,2,3,4718,30,3,6.78,
2019-06-30,4,10,5,4,4735,6,56,6.86,
2019-06-30,4,10,4,5,4932,50,57,6.84,
2019-06-30,4,10,6,6,4839,64,50,6.87,
2019-06-30,4,11,1,1,4685,56,8,6.79,
2019-06-30,4,11,2,2,4848,59,27,6.81,
2019-06-30,4,11,5,3,4771,33,34,6.75,
2019-06-30,4,11,3,4,4852,62,61,6.86,
2019-06-30,4,11,6,5,4794,37,66,6.78,
2019-06-30,4,11,4,6,4590,41,14,6.89,
2019-06-30,4,12,1,1,4734,58,32,6.83,
2019-06-30,4,12,5,2,4737,47,36,6.88,
2019-06-30,4,12,4,3,4588,65,53,6.92,
2019-06-30,4,12,6,4,4817,14,63,6.92,
2019-06-30,4,12,2,5,4872,39,30,6.86,
2019-06-30,4,12,3,6,4790,48,52,6.92,
2019-07-01,5,1,1,1,4776,15,49,6.87,16.6
2019-07-01,5,1,3,2,4964,51,23,6.81,16.6
2019-07-01,5,1,2,3,4803,38,45,6.83,16.6
2019-07-01,5,1,4,4,4735,6,56,6.91,16.6
2019-07-01,5,1,6,5,4661,36,58,6.96,16.6
2019-07-01,5,1,5,6,4817,14,63,6.91,16.6
2019-07-01,5,2,1,1,4794,37,66,6.75,10.7
2019-07-01,5,2,4,2,4713,20,41,6.79,10.7
2019-07-01,5,2,3,3,4821,29,21,6.78,10.7
2019-07-01,5,2,2,4,4638,24,33,6.82,10.7
2019-07-01,5,2,5,5,4773,21,1,6.88,10.7
2019-07-01,5,2,6,6,4715,63,64,6.94,10.7
2019-07-01,5,3,3,1,4736,4,10,6.88,29.3
2019-07-01,5,3,1,2,4932,50,57,6.84,29.3
2019-07-01,5,3,4,3,4872,39,30,6.93,29.3
2019-07-01,5,3,6,4,4635,35,44,6.84,29.3
2019-07-01,5,3,2,5,4925,16,7,6.82,29.3
2019-07-01,5,3,5,6,4855,3,47,6.84,29.3
2019-07-01,5,4,6,1,4737,47,36,6.81,98.2
2019-07-01,5,4,1,2,4762,1,54,6.8,98.2
2019-07-01,5,4,3,3,4714,52,22,6.84,98.2
2019-07-01,5,4,2,4,4684,46,31,6.91,98.2
2019-07-01,5,4,4,5,4558,23,6,6.8,98.2
2019-07-01,5,4,5,6,4822,53,55,6.86,98.2
2019-07-01,5,5,1,1,4718,30,3,6.78,10.9
2019-07-01,5,5,3,2,4590,41,14,6.79,10.9
2019-07-01,5,5,4,3,4803,38,45,6.83,10.9
2019-07-01,5,5,2,4,4790,48,52,6.83,10.9
2019-07-01,5,5,5,5,4879,43,62,6.84,10.9
2019-07-01,5,5,6,6,4886,12,12,6.81,10.9
2019-07-01,5,6,1,1,4588,65,53,6.88,19.4
2019-07-01,5,6,6,2,4848,59,27,6.82,19.4
2019-07-01,5,6,3,3,4776,15,49,6.96,19.4
2019-07-01,5,6,2,4,4964,51,23,6.84,19.4
2019-07-01,5,6,4,5,4794,37,66,6.87,19.4
2019-07-01,5,6,5,6,4713,20,41,6.84,19.4
2019-07-01,5,7,3,1,4817,14,63,6.87,37.4
2019-07-01,5,7,4,2,4932,50,57,6.86,37.4
2019-07-01,5,7,1,3,4821,29,21,6.78,37.4
2019-07-01,5,7,2,4,4773,21,1,6.85,37.4
2019-07-01,5,7,6,5,4839,64,50,6.85,37.4
2019-07-01,5,7,5,6,4925,16,7,6.87,37.4
2019-07-01,5,8,3,1,4762,1,54,6.79,25.2
2019-07-01,5,8,1,2,4736,4,10,6.86,25.2
2019-07-01,5,8,2,3,4872,39,30,6.84,25.2
2019-07-01,5,8,4,4,4822,53,55,6.9,25.2
2019-07-01,5,8,6,5,4735,6,56,6.93,25.2
2019-07-01,5,8,5,6,4638,24,33,6.84,25.2
2019-07-01,5,9,1,1,4685,56,8,6.81,35.5
2019-07-01,5,9,5,2,4812,31,20,6.87,35.5
2019-07-01,5,9,2,3,4643,49,60,6.81,35.5
2019-07-01,5,9,6,4,4798,45,26,6.86,35.5
2019-07-01,5,9,3,5,4682,8,17,6.75,35.5
2019-07-01,5,9,4,6,4884,40,5,6.84,35.5
2019-07-01,5,10,2,1,4739,17,38,6.81,84.0
2019-07-01,5,10,4,2,4831,5,28,6.85,84.0
2019-07-01,5,10,1,3,4802,54,24,6.75,84.0
2019-07-01,5,10,6,4,4772,26,19,6.87,84.0
2019-07-01,5,10,5,5,4584,22,46,6.86,84.0
2019-07-01,5,10,3,6,4885,66,13,6.83,84.0
2019-07-01,5,11,1,1,4537,27,35,6.76,8.8
2019-07-01,5,11,2,2,4734,58,32,6.85,8.8
2019-07-01,5,11,4,3,4852,62,61,6.8,8.8
2019-07-01,5,11,5,4,4771,33,34,6.82,8.8
2019-07-01,5,11,6,5,4870,55,4,6.75,8.8
2019-07-01,5,11,3,6,4816,13,29,6.79,8.8
2019-07-01,5,12,4,1,4588,65,53,6.84,27.2
2019-07-01,5,12,1,2,4590,41,14,6.84,27.2
2019-07-01,5,12,3,3,4558,23,6,6.88,27.2
2019-07-01,5,12,5,4,4714,52,22,6.91,27.2
2019-07-01,5,12,2,5,4879,43,62,6.95,27.2
2019-07-01,5,12,6,6,4855,3,47,6.93,27.2
2019-07-02,6,1,1,1,4817,14,63,6.81,12.5
2019-07-02,6,1,2,2,4558,23,6,6.8,12.5
2019-07-02,6,1,4,3,4879,43,62,6.83,12.5
2019-07-02,6,1,5,4,4718,30,3,6.8,12.5
2019-07-02,6,1,6,5,4635,35,44,6.79,12.5
2019-07-02,6,1,3,6,4773,21,1,6.85,12.5
2019-07-02,6,2,1,1,4713,20,16,6.73,77.6
2019-07-02,6,2,6,2,4839,64,50,6.76,77.6
2019-07-02,6,2,2,3,4638,24,33,6.79,77.6
2019-07-02,6,2,5,4,4590,41,14,6.74,77.6
2019-07-02,6,2,3,5,4855,3,47,6.82,77.6
2019-07-02,6,2,4,6,4790,48,52,6.78,77.6
2019-07-02,6,3,1,1,4884,40,5,6.67,9.5
2019-07-02,6,3,2,2,4852,62,61,6.72,9.5
2019-07-02,6,3,4,3,4964,51,23,6.8,9.5
2019-07-02,6,3,5,4,4821,29,21,6.86,9.5
2019-07-02,6,3,3,5,4684,46,31,6.84,9.5
2019-07-02,6,3,6,6,4715,63,64,6.87,9.5
2019-07-02,6,4,3,1,4643,49,60,6.74,9.8
2019-07-02,6,4,1,2,4771,33,34,6.77,9.8
2019-07-02,6,4,4,3,4584,22,46,6.8,9.8
2019-07-02,6,4,2,4,4714,52,22,6.84,9.8
2019-07-02,6,4,5,5,4776,15,49,6.88,9.8
2019-07-02,6,4,6,6,4932,50,57,6.84,9.8
2019-07-02,6,5,3,1,4885,66,13,6.8,17.9
2019-07-02,6,5,5,2,4588,65,53,6.87,17.9
2019-07-02,6,5,6,3,4794,37,66,6.74,17.9
2019-07-02,6,5,1,4,4822,53,55,6.86,17.9
2019-07-02,6,5,2,5,4879,43,62,6.9,17.9
2019-07-02,6,5,4,6,4735,6,56,6.87,17.9
2019-07-02,6,6,1,1,4816,13,29,6.85,3.9
2019-07-02,6,6,2,2,4682,8,17,6.82,3.9
2019-07-02,6,6,3,3,4802,54,24,6.8,3.9
2019-07-02,6,6,5,4,4558,23,6,6.84,3.9
2019-07-02,6,6,4,5,4803,38,45,6.85,3.9
2019-07-02,6,6,6,6,4661,36,58,6.86,3.9
2019-07-02,6,7,1,1,4798,45,26,6.82,12.6
2019-07-02,6,7,2,2,4870,55,4,6.76,12.6
2019-07-02,6,7,4,3,4684,46,31,6.85,12.6
2019-07-02,6,7,3,4,4790,48,52,6.86,12.6
2019-07-02,6,7,5,5,4736,4,10,6.99,12.6
2019-07-02,6,7,6,6,4886,12,12,6.9,12.6
2019-07-02,6,8,1,1,4772,26,19,6.72,17.3
2019-07-02,6,8,6,2,4848,59,27,6.85,17.3
2019-07-02,6,8,3,3,4925,16,7,6.8,17.3
2019-07-02,6,8,2,4,4773,21,1,6.83,17.3
2019-07-02,6,8,5,5,4872,39,30,6.86,17.3
2019-07-02,6,8,4,6,4718,30,3,6.84,17.3
2019-07-02,6,9,1,1,4855,3,47,6.84,39.9
2019-07-02,6,9,3,2,4964,51,23,6.92,39.9
2019-07-02,6,9,2,3,4735,6,56,6.86,39.9
2019-07-02,6,9,5,4,4885,66,13,6.86,39.9
2019-07-02,6,9,6,5,4737,47,36,6.86,39.9
2019-07-02,6,9,4,6,4714,52,22,6.92,39.9
2019-07-02,6,10,1,1,4682,8,17,6.79,7.3
2019-07-02,6,10,4,2,4816,13,29,6.88,7.3
2019-07-02,6,10,2,3,4584,22,46,6.86,7.3
2019-07-02,6,10,6,4,4762,1,54,6.79,7.3
2019-07-02,6,10,3,5,4870,55,4,6.82,7.3
2019-07-02,6,10,5,6,4884,40,5,6.89,7.3
2019-07-02,6,11,1,1,4802,54,24,6.77,5.4
2019-07-02,6,11,2,2,4643,49,60,6.82,5.4
2019-07-02,6,11,3,3,4852,62,61,6.81,5.4
2019-07-02,6,11,4,4,4771,33,34,6.85,5.4
2019-07-02,6,11,5,5,4798,45,26,6.85,5.4
2019-07-02,6,11,6,6,4772,26,19,6.89,5.4
2019-07-02,6,12,3,1,4739,17,38,6.79,38.7
2019-07-02,6,12,1,2,4537,27,35,6.71,38.7
2019-07-02,6,12,4,3,4734,58,32,6.89,38.7
2019-07-02,6,12,5,4,4831,5,28,6.96,38.7
2019-07-02,6,12,2,5,4685,56,8,6.8,38.7
2019-07-02,6,12,6,6,4812,31,20,6.93,38.7
2019-07-06,1,1,1,1,3975,25,60,6.91,8.0
2019-07-06,1,1,2,2,4948,32,66,6.92,8.0
2019-07-06,1,1,4,3,3682,56,39,6.9,8.0
2019-07-06,1,1,3,4,3644,59,28,6.88,8.0
2019-07-06,1,1,5,5,3776,49,46,6.94,8.0
2019-07-06,1,1,6,6,5092,15,58,6.86,8.0
2019-07-06,1,2,1,1,3187,27,27,6.91,6.6
2019-07-06,1,2,2,2,3970,66,32,6.95,6.6
2019-07-06,1,2,4,3,4288,13,45,6.98,6.6
2019-07-06,1,2,5,4,3879,61,8,6.96,6.6
2019-07-06,1,2,6,5,3506,52,50,6.98,6.6
2019-07-06,1,2,3,6,3277,55,4,6.95,6.6
2019-07-06,1,3,6,1,3064,48,14,7.05,51.5
2019-07-06,1,3,1,2,3664,65,3,7.0,51.5
2019-07-06,1,3,3,3,4743,9,49,7.04,51.5
2019-07-06,1,3,4,4,3811,30,23,6.99,51.5
2019-07-06,1,3,2,5,4950,11,21,6.98,51.5
2019-07-06,1,3,5,6,4881,53,24,7.05,51.5
2019-07-06,1,4,1,1,2841,7,36,7.04,54.0
2019-07-06,1,4,2,2,3976,57,22,7.05,54.0
2019-07-06,1,4,4,3,3896,46,10,7.07,54.0
2019-07-06,1,4,3,4,3558,19,33,6.97,54.0
2019-07-06,1,4,6,5,4043,28,61,7.05,54.0
2019-07-06,1,4,5,6,5086,41,53,6.99,54.0
2019-07-06,1,5,4,1,3623,3,62,6.9,8.5
2019-07-06,1,5,1,2,3890,58,12,6.94,8.5
2019-07-06,1,5,2,3,3772,35,56,6.9,8.5
2019-07-06,1,5,6,4,3753,18,34,7.08,8.5
2019-07-06,1,5,3,5,3616,45,30,7.01,8.5
2019-07-06,1,5,5,6,4755,21,29,7.04,8.5
2019-07-06,1,6,5,1,4856,33,19,6.91,334.6
2019-07-06,1,6,4,2,3987,26,20,7.01,334.6
2019-07-06,1,6,6,3,3297,24,54,6.96,334.6
2019-07-06,1,6,3,4,3187,27,27,6.9,334.6
2019-07-06,1,6,1,5,3151,2,55,6.94,334.6
2019-07-06,1,6,2,6,4561,10,52,6.79,334.6
2019-07-06,1,7,3,1,3995,22,31,6.81,15.7
2019-07-06,1,7,2,2,4357,4,38,6.81,15.7
2019-07-06,1,7,5,3,3970,66,32,6.99,15.7
2019-07-06,1,7,6,4,3644,59,28,6.87,15.7
2019-07-06,1,7,1,5,3174,60,64,6.87,15.7
2019-07-06,1,7,4,6,4743,9,49,6.91,15.7
2019-07-06,1,8,1,1,3489,40,7,6.95,2.9
2019-07-06,1,8,2,2,4686,44,57,6.93,2.9
2019-07-06,1,8,4,3,3975,25,60,6.91,2.9
2019-07-06,1,8,5,4,4950,11,21,6.88,2.9
2019-07-06,1,8,6,5,5086,41,53,6.91,2.9
2019-07-06,1,8,3,6,3879,61,8,6.95,2.9
2019-07-06,1,9,2,1,4288,13,45,6.91,325.8
2019-07-06,1,9,5,2,3968,6,6,6.89,325.8
2019-07-06,1,9,3,3,3811,30,23,6.95,325.8
2019-07-06,1,9,1,4,4759,38,13,6.89,325.8
2019-07-06,1,9,4,5,4948,32,66,6.87,325.8
2019-07-06,1,9,6,6,3558,19,33,6.95,325.8
2019-07-06,1,10,1,1,4856,33,19,6.79,13.2
2019-07-06,1,10,4,2,3890,58,12,6.9,13.2
2019-07-06,1,10,3,3,3664,65,3,6.97,13.2
2019-07-06,1,10,6,4,3277,55,4,6.92,13.2
2019-07-06,1,10,5,5,3896,46,10,6.88,13.2
2019-07-06,1,10,2,6,4124,34,1,6.94,13.2
2019-07-06,1,11,1,1,3995,22,31,6.87,18.9
2019-07-06,1,11,4,2,4686,44,57,6.91,18.9
2019-07-06,1,11,6,3,3616,45,30,6.95,18.9
2019-07-06,1,11,2,4,3776,49,46,6.85,18.9
2019-07-06,1,11,3,5,3064,48,14,6.99,18.9
2019-07-06,1,11,5,6,4561,10,52,6.86,18.9
2019-07-06,1,12,1,1,3623,3,62,6.91,30.4
2019-07-06,1,12,5,2,4759,38,13,6.98,30.4
2019-07-06,1,12,2,3,3489,40,7,6.91,30.4
2019-07-06,1,12,4,4,4043,28,61,6.94,30.4
2019-07-06,1,12,6,5,4357,4,38,6.84,30.4
2019-07-06,1,12,3,6,3297,24,54,6.91,30.4
2019-07-07,2,1,1,1,3064,48,14,6.81,5.9
2019-07-07,2,1,2,2,3987,26,20,6.82,5.9
2019-07-07,2,1,3,3,3151,2,55,6.84,5.9
2019-07-07,2,1,4,4,3174,60,64,6.92,5.9
2019-07-07,2,1,6,5,3664,65,3,6.83,5.9
2019-07-07,2,1,5,6,3682,56,39,6.84,5.9
2019-07-07,2,2,1,1,3753,18,34,6.79,31.1
2019-07-07,2,2,6,2,2841,7,36,6.89,31.1
2019-07-07,2,2,5,3,4288,13,45,6.88,31.1
2019-07-07,2,2,2,4,3879,61,8,6.84,31.1
2019-07-07,2,2,3,5,3976,57,22,6.91,31.1
2019-07-07,2,2,4,6,4755,21,29,6.9,31.1
2019-07-07,2,3,1,1,3277,55,4,6.75,21.0
2019-07-07,2,3,6,2,3623,3,62,6.82,21.0
2019-07-07,2,3,4,3,3968,6,6,6.83,21.0
2019-07-07,2,3,5,4,4948,32,66,6.72,21.0
2019-07-07,2,3,2,5,4881,53,24,6.81,21.0
2019-07-07,2,3,3,6,4124,34,1,6.86,21.0
2019-07-07,2,4,6,1,3489,40,7,6.82,59.4
2019-07-07,2,4,1,2,3506,52,50,6.83,59.4
2019-07-07,2,4,4,3,3776,49,46,6.79,59.4
2019-07-07,2,4,2,4,4743,9,49,6.84,59.4
2019-07-07,2,4,3,5,3890,58,12,6.83,59.4
2019-07-07,2,4,5,6,5092,15,58,6.86,59.4
2019-07-07,2,5,4,1,3995,22,31,6.8,27.5
2019-07-07,2,5,3,2,4856,33,19,6.74,27.5
2019-07-07,2,5,6,3,3187,27,27,6.89,27.5
2019-07-07,2,5,2,4,3682,56,39,6.84,27.5
2019-07-07,2,5,5,5,3772,35,56,6.84,27.5
2019-07-07,2,5,1,6,3558,19,33,6.81,27.5
2019-07-07,2,6,3,1,3970,66,32,6.79,59.0
2019-07-07,2,6,4,2,3297,24,54,6.77,59.0
2019-07-07,2,6,2,3,4759,38,13,6.85,59.0
2019-07-07,2,6,1,4,3644,59,28,6.75,59.0
2019-07-07,2,6,5,5,3975,25,60,6.85,59.0
2019-07-07,2,6,6,6,5086,41,53,6.81,59.0
2019-07-07,2,7,1,1,3616,45,30,6.84,5.5
2019-07-07,2,7,3,2,4686,44,57,6.81,5.5
2019-07-07,2,7,5,3,4124,34,1,6.88,5.5
2019-07-07,2,7,4,4,4950,11,21,6.82,5.5
2019-07-07,2,7,6,5,3174,60,64,6.91,5.5
2019-07-07,2,7,2,6,4755,21,29,6.91,5.5
2019-07-07,2,8,2,1,3811,30,23,6.83,45.8
2019-07-07,2,8,1,2,4043,28,61,6.83,45.8
2019-07-07,2,8,5,3,3987,26,20,6.86,45.8
2019-07-07,2,8,3,4,3753,18,34,6.87,45.8
2019-07-07,2,8,6,5,5092,15,58,6.81,45.8
2019-07-07,2,8,4,6,4561,10,52,6.71,45.8
2019-07-07,2,9,1,1,4357,4,38,6.78,135.7
2019-07-07,2,9,4,2,4881,53,24,6.86,135.7
2019-07-07,2,9,2,3,3896,46,10,6.84,135.7
2019-07-07,2,9,6,4,3995,22,31,6.84,135.7
2019-07-07,2,9,3,5,3506,52,50,6.83,135.7
2019-07-07,2,9,5,6,3976,57,22,6.86,135.7
2019-07-07,2,10,1,1,3297,24,54,6.75,35.5
2019-07-07,2,10,4,2,3772,35,56,6.89,35.5
2019-07-07,2,10,5,3,3489,40,7,6.9,35.5
2019-07-07,2,10,3,4,2841,7,36,6.83,35.5
2019-07-07,2,10,6,5,3151,2,55,6.91,35.5
2019-07-07,2,10,2,6,3968,6,6,6.77,35.5
2019-07-07,2,11,1,1,4743,9,49,6.84,28.2
2019-07-07,2,11,2,2,4856,33,19,6.82,28.2
2019-07-07,2,11,6,3,4759,38,13,6.83,28.2
2019-07-07,2,11,4,4,3616,45,30,6.92,28.2
2019-07-07,2,11,3,5,3623,3,62,6.85,28.2
2019-07-07,2,11,5,6,3811,30,23,6.85,28.2
2019-07-07,2,12,1,1,4686,44,57,6.78,14.0
2019-07-07,2,12,5,2,4357,4,38,6.93,14.0
2019-07-07,2,12,2,3,3975,25,60,6.81,14.0
2019-07-07,2,12,6,4,3890,58,37,6.92,14.0
2019-07-07,2,12,4,5,3558,19,33,6.87,14.0
2019-07-07,2,12,3,6,4043,28,61,6.9,14.0
2019-07-08,3,1,1,1,4561,10,52,6.7,8.9
2019-07-08,3,1,2,2,3277,55,4,6.81,8.9
2019-07-08,3,1,4,3,3776,49,46,6.8,8.9
2019-07-08,3,1,3,4,3772,35,56,6.82,8.9
2019-07-08,3,1,5,5,5086,41,53,6.84,8.9
2019-07-08,3,1,6,6,3976,57,22,6.95,8.9
2019-07-08,3,2,4,1,3644,59,28,6.78,81.3
2019-07-08,3,2,1,2,3682,56,39,6.71,81.3
2019-07-08,3,2,6,3,3879,61,8,6.81,81.3
2019-07-08,3,2,5,4,3151,2,55,6.9,81.3
2019-07-08,3,2,2,5,3506,52,50,6.78,81.3
2019-07-08,3,2,3,6,3174,60,64,6.76,81.3
2019-07-08,3,3,6,1,3995,22,31,6.73,122.2
2019-07-08,3,3,3,2,4950,11,21,6.75,122.2
2019-07-08,3,3,4,3,3297,24,54,6.79,122.2
2019-07-08,3,3,1,4,3970,66,32,6.76,122.2
2019-07-08,3,3,5,5,3890,58,37,6.87,122.2
2019-07-08,3,3,2,6,3753,18,34,6.85,122.2
2019-07-08,3,4,6,1,3623,3,62,6.78,20.1
2019-07-08,3,4,1,2,4288,13,45,6.91,20.1
2019-07-08,3,4,5,3,4043,28,61,6.86,20.1
2019-07-08,3,4,4,4,3896,46,10,6.87,20.1
2019-07-08,3,4,2,5,3187,27,27,6.85,20.1
2019-07-08,3,4,3,6,2841,7,36,6.81,20.1
2019-07-08,3,5,2,1,3616,45,30,6.87,53.9
2019-07-08,3,5,1,2,3811,30,23,6.84,53.9
2019-07-08,3,5,3,3,3975,25,60,6.83,53.9
2019-07-08,3,5,5,4,3664,65,3,6.84,53.9
2019-07-08,3,5,4,5,3489,40,7,6.85,53.9
2019-07-08,3,5,6,6,5092,15,58,6.86,53.9
2019-07-08,3,6,2,1,4759,38,13,6.81,52.3
2019-07-08,3,6,4,2,3968,6,6,6.83,52.3
2019-07-08,3,6,6,3,4856,33,19,6.82,52.3
2019-07-08,3,6,5,4,4686,44,57,6.88,52.3
2019-07-08,3,6,1,5,3987,26,20,6.83,52.3
2019-07-08,3,6,3,6,4755,21,29,6.92,52.3
2019-07-08,3,7,4,1,3064,48,14,6.81,111.7
2019-07-08,3,7,1,2,3772,35,56,6.82,111.7
2019-07-08,3,7,3,3,4948,32,66,6.85,111.7
2019-07-08,3,7,5,4,4357,4,38,6.86,111.7
2019-07-08,3,7,6,5,4124,34,1,6.84,111.7
2019-07-08,3,7,2,6,3558,19,33,6.84,111.7
2019-07-08,3,8,1,1,3896,46,10,6.75,24.3
2019-07-08,3,8,4,2,4743,9,49,6.88,24.3
2019-07-08,3,8,5,3,3644,59,28,6.89,24.3
2019-07-08,3,8,2,4,3890,58,37,6.82,24.3
2019-07-08,3,8,3,5,4881,53,24,6.87,24.3
2019-07-08,3,8,6,6,5086,41,53,6.86,24.3
2019-07-08,3,9,1,1,3995,22,31,6.78,3.4
2019-07-08,3,9,2,2,3489,40,7,6.72,3.4
2019-07-08,3,9,3,3,3297,24,54,6.8,3.4
2019-07-08,3,9,5,4,3187,27,27,6.87,3.4
2019-07-08,3,9,4,5,2841,7,36,6.86,3.4
2019-07-08,3,9,6,6,3616,45,30,6.82,3.4
2019-07-08,3,10,1,1,4856,33,19,6.78,5.3
2019-07-08,3,10,2,2,4686,44,57,6.81,5.3
2019-07-08,3,10,4,3,4288,13,45,6.91,5.3
2019-07-08,3,10,3,4,3970,66,32,6.85,5.3
2019-07-08,3,10,5,5,3811,30,23,6.86,5.3
2019-07-08,3,10,6,6,3975,25,60,6.8,5.3
2019-07-08,3,11,5,1,4759,38,13,6.95,126.7
2019-07-08,3,11,1,2,3623,3,62,6.81,126.7
2019-07-08,3,11,3,3,3064,48,14,6.9,126.7
2019-07-08,3,11,2,4,4357,4,38,6.86,126.7
2019-07-08,3,11,4,5,3987,26,20,6.88,126.7
2019-07-08,3,11,6,6,3753,18,34,6.83,126.7
2019-07-08,3,12,3,1,4561,10,52,6.84,35.2
2019-07-08,3,12,1,2,3968,6,6,6.78,35.2
2019-07-08,3,12,2,3,4043,28,61,6.83,35.2
2019-07-08,3,12,6,4,3776,49,46,6.84,35.2
2019-07-08,3,12,5,5,3506,52,50,6.97,35.2
2019-07-08,3,12,4,6,4124,34,1,6.92,35.2
2019-07-09,4,2,3,1,3772,35,56,6.94,42.1
2019-07-09,4,2,1,2,3976,57,22,6.98,42.1
2019-07-09,4,2,4,3,3506,52,50,6.9,42.1
2019-07-09,4,2,6,4,3682,56,39,6.91,42.1
2019-07-09,4,2,2,5,3151,2,55,6.97,42.1
2019-07-09,4,2,5,6,5092,15,58,6.94,42.1
2019-07-09,4,3,4,1,3187,27,27,6.95,182.8
2019-07-09,4,3,5,2,4950,11,21,6.84,182.8
2019-07-09,4,3,6,3,3968,6,6,6.97,182.8
2019-07-09,4,3,2,4,4948,32,66,6.84,182.8
2019-07-09,4,3,3,5,3896,46,10,6.91,182.8
2019-07-09,4,3,1,6,3753,18,34,6.93,182.8
2019-07-09,4,5,1,1,3975,25,60,6.88,4.5
2019-07-09,4,5,3,2,4357,4,38,6.87,4.5
2019-07-09,4,5,4,3,4043,28,61,6.94,4.5
2019-07-09,4,5,6,4,5086,41,53,6.88,4.5
2019-07-09,4,5,2,5,4881,53,24,6.88,4.5
2019-07-09,4,5,5,6,3277,55,4,6.91,4.5
2019-07-09,4,6,2,1,4124,34,1,6.84,107.2
2019-07-09,4,6,5,2,4288,13,45,6.86,107.2
2019-07-09,4,6,1,3,3879,61,8,6.96,107.2
2019-07-09,4,6,6,4,4561,10,52,6.79,107.2
2019-07-09,4,6,4,5,3064,48,14,6.89,107.2
2019-07-09,4,6,3,6,3151,2,55,6.94,107.2
2019-07-09,4,7,5,1,3558,19,33,6.92,125.3
2019-07-09,4,7,1,2,3811,30,23,6.9,125.3
2019-07-09,4,7,6,3,3896,46,10,6.95,125.3
2019-07-09,4,7,3,4,3644,59,28,6.84,125.3
2019-07-09,4,7,2,5,3987,26,20,6.97,125.3
2019-07-09,4,7,4,6,3976,57,22,6.97,125.3
2019-07-09,4,8,4,1,3995,22,31,6.85,29.0
2019-07-09,4,8,5,2,4948,32,66,6.89,29.0
2019-07-09,4,8,1,3,3890,58,37,6.87,29.0
2019-07-09,4,8,2,4,3968,6,6,6.91,29.0
2019-07-09,4,8,3,5,3776,49,46,6.82,29.0
2019-07-09,4,8,6,6,5092,15,58,6.85,29.0
2019-07-09,4,9,4,1,3664,65,3,6.9,160.4
2019-07-09,4,9,5,2,4743,9,49,6.92,160.4
2019-07-09,4,9,1,3,4124,34,1,6.87,160.4
2019-07-09,4,9,3,4,4043,28,61,6.88,160.4
2019-07-09,4,9,6,5,3772,35,56,6.91,160.4
2019-07-09,4,9,2,6,4950,11,21,6.85,160.4
2019-07-09,4,10,1,1,4288,13,45,6.96,8.2
2019-07-09,4,10,2,2,4357,4,38,6.92,8.2
2019-07-09,4,10,5,3,3616,45,30,6.97,8.2
2019-07-09,4,10,3,4,3187,27,27,7.04,8.2
2019-07-09,4,10,4,5,3987,26,20,7.03,8.2
2019-07-09,4,10,6,6,3975,25,60,6.93,8.2
2019-07-09,4,11,1,1,3064,48,14,6.86,14.3
2019-07-09,4,11,2,2,3970,66,32,6.84,14.3
2019-07-09,4,11,6,3,3890,58,37,6.92,14.3
2019-07-09,4,11,3,4,2841,7,36,6.9,14.3
2019-07-09,4,11,4,5,3811,30,23,6.94,14.3
2019-07-09,4,11,5,6,3753,18,34,6.98,14.3
2019-07-09,4,12,3,1,3623,3,62,6.86,119.6
2019-07-09,4,12,6,2,3297,24,54,6.81,119.6
2019-07-09,4,12,2,3,4759,38,13,6.89,119.6
2019-07-09,4,12,1,4,4856,33,19,6.83,119.6
2019-07-09,4,12,4,5,3489,40,7,6.87,119.6
2019-07-09,4,12,5,6,4686,44,57,6.89,119.6
2019-07-16,1,1,1,1,3745,8,41,6.72,13.7
2019-07-16,1,1,3,2,3234,57,26,6.69,13.7
2019-07-16,1,1,4,3,4875,29,25,6.78,13.7
2019-07-16,1,1,5,4,4565,63,44,6.73,13.7
2019-07-16,1,1,2,5,4868,47,1,6.78,13.7
2019-07-16,1,1,6,6,3796,40,36,6.8,13.7
2019-07-16,1,2,6,1,3885,45,31,6.72,254.3
2019-07-16,1,2,4,2,4834,50,2,6.83,254.3
2019-07-16,1,2,3,3,3722,54,8,6.75,254.3
2019-07-16,1,2,1,4,3855,33,10,6.75,254.3
2019-07-16,1,2,5,5,4656,12,7,6.8,254.3
2019-07-16,1,2,2,6,5006,59,30,6.73,254.3
2019-07-16,1,4,1,1,4321,43,15,6.83,36.2
2019-07-16,1,4,6,2,3573,34,9,6.83,36.2
2019-07-16,1,4,3,3,4114,13,38,6.79,36.2
2019-07-16,1,4,4,4,3740,27,19,6.83,36.2
2019-07-16,1,4,2,5,4498,53,17,6.78,36.2
2019-07-16,1,4,5,6,5093,30,4,6.8,36.2
2019-07-16,1,5,1,1,4215,16,32,6.77,6.5
2019-07-16,1,5,4,2,4311,36,40,6.9,6.5
2019-07-16,1,5,3,3,4441,41,27,6.82,6.5
2019-07-16,1,5,5,4,4995,24,39,6.79,6.5
2019-07-16,1,5,6,5,3234,57,26,6.81,6.5
2019-07-16,1,5,2,6,5031,5,3,6.87,6.5
2019-07-16,1,6,3,1,3963,17,14,6.74,12.4
2019-07-16,1,6,2,2,4574,22,43,6.81,12.4
2019-07-16,1,6,6,3,3826,14,20,6.84,12.4
2019-07-16,1,6,1,4,4249,39,13,6.74,12.4
2019-07-16,1,6,5,5,4518,23,35,6.73,12.4
2019-07-16,1,6,4,6,4868,47,1,6.85,12.4
2019-07-16,1,7,6,1,3983,18,5,6.81,77.5
2019-07-16,1,7,1,2,3925,37,22,6.75,77.5
2019-07-16,1,7,2,3,4559,56,16,6.8,77.5
2019-07-16,1,7,3,4,3745,8,41,6.87,77.5
2019-07-16,1,7,5,5,4511,65,6,6.88,77.5
2019-07-16,1,7,4,6,5006,59,30,6.83,77.5
2019-07-16,1,9,1,1,4492,9,24,6.84,9.3
2019-07-16,1,9,2,2,4459,51,29,6.85,9.3
2019-07-16,1,9,6,3,3740,27,19,6.8,9.3
2019-07-16,1,9,5,4,3485,3,28,6.88,9.3
2019-07-16,1,9,3,5,3796,40,36,6.87,9.3
2019-07-16,1,9,4,6,4656,12,7,6.84,9.3
2019-07-16,1,10,1,1,3963,17,14,6.86,6.8
2019-07-16,1,10,3,2,4215,16,32,6.89,6.8
2019-07-16,1,10,4,3,3303,35,23,6.86,6.8
2019-07-16,1,10,5,4,4498,53,17,6.81,6.8
2019-07-16,1,10,2,5,3462,31,21,6.86,6.8
2019-07-16,1,10,6,6,3722,54,8,6.82,6.8
2019-07-16,1,11,1,1,4171,64,33,6.72,6.8
2019-07-16,1,11,3,2,4559,56,16,6.81,6.8
2019-07-16,1,11,2,3,4441,41,27,6.74,6.8
2019-07-16,1,11,5,4,4179,11,37,6.8,6.8
2019-07-16,1,11,6,5,4114,13,38,6.79,6.8
2019-07-16,1,11,4,6,4574,22,43,6.85,6.8
2019-07-16,1,12,1,1,4459,51,29,6.77,23.3
2019-07-16,1,12,5,2,4261,20,34,6.7,23.3
2019-07-16,1,12,3,3,3573,34,9,6.79,23.3
2019-07-16,1,12,2,4,3826,14,20,6.8,23.3
2019-07-16,1,12,6,5,4311,36,40,6.91,23.3
2019-07-16,1,12,4,6,3983,18,5,6.82,23.3
2019-07-17,2,2,2,1,4518,23,35,6.75,10.5
2019-07-17,2,2,1,2,3234,57,26,6.74,10.5
2019-07-17,2,2,3,3,3925,37,22,6.69,10.5
2019-07-17,2,2,5,4,5006,59,30,6.79,10.5
2019-07-17,2,2,6,5,4249,39,13,6.69,10.5
2019-07-17,2,2,4,6,4995,24,39,6.79,10.5
2019-07-17,2,3,2,1,4261,20,34,6.74,42.8
2019-07-17,2,3,6,2,3745,8,41,6.76,42.8
2019-07-17,2,3,1,3,3722,54,8,6.69,42.8
2019-07-17,2,3,5,4,3303,35,23,6.83,42.8
2019-07-17,2,3,4,5,4511,65,6,6.81,42.8
2019-07-17,2,3,3,6,4321,43,15,6.8,42.8
2019-07-17,2,4,5,1,3826,14,20,6.74,37.8
2019-07-17,2,4,1,2,3796,40,36,6.74,37.8
2019-07-17,2,4,4,3,4441,41,27,6.75,37.8
2019-07-17,2,4,3,4,4374,6,12,6.8,37.8
2019-07-17,2,4,6,5,4215,16,32,6.89,37.8
2019-07-17,2,4,2,6,4656,12,7,6.78,37.8
2019-07-17,2,6,1,1,4114,13,38,6.73,16.9
2019-07-17,2,6,6,2,4171,64,33,6.76,16.9
2019-07-17,2,6,2,3,4281,62,11,6.81,16.9
2019-07-17,2,6,4,4,4518,23,35,6.77,16.9
2019-07-17,2,6,3,5,3485,3,28,6.81,16.9
2019-07-17,2,6,5,6,5031,5,3,6.84,16.9
2019-07-17,2,7,1,1,3885,45,31,6.81,9.8
2019-07-17,2,7,4,2,3963,17,14,6.82,9.8
2019-07-17,2,7,5,3,4459,51,29,6.86,9.8
2019-07-17,2,7,2,4,4179,11,37,6.83,9.8
2019-07-17,2,7,6,5,4321,43,15,6.87,9.8
2019-07-17,2,7,3,6,4995,24,39,6.8,9.8
2019-07-17,2,8,1,1,3983,18,5,6.77,5.0
2019-07-17,2,8,2,2,3303,35,23,6.85,5.0
2019-07-17,2,8,4,3,4492,9,24,6.83,5.0
2019-07-17,2,8,5,4,4868,47,1,6.84,5.0
2019-07-17,2,8,6,5,4374,6,12,6.83,5.0
2019-07-17,2,8,3,6,3855,33,10,6.78,5.0
2019-07-17,2,9,4,1,4559,56,16,6.76,29.6
2019-07-17,2,9,1,2,3826,14,20,6.79,29.6
2019-07-17,2,9,3,3,4498,53,17,6.81,29.6
2019-07-17,2,9,5,4,3462,31,21,6.91,29.6
2019-07-17,2,9,2,5,4834,50,2,6.8,29.6
2019-07-17,2,9,6,6,3925,37,22,6.71,29.6
2019-07-17,2,10,4,1,4565,63,44,6.8,378.8
2019-07-17,2,10,5,2,4574,22,43,6.85,378.8
2019-07-17,2,10,6,3,4261,20,34,6.73,378.8
2019-07-17,2,10,1,4,3573,34,9,6.74,378.8
2019-07-17,2,10,2,5,3485,3,28,6.9,378.8
2019-07-17,2,10,3,6,4249,39,13,6.77,378.8
2019-07-17,2,11,1,1,4441,41,27,6.76,18.0
2019-07-17,2,11,3,2,4311,36,40,6.89,18.0
2019-07-17,2,11,4,3,3745,8,41,6.86,18.0
2019-07-17,2,11,6,4,4459,51,29,6.85,18.0
2019-07-17,2,11,5,5,4281,62,11,6.9,18.0
2019-07-17,2,11,2,6,4492,9,24,6.82,18.0
2019-07-18,3,1,5,1,4321,43,15,6.92,149.7
2019-07-18,3,1,1,2,3485,3,28,6.88,149.7
2019-07-18,3,1,3,3,4656,12,7,6.88,149.7
2019-07-18,3,1,6,4,4875,29,45,6.9,149.7
2019-07-18,3,1,2,5,4249,39,13,6.79,149.7
2019-07-18,3,1,4,6,4868,47,1,6.88,149.7
2019-07-18,3,2,1,1,4511,65,6,6.91,6.9
2019-07-18,3,2,4,2,3796,40,36,6.82,6.9
2019-07-18,3,2,2,3,3722,54,8,6.86,6.9
2019-07-18,3,2,5,4,3855,33,10,6.84,6.9
2019-07-18,3,2,3,5,4995,24,39,6.8,6.9
2019-07-18,3,2,6,6,5093,30,4,6.91,6.9
2019-07-18,3,3,5,1,4261,20,34,6.81,50.1
2019-07-18,3,3,6,2,4459,51,29,6.89,50.1
2019-07-18,3,3,2,3,4114,13,38,6.85,50.1
2019-07-18,3,3,4,4,3303,35,23,6.87,50.1
2019-07-18,3,3,1,5,4565,63,44,6.83,50.1
2019-07-18,3,3,3,6,5006,59,30,6.87,50.1
2019-07-18,3,4,2,1,4441,41,27,6.79,21.4
2019-07-18,3,4,1,2,4518,23,35,6.79,21.4
2019-07-18,3,4,5,3,4559,56,16,6.72,21.4
2019-07-18,3,4,3,4,3885,45,31,6.87,21.4
2019-07-18,3,4,4,5,5031,5,3,6.89,21.4
2019-07-18,3,4,6,6,4498,53,17,6.9,21.4
2019-07-18,3,5,4,1,3573,34,9,6.84,69.8
2019-07-18,3,5,1,2,4574,22,43,6.85,69.8
2019-07-18,3,5,5,3,3925,37,22,6.74,69.8
2019-07-18,3,5,6,4,4868,47,1,6.8,69.8
2019-07-18,3,5,2,5,4492,9,24,6.77,69.8
2019-07-18,3,5,3,6,4215,16,32,6.82,69.8
2019-07-18,3,6,6,1,3963,17,14,6.78,64.1
2019-07-18,3,6,4,2,3745,8,41,6.82,64.1
2019-07-18,3,6,3,3,4875,29,45,6.81,64.1
2019-07-18,3,6,5,4,4281,62,11,6.82,64.1
2019-07-18,3,6,2,5,3740,27,19,6.86,64.1
2019-07-18,3,6,1,6,4834,50,2,6.8,64.1
2019-07-18,3,7,1,1,3303,35,23,6.8,45.2
2019-07-18,3,7,3,2,3462,31,21,6.86,45.2
2019-07-18,3,7,2,3,3234,57,26,6.78,45.2
2019-07-18,3,7,6,4,4171,64,33,6.75,45.2
2019-07-18,3,7,5,5,4311,36,40,6.84,45.2
2019-07-18,3,7,4,6,4374,6,12,6.82,45.2
2019-07-18,3,8,1,1,4179,11,37,6.74,7.0
2019-07-18,3,8,2,2,3826,14,20,6.73,7.0
2019-07-18,3,8,4,3,4498,53,17,6.83,7.0
2019-07-18,3,8,3,4,4518,23,35,6.79,7.0
2019-07-18,3,8,5,5,3722,54,8,6.82,7.0
2019-07-18,3,8,6,6,4656,12,7,6.86,7.0
2019-07-18,3,9,1,1,4459,51,29,6.77,4.4
2019-07-18,3,9,2,2,4261,20,34,6.77,4.4
2019-07-18,3,9,3,3,3573,34,9,6.8,4.4
2019-07-18,3,9,4,4,3885,45,31,6.79,4.4
2019-07-18,3,9,6,5,4492,9,24,6.82,4.4
2019-07-18,3,9,5,6,4441,41,27,6.83,4.4
2019-07-18,3,10,1,1,3963,17,14,6.8,42.4
2019-07-18,3,10,4,2,4215,16,32,6.74,42.4
2019-07-18,3,10,5,3,4114,13,38,6.89,42.4
2019-07-18,3,10,2,4,4559,56,16,6.73,42.4
2019-07-18,3,10,3,5,3745,8,41,6.78,42.4
2019-07-18,3,10,6,6,3234,57,26,6.84,42.4
2019-07-18,3,12,1,1,4281,62,11,6.81,
2019-07-18,3,12,2,2,3796,40,36,6.76,
2019-07-18,3,12,3,3,4179,11,37,6.8,
2019-07-18,3,12,6,4,3462,31,21,6.89,
2019-07-18,3,12,5,5,5006,59,30,6.79,
2019-07-18,3,12,4,6,3485,3,28,6.89,
2019-07-19,4,1,2,1,3855,33,10,6.86,96.5
2019-07-19,4,1,1,2,3462,31,21,6.87,96.5
2019-07-19,4,1,6,3,4511,65,6,6.9,96.5
2019-07-19,4,1,4,4,3925,37,22,6.72,96.5
2019-07-19,4,1,3,5,4868,47,1,6.87,96.5
2019-07-19,4,1,5,6,5031,5,3,6.91,96.5
2019-07-19,4,2,1,1,4656,12,7,6.81,111.0
2019-07-19,4,2,4,2,4249,39,13,6.75,111.0
2019-07-19,4,2,5,3,4995,24,39,6.8,111.0
2019-07-19,4,2,3,4,3796,40,36,6.74,111.0
2019-07-19,4,2,6,5,5093,30,4,6.81,111.0
2019-07-19,4,2,2,6,3910,60,46,6.8,111.0
2019-07-19,4,3,1,1,4875,29,45,6.77,20.3
2019-07-19,4,3,5,2,4559,56,16,6.83,20.3
2019-07-19,4,3,6,3,3485,3,28,6.91,20.3
2019-07-19,4,3,3,4,4834,50,2,6.82,20.3
2019-07-19,4,3,2,5,4374,6,12,6.83,20.3
2019-07-19,4,3,4,6,5006,59,30,6.83,20.3
2019-07-19,4,4,5,1,3573,34,9,6.83,26.2
2019-07-19,4,4,1,2,3234,57,26,6.73,26.2
2019-07-19,4,4,6,3,4281,62,11,6.81,26.2
2019-07-19,4,4,2,4,3722,54,8,6.76,26.2
2019-07-19,4,4,4,5,4321,43,15,6.79,26.2
2019-07-19,4,4,3,6,4518,23,35,6.74,26.2
2019-07-19,4,5,4,1,3745,8,41,6.82,82.5
2019-07-19,4,5,1,2,4492,9,24,6.71,82.5
2019-07-19,4,5,3,3,4498,53,17,6.73,82.5
2019-07-19,4,5,2,4,3925,37,22,6.74,82.5
2019-07-19,4,5,5,5,3885,45,31,6.78,82.5
2019-07-19,4,5,6,6,4114,13,38,6.8,82.5
2019-07-19,4,6,2,1,4179,11,37,6.76,14.4
2019-07-19,4,6,1,2,4868,47,1,6.81,14.4
2019-07-19,4,6,4,3,4511,65,6,6.89,14.4
2019-07-19,4,6,6,4,3826,14,20,6.87,14.4
2019-07-19,4,6,5,5,3910,60,46,6.89,14.4
2019-07-19,4,6,3,6,4995,24,39,6.8,14.4
2019-07-19,4,7,1,1,4441,41,27,6.79,41.9
2019-07-19,4,7,6,2,4171,64,33,6.84,41.9
2019-07-19,4,7,2,3,5031,5,3,6.87,41.9
2019-07-19,4,7,3,4,4875,29,45,6.91,41.9
2019-07-19,4,7,4,5,3796,40,36,6.92,41.9
2019-07-19,4,7,5,6,5093,30,4,6.85,41.9
2019-07-19,4,8,1,1,3303,35,23,6.9,6.1
2019-07-19,4,8,2,2,4281,62,11,6.89,6.1
2019-07-19,4,8,3,3,4656,12,7,6.83,6.1
2019-07-19,4,8,6,4,4565,63,44,6.8,6.1
2019-07-19,4,8,4,5,3462,31,21,6.84,6.1
2019-07-19,4,8,5,6,4249,39,13,6.8,6.1
2019-07-19,4,9,3,1,3485,3,28,6.9,212.6
2019-07-19,4,9,4,2,3855,33,10,6.84,212.6
2019-07-19,4,9,6,3,4834,50,2,6.81,212.6
2019-07-19,4,9,1,4,4498,53,17,6.81,212.6
2019-07-19,4,9,5,5,3722,54,8,6.8,212.6
2019-07-19,4,9,2,6,4321,43,15,6.81,212.6
2019-07-19,4,10,4,1,4441,41,27,6.81,52.2
2019-07-19,4,10,2,2,4559,56,16,6.78,52.2
2019-07-19,4,10,1,3,4114,13,38,6.88,52.2
2019-07-19,4,10,5,4,4179,11,37,6.87,52.2
2019-07-19,4,10,3,5,4492,9,24,6.88,52.2
2019-07-19,4,10,6,6,4518,23,35,6.77,52.2
2019-07-19,4,11,1,1,3573,34,9,6.8,5.7
2019-07-19,4,11,3,2,3745,8,41,6.76,5.7
2019-07-19,4,11,2,3,3885,45,31,6.81,5.7
2019-07-19,4,11,6,4,4374,6,12,6.88,5.7
2019-07-19,4,11,5,5,3303,35,23,6.86,5.7
2019-07-19,4,11,4,6,3234,57,26,6.88,5.7
2019-07-19,4,12,1,1,3963,17,14,6.8,12.0
2019-07-19,4,12,2,2,4459,51,29,6.87,12.0
2019-07-19,4,12,3,3,3740,27,19,6.91,12.0
2019-07-19,4,12,6,4,4574,22,43,6.79,12.0
2019-07-19,4,12,4,5,4261,20,34,6.78,12.0
2019-07-19,4,12,5,6,4215,16,32,6.89,12.0
2019-07-25,1,2,1,1,4821,46,21,6.68,6.1
2019-07-25,1,2,3,2,4880,60,5,6.79,6.1
2019-07-25,1,2,2,3,4930,9,20,6.74,6.1
2019-07-25,1,2,6,4,4942,25,22,6.8,6.1
2019-07-25,1,2,4,5,5027,50,61,6.82,6.1
2019-07-25,1,2,5,6,5049,53,4,6.85,6.1
2019-07-25,1,3,5,1,4772,27,62,6.86,27.7
2019-07-25,1,3,6,2,4824,19,56,6.88,27.7
2019-07-25,1,3,3,3,4847,16,55,6.78,27.7
2019-07-25,1,3,1,4,4957,5,19,6.76,27.7
2019-07-25,1,3,4,5,4973,26,3,6.84,27.7
2019-07-25,1,3,2,6,4840,31,64,6.83,27.7
2019-07-25,1,4,1,1,4945,29,51,6.68,39.6
2019-07-25,1,4,2,2,4793,7,23,6.79,39.6
2019-07-25,1,4,5,3,4802,21,57,6.83,39.6
2019-07-25,1,4,3,4,4643,62,8,6.79,39.6
2019-07-25,1,4,6,5,4960,64,49,6.75,39.6
2019-07-25,1,4,4,6,4977,15,1,6.82,39.6
2019-07-25,1,6,5,1,4754,57,14,6.78,37.9
2019-07-25,1,6,1,2,4895,38,66,6.77,37.9
2019-07-25,1,6,3,3,4914,10,13,6.76,37.9
2019-07-25,1,6,4,4,4921,63,65,6.89,37.9
2019-07-25,1,6,2,5,4959,43,48,6.78,37.9
2019-07-25,1,6,6,6,5022,48,11,6.8,37.9
2019-07-25,1,7,1,1,4889,18,45,6.78,48.9
2019-07-25,1,7,3,2,4953,28,6,6.81,48.9
2019-07-25,1,7,4,3,4983,58,9,6.85,48.9
2019-07-25,1,7,6,4,4757,11,2,6.87,48.9
2019-07-25,1,7,2,5,4796,39,10,6.75,48.9
2019-07-25,1,7,5,6,5027,50,61,6.91,48.9
2019-07-25,1,8,1,1,4816,61,18,6.83,5.0
2019-07-25,1,8,4,2,4852,3,63,6.86,5.0
2019-07-25,1,8,2,3,4928,2,47,6.85,5.0
2019-07-25,1,8,3,4,4752,49,58,6.82,5.0
2019-07-25,1,8,5,5,4973,26,3,6.81,5.0
2019-07-25,1,8,6,6,5049,53,4,6.92,5.0
2019-07-25,1,9,2,1,4776,33,16,6.81,14.9
2019-07-25,1,9,1,2,4798,44,60,6.74,14.9
2019-07-25,1,9,4,3,4793,7,23,6.86,14.9
2019-07-25,1,9,3,4,4824,19,56,6.9,14.9
2019-07-25,1,9,6,5,4880,60,5,6.85,14.9
2019-07-25,1,9,5,6,5029,36,17,6.82,14.9
2019-07-25,1,10,1,1,4908,55,15,6.81,175.1
2019-07-25,1,10,5,2,4942,25,22,6.8,175.1
2019-07-25,1,10,4,3,4800,12,46,6.77,175.1
2019-07-25,1,10,6,4,4847,16,55,6.71,175.1
2019-07-25,1,10,3,5,4960,64,49,6.72,175.1
2019-07-25,1,10,2,6,4754,57,14,6.85,175.1
2019-07-25,1,11,2,1,4583,34,12,6.84,86.0
2019-07-25,1,11,4,2,4802,21,57,6.81,86.0
2019-07-25,1,11,5,3,4939,47,52,6.84,86.0
2019-07-25,1,11,1,4,4796,39,10,6.79,86.0
2019-07-25,1,11,3,5,4840,31,64,6.83,86.0
2019-07-25,1,11,6,6,4930,9,20,6.78,86.0
2019-07-25,1,12,1,1,4643,62,8,6.83,25.3
2019-07-25,1,12,3,2,4816,61,18,6.86,25.3
2019-07-25,1,12,6,3,4914,10,34,6.81,25.3
2019-07-25,1,12,4,4,4772,27,62,6.92,25.3
2019-07-25,1,12,2,5,4757,11,2,6.87,25.3
2019-07-25,1,12,5,6,4812,1,50,6.9,25.3
2019-07-26,2,1,1,1,4776,33,16,6.88,6.7
2019-07-26,2,1,2,2,4953,28,6,6.82,6.7
2019-07-26,2,1,5,3,4821,46,21,6.87,6.7
2019-07-26,2,1,6,4,5049,53,4,6.87,6.7
2019-07-26,2,1,3,5,4895,38,66,6.88,6.7
2019-07-26,2,1,4,6,5022,48,11,6.8,6.7
2019-07-26,2,2,1,1,4921,63,65,6.82,16.8
2019-07-26,2,2,3,2,4912,32,7,6.78,16.8
2019-07-26,2,2,5,3,4752,49,58,6.79,16.8
2019-07-26,2,2,6,4,5027,50,61,6.77,16.8
2019-07-26,2,2,2,5,4788,52,53,6.82,16.8
2019-07-26,2,2,4,6,5032,4,54,6.83,16.8
2019-07-26,2,3,6,1,4983,58,9,6.8,108.3
2019-07-26,2,3,5,2,4816,61,18,6.9,108.3
2019-07-26,2,3,4,3,4847,16,55,6.85,108.3
2019-07-26,2,3,3,4,4977,15,1,6.96,108.3
2019-07-26,2,3,1,5,4793,7,23,6.87,108.3
2019-07-26,2,3,2,6,4957,5,19,6.81,108.3
2019-07-26,2,5,1,1,4960,64,49,6.75,
2019-07-26,2,5,2,2,4973,26,3,6.79,
2019-07-26,2,5,4,3,4798,44,60,6.86,
2019-07-26,2,5,3,4,4772,27,62,6.9,
2019-07-26,2,5,6,5,5029,36,17,6.87,
2019-07-26,2,5,5,6,4889,18,45,6.92,
2019-07-26,2,7,6,1,4643,62,8,6.83,
2019-07-26,2,7,2,2,4824,19,56,6.87,
2019-07-26,2,7,4,3,4895,38,66,6.86,
2019-07-26,2,7,1,4,4800,12,46,6.77,
2019-07-26,2,7,5,5,4908,55,15,6.83,
2019-07-26,2,7,3,6,4957,5,19,6.83,
2019-07-26,2,8,1,1,4754,57,14,6.85,
2019-07-26,2,8,2,2,4812,1,50,6.82,
2019-07-26,2,8,4,3,4776,33,16,6.89,
2019-07-26,2,8,3,4,4930,9,20,6.75,
2019-07-26,2,8,5,5,4921,63,65,6.86,
2019-07-26,2,8,6,6,4977,15,1,6.92,
2019-07-26,2,9,1,1,4802,21,57,6.74,
2019-07-26,2,9,2,2,4816,61,18,6.84,
2019-07-26,2,9,3,3,4583,34,12,6.88,
2019-07-26,2,9,4,4,4945,29,51,6.87,
2019-07-26,2,9,5,5,4953,28,6,6.85,
2019-07-26,2,9,6,6,4752,49,58,6.74,
2019-07-26,2,10,1,1,4914,10,34,6.77,
2019-07-26,2,10,6,2,4852,3,63,6.85,
2019-07-26,2,10,2,3,4939,47,52,6.78,
2019-07-26,2,10,3,4,4798,44,60,6.76,
2019-07-26,2,10,4,5,4788,52,53,6.84,
2019-07-26,2,10,5,6,5022,48,11,6.88,
2019-07-26,2,11,5,1,4847,16,55,6.82,
2019-07-26,2,11,1,2,4757,11,2,6.84,
2019-07-26,2,11,4,3,4824,19,56,6.84,
2019-07-26,2,11,2,4,4960,64,49,6.7,
2019-07-26,2,11,3,5,4821,46,21,6.79,
2019-07-26,2,11,6,6,4959,43,48,6.84,
2019-07-26,2,12,2,1,4983,58,9,6.83,
2019-07-26,2,12,5,2,4928,2,47,6.84,
2019-07-26,2,12,3,3,4754,57,14,6.92,
2019-07-26,2,12,4,4,4908,55,15,6.76,
2019-07-26,2,12,6,5,4912,32,7,6.79,
2019-07-26,2,12,1,6,4772,27,62,6.82,
2019-07-27,3,1,1,1,4852,3,63,6.83,5.4
2019-07-27,3,1,3,2,4793,7,23,6.8,5.4
2019-07-27,3,1,4,3,4953,28,6,6.87,5.4
2019-07-27,3,1,6,4,4973,26,3,6.85,5.4
2019-07-27,3,1,2,5,4880,60,31,6.89,5.4
2019-07-27,3,1,5,6,5049,53,4,6.86,5.4
2019-07-27,3,2,1,1,4752,49,58,6.75,136.4
2019-07-27,3,2,5,2,5022,48,11,6.82,136.4
2019-07-27,3,2,4,3,4821,46,21,6.86,136.4
2019-07-27,3,2,2,4,4800,12,46,6.88,136.4
2019-07-27,3,2,3,5,4942,25,22,6.88,136.4
2019-07-27,3,2,6,6,5027,50,61,6.86,136.4
2019-07-27,3,3,4,1,5029,36,17,6.79,584.0
2019-07-27,3,3,3,2,4776,33,16,6.8,584.0
2019-07-27,3,3,2,3,4802,21,57,6.77,584.0
2019-07-27,3,3,6,4,4895,38,66,6.85,584.0
2019-07-27,3,3,5,5,4960,64,49,6.8,584.0
2019-07-27,3,3,1,6,4912,32,7,6.67,584.0
2019-07-27,3,6,2,1,4643,62,8,6.8,13.3
2019-07-27,3,6,3,2,4796,39,10,6.78,13.3
2019-07-27,3,6,1,3,4939,47,52,6.81,13.3
2019-07-27,3,6,4,4,5032,4,54,6.82,13.3
2019-07-27,3,6,6,5,4945,29,51,6.8,13.3
2019-07-27,3,6,5,6,5027,50,61,6.85,13.3
2019-07-27,3,7,1,1,4847,16,55,6.84,16.1
2019-07-27,3,7,4,2,4754,57,14,6.87,16.1
2019-07-27,3,7,5,3,4912,32,7,6.8,16.1
2019-07-27,3,7,6,4,4914,10,34,6.85,16.1
2019-07-27,3,7,2,5,4821,46,21,6.84,16.1
2019-07-27,3,7,3,6,4973,26,3,6.83,16.1
2019-07-27,3,8,1,1,4983,58,9,6.74,43.2
2019-07-27,3,8,4,2,4960,64,49,6.77,43.2
2019-07-27,3,8,6,3,4840,31,64,6.78,43.2
2019-07-27,3,8,5,4,4880,60,31,6.96,43.2
2019-07-27,3,8,3,5,4800,12,46,6.88,43.2
2019-07-27,3,8,2,6,4772,27,62,6.73,43.2
2019-07-27,3,9,4,1,4816,61,18,6.82,16.4
2019-07-27,3,9,1,2,4824,19,56,6.8,16.4
2019-07-27,3,9,6,3,4959,43,48,6.83,16.4
2019-07-27,3,9,5,4,5029,36,17,6.84,16.4
2019-07-27,3,9,2,5,4942,25,22,6.77,16.4
2019-07-27,3,9,3,6,4921,63,65,6.87,16.4
2019-07-27,3,10,1,1,4757,11,2,6.75,32.3
2019-07-27,3,10,3,2,4939,47,52,6.86,32.3
2019-07-27,3,10,4,3,4752,49,58,6.75,32.3
2019-07-27,3,10,2,4,4908,55,25,6.87,32.3
2019-07-27,3,10,5,5,4583,34,12,6.79,32.3
2019-07-27,3,10,6,6,4793,7,23,6.74,32.3
2019-07-27,3,11,1,1,4812,1,29,6.84,16.1
2019-07-27,3,11,3,2,4802,21,57,6.78,16.1
2019-07-27,3,11,4,3,4796,39,10,6.8,16.1
2019-07-27,3,11,2,4,4847,16,55,6.76,16.1
2019-07-27,3,11,5,5,4852,3,63,6.84,16.1
2019-07-27,3,11,6,6,4889,18,45,6.83,16.1
2019-07-27,3,12,1,1,4643,62,8,6.77,15.9
2019-07-27,3,12,4,2,4928,2,47,6.81,15.9
2019-07-27,3,12,3,3,4983,58,9,6.74,15.9
2019-07-27,3,12,2,4,4798,44,32,6.76,15.9
2019-07-27,3,12,5,5,4776,33,16,6.87,15.9
2019-07-27,3,12,6,6,4953,28,6,6.84,15.9
2019-07-28,4,1,5,1,4821,46,21,6.89,197.3
2019-07-28,4,1,2,2,4752,49,58,6.76,197.3
2019-07-28,4,1,1,3,4796,39,10,6.73,197.3
2019-07-28,4,1,6,4,5049,53,4,6.92,197.3
2019-07-28,4,1,3,5,4793,7,23,6.79,197.3
2019-07-28,4,1,4,6,4957,5,33,6.85,197.3
2019-07-28,4,3,4,1,4942,25,22,6.7,82.7
2019-07-28,4,3,3,2,4643,62,8,6.75,82.7
2019-07-28,4,3,2,3,4754,57,14,6.81,82.7
2019-07-28,4,3,5,4,4895,38,66,6.82,82.7
2019-07-28,4,3,6,5,5029,36,17,6.81,82.7
2019-07-28,4,3,1,6,4880,60,31,6.81,82.7
2019-07-28,4,6,1,1,4977,15,1,6.87,28.3
2019-07-28,4,6,2,2,4798,44,32,6.85,28.3
2019-07-28,4,6,3,3,4776,33,16,6.82,28.3
2019-07-28,4,6,6,4,4930,9,24,6.82,28.3
2019-07-28,4,6,5,5,4802,21,57,6.86,28.3
2019-07-28,4,6,4,6,5027,50,61,6.94,28.3
2019-07-28,4,7,4,1,4908,55,25,6.84,55.0
2019-07-28,4,7,6,2,4914,10,34,6.92,55.0
2019-07-28,4,7,1,3,4960,64,49,6.75,55.0
2019-07-28,4,7,2,4,4821,46,21,6.88,55.0
2019-07-28,4,7,3,5,4942,25,22,6.8,55.0
2019-07-28,4,7,5,6,5032,4,54,6.91,55.0
2019-07-28,4,8,1,1,4583,34,12,6.8,24.9
2019-07-28,4,8,2,2,4824,19,56,6.78,24.9
2019-07-28,4,8,5,3,4793,7,23,6.81,24.9
2019-07-28,4,8,4,4,4643,62,8,6.83,24.9
2019-07-28,4,8,3,5,4953,28,6,6.78,24.9
2019-07-28,4,8,6,6,4945,29,51,6.75,24.9
2019-07-28,4,9,1,1,4847,16,55,6.77,9.3
2019-07-28,4,9,5,2,4757,11,2,6.76,9.3
2019-07-28,4,9,6,3,4959,43,48,6.87,9.3
2019-07-28,4,9,2,4,4895,38,66,6.84,9.3
2019-07-28,4,9,4,5,4912,32,7,6.74,9.3
2019-07-28,4,9,3,6,4788,52,26,6.8,9.3
2019-07-28,4,11,1,1,4802,21,57,6.79,6.8
2019-07-28,4,11,2,2,4908,55,25,6.74,6.8
2019-07-28,4,11,3,3,4812,1,29,6.78,6.8
2019-07-28,4,11,5,4,4983,58,9,6.83,6.8
2019-07-28,4,11,6,5,4921,63,65,6.92,6.8
2019-07-28,4,11,4,6,4880,60,31,6.87,6.8
2019-07-28,4,12,1,1,4816,61,18,6.85,7.7
2019-07-28,4,12,2,2,4583,34,12,6.84,7.7
2019-07-28,4,12,3,3,4754,57,14,6.81,7.7
2019-07-28,4,12,4,4,4852,3,63,6.88,7.7
2019-07-28,4,12,5,5,4798,44,32,6.72,7.7
2019-07-28,4,12,6,6,4957,5,33,6.78,7.7
2019-07-29,5,1,1,1,4908,55,25,6.74,24.5
2019-07-29,5,1,3,2,4889,18,45,6.85,24.5
2019-07-29,5,1,4,3,5027,50,61,6.81,24.5
2019-07-29,5,1,6,4,4973,26,3,6.81,24.5
2019-07-29,5,1,2,5,4957,5,33,6.7,24.5
2019-07-29,5,1,5,6,4880,60,31,6.87,24.5
2019-07-29,5,2,1,1,4800,12,36,6.82,19.7
2019-07-29,5,2,2,2,4793,7,23,6.73,19.7
2019-07-29,5,2,5,3,5022,48,11,6.79,19.7
2019-07-29,5,2,3,4,4895,38,66,6.8,19.7
2019-07-29,5,2,6,5,5049,53,4,6.87,19.7
2019-07-29,5,2,4,6,5032,4,54,6.83,19.7
2019-07-29,5,3,1,1,4752,49,58,6.68,41.1
2019-07-29,5,3,2,2,4788,52,26,6.83,41.1
2019-07-29,5,3,3,3,4852,3,63,6.74,41.1
2019-07-29,5,3,5,4,4643,62,8,6.83,41.1
2019-07-29,5,3,6,5,4796,39,10,6.82,41.1
2019-07-29,5,3,4,6,5029,36,17,6.82,41.1
2019-07-29,5,4,1,1,4942,25,22,6.78,53.6
2019-07-29,5,4,3,2,4583,34,12,6.84,53.6
2019-07-29,5,4,4,3,4921,63,65,6.85,53.6
2019-07-29,5,4,5,4,4816,61,18,6.82,53.6
2019-07-29,5,4,2,5,4802,21,57,6.75,53.6
2019-07-29,5,4,6,6,4945,29,51,6.81,53.6
2019-07-29,5,5,4,1,4960,64,49,6.8,52.0
2019-07-29,5,5,1,2,4939,47,52,6.87,52.0
2019-07-29,5,5,2,3,4757,11,2,6.82,52.0
2019-07-29,5,5,3,4,4821,46,21,6.91,52.0
2019-07-29,5,5,6,5,4930,9,24,6.83,52.0
2019-07-29,5,5,5,6,4957,5,33,6.82,52.0
2019-07-29,5,6,1,1,4754,57,14,6.87,5.5
2019-07-29,5,6,2,2,4847,16,55,6.81,5.5
2019-07-29,5,6,4,3,4928,2,47,6.82,5.5
2019-07-29,5,6,3,4,4977,15,1,6.84,5.5
2019-07-29,5,6,6,5,4914,10,34,6.81,5.5
2019-07-29,5,6,5,6,5049,53,4,6.91,5.5
2019-07-29,5,7,5,1,4983,58,9,6.82,32.6
2019-07-29,5,7,1,2,4798,44,32,6.77,32.6
2019-07-29,5,7,4,3,4953,28,6,6.84,32.6
2019-07-29,5,7,6,4,4959,43,48,6.84,32.6
2019-07-29,5,7,3,5,4800,12,36,6.89,32.6
2019-07-29,5,7,2,6,4889,18,45,6.86,32.6
2019-07-29,5,8,4,1,4812,1,29,6.84,358.3
2019-07-29,5,8,5,2,5032,4,54,6.86,358.3
2019-07-29,5,8,1,3,4824,19,56,6.78,358.3
2019-07-29,5,8,2,4,4776,33,16,6.83,358.3
2019-07-29,5,8,3,5,4788,52,26,6.89,358.3
2019-07-29,5,8,6,6,4912,32,7,6.78,358.3
2019-07-29,5,9,1,1,4643,62,8,6.79,24.3
2019-07-29,5,9,4,2,4802,21,57,6.92,24.3
2019-07-29,5,9,3,3,4939,47,52,6.87,24.3
2019-07-29,5,9,6,4,4821,46,21,6.85,24.3
2019-07-29,5,9,2,5,4583,34,12,6.81,24.3
2019-07-29,5,9,5,6,4908,55,25,6.87,24.3
2019-07-29,5,10,3,1,4847,16,55,6.8,58.6
2019-07-29,5,10,4,2,4754,57,14,6.82,58.6
2019-07-29,5,10,5,3,4798,44,32,6.77,58.6
2019-07-29,5,10,6,4,4752,49,58,6.8,58.6
2019-07-29,5,10,2,5,4852,3,63,6.86,58.6
2019-07-29,5,10,1,6,4816,61,18,6.8,58.6
2019-07-29,5,11,1,1,4983,58,9,6.68,10.7
2019-07-29,5,11,3,2,4776,33,16,6.87,10.7
2019-07-29,5,11,2,3,4928,2,47,6.87,10.7
2019-07-29,5,11,6,4,4942,25,22,6.84,10.7
2019-07-29,5,11,4,5,4824,19,56,6.82,10.7
2019-07-29,5,11,5,6,4757,11,2,6.93,10.7
2019-07-29,5,12,1,1,4812,1,29,6.77,5.7
2019-07-29,5,12,3,2,4960,64,49,6.74,5.7
2019-07-29,5,12,5,3,4895,38,66,6.82,5.7
2019-07-29,5,12,4,4,4977,15,1,6.93,5.7
2019-07-29,5,12,2,5,4921,63,65,6.93,5.7
2019-07-29,5,12,6,6,5027,50,61,6.86,5.7
2019-07-30,6,2,1,1,4793,7,23,6.79,9.4
2019-07-30,6,2,2,2,4895,38,66,6.86,9.4
2019-07-30,6,2,4,3,4957,5,33,6.8,9.4
2019-07-30,6,2,3,4,4788,52,26,6.92,9.4
2019-07-30,6,2,6,5,4930,9,24,6.83,9.4
2019-07-30,6,2,5,6,5032,4,54,6.9,9.4
2019-07-30,6,3,1,1,4821,46,21,6.9,13.4
2019-07-30,6,3,2,2,4977,15,1,6.94,13.4
2019-07-30,6,3,6,3,4959,43,48,6.91,13.4
2019-07-30,6,3,3,4,4889,18,45,6.86,13.4
2019-07-30,6,3,4,5,4880,60,31,6.98,13.4
2019-07-30,6,3,5,6,5022,48,11,6.91,13.4
2019-07-30,6,4,1,1,4852,3,63,6.84,24.5
2019-07-30,6,4,2,2,4942,25,22,6.82,24.5
2019-07-30,6,4,4,3,4800,12,36,6.87,24.5
2019-07-30,6,4,3,4,4812,1,29,6.82,24.5
2019-07-30,6,4,5,5,4945,29,51,6.83,24.5
2019-07-30,6,4,6,6,4973,26,3,6.92,24.5
2019-07-30,6,5,1,1,4757,11,2,6.86,5.0
2019-07-30,6,5,3,2,4960,64,49,6.74,5.0
2019-07-30,6,5,4,3,4798,44,32,6.83,5.0
2019-07-30,6,5,6,4,4912,32,7,6.83,5.0
2019-07-30,6,5,2,5,4752,49,58,6.85,5.0
2019-07-30,6,5,5,6,4921,63,65,6.92,5.0
2019-07-30,6,6,1,1,4908,55,25,6.81,39.7
2019-07-30,6,6,5,2,4788,52,26,6.9,39.7
2019-07-30,6,6,2,3,4928,2,47,6.98,39.7
2019-07-30,6,6,3,4,4895,38,66,6.91,39.7
2019-07-30,6,6,6,5,4796,39,10,6.87,39.7
2019-07-30,6,6,4,6,5027,50,61,6.93,39.7
2019-07-30,6,7,1,1,4824,19,56,6.83,83.9
2019-07-30,6,7,4,2,5022,48,11,6.88,83.9
2019-07-30,6,7,3,3,4977,15,1,6.9,83.9
2019-07-30,6,7,6,4,4914,10,34,6.85,83.9
2019-07-30,6,7,2,5,4957,5,33,6.9,83.9
2019-07-30,6,7,5,6,4793,7,23,6.82,83.9
2019-07-30,6,8,1,1,4816,61,18,6.89,125.4
2019-07-30,6,8,3,2,4800,12,36,6.9,125.4
2019-07-30,6,8,6,3,4945,29,51,6.82,125.4
2019-07-30,6,8,2,4,4939,47,52,6.91,125.4
2019-07-30,6,8,5,5,5029,36,17,6.9,125.4
2019-07-30,6,8,4,6,4959,43,48,6.88,125.4
2019-07-30,6,9,4,1,4812,1,29,6.8,137.6
2019-07-30,6,9,2,2,4889,18,45,6.86,137.6
2019-07-30,6,9,6,3,5032,4,54,6.86,137.6
2019-07-30,6,9,1,4,4960,64,49,6.68,137.6
2019-07-30,6,9,3,5,4953,28,6,6.84,137.6
2019-07-30,6,9,5,6,5049,53,4,6.85,137.6
2019-07-30,6,10,6,1,4908,55,25,6.79,139.5
2019-07-30,6,10,1,2,4928,2,47,6.87,139.5
2019-07-30,6,10,4,3,4852,3,63,6.86,139.5
2019-07-30,6,10,2,4,4821,46,21,6.84,139.5
2019-07-30,6,10,3,5,4752,49,58,6.75,139.5
2019-07-30,6,10,5,6,4757,11,2,6.97,139.5
2019-07-30,6,11,1,1,4939,47,52,6.98,11.1
2019-07-30,6,11,2,2,4798,44,32,6.87,11.1
2019-07-30,6,11,4,3,4583,34,12,6.89,11.1
2019-07-30,6,11,3,4,4942,25,22,6.97,11.1
2019-07-30,6,11,5,5,4824,19,56,6.92,11.1
2019-07-30,6,11,6,6,4816,61,18,6.94,11.1
2019-07-30,6,12,5,1,4802,21,57,6.93,627.6
2019-07-30,6,12,4,2,4776,33,16,6.9,627.6
2019-07-30,6,12,3,3,4847,16,55,6.77,627.6
2019-07-30,6,12,6,4,4754,57,14,6.76,627.6
2019-07-30,6,12,2,5,4643,62,8,6.9,627.6
2019-07-30,6,12,1,6,4983,58,9,6.85,627.6
2019-08-03,1,3,3,1,4851,57,20,6.81,24.5
2019-08-03,1,3,6,2,3290,65,25,6.85,24.5
2019-08-03,1,3,1,3,3742,31,44,6.83,24.5
2019-08-03,1,3,5,4,4828,60,5,6.87,24.5
2019-08-03,1,3,2,5,4081,43,49,6.88,24.5
2019-08-03,1,3,4,6,4187,46,52,6.79,24.5
2019-08-03,1,4,1,1,3711,40,47,6.79,15.4
2019-08-03,1,4,3,2,3713,36,64,6.85,15.4
2019-08-03,1,4,6,3,4448,63,46,6.88,15.4
2019-08-03,1,4,5,4,3522,56,36,6.88,15.4
2019-08-03,1,4,4,5,4257,51,33,6.83,15.4
2019-08-03,1,4,2,6,4329,66,40,6.76,15.4
2019-08-03,1,5,1,1,3793,22,65,6.82,15.1
2019-08-03,1,5,3,2,4254,4,60,6.84,15.1
2019-08-03,1,5,2,3,4004,5,28,6.81,15.1
2019-08-03,1,5,4,4,3439,54,18,6.83,15.1
2019-08-03,1,5,5,5,3851,24,35,6.81,15.1
2019-08-03,1,5,6,6,3617,14,13,6.77,15.1
2019-08-03,1,6,5,1,4016,25,43,6.94,614.0
2019-08-03,1,6,6,2,4631,35,39,6.8,614.0
2019-08-03,1,6,2,3,4594,11,59,6.77,614.0
2019-08-03,1,6,3,4,4545,28,15,6.91,614.0
2019-08-03,1,6,4,5,4020,13,37,6.97,614.0
2019-08-03,1,6,1,6,3153,17,51,6.8,614.0
2019-08-03,1,7,4,1,4044,23,61,6.8,221.1
2019-08-03,1,7,6,2,3108,62,55,6.96,221.1
2019-08-03,1,7,2,3,4828,60,5,6.95,221.1
2019-08-03,1,7,3,4,4445,30,66,6.81,221.1
2019-08-03,1,7,1,5,3773,9,63,6.88,221.1
2019-08-03,1,7,5,6,3825,27,57,6.85,221.1
2019-08-03,1,8,1,1,3475,8,27,6.75,3.2
2019-08-03,1,8,2,2,3522,56,36,6.84,3.2
2019-08-03,1,8,4,3,4351,48,38,6.81,3.2
2019-08-03,1,8,5,4,4081,43,49,6.8,3.2
2019-08-03,1,8,3,5,3797,12,48,6.8,3.2
2019-08-03,1,8,6,6,5043,20,62,6.93,3.2
2019-08-03,1,9,2,1,4257,51,33,6.86,747.6
2019-08-03,1,9,5,2,4393,18,50,6.89,747.6
2019-08-03,1,9,3,3,3793,22,65,6.85,747.6
2019-08-03,1,9,4,4,4931,45,30,6.85,747.6
2019-08-03,1,9,6,5,3587,6,58,6.82,747.6
2019-08-03,1,9,1,6,4072,41,54,6.75,747.6
2019-08-03,1,10,2,1,4851,57,20,6.78,17.1
2019-08-03,1,10,1,2,3439,54,18,6.76,17.1
2019-08-03,1,10,3,3,4594,11,59,6.74,17.1
2019-08-03,1,10,6,4,3713,36,64,6.89,17.1
2019-08-03,1,10,4,5,3537,37,24,6.83,17.1
2019-08-03,1,10,5,6,4196,32,19,6.81,17.1
2019-08-04,2,1,3,1,4091,39,41,6.85,97.2
2019-08-04,2,1,1,2,4351,48,38,6.75,97.2
2019-08-04,2,1,2,3,4187,46,52,6.8,97.2
2019-08-04,2,1,4,4,3851,24,35,6.85,97.2
2019-08-04,2,1,5,5,4257,51,33,6.91,97.2
2019-08-04,2,1,6,6,3153,17,51,6.83,97.2
2019-08-04,2,2,4,1,3742,31,44,6.78,17.3
2019-08-04,2,2,1,2,3587,6,58,6.83,17.3
2019-08-04,2,2,2,3,4631,35,39,6.87,17.3
2019-08-04,2,2,5,4,4329,66,40,6.8,17.3
2019-08-04,2,2,3,5,3617,14,13,6.82,17.3
2019-08-04,2,2,6,6,5043,20,62,6.78,17.3
2019-08-04,2,3,5,1,4851,57,20,6.74,68.3
2019-08-04,2,3,6,2,3793,22,65,6.79,68.3
2019-08-04,2,3,3,3,3073,10,31,6.87,68.3
2019-08-04,2,3,1,4,3123,59,56,6.79,68.3
2019-08-04,2,3,2,5,4020,13,37,6.88,68.3
2019-08-04,2,3,4,6,3290,65,25,6.76,68.3
2019-08-04,2,4,3,1,3439,54,18,6.77,60.4
2019-08-04,2,4,1,2,3108,62,55,6.82,60.4
2019-08-04,2,4,2,3,4196,32,19,6.81,60.4
2019-08-04,2,4,4,4,4393,18,50,6.86,60.4
2019-08-04,2,4,5,5,3475,8,27,6.78,60.4
2019-08-04,2,4,6,6,3773,9,63,6.84,60.4
2019-08-04,2,5,3,1,4254,4,60,6.81,330.2
2019-08-04,2,5,2,2,3825,27,57,6.79,330.2
2019-08-04,2,5,6,3,3711,40,47,6.82,330.2
2019-08-04,2,5,1,4,4545,28,15,6.76,330.2
2019-08-04,2,5,5,5,3797,12,48,6.78,330.2
2019-08-04,2,5,4,6,4828,60,5,6.86,330.2
2019-08-04,2,6,6,1,4044,23,61,6.69,79.6
2019-08-04,2,6,5,2,4187,46,52,6.8,79.6
2019-08-04,2,6,2,3,4448,63,46,6.91,79.6
2019-08-04,2,6,4,4,4081,43,49,6.89,79.6
2019-08-04,2,6,3,5,3522,56,36,6.77,79.6
2019-08-04,2,6,1,6,3617,14,13,6.82,79.6
2019-08-04,2,7,1,1,3537,37,24,6.8,60.1
2019-08-04,2,7,6,2,4445,30,66,6.79,60.1
2019-08-04,2,7,2,3,4931,45,30,6.8,60.1
2019-08-04,2,7,4,4,4631,35,39,6.89,60.1
2019-08-04,2,7,5,5,4594,11,59,6.77,60.1
2019-08-04,2,7,3,6,3123,59,56,6.86,60.1
2019-08-04,2,8,1,1,3290,65,25,6.79,11.0
2019-08-04,2,8,3,2,4004,5,28,6.79,11.0
2019-08-04,2,8,4,3,4016,25,43,6.86,11.0
2019-08-04,2,8,2,4,4393,18,50,6.84,11.0
2019-08-04,2,8,6,5,3742,31,44,6.77,11.0
2019-08-04,2,8,5,6,4091,39,41,6.85,11.0
2019-08-04,2,9,1,1,3713,36,64,6.84,11.4
2019-08-04,2,9,6,2,3475,8,27,6.82,11.4
2019-08-04,2,9,2,3,4254,4,60,6.76,11.4
2019-08-04,2,9,3,4,3153,17,51,6.76,11.4
2019-08-04,2,9,4,5,4329,66,40,6.76,11.4
2019-08-04,2,9,5,6,4020,13,37,6.91,11.4
2019-08-04,2,10,1,1,4448,63,46,6.85,26.8
2019-08-04,2,10,2,2,3851,24,35,6.83,26.8
2019-08-04,2,10,5,3,4931,45,30,6.88,26.8
2019-08-04,2,10,4,4,4545,28,15,6.81,26.8
2019-08-04,2,10,3,5,3108,62,55,6.9,26.8
2019-08-04,2,10,6,6,3073,10,31,6.84,26.8
2019-08-04,2,11,1,1,4851,57,20,6.81,7.7
2019-08-04,2,11,2,2,4445,30,66,6.82,7.7
2019-08-04,2,11,3,3,4828,60,5,6.89,7.7
2019-08-04,2,11,6,4,3439,54,18,6.83,7.7
2019-08-04,2,11,5,5,4351,48,38,6.84,7.7
2019-08-04,2,11,4,6,3522,56,36,6.9,7.7
2019-08-04,2,12,3,1,4016,25,43,6.85,107.7
2019-08-04,2,12,2,2,4044,23,61,6.87,107.7
2019-08-04,2,12,4,3,3713,36,64,6.9,107.7
2019-08-04,2,12,1,4,4594,11,59,6.66,107.7
2019-08-04,2,12,5,5,3793,22,65,6.88,107.7
2019-08-04,2,12,6,6,4196,32,19,6.83,107.7
2019-08-05,3,1,1,1,3522,56,36,6.84,50.4
2019-08-05,3,1,6,2,3797,12,48,6.8,50.4
2019-08-05,3,1,4,3,4257,51,33,6.83,50.4
2019-08-05,3,1,3,4,4091,39,41,6.9,50.4
2019-08-05,3,1,2,5,3617,14,13,6.84,50.4
2019-08-05,3,1,5,6,5043,20,62,6.81,50.4
2019-08-05,3,2,4,1,3825,27,57,6.79,127.8
2019-08-05,3,2,6,2,3851,24,35,6.8,127.8
2019-08-05,3,2,5,3,3153,17,51,6.8,127.8
2019-08-05,3,2,1,4,4020,13,37,6.81,127.8
2019-08-05,3,2,3,5,4187,46,52,6.77,127.8
2019-08-05,3,2,2,6,3773,9,63,6.81,127.8
2019-08-05,3,3,4,1,3711,40,47,6.77,84.5
2019-08-05,3,3,2,2,3742,31,32,6.84,84.5
2019-08-05,3,3,6,3,4931,45,30,6.93,84.5
2019-08-05,3,3,1,4,4004,5,28,6.81,84.5
2019-08-05,3,3,5,5,3793,22,65,6.78,84.5
2019-08-05,3,3,3,6,3587,6,58,6.91,84.5
2019-08-05,3,4,3,1,4545,28,15,6.83,41.8
2019-08-05,3,4,6,2,4851,57,20,6.82,41.8
2019-08-05,3,4,2,3,3108,62,55,6.87,41.8
2019-08-05,3,4,4,4,3713,36,64,6.85,41.8
2019-08-05,3,4,5,5,3123,59,56,6.82,41.8
2019-08-05,3,4,1,6,4081,43,49,6.81,41.8
2019-08-05,3,5,1,1,4828,60,5,6.94,27.8
2019-08-05,3,5,2,2,3537,37,24,6.87,27.8
2019-08-05,3,5,4,3,4448,63,46,6.87,27.8
2019-08-05,3,5,6,4,5043,20,62,6.87,27.8
2019-08-05,3,5,3,5,3439,54,18,6.82,27.8
2019-08-05,3,5,5,6,3073,10,31,6.89,27.8
2019-08-05,3,6,2,1,4351,48,38,6.85,39.0
2019-08-05,3,6,1,2,4631,35,39,6.93,39.0
2019-08-05,3,6,6,3,4044,23,61,6.82,39.0
2019-08-05,3,6,3,4,4393,18,50,6.87,39.0
2019-08-05,3,6,5,5,3475,8,27,6.85,39.0
2019-08-05,3,6,4,6,4091,39,41,6.94,39.0
2019-08-05,3,7,5,1,4445,30,66,6.92,49.4
2019-08-05,3,7,1,2,4196,32,19,7.01,49.4
2019-08-05,3,7,6,3,4016,25,43,6.98,49.4
2019-08-05,3,7,3,4,4257,51,33,7.0,49.4
2019-08-05,3,7,2,5,3290,65,25,6.94,49.4
2019-08-05,3,7,4,6,3797,12,48,6.91,49.4
2019-08-05,3,8,5,1,3773,9,63,7.01,986.4
2019-08-05,3,8,4,2,4594,11,59,6.92,986.4
2019-08-05,3,8,3,3,4329,66,40,6.89,986.4
2019-08-05,3,8,2,4,4931,45,30,6.95,986.4
2019-08-05,3,8,1,5,4254,4,60,6.9,986.4
2019-08-05,3,8,6,6,3825,27,57,7.01,986.4
2019-08-05,3,9,1,1,4851,57,20,6.95,69.9
2019-08-05,3,9,5,2,3537,37,24,6.97,69.9
2019-08-05,3,9,2,3,3793,22,65,6.94,69.9
2019-08-05,3,9,6,4,3108,62,55,7.14,69.9
2019-08-05,3,9,3,5,4448,63,46,6.94,69.9
2019-08-05,3,9,4,6,4004,5,28,6.98,69.9
2019-08-05,3,10,2,1,3475,8,27,6.96,139.8
2019-08-05,3,10,5,2,4351,48,38,6.92,139.8
2019-08-05,3,10,3,3,3713,36,64,6.92,139.8
2019-08-05,3,10,4,4,3439,54,18,6.96,139.8
2019-08-05,3,10,1,5,4016,25,43,6.96,139.8
2019-08-05,3,10,6,6,3742,31,32,6.89,139.8
2019-08-05,3,11,2,1,4445,30,66,6.8,120.9
2019-08-05,3,11,4,2,4254,4,60,6.91,120.9
2019-08-05,3,11,3,3,3711,40,47,6.96,120.9
2019-08-05,3,11,1,4,4044,23,61,6.9,120.9
2019-08-05,3,11,6,5,4631,35,39,6.93,120.9
2019-08-05,3,11,5,6,3290,65,25,7.01,120.9
2019-08-05,3,12,1,1,4393,18,50,6.94,60.9
2019-08-05,3,12,4,2,4545,28,15,6.95,60.9
2019-08-05,3,12,5,3,3587,6,58,6.96,60.9
2019-08-05,3,12,6,4,4594,11,59,6.93,60.9
2019-08-05,3,12,3,5,3522,56,36,6.98,60.9
2019-08-05,3,12,2,6,3073,10,31,6.9,60.9
2019-08-06,4,1,2,1,4329,66,40,6.89,92.9
2019-08-06,4,1,1,2,4545,28,15,6.98,92.9
2019-08-06,4,1,6,3,4020,13,37,7.0,92.9
2019-08-06,4,1,5,4,3617,14,13,6.96,92.9
2019-08-06,4,1,3,5,4187,46,52,6.89,92.9
2019-08-06,4,1,4,6,5001,7,4,6.94,92.9
2019-08-06,4,2,1,1,3797,12,48,6.79,11.1
2019-08-06,4,2,3,2,3123,59,56,6.95,11.1
2019-08-06,4,2,2,3,4429,61,17,6.94,11.1
2019-08-06,4,2,6,4,4081,43,49,6.91,11.1
2019-08-06,4,2,5,5,5043,20,62,6.98,11.1
2019-08-06,4,2,4,6,3153,17,51,6.89,11.1
2019-08-06,4,3,3,1,4196,32,19,6.96,137.8
2019-08-06,4,3,2,2,3073,10,31,6.89,137.8
2019-08-06,4,3,1,3,3742,31,32,6.96,137.8
2019-08-06,4,3,4,4,4257,51,33,7.01,137.8
2019-08-06,4,3,6,5,4393,18,50,7.04,137.8
2019-08-06,4,3,5,6,3711,40,47,6.98,137.8
2019-08-06,4,4,1,1,3851,24,35,6.86,36.0
2019-08-06,4,4,3,2,3773,9,63,6.9,36.0
2019-08-06,4,4,4,3,4004,5,28,6.85,36.0
2019-08-06,4,4,5,4,4594,11,59,6.85,36.0
2019-08-06,4,4,6,5,3522,56,36,6.92,36.0
2019-08-06,4,4,2,6,4631,35,39,6.9,36.0
2019-08-06,4,5,4,1,4931,45,30,6.86,177.0
2019-08-06,4,5,3,2,4828,60,5,6.93,177.0
2019-08-06,4,5,5,3,4091,39,41,6.84,177.0
2019-08-06,4,5,6,4,5001,7,4,6.89,177.0
2019-08-06,4,5,2,5,3587,6,58,6.86,177.0
2019-08-06,4,5,1,6,4016,25,43,6.85,177.0
2019-08-06,4,6,1,1,3825,27,57,6.84,11.2
2019-08-06,4,6,5,2,4044,23,61,6.83,11.2
2019-08-06,4,6,2,3,3793,22,65,6.88,11.2
2019-08-06,4,6,6,4,4329,66,40,6.82,11.2
2019-08-06,4,6,4,5,3108,62,55,6.92,11.2
2019-08-06,4,6,3,6,4020,13,37,6.97,11.2
2019-08-06,4,7,4,1,4187,46,52,6.83,378.6
2019-08-06,4,7,2,2,3123,59,56,6.9,378.6
2019-08-06,4,7,1,3,3439,54,18,6.86,378.6
2019-08-06,4,7,6,4,3713,36,64,6.89,378.6
2019-08-06,4,7,3,5,3617,14,13,6.88,378.6
2019-08-06,4,7,5,6,4257,51,33,6.89,378.6
2019-08-06,4,8,1,1,4448,63,46,6.93,3.9
2019-08-06,4,8,2,2,4594,11,59,6.88,3.9
2019-08-06,4,8,4,3,4393,18,50,6.92,3.9
2019-08-06,4,8,3,4,3851,24,35,6.87,3.9
2019-08-06,4,8,5,5,4429,61,17,6.92,3.9
2019-08-06,4,8,6,6,5043,20,62,6.85,3.9
2019-08-06,4,10,1,1,3793,22,65,6.9,10.4
2019-08-06,4,10,3,2,3439,54,18,6.96,10.4
2019-08-06,4,10,2,3,3711,40,47,6.92,10.4
2019-08-06,4,10,4,4,4016,25,43,6.93,10.4
2019-08-06,4,10,5,5,4004,5,28,6.88,10.4
2019-08-06,4,10,6,6,3073,10,31,6.91,10.4
2019-08-06,4,11,4,1,4448,63,46,6.88,207.2
2019-08-06,4,11,6,2,3742,31,32,6.89,207.2
2019-08-06,4,11,1,3,3713,36,64,6.85,207.2
2019-08-06,4,11,2,4,4044,23,61,6.92,207.2
2019-08-06,4,11,3,5,3108,62,55,6.87,207.2
2019-08-06,4,11,5,6,4631,35,39,6.87,207.2
2019-08-06,4,12,3,1,4445,30,66,6.89,24.1
2019-08-06,4,12,1,2,4851,57,20,6.8,24.1
2019-08-06,4,12,2,3,3475,8,27,6.85,24.1
2019-08-06,4,12,4,4,4254,4,60,6.89,24.1
2019-08-06,4,12,6,5,4351,48,38,6.8,24.1
2019-08-06,4,12,5,6,3537,37,24,6.89,24.1
2019-08-13,1,1,3,1,3478,35,61,6.93,19.6
2019-08-13,1,1,1,2,4348,33,13,6.94,19.6
2019-08-13,1,1,5,3,3578,20,51,6.97,19.6
2019-08-13,1,1,2,4,3507,26,43,6.94,19.6
2019-08-13,1,1,4,5,5037,66,50,6.96,19.6
2019-08-13,1,1,6,6,5054,55,62,6.93,19.6
2019-08-13,1,2,3,1,3855,38,66,6.94,111.0
2019-08-13,1,2,5,2,3753,52,38,7.0,111.0
2019-08-13,1,2,2,3,4200,8,5,6.87,111.0
2019-08-13,1,2,4,4,4249,53,44,6.9,111.0
2019-08-13,1,2,1,5,3234,45,54,6.96,111.0
2019-08-13,1,2,6,6,3705,15,6,6.98,111.0
2019-08-13,1,3,1,1,3186,16,46,7.02,20.3
2019-08-13,1,3,4,2,4776,31,34,6.96,20.3
2019-08-13,1,3,6,3,3837,30,53,6.99,20.3
2019-08-13,1,3,2,4,3701,23,49,7.03,20.3
2019-08-13,1,3,5,5,4452,17,26,6.92,20.3
2019-08-13,1,3,3,6,4529,21,58,7.01,20.3
2019-08-13,1,4,4,1,4437,3,4,6.98,41.3
2019-08-13,1,4,1,2,3187,29,10,7.01,41.3
2019-08-13,1,4,6,3,4772,48,55,6.99,41.3
2019-08-13,1,4,2,4,3694,6,24,7.05,41.3
2019-08-13,1,4,3,5,4739,65,64,6.98,41.3
2019-08-13,1,4,5,6,5046,40,25,6.95,41.3
2019-08-13,1,5,3,1,3064,59,60,7.0,175.7
2019-08-13,1,5,4,2,4459,22,29,6.99,175.7
2019-08-13,1,5,2,3,4309,19,41,6.95,175.7
2019-08-13,1,5,6,4,3507,26,43,6.96,175.7
2019-08-13,1,5,1,5,4852,50,48,6.91,175.7
2019-08-13,1,5,5,6,4034,41,19,6.97,175.7
2019-08-13,1,6,5,1,4030,1,27,6.95,42.1
2019-08-13,1,6,6,2,4377,27,59,6.94,42.1
2019-08-13,1,6,2,3,3541,13,52,7.03,42.1
2019-08-13,1,6,4,4,3234,45,54,7.0,42.1
2019-08-13,1,6,1,5,4154,47,65,6.94,42.1
2019-08-13,1,6,3,6,3553,54,28,6.96,42.1
2019-08-13,1,7,2,1,3908,37,40,6.94,16.2
2019-08-13,1,7,3,2,4331,2,45,7.02,16.2
2019-08-13,1,7,6,3,4643,44,35,6.89,16.2
2019-08-13,1,7,1,4,4821,49,57,6.88,16.2
2019-08-13,1,7,4,5,3705,15,6,6.98,16.2
2019-08-13,1,7,5,6,5037,66,50,6.96,16.2
2019-08-13,1,8,1,1,3849,51,3,7.02,6.2
2019-08-13,1,8,2,2,3401,14,47,6.96,6.2
2019-08-13,1,8,3,3,3910,58,39,6.98,6.2
2019-08-13,1,8,5,4,4529,21,58,7.02,6.2
2019-08-13,1,8,6,5,5046,40,25,6.95,6.2
2019-08-13,1,8,4,6,4348,33,13,6.96,6.2
2019-08-13,1,9,1,1,4572,56,15,6.99,6.3
2019-08-13,1,9,3,2,3543,64,37,6.89,6.3
2019-08-13,1,9,5,3,4437,3,4,6.98,6.3
2019-08-13,1,9,2,4,3710,4,56,6.94,6.3
2019-08-13,1,9,6,5,3855,38,66,6.94,6.3
2019-08-13,1,9,4,6,3701,23,49,6.95,6.3
2019-08-13,1,10,1,1,4260,24,7,7.04,7.4
2019-08-13,1,10,3,2,4377,27,59,6.94,7.4
2019-08-13,1,10,2,3,4452,17,26,6.98,7.4
2019-08-13,1,10,5,4,4852,50,48,7.05,7.4
2019-08-13,1,10,6,5,3478,35,61,6.94,7.4
2019-08-13,1,10,4,6,3753,52,38,6.99,7.4
2019-08-13,1,11,4,1,4643,44,35,6.93,72.7
2019-08-13,1,11,6,2,4776,31,34,6.98,72.7
2019-08-13,1,11,2,3,4739,65,64,6.99,72.7
2019-08-13,1,11,1,4,3541,13,52,6.96,72.7
2019-08-13,1,11,3,5,3578,20,51,6.97,72.7
2019-08-13,1,11,5,6,4200,8,8,6.87,72.7
2019-08-13,1,12,4,1,4772,48,55,6.9,127.4
2019-08-13,1,12,1,2,3908,37,40,6.85,127.4
2019-08-13,1,12,2,3,4030,1,27,6.88,127.4
2019-08-13,1,12,3,4,3837,30,53,6.89,127.4
2019-08-13,1,12,6,5,4459,22,29,6.98,127.4
2019-08-13,1,12,5,6,3849,51,3,6.95,127.4
2019-08-14,2,1,4,1,3553,54,28,7.07,105.0
2019-08-14,2,1,6,2,3701,23,49,7.15,105.0
2019-08-14,2,1,1,3,3064,59,60,6.96,105.0
2019-08-14,2,1,5,4,5054,55,62,7.06,105.0
2019-08-14,2,1,3,5,4249,53,44,7.03,105.0
2019-08-14,2,1,2,6,4821,49,57,6.97,105.0
2019-08-14,2,3,4,1,4852,50,48,7.04,93.9
2019-08-14,2,3,2,2,3187,29,10,7.0,93.9
2019-08-14,2,3,5,3,4348,33,63,6.94,93.9
2019-08-14,2,3,6,4,3541,13,52,7.16,93.9
2019-08-14,2,3,1,5,3910,58,39,7.01,93.9
2019-08-14,2,3,3,6,3705,15,6,7.08,93.9
2019-08-14,2,4,2,1,3578,20,51,7.0,83.9
2019-08-14,2,4,3,2,4437,3,4,6.96,83.9
2019-08-14,2,4,5,3,4331,2,45,7.04,83.9
2019-08-14,2,4,1,4,4200,8,8,6.94,83.9
2019-08-14,2,4,6,5,3849,51,3,7.08,83.9
2019-08-14,2,4,4,6,4309,19,41,6.99,83.9
2019-08-14,2,5,1,1,4452,17,26,6.97,17.3
2019-08-14,2,5,3,2,4572,56,15,7.08,17.3
2019-08-14,2,5,2,3,3753,52,38,7.05,17.3
2019-08-14,2,5,4,4,3837,30,53,7.06,17.3
2019-08-14,2,5,6,5,5037,66,50,7.05,17.3
2019-08-14,2,5,5,6,3234,45,54,7.0,17.3
2019-08-14,2,6,1,1,3478,35,61,7.02,9.6
2019-08-14,2,6,2,2,4260,24,7,7.04,9.6
2019-08-14,2,6,3,3,4643,44,35,6.95,9.6
2019-08-14,2,6,5,4,3401,14,47,7.05,9.6
2019-08-14,2,6,4,5,3855,38,66,7.0,9.6
2019-08-14,2,6,6,6,5046,40,25,6.94,9.6
2019-08-14,2,7,2,1,4459,22,29,6.88,14.5
2019-08-14,2,7,3,2,4030,1,27,6.84,14.5
2019-08-14,2,7,6,3,4739,65,64,6.97,14.5
2019-08-14,2,7,1,4,3507,26,43,6.89,14.5
2019-08-14,2,7,4,5,3910,58,39,6.9,14.5
2019-08-14,2,7,5,6,3553,54,28,6.97,14.5
2019-08-14,2,8,2,1,4776,31,34,7.02,13.1
2019-08-14,2,8,1,2,3543,64,37,7.03,13.1
2019-08-14,2,8,4,3,3908,37,40,7.05,13.1
2019-08-14,2,8,5,4,4309,19,41,7.17,13.1
2019-08-14,2,8,3,5,3710,4,56,7.06,13.1
2019-08-14,2,8,6,6,5054,55,62,7.03,13.1
2019-08-14,2,9,1,1,4377,27,59,6.94,21.3
2019-08-14,2,9,4,2,4821,49,36,6.95,21.3
2019-08-14,2,9,2,3,4772,48,55,7.02,21.3
2019-08-14,2,9,3,4,3849,51,3,7.12,21.3
2019-08-14,2,9,6,5,4034,41,19,6.98,21.3
2019-08-14,2,9,5,6,3187,29,10,7.02,21.3
2019-08-14,2,10,1,1,4643,44,35,6.95,6.6
2019-08-14,2,10,3,2,4452,17,26,6.96,6.6
2019-08-14,2,10,6,3,4437,3,4,6.97,6.6
2019-08-14,2,10,4,4,3541,13,52,7.13,6.6
2019-08-14,2,10,2,5,4249,53,44,6.97,6.6
2019-08-14,2,10,5,6,3694,6,24,7.03,6.6
2019-08-14,2,11,1,1,3837,30,53,6.99,7.9
2019-08-14,2,11,2,2,3064,59,60,7.01,7.9
2019-08-14,2,11,3,3,4852,50,48,7.0,7.9
2019-08-14,2,11,4,4,3186,16,46,7.09,7.9
2019-08-14,2,11,6,5,4331,2,45,7.06,7.9
2019-08-14,2,11,5,6,4260,24,7,7.08,7.9
2019-08-14,2,12,1,1,4030,1,27,6.96,9.8
2019-08-14,2,12,3,2,4348,33,63,6.89,9.8
2019-08-14,2,12,2,3,3543,64,37,6.94,9.8
2019-08-14,2,12,4,4,3401,14,47,6.99,9.8
2019-08-14,2,12,5,5,4572,56,15,7.03,9.8
2019-08-14,2,12,6,6,4154,47,65,6.97,9.8
2019-08-16,3,1,1,1,3401,14,47,6.93,7.4
2019-08-16,3,1,4,2,3578,20,51,6.93,7.4
2019-08-16,3,1,3,3,3753,52,38,6.95,7.4
2019-08-16,3,1,6,4,3553,54,28,6.93,7.4
2019-08-16,3,1,2,5,3705,15,6,6.94,7.4
2019-08-16,3,1,5,6,5037,66,50,6.92,7.4
2019-08-16,3,2,3,1,3701,23,49,7.01,76.0
2019-08-16,3,2,5,2,3910,58,39,6.91,76.0
2019-08-16,3,2,1,3,4309,19,41,6.87,76.0
2019-08-16,3,2,4,4,3507,26,43,6.84,76.0
2019-08-16,3,2,6,5,5046,40,25,6.87,76.0
2019-08-16,3,2,2,6,3234,45,54,6.85,76.0
2019-08-16,3,5,1,1,4739,65,64,6.89,39.6
2019-08-16,3,5,5,2,3478,35,61,6.91,39.6
2019-08-16,3,5,3,3,4772,48,55,6.92,39.6
2019-08-16,3,5,4,4,4572,56,15,7.04,39.6
2019-08-16,3,5,6,5,3578,20,51,6.93,39.6
2019-08-16,3,5,2,6,4154,47,65,6.83,39.6
2019-08-16,3,6,2,1,3849,51,3,6.88,19.3
2019-08-16,3,6,3,2,4034,41,19,6.83,19.3
2019-08-16,3,6,6,3,4852,50,48,6.85,19.3
2019-08-16,3,6,1,4,3705,15,6,6.93,19.3
2019-08-16,3,6,4,5,4331,2,45,6.9,19.3
2019-08-16,3,6,5,6,5046,40,25,6.86,19.3
2019-08-16,3,7,3,1,3908,37,40,6.85,13.9
2019-08-16,3,7,1,2,3694,6,24,6.88,13.9
2019-08-16,3,7,4,3,4260,24,7,6.89,13.9
2019-08-16,3,7,2,4,4348,33,63,6.86,13.9
2019-08-16,3,7,6,5,3234,45,54,6.81,13.9
2019-08-16,3,7,5,6,3710,4,56,6.88,13.9
2019-08-16,3,8,1,1,4437,3,4,6.81,3.9
2019-08-16,3,8,2,2,3837,30,53,6.84,3.9
2019-08-16,3,8,4,3,4030,1,27,6.87,3.9
2019-08-16,3,8,3,4,4200,8,8,6.84,3.9
2019-08-16,3,8,5,5,3855,38,66,6.9,3.9
2019-08-16,3,8,6,6,5037,66,50,6.84,3.9
2019-08-16,3,9,2,1,4643,44,35,6.79,15.2
2019-08-16,3,9,1,2,4776,31,34,6.88,15.2
2019-08-16,3,9,3,3,4821,49,36,6.81,15.2
2019-08-16,3,9,4,4,3478,35,61,6.84,15.2
2019-08-16,3,9,5,5,3543,64,37,6.95,15.2
2019-08-16,3,9,6,6,3186,16,46,6.89,15.2
2019-08-16,3,10,3,1,3401,14,47,6.85,138.1
2019-08-16,3,10,1,2,3541,13,52,6.84,138.1
2019-08-16,3,10,5,3,3701,23,49,6.94,138.1
2019-08-16,3,10,2,4,4572,56,15,6.9,138.1
2019-08-16,3,10,4,5,3849,51,3,6.96,138.1
2019-08-16,3,10,6,6,4529,21,58,6.93,138.1
2019-08-16,3,11,1,1,4772,48,55,6.86,9.0
2019-08-16,3,11,2,2,4331,2,45,6.92,9.0
2019-08-16,3,11,5,3,3908,37,40,6.96,9.0
2019-08-16,3,11,6,4,4452,17,26,6.97,9.0
2019-08-16,3,11,3,5,3507,26,43,6.91,9.0
2019-08-16,3,11,4,6,3064,59,60,6.87,9.0
2019-08-16,3,12,4,1,4739,65,64,6.92,172.7
2019-08-16,3,12,3,2,4260,24,7,6.92,172.7
2019-08-16,3,12,1,3,4459,22,29,6.88,172.7
2019-08-16,3,12,5,4,4377,27,59,6.88,172.7
2019-08-16,3,12,2,5,4437,3,4,6.84,172.7
2019-08-16,3,12,6,6,3753,52,38,6.96,172.7
2019-08-17,4,1,5,1,4821,49,36,6.85,52.6
2019-08-17,4,1,1,2,4331,2,45,6.81,52.6
2019-08-17,4,1,4,3,3187,29,10,6.95,52.6
2019-08-17,4,1,2,4,3553,54,28,6.77,52.6
2019-08-17,4,1,6,5,5054,55,62,6.84,52.6
2019-08-17,4,1,3,6,4309,19,41,6.91,52.6
2019-08-17,4,2,2,1,3910,58,39,6.86,29.3
2019-08-17,4,2,1,2,4034,41,19,6.81,29.3
2019-08-17,4,2,4,3,4154,47,65,6.89,29.3
2019-08-17,4,2,3,4,3710,4,56,6.82,29.3
2019-08-17,4,2,5,5,3705,15,6,6.94,29.3
2019-08-17,4,2,6,6,4249,53,44,6.82,29.3
2019-08-17,4,3,4,1,3064,59,60,6.87,57.4
2019-08-17,4,3,5,2,4772,48,55,6.81,57.4
2019-08-17,4,3,1,3,4529,21,58,6.79,57.4
2019-08-17,4,3,2,4,3855,38,66,6.88,57.4
2019-08-17,4,3,6,5,5046,40,25,6.78,57.4
2019-08-17,4,3,3,6,3401,14,47,6.87,57.4
2019-08-17,4,4,3,1,4459,22,29,6.86,25.7
2019-08-17,4,4,2,2,4852,50,48,6.84,25.7
2019-08-17,4,4,4,3,4200,8,8,6.87,25.7
2019-08-17,4,4,1,4,3753,52,38,6.87,25.7
2019-08-17,4,4,5,5,3541,13,52,6.86,25.7
2019-08-17,4,4,6,6,3694,6,24,6.82,25.7
2019-08-17,4,5,1,1,3837,30,53,6.79,7.2
2019-08-17,4,5,2,2,3478,35,61,6.76,7.2
2019-08-17,4,5,3,3,4030,1,27,6.79,7.2
2019-08-17,4,5,4,4,4348,33,63,6.85,7.2
2019-08-17,4,5,5,5,3507,26,43,6.84,7.2
2019-08-17,4,5,6,6,3187,29,10,6.93,7.2
2019-08-17,4,6,1,1,3701,23,49,6.85,33.5
2019-08-17,4,6,4,2,3543,64,37,6.82,33.5
2019-08-17,4,6,2,3,4643,44,35,6.77,33.5
2019-08-17,4,6,3,4,4572,56,15,6.89,33.5
2019-08-17,4,6,6,5,3710,4,56,6.82,33.5
2019-08-17,4,6,5,6,5037,66,50,6.85,33.5
2019-08-17,4,7,3,1,3908,37,40,6.77,10.5
2019-08-17,4,7,1,2,3578,20,51,6.81,10.5
2019-08-17,4,7,4,3,4260,24,7,6.9,10.5
2019-08-17,4,7,2,4,4452,17,26,6.81,10.5
2019-08-17,4,7,6,5,3910,58,39,6.91,10.5
2019-08-17,4,7,5,6,5054,55,62,6.81,10.5
2019-08-17,4,8,1,1,4459,22,29,6.87,124.9
2019-08-17,4,8,6,2,4821,49,36,6.86,124.9
2019-08-17,4,8,3,3,3234,45,54,6.88,124.9
2019-08-17,4,8,4,4,4377,27,59,6.89,124.9
2019-08-17,4,8,2,5,4772,48,55,6.91,124.9
2019-08-17,4,8,5,6,4249,53,44,6.83,124.9
2019-08-17,4,10,1,1,3849,51,3,6.85,139.6
2019-08-17,4,10,6,2,4776,31,34,6.94,139.6
2019-08-17,4,10,3,3,4154,47,65,6.91,139.6
2019-08-17,4,10,5,4,4643,44,35,6.85,139.6
2019-08-17,4,10,2,5,4437,3,4,6.84,139.6
2019-08-17,4,10,4,6,3694,6,24,6.95,139.6
2019-08-17,4,11,1,1,4030,1,27,6.82,99.2
2019-08-17,4,11,4,2,4852,50,48,6.9,99.2
2019-08-17,4,11,6,3,4309,19,41,6.9,99.2
2019-08-17,4,11,5,4,4572,56,15,6.98,99.2
2019-08-17,4,11,3,5,3064,59,60,6.85,99.2
2019-08-17,4,11,2,6,4260,24,7,6.77,99.2
2019-08-17,4,12,1,1,3908,37,40,6.83,29.2
2019-08-17,4,12,5,2,4739,65,64,6.9,29.2
2019-08-17,4,12,4,3,3401,14,47,6.86,29.2
2019-08-17,4,12,6,4,4348,33,63,6.8,29.2
2019-08-17,4,12,3,5,4377,27,59,6.87,29.2
2019-08-17,4,12,2,6,3543,64,37,6.84,29.2
2019-08-18,5,1,1,1,4260,24,7,6.88,8.9
2019-08-18,5,1,2,2,3694,6,24,6.83,8.9
2019-08-18,5,1,4,3,3507,26,43,6.84,8.9
2019-08-18,5,1,3,4,4034,41,19,6.83,8.9
2019-08-18,5,1,6,5,5037,66,50,6.88,8.9
2019-08-18,5,1,5,6,4249,53,44,6.82,8.9
2019-08-18,5,2,1,1,3187,29,10,6.84,13.1
2019-08-18,5,2,4,2,3234,45,54,6.81,13.1
2019-08-18,5,2,2,3,3710,4,56,6.87,13.1
2019-08-18,5,2,3,4,3705,15,6,6.89,13.1
2019-08-18,5,2,5,5,4309,19,41,6.85,13.1
2019-08-18,5,2,6,6,5054,55,62,6.86,13.1
2019-08-18,5,4,1,1,4643,44,35,6.77,5.9
2019-08-18,5,4,3,2,4437,3,4,6.83,5.9
2019-08-18,5,4,6,3,4348,33,63,6.78,5.9
2019-08-18,5,4,2,4,3855,38,66,6.81,5.9
2019-08-18,5,4,4,5,3478,35,61,6.8,5.9
2019-08-18,5,4,5,6,5046,40,25,6.82,5.9
2019-08-18,5,5,1,1,4772,48,55,6.77,4.6
2019-08-18,5,5,2,2,3401,14,47,6.92,4.6
2019-08-18,5,5,4,3,4030,1,27,6.83,4.6
2019-08-18,5,5,3,4,3553,54,28,6.84,4.6
2019-08-18,5,5,5,5,3753,52,38,6.93,4.6
2019-08-18,5,5,6,6,3186,16,46,6.87,4.6
2019-08-18,5,6,1,1,4739,65,64,6.8,15.9
2019-08-18,5,6,2,2,3910,58,39,6.83,15.9
2019-08-18,5,6,3,3,4452,17,26,6.81,15.9
2019-08-18,5,6,6,4,4572,56,15,6.9,15.9
2019-08-18,5,6,4,5,4154,47,65,6.88,15.9
2019-08-18,5,6,5,6,4459,22,29,6.85,15.9
2019-08-18,5,7,1,1,4852,50,48,6.78,14.0
2019-08-18,5,7,5,2,3908,37,40,6.78,14.0
2019-08-18,5,7,6,3,4776,31,34,6.76,14.0
2019-08-18,5,7,4,4,3849,51,3,6.8,14.0
2019-08-18,5,7,2,5,4200,8,8,6.79,14.0
2019-08-18,5,7,3,6,4529,21,58,6.84,14.0
2019-08-18,5,8,1,1,4331,2,45,6.73,15.5
2019-08-18,5,8,3,2,3187,29,10,6.89,15.5
2019-08-18,5,8,2,3,3541,13,52,6.85,15.5
2019-08-18,5,8,4,4,3543,64,37,6.81,15.5
2019-08-18,5,8,5,5,3694,6,24,6.95,15.5
2019-08-18,5,8,6,6,5046,40,25,6.83,15.5
2019-08-18,5,9,3,1,3478,35,61,6.81,680.8
2019-08-18,5,9,5,2,3401,14,47,6.87,680.8
2019-08-18,5,9,1,3,4030,1,27,6.84,680.8
2019-08-18,5,9,4,4,4260,24,7,6.94,680.8
2019-08-18,5,9,2,5,4643,44,35,6.82,680.8
2019-08-18,5,9,6,6,3578,20,51,6.92,680.8
2019-08-18,5,10,1,1,4459,22,29,6.81,84.4
2019-08-18,5,10,5,2,3701,23,49,6.92,84.4
2019-08-18,5,10,2,3,3837,30,53,6.91,84.4
2019-08-18,5,10,3,4,4772,48,55,6.86,84.4
2019-08-18,5,10,6,5,4852,50,48,6.91,84.4
2019-08-18,5,10,4,6,4437,3,4,6.89,84.4
2019-08-18,5,11,1,1,3908,37,40,6.8,37.9
2019-08-18,5,11,3,2,4377,27,59,6.87,37.9
2019-08-18,5,11,6,3,4331,2,45,6.8,37.9
2019-08-18,5,11,5,4,4739,65,64,6.92,37.9
2019-08-18,5,11,2,5,3064,59,60,6.85,37.9
2019-08-18,5,11,4,6,4452,17,26,6.87,37.9
2019-08-18,5,12,6,1,4154,47,65,6.93,2013.0
2019-08-18,5,12,5,2,3710,4,56,6.87,2013.0
2019-08-18,5,12,3,3,3849,51,3,6.84,2013.0
2019-08-18,5,12,2,4,3507,26,43,6.86,2013.0
2019-08-18,5,12,1,5,3543,64,37,6.84,2013.0
2019-08-18,5,12,4,6,4348,33,63,6.87,2013.0
2019-08-19,6,1,1,1,4572,56,15,6.91,21.2
2019-08-19,6,1,3,2,3855,38,66,6.85,21.2
2019-08-19,6,1,6,3,3187,29,10,7.07,21.2
2019-08-19,6,1,4,4,4200,8,8,6.87,21.2
2019-08-19,6,1,2,5,4249,53,44,6.81,21.2
2019-08-19,6,1,5,6,3234,45,54,6.91,21.2
2019-08-19,6,2,1,1,4154,47,65,6.78,7.3
2019-08-19,6,2,3,2,4529,21,58,6.9,7.3
2019-08-19,6,2,5,3,3507,26,43,6.75,7.3
2019-08-19,6,2,2,4,4309,19,41,6.85,7.3
2019-08-19,6,2,4,5,5037,66,50,6.78,7.3
2019-08-19,6,2,6,6,5046,40,25,6.82,7.3
2019-08-19,6,3,5,1,3541,13,52,6.92,20.7
2019-08-19,6,3,1,2,3578,20,51,6.9,20.7
2019-08-19,6,3,2,3,4852,50,48,6.87,20.7
2019-08-19,6,3,4,4,3553,54,28,6.88,20.7
2019-08-19,6,3,3,5,3753,52,38,6.94,20.7
2019-08-19,6,3,6,6,3705,15,6,7.0,20.7
2019-08-19,6,4,1,1,3064,59,60,6.83,9.3
2019-08-19,6,4,5,2,4643,44,35,6.81,9.3
2019-08-19,6,4,3,3,3910,58,39,6.82,9.3
2019-08-19,6,4,4,4,3710,4,56,6.86,9.3
2019-08-19,6,4,6,5,3186,16,46,6.88,9.3
2019-08-19,6,4,2,6,4034,41,19,6.8,9.3
2019-08-19,6,7,1,1,4739,65,64,6.91,17.7
2019-08-19,6,7,2,2,3753,52,38,6.98,17.7
2019-08-19,6,7,3,3,4030,1,27,6.97,17.7
2019-08-19,6,7,6,4,4776,31,34,6.97,17.7
2019-08-19,6,7,5,5,4200,8,8,6.94,17.7
2019-08-19,6,7,4,6,4309,19,41,7.06,17.7
2019-08-19,6,8,1,1,4260,24,7,6.91,4.3
2019-08-19,6,8,2,2,4772,48,55,6.89,4.3
2019-08-19,6,8,4,3,4572,56,15,6.98,4.3
2019-08-19,6,8,3,4,3553,54,28,6.87,4.3
2019-08-19,6,8,5,5,3910,58,39,6.94,4.3
2019-08-19,6,8,6,6,5037,66,50,6.83,4.3
2019-08-19,6,9,4,1,3541,13,52,6.94,216.7
2019-08-19,6,9,3,2,3849,51,3,6.93,216.7
2019-08-19,6,9,6,3,5054,55,62,6.9,216.7
2019-08-19,6,9,2,4,3234,45,54,6.83,216.7
2019-08-19,6,9,1,5,4348,33,63,6.82,216.7
2019-08-19,6,9,5,6,4034,41,19,6.84,216.7
2019-08-19,6,10,1,1,4643,44,35,6.78,13.9
2019-08-19,6,10,4,2,4437,3,4,6.87,13.9
2019-08-19,6,10,5,3,4452,17,26,6.86,13.9
2019-08-19,6,10,3,4,4852,50,48,6.9,13.9
2019-08-19,6,10,6,5,3578,20,51,6.97,13.9
2019-08-19,6,10,2,6,3064,59,60,6.84,13.9
2019-08-19,6,11,1,1,4030,1,27,6.83,6.9
2019-08-19,6,11,2,2,3837,30,31,6.91,6.9
2019-08-19,6,11,4,3,4772,48,55,6.86,6.9
2019-08-19,6,11,5,4,4260,24,7,6.96,6.9
2019-08-19,6,11,3,5,4331,2,45,6.88,6.9
2019-08-19,6,11,6,6,4739,65,64,6.88,6.9
2019-08-27,1,1,5,1,4664,24,31,6.93,371.1
2019-08-27,1,1,3,2,3944,55,5,6.93,371.1
2019-08-27,1,1,1,3,4583,18,28,6.91,371.1
2019-08-27,1,1,6,4,4343,47,29,6.89,371.1
2019-08-27,1,1,4,5,4863,3,16,6.93,371.1
2019-08-27,1,1,2,6,4814,34,26,6.97,371.1
2019-08-27,1,2,4,1,3709,62,44,6.85,225.9
2019-08-27,1,2,6,2,4103,54,64,6.86,225.9
2019-08-27,1,2,3,3,4209,21,2,6.89,225.9
2019-08-27,1,2,5,4,4474,53,21,6.91,225.9
2019-08-27,1,2,1,5,4221,25,57,6.84,225.9
2019-08-27,1,2,2,6,4562,46,54,6.84,225.9
2019-08-27,1,3,1,1,3808,39,14,6.89,39.9
2019-08-27,1,3,6,2,3703,4,50,6.86,39.9
2019-08-27,1,3,4,3,3615,10,34,6.88,39.9
2019-08-27,1,3,3,4,3685,15,45,6.84,39.9
2019-08-27,1,3,2,5,4632,19,46,6.9,39.9
2019-08-27,1,3,5,6,5032,63,9,6.91,39.9
2019-08-27,1,4,1,1,3605,57,39,6.94,26.2
2019-08-27,1,4,6,2,4391,7,25,6.86,26.2
2019-08-27,1,4,4,3,4394,11,32,6.86,26.2
2019-08-27,1,4,3,4,4069,28,1,6.82,26.2
2019-08-27,1,4,2,5,4837,5,33,6.86,26.2
2019-08-27,1,4,5,6,4429,32,37,6.87,26.2
2019-08-27,1,5,1,1,4102,58,17,6.89,5.9
2019-08-27,1,5,4,2,4015,12,22,6.84,5.9
2019-08-27,1,5,3,3,4704,26,38,6.82,5.9
2019-08-27,1,5,2,4,4664,24,31,6.94,5.9
2019-08-27,1,5,5,5,4511,16,41,6.88,5.9
2019-08-27,1,5,6,6,5081,33,59,6.91,5.9
2019-08-27,1,6,1,1,3600,60,62,6.88,16.7
2019-08-27,1,6,2,2,4760,9,18,6.86,16.7
2019-08-27,1,6,4,3,4383,38,51,6.84,16.7
2019-08-27,1,6,3,4,3566,43,43,6.92,16.7
2019-08-27,1,6,6,5,4140,66,23,6.84,16.7
2019-08-27,1,6,5,6,4814,34,26,6.85,16.7
2019-08-27,1,7,2,1,3959,36,40,6.81,45.7
2019-08-27,1,7,3,2,4103,54,64,6.86,45.7
2019-08-27,1,7,4,3,4495,61,13,6.85,45.7
2019-08-27,1,7,6,4,3685,15,45,6.92,45.7
2019-08-27,1,7,5,5,4156,29,30,6.88,45.7
2019-08-27,1,7,1,6,4021,50,11,6.91,45.7
2019-08-27,1,8,1,1,4069,28,1,6.89,5.2
2019-08-27,1,8,2,2,3555,44,20,6.79,5.2
2019-08-27,1,8,4,3,4604,2,10,6.82,5.2
2019-08-27,1,8,3,4,4474,53,21,6.87,5.2
2019-08-27,1,8,5,5,4863,3,16,6.91,5.2
2019-08-27,1,8,6,6,5032,63,9,6.95,5.2
2019-08-27,1,9,4,1,4704,26,38,6.91,41.2
2019-08-27,1,9,1,2,4174,13,12,6.97,41.2
2019-08-27,1,9,5,3,4394,11,32,6.92,41.2
2019-08-27,1,9,3,4,4343,47,29,6.93,41.2
2019-08-27,1,9,6,5,3709,62,44,6.92,41.2
2019-08-27,1,9,2,6,4676,51,60,6.92,41.2
2019-08-27,1,10,1,1,4015,12,22,6.78,5.1
2019-08-27,1,10,2,2,3615,10,34,6.78,5.1
2019-08-27,1,10,3,3,4583,18,28,6.94,5.1
2019-08-27,1,10,6,4,4209,21,2,6.89,5.1
2019-08-27,1,10,5,5,3566,43,43,6.9,5.1
2019-08-27,1,10,4,6,4837,5,33,6.9,5.1
2019-08-27,1,11,1,1,3555,44,20,6.77,25.5
2019-08-27,1,11,5,2,4102,58,17,6.94,25.5
2019-08-27,1,11,3,3,4156,29,30,6.85,25.5
2019-08-27,1,11,2,4,4140,66,23,6.85,25.5
2019-08-27,1,11,4,5,4562,46,54,6.85,25.5
2019-08-27,1,11,6,6,3944,55,5,6.9,25.5
2019-08-27,1,12,1,1,3959,36,40,6.78,22.2
2019-08-27,1,12,3,2,4391,7,25,6.85,22.2
2019-08-27,1,12,6,3,4604,2,10,6.87,22.2
2019-08-27,1,12,5,4,4174,13,12,6.96,22.2
2019-08-27,1,12,4,5,4760,9,18,6.86,22.2
2019-08-27,1,12,2,6,3703,4,50,6.82,22.2
2019-08-28,2,1,1,1,3685,15,45,6.88,3.9
2019-08-28,2,1,2,2,4495,61,13,6.89,3.9
2019-08-28,2,1,3,3,3605,57,39,6.92,3.9
2019-08-28,2,1,4,4,4221,25,57,6.9,3.9
2019-08-28,2,1,6,5,3808,39,14,6.97,3.9
2019-08-28,2,1,5,6,5081,33,59,6.91,3.9
2019-08-28,2,3,6,1,3555,44,20,6.77,9.3
2019-08-28,2,3,1,2,3709,62,44,6.83,9.3
2019-08-28,2,3,4,3,3566,43,43,6.91,9.3
2019-08-28,2,3,5,4,4632,19,46,6.91,9.3
2019-08-28,2,3,3,5,4664,24,31,6.87,9.3
2019-08-28,2,3,2,6,4429,32,37,6.82,9.3
2019-08-28,2,4,1,1,3944,55,5,6.82,8.0
2019-08-28,2,4,6,2,3959,36,40,6.78,8.0
2019-08-28,2,4,4,3,4069,28,1,6.91,8.0
2019-08-28,2,4,5,4,4383,38,51,6.87,8.0
2019-08-28,2,4,3,5,3615,10,34,6.9,8.0
2019-08-28,2,4,2,6,4474,53,21,6.91,8.0
2019-08-28,2,5,1,1,4604,2,10,6.83,15.7
2019-08-28,2,5,2,2,4863,3,16,6.88,15.7
2019-08-28,2,5,4,3,4102,58,17,6.94,15.7
2019-08-28,2,5,5,4,4562,46,54,6.9,15.7
2019-08-28,2,5,3,5,4394,11,32,6.81,15.7
2019-08-28,2,5,6,6,4221,25,57,6.92,15.7
2019-08-28,2,6,2,1,4704,26,38,6.76,96.3
2019-08-28,2,6,5,2,3703,4,50,6.85,96.3
2019-08-28,2,6,4,3,4511,16,41,6.86,96.3
2019-08-28,2,6,3,4,4760,9,18,6.9,96.3
2019-08-28,2,6,1,5,4103,54,64,6.78,96.3
2019-08-28,2,6,6,6,5032,63,9,6.87,96.3
2019-08-28,2,7,2,1,4156,29,30,6.82,24.5
2019-08-28,2,7,1,2,4209,21,2,6.9,24.5
2019-08-28,2,7,3,3,4174,13,12,6.93,24.5
2019-08-28,2,7,6,4,4015,12,22,6.8,24.5
2019-08-28,2,7,4,5,4429,32,37,6.9,24.5
2019-08-28,2,7,5,6,4495,61,13,6.87,24.5
2019-08-28,2,8,1,1,4391,7,25,6.86,7.8
2019-08-28,2,8,4,2,4583,18,28,6.95,7.8
2019-08-28,2,8,5,3,4676,51,60,6.9,7.8
2019-08-28,2,8,3,4,4814,34,26,6.97,7.8
2019-08-28,2,8,2,5,3566,43,43,6.9,7.8
2019-08-28,2,8,6,6,5081,33,59,6.87,7.8
2019-08-28,2,9,1,1,4140,66,23,6.86,8.0
2019-08-28,2,9,2,2,4394,11,32,6.81,8.0
2019-08-28,2,9,5,3,3959,36,40,6.8,8.0
2019-08-28,2,9,3,4,3600,60,62,6.84,8.0
2019-08-28,2,9,6,5,3605,57,39,6.93,8.0
2019-08-28,2,9,4,6,4632,19,46,6.98,8.0
2019-08-28,2,10,5,1,3555,44,20,6.8,633.1
2019-08-28,2,10,3,2,3808,39,14,7.0,633.1
2019-08-28,2,10,2,3,4383,38,51,6.81,633.1
2019-08-28,2,10,4,4,4156,29,30,6.83,633.1
2019-08-28,2,10,6,5,4021,50,11,6.91,633.1
2019-08-28,2,10,1,6,3703,4,50,6.81,633.1
2019-08-28,2,11,3,1,4604,2,10,6.82,63.6
2019-08-28,2,11,1,2,4704,26,38,6.77,63.6
2019-08-28,2,11,5,3,3615,10,34,6.94,63.6
2019-08-28,2,11,6,4,4583,18,28,6.97,63.6
2019-08-28,2,11,2,5,4174,13,12,6.91,63.6
2019-08-28,2,11,4,6,3685,15,45,6.82,63.6
2019-08-28,2,12,1,1,4760,9,18,6.84,8.0
2019-08-28,2,12,2,2,4102,58,17,6.84,8.0
2019-08-28,2,12,4,3,4391,7,25,6.86,8.0
2019-08-28,2,12,5,4,4140,66,23,6.95,8.0
2019-08-28,2,12,3,5,4015,12,22,6.79,8.0
2019-08-28,2,12,6,6,4069,28,1,6.88,8.0
2019-08-29,3,2,2,1,4221,25,57,6.89,35.8
2019-08-29,3,2,3,2,4383,38,51,6.89,35.8
2019-08-29,3,2,5,3,4021,50,11,6.89,35.8
2019-08-29,3,2,1,4,4429,32,37,6.84,35.8
2019-08-29,3,2,4,5,4474,53,21,6.86,35.8
2019-08-29,3,2,6,6,5081,33,59,6.9,35.8
2019-08-29,3,3,2,1,3605,57,39,6.97,48.5
2019-08-29,3,3,3,2,4069,28,1,6.88,48.5
2019-08-29,3,3,5,3,4704,26,38,6.81,48.5
2019-08-29,3,3,6,4,3566,43,43,6.87,48.5
2019-08-29,3,3,4,5,4209,21,2,6.8,48.5
2019-08-29,3,3,1,6,4562,46,54,6.84,48.5
2019-08-29,3,4,1,1,4495,61,13,6.87,13.4
2019-08-29,3,4,6,2,3959,36,40,6.78,13.4
2019-08-29,3,4,5,3,4102,58,17,6.94,13.4
2019-08-29,3,4,4,4,3709,62,44,6.91,13.4
2019-08-29,3,4,3,5,3615,10,34,6.82,13.4
2019-08-29,3,4,2,6,4343,47,29,6.85,13.4
2019-08-29,3,5,1,1,4394,11,32,6.84,43.9
2019-08-29,3,5,2,2,4760,9,18,6.91,43.9
2019-08-29,3,5,5,3,4837,5,33,6.86,43.9
2019-08-29,3,5,6,4,4676,51,60,6.91,43.9
2019-08-29,3,5,4,5,4174,13,12,6.91,43.9
2019-08-29,3,5,3,6,3808,39,14,6.86,43.9
2019-08-29,3,6,3,1,4103,54,64,6.86,88.5
2019-08-29,3,6,2,2,3685,15,45,6.88,88.5
2019-08-29,3,6,6,3,4391,7,25,6.87,88.5
2019-08-29,3,6,5,4,4474,53,21,6.85,88.5
2019-08-29,3,6,4,5,4015,12,22,6.78,88.5
2019-08-29,3,6,1,6,4632,19,46,6.97,88.5
2019-08-29,3,7,1,1,4383,38,51,6.82,23.6
2019-08-29,3,7,6,2,3555,44,20,6.86,23.6
2019-08-29,3,7,3,3,3944,55,5,6.8,23.6
2019-08-29,3,7,2,4,4583,18,28,6.88,23.6
2019-08-29,3,7,5,5,4140,66,23,6.85,23.6
2019-08-29,3,7,4,6,4562,46,54,6.88,23.6
2019-08-29,3,8,1,1,4604,2,10,6.77,3.7
2019-08-29,3,8,2,2,3703,4,50,6.81,3.7
2019-08-29,3,8,3,3,4209,21,2,6.79,3.7
2019-08-29,3,8,4,4,3566,43,43,6.92,3.7
2019-08-29,3,8,6,5,4511,16,41,6.87,3.7
2019-08-29,3,8,5,6,3600,60,62,6.93,3.7
2019-08-29,3,9,1,1,3959,36,40,6.89,48.5
2019-08-29,3,9,5,2,4156,29,30,6.89,48.5
2019-08-29,3,9,6,3,3605,57,39,7.02,48.5
2019-08-29,3,9,2,4,4704,26,38,6.84,48.5
2019-08-29,3,9,4,5,3808,39,14,6.96,48.5
2019-08-29,3,9,3,6,3709,62,44,6.93,48.5
2019-08-29,3,10,1,1,4391,7,25,6.9,7.1
2019-08-29,3,10,2,2,4102,58,17,6.92,7.1
2019-08-29,3,10,4,3,3944,55,5,6.93,7.1
2019-08-29,3,10,3,4,4174,13,12,6.91,7.1
2019-08-29,3,10,6,5,3685,15,45,6.96,7.1
2019-08-29,3,10,5,6,4760,9,18,6.97,7.1
2019-08-29,3,11,1,1,3555,44,20,6.79,5.9
2019-08-29,3,11,2,2,4604,2,10,6.82,5.9
2019-08-29,3,11,4,3,4069,28,1,6.88,5.9
2019-08-29,3,11,3,4,4015,12,22,6.84,5.9
2019-08-29,3,11,5,5,4583,18,28,6.89,5.9
2019-08-29,3,11,6,6,4343,47,29,6.87,5.9
2019-08-29,3,12,1,1,3615,10,34,6.87,7.2
2019-08-29,3,12,2,2,4140,66,23,6.88,7.2
2019-08-29,3,12,4,3,3703,4,50,6.85,7.2
2019-08-29,3,12,3,4,4394,11,32,6.88,7.2
2019-08-29,3,12,5,5,4103,54,64,6.93,7.2
2019-08-29,3,12,6,6,4664,24,31,6.89,7.2
2019-08-30,4,1,1,1,4583,18,28,6.87,17.7
2019-08-30,4,1,5,2,4863,3,16,6.87,17.7
2019-08-30,4,1,2,3,4103,54,64,6.88,17.7
2019-08-30,4,1,3,4,4632,19,46,6.99,17.7
2019-08-30,4,1,4,5,4021,50,11,6.96,17.7
2019-08-30,4,1,6,6,5081,33,59,6.85,17.7
2019-08-30,4,2,1,1,4676,51,60,6.78,17.3
2019-08-30,4,2,2,2,4474,53,21,6.82,17.3
2019-08-30,4,2,3,3,4429,32,37,6.87,17.3
2019-08-30,4,2,4,4,4209,21,2,6.84,17.3
2019-08-30,4,2,6,5,4562,46,54,6.82,17.3
2019-08-30,4,2,5,6,5032,63,9,6.93,17.3
2019-08-30,4,3,3,1,4837,5,33,6.87,194.3
2019-08-30,4,3,2,2,3600,60,62,6.89,194.3
2019-08-30,4,3,5,3,3615,10,34,6.81,194.3
2019-08-30,4,3,1,4,4664,24,31,6.81,194.3
2019-08-30,4,3,4,5,3808,39,14,6.91,194.3
2019-08-30,4,3,6,6,4495,61,13,6.87,194.3
2019-08-30,4,4,5,1,4383,38,51,6.99,123.6
2019-08-30,4,4,1,2,4343,47,29,6.92,123.6
2019-08-30,4,4,4,3,3566,43,43,6.95,123.6
2019-08-30,4,4,6,4,4394,11,32,6.83,123.6
2019-08-30,4,4,3,5,4221,25,57,6.94,123.6
2019-08-30,4,4,2,6,3709,62,44,6.91,123.6
2019-08-30,4,5,1,1,4015,12,22,6.72,39.2
2019-08-30,4,5,5,2,3944,55,5,6.89,39.2
2019-08-30,4,5,2,3,4814,34,26,6.85,39.2
2019-08-30,4,5,6,4,4511,16,41,6.84,39.2
2019-08-30,4,5,4,5,4140,66,23,6.83,39.2
2019-08-30,4,5,3,6,4103,54,64,6.89,39.2
2019-08-30,4,6,1,1,3685,15,45,6.78,7.4
2019-08-30,4,6,3,2,3703,4,50,6.85,7.4
2019-08-30,4,6,4,3,4676,51,60,6.87,7.4
2019-08-30,4,6,6,4,4156,29,30,6.81,7.4
2019-08-30,4,6,2,5,4863,3,16,6.79,7.4
2019-08-30,4,6,5,6,5081,33,59,6.84,7.4
2019-08-30,4,7,1,1,4174,13,12,6.85,12.9
2019-08-30,4,7,5,2,4704,26,38,6.74,12.9
2019-08-30,4,7,2,3,4837,5,33,6.85,12.9
2019-08-30,4,7,4,4,4069,28,1,6.84,12.9
2019-08-30,4,7,6,5,4632,19,46,6.95,12.9
2019-08-30,4,7,3,6,4474,53,21,6.83,12.9
2019-08-30,4,8,1,1,4760,9,18,6.81,4.1
2019-08-30,4,8,2,2,4394,11,32,6.81,4.1
2019-08-30,4,8,4,3,3615,10,34,6.82,4.1
2019-08-30,4,8,3,4,4495,61,13,6.85,4.1
2019-08-30,4,8,5,5,4221,25,57,6.85,4.1
2019-08-30,4,8,6,6,4429,32,37,6.87,4.1
2019-08-30,4,9,1,1,3566,43,43,6.86,6.9
2019-08-30,4,9,3,2,4140,66,23,6.88,6.9
2019-08-30,4,9,5,3,3703,4,50,6.84,6.9
2019-08-30,4,9,2,4,4021,50,11,6.86,6.9
2019-08-30,4,9,4,5,4814,34,26,6.88,6.9
2019-08-30,4,9,6,6,5032,63,9,6.89,6.9
2019-08-30,4,10,2,1,4704,26,38,6.75,14.8
2019-08-30,4,10,1,2,3944,55,5,6.75,14.8
2019-08-30,4,10,3,3,4015,12,22,6.79,14.8
2019-08-30,4,10,4,4,3685,15,45,6.81,14.8
2019-08-30,4,10,6,5,4343,47,29,6.87,14.8
2019-08-30,4,10,5,6,3709,62,44,6.84,14.8
2019-08-30,4,11,1,1,4069,28,1,6.84,7.9
2019-08-30,4,11,2,2,4174,13,12,6.91,7.9
2019-08-30,4,11,4,3,4583,18,28,6.93,7.9
2019-08-30,4,11,5,4,4760,9,18,6.82,7.9
2019-08-30,4,11,3,5,3808,39,14,6.91,7.9
2019-08-30,4,11,6,6,3600,60,62,6.92,7.9
2019-08-30,4,12,1,1,3555,44,20,6.68,7.2
2019-08-30,4,12,3,2,3959,36,40,6.79,7.2
2019-08-30,4,12,2,3,4391,7,25,6.86,7.2
2019-08-30,4,12,5,4,4604,2,10,6.84,7.2
2019-08-30,4,12,4,5,4102,58,17,6.93,7.2
2019-08-30,4,12,6,6,3605,57,39,6.88,7.2
2019-09-11,1,1,1,1,3280,13,57,6.88,48.1
2019-09-11,1,1,4,2,4170,59,54,6.76,48.1
2019-09-11,1,1,6,3,4909,37,44,6.79,48.1
2019-09-11,1,1,3,4,3175,3,14,6.78,48.1
2019-09-11,1,1,5,5,3182,23,7,6.82,48.1
2019-09-11,1,1,2,6,3483,20,27,6.86,48.1
2019-09-11,1,2,4,1,4275,47,3,6.85,414.0
2019-09-11,1,2,2,2,3778,40,35,6.8,414.0
2019-09-11,1,2,5,3,4670,2,48,6.81,414.0
2019-09-11,1,2,6,4,4773,17,16,6.82,414.0
2019-09-11,1,2,3,5,3704,44,49,6.83,414.0
2019-09-11,1,2,1,6,3509,6,59,6.79,414.0
2019-09-11,1,3,1,1,3357,30,23,6.77,16.8
2019-09-11,1,3,3,2,4387,15,13,6.87,16.8
2019-09-11,1,3,2,3,3994,14,37,6.83,16.8
2019-09-11,1,3,6,4,3470,54,66,6.8,16.8
2019-09-11,1,3,5,5,4183,65,62,6.89,16.8
2019-09-11,1,3,4,6,3355,7,9,6.9,16.8
2019-09-11,1,4,2,1,3551,4,24,6.77,28.4
2019-09-11,1,4,6,2,4050,64,21,6.76,28.4
2019-09-11,1,4,3,3,3900,49,56,6.86,28.4
2019-09-11,1,4,4,4,3177,35,8,6.81,28.4
2019-09-11,1,4,5,5,5021,31,53,6.83,28.4
2019-09-11,1,4,1,6,5003,58,19,6.81,28.4
2019-09-11,1,5,2,1,3486,24,60,6.88,43.3
2019-09-11,1,5,1,2,3302,48,31,6.86,43.3
2019-09-11,1,5,4,3,4017,56,20,6.89,43.3
2019-09-11,1,5,6,4,4098,22,1,6.86,43.3
2019-09-11,1,5,3,5,3254,33,6,6.89,43.3
2019-09-11,1,5,5,6,4849,38,58,6.85,43.3
2019-09-11,1,6,1,1,3580,62,30,6.82,11.4
2019-09-11,1,6,5,2,4190,52,33,6.89,11.4
2019-09-11,1,6,2,3,3999,57,32,6.85,11.4
2019-09-11,1,6,3,4,4854,1,2,6.9,11.4
2019-09-11,1,6,4,5,4974,55,41,6.82,11.4
2019-09-11,1,6,6,6,3704,44,49,6.81,11.4
2019-09-11,1,7,1,1,4870,27,12,6.83,6.7
2019-09-11,1,7,2,2,4501,50,22,6.8,6.7
2019-09-11,1,7,3,3,4502,66,5,6.89,6.7
2019-09-11,1,7,5,4,4548,45,18,6.9,6.7
2019-09-11,1,7,4,5,3528,29,63,6.89,6.7
2019-09-11,1,7,6,6,3778,40,35,6.85,6.7
2019-09-11,1,8,1,1,3845,51,11,6.89,8.4
2019-09-11,1,8,2,2,3470,54,66,6.86,8.4
2019-09-11,1,8,5,3,4909,37,44,6.79,8.4
2019-09-11,1,8,3,4,3509,6,59,6.85,8.4
2019-09-11,1,8,4,5,3474,26,36,6.83,8.4
2019-09-11,1,8,6,6,5021,31,53,6.8,8.4
2019-09-11,1,9,4,1,3302,48,31,6.87,54.8
2019-09-11,1,9,6,2,4011,16,46,6.85,54.8
2019-09-11,1,9,2,3,4450,8,17,6.78,54.8
2019-09-11,1,9,1,4,3177,35,8,6.81,54.8
2019-09-11,1,9,3,5,4670,2,48,6.91,54.8
2019-09-11,1,9,5,6,3483,20,27,6.85,54.8
2019-09-11,1,10,6,1,3900,49,56,6.83,68.2
2019-09-11,1,10,3,2,4117,41,50,6.76,68.2
2019-09-11,1,10,1,3,4183,65,62,6.84,68.2
2019-09-11,1,10,5,4,3486,24,60,6.89,68.2
2019-09-11,1,10,4,5,3280,13,57,6.91,68.2
2019-09-11,1,10,2,6,4275,47,3,6.92,68.2
2019-09-11,1,11,5,1,4501,50,22,6.88,70.2
2019-09-11,1,11,1,2,4017,56,20,6.89,70.2
2019-09-11,1,11,3,3,3999,57,32,6.81,70.2
2019-09-11,1,11,6,4,3994,14,37,6.81,70.2
2019-09-11,1,11,4,5,4773,17,16,6.84,70.2
2019-09-11,1,11,2,6,3175,3,14,6.84,70.2
2019-09-11,1,12,1,1,4502,66,38,6.81,12.3
2019-09-11,1,12,2,2,4050,64,21,6.85,12.3
2019-09-11,1,12,4,3,4190,52,33,6.78,12.3
2019-09-11,1,12,5,4,3845,51,11,6.83,12.3
2019-09-11,1,12,6,5,4387,15,13,6.92,12.3
2019-09-11,1,12,3,6,4450,8,17,6.75,12.3
2019-09-12,2,1,2,1,3528,29,63,6.74,45.3
2019-09-12,2,1,1,2,3254,33,6,6.82,45.3
2019-09-12,2,1,3,3,3551,4,24,6.85,45.3
2019-09-12,2,1,6,4,3355,7,9,6.92,45.3
2019-09-12,2,1,5,5,3704,44,49,6.78,45.3
2019-09-12,2,1,4,6,4098,22,1,6.78,45.3
2019-09-12,2,3,1,1,4909,37,44,6.72,13.9
2019-09-12,2,3,2,2,3580,62,30,6.83,13.9
2019-09-12,2,3,4,3,4501,50,22,6.8,13.9
2019-09-12,2,3,5,4,4870,27,12,6.79,13.9
2019-09-12,2,3,6,5,4017,56,20,6.78,13.9
2019-09-12,2,3,3,6,5003,58,19,6.8,13.9
2019-09-12,2,4,5,1,4050,64,21,6.82,76.8
2019-09-12,2,4,4,2,4387,15,13,6.82,76.8
2019-09-12,2,4,3,3,3483,20,27,6.77,76.8
2019-09-12,2,4,6,4,4183,65,62,6.81,76.8
2019-09-12,2,4,2,5,4849,38,58,6.74,76.8
2019-09-12,2,4,1,6,4275,47,3,6.8,76.8
2019-09-12,2,5,1,1,3474,26,36,6.69,14.2
2019-09-12,2,5,2,2,3357,30,23,6.77,14.2
2019-09-12,2,5,3,3,3845,51,11,6.72,14.2
2019-09-12,2,5,4,4,3994,14,37,6.71,14.2
2019-09-12,2,5,6,5,3177,35,8,6.74,14.2
2019-09-12,2,5,5,6,3280,13,57,6.77,14.2
2019-09-12,2,6,6,1,4502,66,38,6.77,123.5
2019-09-12,2,6,4,2,3509,6,59,6.76,123.5
2019-09-12,2,6,5,3,3175,3,14,6.82,123.5
2019-09-12,2,6,2,4,3302,48,31,6.8,123.5
2019-09-12,2,6,1,5,4670,2,48,6.79,123.5
2019-09-12,2,6,3,6,4974,55,41,6.81,123.5
2019-09-12,2,7,2,1,3900,49,56,6.76,28.2
2019-09-12,2,7,5,2,4117,41,50,6.75,28.2
2019-09-12,2,7,1,3,4773,17,16,6.76,28.2
2019-09-12,2,7,4,4,3778,40,35,6.78,28.2
2019-09-12,2,7,6,5,4450,8,17,6.78,28.2
2019-09-12,2,7,3,6,4098,22,1,6.79,28.2
2019-09-12,2,8,5,1,3528,29,63,6.78,895.2
2019-09-12,2,8,4,2,3999,57,32,6.78,895.2
2019-09-12,2,8,2,3,4190,52,33,6.75,895.2
2019-09-12,2,8,1,4,4011,16,46,6.8,895.2
2019-09-12,2,8,3,5,4170,59,54,6.8,895.2
2019-09-12,2,8,6,6,5003,58,19,6.75,895.2
2019-09-12,2,9,6,1,4501,50,22,6.78,482.7
2019-09-12,2,9,1,2,3486,24,60,6.74,482.7
2019-09-12,2,9,5,3,4854,1,39,6.84,482.7
2019-09-12,2,9,3,4,4849,38,58,6.91,482.7
2019-09-12,2,9,2,5,3845,51,11,6.81,482.7
2019-09-12,2,9,4,6,3470,54,66,6.75,482.7
2019-09-12,2,10,1,1,4050,64,21,6.77,17.3
2019-09-12,2,10,5,2,3474,26,36,6.77,17.3
2019-09-12,2,10,4,3,3580,62,30,6.79,17.3
2019-09-12,2,10,6,4,4548,45,18,6.77,17.3
2019-09-12,2,10,2,5,3355,7,9,6.91,17.3
2019-09-12,2,10,3,6,3302,48,31,6.84,17.3
2019-09-12,2,11,5,1,4502,66,38,6.78,43.6
2019-09-12,2,11,4,2,4183,65,62,6.86,43.6
2019-09-12,2,11,1,3,4117,41,50,6.77,43.6
2019-09-12,2,11,3,4,4870,27,12,6.73,43.6
2019-09-12,2,11,6,5,3357,30,23,6.9,43.6
2019-09-12,2,11,2,6,3254,33,6,6.89,43.6
2019-09-12,2,12,1,1,4387,15,13,6.82,12.0
2019-09-12,2,12,5,2,3900,49,56,6.84,12.0
2019-09-12,2,12,4,3,4011,16,51,6.83,12.0
2019-09-12,2,12,2,4,4017,56,20,6.88,12.0
2019-09-12,2,12,3,5,3182,23,7,6.88,12.0
2019-09-12,2,12,6,6,3551,4,24,6.81,12.0
2019-09-13,3,1,1,1,3704,44,49,6.72,15.6
2019-09-13,3,1,5,2,3357,30,23,6.8,15.6
2019-09-13,3,1,6,3,3580,62,30,6.76,15.6
2019-09-13,3,1,2,4,3177,35,8,6.77,15.6
2019-09-13,3,1,3,5,4275,47,3,6.81,15.6
2019-09-13,3,1,4,6,5021,31,53,6.75,15.6
2019-09-13,3,2,3,1,3280,13,57,6.8,105.2
2019-09-13,3,2,4,2,3483,20,27,6.79,105.2
2019-09-13,3,2,1,3,3182,23,7,6.8,105.2
2019-09-13,3,2,6,4,3509,6,59,6.8,105.2
2019-09-13,3,2,5,5,3551,4,24,6.8,105.2
2019-09-13,3,2,2,6,4974,55,41,6.79,105.2
2019-09-13,3,3,2,1,4773,17,16,6.72,211.0
2019-09-13,3,3,4,2,4854,1,39,6.81,211.0
2019-09-13,3,3,1,3,3994,14,37,6.71,211.0
2019-09-13,3,3,6,4,3845,51,11,6.88,211.0
2019-09-13,3,3,5,5,3302,48,31,6.75,211.0
2019-09-13,3,3,3,6,4909,37,44,6.79,211.0
2019-09-13,3,4,1,1,3175,3,14,6.84,25.7
2019-09-13,3,4,5,2,3999,57,32,6.86,25.7
2019-09-13,3,4,2,3,4098,22,1,6.88,25.7
2019-09-13,3,4,3,4,3778,40,35,6.86,25.7
2019-09-13,3,4,6,5,3474,26,36,6.94,25.7
2019-09-13,3,4,4,6,4670,2,48,6.83,25.7
2019-09-13,3,5,6,1,3486,24,60,6.89,1097.8
2019-09-13,3,5,4,2,4548,45,18,6.87,1097.8
2019-09-13,3,5,3,3,4190,52,33,6.89,1097.8
2019-09-13,3,5,2,4,4387,15,13,6.85,1097.8
2019-09-13,3,5,5,5,5021,31,53,6.8,1097.8
2019-09-13,3,5,1,6,3470,54,66,6.94,1097.8
2019-09-13,3,6,6,1,4870,27,12,6.83,127.0
2019-09-13,3,6,4,2,3900,49,56,6.87,127.0
2019-09-13,3,6,5,3,3254,33,6,6.88,127.0
2019-09-13,3,6,2,4,4011,16,51,6.88,127.0
2019-09-13,3,6,1,5,3528,29,63,6.82,127.0
2019-09-13,3,6,3,6,3177,35,8,6.86,127.0
2019-09-13,3,7,2,1,4117,41,50,6.8,25.0
2019-09-13,3,7,3,2,4501,50,22,6.86,25.0
2019-09-13,3,7,6,3,3483,20,27,6.84,25.0
2019-09-13,3,7,1,4,4849,38,58,6.85,25.0
2019-09-13,3,7,5,5,4170,59,54,6.83,25.0
2019-09-13,3,7,4,6,5003,58,19,6.85,25.0
2019-09-13,3,8,3,1,3994,14,37,6.94,79.7
2019-09-13,3,8,1,2,4017,56,20,6.83,79.7
2019-09-13,3,8,4,3,4450,8,17,6.77,79.7
2019-09-13,3,8,2,4,4183,65,62,6.81,79.7
2019-09-13,3,8,5,5,3778,40,35,6.91,79.7
2019-09-13,3,8,6,6,4974,55,41,6.85,79.7
2019-09-13,3,9,3,1,3357,30,23,6.89,161.6
2019-09-13,3,9,4,2,3845,51,11,6.87,161.6
2019-09-13,3,9,2,3,4502,66,38,6.87,161.6
2019-09-13,3,9,6,4,3999,57,32,6.84,161.6
2019-09-13,3,9,1,5,3551,4,61,6.77,161.6
2019-09-13,3,9,5,6,3355,7,9,6.91,161.6
2019-09-13,3,10,1,1,3900,49,56,6.82,37.3
2019-09-13,3,10,5,2,4773,17,16,6.74,37.3
2019-09-13,3,10,6,3,4190,52,33,6.84,37.3
2019-09-13,3,10,4,4,3175,3,14,6.82,37.3
2019-09-13,3,10,3,5,4050,64,21,6.79,37.3
2019-09-13,3,10,2,6,3509,6,59,6.8,37.3
2019-09-13,3,11,3,1,3474,26,36,6.76,269.8
2019-09-13,3,11,2,2,3280,13,57,6.86,269.8
2019-09-13,3,11,5,3,4275,47,3,6.93,269.8
2019-09-13,3,11,6,4,3302,48,31,6.85,269.8
2019-09-13,3,11,1,5,4011,16,51,6.81,269.8
2019-09-13,3,11,4,6,3486,24,60,6.84,269.8
2019-09-13,3,12,1,1,4450,8,17,6.79,12.5
2019-09-13,3,12,3,2,3580,62,30,6.81,12.5
2019-09-13,3,12,5,3,3470,54,66,6.87,12.5
2019-09-13,3,12,2,4,4670,2,48,6.85,12.5
2019-09-13,3,12,4,5,4909,37,44,6.77,12.5
2019-09-13,3,12,6,6,4117,41,50,6.91,12.5
2019-09-14,4,1,1,1,4854,1,39,6.77,43.9
2019-09-14,4,1,4,2,3704,44,49,6.8,43.9
2019-09-14,4,1,5,3,4387,15,13,6.74,43.9
2019-09-14,4,1,2,4,4548,45,18,6.81,43.9
2019-09-14,4,1,3,5,3182,23,7,6.87,43.9
2019-09-14,4,1,6,6,3528,29,4,6.86,43.9
2019-09-14,4,2,5,1,3994,14,37,6.83,75.1
2019-09-14,4,2,6,2,3175,3,14,6.8,75.1
2019-09-14,4,2,1,3,4098,22,1,6.78,75.1
2019-09-14,4,2,4,4,3254,33,6,6.84,75.1
2019-09-14,4,2,2,5,5003,58,19,6.77,75.1
2019-09-14,4,2,3,6,3551,4,61,6.75,75.1
2019-09-14,4,3,4,1,4870,27,12,6.73,36.0
2019-09-14,4,3,3,2,4501,50,22,6.84,36.0
2019-09-14,4,3,1,3,3355,7,9,6.75,36.0
2019-09-14,4,3,2,4,4170,59,54,6.75,36.0
2019-09-14,4,3,6,5,3280,13,57,6.8,36.0
2019-09-14,4,3,5,6,3470,54,66,6.8,36.0
2019-09-14,4,6,2,1,4450,8,17,6.67,14.9
2019-09-14,4,6,1,2,4548,45,18,6.79,14.9
2019-09-14,4,6,4,3,4050,64,21,6.75,14.9
2019-09-14,4,6,3,4,4183,65,62,6.77,14.9
2019-09-14,4,6,6,5,4275,47,3,6.81,14.9
2019-09-14,4,6,5,6,3177,35,8,6.73,14.9
2019-09-14,4,7,2,1,3470,54,66,6.77,40.5
2019-09-14,4,7,1,2,3483,20,27,6.75,40.5
2019-09-14,4,7,6,3,4011,16,51,6.78,40.5
2019-09-14,4,7,4,4,3357,30,23,6.86,40.5
2019-09-14,4,7,5,5,3509,6,59,6.82,40.5
2019-09-14,4,7,3,6,3302,48,31,6.86,40.5
2019-09-14,4,8,4,1,4502,66,38,6.76,8.7
2019-09-14,4,8,1,2,4501,50,22,6.85,8.7
2019-09-14,4,8,2,3,4117,41,50,6.88,8.7
2019-09-14,4,8,3,4,3486,24,60,6.87,8.7
2019-09-14,4,8,6,5,4670,2,48,6.8,8.7
2019-09-14,4,8,5,6,4098,22,1,6.83,8.7
2019-09-14,4,9,4,1,3900,49,56,6.77,39.3
2019-09-14,4,9,2,2,3474,26,36,6.76,39.3
2019-09-14,4,9,6,3,4170,59,54,6.78,39.3
2019-09-14,4,9,5,4,4017,56,20,6.93,39.3
2019-09-14,4,9,3,5,3528,29,4,6.91,39.3
2019-09-14,4,9,1,6,4974,55,41,6.87,39.3
2019-09-14,4,10,1,1,4190,52,33,6.83,10.8
2019-09-14,4,10,2,2,4870,27,12,6.83,10.8
2019-09-14,4,10,4,3,4183,65,62,6.88,10.8
2019-09-14,4,10,3,4,3845,51,11,6.83,10.8
2019-09-14,4,10,5,5,5003,58,19,6.86,10.8
2019-09-14,4,10,6,6,4849,38,58,6.81,10.8
2019-09-14,4,11,1,1,4387,15,13,6.8,4.7
2019-09-14,4,11,2,2,4050,64,21,6.75,4.7
2019-09-14,4,11,4,3,3580,62,30,6.81,4.7
2019-09-14,4,11,5,4,4011,16,51,6.8,4.7
2019-09-14,4,11,6,5,3254,33,6,6.86,4.7
2019-09-14,4,11,3,6,3355,7,9,6.85,4.7
2019-09-14,4,12,1,1,4502,66,38,6.72,7.2
2019-09-14,4,12,5,2,4450,8,17,6.75,7.2
2019-09-14,4,12,2,3,3999,57,32,6.79,7.2
2019-09-14,4,12,4,4,3994,14,37,6.83,7.2
2019-09-14,4,12,3,5,4909,37,44,6.79,7.2
2019-09-14,4,12,6,6,3182,23,7,6.83,7.2
2019-09-15,5,1,1,1,4773,17,16,6.72,44.4
2019-09-15,5,1,5,2,3355,7,9,6.83,44.4
2019-09-15,5,1,4,3,3280,13,57,6.83,44.4
2019-09-15,5,1,2,4,5003,58,19,6.81,44.4
2019-09-15,5,1,6,5,3509,6,59,6.79,44.4
2019-09-15,5,1,3,6,4670,2,26,6.81,44.4
2019-09-15,5,2,1,1,4170,59,54,6.69,23.6
2019-09-15,5,2,3,2,3177,35,8,6.75,23.6
2019-09-15,5,2,4,3,3483,20,27,6.83,23.6
2019-09-15,5,2,5,4,4849,38,58,6.87,23.6
2019-09-15,5,2,2,5,3704,44,49,6.73,23.6
2019-09-15,5,2,6,6,5021,31,53,6.78,23.6
2019-09-15,5,3,3,1,3994,14,37,6.67,12.7
2019-09-15,5,3,1,2,3254,33,6,6.73,12.7
2019-09-15,5,3,6,3,4501,50,22,6.74,12.7
2019-09-15,5,3,5,4,4974,55,41,6.74,12.7
2019-09-15,5,3,4,5,4275,47,3,6.78,12.7
2019-09-15,5,3,2,6,4548,45,18,6.74,12.7
2019-09-15,5,4,2,1,3486,24,60,6.81,56.5
2019-09-15,5,4,1,2,4909,37,44,6.75,56.5
2019-09-15,5,4,5,3,4387,15,13,6.84,56.5
2019-09-15,5,4,6,4,3470,54,66,6.87,56.5
2019-09-15,5,4,4,5,4190,52,33,6.82,56.5
2019-09-15,5,4,3,6,3551,4,61,6.76,56.5
2019-09-15,5,5,3,1,4050,64,21,6.76,22.9
2019-09-15,5,5,4,2,4502,66,38,6.85,22.9
2019-09-15,5,5,1,3,4117,41,50,6.82,22.9
2019-09-15,5,5,5,4,4870,27,12,6.83,22.9
2019-09-15,5,5,6,5,3528,29,4,6.79,22.9
2019-09-15,5,5,2,6,4854,1,39,6.8,22.9
2019-09-15,5,6,3,1,4098,22,15,6.82,233.2
2019-09-15,5,6,2,2,3999,57,32,6.77,233.2
2019-09-15,5,6,4,3,3580,62,30,6.84,233.2
2019-09-15,5,6,6,4,3302,48,31,6.85,233.2
2019-09-15,5,6,5,5,3900,49,56,6.81,233.2
2019-09-15,5,6,1,6,3483,20,27,6.79,233.2
2019-09-15,5,7,1,1,4450,8,17,6.74,7.6
2019-09-15,5,7,2,2,3175,3,14,6.74,7.6
2019-09-15,5,7,4,3,3357,30,23,6.81,7.6
2019-09-15,5,7,6,4,3474,26,36,6.81,7.6
2019-09-15,5,7,3,5,3704,44,49,6.77,7.6
2019-09-15,5,7,5,6,4017,56,20,6.85,7.6
2019-09-15,5,8,1,1,3845,51,11,6.79,6.2
2019-09-15,5,8,4,2,4183,65,62,6.81,6.2
2019-09-15,5,8,2,3,4011,16,51,6.8,6.2
2019-09-15,5,8,5,4,4548,45,18,6.81,6.2
2019-09-15,5,8,6,5,3778,40,35,6.8,6.2
2019-09-15,5,8,3,6,3182,23,7,6.8,6.2
2019-09-15,5,9,1,1,4501,50,22,6.77,30.6
2019-09-15,5,9,3,2,4190,52,33,6.79,30.6
2019-09-15,5,9,5,3,3486,24,60,6.82,30.6
2019-09-15,5,9,6,4,4773,17,16,6.82,30.6
2019-09-15,5,9,4,5,4117,41,50,6.81,30.6
2019-09-15,5,9,2,6,4870,27,12,6.75,30.6
2019-09-15,5,10,6,1,4909,37,44,6.76,843.7
2019-09-15,5,10,1,2,3900,49,56,6.79,843.7
2019-09-15,5,10,3,3,3580,62,30,6.87,843.7
2019-09-15,5,10,2,4,4050,64,21,6.82,843.7
2019-09-15,5,10,5,5,4854,1,39,6.81,843.7
2019-09-15,5,10,4,6,3994,14,37,6.81,843.7
2019-09-15,5,11,4,1,4450,8,17,6.76,44.3
2019-09-15,5,11,1,2,4502,66,38,6.76,44.3
2019-09-15,5,11,5,3,3999,57,32,6.79,44.3
2019-09-15,5,11,6,4,3845,51,11,6.85,44.3
2019-09-15,5,11,3,5,3357,30,23,6.79,44.3
2019-09-15,5,11,2,6,4387,15,13,6.83,44.3
2019-09-15,5,12,1,1,4183,65,62,6.75,13.9
2019-09-15,5,12,3,2,3280,13,57,6.87,13.9
2019-09-15,5,12,4,3,3470,54,66,6.74,13.9
2019-09-15,5,12,5,4,3177,35,8,6.77,13.9
2019-09-15,5,12,2,5,4017,56,20,6.78,13.9
2019-09-15,5,12,6,6,3551,4,61,6.77,13.9
2019-09-16,6,1,4,1,4170,59,54,6.75,38.0
2019-09-16,6,1,2,2,4098,22,15,6.82,38.0
2019-09-16,6,1,5,3,3175,3,14,6.81,38.0
2019-09-16,6,1,3,4,5003,58,19,6.85,38.0
2019-09-16,6,1,6,5,3483,20,27,6.81,38.0
2019-09-16,6,1,1,6,3528,29,4,6.78,38.0
2019-09-16,6,2,1,1,3509,6,59,6.75,33.2
2019-09-16,6,2,4,2,4974,55,41,6.79,33.2
2019-09-16,6,2,2,3,3355,7,9,6.85,33.2
2019-09-16,6,2,3,4,4849,38,58,6.78,33.2
2019-09-16,6,2,6,5,3254,33,6,6.94,33.2
2019-09-16,6,2,5,6,5021,31,53,6.76,33.2
2019-09-16,6,3,2,1,4275,47,3,6.8,357.5
2019-09-16,6,3,6,2,3580,62,30,6.81,357.5
2019-09-16,6,3,3,3,3357,30,23,6.82,357.5
2019-09-16,6,3,1,4,3551,4,61,6.74,357.5
2019-09-16,6,3,5,5,4011,16,51,6.83,357.5
2019-09-16,6,3,4,6,3704,44,49,6.79,357.5
2019-09-16,6,4,5,1,4870,27,12,6.74,32.0
2019-09-16,6,4,1,2,3994,14,37,6.78,32.0
2019-09-16,6,4,4,3,4773,17,16,6.78,32.0
2019-09-16,6,4,3,4,4017,56,20,6.87,32.0
2019-09-16,6,4,2,5,3182,23,7,6.81,32.0
2019-09-16,6,4,6,6,3778,40,35,6.8,32.0
2019-09-16,6,5,1,1,3470,54,66,6.79,73.2
2019-09-16,6,5,2,2,3177,35,8,6.74,73.2
2019-09-16,6,5,6,3,4170,59,54,6.77,73.2
2019-09-16,6,5,3,4,4854,1,39,6.8,73.2
2019-09-16,6,5,4,5,3302,48,31,6.88,73.2
2019-09-16,6,5,5,6,3486,24,60,6.83,73.2
2019-09-16,6,6,5,1,4098,22,15,6.75,139.3
2019-09-16,6,6,2,2,3845,51,11,6.78,139.3
2019-09-16,6,6,6,3,3999,57,32,6.76,139.3
2019-09-16,6,6,1,4,3280,13,57,6.82,139.3
2019-09-16,6,6,3,5,4548,45,18,6.83,139.3
2019-09-16,6,6,4,6,3509,6,59,6.77,139.3
2019-09-16,6,7,1,1,4117,41,28,6.76,17.1
2019-09-16,6,7,2,2,4974,55,41,6.8,17.1
2019-09-16,6,7,3,3,3355,7,9,6.84,17.1
2019-09-16,6,7,5,4,5003,58,19,6.83,17.1
2019-09-16,6,7,4,5,3528,29,4,6.85,17.1
2019-09-16,6,7,6,6,4183,65,62,6.79,17.1
2019-09-16,6,8,1,1,4050,64,21,6.75,3.8
2019-09-16,6,8,2,2,4387,15,13,6.77,3.8
2019-09-16,6,8,4,3,4017,56,20,6.83,3.8
2019-09-16,6,8,3,4,3254,33,6,6.87,3.8
2019-09-16,6,8,5,5,4275,47,3,6.77,3.8
2019-09-16,6,8,6,6,5021,31,53,6.79,3.8
2019-09-16,6,9,1,1,3302,48,31,6.79,7.0
2019-09-16,6,9,3,2,4011,16,51,6.8,7.0
2019-09-16,6,9,4,3,3175,3,14,6.77,7.0
2019-09-16,6,9,6,4,3474,26,36,6.8,7.0
2019-09-16,6,9,5,5,3182,23,7,6.82,7.0
2019-09-16,6,9,2,6,4849,38,58,6.82,7.0
2019-09-16,6,10,2,1,3486,24,60,6.79,31.5
2019-09-16,6,10,1,2,3580,62,30,6.82,31.5
2019-09-16,6,10,5,3,4117,41,28,6.79,31.5
2019-09-16,6,10,3,4,3845,51,11,6.82,31.5
2019-09-16,6,10,6,5,3994,14,37,6.77,31.5
2019-09-16,6,10,4,6,3357,30,23,6.8,31.5
2019-09-16,6,11,1,1,3999,57,32,6.79,18.1
2019-09-16,6,11,5,2,4387,15,13,6.74,18.1
2019-09-16,6,11,2,3,4050,64,21,6.78,18.1
2019-09-16,6,11,3,4,4773,17,16,6.77,18.1
2019-09-16,6,11,4,5,4854,1,39,6.77,18.1
2019-09-16,6,11,6,6,3280,13,57,6.83,18.1
2019-09-16,6,12,5,1,3900,49,56,6.74,132.1
2019-09-16,6,12,4,2,4502,66,38,6.8,132.1
2019-09-16,6,12,6,3,4190,52,33,6.8,132.1
2019-09-16,6,12,3,4,4909,37,44,6.71,132.1
2019-09-16,6,12,2,5,4450,8,17,6.69,132.1
2019-09-16,6,12,1,6,4501,50,22,6.71,132.1
2019-09-25,1,1,2,1,4518,40,54,6.77,42.7
2019-09-25,1,1,6,2,3944,55,36,6.88,42.7
2019-09-25,1,1,1,3,3054,47,57,6.81,42.7
2019-09-25,1,1,5,4,5054,59,49,6.8,42.7
2019-09-25,1,1,3,5,4529,34,16,6.81,42.7
2019-09-25,1,1,4,6,3789,5,35,6.88,42.7
2019-09-25,1,2,4,1,4380,60,61,6.85,41.1
2019-09-25,1,2,5,2,4652,12,64,6.82,41.1
2019-09-25,1,2,1,3,4034,11,45,6.85,41.1
2019-09-25,1,2,6,4,4194,18,6,7.04,41.1
2019-09-25,1,2,2,5,4355,7,52,6.82,41.1
2019-09-25,1,2,3,6,3879,63,14,6.94,41.1
2019-09-25,1,3,5,1,3534,41,24,6.8,40.6
2019-09-25,1,3,4,2,4012,30,3,6.83,40.6
2019-09-25,1,3,6,3,3497,20,10,6.85,40.6
2019-09-25,1,3,2,4,4592,8,53,6.79,40.6
2019-09-25,1,3,1,5,4684,52,40,6.89,40.6
2019-09-25,1,3,3,6,3870,39,15,6.8,40.6
2019-09-25,1,4,3,1,4415,35,63,6.69,14.6
2019-09-25,1,4,5,2,3919,17,8,6.86,14.6
2019-09-25,1,4,6,3,3702,48,9,6.89,14.6
2019-09-25,1,4,1,4,4248,38,1,6.77,14.6
2019-09-25,1,4,4,5,5036,64,28,6.81,14.6
2019-09-25,1,4,2,6,4221,36,4,6.84,14.6
2019-09-25,1,5,1,1,3455,31,59,6.77,17.2
2019-09-25,1,5,4,2,3568,28,48,6.85,17.2
2019-09-25,1,5,5,3,4213,2,12,6.83,17.2
2019-09-25,1,5,3,4,3955,6,19,6.93,17.2
2019-09-25,1,5,2,5,4756,23,43,6.91,17.2
2019-09-25,1,5,6,6,5073,58,13,6.78,17.2
2019-09-25,1,7,2,1,4497,22,7,6.77,187.1
2019-09-25,1,7,4,2,4194,18,6,7.0,187.1
2019-09-25,1,7,1,3,4411,1,5,6.75,187.1
2019-09-25,1,7,6,4,4592,8,53,6.78,187.1
2019-09-25,1,7,3,5,3054,47,57,6.83,187.1
2019-09-25,1,7,5,6,4330,21,46,6.84,187.1
2019-09-25,1,8,1,1,3158,43,11,6.78,3.2
2019-09-25,1,8,2,2,4008,44,47,6.69,3.2
2019-09-25,1,8,4,3,4199,24,30,6.8,3.2
2019-09-25,1,8,3,4,3465,56,25,6.8,3.2
2019-09-25,1,8,5,5,3879,63,14,6.88,3.2
2019-09-25,1,8,6,6,5036,64,28,6.78,3.2
2019-09-25,1,9,1,1,4012,30,3,6.9,110.6
2019-09-25,1,9,6,2,4529,34,16,6.82,110.6
2019-09-25,1,9,4,3,4652,12,64,6.76,110.6
2019-09-25,1,9,2,4,3702,48,9,6.84,110.6
2019-09-25,1,9,5,5,4144,10,23,6.78,110.6
2019-09-25,1,9,3,6,4111,19,34,6.85,110.6
2019-09-25,1,10,3,1,4518,40,54,6.71,100.2
2019-09-25,1,10,4,2,3769,49,58,6.79,100.2
2019-09-25,1,10,1,3,3955,6,19,6.78,100.2
2019-09-25,1,10,2,4,4703,9,26,6.74,100.2
2019-09-25,1,10,6,5,3870,39,15,6.87,100.2
2019-09-25,1,10,5,6,4355,7,52,6.84,100.2
2019-09-25,1,11,5,1,3944,55,36,6.82,134.5
2019-09-25,1,11,1,2,4330,21,46,6.73,134.5
2019-09-25,1,11,4,3,3455,31,59,6.74,134.5
2019-09-25,1,11,3,4,3919,17,8,6.83,134.5
2019-09-25,1,11,6,5,4380,60,61,6.78,134.5
2019-09-25,1,11,2,6,3497,20,10,6.76,134.5
2019-09-25,1,12,1,1,3568,28,48,6.8,73.6
2019-09-25,1,12,6,2,4415,35,63,6.67,73.6
2019-09-25,1,12,4,3,3534,41,24,6.79,73.6
2019-09-25,1,12,5,4,4497,22,7,6.76,73.6
2019-09-25,1,12,2,5,3613,14,2,6.8,73.6
2019-09-25,1,12,3,6,3158,43,11,6.81,73.6
2019-09-26,2,2,1,1,4221,36,4,6.83,9.1
2019-09-26,2,2,2,2,4213,2,12,6.74,9.1
2019-09-26,2,2,3,3,4592,8,53,6.74,9.1
2019-09-26,2,2,4,4,4756,23,43,6.77,9.1
2019-09-26,2,2,6,5,3789,5,35,6.83,9.1
2019-09-26,2,2,5,6,5036,64,28,6.79,9.1
2019-09-26,2,3,1,1,3879,63,14,6.67,99.6
2019-09-26,2,3,5,2,3955,6,41,6.74,99.6
2019-09-26,2,3,2,3,4194,18,6,6.82,99.6
2019-09-26,2,3,4,4,4411,1,5,6.74,99.6
2019-09-26,2,3,3,5,4684,52,40,6.74,99.6
2019-09-26,2,3,6,6,4144,10,23,6.72,99.6
2019-09-26,2,4,4,1,3054,47,57,6.76,171.0
2019-09-26,2,4,6,2,3455,31,59,6.73,171.0
2019-09-26,2,4,3,3,4012,30,3,6.79,171.0
2019-09-26,2,4,2,4,3928,61,65,6.81,171.0
2019-09-26,2,4,5,5,3568,28,48,6.74,171.0
2019-09-26,2,4,1,6,4652,12,64,6.72,171.0
2019-09-26,2,5,1,1,4008,44,47,6.74,36.4
2019-09-26,2,5,2,2,4529,34,16,6.78,36.4
2019-09-26,2,5,3,3,4497,22,7,6.7,36.4
2019-09-26,2,5,5,4,4518,40,54,6.62,36.4
2019-09-26,2,5,6,5,4355,7,52,6.79,36.4
2019-09-26,2,5,4,6,4415,35,63,6.62,36.4
2019-09-26,2,6,3,1,4330,21,46,6.7,31.4
2019-09-26,2,6,1,2,4380,60,61,6.69,31.4
2019-09-26,2,6,4,3,3870,39,15,6.81,31.4
2019-09-26,2,6,2,4,4199,24,30,6.81,31.4
2019-09-26,2,6,5,5,4111,19,34,6.78,31.4
2019-09-26,2,6,6,6,5054,59,49,6.71,31.4
2019-09-26,2,7,2,1,3534,41,24,6.8,17.0
2019-09-26,2,7,1,2,3944,55,36,6.74,17.0
2019-09-26,2,7,6,3,3769,49,58,6.81,17.0
2019-09-26,2,7,3,4,3789,5,35,6.87,17.0
2019-09-26,2,7,5,5,3158,43,11,6.81,17.0
2019-09-26,2,7,4,6,3044,46,29,6.86,17.0
2019-09-26,2,8,1,1,4703,9,26,6.76,20.9
2019-09-26,2,8,3,2,4411,1,5,6.77,20.9
2019-09-26,2,8,4,3,3613,14,2,6.79,20.9
2019-09-26,2,8,2,4,3455,31,59,6.67,20.9
2019-09-26,2,8,6,5,5073,58,21,6.78,20.9
2019-09-26,2,8,5,6,4221,36,4,6.8,20.9
2019-09-26,2,9,1,1,3919,17,8,6.74,28.7
2019-09-26,2,9,6,2,3663,26,55,6.89,28.7
2019-09-26,2,9,4,3,4144,10,23,6.73,28.7
2019-09-26,2,9,2,4,3465,56,25,6.85,28.7
2019-09-26,2,9,3,5,4756,23,43,6.77,28.7
2019-09-26,2,9,5,6,3928,61,65,6.87,28.7
2019-09-26,2,10,1,1,4415,35,63,6.71,9.5
2019-09-26,2,10,3,2,3497,20,10,6.77,9.5
2019-09-26,2,10,2,3,4330,21,46,6.73,9.5
2019-09-26,2,10,6,4,4213,2,12,6.77,9.5
2019-09-26,2,10,5,5,3054,47,57,6.84,9.5
2019-09-26,2,10,4,6,4034,11,45,6.78,9.5
2019-09-26,2,12,1,1,4497,22,7,6.7,64.5
2019-09-26,2,12,6,2,4199,24,30,6.8,64.5
2019-09-26,2,12,4,3,3955,6,41,6.85,64.5
2019-09-26,2,12,3,4,4703,9,26,6.76,64.5
2019-09-26,2,12,5,5,3702,48,9,6.84,64.5
2019-09-26,2,12,2,6,4012,30,3,6.84,64.5
2019-09-27,3,1,1,1,4111,19,34,6.74,10.2
2019-09-27,3,1,2,2,3870,39,15,6.78,10.2
2019-09-27,3,1,4,3,4518,40,54,6.66,10.2
2019-09-27,3,1,5,4,4684,52,40,6.84,10.2
2019-09-27,3,1,3,5,4221,36,4,6.87,10.2
2019-09-27,3,1,6,6,3465,56,25,6.81,10.2
2019-09-27,3,2,1,1,4529,34,16,6.72,7.5
2019-09-27,3,2,2,2,3044,46,29,6.83,7.5
2019-09-27,3,2,4,3,3879,63,14,6.74,7.5
2019-09-27,3,2,3,4,4355,7,52,6.77,7.5
2019-09-27,3,2,5,5,5036,64,28,6.81,7.5
2019-09-27,3,2,6,6,3928,61,65,6.71,7.5
2019-09-27,3,3,1,1,4756,23,43,6.76,77.1
2019-09-27,3,3,5,2,4411,1,5,6.86,77.1
2019-09-27,3,3,3,3,3702,48,9,6.75,77.1
2019-09-27,3,3,6,4,3663,26,55,6.76,77.1
2019-09-27,3,3,4,5,3568,28,48,6.83,77.1
2019-09-27,3,3,2,6,4652,12,64,6.75,77.1
2019-09-27,3,4,3,1,3054,47,57,6.78,181.6
2019-09-27,3,4,2,2,3789,5,35,6.82,181.6
2019-09-27,3,4,5,3,4592,8,53,6.81,181.6
2019-09-27,3,4,4,4,3919,17,8,6.82,181.6
2019-09-27,3,4,1,5,4194,18,6,6.88,181.6
2019-09-27,3,4,6,6,4144,10,23,6.72,181.6
2019-09-27,3,5,3,1,3534,41,24,6.83,21.1
2019-09-27,3,5,1,2,4199,24,30,6.72,21.1
2019-09-27,3,5,5,3,4012,30,3,6.79,21.1
2019-09-27,3,5,4,4,3497,20,10,6.74,21.1
2019-09-27,3,5,2,5,4380,60,61,6.75,21.1
2019-09-27,3,5,6,6,5073,58,21,6.79,21.1
2019-09-27,3,6,2,1,4008,44,47,6.83,14.0
2019-09-27,3,6,3,2,4703,9,26,6.82,14.0
2019-09-27,3,6,4,3,3944,55,36,6.9,14.0
2019-09-27,3,6,6,4,3769,49,58,6.88,14.0
2019-09-27,3,6,5,5,4034,11,45,6.89,14.0
2019-09-27,3,6,1,6,4355,7,52,6.83,14.0
2019-09-27,3,7,2,1,3158,43,11,6.8,27.5
2019-09-27,3,7,3,2,3613,14,2,6.92,27.5
2019-09-27,3,7,5,3,3663,26,55,6.88,27.5
2019-09-27,3,7,4,4,4213,2,12,6.84,27.5
2019-09-27,3,7,1,5,3870,39,15,6.87,27.5
2019-09-27,3,7,6,6,5036,64,28,6.84,27.5
2019-09-27,3,8,4,1,4415,35,63,6.71,11.8
2019-09-27,3,8,1,2,4330,21,46,6.77,11.8
2019-09-27,3,8,5,3,4529,34,16,6.85,11.8
2019-09-27,3,8,6,4,4652,12,64,6.78,11.8
2019-09-27,3,8,3,5,4194,18,6,7.02,11.8
2019-09-27,3,8,2,6,4111,19,34,6.81,11.8
2019-09-27,3,9,4,1,4497,22,7,6.83,38.8
2019-09-27,3,9,5,2,4380,60,61,6.87,38.8
2019-09-27,3,9,2,3,3955,6,41,6.85,38.8
2019-09-27,3,9,3,4,3568,28,48,6.9,38.8
2019-09-27,3,9,1,5,4592,8,53,6.79,38.8
2019-09-27,3,9,6,6,5054,59,49,6.82,38.8
2019-09-27,3,10,1,1,3534,41,24,6.79,5.7
2019-09-27,3,10,3,2,3944,55,36,6.85,5.7
2019-09-27,3,10,2,3,3455,31,59,6.68,5.7
2019-09-27,3,10,4,4,3702,48,9,6.82,5.7
2019-09-27,3,10,6,5,3879,63,14,6.83,5.7
2019-09-27,3,10,5,6,4144,10,23,6.75,5.7
2019-09-27,3,11,3,1,3928,61,65,6.82,737.5
2019-09-27,3,11,2,2,3054,47,57,6.76,737.5
2019-09-27,3,11,4,3,3158,43,11,6.86,737.5
2019-09-27,3,11,5,4,3497,20,10,6.88,737.5
2019-09-27,3,11,6,5,4518,40,54,6.68,737.5
2019-09-27,3,11,1,6,4703,9,26,6.82,737.5
2019-09-27,3,12,5,1,4008,44,47,6.74,124.9
2019-09-27,3,12,1,2,3613,14,2,6.85,124.9
2019-09-27,3,12,3,3,4199,24,30,6.85,124.9
2019-09-27,3,12,6,4,4221,36,4,6.84,124.9
2019-09-27,3,12,2,5,3919,17,8,6.82,124.9
2019-09-27,3,12,4,6,4330,21,46,6.76,124.9
2019-09-28,4,1,1,1,3497,20,10,6.68,10.5
2019-09-28,4,1,3,2,4012,30,3,6.77,10.5
2019-09-28,4,1,6,3,4411,1,5,6.82,10.5
2019-09-28,4,1,4,4,4529,34,16,6.81,10.5
2019-09-28,4,1,5,5,3465,56,25,6.86,10.5
2019-09-28,4,1,2,6,4684,52,40,6.78,10.5
2019-09-28,4,2,1,1,3789,5,35,6.76,27.6
2019-09-28,4,2,3,2,3044,46,29,6.9,27.6
2019-09-28,4,2,2,3,4034,11,45,6.71,27.6
2019-09-28,4,2,5,4,4194,18,6,6.86,27.6
2019-09-28,4,2,4,5,4221,36,4,6.86,27.6
2019-09-28,4,2,6,6,4756,23,43,6.76,27.6
2019-09-28,4,3,1,1,4518,40,54,6.7,10.9
2019-09-28,4,3,2,2,3944,55,36,6.73,10.9
2019-09-28,4,3,3,3,3158,43,11,6.71,10.9
2019-09-28,4,3,4,4,3919,17,8,6.76,10.9
2019-09-28,4,3,6,5,5073,58,21,6.76,10.9
2019-09-28,4,3,5,6,5036,64,28,6.77,10.9
2019-09-28,4,5,4,1,4008,44,47,6.78,25.5
2019-09-28,4,5,3,2,3613,14,2,6.78,25.5
2019-09-28,4,5,1,3,3054,47,57,6.73,25.5
2019-09-28,4,5,5,4,3870,39,15,6.81,25.5
2019-09-28,4,5,6,5,4684,52,40,6.82,25.5
2019-09-28,4,5,2,6,3879,63,14,6.77,25.5
2019-09-28,4,6,5,1,4703,9,26,6.79,117.8
2019-09-28,4,6,2,2,4199,24,30,6.84,117.8
2019-09-28,4,6,3,3,4652,12,64,6.76,117.8
2019-09-28,4,6,1,4,3928,61,65,6.74,117.8
2019-09-28,4,6,4,5,4111,19,34,6.84,117.8
2019-09-28,4,6,6,6,4034,11,45,6.78,117.8
2019-09-28,4,7,2,1,4415,35,63,6.77,95.8
2019-09-28,4,7,6,2,3663,26,55,6.81,95.8
2019-09-28,4,7,1,3,3465,56,25,6.87,95.8
2019-09-28,4,7,4,4,4592,8,53,6.75,95.8
2019-09-28,4,7,5,5,5073,58,21,6.78,95.8
2019-09-28,4,7,3,6,4497,22,7,6.78,95.8
2019-09-28,4,8,1,1,3568,28,48,6.8,16.2
2019-09-28,4,8,2,2,3702,48,9,6.76,16.2
2019-09-28,4,8,3,3,4380,60,61,6.84,16.2
2019-09-28,4,8,4,4,3534,41,24,6.82,16.2
2019-09-28,4,8,6,5,5036,64,28,6.85,16.2
2019-09-28,4,8,5,6,3789,5,35,6.82,16.2
2019-09-28,4,9,1,1,3158,43,11,6.76,14.5
2019-09-28,4,9,2,2,4411,1,5,6.83,14.5
2019-09-28,4,9,6,3,3769,49,58,6.79,14.5
2019-09-28,4,9,3,4,4213,2,37,6.84,14.5
2019-09-28,4,9,4,5,4330,21,46,6.78,14.5
2019-09-28,4,9,5,6,3044,46,29,6.92,14.5
2019-09-28,4,10,3,1,4518,40,54,6.72,45.6
2019-09-28,4,10,1,2,3613,14,2,6.79,45.6
2019-09-28,4,10,4,3,4144,10,23,6.75,45.6
2019-09-28,4,10,2,4,4111,19,34,6.89,45.6
2019-09-28,4,10,6,5,4012,30,3,6.84,45.6
2019-09-28,4,10,5,6,4756,23,43,6.81,45.6
2019-09-28,4,11,1,1,4415,35,63,6.62,18.9
2019-09-28,4,11,5,2,4199,24,30,6.9,18.9
2019-09-28,4,11,2,3,3497,20,10,6.82,18.9
2019-09-28,4,11,4,4,3944,55,36,6.79,18.9
2019-09-28,4,11,6,5,3955,6,41,6.84,18.9
2019-09-28,4,11,3,6,4194,18,6,6.98,18.9
2019-09-28,4,12,3,1,4529,34,16,6.78,97.8
2019-09-28,4,12,1,2,4497,22,17,6.75,97.8
2019-09-28,4,12,4,3,4703,9,26,6.82,97.8
2019-09-28,4,12,6,4,4008,44,47,6.84,97.8
2019-09-28,4,12,2,5,3919,17,8,6.79,97.8
2019-09-28,4,12,5,6,3455,31,62,6.78,97.8
2019-09-29,5,1,1,1,3955,6,41,6.78,31.7
2019-09-29,5,1,4,2,4592,8,53,6.73,31.7
2019-09-29,5,1,6,3,3465,56,25,6.87,31.7
2019-09-29,5,1,3,4,3044,46,29,6.81,31.7
2019-09-29,5,1,5,5,5036,64,28,6.86,31.7
2019-09-29,5,1,2,6,4355,7,52,6.74,31.7
2019-09-29,5,2,1,1,4034,11,45,6.76,25.4
2019-09-29,5,2,5,2,4213,2,37,6.78,25.4
2019-09-29,5,2,2,3,4684,52,40,6.79,25.4
2019-09-29,5,2,6,4,5073,58,21,6.77,25.4
2019-09-29,5,2,4,5,4194,18,6,6.96,25.4
2019-09-29,5,2,3,6,3870,39,15,6.78,25.4
2019-09-29,5,3,1,1,3928,61,65,6.75,27.2
2019-09-29,5,3,3,2,4411,1,5,6.79,27.2
2019-09-29,5,3,5,3,4415,35,63,6.74,27.2
2019-09-29,5,3,4,4,3613,14,2,6.82,27.2
2019-09-29,5,3,6,5,3455,31,62,6.82,27.2
2019-09-29,5,3,2,6,4221,36,4,6.85,27.2
2019-09-29,5,4,1,1,4012,30,3,6.83,34.0
2019-09-29,5,4,2,2,4380,60,61,6.83,34.0
2019-09-29,5,4,3,3,4497,22,17,6.8,34.0
2019-09-29,5,4,5,4,4008,44,47,6.76,34.0
2019-09-29,5,4,4,5,3944,55,36,6.82,34.0
2019-09-29,5,4,6,6,4111,19,34,6.86,34.0
2019-09-29,5,5,1,1,4199,24,30,6.79,58.6
2019-09-29,5,5,4,2,4652,12,64,6.82,58.6
2019-09-29,5,5,3,3,4330,21,46,6.75,58.6
2019-09-29,5,5,5,4,4518,40,54,6.69,58.6
2019-09-29,5,5,6,5,5036,64,28,6.79,58.6
2019-09-29,5,5,2,6,3568,28,48,6.81,58.6
2019-09-29,5,6,1,1,3919,17,8,6.8,10.8
2019-09-29,5,6,5,2,3534,41,24,6.86,10.8
2019-09-29,5,6,2,3,3054,47,57,6.73,10.8
2019-09-29,5,6,6,4,3663,26,55,6.83,10.8
2019-09-29,5,6,3,5,3789,5,35,6.82,10.8
2019-09-29,5,6,4,6,4529,34,16,6.87,10.8
2019-09-29,5,7,1,1,3702,48,9,6.88,51.5
2019-09-29,5,7,3,2,3879,63,14,6.89,51.5
2019-09-29,5,7,6,3,3769,49,58,6.85,51.5
2019-09-29,5,7,4,4,4355,7,52,6.82,51.5
2019-09-29,5,7,2,5,3158,43,11,6.81,51.5
2019-09-29,5,7,5,6,4144,10,23,6.84,51.5
2019-09-29,5,8,4,1,3455,31,62,6.8,102.6
2019-09-29,5,8,1,2,4703,9,26,6.8,102.6
2019-09-29,5,8,5,3,3870,39,15,6.91,102.6
2019-09-29,5,8,2,4,3497,20,10,6.77,102.6
2019-09-29,5,8,3,5,4756,23,43,6.78,102.6
2019-09-29,5,8,6,6,5054,59,49,6.73,102.6
2019-09-29,5,10,1,1,4008,44,47,6.75,15.9
2019-09-29,5,10,2,2,4518,40,54,6.64,15.9
2019-09-29,5,10,3,3,3613,14,2,6.83,15.9
2019-09-29,5,10,4,4,4411,1,5,6.92,15.9
2019-09-29,5,10,5,5,3054,47,57,6.81,15.9
2019-09-29,5,10,6,6,3919,17,8,6.83,15.9
2019-09-29,5,12,1,1,3497,20,10,6.81,45.3
2019-09-29,5,12,4,2,3928,61,65,6.77,45.3
2019-09-29,5,12,6,3,4144,10,23,6.81,45.3
2019-09-29,5,12,5,4,4330,21,46,6.8,45.3
2019-09-29,5,12,3,5,4111,19,34,6.86,45.3
2019-09-29,5,12,2,6,3044,46,29,6.91,45.3
2019-09-30,6,1,1,1,4111,19,34,6.79,13.6
2019-09-30,6,1,3,2,4756,23,43,6.78,13.6
2019-09-30,6,1,4,3,4034,11,45,6.78,13.6
2019-09-30,6,1,2,4,4592,8,53,6.77,13.6
2019-09-30,6,1,5,5,3879,63,14,6.76,13.6
2019-09-30,6,1,6,6,5073,58,21,6.81,13.6
2019-09-30,6,2,1,1,3465,56,25,6.83,26.2
2019-09-30,6,2,4,2,4652,12,64,6.83,26.2
2019-09-30,6,2,3,3,4684,52,40,6.84,26.2
2019-09-30,6,2,5,4,4355,7,52,6.81,26.2
2019-09-30,6,2,2,5,3870,39,15,6.86,26.2
2019-09-30,6,2,6,6,5036,64,28,6.81,26.2
2019-09-30,6,3,1,1,4411,1,5,6.81,8.6
2019-09-30,6,3,3,2,4012,30,51,6.82,8.6
2019-09-30,6,3,6,3,3568,28,48,6.88,8.6
2019-09-30,6,3,4,4,4529,34,16,6.79,8.6
2019-09-30,6,3,2,5,3789,5,35,6.81,8.6
2019-09-30,6,3,5,6,4144,10,23,6.8,8.6
2019-09-30,6,4,1,1,3702,48,9,6.73,14.6
2019-09-30,6,4,4,2,4213,2,37,6.77,14.6
2019-09-30,6,4,6,3,3497,20,10,6.81,14.6
2019-09-30,6,4,3,4,4194,18,6,6.93,14.6
2019-09-30,6,4,5,5,4221,36,4,6.91,14.6
2019-09-30,6,4,2,6,3928,61,65,6.81,14.6
2019-09-30,6,5,4,1,3455,31,62,6.8,65.0
2019-09-30,6,5,3,2,4380,60,61,6.83,65.0
2019-09-30,6,5,1,3,3919,17,8,6.77,65.0
2019-09-30,6,5,5,4,3044,46,29,6.93,65.0
2019-09-30,6,5,6,5,4034,11,45,6.85,65.0
2019-09-30,6,5,2,6,3879,63,14,6.84,65.0
2019-09-30,6,6,1,1,3054,47,57,6.74,51.8
2019-09-30,6,6,6,2,3769,49,58,6.88,51.8
2019-09-30,6,6,4,3,4756,23,43,6.83,51.8
2019-09-30,6,6,2,4,4703,9,26,6.84,51.8
2019-09-30,6,6,3,5,4652,12,64,6.86,51.8
2019-09-30,6,6,5,6,5073,58,21,6.82,51.8
2019-09-30,6,7,1,1,3158,43,11,6.76,3.6
2019-09-30,6,7,2,2,4330,21,46,6.82,3.6
2019-09-30,6,7,6,3,3663,26,55,6.83,3.6
2019-09-30,6,7,3,4,3465,56,25,6.86,3.6
2019-09-30,6,7,4,5,3789,5,35,6.78,3.6
2019-09-30,6,7,5,6,5036,64,28,6.9,3.6
2019-09-30,6,8,1,1,4199,24,30,6.8,35.6
2019-09-30,6,8,5,2,4684,52,40,6.94,35.6
2019-09-30,6,8,2,3,3613,14,2,6.87,35.6
2019-09-30,6,8,3,4,4221,36,4,6.88,35.6
2019-09-30,6,8,4,5,4111,19,34,6.87,35.6
2019-09-30,6,8,6,6,5054,59,49,6.8,35.6
2019-09-30,6,9,4,1,4012,30,51,6.82,276.8
2019-09-30,6,9,5,2,4592,8,53,6.87,276.8
2019-09-30,6,9,6,3,4144,10,23,6.79,276.8
2019-09-30,6,9,1,4,3455,31,62,6.75,276.8
2019-09-30,6,9,2,5,4213,2,37,6.92,276.8
2019-09-30,6,9,3,6,3497,20,10,6.76,276.8
2019-09-30,6,10,5,1,3919,17,8,6.89,29.9
2019-09-30,6,10,1,2,3568,28,48,6.79,29.9
2019-09-30,6,10,2,3,3702,48,9,6.83,29.9
2019-09-30,6,10,3,4,4411,1,5,6.86,29.9
2019-09-30,6,10,6,5,4330,21,46,6.84,29.9
2019-09-30,6,10,4,6,4380,60,61,6.79,29.9
2019-09-30,6,11,1,1,3613,14,2,6.82,29.0
2019-09-30,6,11,5,2,4703,9,26,6.85,29.0
2019-09-30,6,11,3,3,4199,24,30,6.85,29.0
2019-09-30,6,11,4,4,3054,47,57,6.93,29.0
2019-09-30,6,11,2,5,3158,43,11,6.8,29.0
2019-09-30,6,11,6,6,3928,61,65,6.89,29.0
2019-09-30,6,12,1,1,4008,44,47,6.81,26.7
2019-09-30,6,12,2,2,4415,35,63,6.73,26.7
2019-09-30,6,12,5,3,3944,55,36,6.88,26.7
2019-09-30,6,12,4,4,3534,41,24,6.83,26.7
2019-09-30,6,12,6,5,4518,40,54,6.72,26.7
2019-09-30,6,12,3,6,4497,22,17,6.8,26.7
2019-10-06,1,1,1,1,4505,28,1,6.76,9.0
2019-10-06,1,1,5,2,3072,54,51,6.76,9.0
2019-10-06,1,1,2,3,3905,18,4,6.86,9.0
2019-10-06,1,1,6,4,3976,27,12,6.85,9.0
2019-10-06,1,1,4,5,5041,4,48,6.72,9.0
2019-10-06,1,1,3,6,3025,62,10,6.75,9.0
2019-10-06,1,2,3,1,3819,63,56,6.78,217.6
2019-10-06,1,2,4,2,3652,64,14,6.78,217.6
2019-10-06,1,2,1,3,4010,50,20,6.68,217.6
2019-10-06,1,2,6,4,4346,43,43,6.77,217.6
2019-10-06,1,2,2,5,3723,55,6,6.77,217.6
2019-10-06,1,2,5,6,5025,29,38,6.77,217.6
2019-10-06,1,3,1,1,3392,2,32,6.7,106.5
2019-10-06,1,3,3,2,4880,33,25,6.77,106.5
2019-10-06,1,3,2,3,3891,65,65,6.8,106.5
2019-10-06,1,3,4,4,4739,10,18,6.7,106.5
2019-10-06,1,3,6,5,3996,31,37,6.79,106.5
2019-10-06,1,3,5,6,4515,36,60,6.82,106.5
2019-10-06,1,4,5,1,4459,5,59,6.75,41.5
2019-10-06,1,4,3,2,3436,61,34,6.72,41.5
2019-10-06,1,4,1,3,3020,57,33,6.77,41.5
2019-10-06,1,4,4,4,3895,51,49,6.82,41.5
2019-10-06,1,4,2,5,3036,66,62,6.73,41.5
2019-10-06,1,4,6,6,4057,38,29,6.76,41.5
2019-10-06,1,5,1,1,3546,46,19,6.72,19.9
2019-10-06,1,5,4,2,4049,47,47,6.76,19.9
2019-10-06,1,5,2,3,3820,9,66,6.78,19.9
2019-10-06,1,5,6,4,4046,16,15,6.74,19.9
2019-10-06,1,5,3,5,3939,48,31,6.7,19.9
2019-10-06,1,5,5,6,5040,21,39,6.81,19.9
2019-10-06,1,7,5,1,3837,12,28,6.77,54.6
2019-10-06,1,7,2,2,4445,13,50,6.87,54.6
2019-10-06,1,7,3,3,4146,60,44,6.77,54.6
2019-10-06,1,7,1,4,3072,54,51,6.67,54.6
2019-10-06,1,7,4,5,3982,39,40,6.69,54.6
2019-10-06,1,7,6,6,3891,65,65,6.82,54.6
2019-10-06,1,8,1,1,3582,45,22,6.57,5.1
2019-10-06,1,8,2,2,3757,52,35,6.74,5.1
2019-10-06,1,8,3,3,4293,26,63,6.8,5.1
2019-10-06,1,8,4,4,4469,34,24,6.81,5.1
2019-10-06,1,8,5,5,3723,55,6,6.75,5.1
2019-10-06,1,8,6,6,5041,4,48,6.81,5.1
2019-10-06,1,9,1,1,3777,3,46,6.75,10.5
2019-10-06,1,9,2,2,4739,10,18,6.78,10.5
2019-10-06,1,9,4,3,3036,66,62,6.85,10.5
2019-10-06,1,9,3,4,4056,15,27,6.79,10.5
2019-10-06,1,9,5,5,4505,28,1,6.88,10.5
2019-10-06,1,9,6,6,5025,29,38,6.75,10.5
2019-10-06,1,10,1,1,4049,47,47,6.74,7.3
2019-10-06,1,10,5,2,4573,19,13,6.82,7.3
2019-10-06,1,10,3,3,4515,36,60,6.83,7.3
2019-10-06,1,10,6,4,3895,51,49,6.77,7.3
2019-10-06,1,10,2,5,3025,62,10,6.76,7.3
2019-10-06,1,10,4,6,4346,43,43,6.78,7.3
2019-10-06,1,11,1,1,3837,12,28,6.77,5.1
2019-10-06,1,11,2,2,3562,7,58,6.75,5.1
2019-10-06,1,11,3,3,4057,38,29,6.76,5.1
2019-10-06,1,11,4,4,3546,46,19,6.8,5.1
2019-10-06,1,11,5,5,3905,18,4,6.88,5.1
2019-10-06,1,11,6,6,4880,33,25,6.78,5.1
2019-10-06,1,12,1,1,4459,5,59,6.64,20.0
2019-10-06,1,12,3,2,3996,31,37,6.8,20.0
2019-10-06,1,12,5,3,3612,37,55,6.79,20.0
2019-10-06,1,12,4,4,4445,13,50,6.79,20.0
2019-10-06,1,12,2,5,3582,45,22,6.64,20.0
2019-10-06,1,12,6,6,3939,48,31,6.81,20.0
2019-10-07,2,1,1,1,4739,10,18,6.8,30.7
2019-10-07,2,1,5,2,3820,9,66,6.77,30.7
2019-10-07,2,1,3,3,4679,6,5,6.73,30.7
2019-10-07,2,1,2,4,3976,27,12,6.8,30.7
2019-10-07,2,1,6,5,3652,64,14,6.84,30.7
2019-10-07,2,1,4,6,4056,15,27,6.76,30.7
2019-10-07,2,3,3,1,3837,12,28,6.81,16.3
2019-10-07,2,3,5,2,3777,3,46,6.81,16.3
2019-10-07,2,3,6,3,4515,36,60,6.8,16.3
2019-10-07,2,3,2,4,3982,39,40,6.72,16.3
2019-10-07,2,3,1,5,3905,18,4,6.82,16.3
2019-10-07,2,3,4,6,5040,21,39,6.83,16.3
2019-10-07,2,4,4,1,3072,54,51,6.78,71.5
2019-10-07,2,4,2,2,4010,50,20,6.86,71.5
2019-10-07,2,4,3,3,3546,46,19,6.85,71.5
2019-10-07,2,4,1,4,3036,66,62,6.71,71.5
2019-10-07,2,4,5,5,3939,48,31,6.82,71.5
2019-10-07,2,4,6,6,4469,34,24,6.83,71.5
2019-10-07,2,5,1,1,3436,61,34,6.8,6.9
2019-10-07,2,5,3,2,3757,52,35,6.85,6.9
2019-10-07,2,5,4,3,3996,31,37,6.84,6.9
2019-10-07,2,5,5,4,3819,63,56,6.93,6.9
2019-10-07,2,5,2,5,3392,2,32,6.8,6.9
2019-10-07,2,5,6,6,3025,62,10,6.91,6.9
2019-10-07,2,6,5,1,5041,4,48,6.88,1864.7
2019-10-07,2,6,4,2,3723,55,6,6.87,1864.7
2019-10-07,2,6,1,3,4880,33,25,6.79,1864.7
2019-10-07,2,6,3,4,4445,13,50,6.94,1864.7
2019-10-07,2,6,6,5,4505,28,1,6.83,1864.7
2019-10-07,2,6,2,6,4146,60,44,6.91,1864.7
2019-10-07,2,7,1,1,3895,51,49,6.81,11.8
2019-10-07,2,7,4,2,3582,45,22,6.78,11.8
2019-10-07,2,7,2,3,4049,47,47,6.84,11.8
2019-10-07,2,7,5,4,4871,11,41,6.83,11.8
2019-10-07,2,7,3,5,3562,7,58,6.87,11.8
2019-10-07,2,7,6,6,3820,9,66,6.86,11.8
2019-10-07,2,8,1,1,3939,48,31,6.81,32.6
2019-10-07,2,8,3,2,4346,43,43,6.91,32.6
2019-10-07,2,8,2,3,4573,19,13,6.81,32.6
2019-10-07,2,8,4,4,4057,38,29,6.86,32.6
2019-10-07,2,8,5,5,4056,15,27,6.88,32.6
2019-10-07,2,8,6,6,5040,21,39,6.94,32.6
2019-10-07,2,9,1,1,4046,16,3,6.85,109.5
2019-10-07,2,9,3,2,3652,64,14,6.89,109.5
2019-10-07,2,9,6,3,3612,37,55,6.85,109.5
2019-10-07,2,9,5,4,3436,61,34,6.81,109.5
2019-10-07,2,9,4,5,4010,50,20,6.86,109.5
2019-10-07,2,9,2,6,4515,36,60,6.84,109.5
2019-10-07,2,10,2,1,4459,5,59,6.85,17.2
2019-10-07,2,10,1,2,4146,60,44,6.94,17.2
2019-10-07,2,10,6,3,4293,26,63,6.91,17.2
2019-10-07,2,10,4,4,3777,3,46,6.88,17.2
2019-10-07,2,10,5,5,3392,2,32,6.82,17.2
2019-10-07,2,10,3,6,3976,27,12,6.86,17.2
2019-10-07,2,12,1,1,4445,13,50,6.79,28.7
2019-10-07,2,12,3,2,4049,47,47,6.86,28.7
2019-10-07,2,12,5,3,3757,52,35,6.9,28.7
2019-10-07,2,12,6,4,4573,19,13,6.85,28.7
2019-10-07,2,12,2,5,3837,12,28,6.82,28.7
2019-10-07,2,12,4,6,4679,6,5,6.87,28.7
2019-10-08,3,1,1,1,4469,34,24,6.75,217.9
2019-10-08,3,1,5,2,5025,29,38,6.88,217.9
2019-10-08,3,1,2,3,4346,43,43,6.82,217.9
2019-10-08,3,1,4,4,3905,18,4,6.91,217.9
2019-10-08,3,1,6,5,3020,57,33,6.83,217.9
2019-10-08,3,1,3,6,3723,55,6,6.81,217.9
2019-10-08,3,2,1,1,3652,64,14,6.79,15.4
2019-10-08,3,2,2,2,4293,26,63,6.79,15.4
2019-10-08,3,2,3,3,3891,65,65,6.85,15.4
2019-10-08,3,2,4,4,3392,2,32,6.8,15.4
2019-10-08,3,2,6,5,5041,4,48,6.76,15.4
2019-10-08,3,2,5,6,3036,66,62,6.8,15.4
2019-10-08,3,3,1,1,4871,11,41,6.7,46.2
2019-10-08,3,3,2,2,4880,33,25,6.66,46.2
2019-10-08,3,3,4,3,3025,62,10,6.8,46.2
2019-10-08,3,3,3,4,3895,51,49,6.82,46.2
2019-10-08,3,3,5,5,4146,60,44,6.83,46.2
2019-10-08,3,3,6,6,3757,52,35,6.83,46.2
2019-10-08,3,4,3,1,4459,5,59,6.7,12.9
2019-10-08,3,4,1,2,3976,27,12,6.76,12.9
2019-10-08,3,4,6,3,3562,7,58,6.83,12.9
2019-10-08,3,4,5,4,3546,46,19,6.82,12.9
2019-10-08,3,4,4,5,3819,63,56,6.86,12.9
2019-10-08,3,4,2,6,4046,16,3,6.74,12.9
2019-10-08,3,5,1,1,4515,36,60,6.71,36.5
2019-10-08,3,5,3,2,4739,10,18,6.73,36.5
2019-10-08,3,5,5,3,3982,39,40,6.81,36.5
2019-10-08,3,5,4,4,3939,48,31,6.78,36.5
2019-10-08,3,5,6,5,3723,55,6,6.77,36.5
2019-10-08,3,5,2,6,3072,54,51,6.79,36.5
2019-10-08,3,6,2,1,4505,28,1,6.73,25.2
2019-10-08,3,6,4,2,3837,12,28,6.7,25.2
2019-10-08,3,6,5,3,4057,38,29,6.78,25.2
2019-10-08,3,6,1,4,3820,9,66,6.75,25.2
2019-10-08,3,6,6,5,5040,21,39,6.71,25.2
2019-10-08,3,6,3,6,3020,57,33,6.83,25.2
2019-10-08,3,7,2,1,3436,61,34,6.82,63.6
2019-10-08,3,7,5,2,3582,45,22,6.69,63.6
2019-10-08,3,7,3,3,3905,18,4,6.87,63.6
2019-10-08,3,7,4,4,3757,52,35,6.81,63.6
2019-10-08,3,7,1,5,4056,15,27,6.73,63.6
2019-10-08,3,7,6,6,4679,6,5,6.7,63.6
2019-10-08,3,8,1,1,3996,31,37,6.68,72.4
2019-10-08,3,8,5,2,4880,33,25,6.76,72.4
2019-10-08,3,8,3,3,4010,50,20,6.73,72.4
2019-10-08,3,8,2,4,3777,3,46,6.71,72.4
2019-10-08,3,8,4,5,3562,7,58,6.8,72.4
2019-10-08,3,8,6,6,5025,29,38,6.76,72.4
2019-10-08,3,9,2,1,3546,46,19,6.7,22.5
2019-10-08,3,9,3,2,3072,54,51,6.87,22.5
2019-10-08,3,9,5,3,4049,47,47,6.76,22.5
2019-10-08,3,9,4,4,3891,65,65,6.8,22.5
2019-10-08,3,9,6,5,3612,37,55,6.75,22.5
2019-10-08,3,9,1,6,3025,62,10,6.77,22.5
2019-10-08,3,11,1,1,3582,45,22,6.63,7.3
2019-10-08,3,11,4,2,4459,5,59,6.79,7.3
2019-10-08,3,11,3,3,4515,36,60,6.77,7.3
2019-10-08,3,11,2,4,4057,38,29,6.75,7.3
2019-10-08,3,11,6,5,3036,66,62,6.81,7.3
2019-10-08,3,11,5,6,3895,51,49,6.87,7.3
2019-10-08,3,12,1,1,3837,12,28,6.72,28.6
2019-10-08,3,12,2,2,3939,48,31,6.72,28.6
2019-10-08,3,12,6,3,4146,60,44,6.82,28.6
2019-10-08,3,12,3,4,3777,3,46,6.81,28.6
2019-10-08,3,12,5,5,4346,43,43,6.82,28.6
2019-10-08,3,12,4,6,3436,61,34,6.77,28.6
2019-10-09,4,1,1,1,3562,7,58,6.72,6.1
2019-10-09,4,1,2,2,3895,51,49,6.74,6.1
2019-10-09,4,1,5,3,4010,50,20,6.88,6.1
2019-10-09,4,1,3,4,3036,66,62,6.76,6.1
2019-10-09,4,1,6,5,3392,2,32,6.73,6.1
2019-10-09,4,1,4,6,4046,16,3,6.91,6.1
2019-10-09,4,2,2,1,4056,15,27,6.82,87.6
2019-10-09,4,2,1,2,3982,39,40,6.81,87.6
2019-10-09,4,2,3,3,4871,11,41,6.82,87.6
2019-10-09,4,2,5,4,3025,62,10,6.81,87.6
2019-10-09,4,2,4,5,3820,9,66,6.84,87.6
2019-10-09,4,2,6,6,3072,54,51,6.85,87.6
2019-10-09,4,3,1,1,4293,26,63,6.84,9.8
2019-10-09,4,3,4,2,3777,3,46,6.78,9.8
2019-10-09,4,3,3,3,3546,46,19,6.8,9.8
2019-10-09,4,3,6,4,5025,29,38,6.81,9.8
2019-10-09,4,3,2,5,4679,6,5,6.67,9.8
2019-10-09,4,3,5,6,5040,21,39,6.87,9.8
2019-10-09,4,5,1,1,3757,52,35,6.89,7.7
2019-10-09,4,5,3,2,4445,13,50,6.93,7.7
2019-10-09,4,5,2,3,4057,38,29,6.89,7.7
2019-10-09,4,5,4,4,4880,33,25,6.89,7.7
2019-10-09,4,5,6,5,3905,18,4,6.94,7.7
2019-10-09,4,5,5,6,4046,16,3,6.82,7.7
2019-10-09,4,7,3,1,3436,61,34,6.8,20.5
2019-10-09,4,7,2,2,3996,31,37,6.77,20.5
2019-10-09,4,7,4,3,4515,36,60,6.82,20.5
2019-10-09,4,7,1,4,3819,63,56,6.83,20.5
2019-10-09,4,7,5,5,3891,65,65,6.88,20.5
2019-10-09,4,7,6,6,5040,21,39,6.83,20.5
2019-10-09,4,8,1,1,4739,10,18,6.76,58.2
2019-10-09,4,8,2,2,4505,28,1,6.85,58.2
2019-10-09,4,8,5,3,4679,6,5,6.81,58.2
2019-10-09,4,8,4,4,4459,5,59,6.77,58.2
2019-10-09,4,8,6,5,4871,11,41,6.73,58.2
2019-10-09,4,8,3,6,3392,2,32,6.82,58.2
2019-10-09,4,9,1,1,4057,38,29,6.8,6.4
2019-10-09,4,9,2,2,3562,7,58,6.82,6.4
2019-10-09,4,9,6,3,3837,12,28,6.83,6.4
2019-10-09,4,9,4,4,3976,27,12,6.87,6.4
2019-10-09,4,9,3,5,3982,39,40,6.86,6.4
2019-10-09,4,9,5,6,4293,26,63,6.88,6.4
2019-10-09,4,10,4,1,4573,19,13,6.81,39.7
2019-10-09,4,10,1,2,3939,48,31,6.72,39.7
2019-10-09,4,10,2,3,3020,57,33,6.84,39.7
2019-10-09,4,10,6,4,4056,15,27,6.81,39.7
2019-10-09,4,10,3,5,3757,52,35,6.87,39.7
2019-10-09,4,10,5,6,3652,64,14,6.87,39.7
2019-10-09,4,11,1,1,4445,13,50,6.75,6.2
2019-10-09,4,11,3,2,3582,45,22,6.74,6.2
2019-10-09,4,11,2,3,3436,61,34,6.76,6.2
2019-10-09,4,11,4,4,3072,54,51,6.81,6.2
2019-10-09,4,11,5,5,3777,3,46,6.91,6.2
2019-10-09,4,11,6,6,4010,50,20,6.82,6.2
2019-10-09,4,12,1,1,4459,5,59,6.65,4.3
2019-10-09,4,12,2,2,4049,47,47,6.74,4.3
2019-10-09,4,12,5,3,3996,31,37,6.77,4.3
2019-10-09,4,12,6,4,3546,46,19,6.78,4.3
2019-10-09,4,12,3,5,3820,9,66,6.78,4.3
2019-10-09,4,12,4,6,4146,60,44,6.83,4.3
2019-10-10,5,1,1,1,4057,38,29,6.81,13.8
2019-10-10,5,1,3,2,3392,2,32,6.67,13.8
2019-10-10,5,1,4,3,3020,57,33,6.81,13.8
2019-10-10,5,1,6,4,3905,18,4,6.88,13.8
2019-10-10,5,1,5,5,5041,4,48,6.81,13.8
2019-10-10,5,1,2,6,4871,11,41,6.69,13.8
2019-10-10,5,2,1,1,3723,55,6,6.68,19.7
2019-10-10,5,2,4,2,4679,6,5,6.78,19.7
2019-10-10,5,2,2,3,3025,62,10,6.8,19.7
2019-10-10,5,2,3,4,3891,65,65,6.82,19.7
2019-10-10,5,2,5,5,3982,39,40,6.86,19.7
2019-10-10,5,2,6,6,5040,21,39,6.87,19.7
2019-10-10,5,3,1,1,3895,51,21,6.72,15.4
2019-10-10,5,3,6,2,3582,45,22,6.82,15.4
2019-10-10,5,3,5,3,4739,10,18,6.76,15.4
2019-10-10,5,3,4,4,3652,64,14,6.79,15.4
2019-10-10,5,3,2,5,4880,33,25,6.74,15.4
2019-10-10,5,3,3,6,3072,54,51,6.81,15.4
2019-10-10,5,4,5,1,4573,19,13,6.84,181.2
2019-10-10,5,4,2,2,3976,27,12,6.81,181.2
2019-10-10,5,4,1,3,3819,63,56,6.78,181.2
2019-10-10,5,4,6,4,3837,12,28,6.9,181.2
2019-10-10,5,4,4,5,3546,46,19,6.89,181.2
2019-10-10,5,4,3,6,4010,50,20,6.87,181.2
2019-10-10,5,5,2,1,4056,15,27,6.79,130.1
2019-10-10,5,5,1,2,4146,60,44,6.81,130.1
2019-10-10,5,5,3,3,3562,7,58,6.75,130.1
2019-10-10,5,5,6,4,5025,29,38,6.82,130.1
2019-10-10,5,5,5,5,4346,43,43,6.82,130.1
2019-10-10,5,5,4,6,4445,13,50,6.87,130.1
2019-10-10,5,6,2,1,3036,66,62,6.84,438.2
2019-10-10,5,6,5,2,4049,47,47,6.81,438.2
2019-10-10,5,6,3,3,4293,26,63,6.89,438.2
2019-10-10,5,6,6,4,3757,52,35,6.87,438.2
2019-10-10,5,6,4,5,4046,16,3,6.82,438.2
2019-10-10,5,6,1,6,3777,3,46,6.79,438.2
2019-10-10,5,7,4,1,4515,36,60,6.8,123.3
2019-10-10,5,7,2,2,3820,9,66,6.87,123.3
2019-10-10,5,7,6,3,4459,5,59,6.84,123.3
2019-10-10,5,7,5,4,3652,64,14,6.89,123.3
2019-10-10,5,7,1,5,4505,28,1,6.77,123.3
2019-10-10,5,7,3,6,3020,57,11,6.95,123.3
2019-10-10,5,8,1,1,3436,61,34,6.74,4.2
2019-10-10,5,8,2,2,3939,48,31,6.88,4.2
2019-10-10,5,8,4,3,3996,31,37,6.76,4.2
2019-10-10,5,8,6,4,5041,4,48,6.85,4.2
2019-10-10,5,8,3,5,3025,62,10,6.95,4.2
2019-10-10,5,8,5,6,3976,27,12,6.9,4.2
2019-10-10,5,9,1,1,3837,12,28,6.82,11.7
2019-10-10,5,9,4,2,3562,7,58,6.87,11.7
2019-10-10,5,9,2,3,4739,10,18,6.83,11.7
2019-10-10,5,9,3,4,3546,46,19,6.88,11.7
2019-10-10,5,9,6,5,4146,60,44,6.87,11.7
2019-10-10,5,9,5,6,4057,38,29,6.83,11.7
2019-10-10,5,10,1,1,3582,45,22,6.76,3.9
2019-10-10,5,10,2,2,4573,19,13,6.8,3.9
2019-10-10,5,10,3,3,4445,13,50,6.85,3.9
2019-10-10,5,10,6,4,4505,28,1,6.85,3.9
2019-10-10,5,10,5,5,4880,33,25,6.81,3.9
2019-10-10,5,10,4,6,3777,3,46,6.88,3.9
2019-10-10,5,11,1,1,4459,5,59,6.81,9.0
2019-10-10,5,11,2,2,4049,47,47,6.88,9.0
2019-10-10,5,11,4,3,4293,26,63,6.79,9.0
2019-10-10,5,11,5,4,3939,48,31,6.84,9.0
2019-10-10,5,11,3,5,3436,61,34,6.82,9.0
2019-10-10,5,11,6,6,3819,63,56,6.9,9.0
2019-10-10,5,12,1,1,4515,36,60,6.83,14.2
2019-10-10,5,12,3,2,3996,31,37,6.83,14.2
2019-10-10,5,12,5,3,4871,11,41,6.71,14.2
2019-10-10,5,12,2,4,3982,39,40,6.84,14.2
2019-10-10,5,12,4,5,3757,52,35,6.78,14.2
2019-10-10,5,12,6,6,4010,50,20,6.88,14.2
2019-10-11,6,1,3,1,4056,15,27,6.81,179.6
2019-10-11,6,1,4,2,4046,16,3,6.8,179.6
2019-10-11,6,1,2,3,3891,65,65,6.92,179.6
2019-10-11,6,1,5,4,3072,54,51,6.82,179.6
2019-10-11,6,1,1,5,4505,28,1,6.86,179.6
2019-10-11,6,1,6,6,3723,55,6,6.78,179.6
2019-10-11,6,2,2,1,4679,6,5,6.81,21.9
2019-10-11,6,2,1,2,4010,50,20,6.84,21.9
2019-10-11,6,2,3,3,3976,27,12,6.93,21.9
2019-10-11,6,2,5,4,3025,62,10,6.96,21.9
2019-10-11,6,2,4,5,3820,9,66,6.89,21.9
2019-10-11,6,2,6,6,5025,29,38,6.86,21.9
2019-10-11,6,3,2,1,4880,33,25,6.85,21.0
2019-10-11,6,3,1,2,3905,18,4,6.96,21.0
2019-10-11,6,3,3,3,3895,51,21,6.89,21.0
2019-10-11,6,3,5,4,3392,2,32,6.91,21.0
2019-10-11,6,3,6,5,4515,36,60,6.85,21.0
2019-10-11,6,3,4,6,4346,43,43,6.92,21.0
2019-10-11,6,4,6,1,3996,31,37,6.86,45.8
2019-10-11,6,4,1,2,3819,63,56,6.9,45.8
2019-10-11,6,4,5,3,3036,66,62,6.87,45.8
2019-10-11,6,4,3,4,4293,26,63,6.93,45.8
2019-10-11,6,4,2,5,3652,64,14,6.9,45.8
2019-10-11,6,4,4,6,5040,21,39,6.95,45.8
2019-10-11,6,5,1,1,3939,48,31,6.79,33.6
2019-10-11,6,5,5,2,3891,65,65,6.93,33.6
2019-10-11,6,5,4,3,3757,52,35,6.81,33.6
2019-10-11,6,5,2,4,4146,60,44,6.84,33.6
2019-10-11,6,5,6,5,5041,4,48,6.81,33.6
2019-10-11,6,5,3,6,4871,11,41,6.81,33.6
2019-10-11,6,6,1,1,4057,38,29,6.87,15.6
2019-10-11,6,6,6,2,4739,10,18,6.92,15.6
2019-10-11,6,6,3,3,3020,57,11,6.94,15.6
2019-10-11,6,6,5,4,5025,29,38,6.93,15.6
2019-10-11,6,6,2,5,3072,54,51,6.88,15.6
2019-10-11,6,6,4,6,3982,39,40,6.87,15.6
2019-10-11,6,7,5,1,4679,6,5,6.88,590.8
2019-10-11,6,7,1,2,3436,61,34,6.83,590.8
2019-10-11,6,7,4,3,4010,50,20,6.87,590.8
2019-10-11,6,7,6,4,4445,13,50,6.85,590.8
2019-10-11,6,7,3,5,3905,18,4,6.92,590.8
2019-10-11,6,7,2,6,4346,43,43,6.87,590.8
2019-10-11,6,8,1,1,3546,46,19,6.78,32.3
2019-10-11,6,8,3,2,4046,16,3,6.8,32.3
2019-10-11,6,8,5,3,3820,9,66,6.91,32.3
2019-10-11,6,8,2,4,3777,3,46,6.87,32.3
2019-10-11,6,8,4,5,4515,36,60,6.88,32.3
2019-10-11,6,8,6,6,5040,21,39,6.89,32.3
2019-10-11,6,9,4,1,3996,31,37,6.81,29.2
2019-10-11,6,9,1,2,3757,52,35,6.9,29.2
2019-10-11,6,9,3,3,3036,66,62,6.82,29.2
2019-10-11,6,9,2,4,3392,2,32,6.85,29.2
2019-10-11,6,9,5,5,4056,15,27,6.81,29.2
2019-10-11,6,9,6,6,3895,51,21,6.84,29.2
2019-10-11,6,10,3,1,4505,28,1,6.88,588.5
2019-10-11,6,10,5,2,4146,60,44,6.86,588.5
2019-10-11,6,10,2,3,3939,48,31,6.79,588.5
2019-10-11,6,10,1,4,4739,10,18,6.83,588.5
2019-10-11,6,10,6,5,3819,63,56,6.92,588.5
2019-10-11,6,10,4,6,4880,33,25,6.76,588.5
2019-10-11,6,11,1,1,4445,13,50,6.84,55.2
2019-10-11,6,11,5,2,3777,3,46,6.86,55.2
2019-10-11,6,11,4,3,3436,61,34,6.84,55.2
2019-10-11,6,11,6,4,4057,38,29,6.83,55.2
2019-10-11,6,11,3,5,3546,46,19,6.84,55.2
2019-10-11,6,11,2,6,4293,26,63,6.89,55.2
2019-10-11,6,12,1,1,4459,5,59,6.81,42.5
2019-10-11,6,12,4,2,4573,19,13,6.78,42.5
2019-10-11,6,12,6,3,3562,7,58,6.87,42.5
2019-10-11,6,12,5,4,4049,47,47,6.86,42.5
2019-10-11,6,12,3,5,3837,12,28,6.85,42.5
2019-10-11,6,12,2,6,3582,45,22,6.74,42.5
2019-10-16,1,1,1,1,4247,49,21,6.75,47.4
2019-10-16,1,1,6,2,3839,22,17,6.85,47.4
2019-10-16,1,1,2,3,3081,47,66,6.72,47.4
2019-10-16,1,1,4,4,3753,56,43,6.86,47.4
2019-10-16,1,1,3,5,4143,9,11,6.77,47.4
2019-10-16,1,1,5,6,5031,37,19,6.76,47.4
2019-10-16,1,2,5,1,5092,44,44,6.76,937.1
2019-10-16,1,2,4,2,3607,11,36,6.8,937.1
2019-10-16,1,2,1,3,3234,18,16,6.84,937.1
2019-10-16,1,2,2,4,4540,65,18,6.77,937.1
2019-10-16,1,2,3,5,3620,10,61,6.77,937.1
2019-10-16,1,2,6,6,4860,7,47,6.83,937.1
2019-10-16,1,3,1,1,4273,2,45,6.68,78.0
2019-10-16,1,3,6,2,3997,38,49,6.78,78.0
2019-10-16,1,3,4,3,4491,52,26,6.7,78.0
2019-10-16,1,3,2,4,4185,35,30,6.78,78.0
2019-10-16,1,3,3,5,3662,50,50,6.74,78.0
2019-10-16,1,3,5,6,3462,30,20,6.72,78.0
2019-10-16,1,4,4,1,4423,41,29,6.81,157.9
2019-10-16,1,4,3,2,4003,19,7,6.85,157.9
2019-10-16,1,4,5,3,4142,5,15,6.86,157.9
2019-10-16,1,4,6,4,3304,48,23,6.8,157.9
2019-10-16,1,4,1,5,4942,20,13,6.72,157.9
2019-10-16,1,4,2,6,3936,31,56,6.82,157.9
2019-10-16,1,5,5,1,3571,66,51,6.86,461.7
2019-10-16,1,5,3,2,4475,24,54,6.79,461.7
2019-10-16,1,5,1,3,4222,40,32,6.77,461.7
2019-10-16,1,5,4,4,3543,59,8,6.8,461.7
2019-10-16,1,5,6,5,5093,58,9,6.79,461.7
2019-10-16,1,5,2,6,3293,51,27,6.85,461.7
2019-10-16,1,7,1,1,4106,45,31,6.76,15.9
2019-10-16,1,7,5,2,4344,8,40,6.81,15.9
2019-10-16,1,7,3,3,3687,21,52,6.74,15.9
2019-10-16,1,7,6,4,4491,52,26,6.88,15.9
2019-10-16,1,7,2,5,4218,64,22,6.73,15.9
2019-10-16,1,7,4,6,5031,37,19,6.73,15.9
2019-10-16,1,8,1,1,3319,23,24,6.72,3.5
2019-10-16,1,8,2,2,3712,17,64,6.77,3.5
2019-10-16,1,8,4,3,3462,30,20,6.86,3.5
2019-10-16,1,8,5,4,4143,9,11,6.9,3.5
2019-10-16,1,8,3,5,3637,55,1,6.85,3.5
2019-10-16,1,8,6,6,5092,44,44,6.78,3.5
2019-10-16,1,9,1,1,4177,16,57,6.78,14.6
2019-10-16,1,9,2,2,3839,22,17,6.83,14.6
2019-10-16,1,9,4,3,4137,57,38,6.8,14.6
2019-10-16,1,9,5,4,4185,35,30,6.84,14.6
2019-10-16,1,9,3,5,4142,5,15,6.89,14.6
2019-10-16,1,9,6,6,3620,10,61,6.89,14.6
2019-10-16,1,10,2,1,4475,24,54,6.74,37.8
2019-10-16,1,10,1,2,3362,29,39,6.81,37.8
2019-10-16,1,10,5,3,3662,50,50,6.87,37.8
2019-10-16,1,10,3,4,4540,65,18,6.78,37.8
2019-10-16,1,10,4,5,4247,49,21,6.76,37.8
2019-10-16,1,10,6,6,3936,31,56,6.84,37.8
2019-10-16,1,11,3,1,3081,47,66,6.83,192.2
2019-10-16,1,11,4,2,4222,40,32,6.83,192.2
2019-10-16,1,11,1,3,4218,64,22,6.8,192.2
2019-10-16,1,11,6,4,4003,19,7,6.81,192.2
2019-10-16,1,11,2,5,3888,14,59,6.85,192.2
2019-10-16,1,11,5,6,3607,11,36,6.78,192.2
2019-10-16,1,12,1,1,4344,8,40,6.81,17.2
2019-10-16,1,12,4,2,4413,12,12,6.89,17.2
2019-10-16,1,12,3,3,3304,48,23,6.85,17.2
2019-10-16,1,12,2,4,3997,38,49,6.82,17.2
2019-10-16,1,12,6,5,3543,59,8,6.84,17.2
2019-10-16,1,12,5,6,3319,23,24,6.89,17.2
2019-10-17,2,1,1,1,3687,21,52,6.74,6.7
2019-10-17,2,1,2,2,3571,66,51,6.83,6.7
2019-10-17,2,1,3,3,4106,45,31,6.78,6.7
2019-10-17,2,1,4,4,3293,51,27,6.74,6.7
2019-10-17,2,1,6,5,5092,44,44,6.75,6.7
2019-10-17,2,1,5,6,3234,18,16,6.9,6.7
2019-10-17,2,2,4,1,3637,55,1,6.77,132.4
2019-10-17,2,2,2,2,3808,28,5,6.94,132.4
2019-10-17,2,2,1,3,3753,56,43,6.8,132.4
2019-10-17,2,2,3,4,3936,31,56,6.78,132.4
2019-10-17,2,2,6,5,3981,54,2,6.74,132.4
2019-10-17,2,2,5,6,5093,58,9,6.82,132.4
2019-10-17,2,3,5,1,4177,16,57,6.83,172.1
2019-10-17,2,3,6,2,4218,64,22,6.81,172.1
2019-10-17,2,3,4,3,4273,2,45,6.83,172.1
2019-10-17,2,3,3,4,3462,30,20,6.74,172.1
2019-10-17,2,3,2,5,4942,20,13,6.68,172.1
2019-10-17,2,3,1,6,4143,9,11,6.78,172.1
2019-10-17,2,4,3,1,4222,40,32,6.82,26.0
2019-10-17,2,4,4,2,4003,19,7,6.88,26.0
2019-10-17,2,4,6,3,3362,29,39,6.88,26.0
2019-10-17,2,4,2,4,4423,41,29,6.8,26.0
2019-10-17,2,4,5,5,4860,7,47,6.84,26.0
2019-10-17,2,4,1,6,5031,37,19,6.76,26.0
2019-10-17,2,5,1,1,4475,24,54,6.75,31.0
2019-10-17,2,5,3,2,4413,12,12,6.78,31.0
2019-10-17,2,5,6,3,3293,51,27,6.85,31.0
2019-10-17,2,5,4,4,3712,17,64,6.88,31.0
2019-10-17,2,5,5,5,3839,22,17,6.86,31.0
2019-10-17,2,5,2,6,3620,10,61,6.88,31.0
2019-10-17,2,6,2,1,3319,23,24,6.83,20.9
2019-10-17,2,6,1,2,3607,11,36,6.78,20.9
2019-10-17,2,6,5,3,3081,47,66,6.84,20.9
2019-10-17,2,6,6,4,4142,5,15,6.91,20.9
2019-10-17,2,6,3,5,4185,35,30,6.8,20.9
2019-10-17,2,6,4,6,3662,50,50,6.87,20.9
2019-10-17,2,7,2,1,4247,49,21,6.73,15.9
2019-10-17,2,7,3,2,3997,38,49,6.84,15.9
2019-10-17,2,7,5,3,4137,57,38,6.78,15.9
2019-10-17,2,7,1,4,4540,65,18,6.8,15.9
2019-10-17,2,7,6,5,3637,55,1,6.84,15.9
2019-10-17,2,7,4,6,3234,18,16,6.87,15.9
2019-10-17,2,8,1,1,3543,59,8,6.75,4.5
2019-10-17,2,8,2,2,4003,19,7,6.8,4.5
2019-10-17,2,8,4,3,3687,21,52,6.74,4.5
2019-10-17,2,8,3,4,4491,52,26,6.84,4.5
2019-10-17,2,8,6,5,5093,58,9,6.83,4.5
2019-10-17,2,8,5,6,4273,2,45,6.82,4.5
2019-10-17,2,9,3,1,4344,8,40,6.79,20.4
2019-10-17,2,9,2,2,3304,48,23,6.87,20.4
2019-10-17,2,9,4,3,3808,28,5,6.91,20.4
2019-10-17,2,9,6,4,3454,1,60,6.86,20.4
2019-10-17,2,9,1,5,3571,66,51,6.79,20.4
2019-10-17,2,9,5,6,4942,20,13,6.72,20.4
2019-10-17,2,10,1,1,3888,14,59,6.69,35.2
2019-10-17,2,10,4,2,4218,64,22,6.76,35.2
2019-10-17,2,10,2,3,3753,56,43,6.93,35.2
2019-10-17,2,10,5,4,3712,17,64,6.88,35.2
2019-10-17,2,10,3,5,3319,23,24,6.79,35.2
2019-10-17,2,10,6,6,4423,41,29,6.75,35.2
2019-10-17,2,11,1,1,4413,12,12,6.77,9.0
2019-10-17,2,11,3,2,3362,29,39,6.83,9.0
2019-10-17,2,11,2,3,4142,5,15,6.77,9.0
2019-10-17,2,11,6,4,3462,30,20,6.81,9.0
2019-10-17,2,11,4,5,3981,54,2,6.81,9.0
2019-10-17,2,11,5,6,4247,49,21,6.8,9.0
2019-10-17,2,12,3,1,3543,59,8,6.85,94.9
2019-10-17,2,12,1,2,4137,57,38,6.72,94.9
2019-10-17,2,12,6,3,4177,16,57,6.83,94.9
2019-10-17,2,12,4,4,4106,45,31,6.82,94.9
2019-10-17,2,12,5,5,4475,24,54,6.78,94.9
2019-10-17,2,12,2,6,3662,50,50,6.78,94.9
2019-10-18,3,1,3,1,3839,22,17,6.91,139.6
2019-10-18,3,1,4,2,3081,47,66,6.89,139.6
2019-10-18,3,1,5,3,4540,65,18,6.87,139.6
2019-10-18,3,1,1,4,4142,5,15,6.82,139.6
2019-10-18,3,1,6,5,5092,44,44,6.86,139.6
2019-10-18,3,1,2,6,4143,9,11,6.88,139.6
2019-10-18,3,2,3,1,5031,37,19,6.89,467.1
2019-10-18,3,2,4,2,3936,31,56,6.89,467.1
2019-10-18,3,2,1,3,4185,35,30,6.85,467.1
2019-10-18,3,2,5,4,3293,51,27,6.91,467.1
2019-10-18,3,2,6,5,3808,28,5,6.94,467.1
2019-10-18,3,2,2,6,4860,7,47,6.87,467.1
2019-10-18,3,3,1,1,4423,41,29,6.82,14.8
2019-10-18,3,3,2,2,3607,11,36,6.84,14.8
2019-10-18,3,3,5,3,3362,29,39,6.93,14.8
2019-10-18,3,3,4,4,4177,16,57,6.82,14.8
2019-10-18,3,3,3,5,3234,18,16,6.89,14.8
2019-10-18,3,3,6,6,5093,58,9,6.9,14.8
2019-10-18,3,4,3,1,4247,49,21,6.85,44.8
2019-10-18,3,4,1,2,3620,10,61,6.9,44.8
2019-10-18,3,4,2,3,4106,45,31,6.89,44.8
2019-10-18,3,4,5,4,3997,38,49,6.85,44.8
2019-10-18,3,4,6,5,3454,1,60,7.0,44.8
2019-10-18,3,4,4,6,4942,20,13,6.9,44.8
2019-10-18,3,5,1,1,3712,17,64,6.78,6.5
2019-10-18,3,5,3,2,4137,57,38,6.83,6.5
2019-10-18,3,5,4,3,3888,14,59,6.81,6.5
2019-10-18,3,5,2,4,3981,54,2,6.83,6.5
2019-10-18,3,5,5,5,4491,52,26,6.89,6.5
2019-10-18,3,5,6,6,4143,9,11,6.9,6.5
2019-10-18,3,6,3,1,4273,2,45,6.86,109.6
2019-10-18,3,6,5,2,4413,12,12,6.88,109.6
2019-10-18,3,6,6,3,4475,24,54,6.87,109.6
2019-10-18,3,6,2,4,4222,40,32,6.86,109.6
2019-10-18,3,6,4,5,4185,35,30,6.85,109.6
2019-10-18,3,6,1,6,3637,55,1,6.85,109.6
2019-10-18,3,7,3,1,3607,11,36,6.89,58.6
2019-10-18,3,7,4,2,4344,8,40,6.87,58.6
2019-10-18,3,7,2,3,3462,30,20,6.86,58.6
2019-10-18,3,7,6,4,3687,21,52,6.85,58.6
2019-10-18,3,7,1,5,3936,31,56,6.8,58.6
2019-10-18,3,7,5,6,5092,44,44,6.79,58.6
2019-10-18,3,8,1,1,3304,48,23,6.91,3.1
2019-10-18,3,8,2,2,3362,29,39,6.93,3.1
2019-10-18,3,8,4,3,4142,5,15,6.9,3.1
2019-10-18,3,8,5,4,3620,10,61,7.0,3.1
2019-10-18,3,8,3,5,3753,56,43,7.0,3.1
2019-10-18,3,8,6,6,5031,37,19,6.84,3.1
2019-10-18,3,9,2,1,3543,59,8,6.83,50.5
2019-10-18,3,9,1,2,4491,52,26,6.92,50.5
2019-10-18,3,9,5,3,3454,1,60,6.94,50.5
2019-10-18,3,9,3,4,4218,64,22,6.88,50.5
2019-10-18,3,9,4,5,3571,66,46,6.91,50.5
2019-10-18,3,9,6,6,3081,47,66,6.85,50.5
2019-10-18,3,10,1,1,3662,50,50,6.83,10.5
2019-10-18,3,10,2,2,4137,57,38,6.86,10.5
2019-10-18,3,10,5,3,4003,19,7,6.86,10.5
2019-10-18,3,10,4,4,3319,23,24,6.84,10.5
2019-10-18,3,10,3,5,4860,7,47,6.84,10.5
2019-10-18,3,10,6,6,4540,65,18,6.86,10.5
2019-10-18,3,11,1,1,4413,12,12,6.89,7.2
2019-10-18,3,11,2,2,4344,8,40,6.89,7.2
2019-10-18,3,11,5,3,3888,14,59,6.94,7.2
2019-10-18,3,11,6,4,4247,49,21,6.84,7.2
2019-10-18,3,11,3,5,4177,16,57,6.9,7.2
2019-10-18,3,11,4,6,3839,22,17,6.96,7.2
2019-10-18,3,12,1,1,3997,38,49,6.82,8.9
2019-10-18,3,12,2,2,3687,21,52,6.8,8.9
2019-10-18,3,12,3,3,3712,17,64,6.83,8.9
2019-10-18,3,12,4,4,3304,48,23,6.92,8.9
2019-10-18,3,12,6,5,4222,40,32,6.88,8.9
2019-10-18,3,12,5,6,4423,41,29,6.8,8.9
2019-10-19,4,1,1,1,3462,30,20,6.87,11.1
2019-10-19,4,1,3,2,3981,54,2,6.82,11.1
2019-10-19,4,1,2,3,3234,18,16,6.94,11.1
2019-10-19,4,1,6,4,4106,45,31,6.88,11.1
2019-10-19,4,1,4,5,4540,65,18,6.83,11.1
2019-10-19,4,1,5,6,5093,58,9,6.89,11.1
2019-10-19,4,2,3,1,4942,20,13,6.79,117.9
2019-10-19,4,2,6,2,4273,2,45,6.82,117.9
2019-10-19,4,2,5,3,3753,56,43,6.95,117.9
2019-10-19,4,2,1,4,3293,51,27,6.81,117.9
2019-10-19,4,2,2,5,3637,55,1,6.9,117.9
2019-10-19,4,2,4,6,3620,10,61,6.9,117.9
2019-10-19,4,3,1,1,3839,22,17,6.85,27.6
2019-10-19,4,3,5,2,4475,24,54,6.77,27.6
2019-10-19,4,3,3,3,3712,17,64,6.79,27.6
2019-10-19,4,3,4,4,3997,38,49,6.91,27.6
2019-10-19,4,3,6,5,3571,66,46,6.94,27.6
2019-10-19,4,3,2,6,5031,37,19,6.8,27.6
2019-10-19,4,4,5,1,3543,59,8,6.83,40.5
2019-10-19,4,4,1,2,3808,28,5,6.91,40.5
2019-10-19,4,4,2,3,4177,16,57,6.84,40.5
2019-10-19,4,4,6,4,3607,11,36,6.89,40.5
2019-10-19,4,4,3,5,3662,50,50,6.82,40.5
2019-10-19,4,4,4,6,4143,9,11,6.99,40.5
2019-10-19,4,5,2,1,3304,48,23,6.85,9.1
2019-10-19,4,5,1,2,4003,19,7,6.8,9.1
2019-10-19,4,5,4,3,4222,40,32,6.83,9.1
2019-10-19,4,5,5,4,3936,31,56,6.81,9.1
2019-10-19,4,5,3,5,3234,18,16,6.78,9.1
2019-10-19,4,5,6,6,5092,44,44,6.88,9.1
2019-10-19,4,6,3,1,3888,14,59,6.82,52.7
2019-10-19,4,6,4,2,4137,57,38,6.87,52.7
2019-10-19,4,6,2,3,3362,29,39,6.85,52.7
2019-10-19,4,6,1,4,3081,47,66,6.82,52.7
2019-10-19,4,6,6,5,4185,35,30,6.84,52.7
2019-10-19,4,6,5,6,3637,55,1,6.9,52.7
2019-10-19,4,7,4,1,4344,8,40,6.85,39.5
2019-10-19,4,7,5,2,4106,45,31,6.84,39.5
2019-10-19,4,7,2,3,4475,24,54,6.77,39.5
2019-10-19,4,7,6,4,3753,56,43,6.95,39.5
2019-10-19,4,7,3,5,3319,23,24,6.82,39.5
2019-10-19,4,7,1,6,4860,7,47,6.78,39.5
2019-10-19,4,8,1,1,4218,64,22,6.8,14.3
2019-10-19,4,8,2,2,4413,12,12,6.83,14.3
2019-10-19,4,8,5,3,3981,54,2,6.84,14.3
2019-10-19,4,8,6,4,4942,20,13,6.82,14.3
2019-10-19,4,8,4,5,4177,16,57,6.81,14.3
2019-10-19,4,8,3,6,4423,41,29,6.85,14.3
2019-10-19,4,9,1,1,3997,38,49,6.85,18.4
2019-10-19,4,9,2,2,4491,52,26,6.86,18.4
2019-10-19,4,9,3,3,3808,28,5,6.94,18.4
2019-10-19,4,9,5,4,3304,48,23,6.92,18.4
2019-10-19,4,9,6,5,3454,1,60,6.98,18.4
2019-10-19,4,9,4,6,4142,5,15,6.84,18.4
2019-10-19,4,10,1,1,3543,59,8,6.83,12.3
2019-10-19,4,10,4,2,3362,29,39,6.87,12.3
2019-10-19,4,10,2,3,4273,2,45,6.83,12.3
2019-10-19,4,10,3,4,4247,49,21,6.82,12.3
2019-10-19,4,10,5,5,3687,21,52,6.91,12.3
2019-10-19,4,10,6,6,5093,58,9,6.87,12.3
2019-10-19,4,11,1,1,4137,57,38,6.82,69.5
2019-10-19,4,11,3,2,3293,51,27,6.96,69.5
2019-10-19,4,11,4,3,3462,30,20,6.82,69.5
2019-10-19,4,11,2,4,3319,23,24,6.85,69.5
2019-10-19,4,11,6,5,3712,17,64,6.85,69.5
2019-10-19,4,11,5,6,4222,40,32,6.87,69.5
2019-10-19,4,12,1,1,4344,8,40,6.75,63.1
2019-10-19,4,12,3,2,3571,66,46,6.85,63.1
2019-10-19,4,12,6,3,3662,50,50,6.8,63.1
2019-10-19,4,12,2,4,3888,14,59,6.79,63.1
2019-10-19,4,12,5,5,4218,64,22,6.88,63.1
2019-10-19,4,12,4,6,4003,19,7,6.85,63.1
2019-10-20,5,1,1,1,3712,17,64,6.78,24.0
2019-10-20,5,1,5,2,4423,41,29,6.77,24.0
2019-10-20,5,1,4,3,3081,47,66,6.75,24.0
2019-10-20,5,1,3,4,4185,35,30,6.82,24.0
2019-10-20,5,1,2,5,3571,66,46,6.78,24.0
2019-10-20,5,1,6,6,5092,44,44,6.74,24.0
2019-10-20,5,2,1,1,3234,18,16,6.8,24.1
2019-10-20,5,2,3,2,4143,9,11,6.92,24.1
2019-10-20,5,2,2,3,3936,31,56,6.86,24.1
2019-10-20,5,2,6,4,3620,10,61,6.94,24.1
2019-10-20,5,2,5,5,4491,52,26,6.86,24.1
2019-10-20,5,2,4,6,4860,7,47,6.81,24.1
2019-10-20,5,3,5,1,4475,24,54,6.79,127.5
2019-10-20,5,3,4,2,3997,38,49,6.82,127.5
2019-10-20,5,3,3,3,4273,2,45,6.89,127.5
2019-10-20,5,3,2,4,4106,45,31,6.86,127.5
2019-10-20,5,3,1,5,3808,28,5,6.93,127.5
2019-10-20,5,3,6,6,4177,16,57,6.98,127.5
2019-10-20,5,4,5,1,4137,57,38,6.88,90.8
2019-10-20,5,4,4,2,3981,54,2,6.83,90.8
2019-10-20,5,4,1,3,4003,19,7,6.82,90.8
2019-10-20,5,4,6,4,3543,59,8,6.83,90.8
2019-10-20,5,4,3,5,5031,37,19,6.81,90.8
2019-10-20,5,4,2,6,3607,11,36,6.81,90.8
2019-10-20,5,5,2,1,4218,64,22,6.86,44.3
2019-10-20,5,5,3,2,3888,14,59,6.84,44.3
2019-10-20,5,5,1,3,3304,48,23,6.82,44.3
2019-10-20,5,5,4,4,3753,56,43,6.88,44.3
2019-10-20,5,5,5,5,3637,55,1,6.88,44.3
2019-10-20,5,5,6,6,5093,58,9,6.87,44.3
2019-10-20,5,6,1,1,4222,40,32,6.78,19.0
2019-10-20,5,6,3,2,3839,22,17,6.88,19.0
2019-10-20,5,6,4,3,4142,5,15,6.81,19.0
2019-10-20,5,6,5,4,4413,12,12,6.8,19.0
2019-10-20,5,6,6,5,4247,49,21,6.77,19.0
2019-10-20,5,6,2,6,4540,65,18,6.91,19.0
2019-10-20,5,7,1,1,3687,21,52,6.82,16.3
2019-10-20,5,7,3,2,4423,41,29,6.89,16.3
2019-10-20,5,7,5,3,4344,8,40,6.82,16.3
2019-10-20,5,7,4,4,3319,23,24,6.83,16.3
2019-10-20,5,7,2,5,4942,20,13,6.83,16.3
2019-10-20,5,7,6,6,3454,1,60,6.96,16.3
2019-10-20,5,8,1,1,3362,29,39,6.9,7.2
2019-10-20,5,8,2,2,3662,50,50,6.76,7.2
2019-10-20,5,8,3,3,3293,51,27,6.91,7.2
2019-10-20,5,8,4,4,3462,30,20,6.84,7.2
2019-10-20,5,8,6,5,5031,37,19,6.71,7.2
2019-10-20,5,8,5,6,3936,31,56,6.79,7.2
2019-10-20,5,9,1,1,3543,59,8,6.76,79.0
2019-10-20,5,9,5,2,4106,45,31,6.88,79.0
2019-10-20,5,9,4,3,3888,14,59,6.8,79.0
2019-10-20,5,9,2,4,3997,38,49,6.85,79.0
2019-10-20,5,9,6,5,3712,17,64,6.82,79.0
2019-10-20,5,9,3,6,3304,48,23,6.8,79.0
2019-10-20,5,11,1,1,4344,8,40,6.79,11.4
2019-10-20,5,11,2,2,4475,24,54,6.79,11.4
2019-10-20,5,11,6,3,3687,21,52,6.8,11.4
2019-10-20,5,11,3,4,3362,29,39,6.82,11.4
2019-10-20,5,11,4,5,3839,22,17,6.79,11.4
2019-10-20,5,11,5,6,3607,11,36,6.77,11.4
2019-10-20,5,12,1,1,3319,23,24,6.81,12.7
2019-10-20,5,12,3,2,4142,5,15,6.9,12.7
2019-10-20,5,12,2,3,3081,47,66,6.82,12.7
2019-10-20,5,12,5,4,3981,54,2,6.86,12.7
2019-10-20,5,12,4,5,4177,16,57,6.91,12.7
2019-10-20,5,12,6,6,3753,56,43,6.94,12.7
2019-10-21,6,2,1,1,3753,56,43,6.84,16.0
2019-10-21,6,2,3,2,4491,52,26,6.9,16.0
2019-10-21,6,2,4,3,4860,7,47,6.88,16.0
2019-10-21,6,2,2,4,3293,51,27,6.82,16.0
2019-10-21,6,2,5,5,4143,9,11,6.87,16.0
2019-10-21,6,2,6,6,5093,58,9,6.88,16.0
2019-10-21,6,3,4,1,4942,20,13,6.77,101.9
2019-10-21,6,3,6,2,3319,23,24,6.79,101.9
2019-10-21,6,3,5,3,3571,66,46,6.94,101.9
2019-10-21,6,3,1,4,3620,10,61,6.85,101.9
2019-10-21,6,3,2,5,4185,35,30,6.9,101.9
2019-10-21,6,3,3,6,3839,22,17,6.94,101.9
2019-10-21,6,4,1,1,3607,11,36,6.74,14.4
2019-10-21,6,4,2,2,4423,41,29,6.92,14.4
2019-10-21,6,4,5,3,3662,50,50,6.85,14.4
2019-10-21,6,4,6,4,3888,14,59,6.88,14.4
2019-10-21,6,4,4,5,4273,2,45,6.85,14.4
2019-10-21,6,4,3,6,3936,31,56,6.91,14.4
2019-10-21,6,5,1,1,3304,48,23,6.87,22.2
2019-10-21,6,5,3,2,3808,28,5,7.01,22.2
2019-10-21,6,5,5,3,3081,47,66,6.84,22.2
2019-10-21,6,5,4,4,3462,30,20,6.92,22.2
2019-10-21,6,5,2,5,3981,54,2,6.82,22.2
2019-10-21,6,5,6,6,3234,18,16,6.86,22.2
2019-10-21,6,6,6,1,4413,12,12,6.8,328.0
2019-10-21,6,6,4,2,4491,52,26,6.9,328.0
2019-10-21,6,6,1,3,3362,29,39,6.83,328.0
2019-10-21,6,6,5,4,3293,51,27,6.86,328.0
2019-10-21,6,6,3,5,4540,65,18,6.81,328.0
2019-10-21,6,6,2,6,3712,17,64,6.81,328.0
2019-10-21,6,7,1,1,3997,38,49,6.78,28.0
2019-10-21,6,7,2,2,3637,55,1,6.89,28.0
2019-10-21,6,7,6,3,3454,1,60,6.86,28.0
2019-10-21,6,7,4,4,4003,19,7,6.9,28.0
2019-10-21,6,7,5,5,4860,7,47,6.9,28.0
2019-10-21,6,7,3,6,3571,66,46,6.88,28.0
2019-10-21,6,8,1,1,4218,64,6,6.88,35.4
2019-10-21,6,8,5,2,4185,35,30,6.87,35.4
2019-10-21,6,8,2,3,4142,5,15,6.82,35.4
2019-10-21,6,8,3,4,3620,10,61,6.96,35.4
2019-10-21,6,8,6,5,5092,44,44,6.87,35.4
2019-10-21,6,8,4,6,3687,21,52,6.95,35.4
2019-10-21,6,10,1,1,3888,14,59,6.73,18.9
2019-10-21,6,10,5,2,3304,48,23,6.86,18.9
2019-10-21,6,10,2,3,3362,29,39,6.86,18.9
2019-10-21,6,10,6,4,4247,49,21,6.82,18.9
2019-10-21,6,10,3,5,4003,19,7,6.84,18.9
2019-10-21,6,10,4,6,3839,22,17,6.9,18.9
2019-10-21,6,11,1,1,4413,12,12,6.86,15.9
2019-10-21,6,11,3,2,3997,38,49,6.94,15.9
2019-10-21,6,11,5,3,3607,11,36,6.86,15.9
2019-10-21,6,11,2,4,3687,21,52,6.86,15.9
2019-10-21,6,11,4,5,3712,17,64,7.01,15.9
2019-10-21,6,11,6,6,4218,64,6,6.91,15.9
2019-10-21,6,12,4,1,4475,24,54,6.79,99.4
2019-10-21,6,12,1,2,4344,8,40,6.77,99.4
2019-10-21,6,12,3,3,4137,57,38,6.88,99.4
2019-10-21,6,12,6,4,4222,40,32,6.8,99.4
2019-10-21,6,12,5,5,4106,45,31,6.91,99.4
2019-10-21,6,12,2,6,3543,59,8,6.83,99.4
2019-10-24,1,1,2,1,4642,16,34,6.89,141.6
2019-10-24,1,1,1,2,3463,31,3,6.8,141.6
2019-10-24,1,1,6,3,4649,44,7,6.98,141.6
2019-10-24,1,1,5,4,3990,64,4,6.93,141.6
2019-10-24,1,1,3,5,4878,27,62,6.92,141.6
2019-10-24,1,1,4,6,4946,29,6,7.02,141.6
2019-10-24,1,2,3,1,3910,54,65,6.78,210.1
2019-10-24,1,2,5,2,4893,3,56,6.94,210.1
2019-10-24,1,2,4,3,4729,50,5,6.91,210.1
2019-10-24,1,2,6,4,3655,46,15,6.98,210.1
2019-10-24,1,2,1,5,3710,11,20,6.88,210.1
2019-10-24,1,2,2,6,3325,39,27,6.85,210.1
2019-10-24,1,3,4,1,4401,12,14,6.93,101.4
2019-10-24,1,3,2,2,4387,26,64,6.84,101.4
2019-10-24,1,3,5,3,4314,10,53,6.99,101.4
2019-10-24,1,3,6,4,4352,20,13,6.84,101.4
2019-10-24,1,3,3,5,4198,28,47,6.9,101.4
2019-10-24,1,3,1,6,3831,7,25,6.9,101.4
2019-10-24,1,4,3,1,3965,6,33,6.91,77.4
2019-10-24,1,4,5,2,4437,38,57,6.81,77.4
2019-10-24,1,4,4,3,4244,61,44,6.88,77.4
2019-10-24,1,4,2,4,4306,15,10,6.85,77.4
2019-10-24,1,4,6,5,3743,60,30,6.9,77.4
2019-10-24,1,4,1,6,4250,57,52,6.86,77.4
2019-10-24,1,5,4,1,4614,62,17,6.77,49.1
2019-10-24,1,5,1,2,4313,58,36,6.81,49.1
2019-10-24,1,5,2,3,4374,47,48,6.88,49.1
2019-10-24,1,5,3,4,3659,19,2,6.89,49.1
2019-10-24,1,5,5,5,4529,5,63,6.9,49.1
2019-10-24,1,5,6,6,3277,9,16,6.96,49.1
2019-10-24,1,6,1,1,3642,37,21,6.78,18.1
2019-10-24,1,6,3,2,4302,48,41,6.77,18.1
2019-10-24,1,6,2,3,4486,36,45,6.86,18.1
2019-10-24,1,6,6,4,4102,13,35,6.89,18.1
2019-10-24,1,6,4,5,3644,66,61,6.76,18.1
2019-10-24,1,6,5,6,4946,29,6,6.88,18.1
2019-10-24,1,7,4,1,4861,2,24,6.8,133.8
2019-10-24,1,7,2,2,4076,4,55,6.88,133.8
2019-10-24,1,7,1,3,4181,34,60,6.83,133.8
2019-10-24,1,7,5,4,4450,33,51,6.89,133.8
2019-10-24,1,7,3,5,4085,43,58,6.92,133.8
2019-10-24,1,7,6,6,4198,28,47,6.88,133.8
2019-10-24,1,8,1,1,4043,21,28,6.85,26.9
2019-10-24,1,8,5,2,3910,54,65,6.81,26.9
2019-10-24,1,8,4,3,4314,10,53,6.88,26.9
2019-10-24,1,8,6,4,4306,15,10,6.85,26.9
2019-10-24,1,8,2,5,4649,44,7,6.83,26.9
2019-10-24,1,8,3,6,4938,63,1,6.83,26.9
2019-10-24,1,9,6,1,4614,62,17,6.89,225.6
2019-10-24,1,9,2,2,3849,55,9,6.95,225.6
2019-10-24,1,9,1,3,4401,12,14,6.88,225.6
2019-10-24,1,9,4,4,3990,64,4,6.9,225.6
2019-10-24,1,9,5,5,3965,6,33,6.92,225.6
2019-10-24,1,9,3,6,3655,46,15,7.01,225.6
2019-10-24,1,10,1,1,3659,19,2,6.96,41.5
2019-10-24,1,10,4,2,3463,31,3,6.85,41.5
2019-10-24,1,10,6,3,4076,4,55,6.98,41.5
2019-10-24,1,10,3,4,4437,38,57,6.89,41.5
2019-10-24,1,10,5,5,3831,7,25,6.99,41.5
2019-10-24,1,10,2,6,4102,13,35,6.92,41.5
2019-10-24,1,11,1,1,4450,33,51,6.78,34.8
2019-10-24,1,11,2,2,4893,3,56,6.87,34.8
2019-10-24,1,11,4,3,4313,58,36,6.78,34.8
2019-10-24,1,11,5,4,4878,27,62,6.85,34.8
2019-10-24,1,11,3,5,4387,26,64,6.83,34.8
2019-10-24,1,11,6,6,4244,61,44,6.82,34.8
2019-10-24,1,12,5,1,4043,21,28,6.96,180.0
2019-10-24,1,12,1,2,3849,55,9,6.95,180.0
2019-10-24,1,12,4,3,4352,20,13,6.83,180.0
2019-10-24,1,12,6,4,4302,48,41,6.82,180.0
2019-10-24,1,12,2,5,4085,43,58,6.91,180.0
2019-10-24,1,12,3,6,3743,60,37,7.05,180.0
2019-10-25,2,1,3,1,3463,31,3,6.81,268.5
2019-10-25,2,1,6,2,3990,64,4,6.94,268.5
2019-10-25,2,1,5,3,4374,47,48,6.96,268.5
2019-10-25,2,1,4,4,4181,34,60,6.92,268.5
2019-10-25,2,1,2,5,4250,57,52,6.93,268.5
2019-10-25,2,1,1,6,4437,38,57,6.87,268.5
2019-10-25,2,2,1,1,3277,9,16,6.86,14.6
2019-10-25,2,2,3,2,4529,5,63,6.8,14.6
2019-10-25,2,2,4,3,3710,11,20,6.89,14.6
2019-10-25,2,2,5,4,4861,2,24,6.77,14.6
2019-10-25,2,2,6,5,3642,37,21,6.84,14.6
2019-10-25,2,2,2,6,3831,7,25,6.94,14.6
2019-10-25,2,3,6,1,4043,21,28,6.92,20.8
2019-10-25,2,3,3,2,4102,13,35,6.82,20.8
2019-10-25,2,3,5,3,4401,12,14,6.85,20.8
2019-10-25,2,3,2,4,4946,29,6,6.86,20.8
2019-10-25,2,3,1,5,4198,28,47,6.88,20.8
2019-10-25,2,3,4,6,4642,16,34,6.8,20.8
2019-10-25,2,4,6,1,4450,33,51,6.87,52.5
2019-10-25,2,4,4,2,4302,48,41,6.85,52.5
2019-10-25,2,4,5,3,4076,4,55,6.92,52.5
2019-10-25,2,4,3,4,3644,66,61,6.82,52.5
2019-10-25,2,4,1,5,4306,15,10,6.84,52.5
2019-10-25,2,4,2,6,4938,63,1,6.84,52.5
2019-10-25,2,5,2,1,4878,27,62,6.78,93.0
2019-10-25,2,5,1,2,4085,43,23,6.89,93.0
2019-10-25,2,5,3,3,4649,44,7,6.92,93.0
2019-10-25,2,5,4,4,3849,55,9,6.89,93.0
2019-10-25,2,5,5,5,3325,39,27,6.91,93.0
2019-10-25,2,5,6,6,3910,54,65,6.82,93.0
2019-10-25,2,6,2,1,4314,10,53,6.73,20.1
2019-10-25,2,6,3,2,4614,62,17,6.8,20.1
2019-10-25,2,6,5,3,3743,60,37,6.94,20.1
2019-10-25,2,6,1,4,3655,46,15,6.86,20.1
2019-10-25,2,6,4,5,4893,3,56,6.96,20.1
2019-10-25,2,6,6,6,4374,47,48,6.92,20.1
2019-10-25,2,7,4,1,4529,5,63,6.94,637.6
2019-10-25,2,7,6,2,4486,36,45,6.85,637.6
2019-10-25,2,7,5,3,4352,20,13,6.84,637.6
2019-10-25,2,7,1,4,4387,26,64,6.8,637.6
2019-10-25,2,7,2,5,4043,21,28,6.94,637.6
2019-10-25,2,7,3,6,4729,50,5,6.86,637.6
2019-10-25,2,8,1,1,4302,48,41,6.85,36.1
2019-10-25,2,8,5,2,4642,16,34,6.88,36.1
2019-10-25,2,8,2,3,4313,58,36,6.85,36.1
2019-10-25,2,8,3,4,3642,37,21,6.95,36.1
2019-10-25,2,8,4,5,3659,19,2,7.0,36.1
2019-10-25,2,8,6,6,4250,57,52,6.89,36.1
2019-10-25,2,9,2,1,4450,33,51,6.87,35.4
2019-10-25,2,9,5,2,3463,31,3,6.74,35.4
2019-10-25,2,9,1,3,3965,6,33,6.91,35.4
2019-10-25,2,9,4,4,3277,9,16,6.91,35.4
2019-10-25,2,9,6,5,3849,55,9,6.97,35.4
2019-10-25,2,9,3,6,4244,61,44,6.9,35.4
2019-10-25,2,10,3,1,4861,2,24,6.88,142.6
2019-10-25,2,10,1,2,4102,13,35,6.82,142.6
2019-10-25,2,10,2,3,3990,64,4,6.86,142.6
2019-10-25,2,10,6,4,3644,66,61,6.84,142.6
2019-10-25,2,10,4,5,3743,60,37,6.88,142.6
2019-10-25,2,10,5,6,4085,43,23,6.88,142.6
2019-10-25,2,11,1,1,4614,62,17,6.74,27.8
2019-10-25,2,11,5,2,4649,44,7,6.9,27.8
2019-10-25,2,11,3,3,4486,36,45,6.91,27.8
2019-10-25,2,11,2,4,4437,38,57,6.87,27.8
2019-10-25,2,11,4,5,4938,63,1,6.81,27.8
2019-10-25,2,11,6,6,4401,12,14,6.84,27.8
2019-10-25,2,12,1,1,4352,20,13,6.8,9.4
2019-10-25,2,12,4,2,4076,4,55,6.9,9.4
2019-10-25,2,12,2,3,3965,6,33,6.89,9.4
2019-10-25,2,12,5,4,3659,19,2,6.88,9.4
2019-10-25,2,12,6,5,4314,10,53,6.93,9.4
2019-10-25,2,12,3,6,3710,11,20,6.91,9.4
2019-10-26,3,1,4,1,4306,15,10,6.77,223.1
2019-10-26,3,1,6,2,4437,38,57,6.85,223.1
2019-10-26,3,1,1,3,4076,4,55,6.88,223.1
2019-10-26,3,1,5,4,4102,13,35,6.85,223.1
2019-10-26,3,1,3,5,4181,34,60,6.82,223.1
2019-10-26,3,1,2,6,3910,54,65,6.81,223.1
2019-10-26,3,2,4,1,4878,27,62,6.75,71.9
2019-10-26,3,2,1,2,3644,66,61,6.77,71.9
2019-10-26,3,2,2,3,4529,5,63,6.84,71.9
2019-10-26,3,2,5,4,3655,46,15,6.84,71.9
2019-10-26,3,2,6,5,4387,26,64,6.76,71.9
2019-10-26,3,2,3,6,3325,39,27,6.84,71.9
2019-10-26,3,3,4,1,3965,6,33,6.89,62.1
2019-10-26,3,3,3,2,4642,16,34,6.81,62.1
2019-10-26,3,3,6,3,3659,19,2,6.87,62.1
2019-10-26,3,3,1,4,4374,47,48,6.75,62.1
2019-10-26,3,3,5,5,4486,36,45,6.89,62.1
2019-10-26,3,3,2,6,4729,50,5,6.85,62.1
2019-10-26,3,4,1,1,4244,61,44,6.83,47.5
2019-10-26,3,4,2,2,3463,31,3,6.8,47.5
2019-10-26,3,4,6,3,4313,58,36,6.83,47.5
2019-10-26,3,4,3,4,4352,20,13,6.86,47.5
2019-10-26,3,4,4,5,3642,37,21,6.86,47.5
2019-10-26,3,4,5,6,4938,63,1,6.86,47.5
2019-10-26,3,5,1,1,4314,10,53,6.76,16.2
2019-10-26,3,5,4,2,4450,33,51,6.87,16.2
2019-10-26,3,5,5,3,4306,15,10,6.76,16.2
2019-10-26,3,5,6,4,3710,11,20,6.81,16.2
2019-10-26,3,5,2,5,3743,60,37,6.82,16.2
2019-10-26,3,5,3,6,3277,9,16,6.85,16.2
2019-10-26,3,7,1,1,4486,36,45,6.84,94.5
2019-10-26,3,7,4,2,4198,28,47,6.83,94.5
2019-10-26,3,7,6,3,4085,43,23,6.82,94.5
2019-10-26,3,7,3,4,4302,48,41,6.76,94.5
2019-10-26,3,7,5,5,4250,57,52,6.82,94.5
2019-10-26,3,7,2,6,3655,46,15,6.84,94.5
2019-10-26,3,8,1,1,3990,64,4,6.74,27.6
2019-10-26,3,8,4,2,4614,62,17,6.75,27.6
2019-10-26,3,8,5,3,4729,50,5,6.89,27.6
2019-10-26,3,8,2,4,4352,20,13,6.81,27.6
2019-10-26,3,8,6,5,4181,34,60,6.83,27.6
2019-10-26,3,8,3,6,4946,29,6,6.89,27.6
2019-10-26,3,9,3,1,4450,33,51,6.87,15.4
2019-10-26,3,9,1,2,4649,44,7,6.8,15.4
2019-10-26,3,9,6,3,3965,6,33,6.91,15.4
2019-10-26,3,9,2,4,4861,2,24,6.82,15.4
2019-10-26,3,9,5,5,4313,58,36,6.84,15.4
2019-10-26,3,9,4,6,3325,39,27,6.85,15.4
2019-10-26,3,10,1,1,3743,60,37,6.89,16.4
2019-10-26,3,10,3,2,4401,12,14,6.84,16.4
2019-10-26,3,10,6,3,3463,31,3,6.85,16.4
2019-10-26,3,10,4,4,4102,13,35,6.89,16.4
2019-10-26,3,10,5,5,4387,26,64,6.86,16.4
2019-10-26,3,10,2,6,3659,19,2,6.93,16.4
2019-10-26,3,11,1,1,3849,55,9,6.88,10.8
2019-10-26,3,11,4,2,4437,38,57,6.89,10.8
2019-10-26,3,11,2,3,4302,48,41,6.83,10.8
2019-10-26,3,11,3,4,3990,64,4,6.89,10.8
2019-10-26,3,11,5,5,4314,10,53,6.83,10.8
2019-10-26,3,11,6,6,4878,27,62,6.83,10.8
2019-10-26,3,12,2,1,4614,62,17,6.78,17.6
2019-10-26,3,12,1,2,4043,21,28,6.81,17.6
2019-10-26,3,12,4,3,4085,43,23,6.82,17.6
2019-10-26,3,12,5,4,4649,44,7,6.84,17.6
2019-10-26,3,12,3,5,4076,4,55,6.8,17.6
2019-10-26,3,12,6,6,4642,16,34,6.83,17.6
2019-10-27,4,1,1,1,3990,64,4,6.85,15.6
2019-10-27,4,1,4,2,4250,57,52,6.86,15.6
2019-10-27,4,1,3,3,4198,28,47,6.84,15.6
2019-10-27,4,1,2,4,4374,47,48,6.89,15.6
2019-10-27,4,1,5,5,4946,29,6,6.92,15.6
2019-10-27,4,1,6,6,4938,63,1,6.8,15.6
2019-10-27,4,2,3,1,4181,34,60,6.82,311.5
2019-10-27,4,2,5,2,3644,66,61,6.86,311.5
2019-10-27,4,2,6,3,4729,50,5,6.78,311.5
2019-10-27,4,2,2,4,3710,11,20,6.8,311.5
2019-10-27,4,2,4,5,3831,7,25,6.81,311.5
2019-10-27,4,2,1,6,3325,39,27,6.81,311.5
2019-10-27,4,5,5,1,3642,37,21,6.85,1909.4
2019-10-27,4,5,3,2,3655,46,15,6.88,1909.4
2019-10-27,4,5,2,3,4352,20,13,6.82,1909.4
2019-10-27,4,5,4,4,3849,55,9,6.98,1909.4
2019-10-27,4,5,1,5,4649,44,7,6.79,1909.4
2019-10-27,4,5,6,6,4946,29,6,6.86,1909.4
2019-10-27,4,6,2,1,3965,6,33,6.91,39.8
2019-10-27,4,6,6,2,3743,60,37,6.83,39.8
2019-10-27,4,6,4,3,4437,38,57,6.83,39.8
2019-10-27,4,6,5,4,4043,21,28,6.86,39.8
2019-10-27,4,6,1,5,4878,27,62,6.81,39.8
2019-10-27,4,6,3,6,3831,7,25,6.91,39.8
2019-10-27,4,7,6,1,4614,62,17,6.77,40.5
2019-10-27,4,7,1,2,4529,5,63,6.81,40.5
2019-10-27,4,7,2,3,4401,12,14,6.83,40.5
2019-10-27,4,7,4,4,3659,19,2,6.93,40.5
2019-10-27,4,7,3,5,4313,58,36,6.76,40.5
2019-10-27,4,7,5,6,3277,9,16,6.89,40.5
2019-10-27,4,8,1,1,4314,10,53,6.82,13.5
2019-10-27,4,8,4,2,4085,43,23,6.85,13.5
2019-10-27,4,8,3,3,4387,26,64,6.77,13.5
2019-10-27,4,8,2,4,4102,13,35,6.94,13.5
2019-10-27,4,8,5,5,4198,28,47,6.86,13.5
2019-10-27,4,8,6,6,4893,3,56,6.9,13.5
2019-10-27,4,9,2,1,4302,48,41,6.73,23.2
2019-10-27,4,9,5,2,4352,20,13,6.77,23.2
2019-10-27,4,9,1,3,3463,31,3,6.76,23.2
2019-10-27,4,9,4,4,4878,27,62,6.8,23.2
2019-10-27,4,9,6,5,3990,64,4,6.8,23.2
2019-10-27,4,9,3,6,4861,2,24,6.71,23.2
2019-10-27,4,10,1,1,4450,33,51,6.77,57.6
2019-10-27,4,10,4,2,4486,36,45,6.84,57.6
2019-10-27,4,10,6,3,4649,44,7,6.85,57.6
2019-10-27,4,10,3,4,3965,6,33,6.87,57.6
2019-10-27,4,10,5,5,4529,5,63,6.87,57.6
2019-10-27,4,10,2,6,4043,21,28,6.83,57.6
2019-10-27,4,11,2,1,4314,10,53,6.87,104.2
2019-10-27,4,11,3,2,4076,4,43,6.94,104.2
2019-10-27,4,11,1,3,4614,62,17,6.81,104.2
2019-10-27,4,11,4,4,4642,16,34,6.85,104.2
2019-10-27,4,11,6,5,3910,54,65,6.8,104.2
2019-10-27,4,11,5,6,4401,12,14,6.85,104.2
2019-10-27,4,12,6,1,4085,43,23,6.78,716.3
2019-10-27,4,12,4,2,4374,47,48,6.86,716.3
2019-10-27,4,12,2,3,3644,66,61,6.75,716.3
2019-10-27,4,12,3,4,3849,55,9,6.88,716.3
2019-10-27,4,12,1,5,3659,19,2,6.92,716.3
2019-10-27,4,12,5,6,4244,61,44,6.83,716.3
2019-10-28,5,1,3,1,4306,15,10,6.77,50.8
2019-10-28,5,1,5,2,4387,26,64,6.85,50.8
2019-10-28,5,1,2,3,4181,34,60,6.86,50.8
2019-10-28,5,1,4,4,3277,9,16,6.9,50.8
2019-10-28,5,1,1,5,4313,58,36,6.83,50.8
2019-10-28,5,1,6,6,3325,39,27,6.89,50.8
2019-10-28,5,3,1,1,4729,50,5,6.81,29.9
2019-10-28,5,3,5,2,4437,38,57,6.84,29.9
2019-10-28,5,3,6,3,4649,44,7,6.8,29.9
2019-10-28,5,3,3,4,4244,61,44,6.85,29.9
2019-10-28,5,3,2,5,4861,2,24,6.8,29.9
2019-10-28,5,3,4,6,3642,37,21,6.88,29.9
2019-10-28,5,4,2,1,3910,54,65,6.7,54.1
2019-10-28,5,4,3,2,4878,27,62,6.8,54.1
2019-10-28,5,4,5,3,4102,13,35,6.83,54.1
2019-10-28,5,4,4,4,4198,28,47,6.84,54.1
2019-10-28,5,4,1,5,4938,63,1,6.79,54.1
2019-10-28,5,4,6,6,3849,55,9,6.87,54.1
2019-10-28,5,5,1,1,4085,43,23,6.81,41.6
2019-10-28,5,5,5,2,4181,34,60,6.76,41.6
2019-10-28,5,5,3,3,3743,60,37,6.88,41.6
2019-10-28,5,5,6,4,4529,5,63,6.76,41.6
2019-10-28,5,5,4,5,4642,16,34,6.78,41.6
2019-10-28,5,5,2,6,3277,9,16,6.82,41.6
2019-10-28,5,6,2,1,4043,21,28,6.82,42.6
2019-10-28,5,6,5,2,4614,62,17,6.78,42.6
2019-10-28,5,6,3,3,4250,57,52,6.83,42.6
2019-10-28,5,6,4,4,3644,66,61,6.78,42.6
2019-10-28,5,6,6,5,3659,19,2,6.85,42.6
2019-10-28,5,6,1,6,4893,3,56,6.84,42.6
2019-10-28,5,7,1,1,3965,6,33,6.96,14.6
2019-10-28,5,7,3,2,4387,26,64,6.78,14.6
2019-10-28,5,7,4,3,3710,11,20,6.87,14.6
2019-10-28,5,7,6,4,3463,31,3,6.84,14.6
2019-10-28,5,7,2,5,3990,64,4,6.84,14.6
2019-10-28,5,7,5,6,3655,46,15,6.96,14.6
2019-10-28,5,8,2,1,4437,38,57,6.81,21.3
2019-10-28,5,8,1,2,4401,12,14,6.81,21.3
2019-10-28,5,8,3,3,3642,37,21,6.83,21.3
2019-10-28,5,8,4,4,3849,55,9,6.88,21.3
2019-10-28,5,8,5,5,4938,63,1,6.81,21.3
2019-10-28,5,8,6,6,4374,47,48,6.85,21.3
2019-10-28,5,9,1,1,3743,60,37,6.85,17.3
2019-10-28,5,9,3,2,4102,13,35,6.82,17.3
2019-10-28,5,9,5,3,4729,50,5,6.87,17.3
2019-10-28,5,9,6,4,4306,15,10,6.81,17.3
2019-10-28,5,9,2,5,4244,61,44,6.83,17.3
2019-10-28,5,9,4,6,4085,43,23,6.88,17.3
2019-10-28,5,10,3,1,4642,16,34,6.81,62.9
2019-10-28,5,10,1,2,4649,44,7,6.79,62.9
2019-10-28,5,10,5,3,4043,21,28,6.82,62.9
2019-10-28,5,10,6,4,4313,58,36,6.76,62.9
2019-10-28,5,10,2,5,4878,27,62,6.81,62.9
2019-10-28,5,10,4,6,3910,54,65,6.83,62.9
2019-10-28,5,11,3,1,4529,5,63,6.85,564.3
2019-10-28,5,11,2,2,3965,6,33,6.94,564.3
2019-10-28,5,11,5,3,4861,2,24,6.9,564.3
2019-10-28,5,11,1,4,4614,62,17,6.79,564.3
2019-10-28,5,11,4,5,3990,64,4,6.86,564.3
2019-10-28,5,11,6,6,4401,12,14,6.86,564.3
2019-10-28,5,12,1,1,4450,33,51,6.79,8.1
2019-10-28,5,12,2,2,4302,48,41,6.74,8.1
2019-10-28,5,12,3,3,4314,10,53,6.84,8.1
2019-10-28,5,12,4,4,4076,4,43,6.93,8.1
2019-10-28,5,12,5,5,4486,36,45,6.88,8.1
2019-10-28,5,12,6,6,4352,20,13,6.82,8.1
2019-11-01,1,1,1,1,3912,22,26,6.75,12.3
2019-11-01,1,1,3,2,4262,65,32,6.8,12.3
2019-11-01,1,1,2,3,4311,66,21,6.77,12.3
2019-11-01,1,1,4,4,4445,54,47,6.76,12.3
2019-11-01,1,1,6,5,3788,62,8,6.85,12.3
2019-11-01,1,1,5,6,4095,57,40,6.75,12.3
2019-11-01,1,2,3,1,4055,49,31,6.83,47.9
2019-11-01,1,2,1,2,3541,60,14,6.78,47.9
2019-11-01,1,2,4,3,4448,59,12,6.76,47.9
2019-11-01,1,2,6,4,4362,47,60,6.82,47.9
2019-11-01,1,2,2,5,4042,23,66,6.77,47.9
2019-11-01,1,2,5,6,4424,51,10,6.7,47.9
2019-11-01,1,3,1,1,4601,33,5,6.74,41.4
2019-11-01,1,3,3,2,4287,3,59,6.82,41.4
2019-11-01,1,3,5,3,4266,50,9,6.85,41.4
2019-11-01,1,3,6,4,3300,45,23,6.86,41.4
2019-11-01,1,3,2,5,4398,44,28,6.68,41.4
2019-11-01,1,3,4,6,4028,55,51,6.82,41.4
2019-11-01,1,5,1,1,4451,27,38,6.73,12.8
2019-11-01,1,5,4,2,4459,58,17,6.8,12.8
2019-11-01,1,5,3,3,4074,64,61,6.83,12.8
2019-11-01,1,5,5,4,4324,13,64,6.79,12.8
2019-11-01,1,5,2,5,4230,30,27,6.76,12.8
2019-11-01,1,5,6,6,4295,14,56,6.83,12.8
2019-11-01,1,6,2,1,4397,40,33,6.82,47.8
2019-11-01,1,6,1,2,4290,38,41,6.73,47.8
2019-11-01,1,6,5,3,3779,11,16,6.73,47.8
2019-11-01,1,6,6,4,3744,41,55,6.73,47.8
2019-11-01,1,6,4,5,4136,2,36,6.81,47.8
2019-11-01,1,6,3,6,4166,37,52,6.83,47.8
2019-11-01,1,7,1,1,3983,26,37,6.71,45.8
2019-11-01,1,7,5,2,4055,49,31,6.87,45.8
2019-11-01,1,7,4,3,4308,17,65,6.75,45.8
2019-11-01,1,7,6,4,4445,54,47,6.74,45.8
2019-11-01,1,7,2,5,4643,24,25,6.84,45.8
2019-11-01,1,7,3,6,3590,8,50,6.8,45.8
2019-11-01,1,8,1,1,4604,34,45,6.84,12.3
2019-11-01,1,8,3,2,3415,9,54,6.83,12.3
2019-11-01,1,8,2,3,3984,36,15,6.79,12.3
2019-11-01,1,8,6,4,4448,59,12,6.7,12.3
2019-11-01,1,8,5,5,4398,44,28,6.83,12.3
2019-11-01,1,8,4,6,3788,62,8,6.82,12.3
2019-11-01,1,9,1,1,4030,6,22,6.76,6.1
2019-11-01,1,9,2,2,4205,16,49,6.79,6.1
2019-11-01,1,9,3,3,3300,45,23,6.75,6.1
2019-11-01,1,9,4,4,4362,47,60,6.87,6.1
2019-11-01,1,9,5,5,4311,66,21,6.87,6.1
2019-11-01,1,9,6,6,4171,56,20,6.84,6.1
2019-11-01,1,10,3,1,3744,41,55,6.75,110.3
2019-11-01,1,10,2,2,4074,64,61,6.85,110.3
2019-11-01,1,10,4,3,3541,60,14,6.82,110.3
2019-11-01,1,10,6,4,4262,65,32,6.78,110.3
2019-11-01,1,10,1,5,4266,50,9,6.86,110.3
2019-11-01,1,10,5,6,4184,48,29,6.79,110.3
2019-11-01,1,11,1,1,4028,55,51,6.75,10.5
2019-11-01,1,11,2,2,4013,52,63,6.87,10.5
2019-11-01,1,11,4,3,4095,57,40,6.71,10.5
2019-11-01,1,11,3,4,4424,51,10,6.77,10.5
2019-11-01,1,11,6,5,4459,58,17,6.82,10.5
2019-11-01,1,11,5,6,4397,40,33,6.9,10.5
2019-11-01,1,12,1,1,4320,31,34,6.65,11.5
2019-11-01,1,12,2,2,4337,20,2,6.84,11.5
2019-11-01,1,12,3,3,3622,35,18,6.82,11.5
2019-11-01,1,12,6,4,3908,29,30,6.85,11.5
2019-11-01,1,12,5,5,4044,5,3,6.7,11.5
2019-11-01,1,12,4,6,4024,15,57,6.71,11.5
2019-11-02,2,1,1,1,4459,58,17,6.79,30.9
2019-11-02,2,1,5,2,3983,26,37,6.72,30.9
2019-11-02,2,1,3,3,4451,27,38,6.78,30.9
2019-11-02,2,1,6,4,4337,20,2,6.77,30.9
2019-11-02,2,1,2,5,4184,48,29,6.69,30.9
2019-11-02,2,1,4,6,4290,38,41,6.84,30.9
2019-11-02,2,2,2,1,4166,37,52,6.78,37.9
2019-11-02,2,2,1,2,4324,13,64,6.75,37.9
2019-11-02,2,2,3,3,4643,24,7,6.79,37.9
2019-11-02,2,2,6,4,4044,5,3,6.77,37.9
2019-11-02,2,2,5,5,3984,36,15,6.74,37.9
2019-11-02,2,2,4,6,4266,50,9,6.79,37.9
2019-11-02,2,3,1,1,4424,51,10,6.72,46.3
2019-11-02,2,3,5,2,4604,34,45,6.85,46.3
2019-11-02,2,3,6,3,4205,16,49,6.75,46.3
2019-11-02,2,3,3,4,3256,12,24,6.91,46.3
2019-11-02,2,3,2,5,3788,62,8,6.78,46.3
2019-11-02,2,3,4,6,3908,29,30,6.86,46.3
2019-11-02,2,4,2,1,4095,57,40,6.76,130.3
2019-11-02,2,4,6,2,4024,15,57,6.82,130.3
2019-11-02,2,4,1,3,4295,14,56,6.72,130.3
2019-11-02,2,4,3,4,4042,23,66,6.76,130.3
2019-11-02,2,4,4,5,4230,30,27,6.79,130.3
2019-11-02,2,4,5,6,4136,2,36,6.83,130.3
2019-11-02,2,5,1,1,4308,17,65,6.68,8.5
2019-11-02,2,5,3,2,4320,31,34,6.67,8.5
2019-11-02,2,5,4,3,4601,33,5,6.71,8.5
2019-11-02,2,5,6,4,4397,40,33,6.82,8.5
2019-11-02,2,5,2,5,4772,1,35,6.8,8.5
2019-11-02,2,5,5,6,3956,4,13,6.87,8.5
2019-11-02,2,6,2,1,4448,59,12,6.78,254.0
2019-11-02,2,6,3,2,4311,66,21,6.78,254.0
2019-11-02,2,6,5,3,3912,22,26,6.78,254.0
2019-11-02,2,6,1,4,4171,56,20,6.8,254.0
2019-11-02,2,6,6,5,4055,49,31,6.79,254.0
2019-11-02,2,6,4,6,3622,35,18,6.8,254.0
2019-11-02,2,7,3,1,4044,5,3,6.81,85.8
2019-11-02,2,7,2,2,3744,41,55,6.79,85.8
2019-11-02,2,7,5,3,4451,27,38,6.87,85.8
2019-11-02,2,7,6,4,3541,60,14,6.9,85.8
2019-11-02,2,7,1,5,4362,47,60,6.83,85.8
2019-11-02,2,7,4,6,4398,44,28,6.85,85.8
2019-11-02,2,8,2,1,4024,15,57,6.74,38.0
2019-11-02,2,8,1,2,4445,54,47,6.69,38.0
2019-11-02,2,8,6,3,4028,55,51,6.75,38.0
2019-11-02,2,8,3,4,4290,38,41,6.85,38.0
2019-11-02,2,8,5,5,4166,37,52,6.82,38.0
2019-11-02,2,8,4,6,4287,3,59,6.86,38.0
2019-11-02,2,9,2,1,4320,31,34,6.76,18.7
2019-11-02,2,9,1,2,3300,45,23,6.85,18.7
2019-11-02,2,9,6,3,4604,34,45,6.84,18.7
2019-11-02,2,9,4,4,3983,26,37,6.73,18.7
2019-11-02,2,9,3,5,4324,13,64,6.8,18.7
2019-11-02,2,9,5,6,4042,23,66,6.79,18.7
2019-11-02,2,10,1,1,3908,29,30,6.9,16.7
2019-11-02,2,10,2,2,4262,65,32,6.75,16.7
2019-11-02,2,10,6,3,3984,36,15,6.83,16.7
2019-11-02,2,10,4,4,3912,22,26,6.8,16.7
2019-11-02,2,10,3,5,4308,17,65,6.83,16.7
2019-11-02,2,10,5,6,4230,30,27,6.78,16.7
2019-11-02,2,11,3,1,4337,20,2,6.86,73.0
2019-11-02,2,11,1,2,3622,35,18,6.85,73.0
2019-11-02,2,11,2,3,4295,14,56,6.86,73.0
2019-11-02,2,11,4,4,4205,16,49,6.75,73.0
2019-11-02,2,11,5,5,4643,24,7,6.86,73.0
2019-11-02,2,11,6,6,4601,33,5,6.86,73.0
2019-11-02,2,12,3,1,4030,6,22,6.87,58.9
2019-11-02,2,12,1,2,3415,9,54,6.8,58.9
2019-11-02,2,12,2,3,3590,8,50,6.78,58.9
2019-11-02,2,12,4,4,3779,11,16,6.79,58.9
2019-11-02,2,12,5,5,4013,52,63,6.9,58.9
2019-11-02,2,12,6,6,4074,64,61,6.84,58.9
2019-11-03,3,1,1,1,4643,24,7,6.79,8.3
2019-11-03,3,1,2,2,4028,55,51,6.7,8.3
2019-11-03,3,1,3,3,4136,2,36,6.77,8.3
2019-11-03,3,1,4,4,4295,14,56,6.74,8.3
2019-11-03,3,1,6,5,4013,52,63,6.88,8.3
2019-11-03,3,1,5,6,4171,56,20,6.81,8.3
2019-11-03,3,2,1,1,3788,62,8,6.71,40.4
2019-11-03,3,2,5,2,4074,64,61,6.76,40.4
2019-11-03,3,2,6,3,4184,48,29,6.75,40.4
2019-11-03,3,2,4,4,3256,12,24,6.8,40.4
2019-11-03,3,2,3,5,4772,1,35,6.82,40.4
2019-11-03,3,2,2,6,4324,13,64,6.8,40.4
2019-11-03,3,3,1,1,4230,30,27,6.76,31.3
2019-11-03,3,3,4,2,3744,41,55,6.72,31.3
2019-11-03,3,3,2,3,4445,54,47,6.78,31.3
2019-11-03,3,3,5,4,4262,65,32,6.74,31.3
2019-11-03,3,3,3,5,4095,57,40,6.74,31.3
2019-11-03,3,3,6,6,3415,9,54,6.77,31.3
2019-11-03,3,4,1,1,4166,37,52,6.75,104.7
2019-11-03,3,4,5,2,4287,3,59,6.84,104.7
2019-11-03,3,4,4,3,4311,66,21,6.83,104.7
2019-11-03,3,4,6,4,3779,11,16,6.86,104.7
2019-11-03,3,4,2,5,4459,58,17,6.79,104.7
2019-11-03,3,4,3,6,4362,47,60,6.84,104.7
2019-11-03,3,5,1,1,4042,23,66,6.72,11.3
2019-11-03,3,5,2,2,3541,60,14,6.78,11.3
2019-11-03,3,5,5,3,3590,8,50,6.78,11.3
2019-11-03,3,5,3,4,3912,22,26,6.75,11.3
2019-11-03,3,5,6,5,4308,17,65,6.84,11.3
2019-11-03,3,5,4,6,3300,45,23,6.79,11.3
2019-11-03,3,6,2,1,4030,6,22,6.83,22.5
2019-11-03,3,6,1,2,4448,59,12,6.74,22.5
2019-11-03,3,6,5,3,4290,38,41,6.86,22.5
2019-11-03,3,6,3,4,4604,34,45,6.87,22.5
2019-11-03,3,6,4,5,4424,51,10,6.79,22.5
2019-11-03,3,6,6,6,4398,44,28,6.81,22.5
2019-11-03,3,7,1,1,3984,36,15,6.78,57.1
2019-11-03,3,7,3,2,4266,50,9,6.81,57.1
2019-11-03,3,7,2,3,4451,27,38,6.76,57.1
2019-11-03,3,7,5,4,4320,31,34,6.76,57.1
2019-11-03,3,7,4,5,4074,64,61,6.82,57.1
2019-11-03,3,7,6,6,3956,4,13,6.88,57.1
2019-11-03,3,8,1,1,4397,40,33,6.73,10.7
2019-11-03,3,8,2,2,4055,49,31,6.8,10.7
2019-11-03,3,8,3,3,3908,29,30,6.79,10.7
2019-11-03,3,8,5,4,4028,55,51,6.78,10.7
2019-11-03,3,8,6,5,3622,35,18,6.8,10.7
2019-11-03,3,8,4,6,4262,65,32,6.78,10.7
2019-11-03,3,9,2,1,3983,26,37,6.74,185.5
2019-11-03,3,9,3,2,4459,58,17,6.78,185.5
2019-11-03,3,9,4,3,3415,9,54,6.79,185.5
2019-11-03,3,9,5,4,4013,52,63,6.9,185.5
2019-11-03,3,9,6,5,3256,12,24,6.77,185.5
2019-11-03,3,9,1,6,4205,16,49,6.73,185.5
2019-11-03,3,10,3,1,4601,33,5,6.77,78.7
2019-11-03,3,10,1,2,4044,5,3,6.71,78.7
2019-11-03,3,10,2,3,4287,3,59,6.83,78.7
2019-11-03,3,10,5,4,4772,1,35,6.81,78.7
2019-11-03,3,10,4,5,4171,56,20,6.73,78.7
2019-11-03,3,10,6,6,3590,8,50,6.77,78.7
2019-11-03,3,12,1,1,4024,15,57,6.67,5.9
2019-11-03,3,12,2,2,3779,11,16,6.79,5.9
2019-11-03,3,12,3,3,3541,60,14,6.79,5.9
2019-11-03,3,12,6,4,4095,57,40,6.73,5.9
2019-11-03,3,12,5,5,4448,59,12,6.81,5.9
2019-11-03,3,12,4,6,3956,4,13,6.78,5.9
2019-11-04,4,1,1,1,4311,66,21,6.72,44.2
2019-11-04,4,1,4,2,4055,49,31,6.83,44.2
2019-11-04,4,1,6,3,4643,24,7,6.81,44.2
2019-11-04,4,1,3,4,4028,55,51,6.67,44.2
2019-11-04,4,1,2,5,4266,50,9,6.77,44.2
2019-11-04,4,1,5,6,4308,17,65,6.72,44.2
2019-11-04,4,2,1,1,3256,12,24,6.74,13.5
2019-11-04,4,2,2,2,4290,38,41,6.66,13.5
2019-11-04,4,2,3,3,4287,3,59,6.77,13.5
2019-11-04,4,2,6,4,3983,26,37,6.7,13.5
2019-11-04,4,2,4,5,4397,40,33,6.79,13.5
2019-11-04,4,2,5,6,3622,35,18,6.72,13.5
2019-11-04,4,3,5,1,4459,58,17,6.77,127.2
2019-11-04,4,3,3,2,3984,36,15,6.74,127.2
2019-11-04,4,3,6,3,4166,37,52,6.74,127.2
2019-11-04,4,3,2,4,4424,51,10,6.68,127.2
2019-11-04,4,3,1,5,4398,44,28,6.77,127.2
2019-11-04,4,3,4,6,4184,48,29,6.71,127.2
2019-11-04,4,4,2,1,3300,45,23,6.81,25.7
2019-11-04,4,4,1,2,3956,4,13,6.74,25.7
2019-11-04,4,4,4,3,4337,20,2,6.73,25.7
2019-11-04,4,4,3,4,4171,56,20,6.73,25.7
2019-11-04,4,4,5,5,4362,47,60,6.78,25.7
2019-11-04,4,4,6,6,4324,13,64,6.77,25.7
2019-11-04,4,6,1,1,3590,8,50,6.64,7.8
2019-11-04,4,6,2,2,4604,34,45,6.68,7.8
2019-11-04,4,6,4,3,4451,27,38,6.78,7.8
2019-11-04,4,6,6,4,4030,6,22,6.74,7.8
2019-11-04,4,6,3,5,4230,30,27,6.72,7.8
2019-11-04,4,6,5,6,4601,33,5,6.77,7.8
2019-11-04,4,9,1,1,3744,41,55,6.59,10.3
2019-11-04,4,9,4,2,4166,37,52,6.68,10.3
2019-11-04,4,9,3,3,4024,15,57,6.61,10.3
2019-11-04,4,9,5,4,4295,14,56,6.62,10.3
2019-11-04,4,9,2,5,4362,47,60,6.74,10.3
2019-11-04,4,9,6,6,3912,22,26,6.76,10.3
2019-11-04,4,10,1,1,4262,65,32,6.63,13.6
2019-11-04,4,10,3,2,4184,48,29,6.71,13.6
2019-11-04,4,10,4,3,4604,34,45,6.76,13.6
2019-11-04,4,10,5,4,3541,60,14,6.74,13.6
2019-11-04,4,10,6,5,4266,50,9,6.73,13.6
2019-11-04,4,10,2,6,3622,35,18,6.72,13.6
2019-11-04,4,11,1,1,3779,11,16,6.65,6.2
2019-11-04,4,11,4,2,4320,31,34,6.63,6.2
2019-11-04,4,11,3,3,4397,40,33,6.69,6.2
2019-11-04,4,11,2,4,4601,33,5,6.69,6.2
2019-11-04,4,11,5,5,3300,45,23,6.84,6.2
2019-11-04,4,11,6,6,4424,51,10,6.73,6.2
2019-11-04,4,12,1,1,4287,3,59,6.75,9.9
2019-11-04,4,12,3,2,4205,16,49,6.74,9.9
2019-11-04,4,12,4,3,4044,5,3,6.73,9.9
2019-11-04,4,12,6,4,4451,27,38,6.77,9.9
2019-11-04,4,12,2,5,4308,17,65,6.74,9.9
2019-11-04,4,12,5,6,3908,29,30,6.76,9.9
2019-11-05,5,1,1,1,4772,1,35,6.75,20.9
2019-11-05,5,1,3,2,3956,4,13,6.77,20.9
2019-11-05,5,1,4,3,4042,23,66,6.75,20.9
2019-11-05,5,1,6,4,4445,54,47,6.74,20.9
2019-11-05,5,1,5,5,3300,45,23,6.73,20.9
2019-11-05,5,1,2,6,3256,12,24,6.79,20.9
2019-11-05,5,2,1,1,4095,57,40,6.68,13.6
2019-11-05,5,2,2,2,4362,47,60,6.79,13.6
2019-11-05,5,2,4,3,4643,24,7,6.75,13.6
2019-11-05,5,2,6,4,4044,5,3,6.74,13.6
2019-11-05,5,2,5,5,4398,44,28,6.66,13.6
2019-11-05,5,2,3,6,3912,22,26,6.73,13.6
2019-11-05,5,3,2,1,4266,50,9,6.76,30.4
2019-11-05,5,3,1,2,4171,56,20,6.69,30.4
2019-11-05,5,3,3,3,4295,14,56,6.77,30.4
2019-11-05,5,3,4,4,4230,30,27,6.77,30.4
2019-11-05,5,3,5,5,3788,62,8,6.79,30.4
2019-11-05,5,3,6,6,3908,29,30,6.81,30.4
2019-11-05,5,4,1,1,3622,35,18,6.72,13.8
2019-11-05,5,4,2,2,4424,51,10,6.67,13.8
2019-11-05,5,4,5,3,3415,9,54,6.81,13.8
2019-11-05,5,4,6,4,4290,38,41,6.84,13.8
2019-11-05,5,4,3,5,4308,17,65,6.78,13.8
2019-11-05,5,4,4,6,4324,13,64,6.77,13.8
2019-11-05,5,5,1,1,4028,55,51,6.7,14.6
2019-11-05,5,5,3,2,3256,12,24,6.81,14.6
2019-11-05,5,5,4,3,4184,48,29,6.79,14.6
2019-11-05,5,5,5,4,4337,20,2,6.9,14.6
2019-11-05,5,5,6,5,4013,52,63,6.88,14.6
2019-11-05,5,5,2,6,3300,45,23,6.83,14.6
2019-11-05,5,6,1,1,3590,8,50,6.78,12.5
2019-11-05,5,6,2,2,3956,4,13,6.83,12.5
2019-11-05,5,6,3,3,4445,54,47,6.82,12.5
2019-11-05,5,6,4,4,4397,40,33,6.78,12.5
2019-11-05,5,6,5,5,4362,47,60,6.86,12.5
2019-11-05,5,6,6,6,4055,49,31,6.81,12.5
2019-11-05,5,7,4,1,4171,56,20,6.8,318.1
2019-11-05,5,7,3,2,4095,57,40,6.76,318.1
2019-11-05,5,7,1,3,4205,16,49,6.72,318.1
2019-11-05,5,7,6,4,4042,23,66,6.85,318.1
2019-11-05,5,7,5,5,4601,33,5,6.79,318.1
2019-11-05,5,7,2,6,3788,62,8,6.86,318.1
2019-11-05,5,8,1,1,3415,9,54,6.74,14.2
2019-11-05,5,8,4,2,3622,35,18,6.81,14.2
2019-11-05,5,8,2,3,3912,22,26,6.81,14.2
2019-11-05,5,8,6,4,4230,30,27,6.83,14.2
2019-11-05,5,8,3,5,4772,1,35,6.9,14.2
2019-11-05,5,8,5,6,4266,50,9,6.87,14.2
2019-11-05,5,9,1,1,4024,15,57,6.8,15.6
2019-11-05,5,9,4,2,3984,36,15,6.83,15.6
2019-11-05,5,9,2,3,3744,41,55,6.82,15.6
2019-11-05,5,9,5,4,3541,60,14,6.93,15.6
2019-11-05,5,9,6,5,4262,65,32,6.87,15.6
2019-11-05,5,9,3,6,4459,58,17,6.85,15.6
2019-11-05,5,10,1,1,4320,31,34,6.69,9.7
2019-11-05,5,10,3,2,4451,27,38,6.9,9.7
2019-11-05,5,10,4,3,4074,64,61,6.92,9.7
2019-11-05,5,10,6,4,4136,2,36,6.91,9.7
2019-11-05,5,10,5,5,4448,59,12,6.95,9.7
2019-11-05,5,10,2,6,3983,26,37,6.81,9.7
2019-11-05,5,11,1,1,4030,6,22,6.82,12.4
2019-11-05,5,11,4,2,4166,37,52,6.83,12.4
2019-11-05,5,11,3,3,3779,11,16,6.86,12.4
2019-11-05,5,11,6,4,4287,3,59,6.91,12.4
2019-11-05,5,11,5,5,4311,66,21,6.9,12.4
2019-11-05,5,11,2,6,4604,34,45,6.81,12.4
2019-11-05,5,12,2,1,4295,14,56,6.74,50.6
2019-11-05,5,12,1,2,4337,20,2,6.86,50.6
2019-11-05,5,12,3,3,4643,24,7,6.74,50.6
2019-11-05,5,12,4,4,3590,8,50,6.82,50.6
2019-11-05,5,12,6,5,4397,40,33,6.88,50.6
2019-11-05,5,12,5,6,4324,13,64,6.79,50.6
2019-11-06,6,1,2,1,4308,17,65,6.72,49.2
2019-11-06,6,1,1,2,4290,38,41,6.75,49.2
2019-11-06,6,1,4,3,4362,47,60,6.78,49.2
2019-11-06,6,1,5,4,3590,8,50,6.82,49.2
2019-11-06,6,1,6,5,4772,1,35,6.81,49.2
2019-11-06,6,1,3,6,4230,30,27,6.75,49.2
2019-11-06,6,2,1,1,4445,54,47,6.7,35.2
2019-11-06,6,2,3,2,4601,33,5,6.69,35.2
2019-11-06,6,2,5,3,4184,48,29,6.74,35.2
2019-11-06,6,2,4,4,4266,50,9,6.74,35.2
2019-11-06,6,2,6,5,4171,56,20,6.73,35.2
2019-11-06,6,2,2,6,4262,65,32,6.69,35.2
2019-11-06,6,3,1,1,4397,40,33,6.65,19.3
2019-11-06,6,3,4,2,3779,11,16,6.8,19.3
2019-11-06,6,3,3,3,4424,51,10,6.69,19.3
2019-11-06,6,3,6,4,4205,16,49,6.84,19.3
2019-11-06,6,3,5,5,4295,14,56,6.77,19.3
2019-11-06,6,3,2,6,4604,34,45,6.68,19.3
2019-11-06,6,4,2,1,4074,64,61,6.75,18.1
2019-11-06,6,4,1,2,3541,60,14,6.73,18.1
2019-11-06,6,4,6,3,4028,55,51,6.71,18.1
2019-11-06,6,4,3,4,4398,44,28,6.76,18.1
2019-11-06,6,4,5,5,4311,66,21,6.82,18.1
2019-11-06,6,4,4,6,3956,4,13,6.82,18.1
2019-11-06,6,5,1,1,4136,2,36,6.81,11.4
2019-11-06,6,5,3,2,4044,5,3,6.78,11.4
2019-11-06,6,5,5,3,3744,41,55,6.7,11.4
2019-11-06,6,5,6,4,4337,20,2,6.79,11.4
2019-11-06,6,5,4,5,3256,12,24,6.87,11.4
2019-11-06,6,5,2,6,3983,26,37,6.73,11.4
2019-11-06,6,6,4,1,4448,59,12,6.8,135.4
2019-11-06,6,6,1,2,4459,58,17,6.75,135.4
2019-11-06,6,6,3,3,3912,22,26,6.85,135.4
2019-11-06,6,6,6,4,4095,57,40,6.72,135.4
2019-11-06,6,6,5,5,3622,35,18,6.81,135.4
2019-11-06,6,6,2,6,4184,48,29,6.76,135.4
2019-11-06,6,7,1,1,4287,3,59,6.78,18.8
2019-11-06,6,7,2,2,4324,13,64,6.74,18.8
2019-11-06,6,7,4,3,3300,45,23,6.87,18.8
2019-11-06,6,7,6,4,4013,52,63,6.92,18.8
2019-11-06,6,7,5,5,3415,9,54,6.84,18.8
2019-11-06,6,7,3,6,4205,16,49,6.83,18.8
2019-11-06,6,8,1,1,4042,23,66,6.75,16.6
2019-11-06,6,8,4,2,4643,24,7,6.85,16.6
2019-11-06,6,8,2,3,4398,44,28,6.83,16.6
2019-11-06,6,8,5,4,4308,17,65,6.79,16.6
2019-11-06,6,8,3,5,3788,62,8,6.85,16.6
2019-11-06,6,8,6,6,4055,49,31,6.85,16.6
2019-11-06,6,9,1,1,4044,5,3,6.77,8.1
2019-11-06,6,9,2,2,4601,33,5,6.77,8.1
2019-11-06,6,9,4,3,4028,55,51,6.78,8.1
2019-11-06,6,9,3,4,4290,38,41,6.87,8.1
2019-11-06,6,9,6,5,3908,29,30,6.92,8.1
2019-11-06,6,9,5,6,4424,51,10,6.81,8.1
2019-11-06,6,10,1,1,4311,66,21,6.88,9.9
2019-11-06,6,10,3,2,4262,65,32,6.76,9.9
2019-11-06,6,10,4,3,3983,26,37,6.82,9.9
2019-11-06,6,10,5,4,4604,34,45,6.84,9.9
2019-11-06,6,10,6,5,4459,58,17,6.83,9.9
2019-11-06,6,10,2,6,4448,59,12,6.82,9.9
2019-11-06,6,11,1,1,3744,41,55,6.77,3.9
2019-11-06,6,11,2,2,3779,11,16,6.8,3.9
2019-11-06,6,11,3,3,4074,64,61,6.83,3.9
2019-11-06,6,11,5,4,4136,2,36,6.86,3.9
2019-11-06,6,11,4,5,3541,60,14,6.94,3.9
2019-11-06,6,11,6,6,4287,3,59,6.87,3.9
2019-11-06,6,12,1,1,4030,6,22,6.78,5.0
2019-11-06,6,12,2,2,4320,31,34,6.75,5.0
2019-11-06,6,12,3,3,4024,15,57,6.7,5.0
2019-11-06,6,12,4,4,4451,27,38,6.76,5.0
2019-11-06,6,12,6,5,4166,37,52,6.83,5.0
2019-11-06,6,12,5,6,3984,36,15,6.82,5.0
2019-11-21,1,1,1,1,3832,9,61,6.89,43.4
2019-11-21,1,1,4,2,3535,43,18,6.87,43.4
2019-11-21,1,1,5,3,4979,41,62,6.9,43.4
2019-11-21,1,1,3,4,3773,17,59,6.86,43.4
2019-11-21,1,1,2,5,3305,7,32,6.87,43.4
2019-11-21,1,1,6,6,3539,22,19,6.82,43.4
2019-11-21,1,2,2,1,4818,49,33,6.8,18.2
2019-11-21,1,2,1,2,4020,23,5,6.79,18.2
2019-11-21,1,2,6,3,3973,52,8,6.82,18.2
2019-11-21,1,2,4,4,3544,35,25,6.96,18.2
2019-11-21,1,2,3,5,3979,45,4,6.96,18.2
2019-11-21,1,2,5,6,5071,8,11,6.88,18.2
2019-11-21,1,3,2,1,4508,37,6,6.76,84.4
2019-11-21,1,3,1,2,3789,21,44,6.79,84.4
2019-11-21,1,3,4,3,4154,50,46,6.7,84.4
2019-11-21,1,3,5,4,4000,53,17,6.83,84.4
2019-11-21,1,3,3,5,3968,18,10,6.9,84.4
2019-11-21,1,3,6,6,3874,13,2,6.82,84.4
2019-11-21,1,4,3,1,3918,10,50,6.87,127.6
2019-11-21,1,4,4,2,4695,36,1,6.85,127.6
2019-11-21,1,4,6,3,3790,40,30,6.9,127.6
2019-11-21,1,4,1,4,4381,1,16,6.73,127.6
2019-11-21,1,4,2,5,3643,14,3,6.85,127.6
2019-11-21,1,4,5,6,4082,34,58,6.87,127.6
2019-11-21,1,6,1,1,4989,20,39,6.8,11.1
2019-11-21,1,6,2,2,4278,12,43,6.85,11.1
2019-11-21,1,6,3,3,4377,19,65,6.95,11.1
2019-11-21,1,6,5,4,3305,7,32,6.95,11.1
2019-11-21,1,6,6,5,3920,55,66,6.86,11.1
2019-11-21,1,6,4,6,4145,2,63,6.93,11.1
2019-11-21,1,7,4,1,4371,38,49,6.84,11.9
2019-11-21,1,7,2,2,3268,39,34,6.79,11.9
2019-11-21,1,7,5,3,4201,6,52,6.91,11.9
2019-11-21,1,7,3,4,4422,4,53,6.85,11.9
2019-11-21,1,7,6,5,3544,35,25,6.94,11.9
2019-11-21,1,7,1,6,4979,41,62,6.88,11.9
2019-11-21,1,8,1,1,3568,16,48,6.89,5.3
2019-11-21,1,8,4,2,4704,57,38,6.81,5.3
2019-11-21,1,8,2,3,4058,54,13,6.95,5.3
2019-11-21,1,8,5,4,4508,37,6,6.87,5.3
2019-11-21,1,8,6,5,5071,8,11,6.85,5.3
2019-11-21,1,8,3,6,3539,22,19,6.93,5.3
2019-11-21,1,9,1,1,4575,47,27,6.76,8.9
2019-11-21,1,9,2,2,4488,15,26,6.82,8.9
2019-11-21,1,9,3,3,4732,46,45,6.84,8.9
2019-11-21,1,9,4,4,4082,34,58,6.84,8.9
2019-11-21,1,9,5,5,4154,50,46,6.86,8.9
2019-11-21,1,9,6,6,3535,43,18,6.89,8.9
2019-11-21,1,11,4,1,3920,55,66,6.9,51.1
2019-11-21,1,11,1,2,3268,39,34,6.72,51.1
2019-11-21,1,11,2,3,3790,40,30,6.9,51.1
2019-11-21,1,11,6,4,3968,18,10,6.92,51.1
2019-11-21,1,11,5,5,3832,9,61,6.9,51.1
2019-11-21,1,11,3,6,4818,49,33,6.84,51.1
2019-11-21,1,12,1,1,4371,38,49,6.71,12.4
2019-11-21,1,12,3,2,3874,13,2,6.75,12.4
2019-11-21,1,12,5,3,4757,44,55,6.91,12.4
2019-11-21,1,12,6,4,3918,10,50,6.9,12.4
2019-11-21,1,12,4,5,4278,12,43,6.86,12.4
2019-11-21,1,12,2,6,3568,16,48,6.83,12.4
2019-11-22,2,1,1,1,4704,57,38,6.75,4.7
2019-11-22,2,1,4,2,4926,51,54,6.71,4.7
2019-11-22,2,1,6,3,4020,23,5,6.81,4.7
2019-11-22,2,1,2,4,3979,45,4,6.9,4.7
2019-11-22,2,1,3,5,4145,2,63,6.84,4.7
2019-11-22,2,1,5,6,5073,3,31,6.84,4.7
2019-11-22,2,2,1,1,4154,50,46,6.7,23.7
2019-11-22,2,2,6,2,4381,1,16,6.84,23.7
2019-11-22,2,2,3,3,4989,20,39,6.86,23.7
2019-11-22,2,2,5,4,3058,11,41,6.89,23.7
2019-11-22,2,2,4,5,4422,4,53,6.9,23.7
2019-11-22,2,2,2,6,4695,36,1,6.85,23.7
2019-11-22,2,3,1,1,3305,7,32,6.81,49.2
2019-11-22,2,3,4,2,4173,48,22,6.88,49.2
2019-11-22,2,3,5,3,4377,19,65,6.91,49.2
2019-11-22,2,3,3,4,4575,47,27,6.89,49.2
2019-11-22,2,3,2,5,3544,35,25,6.91,49.2
2019-11-22,2,3,6,6,3268,39,34,6.87,49.2
2019-11-22,2,4,1,1,3773,17,59,6.84,10.7
2019-11-22,2,4,4,2,4201,6,52,6.88,10.7
2019-11-22,2,4,5,3,3918,10,50,6.89,10.7
2019-11-22,2,4,3,4,3643,14,3,6.86,10.7
2019-11-22,2,4,6,5,4058,54,13,6.96,10.7
2019-11-22,2,4,2,6,3789,21,44,6.84,10.7
2019-11-22,2,5,2,1,4979,41,62,6.87,74.4
2019-11-22,2,5,1,2,4082,34,58,6.78,74.4
2019-11-22,2,5,3,3,3920,55,66,6.85,74.4
2019-11-22,2,5,4,4,4488,15,26,6.78,74.4
2019-11-22,2,5,6,5,5071,8,11,6.8,74.4
2019-11-22,2,5,5,6,4145,2,63,6.89,74.4
2019-11-22,2,6,1,1,4926,51,54,6.65,163.2
2019-11-22,2,6,6,2,4526,5,40,6.8,163.2
2019-11-22,2,6,4,3,3539,22,19,6.79,163.2
2019-11-22,2,6,2,4,3874,13,2,6.75,163.2
2019-11-22,2,6,3,5,3832,9,61,6.9,163.2
2019-11-22,2,6,5,6,3973,52,8,6.89,163.2
2019-11-22,2,7,2,1,4757,44,55,6.91,22.7
2019-11-22,2,7,5,2,3268,39,34,6.82,22.7
2019-11-22,2,7,4,3,4000,53,17,6.87,22.7
2019-11-22,2,7,3,4,3058,11,41,6.92,22.7
2019-11-22,2,7,6,5,3979,45,4,7.01,22.7
2019-11-22,2,7,1,6,4818,49,33,6.86,22.7
2019-11-22,2,8,1,1,3918,10,50,6.85,20.4
2019-11-22,2,8,4,2,3771,56,29,6.91,20.4
2019-11-22,2,8,5,3,4695,36,1,6.82,20.4
2019-11-22,2,8,2,4,4732,46,45,6.76,20.4
2019-11-22,2,8,3,5,3535,43,18,6.92,20.4
2019-11-22,2,8,6,6,5073,3,31,6.85,20.4
2019-11-22,2,9,3,1,4371,38,49,6.86,10.8
2019-11-22,2,9,1,2,4508,37,6,6.79,10.8
2019-11-22,2,9,5,3,4278,12,43,6.95,10.8
2019-11-22,2,9,2,4,3968,18,10,6.86,10.8
2019-11-22,2,9,4,5,4989,20,39,6.96,10.8
2019-11-22,2,9,6,6,4575,47,27,6.88,10.8
2019-11-22,2,10,5,1,3568,16,48,6.87,138.9
2019-11-22,2,10,2,2,3920,55,66,6.77,138.9
2019-11-22,2,10,1,3,3790,40,30,6.82,138.9
2019-11-22,2,10,3,4,4704,57,38,6.77,138.9
2019-11-22,2,10,4,5,3789,21,44,6.8,138.9
2019-11-22,2,10,6,6,4422,4,53,6.86,138.9
2019-11-22,2,11,1,1,4757,44,55,6.84,15.3
2019-11-22,2,11,4,2,4377,19,65,6.87,15.3
2019-11-22,2,11,2,3,4526,5,40,6.73,15.3
2019-11-22,2,11,6,4,4488,15,26,6.78,15.3
2019-11-22,2,11,3,5,4058,54,13,6.98,15.3
2019-11-22,2,11,5,6,4381,1,16,6.77,15.3
2019-11-22,2,12,1,1,3874,13,2,6.79,55.5
2019-11-22,2,12,6,2,4173,48,22,6.85,55.5
2019-11-22,2,12,3,3,4082,34,58,6.82,55.5
2019-11-22,2,12,2,4,4201,6,52,6.84,55.5
2019-11-22,2,12,5,5,4732,46,45,6.84,55.5
2019-11-22,2,12,4,6,4020,23,5,6.84,55.5
2019-11-23,3,3,1,1,3058,11,41,6.72,47.5
2019-11-23,3,3,3,2,4020,23,5,6.84,47.5
2019-11-23,3,3,4,3,3268,39,34,6.85,47.5
2019-11-23,3,3,2,4,3771,56,29,6.9,47.5
2019-11-23,3,3,5,5,4704,57,38,6.77,47.5
2019-11-23,3,3,6,6,3773,17,59,6.81,47.5
2019-11-23,3,4,3,1,4278,12,43,6.87,31.9
2019-11-23,3,4,4,2,3832,9,61,6.91,31.9
2019-11-23,3,4,5,3,4818,49,33,6.92,31.9
2019-11-23,3,4,6,4,4000,53,17,6.85,31.9
2019-11-23,3,4,1,5,3973,52,8,6.83,31.9
2019-11-23,3,4,2,6,4422,4,53,6.88,31.9
2019-11-23,3,5,2,1,4989,20,39,6.8,115.2
2019-11-23,3,5,4,2,4732,46,45,6.81,115.2
2019-11-23,3,5,1,3,4173,48,22,6.77,115.2
2019-11-23,3,5,3,4,3568,16,48,6.9,115.2
2019-11-23,3,5,5,5,3979,45,4,6.92,115.2
2019-11-23,3,5,6,6,5071,8,11,6.9,115.2
2019-11-23,3,6,2,1,3918,10,50,6.89,13.7
2019-11-23,3,6,5,2,3920,55,66,6.89,13.7
2019-11-23,3,6,3,3,4926,51,54,6.83,13.7
2019-11-23,3,6,6,4,4201,6,52,6.91,13.7
2019-11-23,3,6,1,5,3535,43,18,6.87,13.7
2019-11-23,3,6,4,6,4575,47,27,6.86,13.7
2019-11-23,3,7,6,1,4154,50,46,6.79,225.3
2019-11-23,3,7,1,2,4695,36,1,6.77,225.3
2019-11-23,3,7,2,3,4371,38,49,6.83,225.3
2019-11-23,3,7,5,4,3790,40,30,6.95,225.3
2019-11-23,3,7,4,5,3643,14,3,6.94,225.3
2019-11-23,3,7,3,6,4757,44,55,6.9,225.3
2019-11-23,3,8,2,1,4082,34,58,6.85,68.1
2019-11-23,3,8,1,2,4526,5,40,6.81,68.1
2019-11-23,3,8,6,3,4818,49,33,6.87,68.1
2019-11-23,3,8,4,4,3874,13,2,6.9,68.1
2019-11-23,3,8,5,5,3544,35,25,6.96,68.1
2019-11-23,3,8,3,6,3789,21,44,6.88,68.1
2019-11-23,3,9,1,1,4058,54,13,6.86,10.4
2019-11-23,3,9,3,2,3268,39,34,6.81,10.4
2019-11-23,3,9,2,3,4381,1,16,6.79,10.4
2019-11-23,3,9,6,4,3305,7,32,6.88,10.4
2019-11-23,3,9,4,5,3568,16,48,6.99,10.4
2019-11-23,3,9,5,6,3539,22,19,6.9,10.4
2019-11-23,3,10,1,1,4732,46,45,6.77,20.7
2019-11-23,3,10,3,2,4488,15,26,6.86,20.7
2019-11-23,3,10,2,3,3973,52,8,6.81,20.7
2019-11-23,3,10,6,4,4377,19,65,6.91,20.7
2019-11-23,3,10,4,5,3918,10,50,6.97,20.7
2019-11-23,3,10,5,6,3773,17,59,6.93,20.7
2019-11-23,3,11,1,1,3920,55,66,6.78,11.8
2019-11-23,3,11,2,2,3832,9,61,6.87,11.8
2019-11-23,3,11,5,3,4371,38,49,6.84,11.8
2019-11-23,3,11,4,4,3968,18,10,6.89,11.8
2019-11-23,3,11,3,5,3771,56,29,6.84,11.8
2019-11-23,3,11,6,6,4979,41,62,6.94,11.8
2019-11-23,3,12,1,1,4278,12,43,6.81,41.0
2019-11-23,3,12,4,2,4508,37,6,6.9,41.0
2019-11-23,3,12,2,3,4173,48,22,6.8,41.0
2019-11-23,3,12,5,4,4526,5,40,6.84,41.0
2019-11-23,3,12,3,5,3790,40,30,6.93,41.0
2019-11-23,3,12,6,6,4704,57,38,6.89,41.0
2019-11-24,4,1,4,1,4818,49,33,6.83,179.7
2019-11-24,4,1,5,2,4989,20,39,6.79,179.7
2019-11-24,4,1,2,3,4575,47,27,6.78,179.7
2019-11-24,4,1,1,4,4488,15,26,6.79,179.7
2019-11-24,4,1,6,5,5073,3,31,6.76,179.7
2019-11-24,4,1,3,6,3773,17,59,6.8,179.7
2019-11-24,4,2,4,1,3979,45,4,6.84,488.0
2019-11-24,4,2,3,2,3973,52,8,6.88,488.0
2019-11-24,4,2,1,3,4145,2,63,6.8,488.0
2019-11-24,4,2,2,4,4020,23,5,6.84,488.0
2019-11-24,4,2,6,5,4695,36,1,6.81,488.0
2019-11-24,4,2,5,6,3535,43,18,6.84,488.0
2019-11-24,4,3,5,1,3874,13,2,6.79,30.1
2019-11-24,4,3,2,2,4926,51,54,6.73,30.1
2019-11-24,4,3,3,3,3771,56,29,6.82,30.1
2019-11-24,4,3,1,4,4422,4,53,6.9,30.1
2019-11-24,4,3,4,5,4058,54,13,6.87,30.1
2019-11-24,4,3,6,6,5071,8,11,6.9,30.1
2019-11-24,4,4,2,1,4377,19,65,6.9,83.3
2019-11-24,4,4,5,2,3968,18,10,6.92,83.3
2019-11-24,4,4,4,3,4381,1,16,6.85,83.3
2019-11-24,4,4,1,4,3544,35,25,6.93,83.3
2019-11-24,4,4,6,5,3058,11,41,6.88,83.3
2019-11-24,4,4,3,6,3568,16,48,6.94,83.3
2019-11-24,4,5,3,1,4757,44,55,6.89,7.8
2019-11-24,4,5,1,2,4201,6,52,6.86,7.8
2019-11-24,4,5,4,3,3790,40,30,6.83,7.8
2019-11-24,4,5,2,4,3539,22,19,6.82,7.8
2019-11-24,4,5,5,5,3789,21,44,6.87,7.8
2019-11-24,4,5,6,6,4508,37,6,6.86,7.8
2019-11-24,4,6,2,1,4526,5,40,6.79,31.7
2019-11-24,4,6,4,2,4732,46,45,6.85,31.7
2019-11-24,4,6,6,3,4000,53,17,6.93,31.7
2019-11-24,4,6,1,4,3643,14,3,6.86,31.7
2019-11-24,4,6,3,5,4154,50,46,6.82,31.7
2019-11-24,4,6,5,6,5073,3,31,6.86,31.7
2019-11-24,4,7,3,1,4371,38,49,6.9,10.5
2019-11-24,4,7,2,2,4704,57,38,6.85,10.5
2019-11-24,4,7,4,3,4278,12,43,6.82,10.5
2019-11-24,4,7,5,4,4575,47,27,6.91,10.5
2019-11-24,4,7,6,5,4926,51,54,6.77,10.5
2019-11-24,4,7,1,6,3979,45,4,6.86,10.5
2019-11-24,4,8,1,1,3920,55,66,6.85,10.1
2019-11-24,4,8,4,2,3832,9,61,6.9,10.1
2019-11-24,4,8,2,3,3268,39,34,6.86,10.1
2019-11-24,4,8,3,4,4381,1,16,6.84,10.1
2019-11-24,4,8,5,5,4422,4,53,6.96,10.1
2019-11-24,4,8,6,6,4989,20,39,6.92,10.1
2019-11-24,4,9,1,1,4377,19,65,6.87,17.5
2019-11-24,4,9,2,2,3874,13,2,6.77,17.5
2019-11-24,4,9,5,3,4020,23,5,6.88,17.5
2019-11-24,4,9,4,4,3918,10,50,6.82,17.5
2019-11-24,4,9,6,5,3789,21,44,6.83,17.5
2019-11-24,4,9,3,6,4979,41,62,6.94,17.5
2019-11-24,4,10,1,1,3568,16,48,6.91,7.5
2019-11-24,4,10,4,2,4526,5,40,6.78,7.5
2019-11-24,4,10,5,3,4173,48,22,6.95,7.5
2019-11-24,4,10,2,4,4145,2,63,6.86,7.5
2019-11-24,4,10,3,5,3305,7,32,6.91,7.5
2019-11-24,4,10,6,6,4082,34,58,6.88,7.5
2019-11-24,4,12,1,1,4371,38,49,6.86,70.3
2019-11-24,4,12,4,2,3058,11,41,6.89,70.3
2019-11-24,4,12,5,3,4058,54,13,6.97,70.3
2019-11-24,4,12,6,4,3832,9,61,6.97,70.3
2019-11-24,4,12,3,5,4201,6,52,6.9,70.3
2019-11-24,4,12,2,6,4732,46,45,6.76,70.3
2019-11-25,5,1,3,1,4732,46,45,6.63,9.1
2019-11-25,5,1,1,2,3790,40,30,6.86,9.1
2019-11-25,5,1,4,3,3832,9,61,6.79,9.1
2019-11-25,5,1,2,4,4695,36,1,6.79,9.1
2019-11-25,5,1,6,5,3643,14,3,6.81,9.1
2019-11-25,5,1,5,6,3544,35,25,6.82,9.1
2019-11-25,5,2,5,1,4173,48,22,6.77,39.7
2019-11-25,5,2,1,2,4020,23,5,6.83,39.7
2019-11-25,5,2,6,3,4757,44,55,6.79,39.7
2019-11-25,5,2,2,4,4818,49,33,6.82,39.7
2019-11-25,5,2,3,5,3535,43,18,6.85,39.7
2019-11-25,5,2,4,6,3058,11,41,6.79,39.7
2019-11-25,5,3,1,1,3773,17,59,6.81,240.0
2019-11-25,5,3,5,2,4377,19,65,6.77,240.0
2019-11-25,5,3,4,3,3789,21,44,6.82,240.0
2019-11-25,5,3,3,4,4989,20,39,6.76,240.0
2019-11-25,5,3,2,5,4704,57,38,6.73,240.0
2019-11-25,5,3,6,6,4526,5,40,6.78,240.0
2019-11-25,5,4,2,1,4488,15,26,6.77,30.7
2019-11-25,5,4,1,2,3305,7,32,6.74,30.7
2019-11-25,5,4,5,3,4278,12,43,6.79,30.7
2019-11-25,5,4,6,4,3920,55,66,6.81,30.7
2019-11-25,5,4,4,5,4154,50,46,6.73,30.7
2019-11-25,5,4,3,6,4422,4,53,6.84,30.7
2019-11-25,5,5,3,1,4201,6,52,6.85,47.6
2019-11-25,5,5,4,2,3268,39,34,6.81,47.6
2019-11-25,5,5,1,3,4082,34,58,6.76,47.6
2019-11-25,5,5,5,4,4145,2,63,6.84,47.6
2019-11-25,5,5,2,5,3539,22,19,6.79,47.6
2019-11-25,5,5,6,6,5073,3,31,6.82,47.6
2019-11-25,5,7,6,1,4371,38,49,6.83,437.1
2019-11-25,5,7,5,2,4575,47,27,6.83,437.1
2019-11-25,5,7,3,3,4979,41,62,6.85,437.1
2019-11-25,5,7,4,4,3874,13,2,6.72,437.1
2019-11-25,5,7,2,5,3973,52,8,6.83,437.1
2019-11-25,5,7,1,6,4058,54,13,6.76,437.1
2019-11-25,5,8,3,1,4154,50,46,6.74,136.8
2019-11-25,5,8,4,2,4732,46,45,6.72,136.8
2019-11-25,5,8,1,3,4526,5,40,6.79,136.8
2019-11-25,5,8,5,4,4704,57,38,6.78,136.8
2019-11-25,5,8,2,5,4278,12,43,6.79,136.8
2019-11-25,5,8,6,6,4020,23,5,6.85,136.8
2019-11-25,5,9,1,1,3920,55,66,6.75,16.3
2019-11-25,5,9,2,2,4377,19,65,6.74,16.3
2019-11-25,5,9,5,3,4818,49,33,6.86,16.3
2019-11-25,5,9,4,4,4201,6,52,6.92,16.3
2019-11-25,5,9,3,5,3268,39,34,6.84,16.3
2019-11-25,5,9,6,6,3790,40,30,6.89,16.3
2019-11-25,5,10,1,1,4757,44,55,6.75,6.6
2019-11-25,5,10,2,2,4173,48,22,6.68,6.6
2019-11-25,5,10,3,3,3832,9,61,6.85,6.6
2019-11-25,5,10,5,4,4488,15,26,6.82,6.6
2019-11-25,5,10,6,5,4508,37,6,6.75,6.6
2019-11-25,5,10,4,6,3771,56,29,6.87,6.6
2019-11-25,5,11,1,1,4371,38,49,6.79,6.1
2019-11-25,5,11,3,2,3874,13,2,6.81,6.1
2019-11-25,5,11,2,3,3918,10,50,6.82,6.1
2019-11-25,5,11,4,4,4989,20,39,6.85,6.1
2019-11-25,5,11,6,5,4082,34,58,6.76,6.1
2019-11-25,5,11,5,6,3568,16,48,6.88,6.1
2019-11-25,5,12,1,1,3968,18,10,6.79,33.6
2019-11-25,5,12,3,2,4695,36,1,6.82,33.6
2019-11-25,5,12,4,3,4058,54,13,6.88,33.6
2019-11-25,5,12,6,4,4000,53,17,6.84,33.6
2019-11-25,5,12,5,5,4926,51,54,6.77,33.6
2019-11-25,5,12,2,6,4381,1,16,6.81,33.6
2019-11-26,6,1,2,1,3979,45,4,6.92,238.7
2019-11-26,6,1,1,2,4488,15,26,6.84,238.7
2019-11-26,6,1,4,3,3535,43,18,6.85,238.7
2019-11-26,6,1,6,4,3773,17,59,6.81,238.7
2019-11-26,6,1,3,5,3544,35,25,6.87,238.7
2019-11-26,6,1,5,6,3305,7,32,6.81,238.7
2019-11-26,6,2,1,1,3643,14,3,6.84,44.3
2019-11-26,6,2,3,2,3789,21,44,6.82,44.3
2019-11-26,6,2,4,3,4422,4,53,6.85,44.3
2019-11-26,6,2,6,4,3973,52,8,6.8,44.3
2019-11-26,6,2,2,5,4145,2,63,6.68,44.3
2019-11-26,6,2,5,6,4381,1,16,6.74,44.3
2019-11-26,6,3,3,1,4926,51,54,6.77,82.7
2019-11-26,6,3,2,2,4201,6,52,6.83,82.7
2019-11-26,6,3,6,3,4757,44,55,6.89,82.7
2019-11-26,6,3,5,4,4154,50,46,6.81,82.7
2019-11-26,6,3,1,5,3058,11,41,6.72,82.7
2019-11-26,6,3,4,6,3968,18,10,6.81,82.7
2019-11-26,6,4,1,1,4704,57,38,6.84,9.3
2019-11-26,6,4,5,2,3920,55,66,6.93,9.3
2019-11-26,6,4,6,3,3568,16,48,6.93,9.3
2019-11-26,6,4,2,4,4979,41,62,6.82,9.3
2019-11-26,6,4,3,5,4818,49,33,6.9,9.3
2019-11-26,6,4,4,6,4695,36,1,6.78,9.3
2019-11-26,6,5,1,1,3918,10,50,6.81,5.7
2019-11-26,6,5,2,2,4526,5,40,6.8,5.7
2019-11-26,6,5,3,3,3832,9,61,6.86,5.7
2019-11-26,6,5,4,4,4377,19,65,6.85,5.7
2019-11-26,6,5,6,5,5071,8,11,6.89,5.7
2019-11-26,6,5,5,6,3539,22,19,6.83,5.7
2019-11-26,6,6,6,1,4000,53,17,6.83,3084.0
2019-11-26,6,6,3,2,4020,23,5,6.84,3084.0
2019-11-26,6,6,1,3,3268,39,34,6.76,3084.0
2019-11-26,6,6,2,4,4989,20,39,6.85,3084.0
2019-11-26,6,6,5,5,4371,38,49,6.82,3084.0
2019-11-26,6,6,4,6,4732,46,45,6.73,3084.0
2019-11-26,6,7,1,1,4278,12,43,6.84,11.4
2019-11-26,6,7,5,2,4173,48,22,6.9,11.4
2019-11-26,6,7,3,3,4058,54,13,6.89,11.4
2019-11-26,6,7,4,4,3773,17,59,6.84,11.4
2019-11-26,6,7,6,5,3790,40,30,6.88,11.4
2019-11-26,6,7,2,6,4508,37,6,6.86,11.4
2019-11-26,6,8,1,1,3874,13,2,6.77,71.2
2019-11-26,6,8,2,2,4082,34,58,6.86,71.2
2019-11-26,6,8,6,3,5073,3,31,6.82,71.2
2019-11-26,6,8,3,4,4575,47,27,6.83,71.2
2019-11-26,6,8,4,5,3771,56,29,6.86,71.2
2019-11-26,6,8,5,6,3979,45,4,6.88,71.2
2019-11-26,6,9,2,1,4154,50,46,6.83,536.2
2019-11-26,6,9,3,2,4526,5,40,6.84,536.2
2019-11-26,6,9,6,3,4704,57,38,6.77,536.2
2019-11-26,6,9,4,4,3918,10,50,6.88,536.2
2019-11-26,6,9,1,5,3920,55,66,6.79,536.2
2019-11-26,6,9,5,6,4488,15,26,6.86,536.2
2019-11-26,6,11,1,1,4371,38,49,6.81,14.6
2019-11-26,6,11,3,2,3874,13,2,6.81,14.6
2019-11-26,6,11,5,3,4201,6,52,6.92,14.6
2019-11-26,6,11,4,4,4818,49,33,6.87,14.6
2019-11-26,6,11,2,5,4173,48,22,6.83,14.6
2019-11-26,6,11,6,6,3268,39,34,6.82,14.6
2019-11-26,6,12,1,1,3771,56,29,6.81,63.2
2019-11-26,6,12,5,2,4020,23,5,6.89,63.2
2019-11-26,6,12,4,3,3973,52,8,6.87,63.2
2019-11-26,6,12,2,4,3305,7,32,6.86,63.2
2019-11-26,6,12,6,5,3968,18,10,6.82,63.2
2019-11-26,6,12,3,6,3568,16,48,6.87,63.2
2019-11-27,7,1,1,1,3790,40,30,6.83,22.0
2019-11-27,7,1,6,2,3058,11,41,6.78,22.0
2019-11-27,7,1,4,3,4979,41,62,6.86,22.0
2019-11-27,7,1,3,4,3539,22,19,6.77,22.0
2019-11-27,7,1,2,5,3535,43,18,6.83,22.0
2019-11-27,7,1,5,6,5071,8,11,6.83,22.0
2019-11-27,7,2,1,1,3973,52,8,6.75,12.3
2019-11-27,7,2,3,2,4381,1,16,6.74,12.3
2019-11-27,7,2,5,3,4695,36,1,6.88,12.3
2019-11-27,7,2,2,4,4422,4,53,6.85,12.3
2019-11-27,7,2,6,5,5073,3,31,6.81,12.3
2019-11-27,7,2,4,6,3544,35,25,6.9,12.3
2019-11-27,7,3,4,1,4575,47,27,6.79,78.9
2019-11-27,7,3,5,2,3832,9,61,6.87,78.9
2019-11-27,7,3,2,3,3643,14,3,6.71,78.9
2019-11-27,7,3,6,4,3305,7,32,6.82,78.9
2019-11-27,7,3,3,5,3789,21,44,6.79,78.9
2019-11-27,7,3,1,6,4508,37,6,6.69,78.9
2019-11-27,7,4,1,1,4278,12,43,6.82,27.3
2019-11-27,7,4,6,2,4058,54,13,6.88,27.3
2019-11-27,7,4,2,3,4926,51,54,6.74,27.3
2019-11-27,7,4,4,4,4145,2,63,6.81,27.3
2019-11-27,7,4,5,5,4818,49,33,6.92,27.3
2019-11-27,7,4,3,6,3979,45,4,6.91,27.3
2019-11-27,7,5,5,1,4979,41,62,6.92,582.4
2019-11-27,7,5,4,2,4082,34,58,6.77,582.4
2019-11-27,7,5,3,3,3920,55,66,6.89,582.4
2019-11-27,7,5,2,4,4020,23,5,6.87,582.4
2019-11-27,7,5,6,5,5071,8,11,6.9,582.4
2019-11-27,7,5,1,6,4173,48,22,6.73,582.4
2019-11-27,7,6,1,1,3268,39,34,6.81,8.4
2019-11-27,7,6,3,2,3773,17,59,6.86,8.4
2019-11-27,7,6,5,3,4704,57,38,6.89,8.4
2019-11-27,7,6,6,4,3771,56,29,6.87,8.4
2019-11-27,7,6,2,5,3544,35,25,6.93,8.4
2019-11-27,7,6,4,6,3539,22,19,6.85,8.4
2019-11-27,7,7,1,1,4732,46,45,6.7,38.7
2019-11-27,7,7,3,2,3058,11,41,6.81,38.7
2019-11-27,7,7,5,3,4422,4,53,6.86,38.7
2019-11-27,7,7,2,4,4488,15,26,6.84,38.7
2019-11-27,7,7,4,5,3789,21,44,6.84,38.7
2019-11-27,7,7,6,6,4201,6,52,6.88,38.7
2019-11-27,7,8,1,1,3918,10,50,6.79,12.0
2019-11-27,7,8,2,2,3968,18,10,6.78,12.0
2019-11-27,7,8,3,3,4145,2,63,6.87,12.0
2019-11-27,7,8,4,4,3790,40,30,6.87,12.0
2019-11-27,7,8,6,5,4989,20,39,6.78,12.0
2019-11-27,7,8,5,6,3535,43,18,6.9,12.0
2019-11-27,7,9,4,1,4381,1,16,6.76,367.9
2019-11-27,7,9,2,2,4575,47,27,6.85,367.9
2019-11-27,7,9,1,3,3568,16,48,6.82,367.9
2019-11-27,7,9,6,4,4000,53,17,6.86,367.9
2019-11-27,7,9,5,5,3643,14,3,6.85,367.9
2019-11-27,7,9,3,6,4082,34,58,6.75,367.9
2019-11-27,7,10,2,1,4818,49,33,6.85,213.4
2019-11-27,7,10,3,2,4278,12,43,6.86,213.4
2019-11-27,7,10,4,3,3920,55,66,6.9,213.4
2019-11-27,7,10,5,4,4488,15,26,6.87,213.4
2019-11-27,7,10,6,5,3268,39,34,6.85,213.4
2019-11-27,7,10,1,6,3832,9,61,6.88,213.4
2019-11-27,7,11,3,1,3918,10,50,6.85,52.9
2019-11-27,7,11,2,2,4704,57,38,6.82,52.9
2019-11-27,7,11,4,3,4173,48,22,6.79,52.9
2019-11-27,7,11,5,4,4732,46,45,6.76,52.9
2019-11-27,7,11,1,5,4201,6,52,6.93,52.9
2019-11-27,7,11,6,6,4508,37,6,6.91,52.9
2019-11-27,7,12,1,1,4371,38,49,6.86,7.6
2019-11-27,7,12,2,2,4154,50,46,6.75,7.6
2019-11-27,7,12,4,3,4757,44,55,6.91,7.6
2019-11-27,7,12,6,4,4526,5,40,6.85,7.6
2019-11-27,7,12,3,5,4377,19,65,6.89,7.6
2019-11-27,7,12,5,6,3874,13,2,6.83,7.6
2019-11-30,1,1,1,1,3975,1,58,6.72,11.1
2019-11-30,1,1,4,2,3409,44,66,6.85,11.1
2019-11-30,1,1,2,3,3243,8,6,6.77,11.1
2019-11-30,1,1,5,4,4098,36,32,6.82,11.1
2019-11-30,1,1,3,5,4310,45,51,6.71,11.1
2019-11-30,1,1,6,6,4723,4,57,6.81,11.1
2019-11-30,1,2,3,1,4992,66,16,6.75,67.3
2019-11-30,1,2,1,2,4220,47,62,6.69,67.3
2019-11-30,1,2,6,3,3877,9,54,6.81,67.3
2019-11-30,1,2,2,4,4284,31,31,6.74,67.3
2019-11-30,1,2,5,5,3528,61,53,6.74,67.3
2019-11-30,1,2,4,6,4088,64,56,6.78,67.3
2019-11-30,1,4,1,1,4231,5,47,6.76,17.7
2019-11-30,1,4,6,2,3833,12,19,6.8,17.7
2019-11-30,1,4,4,3,3892,63,15,6.77,17.7
2019-11-30,1,4,5,4,3683,7,18,6.81,17.7
2019-11-30,1,4,3,5,4221,37,30,6.8,17.7
2019-11-30,1,4,2,6,3871,33,21,6.74,17.7
2019-11-30,1,5,1,1,4434,46,22,6.79,146.0
2019-11-30,1,5,5,2,4169,43,12,6.83,146.0
2019-11-30,1,5,4,3,3955,3,64,6.96,146.0
2019-11-30,1,5,6,4,5069,65,11,6.84,146.0
2019-11-30,1,5,2,5,4387,60,38,6.81,146.0
2019-11-30,1,5,3,6,4578,30,24,6.75,146.0
2019-11-30,1,6,5,1,4453,38,26,6.77,568.2
2019-11-30,1,6,4,2,3243,8,6,6.8,568.2
2019-11-30,1,6,2,3,4544,29,35,6.7,568.2
2019-11-30,1,6,6,4,4144,34,48,6.79,568.2
2019-11-30,1,6,3,5,3220,32,43,6.89,568.2
2019-11-30,1,6,1,6,4708,58,63,6.79,568.2
2019-11-30,1,7,3,1,3978,28,14,6.89,43.7
2019-11-30,1,7,2,2,3801,6,25,6.86,43.7
2019-11-30,1,7,4,3,4220,47,62,6.8,43.7
2019-11-30,1,7,1,4,4963,40,55,6.84,43.7
2019-11-30,1,7,5,5,3629,10,4,6.83,43.7
2019-11-30,1,7,6,6,4310,45,51,6.72,43.7
2019-11-30,1,8,1,1,3158,25,17,6.8,21.5
2019-11-30,1,8,2,2,3892,63,15,6.89,21.5
2019-11-30,1,8,5,3,4723,4,57,6.81,21.5
2019-11-30,1,8,3,4,3491,2,1,6.85,21.5
2019-11-30,1,8,4,5,4428,62,46,6.81,21.5
2019-11-30,1,8,6,6,4992,66,16,6.87,21.5
2019-11-30,1,9,1,1,3955,3,64,6.9,5.3
2019-11-30,1,9,2,2,4301,39,44,6.94,5.3
2019-11-30,1,9,3,3,4254,27,33,6.85,5.3
2019-11-30,1,9,5,4,4111,35,9,6.88,5.3
2019-11-30,1,9,4,5,4284,31,31,6.84,5.3
2019-11-30,1,9,6,6,3409,44,66,6.93,5.3
2019-11-30,1,10,1,1,3514,41,52,6.79,20.5
2019-11-30,1,10,5,2,4434,46,22,6.78,20.5
2019-11-30,1,10,4,3,3975,1,58,6.79,20.5
2019-11-30,1,10,2,4,3877,9,54,6.81,20.5
2019-11-30,1,10,3,5,4144,34,48,6.71,20.5
2019-11-30,1,10,6,6,4359,24,60,6.9,20.5
2019-11-30,1,11,1,1,4387,60,38,6.83,20.3
2019-11-30,1,11,2,2,3334,26,7,6.88,20.3
2019-11-30,1,11,6,3,4098,36,32,6.79,20.3
2019-11-30,1,11,5,4,3871,33,21,6.92,20.3
2019-11-30,1,11,3,5,3528,61,53,6.85,20.3
2019-11-30,1,11,4,6,3801,6,25,6.88,20.3
2019-11-30,1,12,1,1,3978,28,14,6.81,13.8
2019-11-30,1,12,2,2,3158,25,17,6.74,13.8
2019-11-30,1,12,3,3,3284,59,37,6.88,13.8
2019-11-30,1,12,6,4,4578,30,24,6.79,13.8
2019-11-30,1,12,5,5,4544,29,35,6.86,13.8
2019-11-30,1,12,4,6,3833,12,19,6.77,13.8
2019-12-01,2,1,4,1,3491,2,1,6.95,325.1
2019-12-01,2,1,1,2,4428,62,46,6.83,325.1
2019-12-01,2,1,5,3,4708,58,63,6.91,325.1
2019-12-01,2,1,2,4,4098,36,32,6.84,325.1
2019-12-01,2,1,3,5,4231,5,47,6.87,325.1
2019-12-01,2,1,6,6,4221,37,30,6.86,325.1
2019-12-01,2,2,4,1,4453,38,26,6.87,48.8
2019-12-01,2,2,3,2,4963,40,55,6.81,48.8
2019-12-01,2,2,1,3,3701,11,20,6.8,48.8
2019-12-01,2,2,2,4,4723,4,57,6.83,48.8
2019-12-01,2,2,6,5,4284,31,31,6.77,48.8
2019-12-01,2,2,5,6,5069,65,11,6.74,48.8
2019-12-01,2,3,6,1,4301,39,44,6.96,93.7
2019-12-01,2,3,3,2,4220,47,62,6.87,93.7
2019-12-01,2,3,4,3,4359,24,60,6.88,93.7
2019-12-01,2,3,2,4,4169,43,12,6.87,93.7
2019-12-01,2,3,5,5,4254,27,33,6.97,93.7
2019-12-01,2,3,1,6,4088,64,56,6.88,93.7
2019-12-01,2,4,4,1,4387,60,38,6.84,524.4
2019-12-01,2,4,2,2,3528,61,53,6.87,524.4
2019-12-01,2,4,3,3,3629,10,4,6.85,524.4
2019-12-01,2,4,1,4,3243,8,6,6.8,524.4
2019-12-01,2,4,5,5,3514,41,52,6.88,524.4
2019-12-01,2,4,6,6,4434,46,22,6.79,524.4
2019-12-01,2,5,1,1,3220,32,43,6.85,16.5
2019-12-01,2,5,3,2,3801,6,25,6.81,16.5
2019-12-01,2,5,4,3,3978,28,14,6.89,16.5
2019-12-01,2,5,2,4,4708,58,63,6.88,16.5
2019-12-01,2,5,5,5,3409,44,66,6.89,16.5
2019-12-01,2,5,6,6,3871,33,21,6.79,16.5
2019-12-01,2,6,5,1,4578,30,24,6.89,119.3
2019-12-01,2,6,2,2,4111,35,9,6.9,119.3
2019-12-01,2,6,4,3,4221,37,30,6.93,119.3
2019-12-01,2,6,3,4,3683,7,18,6.88,119.3
2019-12-01,2,6,1,5,4310,45,51,6.73,119.3
2019-12-01,2,6,6,6,5069,65,11,6.86,119.3
2019-12-01,2,7,1,1,3877,9,54,6.88,18.9
2019-12-01,2,7,2,2,3955,3,64,6.9,18.9
2019-12-01,2,7,3,3,3833,12,19,6.92,18.9
2019-12-01,2,7,5,4,3284,59,37,6.88,18.9
2019-12-01,2,7,4,5,4963,40,55,6.83,18.9
2019-12-01,2,7,6,6,3491,2,1,6.88,18.9
2019-12-01,2,8,1,1,4144,34,48,6.76,11.3
2019-12-01,2,8,2,2,3975,1,58,6.8,11.3
2019-12-01,2,8,3,3,3334,26,7,6.85,11.3
2019-12-01,2,8,4,4,4544,29,35,6.7,11.3
2019-12-01,2,8,5,5,4088,64,56,6.82,11.3
2019-12-01,2,8,6,6,4988,13,36,6.96,11.3
2019-12-01,2,9,1,1,4992,66,16,6.88,67.1
2019-12-01,2,9,3,2,4453,38,26,6.85,67.1
2019-12-01,2,9,5,3,3158,25,17,6.89,67.1
2019-12-01,2,9,2,4,3514,41,52,6.76,67.1
2019-12-01,2,9,4,5,4169,43,12,6.91,67.1
2019-12-01,2,9,6,6,3801,6,25,6.9,67.1
2019-12-01,2,10,1,1,4359,24,60,6.89,41.7
2019-12-01,2,10,4,2,4578,30,24,6.89,41.7
2019-12-01,2,10,6,3,4387,60,38,6.8,41.7
2019-12-01,2,10,3,4,3892,63,15,6.95,41.7
2019-12-01,2,10,2,5,4428,62,46,6.84,41.7
2019-12-01,2,10,5,6,3978,28,14,6.94,41.7
2019-12-01,2,11,1,1,3284,59,37,6.88,21.3
2019-12-01,2,11,2,2,4231,5,47,6.89,21.3
2019-12-01,2,11,6,3,3629,10,4,6.9,21.3
2019-12-01,2,11,5,4,4301,39,3,6.96,21.3
2019-12-01,2,11,3,5,4111,35,9,6.94,21.3
2019-12-01,2,11,4,6,3220,32,43,6.9,21.3
2019-12-01,2,12,2,1,4434,46,22,6.83,34.8
2019-12-01,2,12,1,2,3833,12,19,6.9,34.8
2019-12-01,2,12,5,3,4144,34,48,6.81,34.8
2019-12-01,2,12,3,4,3701,11,20,6.92,34.8
2019-12-01,2,12,6,5,3683,7,18,6.87,34.8
2019-12-01,2,12,4,6,4254,27,33,6.89,34.8
2019-12-02,3,1,1,1,3683,7,18,6.82,56.9
2019-12-02,3,1,4,2,3528,61,53,6.82,56.9
2019-12-02,3,1,5,3,3877,9,54,6.95,56.9
2019-12-02,3,1,3,4,4708,58,63,6.89,56.9
2019-12-02,3,1,6,5,4220,47,62,6.78,56.9
2019-12-02,3,1,2,6,3409,44,66,6.93,56.9
2019-12-02,3,2,6,1,3243,8,6,6.81,164.0
2019-12-02,3,2,4,2,4723,4,57,6.85,164.0
2019-12-02,3,2,2,3,4310,45,51,6.76,164.0
2019-12-02,3,2,3,4,4284,31,31,6.85,164.0
2019-12-02,3,2,5,5,3334,26,7,6.85,164.0
2019-12-02,3,2,1,6,4221,37,30,6.85,164.0
2019-12-02,3,3,1,1,3491,2,1,6.89,29.6
2019-12-02,3,3,2,2,4453,38,26,6.91,29.6
2019-12-02,3,3,6,3,3158,25,17,6.84,29.6
2019-12-02,3,3,3,4,3871,33,21,6.88,29.6
2019-12-02,3,3,5,5,3220,32,43,7.02,29.6
2019-12-02,3,3,4,6,3629,10,4,6.86,29.6
2019-12-02,3,4,3,1,4301,39,3,6.81,12.0
2019-12-02,3,4,5,2,3975,1,58,6.75,12.0
2019-12-02,3,4,4,3,4434,46,22,6.71,12.0
2019-12-02,3,4,2,4,4088,64,56,6.81,12.0
2019-12-02,3,4,1,5,4098,36,32,6.8,12.0
2019-12-02,3,4,6,6,5069,65,11,6.87,12.0
2019-12-02,3,5,4,1,4144,34,48,6.73,1053.2
2019-12-02,3,5,6,2,3528,61,53,6.72,1053.2
2019-12-02,3,5,2,3,4963,40,55,6.79,1053.2
2019-12-02,3,5,1,4,3892,63,15,6.72,1053.2
2019-12-02,3,5,5,5,3701,11,20,6.71,1053.2
2019-12-02,3,5,3,6,3955,3,64,6.81,1053.2
2019-12-02,3,6,2,1,4428,62,46,6.74,68.2
2019-12-02,3,6,3,2,3514,41,52,6.76,68.2
2019-12-02,3,6,6,3,4111,35,9,6.85,68.2
2019-12-02,3,6,5,4,4387,60,38,6.77,68.2
2019-12-02,3,6,4,5,4231,5,47,6.74,68.2
2019-12-02,3,6,1,6,4723,4,57,6.72,68.2
2019-12-02,3,7,3,1,4544,29,35,6.82,31.1
2019-12-02,3,7,1,2,4169,43,12,6.72,31.1
2019-12-02,3,7,4,3,4992,66,16,6.8,31.1
2019-12-02,3,7,2,4,3629,10,4,6.78,31.1
2019-12-02,3,7,5,5,4359,24,60,6.88,31.1
2019-12-02,3,7,6,6,4988,13,36,6.91,31.1
2019-12-02,3,8,1,1,4578,30,24,6.76,10.7
2019-12-02,3,8,2,2,4434,46,22,6.79,10.7
2019-12-02,3,8,6,3,4453,38,26,6.76,10.7
2019-12-02,3,8,5,4,4284,31,31,6.78,10.7
2019-12-02,3,8,3,5,3409,44,66,6.82,10.7
2019-12-02,3,8,4,6,3284,59,37,6.87,10.7
2019-12-02,3,9,2,1,3978,28,14,6.81,26.7
2019-12-02,3,9,5,2,3833,12,19,6.8,26.7
2019-12-02,3,9,4,3,3871,33,21,6.8,26.7
2019-12-02,3,9,6,4,4254,27,33,6.77,26.7
2019-12-02,3,9,1,5,3334,26,7,6.73,26.7
2019-12-02,3,9,3,6,4098,36,32,6.83,26.7
2019-12-02,3,11,1,1,4301,39,3,6.82,29.5
2019-12-02,3,11,3,2,3243,8,6,6.81,29.5
2019-12-02,3,11,5,3,3892,63,15,6.73,29.5
2019-12-02,3,11,4,4,3514,41,52,6.8,29.5
2019-12-02,3,11,6,5,3220,32,43,6.78,29.5
2019-12-02,3,11,2,6,4359,24,60,6.85,29.5
2019-12-02,3,12,1,1,4544,29,35,6.75,17.9
2019-12-02,3,12,3,2,3975,1,58,6.8,17.9
2019-12-02,3,12,6,3,3955,3,64,6.8,17.9
2019-12-02,3,12,2,4,4578,30,24,6.83,17.9
2019-12-02,3,12,5,5,4428,62,46,6.86,17.9
2019-12-02,3,12,4,6,3877,9,54,6.93,17.9
2019-12-03,4,2,1,1,3528,61,53,6.68,11.6
2019-12-03,4,2,2,2,3491,2,1,6.8,11.6
2019-12-03,4,2,4,3,4708,58,63,6.76,11.6
2019-12-03,4,2,6,4,4169,43,12,6.77,11.6
2019-12-03,4,2,5,5,4221,37,30,6.77,11.6
2019-12-03,4,2,3,6,4088,64,56,6.72,11.6
2019-12-03,4,3,2,1,3833,12,19,6.7,12.2
2019-12-03,4,3,3,2,3892,63,15,6.71,12.2
2019-12-03,4,3,4,3,3683,7,18,6.72,12.2
2019-12-03,4,3,5,4,4220,47,62,6.62,12.2
2019-12-03,4,3,6,5,4963,40,55,6.8,12.2
2019-12-03,4,3,1,6,3871,33,21,6.69,12.2
2019-12-03,4,4,2,1,3158,25,17,6.74,25.0
2019-12-03,4,4,1,2,3409,44,66,6.68,25.0
2019-12-03,4,4,4,3,3955,3,64,6.75,25.0
2019-12-03,4,4,3,4,3975,1,58,6.66,25.0
2019-12-03,4,4,6,5,4231,5,47,6.78,25.0
2019-12-03,4,4,5,6,4988,13,36,6.81,25.0
2019-12-03,4,5,1,1,3629,10,4,6.79,12.8
2019-12-03,4,5,4,2,4301,39,3,6.8,12.8
2019-12-03,4,5,3,3,4723,4,57,6.83,12.8
2019-12-03,4,5,2,4,4254,27,33,6.76,12.8
2019-12-03,4,5,6,5,3334,26,7,6.69,12.8
2019-12-03,4,5,5,6,5069,65,11,6.69,12.8
2019-12-03,4,6,2,1,3284,59,37,6.88,54.7
2019-12-03,4,6,6,2,4544,29,35,6.87,54.7
2019-12-03,4,6,5,3,4992,66,16,6.9,54.7
2019-12-03,4,6,4,4,4310,45,51,6.78,54.7
2019-12-03,4,6,1,5,4284,31,31,6.82,54.7
2019-12-03,4,6,3,6,3801,6,25,6.75,54.7
2019-12-03,4,8,1,1,3833,12,19,6.72,17.9
2019-12-03,4,8,2,2,3220,32,43,6.74,17.9
2019-12-03,4,8,3,3,3877,9,54,6.78,17.9
2019-12-03,4,8,4,4,3978,28,14,6.8,17.9
2019-12-03,4,8,5,5,4231,5,47,6.83,17.9
2019-12-03,4,8,6,6,4708,58,63,6.79,17.9
2019-12-03,4,9,3,1,4578,30,24,6.71,37.3
2019-12-03,4,9,4,2,4144,34,48,6.73,37.3
2019-12-03,4,9,5,3,4963,40,55,6.72,37.3
2019-12-03,4,9,1,4,4254,27,33,6.63,37.3
2019-12-03,4,9,2,5,4221,37,30,6.75,37.3
2019-12-03,4,9,6,6,4988,13,36,6.83,37.3
2019-12-03,4,10,1,1,3284,59,37,6.77,17.7
2019-12-03,4,10,2,2,4220,47,62,6.79,17.7
2019-12-03,4,10,6,3,4428,62,46,6.77,17.7
2019-12-03,4,10,3,4,4359,24,60,6.93,17.7
2019-12-03,4,10,4,5,3158,25,17,6.86,17.7
2019-12-03,4,10,5,6,3491,2,1,6.81,17.7
2019-12-03,4,11,4,1,4111,35,9,6.79,196.0
2019-12-03,4,11,1,2,3514,41,52,6.68,196.0
2019-12-03,4,11,6,3,3975,1,58,6.66,196.0
2019-12-03,4,11,2,4,4301,39,3,6.71,196.0
2019-12-03,4,11,5,5,3801,6,25,6.75,196.0
2019-12-03,4,11,3,6,4169,43,12,6.72,196.0
2019-12-03,4,12,1,1,3978,28,14,6.71,34.8
2019-12-03,4,12,5,2,3955,3,64,6.73,34.8
2019-12-03,4,12,2,3,4544,29,35,6.76,34.8
2019-12-03,4,12,3,4,3629,10,4,6.75,34.8
2019-12-03,4,12,6,5,3892,63,15,6.73,34.8
2019-12-03,4,12,4,6,4387,60,38,6.81,34.8
2019-12-04,5,1,3,1,3877,9,54,6.93,86.5
2019-12-04,5,1,1,2,4111,35,9,6.76,86.5
2019-12-04,5,1,2,3,4963,40,55,6.76,86.5
2019-12-04,5,1,4,4,4098,36,32,6.81,86.5
2019-12-04,5,1,6,5,3491,2,1,6.82,86.5
2019-12-04,5,1,5,6,4231,5,47,6.86,86.5
2019-12-04,5,2,1,1,3334,26,7,6.74,12.1
2019-12-04,5,2,2,2,3871,33,21,6.8,12.1
2019-12-04,5,2,5,3,4310,45,51,6.7,12.1
2019-12-04,5,2,6,4,4221,37,30,6.81,12.1
2019-12-04,5,2,3,5,4088,64,56,6.75,12.1
2019-12-04,5,2,4,6,4284,31,31,6.77,12.1
2019-12-04,5,3,1,1,4220,47,62,6.69,23.4
2019-12-04,5,3,2,2,4992,66,16,6.75,23.4
2019-12-04,5,3,6,3,3833,12,19,6.72,23.4
2019-12-04,5,3,5,4,3975,1,58,6.72,23.4
2019-12-04,5,3,3,5,3220,32,43,6.76,23.4
2019-12-04,5,3,4,6,3409,44,66,6.73,23.4
2019-12-04,5,4,1,1,3158,25,17,6.74,13.5
2019-12-04,5,4,4,2,3284,59,37,6.79,13.5
2019-12-04,5,4,6,3,4544,29,35,6.77,13.5
2019-12-04,5,4,2,4,4387,60,38,6.71,13.5
2019-12-04,5,4,5,5,4723,4,57,6.78,13.5
2019-12-04,5,4,3,6,4254,27,33,6.74,13.5
2019-12-04,5,5,4,1,4453,38,26,6.72,51.1
2019-12-04,5,5,1,2,4144,34,48,6.62,51.1
2019-12-04,5,5,2,3,3978,28,14,6.74,51.1
2019-12-04,5,5,5,4,4708,58,63,6.79,51.1
2019-12-04,5,5,3,5,3514,41,52,6.7,51.1
2019-12-04,5,5,6,6,4988,13,36,6.78,51.1
2019-12-04,5,7,1,1,4428,62,46,6.7,21.1
2019-12-04,5,7,3,2,3701,11,20,6.84,21.1
2019-12-04,5,7,2,3,3892,63,15,6.74,21.1
2019-12-04,5,7,6,4,4301,39,3,6.82,21.1
2019-12-04,5,7,4,5,3220,32,43,6.83,21.1
2019-12-04,5,7,5,6,4088,64,56,6.79,21.1
2019-12-04,5,8,1,1,3955,3,64,6.83,5.6
2019-12-04,5,8,2,2,3629,10,4,6.74,5.6
2019-12-04,5,8,3,3,4169,43,12,6.82,5.6
2019-12-04,5,8,4,4,3801,6,25,6.77,5.6
2019-12-04,5,8,5,5,3871,33,21,6.75,5.6
2019-12-04,5,8,6,6,5069,65,11,6.79,5.6
2019-12-04,5,9,3,1,4453,38,26,6.8,766.7
2019-12-04,5,9,6,2,4220,47,62,6.71,766.7
2019-12-04,5,9,5,3,4144,34,48,6.78,766.7
2019-12-04,5,9,1,4,4544,29,35,6.71,766.7
2019-12-04,5,9,4,5,3158,25,17,6.79,766.7
2019-12-04,5,9,2,6,3975,1,58,6.73,766.7
2019-12-04,5,10,1,1,3833,12,19,6.69,5.5
2019-12-04,5,10,2,2,4578,30,24,6.72,5.5
2019-12-04,5,10,3,3,3978,28,14,6.67,5.5
2019-12-04,5,10,6,4,4111,35,9,6.82,5.5
2019-12-04,5,10,4,5,3243,8,6,6.78,5.5
2019-12-04,5,10,5,6,4387,60,38,6.75,5.5
2019-12-04,5,12,1,1,3683,7,18,6.83,8.8
2019-12-04,5,12,4,2,3514,41,52,6.81,8.8
2019-12-04,5,12,2,3,4254,27,33,6.76,8.8
2019-12-04,5,12,3,4,3409,44,66,6.83,8.8
2019-12-04,5,12,6,5,3801,6,25,6.89,8.8
2019-12-04,5,12,5,6,3877,9,54,6.94,8.8
2019-12-05,6,1,1,1,4359,24,60,6.8,24.5
2019-12-05,6,1,5,2,3701,11,20,6.8,24.5
2019-12-05,6,1,3,3,4231,5,47,6.77,24.5
2019-12-05,6,1,2,4,4284,31,31,6.66,24.5
2019-12-05,6,1,4,5,4723,4,57,6.79,24.5
2019-12-05,6,1,6,6,4992,66,16,6.77,24.5
2019-12-05,6,2,5,1,4169,43,12,6.72,59.6
2019-12-05,6,2,4,2,4310,45,51,6.64,59.6
2019-12-05,6,2,6,3,4963,40,55,6.74,59.6
2019-12-05,6,2,1,4,4221,37,30,6.72,59.6
2019-12-05,6,2,3,5,4708,58,63,6.8,59.6
2019-12-05,6,2,2,6,4088,64,56,6.73,59.6
2019-12-05,6,3,4,1,3871,33,21,6.75,91.6
2019-12-05,6,3,6,2,3683,7,18,6.8,91.6
2019-12-05,6,3,2,3,4098,36,41,6.73,91.6
2019-12-05,6,3,1,4,3491,2,1,6.77,91.6
2019-12-05,6,3,3,5,3243,8,6,6.8,91.6
2019-12-05,6,3,5,6,5069,65,11,6.74,91.6
2019-12-05,6,4,3,1,3409,44,66,6.76,206.7
2019-12-05,6,4,5,2,3629,10,4,6.75,206.7
2019-12-05,6,4,4,3,3877,9,54,6.82,206.7
2019-12-05,6,4,6,4,3284,59,37,6.88,206.7
2019-12-05,6,4,2,5,3528,61,53,6.79,206.7
2019-12-05,6,4,1,6,4387,60,38,6.72,206.7
2019-12-05,6,5,2,1,4428,62,46,6.74,28.9
2019-12-05,6,5,3,2,3892,63,15,6.76,28.9
2019-12-05,6,5,1,3,3975,1,58,6.77,28.9
2019-12-05,6,5,6,4,3334,26,7,6.73,28.9
2019-12-05,6,5,5,5,4284,31,31,6.76,28.9
2019-12-05,6,5,4,6,4231,5,47,6.86,28.9
2019-12-05,6,6,4,1,4111,35,9,6.81,51.3
2019-12-05,6,6,6,2,3978,28,14,6.79,51.3
2019-12-05,6,6,1,3,4144,34,48,6.64,51.3
2019-12-05,6,6,5,4,4221,37,30,6.73,51.3
2019-12-05,6,6,2,5,3701,11,20,6.77,51.3
2019-12-05,6,6,3,6,4723,4,57,6.84,51.3
2019-12-05,6,7,1,1,3158,25,17,6.76,9.4
2019-12-05,6,7,2,2,4169,43,12,6.76,9.4
2019-12-05,6,7,5,3,4254,27,33,6.76,9.4
2019-12-05,6,7,6,4,3514,41,52,6.81,9.4
2019-12-05,6,7,3,5,4992,66,16,6.83,9.4
2019-12-05,6,7,4,6,4708,58,63,6.92,9.4
2019-12-05,6,8,1,1,4544,29,35,6.71,8.9
2019-12-05,6,8,3,2,4963,40,55,6.73,8.9
2019-12-05,6,8,4,3,3629,10,4,6.77,8.9
2019-12-05,6,8,5,4,4098,36,41,6.75,8.9
2019-12-05,6,8,2,5,3220,32,43,6.72,8.9
2019-12-05,6,8,6,6,4988,13,36,6.8,8.9
2019-12-05,6,9,4,1,3334,26,7,6.71,150.0
2019-12-05,6,9,1,2,3801,6,25,6.8,150.0
2019-12-05,6,9,3,3,4359,24,60,6.83,150.0
2019-12-05,6,9,6,4,5069,65,11,6.69,150.0
2019-12-05,6,9,5,5,3892,63,15,6.77,150.0
2019-12-05,6,9,2,6,4310,45,51,6.65,150.0
2019-12-05,6,10,1,1,3284,59,37,6.78,7.9
2019-12-05,6,10,2,2,4144,34,48,6.73,7.9
2019-12-05,6,10,5,3,3975,1,58,6.76,7.9
2019-12-05,6,10,4,4,3243,8,6,6.7,7.9
2019-12-05,6,10,3,5,4111,35,9,6.8,7.9
2019-12-05,6,10,6,6,3491,2,1,6.83,7.9
2019-12-05,6,11,1,1,3978,28,14,6.71,36.3
2019-12-05,6,11,4,2,3158,25,17,6.73,36.3
2019-12-05,6,11,6,3,4387,60,38,6.79,36.3
2019-12-05,6,11,5,4,3528,61,53,6.7,36.3
2019-12-05,6,11,3,5,4428,62,46,6.8,36.3
2019-12-05,6,11,2,6,4544,29,35,6.7,36.3
2019-12-05,6,12,1,1,4301,39,3,6.73,31.0
2019-12-05,6,12,5,2,3955,3,64,6.68,31.0
2019-12-05,6,12,2,3,3833,12,19,6.7,31.0
2019-12-05,6,12,6,4,4220,47,62,6.7,31.0
2019-12-05,6,12,3,5,4453,38,26,6.72,31.0
2019-12-05,6,12,4,6,4578,30,24,6.72,31.0
2019-12-11,1,1,1,1,4437,61,46,6.86,8.8
2019-12-11,1,1,3,2,4463,54,23,6.84,8.8
2019-12-11,1,1,5,3,4865,49,55,6.82,8.8
2019-12-11,1,1,6,4,3987,27,47,6.84,8.8
2019-12-11,1,1,4,5,4661,17,9,6.88,8.8
2019-12-11,1,1,2,6,3052,64,39,6.86,8.8
2019-12-11,1,2,1,1,3478,16,62,6.94,15.7
2019-12-11,1,2,6,2,4006,65,64,6.82,15.7
2019-12-11,1,2,2,3,4731,33,36,6.84,15.7
2019-12-11,1,2,4,4,4054,14,60,6.9,15.7
2019-12-11,1,2,3,5,3575,58,8,6.9,15.7
2019-12-11,1,2,5,6,5105,23,59,6.98,15.7
2019-12-11,1,3,3,1,3944,57,4,6.84,15.2
2019-12-11,1,3,1,2,3670,52,58,6.82,15.2
2019-12-11,1,3,6,3,3841,30,2,6.83,15.2
2019-12-11,1,3,5,4,4022,35,12,6.88,15.2
2019-12-11,1,3,2,5,3581,21,11,6.85,15.2
2019-12-11,1,3,4,6,4946,28,30,6.86,15.2
2019-12-11,1,4,6,1,3849,47,33,6.84,59.6
2019-12-11,1,4,1,2,4389,48,50,6.87,59.6
2019-12-11,1,4,3,3,5044,22,53,6.78,59.6
2019-12-11,1,4,4,4,4298,60,49,6.8,59.6
2019-12-11,1,4,5,5,4363,32,1,6.85,59.6
2019-12-11,1,4,2,6,5001,20,41,6.9,59.6
2019-12-11,1,5,3,1,4207,2,5,6.78,15.5
2019-12-11,1,5,4,2,3876,26,28,6.79,15.5
2019-12-11,1,5,1,3,4570,59,15,6.84,15.5
2019-12-11,1,5,6,4,3411,25,6,6.9,15.5
2019-12-11,1,5,2,5,4249,66,20,6.74,15.5
2019-12-11,1,5,5,6,4996,62,27,6.85,15.5
2019-12-11,1,6,3,1,3898,53,51,6.88,26.2
2019-12-11,1,6,5,2,3522,51,65,6.9,26.2
2019-12-11,1,6,1,3,3860,18,14,6.8,26.2
2019-12-11,1,6,4,4,3052,64,39,6.94,26.2
2019-12-11,1,6,6,5,3945,24,56,6.89,26.2
2019-12-11,1,6,2,6,4436,1,26,6.94,26.2
2019-12-11,1,7,2,1,4151,34,25,6.77,110.1
2019-12-11,1,7,4,2,4731,33,36,6.82,110.1
2019-12-11,1,7,1,3,4299,19,48,6.82,110.1
2019-12-11,1,7,6,4,4191,56,57,6.82,110.1
2019-12-11,1,7,3,5,4677,63,43,6.88,110.1
2019-12-11,1,7,5,6,4946,28,30,6.91,110.1
2019-12-11,1,8,1,1,4134,29,10,6.85,30.8
2019-12-11,1,8,2,2,3896,31,44,6.84,30.8
2019-12-11,1,8,5,3,4661,17,9,6.97,30.8
2019-12-11,1,8,4,4,4016,55,7,6.9,30.8
2019-12-11,1,8,3,5,4691,15,19,6.9,30.8
2019-12-11,1,8,6,6,5105,23,59,6.97,30.8
2019-12-11,1,9,1,1,3713,46,40,6.81,60.6
2019-12-11,1,9,5,2,4564,50,35,6.88,60.6
2019-12-11,1,9,6,3,3575,58,8,6.88,60.6
2019-12-11,1,9,3,4,4022,35,12,6.86,60.6
2019-12-11,1,9,2,5,5044,22,53,6.79,60.6
2019-12-11,1,9,4,6,4865,49,55,6.86,60.6
2019-12-11,1,10,2,1,3987,27,47,6.85,75.0
2019-12-11,1,10,1,2,3522,51,65,6.8,75.0
2019-12-11,1,10,5,3,4570,59,15,6.91,75.0
2019-12-11,1,10,3,4,4363,32,1,6.86,75.0
2019-12-11,1,10,6,5,4054,14,60,6.95,75.0
2019-12-11,1,10,4,6,3581,21,11,6.93,75.0
2019-12-11,1,11,1,1,3876,26,28,6.78,9.4
2019-12-11,1,11,2,2,4191,56,57,6.87,9.4
2019-12-11,1,11,3,3,4437,61,46,6.89,9.4
2019-12-11,1,11,4,4,3944,57,4,6.82,9.4
2019-12-11,1,11,6,5,4298,60,49,6.77,9.4
2019-12-11,1,11,5,6,4436,1,26,6.79,9.4
2019-12-11,1,12,1,1,3898,53,51,6.81,31.4
2019-12-11,1,12,2,2,3849,47,33,6.85,31.4
2019-12-11,1,12,6,3,4677,63,43,6.88,31.4
2019-12-11,1,12,3,4,3841,30,2,6.88,31.4
2019-12-11,1,12,4,5,4134,29,10,6.86,31.4
2019-12-11,1,12,5,6,4207,2,5,6.93,31.4
2019-12-12,2,1,1,1,4006,65,64,6.71,25.1
2019-12-12,2,1,2,2,4691,15,19,6.81,25.1
2019-12-12,2,1,5,3,3860,18,14,6.84,25.1
2019-12-12,2,1,6,4,3581,21,11,6.79,25.1
2019-12-12,2,1,3,5,3478,16,62,6.85,25.1
2019-12-12,2,1,4,6,3670,52,58,6.81,25.1
2019-12-12,2,2,3,1,4661,17,9,6.85,111.7
2019-12-12,2,2,4,2,4389,48,50,6.89,111.7
2019-12-12,2,2,2,3,4463,54,23,6.83,111.7
2019-12-12,2,2,1,4,4249,66,20,6.7,111.7
2019-12-12,2,2,5,5,3945,24,56,6.76,111.7
2019-12-12,2,2,6,6,5105,23,59,6.78,111.7
2019-12-12,2,3,2,1,4946,28,30,6.89,168.9
2019-12-12,2,3,6,2,4363,32,1,6.8,168.9
2019-12-12,2,3,3,3,4298,60,49,6.65,168.9
2019-12-12,2,3,5,4,4299,19,48,6.82,168.9
2019-12-12,2,3,1,5,3052,64,39,6.74,168.9
2019-12-12,2,3,4,6,4996,62,27,6.83,168.9
2019-12-12,2,4,5,1,3876,26,28,6.72,27.6
2019-12-12,2,4,1,2,5044,22,53,6.78,27.6
2019-12-12,2,4,4,3,3896,31,44,6.74,27.6
2019-12-12,2,4,6,4,4016,55,7,6.78,27.6
2019-12-12,2,4,2,5,3411,25,6,6.76,27.6
2019-12-12,2,4,3,6,5001,20,41,6.82,27.6
2019-12-12,2,5,1,1,4151,34,25,6.74,13.4
2019-12-12,2,5,3,2,4570,59,15,6.74,13.4
2019-12-12,2,5,5,3,4006,65,64,6.69,13.4
2019-12-12,2,5,4,4,4677,63,43,6.85,13.4
2019-12-12,2,5,2,5,3575,58,8,6.83,13.4
2019-12-12,2,5,6,6,3944,57,4,6.75,13.4
2019-12-12,2,6,5,1,3849,47,33,6.75,121.3
2019-12-12,2,6,1,2,4865,49,55,6.74,121.3
2019-12-12,2,6,4,3,3945,24,56,6.86,121.3
2019-12-12,2,6,3,4,4054,14,60,6.75,121.3
2019-12-12,2,6,2,5,4022,35,12,6.85,121.3
2019-12-12,2,6,6,6,3522,51,65,6.76,121.3
2019-12-12,2,7,2,1,3713,46,40,6.77,70.6
2019-12-12,2,7,1,2,3987,27,47,6.79,70.6
2019-12-12,2,7,3,3,4249,66,20,6.75,70.6
2019-12-12,2,7,5,4,3898,53,51,6.76,70.6
2019-12-12,2,7,4,5,4564,50,35,6.71,70.6
2019-12-12,2,7,6,6,4996,62,27,6.73,70.6
2019-12-12,2,8,2,1,3841,30,2,6.87,41.0
2019-12-12,2,8,4,2,4437,61,46,6.84,41.0
2019-12-12,2,8,1,3,4207,2,5,6.75,41.0
2019-12-12,2,8,3,4,4731,33,36,6.79,41.0
2019-12-12,2,8,5,5,3670,52,58,6.9,41.0
2019-12-12,2,8,6,6,5001,20,41,6.86,41.0
2019-12-12,2,9,3,1,3876,26,28,6.76,48.6
2019-12-12,2,9,6,2,4570,59,15,6.78,48.6
2019-12-12,2,9,1,3,4191,56,57,6.74,48.6
2019-12-12,2,9,5,4,4691,15,19,6.76,48.6
2019-12-12,2,9,4,5,4299,19,48,6.62,48.6
2019-12-12,2,9,2,6,4389,48,50,6.8,48.6
2019-12-12,2,10,1,1,4436,1,26,6.75,43.8
2019-12-12,2,10,4,2,4463,54,23,6.83,43.8
2019-12-12,2,10,6,3,4022,35,12,6.85,43.8
2019-12-12,2,10,5,4,4298,60,49,6.8,43.8
2019-12-12,2,10,2,5,4134,29,10,6.88,43.8
2019-12-12,2,10,3,6,3411,25,6,6.84,43.8
2019-12-12,2,11,1,1,4677,63,43,6.8,12.2
2019-12-12,2,11,3,2,4016,55,7,6.79,12.2
2019-12-12,2,11,4,3,4363,32,1,6.75,12.2
2019-12-12,2,11,2,4,3522,51,65,6.79,12.2
2019-12-12,2,11,5,5,3478,16,62,6.85,12.2
2019-12-12,2,11,6,6,4564,50,35,6.81,12.2
2019-12-12,2,12,1,1,3849,47,33,6.78,14.8
2019-12-12,2,12,3,2,4151,34,25,6.78,14.8
2019-12-12,2,12,4,3,3860,18,14,6.82,14.8
2019-12-12,2,12,6,4,3896,31,44,6.78,14.8
2019-12-12,2,12,5,5,3713,46,40,6.87,14.8
2019-12-12,2,12,2,6,4207,2,5,6.83,14.8
2019-12-13,3,1,1,1,4731,33,36,6.79,11.5
2019-12-13,3,1,5,2,3944,57,4,6.89,11.5
2019-12-13,3,1,3,3,3478,16,62,6.94,11.5
2019-12-13,3,1,4,4,5044,22,53,6.79,11.5
2019-12-13,3,1,6,5,3860,18,14,6.94,11.5
2019-12-13,3,1,2,6,4661,17,9,6.85,11.5
2019-12-13,3,2,1,1,4946,28,30,6.8,39.1
2019-12-13,3,2,5,2,4054,14,60,6.81,39.1
2019-12-13,3,2,4,3,3987,27,47,6.78,39.1
2019-12-13,3,2,3,4,3052,64,39,6.8,39.1
2019-12-13,3,2,2,5,4865,49,55,6.79,39.1
2019-12-13,3,2,6,6,5105,23,59,6.96,39.1
2019-12-13,3,3,1,1,3581,21,11,6.89,36.0
2019-12-13,3,3,4,2,4570,59,15,6.8,36.0
2019-12-13,3,3,6,3,4151,34,25,6.83,36.0
2019-12-13,3,3,2,4,4299,19,48,6.78,36.0
2019-12-13,3,3,5,5,3841,30,2,6.83,36.0
2019-12-13,3,3,3,6,4996,62,27,6.82,36.0
2019-12-13,3,4,2,1,4564,50,35,6.84,55.2
2019-12-13,3,4,1,2,3575,58,8,6.8,55.2
2019-12-13,3,4,3,3,3670,52,58,6.81,55.2
2019-12-13,3,4,6,4,4134,29,10,6.83,55.2
2019-12-13,3,4,5,5,4016,55,7,6.85,55.2
2019-12-13,3,4,4,6,4249,66,20,6.76,55.2
2019-12-13,3,5,2,1,4006,65,64,6.75,18.4
2019-12-13,3,5,1,2,4022,35,12,6.68,18.4
2019-12-13,3,5,3,3,3896,31,44,6.78,18.4
2019-12-13,3,5,6,4,4463,54,23,6.78,18.4
2019-12-13,3,5,4,5,4207,2,5,6.77,18.4
2019-12-13,3,5,5,6,5001,20,41,6.79,18.4
2019-12-13,3,6,2,1,4437,61,46,6.81,18.5
2019-12-13,3,6,6,2,3898,53,51,6.81,18.5
2019-12-13,3,6,3,3,4436,1,26,6.82,18.5
2019-12-13,3,6,1,4,4691,15,19,6.84,18.5
2019-12-13,3,6,5,5,3987,27,47,6.84,18.5
2019-12-13,3,6,4,6,3411,25,6,6.88,18.5
2019-12-13,3,8,5,1,3575,58,8,6.83,590.4
2019-12-13,3,8,1,2,3876,26,28,6.77,590.4
2019-12-13,3,8,4,3,3522,51,65,6.92,590.4
2019-12-13,3,8,2,4,4298,60,49,6.75,590.4
2019-12-13,3,8,3,5,4946,28,30,6.85,590.4
2019-12-13,3,8,6,6,5044,22,53,6.83,590.4
2019-12-13,3,9,1,1,4016,55,7,6.78,19.1
2019-12-13,3,9,4,2,4006,65,64,6.8,19.1
2019-12-13,3,9,3,3,3849,47,33,6.84,19.1
2019-12-13,3,9,2,4,4363,32,1,6.79,19.1
2019-12-13,3,9,5,5,3581,21,11,6.9,19.1
2019-12-13,3,9,6,6,3052,64,39,6.84,19.1
2019-12-13,3,10,3,1,4134,29,10,6.85,59.4
2019-12-13,3,10,1,2,3896,31,44,6.77,59.4
2019-12-13,3,10,6,3,4436,1,26,6.78,59.4
2019-12-13,3,10,5,4,4731,33,36,6.82,59.4
2019-12-13,3,10,4,5,4151,34,25,6.79,59.4
2019-12-13,3,10,2,6,4054,14,60,6.85,59.4
2019-12-13,3,11,1,1,4207,2,5,6.89,8.1
2019-12-13,3,11,2,2,4570,59,15,6.85,8.1
2019-12-13,3,11,4,3,3898,53,51,6.77,8.1
2019-12-13,3,11,3,4,4564,50,35,6.86,8.1
2019-12-13,3,11,6,5,4865,49,55,6.95,8.1
2019-12-13,3,11,5,6,4191,56,57,6.82,8.1
2019-12-13,3,12,1,1,3841,30,2,6.83,96.6
2019-12-13,3,12,3,2,3713,46,40,6.78,96.6
2019-12-13,3,12,6,3,4661,17,9,6.77,96.6
2019-12-13,3,12,4,4,4022,35,12,6.88,96.6
2019-12-13,3,12,2,5,3876,26,28,6.79,96.6
2019-12-13,3,12,5,6,4437,61,46,6.79,96.6
2019-12-14,4,1,3,1,3944,57,4,6.89,44.7
2019-12-14,4,1,4,2,4691,15,19,6.91,44.7
2019-12-14,4,1,1,3,4463,54,23,6.81,44.7
2019-12-14,4,1,2,4,3860,18,14,6.83,44.7
2019-12-14,4,1,6,5,4946,28,30,6.92,44.7
2019-12-14,4,1,5,6,4996,62,27,6.92,44.7
2019-12-14,4,2,2,1,3670,52,58,6.79,45.7
2019-12-14,4,2,4,2,3575,58,8,6.88,45.7
2019-12-14,4,2,6,3,4731,33,36,6.8,45.7
2019-12-14,4,2,1,4,3411,25,6,6.84,45.7
2019-12-14,4,2,5,5,4389,48,50,6.82,45.7
2019-12-14,4,2,3,6,4299,19,48,6.83,45.7
2019-12-14,4,3,3,1,3713,46,40,6.75,35.9
2019-12-14,4,3,4,2,3841,30,2,6.81,35.9
2019-12-14,4,3,1,3,5001,20,41,6.8,35.9
2019-12-14,4,3,5,4,4151,34,25,6.81,35.9
2019-12-14,4,3,6,5,4249,66,20,6.75,35.9
2019-12-14,4,3,2,6,3478,16,62,6.85,35.9
2019-12-14,4,4,3,1,4006,65,64,6.8,34.5
2019-12-14,4,4,4,2,4363,32,1,6.78,34.5
2019-12-14,4,4,5,3,4134,29,10,6.75,34.5
2019-12-14,4,4,2,4,3522,51,65,6.76,34.5
2019-12-14,4,4,1,5,4054,14,60,6.76,34.5
2019-12-14,4,4,6,6,5105,23,59,6.83,34.5
2019-12-14,4,5,1,1,4298,60,49,6.83,5.8
2019-12-14,4,5,2,2,3898,53,51,6.77,5.8
2019-12-14,4,5,4,3,3896,31,44,6.83,5.8
2019-12-14,4,5,3,4,4865,49,55,6.8,5.8
2019-12-14,4,5,5,5,5044,22,53,6.81,5.8
2019-12-14,4,5,6,6,4691,15,19,6.89,5.8
2019-12-14,4,6,2,1,4016,55,7,6.83,49.2
2019-12-14,4,6,5,2,4436,1,26,6.75,49.2
2019-12-14,4,6,4,3,3849,47,33,6.77,49.2
2019-12-14,4,6,3,4,3860,18,14,6.83,49.2
2019-12-14,4,6,1,5,4661,17,9,6.73,49.2
2019-12-14,4,6,6,6,3670,52,58,6.82,49.2
2019-12-14,4,7,1,1,4564,50,35,6.82,43.0
2019-12-14,4,7,3,2,3581,21,11,6.84,43.0
2019-12-14,4,7,6,3,3876,26,28,6.76,43.0
2019-12-14,4,7,2,4,4437,61,46,6.79,43.0
2019-12-14,4,7,5,5,3052,64,39,6.83,43.0
2019-12-14,4,7,4,6,5001,20,41,6.86,43.0
2019-12-14,4,8,1,1,4677,63,43,6.81,6.6
2019-12-14,4,8,4,2,4570,59,15,6.76,6.6
2019-12-14,4,8,3,3,3987,27,47,6.79,6.6
2019-12-14,4,8,2,4,4022,35,12,6.88,6.6
2019-12-14,4,8,5,5,4249,66,20,6.77,6.6
2019-12-14,4,8,6,6,4996,62,27,6.78,6.6
2019-12-14,4,9,1,1,4363,32,1,6.73,4.9
2019-12-14,4,9,2,2,3944,57,4,6.83,4.9
2019-12-14,4,9,3,3,4207,2,5,6.85,4.9
2019-12-14,4,9,6,4,4191,56,57,6.83,4.9
2019-12-14,4,9,5,5,3411,25,6,6.78,4.9
2019-12-14,4,9,4,6,3478,16,62,6.92,4.9
2019-12-14,4,10,3,1,3522,51,65,6.84,287.4
2019-12-14,4,10,2,2,4436,1,26,6.77,287.4
2019-12-14,4,10,4,3,4298,60,49,6.78,287.4
2019-12-14,4,10,6,4,4299,19,48,6.79,287.4
2019-12-14,4,10,5,5,4463,54,23,6.76,287.4
2019-12-14,4,10,1,6,3841,30,2,6.83,287.4
2019-12-14,4,11,1,1,3849,47,33,6.72,73.4
2019-12-14,4,11,5,2,3896,31,44,6.81,73.4
2019-12-14,4,11,4,3,4564,50,35,6.86,73.4
2019-12-14,4,11,2,4,4134,29,10,6.83,73.4
2019-12-14,4,11,6,5,3713,46,40,6.74,73.4
2019-12-14,4,11,3,6,4389,48,50,6.92,73.4
2019-12-14,4,12,1,1,3898,53,51,6.74,40.5
2019-12-14,4,12,6,2,4437,61,46,6.71,40.5
2019-12-14,4,12,3,3,4016,55,7,6.83,40.5
2019-12-14,4,12,4,4,4006,65,64,6.85,40.5
2019-12-14,4,12,2,5,4151,34,25,6.78,40.5
2019-12-14,4,12,5,6,4677,63,43,6.83,40.5
2019-12-15,5,1,1,1,4437,61,46,6.8,15.5
2019-12-15,5,1,2,2,3411,25,6,6.9,15.5
2019-12-15,5,1,3,3,4054,14,60,6.85,15.5
2019-12-15,5,1,4,4,3581,21,11,6.93,15.5
2019-12-15,5,1,6,5,4996,62,27,6.9,15.5
2019-12-15,5,1,5,6,3670,52,58,6.85,15.5
2019-12-15,5,2,3,1,4249,66,20,6.74,66.3
2019-12-15,5,2,5,2,4299,19,48,6.91,66.3
2019-12-15,5,2,6,3,5044,22,53,6.78,66.3
2019-12-15,5,2,1,4,3052,64,39,6.79,66.3
2019-12-15,5,2,2,5,5001,20,41,6.85,66.3
2019-12-15,5,2,4,6,4865,49,55,6.85,66.3
2019-12-15,5,3,1,1,3987,27,47,6.83,16.4
2019-12-15,5,3,2,2,4564,50,35,6.77,16.4
2019-12-15,5,3,4,3,4570,59,15,6.87,16.4
2019-12-15,5,3,6,4,4006,65,64,6.85,16.4
2019-12-15,5,3,3,5,4389,48,50,6.85,16.4
2019-12-15,5,3,5,6,3876,26,28,6.76,16.4
2019-12-15,5,5,1,1,3896,31,44,6.83,5.8
2019-12-15,5,5,2,2,3841,30,2,6.9,5.8
2019-12-15,5,5,4,3,3898,53,51,6.86,5.8
2019-12-15,5,5,5,4,4946,28,30,6.85,5.8
2019-12-15,5,5,6,5,3575,58,8,6.86,5.8
2019-12-15,5,5,3,6,3860,18,14,6.81,5.8
2019-12-15,5,7,1,1,4134,29,10,6.78,6.4
2019-12-15,5,7,2,2,4016,55,7,6.86,6.4
2019-12-15,5,7,3,3,4463,54,23,6.85,6.4
2019-12-15,5,7,6,4,4191,56,57,6.75,6.4
2019-12-15,5,7,5,5,3411,25,6,6.86,6.4
2019-12-15,5,7,4,6,3522,51,65,6.85,6.4
2019-12-15,5,8,3,1,3581,21,11,6.9,355.0
2019-12-15,5,8,2,2,4298,60,49,6.83,355.0
2019-12-15,5,8,4,3,3849,47,33,6.83,355.0
2019-12-15,5,8,1,4,4363,32,1,6.81,355.0
2019-12-15,5,8,5,5,4865,49,55,6.9,355.0
2019-12-15,5,8,6,6,5105,23,59,6.95,355.0
2019-12-15,5,10,2,1,3876,26,28,6.76,30.1
2019-12-15,5,10,1,2,3713,46,40,6.85,30.1
2019-12-15,5,10,5,3,4134,29,10,6.75,30.1
2019-12-15,5,10,4,4,3841,30,2,6.92,30.1
2019-12-15,5,10,3,5,4151,34,25,6.79,30.1
2019-12-15,5,10,6,6,4207,2,5,6.9,30.1
2019-12-15,5,11,1,1,3849,47,33,6.82,8.9
2019-12-15,5,11,3,2,3944,57,4,6.78,8.9
2019-12-15,5,11,4,3,4016,55,7,6.87,8.9
2019-12-15,5,11,2,4,4570,59,15,6.77,8.9
2019-12-15,5,11,5,5,3896,31,44,6.86,8.9
2019-12-15,5,11,6,6,4363,32,1,6.81,8.9
2019-12-15,5,12,1,1,3522,51,65,6.85,11.3
2019-12-15,5,12,2,2,3860,18,14,6.79,11.3
2019-12-15,5,12,3,3,4436,1,26,6.85,11.3
2019-12-15,5,12,5,4,4022,35,12,6.94,11.3
2019-12-15,5,12,4,5,3987,27,47,6.9,11.3
2019-12-15,5,12,6,6,4054,14,60,6.99,11.3
2019-12-16,6,1,1,1,4022,35,12,6.8,16.4
2019-12-16,6,1,3,2,4299,19,48,6.8,16.4
2019-12-16,6,1,5,3,4661,17,9,6.79,16.4
2019-12-16,6,1,6,4,3478,16,62,6.84,16.4
2019-12-16,6,1,2,5,4249,66,20,6.73,16.4
2019-12-16,6,1,4,6,3670,52,58,6.85,16.4
2019-12-16,6,4,2,1,4463,54,23,6.91,111.2
2019-12-16,6,4,1,2,3841,30,2,6.82,111.2
2019-12-16,6,4,6,3,4134,29,10,6.87,111.2
2019-12-16,6,4,4,4,3860,18,14,6.85,111.2
2019-12-16,6,4,5,5,4298,60,49,6.85,111.2
2019-12-16,6,4,3,6,3581,21,11,6.88,111.2
2019-12-16,6,5,1,1,4016,55,7,6.85,9.8
2019-12-16,6,5,2,2,4363,32,1,6.8,9.8
2019-12-16,6,5,3,3,4661,17,9,6.81,9.8
2019-12-16,6,5,4,4,4436,1,26,6.76,9.8
2019-12-16,6,5,5,5,4249,66,20,6.85,9.8
2019-12-16,6,5,6,6,5105,23,59,6.9,9.8
2019-12-16,6,6,1,1,4151,34,25,6.89,5.9
2019-12-16,6,6,2,2,4691,15,13,6.97,5.9
2019-12-16,6,6,3,3,4389,48,50,6.99,5.9
2019-12-16,6,6,5,3,3522,51,65,6.91,5.9
2019-12-16,6,6,4,5,3411,25,6,6.95,5.9
2019-12-16,6,6,6,6,4207,2,5,6.89,5.9
2019-12-16,6,7,1,1,4564,50,35,6.81,10.8
2019-12-16,6,7,3,2,3896,31,44,6.85,10.8
2019-12-16,6,7,6,3,4191,56,57,6.76,10.8
2019-12-16,6,7,4,4,4299,19,48,6.79,10.8
2019-12-16,6,7,5,5,3478,16,62,6.98,10.8
2019-12-16,6,7,2,6,5044,22,53,6.8,10.8
2019-12-16,6,9,1,1,4436,1,26,6.8,7.2
2019-12-16,6,9,3,2,4298,60,49,6.77,7.2
2019-12-16,6,9,2,3,3670,52,58,6.88,7.2
2019-12-16,6,9,4,4,4946,28,30,6.8,7.2
2019-12-16,6,9,6,5,3987,27,47,6.86,7.2
2019-12-16,6,9,5,6,4463,54,23,6.86,7.2
2019-12-16,6,10,1,1,4437,61,46,6.81,9.9
2019-12-16,6,10,3,2,3841,30,2,6.87,9.9
2019-12-16,6,10,4,3,3896,31,44,6.87,9.9
2019-12-16,6,10,2,4,4016,55,7,6.83,9.9
2019-12-16,6,10,6,5,3522,51,65,6.86,9.9
2019-12-16,6,10,5,6,4564,50,35,6.86,9.9
2019-12-16,6,11,1,1,4134,29,10,6.69,131.9
2019-12-16,6,11,6,2,3575,58,8,6.87,131.9
2019-12-16,6,11,4,3,4151,34,25,6.74,131.9
2019-12-16,6,11,5,4,4363,32,1,6.77,131.9
2019-12-16,6,11,3,5,4677,63,43,6.79,131.9
2019-12-16,6,11,2,6,4570,59,15,6.84,131.9
2019-12-16,6,12,1,1,3849,47,33,6.81,28.7
2019-12-16,6,12,5,2,3898,53,51,6.91,28.7
2019-12-16,6,12,2,3,4006,65,64,6.86,28.7
2019-12-16,6,12,6,4,3944,57,4,6.93,28.7
2019-12-16,6,12,3,5,3876,26,28,6.8,28.7
2019-12-16,6,12,4,6,3713,46,40,6.91,28.7
2019-12-23,1,1,1,1,4821,56,32,6.78,8.4
2019-12-23,1,1,2,2,4656,17,62,6.84,8.4
2019-12-23,1,1,3,3,4438,44,55,6.75,8.4
2019-12-23,1,1,5,4,4662,15,22,6.83,8.4
2019-12-23,1,1,4,5,4023,41,5,6.82,8.4
2019-12-23,1,1,6,6,3370,50,31,6.82,8.4
2019-12-23,1,2,1,1,3079,16,63,6.79,25.3
2019-12-23,1,2,4,2,3851,45,25,6.82,25.3
2019-12-23,1,2,3,3,3949,3,59,6.82,25.3
2019-12-23,1,2,5,4,5043,7,49,6.87,25.3
2019-12-23,1,2,6,5,3246,40,13,6.82,25.3
2019-12-23,1,2,2,6,3976,22,3,6.88,25.3
2019-12-23,1,3,6,1,3933,38,37,6.73,32.4
2019-12-23,1,3,1,2,4406,49,56,6.8,32.4
2019-12-23,1,3,4,3,4182,13,28,6.79,32.4
2019-12-23,1,3,5,4,4945,47,34,6.71,32.4
2019-12-23,1,3,2,5,4396,52,12,6.79,32.4
2019-12-23,1,3,3,6,4316,48,11,6.88,32.4
2019-12-23,1,4,1,1,4462,43,54,6.74,19.1
2019-12-23,1,4,4,2,3385,55,8,6.86,19.1
2019-12-23,1,4,3,3,3997,5,29,6.86,19.1
2019-12-23,1,4,6,4,4120,57,6,6.86,19.1
2019-12-23,1,4,2,5,4533,54,45,6.75,19.1
2019-12-23,1,4,5,6,3564,46,27,6.85,19.1
2019-12-23,1,5,1,1,3401,58,65,6.82,14.2
2019-12-23,1,5,3,2,4370,20,2,6.77,14.2
2019-12-23,1,5,2,3,4641,23,15,6.81,14.2
2019-12-23,1,5,4,4,4522,8,52,6.77,14.2
2019-12-23,1,5,5,5,4788,4,61,6.79,14.2
2019-12-23,1,5,6,6,5104,33,39,6.9,14.2
2019-12-23,1,6,5,1,3562,19,50,6.79,601.3
2019-12-23,1,6,4,2,3498,21,44,6.83,601.3
2019-12-23,1,6,1,3,4051,51,30,6.8,601.3
2019-12-23,1,6,2,4,4330,18,41,6.76,601.3
2019-12-23,1,6,3,5,3370,50,31,6.8,601.3
2019-12-23,1,6,6,6,3907,6,66,6.77,601.3
2019-12-23,1,7,3,1,3685,14,21,6.76,90.8
2019-12-23,1,7,1,2,4945,47,34,6.66,90.8
2019-12-23,1,7,4,3,4662,15,22,6.78,90.8
2019-12-23,1,7,2,4,4236,11,64,6.78,90.8
2019-12-23,1,7,5,5,4572,37,53,6.83,90.8
2019-12-23,1,7,6,6,3976,22,3,6.84,90.8
2019-12-23,1,8,3,1,4105,53,23,6.77,1619.5
2019-12-23,1,8,6,2,5043,7,49,6.76,1619.5
2019-12-23,1,8,2,3,3233,36,24,6.81,1619.5
2019-12-23,1,8,4,4,3176,12,18,6.77,1619.5
2019-12-23,1,8,1,5,3439,39,16,6.74,1619.5
2019-12-23,1,8,5,6,4023,41,5,6.79,1619.5
2019-12-23,1,9,2,1,4788,4,61,6.75,437.4
2019-12-23,1,9,5,2,4316,48,11,6.78,437.4
2019-12-23,1,9,3,3,3297,10,58,6.74,437.4
2019-12-23,1,9,1,4,3385,55,8,6.76,437.4
2019-12-23,1,9,6,5,3949,3,59,6.76,437.4
2019-12-23,1,9,4,6,4656,17,62,6.83,437.4
2019-12-23,1,10,1,1,3562,19,50,6.77,48.5
2019-12-23,1,10,4,2,3401,58,65,6.85,48.5
2019-12-23,1,10,6,3,4182,13,28,6.76,48.5
2019-12-23,1,10,2,4,3915,9,57,6.78,48.5
2019-12-23,1,10,5,5,4438,44,55,6.75,48.5
2019-12-23,1,10,3,6,3851,45,25,6.74,48.5
2019-12-23,1,11,5,1,3685,14,21,6.88,80.2
2019-12-23,1,11,1,2,4522,8,52,6.73,80.2
2019-12-23,1,11,4,3,4120,57,6,6.85,80.2
2019-12-23,1,11,2,4,3907,6,66,6.83,80.2
2019-12-23,1,11,3,5,3246,40,13,6.83,80.2
2019-12-23,1,11,6,6,4396,52,12,6.78,80.2
2019-12-23,1,12,5,1,3997,5,29,6.83,239.5
2019-12-23,1,12,3,2,3933,38,37,6.74,239.5
2019-12-23,1,12,1,3,4370,20,2,6.73,239.5
2019-12-23,1,12,6,4,4330,18,41,6.72,239.5
2019-12-23,1,12,2,5,3439,39,16,6.74,239.5
2019-12-23,1,12,4,6,4236,11,64,6.76,239.5
2019-12-24,2,1,2,1,4945,47,34,6.77,55.4
2019-12-24,2,1,1,2,4105,53,23,6.8,55.4
2019-12-24,2,1,6,3,4051,51,30,6.85,55.4
2019-12-24,2,1,4,4,4462,43,54,6.8,55.4
2019-12-24,2,1,3,5,4182,13,28,6.72,55.4
2019-12-24,2,1,5,6,5104,33,39,6.82,55.4
2019-12-24,2,3,2,1,4438,44,55,6.81,105.0
2019-12-24,2,3,5,2,3401,58,65,6.82,105.0
2019-12-24,2,3,4,3,3997,5,29,6.81,105.0
2019-12-24,2,3,1,4,4788,4,61,6.8,105.0
2019-12-24,2,3,6,5,3233,36,24,6.86,105.0
2019-12-24,2,3,3,6,4406,49,56,6.82,105.0
2019-12-24,2,4,3,1,3562,19,50,6.75,16.8
2019-12-24,2,4,1,2,4023,41,5,6.73,16.8
2019-12-24,2,4,6,3,4370,20,10,6.8,16.8
2019-12-24,2,4,2,4,3370,50,31,6.83,16.8
2019-12-24,2,4,5,5,4120,57,6,6.81,16.8
2019-12-24,2,4,4,6,4641,23,15,6.73,16.8
2019-12-24,2,5,4,1,3439,39,16,6.89,37.5
2019-12-24,2,5,3,2,4522,8,52,6.75,37.5
2019-12-24,2,5,1,3,3176,12,18,6.81,37.5
2019-12-24,2,5,2,4,3949,3,59,6.84,37.5
2019-12-24,2,5,5,5,4656,17,62,6.86,37.5
2019-12-24,2,5,6,6,3851,45,25,6.81,37.5
2019-12-24,2,6,1,1,3246,40,13,6.8,46.5
2019-12-24,2,6,2,2,4572,37,53,6.97,46.5
2019-12-24,2,6,4,3,5043,7,49,6.9,46.5
2019-12-24,2,6,3,4,4396,52,12,6.96,46.5
2019-12-24,2,6,5,5,4236,11,64,6.83,46.5
2019-12-24,2,6,6,6,4316,48,11,6.91,46.5
2019-12-24,2,7,5,1,3297,10,58,6.94,173.5
2019-12-24,2,7,6,2,3385,55,8,6.88,173.5
2019-12-24,2,7,2,3,3933,38,37,6.74,173.5
2019-12-24,2,7,1,4,4662,15,22,6.84,173.5
2019-12-24,2,7,4,5,4105,53,23,6.84,173.5
2019-12-24,2,7,3,6,3079,16,63,6.88,173.5
2019-12-24,2,8,1,1,3915,9,57,6.96,11.8
2019-12-24,2,8,4,2,3685,14,21,6.88,11.8
2019-12-24,2,8,5,3,3498,21,1,6.89,11.8
2019-12-24,2,8,2,4,4120,57,6,6.97,11.8
2019-12-24,2,8,3,5,3976,22,3,6.98,11.8
2019-12-24,2,8,6,6,5104,33,39,6.8,11.8
2019-12-24,2,9,1,1,3907,6,66,6.84,11.9
2019-12-24,2,9,2,2,4182,13,28,6.81,11.9
2019-12-24,2,9,3,3,4330,18,41,6.88,11.9
2019-12-24,2,9,5,4,3439,39,16,6.92,11.9
2019-12-24,2,9,6,5,4406,49,56,6.9,11.9
2019-12-24,2,9,4,6,4533,54,45,6.88,11.9
2019-12-24,2,11,3,1,3401,58,65,6.83,47.3
2019-12-24,2,11,4,2,4370,20,10,6.87,47.3
2019-12-24,2,11,1,3,3297,10,58,6.76,47.3
2019-12-24,2,11,2,4,4316,48,11,6.87,47.3
2019-12-24,2,11,6,5,4462,43,54,6.8,47.3
2019-12-24,2,11,5,6,3176,12,18,6.87,47.3
2019-12-24,2,12,1,1,4236,11,64,6.79,26.3
2019-12-24,2,12,2,2,3385,55,8,6.91,26.3
2019-12-24,2,12,6,3,4821,56,32,6.77,26.3
2019-12-24,2,12,3,4,3915,9,57,6.94,26.3
2019-12-24,2,12,4,5,3562,19,50,6.83,26.3
2019-12-24,2,12,5,6,3233,36,24,6.91,26.3
2019-12-25,3,1,1,1,4182,13,28,6.72,54.8
2019-12-25,3,1,3,2,4656,17,62,6.73,54.8
2019-12-25,3,1,6,3,4641,23,15,6.75,54.8
2019-12-25,3,1,2,4,4821,56,32,6.79,54.8
2019-12-25,3,1,4,5,4051,51,30,6.77,54.8
2019-12-25,3,1,5,6,3079,16,63,6.83,54.8
2019-12-25,3,2,5,1,5043,7,49,6.78,437.0
2019-12-25,3,2,4,2,3949,3,59,6.76,437.0
2019-12-25,3,2,2,3,4023,41,5,6.8,437.0
2019-12-25,3,2,3,4,4788,4,61,6.81,437.0
2019-12-25,3,2,6,5,4945,47,34,6.72,437.0
2019-12-25,3,2,1,6,3976,22,3,6.81,437.0
2019-12-25,3,3,3,1,3907,6,66,6.8,84.7
2019-12-25,3,3,5,2,3933,38,37,6.72,84.7
2019-12-25,3,3,2,3,3246,40,13,6.81,84.7
2019-12-25,3,3,1,4,4438,44,55,6.78,84.7
2019-12-25,3,3,6,5,3685,14,21,6.78,84.7
2019-12-25,3,3,4,6,3370,50,31,6.79,84.7
2019-12-25,3,4,5,1,4370,20,10,6.89,30.2
2019-12-25,3,4,3,2,4120,57,6,6.91,30.2
2019-12-25,3,4,1,3,3851,45,25,6.82,30.2
2019-12-25,3,4,4,4,3233,36,24,6.96,30.2
2019-12-25,3,4,2,5,4662,15,22,6.86,30.2
2019-12-25,3,4,6,6,5104,33,39,6.83,30.2
2019-12-25,3,5,1,1,4572,37,53,6.91,56.3
2019-12-25,3,5,4,2,3297,10,58,6.82,56.3
2019-12-25,3,5,5,3,4396,52,12,6.94,56.3
2019-12-25,3,5,2,4,4105,53,23,6.77,56.3
2019-12-25,3,5,3,5,3439,39,16,6.91,56.3
2019-12-25,3,5,6,6,3564,46,27,6.83,56.3
2019-12-25,3,6,1,1,4533,54,45,6.82,21.4
2019-12-25,3,6,4,2,3915,9,57,6.93,21.4
2019-12-25,3,6,3,3,4236,11,64,6.83,21.4
2019-12-25,3,6,5,4,4406,49,56,6.82,21.4
2019-12-25,3,6,2,5,3176,12,18,6.87,21.4
2019-12-25,3,6,6,6,4656,17,62,6.87,21.4
2019-12-25,3,7,1,1,4316,48,11,6.89,11.3
2019-12-25,3,7,2,2,3401,58,65,6.86,11.3
2019-12-25,3,7,3,3,4641,23,15,6.8,11.3
2019-12-25,3,7,4,4,4330,18,41,6.84,11.3
2019-12-25,3,7,6,5,3498,21,1,6.78,11.3
2019-12-25,3,7,5,6,3370,50,31,6.79,11.3
2019-12-25,3,8,1,1,4522,8,52,6.8,3.4
2019-12-25,3,8,2,2,3562,19,50,6.78,3.4
2019-12-25,3,8,4,3,3907,6,66,6.87,3.4
2019-12-25,3,8,3,4,4462,43,54,6.75,3.4
2019-12-25,3,8,5,5,3949,3,59,6.93,3.4
2019-12-25,3,8,6,6,4662,15,22,6.86,3.4
2019-12-25,3,9,1,1,4120,57,6,6.84,31.5
2019-12-25,3,9,5,2,4821,56,32,6.89,31.5
2019-12-25,3,9,6,3,3997,5,29,6.82,31.5
2019-12-25,3,9,2,4,3297,10,58,6.79,31.5
2019-12-25,3,9,4,5,4438,44,55,6.88,31.5
2019-12-25,3,9,3,6,4023,41,5,6.89,31.5
2019-12-25,3,10,1,1,4236,11,64,6.77,12.1
2019-12-25,3,10,5,2,4051,51,30,6.94,12.1
2019-12-25,3,10,3,3,3385,55,8,6.9,12.1
2019-12-25,3,10,4,4,3976,22,3,6.95,12.1
2019-12-25,3,10,6,5,3439,39,16,6.99,12.1
2019-12-25,3,10,2,6,3851,45,25,6.83,12.1
2019-12-25,3,11,1,1,4330,18,41,6.74,22.6
2019-12-25,3,11,4,2,4945,47,34,6.77,22.6
2019-12-25,3,11,2,3,3685,14,21,6.78,22.6
2019-12-25,3,11,5,4,3915,9,57,6.96,22.6
2019-12-25,3,11,3,5,3233,36,24,6.88,22.6
2019-12-25,3,11,6,6,4105,53,23,6.84,22.6
2019-12-25,3,12,4,1,4788,4,61,6.83,1203.2
2019-12-25,3,12,3,2,4572,37,53,6.93,1203.2
2019-12-25,3,12,6,3,3176,12,18,6.91,1203.2
2019-12-25,3,12,1,4,3933,38,37,6.71,1203.2
2019-12-25,3,12,5,5,4522,8,52,6.82,1203.2
2019-12-25,3,12,2,6,4316,48,11,6.91,1203.2
2019-12-26,4,1,1,1,4396,52,12,6.84,9.5
2019-12-26,4,1,3,2,4182,13,28,6.76,9.5
2019-12-26,4,1,4,3,4821,56,32,6.81,9.5
2019-12-26,4,1,6,4,5043,7,49,6.77,9.5
2019-12-26,4,1,2,5,4462,43,54,6.87,9.5
2019-12-26,4,1,5,6,3851,45,25,6.88,9.5
2019-12-26,4,2,2,1,4051,51,30,6.87,13.5
2019-12-26,4,2,1,2,3370,50,31,6.82,13.5
2019-12-26,4,2,4,3,3246,40,13,6.85,13.5
2019-12-26,4,2,6,4,4788,4,61,6.8,13.5
2019-12-26,4,2,3,5,4533,54,45,6.88,13.5
2019-12-26,4,2,5,6,5104,33,39,6.84,13.5
2019-12-26,4,3,2,1,3498,21,1,6.79,125.9
2019-12-26,4,3,4,2,3933,38,37,6.75,125.9
2019-12-26,4,3,3,3,3233,36,24,6.92,125.9
2019-12-26,4,3,5,4,3385,55,8,6.93,125.9
2019-12-26,4,3,1,5,3564,46,27,6.77,125.9
2019-12-26,4,3,6,6,4438,44,55,6.85,125.9
2019-12-26,4,4,3,1,3401,58,65,6.9,77.7
2019-12-26,4,4,6,2,3297,10,58,6.81,77.7
2019-12-26,4,4,2,3,3079,16,63,6.93,77.7
2019-12-26,4,4,5,4,4572,37,53,6.95,77.7
2019-12-26,4,4,4,5,4406,49,56,6.89,77.7
2019-12-26,4,4,1,6,3949,3,59,6.81,77.7
2019-12-26,4,5,4,1,3562,19,50,6.8,228.7
2019-12-26,4,5,2,2,3997,5,29,6.92,228.7
2019-12-26,4,5,5,3,3976,22,3,6.93,228.7
2019-12-26,4,5,6,4,4023,41,5,6.85,228.7
2019-12-26,4,5,1,5,3685,14,21,6.89,228.7
2019-12-26,4,5,3,6,4105,53,23,6.84,228.7
2019-12-26,4,6,1,1,4641,23,15,6.86,12.8
2019-12-26,4,6,2,2,3915,9,57,6.89,12.8
2019-12-26,4,6,3,3,3176,12,18,6.92,12.8
2019-12-26,4,6,4,4,3907,6,66,6.79,12.8
2019-12-26,4,6,5,5,4462,43,54,6.85,12.8
2019-12-26,4,6,6,6,5104,33,33,6.86,12.8
2019-12-26,4,7,1,1,4656,17,62,6.89,101.6
2019-12-26,4,7,5,2,5043,7,49,6.87,101.6
2019-12-26,4,7,2,3,4370,20,10,6.93,101.6
2019-12-26,4,7,6,4,4236,11,64,6.82,101.6
2019-12-26,4,7,3,5,3498,21,1,6.84,101.6
2019-12-26,4,7,4,6,4316,48,11,6.94,101.6
2019-12-26,4,9,6,1,4522,8,52,6.86,100.2
2019-12-26,4,9,5,2,4105,53,23,6.85,100.2
2019-12-26,4,9,1,3,3233,36,24,6.92,100.2
2019-12-26,4,9,3,4,4662,15,22,6.93,100.2
2019-12-26,4,9,4,5,3079,16,63,6.94,100.2
2019-12-26,4,9,2,6,3439,39,16,6.88,100.2
2019-12-26,4,10,1,1,3997,5,29,6.9,13.4
2019-12-26,4,10,2,2,4406,49,56,6.88,13.4
2019-12-26,4,10,6,3,3915,9,57,6.92,13.4
2019-12-26,4,10,3,4,3564,46,27,6.9,13.4
2019-12-26,4,10,4,5,4120,57,6,6.9,13.4
2019-12-26,4,10,5,6,3246,40,13,6.99,13.4
2019-12-26,4,11,3,1,4821,56,32,6.86,217.0
2019-12-26,4,11,4,2,4051,51,30,6.96,217.0
2019-12-26,4,11,1,3,3933,38,37,6.83,217.0
2019-12-26,4,11,6,4,3562,19,50,6.83,217.0
2019-12-26,4,11,5,5,3907,6,66,6.89,217.0
2019-12-26,4,11,2,6,3297,10,58,6.82,217.0
2019-12-26,4,12,1,1,4370,20,10,6.84,62.3
2019-12-26,4,12,6,2,3401,58,65,6.94,62.3
2019-12-26,4,12,3,3,4438,44,55,6.88,62.3
2019-12-26,4,12,4,4,3685,14,21,6.89,62.3
2019-12-26,4,12,2,5,3176,12,18,6.85,62.3
2019-12-26,4,12,5,6,4330,18,41,6.86,62.3
2019-12-27,5,1,4,1,4105,53,23,6.76,24.7
2019-12-27,5,1,1,2,3385,55,8,6.81,24.7
2019-12-27,5,1,2,3,4656,17,62,6.79,24.7
2019-12-27,5,1,3,4,4406,49,56,6.79,24.7
2019-12-27,5,1,6,5,4641,23,15,6.8,24.7
2019-12-27,5,1,5,6,5104,33,33,6.8,24.7
2019-12-27,5,2,4,1,3370,50,31,6.73,125.3
2019-12-27,5,2,6,2,3851,45,25,6.68,125.3
2019-12-27,5,2,1,3,3564,46,27,6.75,125.3
2019-12-27,5,2,2,4,4662,15,22,6.79,125.3
2019-12-27,5,2,3,5,3976,22,3,6.79,125.3
2019-12-27,5,2,5,6,3949,3,59,6.73,125.3
2019-12-27,5,3,3,1,3685,14,21,6.75,44.5
2019-12-27,5,3,2,2,3246,40,13,6.73,44.5
2019-12-27,5,3,5,3,3933,38,37,6.72,44.5
2019-12-27,5,3,6,4,3562,19,50,6.76,44.5
2019-12-27,5,3,4,5,3498,21,1,6.78,44.5
2019-12-27,5,3,1,6,3079,16,63,6.76,44.5
2019-12-27,5,4,1,1,4788,4,61,6.71,18.6
2019-12-27,5,4,5,2,4370,20,10,6.75,18.6
2019-12-27,5,4,2,3,4051,51,30,6.75,18.6
2019-12-27,5,4,3,4,4945,47,34,6.73,18.6
2019-12-27,5,4,6,5,3997,5,29,6.8,18.6
2019-12-27,5,4,4,6,3176,12,18,6.73,18.6
2019-12-27,5,5,1,1,4236,11,64,6.71,25.6
2019-12-27,5,5,4,2,4572,37,53,6.84,25.6
2019-12-27,5,5,2,3,4396,52,12,6.79,25.6
2019-12-27,5,5,3,4,4330,18,41,6.7,25.6
2019-12-27,5,5,5,5,4438,44,55,6.78,25.6
2019-12-27,5,5,6,6,5043,7,49,6.72,25.6
2019-12-27,5,6,3,1,4462,43,54,6.75,246.1
2019-12-27,5,6,4,2,3233,36,24,6.77,246.1
2019-12-27,5,6,6,3,3401,58,65,6.74,246.1
2019-12-27,5,6,5,4,4023,41,7,6.75,246.1
2019-12-27,5,6,1,5,3297,10,58,6.68,246.1
2019-12-27,5,6,2,6,4182,13,28,6.77,246.1
2019-12-27,5,7,4,1,4821,56,32,6.72,23.1
2019-12-27,5,7,5,2,4522,8,52,6.72,23.1
2019-12-27,5,7,1,3,3907,6,66,6.72,23.1
2019-12-27,5,7,6,4,4120,57,6,6.79,23.1
2019-12-27,5,7,2,5,4533,54,45,6.7,23.1
2019-12-27,5,7,3,6,3079,16,63,6.79,23.1
2019-12-27,5,8,1,1,3915,9,57,6.72,15.8
2019-12-27,5,8,3,2,3564,46,27,6.84,15.8
2019-12-27,5,8,2,3,4316,48,11,6.78,15.8
2019-12-27,5,8,4,4,3439,39,16,6.86,15.8
2019-12-27,5,8,6,5,5104,33,33,6.81,15.8
2019-12-27,5,8,5,6,3976,22,3,6.86,15.8
2019-12-27,5,9,1,1,3997,5,29,6.77,5.8
2019-12-27,5,9,2,2,3933,38,37,6.66,5.8
2019-12-27,5,9,3,3,3385,55,8,6.76,5.8
2019-12-27,5,9,4,4,3685,14,21,6.85,5.8
2019-12-27,5,9,6,5,4236,11,64,6.75,5.8
2019-12-27,5,9,5,6,4051,51,30,6.84,5.8
2019-12-27,5,10,1,1,3562,19,50,6.72,135.3
2019-12-27,5,10,6,2,3907,6,66,6.76,135.3
2019-12-27,5,10,5,3,4182,13,28,6.78,135.3
2019-12-27,5,10,4,4,4330,18,41,6.72,135.3
2019-12-27,5,10,2,5,4370,20,10,6.74,135.3
2019-12-27,5,10,3,6,3297,10,58,6.72,135.3
2019-12-27,5,12,1,1,3439,39,16,6.73,16.1
2019-12-27,5,12,3,2,4120,57,6,6.86,16.1
2019-12-27,5,12,5,3,4316,48,11,6.82,16.1
2019-12-27,5,12,6,4,3233,36,24,6.76,16.1
2019-12-27,5,12,4,5,4396,52,12,6.79,16.1
2019-12-27,5,12,2,6,4945,47,34,6.75,16.1
2019-12-28,6,1,1,1,3233,36,24,6.74,9.3
2019-12-28,6,1,2,2,4023,41,7,6.74,9.3
2019-12-28,6,1,3,3,4656,17,62,6.8,9.3
2019-12-28,6,1,4,4,3498,21,1,6.68,9.3
2019-12-28,6,1,5,5,3370,50,31,6.72,9.3
2019-12-28,6,1,6,6,3079,16,63,6.76,9.3
2019-12-28,6,3,1,1,4641,23,15,6.66,9.9
2019-12-28,6,3,2,2,4406,49,56,6.81,9.9
2019-12-28,6,3,3,3,4316,48,11,6.82,9.9
2019-12-28,6,3,6,4,4945,47,34,6.81,9.9
2019-12-28,6,3,4,5,3246,40,13,6.78,9.9
2019-12-28,6,3,5,6,4462,43,54,6.78,9.9
2019-12-28,6,4,2,1,4236,11,64,6.78,15.0
2019-12-28,6,4,1,2,4120,57,6,6.79,15.0
2019-12-28,6,4,3,3,4105,53,23,6.81,15.0
2019-12-28,6,4,4,4,4788,4,61,6.82,15.0
2019-12-28,6,4,5,5,3176,12,18,6.85,15.0
2019-12-28,6,4,6,6,3564,46,27,6.83,15.0
2019-12-28,6,5,1,1,3297,10,58,6.69,7.5
2019-12-28,6,5,4,2,3685,14,21,6.75,7.5
2019-12-28,6,5,3,3,3439,39,16,6.8,7.5
2019-12-28,6,5,5,4,4396,52,12,6.8,7.5
2019-12-28,6,5,6,5,4656,17,62,6.81,7.5
2019-12-28,6,5,2,6,3370,50,31,6.76,7.5
2019-12-28,6,6,1,1,3915,9,60,6.78,112.7
2019-12-28,6,6,5,2,4572,37,53,6.87,112.7
2019-12-28,6,6,4,3,4023,41,7,6.77,112.7
2019-12-28,6,6,3,4,4522,8,52,6.78,112.7
2019-12-28,6,6,2,5,4051,51,30,6.83,112.7
2019-12-28,6,6,6,6,4182,13,28,6.77,112.7
2019-12-28,6,7,1,1,4370,20,10,6.82,20.9
2019-12-28,6,7,6,2,3385,55,8,6.84,20.9
2019-12-28,6,7,2,3,4462,43,54,6.82,20.9
2019-12-28,6,7,5,4,4406,49,56,6.83,20.9
2019-12-28,6,7,3,5,4438,44,55,6.81,20.9
2019-12-28,6,7,4,6,3851,45,25,6.78,20.9
2019-12-28,6,8,1,1,4330,18,41,6.79,6.1
2019-12-28,6,8,2,2,3233,36,24,6.87,6.1
2019-12-28,6,8,5,3,4788,4,61,6.8,6.1
2019-12-28,6,8,4,4,4316,48,11,6.84,6.1
2019-12-28,6,8,3,5,4533,54,45,6.87,6.1
2019-12-28,6,8,6,6,4662,15,22,6.82,6.1
2019-12-28,6,9,4,1,4105,53,23,6.76,291.0
2019-12-28,6,9,2,2,3949,3,59,6.85,291.0
2019-12-28,6,9,1,3,4572,37,53,6.82,291.0
2019-12-28,6,9,3,4,3176,12,18,6.74,291.0
2019-12-28,6,9,6,5,3439,39,16,6.74,291.0
2019-12-28,6,9,5,6,3246,40,13,6.8,291.0
2019-12-28,6,10,2,1,4522,8,52,6.77,26.4
2019-12-28,6,10,1,2,4182,13,28,6.78,26.4
2019-12-28,6,10,3,3,3685,14,21,6.78,26.4
2019-12-28,6,10,5,4,3297,10,58,6.82,26.4
2019-12-28,6,10,4,5,4236,11,64,6.76,26.4
2019-12-28,6,10,6,6,4641,23,15,6.77,26.4
2019-12-28,6,11,1,1,3385,55,8,6.77,7.6
2019-12-28,6,11,3,2,4370,20,10,6.8,7.6
2019-12-28,6,11,4,3,3915,9,60,6.87,7.6
2019-12-28,6,11,5,4,4051,51,30,6.92,7.6
2019-12-28,6,11,2,5,4330,18,41,6.74,7.6
2019-12-28,6,11,6,6,4120,57,6,6.85,7.6
2019-12-28,6,12,1,1,3401,58,65,6.73,11.8
2019-12-28,6,12,4,2,3933,38,37,6.69,11.8
2019-12-28,6,12,3,3,3997,5,29,6.78,11.8
2019-12-28,6,12,5,4,3907,6,66,6.69,11.8
2019-12-28,6,12,2,5,3562,19,50,6.72,11.8
2019-12-28,6,12,6,6,5043,7,49,6.75,11.8
2019-12-31,1,1,1,1,4154,57,51,6.68,11.7
2019-12-31,1,1,4,2,3553,34,20,6.86,11.7
2019-12-31,1,1,2,3,3710,33,19,6.81,11.7
2019-12-31,1,1,5,4,4946,2,7,6.82,11.7
2019-12-31,1,1,6,5,3234,40,40,6.82,11.7
2019-12-31,1,1,3,6,3855,5,48,6.75,11.7
2019-12-31,1,2,2,1,4894,60,55,6.72,176.2
2019-12-31,1,2,5,2,4511,27,17,6.76,176.2
2019-12-31,1,2,1,3,3187,11,13,6.75,176.2
2019-12-31,1,2,3,4,3753,56,34,6.73,176.2
2019-12-31,1,2,6,5,5037,30,44,6.78,176.2
2019-12-31,1,2,4,6,4034,9,54,6.77,176.2
2019-12-31,1,3,1,1,4010,12,15,6.7,33.7
2019-12-31,1,3,2,2,3478,10,59,6.77,33.7
2019-12-31,1,3,5,3,4452,1,14,6.75,33.7
2019-12-31,1,3,6,4,3837,65,23,6.82,33.7
2019-12-31,1,3,4,5,4821,36,18,6.82,33.7
2019-12-31,1,3,3,6,4583,24,29,6.73,33.7
2019-12-31,1,4,1,1,4020,58,66,6.74,13.1
2019-12-31,1,4,3,2,3541,7,26,6.77,13.1
2019-12-31,1,4,6,3,4437,32,10,6.72,13.1
2019-12-31,1,4,5,4,4776,25,24,6.79,13.1
2019-12-31,1,4,2,5,3910,66,38,6.68,13.1
2019-12-31,1,4,4,6,5032,6,60,6.78,13.1
2019-12-31,1,5,1,1,4931,41,61,6.76,6.9
2019-12-31,1,5,3,2,4348,26,2,6.75,6.9
2019-12-31,1,5,4,3,4643,37,22,6.75,6.9
2019-12-31,1,5,6,4,3660,64,37,6.79,6.9
2019-12-31,1,5,5,5,4221,61,53,6.68,6.9
2019-12-31,1,5,2,6,4249,44,8,6.72,6.9
2019-12-31,1,6,2,1,4459,38,52,6.77,9.2
2019-12-31,1,6,1,2,3578,39,4,6.85,9.2
2019-12-31,1,6,6,3,4739,59,47,6.82,9.2
2019-12-31,1,6,4,4,4185,28,21,6.79,9.2
2019-12-31,1,6,3,5,4946,2,7,6.85,9.2
2019-12-31,1,6,5,6,4260,29,32,6.81,9.2
2019-12-31,1,7,2,1,4030,62,46,6.74,7.6
2019-12-31,1,7,1,2,3478,10,59,6.77,7.6
2019-12-31,1,7,3,3,3849,8,3,6.78,7.6
2019-12-31,1,7,6,4,4852,31,31,6.68,7.6
2019-12-31,1,7,5,5,3553,34,20,6.77,7.6
2019-12-31,1,7,4,6,4894,60,55,6.73,7.6
2019-12-31,1,8,2,1,4452,1,14,6.68,10.9
2019-12-31,1,8,1,2,4772,4,35,6.7,10.9
2019-12-31,1,8,4,3,3832,43,36,6.73,10.9
2019-12-31,1,8,3,4,3234,40,40,6.8,10.9
2019-12-31,1,8,6,5,5032,6,60,6.79,10.9
2019-12-31,1,8,5,6,4034,9,54,6.8,10.9
2019-12-31,1,9,1,1,4821,36,18,6.8,16.5
2019-12-31,1,9,4,2,4331,63,9,6.77,16.5
2019-12-31,1,9,2,3,4776,25,24,6.77,16.5
2019-12-31,1,9,5,4,3855,5,48,6.8,16.5
2019-12-31,1,9,3,5,3568,35,56,6.82,16.5
2019-12-31,1,9,6,6,3753,56,34,6.8,16.5
2019-12-31,1,10,1,1,3543,3,28,6.75,15.6
2019-12-31,1,10,5,2,4348,26,2,6.78,15.6
2019-12-31,1,10,2,3,4739,59,47,6.72,15.6
2019-12-31,1,10,4,4,4511,27,17,6.78,15.6
2019-12-31,1,10,6,5,3910,66,38,6.74,15.6
2019-12-31,1,10,3,6,3710,33,19,6.84,15.6
2019-12-31,1,11,1,1,3849,8,3,6.68,30.5
2019-12-31,1,11,2,2,4437,32,10,6.74,30.5
2019-12-31,1,11,6,3,4583,24,29,6.75,30.5
2019-12-31,1,11,4,4,4260,29,32,6.82,30.5
2019-12-31,1,11,5,5,4931,41,61,6.7,30.5
2019-12-31,1,11,3,6,4154,57,51,6.72,30.5
2019-12-31,1,12,1,1,4030,62,46,6.68,52.5
2019-12-31,1,12,5,2,4772,4,35,6.76,52.5
2019-12-31,1,12,3,3,3837,65,23,6.7,52.5
2019-12-31,1,12,4,4,4459,38,52,6.75,52.5
2019-12-31,1,12,6,5,4643,37,22,6.69,52.5
2019-12-31,1,12,2,6,3541,7,26,6.71,52.5
