開催日,レース,実際3連単,予測3連単,予測確率,的中,TOP10
2025-01-01,1,1-2-4,1-2-4,0.22681182877373923,True,1-2-4(0.2268) / 1-2-6(0.1454) / 1-4-2(0.1262) / 1-2-3(0.0999) / 1-2-5(0.0756) / 1-6-2(0.0747) / 1-3-2(0.0493) / 1-5-2(0.0365) / 1-4-6(0.0277) / 1-6-4(0.0256)
2025-01-01,3,1-2-3,1-5-4,0.23818574164339384,False,1-5-4(0.2382) / 1-4-5(0.2031) / 1-5-2(0.1255) / 1-2-5(0.0872) / 1-4-2(0.0818) / 1-2-4(0.0667) / 1-5-3(0.0500) / 1-4-3(0.0326) / 1-3-5(0.0309) / 1-3-4(0.0236)
2025-01-01,4,1-5-6,1-5-3,0.1944341381472254,False,1-5-3(0.1944) / 1-3-5(0.1865) / 1-5-2(0.0832) / 1-5-6(0.0744) / 1-3-2(0.0739) / 1-3-6(0.0661) / 1-2-5(0.0618) / 1-2-3(0.0572) / 1-6-5(0.0543) / 1-6-3(0.0503)
2025-01-01,5,1-4-3,1-5-3,0.1537792572828817,False,1-5-3(0.1538) / 1-3-5(0.1431) / 1-5-4(0.0944) / 1-5-6(0.0844) / 1-4-5(0.0757) / 1-3-4(0.0753) / 1-3-6(0.0674) / 1-6-5(0.0661) / 1-4-3(0.0649) / 1-6-3(0.0567)
2025-01-01,6,1-4-6,1-4-3,0.3591328655212929,False,1-4-3(0.3591) / 1-4-6(0.2523) / 1-3-4(0.1300) / 1-6-4(0.0865) / 1-4-2(0.0779) / 1-2-4(0.0246) / 1-3-6(0.0207) / 1-6-3(0.0196) / 1-3-2(0.0064) / 1-4-5(0.0057)
2025-01-01,8,1-5-3,1-5-3,0.07688094423418834,True,1-5-3(0.0769) / 1-3-5(0.0758) / 1-5-2(0.0679) / 1-2-5(0.0647) / 1-3-2(0.0641) / 1-2-3(0.0619) / 1-5-6(0.0592) / 1-3-6(0.0558) / 1-6-5(0.0545) / 1-6-3(0.0521)
2025-01-01,10,1-2-3,1-2-3,0.39591581374380724,True,1-2-3(0.3959) / 1-3-2(0.1841) / 1-2-5(0.1178) / 1-2-6(0.0874) / 1-5-2(0.0456) / 1-2-4(0.0379) / 1-6-2(0.0332) / 1-3-5(0.0192) / 1-5-3(0.0159) / 1-3-6(0.0142)
2025-01-02,1,1-2-3,1-5-3,0.270543782434281,False,1-5-3(0.2705) / 1-5-2(0.1855) / 1-3-5(0.1601) / 1-2-5(0.1005) / 1-5-4(0.0728) / 1-3-2(0.0461) / 1-2-3(0.0421) / 1-4-5(0.0354) / 1-3-4(0.0181) / 1-4-3(0.0149)
2025-01-02,3,1-2-5,1-3-4,0.184509569369687,False,1-3-4(0.1845) / 1-4-3(0.1478) / 1-3-5(0.1262) / 1-5-3(0.0908) / 1-4-5(0.0652) / 1-5-4(0.0585) / 1-3-2(0.0501) / 1-3-6(0.0499) / 1-2-3(0.0318) / 1-6-3(0.0317)
2025-01-02,5,1-4-2,1-4-5,0.31194947785471633,False,1-4-5(0.3119) / 1-5-4(0.2344) / 1-4-3(0.0898) / 1-4-6(0.0637) / 1-3-4(0.0504) / 1-5-3(0.0444) / 1-6-4(0.0347) / 1-3-5(0.0331) / 1-5-6(0.0315) / 1-4-2(0.0259)
2025-01-02,6,1-3-4,1-4-3,0.485841538302023,False,1-4-3(0.4858) / 1-3-4(0.3425) / 1-4-5(0.0372) / 1-4-2(0.0221) / 1-3-5(0.0177) / 1-4-6(0.0168) / 1-5-4(0.0168) / 1-5-3(0.0113) / 1-3-2(0.0105) / 1-2-4(0.0099)
2025-01-02,9,1-3-4,1-3-5,0.2311048905230021,False,1-3-5(0.2311) / 1-3-6(0.2208) / 1-5-3(0.1126) / 1-6-3(0.1067) / 1-3-2(0.0883) / 1-3-4(0.0505) / 1-2-3(0.0385) / 1-5-6(0.0292) / 1-6-5(0.0289) / 1-4-3(0.0214)
2025-01-02,10,1-2-3,1-2-5,0.24861474057518243,False,1-2-5(0.2486) / 1-5-2(0.1788) / 1-2-3(0.1065) / 1-2-6(0.0697) / 1-3-2(0.0630) / 1-2-4(0.0522) / 1-5-3(0.0438) / 1-6-2(0.0395) / 1-3-5(0.0360) / 1-4-2(0.0289)
2025-01-02,11,1-4-3,1-3-4,0.20967746177537336,False,1-3-4(0.2097) / 1-4-3(0.1592) / 1-3-6(0.1257) / 1-6-3(0.0833) / 1-4-6(0.0571) / 1-3-5(0.0571) / 1-6-4(0.0499) / 1-3-2(0.0495) / 1-5-3(0.0344) / 1-2-3(0.0294)
2025-01-02,12,1-5-3,1-2-3,0.1264400714722992,False,1-2-3(0.1264) / 1-3-2(0.1197) / 1-2-4(0.0901) / 1-4-2(0.0769) / 1-3-4(0.0748) / 1-4-3(0.0674) / 1-2-6(0.0549) / 1-3-6(0.0455) / 1-2-5(0.0430) / 1-6-2(0.0427)
2025-01-03,5,1-3-6,1-4-6,0.14627372231072194,False,1-4-6(0.1463) / 1-6-4(0.1299) / 1-4-5(0.1170) / 1-5-4(0.0968) / 1-6-5(0.0798) / 1-5-6(0.0743) / 1-4-3(0.0479) / 1-4-2(0.0403) / 1-3-4(0.0341) / 1-6-3(0.0327)
2025-01-03,6,1-5-4,1-4-5,0.22942534946373452,False,1-4-5(0.2294) / 1-4-6(0.2233) / 1-4-3(0.2029) / 1-5-4(0.0710) / 1-6-4(0.0689) / 1-4-2(0.0628) / 1-3-4(0.0621) / 1-2-4(0.0181) / 1-5-6(0.0087) / 1-6-5(0.0086)
2025-01-03,7,1-3-2,1-3-6,0.15496024097276503,False,1-3-6(0.1550) / 1-6-3(0.1450) / 1-3-4(0.0799) / 1-6-4(0.0649) / 1-4-3(0.0620) / 1-3-5(0.0547) / 1-4-6(0.0539) / 1-3-2(0.0530) / 1-6-5(0.0444) / 1-6-2(0.0431)
2025-01-03,10,1-4-2,1-2-6,0.145497867201351,False,1-2-6(0.1455) / 1-2-3(0.1344) / 1-6-2(0.1142) / 1-3-2(0.1032) / 1-6-3(0.0607) / 1-3-6(0.0594) / 1-2-5(0.0590) / 1-2-4(0.0531) / 1-5-2(0.0395) / 1-4-2(0.0352)
2025-01-03,11,1-4-2,1-5-4,0.11282321221796222,False,1-5-4(0.1128) / 1-5-6(0.1074) / 1-4-5(0.0949) / 1-6-5(0.0891) / 1-5-2(0.0792) / 1-2-5(0.0615) / 1-4-6(0.0574) / 1-6-4(0.0566) / 1-5-3(0.0425) / 1-4-2(0.0423)
2025-01-03,12,1-4-2,1-5-3,0.1351009507401667,False,1-5-3(0.1351) / 1-5-4(0.1143) / 1-3-5(0.1095) / 1-4-5(0.0886) / 1-5-2(0.0668) / 1-5-6(0.0571) / 1-3-4(0.0563) / 1-4-3(0.0539) / 1-2-5(0.0471) / 1-6-5(0.0396)
2025-01-06,1,1-6-3,1-3-4,0.11358647391648988,False,1-3-4(0.1136) / 1-4-3(0.1061) / 1-3-5(0.0910) / 1-5-3(0.0796) / 1-4-5(0.0715) / 1-5-4(0.0669) / 1-3-6(0.0665) / 1-6-3(0.0543) / 1-4-6(0.0523) / 1-6-4(0.0457)
2025-01-06,6,1-2-4,1-3-4,0.226097214290859,False,1-3-4(0.2261) / 1-4-3(0.2053) / 1-3-2(0.1096) / 1-4-2(0.0844) / 1-2-3(0.0787) / 1-2-4(0.0667) / 1-3-6(0.0406) / 1-4-6(0.0312) / 1-6-3(0.0259) / 1-3-5(0.0237)
2025-01-06,8,1-3-4,1-2-4,0.1809440396568157,False,1-2-4(0.1809) / 1-4-2(0.1597) / 1-2-3(0.1285) / 1-3-2(0.1011) / 1-4-3(0.0887) / 1-3-4(0.0790) / 1-2-5(0.0670) / 1-5-2(0.0467) / 1-4-5(0.0462) / 1-5-4(0.0365)
2025-01-06,11,1-2-5,1-2-5,0.16047296637009148,True,1-2-5(0.1605) / 1-2-4(0.1469) / 1-2-3(0.1197) / 1-5-2(0.1009) / 1-4-2(0.0907) / 1-3-2(0.0714) / 1-2-6(0.0534) / 1-5-4(0.0334) / 1-4-5(0.0328) / 1-6-2(0.0294)
2025-01-06,12,1-4-6,1-4-6,0.11363776692274195,True,1-4-6(0.1136) / 1-4-2(0.1131) / 1-4-5(0.0990) / 1-6-4(0.0825) / 1-2-4(0.0820) / 1-4-3(0.0728) / 1-5-4(0.0700) / 1-3-4(0.0492) / 1-6-2(0.0353) / 1-2-6(0.0353)
2025-01-08,1,1-3-4,1-6-2,0.20705022615385768,False,1-6-2(0.2071) / 1-2-6(0.1980) / 1-6-5(0.0826) / 1-2-5(0.0729) / 1-5-6(0.0599) / 1-5-2(0.0553) / 1-6-4(0.0458) / 1-2-4(0.0404) / 1-6-3(0.0391) / 1-2-3(0.0345)
2025-01-08,5,1-6-2,1-6-5,0.15786572567232493,False,1-6-5(0.1579) / 1-5-6(0.1237) / 1-6-4(0.1008) / 1-6-3(0.0919) / 1-4-6(0.0711) / 1-3-6(0.0638) / 1-6-2(0.0505) / 1-5-4(0.0464) / 1-5-3(0.0423) / 1-4-5(0.0418)
2025-01-08,7,1-6-2,1-2-4,0.09741598454247813,False,1-2-4(0.0974) / 1-4-2(0.0922) / 1-2-6(0.0714) / 1-2-5(0.0658) / 1-6-2(0.0622) / 1-4-6(0.0580) / 1-5-2(0.0564) / 1-4-5(0.0535) / 1-6-4(0.0534) / 1-2-3(0.0502)
2025-01-08,8,1-2-4,1-2-4,0.22186338294335928,True,1-2-4(0.2219) / 1-2-5(0.1405) / 1-4-2(0.1339) / 1-2-6(0.0875) / 1-5-2(0.0775) / 1-2-3(0.0703) / 1-6-2(0.0457) / 1-3-2(0.0361) / 1-4-5(0.0334) / 1-5-4(0.0305)
2025-01-08,9,1-3-4,1-4-5,0.19446337303054936,False,1-4-5(0.1945) / 1-5-4(0.1554) / 1-4-3(0.0956) / 1-4-2(0.0703) / 1-3-4(0.0642) / 1-4-6(0.0573) / 1-5-3(0.0496) / 1-2-4(0.0454) / 1-3-5(0.0417) / 1-5-2(0.0365)
2025-01-08,10,1-2-3,1-2-5,0.24398424157745546,False,1-2-5(0.2440) / 1-2-6(0.1672) / 1-5-2(0.1283) / 1-6-2(0.0821) / 1-2-4(0.0801) / 1-2-3(0.0793) / 1-4-2(0.0366) / 1-3-2(0.0362) / 1-5-6(0.0283) / 1-6-5(0.0264)
2025-01-08,11,1-3-2,1-2-4,0.1541398311080058,False,1-2-4(0.1541) / 1-4-2(0.1336) / 1-2-3(0.1061) / 1-3-2(0.0826) / 1-2-5(0.0768) / 1-4-3(0.0674) / 1-3-4(0.0605) / 1-5-2(0.0562) / 1-4-5(0.0488) / 1-5-4(0.0412)
2025-01-10,11,1-4-2,1-4-3,0.09583078857204705,False,1-4-3(0.0958) / 1-4-2(0.0868) / 1-3-4(0.0865) / 1-2-4(0.0763) / 1-4-6(0.0622) / 1-3-2(0.0586) / 1-2-3(0.0570) / 1-4-5(0.0549) / 1-6-4(0.0509) / 1-5-4(0.0441)
2025-01-11,7,1-2-3,1-2-6,0.13126271788193644,False,1-2-6(0.1313) / 1-2-3(0.1283) / 1-6-2(0.1226) / 1-3-2(0.1188) / 1-6-3(0.1021) / 1-3-6(0.1012) / 1-2-5(0.0520) / 1-6-5(0.0414) / 1-3-5(0.0401) / 1-5-2(0.0395)
2025-01-11,8,1-4-3,1-4-3,0.1418158052146095,True,1-4-3(0.1418) / 1-4-2(0.1172) / 1-3-4(0.1002) / 1-4-5(0.0923) / 1-2-4(0.0796) / 1-4-6(0.0763) / 1-5-4(0.0603) / 1-6-4(0.0487) / 1-3-2(0.0367) / 1-2-3(0.0353)
2025-01-11,10,1-3-6,1-2-6,0.08404425463975969,False,1-2-6(0.0840) / 1-6-2(0.0827) / 1-2-3(0.0746) / 1-3-2(0.0709) / 1-6-3(0.0700) / 1-3-6(0.0676) / 1-2-5(0.0534) / 1-6-5(0.0501) / 1-5-2(0.0470) / 1-5-6(0.0448)
2025-01-12,1,1-2-3,1-4-2,0.35687606549267376,False,1-4-2(0.3569) / 1-2-4(0.2228) / 1-4-3(0.1018) / 1-4-6(0.0836) / 1-3-4(0.0494) / 1-6-4(0.0399) / 1-2-3(0.0329) / 1-2-6(0.0270) / 1-3-2(0.0255) / 1-6-2(0.0206)
2025-01-12,2,1-4-5,1-6-5,0.11872819460379225,False,1-6-5(0.1187) / 1-5-6(0.1115) / 1-6-3(0.0876) / 1-3-6(0.0751) / 1-5-3(0.0704) / 1-6-4(0.0693) / 1-3-5(0.0643) / 1-4-6(0.0566) / 1-5-4(0.0557) / 1-4-5(0.0485)
2025-01-12,5,1-5-4,1-5-6,0.24531255537030797,False,1-5-6(0.2453) / 1-6-5(0.1530) / 1-5-4(0.1103) / 1-5-2(0.0846) / 1-5-3(0.0782) / 1-4-5(0.0592) / 1-2-5(0.0442) / 1-3-5(0.0406) / 1-6-4(0.0303) / 1-4-6(0.0260)
2025-01-12,6,1-3-2,1-3-2,0.34475870280170495,True,1-3-2(0.3448) / 1-2-3(0.1867) / 1-3-4(0.1632) / 1-4-3(0.0757) / 1-3-5(0.0463) / 1-2-4(0.0361) / 1-3-6(0.0346) / 1-4-2(0.0310) / 1-5-3(0.0197) / 1-6-3(0.0146)
2025-01-12,8,1-2-3,1-4-2,0.3191713818292378,False,1-4-2(0.3192) / 1-2-4(0.2301) / 1-4-3(0.1260) / 1-3-4(0.0712) / 1-2-3(0.0564) / 1-3-2(0.0442) / 1-4-5(0.0395) / 1-5-4(0.0204) / 1-4-6(0.0201) / 1-2-5(0.0177)
2025-01-12,11,1-3-2,1-3-4,0.10751629953446008,False,1-3-4(0.1075) / 1-3-2(0.1028) / 1-4-3(0.0989) / 1-2-3(0.0932) / 1-4-2(0.0758) / 1-2-4(0.0748) / 1-3-6(0.0594) / 1-6-3(0.0478) / 1-4-6(0.0439) / 1-2-6(0.0413)
2025-01-12,12,1-4-3,1-2-5,0.06612456639176276,False,1-2-5(0.0661) / 1-5-2(0.0650) / 1-2-4(0.0645) / 1-2-3(0.0634) / 1-4-2(0.0630) / 1-3-2(0.0616) / 1-5-4(0.0599) / 1-4-5(0.0595) / 1-5-3(0.0588) / 1-3-5(0.0581)
2025-01-13,1,1-3-5,1-5-6,0.34695890086634407,False,1-5-6(0.3470) / 1-6-5(0.2327) / 1-5-2(0.0690) / 1-5-3(0.0642) / 1-5-4(0.0529) / 1-2-5(0.0343) / 1-3-5(0.0317) / 1-6-2(0.0264) / 1-4-5(0.0259) / 1-6-3(0.0245)
2025-01-13,7,1-2-6,1-6-2,0.17684735302547522,False,1-6-2(0.1768) / 1-2-6(0.1474) / 1-6-4(0.1255) / 1-4-6(0.0943) / 1-2-4(0.0724) / 1-4-2(0.0653) / 1-6-3(0.0538) / 1-6-5(0.0376) / 1-3-6(0.0355) / 1-2-3(0.0310)
2025-01-13,9,1-6-5,1-4-2,0.10518705174884226,False,1-4-2(0.1052) / 1-2-4(0.1031) / 1-4-5(0.0864) / 1-2-5(0.0804) / 1-5-4(0.0795) / 1-5-2(0.0755) / 1-4-6(0.0639) / 1-2-6(0.0595) / 1-6-4(0.0548) / 1-6-2(0.0520)
2025-01-13,10,1-4-5,1-5-4,0.08847650797885072,False,1-5-4(0.0885) / 1-4-5(0.0833) / 1-5-3(0.0830) / 1-5-2(0.0767) / 1-3-5(0.0767) / 1-2-5(0.0694) / 1-4-3(0.0654) / 1-3-4(0.0642) / 1-4-2(0.0605) / 1-2-4(0.0581)
2025-01-13,11,1-5-3,1-2-5,0.10482705659483076,False,1-2-5(0.1048) / 1-5-2(0.1036) / 1-2-3(0.0714) / 1-5-3(0.0684) / 1-3-2(0.0630) / 1-3-5(0.0611) / 1-2-4(0.0570) / 1-5-4(0.0546) / 1-4-2(0.0482) / 1-4-5(0.0467)
2025-01-17,1,1-2-3,1-4-3,0.27280893681659,False,1-4-3(0.2728) / 1-3-4(0.2409) / 1-4-2(0.1094) / 1-3-2(0.0799) / 1-2-4(0.0725) / 1-2-3(0.0599) / 1-4-6(0.0423) / 1-3-6(0.0308) / 1-6-4(0.0254) / 1-6-3(0.0210)
2025-01-17,5,1-4-5,1-3-5,0.21272832473630413,False,1-3-5(0.2127) / 1-5-3(0.2053) / 1-3-4(0.1209) / 1-5-4(0.1096) / 1-4-3(0.0944) / 1-4-5(0.0887) / 1-3-6(0.0283) / 1-5-6(0.0257) / 1-6-3(0.0186) / 1-6-5(0.0174)
2025-01-17,8,1-2-5,1-2-4,0.3149131649221304,False,1-2-4(0.3149) / 1-2-5(0.1758) / 1-4-2(0.1492) / 1-2-3(0.1252) / 1-5-2(0.0753) / 1-3-2(0.0518) / 1-4-5(0.0262) / 1-5-4(0.0237) / 1-4-3(0.0187) / 1-3-4(0.0163)
2025-01-17,11,1-2-5,1-2-5,0.22514737934316725,True,1-2-5(0.2251) / 1-5-2(0.1955) / 1-2-3(0.0826) / 1-2-4(0.0719) / 1-5-3(0.0561) / 1-3-2(0.0551) / 1-5-4(0.0489) / 1-4-2(0.0472) / 1-3-5(0.0431) / 1-4-5(0.0369)
2025-01-17,12,1-4-3,1-4-2,0.14024451312833097,False,1-4-2(0.1402) / 1-2-4(0.1246) / 1-4-6(0.1076) / 1-6-4(0.0882) / 1-2-6(0.0729) / 1-6-2(0.0673) / 1-4-3(0.0651) / 1-3-4(0.0485) / 1-2-3(0.0441) / 1-3-2(0.0370)
2025-01-18,1,1-2-4,1-2-6,0.26383600426708115,False,1-2-6(0.2638) / 1-6-2(0.2165) / 1-2-4(0.1542) / 1-4-2(0.1054) / 1-6-4(0.0923) / 1-4-6(0.0769) / 1-2-3(0.0150) / 1-2-5(0.0141) / 1-6-3(0.0090) / 1-6-5(0.0084)
2025-01-18,2,1-6-5,1-6-5,0.3735248800212687,True,1-6-5(0.3735) / 1-5-6(0.2325) / 1-6-2(0.1108) / 1-6-3(0.0538) / 1-2-6(0.0534) / 1-5-2(0.0361) / 1-2-5(0.0280) / 1-3-6(0.0247) / 1-6-4(0.0219) / 1-5-3(0.0176)
2025-01-18,3,1-4-6,1-5-4,0.20132901228088815,False,1-5-4(0.2013) / 1-4-5(0.1470) / 1-5-2(0.1338) / 1-2-5(0.0881) / 1-5-6(0.0586) / 1-5-3(0.0560) / 1-4-2(0.0535) / 1-2-4(0.0482) / 1-6-5(0.0347) / 1-3-5(0.0331)
2025-01-18,6,1-2-3,1-3-4,0.30155256170972167,False,1-3-4(0.3016) / 1-4-3(0.2943) / 1-3-5(0.0576) / 1-3-2(0.0544) / 1-4-5(0.0543) / 1-4-2(0.0513) / 1-5-3(0.0360) / 1-5-4(0.0348) / 1-2-3(0.0338) / 1-2-4(0.0327)
2025-01-18,10,1-2-5,1-2-6,0.26989632316157897,False,1-2-6(0.2699) / 1-2-3(0.1471) / 1-6-2(0.1456) / 1-2-5(0.0947) / 1-3-2(0.0711) / 1-2-4(0.0586) / 1-5-2(0.0438) / 1-6-3(0.0283) / 1-4-2(0.0263) / 1-3-6(0.0254)
2025-01-19,2,1-3-6,1-4-6,0.24505524666616146,False,1-4-6(0.2451) / 1-4-5(0.1315) / 1-6-4(0.1191) / 1-4-3(0.1140) / 1-4-2(0.1045) / 1-5-4(0.0585) / 1-3-4(0.0500) / 1-2-4(0.0456) / 1-6-5(0.0179) / 1-5-6(0.0164)
2025-01-19,6,1-4-2,1-3-4,0.22701945903811144,False,1-3-4(0.2270) / 1-4-3(0.1959) / 1-3-2(0.1082) / 1-3-5(0.0786) / 1-2-3(0.0749) / 1-4-2(0.0724) / 1-2-4(0.0580) / 1-4-5(0.0526) / 1-5-3(0.0518) / 1-5-4(0.0402)
2025-01-19,7,1-4-3,1-6-5,0.1806794538871359,False,1-6-5(0.1807) / 1-6-3(0.1305) / 1-5-6(0.1242) / 1-6-4(0.1218) / 1-3-6(0.0834) / 1-4-6(0.0769) / 1-5-3(0.0416) / 1-5-4(0.0388) / 1-3-5(0.0387) / 1-4-5(0.0357)
2025-01-19,8,1-2-4,1-2-4,0.20856271013583474,True,1-2-4(0.2086) / 1-4-2(0.2001) / 1-2-3(0.1230) / 1-4-3(0.1096) / 1-3-2(0.0968) / 1-3-4(0.0899) / 1-2-5(0.0281) / 1-4-5(0.0250) / 1-5-2(0.0184) / 1-5-4(0.0171)
2025-01-19,9,1-4-2,1-2-3,0.38335436006874046,False,1-2-3(0.3834) / 1-3-2(0.2195) / 1-2-4(0.1229) / 1-4-2(0.0560) / 1-2-5(0.0551) / 1-3-4(0.0329) / 1-4-3(0.0262) / 1-5-2(0.0238) / 1-2-6(0.0226) / 1-3-5(0.0147)
2025-01-19,10,1-4-2,1-2-3,0.18563715138596362,False,1-2-3(0.1856) / 1-3-2(0.1633) / 1-2-6(0.0768) / 1-2-4(0.0606) / 1-2-5(0.0601) / 1-6-2(0.0541) / 1-3-6(0.0527) / 1-6-3(0.0422) / 1-3-4(0.0416) / 1-4-2(0.0414)
2025-01-19,11,1-2-4,1-3-4,0.1609012978349957,False,1-3-4(0.1609) / 1-3-2(0.1251) / 1-4-3(0.1189) / 1-3-6(0.1148) / 1-2-3(0.0870) / 1-6-3(0.0785) / 1-4-2(0.0479) / 1-2-4(0.0450) / 1-4-6(0.0439) / 1-6-4(0.0407)
2025-01-20,1,1-3-2,1-2-3,0.22197645989084921,False,1-2-3(0.2220) / 1-2-4(0.1766) / 1-3-2(0.1515) / 1-4-2(0.1132) / 1-3-4(0.0600) / 1-4-3(0.0564) / 1-2-5(0.0434) / 1-2-6(0.0390) / 1-5-2(0.0236) / 1-6-2(0.0212)
2025-01-20,3,1-2-3,1-3-2,0.22840656232133594,False,1-3-2(0.2284) / 1-3-4(0.1887) / 1-2-3(0.1438) / 1-4-3(0.1132) / 1-3-6(0.0628) / 1-2-4(0.0514) / 1-4-2(0.0490) / 1-6-3(0.0328) / 1-3-5(0.0293) / 1-2-6(0.0171)
2025-01-20,4,1-2-6,1-6-3,0.3712880457625299,False,1-6-3(0.3713) / 1-6-2(0.2584) / 1-3-6(0.1218) / 1-6-4(0.0886) / 1-2-6(0.0806) / 1-4-6(0.0258) / 1-3-2(0.0171) / 1-2-3(0.0162) / 1-3-4(0.0059) / 1-4-3(0.0052)
2025-01-20,5,1-2-5,1-2-6,0.18802139509593443,False,1-2-6(0.1880) / 1-6-2(0.1859) / 1-2-5(0.0780) / 1-6-5(0.0756) / 1-5-2(0.0590) / 1-5-6(0.0578) / 1-2-4(0.0577) / 1-6-4(0.0559) / 1-4-2(0.0418) / 1-4-6(0.0409)
2025-01-20,7,1-6-3,1-6-2,0.24462569231169914,False,1-6-2(0.2446) / 1-6-4(0.1622) / 1-6-3(0.1510) / 1-6-5(0.1001) / 1-2-6(0.0959) / 1-4-6(0.0606) / 1-3-6(0.0561) / 1-5-6(0.0361) / 1-2-4(0.0123) / 1-4-2(0.0117)
2025-01-20,8,1-2-5,1-4-2,0.16466475688784696,False,1-4-2(0.1647) / 1-4-5(0.1552) / 1-2-4(0.1298) / 1-5-4(0.1201) / 1-4-3(0.0832) / 1-2-5(0.0737) / 1-5-2(0.0724) / 1-3-4(0.0565) / 1-2-3(0.0395) / 1-5-3(0.0365)
2025-01-20,12,1-4-5,1-3-2,0.19755444674380157,False,1-3-2(0.1976) / 1-2-3(0.1652) / 1-3-5(0.0990) / 1-3-4(0.0741) / 1-5-3(0.0688) / 1-2-5(0.0591) / 1-4-3(0.0494) / 1-5-2(0.0491) / 1-2-4(0.0442) / 1-4-2(0.0352)
2025-01-25,1,1-3-6,1-2-6,0.16635626265439368,False,1-2-6(0.1664) / 1-6-2(0.1641) / 1-2-3(0.0861) / 1-6-3(0.0826) / 1-3-2(0.0687) / 1-3-6(0.0669) / 1-2-4(0.0661) / 1-6-4(0.0634) / 1-4-2(0.0504) / 1-4-6(0.0490)
2025-01-25,2,1-3-6,1-5-2,0.1594246951976711,False,1-5-2(0.1594) / 1-5-6(0.1539) / 1-2-5(0.1082) / 1-6-5(0.1036) / 1-5-4(0.0773) / 1-5-3(0.0617) / 1-4-5(0.0467) / 1-2-6(0.0446) / 1-6-2(0.0442) / 1-3-5(0.0365)
2025-01-25,7,1-6-4,1-4-6,0.33296031985518576,False,1-4-6(0.3330) / 1-6-4(0.2791) / 1-4-2(0.0671) / 1-4-5(0.0500) / 1-6-2(0.0441) / 1-2-4(0.0382) / 1-6-5(0.0329) / 1-2-6(0.0300) / 1-5-4(0.0279) / 1-4-3(0.0228)
2025-01-25,8,1-2-4,1-2-4,0.39690129739602836,True,1-2-4(0.3969) / 1-4-2(0.2835) / 1-2-5(0.0703) / 1-2-3(0.0654) / 1-5-2(0.0349) / 1-4-5(0.0326) / 1-3-2(0.0323) / 1-4-3(0.0304) / 1-5-4(0.0227) / 1-3-4(0.0210)
2025-01-25,10,1-2-4,1-2-6,0.1661161857305312,False,1-2-6(0.1661) / 1-6-2(0.1650) / 1-2-4(0.0685) / 1-6-4(0.0671) / 1-2-5(0.0541) / 1-6-5(0.0530) / 1-4-2(0.0527) / 1-4-6(0.0520) / 1-2-3(0.0460) / 1-6-3(0.0451)
2025-01-25,11,1-4-5,1-4-3,0.11214048067735315,False,1-4-3(0.1121) / 1-4-2(0.1080) / 1-3-4(0.1029) / 1-2-4(0.0979) / 1-3-2(0.0793) / 1-2-3(0.0783) / 1-4-5(0.0619) / 1-5-4(0.0494) / 1-3-5(0.0454) / 1-2-5(0.0432)
2025-01-26,1,1-5-3,1-5-2,0.23915850128191873,False,1-5-2(0.2392) / 1-5-3(0.2164) / 1-2-5(0.1478) / 1-3-5(0.1302) / 1-2-3(0.0571) / 1-3-2(0.0556) / 1-5-6(0.0501) / 1-6-5(0.0253) / 1-5-4(0.0134) / 1-2-6(0.0132)
2025-01-26,2,1-4-3,1-4-5,0.2525448355486119,False,1-4-5(0.2525) / 1-5-4(0.1615) / 1-4-6(0.0946) / 1-4-2(0.0909) / 1-4-3(0.0755) / 1-6-4(0.0506) / 1-2-4(0.0484) / 1-3-4(0.0395) / 1-5-6(0.0282) / 1-5-2(0.0271)
2025-01-26,5,1-3-5,1-3-4,0.19168548401730257,False,1-3-4(0.1917) / 1-3-2(0.1500) / 1-4-3(0.1248) / 1-3-5(0.1227) / 1-2-3(0.0924) / 1-5-3(0.0731) / 1-4-2(0.0415) / 1-2-4(0.0393) / 1-4-5(0.0340) / 1-5-4(0.0311)
2025-01-26,6,1-3-4,1-4-3,0.31665846696856953,False,1-4-3(0.3167) / 1-3-4(0.2030) / 1-4-5(0.1510) / 1-5-4(0.0807) / 1-4-2(0.0665) / 1-3-5(0.0497) / 1-5-3(0.0415) / 1-2-4(0.0328) / 1-3-2(0.0219) / 1-2-3(0.0168)
2025-01-26,7,1-3-5,1-3-5,0.460307091251531,True,1-3-5(0.4603) / 1-5-3(0.2578) / 1-3-2(0.0736) / 1-3-4(0.0480) / 1-2-3(0.0304) / 1-3-6(0.0250) / 1-5-2(0.0202) / 1-4-3(0.0195) / 1-2-5(0.0149) / 1-5-4(0.0132)
2025-01-26,8,1-2-4,1-2-4,0.4445195502873565,True,1-2-4(0.4445) / 1-2-3(0.1695) / 1-2-5(0.1409) / 1-4-2(0.1237) / 1-3-2(0.0429) / 1-5-2(0.0353) / 1-4-3(0.0087) / 1-3-4(0.0079) / 1-4-5(0.0072) / 1-5-4(0.0065)
2025-01-26,10,1-3-2,1-4-3,0.15214430521141187,False,1-4-3(0.1521) / 1-4-6(0.1455) / 1-4-5(0.1386) / 1-4-2(0.1264) / 1-3-4(0.0755) / 1-6-4(0.0718) / 1-5-4(0.0679) / 1-2-4(0.0613) / 1-3-6(0.0152) / 1-6-3(0.0151)
2025-01-26,11,1-2-6,1-5-6,0.11190019057613276,False,1-5-6(0.1119) / 1-6-5(0.1011) / 1-5-4(0.0800) / 1-5-2(0.0777) / 1-4-5(0.0663) / 1-2-5(0.0640) / 1-6-4(0.0556) / 1-6-2(0.0540) / 1-4-6(0.0509) / 1-2-6(0.0492)
2025-01-26,12,1-3-2,1-2-3,0.1299853181262556,False,1-2-3(0.1300) / 1-3-2(0.1208) / 1-2-5(0.1017) / 1-5-2(0.0874) / 1-3-5(0.0795) / 1-5-3(0.0735) / 1-2-6(0.0659) / 1-6-2(0.0518) / 1-3-6(0.0515) / 1-6-3(0.0435)
2025-01-27,6,1-3-6,1-3-2,0.14605548217734368,False,1-3-2(0.1461) / 1-2-3(0.1226) / 1-3-6(0.1090) / 1-3-4(0.1062) / 1-6-3(0.0844) / 1-4-3(0.0817) / 1-2-6(0.0616) / 1-2-4(0.0600) / 1-6-2(0.0568) / 1-4-2(0.0550)
2025-01-27,8,1-2-6,1-2-4,0.24966134703861811,False,1-2-4(0.2497) / 1-4-2(0.1824) / 1-2-5(0.1106) / 1-2-3(0.0681) / 1-5-2(0.0665) / 1-4-5(0.0476) / 1-2-6(0.0444) / 1-5-4(0.0392) / 1-3-2(0.0388) / 1-4-3(0.0293)
2025-01-27,10,1-2-3,1-4-2,0.259273621859755,False,1-4-2(0.2593) / 1-2-4(0.1788) / 1-4-3(0.1326) / 1-3-4(0.0777) / 1-4-6(0.0773) / 1-2-3(0.0493) / 1-6-4(0.0425) / 1-3-2(0.0419) / 1-2-6(0.0287) / 1-4-5(0.0244)
2025-01-27,12,1-3-2,1-4-3,0.10681396771310481,False,1-4-3(0.1068) / 1-4-2(0.1066) / 1-3-4(0.0972) / 1-2-4(0.0969) / 1-3-2(0.0755) / 1-2-3(0.0754) / 1-4-5(0.0742) / 1-5-4(0.0616) / 1-3-5(0.0526) / 1-2-5(0.0524)
2025-01-28,1,1-2-3,1-5-2,0.12965059357116715,False,1-5-2(0.1297) / 1-5-4(0.1218) / 1-2-5(0.1156) / 1-4-5(0.1063) / 1-2-4(0.0825) / 1-4-2(0.0808) / 1-5-3(0.0803) / 1-3-5(0.0633) / 1-2-3(0.0544) / 1-4-3(0.0500)
2025-01-28,2,1-3-4,1-2-3,0.15426473472099916,False,1-2-3(0.1543) / 1-2-6(0.1450) / 1-2-5(0.1145) / 1-3-2(0.0913) / 1-2-4(0.0858) / 1-6-2(0.0849) / 1-5-2(0.0647) / 1-4-2(0.0470) / 1-3-6(0.0265) / 1-6-3(0.0262)
2025-01-28,3,1-2-4,1-3-4,0.23157286857743795,False,1-3-4(0.2316) / 1-3-2(0.2131) / 1-4-3(0.1138) / 1-3-6(0.1074) / 1-2-3(0.1031) / 1-6-3(0.0478) / 1-3-5(0.0361) / 1-4-2(0.0289) / 1-2-4(0.0284) / 1-5-3(0.0153)
2025-01-28,5,1-3-2,1-2-3,0.41509672519197055,False,1-2-3(0.4151) / 1-3-2(0.2380) / 1-2-6(0.1537) / 1-6-2(0.0703) / 1-3-6(0.0428) / 1-6-3(0.0341) / 1-2-4(0.0113) / 1-2-5(0.0112) / 1-4-2(0.0046) / 1-5-2(0.0046)
2025-01-28,6,1-3-4,1-3-4,0.24317715407379448,True,1-3-4(0.2432) / 1-4-3(0.2164) / 1-3-5(0.0721) / 1-3-6(0.0578) / 1-4-5(0.0530) / 1-5-3(0.0469) / 1-4-6(0.0424) / 1-3-2(0.0420) / 1-5-4(0.0387) / 1-6-3(0.0368)
2025-01-28,8,1-2-3,1-3-2,0.13887257288915875,False,1-3-2(0.1389) / 1-2-3(0.1353) / 1-3-6(0.0701) / 1-2-6(0.0644) / 1-3-4(0.0623) / 1-2-4(0.0572) / 1-6-3(0.0564) / 1-6-2(0.0532) / 1-4-3(0.0491) / 1-4-2(0.0463)
2025-01-29,5,1-3-2,1-6-3,0.16444888137566427,False,1-6-3(0.1644) / 1-3-6(0.1556) / 1-6-2(0.0977) / 1-3-2(0.0825) / 1-2-6(0.0782) / 1-2-3(0.0698) / 1-6-4(0.0425) / 1-6-5(0.0422) / 1-3-4(0.0359) / 1-3-5(0.0356)
2025-01-29,6,1-4-5,1-3-4,0.1258816729958264,False,1-3-4(0.1259) / 1-3-5(0.1208) / 1-4-3(0.1104) / 1-5-3(0.1045) / 1-4-5(0.0768) / 1-5-4(0.0758) / 1-3-2(0.0606) / 1-2-3(0.0454) / 1-4-2(0.0385) / 1-5-2(0.0365)
2025-01-29,7,1-3-6,1-6-5,0.3619616024974742,False,1-6-5(0.3620) / 1-5-6(0.2826) / 1-6-3(0.0720) / 1-6-4(0.0431) / 1-5-3(0.0405) / 1-3-6(0.0387) / 1-3-5(0.0279) / 1-5-4(0.0243) / 1-6-2(0.0237) / 1-4-6(0.0225)
2025-01-29,10,1-3-4,1-3-4,0.20023552443223944,True,1-3-4(0.2002) / 1-4-3(0.1585) / 1-3-2(0.0974) / 1-3-5(0.0855) / 1-2-3(0.0647) / 1-5-3(0.0557) / 1-4-2(0.0496) / 1-4-5(0.0435) / 1-2-4(0.0416) / 1-3-6(0.0407)
2025-01-30,1,1-4-2,1-5-2,0.2651744904579813,False,1-5-2(0.2652) / 1-2-5(0.2431) / 1-5-4(0.0890) / 1-2-4(0.0714) / 1-5-3(0.0641) / 1-4-5(0.0589) / 1-4-2(0.0515) / 1-2-3(0.0514) / 1-3-5(0.0408) / 1-3-2(0.0357)
2025-01-30,6,1-3-2,1-4-3,0.34097793600038717,False,1-4-3(0.3410) / 1-3-4(0.1691) / 1-4-2(0.1473) / 1-4-5(0.0706) / 1-2-4(0.0631) / 1-4-6(0.0527) / 1-5-4(0.0287) / 1-3-2(0.0259) / 1-2-3(0.0224) / 1-6-4(0.0212)
2025-01-30,7,1-5-2,1-5-2,0.15716958465569641,True,1-5-2(0.1572) / 1-2-5(0.1481) / 1-5-3(0.1364) / 1-3-5(0.1215) / 1-2-3(0.1134) / 1-3-2(0.1072) / 1-5-4(0.0470) / 1-2-4(0.0391) / 1-4-5(0.0340) / 1-3-4(0.0321)
2025-01-30,8,1-3-2,1-4-2,0.12027248571228481,False,1-4-2(0.1203) / 1-2-4(0.1079) / 1-4-3(0.0939) / 1-3-4(0.0785) / 1-4-6(0.0742) / 1-2-3(0.0642) / 1-3-2(0.0598) / 1-6-4(0.0591) / 1-2-6(0.0507) / 1-6-2(0.0450)
2025-01-30,9,1-2-4,1-6-4,0.12279640758329277,False,1-6-4(0.1228) / 1-6-3(0.1034) / 1-4-6(0.1009) / 1-6-2(0.0979) / 1-3-6(0.0814) / 1-2-6(0.0761) / 1-4-3(0.0520) / 1-3-4(0.0498) / 1-4-2(0.0492) / 1-2-4(0.0466)
2025-01-30,10,1-3-4,1-3-6,0.1686765798815152,False,1-3-6(0.1687) / 1-3-2(0.1675) / 1-6-3(0.1030) / 1-2-3(0.1022) / 1-3-4(0.0913) / 1-3-5(0.0670) / 1-4-3(0.0509) / 1-5-3(0.0364) / 1-6-2(0.0357) / 1-2-6(0.0356)
2025-02-04,1,1-3-4,1-2-6,0.09830219439867335,False,1-2-6(0.0983) / 1-6-2(0.0968) / 1-2-3(0.0740) / 1-2-4(0.0721) / 1-6-3(0.0699) / 1-6-4(0.0681) / 1-3-2(0.0670) / 1-4-2(0.0649) / 1-3-6(0.0643) / 1-4-6(0.0623)
2025-02-04,2,1-3-4,1-3-6,0.09537989813187124,False,1-3-6(0.0954) / 1-3-2(0.0926) / 1-3-4(0.0906) / 1-6-3(0.0808) / 1-2-3(0.0779) / 1-4-3(0.0758) / 1-6-2(0.0488) / 1-2-6(0.0485) / 1-6-4(0.0477) / 1-4-6(0.0471)
2025-02-04,5,1-6-3,1-6-5,0.14506339455470954,False,1-6-5(0.1451) / 1-5-6(0.1348) / 1-6-3(0.0986) / 1-3-6(0.0812) / 1-5-3(0.0779) / 1-3-5(0.0690) / 1-6-2(0.0512) / 1-6-4(0.0416) / 1-5-2(0.0404) / 1-2-6(0.0378)
2025-02-04,12,1-5-2,1-3-4,0.07341114261510202,False,1-3-4(0.0734) / 1-4-3(0.0723) / 1-3-5(0.0719) / 1-5-3(0.0704) / 1-3-2(0.0687) / 1-4-5(0.0673) / 1-5-4(0.0669) / 1-2-3(0.0664) / 1-4-2(0.0643) / 1-2-4(0.0631)
2025-02-06,3,1-2-4,1-6-5,0.14613352726578135,False,1-6-5(0.1461) / 1-6-4(0.1382) / 1-5-6(0.0990) / 1-4-6(0.0925) / 1-6-2(0.0921) / 1-6-3(0.0693) / 1-2-6(0.0576) / 1-3-6(0.0420) / 1-5-4(0.0382) / 1-4-5(0.0377)
2025-02-06,5,1-2-5,1-3-2,0.14014876467078163,False,1-3-2(0.1401) / 1-2-3(0.1311) / 1-3-4(0.0812) / 1-3-5(0.0655) / 1-2-4(0.0653) / 1-4-3(0.0651) / 1-4-2(0.0559) / 1-2-5(0.0526) / 1-5-3(0.0505) / 1-3-6(0.0436)
2025-02-06,7,1-4-6,1-3-6,0.17847582785322688,False,1-3-6(0.1785) / 1-6-3(0.1740) / 1-3-4(0.0705) / 1-6-4(0.0653) / 1-3-5(0.0596) / 1-6-5(0.0553) / 1-4-3(0.0528) / 1-4-6(0.0502) / 1-5-3(0.0436) / 1-5-6(0.0415)
2025-02-06,8,1-2-5,1-4-2,0.26052270919094084,False,1-4-2(0.2605) / 1-2-4(0.2410) / 1-4-5(0.0801) / 1-2-5(0.0656) / 1-5-4(0.0528) / 1-4-3(0.0497) / 1-5-2(0.0468) / 1-2-3(0.0407) / 1-3-4(0.0313) / 1-3-2(0.0277)
2025-02-06,10,1-2-3,1-2-5,0.11861761577259239,False,1-2-5(0.1186) / 1-2-3(0.1146) / 1-5-2(0.0956) / 1-3-2(0.0916) / 1-2-6(0.0861) / 1-6-2(0.0647) / 1-5-3(0.0533) / 1-3-5(0.0529) / 1-2-4(0.0428) / 1-5-6(0.0400)
2025-02-06,11,1-2-3,1-4-2,0.14574201447804336,False,1-4-2(0.1457) / 1-4-5(0.1236) / 1-2-4(0.1165) / 1-5-4(0.0945) / 1-4-3(0.0690) / 1-2-5(0.0594) / 1-5-2(0.0568) / 1-3-4(0.0476) / 1-4-6(0.0476) / 1-2-3(0.0331)
2025-02-06,12,1-2-5,1-2-3,0.14333385909551913,False,1-2-3(0.1433) / 1-3-2(0.1407) / 1-2-4(0.0790) / 1-3-4(0.0744) / 1-4-2(0.0647) / 1-4-3(0.0621) / 1-2-6(0.0485) / 1-2-5(0.0480) / 1-3-6(0.0457) / 1-3-5(0.0453)
2025-02-07,1,1-4-3,1-5-4,0.23485670586063348,False,1-5-4(0.2349) / 1-4-5(0.1749) / 1-5-3(0.1180) / 1-3-5(0.0740) / 1-5-2(0.0656) / 1-4-3(0.0526) / 1-3-4(0.0443) / 1-5-6(0.0417) / 1-2-5(0.0384) / 1-4-2(0.0293)
2025-02-07,3,1-3-6,1-3-6,0.16169994225859485,True,1-3-6(0.1617) / 1-3-2(0.1279) / 1-6-3(0.1106) / 1-3-5(0.0904) / 1-2-3(0.0832) / 1-3-4(0.0706) / 1-5-3(0.0558) / 1-4-3(0.0424) / 1-6-2(0.0383) / 1-2-6(0.0364)
2025-02-07,6,1-4-6,1-4-5,0.09230828843898199,False,1-4-5(0.0923) / 1-5-4(0.0839) / 1-4-2(0.0798) / 1-2-4(0.0699) / 1-4-6(0.0631) / 1-4-3(0.0579) / 1-5-2(0.0551) / 1-2-5(0.0531) / 1-6-4(0.0526) / 1-3-4(0.0476)
2025-02-08,1,1-2-6,1-4-3,0.23785503817255066,False,1-4-3(0.2379) / 1-3-4(0.1550) / 1-4-5(0.1265) / 1-4-6(0.0907) / 1-5-4(0.0720) / 1-6-4(0.0496) / 1-4-2(0.0471) / 1-3-5(0.0387) / 1-5-3(0.0338) / 1-3-6(0.0277)
2025-02-08,2,1-2-3,1-3-2,0.24987871883646356,False,1-3-2(0.2499) / 1-2-3(0.2185) / 1-3-6(0.0932) / 1-2-6(0.0655) / 1-6-3(0.0616) / 1-6-2(0.0495) / 1-3-4(0.0422) / 1-3-5(0.0381) / 1-2-4(0.0297) / 1-2-5(0.0268)
2025-02-08,3,1-2-3,1-5-3,0.10476030265250622,False,1-5-3(0.1048) / 1-3-5(0.1023) / 1-5-2(0.0707) / 1-3-2(0.0648) / 1-5-6(0.0647) / 1-2-5(0.0618) / 1-3-6(0.0593) / 1-2-3(0.0580) / 1-6-5(0.0555) / 1-6-3(0.0521)
2025-02-08,4,1-2-3,1-3-4,0.10666891540347084,False,1-3-4(0.1067) / 1-4-3(0.0966) / 1-3-2(0.0863) / 1-2-3(0.0738) / 1-3-6(0.0687) / 1-4-2(0.0599) / 1-2-4(0.0566) / 1-6-3(0.0560) / 1-3-5(0.0481) / 1-4-6(0.0477)
2025-02-08,9,1-3-2,1-3-5,0.11048280322115431,False,1-3-5(0.1105) / 1-5-3(0.1065) / 1-3-2(0.0746) / 1-5-2(0.0654) / 1-2-3(0.0643) / 1-3-4(0.0601) / 1-2-5(0.0585) / 1-5-4(0.0527) / 1-4-3(0.0497) / 1-3-6(0.0479)
2025-02-08,10,1-4-5,1-4-3,0.16720256831436145,False,1-4-3(0.1672) / 1-4-5(0.1484) / 1-3-4(0.1349) / 1-5-4(0.1153) / 1-3-5(0.0763) / 1-5-3(0.0735) / 1-4-2(0.0526) / 1-2-4(0.0344) / 1-4-6(0.0294) / 1-3-2(0.0270)
2025-02-09,2,1-3-2,1-4-3,0.16863249123467294,False,1-4-3(0.1686) / 1-4-2(0.1439) / 1-3-4(0.1195) / 1-2-4(0.0981) / 1-4-6(0.0683) / 1-4-5(0.0613) / 1-3-2(0.0491) / 1-2-3(0.0472) / 1-6-4(0.0417) / 1-5-4(0.0371)
2025-02-09,3,1-2-3,1-2-4,0.09354016677518007,False,1-2-4(0.0935) / 1-4-2(0.0932) / 1-2-5(0.0789) / 1-4-5(0.0779) / 1-5-2(0.0745) / 1-5-4(0.0738) / 1-2-3(0.0514) / 1-4-3(0.0508) / 1-3-2(0.0442) / 1-3-4(0.0438)
2025-02-09,7,1-2-4,1-5-4,0.13349930730424656,False,1-5-4(0.1335) / 1-5-6(0.1097) / 1-4-5(0.1057) / 1-6-5(0.0827) / 1-5-2(0.0789) / 1-5-3(0.0585) / 1-2-5(0.0561) / 1-4-6(0.0496) / 1-6-4(0.0472) / 1-3-5(0.0400)
2025-02-09,8,1-3-4,1-3-6,0.12313040983306586,False,1-3-6(0.1231) / 1-3-5(0.1207) / 1-6-3(0.1018) / 1-5-3(0.0993) / 1-3-4(0.0726) / 1-6-5(0.0622) / 1-5-6(0.0618) / 1-4-3(0.0538) / 1-3-2(0.0402) / 1-6-4(0.0374)
2025-02-09,9,1-5-2,1-2-5,0.1120075310091634,False,1-2-5(0.1120) / 1-2-6(0.1094) / 1-5-2(0.0909) / 1-6-2(0.0883) / 1-2-4(0.0750) / 1-2-3(0.0577) / 1-4-2(0.0561) / 1-5-6(0.0512) / 1-6-5(0.0509) / 1-3-2(0.0417)
2025-02-09,10,1-2-3,1-5-3,0.1826351597122075,False,1-5-3(0.1826) / 1-3-5(0.1285) / 1-5-2(0.1193) / 1-5-6(0.0889) / 1-2-5(0.0764) / 1-5-4(0.0614) / 1-6-5(0.0546) / 1-3-2(0.0410) / 1-2-3(0.0374) / 1-4-5(0.0363)
2025-02-10,2,1-4-5,1-2-6,0.10947888108495382,False,1-2-6(0.1095) / 1-6-2(0.1083) / 1-2-4(0.0893) / 1-6-4(0.0859) / 1-4-2(0.0825) / 1-4-6(0.0803) / 1-2-3(0.0568) / 1-6-3(0.0547) / 1-3-2(0.0475) / 1-3-6(0.0462)
2025-02-10,4,1-4-6,1-2-6,0.18685780934498084,False,1-2-6(0.1869) / 1-6-2(0.1556) / 1-2-5(0.0859) / 1-2-3(0.0850) / 1-5-2(0.0591) / 1-3-2(0.0584) / 1-6-5(0.0500) / 1-6-3(0.0494) / 1-2-4(0.0427) / 1-5-6(0.0413)
2025-02-10,5,1-2-4,1-2-6,0.07897004472040939,False,1-2-6(0.0790) / 1-6-2(0.0780) / 1-2-3(0.0624) / 1-2-5(0.0597) / 1-6-3(0.0592) / 1-3-2(0.0578) / 1-6-5(0.0567) / 1-3-6(0.0556) / 1-5-2(0.0548) / 1-5-6(0.0527)
2025-02-10,7,1-2-4,1-2-6,0.24097301940871466,False,1-2-6(0.2410) / 1-6-2(0.1233) / 1-2-5(0.1163) / 1-2-4(0.1128) / 1-2-3(0.1082) / 1-5-2(0.0536) / 1-4-2(0.0518) / 1-3-2(0.0495) / 1-6-5(0.0181) / 1-6-4(0.0176)
2025-02-10,8,1-3-4,1-4-5,0.18847598932708334,False,1-4-5(0.1885) / 1-5-4(0.1591) / 1-4-6(0.0849) / 1-4-3(0.0714) / 1-6-4(0.0587) / 1-4-2(0.0526) / 1-5-6(0.0516) / 1-3-4(0.0482) / 1-5-3(0.0433) / 1-6-5(0.0423)
2025-02-10,9,1-2-3,1-3-2,0.2282386183344152,False,1-3-2(0.2282) / 1-2-3(0.1590) / 1-3-4(0.1408) / 1-4-3(0.0870) / 1-3-6(0.0566) / 1-3-5(0.0519) / 1-2-4(0.0513) / 1-4-2(0.0455) / 1-6-3(0.0315) / 1-5-3(0.0287)
2025-02-10,10,1-2-4,1-6-2,0.1806324309411787,False,1-6-2(0.1806) / 1-2-6(0.1631) / 1-6-5(0.1114) / 1-5-6(0.0862) / 1-2-5(0.0824) / 1-5-2(0.0706) / 1-6-3(0.0507) / 1-2-3(0.0375) / 1-3-6(0.0348) / 1-6-4(0.0294)
2025-02-10,11,1-3-4,1-5-4,0.1403274979566865,False,1-5-4(0.1403) / 1-4-5(0.1374) / 1-5-2(0.0877) / 1-4-2(0.0820) / 1-2-5(0.0739) / 1-2-4(0.0705) / 1-5-3(0.0500) / 1-4-3(0.0468) / 1-5-6(0.0388) / 1-3-5(0.0383)
2025-02-10,12,1-4-5,1-3-6,0.15754009171837186,False,1-3-6(0.1575) / 1-6-3(0.1547) / 1-3-4(0.0940) / 1-6-4(0.0889) / 1-4-3(0.0777) / 1-4-6(0.0748) / 1-3-5(0.0457) / 1-6-5(0.0432) / 1-5-3(0.0337) / 1-3-2(0.0336)
2025-02-13,2,1-3-2,1-4-3,0.334439753288815,False,1-4-3(0.3344) / 1-4-2(0.1961) / 1-3-4(0.1516) / 1-4-6(0.0922) / 1-2-4(0.0809) / 1-6-4(0.0356) / 1-3-2(0.0270) / 1-2-3(0.0246) / 1-3-6(0.0127) / 1-4-5(0.0115)
2025-02-13,4,1-3-2,1-6-5,0.13347285461777098,False,1-6-5(0.1335) / 1-6-3(0.1189) / 1-5-6(0.1131) / 1-3-6(0.0974) / 1-5-3(0.0680) / 1-3-5(0.0658) / 1-6-4(0.0595) / 1-6-2(0.0447) / 1-4-6(0.0429) / 1-5-4(0.0341)
2025-02-13,6,1-4-3,1-4-3,0.17767192683108546,True,1-4-3(0.1777) / 1-4-5(0.1575) / 1-3-4(0.1027) / 1-4-2(0.0936) / 1-5-4(0.0890) / 1-4-6(0.0890) / 1-2-4(0.0495) / 1-6-4(0.0468) / 1-3-5(0.0291) / 1-5-3(0.0284)
2025-02-13,7,1-4-2,1-4-6,0.26026395518543743,False,1-4-6(0.2603) / 1-6-4(0.1518) / 1-4-2(0.1292) / 1-4-5(0.0957) / 1-2-4(0.0661) / 1-4-3(0.0588) / 1-5-4(0.0474) / 1-6-2(0.0302) / 1-3-4(0.0282) / 1-2-6(0.0265)
2025-02-13,8,1-2-4,1-2-4,0.3923203204598078,True,1-2-4(0.3923) / 1-4-2(0.1955) / 1-2-3(0.1707) / 1-3-2(0.0722) / 1-2-5(0.0543) / 1-4-3(0.0328) / 1-3-4(0.0279) / 1-5-2(0.0213) / 1-4-5(0.0104) / 1-5-4(0.0082)
2025-02-13,9,1-6-3,1-3-5,0.20690699087530912,False,1-3-5(0.2069) / 1-5-3(0.1903) / 1-3-2(0.0883) / 1-5-2(0.0699) / 1-2-3(0.0632) / 1-2-5(0.0544) / 1-3-4(0.0448) / 1-3-6(0.0447) / 1-5-4(0.0355) / 1-5-6(0.0354)
2025-02-13,10,1-4-5,1-5-2,0.18754503481111803,False,1-5-2(0.1875) / 1-2-5(0.1847) / 1-5-4(0.0734) / 1-2-4(0.0703) / 1-4-5(0.0549) / 1-4-2(0.0533) / 1-5-6(0.0487) / 1-2-6(0.0466) / 1-5-3(0.0436) / 1-2-3(0.0418)
2025-02-13,12,1-5-3,1-2-3,0.09855454254152175,False,1-2-3(0.0986) / 1-3-2(0.0870) / 1-2-6(0.0840) / 1-6-2(0.0712) / 1-2-5(0.0676) / 1-2-4(0.0605) / 1-5-2(0.0548) / 1-3-6(0.0522) / 1-6-3(0.0501) / 1-4-2(0.0482)
2025-02-14,3,1-4-2,1-3-2,0.09474084010484804,False,1-3-2(0.0947) / 1-2-3(0.0885) / 1-3-6(0.0777) / 1-6-3(0.0688) / 1-3-5(0.0660) / 1-2-6(0.0599) / 1-6-2(0.0567) / 1-5-3(0.0564) / 1-2-5(0.0508) / 1-3-4(0.0479)
2025-02-14,4,1-5-6,1-5-6,0.24477014888551282,True,1-5-6(0.2448) / 1-6-5(0.1794) / 1-5-2(0.1585) / 1-2-5(0.1024) / 1-6-2(0.0684) / 1-2-6(0.0603) / 1-5-3(0.0560) / 1-3-5(0.0317) / 1-6-3(0.0242) / 1-3-6(0.0187)
2025-02-14,5,1-2-3,1-3-2,0.28159866296600483,False,1-3-2(0.2816) / 1-3-5(0.1854) / 1-3-4(0.1399) / 1-2-3(0.1349) / 1-5-3(0.0826) / 1-4-3(0.0603) / 1-2-5(0.0266) / 1-5-2(0.0247) / 1-2-4(0.0200) / 1-4-2(0.0180)
2025-02-14,6,1-3-6,1-3-4,0.24991620815064594,False,1-3-4(0.2499) / 1-3-2(0.1694) / 1-3-5(0.1485) / 1-4-3(0.1010) / 1-3-6(0.0823) / 1-2-3(0.0652) / 1-5-3(0.0565) / 1-6-3(0.0301) / 1-4-2(0.0142) / 1-2-4(0.0135)
2025-02-14,8,1-2-4,1-2-4,0.203165005116346,True,1-2-4(0.2032) / 1-4-2(0.1996) / 1-2-5(0.1006) / 1-4-5(0.0957) / 1-5-2(0.0774) / 1-5-4(0.0750) / 1-2-3(0.0564) / 1-4-3(0.0537) / 1-3-2(0.0397) / 1-3-4(0.0385)
2025-02-14,10,1-6-2,1-2-6,0.20873573814481727,False,1-2-6(0.2087) / 1-2-5(0.1657) / 1-6-2(0.1381) / 1-5-2(0.1036) / 1-2-3(0.0961) / 1-3-2(0.0551) / 1-6-5(0.0501) / 1-5-6(0.0474) / 1-6-3(0.0291) / 1-3-6(0.0252)
2025-02-14,11,1-4-3,1-4-3,0.13266695157827155,True,1-4-3(0.1327) / 1-4-6(0.1175) / 1-3-4(0.1068) / 1-6-4(0.0916) / 1-4-2(0.0825) / 1-2-4(0.0599) / 1-3-6(0.0562) / 1-6-3(0.0545) / 1-4-5(0.0412) / 1-3-2(0.0395)
2025-02-15,1,1-4-5,1-4-2,0.3840759411469268,False,1-4-2(0.3841) / 1-4-5(0.2232) / 1-4-3(0.1752) / 1-2-4(0.0741) / 1-5-4(0.0415) / 1-4-6(0.0406) / 1-3-4(0.0322) / 1-6-4(0.0072) / 1-2-5(0.0043) / 1-5-2(0.0042)
2025-02-15,2,1-5-3,1-2-4,0.14392462385205845,False,1-2-4(0.1439) / 1-4-2(0.1135) / 1-2-6(0.1042) / 1-2-5(0.0815) / 1-6-2(0.0760) / 1-2-3(0.0597) / 1-5-2(0.0571) / 1-4-6(0.0476) / 1-6-4(0.0441) / 1-3-2(0.0402)
2025-02-15,4,1-3-6,1-3-6,0.2078557413567764,True,1-3-6(0.2079) / 1-3-2(0.1376) / 1-3-5(0.1344) / 1-3-4(0.1257) / 1-6-3(0.0948) / 1-2-3(0.0596) / 1-5-3(0.0581) / 1-4-3(0.0540) / 1-6-2(0.0140) / 1-6-5(0.0137)
2025-02-15,7,1-3-4,1-4-2,0.22519384996940114,False,1-4-2(0.2252) / 1-2-4(0.1505) / 1-4-3(0.1446) / 1-3-4(0.0871) / 1-4-5(0.0745) / 1-2-3(0.0465) / 1-4-6(0.0446) / 1-3-2(0.0419) / 1-5-4(0.0413) / 1-2-5(0.0240)
2025-02-15,8,1-2-4,1-2-4,0.2218084397301336,True,1-2-4(0.2218) / 1-4-2(0.1702) / 1-2-5(0.1315) / 1-5-2(0.0873) / 1-2-6(0.0671) / 1-4-5(0.0627) / 1-5-4(0.0543) / 1-6-2(0.0407) / 1-4-6(0.0320) / 1-6-4(0.0253)
2025-02-15,10,1-4-5,1-5-6,0.14085951416749654,False,1-5-6(0.1409) / 1-6-5(0.1236) / 1-5-3(0.1003) / 1-5-2(0.0951) / 1-3-5(0.0799) / 1-2-5(0.0749) / 1-6-3(0.0653) / 1-6-2(0.0619) / 1-3-6(0.0593) / 1-2-6(0.0556)
2025-02-15,11,1-3-5,1-2-3,0.10968176728136836,False,1-2-3(0.1097) / 1-2-4(0.1056) / 1-2-5(0.0931) / 1-3-2(0.0855) / 1-4-2(0.0816) / 1-5-2(0.0701) / 1-2-6(0.0594) / 1-3-4(0.0422) / 1-4-3(0.0418) / 1-6-2(0.0418)
2025-02-15,12,1-4-5,1-4-5,0.13333897597741992,True,1-4-5(0.1333) / 1-4-3(0.1183) / 1-5-4(0.1136) / 1-3-4(0.0972) / 1-5-3(0.0689) / 1-3-5(0.0665) / 1-4-2(0.0647) / 1-2-4(0.0473) / 1-4-6(0.0385) / 1-5-2(0.0377)
2025-02-16,3,1-5-6,1-3-6,0.16525121132731696,False,1-3-6(0.1653) / 1-6-3(0.1624) / 1-3-4(0.1166) / 1-6-4(0.1106) / 1-4-3(0.1004) / 1-4-6(0.0969) / 1-3-2(0.0308) / 1-6-2(0.0293) / 1-3-5(0.0242) / 1-6-5(0.0230)
2025-02-16,5,1-4-2,1-2-4,0.21224270152079727,False,1-2-4(0.2122) / 1-4-2(0.1806) / 1-2-3(0.1025) / 1-3-2(0.0710) / 1-4-3(0.0652) / 1-2-5(0.0554) / 1-3-4(0.0531) / 1-2-6(0.0394) / 1-5-2(0.0356) / 1-4-5(0.0352)
2025-02-16,7,1-2-6,1-3-6,0.17569070364066258,False,1-3-6(0.1757) / 1-6-3(0.1657) / 1-3-2(0.1524) / 1-2-3(0.1354) / 1-6-2(0.1281) / 1-2-6(0.1207) / 1-3-5(0.0269) / 1-6-5(0.0226) / 1-2-5(0.0185) / 1-5-3(0.0182)
2025-02-16,8,1-3-2,1-2-4,0.10072782842671851,False,1-2-4(0.1007) / 1-4-2(0.0913) / 1-2-5(0.0792) / 1-5-2(0.0675) / 1-2-3(0.0649) / 1-2-6(0.0583) / 1-4-5(0.0549) / 1-3-2(0.0532) / 1-5-4(0.0516) / 1-6-2(0.0469)
2025-02-16,9,1-3-2,1-5-2,0.1342994740948837,False,1-5-2(0.1343) / 1-5-6(0.1238) / 1-2-5(0.1140) / 1-6-5(0.1025) / 1-2-6(0.0712) / 1-6-2(0.0695) / 1-5-3(0.0553) / 1-5-4(0.0435) / 1-3-5(0.0395) / 1-2-3(0.0318)
2025-02-16,10,1-2-3,1-3-6,0.30384473443035015,False,1-3-6(0.3038) / 1-3-4(0.1775) / 1-3-2(0.1386) / 1-6-3(0.1203) / 1-4-3(0.0653) / 1-2-3(0.0500) / 1-3-5(0.0449) / 1-6-4(0.0162) / 1-5-3(0.0154) / 1-4-6(0.0151)
2025-02-16,12,1-4-2,1-5-2,0.12341662302665693,False,1-5-2(0.1234) / 1-2-5(0.1061) / 1-5-6(0.1025) / 1-6-5(0.0837) / 1-5-4(0.0674) / 1-2-6(0.0607) / 1-6-2(0.0576) / 1-4-5(0.0508) / 1-5-3(0.0499) / 1-2-4(0.0399)
2025-02-17,9,1-3-4,1-4-3,0.16725712271014204,False,1-4-3(0.1673) / 1-4-2(0.1286) / 1-4-5(0.1241) / 1-3-4(0.0967) / 1-4-6(0.0936) / 1-2-4(0.0712) / 1-5-4(0.0684) / 1-6-4(0.0500) / 1-3-2(0.0229) / 1-3-5(0.0221)
2025-02-17,11,1-4-2,1-2-6,0.15780448224660168,False,1-2-6(0.1578) / 1-2-3(0.1574) / 1-6-2(0.1130) / 1-3-2(0.1127) / 1-2-4(0.0817) / 1-6-3(0.0541) / 1-3-6(0.0540) / 1-4-2(0.0520) / 1-2-5(0.0353) / 1-6-4(0.0281)
2025-02-17,12,1-5-6,1-6-2,0.08500252597439742,False,1-6-2(0.0850) / 1-2-6(0.0840) / 1-6-4(0.0755) / 1-2-4(0.0720) / 1-4-6(0.0720) / 1-4-2(0.0695) / 1-6-3(0.0515) / 1-2-3(0.0491) / 1-3-6(0.0451) / 1-6-5(0.0440)
2025-02-18,1,1-3-6,1-3-6,0.2761681378982524,True,1-3-6(0.2762) / 1-6-3(0.2247) / 1-3-4(0.1322) / 1-4-3(0.0856) / 1-6-4(0.0781) / 1-4-6(0.0621) / 1-3-2(0.0419) / 1-6-2(0.0247) / 1-2-3(0.0240) / 1-2-6(0.0174)
2025-02-18,4,1-5-6,1-6-3,0.2378080134747286,False,1-6-3(0.2378) / 1-3-6(0.2010) / 1-6-4(0.0718) / 1-6-5(0.0683) / 1-6-2(0.0478) / 1-3-4(0.0457) / 1-4-6(0.0457) / 1-3-5(0.0435) / 1-5-6(0.0432) / 1-4-3(0.0344)
2025-02-18,6,1-3-4,1-4-3,0.38655629172001527,False,1-4-3(0.3866) / 1-4-2(0.3528) / 1-3-4(0.0867) / 1-2-4(0.0784) / 1-4-5(0.0562) / 1-5-4(0.0115) / 1-3-2(0.0097) / 1-2-3(0.0096) / 1-4-6(0.0021) / 1-3-5(0.0016)
2025-02-18,8,1-3-5,1-2-5,0.1680640918566377,False,1-2-5(0.1681) / 1-5-2(0.1285) / 1-2-6(0.0951) / 1-2-3(0.0781) / 1-2-4(0.0746) / 1-6-2(0.0641) / 1-3-2(0.0513) / 1-4-2(0.0486) / 1-5-6(0.0413) / 1-6-5(0.0364)
2025-02-19,3,1-3-4,1-3-2,0.13812708413507066,False,1-3-2(0.1381) / 1-3-4(0.1333) / 1-2-3(0.1160) / 1-4-3(0.1106) / 1-3-5(0.0911) / 1-2-4(0.0744) / 1-4-2(0.0736) / 1-5-3(0.0690) / 1-2-5(0.0509) / 1-4-5(0.0486)
2025-02-19,4,1-4-2,1-6-3,0.07322398575293976,False,1-6-3(0.0732) / 1-3-6(0.0728) / 1-6-5(0.0702) / 1-5-6(0.0689) / 1-3-5(0.0686) / 1-5-3(0.0677) / 1-6-4(0.0478) / 1-6-2(0.0471) / 1-3-4(0.0467) / 1-3-2(0.0460)
2025-02-19,6,1-4-2,1-4-3,0.27928651776877655,False,1-4-3(0.2793) / 1-4-6(0.1571) / 1-3-4(0.1554) / 1-4-2(0.1069) / 1-6-4(0.0780) / 1-2-4(0.0508) / 1-3-6(0.0335) / 1-6-3(0.0299) / 1-3-2(0.0228) / 1-4-5(0.0205)
2025-02-19,7,1-2-3,1-4-3,0.13253275140240778,False,1-4-3(0.1325) / 1-3-4(0.1287) / 1-4-6(0.0987) / 1-3-6(0.0894) / 1-6-4(0.0867) / 1-6-3(0.0809) / 1-4-5(0.0416) / 1-4-2(0.0396) / 1-3-5(0.0377) / 1-3-2(0.0359)
2025-02-19,9,1-4-3,1-2-6,0.09728229126801995,False,1-2-6(0.0973) / 1-6-2(0.0883) / 1-2-4(0.0853) / 1-2-5(0.0784) / 1-4-2(0.0748) / 1-5-2(0.0673) / 1-6-4(0.0591) / 1-4-6(0.0570) / 1-6-5(0.0543) / 1-5-6(0.0513)
2025-02-19,10,1-2-3,1-3-4,0.21389226068663295,False,1-3-4(0.2139) / 1-4-3(0.1511) / 1-3-2(0.1350) / 1-2-3(0.0852) / 1-3-5(0.0698) / 1-4-2(0.0500) / 1-3-6(0.0477) / 1-2-4(0.0447) / 1-5-3(0.0405) / 1-6-3(0.0270)
2025-02-19,12,1-5-4,1-2-3,0.19861317316132954,False,1-2-3(0.1986) / 1-2-5(0.1925) / 1-2-6(0.1555) / 1-2-4(0.1502) / 1-3-2(0.0659) / 1-5-2(0.0637) / 1-6-2(0.0506) / 1-4-2(0.0487) / 1-3-5(0.0079) / 1-5-3(0.0079)
2025-02-23,2,1-3-4,1-2-6,0.15625795922759433,False,1-2-6(0.1563) / 1-2-5(0.1370) / 1-6-2(0.1132) / 1-5-2(0.0961) / 1-2-3(0.0709) / 1-2-4(0.0631) / 1-6-5(0.0487) / 1-5-6(0.0471) / 1-3-2(0.0449) / 1-4-2(0.0395)
2025-02-23,3,1-4-2,1-4-5,0.19885304005126161,False,1-4-5(0.1989) / 1-5-4(0.1737) / 1-4-6(0.1040) / 1-6-4(0.0750) / 1-4-3(0.0715) / 1-5-6(0.0706) / 1-6-5(0.0583) / 1-3-4(0.0487) / 1-5-3(0.0485) / 1-3-5(0.0378)
2025-02-23,6,1-3-5,1-4-3,0.3261408826291683,False,1-4-3(0.3261) / 1-3-4(0.2015) / 1-4-5(0.1097) / 1-4-2(0.0967) / 1-5-4(0.0545) / 1-2-4(0.0475) / 1-3-5(0.0332) / 1-3-2(0.0293) / 1-5-3(0.0267) / 1-2-3(0.0233)
2025-02-23,8,1-4-2,1-4-2,0.17474803574910577,True,1-4-2(0.1747) / 1-2-4(0.1740) / 1-4-3(0.0940) / 1-2-3(0.0928) / 1-3-4(0.0757) / 1-3-2(0.0751) / 1-4-5(0.0716) / 1-2-5(0.0707) / 1-5-4(0.0547) / 1-5-2(0.0543)
2025-02-23,10,1-5-3,1-6-5,0.11779372948334084,False,1-6-5(0.1178) / 1-6-2(0.1150) / 1-5-6(0.1122) / 1-2-6(0.1086) / 1-5-2(0.0970) / 1-2-5(0.0962) / 1-6-4(0.0520) / 1-5-4(0.0439) / 1-2-4(0.0425) / 1-4-6(0.0411)
2025-02-23,11,1-3-4,1-6-3,0.20998223372849503,False,1-6-3(0.2100) / 1-6-5(0.1371) / 1-3-6(0.1319) / 1-6-2(0.1199) / 1-5-6(0.0790) / 1-2-6(0.0677) / 1-3-5(0.0357) / 1-6-4(0.0354) / 1-5-3(0.0327) / 1-3-2(0.0312)
2025-02-24,1,1-3-5,1-4-3,0.1256101779609793,False,1-4-3(0.1256) / 1-3-4(0.1239) / 1-4-2(0.0856) / 1-3-2(0.0817) / 1-4-6(0.0749) / 1-2-4(0.0746) / 1-2-3(0.0722) / 1-3-6(0.0715) / 1-6-4(0.0633) / 1-6-3(0.0613)
2025-02-24,3,1-6-4,1-3-5,0.25578224333936217,False,1-3-5(0.2558) / 1-3-6(0.2195) / 1-5-3(0.1192) / 1-6-3(0.0995) / 1-3-4(0.0738) / 1-3-2(0.0611) / 1-4-3(0.0302) / 1-5-6(0.0274) / 1-6-5(0.0266) / 1-2-3(0.0248)
2025-02-24,4,1-2-4,1-5-4,0.1936449487844899,False,1-5-4(0.1936) / 1-4-5(0.1717) / 1-5-2(0.1046) / 1-2-5(0.0770) / 1-4-2(0.0739) / 1-2-4(0.0614) / 1-5-3(0.0477) / 1-5-6(0.0402) / 1-4-3(0.0337) / 1-3-5(0.0317)
2025-02-24,5,1-3-2,1-4-3,0.25773782949221374,False,1-4-3(0.2577) / 1-3-4(0.2272) / 1-4-2(0.1269) / 1-3-2(0.0915) / 1-2-4(0.0880) / 1-2-3(0.0720) / 1-4-5(0.0400) / 1-3-5(0.0288) / 1-5-4(0.0243) / 1-5-3(0.0199)
2025-02-24,7,1-3-2,1-4-6,0.09451644924329256,False,1-4-6(0.0945) / 1-6-4(0.0931) / 1-4-3(0.0823) / 1-6-3(0.0778) / 1-3-4(0.0777) / 1-3-6(0.0745) / 1-4-2(0.0528) / 1-6-2(0.0499) / 1-2-4(0.0451) / 1-2-6(0.0433)
2025-02-24,8,1-2-5,1-4-2,0.23073719099242138,False,1-4-2(0.2307) / 1-4-5(0.1524) / 1-2-4(0.1502) / 1-4-3(0.1076) / 1-5-4(0.0900) / 1-3-4(0.0604) / 1-2-5(0.0459) / 1-5-2(0.0417) / 1-2-3(0.0324) / 1-3-2(0.0279)
2025-02-24,9,1-6-2,1-5-6,0.2743254242325122,False,1-5-6(0.2743) / 1-6-5(0.2291) / 1-5-3(0.1091) / 1-3-5(0.0697) / 1-6-3(0.0689) / 1-3-6(0.0527) / 1-5-4(0.0396) / 1-6-4(0.0250) / 1-5-2(0.0246) / 1-4-5(0.0230)
2025-02-24,10,1-3-6,1-6-2,0.13164767874432853,False,1-6-2(0.1316) / 1-6-3(0.1091) / 1-2-6(0.1091) / 1-3-6(0.0860) / 1-6-4(0.0661) / 1-2-3(0.0576) / 1-6-5(0.0561) / 1-3-2(0.0547) / 1-4-6(0.0476) / 1-5-6(0.0396)
2025-02-24,11,1-2-3,1-5-3,0.08864976257454282,False,1-5-3(0.0886) / 1-3-5(0.0833) / 1-5-2(0.0822) / 1-2-5(0.0756) / 1-3-2(0.0644) / 1-2-3(0.0630) / 1-5-4(0.0544) / 1-5-6(0.0520) / 1-4-5(0.0459) / 1-6-5(0.0435)
2025-02-25,1,1-2-3,1-6-2,0.21053124565704182,False,1-6-2(0.2105) / 1-6-4(0.2031) / 1-2-6(0.1201) / 1-4-6(0.1150) / 1-6-3(0.0621) / 1-6-5(0.0585) / 1-2-4(0.0398) / 1-4-2(0.0395) / 1-3-6(0.0306) / 1-5-6(0.0287)
2025-02-25,6,1-3-2,1-3-4,0.24923232924260985,False,1-3-4(0.2492) / 1-3-6(0.1923) / 1-4-3(0.1344) / 1-6-3(0.0983) / 1-3-5(0.0632) / 1-3-2(0.0598) / 1-4-6(0.0353) / 1-6-4(0.0335) / 1-5-3(0.0289) / 1-2-3(0.0273)
2025-02-25,8,1-4-2,1-4-2,0.2231545697468667,True,1-4-2(0.2232) / 1-4-6(0.2011) / 1-2-4(0.1284) / 1-6-4(0.1131) / 1-4-5(0.0873) / 1-5-4(0.0439) / 1-2-6(0.0417) / 1-6-2(0.0408) / 1-4-3(0.0242) / 1-2-5(0.0181)
2025-02-25,11,1-5-3,1-2-4,0.1713858062465195,False,1-2-4(0.1714) / 1-4-2(0.1534) / 1-2-6(0.1170) / 1-6-2(0.0924) / 1-4-6(0.0836) / 1-6-4(0.0738) / 1-2-3(0.0407) / 1-2-5(0.0391) / 1-4-3(0.0291) / 1-4-5(0.0280)
2025-02-25,12,1-2-3,1-4-5,0.09013861485148442,False,1-4-5(0.0901) / 1-5-4(0.0850) / 1-4-3(0.0787) / 1-3-4(0.0715) / 1-5-3(0.0627) / 1-4-2(0.0621) / 1-3-5(0.0603) / 1-2-4(0.0535) / 1-5-2(0.0495) / 1-4-6(0.0468)
2025-02-26,2,1-2-6,1-6-3,0.07654698555976394,False,1-6-3(0.0765) / 1-3-6(0.0752) / 1-6-2(0.0729) / 1-2-6(0.0705) / 1-6-5(0.0697) / 1-3-2(0.0676) / 1-5-6(0.0666) / 1-2-3(0.0666) / 1-3-5(0.0646) / 1-5-3(0.0629)
2025-02-26,4,1-4-5,1-4-5,0.26367504106784606,True,1-4-5(0.2637) / 1-5-4(0.2477) / 1-4-3(0.0781) / 1-5-3(0.0667) / 1-3-4(0.0516) / 1-3-5(0.0469) / 1-4-2(0.0435) / 1-5-2(0.0371) / 1-4-6(0.0275) / 1-2-4(0.0272)
2025-02-26,5,1-3-5,1-3-5,0.22528475651778726,True,1-3-5(0.2253) / 1-5-3(0.1860) / 1-3-4(0.1555) / 1-4-3(0.1131) / 1-5-4(0.0918) / 1-4-5(0.0809) / 1-3-2(0.0374) / 1-2-3(0.0227) / 1-5-2(0.0221) / 1-2-5(0.0162)
2025-02-26,6,1-2-3,1-3-6,0.2801793949431356,False,1-3-6(0.2802) / 1-3-2(0.1847) / 1-6-3(0.1423) / 1-3-4(0.1236) / 1-2-3(0.0867) / 1-4-3(0.0553) / 1-6-2(0.0309) / 1-2-6(0.0285) / 1-6-4(0.0206) / 1-4-6(0.0182)
2025-02-26,8,1-2-4,1-2-4,0.17404868096214285,True,1-2-4(0.1740) / 1-2-6(0.1536) / 1-4-2(0.1140) / 1-6-2(0.0979) / 1-2-3(0.0796) / 1-2-5(0.0650) / 1-3-2(0.0461) / 1-4-6(0.0415) / 1-6-4(0.0403) / 1-5-2(0.0370)
2025-02-26,9,1-2-4,1-4-3,0.14035934317982424,False,1-4-3(0.1404) / 1-3-4(0.1233) / 1-4-2(0.0849) / 1-4-6(0.0710) / 1-2-4(0.0655) / 1-3-2(0.0554) / 1-4-5(0.0540) / 1-6-4(0.0531) / 1-2-3(0.0487) / 1-3-6(0.0464)
2025-02-26,10,1-6-4,1-4-3,0.11264575191474803,False,1-4-3(0.1126) / 1-3-4(0.1062) / 1-4-5(0.0840) / 1-4-2(0.0782) / 1-5-4(0.0727) / 1-3-5(0.0680) / 1-2-4(0.0666) / 1-3-2(0.0633) / 1-5-3(0.0624) / 1-2-3(0.0572)
2025-02-26,11,1-2-4,1-2-4,0.3962191597963112,True,1-2-4(0.3962) / 1-4-2(0.1639) / 1-2-6(0.1160) / 1-2-3(0.1048) / 1-2-5(0.0508) / 1-6-2(0.0409) / 1-3-2(0.0367) / 1-5-2(0.0173) / 1-4-6(0.0142) / 1-4-3(0.0128)
2025-02-26,12,1-4-5,1-4-2,0.23956872533240725,False,1-4-2(0.2396) / 1-2-4(0.1754) / 1-4-3(0.1143) / 1-3-4(0.0699) / 1-4-6(0.0646) / 1-4-5(0.0492) / 1-2-3(0.0488) / 1-3-2(0.0408) / 1-6-4(0.0371) / 1-5-4(0.0278)
2025-02-27,1,1-4-2,1-4-6,0.1896327570598583,False,1-4-6(0.1896) / 1-6-4(0.1742) / 1-4-2(0.1403) / 1-2-4(0.1150) / 1-6-2(0.1097) / 1-2-6(0.0978) / 1-4-3(0.0248) / 1-6-3(0.0194) / 1-4-5(0.0188) / 1-3-4(0.0162)
2025-02-27,2,1-2-4,1-4-6,0.08007965133476296,False,1-4-6(0.0801) / 1-6-4(0.0796) / 1-4-2(0.0769) / 1-2-4(0.0755) / 1-6-2(0.0751) / 1-2-6(0.0742) / 1-4-3(0.0626) / 1-6-3(0.0611) / 1-3-4(0.0581) / 1-2-3(0.0580)
2025-02-27,3,1-6-2,1-5-4,0.12611018881585173,False,1-5-4(0.1261) / 1-4-5(0.1183) / 1-5-6(0.1040) / 1-6-5(0.0915) / 1-4-6(0.0837) / 1-6-4(0.0786) / 1-5-3(0.0442) / 1-5-2(0.0426) / 1-4-3(0.0356) / 1-4-2(0.0343)
2025-02-27,6,1-3-5,1-3-4,0.266045267355198,False,1-3-4(0.2660) / 1-4-3(0.1552) / 1-3-5(0.1517) / 1-5-3(0.0789) / 1-3-6(0.0663) / 1-3-2(0.0618) / 1-4-5(0.0359) / 1-5-4(0.0320) / 1-6-3(0.0319) / 1-2-3(0.0296)
2025-02-27,9,1-5-3,1-6-2,0.21496703227853653,False,1-6-2(0.2150) / 1-6-3(0.1583) / 1-6-5(0.1420) / 1-2-6(0.1119) / 1-3-6(0.0783) / 1-5-6(0.0693) / 1-6-4(0.0501) / 1-2-3(0.0241) / 1-3-2(0.0229) / 1-4-6(0.0226)
2025-02-27,10,1-4-3,1-4-2,0.26557746635789836,False,1-4-2(0.2656) / 1-2-4(0.1679) / 1-4-5(0.1136) / 1-4-6(0.0908) / 1-5-4(0.0607) / 1-4-3(0.0517) / 1-6-4(0.0474) / 1-2-5(0.0335) / 1-5-2(0.0283) / 1-2-6(0.0268)
2025-02-27,11,1-2-6,1-2-6,0.13468114863638536,True,1-2-6(0.1347) / 1-2-3(0.1342) / 1-6-2(0.1038) / 1-3-2(0.1033) / 1-2-5(0.0806) / 1-5-2(0.0561) / 1-6-3(0.0554) / 1-3-6(0.0554) / 1-2-4(0.0416) / 1-6-5(0.0333)
2025-03-06,1,1-2-6,1-5-2,0.18473430584562398,False,1-5-2(0.1847) / 1-5-3(0.1644) / 1-5-4(0.1363) / 1-5-6(0.1273) / 1-2-5(0.0810) / 1-3-5(0.0710) / 1-4-5(0.0578) / 1-6-5(0.0536) / 1-2-3(0.0137) / 1-3-2(0.0135)
2025-03-06,2,1-6-5,1-4-2,0.13101973321151061,False,1-4-2(0.1310) / 1-4-6(0.1184) / 1-2-4(0.1181) / 1-6-4(0.1032) / 1-2-6(0.0834) / 1-6-2(0.0806) / 1-4-3(0.0715) / 1-3-4(0.0555) / 1-2-3(0.0503) / 1-6-3(0.0440)
2025-03-06,6,1-5-3,1-4-3,0.4824740299298333,False,1-4-3(0.4825) / 1-3-4(0.3565) / 1-4-6(0.0459) / 1-3-6(0.0241) / 1-6-4(0.0214) / 1-6-3(0.0152) / 1-4-2(0.0147) / 1-4-5(0.0082) / 1-3-2(0.0077) / 1-2-4(0.0067)
2025-03-06,8,1-4-3,1-4-2,0.3409945136646396,False,1-4-2(0.3410) / 1-2-4(0.3210) / 1-4-3(0.0963) / 1-2-3(0.0837) / 1-3-4(0.0600) / 1-3-2(0.0554) / 1-4-5(0.0097) / 1-2-5(0.0085) / 1-5-4(0.0054) / 1-5-2(0.0050)
2025-03-06,11,1-2-4,1-3-2,0.16874387637411656,False,1-3-2(0.1687) / 1-3-4(0.1246) / 1-3-5(0.1200) / 1-2-3(0.1105) / 1-4-3(0.0769) / 1-5-3(0.0736) / 1-3-6(0.0563) / 1-2-4(0.0331) / 1-6-3(0.0319) / 1-2-5(0.0319)
2025-03-07,4,1-4-6,1-6-3,0.17874498612136616,False,1-6-3(0.1787) / 1-6-4(0.1572) / 1-3-6(0.1324) / 1-4-6(0.1123) / 1-3-4(0.0630) / 1-4-3(0.0607) / 1-6-2(0.0514) / 1-6-5(0.0456) / 1-2-6(0.0312) / 1-5-6(0.0275)
2025-03-07,7,1-2-3,1-2-3,0.2754567867147867,True,1-2-3(0.2755) / 1-3-2(0.1993) / 1-2-5(0.1714) / 1-5-2(0.1074) / 1-3-5(0.0741) / 1-5-3(0.0641) / 1-2-6(0.0331) / 1-6-2(0.0176) / 1-3-6(0.0143) / 1-6-3(0.0105)
2025-03-07,8,1-2-4,1-4-2,0.11431643669960054,False,1-4-2(0.1143) / 1-4-3(0.1018) / 1-4-5(0.0935) / 1-2-4(0.0927) / 1-3-4(0.0803) / 1-5-4(0.0724) / 1-2-3(0.0479) / 1-4-6(0.0467) / 1-3-2(0.0466) / 1-2-5(0.0440)
2025-03-07,9,1-2-6,1-6-2,0.128466204337264,False,1-6-2(0.1285) / 1-2-6(0.1125) / 1-6-5(0.0822) / 1-6-3(0.0771) / 1-5-6(0.0643) / 1-3-6(0.0596) / 1-6-4(0.0537) / 1-2-5(0.0522) / 1-2-3(0.0490) / 1-5-2(0.0467)
2025-03-07,10,1-2-6,1-5-6,0.24768276767775307,False,1-5-6(0.2477) / 1-6-5(0.2095) / 1-5-2(0.0827) / 1-5-4(0.0623) / 1-6-2(0.0531) / 1-2-5(0.0528) / 1-2-6(0.0401) / 1-6-4(0.0400) / 1-4-5(0.0386) / 1-5-3(0.0382)
2025-03-07,11,1-2-3,1-5-4,0.13306349929858585,False,1-5-4(0.1331) / 1-4-5(0.1201) / 1-5-3(0.0791) / 1-5-6(0.0782) / 1-3-5(0.0623) / 1-6-5(0.0615) / 1-4-3(0.0561) / 1-4-6(0.0554) / 1-3-4(0.0490) / 1-6-4(0.0483)
2025-03-07,12,1-2-5,1-3-6,0.15059022412706036,False,1-3-6(0.1506) / 1-6-3(0.1316) / 1-3-5(0.0904) / 1-3-4(0.0782) / 1-5-3(0.0689) / 1-6-5(0.0587) / 1-4-3(0.0581) / 1-5-6(0.0512) / 1-6-4(0.0507) / 1-4-6(0.0432)
2025-03-08,1,1-2-6,1-3-2,0.34296528661784065,False,1-3-2(0.3430) / 1-3-4(0.1314) / 1-2-3(0.1264) / 1-3-5(0.1192) / 1-3-6(0.0951) / 1-4-3(0.0435) / 1-5-3(0.0392) / 1-6-3(0.0309) / 1-2-4(0.0109) / 1-2-5(0.0099)
2025-03-08,2,1-4-5,1-4-2,0.1798103157773715,False,1-4-2(0.1798) / 1-4-5(0.1763) / 1-4-6(0.1582) / 1-4-3(0.1347) / 1-2-4(0.0699) / 1-5-4(0.0684) / 1-6-4(0.0607) / 1-3-4(0.0510) / 1-2-5(0.0103) / 1-5-2(0.0102)
2025-03-08,5,1-2-3,1-4-3,0.21891980716966972,False,1-4-3(0.2189) / 1-3-4(0.1653) / 1-4-2(0.1640) / 1-2-4(0.1133) / 1-3-2(0.0744) / 1-2-3(0.0681) / 1-4-6(0.0371) / 1-4-5(0.0283) / 1-6-4(0.0214) / 1-3-6(0.0168)
2025-03-08,7,1-5-3,1-5-2,0.29580960082968283,False,1-5-2(0.2958) / 1-5-6(0.2275) / 1-2-5(0.1533) / 1-6-5(0.1112) / 1-5-3(0.0480) / 1-2-6(0.0414) / 1-6-2(0.0390) / 1-3-5(0.0204) / 1-5-4(0.0174) / 1-2-3(0.0087)
2025-03-08,9,1-2-3,1-3-2,0.20593427991046453,False,1-3-2(0.2059) / 1-2-3(0.1717) / 1-3-5(0.1561) / 1-5-3(0.1182) / 1-2-5(0.0931) / 1-5-2(0.0846) / 1-3-4(0.0325) / 1-4-3(0.0200) / 1-2-4(0.0194) / 1-3-6(0.0171)
2025-03-08,10,1-4-6,1-2-6,0.20038068602366557,False,1-2-6(0.2004) / 1-6-2(0.1645) / 1-2-4(0.0963) / 1-2-3(0.0870) / 1-4-2(0.0655) / 1-3-2(0.0583) / 1-6-4(0.0545) / 1-6-3(0.0492) / 1-4-6(0.0452) / 1-3-6(0.0402)
2025-03-08,11,1-5-2,1-5-2,0.3095591680013262,True,1-5-2(0.3096) / 1-2-5(0.1903) / 1-5-3(0.1074) / 1-5-4(0.0898) / 1-3-5(0.0538) / 1-4-5(0.0442) / 1-5-6(0.0377) / 1-2-3(0.0314) / 1-2-4(0.0262) / 1-3-2(0.0256)
2025-03-09,1,1-3-4,1-5-2,0.20323385385700185,False,1-5-2(0.2032) / 1-5-4(0.1558) / 1-5-3(0.1447) / 1-2-5(0.0974) / 1-5-6(0.0851) / 1-4-5(0.0719) / 1-3-5(0.0662) / 1-6-5(0.0372) / 1-2-4(0.0180) / 1-4-2(0.0173)
2025-03-09,6,1-4-5,1-3-4,0.5178962530791078,False,1-3-4(0.5179) / 1-3-5(0.1834) / 1-4-3(0.1017) / 1-3-2(0.0927) / 1-5-3(0.0334) / 1-3-6(0.0311) / 1-2-3(0.0165) / 1-6-3(0.0055) / 1-4-5(0.0048) / 1-5-4(0.0044)
2025-03-09,8,1-2-4,1-2-3,0.3131868196701567,False,1-2-3(0.3132) / 1-2-4(0.2431) / 1-3-2(0.1537) / 1-4-2(0.1129) / 1-3-4(0.0396) / 1-4-3(0.0374) / 1-2-5(0.0362) / 1-2-6(0.0158) / 1-5-2(0.0145) / 1-6-2(0.0062)
2025-03-09,9,1-3-2,1-4-2,0.19513192579778407,False,1-4-2(0.1951) / 1-2-4(0.1554) / 1-4-3(0.1539) / 1-3-4(0.1136) / 1-2-3(0.0791) / 1-3-2(0.0733) / 1-4-5(0.0352) / 1-4-6(0.0349) / 1-5-4(0.0215) / 1-6-4(0.0213)
2025-03-09,10,1-4-5,1-2-5,0.2268128592564276,False,1-2-5(0.2268) / 1-5-2(0.1658) / 1-2-4(0.1398) / 1-4-2(0.0898) / 1-2-6(0.0621) / 1-5-4(0.0584) / 1-4-5(0.0513) / 1-6-2(0.0360) / 1-2-3(0.0333) / 1-5-6(0.0260)
2025-03-09,11,1-3-2,1-2-5,0.0893891662029593,False,1-2-5(0.0894) / 1-2-3(0.0812) / 1-2-4(0.0797) / 1-2-6(0.0776) / 1-5-2(0.0736) / 1-3-2(0.0655) / 1-4-2(0.0640) / 1-6-2(0.0620) / 1-5-3(0.0373) / 1-5-4(0.0366)
2025-03-09,12,1-2-3,1-5-6,0.09534265013147905,False,1-5-6(0.0953) / 1-6-5(0.0904) / 1-5-2(0.0874) / 1-2-5(0.0807) / 1-6-2(0.0713) / 1-2-6(0.0694) / 1-5-4(0.0581) / 1-4-5(0.0489) / 1-6-4(0.0474) / 1-2-4(0.0423)
2025-03-10,3,1-5-3,1-5-4,0.17861918595953602,False,1-5-4(0.1786) / 1-4-5(0.1568) / 1-5-3(0.0779) / 1-5-6(0.0703) / 1-3-5(0.0555) / 1-4-3(0.0528) / 1-5-2(0.0522) / 1-6-5(0.0493) / 1-4-6(0.0476) / 1-3-4(0.0428)
2025-03-10,4,1-2-5,1-5-6,0.32400057246205943,False,1-5-6(0.3240) / 1-6-5(0.1786) / 1-5-2(0.1572) / 1-2-5(0.0748) / 1-5-4(0.0507) / 1-5-3(0.0468) / 1-6-2(0.0353) / 1-2-6(0.0305) / 1-4-5(0.0222) / 1-3-5(0.0204)
2025-03-10,5,1-2-4,1-4-2,0.23965124777666497,False,1-4-2(0.2397) / 1-2-4(0.2029) / 1-4-6(0.1311) / 1-6-4(0.0913) / 1-2-6(0.0839) / 1-6-2(0.0690) / 1-4-3(0.0320) / 1-4-5(0.0237) / 1-2-3(0.0205) / 1-3-4(0.0192)
2025-03-10,6,1-4-3,1-4-3,0.2778804065764142,True,1-4-3(0.2779) / 1-4-2(0.2115) / 1-3-4(0.1551) / 1-2-4(0.1108) / 1-4-6(0.0558) / 1-3-2(0.0454) / 1-2-3(0.0426) / 1-6-4(0.0255) / 1-4-5(0.0173) / 1-3-6(0.0120)
2025-03-10,8,1-2-4,1-4-2,0.28082543904794727,False,1-4-2(0.2808) / 1-2-4(0.2286) / 1-4-3(0.1098) / 1-3-4(0.0685) / 1-2-3(0.0651) / 1-3-2(0.0499) / 1-4-5(0.0413) / 1-4-6(0.0255) / 1-2-5(0.0245) / 1-5-4(0.0235)
2025-03-10,9,1-4-2,1-6-4,0.07098005942852041,False,1-6-4(0.0710) / 1-6-3(0.0698) / 1-4-6(0.0678) / 1-3-6(0.0663) / 1-6-2(0.0590) / 1-4-3(0.0572) / 1-3-4(0.0569) / 1-2-6(0.0539) / 1-6-5(0.0494) / 1-4-2(0.0484)
2025-03-10,10,1-2-3,1-3-2,0.3121117761883224,False,1-3-2(0.3121) / 1-2-3(0.1663) / 1-3-5(0.1109) / 1-3-4(0.1056) / 1-3-6(0.0565) / 1-5-3(0.0499) / 1-4-3(0.0473) / 1-6-3(0.0244) / 1-2-5(0.0223) / 1-2-4(0.0213)
2025-03-10,11,1-4-2,1-2-6,0.1232502093618862,False,1-2-6(0.1233) / 1-2-5(0.1080) / 1-6-2(0.0931) / 1-2-4(0.0907) / 1-5-2(0.0792) / 1-2-3(0.0683) / 1-4-2(0.0645) / 1-3-2(0.0466) / 1-6-5(0.0403) / 1-5-6(0.0391)
2025-03-10,12,1-2-6,1-3-5,0.3539325506138957,False,1-3-5(0.3539) / 1-5-3(0.1805) / 1-3-2(0.1106) / 1-3-4(0.1079) / 1-2-3(0.0468) / 1-4-3(0.0456) / 1-3-6(0.0345) / 1-5-2(0.0213) / 1-5-4(0.0208) / 1-2-5(0.0177)
2025-03-11,3,1-2-4,1-4-2,0.1633843091338488,False,1-4-2(0.1634) / 1-4-6(0.1302) / 1-2-4(0.1122) / 1-4-3(0.1046) / 1-6-4(0.0851) / 1-3-4(0.0659) / 1-4-5(0.0521) / 1-2-6(0.0396) / 1-6-2(0.0377) / 1-2-3(0.0318)
2025-03-11,5,1-2-3,1-6-5,0.2020198805521859,False,1-6-5(0.2020) / 1-6-2(0.1536) / 1-5-6(0.1517) / 1-2-6(0.1065) / 1-5-2(0.0669) / 1-2-5(0.0618) / 1-6-4(0.0498) / 1-6-3(0.0358) / 1-4-6(0.0297) / 1-5-4(0.0217)
2025-03-11,7,1-4-2,1-6-4,0.3174202322814761,False,1-6-4(0.3174) / 1-6-5(0.2445) / 1-6-3(0.1337) / 1-4-6(0.0891) / 1-5-6(0.0668) / 1-6-2(0.0534) / 1-3-6(0.0351) / 1-2-6(0.0137) / 1-4-5(0.0097) / 1-5-4(0.0095)
2025-03-11,8,1-4-5,1-4-2,0.35004362436416775,False,1-4-2(0.3500) / 1-2-4(0.3492) / 1-4-5(0.0540) / 1-2-5(0.0537) / 1-4-3(0.0360) / 1-2-3(0.0358) / 1-5-4(0.0323) / 1-5-2(0.0322) / 1-3-4(0.0210) / 1-3-2(0.0210)
2025-03-11,9,1-3-4,1-4-5,0.16771324674701665,False,1-4-5(0.1677) / 1-5-4(0.1668) / 1-4-6(0.0762) / 1-5-6(0.0750) / 1-4-2(0.0642) / 1-5-2(0.0632) / 1-6-4(0.0596) / 1-6-5(0.0590) / 1-2-4(0.0489) / 1-2-5(0.0484)
2025-03-11,10,1-2-4,1-2-4,0.2088226198266468,True,1-2-4(0.2088) / 1-2-3(0.1764) / 1-4-2(0.1365) / 1-3-2(0.1105) / 1-2-5(0.0734) / 1-4-3(0.0514) / 1-3-4(0.0493) / 1-5-2(0.0406) / 1-2-6(0.0305) / 1-4-5(0.0214)
2025-03-11,11,1-2-5,1-4-3,0.0594425033887725,False,1-4-3(0.0594) / 1-3-4(0.0594) / 1-4-2(0.0585) / 1-3-2(0.0582) / 1-2-4(0.0582) / 1-2-3(0.0580) / 1-4-6(0.0532) / 1-3-6(0.0529) / 1-2-6(0.0519) / 1-6-4(0.0516)
2025-03-11,12,1-5-2,1-5-4,0.0869847914498374,False,1-5-4(0.0870) / 1-4-5(0.0801) / 1-5-2(0.0664) / 1-5-3(0.0648) / 1-5-6(0.0644) / 1-2-5(0.0572) / 1-3-5(0.0557) / 1-6-5(0.0552) / 1-4-2(0.0477) / 1-4-3(0.0466)
2025-03-14,1,1-2-5,1-2-5,0.10655900182858864,True,1-2-5(0.1066) / 1-5-2(0.1038) / 1-2-3(0.0762) / 1-2-6(0.0736) / 1-5-3(0.0693) / 1-3-2(0.0673) / 1-5-6(0.0669) / 1-6-2(0.0644) / 1-3-5(0.0628) / 1-6-5(0.0601)
2025-03-14,2,1-2-3,1-2-3,0.09833389875977887,True,1-2-3(0.0983) / 1-2-6(0.0980) / 1-2-4(0.0827) / 1-3-2(0.0805) / 1-6-2(0.0801) / 1-4-2(0.0652) / 1-2-5(0.0599) / 1-3-6(0.0454) / 1-6-3(0.0454) / 1-5-2(0.0448)
2025-03-14,12,1-3-2,1-2-3,0.16077613847454367,False,1-2-3(0.1608) / 1-3-2(0.1488) / 1-2-6(0.1153) / 1-6-2(0.0953) / 1-3-6(0.0908) / 1-6-3(0.0811) / 1-2-5(0.0568) / 1-3-5(0.0448) / 1-5-2(0.0413) / 1-5-3(0.0351)
2025-03-15,4,1-5-6,1-5-4,0.3497001208040491,False,1-5-4(0.3497) / 1-5-2(0.3285) / 1-4-5(0.0933) / 1-2-5(0.0870) / 1-5-6(0.0432) / 1-5-3(0.0410) / 1-4-2(0.0125) / 1-2-4(0.0124) / 1-6-5(0.0104) / 1-3-5(0.0099)
2025-03-15,5,1-2-6,1-6-2,0.20930797222148279,False,1-6-2(0.2093) / 1-2-6(0.1673) / 1-6-4(0.1403) / 1-4-6(0.0993) / 1-2-4(0.0743) / 1-4-2(0.0658) / 1-6-5(0.0521) / 1-5-6(0.0322) / 1-2-5(0.0276) / 1-6-3(0.0242)
2025-03-15,7,1-2-5,1-6-2,0.18654930784295828,False,1-6-2(0.1865) / 1-2-6(0.1426) / 1-6-5(0.1098) / 1-5-6(0.0738) / 1-6-4(0.0717) / 1-6-3(0.0589) / 1-2-5(0.0492) / 1-4-6(0.0455) / 1-5-2(0.0433) / 1-3-6(0.0367)
2025-03-15,8,1-2-4,1-4-3,0.17301282749810548,False,1-4-3(0.1730) / 1-4-2(0.1334) / 1-3-4(0.1160) / 1-4-5(0.1025) / 1-2-4(0.0846) / 1-5-4(0.0624) / 1-4-6(0.0549) / 1-3-2(0.0386) / 1-2-3(0.0365) / 1-6-4(0.0314)
2025-03-15,9,1-3-2,1-4-5,0.11083463424337227,False,1-4-5(0.1108) / 1-5-4(0.1105) / 1-4-3(0.0759) / 1-5-3(0.0751) / 1-4-6(0.0693) / 1-5-6(0.0687) / 1-3-4(0.0674) / 1-3-5(0.0669) / 1-6-4(0.0603) / 1-6-5(0.0599)
2025-03-15,10,1-3-2,1-3-6,0.2362984603314347,False,1-3-6(0.2363) / 1-6-3(0.1658) / 1-3-5(0.1144) / 1-3-4(0.0856) / 1-5-3(0.0681) / 1-4-3(0.0492) / 1-6-5(0.0431) / 1-3-2(0.0425) / 1-5-6(0.0366) / 1-6-4(0.0323)
2025-03-16,2,1-5-4,1-4-5,0.17299452947737506,False,1-4-5(0.1730) / 1-4-6(0.1341) / 1-5-4(0.1205) / 1-4-3(0.0904) / 1-6-4(0.0881) / 1-3-4(0.0559) / 1-4-2(0.0528) / 1-5-6(0.0438) / 1-6-5(0.0413) / 1-2-4(0.0310)
2025-03-16,3,1-5-3,1-5-4,0.2432309319041712,False,1-5-4(0.2432) / 1-5-2(0.1854) / 1-5-3(0.1402) / 1-4-5(0.1058) / 1-2-5(0.0775) / 1-5-6(0.0589) / 1-3-5(0.0569) / 1-6-5(0.0227) / 1-4-2(0.0185) / 1-2-4(0.0178)
2025-03-16,4,1-4-2,1-4-2,0.12515855910535417,True,1-4-2(0.1252) / 1-4-6(0.1122) / 1-2-4(0.1036) / 1-4-5(0.0910) / 1-6-4(0.0902) / 1-5-4(0.0698) / 1-2-6(0.0582) / 1-6-2(0.0565) / 1-2-5(0.0472) / 1-5-2(0.0438)
2025-03-16,5,1-4-6,1-6-3,0.17953441682577398,False,1-6-3(0.1795) / 1-6-4(0.1761) / 1-6-5(0.1191) / 1-3-6(0.0966) / 1-4-6(0.0945) / 1-6-2(0.0683) / 1-5-6(0.0605) / 1-2-6(0.0331) / 1-3-4(0.0264) / 1-4-3(0.0263)
2025-03-16,6,1-3-4,1-4-3,0.21345100393281455,False,1-4-3(0.2135) / 1-4-5(0.1705) / 1-3-4(0.1202) / 1-4-6(0.1104) / 1-5-4(0.0919) / 1-6-4(0.0561) / 1-4-2(0.0452) / 1-3-5(0.0324) / 1-5-3(0.0310) / 1-2-4(0.0216)
2025-03-16,7,1-2-6,1-2-6,0.3263542669256644,True,1-2-6(0.3264) / 1-6-2(0.1986) / 1-2-4(0.0886) / 1-2-5(0.0813) / 1-2-3(0.0561) / 1-4-2(0.0427) / 1-5-2(0.0390) / 1-3-2(0.0263) / 1-6-4(0.0258) / 1-6-5(0.0237)
2025-03-16,8,1-4-6,1-4-3,0.18080649401864857,False,1-4-3(0.1808) / 1-3-4(0.1627) / 1-4-2(0.1165) / 1-2-4(0.0907) / 1-3-2(0.0852) / 1-2-3(0.0738) / 1-4-5(0.0461) / 1-3-5(0.0337) / 1-5-4(0.0313) / 1-4-6(0.0299)
2025-03-16,9,1-2-3,1-2-4,0.22533013956444517,False,1-2-4(0.2253) / 1-4-2(0.1762) / 1-2-5(0.0937) / 1-2-6(0.0636) / 1-5-2(0.0594) / 1-2-3(0.0585) / 1-4-5(0.0474) / 1-6-2(0.0386) / 1-5-4(0.0385) / 1-3-2(0.0353)
2025-03-16,10,1-2-4,1-3-6,0.11961654130136005,False,1-3-6(0.1196) / 1-6-3(0.0992) / 1-3-2(0.0850) / 1-3-5(0.0816) / 1-3-4(0.0664) / 1-2-3(0.0652) / 1-5-3(0.0622) / 1-4-3(0.0489) / 1-6-2(0.0439) / 1-6-5(0.0422)
2025-03-16,11,1-2-4,1-2-3,0.23342358472699168,False,1-2-3(0.2334) / 1-3-2(0.1819) / 1-2-4(0.1025) / 1-2-5(0.0825) / 1-4-2(0.0650) / 1-3-4(0.0518) / 1-5-2(0.0509) / 1-4-3(0.0422) / 1-3-5(0.0417) / 1-5-3(0.0330)
2025-03-17,2,1-4-3,1-4-6,0.14328863400909206,False,1-4-6(0.1433) / 1-4-2(0.1209) / 1-4-3(0.1003) / 1-6-4(0.0944) / 1-4-5(0.0898) / 1-2-4(0.0772) / 1-3-4(0.0623) / 1-5-4(0.0549) / 1-6-2(0.0302) / 1-2-6(0.0292)
2025-03-17,5,1-3-5,1-3-5,0.19027728987393513,True,1-3-5(0.1903) / 1-3-2(0.1524) / 1-3-6(0.1514) / 1-3-4(0.1020) / 1-5-3(0.0883) / 1-2-3(0.0687) / 1-6-3(0.0681) / 1-4-3(0.0443) / 1-5-2(0.0153) / 1-5-6(0.0152)
2025-03-17,7,1-6-4,1-6-5,0.10057670944829325,False,1-6-5(0.1006) / 1-6-4(0.0989) / 1-6-2(0.0960) / 1-6-3(0.0897) / 1-5-6(0.0737) / 1-4-6(0.0722) / 1-2-6(0.0697) / 1-3-6(0.0644) / 1-5-4(0.0302) / 1-4-5(0.0301)
2025-03-17,8,1-4-3,1-2-6,0.18740329617270218,False,1-2-6(0.1874) / 1-6-2(0.1351) / 1-2-3(0.1305) / 1-2-4(0.1051) / 1-3-2(0.0861) / 1-4-2(0.0669) / 1-6-3(0.0489) / 1-3-6(0.0448) / 1-6-4(0.0394) / 1-4-6(0.0348)
2025-03-17,9,1-4-3,1-4-3,0.2600776822758959,True,1-4-3(0.2601) / 1-4-2(0.1759) / 1-4-6(0.1397) / 1-3-4(0.1071) / 1-4-5(0.0710) / 1-2-4(0.0688) / 1-6-4(0.0535) / 1-5-4(0.0261) / 1-3-2(0.0159) / 1-2-3(0.0151)
2025-03-17,11,1-2-5,1-5-4,0.23420292410777444,False,1-5-4(0.2342) / 1-4-5(0.1802) / 1-5-2(0.1675) / 1-2-5(0.1157) / 1-4-2(0.0817) / 1-2-4(0.0734) / 1-5-6(0.0360) / 1-6-5(0.0207) / 1-4-6(0.0176) / 1-6-4(0.0131)
2025-03-19,6,1-3-4,1-3-4,0.17813044854419557,True,1-3-4(0.1781) / 1-3-2(0.1378) / 1-3-6(0.1241) / 1-4-3(0.0985) / 1-3-5(0.0933) / 1-2-3(0.0731) / 1-6-3(0.0650) / 1-5-3(0.0474) / 1-4-2(0.0223) / 1-2-4(0.0214)
2025-03-19,8,1-2-4,1-2-4,0.32347449626163843,True,1-2-4(0.3235) / 1-4-2(0.2942) / 1-2-5(0.0913) / 1-4-5(0.0730) / 1-5-2(0.0565) / 1-5-4(0.0497) / 1-2-6(0.0215) / 1-4-6(0.0171) / 1-2-3(0.0138) / 1-6-2(0.0121)
2025-03-19,9,1-5-2,1-5-4,0.1467083488174411,False,1-5-4(0.1467) / 1-5-6(0.1235) / 1-4-5(0.1151) / 1-6-5(0.0926) / 1-5-2(0.0720) / 1-4-6(0.0558) / 1-6-4(0.0534) / 1-5-3(0.0509) / 1-2-5(0.0491) / 1-3-5(0.0335)
2025-03-19,11,1-5-2,1-5-6,0.1501454979796763,False,1-5-6(0.1501) / 1-6-5(0.1367) / 1-5-4(0.1110) / 1-4-5(0.0917) / 1-6-4(0.0823) / 1-4-6(0.0747) / 1-5-2(0.0681) / 1-2-5(0.0510) / 1-6-2(0.0505) / 1-2-6(0.0415)
2025-03-20,3,1-3-4,1-4-6,0.27465713379587814,False,1-4-6(0.2747) / 1-4-3(0.1861) / 1-6-4(0.1250) / 1-4-5(0.1230) / 1-3-4(0.0795) / 1-5-4(0.0504) / 1-4-2(0.0374) / 1-6-3(0.0228) / 1-3-6(0.0214) / 1-6-5(0.0151)
2025-03-20,4,1-2-6,1-2-6,0.17454197902407476,True,1-2-6(0.1745) / 1-6-2(0.1738) / 1-2-4(0.0647) / 1-6-4(0.0640) / 1-2-3(0.0584) / 1-6-3(0.0577) / 1-4-2(0.0488) / 1-4-6(0.0484) / 1-3-2(0.0434) / 1-3-6(0.0431)
2025-03-20,5,1-4-2,1-4-6,0.14143548217221835,False,1-4-6(0.1414) / 1-4-2(0.1308) / 1-6-4(0.0972) / 1-4-3(0.0938) / 1-2-4(0.0884) / 1-4-5(0.0716) / 1-3-4(0.0600) / 1-5-4(0.0444) / 1-6-2(0.0373) / 1-2-6(0.0367)
2025-03-20,6,1-3-4,1-3-4,0.2784892125532274,True,1-3-4(0.2785) / 1-4-3(0.2268) / 1-3-6(0.0738) / 1-3-5(0.0541) / 1-3-2(0.0496) / 1-6-3(0.0440) / 1-4-6(0.0438) / 1-4-5(0.0321) / 1-6-4(0.0321) / 1-5-3(0.0315)
2025-03-20,8,1-2-4,1-3-2,0.2256132906857647,False,1-3-2(0.2256) / 1-2-3(0.1711) / 1-3-5(0.1285) / 1-5-3(0.0837) / 1-3-4(0.0725) / 1-2-5(0.0596) / 1-5-2(0.0512) / 1-4-3(0.0437) / 1-2-4(0.0336) / 1-4-2(0.0267)
2025-03-20,11,1-2-5,1-2-5,0.1294419205831137,True,1-2-5(0.1294) / 1-2-4(0.1086) / 1-2-6(0.1004) / 1-5-2(0.0957) / 1-4-2(0.0774) / 1-6-2(0.0704) / 1-2-3(0.0642) / 1-3-2(0.0424) / 1-5-4(0.0383) / 1-4-5(0.0369)
2025-03-20,12,1-2-3,1-2-3,0.18189666168049734,True,1-2-3(0.1819) / 1-2-5(0.1558) / 1-3-2(0.1333) / 1-5-2(0.1094) / 1-2-4(0.0644) / 1-3-5(0.0608) / 1-5-3(0.0583) / 1-4-2(0.0394) / 1-2-6(0.0359) / 1-3-4(0.0251)
2025-03-21,1,1-2-5,1-4-2,0.1568289295251108,False,1-4-2(0.1568) / 1-2-4(0.1336) / 1-4-5(0.1104) / 1-4-3(0.0851) / 1-5-4(0.0851) / 1-2-5(0.0666) / 1-3-4(0.0623) / 1-5-2(0.0602) / 1-2-3(0.0513) / 1-3-2(0.0441)
2025-03-21,2,1-3-2,1-6-2,0.13660888951684397,False,1-6-2(0.1366) / 1-2-6(0.1239) / 1-6-3(0.0952) / 1-3-6(0.0777) / 1-2-3(0.0689) / 1-3-2(0.0620) / 1-6-5(0.0566) / 1-6-4(0.0484) / 1-5-6(0.0423) / 1-2-5(0.0410)
2025-03-21,3,1-2-3,1-2-5,0.17201299187342708,False,1-2-5(0.1720) / 1-2-4(0.1712) / 1-2-3(0.1070) / 1-2-6(0.0968) / 1-5-2(0.0909) / 1-4-2(0.0904) / 1-3-2(0.0532) / 1-6-2(0.0477) / 1-5-4(0.0236) / 1-4-5(0.0235)
2025-03-21,4,1-5-3,1-5-6,0.20899503360814858,False,1-5-6(0.2090) / 1-5-2(0.1642) / 1-5-4(0.1575) / 1-6-5(0.1040) / 1-2-5(0.0787) / 1-4-5(0.0750) / 1-5-3(0.0476) / 1-6-2(0.0215) / 1-3-5(0.0208) / 1-2-6(0.0207)
2025-03-21,5,1-3-2,1-5-3,0.24610203482226517,False,1-5-3(0.2461) / 1-3-5(0.1887) / 1-5-2(0.0900) / 1-5-6(0.0612) / 1-5-4(0.0601) / 1-2-5(0.0547) / 1-3-2(0.0440) / 1-6-5(0.0358) / 1-4-5(0.0351) / 1-2-3(0.0349)
2025-03-21,7,1-3-2,1-6-5,0.1028495013481864,False,1-6-5(0.1028) / 1-5-6(0.0991) / 1-6-2(0.0937) / 1-2-6(0.0876) / 1-5-2(0.0817) / 1-2-5(0.0793) / 1-6-3(0.0597) / 1-5-3(0.0520) / 1-3-6(0.0502) / 1-2-3(0.0460)
2025-03-21,8,1-2-6,1-3-4,0.07436800549410565,False,1-3-4(0.0744) / 1-3-2(0.0737) / 1-4-3(0.0708) / 1-2-3(0.0700) / 1-4-2(0.0598) / 1-2-4(0.0597) / 1-3-5(0.0550) / 1-3-6(0.0518) / 1-5-3(0.0488) / 1-6-3(0.0455)
2025-03-21,9,1-4-6,1-4-6,0.2799749790232467,True,1-4-6(0.2800) / 1-6-4(0.2771) / 1-4-5(0.0635) / 1-6-5(0.0619) / 1-5-4(0.0413) / 1-5-6(0.0407) / 1-4-3(0.0335) / 1-6-3(0.0327) / 1-4-2(0.0326) / 1-6-2(0.0318)
2025-03-21,10,1-2-4,1-2-4,0.23805236449743128,True,1-2-4(0.2381) / 1-2-3(0.1672) / 1-4-2(0.1188) / 1-2-6(0.1169) / 1-3-2(0.0787) / 1-2-5(0.0630) / 1-6-2(0.0529) / 1-5-2(0.0273) / 1-4-3(0.0241) / 1-3-4(0.0227)
2025-03-21,11,1-3-2,1-6-4,0.09378225860684562,False,1-6-4(0.0938) / 1-4-6(0.0888) / 1-6-2(0.0745) / 1-6-3(0.0712) / 1-2-6(0.0662) / 1-3-6(0.0626) / 1-4-2(0.0605) / 1-4-3(0.0578) / 1-2-4(0.0568) / 1-3-4(0.0537)
2025-03-21,12,1-5-3,1-6-5,0.19109887068946652,False,1-6-5(0.1911) / 1-5-6(0.1855) / 1-6-3(0.1187) / 1-5-3(0.1091) / 1-3-6(0.0964) / 1-3-5(0.0912) / 1-6-2(0.0261) / 1-5-2(0.0240) / 1-6-4(0.0237) / 1-5-4(0.0218)
2025-03-22,1,1-2-5,1-2-6,0.07659826824692861,False,1-2-6(0.0766) / 1-6-2(0.0735) / 1-2-3(0.0706) / 1-3-2(0.0662) / 1-6-3(0.0594) / 1-3-6(0.0580) / 1-2-4(0.0561) / 1-2-5(0.0518) / 1-4-2(0.0500) / 1-6-4(0.0472)
2025-03-22,4,1-4-3,1-5-3,0.18105632430324184,False,1-5-3(0.1811) / 1-3-5(0.1449) / 1-5-2(0.1155) / 1-5-4(0.0966) / 1-2-5(0.0820) / 1-4-5(0.0664) / 1-3-2(0.0591) / 1-2-3(0.0524) / 1-3-4(0.0495) / 1-4-3(0.0424)
2025-03-22,8,1-2-6,1-5-6,0.11650038914454451,False,1-5-6(0.1165) / 1-6-5(0.1088) / 1-5-4(0.1073) / 1-4-5(0.0975) / 1-6-4(0.0844) / 1-4-6(0.0821) / 1-5-2(0.0676) / 1-2-5(0.0550) / 1-6-2(0.0532) / 1-4-2(0.0476)
2025-03-22,9,1-3-4,1-4-3,0.2718081484806465,False,1-4-3(0.2718) / 1-3-4(0.2180) / 1-4-5(0.0970) / 1-5-4(0.0595) / 1-4-6(0.0573) / 1-3-5(0.0550) / 1-5-3(0.0421) / 1-6-4(0.0334) / 1-3-6(0.0325) / 1-4-2(0.0310)
2025-03-22,11,1-6-3,1-6-2,0.20799893672121464,False,1-6-2(0.2080) / 1-2-6(0.1398) / 1-6-4(0.1147) / 1-6-5(0.1132) / 1-4-6(0.0682) / 1-5-6(0.0671) / 1-6-3(0.0438) / 1-2-4(0.0363) / 1-2-5(0.0358) / 1-4-2(0.0321)
2025-03-22,12,1-2-3,1-3-5,0.09461298645919147,False,1-3-5(0.0946) / 1-5-3(0.0932) / 1-3-2(0.0850) / 1-2-3(0.0808) / 1-5-2(0.0802) / 1-2-5(0.0774) / 1-3-6(0.0601) / 1-5-6(0.0567) / 1-6-3(0.0526) / 1-6-5(0.0503)
2025-03-23,1,1-5-3,1-4-2,0.1039130011487742,False,1-4-2(0.1039) / 1-4-5(0.1028) / 1-2-4(0.0997) / 1-5-4(0.0983) / 1-2-5(0.0883) / 1-5-2(0.0880) / 1-4-3(0.0586) / 1-2-3(0.0503) / 1-5-3(0.0496) / 1-3-4(0.0488)
2025-03-23,2,1-2-4,1-6-5,0.23529743786161225,False,1-6-5(0.2353) / 1-5-6(0.2258) / 1-6-2(0.0990) / 1-5-2(0.0888) / 1-2-6(0.0712) / 1-2-5(0.0666) / 1-6-3(0.0332) / 1-5-3(0.0298) / 1-6-4(0.0239) / 1-5-4(0.0215)
2025-03-23,4,1-3-2,1-4-2,0.08670548901430772,False,1-4-2(0.0867) / 1-2-4(0.0858) / 1-4-6(0.0779) / 1-4-3(0.0749) / 1-2-6(0.0749) / 1-6-4(0.0746) / 1-6-2(0.0724) / 1-2-3(0.0720) / 1-3-4(0.0709) / 1-3-2(0.0689)
2025-03-23,5,1-6-2,1-6-3,0.2466610569033594,False,1-6-3(0.2467) / 1-3-6(0.2003) / 1-6-4(0.0901) / 1-6-2(0.0842) / 1-4-6(0.0568) / 1-2-6(0.0527) / 1-3-4(0.0517) / 1-3-2(0.0484) / 1-4-3(0.0402) / 1-2-3(0.0372)
2025-03-23,6,1-6-4,1-3-4,0.19132981926232817,False,1-3-4(0.1913) / 1-3-5(0.1648) / 1-4-3(0.1492) / 1-5-3(0.1226) / 1-4-5(0.0792) / 1-5-4(0.0755) / 1-3-6(0.0337) / 1-3-2(0.0335) / 1-6-3(0.0204) / 1-2-3(0.0202)
2025-03-23,7,1-4-5,1-6-2,0.22103368271732868,False,1-6-2(0.2210) / 1-2-6(0.1593) / 1-6-5(0.1434) / 1-5-6(0.0922) / 1-2-5(0.0570) / 1-5-2(0.0509) / 1-6-3(0.0502) / 1-6-4(0.0490) / 1-3-6(0.0286) / 1-4-6(0.0278)
2025-03-23,8,1-2-4,1-2-5,0.11999078148905887,False,1-2-5(0.1200) / 1-5-2(0.1028) / 1-2-6(0.0954) / 1-6-2(0.0770) / 1-2-3(0.0753) / 1-3-2(0.0580) / 1-5-6(0.0553) / 1-6-5(0.0521) / 1-2-4(0.0509) / 1-5-3(0.0437)
2025-03-23,9,1-3-6,1-3-4,0.11963840135724838,False,1-3-4(0.1196) / 1-4-3(0.1161) / 1-3-6(0.0702) / 1-3-5(0.0638) / 1-4-6(0.0633) / 1-6-3(0.0588) / 1-4-5(0.0575) / 1-6-4(0.0546) / 1-5-3(0.0524) / 1-5-4(0.0487)
2025-03-23,11,1-2-3,1-2-3,0.1933302280797804,True,1-2-3(0.1933) / 1-3-2(0.1624) / 1-2-4(0.1079) / 1-4-2(0.0770) / 1-2-5(0.0754) / 1-3-4(0.0650) / 1-4-3(0.0552) / 1-5-2(0.0508) / 1-3-5(0.0454) / 1-5-3(0.0364)
2025-03-24,1,1-2-5,1-5-6,0.17244192604319994,False,1-5-6(0.1724) / 1-5-2(0.1299) / 1-6-5(0.1154) / 1-5-4(0.0830) / 1-2-5(0.0819) / 1-5-3(0.0787) / 1-4-5(0.0492) / 1-3-5(0.0464) / 1-6-2(0.0373) / 1-2-6(0.0351)
2025-03-24,2,1-5-6,1-6-3,0.06608284555535364,False,1-6-3(0.0661) / 1-3-6(0.0642) / 1-6-5(0.0597) / 1-6-2(0.0582) / 1-5-6(0.0565) / 1-2-6(0.0548) / 1-3-5(0.0526) / 1-6-4(0.0520) / 1-3-2(0.0513) / 1-5-3(0.0512)
2025-03-24,3,1-2-5,1-6-3,0.10943520979329589,False,1-6-3(0.1094) / 1-6-5(0.1062) / 1-3-6(0.0949) / 1-5-6(0.0914) / 1-6-2(0.0908) / 1-2-6(0.0750) / 1-3-5(0.0633) / 1-5-3(0.0627) / 1-3-2(0.0541) / 1-5-2(0.0520)
2025-03-24,7,1-6-3,1-6-5,0.2204530841028742,False,1-6-5(0.2205) / 1-5-6(0.1569) / 1-6-3(0.1213) / 1-3-6(0.0750) / 1-6-4(0.0681) / 1-6-2(0.0574) / 1-5-3(0.0464) / 1-3-5(0.0403) / 1-4-6(0.0393) / 1-2-6(0.0327)
2025-03-24,9,1-3-5,1-3-5,0.11992880371762812,True,1-3-5(0.1199) / 1-5-3(0.1178) / 1-3-4(0.0929) / 1-5-4(0.0873) / 1-4-3(0.0838) / 1-4-5(0.0801) / 1-3-6(0.0606) / 1-5-6(0.0569) / 1-6-3(0.0498) / 1-6-5(0.0476)
2025-03-24,11,1-4-3,1-3-2,0.12491174299145133,False,1-3-2(0.1249) / 1-2-3(0.1097) / 1-3-4(0.0946) / 1-3-5(0.0797) / 1-4-3(0.0770) / 1-5-3(0.0626) / 1-2-4(0.0603) / 1-4-2(0.0559) / 1-2-5(0.0508) / 1-5-2(0.0455)
2025-03-24,12,1-3-5,1-5-4,0.10350632330089643,False,1-5-4(0.1035) / 1-4-5(0.0994) / 1-5-6(0.0910) / 1-6-5(0.0840) / 1-4-6(0.0786) / 1-5-3(0.0763) / 1-6-4(0.0754) / 1-3-5(0.0671) / 1-4-3(0.0658) / 1-3-4(0.0603)
2025-03-31,2,1-3-4,1-4-2,0.18990667432445446,False,1-4-2(0.1899) / 1-2-4(0.1837) / 1-4-3(0.1311) / 1-2-3(0.1192) / 1-3-4(0.1095) / 1-3-2(0.1029) / 1-4-6(0.0318) / 1-2-6(0.0290) / 1-6-4(0.0216) / 1-6-2(0.0203)
2025-03-31,5,1-2-5,1-2-5,0.287538994394874,True,1-2-5(0.2875) / 1-2-4(0.1976) / 1-5-2(0.1153) / 1-2-3(0.0899) / 1-2-6(0.0837) / 1-4-2(0.0751) / 1-3-2(0.0322) / 1-6-2(0.0298) / 1-5-4(0.0179) / 1-4-5(0.0170)
2025-03-31,8,1-2-3,1-3-2,0.31944228963941135,False,1-3-2(0.3194) / 1-2-3(0.2489) / 1-3-4(0.0869) / 1-3-5(0.0782) / 1-4-3(0.0493) / 1-2-4(0.0474) / 1-5-3(0.0439) / 1-2-5(0.0426) / 1-4-2(0.0345) / 1-5-2(0.0307)
2025-03-31,9,1-2-6,1-6-2,0.3971041249264518,False,1-6-2(0.3971) / 1-2-6(0.2858) / 1-6-3(0.1065) / 1-3-6(0.0550) / 1-2-3(0.0504) / 1-3-2(0.0361) / 1-6-4(0.0150) / 1-6-5(0.0133) / 1-4-6(0.0071) / 1-2-4(0.0071)
2025-03-31,11,1-3-2,1-2-6,0.1456737991652076,False,1-2-6(0.1457) / 1-2-4(0.1118) / 1-6-2(0.1080) / 1-2-5(0.0841) / 1-4-2(0.0781) / 1-2-3(0.0710) / 1-5-2(0.0561) / 1-3-2(0.0464) / 1-6-4(0.0417) / 1-4-6(0.0393)
2025-03-31,12,1-2-4,1-2-6,0.15646182218226182,False,1-2-6(0.1565) / 1-2-4(0.1415) / 1-6-2(0.1131) / 1-4-2(0.0998) / 1-2-5(0.0719) / 1-2-3(0.0583) / 1-6-4(0.0499) / 1-4-6(0.0487) / 1-5-2(0.0455) / 1-3-2(0.0362)
2025-04-01,6,1-4-3,1-3-4,0.4511177179067877,False,1-3-4(0.4511) / 1-4-3(0.2886) / 1-3-5(0.0710) / 1-3-2(0.0510) / 1-5-3(0.0319) / 1-4-5(0.0265) / 1-2-3(0.0225) / 1-4-2(0.0190) / 1-5-4(0.0186) / 1-2-4(0.0131)
2025-04-01,7,1-2-5,1-6-4,0.09811008171560193,False,1-6-4(0.0981) / 1-4-6(0.0951) / 1-6-5(0.0863) / 1-5-6(0.0804) / 1-4-5(0.0769) / 1-5-4(0.0738) / 1-6-2(0.0575) / 1-4-2(0.0512) / 1-2-6(0.0488) / 1-2-4(0.0448)
2025-04-01,8,1-4-2,1-2-4,0.3457252171083997,False,1-2-4(0.3457) / 1-2-5(0.1524) / 1-2-3(0.1416) / 1-4-2(0.1079) / 1-2-6(0.0884) / 1-5-2(0.0439) / 1-3-2(0.0406) / 1-6-2(0.0249) / 1-4-5(0.0084) / 1-4-3(0.0078)
2025-04-02,1,1-2-3,1-3-5,0.36397981897033327,False,1-3-5(0.3640) / 1-3-2(0.3577) / 1-3-4(0.0935) / 1-5-3(0.0717) / 1-2-3(0.0703) / 1-4-3(0.0173) / 1-5-2(0.0069) / 1-2-5(0.0069) / 1-3-6(0.0038) / 1-5-4(0.0018)
2025-04-02,2,1-5-3,1-5-6,0.3307617202533842,False,1-5-6(0.3308) / 1-6-5(0.1943) / 1-5-3(0.1657) / 1-3-5(0.0831) / 1-5-2(0.0514) / 1-6-3(0.0443) / 1-3-6(0.0378) / 1-2-5(0.0234) / 1-5-4(0.0153) / 1-6-2(0.0137)
2025-04-02,4,1-5-2,1-5-2,0.17410306898391625,True,1-5-2(0.1741) / 1-5-6(0.1571) / 1-5-4(0.1395) / 1-2-5(0.0917) / 1-6-5(0.0814) / 1-5-3(0.0780) / 1-4-5(0.0711) / 1-3-5(0.0376) / 1-2-6(0.0216) / 1-6-2(0.0212)
2025-04-02,5,1-5-3,1-5-6,0.22775012424594634,False,1-5-6(0.2278) / 1-6-5(0.2208) / 1-5-2(0.0921) / 1-6-2(0.0848) / 1-2-5(0.0666) / 1-2-6(0.0632) / 1-5-3(0.0564) / 1-6-3(0.0519) / 1-3-5(0.0382) / 1-3-6(0.0363)
2025-04-02,6,1-2-5,1-3-4,0.29530428193076386,False,1-3-4(0.2953) / 1-3-6(0.2444) / 1-4-3(0.1159) / 1-6-3(0.0931) / 1-3-2(0.0638) / 1-3-5(0.0623) / 1-2-3(0.0220) / 1-5-3(0.0215) / 1-4-6(0.0213) / 1-6-4(0.0207)
2025-04-02,7,1-5-3,1-6-5,0.230612568352857,False,1-6-5(0.2306) / 1-6-2(0.1934) / 1-5-6(0.1081) / 1-6-3(0.0958) / 1-2-6(0.0881) / 1-6-4(0.0827) / 1-3-6(0.0406) / 1-4-6(0.0348) / 1-5-2(0.0229) / 1-2-5(0.0223)
2025-04-02,10,1-3-4,1-2-3,0.1292550574341204,False,1-2-3(0.1293) / 1-2-5(0.1254) / 1-2-4(0.1130) / 1-3-2(0.0964) / 1-5-2(0.0928) / 1-4-2(0.0818) / 1-3-5(0.0455) / 1-5-3(0.0452) / 1-3-4(0.0410) / 1-4-3(0.0398)
2025-04-02,11,1-4-5,1-2-6,0.21124522089860892,False,1-2-6(0.2112) / 1-6-2(0.1744) / 1-2-5(0.0957) / 1-2-3(0.0768) / 1-5-2(0.0643) / 1-6-5(0.0558) / 1-3-2(0.0501) / 1-5-6(0.0454) / 1-6-3(0.0447) / 1-3-6(0.0353)
2025-04-02,12,1-3-5,1-5-3,0.18180498331397538,False,1-5-3(0.1818) / 1-3-5(0.1453) / 1-5-6(0.1420) / 1-6-5(0.1053) / 1-3-6(0.0724) / 1-6-3(0.0672) / 1-5-4(0.0533) / 1-4-5(0.0341) / 1-5-2(0.0329) / 1-3-4(0.0272)
2025-04-03,1,1-3-4,1-3-4,0.31317312489761323,True,1-3-4(0.3132) / 1-3-2(0.2627) / 1-4-3(0.1525) / 1-2-3(0.1230) / 1-4-2(0.0419) / 1-2-4(0.0402) / 1-3-6(0.0285) / 1-6-3(0.0113) / 1-3-5(0.0060) / 1-4-6(0.0045)
2025-04-03,2,1-3-6,1-6-3,0.44679414100275494,False,1-6-3(0.4468) / 1-3-6(0.3279) / 1-6-5(0.0515) / 1-6-2(0.0363) / 1-3-5(0.0262) / 1-5-6(0.0246) / 1-3-2(0.0185) / 1-2-6(0.0171) / 1-5-3(0.0171) / 1-2-3(0.0119)
2025-04-03,4,1-2-5,1-6-5,0.2536642223126549,False,1-6-5(0.2537) / 1-5-6(0.2057) / 1-6-3(0.0928) / 1-3-6(0.0582) / 1-5-3(0.0534) / 1-6-2(0.0499) / 1-6-4(0.0489) / 1-3-5(0.0413) / 1-2-6(0.0295) / 1-4-6(0.0289)
2025-04-03,5,1-3-2,1-3-2,0.541489786566417,True,1-3-2(0.5415) / 1-2-3(0.3992) / 1-3-5(0.0127) / 1-3-4(0.0071) / 1-2-5(0.0068) / 1-3-6(0.0060) / 1-5-3(0.0055) / 1-5-2(0.0040) / 1-2-4(0.0038) / 1-2-6(0.0032)
2025-04-03,6,1-4-2,1-3-4,0.3576839939672019,False,1-3-4(0.3577) / 1-4-3(0.1746) / 1-3-2(0.1516) / 1-3-5(0.1081) / 1-2-3(0.0637) / 1-5-3(0.0441) / 1-4-2(0.0263) / 1-2-4(0.0226) / 1-4-5(0.0188) / 1-5-4(0.0157)
2025-04-03,8,1-4-3,1-5-2,0.17008256388982115,False,1-5-2(0.1701) / 1-2-5(0.1575) / 1-5-4(0.1336) / 1-4-5(0.1130) / 1-2-4(0.1059) / 1-4-2(0.0968) / 1-5-3(0.0508) / 1-2-3(0.0403) / 1-3-5(0.0359) / 1-3-2(0.0308)
2025-04-03,10,1-2-5,1-5-4,0.3026247113172971,False,1-5-4(0.3026) / 1-4-5(0.2368) / 1-5-2(0.0857) / 1-5-3(0.0829) / 1-2-5(0.0494) / 1-3-5(0.0477) / 1-4-2(0.0466) / 1-4-3(0.0451) / 1-2-4(0.0344) / 1-3-4(0.0331)
2025-04-03,12,1-3-4,1-2-3,0.20861587166447193,False,1-2-3(0.2086) / 1-3-2(0.1676) / 1-2-4(0.1232) / 1-4-2(0.0852) / 1-3-4(0.0660) / 1-4-3(0.0568) / 1-2-6(0.0510) / 1-2-5(0.0414) / 1-6-2(0.0315) / 1-3-6(0.0273)
2025-04-07,5,1-3-4,1-2-3,0.4946151633464536,False,1-2-3(0.4946) / 1-3-2(0.2265) / 1-2-4(0.0855) / 1-2-6(0.0461) / 1-2-5(0.0330) / 1-4-2(0.0305) / 1-6-2(0.0161) / 1-3-4(0.0152) / 1-4-3(0.0118) / 1-5-2(0.0115)
2025-04-07,6,1-4-2,1-3-5,0.19810985011145324,False,1-3-5(0.1981) / 1-5-3(0.1393) / 1-3-6(0.1022) / 1-3-2(0.0895) / 1-3-4(0.0704) / 1-6-3(0.0627) / 1-2-3(0.0540) / 1-4-3(0.0414) / 1-5-6(0.0363) / 1-5-2(0.0318)
2025-04-07,9,1-2-3,1-2-5,0.09716817400526181,False,1-2-5(0.0972) / 1-2-3(0.0971) / 1-2-4(0.0891) / 1-5-2(0.0756) / 1-3-2(0.0756) / 1-2-6(0.0741) / 1-4-2(0.0681) / 1-6-2(0.0549) / 1-5-3(0.0369) / 1-3-5(0.0369)
2025-04-07,10,1-4-5,1-5-2,0.1414956113463212,False,1-5-2(0.1415) / 1-2-5(0.1340) / 1-5-4(0.1007) / 1-4-5(0.0853) / 1-2-4(0.0844) / 1-4-2(0.0755) / 1-5-6(0.0447) / 1-5-3(0.0409) / 1-2-6(0.0375) / 1-2-3(0.0343)
2025-04-07,12,1-2-3,1-6-3,0.15668517202807442,False,1-6-3(0.1567) / 1-3-6(0.1317) / 1-6-5(0.1219) / 1-5-6(0.0951) / 1-3-5(0.0704) / 1-6-2(0.0686) / 1-5-3(0.0653) / 1-2-6(0.0482) / 1-3-2(0.0396) / 1-2-3(0.0331)
2025-04-08,2,1-4-5,1-6-2,0.12598511861402942,False,1-6-2(0.1260) / 1-2-6(0.1183) / 1-6-3(0.1074) / 1-3-6(0.0956) / 1-2-3(0.0867) / 1-3-2(0.0821) / 1-6-5(0.0492) / 1-2-5(0.0396) / 1-5-6(0.0376) / 1-6-4(0.0340)
2025-04-08,3,1-3-6,1-2-3,0.21701943728370007,False,1-2-3(0.2170) / 1-3-2(0.2155) / 1-2-4(0.0724) / 1-3-4(0.0710) / 1-2-6(0.0694) / 1-3-6(0.0680) / 1-4-2(0.0518) / 1-4-3(0.0512) / 1-6-2(0.0494) / 1-6-3(0.0488)
2025-04-08,4,1-2-6,1-6-5,0.17869131210264916,False,1-6-5(0.1787) / 1-5-6(0.1589) / 1-6-2(0.0843) / 1-6-4(0.0835) / 1-2-6(0.0612) / 1-4-6(0.0606) / 1-5-2(0.0594) / 1-5-4(0.0589) / 1-2-5(0.0486) / 1-4-5(0.0480)
2025-04-08,6,1-3-4,1-3-4,0.47034442167917057,True,1-3-4(0.4703) / 1-4-3(0.2108) / 1-3-6(0.0792) / 1-3-5(0.0593) / 1-3-2(0.0515) / 1-6-3(0.0280) / 1-5-3(0.0208) / 1-2-3(0.0180) / 1-4-6(0.0130) / 1-6-4(0.0103)
2025-04-08,10,1-2-6,1-5-2,0.257702118526378,False,1-5-2(0.2577) / 1-5-3(0.1693) / 1-2-5(0.1132) / 1-5-4(0.1049) / 1-5-6(0.0959) / 1-3-5(0.0700) / 1-4-5(0.0417) / 1-6-5(0.0378) / 1-2-3(0.0181) / 1-3-2(0.0170)
2025-04-08,11,1-3-2,1-2-3,0.18027493711630202,False,1-2-3(0.1803) / 1-2-6(0.1643) / 1-3-2(0.1096) / 1-6-2(0.0979) / 1-2-4(0.0825) / 1-2-5(0.0742) / 1-4-2(0.0448) / 1-5-2(0.0400) / 1-3-6(0.0357) / 1-6-3(0.0350)
2025-04-08,12,1-3-5,1-6-2,0.12328433932860558,False,1-6-2(0.1233) / 1-2-6(0.1127) / 1-6-5(0.0789) / 1-6-4(0.0728) / 1-5-6(0.0641) / 1-4-6(0.0582) / 1-2-5(0.0579) / 1-2-4(0.0534) / 1-5-2(0.0514) / 1-6-3(0.0476)
2025-04-09,1,1-2-3,1-2-3,0.13472610781009933,True,1-2-3(0.1347) / 1-2-6(0.1240) / 1-3-2(0.1018) / 1-6-2(0.0918) / 1-2-5(0.0818) / 1-2-4(0.0578) / 1-5-2(0.0562) / 1-3-6(0.0478) / 1-6-3(0.0469) / 1-4-2(0.0381)
2025-04-09,3,1-2-6,1-6-3,0.20188995851476801,False,1-6-3(0.2019) / 1-6-5(0.1673) / 1-6-2(0.1665) / 1-3-6(0.1085) / 1-5-6(0.0870) / 1-2-6(0.0864) / 1-3-5(0.0268) / 1-3-2(0.0267) / 1-5-3(0.0259) / 1-2-3(0.0258)
2025-04-09,5,1-4-6,1-4-2,0.1818266560029207,False,1-4-2(0.1818) / 1-4-3(0.1702) / 1-4-5(0.1130) / 1-2-4(0.0996) / 1-3-4(0.0921) / 1-4-6(0.0728) / 1-5-4(0.0579) / 1-6-4(0.0359) / 1-2-3(0.0271) / 1-3-2(0.0268)
2025-04-09,6,1-5-6,1-3-2,0.1251503818770348,False,1-3-2(0.1252) / 1-2-3(0.1154) / 1-3-4(0.0861) / 1-4-3(0.0713) / 1-3-5(0.0701) / 1-2-4(0.0652) / 1-4-2(0.0586) / 1-5-3(0.0558) / 1-2-5(0.0531) / 1-5-2(0.0458)
2025-04-09,8,1-5-3,1-4-5,0.15126727108381918,False,1-4-5(0.1513) / 1-4-2(0.1507) / 1-5-4(0.1049) / 1-2-4(0.1044) / 1-4-6(0.0937) / 1-6-4(0.0596) / 1-5-2(0.0457) / 1-2-5(0.0456) / 1-4-3(0.0445) / 1-5-6(0.0284)
2025-04-09,10,1-6-3,1-2-6,0.176822135305621,False,1-2-6(0.1768) / 1-6-2(0.1505) / 1-2-4(0.1165) / 1-4-2(0.0875) / 1-6-4(0.0717) / 1-2-5(0.0673) / 1-4-6(0.0633) / 1-5-2(0.0461) / 1-6-5(0.0414) / 1-5-6(0.0334)
2025-04-09,12,1-2-4,1-2-3,0.09243031851586295,False,1-2-3(0.0924) / 1-3-2(0.0813) / 1-2-5(0.0809) / 1-2-6(0.0731) / 1-5-2(0.0688) / 1-6-2(0.0609) / 1-2-4(0.0589) / 1-3-5(0.0490) / 1-5-3(0.0474) / 1-4-2(0.0472)
2025-04-10,2,1-3-2,1-5-3,0.27032155432255295,False,1-5-3(0.2703) / 1-3-5(0.1874) / 1-5-2(0.1838) / 1-2-5(0.1137) / 1-3-2(0.0703) / 1-2-3(0.0627) / 1-5-4(0.0328) / 1-4-5(0.0171) / 1-3-4(0.0126) / 1-5-6(0.0097)
2025-04-10,4,1-2-3,1-4-5,0.12913051314497961,False,1-4-5(0.1291) / 1-5-4(0.1273) / 1-4-3(0.0792) / 1-5-3(0.0755) / 1-4-2(0.0728) / 1-5-2(0.0694) / 1-3-4(0.0672) / 1-3-5(0.0650) / 1-2-4(0.0607) / 1-2-5(0.0587)
2025-04-10,8,1-4-3,1-2-5,0.14314901562465096,False,1-2-5(0.1431) / 1-2-4(0.1355) / 1-5-2(0.1039) / 1-4-2(0.0970) / 1-2-3(0.0825) / 1-2-6(0.0574) / 1-3-2(0.0542) / 1-5-4(0.0467) / 1-4-5(0.0461) / 1-6-2(0.0363)
2025-04-10,9,1-4-5,1-5-6,0.3089407082337806,False,1-5-6(0.3089) / 1-6-5(0.1834) / 1-5-3(0.1103) / 1-5-4(0.0921) / 1-3-5(0.0540) / 1-4-5(0.0443) / 1-5-2(0.0428) / 1-6-3(0.0294) / 1-6-4(0.0245) / 1-3-6(0.0242)
2025-04-10,12,1-5-3,1-3-2,0.18230015483185916,False,1-3-2(0.1823) / 1-2-3(0.1586) / 1-3-6(0.1049) / 1-6-3(0.0776) / 1-2-6(0.0694) / 1-3-5(0.0611) / 1-6-2(0.0591) / 1-5-3(0.0417) / 1-2-5(0.0404) / 1-3-4(0.0359)
2025-04-11,1,1-2-4,1-2-5,0.2639568242214401,False,1-2-5(0.2640) / 1-5-2(0.1587) / 1-2-4(0.1282) / 1-2-3(0.0724) / 1-2-6(0.0716) / 1-4-2(0.0669) / 1-3-2(0.0358) / 1-6-2(0.0354) / 1-5-4(0.0328) / 1-4-5(0.0285)
2025-04-11,4,1-2-3,1-5-4,0.2000145244837185,False,1-5-4(0.2000) / 1-4-5(0.1279) / 1-5-2(0.1128) / 1-5-6(0.1116) / 1-5-3(0.0680) / 1-2-5(0.0648) / 1-6-5(0.0640) / 1-3-5(0.0371) / 1-4-2(0.0302) / 1-4-6(0.0299)
2025-04-11,5,1-3-5,1-5-2,0.23638267984026587,False,1-5-2(0.2364) / 1-2-5(0.1872) / 1-5-6(0.1139) / 1-6-5(0.0740) / 1-2-6(0.0605) / 1-6-2(0.0496) / 1-5-4(0.0468) / 1-5-3(0.0461) / 1-4-5(0.0277) / 1-3-5(0.0273)
2025-04-11,7,1-6-3,1-4-6,0.16123069001909993,False,1-4-6(0.1612) / 1-6-4(0.1491) / 1-4-5(0.1046) / 1-5-4(0.0842) / 1-6-5(0.0822) / 1-5-6(0.0716) / 1-4-3(0.0426) / 1-4-2(0.0425) / 1-6-3(0.0335) / 1-6-2(0.0334)
2025-04-11,8,1-2-5,1-5-4,0.11387828359456394,False,1-5-4(0.1139) / 1-4-5(0.0983) / 1-5-2(0.0901) / 1-5-6(0.0853) / 1-2-5(0.0733) / 1-6-5(0.0686) / 1-4-2(0.0532) / 1-4-6(0.0504) / 1-2-4(0.0502) / 1-6-4(0.0469)
2025-04-11,9,1-2-5,1-2-6,0.17636972233839457,False,1-2-6(0.1764) / 1-2-5(0.1676) / 1-2-3(0.1143) / 1-6-2(0.0963) / 1-5-2(0.0907) / 1-2-4(0.0786) / 1-3-2(0.0587) / 1-4-2(0.0391) / 1-6-5(0.0259) / 1-5-6(0.0257)
2025-04-11,10,1-5-2,1-3-2,0.30870810362459183,False,1-3-2(0.3087) / 1-2-3(0.1777) / 1-3-5(0.1322) / 1-3-4(0.0670) / 1-5-3(0.0645) / 1-3-6(0.0546) / 1-2-5(0.0325) / 1-4-3(0.0309) / 1-5-2(0.0275) / 1-6-3(0.0250)
2025-04-12,3,1-3-2,1-3-4,0.20382217932723057,False,1-3-4(0.2038) / 1-3-6(0.1787) / 1-3-2(0.1768) / 1-4-3(0.0860) / 1-6-3(0.0741) / 1-2-3(0.0733) / 1-3-5(0.0695) / 1-5-3(0.0269) / 1-4-6(0.0144) / 1-4-2(0.0143)
2025-04-12,7,1-5-6,1-6-3,0.1792638680617405,False,1-6-3(0.1793) / 1-6-5(0.1539) / 1-6-2(0.1206) / 1-3-6(0.0966) / 1-6-4(0.0887) / 1-5-6(0.0809) / 1-2-6(0.0614) / 1-4-6(0.0439) / 1-3-5(0.0231) / 1-5-3(0.0226)
2025-04-12,8,1-4-3,1-4-2,0.2468275038789563,False,1-4-2(0.2468) / 1-2-4(0.2011) / 1-4-6(0.1029) / 1-6-4(0.0662) / 1-2-6(0.0596) / 1-4-3(0.0571) / 1-6-2(0.0471) / 1-3-4(0.0344) / 1-4-5(0.0339) / 1-2-3(0.0331)
2025-04-12,9,1-2-6,1-4-2,0.1475480644193621,False,1-4-2(0.1475) / 1-4-3(0.1418) / 1-4-6(0.1379) / 1-2-4(0.0881) / 1-3-4(0.0841) / 1-6-4(0.0814) / 1-4-5(0.0660) / 1-5-4(0.0359) / 1-2-3(0.0260) / 1-3-2(0.0258)
2025-04-12,11,1-2-4,1-5-2,0.16668486901688756,False,1-5-2(0.1667) / 1-2-5(0.1445) / 1-5-3(0.1170) / 1-3-5(0.0909) / 1-2-3(0.0754) / 1-3-2(0.0676) / 1-5-4(0.0511) / 1-5-6(0.0397) / 1-4-5(0.0349) / 1-2-4(0.0329)
2025-04-13,1,1-5-4,1-6-5,0.24103560560947565,False,1-6-5(0.2410) / 1-6-2(0.2010) / 1-5-6(0.1475) / 1-2-6(0.1175) / 1-6-3(0.0675) / 1-5-2(0.0518) / 1-2-5(0.0495) / 1-3-6(0.0343) / 1-5-3(0.0174) / 1-3-5(0.0145)
2025-04-13,3,1-3-4,1-5-3,0.14477400512031588,False,1-5-3(0.1448) / 1-3-5(0.1422) / 1-5-4(0.1301) / 1-3-4(0.1227) / 1-4-5(0.1222) / 1-4-3(0.1174) / 1-5-6(0.0236) / 1-3-6(0.0223) / 1-5-2(0.0216) / 1-3-2(0.0204)
2025-04-13,5,1-2-3,1-6-2,0.20798010279566573,False,1-6-2(0.2080) / 1-2-6(0.1963) / 1-6-5(0.0956) / 1-2-5(0.0814) / 1-5-6(0.0705) / 1-5-2(0.0636) / 1-6-4(0.0406) / 1-2-4(0.0345) / 1-6-3(0.0344) / 1-2-3(0.0293)
2025-04-13,6,1-2-3,1-3-6,0.2500990564442376,False,1-3-6(0.2501) / 1-3-5(0.2221) / 1-3-4(0.2061) / 1-3-2(0.1605) / 1-6-3(0.0424) / 1-5-3(0.0374) / 1-4-3(0.0346) / 1-2-3(0.0267) / 1-6-5(0.0022) / 1-5-6(0.0021)
2025-04-13,7,1-2-3,1-4-2,0.09283193473703327,False,1-4-2(0.0928) / 1-2-4(0.0915) / 1-4-6(0.0838) / 1-6-4(0.0800) / 1-2-6(0.0794) / 1-6-2(0.0768) / 1-4-5(0.0555) / 1-2-5(0.0526) / 1-5-4(0.0481) / 1-5-2(0.0462)
2025-04-13,9,1-4-5,1-3-4,0.17160255777290565,False,1-3-4(0.1716) / 1-3-2(0.1585) / 1-4-3(0.1422) / 1-2-3(0.1279) / 1-4-2(0.0893) / 1-2-4(0.0869) / 1-3-5(0.0591) / 1-5-3(0.0395) / 1-4-5(0.0333) / 1-2-5(0.0299)
2025-04-13,11,1-4-5,1-4-5,0.15325849306929995,True,1-4-5(0.1533) / 1-4-2(0.1290) / 1-5-4(0.1135) / 1-2-4(0.0916) / 1-4-3(0.0779) / 1-4-6(0.0575) / 1-3-4(0.0509) / 1-5-2(0.0489) / 1-2-5(0.0469) / 1-6-4(0.0364)
2025-04-16,2,1-2-5,1-6-5,0.1262950636849787,False,1-6-5(0.1263) / 1-6-3(0.1138) / 1-5-6(0.1037) / 1-3-6(0.0909) / 1-6-4(0.0679) / 1-5-3(0.0575) / 1-3-5(0.0559) / 1-6-2(0.0540) / 1-4-6(0.0492) / 1-2-6(0.0380)
2025-04-16,3,1-2-4,1-5-4,0.1292881862374072,False,1-5-4(0.1293) / 1-5-2(0.1141) / 1-5-3(0.0957) / 1-4-5(0.0938) / 1-2-5(0.0806) / 1-5-6(0.0706) / 1-3-5(0.0655) / 1-6-5(0.0464) / 1-4-2(0.0376) / 1-2-4(0.0367)
2025-04-16,4,1-5-2,1-4-6,0.13439930710938192,False,1-4-6(0.1344) / 1-6-4(0.1191) / 1-4-5(0.0976) / 1-5-4(0.0790) / 1-4-2(0.0658) / 1-6-5(0.0652) / 1-5-6(0.0595) / 1-2-4(0.0496) / 1-4-3(0.0446) / 1-6-2(0.0440)
2025-04-16,5,1-5-3,1-6-3,0.17821861000728245,False,1-6-3(0.1782) / 1-6-4(0.1446) / 1-3-6(0.1208) / 1-4-6(0.0934) / 1-6-2(0.0705) / 1-6-5(0.0692) / 1-3-4(0.0439) / 1-4-3(0.0418) / 1-2-6(0.0413) / 1-5-6(0.0404)
2025-04-16,6,1-3-4,1-3-4,0.3318530548429077,True,1-3-4(0.3319) / 1-4-3(0.2582) / 1-3-6(0.0797) / 1-3-2(0.0531) / 1-6-3(0.0443) / 1-4-6(0.0436) / 1-6-4(0.0311) / 1-4-2(0.0291) / 1-2-3(0.0287) / 1-3-5(0.0257)
2025-04-16,7,1-4-6,1-5-3,0.2646006087083198,False,1-5-3(0.2646) / 1-3-5(0.1465) / 1-5-4(0.1440) / 1-5-2(0.0770) / 1-5-6(0.0754) / 1-4-5(0.0713) / 1-2-5(0.0360) / 1-6-5(0.0352) / 1-3-4(0.0294) / 1-4-3(0.0263)
2025-04-16,8,1-2-4,1-2-3,0.1724191122225627,False,1-2-3(0.1724) / 1-2-6(0.1218) / 1-3-2(0.1193) / 1-2-4(0.0956) / 1-6-2(0.0782) / 1-2-5(0.0626) / 1-4-2(0.0592) / 1-3-6(0.0389) / 1-5-2(0.0371) / 1-6-3(0.0361)
2025-04-17,1,1-3-4,1-4-5,0.09219354835856935,False,1-4-5(0.0922) / 1-5-4(0.0871) / 1-4-6(0.0761) / 1-6-4(0.0681) / 1-5-6(0.0609) / 1-6-5(0.0578) / 1-4-3(0.0574) / 1-4-2(0.0541) / 1-3-4(0.0485) / 1-5-3(0.0460)
2025-04-17,3,1-2-3,1-6-2,0.0903375949842652,False,1-6-2(0.0903) / 1-2-6(0.0900) / 1-6-4(0.0765) / 1-2-4(0.0756) / 1-4-6(0.0724) / 1-4-2(0.0718) / 1-6-3(0.0513) / 1-2-3(0.0506) / 1-3-6(0.0444) / 1-3-2(0.0440)
2025-04-17,5,1-2-5,1-2-6,0.1222661381272708,False,1-2-6(0.1223) / 1-6-2(0.1176) / 1-2-5(0.1173) / 1-5-2(0.1111) / 1-6-5(0.1028) / 1-5-6(0.1012) / 1-2-3(0.0506) / 1-6-3(0.0443) / 1-5-3(0.0419) / 1-3-2(0.0397)
2025-04-17,6,1-3-5,1-4-2,0.12029366236829653,False,1-4-2(0.1203) / 1-2-4(0.1145) / 1-4-3(0.0905) / 1-3-4(0.0788) / 1-2-3(0.0762) / 1-4-6(0.0738) / 1-3-2(0.0698) / 1-2-6(0.0621) / 1-6-4(0.0614) / 1-6-2(0.0543)
2025-04-17,8,1-2-3,1-2-6,0.17578555339400614,False,1-2-6(0.1758) / 1-2-4(0.1312) / 1-6-2(0.1113) / 1-2-3(0.0973) / 1-2-5(0.0806) / 1-4-2(0.0785) / 1-3-2(0.0559) / 1-5-2(0.0454) / 1-6-4(0.0320) / 1-4-6(0.0302)
2025-04-17,10,1-6-2,1-5-2,0.1385850048139028,False,1-5-2(0.1386) / 1-2-5(0.1234) / 1-5-6(0.1022) / 1-6-5(0.0831) / 1-2-6(0.0697) / 1-6-2(0.0637) / 1-5-3(0.0591) / 1-5-4(0.0446) / 1-3-5(0.0437) / 1-2-3(0.0403)
2025-04-18,1,1-6-4,1-3-2,0.09711216060630401,False,1-3-2(0.0971) / 1-2-3(0.0933) / 1-3-5(0.0848) / 1-5-3(0.0781) / 1-2-5(0.0729) / 1-5-2(0.0699) / 1-3-4(0.0529) / 1-2-4(0.0455) / 1-3-6(0.0448) / 1-4-3(0.0441)
2025-04-18,2,1-3-2,1-5-2,0.15412018477478667,False,1-5-2(0.1541) / 1-2-5(0.1355) / 1-5-4(0.1036) / 1-4-5(0.0811) / 1-2-4(0.0689) / 1-4-2(0.0613) / 1-5-6(0.0554) / 1-5-3(0.0478) / 1-6-5(0.0393) / 1-2-6(0.0369)
2025-04-18,6,1-2-3,1-4-3,0.18790467528903057,False,1-4-3(0.1879) / 1-4-5(0.1319) / 1-4-2(0.1239) / 1-3-4(0.1228) / 1-5-4(0.0801) / 1-2-4(0.0745) / 1-3-5(0.0367) / 1-4-6(0.0358) / 1-3-2(0.0344) / 1-5-3(0.0341)
2025-04-18,10,1-3-5,1-4-3,0.13818452092441694,False,1-4-3(0.1382) / 1-3-4(0.1261) / 1-4-2(0.0706) / 1-4-6(0.0644) / 1-4-5(0.0631) / 1-2-4(0.0544) / 1-3-2(0.0522) / 1-6-4(0.0490) / 1-5-4(0.0478) / 1-3-6(0.0477)
2025-04-18,11,1-3-2,1-5-2,0.14954789111481143,False,1-5-2(0.1495) / 1-2-5(0.1445) / 1-5-3(0.0870) / 1-2-3(0.0781) / 1-3-5(0.0710) / 1-3-2(0.0659) / 1-5-6(0.0490) / 1-2-6(0.0440) / 1-5-4(0.0432) / 1-2-4(0.0388)
2025-04-18,12,1-3-2,1-6-4,0.12175583961422941,False,1-6-4(0.1218) / 1-4-6(0.1099) / 1-6-3(0.0890) / 1-3-6(0.0736) / 1-4-3(0.0624) / 1-6-5(0.0593) / 1-3-4(0.0572) / 1-6-2(0.0552) / 1-5-6(0.0456) / 1-2-6(0.0421)
2025-04-19,1,1-4-6,1-4-6,0.09289095443872011,True,1-4-6(0.0929) / 1-4-5(0.0834) / 1-6-4(0.0824) / 1-5-4(0.0720) / 1-4-2(0.0665) / 1-4-3(0.0600) / 1-2-4(0.0547) / 1-6-5(0.0522) / 1-5-6(0.0508) / 1-3-4(0.0486)
2025-04-19,2,1-2-4,1-3-5,0.07223066332182082,False,1-3-5(0.0722) / 1-3-2(0.0712) / 1-5-3(0.0697) / 1-2-3(0.0684) / 1-3-4(0.0677) / 1-4-3(0.0642) / 1-5-2(0.0610) / 1-2-5(0.0607) / 1-5-4(0.0580) / 1-4-5(0.0570)
2025-04-19,3,1-2-5,1-2-6,0.22379759151001058,False,1-2-6(0.2238) / 1-6-2(0.1859) / 1-2-5(0.0882) / 1-2-3(0.0808) / 1-5-2(0.0579) / 1-6-5(0.0529) / 1-3-2(0.0524) / 1-6-3(0.0484) / 1-5-6(0.0418) / 1-3-6(0.0378)
2025-04-19,6,1-3-4,1-4-5,0.2814615380399083,False,1-4-5(0.2815) / 1-4-2(0.1526) / 1-5-4(0.1280) / 1-4-3(0.1211) / 1-4-6(0.0675) / 1-2-4(0.0634) / 1-3-4(0.0493) / 1-6-4(0.0266) / 1-5-2(0.0190) / 1-2-5(0.0174)
2025-04-19,8,1-2-3,1-3-2,0.18459725920458994,False,1-3-2(0.1846) / 1-3-4(0.1695) / 1-2-3(0.1359) / 1-4-3(0.1217) / 1-2-4(0.0675) / 1-4-2(0.0658) / 1-3-6(0.0533) / 1-6-3(0.0322) / 1-3-5(0.0307) / 1-2-6(0.0212)
2025-04-19,9,1-3-4,1-4-2,0.17708281183262772,False,1-4-2(0.1771) / 1-2-4(0.1456) / 1-4-6(0.0816) / 1-4-3(0.0698) / 1-4-5(0.0694) / 1-6-4(0.0561) / 1-3-4(0.0470) / 1-5-4(0.0467) / 1-2-6(0.0452) / 1-2-3(0.0387)
2025-04-19,10,1-6-5,1-3-5,0.26953719217115163,False,1-3-5(0.2695) / 1-3-6(0.1849) / 1-5-3(0.1553) / 1-6-3(0.0979) / 1-3-4(0.0523) / 1-3-2(0.0439) / 1-5-6(0.0425) / 1-6-5(0.0391) / 1-4-3(0.0246) / 1-2-3(0.0204)
2025-04-19,11,1-6-3,1-3-5,0.176315461620454,False,1-3-5(0.1763) / 1-3-6(0.1614) / 1-5-3(0.1471) / 1-6-3(0.1305) / 1-5-6(0.0932) / 1-6-5(0.0904) / 1-3-2(0.0356) / 1-2-3(0.0229) / 1-5-2(0.0206) / 1-3-4(0.0197)
2025-04-19,12,1-3-4,1-5-6,0.24565939345511664,False,1-5-6(0.2457) / 1-6-5(0.1785) / 1-5-3(0.0946) / 1-5-2(0.0820) / 1-3-5(0.0557) / 1-5-4(0.0504) / 1-2-5(0.0476) / 1-6-3(0.0398) / 1-6-2(0.0346) / 1-3-6(0.0323)
2025-04-20,2,1-2-3,1-5-3,0.1759937489435158,False,1-5-3(0.1760) / 1-5-2(0.1381) / 1-5-6(0.1187) / 1-3-5(0.0997) / 1-5-4(0.0914) / 1-2-5(0.0751) / 1-6-5(0.0633) / 1-4-5(0.0474) / 1-3-2(0.0238) / 1-2-3(0.0229)
2025-04-20,3,1-6-2,1-6-2,0.148727970198811,True,1-6-2(0.1487) / 1-2-6(0.1207) / 1-6-4(0.1198) / 1-4-6(0.0916) / 1-6-5(0.0699) / 1-2-4(0.0608) / 1-4-2(0.0573) / 1-5-6(0.0486) / 1-6-3(0.0445) / 1-2-5(0.0355)
2025-04-20,5,1-2-6,1-2-6,0.15191016158528212,True,1-2-6(0.1519) / 1-2-4(0.1351) / 1-6-2(0.1287) / 1-4-2(0.1103) / 1-6-4(0.0795) / 1-4-6(0.0765) / 1-2-5(0.0550) / 1-5-2(0.0382) / 1-6-5(0.0324) / 1-2-3(0.0289)
2025-04-20,7,1-6-4,1-5-6,0.2687502384083224,False,1-5-6(0.2688) / 1-6-5(0.2522) / 1-5-4(0.0738) / 1-6-4(0.0629) / 1-4-5(0.0481) / 1-4-6(0.0437) / 1-5-2(0.0388) / 1-5-3(0.0345) / 1-6-2(0.0331) / 1-6-3(0.0294)
2025-04-20,8,1-4-5,1-4-2,0.2749138301997266,False,1-4-2(0.2749) / 1-2-4(0.1911) / 1-4-3(0.1089) / 1-4-5(0.0878) / 1-3-4(0.0614) / 1-5-4(0.0484) / 1-2-3(0.0422) / 1-3-2(0.0342) / 1-2-5(0.0340) / 1-5-2(0.0270)
2025-04-21,3,1-4-5,1-3-5,0.12149298023604153,False,1-3-5(0.1215) / 1-5-3(0.1078) / 1-3-6(0.0896) / 1-6-3(0.0733) / 1-3-2(0.0617) / 1-5-6(0.0592) / 1-3-4(0.0578) / 1-6-5(0.0545) / 1-2-3(0.0472) / 1-4-3(0.0438)
2025-04-21,5,1-2-5,1-5-4,0.1292306032120041,False,1-5-4(0.1292) / 1-5-2(0.1121) / 1-4-5(0.0976) / 1-5-6(0.0870) / 1-2-5(0.0819) / 1-5-3(0.0663) / 1-6-5(0.0608) / 1-3-5(0.0447) / 1-4-2(0.0425) / 1-2-4(0.0412)
2025-04-28,4,1-4-6,1-5-4,0.10781656259660824,False,1-5-4(0.1078) / 1-4-5(0.1067) / 1-5-3(0.0894) / 1-4-3(0.0862) / 1-3-5(0.0832) / 1-3-4(0.0810) / 1-5-2(0.0525) / 1-4-2(0.0506) / 1-2-5(0.0435) / 1-2-4(0.0423)
2025-04-28,7,1-6-5,1-6-4,0.15782556469937037,False,1-6-4(0.1578) / 1-4-6(0.1231) / 1-6-5(0.1222) / 1-5-6(0.0892) / 1-6-2(0.0679) / 1-4-5(0.0555) / 1-6-3(0.0547) / 1-5-4(0.0519) / 1-2-6(0.0451) / 1-3-6(0.0355)
2025-04-28,8,1-2-4,1-2-5,0.1429040654381673,False,1-2-5(0.1429) / 1-5-2(0.1400) / 1-2-4(0.1139) / 1-5-4(0.1066) / 1-4-2(0.1025) / 1-4-5(0.0979) / 1-2-3(0.0597) / 1-5-3(0.0559) / 1-3-2(0.0466) / 1-3-5(0.0445)
2025-04-28,9,1-3-4,1-4-3,0.12660494865658203,False,1-4-3(0.1266) / 1-4-6(0.1174) / 1-3-4(0.1036) / 1-6-4(0.0941) / 1-4-5(0.0916) / 1-5-4(0.0695) / 1-3-6(0.0587) / 1-6-3(0.0575) / 1-3-5(0.0458) / 1-5-3(0.0424)
2025-04-28,10,1-4-5,1-5-3,0.13648198618118748,False,1-5-3(0.1365) / 1-3-5(0.1270) / 1-5-6(0.1128) / 1-6-5(0.0984) / 1-3-6(0.0891) / 1-6-3(0.0835) / 1-5-2(0.0499) / 1-3-2(0.0394) / 1-2-5(0.0373) / 1-2-3(0.0316)
2025-04-28,12,1-3-2,1-5-3,0.1112308479621401,False,1-5-3(0.1112) / 1-3-5(0.1066) / 1-5-4(0.0816) / 1-4-5(0.0714) / 1-3-4(0.0702) / 1-4-3(0.0640) / 1-5-2(0.0614) / 1-3-2(0.0528) / 1-2-5(0.0507) / 1-2-3(0.0455)
2025-04-29,2,1-3-2,1-5-3,0.09500621625576226,False,1-5-3(0.0950) / 1-3-5(0.0883) / 1-5-6(0.0755) / 1-6-5(0.0660) / 1-5-4(0.0601) / 1-5-2(0.0579) / 1-3-6(0.0569) / 1-6-3(0.0536) / 1-4-5(0.0502) / 1-2-5(0.0481)
2025-04-29,4,1-6-5,1-6-5,0.16062683160177196,True,1-6-5(0.1606) / 1-6-3(0.1414) / 1-6-2(0.1137) / 1-5-6(0.1036) / 1-3-6(0.0889) / 1-2-6(0.0689) / 1-6-4(0.0554) / 1-5-3(0.0349) / 1-3-5(0.0340) / 1-4-6(0.0313)
2025-04-29,7,1-2-3,1-5-3,0.14343451443140356,False,1-5-3(0.1434) / 1-3-5(0.1368) / 1-5-2(0.0975) / 1-3-2(0.0837) / 1-2-5(0.0820) / 1-2-3(0.0738) / 1-5-6(0.0483) / 1-3-6(0.0414) / 1-5-4(0.0382) / 1-6-5(0.0360)
2025-04-29,8,1-2-6,1-4-2,0.27050143917776365,False,1-4-2(0.2705) / 1-2-4(0.2477) / 1-4-5(0.0869) / 1-2-5(0.0695) / 1-5-4(0.0569) / 1-4-6(0.0528) / 1-5-2(0.0497) / 1-2-6(0.0423) / 1-6-4(0.0328) / 1-6-2(0.0287)
2025-04-29,9,1-2-5,1-2-6,0.27139196239121827,False,1-2-6(0.2714) / 1-6-2(0.1337) / 1-2-5(0.1322) / 1-2-4(0.1112) / 1-2-3(0.0826) / 1-5-2(0.0584) / 1-4-2(0.0484) / 1-3-2(0.0352) / 1-6-5(0.0200) / 1-5-6(0.0179)
2025-04-29,10,1-3-4,1-6-3,0.23931678154095154,False,1-6-3(0.2393) / 1-3-6(0.1866) / 1-6-4(0.1045) / 1-6-5(0.0836) / 1-4-6(0.0660) / 1-3-4(0.0532) / 1-5-6(0.0513) / 1-4-3(0.0431) / 1-3-5(0.0426) / 1-5-3(0.0335)
2025-04-29,11,1-3-2,1-5-2,0.13283964464482598,False,1-5-2(0.1328) / 1-5-4(0.1225) / 1-5-6(0.1087) / 1-5-3(0.1019) / 1-2-5(0.0837) / 1-4-5(0.0761) / 1-6-5(0.0663) / 1-3-5(0.0616) / 1-2-4(0.0252) / 1-4-2(0.0249)
2025-04-29,12,1-6-2,1-6-4,0.22135485472021849,False,1-6-4(0.2214) / 1-6-5(0.1484) / 1-6-2(0.1326) / 1-4-6(0.1250) / 1-5-6(0.0779) / 1-2-6(0.0685) / 1-6-3(0.0390) / 1-4-5(0.0290) / 1-5-4(0.0270) / 1-4-2(0.0259)
2025-04-30,1,1-5-4,1-2-5,0.13895579268989214,False,1-2-5(0.1390) / 1-5-2(0.1371) / 1-2-3(0.1181) / 1-5-3(0.1131) / 1-3-2(0.1093) / 1-3-5(0.1061) / 1-2-4(0.0536) / 1-5-4(0.0513) / 1-4-2(0.0417) / 1-3-4(0.0409)
2025-04-30,2,1-5-6,1-5-6,0.2117419264602247,True,1-5-6(0.2117) / 1-5-2(0.1812) / 1-5-3(0.1200) / 1-6-5(0.1196) / 1-2-5(0.0992) / 1-3-5(0.0618) / 1-6-2(0.0346) / 1-2-6(0.0336) / 1-5-4(0.0249) / 1-6-3(0.0229)
2025-04-30,6,1-2-3,1-3-5,0.39316564290076916,False,1-3-5(0.3932) / 1-5-3(0.2078) / 1-3-4(0.1332) / 1-4-3(0.0574) / 1-3-6(0.0504) / 1-3-2(0.0296) / 1-5-4(0.0296) / 1-4-5(0.0242) / 1-6-3(0.0205) / 1-2-3(0.0119)
2025-04-30,7,1-6-2,1-6-4,0.26187116963537216,False,1-6-4(0.2619) / 1-4-6(0.1958) / 1-6-2(0.1097) / 1-2-6(0.0661) / 1-6-5(0.0656) / 1-4-2(0.0510) / 1-2-4(0.0411) / 1-5-6(0.0374) / 1-6-3(0.0344) / 1-4-5(0.0305)
2025-04-30,8,1-4-2,1-4-2,0.10080712411496039,True,1-4-2(0.1008) / 1-4-6(0.0894) / 1-2-4(0.0878) / 1-4-5(0.0873) / 1-6-4(0.0754) / 1-5-4(0.0732) / 1-2-6(0.0530) / 1-2-5(0.0517) / 1-6-2(0.0514) / 1-5-2(0.0499)
2025-04-30,9,1-2-3,1-4-2,0.14593616868782783,False,1-4-2(0.1459) / 1-2-4(0.1185) / 1-4-3(0.1106) / 1-3-4(0.0835) / 1-4-5(0.0675) / 1-4-6(0.0566) / 1-2-3(0.0560) / 1-3-2(0.0521) / 1-5-4(0.0470) / 1-6-4(0.0386)
2025-04-30,10,1-2-5,1-2-4,0.1345994428564775,False,1-2-4(0.1346) / 1-4-2(0.1323) / 1-2-6(0.1060) / 1-4-6(0.1002) / 1-6-2(0.0955) / 1-6-4(0.0919) / 1-2-5(0.0556) / 1-4-5(0.0526) / 1-5-2(0.0438) / 1-5-4(0.0421)
2025-04-30,11,1-2-4,1-2-3,0.12079756854556135,False,1-2-3(0.1208) / 1-2-5(0.1114) / 1-3-2(0.0915) / 1-5-2(0.0828) / 1-2-4(0.0809) / 1-2-6(0.0744) / 1-4-2(0.0568) / 1-6-2(0.0516) / 1-3-5(0.0416) / 1-5-3(0.0408)
2025-05-01,1,1-2-4,1-2-4,0.18004666144007403,True,1-2-4(0.1800) / 1-2-5(0.1534) / 1-2-6(0.1106) / 1-4-2(0.1071) / 1-5-2(0.0885) / 1-2-3(0.0645) / 1-6-2(0.0609) / 1-3-2(0.0338) / 1-4-5(0.0312) / 1-5-4(0.0303)
2025-05-01,3,1-6-2,1-6-2,0.1583788860584006,True,1-6-2(0.1584) / 1-2-6(0.1285) / 1-6-5(0.1148) / 1-6-3(0.0933) / 1-5-6(0.0854) / 1-3-6(0.0667) / 1-2-5(0.0592) / 1-5-2(0.0543) / 1-2-3(0.0481) / 1-3-2(0.0424)
2025-05-01,4,1-6-5,1-6-5,0.12190654093952014,True,1-6-5(0.1219) / 1-5-6(0.1097) / 1-6-2(0.1018) / 1-2-6(0.0868) / 1-5-2(0.0705) / 1-2-5(0.0668) / 1-6-4(0.0588) / 1-4-6(0.0450) / 1-6-3(0.0441) / 1-5-4(0.0407)
2025-05-01,6,1-4-3,1-3-4,0.34626542592236764,False,1-3-4(0.3463) / 1-4-3(0.2709) / 1-3-6(0.0817) / 1-3-2(0.0648) / 1-4-6(0.0458) / 1-6-3(0.0451) / 1-4-2(0.0363) / 1-2-3(0.0351) / 1-6-4(0.0323) / 1-2-4(0.0251)
2025-05-01,11,1-2-3,1-3-2,0.15674822685059883,False,1-3-2(0.1567) / 1-2-3(0.1349) / 1-3-5(0.1147) / 1-5-3(0.0899) / 1-3-4(0.0882) / 1-2-5(0.0714) / 1-4-3(0.0655) / 1-5-2(0.0650) / 1-2-4(0.0549) / 1-4-2(0.0473)
2025-05-04,8,1-3-2,1-3-2,0.27038820474207853,True,1-3-2(0.2704) / 1-2-3(0.1829) / 1-3-4(0.1378) / 1-4-3(0.0791) / 1-3-5(0.0605) / 1-2-4(0.0493) / 1-4-2(0.0418) / 1-3-6(0.0351) / 1-5-3(0.0319) / 1-2-5(0.0216)
2025-05-04,11,1-4-5,1-2-6,0.12883532457330862,False,1-2-6(0.1288) / 1-6-2(0.1077) / 1-2-5(0.0819) / 1-2-4(0.0757) / 1-2-3(0.0713) / 1-5-2(0.0617) / 1-4-2(0.0563) / 1-3-2(0.0525) / 1-6-5(0.0443) / 1-6-4(0.0409)
2025-05-05,7,1-2-3,1-2-5,0.15960777974568072,False,1-2-5(0.1596) / 1-5-2(0.1379) / 1-2-3(0.1208) / 1-3-2(0.0957) / 1-5-3(0.0764) / 1-3-5(0.0700) / 1-2-4(0.0676) / 1-4-2(0.0481) / 1-5-4(0.0427) / 1-4-5(0.0352)
2025-05-05,8,1-4-5,1-4-5,0.2536445133805215,True,1-4-5(0.2536) / 1-4-2(0.1795) / 1-4-6(0.1129) / 1-4-3(0.1074) / 1-5-4(0.1015) / 1-2-4(0.0688) / 1-6-4(0.0416) / 1-3-4(0.0395) / 1-5-2(0.0148) / 1-2-5(0.0141)
2025-05-05,10,1-2-4,1-5-6,0.17312776146939918,False,1-5-6(0.1731) / 1-6-5(0.1463) / 1-5-2(0.1040) / 1-5-3(0.0769) / 1-2-5(0.0763) / 1-6-2(0.0623) / 1-2-6(0.0541) / 1-3-5(0.0537) / 1-6-3(0.0461) / 1-3-6(0.0381)
2025-05-05,11,1-2-6,1-2-6,0.2571464080475168,True,1-2-6(0.2571) / 1-2-5(0.2313) / 1-6-2(0.1116) / 1-5-2(0.0986) / 1-2-3(0.0983) / 1-2-4(0.0445) / 1-3-2(0.0385) / 1-6-5(0.0239) / 1-5-6(0.0235) / 1-4-2(0.0168)
2025-05-06,5,1-4-5,1-2-6,0.16724802969373767,False,1-2-6(0.1672) / 1-2-3(0.1290) / 1-6-2(0.1200) / 1-2-5(0.0995) / 1-3-2(0.0871) / 1-5-2(0.0643) / 1-6-3(0.0456) / 1-3-6(0.0429) / 1-2-4(0.0413) / 1-6-5(0.0352)
2025-05-06,6,1-3-2,1-4-3,0.44308762268683305,False,1-4-3(0.4431) / 1-4-2(0.2126) / 1-4-6(0.1664) / 1-3-4(0.0794) / 1-2-4(0.0363) / 1-6-4(0.0281) / 1-4-5(0.0143) / 1-3-2(0.0039) / 1-2-3(0.0038) / 1-3-6(0.0031)
2025-05-06,7,1-3-2,1-4-3,0.4422678676308929,False,1-4-3(0.4423) / 1-3-4(0.2081) / 1-4-2(0.1095) / 1-4-6(0.0507) / 1-4-5(0.0418) / 1-2-4(0.0415) / 1-3-2(0.0195) / 1-6-4(0.0186) / 1-2-3(0.0157) / 1-5-4(0.0152)
2025-05-06,8,1-4-2,1-4-5,0.13982454711172132,False,1-4-5(0.1398) / 1-5-4(0.1395) / 1-4-2(0.1281) / 1-5-2(0.1272) / 1-2-4(0.1232) / 1-2-5(0.1226) / 1-4-3(0.0270) / 1-5-3(0.0268) / 1-2-3(0.0236) / 1-3-4(0.0197)
2025-05-06,10,1-3-5,1-3-5,0.2809116994214449,True,1-3-5(0.2809) / 1-3-2(0.2327) / 1-5-3(0.1256) / 1-2-3(0.1006) / 1-3-6(0.0672) / 1-3-4(0.0467) / 1-5-2(0.0277) / 1-2-5(0.0267) / 1-6-3(0.0261) / 1-4-3(0.0179)
2025-05-06,11,1-4-5,1-2-4,0.17734095664064542,False,1-2-4(0.1773) / 1-4-2(0.1408) / 1-2-5(0.1158) / 1-5-2(0.0822) / 1-2-6(0.0639) / 1-4-5(0.0576) / 1-2-3(0.0521) / 1-5-4(0.0514) / 1-6-2(0.0416) / 1-3-2(0.0333)
2025-05-06,12,1-3-5,1-5-3,0.18066082575742773,False,1-5-3(0.1807) / 1-3-5(0.1694) / 1-5-2(0.1172) / 1-3-2(0.0971) / 1-2-5(0.0944) / 1-2-3(0.0833) / 1-5-6(0.0454) / 1-3-6(0.0376) / 1-6-5(0.0315) / 1-6-3(0.0278)
2025-05-07,3,1-5-3,1-3-2,0.0744616184806932,False,1-3-2(0.0745) / 1-2-3(0.0720) / 1-3-5(0.0716) / 1-5-3(0.0685) / 1-2-5(0.0622) / 1-5-2(0.0615) / 1-3-6(0.0599) / 1-6-3(0.0548) / 1-2-6(0.0520) / 1-5-6(0.0495)
2025-05-07,7,1-4-2,1-4-5,0.2029825420378725,False,1-4-5(0.2030) / 1-5-4(0.1865) / 1-4-3(0.0969) / 1-5-3(0.0763) / 1-3-4(0.0709) / 1-3-5(0.0608) / 1-4-6(0.0488) / 1-5-6(0.0384) / 1-4-2(0.0338) / 1-6-4(0.0327)
2025-05-07,8,1-3-2,1-2-4,0.1884332541779182,False,1-2-4(0.1884) / 1-2-6(0.1467) / 1-2-5(0.1052) / 1-2-3(0.1049) / 1-4-2(0.1017) / 1-6-2(0.0760) / 1-5-2(0.0524) / 1-3-2(0.0523) / 1-4-6(0.0228) / 1-6-4(0.0219)
2025-05-07,10,1-5-6,1-3-5,0.10288342661368854,False,1-3-5(0.1029) / 1-5-3(0.0907) / 1-3-2(0.0890) / 1-2-3(0.0755) / 1-3-4(0.0727) / 1-4-3(0.0590) / 1-5-2(0.0555) / 1-2-5(0.0534) / 1-3-6(0.0510) / 1-5-4(0.0453)
2025-05-07,12,1-4-6,1-4-6,0.09275911085571117,True,1-4-6(0.0928) / 1-4-2(0.0842) / 1-6-4(0.0837) / 1-2-4(0.0741) / 1-4-5(0.0716) / 1-5-4(0.0607) / 1-6-2(0.0566) / 1-2-6(0.0552) / 1-6-5(0.0481) / 1-4-3(0.0476)
2025-05-08,2,1-4-5,1-5-4,0.3134156279992645,False,1-5-4(0.3134) / 1-4-5(0.2518) / 1-5-2(0.0688) / 1-5-3(0.0656) / 1-4-2(0.0403) / 1-2-5(0.0391) / 1-4-3(0.0384) / 1-3-5(0.0371) / 1-2-4(0.0285) / 1-5-6(0.0272)
2025-05-08,3,1-2-6,1-2-6,0.21946353617687495,True,1-2-6(0.2195) / 1-6-2(0.1971) / 1-2-4(0.1434) / 1-4-2(0.1099) / 1-6-4(0.1067) / 1-4-6(0.0911) / 1-2-3(0.0312) / 1-6-3(0.0232) / 1-3-2(0.0197) / 1-3-6(0.0163)
2025-05-08,6,1-2-4,1-4-2,0.33079808813053624,False,1-4-2(0.3308) / 1-2-4(0.2150) / 1-4-3(0.1200) / 1-4-6(0.0830) / 1-3-4(0.0621) / 1-2-3(0.0417) / 1-6-4(0.0415) / 1-3-2(0.0332) / 1-2-6(0.0288) / 1-6-2(0.0221)
2025-05-08,8,1-4-2,1-4-2,0.1080990259786189,True,1-4-2(0.1081) / 1-2-4(0.1014) / 1-4-6(0.0842) / 1-4-3(0.0754) / 1-6-4(0.0735) / 1-2-6(0.0668) / 1-3-4(0.0641) / 1-6-2(0.0622) / 1-2-3(0.0598) / 1-3-2(0.0542)
2025-05-08,10,1-3-6,1-2-6,0.08941287019609521,False,1-2-6(0.0894) / 1-6-2(0.0836) / 1-2-3(0.0763) / 1-3-2(0.0684) / 1-2-4(0.0632) / 1-6-3(0.0585) / 1-3-6(0.0561) / 1-4-2(0.0544) / 1-2-5(0.0511) / 1-6-4(0.0485)
2025-05-08,11,1-4-5,1-3-4,0.1986609045238904,False,1-3-4(0.1987) / 1-4-3(0.1576) / 1-3-5(0.1266) / 1-5-3(0.0884) / 1-3-2(0.0837) / 1-4-5(0.0646) / 1-5-4(0.0569) / 1-2-3(0.0546) / 1-4-2(0.0427) / 1-2-4(0.0351)
2025-05-08,12,1-2-6,1-5-2,0.16656696177492505,False,1-5-2(0.1666) / 1-5-4(0.1354) / 1-2-5(0.1351) / 1-4-5(0.1032) / 1-5-6(0.0769) / 1-2-4(0.0707) / 1-4-2(0.0664) / 1-6-5(0.0527) / 1-2-6(0.0401) / 1-6-2(0.0339)
2025-05-09,3,1-5-4,1-4-6,0.12485662617991336,False,1-4-6(0.1249) / 1-4-3(0.1211) / 1-6-4(0.0961) / 1-4-5(0.0947) / 1-3-4(0.0925) / 1-5-4(0.0688) / 1-6-3(0.0485) / 1-3-6(0.0482) / 1-4-2(0.0435) / 1-6-5(0.0380)
2025-05-09,4,1-4-2,1-3-5,0.2525235709747801,False,1-3-5(0.2525) / 1-5-3(0.2163) / 1-3-6(0.0780) / 1-3-4(0.0527) / 1-5-6(0.0519) / 1-6-3(0.0495) / 1-3-2(0.0469) / 1-6-5(0.0385) / 1-5-4(0.0351) / 1-4-3(0.0323)
2025-05-09,5,1-3-6,1-3-4,0.2256402816522882,False,1-3-4(0.2256) / 1-4-3(0.1590) / 1-3-6(0.0884) / 1-3-5(0.0814) / 1-3-2(0.0771) / 1-6-3(0.0517) / 1-5-3(0.0472) / 1-2-3(0.0445) / 1-4-6(0.0332) / 1-4-5(0.0306)
2025-05-09,6,1-3-4,1-4-3,0.5621945015610187,False,1-4-3(0.5622) / 1-4-5(0.2302) / 1-3-4(0.0936) / 1-4-2(0.0384) / 1-5-4(0.0360) / 1-4-6(0.0192) / 1-2-4(0.0058) / 1-3-5(0.0045) / 1-5-3(0.0042) / 1-6-4(0.0029)
2025-05-09,7,1-2-4,1-2-5,0.1697305515159949,False,1-2-5(0.1697) / 1-2-3(0.1592) / 1-5-2(0.1370) / 1-3-2(0.1258) / 1-5-3(0.0822) / 1-3-5(0.0805) / 1-2-4(0.0355) / 1-2-6(0.0348) / 1-4-2(0.0225) / 1-6-2(0.0221)
2025-05-09,9,1-3-6,1-6-4,0.13428988237247455,False,1-6-4(0.1343) / 1-6-5(0.1117) / 1-6-2(0.1090) / 1-4-6(0.0898) / 1-6-3(0.0888) / 1-5-6(0.0722) / 1-2-6(0.0702) / 1-3-6(0.0556) / 1-4-5(0.0283) / 1-4-2(0.0276)
2025-05-09,10,1-4-3,1-2-4,0.1603127107727169,False,1-2-4(0.1603) / 1-4-2(0.1558) / 1-2-5(0.0846) / 1-4-5(0.0775) / 1-5-2(0.0674) / 1-5-4(0.0636) / 1-2-3(0.0567) / 1-4-3(0.0520) / 1-3-2(0.0424) / 1-3-4(0.0400)
2025-05-09,12,1-2-5,1-5-4,0.1205034059434213,False,1-5-4(0.1205) / 1-4-5(0.1040) / 1-5-6(0.1016) / 1-6-5(0.0837) / 1-5-2(0.0727) / 1-4-6(0.0607) / 1-6-4(0.0579) / 1-2-5(0.0559) / 1-5-3(0.0445) / 1-4-2(0.0434)
2025-05-19,1,1-4-5,1-3-4,0.12395483798060725,False,1-3-4(0.1240) / 1-4-3(0.1208) / 1-3-5(0.0870) / 1-4-5(0.0797) / 1-5-3(0.0758) / 1-5-4(0.0712) / 1-3-2(0.0556) / 1-4-2(0.0509) / 1-2-3(0.0444) / 1-2-4(0.0417)
2025-05-19,2,1-2-4,1-3-5,0.13376116232166865,False,1-3-5(0.1338) / 1-5-3(0.1245) / 1-3-6(0.0703) / 1-3-4(0.0635) / 1-3-2(0.0586) / 1-5-6(0.0555) / 1-6-3(0.0554) / 1-5-4(0.0501) / 1-4-3(0.0492) / 1-6-5(0.0470)
2025-05-19,5,1-3-2,1-5-3,0.26314550927061603,False,1-5-3(0.2631) / 1-3-5(0.1918) / 1-5-2(0.1558) / 1-2-5(0.0976) / 1-3-2(0.0677) / 1-2-3(0.0582) / 1-5-4(0.0373) / 1-5-6(0.0231) / 1-4-5(0.0203) / 1-3-4(0.0162)
2025-05-19,7,1-2-6,1-6-4,0.3627924277652668,False,1-6-4(0.3628) / 1-4-6(0.2945) / 1-6-5(0.0668) / 1-6-2(0.0415) / 1-4-5(0.0413) / 1-5-6(0.0364) / 1-5-4(0.0277) / 1-4-2(0.0256) / 1-2-6(0.0220) / 1-6-3(0.0211)
2025-05-19,8,1-4-3,1-4-3,0.2950638984108017,True,1-4-3(0.2951) / 1-3-4(0.2180) / 1-4-5(0.1058) / 1-4-2(0.0804) / 1-5-4(0.0608) / 1-3-5(0.0493) / 1-2-4(0.0448) / 1-5-3(0.0383) / 1-3-2(0.0374) / 1-2-3(0.0283)
2025-05-19,9,1-3-4,1-6-3,0.1939307530307953,False,1-6-3(0.1939) / 1-3-6(0.1375) / 1-6-4(0.1333) / 1-6-2(0.0878) / 1-4-6(0.0863) / 1-2-6(0.0534) / 1-3-4(0.0481) / 1-4-3(0.0440) / 1-6-5(0.0405) / 1-3-2(0.0317)
2025-05-19,10,1-2-3,1-2-5,0.23481218201098567,False,1-2-5(0.2348) / 1-5-2(0.1603) / 1-2-3(0.1141) / 1-2-4(0.0720) / 1-3-2(0.0666) / 1-2-6(0.0656) / 1-4-2(0.0400) / 1-5-3(0.0397) / 1-6-2(0.0362) / 1-3-5(0.0339)
2025-05-19,11,1-5-4,1-5-2,0.08589002464237734,False,1-5-2(0.0859) / 1-5-4(0.0829) / 1-2-5(0.0822) / 1-4-5(0.0785) / 1-5-3(0.0755) / 1-3-5(0.0697) / 1-2-4(0.0697) / 1-4-2(0.0689) / 1-2-3(0.0635) / 1-3-2(0.0612)
2025-05-20,3,1-4-6,1-4-6,0.21708610907460985,True,1-4-6(0.2171) / 1-6-4(0.1927) / 1-4-2(0.0945) / 1-6-2(0.0680) / 1-4-3(0.0666) / 1-2-4(0.0659) / 1-2-6(0.0535) / 1-6-3(0.0479) / 1-3-4(0.0443) / 1-3-6(0.0359)
2025-05-20,4,1-5-2,1-6-2,0.42582356341146504,False,1-6-2(0.4258) / 1-2-6(0.1540) / 1-6-3(0.1315) / 1-6-5(0.0754) / 1-6-4(0.0707) / 1-3-6(0.0413) / 1-5-6(0.0231) / 1-4-6(0.0216) / 1-2-3(0.0121) / 1-3-2(0.0105)
2025-05-20,6,1-3-2,1-3-4,0.39468412790327,False,1-3-4(0.3947) / 1-4-3(0.2245) / 1-3-5(0.1240) / 1-3-2(0.0660) / 1-5-3(0.0559) / 1-4-5(0.0331) / 1-2-3(0.0285) / 1-5-4(0.0262) / 1-4-2(0.0176) / 1-2-4(0.0134)
2025-05-20,7,1-3-5,1-3-5,0.33401683361037426,True,1-3-5(0.3340) / 1-5-3(0.1726) / 1-3-2(0.1248) / 1-3-4(0.1086) / 1-2-3(0.0546) / 1-4-3(0.0470) / 1-3-6(0.0314) / 1-5-2(0.0241) / 1-5-4(0.0210) / 1-2-5(0.0204)
2025-05-20,8,1-3-2,1-4-2,0.29112230822944446,False,1-4-2(0.2911) / 1-4-6(0.2880) / 1-2-4(0.0977) / 1-6-4(0.0965) / 1-4-3(0.0869) / 1-4-5(0.0393) / 1-3-4(0.0266) / 1-2-6(0.0167) / 1-6-2(0.0166) / 1-5-4(0.0118)
2025-05-20,9,1-5-2,1-3-6,0.1627296152375967,False,1-3-6(0.1627) / 1-6-3(0.1198) / 1-3-5(0.1125) / 1-3-4(0.0843) / 1-5-3(0.0762) / 1-3-2(0.0661) / 1-4-3(0.0547) / 1-6-5(0.0427) / 1-2-3(0.0417) / 1-5-6(0.0393)
2025-05-20,11,1-2-6,1-6-2,0.15364866115578907,False,1-6-2(0.1536) / 1-2-6(0.1293) / 1-6-4(0.0922) / 1-6-3(0.0777) / 1-4-6(0.0682) / 1-3-6(0.0558) / 1-2-4(0.0532) / 1-6-5(0.0509) / 1-4-2(0.0467) / 1-2-3(0.0448)
2025-05-20,12,1-5-2,1-5-6,0.15388503881296253,False,1-5-6(0.1539) / 1-6-5(0.1288) / 1-5-2(0.0950) / 1-5-4(0.0871) / 1-2-5(0.0703) / 1-4-5(0.0634) / 1-6-2(0.0539) / 1-6-4(0.0493) / 1-2-6(0.0476) / 1-4-6(0.0430)
2025-05-21,4,1-6-5,1-4-5,0.3034182803364915,False,1-4-5(0.3034) / 1-4-6(0.3019) / 1-4-3(0.2109) / 1-5-4(0.0462) / 1-6-4(0.0460) / 1-4-2(0.0392) / 1-3-4(0.0316) / 1-2-4(0.0057) / 1-5-6(0.0028) / 1-6-5(0.0028)
2025-05-21,5,1-4-3,1-4-6,0.13705894451477213,False,1-4-6(0.1371) / 1-4-3(0.1178) / 1-6-4(0.1127) / 1-3-4(0.0929) / 1-4-5(0.0800) / 1-6-3(0.0612) / 1-3-6(0.0587) / 1-5-4(0.0584) / 1-6-5(0.0416) / 1-5-6(0.0369)
2025-05-21,6,1-4-3,1-4-3,0.3105316303743808,True,1-4-3(0.3105) / 1-3-4(0.3088) / 1-4-2(0.0788) / 1-3-2(0.0778) / 1-2-4(0.0508) / 1-2-3(0.0504) / 1-4-5(0.0302) / 1-3-5(0.0298) / 1-5-4(0.0181) / 1-5-3(0.0180)
2025-05-21,8,1-2-5,1-2-3,0.22136769852780125,False,1-2-3(0.2214) / 1-2-6(0.2019) / 1-2-5(0.1993) / 1-2-4(0.1667) / 1-3-2(0.0496) / 1-6-2(0.0450) / 1-5-2(0.0444) / 1-4-2(0.0368) / 1-3-6(0.0034) / 1-6-3(0.0034)
2025-05-21,9,1-6-2,1-3-2,0.43099002983965784,False,1-3-2(0.4310) / 1-2-3(0.3078) / 1-3-6(0.0493) / 1-3-4(0.0342) / 1-3-5(0.0295) / 1-6-3(0.0234) / 1-2-6(0.0234) / 1-2-4(0.0162) / 1-4-3(0.0160) / 1-6-2(0.0156)
2025-05-21,11,1-6-3,1-4-2,0.17598305083729626,False,1-4-2(0.1760) / 1-2-4(0.1501) / 1-4-6(0.1240) / 1-6-4(0.0949) / 1-2-6(0.0768) / 1-6-2(0.0689) / 1-4-3(0.0480) / 1-4-5(0.0378) / 1-3-4(0.0319) / 1-2-3(0.0297)
2025-05-21,12,1-5-6,1-5-3,0.27318929330080655,False,1-5-3(0.2732) / 1-3-5(0.2281) / 1-5-4(0.0950) / 1-5-2(0.0670) / 1-3-4(0.0599) / 1-4-5(0.0595) / 1-4-3(0.0450) / 1-3-2(0.0422) / 1-2-5(0.0404) / 1-2-3(0.0305)
2025-05-22,5,1-3-5,1-5-2,0.15969609235700358,False,1-5-2(0.1597) / 1-5-6(0.1242) / 1-2-5(0.1136) / 1-6-5(0.0835) / 1-5-3(0.0827) / 1-5-4(0.0691) / 1-3-5(0.0523) / 1-4-5(0.0428) / 1-2-6(0.0419) / 1-6-2(0.0396)
2025-05-22,6,1-4-6,1-4-3,0.33099599736124224,False,1-4-3(0.3310) / 1-3-4(0.2120) / 1-4-6(0.1108) / 1-4-5(0.0691) / 1-6-4(0.0563) / 1-3-6(0.0371) / 1-5-4(0.0338) / 1-6-3(0.0294) / 1-4-2(0.0291) / 1-3-5(0.0231)
2025-05-22,7,1-4-2,1-4-2,0.5133502149559808,True,1-4-2(0.5134) / 1-2-4(0.2073) / 1-4-6(0.1139) / 1-4-3(0.0380) / 1-6-4(0.0373) / 1-4-5(0.0244) / 1-2-6(0.0154) / 1-6-2(0.0125) / 1-3-4(0.0120) / 1-5-4(0.0076)
2025-05-22,8,1-4-2,1-4-5,0.3702923029973787,False,1-4-5(0.3703) / 1-5-4(0.2108) / 1-4-2(0.0988) / 1-4-3(0.0637) / 1-4-6(0.0493) / 1-2-4(0.0444) / 1-3-4(0.0279) / 1-5-2(0.0257) / 1-6-4(0.0214) / 1-2-5(0.0203)
2025-05-22,9,1-2-3,1-2-6,0.16942049848752733,False,1-2-6(0.1694) / 1-2-3(0.1464) / 1-2-5(0.1342) / 1-2-4(0.1064) / 1-6-2(0.0869) / 1-3-2(0.0735) / 1-5-2(0.0666) / 1-4-2(0.0516) / 1-6-3(0.0182) / 1-3-6(0.0178)
2025-05-22,12,1-2-6,1-5-2,0.1311315801734,False,1-5-2(0.1311) / 1-2-5(0.1278) / 1-5-3(0.0967) / 1-2-3(0.0886) / 1-3-5(0.0850) / 1-3-2(0.0800) / 1-5-4(0.0482) / 1-2-4(0.0442) / 1-4-5(0.0373) / 1-4-2(0.0351)
2025-05-27,1,1-3-4,1-4-6,0.23955306636173285,False,1-4-6(0.2396) / 1-6-4(0.1712) / 1-4-2(0.0982) / 1-4-3(0.0687) / 1-4-5(0.0682) / 1-2-4(0.0579) / 1-6-2(0.0392) / 1-3-4(0.0391) / 1-5-4(0.0388) / 1-2-6(0.0323)
2025-05-27,3,1-4-5,1-2-4,0.16496468800042233,False,1-2-4(0.1650) / 1-2-3(0.1334) / 1-4-2(0.1037) / 1-2-5(0.1020) / 1-2-6(0.0821) / 1-3-2(0.0806) / 1-5-2(0.0593) / 1-6-2(0.0466) / 1-4-3(0.0308) / 1-3-4(0.0295)
2025-05-27,4,1-3-2,1-6-3,0.1854172923127647,False,1-6-3(0.1854) / 1-3-6(0.1781) / 1-6-5(0.0928) / 1-3-5(0.0825) / 1-5-6(0.0714) / 1-5-3(0.0661) / 1-6-2(0.0492) / 1-3-2(0.0438) / 1-2-6(0.0346) / 1-2-3(0.0321)
2025-05-27,5,1-3-6,1-3-5,0.07509125685129787,False,1-3-5(0.0751) / 1-5-3(0.0730) / 1-3-2(0.0652) / 1-3-6(0.0619) / 1-2-3(0.0610) / 1-5-2(0.0580) / 1-6-3(0.0572) / 1-2-5(0.0558) / 1-5-6(0.0550) / 1-6-5(0.0523)
2025-05-27,6,1-3-4,1-6-4,0.11153756939283103,False,1-6-4(0.1115) / 1-4-6(0.1043) / 1-6-2(0.0934) / 1-2-6(0.0827) / 1-4-2(0.0735) / 1-2-4(0.0696) / 1-6-5(0.0602) / 1-5-6(0.0486) / 1-4-5(0.0474) / 1-5-4(0.0409)
2025-05-27,7,1-5-6,1-5-6,0.1941364976912855,True,1-5-6(0.1941) / 1-6-5(0.1604) / 1-5-2(0.1089) / 1-2-5(0.0767) / 1-5-4(0.0695) / 1-6-2(0.0624) / 1-2-6(0.0532) / 1-4-5(0.0458) / 1-6-4(0.0398) / 1-5-3(0.0347)
2025-05-27,9,1-4-5,1-2-3,0.2518112166555365,False,1-2-3(0.2518) / 1-2-6(0.2466) / 1-3-2(0.1063) / 1-6-2(0.1037) / 1-2-4(0.0749) / 1-2-5(0.0649) / 1-4-2(0.0283) / 1-5-2(0.0244) / 1-3-6(0.0233) / 1-6-3(0.0232)
2025-05-27,11,1-2-3,1-6-4,0.09403020250671879,False,1-6-4(0.0940) / 1-4-6(0.0933) / 1-6-3(0.0623) / 1-4-3(0.0605) / 1-6-2(0.0561) / 1-3-6(0.0553) / 1-4-2(0.0544) / 1-3-4(0.0541) / 1-6-5(0.0532) / 1-4-5(0.0517)
2025-05-28,1,1-2-3,1-4-2,0.13861698649174745,False,1-4-2(0.1386) / 1-2-4(0.1244) / 1-4-3(0.0781) / 1-4-5(0.0743) / 1-3-4(0.0604) / 1-5-4(0.0570) / 1-2-3(0.0546) / 1-2-5(0.0520) / 1-4-6(0.0511) / 1-3-2(0.0471)
2025-05-28,2,1-4-3,1-5-4,0.10101013531650976,False,1-5-4(0.1010) / 1-4-5(0.0991) / 1-5-6(0.0932) / 1-6-5(0.0890) / 1-4-6(0.0870) / 1-6-4(0.0846) / 1-5-3(0.0446) / 1-4-3(0.0416) / 1-5-2(0.0384) / 1-6-3(0.0373)
2025-05-28,3,1-2-3,1-4-2,0.15213263217896983,False,1-4-2(0.1521) / 1-2-4(0.1273) / 1-4-3(0.1142) / 1-3-4(0.0881) / 1-2-3(0.0644) / 1-3-2(0.0594) / 1-4-6(0.0592) / 1-4-5(0.0498) / 1-6-4(0.0410) / 1-5-4(0.0339)
2025-05-28,5,1-2-3,1-6-3,0.082957091501008,False,1-6-3(0.0830) / 1-6-2(0.0800) / 1-6-4(0.0772) / 1-3-6(0.0719) / 1-2-6(0.0688) / 1-4-6(0.0658) / 1-6-5(0.0602) / 1-5-6(0.0490) / 1-3-2(0.0447) / 1-2-3(0.0443)
2025-05-28,6,1-6-2,1-2-3,0.22500337075210347,False,1-2-3(0.2250) / 1-3-2(0.2206) / 1-2-6(0.0795) / 1-3-6(0.0754) / 1-6-2(0.0567) / 1-6-3(0.0548) / 1-2-5(0.0508) / 1-3-5(0.0481) / 1-5-2(0.0343) / 1-5-3(0.0332)
2025-05-28,7,1-3-2,1-3-5,0.26629108546511693,False,1-3-5(0.2663) / 1-5-3(0.1629) / 1-3-2(0.1215) / 1-3-6(0.0778) / 1-3-4(0.0660) / 1-2-3(0.0637) / 1-6-3(0.0391) / 1-4-3(0.0328) / 1-5-2(0.0328) / 1-2-5(0.0281)
2025-05-28,8,1-2-3,1-6-5,0.09111969866593252,False,1-6-5(0.0911) / 1-6-3(0.0886) / 1-5-6(0.0794) / 1-3-6(0.0767) / 1-6-2(0.0642) / 1-6-4(0.0633) / 1-2-6(0.0520) / 1-5-3(0.0517) / 1-3-5(0.0513) / 1-4-6(0.0512)
2025-05-28,9,1-3-2,1-3-2,0.11868005286459281,True,1-3-2(0.1187) / 1-3-4(0.1163) / 1-3-5(0.0895) / 1-2-3(0.0892) / 1-4-3(0.0870) / 1-3-6(0.0642) / 1-5-3(0.0637) / 1-6-3(0.0437) / 1-2-4(0.0420) / 1-4-2(0.0418)
2025-05-28,10,1-3-4,1-3-5,0.14284120402443243,False,1-3-5(0.1428) / 1-3-6(0.1355) / 1-5-3(0.1017) / 1-6-3(0.0953) / 1-3-4(0.0765) / 1-3-2(0.0706) / 1-4-3(0.0490) / 1-2-3(0.0448) / 1-5-6(0.0438) / 1-6-5(0.0432)
2025-05-29,1,1-4-3,1-3-5,0.2519033143240106,False,1-3-5(0.2519) / 1-5-3(0.1553) / 1-3-6(0.1035) / 1-3-4(0.0963) / 1-3-2(0.0727) / 1-6-3(0.0543) / 1-4-3(0.0502) / 1-2-3(0.0370) / 1-5-6(0.0278) / 1-5-4(0.0259)
2025-05-29,3,1-3-2,1-6-4,0.31553138295649963,False,1-6-4(0.3155) / 1-4-6(0.1554) / 1-6-2(0.1501) / 1-6-3(0.0824) / 1-2-6(0.0652) / 1-6-5(0.0597) / 1-3-6(0.0341) / 1-4-2(0.0248) / 1-5-6(0.0244) / 1-2-4(0.0218)
2025-05-29,6,1-2-4,1-5-6,0.29881887394560397,False,1-5-6(0.2988) / 1-6-5(0.2046) / 1-5-3(0.0801) / 1-5-4(0.0761) / 1-5-2(0.0560) / 1-3-5(0.0424) / 1-4-5(0.0401) / 1-6-3(0.0307) / 1-6-4(0.0292) / 1-2-5(0.0289)
2025-05-29,7,1-2-5,1-6-5,0.12812821341885855,False,1-6-5(0.1281) / 1-5-6(0.1257) / 1-6-4(0.0770) / 1-6-3(0.0759) / 1-5-4(0.0723) / 1-5-3(0.0713) / 1-4-6(0.0649) / 1-3-6(0.0638) / 1-4-5(0.0621) / 1-3-5(0.0610)
2025-05-29,8,1-2-3,1-2-3,0.21194120066582367,True,1-2-3(0.2119) / 1-3-2(0.1784) / 1-2-4(0.0977) / 1-2-5(0.0797) / 1-4-2(0.0667) / 1-3-4(0.0602) / 1-5-2(0.0528) / 1-3-5(0.0491) / 1-4-3(0.0488) / 1-5-3(0.0386)
2025-05-29,9,1-6-2,1-6-3,0.17398370478739453,False,1-6-3(0.1740) / 1-3-6(0.1641) / 1-6-5(0.1237) / 1-3-5(0.1039) / 1-5-6(0.1029) / 1-5-3(0.0917) / 1-6-2(0.0413) / 1-3-2(0.0347) / 1-2-6(0.0288) / 1-2-3(0.0257)
2025-05-29,10,1-5-2,1-2-5,0.2266820600678572,False,1-2-5(0.2267) / 1-5-2(0.1681) / 1-2-3(0.0940) / 1-2-4(0.0822) / 1-3-2(0.0574) / 1-2-6(0.0548) / 1-4-2(0.0494) / 1-5-3(0.0409) / 1-5-4(0.0358) / 1-3-5(0.0337)
2025-05-29,12,1-5-6,1-6-5,0.13088437003485415,False,1-6-5(0.1309) / 1-6-4(0.1210) / 1-5-6(0.0995) / 1-4-6(0.0903) / 1-6-2(0.0721) / 1-6-3(0.0692) / 1-2-6(0.0492) / 1-5-4(0.0473) / 1-3-6(0.0470) / 1-4-5(0.0464)
2025-05-30,2,1-3-5,1-3-6,0.10458856622371455,False,1-3-6(0.1046) / 1-6-3(0.1042) / 1-3-5(0.0887) / 1-6-5(0.0874) / 1-5-3(0.0835) / 1-5-6(0.0826) / 1-3-4(0.0518) / 1-6-4(0.0510) / 1-4-3(0.0433) / 1-4-6(0.0428)
2025-05-30,3,1-5-4,1-4-2,0.1649032617421674,False,1-4-2(0.1649) / 1-4-6(0.1495) / 1-2-4(0.1204) / 1-6-4(0.1063) / 1-4-3(0.0805) / 1-2-6(0.0556) / 1-6-2(0.0541) / 1-3-4(0.0514) / 1-4-5(0.0349) / 1-2-3(0.0299)
2025-05-30,5,1-2-3,1-2-5,0.0842581553945681,False,1-2-5(0.0843) / 1-5-2(0.0802) / 1-2-4(0.0752) / 1-4-2(0.0694) / 1-2-6(0.0632) / 1-5-4(0.0618) / 1-4-5(0.0598) / 1-6-2(0.0560) / 1-5-6(0.0519) / 1-6-5(0.0483)
2025-05-30,6,1-4-5,1-5-6,0.23831429336190063,False,1-5-6(0.2383) / 1-6-5(0.1750) / 1-5-4(0.1326) / 1-4-5(0.0835) / 1-5-2(0.0663) / 1-6-4(0.0570) / 1-4-6(0.0489) / 1-2-5(0.0383) / 1-5-3(0.0289) / 1-6-2(0.0285)
2025-05-30,7,1-3-6,1-4-6,0.08543650898879131,False,1-4-6(0.0854) / 1-6-4(0.0843) / 1-4-3(0.0838) / 1-3-4(0.0821) / 1-6-3(0.0794) / 1-3-6(0.0789) / 1-4-2(0.0502) / 1-6-2(0.0476) / 1-3-2(0.0464) / 1-2-4(0.0437)
2025-05-30,8,1-5-6,1-2-6,0.17493996752336563,False,1-2-6(0.1749) / 1-6-2(0.1591) / 1-2-3(0.1148) / 1-3-2(0.0908) / 1-6-3(0.0865) / 1-3-6(0.0752) / 1-2-5(0.0468) / 1-6-5(0.0353) / 1-5-2(0.0323) / 1-2-4(0.0294)
2025-05-30,9,1-3-6,1-5-3,0.14552259461586298,False,1-5-3(0.1455) / 1-3-5(0.1317) / 1-5-6(0.0924) / 1-6-5(0.0734) / 1-3-6(0.0670) / 1-5-4(0.0622) / 1-6-3(0.0588) / 1-4-5(0.0462) / 1-3-4(0.0451) / 1-5-2(0.0449)
2025-05-30,11,1-3-2,1-4-3,0.10418658368310438,False,1-4-3(0.1042) / 1-3-4(0.0943) / 1-4-6(0.0889) / 1-4-2(0.0782) / 1-6-4(0.0770) / 1-2-4(0.0657) / 1-3-6(0.0615) / 1-6-3(0.0588) / 1-3-2(0.0541) / 1-2-3(0.0502)
2025-05-30,12,1-4-5,1-2-3,0.1105618066178199,False,1-2-3(0.1106) / 1-2-5(0.1049) / 1-2-4(0.0936) / 1-3-2(0.0927) / 1-5-2(0.0868) / 1-4-2(0.0753) / 1-3-5(0.0552) / 1-5-3(0.0544) / 1-3-4(0.0492) / 1-4-3(0.0472)
2025-05-31,1,1-3-6,1-5-4,0.25658084864369257,False,1-5-4(0.2566) / 1-4-5(0.1694) / 1-5-3(0.1299) / 1-5-6(0.0925) / 1-3-5(0.0736) / 1-6-5(0.0503) / 1-4-3(0.0426) / 1-3-4(0.0365) / 1-4-6(0.0303) / 1-5-2(0.0265)
2025-05-31,2,1-3-4,1-4-3,0.23855152892123535,False,1-4-3(0.2386) / 1-3-4(0.1614) / 1-4-6(0.1197) / 1-4-2(0.0697) / 1-6-4(0.0696) / 1-4-5(0.0629) / 1-3-6(0.0408) / 1-2-4(0.0383) / 1-6-3(0.0351) / 1-5-4(0.0343)
2025-05-31,3,1-2-3,1-4-2,0.16735653141182721,False,1-4-2(0.1674) / 1-4-3(0.1340) / 1-2-4(0.1088) / 1-4-6(0.0942) / 1-3-4(0.0833) / 1-4-5(0.0763) / 1-6-4(0.0556) / 1-5-4(0.0441) / 1-2-3(0.0346) / 1-3-2(0.0331)
2025-05-31,4,1-2-6,1-5-2,0.2318309187351621,False,1-5-2(0.2318) / 1-2-5(0.1371) / 1-5-4(0.1273) / 1-5-6(0.0981) / 1-5-3(0.0728) / 1-4-5(0.0674) / 1-6-5(0.0505) / 1-3-5(0.0366) / 1-2-4(0.0292) / 1-4-2(0.0262)
2025-05-31,6,1-2-5,1-5-4,0.13079419827893268,False,1-5-4(0.1308) / 1-4-5(0.1031) / 1-5-2(0.0884) / 1-5-6(0.0805) / 1-5-3(0.0802) / 1-2-5(0.0640) / 1-6-5(0.0575) / 1-3-5(0.0572) / 1-4-2(0.0392) / 1-2-4(0.0360)
2025-05-31,7,1-4-6,1-4-2,0.22499333253257256,False,1-4-2(0.2250) / 1-2-4(0.1770) / 1-4-6(0.1030) / 1-6-4(0.0665) / 1-4-3(0.0588) / 1-2-6(0.0530) / 1-4-5(0.0526) / 1-6-2(0.0435) / 1-3-4(0.0356) / 1-5-4(0.0316)
2025-05-31,9,1-3-4,1-6-2,0.10847665845392057,False,1-6-2(0.1085) / 1-2-6(0.1048) / 1-6-5(0.0682) / 1-2-5(0.0603) / 1-6-4(0.0585) / 1-5-6(0.0582) / 1-6-3(0.0550) / 1-5-2(0.0532) / 1-2-4(0.0517) / 1-2-3(0.0486)
2025-05-31,11,1-2-3,1-3-5,0.09656493375156822,False,1-3-5(0.0966) / 1-3-2(0.0887) / 1-5-3(0.0873) / 1-2-3(0.0783) / 1-3-6(0.0780) / 1-6-3(0.0668) / 1-5-2(0.0604) / 1-2-5(0.0590) / 1-5-6(0.0531) / 1-6-5(0.0503)
2025-05-31,12,1-2-5,1-3-4,0.11100095357908539,False,1-3-4(0.1110) / 1-4-3(0.1081) / 1-3-2(0.0750) / 1-4-2(0.0682) / 1-2-3(0.0651) / 1-2-4(0.0609) / 1-3-5(0.0568) / 1-4-5(0.0517) / 1-3-6(0.0475) / 1-5-3(0.0468)
2025-06-01,4,1-3-4,1-6-3,0.17575230495944064,False,1-6-3(0.1758) / 1-6-5(0.1437) / 1-3-6(0.1266) / 1-5-6(0.0983) / 1-6-4(0.0620) / 1-6-2(0.0591) / 1-3-5(0.0524) / 1-5-3(0.0498) / 1-4-6(0.0377) / 1-2-6(0.0357)
2025-06-01,5,1-4-5,1-4-5,0.19371027037574778,True,1-4-5(0.1937) / 1-4-2(0.1509) / 1-5-4(0.1221) / 1-4-3(0.0974) / 1-2-4(0.0902) / 1-3-4(0.0547) / 1-4-6(0.0524) / 1-5-2(0.0381) / 1-2-5(0.0361) / 1-6-4(0.0280)
2025-06-01,7,1-5-3,1-6-5,0.10171681592189295,False,1-6-5(0.1017) / 1-5-6(0.1014) / 1-6-4(0.0939) / 1-5-4(0.0928) / 1-4-6(0.0910) / 1-4-5(0.0902) / 1-6-3(0.0533) / 1-5-3(0.0527) / 1-4-3(0.0473) / 1-3-6(0.0452)
2025-06-01,8,1-2-4,1-4-2,0.13002731215726795,False,1-4-2(0.1300) / 1-2-4(0.1148) / 1-4-6(0.0879) / 1-4-3(0.0837) / 1-6-4(0.0699) / 1-3-4(0.0659) / 1-2-6(0.0576) / 1-2-3(0.0549) / 1-6-2(0.0519) / 1-3-2(0.0490)
2025-06-01,9,1-2-3,1-6-5,0.12435169864403048,False,1-6-5(0.1244) / 1-6-2(0.0992) / 1-5-6(0.0952) / 1-6-4(0.0879) / 1-6-3(0.0745) / 1-2-6(0.0723) / 1-4-6(0.0628) / 1-3-6(0.0519) / 1-5-2(0.0389) / 1-2-5(0.0371)
2025-06-01,11,1-2-4,1-5-4,0.11141590580786831,False,1-5-4(0.1114) / 1-4-5(0.1074) / 1-5-3(0.0847) / 1-3-5(0.0751) / 1-4-3(0.0743) / 1-3-4(0.0683) / 1-5-6(0.0630) / 1-4-6(0.0553) / 1-6-5(0.0524) / 1-6-4(0.0477)
2025-06-01,12,1-3-2,1-3-2,0.14789299367142023,True,1-3-2(0.1479) / 1-3-6(0.1186) / 1-2-3(0.1054) / 1-3-5(0.0959) / 1-6-3(0.0807) / 1-3-4(0.0655) / 1-5-3(0.0629) / 1-4-3(0.0411) / 1-2-6(0.0391) / 1-6-2(0.0373)
2025-06-09,1,1-3-2,1-4-2,0.25521042881584755,False,1-4-2(0.2552) / 1-2-4(0.2039) / 1-4-3(0.1374) / 1-3-4(0.0908) / 1-2-3(0.0760) / 1-3-2(0.0628) / 1-4-6(0.0490) / 1-6-4(0.0287) / 1-2-6(0.0271) / 1-6-2(0.0199)
2025-06-09,8,1-2-4,1-2-4,0.3405946968671554,True,1-2-4(0.3406) / 1-4-2(0.2281) / 1-2-5(0.1002) / 1-2-3(0.0895) / 1-5-2(0.0515) / 1-3-2(0.0455) / 1-4-5(0.0379) / 1-4-3(0.0339) / 1-5-4(0.0291) / 1-3-4(0.0257)
2025-06-09,9,1-3-5,1-3-2,0.17687105924020965,False,1-3-2(0.1769) / 1-2-3(0.1613) / 1-3-6(0.1175) / 1-6-3(0.0934) / 1-2-6(0.0893) / 1-6-2(0.0778) / 1-3-5(0.0394) / 1-3-4(0.0329) / 1-2-5(0.0299) / 1-5-3(0.0267)
2025-06-09,11,1-3-4,1-3-4,0.36490919734267013,True,1-3-4(0.3649) / 1-3-2(0.2437) / 1-3-5(0.1237) / 1-4-3(0.1040) / 1-2-3(0.0664) / 1-5-3(0.0323) / 1-3-6(0.0173) / 1-4-2(0.0113) / 1-2-4(0.0108) / 1-4-5(0.0057)
2025-06-09,12,1-4-3,1-5-3,0.2034314749521408,False,1-5-3(0.2034) / 1-3-5(0.1842) / 1-5-2(0.0806) / 1-5-6(0.0690) / 1-3-2(0.0609) / 1-2-5(0.0567) / 1-3-6(0.0522) / 1-6-5(0.0476) / 1-2-3(0.0473) / 1-6-3(0.0397)
2025-06-10,1,1-6-2,1-6-3,0.11928712681792172,False,1-6-3(0.1193) / 1-3-6(0.0999) / 1-6-2(0.0992) / 1-2-6(0.0792) / 1-6-4(0.0677) / 1-6-5(0.0628) / 1-3-2(0.0530) / 1-2-3(0.0505) / 1-4-6(0.0505) / 1-5-6(0.0463)
2025-06-10,3,1-3-4,1-4-6,0.47315999729868535,False,1-4-6(0.4732) / 1-4-3(0.2456) / 1-6-4(0.1396) / 1-3-4(0.0665) / 1-4-2(0.0286) / 1-6-3(0.0151) / 1-3-6(0.0139) / 1-2-4(0.0072) / 1-4-5(0.0039) / 1-6-2(0.0018)
2025-06-10,6,1-4-2,1-2-4,0.09502914149186951,False,1-2-4(0.0950) / 1-4-2(0.0939) / 1-2-3(0.0911) / 1-3-2(0.0887) / 1-4-3(0.0871) / 1-3-4(0.0859) / 1-2-5(0.0818) / 1-4-5(0.0783) / 1-5-2(0.0771) / 1-5-4(0.0746)
2025-06-10,7,1-5-6,1-2-6,0.23639337180086367,False,1-2-6(0.2364) / 1-2-3(0.2321) / 1-6-2(0.1104) / 1-3-2(0.1080) / 1-2-5(0.1001) / 1-5-2(0.0423) / 1-2-4(0.0364) / 1-6-3(0.0277) / 1-3-6(0.0276) / 1-4-2(0.0147)
2025-06-10,9,1-2-3,1-3-2,0.33051703730278875,False,1-3-2(0.3305) / 1-3-6(0.2380) / 1-2-3(0.1252) / 1-3-4(0.0961) / 1-6-3(0.0857) / 1-4-3(0.0322) / 1-2-6(0.0206) / 1-6-2(0.0196) / 1-3-5(0.0156) / 1-2-4(0.0083)
2025-06-10,10,1-2-5,1-2-5,0.3440337028702991,True,1-2-5(0.3440) / 1-2-3(0.2114) / 1-5-2(0.1650) / 1-3-2(0.0920) / 1-2-4(0.0347) / 1-5-3(0.0343) / 1-3-5(0.0311) / 1-2-6(0.0309) / 1-4-2(0.0134) / 1-6-2(0.0119)
2025-06-10,12,1-2-3,1-5-2,0.16739650527733663,False,1-5-2(0.1674) / 1-5-3(0.1383) / 1-2-5(0.1052) / 1-5-6(0.0943) / 1-5-4(0.0838) / 1-3-5(0.0838) / 1-6-5(0.0541) / 1-4-5(0.0475) / 1-2-3(0.0321) / 1-3-2(0.0309)
2025-06-11,1,1-3-4,1-3-4,0.2956707911484517,True,1-3-4(0.2957) / 1-4-3(0.2674) / 1-3-2(0.0957) / 1-4-2(0.0748) / 1-2-3(0.0613) / 1-2-4(0.0530) / 1-3-5(0.0425) / 1-4-5(0.0332) / 1-5-3(0.0252) / 1-5-4(0.0218)
2025-06-11,3,1-3-2,1-2-6,0.1349647069416829,False,1-2-6(0.1350) / 1-2-5(0.1192) / 1-6-2(0.1189) / 1-5-2(0.1010) / 1-2-3(0.0806) / 1-6-5(0.0782) / 1-5-6(0.0751) / 1-3-2(0.0623) / 1-6-3(0.0528) / 1-3-6(0.0464)
2025-06-11,4,1-5-2,1-5-4,0.2483914676078961,False,1-5-4(0.2484) / 1-4-5(0.1921) / 1-5-2(0.1413) / 1-2-5(0.0925) / 1-4-2(0.0710) / 1-5-3(0.0660) / 1-2-4(0.0601) / 1-3-5(0.0390) / 1-4-3(0.0332) / 1-3-4(0.0254)
2025-06-11,5,1-5-2,1-5-6,0.13670083322477744,False,1-5-6(0.1367) / 1-6-5(0.1345) / 1-5-2(0.0972) / 1-6-2(0.0922) / 1-2-5(0.0851) / 1-2-6(0.0820) / 1-5-4(0.0512) / 1-6-4(0.0486) / 1-4-5(0.0397) / 1-4-6(0.0383)
2025-06-11,6,1-3-4,1-4-3,0.3762724166937053,False,1-4-3(0.3763) / 1-3-4(0.2104) / 1-4-2(0.1298) / 1-4-6(0.0813) / 1-2-4(0.0588) / 1-6-4(0.0355) / 1-3-2(0.0325) / 1-2-3(0.0264) / 1-3-6(0.0204) / 1-6-3(0.0159)
2025-06-11,8,1-2-5,1-2-4,0.16083916315074828,False,1-2-4(0.1608) / 1-4-2(0.1425) / 1-2-5(0.1309) / 1-5-2(0.1081) / 1-4-5(0.0899) / 1-5-4(0.0838) / 1-2-3(0.0401) / 1-2-6(0.0316) / 1-4-3(0.0276) / 1-3-2(0.0275)
2025-06-12,7,1-4-5,1-4-5,0.4128963437440028,True,1-4-5(0.4129) / 1-5-4(0.1574) / 1-4-6(0.1283) / 1-4-2(0.1018) / 1-4-3(0.0467) / 1-6-4(0.0422) / 1-2-4(0.0331) / 1-3-4(0.0148) / 1-5-6(0.0132) / 1-6-5(0.0114)
2025-06-12,8,1-2-3,1-2-4,0.26678099775242864,False,1-2-4(0.2668) / 1-4-2(0.1561) / 1-2-5(0.1499) / 1-2-3(0.1277) / 1-5-2(0.0779) / 1-3-2(0.0650) / 1-4-5(0.0358) / 1-5-4(0.0318) / 1-4-3(0.0305) / 1-3-4(0.0265)
2025-06-12,9,1-3-5,1-5-2,0.1656574495547357,False,1-5-2(0.1657) / 1-2-5(0.1557) / 1-5-4(0.0992) / 1-2-4(0.0822) / 1-4-5(0.0792) / 1-4-2(0.0698) / 1-5-3(0.0505) / 1-2-3(0.0419) / 1-3-5(0.0363) / 1-5-6(0.0342)
2025-06-12,10,1-3-6,1-3-6,0.23681955947391117,True,1-3-6(0.2368) / 1-3-4(0.1772) / 1-6-3(0.1108) / 1-3-5(0.0989) / 1-3-2(0.0916) / 1-4-3(0.0793) / 1-5-3(0.0418) / 1-2-3(0.0385) / 1-6-4(0.0212) / 1-4-6(0.0203)
2025-06-12,11,1-3-5,1-2-5,0.08271951611209345,False,1-2-5(0.0827) / 1-2-3(0.0822) / 1-5-2(0.0794) / 1-3-2(0.0787) / 1-5-3(0.0695) / 1-3-5(0.0694) / 1-2-4(0.0546) / 1-4-2(0.0475) / 1-5-4(0.0462) / 1-3-4(0.0458)
2025-06-12,12,1-2-3,1-6-3,0.1488137971643263,False,1-6-3(0.1488) / 1-3-6(0.1440) / 1-6-2(0.0978) / 1-3-2(0.0881) / 1-2-6(0.0823) / 1-2-3(0.0766) / 1-6-4(0.0415) / 1-6-5(0.0397) / 1-3-4(0.0373) / 1-3-5(0.0357)
2025-06-13,1,1-4-2,1-6-5,0.15773996028233514,False,1-6-5(0.1577) / 1-5-6(0.1507) / 1-6-4(0.1259) / 1-4-6(0.1103) / 1-5-4(0.1093) / 1-4-5(0.1003) / 1-6-2(0.0323) / 1-5-2(0.0281) / 1-6-3(0.0228) / 1-2-6(0.0228)
2025-06-13,2,1-6-3,1-6-3,0.2467660100348645,True,1-6-3(0.2468) / 1-6-5(0.2306) / 1-6-2(0.1656) / 1-3-6(0.0841) / 1-5-6(0.0780) / 1-2-6(0.0543) / 1-6-4(0.0528) / 1-4-6(0.0164) / 1-3-5(0.0122) / 1-5-3(0.0121)
2025-06-13,4,1-2-3,1-2-5,0.2354875593730908,False,1-2-5(0.2355) / 1-2-4(0.2297) / 1-2-3(0.1911) / 1-5-2(0.0921) / 1-4-2(0.0895) / 1-3-2(0.0728) / 1-5-4(0.0168) / 1-4-5(0.0168) / 1-5-3(0.0140) / 1-3-5(0.0136)
2025-06-13,6,1-2-4,1-4-3,0.3285260058851326,False,1-4-3(0.3285) / 1-3-4(0.3133) / 1-4-2(0.0704) / 1-3-2(0.0630) / 1-2-4(0.0431) / 1-4-5(0.0425) / 1-2-3(0.0405) / 1-3-5(0.0381) / 1-5-4(0.0251) / 1-5-3(0.0235)
2025-06-13,8,1-3-4,1-2-5,0.1392919240039456,False,1-2-5(0.1393) / 1-5-2(0.1209) / 1-2-3(0.1207) / 1-3-2(0.1003) / 1-5-3(0.0757) / 1-3-5(0.0724) / 1-2-4(0.0550) / 1-4-2(0.0395) / 1-2-6(0.0383) / 1-5-4(0.0344)
2025-06-13,9,1-2-3,1-2-6,0.19918627300885672,False,1-2-6(0.1992) / 1-2-3(0.1225) / 1-2-4(0.1159) / 1-6-2(0.1090) / 1-2-5(0.1067) / 1-3-2(0.0622) / 1-4-2(0.0585) / 1-5-2(0.0534) / 1-6-3(0.0205) / 1-6-4(0.0194)
2025-06-13,11,1-3-4,1-4-2,0.16663322714500384,False,1-4-2(0.1666) / 1-4-3(0.1562) / 1-4-6(0.1045) / 1-4-5(0.0946) / 1-2-4(0.0940) / 1-3-4(0.0872) / 1-6-4(0.0552) / 1-5-4(0.0495) / 1-2-3(0.0258) / 1-3-2(0.0255)
2025-06-13,12,1-4-5,1-4-3,0.09058718636649277,False,1-4-3(0.0906) / 1-4-2(0.0850) / 1-3-4(0.0849) / 1-2-4(0.0782) / 1-4-6(0.0670) / 1-3-2(0.0660) / 1-2-3(0.0647) / 1-6-4(0.0582) / 1-3-6(0.0520) / 1-6-3(0.0482)
2025-06-14,4,1-5-4,1-5-2,0.14444386047168248,False,1-5-2(0.1444) / 1-5-3(0.1350) / 1-5-6(0.1288) / 1-2-5(0.0884) / 1-3-5(0.0817) / 1-6-5(0.0774) / 1-5-4(0.0743) / 1-4-5(0.0418) / 1-2-3(0.0265) / 1-3-2(0.0262)
2025-06-14,5,1-4-6,1-6-3,0.29197059336725245,False,1-6-3(0.2920) / 1-3-6(0.2439) / 1-6-4(0.1205) / 1-3-4(0.0770) / 1-4-6(0.0766) / 1-4-3(0.0586) / 1-6-2(0.0412) / 1-3-2(0.0263) / 1-2-6(0.0236) / 1-2-3(0.0180)
2025-06-14,6,1-3-4,1-4-6,0.16941659741668766,False,1-4-6(0.1694) / 1-6-4(0.1476) / 1-4-3(0.1361) / 1-3-4(0.1101) / 1-6-3(0.0893) / 1-3-6(0.0829) / 1-4-2(0.0367) / 1-4-5(0.0327) / 1-2-4(0.0245) / 1-6-2(0.0241)
2025-06-14,7,1-2-6,1-6-5,0.20363116945821852,False,1-6-5(0.2036) / 1-5-6(0.1950) / 1-6-2(0.0970) / 1-5-2(0.0858) / 1-2-6(0.0728) / 1-2-5(0.0674) / 1-6-4(0.0522) / 1-5-4(0.0462) / 1-4-6(0.0359) / 1-4-5(0.0332)
2025-06-14,8,1-3-4,1-4-2,0.24407603959935187,False,1-4-2(0.2441) / 1-2-4(0.1927) / 1-4-3(0.1511) / 1-3-4(0.1025) / 1-2-3(0.0801) / 1-3-2(0.0688) / 1-4-5(0.0525) / 1-5-4(0.0310) / 1-2-5(0.0278) / 1-5-2(0.0208)
2025-06-14,10,1-3-2,1-6-2,0.1216241112876047,False,1-6-2(0.1216) / 1-6-3(0.1061) / 1-6-5(0.0950) / 1-2-6(0.0915) / 1-3-6(0.0774) / 1-5-6(0.0680) / 1-6-4(0.0680) / 1-4-6(0.0463) / 1-2-3(0.0387) / 1-3-2(0.0376)
2025-06-14,11,1-2-3,1-4-2,0.18597010130292901,False,1-4-2(0.1860) / 1-2-4(0.1819) / 1-4-5(0.0756) / 1-2-5(0.0710) / 1-4-3(0.0709) / 1-2-3(0.0666) / 1-5-4(0.0567) / 1-5-2(0.0544) / 1-3-4(0.0526) / 1-3-2(0.0505)
2025-06-15,1,1-4-2,1-4-6,0.15395426964267844,False,1-4-6(0.1540) / 1-4-5(0.1186) / 1-6-4(0.1112) / 1-4-2(0.0836) / 1-5-4(0.0809) / 1-4-3(0.0706) / 1-2-4(0.0540) / 1-3-4(0.0447) / 1-6-5(0.0415) / 1-5-6(0.0392)
2025-06-15,4,1-2-3,1-3-2,0.2496513767930778,False,1-3-2(0.2497) / 1-2-3(0.1743) / 1-3-5(0.1191) / 1-3-6(0.0981) / 1-5-3(0.0700) / 1-6-3(0.0562) / 1-2-5(0.0451) / 1-5-2(0.0380) / 1-2-6(0.0372) / 1-6-2(0.0305)
2025-06-15,5,1-5-2,1-5-6,0.45068592688505343,False,1-5-6(0.4507) / 1-5-2(0.2322) / 1-6-5(0.1109) / 1-5-4(0.0554) / 1-2-5(0.0535) / 1-5-3(0.0461) / 1-4-5(0.0121) / 1-3-5(0.0101) / 1-6-2(0.0090) / 1-2-6(0.0084)
2025-06-15,6,1-2-6,1-4-6,0.15791754702042687,False,1-4-6(0.1579) / 1-6-4(0.1174) / 1-4-2(0.0979) / 1-4-5(0.0922) / 1-4-3(0.0713) / 1-2-4(0.0658) / 1-5-4(0.0614) / 1-3-4(0.0459) / 1-6-2(0.0379) / 1-6-5(0.0357)
2025-06-15,7,1-5-2,1-3-5,0.19323256424239568,False,1-3-5(0.1932) / 1-3-6(0.1741) / 1-5-3(0.1149) / 1-6-3(0.1013) / 1-3-2(0.1001) / 1-2-3(0.0537) / 1-3-4(0.0466) / 1-5-6(0.0368) / 1-6-5(0.0360) / 1-4-3(0.0237)
2025-06-15,8,1-3-2,1-2-4,0.2201685932957207,False,1-2-4(0.2202) / 1-4-2(0.1776) / 1-2-3(0.1617) / 1-3-2(0.1175) / 1-4-3(0.0889) / 1-3-4(0.0801) / 1-2-5(0.0466) / 1-5-2(0.0284) / 1-4-5(0.0256) / 1-5-4(0.0193)
2025-06-15,10,1-2-6,1-3-2,0.20633096326707,False,1-3-2(0.2063) / 1-2-3(0.1860) / 1-3-6(0.0651) / 1-3-5(0.0615) / 1-3-4(0.0569) / 1-2-6(0.0486) / 1-2-5(0.0459) / 1-6-3(0.0443) / 1-2-4(0.0425) / 1-5-3(0.0415)
2025-06-18,1,1-3-4,1-2-3,0.13745405216619225,False,1-2-3(0.1375) / 1-3-2(0.1202) / 1-2-4(0.0934) / 1-4-2(0.0735) / 1-2-6(0.0703) / 1-3-4(0.0598) / 1-4-3(0.0538) / 1-6-2(0.0527) / 1-2-5(0.0483) / 1-3-6(0.0450)
2025-06-18,3,1-5-2,1-6-5,0.22433481805613187,False,1-6-5(0.2243) / 1-5-6(0.1496) / 1-6-3(0.1252) / 1-6-2(0.0910) / 1-3-6(0.0736) / 1-2-6(0.0513) / 1-6-4(0.0487) / 1-5-3(0.0400) / 1-3-5(0.0352) / 1-5-2(0.0290)
2025-06-18,6,1-4-5,1-3-5,0.2672005969220307,False,1-3-5(0.2672) / 1-3-4(0.1928) / 1-5-3(0.1204) / 1-3-6(0.1035) / 1-4-3(0.0824) / 1-3-2(0.0591) / 1-6-3(0.0417) / 1-2-3(0.0231) / 1-5-4(0.0226) / 1-4-5(0.0214)
2025-06-18,8,1-2-5,1-5-4,0.19229180358908665,False,1-5-4(0.1923) / 1-4-5(0.1425) / 1-5-3(0.1278) / 1-5-2(0.1151) / 1-3-5(0.0854) / 1-2-5(0.0755) / 1-4-3(0.0526) / 1-3-4(0.0475) / 1-4-2(0.0474) / 1-2-4(0.0419)
2025-06-18,10,1-2-4,1-2-5,0.2710428072417862,False,1-2-5(0.2710) / 1-5-2(0.1438) / 1-2-3(0.1409) / 1-2-4(0.0983) / 1-3-2(0.0667) / 1-2-6(0.0653) / 1-4-2(0.0450) / 1-6-2(0.0291) / 1-5-3(0.0259) / 1-3-5(0.0232)
2025-06-18,11,1-2-3,1-2-3,0.3230342290458173,True,1-2-3(0.3230) / 1-3-2(0.1514) / 1-2-5(0.1225) / 1-2-6(0.1211) / 1-2-4(0.0564) / 1-5-2(0.0499) / 1-6-2(0.0493) / 1-4-2(0.0220) / 1-3-5(0.0180) / 1-3-6(0.0178)
2025-06-19,6,1-3-4,1-4-3,0.4792795720532965,False,1-4-3(0.4793) / 1-4-5(0.1292) / 1-3-4(0.1212) / 1-4-2(0.1152) / 1-4-6(0.0574) / 1-5-4(0.0293) / 1-2-4(0.0261) / 1-6-4(0.0128) / 1-3-5(0.0056) / 1-5-3(0.0050)
2025-06-19,8,1-2-5,1-2-4,0.22841682213484732,False,1-2-4(0.2284) / 1-4-2(0.2045) / 1-2-5(0.0869) / 1-2-3(0.0794) / 1-4-5(0.0644) / 1-5-2(0.0593) / 1-4-3(0.0589) / 1-3-2(0.0535) / 1-5-4(0.0491) / 1-3-4(0.0443)
2025-06-19,9,1-3-2,1-3-5,0.18292375686412182,False,1-3-5(0.1829) / 1-3-2(0.1311) / 1-3-4(0.1185) / 1-5-3(0.1042) / 1-3-6(0.0923) / 1-2-3(0.0707) / 1-4-3(0.0631) / 1-6-3(0.0479) / 1-5-2(0.0236) / 1-2-5(0.0223)
2025-06-19,10,1-2-3,1-2-5,0.26331395529954915,False,1-2-5(0.2633) / 1-5-2(0.1482) / 1-2-3(0.1236) / 1-2-4(0.0970) / 1-2-6(0.0717) / 1-3-2(0.0609) / 1-4-2(0.0467) / 1-6-2(0.0338) / 1-5-3(0.0264) / 1-3-5(0.0231)
2025-06-19,11,1-2-5,1-2-5,0.29425550247712484,True,1-2-5(0.2943) / 1-2-6(0.2239) / 1-5-2(0.1463) / 1-6-2(0.1052) / 1-2-3(0.0540) / 1-5-6(0.0364) / 1-6-5(0.0344) / 1-2-4(0.0279) / 1-3-2(0.0224) / 1-4-2(0.0114)
2025-06-20,1,1-6-5,1-6-5,0.3588916465513973,True,1-6-5(0.3589) / 1-6-2(0.1588) / 1-5-6(0.1194) / 1-6-3(0.1178) / 1-6-4(0.0794) / 1-2-6(0.0483) / 1-3-6(0.0353) / 1-4-6(0.0234) / 1-5-2(0.0106) / 1-2-5(0.0097)
2025-06-20,2,1-5-2,1-6-5,0.34205713841382596,False,1-6-5(0.3421) / 1-5-6(0.2276) / 1-6-4(0.0886) / 1-6-2(0.0757) / 1-4-6(0.0448) / 1-2-6(0.0378) / 1-5-4(0.0331) / 1-5-2(0.0282) / 1-6-3(0.0271) / 1-4-5(0.0251)
2025-06-20,6,1-6-5,1-5-6,0.17248258928011365,False,1-5-6(0.1725) / 1-6-5(0.1565) / 1-5-4(0.0803) / 1-5-2(0.0712) / 1-6-4(0.0599) / 1-4-5(0.0593) / 1-6-2(0.0531) / 1-2-5(0.0516) / 1-4-6(0.0487) / 1-2-6(0.0424)
2025-06-20,7,1-6-4,1-6-4,0.28749087016972313,True,1-6-4(0.2875) / 1-6-3(0.1847) / 1-4-6(0.1132) / 1-6-2(0.1007) / 1-6-5(0.0907) / 1-3-6(0.0686) / 1-2-6(0.0357) / 1-5-6(0.0320) / 1-4-3(0.0160) / 1-3-4(0.0151)
2025-06-20,8,1-2-3,1-2-3,0.3417815356669033,True,1-2-3(0.3418) / 1-2-5(0.2143) / 1-2-4(0.1993) / 1-3-2(0.0895) / 1-5-2(0.0538) / 1-4-2(0.0497) / 1-2-6(0.0103) / 1-3-5(0.0077) / 1-5-3(0.0073) / 1-3-4(0.0071)
2025-06-20,9,1-3-2,1-3-2,0.3564917675361894,True,1-3-2(0.3565) / 1-2-3(0.2329) / 1-3-4(0.1408) / 1-4-3(0.0730) / 1-2-4(0.0509) / 1-4-2(0.0404) / 1-3-5(0.0328) / 1-5-3(0.0154) / 1-3-6(0.0127) / 1-2-5(0.0118)
2025-06-20,12,1-2-6,1-2-4,0.10557099736605793,False,1-2-4(0.1056) / 1-4-2(0.0962) / 1-2-5(0.0832) / 1-2-3(0.0802) / 1-5-2(0.0711) / 1-3-2(0.0679) / 1-4-5(0.0590) / 1-4-3(0.0569) / 1-5-4(0.0554) / 1-3-4(0.0529)
2025-06-21,1,1-2-4,1-3-6,0.15066112788362193,False,1-3-6(0.1507) / 1-3-5(0.1173) / 1-3-2(0.1143) / 1-3-4(0.1138) / 1-6-3(0.0897) / 1-5-3(0.0671) / 1-2-3(0.0652) / 1-4-3(0.0648) / 1-6-5(0.0215) / 1-6-2(0.0210)
2025-06-21,3,1-3-4,1-2-6,0.2012154757821506,False,1-2-6(0.2012) / 1-2-3(0.1620) / 1-6-2(0.1593) / 1-3-2(0.1195) / 1-6-3(0.0825) / 1-3-6(0.0769) / 1-2-5(0.0310) / 1-2-4(0.0301) / 1-5-2(0.0186) / 1-4-2(0.0181)
2025-06-21,4,1-2-4,1-5-4,0.1507146141257425,False,1-5-4(0.1507) / 1-5-2(0.1325) / 1-5-6(0.1234) / 1-4-5(0.0960) / 1-2-5(0.0824) / 1-6-5(0.0758) / 1-5-3(0.0643) / 1-3-5(0.0367) / 1-4-2(0.0303) / 1-2-4(0.0296)
2025-06-21,5,1-3-6,1-3-4,0.15831878576359446,False,1-3-4(0.1583) / 1-4-3(0.1432) / 1-3-5(0.1203) / 1-5-3(0.0992) / 1-4-5(0.0879) / 1-5-4(0.0802) / 1-3-2(0.0519) / 1-4-2(0.0379) / 1-2-3(0.0370) / 1-2-4(0.0299)
2025-06-21,8,1-2-6,1-3-4,0.17440858246167698,False,1-3-4(0.1744) / 1-4-3(0.1622) / 1-3-2(0.0871) / 1-3-5(0.0838) / 1-4-2(0.0700) / 1-4-5(0.0674) / 1-2-3(0.0660) / 1-5-3(0.0631) / 1-2-4(0.0571) / 1-5-4(0.0546)
2025-06-21,10,1-2-3,1-3-2,0.1740133823777285,False,1-3-2(0.1740) / 1-2-3(0.1497) / 1-3-5(0.1292) / 1-5-3(0.1009) / 1-2-5(0.0820) / 1-5-2(0.0745) / 1-3-4(0.0534) / 1-4-3(0.0361) / 1-2-4(0.0339) / 1-4-2(0.0266)
2025-06-24,5,1-6-2,1-6-3,0.2527723520753358,False,1-6-3(0.2528) / 1-3-6(0.2243) / 1-6-5(0.0809) / 1-3-5(0.0592) / 1-5-6(0.0527) / 1-6-4(0.0509) / 1-5-3(0.0435) / 1-3-4(0.0372) / 1-6-2(0.0366) / 1-4-6(0.0317)
2025-06-24,7,1-2-5,1-5-2,0.401574193648258,False,1-5-2(0.4016) / 1-2-5(0.1752) / 1-5-3(0.1115) / 1-5-6(0.0801) / 1-5-4(0.0626) / 1-3-5(0.0408) / 1-6-5(0.0288) / 1-4-5(0.0223) / 1-2-3(0.0156) / 1-3-2(0.0131)
2025-06-24,9,1-6-4,1-5-6,0.07833573899002111,False,1-5-6(0.0783) / 1-6-5(0.0754) / 1-5-2(0.0684) / 1-2-5(0.0634) / 1-6-2(0.0583) / 1-2-6(0.0562) / 1-5-3(0.0557) / 1-5-4(0.0541) / 1-3-5(0.0494) / 1-4-5(0.0477)
2025-06-24,10,1-4-2,1-2-4,0.09999736139188854,False,1-2-4(0.1000) / 1-4-2(0.0929) / 1-2-6(0.0801) / 1-6-2(0.0700) / 1-2-3(0.0659) / 1-4-6(0.0607) / 1-6-4(0.0571) / 1-3-2(0.0553) / 1-4-3(0.0500) / 1-2-5(0.0481)
2025-06-24,11,1-2-5,1-2-3,0.09279890836146547,False,1-2-3(0.0928) / 1-2-4(0.0850) / 1-3-2(0.0810) / 1-2-5(0.0737) / 1-4-2(0.0726) / 1-5-2(0.0610) / 1-2-6(0.0571) / 1-3-4(0.0500) / 1-4-3(0.0490) / 1-6-2(0.0452)
2025-06-24,12,1-2-6,1-5-2,0.12047978536040245,False,1-5-2(0.1205) / 1-5-6(0.1039) / 1-5-3(0.1007) / 1-5-4(0.0920) / 1-2-5(0.0844) / 1-6-5(0.0709) / 1-3-5(0.0683) / 1-4-5(0.0615) / 1-2-6(0.0294) / 1-6-2(0.0286)
2025-06-25,3,1-2-5,1-5-3,0.08965034206053915,False,1-5-3(0.0897) / 1-3-5(0.0888) / 1-5-6(0.0815) / 1-3-6(0.0784) / 1-6-5(0.0783) / 1-6-3(0.0761) / 1-5-2(0.0704) / 1-3-2(0.0678) / 1-2-5(0.0650) / 1-2-3(0.0631)
2025-06-25,5,1-5-3,1-5-3,0.17066812986479768,True,1-5-3(0.1707) / 1-3-5(0.1362) / 1-5-2(0.0911) / 1-5-4(0.0846) / 1-2-5(0.0628) / 1-4-5(0.0576) / 1-5-6(0.0571) / 1-3-2(0.0455) / 1-3-4(0.0422) / 1-2-3(0.0393)
2025-06-25,8,1-2-3,1-4-2,0.13945186545242505,False,1-4-2(0.1395) / 1-2-4(0.1148) / 1-4-6(0.0861) / 1-4-5(0.0760) / 1-4-3(0.0696) / 1-6-4(0.0634) / 1-5-4(0.0548) / 1-3-4(0.0496) / 1-2-6(0.0451) / 1-6-2(0.0404)
2025-06-25,12,1-5-2,1-2-5,0.2613616492588246,False,1-2-5(0.2614) / 1-2-6(0.2128) / 1-5-2(0.1285) / 1-6-2(0.1006) / 1-2-3(0.0621) / 1-2-4(0.0592) / 1-5-6(0.0312) / 1-6-5(0.0300) / 1-3-2(0.0262) / 1-4-2(0.0250)
2025-06-26,2,1-2-5,1-5-3,0.14323815210815938,False,1-5-3(0.1432) / 1-3-5(0.1301) / 1-5-4(0.0781) / 1-5-2(0.0635) / 1-4-5(0.0605) / 1-5-6(0.0573) / 1-3-4(0.0571) / 1-4-3(0.0487) / 1-2-5(0.0476) / 1-3-2(0.0464)
2025-06-26,4,1-5-3,1-3-4,0.12980295910268025,False,1-3-4(0.1298) / 1-4-3(0.1140) / 1-3-6(0.0914) / 1-3-2(0.0778) / 1-6-3(0.0730) / 1-2-3(0.0603) / 1-4-6(0.0588) / 1-6-4(0.0535) / 1-4-2(0.0501) / 1-2-4(0.0442)
2025-06-26,5,1-2-3,1-2-6,0.22073261603342803,False,1-2-6(0.2207) / 1-6-2(0.1386) / 1-2-3(0.1220) / 1-2-5(0.1059) / 1-3-2(0.0682) / 1-2-4(0.0582) / 1-5-2(0.0582) / 1-6-3(0.0325) / 1-4-2(0.0304) / 1-3-6(0.0289)
2025-06-26,8,1-6-4,1-6-2,0.12699252763632524,False,1-6-2(0.1270) / 1-2-6(0.1194) / 1-6-4(0.1022) / 1-4-6(0.0895) / 1-2-4(0.0829) / 1-4-2(0.0772) / 1-6-3(0.0519) / 1-2-3(0.0421) / 1-3-6(0.0399) / 1-6-5(0.0360)
2025-06-26,9,1-4-2,1-6-3,0.2360929831433604,False,1-6-3(0.2361) / 1-6-4(0.2055) / 1-3-6(0.1198) / 1-4-6(0.1016) / 1-6-2(0.0858) / 1-6-5(0.0520) / 1-2-6(0.0385) / 1-3-4(0.0309) / 1-4-3(0.0300) / 1-5-6(0.0227)
2025-06-26,10,1-3-5,1-3-2,0.2114387104983342,False,1-3-2(0.2114) / 1-2-3(0.1443) / 1-3-6(0.1075) / 1-3-5(0.1051) / 1-6-3(0.0639) / 1-5-3(0.0622) / 1-3-4(0.0522) / 1-2-6(0.0358) / 1-2-5(0.0350) / 1-6-2(0.0312)
2025-06-27,1,1-5-2,1-4-2,0.1269682610869154,False,1-4-2(0.1270) / 1-2-4(0.1197) / 1-4-5(0.0871) / 1-5-4(0.0734) / 1-4-3(0.0715) / 1-2-5(0.0714) / 1-5-2(0.0638) / 1-2-3(0.0586) / 1-3-4(0.0578) / 1-3-2(0.0503)
2025-06-27,3,1-3-2,1-2-5,0.20917854272551034,False,1-2-5(0.2092) / 1-2-3(0.1333) / 1-5-2(0.1294) / 1-2-6(0.1096) / 1-3-2(0.0755) / 1-6-2(0.0604) / 1-2-4(0.0551) / 1-5-3(0.0330) / 1-3-5(0.0302) / 1-4-2(0.0287)
2025-06-27,6,1-6-4,1-4-3,0.21482588142302156,False,1-4-3(0.2148) / 1-3-4(0.1651) / 1-4-5(0.0985) / 1-4-2(0.0712) / 1-5-4(0.0629) / 1-4-6(0.0563) / 1-3-5(0.0468) / 1-2-4(0.0438) / 1-5-3(0.0389) / 1-6-4(0.0339)
2025-06-27,7,1-6-4,1-6-5,0.13627560485371515,False,1-6-5(0.1363) / 1-5-6(0.1069) / 1-6-3(0.0889) / 1-6-2(0.0807) / 1-6-4(0.0800) / 1-3-6(0.0636) / 1-2-6(0.0568) / 1-4-6(0.0563) / 1-5-3(0.0392) / 1-3-5(0.0357)
2025-06-27,8,1-3-4,1-6-2,0.14122119971391087,False,1-6-2(0.1412) / 1-2-6(0.1327) / 1-6-4(0.1090) / 1-4-6(0.0938) / 1-2-4(0.0891) / 1-4-2(0.0816) / 1-6-5(0.0452) / 1-2-5(0.0370) / 1-6-3(0.0344) / 1-5-6(0.0334)
2025-06-27,10,1-3-4,1-2-5,0.20312377146329272,False,1-2-5(0.2031) / 1-5-2(0.1555) / 1-2-3(0.1416) / 1-3-2(0.0978) / 1-5-3(0.0654) / 1-2-6(0.0593) / 1-3-5(0.0590) / 1-6-2(0.0362) / 1-2-4(0.0319) / 1-5-6(0.0274)
2025-06-27,12,1-2-3,1-5-3,0.08377394306525943,False,1-5-3(0.0838) / 1-3-5(0.0818) / 1-5-4(0.0727) / 1-4-5(0.0682) / 1-3-4(0.0661) / 1-4-3(0.0634) / 1-5-6(0.0574) / 1-3-6(0.0522) / 1-6-5(0.0510) / 1-6-3(0.0475)
2025-06-28,4,1-4-6,1-4-5,0.14331523752478906,False,1-4-5(0.1433) / 1-5-4(0.1427) / 1-4-2(0.0855) / 1-5-2(0.0844) / 1-2-4(0.0720) / 1-2-5(0.0713) / 1-4-6(0.0525) / 1-5-6(0.0518) / 1-6-4(0.0406) / 1-6-5(0.0402)
2025-06-28,5,1-5-2,1-5-6,0.19940863681485807,False,1-5-6(0.1994) / 1-5-4(0.1807) / 1-5-2(0.1074) / 1-6-5(0.1056) / 1-4-5(0.0940) / 1-5-3(0.0675) / 1-2-5(0.0523) / 1-3-5(0.0318) / 1-6-4(0.0276) / 1-4-6(0.0271)
2025-06-28,6,1-4-3,1-3-6,0.19816142092128589,False,1-3-6(0.1982) / 1-6-3(0.1682) / 1-3-2(0.1127) / 1-2-3(0.0810) / 1-3-4(0.0731) / 1-6-2(0.0703) / 1-2-6(0.0595) / 1-4-3(0.0491) / 1-6-4(0.0456) / 1-4-6(0.0360)
2025-06-28,7,1-2-4,1-6-4,0.14627634545102752,False,1-6-4(0.1463) / 1-6-2(0.1374) / 1-6-5(0.1219) / 1-4-6(0.1010) / 1-2-6(0.0936) / 1-5-6(0.0811) / 1-4-2(0.0405) / 1-2-4(0.0400) / 1-4-5(0.0359) / 1-5-4(0.0346)
2025-06-28,8,1-5-4,1-4-5,0.10521631777478527,False,1-4-5(0.1052) / 1-5-4(0.1012) / 1-4-3(0.0980) / 1-3-4(0.0920) / 1-5-3(0.0849) / 1-4-2(0.0845) / 1-3-5(0.0829) / 1-2-4(0.0759) / 1-5-2(0.0732) / 1-2-5(0.0684)
2025-06-28,9,1-3-4,1-2-5,0.19324823330277072,False,1-2-5(0.1932) / 1-2-6(0.1865) / 1-2-3(0.1610) / 1-2-4(0.1184) / 1-5-2(0.0732) / 1-6-2(0.0703) / 1-3-2(0.0599) / 1-4-2(0.0430) / 1-5-6(0.0107) / 1-6-5(0.0107)
2025-06-28,10,1-5-6,1-3-2,0.12161015464895758,False,1-3-2(0.1216) / 1-3-4(0.1140) / 1-2-3(0.1052) / 1-4-3(0.0967) / 1-3-5(0.0950) / 1-5-3(0.0770) / 1-2-4(0.0687) / 1-4-2(0.0674) / 1-2-5(0.0573) / 1-5-2(0.0537)
2025-06-28,11,1-3-4,1-4-2,0.20286755526586167,False,1-4-2(0.2029) / 1-2-4(0.1639) / 1-4-5(0.1224) / 1-5-4(0.0856) / 1-2-5(0.0664) / 1-4-3(0.0616) / 1-5-2(0.0574) / 1-3-4(0.0391) / 1-2-3(0.0334) / 1-4-6(0.0323)
2025-06-28,12,1-3-6,1-6-2,0.10712239609326465,False,1-6-2(0.1071) / 1-2-6(0.0983) / 1-6-4(0.0782) / 1-6-3(0.0749) / 1-4-6(0.0660) / 1-3-6(0.0627) / 1-2-4(0.0570) / 1-2-3(0.0547) / 1-4-2(0.0525) / 1-3-2(0.0498)
2025-06-29,1,1-3-5,1-3-5,0.18115767485279557,True,1-3-5(0.1812) / 1-5-3(0.1631) / 1-3-2(0.1144) / 1-2-3(0.0887) / 1-5-2(0.0839) / 1-3-4(0.0762) / 1-2-5(0.0723) / 1-5-4(0.0559) / 1-4-3(0.0547) / 1-4-5(0.0446)
2025-06-29,2,1-4-3,1-2-3,0.16960546515981725,False,1-2-3(0.1696) / 1-3-2(0.1241) / 1-2-4(0.1235) / 1-2-5(0.1082) / 1-4-2(0.0838) / 1-5-2(0.0717) / 1-3-4(0.0467) / 1-4-3(0.0434) / 1-3-5(0.0409) / 1-5-3(0.0371)
2025-06-29,6,1-6-5,1-4-3,0.08606676705379043,False,1-4-3(0.0861) / 1-3-4(0.0853) / 1-4-5(0.0776) / 1-3-5(0.0748) / 1-5-4(0.0744) / 1-5-3(0.0724) / 1-4-6(0.0540) / 1-3-6(0.0520) / 1-6-4(0.0476) / 1-6-3(0.0463)
2025-06-29,7,1-2-6,1-3-6,0.1737337019985968,False,1-3-6(0.1737) / 1-6-3(0.1736) / 1-3-5(0.0887) / 1-6-5(0.0885) / 1-5-3(0.0709) / 1-5-6(0.0708) / 1-3-4(0.0543) / 1-6-4(0.0541) / 1-4-3(0.0401) / 1-4-6(0.0400)
2025-06-29,9,1-3-5,1-2-6,0.12899059960851175,False,1-2-6(0.1290) / 1-6-2(0.1054) / 1-2-4(0.0962) / 1-4-2(0.0733) / 1-2-3(0.0725) / 1-2-5(0.0679) / 1-3-2(0.0526) / 1-5-2(0.0488) / 1-6-4(0.0481) / 1-4-6(0.0448)
2025-06-29,10,1-5-3,1-4-3,0.25304815188901186,False,1-4-3(0.2530) / 1-4-5(0.2104) / 1-3-4(0.1543) / 1-5-4(0.1223) / 1-3-5(0.0550) / 1-5-3(0.0524) / 1-4-6(0.0370) / 1-4-2(0.0276) / 1-6-4(0.0180) / 1-2-4(0.0134)
2025-06-29,12,1-4-6,1-3-6,0.0999162448572416,False,1-3-6(0.0999) / 1-6-3(0.0915) / 1-3-2(0.0791) / 1-2-3(0.0681) / 1-3-5(0.0666) / 1-6-2(0.0568) / 1-5-3(0.0553) / 1-2-6(0.0534) / 1-3-4(0.0532) / 1-6-5(0.0478)
2025-07-12,1,1-5-6,1-6-3,0.12700104533030093,False,1-6-3(0.1270) / 1-3-6(0.1201) / 1-6-2(0.0931) / 1-2-6(0.0799) / 1-3-2(0.0771) / 1-2-3(0.0700) / 1-6-5(0.0496) / 1-6-4(0.0454) / 1-3-5(0.0411) / 1-5-6(0.0381)
2025-07-12,2,1-5-3,1-5-6,0.2752233443635203,False,1-5-6(0.2752) / 1-6-5(0.2016) / 1-5-2(0.0981) / 1-5-3(0.0930) / 1-2-5(0.0566) / 1-3-5(0.0534) / 1-6-2(0.0437) / 1-6-3(0.0415) / 1-2-6(0.0345) / 1-3-6(0.0325)
2025-07-12,5,1-4-3,1-6-4,0.2998846411191264,False,1-6-4(0.2999) / 1-6-3(0.1426) / 1-6-2(0.1382) / 1-6-5(0.1093) / 1-4-6(0.1075) / 1-3-6(0.0472) / 1-2-6(0.0457) / 1-5-6(0.0356) / 1-4-3(0.0100) / 1-4-2(0.0097)
2025-07-12,8,1-3-4,1-4-3,0.2260524808222041,False,1-4-3(0.2261) / 1-4-2(0.1805) / 1-3-4(0.1654) / 1-2-4(0.1232) / 1-3-2(0.0756) / 1-2-3(0.0705) / 1-4-5(0.0337) / 1-4-6(0.0211) / 1-5-4(0.0189) / 1-3-5(0.0141)
2025-07-12,9,1-5-2,1-4-5,0.3043394774281327,False,1-4-5(0.3043) / 1-4-6(0.1689) / 1-5-4(0.1474) / 1-4-3(0.0768) / 1-6-4(0.0739) / 1-4-2(0.0598) / 1-3-4(0.0315) / 1-5-6(0.0261) / 1-2-4(0.0243) / 1-6-5(0.0236)
2025-07-12,10,1-4-2,1-2-4,0.10680001084108079,False,1-2-4(0.1068) / 1-4-2(0.0966) / 1-2-3(0.0933) / 1-3-2(0.0812) / 1-4-3(0.0646) / 1-2-5(0.0635) / 1-3-4(0.0621) / 1-5-2(0.0510) / 1-2-6(0.0467) / 1-4-5(0.0440)
2025-07-12,12,1-2-3,1-3-2,0.13998360348180175,False,1-3-2(0.1400) / 1-2-3(0.1270) / 1-3-4(0.0783) / 1-3-5(0.0763) / 1-4-3(0.0610) / 1-5-3(0.0591) / 1-2-4(0.0570) / 1-2-5(0.0555) / 1-4-2(0.0489) / 1-5-2(0.0474)
2025-07-13,6,1-2-4,1-3-2,0.2707498724549659,False,1-3-2(0.2707) / 1-2-3(0.1678) / 1-3-4(0.1585) / 1-3-6(0.0891) / 1-4-3(0.0868) / 1-6-3(0.0455) / 1-2-4(0.0446) / 1-4-2(0.0394) / 1-2-6(0.0251) / 1-6-2(0.0207)
2025-07-13,7,1-2-3,1-6-2,0.10890237245447892,False,1-6-2(0.1089) / 1-2-6(0.1085) / 1-6-3(0.0830) / 1-2-3(0.0818) / 1-3-6(0.0757) / 1-3-2(0.0749) / 1-6-4(0.0664) / 1-2-4(0.0654) / 1-4-6(0.0575) / 1-4-2(0.0569)
2025-07-13,8,1-2-6,1-2-6,0.28390566955252583,True,1-2-6(0.2839) / 1-2-4(0.2310) / 1-6-2(0.1563) / 1-4-2(0.1209) / 1-6-4(0.0482) / 1-4-6(0.0459) / 1-2-5(0.0364) / 1-2-3(0.0170) / 1-5-2(0.0162) / 1-6-5(0.0076)
2025-07-13,9,1-2-4,1-4-2,0.13414298388886806,False,1-4-2(0.1341) / 1-2-4(0.1177) / 1-4-5(0.0988) / 1-5-4(0.0796) / 1-4-3(0.0689) / 1-2-5(0.0638) / 1-5-2(0.0585) / 1-3-4(0.0518) / 1-2-3(0.0444) / 1-4-6(0.0437)
2025-07-14,1,1-3-5,1-5-3,0.15400292362372392,False,1-5-3(0.1540) / 1-5-6(0.1436) / 1-5-4(0.1167) / 1-5-2(0.1045) / 1-3-5(0.0865) / 1-6-5(0.0797) / 1-4-5(0.0629) / 1-2-5(0.0557) / 1-3-6(0.0222) / 1-6-3(0.0220)
2025-07-14,2,1-3-6,1-4-3,0.23264975777345964,False,1-4-3(0.2326) / 1-3-4(0.1591) / 1-4-2(0.1134) / 1-4-6(0.0854) / 1-2-4(0.0664) / 1-4-5(0.0537) / 1-6-4(0.0483) / 1-3-2(0.0395) / 1-2-3(0.0338) / 1-3-6(0.0297)
2025-07-14,3,1-4-6,1-6-4,0.29943746740248584,False,1-6-4(0.2994) / 1-4-6(0.2892) / 1-6-5(0.0906) / 1-4-5(0.0833) / 1-5-6(0.0593) / 1-5-4(0.0565) / 1-6-3(0.0259) / 1-4-3(0.0238) / 1-3-6(0.0154) / 1-3-4(0.0147)
2025-07-14,4,1-5-3,1-5-3,0.2821632245424288,True,1-5-3(0.2822) / 1-5-6(0.2578) / 1-5-2(0.1022) / 1-3-5(0.0869) / 1-5-4(0.0827) / 1-6-5(0.0786) / 1-2-5(0.0293) / 1-4-5(0.0235) / 1-3-6(0.0117) / 1-6-3(0.0116)
2025-07-14,6,1-4-2,1-5-4,0.313255943817232,False,1-5-4(0.3133) / 1-5-2(0.1884) / 1-5-3(0.1343) / 1-4-5(0.1295) / 1-2-5(0.0722) / 1-3-5(0.0499) / 1-4-2(0.0197) / 1-5-6(0.0188) / 1-2-4(0.0182) / 1-4-3(0.0140)
2025-07-14,7,1-6-3,1-6-3,0.193337963085895,True,1-6-3(0.1933) / 1-3-6(0.1876) / 1-6-4(0.0703) / 1-3-4(0.0646) / 1-4-6(0.0513) / 1-6-5(0.0494) / 1-4-3(0.0485) / 1-6-2(0.0482) / 1-3-5(0.0454) / 1-3-2(0.0443)
2025-07-14,8,1-4-2,1-2-5,0.18485496452690264,False,1-2-5(0.1849) / 1-5-2(0.1569) / 1-2-4(0.1311) / 1-4-2(0.0998) / 1-5-4(0.0808) / 1-4-5(0.0724) / 1-2-3(0.0538) / 1-3-2(0.0356) / 1-5-3(0.0331) / 1-3-5(0.0258)
2025-07-14,9,1-3-4,1-2-3,0.12770335081473314,False,1-2-3(0.1277) / 1-3-2(0.1269) / 1-2-5(0.0761) / 1-3-5(0.0746) / 1-5-2(0.0646) / 1-5-3(0.0637) / 1-2-4(0.0565) / 1-3-4(0.0553) / 1-4-2(0.0454) / 1-4-3(0.0448)
2025-07-15,6,1-2-6,1-2-6,0.3150880448834987,True,1-2-6(0.3151) / 1-6-2(0.2892) / 1-2-5(0.0669) / 1-6-5(0.0545) / 1-5-2(0.0406) / 1-5-6(0.0360) / 1-2-3(0.0354) / 1-6-3(0.0288) / 1-2-4(0.0268) / 1-6-4(0.0218)
2025-07-15,7,1-2-3,1-3-2,0.18366409482784435,False,1-3-2(0.1837) / 1-2-3(0.1526) / 1-3-5(0.1349) / 1-5-3(0.1017) / 1-2-5(0.0777) / 1-5-2(0.0705) / 1-3-6(0.0651) / 1-6-3(0.0434) / 1-2-6(0.0375) / 1-6-2(0.0301)
2025-07-15,8,1-3-2,1-3-4,0.21420218962974996,False,1-3-4(0.2142) / 1-4-3(0.2064) / 1-3-2(0.1231) / 1-4-2(0.1112) / 1-2-3(0.0962) / 1-2-4(0.0902) / 1-3-6(0.0345) / 1-4-6(0.0312) / 1-6-3(0.0228) / 1-6-4(0.0214)
2025-07-15,9,1-2-5,1-2-3,0.09394577380471743,False,1-2-3(0.0939) / 1-3-2(0.0894) / 1-2-6(0.0860) / 1-6-2(0.0797) / 1-3-6(0.0712) / 1-6-3(0.0693) / 1-2-5(0.0508) / 1-2-4(0.0483) / 1-5-2(0.0422) / 1-3-5(0.0421)
2025-07-18,2,1-2-4,1-2-5,0.18802682083062755,False,1-2-5(0.1880) / 1-5-2(0.1353) / 1-2-6(0.1128) / 1-2-4(0.0929) / 1-6-2(0.0724) / 1-4-2(0.0580) / 1-2-3(0.0539) / 1-5-6(0.0421) / 1-6-5(0.0375) / 1-5-4(0.0346)
2025-07-18,7,1-3-2,1-5-3,0.3761852566919902,False,1-5-3(0.3762) / 1-3-5(0.1825) / 1-5-2(0.1673) / 1-2-5(0.0698) / 1-5-6(0.0480) / 1-5-4(0.0331) / 1-3-2(0.0294) / 1-2-3(0.0253) / 1-6-5(0.0186) / 1-4-5(0.0127)
2025-07-18,8,1-2-3,1-4-2,0.09095889356131061,False,1-4-2(0.0910) / 1-2-4(0.0889) / 1-4-5(0.0755) / 1-5-4(0.0698) / 1-2-5(0.0690) / 1-5-2(0.0653) / 1-4-3(0.0506) / 1-4-6(0.0499) / 1-2-3(0.0463) / 1-2-6(0.0456)
2025-07-18,9,1-3-2,1-4-6,0.12993344617266664,False,1-4-6(0.1299) / 1-6-4(0.1295) / 1-4-3(0.1015) / 1-6-3(0.1003) / 1-3-4(0.0924) / 1-3-6(0.0917) / 1-4-2(0.0415) / 1-6-2(0.0410) / 1-2-4(0.0320) / 1-2-6(0.0317)
2025-07-18,10,1-3-4,1-4-3,0.30330932938633065,False,1-4-3(0.3033) / 1-4-5(0.1602) / 1-3-4(0.1283) / 1-4-2(0.1213) / 1-4-6(0.0621) / 1-5-4(0.0620) / 1-2-4(0.0459) / 1-6-4(0.0227) / 1-3-5(0.0173) / 1-5-3(0.0159)
2025-07-18,11,1-3-2,1-2-3,0.18949980478713196,False,1-2-3(0.1895) / 1-3-2(0.1598) / 1-2-6(0.1259) / 1-6-2(0.0936) / 1-3-6(0.0764) / 1-6-3(0.0674) / 1-2-5(0.0503) / 1-5-2(0.0328) / 1-2-4(0.0324) / 1-3-5(0.0305)
2025-07-19,1,1-3-5,1-5-2,0.1341432996743214,False,1-5-2(0.1341) / 1-2-5(0.1121) / 1-5-4(0.0905) / 1-5-3(0.0803) / 1-4-5(0.0687) / 1-3-5(0.0596) / 1-5-6(0.0572) / 1-2-4(0.0493) / 1-4-2(0.0448) / 1-2-3(0.0438)
2025-07-19,6,1-3-5,1-4-5,0.33559038228757304,False,1-4-5(0.3356) / 1-5-4(0.2144) / 1-4-3(0.1403) / 1-3-4(0.0729) / 1-4-2(0.0649) / 1-5-3(0.0469) / 1-3-5(0.0381) / 1-2-4(0.0314) / 1-5-2(0.0217) / 1-2-5(0.0164)
2025-07-19,8,1-3-4,1-4-2,0.19724417261074892,False,1-4-2(0.1972) / 1-2-4(0.1287) / 1-4-5(0.1101) / 1-4-3(0.0970) / 1-4-6(0.0803) / 1-5-4(0.0643) / 1-3-4(0.0557) / 1-6-4(0.0452) / 1-2-5(0.0311) / 1-5-2(0.0278)
2025-07-19,11,1-4-2,1-2-5,0.29222419015187756,False,1-2-5(0.2922) / 1-2-3(0.1893) / 1-5-2(0.1446) / 1-3-2(0.0863) / 1-2-4(0.0761) / 1-2-6(0.0436) / 1-4-2(0.0320) / 1-5-3(0.0302) / 1-3-5(0.0278) / 1-6-2(0.0179)
2025-07-19,12,1-2-3,1-3-2,0.24037297495273843,False,1-3-2(0.2404) / 1-3-4(0.1808) / 1-2-3(0.1480) / 1-4-3(0.1040) / 1-3-6(0.0666) / 1-2-4(0.0473) / 1-4-2(0.0442) / 1-6-3(0.0340) / 1-3-5(0.0329) / 1-2-6(0.0174)
2025-07-20,1,1-3-2,1-3-2,0.1606551539627077,True,1-3-2(0.1607) / 1-2-3(0.1597) / 1-3-4(0.0802) / 1-2-4(0.0788) / 1-4-3(0.0642) / 1-4-2(0.0635) / 1-3-6(0.0485) / 1-2-6(0.0476) / 1-3-5(0.0407) / 1-2-5(0.0399)
2025-07-20,2,1-4-3,1-3-2,0.1661462665954276,False,1-3-2(0.1661) / 1-3-5(0.1472) / 1-3-6(0.1110) / 1-2-3(0.1031) / 1-5-3(0.0892) / 1-6-3(0.0644) / 1-3-4(0.0634) / 1-4-3(0.0348) / 1-2-5(0.0327) / 1-5-2(0.0319)
2025-07-20,3,1-4-2,1-3-2,0.2761756375846028,False,1-3-2(0.2762) / 1-2-3(0.1838) / 1-3-4(0.1595) / 1-4-3(0.0922) / 1-3-6(0.0632) / 1-2-4(0.0551) / 1-4-2(0.0478) / 1-6-3(0.0329) / 1-2-6(0.0218) / 1-6-2(0.0171)
2025-07-20,6,1-5-2,1-3-5,0.250340067664729,False,1-3-5(0.2503) / 1-5-3(0.2361) / 1-3-2(0.0619) / 1-5-2(0.0532) / 1-3-4(0.0513) / 1-5-4(0.0441) / 1-3-6(0.0409) / 1-2-3(0.0406) / 1-2-5(0.0370) / 1-5-6(0.0352)
2025-07-20,8,1-3-4,1-3-2,0.11021585764892432,False,1-3-2(0.1102) / 1-3-6(0.1040) / 1-3-4(0.0965) / 1-2-3(0.0900) / 1-6-3(0.0838) / 1-4-3(0.0764) / 1-2-6(0.0497) / 1-6-2(0.0489) / 1-2-4(0.0461) / 1-4-2(0.0446)
2025-07-20,9,1-2-5,1-2-5,0.29206632494212875,True,1-2-5(0.2921) / 1-2-3(0.2753) / 1-2-4(0.2001) / 1-5-2(0.0735) / 1-3-2(0.0689) / 1-4-2(0.0489) / 1-5-3(0.0078) / 1-3-5(0.0078) / 1-5-4(0.0057) / 1-4-5(0.0055)
2025-07-20,10,1-3-2,1-5-4,0.36390694308633387,False,1-5-4(0.3639) / 1-4-5(0.2435) / 1-5-3(0.0775) / 1-5-2(0.0547) / 1-5-6(0.0430) / 1-3-5(0.0383) / 1-4-3(0.0299) / 1-2-5(0.0265) / 1-3-4(0.0221) / 1-4-2(0.0211)
2025-07-20,11,1-2-6,1-6-2,0.13978463096590496,False,1-6-2(0.1398) / 1-2-6(0.1233) / 1-6-4(0.0947) / 1-4-6(0.0750) / 1-6-3(0.0684) / 1-2-4(0.0627) / 1-4-2(0.0562) / 1-3-6(0.0511) / 1-6-5(0.0455) / 1-2-3(0.0453)
2025-07-20,12,1-4-6,1-2-5,0.24432765250350175,False,1-2-5(0.2443) / 1-2-6(0.2047) / 1-5-2(0.1277) / 1-6-2(0.1032) / 1-2-3(0.0673) / 1-2-4(0.0565) / 1-5-6(0.0340) / 1-6-5(0.0328) / 1-3-2(0.0303) / 1-4-2(0.0252)
2025-07-21,1,1-2-5,1-3-2,0.2449097831263625,False,1-3-2(0.2449) / 1-2-3(0.1808) / 1-3-5(0.1174) / 1-3-4(0.1024) / 1-5-3(0.0722) / 1-4-3(0.0617) / 1-2-5(0.0517) / 1-2-4(0.0451) / 1-5-2(0.0430) / 1-4-2(0.0368)
2025-07-21,2,1-3-6,1-3-5,0.18668071940282446,False,1-3-5(0.1867) / 1-3-4(0.1762) / 1-3-2(0.1197) / 1-3-6(0.1012) / 1-5-3(0.0896) / 1-4-3(0.0839) / 1-2-3(0.0544) / 1-6-3(0.0454) / 1-5-4(0.0193) / 1-4-5(0.0191)
2025-07-21,6,1-2-3,1-6-3,0.19799165078886752,False,1-6-3(0.1980) / 1-3-6(0.1449) / 1-6-4(0.1151) / 1-6-2(0.0796) / 1-4-6(0.0742) / 1-6-5(0.0546) / 1-2-6(0.0488) / 1-3-4(0.0461) / 1-4-3(0.0406) / 1-5-6(0.0324)
2025-07-21,8,1-2-4,1-6-2,0.08094885230221881,False,1-6-2(0.0809) / 1-2-6(0.0790) / 1-6-4(0.0719) / 1-4-6(0.0678) / 1-2-4(0.0651) / 1-4-2(0.0629) / 1-6-5(0.0600) / 1-2-5(0.0543) / 1-5-6(0.0542) / 1-5-2(0.0503)
2025-07-21,10,1-2-3,1-2-4,0.24258611736068803,False,1-2-4(0.2426) / 1-4-2(0.2359) / 1-2-3(0.1137) / 1-4-3(0.1057) / 1-3-2(0.0838) / 1-3-4(0.0801) / 1-2-6(0.0216) / 1-4-6(0.0201) / 1-2-5(0.0147) / 1-4-5(0.0137)
2025-07-22,1,1-6-2,1-6-2,0.21510946129211062,True,1-6-2(0.2151) / 1-2-6(0.1911) / 1-6-4(0.1328) / 1-4-6(0.0998) / 1-2-4(0.0957) / 1-4-2(0.0809) / 1-6-3(0.0351) / 1-2-3(0.0253) / 1-3-6(0.0222) / 1-3-2(0.0180)
2025-07-22,2,1-2-4,1-5-3,0.18100546284725774,False,1-5-3(0.1810) / 1-3-5(0.1697) / 1-5-2(0.0714) / 1-5-6(0.0591) / 1-3-2(0.0591) / 1-2-5(0.0521) / 1-5-4(0.0502) / 1-3-6(0.0489) / 1-2-3(0.0460) / 1-6-5(0.0421)
2025-07-22,5,1-4-5,1-5-3,0.151874981325153,False,1-5-3(0.1519) / 1-3-5(0.1423) / 1-5-6(0.0897) / 1-3-6(0.0731) / 1-6-5(0.0718) / 1-5-2(0.0678) / 1-6-3(0.0624) / 1-3-2(0.0552) / 1-2-5(0.0516) / 1-2-3(0.0448)
2025-07-22,6,1-3-2,1-6-2,0.24973814374362754,False,1-6-2(0.2497) / 1-2-6(0.1358) / 1-6-3(0.1276) / 1-6-5(0.1040) / 1-6-4(0.0806) / 1-3-6(0.0621) / 1-5-6(0.0496) / 1-4-6(0.0377) / 1-2-3(0.0240) / 1-3-2(0.0215)
2025-07-22,8,1-3-4,1-2-4,0.24991808610960012,False,1-2-4(0.2499) / 1-4-2(0.2498) / 1-2-5(0.0847) / 1-4-5(0.0846) / 1-5-2(0.0595) / 1-5-4(0.0595) / 1-2-3(0.0542) / 1-4-3(0.0542) / 1-3-2(0.0361) / 1-3-4(0.0361)
2025-07-22,10,1-4-6,1-3-2,0.25731738466593135,False,1-3-2(0.2573) / 1-3-4(0.1806) / 1-3-6(0.1480) / 1-3-5(0.1363) / 1-2-3(0.0793) / 1-4-3(0.0539) / 1-6-3(0.0436) / 1-5-3(0.0400) / 1-2-4(0.0076) / 1-4-2(0.0074)
2025-07-25,3,1-2-3,1-4-5,0.3303819759862275,False,1-4-5(0.3304) / 1-5-4(0.1782) / 1-4-3(0.1381) / 1-4-2(0.1135) / 1-3-4(0.0633) / 1-2-4(0.0510) / 1-5-3(0.0296) / 1-3-5(0.0252) / 1-5-2(0.0243) / 1-2-5(0.0203)
2025-07-25,7,1-4-2,1-4-6,0.21813682359793385,False,1-4-6(0.2181) / 1-6-4(0.1711) / 1-4-5(0.0930) / 1-4-3(0.0652) / 1-4-2(0.0602) / 1-5-4(0.0596) / 1-6-5(0.0471) / 1-3-4(0.0401) / 1-5-6(0.0384) / 1-2-4(0.0368)
2025-07-25,9,1-3-2,1-3-2,0.3800756726011729,True,1-3-2(0.3801) / 1-2-3(0.3422) / 1-3-6(0.0514) / 1-2-6(0.0406) / 1-3-5(0.0287) / 1-6-3(0.0285) / 1-6-2(0.0250) / 1-2-5(0.0227) / 1-3-4(0.0160) / 1-5-3(0.0155)
2025-07-25,10,1-2-3,1-2-6,0.18999748729999189,False,1-2-6(0.1900) / 1-6-2(0.1421) / 1-2-5(0.1383) / 1-5-2(0.0950) / 1-2-3(0.0949) / 1-3-2(0.0610) / 1-6-5(0.0583) / 1-5-6(0.0535) / 1-6-3(0.0400) / 1-3-6(0.0344)
2025-07-25,11,1-4-3,1-3-4,0.35785060703426547,False,1-3-4(0.3579) / 1-3-6(0.2036) / 1-3-2(0.1874) / 1-3-5(0.1169) / 1-4-3(0.0509) / 1-6-3(0.0282) / 1-2-3(0.0259) / 1-5-3(0.0160) / 1-4-6(0.0019) / 1-6-4(0.0018)
2025-07-25,12,1-2-4,1-2-5,0.13568729446393576,False,1-2-5(0.1357) / 1-5-2(0.1183) / 1-2-6(0.0999) / 1-6-2(0.0799) / 1-5-6(0.0632) / 1-2-4(0.0627) / 1-6-5(0.0580) / 1-2-3(0.0506) / 1-4-2(0.0463) / 1-5-4(0.0397)
2025-07-26,1,1-2-3,1-3-2,0.18248649963444866,False,1-3-2(0.1825) / 1-2-3(0.1561) / 1-3-4(0.0985) / 1-4-3(0.0711) / 1-3-5(0.0683) / 1-2-4(0.0620) / 1-4-2(0.0523) / 1-5-3(0.0467) / 1-2-5(0.0429) / 1-3-6(0.0401)
2025-07-26,2,1-3-2,1-4-3,0.2088454029580395,False,1-4-3(0.2088) / 1-3-4(0.1842) / 1-4-5(0.1174) / 1-5-4(0.0861) / 1-3-5(0.0825) / 1-5-3(0.0686) / 1-4-2(0.0366) / 1-4-6(0.0346) / 1-3-2(0.0257) / 1-3-6(0.0243)
2025-07-26,4,1-2-4,1-5-4,0.22286195538955117,False,1-5-4(0.2229) / 1-5-2(0.2202) / 1-5-6(0.1856) / 1-5-3(0.0954) / 1-4-5(0.0672) / 1-2-5(0.0663) / 1-6-5(0.0551) / 1-3-5(0.0273) / 1-4-2(0.0078) / 1-2-4(0.0078)
2025-07-26,6,1-2-3,1-2-3,0.4330920045989502,True,1-2-3(0.4331) / 1-3-2(0.3379) / 1-2-4(0.0529) / 1-2-5(0.0382) / 1-3-4(0.0307) / 1-4-2(0.0264) / 1-3-5(0.0222) / 1-4-3(0.0196) / 1-5-2(0.0188) / 1-5-3(0.0140)
2025-07-26,7,1-2-3,1-2-5,0.40955742083139846,False,1-2-5(0.4096) / 1-2-6(0.1750) / 1-2-3(0.1616) / 1-2-4(0.0805) / 1-5-2(0.0777) / 1-6-2(0.0315) / 1-3-2(0.0290) / 1-4-2(0.0142) / 1-5-6(0.0034) / 1-6-5(0.0033)
2025-07-26,9,1-3-6,1-3-6,0.15041678639077324,True,1-3-6(0.1504) / 1-3-4(0.1318) / 1-6-3(0.1227) / 1-4-3(0.1034) / 1-6-4(0.0683) / 1-4-6(0.0657) / 1-3-2(0.0624) / 1-2-3(0.0428) / 1-3-5(0.0378) / 1-6-2(0.0323)
2025-07-26,12,1-6-3,1-2-5,0.22506944282469213,False,1-2-5(0.2251) / 1-2-3(0.1538) / 1-2-4(0.1402) / 1-5-2(0.1111) / 1-3-2(0.0716) / 1-2-6(0.0660) / 1-4-2(0.0646) / 1-6-2(0.0287) / 1-5-3(0.0207) / 1-3-5(0.0195)
2025-07-27,7,1-2-3,1-2-3,0.3368006188462807,True,1-2-3(0.3368) / 1-2-5(0.2161) / 1-3-2(0.1329) / 1-2-4(0.1134) / 1-5-2(0.0796) / 1-4-2(0.0395) / 1-3-5(0.0210) / 1-5-3(0.0196) / 1-3-4(0.0110) / 1-4-3(0.0098)
2025-07-27,8,1-3-4,1-3-4,0.42534376285395903,True,1-3-4(0.4253) / 1-4-3(0.2991) / 1-3-2(0.0612) / 1-3-5(0.0320) / 1-2-3(0.0293) / 1-4-2(0.0279) / 1-3-6(0.0272) / 1-2-4(0.0190) / 1-5-3(0.0149) / 1-4-5(0.0146)
2025-07-27,9,1-4-2,1-2-4,0.1358380279062166,False,1-2-4(0.1358) / 1-2-5(0.1274) / 1-4-2(0.1097) / 1-5-2(0.1010) / 1-4-5(0.0620) / 1-5-4(0.0609) / 1-2-3(0.0571) / 1-2-6(0.0548) / 1-3-2(0.0395) / 1-6-2(0.0377)
2025-07-27,10,1-2-4,1-2-3,0.1891899931734191,False,1-2-3(0.1892) / 1-2-5(0.1803) / 1-3-2(0.1365) / 1-5-2(0.1283) / 1-2-4(0.0693) / 1-3-5(0.0681) / 1-5-3(0.0671) / 1-4-2(0.0419) / 1-3-4(0.0262) / 1-5-4(0.0246)
2025-07-27,11,1-3-4,1-3-4,0.2517235249442056,True,1-3-4(0.2517) / 1-4-3(0.1930) / 1-3-6(0.1528) / 1-6-3(0.1006) / 1-4-6(0.0753) / 1-6-4(0.0646) / 1-3-2(0.0376) / 1-2-3(0.0213) / 1-4-2(0.0185) / 1-3-5(0.0178)
2025-07-27,12,1-2-4,1-5-2,0.26403908474576393,False,1-5-2(0.2640) / 1-5-3(0.2262) / 1-2-5(0.1192) / 1-3-5(0.0993) / 1-5-4(0.0734) / 1-5-6(0.0577) / 1-4-5(0.0291) / 1-2-3(0.0264) / 1-3-2(0.0257) / 1-6-5(0.0226)
2025-07-28,6,1-3-2,1-3-2,0.3231689522656084,True,1-3-2(0.3232) / 1-2-3(0.2207) / 1-3-6(0.1133) / 1-3-4(0.0689) / 1-6-3(0.0607) / 1-2-6(0.0443) / 1-4-3(0.0353) / 1-6-2(0.0347) / 1-2-4(0.0269) / 1-4-2(0.0202)
2025-07-28,9,1-3-2,1-2-3,0.20059048744700245,False,1-2-3(0.2006) / 1-2-5(0.1975) / 1-2-4(0.1213) / 1-3-2(0.1176) / 1-5-2(0.1154) / 1-4-2(0.0653) / 1-3-5(0.0409) / 1-5-3(0.0407) / 1-3-4(0.0251) / 1-5-4(0.0246)
2025-07-29,3,1-3-5,1-5-3,0.2666609605338857,False,1-5-3(0.2667) / 1-5-4(0.2645) / 1-3-5(0.1081) / 1-4-5(0.1071) / 1-5-2(0.0868) / 1-5-6(0.0341) / 1-2-5(0.0317) / 1-3-4(0.0234) / 1-4-3(0.0234) / 1-6-5(0.0121)
2025-07-29,5,1-3-4,1-2-4,0.49811454437799474,False,1-2-4(0.4981) / 1-4-2(0.2036) / 1-2-6(0.0917) / 1-2-3(0.0593) / 1-2-5(0.0358) / 1-6-2(0.0302) / 1-3-2(0.0192) / 1-4-6(0.0125) / 1-5-2(0.0115) / 1-6-4(0.0101)
2025-07-29,7,1-3-6,1-3-6,0.35972672153157165,True,1-3-6(0.3597) / 1-6-3(0.3531) / 1-3-4(0.0544) / 1-6-4(0.0522) / 1-4-3(0.0321) / 1-4-6(0.0313) / 1-3-5(0.0195) / 1-6-5(0.0187) / 1-3-2(0.0163) / 1-6-2(0.0157)
2025-07-29,8,1-3-4,1-3-2,0.3999820778937261,False,1-3-2(0.4000) / 1-2-3(0.1808) / 1-3-4(0.1789) / 1-4-3(0.0700) / 1-3-6(0.0415) / 1-2-4(0.0273) / 1-3-5(0.0263) / 1-4-2(0.0237) / 1-6-3(0.0150) / 1-5-3(0.0094)
2025-07-29,9,1-4-2,1-2-4,0.13472664108261473,False,1-2-4(0.1347) / 1-4-2(0.1103) / 1-2-5(0.0815) / 1-2-3(0.0808) / 1-2-6(0.0725) / 1-5-2(0.0597) / 1-3-2(0.0591) / 1-6-2(0.0522) / 1-4-5(0.0415) / 1-4-3(0.0412)
2025-07-29,11,1-3-5,1-4-5,0.19221082209631943,False,1-4-5(0.1922) / 1-5-4(0.1733) / 1-4-2(0.1247) / 1-2-4(0.0969) / 1-5-2(0.0924) / 1-2-5(0.0796) / 1-4-3(0.0464) / 1-5-3(0.0344) / 1-3-4(0.0311) / 1-3-5(0.0255)
2025-07-30,3,1-2-6,1-6-2,0.5369797257963136,False,1-6-2(0.5370) / 1-6-3(0.1800) / 1-6-5(0.1349) / 1-2-6(0.0773) / 1-3-6(0.0245) / 1-5-6(0.0182) / 1-6-4(0.0160) / 1-2-3(0.0024) / 1-3-2(0.0023) / 1-4-6(0.0021)
2025-07-30,4,1-6-5,1-6-4,0.09400343798346504,False,1-6-4(0.0940) / 1-6-5(0.0937) / 1-4-6(0.0817) / 1-5-6(0.0814) / 1-6-2(0.0760) / 1-2-6(0.0629) / 1-4-5(0.0544) / 1-5-4(0.0543) / 1-6-3(0.0477) / 1-4-2(0.0441)
2025-07-30,6,1-2-3,1-2-3,0.26485986747060203,True,1-2-3(0.2649) / 1-3-2(0.1941) / 1-2-4(0.1551) / 1-4-2(0.0973) / 1-3-4(0.0685) / 1-4-3(0.0587) / 1-2-5(0.0459) / 1-5-2(0.0252) / 1-3-5(0.0203) / 1-5-3(0.0152)
2025-07-30,10,1-3-2,1-4-2,0.16590332355190443,False,1-4-2(0.1659) / 1-4-3(0.1457) / 1-4-5(0.1098) / 1-2-4(0.1049) / 1-3-4(0.0898) / 1-5-4(0.0647) / 1-4-6(0.0594) / 1-2-3(0.0343) / 1-3-2(0.0334) / 1-6-4(0.0330)
2025-07-30,11,1-3-4,1-2-3,0.2903382938526797,False,1-2-3(0.2903) / 1-3-2(0.1774) / 1-2-4(0.1211) / 1-2-6(0.0845) / 1-4-2(0.0621) / 1-2-5(0.0442) / 1-6-2(0.0419) / 1-3-4(0.0339) / 1-4-3(0.0284) / 1-3-6(0.0236)
2025-07-30,12,1-3-2,1-2-3,0.14238245809443592,False,1-2-3(0.1424) / 1-3-2(0.1290) / 1-2-5(0.0983) / 1-5-2(0.0797) / 1-2-6(0.0738) / 1-3-5(0.0713) / 1-5-3(0.0639) / 1-6-2(0.0566) / 1-3-6(0.0536) / 1-6-3(0.0454)
2025-08-04,8,1-2-4,1-4-2,0.21171220417534017,False,1-4-2(0.2117) / 1-2-4(0.2077) / 1-4-5(0.0989) / 1-2-5(0.0939) / 1-5-4(0.0748) / 1-5-2(0.0723) / 1-4-6(0.0470) / 1-2-6(0.0446) / 1-6-4(0.0321) / 1-6-2(0.0311)
2025-08-04,9,1-4-3,1-4-5,0.13343541168490938,False,1-4-5(0.1334) / 1-4-2(0.1230) / 1-4-6(0.1093) / 1-4-3(0.0979) / 1-5-4(0.0846) / 1-2-4(0.0769) / 1-6-4(0.0671) / 1-3-4(0.0592) / 1-5-2(0.0260) / 1-2-5(0.0256)
2025-08-04,10,1-3-4,1-3-2,0.24564951629850196,False,1-3-2(0.2456) / 1-2-3(0.1999) / 1-3-4(0.0822) / 1-3-5(0.0634) / 1-4-3(0.0513) / 1-3-6(0.0492) / 1-2-4(0.0474) / 1-5-3(0.0386) / 1-2-5(0.0366) / 1-4-2(0.0364)
2025-08-04,12,1-5-2,1-5-3,0.23368998380990802,False,1-5-3(0.2337) / 1-5-2(0.2053) / 1-3-5(0.1504) / 1-2-5(0.1275) / 1-3-2(0.0602) / 1-2-3(0.0581) / 1-5-4(0.0526) / 1-4-5(0.0275) / 1-3-4(0.0154) / 1-2-4(0.0131)
2025-08-05,1,1-2-6,1-4-6,0.11172502109575291,False,1-4-6(0.1117) / 1-6-4(0.0912) / 1-4-2(0.0882) / 1-4-3(0.0812) / 1-4-5(0.0708) / 1-2-4(0.0682) / 1-3-4(0.0619) / 1-5-4(0.0528) / 1-6-2(0.0421) / 1-2-6(0.0399)
2025-08-05,2,1-4-6,1-4-6,0.1879492732256705,True,1-4-6(0.1879) / 1-6-4(0.1488) / 1-4-2(0.1289) / 1-2-4(0.0918) / 1-6-2(0.0645) / 1-4-5(0.0645) / 1-2-6(0.0580) / 1-5-4(0.0414) / 1-4-3(0.0352) / 1-6-5(0.0323)
2025-08-05,3,1-3-4,1-4-6,0.25277549570708435,False,1-4-6(0.2528) / 1-4-2(0.2144) / 1-4-5(0.1509) / 1-4-3(0.1432) / 1-6-4(0.0656) / 1-2-4(0.0549) / 1-5-4(0.0378) / 1-3-4(0.0358) / 1-6-2(0.0058) / 1-2-6(0.0057)
2025-08-05,6,1-3-4,1-4-5,0.13256655919262,False,1-4-5(0.1326) / 1-5-4(0.1146) / 1-4-2(0.1015) / 1-2-4(0.0815) / 1-4-3(0.0714) / 1-5-2(0.0622) / 1-2-5(0.0577) / 1-3-4(0.0536) / 1-5-3(0.0437) / 1-4-6(0.0436)
2025-08-05,7,1-3-2,1-6-3,0.15982410871458486,False,1-6-3(0.1598) / 1-3-6(0.1575) / 1-6-2(0.1388) / 1-3-2(0.1327) / 1-2-6(0.1287) / 1-2-3(0.1249) / 1-6-4(0.0255) / 1-3-4(0.0244) / 1-2-4(0.0200) / 1-4-6(0.0180)
2025-08-05,8,1-4-5,1-4-3,0.1441357590353296,False,1-4-3(0.1441) / 1-4-5(0.1252) / 1-3-4(0.1161) / 1-5-4(0.0970) / 1-4-2(0.0617) / 1-3-5(0.0615) / 1-5-3(0.0591) / 1-4-6(0.0512) / 1-2-4(0.0423) / 1-6-4(0.0345)
2025-08-05,9,1-5-2,1-2-5,0.3103415609033037,False,1-2-5(0.3103) / 1-2-6(0.2247) / 1-5-2(0.1123) / 1-2-3(0.0988) / 1-6-2(0.0779) / 1-2-4(0.0549) / 1-3-2(0.0322) / 1-4-2(0.0175) / 1-5-6(0.0166) / 1-6-5(0.0159)
2025-08-05,10,1-6-5,1-2-6,0.4594530614918411,False,1-2-6(0.4595) / 1-6-2(0.3022) / 1-2-4(0.0549) / 1-2-5(0.0336) / 1-4-2(0.0246) / 1-2-3(0.0222) / 1-6-4(0.0219) / 1-4-6(0.0149) / 1-5-2(0.0148) / 1-6-5(0.0134)
2025-08-05,11,1-2-4,1-5-2,0.09680764988275065,False,1-5-2(0.0968) / 1-2-5(0.0899) / 1-5-6(0.0800) / 1-5-4(0.0771) / 1-6-5(0.0705) / 1-4-5(0.0674) / 1-2-6(0.0603) / 1-2-4(0.0581) / 1-6-2(0.0572) / 1-4-2(0.0547)
2025-08-05,12,1-3-2,1-3-6,0.13488849236323236,False,1-3-6(0.1349) / 1-3-2(0.1235) / 1-6-3(0.1151) / 1-2-3(0.1026) / 1-6-2(0.0725) / 1-2-6(0.0706) / 1-3-5(0.0649) / 1-5-3(0.0474) / 1-6-5(0.0381) / 1-2-5(0.0340)
2025-08-06,1,1-2-3,1-4-6,0.06796390372643929,False,1-4-6(0.0680) / 1-6-4(0.0644) / 1-4-2(0.0633) / 1-4-5(0.0633) / 1-2-4(0.0589) / 1-5-4(0.0589) / 1-4-3(0.0531) / 1-6-2(0.0500) / 1-6-5(0.0500) / 1-2-6(0.0492)
2025-08-06,2,1-2-6,1-5-6,0.2930002529779739,False,1-5-6(0.2930) / 1-6-5(0.2740) / 1-5-2(0.0595) / 1-5-3(0.0538) / 1-6-2(0.0505) / 1-6-3(0.0457) / 1-2-5(0.0369) / 1-2-6(0.0335) / 1-3-5(0.0331) / 1-3-6(0.0300)
2025-08-06,4,1-2-3,1-6-3,0.20084001725992587,False,1-6-3(0.2008) / 1-3-6(0.1684) / 1-6-2(0.0870) / 1-6-4(0.0618) / 1-2-6(0.0591) / 1-6-5(0.0573) / 1-3-2(0.0525) / 1-2-3(0.0425) / 1-4-6(0.0403) / 1-3-4(0.0373)
2025-08-06,5,1-2-5,1-3-5,0.19039681097576444,False,1-3-5(0.1904) / 1-3-2(0.1503) / 1-5-3(0.1225) / 1-3-6(0.1082) / 1-2-3(0.0918) / 1-6-3(0.0628) / 1-5-2(0.0400) / 1-2-5(0.0380) / 1-3-4(0.0372) / 1-5-6(0.0288)
2025-08-06,6,1-3-2,1-4-3,0.2781535887005463,False,1-4-3(0.2782) / 1-4-2(0.2380) / 1-3-4(0.1295) / 1-2-4(0.1075) / 1-4-6(0.0700) / 1-3-2(0.0313) / 1-2-3(0.0304) / 1-4-5(0.0294) / 1-6-4(0.0281) / 1-5-4(0.0115)
2025-08-06,8,1-2-4,1-2-4,0.17141360897951324,True,1-2-4(0.1714) / 1-4-2(0.1419) / 1-2-6(0.0902) / 1-2-3(0.0664) / 1-2-5(0.0641) / 1-6-2(0.0637) / 1-4-6(0.0506) / 1-3-2(0.0450) / 1-5-2(0.0433) / 1-6-4(0.0432)
2025-08-06,9,1-3-6,1-3-6,0.35828264761072154,True,1-3-6(0.3583) / 1-6-3(0.1787) / 1-3-5(0.1236) / 1-3-4(0.0713) / 1-3-2(0.0605) / 1-5-3(0.0518) / 1-4-3(0.0288) / 1-2-3(0.0243) / 1-6-5(0.0227) / 1-5-6(0.0190)
2025-08-06,10,1-2-3,1-3-6,0.1913437340238237,False,1-3-6(0.1913) / 1-6-3(0.1351) / 1-3-2(0.1192) / 1-2-3(0.0757) / 1-3-4(0.0747) / 1-3-5(0.0702) / 1-4-3(0.0447) / 1-6-2(0.0423) / 1-5-3(0.0417) / 1-2-6(0.0380)
2025-08-06,11,1-2-5,1-5-2,0.11684241338418716,False,1-5-2(0.1168) / 1-2-5(0.1005) / 1-5-3(0.0913) / 1-3-5(0.0737) / 1-5-4(0.0713) / 1-5-6(0.0579) / 1-4-5(0.0550) / 1-2-3(0.0534) / 1-3-2(0.0502) / 1-6-5(0.0433)
2025-08-06,12,1-2-4,1-5-2,0.24348422491485744,False,1-5-2(0.2435) / 1-5-6(0.1690) / 1-2-5(0.1085) / 1-5-4(0.1064) / 1-5-3(0.1017) / 1-6-5(0.0715) / 1-4-5(0.0432) / 1-3-5(0.0412) / 1-2-6(0.0181) / 1-6-2(0.0171)
2025-08-07,1,1-3-5,1-2-6,0.05570779647413287,False,1-2-6(0.0557) / 1-6-2(0.0553) / 1-2-4(0.0552) / 1-4-2(0.0546) / 1-2-5(0.0535) / 1-6-4(0.0533) / 1-4-6(0.0531) / 1-5-2(0.0525) / 1-6-5(0.0516) / 1-5-6(0.0511)
2025-08-07,2,1-3-2,1-3-2,0.12324046499388532,True,1-3-2(0.1232) / 1-2-3(0.1200) / 1-3-6(0.1090) / 1-6-3(0.1015) / 1-2-6(0.0996) / 1-6-2(0.0952) / 1-3-5(0.0624) / 1-2-5(0.0570) / 1-5-3(0.0508) / 1-6-5(0.0482)
2025-08-07,4,1-3-6,1-3-6,0.19307644634245685,True,1-3-6(0.1931) / 1-6-3(0.1872) / 1-3-5(0.0887) / 1-6-5(0.0813) / 1-5-3(0.0672) / 1-5-6(0.0635) / 1-3-2(0.0485) / 1-6-2(0.0444) / 1-2-3(0.0339) / 1-2-6(0.0320)
2025-08-07,5,1-2-3,1-2-6,0.3248394995963231,False,1-2-6(0.3248) / 1-6-2(0.2733) / 1-2-3(0.0875) / 1-6-3(0.0579) / 1-3-2(0.0516) / 1-3-6(0.0406) / 1-2-5(0.0316) / 1-2-4(0.0247) / 1-6-5(0.0209) / 1-5-2(0.0174)
2025-08-07,7,1-4-5,1-4-5,0.2518340620065727,True,1-4-5(0.2518) / 1-4-3(0.2347) / 1-4-2(0.1737) / 1-4-6(0.0827) / 1-5-4(0.0709) / 1-3-4(0.0656) / 1-2-4(0.0475) / 1-6-4(0.0219) / 1-5-3(0.0077) / 1-3-5(0.0077)
2025-08-07,8,1-5-3,1-2-4,0.20779468401528858,False,1-2-4(0.2078) / 1-2-6(0.1607) / 1-4-2(0.1195) / 1-2-3(0.1195) / 1-6-2(0.0880) / 1-3-2(0.0627) / 1-2-5(0.0425) / 1-4-6(0.0321) / 1-6-4(0.0305) / 1-4-3(0.0238)
2025-08-07,9,1-3-6,1-3-2,0.25764221864755277,False,1-3-2(0.2576) / 1-3-4(0.2429) / 1-2-3(0.1146) / 1-4-3(0.1069) / 1-3-5(0.0806) / 1-3-6(0.0431) / 1-5-3(0.0318) / 1-2-4(0.0268) / 1-4-2(0.0266) / 1-6-3(0.0166)
2025-08-07,10,1-4-3,1-6-2,0.09955552089804642,False,1-6-2(0.0996) / 1-6-3(0.0990) / 1-6-5(0.0951) / 1-2-6(0.0828) / 1-3-6(0.0822) / 1-5-6(0.0782) / 1-2-3(0.0490) / 1-3-2(0.0489) / 1-2-5(0.0470) / 1-3-5(0.0467)
2025-08-07,11,1-2-3,1-5-3,0.1562987228749637,False,1-5-3(0.1563) / 1-5-2(0.1347) / 1-3-5(0.1199) / 1-2-5(0.0993) / 1-5-4(0.0814) / 1-3-2(0.0577) / 1-2-3(0.0555) / 1-4-5(0.0547) / 1-3-4(0.0349) / 1-5-6(0.0348)
2025-08-07,12,1-3-4,1-3-2,0.21536073457906957,False,1-3-2(0.2154) / 1-2-3(0.1880) / 1-3-4(0.1114) / 1-4-3(0.0794) / 1-2-4(0.0764) / 1-3-5(0.0744) / 1-4-2(0.0624) / 1-2-5(0.0511) / 1-5-3(0.0498) / 1-5-2(0.0392)
2025-08-08,1,1-5-2,1-2-3,0.10593262719702272,False,1-2-3(0.1059) / 1-2-4(0.1031) / 1-3-2(0.0944) / 1-4-2(0.0912) / 1-2-5(0.0777) / 1-3-4(0.0674) / 1-4-3(0.0669) / 1-5-2(0.0641) / 1-3-5(0.0508) / 1-4-5(0.0491)
2025-08-08,3,1-2-5,1-4-3,0.2471788770104247,False,1-4-3(0.2472) / 1-3-4(0.2368) / 1-4-5(0.0765) / 1-3-5(0.0685) / 1-4-2(0.0522) / 1-5-4(0.0520) / 1-5-3(0.0485) / 1-3-2(0.0467) / 1-2-4(0.0341) / 1-2-3(0.0318)
2025-08-08,4,1-2-4,1-4-6,0.12728948346796548,False,1-4-6(0.1273) / 1-4-3(0.1070) / 1-6-4(0.0962) / 1-4-2(0.0942) / 1-3-4(0.0779) / 1-2-4(0.0669) / 1-4-5(0.0643) / 1-5-4(0.0434) / 1-6-3(0.0405) / 1-3-6(0.0390)
2025-08-08,5,1-2-5,1-6-5,0.1441006583328916,False,1-6-5(0.1441) / 1-5-6(0.1199) / 1-6-3(0.0992) / 1-6-2(0.0776) / 1-3-6(0.0750) / 1-2-6(0.0562) / 1-5-3(0.0544) / 1-6-4(0.0501) / 1-3-5(0.0494) / 1-5-2(0.0425)
2025-08-08,6,1-2-3,1-3-6,0.1890788983835582,False,1-3-6(0.1891) / 1-3-4(0.1839) / 1-3-5(0.1312) / 1-3-2(0.1077) / 1-6-3(0.0834) / 1-4-3(0.0808) / 1-5-3(0.0555) / 1-2-3(0.0449) / 1-6-4(0.0159) / 1-4-6(0.0158)
2025-08-08,7,1-2-4,1-5-2,0.21832931165248828,False,1-5-2(0.2183) / 1-5-6(0.1815) / 1-5-4(0.1218) / 1-5-3(0.1048) / 1-2-5(0.0938) / 1-6-5(0.0760) / 1-4-5(0.0491) / 1-3-5(0.0418) / 1-2-6(0.0162) / 1-6-2(0.0158)
2025-08-08,8,1-4-2,1-4-5,0.21824802836105306,False,1-4-5(0.2182) / 1-5-4(0.1676) / 1-4-2(0.1600) / 1-2-4(0.1116) / 1-5-2(0.0761) / 1-2-5(0.0691) / 1-4-3(0.0570) / 1-3-4(0.0342) / 1-5-3(0.0271) / 1-3-5(0.0212)
2025-08-08,12,1-3-2,1-5-3,0.2653239783112266,False,1-5-3(0.2653) / 1-3-5(0.1943) / 1-5-2(0.0882) / 1-5-4(0.0717) / 1-5-6(0.0538) / 1-2-5(0.0508) / 1-4-5(0.0405) / 1-3-2(0.0389) / 1-3-4(0.0316) / 1-2-3(0.0306)
2025-08-10,3,1-2-5,1-6-5,0.09896288995546006,False,1-6-5(0.0990) / 1-5-6(0.0934) / 1-6-3(0.0647) / 1-6-4(0.0624) / 1-6-2(0.0616) / 1-3-6(0.0549) / 1-4-6(0.0525) / 1-5-3(0.0520) / 1-2-6(0.0517) / 1-5-4(0.0502)
2025-08-10,4,1-4-3,1-3-6,0.27651676562274957,False,1-3-6(0.2765) / 1-6-3(0.2415) / 1-3-2(0.0809) / 1-6-2(0.0575) / 1-3-4(0.0554) / 1-2-3(0.0508) / 1-2-6(0.0413) / 1-6-4(0.0394) / 1-4-3(0.0336) / 1-4-6(0.0273)
2025-08-10,6,1-2-3,1-3-2,0.6032160152761247,False,1-3-2(0.6032) / 1-3-4(0.1453) / 1-2-3(0.1211) / 1-3-5(0.0729) / 1-4-3(0.0262) / 1-5-3(0.0130) / 1-2-4(0.0045) / 1-4-2(0.0041) / 1-3-6(0.0035) / 1-2-5(0.0023)
2025-08-10,7,1-2-3,1-6-4,0.1446675057641374,False,1-6-4(0.1447) / 1-6-2(0.1325) / 1-4-6(0.1181) / 1-2-6(0.1054) / 1-6-3(0.0734) / 1-4-2(0.0680) / 1-2-4(0.0663) / 1-3-6(0.0519) / 1-4-3(0.0377) / 1-2-3(0.0336)
2025-08-10,8,1-5-4,1-2-4,0.2133737443391503,False,1-2-4(0.2134) / 1-4-2(0.1370) / 1-2-3(0.1367) / 1-3-2(0.0799) / 1-2-6(0.0756) / 1-2-5(0.0710) / 1-6-2(0.0412) / 1-5-2(0.0385) / 1-4-3(0.0382) / 1-3-4(0.0348)
2025-08-10,9,1-4-5,1-4-2,0.1962586407854784,False,1-4-2(0.1963) / 1-4-5(0.1570) / 1-2-4(0.1325) / 1-5-4(0.1004) / 1-4-6(0.0612) / 1-4-3(0.0582) / 1-2-5(0.0491) / 1-5-2(0.0465) / 1-6-4(0.0346) / 1-3-4(0.0328)
2025-08-10,10,1-2-6,1-2-6,0.12283373373475141,True,1-2-6(0.1228) / 1-6-2(0.1179) / 1-2-3(0.0736) / 1-2-5(0.0649) / 1-6-3(0.0640) / 1-3-2(0.0612) / 1-6-5(0.0564) / 1-3-6(0.0554) / 1-5-2(0.0527) / 1-5-6(0.0477)
2025-08-10,11,1-5-3,1-2-3,0.11763848752324367,False,1-2-3(0.1176) / 1-2-4(0.1092) / 1-2-5(0.1074) / 1-3-2(0.1008) / 1-4-2(0.0916) / 1-5-2(0.0896) / 1-3-4(0.0630) / 1-3-5(0.0620) / 1-4-3(0.0617) / 1-5-3(0.0604)
2025-08-10,12,1-5-2,1-6-2,0.09572160792239012,False,1-6-2(0.0957) / 1-6-3(0.0956) / 1-2-6(0.0902) / 1-3-6(0.0900) / 1-2-3(0.0761) / 1-3-2(0.0760) / 1-6-5(0.0522) / 1-5-6(0.0430) / 1-2-5(0.0415) / 1-3-5(0.0414)
2025-08-11,8,1-6-3,1-3-5,0.17600674433569666,False,1-3-5(0.1760) / 1-3-4(0.1697) / 1-5-3(0.1359) / 1-4-3(0.1295) / 1-5-4(0.0771) / 1-4-5(0.0762) / 1-3-6(0.0440) / 1-3-2(0.0278) / 1-6-3(0.0273) / 1-5-6(0.0200)
2025-08-11,9,1-3-5,1-3-6,0.23959675331893898,False,1-3-6(0.2396) / 1-6-3(0.1852) / 1-3-2(0.0854) / 1-3-5(0.0764) / 1-2-3(0.0522) / 1-3-4(0.0503) / 1-5-3(0.0462) / 1-6-2(0.0425) / 1-6-5(0.0380) / 1-2-6(0.0336)
2025-08-11,10,1-3-2,1-3-4,0.15980757799707435,False,1-3-4(0.1598) / 1-3-2(0.1377) / 1-4-3(0.1368) / 1-2-3(0.1121) / 1-4-2(0.0845) / 1-2-4(0.0804) / 1-3-6(0.0622) / 1-6-3(0.0435) / 1-4-6(0.0382) / 1-2-6(0.0313)
2025-08-11,11,1-4-3,1-4-6,0.33295700971793457,False,1-4-6(0.3330) / 1-6-4(0.3023) / 1-4-5(0.0665) / 1-6-5(0.0531) / 1-5-4(0.0394) / 1-4-3(0.0389) / 1-5-6(0.0346) / 1-6-3(0.0310) / 1-3-4(0.0222) / 1-3-6(0.0195)
2025-08-11,12,1-3-2,1-6-5,0.20926823901097166,False,1-6-5(0.2093) / 1-5-6(0.1833) / 1-6-3(0.0864) / 1-3-6(0.0596) / 1-5-3(0.0595) / 1-6-4(0.0550) / 1-6-2(0.0490) / 1-3-5(0.0469) / 1-5-4(0.0379) / 1-4-6(0.0360)
2025-08-12,3,1-4-5,1-5-3,0.2790723667722069,False,1-5-3(0.2791) / 1-5-6(0.2515) / 1-3-5(0.0987) / 1-6-5(0.0877) / 1-5-4(0.0834) / 1-5-2(0.0767) / 1-4-5(0.0268) / 1-2-5(0.0246) / 1-3-6(0.0161) / 1-6-3(0.0159)
2025-08-12,8,1-3-4,1-3-6,0.10681487432591527,False,1-3-6(0.1068) / 1-6-3(0.0926) / 1-3-5(0.0907) / 1-5-3(0.0754) / 1-3-4(0.0747) / 1-4-3(0.0596) / 1-6-5(0.0535) / 1-3-2(0.0532) / 1-5-6(0.0513) / 1-6-4(0.0440)
2025-08-12,9,1-2-5,1-2-5,0.1989539285673241,True,1-2-5(0.1990) / 1-5-2(0.1701) / 1-2-4(0.1030) / 1-4-2(0.0731) / 1-5-4(0.0657) / 1-2-6(0.0609) / 1-4-5(0.0545) / 1-6-2(0.0402) / 1-5-6(0.0389) / 1-2-3(0.0371)
2025-08-12,11,1-4-2,1-4-2,0.273942674486038,True,1-4-2(0.2739) / 1-2-4(0.2122) / 1-4-5(0.0932) / 1-5-4(0.0556) / 1-4-6(0.0535) / 1-2-5(0.0483) / 1-4-3(0.0466) / 1-5-2(0.0371) / 1-6-4(0.0304) / 1-2-6(0.0277)
2025-08-13,3,1-3-2,1-3-2,0.1721263505210853,True,1-3-2(0.1721) / 1-2-3(0.1520) / 1-3-6(0.1270) / 1-6-3(0.1013) / 1-2-6(0.0872) / 1-6-2(0.0787) / 1-3-5(0.0464) / 1-2-5(0.0318) / 1-5-3(0.0315) / 1-3-4(0.0272)
2025-08-13,5,1-3-4,1-2-3,0.268853953738945,False,1-2-3(0.2689) / 1-3-2(0.1496) / 1-2-4(0.1030) / 1-2-6(0.0998) / 1-2-5(0.0892) / 1-4-2(0.0492) / 1-6-2(0.0476) / 1-5-2(0.0421) / 1-3-4(0.0215) / 1-3-6(0.0208)
2025-08-13,6,1-2-3,1-4-6,0.20421265407900485,False,1-4-6(0.2042) / 1-4-2(0.1389) / 1-6-4(0.1327) / 1-2-4(0.0830) / 1-4-3(0.0816) / 1-4-5(0.0643) / 1-3-4(0.0456) / 1-6-2(0.0394) / 1-2-6(0.0362) / 1-5-4(0.0352)
2025-08-13,8,1-3-2,1-4-2,0.3079174888905581,False,1-4-2(0.3079) / 1-4-6(0.1822) / 1-4-3(0.1632) / 1-2-4(0.1222) / 1-6-4(0.0672) / 1-3-4(0.0596) / 1-2-6(0.0169) / 1-6-2(0.0157) / 1-2-3(0.0151) / 1-3-2(0.0139)
2025-08-13,10,1-4-2,1-2-4,0.22863991056608132,False,1-2-4(0.2286) / 1-4-2(0.2002) / 1-2-6(0.0696) / 1-2-5(0.0664) / 1-4-6(0.0485) / 1-2-3(0.0464) / 1-4-5(0.0463) / 1-6-2(0.0455) / 1-5-2(0.0432) / 1-6-4(0.0363)
2025-08-13,11,1-4-5,1-2-4,0.2930497855935592,False,1-2-4(0.2930) / 1-4-2(0.1580) / 1-2-6(0.1567) / 1-2-3(0.0957) / 1-6-2(0.0750) / 1-3-2(0.0436) / 1-4-6(0.0315) / 1-2-5(0.0313) / 1-6-4(0.0280) / 1-4-3(0.0192)
2025-08-13,12,1-4-5,1-4-6,0.1431406382432181,False,1-4-6(0.1431) / 1-6-4(0.1103) / 1-4-5(0.0973) / 1-4-3(0.0814) / 1-4-2(0.0753) / 1-5-4(0.0688) / 1-3-4(0.0560) / 1-2-4(0.0512) / 1-6-5(0.0410) / 1-5-6(0.0377)
2025-08-17,1,1-2-4,1-5-4,0.14851123705327154,False,1-5-4(0.1485) / 1-4-5(0.1483) / 1-5-6(0.0754) / 1-4-6(0.0752) / 1-5-3(0.0684) / 1-4-3(0.0682) / 1-6-5(0.0613) / 1-6-4(0.0611) / 1-3-5(0.0546) / 1-3-4(0.0545)
2025-08-17,2,1-2-6,1-5-4,0.3206109730531289,False,1-5-4(0.3206) / 1-5-2(0.2558) / 1-5-6(0.1594) / 1-4-5(0.0879) / 1-2-5(0.0685) / 1-6-5(0.0413) / 1-5-3(0.0188) / 1-4-2(0.0097) / 1-2-4(0.0095) / 1-4-6(0.0060)
2025-08-17,3,1-3-4,1-4-3,0.12862434222426403,False,1-4-3(0.1286) / 1-4-6(0.1261) / 1-3-4(0.1105) / 1-6-4(0.1077) / 1-3-6(0.0751) / 1-6-3(0.0747) / 1-4-2(0.0668) / 1-2-4(0.0498) / 1-3-2(0.0398) / 1-6-2(0.0388)
2025-08-17,5,1-2-6,1-2-6,0.21726230830645865,True,1-2-6(0.2173) / 1-6-2(0.1869) / 1-2-4(0.1536) / 1-4-2(0.1165) / 1-6-4(0.1011) / 1-4-6(0.0892) / 1-2-5(0.0228) / 1-2-3(0.0158) / 1-6-5(0.0150) / 1-5-2(0.0139)
2025-08-17,6,1-2-3,1-6-2,0.33184531119836463,False,1-6-2(0.3318) / 1-2-6(0.1806) / 1-6-4(0.0955) / 1-6-5(0.0954) / 1-6-3(0.0615) / 1-4-6(0.0426) / 1-5-6(0.0426) / 1-3-6(0.0267) / 1-2-4(0.0210) / 1-2-5(0.0210)
2025-08-17,7,1-3-5,1-3-2,0.15915319341776585,False,1-3-2(0.1592) / 1-3-5(0.1250) / 1-2-3(0.1166) / 1-3-6(0.0889) / 1-5-3(0.0865) / 1-6-3(0.0581) / 1-3-4(0.0522) / 1-2-5(0.0463) / 1-5-2(0.0438) / 1-2-6(0.0329)
2025-08-17,8,1-4-2,1-4-3,0.1559207225354585,False,1-4-3(0.1559) / 1-4-2(0.1522) / 1-3-4(0.1214) / 1-2-4(0.1177) / 1-4-5(0.0790) / 1-3-2(0.0685) / 1-2-3(0.0680) / 1-5-4(0.0535) / 1-3-5(0.0355) / 1-2-5(0.0344)
2025-08-17,10,1-2-3,1-2-5,0.18857791316597264,False,1-2-5(0.1886) / 1-2-3(0.1730) / 1-2-4(0.1210) / 1-5-2(0.0979) / 1-3-2(0.0885) / 1-2-6(0.0758) / 1-4-2(0.0591) / 1-6-2(0.0356) / 1-5-3(0.0240) / 1-3-5(0.0236)
2025-08-17,11,1-2-3,1-2-3,0.1798943743169672,True,1-2-3(0.1799) / 1-3-2(0.1366) / 1-2-5(0.1195) / 1-2-6(0.0888) / 1-5-2(0.0819) / 1-6-2(0.0580) / 1-3-5(0.0519) / 1-5-3(0.0468) / 1-3-6(0.0386) / 1-2-4(0.0370)
2025-08-17,12,1-2-4,1-2-6,0.16010504985896742,False,1-2-6(0.1601) / 1-6-2(0.1310) / 1-2-4(0.1156) / 1-4-2(0.0865) / 1-2-3(0.0640) / 1-6-4(0.0615) / 1-4-6(0.0563) / 1-2-5(0.0484) / 1-3-2(0.0436) / 1-6-3(0.0341)
2025-08-18,1,1-2-4,1-4-3,0.22586566716056738,False,1-4-3(0.2259) / 1-4-6(0.2130) / 1-4-5(0.1562) / 1-4-2(0.1251) / 1-3-4(0.0693) / 1-6-4(0.0650) / 1-5-4(0.0465) / 1-2-4(0.0368) / 1-3-6(0.0080) / 1-6-3(0.0079)
2025-08-18,2,1-4-5,1-5-6,0.16448934531616766,False,1-5-6(0.1645) / 1-5-3(0.1619) / 1-6-5(0.1256) / 1-3-5(0.1231) / 1-6-3(0.0695) / 1-3-6(0.0692) / 1-5-4(0.0606) / 1-4-5(0.0389) / 1-5-2(0.0271) / 1-6-4(0.0260)
2025-08-18,5,1-4-2,1-3-2,0.17862414357864095,False,1-3-2(0.1786) / 1-3-4(0.1768) / 1-2-3(0.0972) / 1-4-3(0.0960) / 1-3-5(0.0924) / 1-3-6(0.0912) / 1-5-3(0.0462) / 1-6-3(0.0456) / 1-2-4(0.0273) / 1-4-2(0.0272)
2025-08-18,6,1-3-4,1-3-6,0.24703611614620696,False,1-3-6(0.2470) / 1-6-3(0.1546) / 1-3-5(0.1510) / 1-5-3(0.0847) / 1-3-2(0.0701) / 1-3-4(0.0499) / 1-6-5(0.0419) / 1-5-6(0.0375) / 1-2-3(0.0361) / 1-4-3(0.0252)
2025-08-18,7,1-3-2,1-5-2,0.2840153507267135,False,1-5-2(0.2840) / 1-2-5(0.2097) / 1-5-3(0.1417) / 1-3-5(0.0860) / 1-2-3(0.0652) / 1-3-2(0.0536) / 1-5-4(0.0319) / 1-5-6(0.0271) / 1-4-5(0.0170) / 1-2-4(0.0147)
2025-08-18,8,1-4-2,1-4-2,0.24951543089857248,True,1-4-2(0.2495) / 1-2-4(0.2047) / 1-4-3(0.1491) / 1-3-4(0.1030) / 1-2-3(0.0882) / 1-3-2(0.0743) / 1-4-5(0.0311) / 1-2-5(0.0184) / 1-5-4(0.0181) / 1-5-2(0.0131)
2025-08-18,9,1-2-3,1-5-2,0.18062442583739188,False,1-5-2(0.1806) / 1-2-5(0.1750) / 1-5-3(0.0837) / 1-2-3(0.0763) / 1-3-5(0.0641) / 1-3-2(0.0603) / 1-5-6(0.0548) / 1-2-6(0.0500) / 1-6-5(0.0394) / 1-6-2(0.0371)
2025-08-18,10,1-4-3,1-2-5,0.2540347034036386,False,1-2-5(0.2540) / 1-2-4(0.2350) / 1-5-2(0.1194) / 1-4-2(0.1089) / 1-2-6(0.0873) / 1-6-2(0.0363) / 1-2-3(0.0309) / 1-5-4(0.0299) / 1-4-5(0.0295) / 1-3-2(0.0124)
2025-08-18,11,1-2-4,1-6-2,0.10022752069086063,False,1-6-2(0.1002) / 1-2-6(0.0955) / 1-6-5(0.0855) / 1-5-6(0.0777) / 1-2-5(0.0714) / 1-5-2(0.0680) / 1-6-3(0.0598) / 1-3-6(0.0502) / 1-2-3(0.0499) / 1-3-2(0.0440)
2025-08-18,12,1-5-6,1-4-3,0.18865183975640942,False,1-4-3(0.1887) / 1-4-2(0.1465) / 1-4-6(0.1133) / 1-3-4(0.1043) / 1-4-5(0.0886) / 1-2-4(0.0776) / 1-6-4(0.0581) / 1-5-4(0.0444) / 1-3-2(0.0245) / 1-2-3(0.0235)
2025-08-19,1,1-2-4,1-2-6,0.17906598201997054,False,1-2-6(0.1791) / 1-6-2(0.1705) / 1-2-4(0.0747) / 1-6-4(0.0647) / 1-2-5(0.0584) / 1-4-2(0.0556) / 1-4-6(0.0506) / 1-6-5(0.0505) / 1-2-3(0.0440) / 1-5-2(0.0420)
2025-08-19,2,1-6-2,1-2-4,0.1707426905614465,False,1-2-4(0.1707) / 1-4-2(0.1573) / 1-2-6(0.0962) / 1-4-6(0.0751) / 1-6-2(0.0744) / 1-6-4(0.0630) / 1-2-3(0.0597) / 1-4-3(0.0466) / 1-3-2(0.0428) / 1-3-4(0.0363)
2025-08-19,8,1-4-2,1-4-2,0.23151730997262673,True,1-4-2(0.2315) / 1-2-4(0.1580) / 1-4-5(0.1577) / 1-5-4(0.0975) / 1-4-3(0.0789) / 1-2-5(0.0545) / 1-5-2(0.0494) / 1-3-4(0.0443) / 1-2-3(0.0272) / 1-3-2(0.0224)
2025-08-19,9,1-3-5,1-3-6,0.16491568141617874,False,1-3-6(0.1649) / 1-6-3(0.1342) / 1-3-4(0.0982) / 1-3-5(0.0723) / 1-4-3(0.0702) / 1-3-2(0.0580) / 1-6-4(0.0517) / 1-5-3(0.0493) / 1-4-6(0.0454) / 1-2-3(0.0386)
2025-08-19,10,1-3-2,1-4-2,0.25892693743546613,False,1-4-2(0.2589) / 1-4-5(0.2261) / 1-4-3(0.1925) / 1-4-6(0.0946) / 1-2-4(0.0639) / 1-5-4(0.0552) / 1-3-4(0.0465) / 1-6-4(0.0222) / 1-2-5(0.0055) / 1-5-2(0.0055)
2025-08-19,11,1-3-2,1-3-6,0.1768888268677902,False,1-3-6(0.1769) / 1-3-4(0.1384) / 1-6-3(0.1227) / 1-3-2(0.0982) / 1-4-3(0.0906) / 1-2-3(0.0608) / 1-6-4(0.0450) / 1-4-6(0.0425) / 1-3-5(0.0406) / 1-6-2(0.0319)
2025-08-20,1,1-5-6,1-6-2,0.26726467880593846,False,1-6-2(0.2673) / 1-6-5(0.1718) / 1-2-6(0.1429) / 1-6-3(0.0897) / 1-5-6(0.0843) / 1-6-4(0.0434) / 1-3-6(0.0411) / 1-2-5(0.0321) / 1-5-2(0.0295) / 1-4-6(0.0192)
2025-08-20,6,1-2-4,1-4-6,0.2359043953995406,False,1-4-6(0.2359) / 1-4-2(0.1823) / 1-6-4(0.1305) / 1-4-3(0.1176) / 1-2-4(0.0957) / 1-3-4(0.0581) / 1-6-2(0.0349) / 1-2-6(0.0331) / 1-6-3(0.0225) / 1-3-6(0.0201)
2025-08-20,8,1-2-4,1-5-3,0.12387229261171802,False,1-5-3(0.1239) / 1-5-4(0.1207) / 1-3-5(0.1051) / 1-4-5(0.1016) / 1-3-4(0.0681) / 1-4-3(0.0676) / 1-5-2(0.0671) / 1-2-5(0.0500) / 1-3-2(0.0379) / 1-4-2(0.0366)
2025-08-20,9,1-2-4,1-2-5,0.27240933371552994,False,1-2-5(0.2724) / 1-5-2(0.2723) / 1-2-3(0.0704) / 1-5-3(0.0703) / 1-2-6(0.0509) / 1-5-6(0.0508) / 1-3-2(0.0469) / 1-3-5(0.0469) / 1-6-2(0.0328) / 1-6-5(0.0328)
2025-08-20,11,1-2-6,1-6-3,0.24773350592649132,False,1-6-3(0.2477) / 1-6-2(0.2021) / 1-6-5(0.1370) / 1-3-6(0.1178) / 1-2-6(0.0927) / 1-5-6(0.0599) / 1-3-2(0.0261) / 1-2-3(0.0252) / 1-3-5(0.0177) / 1-5-3(0.0163)
2025-08-20,12,1-4-5,1-2-4,0.22876958329182326,False,1-2-4(0.2288) / 1-4-2(0.1940) / 1-2-6(0.1044) / 1-6-2(0.0707) / 1-4-6(0.0666) / 1-2-5(0.0557) / 1-6-4(0.0532) / 1-4-5(0.0356) / 1-5-2(0.0350) / 1-2-3(0.0311)
2025-08-21,1,1-5-2,1-6-5,0.18706476532986807,False,1-6-5(0.1871) / 1-5-6(0.1792) / 1-6-4(0.0616) / 1-6-2(0.0582) / 1-5-4(0.0544) / 1-6-3(0.0534) / 1-5-2(0.0514) / 1-5-3(0.0472) / 1-4-6(0.0443) / 1-2-6(0.0415)
2025-08-21,2,1-2-6,1-2-5,0.33201922070265805,False,1-2-5(0.3320) / 1-2-4(0.2013) / 1-5-2(0.1381) / 1-2-3(0.0782) / 1-4-2(0.0773) / 1-2-6(0.0449) / 1-3-2(0.0280) / 1-5-4(0.0222) / 1-4-5(0.0205) / 1-6-2(0.0158)
2025-08-21,7,1-6-3,1-3-6,0.47663644928988297,False,1-3-6(0.4766) / 1-6-3(0.2199) / 1-3-4(0.0622) / 1-3-5(0.0621) / 1-3-2(0.0537) / 1-4-3(0.0222) / 1-5-3(0.0222) / 1-2-3(0.0191) / 1-6-4(0.0110) / 1-6-5(0.0110)
2025-08-21,9,1-2-4,1-2-5,0.10005288845561944,False,1-2-5(0.1001) / 1-5-2(0.0984) / 1-2-3(0.0924) / 1-3-2(0.0884) / 1-5-3(0.0867) / 1-3-5(0.0844) / 1-2-4(0.0539) / 1-5-4(0.0506) / 1-4-2(0.0455) / 1-3-4(0.0455)
2025-08-22,4,1-3-4,1-6-4,0.16482672866787706,False,1-6-4(0.1648) / 1-6-3(0.1581) / 1-6-2(0.1297) / 1-4-6(0.1030) / 1-3-6(0.0979) / 1-2-6(0.0775) / 1-4-3(0.0357) / 1-3-4(0.0354) / 1-6-5(0.0322) / 1-4-2(0.0293)
2025-08-22,5,1-5-2,1-5-4,0.18811751132937904,False,1-5-4(0.1881) / 1-4-5(0.1485) / 1-5-6(0.1120) / 1-5-2(0.1100) / 1-6-5(0.0773) / 1-2-5(0.0757) / 1-4-6(0.0556) / 1-4-2(0.0546) / 1-6-4(0.0486) / 1-2-4(0.0476)
2025-08-22,6,1-3-2,1-6-3,0.20153090800893367,False,1-6-3(0.2015) / 1-3-6(0.1451) / 1-6-4(0.1319) / 1-6-2(0.0933) / 1-4-6(0.0855) / 1-2-6(0.0574) / 1-3-4(0.0506) / 1-4-3(0.0456) / 1-3-2(0.0358) / 1-2-3(0.0306)
2025-08-22,8,1-2-4,1-6-2,0.20375732918505243,False,1-6-2(0.2038) / 1-6-4(0.1645) / 1-2-6(0.1624) / 1-4-6(0.1220) / 1-2-4(0.0856) / 1-4-2(0.0797) / 1-6-5(0.0360) / 1-5-6(0.0218) / 1-6-3(0.0196) / 1-2-5(0.0188)
2025-08-22,9,1-2-4,1-2-3,0.2859190877478728,False,1-2-3(0.2859) / 1-2-6(0.2164) / 1-2-5(0.1476) / 1-2-4(0.0938) / 1-3-2(0.0813) / 1-6-2(0.0599) / 1-5-2(0.0399) / 1-4-2(0.0248) / 1-3-6(0.0081) / 1-6-3(0.0079)
2025-08-22,11,1-2-3,1-5-4,0.10859500479871266,False,1-5-4(0.1086) / 1-4-5(0.1049) / 1-5-3(0.0836) / 1-5-2(0.0810) / 1-3-5(0.0745) / 1-4-3(0.0738) / 1-2-5(0.0717) / 1-4-2(0.0715) / 1-3-4(0.0681) / 1-2-4(0.0655)
2025-08-22,12,1-2-3,1-3-6,0.1031557425171786,False,1-3-6(0.1032) / 1-6-3(0.0991) / 1-3-5(0.0720) / 1-3-4(0.0705) / 1-5-3(0.0627) / 1-6-5(0.0621) / 1-4-3(0.0611) / 1-6-4(0.0608) / 1-5-6(0.0562) / 1-4-6(0.0548)
2025-09-03,7,1-6-2,1-6-3,0.12294974762701902,False,1-6-3(0.1229) / 1-6-5(0.1192) / 1-3-6(0.0986) / 1-5-6(0.0948) / 1-6-2(0.0733) / 1-3-5(0.0549) / 1-5-3(0.0545) / 1-2-6(0.0530) / 1-6-4(0.0523) / 1-4-6(0.0363)
2025-09-03,8,1-3-2,1-4-2,0.3251464169390541,False,1-4-2(0.3251) / 1-2-4(0.2288) / 1-4-3(0.1676) / 1-3-4(0.0970) / 1-2-3(0.0709) / 1-3-2(0.0583) / 1-4-5(0.0196) / 1-5-4(0.0097) / 1-2-5(0.0083) / 1-5-2(0.0058)
2025-09-03,9,1-2-3,1-2-5,0.45725429295298187,False,1-2-5(0.4573) / 1-5-2(0.1860) / 1-2-4(0.0963) / 1-2-6(0.0685) / 1-2-3(0.0585) / 1-4-2(0.0322) / 1-6-2(0.0226) / 1-3-2(0.0192) / 1-5-4(0.0124) / 1-4-5(0.0102)
2025-09-03,10,1-3-6,1-2-6,0.19639536335311725,False,1-2-6(0.1964) / 1-2-4(0.1575) / 1-2-3(0.1470) / 1-2-5(0.1413) / 1-6-2(0.0789) / 1-4-2(0.0618) / 1-3-2(0.0573) / 1-5-2(0.0549) / 1-6-4(0.0108) / 1-4-6(0.0105)
2025-09-03,11,1-4-2,1-2-3,0.2194385134279126,False,1-2-3(0.2194) / 1-3-2(0.1837) / 1-2-4(0.0993) / 1-2-6(0.0786) / 1-4-2(0.0670) / 1-3-4(0.0607) / 1-6-2(0.0513) / 1-4-3(0.0489) / 1-3-6(0.0480) / 1-6-3(0.0374)
2025-09-03,12,1-4-3,1-4-5,0.16282080452353875,False,1-4-5(0.1628) / 1-5-4(0.1165) / 1-4-6(0.1148) / 1-4-3(0.0856) / 1-6-4(0.0761) / 1-4-2(0.0723) / 1-3-4(0.0543) / 1-2-4(0.0450) / 1-5-6(0.0398) / 1-6-5(0.0369)
2025-09-04,1,1-5-6,1-5-3,0.22354711679013933,False,1-5-3(0.2235) / 1-3-5(0.1773) / 1-5-2(0.0816) / 1-5-4(0.0683) / 1-5-6(0.0627) / 1-2-5(0.0514) / 1-3-2(0.0429) / 1-4-5(0.0423) / 1-6-5(0.0385) / 1-3-4(0.0359)
2025-09-04,4,1-2-5,1-3-5,0.3529399681289169,False,1-3-5(0.3529) / 1-5-3(0.1990) / 1-3-6(0.1446) / 1-3-2(0.0713) / 1-6-3(0.0678) / 1-5-6(0.0359) / 1-2-3(0.0316) / 1-6-5(0.0298) / 1-5-2(0.0177) / 1-2-5(0.0139)
2025-09-04,7,1-5-3,1-5-6,0.21654373685563824,False,1-5-6(0.2165) / 1-6-5(0.1744) / 1-5-3(0.1219) / 1-3-5(0.0834) / 1-6-3(0.0665) / 1-3-6(0.0564) / 1-5-4(0.0564) / 1-4-5(0.0349) / 1-5-2(0.0330) / 1-6-4(0.0307)
2025-09-04,8,1-2-3,1-2-4,0.15522692336950364,False,1-2-4(0.1552) / 1-4-2(0.1438) / 1-2-3(0.1271) / 1-3-2(0.1095) / 1-4-3(0.1000) / 1-3-4(0.0930) / 1-2-5(0.0382) / 1-4-5(0.0300) / 1-5-2(0.0269) / 1-2-6(0.0253)
2025-09-04,9,1-4-2,1-2-5,0.35096067715023427,False,1-2-5(0.3510) / 1-5-2(0.2730) / 1-2-6(0.0745) / 1-2-4(0.0437) / 1-5-6(0.0413) / 1-6-2(0.0405) / 1-6-5(0.0288) / 1-2-3(0.0285) / 1-5-4(0.0242) / 1-4-2(0.0230)
2025-09-04,10,1-2-3,1-3-2,0.41162048544324037,False,1-3-2(0.4116) / 1-2-3(0.2572) / 1-3-4(0.0694) / 1-3-6(0.0497) / 1-3-5(0.0388) / 1-4-3(0.0315) / 1-2-4(0.0237) / 1-6-3(0.0222) / 1-5-3(0.0172) / 1-4-2(0.0172)
2025-09-04,11,1-3-2,1-2-3,0.1176285705633498,False,1-2-3(0.1176) / 1-2-4(0.1138) / 1-3-2(0.1086) / 1-4-2(0.1039) / 1-3-4(0.0861) / 1-4-3(0.0851) / 1-2-5(0.0643) / 1-5-2(0.0513) / 1-3-5(0.0486) / 1-4-5(0.0465)
2025-09-04,12,1-3-4,1-6-2,0.21574843328074295,False,1-6-2(0.2157) / 1-2-6(0.1514) / 1-6-5(0.1436) / 1-5-6(0.0910) / 1-6-3(0.0777) / 1-2-5(0.0524) / 1-5-2(0.0473) / 1-3-6(0.0452) / 1-6-4(0.0323) / 1-2-3(0.0283)
2025-09-05,1,1-3-5,1-5-4,0.31202112540790145,False,1-5-4(0.3120) / 1-4-5(0.2075) / 1-5-6(0.0918) / 1-5-3(0.0723) / 1-6-5(0.0477) / 1-5-2(0.0476) / 1-3-5(0.0368) / 1-4-6(0.0331) / 1-4-3(0.0260) / 1-6-4(0.0258)
2025-09-05,3,1-4-6,1-2-4,0.15752855196810864,False,1-2-4(0.1575) / 1-4-2(0.1519) / 1-2-3(0.0953) / 1-4-3(0.0852) / 1-3-2(0.0780) / 1-3-4(0.0723) / 1-2-5(0.0531) / 1-4-5(0.0475) / 1-5-2(0.0394) / 1-5-4(0.0365)
2025-09-05,5,1-2-4,1-2-4,0.4165252321665541,True,1-2-4(0.4165) / 1-4-2(0.1818) / 1-2-5(0.1714) / 1-2-3(0.0696) / 1-5-2(0.0643) / 1-3-2(0.0247) / 1-4-5(0.0246) / 1-5-4(0.0212) / 1-4-3(0.0100) / 1-3-4(0.0081)
2025-09-05,7,1-4-5,1-5-4,0.20775350801425976,False,1-5-4(0.2078) / 1-4-5(0.2043) / 1-5-3(0.0825) / 1-4-3(0.0787) / 1-3-5(0.0607) / 1-3-4(0.0590) / 1-5-2(0.0580) / 1-4-2(0.0553) / 1-2-5(0.0407) / 1-2-4(0.0395)
2025-09-05,8,1-6-5,1-4-2,0.16635390285555157,False,1-4-2(0.1664) / 1-4-6(0.1417) / 1-4-3(0.1224) / 1-4-5(0.1103) / 1-2-4(0.0890) / 1-6-4(0.0740) / 1-3-4(0.0627) / 1-5-4(0.0559) / 1-2-6(0.0198) / 1-6-2(0.0193)
2025-09-05,9,1-6-4,1-4-2,0.18984275138972997,False,1-4-2(0.1898) / 1-4-5(0.1724) / 1-4-6(0.1109) / 1-2-4(0.1079) / 1-5-4(0.0962) / 1-6-4(0.0581) / 1-4-3(0.0549) / 1-2-5(0.0315) / 1-5-2(0.0309) / 1-3-4(0.0273)
2025-09-05,11,1-3-2,1-5-2,0.18489598439449906,False,1-5-2(0.1849) / 1-2-5(0.1387) / 1-5-6(0.1194) / 1-5-4(0.0929) / 1-6-5(0.0804) / 1-4-5(0.0601) / 1-2-6(0.0504) / 1-6-2(0.0453) / 1-2-4(0.0392) / 1-5-3(0.0349)
2025-09-06,1,1-4-2,1-4-2,0.17704679688093541,True,1-4-2(0.1770) / 1-2-4(0.1754) / 1-4-5(0.0928) / 1-2-5(0.0903) / 1-5-4(0.0740) / 1-5-2(0.0727) / 1-4-6(0.0430) / 1-2-6(0.0418) / 1-4-3(0.0311) / 1-6-4(0.0307)
2025-09-06,3,1-2-3,1-4-5,0.20532270274205788,False,1-4-5(0.2053) / 1-5-4(0.1793) / 1-4-3(0.1504) / 1-3-4(0.1172) / 1-5-3(0.1026) / 1-3-5(0.0915) / 1-4-2(0.0400) / 1-5-2(0.0273) / 1-2-4(0.0256) / 1-2-5(0.0200)
2025-09-06,4,1-3-4,1-5-6,0.191225653873125,False,1-5-6(0.1912) / 1-5-3(0.1839) / 1-6-5(0.1199) / 1-3-5(0.1142) / 1-5-2(0.0757) / 1-6-3(0.0453) / 1-3-6(0.0449) / 1-5-4(0.0445) / 1-2-5(0.0414) / 1-4-5(0.0235)
2025-09-06,6,1-6-2,1-5-6,0.46508408603741963,False,1-5-6(0.4651) / 1-6-5(0.1845) / 1-5-3(0.0986) / 1-5-4(0.0841) / 1-5-2(0.0394) / 1-3-5(0.0323) / 1-4-5(0.0274) / 1-2-5(0.0126) / 1-6-3(0.0120) / 1-6-4(0.0103)
2025-09-06,7,1-3-2,1-5-6,0.3459253579873318,False,1-5-6(0.3459) / 1-6-5(0.2577) / 1-5-3(0.0918) / 1-5-2(0.0527) / 1-3-5(0.0497) / 1-6-3(0.0455) / 1-3-6(0.0331) / 1-2-5(0.0274) / 1-6-2(0.0262) / 1-2-6(0.0183)
2025-09-06,9,1-3-4,1-3-2,0.2140861408339477,False,1-3-2(0.2141) / 1-2-3(0.1668) / 1-3-5(0.1539) / 1-5-3(0.1083) / 1-2-5(0.0760) / 1-5-2(0.0687) / 1-3-4(0.0470) / 1-4-3(0.0282) / 1-2-4(0.0232) / 1-3-6(0.0212)
2025-09-07,2,1-3-4,1-3-6,0.18093532888374805,False,1-3-6(0.1809) / 1-6-3(0.1372) / 1-3-4(0.1050) / 1-3-2(0.0785) / 1-4-3(0.0702) / 1-3-5(0.0619) / 1-2-3(0.0504) / 1-6-4(0.0455) / 1-4-6(0.0401) / 1-5-3(0.0387)
2025-09-07,4,1-3-2,1-5-6,0.3385481620792294,False,1-5-6(0.3385) / 1-5-2(0.2215) / 1-6-5(0.1336) / 1-2-5(0.0817) / 1-5-4(0.0739) / 1-5-3(0.0371) / 1-4-5(0.0252) / 1-6-2(0.0216) / 1-2-6(0.0202) / 1-3-5(0.0124)
2025-09-07,5,1-4-6,1-4-6,0.27806853957386823,True,1-4-6(0.2781) / 1-6-4(0.2462) / 1-4-5(0.0653) / 1-4-3(0.0622) / 1-6-5(0.0481) / 1-6-3(0.0458) / 1-5-4(0.0403) / 1-3-4(0.0383) / 1-5-6(0.0335) / 1-3-6(0.0318)
2025-09-07,6,1-2-3,1-3-2,0.3579001964832043,False,1-3-2(0.3579) / 1-2-3(0.2473) / 1-3-4(0.1508) / 1-4-3(0.0820) / 1-2-4(0.0627) / 1-4-2(0.0494) / 1-3-6(0.0183) / 1-6-3(0.0087) / 1-2-6(0.0076) / 1-6-2(0.0053)
2025-09-07,7,1-3-6,1-6-3,0.46133266824907704,False,1-6-3(0.4613) / 1-3-6(0.1779) / 1-6-5(0.1438) / 1-6-4(0.0502) / 1-5-6(0.0471) / 1-6-2(0.0378) / 1-3-5(0.0163) / 1-4-6(0.0158) / 1-5-3(0.0139) / 1-2-6(0.0118)
2025-09-07,8,1-2-3,1-2-4,0.19869173414679484,False,1-2-4(0.1987) / 1-4-2(0.1576) / 1-2-6(0.0814) / 1-2-5(0.0714) / 1-2-3(0.0709) / 1-6-2(0.0529) / 1-5-2(0.0457) / 1-3-2(0.0453) / 1-4-6(0.0415) / 1-4-5(0.0364)
2025-09-07,11,1-5-3,1-3-5,0.13225983031184324,False,1-3-5(0.1323) / 1-5-3(0.1281) / 1-3-6(0.0935) / 1-5-6(0.0840) / 1-6-3(0.0808) / 1-6-5(0.0750) / 1-3-2(0.0555) / 1-5-2(0.0499) / 1-2-3(0.0435) / 1-2-5(0.0403)
2025-09-07,12,1-4-3,1-5-6,0.23344829386699864,False,1-5-6(0.2334) / 1-6-5(0.1926) / 1-5-4(0.0911) / 1-5-3(0.0665) / 1-4-5(0.0590) / 1-6-4(0.0541) / 1-4-6(0.0425) / 1-3-5(0.0416) / 1-6-3(0.0395) / 1-5-2(0.0390)
2025-09-12,7,1-2-3,1-2-6,0.23986193863657856,False,1-2-6(0.2399) / 1-6-2(0.1973) / 1-2-3(0.1364) / 1-3-2(0.0938) / 1-6-3(0.0807) / 1-3-6(0.0674) / 1-2-5(0.0431) / 1-5-2(0.0258) / 1-6-5(0.0255) / 1-5-6(0.0185)
2025-09-12,8,1-2-4,1-2-4,0.3769390701297732,True,1-2-4(0.3769) / 1-4-2(0.2327) / 1-2-5(0.1019) / 1-5-2(0.0483) / 1-2-6(0.0463) / 1-2-3(0.0380) / 1-4-5(0.0327) / 1-5-4(0.0251) / 1-6-2(0.0210) / 1-3-2(0.0171)
2025-09-12,9,1-3-4,1-4-3,0.23749325085056075,False,1-4-3(0.2375) / 1-3-4(0.1535) / 1-4-5(0.1402) / 1-5-4(0.0806) / 1-4-2(0.0700) / 1-4-6(0.0567) / 1-3-5(0.0419) / 1-5-3(0.0373) / 1-2-4(0.0372) / 1-6-4(0.0298)
2025-09-12,10,1-3-5,1-2-3,0.17836567289246766,False,1-2-3(0.1784) / 1-3-2(0.1400) / 1-2-4(0.1341) / 1-4-2(0.0970) / 1-2-5(0.0744) / 1-3-4(0.0643) / 1-4-3(0.0593) / 1-5-2(0.0488) / 1-3-5(0.0357) / 1-5-3(0.0298)
2025-09-12,12,1-3-5,1-5-2,0.13045715478224468,False,1-5-2(0.1305) / 1-2-5(0.1092) / 1-5-3(0.1012) / 1-3-5(0.0793) / 1-5-4(0.0737) / 1-2-3(0.0552) / 1-4-5(0.0544) / 1-5-6(0.0531) / 1-3-2(0.0516) / 1-2-4(0.0402)
2025-09-13,1,1-3-2,1-4-2,0.15734831790474266,False,1-4-2(0.1573) / 1-4-3(0.1498) / 1-2-4(0.1367) / 1-3-4(0.1279) / 1-2-3(0.0964) / 1-3-2(0.0947) / 1-4-5(0.0414) / 1-5-4(0.0282) / 1-2-5(0.0266) / 1-3-5(0.0249)
2025-09-13,6,1-2-3,1-3-6,0.29540337541753003,False,1-3-6(0.2954) / 1-6-3(0.2181) / 1-3-4(0.1086) / 1-4-3(0.0626) / 1-3-5(0.0596) / 1-6-4(0.0505) / 1-4-6(0.0394) / 1-5-3(0.0324) / 1-6-5(0.0277) / 1-3-2(0.0258)
2025-09-13,7,1-6-5,1-6-5,0.3402815297602106,True,1-6-5(0.3403) / 1-5-6(0.2197) / 1-6-2(0.0865) / 1-6-3(0.0785) / 1-2-6(0.0428) / 1-3-6(0.0386) / 1-6-4(0.0356) / 1-5-2(0.0298) / 1-5-3(0.0271) / 1-2-5(0.0229)
2025-09-13,12,1-6-5,1-5-2,0.1821649873263023,False,1-5-2(0.1822) / 1-2-5(0.1289) / 1-5-4(0.1006) / 1-5-6(0.0894) / 1-5-3(0.0780) / 1-4-5(0.0631) / 1-6-5(0.0552) / 1-3-5(0.0474) / 1-2-4(0.0352) / 1-2-6(0.0313)
2025-09-14,4,1-5-2,1-5-3,0.23096104694146088,False,1-5-3(0.2310) / 1-3-5(0.1833) / 1-5-2(0.1605) / 1-2-5(0.1130) / 1-3-2(0.0851) / 1-2-3(0.0755) / 1-5-6(0.0332) / 1-6-5(0.0194) / 1-3-6(0.0176) / 1-5-4(0.0152)
2025-09-14,6,1-6-5,1-4-6,0.286535651652282,False,1-4-6(0.2865) / 1-4-3(0.1907) / 1-4-2(0.1188) / 1-6-4(0.1117) / 1-3-4(0.0704) / 1-4-5(0.0702) / 1-2-4(0.0422) / 1-5-4(0.0243) / 1-6-3(0.0160) / 1-3-6(0.0152)
2025-09-14,7,1-2-5,1-2-5,0.2960538783007444,True,1-2-5(0.2961) / 1-5-2(0.1627) / 1-2-3(0.1376) / 1-2-4(0.0839) / 1-3-2(0.0656) / 1-2-6(0.0546) / 1-4-2(0.0383) / 1-5-3(0.0293) / 1-3-5(0.0254) / 1-6-2(0.0244)
2025-09-14,8,1-2-4,1-2-4,0.2877045905559274,True,1-2-4(0.2877) / 1-2-5(0.2078) / 1-4-2(0.1438) / 1-5-2(0.0973) / 1-2-3(0.0865) / 1-3-2(0.0370) / 1-4-5(0.0337) / 1-5-4(0.0316) / 1-2-6(0.0152) / 1-4-3(0.0140)
2025-09-14,9,1-3-2,1-5-2,0.10698044240744622,False,1-5-2(0.1070) / 1-2-5(0.1059) / 1-5-6(0.0939) / 1-2-6(0.0905) / 1-6-5(0.0888) / 1-6-2(0.0865) / 1-5-3(0.0621) / 1-2-3(0.0598) / 1-3-5(0.0530) / 1-3-2(0.0517)
2025-09-14,11,1-3-6,1-6-3,0.1511594555821695,False,1-6-3(0.1512) / 1-6-2(0.1469) / 1-3-6(0.1301) / 1-2-6(0.1252) / 1-3-2(0.0908) / 1-2-3(0.0899) / 1-6-5(0.0387) / 1-6-4(0.0286) / 1-5-6(0.0263) / 1-3-5(0.0239)
2025-09-14,12,1-2-4,1-2-6,0.0783766993279767,False,1-2-6(0.0784) / 1-2-3(0.0763) / 1-2-4(0.0720) / 1-6-2(0.0694) / 1-3-2(0.0671) / 1-4-2(0.0625) / 1-2-5(0.0603) / 1-5-2(0.0506) / 1-6-3(0.0458) / 1-3-6(0.0455)
2025-09-15,1,1-2-3,1-6-2,0.11202614382599993,False,1-6-2(0.1120) / 1-2-6(0.1084) / 1-6-5(0.0752) / 1-2-5(0.0669) / 1-5-6(0.0649) / 1-5-2(0.0596) / 1-6-4(0.0574) / 1-2-4(0.0510) / 1-6-3(0.0489) / 1-4-6(0.0470)
2025-09-15,3,1-3-2,1-2-5,0.20661594311161466,False,1-2-5(0.2066) / 1-2-3(0.1482) / 1-5-2(0.1420) / 1-3-2(0.0938) / 1-2-4(0.0774) / 1-5-3(0.0499) / 1-3-5(0.0460) / 1-4-2(0.0448) / 1-2-6(0.0396) / 1-5-4(0.0261)
2025-09-15,4,1-4-3,1-5-4,0.1401921907347317,False,1-5-4(0.1402) / 1-4-5(0.1377) / 1-5-3(0.0881) / 1-4-3(0.0832) / 1-3-5(0.0745) / 1-3-4(0.0716) / 1-5-6(0.0670) / 1-4-6(0.0632) / 1-6-5(0.0536) / 1-6-4(0.0515)
2025-09-15,5,1-4-5,1-4-5,0.2500813717460295,True,1-4-5(0.2501) / 1-5-4(0.2022) / 1-4-3(0.0909) / 1-3-4(0.0570) / 1-4-6(0.0532) / 1-5-3(0.0517) / 1-4-2(0.0501) / 1-3-5(0.0401) / 1-6-4(0.0317) / 1-5-6(0.0303)
2025-09-15,6,1-2-5,1-6-3,0.34005278438680636,False,1-6-3(0.3401) / 1-3-6(0.2512) / 1-6-5(0.0927) / 1-5-6(0.0503) / 1-3-5(0.0448) / 1-6-2(0.0369) / 1-6-4(0.0366) / 1-5-3(0.0330) / 1-2-6(0.0189) / 1-4-6(0.0187)
2025-09-15,7,1-4-6,1-4-6,0.3856910630901519,True,1-4-6(0.3857) / 1-6-4(0.3403) / 1-4-3(0.0396) / 1-4-2(0.0329) / 1-6-3(0.0299) / 1-6-2(0.0249) / 1-4-5(0.0244) / 1-3-4(0.0214) / 1-6-5(0.0185) / 1-3-6(0.0183)
2025-09-15,9,1-2-5,1-2-3,0.2776784702838417,False,1-2-3(0.2777) / 1-3-2(0.1758) / 1-2-6(0.1518) / 1-2-5(0.0841) / 1-6-2(0.0835) / 1-3-6(0.0459) / 1-5-2(0.0432) / 1-6-3(0.0398) / 1-3-5(0.0254) / 1-5-3(0.0206)
2025-09-16,1,1-4-5,1-4-5,0.3463626778489973,True,1-4-5(0.3464) / 1-5-4(0.2777) / 1-4-2(0.0841) / 1-4-3(0.0511) / 1-5-2(0.0500) / 1-2-4(0.0471) / 1-2-5(0.0349) / 1-5-3(0.0303) / 1-3-4(0.0276) / 1-3-5(0.0204)
2025-09-16,2,1-3-2,1-6-5,0.28620543582586067,False,1-6-5(0.2862) / 1-5-6(0.2234) / 1-6-3(0.0815) / 1-6-4(0.0755) / 1-3-6(0.0475) / 1-4-6(0.0437) / 1-5-3(0.0435) / 1-5-4(0.0403) / 1-3-5(0.0325) / 1-4-5(0.0299)
2025-09-16,4,1-2-6,1-6-5,0.24766589924491145,False,1-6-5(0.2477) / 1-6-3(0.1909) / 1-5-6(0.1280) / 1-6-2(0.1219) / 1-3-6(0.0939) / 1-2-6(0.0566) / 1-5-3(0.0311) / 1-3-5(0.0296) / 1-5-2(0.0198) / 1-2-5(0.0178)
2025-09-16,8,1-2-4,1-5-2,0.16389804800376834,False,1-5-2(0.1639) / 1-2-5(0.1487) / 1-5-3(0.1069) / 1-3-5(0.0848) / 1-2-3(0.0793) / 1-5-4(0.0697) / 1-3-2(0.0693) / 1-2-4(0.0517) / 1-4-5(0.0510) / 1-4-2(0.0417)
2025-09-16,9,1-2-3,1-2-6,0.15972648924306151,False,1-2-6(0.1597) / 1-2-3(0.1173) / 1-6-2(0.1122) / 1-2-5(0.0836) / 1-2-4(0.0795) / 1-3-2(0.0772) / 1-5-2(0.0524) / 1-4-2(0.0495) / 1-6-3(0.0380) / 1-3-6(0.0356)
2025-09-16,10,1-6-2,1-6-2,0.17683629901160502,True,1-6-2(0.1768) / 1-6-5(0.1739) / 1-2-6(0.1289) / 1-5-6(0.1262) / 1-6-4(0.0681) / 1-2-5(0.0661) / 1-5-2(0.0658) / 1-4-6(0.0420) / 1-2-4(0.0259) / 1-5-4(0.0253)
2025-09-16,11,1-6-4,1-6-5,0.12104689894263158,False,1-6-5(0.1210) / 1-5-6(0.1178) / 1-6-3(0.1163) / 1-3-6(0.1114) / 1-5-3(0.1059) / 1-3-5(0.1043) / 1-6-2(0.0397) / 1-5-2(0.0362) / 1-3-2(0.0342) / 1-2-6(0.0306)
2025-09-16,12,1-4-3,1-6-2,0.08428216800832468,False,1-6-2(0.0843) / 1-2-6(0.0841) / 1-6-4(0.0700) / 1-2-4(0.0693) / 1-4-6(0.0661) / 1-4-2(0.0656) / 1-6-3(0.0607) / 1-2-3(0.0601) / 1-3-6(0.0554) / 1-3-2(0.0550)
2025-09-17,1,1-6-4,1-4-2,0.27240182249643097,False,1-4-2(0.2724) / 1-4-5(0.1996) / 1-4-3(0.1743) / 1-2-4(0.0846) / 1-4-6(0.0757) / 1-5-4(0.0601) / 1-3-4(0.0519) / 1-6-4(0.0217) / 1-2-5(0.0090) / 1-5-2(0.0087)
2025-09-17,5,1-3-4,1-3-6,0.17275773548365783,False,1-3-6(0.1728) / 1-6-3(0.1519) / 1-3-2(0.0873) / 1-3-5(0.0714) / 1-2-3(0.0640) / 1-6-2(0.0592) / 1-5-3(0.0507) / 1-2-6(0.0493) / 1-6-5(0.0484) / 1-3-4(0.0429)
2025-09-17,6,1-3-2,1-4-2,0.20130146553277392,False,1-4-2(0.2013) / 1-2-4(0.1629) / 1-4-6(0.0952) / 1-6-4(0.0639) / 1-4-5(0.0612) / 1-4-3(0.0601) / 1-2-6(0.0517) / 1-6-2(0.0429) / 1-5-4(0.0390) / 1-3-4(0.0382)
2025-09-17,7,1-3-2,1-4-6,0.39470717806674394,False,1-4-6(0.3947) / 1-6-4(0.2570) / 1-4-5(0.0772) / 1-4-3(0.0575) / 1-5-4(0.0366) / 1-6-5(0.0287) / 1-3-4(0.0268) / 1-4-2(0.0255) / 1-6-3(0.0214) / 1-5-6(0.0209)
2025-09-17,8,1-4-5,1-4-2,0.22992698484203425,False,1-4-2(0.2299) / 1-4-5(0.1701) / 1-4-3(0.1684) / 1-2-4(0.0979) / 1-5-4(0.0696) / 1-3-4(0.0688) / 1-4-6(0.0630) / 1-6-4(0.0241) / 1-2-5(0.0154) / 1-2-3(0.0152)
2025-09-17,11,1-5-2,1-3-2,0.10379027338595716,False,1-3-2(0.1038) / 1-2-3(0.0949) / 1-3-6(0.0942) / 1-3-5(0.0918) / 1-6-3(0.0837) / 1-5-3(0.0809) / 1-2-6(0.0676) / 1-2-5(0.0658) / 1-6-2(0.0657) / 1-5-2(0.0635)
2025-09-18,1,1-4-5,1-4-5,0.13326462318480908,True,1-4-5(0.1333) / 1-4-2(0.1297) / 1-5-4(0.1047) / 1-4-3(0.1023) / 1-2-4(0.1012) / 1-3-4(0.0756) / 1-5-2(0.0572) / 1-2-5(0.0568) / 1-5-3(0.0451) / 1-2-3(0.0436)
2025-09-18,2,1-3-2,1-2-3,0.2622001588906085,False,1-2-3(0.2622) / 1-2-4(0.2239) / 1-3-2(0.1372) / 1-4-2(0.1132) / 1-2-5(0.0565) / 1-3-4(0.0390) / 1-4-3(0.0377) / 1-2-6(0.0347) / 1-5-2(0.0249) / 1-6-2(0.0150)
2025-09-18,3,1-6-4,1-6-5,0.17237504830161032,False,1-6-5(0.1724) / 1-5-6(0.1587) / 1-6-3(0.0773) / 1-6-4(0.0697) / 1-5-3(0.0603) / 1-3-6(0.0572) / 1-5-4(0.0544) / 1-4-6(0.0508) / 1-3-5(0.0485) / 1-4-5(0.0431)
2025-09-18,4,1-2-3,1-5-2,0.17448953977749726,False,1-5-2(0.1745) / 1-5-6(0.1525) / 1-2-5(0.1264) / 1-6-5(0.1066) / 1-5-4(0.0765) / 1-2-6(0.0565) / 1-6-2(0.0546) / 1-4-5(0.0477) / 1-5-3(0.0343) / 1-2-4(0.0283)
2025-09-18,5,1-3-4,1-3-4,0.21430114118023366,True,1-3-4(0.2143) / 1-4-3(0.1695) / 1-3-6(0.1132) / 1-3-2(0.0803) / 1-6-3(0.0756) / 1-4-6(0.0584) / 1-2-3(0.0510) / 1-6-4(0.0493) / 1-4-2(0.0414) / 1-2-4(0.0333)
2025-09-18,6,1-3-4,1-3-6,0.23296678925292488,False,1-3-6(0.2330) / 1-3-2(0.1750) / 1-6-3(0.1313) / 1-3-4(0.1225) / 1-2-3(0.0931) / 1-4-3(0.0620) / 1-6-2(0.0351) / 1-2-6(0.0331) / 1-6-4(0.0246) / 1-4-6(0.0220)
2025-09-18,8,1-6-5,1-2-3,0.14790069827497057,False,1-2-3(0.1479) / 1-3-2(0.1197) / 1-2-6(0.1057) / 1-2-5(0.0970) / 1-6-2(0.0785) / 1-5-2(0.0708) / 1-3-6(0.0531) / 1-6-3(0.0488) / 1-3-5(0.0487) / 1-5-3(0.0440)
2025-09-18,9,1-4-6,1-6-3,0.2735232818782213,False,1-6-3(0.2735) / 1-6-4(0.2127) / 1-6-2(0.1151) / 1-6-5(0.1058) / 1-3-6(0.0903) / 1-4-6(0.0683) / 1-2-6(0.0354) / 1-5-6(0.0324) / 1-3-4(0.0113) / 1-4-3(0.0109)
2025-09-18,10,1-4-2,1-3-4,0.1595471465326394,False,1-3-4(0.1595) / 1-4-3(0.1562) / 1-3-2(0.0690) / 1-4-2(0.0647) / 1-3-5(0.0611) / 1-4-5(0.0572) / 1-2-3(0.0534) / 1-2-4(0.0511) / 1-5-3(0.0464) / 1-5-4(0.0444)
2025-09-18,11,1-3-4,1-3-6,0.08422974268591624,False,1-3-6(0.0842) / 1-6-3(0.0801) / 1-3-4(0.0698) / 1-4-3(0.0631) / 1-3-2(0.0596) / 1-6-4(0.0571) / 1-4-6(0.0543) / 1-3-5(0.0541) / 1-2-3(0.0521) / 1-6-2(0.0488)
2025-09-18,12,1-4-6,1-4-2,0.10708091925424192,False,1-4-2(0.1071) / 1-4-3(0.0954) / 1-2-4(0.0888) / 1-4-6(0.0858) / 1-3-4(0.0769) / 1-6-4(0.0677) / 1-4-5(0.0536) / 1-2-3(0.0477) / 1-3-2(0.0464) / 1-2-6(0.0429)
2025-09-25,3,1-4-2,1-4-2,0.2098222856812554,True,1-4-2(0.2098) / 1-4-3(0.1545) / 1-2-4(0.1401) / 1-3-4(0.0958) / 1-4-6(0.0675) / 1-4-5(0.0507) / 1-2-3(0.0481) / 1-3-2(0.0447) / 1-6-4(0.0377) / 1-5-4(0.0277)
2025-09-25,6,1-5-2,1-6-5,0.3312673754256512,False,1-6-5(0.3313) / 1-5-6(0.3309) / 1-6-2(0.0364) / 1-5-2(0.0363) / 1-6-3(0.0335) / 1-5-3(0.0335) / 1-6-4(0.0323) / 1-5-4(0.0322) / 1-2-6(0.0217) / 1-2-5(0.0216)
2025-09-25,7,1-5-3,1-5-6,0.38230643450609386,False,1-5-6(0.3823) / 1-6-5(0.2035) / 1-5-2(0.1119) / 1-5-3(0.0897) / 1-2-5(0.0481) / 1-3-5(0.0379) / 1-6-2(0.0250) / 1-2-6(0.0202) / 1-6-3(0.0200) / 1-5-4(0.0182)
2025-09-25,9,1-2-5,1-3-5,0.08677738017113876,False,1-3-5(0.0868) / 1-3-4(0.0833) / 1-5-3(0.0822) / 1-4-3(0.0780) / 1-3-2(0.0766) / 1-2-3(0.0701) / 1-5-4(0.0672) / 1-4-5(0.0664) / 1-5-2(0.0618) / 1-2-5(0.0597)
2025-09-25,10,1-2-4,1-2-4,0.2724175855085551,True,1-2-4(0.2724) / 1-2-5(0.1469) / 1-4-2(0.1422) / 1-2-3(0.1063) / 1-5-2(0.0689) / 1-2-6(0.0551) / 1-3-2(0.0483) / 1-4-5(0.0260) / 1-6-2(0.0241) / 1-5-4(0.0233)
2025-09-25,11,1-3-4,1-2-4,0.1716734049637982,False,1-2-4(0.1717) / 1-2-3(0.1383) / 1-4-2(0.1345) / 1-3-2(0.1018) / 1-4-3(0.0653) / 1-3-4(0.0613) / 1-2-6(0.0589) / 1-2-5(0.0412) / 1-6-2(0.0379) / 1-4-6(0.0278)
2025-09-25,12,1-5-3,1-4-3,0.09927206110213072,False,1-4-3(0.0993) / 1-4-6(0.0882) / 1-4-5(0.0865) / 1-3-4(0.0818) / 1-6-4(0.0707) / 1-5-4(0.0691) / 1-4-2(0.0632) / 1-2-4(0.0478) / 1-3-6(0.0421) / 1-3-5(0.0412)
2025-09-26,1,1-2-3,1-2-3,0.09024822910524016,True,1-2-3(0.0902) / 1-3-2(0.0897) / 1-2-4(0.0733) / 1-3-4(0.0716) / 1-2-5(0.0684) / 1-4-2(0.0684) / 1-4-3(0.0673) / 1-3-5(0.0669) / 1-5-2(0.0628) / 1-5-3(0.0618)
2025-09-26,3,1-3-2,1-5-3,0.2009118964272282,False,1-5-3(0.2009) / 1-5-6(0.1642) / 1-5-4(0.1134) / 1-3-5(0.1043) / 1-5-2(0.0836) / 1-6-5(0.0824) / 1-4-5(0.0545) / 1-2-5(0.0391) / 1-3-6(0.0237) / 1-6-3(0.0230)
2025-09-26,8,1-3-5,1-3-6,0.281117189765504,False,1-3-6(0.2811) / 1-6-3(0.2673) / 1-3-2(0.0782) / 1-6-2(0.0690) / 1-2-3(0.0509) / 1-2-6(0.0473) / 1-3-5(0.0360) / 1-6-5(0.0318) / 1-3-4(0.0240) / 1-5-3(0.0220)
2025-09-26,9,1-2-5,1-5-3,0.18760229694429364,False,1-5-3(0.1876) / 1-3-5(0.1454) / 1-5-2(0.1428) / 1-2-5(0.1023) / 1-3-2(0.0669) / 1-5-4(0.0653) / 1-2-3(0.0618) / 1-4-5(0.0414) / 1-3-4(0.0306) / 1-5-6(0.0275)
2025-09-26,10,1-3-2,1-6-3,0.2226416350879341,False,1-6-3(0.2226) / 1-3-6(0.2053) / 1-6-4(0.0931) / 1-3-4(0.0747) / 1-4-6(0.0659) / 1-6-2(0.0616) / 1-4-3(0.0573) / 1-3-2(0.0494) / 1-2-6(0.0412) / 1-2-3(0.0359)
2025-09-26,11,1-6-2,1-3-2,0.13483412454656563,False,1-3-2(0.1348) / 1-2-3(0.1285) / 1-3-4(0.1158) / 1-4-3(0.1045) / 1-2-4(0.0987) / 1-4-2(0.0934) / 1-3-5(0.0493) / 1-2-5(0.0420) / 1-5-3(0.0375) / 1-4-5(0.0342)
2025-09-26,12,1-4-5,1-2-4,0.17735169730671763,False,1-2-4(0.1774) / 1-4-2(0.1523) / 1-2-3(0.1007) / 1-2-5(0.0824) / 1-3-2(0.0739) / 1-4-3(0.0638) / 1-5-2(0.0584) / 1-3-4(0.0545) / 1-4-5(0.0522) / 1-5-4(0.0430)
2025-09-27,6,1-4-3,1-6-2,0.17200398176009446,False,1-6-2(0.1720) / 1-6-3(0.1710) / 1-2-6(0.1403) / 1-3-6(0.1392) / 1-2-3(0.0916) / 1-3-2(0.0914) / 1-6-4(0.0276) / 1-6-5(0.0266) / 1-4-6(0.0174) / 1-5-6(0.0167)
2025-09-27,8,1-3-5,1-3-5,0.20527842079055642,True,1-3-5(0.2053) / 1-5-3(0.1765) / 1-3-4(0.0771) / 1-3-2(0.0695) / 1-4-3(0.0520) / 1-3-6(0.0504) / 1-5-4(0.0503) / 1-2-3(0.0463) / 1-5-2(0.0453) / 1-4-5(0.0394)
2025-09-27,10,1-2-3,1-2-3,0.11777854056046312,True,1-2-3(0.1178) / 1-3-2(0.1172) / 1-2-4(0.0865) / 1-3-4(0.0850) / 1-4-2(0.0777) / 1-4-3(0.0768) / 1-2-6(0.0746) / 1-3-6(0.0733) / 1-6-2(0.0646) / 1-6-3(0.0638)
2025-09-27,12,1-3-5,1-4-2,0.11825963847941177,False,1-4-2(0.1183) / 1-2-4(0.1105) / 1-4-6(0.0888) / 1-6-4(0.0762) / 1-4-3(0.0745) / 1-2-6(0.0701) / 1-6-2(0.0644) / 1-3-4(0.0616) / 1-2-3(0.0588) / 1-3-2(0.0520)
2025-09-28,1,1-2-6,1-6-2,0.12585115842146058,False,1-6-2(0.1259) / 1-2-6(0.1243) / 1-6-5(0.0750) / 1-2-5(0.0720) / 1-5-6(0.0635) / 1-6-4(0.0623) / 1-5-2(0.0617) / 1-2-4(0.0599) / 1-4-6(0.0510) / 1-4-2(0.0495)
2025-09-28,6,1-3-6,1-5-6,0.274846341038178,False,1-5-6(0.2748) / 1-6-5(0.2478) / 1-5-3(0.1001) / 1-6-3(0.0771) / 1-3-5(0.0660) / 1-3-6(0.0564) / 1-5-2(0.0302) / 1-5-4(0.0236) / 1-6-2(0.0233) / 1-6-4(0.0181)
2025-09-28,8,1-6-3,1-6-3,0.1906739982880519,True,1-6-3(0.1907) / 1-3-6(0.1891) / 1-6-4(0.0965) / 1-3-4(0.0942) / 1-4-6(0.0757) / 1-4-3(0.0746) / 1-6-5(0.0532) / 1-3-5(0.0520) / 1-5-6(0.0381) / 1-5-3(0.0375)
2025-09-28,10,1-3-4,1-5-2,0.19210943914505726,False,1-5-2(0.1921) / 1-5-4(0.1679) / 1-2-5(0.1405) / 1-4-5(0.1181) / 1-2-4(0.0663) / 1-4-2(0.0638) / 1-5-3(0.0549) / 1-3-5(0.0327) / 1-5-6(0.0295) / 1-2-3(0.0217)
2025-09-28,11,1-3-2,1-3-2,0.4088682641646942,True,1-3-2(0.4089) / 1-2-3(0.2022) / 1-3-5(0.1183) / 1-3-4(0.0544) / 1-5-3(0.0476) / 1-3-6(0.0447) / 1-2-5(0.0228) / 1-4-3(0.0210) / 1-5-2(0.0185) / 1-6-3(0.0172)
2025-09-29,3,1-3-4,1-6-4,0.2615716512110452,False,1-6-4(0.2616) / 1-4-6(0.1665) / 1-6-3(0.1349) / 1-3-6(0.0743) / 1-6-2(0.0649) / 1-6-5(0.0569) / 1-4-3(0.0403) / 1-3-4(0.0348) / 1-2-6(0.0333) / 1-5-6(0.0289)
2025-09-29,4,1-2-6,1-4-2,0.13495269232689794,False,1-4-2(0.1350) / 1-2-4(0.1340) / 1-4-6(0.1210) / 1-2-6(0.1181) / 1-6-4(0.1150) / 1-6-2(0.1131) / 1-4-3(0.0363) / 1-2-3(0.0354) / 1-6-3(0.0304) / 1-3-4(0.0273)
2025-09-29,5,1-4-2,1-3-6,0.12779997102431656,False,1-3-6(0.1278) / 1-6-3(0.1203) / 1-3-4(0.1102) / 1-4-3(0.0985) / 1-6-4(0.0897) / 1-4-6(0.0853) / 1-3-5(0.0648) / 1-6-5(0.0528) / 1-5-3(0.0514) / 1-5-6(0.0445)
2025-09-29,8,1-2-3,1-3-4,0.17848478103433227,False,1-3-4(0.1785) / 1-3-2(0.1781) / 1-3-6(0.1297) / 1-4-3(0.0954) / 1-2-3(0.0951) / 1-6-3(0.0662) / 1-3-5(0.0590) / 1-5-3(0.0282) / 1-4-2(0.0260) / 1-2-4(0.0260)
2025-09-29,9,1-3-2,1-4-5,0.0785459412745664,False,1-4-5(0.0785) / 1-5-4(0.0760) / 1-4-2(0.0693) / 1-4-6(0.0660) / 1-2-4(0.0648) / 1-6-4(0.0610) / 1-5-2(0.0605) / 1-2-5(0.0584) / 1-5-6(0.0576) / 1-6-5(0.0550)
2025-09-29,10,1-3-4,1-3-6,0.16656634783801524,False,1-3-6(0.1666) / 1-6-3(0.1572) / 1-3-2(0.0932) / 1-6-2(0.0782) / 1-2-3(0.0734) / 1-2-6(0.0652) / 1-3-4(0.0576) / 1-6-4(0.0483) / 1-4-3(0.0420) / 1-4-6(0.0373)
2025-09-29,11,1-2-3,1-3-4,0.10373981957650101,False,1-3-4(0.1037) / 1-3-2(0.1026) / 1-4-3(0.0944) / 1-2-3(0.0931) / 1-3-5(0.0831) / 1-4-2(0.0725) / 1-2-4(0.0722) / 1-5-3(0.0713) / 1-4-5(0.0587) / 1-2-5(0.0579)
2025-09-29,12,1-4-6,1-3-6,0.13544931943044497,False,1-3-6(0.1354) / 1-6-3(0.1155) / 1-3-5(0.0944) / 1-5-3(0.0733) / 1-3-2(0.0646) / 1-3-4(0.0616) / 1-6-5(0.0554) / 1-5-6(0.0505) / 1-2-3(0.0471) / 1-4-3(0.0446)
2025-09-30,2,1-2-3,1-2-3,0.17596001873926242,True,1-2-3(0.1760) / 1-2-6(0.1477) / 1-3-2(0.1190) / 1-6-2(0.0960) / 1-2-5(0.0725) / 1-2-4(0.0659) / 1-3-6(0.0443) / 1-5-2(0.0426) / 1-6-3(0.0426) / 1-4-2(0.0384)
2025-09-30,3,1-2-4,1-4-5,0.2605834016199533,False,1-4-5(0.2606) / 1-5-4(0.1439) / 1-4-3(0.1069) / 1-4-6(0.1057) / 1-4-2(0.0873) / 1-3-4(0.0513) / 1-6-4(0.0506) / 1-2-4(0.0412) / 1-5-3(0.0215) / 1-5-6(0.0213)
2025-09-30,5,1-2-5,1-5-3,0.2783092851639557,False,1-5-3(0.2783) / 1-5-6(0.1753) / 1-3-5(0.1512) / 1-6-5(0.0868) / 1-5-2(0.0696) / 1-5-4(0.0472) / 1-3-6(0.0350) / 1-6-3(0.0319) / 1-2-5(0.0316) / 1-4-5(0.0210)
2025-09-30,6,1-5-3,1-6-5,0.22551913625656522,False,1-6-5(0.2255) / 1-5-6(0.1935) / 1-6-2(0.1103) / 1-2-6(0.0765) / 1-5-2(0.0726) / 1-2-5(0.0586) / 1-6-4(0.0453) / 1-6-3(0.0337) / 1-5-4(0.0298) / 1-4-6(0.0283)
2025-09-30,7,1-5-6,1-5-6,0.25333942373162016,True,1-5-6(0.2533) / 1-5-3(0.2012) / 1-5-4(0.1329) / 1-5-2(0.0995) / 1-6-5(0.0896) / 1-3-5(0.0693) / 1-4-5(0.0443) / 1-2-5(0.0326) / 1-6-3(0.0120) / 1-3-6(0.0116)
2025-09-30,8,1-2-5,1-3-6,0.1740866518689403,False,1-3-6(0.1741) / 1-3-2(0.1402) / 1-6-3(0.1149) / 1-3-5(0.1084) / 1-2-3(0.0883) / 1-5-3(0.0655) / 1-3-4(0.0470) / 1-6-2(0.0387) / 1-2-6(0.0369) / 1-6-5(0.0299)
2025-09-30,9,1-2-3,1-2-6,0.1318293637001545,False,1-2-6(0.1318) / 1-2-5(0.1278) / 1-6-2(0.1043) / 1-2-3(0.1011) / 1-5-2(0.1002) / 1-3-2(0.0752) / 1-6-5(0.0575) / 1-5-6(0.0570) / 1-6-3(0.0455) / 1-5-3(0.0437)
2025-09-30,10,1-3-2,1-3-6,0.1660358617176381,False,1-3-6(0.1660) / 1-3-2(0.1282) / 1-6-3(0.1199) / 1-2-3(0.0871) / 1-3-5(0.0812) / 1-3-4(0.0586) / 1-5-3(0.0514) / 1-6-2(0.0462) / 1-2-6(0.0434) / 1-4-3(0.0359)
2025-09-30,11,1-4-2,1-4-5,0.14377280958559782,False,1-4-5(0.1438) / 1-5-4(0.1410) / 1-4-3(0.1046) / 1-5-3(0.0983) / 1-3-4(0.0916) / 1-3-5(0.0878) / 1-4-2(0.0536) / 1-5-2(0.0504) / 1-2-4(0.0412) / 1-2-5(0.0394)
2025-09-30,12,1-5-4,1-3-6,0.1111498423349603,False,1-3-6(0.1111) / 1-6-3(0.1052) / 1-3-4(0.0812) / 1-4-3(0.0702) / 1-6-4(0.0667) / 1-4-6(0.0609) / 1-3-2(0.0585) / 1-3-5(0.0487) / 1-6-2(0.0481) / 1-2-3(0.0475)
2025-10-11,1,1-2-3,1-2-3,0.3210542911399447,True,1-2-3(0.3211) / 1-2-6(0.1864) / 1-3-2(0.1834) / 1-6-2(0.0938) / 1-2-4(0.0528) / 1-3-6(0.0457) / 1-6-3(0.0403) / 1-4-2(0.0237) / 1-3-4(0.0129) / 1-4-3(0.0102)
2025-10-11,4,1-2-3,1-3-5,0.21383254956465295,False,1-3-5(0.2138) / 1-5-3(0.1982) / 1-3-4(0.0985) / 1-5-4(0.0798) / 1-4-3(0.0715) / 1-4-5(0.0625) / 1-3-2(0.0573) / 1-5-2(0.0464) / 1-2-3(0.0386) / 1-2-5(0.0338)
2025-10-11,5,1-5-2,1-5-2,0.516803481738897,True,1-5-2(0.5168) / 1-2-5(0.1625) / 1-5-6(0.1423) / 1-5-3(0.0578) / 1-6-5(0.0386) / 1-5-4(0.0252) / 1-3-5(0.0152) / 1-2-6(0.0108) / 1-6-2(0.0093) / 1-4-5(0.0065)
2025-10-11,8,1-4-2,1-2-4,0.4227590249181326,False,1-2-4(0.4228) / 1-2-5(0.2340) / 1-4-2(0.1600) / 1-5-2(0.0803) / 1-2-3(0.0343) / 1-4-5(0.0240) / 1-5-4(0.0217) / 1-3-2(0.0107) / 1-4-3(0.0035) / 1-3-4(0.0029)
2025-10-11,9,1-5-2,1-5-2,0.31933093308164806,True,1-5-2(0.3193) / 1-2-5(0.2548) / 1-5-3(0.1033) / 1-3-5(0.0606) / 1-2-3(0.0597) / 1-3-2(0.0439) / 1-5-6(0.0363) / 1-2-6(0.0210) / 1-5-4(0.0202) / 1-6-5(0.0197)
2025-10-11,12,1-4-2,1-4-3,0.14538898458411748,False,1-4-3(0.1454) / 1-3-4(0.1315) / 1-4-5(0.0985) / 1-5-4(0.0793) / 1-3-5(0.0712) / 1-5-3(0.0634) / 1-4-6(0.0606) / 1-6-4(0.0448) / 1-3-6(0.0438) / 1-4-2(0.0407)
2025-10-12,1,1-2-6,1-2-3,0.22592022596280417,False,1-2-3(0.2259) / 1-3-2(0.2156) / 1-2-4(0.0853) / 1-3-4(0.0753) / 1-2-6(0.0641) / 1-4-2(0.0605) / 1-3-6(0.0566) / 1-4-3(0.0559) / 1-6-2(0.0437) / 1-6-3(0.0404)
2025-10-12,6,1-4-3,1-3-4,0.2115151573620084,False,1-3-4(0.2115) / 1-3-5(0.1897) / 1-3-2(0.1424) / 1-4-3(0.1006) / 1-5-3(0.0886) / 1-2-3(0.0642) / 1-3-6(0.0498) / 1-4-5(0.0220) / 1-5-4(0.0216) / 1-6-3(0.0210)
2025-10-12,7,1-4-3,1-4-2,0.35538936405087834,False,1-4-2(0.3554) / 1-2-4(0.2280) / 1-4-3(0.1254) / 1-3-4(0.0634) / 1-4-6(0.0632) / 1-2-3(0.0433) / 1-3-2(0.0341) / 1-6-4(0.0302) / 1-2-6(0.0218) / 1-6-2(0.0162)
2025-10-12,8,1-4-3,1-4-3,0.11229163516825787,True,1-4-3(0.1123) / 1-3-4(0.0994) / 1-4-2(0.0909) / 1-4-5(0.0784) / 1-2-4(0.0760) / 1-5-4(0.0635) / 1-3-2(0.0587) / 1-2-3(0.0554) / 1-3-5(0.0506) / 1-5-3(0.0463)
2025-10-12,9,1-3-6,1-3-6,0.1533835865266475,True,1-3-6(0.1534) / 1-3-2(0.1392) / 1-6-3(0.1219) / 1-2-3(0.1076) / 1-3-5(0.0698) / 1-6-2(0.0666) / 1-2-6(0.0647) / 1-5-3(0.0475) / 1-6-5(0.0334) / 1-3-4(0.0309)
2025-10-12,10,1-2-4,1-2-3,0.28062094238085117,False,1-2-3(0.2806) / 1-3-2(0.2493) / 1-2-6(0.0734) / 1-2-4(0.0637) / 1-3-6(0.0546) / 1-3-4(0.0474) / 1-6-2(0.0459) / 1-4-2(0.0392) / 1-6-3(0.0384) / 1-4-3(0.0328)
2025-10-13,1,1-2-6,1-2-6,0.43177944727580747,True,1-2-6(0.4318) / 1-6-2(0.3275) / 1-2-3(0.0371) / 1-2-5(0.0316) / 1-2-4(0.0305) / 1-6-3(0.0202) / 1-3-2(0.0180) / 1-6-5(0.0172) / 1-6-4(0.0166) / 1-5-2(0.0152)
2025-10-13,6,1-2-4,1-4-3,0.28740150736621434,False,1-4-3(0.2874) / 1-3-4(0.2438) / 1-4-2(0.0764) / 1-4-5(0.0549) / 1-3-2(0.0507) / 1-2-4(0.0464) / 1-3-5(0.0364) / 1-2-3(0.0363) / 1-5-4(0.0324) / 1-4-6(0.0310)
2025-10-13,8,1-2-4,1-2-4,0.35517776732288175,True,1-2-4(0.3552) / 1-2-5(0.1638) / 1-4-2(0.1635) / 1-2-3(0.1024) / 1-5-2(0.0662) / 1-3-2(0.0398) / 1-4-5(0.0244) / 1-5-4(0.0214) / 1-4-3(0.0152) / 1-3-4(0.0129)
2025-10-13,10,1-2-3,1-4-3,0.22746276177519087,False,1-4-3(0.2275) / 1-3-4(0.2261) / 1-4-2(0.1322) / 1-3-2(0.1301) / 1-2-4(0.1051) / 1-2-3(0.1040) / 1-4-6(0.0168) / 1-3-6(0.0166) / 1-6-4(0.0108) / 1-6-3(0.0107)
2025-10-13,12,1-2-4,1-6-4,0.2648732070125429,False,1-6-4(0.2649) / 1-4-6(0.1783) / 1-6-3(0.1218) / 1-3-6(0.0688) / 1-6-2(0.0602) / 1-6-5(0.0561) / 1-4-3(0.0427) / 1-3-4(0.0358) / 1-2-6(0.0318) / 1-5-6(0.0295)
2025-10-14,1,1-3-4,1-3-4,0.21957491172240806,True,1-3-4(0.2196) / 1-3-6(0.1787) / 1-4-3(0.1400) / 1-6-3(0.1083) / 1-3-2(0.0948) / 1-2-3(0.0522) / 1-4-6(0.0496) / 1-6-4(0.0472) / 1-4-2(0.0263) / 1-2-4(0.0227)
2025-10-14,7,1-2-6,1-2-3,0.5883886034398942,False,1-2-3(0.5884) / 1-3-2(0.2415) / 1-2-5(0.0635) / 1-2-4(0.0302) / 1-5-2(0.0199) / 1-2-6(0.0133) / 1-3-5(0.0097) / 1-4-2(0.0093) / 1-5-3(0.0074) / 1-3-4(0.0046)
2025-10-14,12,1-5-2,1-6-3,0.1584116563364889,False,1-6-3(0.1584) / 1-3-6(0.1524) / 1-6-5(0.1092) / 1-3-5(0.0970) / 1-5-6(0.0922) / 1-5-3(0.0851) / 1-6-2(0.0367) / 1-6-4(0.0329) / 1-3-2(0.0326) / 1-3-4(0.0292)
2025-10-15,1,1-4-3,1-4-2,0.4540853497375751,False,1-4-2(0.4541) / 1-2-4(0.2358) / 1-4-3(0.1133) / 1-4-5(0.0512) / 1-3-4(0.0458) / 1-2-3(0.0259) / 1-3-2(0.0202) / 1-5-4(0.0199) / 1-2-5(0.0117) / 1-5-2(0.0088)
2025-10-15,2,1-2-4,1-5-2,0.2355981403113467,False,1-5-2(0.2356) / 1-5-4(0.2101) / 1-2-5(0.1224) / 1-4-5(0.1067) / 1-5-3(0.0632) / 1-5-6(0.0632) / 1-2-4(0.0336) / 1-4-2(0.0329) / 1-3-5(0.0284) / 1-6-5(0.0284)
2025-10-15,4,1-5-6,1-6-3,0.297421480416553,False,1-6-3(0.2974) / 1-6-5(0.2805) / 1-6-2(0.1497) / 1-6-4(0.1046) / 1-3-6(0.0531) / 1-5-6(0.0499) / 1-2-6(0.0259) / 1-4-6(0.0179) / 1-3-5(0.0036) / 1-5-3(0.0036)
2025-10-15,5,1-6-5,1-2-6,0.11912686984572851,False,1-2-6(0.1191) / 1-6-2(0.1191) / 1-2-3(0.0836) / 1-6-3(0.0836) / 1-3-2(0.0745) / 1-3-6(0.0745) / 1-2-5(0.0714) / 1-6-5(0.0713) / 1-5-2(0.0613) / 1-5-6(0.0613)
2025-10-15,6,1-4-2,1-6-4,0.21302783405218986,False,1-6-4(0.2130) / 1-4-6(0.1767) / 1-6-2(0.1232) / 1-2-6(0.0867) / 1-4-2(0.0728) / 1-2-4(0.0618) / 1-6-5(0.0533) / 1-5-6(0.0335) / 1-4-5(0.0315) / 1-6-3(0.0278)
2025-10-15,7,1-3-5,1-3-6,0.3284618309964273,False,1-3-6(0.3285) / 1-3-5(0.1957) / 1-6-3(0.1638) / 1-5-3(0.0880) / 1-3-2(0.0616) / 1-6-5(0.0341) / 1-5-6(0.0308) / 1-2-3(0.0252) / 1-3-4(0.0216) / 1-6-2(0.0107)
2025-10-15,8,1-4-2,1-4-3,0.1444252062239493,False,1-4-3(0.1444) / 1-4-2(0.1372) / 1-4-5(0.1197) / 1-3-4(0.1040) / 1-2-4(0.0976) / 1-5-4(0.0827) / 1-3-2(0.0463) / 1-2-3(0.0457) / 1-3-5(0.0404) / 1-5-3(0.0388)
2025-10-15,9,1-2-4,1-3-2,0.1563664655832117,False,1-3-2(0.1564) / 1-2-3(0.1361) / 1-3-5(0.1270) / 1-5-3(0.1033) / 1-2-5(0.0819) / 1-5-2(0.0766) / 1-3-4(0.0672) / 1-4-3(0.0483) / 1-2-4(0.0434) / 1-4-2(0.0358)
2025-10-15,10,1-2-4,1-2-5,0.14926539340553538,False,1-2-5(0.1493) / 1-2-4(0.1316) / 1-5-2(0.1132) / 1-4-2(0.0966) / 1-2-3(0.0771) / 1-5-4(0.0534) / 1-4-5(0.0517) / 1-3-2(0.0515) / 1-2-6(0.0489) / 1-5-3(0.0313)
2025-10-15,11,1-6-4,1-4-3,0.1240048356656311,False,1-4-3(0.1240) / 1-4-6(0.1155) / 1-3-4(0.1057) / 1-4-2(0.1013) / 1-6-4(0.0965) / 1-2-4(0.0818) / 1-3-6(0.0664) / 1-6-3(0.0651) / 1-3-2(0.0582) / 1-2-3(0.0552)
2025-10-15,12,1-2-6,1-4-5,0.09225051768215915,False,1-4-5(0.0923) / 1-4-3(0.0879) / 1-5-4(0.0847) / 1-3-4(0.0796) / 1-5-3(0.0631) / 1-3-5(0.0622) / 1-4-2(0.0607) / 1-2-4(0.0507) / 1-4-6(0.0487) / 1-5-2(0.0436)
2025-10-16,2,1-3-2,1-3-2,0.23110447248546548,True,1-3-2(0.2311) / 1-2-3(0.1683) / 1-3-5(0.1028) / 1-3-4(0.0919) / 1-5-3(0.0623) / 1-4-3(0.0550) / 1-2-5(0.0427) / 1-3-6(0.0395) / 1-2-4(0.0382) / 1-5-2(0.0356)
2025-10-16,8,1-5-2,1-3-2,0.17015953274760978,False,1-3-2(0.1702) / 1-2-3(0.1675) / 1-3-4(0.0928) / 1-2-4(0.0884) / 1-4-3(0.0746) / 1-4-2(0.0723) / 1-3-5(0.0648) / 1-2-5(0.0618) / 1-5-3(0.0489) / 1-5-2(0.0474)
2025-10-16,9,1-3-4,1-5-4,0.1491576305343531,False,1-5-4(0.1492) / 1-4-5(0.1478) / 1-5-3(0.1067) / 1-4-3(0.1037) / 1-3-5(0.0935) / 1-3-4(0.0917) / 1-5-2(0.0639) / 1-4-2(0.0621) / 1-2-5(0.0501) / 1-2-4(0.0491)
2025-10-16,10,1-2-3,1-3-2,0.3074054560256451,False,1-3-2(0.3074) / 1-2-3(0.2869) / 1-3-4(0.0633) / 1-3-6(0.0578) / 1-2-4(0.0537) / 1-2-6(0.0489) / 1-4-3(0.0388) / 1-4-2(0.0353) / 1-6-3(0.0352) / 1-6-2(0.0319)
2025-10-16,11,1-5-3,1-5-4,0.134078652808629,False,1-5-4(0.1341) / 1-4-5(0.1263) / 1-5-3(0.0875) / 1-3-5(0.0725) / 1-4-3(0.0717) / 1-5-2(0.0673) / 1-3-4(0.0631) / 1-4-2(0.0552) / 1-2-5(0.0531) / 1-2-4(0.0462)
2025-10-19,1,1-3-4,1-2-4,0.14654038716198053,False,1-2-4(0.1465) / 1-4-2(0.1425) / 1-2-3(0.1134) / 1-4-3(0.1037) / 1-3-2(0.1003) / 1-3-4(0.0943) / 1-2-5(0.0619) / 1-4-5(0.0566) / 1-5-2(0.0480) / 1-5-4(0.0451)
2025-10-19,6,1-4-5,1-4-5,0.41197639732960606,True,1-4-5(0.4120) / 1-5-4(0.2115) / 1-4-3(0.1814) / 1-3-4(0.0782) / 1-5-3(0.0385) / 1-3-5(0.0323) / 1-4-2(0.0236) / 1-2-4(0.0092) / 1-5-2(0.0050) / 1-2-5(0.0038)
2025-10-19,7,1-3-2,1-2-5,0.15016261728523686,False,1-2-5(0.1502) / 1-5-2(0.1371) / 1-2-3(0.1246) / 1-3-2(0.1066) / 1-5-3(0.0933) / 1-3-5(0.0874) / 1-2-6(0.0357) / 1-2-4(0.0356) / 1-5-6(0.0267) / 1-5-4(0.0266)
2025-10-19,8,1-4-3,1-4-2,0.37184735763963706,False,1-4-2(0.3718) / 1-2-4(0.2437) / 1-4-3(0.1275) / 1-3-4(0.0647) / 1-2-3(0.0472) / 1-4-5(0.0468) / 1-3-2(0.0365) / 1-5-4(0.0221) / 1-2-5(0.0173) / 1-5-2(0.0125)
2025-10-19,11,1-2-5,1-6-4,0.14639004462567887,False,1-6-4(0.1464) / 1-4-6(0.1430) / 1-6-5(0.0700) / 1-4-5(0.0649) / 1-6-2(0.0615) / 1-4-2(0.0571) / 1-5-6(0.0555) / 1-5-4(0.0528) / 1-2-6(0.0478) / 1-2-4(0.0455)
2025-10-20,3,1-4-2,1-2-4,0.12842226138726542,False,1-2-4(0.1284) / 1-4-2(0.1185) / 1-2-5(0.0713) / 1-2-3(0.0656) / 1-2-6(0.0590) / 1-5-2(0.0566) / 1-4-5(0.0543) / 1-3-2(0.0513) / 1-4-3(0.0499) / 1-5-4(0.0467)
2025-10-20,4,1-3-2,1-3-5,0.19607906630814148,False,1-3-5(0.1961) / 1-5-3(0.1897) / 1-3-2(0.1520) / 1-5-2(0.1383) / 1-2-3(0.1316) / 1-2-5(0.1238) / 1-3-4(0.0138) / 1-5-4(0.0126) / 1-4-3(0.0090) / 1-2-4(0.0087)
2025-10-20,7,1-3-2,1-6-3,0.341672094026244,False,1-6-3(0.3417) / 1-3-6(0.2787) / 1-6-4(0.0559) / 1-6-5(0.0438) / 1-6-2(0.0415) / 1-3-4(0.0345) / 1-4-6(0.0307) / 1-3-5(0.0271) / 1-3-2(0.0257) / 1-5-6(0.0237)
2025-10-20,8,1-2-4,1-2-4,0.5139223336657499,True,1-2-4(0.5139) / 1-2-3(0.2613) / 1-2-5(0.1025) / 1-4-2(0.0649) / 1-3-2(0.0318) / 1-5-2(0.0122) / 1-2-6(0.0046) / 1-4-3(0.0026) / 1-3-4(0.0025) / 1-4-5(0.0010)
2025-10-20,11,1-4-3,1-3-4,0.15145192734005888,False,1-3-4(0.1515) / 1-3-5(0.1138) / 1-4-3(0.1056) / 1-3-2(0.0918) / 1-3-6(0.0811) / 1-5-3(0.0748) / 1-2-3(0.0585) / 1-6-3(0.0508) / 1-4-5(0.0352) / 1-5-4(0.0332)
2025-10-20,12,1-2-3,1-5-3,0.14354656905877838,False,1-5-3(0.1435) / 1-5-2(0.1431) / 1-3-5(0.1167) / 1-2-5(0.1162) / 1-3-2(0.0723) / 1-2-3(0.0723) / 1-5-4(0.0635) / 1-4-5(0.0440) / 1-3-4(0.0321) / 1-2-4(0.0320)
2025-10-21,3,1-2-5,1-2-3,0.11420862244152814,False,1-2-3(0.1142) / 1-2-4(0.1126) / 1-3-2(0.1024) / 1-4-2(0.1005) / 1-2-5(0.0936) / 1-5-2(0.0793) / 1-3-4(0.0762) / 1-4-3(0.0759) / 1-3-5(0.0633) / 1-4-5(0.0622)
2025-10-21,8,1-2-3,1-2-4,0.1414221811210794,False,1-2-4(0.1414) / 1-4-2(0.1406) / 1-2-5(0.0881) / 1-4-5(0.0864) / 1-5-2(0.0749) / 1-5-4(0.0739) / 1-2-6(0.0534) / 1-4-6(0.0523) / 1-6-2(0.0415) / 1-6-4(0.0409)
2025-10-21,9,1-6-4,1-6-2,0.29509373111236276,False,1-6-2(0.2951) / 1-2-6(0.2076) / 1-6-4(0.1697) / 1-4-6(0.1015) / 1-2-4(0.0695) / 1-4-2(0.0591) / 1-6-3(0.0218) / 1-6-5(0.0157) / 1-3-6(0.0111) / 1-2-3(0.0089)
2025-10-21,10,1-2-3,1-2-3,0.496759073415121,True,1-2-3(0.4968) / 1-3-2(0.3317) / 1-2-5(0.0402) / 1-2-4(0.0240) / 1-5-2(0.0175) / 1-3-5(0.0170) / 1-2-6(0.0153) / 1-5-3(0.0111) / 1-4-2(0.0103) / 1-3-4(0.0101)
2025-10-21,11,1-4-5,1-4-5,0.24713681619230768,True,1-4-5(0.2471) / 1-5-4(0.1807) / 1-4-2(0.1240) / 1-2-4(0.0761) / 1-5-2(0.0532) / 1-4-6(0.0519) / 1-4-3(0.0485) / 1-2-5(0.0447) / 1-6-4(0.0291) / 1-3-4(0.0271)
2025-10-21,12,1-4-2,1-3-2,0.0966714388648873,False,1-3-2(0.0967) / 1-2-3(0.0950) / 1-3-4(0.0945) / 1-4-3(0.0921) / 1-2-4(0.0884) / 1-4-2(0.0877) / 1-3-5(0.0593) / 1-2-5(0.0554) / 1-4-5(0.0538) / 1-5-3(0.0513)
2025-10-22,7,1-2-3,1-2-3,0.24541259140869082,True,1-2-3(0.2454) / 1-3-2(0.2449) / 1-2-4(0.0940) / 1-3-4(0.0935) / 1-4-2(0.0675) / 1-4-3(0.0673) / 1-2-5(0.0486) / 1-3-5(0.0483) / 1-5-2(0.0322) / 1-5-3(0.0321)
2025-10-22,8,1-4-3,1-4-2,0.304948545500595,False,1-4-2(0.3049) / 1-2-4(0.3018) / 1-4-3(0.0773) / 1-2-3(0.0755) / 1-3-4(0.0499) / 1-3-2(0.0492) / 1-4-5(0.0290) / 1-2-5(0.0283) / 1-5-4(0.0174) / 1-5-2(0.0172)
2025-10-22,9,1-3-4,1-6-5,0.29127223341961705,False,1-6-5(0.2913) / 1-6-3(0.1988) / 1-6-2(0.1329) / 1-5-6(0.0956) / 1-6-4(0.0876) / 1-3-6(0.0626) / 1-2-6(0.0407) / 1-4-6(0.0263) / 1-5-3(0.0109) / 1-3-5(0.0104)
2025-10-22,10,1-3-2,1-3-2,0.27424954912472266,True,1-3-2(0.2742) / 1-2-3(0.2372) / 1-3-6(0.1153) / 1-2-6(0.0798) / 1-6-3(0.0759) / 1-6-2(0.0607) / 1-3-4(0.0475) / 1-2-4(0.0328) / 1-4-3(0.0284) / 1-4-2(0.0227)
2025-10-22,11,1-4-3,1-4-5,0.24117158933321364,False,1-4-5(0.2412) / 1-5-4(0.1672) / 1-4-3(0.1445) / 1-3-4(0.0880) / 1-4-2(0.0726) / 1-5-3(0.0530) / 1-3-5(0.0466) / 1-2-4(0.0406) / 1-5-2(0.0267) / 1-4-6(0.0263)
2025-10-23,7,1-5-2,1-5-6,0.21053279210594844,False,1-5-6(0.2105) / 1-6-5(0.1542) / 1-5-3(0.1178) / 1-3-5(0.0750) / 1-5-4(0.0682) / 1-5-2(0.0568) / 1-6-3(0.0483) / 1-3-6(0.0420) / 1-4-5(0.0406) / 1-2-5(0.0334)
2025-10-23,9,1-4-3,1-2-4,0.3041793880352765,False,1-2-4(0.3042) / 1-2-6(0.1472) / 1-2-3(0.1398) / 1-4-2(0.1325) / 1-6-2(0.0579) / 1-3-2(0.0548) / 1-2-5(0.0479) / 1-5-2(0.0178) / 1-4-6(0.0172) / 1-4-3(0.0164)
2025-10-23,10,1-2-3,1-5-3,0.10691309594158582,False,1-5-3(0.1069) / 1-3-5(0.1067) / 1-5-2(0.1004) / 1-3-2(0.0996) / 1-2-5(0.0979) / 1-2-3(0.0973) / 1-5-4(0.0466) / 1-3-4(0.0462) / 1-2-4(0.0424) / 1-4-5(0.0382)
2025-10-23,11,1-2-4,1-2-3,0.24597029250816727,False,1-2-3(0.2460) / 1-3-2(0.1365) / 1-2-4(0.1202) / 1-2-5(0.1023) / 1-2-6(0.0860) / 1-4-2(0.0593) / 1-5-2(0.0497) / 1-6-2(0.0411) / 1-3-4(0.0238) / 1-4-3(0.0211)
2025-10-23,12,1-3-6,1-6-4,0.34434979545441924,False,1-6-4(0.3443) / 1-6-2(0.1614) / 1-6-3(0.1532) / 1-4-6(0.1041) / 1-6-5(0.0761) / 1-2-6(0.0454) / 1-3-6(0.0430) / 1-5-6(0.0207) / 1-4-2(0.0082) / 1-4-3(0.0078)
2025-10-24,1,1-3-5,1-3-2,0.20974906501112822,False,1-3-2(0.2097) / 1-2-3(0.1485) / 1-3-4(0.1342) / 1-3-5(0.1192) / 1-4-3(0.0851) / 1-5-3(0.0741) / 1-2-4(0.0497) / 1-4-2(0.0445) / 1-2-5(0.0441) / 1-5-2(0.0387)
2025-10-24,4,1-4-5,1-4-2,0.17029259042857955,False,1-4-2(0.1703) / 1-4-5(0.1464) / 1-4-3(0.1154) / 1-2-4(0.1022) / 1-5-4(0.0854) / 1-4-6(0.0695) / 1-3-4(0.0650) / 1-6-4(0.0372) / 1-2-5(0.0296) / 1-5-2(0.0288)
2025-10-24,5,1-2-6,1-3-6,0.5239839984997018,False,1-3-6(0.5240) / 1-3-2(0.1506) / 1-6-3(0.1337) / 1-3-4(0.1008) / 1-2-3(0.0343) / 1-4-3(0.0226) / 1-6-2(0.0072) / 1-3-5(0.0066) / 1-2-6(0.0064) / 1-6-4(0.0048)
2025-10-24,7,1-2-5,1-5-3,0.26729168341833326,False,1-5-3(0.2673) / 1-3-5(0.1647) / 1-5-2(0.1239) / 1-5-6(0.0899) / 1-2-5(0.0654) / 1-5-4(0.0488) / 1-6-5(0.0459) / 1-3-2(0.0342) / 1-2-3(0.0293) / 1-3-6(0.0248)
2025-10-24,8,1-2-4,1-2-4,0.13052412258917376,True,1-2-4(0.1305) / 1-4-2(0.1216) / 1-2-3(0.0714) / 1-2-5(0.0653) / 1-3-2(0.0568) / 1-4-3(0.0563) / 1-2-6(0.0559) / 1-4-5(0.0514) / 1-5-2(0.0512) / 1-3-4(0.0481)
2025-10-24,9,1-2-3,1-2-4,0.10863375003743621,False,1-2-4(0.1086) / 1-4-2(0.1015) / 1-2-3(0.0747) / 1-2-5(0.0704) / 1-3-2(0.0631) / 1-5-2(0.0588) / 1-4-3(0.0585) / 1-4-5(0.0551) / 1-3-4(0.0529) / 1-5-4(0.0493)
2025-10-24,10,1-2-5,1-2-6,0.1334308405126658,False,1-2-6(0.1334) / 1-6-2(0.1287) / 1-2-5(0.0715) / 1-6-5(0.0635) / 1-2-3(0.0597) / 1-5-2(0.0580) / 1-5-6(0.0534) / 1-6-3(0.0530) / 1-2-4(0.0504) / 1-3-2(0.0470)
2025-10-24,12,1-4-6,1-6-2,0.2802503496850196,False,1-6-2(0.2803) / 1-6-4(0.2139) / 1-6-3(0.1134) / 1-2-6(0.0983) / 1-6-5(0.0852) / 1-4-6(0.0726) / 1-3-6(0.0367) / 1-5-6(0.0272) / 1-2-4(0.0135) / 1-4-2(0.0130)
2025-10-25,2,1-5-4,1-5-2,0.17067284126286056,False,1-5-2(0.1707) / 1-2-5(0.1224) / 1-5-4(0.1076) / 1-5-3(0.0808) / 1-5-6(0.0800) / 1-4-5(0.0699) / 1-3-5(0.0506) / 1-6-5(0.0500) / 1-2-4(0.0383) / 1-4-2(0.0347)
2025-10-25,5,1-4-3,1-2-5,0.1900859100556557,False,1-2-5(0.1901) / 1-5-2(0.1762) / 1-2-6(0.1022) / 1-5-6(0.0821) / 1-6-2(0.0777) / 1-6-5(0.0673) / 1-2-4(0.0490) / 1-5-4(0.0394) / 1-4-2(0.0336) / 1-2-3(0.0300)
2025-10-25,8,1-2-4,1-2-4,0.35906290537997293,True,1-2-4(0.3591) / 1-4-2(0.2612) / 1-2-5(0.0860) / 1-2-3(0.0710) / 1-5-2(0.0452) / 1-4-5(0.0407) / 1-3-2(0.0368) / 1-4-3(0.0336) / 1-5-4(0.0294) / 1-3-4(0.0239)
2025-10-25,10,1-2-4,1-3-4,0.10105650539333946,False,1-3-4(0.1011) / 1-3-2(0.0904) / 1-4-3(0.0860) / 1-2-3(0.0748) / 1-3-5(0.0732) / 1-3-6(0.0619) / 1-5-3(0.0581) / 1-4-2(0.0491) / 1-2-4(0.0478) / 1-6-3(0.0478)
2025-10-25,11,1-3-2,1-5-2,0.1298849199159946,False,1-5-2(0.1299) / 1-2-5(0.1250) / 1-5-4(0.0791) / 1-5-3(0.0778) / 1-2-4(0.0697) / 1-2-3(0.0685) / 1-4-5(0.0659) / 1-3-5(0.0645) / 1-4-2(0.0602) / 1-3-2(0.0590)
2025-10-25,12,1-2-3,1-5-4,0.11248185537786896,False,1-5-4(0.1125) / 1-4-5(0.1098) / 1-5-6(0.0779) / 1-4-6(0.0715) / 1-6-5(0.0681) / 1-6-4(0.0640) / 1-5-3(0.0550) / 1-4-3(0.0505) / 1-5-2(0.0458) / 1-3-5(0.0450)
2025-10-30,1,1-6-2,1-3-6,0.11974171051433767,False,1-3-6(0.1197) / 1-3-2(0.1190) / 1-6-3(0.1151) / 1-2-3(0.1142) / 1-6-2(0.1038) / 1-2-6(0.1036) / 1-3-4(0.0604) / 1-6-4(0.0527) / 1-2-4(0.0523) / 1-4-3(0.0489)
2025-10-30,5,1-4-6,1-4-6,0.34113136483115986,True,1-4-6(0.3411) / 1-4-2(0.2198) / 1-6-4(0.1586) / 1-2-4(0.0937) / 1-4-5(0.0393) / 1-6-2(0.0327) / 1-2-6(0.0300) / 1-4-3(0.0286) / 1-5-4(0.0149) / 1-3-4(0.0108)
2025-10-30,8,1-3-4,1-4-2,0.35692653980827294,False,1-4-2(0.3569) / 1-2-4(0.2419) / 1-4-3(0.1047) / 1-4-5(0.0663) / 1-3-4(0.0538) / 1-2-3(0.0415) / 1-5-4(0.0328) / 1-3-2(0.0314) / 1-2-5(0.0263) / 1-5-2(0.0192)
2025-10-30,9,1-5-6,1-3-4,0.12129445571480874,False,1-3-4(0.1213) / 1-3-5(0.1181) / 1-4-3(0.0925) / 1-5-3(0.0894) / 1-3-6(0.0747) / 1-3-2(0.0711) / 1-6-3(0.0521) / 1-2-3(0.0493) / 1-4-5(0.0452) / 1-5-4(0.0450)
2025-10-30,10,1-2-4,1-4-3,0.1996735372819866,False,1-4-3(0.1997) / 1-3-4(0.1334) / 1-4-2(0.1017) / 1-4-6(0.0966) / 1-4-5(0.0796) / 1-2-4(0.0598) / 1-6-4(0.0564) / 1-5-4(0.0456) / 1-3-2(0.0311) / 1-3-6(0.0295)
2025-10-31,2,1-4-2,1-4-2,0.2845641020931868,True,1-4-2(0.2846) / 1-4-6(0.1569) / 1-2-4(0.1386) / 1-4-3(0.1178) / 1-6-4(0.0693) / 1-3-4(0.0506) / 1-4-5(0.0447) / 1-2-6(0.0236) / 1-6-2(0.0214) / 1-5-4(0.0182)
2025-10-31,4,1-4-2,1-4-6,0.17733534441917062,False,1-4-6(0.1773) / 1-6-4(0.1611) / 1-4-5(0.1007) / 1-5-4(0.0769) / 1-6-5(0.0757) / 1-4-2(0.0652) / 1-5-6(0.0637) / 1-6-2(0.0490) / 1-2-4(0.0464) / 1-2-6(0.0384)
2025-10-31,7,1-6-3,1-3-4,0.15866924038538052,False,1-3-4(0.1587) / 1-3-6(0.1420) / 1-4-3(0.1171) / 1-6-3(0.1018) / 1-3-5(0.0950) / 1-5-3(0.0631) / 1-4-6(0.0538) / 1-6-4(0.0523) / 1-4-5(0.0360) / 1-5-4(0.0324)
2025-10-31,8,1-2-4,1-4-2,0.2671333879428372,False,1-4-2(0.2671) / 1-4-5(0.2139) / 1-2-4(0.1509) / 1-5-4(0.1146) / 1-4-3(0.0737) / 1-2-5(0.0464) / 1-5-2(0.0440) / 1-3-4(0.0348) / 1-2-3(0.0160) / 1-3-2(0.0134)
2025-10-31,10,1-2-4,1-2-3,0.09982832926155547,False,1-2-3(0.0998) / 1-2-4(0.0922) / 1-3-2(0.0854) / 1-2-6(0.0789) / 1-4-2(0.0773) / 1-6-2(0.0639) / 1-2-5(0.0524) / 1-3-4(0.0510) / 1-4-3(0.0500) / 1-3-6(0.0436)
2025-11-01,1,1-2-5,1-6-5,0.1759565618400147,False,1-6-5(0.1760) / 1-5-6(0.1604) / 1-6-4(0.0887) / 1-5-4(0.0674) / 1-4-6(0.0665) / 1-6-3(0.0574) / 1-4-5(0.0553) / 1-6-2(0.0440) / 1-5-3(0.0436) / 1-3-6(0.0404)
2025-11-01,2,1-4-5,1-5-2,0.1902506287854767,False,1-5-2(0.1903) / 1-5-4(0.1755) / 1-2-5(0.1171) / 1-4-5(0.1061) / 1-5-3(0.0966) / 1-3-5(0.0533) / 1-2-4(0.0409) / 1-4-2(0.0401) / 1-5-6(0.0387) / 1-2-3(0.0225)
2025-11-01,4,1-3-2,1-5-2,0.425314929930789,False,1-5-2(0.4253) / 1-2-5(0.1697) / 1-5-4(0.1328) / 1-5-3(0.1163) / 1-4-5(0.0452) / 1-3-5(0.0393) / 1-2-4(0.0155) / 1-2-3(0.0136) / 1-4-2(0.0133) / 1-3-2(0.0115)
2025-11-01,5,1-4-2,1-4-6,0.3334074559431015,False,1-4-6(0.3334) / 1-6-4(0.2879) / 1-4-3(0.0612) / 1-4-2(0.0466) / 1-6-3(0.0433) / 1-3-4(0.0351) / 1-6-2(0.0329) / 1-3-6(0.0288) / 1-2-4(0.0263) / 1-4-5(0.0250)
2025-11-01,6,1-2-3,1-3-6,0.10725790012691862,False,1-3-6(0.1073) / 1-6-3(0.1001) / 1-3-4(0.0930) / 1-4-3(0.0831) / 1-3-2(0.0803) / 1-6-4(0.0723) / 1-4-6(0.0692) / 1-2-3(0.0691) / 1-6-2(0.0624) / 1-2-6(0.0576)
2025-11-01,7,1-5-3,1-3-5,0.24071022096475278,False,1-3-5(0.2407) / 1-3-4(0.2208) / 1-3-2(0.1340) / 1-5-3(0.1159) / 1-4-3(0.1046) / 1-2-3(0.0594) / 1-5-4(0.0290) / 1-4-5(0.0285) / 1-5-2(0.0176) / 1-2-5(0.0162)
2025-11-01,8,1-3-6,1-2-4,0.41339081593206545,False,1-2-4(0.4134) / 1-4-2(0.2778) / 1-2-5(0.0678) / 1-2-3(0.0585) / 1-5-2(0.0321) / 1-4-5(0.0276) / 1-3-2(0.0275) / 1-4-3(0.0238) / 1-5-4(0.0194) / 1-3-4(0.0166)
2025-11-01,9,1-2-3,1-2-5,0.17521574305294027,False,1-2-5(0.1752) / 1-5-2(0.1184) / 1-2-6(0.1174) / 1-2-3(0.1111) / 1-6-2(0.0731) / 1-3-2(0.0686) / 1-2-4(0.0584) / 1-5-6(0.0350) / 1-4-2(0.0337) / 1-5-3(0.0331)
2025-11-02,1,1-6-5,1-6-4,0.1873694696576508,False,1-6-4(0.1874) / 1-6-3(0.1847) / 1-6-2(0.1184) / 1-4-6(0.1173) / 1-3-6(0.1153) / 1-2-6(0.0681) / 1-4-3(0.0449) / 1-3-4(0.0448) / 1-4-2(0.0288) / 1-3-2(0.0283)
2025-11-02,7,1-2-3,1-2-3,0.3570658445652837,True,1-2-3(0.3571) / 1-3-2(0.1951) / 1-2-5(0.1057) / 1-2-4(0.0646) / 1-2-6(0.0622) / 1-5-2(0.0468) / 1-4-2(0.0277) / 1-6-2(0.0267) / 1-3-5(0.0243) / 1-5-3(0.0197)
2025-11-02,11,1-2-6,1-3-6,0.15258539882261626,False,1-3-6(0.1526) / 1-6-3(0.1340) / 1-3-4(0.0899) / 1-3-5(0.0772) / 1-4-3(0.0685) / 1-6-4(0.0595) / 1-5-3(0.0573) / 1-4-6(0.0516) / 1-6-5(0.0511) / 1-5-6(0.0432)
2025-11-02,12,1-3-5,1-4-3,0.13248796735253798,False,1-4-3(0.1325) / 1-3-4(0.1067) / 1-4-6(0.0871) / 1-4-5(0.0840) / 1-4-2(0.0699) / 1-6-4(0.0639) / 1-5-4(0.0612) / 1-2-4(0.0496) / 1-3-6(0.0418) / 1-3-5(0.0403)
2025-11-07,1,1-4-3,1-2-4,0.22903950343690313,False,1-2-4(0.2290) / 1-2-6(0.1594) / 1-4-2(0.1301) / 1-6-2(0.0844) / 1-2-5(0.0840) / 1-2-3(0.0696) / 1-5-2(0.0414) / 1-3-2(0.0339) / 1-4-6(0.0323) / 1-6-4(0.0301)
2025-11-07,2,1-2-5,1-2-4,0.2322526825112264,False,1-2-4(0.2323) / 1-2-5(0.1745) / 1-4-2(0.1315) / 1-5-2(0.0932) / 1-2-6(0.0823) / 1-2-3(0.0549) / 1-6-2(0.0403) / 1-4-5(0.0354) / 1-5-4(0.0334) / 1-3-2(0.0262)
2025-11-07,3,1-3-2,1-2-5,0.20202316903948708,False,1-2-5(0.2020) / 1-2-3(0.1260) / 1-2-4(0.1245) / 1-2-6(0.1080) / 1-5-2(0.1055) / 1-3-2(0.0614) / 1-4-2(0.0606) / 1-6-2(0.0519) / 1-5-3(0.0186) / 1-5-4(0.0184)
2025-11-07,4,1-2-4,1-5-4,0.11239488176247363,False,1-5-4(0.1124) / 1-5-2(0.1107) / 1-4-5(0.0995) / 1-2-5(0.0975) / 1-4-2(0.0714) / 1-2-4(0.0710) / 1-5-6(0.0515) / 1-5-3(0.0485) / 1-6-5(0.0391) / 1-3-5(0.0366)
2025-11-07,5,1-4-5,1-3-5,0.21944700862622268,False,1-3-5(0.2194) / 1-5-3(0.1703) / 1-3-2(0.1053) / 1-3-6(0.0757) / 1-2-3(0.0680) / 1-5-2(0.0517) / 1-6-3(0.0469) / 1-2-5(0.0431) / 1-3-4(0.0399) / 1-5-6(0.0372)
2025-11-07,6,1-3-2,1-5-2,0.16945333786945274,False,1-5-2(0.1695) / 1-2-5(0.1436) / 1-5-3(0.1353) / 1-3-5(0.1066) / 1-2-3(0.0814) / 1-3-2(0.0757) / 1-5-6(0.0431) / 1-5-4(0.0357) / 1-6-5(0.0285) / 1-2-6(0.0259)
2025-11-07,8,1-5-3,1-5-6,0.08353259321287052,False,1-5-6(0.0835) / 1-6-5(0.0813) / 1-5-3(0.0810) / 1-3-5(0.0781) / 1-5-4(0.0752) / 1-6-3(0.0727) / 1-3-6(0.0720) / 1-4-5(0.0710) / 1-6-4(0.0675) / 1-4-6(0.0655)
2025-11-07,11,1-4-2,1-4-2,0.16363017602959026,True,1-4-2(0.1636) / 1-2-4(0.1594) / 1-4-5(0.0725) / 1-2-5(0.0670) / 1-4-3(0.0589) / 1-5-4(0.0560) / 1-2-3(0.0544) / 1-5-2(0.0531) / 1-3-4(0.0441) / 1-4-6(0.0430)
2025-11-07,12,1-2-4,1-3-6,0.15478844997057753,False,1-3-6(0.1548) / 1-3-2(0.1452) / 1-6-3(0.0996) / 1-3-5(0.0969) / 1-2-3(0.0922) / 1-3-4(0.0725) / 1-5-3(0.0577) / 1-4-3(0.0419) / 1-6-2(0.0348) / 1-2-6(0.0344)
2025-11-08,2,1-2-4,1-5-3,0.19663340930257786,False,1-5-3(0.1966) / 1-3-5(0.1651) / 1-5-4(0.0917) / 1-5-6(0.0704) / 1-4-5(0.0632) / 1-3-4(0.0553) / 1-6-5(0.0468) / 1-4-3(0.0454) / 1-5-2(0.0453) / 1-3-6(0.0424)
2025-11-08,3,1-3-2,1-2-5,0.07476247114618884,False,1-2-5(0.0748) / 1-5-2(0.0736) / 1-2-4(0.0720) / 1-4-2(0.0701) / 1-5-4(0.0675) / 1-4-5(0.0667) / 1-2-3(0.0617) / 1-5-3(0.0578) / 1-3-2(0.0577) / 1-4-3(0.0550)
2025-11-08,6,1-3-2,1-2-4,0.108332649482098,False,1-2-4(0.1083) / 1-4-2(0.0981) / 1-2-3(0.0743) / 1-2-5(0.0724) / 1-3-2(0.0612) / 1-5-2(0.0594) / 1-2-6(0.0564) / 1-4-3(0.0517) / 1-4-5(0.0505) / 1-3-4(0.0471)
2025-11-08,8,1-2-5,1-5-3,0.16384372628088886,False,1-5-3(0.1638) / 1-3-5(0.1371) / 1-5-2(0.1315) / 1-2-5(0.1028) / 1-3-2(0.0756) / 1-2-3(0.0706) / 1-5-4(0.0645) / 1-4-5(0.0444) / 1-3-4(0.0371) / 1-4-3(0.0305)
2025-11-08,9,1-6-3,1-3-4,0.1759681188585992,False,1-3-4(0.1760) / 1-3-6(0.1482) / 1-4-3(0.1150) / 1-3-5(0.1113) / 1-6-3(0.0933) / 1-5-3(0.0668) / 1-4-6(0.0399) / 1-3-2(0.0386) / 1-6-4(0.0384) / 1-4-5(0.0299)
2025-11-08,11,1-4-6,1-3-4,0.1185086584401588,False,1-3-4(0.1185) / 1-4-3(0.1138) / 1-3-6(0.0882) / 1-3-2(0.0815) / 1-6-3(0.0773) / 1-4-6(0.0767) / 1-4-2(0.0709) / 1-2-3(0.0701) / 1-6-4(0.0700) / 1-2-4(0.0635)
2025-11-08,12,1-4-3,1-3-2,0.24135564727809555,False,1-3-2(0.2414) / 1-3-4(0.1731) / 1-3-5(0.1370) / 1-3-6(0.1248) / 1-2-3(0.0883) / 1-4-3(0.0611) / 1-5-3(0.0475) / 1-6-3(0.0430) / 1-2-4(0.0108) / 1-4-2(0.0104)
2025-11-09,1,1-2-3,1-5-2,0.09176819643934649,False,1-5-2(0.0918) / 1-5-4(0.0848) / 1-2-5(0.0840) / 1-4-5(0.0760) / 1-2-4(0.0600) / 1-5-3(0.0591) / 1-4-2(0.0588) / 1-5-6(0.0545) / 1-3-5(0.0491) / 1-6-5(0.0446)
2025-11-09,2,1-2-4,1-5-3,0.09962995726733402,False,1-5-3(0.0996) / 1-3-5(0.0919) / 1-5-2(0.0808) / 1-2-5(0.0704) / 1-5-4(0.0680) / 1-3-2(0.0597) / 1-4-5(0.0571) / 1-2-3(0.0564) / 1-3-4(0.0502) / 1-5-6(0.0475)
2025-11-09,3,1-5-6,1-4-6,0.15604552548202585,False,1-4-6(0.1560) / 1-6-4(0.1335) / 1-4-2(0.1205) / 1-2-4(0.0953) / 1-6-2(0.0736) / 1-4-3(0.0691) / 1-2-6(0.0681) / 1-3-4(0.0493) / 1-6-3(0.0422) / 1-3-6(0.0352)
2025-11-09,4,1-5-4,1-5-6,0.16111310375729487,False,1-5-6(0.1611) / 1-6-5(0.1347) / 1-5-3(0.1038) / 1-5-4(0.0782) / 1-3-5(0.0771) / 1-6-3(0.0593) / 1-4-5(0.0553) / 1-3-6(0.0527) / 1-6-4(0.0447) / 1-5-2(0.0388)
2025-11-09,10,1-3-4,1-3-4,0.14724903414434243,True,1-3-4(0.1472) / 1-3-2(0.1437) / 1-4-3(0.1057) / 1-2-3(0.1025) / 1-3-5(0.0895) / 1-5-3(0.0585) / 1-4-2(0.0483) / 1-2-4(0.0480) / 1-3-6(0.0448) / 1-4-5(0.0301)
2025-11-09,11,1-2-4,1-2-4,0.13077888000519455,True,1-2-4(0.1308) / 1-4-2(0.1177) / 1-2-6(0.1018) / 1-6-2(0.0850) / 1-4-6(0.0714) / 1-2-5(0.0665) / 1-6-4(0.0662) / 1-5-2(0.0510) / 1-4-5(0.0466) / 1-5-4(0.0398)
2025-11-09,12,1-4-3,1-4-3,0.16033023035891072,True,1-4-3(0.1603) / 1-4-6(0.1563) / 1-4-5(0.1543) / 1-4-2(0.0891) / 1-3-4(0.0807) / 1-6-4(0.0784) / 1-5-4(0.0772) / 1-2-4(0.0421) / 1-3-6(0.0177) / 1-6-3(0.0176)
2025-11-10,2,1-3-6,1-3-2,0.1986006632495529,False,1-3-2(0.1986) / 1-2-3(0.1324) / 1-3-5(0.1065) / 1-3-6(0.1044) / 1-3-4(0.0684) / 1-5-3(0.0629) / 1-6-3(0.0615) / 1-4-3(0.0386) / 1-2-5(0.0323) / 1-2-6(0.0316)
2025-11-10,7,1-3-4,1-4-2,0.20572847228071908,False,1-4-2(0.2057) / 1-4-3(0.1478) / 1-2-4(0.1354) / 1-4-5(0.0940) / 1-3-4(0.0902) / 1-5-4(0.0537) / 1-2-3(0.0437) / 1-3-2(0.0406) / 1-4-6(0.0378) / 1-2-5(0.0278)
2025-11-10,8,1-4-3,1-3-6,0.11086027573155334,False,1-3-6(0.1109) / 1-3-5(0.1069) / 1-6-3(0.1034) / 1-5-3(0.0984) / 1-6-5(0.0831) / 1-5-6(0.0821) / 1-3-2(0.0606) / 1-2-3(0.0490) / 1-6-2(0.0471) / 1-5-2(0.0449)
2025-11-10,9,1-2-3,1-6-2,0.07409880815292871,False,1-6-2(0.0741) / 1-6-4(0.0737) / 1-2-6(0.0715) / 1-4-6(0.0710) / 1-2-4(0.0635) / 1-4-2(0.0634) / 1-6-5(0.0583) / 1-5-6(0.0530) / 1-2-5(0.0502) / 1-4-5(0.0498)
2025-11-10,10,1-5-4,1-3-6,0.103875050151364,False,1-3-6(0.1039) / 1-6-3(0.1038) / 1-3-5(0.0942) / 1-6-5(0.0938) / 1-5-3(0.0909) / 1-5-6(0.0907) / 1-3-2(0.0473) / 1-6-2(0.0471) / 1-5-2(0.0412) / 1-2-3(0.0391)
2025-11-10,11,1-2-5,1-5-3,0.11956117781240337,False,1-5-3(0.1196) / 1-3-5(0.1099) / 1-5-4(0.0966) / 1-4-5(0.0833) / 1-5-6(0.0779) / 1-3-4(0.0720) / 1-4-3(0.0675) / 1-6-5(0.0638) / 1-3-6(0.0580) / 1-6-3(0.0517)
2025-11-11,1,1-4-6,1-5-2,0.19524208757799555,False,1-5-2(0.1952) / 1-5-3(0.1494) / 1-5-4(0.1396) / 1-2-5(0.1047) / 1-3-5(0.0767) / 1-4-5(0.0710) / 1-5-6(0.0652) / 1-6-5(0.0310) / 1-2-3(0.0234) / 1-3-2(0.0224)
2025-11-11,2,1-3-2,1-3-6,0.32434460051951947,False,1-3-6(0.3243) / 1-3-4(0.1759) / 1-3-2(0.1307) / 1-6-3(0.1086) / 1-3-5(0.0787) / 1-4-3(0.0550) / 1-2-3(0.0401) / 1-5-3(0.0236) / 1-6-4(0.0110) / 1-4-6(0.0103)
2025-11-11,4,1-2-6,1-4-3,0.1127715206176154,False,1-4-3(0.1128) / 1-3-4(0.1017) / 1-4-2(0.0784) / 1-4-6(0.0754) / 1-2-4(0.0645) / 1-6-4(0.0615) / 1-3-2(0.0542) / 1-3-6(0.0521) / 1-4-5(0.0505) / 1-2-3(0.0493)
2025-11-11,5,1-2-5,1-2-4,0.15847467984472882,False,1-2-4(0.1585) / 1-4-2(0.1211) / 1-2-5(0.1175) / 1-5-2(0.0834) / 1-2-3(0.0776) / 1-2-6(0.0566) / 1-3-2(0.0515) / 1-4-5(0.0499) / 1-5-4(0.0463) / 1-6-2(0.0363)
2025-11-11,7,1-4-3,1-4-5,0.10441419910298472,False,1-4-5(0.1044) / 1-5-4(0.1003) / 1-4-3(0.0840) / 1-3-4(0.0755) / 1-5-3(0.0725) / 1-4-6(0.0725) / 1-3-5(0.0679) / 1-6-4(0.0630) / 1-5-6(0.0626) / 1-6-5(0.0566)
2025-11-11,8,1-2-4,1-5-2,0.16265051112977377,False,1-5-2(0.1627) / 1-5-6(0.1256) / 1-2-5(0.1082) / 1-5-4(0.0973) / 1-6-5(0.0793) / 1-5-3(0.0756) / 1-4-5(0.0592) / 1-3-5(0.0447) / 1-2-6(0.0344) / 1-6-2(0.0327)
2025-11-11,9,1-2-4,1-3-2,0.12947696811251488,False,1-3-2(0.1295) / 1-2-3(0.1235) / 1-3-5(0.0703) / 1-2-5(0.0600) / 1-3-6(0.0579) / 1-3-4(0.0571) / 1-5-3(0.0569) / 1-5-2(0.0509) / 1-2-6(0.0494) / 1-2-4(0.0487)
2025-11-11,10,1-3-2,1-3-6,0.11947030295680178,False,1-3-6(0.1195) / 1-6-3(0.1161) / 1-3-4(0.0946) / 1-6-4(0.0856) / 1-4-3(0.0850) / 1-4-6(0.0792) / 1-3-2(0.0495) / 1-6-2(0.0448) / 1-2-3(0.0392) / 1-2-6(0.0365)
2025-11-11,11,1-2-3,1-6-3,0.10563479260185327,False,1-6-3(0.1056) / 1-6-4(0.1055) / 1-3-6(0.0952) / 1-4-6(0.0951) / 1-3-4(0.0720) / 1-4-3(0.0720) / 1-6-2(0.0565) / 1-2-6(0.0446) / 1-6-5(0.0426) / 1-3-2(0.0386)
2025-11-11,12,1-4-6,1-4-5,0.08131845897323146,False,1-4-5(0.0813) / 1-5-4(0.0751) / 1-4-6(0.0740) / 1-6-4(0.0668) / 1-4-3(0.0635) / 1-4-2(0.0559) / 1-3-4(0.0553) / 1-5-6(0.0534) / 1-6-5(0.0522) / 1-2-4(0.0475)
2025-11-12,3,1-3-4,1-6-2,0.28312193602855007,False,1-6-2(0.2831) / 1-2-6(0.1460) / 1-6-3(0.1092) / 1-6-4(0.1060) / 1-6-5(0.0887) / 1-3-6(0.0489) / 1-4-6(0.0473) / 1-5-6(0.0391) / 1-2-3(0.0191) / 1-2-4(0.0185)
2025-11-12,5,1-4-2,1-4-6,0.18569996253825358,False,1-4-6(0.1857) / 1-4-3(0.1668) / 1-6-4(0.1287) / 1-3-4(0.1124) / 1-4-5(0.0656) / 1-6-3(0.0552) / 1-3-6(0.0537) / 1-4-2(0.0407) / 1-5-4(0.0385) / 1-2-4(0.0231)
2025-11-12,6,1-2-3,1-2-4,0.16569858708952567,False,1-2-4(0.1657) / 1-4-2(0.1610) / 1-2-6(0.0853) / 1-4-6(0.0782) / 1-6-2(0.0674) / 1-6-4(0.0636) / 1-2-3(0.0479) / 1-4-3(0.0439) / 1-2-5(0.0415) / 1-4-5(0.0380)
2025-11-12,8,1-2-5,1-3-5,0.21664811480426444,False,1-3-5(0.2166) / 1-3-6(0.1369) / 1-5-3(0.1313) / 1-3-2(0.0860) / 1-3-4(0.0772) / 1-6-3(0.0759) / 1-2-3(0.0452) / 1-4-3(0.0402) / 1-5-6(0.0325) / 1-6-5(0.0298)
2025-11-12,9,1-2-3,1-5-3,0.19952747471686735,False,1-5-3(0.1995) / 1-3-5(0.1475) / 1-5-4(0.0989) / 1-5-6(0.0940) / 1-4-5(0.0627) / 1-6-5(0.0591) / 1-5-2(0.0525) / 1-3-4(0.0409) / 1-3-6(0.0389) / 1-4-3(0.0351)
2025-11-12,10,1-4-2,1-5-6,0.11563272445891389,False,1-5-6(0.1156) / 1-5-4(0.0975) / 1-6-5(0.0962) / 1-5-3(0.0921) / 1-4-5(0.0777) / 1-3-5(0.0725) / 1-6-4(0.0504) / 1-4-6(0.0483) / 1-6-3(0.0476) / 1-3-6(0.0450)
2025-11-12,12,1-3-6,1-3-4,0.20475867727687252,False,1-3-4(0.2048) / 1-4-3(0.1917) / 1-3-6(0.1019) / 1-4-6(0.0847) / 1-6-3(0.0761) / 1-6-4(0.0675) / 1-3-2(0.0422) / 1-4-2(0.0351) / 1-3-5(0.0296) / 1-2-3(0.0282)
2025-11-16,8,1-4-6,1-2-4,0.3769769899834762,False,1-2-4(0.3770) / 1-4-2(0.2976) / 1-2-5(0.0681) / 1-2-3(0.0529) / 1-4-5(0.0397) / 1-5-2(0.0362) / 1-4-3(0.0308) / 1-3-2(0.0277) / 1-5-4(0.0267) / 1-3-4(0.0204)
2025-11-16,9,1-2-3,1-6-2,0.08726113053426963,False,1-6-2(0.0873) / 1-6-5(0.0824) / 1-2-6(0.0820) / 1-6-4(0.0777) / 1-5-6(0.0762) / 1-4-6(0.0708) / 1-2-5(0.0645) / 1-5-2(0.0634) / 1-2-4(0.0609) / 1-4-2(0.0589)
2025-11-16,10,1-6-2,1-3-5,0.15867896316810956,False,1-3-5(0.1587) / 1-5-3(0.1296) / 1-3-6(0.0977) / 1-3-2(0.0848) / 1-6-3(0.0707) / 1-2-3(0.0600) / 1-5-6(0.0515) / 1-3-4(0.0467) / 1-6-5(0.0456) / 1-5-2(0.0447)
2025-11-17,5,1-5-6,1-4-5,0.23298208999818276,False,1-4-5(0.2330) / 1-5-4(0.1681) / 1-4-2(0.1512) / 1-2-4(0.0969) / 1-4-3(0.0797) / 1-5-2(0.0614) / 1-2-5(0.0545) / 1-3-4(0.0465) / 1-5-3(0.0323) / 1-3-5(0.0262)
2025-11-17,7,1-5-2,1-3-6,0.2038215633339982,False,1-3-6(0.2038) / 1-3-5(0.1823) / 1-6-3(0.1562) / 1-5-3(0.1346) / 1-6-5(0.0845) / 1-5-6(0.0814) / 1-3-4(0.0285) / 1-3-2(0.0212) / 1-4-3(0.0167) / 1-6-4(0.0132)
2025-11-17,8,1-4-2,1-4-2,0.21257228033159112,True,1-4-2(0.2126) / 1-4-5(0.1461) / 1-4-6(0.1346) / 1-2-4(0.1080) / 1-4-3(0.0794) / 1-5-4(0.0701) / 1-6-4(0.0640) / 1-3-4(0.0361) / 1-2-5(0.0206) / 1-5-2(0.0194)
2025-11-17,9,1-5-3,1-3-4,0.28196455231285167,False,1-3-4(0.2820) / 1-4-3(0.1354) / 1-3-2(0.1218) / 1-3-5(0.1041) / 1-3-6(0.0994) / 1-2-3(0.0519) / 1-5-3(0.0438) / 1-6-3(0.0417) / 1-4-2(0.0176) / 1-2-4(0.0156)
2025-11-17,12,1-4-5,1-5-2,0.12835294611600642,False,1-5-2(0.1284) / 1-2-5(0.1254) / 1-5-6(0.0730) / 1-2-6(0.0676) / 1-6-5(0.0606) / 1-5-3(0.0581) / 1-6-2(0.0574) / 1-2-3(0.0538) / 1-5-4(0.0471) / 1-3-5(0.0464)
2025-11-18,3,1-3-2,1-3-2,0.27225281638863175,True,1-3-2(0.2723) / 1-2-3(0.2317) / 1-3-5(0.0773) / 1-3-4(0.0745) / 1-2-5(0.0512) / 1-2-4(0.0493) / 1-5-3(0.0478) / 1-4-3(0.0459) / 1-5-2(0.0372) / 1-4-2(0.0357)
2025-11-18,6,1-3-4,1-4-3,0.49008407392904085,False,1-4-3(0.4901) / 1-4-6(0.1946) / 1-4-2(0.1378) / 1-3-4(0.0897) / 1-6-4(0.0335) / 1-2-4(0.0234) / 1-4-5(0.0121) / 1-3-6(0.0041) / 1-6-3(0.0039) / 1-3-2(0.0029)
2025-11-19,1,1-4-5,1-4-3,0.2063603086499385,False,1-4-3(0.2064) / 1-4-5(0.2045) / 1-3-4(0.1352) / 1-5-4(0.1337) / 1-4-2(0.0751) / 1-3-5(0.0598) / 1-5-3(0.0596) / 1-2-4(0.0419) / 1-3-2(0.0220) / 1-5-2(0.0217)
2025-11-19,2,1-2-5,1-3-4,0.13700437891524433,False,1-3-4(0.1370) / 1-4-3(0.1302) / 1-3-5(0.1286) / 1-5-3(0.1193) / 1-4-5(0.1089) / 1-5-4(0.1063) / 1-3-2(0.0544) / 1-4-2(0.0461) / 1-5-2(0.0422) / 1-2-3(0.0416)
2025-11-19,3,1-2-5,1-2-5,0.1291546194981721,True,1-2-5(0.1292) / 1-5-2(0.1215) / 1-2-3(0.1144) / 1-3-2(0.1031) / 1-5-3(0.0930) / 1-3-5(0.0891) / 1-2-6(0.0635) / 1-5-6(0.0517) / 1-6-2(0.0500) / 1-3-6(0.0438)
2025-11-19,4,1-6-2,1-6-2,0.18623327424056638,True,1-6-2(0.1862) / 1-6-4(0.1754) / 1-2-6(0.1529) / 1-4-6(0.1409) / 1-2-4(0.0977) / 1-4-2(0.0956) / 1-6-3(0.0329) / 1-3-6(0.0206) / 1-2-3(0.0183) / 1-4-3(0.0169)
2025-11-19,6,1-6-2,1-6-2,0.4446106663312392,True,1-6-2(0.4446) / 1-2-6(0.3778) / 1-6-4(0.0489) / 1-2-4(0.0345) / 1-4-6(0.0251) / 1-4-2(0.0208) / 1-6-3(0.0129) / 1-2-3(0.0091) / 1-3-6(0.0064) / 1-3-2(0.0053)
2025-11-19,10,1-3-6,1-6-5,0.1299658407139252,False,1-6-5(0.1300) / 1-6-2(0.1174) / 1-5-6(0.1039) / 1-2-6(0.0914) / 1-6-3(0.0745) / 1-5-2(0.0546) / 1-3-6(0.0532) / 1-2-5(0.0531) / 1-6-4(0.0523) / 1-4-6(0.0359)
2025-11-19,11,1-6-4,1-4-5,0.09299317777691582,False,1-4-5(0.0930) / 1-4-6(0.0916) / 1-5-4(0.0842) / 1-6-4(0.0826) / 1-4-2(0.0672) / 1-5-6(0.0624) / 1-6-5(0.0621) / 1-2-4(0.0564) / 1-5-2(0.0458) / 1-6-2(0.0449)
2025-11-19,12,1-5-2,1-4-5,0.30978813757588103,False,1-4-5(0.3098) / 1-5-4(0.2792) / 1-4-2(0.0591) / 1-4-3(0.0535) / 1-5-2(0.0460) / 1-5-3(0.0416) / 1-2-4(0.0353) / 1-3-4(0.0317) / 1-2-5(0.0305) / 1-3-5(0.0274)
2025-11-20,4,1-2-4,1-2-3,0.35404472536292675,False,1-2-3(0.3540) / 1-3-2(0.2843) / 1-2-5(0.0960) / 1-3-5(0.0575) / 1-5-2(0.0542) / 1-5-3(0.0404) / 1-2-4(0.0361) / 1-3-4(0.0216) / 1-4-2(0.0191) / 1-4-3(0.0142)
2025-11-20,5,1-3-2,1-5-2,0.14936917796624127,False,1-5-2(0.1494) / 1-5-6(0.1225) / 1-2-5(0.1204) / 1-6-5(0.0935) / 1-5-4(0.0809) / 1-2-6(0.0609) / 1-6-2(0.0576) / 1-4-5(0.0571) / 1-2-4(0.0402) / 1-4-2(0.0352)
2025-11-20,7,1-2-3,1-4-6,0.12198645596510327,False,1-4-6(0.1220) / 1-4-2(0.1148) / 1-6-4(0.1070) / 1-2-4(0.0989) / 1-4-5(0.0904) / 1-5-4(0.0733) / 1-6-2(0.0728) / 1-2-6(0.0715) / 1-6-5(0.0573) / 1-2-5(0.0530)
2025-11-20,10,1-2-4,1-5-2,0.19224051490068508,False,1-5-2(0.1922) / 1-2-5(0.1864) / 1-5-3(0.0637) / 1-5-4(0.0607) / 1-2-3(0.0583) / 1-2-4(0.0556) / 1-3-5(0.0459) / 1-5-6(0.0441) / 1-4-5(0.0435) / 1-3-2(0.0434)
2025-11-20,11,1-2-6,1-6-4,0.09115645752885079,False,1-6-4(0.0912) / 1-4-6(0.0831) / 1-6-5(0.0805) / 1-5-6(0.0710) / 1-6-3(0.0667) / 1-3-6(0.0564) / 1-4-5(0.0560) / 1-5-4(0.0542) / 1-6-2(0.0526) / 1-4-3(0.0464)
2025-11-20,12,1-2-4,1-3-4,0.20239830741942846,False,1-3-4(0.2024) / 1-3-6(0.1717) / 1-3-5(0.1411) / 1-4-3(0.0947) / 1-3-2(0.0811) / 1-6-3(0.0784) / 1-5-3(0.0630) / 1-2-3(0.0346) / 1-4-6(0.0185) / 1-6-4(0.0180)
2025-11-25,1,1-5-4,1-4-5,0.21358822743417913,False,1-4-5(0.2136) / 1-4-6(0.1392) / 1-5-4(0.1325) / 1-4-3(0.0917) / 1-6-4(0.0791) / 1-4-2(0.0636) / 1-3-4(0.0495) / 1-5-6(0.0351) / 1-2-4(0.0333) / 1-6-5(0.0322)
2025-11-25,3,1-2-4,1-6-2,0.14693709479681985,False,1-6-2(0.1469) / 1-2-6(0.1443) / 1-6-5(0.0906) / 1-2-5(0.0855) / 1-5-6(0.0759) / 1-5-2(0.0730) / 1-6-4(0.0658) / 1-2-4(0.0621) / 1-4-6(0.0518) / 1-4-2(0.0498)
2025-11-25,4,1-6-2,1-6-4,0.24789925380571728,False,1-6-4(0.2479) / 1-6-5(0.1964) / 1-6-2(0.1236) / 1-4-6(0.1218) / 1-5-6(0.0925) / 1-2-6(0.0550) / 1-4-5(0.0278) / 1-5-4(0.0266) / 1-6-3(0.0246) / 1-4-2(0.0175)
2025-11-25,8,1-4-5,1-4-5,0.20684097767450324,True,1-4-5(0.2068) / 1-5-4(0.1900) / 1-4-2(0.1530) / 1-2-4(0.1246) / 1-5-2(0.1207) / 1-2-5(0.1070) / 1-4-3(0.0211) / 1-5-3(0.0166) / 1-3-4(0.0134) / 1-3-5(0.0115)
2025-11-25,9,1-2-3,1-2-5,0.13148134483975682,False,1-2-5(0.1315) / 1-5-2(0.1201) / 1-2-3(0.0901) / 1-2-6(0.0740) / 1-3-2(0.0738) / 1-5-3(0.0665) / 1-3-5(0.0596) / 1-6-2(0.0583) / 1-5-6(0.0546) / 1-6-5(0.0471)
2025-11-25,10,1-4-2,1-4-2,0.1816397671696027,True,1-4-2(0.1816) / 1-2-4(0.1737) / 1-4-6(0.0696) / 1-2-6(0.0611) / 1-4-3(0.0542) / 1-4-5(0.0513) / 1-6-4(0.0512) / 1-2-3(0.0476) / 1-6-2(0.0470) / 1-2-5(0.0451)
2025-11-26,1,1-2-3,1-3-2,0.18098547383728225,False,1-3-2(0.1810) / 1-3-5(0.1735) / 1-3-4(0.1448) / 1-2-3(0.1050) / 1-5-3(0.0998) / 1-4-3(0.0808) / 1-2-5(0.0328) / 1-5-2(0.0325) / 1-2-4(0.0274) / 1-4-2(0.0263)
2025-11-26,2,1-3-6,1-6-3,0.16780090747246562,False,1-6-3(0.1678) / 1-6-5(0.1554) / 1-3-6(0.1340) / 1-5-6(0.1212) / 1-3-5(0.0775) / 1-5-3(0.0756) / 1-6-4(0.0599) / 1-4-6(0.0394) / 1-3-4(0.0299) / 1-5-4(0.0270)
2025-11-26,4,1-2-6,1-4-3,0.3144541608441184,False,1-4-3(0.3145) / 1-4-6(0.2956) / 1-3-4(0.1215) / 1-6-4(0.1130) / 1-4-5(0.0456) / 1-3-6(0.0260) / 1-6-3(0.0257) / 1-4-2(0.0170) / 1-5-4(0.0153) / 1-2-4(0.0056)
2025-11-26,8,1-4-2,1-2-4,0.16535151865733166,False,1-2-4(0.1654) / 1-2-5(0.1479) / 1-2-3(0.1246) / 1-4-2(0.1097) / 1-5-2(0.0957) / 1-3-2(0.0781) / 1-4-5(0.0406) / 1-5-4(0.0396) / 1-4-3(0.0342) / 1-3-4(0.0323)
2025-11-26,10,1-3-2,1-3-2,0.2985991885585007,True,1-3-2(0.2986) / 1-3-5(0.2133) / 1-3-6(0.1412) / 1-2-3(0.1190) / 1-5-3(0.0809) / 1-6-3(0.0514) / 1-2-5(0.0196) / 1-5-2(0.0186) / 1-2-6(0.0130) / 1-6-2(0.0118)
2025-11-26,11,1-4-2,1-4-2,0.20504078892201782,True,1-4-2(0.2050) / 1-2-4(0.2022) / 1-4-3(0.0723) / 1-2-3(0.0695) / 1-3-4(0.0525) / 1-4-6(0.0523) / 1-3-2(0.0512) / 1-2-6(0.0503) / 1-6-4(0.0365) / 1-4-5(0.0357)
2025-11-26,12,1-3-6,1-5-6,0.13556363818578426,False,1-5-6(0.1356) / 1-6-5(0.1095) / 1-5-3(0.1039) / 1-5-4(0.0812) / 1-3-5(0.0786) / 1-4-5(0.0587) / 1-5-2(0.0542) / 1-6-3(0.0506) / 1-3-6(0.0474) / 1-6-4(0.0395)
2025-11-27,2,1-4-6,1-6-3,0.22403298340385652,False,1-6-3(0.2240) / 1-6-4(0.1552) / 1-6-2(0.1417) / 1-3-6(0.1337) / 1-4-6(0.0859) / 1-2-6(0.0773) / 1-3-4(0.0359) / 1-4-3(0.0333) / 1-3-2(0.0328) / 1-2-3(0.0300)
2025-11-27,4,1-5-2,1-2-5,0.18088946200698633,False,1-2-5(0.1809) / 1-5-2(0.1741) / 1-2-6(0.1226) / 1-5-6(0.1097) / 1-6-2(0.1019) / 1-6-5(0.0947) / 1-2-3(0.0272) / 1-5-3(0.0243) / 1-2-4(0.0238) / 1-5-4(0.0213)
2025-11-27,8,1-2-4,1-2-5,0.26467502805690074,False,1-2-5(0.2647) / 1-2-4(0.1801) / 1-5-2(0.1765) / 1-4-2(0.1081) / 1-5-4(0.0614) / 1-2-3(0.0580) / 1-4-5(0.0553) / 1-3-2(0.0304) / 1-5-3(0.0198) / 1-3-5(0.0155)
2025-11-27,11,1-2-4,1-2-4,0.22571938041345013,True,1-2-4(0.2257) / 1-4-2(0.2076) / 1-2-3(0.0821) / 1-4-3(0.0654) / 1-3-2(0.0566) / 1-2-5(0.0515) / 1-3-4(0.0491) / 1-4-5(0.0411) / 1-2-6(0.0371) / 1-5-2(0.0337)
2025-11-28,9,1-4-6,1-6-4,0.3087468753387231,False,1-6-4(0.3087) / 1-4-6(0.1665) / 1-6-2(0.1491) / 1-6-3(0.1013) / 1-2-6(0.0700) / 1-3-6(0.0458) / 1-4-2(0.0309) / 1-2-4(0.0269) / 1-6-5(0.0216) / 1-4-3(0.0210)
2025-11-28,11,1-3-5,1-2-6,0.11413547598753492,False,1-2-6(0.1141) / 1-6-2(0.1085) / 1-2-5(0.0827) / 1-5-2(0.0716) / 1-6-5(0.0691) / 1-5-6(0.0629) / 1-2-4(0.0607) / 1-6-4(0.0507) / 1-4-2(0.0493) / 1-2-3(0.0437)
2025-11-29,2,1-2-3,1-6-5,0.20919103172453526,False,1-6-5(0.2092) / 1-5-6(0.1596) / 1-6-3(0.1010) / 1-6-2(0.0901) / 1-3-6(0.0649) / 1-2-6(0.0570) / 1-5-3(0.0466) / 1-5-2(0.0416) / 1-6-4(0.0398) / 1-3-5(0.0392)
2025-11-29,3,1-5-3,1-3-6,0.20380257747284686,False,1-3-6(0.2038) / 1-3-5(0.1622) / 1-6-3(0.1306) / 1-5-3(0.0986) / 1-3-2(0.0968) / 1-2-3(0.0545) / 1-6-5(0.0441) / 1-5-6(0.0418) / 1-3-4(0.0305) / 1-6-2(0.0263)
2025-11-29,6,1-3-6,1-6-5,0.28414266835203517,False,1-6-5(0.2841) / 1-6-4(0.1899) / 1-6-3(0.1610) / 1-5-6(0.1174) / 1-4-6(0.0740) / 1-3-6(0.0617) / 1-5-4(0.0185) / 1-4-5(0.0174) / 1-5-3(0.0157) / 1-6-2(0.0149)
2025-11-29,7,1-6-4,1-6-5,0.2409649233787934,False,1-6-5(0.2410) / 1-6-3(0.1991) / 1-6-4(0.1801) / 1-6-2(0.1209) / 1-5-6(0.0681) / 1-3-6(0.0554) / 1-4-6(0.0498) / 1-2-6(0.0327) / 1-5-3(0.0064) / 1-3-5(0.0063)
2025-11-29,8,1-5-2,1-3-2,0.12774827035720523,False,1-3-2(0.1277) / 1-2-3(0.1109) / 1-3-5(0.1003) / 1-3-4(0.0902) / 1-5-3(0.0815) / 1-4-3(0.0715) / 1-2-5(0.0619) / 1-5-2(0.0579) / 1-2-4(0.0557) / 1-4-2(0.0508)
2025-11-29,9,1-2-4,1-2-3,0.24777974751388182,False,1-2-3(0.2478) / 1-3-2(0.2245) / 1-2-4(0.0783) / 1-2-5(0.0677) / 1-3-4(0.0605) / 1-3-5(0.0523) / 1-4-2(0.0517) / 1-4-3(0.0441) / 1-5-2(0.0439) / 1-5-3(0.0375)
2025-11-29,10,1-2-3,1-3-2,0.30480329161031555,False,1-3-2(0.3048) / 1-2-3(0.2399) / 1-3-6(0.0891) / 1-3-4(0.0668) / 1-6-3(0.0517) / 1-2-6(0.0493) / 1-4-3(0.0377) / 1-2-4(0.0370) / 1-6-2(0.0363) / 1-4-2(0.0265)
2025-11-30,7,1-2-4,1-6-4,0.6121328577992241,False,1-6-4(0.6121) / 1-4-6(0.2196) / 1-6-3(0.0662) / 1-6-5(0.0239) / 1-6-2(0.0224) / 1-3-6(0.0187) / 1-4-3(0.0076) / 1-5-6(0.0066) / 1-2-6(0.0062) / 1-3-4(0.0060)
2025-11-30,8,1-6-5,1-4-2,0.13351879943423217,False,1-4-2(0.1335) / 1-2-4(0.1156) / 1-4-6(0.0978) / 1-6-4(0.0778) / 1-4-5(0.0693) / 1-2-6(0.0602) / 1-6-2(0.0553) / 1-5-4(0.0517) / 1-4-3(0.0489) / 1-2-5(0.0427)
2025-11-30,9,1-3-4,1-4-3,0.1470035937689118,False,1-4-3(0.1470) / 1-3-4(0.1232) / 1-4-5(0.0820) / 1-4-6(0.0710) / 1-4-2(0.0709) / 1-5-4(0.0600) / 1-6-4(0.0508) / 1-2-4(0.0507) / 1-3-5(0.0462) / 1-5-3(0.0403)
2025-11-30,11,1-2-5,1-5-2,0.15930307653837544,False,1-5-2(0.1593) / 1-5-3(0.1296) / 1-2-5(0.1255) / 1-5-4(0.0972) / 1-3-5(0.0965) / 1-4-5(0.0682) / 1-2-3(0.0609) / 1-3-2(0.0575) / 1-2-4(0.0457) / 1-4-2(0.0407)
2025-11-30,12,1-2-5,1-6-2,0.10530182929409061,False,1-6-2(0.1053) / 1-2-6(0.0969) / 1-6-4(0.0838) / 1-4-6(0.0724) / 1-6-5(0.0715) / 1-2-4(0.0618) / 1-5-6(0.0597) / 1-4-2(0.0580) / 1-2-5(0.0527) / 1-5-2(0.0478)
2025-12-01,5,1-5-6,1-6-2,0.22598672687793062,False,1-6-2(0.2260) / 1-6-5(0.1896) / 1-2-6(0.1568) / 1-5-6(0.1250) / 1-2-5(0.0681) / 1-5-2(0.0647) / 1-6-3(0.0437) / 1-3-6(0.0240) / 1-6-4(0.0183) / 1-2-3(0.0157)
2025-12-01,7,1-2-3,1-6-3,0.2727412038048141,False,1-6-3(0.2727) / 1-3-6(0.2610) / 1-6-4(0.0786) / 1-3-4(0.0704) / 1-4-6(0.0519) / 1-4-3(0.0486) / 1-6-5(0.0457) / 1-3-5(0.0409) / 1-5-6(0.0287) / 1-5-3(0.0268)
2025-12-01,8,1-5-6,1-4-2,0.3474510621542247,False,1-4-2(0.3475) / 1-2-4(0.2918) / 1-4-5(0.0815) / 1-2-5(0.0542) / 1-5-4(0.0467) / 1-5-2(0.0370) / 1-4-3(0.0316) / 1-2-3(0.0210) / 1-4-6(0.0178) / 1-3-4(0.0171)
2025-12-01,11,1-2-3,1-2-3,0.23342897093901632,True,1-2-3(0.2334) / 1-3-2(0.1753) / 1-2-5(0.1037) / 1-2-4(0.0776) / 1-5-2(0.0642) / 1-3-5(0.0472) / 1-4-2(0.0464) / 1-2-6(0.0425) / 1-5-3(0.0389) / 1-3-4(0.0353)
2025-12-01,12,1-6-4,1-3-2,0.18564400255869604,False,1-3-2(0.1856) / 1-2-3(0.1852) / 1-3-5(0.0822) / 1-2-5(0.0817) / 1-5-3(0.0633) / 1-5-2(0.0630) / 1-3-4(0.0484) / 1-2-4(0.0480) / 1-4-3(0.0346) / 1-4-2(0.0345)
2025-12-04,4,1-2-3,1-5-3,0.1106962221786686,False,1-5-3(0.1107) / 1-5-6(0.1044) / 1-3-5(0.0917) / 1-5-2(0.0856) / 1-6-5(0.0852) / 1-2-5(0.0669) / 1-3-6(0.0526) / 1-6-3(0.0518) / 1-5-4(0.0446) / 1-3-2(0.0431)
2025-12-04,8,1-2-5,1-2-4,0.21592131760555663,False,1-2-4(0.2159) / 1-4-2(0.1585) / 1-2-6(0.1087) / 1-2-5(0.0970) / 1-6-2(0.0680) / 1-5-2(0.0597) / 1-4-6(0.0452) / 1-4-5(0.0404) / 1-6-4(0.0386) / 1-5-4(0.0339)
2025-12-04,9,1-3-4,1-2-3,0.23206659905825994,False,1-2-3(0.2321) / 1-3-2(0.1513) / 1-2-4(0.1371) / 1-2-5(0.0977) / 1-4-2(0.0795) / 1-5-2(0.0542) / 1-3-4(0.0416) / 1-4-3(0.0370) / 1-2-6(0.0328) / 1-3-5(0.0296)
2025-12-04,11,1-4-6,1-2-6,0.17507112067887726,False,1-2-6(0.1751) / 1-6-2(0.1220) / 1-2-5(0.1179) / 1-2-4(0.1051) / 1-5-2(0.0755) / 1-4-2(0.0661) / 1-2-3(0.0533) / 1-6-5(0.0388) / 1-5-6(0.0356) / 1-6-4(0.0345)
2025-12-05,7,1-3-6,1-5-6,0.2194938443464439,False,1-5-6(0.2195) / 1-5-2(0.1785) / 1-6-5(0.1467) / 1-2-5(0.1130) / 1-5-4(0.0734) / 1-6-2(0.0568) / 1-2-6(0.0538) / 1-4-5(0.0409) / 1-6-4(0.0234) / 1-4-6(0.0195)
2025-12-05,11,1-3-6,1-2-5,0.13416457931670286,False,1-2-5(0.1342) / 1-2-6(0.1335) / 1-5-2(0.1023) / 1-6-2(0.1017) / 1-2-4(0.0924) / 1-4-2(0.0652) / 1-5-6(0.0532) / 1-6-5(0.0531) / 1-5-4(0.0368) / 1-6-4(0.0366)
2025-12-05,12,1-3-2,1-2-6,0.11282953022513442,False,1-2-6(0.1128) / 1-2-4(0.1108) / 1-6-2(0.0909) / 1-4-2(0.0889) / 1-2-5(0.0785) / 1-5-2(0.0587) / 1-2-3(0.0556) / 1-6-4(0.0506) / 1-4-6(0.0503) / 1-3-2(0.0396)
2025-12-06,1,1-5-3,1-5-3,0.14210663595787434,True,1-5-3(0.1421) / 1-3-5(0.1273) / 1-5-6(0.0852) / 1-6-5(0.0665) / 1-5-4(0.0619) / 1-3-6(0.0594) / 1-5-2(0.0564) / 1-6-3(0.0518) / 1-4-5(0.0459) / 1-3-4(0.0431)
2025-12-06,2,1-2-3,1-3-2,0.197100443805033,False,1-3-2(0.1971) / 1-2-3(0.1633) / 1-3-6(0.1275) / 1-6-3(0.0925) / 1-2-6(0.0739) / 1-6-2(0.0647) / 1-3-4(0.0470) / 1-3-5(0.0367) / 1-4-3(0.0298) / 1-2-4(0.0272)
2025-12-06,3,1-5-3,1-3-6,0.10587810138461727,False,1-3-6(0.1059) / 1-6-3(0.1018) / 1-3-4(0.0891) / 1-4-3(0.0811) / 1-6-4(0.0773) / 1-3-2(0.0754) / 1-4-6(0.0732) / 1-2-3(0.0659) / 1-6-2(0.0655) / 1-2-6(0.0594)
2025-12-06,4,1-2-3,1-3-6,0.15270216970395167,False,1-3-6(0.1527) / 1-3-2(0.1523) / 1-6-3(0.1250) / 1-2-3(0.1246) / 1-6-2(0.0802) / 1-2-6(0.0801) / 1-3-5(0.0444) / 1-3-4(0.0334) / 1-5-3(0.0295) / 1-6-5(0.0234)
2025-12-06,5,1-2-4,1-4-2,0.22008041812464293,False,1-4-2(0.2201) / 1-2-4(0.1901) / 1-4-5(0.1131) / 1-5-4(0.0797) / 1-2-5(0.0755) / 1-5-2(0.0616) / 1-4-6(0.0438) / 1-4-3(0.0329) / 1-2-6(0.0292) / 1-6-4(0.0276)
2025-12-06,7,1-4-2,1-3-4,0.2988663084636308,False,1-3-4(0.2989) / 1-4-3(0.2617) / 1-3-2(0.1350) / 1-4-2(0.0976) / 1-2-3(0.0896) / 1-2-4(0.0739) / 1-3-5(0.0125) / 1-4-5(0.0090) / 1-5-3(0.0070) / 1-5-4(0.0058)
2025-12-06,8,1-2-4,1-3-2,0.08046607889467289,False,1-3-2(0.0805) / 1-2-3(0.0775) / 1-3-4(0.0756) / 1-4-3(0.0715) / 1-2-4(0.0648) / 1-4-2(0.0637) / 1-3-5(0.0530) / 1-3-6(0.0497) / 1-5-3(0.0464) / 1-2-5(0.0455)
2025-12-06,9,1-2-3,1-3-6,0.25744105500486014,False,1-3-6(0.2574) / 1-6-3(0.2077) / 1-3-2(0.1127) / 1-2-3(0.0722) / 1-6-2(0.0642) / 1-3-4(0.0538) / 1-2-6(0.0509) / 1-4-3(0.0317) / 1-6-4(0.0306) / 1-3-5(0.0246)
2025-12-06,10,1-4-3,1-3-2,0.1481382621098897,False,1-3-2(0.1481) / 1-2-3(0.1326) / 1-3-4(0.0941) / 1-4-3(0.0740) / 1-2-4(0.0659) / 1-4-2(0.0579) / 1-3-6(0.0564) / 1-3-5(0.0520) / 1-6-3(0.0409) / 1-2-6(0.0395)
2025-12-06,11,1-3-4,1-5-3,0.11975258442038406,False,1-5-3(0.1198) / 1-5-4(0.1191) / 1-3-5(0.0889) / 1-4-5(0.0883) / 1-5-6(0.0877) / 1-5-2(0.0676) / 1-6-5(0.0614) / 1-2-5(0.0457) / 1-3-4(0.0413) / 1-4-3(0.0412)
2025-12-07,2,1-3-4,1-3-4,0.17623520308159665,True,1-3-4(0.1762) / 1-4-3(0.1459) / 1-3-5(0.1320) / 1-5-3(0.1001) / 1-4-5(0.0746) / 1-5-4(0.0682) / 1-3-2(0.0589) / 1-2-3(0.0391) / 1-4-2(0.0332) / 1-3-6(0.0282)
2025-12-07,7,1-6-2,1-4-5,0.16594086214104412,False,1-4-5(0.1659) / 1-5-4(0.1590) / 1-4-6(0.1107) / 1-5-6(0.0973) / 1-6-4(0.0919) / 1-6-5(0.0843) / 1-4-3(0.0506) / 1-5-3(0.0445) / 1-3-4(0.0367) / 1-3-5(0.0337)
2025-12-07,8,1-5-2,1-2-4,0.29035509779195295,False,1-2-4(0.2904) / 1-4-2(0.2111) / 1-2-5(0.0852) / 1-2-6(0.0593) / 1-2-3(0.0566) / 1-5-2(0.0475) / 1-4-5(0.0379) / 1-6-2(0.0322) / 1-3-2(0.0306) / 1-5-4(0.0290)
2025-12-07,9,1-4-3,1-3-4,0.14593074890025412,False,1-3-4(0.1459) / 1-4-3(0.1216) / 1-3-6(0.1116) / 1-6-3(0.0864) / 1-3-2(0.0787) / 1-4-6(0.0616) / 1-6-4(0.0572) / 1-2-3(0.0570) / 1-4-2(0.0434) / 1-2-4(0.0377)
2025-12-07,10,1-2-3,1-4-2,0.24623693375676214,False,1-4-2(0.2462) / 1-4-3(0.1372) / 1-2-4(0.1316) / 1-4-6(0.1112) / 1-4-5(0.0718) / 1-3-4(0.0665) / 1-6-4(0.0527) / 1-5-4(0.0329) / 1-2-3(0.0244) / 1-3-2(0.0221)
2025-12-07,11,1-5-6,1-5-2,0.12334503741798464,False,1-5-2(0.1233) / 1-2-5(0.1074) / 1-5-6(0.1004) / 1-6-5(0.0826) / 1-5-4(0.0726) / 1-2-6(0.0621) / 1-6-2(0.0586) / 1-4-5(0.0559) / 1-2-4(0.0449) / 1-5-3(0.0425)
2025-12-08,3,1-3-4,1-3-5,0.21097128152250624,False,1-3-5(0.2110) / 1-5-3(0.1491) / 1-3-4(0.1352) / 1-4-3(0.0857) / 1-3-2(0.0855) / 1-2-3(0.0507) / 1-5-4(0.0499) / 1-4-5(0.0448) / 1-3-6(0.0332) / 1-5-2(0.0316)
2025-12-08,4,1-5-4,1-4-5,0.17904732348173422,False,1-4-5(0.1790) / 1-5-4(0.1438) / 1-4-3(0.0967) / 1-4-2(0.0948) / 1-3-4(0.0668) / 1-2-4(0.0653) / 1-5-3(0.0498) / 1-5-2(0.0489) / 1-3-5(0.0429) / 1-2-5(0.0419)
2025-12-08,7,1-5-2,1-5-2,0.23498683444071602,True,1-5-2(0.2350) / 1-5-3(0.1344) / 1-5-6(0.1326) / 1-2-5(0.1165) / 1-5-4(0.0844) / 1-3-5(0.0614) / 1-6-5(0.0605) / 1-4-5(0.0371) / 1-2-3(0.0188) / 1-2-6(0.0186)
2025-12-08,8,1-4-3,1-2-4,0.20538140646006162,False,1-2-4(0.2054) / 1-4-2(0.1475) / 1-2-5(0.1198) / 1-2-3(0.1122) / 1-5-2(0.0758) / 1-3-2(0.0703) / 1-4-5(0.0459) / 1-4-3(0.0430) / 1-5-4(0.0405) / 1-3-4(0.0375)
2025-12-08,9,1-2-3,1-6-2,0.20601634783917305,False,1-6-2(0.2060) / 1-6-3(0.1776) / 1-2-6(0.1313) / 1-3-6(0.1092) / 1-6-4(0.1002) / 1-4-6(0.0563) / 1-2-3(0.0478) / 1-3-2(0.0461) / 1-2-4(0.0270) / 1-4-2(0.0237)
2025-12-08,10,1-4-2,1-4-3,0.0991990153901378,False,1-4-3(0.0992) / 1-4-5(0.0941) / 1-3-4(0.0917) / 1-5-4(0.0857) / 1-4-2(0.0758) / 1-3-5(0.0701) / 1-5-3(0.0690) / 1-2-4(0.0653) / 1-3-2(0.0565) / 1-5-2(0.0528)
2025-12-08,11,1-4-3,1-3-2,0.19029052181100567,False,1-3-2(0.1903) / 1-3-4(0.1641) / 1-2-3(0.1252) / 1-4-3(0.1042) / 1-3-5(0.0679) / 1-3-6(0.0563) / 1-2-4(0.0468) / 1-4-2(0.0451) / 1-5-3(0.0382) / 1-6-3(0.0313)
2025-12-08,12,1-2-3,1-3-6,0.08731351315413079,False,1-3-6(0.0873) / 1-3-5(0.0856) / 1-6-3(0.0796) / 1-5-3(0.0776) / 1-3-2(0.0713) / 1-2-3(0.0618) / 1-6-5(0.0591) / 1-5-6(0.0587) / 1-6-2(0.0492) / 1-5-2(0.0480)
2025-12-11,2,1-6-4,1-6-5,0.17308921921749296,False,1-6-5(0.1731) / 1-5-6(0.1579) / 1-6-4(0.1502) / 1-4-6(0.1296) / 1-5-4(0.1139) / 1-4-5(0.1077) / 1-6-2(0.0302) / 1-5-2(0.0229) / 1-2-6(0.0203) / 1-4-2(0.0188)
2025-12-11,3,1-3-6,1-6-4,0.15325426789871296,False,1-6-4(0.1533) / 1-4-6(0.1227) / 1-6-3(0.1222) / 1-3-6(0.0920) / 1-6-5(0.0898) / 1-5-6(0.0637) / 1-4-3(0.0599) / 1-3-4(0.0563) / 1-4-5(0.0440) / 1-5-4(0.0390)
2025-12-11,10,1-5-4,1-4-2,0.18256206982280196,False,1-4-2(0.1826) / 1-2-4(0.1817) / 1-4-3(0.0782) / 1-2-3(0.0772) / 1-4-6(0.0715) / 1-2-6(0.0705) / 1-3-4(0.0599) / 1-3-2(0.0594) / 1-6-4(0.0539) / 1-6-2(0.0534)
2025-12-11,11,1-4-5,1-2-5,0.1985841345378656,False,1-2-5(0.1986) / 1-5-2(0.1732) / 1-2-4(0.0770) / 1-2-6(0.0634) / 1-2-3(0.0552) / 1-4-2(0.0529) / 1-5-4(0.0520) / 1-5-6(0.0428) / 1-6-2(0.0425) / 1-4-5(0.0410)
2025-12-11,12,1-3-2,1-6-3,0.27939790844664775,False,1-6-3(0.2794) / 1-3-6(0.2072) / 1-6-4(0.0864) / 1-6-2(0.0848) / 1-4-6(0.0494) / 1-2-6(0.0484) / 1-3-4(0.0401) / 1-3-2(0.0393) / 1-4-3(0.0309) / 1-6-5(0.0308)
2025-12-12,3,1-6-2,1-4-6,0.24473233616897788,False,1-4-6(0.2447) / 1-6-4(0.2209) / 1-4-5(0.1321) / 1-6-5(0.1010) / 1-5-4(0.0957) / 1-5-6(0.0810) / 1-4-3(0.0189) / 1-4-2(0.0165) / 1-6-3(0.0144) / 1-6-2(0.0126)
2025-12-12,5,1-3-6,1-4-2,0.29361245424205334,False,1-4-2(0.2936) / 1-4-5(0.2433) / 1-4-3(0.1752) / 1-2-4(0.0914) / 1-5-4(0.0741) / 1-3-4(0.0519) / 1-2-5(0.0117) / 1-4-6(0.0115) / 1-5-2(0.0115) / 1-2-3(0.0085)
2025-12-12,7,1-5-2,1-5-2,0.20244728944105322,True,1-5-2(0.2024) / 1-2-5(0.1877) / 1-5-6(0.0913) / 1-2-6(0.0737) / 1-5-4(0.0723) / 1-6-5(0.0665) / 1-2-4(0.0584) / 1-6-2(0.0580) / 1-4-5(0.0509) / 1-4-2(0.0443)
2025-12-12,8,1-2-6,1-2-4,0.18615171324077695,False,1-2-4(0.1862) / 1-4-2(0.1683) / 1-2-6(0.0874) / 1-2-3(0.0709) / 1-4-6(0.0651) / 1-6-2(0.0638) / 1-4-3(0.0528) / 1-6-4(0.0526) / 1-3-2(0.0502) / 1-3-4(0.0414)
2025-12-12,9,1-2-6,1-2-6,0.33175230493428975,True,1-2-6(0.3318) / 1-2-5(0.1372) / 1-2-3(0.1208) / 1-6-2(0.1201) / 1-2-4(0.1017) / 1-5-2(0.0451) / 1-3-2(0.0394) / 1-4-2(0.0329) / 1-6-5(0.0106) / 1-5-6(0.0096)
2025-12-12,10,1-5-6,1-5-3,0.18153367667753592,False,1-5-3(0.1815) / 1-5-4(0.1527) / 1-3-5(0.1180) / 1-4-5(0.0955) / 1-5-2(0.0905) / 1-5-6(0.0539) / 1-2-5(0.0523) / 1-3-4(0.0410) / 1-4-3(0.0395) / 1-6-5(0.0299)
2025-12-12,11,1-5-4,1-2-4,0.17457095258252325,False,1-2-4(0.1746) / 1-4-2(0.1408) / 1-2-6(0.1010) / 1-6-2(0.0710) / 1-2-3(0.0700) / 1-2-5(0.0568) / 1-4-6(0.0525) / 1-3-2(0.0467) / 1-6-4(0.0457) / 1-5-2(0.0371)
2025-12-12,12,1-2-3,1-5-6,0.2668153300622153,False,1-5-6(0.2668) / 1-5-2(0.1900) / 1-6-5(0.1436) / 1-2-5(0.0953) / 1-5-3(0.0734) / 1-5-4(0.0399) / 1-6-2(0.0361) / 1-2-6(0.0336) / 1-3-5(0.0334) / 1-4-5(0.0177)
2025-12-13,1,1-2-3,1-6-2,0.23329271765811876,False,1-6-2(0.2333) / 1-2-6(0.1777) / 1-6-5(0.0938) / 1-6-3(0.0855) / 1-5-6(0.0579) / 1-3-6(0.0522) / 1-2-5(0.0445) / 1-2-3(0.0405) / 1-6-4(0.0403) / 1-5-2(0.0360)
2025-12-13,5,1-6-2,1-3-6,0.14302422587673227,False,1-3-6(0.1430) / 1-6-3(0.1430) / 1-3-5(0.1108) / 1-6-5(0.1107) / 1-5-3(0.1004) / 1-5-6(0.1004) / 1-3-2(0.0429) / 1-6-2(0.0428) / 1-2-3(0.0325) / 1-2-6(0.0325)
2025-12-13,6,1-2-5,1-2-4,0.424117285819906,False,1-2-4(0.4241) / 1-2-3(0.2231) / 1-2-5(0.1461) / 1-4-2(0.0928) / 1-3-2(0.0463) / 1-5-2(0.0297) / 1-2-6(0.0104) / 1-4-3(0.0063) / 1-3-4(0.0060) / 1-4-5(0.0041)
2025-12-13,7,1-4-6,1-6-4,0.1770797133017691,False,1-6-4(0.1771) / 1-6-3(0.1309) / 1-4-6(0.1268) / 1-6-5(0.1148) / 1-3-6(0.0872) / 1-5-6(0.0747) / 1-4-3(0.0470) / 1-3-4(0.0437) / 1-4-5(0.0412) / 1-5-4(0.0374)
2025-12-13,10,1-3-6,1-3-6,0.2941178632129706,True,1-3-6(0.2941) / 1-6-3(0.2888) / 1-3-5(0.0435) / 1-3-4(0.0425) / 1-6-5(0.0416) / 1-6-4(0.0407) / 1-3-2(0.0387) / 1-6-2(0.0370) / 1-5-3(0.0269) / 1-4-3(0.0263)
2025-12-13,12,1-4-5,1-2-3,0.09270608795112122,False,1-2-3(0.0927) / 1-3-2(0.0908) / 1-2-6(0.0803) / 1-6-2(0.0752) / 1-2-5(0.0746) / 1-3-6(0.0740) / 1-6-3(0.0708) / 1-3-5(0.0687) / 1-5-2(0.0685) / 1-5-3(0.0645)
2025-12-14,1,1-2-3,1-3-5,0.22029790378350286,False,1-3-5(0.2203) / 1-3-2(0.1838) / 1-3-4(0.1790) / 1-5-3(0.0966) / 1-2-3(0.0785) / 1-4-3(0.0762) / 1-3-6(0.0377) / 1-5-2(0.0175) / 1-2-5(0.0170) / 1-5-4(0.0170)
2025-12-14,3,1-5-3,1-5-2,0.34712201263937037,False,1-5-2(0.3471) / 1-2-5(0.3110) / 1-5-4(0.0736) / 1-2-4(0.0571) / 1-4-5(0.0432) / 1-5-3(0.0384) / 1-4-2(0.0374) / 1-2-3(0.0298) / 1-3-5(0.0216) / 1-3-2(0.0187)
2025-12-14,4,1-3-2,1-6-2,0.1718987278660341,False,1-6-2(0.1719) / 1-2-6(0.1520) / 1-6-4(0.1193) / 1-4-6(0.0938) / 1-2-4(0.0823) / 1-6-3(0.0756) / 1-4-2(0.0731) / 1-3-6(0.0544) / 1-2-3(0.0521) / 1-3-2(0.0424)
2025-12-14,5,1-6-3,1-6-5,0.17485774927567704,False,1-6-5(0.1749) / 1-6-4(0.1361) / 1-5-6(0.1289) / 1-4-6(0.0941) / 1-6-3(0.0687) / 1-5-4(0.0533) / 1-6-2(0.0526) / 1-4-5(0.0500) / 1-3-6(0.0429) / 1-2-6(0.0321)
2025-12-14,8,1-2-3,1-2-4,0.3125204809934421,False,1-2-4(0.3125) / 1-2-3(0.2883) / 1-2-5(0.1034) / 1-4-2(0.1012) / 1-3-2(0.0924) / 1-5-2(0.0306) / 1-4-3(0.0161) / 1-3-4(0.0160) / 1-2-6(0.0120) / 1-4-5(0.0058)
2025-12-14,10,1-4-2,1-2-5,0.11450450328659913,False,1-2-5(0.1145) / 1-5-2(0.1115) / 1-2-4(0.0939) / 1-4-2(0.0856) / 1-5-4(0.0855) / 1-4-5(0.0800) / 1-2-3(0.0757) / 1-5-3(0.0689) / 1-3-2(0.0653) / 1-3-5(0.0610)
2025-12-15,2,1-2-6,1-5-2,0.1799793513322477,False,1-5-2(0.1800) / 1-5-3(0.1792) / 1-2-5(0.1227) / 1-3-5(0.1220) / 1-5-4(0.0911) / 1-2-3(0.0557) / 1-3-2(0.0556) / 1-4-5(0.0549) / 1-2-4(0.0283) / 1-3-4(0.0281)
2025-12-15,4,1-2-3,1-4-6,0.09546750662149206,False,1-4-6(0.0955) / 1-6-4(0.0911) / 1-4-2(0.0807) / 1-2-4(0.0733) / 1-6-2(0.0674) / 1-4-5(0.0646) / 1-2-6(0.0642) / 1-5-4(0.0557) / 1-6-5(0.0540) / 1-5-6(0.0488)
2025-12-15,5,1-5-4,1-5-6,0.2877415219633667,False,1-5-6(0.2877) / 1-6-5(0.1442) / 1-5-4(0.1402) / 1-5-2(0.1167) / 1-4-5(0.0625) / 1-5-3(0.0519) / 1-2-5(0.0511) / 1-6-4(0.0229) / 1-3-5(0.0217) / 1-4-6(0.0204)
2025-12-15,6,1-5-6,1-6-5,0.12439758157237313,False,1-6-5(0.1244) / 1-5-6(0.1224) / 1-6-2(0.0715) / 1-5-2(0.0677) / 1-2-6(0.0600) / 1-2-5(0.0577) / 1-6-4(0.0551) / 1-5-4(0.0521) / 1-6-3(0.0497) / 1-5-3(0.0471)
2025-12-15,7,1-2-3,1-6-2,0.26262264586185574,False,1-6-2(0.2626) / 1-2-6(0.2255) / 1-6-4(0.0913) / 1-6-3(0.0707) / 1-2-4(0.0616) / 1-4-6(0.0585) / 1-2-3(0.0477) / 1-4-2(0.0460) / 1-3-6(0.0440) / 1-3-2(0.0346)
2025-12-15,9,1-4-2,1-2-3,0.21341456489970997,False,1-2-3(0.2134) / 1-3-2(0.2074) / 1-2-5(0.1075) / 1-3-5(0.0994) / 1-5-2(0.0820) / 1-5-3(0.0780) / 1-2-6(0.0322) / 1-3-6(0.0298) / 1-2-4(0.0214) / 1-6-2(0.0213)
2025-12-15,11,1-4-3,1-3-2,0.14541831460415036,False,1-3-2(0.1454) / 1-3-6(0.1128) / 1-2-3(0.1041) / 1-3-4(0.0912) / 1-6-3(0.0766) / 1-3-5(0.0755) / 1-4-3(0.0598) / 1-5-3(0.0484) / 1-2-6(0.0374) / 1-6-2(0.0355)
2025-12-22,1,1-3-2,1-2-3,0.35299870577538917,False,1-2-3(0.3530) / 1-3-2(0.2126) / 1-2-5(0.1174) / 1-2-6(0.0731) / 1-5-2(0.0565) / 1-3-5(0.0345) / 1-6-2(0.0339) / 1-5-3(0.0275) / 1-3-6(0.0215) / 1-2-4(0.0192)
2025-12-22,7,1-2-3,1-5-2,0.3037268729474699,False,1-5-2(0.3037) / 1-2-5(0.1534) / 1-5-3(0.1237) / 1-5-6(0.0959) / 1-5-4(0.0748) / 1-3-5(0.0542) / 1-6-5(0.0412) / 1-4-5(0.0316) / 1-2-3(0.0213) / 1-3-2(0.0185)
2025-12-22,9,1-3-4,1-2-5,0.3077641600270811,False,1-2-5(0.3078) / 1-2-4(0.2002) / 1-5-2(0.1607) / 1-4-2(0.0954) / 1-2-3(0.0474) / 1-5-4(0.0380) / 1-4-5(0.0347) / 1-2-6(0.0343) / 1-3-2(0.0201) / 1-6-2(0.0144)
2025-12-22,12,1-4-5,1-4-6,0.15654282994532767,False,1-4-6(0.1565) / 1-4-2(0.1246) / 1-4-3(0.1159) / 1-4-5(0.1082) / 1-6-4(0.0915) / 1-2-4(0.0702) / 1-3-4(0.0647) / 1-5-4(0.0599) / 1-6-2(0.0221) / 1-2-6(0.0213)
2025-12-23,1,1-6-3,1-6-3,0.32783252566246046,True,1-6-3(0.3278) / 1-3-6(0.1850) / 1-6-4(0.1068) / 1-6-2(0.0986) / 1-4-6(0.0495) / 1-2-6(0.0454) / 1-6-5(0.0402) / 1-3-4(0.0256) / 1-3-2(0.0237) / 1-4-3(0.0211)
2025-12-23,6,1-6-3,1-6-3,0.22718334293884185,True,1-6-3(0.2272) / 1-3-6(0.2105) / 1-6-4(0.1075) / 1-3-4(0.0875) / 1-4-6(0.0778) / 1-4-3(0.0683) / 1-6-2(0.0419) / 1-3-2(0.0341) / 1-2-6(0.0271) / 1-2-3(0.0238)
2025-12-23,12,1-5-6,1-2-3,0.17914826373886378,False,1-2-3(0.1791) / 1-2-4(0.1775) / 1-2-5(0.1222) / 1-3-2(0.0962) / 1-4-2(0.0952) / 1-2-6(0.0648) / 1-5-2(0.0622) / 1-6-2(0.0313) / 1-3-4(0.0264) / 1-4-3(0.0263)
2025-12-24,1,1-2-3,1-3-6,0.20631478386185592,False,1-3-6(0.2063) / 1-6-3(0.1508) / 1-3-2(0.1184) / 1-3-5(0.0850) / 1-2-3(0.0758) / 1-5-3(0.0520) / 1-6-2(0.0480) / 1-3-4(0.0421) / 1-2-6(0.0420) / 1-6-5(0.0344)
2025-12-24,3,1-4-3,1-5-2,0.11900477506527836,False,1-5-2(0.1190) / 1-2-5(0.1177) / 1-5-6(0.0738) / 1-2-6(0.0712) / 1-6-5(0.0634) / 1-6-2(0.0618) / 1-5-4(0.0526) / 1-2-4(0.0507) / 1-5-3(0.0483) / 1-2-3(0.0465)
2025-12-24,6,1-2-5,1-2-3,0.12702358155626092,False,1-2-3(0.1270) / 1-2-5(0.1268) / 1-3-2(0.1062) / 1-5-2(0.1059) / 1-2-6(0.0870) / 1-3-5(0.0684) / 1-5-3(0.0684) / 1-6-2(0.0665) / 1-3-6(0.0470) / 1-5-6(0.0468)
2025-12-24,9,1-2-4,1-4-6,0.15606184821490282,False,1-4-6(0.1561) / 1-6-4(0.1349) / 1-4-5(0.0744) / 1-4-3(0.0729) / 1-4-2(0.0643) / 1-5-4(0.0540) / 1-3-4(0.0527) / 1-6-5(0.0470) / 1-6-3(0.0460) / 1-2-4(0.0457)
2025-12-24,10,1-2-4,1-2-6,0.4138347141117476,False,1-2-6(0.4138) / 1-6-2(0.1377) / 1-2-4(0.1366) / 1-2-5(0.1317) / 1-4-2(0.0403) / 1-5-2(0.0388) / 1-2-3(0.0385) / 1-3-2(0.0109) / 1-6-4(0.0101) / 1-6-5(0.0098)
2025-12-24,11,1-2-3,1-6-2,0.1419153678483794,False,1-6-2(0.1419) / 1-2-6(0.1165) / 1-6-4(0.0962) / 1-6-3(0.0802) / 1-4-6(0.0718) / 1-3-6(0.0580) / 1-6-5(0.0557) / 1-2-4(0.0501) / 1-4-2(0.0455) / 1-2-3(0.0418)
2025-12-24,12,1-4-2,1-4-2,0.16019873900534196,True,1-4-2(0.1602) / 1-2-4(0.1307) / 1-4-5(0.1227) / 1-5-4(0.0928) / 1-4-3(0.0916) / 1-3-4(0.0653) / 1-2-5(0.0647) / 1-5-2(0.0599) / 1-2-3(0.0483) / 1-3-2(0.0422)
2025-12-25,1,1-3-2,1-6-2,0.11442687048432164,False,1-6-2(0.1144) / 1-6-3(0.1088) / 1-2-6(0.0978) / 1-3-6(0.0917) / 1-6-5(0.0769) / 1-2-3(0.0620) / 1-3-2(0.0611) / 1-5-6(0.0600) / 1-2-5(0.0438) / 1-3-5(0.0411)
2025-12-25,2,1-3-5,1-2-5,0.11989932929818041,False,1-2-5(0.1199) / 1-5-2(0.1103) / 1-2-3(0.1001) / 1-2-4(0.0952) / 1-3-2(0.0870) / 1-4-2(0.0817) / 1-5-3(0.0748) / 1-5-4(0.0712) / 1-3-5(0.0708) / 1-4-5(0.0664)
2025-12-25,3,1-6-2,1-6-4,0.23082958040265047,False,1-6-4(0.2308) / 1-4-6(0.2084) / 1-6-5(0.0754) / 1-6-3(0.0635) / 1-4-5(0.0573) / 1-5-6(0.0505) / 1-4-3(0.0482) / 1-5-4(0.0425) / 1-3-6(0.0417) / 1-3-4(0.0351)
2025-12-25,6,1-3-6,1-3-2,0.21230037592878803,False,1-3-2(0.2123) / 1-3-6(0.1939) / 1-2-3(0.1347) / 1-6-3(0.1202) / 1-2-6(0.0521) / 1-6-2(0.0510) / 1-3-5(0.0499) / 1-3-4(0.0441) / 1-5-3(0.0262) / 1-4-3(0.0231)
2025-12-25,8,1-3-4,1-4-3,0.14431213335419693,False,1-4-3(0.1443) / 1-3-4(0.1362) / 1-4-2(0.1212) / 1-2-4(0.1073) / 1-3-2(0.1005) / 1-2-3(0.0943) / 1-4-6(0.0464) / 1-3-6(0.0385) / 1-6-4(0.0342) / 1-2-6(0.0303)
2025-12-26,4,1-3-6,1-6-3,0.15970684403944294,False,1-6-3(0.1597) / 1-3-6(0.1480) / 1-6-4(0.0927) / 1-3-4(0.0733) / 1-4-6(0.0730) / 1-4-3(0.0623) / 1-6-5(0.0529) / 1-6-2(0.0437) / 1-3-5(0.0419) / 1-5-6(0.0382)
2025-12-26,7,1-3-4,1-3-6,0.10249851357642865,False,1-3-6(0.1025) / 1-3-4(0.1011) / 1-6-3(0.0958) / 1-4-3(0.0941) / 1-6-4(0.0788) / 1-4-6(0.0784) / 1-3-5(0.0562) / 1-5-3(0.0458) / 1-6-5(0.0438) / 1-4-5(0.0430)
2025-12-26,8,1-5-4,1-2-3,0.2045433202512472,False,1-2-3(0.2045) / 1-2-6(0.1610) / 1-2-4(0.1356) / 1-3-2(0.1132) / 1-6-2(0.0853) / 1-4-2(0.0701) / 1-2-5(0.0409) / 1-3-6(0.0284) / 1-6-3(0.0272) / 1-3-4(0.0239)
2025-12-26,9,1-3-6,1-2-5,0.11942358644936973,False,1-2-5(0.1194) / 1-5-2(0.1002) / 1-2-3(0.0938) / 1-2-6(0.0791) / 1-3-2(0.0741) / 1-6-2(0.0604) / 1-2-4(0.0562) / 1-5-3(0.0504) / 1-3-5(0.0475) / 1-5-6(0.0425)
2025-12-26,10,1-2-4,1-4-2,0.14127577721839363,False,1-4-2(0.1413) / 1-2-4(0.1218) / 1-4-5(0.0855) / 1-4-3(0.0809) / 1-5-4(0.0650) / 1-3-4(0.0609) / 1-2-5(0.0525) / 1-2-3(0.0497) / 1-4-6(0.0494) / 1-5-2(0.0463)
2025-12-26,12,1-2-6,1-4-5,0.15967780743978402,False,1-4-5(0.1597) / 1-4-3(0.1562) / 1-4-6(0.1135) / 1-5-4(0.0982) / 1-3-4(0.0957) / 1-6-4(0.0659) / 1-4-2(0.0587) / 1-5-3(0.0330) / 1-3-5(0.0328) / 1-2-4(0.0320)
2025-12-27,1,1-5-6,1-4-5,0.178237088583883,False,1-4-5(0.1782) / 1-5-4(0.1677) / 1-4-3(0.1055) / 1-5-3(0.0882) / 1-3-4(0.0834) / 1-3-5(0.0741) / 1-4-6(0.0546) / 1-5-6(0.0457) / 1-6-4(0.0388) / 1-6-5(0.0345)
2025-12-27,3,1-4-3,1-3-5,0.4003760298202595,False,1-3-5(0.4004) / 1-3-6(0.2543) / 1-5-3(0.1235) / 1-6-3(0.0739) / 1-3-2(0.0523) / 1-3-4(0.0289) / 1-5-6(0.0153) / 1-6-5(0.0144) / 1-2-3(0.0141) / 1-4-3(0.0077)
2025-12-27,4,1-5-2,1-5-6,0.21425209340816154,False,1-5-6(0.2143) / 1-5-3(0.1976) / 1-5-4(0.1571) / 1-6-5(0.0909) / 1-3-5(0.0829) / 1-4-5(0.0642) / 1-5-2(0.0603) / 1-2-5(0.0232) / 1-6-3(0.0168) / 1-3-6(0.0166)
2025-12-27,8,1-4-2,1-4-2,0.28269860606872127,True,1-4-2(0.2827) / 1-2-4(0.1849) / 1-4-3(0.1798) / 1-3-4(0.1041) / 1-2-3(0.0598) / 1-3-2(0.0529) / 1-4-5(0.0317) / 1-4-6(0.0237) / 1-5-4(0.0157) / 1-6-4(0.0117)
2025-12-27,9,1-2-4,1-3-6,0.2260024183252804,False,1-3-6(0.2260) / 1-3-2(0.1777) / 1-6-3(0.1172) / 1-3-5(0.0934) / 1-2-3(0.0882) / 1-3-4(0.0729) / 1-5-3(0.0432) / 1-4-3(0.0332) / 1-6-2(0.0276) / 1-2-6(0.0264)
2025-12-27,10,1-3-2,1-6-2,0.10723175989655231,False,1-6-2(0.1072) / 1-6-4(0.1061) / 1-6-3(0.0930) / 1-2-6(0.0892) / 1-4-6(0.0880) / 1-3-6(0.0748) / 1-2-4(0.0537) / 1-4-2(0.0536) / 1-2-3(0.0471) / 1-4-3(0.0465)
2025-12-27,12,1-5-2,1-3-2,0.16203871004349615,False,1-3-2(0.1620) / 1-2-3(0.1510) / 1-3-5(0.0831) / 1-2-5(0.0669) / 1-5-3(0.0639) / 1-5-2(0.0552) / 1-3-4(0.0530) / 1-3-6(0.0513) / 1-2-4(0.0426) / 1-2-6(0.0413)
2025-12-31,7,1-3-5,1-3-5,0.0966683086487288,True,1-3-5(0.0967) / 1-5-3(0.0899) / 1-3-2(0.0863) / 1-3-4(0.0859) / 1-2-3(0.0777) / 1-4-3(0.0772) / 1-5-2(0.0655) / 1-5-4(0.0652) / 1-2-5(0.0634) / 1-4-5(0.0631)
2025-12-31,9,1-4-3,1-3-2,0.24751117563223934,False,1-3-2(0.2475) / 1-3-4(0.1794) / 1-3-5(0.1578) / 1-2-3(0.1121) / 1-4-3(0.0774) / 1-5-3(0.0671) / 1-3-6(0.0320) / 1-2-4(0.0203) / 1-4-2(0.0193) / 1-2-5(0.0178)
2025-12-31,11,1-4-5,1-4-2,0.13345335184553098,False,1-4-2(0.1335) / 1-2-4(0.1215) / 1-4-6(0.1039) / 1-6-4(0.0875) / 1-2-6(0.0759) / 1-6-2(0.0702) / 1-4-3(0.0554) / 1-3-4(0.0415) / 1-2-3(0.0404) / 1-4-5(0.0404)
