tree
version=v4
num_class=6
num_tree_per_iteration=6
label_index=0
max_feature_idx=221
objective=multiclass num_class:6
feature_names=艇1_艇 艇1_登番 艇1_モーター 艇1_展示 艇1_スタート 艇1_勝率 艇1_複勝率 艇1_1着回数 艇1_2着回数 艇1_出走回数 艇1_優出回数 艇1_優勝回数 艇1_平均ST 艇1_1コース進入回数 艇1_1コース複勝率 艇1_1コースST 艇1_1コースST順位 艇1_2コース進入回数 艇1_2コース複勝率 艇1_2コースST 艇1_2コースST順位 艇1_3コース進入回数 艇1_3コース複勝率 艇1_3コースST 艇1_3コースST順位 艇1_4コース進入回数 艇1_4コース複勝率 艇1_4コースST 艇1_4コースST順位 艇1_5コース進入回数 艇1_5コース複勝率 艇1_5コースST 艇1_5コースST順位 艇1_6コース進入回数 艇1_6コース複勝率 艇1_6コースST 艇1_6コースST順位 艇2_艇 艇2_登番 艇2_モーター 艇2_展示 艇2_スタート 艇2_勝率 艇2_複勝率 艇2_1着回数 艇2_2着回数 艇2_出走回数 艇2_優出回数 艇2_優勝回数 艇2_平均ST 艇2_1コース進入回数 艇2_1コース複勝率 艇2_1コースST 艇2_1コースST順位 艇2_2コース進入回数 艇2_2コース複勝率 艇2_2コースST 艇2_2コースST順位 艇2_3コース進入回数 艇2_3コース複勝率 艇2_3コースST 艇2_3コースST順位 艇2_4コース進入回数 艇2_4コース複勝率 艇2_4コースST 艇2_4コースST順位 艇2_5コース進入回数 艇2_5コース複勝率 艇2_5コースST 艇2_5コースST順位 艇2_6コース進入回数 艇2_6コース複勝率 艇2_6コースST 艇2_6コースST順位 艇3_艇 艇3_登番 艇3_モーター 艇3_展示 艇3_スタート 艇3_勝率 艇3_複勝率 艇3_1着回数 艇3_2着回数 艇3_出走回数 艇3_優出回数 艇3_優勝回数 艇3_平均ST 艇3_1コース進入回数 艇3_1コース複勝率 艇3_1コースST 艇3_1コースST順位 艇3_2コース進入回数 艇3_2コース複勝率 艇3_2コースST 艇3_2コースST順位 艇3_3コース進入回数 艇3_3コース複勝率 艇3_3コースST 艇3_3コースST順位 艇3_4コース進入回数 艇3_4コース複勝率 艇3_4コースST 艇3_4コースST順位 艇3_5コース進入回数 艇3_5コース複勝率 艇3_5コースST 艇3_5コースST順位 艇3_6コース進入回数 艇3_6コース複勝率 艇3_6コースST 艇3_6コースST順位 艇4_艇 艇4_登番 艇4_モーター 艇4_展示 艇4_スタート 艇4_勝率 艇4_複勝率 艇4_1着回数 艇4_2着回数 艇4_出走回数 艇4_優出回数 艇4_優勝回数 艇4_平均ST 艇4_1コース進入回数 艇4_1コース複勝率 艇4_1コースST 艇4_1コースST順位 艇4_2コース進入回数 艇4_2コース複勝率 艇4_2コースST 艇4_2コースST順位 艇4_3コース進入回数 艇4_3コース複勝率 艇4_3コースST 艇4_3コースST順位 艇4_4コース進入回数 艇4_4コース複勝率 艇4_4コースST 艇4_4コースST順位 艇4_5コース進入回数 艇4_5コース複勝率 艇4_5コースST 艇4_5コースST順位 艇4_6コース進入回数 艇4_6コース複勝率 艇4_6コースST 艇4_6コースST順位 艇5_艇 艇5_登番 艇5_モーター 艇5_展示 艇5_スタート 艇5_勝率 艇5_複勝率 艇5_1着回数 艇5_2着回数 艇5_出走回数 艇5_優出回数 艇5_優勝回数 艇5_平均ST 艇5_1コース進入回数 艇5_1コース複勝率 艇5_1コースST 艇5_1コースST順位 艇5_2コース進入回数 艇5_2コース複勝率 艇5_2コースST 艇5_2コースST順位 艇5_3コース進入回数 艇5_3コース複勝率 艇5_3コースST 艇5_3コースST順位 艇5_4コース進入回数 艇5_4コース複勝率 艇5_4コースST 艇5_4コースST順位 艇5_5コース進入回数 艇5_5コース複勝率 艇5_5コースST 艇5_5コースST順位 艇5_6コース進入回数 艇5_6コース複勝率 艇5_6コースST 艇5_6コースST順位 艇6_艇 艇6_登番 艇6_モーター 艇6_展示 艇6_スタート 艇6_勝率 艇6_複勝率 艇6_1着回数 艇6_2着回数 艇6_出走回数 艇6_優出回数 艇6_優勝回数 艇6_平均ST 艇6_1コース進入回数 艇6_1コース複勝率 艇6_1コースST 艇6_1コースST順位 艇6_2コース進入回数 艇6_2コース複勝率 艇6_2コースST 艇6_2コースST順位 艇6_3コース進入回数 艇6_3コース複勝率 艇6_3コースST 艇6_3コースST順位 艇6_4コース進入回数 艇6_4コース複勝率 艇6_4コースST 艇6_4コースST順位 艇6_5コース進入回数 艇6_5コース複勝率 艇6_5コースST 艇6_5コースST順位 艇6_6コース進入回数 艇6_6コース複勝率 艇6_6コースST 艇6_6コースST順位
feature_infos=none [1485:5207] [1:66] [6.4900000000000002:7.1299999999999999] [0:0.45000000000000001] [0:8.9000000000000004] [0:7.9699999999999998] [0:77] [0:53] [0:183] [0:15] [0:7] [0:0.28999999999999998] [0:86] [0:10] [0:0.54000000000000004] [0:600] [0:89] [0:10] [0:0.33000000000000002] [0:600] [0:50] [0:10] [0:0.34999999999999998] [0:600] [0:45] [0:10] [0:0.33000000000000002] [0:600] [0:40] [0:10] [0:0.34999999999999998] [0:600] [0:132] [0:10] [0:0.58999999999999997] [0:600] none [2014:5181] [1:66] [6.4699999999999998:7.1799999999999997] [0:0.53000000000000003] [0:8.5500000000000007] [0:7.6699999999999999] [0:83] [0:50] [0:183] [0:15] [0:7] [0:0.29999999999999999] [0:86] [0:10] [0:0.54000000000000004] [0:600] [0:103] [0:10] [0:0.33000000000000002] [0:600] [0:50] [0:10] [0:0.38] [0:600] [0:45] [0:10] [0:0.40999999999999998] [0:600] [0:44] [0:10] [0:0.34999999999999998] [0:600] [0:118] [0:10] [0:0.42999999999999999] [0:600] none [2014:5224] [1:66] [6.46:7.1200000000000001] [0:0.56000000000000005] [0:8.8800000000000008] [0:7.9699999999999998] [0:75] [0:48] [0:179] [0:15] [0:7] [0:0.29999999999999999] [0:59] [0:10] [0:0.54000000000000004] [0:600] [0:89] [0:10] [0:0.35999999999999999] [0:600] [0:53] [0:10] [0:0.34000000000000002] [0:600] [0:43] [0:10] [0:0.39000000000000001] [0:600] [0:45] [0:10] [0:0.34999999999999998] [0:600] [0:119] [0:10] [0:0.58999999999999997] [0:600] none [1485:5224] [1:66] [6.4500000000000002:7.1699999999999999] [0:0.60999999999999999] [0:8.3499999999999996] [0:7] [0:77] [0:50] [0:183] [0:13] [0:6] [0:0.28999999999999998] [0:86] [0:10] [0:0.54000000000000004] [0:600] [0:103] [0:10] [0:0.46999999999999997] [0:600] [0:50] [0:10] [0:0.40000000000000002] [0:600] [0:45] [0:10] [0:0.42999999999999999] [0:600] [0:45] [0:10] [0:0.38] [0:600] [0:119] [0:10] [0:0.58999999999999997] [0:600] none [1485:5224] [1:66] [6.4900000000000002:7.1100000000000003] [0:0.82999999999999996] [0:8.3499999999999996] [0:7.1500000000000004] [0:77] [0:48] [0:179] [0:13] [0:6] [0:0.28000000000000003] [0:86] [0:10] [0:0.54000000000000004] [0:600] [0:79] [0:10] [0:0.39000000000000001] [0:600] [0:53] [0:10] [0:0.41999999999999998] [0:600] [0:45] [0:10] [0:0.42999999999999999] [0:600] [0:45] [0:10] [0:0.62] [0:600] [0:118] [0:10] [0:0.40999999999999998] [0:600] none [2014:5257] [1:66] [6.5:7.0999999999999996] [0:0.89000000000000001] [0:8.2300000000000004] [0:7.04] [0:75] [0:50] [0:179] [0:11] [0:7] [0:0.29999999999999999] [0:86] [0:10] [0:0.54000000000000004] [0:600] [0:82] [0:10] [0:0.46999999999999997] [0:600] [0:50] [0:10] [0:0.41999999999999998] [0:600] [0:42] [0:10] [0:0.42999999999999999] [0:600] [0:45] [0:10] [0:0.52000000000000002] [0:600] [0:132] [0:10] [0:0.58999999999999997] [0:600]
tree_sizes=3342 3305 3321 3308 3326 3337 3417 3413 3387 3412 3393 3391 3399 3391 3408 3404 3393 3393 3390 3402 3409 3396 3396 3398 3437 3406 3407 3397 3385 3392 3416 3374 3402 3405 3408 3393 3419 3415 3400 3413 3424 3413 3414 3415 3408 3423 3419 3422

Tree=0
num_leaves=31
num_cat=0
split_feature=22 4 159 187 1 184 182 12 42 186 64 133 147 180 190 115 42 94 133 190 190 147 145 76 79 133 54 208 115 80
split_gain=15.8873 11.0752 9.26973 8.49808 10.386 9.2781 9.66703 9.26925 11.7734 11.6735 11.5454 10.1877 11.5547 13.4364 9.72069 9.35315 9.60195 11.9401 16.9444 16.1195 11.182 12.4301 9.88415 9.18338 10.588 8.84334 12.7149 8.69488 8.64761 8.58513
threshold=1.5550000000000004 0.10500000000000002 1.5000000000000002 57.500000000000007 4900.5000000000009 315.00000000000006 2.3650000000000007 0.17500000000000002 6.8850000000000007 2873.5000000000005 0.095000000000000015 1.5750000000000004 365.00000000000006 365.00000000000006 2.8650000000000007 0.21500000000000002 5.0750000000000011 345.00000000000006 3.6050000000000004 3.9950000000000006 4.6350000000000007 395.00000000000006 0.62500000000000011 15.500000000000002 5.535000000000001 4.4900000000000011 27.500000000000004 0.15500000000000003 0.075000000000000025 5.1950000000000012
decision_type=2 2 10 8 2 10 8 2 2 10 2 10 10 10 10 8 2 10 10 10 10 10 10 10 10 10 2 10 8 10
left_child=1 -1 3 7 5 -5 -7 8 11 -9 -11 -2 -13 14 23 16 -16 18 19 -18 -21 -22 -19 -14 -25 -10 -27 -24 -15 -12
right_child=2 -3 -4 4 -6 6 -8 9 25 10 29 12 13 28 15 -17 17 22 -20 20 21 -23 27 24 -26 26 -28 -29 -30 -31
leaf_value=-1.4123123765880801 -1.3752605220832148 -1.3637346983240839 -1.3203701862510406 -1.4035985881082056 -1.2604468568923761 -1.365139528429802 -1.2726591023941494 -1.2273085885944608 -1.310971603835013 -1.2200201131623678 -1.3447051035899558 -1.3654800028478842 -1.2239680373547515 -1.2733851574180359 -1.3584748815957994 -1.3644871185901239 -1.3517679833539122 -1.3935124530139653 -1.3404502492739576 -1.1309098242485667 -1.1515894271610523 -1.293893135338495 -1.220020113162368 -1.3567310880529089 -1.2508515211409827 -1.3925401552897547 -1.2516035067014368 -1.3397738136646706 -1.3665753980334268 -1.2910827486252729
leaf_weight=41.678980275988579 149.44562540948391 107.53637452423573 64.936311811208725 40.527627229690552 5.7567652314901343 150.59697845578194 7.5989301055669776 5.9870358407497397 67.008747294545174 5.0659534037113181 335.27400708198547 247.54090495407581 9.2108243703842145 6.6778476685285559 42.600062713027 60.561170235276222 8.0594713240861875 16.809754475951195 24.638955190777779 6.4475770592689541 5.5264946222305324 13.585965946316717 5.0659534037113216 16.118942648172382 9.6713655889034253 21.415166661143306 5.0659534037113181 16.579483866691589 139.54398921132088 20.263813614845276
leaf_count=181 649 467 282 176 25 654 33 26 291 22 1456 1075 40 29 185 263 35 73 107 28 24 59 22 70 42 93 22 72 606 88
internal_value=-1.3524 -1.3773 -1.34994 -1.35127 -1.36638 -1.36945 -1.3607 -1.34877 -1.35326 -1.3381 -1.33994 -1.35649 -1.35202 -1.34328 -1.33143 -1.33824 -1.32683 -1.31289 -1.29005 -1.25312 -1.22201 -1.25275 -1.34749 -1.29254 -1.31703 -1.32644 -1.36558 -1.31175 -1.36232 -1.34165
internal_weight=1656.8 149.215 1507.58 1442.65 204.48 198.724 158.196 1238.17 871.574 366.591 360.604 778.084 628.639 381.098 234.876 199.875 139.314 96.7137 58.2585 33.6195 25.56 19.1125 38.4552 35.0011 25.7903 93.4899 26.4811 21.6454 146.222 355.538
internal_count=7195 648 6547 6265 888 863 687 5377 3785 1592 1566 3379 2730 1655 1020 868 605 420 253 146 111 83 167 152 112 406 115 94 635 1544
is_linear=0
shrinkage=1


Tree=1
num_leaves=31
num_cat=0
split_feature=41 75 146 157 207 38 4 59 175 114 182 2 43 164 92 194 125 170 59 218 164 2 98 36 36 53 1 59 101 134
split_gain=17.9919 14.1471 12.8795 14.7857 12.4036 15.9976 13.1686 14.6337 13.8082 12.4952 11.9759 11.9599 11.5695 11.5087 21.5012 15.3137 12.176 10.1214 22.1899 13.7344 9.84956 9.27672 11.2136 17.6427 17.0015 12.6383 11.2164 10.6229 9.97299 11.8588
threshold=0.115 4950.5000000000009 0.14500000000000005 99.500000000000014 2.3650000000000007 4412.0000000000009 0.13500000000000004 2.8550000000000004 0.17500000000000002 6.8250000000000011 0.31500000000000006 26.500000000000004 2.8050000000000002 195.00000000000003 3.1550000000000007 93.500000000000014 5.4000000000000012 4.1300000000000008 2.8550000000000004 12.500000000000002 305.00000000000006 47.500000000000007 295.00000000000006 475.00000000000006 295.00000000000006 265.00000000000006 3434.5000000000005 4.285000000000001 0.17500000000000002 0.16500000000000004
decision_type=2 10 8 10 10 2 2 2 10 10 10 2 2 10 10 10 8 8 2 8 10 2 10 2 2 2 2 2 10 10
left_child=1 12 4 17 6 -6 7 -2 -8 -7 -3 -10 -1 14 15 -14 -16 -4 19 -19 -13 28 24 26 -23 27 -24 -26 29 -15
right_child=2 10 3 -5 5 9 8 -9 11 -11 -12 20 13 21 16 -17 -18 18 -20 -21 -22 22 23 -25 25 -27 -28 -29 -30 -31
leaf_value=-2.1380595436509502 -1.8828217545712265 -1.8511624518872991 -2.1261021416618093 -2.1466077619849084 -2.1572023778319296 -2.1182370822209422 -2.1585640682699481 -2.0661124543202791 -1.9155727573477028 -1.9250341581497963 -2.0892954677272741 -1.9883527635176508 -1.7864673550984047 -2.1335464335446104 -1.9883527635176508 -2.0305651670962206 -2.1541872061477458 -1.8252593860549953 -2.1296147439971165 -2.0380144147865562 -2.1994147814104994 -1.8719047536457345 -1.9691653073455737 -1.9116029388293423 -2.0876760660554616 -2.1572023778319296 -2.1378550261917519 -1.9039279563605114 -2.1501012258280578 -2.071199536896152
leaf_weight=65.19410902261734 4.5484262108802778 2.5269034504890433 231.338010892272 321.16942855715752 30.32284140586853 4.9274617284536344 11.750101044774057 7.2016748338937759 3.6640100032091123 3.7903551757335663 2.9059389680624008 2.6532486230134964 2.9059389680624035 37.650861412286758 4.1693906933069202 3.7903551757335663 8.8441620767116547 2.7795937955379495 16.045836910605431 6.4436037987470636 3.032284140586853 3.6640100032091167 2.7795937955379513 2.7795937955379477 4.2957358658313733 5.6855327636003485 27.290557265281677 3.7903551757335663 40.556800380349159 40.556800380349159
leaf_count=516 36 20 1831 2542 240 39 93 57 29 30 23 21 23 298 33 30 70 22 127 51 24 29 22 22 34 45 216 30 321 321
internal_value=-2.12408 -2.10627 -2.1312 -2.13517 -2.09926 -2.12974 -2.06304 -1.99516 -2.10083 -2.03424 -1.97854 -2.02828 -2.109 -2.09897 -2.04112 -1.92464 -2.10106 -2.12085 -2.07278 -1.9739 -2.10092 -2.10571 -2.07691 -2.10444 -2.02506 -2.06581 -2.12226 -2.00154 -2.11791 -2.10121
internal_weight=909.054 259.387 649.667 577.776 71.8904 39.0407 32.8497 11.7501 21.0996 8.71782 5.43284 9.34954 253.954 188.76 19.7098 6.69629 13.0136 256.607 25.269 9.2232 5.68553 169.05 50.2854 32.8497 17.4356 13.7716 30.0702 8.08609 118.764 78.2077
internal_count=7195 2053 5142 4573 569 309 260 93 167 69 43 74 2010 1494 156 53 103 2031 200 73 45 1338 398 260 138 109 238 64 940 619
is_linear=0
shrinkage=1


Tree=2
num_leaves=31
num_cat=0
split_feature=137 90 133 156 1 14 145 45 181 92 44 39 92 139 44 149 131 45 109 204 45 39 112 63 164 90 213 204 38 104
split_gain=17.4238 17.056 18.7892 16.4939 15.943 14.9037 14.9793 13.203 12.9669 12.4406 12.2524 12.0898 12.0763 10.1678 10.7292 10.6129 15.4581 10.0987 9.46215 22.2456 9.80151 8.68104 11.1586 8.66501 8.47588 10.0948 8.22355 8.20466 16.206 8.16287
threshold=1.0000000180025095e-35 275.00000000000006 5.285000000000001 17.500000000000004 3849.5000000000005 4.580000000000001 0.26500000000000007 24.500000000000004 27.500000000000004 2.0350000000000006 14.500000000000002 57.500000000000007 3.4900000000000007 245.00000000000003 9.5000000000000018 3538.5000000000005 295.00000000000006 26.500000000000004 0.14500000000000005 0.15500000000000003 33.500000000000007 25.500000000000004 3710.5000000000005 4.1800000000000006 325.00000000000006 315.00000000000006 355.00000000000006 0.21500000000000002 4474.5000000000009 3.3850000000000002
decision_type=10 10 10 10 2 2 10 2 8 10 2 2 10 10 2 10 10 2 10 8 2 2 8 2 8 10 10 10 2 10
left_child=11 9 5 4 12 6 7 21 -8 -2 26 18 -4 14 -7 16 -16 -6 19 -1 27 -3 -23 -19 25 -13 -5 -20 -29 -15
right_child=1 2 3 10 17 13 8 -9 -10 -11 -12 24 -14 29 15 -17 -18 23 20 -21 -22 22 -24 -25 -26 -27 -28 28 -30 -31
leaf_value=-1.566162943954337 -1.8843187591726567 -1.8587546273178868 -1.7483426713316419 -1.8193217858942279 -1.8170135220060137 -1.8847339110793564 -1.8436511050367494 -1.6363070101103048 -1.7056025593369661 -1.8439968379393052 -1.8570689486005396 -1.5827247373522739 -1.541320253857432 -1.8370992436852256 -1.7993020356329856 -1.80439797206312 -1.5661629439543372 -1.6063844422064693 -1.842556466110324 -1.8247817177836576 -1.7037532275679657 -1.6203651768930392 -1.7897471548264836 -1.7897471548264836 -1.8052738361370493 -1.7720023761858372 -1.6406910142450528 -1.8330774282513183 -1.6158483241481476 -1.8711010121725788
leaf_weight=3.2202631235122654 56.676630973815918 5.7964736223220887 3.3812762796878841 3.3812762796878841 13.203078806400301 8.2116709649562818 34.134789109230042 5.4744473099708548 4.9914078414440146 360.18643036484718 21.092723459005356 3.864315748214719 3.8643157482147217 437.15071901679039 4.1863420605659476 31.397565454244614 3.2202631235122681 3.3812762796878806 53.778394162654877 6.2795130908489236 4.1863420605659476 3.5422894358634922 8.372684121131897 3.2202631235122681 5.1524209976196298 3.3812762796878815 3.2202631235122681 6.9235657155513746 3.2202631235122681 50.397117882966995
leaf_count=20 352 36 21 21 82 51 212 34 31 2237 131 24 24 2715 26 195 20 21 334 39 26 22 52 20 32 21 20 43 20 313
internal_value=-1.83399 -1.83684 -1.82876 -1.7839 -1.73947 -1.83287 -1.79585 -1.74489 -1.82604 -1.84948 -1.8273 -1.80019 -1.63793 -1.83719 -1.80166 -1.78408 -1.69794 -1.77662 -1.81191 -1.73711 -1.82234 -1.77846 -1.73939 -1.69583 -1.72683 -1.67105 -1.73218 -1.83011 -1.76412 -1.84061
internal_weight=1158.49 1068.48 651.62 54.7445 27.0502 596.876 62.3121 23.1859 39.1262 416.863 27.6943 90.0064 7.24559 534.564 47.0158 38.8042 7.40661 19.8046 77.6083 9.49978 68.1086 17.7114 11.915 6.60154 12.398 7.24559 6.60154 63.9222 10.1438 487.548
internal_count=7195 6636 4047 340 168 3707 387 144 243 2589 172 559 45 3320 292 241 46 123 482 59 423 110 74 41 77 45 41 397 63 3028
is_linear=0
shrinkage=1


Tree=3
num_leaves=31
num_cat=0
split_feature=131 163 7 76 190 18 80 51 59 66 203 219 7 76 102 83 77 17 51 109 7 212 90 70 29 90 94 206 77 22
split_gain=23.3456 16.1885 14.9902 16.0192 12.7791 19.2982 11.1541 11.2049 11.2284 11.1135 10.2669 14.5177 9.97715 13.4432 9.54669 8.66746 9.1779 8.92413 12.0703 8.43214 8.34618 8.37963 8.20353 10.3656 11.3418 7.89559 13.2245 11.6881 8.92535 9.59895
threshold=215.00000000000003 0.10500000000000002 22.500000000000004 42.000000000000007 2.6050000000000004 6.8900000000000015 2.9850000000000008 6.5300000000000002 1.8750000000000002 14.500000000000002 3.3650000000000007 0.14500000000000005 2.5000000000000004 40.500000000000007 325.00000000000006 140.50000000000003 6.7950000000000008 15.500000000000002 7.8650000000000011 0.17500000000000002 31.500000000000004 0.17500000000000002 255.00000000000003 13.500000000000002 19.500000000000004 185.00000000000003 355.00000000000006 15.500000000000002 6.8450000000000006 3.6350000000000002
decision_type=10 10 2 10 10 2 10 2 2 2 8 10 2 8 10 10 10 2 2 10 2 8 10 2 2 10 8 10 10 2
left_child=-1 2 -2 9 5 6 -3 8 14 -4 11 -5 13 -6 -8 16 17 -9 -19 -20 21 -11 -18 -24 -25 26 27 28 29 -14
right_child=1 4 3 10 12 -7 7 15 -10 20 -12 -13 25 -15 -16 -17 22 18 19 -21 -22 -23 23 24 -26 -27 -28 -29 -30 -31
leaf_value=-1.8788495750252621 -1.8235459516815464 -1.8378550265529872 -1.6807818941742492 -1.7167372864353461 -1.8234190502970955 -1.6684347324438882 -1.8473399612660959 -1.8349670762821302 -1.8725439862334337 -1.6617466865066095 -1.7781973687086401 -1.5085585867051283 -1.7075721864472233 -1.6754943364887935 -1.6716449944937821 -1.8300179222885438 -1.8782721737260104 -1.6099532144807063 -1.8330635555153663 -1.6782438664852304 -1.8673805496204068 -1.8330635555153663 -1.8679614362393722 -1.6122551465707462 -1.7937241263355777 -1.8374515913391514 -1.6499629865218801 -1.8469302630878188 -1.6370009165386779 -1.873853286231737
leaf_weight=60.616420581936836 50.432861924171448 70.638335451483727 4.2027384936809566 5.8191763758659327 12.123284116387369 5.9808201640844336 3.8794509172439602 3.2328757643699673 17.457529127597809 3.2328757643699673 5.4958887994289407 3.3945195525884628 4.3643822818994504 5.8191763758659354 4.0410947054624557 12.123284116387365 5.172601222991946 6.9506828933954266 4.2027384936809522 4.8493136465549469 11.476708963513373 4.202738493680954 3.8794509172439566 4.041094705462454 4.8493136465549469 804.98606532812119 3.3945195525884619 24.408212020993233 3.2328757643699637 4.5260260701179504
leaf_count=375 312 437 26 36 75 37 24 20 108 20 34 21 27 36 25 75 32 43 26 30 71 26 24 25 30 4980 21 151 20 28
internal_value=-1.83051 -1.82786 -1.79499 -1.75692 -1.83072 -1.80927 -1.81507 -1.79351 -1.8367 -1.79845 -1.69166 -1.64004 -1.83448 -1.77544 -1.7577 -1.77128 -1.75212 -1.71373 -1.68924 -1.75012 -1.8246 -1.75858 -1.79328 -1.75885 -1.71124 -1.83573 -1.801 -1.81504 -1.75083 -1.79222
internal_weight=1163.03 1102.41 88.2575 37.8246 1014.15 151.299 145.318 74.6794 25.3781 23.1151 14.7096 9.2137 862.855 17.9425 7.92055 49.3014 37.1781 19.2356 16.0027 9.05205 18.9123 7.43561 17.9425 12.7699 8.89041 844.912 39.926 36.5315 12.1233 8.89041
internal_count=7195 6820 546 234 6274 936 899 462 157 143 91 57 5338 111 49 305 230 119 99 56 117 46 111 79 55 5227 247 226 75 55
is_linear=0
shrinkage=1


Tree=4
num_leaves=31
num_cat=0
split_feature=163 198 104 5 33 187 193 79 79 92 4 34 92 167 104 112 1 22 217 171 22 102 129 175 71 173 208 170 127 55
split_gain=52.9947 22.9395 15.6652 14.6684 13.3205 15.1707 14.8079 13.34 15.043 14.9797 13.7447 13.9332 12.493 12.4287 13.6775 11.6871 11.1855 12.693 12.6393 15.8016 12.1674 11.1231 16.8022 10.9968 14.8348 10.9375 12.0326 10.6961 13.1612 10.2208
threshold=1.0000000180025095e-35 8.5000000000000018 1.8000000000000003 4.1950000000000012 24.500000000000004 49.500000000000007 1.5000000000000002 5.745000000000001 4.7150000000000007 3.7150000000000003 0.14500000000000005 0.87500000000000011 1.2750000000000001 0.20500000000000004 0.92500000000000016 4315.5000000000009 3400.5000000000005 3.5600000000000001 245.00000000000003 0.16500000000000004 5.1750000000000007 275.00000000000006 4.7700000000000005 0.15500000000000003 0.8650000000000001 18.500000000000004 0.15500000000000003 1.6650000000000003 225.00000000000003 4.9350000000000014
decision_type=10 10 10 2 2 10 10 10 10 8 2 2 10 10 10 10 2 2 10 10 2 10 10 10 2 10 8 10 10 2
left_child=-1 2 3 -2 5 6 13 8 10 -10 -7 -12 -4 23 -15 -11 17 -3 19 -18 29 -21 25 24 -5 26 -23 28 -14 -19
right_child=1 16 12 4 -6 7 -8 -9 9 15 11 -13 27 14 -16 -17 18 20 -20 21 -22 22 -24 -25 -26 -27 -28 -29 -30 -31
leaf_value=-1.887055452532705 -1.843848687701563 -1.8275766054234637 -1.6801644970711158 -1.6026099873525763 -1.6299598226165837 -1.8173357387501647 -1.831436942394771 -1.8500608778364522 -1.5473577949000363 -1.8115323400637435 -1.7925393989081828 -1.5937466148133148 -1.6675535925941709 -1.7872999668652696 -1.6014927555198966 -1.6146964044515697 -1.8453162442431035 -1.7654066258288106 -1.8326649588738249 -1.857115398837089 -1.8387183146589576 -1.7236020569361479 -1.5978617520636864 -1.8155308539912298 -1.8077337518326313 -1.6842796343214872 -1.9064970458415467 -1.8401768665615128 -1.8083113149554906 -1.6488536701661154
leaf_weight=82.297779142856598 21.708469301462173 35.478766992688179 3.8880840539932242 4.2120910584926587 4.0500875562429419 11.664252161979677 40.500875562429428 5.670122578740119 5.3461155742406818 4.2120910584926614 4.2120910584926587 4.8601050674915314 5.0221085697412482 4.6981015652418119 5.5081190764904022 3.5640770494937897 18.306395754218102 13.608294188976293 698.88310870528221 4.860105067491534 8.2621786147356016 4.3740945607423791 5.1841120719909659 24.624532341957092 4.8601050674915314 6.4801400899887076 4.8601050674915323 89.26392973959446 27.702598884701729 7.4521611034870139
leaf_count=508 134 219 24 26 25 72 250 35 33 26 26 30 31 29 34 22 113 84 4314 30 51 27 32 152 30 40 30 551 171 46
internal_value=-1.82517 -1.82047 -1.80053 -1.78304 -1.77273 -1.77739 -1.79655 -1.73649 -1.71748 -1.65044 -1.7599 -1.68604 -1.82133 -1.76437 -1.68702 -1.72132 -1.82726 -1.79539 -1.83004 -1.78849 -1.75644 -1.7481 -1.72275 -1.78779 -1.7125 -1.76395 -1.81986 -1.82583 -1.78671 -1.72416
internal_weight=1165.62 1083.32 275.568 149.691 127.983 123.933 84.4038 39.5289 33.8587 13.1223 20.7364 9.0722 125.877 43.9029 10.2062 7.77617 807.749 64.8014 742.948 44.065 29.3226 25.7586 20.8985 33.6967 9.0722 15.7143 9.2342 121.989 32.7247 21.0605
internal_count=7195 6687 1701 924 790 765 521 244 209 81 128 56 777 271 63 48 4986 400 4586 272 181 159 129 208 56 97 57 753 202 130
is_linear=0
shrinkage=1


Tree=5
num_leaves=31
num_cat=0
split_feature=200 51 22 167 9 194 47 210 47 55 174 55 90 66 77 131 101 1 188 216 175 192 51 30 141 51 113 199 190 199
split_gain=133.872 11.2649 11.1992 12.4592 15.3395 10.9824 20.5587 15.0782 15.0126 10.6705 13.9774 9.73759 10.3629 12.7781 9.49905 9.28388 9.16346 17.9932 9.09813 17.4976 9.09185 9.27552 8.96143 8.80983 8.88199 8.85811 8.77929 8.68939 11.5842 8.85055
threshold=0.030000000000000002 6.1000000000000005 5.8000000000000007 0.16500000000000004 127.50000000000001 55.500000000000007 1.5000000000000002 17.500000000000004 9.5000000000000018 6.1150000000000011 2.8550000000000004 3.8550000000000004 255.00000000000003 18.500000000000004 6.8150000000000004 485.00000000000006 0.19500000000000003 4726.5000000000009 6.7950000000000008 0.15500000000000003 0.25500000000000006 3.5000000000000004 9.8800000000000008 5.2750000000000012 1.5900000000000003 8.1550000000000029 64.500000000000014 9.1250000000000018 6.6150000000000011 8.1550000000000029
decision_type=10 2 2 10 2 10 2 10 2 2 10 2 10 2 8 10 10 2 10 10 8 10 2 2 10 2 8 8 10 10
left_child=-1 2 9 -4 -5 6 -3 22 20 15 -11 -8 -13 -14 -15 16 -2 18 -18 -20 21 -9 -7 24 26 -25 27 29 -29 -23
right_child=1 5 3 4 -6 7 11 8 -10 10 -12 12 13 14 -16 -17 17 -19 19 -21 -22 23 -24 25 -26 -27 -28 28 -30 -31
leaf_value=-2.0324027729878966 -1.9546958060176507 -1.9795629366170067 -1.9615130147382176 -1.895775644932751 -1.692720213755865 -1.9734484971117152 -1.9901984124715122 -1.814500351355083 -1.8061337770162056 -1.9575687725498896 -1.7090815146852258 -1.7504960576626698 -1.9994946061813761 -1.7564124209451615 -1.935218066816031 -1.8421744049375244 -1.9670294373792359 -1.7643009053218177 -1.7090815146852261 -1.9244371381679344 -1.814500351355083 -1.9668283794024268 -1.8492538139934975 -1.7643009053218177 -1.942092287363451 -1.9575687725498896 -1.8492538139934975 -1.7643009053218177 -1.9878079626604042 -2.0207933411190053
leaf_weight=150.09220319986343 164.29011431336403 17.095443993806839 6.0848190486431148 6.0848190486431104 3.9116693884134293 289.17378145456314 3.187286168336871 3.1872861683368674 4.7809292525053015 2.897532880306243 2.8975328803062439 5.7950657606124905 3.9116693884134284 5.0706825405359242 3.042409524321557 5.6501891165971747 20.717360094189644 4.6360526084899893 2.8975328803062466 14.487664401531218 3.1872861683368674 94.604448541998863 3.7667927443981162 3.1872861683368674 180.66117508709431 2.8975328803062439 3.7667927443981162 2.897532880306243 3.0424095243215561 24.484152838587761
leaf_count=1036 1134 118 42 42 27 1996 22 22 33 20 20 40 27 35 21 39 143 32 20 100 22 653 26 22 1247 20 26 20 21 169
internal_value=-1.9625 -1.95074 -1.93569 -1.87126 -1.81632 -1.95611 -1.91442 -1.95867 -1.94686 -1.94043 -1.83333 -1.86141 -1.83838 -1.88073 -1.82346 -1.94335 -1.94611 -1.91311 -1.93122 -1.88854 -1.94895 -1.95029 -1.97185 -1.95166 -1.95354 -1.85633 -1.96959 -1.97321 -1.87878 -1.97792
internal_weight=1042.39 892.295 234.555 16.0813 9.99649 657.74 38.1026 619.637 326.697 218.474 5.79507 21.0071 17.8198 12.0248 8.11309 212.679 207.029 42.7386 38.1026 17.3852 321.916 318.729 292.941 315.541 309.457 6.08482 128.795 125.029 5.93994 119.089
internal_count=7195 6159 1619 111 69 4540 263 4277 2255 1508 40 145 123 83 56 1468 1429 295 263 120 2222 2200 2022 2178 2136 42 889 863 41 822
is_linear=0
shrinkage=1


Tree=6
num_leaves=31
num_cat=0
split_feature=33 154 211 42 154 132 28 127 98 208 210 132 154 34 30 76 33 18 8 184 208 18 154 104 28 61 28 174 33 66
split_gain=14.6549 11.3701 11.185 17.1391 11.3174 11.1532 10.4208 10.2024 10.1492 9.96388 9.37579 13.734 11.4062 9.67032 8.87775 8.62004 11.8196 10.9652 12.4279 10.3456 8.8566 8.48827 10.7277 9.85031 10.2706 9.21723 8.39618 11.2804 12.5447 9.9914
threshold=39.500000000000007 4.6150000000000011 0.78500000000000014 3.1650000000000005 1.4300000000000002 33.500000000000007 295.00000000000006 445.00000000000006 355.00000000000006 0.16500000000000004 15.500000000000002 20.500000000000004 5.1150000000000011 1.5750000000000004 2.3300000000000005 57.500000000000007 16.500000000000004 4.1000000000000005 17.500000000000004 385.00000000000006 0.17500000000000002 3.6500000000000008 2.9050000000000007 0.49000000000000005 355.00000000000006 425.00000000000006 305.00000000000006 1.6650000000000003 15.500000000000002 27.500000000000004
decision_type=2 10 8 2 8 10 2 10 8 10 10 10 10 2 2 10 2 2 2 10 10 2 10 10 2 2 2 10 2 2
left_child=1 2 3 4 -1 8 -7 9 14 10 11 -3 -13 -12 15 -4 17 -17 -19 20 -18 22 25 -24 -25 -5 29 -28 -29 -16
right_child=-2 7 5 21 -6 6 -8 -9 -10 -11 13 12 -14 -15 26 16 19 18 -20 -21 -22 -23 23 24 -26 -27 27 28 -30 -31
leaf_value=0.2028377056029691 -0.06907603501002256 0.023300734263567421 0.00028877184912041244 0.0026638076501797449 0.037851211190026601 -0.0073775342183092967 0.14180465040335072 0.13578358543199406 -0.020348979202607972 -0.0049759447596297753 -0.0090646254474339525 0.045144737107818321 0.19974685494088321 0.050918926722932405 -0.028786263304660317 -0.0398526627282242 0.066212604992552229 0.15178486942985256 0.008750933037089818 0.032656675856224837 0.22313567404444876 -0.0026931305108976954 -0.040459476274570083 0.043220078453178108 0.14660494090635515 0.096075509531847653 -0.031898912046174857 0.037430871394725153 -0.014305175838140224 0.068151002384037054
leaf_weight=4.6380326896905872 20.059086680412292 16.902278274297718 364.50398117303848 88.253990575671196 6.2420434951782235 5.7888177782297117 6.2130914628505707 4.6063836067914954 293.75552667677402 84.444718077778816 40.343593493103981 5.31873571872711 7.1730827987194061 29.986194744706154 166.1794149428606 17.638107180595398 4.6086085587739962 5.294348523020747 14.633520469069479 12.404178082942961 4.5987267792224884 235.55726845562458 4.8413755446672466 15.624673366546633 10.141374841332434 7.3213207721710196 49.641156256198883 64.606116071343422 55.990633800625801 7.0955051481723777
leaf_count=20 89 73 1586 385 27 25 27 20 1281 365 174 23 31 129 723 77 20 23 64 54 20 1024 21 68 44 32 216 280 243 31
internal_value=-0.00111237 -0.00027822 -0.00268952 0.00925161 0.108183 -0.0068365 0.0698504 0.0181867 -0.00770402 0.0152454 0.0323685 0.0703117 0.133921 0.0165103 -0.00286231 0.00488659 0.0332069 0.00608885 0.0467516 0.0803445 0.14459 0.00627606 0.0230197 0.0642392 0.0839118 0.00981939 -0.0124197 0.000198596 0.0134109 -0.0248167
internal_weight=1654.41 1634.35 1445.57 372.62 10.8801 1072.95 12.0019 188.775 1060.95 184.169 99.7239 29.3941 12.4918 70.3298 767.194 423.681 59.1775 37.566 19.9279 21.6115 9.20734 361.74 126.183 30.6074 25.766 95.5753 343.513 170.238 120.597 173.275
internal_count=7195 7106 6291 1621 47 4670 52 815 4618 795 430 127 54 303 3337 1844 258 164 87 94 40 1574 550 133 112 417 1493 739 523 754
is_linear=0
shrinkage=0.08


Tree=7
num_leaves=31
num_cat=0
split_feature=157 115 102 138 186 184 123 100 182 80 12 194 206 176 89 117 212 112 33 28 39 103 88 140 103 139 117 186 221 153
split_gain=13.9164 16.2672 14.1194 14.4594 12.5971 11.8495 11.9978 10.9952 13.5393 18.3195 10.696 11.8564 10.6129 18.8749 17.6013 9.62406 14.2767 9.56521 9.39193 16.7881 9.3396 13.3078 13.238 10.1189 19.5206 8.95527 8.45747 12.7242 8.90961 8.4547
threshold=99.500000000000014 0.39500000000000007 235.00000000000003 0.26500000000000007 5009.5000000000009 345.00000000000006 0.18500000000000003 3.5850000000000004 1.0650000000000002 4.6950000000000012 0.14500000000000005 96.500000000000014 22.500000000000004 305.00000000000006 0.15500000000000003 2.9050000000000007 0.17500000000000002 3022.0000000000005 9.5000000000000018 335.00000000000006 23.500000000000004 6.5000000000000009 4.3200000000000012 2.5000000000000004 20.500000000000004 185.00000000000003 2.0450000000000004 3695.5000000000005 335.00000000000006 4.2550000000000008
decision_type=10 8 10 10 8 8 10 10 8 8 2 10 10 8 10 10 10 8 2 2 2 8 10 10 10 10 10 8 8 8
left_child=2 20 4 5 7 6 12 29 9 -9 11 -8 18 14 -14 26 -17 -7 19 -4 21 22 -2 24 -22 -25 27 -12 -29 -1
right_child=1 -3 3 -5 -6 17 10 8 -10 -11 15 -13 13 -15 -16 16 -18 -19 -20 -21 23 -23 -24 25 -26 -27 -28 28 -30 -31
leaf_value=0.050081193202714036 -0.018261687861423591 0.14483277693763588 -0.026721672107407113 0.16439021613164573 0.22902654321093832 0.12549661116944008 0.27548917437998549 0.14960203095618829 0.26482374046716645 -0.058716204203434652 0.20028204515078693 0.043310458765906244 0.30081810524319236 -0.033557237142848313 0.039957490162594367 0.040018980633605053 0.25323671543080595 -0.0062854785969839845 -0.024206947429831024 0.20437133286572134 -0.017751132131404449 0.00024553840468213617 0.20995738096717947 0.095700628606848942 0.24263794635968125 -0.021919081836566653 -0.036258766949527829 0.1309781581417277 -0.031359725102139011 -0.064477941318272544
leaf_weight=10.153228513896471 2.7805379480123511 4.3558581545948973 4.8732307851314527 3.6644263863563529 2.6206520572304717 3.5745810195803633 2.9590146094560614 6.3785506635904268 2.5816638767719278 4.6869019046425828 3.1869147047400483 2.6848155111074448 3.1806573346257183 5.6894580423831949 3.4521190524101257 5.5177676081657392 3.1613418012857437 254.24216884374619 43.347599357366562 3.4265422224998474 5.5249596610665304 165.38257271051407 3.9198495447635651 4.196657955646514 2.7645792886614799 323.07740362733603 10.087768785655497 3.0916449949145308 7.2089180648326883 6.9421321079134932
leaf_count=79 22 35 38 29 20 28 23 49 20 37 25 21 24 45 27 43 25 2001 340 27 44 1315 31 33 22 2578 79 24 57 54
internal_value=-0.000393925 -0.00910839 0.0108531 0.00627977 0.0606599 0.00466896 0.0277692 0.0463074 0.099855 0.0613664 0.0634389 0.16504 0.00663703 0.0733483 0.16505 0.0456609 0.117683 -0.00445834 -0.00927921 0.0686845 -0.0104293 0.00472349 0.115251 -0.0181999 0.0690892 -0.0204108 0.0191464 0.0605858 0.0173649 0.0035607
internal_weight=908.715 512.002 396.712 363.349 33.3631 359.685 101.868 30.7425 13.6471 11.0655 37.8982 5.64383 63.9696 12.3222 6.63278 32.2544 8.67911 257.817 51.6474 8.29977 507.647 172.083 6.70039 335.564 8.28954 327.274 23.5752 13.4875 10.3006 17.0954
internal_count=7195 4080 3115 2856 259 2827 798 239 106 86 297 44 501 96 51 253 68 2029 405 65 4045 1368 53 2677 66 2611 185 106 81 133
is_linear=0
shrinkage=0.08


Tree=8
num_leaves=31
num_cat=0
split_feature=95 116 39 100 22 189 107 220 197 34 82 174 69 192 214 136 217 78 67 104 217 189 170 209 70 82 94 105 64 88
split_gain=16.969 14.3686 11.708 13.4518 11.2057 16.8096 10.4594 10.5855 16.5835 13.2279 11.4469 9.07757 10.8289 9.03913 14.5452 12.5563 10.9235 8.98774 9.02457 8.96805 8.76482 8.38174 8.28991 8.15863 8.03921 7.85764 7.74935 11.8804 7.72454 14.2288
threshold=3.5000000000000004 3.5750000000000006 52.500000000000007 1.3150000000000002 1.5900000000000003 0.065000000000000016 11.500000000000002 0.21500000000000002 0.19500000000000003 1.5100000000000002 28.500000000000004 0.64000000000000012 345.00000000000006 1.5000000000000002 20.500000000000004 9.5000000000000018 325.00000000000006 0.115 2.9800000000000004 2.1950000000000007 345.00000000000006 0.20500000000000004 2.1050000000000004 385.00000000000006 15.500000000000002 33.500000000000007 445.00000000000006 0.17500000000000002 0.115 5.8550000000000013
decision_type=10 10 2 10 2 10 10 10 10 2 8 10 2 10 10 8 10 10 2 10 10 10 10 10 2 10 10 8 2 10
left_child=-1 2 11 -4 5 -3 23 8 9 10 17 12 -2 16 -15 20 -13 22 -19 28 -16 -5 -8 -7 -18 26 -21 -28 29 -6
right_child=1 4 3 21 19 6 7 -9 -10 -11 -12 13 -14 14 15 -17 24 18 -20 25 -22 -23 -24 -25 -26 -27 27 -29 -30 -31
leaf_value=-0.053977473035389745 0.022016517754759882 0.20031231329721519 0.19729728819016396 -0.0045976231929969903 -0.061355852648353963 -0.05854679719783893 0.16394581833939412 -0.016252500015788339 0.17582387442938641 0.18133779119568641 0.14619076857835756 -0.0056577941365625788 0.17562733485562518 -0.039557495651406489 0.047132069730553477 -0.058574632068755746 0.043921130135240065 -0.033889531319888269 0.10464387919519857 -0.01019176316291109 0.21074284656337372 0.1160308295618282 0.000282103291955831 0.075131557919570144 0.21905107838292978 -0.040178834703831719 0.18116260054129696 0.0093000696874280513 0.001982512475788136 0.10755516243788105
leaf_weight=35.373700335621834 7.8614201545715314 3.4290067404508582 5.1889893859624889 8.4767458289861661 4.4759226739406577 15.254744783043863 3.9389916062355033 18.930427387356758 6.2582112401723853 3.6707682758569709 4.2503705620765677 7.5510492920875532 4.6889785826206207 33.987640708684921 5.0499683618545497 3.8584766536951074 3.2409127056598663 22.766561761498455 3.4679510146379462 323.01127977669239 3.5819263458251953 6.5235803872346869 3.9841848909854889 3.6142558753490439 3.4775810688734055 55.321817621588707 3.3782693147659275 10.816003650426865 532.10651935636997 11.124992564320562
leaf_count=226 48 21 31 51 28 94 24 116 38 22 26 46 28 209 31 24 20 140 21 2014 22 39 24 22 21 346 21 67 3306 69
internal_value=0.000578781 0.00229682 0.0323266 0.0862702 -0.000429339 0.026609 0.019694 0.0344587 0.0543189 0.0362479 0.0223813 0.0174683 0.0794074 0.00467173 -0.0124273 0.0613971 0.0603656 0.00697521 -0.0155767 -0.00300497 0.115025 0.0478632 0.0816472 -0.0329414 0.134571 -0.0122341 -0.00764949 0.0502037 0.00360929 0.0590944
internal_weight=1158.66 1123.29 93.4873 20.1893 1029.8 89.5655 86.1365 67.2675 48.337 42.0788 38.4081 73.298 12.5504 60.7476 46.478 12.4904 14.2695 34.1577 26.2345 940.235 8.63189 15.0003 7.92318 18.869 6.71849 392.527 337.206 14.1943 547.707 15.6009
internal_count=7195 6969 570 121 6399 548 527 411 295 257 235 449 76 373 286 77 87 209 161 5851 53 90 48 116 41 2448 2102 88 3403 97
is_linear=0
shrinkage=0.08


Tree=9
num_leaves=31
num_cat=0
split_feature=128 104 210 83 175 177 104 96 7 134 90 150 117 90 23 213 157 58 181 83 71 8 186 112 147 181 40 117 125 215
split_gain=23.7559 11.0892 16.4185 11.1747 10.4914 9.95857 11.2944 10.0608 9.40105 9.16963 9.85733 12.203 12.9662 12.4821 7.82327 12.9771 22.82 11.7709 12.7374 7.61605 13.1881 12.1573 18.1467 9.87742 9.36353 8.95768 12.7164 12.428 11.8457 10.8935
threshold=3.5000000000000004 1.5900000000000003 3.5000000000000004 113.50000000000001 0.22500000000000003 1.5000000000000002 2.3650000000000007 3.4900000000000007 46.500000000000007 0.16500000000000004 355.00000000000006 33.500000000000007 2.0850000000000004 395.00000000000006 0.15500000000000003 425.00000000000006 83.500000000000014 20.500000000000004 15.500000000000002 114.50000000000001 1.2050000000000003 14.500000000000002 3797.5000000000005 4221.5000000000009 445.00000000000006 16.500000000000004 6.8550000000000013 4.7150000000000007 7.7000000000000011 1.4900000000000002
decision_type=10 8 10 10 8 10 8 10 2 10 8 10 10 8 2 10 10 2 8 8 2 2 8 10 8 10 2 10 10 10
left_child=-1 3 4 9 8 6 7 -4 -3 10 -2 -12 -13 -14 15 19 -17 18 -18 21 25 22 -7 -23 -25 26 -21 28 29 -27
right_child=1 2 5 -5 -6 14 -8 -9 -10 -11 11 12 13 -15 -16 16 17 -19 -20 20 -22 23 -24 24 -26 27 -28 -29 -30 -31
leaf_value=-0.053110836126421805 -0.031886582858580301 0.029683171646594508 0.048462416359719089 -0.025040688343905257 0.16622355099431427 0.21408729002935836 0.0015251216073526098 0.23660316363737471 0.16192685624419084 0.011861454157776494 -0.032903113902116352 0.19559024644148917 0.11667843553386865 -0.032865784499067949 -0.0058481254306888856 0.23685511206754256 0.19405767881694724 -0.034377996814067509 0.010166398104321732 -0.0044395597459219709 -0.009087590632117868 -0.048145854380103839 -0.002231948862194156 -0.0096490804431726227 0.11319030892493862 0.14609449131248928 0.11855749364112655 0.17402172135844779 -0.030633772579001142 0.021358414908370479
leaf_weight=52.749760195612907 80.773543804883957 67.928046256303787 3.7489371299743626 155.96315507590771 4.2174491286277762 3.5442293286323521 7.8730230331420907 3.5336813032627106 3.623920962214469 193.53138972818851 15.483823925256727 3.7770980447530773 6.1212864667177174 8.5777873694896698 322.15860894322395 4.2927274852991131 4.3857311010360727 8.8789978027343732 5.3530282229185113 32.038826480507851 58.11731182038784 43.53140127658844 8.2804894000291824 19.504980936646465 4.986759901046752 9.2057606279850059 6.4652619063854209 6.3116246163845053 8.2116718888282758 8.7303122133016569
leaf_count=336 500 413 23 966 25 22 48 21 21 1194 96 23 38 53 2001 26 27 55 33 199 362 270 51 121 31 56 40 39 51 54
internal_value=-0.000657124 0.00183751 0.00862416 -0.00759077 0.0436082 0.00396686 0.0679463 0.139752 0.036381 0.00123782 -0.016682 0.0194819 0.0633827 0.0294105 0.00221658 0.0134231 0.0705798 0.0322415 0.0929796 0.00715549 0.0191686 -0.0122648 0.0626055 -0.0252798 0.0153622 0.0423098 0.016213 0.0732664 0.0489458 0.0853797
internal_weight=1161.9 1109.15 644.923 464.228 75.7694 569.153 15.1556 7.28262 71.552 308.265 114.734 33.96 18.4762 14.6991 553.998 231.839 22.9105 18.6178 9.73876 208.929 129.081 79.8479 11.8247 68.0231 24.4917 70.9635 38.5041 32.4594 26.1477 17.9361
internal_count=7195 6859 3989 2870 459 3530 92 44 434 1904 710 210 114 91 3438 1437 141 115 60 1296 801 495 73 422 152 439 239 200 161 110
is_linear=0
shrinkage=0.08


Tree=10
num_leaves=31
num_cat=0
split_feature=161 190 75 1 4 127 42 51 134 99 13 106 96 80 41 19 43 136 25 19 88 109 190 13 149 219 149 13 200 75
split_gain=46.9782 17.7775 11.4645 13.2015 15.9884 12.8513 11.9894 10.4962 10.252 12.4578 12.0071 12.2749 17.8616 10.0907 9.36306 10.4512 13.607 13.4808 10.9208 14.4097 14.7618 10.8212 19.1362 9.86214 9.32164 9.28988 12.565 9.81859 9.6916 8.83897
threshold=1.0000000180025095e-35 3.3450000000000002 3670.5000000000005 3400.5000000000005 0.21500000000000002 255.00000000000003 7.6050000000000013 6.2000000000000011 0.13500000000000004 1.5000000000000002 13.500000000000002 335.00000000000006 2.7650000000000001 3.4550000000000005 0.13500000000000004 0.16500000000000004 2.3350000000000004 16.500000000000004 18.500000000000004 0.15500000000000003 6.9650000000000007 0.20500000000000004 1.425 19.500000000000004 4662.5000000000009 1.4900000000000002 2993.0000000000005 27.500000000000004 0.13500000000000004 3298.0000000000005
decision_type=10 10 8 2 2 10 2 2 10 10 2 10 8 10 2 2 2 10 2 2 8 10 10 2 8 10 10 2 10 10
left_child=-1 8 6 4 5 7 25 -4 10 -10 -2 12 -12 -6 -11 16 23 18 -18 20 -20 -17 -23 -16 -19 26 -3 29 -27 -28
right_child=1 2 3 -5 13 -7 -8 -9 9 14 11 -13 -14 -15 15 21 17 24 19 -21 -22 22 -24 -25 -26 28 27 -29 -30 -31
leaf_value=-0.058149459603986049 -0.03281965733124656 0.14302584464195214 0.21101159152959922 -0.0077311997065096548 0.22581427485278283 -0.010366345542387379 0.17053817181421799 0.037223487212684037 0.17959050323652473 -0.0027290128036203173 0.29698773066603379 0.037648909982126007 0.076225643674858595 0.039421330197515307 0.21588534338220272 -0.014706518944077073 -0.0031861757080264286 -0.011913143185429154 0.19137600541905658 0.26756535050109909 -0.014227592003271615 0.15574400996109863 -0.00050725707023387286 0.047348803223127629 0.12831873275543115 0.10956222906751412 -0.00035811242467925357 -0.012692610218423018 -0.031832271794206987 0.046447848272209581
leaf_weight=78.270862221717834 5.1034342795610455 5.3883149325847617 3.3001086711883527 601.31484889984131 4.1833699792623511 29.991393730044365 3.2026210725307456 6.8220805078744888 3.0874795019626609 84.016876816749573 4.0195107012987146 8.83248223364353 5.6323554217815408 3.3452640622854233 5.4005709290504438 40.479807198047638 5.2293520420789745 24.682192876935009 4.1144484579563114 3.6806902736425391 4.8923040330410013 7.7897789478302029 14.089683607220648 3.7755855768918991 3.4588818848133078 3.3873595893383017 38.418090015649796 45.484022960066795 36.89130662381649 78.75142103433609
leaf_count=507 31 33 20 3717 25 183 20 41 19 510 23 53 34 20 32 245 32 149 24 22 30 46 85 23 21 21 237 280 227 485
internal_value=0.0017142 0.00601778 0.00075243 -0.00451947 0.0360172 0.0159398 0.0169267 0.0938831 0.0258645 0.0201096 0.0758069 0.105798 0.168162 0.142993 0.0176673 0.0322398 0.0575811 0.0398577 0.0940997 0.134198 0.0796959 0.00979401 0.0551231 0.14654 0.00532307 0.0145652 0.0228362 0.0188546 -0.0199413 0.0311009
internal_weight=1167.04 1088.77 860.48 648.957 47.6422 40.1136 211.523 10.1222 228.285 204.698 23.5878 18.4843 9.65187 7.52863 201.61 117.593 55.234 46.0579 17.9168 12.6874 9.00675 62.3593 21.8795 9.17616 28.1411 208.321 168.042 162.654 40.2787 117.17
internal_count=7195 6688 5309 4006 289 244 1303 61 1379 1238 141 110 57 45 1219 709 333 278 108 76 54 376 131 55 170 1283 1035 1002 248 722
is_linear=0
shrinkage=0.08


Tree=11
num_leaves=31
num_cat=0
split_feature=201 21 51 24 62 166 113 38 71 43 65 141 114 219 103 203 79 209 67 110 14 62 197 113 17 81 163 18 79 114
split_gain=119.255 9.37082 9.62508 15.7161 13.5202 13.3405 11.2325 8.81486 11.9714 13.6819 9.74812 9.45739 11.3046 9.246 11.9185 11.8212 13.0645 9.5048 9.30168 9.12328 11.328 13.8948 10.8396 16.6184 10.8119 11.6494 13.2441 13.2515 12.1692 9.88853
threshold=1.0000000180025095e-35 39.500000000000007 6.1000000000000005 255.00000000000003 22.500000000000004 1.425 37.500000000000007 3948.5000000000005 3.6600000000000006 5.7250000000000005 465.00000000000006 1.2050000000000003 6.9650000000000007 0.89500000000000013 23.500000000000004 4.2200000000000015 5.8950000000000005 415.00000000000006 2.4050000000000007 345.00000000000006 6.3250000000000011 29.500000000000004 0.20500000000000004 35.500000000000007 18.500000000000004 43.500000000000007 0.13500000000000004 6.3250000000000011 5.955000000000001 6.8150000000000004
decision_type=10 2 2 2 2 10 10 2 2 2 2 10 8 10 8 10 8 10 2 10 2 2 10 10 2 10 10 2 10 10
left_child=-1 2 3 4 5 6 -2 10 11 -10 -4 13 19 17 15 16 -15 -9 -19 22 21 -21 24 -24 -13 26 28 -28 -26 -22
right_child=1 -3 7 -5 -6 -7 -8 8 9 -11 -12 12 -14 14 -16 -17 -18 18 -20 20 29 -23 23 -25 25 -27 27 -29 -30 -31
leaf_value=-0.068204548688594394 0.23990220266488749 0.13793514710309562 -0.0068552138126476052 0.014909079756197183 0.20450881144261399 0.029361767966344349 0.04143487797205956 -0.03226062412400154 0.0064416050399377081 0.22209286940865727 0.13947087089394411 -0.011124331536795807 0.15023097951903874 0.0037918918507914364 0.11615549851767805 -0.049884813436090011 0.15447478463613334 -0.0043871986353333841 0.15906641609511804 0.032199507050123061 0.01573374951951418 0.21020974073732018 0.004484966188411427 0.26765003512403274 0.27052581288632604 -0.050222282274435752 0.027611413871255607 0.1773321604658385 0.067110166009839115 -0.02835818228298765
leaf_weight=140.76502276957035 4.0252637565135947 3.7050177603960028 276.80157591402531 198.19949069619179 4.2514406740665427 29.044476971030235 3.3389739394187927 72.34005531668663 3.8015271574258795 3.7306355983018875 2.944782853126525 24.045561939477921 4.2133027464151374 12.774662360548975 7.4289476573467246 14.504738390445707 5.1740198135375968 6.5497441291809064 3.3770444095134735 34.204894796013832 76.203817650675774 3.0571698546409598 2.9187760055065146 3.2409698367118835 3.6743418872356406 5.8301108330488196 27.341307789087299 4.3909819424152365 3.8591361045837402 56.830277919769287
leaf_count=1030 27 25 1901 1340 29 195 22 499 26 25 20 165 29 88 51 101 36 45 23 234 522 21 20 22 25 40 187 30 26 391
internal_value=0.000278771 0.0109685 0.0104447 0.0242035 0.0695097 0.0537458 0.149916 0.00545956 0.0134021 0.113252 -0.0053149 0.0113801 0.0203002 -0.00686254 0.0247488 0.00382485 0.0472289 -0.0221875 0.0512189 0.0180711 0.00781812 0.0468044 0.0412587 0.14295 0.0321991 0.0552996 0.0709673 0.0483291 0.166323 -0.0031017
internal_weight=1042.57 901.803 898.098 238.86 40.6602 36.4087 7.36424 659.238 379.492 7.53216 279.746 371.96 249.811 122.149 39.8824 32.4534 17.9487 82.2668 9.92679 245.597 170.296 37.2621 75.3012 6.15975 69.1414 45.0959 39.2658 31.7323 7.53348 133.034
internal_count=7195 6165 6140 1613 273 244 49 4527 2606 51 1921 2555 1712 843 276 225 124 567 68 1683 1168 255 515 42 473 308 268 217 51 913
is_linear=0
shrinkage=0.08


Tree=12
num_leaves=31
num_cat=0
split_feature=22 18 220 4 14 1 1 21 103 134 174 150 95 59 75 9 22 165 115 96 2 105 84 220 157 95 209 34 34 124
split_gain=13.0495 12.4119 10.073 9.96149 8.3701 8.15455 14.2736 8.0283 8.57193 8.43929 7.9231 19.0411 11.9163 9.83149 9.98204 9.73888 14.6623 10.1957 11.1201 10.4254 9.49673 8.91499 7.3623 7.09892 6.84392 7.95849 6.72386 11.9081 7.38206 7.16846
threshold=1.5550000000000004 1.5600000000000003 0.17500000000000002 0.115 3.6600000000000006 4569.5000000000009 4429.5000000000009 11.500000000000002 17.500000000000004 0.15500000000000003 0.85000000000000009 46.500000000000007 17.500000000000004 1.0000000180025095e-35 4193.5000000000009 106.50000000000001 3.5600000000000001 16.500000000000004 0.12500000000000003 2.4600000000000004 34.500000000000007 0.13500000000000004 1.0000000180025095e-35 0.22500000000000003 100.50000000000001 19.500000000000004 245.00000000000003 0.66500000000000015 0.49500000000000005 10.500000000000002
decision_type=2 2 10 2 2 2 2 2 8 10 10 10 10 2 10 2 2 10 10 10 2 10 10 8 10 10 10 2 2 10
left_child=3 2 22 -1 7 6 26 8 -3 -9 11 13 -13 -6 21 16 -14 18 -17 -20 -21 -15 -2 -11 -23 -26 27 -5 29 -28
right_child=1 4 -4 5 10 -7 -8 9 -10 23 -12 12 15 14 -16 17 -18 -19 19 20 -22 24 -24 -25 25 -27 28 -29 -30 -31
leaf_value=-0.052874513159758663 0.15060972310661802 0.17526862430903642 0.011545339258433407 -0.0098279860123039482 0.077112671507434366 -0.045482453844997661 0.10922218202462788 0.085783442727253245 0.028347520978989793 -0.043848109987711652 0.0016022072785523201 -0.026246131691480296 0.010040670565805241 0.075524294619669419 -0.058335832713861321 0.14974532277277286 0.17446513940570335 -0.048898167254176735 -0.074336768624636992 0.13350116706908938 -0.010420331093368712 -0.033690663915480784 0.04357814056629284 0.061499467679404979 -0.032265829753591733 0.10470902857570058 0.079096025291543096 0.14359830708685334 -0.056067356133646336 -0.01820850652579302
leaf_weight=49.768442690372467 7.6375921666622189 4.8255506455898258 23.573240533471107 9.9434622228145582 5.2096274048089972 27.622386515140533 7.6208884716033927 7.7017767429351833 5.3694761246442804 13.956410944461824 1207.1165053099394 23.969671472907066 6.4129352867603284 6.2653868347406378 64.187576830387115 5.3297138959169414 7.566011056303978 9.8202677071094495 5.4184298217296627 5.7307852208614332 6.0131525695323944 64.470868468284607 8.9131206572055799 5.7930046916007987 5.532146677374838 5.3305671662092209 6.6351122707128551 4.800729736685752 21.585464775562286 17.965188011527061
leaf_count=225 33 21 102 43 22 123 33 33 23 61 5243 105 28 27 282 23 33 43 24 25 26 283 38 25 24 23 29 21 95 79
internal_value=-0.000979105 0.00123413 0.045132 -0.0238201 3.26757e-05 -0.00878477 0.00600247 0.0372672 0.0978888 0.0147531 -0.000948677 -0.0148656 0.0195387 -0.0308745 -0.0347333 0.0432462 0.0990343 0.0191111 0.0488047 0.0174579 0.0598102 -0.0161671 0.0929696 -0.012947 -0.0237929 0.0349507 -0.00690786 0.0401278 -0.0219234 0.00803615
internal_weight=1652.09 1506.14 40.124 145.942 1466.02 96.1732 68.5508 37.6462 10.195 27.4512 1428.37 221.257 70.261 150.996 145.787 46.2913 13.9789 32.3123 22.4921 17.1624 11.7439 81.599 16.5507 19.7494 75.3336 10.8627 60.93 14.7442 46.1858 24.6003
internal_count=7195 6547 173 648 6374 423 300 163 44 119 6211 968 307 661 639 202 61 141 98 75 51 357 71 86 330 47 267 64 203 108
is_linear=0
shrinkage=0.08


Tree=13
num_leaves=31
num_cat=0
split_feature=41 212 157 63 125 117 162 110 160 152 79 210 71 157 102 151 69 125 187 150 62 55 42 140 152 187 30 140 8 32
split_gain=15.6486 10.1854 14.4297 14.1159 14.7795 17.0374 13.963 13.6235 13.0722 11.6819 9.9037 13.2474 9.84176 9.639 13.2765 11.106 21.242 11.6361 11.723 13.1559 11.0629 15.2959 11.5808 10.8446 10.5217 9.40608 9.28101 8.75051 15.1327 8.54698
threshold=0.115 0.17500000000000002 104.50000000000001 3.6350000000000002 7.5300000000000002 3.0850000000000004 6.2000000000000011 225.00000000000003 0.16500000000000004 0.13500000000000004 7.1550000000000011 19.500000000000004 0.94500000000000006 99.500000000000014 235.00000000000003 6.6250000000000009 355.00000000000006 9.0100000000000016 24.500000000000004 42.000000000000007 16.500000000000004 3.8850000000000002 6.205000000000001 16.500000000000004 0.045000000000000005 24.500000000000004 3.0750000000000006 2.5000000000000004 25.500000000000004 295.00000000000006
decision_type=2 10 10 2 10 10 10 10 8 8 10 8 2 10 10 8 2 10 10 10 2 2 2 10 10 10 2 10 2 2
left_child=1 10 3 6 5 8 25 -4 -5 -8 -1 -12 -10 14 20 16 -16 29 -19 -20 -2 23 -23 -22 -15 -3 -27 28 -26 -17
right_child=13 2 7 4 -6 -7 9 -9 12 -11 11 -13 -14 24 15 17 -18 18 19 -21 21 22 -24 -25 27 26 -28 -29 -30 -31
leaf_value=-0.0026381005412202704 -0.011580219874533546 0.070317073895951362 0.17461313346242077 0.25987282108354953 0.0047365768675525829 0.28663353551648046 0.21764990815394289 -0.004477535459797552 0.16693506380066023 0.030760183210656569 0.19748807075333388 0.00098866790795709334 -0.0065401622353612942 0.14733319123681463 -0.015271829972747607 0.013292355295720657 0.23755527531203702 -0.022904845625428407 0.25355174623078375 0.026314049690738348 0.30768167399653629 -0.04528154352423628 0.14861427855690024 0.10440769780344898 -0.013998435559344749 -0.063948691469363814 0.07026352662918102 -0.018925260475993074 0.22013603624891065 -0.01849201033561456
leaf_weight=141.87007246166468 8.5937454327940959 8.7437933310866374 2.869570665061473 2.60479156672955 5.9196550324559203 4.4055862277746192 4.0863909795880291 51.621558338403702 3.2874990478157997 4.4952610507607469 3.7982232645153973 5.2045544907450685 5.7606676146388054 2.5100839734077445 5.2665777131915075 80.722095742821693 3.5674698278307915 4.5419227331876737 3.3958264067769051 3.1367521807551384 2.9059831127524367 5.1405157893896085 3.1978265419602394 3.9804096817970276 5.1308325305581084 13.433752186596395 4.3703214153647414 346.55968850851059 2.6945151016116142 164.46153845638037
leaf_count=1111 64 68 22 18 45 33 32 409 25 35 29 41 45 20 41 633 27 36 26 25 20 39 24 30 39 106 34 2807 20 1291
internal_value=-0.000392277 0.016079 0.0344028 0.0625027 0.112787 0.152618 0.0310428 0.0049536 0.101952 0.119753 0.00252518 0.0838907 0.0564891 -0.00708664 0.00377621 -0.00136432 0.0868278 -0.00440459 0.0758071 0.144439 0.0609887 0.101951 0.0290792 0.190187 -0.0158802 0.00236709 -0.031004 -0.0170363 0.0666215 -0.00802761
internal_weight=908.277 262.472 111.599 57.1077 21.9782 16.0585 35.1295 54.4911 11.653 8.58165 150.873 9.00278 9.04817 645.806 288.911 265.092 8.83405 256.258 11.0745 6.53258 23.8185 15.2247 8.33834 6.88639 356.895 26.5479 17.8041 354.385 7.82535 245.184
internal_count=7195 2053 872 441 166 121 275 431 88 67 1181 70 70 5142 2256 2079 68 2011 87 51 177 113 63 50 2886 208 140 2866 59 1924
is_linear=0
shrinkage=0.08


Tree=14
num_leaves=31
num_cat=0
split_feature=98 117 202 23 22 80 32 4 190 26 186 90 133 115 178 149 32 192 104 186 59 181 170 68 29 36 56 215 183 22
split_gain=15.9006 13.1778 9.65379 11.5125 10.7786 11.9086 14.9848 12.2521 12.5896 11.3445 10.7042 10.3846 14.2642 11.3391 11.1289 10.48 9.56917 9.48562 9.44301 9.19806 9.23071 10.669 9.65077 8.92276 8.66514 9.99787 8.5252 14.7977 14.5556 14.9309
threshold=175.00000000000003 0.6150000000000001 22.500000000000004 0.21500000000000002 1.9100000000000001 4.0850000000000009 385.00000000000006 0.095000000000000015 3.3050000000000002 1.4900000000000002 4400.5000000000009 275.00000000000006 5.285000000000001 0.10500000000000002 3.0900000000000003 5059.5000000000009 385.00000000000006 54.500000000000007 0.96000000000000008 4855.5000000000009 0.80000000000000016 7.5000000000000009 3.6750000000000003 0.18500000000000003 19.500000000000004 375.00000000000006 0.14500000000000005 1.8750000000000002 0.18500000000000003 4.5450000000000008
decision_type=10 10 8 2 2 10 2 2 10 2 10 10 10 10 8 10 2 10 10 8 2 10 8 2 2 2 2 10 10 2
left_child=-1 19 4 17 5 7 9 8 -3 -7 -11 26 15 -14 16 -13 23 -4 -10 20 -2 -22 -23 24 -15 -26 27 -6 -29 -30
right_child=1 2 3 -5 11 6 -8 -9 18 10 -12 12 13 14 -16 -17 -18 -19 -20 -21 21 22 -24 -25 25 -27 -28 28 29 -31
leaf_value=-0.056930851034961823 0.14729045026486817 0.17081328751330335 -0.023282298454005236 0.12644456687742678 -0.017126200424482249 0.011509601499457291 -0.024157108364599288 -0.0035594257869305942 0.12161049560705686 0.087802289479673043 0.23140846299093035 0.0017108819015200685 -0.037014767398924252 -0.022125424628410651 -0.034564211413150789 0.099274659008913899 0.17977120812048319 0.11315987540501066 -0.0077482025557634639 0.13626383612459997 0.12768310441049299 -0.033521281758315535 0.07975989486985631 0.1443124071499377 0.19681189433622326 0.013786732123083763 -0.01786999681056603 0.011465454356483185 0.22210452765185906 0.012808667642611285
leaf_weight=30.015509784221649 3.8475774824619284 5.3814338892698315 158.70584537088871 3.4867113232612601 32.216906577348709 5.2209192812442842 7.1958605349063864 71.307637318968773 5.1388896256685284 7.6254347860813123 5.8861185163259506 454.81465746462345 7.5047887414693824 8.2845448106527417 5.3384965360164633 7.1572508662939063 6.1420311629772177 3.3293929398059836 12.151965141296385 6.25238412618637 4.6052231490612057 18.903449878096584 6.4572271704673758 6.7613572329282752 3.455965429544448 4.2704734206199646 245.46437183022499 12.369479924440386 5.8349331319332105 3.4839649945497513
leaf_count=199 22 30 993 21 202 31 44 435 30 46 34 2826 46 50 33 44 36 21 73 36 27 114 37 40 20 26 1543 78 36 22
internal_value=0.000536979 0.00206536 0.000406882 -0.0173838 0.00359727 0.0259705 0.0739688 0.0127282 0.0639551 0.111663 0.150362 0.000256793 0.00726981 0.0520468 0.0715601 0.00322242 0.091154 -0.0204788 0.0306976 0.0471238 0.0306411 0.0156634 -0.00467811 0.0672526 0.0347107 0.0956522 -0.0115436 0.0172647 0.0683505 0.143857
internal_weight=1158.61 1128.6 1088.53 165.522 923.007 119.908 25.9283 93.9799 22.6723 18.7325 13.5116 803.099 503.73 41.7577 34.2529 461.972 28.9144 162.035 17.2909 40.0659 33.8135 29.9659 25.3607 22.7723 16.011 7.72644 299.37 53.9053 21.6884 9.3189
internal_count=7195 6996 6760 1035 5725 723 155 568 133 111 80 5002 3121 251 205 2870 172 1014 103 236 200 178 151 136 96 46 1881 338 136 58
is_linear=0
shrinkage=0.08


Tree=15
num_leaves=31
num_cat=0
split_feature=128 163 33 210 79 217 188 120 173 120 91 187 218 92 133 1 143 33 51 133 17 220 198 120 69 125 86 186 188 51
split_gain=21.1284 12.6854 11.2279 10.6472 13.3109 12.8911 10.9101 15.0762 10.2398 10.0718 11.6578 9.89894 9.546 9.49468 11.1313 9.34059 9.52217 11.155 11.0007 9.02654 9.65514 12.7982 11.9634 15.9585 11.486 14.2609 10.677 9.57742 8.96619 8.68412
threshold=3.5000000000000004 0.10500000000000002 50.500000000000007 3.5000000000000004 4.7750000000000012 335.00000000000006 6.9250000000000007 81.500000000000014 26.500000000000004 123.50000000000001 25.500000000000004 60.500000000000007 8.5000000000000018 5.0650000000000004 2.7250000000000005 3400.5000000000005 415.00000000000006 7.5000000000000009 7.2550000000000008 4.7500000000000009 18.500000000000004 0.16500000000000004 14.500000000000002 97.500000000000014 345.00000000000006 5.2750000000000012 0.16500000000000004 4137.5000000000009 6.8350000000000009 7.0850000000000009
decision_type=10 10 2 10 10 10 10 10 10 10 10 8 8 8 10 2 10 2 2 10 2 8 8 10 2 10 10 10 10 2
left_child=-1 12 3 4 8 15 -5 -8 11 10 13 -3 -2 14 -7 -6 17 -17 -18 20 24 -22 23 29 -14 -26 -25 -27 -24 -23
right_child=1 2 -4 6 5 9 7 -9 -10 -11 -12 -13 19 -15 -16 16 18 -19 -20 -21 21 22 28 26 25 27 -28 -29 -30 -31
leaf_value=-0.051223033809879671 -0.029623213521671153 -0.033122145585542537 0.10907810816955797 -0.0071958159035610952 0.1268230501001297 0.027575466718067543 0.14848396624595428 0.014737677407799427 0.097598724621263733 -0.016012573244924992 -0.029627779622882905 0.10831458703655159 -0.025133606909973072 0.22678889221024487 0.17869612404239157 0.11262317039163293 -0.014200068429982417 -0.019775966620135282 0.17380654903505285 -0.039428452511629922 0.17731250289461487 -0.062592704779392092 -0.068387260422877072 0.06510619953934535 -0.015822211992910701 0.24628556746316446 0.22814904980064057 0.06297699897045482 0.076838302080520976 0.093895263923667885
leaf_weight=50.487288728356361 14.334766700863836 44.859040170907974 5.9106027334928504 815.14592085778713 4.6414798945188513 6.6768378615379422 5.9673467576503745 56.136741161346436 4.9574655443429938 4.9901953637599936 3.2179469764232627 3.4075393974781027 17.473517328500751 5.197524666786193 5.8548805862665176 4.5390508174896231 3.6463105082511884 39.638385087251663 4.3898153603076935 7.9114018678665152 6.8048681318759909 4.5198718607425743 6.7112234085798246 4.3919244408607465 6.2500067949295026 3.4256387948989868 6.1984418630599976 3.9019645601511002 4.5760248601436615 4.5585825145244598
leaf_count=336 87 277 35 5077 28 40 37 350 30 30 20 21 105 30 34 26 22 236 25 48 39 27 40 26 38 20 35 23 27 26
internal_value=-0.000608487 0.00169318 -0.000862876 -0.00150419 0.0193221 0.0393879 -0.00473327 0.0275889 -0.0118912 0.0861249 0.110457 -0.0231369 0.030302 0.135883 0.0981798 0.0180663 0.0083985 -0.0061725 0.0885005 0.0414983 0.0508025 0.0779766 0.0561402 0.0938149 0.0177565 0.0729532 0.160534 0.148673 -0.00951057 0.0159849
internal_weight=1160.72 1110.24 1019.18 1013.27 136.016 82.7924 877.25 62.1041 53.224 25.9374 20.9472 48.2666 91.0582 17.7292 12.5317 56.855 52.2136 44.1774 8.03613 76.7235 68.8121 37.7609 30.9561 19.6688 31.0511 13.5776 10.5904 7.3276 11.2872 9.07845
internal_count=7195 6859 6318 6283 819 491 5464 387 328 154 124 298 541 104 74 337 309 262 47 454 406 220 181 114 186 81 61 43 67 53
is_linear=0
shrinkage=0.08


Tree=16
num_leaves=31
num_cat=0
split_feature=165 194 100 172 78 210 155 139 186 131 34 26 29 36 174 29 221 192 221 20 100 39 40 20 16 100 114 78 28 119
split_gain=42.1377 20.3558 16.2046 12.925 11.4014 11.6015 12.8655 11.1591 13.1377 13.0178 11.6907 14.6479 11.1318 14.1925 13.2758 18.2436 12.0364 24.5826 13.3513 10.7744 14.1817 11.3354 10.3228 9.98637 13.8156 9.84289 10.9474 13.4114 12.686 9.7694
threshold=1.5000000000000002 69.500000000000014 3.5350000000000006 375.00000000000006 0.21500000000000002 22.500000000000004 12.500000000000002 425.00000000000006 5002.5000000000009 365.00000000000006 0.69500000000000006 3.4650000000000003 11.500000000000002 465.00000000000006 2.9650000000000003 7.5000000000000009 375.00000000000006 15.500000000000002 445.00000000000006 315.00000000000006 3.9000000000000008 46.500000000000007 6.745000000000001 345.00000000000006 275.00000000000006 3.1550000000000007 6.7150000000000007 0.13500000000000004 305.00000000000006 20.500000000000004
decision_type=10 10 10 10 10 10 10 10 10 10 2 2 2 2 10 2 10 10 10 2 8 2 2 2 2 10 10 10 2 10
left_child=-1 2 7 12 5 -5 -7 8 25 10 -10 -12 14 -14 -3 -16 17 -17 -18 20 21 -6 -9 -21 -25 -2 -27 -28 -29 -8
right_child=1 3 -4 4 19 6 29 22 9 -11 11 -13 13 -15 15 16 18 -19 -20 23 -22 -23 -24 24 -26 26 27 28 -30 -31
leaf_value=-0.055883455691340594 0.024899278545848422 -0.008778939624809445 -0.0069656180610738238 -0.0025125872427157097 0.11762506972624724 0.011585219145992805 0.02895139279226925 0.064283903616603411 -0.012607084897812593 0.15288307838542672 0.19959035971391523 -0.0016221219888498302 -0.0038785579729789322 -0.04133484376337343 -0.0091800482930336977 0.04466943582239679 -0.010539688327975232 0.35001504799641581 0.18516153433604035 -0.051246116652951583 0.22531274477701327 -0.032749551172190687 -0.048932351622325058 0.17950472987428798 0.015095231606808599 -0.034302891229593679 0.010911099757098404 0.069525677988273749 0.26357147501525879 0.19532974373358883
leaf_weight=76.363429114222527 90.33478482067585 29.3920539021492 64.786401376128197 121.42834512889385 8.5133047848939913 14.930110514163973 3.695050045847891 7.74221342802048 9.4402932971715945 13.657410666346548 5.3965315669774991 4.0557109415531158 543.47544585168362 73.498002782464027 11.367159277200701 3.224328055977824 5.80874155461788 3.5401158928871155 3.6224135160446167 8.322574511170389 4.4558344036340705 5.1484588235616675 15.419085845351217 4.3155240565538433 13.516434058547018 3.4932969808578518 4.4083099365234366 3.7290201932191831 5.1123983263969421 5.8104265481233597
leaf_count=517 536 181 395 746 52 92 23 46 56 78 30 24 3348 455 70 20 36 22 22 50 27 32 93 26 83 21 27 22 30 35
internal_value=0.00156788 0.00558677 0.0268733 -1.96381e-05 0.0184011 0.00760843 0.057903 0.0403404 0.0488712 0.0933792 0.0503639 0.113255 -0.0052167 -0.0083406 0.0286236 0.0685084 0.123035 0.20447 0.0646272 0.0539598 0.101378 0.0609561 -0.0110871 0.0211126 0.0548841 0.0353415 0.0916808 0.124896 0.181729 0.130654
internal_weight=1168 1091.64 227.575 864.064 190.136 145.864 24.4356 162.789 139.628 32.5499 18.8925 9.45224 673.928 616.973 56.9548 27.5628 16.1956 6.76444 9.43116 44.2721 18.1176 13.6618 23.1613 26.1545 17.832 107.078 16.743 13.2497 8.84142 9.50548
internal_count=7195 6678 1358 5320 1166 896 150 963 824 188 110 54 4154 3803 351 170 100 42 58 270 111 84 139 159 109 636 100 79 52 58
is_linear=0
shrinkage=0.08


Tree=17
num_leaves=31
num_cat=0
split_feature=208 211 120 51 71 118 81 189 211 59 173 34 39 178 184 87 149 22 130 3 59 166 34 67 93 174 170 52 38 137
split_gain=107.232 8.56995 10.2846 8.41853 14.0363 18.8339 14.4269 10.3712 11.0431 10.356 11.0398 11.0199 13.0372 10.56 8.86669 12.1043 8.65634 10.3343 9.07682 8.30163 9.19554 10.7309 17.5145 11.4732 8.18439 12.2352 8.32684 8.07285 7.7268 12.0572
threshold=0.115 4.4600000000000017 100.50000000000001 5.8450000000000015 0.31500000000000006 10.500000000000002 36.500000000000007 0.075000000000000025 3.9350000000000005 4.7350000000000012 24.500000000000004 0.77500000000000013 15.500000000000002 1.3150000000000002 495.00000000000006 7.5000000000000009 4858.5000000000009 5.9750000000000005 0.18500000000000003 6.6550000000000011 3.1400000000000001 2.7250000000000005 0.40500000000000008 1.7500000000000002 0.14500000000000005 3.2850000000000006 4.5650000000000004 0.20500000000000004 3948.5000000000005 4.3450000000000006
decision_type=10 10 10 2 2 10 8 10 8 2 8 2 2 8 10 8 10 2 10 2 2 10 2 2 10 10 10 2 2 10
left_child=-1 3 -3 4 7 6 9 -2 16 10 11 12 -6 -14 15 -7 17 -9 -18 -17 21 22 -21 -24 25 -4 -27 -13 -5 -30
right_child=1 2 24 28 5 14 -8 8 -10 -11 -12 27 13 -15 -16 19 18 -19 -20 20 -22 -23 23 -25 -26 26 -28 -29 29 -31
leaf_value=-0.066070662754502379 0.11535948602312866 -0.062571184794188245 -0.024446213326320208 -0.0025016195591646153 0.19362398586817425 0.16847747697001925 0.22196846121929073 -0.027026075536304504 0.13968028342555946 0.2111584608376863 0.18685484051698456 -0.024739797034870104 -0.0044499060565174201 0.12372473500087974 -0.07809669481220459 -0.078097800633159742 -0.0024312709397046922 0.089981996746332879 0.16142346272876068 -0.034973227907941572 -0.02146755849951449 0.015714900634934123 0.24906230886636357 0.060485931466351853 -0.012580742395206517 0.20861165873248502 0.030533413445760108 0.112632891198406 0.0092831751992293633 0.049820596724341082
leaf_weight=135.83213087171316 4.9576828628778449 21.061045721173286 6.0032448768615705 260.77400919049978 5.2949164956808117 3.5586370825767508 4.2608451396226874 67.399575769901276 3.304844692349433 3.0394837856292716 3.9123628735542288 15.015725299715998 9.733242943882944 7.1252936273813239 5.8137754201889029 5.3858319967985144 5.275509759783743 5.2038859426975241 3.6681395024061203 3.709542602300643 16.895124539732933 20.470121636986732 5.1233948618173581 3.4588596224784851 50.263347059488297 3.9048262238502502 2.9501334577798843 3.3483307510614386 300.07068847119808 55.670183144509792
leaf_count=1047 33 144 41 1793 35 23 28 452 22 20 25 101 64 47 39 36 35 33 24 25 112 137 33 23 342 26 20 22 2039 374
internal_value=0.000217473 0.0101486 -0.0141627 0.0126369 0.0266403 0.0450053 0.0809539 0.00288995 -0.00368136 0.0682965 0.0585231 0.0461315 0.0841172 0.0497234 0.016136 0.0254847 -0.00949135 -0.0186395 0.0647719 0.0162399 0.0264718 0.0511938 0.110279 0.173061 0.00198923 0.0589439 0.131973 0.000307458 0.00795889 0.0156269
internal_weight=1042.48 906.653 84.1826 822.47 205.955 116.145 51.7302 89.8096 84.852 47.4694 44.4299 40.5175 22.1535 16.8585 64.4153 58.6015 81.5471 72.6035 8.94365 55.0429 49.657 32.7619 12.2918 8.58225 63.1216 12.8582 6.85496 18.3641 616.515 355.741
internal_count=7195 6148 573 5575 1369 770 342 599 566 314 294 269 146 111 428 389 544 485 59 366 330 218 81 56 429 87 46 123 4206 2413
is_linear=0
shrinkage=0.08


Tree=18
num_leaves=31
num_cat=0
split_feature=29 154 90 220 42 55 90 208 173 32 182 137 194 63 30 144 216 70 75 181 59 105 30 62 6 28 63 147 93 166
split_gain=12.3223 10.0837 10.876 9.5131 9.17708 8.5788 9.14496 8.41575 10.9708 13.7906 10.6883 8.39369 9.70484 8.27901 10.536 8.44422 7.69248 7.67829 9.65105 7.58031 7.49047 6.88429 6.78955 9.43103 10.1799 9.24784 17.8237 14.783 13.1398 10.4211
threshold=5.5000000000000009 4.6150000000000011 415.00000000000006 0.12500000000000003 7.205000000000001 1.7700000000000002 325.00000000000006 0.16500000000000004 26.500000000000004 335.00000000000006 1.885 5.3950000000000005 88.500000000000014 2.2050000000000005 2.7750000000000004 16.500000000000004 0.15500000000000003 19.500000000000004 3881.5000000000005 11.500000000000002 3.5600000000000001 0.15500000000000003 2.3300000000000005 2.5000000000000004 2.8150000000000004 365.00000000000006 3.8000000000000003 455.00000000000006 0.18500000000000003 3.9150000000000005
decision_type=2 10 10 8 2 2 10 10 10 2 10 8 10 2 2 8 10 2 10 10 2 10 2 2 2 2 2 10 10 10
left_child=-1 3 7 4 5 -2 13 8 11 10 19 12 -3 15 -15 -7 21 18 -18 -10 -20 -14 23 24 -5 -24 29 28 -28 -27
right_child=1 2 -4 22 -6 6 -8 -9 9 -11 -12 -13 16 14 -16 -17 17 -19 20 -21 -22 -23 25 -25 -26 26 27 -29 -30 -31
leaf_value=-0.038914225728030584 0.089871638126725578 0.060706073474283542 0.1062151152823729 -0.012562044976203408 0.13292050533211852 0.12208910340720248 -0.031418597830612668 -0.0053306094930124504 0.08572377255809191 0.005341388221589821 0.018791141304843339 0.10968933421194293 -0.0018321215958700524 -0.025783581386202285 0.068201120256331585 -0.0020921954938543466 0.12551471589164942 -0.064287228158804249 -0.074304106630740094 0.21236525141784718 0.046751931921589031 -0.090588068959635962 -0.014427556176380307 6.6783928343589719e-05 0.11341576981692711 0.011367373196730021 0.063020406162052511 0.15765933725309039 -0.075648148305423463 -0.061069553759755375
leaf_weight=52.705716207623482 9.29928010702133 14.69250851869583 8.4982547312974912 7.0696274191141155 4.6522909253835669 9.7256658375263179 24.659976303577423 81.9062220454216 5.4191135019064003 12.353302448987959 5.1188338398933402 5.1779131442308417 10.776265218853952 22.355956673622131 11.592161312699316 5.4786683619022378 5.9021659791469636 5.9009495377540579 5.0613970011472693 6.8467652499675751 9.2491547614335996 11.628095224499701 489.42021983861923 725.77575765550137 9.7902105748653394 37.124807134270668 18.765300378203396 7.7226557135581961 5.7022880017757407 19.328449413180351
leaf_count=235 40 62 36 30 20 41 108 354 23 52 22 22 46 97 50 24 25 25 22 29 39 50 2147 3169 42 162 81 33 25 84
internal_value=-0.000855254 0.000400809 0.017776 -0.00192496 0.0235798 0.0174594 0.00833647 0.0136013 0.0294039 0.0699688 0.115892 0.0117646 0.00374306 0.0282817 0.00630909 0.0773421 -0.0135068 0.0159988 0.0394376 0.156415 0.00393648 -0.0478974 -0.00361983 0.00144085 0.0605911 -0.0101213 0.0136548 0.0611607 0.030703 -0.0134336
internal_weight=1649.7 1596.99 188.531 1408.46 87.764 83.1117 73.8124 180.033 98.1265 29.738 17.3847 68.3884 63.2105 49.1525 33.9481 15.2043 48.518 26.1137 20.2127 12.2659 14.3106 22.4044 1320.7 742.636 16.8598 578.064 88.6435 32.1902 24.4676 56.4533
internal_count=7195 6960 807 6153 380 360 320 771 417 126 74 291 269 212 147 65 207 111 86 52 61 96 5773 3241 72 2532 385 139 106 246
is_linear=0
shrinkage=0.08


Tree=19
num_leaves=31
num_cat=0
split_feature=128 184 39 38 1 103 34 103 4 69 77 186 166 195 205 186 219 27 123 163 208 170 22 186 117 135 116 46 60 207
split_gain=13.9355 9.96458 12.1224 17.3109 11.6384 9.85465 9.44288 9.11775 8.75209 10.6043 10.7407 12.1141 8.98125 9.03762 10.6809 15.9311 10.8489 14.9537 14.942 9.43006 9.36397 8.69331 7.10677 8.52375 7.25271 8.28814 8.19823 10.6853 12.3029 6.90007
threshold=48.500000000000007 305.00000000000006 17.500000000000004 4760.5000000000009 4371.5000000000009 18.500000000000004 1.3950000000000002 18.500000000000004 0.075000000000000025 265.00000000000006 6.745000000000001 4219.5000000000009 3.6900000000000008 1.0000000180025095e-35 365.00000000000006 3695.5000000000005 0.17500000000000002 0.14500000000000005 0.18500000000000003 0.20500000000000004 0.17500000000000002 3.6900000000000008 1.4550000000000003 5009.5000000000009 1.135 255.00000000000003 4.955000000000001 111.50000000000001 0.16500000000000004 6.120000000000001
decision_type=10 10 2 2 2 8 2 10 2 2 10 10 10 10 10 10 10 2 10 8 10 8 2 8 10 10 10 2 2 10
left_child=1 -1 3 8 5 -5 -6 -2 9 -3 11 -11 13 14 15 20 19 -18 -19 -17 -10 -16 23 24 -4 -26 27 -27 -29 -24
right_child=7 2 22 4 6 -7 -8 -9 12 10 -12 -13 -14 -15 21 16 17 18 -20 -21 -22 -23 29 -25 25 26 -28 28 -30 -31
leaf_value=0.017728737824646904 0.0034870355790464209 0.18241752799662586 -0.07559226702629751 0.28970920474393819 -0.040304754184797849 0.08787980955792897 0.14472722764893622 0.18548536584179359 0.076201035430729605 0.016237137912721959 -0.010851497238155152 0.24047540781842219 -0.024573317235923386 -0.024683424139004057 -0.020817877682676927 -0.039401139605251226 0.24835971436164028 -0.02711692810213976 0.17847938803409352 0.099685670558924744 0.26994096846273186 0.11677843719535194 -0.014877107166809409 0.14285318892128948 0.11871851557684834 1.2664151410783802e-05 -0.037381787014366334 0.021112461197395526 0.24523773019778808 0.058518926862514066
leaf_weight=147.61808660626411 3.0096727535128585 3.3842073827981975 5.6067261621356002 2.8374059572815877 4.5524307265877724 3.4078625738620758 2.8830970451235771 4.2486244887113571 3.1579536646604529 3.4664681479334858 13.541863180696962 2.7771634161472321 62.573193199932575 26.643241055309772 26.146814666688446 13.169755823910242 2.9595303386449805 6.5688466131687147 3.4508229717612267 4.0882254391908637 3.2293254435062408 3.3107787370681754 504.82094989717007 3.2925435304641715 4.9244409576058379 12.671153999865057 14.640502318739889 3.2993415966629973 2.9862497970461845 8.3329442590475065
leaf_count=1159 23 24 45 21 37 26 21 29 25 27 107 21 499 212 206 104 23 52 26 31 24 25 4030 26 38 101 118 26 23 66
internal_value=-0.000386027 -0.00127608 -0.00500315 0.0123375 0.0990646 0.179577 0.0314407 0.110019 0.00568923 0.051555 0.0291717 0.115978 -0.0011537 0.0146504 0.0305092 0.0593538 0.0351037 0.0903601 0.0436914 -0.00645301 0.174153 -0.00535324 -0.010947 0.0186841 0.00941951 0.0217927 0.00758606 0.0423152 0.127593 -0.0136853
internal_weight=907.6 900.342 752.724 192.149 13.6808 6.24527 7.43553 7.2583 178.468 23.1697 19.7855 6.24363 155.298 92.7253 66.0821 36.6245 30.2372 12.9792 10.0197 17.258 6.38728 29.4576 560.575 47.421 44.1284 38.5217 33.5972 18.9567 6.28559 513.154
internal_count=7195 7143 5984 1511 105 47 58 52 1406 179 155 48 1227 728 516 285 236 101 78 135 49 231 4473 377 351 306 268 150 49 4096
is_linear=0
shrinkage=0.08


Tree=20
num_leaves=31
num_cat=0
split_feature=92 127 104 172 77 183 43 181 153 88 166 168 133 92 100 93 88 66 187 210 18 140 86 179 59 46 26 206 89 138
split_gain=13.5429 11.905 10.3645 13.1545 10.7829 11.6287 16.1878 19.4853 13.6604 12.5662 10.1451 13.2946 12.4967 10.5588 11.5567 13.0715 12.6279 16.0766 15.4511 11.4501 9.95077 9.10166 13.9544 10.378 8.96352 8.86212 10.9465 8.67897 8.39996 9.71075
threshold=1.0000000180025095e-35 175.00000000000003 2.1950000000000007 375.00000000000006 6.8750000000000009 0.22500000000000003 4.7150000000000007 4.5000000000000009 4.5750000000000011 2.9000000000000004 3.9000000000000008 305.00000000000006 2.7250000000000005 1.7500000000000002 4.080000000000001 0.14500000000000005 6.1000000000000005 17.500000000000004 25.500000000000004 13.500000000000002 7.5850000000000009 26.500000000000004 0.17500000000000002 0.095000000000000015 3.0200000000000005 155.50000000000003 4.1150000000000011 16.500000000000004 0.15500000000000003 0.10500000000000002
decision_type=10 10 10 8 10 10 2 10 8 10 10 10 10 10 10 10 10 2 10 8 2 10 8 8 2 2 2 10 10 8
left_child=1 -1 3 4 5 28 7 -7 -8 -9 13 12 -12 -6 15 -15 19 27 -19 24 21 23 -23 -4 -17 -25 -27 -18 29 -2
right_child=2 -3 20 -5 10 6 8 9 -10 -11 11 -13 -14 14 -16 16 17 18 -20 -21 -22 22 -24 25 -26 26 -28 -29 -30 -31
leaf_value=0.095650776465839707 0.13116353332710665 -0.055964363910864325 0.078365524892415744 -0.012656094408719527 -0.04649924513060065 0.19957682694514772 0.26047183898556725 0.15389426802830566 0.05594460376166642 -0.0069469249348667094 0.14697737712513359 -0.033350089616977913 0.0044827660696976426 -0.041573148358955959 -0.043900255204239617 0.017350055826251883 -0.0028731339248647 0.077423232002516676 0.2678601676009667 -0.038195965148629593 0.095357087231750348 0.0049529516992575821 0.15098391707660555 -0.015218755316263073 0.19860835338610627 0.0027776825270936088 0.1633258754974776 0.15239304045972898 0.013461430966091771 -0.014284301798562979
leaf_weight=3.6156355738639823 3.0030353516340247 39.802616402506828 8.0947374403476697 146.91709688305855 4.9069525152444831 3.7259965389966956 3.751976698637006 3.4213177859783164 4.718144193291665 34.030555233359337 6.700829669833186 20.797148942947388 9.5564998686313611 4.212885618209838 4.5072169154882422 3.28715047240257 5.2102126032114047 4.0721086114644995 8.2527649253606779 5.8159258365631112 5.967215195298194 17.076419502496723 5.5487841367721549 395.91434787213802 3.7244159877300262 8.738127648830412 3.9450916647911063 4.1307753920555115 249.61206005513668 135.18182115256786
leaf_count=21 17 268 50 905 31 23 22 21 29 208 41 129 60 26 28 20 32 25 48 36 38 107 34 2484 22 54 24 25 1525 842
internal_value=0.000495462 -0.0433387 0.00220264 0.00849326 0.0144387 0.00936809 0.0458221 0.0251042 0.146543 0.0077463 0.0404805 0.00901708 0.0632152 0.0647085 0.0773364 0.091454 0.107701 0.144947 0.20494 0.0447934 -0.00725602 -0.00864981 0.0407667 -0.011333 0.113631 -0.01311 0.0527159 0.0657887 0.00470103 -0.0111234
internal_weight=1158.24 43.4183 1114.82 669.537 522.62 437.445 49.648 41.1779 8.47012 37.4519 85.1749 37.0545 16.2573 48.1204 43.2135 38.7062 34.4934 21.6659 12.3249 12.8275 445.285 439.318 22.6252 416.692 7.01157 408.598 12.6832 9.34099 387.797 138.185
internal_count=7195 289 6906 4115 3210 2687 303 252 51 229 523 230 101 293 262 234 208 130 73 78 2791 2753 141 2612 42 2562 78 57 2384 859
is_linear=0
shrinkage=0.08


Tree=21
num_leaves=31
num_cat=0
split_feature=139 104 218 119 98 9 200 142 154 129 113 157 129 189 110 73 207 207 154 67 129 43 169 43 39 42 194 104 177 179
split_gain=19.962 9.42737 14.4939 11.69 10.4705 23.2159 11.2229 10.6792 10.308 11.0646 15.5218 10.2676 18.3017 15.9779 10.2511 9.5354 11.0169 9.1807 11.0221 10.9877 12.7517 8.64309 8.81606 10.1273 8.43787 8.12034 7.83527 8.093 7.65034 7.03207
threshold=195.00000000000003 1.5900000000000003 58.500000000000007 20.500000000000004 365.00000000000006 131.50000000000003 0.16500000000000004 0.17500000000000002 1.655 3.8000000000000003 34.500000000000007 104.50000000000001 3.3650000000000007 0.15500000000000003 375.00000000000006 515.00000000000011 2.4050000000000007 1.0000000180025095e-35 1.9900000000000002 1.2250000000000003 3.1550000000000007 2.4750000000000005 17.500000000000004 4.0450000000000008 38.500000000000007 5.9750000000000005 64.500000000000014 2.6650000000000005 12.500000000000002 0.26500000000000007
decision_type=10 8 8 10 10 2 10 10 10 10 10 10 8 8 10 2 10 10 10 2 10 2 10 2 2 2 8 8 10 10
left_child=-1 29 3 4 8 11 7 -7 9 -3 14 -6 13 -13 -11 17 -17 19 -19 20 -10 -4 25 -24 -8 -23 -21 -28 -12 -2
right_child=1 2 21 -5 5 6 24 -9 15 10 28 12 -14 -15 -16 16 -18 18 -20 26 -22 22 23 -25 -26 -27 27 -29 -30 -31
leaf_value=-0.059814370229828245 -0.0084206612859185365 0.018408578581382978 -0.02422960998297741 -0.0071127971877781226 -0.02080614909429445 0.085258634072706965 0.0089518010665355623 0.27329371699252675 0.022395970709071591 0.10762614010357976 0.09652890202596906 0.13296604260077285 0.17956550699090587 -0.059923834326091781 -0.079942155881749882 -0.00089502802585950071 0.14608451588625615 -0.070113889384411932 -0.0042053887288948794 -0.025114039400868898 0.21666213619459856 -0.014688926114269958 0.20121859111465118 0.039285813997921609 0.16215153440784069 0.12008253554903224 -0.014636264464035325 0.14797762926681715 0.25999184400947012 0.083471916489352274
leaf_weight=35.28229920566082 463.42645233869553 47.740464195609093 5.7059584408998516 281.87048681080341 24.415180876851082 3.3753404468297985 6.2766795605421049 4.5237865149974823 4.6746549010276777 3.8329280763864499 3.5781271606683731 4.1326410472393045 5.5538937747478476 8.2054127752780914 3.6316675990819931 7.120845824480055 6.0256370455026627 18.088640764355659 158.82046847045422 15.910603761672975 4.0239577740430832 7.1779429614543933 6.4932269901037198 3.9909471869468689 3.6324847191572189 4.7578250765800476 3.6572943031787863 4.2174699157476425 3.7558058649301529 5.3917011320590964
leaf_count=239 2890 286 34 1748 150 20 38 27 28 23 20 25 34 51 22 44 37 115 994 95 23 41 36 23 22 27 22 26 22 33
internal_value=-0.000562459 0.00129744 0.00749498 0.004975 0.0148454 0.0451865 0.121814 0.192945 0.00844726 0.0371433 0.0975821 0.0129317 0.05897 0.00468479 0.0163706 0.000382976 0.0664724 -0.00376637 -0.0109444 0.0353256 0.112263 0.0636775 0.0860502 0.139577 0.0651115 0.0390336 0.00718856 0.0724545 0.18024 -0.00736384
internal_weight=1159.29 1124.01 655.19 627.064 345.194 60.1154 17.8083 7.89913 285.079 62.539 14.7985 42.3071 17.8919 12.3381 7.4646 222.54 13.1465 209.393 176.909 32.484 8.69861 28.1259 22.4199 10.4842 9.90916 11.9358 23.7854 7.87476 7.33393 468.818
internal_count=7195 6956 4033 3872 2124 367 107 47 1757 373 87 260 110 76 45 1384 81 1303 1109 194 51 161 127 59 60 68 143 48 42 2923
is_linear=0
shrinkage=0.08


Tree=22
num_leaves=31
num_cat=0
split_feature=165 198 28 9 25 41 177 207 131 59 220 79 221 207 114 22 6 132 6 91 204 162 6 22 198 69 8 213 92 186
split_gain=37.5042 14.1737 8.56944 14.4158 12.6094 16.2133 8.73781 10.4757 8.90996 13.9933 16.6321 14.2019 14.7093 10.9992 10.7399 10.6723 11.603 16.1577 12.8037 11.3243 10.5008 12.1347 11.4612 15.2543 11.1903 12.1015 11.8361 11.3637 9.39724 9.15546
threshold=1.5000000000000002 8.5000000000000018 365.00000000000006 132.50000000000003 34.500000000000007 0.13500000000000004 28.500000000000004 3.5250000000000004 275.00000000000006 5.6100000000000003 0.19500000000000003 4.7350000000000012 455.00000000000006 5.2500000000000009 6.7750000000000012 4.8350000000000009 5.1150000000000011 22.500000000000004 5.3550000000000013 22.500000000000004 0.19500000000000003 7.3800000000000008 3.9450000000000007 1.7500000000000002 15.500000000000002 375.00000000000006 18.500000000000004 325.00000000000006 1.4650000000000001 4137.5000000000009
decision_type=10 10 2 2 2 2 10 10 10 2 10 8 8 8 8 2 2 10 2 10 10 10 2 2 10 2 2 8 10 8
left_child=-1 -2 3 6 -5 -6 8 -8 9 11 -11 12 14 -13 -3 16 19 18 -18 -10 22 29 23 -21 25 27 -26 -25 -17 -22
right_child=1 2 -4 4 5 -7 7 -9 15 10 -12 13 -14 -15 -16 28 17 -19 -20 20 21 -23 -24 24 26 -27 -28 -29 -30 -31
leaf_value=-0.054141629889747453 0.020358297309304971 0.10886709741674397 -0.016231776997055972 -0.016530644367126205 -0.020578420877994746 0.21370821327114756 0.00189160749741786 0.16460136132205883 -0.0017594536465627762 0.27008142920871986 0.018010647098722667 -0.010588314785636318 0.19469242085958605 0.1322323522994315 -0.048749671009136818 0.095802736717866016 0.2140711718860526 -0.026848216044111022 0.038159221028562479 -0.079557885984016322 0.17715347128794265 -0.015403386705805584 -0.032221224885479793 0.16455321615434287 -0.029642666508105698 0.25844777748742609 0.11153749056702485 -0.019683634251849522 -0.028887587934612814 0.027456523658220232
leaf_weight=72.885901533067226 288.0547052770853 5.9139443486928949 170.65646852552891 208.51440386474133 4.0646432489156714 3.5340434163808823 4.9027172029018384 5.2380394339561462 185.09269821643829 3.4307443499565116 3.2739760279655457 40.552684754133224 5.5409331619739524 3.7721175849437705 5.199132353067399 4.1012909263372412 5.9834610223770159 6.0983098447322837 4.7503812611103058 5.1915819793939582 8.7025137692689896 4.998633846640586 18.567520469427109 4.5846182256937036 9.6543697863817197 3.3096961230039588 6.2679270207881919 4.0225649923086175 68.078441083431244 3.7378602027893075
leaf_count=517 1696 35 1055 1291 25 21 30 32 1141 21 20 249 34 23 32 25 36 38 29 32 52 31 114 28 60 20 38 25 422 23
internal_value=0.00142641 0.00512249 -0.000310905 0.00395387 -0.0128417 0.088385 0.0125763 0.0859366 0.0107655 0.0372929 0.146993 0.0252312 0.0882163 0.00156597 0.0351278 0.00553305 0.0128148 0.0771398 0.136219 0.00855428 0.0362059 0.089874 0.0180674 0.0463361 0.0698134 0.128441 0.0259339 0.0784502 -0.0218026 0.132175
internal_weight=1168.68 1095.79 807.736 637.079 216.113 7.59869 420.966 10.1408 410.825 67.6835 6.70472 60.9788 16.654 44.3248 11.1131 343.142 270.962 16.8322 10.7338 254.13 69.0373 17.439 51.5983 33.0308 27.8392 11.9169 15.9223 8.60718 72.1797 12.4404
internal_count=7195 6678 4982 3927 1337 46 2590 62 2528 414 41 373 101 272 67 2114 1667 103 65 1564 423 106 317 203 171 73 98 53 447 75
is_linear=0
shrinkage=0.08


Tree=23
num_leaves=31
num_cat=0
split_feature=201 164 21 106 115 55 82 207 194 104 177 194 80 114 120 1 164 152 205 129 79 56 26 142 55 177 7 120 114 191
split_gain=96.8422 7.67238 7.54647 6.54106 13.4405 6.53492 15.8322 12.106 11.9692 15.0571 13.9941 10.7685 17.7883 10.3339 10.151 9.33208 9.17677 11.885 10.7622 11.2453 12.2191 9.27264 9.06548 10.5708 10.0073 8.60314 8.5456 13.7261 8.12835 8.1095
threshold=1.0000000180025095e-35 565.00000000000011 39.500000000000007 495.00000000000006 0.18500000000000003 2.3200000000000007 29.500000000000004 1.2750000000000001 54.500000000000007 1.9100000000000001 21.500000000000004 132.50000000000003 3.5150000000000001 6.8550000000000013 105.50000000000001 4263.5000000000009 335.00000000000006 0.26500000000000007 285.00000000000006 2.6350000000000002 4.5450000000000008 0.15500000000000003 4.5450000000000008 0.18500000000000003 4.1650000000000009 24.500000000000004 26.500000000000004 105.50000000000001 6.8150000000000004 1.8050000000000004
decision_type=10 8 2 10 10 2 10 8 10 10 10 8 8 10 10 2 10 10 10 10 10 2 2 8 2 10 2 10 10 10
left_child=-1 2 3 5 -5 6 11 -8 9 22 13 16 -13 14 -11 -9 17 21 -18 -20 -21 28 23 -7 -25 -10 27 -22 -2 -27
right_child=1 -3 -4 4 -6 8 7 15 25 10 -12 12 -14 -15 -16 -17 18 -19 19 20 26 -23 -24 24 -26 29 -28 -29 -30 -31
leaf_value=-0.065756732719060046 -0.017439744348368515 0.1275316054417481 0.11760447427522495 -0.010505071817189664 0.16922419230857752 -0.052276730165982326 0.2311571694877077 -0.0011194532682842647 0.0053621282198918945 0.035308503034962413 0.21994060765167675 -0.016868728907906968 0.22354174494445342 -0.042369851241770021 0.18989564218862612 0.15399314405082445 0.17302041264831652 0.084326240121630897 -0.030448102162473626 0.16463574596157102 -0.050446331657314332 -0.038461639438484248 0.11343867531266399 0.15558862454109051 -0.032625828708002541 0.046490648302127922 -0.050159027280372914 0.17668643223913935 0.13224319982890895 -0.031723252371783202
leaf_weight=125.45048630237579 5.2611225843429548 3.4927058070898047 4.0567617714405051 5.9268420040607435 4.8354989141225815 15.514700859785085 3.6087287515401814 6.201100692152977 650.62982565164566 6.3327797800302523 4.5382340252399436 3.9070999771356574 3.9723910689353943 4.4724770784378043 4.7635110914707184 4.1393976509571075 3.4985613673925391 7.3739079385995856 13.418013229966165 5.5824667960405376 2.924281179904936 46.316980481147766 4.1579503417015067 3.7475735098123542 3.4932159781455994 9.6378787606954557 5.6942102760076523 4.0766908526420593 4.1560308933258057 70.871260561048985
leaf_count=1030 35 23 25 40 31 105 23 41 4395 42 28 26 26 30 31 28 23 49 90 36 20 310 27 24 23 65 38 27 26 478
internal_value=0.00016549 0.00918791 0.00873524 0.0082494 0.0702469 0.00750661 0.024873 0.105001 0.00482562 0.0439498 0.0963254 0.0143465 0.104333 0.060292 0.101671 0.0609736 0.00713356 -0.01112 0.0398646 0.0251669 0.065995 -0.023748 0.00482009 -0.015027 0.0647872 0.0023095 0.0226197 0.0818139 0.0486192 -0.0223601
internal_weight=1042.05 916.602 913.109 909.053 10.7623 898.29 120.131 13.9492 778.159 47.0204 20.107 106.182 7.87949 15.5688 11.0963 10.3405 98.3023 63.108 35.1942 31.6957 18.2776 55.7341 26.9134 22.7555 7.24079 731.139 12.6952 7.00097 9.41715 80.5091
internal_count=7195 6165 6142 6117 71 6046 798 92 5248 310 131 706 52 103 73 69 654 420 234 211 121 371 179 152 47 4938 85 47 61 543
is_linear=0
shrinkage=0.08


Tree=24
num_leaves=31
num_cat=0
split_feature=21 18 220 69 188 188 157 21 210 158 68 155 96 155 214 7 78 119 26 39 138 72 165 134 72 21 23 106 35 100
split_gain=7.95805 8.1783 11.589 10.1018 11.6047 11.2087 13.5093 7.23883 7.01306 8.90926 7.43582 9.0221 7.3571 7.23764 12.5312 7.70905 6.94553 9.57991 8.59616 7.47388 10.1384 15.2427 9.72355 8.73163 8.05858 7.74763 7.26387 7.1347 7.79947 7.00773
threshold=1.5000000000000002 1.5600000000000003 0.085000000000000006 395.00000000000006 6.7150000000000007 6.8450000000000006 100.50000000000001 17.500000000000004 30.500000000000004 1.5000000000000002 0.25500000000000006 8.5000000000000018 4.3850000000000007 51.500000000000007 19.500000000000004 59.500000000000007 0.16500000000000004 34.500000000000007 1.4550000000000003 17.500000000000004 0.13500000000000004 0.20500000000000004 16.500000000000004 0.12500000000000003 0.12500000000000003 11.500000000000002 0.18500000000000003 405.00000000000006 0.22500000000000003 3.2850000000000006
decision_type=2 2 10 2 10 10 10 2 8 10 2 8 10 10 10 2 8 8 2 2 10 2 8 10 2 2 2 10 2 10
left_child=-1 2 -2 4 -4 7 -7 -6 10 -10 13 -12 -11 15 -15 16 17 18 -3 20 21 22 -20 26 -22 -25 -21 -27 -29 -26
right_child=1 8 3 -5 5 6 -8 -9 9 12 11 -13 -14 14 -16 -17 -18 -19 19 23 24 -23 -24 25 29 27 -28 28 -30 -31
leaf_value=-0.045378472453271465 0.14570014607907544 -0.02093143785915054 0.1161050142342481 -0.056340314359923614 -0.047076474391077011 -0.0030809178007573448 0.15556871090871638 0.05500135789770793 -0.079701932234116354 -0.047287727452180559 0.13609936577558371 -0.0027094592535233586 0.086031899590607072 -0.010452236676128893 0.14240880293941618 -0.055566217702723478 -0.0067975051597968794 -0.034544130794857415 -0.074942956458403306 -0.040840946023801915 0.069376855920858807 0.17248714076427982 0.064608364902696905 0.072608760239232698 -0.031276415924009149 0.01818802018073418 0.055509505612743149 -0.022112730356270913 0.081750400414448421 0.0030791423494282238
leaf_weight=25.170581504702568 4.9861673712730399 68.498684033751488 8.879216253757475 9.5782048106193525 16.853642508387569 7.3429367840290052 6.4545372724533081 6.0394303053617469 15.956815123558046 5.689166381955145 5.6267245262861225 6.4115213453769693 4.95750992000103 7.8465144485235196 6.1009440273046494 16.680600866675377 685.73615407943726 38.96786080300808 5.4543902277946481 29.66988867521286 7.4758533984422675 4.8678040057420722 7.7158842980861673 15.212100416421888 83.721901118755341 414.91188222169876 6.0245579183101645 49.886967867612839 5.1003189384937277 69.576216042041779
leaf_count=119 20 300 38 42 74 32 27 26 70 25 24 28 21 33 25 74 2998 170 24 131 32 21 33 66 368 1803 26 220 22 303
internal_value=-0.000740632 -4.80277e-05 0.0289026 0.0183425 0.0340399 0.0141799 0.0711363 -0.0201473 -0.00116251 -0.041886 -0.000456946 0.0621703 0.0147911 -0.000951825 0.0564128 -0.00148186 -0.000877529 0.00415236 0.0061155 0.00876363 -0.00534784 0.051523 0.00681402 0.0136086 -0.0117285 0.0164184 -0.0245788 0.0145994 -0.012479 -0.0156837
internal_weight=1647.39 1622.22 60.1341 55.148 45.5698 36.6905 13.7975 22.8931 1562.09 26.6035 1535.49 12.0382 10.6467 1523.45 13.9475 1509.5 1492.82 807.084 768.116 699.618 178.812 18.0381 13.1703 520.806 160.774 485.111 35.6944 469.899 54.9873 153.298
internal_count=7195 7076 259 239 197 159 59 100 6817 116 6701 52 46 6649 58 6591 6517 3519 3349 3049 781 78 57 2268 703 2111 157 2045 242 671
is_linear=0
shrinkage=0.08


Tree=25
num_leaves=31
num_cat=0
split_feature=128 202 183 155 14 218 103 82 150 9 36 67 213 8 117 162 29 188 128 201 144 128 153 38 21 171 162 70 90 133
split_gain=11.0935 7.70869 7.60105 7.87386 8.15523 12.0579 16.5973 13.2093 12.0681 8.40277 10.6938 13.4501 10.3095 14.301 13.7124 8.67212 9.15085 13.4087 7.90275 7.85082 10.669 7.47166 7.16908 10.5649 14.4737 10.7162 9.56601 11.3524 10.0216 11.9904
threshold=48.500000000000007 15.500000000000002 0.23500000000000001 18.500000000000004 6.4400000000000004 18.500000000000004 16.500000000000004 9.5000000000000018 44.500000000000007 133.50000000000003 365.00000000000006 2.6800000000000002 305.00000000000006 32.500000000000007 4.4050000000000011 9.1950000000000021 24.500000000000004 6.8150000000000004 15.500000000000002 235.00000000000003 15.500000000000002 11.500000000000002 4.745000000000001 4489.5000000000009 17.500000000000004 0.22500000000000003 6.5550000000000006 14.500000000000002 275.00000000000006 2.6200000000000006
decision_type=10 10 10 10 2 10 8 10 10 2 2 2 10 2 10 8 2 10 10 8 10 10 8 2 2 8 10 2 10 10
left_child=2 -2 3 22 5 7 8 -5 -7 18 11 15 -13 14 -14 16 -11 -18 -6 20 -8 -12 -1 25 -25 -24 27 -26 -29 -30
right_child=1 -3 -4 4 9 6 19 -9 -10 10 21 12 13 -15 -16 -17 17 -19 -20 -21 -22 -23 23 24 26 -27 -28 28 29 -31
leaf_value=0.0010143958965626166 0.18722108308382696 0.02669030489778465 -0.022160126746739315 0.11245984688387355 -0.064851899223218781 0.074747244795539472 0.2180477078117449 -0.025483208451880093 0.30377999272328665 -0.044507785113938228 0.098763375322869926 0.0042745006342821395 -0.033037960005982261 0.26821655813434969 0.19816913949446363 0.12301753623632854 -0.055319361636657551 0.14435517588799573 -0.018509594355864144 -0.027870155261408139 -0.014388856938688606 -0.037989411415005774 0.006719214481790926 -0.021090132669250094 0.2712800308725391 0.17136653856576803 0.044241889940024301 -0.0085146067797801442 0.28770344199852971 0.054869379674031729
leaf_weight=361.11870604008436 3.3073731884360305 4.5456901639699936 98.576584585011005 5.0846428647637358 30.455649249255657 3.1955893263220814 2.4530422836542103 35.198594979941845 2.7304786592721939 20.597029589116577 2.7507554963231078 5.9817289710044887 3.7523822635412198 3.4774709269404411 2.9185943454504013 3.2110953554511061 3.9520503580570203 4.726656399667263 103.8739970177412 8.3920570909976959 2.6070520579814911 36.294363617897034 119.1908919736743 10.192839927971361 3.2180192396044758 2.5848040580749503 13.256183966994284 3.5569805428385717 2.6355126202106476 3.0579611659049988
leaf_count=2825 22 30 789 39 250 26 20 287 20 167 22 47 30 26 23 25 32 38 845 68 21 296 949 80 24 20 102 28 20 24
internal_value=-0.000371742 0.094299 -0.00119868 0.0013827 -0.00938592 0.0168727 0.068727 -0.00807172 0.180276 -0.0164431 0.00282387 0.0278642 0.0875805 0.136683 0.0681166 -0.00178579 -0.0154748 0.0534287 -0.0290165 0.0195864 0.0982922 -0.0283551 0.00722878 0.0214598 0.0595877 0.010214 0.0915546 0.141856 0.0968329 0.162648
internal_weight=906.895 7.85306 899.042 800.465 281.653 59.6615 19.3782 40.2832 5.92607 221.992 87.6621 48.617 16.1302 10.1484 6.67098 32.4868 29.2757 8.67871 134.33 13.4522 5.06009 39.0451 518.812 157.693 35.9175 121.776 25.7247 12.4685 9.25045 5.69347
internal_count=7195 52 7143 6354 2282 481 155 326 46 1801 706 388 126 79 53 262 237 70 1095 109 41 318 4072 1247 278 969 198 96 72 44
is_linear=0
shrinkage=0.08


Tree=26
num_leaves=31
num_cat=0
split_feature=97 30 65 168 143 138 202 3 77 140 53 75 182 55 30 30 182 22 95 116 140 189 18 170 95 116 157 140 138 180
split_gain=13.5633 11.1704 11.7257 12.7987 10.8816 10.1175 9.36053 11.5594 11.5619 11.4887 10.5404 10.9394 10.277 9.35457 9.09299 8.39019 8.27019 8.1366 14.5466 12.0673 18.54 10.3372 9.48916 8.16297 7.9918 7.95958 8.6369 8.09738 16.1838 10.443
threshold=0.12500000000000003 0.42500000000000004 285.00000000000006 295.00000000000006 545.00000000000011 0.14500000000000005 22.500000000000004 6.6150000000000011 6.6550000000000011 16.500000000000004 385.00000000000006 4711.5000000000009 0.49500000000000005 4.3050000000000006 2.3300000000000005 3.0750000000000006 4.0850000000000009 2.3200000000000007 16.500000000000004 3.6450000000000005 10.500000000000002 0.24500000000000002 5.5550000000000006 6.8600000000000003 21.500000000000004 6.3350000000000009 65.500000000000014 16.500000000000004 0.15500000000000003 345.00000000000006
decision_type=10 2 2 10 8 10 8 2 10 10 2 10 10 2 2 2 10 2 10 10 10 10 2 10 10 10 10 10 10 10
left_child=-1 2 3 -2 6 24 7 8 9 14 16 -12 -13 -10 -3 -15 17 18 -9 20 -20 22 25 -19 -4 26 -21 29 -29 -28
right_child=1 4 5 -5 -6 -7 -8 10 13 -11 11 12 -14 15 -16 -17 -18 23 19 21 -22 -23 -24 -25 -26 -27 27 28 -30 -31
leaf_value=-0.034433664989874331 0.21212491344581924 0.18063610552075074 0.13780340244851572 0.052575234957478768 0.13903751467695885 -0.0033417188757445693 -0.018307220373407259 -0.02124697366318801 0.034218677240281874 -0.047411862752547308 -0.035640081523455852 -0.035776251222084901 0.14909711141576534 0.24107360553289578 -0.006577692844480041 0.069583516839520493 0.12724442629975505 -0.00057947674620157492 -0.0031218021328571631 -0.049297862831973988 0.2205624923667408 -0.026218433993137991 0.1540277137272214 0.11153380295748191 -0.01144981160528122 -0.045227199261829235 0.053973000371830948 0.14104730427145173 0.0026904789447948978 0.20149178887746005
leaf_weight=67.183349266648293 4.0940275639295605 3.3683162927627626 6.5725183784961683 15.033629298210142 3.6130493134260169 42.834060162305832 152.61265480518341 34.001400247216225 6.2908357232809049 9.9864643514156324 73.00427433848381 3.5543262958526602 4.1965161263942719 4.2137668430805206 3.2745763808488846 3.2220475375652313 3.4893978685140601 624.66468380391598 4.1491299867629987 5.2369454503059378 5.5351600497961044 16.44535394012928 4.7426356077194205 4.184208169579505 3.5287516266107559 6.7550514936447135 7.7181031256914121 7.1574090123176601 22.172425240278244 5.1010581105947495
leaf_count=445 24 20 38 90 20 262 965 206 38 62 454 21 26 24 20 20 22 3886 25 32 30 101 27 26 22 40 46 40 133 30
internal_value=0.000453261 0.00260207 0.0330407 0.0867248 0.000448814 0.0136425 -4.4477e-05 0.00318711 0.0516773 0.00682068 0.00141814 -0.026046 0.0643192 0.10602 0.0883501 0.166764 0.00436998 0.00379667 0.0229778 0.0406656 0.124727 0.0298587 0.0455202 0.000166498 0.0856637 0.0360151 0.0475966 0.0596355 0.0364539 0.112674
internal_weight=1157.94 1090.75 72.063 19.1277 1018.69 52.9353 1015.08 862.464 30.356 16.6294 832.108 80.7551 7.75084 13.7267 6.64289 7.43581 751.353 747.864 119.015 85.0133 9.68429 75.329 58.8836 628.849 10.1013 54.141 47.3859 42.149 29.3298 12.8192
internal_count=7195 6750 436 114 6314 322 6294 5329 184 102 5145 501 47 82 40 44 4644 4622 710 504 55 449 348 3912 60 321 281 249 173 76
is_linear=0
shrinkage=0.08


Tree=27
num_leaves=31
num_cat=0
split_feature=139 163 211 201 188 167 61 112 20 90 25 177 219 157 25 108 153 79 30 73 213 103 32 100 27 200 81 81 200 120
split_gain=17.9874 9.403 9.65464 9.16987 11.9227 11.7526 13.1218 14.1885 12.8882 12.0091 11.0024 10.2555 9.04944 8.69992 8.61435 10.025 8.36901 11.1898 15.6929 8.31411 12.1246 13.1447 8.09492 7.96602 10.0102 10.4236 8.89162 7.90151 7.6984 9.43162
threshold=195.00000000000003 0.10500000000000002 4.0300000000000002 195.00000000000003 6.8850000000000007 0.18500000000000003 255.00000000000003 4144.5000000000009 345.00000000000006 315.00000000000006 24.500000000000004 15.500000000000002 2.1050000000000004 104.50000000000001 22.500000000000004 0.55500000000000016 3.0850000000000004 5.8950000000000005 2.3650000000000007 465.00000000000006 315.00000000000006 18.500000000000004 295.00000000000006 4.705000000000001 0.10500000000000002 0.17500000000000002 46.500000000000007 19.500000000000004 0.16500000000000004 119.50000000000001
decision_type=10 10 8 10 10 10 2 10 2 10 2 8 8 10 2 10 8 10 2 2 10 8 2 8 2 8 10 10 10 10
left_child=-1 2 16 5 23 -3 8 22 11 10 13 -7 -6 -9 15 -11 19 18 -18 -2 -21 -22 27 24 25 -5 -25 -8 29 -14
right_child=1 3 -4 4 12 6 7 9 -10 14 -12 -13 28 -15 -16 -17 17 -19 -20 20 21 -23 -24 26 -26 -27 -28 -29 -30 -31
leaf_value=-0.058186863811307686 -0.0097535938491601949 -0.0029140573068878743 0.10411923787765108 0.1362269072760374 0.010881850658520717 0.26493557211721669 -0.0078427088043570535 0.017903072047208583 -0.012003061370126297 -0.013811372550271768 -0.079985496490563981 0.085936194225154749 -0.056737963771978518 0.1556436976042172 0.22293236708705652 0.1767229612985951 0.027518856341903868 -0.019904922523373218 0.21064406421131818 -0.059730976090348165 0.22914890743331015 0.036409863638650133 -0.03180948983056351 0.024926716733857546 -0.013357656945026504 -0.019081289021785974 -0.042161304858748611 0.11669527759747278 0.17303635716616969 0.1292921639997538
leaf_weight=33.616562858223915 55.026348054409027 101.17992442846298 8.9766592681407911 5.889361068606374 127.60547806322575 3.9076555371284458 7.7589499801397306 8.8784949034452492 3.5124132931232444 3.6634577065706235 4.6145846098661414 4.3056133091449746 3.5350437909364683 4.3837984651327124 4.1812796294689178 3.4146253764629364 6.6415589004755038 6.5223085433244696 5.4546143710613251 3.8618682175874701 3.5986501276493046 6.1087971031665811 26.559535771608353 74.456279158592224 606.68011423945427 5.2145113795995721 15.229817628860472 5.6237770766019821 4.112865224480629 3.4430238604545593
leaf_count=239 323 607 49 34 795 21 47 52 21 23 28 25 22 25 23 20 39 38 30 23 20 35 162 466 3823 31 97 31 25 21
internal_value=-0.000523466 0.00120061 0.0251192 -0.00103715 -0.00454089 0.0152541 0.0380036 0.0247215 0.116251 0.0671724 0.0264119 0.171099 0.0169063 0.0634327 0.131889 0.0781066 0.016988 0.0645554 0.110097 0.00407707 0.0601632 0.10786 -0.00624472 -0.00874552 -0.01198 0.0632923 0.0135343 0.0444915 0.08622 0.0350505
internal_weight=1157.96 1124.34 96.1908 1028.15 846.166 181.984 80.8042 69.0785 11.7257 29.1362 17.8769 8.21327 138.696 13.2623 11.2594 7.07808 87.2141 18.6185 12.0962 68.5957 13.5693 9.70745 39.9423 707.47 617.784 11.1039 89.6861 13.3827 11.0909 6.97807
internal_count=7195 6956 557 6399 5314 1085 478 411 67 171 105 46 863 77 66 43 508 107 69 401 78 55 240 4451 3888 65 563 78 68 43
is_linear=0
shrinkage=0.08


Tree=28
num_leaves=31
num_cat=0
split_feature=168 194 80 6 131 61 155 25 42 6 106 24 24 60 140 162 141 152 46 176 205 59 186 4 95 92 25 81 59 4
split_gain=33.7613 14.8952 10.6543 12.3035 9.69916 12.5796 10.0453 10.0337 9.95708 12.4059 9.50266 10.0934 13.4517 11.5187 9.86389 9.80876 11.4382 9.32205 8.99345 11.5813 9.74205 9.75517 11.6018 9.27789 8.25837 8.25812 8.1223 8.67536 9.23091 8.79235
threshold=1.0000000180025095e-35 79.500000000000014 3.6350000000000002 2.6050000000000004 345.00000000000006 405.00000000000006 34.500000000000007 27.500000000000004 5.955000000000001 4.4050000000000011 415.00000000000006 255.00000000000003 335.00000000000006 0.14500000000000005 16.500000000000004 3.6600000000000006 0.97500000000000009 0.14500000000000005 117.50000000000001 435.00000000000006 205.00000000000003 2.3650000000000007 4920.5000000000009 0.21500000000000002 19.500000000000004 3.5400000000000005 11.500000000000002 1.0000000180025095e-35 5.4900000000000011 0.115
decision_type=10 10 10 2 10 2 10 2 2 2 10 2 2 2 10 10 10 8 2 10 8 2 10 2 10 8 2 8 2 2
left_child=-1 2 3 -2 8 6 7 10 -5 17 11 -6 13 -13 -12 -15 -17 -10 20 -20 21 -3 -23 24 -21 -18 -22 -28 -29 -30
right_child=1 18 -4 4 5 -7 -8 -9 9 -11 14 12 -14 15 -16 16 25 -19 19 23 26 22 -24 -25 -26 -27 27 28 29 -31
leaf_value=-0.05453933112952436 -0.0031757796195774983 -0.031998541571700116 0.00053778393485005751 0.0011710159287387605 -0.017261591435485304 -0.0315161332612547 -0.057512447602485528 -0.0018512444852801242 0.20426190254736873 -7.4737456905223454e-05 0.083375598311736646 0.033388061884689374 0.025564484254961196 0.27301426003865364 0.23063823347443282 0.024065393399954896 0.23589711640405553 0.060475853292020217 -0.013418148635626053 -0.034631629057239606 -0.031619534575900041 0.22870388577267026 0.029598747115025519 0.16208492878121539 0.068376794967636045 0.085650499435050001 0.11390156550387992 0.0039646970203645457 -0.018109475796722535 0.0941587558307211
leaf_weight=65.421213403344154 50.522545620799065 3.3262539058923704 120.01850721240044 48.507809169590473 6.2917634993791571 8.0890913158655149 3.5149212479591361 8.0745462328195554 5.026250585913659 9.7971709668636304 5.7586298137903196 6.2652968466281918 12.723078355193136 3.8245607465505627 5.8868096321821213 4.55519875884056 6.011341825127599 6.7761882990598687 366.30191847681999 8.9012477695941978 35.069941163063049 3.8804882317781448 3.6205558031797409 3.619872272014617 11.310501769185064 3.8348567932844171 4.951104372739791 326.54760392010212 6.5010161846876171 14.251511067152022
leaf_count=486 297 20 724 279 37 47 21 47 28 56 31 36 73 21 33 26 32 39 2261 55 217 23 21 21 68 22 30 2017 40 87
internal_value=0.00129954 0.00460917 0.0192995 0.0308198 0.0426701 0.0627014 0.0741207 0.0814386 0.0212893 0.0664704 0.0936327 0.0764522 0.0922962 0.126963 0.157817 0.15913 0.128886 0.121709 -0.00127006 -0.00990239 0.0071885 0.0820344 0.132601 0.0441362 0.0230119 0.17738 0.00509624 0.00875164 0.00725262 0.0589892
internal_weight=1169.18 1103.76 315.479 195.46 144.938 74.8301 66.741 63.2261 70.1074 21.5996 55.1515 43.5061 37.2143 24.4913 11.6454 18.226 14.4014 11.8024 788.282 390.134 398.148 10.8273 7.50104 23.8316 20.2117 9.8462 387.321 352.251 347.3 20.7525
internal_count=7195 6709 1849 1125 828 426 379 358 402 123 311 247 210 137 64 101 80 67 4860 2405 2455 64 44 144 123 54 2391 2174 2144 127
is_linear=0
shrinkage=0.08


Tree=29
num_leaves=31
num_cat=0
split_feature=208 193 210 78 63 190 112 191 98 71 13 123 100 71 86 129 4 22 98 149 149 209 128 106 191 55 71 84 129 98
split_gain=87.6846 7.67255 10.9395 11.7219 11.1268 10.2176 13.0728 13.0026 10.0587 13.7261 9.0314 16.5844 8.97512 12.6669 12.833 10.172 8.1174 8.84672 10.2333 12.8747 12.8686 9.93434 8.27223 7.7787 7.72376 7.99275 7.66824 8.37455 7.56763 8.61197
threshold=0.115 3.5000000000000004 15.500000000000002 0.18500000000000003 6.3800000000000017 2.6050000000000004 3607.5000000000005 0.83500000000000008 165.00000000000003 0.69500000000000006 41.500000000000007 0.16500000000000004 4.4250000000000016 1.3100000000000003 0.15500000000000003 3.4650000000000003 0.14500000000000005 5.2500000000000009 325.00000000000006 3498.5000000000005 4009.5000000000005 305.00000000000006 27.500000000000004 495.00000000000006 1.0450000000000002 7.7100000000000017 0.57500000000000007 7.5000000000000009 4.3900000000000015 335.00000000000006
decision_type=10 10 10 10 2 10 10 10 10 2 2 8 10 2 10 10 2 2 10 10 10 10 8 10 10 2 2 8 10 8
left_child=-1 5 3 4 8 -2 7 -7 9 -3 23 -12 16 14 -14 -16 17 18 21 -20 -21 -5 -18 24 -4 -26 -10 -28 29 -8
right_child=1 2 10 12 -6 6 28 -9 26 -11 11 -13 13 -15 15 -17 22 -19 19 20 -22 -23 -24 -25 25 -27 27 -29 -30 -31
leaf_value=-0.063697889941272387 0.0005850013982770958 0.19515289354008031 0.13046753602232053 0.10921427346108903 0.12130735144251803 0.039510263470727155 0.024145304626538761 0.2484174933373193 -0.048010856994536007 -0.023201379143507124 0.22285637137364889 0.0052509838913432621 -0.0068876157441495047 -0.031595300258716583 0.084704768970498917 0.27741442336394917 -0.01584950319162692 -0.077719683590186342 -0.030425792080726159 0.27890698977211231 0.087218277756175869 -0.047520298350096975 0.09501401746930542 0.097121554856378106 0.0091393597440935486 0.10475474490667472 -0.016658200225520586 0.10107842590556321 -0.026818523828113814 0.14478710001269784
leaf_weight=121.7083433791995 27.285061322152615 3.2146169394254676 3.4363423734903327 3.845233961939817 3.6075544357299796 3.3730961978435543 10.122916184365755 4.3863579630851746 58.832926817238331 4.3165781944990158 3.7031716108322117 5.6789046078920373 3.3438399285078031 5.1329856216907492 3.4175951182842255 3.5990548431873322 66.798048086464405 3.4884552061557761 3.3336242884397498 3.3559216856956464 6.7490452378988266 7.9167568683624268 4.6044183969497672 6.782520353794097 531.21157594770193 5.6548255383968344 114.70825485140085 4.0013802349567404 7.7620833516120902 6.0503145009279242
leaf_count=1047 183 21 22 26 24 22 67 27 400 28 23 36 22 34 22 24 450 24 22 22 44 54 30 42 3551 36 776 26 52 38
internal_value=0.000114416 0.00855888 0.00664616 -0.00555067 -0.0178406 0.0364725 0.067367 0.157604 -0.0205529 0.070001 0.0133152 0.0911414 0.0145114 0.0711723 0.122087 0.183551 0.00574071 0.0416824 0.0582109 0.105904 0.150879 0.00371942 -0.00870042 0.0119805 0.0109117 0.0101465 -0.0243941 -0.0126896 0.0381136 0.0692767
internal_weight=1041.42 919.713 860.734 304.266 188.681 58.9798 31.6948 7.75945 185.074 7.5312 556.467 9.38208 115.585 15.4935 10.3605 7.01665 100.092 28.689 25.2006 13.4386 10.105 11.762 71.4025 547.085 540.303 536.866 177.543 118.71 23.9353 16.1732
internal_count=7195 6148 5759 2049 1275 389 206 49 1251 49 3710 59 774 102 68 46 672 192 168 88 66 80 480 3651 3609 3587 1202 802 157 105
is_linear=0
shrinkage=0.08


Tree=30
num_leaves=31
num_cat=0
split_feature=33 4 78 151 17 109 80 44 219 187 125 142 108 48 105 80 147 6 56 187 73 154 51 88 156 199 17 101 110 22
split_gain=12.9098 10.4085 13.7138 10.0674 11.3537 11.9329 8.98492 8.90409 10.7113 8.26638 7.93658 7.95312 7.38743 10.565 10.7982 10.7765 8.49353 7.38244 7.27997 6.97715 6.74674 7.70502 10.8401 8.18407 8.4429 8.51868 8.08556 10.6309 8.29376 9.58847
threshold=38.500000000000007 0.18500000000000003 0.28500000000000009 6.6750000000000007 19.500000000000004 0.17500000000000002 1.6850000000000003 44.500000000000007 0.87500000000000011 37.500000000000007 6.5100000000000007 0.14500000000000005 0.55500000000000016 1.0000000180025095e-35 0.17500000000000002 3.3050000000000002 385.00000000000006 3.5150000000000001 0.16500000000000004 54.500000000000007 435.00000000000006 3.9550000000000005 4.7950000000000008 5.9700000000000015 21.500000000000004 7.0150000000000015 25.500000000000004 0.15500000000000003 435.00000000000006 3.9150000000000005
decision_type=2 2 8 10 2 10 10 2 10 10 10 10 10 2 10 10 10 2 2 10 2 10 2 10 10 10 2 8 10 2
left_child=1 2 7 4 9 -6 -5 -1 18 -3 -10 -12 13 14 15 17 -17 -8 -9 -16 21 22 -14 -23 -25 -26 28 -28 -24 -30
right_child=-2 3 -4 6 5 -7 12 8 10 -11 11 -13 20 -15 19 16 -18 -19 -20 -21 -22 23 26 24 25 -27 27 -29 29 -31
leaf_value=-0.0034064946640834097 -0.06506532264109556 0.050271800809307932 -0.049114099715104054 -0.030676699640960651 0.103248242706955 -0.038757793565993834 -0.011505522581047962 0.067059454361551127 -0.067000153462276321 0.16904292619436159 -0.043935586641881276 0.042522802270810123 0.080390117485686391 -0.024950513465611356 0.00026014249016842174 0.058052817937817809 0.17098208508480181 0.093623455577535153 -0.004678570981701634 0.084413259895692358 -0.020944853532304492 0.13562487711933141 -0.032537996689853521 0.12331663630098605 -0.053465623982869429 0.051936045473266017 0.13336288158808668 -0.0067724199860874695 -0.020822995538324937 0.089258285492462633
leaf_weight=1156.6132731735706 19.580829456448555 7.9979765415191668 40.013838455080986 33.731004238128662 5.7828571796417263 10.973772928118704 10.144353896379473 35.433210462331772 10.50969737768173 7.0616986453533173 10.234823927283289 20.345007702708244 10.32050411403179 17.307209506630898 32.93955671787262 7.556887716054919 9.7771435528993589 7.3887081742286673 12.160441890358923 7.7982624322175971 51.099509969353676 5.635274305939677 55.801217764616013 4.8645529001951244 8.7327982783317584 11.203180134296415 5.7322277873754475 8.7581687420606613 11.698660895228388 8.9294792860746366
leaf_count=5059 96 35 178 148 25 48 44 152 46 30 44 87 45 76 145 33 42 32 53 34 224 24 244 21 38 48 25 39 52 39
internal_value=-0.000494515 0.000282808 -0.0030146 0.012703 0.055555 0.0102497 0.00829667 -0.00153333 0.0228966 0.105965 -0.00702606 0.0135859 0.0130652 0.0314327 0.0443397 0.0770198 0.12175 0.0327975 0.04873 0.0163692 0.0037282 0.0133031 0.00269249 0.0485976 0.028823 0.00576567 -0.00612715 0.0486634 -0.016515 0.0268288
internal_weight=1646.13 1626.55 1285.31 341.235 31.8163 16.7566 309.419 1245.3 88.6832 15.0597 41.0895 30.5798 275.688 92.9121 75.6049 34.8671 17.334 17.5331 47.5937 40.7378 182.776 131.676 101.24 30.4358 24.8005 19.936 90.9198 14.4904 76.4294 20.6281
internal_count=7206 7110 5619 1491 138 73 1353 5441 382 65 177 131 1205 406 330 151 75 76 205 179 799 575 444 131 107 86 399 64 335 91
is_linear=0
shrinkage=0.08


Tree=31
num_leaves=31
num_cat=0
split_feature=41 139 128 151 22 34 115 176 20 133 132 27 128 184 134 60 88 166 69 56 91 61 152 135 46 102 98 100 151 189
split_gain=10.7925 12.4433 11.3103 10.3963 15.5813 16.4217 16.6669 10.1729 9.94665 12.7941 13.4745 16.2108 11.8912 14.67 14.0157 15.6916 9.97796 11.8116 10.5453 11.773 14.0851 9.75574 9.29971 9.96245 10.4383 9.64454 9.94195 11.1153 10.5766 15.8552
threshold=0.115 495.00000000000006 18.500000000000004 6.6650000000000009 2.6050000000000004 1.0000000180025095e-35 0.21500000000000002 505.00000000000006 375.00000000000006 0.63500000000000012 26.500000000000004 0.21500000000000002 19.500000000000004 305.00000000000006 0.18500000000000003 0.18500000000000003 8.3950000000000014 1.7500000000000002 265.00000000000006 0.17500000000000002 17.500000000000004 295.00000000000006 0.14500000000000005 225.00000000000003 127.50000000000001 465.00000000000006 355.00000000000006 2.2350000000000008 6.8250000000000011 0.115
decision_type=2 10 10 10 2 2 10 8 2 10 10 2 10 10 10 2 10 10 2 2 8 2 10 10 2 8 10 10 10 10
left_child=7 3 -3 4 5 -2 -7 8 22 -10 11 12 16 -14 15 -15 17 -11 -19 20 -20 -22 23 24 -1 26 27 28 29 -25
right_child=1 2 -4 -5 -6 6 -8 -9 9 10 -12 -13 13 14 -16 -17 -18 18 19 -21 21 -23 -24 25 -26 -27 -28 -29 -30 -31
leaf_value=0.030170073322899213 -0.030997333994505577 0.030109725323869831 0.22551206033243379 -0.010871456639061246 0.0023931694580401294 0.26518715576854818 0.015260817752505648 0.15712799893920923 -0.064453608470734863 -0.032647466566305058 -0.062358619253460257 -0.062150939627690319 0.26901054491582715 -0.011853552389635525 0.2460707288297716 0.21035814157652413 -0.058606865069530903 0.22094997973504543 0.2390579427627979 -0.039248518326840454 -0.076005807534783407 0.13687865085196779 -0.017958942679851677 0.01679196564663428 0.22456805114204872 0.16063241053174679 -0.03380332903525584 0.0044649549543751268 -0.012334741731595987 0.19142350703150735
leaf_weight=4.5064810737967482 3.5266660898923856 6.7938556075096113 2.6295929476618767 581.27744551748037 34.721935197710991 4.9067692905664444 2.6192862913012505 3.0751050114631644 6.8846722841262809 5.46973185241223 5.9914974346756926 5.729637272655963 3.9194443598389652 7.4777446836233121 2.9635510146617881 2.7936577275395393 4.6511325389146796 3.7501156330108669 3.7885510697960827 4.3455681279301634 2.5515612885355958 2.9946015402674675 85.28283179551363 6.0113870650529879 2.9088267311453819 2.6795413717627516 28.314330697059631 61.378463067114353 6.2703964039683333 7.4524806216359138
leaf_count=35 27 54 18 4682 276 36 20 23 54 41 48 45 28 59 21 22 37 27 27 34 20 22 665 46 21 19 221 474 49 55
internal_value=-0.0009153 -0.00660953 0.0846363 -0.00798079 0.0287269 0.111454 0.178206 0.0124488 0.0107895 0.0385032 0.0510651 0.0645393 0.0807764 0.133065 0.0928053 0.0485845 0.0482198 0.0699168 0.102102 0.0695227 0.120159 0.0389393 0.00222229 0.0166223 0.106427 0.0106821 0.00701027 0.0212572 0.0734853 0.113454
internal_weight=907.667 636.476 9.42345 627.052 45.7747 11.0527 7.52606 271.191 268.116 63.3115 56.4268 50.4353 44.7057 17.1544 13.235 10.2714 27.5513 22.9001 17.4304 13.6803 9.33471 5.54616 204.805 119.522 7.41531 112.107 109.427 81.1127 19.7343 13.4639
internal_count=7206 5113 72 5041 359 83 56 2093 2070 485 431 383 338 130 102 81 208 171 130 103 69 42 1585 920 56 864 845 624 150 101
is_linear=0
shrinkage=0.08


Tree=32
num_leaves=31
num_cat=0
split_feature=30 186 26 89 152 54 215 13 13 62 134 91 41 221 133 137 214 171 2 69 133 204 8 62 188 69 209 214 189 59
split_gain=10.8754 12.9242 10.6833 10.5408 12.0091 11.2406 19.2214 13.6996 12.8839 9.71415 8.45789 11.5786 15.8609 15.9058 13.3628 9.5854 8.2141 8.16605 14.9352 7.31877 7.05873 9.50497 12.6003 14.8265 8.4092 10.2522 9.44529 7.68816 14.2796 8.62701
threshold=0.42500000000000004 4879.5000000000009 4.5600000000000014 0.14500000000000005 0.055000000000000007 23.500000000000004 1.0900000000000003 20.500000000000004 28.500000000000004 16.500000000000004 0.13500000000000004 19.500000000000004 0.14500000000000005 355.00000000000006 5.2250000000000005 2.1150000000000007 17.500000000000004 0.18500000000000003 39.500000000000007 245.00000000000003 5.285000000000001 0.20500000000000004 21.500000000000004 12.500000000000002 6.8150000000000004 275.00000000000006 285.00000000000006 16.500000000000004 0.045000000000000005 4.0950000000000006
decision_type=2 10 2 10 8 2 10 2 2 2 10 10 2 10 8 10 10 8 2 2 10 8 2 2 10 2 8 8 8 2
left_child=1 2 19 -2 5 6 -5 -8 -9 -3 11 12 13 16 -13 -14 -6 18 -15 -1 27 22 -22 -24 25 -25 -26 29 -29 -12
right_child=3 9 -4 4 10 -7 7 8 -10 -11 20 14 15 17 -16 -17 -18 -19 -20 -21 21 -23 23 24 26 -27 -28 28 -30 -31
leaf_value=0.088446533225170418 -0.015084034415684067 0.003378535235482376 0.11725173418346696 -0.02537429035092547 -0.049993485445337792 -0.046527860483312637 0.035624769844954905 0.32836001055223157 0.11466564067139688 0.16020530317513312 0.01479180926643028 -0.023187332257507146 0.052601339886951849 0.099943870991403283 0.11088941365081383 -0.046426925969693986 0.092328462589913479 0.053741538994035123 0.29207042328193761 -0.0036785241358993238 -0.040182764267238248 0.10915539890971358 0.20260037135303044 0.090082401796737099 0.16624236720383839 -0.057624989844711323 0.016208878940544822 0.11868395124755882 -0.014483082099566016 -0.014317938114051885
leaf_weight=6.1416223496198645 279.18955435603857 3.7888025492429716 6.0378848612308493 5.9274766296148362 5.3048786669969576 4.8472577631473532 4.1004811227321607 3.5184156745672226 3.7093702256679535 7.5950994789600372 199.09867903590202 37.901206269860268 13.064996942877771 5.7292777746915782 5.4402902424335471 12.002587944269179 5.0813433676958084 4.1150493621826181 4.7251940369606018 54.442357130348682 18.004862383008003 7.5472048670053473 3.3744283914566067 4.212193354964259 4.4991805255413029 10.514704391360281 6.6616598218679437 5.2349354624748221 331.28711259365082 96.853863582015038
leaf_count=36 1793 22 35 37 32 30 24 21 23 43 1233 229 74 33 33 74 30 23 28 332 109 43 19 25 25 63 41 32 2063 601
internal_value=0.000385496 0.0292346 0.015774 -0.00169445 0.00296229 0.0611132 0.0913503 0.152426 0.21869 0.10801 0.00131583 0.0239086 0.0501322 0.0952802 -0.00635782 0.0051857 0.0196359 0.149205 0.186781 0.00566053 -0.00175328 0.0257864 0.0124747 0.0448746 0.0243153 -0.0153777 0.0766907 -0.00414005 -0.0124115 0.00526531
internal_weight=1159.95 78.0058 66.6219 1081.95 802.757 22.103 17.2557 11.3283 7.22779 11.3839 780.654 93.3648 50.0233 24.9557 43.3415 25.0676 10.3862 14.5695 10.4545 60.584 687.289 54.8142 47.267 29.2622 25.8877 14.7269 11.1608 632.475 336.522 295.953
internal_count=7206 468 403 6738 4945 135 105 68 44 65 4810 556 294 146 262 148 62 84 61 368 4254 325 282 173 154 88 66 3929 2095 1834
is_linear=0
shrinkage=0.08


Tree=33
num_leaves=31
num_cat=0
split_feature=127 154 221 189 9 108 182 32 18 73 64 65 214 176 199 108 72 71 110 107 35 169 68 221 64 61 50 206 186 202
split_gain=16.7891 8.60884 11.7767 13.6542 11.934 11.9631 12.0716 10.8625 10.6469 7.54822 9.09046 7.72126 7.5382 6.73275 12.4046 15.0205 6.70377 6.51252 8.50763 6.71441 6.31093 5.86903 5.81496 8.58795 10.7118 9.43309 7.08971 13.4544 8.11585 9.41048
threshold=145.00000000000003 1.4750000000000003 305.00000000000006 0.38500000000000006 120.50000000000001 0.51000000000000012 0.15500000000000003 305.00000000000006 5.4900000000000011 375.00000000000006 0.19500000000000003 365.00000000000006 8.5000000000000018 185.00000000000003 7.2100000000000009 0.82500000000000007 0.18500000000000003 1.2700000000000002 365.00000000000006 15.500000000000002 0.17500000000000002 17.500000000000004 0.23500000000000001 395.00000000000006 0.22500000000000003 395.00000000000006 11.500000000000002 28.500000000000004 3431.0000000000005 20.500000000000004
decision_type=10 10 10 8 2 10 10 2 2 2 2 2 10 10 10 10 2 2 8 10 2 8 2 10 2 2 2 10 8 10
left_child=12 2 7 4 -4 6 8 16 -6 21 11 -11 20 14 15 -3 -2 18 -9 -20 -1 -7 26 25 -25 -24 27 28 29 -15
right_child=1 13 3 -5 5 9 -8 17 -10 10 -12 -13 -14 22 -16 -17 -18 -19 19 -21 -22 -23 23 24 -26 -27 -28 -29 -30 -31
leaf_value=0.12211996651189443 -0.054924104043775179 0.009621050719530469 -0.014455603228278421 0.12160491259444314 -0.017458736103013243 -0.05024490450723168 0.15811837996793579 0.13778113847634568 0.13433183823096698 0.030160070831040504 -0.050788378940036828 0.15055887844668647 -0.061587414063518961 -0.01450262232967247 -0.05800792032951263 0.24433629602377532 0.063282557843992365 0.16500007368808806 -0.060212174086065301 0.089041223657219226 -0.03552357204278439 0.068354392730564109 0.15080443860185486 -0.06728417713075939 0.10589939895714517 -0.01139600732780985 0.0010473097366324852 0.13684823313611003 -0.035302377266771941 0.13203536181628325
leaf_weight=2.8080377280712119 6.2366223484277707 3.5284766256809217 86.299631536006927 6.6815030872821799 8.8069128543138522 15.901694163680078 7.9649640917778006 6.1668327897787103 4.4526837021112433 10.059598162770273 5.2893574088811866 5.1563458889722815 36.742225557565689 8.6726299822330457 3.5482704043388367 3.4521461725234985 6.0484279543161392 6.4467545747756949 3.9994025081396112 3.7263699024915695 3.8584975078701973 3.2094040960073462 6.5672753155231494 6.8749663680791837 3.4242063164710999 3.5271768569946289 795.70491851121187 3.3334437161684027 86.906911060214043 4.1453356295824042
leaf_count=20 37 21 521 38 52 95 44 34 26 59 31 29 269 55 21 21 34 35 24 21 28 19 39 44 20 22 4958 21 543 25
internal_value=0.00142534 0.00332376 0.0190128 0.00975327 0.00467421 0.0318088 0.0802743 0.0626707 0.0335138 0.00584333 0.0395553 0.0709606 -0.047387 0.000177359 0.0637868 0.125695 0.00327382 0.0985467 0.0677095 0.0117772 0.0308781 -0.030328 -0.000551284 0.0416906 -0.00970515 0.0941288 -0.00150979 -0.0212529 -0.0265377 0.0328878
internal_weight=1159.54 1116.13 186.447 153.822 147.141 60.841 21.2246 32.6244 13.2596 39.6164 20.5053 15.2159 43.4088 929.686 10.5289 6.98062 12.2851 20.3394 13.8926 7.72577 6.66654 19.1111 919.157 20.3936 10.2992 10.0945 898.763 103.058 99.7249 12.818
internal_count=7206 6889 1099 914 876 355 122 185 78 233 119 88 317 5790 63 42 71 114 79 45 48 114 5727 125 64 61 5602 644 623 80
is_linear=0
shrinkage=0.08


Tree=34
num_leaves=31
num_cat=0
split_feature=164 217 109 115 79 118 3 216 19 127 65 216 78 22 134 51 9 177 51 79 179 9 45 155 108 149 44 59 149 26
split_gain=32.4252 11.6874 21.4969 15.9726 11.1938 11.0917 11.0471 10.5006 11.5733 9.75978 9.24121 9.10869 9.82477 14.095 12.4876 8.81836 9.31024 8.80186 11.1713 10.9988 9.24708 8.79775 8.17021 9.42769 17.2761 15.008 10.0042 8.53343 10.6829 10.1039
threshold=1.0000000180025095e-35 245.00000000000003 0.21500000000000002 0.18500000000000003 7.8950000000000005 7.5000000000000009 6.7750000000000012 0.13500000000000004 0.17500000000000002 205.00000000000003 365.00000000000006 0.115 0.14500000000000005 6.9000000000000012 0.17500000000000002 3.4250000000000003 117.50000000000001 16.500000000000004 9.6350000000000033 3.0750000000000006 0.24500000000000002 107.50000000000001 26.500000000000004 5.5000000000000009 0.94500000000000006 3700.0000000000005 43.500000000000007 5.7750000000000012 4009.5000000000005 2.6450000000000005
decision_type=10 8 10 10 10 8 2 10 2 10 2 8 10 2 10 2 2 10 2 10 10 2 2 10 10 8 2 2 8 2
left_child=-1 2 6 -4 11 -5 10 9 -9 -8 -2 -3 -13 17 -15 -11 -17 18 20 -19 -14 -22 23 24 -21 -26 27 29 -29 -25
right_child=1 4 3 5 -6 -7 7 8 -10 15 -12 12 13 14 -16 16 -18 19 -20 22 21 -23 -24 26 25 -27 -28 28 -30 -31
leaf_value=-0.053477738997845477 -0.041062726968114735 0.12156144600086444 0.042600962778042761 0.25347305564848888 0.11070550744445572 0.086534330660884479 0.128556868578452 0.16824574020579083 -0.011410258263954831 0.12835946869097267 0.035152074192894171 -0.010220094069278532 -0.015378528111431269 0.20686597153373523 -0.0035297759490719011 -0.04412958773108603 0.034692038309905512 0.10713987789530893 0.12630005180620252 0.012058991693918006 -0.033816962418940298 0.12788937381497179 -0.0084802177708066858 -0.018337424477283461 0.27433718119980044 0.07445968199851058 0.11749265641159447 0.1762707776396186 0.0078614459934054203 0.019177695375732735
leaf_weight=67.381412103772163 34.481030628085136 3.9262038320302954 18.003542229533199 4.9703116565942738 5.8767130672931662 5.224877431988717 4.542338714003562 6.7142279148101789 3.4864900261163712 3.4108254164457312 14.44841209053993 394.82157188653946 184.37123809754848 4.1895952969789496 3.1726678758859634 19.756494224071503 18.638799577951431 7.6476411223411551 3.8410766869783393 17.257283151149753 3.4559108614921552 5.712596669793129 105.40624025464058 70.175061151385307 3.6031661778688404 7.2253199219703683 5.6604707688093177 4.3434629738330814 5.4173931777477273 133.08185312151909
leaf_count=522 205 22 102 26 36 30 25 38 21 19 84 2428 1119 26 20 117 108 44 22 102 21 32 646 428 21 43 34 25 32 808
internal_value=0.000396822 0.00368839 0.0258633 0.0879096 0.000629856 0.16792 0.00927579 0.0333584 0.106841 0.0171857 -0.0185572 -4.16659e-05 -0.000539318 0.00623086 0.116199 0.00508499 -0.00586603 0.00477786 -0.00879781 0.0122249 -0.011479 0.066937 0.0101637 0.0181276 0.0617602 0.140969 0.0125237 0.00973434 0.0828016 0.00622549
internal_weight=1170.24 1102.86 133.677 28.1987 969.185 10.1952 105.479 56.5492 10.2007 46.3485 48.9294 963.309 959.383 564.561 7.36226 41.8061 38.3953 557.199 197.381 359.818 193.54 9.16851 352.17 246.764 28.0858 10.8285 218.678 213.018 9.76086 203.257
internal_count=7206 6684 775 158 5909 56 617 328 59 269 289 5873 5851 3423 46 244 225 3377 1194 2183 1172 53 2139 1493 166 64 1327 1293 57 1236
is_linear=0
shrinkage=0.08


Tree=35
num_leaves=31
num_cat=0
split_feature=209 34 147 22 120 100 84 133 133 69 60 1 144 196 128 163 63 69 72 109 110 135 178 32 22 116 155 140 176 191
split_gain=79.6868 13.5486 12.8399 7.12511 14.4434 6.35226 6.3049 6.19439 7.00585 11.3699 12.5439 8.85232 6.6359 12.1016 13.1201 11.3973 9.89149 16.098 9.37236 10.9317 15.9917 11.827 12.9699 12.899 10.1276 9.76927 15.2374 16.5977 9.3727 9.22688
threshold=175.00000000000003 2.2400000000000007 535.00000000000011 2.8050000000000002 124.50000000000001 6.7800000000000002 1.5000000000000002 6.9850000000000003 5.6900000000000004 395.00000000000006 0.13500000000000004 3567.5000000000005 12.500000000000002 1.5000000000000002 16.500000000000004 0.14500000000000005 4.1650000000000009 295.00000000000006 0.17500000000000002 0.16500000000000004 245.00000000000003 425.00000000000006 1.175 285.00000000000006 4.4900000000000011 4.1150000000000011 10.500000000000002 21.500000000000004 285.00000000000006 2.8850000000000002
decision_type=10 2 8 2 10 10 10 8 10 2 2 2 10 10 10 10 2 2 2 10 10 8 10 2 2 10 10 10 8 10
left_child=-1 5 3 4 6 7 -3 8 12 10 -10 -12 15 -14 -15 -2 -16 -18 24 20 -20 22 -21 -24 -17 -25 -27 28 -28 -26
right_child=1 2 -4 -5 -6 -7 -8 -9 9 -11 11 -13 13 14 16 18 17 -19 19 21 -22 -23 23 25 29 26 27 -29 -30 -31
leaf_value=-0.066049032331634352 -0.032469706621751582 -0.077851263899256826 0.11673425315670048 -0.025626258963470865 0.19354726111013829 0.10783008252359055 0.069374239418254352 -0.078537616572359803 0.14965469433049017 0.1627675076725138 0.12030692888158377 -0.015670609826323768 0.011767452882069476 0.2181432990776897 -0.021369841107290285 -0.035006711213067289 -0.02384780504979667 0.22736824148738383 0.10958956727095641 -0.014641405180425988 -0.048048197942463781 0.15156173248623256 -0.017863153963147544 0.0022179377699989232 0.077068876036115883 0.24520529658255336 0.23980915016540694 -0.07825365058021358 0.080445052151021587 -0.024903376677640719
leaf_weight=107.69720683991909 59.463795319199562 4.3830142617225629 4.5119174569845191 127.70494793355465 2.9351870715618134 4.2858403623104087 3.2361236214637756 5.0059017091989508 4.5471253693103817 4.6455925181508055 3.6054435893893269 20.407418072223663 515.03938011080027 3.5049674212932613 7.0381263345479947 46.419656731188297 2.9548114985227585 3.6480056941509247 5.1037361249327686 22.632783398032188 21.338411629199982 5.8909494876861563 9.2690364494919759 5.9412166625261333 12.316364690661432 4.6871860176324871 3.2635265588760349 3.3086198270320883 8.5492937490344048 10.53796339035034
leaf_count=988 399 30 30 854 19 28 21 33 29 31 23 136 3410 23 47 313 20 23 34 152 144 38 62 39 80 30 21 22 56 71
internal_value=-0.000880814 0.0066161 -0.0160714 -0.0204053 0.0427671 0.0106987 -0.0153193 0.0101711 0.0107374 0.0466974 0.0278173 0.00474592 0.00914728 0.0139686 0.0800865 -0.00258363 0.0446136 0.114947 0.0085752 0.0256032 -0.0176217 0.0435905 0.0325578 0.0630627 -0.0135436 0.0921932 0.11918 0.0801154 0.124473 0.0300502
internal_weight=1043.87 936.176 142.771 138.259 10.5543 793.405 7.61914 789.119 784.113 33.2056 28.56 24.0129 750.908 532.185 17.1459 218.723 13.6409 6.60282 159.259 89.9848 26.4421 63.5426 57.6517 35.0189 69.274 25.7498 19.8086 15.1214 11.8128 22.8543
internal_count=7206 6218 954 924 70 5264 51 5236 5203 219 188 159 4984 3523 113 1461 90 43 1062 598 178 420 382 230 464 168 129 99 77 151
is_linear=0
shrinkage=0.08


Tree=36
num_leaves=31
num_cat=0
split_feature=33 186 186 38 18 221 43 153 160 9 166 44 26 44 186 139 96 52 38 100 22 9 43 83 194 153 18 153 183 40
split_gain=11.6101 9.71507 9.58648 10.5244 10.286 11.7719 9.3463 12.3872 9.61834 9.42055 10.2474 9.93223 9.53778 7.91257 10.4724 7.6582 7.54769 8.43446 7.69121 7.53374 7.39461 9.15412 8.2233 8.33611 8.4379 10.9539 10.744 7.69074 7.31733 7.23014
threshold=38.500000000000007 5211.5000000000009 2986.0000000000005 3507.5000000000005 4.7700000000000005 405.00000000000006 1.5350000000000004 4.4050000000000011 0.21500000000000002 154.50000000000003 2.4700000000000002 20.500000000000004 6.8600000000000003 2.5000000000000004 3701.5000000000005 245.00000000000003 2.7750000000000004 0.22500000000000003 3327.5000000000005 2.3900000000000001 2.7900000000000005 141.50000000000003 1.9150000000000003 82.500000000000014 56.500000000000007 3.2950000000000004 5.2250000000000005 4.2250000000000005 0.13500000000000004 6.8650000000000011
decision_type=2 10 8 2 2 10 2 10 10 2 10 2 2 2 10 10 10 2 2 10 2 2 2 10 10 10 2 8 10 2
left_child=1 2 3 -1 5 -5 8 9 13 12 11 -11 16 15 -15 -4 29 18 -18 -10 28 22 -22 -24 25 -25 -27 -26 -20 -8
right_child=-2 -3 6 4 -6 -7 7 -9 19 10 -12 -13 -14 14 -16 -17 17 -19 20 -21 21 -23 23 24 27 26 -28 -29 -30 -31
leaf_value=0.1376992853136679 -0.062925878153351766 0.10991358152422512 0.0805761540151545 0.12788137148928799 -0.050426232859787874 -0.028142291034642258 -0.033728979801220256 0.0031192103651611972 0.028386554163169996 0.013797312966871875 -0.02301568736424759 0.15507285319817618 0.10028519187905952 -0.039091183062254682 0.064062157731072447 -0.024544004529170414 0.034649996550905608 0.088352491365767227 0.055587285583101373 0.17086812640180507 -0.079298367053260405 -0.042133809115412479 0.080515831601025253 -0.045677368596406968 0.0059270747562287385 0.1411461216655395 0.0029017627601913582 -0.04088865554204487 -0.040217097734472004 0.0055899881247938824
leaf_weight=6.2957035899162319 18.796396628022194 5.1594120115041724 5.1310122162103644 7.612049341201784 8.1640150099992734 5.2153081744909286 173.04066331684589 968.5168741941452 4.6683202683925611 6.2397463321685809 9.7618985772132856 6.50529445707798 4.6151610612869254 8.0424252450466138 29.053181320428848 32.717546984553337 23.731253489851952 5.8016919791698447 5.4847006052732459 4.8348008543252945 7.3320566564798346 34.120246544480324 9.3766644448041898 5.5654842555522945 94.585673436522484 8.9801273047924024 6.0030465424060813 29.450028300285339 73.171617686748505 36.191136449575424
leaf_count=27 96 22 22 32 36 23 770 4216 20 28 44 28 20 36 127 142 104 25 24 20 32 152 41 25 416 39 26 129 324 160
internal_value=-0.000412333 0.000310598 -3.84228e-05 0.0469784 0.0197695 0.0644457 -0.00084383 -0.00229373 0.0250555 -0.0120029 0.0386641 0.0859068 -0.0142067 0.0154414 0.0416982 -0.0102932 -0.015237 -0.0071801 -0.00904125 0.100875 -0.0128244 -0.00448746 0.00347632 0.00741829 0.00267773 0.0501596 0.0857582 -0.00518847 -0.0335367 -0.0269279
internal_weight=1644.16 1625.37 1620.21 27.2871 20.9914 12.8274 1592.92 1508.47 84.4473 539.956 22.5069 12.745 517.45 74.9442 37.0956 37.8486 512.834 303.603 297.801 9.50312 274.07 195.413 161.293 153.961 144.584 20.5487 14.9832 124.036 78.6563 209.232
internal_count=7206 7110 7088 118 91 55 6970 6603 367 2387 100 56 2287 327 163 164 2267 1337 1312 40 1208 860 708 676 635 90 65 545 348 930
is_linear=0
shrinkage=0.08


Tree=37
num_leaves=31
num_cat=0
split_feature=66 157 166 39 220 194 182 189 5 124 207 197 211 103 203 189 20 170 18 25 147 157 39 16 90 92 217 92 174 20
split_gain=10.2924 12.341 10.9529 9.96866 9.65531 14.6599 11.2615 11.131 10.3579 12.8707 13.9309 11.9568 15.1774 10.9264 9.21668 14.1442 13.7713 8.23793 9.05689 12.8614 7.71449 8.25558 7.60881 9.81283 7.54461 7.39656 9.90335 7.74037 7.3578 11.288
threshold=13.500000000000002 100.50000000000001 6.1150000000000011 19.500000000000004 0.18500000000000003 27.500000000000004 0.14500000000000005 0.16500000000000004 4.8250000000000011 11.500000000000002 1.5550000000000004 0.16500000000000004 2.2850000000000006 19.500000000000004 5.4350000000000014 0.18500000000000003 335.00000000000006 2.0900000000000003 5.2150000000000007 18.500000000000004 375.00000000000006 148.50000000000003 60.500000000000007 285.00000000000006 505.00000000000006 3.0550000000000002 235.00000000000003 2.8250000000000006 2.6150000000000007 385.00000000000006
decision_type=2 10 8 2 10 10 10 10 2 10 10 10 8 10 10 8 2 10 2 2 10 8 2 2 8 10 10 10 10 2
left_child=20 2 4 -4 6 -6 7 8 9 -2 -11 -10 13 -13 24 16 -16 -9 19 -19 21 22 -1 -24 28 26 -8 -28 -7 -30
right_child=1 -3 3 -5 5 14 25 17 11 10 -12 12 -14 -15 15 -17 -18 18 -20 -21 -22 -23 23 -25 -26 -27 27 -29 29 -31
leaf_value=-0.018706800926321251 -0.020657975574025347 -0.0065073624780924823 -0.019101951633379247 0.16567867096135705 0.20307854927936789 0.0039139783985864254 0.11775106179515232 -0.036825504693959288 -0.019551598110331463 0.084488784256445723 0.31664836852605849 0.28435601105414227 -0.033689068795479823 0.070263444971479724 0.0654524917152456 0.0030005544327635033 0.29266177906689023 -0.029715933454747386 -0.044966450726738542 0.16901105620214893 -0.039090352073247125 0.11425626917869625 0.17239174901307405 -0.025708099229931353 0.14350718626087197 -0.043000256558647657 -0.038544561665227781 0.099410594630738397 0.023067101131678643 0.12956988266007588
leaf_weight=48.749059319496155 2.8733050823211652 425.68863114714622 2.8045645877718908 5.5986651927232742 2.8629110530018798 128.69291818141937 4.5320391282439259 26.505953691899776 15.586475148797037 3.9682745411992073 2.8366726860404015 2.8701553866267178 3.7559784278273591 3.2568213790655136 3.9313611984252903 6.9988854229450235 3.0178196281194687 3.4827700555324537 5.1199566870927802 5.1906496584415436 72.335292398929596 3.7811037674546233 3.2240352258086196 3.1775712817907333 2.9073503017425528 50.77770522236824 14.932981565594675 3.1524494662880889 36.067932732403278 7.7349089980125418
leaf_count=384 22 3459 22 41 22 1000 35 208 123 30 20 20 29 24 29 53 21 28 40 38 589 30 26 25 22 397 117 22 273 57
internal_value=-0.000869562 0.00263852 0.0137794 0.104008 0.0115563 0.0234012 -0.00374012 0.0179638 0.0508668 0.121318 0.181266 0.0240958 0.0929323 0.170554 0.0206845 0.0832745 0.164123 -0.0107331 0.0394071 0.0892132 -0.0215852 -9.86969e-05 -0.00793882 0.0740607 0.0157074 -0.0260508 0.012002 -0.0144978 0.0135533 0.0418739
internal_weight=906.415 775.148 349.46 8.40323 341.056 192.214 148.842 75.447 35.1477 9.67825 6.80495 25.4694 9.88296 6.12698 189.351 13.9481 6.94918 40.2993 13.7934 8.67342 131.267 58.9318 55.1507 6.40161 175.403 73.3952 22.6175 18.0854 172.496 43.8028
internal_count=7206 6152 2693 63 2630 1477 1153 582 268 72 50 196 73 44 1455 103 50 314 106 66 1054 465 435 51 1352 571 174 139 1330 330
is_linear=0
shrinkage=0.08


Tree=38
num_leaves=31
num_cat=0
split_feature=118 178 7 187 97 126 182 99 22 181 128 174 75 119 181 59 102 1 123 119 106 50 199 1 113 214 182 181 103 73
split_gain=14.5126 10.6111 12.8178 18.0462 12.8539 12.7315 13.3069 9.7811 11.124 11.4476 11.0469 13.7208 10.2106 17.1114 10.1947 9.71982 8.72157 8.66729 8.32164 12.9172 11.9829 11.3195 9.32557 15.5694 11.1536 8.06389 12.4666 7.83957 7.8153 7.2965
threshold=1.5000000000000002 1.1600000000000001 45.500000000000007 18.500000000000004 0.18500000000000003 0.16500000000000004 0.54000000000000015 6.5000000000000009 2.7750000000000004 66.500000000000014 16.500000000000004 2.6650000000000005 4739.5000000000009 24.500000000000004 55.500000000000007 2.8050000000000002 255.00000000000003 3263.0000000000005 0.15500000000000003 27.500000000000004 345.00000000000006 13.500000000000002 4.6800000000000006 3686.5000000000005 14.500000000000002 27.500000000000004 0.52500000000000013 17.500000000000004 18.500000000000004 345.00000000000006
decision_type=10 8 2 10 8 10 8 10 2 8 10 10 10 8 10 2 10 2 10 8 8 2 10 2 10 8 10 8 8 2
left_child=17 2 7 -4 5 29 -7 -2 9 10 -9 14 25 15 18 -14 -3 -1 19 20 -12 -20 23 -23 -25 -10 -27 -24 -26 -5
right_child=1 16 3 4 -6 6 -8 8 12 -11 11 -13 13 -15 -16 -17 -18 -19 21 -21 -22 22 27 24 28 26 -28 -29 -30 -31
leaf_value=0.1487859940578202 -0.0578595195641795 -0.031290069646465246 -0.037706782664632899 0.0641487595451493 0.18747388607272053 0.21205889236176234 0.009759351307579071 -0.0091719414632769076 -0.010330078418905406 0.15278524337926092 0.2669635655397613 -0.03251333444931169 0.10279686359105634 0.18194246972959111 -0.08006314063640313 -0.027140938882498387 -0.004592099414566812 0.029298246635555629 -0.025540821784007187 0.010236810181860265 0.072347902613525583 -0.024380169704081515 -0.010720978850623569 0.037346434624242676 0.27286632650313297 0.19073260022885019 -0.030203551684892426 0.10441231048145516 0.13147222483787696 -0.078930676096671648
leaf_weight=4.1462091505527487 15.811441347002981 90.958926133811474 9.6059090942144376 4.4435246288776451 6.5626419633626929 4.9276409298181507 3.602207951247693 47.119712233543396 233.86710837483406 4.3842211067676535 4.5700119286775545 13.61635587364435 5.2667862474918428 4.8312264382839194 3.3257055282592765 12.263114199042318 563.13920195400715 61.724481388926506 10.337396711111067 4.3521330803632745 3.6356538534164438 4.3024737834930447 11.53219471126795 4.0628285557031623 4.4986005127429936 3.2538481503725043 3.2844317853450775 5.6343030631542197 5.6366219669580468 4.6872907727956772
leaf_count=23 108 591 60 27 39 30 23 284 1463 23 25 85 33 27 20 77 3526 349 64 25 21 26 70 24 25 20 21 34 33 30
internal_value=0.000351166 -0.00184559 0.00776924 0.0550795 0.0918745 0.0563501 0.126627 0.00382317 0.00632536 0.0257648 0.0212234 0.0401921 -0.00307067 0.0486372 0.0561884 0.0118983 -0.00830472 0.0368194 0.0639261 0.121646 0.180736 0.0481702 0.0695339 0.108938 0.149338 -0.00788024 0.0797478 0.0270675 0.194231 -0.00930086
internal_weight=1159.38 1093.51 439.415 33.8292 24.2233 17.6607 8.52985 405.586 389.775 127.008 122.624 75.5043 262.767 22.3611 61.8879 17.5299 654.098 65.8707 58.5622 12.5578 8.20567 46.0044 35.667 18.5005 14.1981 240.405 6.53828 17.1665 10.1352 9.13082
internal_count=7206 6834 2717 209 149 110 53 2508 2400 759 736 452 1641 137 367 110 4117 372 347 71 46 276 212 108 82 1504 41 104 58 57
is_linear=0
shrinkage=0.08


Tree=39
num_leaves=31
num_cat=0
split_feature=128 216 30 176 92 203 195 187 165 100 192 88 214 157 157 135 82 97 175 4 175 115 188 135 114 176 164 162 127 47
split_gain=15.1487 9.27041 12.0596 11.1833 9.05224 10.124 8.3152 7.70614 10.1077 10.3036 9.56187 13.5279 8.4675 11.1161 12.9716 8.77373 8.43977 8.97112 12.7104 13.2733 8.36434 8.31988 8.16505 7.92177 15.4378 7.64766 7.58664 7.58686 7.57159 13.111
threshold=3.5000000000000004 0.25500000000000006 2.9800000000000004 365.00000000000006 4.080000000000001 1.2350000000000001 6.5000000000000009 46.500000000000007 13.500000000000002 5.580000000000001 42.500000000000007 7.8150000000000004 7.5000000000000009 117.50000000000001 132.50000000000003 215.00000000000003 36.500000000000007 0.18500000000000003 0.14500000000000005 0.12500000000000003 0.115 0.16500000000000004 6.8150000000000004 375.00000000000006 6.7950000000000008 335.00000000000006 285.00000000000006 8.8850000000000033 255.00000000000003 1.0000000180025095e-35
decision_type=10 8 2 10 10 10 10 10 10 10 10 10 10 10 8 10 10 10 10 2 10 8 8 10 8 10 10 10 10 2
left_child=-1 6 3 4 5 -3 7 8 9 -2 20 -12 13 23 -15 25 17 26 19 -19 21 -10 -18 -9 -25 -14 -17 -28 29 -20
right_child=1 2 -4 -5 -6 -7 -8 12 10 -11 11 -13 15 14 -16 16 22 18 28 -21 -22 -23 -24 24 -26 -27 27 -29 -30 -31
leaf_value=-0.043625284654679221 0.020391771796602211 -0.079082916426389357 0.17385179497428926 -0.065695243773384301 0.17273819694060372 0.10988179450021247 -0.040186675491631921 -0.018987172211704699 0.17533163469276347 0.1300512578749545 -0.0035754621799777065 0.17164149734418163 0.1658005937389013 0.17462345607502322 0.0048265516055766202 -0.043286558712076401 0.12995877217358467 -0.014871764803284351 0.1478235645964365 0.15786895676855597 -0.00051604873830094844 0.014083007360634725 -0.031685841236719574 0.15648537095726062 -0.044776308069342817 -0.0067716370968565684 -0.015445563839695451 0.10508698943149496 -0.025020127401719654 -0.022497840324990439
leaf_weight=46.10695331543684 185.80394736677408 3.4666216969490105 4.3785535097122184 5.7495671808719626 3.7577984780073166 3.807604044675827 28.899327307939529 28.223654225468636 3.4460985213518116 5.6504749208688727 6.3077377974987012 5.100304901599884 3.2586305290460578 5.9336455166339848 5.5942879021167764 87.679481163620949 4.9462572187185261 4.9567529559135419 4.91798087954521 6.688270166516304 529.64167258888483 5.0472844839096078 3.357475921511651 5.331662476062772 4.4961013048887262 3.3158252984285355 103.90768022835255 3.4532805979251853 39.631896331906319 7.0232806652784348
leaf_count=346 1107 22 25 36 21 24 185 165 21 32 39 32 20 34 33 542 30 31 30 39 3301 30 21 29 27 21 651 21 247 44
internal_value=0.0013099 0.00317009 0.0556164 0.0247671 0.0719135 0.0198283 0.00215439 0.00330472 0.00779836 0.0236282 0.00228343 0.0747605 -0.00701324 0.0234024 0.0922242 -0.0125342 -0.014786 -0.0173385 0.008851 0.0843411 0.000746969 0.0795079 0.0646005 0.00255236 0.0644102 0.0787638 -0.0258273 -0.0115686 -0.00819438 0.0476486
internal_weight=1159.88 1113.77 21.1601 16.7816 11.032 7.27423 1092.61 1063.71 740.998 191.454 549.543 11.408 322.716 49.5794 11.5279 273.137 266.562 258.259 63.2182 11.645 538.135 8.49338 8.30373 38.0514 9.82776 6.57446 195.04 107.361 51.5732 11.9413
internal_count=7206 6860 128 103 67 46 6732 6547 4562 1139 3423 71 1985 288 67 1697 1656 1605 391 70 3352 51 51 221 56 41 1214 672 321 74
is_linear=0
shrinkage=0.08


Tree=40
num_leaves=31
num_cat=0
split_feature=171 172 83 58 19 175 33 12 207 29 139 6 202 215 187 115 170 34 190 124 207 33 215 104 59 29 59 187 104 166
split_gain=31.9366 9.32234 9.40869 8.46515 8.63712 9.03813 13.1089 9.4611 8.3847 10.4762 8.09213 8.63504 11.1706 8.37117 7.72318 7.70955 7.61891 10.355 10.0098 8.56532 8.47059 9.12288 9.45939 7.702 8.23743 7.61108 7.24809 6.99997 10.2368 7.59339
threshold=0.10500000000000002 355.00000000000006 8.5000000000000018 18.500000000000004 0.17500000000000002 0.14500000000000005 19.500000000000004 0.18500000000000003 5.5750000000000002 20.500000000000004 415.00000000000006 1.3750000000000002 16.500000000000004 4.5950000000000015 57.500000000000007 0.075000000000000025 3.1250000000000004 3.2950000000000004 1.3750000000000002 28.500000000000004 2.3400000000000003 19.500000000000004 1.4900000000000002 0.81500000000000006 4.9350000000000014 16.500000000000004 1.1300000000000001 2.5000000000000004 2.3050000000000002 4.080000000000001
decision_type=10 8 8 2 2 10 2 2 10 2 10 2 8 10 10 10 10 2 10 10 10 2 10 8 2 2 2 10 10 10
left_child=-1 2 -2 4 8 6 7 -6 15 -10 11 12 -3 -13 -7 -4 17 19 -18 -17 26 23 -23 -22 -25 -16 -20 28 29 -5
right_child=1 10 3 27 5 14 -8 -9 9 -11 -12 13 -14 -15 25 16 18 -19 20 -21 21 22 -24 24 -26 -27 -28 -29 -30 -31
leaf_value=-0.055213752772658255 0.11377713810062198 0.15516446861158881 -0.043453392657882874 -0.079686557908472025 -0.042706988944666881 -0.03312995893480352 0.16921111480126705 0.070543907875534426 0.17741962348294812 0.0007665954019825923 -0.016350513076940645 0.014687963906531683 -0.016766358961470121 0.12860890098535094 0.11228071398508103 0.042093108299836493 0.12243224969285862 0.16514986073714064 0.051175381317359867 -0.038651737489286644 0.094493458319603235 -0.00024414524872483595 0.14615480829799557 -0.035810613315825794 0.083124960484266097 -0.01302410641895523 -0.049309629246195925 -0.010868340912033078 0.14397313809499901 0.071972369198782388
leaf_weight=62.64470848441124 4.4934352785348883 6.4472809582948658 13.269141256809233 4.2292963266372663 10.674912020564085 68.543197385966778 3.8473971188068381 8.464551776647566 4.6542312204837781 3.9908169284462929 48.697115540504456 300.37305348366499 3.8703623414039621 4.185710757970809 4.9349235892295829 63.250210836529732 4.2716932147741309 3.900330424308776 5.4688943475484839 9.6970828473567945 4.5882067233324042 5.0729849785566312 6.3734200149774551 23.876222476363186 4.4162465631961814 8.3542941212654096 28.720881834626198 439.24664407223463 4.6397704780101767 4.2223197817802429
leaf_count=503 25 38 82 26 65 421 23 51 28 25 293 1786 25 24 28 378 23 23 33 59 28 32 39 149 27 51 175 2692 28 26
internal_value=0.000355787 0.00350109 -0.00163421 -0.00233624 0.0084269 -0.00985785 0.0344654 0.00737895 0.0189837 0.0958712 0.0139984 0.018692 0.0906696 0.0162536 -0.0223083 0.0151394 0.0200097 0.0381499 0.00317134 0.0313595 -0.00331702 0.01976 0.0812716 -0.00165344 -0.0172456 0.0335076 -0.0332363 -0.00915025 0.0484956 -0.00391969
internal_weight=1169.42 1106.77 743.201 738.708 286.37 104.819 22.9869 19.1395 181.55 8.64505 363.574 314.876 10.3176 304.559 81.8324 172.905 159.636 76.8476 82.7886 72.9473 78.5169 44.3271 11.4464 32.8807 28.2925 13.2892 34.1898 452.338 13.0914 8.45162
internal_count=7206 6703 4537 4512 1740 639 139 116 1101 53 2166 1873 63 1810 500 1048 966 460 506 437 483 275 71 204 176 79 208 2772 80 52
is_linear=0
shrinkage=0.08


Tree=41
num_leaves=31
num_cat=0
split_feature=204 34 147 96 78 70 194 25 107 143 75 147 178 188 24 132 216 194 43 132 18 143 41 104 73 7 22 32 178 176
split_gain=72.8011 11.9928 13.5264 7.96666 8.45311 7.84496 10.0938 15.6809 10.6461 9.69492 7.88538 7.91861 13.8755 7.63769 8.23102 13.0662 8.07273 7.47019 10.6714 7.12414 16.7275 11.9548 11.0585 9.12015 7.46934 10.2858 13.7595 10.4626 11.064 10.8381
threshold=1.0000000180025095e-35 2.2400000000000007 545.00000000000011 6.830000000000001 0.13500000000000004 11.500000000000002 104.50000000000001 24.500000000000004 19.500000000000004 345.00000000000006 4098.5000000000009 465.00000000000006 1.8750000000000002 6.8350000000000009 245.00000000000003 17.500000000000004 0.22500000000000003 141.50000000000003 3.3200000000000007 1.5000000000000002 2.1950000000000007 415.00000000000006 0.19500000000000003 5.4400000000000004 405.00000000000006 48.500000000000007 4.7900000000000009 285.00000000000006 1.0900000000000003 385.00000000000006
decision_type=10 2 8 10 10 2 10 2 8 10 10 8 10 10 2 10 8 8 2 8 2 8 2 10 2 2 2 2 10 10
left_child=-1 3 -3 5 -5 6 13 9 17 -8 11 12 -11 14 15 -2 -16 18 -9 20 -7 22 -22 24 -21 27 -27 -26 -29 -30
right_child=1 2 -4 4 -6 19 7 8 -10 10 -12 -13 -14 -15 16 -17 -18 -19 -20 23 21 -23 -24 -25 25 26 -28 28 29 -31
leaf_value=-0.065054971757797148 -0.05493763632738647 -0.019077731700802802 0.14861816518737811 -0.003818905201117169 0.14458076311080467 0.21714905058015452 -0.032032936540271652 0.13888268122569219 0.17645352970783404 0.036392852604811426 -0.016253124999645853 -0.0076459076894344023 0.22891869686973138 -0.050754648283940364 -0.027120534155142418 0.14537533439851827 0.072203190097542169 0.14605572335852351 -0.027970329260158446 0.0037355815495573094 -0.040099482966700871 0.16128763043949973 0.091363917625449279 0.14681031194434255 -0.012898577862334889 -0.0098415530546226582 0.16977677682427395 0.0012908415887031256 0.032542574121963971 0.10104726391864942
leaf_weight=101.9415835365653 3.4314426183700544 138.3347637578845 3.1484054476022711 4.3084274381399137 5.7153663635253906 3.5036411583423641 36.358226045966148 3.2998373061418595 5.0058781504631034 6.2257199287414551 12.885893851518629 5.6648198515176782 3.8944827914237976 37.77317002415657 50.180173560976982 5.3076041340827942 5.8474208265542975 3.5412769615650168 9.5615459233522397 353.74605618417263 12.478116102516656 3.6570316106081 6.0955772250890723 3.1777007579803458 51.055366799235344 4.5956443250179273 6.7217366099357605 58.119442649185658 78.325626857578754 18.21852084249258
leaf_count=991 23 938 19 29 36 22 243 21 32 40 86 38 25 253 340 32 39 22 64 2331 82 23 39 20 335 29 41 384 511 118
internal_value=-0.000840983 0.0061216 -0.015346 0.00992444 0.0807956 0.00902368 -0.00518969 0.0149479 0.0743339 -0.00460283 0.0301819 0.0680885 0.110481 -0.022165 -0.00549096 0.0667212 -0.0167544 0.0431683 0.014839 0.0135026 0.0546816 0.0290761 0.00304462 0.0116563 0.0109039 0.0225874 0.0968392 0.0185026 0.0288683 0.0454699
internal_weight=1042.12 940.179 141.483 798.696 10.0238 788.672 188.977 86.4377 21.4085 65.0291 28.6709 15.785 10.1202 102.54 64.7666 8.73905 56.0276 16.4027 12.8614 599.694 25.7344 22.2307 18.5737 573.96 570.782 217.036 11.3174 205.719 154.664 96.5441
internal_count=7206 6215 957 5258 65 5193 1258 571 139 432 189 103 65 687 434 55 379 107 85 3935 166 144 121 3769 3749 1418 70 1348 1013 629
is_linear=0
shrinkage=0.08


Tree=42
num_leaves=31
num_cat=0
split_feature=33 4 213 199 209 59 220 186 28 77 205 50 186 207 41 71 114 70 205 150 174 50 77 84 99 99 127 204 157 83
split_gain=10.404 8.94701 9.18048 9.78651 18.2008 10.5671 8.21488 9.31922 8.43034 9.9726 12.0184 7.72862 10.8181 11.7367 13.0302 10.0192 10.043 9.97756 9.58634 8.20611 9.96682 8.79315 9.06862 10.362 15.8901 8.17551 7.99336 7.91154 7.80616 7.6552
threshold=38.500000000000007 0.18500000000000003 415.00000000000006 6.5300000000000002 265.00000000000006 5.6400000000000015 0.12500000000000003 3701.5000000000005 445.00000000000006 6.8150000000000004 405.00000000000006 23.500000000000004 3313.5000000000005 2.4050000000000007 0.115 0.80500000000000016 6.8050000000000006 23.500000000000004 255.00000000000003 40.500000000000007 5.4000000000000012 25.500000000000004 6.6950000000000012 1.5000000000000002 20.500000000000004 22.500000000000004 275.00000000000006 0.16500000000000004 65.500000000000014 92.500000000000014
decision_type=2 2 10 10 10 2 8 10 2 10 8 2 10 10 2 2 8 2 10 8 10 2 10 10 10 10 10 10 10 10
left_child=1 6 3 -3 -5 29 7 -1 11 10 -10 -8 13 14 -13 -16 -17 19 -19 20 21 22 -14 27 -25 -21 -22 -24 -23 -6
right_child=-2 2 -4 4 5 -7 8 -9 9 -11 -12 12 17 -15 15 16 -18 18 -20 25 26 28 23 24 -26 -27 -28 -29 -30 -31
leaf_value=0.075131295538160364 -0.060807205056961133 -0.0049113965575100981 0.042965749891867001 -0.044648765405391685 -0.0057833752199448404 -0.048461833544625889 -0.010858651811494931 0.0081432495292120405 -0.036110489070302336 0.10615203573115706 0.10160398538847583 -0.023985857304127362 0.13134881115584504 -0.010853049406913477 0.20183487230887104 0.12581809387177589 -0.02175469219844902 0.14227910027170831 0.022614038854474959 -0.031435532096310718 0.011029581268269553 -0.064727041592104531 0.046102192764579331 0.17364351234056152 0.0101311174835801 0.005646972768230331 0.15793685193432916 -0.061300693667346813 -0.0012754661944094318 0.060551296243007043
leaf_weight=16.665390029549599 18.01295205950737 183.69453008472919 51.446372866630554 19.407288417220116 13.353425309062002 7.7202794998884192 693.6663666665554 65.646872475743294 13.418789148330694 9.3728896975517255 5.8125150799751273 6.1153160333633449 5.4342816025018683 16.194392710924149 5.4454201161861446 8.1258353739976847 4.6348741501569757 5.1428910046815899 25.669020786881447 107.31192307174206 4.6934051066637021 13.353103637695311 7.0557771027088192 5.7602641135454205 11.198348909616469 58.953730329871178 4.7891873568296432 11.615541145205496 175.48459357023239 66.992892697453499
leaf_count=70 96 803 223 85 59 34 3059 280 59 41 25 27 24 71 23 35 20 22 113 473 20 60 31 25 49 255 20 52 765 287
internal_value=-0.000342509 0.000328076 0.0118117 0.00630711 0.0254818 0.0409365 -0.00274198 0.021706 -0.00442 0.0384897 0.00551266 -0.00546848 0.00237041 0.0419141 0.0770489 0.110986 0.0722175 -0.00130034 0.0425876 -0.00463394 0.00484885 0.00153363 0.0350845 0.0204022 0.0656707 -0.018287 0.0852252 -0.0207138 -0.00576226 0.0495266
internal_weight=1642.19 1624.18 342.615 291.168 107.474 88.0666 1281.56 82.3123 1199.25 28.6042 19.2313 1170.64 476.978 40.5158 24.3214 18.2061 12.7607 436.462 30.8119 405.65 239.385 229.902 41.0642 35.6299 16.9586 166.266 9.48259 18.6713 188.838 80.3463
internal_count=7206 7110 1491 1268 465 380 5619 350 5269 125 84 5144 2085 176 105 78 55 1909 135 1774 1046 1006 181 157 74 728 40 83 825 346
is_linear=0
shrinkage=0.08


Tree=43
num_leaves=31
num_cat=0
split_feature=151 33 217 101 96 38 128 132 115 33 173 147 173 96 131 128 38 76 105 205 38 141 135 38 154 18 62 22 194 78
split_gain=8.93651 17.2269 13.4453 10.0864 10.8621 9.28403 10.3743 11.9145 10.6679 12.409 11.7529 8.86284 8.79041 14.9619 20.0491 10.2494 8.88614 10.8412 11.0308 10.772 13.8972 9.39303 11.7218 9.23066 8.37541 9.58872 9.15312 8.36692 11.6074 8.36487
threshold=6.6350000000000007 12.500000000000002 395.00000000000006 0.15500000000000003 2.7400000000000007 4214.5000000000009 19.500000000000004 10.500000000000002 0.12500000000000003 3.5000000000000004 31.500000000000004 225.00000000000003 16.500000000000004 5.8200000000000012 315.00000000000006 16.500000000000004 4279.5000000000009 51.500000000000007 0.15500000000000003 245.00000000000003 4507.0000000000009 2.5300000000000007 295.00000000000006 4734.5000000000009 1.8050000000000004 4.3050000000000006 23.500000000000004 0.69000000000000006 71.500000000000014 0.34500000000000003
decision_type=10 2 8 10 8 2 10 10 10 2 8 10 10 10 10 10 2 8 10 10 2 8 8 2 10 2 2 2 8 10
left_child=1 -1 3 -3 -5 6 29 -8 9 -9 -10 -11 13 27 -15 -14 21 18 -18 20 -20 22 -17 -22 25 -13 -26 28 -7 -2
right_child=5 2 -4 4 -6 12 7 8 10 11 -12 24 15 14 -16 16 17 -19 19 -21 23 -23 -24 -25 26 -27 -28 -29 -30 -31
leaf_value=-0.050357710159142005 -0.020195264804436893 0.14597137228158727 0.20802112005867604 0.10094449982045921 -0.046244741524089007 0.18786733006388182 0.16385343881189926 0.20390855342332206 -0.011255521706065291 0.16821938291443109 0.14076079173738876 0.00076322009178755249 -0.030785728036529906 -0.027342944099732817 0.22830347272519227 0.24649520915413303 -0.027336539774925367 -0.043995769684996633 -0.010625713152251406 0.019724025015069608 0.27263558999338422 -0.033595052258012313 0.053206664403979656 0.07369537852286949 0.029004923326735679 0.15209828025538263 -0.049212350727913787 0.011459048183567095 -0.00022611220044831189 0.083990153950373236
leaf_weight=9.3805529847741145 302.22138967365026 5.0081589147448602 4.1866671591997138 5.3607916533946964 7.9933630004525194 4.1933325454592678 2.9473582804203025 2.5619309097528449 163.85980577021837 2.5882985368371001 3.3209075182676306 5.1533661112189275 60.568853355944157 3.2497140690684301 4.959901362657547 2.9735475778579668 26.211661048233509 25.22074318677187 3.6909588575363141 48.549083530902863 3.435326524078846 3.8035577088594446 6.1839263290166864 2.6396282613277435 25.905789710581303 5.5819283351302147 15.189257726073263 139.05450544506311 4.2057177424430856 5.0138477087020865
leaf_count=75 2438 36 29 38 63 28 19 19 1327 17 26 39 493 25 35 23 209 204 30 391 26 31 49 20 206 41 124 1071 33 41
internal_value=-0.000821781 0.0407482 0.078649 0.0491517 0.0128418 -0.00234169 -0.00891118 0.00405398 0.00195287 0.0318465 -0.00823584 0.0237462 0.0080152 0.0219948 0.127108 -0.0038581 0.00943336 0.00203506 0.0157696 0.0351451 0.111807 0.0720784 0.11597 0.186194 0.0165315 0.0794515 9.48135e-05 0.0161425 0.0936819 -0.018495
internal_weight=905.214 31.9295 22.549 18.3623 13.3542 873.284 534.344 227.109 224.161 56.9806 167.181 54.4186 338.94 155.663 8.20962 183.277 122.708 109.747 84.5267 58.315 9.76591 12.961 9.15747 6.07495 51.8303 10.7353 41.095 147.454 8.39905 307.235
internal_count=7206 241 166 137 101 6965 4297 1818 1799 446 1353 427 2668 1192 60 1476 983 880 676 467 76 103 72 46 410 80 330 1132 61 2479
is_linear=0
shrinkage=0.08


Tree=44
num_leaves=31
num_cat=0
split_feature=95 181 91 78 25 179 171 136 200 7 59 51 201 44 108 38 200 55 113 146 53 126 213 136 86 70 125 55 22 20
split_gain=10.1417 10.8595 9.9132 12.5739 11.3352 12.2877 11.5936 12.9015 11.2469 10.5935 13.3229 10.5715 10.091 9.91798 9.82054 9.77453 9.5395 9.29725 11.0334 11.6938 9.59778 10.8522 9.54475 9.70948 10.1179 9.32071 9.0991 8.80662 8.71789 8.21397
threshold=3.5000000000000004 33.500000000000007 16.500000000000004 0.20500000000000004 12.500000000000002 0.095000000000000015 0.21500000000000002 19.500000000000004 0.24500000000000002 60.500000000000007 4.0750000000000011 8.5150000000000023 425.00000000000006 14.500000000000002 1.1900000000000002 4055.5000000000005 0.18500000000000003 4.7700000000000005 57.500000000000007 0.17500000000000002 295.00000000000006 0.20500000000000004 335.00000000000006 17.500000000000004 0.18500000000000003 17.500000000000004 4.1900000000000004 2.2300000000000009 3.1400000000000001 275.00000000000006
decision_type=10 10 10 10 2 8 10 8 10 2 2 2 10 2 10 2 10 2 8 10 2 8 10 10 10 2 10 2 2 2
left_child=1 -1 3 8 6 16 7 -4 17 11 -11 -7 -5 -14 29 -13 28 18 20 -20 21 22 23 24 -2 -25 27 -22 -6 -9
right_child=2 -3 4 12 5 9 -8 14 -10 10 -12 15 13 -15 -16 -17 -18 -19 19 -21 26 -23 -24 25 -26 -27 -28 -29 -30 -31
leaf_value=-0.06196078026146723 -0.045477501228551737 0.091700177252313497 0.063760700507907414 -0.020214238875256176 0.17207821176574001 -0.014390212972344937 -0.061251761085951532 -0.0499708622787811 0.12260109041119567 0.18993133886713115 -0.029888762598257294 0.029282301025694082 0.16519549079017132 -0.0089494224756442222 -0.06007447399820677 -0.01104361037415174 -0.034942636973197667 -0.0023916951701999155 0.17643348404968071 0.042278158701758918 0.14046345105870445 0.14762517923727192 -0.0001731737079523384 0.048206569355612391 0.11284334533417602 0.17455343424899597 -0.010695044411801592 0.017561329940326428 0.041576897517609894 0.069585972258514789
leaf_weight=27.106369741261009 6.9942448884248751 3.3020710349082938 42.79271973669529 83.277313284575939 5.3197289556264904 541.56507723778486 8.866985082626341 5.2654051929712358 7.0623618066310874 3.8447226285934439 3.2614948302507401 77.906421050429344 3.8983457088470441 4.5197702199220657 12.17129212617874 75.99221470952034 5.2487103193998328 77.494068384170532 6.4797794669866589 11.607024297118185 5.3757781535387066 6.290264204144477 24.066722974181175 7.425024285912512 4.0964968502521515 7.5228297263383865 56.94065897166729 12.198526278138159 8.528170704841612 12.197323620319365
leaf_count=202 43 23 246 516 29 3391 56 32 42 23 21 487 23 28 75 477 31 479 36 68 30 37 148 44 23 45 355 73 51 72
internal_value=0.00031582 -0.0452746 0.00154461 0.0133272 -0.00322808 -0.00641827 0.0250922 0.035663 0.0231831 -0.00813931 0.0890419 -0.0091323 -0.0117765 0.0716954 -0.00491119 0.00937013 0.0568991 0.0200831 0.0317724 0.0903407 0.0236805 0.0485798 0.0361456 0.0697139 0.0130002 0.111793 0.0048358 0.0551557 0.0917095 0.0335369
internal_weight=1158.62 30.4084 1128.21 325.249 802.96 721.667 81.2937 72.4267 233.554 702.57 7.10622 695.464 91.6954 8.41812 29.634 153.899 19.0966 226.491 148.997 18.0868 130.911 56.3956 50.1053 26.0386 11.0907 14.9479 74.515 17.5743 13.8479 17.4627
internal_count=7206 225 6981 1990 4991 4510 481 425 1423 4399 44 4355 567 51 179 964 111 1381 902 104 798 340 303 155 66 89 458 103 80 104
is_linear=0
shrinkage=0.08


Tree=45
num_leaves=31
num_cat=0
split_feature=127 170 77 216 169 150 149 99 129 183 127 146 150 98 151 130 98 64 41 81 101 98 15 115 88 183 208 81 103 103
split_gain=13.355 10.602 11.8037 9.58821 7.06012 12.8578 10.5318 8.38442 11.032 8.50069 7.80477 14.3753 12.5745 16.5205 10.9543 11.3937 10.7227 10.2912 7.9753 7.53921 10.5933 7.35659 8.91766 9.89487 7.08589 6.93905 10.239 11.3631 9.0477 11.0005
threshold=145.00000000000003 1.2250000000000003 6.9150000000000009 0.25500000000000006 18.500000000000004 22.500000000000004 3348.0000000000005 19.500000000000004 3.4900000000000007 0.19500000000000003 305.00000000000006 0.15500000000000003 52.500000000000007 335.00000000000006 6.7350000000000012 0.18500000000000003 265.00000000000006 0.15500000000000003 0.13500000000000004 30.500000000000004 0.15500000000000003 225.00000000000003 0.14500000000000005 0.15500000000000003 7.4050000000000011 0.16500000000000004 1.0000000180025095e-35 21.500000000000004 23.500000000000004 17.500000000000004
decision_type=10 10 10 8 10 10 8 10 10 10 10 10 8 10 10 10 10 2 2 10 10 10 2 10 10 10 10 10 10 10
left_child=-1 2 3 4 6 -6 -2 8 -7 -9 11 -8 13 14 -13 16 -16 -15 -18 20 21 -12 -23 -24 -20 -3 27 -27 29 -29
right_child=1 25 -4 -5 5 7 10 9 -10 -11 19 12 -14 17 15 -17 18 -19 24 -21 -22 22 23 -25 -26 26 -28 28 -30 -31
leaf_value=-0.044103212724102787 -0.048763578108639703 0.010415218978101911 -0.047173053428101346 0.14138494384312403 -0.010574110458663201 0.058162659259243396 -0.021731513137687612 -0.058342508016793859 0.21319300910477837 0.093223832392131722 0.17597013669204525 0.014871087510229355 -0.0033144738887996806 0.11027040763412908 0.22628505536538554 0.27220204930043312 0.16556705630662816 -0.024282598723418737 0.097941910798217929 -0.051416319801031597 -0.0018661843966031671 -0.059958706425072804 -0.01547947586792839 0.15549421751692724 -0.056657575444117994 -0.003791890571639272 -0.0096878273375602952 0.098765245199502888 0.11880691214807844 -0.0073803687438838729
leaf_weight=40.198163524270058 15.583582505583761 239.97354739159346 16.594417929649353 4.2787770405411711 12.685117051005362 5.8023701235651988 18.859688892960548 3.7457858026027662 5.9500565528869629 6.4397647380828857 3.3883942067623165 4.9208923578262356 15.289028510451315 5.3852736502885845 4.3966745138168397 3.830431640148162 4.4785545617341977 11.212348714470862 4.4106940180063248 13.37407538294792 59.462382718920708 3.7681265324354163 3.6279153376817685 5.3774305731058121 3.3298223465681076 56.292519941926003 550.06382802128792 9.5814128965139407 9.8707885444164258 17.964542254805565
leaf_count=317 97 1494 97 24 78 36 111 23 33 39 18 28 88 30 24 21 24 66 24 78 349 22 21 30 20 338 3474 50 53 99
internal_value=0.00120226 0.00282842 0.0178847 0.022801 0.0204445 0.0535382 0.0141034 0.0906097 0.136652 0.0374846 0.0200369 0.0388448 0.058799 0.0814289 0.122031 0.147822 0.119148 0.0193745 0.080598 0.00395189 0.0137437 0.0711753 0.0433765 0.0866153 0.0314362 -0.00119554 -0.00552358 0.0189201 0.0530897 0.0295407
internal_weight=1160.14 1119.94 236.192 219.597 215.318 34.6231 180.695 21.938 11.7524 10.1856 165.112 76.1134 57.2537 41.9647 25.3671 20.4462 16.6157 16.5976 12.2191 88.9983 75.6242 16.1619 12.7735 9.00535 7.74052 883.747 643.773 93.7093 37.4167 27.546
internal_count=7206 6889 1381 1284 1260 209 1051 131 69 62 954 436 325 237 141 113 92 96 68 518 440 91 73 51 44 5508 4014 540 202 149
is_linear=0
shrinkage=0.08


Tree=46
num_leaves=31
num_cat=0
split_feature=172 172 67 3 20 107 78 63 8 95 141 69 146 115 54 178 73 169 75 80 64 30 175 86 218 57 139 78 112 91
split_gain=27.4772 8.16551 13.1056 11.6156 11.551 11.0827 11.0383 11.0982 9.35335 9.37743 17.2208 14.0205 9.11227 9.02359 13.0356 13.5888 9.65469 8.78198 8.76101 8.6853 8.23445 12.2231 9.22747 7.58365 7.41035 7.3004 10.6294 13.4548 9.69626 20.119
threshold=115.00000000000001 355.00000000000006 4.3900000000000015 6.9350000000000014 305.00000000000006 13.500000000000002 0.21500000000000002 1.8900000000000001 31.500000000000004 20.500000000000004 1.2950000000000002 315.00000000000006 0.18500000000000003 0.21500000000000002 18.500000000000004 1.0600000000000003 375.00000000000006 16.500000000000004 3670.5000000000005 1.0000000180025095e-35 0.16500000000000004 1.7250000000000003 0.19500000000000003 0.16500000000000004 26.500000000000004 375.00000000000006 355.00000000000006 0.10500000000000002 4772.5000000000009 21.500000000000004
decision_type=10 10 2 2 2 8 10 2 2 10 10 2 10 8 2 10 2 10 10 8 2 2 10 10 10 2 10 10 10 8
left_child=-1 19 3 6 -4 -6 12 23 9 10 11 -9 -3 17 15 -15 -17 -14 -12 -2 21 -11 -22 -8 -25 26 27 -21 -27 -30
right_child=1 2 4 -5 5 -7 7 8 -10 20 18 -13 13 14 -16 16 -18 -19 -20 25 22 -23 -24 24 -26 28 -28 -29 29 -31
leaf_value=-0.053897309580428293 0.082947727570536922 0.02025999735385017 0.17295846688246436 -0.066976941116188723 0.12483337488518097 -0.06164343005513203 0.069312687746738752 0.20360308206463182 -0.022601387288065277 0.17457393181868774 0.092755868314659776 0.035677262690183058 -0.047590528029380512 0.16369667177287434 -0.02034699776855927 0.11528521018486589 -0.051731828640534286 -0.00013271579533427665 -0.048221383457623973 -0.032026990770203281 0.084750104019004721 0.0025941718531537574 0.23404693578697022 -0.054925753988820478 0.071914012479097289 0.0041089178656941675 -0.023252952053842951 0.0080776206475639076 0.0075748346552417982 0.16852859572612619
leaf_weight=56.895240597426891 7.6757276952266684 120.38842695206404 5.9706196784973136 12.163914263248442 3.8726354092359516 4.3097238093614587 6.3781153261661556 5.5711169391870516 8.2532455623149854 4.0375700443983096 3.6509442329406765 7.4203089773654938 46.595210649073124 6.8146060705184963 18.646538957953453 3.6816029697656614 5.5610458254814148 53.732325479388237 12.413811787962912 65.83335292339325 5.3091803938150388 7.667808324098587 5.2887977510690689 15.784365609288217 3.6248335391283026 180.52489472925663 181.21083102375269 286.68107768148184 15.392274498939516 7.340703770518302
leaf_count=483 40 714 34 74 22 26 37 30 49 22 20 41 282 38 111 22 33 321 74 412 31 45 28 95 20 1099 1123 1747 92 41
internal_value=0.000327839 0.00310277 0.0128669 0.00984033 0.0883515 0.0266143 0.012582 0.0374807 0.0564486 0.0691516 0.0392023 0.107689 0.00425702 -0.0100106 0.0251523 0.0779884 0.0147957 -0.0221736 -0.0161823 -0.00171121 0.108169 0.0619156 0.159255 -0.00636776 -0.0312373 -0.00259294 -0.00750654 0.000587939 0.0103094 0.0595484
internal_weight=1168.69 1111.8 367.137 352.984 14.153 8.18236 340.82 85.4001 59.6128 51.3595 29.0562 12.9914 255.42 135.031 34.7038 16.0573 9.24265 100.328 16.0648 744.659 22.3034 11.7054 10.598 25.7873 19.4092 736.983 533.725 352.514 203.258 22.733
internal_count=7206 6723 2169 2087 82 48 2013 492 340 291 165 71 1521 807 204 93 55 603 94 4554 126 67 59 152 115 4514 3282 2159 1232 133
is_linear=0
shrinkage=0.08


Tree=47
num_leaves=31
num_cat=0
split_feature=204 108 13 176 108 66 56 89 170 156 142 2 24 28 163 31 190 51 186 152 186 119 112 55 108 76 143 81 2 190
split_gain=66.3607 7.45762 14.7713 16.4066 10.309 7.47458 11.0921 8.10023 7.12022 6.27189 6.28698 6.09811 10.4312 8.18105 8.79753 9.94959 8.07583 6.41256 6.71019 6.52311 6.45991 8.3421 6.41229 6.2205 6.09268 9.14122 9.32635 13.6688 13.7889 15.7547
threshold=1.0000000180025095e-35 2.9300000000000002 18.500000000000004 385.00000000000006 3.6600000000000006 5.5000000000000009 1.0000000180025095e-35 0.18500000000000003 4.3050000000000006 41.500000000000007 0.25500000000000006 33.500000000000007 215.00000000000003 375.00000000000006 0.18500000000000003 0.13500000000000004 5.1750000000000007 6.330000000000001 3362.5000000000005 0.32500000000000007 4010.5000000000005 9.5000000000000018 4009.5000000000005 3.8000000000000003 0.58500000000000008 38.500000000000007 425.00000000000006 24.500000000000004 22.500000000000004 4.0150000000000006
decision_type=10 10 2 10 8 2 2 10 10 8 10 2 2 2 10 2 8 2 10 8 10 10 10 2 10 10 10 10 2 8
left_child=-1 5 3 4 -3 -2 -7 9 11 10 24 17 -13 14 15 -14 23 18 -9 -19 -20 -22 -23 -15 25 26 -8 28 -28 -30
right_child=1 2 -4 -5 -6 6 7 8 -10 -11 -12 12 13 16 -16 -17 -18 19 20 -21 21 22 -24 -25 -26 -27 27 -29 29 -31
leaf_value=-0.064077256152771989 -0.0361892248520208 0.13578222061645923 0.0086384488373491969 0.26825819602931572 -0.038075785438044213 0.11213556319410076 0.0030058384199116734 0.11873885426102038 -0.046232637472721008 0.12005425312018903 0.10366646012862482 0.1375002809800577 0.12026566728825655 0.036960574260088044 -0.055562269107072293 -0.0022693200298652279 -0.053359353753315131 -0.048166339265520497 -0.053906094671324595 0.070756461779278912 -0.079481837738181793 0.010939644766925908 0.1423412385318894 0.15646447784045314 0.013138125984568512 -0.020209486857446973 0.21098511388433638 -0.059464489426173779 0.17500009436463898 -0.04665343955547397
leaf_weight=96.269799217581749 28.524759098887444 4.8211245834827396 30.166094489395618 3.2128309458494178 3.9885752946138391 6.1901016533374777 124.23763000965118 3.236218690872195 29.919502139091492 3.2139338180422774 4.37198182940483 4.0263832956552497 4.8123271614313117 6.1746898442506755 17.522086277604103 35.719934098422527 3.1859489381313333 40.113449461758137 9.6480667144060153 3.1864023208618155 3.1811194568872443 5.2890975475311262 4.3165499940514565 5.0820420682430267 435.07337977737188 107.01365815848112 4.9384202659130123 4.2830501049756995 3.4456056952476475 5.0752670764923105
leaf_count=991 193 30 197 20 27 36 814 21 200 21 28 24 31 39 117 238 21 272 63 20 20 33 27 32 2868 709 30 29 21 34
internal_value=-0.000805098 0.00564765 0.0385225 0.113505 0.0570683 0.00410964 0.00542599 0.00466418 -0.0106899 0.00855822 0.00803771 -0.00338091 0.012168 0.00520725 -0.00819696 0.0122791 0.0590873 -0.0206325 0.0110482 -0.0394149 -0.00448619 0.0328029 0.0699884 0.0909126 0.00742653 -0.0025535 0.0107542 0.0650109 0.104622 0.0429771
internal_weight=1040.24 943.97 42.1886 12.0225 8.8097 901.782 873.257 867.067 175.414 691.653 688.439 145.494 76.5234 72.497 58.0543 40.5323 14.4427 68.9709 25.6711 43.2999 22.4348 12.7868 9.60565 11.2567 684.067 248.994 141.98 17.7423 13.4593 8.52087
internal_count=7206 6215 274 77 57 5941 5748 5712 1158 4554 4533 958 502 478 386 269 92 456 164 292 143 80 60 71 4505 1637 928 114 85 55
is_linear=0
shrinkage=0.08


end of trees

feature_importances:
艇1_3コース複勝率=26
艇6_登番=22
艇2_3コース複勝率=20
艇2_1コース複勝率=15
艇3_5コース複勝率=15
艇5_出走回数=15
艇1_登番=14
艇1_2コース複勝率=14
艇1_6コース進入回数=14
艇4_2コース進入回数=14
艇4_3コース複勝率=14
艇6_出走回数=14
艇1_スタート=13
艇1_6コース複勝率=13
艇2_登番=13
艇3_1コースST順位=13
艇3_2コース複勝率=13
艇3_4コース複勝率=13
艇4_スタート=13
艇1_5コース複勝率=12
艇2_2コース複勝率=12
艇2_5コースST順位=12
艇3_スタート=12
艇3_勝率=12
艇3_5コース進入回数=12
艇6_モーター=12
艇6_勝率=12
艇2_モーター=11
艇3_3コースST順位=11
艇5_3コース複勝率=11
艇6_3コース複勝率=11
艇1_出走回数=10
艇2_6コース複勝率=10
艇3_複勝率=10
艇4_1コースST順位=10
艇4_6コースST順位=10
艇5_登番=10
艇5_複勝率=10
艇5_6コース進入回数=10
艇5_6コース複勝率=10
艇6_展示=10
艇6_スタート=10
艇1_1着回数=9
艇1_4コース進入回数=9
艇1_4コースST順位=9
艇2_スタート=9
艇2_複勝率=9
艇3_登番=9
艇3_展示=9
艇3_1コース複勝率=9
艇3_6コース複勝率=9
艇4_展示=9
艇4_4コースST順位=9
艇4_5コース進入回数=9
艇5_2コース複勝率=9
艇5_4コース複勝率=9
艇5_4コースST順位=9
艇6_3コースST=9
艇6_4コース進入回数=9
艇6_6コースST=9
艇1_複勝率=8
艇1_2コースST順位=8
艇1_4コース複勝率=8
艇1_5コース進入回数=8
艇1_5コースST順位=8
艇2_勝率=8
艇3_1着回数=8
艇3_3コース進入回数=8
艇3_3コース複勝率=8
艇4_登番=8
艇4_複勝率=8
艇4_出走回数=8
艇4_2コース複勝率=8
艇4_3コースST=8
艇5_1コースST=8
艇5_4コースST=8
艇6_6コースST順位=8
艇1_2着回数=7
艇1_1コース進入回数=7
艇1_3コース進入回数=7
艇2_1着回数=7
艇2_4コース進入回数=7
艇2_4コース複勝率=7
艇2_6コース進入回数=7
艇2_6コースST順位=7
艇4_1コース複勝率=7
艇4_2コースST順位=7
艇4_3コース進入回数=7
艇5_モーター=7
艇5_スタート=7
艇5_勝率=7
艇5_1着回数=7
艇5_1コースST順位=7
艇5_5コース進入回数=7
艇5_5コース複勝率=7
艇6_1コースST=7
艇6_2コースST=7
艇6_3コースST順位=7
艇6_4コースST順位=7
艇6_5コース進入回数=7
艇6_5コースST=7
艇6_5コースST順位=7
艇1_モーター=6
艇2_4コースST=6
艇2_5コース進入回数=6
艇2_5コース複勝率=6
艇3_モーター=6
艇3_出走回数=6
艇3_2コース進入回数=6
艇3_4コースST順位=6
艇3_5コースST順位=6
艇3_6コースST=6
艇3_6コースST順位=6
艇4_モーター=6
艇4_2着回数=6
艇4_3コースST順位=6
艇5_展示=6
艇5_1コース複勝率=6
艇5_4コース進入回数=6
艇5_6コースST=6
艇5_6コースST順位=6
艇6_1コース複勝率=6
艇6_2コースST順位=6
艇6_6コース複勝率=6
艇1_2コース進入回数=5
艇1_3コースST順位=5
艇1_6コースST順位=5
艇2_2コースST=5
艇2_3コースST順位=5
艇3_2着回数=5
艇3_平均ST=5
艇3_4コース進入回数=5
艇3_4コースST=5
艇3_5コースST=5
艇4_勝率=5
艇4_4コースST=5
艇4_5コース複勝率=5
艇4_5コースST順位=5
艇5_2コース進入回数=5
艇5_3コースST=5
艇5_3コースST順位=5
艇6_1着回数=5
艇6_1コースST順位=5
艇6_2コース進入回数=5
艇6_4コース複勝率=5
艇6_5コース複勝率=5
艇6_6コース進入回数=5
艇1_展示=4
艇1_1コース複勝率=4
艇1_2コースST=4
艇2_2着回数=4
艇2_出走回数=4
艇2_1コース進入回数=4
艇2_3コースST=4
艇2_4コースST順位=4
艇2_6コースST=4
艇3_優出回数=4
艇3_1コースST=4
艇3_6コース進入回数=4
艇4_平均ST=4
艇4_4コース進入回数=4
艇4_4コース複勝率=4
艇4_5コースST=4
艇4_6コースST=4
艇5_3コース進入回数=4
艇5_5コースST=4
艇6_複勝率=4
艇6_1コース進入回数=4
艇6_2コース複勝率=4
艇6_3コース進入回数=4
艇1_平均ST=3
艇1_3コースST=3
艇1_4コースST=3
艇2_展示=3
艇2_優出回数=3
艇2_1コースST順位=3
艇2_2コース進入回数=3
艇2_5コースST=3
艇3_2コースST=3
艇3_2コースST順位=3
艇3_3コースST=3
艇4_1着回数=3
艇4_1コース進入回数=3
艇4_6コース進入回数=3
艇5_2着回数=3
艇5_2コースST=3
艇5_2コースST順位=3
艇6_平均ST=3
艇6_4コースST=3
艇1_勝率=2
艇1_1コースST順位=2
艇1_6コースST=2
艇2_1コースST=2
艇2_3コース進入回数=2
艇4_1コースST=2
艇4_2コースST=2
艇4_6コース複勝率=2
艇5_平均ST=2
艇5_5コースST順位=2
艇6_2着回数=2
艇6_優出回数=2
艇1_1コースST=1
艇1_5コースST=1
艇2_優勝回数=1
艇2_2コースST順位=1
艇3_1コース進入回数=1
艇5_優出回数=1
艇5_優勝回数=1
艇5_1コース進入回数=1
艇6_優勝回数=1

parameters:
[boosting: gbdt]
[objective: multiclass]
[metric: multi_logloss]
[tree_learner: serial]
[device_type: cpu]
[data_sample_strategy: bagging]
[data: ]
[valid: ]
[num_iterations: 1000]
[learning_rate: 0.08]
[num_leaves: 31]
[num_threads: 0]
[seed: 42]
[deterministic: 0]
[force_col_wise: 0]
[force_row_wise: 0]
[histogram_pool_size: -1]
[max_depth: -1]
[min_data_in_leaf: 20]
[min_sum_hessian_in_leaf: 0.001]
[bagging_fraction: 0.8]
[pos_bagging_fraction: 1]
[neg_bagging_fraction: 1]
[bagging_freq: 5]
[bagging_seed: 400]
[bagging_by_query: 0]
[feature_fraction: 0.4]
[feature_fraction_bynode: 1]
[feature_fraction_seed: 30056]
[extra_trees: 0]
[extra_seed: 12879]
[early_stopping_round: 0]
[early_stopping_min_delta: 0]
[first_metric_only: 0]
[max_delta_step: 0]
[lambda_l1: 0]
[lambda_l2: 0]
[linear_lambda: 0]
[min_gain_to_split: 0]
[drop_rate: 0.1]
[max_drop: 50]
[skip_drop: 0.5]
[xgboost_dart_mode: 0]
[uniform_drop: 0]
[drop_seed: 17869]
[top_rate: 0.2]
[other_rate: 0.1]
[min_data_per_group: 100]
[max_cat_threshold: 32]
[cat_l2: 10]
[cat_smooth: 10]
[max_cat_to_onehot: 4]
[top_k: 20]
[monotone_constraints: ]
[monotone_constraints_method: basic]
[monotone_penalty: 0]
[feature_contri: ]
[forcedsplits_filename: ]
[refit_decay_rate: 0.9]
[cegb_tradeoff: 1]
[cegb_penalty_split: 0]
[cegb_penalty_feature_lazy: ]
[cegb_penalty_feature_coupled: ]
[path_smooth: 0]
[interaction_constraints: ]
[verbosity: -1]
[saved_feature_importance_type: 0]
[use_quantized_grad: 0]
[num_grad_quant_bins: 4]
[quant_train_renew_leaf: 0]
[stochastic_rounding: 1]
[linear_tree: 0]
[max_bin: 255]
[max_bin_by_feature: ]
[min_data_in_bin: 3]
[bin_construct_sample_cnt: 200000]
[data_random_seed: 175]
[is_enable_sparse: 1]
[enable_bundle: 1]
[use_missing: 1]
[zero_as_missing: 0]
[feature_pre_filter: 1]
[pre_partition: 0]
[two_round: 0]
[header: 0]
[label_column: ]
[weight_column: ]
[group_column: ]
[ignore_column: ]
[categorical_feature: ]
[forcedbins_filename: ]
[precise_float_parser: 0]
[parser_config_file: ]
[objective_seed: 16083]
[num_class: 6]
[is_unbalance: 0]
[scale_pos_weight: 1]
[sigmoid: 1]
[boost_from_average: 1]
[reg_sqrt: 0]
[alpha: 0.9]
[fair_c: 1]
[poisson_max_delta_step: 0.7]
[tweedie_variance_power: 1.5]
[lambdarank_truncation_level: 30]
[lambdarank_norm: 1]
[label_gain: ]
[lambdarank_position_bias_regularization: 0]
[eval_at: ]
[multi_error_top_k: 1]
[auc_mu_weights: ]
[num_machines: 1]
[local_listen_port: 12400]
[time_out: 120]
[machine_list_filename: ]
[machines: ]
[gpu_platform_id: -1]
[gpu_device_id: -1]
[gpu_use_dp: 0]
[num_gpu: 1]

end of parameters

pandas_categorical:[]
