開催日,日目,レース,3連単,3連単オッズ,予測オッズ,予測誤差
2023-04-16,3,1,1-2-6,46.2,35.30951741658541,-10.890482583414595
2023-04-16,3,4,1-3-4,8.3,12.955233485317228,4.655233485317227
2023-04-16,3,5,1-3-6,16.5,27.73092406284091,11.23092406284091
2023-04-16,3,6,1-4-3,12.0,11.032701506745923,-0.9672984932540771
2023-04-16,3,7,1-2-6,13.2,20.9302225611932,7.730222561193202
2023-04-16,3,10,1-2-5,6.3,9.69386142202495,3.3938614220249503
2023-04-16,3,11,1-2-5,14.0,15.197670708019718,1.197670708019718
2023-04-17,4,1,1-4-3,26.2,15.151015543177762,-11.048984456822238
2023-04-17,4,2,1-3-2,25.7,29.74079878503341,4.0407987850334095
2023-04-17,4,7,1-2-5,9.6,14.212855938638834,4.612855938638834
2023-04-17,4,8,1-4-2,6.6,5.517371643181264,-1.082628356818736
2023-04-17,4,9,1-4-3,60.2,67.42915148101571,7.229151481015705
2023-04-17,4,12,1-4-5,15.4,25.748486333135904,10.348486333135904
2023-04-20,1,4,1-2-6,36.4,22.005329613787243,-14.394670386212756
2023-04-20,1,10,1-5-2,34.8,25.250095599933342,-9.549904400066655
2023-04-20,1,11,1-2-4,8.8,15.193813616782888,6.393813616782888
2023-04-20,1,12,1-3-2,7.4,13.11109297175636,5.71109297175636
2023-04-21,2,1,1-2-5,24.4,17.283325292929252,-7.116674707070747
2023-04-21,2,3,1-2-3,12.3,19.89161227087323,7.591612270873231
2023-04-21,2,6,1-4-3,11.6,13.629808075410606,2.0298080754106067
2023-04-21,2,7,1-5-3,9.9,16.14114483392211,6.2411448339221085
2023-04-21,2,8,1-2-4,5.1,5.144802776640694,0.04480277664069465
2023-04-21,2,9,1-2-5,6.9,9.117171068862449,2.2171710688624486
2023-04-21,2,10,1-6-4,47.2,29.07129847211633,-18.128701527883674
2023-04-21,2,12,1-2-3,16.9,8.642166667457117,-8.257833332542882
2023-04-22,3,1,1-6-3,33.9,45.11280416044587,11.21280416044587
2023-04-22,3,4,1-6-2,163.4,58.67411347894647,-104.72588652105354
2023-04-22,3,8,1-2-4,8.4,12.333842213240818,3.9338422132408173
2023-04-22,3,9,1-6-4,56.0,28.49001384133242,-27.50998615866758
2023-04-22,3,10,1-5-2,10.3,15.402433209917621,5.102433209917621
2023-04-22,3,12,1-4-5,25.1,18.511543127362703,-6.588456872637298
2023-04-23,4,1,1-5-2,54.2,35.71114705227133,-18.488852947728674
2023-04-23,4,4,1-3-5,32.9,37.567183866051245,4.667183866051246
2023-04-23,4,5,1-3-6,11.0,23.428808079089627,12.428808079089627
2023-04-23,4,6,1-3-2,19.2,12.032264344149658,-7.167735655850342
2023-04-23,4,8,1-2-4,4.1,5.606879771770664,1.5068797717706648
2023-04-23,4,9,1-4-5,30.8,42.5773573878861,11.777357387886102
2023-04-23,4,12,1-4-3,11.2,10.973300320861648,-0.22669967913835087
2023-04-24,5,1,1-6-4,43.0,38.255254866741616,-4.744745133258384
2023-04-24,5,6,1-4-3,4.9,8.076221092013153,3.1762210920131526
2023-04-24,5,8,1-3-4,9.3,7.0552293966749895,-2.244770603325011
2023-04-24,5,9,1-2-3,4.7,6.183835775322112,1.4838357753221114
2023-04-24,5,10,1-3-2,6.5,10.977643935862414,4.477643935862414
2023-04-24,5,11,1-4-2,16.8,25.985812626627514,9.185812626627513
2023-04-24,5,12,1-4-2,15.2,26.882160817754247,11.682160817754248
2023-04-25,6,4,1-2-3,9.8,11.02302458343914,1.2230245834391393
2023-04-25,6,5,1-3-2,11.1,12.65456911919492,1.5545691191949196
2023-04-25,6,6,1-3-4,6.5,13.569977811806114,7.069977811806114
2023-04-25,6,7,1-2-6,9.6,16.929919578010796,7.329919578010797
2023-04-25,6,8,1-4-5,8.1,17.542013004407423,9.442013004407423
2023-04-25,6,9,1-4-2,12.9,14.137320529957405,1.2373205299574046
2023-04-25,6,10,1-2-3,6.6,6.1760705738997705,-0.4239294261002291
2023-04-25,6,11,1-2-3,5.5,7.503551420723625,2.0035514207236247
2023-04-26,7,1,1-3-2,13.2,22.78854502054914,9.588545020549141
2023-04-26,7,2,1-3-2,16.9,21.395025348974254,4.495025348974256
2023-04-26,7,3,1-6-5,234.8,97.43666187935892,-137.3633381206411
2023-04-26,7,4,1-3-5,19.5,17.933657094198903,-1.566342905801097
2023-04-26,7,5,1-2-3,3.5,7.63936267527747,4.13936267527747
2023-04-26,7,6,1-2-3,18.9,12.788987657822016,-6.1110123421779825
2023-04-26,7,7,1-6-2,6.3,24.84320256245402,18.54320256245402
2023-04-26,7,8,1-2-3,4.2,6.097786045254786,1.8977860452547857
2023-04-26,7,11,1-4-5,28.4,18.447329926182842,-9.952670073817156
2023-04-26,7,12,1-3-4,12.5,9.37756080393108,-3.1224391960689193
2023-04-28,1,7,1-3-2,10.8,10.265845264533965,-0.5341547354660356
2023-04-28,1,8,1-2-4,4.6,5.885001175784187,1.2850011757841875
2023-04-28,1,10,1-4-6,86.9,46.48851462999395,-40.411485370006055
2023-04-28,1,11,1-6-2,45.1,32.06084628999083,-13.039153710009174
2023-04-28,1,12,1-2-3,9.2,9.088353770005975,-0.11164622999402418
2023-04-29,2,2,1-2-3,23.4,19.967100923523233,-3.4328990764767653
2023-04-29,2,3,1-4-6,19.6,25.65281237647629,6.05281237647629
2023-04-29,2,4,1-2-6,16.3,17.766514419916515,1.466514419916514
2023-04-29,2,5,1-3-2,6.0,11.228226972540853,5.228226972540853
2023-04-29,2,6,1-2-3,5.9,5.816474529319881,-0.08352547068011962
2023-04-29,2,7,1-4-5,12.5,23.95006753829952,11.450067538299521
2023-04-29,2,9,1-2-3,11.4,6.658966815068645,-4.741033184931355
2023-04-29,2,12,1-3-2,5.0,6.170666105345474,1.1706661053454743
2023-04-30,3,1,1-4-3,14.2,19.083318209562094,4.883318209562095
2023-04-30,3,2,1-3-4,17.4,7.88338783921504,-9.516612160784959
2023-04-30,3,3,1-2-3,20.4,20.443044601137277,0.043044601137278704
2023-04-30,3,4,1-2-3,8.9,13.988777168580274,5.088777168580274
2023-04-30,3,6,1-4-3,4.2,7.096707267397996,2.8967072673979954
2023-04-30,3,8,1-2-4,3.1,4.789914525472097,1.6899145254720973
2023-04-30,3,9,1-3-2,6.3,8.363361628896751,2.063361628896751
2023-04-30,3,10,1-3-2,5.8,8.430040496266116,2.6300404962661164
2023-04-30,3,11,1-3-2,7.8,13.040193758182083,5.240193758182083
2023-04-30,3,12,1-3-4,14.0,19.829435426886246,5.829435426886246
2023-05-01,4,1,1-2-3,7.0,7.777911762505072,0.777911762505072
2023-05-01,4,3,1-4-6,35.0,47.431880737554636,12.431880737554636
2023-05-01,4,5,1-2-4,3.7,8.566449422818216,4.866449422818216
2023-05-01,4,6,1-4-3,7.6,11.499043721595507,3.8990437215955076
2023-05-01,4,8,1-2-4,3.4,3.5158958076043016,0.11589580760430174
2023-05-01,4,9,1-5-4,25.9,21.187954637979907,-4.712045362020092
2023-05-01,4,11,1-2-3,5.3,6.11760470819263,0.8176047081926301
2023-05-01,4,12,1-2-4,9.7,8.604543477405425,-1.0954565225945743
2023-05-03,1,1,1-3-6,20.0,17.401894035648038,-2.598105964351962
2023-05-03,1,2,1-4-3,46.0,11.911939333377072,-34.08806066662293
2023-05-03,1,4,1-3-5,13.0,9.116396842721594,-3.883603157278406
2023-05-03,1,6,1-3-4,4.8,7.50147702786993,2.70147702786993
2023-05-03,1,7,1-3-2,17.3,5.708002591551012,-11.59199740844899
2023-05-03,1,9,1-4-3,17.2,14.83359238827511,-2.36640761172489
2023-05-03,1,10,1-6-4,33.1,43.583787886594145,10.483787886594143
2023-05-03,1,11,1-5-3,24.4,34.91418751526945,10.514187515269448
2023-05-03,1,12,1-2-3,9.2,13.176341731815425,3.9763417318154257
2023-05-04,2,1,1-4-2,19.2,14.201228197716109,-4.9987718022838905
2023-05-04,2,2,1-2-6,113.4,38.41825506149421,-74.9817449385058
2023-05-04,2,4,1-3-4,8.5,12.334113308397612,3.8341133083976118
2023-05-04,2,5,1-3-4,6.4,15.749331264865505,9.349331264865505
2023-05-04,2,8,1-2-4,3.4,3.774199781574617,0.374199781574617
2023-05-04,2,9,1-4-3,20.2,14.979362516201007,-5.220637483798992
2023-05-04,2,10,1-3-2,6.6,7.222866910592263,0.6228669105922631
2023-05-04,2,11,1-6-2,142.7,45.39882083375225,-97.30117916624775
2023-05-05,3,8,1-2-3,7.6,8.067490152495408,0.46749015249540804
2023-05-05,3,10,1-2-5,5.6,9.904137037779993,4.304137037779993
2023-05-05,3,11,1-4-2,29.2,42.13790985840907,12.937909858409068
2023-05-05,3,12,1-2-6,28.0,25.405006458556844,-2.5949935414431557
2023-05-06,4,3,1-5-2,51.5,19.396857660885487,-32.10314233911451
2023-05-06,4,6,1-3-4,7.3,12.708318876348898,5.408318876348898
2023-05-06,4,7,1-3-6,7.3,13.382781768222626,6.082781768222627
2023-05-06,4,11,1-4-3,19.6,10.95854384463327,-8.64145615536673
2023-05-06,4,12,1-2-3,5.2,9.26595878556082,4.065958785560819
2023-05-07,5,1,1-4-6,127.4,42.25208759659376,-85.14791240340625
2023-05-07,5,4,1-5-2,23.3,37.00185140292504,13.70185140292504
2023-05-07,5,5,1-3-4,10.9,11.112934174876171,0.21293417487617106
2023-05-07,5,7,1-5-6,17.9,28.904176016388973,11.004176016388975
2023-05-07,5,8,1-2-4,3.8,3.5909397392222564,-0.20906026077774342
2023-05-07,5,9,1-3-6,37.5,33.13510094971647,-4.364899050283533
2023-05-07,5,10,1-2-3,7.2,7.72401422489768,0.5240142248976802
2023-06-10,1,3,1-3-6,21.4,16.03994285346011,-5.360057146539887
2023-06-10,1,10,1-3-5,10.2,10.355509535593852,0.15550953559385228
2023-06-10,1,12,1-3-4,7.5,10.312910542310211,2.8129105423102114
2023-06-11,2,3,1-2-6,57.0,25.578464306467886,-31.421535693532114
2023-06-11,2,4,1-2-5,65.4,33.8942602540476,-31.505739745952404
2023-06-11,2,8,1-2-3,7.8,7.87652059365542,0.0765205936554203
2023-06-11,2,12,1-4-2,6.4,11.756184154701709,5.356184154701708
2023-06-12,3,5,1-3-4,34.6,21.59076512265024,-13.009234877349762
2023-06-12,3,7,1-4-2,22.6,19.63030817843794,-2.969691821562062
2023-06-12,3,11,1-2-3,7.5,9.631075023360276,2.1310750233602764
2023-06-13,4,1,1-2-3,7.3,15.743874068102174,8.443874068102176
2023-06-13,4,2,1-2-3,10.6,19.60186992577032,9.00186992577032
2023-06-13,4,6,1-4-3,6.3,8.083877219036596,1.7838772190365964
2023-06-13,4,10,1-3-2,3.5,6.254755558066388,2.754755558066388
2023-06-13,4,12,1-3-2,6.6,9.294491312558879,2.6944913125588794
2023-06-14,5,3,1-3-2,13.6,20.444206973013596,6.844206973013597
2023-06-14,5,7,1-3-6,12.0,20.58989862160817,8.589898621608171
2023-06-14,5,8,1-3-2,6.7,21.596169410670637,14.896169410670637
2023-06-14,5,10,1-2-3,4.2,8.651918149029166,4.451918149029166
2023-06-14,5,11,1-3-2,9.0,11.247763798723978,2.2477637987239785
2023-06-15,6,3,1-3-6,8.3,15.264812190831002,6.964812190831001
2023-06-15,6,4,1-2-3,5.9,13.82263831772644,7.92263831772644
2023-06-15,6,5,1-3-4,11.5,22.180974925869688,10.680974925869688
2023-06-15,6,6,1-3-4,4.6,8.221143555730812,3.6211435557308125
2023-06-15,6,8,1-2-4,4.2,6.6085925707653415,2.4085925707653413
2023-06-15,6,9,1-5-4,35.0,45.18283721415271,10.182837214152713
2023-06-15,6,11,1-4-2,9.1,12.658401001048304,3.5584010010483045
2023-06-15,6,12,1-5-3,23.1,34.13924235966833,11.039242359668329
2023-06-17,1,1,1-3-2,43.4,27.675878501077285,-15.724121498922713
2023-06-17,1,5,1-6-3,147.3,26.771654802399752,-120.52834519760026
2023-06-17,1,6,1-3-2,8.9,6.604434383471162,-2.2955656165288385
2023-06-17,1,7,1-2-5,5.2,8.748993087474362,3.5489930874743623
2023-06-17,1,8,1-2-4,4.0,4.381461759713049,0.38146175971304874
2023-06-17,1,9,1-3-2,9.2,7.924069284809181,-1.2759307151908184
2023-06-17,1,10,1-3-4,6.8,7.973952135986105,1.173952135986105
2023-06-17,1,11,1-5-2,46.9,23.20794568080331,-23.69205431919669
2023-06-17,1,12,1-2-3,6.9,6.00743469614132,-0.8925653038586807
2023-06-18,2,1,1-2-3,6.9,10.986432571907171,4.086432571907171
2023-06-18,2,4,1-4-2,29.7,28.42397891004718,-1.2760210899528204
2023-06-18,2,5,1-4-2,24.3,21.349098690324944,-2.950901309675057
2023-06-18,2,6,1-3-2,10.4,7.538090981411488,-2.8619090185885128
2023-06-18,2,9,1-6-3,15.2,21.854505975562564,6.654505975562564
2023-06-18,2,10,1-4-5,45.5,20.46042236458998,-25.03957763541002
2023-06-18,2,11,1-2-4,10.7,6.629457883271976,-4.070542116728023
2023-06-18,2,12,1-6-2,18.9,33.61235653852643,14.712356538526429
2023-06-19,3,1,1-4-6,224.1,33.46823736327671,-190.6317626367233
2023-06-19,3,4,1-3-6,35.4,23.028267939038184,-12.371732060961815
2023-06-19,3,6,1-3-2,19.5,13.42448648011718,-6.07551351988282
2023-06-19,3,8,1-2-3,6.7,3.7462786655587643,-2.953721334441236
2023-06-19,3,11,1-3-2,5.4,8.947976571858087,3.5479765718580865
2023-06-19,3,12,1-3-4,6.9,12.048996897717183,5.148996897717183
2023-06-20,4,3,1-2-4,16.1,15.364522210788394,-0.7354777892116076
2023-06-20,4,6,1-3-6,45.9,24.60120613591274,-21.29879386408726
2023-06-20,4,7,1-3-4,37.1,18.232444045501595,-18.867555954498407
2023-06-20,4,8,1-2-4,3.0,3.8687803417903006,0.8687803417903006
2023-06-20,4,11,1-5-2,24.8,24.73738545708932,-0.06261454291067992
2023-06-20,4,12,1-3-5,22.5,16.9260460905266,-5.573953909473399
2023-06-21,5,2,1-2-3,9.9,14.714658301932925,4.8146583019329245
2023-06-21,5,3,1-5-2,131.5,78.01824966059104,-53.48175033940896
2023-06-21,5,4,1-4-5,26.9,19.64517174908103,-7.254828250918969
2023-06-21,5,5,1-2-3,3.7,5.493640492047907,1.7936404920479072
2023-06-21,5,6,1-3-4,3.5,6.213874756278576,2.7138747562785763
2023-06-21,5,7,1-6-3,13.6,50.39284526678159,36.79284526678159
2023-06-21,5,8,1-4-5,8.9,17.19474670202245,8.294746702022449
2023-06-21,5,9,1-2-4,7.6,17.330693619259602,9.730693619259602
2023-06-21,5,11,1-5-3,86.9,27.784470443909882,-59.115529556090124
2023-06-21,5,12,1-4-6,16.4,20.080310414832972,3.6803104148329737
2023-06-23,1,1,1-3-2,29.9,16.74979975794791,-13.15020024205209
2023-06-23,1,3,1-4-6,25.1,48.316061215661044,23.216061215661043
2023-06-23,1,4,1-3-6,21.9,48.43445932841883,26.534459328418833
2023-06-23,1,6,1-4-3,9.7,15.813204753459802,6.113204753459803
2023-06-23,1,7,1-5-2,11.5,27.581880491622762,16.081880491622762
2023-06-23,1,8,1-4-5,9.6,16.5570662284702,6.957066228470202
2023-06-23,1,10,1-3-2,5.5,9.017016440617164,3.517016440617164
2023-06-23,1,11,1-6-4,89.0,74.08255995339674,-14.91744004660326
2023-06-23,1,12,1-4-5,9.9,19.29024794448285,9.39024794448285
2023-06-24,2,2,1-3-2,38.3,13.64145605719031,-24.658543942809686
2023-06-24,2,6,1-2-5,67.3,21.5569365302763,-45.743063469723694
2023-06-24,2,9,1-2-3,2.9,5.884350746109446,2.984350746109446
2023-06-24,2,11,1-5-4,29.7,62.75589137238518,33.055891372385176
2023-06-24,2,12,1-3-5,26.5,16.68672310879511,-9.81327689120489
2023-06-25,3,3,1-3-4,25.1,23.339815642175285,-1.7601843578247163
2023-06-25,3,6,1-2-3,25.2,29.046234852049224,3.846234852049225
2023-06-25,3,7,1-3-5,76.9,43.508533221518356,-33.39146677848165
2023-06-25,3,8,1-2-4,11.9,6.427308000029955,-5.472691999970046
2023-06-25,3,10,1-3-5,11.7,15.98438285104927,4.284382851049271
2023-06-25,3,12,1-4-6,22.2,21.08612754266259,-1.1138724573374077
2023-06-26,4,1,1-2-5,48.5,28.033876193987826,-20.466123806012174
2023-06-26,4,10,1-5-2,16.4,58.595739549692,42.195739549692
2023-06-26,4,11,1-2-4,11.5,10.937213331728298,-0.562786668271702
2023-06-26,4,12,1-5-3,16.0,31.120475379392413,15.120475379392413
2023-06-27,5,1,1-3-2,9.2,16.228383414187114,7.028383414187115
2023-06-27,5,2,1-4-2,10.9,20.189618971319334,9.289618971319333
2023-06-27,5,5,1-2-5,6.4,14.316840389261605,7.916840389261605
2023-06-27,5,8,1-3-4,14.0,17.057792683606106,3.057792683606106
2023-06-27,5,11,1-2-5,19.4,12.857902375054518,-6.54209762494548
2023-06-27,5,12,1-2-5,22.6,27.004043058831595,4.4040430588315935
2023-06-28,6,2,1-2-5,10.1,10.374457413316179,0.27445741331617945
2023-06-28,6,5,1-3-6,11.5,18.449985415465523,6.949985415465523
2023-06-28,6,6,1-3-4,4.3,9.408814506225873,5.108814506225873
2023-06-28,6,7,1-6-2,10.6,18.562886584967018,7.962886584967018
2023-06-28,6,8,1-3-4,15.6,21.515818544800236,5.915818544800237
2023-06-28,6,10,1-2-4,6.6,6.719357320841027,0.11935732084102746
2023-06-28,6,11,1-3-2,11.2,10.464457901576976,-0.7355420984230232
2023-06-28,6,12,1-4-5,14.0,15.408869595083267,1.4088695950832673
2023-08-01,1,1,1-2-6,28.2,34.22639975264318,6.026399752643183
2023-08-01,1,4,1-3-5,9.0,20.08904386289515,11.08904386289515
2023-08-01,1,6,1-4-2,28.8,15.839020611270438,-12.960979388729562
2023-08-01,1,7,1-2-4,22.9,15.951912689594211,-6.948087310405787
2023-08-01,1,10,1-6-3,87.8,80.92464952464114,-6.875350475358857
2023-08-01,1,11,1-2-3,5.4,8.248130080665755,2.8481300806657543
2023-08-01,1,12,1-3-5,8.5,10.17424804765142,1.6742480476514192
2023-08-02,2,2,1-3-6,42.3,30.60227639045438,-11.697723609545616
2023-08-02,2,6,1-4-2,9.6,12.773784794021418,3.1737847940214188
2023-08-02,2,7,1-3-2,6.1,9.593313060271301,3.4933130602713014
2023-08-02,2,8,1-4-5,21.8,21.62511693957569,-0.17488306042431034
2023-08-02,2,9,1-3-2,15.3,24.493298988328547,9.193298988328547
2023-08-03,3,9,1-4-2,16.1,24.151822181157996,8.051822181157995
2023-08-03,3,11,1-3-6,15.8,17.548315487481613,1.7483154874816123
2023-08-03,3,12,1-4-3,18.0,24.059588817178188,6.059588817178188
2023-08-04,4,1,1-4-3,21.9,28.540584792699992,6.640584792699993
2023-08-04,4,3,1-4-6,66.9,36.50537956551848,-30.394620434481524
2023-08-04,4,7,1-3-2,13.0,14.013511194101932,1.0135111941019321
2023-08-04,4,8,1-4-5,21.9,19.217932808580628,-2.682067191419371
2023-08-04,4,9,1-2-5,17.2,19.399535666847196,2.199535666847197
2023-08-04,4,11,1-5-4,67.4,51.0040167175712,-16.39598328242881
2023-08-05,5,5,1-2-3,14.7,23.804145205230988,9.104145205230989
2023-08-05,5,6,1-4-2,7.3,11.196440913640714,3.8964409136407143
2023-08-05,5,7,1-5-6,22.6,40.45114333404676,17.85114333404676
2023-08-05,5,8,1-3-4,9.6,8.756080385520235,-0.8439196144797645
2023-08-05,5,9,1-3-2,6.8,5.934159183966947,-0.8658408160330531
2023-08-05,5,11,1-3-4,5.5,11.588233685187301,6.088233685187301
2023-08-06,6,3,1-6-5,31.4,29.616245653423103,-1.7837543465768952
2023-08-06,6,8,1-4-3,12.7,9.512365688839928,-3.187634311160071
2023-08-06,6,10,1-3-2,5.0,8.140131956099804,3.140131956099804
2023-08-06,6,12,1-3-6,10.3,22.706974685192506,12.406974685192505
2023-08-07,7,1,1-2-6,212.1,39.1053627326215,-172.9946372673785
2023-08-07,7,2,1-2-4,11.3,11.095915079938619,-0.20408492006138168
2023-08-07,7,3,1-5-2,87.0,80.4904003057038,-6.509599694296199
2023-08-07,7,4,1-2-3,20.4,37.19933597224327,16.79933597224327
2023-08-07,7,5,1-5-4,28.9,32.93994206561017,4.03994206561017
2023-08-07,7,6,1-3-4,5.0,5.291376649445617,0.2913766494456169
2023-08-07,7,9,1-4-3,22.1,40.08153832563599,17.981538325635988
2023-08-07,7,10,1-4-3,13.9,17.10041627740562,3.200416277405621
2023-08-07,7,12,1-5-2,28.3,21.7519530192436,-6.5480469807564
2023-08-10,1,3,1-3-4,8.8,15.093673410982502,6.293673410982501
2023-08-10,1,4,1-3-6,19.2,23.439431305870443,4.239431305870443
2023-08-10,1,5,1-2-5,6.6,13.092613843512764,6.492613843512764
2023-08-10,1,6,1-4-5,18.5,15.129173237596477,-3.3708267624035226
2023-08-10,1,8,1-2-4,3.7,4.612451590401183,0.912451590401183
2023-08-10,1,9,1-4-2,12.4,11.204050115914509,-1.1959498840854916
2023-08-10,1,11,1-2-3,7.6,7.441207635852333,-0.15879236414766673
2023-08-11,2,2,1-3-4,19.5,15.396820439654386,-4.103179560345614
2023-08-11,2,5,1-5-2,14.3,31.201219148148404,16.901219148148403
2023-08-11,2,8,1-2-4,3.7,4.631681865563578,0.9316818655635775
2023-08-11,2,10,1-6-4,50.6,26.942886604238197,-23.657113395761804
2023-08-11,2,11,1-4-3,30.2,19.859744183229854,-10.340255816770146
2023-08-12,3,2,1-3-6,48.5,26.482683237593786,-22.017316762406214
2023-08-13,4,3,1-4-3,13.5,15.967978410338908,2.467978410338908
2023-08-13,4,4,1-5-2,8.1,17.72809854500625,9.628098545006251
2023-08-13,4,7,1-4-5,66.2,31.678626690620632,-34.52137330937937
2023-08-13,4,8,1-4-2,5.6,6.7623451241793,1.1623451241793
2023-08-13,4,9,1-2-3,5.9,6.268143120675731,0.36814312067573063
2023-08-13,4,12,1-5-4,42.9,27.530346472376092,-15.369653527623907
2023-08-14,5,4,1-3-5,28.3,17.186026640921757,-11.113973359078244
2023-08-14,5,5,1-2-6,7.4,12.417739805719217,5.017739805719216
2023-08-14,5,6,1-4-2,8.6,17.095937513227963,8.495937513227963
2023-08-14,5,8,1-2-4,3.6,4.638080989691663,1.0380809896916632
2023-08-14,5,9,1-2-3,6.6,7.065621805093797,0.46562180509379747
2023-08-14,5,11,1-3-2,6.3,7.27566641844267,0.9756664184426702
2023-08-14,5,12,1-3-2,20.5,22.41248074508811,1.9124807450881107
2023-08-16,6,2,1-4-5,10.0,13.160041405329281,3.160041405329281
2023-08-16,6,4,1-2-6,6.5,14.297327343494281,7.797327343494281
2023-08-16,6,5,1-4-6,7.3,19.113921560989088,11.813921560989087
2023-08-16,6,6,1-3-2,9.7,7.410739306032926,-2.2892606939670737
2023-08-16,6,7,1-3-2,16.2,21.33155032389956,5.13155032389956
2023-08-16,6,8,1-3-5,22.3,23.62726952128044,1.3272695212804386
2023-08-16,6,9,1-3-6,8.4,16.188844499897073,7.788844499897072
2023-08-16,6,11,1-3-4,19.2,8.556254337435226,-10.643745662564774
2023-08-16,6,12,1-4-6,42.5,29.67491130935787,-12.82508869064213
2023-09-25,1,3,1-2-4,142.2,42.18176843264713,-100.01823156735286
2023-09-25,1,4,1-2-5,31.7,28.599469133888803,-3.100530866111196
2023-09-25,1,8,1-5-4,53.9,48.952524822750675,-4.9474751772493235
2023-09-26,2,6,1-4-2,14.5,13.083779345900192,-1.4162206540998081
2023-09-26,2,8,1-5-4,18.5,33.281037519909184,14.781037519909184
2023-09-26,2,9,1-2-3,5.6,6.966480011107758,1.3664800111077584
2023-09-26,2,10,1-3-6,14.3,22.22767426920089,7.927674269200889
2023-09-26,2,12,1-5-4,24.5,23.02970067027193,-1.4702993297280713
2023-09-27,3,3,1-3-6,18.2,26.226111567092357,8.026111567092357
2023-09-27,3,4,1-2-6,18.1,19.94424955807992,1.8442495580799196
2023-09-27,3,5,1-3-2,11.4,8.976142989055202,-2.4238570109447988
2023-09-27,3,8,1-4-6,24.8,35.395389241865004,10.595389241865004
2023-09-27,3,9,1-2-3,33.1,9.257623889840644,-23.842376110159357
2023-09-27,3,10,1-3-4,5.0,9.18444106595744,4.18444106595744
2023-09-27,3,11,1-3-4,7.9,10.583383490771954,2.683383490771954
2023-09-27,3,12,1-2-4,6.6,6.827823644453149,0.2278236444531494
2023-09-28,4,1,1-2-5,17.8,12.176381353773522,-5.623618646226479
2023-09-28,4,2,1-6-2,9.3,12.735539668266744,3.4355396682667436
2023-09-28,4,6,1-2-3,11.0,10.194025793541355,-0.8059742064586448
2023-09-28,4,7,1-3-4,4.8,8.376312876538515,3.5763128765385153
2023-09-28,4,8,1-2-4,3.7,6.3181078345906,2.6181078345905995
2023-09-28,4,10,1-5-6,196.3,59.23243237173952,-137.0675676282605
2023-09-28,4,12,1-5-4,24.0,20.600640869352432,-3.399359130647568
2023-09-29,5,4,1-3-6,16.1,27.618741644099853,11.518741644099851
2023-09-29,5,5,1-2-3,49.6,10.29425455890524,-39.30574544109476
2023-09-29,5,9,1-2-3,7.1,10.79230167179227,3.6923016717922703
2023-09-29,5,10,1-3-2,7.0,6.4311409626475395,-0.5688590373524605
2023-09-29,5,11,1-2-3,4.3,5.902816354493822,1.6028163544938225
2023-09-29,5,12,1-4-5,30.2,22.277553076664436,-7.922446923335563
2023-09-30,6,1,1-3-6,16.8,14.99167083279918,-1.8083291672008208
2023-09-30,6,5,1-5-6,8.2,14.36981830842553,6.169818308425532
2023-09-30,6,7,1-3-6,7.5,20.998710962589104,13.498710962589104
2023-09-30,6,8,1-4-2,7.4,8.952565743010716,1.5525657430107156
2023-09-30,6,9,1-2-6,17.6,22.112969533742348,4.512969533742346
2023-09-30,6,10,1-6-5,198.2,72.17297237328432,-126.02702762671566
2023-09-30,6,12,1-2-4,18.8,7.226988890298319,-11.573011109701682
2023-10-06,1,2,1-3-2,23.0,22.961095863103473,-0.03890413689652661
2023-10-06,1,4,1-5-4,213.8,102.4616505199845,-111.33834948001551
2023-10-06,1,6,1-3-2,7.1,11.591968025447912,4.491968025447912
2023-10-06,1,8,1-2-4,3.8,5.90960332309412,2.1096033230941202
2023-10-06,1,10,1-3-6,8.6,23.155746080908788,14.555746080908788
2023-10-06,1,12,1-4-3,8.1,13.909838476813206,5.809838476813207
2023-10-07,2,6,1-3-2,10.8,15.371997816508701,4.5719978165087
2023-10-07,2,8,1-5-2,39.8,54.30002270650692,14.500022706506925
2023-10-07,2,10,1-2-5,32.2,22.74662700875321,-9.453372991246791
2023-10-08,3,4,1-2-6,14.0,14.072620200354903,0.07262020035490302
2023-10-08,3,6,1-6-3,83.6,52.13698964432431,-31.463010355675685
2023-10-08,3,7,1-2-6,29.0,21.842304333572674,-7.157695666427326
2023-10-08,3,8,1-2-4,4.3,7.531108581119604,3.231108581119604
2023-10-08,3,10,1-2-4,4.9,5.804748961203121,0.9047489612031203
2023-10-08,3,11,1-3-5,12.4,17.42612711014842,5.026127110148421
2023-10-08,3,12,1-6-2,16.6,36.80885115388461,20.20885115388461
2023-10-09,4,2,1-4-3,22.0,19.09939738385274,-2.9006026161472604
2023-10-09,4,3,1-4-2,38.1,31.062293656359707,-7.037706343640295
2023-10-09,4,5,1-6-2,6.8,26.795498607831874,19.995498607831873
2023-10-09,4,6,1-2-3,14.4,17.44449597671224,3.0444959767122395
2023-10-09,4,7,1-2-6,10.9,12.11290870463739,1.212908704637389
2023-10-09,4,8,1-2-3,10.4,5.6019575232743355,-4.798042476725665
2023-10-09,4,9,1-2-4,6.9,15.545435359336778,8.645435359336778
2023-10-09,4,10,1-2-3,5.8,9.018145397920778,3.218145397920778
2023-10-09,4,11,1-3-4,9.9,8.875415844587568,-1.0245841554124322
2023-10-09,4,12,1-3-4,17.6,11.304314994795197,-6.295685005204804
2023-10-11,1,2,1-4-2,45.6,20.19396537766865,-25.40603462233135
2023-10-11,1,3,1-2-6,18.2,45.42351444734166,27.22351444734166
2023-10-11,1,5,1-5-2,14.3,21.545518377852286,7.245518377852285
2023-10-11,1,8,1-2-3,5.5,9.446647308234875,3.9466473082348745
2023-10-11,1,12,1-4-5,17.5,15.217889993092871,-2.2821100069071285
2023-10-12,2,2,1-2-6,10.5,17.853648382830116,7.353648382830116
2023-10-12,2,7,1-4-2,11.7,7.956703964229426,-3.743296035770573
2023-10-12,2,8,1-2-4,4.3,6.7551586440067695,2.4551586440067696
2023-10-12,2,10,1-3-4,26.5,21.696538923178515,-4.803461076821485
2023-10-12,2,12,1-5-2,28.1,25.139160523213775,-2.9608394767862265
2023-10-13,3,1,1-2-3,9.2,17.174090546854774,7.974090546854775
2023-10-13,3,2,1-4-2,12.5,9.882149295986126,-2.6178507040138737
2023-10-13,3,4,1-3-6,10.2,18.82372383664389,8.62372383664389
2023-10-13,3,6,1-3-5,16.6,19.592081063551063,2.992081063551062
2023-10-13,3,8,1-3-2,16.6,24.5346362088303,7.934636208830298
2023-10-13,3,9,1-2-3,36.5,16.569113916471768,-19.930886083528232
2023-10-13,3,10,1-3-2,5.5,10.639802033532781,5.139802033532781
2023-10-13,3,12,1-4-3,17.4,17.813274308987644,0.4132743089876456
2023-10-14,4,6,1-3-5,15.5,20.276576431271707,4.776576431271707
2023-10-14,4,7,1-2-3,6.5,10.30998071434001,3.8099807143400106
2023-10-14,4,8,1-2-4,4.6,7.242866325612136,2.642866325612136
2023-10-14,4,11,1-4-3,38.9,19.180399155114007,-19.719600844885992
2023-10-14,4,12,1-2-5,12.5,12.86604047602994,0.3660404760299407
2023-10-15,5,1,1-2-4,17.6,11.923892705168788,-5.676107294831214
2023-10-15,5,4,1-6-5,88.3,36.311105661827554,-51.98889433817244
2023-10-15,5,5,1-5-6,9.0,18.98236988018454,9.982369880184539
2023-10-15,5,7,1-6-4,19.0,32.09137094156137,13.091370941561372
2023-10-15,5,10,1-3-2,8.3,8.846191985196116,0.5461919851961152
2023-10-15,5,11,1-5-2,16.7,17.45517318880687,0.7551731888068716
2023-10-15,5,12,1-5-2,93.0,48.10255338194066,-44.89744661805934
2023-10-16,6,1,1-4-2,29.9,28.365801786795096,-1.5341982132049026
2023-10-16,6,2,1-2-3,12.4,10.878208952931177,-1.5217910470688238
2023-10-16,6,3,1-3-6,28.5,30.779389698676248,2.2793896986762476
2023-10-16,6,4,1-6-4,38.4,45.60178643870236,7.201786438702364
2023-10-16,6,5,1-2-6,21.7,22.101472961417123,0.40147296141712374
2023-10-16,6,6,1-2-3,12.6,19.759689572942776,7.159689572942776
2023-10-16,6,7,1-3-5,37.3,31.521053265608664,-5.778946734391333
2023-10-16,6,8,1-5-4,27.1,19.5666528840146,-7.5333471159854
2023-10-16,6,9,1-3-4,10.8,15.924591873744266,5.124591873744265
2023-10-16,6,10,1-5-4,82.5,52.537681485522256,-29.962318514477744
2023-10-16,6,11,1-3-5,15.1,11.442136858053276,-3.6578631419467236
2023-10-16,6,12,1-4-3,14.5,13.333589329109422,-1.1664106708905777
2023-10-18,1,3,1-5-6,120.1,50.44563731366298,-69.65436268633701
2023-10-18,1,7,1-3-6,6.3,21.097265426891145,14.797265426891144
2023-10-18,1,8,1-4-2,6.1,13.149250470616153,7.049250470616153
2023-10-18,1,10,1-3-2,9.7,13.377714283574171,3.677714283574172
2023-10-18,1,11,1-2-4,10.4,9.01230548012747,-1.3876945198725306
2023-10-19,2,1,1-4-3,11.1,24.862403762817813,13.762403762817813
2023-10-19,2,2,1-3-4,26.5,20.794477040280125,-5.705522959719875
2023-10-19,2,3,1-2-3,33.0,26.135485217732832,-6.864514782267168
2023-10-19,2,4,1-3-2,7.3,19.075765457938303,11.775765457938302
2023-10-19,2,5,1-2-3,8.5,17.772168405136817,9.272168405136817
2023-10-19,2,7,1-3-2,5.8,11.317090424806507,5.517090424806507
2023-10-19,2,12,1-3-4,11.8,9.860504056305068,-1.9394959436949328
2023-10-20,3,4,1-4-6,86.6,43.73813940792621,-42.86186059207378
2023-10-20,3,6,1-3-2,9.9,20.673726684541865,10.773726684541865
2023-10-20,3,8,1-2-4,3.2,6.187562038018294,2.987562038018294
2023-10-20,3,9,1-3-2,15.9,15.844995832588964,-0.05500416741103642
2023-10-20,3,10,1-3-4,6.2,12.463716278681886,6.263716278681886
2023-10-20,3,11,1-2-3,8.3,12.645466791113908,4.345466791113907
2023-10-20,3,12,1-2-5,20.8,10.378350966278422,-10.421649033721579
2023-10-21,4,3,1-3-2,14.1,28.797381827081654,14.697381827081655
2023-10-21,4,8,1-4-5,9.8,16.978549876696306,7.178549876696305
2023-10-21,4,9,1-5-2,32.9,68.97182207525766,36.071822075257664
2023-10-22,5,1,1-3-2,7.3,11.30885682009923,4.00885682009923
2023-10-22,5,2,1-2-3,50.9,14.983883999011587,-35.91611600098841
2023-10-22,5,4,1-2-3,10.3,9.05650801214711,-1.2434919878528898
2023-10-22,5,5,1-3-6,24.2,20.60530386345738,-3.5946961365426198
2023-10-22,5,7,1-2-6,20.3,13.108151447153574,-7.191848552846427
2023-10-22,5,8,1-2-4,3.4,8.747513930070221,5.347513930070221
2023-10-22,5,9,1-3-4,12.6,15.172826753772753,2.5728267537727536
2023-10-22,5,11,1-2-3,8.7,10.703042370106429,2.0030423701064297
2023-10-23,6,1,1-2-5,51.2,38.060540639838266,-13.139459360161737
2023-10-23,6,4,1-5-4,33.1,50.50455530503287,17.404555305032872
2023-10-23,6,8,1-2-4,3.8,3.7259301038237487,-0.07406989617625115
2023-10-23,6,9,1-3-4,11.5,21.81525994941386,10.31525994941386
2023-10-23,6,10,1-5-2,19.7,21.01413567043249,1.314135670432492
2023-10-23,6,12,1-2-4,12.5,7.173568024760714,-5.326431975239286
2023-10-26,1,2,1-2-3,12.4,12.488187483497455,0.08818748349745498
2023-10-26,1,5,1-3-5,69.3,35.72148637798263,-33.57851362201737
2023-10-26,1,8,1-3-2,20.6,26.7628860132131,6.1628860132131
2023-10-26,1,9,1-2-4,27.8,14.475799540478116,-13.324200459521885
2023-10-26,1,11,1-2-6,43.9,26.449291679941997,-17.450708320058002
2023-10-27,2,5,1-4-2,23.0,28.471307303389757,5.471307303389757
2023-10-27,2,7,1-5-3,25.3,25.877077296985146,0.577077296985145
2023-10-27,2,10,1-3-2,10.9,10.53709936846176,-0.36290063153824015
2023-10-27,2,11,1-4-6,31.3,22.028071658835273,-9.271928341164728
2023-10-28,3,1,1-4-5,31.8,39.87005447070865,8.070054470708651
2023-10-28,3,7,1-4-2,22.0,8.125287174967946,-13.874712825032054
2023-10-28,3,8,1-2-3,6.4,7.385718332661706,0.9857183326617056
2023-10-28,3,9,1-2-3,12.8,10.777787211631743,-2.0222127883682575
2023-10-28,3,12,1-5-3,23.3,23.770426177418294,0.4704261774182932
2023-10-29,4,1,1-3-6,84.0,53.328452331287835,-30.671547668712165
2023-10-29,4,2,1-3-4,13.4,16.7690979021019,3.3690979021019007
2023-10-29,4,3,1-3-4,38.0,20.253409943006915,-17.746590056993085
2023-10-29,4,7,1-3-4,7.6,8.458328873162863,0.8583288731628631
2023-10-29,4,9,1-3-4,22.3,16.72628438930169,-5.5737156106983115
2023-10-29,4,10,1-2-4,7.8,7.3094290858942275,-0.49057091410577236
2023-10-30,5,1,1-3-2,9.5,11.39380780815386,1.8938078081538592
2023-10-30,5,2,1-5-2,26.4,20.90321532029214,-5.496784679707858
2023-10-30,5,4,1-4-2,12.9,12.757516651384766,-0.14248334861523482
2023-10-30,5,5,1-3-4,23.3,16.124840472590623,-7.175159527409377
2023-10-30,5,6,1-3-4,5.8,13.439547767442196,7.639547767442196
2023-10-30,5,7,1-4-2,18.6,6.8681456292621474,-11.731854370737853
2023-10-30,5,10,1-2-3,6.9,7.047396242678512,0.1473962426785116
2023-10-30,5,11,1-5-3,93.9,48.65506223860713,-45.244937761392876
2023-10-30,5,12,1-3-6,13.7,17.48169714816221,3.781697148162209
2023-10-31,6,3,1-3-5,17.2,19.836804002313265,2.6368040023132657
2023-10-31,6,6,1-3-2,15.9,21.55582652173034,5.655826521730338
2023-10-31,6,7,1-4-5,29.6,19.68754550088565,-9.91245449911435
2023-10-31,6,8,1-4-2,8.5,6.826364431770498,-1.6736355682295017
2023-10-31,6,9,1-4-3,22.2,26.997407679120396,4.797407679120397
2023-10-31,6,10,1-4-3,17.5,10.235071552181852,-7.264928447818148
2023-10-31,6,11,1-3-2,14.8,8.115583519474171,-6.6844164805258295
2023-10-31,6,12,1-3-6,7.6,18.30209291617111,10.70209291617111
2023-11-01,7,1,1-6-3,34.1,77.05259709692508,42.95259709692508
2023-11-01,7,4,1-2-6,14.4,11.164842147024299,-3.2351578529757017
2023-11-01,7,6,1-3-2,6.1,8.942799289279021,2.8427992892790215
2023-11-01,7,8,1-3-5,18.9,38.148439793364304,19.248439793364305
2023-11-01,7,9,1-4-3,21.3,16.237705282645432,-5.062294717354568
2023-11-01,7,10,1-2-3,20.0,24.323452445049828,4.323452445049828
2023-11-01,7,12,1-4-3,16.9,12.229962638447361,-4.670037361552637
2023-11-05,1,3,1-3-5,35.4,14.170014259180226,-21.22998574081977
2023-11-05,1,4,1-4-2,136.1,38.88975248250627,-97.21024751749373
2023-11-05,1,5,1-3-2,5.8,34.057034668552404,28.257034668552404
2023-11-05,1,8,1-3-4,23.4,37.550302612841,14.150302612841003
2023-11-05,1,10,1-6-2,112.1,91.34814987673477,-20.75185012326523
2023-11-05,1,11,1-3-6,81.9,41.956040470060564,-39.94395952993944
2023-11-05,1,12,1-2-3,11.0,8.680429061999238,-2.319570938000762
2023-11-06,2,1,1-3-6,23.7,39.81087373785795,16.110873737857954
2023-11-06,2,6,1-3-4,4.3,5.254196344383283,0.9541963443832833
2023-11-06,2,8,1-2-4,5.7,7.273655669755281,1.573655669755281
2023-11-06,2,9,1-6-2,25.1,38.125227789538975,13.025227789538974
2023-11-06,2,10,1-2-5,10.2,12.512510627498761,2.312510627498762
2023-11-06,2,11,1-2-6,18.3,18.60231821757583,0.30231821757583077
2023-11-07,3,2,1-3-2,29.9,16.83139120995246,-13.068608790047538
2023-11-07,3,4,1-5-2,38.8,94.38140223117951,55.58140223117951
2023-11-07,3,5,1-4-5,10.8,18.89295756243883,8.09295756243883
2023-11-07,3,7,1-3-4,37.2,17.839827940694022,-19.36017205930598
2023-11-07,3,10,1-2-4,10.8,8.131771264489235,-2.668228735510766
2023-11-07,3,11,1-6-3,35.3,43.26120244330338,7.961202443303385
2023-11-07,3,12,1-4-2,20.0,15.177218763117375,-4.822781236882625
2023-11-08,4,2,1-4-2,42.1,20.787486864142387,-21.312513135857614
2023-11-08,4,3,1-5-4,733.8,62.54550098599629,-671.2544990140036
2023-11-08,4,8,1-2-3,4.3,6.1879763896677265,1.8879763896677266
2023-11-08,4,12,1-4-2,20.2,17.236680517936474,-2.9633194820635254
2023-11-09,5,2,1-2-6,13.0,18.69014037070834,5.690140370708338
2023-11-09,5,3,1-4-2,12.1,19.158441600590514,7.058441600590514
2023-11-09,5,4,1-5-6,25.4,19.336437699881518,-6.06356230011848
2023-11-09,5,8,1-4-2,6.3,8.198398903861571,1.8983989038615716
2023-11-10,6,1,1-3-5,50.0,45.88416293014741,-4.115837069852589
2023-11-10,6,4,1-2-5,26.2,26.30566400306793,0.105664003067929
2023-11-10,6,5,1-3-4,14.8,27.344239194579135,12.544239194579134
2023-11-10,6,6,1-4-3,7.3,22.351628171021975,15.051628171021974
2023-11-10,6,7,1-4-5,13.4,19.4962145131712,6.0962145131712
2023-11-10,6,8,1-4-3,9.9,9.652269025661917,-0.2477309743380829
2023-11-10,6,9,1-4-3,8.6,11.420601019691423,2.8206010196914235
2023-11-10,6,10,1-2-6,16.4,17.80304101472591,1.4030410147259111
2023-11-10,6,11,1-3-2,12.3,17.481227328707668,5.181227328707667
2023-11-10,6,12,1-6-2,105.0,46.955566801211084,-58.044433198788916
2023-11-13,1,1,1-3-2,16.0,20.856442738377176,4.856442738377176
2023-11-13,1,5,1-3-4,37.4,24.748023178608825,-12.651976821391173
2023-11-13,1,6,1-3-2,8.3,8.115348300014919,-0.18465169998508202
2023-11-13,1,8,1-3-5,51.8,23.766954348444344,-28.033045651555653
2023-11-13,1,9,1-3-5,7.6,13.627317221743656,6.027317221743656
2023-11-13,1,10,1-5-6,88.6,43.92854110106559,-44.671458898934404
2023-11-13,1,12,1-4-2,21.8,17.709604776262044,-4.090395223737957
2023-11-14,2,1,1-3-5,14.7,17.559395902771474,2.8593959027714746
2023-11-14,2,3,1-3-2,7.5,12.746399352360923,5.246399352360923
2023-11-14,2,4,1-5-3,26.9,22.947784011549054,-3.952215988450945
2023-11-14,2,6,1-4-2,12.1,7.999638415583103,-4.100361584416897
2023-11-14,2,7,1-2-5,15.6,22.24843356912002,6.648433569120021
2023-11-14,2,12,1-3-5,24.0,10.084832812519124,-13.915167187480876
2023-11-15,3,2,1-4-2,17.2,20.603587728818116,3.403587728818117
2023-11-15,3,3,1-2-6,12.4,12.45566251890179,0.05566251890178897
2023-11-15,3,4,1-3-2,44.5,34.75494087075578,-9.745059129244218
2023-11-15,3,5,1-3-2,8.3,8.933983778225112,0.6339837782251116
2023-11-15,3,6,1-3-4,4.0,11.769583703705539,7.769583703705539
2023-11-15,3,9,1-6-2,36.2,30.271824823131777,-5.928175176868226
2023-11-15,3,11,1-5-4,38.0,29.88038072032,-8.119619279679998
2023-11-16,4,1,1-2-3,12.0,11.222516577076991,-0.7774834229230088
2023-11-16,4,3,1-3-4,17.9,25.544290750329562,7.644290750329564
2023-11-16,4,5,1-2-3,10.8,17.20396825850783,6.403968258507831
2023-11-16,4,6,1-3-5,8.3,16.44879980413516,8.148799804135159
2023-11-16,4,8,1-2-3,11.7,7.169589101884059,-4.5304108981159406
2023-11-16,4,10,1-4-2,10.4,12.126863310855528,1.7268633108555278
2023-11-16,4,11,1-2-4,8.2,5.495130387839532,-2.7048696121604676
2023-11-16,4,12,1-3-6,70.7,28.404547348403167,-42.29545265159683
2023-11-17,5,2,1-3-6,8.7,14.510231784066077,5.810231784066078
2023-11-17,5,4,1-6-2,29.9,22.759911572229747,-7.140088427770252
2023-11-17,5,7,1-3-2,7.7,8.28571947485068,0.5857194748506798
2023-11-17,5,8,1-3-4,14.1,16.13239129267042,2.03239129267042
2023-11-17,5,12,1-2-6,9.8,16.369180836773193,6.569180836773192
2023-11-19,6,1,1-2-3,6.2,10.356916711171497,4.156916711171497
2023-11-19,6,2,1-3-4,12.0,20.11247811669494,8.112478116694941
2023-11-19,6,3,1-6-3,35.8,67.76913101844484,31.96913101844484
2023-11-19,6,5,1-2-6,10.1,25.065354454427496,14.965354454427496
2023-11-19,6,7,1-2-6,4.9,11.621549249889362,6.721549249889362
2023-11-19,6,8,1-4-2,8.5,7.863375029971696,-0.6366249700283042
2023-11-19,6,9,1-2-3,8.1,13.305132776544932,5.205132776544932
2023-11-19,6,11,1-2-3,6.6,6.639516105871896,0.03951610587189602
2023-11-19,6,12,1-4-2,18.1,14.170662663531019,-3.9293373364689828
2023-11-21,1,3,1-3-4,34.8,21.349738752081084,-13.450261247918913
2023-11-21,1,4,1-6-2,80.8,60.2932764109795,-20.506723589020496
2023-11-21,1,6,1-3-4,5.8,8.979013259597401,3.1790132595974017
2023-11-21,1,7,1-5-3,38.8,52.59204057049796,13.79204057049796
2023-11-21,1,12,1-5-2,21.5,23.666545775983135,2.166545775983135
2023-11-22,2,1,1-3-2,15.1,9.140915886128015,-5.959084113871985
2023-11-22,2,2,1-5-3,30.8,26.885790065933342,-3.9142099340666583
2023-11-22,2,6,1-3-4,26.4,23.707980260046533,-2.6920197399534658
2023-11-22,2,7,1-4-2,5.2,9.657283711093013,4.457283711093013
2023-11-22,2,9,1-2-3,6.3,14.935340708150623,8.635340708150622
2023-11-22,2,11,1-2-3,12.8,7.593497064291322,-5.206502935708679
2023-11-22,2,12,1-4-6,32.4,29.286647250006187,-3.113352749993812
2023-11-23,3,1,1-3-5,10.7,20.91458515210238,10.21458515210238
2023-11-23,3,4,1-4-3,77.6,45.71359946666973,-31.886400533330267
2023-11-23,3,8,1-2-4,7.8,6.388199718007179,-1.4118002819928206
2023-11-24,4,2,1-2-3,28.8,21.631286007334104,-7.1687139926658965
2023-11-24,4,3,1-3-4,24.6,24.977330694860466,0.3773306948604649
2023-11-24,4,4,1-3-6,15.1,42.83423722960051,27.73423722960051
2023-11-25,5,3,1-2-3,9.4,13.276132545281031,3.876132545281031
2023-11-25,5,4,1-3-2,7.2,8.28807140554446,1.0880714055444605
2023-11-25,5,7,1-4-3,8.7,34.69087077426198,25.990870774261982
2023-11-25,5,8,1-2-3,5.5,7.003860664241697,1.5038606642416967
2023-11-25,5,9,1-4-3,8.1,11.637069531906317,3.537069531906317
2023-11-25,5,10,1-2-4,10.9,10.959618311292306,0.0596183112923061
2023-11-26,6,1,1-2-6,46.2,30.53187211478746,-15.668127885212542
2023-11-26,6,4,1-3-4,8.4,32.066007995543835,23.666007995543836
2023-11-26,6,5,1-4-5,12.3,31.19815043543283,18.89815043543283
2023-11-26,6,6,1-5-4,45.7,32.843451373695814,-12.856548626304189
2023-11-26,6,7,1-5-4,37.6,42.0810376818939,4.481037681893902
2023-11-26,6,10,1-4-3,19.2,23.02817569559862,3.8281756955986204
2023-11-26,6,11,1-3-4,12.7,13.082103066306445,0.3821030663064455
2023-11-26,6,12,1-2-4,8.6,7.792022315115821,-0.8079776848841789
2023-11-28,1,1,1-3-5,60.7,32.75259907841166,-27.94740092158834
2023-11-28,1,4,1-3-2,50.5,33.9300977634345,-16.569902236565497
2023-11-28,1,5,1-4-3,59.0,33.12813046028062,-25.871869539719377
2023-11-28,1,6,1-4-6,167.2,98.01152658418765,-69.18847341581234
2023-11-28,1,7,1-3-2,24.2,19.773719798156357,-4.4262802018436425
2023-11-28,1,8,1-4-2,8.6,10.717202607343507,2.1172026073435077
2023-11-28,1,9,1-3-2,8.3,10.707029900461972,2.4070299004619713
2023-11-28,1,10,1-5-4,55.7,57.7635955877542,2.0635955877542003
2023-11-28,1,12,1-3-4,9.4,10.694502105843249,1.2945021058432484
2023-11-29,2,3,1-5-6,36.9,43.56644057879087,6.666440578790869
2023-11-29,2,6,1-4-2,23.8,15.930344918090999,-7.869655081909002
2023-11-29,2,7,1-2-3,6.1,10.108710461846739,4.008710461846739
2023-11-29,2,9,1-2-3,5.1,9.285543282577843,4.185543282577843
2023-11-29,2,11,1-4-3,13.4,17.57902323971462,4.179023239714619
2023-11-29,2,12,1-3-5,25.5,14.643758694384431,-10.856241305615569
2023-11-30,3,1,1-4-2,17.5,22.40828309026518,4.908283090265179
2023-11-30,3,3,1-3-5,21.3,36.1427090989037,14.8427090989037
2023-11-30,3,8,1-2-3,23.9,14.965545535730783,-8.934454464269216
2023-12-01,4,3,1-2-4,16.4,14.35659702593621,-2.0434029740637882
2023-12-01,4,7,1-3-2,7.2,8.563736522264573,1.3637365222645732
2023-12-01,4,8,1-5-3,64.3,58.84393313954119,-5.4560668604588045
2023-12-01,4,9,1-2-3,6.3,8.330975616063787,2.0309756160637873
2023-12-01,4,10,1-2-3,10.9,7.039855643863425,-3.8601443561365754
2023-12-01,4,11,1-2-4,9.9,10.449463407914486,0.5494634079144856
2023-12-01,4,12,1-3-5,25.2,18.702690545821213,-6.497309454178787
2023-12-02,5,1,1-3-6,29.2,23.337239334446966,-5.862760665553033
2023-12-02,5,2,1-2-3,32.2,14.026294881337575,-18.173705118662426
2023-12-02,5,3,1-4-3,10.9,32.80091165307521,21.900911653075212
2023-12-02,5,6,1-3-2,6.2,6.415892307230049,0.2158923072300487
2023-12-02,5,7,1-2-3,9.1,17.87598215932708,8.77598215932708
2023-12-02,5,8,1-4-3,12.5,22.8926072745344,10.392607274534399
2023-12-02,5,9,1-4-6,56.9,33.59636291840963,-23.303637081590367
2023-12-02,5,10,1-3-5,17.1,13.428021628303668,-3.6719783716963335
2023-12-02,5,11,1-3-2,10.8,11.87657443653701,1.07657443653701
2023-12-02,5,12,1-2-4,8.9,8.192177102318647,-0.7078228976813534
2023-12-03,6,1,1-4-6,22.8,35.16760300470223,12.367603004702229
2023-12-03,6,2,1-3-2,14.7,15.087262345815843,0.3872623458158433
2023-12-03,6,5,1-3-6,22.1,30.75485175442488,8.654851754424879
2023-12-03,6,7,1-2-6,9.4,33.98896115506442,24.588961155064425
2023-12-03,6,8,1-3-2,12.0,10.24040365191387,-1.7595963480861307
2023-12-03,6,9,1-4-2,13.0,13.094133849428351,0.09413384942835101
2023-12-03,6,11,1-4-2,37.2,12.11956261543683,-25.080437384563172
2023-12-05,1,1,1-4-2,23.5,21.08711520308694,-2.4128847969130582
2023-12-05,1,2,1-2-5,14.1,14.50129915495892,0.4012991549589202
2023-12-05,1,7,1-3-4,23.3,17.85613852730061,-5.443861472699389
2023-12-05,1,8,1-3-2,17.4,16.43934126332048,-0.9606587366795196
2023-12-05,1,9,1-4-2,51.4,52.57644622636023,1.176446226360234
2023-12-05,1,10,1-5-3,14.8,27.8876125890881,13.0876125890881
2023-12-06,2,2,1-2-6,19.9,36.58905207079928,16.689052070799285
2023-12-06,2,3,1-6-3,19.5,42.764494609721375,23.264494609721375
2023-12-06,2,5,1-2-3,11.4,20.650682760918148,9.250682760918147
2023-12-06,2,6,1-3-5,14.5,16.768790739356202,2.268790739356202
2023-12-06,2,8,1-4-2,7.0,8.389511978819312,1.3895119788193124
2023-12-06,2,9,1-3-4,7.8,12.395399203118991,4.595399203118991
2023-12-06,2,10,1-5-4,34.2,19.128580725682706,-15.071419274317297
2023-12-06,2,11,1-2-6,36.1,16.090988544670996,-20.009011455329006
2023-12-06,2,12,1-4-6,8.1,29.624566437258025,21.524566437258024
2023-12-07,3,1,1-2-6,44.2,28.347319607500843,-15.85268039249916
2023-12-07,3,2,1-3-5,10.5,27.978320355245533,17.478320355245533
2023-12-07,3,4,1-2-6,38.6,29.819558192355835,-8.780441807644166
2023-12-07,3,6,1-4-3,6.2,8.889583219372167,2.6895832193721665
2023-12-07,3,12,1-4-6,13.7,30.832061327047892,17.132061327047893
2023-12-08,4,3,1-3-4,9.5,46.751466627575056,37.251466627575056
2023-12-08,4,6,1-2-3,6.3,15.83435194861164,9.53435194861164
2023-12-08,4,7,1-6-2,18.0,19.022004405598036,1.022004405598036
2023-12-08,4,8,1-4-3,12.6,8.390804657552785,-4.209195342447215
2023-12-08,4,10,1-5-6,89.9,32.74513852151894,-57.15486147848107
2023-12-08,4,11,1-2-3,5.1,8.721024853102623,3.6210248531026235
2023-12-08,4,12,1-3-4,10.4,11.361359656758149,0.9613596567581482
2023-12-10,1,1,1-3-2,13.5,13.549857080056038,0.04985708005603762
2023-12-10,1,3,1-4-6,22.6,21.518584789037774,-1.081415210962227
2023-12-10,1,4,1-4-2,8.3,14.842114425289763,6.542114425289762
2023-12-10,1,11,1-6-3,40.6,47.98527603546563,7.38527603546563
2023-12-11,2,1,1-4-3,19.0,18.49065060894782,-0.5093493910521794
2023-12-11,2,3,1-4-6,45.1,21.783165150697318,-23.316834849302683
2023-12-11,2,6,1-4-6,34.0,19.70190868620889,-14.298091313791112
2023-12-11,2,8,1-3-4,8.5,8.106300308949162,-0.3936996910508377
2023-12-11,2,10,1-2-5,7.8,10.8357691593203,3.0357691593203002
2023-12-11,2,11,1-2-5,8.4,9.50419093605577,1.104190936055769
2023-12-11,2,12,1-4-2,13.9,13.820135657540762,-0.07986434245923846
2023-12-12,3,1,1-6-2,65.0,45.76234632844733,-19.23765367155267
2023-12-12,3,2,1-6-2,32.1,46.71350488547957,14.613504885479571
2023-12-12,3,3,1-4-5,37.9,25.9850270205192,-11.914972979480797
2023-12-12,3,4,1-3-4,18.9,9.006262552715139,-9.89373744728486
2023-12-12,3,5,1-4-3,11.8,15.926008157217995,4.126008157217994
2023-12-12,3,6,1-4-6,77.9,18.78721089380801,-59.112789106192
2023-12-12,3,9,1-6-5,73.7,28.484121020438266,-45.21587897956174
2023-12-12,3,10,1-3-4,6.3,11.312063218466207,5.012063218466207
2023-12-12,3,12,1-2-3,12.7,9.763334889075004,-2.936665110924995
2023-12-13,4,1,1-2-4,12.5,9.144199432562237,-3.355800567437763
2023-12-13,4,3,1-6-3,80.2,34.93355910761436,-45.266440892385646
2023-12-13,4,5,1-3-4,44.6,7.799692568435858,-36.80030743156414
2023-12-13,4,6,1-2-3,26.4,7.353964312078195,-19.046035687921805
2023-12-13,4,10,1-3-6,9.8,20.83058574042955,11.03058574042955
2023-12-13,4,11,1-3-2,15.6,16.444852505572015,0.8448525055720157
2023-12-13,4,12,1-2-5,48.4,17.431754225329474,-30.968245774670525
2023-12-14,5,2,1-5-6,147.6,34.38612879629144,-113.21387120370855
2023-12-14,5,3,1-4-5,35.3,20.605251951071406,-14.694748048928592
2023-12-14,5,5,1-5-3,35.1,20.743223967730973,-14.356776032269028
2023-12-14,5,6,1-2-4,10.6,7.63836049436573,-2.9616395056342695
2023-12-14,5,7,1-3-2,10.3,10.07499539641154,-0.2250046035884612
2023-12-14,5,8,1-3-4,8.1,8.246859982140686,0.14685998214068618
2023-12-14,5,9,1-4-2,10.2,11.74011189879338,1.5401118987933806
2023-12-14,5,10,1-5-2,25.3,25.855694183554224,0.5556941835542233
2023-12-14,5,11,1-4-6,33.9,28.47043546708691,-5.429564532913087
2023-12-14,5,12,1-3-2,11.6,16.217963937940123,4.617963937940123
2023-12-15,6,1,1-2-4,10.0,9.96958541009653,-0.030414589903470457
2023-12-15,6,2,1-5-4,51.5,30.47154461789712,-21.02845538210288
2023-12-15,6,3,1-2-4,12.7,8.726568092918544,-3.973431907081455
2023-12-15,6,5,1-5-6,63.0,27.19843384655811,-35.80156615344189
2023-12-15,6,6,1-3-6,16.8,14.747187548036724,-2.052812451963277
2023-12-15,6,7,1-2-4,9.8,7.4648737685374495,-2.335126231462551
2023-12-15,6,8,1-3-5,6.4,15.1016500021577,8.701650002157699
2023-12-15,6,11,1-3-6,31.5,16.682954014516802,-14.817045985483198
2023-12-15,6,12,1-5-6,47.1,39.50663367204266,-7.593366327957341
2023-12-23,1,2,1-6-4,182.0,34.90203618598708,-147.09796381401293
2023-12-23,1,8,1-4-3,18.7,13.245890126546902,-5.454109873453097
2023-12-23,1,11,1-3-4,10.3,13.181903153723882,2.881903153723881
2023-12-23,1,12,1-4-6,24.3,17.072419452312946,-7.2275805476870545
2023-12-24,2,1,1-6-3,70.5,76.32689706004703,5.826897060047031
2023-12-24,2,10,1-3-5,52.9,26.010343623398285,-26.889656376601714
2023-12-24,2,11,1-2-4,5.3,6.708059374498192,1.4080593744981922
2023-12-24,2,12,1-4-2,9.4,11.410337942127224,2.010337942127224
2023-12-25,3,3,1-3-2,25.7,51.562131591433385,25.862131591433386
2023-12-25,3,5,1-5-2,62.1,34.16436716972214,-27.93563283027786
2023-12-25,3,8,1-2-4,4.3,7.504732669919057,3.204732669919057
2023-12-25,3,10,1-3-4,30.5,24.520103186485393,-5.979896813514607
2023-12-25,3,11,1-2-3,8.7,5.813135899284385,-2.8868641007156146
2023-12-25,3,12,1-5-6,21.9,32.21954211810585,10.31954211810585
2023-12-26,4,8,1-2-4,3.8,3.1512290165283514,-0.6487709834716484
2023-12-26,4,12,1-2-6,6.1,12.459348317475385,6.359348317475385
2023-12-27,5,2,1-6-2,14.5,29.823926702020316,15.323926702020316
2023-12-27,5,4,1-6-5,21.4,25.55887078973156,4.158870789731562
2023-12-27,5,6,1-4-3,5.0,9.626272681537557,4.626272681537557
2023-12-27,5,7,1-2-6,3.6,10.698812185308372,7.098812185308372
2023-12-27,5,8,1-4-3,19.2,14.99638736780932,-4.20361263219068
2023-12-27,5,9,1-2-3,4.5,5.3220305518845485,0.8220305518845485
2023-12-27,5,11,1-2-3,3.7,4.8871868339638365,1.1871868339638363
2023-12-27,5,12,1-2-6,46.3,33.77986228398136,-12.520137716018638
2023-12-28,6,1,1-3-5,37.5,22.93994280733087,-14.560057192669131
2023-12-28,6,3,1-5-2,22.6,27.956290741055515,5.356290741055513
2023-12-28,6,4,1-6-5,33.5,35.992333206914076,2.4923332069140756
2023-12-28,6,7,1-2-6,9.3,12.135392898361129,2.8353928983611283
2023-12-28,6,9,1-3-2,15.3,30.162134801552778,14.862134801552777
2023-12-28,6,10,1-3-2,5.9,14.630703240346213,8.730703240346212
2023-12-28,6,11,1-3-4,10.5,11.862675031761578,1.3626750317615777
2023-12-28,6,12,1-2-4,16.2,10.611781710462827,-5.588218289537172
2023-12-30,1,5,1-6-4,70.9,24.19016996646403,-46.70983003353598
2023-12-30,1,8,1-2-4,3.5,5.57399444976216,2.07399444976216
2023-12-30,1,9,1-2-4,12.0,9.858737878316859,-2.141262121683141
2023-12-30,1,10,1-2-4,6.5,5.272221401127985,-1.227778598872015
2023-12-30,1,12,1-6-5,139.4,35.371855934678095,-104.02814406532191
2023-12-31,2,6,1-3-4,6.7,9.547252573618518,2.847252573618518
2023-12-31,2,8,1-3-5,23.4,15.752083426434517,-7.647916573565482
2023-12-31,2,9,1-2-3,11.7,7.675919574890009,-4.02408042510999
2023-12-31,2,10,1-3-6,43.2,23.31754039188628,-19.882459608113724
2023-12-31,2,11,1-3-2,8.4,10.178821445357649,1.7788214453576483
2023-12-31,2,12,1-2-4,7.3,6.047739943999872,-1.2522600560001278
2024-01-01,3,7,1-3-4,16.7,10.832096694917725,-5.867903305082274
2024-01-01,3,8,1-2-4,8.4,4.395565993603459,-4.004434006396542
2024-01-01,3,10,1-2-3,17.5,9.868264251510826,-7.631735748489174
2024-01-01,3,12,1-2-5,20.6,16.58435203021941,-4.015647969780591
2024-01-02,4,1,1-4-6,20.7,26.80714269472138,6.107142694721382
2024-01-02,4,2,1-5-2,37.5,27.267416768212723,-10.232583231787277
2024-01-02,4,6,1-5-4,147.8,101.06583316503357,-46.734166834966445
2024-01-02,4,7,1-3-6,4.7,16.116681947113122,11.416681947113123
2024-01-02,4,8,1-2-3,5.9,5.425854919747329,-0.4741450802526712
2024-01-02,4,9,1-3-5,7.8,11.240790975691095,3.440790975691095
2024-01-02,4,12,1-6-2,28.3,29.43379023066203,1.1337902306620293
2024-01-03,5,5,1-2-3,5.0,6.1762330102323855,1.1762330102323855
2024-01-03,5,10,1-3-2,9.8,12.4109195360281,2.6109195360280992
2024-01-03,5,11,1-2-3,3.8,5.806196753645567,2.0061967536455674
2024-01-03,5,12,1-4-3,13.3,21.95926214450099,8.659262144500989
2024-01-05,1,1,1-2-3,6.2,19.129873888588673,12.929873888588673
2024-01-05,1,2,1-5-2,17.0,33.13392742599782,16.13392742599782
2024-01-05,1,8,1-4-5,20.2,18.373480725306102,-1.8265192746938972
2024-01-05,1,10,1-2-4,5.4,7.756542048938717,2.3565420489387163
2024-01-06,2,1,1-2-5,9.4,15.30335394252708,5.90335394252708
2024-01-06,2,5,1-3-5,30.3,35.681540491388326,5.381540491388325
2024-01-06,2,7,1-4-5,265.2,72.730174800439,-192.469825199561
2024-01-06,2,8,1-4-6,22.7,49.52855711363935,26.828557113639352
2024-01-06,2,11,1-3-2,6.7,11.317206351948569,4.617206351948568
2024-01-07,3,1,1-4-3,13.9,19.468251291543318,5.5682512915433175
2024-01-07,3,5,1-2-3,6.8,7.350835718183542,0.5508357181835422
2024-01-08,4,2,1-2-4,13.6,20.554252078452457,6.954252078452457
2024-01-08,4,3,1-2-6,67.0,44.116540893526086,-22.883459106473914
2024-01-08,4,6,1-4-5,28.7,19.87893686310348,-8.82106313689652
2024-01-08,4,9,1-2-4,9.5,7.821200098736555,-1.678799901263445
2024-01-09,5,1,1-2-5,29.8,14.497384146421297,-15.302615853578704
2024-01-09,5,3,1-6-4,19.2,23.756589175729992,4.556589175729993
2024-01-09,5,7,1-2-6,15.4,19.865723570295064,4.465723570295063
2024-01-09,5,11,1-2-4,13.9,5.856484725771731,-8.04351527422827
2024-01-10,6,1,1-4-3,15.3,21.208124617867167,5.908124617867166
2024-01-10,6,2,1-3-2,8.8,16.33218471586071,7.5321847158607085
2024-01-10,6,4,1-2-3,10.0,11.990351454591483,1.990351454591483
2024-01-10,6,5,1-4-2,15.0,18.347597794080247,3.3475977940802473
2024-01-10,6,6,1-2-3,4.5,6.320426667812834,1.8204266678128338
2024-01-10,6,7,1-2-4,6.3,7.694835001413348,1.3948350014133482
2024-01-10,6,8,1-4-2,7.7,4.9540248977110775,-2.7459751022889227
2024-01-15,1,3,1-6-2,16.3,27.479172254978593,11.179172254978592
2024-01-15,1,7,1-6-4,142.9,58.67888168513154,-84.22111831486846
2024-01-15,1,8,1-2-6,37.1,27.820797301444866,-9.279202698555135
2024-01-15,1,9,1-4-2,47.9,34.1343182361107,-13.765681763889297
2024-01-15,1,11,1-4-6,47.8,30.275785703378794,-17.524214296621203
2024-01-16,2,5,1-2-4,29.1,19.920668384256754,-9.179331615743248
2024-01-16,2,6,1-6-2,281.1,66.7376222223236,-214.36237777767644
2024-01-16,2,8,1-2-6,23.5,25.319713723908187,1.8197137239081869
2024-01-16,2,9,1-3-2,12.5,13.488754302191637,0.9887543021916372
2024-01-16,2,10,1-4-6,17.1,22.0949782214348,4.994978221434799
2024-01-16,2,11,1-4-3,8.9,27.1050277094235,18.205027709423497
2024-01-16,2,12,1-2-3,8.1,7.530599638448134,-0.5694003615518657
2024-01-17,3,2,1-3-4,7.7,10.532255180665512,2.832255180665512
2024-01-17,3,8,1-2-4,4.9,5.764955785982416,0.8649557859824153
2024-01-17,3,9,1-2-3,21.8,9.805371745302923,-11.994628254697078
2024-01-17,3,11,1-3-2,43.6,7.932798107603686,-35.667201892396314
2024-01-17,3,12,1-2-3,9.7,7.271690480385768,-2.4283095196142312
2024-01-18,4,2,1-2-3,7.9,10.896998858276474,2.9969988582764735
2024-01-18,4,5,1-4-3,9.9,6.71728502560979,-3.18271497439021
2024-01-18,4,6,1-3-4,4.9,13.142666521599983,8.242666521599983
2024-01-18,4,9,1-3-5,5.7,10.168158845884832,4.468158845884832
2024-01-18,4,11,1-6-5,27.0,24.671282477355,-2.3287175226450003
2024-01-18,4,12,1-2-6,33.6,21.38329799434031,-12.216702005659691
2024-01-19,5,1,1-2-4,11.3,11.274760701894854,-0.0252392981051468
2024-01-19,5,2,1-2-5,54.7,10.851954971311724,-43.848045028688276
2024-01-19,5,5,1-5-3,27.9,36.36121779870736,8.46121779870736
2024-01-19,5,8,1-2-3,10.2,16.039196354861083,5.839196354861084
2024-01-19,5,9,1-4-6,66.9,28.60660143817221,-38.2933985618278
2024-01-19,5,11,1-3-6,43.2,17.1573505389488,-26.0426494610512
2024-01-19,5,12,1-4-3,16.3,14.950980585196454,-1.3490194148035464
2024-01-20,6,1,1-3-4,11.7,13.260123940609795,1.5601239406097953
2024-01-20,6,3,1-2-4,20.4,19.25417120690608,-1.1458287930939193
2024-01-20,6,5,1-4-6,64.9,25.58769933365101,-39.312300666348996
2024-01-20,6,6,1-4-5,52.9,47.706147453442036,-5.193852546557963
2024-01-20,6,9,1-2-3,9.8,12.902937656720274,3.1029376567202736
2024-01-20,6,12,1-2-4,10.1,9.17992044645378,-0.9200795535462198
2024-01-23,1,4,1-3-5,37.3,61.524773053167294,24.224773053167297
2024-01-23,1,10,1-3-2,28.2,28.204441379231408,0.00444137923140886
2024-01-23,1,11,1-3-6,18.1,25.035795097013384,6.935795097013383
2024-01-23,1,12,1-2-5,8.8,9.117849681177075,0.3178496811770746
2024-01-25,2,1,1-5-3,52.4,40.2242482396148,-12.175751760385197
2024-01-25,2,6,1-3-2,26.5,23.748008982716286,-2.7519910172837143
2024-01-25,2,8,1-3-6,30.4,28.896626002297264,-1.5033739977027345
2024-01-25,2,11,1-2-5,7.0,14.58668546050418,7.58668546050418
2024-01-25,2,12,1-4-2,15.5,12.4674933371806,-3.032506662819401
2024-01-26,3,7,1-5-2,12.2,20.046300690662466,7.846300690662467
2024-01-26,3,8,1-2-6,71.1,48.40632640097184,-22.693673599028152
2024-01-26,3,9,1-3-4,35.0,17.326672504679415,-17.673327495320585
2024-01-26,3,10,1-2-4,8.4,7.247100102184889,-1.1528998978151117
2024-01-26,3,11,1-2-5,8.7,15.540912641118764,6.840912641118765
2024-01-26,3,12,1-4-2,29.3,29.956825452579373,0.6568254525793726
2024-01-27,4,1,1-3-5,27.9,19.61615375599515,-8.283846244004849
2024-01-27,4,2,1-2-3,34.0,12.824867502041544,-21.175132497958458
2024-01-27,4,3,1-6-2,565.3,228.1474015723426,-337.1525984276574
2024-01-27,4,4,1-4-3,36.5,37.06595716966378,0.5659571696637826
2024-01-27,4,8,1-4-3,46.4,61.62147671910074,15.221476719100743
2024-01-27,4,9,1-3-2,5.2,7.955885537806431,2.7558855378064306
2024-01-27,4,11,1-4-6,26.4,38.537043565858475,12.137043565858477
2024-01-27,4,12,1-4-3,30.1,34.98562431234025,4.885624312340248
2024-01-28,5,3,1-5-6,26.8,24.472235374913758,-2.3277646250862425
2024-01-28,5,4,1-3-5,28.1,50.42469950859439,22.324699508594385
2024-01-28,5,5,1-3-4,16.9,22.29526510133633,5.3952651013363315
2024-01-28,5,6,1-2-5,39.9,20.073535868533053,-19.826464131466945
2024-01-28,5,7,1-3-6,6.2,16.145146753885292,9.945146753885293
2024-01-28,5,10,1-3-5,23.7,23.422965769803334,-0.27703423019666573
2024-01-28,5,12,1-2-4,8.9,9.264935212344025,0.36493521234402415
2024-01-29,6,2,1-3-5,20.8,17.080923357136033,-3.7190766428639677
2024-01-29,6,4,1-2-3,13.4,22.18075222771802,8.78075222771802
2024-01-29,6,6,1-2-5,77.7,37.94250465884686,-39.757495341153145
2024-01-29,6,11,1-3-6,19.2,25.702312943450366,6.502312943450367
2024-01-29,6,12,1-3-4,17.4,13.312094164621856,-4.087905835378143
2024-01-31,1,8,1-4-2,7.1,5.521627936598703,-1.5783720634012965
2024-01-31,1,11,1-5-2,11.9,23.785402054817457,11.885402054817456
2024-01-31,1,12,1-2-6,16.6,18.119543596425487,1.5195435964254855
2024-02-01,2,1,1-4-3,17.8,30.20862844888675,12.408628448886748
2024-02-01,2,5,1-3-5,11.0,25.72415391538986,14.72415391538986
2024-02-01,2,6,1-3-4,5.4,6.966935256997223,1.5669352569972226
2024-02-01,2,10,1-2-4,5.6,6.967505056904426,1.3675050569044265
2024-02-01,2,12,1-4-5,50.7,43.9161933600467,-6.783806639953305
2024-02-02,3,4,1-3-2,32.5,41.66787320494108,9.167873204941081
2024-02-02,3,5,1-2-5,23.0,19.367414961980813,-3.6325850380191866
2024-02-02,3,9,1-2-4,13.7,16.969336471525327,3.269336471525328
2024-02-02,3,11,1-6-4,122.7,65.91951921567674,-56.78048078432326
2024-02-02,3,12,1-2-3,9.4,8.574863582131314,-0.825136417868686
2024-02-03,4,3,1-2-3,9.2,22.487663736950363,13.287663736950364
2024-02-03,4,5,1-2-5,18.5,11.381302411395051,-7.118697588604949
2024-02-03,4,6,1-5-3,137.9,99.97857842000255,-37.92142157999746
2024-02-03,4,7,1-3-5,6.8,11.829821733086405,5.029821733086405
2024-02-03,4,8,1-2-3,4.6,4.603178786482293,0.0031787864822936385
2024-02-03,4,10,1-2-4,8.9,10.302526240174995,1.4025262401749945
2024-02-03,4,12,1-5-3,52.7,34.533079281330764,-18.16692071866924
2024-02-04,5,1,1-2-3,34.2,13.105002739385618,-21.094997260614385
2024-02-04,5,2,1-5-2,12.4,17.59645914064992,5.196459140649919
2024-02-04,5,6,1-4-3,6.9,7.22632189953722,0.3263218995372199
2024-02-04,5,7,1-6-2,19.7,29.55075728893801,9.85075728893801
2024-02-04,5,8,1-4-2,9.3,6.66243248449363,-2.6375675155063707
2024-02-04,5,9,1-3-5,14.3,15.539488527943185,1.239488527943184
2024-02-04,5,10,1-2-3,5.3,5.381420270117974,0.08142027011797381
2024-02-04,5,11,1-3-4,12.8,10.020070220792757,-2.7799297792072437
2024-02-05,6,1,1-5-4,78.0,36.228165304022646,-41.771834695977354
2024-02-05,6,2,1-6-3,150.9,58.73865384005653,-92.16134615994348
2024-02-05,6,4,1-4-3,26.8,21.156915976967028,-5.643084023032973
2024-02-05,6,5,1-3-4,16.9,11.988266576968249,-4.91173342303175
2024-02-05,6,8,1-2-5,14.8,26.998372740397667,12.198372740397666
2024-02-05,6,9,1-5-2,27.3,19.851374244827536,-7.448625755172465
2024-02-05,6,10,1-3-2,7.3,8.269901115207173,0.9699011152071728
2024-02-05,6,12,1-5-3,14.1,24.54308211635439,10.443082116354391
2024-02-06,7,2,1-4-6,80.0,16.839264318919266,-63.16073568108074
2024-02-06,7,3,1-4-2,10.3,10.006641176903893,-0.29335882309610817
2024-02-06,7,5,1-2-4,34.6,22.41870617442849,-12.181293825571512
2024-02-06,7,6,1-4-2,12.0,11.233947474581152,-0.7660525254188482
2024-02-06,7,8,1-2-4,3.6,5.028632553400169,1.4286325534001691
2024-02-06,7,12,1-2-5,13.3,10.158734653931184,-3.141265346068817
2024-02-11,1,1,1-3-2,16.4,18.077418765924573,1.6774187659245747
2024-02-11,1,3,1-5-2,19.8,16.236758873591956,-3.5632411264080446
2024-02-11,1,5,1-4-5,27.5,16.222236345515995,-11.277763654484005
2024-02-11,1,6,1-4-2,10.2,6.46337692995109,-3.7366230700489096
2024-02-11,1,8,1-2-3,7.3,6.7813440603406905,-0.5186559396593093
2024-02-11,1,9,1-2-3,17.4,7.984168519282636,-9.415831480717362
2024-02-11,1,11,1-4-3,18.2,10.843991633110702,-7.356008366889297
2024-02-11,1,12,1-2-3,7.7,9.775160664853805,2.0751606648538052
2024-02-12,2,1,1-4-6,32.3,16.80306800898399,-15.496931991016009
2024-02-12,2,2,1-3-4,8.8,11.815313173244897,3.0153131732448966
2024-02-12,2,4,1-3-6,20.6,12.393990802041177,-8.206009197958824
2024-02-12,2,5,1-2-3,11.9,5.5915150924570085,-6.308484907542992
2024-02-12,2,6,1-2-4,7.3,6.304056906935977,-0.9959430930640227
2024-02-12,2,7,1-4-2,34.7,9.999086273274253,-24.70091372672575
2024-02-12,2,10,1-4-2,21.9,11.857297616585443,-10.042702383414555
2024-02-12,2,11,1-4-3,17.9,16.490670556074498,-1.4093294439255004
2024-02-12,2,12,1-5-2,90.2,44.15628379564301,-46.04371620435699
2024-02-13,3,5,1-3-6,21.9,14.27528259415732,-7.624717405842679
2024-02-13,3,8,1-2-5,8.7,9.398473101279468,0.6984731012794683
2024-02-13,3,9,1-2-4,11.2,5.520697687736758,-5.679302312263241
2024-02-13,3,10,1-4-5,10.2,22.03914877722386,11.839148777223862
2024-02-13,3,12,1-2-5,26.7,12.872741383476011,-13.827258616523988
2024-02-14,4,2,1-5-4,16.9,18.237361421344474,1.3373614213444753
2024-02-14,4,3,1-2-6,38.3,24.32439846962366,-13.975601530376338
2024-02-14,4,5,1-4-2,14.0,7.489867365857237,-6.510132634142763
2024-02-14,4,8,1-6-2,31.1,19.828797583795744,-11.271202416204257
2024-02-14,4,10,1-2-6,8.1,14.7111482028421,6.6111482028421005
2024-02-14,4,11,1-2-4,7.6,8.02878199890863,0.4287819989086312
2024-02-15,5,1,1-4-6,101.2,20.229140138637042,-80.97085986136295
2024-02-15,5,2,1-4-2,16.0,12.952011456224364,-3.047988543775636
2024-02-15,5,4,1-6-2,170.2,37.24205829722899,-132.957941702771
2024-02-15,5,5,1-4-2,8.7,6.908919765941756,-1.791080234058243
2024-02-15,5,7,1-5-4,18.3,21.473786865453125,3.173786865453124
2024-02-15,5,10,1-3-5,23.0,10.723830441344623,-12.276169558655377
2024-02-16,6,3,1-6-3,26.4,30.988559537346248,4.588559537346249
2024-02-16,6,7,1-2-5,5.9,8.207417294156174,2.307417294156174
2024-02-16,6,8,1-3-6,14.0,17.745805623399857,3.745805623399857
2024-02-16,6,9,1-5-2,55.2,25.888992196263118,-29.311007803736885
2024-02-16,6,10,1-2-4,16.7,6.048717563635296,-10.651282436364703
2024-02-16,6,11,1-2-3,7.6,10.97126268728531,3.371262687285311
2024-02-20,1,1,1-3-6,48.0,35.60065126675561,-12.399348733244388
2024-02-20,1,8,1-4-3,10.8,10.218154552605704,-0.5818454473942971
2024-02-20,1,10,1-2-4,10.4,10.500778495749499,0.10077849574949838
2024-02-20,1,12,1-3-4,14.6,16.588692015637346,1.988692015637346
2024-02-21,2,8,1-4-2,9.5,8.606508831515479,-0.8934911684845215
2024-02-21,2,9,1-2-3,8.5,12.292268943019113,3.7922689430191134
2024-02-21,2,10,1-5-3,14.1,20.094682635487853,5.9946826354878535
2024-02-22,3,5,1-2-3,37.8,42.77093199518898,4.970931995188984
2024-02-22,3,6,1-3-4,4.3,9.444611233139623,5.144611233139623
2024-02-22,3,8,1-5-2,27.9,33.01414204389108,5.1141420438910785
2024-02-22,3,9,1-6-2,7.7,16.77938892520257,9.079388925202572
2024-02-22,3,10,1-3-2,6.8,6.053008948296456,-0.7469910517035441
2024-02-23,4,1,1-3-4,19.9,10.05723437135186,-9.842765628648138
2024-02-23,4,4,1-4-2,74.3,37.800490301684135,-36.49950969831586
2024-02-23,4,8,1-4-2,5.6,7.649444804578067,2.0494448045780675
2024-02-23,4,9,1-2-3,4.6,10.059535093787186,5.459535093787187
2024-02-24,5,1,1-4-3,8.8,29.78982064602333,20.98982064602333
2024-02-24,5,5,1-5-4,21.3,18.509308807049667,-2.7906911929503337
2024-02-24,5,8,1-2-4,5.7,4.483089060422818,-1.2169109395771818
2024-02-24,5,10,1-3-2,7.2,8.571829966901536,1.3718299669015357
2024-02-24,5,11,1-3-4,24.5,13.50592937522037,-10.99407062477963
2024-02-25,6,2,1-3-6,9.6,25.02081958123616,15.420819581236161
2024-02-25,6,4,1-4-6,61.7,39.689006551053126,-22.010993448946877
2024-02-25,6,6,1-3-4,5.8,9.678871112157902,3.878871112157902
2024-02-25,6,7,1-4-2,7.1,28.573530635774663,21.473530635774665
2024-02-25,6,8,1-4-2,4.8,5.289419453428643,0.4894194534286429
2024-02-25,6,9,1-3-5,15.1,35.16102452653257,20.06102452653257
2024-02-25,6,12,1-5-3,43.5,28.197109742895332,-15.302890257104668
2024-02-27,1,8,1-2-4,5.1,7.002552319763316,1.9025523197633163
2024-02-27,1,10,1-2-5,28.1,17.39458506618523,-10.705414933814772
2024-02-27,1,11,1-6-2,94.6,57.35967468127381,-37.240325318726185
2024-02-27,1,12,1-3-4,12.5,15.340914331684415,2.8409143316844148
2024-02-28,2,5,1-3-2,31.2,24.74421222446581,-6.455787775534191
2024-02-28,2,6,1-4-6,56.7,65.70210312351178,9.002103123511773
2024-02-28,2,8,1-2-5,9.2,14.57857420809879,5.37857420809879
2024-02-28,2,9,1-2-6,7.8,16.012924533069352,8.212924533069351
2024-02-28,2,11,1-4-3,41.0,23.280916656694668,-17.719083343305332
2024-02-28,2,12,1-2-6,39.8,24.439869354965214,-15.360130645034783
2024-02-29,3,1,1-4-5,134.5,46.82266586545024,-87.67733413454977
2024-02-29,3,7,1-5-6,23.9,23.639276142450996,-0.26072385754900296
2024-02-29,3,8,1-3-2,23.3,15.466052682349213,-7.833947317650788
2024-02-29,3,12,1-5-6,35.2,56.749893170095035,21.549893170095032
2024-03-01,4,3,1-5-3,66.3,47.34556291197167,-18.954437088028328
2024-03-01,4,4,1-2-3,20.0,23.495271873128104,3.495271873128104
2024-03-01,4,6,1-4-3,7.7,8.301986090745338,0.6019860907453376
2024-03-02,5,3,1-2-6,11.6,13.446879264515415,1.8468792645154153
2024-03-02,5,5,1-6-2,29.8,63.11981648418835,33.31981648418835
2024-03-02,5,6,1-3-4,5.2,10.17259792925469,4.9725979292546905
2024-03-02,5,8,1-3-2,14.0,10.910825424472053,-3.089174575527947
2024-03-02,5,10,1-3-4,25.4,28.525877047551184,3.1258770475511852
2024-03-02,5,11,1-3-4,8.7,8.332639822667472,-0.367360177332527
2024-03-02,5,12,1-3-4,13.7,16.71356574398792,3.0135657439879218
2024-03-03,6,1,1-2-3,8.1,10.371501097683641,2.2715010976836414
2024-03-03,6,2,1-5-2,18.3,30.254483747629227,11.954483747629226
2024-03-03,6,4,1-5-3,5.4,17.668777321521397,12.268777321521396
2024-03-03,6,6,1-2-5,60.1,23.41783301593635,-36.682166984063656
2024-03-03,6,7,1-3-2,13.1,15.82812736972499,2.728127369724991
2024-03-03,6,8,1-4-3,17.9,17.5324396445669,-0.36756035543309906
2024-03-03,6,9,1-3-4,11.5,12.248454985595114,0.7484549855951137
2024-03-05,1,1,1-4-2,13.7,12.337948593170408,-1.3620514068295915
2024-03-05,1,2,1-2-4,44.1,7.965708853664827,-36.13429114633517
2024-03-05,1,4,1-5-2,81.3,45.2311844211664,-36.0688155788336
2024-03-05,1,8,1-4-2,9.0,6.844622475886076,-2.1553775241139244
2024-03-05,1,9,1-2-6,34.2,17.957521628411566,-16.242478371588437
2024-03-05,1,12,1-4-2,9.2,10.065160344213947,0.8651603442139475
2024-03-06,2,3,1-3-4,81.3,13.911781958770359,-67.38821804122963
2024-03-06,2,5,1-2-4,14.4,10.09981699473337,-4.30018300526663
2024-03-06,2,11,1-3-5,19.6,15.434289404076669,-4.165710595923333
2024-03-06,2,12,1-3-6,39.0,20.307223083327237,-18.692776916672763
2024-03-07,3,3,1-5-3,68.1,42.14734255000196,-25.952657449998036
2024-03-07,3,4,1-3-5,10.9,8.713726257199054,-2.186273742800946
2024-03-07,3,6,1-2-4,13.7,8.14712084823389,-5.55287915176611
2024-03-07,3,7,1-2-6,22.2,18.31048294849755,-3.889517051502448
2024-03-07,3,8,1-2-3,10.6,4.989250669402487,-5.610749330597512
2024-03-07,3,9,1-3-2,23.9,15.601743813016373,-8.298256186983625
2024-03-07,3,11,1-5-6,65.7,36.12894035682341,-29.57105964317659
2024-03-08,4,4,1-3-2,38.4,16.093054048248703,-22.306945951751295
2024-03-08,4,7,1-3-2,18.1,28.76923489846392,10.66923489846392
2024-03-09,5,5,1-5-2,15.7,22.322911914788218,6.622911914788219
2024-03-09,5,6,1-4-2,16.1,10.891699609608622,-5.208300390391379
2024-03-09,5,8,1-3-2,14.3,17.38679047270204,3.086790472702038
2024-03-09,5,10,1-3-4,11.6,14.047082267491618,2.447082267491618
2024-03-09,5,12,1-4-2,18.6,12.833773797659628,-5.766226202340373
2024-03-10,6,1,1-2-5,16.2,10.293376375545183,-5.9066236244548165
2024-03-10,6,2,1-3-2,10.8,10.499290902901157,-0.30070909709884397
2024-03-10,6,3,1-2-3,14.5,18.392800749190176,3.892800749190176
2024-03-10,6,4,1-2-6,21.6,22.27684346324551,0.6768434632455076
2024-03-10,6,5,1-2-4,7.5,4.784781293095035,-2.715218706904965
2024-03-10,6,6,1-4-6,21.1,24.777592471463862,3.6775924714638606
2024-03-10,6,7,1-3-6,13.8,20.36739359872205,6.567393598722049
2024-03-10,6,8,1-2-3,5.7,8.554265107040006,2.854265107040006
2024-03-10,6,10,1-3-2,9.9,19.355061259583085,9.455061259583085
2024-03-10,6,11,1-2-3,9.3,10.70857786896195,1.4085778689619488
2024-03-10,6,12,1-5-6,28.1,20.75908440406468,-7.340915595935321
2024-03-13,1,1,1-2-3,6.8,13.526212747239367,6.726212747239367
2024-03-13,1,5,1-6-3,22.5,37.660434062033374,15.160434062033374
2024-03-13,1,8,1-3-4,15.7,14.720310738759931,-0.9796892612400683
2024-03-13,1,9,1-2-3,6.1,9.954516066404226,3.8545160664042264
2024-03-13,1,10,1-5-3,23.8,51.91911069845685,28.119110698456847
2024-03-13,1,11,1-5-3,69.1,40.26497755190572,-28.83502244809427
2024-03-13,1,12,1-3-2,16.3,13.162980443906658,-3.1370195560933425
2024-03-14,2,1,1-2-3,10.2,14.861009343544934,4.661009343544935
2024-03-14,2,4,1-4-5,17.7,19.126486764473103,1.426486764473104
2024-03-14,2,6,1-4-3,4.4,9.710321977556315,5.310321977556315
2024-03-14,2,7,1-5-3,9.0,31.510803517369027,22.510803517369027
2024-03-14,2,9,1-5-2,21.4,41.620688728951535,20.220688728951536
2024-03-14,2,10,1-3-6,16.7,34.47270746735536,17.772707467355364
2024-03-14,2,11,1-4-2,18.2,10.327794539192665,-7.872205460807335
2024-03-15,3,1,1-6-4,88.1,31.77628691428894,-56.323713085711056
2024-03-15,3,2,1-3-6,17.4,18.95422269777013,1.5542226977701326
2024-03-15,3,6,1-4-3,13.7,10.990981344294642,-2.709018655705357
2024-03-15,3,7,1-2-6,13.2,22.25914690613899,9.059146906138992
2024-03-15,3,8,1-2-4,3.6,3.1995603940289237,-0.4004396059710764
2024-03-15,3,9,1-2-5,8.5,11.241870623471124,2.741870623471124
2024-03-15,3,10,1-6-3,51.8,36.832885330494854,-14.967114669505143
2024-03-15,3,11,1-3-2,11.0,10.516692009125208,-0.4833079908747919
2024-03-16,4,3,1-2-3,25.1,27.437266398518478,2.3372663985184765
2024-03-16,4,4,1-4-6,78.8,31.84827913025248,-46.95172086974752
2024-03-16,4,5,1-3-6,23.9,19.77129731774594,-4.128702682254058
2024-03-16,4,7,1-4-5,30.0,36.81862705603738,6.8186270560373785
2024-03-16,4,8,1-4-2,7.5,10.543998392005888,3.0439983920058875
2024-03-16,4,9,1-2-6,45.5,27.263974064828492,-18.236025935171508
2024-03-16,4,10,1-2-4,5.9,4.37669542511253,-1.5233045748874705
2024-03-16,4,11,1-5-3,25.2,18.755941586149188,-6.4440584138508115
2024-03-16,4,12,1-3-2,16.9,15.588952106835496,-1.3110478931645027
2024-03-18,1,1,1-3-2,11.6,16.60085456558597,5.0008545655859695
2024-03-18,1,8,1-2-3,11.9,9.719182199864402,-2.180817800135598
2024-03-18,1,9,1-3-4,6.8,15.80647597639907,9.00647597639907
2024-03-18,1,10,1-2-4,5.2,5.005019598620059,-0.194980401379941
2024-03-18,1,12,1-3-2,7.6,12.219218690610525,4.619218690610525
2024-03-19,2,1,1-3-2,10.3,23.618643547961874,13.318643547961873
2024-03-19,2,4,1-3-5,8.4,13.901194338132404,5.501194338132404
2024-03-19,2,6,1-2-4,126.9,32.13763884602512,-94.7623611539749
2024-03-19,2,8,1-2-4,3.9,5.182052976389816,1.2820529763898159
2024-03-19,2,9,1-5-6,22.1,30.04322542112665,7.943225421126648
2024-03-19,2,10,1-2-4,6.7,9.274772756624714,2.5747727566247134
2024-03-19,2,11,1-4-2,26.2,23.761986713233018,-2.4380132867669815
2024-03-21,3,2,1-2-3,13.2,11.92819829779718,-1.2718017022028185
2024-03-21,3,3,1-3-2,21.5,33.07494266481215,11.574942664812149
2024-03-21,3,8,1-4-5,12.0,28.085912453583926,16.085912453583926
2024-03-21,3,9,1-2-5,4.6,12.603570249391643,8.003570249391643
2024-03-21,3,11,1-4-3,10.2,10.994317883582854,0.7943178835828544
2024-03-21,3,12,1-3-4,9.4,14.743179358964532,5.343179358964532
2024-03-22,4,1,1-3-2,8.2,15.641231786805513,7.441231786805513
2024-03-22,4,2,1-2-4,11.8,23.666482655805655,11.866482655805655
2024-03-22,4,4,1-2-3,22.4,13.348130424515553,-9.051869575484446
2024-03-22,4,8,1-2-3,3.8,5.774227106326459,1.9742271063264596
2024-03-22,4,10,1-3-4,10.4,22.029051293666754,11.629051293666754
2024-03-22,4,11,1-2-4,11.6,11.35795060385923,-0.2420493961407697
2024-03-22,4,12,1-2-3,12.8,8.27657448211058,-4.52342551788942
2024-03-23,5,2,1-2-3,9.9,20.850452350429364,10.950452350429364
2024-03-23,5,3,1-3-5,37.4,32.055103888026785,-5.344896111973213
2024-03-23,5,5,1-5-6,8.8,16.44197594424867,7.641975944248671
2024-03-23,5,6,1-2-3,14.0,21.49390719946764,7.493907199467639
2024-03-23,5,7,1-6-5,42.0,45.06403135771272,3.0640313577127216
2024-03-23,5,8,1-4-5,22.6,23.1842420759009,0.5842420759008995
2024-03-23,5,9,1-5-2,19.5,18.42483470040193,-1.0751652995980692
2024-03-23,5,11,1-3-4,8.4,7.985736306953263,-0.4142636930467374
2024-03-23,5,12,1-3-4,4.9,21.418223609070967,16.518223609070965
2024-03-24,6,1,1-2-5,8.5,34.43057960337988,25.930579603379883
2024-03-24,6,2,1-3-2,9.1,20.205785569123066,11.105785569123066
2024-03-24,6,3,1-2-6,31.6,29.54162771177956,-2.05837228822044
2024-03-24,6,4,1-4-2,12.2,21.125625894890156,8.925625894890157
2024-03-24,6,6,1-3-4,6.7,18.60595407816331,11.905954078163312
2024-03-24,6,7,1-2-4,9.8,21.66965652036122,11.869656520361218
2024-03-24,6,8,1-4-3,7.0,9.01672115155022,2.01672115155022
2024-03-24,6,9,1-4-5,15.3,33.16583477227645,17.865834772276447
2024-03-24,6,10,1-4-2,22.6,18.886155469491584,-3.7138445305084176
2024-03-24,6,12,1-2-3,10.0,10.945493366397242,0.9454933663972422
2024-04-29,1,4,1-4-2,80.8,26.173325216140448,-54.62667478385955
2024-04-29,1,7,1-3-4,11.6,15.845927502160386,4.245927502160386
2024-04-29,1,8,1-2-4,5.1,4.64223447016549,-0.4577655298345098
2024-04-30,2,2,1-4-3,19.2,16.276831896527224,-2.9231681034727757
2024-04-30,2,3,1-2-3,14.1,29.227408491059073,15.127408491059073
2024-04-30,2,4,1-2-6,13.0,29.693973509098647,16.693973509098647
2024-04-30,2,6,1-2-3,32.9,13.031672080674952,-19.868327919325047
2024-04-30,2,7,1-5-6,31.0,60.19444989549949,29.19444989549949
2024-04-30,2,8,1-4-5,10.8,15.725132299457412,4.925132299457411
2024-04-30,2,10,1-4-5,6.6,27.3416560502695,20.741656050269498
2024-05-01,3,1,1-3-4,17.2,33.786911409802656,16.586911409802656
2024-05-01,3,2,1-2-6,11.5,51.120359079836675,39.620359079836675
2024-05-01,3,3,1-3-5,33.3,47.26347917007273,13.96347917007273
2024-05-01,3,4,1-4-6,30.5,75.52233371059415,45.022333710594154
2024-05-01,3,9,1-3-4,30.2,46.27204964355333,16.07204964355333
2024-05-01,3,10,1-2-5,5.6,46.75791991743166,41.157919917431656
2024-05-01,3,11,1-4-2,35.7,59.782388750680376,24.082388750680373
2024-05-02,4,2,1-2-5,20.4,35.88294236241415,15.48294236241415
2024-05-02,4,5,1-2-3,38.4,46.55606344709712,8.156063447097118
2024-05-02,4,6,1-3-4,3.5,51.63202732950452,48.13202732950452
2024-05-02,4,8,1-2-4,3.5,45.581757784210815,42.081757784210815
2024-05-02,4,9,1-3-5,52.1,55.102927654085065,3.002927654085063
2024-05-02,4,10,1-6-4,465.5,143.6380664817961,-321.8619335182039
2024-05-02,4,12,1-6-4,86.2,132.97968942117572,46.77968942117572
2024-05-04,1,2,1-2-3,15.5,31.738942350760375,16.238942350760375
2024-05-04,1,5,1-4-5,32.8,56.704934293577345,23.904934293577348
2024-05-04,1,6,1-3-4,3.7,42.10412262171877,38.40412262171877
2024-05-04,1,7,1-2-5,5.5,53.75447730964013,48.25447730964013
2024-05-04,1,8,1-2-3,8.5,42.524382883385776,34.024382883385776
2024-05-04,1,9,1-3-2,8.8,55.43165823482634,46.63165823482633
2024-05-04,1,11,1-2-5,6.1,48.4160043285888,42.3160043285888
2024-05-04,1,12,1-2-3,8.9,48.488699997921685,39.58869999792169
2024-05-05,2,1,1-4-6,19.8,49.72005318012444,29.920053180124437
2024-05-05,2,3,1-5-2,8.1,65.14501596701759,57.045015967017584
2024-05-05,2,5,1-3-5,18.7,51.580452122380855,32.88045212238086
2024-05-05,2,8,1-2-4,4.1,42.750031273707606,38.650031273707604
2024-05-05,2,9,1-2-4,5.9,45.155309731424076,39.25530973142408
2024-05-06,3,5,1-2-5,6.1,52.43610037917428,46.336100379174276
2024-05-06,3,7,1-6-4,46.9,137.87505738477333,90.97505738477332
2024-05-06,3,8,1-2-5,12.8,46.58189930580715,33.781899305807144
2024-05-06,3,9,1-2-3,5.9,50.10590581448134,44.20590581448134
2024-05-06,3,11,1-2-6,10.6,71.91657961617756,61.316579616177556
2024-05-06,3,12,1-5-2,13.6,75.65817526322124,62.05817526322124
2024-05-07,4,1,1-6-4,175.1,98.24404757799152,-76.85595242200847
2024-05-07,4,4,1-3-4,13.2,46.31249863641715,33.11249863641716
2024-05-07,4,5,1-4-6,8.7,87.6176635848456,78.9176635848456
2024-05-07,4,6,1-2-6,73.8,64.53654548092105,-9.263454519078948
2024-05-07,4,7,1-4-3,12.2,60.30904169418429,48.109041694184285
2024-05-07,4,8,1-3-5,20.7,49.284490668094165,28.584490668094165
2024-05-07,4,9,1-2-4,7.2,53.5072942658825,46.3072942658825
2024-05-07,4,10,1-2-5,10.9,49.73286579604427,38.832865796044274
2024-05-07,4,12,1-4-6,54.0,74.08793398160329,20.087933981603285
2024-05-08,5,1,1-3-5,21.3,37.645531112356835,16.345531112356834
2024-05-08,5,2,1-3-4,45.8,36.7042869930363,-9.095713006963699
2024-05-08,5,4,1-3-4,10.5,39.44014792419216,28.94014792419216
2024-05-08,5,5,1-2-5,16.7,47.07398708388201,30.37398708388201
2024-05-08,5,8,1-4-2,5.2,59.50567994215203,54.305679942152025
2024-05-08,5,9,1-4-3,25.9,61.18840818620935,35.28840818620935
2024-05-08,5,10,1-2-5,7.8,50.10049209429978,42.300492094299784
2024-05-08,5,12,1-5-2,49.9,83.6760425532722,33.7760425532722
2024-05-09,6,3,1-3-2,10.8,44.003016931204876,33.20301693120487
2024-05-09,6,4,1-3-2,6.7,43.511980700800756,36.81198070080075
2024-05-09,6,5,1-2-6,7.8,64.54658408565044,56.74658408565044
2024-05-09,6,6,1-3-2,7.5,49.779624875379554,42.279624875379554
2024-05-09,6,7,1-2-5,13.4,43.70141566407858,30.301415664078583
2024-05-09,6,9,1-3-2,5.6,50.48728160238065,44.88728160238065
2024-05-09,6,10,1-2-3,11.5,40.91634433587321,29.416344335873212
2024-05-12,1,3,1-5-6,17.0,81.38117459566877,64.38117459566877
2024-05-12,1,8,1-4-2,6.1,56.89291524806519,50.792915248065185
2024-05-12,1,9,1-2-5,4.5,48.245493463980836,43.745493463980836
2024-05-12,1,10,1-2-6,46.3,72.87778600788882,26.577786007888818
2024-05-12,1,11,1-2-3,8.5,47.71200244490488,39.21200244490488
2024-05-12,1,12,1-5-2,21.3,88.1535943683076,66.8535943683076
2024-05-13,2,1,1-2-3,8.5,28.74166010880611,20.24166010880611
2024-05-13,2,3,1-3-2,51.8,46.54190207491734,-5.258097925082659
2024-05-13,2,8,1-4-2,6.3,55.96189906285763,49.661899062857636
2024-05-13,2,9,1-3-6,4.7,74.0514025768367,69.35140257683669
2024-05-13,2,10,1-5-2,36.8,70.45540329853984,33.65540329853984
2024-05-13,2,11,1-2-6,15.2,63.203179150900056,48.00317915090005
2024-05-14,3,1,1-5-3,43.2,62.05102344028796,18.85102344028796
2024-05-14,3,2,1-4-3,13.1,38.954134525782024,25.854134525782023
2024-05-14,3,3,1-5-4,16.2,78.83596578894313,62.635965788943125
2024-05-14,3,5,1-5-6,10.3,80.33248599841082,70.03248599841082
2024-05-14,3,6,1-4-2,15.2,53.889687801470295,38.6896878014703
2024-05-14,3,7,1-2-6,51.0,70.95764732394527,19.957647323945267
2024-05-14,3,8,1-4-5,25.7,66.21861631194895,40.518616311948946
2024-05-14,3,9,1-3-5,20.8,50.323170938661605,29.523170938661604
2024-05-14,3,10,1-3-4,19.4,55.83978424254279,36.43978424254279
2024-05-14,3,11,1-3-2,4.8,43.2111484407196,38.4111484407196
2024-05-15,4,5,1-5-6,96.3,83.93841035136504,-12.361589648634961
2024-05-15,4,6,1-3-4,4.6,43.14466598282561,38.544665982825606
2024-05-15,4,7,1-5-3,302.8,79.16004958315195,-223.63995041684808
2024-05-15,4,8,1-2-3,4.2,37.48791351098888,33.28791351098888
2024-05-15,4,11,1-6-2,201.4,140.0525120446668,-61.34748795533321
2024-05-15,4,12,1-2-3,4.9,51.661369477549144,46.761369477549145
2024-05-20,1,2,1-3-6,8.5,49.26068113157769,40.76068113157769
2024-05-20,1,6,1-4-3,9.1,57.41947313165364,48.31947313165364
2024-05-20,1,7,1-3-4,14.7,44.42443688805147,29.724436888051468
2024-05-20,1,11,1-3-4,10.9,48.833014440457596,37.9330144404576
2024-05-21,2,1,1-3-5,28.6,34.067023158730585,5.4670231587305835
2024-05-21,2,3,1-3-4,26.9,42.857620388611956,15.957620388611957
2024-05-21,2,4,1-4-3,97.3,62.41999610727017,-34.880003892729825
2024-05-21,2,7,1-2-3,14.1,46.99018203671096,32.89018203671096
2024-05-21,2,10,1-2-3,5.1,48.41795416907138,43.31795416907138
2024-05-21,2,11,1-3-2,23.8,61.32772856179135,37.52772856179135
2024-05-21,2,12,1-2-4,6.1,47.85459481285529,41.75459481285529
2024-05-22,3,1,1-3-2,8.0,33.87719318058658,25.87719318058658
2024-05-22,3,3,1-6-4,329.8,139.281460216468,-190.51853978353202
2024-05-22,3,5,1-5-3,9.0,80.74394407435761,71.74394407435761
2024-05-22,3,9,1-5-4,11.6,81.69823728771793,70.09823728771794
2024-05-22,3,10,1-2-3,3.9,46.119349594822644,42.219349594822646
2024-05-22,3,12,1-3-4,7.1,42.46448520954742,35.36448520954742
2024-05-23,4,7,1-2-5,3.3,49.80931909367303,46.509319093673035
2024-05-23,4,9,1-2-3,5.9,46.66828720305228,40.76828720305228
2024-05-23,4,10,1-2-5,5.6,48.86275748463759,43.26275748463759
2024-05-23,4,11,1-4-2,10.5,54.904391576808166,44.404391576808166
2024-05-24,5,1,1-3-4,16.1,35.29304909156498,19.19304909156498
2024-05-24,5,2,1-3-5,8.9,36.53878118376877,27.63878118376877
2024-05-24,5,5,1-2-3,11.4,47.96076007451411,36.560760074514114
2024-05-24,5,7,1-2-6,6.1,59.107417825410145,53.007417825410144
2024-05-24,5,8,1-2-3,4.8,46.096713745396514,41.29671374539652
2024-05-24,5,10,1-2-4,5.1,42.539614705225624,37.43961470522562
2024-05-24,5,11,1-4-3,20.3,54.776450389171224,34.47645038917122
2024-05-24,5,12,1-4-2,12.1,68.69005467711477,56.59005467711477
2024-05-25,6,2,1-6-3,28.8,98.43452716026272,69.63452716026272
2024-05-25,6,3,1-5-6,55.9,74.85940630742725,18.95940630742725
2024-05-25,6,4,1-2-4,19.2,39.28304470920194,20.08304470920194
2024-05-25,6,5,1-5-3,141.9,78.98038518427153,-62.91961481572848
2024-05-25,6,7,1-6-2,11.4,123.28857000174165,111.88857000174164
2024-05-25,6,8,1-4-2,5.4,54.97865843030905,49.578658430309055
2024-05-25,6,10,1-5-3,86.9,75.4515963377506,-11.448403662249405
2024-05-25,6,12,1-3-2,17.2,46.10596187434193,28.90596187434193
2024-05-26,7,1,1-2-5,10.3,33.775993191117855,23.475993191117855
2024-05-26,7,3,1-3-5,26.0,43.37546854546575,17.37546854546575
2024-05-26,7,4,1-5-3,11.8,88.35798171111644,76.55798171111644
2024-05-26,7,5,1-3-6,58.6,63.222393604392636,4.622393604392634
2024-05-26,7,7,1-3-2,9.2,44.42816041249441,35.228160412494404
2024-05-26,7,8,1-2-3,9.5,40.615661780783256,31.115661780783256
2024-05-26,7,9,1-3-4,28.8,47.10782507757095,18.30782507757095
2024-05-26,7,10,1-3-5,5.1,42.9357099401395,37.8357099401395
2024-05-26,7,11,1-3-2,6.3,49.80881378207269,43.50881378207269
2024-05-29,1,1,1-3-6,37.8,46.93360803496281,9.133608034962812
2024-05-29,1,2,1-4-3,17.8,42.65838939622406,24.85838939622406
2024-05-29,1,3,1-5-3,45.1,68.01496572227559,22.91496572227559
2024-05-29,1,4,1-4-6,37.1,81.5937278026127,44.4937278026127
2024-05-29,1,5,1-2-3,16.0,36.28685064525678,20.286850645256777
2024-05-29,1,8,1-3-6,26.5,73.68271908637027,47.18271908637027
2024-05-29,1,9,1-2-5,5.3,48.28395258711748,42.983952587117486
2024-05-29,1,11,1-3-5,20.4,47.7741434565711,27.374143456571105
2024-05-29,1,12,1-3-2,9.3,44.571556180016515,35.27155618001652
2024-05-30,2,1,1-3-2,18.0,31.09829157859592,13.09829157859592
2024-05-30,2,3,1-3-6,12.7,72.63551473879839,59.93551473879839
2024-05-30,2,4,1-6-2,33.5,131.04386663356587,97.54386663356587
2024-05-30,2,6,1-2-4,14.3,49.72401923190961,35.42401923190961
2024-05-30,2,7,1-2-4,5.1,51.52665046731095,46.42665046731095
2024-05-30,2,8,1-3-4,6.7,49.375799222939776,42.67579922293977
2024-05-30,2,12,1-2-4,17.9,52.77778242988644,34.877782429886445
2024-05-31,3,1,1-3-2,10.2,35.57572389738069,25.37572389738069
2024-05-31,3,3,1-4-3,45.4,53.75703004584193,8.357030045841931
2024-05-31,3,5,1-2-4,15.9,40.30159891569508,24.401598915695082
2024-05-31,3,7,1-3-2,23.6,48.341671577460005,24.741671577460004
2024-05-31,3,8,1-2-4,5.9,46.29155532741938,40.39155532741938
2024-05-31,3,11,1-3-2,6.9,51.46509725668598,44.56509725668598
2024-06-01,4,1,1-3-4,8.3,29.95843587014488,21.658435870144878
2024-06-01,4,3,1-3-2,15.0,44.88074192712065,29.880741927120653
2024-06-01,4,4,1-3-2,9.5,51.47761076858478,41.97761076858478
2024-06-01,4,6,1-5-3,15.4,79.06335438179234,63.66335438179234
2024-06-01,4,9,1-5-3,58.7,75.59837462613484,16.89837462613484
2024-06-12,1,1,1-4-3,31.9,39.88408912344583,7.984089123445834
2024-06-12,1,8,1-3-4,8.8,49.66614959550227,40.866149595502264
2024-06-12,1,9,1-4-6,53.0,84.46838919338848,31.468389193388475
2024-06-12,1,10,1-2-5,14.7,48.93270401366516,34.232704013665156
2024-06-12,1,11,1-3-6,13.4,75.82801351469008,62.428013514690086
2024-06-13,2,2,1-6-2,23.9,92.2162914041014,68.3162914041014
2024-06-13,2,3,1-6-3,47.8,133.7373835136544,85.93738351365441
2024-06-13,2,4,1-2-4,17.4,39.464912587032664,22.064912587032666
2024-06-13,2,6,1-2-5,46.3,49.080677451073505,2.780677451073508
2024-06-13,2,7,1-2-6,4.8,55.79675909315682,50.996759093156825
2024-06-13,2,8,1-2-4,6.0,44.43184582312964,38.43184582312964
2024-06-13,2,9,1-2-3,6.8,45.88851189479828,39.08851189479828
2024-06-13,2,10,1-2-3,8.2,43.09700495979011,34.89700495979011
2024-06-13,2,11,1-3-4,26.6,54.30278072713877,27.702780727138766
2024-06-13,2,12,1-3-4,4.6,48.737005177163745,44.13700517716374
2024-06-14,3,5,1-3-5,28.7,45.44370599425599,16.743705994255993
2024-06-14,3,8,1-6-5,104.3,133.76068939087247,29.460689390872474
2024-06-14,3,9,1-3-4,9.0,46.370443639222046,37.370443639222046
2024-06-14,3,10,1-3-4,7.5,51.30646030547849,43.80646030547849
2024-06-14,3,11,1-2-4,10.5,45.13509363035895,34.63509363035895
2024-06-14,3,12,1-2-4,9.3,42.81529642792303,33.51529642792303
2024-06-15,4,1,1-4-5,64.0,44.70930080880421,-19.29069919119579
2024-06-15,4,3,1-2-4,8.3,38.32852027306201,30.02852027306201
2024-06-15,4,4,1-2-5,6.5,47.96470306487064,41.46470306487064
2024-06-15,4,6,1-4-2,17.0,54.84961162402202,37.84961162402202
2024-06-15,4,9,1-3-4,8.1,44.936263375039374,36.83626337503937
2024-06-15,4,10,1-5-6,119.3,88.71275137174527,-30.587248628254727
2024-06-15,4,12,1-3-5,11.2,58.42668575776164,47.22668575776164
2024-06-16,5,5,1-6-4,11.0,128.0238011227658,117.0238011227658
2024-06-16,5,6,1-3-4,6.9,47.611130667111595,40.7111306671116
2024-06-16,5,7,1-3-6,37.9,73.8419082553939,35.941908255393905
2024-06-16,5,8,1-2-4,5.8,46.80619851909631,41.006198519096316
2024-06-16,5,9,1-4-5,35.3,64.23387632575795,28.93387632575795
2024-06-16,5,10,1-3-6,51.3,81.62754447927107,30.32754447927107
2024-06-16,5,12,1-3-4,17.8,51.922769295071866,34.12276929507186
2024-06-17,6,2,1-2-4,18.5,30.616394089192138,12.116394089192138
2024-06-17,6,3,1-3-6,11.0,60.96773199411114,49.96773199411114
2024-06-17,6,4,1-6-4,29.1,137.11566700791826,108.01566700791827
2024-06-17,6,5,1-3-2,13.6,47.20913221031359,33.60913221031359
2024-06-17,6,11,1-2-6,44.0,74.75551515895195,30.75551515895195
2024-06-17,6,12,1-6-5,114.3,150.11216381786218,35.812163817862185
2024-06-18,7,2,1-3-4,7.1,30.657292988555408,23.55729298855541
2024-06-18,7,3,1-2-6,28.3,65.88329654116758,37.583296541167584
2024-06-18,7,6,1-3-2,7.4,47.46169876657243,40.061698766572434
2024-06-18,7,8,1-3-4,28.6,47.17827808502648,18.578278085026476
2024-06-18,7,10,1-4-2,7.4,55.716637414178564,48.316637414178565
2024-06-18,7,11,1-4-6,26.5,78.61561795770302,52.11561795770302
2024-06-18,7,12,1-3-4,9.1,52.863366484534836,43.763366484534835
2024-06-26,1,4,1-2-3,44.0,43.101429839541474,-0.8985701604585259
2024-06-26,1,5,1-2-3,29.1,46.940843152961406,17.840843152961405
2024-06-26,1,6,1-2-3,12.3,51.05546765672012,38.755467656720114
2024-06-26,1,8,1-2-4,2.8,42.39780615304624,39.59780615304624
2024-06-26,1,9,1-2-4,9.1,46.13814220411716,37.03814220411716
2024-06-26,1,10,1-3-2,12.4,46.60336164551905,34.20336164551905
2024-06-26,1,11,1-3-2,8.1,47.218631344747116,39.118631344747115
2024-06-27,2,1,1-5-2,61.2,56.34171421710301,-4.858285782896992
2024-06-27,2,2,1-4-6,23.9,60.08268060528583,36.18268060528583
2024-06-27,2,4,1-3-6,43.8,61.46027779651691,17.660277796516915
2024-06-27,2,7,1-3-5,8.3,54.27835371293222,45.97835371293222
2024-06-27,2,9,1-2-3,17.4,46.48594886977837,29.08594886977837
2024-06-27,2,10,1-4-2,92.3,52.6991854852394,-39.6008145147606
2024-06-27,2,11,1-2-3,7.4,44.721538377730646,37.32153837773065
2024-06-28,3,1,1-3-2,14.9,35.2998018929989,20.3998018929989
2024-06-28,3,4,1-2-4,7.6,41.61951453373834,34.01951453373834
2024-06-28,3,7,1-3-2,46.5,50.61405812845722,4.1140581284572235
2024-06-28,3,8,1-3-6,40.0,64.09812064169535,24.098120641695346
2024-06-28,3,10,1-2-5,54.8,54.48786105471335,-0.3121389452866481
2024-06-28,3,11,1-4-5,13.4,67.34985056501685,53.94985056501685
2024-06-28,3,12,1-2-4,13.0,47.96798676639351,34.96798676639351
2024-06-29,4,1,1-4-3,111.7,43.817078897501375,-67.88292110249863
2024-06-29,4,5,1-2-4,9.0,39.675148504256875,30.675148504256875
2024-06-29,4,6,1-2-3,7.4,43.237434279781056,35.83743427978106
2024-06-29,4,7,1-5-4,367.7,74.78174373213221,-292.9182562678678
2024-06-29,4,8,1-2-5,24.9,53.77205923488982,28.872059234889818
2024-06-29,4,9,1-2-6,10.8,63.213362573654734,52.41336257365474
2024-06-29,4,10,1-5-6,32.2,85.58745785281279,53.38745785281279
2024-06-30,5,1,1-2-3,9.3,29.221271241140734,19.921271241140733
2024-06-30,5,4,1-6-3,46.0,126.81226467920759,80.81226467920759
2024-06-30,5,5,1-4-6,15.8,78.34211103398378,62.54211103398379
2024-06-30,5,7,1-3-4,45.8,50.72065305741143,4.920653057411435
2024-06-30,5,8,1-4-5,18.7,56.25505316086402,37.55505316086402
2024-06-30,5,11,1-3-2,12.6,51.347973713021844,38.74797371302184
2024-06-30,5,12,1-4-2,10.6,58.755687414035215,48.155687414035214
2024-07-01,6,1,1-4-3,22.4,43.39876939743289,20.998769397432895
2024-07-01,6,6,1-2-3,9.6,42.06578803209235,32.46578803209235
2024-07-01,6,7,1-6-3,15.1,130.3480067376525,115.2480067376525
2024-07-01,6,8,1-5-2,86.2,87.33181051474698,1.1318105147469737
2024-07-01,6,9,1-2-4,8.1,51.291601831496514,43.19160183149651
2024-07-01,6,12,1-4-6,46.2,86.5338994542638,40.3338994542638
2024-07-02,7,2,1-3-2,11.8,31.53185036919971,19.73185036919971
2024-07-02,7,3,1-3-4,24.3,41.06832036025004,16.76832036025004
2024-07-02,7,4,1-2-3,11.7,40.230126900997426,28.530126900997427
2024-07-02,7,6,1-2-6,18.7,70.68568779931539,51.985687799315386
2024-07-02,7,7,1-2-4,6.9,43.820279439453834,36.920279439453836
2024-07-02,7,8,1-3-4,8.3,45.87772174035109,37.577721740351095
2024-07-02,7,11,1-4-5,32.2,59.81195707319542,27.61195707319542
2024-07-02,7,12,1-3-2,20.1,49.857266095003446,29.757266095003445
2024-07-09,1,2,1-5-2,17.3,59.917221996521036,42.61722199652104
2024-07-09,1,3,1-5-3,13.6,74.03342424367081,60.43342424367081
2024-07-09,1,6,1-3-4,4.4,45.790147935717094,41.390147935717096
2024-07-09,1,7,1-2-6,12.4,70.20378300395168,57.803783003951686
2024-07-09,1,8,1-3-4,16.8,49.05293944216068,32.25293944216068
2024-07-09,1,9,1-6-3,77.4,133.25108255217225,55.851082552172244
2024-07-09,1,10,1-2-5,7.9,49.160586670316135,41.26058667031614
2024-07-09,1,11,1-3-4,8.5,45.376193109102786,36.876193109102786
2024-07-09,1,12,1-5-6,54.5,93.31782787398518,38.81782787398518
2024-07-10,2,3,1-3-4,9.5,50.89499147602397,41.39499147602397
2024-07-10,2,6,1-3-4,7.6,52.070538409482474,44.47053840948247
2024-07-10,2,7,1-3-5,43.2,49.31727644328543,6.1172764432854265
2024-07-10,2,8,1-2-4,5.6,52.39303623281867,46.79303623281867
2024-07-10,2,10,1-2-4,15.5,52.03919490682425,36.53919490682425
2024-07-10,2,11,1-2-6,12.0,71.92152649964797,59.92152649964797
2024-07-11,3,8,1-2-3,5.8,46.03469146366578,40.23469146366578
2024-07-11,3,9,1-2-3,6.1,54.76175244830921,48.66175244830921
2024-07-11,3,11,1-2-5,5.1,46.36472180986411,41.264721809864106
2024-07-11,3,12,1-5-3,13.5,87.83392410469294,74.33392410469294
2024-07-12,4,1,1-6-2,58.3,104.78542928300409,46.485429283004095
2024-07-12,4,6,1-3-2,14.4,58.166557197112446,43.76655719711245
2024-07-12,4,9,1-2-3,6.1,43.93720682522211,37.83720682522211
2024-07-12,4,10,1-5-2,6.0,82.46467289506698,76.46467289506698
2024-07-12,4,11,1-5-2,7.1,73.64826973638459,66.5482697363846
2024-07-12,4,12,1-3-5,13.0,46.69032924076882,33.69032924076882
2024-07-13,5,3,1-3-6,11.6,67.3347595965632,55.7347595965632
2024-07-13,5,4,1-4-5,83.0,70.90554434671888,-12.094455653281116
2024-07-13,5,5,1-3-6,11.0,77.6873952308682,66.6873952308682
2024-07-13,5,6,1-5-3,321.5,81.06876810301138,-240.4312318969886
2024-07-13,5,7,1-4-6,8.6,89.84952012575758,81.24952012575758
2024-07-13,5,9,1-3-4,8.3,45.99149304672196,37.69149304672196
2024-07-13,5,10,1-5-3,31.2,81.40092758367358,50.200927583673575
2024-07-13,5,11,1-3-4,10.6,51.18520530414216,40.58520530414216
2024-07-13,5,12,1-2-5,12.2,46.270468760790436,34.07046876079043
2024-07-14,6,1,1-5-2,165.0,68.97811916682925,-96.02188083317075
2024-07-14,6,2,1-5-2,35.0,61.05675108996977,26.056751089969772
2024-07-14,6,3,1-3-2,5.9,42.103231059343166,36.20323105934317
2024-07-14,6,4,1-2-5,35.6,46.462673206033585,10.862673206033584
2024-07-14,6,6,1-2-3,7.0,43.45103355475434,36.45103355475434
2024-07-14,6,10,1-2-4,27.0,43.22060184942972,16.22060184942972
2024-07-14,6,11,1-4-2,10.0,59.84261570305106,49.84261570305106
2024-07-14,6,12,1-3-6,12.6,65.45059338971299,52.85059338971299
2024-07-17,1,1,1-3-4,6.9,34.30159737175792,27.401597371757923
2024-07-17,1,5,1-6-4,49.0,150.16327554242298,101.16327554242298
2024-07-17,1,6,1-3-2,15.4,58.22416907451708,42.82416907451708
2024-07-17,1,8,1-2-4,3.8,48.7981358485942,44.9981358485942
2024-07-17,1,9,1-6-5,82.8,150.52563496229774,67.72563496229775
2024-07-17,1,10,1-2-3,7.5,48.75126927061656,41.25126927061656
2024-07-18,2,3,1-6-3,107.1,133.47858651887086,26.37858651887086
2024-07-18,2,6,1-3-4,4.6,39.12769326207831,34.52769326207831
2024-07-18,2,7,1-5-3,30.9,76.95157375305443,46.051573753054434
2024-07-19,3,6,1-3-4,8.8,53.387753756025155,44.58775375602515
2024-07-19,3,7,1-2-5,6.9,51.825103060262926,44.92510306026293
2024-07-19,3,8,1-3-4,14.4,44.8182535566199,30.418253556619902
2024-07-19,3,9,1-5-6,12.4,85.31124959508487,72.91124959508487
2024-07-19,3,10,1-2-6,6.6,59.086665958948196,52.486665958948194
2024-07-20,4,2,1-4-3,19.7,42.692295852006616,22.992295852006617
2024-07-20,4,8,1-6-3,150.5,121.16955827683557,-29.330441723164427
2024-07-20,4,9,1-2-5,53.3,57.559573627466555,4.259573627466558
2024-07-20,4,10,1-5-4,19.7,72.9918572519808,53.2918572519808
2024-07-20,4,11,1-2-6,16.9,69.47913355344471,52.57913355344471
2024-07-20,4,12,1-5-4,32.1,83.29162069107365,51.191620691073645
2024-07-21,5,1,1-5-3,71.5,68.7938616726499,-2.7061383273501036
2024-07-21,5,2,1-2-6,20.6,47.42293656221511,26.822936562215105
2024-07-21,5,8,1-4-3,19.0,68.63297795486434,49.632977954864344
2024-07-22,6,3,1-6-2,132.2,117.26835169778148,-14.931648302218505
2024-07-22,6,5,1-2-6,3.3,64.42235730168187,61.12235730168187
2024-07-22,6,6,1-4-3,9.5,61.13744354852295,51.63744354852295
2024-07-22,6,7,1-2-5,33.2,53.86831959328533,20.668319593285325
2024-07-22,6,8,1-4-2,6.6,56.82729882950209,50.22729882950209
2024-07-22,6,9,1-2-5,12.4,58.69440752018194,46.29440752018194
2024-07-22,6,10,1-3-4,12.2,46.6351132509688,34.4351132509688
2024-07-22,6,12,1-5-3,38.4,77.29936526597155,38.89936526597155
2024-08-01,1,4,1-2-3,19.1,49.69969854732205,30.59969854732205
2024-08-01,1,5,1-4-2,31.7,64.08364626161755,32.38364626161754
2024-08-01,1,7,1-4-2,17.4,59.135104325585125,41.73510432558513
2024-08-01,1,9,1-4-5,17.2,62.738947217564956,45.53894721756495
2024-08-01,1,12,1-3-2,10.3,48.34543405791609,38.04543405791608
2024-08-02,2,1,1-2-3,9.3,33.004778914939344,23.704778914939343
2024-08-02,2,5,1-2-3,8.9,45.70553114469097,36.805531144690974
2024-08-02,2,8,1-2-4,9.1,47.175075265168516,38.075075265168515
2024-08-02,2,9,1-4-3,34.2,60.087937037751644,25.88793703775164
2024-08-02,2,12,1-2-4,9.1,47.04505651183046,37.94505651183046
2024-08-03,3,7,1-4-2,6.8,57.707512273614014,50.90751227361402
2024-08-03,3,9,1-4-2,9.5,56.06982369572879,46.56982369572879
2024-08-03,3,10,1-6-2,55.2,139.08594078872628,83.88594078872627
2024-08-04,4,2,1-2-5,9.6,37.96776323088577,28.36776323088577
2024-08-04,4,3,1-2-4,30.3,44.503654907622426,14.203654907622425
2024-08-04,4,4,1-2-3,10.5,45.26728847451511,34.76728847451511
2024-08-04,4,5,1-5-2,14.5,72.71652291260453,58.21652291260453
2024-08-04,4,6,1-3-2,5.6,40.18043099379934,34.58043099379934
2024-08-04,4,10,1-2-4,4.6,50.46479731243441,45.86479731243441
2024-08-04,4,12,1-3-4,21.7,48.8400323518136,27.1400323518136
2024-08-05,5,2,1-4-2,6.9,38.01162230487311,31.11162230487311
2024-08-05,5,3,1-3-4,5.7,43.920262700794034,38.22026270079403
2024-08-05,5,6,1-2-3,3.8,40.39763685400299,36.59763685400299
2024-08-05,5,7,1-2-3,7.2,38.11837349891084,30.918373498910842
2024-08-05,5,10,1-2-4,9.0,43.35555204343713,34.35555204343713
2024-08-05,5,12,1-2-6,8.0,71.88775043922733,63.88775043922733
2024-08-06,6,3,1-2-4,29.9,43.465897179759835,13.565897179759837
2024-08-06,6,4,1-2-3,8.5,41.383148996364206,32.883148996364206
2024-08-06,6,7,1-2-4,5.9,40.57359147908262,34.673591479082624
2024-08-06,6,8,1-3-2,31.3,46.323443969082106,15.023443969082106
2024-08-06,6,12,1-2-5,34.1,57.78476764014502,23.68476764014502
2024-08-09,1,1,1-6-2,278.7,98.40519582114891,-180.29480417885108
2024-08-09,1,3,1-3-6,12.8,56.755089851703886,43.95508985170389
2024-08-09,1,5,1-3-2,11.6,49.27924302145339,37.67924302145339
2024-08-09,1,7,1-4-2,8.3,54.67107470038533,46.371074700385336
2024-08-09,1,8,1-2-3,5.7,39.98283239302619,34.28283239302619
2024-08-09,1,11,1-2-3,10.0,43.04800717031805,33.04800717031805
2024-08-10,2,1,1-4-6,12.5,60.615901316619265,48.115901316619265
2024-08-10,2,4,1-6-2,62.8,116.52261409449655,53.72261409449655
2024-08-10,2,7,1-4-5,23.7,59.3188467111665,35.6188467111665
2024-08-10,2,8,1-3-2,19.6,47.054465916737975,27.454465916737973
2024-08-10,2,9,1-3-2,12.8,40.61084288829429,27.810842888294292
2024-08-10,2,11,1-2-6,6.9,65.13499371663652,58.23499371663652
2024-08-11,3,2,1-2-3,18.1,30.484648988872678,12.384648988872677
2024-08-11,3,3,1-5-3,39.3,72.02038308122964,32.72038308122964
2024-08-11,3,5,1-3-5,50.3,49.52487244795385,-0.7751275520461505
2024-08-11,3,6,1-3-5,20.4,60.51206586167921,40.11206586167921
2024-08-11,3,7,1-4-2,25.5,52.84578713313984,27.345787133139837
2024-08-11,3,8,1-2-4,5.3,51.28983562286491,45.989835622864916
2024-08-11,3,9,1-2-3,10.5,42.07650423880541,31.576504238805413
2024-08-11,3,11,1-2-4,8.1,43.185971602710424,35.08597160271042
2024-08-11,3,12,1-5-4,136.6,86.88803932173123,-49.71196067826877
2024-08-12,4,1,1-2-4,7.3,28.19105745646036,20.89105745646036
2024-08-12,4,3,1-6-3,74.5,132.02281527004465,57.522815270044646
2024-08-12,4,5,1-3-5,17.1,50.45064062294501,33.35064062294501
2024-08-12,4,6,1-3-2,14.1,42.02210221925418,27.922102219254178
2024-08-12,4,7,1-6-2,15.1,134.17012929838472,119.07012929838473
2024-08-12,4,8,1-4-5,15.4,59.442660843010906,44.04266084301091
2024-08-12,4,9,1-4-3,33.1,59.615352822841324,26.515352822841322
2024-08-16,1,1,1-4-5,37.1,44.464557584624636,7.3645575846246345
2024-08-16,1,5,1-2-6,15.9,69.44539341190652,53.545393411906524
2024-08-17,2,1,1-3-4,27.9,35.338462464909504,7.438462464909506
2024-08-17,2,2,1-2-4,15.4,32.03501057592983,16.635010575929833
2024-08-17,2,3,1-3-4,9.4,39.70984460393926,30.30984460393926
2024-08-17,2,4,1-3-5,15.8,50.06273835425228,34.26273835425228
2024-08-17,2,5,1-4-3,7.1,56.26225179168121,49.16225179168121
2024-08-17,2,7,1-3-6,41.7,73.39608190034902,31.696081900349014
2024-08-17,2,8,1-4-2,6.8,62.85683297945412,56.05683297945412
2024-08-17,2,10,1-3-5,11.4,56.902262836587916,45.50226283658792
2024-08-17,2,12,1-4-2,31.0,67.64104644328262,36.64104644328262
2024-08-18,3,4,1-3-5,7.6,49.80285820166146,42.202858201661456
2024-08-18,3,6,1-2-4,14.7,44.04837136637369,29.348371366373694
2024-08-18,3,8,1-5-2,32.6,70.18178779451814,37.58178779451814
2024-08-18,3,10,1-2-3,7.1,49.7698578351941,42.6698578351941
2024-08-18,3,11,1-5-2,13.4,79.52807126966061,66.12807126966061
2024-08-19,4,1,1-3-5,25.2,35.25045279068881,10.050452790688812
2024-08-19,4,3,1-4-3,16.8,54.02005127278187,37.22005127278187
2024-08-19,4,7,1-2-3,22.3,47.86157486534461,25.561574865344607
2024-08-19,4,8,1-3-2,9.0,44.62566900028118,35.62566900028118
2024-08-19,4,9,1-2-3,6.4,45.437839979765506,39.03783997976551
2024-08-19,4,10,1-6-4,37.0,143.81460789865415,106.81460789865415
2024-08-19,4,12,1-5-4,23.4,89.37339497665671,65.97339497665672
2024-08-20,5,1,1-3-6,104.9,45.413660291207904,-59.4863397087921
2024-08-20,5,2,1-3-2,20.2,32.17182176151456,11.971821761514558
2024-08-20,5,5,1-2-4,24.9,42.63360347206584,17.733603472065845
2024-08-20,5,6,1-3-4,5.0,46.67010058231385,41.67010058231385
2024-08-20,5,7,1-3-6,8.3,63.44928106678656,55.14928106678656
2024-08-20,5,8,1-2-3,5.4,48.27983185071133,42.879831850711334
2024-08-20,5,9,1-4-2,18.7,65.76902590293716,47.069025902937156
2024-08-20,5,10,1-2-4,7.0,44.59626047485118,37.59626047485118
2024-08-20,5,11,1-2-3,7.4,48.35730763500035,40.957307635000355
2024-08-20,5,12,1-2-5,46.0,54.281683191138946,8.281683191138946
2024-08-21,6,1,1-3-6,13.7,47.00136058916788,33.301360589167885
2024-08-21,6,2,1-5-3,48.5,54.94375271126602,6.443752711266022
2024-08-21,6,3,1-5-6,16.7,76.4941828853366,59.794182885336596
2024-08-21,6,4,1-5-2,13.8,76.06008444613856,62.26008444613856
2024-08-21,6,5,1-3-2,6.3,46.7980579407408,40.4980579407408
2024-08-21,6,6,1-4-3,9.6,60.41277513783295,50.81277513783295
2024-08-21,6,10,1-2-5,7.2,51.6288643128399,44.4288643128399
2024-08-21,6,11,1-2-3,6.8,50.40351718604571,43.603517186045714
2024-08-21,6,12,1-4-2,11.3,56.09012480858827,44.790124808588274
2024-08-27,1,1,1-3-6,18.6,51.617954674655174,33.01795467465517
2024-08-27,1,3,1-2-5,23.7,50.133453658805514,26.433453658805515
2024-08-27,1,8,1-2-3,22.3,45.49311763854239,23.193117638542386
2024-08-27,1,9,1-4-2,37.6,64.63679053693578,27.036790536935776
2024-08-27,1,11,1-3-4,21.3,50.32751020945274,29.02751020945274
2024-08-27,1,12,1-4-6,33.5,79.82274225273055,46.32274225273055
2024-08-28,2,7,1-6-4,141.2,137.50295049186718,-3.6970495081328067
2024-08-28,2,9,1-3-4,13.1,52.74188670011907,39.641886700119066
2024-08-28,2,10,1-2-4,14.4,45.96923348268879,31.569233482688794
2024-08-29,3,2,1-4-6,23.2,64.06957529324633,40.86957529324633
2024-08-29,3,4,1-3-6,25.4,63.34483902441514,37.94483902441514
2024-08-29,3,5,1-3-2,13.9,42.62679847660126,28.72679847660126
2024-08-29,3,10,1-3-6,23.8,65.92276029443701,42.122760294437015
2024-08-29,3,11,1-3-2,16.3,56.20212468422176,39.90212468422176
2024-08-29,3,12,1-3-2,17.0,52.50598181385405,35.50598181385405
2024-08-30,4,6,1-5-2,28.0,86.64131629356697,58.64131629356697
2024-08-30,4,7,1-6-4,70.6,119.56704994603794,48.967049946037946
2024-08-30,4,8,1-3-6,47.1,67.88991571012076,20.78991571012076
2024-08-30,4,9,1-2-5,16.0,46.1829290043501,30.1829290043501
2024-08-30,4,11,1-3-2,18.0,51.404953303379685,33.404953303379685
2024-08-30,4,12,1-4-2,30.9,54.63280054119582,23.73280054119582
2024-08-31,5,1,1-4-2,17.5,35.64750227264714,18.147502272647138
2024-08-31,5,2,1-2-3,9.7,32.68072910701976,22.98072910701976
2024-08-31,5,3,1-5-2,16.7,60.084656369470565,43.38465636947056
2024-08-31,5,5,1-4-2,14.0,56.3933151676102,42.3933151676102
2024-08-31,5,7,1-2-4,14.2,45.307951358784166,31.107951358784167
2024-08-31,5,10,1-3-4,16.3,50.06451167308313,33.764511673083135
2024-08-31,5,11,1-6-4,86.5,130.18002789157745,43.68002789157745
2024-08-31,5,12,1-2-6,36.5,74.6333482216805,38.13334822168051
2024-09-01,6,1,1-5-4,22.0,64.6706920965204,42.6706920965204
2024-09-01,6,2,1-3-2,12.4,30.883757624078125,18.483757624078123
2024-09-01,6,4,1-2-3,12.0,42.026958095076374,30.026958095076374
2024-09-01,6,5,1-4-5,13.8,66.86080549122867,53.06080549122868
2024-09-01,6,6,1-5-2,18.6,75.5512617273572,56.9512617273572
2024-09-01,6,8,1-4-6,25.4,82.26474212649049,56.86474212649049
2024-09-01,6,9,1-2-3,10.9,44.627434685473474,33.727434685473476
2024-09-01,6,10,1-4-3,21.5,64.60356826712344,43.103568267123435
2024-09-01,6,11,1-2-4,11.6,47.48422704257723,35.88422704257723
2024-09-05,1,3,1-2-6,70.9,68.3338794100489,-2.5661205899511117
2024-09-05,1,5,1-3-2,39.2,43.11298417228129,3.912984172281284
2024-09-05,1,6,1-2-5,110.5,48.2847730889962,-62.2152269110038
2024-09-05,1,8,1-3-4,9.2,48.37895520029463,39.178955200294624
2024-09-05,1,9,1-3-4,6.9,48.23178546358529,41.33178546358529
2024-09-05,1,10,1-2-6,7.3,67.85613515028002,60.55613515028003
2024-09-05,1,11,1-2-3,14.9,44.26906236264582,29.36906236264582
2024-09-05,1,12,1-3-2,9.5,53.08066437587924,43.58066437587924
2024-09-06,2,1,1-3-2,32.3,38.77520889179804,6.47520889179804
2024-09-06,2,3,1-2-6,51.6,70.65681593338384,19.056815933383838
2024-09-06,2,6,1-3-4,5.2,44.56231137259179,39.36231137259179
2024-09-06,2,8,1-2-5,28.3,56.579886820712915,28.279886820712914
2024-09-06,2,9,1-4-2,5.8,59.678314750993245,53.87831475099325
2024-09-06,2,10,1-5-6,17.1,89.45227118028492,72.35227118028493
2024-09-06,2,12,1-2-5,7.0,49.693719184141784,42.693719184141784
2024-09-07,3,2,1-2-3,11.3,28.005370064523177,16.705370064523176
2024-09-07,3,4,1-4-6,34.2,84.32939258345813,50.12939258345813
2024-09-07,3,5,1-5-4,54.6,82.92924936901849,28.32924936901849
2024-09-07,3,7,1-2-3,8.6,48.997217803064196,40.397217803064194
2024-09-07,3,8,1-4-5,10.8,71.76435682805767,60.964356828057674
2024-09-07,3,9,1-3-2,57.8,49.5379412986923,-8.262058701307694
2024-09-07,3,10,1-2-6,28.3,63.21002773792961,34.91002773792961
2024-09-07,3,12,1-5-6,14.7,83.58790481690932,68.88790481690931
2024-09-08,4,1,1-3-2,10.5,37.62214710957824,27.122147109578243
2024-09-08,4,2,1-5-3,120.7,67.80943371543785,-52.890566284562155
2024-09-08,4,4,1-6-4,51.5,120.42285796137911,68.92285796137911
2024-09-08,4,6,1-2-3,10.4,41.36641960168251,30.96641960168251
2024-09-08,4,7,1-6-2,9.1,129.88993850995107,120.78993850995107
2024-09-08,4,8,1-4-3,9.1,55.60896407830678,46.508964078306775
2024-09-08,4,10,1-2-4,6.0,46.86476554118076,40.86476554118076
2024-09-08,4,11,1-2-3,6.3,47.10708321394252,40.807083213942526
2024-09-09,5,3,1-2-4,9.1,45.481527443997024,36.38152744399702
2024-09-09,5,6,1-4-5,11.3,65.8054895896849,54.5054895896849
2024-09-09,5,8,1-2-4,3.9,40.99952162626338,37.09952162626338
2024-09-09,5,9,1-3-2,6.4,44.51732793038378,38.11732793038378
2024-09-09,5,11,1-3-2,6.1,50.91778028438441,44.81778028438441
2024-09-09,5,12,1-2-3,8.0,50.4035888545004,42.4035888545004
2024-09-12,1,1,1-2-6,27.3,48.0170076892219,20.717007689221898
2024-09-12,1,2,1-6-3,12.4,98.26114199103903,85.86114199103902
2024-09-12,1,9,1-5-2,18.0,78.08237298353858,60.082372983538576
2024-09-12,1,11,1-2-3,5.7,52.45633054517252,46.75633054517252
2024-09-12,1,12,1-4-3,16.5,64.51187464856024,48.01187464856024
2024-09-13,2,4,1-4-3,20.6,64.60765436602914,44.007654366029136
2024-09-13,2,8,1-2-3,7.3,43.45563052308041,36.15563052308041
2024-09-13,2,12,1-3-6,38.1,82.74581413676015,44.645814136760144
2024-09-14,3,3,1-5-3,15.2,69.89207773494783,54.69207773494783
2024-09-14,3,5,1-6-5,43.4,127.2979933515842,83.8979933515842
2024-09-14,3,7,1-2-4,58.4,47.6299303357845,-10.770069664215498
2024-09-14,3,10,1-2-6,6.3,63.35590963231964,57.05590963231964
2024-09-14,3,11,1-2-4,11.1,44.423396452765125,33.323396452765124
2024-09-15,4,3,1-2-3,8.1,49.785414678383326,41.685414678383324
2024-09-15,4,4,1-2-4,38.6,40.700430855437595,2.100430855437594
2024-09-15,4,5,1-2-5,43.8,52.89690344342863,9.09690344342863
2024-09-15,4,10,1-6-2,17.4,143.57812879235777,126.17812879235777
2024-09-15,4,12,1-2-5,5.8,48.17310654574536,42.373106545745365
2024-09-16,5,1,1-3-6,13.6,50.59488325039473,36.99488325039473
2024-09-16,5,2,1-2-3,27.1,30.348081559681642,3.2480815596816406
2024-09-16,5,3,1-3-4,26.1,49.426552045016045,23.326552045016044
2024-09-16,5,5,1-2-3,14.8,51.85718888401067,37.05718888401067
2024-09-16,5,7,1-2-4,6.8,46.509663007703985,39.70966300770399
2024-09-16,5,8,1-3-4,5.6,41.360355540863885,35.760355540863884
2024-09-16,5,10,1-6-4,43.5,139.24217033437583,95.74217033437583
2024-09-16,5,11,1-2-3,4.5,50.392365009019166,45.892365009019166
2024-09-16,5,12,1-6-4,12.9,143.15061056084278,130.25061056084277
2024-09-17,6,1,1-4-5,32.2,46.99250782171525,14.792507821715247
2024-09-17,6,3,1-2-3,33.9,42.19046560241901,8.290465602419012
2024-09-17,6,5,1-2-3,12.1,39.9651924280831,27.8651924280831
2024-09-17,6,6,1-4-2,15.9,60.47803392537162,44.57803392537162
2024-09-17,6,9,1-3-4,9.8,44.71952481348011,34.91952481348011
2024-09-17,6,12,1-5-3,109.6,76.60691657215986,-32.99308342784013
2024-09-26,1,1,1-2-3,17.9,28.34265535271865,10.442655352718653
2024-09-26,1,4,1-2-3,34.1,46.33186938696277,12.23186938696277
2024-09-26,1,6,1-3-4,5.3,40.997190598739046,35.69719059873905
2024-09-26,1,7,1-5-6,11.3,92.4612110429513,81.16121104295131
2024-09-26,1,10,1-3-5,15.9,52.636635428251715,36.73663542825172
2024-09-26,1,11,1-2-4,14.8,46.29445257008259,31.49445257008259
2024-09-26,1,12,1-3-2,11.1,54.06094261648581,42.96094261648581
2024-09-27,2,5,1-6-3,311.1,134.6522081397396,-176.44779186026042
2024-09-27,2,7,1-5-6,8.8,76.75488113375249,67.9548811337525
2024-09-27,2,10,1-3-2,7.9,52.00063374894943,44.100633748949434
2024-09-28,3,5,1-2-5,10.4,55.65287678366372,45.25287678366372
2024-09-28,3,6,1-3-4,4.8,41.76880786191457,36.96880786191457
2024-09-28,3,9,1-4-3,20.1,55.01411294524786,34.91411294524786
2024-09-28,3,11,1-4-3,15.8,62.1100646671678,46.310064667167794
2024-09-28,3,12,1-2-6,19.8,73.57696535937566,53.776965359375666
2024-09-29,4,1,1-3-2,18.7,29.43068165635884,10.73068165635884
2024-09-29,4,2,1-3-6,13.8,53.739858929962885,39.93985892996288
2024-09-29,4,3,1-5-6,19.0,80.40033281741383,61.400332817413826
2024-09-29,4,5,1-6-3,19.0,139.0675734981119,120.0675734981119
2024-09-29,4,7,1-3-6,9.6,76.01700897660562,66.41700897660563
2024-09-29,4,8,1-3-4,8.6,53.108582952636105,44.508582952636104
2024-09-29,4,10,1-2-3,5.6,45.262717146290726,39.662717146290724
2024-09-29,4,12,1-6-3,61.5,132.5996359516077,71.0996359516077
2024-09-30,5,1,1-2-5,22.5,35.123051507796184,12.623051507796184
2024-09-30,5,2,1-5-4,35.9,68.06533796494348,32.16533796494348
2024-09-30,5,3,1-2-4,20.1,41.49678925065216,21.396789250652155
2024-09-30,5,7,1-6-3,28.3,126.8560341535851,98.5560341535851
2024-09-30,5,8,1-2-6,26.1,68.98375438569346,42.88375438569346
2024-09-30,5,10,1-4-5,64.3,60.19948408256563,-4.100515917434365
2024-09-30,5,11,1-2-5,6.0,49.614159360595515,43.614159360595515
2024-09-30,5,12,1-6-5,105.2,129.09433784603726,23.89433784603726
2024-10-05,1,4,1-2-5,9.1,40.311915421335826,31.211915421335824
2024-10-05,1,5,1-2-4,11.2,39.615670891712774,28.415670891712775
2024-10-05,1,6,1-4-2,13.6,65.0631204033675,51.463120403367505
2024-10-05,1,7,1-2-6,26.7,66.07494492093859,39.37494492093859
2024-10-05,1,12,1-4-5,31.8,72.07783506458762,40.27783506458762
2024-10-06,2,8,1-6-2,169.8,137.81029575917825,-31.989704240821766
2024-10-06,2,10,1-5-3,26.2,83.23313516480759,57.03313516480759
2024-10-06,2,11,1-3-6,17.1,64.14859724411991,47.04859724411991
2024-10-07,3,1,1-5-2,16.4,54.897340852417365,38.497340852417366
2024-10-07,3,5,1-3-2,28.9,49.766243494259186,20.866243494259187
2024-10-07,3,9,1-5-2,33.2,90.05862456294682,56.858624562946815
2024-10-07,3,10,1-4-5,7.9,55.0305923055842,47.1305923055842
2024-10-08,4,2,1-5-4,21.1,55.29732680437316,34.197326804373155
2024-10-08,4,6,1-3-6,19.0,75.5676736529129,56.5676736529129
2024-10-08,4,8,1-2-4,3.9,38.67830656298396,34.778306562983964
2024-10-08,4,9,1-3-5,9.3,55.840975858201595,46.54097585820159
2024-10-08,4,10,1-2-3,5.3,39.39970099685227,34.09970099685227
2024-10-08,4,11,1-2-3,5.6,43.46760772509613,37.86760772509613
2024-10-08,4,12,1-4-6,54.8,83.11607851059571,28.316078510595716
2024-10-09,5,4,1-3-4,8.4,47.64784524462941,39.24784524462941
2024-10-09,5,6,1-4-3,12.8,67.5257645039303,54.72576450393031
2024-10-09,5,7,1-3-6,27.4,77.45597083818684,50.055970838186845
2024-10-09,5,8,1-2-5,36.8,51.61898887087744,14.81898887087744
2024-10-09,5,11,1-5-2,39.4,83.25821927613592,43.85821927613592
2024-10-09,5,12,1-3-6,33.4,73.77392751713369,40.37392751713369
2024-10-12,1,6,1-2-4,37.8,52.622918022098155,14.822918022098158
2024-10-12,1,7,1-2-5,12.5,52.7061922721484,40.2061922721484
2024-10-12,1,8,1-4-2,6.4,55.42901653784491,49.02901653784491
2024-10-12,1,9,1-6-3,125.4,131.21777265790837,5.817772657908364
2024-10-12,1,10,1-3-2,8.0,43.041586341214796,35.041586341214796
2024-10-12,1,11,1-3-5,13.2,46.39830514741091,33.198305147410906
2024-10-12,1,12,1-3-4,19.1,55.61621406483608,36.51621406483608
2024-10-13,2,2,1-2-6,70.4,57.43651808219177,-12.963481917808238
2024-10-13,2,3,1-6-2,63.1,120.5306103935848,57.43061039358479
2024-10-13,2,7,1-4-6,54.8,82.4149435404438,27.614943540443804
2024-10-13,2,8,1-6-4,23.9,118.85053274717123,94.95053274717122
2024-10-13,2,9,1-2-3,7.9,46.27531502911945,38.37531502911945
2024-10-13,2,11,1-3-5,16.1,48.50900506208491,32.40900506208491
2024-10-14,3,1,1-4-2,15.6,35.8829855106666,20.2829855106666
2024-10-14,3,8,1-4-2,6.1,53.75307095793316,47.65307095793316
2024-10-14,3,9,1-3-2,12.9,46.04671729428246,33.14671729428246
2024-10-14,3,11,1-3-2,8.8,42.05912213421109,33.25912213421108
2024-10-14,3,12,1-6-5,121.1,134.35350033090197,13.253500330901971
2024-10-15,4,1,1-4-5,36.6,46.99061097307547,10.390610973075468
2024-10-15,4,6,1-6-4,101.3,145.26514309646257,43.96514309646257
2024-10-15,4,8,1-4-2,6.1,53.91230201084424,47.81230201084424
2024-10-15,4,10,1-3-5,35.7,51.89802845298849,16.19802845298849
2024-10-15,4,12,1-4-3,15.1,57.73421564441747,42.634215644417466
2024-10-16,5,2,1-3-2,7.5,30.995850086379903,23.495850086379903
2024-10-16,5,4,1-6-5,16.9,132.4291092669694,115.52910926696939
2024-10-16,5,6,1-3-4,4.2,42.3132079096469,38.113207909646896
2024-10-16,5,8,1-2-4,5.2,41.3693263678502,36.169326367850196
2024-10-16,5,9,1-3-4,11.6,47.28794315310791,35.68794315310791
2024-10-16,5,10,1-3-6,35.2,71.30741466370068,36.10741466370068
2024-10-16,5,11,1-2-3,9.8,41.41338222168193,31.613382221681928
2024-10-16,5,12,1-3-6,32.4,78.12915022818501,45.72915022818501
2024-10-17,6,1,1-4-3,28.1,40.18969452321152,12.08969452321152
2024-10-17,6,2,1-2-4,7.0,30.764751298307527,23.764751298307527
2024-10-17,6,3,1-6-2,193.0,134.32253115643923,-58.677468843560774
2024-10-17,6,5,1-2-3,16.7,51.6099715692381,34.909971569238095
2024-10-17,6,6,1-3-2,8.2,46.42206436700255,38.222064367002545
2024-10-17,6,8,1-3-2,9.2,43.19518767318938,33.99518767318938
2024-10-21,1,6,1-2-4,21.3,51.51610447411757,30.216104474117568
2024-10-21,1,7,1-2-3,26.1,48.559222243076135,22.459222243076134
2024-10-21,1,8,1-2-5,11.7,48.385624059244854,36.68562405924486
2024-10-21,1,11,1-5-3,21.6,63.02825871422944,41.428258714229436
2024-10-21,1,12,1-4-6,13.6,83.8589189665552,70.2589189665552
2024-10-22,2,3,1-3-2,15.5,38.564937458500275,23.064937458500275
2024-10-22,2,6,1-3-4,4.4,42.77667561476312,38.37667561476312
2024-10-22,2,9,1-5-6,130.5,94.20824203514877,-36.29175796485123
2024-10-22,2,11,1-2-3,7.7,46.22615175617538,38.52615175617538
2024-10-22,2,12,1-2-3,9.0,43.385310919946,34.385310919946
2024-10-23,3,3,1-3-2,8.8,45.735780704730246,36.93578070473025
2024-10-23,3,7,1-5-2,75.9,80.5410207901966,4.641020790196592
2024-10-23,3,8,1-2-4,3.4,41.388343468693364,37.988343468693365
2024-10-23,3,9,1-3-4,10.6,48.1046328486894,37.5046328486894
2024-10-23,3,10,1-4-3,40.9,64.6900536942662,23.7900536942662
2024-10-23,3,11,1-2-5,6.4,49.76546403287807,43.36546403287807
2024-10-23,3,12,1-3-6,20.8,71.38840999777877,50.58840999777877
2024-10-24,4,1,1-2-4,17.8,35.87223594547635,18.072235945476347
2024-10-24,4,2,1-6-5,661.4,113.30166531377975,-548.0983346862203
2024-10-24,4,3,1-3-6,79.6,71.61929986300936,-7.9807001369906345
2024-10-24,4,5,1-3-2,32.9,54.24669363272708,21.34669363272708
2024-10-24,4,8,1-5-2,39.1,77.32887702680529,38.228877026805286
2024-10-24,4,12,1-2-4,12.8,45.95909621799541,33.15909621799541
2024-10-25,5,2,1-3-2,19.5,28.142974805173758,8.642974805173758
2024-10-25,5,3,1-2-3,10.3,49.26150354335664,38.96150354335664
2024-10-25,5,5,1-6-3,13.8,119.8355794240745,106.0355794240745
2024-10-25,5,6,1-3-2,14.6,54.30421113275796,39.70421113275796
2024-10-25,5,8,1-4-6,27.4,85.49433131223438,58.09433131223438
2024-10-25,5,9,1-3-2,8.4,52.806656114918006,44.40665611491801
2024-10-25,5,10,1-4-3,13.6,54.830539191094445,41.230539191094444
2024-10-25,5,11,1-6-2,40.7,119.15104652535358,78.45104652535358
2024-10-25,5,12,1-6-2,19.0,125.71251537315442,106.71251537315442
2024-10-26,6,2,1-3-2,40.2,30.823416100015983,-9.37658389998402
2024-10-26,6,3,1-5-4,34.5,75.56822993887243,41.068229938872435
2024-10-26,6,5,1-4-6,9.0,82.71237751707983,73.71237751707983
2024-10-26,6,7,1-5-4,9.9,80.4629669775901,70.5629669775901
2024-10-26,6,8,1-4-2,6.6,60.26411593175295,53.664115931752946
2024-10-26,6,9,1-2-3,5.5,42.334137991638926,36.834137991638926
2024-10-26,6,10,1-3-4,5.9,45.01178863035159,39.11178863035159
2024-10-26,6,12,1-2-4,4.9,44.66985619825449,39.769856198254494
2024-10-27,7,1,1-4-3,16.3,39.77065423269509,23.470654232695086
2024-10-27,7,3,1-2-4,19.4,43.962343055932834,24.562343055932836
2024-10-27,7,4,1-2-3,12.7,44.74620428622586,32.04620428622586
2024-10-27,7,7,1-2-6,4.5,75.58802844413454,71.08802844413454
2024-10-27,7,8,1-2-5,19.3,46.28534022818981,26.98534022818981
2024-10-27,7,9,1-6-4,62.0,123.70196048091925,61.701960480919254
2024-10-27,7,11,1-2-5,16.9,51.76164689184322,34.86164689184322
2024-10-27,7,12,1-4-3,17.4,63.599715801463944,46.199715801463945
2024-10-31,1,3,1-4-2,55.7,50.709825821345234,-4.990174178654769
2024-10-31,1,6,1-3-2,12.2,47.27815049629794,35.07815049629794
2024-10-31,1,9,1-2-3,7.8,42.85111418429566,35.05111418429566
2024-10-31,1,10,1-2-3,4.4,42.90255464431073,38.502554644310734
2024-10-31,1,12,1-3-2,12.4,48.38872491385877,35.988724913858775
2024-11-01,2,1,1-3-4,11.3,28.095622097694967,16.795622097694967
2024-11-01,2,6,1-2-4,17.3,46.27495326281937,28.974953262819373
2024-11-01,2,7,1-3-5,36.2,54.929609198777136,18.729609198777133
2024-11-01,2,11,1-2-4,6.1,50.06896864155548,43.96896864155548
2024-11-01,2,12,1-2-3,7.1,45.00199379237542,37.90199379237542
2024-11-02,3,2,1-2-5,15.4,35.37052019971522,19.970520199715224
2024-11-02,3,4,1-2-4,7.0,40.92935523308872,33.92935523308872
2024-11-02,3,5,1-2-4,13.4,45.01816289158691,31.618162891586913
2024-11-02,3,6,1-3-4,5.0,44.57501499815376,39.57501499815376
2024-11-02,3,7,1-3-2,20.3,59.100605807604914,38.80060580760491
2024-11-02,3,8,1-5-2,49.2,74.05503835408379,24.85503835408379
2024-11-02,3,9,1-3-2,28.3,51.79543059965498,23.495430599654977
2024-11-02,3,10,1-3-5,10.7,49.367521156068804,38.6675211560688
2024-11-02,3,11,1-6-2,11.4,122.56563372848889,111.16563372848888
2024-11-03,4,3,1-6-3,56.0,135.99248919877434,79.99248919877434
2024-11-03,4,7,1-4-3,6.8,69.56015029187965,62.760150291879654
2024-11-03,4,10,1-2-3,4.8,45.641973626345205,40.84197362634521
2024-11-03,4,11,1-2-4,8.1,46.38609864178146,38.28609864178146
2024-11-03,4,12,1-4-3,21.8,63.14059269792359,41.34059269792358
2024-11-04,5,2,1-3-2,6.0,30.0189591743104,24.0189591743104
2024-11-04,5,3,1-2-6,23.5,61.86770855751282,38.36770855751282
2024-11-04,5,7,1-3-5,9.8,52.55146288695385,42.751462886953846
2024-11-04,5,8,1-2-3,4.7,42.93122509161717,38.23122509161717
2024-11-04,5,9,1-4-5,21.2,68.26763507835942,47.067635078359416
2024-11-04,5,10,1-2-4,6.0,40.73490822226665,34.73490822226665
2024-11-04,5,11,1-3-4,6.2,44.55137625070107,38.351376250701065
2024-11-04,5,12,1-2-3,6.1,41.08759879542923,34.98759879542923
2024-11-09,1,1,1-2-6,15.5,42.55059130775994,27.050591307759937
2024-11-09,1,5,1-2-3,11.7,43.56796524976973,31.86796524976973
2024-11-09,1,7,1-3-4,7.9,43.96697762649354,36.06697762649354
2024-11-09,1,8,1-2-3,12.2,43.21380461229617,31.013804612296173
2024-11-09,1,9,1-3-2,28.0,55.16017364369304,27.160173643693042
2024-11-09,1,10,1-3-5,12.1,57.406389127194466,45.306389127194464
2024-11-09,1,12,1-2-4,9.3,44.60901361137968,35.30901361137968
2024-11-10,2,2,1-5-3,50.8,53.046077110979084,2.246077110979087
2024-11-10,2,3,1-4-3,30.2,56.14596844151463,25.945968441514633
2024-11-10,2,6,1-6-2,16.0,135.82306397444407,119.82306397444407
2024-11-10,2,7,1-2-3,10.2,48.21111768872468,38.01111768872468
2024-11-10,2,8,1-3-4,13.4,50.92814958716311,37.528149587163114
2024-11-10,2,9,1-2-4,12.8,50.169584889786854,37.36958488978685
2024-11-10,2,10,1-3-2,6.0,56.98976553145903,50.98976553145903
2024-11-10,2,12,1-3-2,10.1,46.0609455775534,35.960945577553396
2024-11-11,3,1,1-3-4,9.9,30.139182836908187,20.239182836908185
2024-11-11,3,2,1-2-3,14.3,29.679475708208347,15.379475708208346
2024-11-11,3,3,1-6-2,58.8,137.70686032229005,78.90686032229006
2024-11-11,3,4,1-3-6,30.8,78.81966484067308,48.01966484067309
2024-11-11,3,7,1-3-4,35.7,56.63380732257899,20.933807322578986
2024-11-11,3,8,1-2-3,8.4,40.57731091172955,32.17731091172955
2024-11-11,3,9,1-3-2,11.7,50.84099049204715,39.14099049204715
2024-11-11,3,11,1-4-3,9.6,60.00308009647699,50.40308009647699
2024-11-11,3,12,1-3-4,13.2,45.73111324497127,32.531113244971266
2024-11-12,4,3,1-6-2,25.9,128.74363268152428,102.84363268152427
2024-11-12,4,5,1-2-5,18.9,45.52537886782983,26.62537886782983
2024-11-12,4,8,1-2-3,8.9,38.50626272592781,29.606262725927813
2024-11-12,4,9,1-2-5,17.5,46.725555752504135,29.225555752504135
2024-11-12,4,11,1-2-4,22.2,47.2878707175062,25.087870717506203
2024-11-12,4,12,1-3-4,9.4,48.457793963148255,39.05779396314826
2024-11-13,5,1,1-4-6,24.4,50.87790932846573,26.477909328465735
2024-11-13,5,2,1-2-3,6.7,27.735709966504285,21.035709966504285
2024-11-13,5,3,1-2-4,9.7,38.70384448626865,29.00384448626865
2024-11-13,5,4,1-4-2,13.8,56.269637542475394,42.4696375424754
2024-11-13,5,6,1-5-2,41.1,76.25100448877053,35.15100448877053
2024-11-13,5,7,1-2-3,12.7,48.975153742873374,36.27515374287337
2024-11-13,5,8,1-3-4,8.7,43.74674913168697,35.046749131686965
2024-11-13,5,9,1-2-4,6.5,41.98151497391217,35.48151497391217
2024-11-13,5,10,1-2-3,9.8,43.2435222483012,33.44352224830119
2024-11-13,5,12,1-3-6,43.0,67.92749827254646,24.92749827254646
2024-11-14,6,2,1-2-6,24.0,45.31298512209001,21.312985122090012
2024-11-14,6,3,1-5-3,49.5,65.34735279565089,15.847352795650892
2024-11-14,6,5,1-6-4,138.0,142.43414263420823,4.434142634208229
2024-11-14,6,7,1-2-3,9.0,45.18210340095732,36.18210340095732
2024-11-14,6,8,1-6-5,60.0,146.93795536174161,86.93795536174161
2024-11-14,6,9,1-4-6,14.6,82.74420379138652,68.14420379138653
2024-11-14,6,10,1-3-5,15.7,52.073556654281575,36.37355665428157
2024-11-14,6,12,1-2-6,45.9,69.97125922876921,24.071259228769215
2024-11-23,1,1,1-2-6,28.9,48.11263701141622,19.21263701141622
2024-11-23,1,6,1-2-4,38.3,47.58427404709961,9.284274047099615
2024-11-23,1,7,1-3-6,18.4,67.38040172579115,48.98040172579115
2024-11-23,1,9,1-2-3,19.9,51.13089599292099,31.230895992920992
2024-11-23,1,10,1-3-4,28.8,42.649216646614974,13.849216646614973
2024-11-23,1,12,1-2-5,9.4,49.73233605275858,40.332336052758585
2024-11-24,2,1,1-4-6,17.9,59.655051857280334,41.755051857280336
2024-11-24,2,6,1-3-2,11.9,50.21219836382022,38.31219836382022
2024-11-24,2,7,1-4-2,13.5,60.36308268261548,46.86308268261548
2024-11-24,2,8,1-2-4,4.2,48.68519810693106,44.48519810693106
2024-11-24,2,9,1-4-6,67.9,86.1245783436518,18.2245783436518
2024-11-24,2,10,1-2-4,13.8,42.1182280541236,28.318228054123598
2024-11-24,2,12,1-2-3,17.2,57.03194709206581,39.83194709206582
2024-11-25,3,2,1-3-4,17.7,29.522771516764404,11.822771516764405
2024-11-25,3,4,1-4-2,38.7,55.51267795350741,16.81267795350741
2024-11-25,3,8,1-4-2,7.2,65.52849717479654,58.32849717479654
2024-11-25,3,10,1-5-3,19.3,82.68250143663352,63.38250143663352
2024-11-25,3,11,1-2-3,8.0,47.25942974604361,39.25942974604361
2024-11-25,3,12,1-4-3,9.2,63.49905181799986,54.29905181799987
2024-11-26,4,1,1-2-5,14.8,36.65614683156973,21.856146831569728
2024-11-26,4,7,1-2-3,3.8,47.534194429937074,43.73419442993708
2024-11-26,4,8,1-2-4,3.5,42.517748250337775,39.017748250337775
2024-11-26,4,9,1-3-2,12.6,56.60051837216196,44.000518372161956
2024-11-26,4,10,1-3-2,19.6,49.79177458043131,30.191774580431307
2024-11-26,4,11,1-3-5,18.5,56.113701207754424,37.613701207754424
2024-11-26,4,12,1-3-5,8.9,56.518224472277595,47.618224472277596
2024-11-27,5,1,1-5-3,41.6,58.60162451289893,17.00162451289893
2024-11-27,5,7,1-4-2,16.9,62.3038094840599,45.4038094840599
2024-11-27,5,8,1-2-3,4.5,47.47662746015685,42.97662746015685
2024-11-27,5,9,1-3-5,23.4,57.93542088941031,34.53542088941031
2024-11-27,5,11,1-4-6,77.5,95.54395315411341,18.04395315411341
2024-11-28,6,1,1-2-6,16.9,52.10890058124312,35.20890058124312
2024-11-28,6,3,1-2-6,17.1,60.02590238502882,42.92590238502882
2024-11-28,6,5,1-6-2,35.2,134.6566787359154,99.45667873591539
2024-11-28,6,7,1-4-2,28.3,55.91534926371688,27.615349263716876
2024-11-28,6,8,1-2-4,5.3,49.84194930856886,44.54194930856886
2024-11-28,6,11,1-3-2,6.6,46.311705526983495,39.71170552698349
2024-11-28,6,12,1-2-3,8.8,41.97087323677444,33.17087323677444
2024-11-29,7,1,1-4-5,27.4,46.3696981976479,18.9696981976479
2024-11-29,7,4,1-3-4,10.8,40.42060330729091,29.62060330729091
2024-11-29,7,6,1-3-4,6.7,46.613826149068466,39.91382614906846
2024-11-29,7,7,1-3-6,9.1,72.65641430146236,63.55641430146236
2024-11-29,7,10,1-4-6,22.1,74.62103774117874,52.52103774117874
2024-11-29,7,12,1-3-2,12.1,48.18241161679135,36.08241161679135
2024-12-02,1,1,1-3-2,11.2,33.189735296956634,21.989735296956635
2024-12-02,1,2,1-5-2,66.2,56.77348535293204,-9.426514647067961
2024-12-02,1,6,1-4-2,7.5,54.29969913642646,46.79969913642646
2024-12-02,1,7,1-3-5,30.0,45.84861682372195,15.848616823721947
2024-12-02,1,8,1-3-2,6.7,43.38530714703739,36.685307147037385
2024-12-03,2,2,1-3-2,8.7,30.497740295464844,21.797740295464845
2024-12-03,2,7,1-3-6,20.6,67.4546158553849,46.8546158553849
2024-12-03,2,9,1-2-6,12.3,70.01917447657607,57.71917447657607
2024-12-03,2,10,1-2-4,3.8,40.512278737150844,36.71227873715085
2024-12-03,2,11,1-3-2,14.6,58.16177542400068,43.56177542400068
2024-12-03,2,12,1-3-2,8.3,45.88255120662297,37.582551206622966
2024-12-04,3,1,1-4-2,24.7,42.5303388163787,17.830338816378703
2024-12-05,4,3,1-5-3,138.9,84.01394917689929,-54.88605082310072
2024-12-05,4,7,1-3-5,117.3,47.50275604095918,-69.79724395904083
2024-12-05,4,10,1-2-3,13.2,44.43029884222616,31.23029884222616
2024-12-05,4,11,1-4-3,17.6,58.49763107524874,40.89763107524874
2024-12-06,5,1,1-3-6,21.5,54.45747826409469,32.95747826409469
2024-12-06,5,3,1-6-2,6.9,113.43252875476549,106.53252875476548
2024-12-06,5,5,1-4-3,13.4,50.38947657358017,36.98947657358017
2024-12-06,5,8,1-3-4,17.5,50.61142924284995,33.11142924284995
2024-12-06,5,9,1-3-2,8.3,47.99594200585847,39.69594200585847
2024-12-06,5,10,1-5-2,14.7,82.75817605047193,68.05817605047193
2024-12-07,6,1,1-6-3,52.6,101.81128244115021,49.21128244115021
2024-12-07,6,2,1-2-4,5.9,30.63560150220748,24.73560150220748
2024-12-07,6,3,1-2-4,25.3,48.65341143863117,23.353411438631166
2024-12-07,6,11,1-3-4,11.8,52.76697446221749,40.96697446221749
2024-12-11,1,2,1-5-6,35.2,70.04303339413626,34.843033394136256
2024-12-11,1,3,1-2-5,38.8,49.57914485175136,10.779144851751362
2024-12-11,1,8,1-3-4,7.1,45.2345440411832,38.1345440411832
2024-12-11,1,12,1-3-4,9.4,48.598580040701336,39.19858004070134
2024-12-12,2,2,1-3-4,41.9,29.75317851832945,-12.14682148167055
2024-12-12,2,7,1-2-6,19.5,60.799887203290254,41.299887203290254
2024-12-12,2,9,1-5-3,68.3,90.87745681038147,22.577456810381477
2024-12-12,2,10,1-3-5,7.9,46.291054992866904,38.391054992866906
2024-12-12,2,12,1-4-3,25.1,62.59363514291508,37.49363514291508
2024-12-13,3,5,1-4-2,11.9,55.043578721883904,43.143578721883905
2024-12-14,4,1,1-2-6,11.6,46.359698294018486,34.759698294018484
2024-12-14,4,3,1-6-3,551.7,125.4880620427229,-426.21193795727714
2024-12-14,4,7,1-5-3,21.5,83.81912506465571,62.31912506465571
2024-12-14,4,8,1-4-5,9.5,59.205005601623604,49.705005601623604
2024-12-15,5,1,1-3-2,9.3,31.76391874861757,22.46391874861757
2024-12-15,5,4,1-3-2,38.0,51.842355291744056,13.842355291744056
2024-12-15,5,5,1-2-3,11.1,45.309365007520945,34.209365007520944
2024-12-15,5,7,1-2-3,38.4,43.578335803991656,5.178335803991658
2024-12-15,5,8,1-2-6,25.1,61.558182425733385,36.45818242573338
2024-12-16,6,1,1-4-3,34.8,37.80709037758786,3.007090377587865
2024-12-16,6,3,1-4-5,38.3,66.69864247597481,28.39864247597481
2024-12-16,6,5,1-6-4,38.9,134.0530175942232,95.1530175942232
2024-12-16,6,7,1-3-6,15.5,61.56272747789022,46.06272747789022
2024-12-16,6,8,1-2-6,17.1,67.44554576900511,50.345545769005106
2024-12-16,6,9,1-4-2,25.3,60.107081113083176,34.80708111308317
2024-12-16,6,10,1-5-3,35.4,79.47746869689792,44.07746869689792
2024-12-16,6,12,1-5-6,79.3,82.8264228782202,3.5264228782202025
2024-12-21,1,1,1-3-5,16.6,34.037511002618544,17.437511002618542
2024-12-21,1,5,1-3-2,59.5,47.35837712544462,-12.141622874555381
2024-12-21,1,8,1-3-4,12.4,46.47598172269252,34.07598172269252
2024-12-21,1,9,1-3-4,12.9,46.87225523572063,33.97225523572063
2024-12-22,2,6,1-4-3,13.7,55.418402643556966,41.71840264355697
2024-12-22,2,7,1-5-2,19.4,81.01127415556405,61.611274155564054
2024-12-22,2,8,1-2-3,14.4,45.9504017321943,31.550401732194302
2024-12-22,2,10,1-3-5,14.0,47.08074878511155,33.08074878511155
2024-12-22,2,12,1-2-5,11.8,47.04916576830028,35.24916576830027
2024-12-23,3,1,1-2-4,19.0,32.10716376697978,13.107163766979781
2024-12-23,3,3,1-2-5,55.9,50.594421597913495,-5.305578402086503
2024-12-23,3,4,1-5-6,19.2,84.67838735937222,65.47838735937222
2024-12-23,3,8,1-3-2,8.0,49.23013749274397,41.23013749274397
2024-12-23,3,10,1-2-4,12.1,44.08852078542701,31.988520785427006
2024-12-23,3,11,1-4-5,16.4,64.5116959853021,48.1116959853021
2024-12-23,3,12,1-3-4,11.2,56.621638212090865,45.42163821209087
2024-12-24,4,1,1-3-6,11.2,52.926787701270236,41.72678770127024
2024-12-24,4,6,1-3-4,6.6,39.348203596279866,32.748203596279865
2024-12-24,4,8,1-3-2,7.7,52.408188076388285,44.70818807638828
2024-12-24,4,9,1-3-2,4.3,42.67442502250537,38.37442502250537
2024-12-24,4,10,1-4-3,16.2,65.54161021856982,49.34161021856981
2024-12-25,5,3,1-2-4,35.0,43.16779859265585,8.16779859265585
2024-12-25,5,4,1-6-2,40.4,128.91674346142634,88.51674346142633
2024-12-25,5,5,1-6-5,9.5,141.02182245932886,131.52182245932886
2024-12-25,5,6,1-4-2,13.6,63.60161526013622,50.00161526013622
2024-12-25,5,7,1-2-6,28.0,69.9728824123718,41.9728824123718
2024-12-25,5,8,1-2-5,4.7,43.46278958567073,38.762789585670724
2024-12-25,5,10,1-3-6,38.7,68.37892576563308,29.678925765633082
2024-12-26,6,3,1-3-4,25.5,50.462946240983406,24.962946240983406
2024-12-26,6,5,1-5-6,13.2,93.93556617804575,80.73556617804574
2024-12-26,6,6,1-3-4,14.5,47.4248820258551,32.9248820258551
2024-12-26,6,8,1-5-2,19.8,79.99489956510229,60.19489956510229
2024-12-26,6,9,1-2-6,40.8,73.90608576183455,33.10608576183455
2024-12-26,6,12,1-3-5,15.8,47.553119419113486,31.753119419113485
2024-12-27,7,2,1-2-3,12.4,26.80973422524797,14.409734225247968
2024-12-27,7,6,1-4-2,14.8,59.49998327257512,44.699983272575125
2024-12-27,7,8,1-2-3,5.2,43.316839259578984,38.11683925957898
2024-12-27,7,9,1-4-3,15.4,56.050533752792184,40.650533752792185
2024-12-27,7,11,1-4-3,24.1,59.24083205660229,35.140832056602285
2024-12-30,1,1,1-2-4,21.9,30.003977701816535,8.103977701816536
2024-12-30,1,4,1-6-4,150.0,133.39723841393317,-16.602761586066833
2024-12-30,1,5,1-3-2,13.5,56.013232878427296,42.513232878427296
2024-12-30,1,6,1-4-3,11.6,61.444839622991026,49.844839622991024
2024-12-30,1,8,1-2-4,3.7,47.788155276069006,44.088155276069
2024-12-30,1,10,1-3-2,6.3,51.464943265199096,45.1649432651991
2024-12-30,1,11,1-2-4,6.2,42.37199125729267,36.17199125729267
2024-12-30,1,12,1-2-3,7.2,47.24265922206672,40.04265922206672
2024-12-31,2,2,1-3-5,20.7,39.29910739335425,18.59910739335425
2024-12-31,2,4,1-4-2,15.9,59.207849018689814,43.307849018689815
2024-12-31,2,9,1-2-4,7.0,50.06405773733002,43.06405773733002
2024-12-31,2,10,1-2-4,4.3,48.41781388638942,44.11781388638942
2024-12-31,2,11,1-3-4,24.0,43.661038703382346,19.661038703382346
