tree
version=v4
num_class=1
num_tree_per_iteration=1
label_index=0
max_feature_idx=123
objective=regression
feature_names=開催経過日 風速 波高 日目 レース 天気 風向 pos1_艇 pos1_級 pos1_展示 pos1_勝率 pos1_2連率 pos1_3連率 pos1_当地勝率 pos1_当地2連率 pos1_当地3連率 pos1_モーター勝率 pos1_モーター2連率 pos1_モーター3連率 pos1_ボート勝率 pos1_ボート2連率 pos1_ボート3連率 pos1_平均スタートタイミング pos1_1コース複勝率 pos1_2コース複勝率 pos1_3コース複勝率 pos1_4コース複勝率 pos1_5コース複勝率 pos1_6コース複勝率 pos1_体重 pos1_展示_レース内順位 pos1_展示_レース内差 pos1_勝率_レース内順位 pos1_勝率_レース内差 pos1_2連率_レース内順位 pos1_2連率_レース内差 pos1_3連率_レース内順位 pos1_3連率_レース内差 pos1_当地勝率_レース内順位 pos1_当地勝率_レース内差 pos1_モーター勝率_レース内順位 pos1_モーター勝率_レース内差 pos1_ボート勝率_レース内順位 pos1_ボート勝率_レース内差 pos1_平均スタートタイミング_レース内順位 pos1_平均スタートタイミング_レース内差 pos2_艇 pos2_級 pos2_展示 pos2_勝率 pos2_2連率 pos2_3連率 pos2_当地勝率 pos2_当地2連率 pos2_当地3連率 pos2_モーター勝率 pos2_モーター2連率 pos2_モーター3連率 pos2_ボート勝率 pos2_ボート2連率 pos2_ボート3連率 pos2_平均スタートタイミング pos2_1コース複勝率 pos2_2コース複勝率 pos2_3コース複勝率 pos2_4コース複勝率 pos2_5コース複勝率 pos2_6コース複勝率 pos2_体重 pos2_展示_レース内順位 pos2_展示_レース内差 pos2_勝率_レース内順位 pos2_勝率_レース内差 pos2_2連率_レース内順位 pos2_2連率_レース内差 pos2_3連率_レース内順位 pos2_3連率_レース内差 pos2_当地勝率_レース内順位 pos2_当地勝率_レース内差 pos2_モーター勝率_レース内順位 pos2_モーター勝率_レース内差 pos2_ボート勝率_レース内順位 pos2_ボート勝率_レース内差 pos2_平均スタートタイミング_レース内順位 pos2_平均スタートタイミング_レース内差 pos3_艇 pos3_級 pos3_展示 pos3_勝率 pos3_2連率 pos3_3連率 pos3_当地勝率 pos3_当地2連率 pos3_当地3連率 pos3_モーター勝率 pos3_モーター2連率 pos3_モーター3連率 pos3_ボート勝率 pos3_ボート2連率 pos3_ボート3連率 pos3_平均スタートタイミング pos3_1コース複勝率 pos3_2コース複勝率 pos3_3コース複勝率 pos3_4コース複勝率 pos3_5コース複勝率 pos3_6コース複勝率 pos3_体重 pos3_展示_レース内順位 pos3_展示_レース内差 pos3_勝率_レース内順位 pos3_勝率_レース内差 pos3_2連率_レース内順位 pos3_2連率_レース内差 pos3_3連率_レース内順位 pos3_3連率_レース内差 pos3_当地勝率_レース内順位 pos3_当地勝率_レース内差 pos3_モーター勝率_レース内順位 pos3_モーター勝率_レース内差 pos3_ボート勝率_レース内順位 pos3_ボート勝率_レース内差 pos3_平均スタートタイミング_レース内順位 pos3_平均スタートタイミング_レース内差
feature_infos=[1:4017] [1:10] [1:10] [1:7] [1:12] [0:2] [0:8] [1:1] [0:3] [6.5199999999999996:7.0499999999999998] [2.6000000000000001:7.9100000000000001] [4.7000000000000002:72.400000000000006] [11.4:84.799999999999997] [0:9.6199999999999992] [0:100] [0:100] [0:8.8800000000000008] [0:100] [0:100] [0:10.289999999999999] [0:100] [0:100] [0.11:0.23999999999999999] [14.199999999999999:100] [0:100] [0:79.299999999999997] [0:100] [0:100] [0:100] [41:63] [1:6] [-0.1850000000000005:0.15666666666666718] [1:6] [-2.1799999999999997:2.4883333333333333] [1:6] [-24.849999999999998:31.533333333333339] [1:6] [-29.283333333333331:35.216666666666661] [1:6] [-5.0283333333333333:5.0133333333333336] [1:6] [-5.2250000000000005:3.1133333333333324] [1:6] [-4.9199999999999999:5.8216666666666672] [1:6] [-0.051666666666666652:0.066666666666666652] [3:3] [0:3] [6.5199999999999996:7.0800000000000001] [0:8.0800000000000001] [0:74.700000000000003] [0:89.299999999999997] [0:9.8599999999999994] [0:100] [0:100] [0:9] [0:100] [0:100] [0:8.6699999999999999] [0:69.200000000000003] [0:100] [0.11:0.25] [0:100] [0:82.599999999999994] [0:87] [0:100] [0:100] [0:60] [43:67] [1:6] [-0.13166666666666771:0.1850000000000005] [1:6] [-3.5749999999999997:2.6816666666666666] [1:6] [-32.566666666666663:34.066666666666663] [1:6] [-36.466666666666669:34.650000000000013] [1:6] [-5.753333333333333:5.0166666666666675] [1:6] [-3.543333333333333:5.75] [1:6] [-3.956666666666667:3.7983333333333329] [1:6] [-0.056666666666666643:0.055000000000000021] [5:5] [0:4] [6.5700000000000003:7.0300000000000002] [1.4099999999999999:7.9699999999999998] [0:70.599999999999994] [2.2999999999999998:90] [0:9.2899999999999991] [0:88.900000000000006] [0:100] [0:10.17] [0:90] [0:100] [0:9.5700000000000003] [0:100] [0:100] [0.11:0.25] [0:100] [0:85] [0:76.5] [0:100] [0:61.899999999999999] [0:50] [44:63] [1:6] [-0.16000000000000014:0.15500000000000025] [1:6] [-3.0949999999999993:2.496666666666667] [1:6] [-31.700000000000003:28.933333333333334] [1:6] [-43.36666666666666:34.516666666666666] [1:6] [-6.0766666666666653:4.3516666666666666] [1:6] [-5.1633333333333331:4.8183333333333334] [1:6] [-5.1366666666666667:5.7116666666666678] [1:6] [-0.051666666666666666:0.05999999999999997]
tree_sizes=2005 1663 1343 2201 1815 1761 1539 1547 1834 1354 2019 1658 2254 1196 1390 2127 1436 1321 1724 1358 1011 1690 1377 1287 1787 1876 1105 2100 1631 1274 1283 1433 1450 1467 1544 1354 1185 939 1010 1330 917 1517 1855 2017 1298 1463 1403 1484 1734 1628 1273 1541 1450 1767 1062 1367 1170 1200 2150 1203 2610 1480 1939 1712 1376 1804 2143 1361 1215 1596 1092 855 1011 1037 1545 1586 2226 1454 1558 1194 1300 1278 1920 1400 1604 1390 1261 1145 1456 1523 1319 1654 1071 1996 1028 1451 1835 1825 1762 1043 1251 2000 1191 773 1358 858 877 1420 1135 1060 1390 1052 1307 1170 1019 1117 1029 1673 2274 1233 1366 1154 1287 2530 2084 2072 2092 1019 1457 1036 1489 1731 1531 1401 2043 1555 1822 908 1807 1320 1371 1948 1466 1453 1591 1553 869 1430 1382 1585 953 1917 1109 1805 1152 1270 1504 1034 1867 925 1636 1095 1497 1461 1255 1380 1783 1398 946 1067 936 1110 944 867 1401 1716 1148 1613 861 963 1586 1512 1214 1591 1812 1979 1659 1474 1360 2342 1932 1632 1068 1744 1372 2019 1446 1848 1131 1430

Tree=0
num_leaves=22
num_cat=0
split_feature=74 114 113 10 31 101 74 74 76 45 4 94 76 114 21 11 50 32 93 117 33
split_gain=18808.2 9224.87 8170.24 7426.34 6281.55 6250.3 3562.17 2559.04 2367.6 2321.68 2048.38 1954.21 1213.28 988.856 954.045 914.948 712.08 689.394 632.471 445.975 335.84
threshold=-6.9083333333333306 2.5000000000000004 -1.9249999999999987 5.0650000000000004 0.017500000000000075 38.000000000000007 -13.241666666666665 -0.62499999999999989 9.1833333333333353 0.0033333333333333136 9.5000000000000018 4.830000000000001 6.8666666666666716 3.5000000000000004 49.850000000000009 24.300000000000001 27.350000000000005 4.5000000000000009 37.300000000000004 0.95916666666666706 0.67416666666666825
decision_type=2 2 2 2 2 2 2 2 2 2 2 2 2 2 2 2 2 2 2 2 2
left_child=2 5 -1 4 12 -2 -4 11 9 10 -7 -5 16 17 -8 -14 -3 -9 -10 -13 -15
right_child=1 3 6 7 -6 8 14 13 18 -11 -12 19 15 20 -16 -17 -18 -19 -20 -21 -22
leaf_value=22.614958875102044 22.100198731129634 21.128220351204259 22.189558933058915 21.587491888909234 22.182234352744697 21.563222415791937 21.076339176822472 21.175302358409109 21.217819818617428 21.958813614522295 21.03418061232432 21.039167141645681 21.156856467131004 20.7338132666228 21.557710691823775 20.660366402875596 21.613981964607984 20.793469145210711 20.824418398440663 20.722788755423569 20.57729129717745
leaf_weight=27 27 15.000000000000002 15.999999999999998 14.999999999999998 18 36 21 17 15.999999999999998 15.999999999999998 37 37 22 76 20 15.999999999999998 14.999999999999998 39 28 15.999999999999998 67
leaf_count=27 27 15 16 15 18 36 21 17 16 16 37 37 22 76 20 16 15 39 28 16 67
internal_value=21.2068 21.0932 21.8999 20.9505 21.3544 21.4081 21.5593 20.8204 21.267 21.4152 21.2952 21.0855 21.1342 20.7299 21.3113 20.9468 21.3715 20.9091 20.9673 20.9429 20.6601
internal_weight=597 513 84 353 86 160 57 267 133 89 73 68 68 199 41 38 30 56 44 53 143
internal_count=597 513 84 353 86 160 57 267 133 89 73 68 68 199 41 38 30 56 44 53 143
is_linear=0
shrinkage=1


Tree=1
num_leaves=17
num_cat=0
split_feature=74 111 113 37 28 41 76 93 109 31 78 11 12 82 84 113
split_gain=21417.3 8701.15 7817.99 5893.34 4647.27 3753.12 3408.46 3819.39 3167.95 3125.78 1653.27 1514.38 1075.07 1027.53 974.37 648.614
threshold=-6.9083333333333306 -0.079166666666667038 -13.516666666666664 -6.6749999999999963 4.3500000000000005 0.20416666666666664 8.8583333333333325 47.45000000000001 0.014999999999999238 0.010000000000000233 0.73999999999999988 24.300000000000001 58.95000000000001 -0.012499999999999732 -0.004166666666666651 -3.3666666666666667
decision_type=2 2 2 2 2 2 2 2 2 2 2 2 2 2 2 2
left_child=1 8 5 9 -3 -2 7 10 -1 14 -5 -8 -9 -6 -4 -13
right_child=2 4 3 6 13 -7 11 12 -10 -11 -12 15 -14 -15 -16 -17
leaf_value=1.9060350983039187 0.10619503184141617 1.1036366282314656 -0.21569719769939877 0.30542150402239088 0.38706559187529105 1.0650035209056594 0.060779211073127018 -0.058496749058462798 0.88432895987239102 0.897124783755743 -0.10638675630576651 -0.30763146263671842 -0.34240110127970791 -0.14331195395746274 0.33436585701770666 -0.54190596727205009
leaf_weight=16.000000000000004 22 14.999999999999998 15.999999999999998 56 14.999999999999998 19 14.999999999999998 46 14.999999999999998 17 43 44 122 23 15.999999999999998 94
leaf_count=16 22 15 16 56 15 19 15 46 15 17 43 44 122 23 16 94
internal_value=0.0127796 0.752076 -0.109101 -0.167024 0.361565 0.552153 -0.227582 -0.119656 1.41626 0.351352 0.126578 -0.41569 -0.264776 0.0663828 0.0593634 -0.467523
internal_weight=594 84 510 469 53 41 420 267 31 49 99 153 168 38 32 138
internal_count=594 84 510 469 53 41 420 267 31 49 99 153 168 38 32 138
is_linear=0
shrinkage=0.05


Tree=2
num_leaves=14
num_cat=0
split_feature=74 101 74 80 102 23 35 115 119 70 119 59 4
split_gain=18419.4 10400.4 7430.11 4303.57 4040.69 3327.23 2990.05 2527.99 1933.22 1359.56 1346.91 1267.73 1082.7
threshold=-13.241666666666665 38.000000000000007 -0.62499999999999989 -0.33416666666666689 30.200000000000003 69.850000000000009 -6.7416666666666716 -0.79999999999999705 0.1216666666666666 0.023333333333332987 -0.13750000000000015 30.950000000000003 5.5000000000000009
decision_type=2 2 2 2 2 2 2 2 2 2 2 2 2
left_child=-1 3 4 -2 11 -6 8 9 -4 -8 -7 -3 -9
right_child=1 2 6 -5 5 10 7 12 -10 -11 -12 -13 -14
leaf_value=1.343305687983501 1.3600500747857505 0.34715580403475471 0.49982564046015193 0.31087485787283065 0.56819172111940586 0.14667720975419582 -0.22145649546490659 -0.25873639406770982 -0.17781826849032312 0.15751517579377255 -0.22874614954572145 0.96154155834861421 -0.49708000150531384
leaf_weight=24 14.999999999999998 18 20 28 23 37 90 76 22 32 67 15.999999999999998 130
leaf_count=24 15 18 20 28 23 37 90 76 22 32 67 16 130
internal_value=-0.0108457 -0.0676981 -0.128314 0.679289 0.155136 0.0253193 -0.251676 -0.302536 0.145171 -0.121966 -0.0951214 0.638397 -0.40934
internal_weight=598 574 531 43 161 127 370 328 42 122 104 34 206
internal_count=598 574 531 43 161 127 370 328 42 122 104 34 206
is_linear=0
shrinkage=0.05


Tree=3
num_leaves=24
num_cat=0
split_feature=74 111 115 74 35 31 109 93 109 35 59 76 4 11 117 93 65 74 114 113 10 37 39
split_gain=19604.4 6956.3 5942.85 4624.33 4240.81 4324.63 4004.69 2577.77 1982.79 2466.93 2024.5 1686.19 1617.07 1221 1176.63 799.059 684.438 556.721 473.883 434.322 401.828 235.234 92.8217
threshold=-6.9083333333333306 -0.079166666666667038 -4.2083333333333384 -13.241666666666665 -2.3000000000000003 0.0074999999999993969 0.021666666666666948 47.900000000000006 -0.031666666666666725 9.4583333333333339 30.150000000000002 8.0250000000000004 8.5000000000000018 48.050000000000004 0.97583333333333389 55.550000000000004 46.100000000000001 0.20833333333333218 4.5000000000000009 4.3666666666666645 5.5650000000000004 -5.3250000000000055 1.4808333333333339
decision_type=2 2 2 2 2 2 2 2 2 2 2 2 2 2 2 2 2 2 2 2 2 2 2
left_child=1 6 7 -3 5 15 -1 8 -2 10 -10 12 14 -11 -6 -4 -9 -14 -5 20 -13 -17 -21
right_child=2 3 4 18 11 -7 -8 16 9 13 -12 19 17 -15 -16 21 -18 -19 -20 22 -22 -23 -24
leaf_value=1.735501852378015 -0.22756148946951635 1.0707526914331298 0.10119727291352119 0.24813166373310649 0.1287391540698371 0.60447955201912629 0.65608208388645461 -0.0029580143923611983 0.25221143198194423 -0.074134951875996336 0.95535808905526309 -0.1526950791971573 -0.17949262651494177 0.43261802024509183 -0.28903934610377852 -0.14943342448433458 -0.38861716782859484 -0.44304003927154811 -0.11524123956714818 -0.51937851523835421 -0.46014921261765196 -0.39479433254958279 -0.66533616798183925
leaf_weight=19 15.999999999999998 14.999999999999998 20 14.999999999999998 42 27 15.999999999999998 29 18 29 24 14.999999999999998 30 20 28 18 19 62 22 32 38 22 21
leaf_count=19 16 15 20 15 42 27 16 29 18 29 24 15 30 20 28 18 19 62 22 32 38 22 21
internal_value=0.00808828 0.70137 -0.110282 0.333365 -0.223049 0.0801465 1.24547 0.147937 0.284442 0.37467 0.655443 -0.321487 -0.219757 0.133061 -0.0384749 -0.156333 -0.156209 -0.357443 0.0322091 -0.47656 -0.373679 -0.285155 -0.578449
internal_weight=597 87 510 52 355 87 35 155 107 91 42 268 162 49 70 60 48 92 37 106 53 40 53
internal_count=597 87 510 52 355 87 35 155 107 91 42 268 162 49 70 60 48 92 37 106 53 40 53
is_linear=0
shrinkage=0.05


Tree=4
num_leaves=19
num_cat=0
split_feature=74 113 111 26 103 31 119 53 76 114 0 74 121 35 90 26 65 113
split_gain=16271.6 6766.12 5510.42 4766.04 3717.83 3299.05 3216.78 2997.96 2939.32 2525.44 1750.06 1630.56 1565.18 1525.93 1090.05 974.752 794.08 578.423
threshold=-6.9083333333333306 -12.55833333333333 1.0000000180025095e-35 14.550000000000002 25.450000000000003 0.017500000000000075 0.09416666666666719 17.900000000000002 7.3250000000000002 3.5000000000000004 1452.5000000000002 -3.4999999999999996 0.019166666666667002 3.9833333333333347 54.850000000000001 36.350000000000001 17.750000000000004 -4.4666666666666641
decision_type=2 2 2 2 2 2 2 2 2 2 2 2 2 2 2 2 2 2
left_child=2 6 4 5 -1 12 -2 -4 9 10 -5 -11 -3 14 -10 -8 -9 -15
right_child=1 3 7 8 -6 -7 15 16 13 11 -12 -13 -14 17 -16 -17 -18 -19
leaf_value=1.6695109610231764 0.88048436920364181 -0.25565080684215868 0.79047613499676361 0.37958085419626064 0.66364122723562147 0.91934264464094151 0.38886054811740156 -0.26534065572631288 0.087997304360230122 0.11598086762912159 -0.060855080086956316 -0.31527078176689194 0.4059282790059629 -0.3000781294581128 -0.33873290109907522 -0.17037307446047387 0.23221573885421309 -0.54781456699206721
leaf_weight=15.999999999999998 23 20 19 35 22 14.999999999999998 15.000000000000002 14.999999999999998 25 27 63 115 15.999999999999998 34 37 15.999999999999998 17 81
leaf_count=16 23 20 19 35 22 15 15 15 25 27 63 115 16 34 37 16 17 81
internal_value=0.0109392 -0.0956292 0.635443 -0.156806 1.09057 0.299001 0.433789 0.294762 -0.212623 -0.0985267 0.0966191 -0.233213 0.0385558 -0.367158 -0.166719 0.100443 -0.000958092 -0.474939
internal_weight=611 522 89 468 38 51 54 51 417 240 98 142 36 177 62 31 32 115
internal_count=611 522 89 468 38 51 54 51 417 240 98 142 36 177 62 31 32 115
is_linear=0
shrinkage=0.05


Tree=5
num_leaves=19
num_cat=0
split_feature=74 111 114 26 101 0 103 119 74 45 53 92 95 94 70 37 63 0
split_gain=12967.1 5378.42 4759.79 5358.58 3614.6 3471.45 3085.65 2888.46 2206.51 1990.88 1802.12 1155.78 1136.65 1096.73 920.906 634.015 607.303 404.186
threshold=-6.9083333333333306 -0.079166666666667038 2.5000000000000004 17.000000000000004 38.000000000000007 1839.0000000000002 25.450000000000003 0.15499999999999983 -3.4999999999999996 0.0041666666666666666 29.300000000000001 10.450000000000001 33.250000000000007 4.8850000000000007 0.038333333333333559 5.708333333333333 39.000000000000007 1407.0000000000002
decision_type=2 2 2 2 2 2 2 2 2 2 2 2 2 2 2 2 2 2
left_child=1 6 4 5 -2 -4 -1 13 10 11 -5 -6 -7 -3 15 -10 -13 -16
right_child=2 7 3 8 9 12 -8 -9 14 -11 -12 16 -14 -15 17 -17 -18 -19
leaf_value=1.5116909788365949 0.67263359667295475 0.26759786497997612 0.81850675858186739 0.50644930751118433 0.24673342211214125 0.2658951422624421 0.56802710461023753 0.76586038003190904 -0.2724726771056713 0.41071990776336059 -0.25395690236032381 0.082272674224863007 -0.29528979503047403 -0.28364688737210647 0.087595963793874576 -0.44012867447801773 -0.23167714861625985 -0.22774407892185489
leaf_weight=17 25 17 18 15.000000000000002 22 17 18 17 98 26 15.999999999999998 20 19 19 14.999999999999998 136 66 31
leaf_count=17 25 17 18 15 22 17 18 17 98 26 16 20 19 19 15 136 66 31
internal_value=-0.0119255 0.549327 -0.106278 -0.205727 0.121971 0.253637 1.02952 0.230781 -0.285559 0.0187727 0.114266 -0.0758314 -0.0301448 -0.0231782 -0.329869 -0.370082 -0.158597 -0.12484
internal_weight=612 88 524 365 159 54 35 53 311 134 31 108 36 36 280 234 86 46
internal_count=612 88 524 365 159 54 35 53 311 134 31 108 36 36 280 234 86 46
is_linear=0
shrinkage=0.05


Tree=6
num_leaves=16
num_cat=0
split_feature=76 111 0 111 76 12 32 45 10 70 122 74 77 97 66
split_gain=13231.5 8665.06 6286.54 3831.46 3521.6 3369 2575.63 2452.66 2039.07 1673.2 1484.79 1344.37 1281.33 992.689 648.27
threshold=-10.375000000000002 -1.5933333333333328 1850.5000000000002 -0.069999999999999382 -4.191666666666662 48.850000000000001 1.5000000000000002 0.0041666666666666666 5.6950000000000012 0.023333333333332987 2.5000000000000004 -3.4999999999999996 4.5000000000000009 5.2350000000000012 30.900000000000002
decision_type=2 2 2 2 2 2 2 2 2 2 2 2 2 2 2
left_child=2 -2 -1 4 -3 6 -5 9 -4 -6 -9 13 -8 -7 -13
right_child=1 3 8 5 7 11 12 10 -10 -11 -12 14 -14 -15 -16
leaf_value=1.4067055035365652 1.0448739243529692 0.66896856611940114 0.71828173612127233 0.63259037050030986 -0.1870912178092172 0.25761628432406319 0.14154600117580471 0.75092257008400587 -0.091037614356656985 0.19732917054431645 0.093216140887964122 -0.40235024991232432 -0.26850520630912206 -0.24046377474712632 -0.20591802970205264
leaf_weight=22 17 22 15.000000000000002 15.999999999999998 110 17 38 14.999999999999998 15.999999999999998 38 20 150 38 24 59
leaf_count=22 17 22 15 16 110 17 38 15 16 38 20 150 38 24 59
internal_value=0.00755511 -0.0634662 0.762119 -0.0981057 0.0727756 -0.200541 0.0580625 0.000748627 0.301458 -0.0882883 0.376569 -0.295712 -0.0634973 -0.0336968 -0.347047
internal_weight=617 564 53 547 205 342 92 183 31 148 35 250 76 41 209
internal_count=617 564 53 547 205 342 92 183 31 148 35 250 76 41 209
is_linear=0
shrinkage=0.05


Tree=7
num_leaves=16
num_cat=0
split_feature=72 88 91 28 70 31 114 24 45 19 93 74 33 10 123
split_gain=10674.2 7689.28 5047.08 5239.58 3422.85 2542.23 2505.12 2674.66 1413.26 1237.4 1173.98 1124.45 728.584 706.931 690.861
threshold=-0.49833333333333302 3.2200000000000002 5.9050000000000011 9.7500000000000018 0.038333333333333559 -0.0091666666666663215 2.5000000000000004 18.900000000000002 0.0041666666666666666 5.205000000000001 33.750000000000007 -3.4999999999999996 0.20166666666666669 6.0050000000000008 0.020000000000000035
decision_type=2 2 2 2 2 2 2 2 2 2 2 2 2 2 2
left_child=2 -2 3 -1 6 10 8 -8 14 -7 -6 -9 -12 -4 -3
right_child=1 4 13 -5 5 9 7 11 -10 -11 12 -13 -14 -15 -16
leaf_value=1.4123688784512607 0.83562524871588817 -0.15460522649420097 0.29834233794780757 0.35511379217829447 0.36826461018710743 0.8509802467775659 0.24390309392416626 -0.012385527026612324 0.3349775060383296 0.20742710031420983 0.10626845089950371 -0.34252148489452028 -0.27541437212974285 -0.17787328758595153 0.15355934164336116
leaf_weight=23 22 74 15.000000000000002 24 14.999999999999998 15.000000000000002 24 29 26 14.999999999999998 20 236 33 15.999999999999998 24
leaf_count=23 22 74 15 24 15 15 24 29 26 15 20 236 33 16 24
internal_value=0.00248042 -0.077489 0.548402 0.8745 -0.116967 0.148548 -0.180003 -0.260642 0.00795686 0.531128 -0.0206964 -0.306431 -0.13136 0.0526112 -0.0790058
internal_weight=611 533 78 47 511 98 413 289 124 30 68 265 53 31 98
internal_count=611 533 78 47 511 98 413 289 124 30 68 265 53 31 98
is_linear=0
shrinkage=0.05


Tree=8
num_leaves=20
num_cat=0
split_feature=72 88 111 78 31 55 76 88 37 69 23 114 82 88 34 53 0 44 91
split_gain=9038.59 7695 4222.97 3011.5 3794.57 2875.15 2428.86 2424.22 2367.29 1848.48 1794.77 1084.55 1037.51 869.247 1152.78 476.846 389.195 321.061 66.2943
threshold=-0.2691666666666665 3.2200000000000002 -0.011666666666666712 0.034999999999999705 -0.0091666666666663215 4.9250000000000007 10.208333333333337 4.8250000000000011 -6.8916666666666648 4.5000000000000009 84.700000000000003 3.5000000000000004 -0.072500000000000661 5.4350000000000014 3.5000000000000004 38.95000000000001 2606.5000000000005 3.5000000000000004 6.1450000000000005
decision_type=2 2 2 2 2 2 2 2 2 2 2 2 2 2 2 2 2 2 2
left_child=2 -2 5 4 16 -1 7 9 -9 12 -7 -10 -3 14 -8 -16 -4 18 -15
right_child=1 6 3 -5 -6 10 13 8 11 -11 -12 -13 -14 17 15 -17 -18 -19 -20
leaf_value=1.2244773998444911 0.78088776849823072 0.34823114000565825 0.20756347156007876 -0.34776835529319139 0.97622344182885201 0.83960981882171137 0.190345982846266 0.33112372611508228 -0.047352501355359601 0.613702741265297 0.099411848319169549 -0.29664605494735624 -0.1339151022218841 -0.42849717072870241 -0.4305323645918076 -0.17356583704917394 -0.12078689424789441 -0.27017902093600499 -0.54514041316465256
leaf_weight=18 23 17 19 23 15.999999999999998 14.999999999999998 15.999999999999998 23 69 19 18 119 32 30 30 46 17 26 27
leaf_count=18 23 17 19 23 16 15 16 23 69 19 18 119 32 30 30 46 17 26 27
internal_value=-0.00982865 -0.10934 0.36664 0.127533 0.338123 0.717231 -0.154612 -0.0629554 -0.14663 0.196443 0.437537 -0.20525 0.0336268 -0.300592 -0.194309 -0.275498 0.0524656 -0.417963 -0.484695
internal_weight=603 477 126 75 52 51 454 279 211 68 33 188 49 175 92 76 36 83 57
internal_count=603 477 126 75 52 51 454 279 211 68 33 188 49 175 92 76 36 83 57
is_linear=0
shrinkage=0.05


Tree=9
num_leaves=14
num_cat=0
split_feature=76 88 0 91 44 76 101 103 33 82 97 101 117
split_gain=10008.8 5392.88 4328.34 4243.53 3240.69 2333.35 2471.53 1802.58 1264.24 1227.16 771.434 769.479 375.336
threshold=-6.6916666666666584 3.2200000000000002 1850.5000000000002 5.7650000000000006 5.5000000000000009 8.8583333333333325 58.100000000000001 35.45000000000001 -0.56999999999999995 -0.069166666666666363 4.8250000000000011 73.800000000000026 1.6391666666666671
decision_type=2 2 2 2 2 2 2 2 2 2 2 2 2
left_child=2 -2 3 -1 5 6 9 -4 -8 -3 11 -7 -12
right_child=1 4 7 -5 -6 10 8 -9 -10 -11 12 -13 -14
leaf_value=1.5454868852721972 0.74273730637359359 0.5340192274742217 0.51072845889462359 0.37284944105819368 0.40771698595366018 0.11505444699554082 0.27972286264711654 -0.09588302456939117 -0.16770796450356557 0.06238957202048076 -0.30327974878920916 -0.35243842388620444 -0.52524927044327641
leaf_weight=16.000000000000004 19 21 26 14.999999999999998 28 21 17 23 206 40 119 14.999999999999998 23
leaf_count=16 19 21 26 15 28 21 17 23 206 40 119 15 23
internal_value=0.000213613 -0.0815196 0.519756 0.981266 -0.113636 -0.145325 -0.0563067 0.226275 -0.133466 0.225444 -0.287215 -0.0800324 -0.339612
internal_weight=589 509 80 31 490 462 284 49 223 61 178 36 142
internal_count=589 509 80 31 490 462 284 49 223 61 178 36 142
is_linear=0
shrinkage=0.05


Tree=10
num_leaves=22
num_cat=0
split_feature=74 69 28 37 90 115 31 75 67 69 36 37 31 87 51 27 93 52 115 66 67
split_gain=9062.81 4235.09 3457.86 3170.59 3208.38 2454.98 1995.02 1826.05 1759.2 2495.22 1689.66 1599.56 1331.57 1291.59 1198.59 661.324 610.418 570.615 330.553 249.329 109.554
threshold=-6.9083333333333306 1.5000000000000002 7.8500000000000005 -6.6749999999999963 53.650000000000013 3.5166666666666662 0.010000000000000233 4.5000000000000009 6.6500000000000012 4.5000000000000009 4.5000000000000009 5.8499999999999988 0.024999999999999915 6.8650000000000011 60.850000000000001 26.950000000000003 54.45000000000001 6.6550000000000002 6.0333333333333359 23.900000000000002 11.750000000000002
decision_type=2 2 2 2 2 2 2 2 2 2 2 2 2 2 2 2 2 2 2 2 2
left_child=1 -1 -3 6 7 -4 16 8 15 -10 13 12 14 -9 -6 -5 -2 -12 19 -13 -20
right_child=3 2 5 4 11 -7 -8 10 9 -11 17 18 -14 -15 -16 -17 -18 -19 20 -21 -22
leaf_value=-0.25947310315526051 0.326812037011111 1.0983694088870082 0.69559885514650299 -0.15223502591871491 0.068753741064820767 -0.040207332328184325 0.78279824730576275 -0.069074521947153272 0.13883578149070372 0.87309381947879894 -0.35204696056981993 -0.18722061883789934 0.29440296504929747 0.46085695641779756 -0.29399134115342734 0.23308053212876648 -0.08635302488854274 -0.01878121188509534 -0.39310090773189166 -0.40332072557750087 -0.53273983549797665
leaf_weight=15.999999999999998 15.999999999999998 26 26 36 33 20 14.999999999999998 35 36 17 53 31 17 17 73 15.999999999999998 20 17 37 24 26
leaf_count=16 16 26 26 36 33 20 15 35 36 17 53 31 17 17 73 16 20 17 37 24 26
internal_value=0.00592377 0.474823 0.638203 -0.0736478 -0.114467 0.376181 0.300318 0.0204098 0.173204 0.375647 -0.111087 -0.241484 -0.115116 0.104628 -0.181056 -0.0333606 0.097534 -0.271325 -0.372956 -0.28217 -0.451562
internal_weight=607 88 72 519 468 46 51 227 105 53 122 241 123 52 106 52 36 70 118 55 63
internal_count=607 88 72 519 468 46 51 227 105 53 122 241 123 52 106 52 36 70 118 55 63
is_linear=0
shrinkage=0.05


Tree=11
num_leaves=17
num_cat=0
split_feature=72 101 55 64 24 103 115 111 45 76 25 64 51 53 19 70
split_gain=7979.23 4361.61 4027.16 2603.95 2098.78 2050.91 1674.41 1636.89 1336.11 1803.92 1026.01 1013.94 923.941 1132.85 599.946 286.106
threshold=-0.2691666666666665 1.0000000180025095e-35 4.4850000000000012 23.650000000000002 19.700000000000003 34.900000000000006 0.77500000000000224 -0.011666666666666712 0.0033333333333333136 7.1916666666666673 48.45000000000001 26.200000000000006 60.95000000000001 41.900000000000013 5.205000000000001 0.038333333333332671
decision_type=2 2 2 2 2 2 2 2 2 2 2 2 2 2 2 2
left_child=2 -2 -1 5 -3 -4 8 10 11 -10 -5 -6 13 -8 -9 -14
right_child=1 4 3 7 6 -7 12 14 9 -11 -12 -13 15 -15 -16 -17
leaf_value=1.0164708216855038 0.73555563644857602 0.29854527007499748 0.95485280586293375 0.053304547387243099 0.2099258283020761 0.16247755523943744 -0.22992513748134613 0.044932194452458642 0.64219675364083806 -0.054977584602427181 0.63792922409954456 -0.16258873581984831 -0.37281610048469965 0.14615225054295128 -0.32391743320812827 -0.14394210031869248
leaf_weight=19 14.999999999999998 27 18 15.000000000000002 21 14.999999999999998 86 23 14.999999999999998 24 14.999999999999998 136 104 26 21 15.999999999999998
leaf_count=19 15 27 18 15 21 15 86 23 15 24 15 136 104 26 21 16
internal_value=-0.00573238 -0.100476 0.347437 0.227751 -0.128204 0.596412 -0.1552 0.0626978 -0.0475353 0.213995 0.346931 -0.112628 -0.246078 -0.142524 -0.131332 -0.342486
internal_weight=596 470 126 107 455 33 428 74 196 39 30 157 232 112 44 120
internal_count=596 470 126 107 455 33 428 74 196 39 30 157 232 112 44 120
is_linear=0
shrinkage=0.05


Tree=12
num_leaves=24
num_cat=0
split_feature=72 0 121 114 66 10 119 60 48 113 102 36 64 70 36 24 119 37 66 32 51 10 45
split_gain=9253.1 4259.09 4808.74 2811.67 2747.76 2258.88 1959.7 2110.25 1535.3 1159.75 1029.21 1121.56 703.723 649.101 614.851 585.922 483.946 426.846 502.602 356.648 328.614 238.619 187.623
threshold=-0.2691666666666665 1437.5000000000002 0.081666666666667012 2.5000000000000004 8.9000000000000004 5.0050000000000008 0.19749999999999981 54.050000000000004 6.745000000000001 -1.9249999999999987 45.45000000000001 4.5000000000000009 27.900000000000002 0.038333333333333559 4.5000000000000009 44.70000000000001 0.59083333333333299 5.708333333333333 29.500000000000004 2.5000000000000004 61.050000000000004 6.6050000000000013 -0.015833333333333321
decision_type=2 2 2 2 2 2 2 2 2 2 2 2 2 2 2 2 2 2 2 2 2 2 2
left_child=1 2 -1 6 -3 8 7 10 -5 -6 11 -2 15 19 -11 -7 22 18 -14 -10 -18 -19 -8
right_child=3 4 -4 5 9 12 16 -9 13 14 -12 -13 17 -15 -16 -17 20 21 -20 -21 -22 -23 -24
leaf_value=0.35114871084813754 0.47207308196272524 0.63698943306357314 1.4705227886760455 0.41194903319480858 0.32993222458586513 0.17391270258411853 -0.41993950009346004 0.58391879299909855 -0.059104076293126445 0.033627206437727986 -0.30231921609663814 -0.006586822107040988 -0.30094111227513221 0.1417285727920817 -0.34859750687691449 -0.25962965010807215 0.1437840336598224 -0.37859187819652407 -0.060319187106187978 -0.36998505394761733 -0.18089803666468487 -0.20555305260111134 -0.16762181675394638
leaf_weight=24 19 23 15.999999999999998 21 18 16.000000000000004 15.000000000000002 27 19 22 14.999999999999998 34 55 20 20 14.999999999999998 16.000000000000004 110 36 18 14.999999999999998 25 14.999999999999998
leaf_count=24 19 23 16 21 18 16 15 27 19 22 15 34 55 20 20 15 16 110 36 18 15 25 15
internal_value=-0.00926373 0.378356 0.801574 -0.106434 0.173617 -0.188069 0.0688491 0.21079 0.0475064 -0.00469011 0.0619231 0.16548 -0.259577 -0.0871606 -0.148661 -0.0358654 -0.152108 -0.290211 -0.205976 -0.211068 -0.0132359 -0.346761 -0.294923
internal_weight=614 123 40 491 83 335 156 95 78 60 68 53 257 57 42 31 61 226 91 37 31 135 30
internal_count=614 123 40 491 83 335 156 95 78 60 68 53 257 57 42 31 61 226 91 37 31 135 30
is_linear=0
shrinkage=0.05


Tree=13
num_leaves=12
num_cat=0
split_feature=76 111 0 24 76 101 10 0 45 84 113
split_gain=7077.77 5340.87 4697.29 2563.73 2396.91 1778.08 1502.89 1471.55 1261.46 1425.88 1017.3
threshold=-10.375000000000002 -1.6424999999999996 1850.5000000000002 14.250000000000002 6.2749999999999995 41.900000000000013 5.5550000000000006 919.50000000000011 0.0016666666666666637 -0.018333333333333351 -2.6249999999999996
decision_type=2 2 2 2 2 2 2 2 2 2 2
left_child=2 -2 -1 -3 5 -5 -4 -7 10 -10 -6
right_child=1 3 6 4 8 7 -8 -9 9 -11 -12
leaf_value=1.131087597569018 0.87929934478358707 0.56883805484961203 0.51163357398663345 0.51803086973865575 -0.12455868800828361 0.19073687740474124 -0.15139777555800321 -0.086599999668093647 -0.36344518629134509 0.11722621859111432 -0.3683016758609956
leaf_weight=21 14.999999999999998 14.999999999999998 17 15.999999999999998 70 62 17 208 22 51 111
leaf_count=21 15 15 17 16 70 62 17 208 22 51 111
internal_value=0.0037909 -0.0485025 0.544936 -0.0737411 -0.0917018 0.00756238 0.180499 -0.0228497 -0.20345 -0.0278643 -0.274185
internal_weight=625 570 55 555 540 286 34 270 254 73 181
internal_count=625 570 55 555 540 286 34 270 254 73 181
is_linear=0
shrinkage=0.05


Tree=14
num_leaves=14
num_cat=0
split_feature=76 111 28 78 0 31 24 123 70 39 84 74 113
split_gain=7271.85 4977.42 4944.35 2071.43 2356.6 2221.79 1908.86 1680.93 1224.27 952.116 817.414 424.263 403.372
threshold=-10.375000000000002 -1.6424999999999996 9.7500000000000018 0.22583333333333336 893.50000000000011 -0.011666666666667156 19.700000000000003 0.024166666666666659 0.070833333333332874 1.5241666666666662 -0.0050000000000000175 4.5166666666666684 -3.3666666666666667
decision_type=2 2 2 2 2 2 2 2 2 2 2 2 2
left_child=2 -2 -1 4 5 -3 -5 8 -8 10 -6 -9 -11
right_child=1 3 -4 6 9 -7 7 11 -10 12 -12 -13 -14
leaf_value=1.0312977739915636 0.84235850902187903 0.10621175805099337 0.083355229403624762 0.29948113762954781 -0.13568315537396999 0.87511966232432425 -0.24145926618711663 0.36236580450655209 0.20713447649147573 -0.0233964907530263 0.167980252667183 -0.012678951498688452 -0.31954816006054387
leaf_weight=27 14.999999999999998 25 28 22 35 14.999999999999998 279 15.000000000000002 15.999999999999998 18 60 14.999999999999998 32
leaf_count=27 15 25 28 22 35 15 279 15 16 18 60 15 32
internal_value=0.00232493 -0.0528068 0.549827 -0.0782094 0.056874 0.39614 -0.150238 -0.180779 -0.21705 -0.0368907 0.0560267 0.175258 -0.213293
internal_weight=602 547 55 532 185 40 347 325 295 145 95 30 50
internal_count=602 547 55 532 185 40 347 325 295 145 95 30 50
is_linear=0
shrinkage=0.05


Tree=15
num_leaves=23
num_cat=0
split_feature=74 65 115 115 70 61 109 119 113 24 35 33 34 57 62 101 48 74 117 4 84 106
split_gain=6852.37 4477.12 3200.63 2324.52 1953.56 1918.64 1617.55 1872.37 1623.18 1462.99 1118.27 997.396 727.173 709.389 797.049 704.537 523.259 438.21 417.206 351.593 180.828 107.274
threshold=-5.849999999999997 13.750000000000002 3.1583333333333319 -4.2083333333333384 0.038333333333333559 0.17500000000000002 -0.033333333333332764 0.1833333333333336 -13.15 46.800000000000004 -2.8083333333333331 0.334166666666667 3.5000000000000004 54.150000000000013 80.65000000000002 52.750000000000007 6.7950000000000008 2.4249999999999976 0.63083333333333347 5.5000000000000009 -0.0066666666666666393 3.1500000000000008
decision_type=2 2 2 2 2 2 2 2 2 2 2 2 2 2 2 2 2 2 2 2 2 2
left_child=1 -1 5 6 12 -3 -2 8 -8 10 -6 -10 13 14 -5 -9 -4 -12 19 -14 -15 -20
right_child=3 2 16 4 9 -7 7 15 11 -11 17 -13 18 20 -16 -17 -18 -19 21 -21 -22 -23
leaf_value=0.99415295069867904 -0.27693955507771723 0.81074442688322734 -0.40548053036462389 0.19232956747280008 0.6099158656518191 0.095965891623357572 0.7008346541389745 0.11652793101789827 0.50383267667558451 -0.20073090969879856 0.2721059025123419 0.058813793272585485 -0.059133804884283714 -0.35846091374013223 -0.17153017806056331 -0.2720064513299657 0.011076114114546618 -0.10879157886205132 -0.24029168172968621 -0.2591588119479124 -0.13581073550704101 -0.37890889354382062
leaf_weight=23 26 21 15.000000000000002 30 14.999999999999998 17 19 21 17 28 15.000000000000002 48 32 22 30 26 14.999999999999998 14.999999999999998 19 71 15.999999999999998 65
leaf_count=23 26 21 15 30 15 17 19 21 17 28 15 48 32 22 30 26 15 15 19 71 16 65
internal_value=-0.00710995 0.392614 0.187918 -0.077813 -0.148152 0.492197 0.0825377 0.154079 0.295368 0.082493 0.258886 0.175875 -0.207255 -0.0967123 0.0103338 -0.098421 -0.197691 0.0817623 -0.265077 -0.197181 -0.265447 -0.347937
internal_weight=606 91 68 515 358 38 157 131 84 73 45 65 285 98 60 47 30 30 187 103 38 84
internal_count=606 91 68 515 358 38 157 131 84 73 45 65 285 98 60 47 30 30 187 103 38 84
is_linear=0
shrinkage=0.05


Tree=16
num_leaves=15
num_cat=0
split_feature=62 70 17 78 117 39 106 67 50 24 15 115 58 39
split_gain=5809.57 2671.24 2901.56 1812.03 1968.78 1625.13 1809.39 1471.33 1205.33 1165.05 1108.58 852.035 770.468 523.764
threshold=34.400000000000006 0.070833333333332874 32.600000000000009 0.22583333333333336 -1.0675000000000001 0.51416666666666677 15.350000000000003 17.850000000000005 42.800000000000004 19.700000000000003 21.800000000000001 -8.1833333333333282 5.4750000000000005 1.1183333333333334
decision_type=2 2 2 2 2 2 2 2 2 2 2 2 2 2
left_child=-1 3 -3 5 7 6 10 8 -5 -6 -2 -7 -11 -13
right_child=1 2 -4 4 9 11 -8 -9 -10 12 -12 13 -14 -15
leaf_value=0.82610126965081498 0.4319358009729326 0.90382454261085055 0.018856210876797244 0.41955416525635764 0.17906220739424542 0.1849588985544931 0.62778506239443588 -0.32033773208997268 -0.0604812907956844 -0.16180755430341742 -0.061021868798815077 0.01863908770829048 -0.34459711890855826 -0.21760834023819808
leaf_weight=20 15.999999999999998 14.999999999999998 24 32 19 28 21 15.999999999999998 22 165 39 38 89 61
leaf_count=20 16 15 24 32 19 28 21 16 22 165 39 38 89 61
internal_value=-0.0097032 -0.0384226 0.360798 -0.0670083 -0.137072 0.0513594 0.234093 0.0993383 0.224141 -0.197722 0.0828169 -0.0580517 -0.225986 -0.12695
internal_weight=605 585 39 546 343 203 76 70 54 273 55 127 254 99
internal_count=605 585 39 546 343 203 76 70 54 273 55 127 254 99
is_linear=0
shrinkage=0.05


Tree=17
num_leaves=13
num_cat=0
split_feature=76 28 101 80 24 117 84 45 94 44 108 123
split_gain=5486.38 4137.19 3703.69 2668.22 1472.19 1710.76 1436.89 1304.16 882.272 694.566 471.044 348.8
threshold=-10.375000000000002 9.7500000000000018 38.000000000000007 -0.33416666666666689 15.200000000000001 0.92833333333333334 -0.0083333333333333436 0.0033333333333333136 5.2750000000000012 4.5000000000000009 2.5000000000000004 0.014999999999999973
decision_type=2 2 2 2 2 2 2 2 2 2 2 2
left_child=1 -1 3 -2 -4 6 10 -8 -3 11 -6 -7
right_child=2 8 4 -5 5 9 7 -9 -10 -11 -12 -13
leaf_value=0.92694848118157214 0.92920445140623886 0.33586114445664234 0.39752536783155229 0.10390765910895268 -0.2954859040661027 -0.30897368583202756 -0.024952949528654317 0.27566911121434873 -0.20461375594928566 0.021334664098817301 -0.10021628984950266 -0.052680466427708308
leaf_weight=26 14.999999999999998 15.000000000000002 14.999999999999998 28 45 122 154 47 14.999999999999998 22 99 14.999999999999998
leaf_count=26 15 15 15 28 45 122 154 47 15 22 99 15
internal_value=-0.00490233 0.466581 -0.0519664 0.393406 -0.0889446 -0.103509 -0.0409275 0.045419 0.0656756 -0.239156 -0.161435 -0.281008
internal_weight=618 56 562 43 519 504 345 201 30 159 144 137
internal_count=618 56 562 43 519 504 345 201 30 159 144 137
is_linear=0
shrinkage=0.05


Tree=18
num_leaves=18
num_cat=0
split_feature=72 113 33 70 122 11 37 114 97 76 45 82 32 41 3 10 83
split_gain=4664 4197.72 3056.47 1835.98 2209.08 1803.38 1644.55 1489.24 1217.67 1156.51 1209.99 904.397 755.621 717.214 687.707 433.974 354.323
threshold=-0.2691666666666665 -17.091666666666665 -0.24416666666666617 -0.042499999999999531 3.5000000000000004 24.300000000000001 14.125000000000002 3.5000000000000004 5.3050000000000006 9.5500000000000025 0.0016666666666666637 -1.0000000180025095e-35 4.5000000000000009 0.15833333333333413 3.5000000000000004 4.7550000000000008 4.5000000000000009
decision_type=2 2 2 2 2 2 2 2 2 2 2 2 2 2 2 2 2
left_child=2 -2 -1 -4 11 8 -6 9 14 10 -7 13 -11 -5 -3 -9 -17
right_child=1 5 3 4 6 7 -8 15 -10 12 -12 -13 -14 -15 -16 16 -18
leaf_value=0.91328536360900581 0.65791684270529227 0.15741050079535535 -0.28521615133430417 0.48256950315260722 0.81958588730721249 -0.018806378078840176 0.18991259386402151 0.021223855759046093 0.43214827617630364 0.028965211156549486 0.37957885260403901 -0.16711307704686171 -0.29778050562173652 -0.0052090473522413651 -0.28453775281148247 -0.28100772096929422 -0.10463611614118276
leaf_weight=15.999999999999998 19 21 18 15.000000000000002 23 91 19 15.999999999999998 24 27 24 25 51 14.999999999999998 14.999999999999998 159 35
leaf_count=16 19 21 18 15 23 91 19 16 24 27 24 25 51 15 15 159 35
internal_value=0.00340775 -0.0684932 0.267848 0.177289 0.263371 -0.0984491 0.53598 -0.136533 0.157065 -0.0362094 0.064549 0.0545119 -0.18472 0.239307 -0.0268742 -0.22865 -0.249284
internal_weight=613 482 131 115 97 463 42 403 60 193 115 55 78 30 36 210 194
internal_count=613 482 131 115 97 463 42 403 60 193 115 55 78 30 36 210 194
is_linear=0
shrinkage=0.05


Tree=19
num_leaves=14
num_cat=0
split_feature=74 119 115 24 113 70 31 119 114 79 24 65 59
split_gain=4117.37 3077.3 2345.44 2130.99 2334.9 2118.43 2809.39 1660.76 1016.06 795.208 524.063 479.983 456.026
threshold=-6.9083333333333306 0.22499999999999989 1.0666666666666667 14.250000000000002 -13.516666666666664 0.038333333333333559 -0.0091666666666663215 0.1833333333333336 2.5000000000000004 2.5000000000000004 46.800000000000004 17.750000000000004 39.550000000000004
decision_type=2 2 2 2 2 2 2 2 2 2 2 2 2
left_child=1 2 -1 -2 7 8 10 -5 9 -6 -7 -4 -10
right_child=3 -3 11 4 5 6 -8 -9 12 -11 -12 -13 -14
leaf_value=0.48909551784738731 0.51931870675975489 0.77943384674773819 -0.30609962053948048 0.64340799366616452 0.18066083276034084 0.075009541241627828 0.55823608752183063 -0.058918031319877162 -0.16639912493479547 -0.11707751955147144 -0.20324706498449638 0.064594266096257277 -0.33132965862178987
leaf_weight=26 15.999999999999998 26 19 19 35 37 26 14.999999999999998 220 62 31 15.999999999999998 52
leaf_count=26 16 26 19 19 35 37 26 15 220 62 31 16 52
internal_value=0.0071377 0.324995 0.13026 -0.046811 -0.0651474 -0.0945459 0.117235 0.334148 -0.148526 -0.00951925 -0.0518815 -0.136796 -0.198059
internal_weight=600 87 61 513 497 463 94 34 369 97 68 35 272
internal_count=600 87 61 513 497 463 94 34 369 97 68 35 272
is_linear=0
shrinkage=0.05


Tree=20
num_leaves=10
num_cat=0
split_feature=74 111 68 117 84 72 11 79 76
split_gain=3953.43 3690.27 2257.23 2357.39 1789.34 1764.48 941.144 511.362 215.958
threshold=-13.241666666666665 -1.6424999999999996 58.500000000000007 0.92833333333333334 -0.0066666666666666671 -0.2691666666666665 24.600000000000005 3.5000000000000004 -6.1500000000000012
decision_type=2 2 2 2 2 2 2 2 2
left_child=-1 -2 3 4 7 -6 -5 -3 -8
right_child=1 2 -4 6 5 -7 8 -9 -10
leaf_value=0.60125234533543781 0.74366905641871583 -0.030198882592844201 0.47206608393595584 0.048987127114021055 0.40136416526023588 0.03107073293658514 -0.10283433738993018 -0.20579335369015439 -0.28865265853358973
leaf_weight=26 14.999999999999998 84 20 28 40 163 18 82 132
leaf_count=26 15 84 20 28 40 163 18 82 132
internal_value=-0.000761689 -0.027763 -0.0483077 -0.0674261 0.00466535 0.104221 -0.216821 -0.11704 -0.266471
internal_weight=608 582 567 547 369 203 178 166 150
internal_count=608 582 567 547 369 203 178 166 150
is_linear=0
shrinkage=0.05


Tree=21
num_leaves=18
num_cat=0
split_feature=74 73 93 113 70 31 119 117 38 0 78 76 104 15 50 6 15
split_gain=3504.46 2299.35 2293.02 2052.97 2008.92 2858.88 1679.18 1015.28 1266.18 923.956 669.248 441.574 563.433 438.28 396.666 309.069 135.247
threshold=-6.9083333333333306 1.5000000000000002 61.45000000000001 -13.008333333333328 0.038333333333333559 -0.0091666666666663215 0.1833333333333336 -0.28583333333333311 4.5000000000000009 1198.0000000000002 -0.28000000000000019 11.366666666666665 24.050000000000004 28.950000000000006 30.300000000000001 4.5000000000000009 43.900000000000006
decision_type=2 2 2 2 2 2 2 2 2 2 2 2 2 2 2 2 2
left_child=1 10 -3 6 7 13 -2 8 9 -5 -1 12 -9 -6 -10 -15 -13
right_child=3 2 -4 4 5 -7 -8 11 14 -11 -12 16 -14 15 -16 -17 -18
leaf_value=0.19829440521544192 0.5319687980344926 0.80483547492125584 0.073136714187978999 0.51847105354120016 0.18356205521040406 0.55863369593321177 -0.047119077359986994 -0.0058947967585115391 0.069107853300524075 0.038569133780723394 -0.22257203759505734 -0.17603143399187146 -0.19583428246082862 -0.034025268603307603 -0.22792839291178182 -0.29627316709150348 -0.31805954375555784
leaf_weight=21 26 29 17 14.999999999999998 14.999999999999998 27 24 55 14.999999999999998 30 17 24 135 33 44 17 61
leaf_count=21 26 29 17 15 15 27 24 55 15 30 17 24 135 33 44 17 61
internal_value=-0.00157764 0.297912 0.535279 -0.0499213 -0.0822815 0.12718 0.254368 -0.13316 -3.14093e-05 0.199442 0.00979082 -0.183471 -0.14091 -0.0525456 -0.152337 -0.123703 -0.27827
internal_weight=605 84 46 521 471 92 50 379 104 45 38 275 190 65 59 50 85
internal_count=605 84 46 521 471 92 50 379 104 45 38 275 190 65 59 50 85
is_linear=0
shrinkage=0.05


Tree=22
num_leaves=14
num_cat=0
split_feature=62 113 33 31 62 114 111 72 61 64 97 16 70
split_gain=4003.31 3207.35 2331.58 2278.43 2654.6 1298.27 1264.22 1232.42 1155.49 1030.03 447.34 388.874 256.589
threshold=34.400000000000006 -17.091666666666665 0.31083333333333357 1.0000000180025095e-35 76.600000000000009 3.5000000000000004 -0.59500000000000008 -0.3808333333333333 0.16500000000000004 25.450000000000003 4.7250000000000005 4.3350000000000009 -0.035000000000000579
decision_type=2 2 2 2 2 2 2 2 2 2 2 2 2
left_child=-1 -2 3 6 -5 7 -3 -4 -6 -8 -9 -7 -13
right_child=1 2 5 4 8 11 9 10 -10 -11 -12 12 -14
leaf_value=0.68815270442867749 0.59071112011202531 0.40511468554174668 0.27487734821107651 0.69179135416750381 -0.27299220899802562 -0.013192388119056212 0.31159852640518293 0.089553961718654276 0.30201870115639656 -0.12674273442035958 -0.13330929200511332 -0.36713185618523836 -0.22010831164762173
leaf_weight=20 20 14.999999999999998 26 28 15.999999999999998 17 14.999999999999998 27 19 119 133 44 95
leaf_count=20 20 15 26 28 16 17 15 27 19 119 133 44 95
internal_value=-0.00543758 -0.0297289 -0.052239 0.0780058 0.329837 -0.132989 -0.0285895 -0.0436983 0.0389853 -0.0774416 -0.0956374 -0.239324 -0.266915
internal_weight=594 574 554 212 63 342 149 186 35 134 160 156 139
internal_count=594 574 554 212 63 342 149 186 35 134 160 156 139
is_linear=0
shrinkage=0.05


Tree=23
num_leaves=13
num_cat=0
split_feature=62 111 39 68 78 0 115 45 88 19 95 58
split_gain=3621.43 2634.2 2072.16 3551.84 2476.79 1372.68 1343.61 963.325 959.771 725.568 383.883 157.177
threshold=34.400000000000006 -1.6424999999999996 0.50416666666666743 57.500000000000007 -0.36333333333333323 1767.5000000000002 2.9499999999999997 -0.035833333333333335 5.4650000000000007 5.0850000000000009 25.700000000000006 4.8450000000000006
decision_type=2 2 2 2 2 2 2 2 2 2 2 2
left_child=-1 -2 3 4 5 -3 7 -4 -6 -9 -8 -12
right_child=1 2 6 -5 8 -7 10 9 -10 -11 11 -13
leaf_value=0.64409393861677966 0.62908631255295111 0.77112639668761507 0.31435010930451246 0.79040926984563376 0.10304175499437798 0.12343790746854813 -0.060806994910897874 0.067228003488718602 -0.13417686804645165 -0.14685255260719796 -0.17337480948810957 -0.30742653471657694
leaf_weight=21 14.999999999999998 14.999999999999998 18 15.999999999999998 66 18 26 62 120 109 30 88
leaf_count=21 15 15 18 16 66 18 26 62 120 109 30 88
internal_value=0.000584155 -0.0226934 -0.0400224 0.0736293 0.0209021 0.419433 -0.12024 -0.0325067 -0.0499655 -0.0692096 -0.235253 -0.273564
internal_weight=604 583 568 235 219 33 333 189 186 171 144 118
internal_count=604 583 568 235 219 33 333 189 186 171 144 118
is_linear=0
shrinkage=0.05


Tree=24
num_leaves=19
num_cat=0
split_feature=35 111 74 43 119 70 80 22 99 78 26 96 37 66 9 113 4 113
split_gain=3642.41 2494.92 3100.9 2383.15 1372.06 1670.43 1608.19 1190.6 1922.9 928.6 925.594 682.354 572.837 352.816 429.519 418.665 344.649 264.266
threshold=-12.991666666666665 -0.069999999999999382 -5.849999999999997 -0.022500000000000405 0.1833333333333336 0.026666666666666842 -0.35583333333333295 0.18500000000000003 51.650000000000013 0.22583333333333336 38.150000000000013 60.050000000000004 3.3833333333333333 33.95000000000001 6.7350000000000012 3.8833333333333333 10.500000000000002 -12.55833333333333
decision_type=2 2 2 2 2 2 2 2 2 2 2 2 2 2 2 2 2 2
left_child=-1 2 3 -2 5 6 -4 9 -9 11 -7 12 -3 15 -15 -11 17 -6
right_child=1 7 4 -5 16 10 -8 8 -10 13 -12 -13 -14 14 -16 -17 -18 -19
leaf_value=0.77495219926565695 0.9707191258668898 0.082140668799810107 0.42243160632119248 0.14512701791952984 0.09837309588556703 0.65203136567452646 -0.081820020958399187 -0.14072707277148164 0.50996987579473807 -0.12132769782102673 0.14080865086976044 0.27164904056933892 -0.1599667215310667 -0.25548682118093735 0.097367959035866286 -0.29160696140506287 -0.32969623584496349 -0.14056780805806754
leaf_weight=14.999999999999998 17 39 20 18 15.999999999999998 20 74 26 20 57 15.999999999999998 17 65 14.999999999999998 20 100 17 41
leaf_count=15 17 39 20 18 16 20 74 26 20 57 16 17 65 15 20 100 17 41
internal_value=0.0080076 -0.0113481 0.113783 0.547894 0.0390472 0.136863 0.0257493 -0.0946754 0.142569 -0.129592 0.425979 -0.0210317 -0.0691367 -0.197936 -0.0540101 -0.229934 -0.132677 -0.0733543
internal_weight=613 598 239 35 204 130 94 359 46 313 36 121 104 192 35 157 74 57
internal_count=613 598 239 35 204 130 94 359 46 313 36 121 104 192 35 157 74 57
is_linear=0
shrinkage=0.05


Tree=25
num_leaves=20
num_cat=0
split_feature=74 113 74 33 31 118 109 31 78 0 74 119 18 64 78 63 78 17 89
split_gain=3010.26 2322.83 2223.46 1596.1 1866.23 1383.34 995.254 1434.11 522.651 558.805 493.544 660.464 457.6 293.545 279.173 246.903 84.4329 162.665 43.0382
threshold=-13.241666666666665 -4.4666666666666641 -5.2499999999999956 0.51166666666666683 0.024999999999999915 4.5000000000000009 -0.033333333333332764 0.015833333333333147 0.49916666666666704 660.00000000000011 2.1583333333333319 -0.4000000000000003 48.650000000000013 51.850000000000001 -0.030833333333333265 48.050000000000004 0.73999999999999988 33.250000000000007 34.95000000000001
decision_type=2 2 2 2 2 2 2 2 2 2 2 2 2 2 2 2 2 2 2
left_child=-1 2 -2 4 8 6 -4 -8 9 -3 11 -5 -10 15 -13 -7 17 -12 -18
right_child=1 3 5 10 -6 13 7 -9 12 -11 16 14 -14 -15 -16 -17 18 -19 -20
leaf_value=0.54274741947888372 0.59077680903079699 0.31418321895851009 -0.18867685306146276 0.13344995435945228 0.39386479269534463 -0.17056563689954865 0.13150439140730144 0.62232240791096116 0.015892552311978513 -0.016748065826336738 -0.088976161843104085 -0.077288148846737181 -0.20549342258975656 -0.28522394567869286 -0.28703972023428359 0.10320495629547449 -0.3760348872550856 -0.30368154329412128 -0.2791992921483481
leaf_weight=25 23 14.999999999999998 15.999999999999998 21 27 18 68 19 36 82 14.999999999999998 30 66 21 34 14.999999999999998 21 22 33
leaf_count=25 23 15 16 21 27 18 68 19 36 82 15 30 66 21 34 15 21 22 33
internal_value=0.00661517 -0.0164953 0.132726 -0.0833397 0.00457095 0.0652581 0.172688 0.239343 -0.048394 0.0346462 -0.196192 -0.109267 -0.127369 -0.139502 -0.189071 -0.0460376 -0.277121 -0.217248 -0.317575
internal_weight=607 582 180 402 226 157 103 87 199 97 176 85 102 54 64 33 91 37 54
internal_count=607 582 180 402 226 157 103 87 199 97 176 85 102 54 64 33 91 37 54
is_linear=0
shrinkage=0.05


Tree=26
num_leaves=11
num_cat=0
split_feature=74 90 70 17 117 84 50 20 25 13
split_gain=3649.97 2332.64 1898.92 2599.32 1174.74 1234.9 1387.93 362.197 284.805 161.599
threshold=-13.241666666666665 19.500000000000004 0.070833333333332874 32.600000000000009 1.4200000000000004 -0.0066666666666666949 38.900000000000006 33.750000000000007 20.500000000000004 4.5550000000000006
decision_type=2 2 2 2 2 2 2 2 2 2
left_child=-1 -2 4 -4 5 7 -7 -3 -6 -10
right_child=1 2 3 -5 8 6 -8 -9 9 -11
leaf_value=0.58444876830696602 0.57354140400146103 -0.056437415438993756 0.81385680744979561 -0.030146186279528073 -0.050464153613440046 0.16470907768626047 -0.075412895518163325 -0.19761139584834372 -0.34655397421497841 -0.19994061536483621
leaf_weight=26 15.999999999999998 98 14.999999999999998 23 22 126 115 85 30 53
leaf_count=26 16 98 15 23 22 126 115 85 30 53
internal_value=0.00596644 -0.0199193 -0.036773 0.304143 -0.0613246 -0.0242123 0.0501236 -0.122109 -0.210974 -0.253347
internal_weight=609 583 567 38 529 424 241 183 105 83
internal_count=609 583 567 38 529 424 241 183 105 83
is_linear=0
shrinkage=0.05


Tree=27
num_leaves=22
num_cat=0
split_feature=74 23 113 80 70 6 45 98 62 107 109 117 70 117 97 115 35 88 88 96 70
split_gain=3073.98 2644.38 2189.42 1810.22 1416.06 1386.05 1257.47 1403.06 1632 1251.79 1021.89 690.79 652.904 420.381 346.458 479.496 496.547 243.14 261.725 217.945 117.217
threshold=0.20833333333333218 55.000000000000007 -7.8583333333333316 -0.097500000000000572 -0.042499999999999531 4.5000000000000009 0.0016666666666666637 34.150000000000013 81.15000000000002 52.500000000000007 0.018333333333333094 -3.1149999999999993 0.033333333333332778 -0.40333333333333327 4.9850000000000012 -9.5166666666666639 0.21666666666666859 3.8150000000000004 5.4650000000000007 49.45000000000001 -0.020000000000000902
decision_type=2 2 2 2 2 2 2 2 2 2 2 2 2 2 2 2 2 2 2 2 2
left_child=1 -1 3 -3 19 10 11 12 -9 -7 -6 -2 13 -8 15 -13 -17 -16 -19 -4 -15
right_child=6 2 4 -5 5 9 7 8 -10 -11 -12 14 -14 20 17 16 -18 18 -20 -21 -22
leaf_value=0.76708297188978014 0.18679938754498565 0.88074033710340771 -0.13571085714380057 0.1040242052630873 -0.14217783001719717 0.68884653341696123 0.061426143456768514 0.5948040254308149 -0.027470404630023721 0.12688965857371517 0.18959529825818361 0.15163193328604513 0.15634463449257396 -0.15447011998030527 -0.37439529366626595 0.11116972198549487 -0.21676367496400162 -0.10018490912236287 -0.2309630163863497 -0.39069362762065962 -0.32604540047063013
leaf_weight=15.999999999999998 14.999999999999998 15.000000000000002 18 14.999999999999998 55 15.999999999999998 14.999999999999998 21 21 26 40 18 22 19 18 14.999999999999998 49 63 99 15.999999999999998 22
leaf_count=16 15 15 18 15 55 16 15 21 21 26 40 18 22 19 18 15 49 63 99 16 22
internal_value=-0.00086127 0.150412 0.100942 0.494184 0.0316744 0.103399 -0.0835769 0.0515613 0.284222 0.342215 -0.00237883 -0.142136 -0.073857 -0.1645 -0.161051 -0.0756382 -0.139773 -0.19987 -0.180229 -0.256643 -0.247226
internal_weight=614 217 201 30 171 137 397 120 42 42 95 277 78 56 262 82 64 180 162 34 41
internal_count=614 217 201 30 171 137 397 120 42 42 95 277 78 56 262 82 64 180 162 34 41
is_linear=0
shrinkage=0.05


Tree=28
num_leaves=17
num_cat=0
split_feature=35 111 72 105 22 99 109 116 119 91 115 77 23 41 83 101
split_gain=2758.85 1638.38 1897.67 1888.5 1157.98 1536.86 1149.25 1283.32 1674.1 557.853 529.346 688.988 514.278 925.893 218.07 153.577
threshold=-12.991666666666665 -0.069999999999999382 -0.33583333333333248 15.550000000000002 0.18500000000000003 51.650000000000013 -0.033333333333332764 2.5000000000000004 -1.0000000180025095e-35 4.5850000000000009 1.6583333333333281 3.5000000000000004 66.65000000000002 -0.17416666666666633 4.5000000000000009 70.700000000000003
decision_type=2 2 2 2 2 2 2 2 2 2 2 2 2 2 2 2
left_child=-1 2 3 -2 10 -6 15 8 -8 -9 11 -3 13 -12 -14 -4
right_child=1 4 6 -5 5 -7 7 9 -10 -11 12 -13 14 -15 -16 -17
leaf_value=0.66269685740502471 0.079685093143686131 0.19830156443743688 -0.36642853802775738 0.79609468933739502 -0.089934086161785901 0.50514307180162299 0.48044190683847293 0.15995288746273933 0.017986139894307564 -0.14430939390784295 0.3222781289294856 -0.1582200428072322 -0.20692743685361215 -0.19053395430058664 -0.088833875408844479 -0.14179359275773662
leaf_weight=14.999999999999998 20 27 16.000000000000004 17 27 18 34 20 46 60 14.999999999999998 27 173 21 51 14.999999999999998
leaf_count=15 20 27 16 17 27 18 34 20 46 60 15 27 173 21 51 15
internal_value=-0.00460889 -0.0217795 0.0830057 0.41024 -0.0883468 0.148578 0.0194071 0.0734496 0.214947 -0.0680767 -0.122353 0.0199854 -0.151932 0.0233001 -0.180114 -0.2587
internal_weight=602 587 228 37 359 45 191 160 80 80 314 54 260 36 224 31
internal_count=602 587 228 37 359 45 191 160 80 80 314 54 260 36 224 31
is_linear=0
shrinkage=0.05


Tree=29
num_leaves=13
num_cat=0
split_feature=62 113 35 43 60 62 111 62 18 109 32 117
split_gain=2519.35 1937.59 1646.11 2040.71 1027.92 1172.5 857.23 723.544 721.804 659.395 469.884 218.415
threshold=34.400000000000006 -16.816666666666666 0.98333333333333794 -0.41916666666666641 55.650000000000013 79.350000000000009 0.27833333333333382 54.750000000000007 49.900000000000006 -0.031666666666666725 3.5000000000000004 -0.4133333333333335
decision_type=2 2 2 2 2 2 2 2 2 2 2 2
left_child=-1 -2 3 -3 5 -5 7 8 -4 -9 -8 -12
right_child=1 2 6 4 -6 -7 10 9 -10 -11 11 -13
leaf_value=0.57018422025660565 0.44618372793111327 0.52819394538511377 -0.036175475509194602 0.26702032037037243 -0.246592804778546 -0.056707233387201572 0.027242221204077061 -0.25554492762338094 0.43053191461663992 -0.021770054873478457 -0.39277875549745883 -0.18959944900645734
leaf_weight=19 22 24 17 53 27 59 24 36 15.999999999999998 184 14.999999999999998 118
leaf_count=19 22 24 17 53 27 59 24 36 16 184 15 118
internal_value=0.00493271 -0.0132017 -0.0309231 0.103429 0.0297248 0.0965422 -0.0843604 -0.027361 0.190573 -0.0601456 -0.176105 -0.21283
internal_weight=614 595 573 163 139 112 410 253 33 220 157 133
internal_count=614 595 573 163 139 112 410 253 33 220 157 133
is_linear=0
shrinkage=0.05


Tree=30
num_leaves=13
num_cat=0
split_feature=74 101 4 45 31 95 83 92 109 115 0 121
split_gain=2490.97 1599.18 2301.34 1501.75 2724.8 948.574 802.846 1152.38 736.52 618.365 371.354 295.751
threshold=-13.241666666666665 38.000000000000007 4.5000000000000009 0.0049999999999999914 0.027499999999999417 51.750000000000007 2.5000000000000004 29.300000000000001 0.023333333333333876 3.0666666666666633 1326.5000000000002 0.17750000000000024
decision_type=2 2 2 2 2 2 2 2 2 2 2 2
left_child=-1 2 -2 5 6 8 11 -8 10 -10 -3 -5
right_child=1 3 -4 4 -6 -7 7 -9 9 -11 -12 -13
leaf_value=0.46410836575216036 -0.14328759126950308 -0.075323652321176396 0.59181118143366884 -0.18433926426686709 0.68829211512504263 0.29483521979376182 0.50484563667581683 -0.0017742902120811276 0.06688534027608016 -0.13643174430640043 -0.20292231812517958 0.06684769910314807
leaf_weight=27 19 86 24 43 17 14.999999999999998 15.999999999999998 37 86 66 171 15.999999999999998
leaf_count=27 19 86 24 43 17 15 16 37 86 66 171 16
internal_value=-0.00471236 -0.0260336 0.267305 -0.0488962 0.100412 -0.0943473 0.0106014 0.151736 -0.108701 -0.0213959 -0.160289 -0.116138
internal_weight=623 596 43 553 129 424 112 53 409 152 257 59
internal_count=623 596 43 553 129 424 112 53 409 152 257 59
is_linear=0
shrinkage=0.05


Tree=31
num_leaves=15
num_cat=0
split_feature=62 111 76 26 115 80 103 107 8 4 31 112 40 103
split_gain=2327.92 1927.9 1552.69 1434.77 1598.17 1403.08 1371.55 806.891 318.624 402.202 428.765 244.62 158.545 53.7574
threshold=34.400000000000006 -1.6424999999999996 8.8583333333333325 17.000000000000004 2.9499999999999997 -0.11166666666666679 32.20000000000001 50.500000000000007 1.5000000000000002 3.5000000000000004 -0.011666666666667156 3.5000000000000004 2.5000000000000004 30.900000000000002
decision_type=2 2 2 2 2 2 2 2 2 2 2 2 2 2
left_child=-1 -2 3 6 5 -5 -3 -6 9 11 -11 -4 -10 -14
right_child=1 2 8 4 7 -7 -8 -9 12 10 -12 -13 13 -15
leaf_value=0.53538301489246432 0.54588817294859726 0.69162016720171804 -0.091788643528843472 0.25810552851892482 0.11856030619452361 -0.015656019668747755 0.087409119848236141 -0.18422480538331554 -0.10548834395793519 -0.12085696593813613 0.10924630667507829 -0.35375254790820376 -0.3379552673919039 -0.22938960759171292
leaf_weight=20 14.999999999999998 14.999999999999998 17 77 27 119 25 117 21 52 33 19 19 34
leaf_count=20 15 15 17 77 27 119 25 117 21 52 33 19 19 34
internal_value=0.00622409 -0.0117927 -0.026442 0.0324073 -0.000939242 0.0919444 0.315273 -0.127375 -0.141106 -0.0909319 -0.0314406 -0.230783 -0.222847 -0.268967
internal_weight=610 590 575 380 340 196 40 144 195 121 85 36 74 53
internal_count=610 590 575 380 340 196 40 144 195 121 85 36 74 53
is_linear=0
shrinkage=0.05


Tree=32
num_leaves=15
num_cat=0
split_feature=74 70 45 31 101 116 95 15 35 33 123 80 17 98
split_gain=2246.8 1120.96 1490.76 2721.27 1036.76 904.696 708.528 587.422 510.602 710.645 423.697 349.11 335.973 383.735
threshold=-13.241666666666665 0.023333333333332987 -0.004166666666666651 -0.013333333333334084 38.000000000000007 2.5000000000000004 52.45000000000001 73.250000000000014 3.3166666666666651 0.20166666666666669 0.026666666666666661 -0.2241666666666666 28.250000000000004 33.250000000000007
decision_type=2 2 2 2 2 2 2 2 2 2 2 2 2 2
left_child=-1 4 7 5 -2 -4 8 12 9 -6 -10 -7 -3 -14
right_child=1 2 3 -5 6 11 -8 -9 10 -11 -12 -13 13 -15
leaf_value=0.43874138070208563 0.22152749898700952 -0.32489419027885297 0.36772668017363697 0.69633929384993265 -0.082796318315509043 0.064274658580526917 0.24257989363954557 0.18841461632888357 -0.1699210250122043 0.21719090268325014 0.088631674978468147 -0.2307517213971203 0.042909005816654494 -0.22611668522541342
leaf_weight=27 28 15.999999999999998 15.999999999999998 23 109 21 14.999999999999998 19 218 24 17 19 33 22
leaf_count=27 28 16 16 23 109 21 15 19 218 24 17 19 33 22
internal_value=-0.00624193 -0.0270373 0.081317 0.239692 -0.0716129 0.051145 -0.0931088 -0.0577577 -0.106868 -0.0285032 -0.151166 -0.0759642 -0.123877 -0.0648256
internal_weight=607 580 169 79 411 56 383 90 368 133 235 40 71 55
internal_count=607 580 169 79 411 56 383 90 368 133 235 40 71 55
is_linear=0
shrinkage=0.05


Tree=33
num_leaves=15
num_cat=0
split_feature=35 88 76 0 78 35 90 103 26 32 70 82 55 109
split_gain=2545.82 1325.35 1324.8 1244.99 1345.97 1810.17 952.657 913.441 1013.49 448.452 437.608 433.964 174.34 108.534
threshold=-12.991666666666665 2.9100000000000006 8.8583333333333325 1095.5000000000002 -0.24000000000000063 6.4249999999999998 52.750000000000007 34.750000000000007 15.150000000000002 3.5000000000000004 -0.042499999999999531 0.1000000000000001 5.9050000000000011 -0.028333333333332874
decision_type=2 2 2 2 2 2 2 2 2 2 2 2 2 2
left_child=-1 -2 3 4 5 -3 -6 8 -5 11 -9 -4 13 -11
right_child=1 2 9 7 6 -7 -8 10 -10 12 -12 -13 -14 -15
leaf_value=0.61472974660233681 0.43985711559159874 0.83106309143912727 0.11150216511178673 0.43510936920687276 0.26343718038664926 0.11917456241484681 -0.12866889150749669 -0.29142343838190293 0.010545600917186961 -0.30262713460987789 -0.075906857659669535 -0.1615386830982064 -0.074343640902489988 -0.18843908628516282
leaf_weight=15.999999999999998 14.999999999999998 14.999999999999998 29 15.999999999999998 26 22 38 29 111 29 125 29 26 80
leaf_count=16 15 15 29 16 26 22 38 29 111 29 125 29 26 80
internal_value=-0.00559498 -0.0225271 -0.0346724 0.0192665 0.169745 0.409375 0.0307087 -0.0348434 0.0643735 -0.141413 -0.116686 -0.0249753 -0.191346 -0.219115
internal_weight=606 590 575 382 101 37 64 281 127 193 154 58 135 109
internal_count=606 590 575 382 101 37 64 281 127 193 154 58 135 109
is_linear=0
shrinkage=0.05


Tree=34
num_leaves=16
num_cat=0
split_feature=76 69 111 60 76 6 55 103 38 41 109 110 4 16 109
split_gain=1747.84 2742.42 1566.16 885.449 685.95 812.838 1135.95 959.186 397.824 348.228 435.461 332.489 361.433 145.831 109.988
threshold=-10.375000000000002 4.5000000000000009 -1.6424999999999996 50.550000000000004 8.8583333333333325 2.5000000000000004 4.245000000000001 55.550000000000004 1.5000000000000002 -0.28666666666666613 0.014999999999999238 4.5000000000000009 8.5000000000000018 5.0550000000000006 -0.009999999999999341
decision_type=2 2 2 2 2 2 2 2 2 2 2 2 2 2 2
left_child=1 3 -2 -1 5 11 -7 -8 -6 10 -10 12 -4 -13 -11
right_child=2 -3 4 -5 8 6 7 -9 9 14 -12 13 -14 -15 -16
leaf_value=0.27009518833060542 0.47691122366497851 0.84631334006391623 0.078312902192297792 -0.23325456491908669 0.12350646395305667 0.4580168321293 -0.0060667640865210114 0.37733280582981216 -0.14793921629517104 -0.24204203379226896 0.15683912362032268 -0.28346342800352814 -0.12764624724310611 -0.1192664377257952 -0.14459150376654156
leaf_weight=19 14.999999999999998 14.999999999999998 43 15.999999999999998 15.999999999999998 17 165 18 28 45 20 21 42 39 85
leaf_count=19 15 15 43 16 16 17 165 18 28 45 20 21 42 39 85
internal_value=0.000263662 0.283089 -0.0252995 0.039841 -0.0393709 0.00291849 0.0682668 0.0318028 -0.114565 -0.13605 -0.0207822 -0.0871676 -0.0234268 -0.177195 -0.178523
internal_weight=604 50 554 35 539 345 200 183 194 178 48 145 85 60 130
internal_count=604 50 554 35 539 345 200 183 194 178 48 145 85 60 130
is_linear=0
shrinkage=0.05


Tree=35
num_leaves=14
num_cat=0
split_feature=35 115 76 103 45 0 119 70 95 60 37 6 43
split_gain=2233.41 1261.68 1682.07 1099.23 1086.84 1261.41 778.07 1194.75 461.378 362.672 326.499 585.396 268.032
threshold=-12.991666666666665 0.87500000000000011 -11.741666666666662 7.4000000000000012 0.011666666666666674 1783.5000000000002 0.1833333333333336 0.046666666666667307 45.750000000000007 48.250000000000007 3.2416666666666587 5.5000000000000009 -0.41166666666666657
decision_type=2 2 2 2 2 2 2 2 2 2 2 2 2
left_child=-1 2 -2 -4 8 -6 7 -5 10 -8 11 -3 -12
right_child=1 4 3 6 5 -7 9 -9 -10 -11 12 -13 -14
leaf_value=0.57845659700239671 0.5727263929630747 -0.14335450236537636 0.34448099414190925 0.014543264939720519 0.44980668707979909 -0.094270744561159747 -0.013042012756304847 0.45859590022884611 0.080574597186776273 -0.21897038511301586 -0.049818098816470181 0.14901916185531008 -0.21847232544634532
leaf_weight=15.999999999999998 14.999999999999998 66 25 133 19 24 40 17 25 46 29 23 129
leaf_count=16 15 66 25 133 19 24 40 17 25 46 29 23 129
internal_value=-0.00257469 -0.0184085 0.0596154 0.0298991 -0.0867854 0.146505 -0.00353588 0.0651745 -0.123725 -0.123374 -0.144447 -0.0676587 -0.1876
internal_weight=607 591 276 261 315 43 236 150 272 86 247 89 158
internal_count=607 591 276 261 315 43 236 150 272 86 247 89 158
is_linear=0
shrinkage=0.05


Tree=36
num_leaves=12
num_cat=0
split_feature=62 95 111 72 16 32 95 103 61 76 62
split_gain=2298.39 1378.83 1044.3 1472.01 1060.38 930.534 851.981 667.397 462.812 378.071 375.73
threshold=34.400000000000006 52.850000000000001 0.10916666666666598 -0.33583333333333248 5.6250000000000009 4.5000000000000009 19.700000000000003 23.900000000000002 0.16500000000000004 -11.35 73.450000000000003
decision_type=2 2 2 2 2 2 2 2 2 2 2
left_child=-1 2 3 4 -2 7 -4 -5 -7 -8 -11
right_child=1 -3 6 5 -6 8 9 -9 -10 10 -12
leaf_value=0.54225721446631459 0.48295015029071531 0.4412603271673925 0.2724855827673382 0.31304959137340066 -0.023356072973714483 -0.15817829372624864 -0.33430992114609781 0.010297566468145301 0.01381442458986747 -0.021432529800719437 -0.14476059474278516
leaf_weight=19 29 15.999999999999998 14.999999999999998 31 15.999999999999998 84 18 44 73 100 162
leaf_count=19 29 16 15 31 16 84 18 44 73 100 162
internal_value=0.00246032 -0.0150628 -0.0279108 0.0417893 0.303167 -0.0089961 -0.0933669 0.135752 -0.0782174 -0.113074 -0.097734
internal_weight=607 588 572 277 45 232 295 75 157 280 262
internal_count=607 588 572 277 45 232 295 75 157 280 262
is_linear=0
shrinkage=0.05


Tree=37
num_leaves=9
num_cat=0
split_feature=35 111 70 24 68 114 109 26
split_gain=2183.29 1518.05 1087.59 1202.53 658.116 771.578 762.875 740.802
threshold=-12.991666666666665 -1.6424999999999996 0.070833333333332874 45.650000000000006 58.500000000000007 3.5000000000000004 -0.031666666666666725 15.900000000000002
decision_type=2 2 2 2 2 2 2 2
left_child=-1 -2 4 -4 5 6 -3 -7
right_child=1 2 3 -5 -6 7 -8 -9
leaf_value=0.5943306113691964 0.48017911828116877 -0.19338272191069622 0.54210969150414934 -0.05121621243786393 0.24298830032348634 0.097499335006168364 0.047696246455173938 -0.14564275962203577
leaf_weight=14.999999999999998 14.999999999999998 39 17 17 19 36 204 237
leaf_count=15 15 39 17 17 19 36 204 237
internal_value=0.00072078 -0.0146166 -0.0277513 0.24602 -0.0452019 -0.0558683 0.00892036 -0.113538
internal_weight=599 584 569 34 535 516 243 273
internal_count=599 584 569 34 535 516 243 273
is_linear=0
shrinkage=0.05


Tree=38
num_leaves=10
num_cat=0
split_feature=74 113 68 106 70 17 117 109 11
split_gain=1822.35 1158.38 864.319 1538.93 910.146 1451.86 628.18 677.131 212.255
threshold=-13.241666666666665 -17.091666666666665 57.500000000000007 6.4500000000000002 0.070833333333332874 32.600000000000009 0.9125000000000002 0.023333333333333876 23.950000000000003
decision_type=2 2 2 2 2 2 2 2 2
left_child=-1 -2 4 -4 6 -6 7 -3 -8
right_child=1 2 3 -5 5 -7 8 -9 -10
leaf_value=0.41951346459059879 0.35600349411580234 -0.070802617928242412 -0.15247607665825944 0.45775543034571337 0.57595651244485624 -0.088275170359163657 -0.012869501592268363 0.079397574322848469 -0.16759466814803378
leaf_weight=26 21 212 18 24 14.999999999999998 18 27 116 126
leaf_count=26 21 212 18 24 15 18 27 116 126
internal_value=0.0108533 -0.00762208 -0.0214267 0.196368 -0.0392676 0.214325 -0.0567172 -0.0176598 -0.140349
internal_weight=603 577 556 42 514 33 481 328 153
internal_count=603 577 556 42 514 33 481 328 153
is_linear=0
shrinkage=0.05


Tree=39
num_leaves=14
num_cat=0
split_feature=35 103 43 0 77 112 62 26 108 101 75 58 25
split_gain=1878.78 898.712 1832.41 858.599 1143.96 1220.81 1158.22 486.884 402.422 663.801 372.547 272.91 269.439
threshold=-12.766666666666664 9.3000000000000025 -0.047500000000000313 1302.5000000000002 4.5000000000000009 2.5000000000000004 53.100000000000001 7.5000000000000009 4.5000000000000009 55.550000000000004 4.5000000000000009 5.9050000000000011 38.600000000000009
decision_type=2 2 2 2 2 2 2 2 2 2 2 2 2
left_child=-1 2 -2 4 5 -3 -7 -5 11 -10 -6 -9 -12
right_child=1 3 -4 7 10 6 -8 8 9 -11 12 -13 -14
leaf_value=0.51071984401920389 0.59363882410726698 0.53920030468735247 -0.13857201201873912 0.19730863397484585 0.070892647062720401 0.41270996878915167 -0.02572817410684862 -0.11522942512669916 0.21940903067588807 -0.07515389095509005 -0.25748110900685639 -0.29744851525093824 -0.041569850267676692
leaf_weight=17 17 18 17 14.999999999999998 27 20 60 194 23 111 30 23 28
leaf_count=17 17 18 17 15 27 20 60 194 23 111 30 23 28
internal_value=-0.00584469 -0.021001 0.228054 -0.036473 0.0519204 0.168285 0.0841973 -0.0806856 -0.0926327 -0.0244314 -0.0822221 -0.134694 -0.153585
internal_weight=600 583 34 549 183 98 80 366 351 134 85 217 58
internal_count=600 583 34 549 183 98 80 366 351 134 85 217 58
is_linear=0
shrinkage=0.05


Tree=40
num_leaves=9
num_cat=0
split_feature=62 113 68 44 56 114 20 3
split_gain=1442.9 916.957 1056.83 845.577 871.617 583.983 1011.65 438.647
threshold=37.150000000000006 -17.091666666666665 58.500000000000007 5.5000000000000009 35.550000000000004 3.5000000000000004 17.900000000000002 2.5000000000000004
decision_type=2 2 2 2 2 2 2 2
left_child=-1 -2 3 5 -5 6 -3 -7
right_child=1 2 -4 4 -6 7 -8 -9
leaf_value=0.37461672582937972 0.30330342737984317 0.35429573872471387 0.3063599820455275 0.44658658455686961 -0.066256599285587747 -0.028337089660806277 -0.034847108934704718 -0.16110098178034149
leaf_weight=24 21 18 22 17 15.999999999999998 98 216 171
leaf_count=24 21 18 22 17 16 98 216 171
internal_value=-0.00444957 -0.0202328 -0.03247 -0.0464411 0.198335 -0.0625461 -0.00475313 -0.112781
internal_weight=603 579 558 536 33 503 234 269
internal_count=603 579 558 536 33 503 234 269
is_linear=0
shrinkage=0.05


Tree=41
num_leaves=16
num_cat=0
split_feature=113 0 76 31 78 92 26 94 95 109 17 4 14 117 94
split_gain=1084.57 988.355 1429.16 1741.89 658.862 635.029 436.047 372.848 330.143 389.19 376.828 319.619 267.575 319.174 128.547
threshold=-17.091666666666665 1465.0000000000002 -9.2833333333333332 0.024999999999999915 0.53916666666666713 38.300000000000004 7.5000000000000009 4.7550000000000008 23.850000000000005 0.023333333333333876 35.050000000000004 3.5000000000000004 52.250000000000007 1.3916666666666664 5.2950000000000008
decision_type=2 2 2 2 2 2 2 2 2 2 2 2 2 2 2
left_child=-1 2 -2 4 5 -4 -3 8 9 -8 -10 -6 13 -9 -14
right_child=1 6 3 -5 11 -7 7 12 10 -11 -12 -13 14 -15 -16
leaf_value=0.37519337781436785 0.51845809946283261 0.19174751123489694 0.25242326269519627 0.4810733991916018 -0.23285606978685178 -0.050800498104527636 -0.18945616686492539 -0.032471320177262418 0.32585495495648109 0.11268686123231318 -0.022022981596308833 -0.035919061068785361 -0.096603110688843877 -0.16123224284691426 -0.25367005474617832
leaf_weight=19 17 17 36 20 29 33 24 171 16.000000000000004 19 14.999999999999998 71 22 67 33
leaf_count=19 17 17 36 20 29 33 24 171 16 19 15 71 22 67 33
internal_value=0.00436795 -0.00762697 0.080695 0.0410397 -0.0112595 0.107467 -0.0550297 -0.0665235 0.0336726 -0.0558834 0.157837 -0.0932563 -0.091849 -0.0687926 -0.191223
internal_weight=609 590 206 189 169 69 384 367 74 43 31 100 293 238 55
internal_count=609 590 206 189 169 69 384 367 74 43 31 100 293 238 55
is_linear=0
shrinkage=0.05


Tree=42
num_leaves=19
num_cat=0
split_feature=35 4 4 74 45 70 9 28 99 13 75 94 121 9 104 15 62 123
split_gain=1308.15 660.082 1260.06 1920.69 938.284 852.128 906.569 563.72 339.33 330.134 1197.45 295.206 236.875 206.717 193.787 179.604 123.819 103.809
threshold=-12.766666666666664 9.5000000000000018 2.5000000000000004 -10.166666666666664 0.0091666666666666719 0.026666666666666842 6.8150000000000004 16.650000000000002 53.250000000000007 6.5550000000000006 2.5000000000000004 5.3050000000000006 -0.10583333333333343 6.7750000000000012 21.550000000000001 73.350000000000009 73.950000000000017 -0.0016666666666666633
decision_type=2 2 2 2 2 2 2 2 2 2 2 2 2 2 2 2 2 2
left_child=-1 2 8 -4 9 7 -7 -5 12 10 -3 15 13 -2 -12 -11 -13 -14
right_child=1 4 3 5 -6 6 -8 -9 -10 11 14 16 17 -15 -16 -17 -18 -19
leaf_value=0.44676203767195449 -0.23177867047694509 0.3351594921224606 0.59952247853604901 -0.067873401275556078 0.28429780326142223 0.065428876461069263 0.46160726742156871 0.12575824584396386 0.00092950477632869973 -0.034288955384697124 0.023458309957621905 -0.40385310981447342 -0.39392079040870898 0.010691945886577082 -0.17575152986472281 -0.21330700107067233 -0.22317460098724773 -0.2071500673618735
leaf_weight=14.999999999999998 18 15.999999999999998 15.999999999999998 142 14.999999999999998 46 21 51 29 32 14.999999999999998 14.999999999999998 16.000000000000004 17 64 25 28 14.999999999999998
leaf_count=15 18 16 16 142 15 46 21 51 29 32 15 15 16 17 64 25 28 15
internal_value=-0.0126756 -0.0246206 0.0154663 0.0695398 -0.0954382 0.0366883 0.190182 -0.016642 -0.141487 -0.124805 -0.0578905 -0.188202 -0.204046 -0.11417 -0.137882 -0.113129 -0.287109 -0.304665
internal_weight=596 581 371 276 210 260 67 193 95 195 95 100 66 35 79 57 43 31
internal_count=596 581 371 276 210 260 67 193 95 195 95 100 66 35 79 57 43 31
is_linear=0
shrinkage=0.05


Tree=43
num_leaves=21
num_cat=0
split_feature=45 70 52 111 117 115 100 4 53 67 78 0 9 50 33 102 6 50 16 78
split_gain=1079.25 2288.57 2607.19 1405.04 1079.2 746.756 535.402 555.881 504.747 618.273 454.109 466.565 507.217 400.102 372.116 275.287 261.757 301.002 192.859 169.404
threshold=-0.0050000000000000175 0.023333333333332987 4.3150000000000004 -0.25083333333333341 -3.1149999999999993 -15.90833333333334 0.19500000000000003 5.5000000000000009 8.9000000000000004 14.650000000000002 0.24416666666666623 1302.5000000000002 6.8450000000000006 25.650000000000002 0.18666666666666568 39.150000000000013 1.0000000180025095e-35 37.350000000000001 5.7950000000000008 0.83000000000000063
decision_type=2 2 2 2 2 2 2 2 2 2 2 2 2 2 2 2 2 2 2 2
left_child=4 10 -3 -4 -1 -6 8 -8 9 -7 11 -2 15 -10 -5 -13 -12 -18 -19 -16
right_child=1 2 3 14 5 6 7 -9 13 -11 16 12 -14 -15 19 -17 17 18 -20 -21
leaf_value=0.25853320515996686 0.28092462653733052 0.79454700647224297 0.48017936562192381 0.15605942366812467 -0.39175199906863467 0.2385334642918466 -0.084263420419663365 0.33127264324922739 -0.28541399477241197 -0.16507154784587597 0.068737807281103458 0.052617073236711769 0.23454685605914391 -0.094162571300781678 0.00088633101507527932 -0.22703861630923378 -0.26349374807283971 -0.015951374791896393 -0.20342688931844624 -0.23601340702827406
leaf_weight=24 19 19 21 21 19 23 15.999999999999998 15.999999999999998 32 15.999999999999998 21 14.999999999999998 14.999999999999998 188 15.000000000000002 21 28 49 19 14.999999999999998
leaf_count=24 19 19 21 21 19 23 16 16 32 16 21 15 15 188 15 21 28 49 19 15
internal_value=-0.00318142 0.0695754 0.275083 0.137021 -0.0637571 -0.0888001 -0.0688748 0.123734 -0.0927298 0.0728253 -0.0304979 0.070133 -0.00869549 -0.122121 -0.00484472 -0.110554 -0.0907555 -0.125732 -0.0686295 -0.117788
internal_weight=612 278 91 72 334 310 291 32 259 39 187 70 51 220 51 36 117 96 68 30
internal_count=612 278 91 72 334 310 291 32 259 39 187 70 51 220 51 36 117 96 68 30
is_linear=0
shrinkage=0.05


Tree=44
num_leaves=13
num_cat=0
split_feature=35 70 35 50 45 111 104 88 4 18 51 45
split_gain=1532.67 728.491 1496.72 713.241 566.373 581.908 499.195 583.117 613.84 454.865 298.85 269.619
threshold=-12.991666666666665 0.038333333333333559 -1.5250000000000037 15.500000000000002 -0.0083333333333333436 -0.35083333333333283 53.45000000000001 5.495000000000001 3.5000000000000004 47.000000000000007 42.70000000000001 0.0016666666666666637
decision_type=2 2 2 2 2 2 2 2 2 2 2 2
left_child=-1 3 -3 -2 9 -6 7 8 -5 -4 -9 -7
right_child=1 2 4 6 5 11 -8 10 -10 -11 -12 -13
leaf_value=0.49378629204453228 0.26432522248826634 0.46631038445490519 -0.33763913179036253 -0.15635510696784449 0.37943652043279436 0.15241032796011444 0.15674769611765144 -0.33488682382595464 0.036082964948306609 0.002914437440880741 -0.11040833335382111 -0.1136039582799323
leaf_weight=14.999999999999998 18 22 15.999999999999998 55 14.999999999999998 18 26 15.999999999999998 167 25 197 20
leaf_count=15 18 22 16 55 15 18 26 16 167 25 197 20
internal_value=-0.00367151 -0.0163017 0.0960577 -0.0435368 0.00894624 0.116849 -0.055623 -0.068361 -0.0116196 -0.130361 -0.127443 0.0123409
internal_weight=610 595 116 479 94 53 461 435 222 41 213 38
internal_count=610 595 116 479 94 53 461 435 222 41 213 38
is_linear=0
shrinkage=0.05


Tree=45
num_leaves=15
num_cat=0
split_feature=62 95 94 80 74 113 82 36 84 22 82 27 57 24
split_gain=1381.7 1179.17 694.259 1262.41 946.196 657.008 931.962 1416.04 503.832 362.003 460.07 361.073 227.369 135.412
threshold=34.400000000000006 52.850000000000001 4.5750000000000011 -0.063333333333333006 3.2166666666666726 1.9666666666666688 0.15999999999999973 3.5000000000000004 0.0050000000000000192 0.18500000000000003 -1.0000000180025095e-35 17.500000000000004 43.350000000000001 52.500000000000007
decision_type=2 2 2 2 2 2 2 2 2 2 2 2 2 2
left_child=-1 2 3 4 -2 6 8 -8 -4 12 -11 -5 -7 -13
right_child=1 -3 5 11 -6 9 7 -9 -10 10 -12 13 -14 -15
leaf_value=0.40323760377530438 0.64112052585904955 0.40352074707516972 -0.12854136573991476 0.13988112059746 0.079414657291197621 -0.24284948591151534 0.53809078715698067 0.034956623014695605 0.064383182288951041 0.2175477419680322 -0.16113707983730646 -0.23035920232699061 -0.11226602721439144 -0.036063205002091862
leaf_weight=20 15.000000000000002 15.999999999999998 114 18 14.999999999999998 43 17 77 48 17 14.999999999999998 18 151 18
leaf_count=20 15 16 114 18 15 43 17 77 48 17 15 18 151 18
internal_value=-0.00432669 -0.0184078 -0.0304131 0.102137 0.361631 -0.0535398 0.00129547 0.126477 -0.0713432 -0.115649 0.0399345 -0.0423364 -0.141346 -0.133719
internal_weight=602 582 566 84 30 482 256 94 162 226 32 54 194 36
internal_count=602 582 566 84 30 482 256 94 162 226 32 54 194 36
is_linear=0
shrinkage=0.05


Tree=46
num_leaves=14
num_cat=0
split_feature=35 117 58 57 70 9 106 108 84 54 107 92 113
split_gain=1053.57 987.142 1940.46 698.637 1063.7 730.048 600.973 524.56 410.376 600.527 377.908 243.272 210.313
threshold=-12.766666666666664 -3.1149999999999993 5.4850000000000012 54.95000000000001 0.064999999999999961 6.7750000000000012 27.250000000000004 3.5000000000000004 0.0050000000000000192 35.350000000000001 50.500000000000007 39.250000000000007 3.433333333333334
decision_type=2 2 2 2 2 2 2 2 2 2 2 2 2
left_child=-1 2 -2 4 6 -6 7 -3 10 -10 -5 -12 -11
right_child=1 3 -4 8 5 -7 -8 -9 9 12 11 -13 -14
leaf_value=0.3761685446645433 -0.11691262122675859 -0.10594238893133108 0.63788654556185564 0.059115346970147642 0.037361555225801778 0.53050111927930887 0.27336338003229649 0.020446276575636826 0.21771750656097974 -0.00073781111087018294 -0.27241398530803412 -0.11425548051087382 -0.24281564540575939
leaf_weight=17 18 156 15.999999999999998 14.999999999999998 15.000000000000002 14.999999999999998 15.999999999999998 173 19 17 61 41 19
leaf_count=17 18 156 16 15 15 15 16 173 19 17 61 41 19
internal_value=-0.0106352 -0.0220244 0.238969 -0.0382969 -6.61059e-06 0.285041 -0.0248832 -0.0394815 -0.121701 -0.00892906 -0.174618 -0.209064 -0.128958
internal_weight=598 581 34 547 375 30 345 329 172 55 117 102 36
internal_count=598 581 34 547 375 30 345 329 172 55 117 102 36
is_linear=0
shrinkage=0.05


Tree=47
num_leaves=15
num_cat=0
split_feature=35 101 80 71 17 31 4 63 6 101 78 104 58 45
split_gain=1340.28 828.363 1432.51 823.407 1557.47 1133.89 663.018 641.281 550.449 755.204 327.837 384.214 319.799 250.863
threshold=-12.766666666666664 38.000000000000007 -0.2241666666666666 2.5000000000000004 36.650000000000013 -0.008333333333333302 9.5000000000000018 26.950000000000003 1.0000000180025095e-35 63.400000000000013 0.22583333333333336 47.500000000000007 5.8750000000000009 -0.0083333333333333436
decision_type=2 2 2 2 2 2 2 2 2 2 2 2 2 2
left_child=-1 2 -2 4 5 6 -3 -6 9 -5 11 -10 -12 -11
right_child=1 3 -4 8 7 -7 -8 -9 10 13 12 -13 -14 -15
leaf_value=0.45865634470622735 0.5808113251413618 0.25880860293089492 -0.014849012122382977 0.37981896618878619 -0.39886622129019744 0.5010875808290276 -0.082116855672007327 -0.0026507611774252825 -0.041567896719608879 -0.17012858955483687 -0.087196227803668536 0.22899254093699112 -0.2610626987444602 0.07272941416586845
leaf_weight=15.999999999999998 15.999999999999998 30 27 15.999999999999998 15.999999999999998 25 27 28 100 17 223 14.999999999999998 30 28
leaf_count=16 16 30 27 16 16 25 27 28 100 17 223 15 30 28
internal_value=0.00847389 -0.00363743 0.207509 -0.02004 0.0922747 0.220975 0.097369 -0.14742 -0.053053 0.0859179 -0.0761196 -0.00606567 -0.107928 -0.0190799
internal_weight=614 598 43 555 126 82 57 44 429 61 368 115 253 45
internal_count=614 598 43 555 126 82 57 44 429 61 368 115 253 45
is_linear=0
shrinkage=0.05


Tree=48
num_leaves=18
num_cat=0
split_feature=35 31 36 62 25 84 78 35 113 15 35 111 76 111 109 102 20
split_gain=992.154 618.275 828.928 1164.94 1213.28 675.718 535.531 535.014 534.297 523.644 340.089 415.588 545.544 266.621 221.159 198.113 116.296
threshold=-12.991666666666665 -0.013333333333334084 4.5000000000000009 76.050000000000011 31.550000000000004 0.015000000000000001 -0.55333333333333357 21.308333333333337 -10.174999999999997 60.750000000000007 9.0583333333333353 0.31000000000000033 -4.8333333333333313 1.4366666666666668 0.029999999999999808 53.45000000000001 33.20000000000001
decision_type=2 2 2 2 2 2 2 2 2 2 2 2 2 2 2 2 2
left_child=-1 7 3 4 -3 6 -4 10 -8 -5 11 12 -2 -13 15 -12 -16
right_child=1 2 5 9 -6 -7 8 -9 -10 -11 14 13 -14 -15 16 -17 -18
leaf_value=0.387950550325659 0.30315623721539586 0.11452276385869845 -0.34800270947303563 0.15114579678056728 0.62446672508669143 0.20368401650929344 0.22117052457190511 0.16241898638793673 -0.11041494238875722 -0.16579815727758232 -0.22913657367883219 -0.14407109947821126 -0.017306938065599978 0.082452521497840131 0.03263315571145424 -0.027274964049162454 -0.13141434230416069
leaf_weight=14.999999999999998 14.999999999999998 28 18 25 20 22 14.999999999999998 25 62 27 66 93 110 14.999999999999998 21 14.999999999999998 22
leaf_count=15 15 28 18 25 20 22 15 25 62 27 66 93 110 15 21 15 22
internal_value=-0.0123165 -0.0224113 0.0449607 0.150604 0.32796 -0.0453418 -0.103217 -0.0606977 -0.0455524 -0.0133276 -0.0763772 -0.0407157 0.0213203 -0.112516 -0.143259 -0.191896 -0.0512923
internal_weight=614 599 217 100 48 117 95 382 77 52 357 233 125 108 124 81 43
internal_count=614 599 217 100 48 117 95 382 77 52 357 233 125 108 124 81 43
is_linear=0
shrinkage=0.05


Tree=49
num_leaves=17
num_cat=0
split_feature=35 0 70 51 82 105 53 37 15 51 34 95 62 57 110 65
split_gain=1136.98 606.556 961.609 781.983 579.558 515.879 769.367 514.333 410.672 402.937 538.527 725.638 342.229 141.23 157.116 103.246
threshold=-12.766666666666664 1326.5000000000002 0.064999999999999961 36.250000000000007 0.25416666666666693 4.2500000000000009 22.600000000000005 8.5749999999999904 69.90000000000002 61.550000000000004 5.5000000000000009 40.45000000000001 69.65000000000002 50.750000000000007 2.5000000000000004 37.650000000000006
decision_type=2 2 2 2 2 2 2 2 2 2 2 2 2 2 2 2
left_child=-1 2 3 -2 7 6 -3 -5 -6 10 11 -7 -12 15 -15 -11
right_child=1 5 -4 4 8 9 -8 -9 -10 13 12 -13 -14 14 -16 -17
leaf_value=0.41541932188205832 0.37421162343701192 -0.10226008168303341 0.44409900714230066 0.15846294788510884 -0.22592329491232951 -0.026215153074206556 0.35272678801526575 -0.050596651297988883 0.075340579054462981 -0.010980786120772759 -0.25067929490455326 0.2399378707570522 -0.038612169717044099 -0.30075796643892927 -0.13268282108815613 -0.13260026098430297
leaf_weight=15.999999999999998 14.999999999999998 18 14.999999999999998 63 38 113 19 55 15.999999999999998 30 33 33 45 20 47 42
leaf_count=16 15 18 15 63 38 113 19 55 16 30 33 33 45 20 47 42
internal_value=0.000740795 -0.0103394 0.060257 0.0292199 -0.00103752 -0.0460092 0.131568 0.0610172 -0.136593 -0.0641544 -0.0226099 0.0340316 -0.128603 -0.131004 -0.183302 -0.0820803
internal_weight=618 602 202 187 172 400 37 118 54 363 224 146 78 139 67 72
internal_count=618 602 202 187 172 400 37 118 54 363 224 146 78 139 67 72
is_linear=0
shrinkage=0.05


Tree=50
num_leaves=13
num_cat=0
split_feature=95 74 45 78 82 58 117 88 123 102 74 11
split_gain=955.572 663.194 502.816 865.955 752.863 1292.45 623.758 558.642 451.742 437.717 427.85 388.831
threshold=52.850000000000001 -13.241666666666665 -0.0058333333333333284 0.49916666666666704 0.21750000000000028 5.9650000000000007 -3.1149999999999993 3.7650000000000001 0.026666666666666661 32.45000000000001 -1.0749999999999991 24.300000000000001
decision_type=2 2 2 2 2 2 2 2 2 2 2 2
left_child=1 -1 6 4 9 -6 -3 -8 -9 -4 -5 -12
right_child=-2 2 3 10 5 -7 7 8 -10 -11 11 -13
leaf_value=0.25766131752486682 0.37933761259043441 0.18470881884490259 0.25046801841089511 -0.28301208559320779 0.6139047533438351 -0.013321940206139294 -0.35434274917149411 -0.08575516837587871 0.16078623694122135 -0.0092573117212353864 0.14868947017466885 -0.06891378364239846
leaf_weight=22 15.999999999999998 23 21 18 18 14.999999999999998 18 245 20 70 26 96
leaf_count=22 16 23 21 18 18 15 18 245 20 70 26 96
internal_value=-0.000723324 -0.011066 -0.0214901 0.02905 0.125233 0.329472 -0.0651049 -0.0854835 -0.0670758 0.0508336 -0.0561337 -0.0224146
internal_weight=608 592 570 264 124 33 306 283 265 91 140 122
internal_count=608 592 570 264 124 33 306 283 265 91 140 122
is_linear=0
shrinkage=0.05


Tree=51
num_leaves=16
num_cat=0
split_feature=62 95 45 70 31 94 109 30 89 74 117 98 4 69 91
split_gain=1001.25 835.944 688.325 929.152 1738.82 505.581 464.824 435.697 381.977 528.509 354.202 340.61 322.185 160.702 116.273
threshold=34.400000000000006 52.850000000000001 -0.0050000000000000175 0.023333333333332987 -0.016666666666667048 5.2000000000000011 -0.016666666666667048 4.5000000000000009 19.750000000000004 -1.1166666666666651 0.10250000000000049 33.250000000000007 10.500000000000002 4.5000000000000009 5.9750000000000005
decision_type=2 2 2 2 2 2 2 2 2 2 2 2 2 2 2
left_child=-1 2 5 6 10 8 14 -8 -2 -10 -5 12 -7 -13 -4
right_child=1 -3 3 4 -6 11 7 -9 9 -11 -12 13 -14 -15 -16
leaf_value=0.34804999912111323 -0.21488029125941363 0.34451981960616496 -0.21419057591647583 0.20885946974569924 0.52557028739813305 -0.0032310705649967937 -0.0097538336304496039 0.26869631265261157 0.18487088579252725 -0.036352536939723588 -0.058637321616530118 -0.17134956625392056 -0.2256672573035659 -0.35436397755629578 -0.053712208404396111
leaf_weight=20 19 15.999999999999998 31 18 25 62 110 15.999999999999998 37 99 39 63 22 14.999999999999998 18
leaf_count=20 19 16 31 18 25 62 110 16 37 99 39 63 22 15 18
internal_value=0.00101071 -0.0108019 -0.0207733 0.0400157 0.1788 -0.0700693 -0.0250509 0.0257503 -0.0054677 0.0238881 0.0259656 -0.131807 -0.0617467 -0.207017 -0.155571
internal_weight=610 590 574 257 82 317 175 126 155 136 57 162 84 78 49
internal_count=610 590 574 257 82 317 175 126 155 136 57 162 84 78 49
is_linear=0
shrinkage=0.05


Tree=52
num_leaves=15
num_cat=0
split_feature=113 74 117 101 31 94 105 87 4 22 19 88 43 64
split_gain=1076.39 765.122 561.593 543.006 611.027 997.4 370.191 243.995 240.378 413.777 213.096 192.812 96.7957 66.8387
threshold=-17.091666666666665 -13.241666666666665 0.86083333333333389 82.500000000000014 -0.05000000000000026 4.2950000000000008 9.7500000000000018 6.785000000000001 2.5000000000000004 0.18500000000000003 5.0650000000000004 5.4050000000000011 0.04916666666666681 45.650000000000006
decision_type=2 2 2 2 2 2 2 2 2 2 2 2 2 2
left_child=-1 -2 3 4 6 -6 -3 13 12 11 -9 -10 -4 -5
right_child=1 2 8 7 5 -7 -8 10 9 -11 -12 -13 -14 -15
leaf_value=0.35282317951544007 0.25096094304346944 -0.21835109253775623 -0.13852092083836101 -0.26161086997063598 0.4765765365287169 0.053912318586774699 0.00010304271713181329 0.12646506965308396 0.050971589472083093 0.17445183755546217 -0.093866175057556955 -0.12408794501321785 -0.30460975992749306 -0.12683302060567814
leaf_weight=20 25 29 19 20 14.999999999999998 186 58 14.999999999999998 18 14.999999999999998 40 120 17 18
leaf_count=20 25 29 19 20 15 186 58 15 18 15 40 120 17 18
internal_value=-0.00703459 -0.0191963 -0.031096 0.00385172 0.0377867 0.0857006 -0.0728247 -0.101111 -0.101537 -0.0740441 -0.0335646 -0.101198 -0.217717 -0.1984
internal_weight=615 595 570 381 288 201 87 93 189 153 55 138 36 38
internal_count=615 595 570 381 288 201 87 93 189 153 55 138 36 38
is_linear=0
shrinkage=0.05


Tree=53
num_leaves=19
num_cat=0
split_feature=51 32 113 16 0 25 103 80 43 109 11 101 27 105 84 11 114 66
split_gain=904.366 1589.22 1318.44 510.511 739.188 1349.09 587.729 454.805 385.397 247.949 350.329 182.278 177.698 135.182 213.407 108.766 89.0825 58.1801
threshold=61.550000000000004 1.5000000000000002 -16.708333333333332 5.5850000000000009 1185.5000000000002 28.850000000000005 34.900000000000006 -0.55083333333333317 -0.047500000000000313 0.023333333333333876 38.150000000000013 76.100000000000009 37.250000000000007 19.600000000000005 -0.0083333333333333436 40.550000000000004 3.5000000000000004 28.250000000000004
decision_type=2 2 2 2 2 2 2 2 2 2 2 2 2 2 2 2 2 2
left_child=1 -1 -3 4 5 -4 -6 -5 -9 12 -11 -12 13 14 -2 -15 -17 -13
right_child=9 2 3 7 6 -7 -8 8 -10 10 11 17 -14 15 -16 16 -18 -19
leaf_value=0.55373777111634526 -0.18221096443205578 0.47279216976639643 -0.1343868110558433 0.15783752098418119 0.076692500260209961 0.3518774142915429 -0.1072657986476763 0.017688777717845834 -0.19631504560500665 0.1601912760373318 0.043104386424047375 -0.077999670676770008 0 -0.28024937437043934 0.026063924190770107 -0.24003171964045267 -0.095526252011698176 -0.20640884149623548
leaf_weight=14.999999999999998 24 15.999999999999998 21 17 101 44 76 32 61 23 22 19 28 21 25 15.999999999999998 33 17
leaf_count=15 24 16 21 17 101 44 76 32 61 23 22 19 28 21 25 16 33 17
internal_value=0.00403659 0.0509744 0.0303229 0.0100679 0.0506729 0.194735 -0.00228298 -0.0791827 -0.122686 -0.0747766 -0.00445573 -0.0699962 -0.113461 -0.140107 -0.0760098 -0.184732 -0.143206 -0.13918
internal_weight=611 383 368 352 242 65 177 110 93 228 81 58 147 119 49 70 49 36
internal_count=611 383 368 352 242 65 177 110 93 228 81 58 147 119 49 70 49 36
is_linear=0
shrinkage=0.05


Tree=54
num_leaves=11
num_cat=0
split_feature=74 117 33 101 68 78 88 109 93 55
split_gain=841.079 761.081 591.654 1209.89 805.924 655.461 496.747 399.509 413.818 226.56
threshold=-13.241666666666665 -3.6675 0.91833333333333356 38.000000000000007 57.500000000000007 0.22583333333333336 3.7650000000000001 0.023333333333333876 49.70000000000001 5.1950000000000012
decision_type=2 2 2 2 2 2 2 2 2 2
left_child=-1 -2 3 -3 5 -5 -4 9 -9 -8
right_child=1 2 6 4 -6 -7 7 8 -10 -11
leaf_value=0.2893098531422279 0.26286454992175601 0.420889396311944 -0.33625730210868876 0.064287340056542477 0.28348446487706175 -0.078939520402668925 -0.24317494847230023 0.13801934915220634 -0.11463488922067655 -0.073425810129209693
leaf_weight=24 24 17 20 124 22 224 34 35 30 47
leaf_count=24 24 17 20 124 22 224 34 35 30 47
internal_value=-8.00089e-05 -0.0121737 -0.0241647 0.00970015 -0.00928744 -0.0278865 -0.103103 -0.0709216 0.0213359 -0.144952
internal_weight=601 577 553 387 370 348 166 146 65 81
internal_count=601 577 553 387 370 348 166 146 65 81
is_linear=0
shrinkage=0.05


Tree=55
num_leaves=14
num_cat=0
split_feature=62 95 71 63 33 10 102 45 116 78 111 123 63
split_gain=930.015 734.975 527.578 1297.62 1005.72 691.011 428.161 374.375 620.958 689.896 465.026 276.294 233.221
threshold=34.400000000000006 52.850000000000001 2.5000000000000004 26.200000000000006 0.065000000000000405 6.535000000000001 36.350000000000001 0.0016666666666666915 3.5000000000000004 1.0125000000000004 -1.3066666666666662 0.020000000000000035 42.850000000000001
decision_type=2 2 2 2 2 2 2 2 2 2 2 2 2
left_child=-1 2 3 6 -5 -6 -2 10 9 -9 -4 -12 -10
right_child=1 -3 7 4 5 -7 -8 8 12 -11 11 -13 -14
leaf_value=0.34039096780881989 0.012546161428982058 0.31890479644633229 -0.3379511748781856 0.50921853444852883 -0.031101826845608527 0.31946715598140285 -0.34399520807085238 0.28882396154739293 0.033445792499914209 -0.049197513612873875 -0.080753162826439934 0.056900242243554978 -0.16739333096138331
leaf_weight=19 14.999999999999998 15.999999999999998 15.999999999999998 18 42 21 19 34 24 27 271 42 36
leaf_count=19 15 16 16 18 42 21 19 34 24 27 271 42 36
internal_value=-0.0029007 -0.0141924 -0.0236888 0.0718277 0.180619 0.0859964 -0.186975 -0.0481202 0.0270338 0.13929 -0.0757754 -0.0622539 -0.0870525
internal_weight=600 581 565 115 81 63 34 450 121 61 329 313 60
internal_count=600 581 565 115 81 63 34 450 121 61 329 313 60
is_linear=0
shrinkage=0.05


Tree=56
num_leaves=12
num_cat=0
split_feature=65 24 68 113 114 43 72 3 115 43 37
split_gain=815.401 896.339 716.84 736.642 464.422 576.161 1301.31 463.658 552.787 376.109 275.948
threshold=8.5000000000000018 45.250000000000007 58.500000000000007 -17.091666666666665 3.5000000000000004 -0.088333333333333361 0.2483333333333331 3.5000000000000004 18.349999999999998 0.1558333333333333 -4.3916666666666613
decision_type=2 2 2 2 2 2 2 2 2 2 2
left_child=1 -1 3 -2 5 6 -5 8 -6 -7 -9
right_child=2 -3 -4 4 7 9 -8 10 -10 -11 -12
leaf_value=0.49161955616627523 0.27264184981436279 -0.037418670685875503 0.29503087500182307 0.37758035469931994 -0.060830037051077035 -0.13280228936903168 -0.0176050813139524 -0.31418826032930347 0.18305390271427793 0.027649930652496074 -0.11387590147391458
leaf_weight=17 20 14.999999999999998 18 31 134 67 63 20 28 80 123
leaf_count=17 20 15 18 31 134 67 63 20 28 80 123
internal_value=-0.0012082 0.244133 -0.0146996 -0.0246089 -0.0355543 0.0163028 0.112932 -0.0765382 -0.0185595 -0.0454879 -0.142127
internal_weight=616 32 584 566 546 241 94 305 162 147 143
internal_count=616 32 584 566 546 241 94 305 162 147 143
is_linear=0
shrinkage=0.05


Tree=57
num_leaves=12
num_cat=0
split_feature=107 32 90 31 45 4 74 4 74 65 4
split_gain=631.975 823.166 749.128 494.417 1964.35 411.973 859.09 544.922 268.562 204.538 170.969
threshold=58.500000000000007 4.5000000000000009 19.500000000000004 0.024999999999999915 0.0033333333333333414 9.5000000000000018 -13.241666666666665 3.5000000000000004 -11.283333333333335 20.900000000000002 6.5000000000000009
decision_type=2 2 2 2 2 2 2 2 2 2 2
left_child=2 -2 -1 5 10 6 -4 -8 -7 -10 -5
right_child=1 -3 3 4 -6 8 7 -9 9 -11 -12
leaf_value=0.31168600897691401 0.46708758080968205 -0.024621694522667985 0.3496018311992195 0.030609005370839909 0.56393515783095216 -0.29612283055086314 -0.12825295779023002 0.018511804327797296 0.056104115387061976 -0.10445270337799908 -0.17311358153820039
leaf_weight=17 15.999999999999998 18 15.999999999999998 20 17 15.999999999999998 90 212 23 140 21
leaf_count=17 16 18 16 20 17 16 90 212 23 140 21
internal_value=-0.0017834 0.207315 -0.0142552 -0.0243023 0.113698 -0.0404366 -0.00625793 -0.0252375 -0.101091 -0.0817463 -0.0737824
internal_weight=606 34 572 555 58 497 318 302 179 163 41
internal_count=606 34 572 555 58 497 318 302 179 163 41
is_linear=0
shrinkage=0.05


Tree=58
num_leaves=23
num_cat=0
split_feature=34 31 76 62 25 88 103 10 82 105 33 95 90 33 20 29 25 115 29 72 70 118
split_gain=577.003 1059.17 2021.74 699.657 766.234 721.236 526.508 506.606 490.918 461.11 417.166 344.276 337.815 318.119 228.463 228.268 296.88 219.646 193.308 172.727 97.1947 88.3175
threshold=5.5000000000000009 -0.028333333333333762 -9.2833333333333332 78.550000000000011 28.550000000000004 5.7550000000000008 20.900000000000002 6.5150000000000006 -0.66833333333333289 6.8000000000000016 1.6716666666666671 31.850000000000005 53.650000000000013 -0.11249999999999936 30.250000000000004 52.500000000000007 29.700000000000003 -5.4166666666666705 50.500000000000007 -0.30083333333333412 -0.0033333333333342981 5.5000000000000009
decision_type=2 2 2 2 2 2 2 2 2 2 2 2 2 2 2 2 2 2 2 2 2 2
left_child=1 7 -3 4 13 -6 -5 11 -2 17 18 12 -1 -4 -8 21 -17 -10 -11 -20 -14 -13
right_child=8 2 3 6 5 -7 14 -9 9 10 -12 15 20 -15 -16 16 -18 -19 19 -21 -22 -23
leaf_value=0.15889725512244948 0.20332663943435972 0.60751554563407506 0.17520101208560515 0.24438871599191075 0.11721555293842965 0.51406736542466536 0.034384364354395368 0.2375420028800207 -0.37541494784434198 0.053012091436311207 0.13264604932758436 -0.15283245224576036 -0.13323985721867579 -0.12539925343617442 -0.14110140573313559 -0.18229068057713405 0.015908161121693572 -0.1304069577867448 -0.27085690723720546 -0.090824905969900158 0.008815051181857804 -0.30223601472298833
leaf_weight=28 14.999999999999998 19 14.999999999999998 14.999999999999998 24 22 29 14.999999999999998 18 19 25 31 23 21 51 31 48 19 15.999999999999998 80 25 14.999999999999998
leaf_count=28 15 19 15 15 24 22 29 15 18 19 25 31 23 21 51 31 48 19 16 80 25 15
internal_value=0.00123232 0.0346006 0.118738 0.0659287 0.172843 0.307826 -0.0263872 -0.0417427 -0.0703252 -0.093646 -0.0520266 -0.0627175 0.0211357 0 -0.0774619 -0.113716 -0.061935 -0.250425 -0.0922966 -0.121133 -0.0592845 -0.202209
internal_weight=604 412 196 177 82 46 95 216 192 177 140 201 76 36 80 125 79 37 115 96 48 46
internal_count=604 412 196 177 82 46 95 216 192 177 140 201 76 36 80 125 79 37 115 96 48 46
is_linear=0
shrinkage=0.05


Tree=59
num_leaves=12
num_cat=0
split_feature=62 31 117 81 33 90 68 109 45 29 111
split_gain=648.868 493.61 561.579 1686.82 437.146 462.274 588.014 385.28 285.802 235.952 208.704
threshold=36.000000000000007 0.066666666666666888 -3.1149999999999993 4.5000000000000009 0.91833333333333356 66.250000000000014 57.500000000000007 0.023333333333333876 -0.010833333333333332 51.500000000000007 -0.788333333333333
decision_type=2 2 2 2 2 2 2 2 2 2 2
left_child=-1 2 3 -2 5 6 -4 10 -9 -7 -6
right_child=1 -3 4 -5 7 9 -8 8 -10 -11 -12
leaf_value=0.26095303417671295 -0.11491257664151666 0.27295036690914082 0.012449210694245242 0.57738865544859153 -0.33231151120633073 0.046477673873642447 0.31476378134119581 0.091245161049352014 -0.12014630242835644 -0.13996017917267031 -0.13233791794550406
leaf_weight=23 21 14.999999999999998 272 14.999999999999998 15.999999999999998 22 17 34 30 73 72
leaf_count=23 21 15 272 15 16 22 17 34 30 73 72
internal_value=0.00101248 -0.00920678 -0.0166612 0.174208 -0.0295202 -0.00109097 0.0303524 -0.101261 -0.00779943 -0.096729 -0.169089
internal_weight=610 587 572 36 536 384 289 152 64 95 88
internal_count=610 587 572 36 536 384 289 152 64 95 88
is_linear=0
shrinkage=0.05


Tree=60
num_leaves=28
num_cat=0
split_feature=74 6 64 119 28 39 64 117 117 116 44 105 25 121 56 38 98 68 32 88 84 26 24 67 88 89 25
split_gain=671.8 1154.44 1199.92 2264.58 778.262 832.617 726.369 498.895 503.913 459.714 561.326 984.235 442.013 438.992 236.057 221.147 217.807 217.244 210.977 221.426 274.78 223.261 251.419 218.17 129.741 109.767 51.7017
threshold=0.20833333333333218 2.5000000000000004 30.200000000000003 0.22499999999999989 6.9000000000000012 0.31083333333333357 22.400000000000002 -0.8999999999999998 -0.18749999999999997 2.5000000000000004 2.5000000000000004 13.9 44.20000000000001 -0.30166666666666714 33.20000000000001 4.5000000000000009 34.250000000000007 53.500000000000007 5.5000000000000009 5.4050000000000011 -0.010000000000000021 14.250000000000002 43.100000000000001 9.7500000000000018 5.0550000000000006 26.600000000000005 44.70000000000001
decision_type=2 2 2 2 2 2 2 2 2 2 2 2 2 2 2 2 2 2 2 2 2 2 2 2 2 2 2
left_child=1 7 3 6 -4 -6 -3 -1 -9 10 13 -12 -7 -2 -15 -13 17 -10 19 20 25 -21 -23 -22 -20 -11 -26
right_child=9 2 4 -5 5 12 -8 8 16 18 11 15 -14 14 -16 -17 -18 -19 24 21 23 22 -24 -25 26 -27 -28
leaf_value=-0.30648795360734005 0.19191078030510456 -0.099571103292592555 -0.17984448891457683 0.88182511519122597 0.47648711409296429 0.24041366979775841 0.36846262328108847 0.25868405572428615 -0.098230504303078378 -0.15129285711609855 0.47331157329168105 0.15566625685881308 -0.11388390633449735 0.0019817503112735169 -0.21559167044629032 -0.10345523642242282 -0.16995271556766711 0.14708500259517751 -0.23891201826917144 -0.24534450748510528 -0.00033992734731909651 0.036214285912921619 -0.10745267277776345 0.25276910244430628 -0.15395051153542483 0.031212605812296963 -0.04404655697336235
leaf_weight=15.999999999999998 14.999999999999998 15.999999999999998 24 14.999999999999998 14.999999999999998 14.999999999999998 17 14.999999999999998 19 18 18 14.999999999999998 21 23 27 18 27 17 23 17 15.999999999999998 49 80 18 19 14.999999999999998 25
leaf_count=16 15 16 24 15 15 15 17 15 19 18 18 15 21 23 27 18 27 17 23 17 16 49 80 18 19 15 25
internal_value=0.00807466 0.0787705 0.179538 0.374494 0.0543675 0.164819 0.141771 -0.0530828 -0.0007124 -0.0306627 0.0529807 0.177005 0.0338586 -0.0443764 -0.115604 0.0142907 -0.0628648 0.017561 -0.0653394 -0.0409276 0.0342408 -0.0754567 -0.052857 0.133861 -0.142696 -0.0683411 -0.0918599
internal_weight=613 217 123 48 75 51 33 94 78 396 116 51 36 65 50 33 63 36 280 213 67 146 129 34 67 33 44
internal_count=613 217 123 48 75 51 33 94 78 396 116 51 36 65 50 33 63 36 280 213 67 146 129 34 67 33 44
is_linear=0
shrinkage=0.05


Tree=61
num_leaves=15
num_cat=0
split_feature=111 31 70 20 106 14 35 88 109 123 90 90 89 16
split_gain=807.184 755.892 876.85 1365.37 456.916 513.03 429.474 315.308 281.686 448.428 334.982 272.983 407.495 195.908
threshold=-1.5933333333333328 -0.011666666666668045 0.038333333333333559 31.750000000000004 27.250000000000004 17.750000000000004 21.308333333333337 6.5150000000000006 0.02666666666666773 -0.015833333333333349 66.550000000000026 39.150000000000013 32.250000000000007 5.6750000000000007
decision_type=2 2 2 2 2 2 2 2 2 2 2 2 2 2
left_child=-1 6 4 -4 5 -3 8 -7 11 -10 -11 13 -13 -2
right_child=1 2 3 -5 -6 7 -8 -9 9 10 -12 12 -14 -15
leaf_value=0.36049014258858386 -0.11648294492257581 0.23112906009996712 0.63354419910389437 0.0074004153150538489 0.28319448990537638 -0.012625876225891123 0.14799383002448369 -0.25490678134343486 -0.18158967919196947 0.088097516799952549 -0.15564708558090945 0.058119836321798568 -0.11466350442890097 -0.33232236671510168
leaf_weight=14.999999999999998 24 20 15.999999999999998 19 14.999999999999998 122 25 14.999999999999998 28 80 17 45 140 19
leaf_count=15 24 20 16 19 15 122 25 15 28 80 17 45 140 19
internal_value=-0.000441089 -0.00976431 0.0670093 0.29477 0.0204894 -0.00474232 -0.0518268 -0.039356 -0.0660305 -0.00565647 0.0452116 -0.0990914 -0.0725994 -0.21252
internal_weight=600 585 207 35 172 157 378 137 353 125 97 228 185 43
internal_count=600 585 207 35 172 157 378 137 353 125 97 228 185 43
is_linear=0
shrinkage=0.05


Tree=62
num_leaves=21
num_cat=0
split_feature=4 51 70 81 101 94 91 63 0 26 49 82 56 57 98 59 82 67 66 123
split_gain=463.937 866.915 731.728 848.862 607.484 491.807 375.31 343.268 335.945 569.69 707.444 321.519 207.221 191.124 134.849 122.437 108.121 104.293 98.9181 85.5309
threshold=2.5000000000000004 61.550000000000004 0.038333333333333559 4.5000000000000009 38.70000000000001 6.1950000000000012 5.2350000000000012 26.200000000000006 1558.5000000000002 36.350000000000001 6.4150000000000009 -0.32083333333333325 35.800000000000004 43.350000000000001 40.350000000000001 35.800000000000004 -0.08916666666666638 9.0500000000000025 31.950000000000006 0.0083333333333333193
decision_type=2 2 2 2 2 2 2 2 2 2 2 2 2 2 2 2 2 2 2 2
left_child=11 2 4 6 -2 7 -4 -6 9 10 -3 -1 13 -13 16 17 18 -11 -10 -18
right_child=1 8 3 -5 5 -7 -8 -9 14 15 -12 12 -14 -15 -16 -17 19 -19 -20 -21
leaf_value=0.07602618658495823 0.31489113677314851 -0.0485531317001862 0.23027281805928521 0.46247756434725479 -0.17430366968296693 0.24676701042664614 -0.079223764098751592 0.0097198996634724599 -0.079506774253861934 -0.13228580319131447 0.38782200964774871 -0.2026500859448524 -0.2786448208800642 -0.011878174248941985 -0.22128767722096795 -0.19265096915876057 -0.096715536671175495 0.043473851251664586 0.074143235336076349 -0.23153185018841527
leaf_weight=19 17 19 20 23 30 19 19 160 34 14.999999999999998 18 24 23 29 23 19 46 19 14.999999999999998 15.999999999999998
leaf_count=19 17 19 20 23 30 19 19 160 34 15 18 24 23 29 23 19 46 19 15 16
internal_value=-0.0060324 0.0127941 0.0701702 0.222199 0.0283614 0.00489175 0.0795476 -0.0193866 -0.0609514 0.0137116 0.164076 -0.107457 -0.153433 -0.0985786 -0.111108 -0.0912768 -0.0880546 -0.0340811 -0.032314 -0.131904
internal_weight=607 512 288 62 226 209 39 190 224 90 37 95 76 53 134 53 111 34 49 62
internal_count=607 512 288 62 226 209 39 190 224 90 37 95 76 53 134 53 111 34 49 62
is_linear=0
shrinkage=0.05


Tree=63
num_leaves=18
num_cat=0
split_feature=90 84 45 0 43 123 96 74 78 90 101 51 111 62 99 101 123
split_gain=643.076 530.862 1031.8 1626.41 439.632 821.822 393.903 501.651 366.059 195.208 169.408 148.201 236.029 133.329 127.186 87.3137 64.0066
threshold=19.500000000000004 -0.011666666666666643 0.011666666666666674 1839.0000000000002 -0.52499999999999936 -0.010000000000000021 46.150000000000013 -1.8333333333333337 -2.2666666666666666 34.250000000000007 78.000000000000014 60.100000000000009 0.26000000000000029 81.65000000000002 46.850000000000001 83.950000000000017 0.005833333333333344
decision_type=2 2 2 2 2 2 2 2 2 2 2 2 2 2 2 2 2
left_child=-1 9 4 -4 5 -3 7 -6 -8 -2 11 12 -11 15 -15 -12 -13
right_child=1 2 3 -5 6 -7 8 -9 -10 10 13 16 -14 14 -16 -17 -18
leaf_value=0.29386055146791662 -0.21878456164539131 -0.1118716644855281 0.59901167778444531 -0.013544588645853371 0.18801825384081428 0.30389091212724906 0.16928856536647341 -0.035743422354113853 -0.086553736309511492 0.16817502400488069 -0.27779939897013034 0.0035865578996507742 -0.079175762858307144 -0.17171998339773015 0.0081342929251677631 -0.11494386623667173 -0.11902481915687753
leaf_weight=18 22 20 19 25 41 29 14.999999999999998 64 188 22 14.999999999999998 17 17 14.999999999999998 28 19 28
leaf_count=18 22 20 19 25 41 29 15 64 188 22 15 17 17 15 28 19 28
internal_value=0.000334315 -0.00875293 0.0234422 0.251613 -0.00472836 0.134208 -0.0268845 0.0516784 -0.0675505 -0.0793022 -0.0600875 -0.0108859 0.0603008 -0.113613 -0.0547424 -0.187542 -0.0726889
internal_weight=602 584 401 44 357 49 308 105 203 183 161 84 39 77 43 34 45
internal_count=602 584 401 44 357 49 308 105 203 183 161 84 39 77 43 34 45
is_linear=0
shrinkage=0.05


Tree=64
num_leaves=14
num_cat=0
split_feature=95 62 70 71 63 31 63 17 109 74 95 87 9
split_gain=659.881 472.376 370.797 490.924 932.572 840.337 315.704 403.638 299.353 297.451 160.08 93.5794 80.5686
threshold=52.850000000000001 36.000000000000007 -0.042499999999999531 2.5000000000000004 26.200000000000006 -0.028333333333333762 26.400000000000002 31.750000000000004 0.023333333333333876 -3.5999999999999992 28.650000000000002 6.785000000000001 6.7750000000000012
decision_type=2 2 2 2 2 2 2 2 2 2 2 2 2
left_child=1 -1 9 4 -4 -6 7 -5 -8 -3 12 -12 -11
right_child=-2 2 3 6 5 -7 8 -9 -10 10 11 -13 -14
leaf_value=0.20783495570888505 0.31553847271463148 -0.27630281685040664 -0.1532318353296751 -0.063269614068088162 0.033445624052342075 0.3933691984587544 -0.070401276179213351 0.29152399169074167 0.03129338883962323 -0.05104730409502193 -0.21026389063798892 -0.068161412171838728 0.1122017351602087
leaf_weight=24 15.999999999999998 20 25 14.999999999999998 34 31 232 17 105 15.000000000000002 17 37 14.999999999999998
leaf_count=24 16 20 25 15 34 31 232 17 105 15 17 37 15
internal_value=-0.00025521 -0.00892367 -0.018208 0.00110357 0.105751 0.205519 -0.0244284 0.12538 -0.0387013 -0.103406 -0.0619009 -0.113296 0.0305127
internal_weight=603 587 563 459 90 65 369 32 337 104 84 54 30
internal_count=603 587 563 459 90 65 369 32 337 104 84 54 30
is_linear=0
shrinkage=0.05


Tree=65
num_leaves=19
num_cat=0
split_feature=90 99 31 36 0 62 84 90 76 4 36 22 10 89 8 52 65 70
split_gain=569.944 400.312 448.805 727.497 1561.71 614.895 485.737 341.689 406.92 496.74 350.503 249.576 201.622 177.629 196.206 175.627 145.041 80.3719
threshold=17.150000000000002 58.050000000000004 -0.011666666666667156 4.5000000000000009 1566.5000000000002 73.950000000000017 0.015000000000000001 54.150000000000013 6.6666666666666652 3.5000000000000004 4.5000000000000009 0.15500000000000003 5.8850000000000007 46.45000000000001 1.0000000180025095e-35 6.2100000000000009 24.050000000000004 -0.0033333333333342981
decision_type=2 2 2 2 2 2 2 2 2 2 2 2 2 2 2 2 2 2
left_child=-1 2 7 4 -4 -6 15 8 9 -2 -10 17 -13 14 -9 -5 -15 -3
right_child=1 11 3 6 5 -7 -8 13 10 -11 -12 12 -14 16 -16 -17 -18 -19
leaf_value=0.30088709909592248 -0.1019419829365005 -0.13020122921707467 0.48066626066520962 -0.12895342624118827 0.23169289049249972 -0.10496767237994747 0.22689412051106095 -0.28679898507547702 0.05978180374886162 0.16269500528735661 -0.17198953156201346 -0.11793812146046063 0.10541161180282971 -0.12336886177235598 -0.09087193715413136 0.022717899728900572 0.030848982983423857 -0.28437838089403683
leaf_weight=14.999999999999998 24 15.999999999999998 28 52 22 35 15.999999999999998 14.999999999999998 29 67 37 27 15.999999999999998 22 86 30 49 19
leaf_count=15 24 16 28 52 22 35 16 15 29 67 37 27 16 22 86 30 49 19
internal_value=-0.00242935 -0.0101989 0.00587476 0.0686297 0.175591 0.0250621 -0.024176 -0.0290265 0.0242767 0.0928105 -0.0701386 -0.115645 -0.0346635 -0.0776961 -0.120274 -0.0734429 -0.0169728 -0.214612
internal_weight=605 590 512 183 85 57 98 329 157 91 66 78 43 172 101 82 71 35
internal_count=605 590 512 183 85 57 98 329 157 91 66 78 43 172 101 82 71 35
is_linear=0
shrinkage=0.05


Tree=66
num_leaves=23
num_cat=0
split_feature=107 43 3 4 25 56 40 28 82 98 61 64 61 32 50 51 90 109 86 30 68 63
split_gain=632.491 922.281 573.271 535.822 820.244 730.395 617.096 459.967 382.257 304.471 273.256 455.924 268.159 315.468 237.129 218.572 174.522 214.329 148.525 146.88 94.7263 63.1382
threshold=48.500000000000007 -1.0000000180025095e-35 3.5000000000000004 9.5000000000000018 46.650000000000013 33.20000000000001 1.5000000000000002 6.6500000000000012 0.031666666666666739 25.150000000000002 0.15500000000000003 43.150000000000006 0.16500000000000004 5.5000000000000009 34.350000000000001 61.050000000000004 34.250000000000007 0.023333333333333876 1.5000000000000002 1.5000000000000002 53.500000000000007 56.650000000000006
decision_type=2 2 2 2 2 2 2 2 2 2 2 2 2 2 2 2 2 2 2 2 2 2
left_child=1 -1 3 4 6 -6 -2 -8 12 -10 11 -5 14 19 -4 -16 -11 -18 -12 -14 -20 -13
right_child=2 -3 8 10 5 -7 7 -9 9 16 18 21 13 -15 15 -17 17 -19 20 -21 -22 -23
leaf_value=0.46685883505651127 0.26772067982131514 -0.0057092689281022643 -0.24269371106567089 0.24300134735759241 0.069545051593654192 0.55542030794465025 -0.10157759673716338 0.098112678188276389 0.019163588548470223 -0.30326332696445329 -0.20943205380991259 -0.12278128376913285 0.021401198265960861 -0.075258278748167748 0.10796363150886215 -0.098355561501496602 -0.1997603382964368 -0.041385843614090513 -0.13748181900441248 0.20357302217152215 0.039530080359503138 0.0097774997254870596
leaf_weight=17 24 26 17 17 15.000000000000002 15.999999999999998 63 53 28 19 28 22 18 29 19 39 53 36 15.000000000000002 29 14.999999999999998 14.999999999999998
leaf_count=17 24 26 17 17 15 16 63 53 28 19 28 22 18 29 19 39 53 36 15 29 15 15
internal_value=-0.00302253 0.181654 -0.0169924 0.0334867 0.0891566 0.32146 0.0374897 -0.0102908 -0.0667798 -0.127554 -0.0514685 0.0293807 -0.0119612 0.0541566 -0.0790101 -0.0306127 -0.165621 -0.135873 -0.126749 0.134105 -0.0489725 -0.069025
internal_weight=613 43 570 283 171 31 140 116 287 136 112 54 151 76 75 58 108 89 58 47 30 37
internal_count=613 43 570 283 171 31 140 116 287 136 112 54 151 76 75 58 108 89 58 47 30 37
is_linear=0
shrinkage=0.05


Tree=67
num_leaves=14
num_cat=0
split_feature=113 0 45 74 87 76 94 63 33 37 27 45 41
split_gain=576.841 609.829 1364.14 603.636 1192.44 343.348 296.628 280.088 273.985 267.992 209.604 165.148 163.381
threshold=-17.091666666666665 1465.0000000000002 0.015000000000000029 -0.62499999999999989 6.7950000000000008 -13.266666666666664 4.5750000000000011 31.850000000000005 -0.32000000000000001 -13.08333333333333 34.750000000000007 -0.017499999999999998 0.18833333333333305
decision_type=2 2 2 2 2 2 2 2 2 2 2 2 2
left_child=-1 2 3 4 -2 -3 7 -7 -5 -8 -10 -11 -9
right_child=1 5 -4 8 -6 6 9 12 10 11 -12 -13 -14
leaf_value=0.26809113897494419 -0.043063247239671615 -0.24832519224176855 0.47943855721647566 0.15771500457361429 0.43817280196137243 0.25958461682528061 -0.24848933664167891 0.11273444578909748 -0.090490954505087734 -0.10229971900964147 0.06943114454718842 -0.016696143931598635 -0.089098552166003181
leaf_weight=20 29 19 18 17 23 14.999999999999998 15.999999999999998 19 95 76 26 218 21
leaf_count=20 29 19 18 17 23 15 16 19 95 76 26 218 21
internal_value=0.00466649 -0.00426832 0.0646558 0.0251028 0.170128 -0.0416224 -0.0307837 0.0760976 -0.0295917 -0.0497811 -0.0560573 -0.0388692 0.00668949
internal_weight=612 592 208 190 52 384 365 55 138 310 121 294 40
internal_count=612 592 208 190 52 384 365 55 138 310 121 294 40
is_linear=0
shrinkage=0.05


Tree=68
num_leaves=12
num_cat=0
split_feature=35 27 48 104 59 24 70 72 24 19 17
split_gain=621.577 406.604 644.652 348.455 312.808 378.319 612.782 367.641 273.031 244.235 232.422
threshold=-12.766666666666664 41.050000000000004 6.7350000000000012 6.0500000000000016 41.050000000000004 45.250000000000007 0.062499999999999563 -0.68500000000000016 43.100000000000001 4.8250000000000011 34.45000000000001
decision_type=2 2 2 2 2 2 2 2 2 2 2
left_child=-1 3 -3 -2 5 6 -5 -7 -6 -10 -4
right_child=1 2 10 4 8 7 -8 -9 9 -11 -12
leaf_value=0.31581136217180472 0.16292280359386904 0.39757257145366925 0.11618792188773118 0.0043124471519509315 -0.24622782320040201 -0.30166544787931132 0.30039002015328536 -0.045388914313249387 0.11463303723872104 -0.13314416336753371 -0.11884038354481122
leaf_weight=14.999999999999998 24 14.999999999999998 25 206 29 14.999999999999998 19 194 14.999999999999998 29 18
leaf_count=15 24 15 25 206 29 15 19 194 15 29 18
internal_value=-0.000941591 -0.00906903 0.1165 -0.0228134 -0.0316459 -0.0155123 0.0294591 -0.0639414 -0.127343 -0.0484929 0.0176405
internal_weight=604 589 58 531 507 434 225 209 73 44 43
internal_count=604 589 58 531 507 434 225 209 73 44 43
is_linear=0
shrinkage=0.05


Tree=69
num_leaves=17
num_cat=0
split_feature=65 109 68 103 114 65 65 53 73 63 3 72 56 12 34 86
split_gain=530.583 1063.38 435.228 379.599 372.138 560.32 595.077 571.751 381.929 300.733 226.308 237.231 489.374 231.837 158.088 226.914
threshold=13.750000000000002 -0.013333333333334084 58.500000000000007 35.250000000000007 2.5000000000000004 52.150000000000006 37.150000000000006 43.100000000000001 2.5000000000000004 30.150000000000002 3.5000000000000004 0.012500000000000179 39.45000000000001 40.300000000000004 2.5000000000000004 1.5000000000000002
decision_type=2 2 2 2 2 2 2 2 2 2 2 2 2 2 2 2
left_child=1 -1 4 9 5 6 8 -8 -2 -3 11 12 -6 -13 -12 -16
right_child=2 3 -4 -5 10 -7 7 -9 -10 -11 14 13 -14 -15 15 -17
leaf_value=0.43872548438126774 -0.195330424677015 0.27193100480189231 0.23356667499096073 -0.15956041712072955 0.18675823541046763 -0.21580514079628729 0.44422158292643932 0.082970997182075665 0.059860027724029811 -0.021458290891809614 -0.19842794539080455 0.12801900591418058 -0.15512753202030993 -0.067768835124604812 -0.029680482796453814 -0.17058999066489594
leaf_weight=20 19 15.999999999999998 17 20 34 18 18 28 63 19 29 17 14.999999999999998 130 100 40
leaf_count=20 19 16 17 20 34 18 18 28 63 19 29 17 15 130 100 40
internal_value=0.0031307 0.127489 -0.0145452 0.0136311 -0.0228533 0.0445734 0.0813681 0.225095 0.000503735 0.112913 -0.0498425 -0.0132411 0.0818947 -0.0450211 -0.092229 -0.0700691
internal_weight=603 75 528 55 511 146 128 46 82 35 365 196 49 147 169 140
internal_count=603 75 528 55 511 146 128 46 82 35 365 196 49 147 169 140
is_linear=0
shrinkage=0.05


Tree=70
num_leaves=11
num_cat=0
split_feature=35 29 117 33 109 0 78 103 111 11
split_gain=598.971 399.505 362.759 450.237 429.023 386.862 895.407 573.566 247.726 232.706
threshold=-12.991666666666665 58.500000000000007 -3.6675 0.91833333333333356 0.023333333333333876 953.00000000000011 -0.24000000000000063 12.750000000000002 -0.73249999999999982 46.050000000000004
decision_type=2 2 2 2 2 2 2 2 2 2
left_child=-1 2 -2 5 8 6 -4 -7 -5 -6
right_child=1 -3 3 4 9 7 -8 -9 -10 -11
leaf_value=0.31345602029206743 0.21050613353501504 -0.23673315459852062 0.381999460185245 -0.31659334482331025 -0.11747921839427043 0.29470336879326026 0.024702771944943028 -0.02188401329757229 -0.1058872018171601 0.082301531755810342
leaf_weight=14.999999999999998 20 18 23 17 21 14.999999999999998 73 272 78 47
leaf_count=15 20 18 23 17 21 15 73 272 78 47
internal_value=0.00253528 -0.00549444 0.00189113 -0.00577844 -0.0753583 0.0238328 0.110666 -0.00522333 -0.143938 0.0204492
internal_weight=599 584 566 546 163 383 96 287 95 68
internal_count=599 584 566 546 163 383 96 287 95 68
is_linear=0
shrinkage=0.05


Tree=71
num_leaves=8
num_cat=0
split_feature=111 65 44 68 74 33 71
split_gain=558.19 441.931 762.198 617.48 338.347 347.525 286.337
threshold=-1.5933333333333328 8.5000000000000018 1.5000000000000002 58.500000000000007 -12.258333333333326 -0.85583333333333289 2.5000000000000004
decision_type=2 2 2 2 2 2 2
left_child=-1 2 -2 4 -3 -6 -7
right_child=1 3 -4 -5 5 6 -8
leaf_value=0.28862490905738025 -0.065229730238342831 -0.20911575796238455 0.41427251484175653 0.27533354612818933 -0.21974548208770028 0.075966004925827113 -0.028990036703752595
leaf_weight=15.999999999999998 17 25 15.999999999999998 17 21 77 413
leaf_count=16 17 25 16 17 21 77 413
internal_value=-0.00181003 -0.00979641 0.167654 -0.0204231 -0.0298624 -0.0210437 -0.0124746
internal_weight=602 586 33 553 536 511 490
internal_count=602 586 33 553 536 511 490
is_linear=0
shrinkage=0.05


Tree=72
num_leaves=10
num_cat=0
split_feature=74 95 37 123 38 31 10 82 4
split_gain=717.292 488.599 281.101 283.317 343.462 618.103 296.149 237.094 245.48
threshold=-13.241666666666665 52.45000000000001 -13.08333333333333 -0.0041666666666666649 4.5000000000000009 0.027499999999999417 6.6150000000000011 -0.75500000000000023 1.5000000000000002
decision_type=2 2 2 2 2 2 2 2 2
left_child=-1 2 -2 7 5 -5 -6 -4 -9
right_child=1 -3 3 4 6 -7 -8 8 -10
leaf_value=0.27517422803423619 -0.19601810181875368 0.25433119951110139 0.12046325890481142 0.042352103922876437 -0.0619200365988746 0.3811615019938015 0.08993607097910386 -0.22991636302233875 -0.049745968705911636
leaf_weight=23 21 17 18 125 135 14.999999999999998 42 21 185
leaf_count=23 21 17 18 125 135 15 42 21 185
internal_value=0.00194399 -0.00894673 -0.0169634 -0.00996882 0.0204342 0.078935 -0.0258277 -0.0530068 -0.0682398
internal_weight=602 579 562 541 317 140 177 224 206
internal_count=602 579 562 541 317 140 177 224 206
is_linear=0
shrinkage=0.05


Tree=73
num_leaves=10
num_cat=0
split_feature=88 95 68 70 31 29 109 74 55
split_gain=616.825 350.088 268.603 253.2 357.681 375.471 302.443 251.383 103.8
threshold=3.0900000000000003 12.200000000000001 58.500000000000007 -0.043333333333332551 -0.033333333333332764 48.500000000000007 0.03666666666666752 -4.583333333333333 5.5750000000000011
decision_type=2 2 2 2 2 2 2 2 2
left_child=-1 -2 3 7 6 -6 -5 -3 -9
right_child=1 2 -4 4 5 -7 -8 8 -10
leaf_value=0.31896127136732577 0.16446082216153032 -0.27383382783173033 0.14992204758636191 -0.087514670771564079 0.27334011219303062 0.022415080992665454 0.039520673649232896 -0.10078207972010816 0.014597114249824329
leaf_weight=14.999999999999998 29 15.999999999999998 24 155 15.999999999999998 203 67 52 31
leaf_count=15 29 16 24 155 16 203 67 52 31
internal_value=0.00338158 -0.00464505 -0.0133767 -0.0206701 -0.0044285 0.0408867 -0.0491521 -0.092891 -0.0576628
internal_weight=608 593 564 540 441 219 222 99 83
internal_count=608 593 564 540 441 219 222 99 83
is_linear=0
shrinkage=0.05


Tree=74
num_leaves=16
num_cat=0
split_feature=95 45 0 94 92 74 88 120 115 75 117 74 119 0 64
split_gain=480.208 403.86 1502.73 350.212 546.269 395.942 288.927 230.281 347.425 612.773 194.76 192.465 161.854 135.372 92.1253
threshold=52.45000000000001 0.011666666666666674 756.50000000000011 4.745000000000001 13.800000000000002 -0.79999999999999882 5.535000000000001 5.5000000000000009 3.625000000000004 2.5000000000000004 -0.66166666666666607 -6.9083333333333306 0.15499999999999983 2122.5000000000005 34.900000000000006
decision_type=2 2 2 2 2 2 2 2 2 2 2 2 2 2 2
left_child=1 3 -3 4 -1 -6 -4 8 9 -5 -9 -10 -8 -7 -12
right_child=-2 2 6 7 5 13 12 10 11 -11 14 -13 -14 -15 -16
leaf_value=0.34302213243301344 0.2608217325164468 0.55394587106262616 0.14008975674338006 0.22144241183320923 0.18082956364481431 -0.10960032153483029 -0.21407570794502401 -0.24800009349388863 -0.22053283651669822 -0.015256273115935894 -0.17403499859058305 -0.053610826007051061 0.0038385444583155168 0.031783654797115507 -0.030594700275415599
leaf_weight=14.999999999999998 18 14.999999999999998 20 33 27 37 15.999999999999998 20 20 157 14.999999999999998 125 18 31 44
leaf_count=15 18 15 20 33 27 37 16 20 20 157 15 125 18 31 44
internal_value=0.00712344 -0.000611595 0.112999 -0.0156 0.0636459 0.019167 -0.0101911 -0.0366781 -0.0185361 0.0259231 -0.113425 -0.0768051 -0.0988898 -0.0451204 -0.0673799
internal_weight=611 593 69 524 110 95 54 414 335 190 79 145 34 68 59
internal_count=611 593 69 524 110 95 54 414 335 190 79 145 34 68 59
is_linear=0
shrinkage=0.05


Tree=75
num_leaves=16
num_cat=0
split_feature=35 70 48 12 20 24 50 65 95 112 45 39 72 63 97
split_gain=553.9 391.099 644.57 628.412 290.757 394.075 345.553 646.384 221.192 167.472 134.282 125.406 114.869 89.5171 52.4821
threshold=-12.991666666666665 -0.043333333333332551 6.705000000000001 65.800000000000026 39.70000000000001 41.900000000000013 42.550000000000004 37.150000000000006 30.050000000000004 1.5000000000000002 -0.0033333333333333405 0.53083333333333338 -0.22500000000000051 45.95000000000001 5.3850000000000007
decision_type=2 2 2 2 2 2 2 2 2 2 2 2 2 2 2
left_child=-1 8 3 11 6 -6 7 -4 13 -8 -7 -3 -10 -2 -14
right_child=1 2 4 -5 5 10 9 -9 12 -11 -12 -13 14 -15 -16
leaf_value=0.29744177906718477 -0.068042740210964889 0.15862658578433736 0.008108811283146616 0.45275518439266071 -0.2520872939996614 0.073278760677808294 -0.19442292180540072 0.23168659582924658 -0.25937383451514479 -0.031710115469696133 -0.11845605856683475 -0.045070892685888625 -0.15776475553582958 0.090171231412739472 -0.053024582340639094
leaf_weight=14.999999999999998 20 15.000000000000002 187 14.999999999999998 27 23 18 39 18 127 14.999999999999998 14.999999999999998 27 15.999999999999998 22
leaf_count=15 20 15 187 15 27 23 18 39 18 127 15 15 27 16 22
internal_value=-0.00153729 -0.00927472 0.00965595 0.189607 -0.00894478 -0.106413 0.00814253 0.0467983 -0.0976512 -0.0520635 -0.00238706 0.0568004 -0.151296 0.00219107 -0.111044
internal_weight=599 584 481 45 436 65 371 226 103 145 38 30 67 36 49
internal_count=599 584 481 45 436 65 371 226 103 145 38 30 67 36 49
is_linear=0
shrinkage=0.05


Tree=76
num_leaves=23
num_cat=0
split_feature=3 51 113 113 70 25 105 96 31 35 111 23 59 103 29 14 9 111 87 23 64 56
split_gain=594.49 684.675 771.423 668.72 618.252 373.481 341.227 270.368 288.72 276.192 193.541 175.579 155.056 143.243 135.035 113.174 113.629 159.893 109.272 105.552 82.8524 73.686
threshold=4.5000000000000009 61.550000000000004 16.308333333333337 -12.55833333333333 0.062499999999999563 38.850000000000001 12.750000000000002 52.850000000000001 -0.0049999999999994485 9.0583333333333353 -0.71583333333333321 76.600000000000009 37.550000000000004 30.750000000000004 53.500000000000007 34.95000000000001 6.8150000000000004 -0.069999999999999382 6.785000000000001 79.15000000000002 48.20000000000001 35.650000000000013
decision_type=2 2 2 2 2 2 2 2 2 2 2 2 2 2 2 2 2 2 2 2 2 2
left_child=1 2 3 -1 6 10 -5 8 9 -7 -2 12 20 -9 19 -13 17 -17 -16 -12 -3 -18
right_child=5 11 -4 4 -6 7 -8 13 -10 -11 14 15 -14 -15 18 16 21 -19 -20 -21 -22 -23
leaf_value=0.35885293363914855 -0.30662763156243511 0.069652401366030542 0.36916747802522926 -0.08226806644444673 0.34038026293381951 0.21219868496111582 0.059363225669721201 -0.00089676582458003478 -0.13237625377148574 -0.019376367059620946 -0.11034594736251223 -0.1713696939239939 0.16796376317344755 -0.20542051608289655 -0.27692928343826201 0.082262944839752036 -0.20364440267685779 -0.080160569587407679 -0.11104870696459308 0.05359877773693629 -0.080898578471435612 -0.051181265799710468
leaf_weight=17 14.999999999999998 14.999999999999998 22 67 14.999999999999998 29 116 14.999999999999998 15.999999999999998 23 25 25 14.999999999999998 20 15.999999999999998 26 15.999999999999998 36 27 15.999999999999998 23 15.999999999999998
leaf_count=17 15 15 22 67 15 29 116 15 16 23 25 25 15 20 16 26 16 36 27 16 23 16
internal_value=-0.00195731 0.0326938 0.0877968 0.0588239 0.0328704 -0.0721235 0.00746523 -0.00539635 0.0526598 0.109835 -0.141421 -0.0432107 0.0323775 -0.118162 -0.111531 -0.0769169 -0.051588 -0.0119442 -0.173387 -0.0462711 -0.0213125 -0.127966
internal_weight=611 409 237 215 198 202 183 103 68 52 99 172 53 35 84 119 94 62 43 41 38 32
internal_count=611 409 237 215 198 202 183 103 68 52 99 172 53 35 84 119 94 62 43 41 38 32
is_linear=0
shrinkage=0.05


Tree=77
num_leaves=15
num_cat=0
split_feature=3 23 113 57 99 76 0 37 88 115 65 89 78 52
split_gain=538.37 752.255 780.098 324.103 315.863 462.342 505.744 234.727 235.827 210.56 196.081 213.451 184.007 93.2667
threshold=4.5000000000000009 51.300000000000004 -16.041666666666664 36.70000000000001 46.350000000000001 8.8583333333333325 811.00000000000011 -4.5666666666666638 3.7650000000000001 -8.0249999999999968 21.050000000000004 33.750000000000007 -0.98833333333333273 5.8850000000000007
decision_type=2 2 2 2 2 2 2 2 2 2 2 2 2 2
left_child=1 -1 -3 -2 10 6 -6 -5 -9 -10 -4 -12 -11 -7
right_child=3 2 4 7 5 13 -8 8 9 12 11 -13 -14 -15
leaf_value=0.33547200053485476 -0.24792807254746063 0.36240060051775869 -0.1879035051927527 -0.22322688754300893 0.29059912537249571 -0.12792250470546643 0.050162992619311966 -0.20514379134459526 0.1224332588350201 -0.15871046798311789 0.084626944654995637 -0.078237134626796184 -0.002229768287069897 -0.01795168040551233
leaf_weight=20 21 15.999999999999998 24 15.999999999999998 26 28 136 15.999999999999998 27 23 29 65 101 62
leaf_count=20 21 16 24 16 26 28 136 16 27 23 29 65 101 62
internal_value=0.0039325 0.0372346 0.021686 -0.0623065 0.00684499 0.0384665 0.0889378 -0.0408545 -0.0232287 -0.00379682 -0.0606187 -0.0279022 -0.0313992 -0.0523243
internal_weight=610 406 386 204 370 252 162 183 167 151 118 94 124 90
internal_count=610 406 386 204 370 252 162 183 167 151 118 94 124 90
is_linear=0
shrinkage=0.05


Tree=78
num_leaves=16
num_cat=0
split_feature=4 50 51 78 94 104 88 35 99 53 98 106 109 76 9
split_gain=374.954 938.937 431.229 527.6 572.768 602.78 395.186 320.831 262.127 235.074 190.581 189.671 179.578 154.842 118.899
threshold=2.5000000000000004 17.350000000000005 61.550000000000004 -0.58999999999999997 5.7950000000000008 26.000000000000004 5.5650000000000004 2.0583333333333305 53.900000000000006 16.500000000000004 44.95000000000001 27.250000000000004 -0.041666666666666512 -3.7916666666666674 6.7550000000000008
decision_type=2 2 2 2 2 2 2 2 2 2 2 2 2 2 2
left_child=8 -2 3 7 6 -6 -5 -3 13 -9 11 12 -4 -1 -15
right_child=1 2 10 4 5 -7 -8 9 -10 -11 -12 -13 -14 14 -16
leaf_value=-0.28235627954235726 0.39247315444561265 0.11196323270039843 -0.19196240877859413 0.11359510843242467 0.50283903365103622 0.11002517718543361 -0.044235955330642687 -0.063169695653906274 0.045607093631973898 -0.30693537411482441 -0.19690034252186722 0.12286508174314681 -0.030290092862034164 -0.19522884216029845 -0.035406819786014718
leaf_weight=15.999999999999998 15.999999999999998 14.999999999999998 19 88 14.999999999999998 28 72 26 24 15.999999999999998 19 18 173 20 28
leaf_count=16 16 15 19 88 15 28 72 26 24 16 19 18 173 20 28
internal_value=0.000159325 0.0167696 0.0043887 0.048455 0.0862033 0.248018 0.0425566 -0.0858099 -0.0950152 -0.15666 -0.0456204 -0.0318222 -0.0464065 -0.147815 -0.102371
internal_weight=593 505 489 260 203 43 160 57 88 42 229 210 192 64 48
internal_count=593 505 489 260 203 43 160 57 88 42 229 210 192 64 48
is_linear=0
shrinkage=0.05


Tree=79
num_leaves=12
num_cat=0
split_feature=35 117 33 101 88 60 107 109 10 91 72
split_gain=442.689 487.579 412.174 465.705 424.746 347.069 350.328 238.323 235.934 120.374 102.564
threshold=-12.991666666666665 -3.6675 0.91833333333333356 34.500000000000007 3.7650000000000001 57.95000000000001 48.500000000000007 0.0066666666666672656 6.9350000000000014 5.0850000000000009 0.037500000000000096
decision_type=2 2 2 2 2 2 2 2 2 2 2
left_child=-1 -2 3 -3 -4 6 -5 10 -9 -7 -6
right_child=1 2 4 5 7 9 -8 8 -10 -11 -12
leaf_value=0.26960317985900983 0.22590633412966363 0.26924470841928189 -0.30813504210493181 0.20988231702542409 -0.24241821334136199 -0.22805838812582244 0.0079907436246809856 -0.0421987377474492 0.1579044679663458 -0.065566580335695554 -0.090348537491177619
leaf_weight=14.999999999999998 22 17 18 23 15.999999999999998 15.999999999999998 309 79 18 40 37
leaf_count=15 22 17 18 23 16 16 309 79 18 40 37
internal_value=0.00224213 -0.00453383 -0.013428 0.0138764 -0.0792502 0.00260825 0.0220513 -0.0515637 -0.00489031 -0.112406 -0.136721
internal_weight=610 595 573 405 168 388 332 150 97 56 53
internal_count=610 595 573 405 168 388 332 150 97 56 53
is_linear=0
shrinkage=0.05


Tree=80
num_leaves=13
num_cat=0
split_feature=74 119 0 70 24 37 111 44 56 24 35 92
split_gain=449.931 1091.01 900.502 420.796 364.995 388.935 294.291 225.293 222.16 203.886 202.898 140.387
threshold=-5.849999999999997 0.51750000000000063 695.00000000000011 -0.040833333333333048 14.250000000000002 -12.441666666666668 -0.049166666666666796 5.5000000000000009 37.150000000000013 28.800000000000004 1.8916666666666695 28.050000000000004
decision_type=2 2 2 2 2 2 2 2 2 2 2 2
left_child=1 2 -1 -4 -2 -6 -5 9 -8 11 -11 -7
right_child=4 -3 3 6 5 7 8 -9 -10 10 -12 -13
leaf_value=0.35200272517174669 0.21051376019304957 0.42879675964810959 -0.29693377302182439 0.18041423081611252 -0.25874635566744891 -0.19340294099999494 -0.19215532066934396 0.13292725764802382 0.064437961050414092 0.052702236893090317 -0.031901119226175542 -0.017039619058526623
leaf_weight=15.999999999999998 17 20 14.999999999999998 15.999999999999998 17 28 19 24 14.999999999999998 92 307 19
leaf_count=16 17 20 15 16 17 28 19 24 15 92 307 19
internal_value=0.00278567 0.0990591 0.0171524 -0.0656096 -0.0165131 -0.0244899 0.00414203 -0.015953 -0.0789488 -0.0240037 -0.0123727 -0.122401
internal_weight=605 101 81 65 504 487 50 470 34 446 399 47
internal_count=605 101 81 65 504 487 50 470 34 446 399 47
is_linear=0
shrinkage=0.05


Tree=81
num_leaves=13
num_cat=0
split_feature=107 95 93 109 31 84 117 107 78 78 11 48
split_gain=450.476 379.281 266.308 305.438 353.013 334.583 203.238 212.948 179.983 129.722 203.164 117.377
threshold=58.500000000000007 52.850000000000001 62.350000000000009 -0.034999999999999691 0.032499999999999758 0.015000000000000001 -0.36500000000000016 53.500000000000007 -0.98833333333333273 0.3349999999999998 38.550000000000004 6.7250000000000005
decision_type=2 2 2 2 2 2 2 2 2 2 2 2
left_child=1 2 3 6 5 -5 -1 -8 -4 10 -10 -11
right_child=-2 -3 8 4 -6 -7 7 -9 9 11 -12 -13
leaf_value=-0.21182191087379715 0.20058254382152152 0.24278140589101427 -0.21886105868551464 -0.0055886582722579426 0.2232479277644222 0.13910066387171199 0.093421909850628218 -0.1314286303011136 0.14852936193758612 0.032771802968952969 -0.050400807369762268 -0.11775279471428107
leaf_weight=22 28 14.999999999999998 17 263 22 47 20 22 18 15.999999999999998 44 66
leaf_count=22 28 15 17 263 22 47 20 22 18 16 44 66
internal_value=0.00512699 -0.00446542 -0.0111751 0.0108609 0.0301567 0.0163698 -0.0890492 -0.0242706 -0.0653796 -0.0470862 0.00741877 -0.0883171
internal_weight=600 572 557 396 332 310 64 42 161 144 62 82
internal_count=600 572 557 396 332 310 64 42 161 144 62 82
is_linear=0
shrinkage=0.05


Tree=82
num_leaves=20
num_cat=0
split_feature=87 52 18 123 0 76 117 96 103 117 89 4 51 78 4 121 79 39 57
split_gain=384.199 1056.36 403.967 252.614 344.783 444.728 367.696 431.896 334.551 275.889 248.466 206.084 262.309 205.183 139.512 242.597 119.801 108.194 90.2051
threshold=6.7150000000000007 4.6850000000000014 57.95000000000001 -0.0025000000000000157 2784.5000000000005 -11.741666666666662 -1.8983333333333325 52.150000000000013 54.350000000000009 -1.297499999999999 40.550000000000004 2.5000000000000004 43.050000000000004 0.75000000000000011 8.5000000000000018 -0.24583333333333354 2.5000000000000004 0.40083333333333343 43.150000000000013
decision_type=2 2 2 2 2 2 2 2 2 2 2 2 2 2 2 2 2 2 2
left_child=1 -1 17 11 5 -5 7 -7 -8 -6 16 13 -13 -2 15 -14 -11 -3 -16
right_child=3 2 -4 4 9 6 8 -9 -10 10 -12 12 14 -15 18 -17 -18 -19 -20
leaf_value=0.38282527294149044 -0.061290244158783515 0.0095732017518570696 0.20201304599365094 0.29105208565517027 -0.25303526829395978 0.38010932621576926 -0.026847316087226993 0.00096840981813456058 0.19651250407021709 0.15401142179250521 -0.1845979934373097 0.11646301990368049 -0.13936396649790025 -0.28326679415870132 -0.18679476872605472 0.058331955654721802 -0.016698718714813203 -0.15521992387899497 -0.066164399816464645
leaf_weight=24 27 15.999999999999998 15.999999999999998 18 15.999999999999998 15.000000000000002 137 14.999999999999998 19 14.999999999999998 17 27 22 17 20 52 32 26 70
leaf_count=24 27 16 16 18 16 15 137 15 19 15 17 27 22 17 20 52 32 26 70
internal_value=0.00407278 0.104585 -0.0109243 -0.0118151 0.0199014 0.0544093 0.0313374 0.191338 0.000433195 -0.0679894 -0.0213273 -0.0501583 -0.0276159 -0.147615 -0.0514232 -0.000483789 0.0378884 -0.0924492 -0.0932042
internal_weight=601 82 58 519 284 204 186 30 156 80 64 235 191 44 164 74 47 42 90
internal_count=601 82 58 519 284 204 186 30 156 80 64 235 191 44 164 74 47 42 90
is_linear=0
shrinkage=0.05


Tree=83
num_leaves=14
num_cat=0
split_feature=107 84 76 111 24 95 63 109 35 53 51 54 29
split_gain=392.326 577.073 318.23 569.277 363.073 265.749 251.491 191.315 180.501 157.551 196.353 149.054 101.632
threshold=58.500000000000007 -1.0000000180025095e-35 12.349999999999996 -1.1683333333333332 15.200000000000001 12.200000000000001 26.200000000000006 0.026666666666665954 5.900000000000003 42.500000000000007 64.950000000000017 55.45000000000001 53.500000000000007
decision_type=2 2 2 2 2 2 2 2 2 2 2 2 2
left_child=2 -2 3 -1 -5 -6 -7 9 -9 11 -11 -4 -12
right_child=1 -3 7 4 5 6 -8 8 -10 10 12 -13 -14
leaf_value=0.31132472420331114 -0.029185829492089161 0.40131631659356182 -0.090492793569450114 0.24877448160916768 0.17154858863749212 -0.1027037798470537 0.0075236351532883819 0.15761921205876037 -0.052306748150426935 0.098983851205884363 -0.17633668362285218 -0.26605315314367489 -0.02410128970895957
leaf_weight=15.999999999999998 16.000000000000004 14.999999999999998 29 14.999999999999998 21 62 310 15.999999999999998 28 17 22 21 22
leaf_count=16 16 15 29 15 21 62 310 16 28 17 22 21 22
internal_value=0.00657661 0.179581 -0.00270695 0.0196974 0.00817531 -0.00105609 -0.0108568 -0.0639991 0.0241009 -0.098957 -0.0447963 -0.164712 -0.10056
internal_weight=610 31 579 424 408 393 372 155 44 111 61 50 44
internal_count=610 31 579 424 408 393 372 155 44 111 61 50 44
is_linear=0
shrinkage=0.05


Tree=84
num_leaves=17
num_cat=0
split_feature=23 25 4 117 33 114 52 80 111 13 94 78 66 50 64 33
split_gain=367.723 885.797 478.594 349.586 267.424 422.162 504.716 440.987 404.234 303.17 188.794 351.995 149.577 147.72 245.092 141.589
threshold=64.450000000000017 34.850000000000009 3.5000000000000004 -3.6675 0.91833333333333356 3.5000000000000004 6.2250000000000005 -0.35583333333333295 -0.95333333333333348 6.3350000000000009 4.830000000000001 0.4675000000000003 16.650000000000002 21.250000000000004 26.450000000000006 -0.10333333333333393
decision_type=2 2 2 2 2 2 2 2 2 2 2 2 2 2 2 2
left_child=1 2 12 -2 5 6 7 -5 -6 -8 11 -7 -1 -10 -15 -12
right_child=3 -3 -4 4 8 10 9 -9 13 -11 15 -13 -14 14 -16 -17
leaf_value=0.014095910394769066 0.17360313761036428 0.43416313584546862 0.19102799440047658 0.35755092682530037 -0.31258662746559762 0.24579454458115119 0.065776125550548611 0.084741334578971636 -0.18156423558023094 -0.16129877403433474 -0.1397585213612644 -0.064601149090698792 -0.17900875929690085 0.14721903299030503 -0.056593253122282638 -0.03627808360725162
leaf_weight=19 24 15.999999999999998 25 20 15.999999999999998 14.999999999999998 32 57 18 27 46 23 21 17 107 118
leaf_count=19 24 16 25 20 16 15 32 57 18 27 46 23 21 17 107 118
internal_value=0.00308731 0.102121 0.0197688 -0.0123461 -0.0213869 0.00370489 0.0717907 0.156038 -0.0750642 -0.038152 -0.0421232 0.0581158 -0.0873529 -0.0480648 -0.0285148 -0.065401
internal_weight=601 81 65 520 496 338 136 77 158 59 202 38 40 142 124 164
internal_count=601 81 65 520 496 338 136 77 158 59 202 38 40 142 124 164
is_linear=0
shrinkage=0.05


Tree=85
num_leaves=14
num_cat=0
split_feature=104 31 95 78 114 76 52 6 120 50 78 111 95
split_gain=415.692 1104.69 446.049 282.822 299.589 412.78 444.267 299.005 258.017 205.161 174.847 148.899 89.129
threshold=53.45000000000001 -0.024999999999999908 52.850000000000001 -0.92499999999999993 3.5000000000000004 -2.6083333333333338 5.7150000000000007 1.0000000180025095e-35 3.5000000000000004 19.100000000000005 -2.4258333333333328 1.4366666666666668 30.950000000000003
decision_type=2 2 2 2 2 2 2 2 2 2 2 2 2
left_child=2 -2 3 8 5 6 -5 -7 10 -6 -1 -11 -10
right_child=1 -3 -4 4 9 7 -8 -9 12 11 -12 -13 -14
leaf_value=0.078168864899548871 -0.087824768450722762 0.46809095836574244 0.25293788854649529 0.31303081378897196 -0.19637047550972042 0.15057016919619848 -0.033082720933371036 -0.022795576309814644 -0.12322646370574608 -0.047022003845136245 -0.14465508839941973 0.087008656283993735 -0.27410162962846857
leaf_weight=21 20 15.999999999999998 14.999999999999998 24 21 29 14.999999999999998 171 20 200 14.999999999999998 23 20
leaf_count=21 20 16 15 24 21 29 15 171 20 200 15 23 20
internal_value=-0.00483975 0.159723 -0.0151955 -0.0224434 -0.00831475 0.0314545 0.180038 0.00238015 -0.11204 -0.0472864 -0.0146795 -0.033143 -0.199284
internal_weight=610 36 574 559 483 239 39 200 76 244 36 223 40
internal_count=610 36 574 559 483 239 39 200 76 244 36 223 40
is_linear=0
shrinkage=0.05


Tree=86
num_leaves=13
num_cat=0
split_feature=62 117 33 31 43 3 88 109 33 58 94 0
split_gain=315.382 298.373 291.276 405.894 635.741 355.145 301.098 251.774 288.987 168.372 150.66 92.1015
threshold=34.400000000000006 -3.6675 0.91833333333333356 -0.011666666666667156 -0.52499999999999936 2.5000000000000004 3.6600000000000006 0.023333333333333876 1.5516666666666674 4.3400000000000007 5.8350000000000009 2696.5000000000005
decision_type=2 2 2 2 2 2 2 2 2 2 2 2
left_child=-1 -2 3 9 -5 -6 -4 11 -9 -3 -11 -8
right_child=1 2 6 4 5 -7 7 8 -10 10 -12 -13
leaf_value=0.1998919669149527 0.17062976522317072 0.120873768092519 -0.27869895036942915 0.34819302569821242 0.13905366628725441 -0.028521182352770003 -0.13770886213915445 -0.031437378481125371 0.21390930399391223 -0.016596292005013363 -0.11716322423039982 -0.021964905645505364
leaf_weight=20 24 18 14.999999999999998 19 53 78 56 47 15.999999999999998 179 47 25
leaf_count=20 24 18 15 19 53 78 56 47 16 179 47 25
internal_value=0.00519489 -0.00157851 -0.00909083 0.0139527 0.0786591 0.0392925 -0.0661967 -0.0438483 0.0310339 -0.0258213 -0.0375753 -0.102118
internal_weight=597 577 553 394 150 131 159 144 63 244 226 81
internal_count=597 577 553 394 150 131 159 144 63 244 226 81
is_linear=0
shrinkage=0.05


Tree=87
num_leaves=11
num_cat=0
split_feature=62 35 67 43 37 76 90 100 51 119
split_gain=367.362 283.003 690.546 269.082 589.598 385.144 203.291 208.105 182.098 240.833
threshold=34.400000000000006 21.308333333333337 6.0500000000000016 -0.3941666666666665 -2.1583333333333345 -13.716666666666665 35.45000000000001 0.15500000000000003 34.250000000000007 1.3891666666666669
decision_type=2 2 2 2 2 2 2 2 2 2
left_child=-1 3 -3 4 -2 -5 -6 -8 -7 -10
right_child=1 2 -4 5 6 8 7 -9 9 -11
leaf_value=0.21800263240075238 0.33659431604865175 0.38818533953451961 -0.059327700934303333 -0.27068186257936938 -0.15926011931027798 0.1336353191766291 -0.06650754829530614 0.1047152545930442 -0.020918892991181395 -0.22440500535712338
leaf_weight=19 15.999999999999998 14.999999999999998 20 15.999999999999998 14.999999999999998 18 28 48 399 14.999999999999998
leaf_count=19 16 15 20 16 15 18 28 48 399 15
internal_value=0.00218161 -0.00479585 0.132881 -0.0135095 0.0576777 -0.0305321 0.00826689 0.041563 -0.0215655 -0.0283561
internal_weight=609 590 35 555 107 448 91 76 432 414
internal_count=609 590 35 555 107 448 91 76 432 414
is_linear=0
shrinkage=0.05


Tree=88
num_leaves=15
num_cat=0
split_feature=84 23 87 48 63 55 104 78 90 56 53 3 87 35
split_gain=350.935 596.972 449.566 346.695 227.975 227.912 171.327 152.29 219.977 135.736 130.673 112.265 107.603 106.259
threshold=-0.0066666666666666949 51.300000000000004 6.6550000000000011 6.9250000000000007 21.950000000000003 4.5950000000000006 13.750000000000002 1.6341666666666677 54.400000000000006 42.45000000000001 36.300000000000004 3.5000000000000004 6.8350000000000009 0.47499999999999437
decision_type=2 2 2 2 2 2 2 2 2 2 2 2 2 2
left_child=6 -2 -3 4 -4 -6 10 9 -9 11 -1 12 -8 -13
right_child=1 2 3 -5 5 -7 7 8 -10 -11 -12 13 -14 -15
leaf_value=-0.26874617638177434 0.27390006169744208 0.26375997696326386 -0.15317239255429954 0.19432571521445888 -0.11481994038080648 0.012673786320637152 0.056280716426689609 0.1425511040179378 -0.071217920102211299 -0.17075640737886746 -0.072898565336542931 -0.20341053668016232 -0.06028282891522322 -0.053273993360081033
leaf_weight=14.999999999999998 22 15.999999999999998 29 20 41 238 39 25 23 24 20 15.999999999999998 40 45
leaf_count=15 22 16 29 20 41 238 39 25 23 24 20 16 40 45
internal_value=-0.00907373 0.0219937 0.00579394 -0.00685108 -0.0199896 -0.00607836 -0.0551193 -0.0381267 0.0400811 -0.0610577 -0.157502 -0.042108 -0.00267719 -0.0930044
internal_weight=613 366 344 328 308 279 247 212 48 164 35 140 79 61
internal_count=613 366 344 328 308 279 247 212 48 164 35 140 79 61
is_linear=0
shrinkage=0.05


Tree=89
num_leaves=16
num_cat=0
split_feature=95 104 62 110 4 25 75 4 88 43 65 39 70 33 70
split_gain=459.687 333.642 918.627 280.771 235.007 365.436 393.193 334.353 234.034 259.038 157.184 150.435 134.831 94.4535 92.569
threshold=52.45000000000001 53.45000000000001 76.600000000000009 4.5000000000000009 9.5000000000000018 52.500000000000007 4.5000000000000009 3.5000000000000004 4.7250000000000005 -0.41916666666666641 23.650000000000002 0.23333333333333298 0.038333333333333559 0.37750000000000045 0.0066666666666659333
decision_type=2 2 2 2 2 2 2 2 2 2 2 2 2 2 2
left_child=1 3 -3 4 5 7 -7 -1 -6 -10 11 -5 14 -13 -12
right_child=-2 2 -4 10 8 6 -8 -9 9 -11 12 13 -14 -15 -16
leaf_value=-0.09030017776013112 0.24505365302688198 0.41347902715206147 -0.074336333010206576 -0.26400958343326114 -0.19128623660725197 0.30439654645337244 -0.020649991702774297 0.045435185804906714 0.13282486763586934 -0.062192014314733229 -0.039364899384866175 -0.17401561789749734 0.070121205253387553 -0.015975644324549395 -0.14849906718603656
leaf_weight=69 17 15.999999999999998 24 19 26 22 15.999999999999998 132 21 88 64 18 20 20 28
leaf_count=69 17 16 24 19 26 22 16 132 21 88 64 18 20 20 28
internal_value=-0.0104504 -0.0179501 0.12121 -0.0282309 -0.00404207 0.0257296 0.167709 -0.00115741 -0.056766 -0.0244868 -0.0816975 -0.149271 -0.0471604 -0.0912282 -0.0727591
internal_weight=600 583 40 543 374 239 38 201 135 109 169 57 112 38 92
internal_count=600 583 40 543 374 239 38 201 135 109 169 57 112 38 92
is_linear=0
shrinkage=0.05


Tree=90
num_leaves=13
num_cat=0
split_feature=113 45 121 62 43 95 64 35 76 16 66 87
split_gain=377.977 349.629 1021.66 1235.43 208.874 494.25 196.867 188.105 210.664 169.747 102.195 83.5188
threshold=-17.091666666666665 0.011666666666666674 0.093333333333333726 84.100000000000009 -0.41916666666666641 40.95000000000001 31.000000000000004 21.691666666666674 -13.266666666666664 3.5900000000000003 26.050000000000004 6.785000000000001
decision_type=2 2 2 2 2 2 2 2 2 2 2 2
left_child=-1 4 10 -4 5 6 -2 8 -6 -10 -3 -8
right_child=1 2 3 -5 7 -7 11 -9 9 -11 -12 -13
leaf_value=0.21304513542213252 0.14877576217147873 -0.0052682096049899143 0.61503421166298544 -0.015217500688224439 -0.21252909490416722 0.30795249030092697 -0.13793699577533078 0.0927434156452559 0.096613469692916343 -0.046262200571300399 -0.16977303811111805 -0.0083192950992512886
leaf_weight=20 15.999999999999998 23 16.000000000000004 14.999999999999998 18 14.999999999999998 18 26 22 347 15.999999999999998 40
leaf_count=20 16 23 16 15 18 15 18 26 22 347 16 40
internal_value=-5.75652e-05 -0.00755339 0.097036 0.310845 -0.0221639 0.0472515 -0.00587009 -0.0371426 -0.0459035 -0.0377065 -0.0731468 -0.0487997
internal_weight=592 572 70 31 502 89 74 413 387 369 39 58
internal_count=592 572 70 31 502 89 74 413 387 369 39 58
is_linear=0
shrinkage=0.05


Tree=91
num_leaves=17
num_cat=0
split_feature=35 43 117 90 29 101 76 4 11 4 72 123 15 122 72 10
split_gain=377.68 246.248 775.07 363.203 317.946 333.822 505.888 258.731 471.35 236.653 219.07 176.342 157.164 123.485 114.297 100.289
threshold=-12.766666666666664 -0.047500000000000313 -2.8466666666666662 41.600000000000009 57.500000000000007 78.700000000000003 4.9416666666666673 9.5000000000000018 51.150000000000013 2.5000000000000004 -0.1291666666666664 0.01666666666666668 73.550000000000011 2.5000000000000004 -0.57666666666666655 5.7750000000000012
decision_type=2 2 2 2 2 2 2 2 2 2 2 2 2 2 2 2
left_child=-1 2 -2 10 5 6 -4 8 9 -5 -3 13 -7 -12 -9 -16
right_child=1 3 4 7 -6 12 -8 14 -10 -11 11 -13 -14 -15 15 -17
leaf_value=0.22912192769915041 0.352724121746264 -0.30603061426949035 0.18411134357079734 -0.1419959977075651 -0.19140748057846002 -0.01823777537612082 -0.014494402103238166 -0.19381227041317139 0.28996131585806795 0.034904197624935546 -0.14256836452231503 -0.21616767672968162 -0.17970985086800539 0.039726196702461518 0.072736446775298641 -0.066894329544892342
leaf_weight=17 17 14.999999999999998 57 23 19 72 73 14.999999999999998 15.999999999999998 104 14.999999999999998 19 19 24 14.999999999999998 86
leaf_count=17 17 15 57 23 19 72 73 15 16 104 15 19 19 24 15 86
internal_value=-0.0025108 -0.00924254 0.0274855 -0.0376883 0.0042896 0.0212158 0.0726227 -0.00988441 0.0350929 0.0027413 -0.136118 -0.0916383 -0.0521669 -0.0304445 -0.0653561 -0.0460562
internal_weight=606 589 257 332 240 221 130 259 143 127 73 58 91 39 116 101
internal_count=606 589 257 332 240 221 130 259 143 127 73 58 91 39 116 101
is_linear=0
shrinkage=0.05


Tree=92
num_leaves=10
num_cat=0
split_feature=107 26 31 99 98 117 108 92 90
split_gain=368.111 292.861 256.532 181.381 211.844 210.369 191.144 91.4542 92.0497
threshold=58.500000000000007 6.8500000000000005 0.066666666666666888 34.100000000000001 24.350000000000005 0.10250000000000049 2.5000000000000004 32.100000000000009 62.050000000000004
decision_type=2 2 2 2 2 2 2 2 2
left_child=1 -1 3 7 5 -5 -6 -3 -9
right_child=-2 2 -4 4 6 -7 -8 8 -10
leaf_value=0.20702183905816238 0.17208131163595469 -0.21193035435602534 0.18711225296685241 0.24725044847324198 -0.071676299734892562 -0.0088760674394645356 -0.00077435273320639909 0.014324537085162271 -0.15499536432079133
leaf_weight=14.999999999999998 29 15.999999999999998 14.999999999999998 14.999999999999998 134 17 327 17 14.999999999999998
leaf_count=15 29 16 15 15 134 17 327 17 15
internal_value=-0.00137802 -0.010225 -0.0161312 -0.0218092 -0.0127528 0.111424 -0.0214055 -0.114502 -0.065124
internal_weight=600 571 556 541 493 32 461 48 32
internal_count=600 571 556 541 493 32 461 48 32
is_linear=0
shrinkage=0.05


Tree=93
num_leaves=21
num_cat=0
split_feature=3 87 80 18 123 4 59 55 59 30 17 49 64 121 14 98 31 24 99 80
split_gain=284.39 429.868 1474.75 427.312 310.924 326.815 304.76 234.187 226.721 293.702 217.805 191.833 167.421 126.326 110.096 104.266 91.2471 89.6559 73.8279 66.9262
threshold=4.5000000000000009 6.7150000000000007 -0.18249999999999963 57.750000000000007 -0.028333333333333332 9.5000000000000018 30.950000000000003 5.035000000000001 27.350000000000005 1.5000000000000002 38.650000000000013 4.955000000000001 36.600000000000001 -0.39916666666666595 46.750000000000007 33.150000000000013 -0.023333333333333869 27.900000000000002 55.650000000000013 -0.054999999999999265
decision_type=2 2 2 2 2 2 2 2 2 2 2 2 2 2 2 2 2 2 2 2
left_child=1 2 -1 4 -3 6 -6 -7 9 -2 13 -5 -12 -10 19 -14 -4 -15 -19 -13
right_child=8 3 16 11 5 7 -8 -9 10 -11 12 14 15 17 -16 -17 -18 18 -20 -21
leaf_value=0.52527431022396409 -0.083089045449102061 -0.17697080357104356 -0.12876534884339139 -0.22806606221554887 -0.0016449889960007905 0.090827338202534427 0.1392381273835871 -0.071855504386409946 -0.0035102170513870799 0.15678994230018772 -0.12844220892285671 -0.17723657984911284 0.16329058169948388 -0.2525216170918872 0.042672322722266634 -0.016588349131323534 0.039809900923082009 -0.079283604659433446 -0.19671175920567807 -0.042418147781990233
leaf_weight=18 24 15.999999999999998 14.999999999999998 20 58 32 113 71 18 27 14.999999999999998 15.999999999999998 15.999999999999998 17 21 15.999999999999998 17 38 21 22
leaf_count=18 24 16 15 20 58 32 113 71 18 27 15 16 16 17 21 16 17 38 21 22
internal_value=0.00401708 0.0271148 0.164548 0.00843936 0.036538 0.0490839 0.091451 -0.0212257 -0.0463508 0.0438662 -0.0790259 -0.0945599 0.00875645 -0.122933 -0.0489097 0.0734239 -0.039209 -0.15111 -0.121427 -0.0996312
internal_weight=611 419 50 369 290 274 171 103 192 51 141 79 47 94 59 32 32 76 59 38
internal_count=611 419 50 369 290 274 171 103 192 51 141 79 47 94 59 32 32 76 59 38
is_linear=0
shrinkage=0.05


Tree=94
num_leaves=10
num_cat=0
split_feature=29 109 109 4 57 27 14 74 97
split_gain=280.878 263.773 366.052 193.702 348.825 385.709 232.784 151.283 141.326
threshold=59.500000000000007 -0.076666666666665759 -0.06250000000000043 9.5000000000000018 60.650000000000013 21.550000000000001 48.70000000000001 -11.758333333333333 5.9050000000000011
decision_type=2 2 2 2 2 2 2 2 2
left_child=1 -1 -3 4 6 -6 -4 -5 -9
right_child=-2 2 3 7 5 -7 -8 8 -10
leaf_value=-0.18213226611341413 -0.22243704393210006 0.2300081716469157 -0.02280527310816079 -0.19618441389491226 0.2673647047298861 -0.014170073734689082 0.089766607081613881 -0.014504975393633768 -0.14202590395373654
leaf_weight=20 14.999999999999998 17 253 14.999999999999998 27 22 56 163 25
leaf_count=20 15 17 253 15 27 22 56 163 25
internal_value=-0.00945718 -0.00407022 0.00211289 -0.00482388 0.0172894 0.141088 -0.00236528 -0.0438355 -0.0315556
internal_weight=613 598 578 561 358 49 309 203 188
internal_count=613 598 578 561 358 49 309 203 188
is_linear=0
shrinkage=0.05


Tree=95
num_leaves=15
num_cat=0
split_feature=27 0 76 38 119 104 9 82 72 94 24 66 117 107
split_gain=239.691 201.874 493.823 276.415 364.28 384.364 276.616 189.178 282.15 179.207 156.337 243.695 263.484 127.9
threshold=51.000000000000007 2722.0000000000005 -11.741666666666662 4.5000000000000009 -0.2025000000000001 23.200000000000006 6.8550000000000013 -1.0000000180025095e-35 -0.15916666666666576 5.8350000000000009 20.500000000000004 8.9000000000000004 -1.8374999999999997 52.500000000000007
decision_type=2 2 2 2 2 2 2 2 2 2 2 2 2 2
left_child=1 2 -1 4 5 -4 -6 8 -5 -9 -3 -12 -13 -14
right_child=-2 10 3 7 6 -7 -8 9 -10 -11 11 12 13 -15
leaf_value=0.22124850817338718 0.19331924773209933 -0.20704689017984254 0.32664233990676744 0.16308963857085457 -0.035417172074418149 0.053626801091202186 0.16978541007216688 -0.061116448905695321 -0.044493923217121645 -0.23418545408472832 0.098143780043149345 -0.24961556527349682 -0.12111875738435128 -0.0062211858600324894
leaf_weight=26 14.999999999999998 14.999999999999998 19 22 117 40 19 88 63 18 27 17 34 84
leaf_count=26 15 15 19 22 117 40 19 88 63 18 27 17 34 84
internal_value=-0.00337085 -0.00842039 0.0107572 -0.00346166 0.0383898 0.142036 -0.00660874 -0.0462135 0.00930334 -0.0907457 -0.0530688 -0.0386618 -0.0661123 -0.0394441
internal_weight=604 589 412 386 195 59 136 191 85 106 177 162 135 118
internal_count=604 589 412 386 195 59 136 191 85 106 177 162 135 118
is_linear=0
shrinkage=0.05


Tree=96
num_leaves=19
num_cat=0
split_feature=3 115 59 70 74 59 106 6 41 67 66 1 64 57 94 35 4 27
split_gain=276.816 439.697 342.677 306.248 499.904 260.252 259.839 217.464 214.049 194.268 208.568 136.215 102.732 97.737 90.0701 105.714 79.1368 63.2823
threshold=4.5000000000000009 -19.558333333333326 27.350000000000005 0.062499999999999563 1.1000000000000016 26.050000000000001 27.250000000000004 2.5000000000000004 0.097500000000000156 6.2500000000000009 15.750000000000002 2.5000000000000004 36.900000000000006 38.350000000000001 5.0550000000000006 1.6916666666666631 9.5000000000000018 21.250000000000004
decision_type=2 2 2 2 2 2 2 2 2 2 2 2 2 2 2 2 2 2
left_child=1 -1 9 5 -5 16 7 -7 13 -2 -11 12 -10 -4 -15 -16 17 -3
right_child=2 3 8 4 -6 6 -8 -9 11 10 -12 -13 -14 14 15 -17 -18 -19
leaf_value=0.26862494889755695 -0.060368844315904002 -0.11618944181511731 -0.25758313077273753 0.3668382204131575 -0.028083782952431347 -0.046202875152657412 0.20464782516379457 0.042750133289691759 -0.179518593147101 0.27014891317743345 0.014380737903871036 0.073570785065533204 -0.00985036859819792 -0.026142331687223852 -0.26326895300915704 -0.10458239374522359 -0.15797763968405037 0.026191165287088116
leaf_weight=17 21 15.000000000000002 14.999999999999998 14.999999999999998 17 122 17 157 14.999999999999998 14.999999999999998 17 24 22 20 14.999999999999998 36 29 15.999999999999998
leaf_count=17 21 15 15 15 17 122 17 157 15 15 17 24 22 20 15 36 29 16
internal_value=-0.00327716 0.0204807 -0.051398 0.0095291 0.157446 -0.00379326 0.015448 0.00383259 -0.0906942 0.0574647 0.134896 -0.0189095 -0.079068 -0.141472 -0.116544 -0.151777 -0.0986678 -0.042694
internal_weight=605 405 200 388 32 356 296 279 147 53 32 61 37 86 71 51 60 31
internal_count=605 405 200 388 32 356 296 279 147 53 32 61 37 86 71 51 60 31
is_linear=0
shrinkage=0.05


Tree=97
num_leaves=19
num_cat=0
split_feature=71 63 12 27 116 68 63 6 61 100 88 12 13 68 29 90 109 9
split_gain=296.28 728.584 1183.7 333.769 614.21 273.244 353.178 202.948 431.998 233.917 206.859 197.904 147.147 109.373 107.518 103.066 76.8539 53.3918
threshold=2.5000000000000004 36.900000000000006 61.250000000000007 34.750000000000007 1.5000000000000002 51.500000000000007 26.200000000000006 1.0000000180025095e-35 0.17500000000000002 0.16500000000000004 3.7650000000000001 54.600000000000009 1.0000000180025095e-35 53.500000000000007 52.500000000000007 57.20000000000001 0.016666666666666167 6.7950000000000008
decision_type=2 2 2 2 2 2 2 2 2 2 2 2 2 2 2 2 2 2
left_child=1 5 -3 7 -5 -1 16 8 9 -2 11 -9 -12 17 -14 -15 -7 -6
right_child=3 2 -4 4 13 6 -8 10 -10 -11 12 -13 14 15 -16 -17 -18 -19
leaf_value=0.13089327775868609 -0.16073171835763292 0.52906459258254912 0.021864881171905708 0.33250506023017085 -0.00015401532919845769 -0.11188770947077414 0.06317399713448632 -0.05249763091213136 0.28097507809566347 0.071425304457960845 0.09363073189719695 -0.29454590785577434 -0.087519047992593232 0.16697178127749868 -0.022677540088526914 -0.012211688085083376 -0.27124005008188096 -0.12273611681801931
leaf_weight=20 19 19 29 18 20 15.000000000000002 23 18 14.999999999999998 25 20 15.999999999999998 101 14.999999999999998 175 17 15.999999999999998 15.999999999999998
leaf_count=20 19 19 29 18 20 15 23 18 15 25 20 16 101 15 175 17 16 16
internal_value=0.00243334 0.07191 0.223418 -0.015412 0.0736545 -0.0264669 -0.084975 -0.0351296 0.0501781 -0.0288481 -0.0504072 -0.167079 -0.036937 0.00467411 -0.046447 0.0718833 -0.194903 -0.0549625
internal_weight=597 122 48 475 86 74 54 389 59 44 330 34 296 68 276 32 31 36
internal_count=597 122 48 475 86 74 54 389 59 44 330 34 296 68 276 32 31 36
is_linear=0
shrinkage=0.05


Tree=98
num_leaves=18
num_cat=0
split_feature=3 113 104 70 108 39 75 82 44 119 120 31 49 63 45 39 82
split_gain=294.779 452.921 492.14 399.123 223.234 318.1 223.893 205.815 131.818 168.676 136.174 125.048 112.607 156.543 77.3126 71.1158 59.2168
threshold=4.5000000000000009 -16.816666666666666 53.45000000000001 0.062499999999999563 3.5000000000000004 0.49083333333333351 2.5000000000000004 1.0000000180025095e-35 2.5000000000000004 -0.30083333333333279 2.5000000000000004 -0.0050000000000003366 5.2950000000000008 43.100000000000001 -0.011666666666666671 1.0475000000000001 -0.25249999999999945
decision_type=2 2 2 2 2 2 2 2 2 2 2 2 2 2 2 2 2
left_child=1 -1 3 4 6 -6 -3 8 9 -2 -10 12 15 -14 16 -9 -11
right_child=7 2 -4 -5 5 -7 -8 11 10 14 -12 -13 13 -15 -16 -17 -18
leaf_value=0.28382837131897115 0.080419301558594669 -0.21576190671665751 0.22294164527764268 0.19484178739217306 0.10727702370145949 -0.028397201135230966 -0.03674972321973255 -0.20103977991570354 0.18518440798418412 0.012638612472747238 0 -0.20863246982011152 0.11309755586630461 -0.097746789511911111 -0.19262910867294927 -0.057108108560491047 -0.1250835101336043
leaf_weight=15.999999999999998 18 20 26 24 68 118 135 19 14.999999999999998 15.999999999999998 29 22 14.999999999999998 21 14.999999999999998 15.999999999999998 15.000000000000002
leaf_count=16 18 20 26 24 68 118 135 19 15 16 29 22 15 21 15 16 15
internal_value=-0.000545854 0.0239112 0.0131926 -0.00179173 -0.0156988 0.0212083 -0.0600045 -0.0500805 -0.00306592 -0.0488828 0.0634232 -0.104562 -0.071997 -0.00968654 -0.0996525 -0.135735 -0.0540283
internal_weight=608 407 391 365 341 186 155 201 108 64 44 93 71 36 46 35 31
internal_count=608 407 391 365 341 186 155 201 108 64 44 93 71 36 46 35 31
is_linear=0
shrinkage=0.05


Tree=99
num_leaves=10
num_cat=0
split_feature=95 107 88 109 99 6 73 76 63
split_gain=286.363 266.615 402.799 167.859 151.311 201.607 411.659 356.477 71.0184
threshold=52.850000000000001 58.500000000000007 4.9400000000000004 -0.076666666666665759 34.100000000000001 2.5000000000000004 3.5000000000000004 -0.42500000000000421 44.600000000000001
decision_type=2 2 2 2 2 2 2 2 2
left_child=1 3 -3 -1 8 7 -7 -6 -5
right_child=-2 2 -4 4 5 6 -8 -9 -10
leaf_value=-0.14852144883026905 0.21482559039892746 -0.043658831340587685 0.32164823993399055 -0.15451717196163794 -0.1283172241117381 0.11029536167955241 -0.015919002591810099 0.0094601988169289788 -0.026559373543630194
leaf_weight=22 14.999999999999998 15.000000000000002 14.999999999999998 24 71 98 189 138 20
leaf_count=22 15 15 15 24 71 98 189 138 20
internal_value=-0.000182399 -0.00567404 0.13929 -0.0134447 -0.00790579 -4.45391e-06 0.0271846 -0.0373596 -0.09666
internal_weight=607 592 30 562 540 496 287 209 44
internal_count=607 592 30 562 540 496 287 209 44
is_linear=0
shrinkage=0.05


Tree=100
num_leaves=12
num_cat=0
split_feature=74 107 81 84 24 37 117 65 35 98 9
split_gain=277.303 229.344 403.261 395.112 188.681 221.251 245.063 226.006 220.494 138.137 74.5697
threshold=-13.241666666666665 50.500000000000007 4.5000000000000009 -0.0066666666666666671 14.250000000000002 -4.5666666666666638 -2.8466666666666662 31.900000000000002 -4.4083333333333306 31.450000000000003 6.8050000000000006
decision_type=2 2 2 2 2 2 2 2 2 2 2
left_child=-1 2 9 -4 -3 7 -7 -6 -8 10 -2
right_child=1 4 3 -5 5 6 8 -9 -10 -11 -12
leaf_value=0.17588938584317379 0.00063072275601743898 0.16020965643276441 0.039727756462448471 0.40273777082661133 -0.22465019734257249 0.1379429218953826 0.16982513209003092 -0.01198292151390319 -0.024991730547243327 0.099443505877289326 -0.15396739816823543
leaf_weight=23 16.000000000000004 14.999999999999998 15.000000000000002 14.999999999999998 25 27 14.999999999999998 25 378 18 14.999999999999998
leaf_count=23 16 15 15 15 25 27 15 25 378 18 15
internal_value=0.00609328 -0.000852122 0.0780835 0.222134 -0.0137334 -0.0193283 -0.0074667 -0.118653 -0.0175019 -0.0102816 -0.0742686
internal_weight=587 564 79 30 485 470 420 50 393 49 31
internal_count=587 564 79 30 485 470 420 50 393 49 31
is_linear=0
shrinkage=0.05


Tree=101
num_leaves=21
num_cat=0
split_feature=64 96 56 62 74 78 0 78 71 95 53 66 22 53 121 34 65 65 31 12
split_gain=223.412 675.334 256.392 275.804 266.772 177.36 450.504 170.97 154.322 169.584 228.317 155.689 119.772 141.9 115.964 107.664 105.072 76.4442 41.6832 38.8045
threshold=28.850000000000005 58.550000000000004 36.45000000000001 55.550000000000004 -3.6916666666666713 -0.15750000000000017 1058.5000000000002 -0.54083333333333317 2.5000000000000004 25.700000000000006 45.100000000000009 15.150000000000002 0.14500000000000005 42.150000000000013 0.04166666666666697 5.5000000000000009 29.050000000000004 43.900000000000006 -0.030000000000000689 64.350000000000009
decision_type=2 2 2 2 2 2 2 2 2 2 2 2 2 2 2 2 2 2 2 2
left_child=1 2 4 -4 -1 6 -2 16 11 10 -10 -7 17 -14 -6 -9 18 -11 -8 -18
right_child=5 -3 3 -5 14 8 7 15 9 12 -12 -13 13 -15 -16 -17 19 -19 -20 -21
leaf_value=-0.19006480126979342 0.20604135783779662 0.27325844209495392 0.24203109394820685 -0.034000927185156064 -0.045933158802920156 -0.2491089998565105 -0.070852843966236354 0.17241308811484582 0.15799654194349733 -0.058053772817182936 -0.064354374693400815 -0.041849723557160358 -0.065437953547275593 0.015306693896470019 0.12693506270054952 -0.016339853386215818 0.052110966114523975 -0.18052935097454847 -0.18817839873781114 -0.059458993676285078
leaf_weight=25 29 28 18 18 27 15.999999999999998 15.000000000000002 15 27 33 20 21 103 115 14.999999999999998 15 16.000000000000004 21 15.999999999999998 14.999999999999998
leaf_count=25 29 28 18 18 27 16 15 15 27 33 20 21 103 115 15 15 16 21 16 15
internal_value=-0.00181183 0.0559894 -0.00323327 0.104165 -0.0610834 -0.0177049 0.0345509 -0.0196166 -0.0354847 -0.024232 0.0633372 -0.13204 -0.0393995 -0.0228329 0.0158416 0.0781298 -0.0670434 -0.106021 -0.131979 -0.00173133
internal_weight=608 131 103 36 67 477 121 92 356 319 47 37 272 218 42 30 62 54 31 31
internal_count=608 131 103 36 67 477 121 92 356 319 47 37 272 218 42 30 62 54 31 31
is_linear=0
shrinkage=0.05


Tree=102
num_leaves=12
num_cat=0
split_feature=107 63 24 37 70 3 95 0 95 50 49
split_gain=281.99 468.903 175.134 248.057 161.041 197.618 297.512 246.296 167.79 126.63 123.839
threshold=58.500000000000007 36.600000000000001 14.250000000000002 -12.441666666666668 -0.019166666666666107 3.5000000000000004 25.100000000000005 432.50000000000006 31.550000000000004 38.400000000000006 5.8050000000000006
decision_type=2 2 2 2 2 2 2 2 2 2 2
left_child=2 -2 -1 -4 8 6 -6 -7 9 -5 -10
right_child=1 -3 3 4 5 7 -8 -9 10 -11 -12
leaf_value=0.14528532308109557 -0.048039110986799582 0.34612208000871525 -0.19480464412362539 0.096017638422369544 0.19701425735278638 -0.17627251343680669 0.021649119637953088 -0.0010052952837054467 -0.13052389487660751 -0.042471033989835594 -0.024789642764587106
leaf_weight=18 15.000000000000002 14.999999999999998 18 29 29 23 144 152 61 38 51
leaf_count=18 15 15 18 29 29 23 144 152 61 38 51
internal_value=0.000256132 0.149371 -0.00770581 -0.0127936 -0.00653167 0.0132805 0.0511713 -0.0241565 -0.0450631 0.0174511 -0.0824867
internal_weight=593 30 563 545 527 348 173 175 179 67 112
internal_count=593 30 563 545 527 348 173 175 179 67 112
is_linear=0
shrinkage=0.05


Tree=103
num_leaves=7
num_cat=0
split_feature=62 37 76 76 29 97
split_gain=252.939 215.194 219.837 238.163 246.09 205.659
threshold=37.150000000000006 27.300000000000008 -13.016666666666664 -10.074999999999998 58.500000000000007 5.9050000000000011
decision_type=2 2 2 2 2 2
left_child=-1 2 -2 -4 5 -5
right_child=1 -3 3 4 -6 -7
leaf_value=0.16254743328865839 -0.15957466021951927 0.17045839850946984 0.18121929661550137 0.0043178186808768811 -0.1901919318119269 -0.094188826286951452
leaf_weight=22 25 15.999999999999998 15.999999999999998 447 19 60
leaf_count=22 25 16 16 447 19 60
internal_value=-0.003477 -0.00977745 -0.0149014 -0.0081909 -0.0139953 -0.00734619
internal_weight=605 583 567 542 526 507
internal_count=605 583 567 542 526 507
is_linear=0
shrinkage=0.05


Tree=104
num_leaves=14
num_cat=0
split_feature=105 104 4 4 101 109 82 88 104 92 28 19 80
split_gain=257.372 306.051 281.649 330.701 480.123 325.25 180.264 175.268 174.128 121.09 79.3884 57.5739 56.0238
threshold=35.100000000000009 53.45000000000001 2.5000000000000004 9.5000000000000018 41.900000000000013 0.018333333333333094 -0.32083333333333325 4.7250000000000005 20.400000000000002 15.200000000000001 12.750000000000002 5.4350000000000014 -0.024166666666666888
decision_type=2 2 2 2 2 2 2 2 2 2 2 2 2
left_child=1 2 6 4 -4 -6 -1 -5 -9 -8 -11 12 -2
right_child=11 -3 3 7 5 -7 9 8 -10 10 -12 -13 -14
leaf_value=0.059318672211130678 -0.21799238843238911 0.17033851363056496 0.24949954023511808 -0.14586379296079124 -0.017816288117642017 0.10572510326941992 -0.22147800160284659 0.14352704629024363 -0.029950696662236154 -0.026301009397223064 -0.15844393738066953 -0.036719373133794177 -0.085889723824944281
leaf_weight=18 14.999999999999998 28 28 29 137 87 20 15.999999999999998 142 31 18 19 18
leaf_count=18 15 28 28 29 137 87 20 16 142 31 18 19 18
internal_value=-0.000417122 0.00956472 0.000966164 0.0172674 0.0546489 0.0301698 -0.0811577 -0.0330831 -0.012272 -0.117909 -0.075169 -0.106672 -0.146565
internal_weight=606 554 526 439 252 224 87 187 158 69 49 52 33
internal_count=606 554 526 439 252 224 87 187 158 69 49 52 33
is_linear=0
shrinkage=0.05


Tree=105
num_leaves=8
num_cat=0
split_feature=113 35 106 106 16 20 55
split_gain=263.304 256.431 228.35 183.229 154.853 156.453 145.084
threshold=-17.091666666666665 -12.991666666666665 27.250000000000004 25.400000000000002 5.8550000000000013 39.70000000000001 4.6150000000000011
decision_type=2 2 2 2 2 2 2
left_child=-1 -2 3 4 5 -3 -6
right_child=1 2 -4 -5 6 -7 -8
leaf_value=0.18495325227682505 0.19300474150580649 0.01541226050842737 0.13220764909943092 -0.1826932880819214 0.066297926470550175 -0.068438271971901332 -0.093256819353917178
leaf_weight=19 15.999999999999998 351 27 15.999999999999998 17 66 85
leaf_count=19 16 351 27 16 17 66 85
internal_value=0.00229687 -0.00372971 -0.00937292 -0.0165508 -0.0113851 0.00211574 -0.0665765
internal_weight=597 578 562 535 519 417 102
internal_count=597 578 562 535 519 417 102
is_linear=0
shrinkage=0.05


Tree=106
num_leaves=8
num_cat=0
split_feature=95 29 109 109 93 31 9
split_gain=291.334 228.148 235.596 250.232 236.803 207.22 106.649
threshold=52.45000000000001 59.500000000000007 -0.076666666666665759 -0.06250000000000043 62.350000000000009 -0.03666666666666573 6.7950000000000008
decision_type=2 2 2 2 2 2 2
left_child=1 2 -1 -4 5 -5 -6
right_child=-2 -3 3 4 6 -7 -8
leaf_value=-0.16573328393608777 0.21297783037150128 -0.19444525703689119 0.20275916212834189 -0.016100643252868609 -0.018536190337182075 0.057086823561497219 -0.1057493038955542
leaf_weight=20 15.999999999999998 14.999999999999998 15.999999999999998 179 97 210 55
leaf_count=20 16 15 16 179 97 210 55
internal_value=0.00311572 -0.0025828 0.00242913 0.00850492 0.00271422 0.023401 -0.0501752
internal_weight=608 592 577 557 541 389 152
internal_count=608 592 577 557 541 389 152
is_linear=0
shrinkage=0.05


Tree=107
num_leaves=15
num_cat=0
split_feature=35 117 33 15 104 39 76 88 57 121 41 43 39 27
split_gain=291.706 201.195 226.389 244.733 373.579 379.341 238.864 238.327 183.596 135.689 106.811 155.614 108.17 96.5581
threshold=-12.991666666666665 -3.6675 0.91833333333333356 44.250000000000007 21.550000000000001 0.90499999999999992 -0.95833333333332849 3.7650000000000001 56.250000000000007 0.15166666666666687 0.15833333333333413 -0.040833333333333492 0.49083333333333351 14.550000000000002
decision_type=2 2 2 2 2 2 2 2 2 2 2 2 2 2
left_child=-1 -2 3 6 5 -5 13 -4 -6 -8 12 -12 -9 -3
right_child=1 2 7 4 8 -7 9 10 -10 -11 11 -13 -14 -15
leaf_value=0.22153259713128706 0.14048888072433316 -0.22941585538899087 -0.22178277519985021 0.31767295056878175 0.037658075060626711 0.044276283536589023 -0.047007989099151215 0.10144344689834178 -0.067499388698589888 0.082312916660234561 0.019788151442722123 -0.15111041117738158 -0.029333201302127482 -0.06699174797337358
leaf_weight=14.999999999999998 24 19 19 22 168 30 55 20 55 32 21 36 74 18
leaf_count=15 24 19 19 22 168 30 55 20 55 32 21 36 74 18
internal_value=0.00451381 -0.0010037 -0.00700418 0.0135733 0.0398742 0.160428 -0.0447002 -0.0553097 0.0116813 0.000540809 -0.0341968 -0.0881358 -0.00137701 -0.150927
internal_weight=608 593 569 399 275 52 124 170 223 87 151 57 94 37
internal_count=608 593 569 399 275 52 124 170 223 87 151 57 94 37
is_linear=0
shrinkage=0.05


Tree=108
num_leaves=11
num_cat=0
split_feature=90 35 70 56 64 64 10 1 99 40
split_gain=296.683 210.431 148.824 342.504 274.949 196.985 162.147 301.283 97.9891 94.9621
threshold=19.500000000000004 -12.991666666666665 0.038333333333333559 26.850000000000005 26.450000000000006 19.100000000000005 6.5950000000000006 3.5000000000000004 55.750000000000007 1.5000000000000002
decision_type=2 2 2 2 2 2 2 2 2 2
left_child=-1 -2 5 -4 -5 -3 9 -8 -6 -7
right_child=1 2 3 4 8 6 7 -9 -10 -11
leaf_value=0.21840325348720646 0.1723613106686136 -0.15383776988270539 0.24039892597504742 0.15622736522380043 -0.013620656811375715 0.023685952233027475 -0.00016366222340695547 0.24377886051346798 -0.15432570169431081 -0.040412176119237024
leaf_weight=14.999999999999998 15.999999999999998 27 18 22 54 71 59 15.999999999999998 15.999999999999998 307
leaf_count=15 16 27 18 22 54 71 59 16 16 307
internal_value=-0.000507349 -0.00596932 -0.0108423 0.0415742 0.00240069 -0.022871 -0.0150217 0.0520661 -0.0460274 -0.0283563
internal_weight=621 606 590 110 92 480 453 75 70 378
internal_count=621 606 590 110 92 480 453 75 70 378
is_linear=0
shrinkage=0.05


Tree=109
num_leaves=10
num_cat=0
split_feature=29 12 111 17 31 70 99 51 55
split_gain=197.654 215.065 241.799 182.711 278.34 547.502 177.875 142.636 114.812
threshold=59.500000000000007 31.200000000000006 -1.5933333333333328 39.95000000000001 0.029999999999999808 -0.0066666666666663757 55.350000000000001 41.750000000000007 4.660000000000001
decision_type=2 2 2 2 2 2 2 2 2
left_child=1 -1 -3 4 6 -6 -4 -5 -9
right_child=-2 2 3 7 5 -7 -8 8 -10
leaf_value=0.1396622290876024 -0.18114176735972728 0.18656342895875067 0.013306194996781288 -0.1997095867343571 -0.034801970859160598 0.36816464855970932 -0.066283206847555995 0.075012838297127349 -0.061271149888244794
leaf_weight=27 14.999999999999998 15.999999999999998 295 15.999999999999998 19 14.999999999999998 92 18 105
leaf_count=27 15 16 295 16 19 15 92 18 105
internal_value=-0.00246298 0.00200277 -0.00446446 -0.00996366 0.00643919 0.143389 -0.0056136 -0.0596491 -0.0412418
internal_weight=618 603 576 560 421 34 387 139 123
internal_count=618 603 576 560 421 34 387 139 123
is_linear=0
shrinkage=0.05


Tree=110
num_leaves=14
num_cat=0
split_feature=35 107 43 109 97 31 26 70 87 105 45 45 82
split_gain=259.891 187.297 478.822 180.72 201.728 323.091 299.203 189.998 147.53 136.754 111.274 69.5031 35.4751
threshold=-12.991666666666665 48.500000000000007 -0.022500000000000405 -0.040000000000000473 5.1250000000000009 0.029999999999999808 34.900000000000006 -0.039166666666667453 6.8750000000000009 13.450000000000001 0.0016666666666666637 0.0033333333333333136 -0.026666666666666835
decision_type=2 2 2 2 2 2 2 2 2 2 2 2 2
left_child=-1 2 -2 9 6 7 10 -6 -8 -3 -5 12 -11
right_child=1 3 -4 4 5 -7 8 -9 -10 11 -12 -13 -14
leaf_value=0.20278830449312726 0.28157199059481397 -0.19663094420568639 -0.042872060079697613 -0.069046957488130986 -0.070426278263826345 0.22078665018627783 0.044941539374542011 0.030330489278333778 -0.095736130812356088 0.052109353964691921 -0.18589005787795951 -0.13418259770664948 -0.049278110408441933
leaf_weight=14.999999999999998 19 21 28 57 60 19 82 211 24 14.999999999999998 32 14.999999999999998 20
leaf_count=15 19 21 28 57 60 19 82 211 24 15 32 15 20
internal_value=-0.0020843 -0.0072217 0.0884994 -0.0153367 -0.0044115 0.0220171 -0.0437324 0.00798653 0.0129827 -0.0897849 -0.111276 -0.0445069 -0.00565922
internal_weight=618 603 47 556 485 290 195 271 106 71 89 50 35
internal_count=618 603 47 556 485 290 195 271 106 71 89 50 35
is_linear=0
shrinkage=0.05


Tree=111
num_leaves=10
num_cat=0
split_feature=35 33 90 70 24 90 70 6 33
split_gain=211.92 175.368 179.228 216.643 266.46 222.525 166.177 193.675 147.163
threshold=-12.991666666666665 1.9366666666666672 34.250000000000007 0.070833333333332874 45.650000000000006 36.550000000000004 0.0083333333333341936 2.5000000000000004 -0.10333333333333393
decision_type=2 2 2 2 2 2 2 2 2
left_child=-1 2 6 5 -5 -4 7 -2 -7
right_child=1 -3 3 4 -6 8 -8 -9 -10
leaf_value=0.18217131720473434 0.11054871294254101 0.14150526002439529 0.17172478518176892 0.25820832475584155 -0.030075667591284445 -0.07895680681224472 -0.17947493191053165 -0.12214356340579131 -0.0043467668458449411
leaf_weight=14.999999999999998 15.999999999999998 19 15.999999999999998 17 14.999999999999998 80 29 20 379
leaf_count=15 16 19 16 17 15 80 29 20 379
internal_value=-0.0027813 -0.00751401 -0.0124966 -0.00245772 0.123247 -0.0109609 -0.0905986 -0.0185665 -0.017376
internal_weight=606 591 572 507 32 475 65 36 459
internal_count=606 591 572 507 32 475 65 36 459
is_linear=0
shrinkage=0.05


Tree=112
num_leaves=13
num_cat=0
split_feature=109 111 72 105 99 31 44 113 57 123 32 95
split_gain=210.113 331.297 303.329 203.216 158.032 175.251 698.216 190.863 91.8074 85.9341 58.7222 58.4633
threshold=-0.040000000000000473 -1.5933333333333328 -0.98249999999999982 13.150000000000002 58.050000000000004 0.024999999999999915 3.5000000000000004 7.1416666666666648 48.350000000000001 0.011666666666666674 4.5000000000000009 29.150000000000002
decision_type=2 2 2 2 2 2 2 2 2 2 2 2
left_child=3 -2 -3 -1 5 7 -7 -4 -5 11 -10 -6
right_child=1 2 4 8 9 6 -8 -9 10 -11 -12 -13
leaf_value=-0.19640737381218876 0.2433229365885653 0.18281512944858314 0.018308575115068421 0.074325514101145559 -0.02217711698732629 -0.053543845135199122 0.37674848614939005 -0.06353583336984947 -0.1371821306521501 0.023727151150243323 -0.0070594764348724127 -0.14021033357385124
leaf_weight=24 14.999999999999998 23 293 17 14.999999999999998 25 14.999999999999998 94 15.999999999999998 17 19 36
leaf_count=24 15 23 293 17 15 25 15 94 16 17 19 36
internal_value=0.00135122 0.0124535 0.00571274 -0.076359 -0.00254143 0.0087274 0.108228 -0.00156931 -0.0205855 -0.0732854 -0.0669079 -0.105704
internal_weight=609 533 518 76 495 427 40 387 52 68 35 51
internal_count=609 533 518 76 495 427 40 387 52 68 35 51
is_linear=0
shrinkage=0.05


Tree=113
num_leaves=11
num_cat=0
split_feature=35 29 111 31 70 39 45 74 103 62
split_gain=207.294 176.515 281.004 149.838 305.144 208.477 134.58 156.467 151.645 124.327
threshold=-12.991666666666665 57.500000000000007 -1.5933333333333328 -0.011666666666667156 0.038333333333333559 0.38500000000000006 -0.023333333333333327 -5.533333333333327 15.200000000000001 63.800000000000004
decision_type=2 2 2 2 2 2 2 2 2 2
left_child=-1 2 -2 6 5 -5 7 -4 -8 -3
right_child=1 9 3 4 -6 -7 8 -9 -10 -11
leaf_value=0.18239854520914572 0.21411537441196826 -0.21735233871833137 -0.22970239525007097 0.075313905181389806 0.17991977420817948 -0.040726878750812524 -0.12364504216845465 -0.046525195964581684 0.0029715519395483677 -0.020033907716781457
leaf_weight=14.999999999999998 14.999999999999998 15.999999999999998 14.999999999999998 63 29 100 26 52 251 15.999999999999998
leaf_count=15 15 16 15 63 29 100 26 52 251 16
internal_value=-0.000496228 -0.00524097 0.00138978 -0.00459287 0.0307715 0.00411126 -0.0243489 -0.0878907 -0.00893533 -0.119219
internal_weight=598 583 551 536 192 163 344 67 277 32
internal_count=598 583 551 536 192 163 344 67 277 32
is_linear=0
shrinkage=0.05


Tree=114
num_leaves=10
num_cat=0
split_feature=29 65 109 68 65 11 35 56 62
split_gain=179.488 232.822 828.473 169.46 201.181 167.33 162.203 109.486 153.802
threshold=59.500000000000007 13.750000000000002 -0.013333333333334084 58.500000000000007 16.650000000000002 61.20000000000001 -11.866666666666665 37.150000000000013 59.650000000000006
decision_type=2 2 2 2 2 2 2 2 2
left_child=1 2 -1 4 -3 6 -6 8 -4
right_child=-2 3 7 -5 5 -7 -8 -9 -10
leaf_value=0.38521772413540284 -0.16637985275577238 -0.14930160490030817 -0.1582066050221248 0.15173724422677914 -0.14269121933769618 -0.15505516117776347 0.0098896676568825254 0.10230655827507469 0.045135078575286564
leaf_weight=18 14.999999999999998 24 18 17 18 17 461 15.999999999999998 19
leaf_count=18 15 24 18 17 18 17 461 16 19
internal_value=0.00388909 0.00812469 0.0931521 -0.00312324 -0.0082238 -0.00135865 0.00411692 -0.00648444 -0.0538129
internal_weight=623 608 71 537 520 496 479 53 37
internal_count=623 608 71 537 520 496 479 53 37
is_linear=0
shrinkage=0.05


Tree=115
num_leaves=11
num_cat=0
split_feature=62 97 97 39 74 88 10 113 76 26
split_gain=232.395 153.347 199.847 276.301 186.58 186.924 258.988 165.7 76.6607 58.0982
threshold=34.400000000000006 5.955000000000001 5.705000000000001 1.1358333333333335 -12.258333333333326 3.7650000000000001 5.5250000000000012 7.1416666666666648 14.666666666666668 30.600000000000005
decision_type=2 2 2 2 2 2 2 2 2 2
left_child=-1 2 4 -4 -2 6 -6 -7 9 -3
right_child=1 8 3 -5 5 7 -8 -9 -10 -11
leaf_value=0.16696624953058825 -0.14312836044695987 0.027509926759308169 0.1982807975249602 -0.030619316718143053 0.020878063595434381 0.027429231988491832 -0.25858528465958119 -0.043006784455503017 -0.17929376689408791 -0.090763575652825459
leaf_weight=20 24 15.999999999999998 29 24 17 311 15.999999999999998 114 14.999999999999998 29
leaf_count=20 24 16 29 24 17 311 16 114 15 29
internal_value=-0.000239019 -0.00589488 0.00260251 0.0946713 -0.0075284 -0.000382118 -0.11484 0.00851837 -0.0816247 -0.0486322
internal_weight=615 595 535 53 482 458 33 425 60 45
internal_count=615 595 535 53 482 458 33 425 60 45
is_linear=0
shrinkage=0.05


Tree=116
num_leaves=10
num_cat=0
split_feature=65 109 68 119 37 72 72 63 114
split_gain=213.402 474.871 178.656 160.049 148.142 148.757 206.837 132.298 110.221
threshold=13.750000000000002 -0.013333333333334084 58.500000000000007 1.5516666666666665 -13.08333333333333 -0.68500000000000016 -0.46333333333333332 35.100000000000009 3.5000000000000004
decision_type=2 2 2 2 2 2 2 2 2
left_child=1 -1 3 4 -2 -6 -7 8 -3
right_child=2 7 -4 -5 5 6 -8 -9 -10
leaf_value=0.27894201451128697 -0.13585238411528239 0.14993936425151183 0.15325949805521824 -0.17139595853571862 -0.11431488360646025 0.18822328783818429 1.7632809016837524e-05 -0.10699751372577736 -0.029505183891943322
leaf_weight=22 21 17 17 14.999999999999998 27 14.999999999999998 441 18 17
leaf_count=22 21 17 17 15 27 15 441 18 17
internal_value=0.00524599 0.0847826 -0.00573925 -0.0109855 -0.00616836 -0.000492618 0.00625948 0.00216448 0.0602471
internal_weight=610 74 536 519 504 483 456 52 34
internal_count=610 74 536 519 504 483 456 52 34
is_linear=0
shrinkage=0.05


Tree=117
num_leaves=17
num_cat=0
split_feature=74 76 87 50 68 33 118 41 48 38 55 70 49 23 117 104
split_gain=237.218 177.056 328.408 205.449 276.984 233.858 131.152 133.523 97.133 91.4513 131.725 89.8886 87.4671 68.4283 56.4705 53.1651
threshold=-13.241666666666665 12.349999999999996 6.6550000000000011 24.850000000000005 57.500000000000007 -0.77083333333333381 5.5000000000000009 -0.31583333333333335 6.7950000000000008 4.5000000000000009 5.4350000000000014 -0.0050000000000003366 6.3850000000000007 84.100000000000009 1.2733333333333343 21.250000000000004
decision_type=2 2 2 2 2 2 2 2 2 2 2 2 2 2 2 2
left_child=-1 2 -2 9 5 -5 7 12 -8 15 -11 13 -3 -9 -13 -4
right_child=1 6 3 4 -6 -7 8 11 -10 10 -12 14 -14 -15 -16 -17
leaf_value=0.15383558561445768 0.22513750115333245 -0.012465621568968794 0.054609606035562766 -0.17953777866704124 0.18546900700181079 0.016074712233246118 -0.05060004361251496 -0.066887266348515231 -0.22289918134784142 -0.055153925854341569 -0.24018983284369214 -0.14571633711225149 0.14506670670300131 0.05924630630668716 -0.027536706498127114 -0.068686481920212344
leaf_weight=24 17 21 15.999999999999998 15.999999999999998 23 299 15.999999999999998 23 17 27 14.999999999999998 32 14.999999999999998 20 14.999999999999998 19
leaf_count=24 17 21 16 16 23 299 16 23 17 27 15 32 15 20 15 19
internal_value=6.25562e-05 -0.00619854 0.0103965 0.00153574 0.0183429 0.00606915 -0.0512967 -0.0279545 -0.139917 -0.0721042 -0.12177 -0.0605166 0.0532544 -0.00810313 -0.108244 -0.0121851
internal_weight=615 591 432 415 338 315 159 126 33 77 42 90 36 43 47 35
internal_count=615 591 432 415 338 315 159 126 33 77 42 90 36 43 47 35
is_linear=0
shrinkage=0.05


Tree=118
num_leaves=24
num_cat=0
split_feature=3 64 9 119 37 33 78 0 74 51 123 25 65 78 109 112 25 99 81 123 20 41 18
split_gain=193.375 317.133 541.106 478.87 226.262 227.803 193.206 571.679 278.449 180.658 230.418 155.497 148.932 137.145 180.05 118.09 104.051 94.2443 92.9329 84.7827 59.7512 59.7195 51.5319
threshold=4.5000000000000009 30.550000000000001 6.705000000000001 0.51750000000000063 -4.3916666666666613 1.3683333333333343 -0.1241666666666663 1058.5000000000002 -4.583333333333333 61.800000000000004 -0.0025000000000000157 38.850000000000001 22.050000000000001 0.55083333333333384 -0.008333333333333302 1.5000000000000002 41.400000000000013 53.050000000000004 3.5000000000000004 -0.0016666666666666633 30.950000000000003 0.073333333333333708 49.350000000000001
decision_type=2 2 2 2 2 2 2 2 2 2 2 2 2 2 2 2 2 2 2 2 2 2 2
left_child=1 2 -1 12 -2 11 7 -3 -8 10 -10 20 19 14 -13 -11 -14 18 -9 -4 -6 -22 -15
right_child=4 6 3 -5 5 -7 8 17 9 15 -12 13 16 22 -16 -17 -18 -19 -20 -21 21 -23 -24
leaf_value=0.32204166386851035 -0.2334357461392485 0.30300379497570229 -0.18382905273704053 0.28538713163097967 -0.0058682435848402166 -0.16597017754707832 -0.21143195253996117 0.11237151872667467 -0.045027000151253611 -0.18143580963152536 0.11397710363608005 -0.026914873812835256 0.13399155560379836 0.033434752610899642 0.17064248523658904 -0.036731674912298215 -0.04603094048057961 -0.1157211988835045 -0.054942443056239014 -0.023186220089245958 -0.16320203584225024 -0.045714297964859797 -0.084068361875428321
leaf_weight=20 14.999999999999998 18 15.999999999999998 14.999999999999998 28 27 20 15.999999999999998 44 15.999999999999998 47 19 17 15.999999999999998 29 116 14.999999999999998 18 17 17 20 24 22
leaf_count=20 15 18 16 15 28 27 20 16 44 16 47 19 17 16 29 116 15 18 17 17 20 24 22
internal_value=-0.00693274 0.0126404 0.0900843 0.0317029 -0.0472645 -0.0320246 -0.0121863 0.0615699 -0.0331667 -0.0170687 0.0370761 -0.00901304 -0.0271113 0.0363184 0.0924454 -0.0544335 0.0495697 -0.0239704 0.0261228 -0.101545 -0.0632035 -0.0994802 -0.0345042
internal_weight=612 412 100 80 200 185 312 69 243 223 91 158 65 86 48 132 32 51 33 33 72 44 38
internal_count=612 412 100 80 200 185 312 69 243 223 91 158 65 86 48 132 32 51 33 33 72 44 38
is_linear=0
shrinkage=0.05


Tree=119
num_leaves=12
num_cat=0
split_feature=65 35 76 31 33 121 71 33 74 66 4
split_gain=203.196 158.714 528.507 249.709 266.07 335.7 668.252 152.188 159.348 128.248 122.292
threshold=8.5000000000000018 21.933333333333337 3.8166666666666704 -0.011666666666667156 1.3683333333333343 -0.094166666666666718 2.5000000000000004 -0.77083333333333381 -12.258333333333326 26.450000000000006 1.5000000000000002
decision_type=2 2 2 2 2 2 2 2 2 2 2
left_child=-1 3 -3 7 5 9 -7 -2 -9 -5 -10
right_child=1 2 -4 4 -6 6 -8 8 10 -11 -12
leaf_value=0.15012240516817918 -0.18006512641166306 0.32257289429949226 -0.0957842726581144 0.026681449311348412 -0.16035764470005667 0.37512847142136513 0.05398173146282062 -0.17595736648170102 -0.12043863165663533 -0.10980257344091951 -0.0053185689471243087
leaf_weight=24 15.999999999999998 15.000000000000002 14.999999999999998 47 14.999999999999998 20 84 15.999999999999998 25 27 287
leaf_count=24 16 15 15 47 15 20 84 16 25 27 287
internal_value=0.0079261 0.00187298 0.113605 -0.00437971 0.0411165 0.0582032 0.11609 -0.0299242 -0.0225324 -0.0231303 -0.0145946
internal_weight=591 567 30 537 193 178 104 344 328 74 312
internal_count=591 567 30 537 193 178 104 344 328 74 312
is_linear=0
shrinkage=0.05


Tree=120
num_leaves=14
num_cat=0
split_feature=113 23 105 120 123 83 16 101 102 91 33 53 15
split_gain=172.551 190.979 679.434 114.954 144.856 154.802 281.979 191.066 130.507 95.7139 75.8053 105.704 59.9627
threshold=-17.091666666666665 55.000000000000007 16.300000000000004 5.5000000000000009 -0.0049999999999999897 4.5000000000000009 5.5650000000000004 91.250000000000014 63.800000000000004 3.5150000000000001 -0.090833333333333308 27.700000000000006 55.550000000000004
decision_type=2 2 2 2 2 2 2 2 2 2 2 2 2
left_child=-1 2 -2 4 8 7 -7 -6 9 -3 -5 -12 -13
right_child=1 3 -4 10 5 6 -8 -9 -10 -11 11 12 -14
leaf_value=0.14468795022561182 -0.093261177686553343 -0.1725989942124348 0.2675034300349225 -0.15823518226021216 -0.0097963544769891671 0.21332088943813499 -0.023871079940518899 0.17427939125244193 0.092632440124687396 -0.039881762907990552 -0.13182947536632095 0.073400929840063744 -0.038834006930022591
leaf_weight=20 26 14.999999999999998 26 17 212 26 24 14.999999999999998 17 140 23 17 39
leaf_count=20 26 15 26 17 212 26 24 15 17 140 23 17 39
internal_value=0.000588468 -0.00425404 0.0871924 -0.0130028 -0.002368 0.0199971 0.0995485 0.00241661 -0.038406 -0.0528606 -0.0626362 -0.041827 -0.00460345
internal_weight=617 597 52 545 449 277 50 227 172 155 96 79 56
internal_count=617 597 52 545 449 277 50 227 172 155 96 79 56
is_linear=0
shrinkage=0.05


Tree=121
num_leaves=11
num_cat=0
split_feature=65 33 33 101 84 0 74 115 74 11
split_gain=172.666 151.036 150.077 222.465 203.017 257.738 142.596 120.902 115.648 129.694
threshold=4.9000000000000012 -0.98749999999999971 0.91166666666666674 34.500000000000007 -0.0083333333333333436 980.50000000000011 3.7333333333333312 -15.90833333333334 -8.6333333333333329 45.050000000000004
decision_type=2 2 2 2 2 2 2 2 2 2
left_child=-1 -2 3 -3 6 -6 -5 -4 -9 -10
right_child=1 2 7 4 5 -7 -8 8 9 -11
leaf_value=0.16119934790160345 -0.15580091591207135 0.19843654491481666 -0.17438435325559401 -0.11150254496815666 0.12130188869967624 0.0053435061601558795 -0.0038922794094203178 -0.12984969874448848 -0.075224752820207283 0.026445784357755749
leaf_weight=15.999999999999998 15.999999999999998 15.999999999999998 14.999999999999998 46 65 182 93 23 48 90
leaf_count=16 16 16 15 46 65 182 93 23 48 90
internal_value=-0.000359559 -0.00474613 -0.000529808 0.0163193 0.00870802 0.0359158 -0.0395948 -0.0390305 -0.0262885 -0.00891054
internal_weight=610 594 578 402 386 247 139 176 161 138
internal_count=610 594 578 402 386 247 139 176 161 138
is_linear=0
shrinkage=0.05


Tree=122
num_leaves=13
num_cat=0
split_feature=74 87 94 111 29 24 118 113 23 28 92 12
split_gain=194.57 673.744 425.006 185.672 155.849 216.166 99.514 254.02 137.735 114.96 89.6423 79.1704
threshold=-5.849999999999997 6.7150000000000007 5.8350000000000009 1.0000000180025095e-35 58.500000000000007 15.200000000000001 5.5000000000000009 -16.816666666666666 77.450000000000017 14.250000000000002 38.95000000000001 66.250000000000014
decision_type=2 2 2 2 2 2 2 2 2 2 2 2
left_child=1 -1 3 -3 5 -2 7 -7 -8 -9 -5 -10
right_child=4 2 -4 10 -6 6 8 9 11 -11 -12 -13
leaf_value=0.37828363545596705 0.18569676610610344 0.071004565302872552 0.23517786019116815 -0.19201568022617321 -0.14612624318733888 0.20486214863543478 0.038457353264687071 0.018851418800783452 -0.15305651838882506 -0.037294931095069477 -0.042664045237359539 -0.027710181386408645
leaf_weight=14.999999999999998 14.999999999999998 22 17 18 19 14.999999999999998 25 221 32 155 23 21
leaf_count=15 15 22 17 18 19 15 25 221 32 155 23 21
internal_value=0.00635231 0.0719432 0.0140414 -0.0458292 -0.00603754 -0.000498812 -0.00650287 0.00377659 -0.0580348 -0.00428449 -0.108662 -0.103631
internal_weight=598 95 80 63 503 484 469 391 78 376 41 53
internal_count=598 95 80 63 503 484 469 391 78 376 41 53
is_linear=0
shrinkage=0.05


Tree=123
num_leaves=27
num_cat=0
split_feature=6 74 25 31 48 77 117 24 76 117 119 117 70 67 45 93 101 15 102 100 11 39 113 26 106 117
split_gain=166.093 572.53 729.626 460.295 189.164 207.714 169.865 179.633 140.686 299.646 138.868 160.756 125.967 172.387 216.358 123.48 122.121 118.523 113.59 90.6074 91.6688 84.002 62.0991 61.9392 49.7395 34.5554
threshold=2.5000000000000004 -0.62499999999999989 52.500000000000007 -0.011666666666667156 6.7350000000000012 4.5000000000000009 0.92833333333333334 47.70000000000001 -0.3416666666666614 -0.48999999999999971 0.3558333333333335 0.04833333333333379 0.023333333333332987 9.7500000000000018 -0.004166666666666651 53.250000000000007 66.65000000000002 38.300000000000004 46.750000000000007 0.17500000000000002 39.250000000000007 -2.105833333333333 2.9166666666666683 33.800000000000004 4.4000000000000012 1.4200000000000004
decision_type=2 2 2 2 2 2 2 2 2 2 2 2 2 2 2 2 2 2 2 2 2 2 2 2 2 2
left_child=4 2 3 6 5 -1 7 -2 9 -6 11 16 17 23 -15 -11 -10 21 -12 20 -19 -3 -17 -14 -21 -13
right_child=1 12 -4 -5 8 -7 -8 -9 10 15 18 25 13 14 -16 22 -18 19 -20 24 -22 -23 -24 -25 -26 -27
leaf_value=0.2044642423065553 0.17485244688608789 -0.034277810332197581 0.38076853330525179 0.23105901116393951 -0.29162343123502898 -0.020725803034797683 -0.13038433799882987 -0.050971113660889217 0.1815178290421133 0.047098386258035155 -0.17951142186237173 -0.077568828586565441 0.0098724075073366013 0.0063001781315600719 0.24347452919305482 -0.18077508950640697 0.010714077156230037 0.091882744476650693 -0.012849631681296957 -0.15586556482394009 -0.025566939319375204 -0.18402115836481514 -0.049469044585646042 -0.12716653733853475 -0.041152391185934056 0.01117954095883399
leaf_weight=15.999999999999998 14.999999999999998 15.999999999999998 21 25 17 28 23 21 18 20 21 34 18 24 15.999999999999998 15.999999999999998 25 23 20 14.999999999999998 59 23 21 14.999999999999998 26 15.999999999999998
leaf_count=16 15 16 21 25 17 28 23 21 18 20 21 34 18 24 16 16 25 23 20 15 59 23 21 15 26 16
internal_value=-0.0019482 0.020841 0.117856 0.0516942 -0.0327115 0.0613261 -0.0244856 0.0432072 -0.0526479 -0.107954 -0.022011 0.0117539 -0.0225167 0.031946 0.101665 -0.0526725 0.0825846 -0.0470939 -0.0985637 -0.0229176 0.00738715 -0.122961 -0.106719 -0.052463 -0.0835194 -0.0491039
internal_weight=592 340 105 84 252 44 59 36 208 74 134 93 235 73 40 57 43 162 41 123 82 39 37 33 41 50
internal_count=592 340 105 84 252 44 59 36 208 74 134 93 235 73 40 57 43 162 41 123 82 39 37 33 41 50
is_linear=0
shrinkage=0.05


Tree=124
num_leaves=22
num_cat=0
split_feature=24 107 31 97 24 4 74 95 10 74 84 50 66 60 112 13 115 93 14 103 60
split_gain=175.625 356.816 227.647 461.138 154.852 171.13 233.539 122.717 105.449 95.7199 89.5789 83.9 127.835 155.336 111.649 99.5995 106.924 91.7752 93.3222 66.2425 62.1741
threshold=45.650000000000006 58.500000000000007 0.024999999999999915 5.3150000000000004 28.800000000000004 2.5000000000000004 -5.849999999999997 37.050000000000004 4.535000000000001 -13.091666666666665 -0.0016666666666666355 42.550000000000004 21.950000000000003 51.250000000000007 1.5000000000000002 6.245000000000001 -6.0916666666666641 62.350000000000009 49.850000000000009 48.050000000000004 53.850000000000001
decision_type=2 2 2 2 2 2 2 2 2 2 2 2 2 2 2 2 2 2 2 2 2
left_child=1 2 4 -4 7 10 -7 8 -1 -2 -6 12 15 -14 -13 20 -17 18 -16 -19 -11
right_child=9 -3 3 -5 5 6 -8 -9 -10 11 -12 14 13 -15 17 16 -18 19 -20 -21 -22
leaf_value=0.054421136251354578 -0.15242937076960181 0.23937289098185072 -0.045788621231523476 0.30647018552238114 -0.0014800915066499885 0.21853905025629972 0.020395531213933768 -0.14540688009209343 -0.085118305530677493 -0.10825230832088668 -0.17159525110626853 -0.16268781192639736 0.17298293581929819 -0.03319737214988433 -0.03985367665688197 0.13626157282574089 -0.019272524323722309 -0.040121252497412122 0.078030185110014749 -0.15331744056435959 0.012019081206511189
leaf_weight=26 14.999999999999998 18 19 18 16.000000000000004 17 115 29 28 37 14.999999999999998 19 21 15.999999999999998 44 14.999999999999998 41 37 27 20 14.999999999999998
leaf_count=26 15 18 19 18 16 17 115 29 28 37 15 19 21 16 44 15 41 37 27 20 15
internal_value=-0.00299102 0.024135 0.0103476 0.12581 -0.00704245 0.0212423 0.046098 -0.0626086 -0.0178638 -0.0296024 -0.0842417 -0.0232256 0.00373011 0.08384 -0.0498331 -0.0237208 0.0224679 -0.0329282 0.00495177 -0.0801257 -0.0735062
internal_weight=608 301 283 37 246 163 132 83 54 307 31 292 145 37 147 108 56 128 71 57 52
internal_count=608 301 283 37 246 163 132 83 54 307 31 292 145 37 147 108 56 128 71 57 52
is_linear=0
shrinkage=0.05


Tree=125
num_leaves=21
num_cat=0
split_feature=3 107 90 59 30 16 93 115 109 74 41 121 23 80 59 106 117 22 113 11
split_gain=158.663 333.099 353.483 196.68 188.254 184.245 226.321 285.205 189.224 165.939 149.435 142.225 135.783 120.146 111.803 88.9115 68.114 66.4883 59.2745 46.8466
threshold=4.5000000000000009 58.500000000000007 26.200000000000003 27.350000000000005 1.5000000000000002 5.4650000000000007 64.550000000000026 16.675000000000001 0.0016666666666673715 0.60833333333333794 0.097500000000000156 -0.34999999999999915 75.950000000000017 -0.49833333333333302 20.450000000000003 17.900000000000002 -0.21749999999999933 0.16500000000000004 -1.8250000000000008 36.45000000000001
decision_type=2 2 2 2 2 2 2 2 2 2 2 2 2 2 2 2 2 2 2 2
left_child=1 2 -1 4 -2 6 7 -4 9 -7 11 -5 -8 -10 -6 17 -13 18 -12 -18
right_child=3 -3 5 10 14 8 12 -9 13 -11 15 16 -14 -15 -16 -17 19 -19 -20 -21
leaf_value=0.23816556583465257 -0.055763877003357325 0.24125165496229758 0.037075841222622238 0.0041836385796137892 0.033607183144607151 -0.25385845196173057 0.074179940745928638 0.2657032877206803 0.12870784674259211 -0.0625372564396285 0.072869078588012032 -0.21234421894510752 -0.09308430783663045 -0.027608161232520162 0.22396619240969226 0.094078283113722461 -0.17573412451523029 -0.12070132772824915 -0.067215861153128914 -0.064069851051116816
leaf_weight=15.999999999999998 26 15.999999999999998 143 21 16.000000000000004 15.999999999999998 15.999999999999998 14.999999999999998 14.999999999999998 39 15 24 49 66 14.999999999999998 15.999999999999998 14.999999999999998 17 15 26
leaf_count=16 26 16 143 21 16 16 16 15 15 39 15 24 49 66 15 16 15 17 15 26
internal_value=-0.000159205 0.0185411 0.00896363 -0.0356694 0.0432141 -0.00130105 0.0266541 0.0589669 -0.0471619 -0.118645 -0.0658887 -0.108711 -0.0517841 0.0014006 0.126301 -0.00727367 -0.145212 -0.0420091 0.00266989 -0.105372
internal_weight=597 391 375 206 57 359 223 158 136 55 149 86 65 81 31 63 65 47 30 41
internal_count=597 391 375 206 57 359 223 158 136 55 149 86 65 81 31 63 65 47 30 41
is_linear=0
shrinkage=0.05


Tree=126
num_leaves=22
num_cat=0
split_feature=93 115 43 91 31 36 90 6 76 12 28 82 21 65 81 49 43 9 54 91 22
split_gain=162.844 336.698 206.41 489.381 235.88 337.376 206.706 223.634 232.754 150.724 174.749 135.839 107.434 98.1071 118.213 106.314 82.17 51.174 47.7674 43.1126 29.5874
threshold=64.550000000000026 17.275000000000006 -0.047500000000000313 2.2150000000000003 0.013333333333333643 4.5000000000000009 41.600000000000009 5.5000000000000009 1.8249999999999995 58.250000000000007 7.8500000000000005 0.42666666666666725 60.050000000000004 31.700000000000006 3.5000000000000004 5.8950000000000005 0.35583333333333306 6.785000000000001 53.45000000000001 6.8050000000000006 0.15500000000000003
decision_type=2 2 2 2 2 2 2 2 2 2 2 2 2 2 2 2 2 2 2 2 2
left_child=1 2 3 -1 11 -6 9 12 -9 10 -4 -5 -8 18 17 -16 -11 -15 20 -20 -2
right_child=13 -3 6 4 5 -7 7 8 -10 16 -12 -13 -14 14 15 -17 -18 -19 19 -21 -22
leaf_value=0.27779140688886689 -0.18232476313754639 0.18601790866041315 -0.12179845863735519 0.017882480077803475 0.30963803952843549 -0.0066977184090314728 -0.046754421874669022 0.26085910761593195 0.019886836981357531 -0.26077252358000802 0.085632944617482165 -0.095413907330151843 0.07347770256424381 -0.020008761351001207 0.15513053184116124 -0.010348885910537411 -0.1009824681780121 -0.13695884420160662 0.014182850896127964 -0.10516055382738841 -0.087237769093632039
leaf_weight=20 15.999999999999998 27 23 92 14.999999999999998 19 116 14.999999999999998 30 14.999999999999998 18 37 22 21 14.999999999999998 27 18 17 15.000000000000002 14.999999999999998 18
leaf_count=20 16 27 23 92 15 19 116 15 30 15 18 37 22 21 15 27 18 17 15 15 18
internal_value=0.000618982 0.0149617 0.00441385 0.0449936 0.016246 0.133214 -0.0244683 0.00403187 0.100722 -0.0949263 -0.0306226 -0.0146234 -0.0275114 -0.0458387 -0.00882853 0.0488602 -0.174334 -0.0726819 -0.0919375 -0.0454739 -0.132535
internal_weight=611 467 440 183 163 34 257 183 45 74 41 129 138 144 80 42 33 38 64 30 34
internal_count=611 467 440 183 163 34 257 183 45 74 41 129 138 144 80 42 33 38 64 30 34
is_linear=0
shrinkage=0.05


Tree=127
num_leaves=10
num_cat=0
split_feature=74 37 117 44 31 67 115 26 96
split_gain=235.494 255.271 221.639 130.834 181.861 462.009 181.16 151.942 82.7201
threshold=-13.241666666666665 -13.08333333333333 -3.6675 1.5000000000000002 0.027499999999999417 9.7500000000000018 -15.516666666666664 34.750000000000007 48.050000000000004
decision_type=2 2 2 2 2 2 2 2 2
left_child=-1 -2 -3 6 7 -6 -4 -5 -8
right_child=1 2 3 4 5 -7 8 -9 -10
leaf_value=0.16054289507639918 -0.18926345465695049 0.14827042616807024 -0.2104825512462894 -0.037730011953827566 -0.077629806721432604 0.29057897265527133 0.010260318061680866 0.030839836184406045 -0.060938680470475161
leaf_weight=21 19 23 14.999999999999998 164 15.999999999999998 18 73 159 92
leaf_count=21 19 23 15 164 16 18 73 159 92
internal_value=-0.00352171 -0.00950757 -0.00336708 -0.0098975 0.00761625 0.117438 -0.0446458 -0.00396124 -0.0294211
internal_weight=600 579 560 537 357 34 180 323 165
internal_count=600 579 560 537 357 34 180 323 165
is_linear=0
shrinkage=0.05


Tree=128
num_leaves=15
num_cat=0
split_feature=23 115 27 113 120 0 70 20 74 35 67 33 25 92
split_gain=165.924 599.202 178.148 170.605 125.92 147.31 262.685 134.228 179.085 118.742 118.063 106.756 105.012 78.0087
threshold=55.000000000000007 13.008333333333338 9.7500000000000018 -17.091666666666665 4.5000000000000009 1407.0000000000002 0.040000000000000487 24.750000000000004 -7.8499999999999952 -2.3833333333333324 22.850000000000005 1.3683333333333343 28.550000000000004 33.100000000000001
decision_type=2 2 2 2 2 2 2 2 2 2 2 2 2 2
left_child=1 2 -1 -2 5 6 10 13 -9 -6 -5 12 -11 -7
right_child=3 -3 -4 4 9 7 -8 8 -10 11 -12 -13 -14 -15
leaf_value=-0.1609725158908312 0.1491201034414838 0.32975786861620454 0.066244647578934002 0.03584854505772208 -0.14451068781344828 -0.19396178067125233 0.19343349659941589 0.12850861304895186 -0.020295359253053737 -0.10933412964544281 -0.11124662340427777 -0.12748705625082507 0.010751058446933541 -0.044263862341783616
leaf_weight=14.999999999999998 17 17 20 89 26 14.999999999999998 25 23 162 22 15.999999999999998 23 103 21
leaf_count=15 17 17 20 89 26 15 25 23 162 22 16 23 103 21
internal_value=0.00190071 0.0871342 -0.0311729 -0.00628201 -0.011351 0.00587894 0.0481031 -0.0189467 -0.00170896 -0.0461202 0.0133019 -0.0287157 -0.0104145 -0.107141
internal_weight=594 52 35 542 525 351 130 221 185 174 105 148 125 36
internal_count=594 52 35 542 525 351 130 221 185 174 105 148 125 36
is_linear=0
shrinkage=0.05


Tree=129
num_leaves=10
num_cat=0
split_feature=95 109 109 97 26 33 26 91 34
split_gain=141.795 130.149 242.439 140.269 169.307 166.811 181.959 117.058 114.718
threshold=55.250000000000007 -0.076666666666665759 -0.06250000000000043 5.1250000000000009 34.900000000000006 -0.6983333333333327 30.600000000000005 4.0950000000000006 3.5000000000000004
decision_type=2 2 2 2 2 2 2 2 2
left_child=1 -1 -3 4 7 -5 -7 -4 -6
right_child=-2 2 3 5 8 6 -8 -9 -10
leaf_value=-0.14025135634837477 0.14692014937369241 0.18137358265618483 -0.19413813250278361 -0.1462099856471423 0.098834115164779524 0.071478056048248126 -0.0082769959021826451 -0.060198919632598581 -0.023558056408941555
leaf_weight=18 14.999999999999998 17 20 15.999999999999998 24 108 211 89 93
leaf_count=18 15 17 20 16 24 108 211 89 93
internal_value=-0.00437784 -0.00821807 -0.00407411 -0.00973397 -0.0401692 0.0107894 0.018723 -0.0849762 0.00156829
internal_weight=611 596 578 561 226 335 319 109 117
internal_count=611 596 578 561 226 335 319 109 117
is_linear=0
shrinkage=0.05


Tree=130
num_leaves=15
num_cat=0
split_feature=115 119 33 26 74 74 57 51 97 110 64 0 39 50
split_gain=214.42 475.652 186.014 130.529 185.603 283.866 348.613 144.899 143.58 195.174 164.105 129.067 121.418 103.074
threshold=17.275000000000006 0.22499999999999989 1.9366666666666672 34.750000000000007 -12.474999999999998 -5.849999999999997 50.350000000000001 61.550000000000004 5.3450000000000006 1.5000000000000002 29.700000000000003 2656.5000000000005 0.52666666666666695 45.750000000000007
decision_type=2 2 2 2 2 2 2 2 2 2 2 2 2 2
left_child=2 11 3 8 -5 6 -6 -7 9 -1 -10 -2 -12 -11
right_child=1 -3 -4 4 5 7 -8 -9 10 13 12 -13 -14 -15
leaf_value=-0.24154313064568883 0.080186628206010677 0.32440226379758824 0.15008642749233139 -0.16168952311901069 0.33247964911113514 0.040456045283183473 0.017132786731787416 -0.035888127796265747 0.10665840891372297 -0.078081183289738829 0.038282534982575923 -0.10778267638098378 -0.097655128664530591 0.021846459742815919
leaf_weight=14.999999999999998 21 15.999999999999998 18 14.999999999999998 14.999999999999998 115 21 135 29 97 30 15.999999999999998 36 35
leaf_count=15 21 16 18 15 15 115 21 135 29 97 30 16 36 35
internal_value=0.0015031 0.0975426 -0.00757701 -0.0128393 0.00912799 0.0181578 0.149223 -0.000747682 -0.0401754 -0.0711229 0.00768364 -0.00103405 -0.0358252 -0.0515509
internal_weight=614 53 561 543 301 286 36 250 242 147 95 37 66 132
internal_count=614 53 561 543 301 286 36 250 242 147 95 37 66 132
is_linear=0
shrinkage=0.05


Tree=131
num_leaves=18
num_cat=0
split_feature=84 23 87 110 66 88 69 53 100 80 35 72 24 117 119 90 27
split_gain=159.924 278.396 207.208 134.53 182.518 175.247 245.012 124.654 181.18 119.271 106.37 98.9763 79.1834 73.1091 83.0554 46.8505 26.8732
threshold=-0.0083333333333333436 51.300000000000004 6.6550000000000011 1.5000000000000002 15.750000000000002 6.495000000000001 2.5000000000000004 34.900000000000006 0.19500000000000003 -0.072500000000000217 9.0583333333333353 0.069166666666666834 30.200000000000003 -0.28583333333333311 -0.15499999999999978 40.550000000000004 29.500000000000004
decision_type=2 2 2 2 2 2 2 2 2 2 2 2 2 2 2 2 2
left_child=7 -2 -3 4 -4 6 -5 10 11 -7 12 -9 -1 14 -13 -12 -15
right_child=1 2 3 5 -6 9 -8 8 -10 -11 15 13 -14 16 -16 -17 -18
leaf_value=-0.10533347963201289 0.19068951604431844 0.18488384798953406 -0.21748669956693589 -0.026141505636658031 0.017919583322264215 -0.1391373802024555 0.074268265365133715 -0.12342024702208204 0.16469633942408279 0.010563477619740242 -0.1929886525754112 0.1465137031792805 0.041855282101022212 -0.012815707605222784 -0.0029516399895996473 -0.085164637705968119 -0.085447477483413886
leaf_weight=14.999999999999998 24 17 14.999999999999998 101 18 27 152 19 14.999999999999998 26 18 14.999999999999998 23 51 24 24 17
leaf_count=15 24 17 15 101 18 27 152 19 15 26 18 15 23 51 24 24 17
internal_value=0.00653193 0.0262058 0.0150525 0.00646911 -0.089266 0.0168356 0.0341695 -0.0272703 0.000990616 -0.0657235 -0.0770817 -0.0185737 -0.0162383 9.51248e-05 0.0546348 -0.131842 -0.0311459
internal_weight=601 380 356 339 33 306 253 221 141 53 80 126 38 107 39 42 68
internal_count=601 380 356 339 33 306 253 221 141 53 80 126 38 107 39 42 68
is_linear=0
shrinkage=0.05


Tree=132
num_leaves=15
num_cat=0
split_feature=62 95 78 78 45 121 95 95 72 54 109 104 43 18
split_gain=137.744 134.126 107.031 157.467 281.386 241.429 132.713 254.902 106.49 101.579 100.407 70.7759 38.3974 36.0463
threshold=36.000000000000007 52.850000000000001 -0.92499999999999993 -0.1916666666666664 -0.0050000000000000175 0.081666666666667012 25.950000000000006 23.850000000000005 -0.068333333333332899 8.4000000000000021 0.02666666666666773 21.950000000000003 0.11249999999999984 52.350000000000001
decision_type=2 2 2 2 2 2 2 2 2 2 2 2 2 2
left_child=-1 2 9 4 8 -6 7 -5 -4 11 -8 -2 -13 -11
right_child=1 -3 3 6 5 -7 10 -9 -10 13 -12 12 -14 -15
leaf_value=0.12474412705343199 -0.097278994651130546 0.13710297494201185 0.064920744721177981 -0.0047889798565740865 0.039917919673719764 0.31485620638968781 -0.040545268892247167 0.22692238683378477 -0.097988634104553551 -0.079931353472219469 0.016318000449684161 0.077642370411875647 -0.031658332997205246 -0.189309839460234
leaf_weight=21 18 15.999999999999998 19 45 15.999999999999998 15.999999999999998 257 15.999999999999998 21 16.000000000000004 111 17 14.999999999999998 14.999999999999998
leaf_count=21 18 16 19 45 16 16 257 16 21 16 111 17 15 15
internal_value=-0.000802168 -0.00523946 -0.00918413 -0.000547799 0.0678126 0.178095 -0.0120457 0.0561779 -0.0205131 -0.0624732 -0.0233802 -0.0181858 0.0263129 -0.133456
internal_weight=619 598 582 501 72 32 429 61 40 81 368 50 32 31
internal_count=619 598 582 501 72 32 429 61 40 81 368 50 32 31
is_linear=0
shrinkage=0.05


Tree=133
num_leaves=14
num_cat=0
split_feature=113 95 113 80 82 35 102 4 80 78 101 45 84
split_gain=128.013 156.503 124.118 135.724 302.519 495.512 129.378 133.158 123.401 113.244 106.44 77.868 42.3101
threshold=19.341666666666672 52.850000000000001 7.1416666666666648 -0.16166666666666704 0.20249999999999971 2.491666666666664 13.450000000000001 9.5000000000000018 -0.082500000000000448 -0.049166666666666796 90.450000000000017 0.011666666666666674 -0.004166666666666651
decision_type=2 2 2 2 2 2 2 2 2 2 2 2 2
left_child=1 2 3 4 9 -6 -5 -8 12 -1 11 -10 -4
right_child=-2 -3 8 6 5 -7 7 -9 10 -11 -12 -13 -14
leaf_value=0.082841123287210758 0.11050002629729523 0.15613108328636119 -0.06261471034296881 -0.13108801506628276 0.38598762963781297 0.03445472153912351 0.027236802153846426 -0.044824920354657079 -0.0096743232353094094 -0.032322134639830628 0.10650478000865081 -0.13625898357272517 -0.1597980542724351
leaf_weight=29 26 14.999999999999998 21 22 14.999999999999998 30 143 116 50 80 14.999999999999998 15.999999999999998 25
leaf_count=29 26 15 21 22 15 30 143 116 50 80 15 16 25
internal_value=0.00218511 -0.00270527 -0.00698059 0.00570798 0.0434275 0.152339 -0.0149542 -0.00502349 -0.0504511 -0.00158869 -0.0131964 -0.0405969 -0.115772
internal_weight=603 577 562 435 154 45 281 259 127 109 81 66 46
internal_count=603 577 562 435 154 45 281 259 127 109 81 66 46
is_linear=0
shrinkage=0.05


Tree=134
num_leaves=21
num_cat=0
split_feature=6 103 33 13 70 24 95 48 91 115 117 104 43 39 65 78 24 95 97 117
split_gain=126.281 340.44 283.739 190.458 199.19 206.082 157.553 136.902 205.08 149.178 126.837 174.777 106.149 102.281 79.1758 77.7649 72.1998 66.7992 63.7813 52.4232
threshold=2.5000000000000004 8.6500000000000021 -0.89249999999999974 4.5550000000000006 -0.010000000000001117 47.70000000000001 30.050000000000004 6.7550000000000008 3.1600000000000006 -0.68333333333332991 -0.084166666666666931 24.050000000000004 0.23583333333333337 -2.2749999999999999 24.050000000000004 0.51416666666666722 34.650000000000013 29.150000000000002 5.1950000000000012 -0.39499999999999996
decision_type=2 2 2 2 2 2 2 2 2 2 2 2 2 2 2 2 2 2 2 2
left_child=7 -2 -3 13 6 -6 -5 9 -9 -1 11 -10 18 -4 -15 17 -17 -12 -11 -13
right_child=1 2 3 4 5 -7 -8 8 10 12 15 19 -14 14 -16 16 -18 -19 -20 -21
leaf_value=0.14919413787808583 0.25137115924168901 0.22040998312021728 0.010654876744860157 0.054567044068499271 0.12063642195151184 0.0031609929128875581 -0.077453641308427038 -0.1872873126170336 0.15766795717218784 0.010973607975503672 -0.090250057998028654 -0.1013574191473967 0.097800166554600998 -0.21157723654130975 -0.069601431377660269 -0.19236539317085255 -0.064635973010566561 0.012804766452649339 -0.12572202673439162 0.028221115896836943
leaf_weight=20 14.999999999999998 14.999999999999998 21 33 66 86 71 23 19 15.999999999999998 23 15.000000000000002 14.999999999999998 15.999999999999998 26 14.999999999999998 43 49 18 15.999999999999998
leaf_count=20 15 15 21 33 66 86 71 23 19 16 23 15 15 16 26 15 43 49 18 16
internal_value=-0.000756317 0.0191383 0.00862156 -0.00138743 0.0177682 0.0542487 -0.0355023 -0.0262988 -0.0469848 0.0344673 -0.0289354 0.0386292 -0.0124666 -0.0792103 -0.12418 -0.0549699 -0.0980297 -0.0201257 -0.0614045 -0.0344417
internal_weight=621 349 334 319 256 152 104 272 203 69 180 50 49 63 42 130 58 72 34 31
internal_count=621 349 334 319 256 152 104 272 203 69 180 50 49 63 42 130 58 72 34 31
is_linear=0
shrinkage=0.05


Tree=135
num_leaves=16
num_cat=0
split_feature=0 45 9 53 14 111 5 39 97 98 43 0 45 104 51
split_gain=154.067 548.788 233.065 136.317 134.286 125.231 112.48 87.1737 84.6425 88.4189 107.242 106.135 83.7082 82.2601 41.2492
threshold=1465.0000000000002 0.015000000000000029 6.8550000000000013 17.900000000000002 22.100000000000005 -1.2566666666666664 1.5000000000000002 -2.2749999999999999 4.2300000000000013 35.750000000000007 -0.20666666666666697 2245.5000000000005 -0.0049999999999999897 16.650000000000002 55.750000000000007
decision_type=2 2 2 2 2 2 2 2 2 2 2 2 2 2 2
left_child=1 2 3 -1 7 -6 13 14 -7 11 -11 -10 -9 -5 -2
right_child=4 -3 -4 6 5 8 -8 12 9 10 -12 -13 -14 -15 -16
leaf_value=0.091782675941931804 0.030858582992162278 0.29704179728393398 0.15488915408486154 0.052869010247413618 0.13650718072787024 -0.097077085114872771 0.094191872571473531 -0.19141349399049357 -0.044011996843157306 0.033299673742864931 -0.071984460675214954 0.047637434847968112 -0.057130599227655988 -0.062009046151630526 -0.076472613548640128
leaf_weight=27 20 18 24 18 14.999999999999998 26 15.999999999999998 22 44 36 73 111 25 111 15.999999999999998
leaf_count=27 20 18 24 18 15 26 16 22 44 36 73 111 25 111 16
internal_value=-0.000432102 0.0336096 0.00925218 -0.0111184 -0.0192244 -0.00385385 -0.0303638 -0.0755736 -0.0111757 -0.00266322 -0.0371672 0.021577 -0.120366 -0.0459123 -0.0167854
internal_weight=602 214 196 172 388 305 145 83 290 264 109 155 47 129 36
internal_count=602 214 196 172 388 305 145 83 290 264 109 155 47 129 36
is_linear=0
shrinkage=0.05


Tree=136
num_leaves=19
num_cat=0
split_feature=104 62 0 43 73 76 4 54 31 16 69 108 70 3 37 82 72 106
split_gain=163.517 555.572 140.583 174.752 292.693 143.872 130.999 153.755 136.669 106.196 109.852 78.29 76.387 111.546 72.8936 70.8994 63.5807 53.7957
threshold=53.45000000000001 76.600000000000009 2722.0000000000005 -0.52499999999999936 3.5000000000000004 -6.8999999999999941 10.500000000000002 43.000000000000007 0.035833333333333169 4.7600000000000007 3.5000000000000004 3.5000000000000004 0.020000000000000909 3.5000000000000004 -2.6666666666666674 -0.24166666666666622 0.27833333333333382 8.1500000000000021
decision_type=2 2 2 2 2 2 2 2 2 2 2 2 2 2 2 2 2 2
left_child=2 -2 3 4 -1 -4 7 15 -9 10 -7 16 14 -14 -11 -5 -8 -13
right_child=1 -3 5 6 -6 9 11 8 -10 12 -12 17 13 -15 -16 -17 -18 -19
leaf_value=0.23078342920245087 0.33222475083458508 -0.065027211023874196 -0.16254305302838745 0.045722195246945256 -0.012416704451115106 -0.013190933270637174 -0.18193284210579175 0.022201732316169242 0.17421872449217377 -0.13239967939474726 -0.18574021817501929 0.044249953010782078 0.15843050781859469 -0.014809497183041948 -0.0097610108362399823 -0.071745979327785245 -0.050144385901421146 -0.068729929924348357
leaf_weight=22 14.999999999999998 21 23 15.999999999999998 28 18 18 184 15.999999999999998 14.999999999999998 19 20 14.999999999999998 24 62 63 19 22
leaf_count=22 15 21 23 16 28 18 18 184 16 15 19 20 15 24 62 63 19 22
internal_value=-0.00244194 0.100818 -0.008832 0.00727119 0.0947386 -0.0461734 -0.00495402 0.0111294 0.0344691 -0.0285526 -0.102194 -0.0617604 -0.00495265 0.0519282 -0.0338572 -0.047864 -0.11471 -0.0148339
internal_weight=620 36 584 408 50 176 358 279 200 153 37 79 116 39 77 79 37 42
internal_count=620 36 584 408 50 176 358 279 200 153 37 79 116 39 77 79 37 42
is_linear=0
shrinkage=0.05


Tree=137
num_leaves=9
num_cat=0
split_feature=33 107 35 97 88 96 31 90
split_gain=147.86 160.635 129.504 118.883 163.055 129.744 136.878 109.72
threshold=1.9366666666666672 58.500000000000007 -11.866666666666665 5.1250000000000009 3.9750000000000005 63.500000000000007 0.032499999999999758 48.550000000000004
decision_type=2 2 2 2 2 2 2 2
left_child=1 2 -1 4 -4 6 -5 -6
right_child=-2 -3 3 5 7 -7 -8 -9
leaf_value=-0.13232225486797985 0.13732023115645456 0.11096346584798225 -0.18140054941177369 0.0089069085298869675 0.036766671901481078 -0.1089420047275263 0.1310728361852378 -0.047774252771608308
leaf_weight=22 18 27 18 267 53 21 25 138
leaf_count=22 18 27 18 267 53 21 25 138
internal_value=-0.00336122 -0.00782803 -0.0137524 -0.00872127 -0.037918 0.0107643 0.0194247 -0.0242821
internal_weight=589 571 544 522 209 313 292 191
internal_count=589 571 544 522 209 313 292 191
is_linear=0
shrinkage=0.05


Tree=138
num_leaves=19
num_cat=0
split_feature=87 80 52 17 17 90 54 117 71 40 95 78 62 25 113 74 123 102
split_gain=123.559 737.605 143.979 97.8407 178.027 126.528 111.458 187.258 183.077 499.243 134.622 116.93 85.2444 84.1767 63.678 49.8579 50.9115 47.708
threshold=6.7150000000000007 -0.3591666666666668 4.3600000000000003 40.750000000000007 39.100000000000009 36.550000000000004 47.20000000000001 -0.8999999999999998 2.5000000000000004 2.5000000000000004 26.250000000000004 -3.4441666666666659 72.300000000000026 32.800000000000004 6.316666666666662 6.2416666666666627 -0.0016666666666666633 46.750000000000007
decision_type=2 2 2 2 2 2 2 2 2 2 2 2 2 2 2 2 2 2
left_child=1 -1 -3 4 6 -5 7 -2 9 -8 -10 -9 14 -14 -7 16 -4 -15
right_child=3 2 15 5 -6 12 8 11 10 -11 -12 -13 13 17 -16 -17 -18 -19
leaf_value=0.34185465353628547 -0.18544752550998911 0.11808062774554784 -0.024946634980462352 0.069063403710956969 0.12405545922745134 -0.2141537171227253 -0.060247481438814025 0.079150501404150544 0.084878580491096187 0.30625659168095876 -0.019665059534712502 -0.042015512351578542 -0.13302582735903778 -0.050746495718777922 -0.067402252673313318 0.012724789375798747 -0.14647264660028886 0.052206400679468537
leaf_weight=18 19 14.999999999999998 15.999999999999998 19 29 15.000000000000002 19 25 37 18 181 96 17 24 14.999999999999998 17 19 21
leaf_count=18 19 15 16 19 29 15 19 25 37 18 181 96 17 24 15 17 19 21
internal_value=0.00265679 0.0586241 -0.0177892 -0.00623517 0.0046973 -0.0480069 -0.00408223 -0.0399219 0.0155828 0.118262 -0.00186771 -0.0168952 -0.0722874 -0.0385858 -0.141412 -0.0572298 -0.0912897 -0.00258172
internal_weight=620 85 67 535 424 111 395 140 255 37 218 121 92 62 30 52 35 45
internal_count=620 85 67 535 424 111 395 140 255 37 218 121 92 62 30 52 35 45
is_linear=0
shrinkage=0.05


Tree=139
num_leaves=13
num_cat=0
split_feature=119 119 23 118 98 50 40 92 70 22 97 105
split_gain=141.582 349.004 139.102 412.96 100.444 134.498 146.863 144.293 82.2287 81.8691 101.572 46.0984
threshold=1.5516666666666665 1.1483333333333337 55.000000000000007 4.5000000000000009 40.050000000000004 19.900000000000002 4.5000000000000009 30.950000000000003 0.013333333333334087 0.15500000000000003 6.2150000000000007 21.250000000000004
decision_type=2 2 2 2 2 2 2 2 2 2 2 2
left_child=1 2 3 8 5 7 -7 -4 -1 11 -11 -6
right_child=-2 -3 4 -5 9 6 -8 -9 -10 10 -12 -13
leaf_value=0.050672793318653653 -0.14602836668491362 0.2268570834836155 -0.15519630484475422 0.26102759675829823 -0.18870383600229457 -0.014614293618776903 0.048176465468645346 0.037647098634663409 -0.10215532682342095 -0.073168125188603148 0.085692559626718234 -0.06560489820397418
leaf_weight=17 15.999999999999998 17 27 19 15.000000000000002 263 144 14.999999999999998 18 30 14.999999999999998 15.999999999999998
leaf_count=17 16 17 27 19 15 263 144 15 18 30 15 16
internal_value=0.00027301 0.00423279 -0.00233309 0.0739948 -0.0102061 -0.00119158 0.0075957 -0.0862791 -0.0278492 -0.0633255 -0.0200311 -0.125745
internal_weight=612 596 579 54 525 449 407 42 35 76 45 31
internal_count=612 596 579 54 525 449 407 42 35 76 45 31
is_linear=0
shrinkage=0.05


Tree=140
num_leaves=14
num_cat=0
split_feature=35 117 33 15 76 39 101 72 98 62 91 76 70
split_gain=174.297 144.762 104.348 147.468 220.955 150.249 146.583 126.773 111.986 88.772 71.5621 60.2692 49.4616
threshold=-12.766666666666664 -3.6675 0.96750000000000036 44.250000000000007 -11.741666666666662 1.132500000000001 27.500000000000004 0.15416666666666726 31.550000000000004 77.450000000000017 5.3750000000000009 1.3416666666666652 -0.0033333333333342981
decision_type=2 2 2 2 2 2 2 2 2 2 2 2 2
left_child=-1 -2 3 7 -5 -6 -4 12 -9 10 -8 -11 -3
right_child=1 2 6 4 5 -7 9 8 -10 11 -12 -13 -14
leaf_value=0.16982661659354406 0.11782419774604042 -0.042352759229575147 -0.18962954782097546 0.19528757178157732 0.045547594424280607 -0.031356058221110254 -0.026600427321607306 -0.059210581674897789 0.059707926945460725 0.10566264028134552 -0.12252940090631675 -0.0092111209812371624 -0.1483156435988926
leaf_weight=14.999999999999998 24 19 14.999999999999998 18 158 106 64 40 39 15.999999999999998 28 39 27
leaf_count=15 24 19 15 18 158 106 64 40 39 16 28 39 27
internal_value=0.00207077 -0.00219212 -0.00728292 0.00621677 0.0262634 0.0146505 -0.0412126 -0.0389533 -0.000439499 -0.0259154 -0.0559518 0.0242471 -0.104844
internal_weight=608 593 569 407 282 264 162 125 79 147 92 55 46
internal_count=608 593 569 407 282 264 162 125 79 147 92 55 46
is_linear=0
shrinkage=0.05


Tree=141
num_leaves=20
num_cat=0
split_feature=76 87 52 39 65 111 29 16 12 6 68 79 109 27 52 93 28 28 26
split_gain=170.414 188.079 796.259 213.701 116.949 198.703 159.151 181.647 140.311 113.67 111.051 93.0821 85.2922 128.317 78.9662 57.9846 65.294 62.0452 16.0264
threshold=12.349999999999996 6.7150000000000007 4.3600000000000003 0.40083333333333343 31.900000000000002 -0.65000000000000024 51.500000000000007 5.5250000000000012 59.20000000000001 7.0000000000000009 50.500000000000007 1.5000000000000002 0.016666666666667055 14.250000000000002 6.5850000000000009 24.250000000000004 6.0500000000000016 12.050000000000002 36.900000000000006
decision_type=2 2 2 2 2 2 2 2 2 2 2 2 2 2 2 2 2 2 2
left_child=1 2 -1 -4 9 -6 7 -7 -8 10 -3 -12 15 -14 18 -2 -17 -18 -15
right_child=12 4 3 -5 5 6 8 -9 -10 -11 11 -13 13 14 -16 16 17 -19 -20
leaf_value=0.40990879463636332 -0.1464806096378343 0.067700823964515405 0.088905059594612618 -0.1371215250167547 0.19634089377539898 0.23152610854931199 0.057830964853656269 -0.0060241302718286923 -0.060499731417565199 0.10430666122868744 -0.11722386330229578 -0.026507537998314474 0.12502150564941744 -0.053041796248085443 0.046396087443236235 -0.11696295008006224 0.065130928474546268 -0.060481025007705851 -0.12743940740231649
leaf_weight=14.999999999999998 23 26 23 19 17 15.999999999999998 41 15.999999999999998 64 17 34 168 14.999999999999998 15.000000000000002 15.999999999999998 26 14.999999999999998 28 14.999999999999998
leaf_count=15 23 26 23 19 17 16 41 16 64 17 34 168 15 15 16 26 15 28 15
internal_value=-0.00169006 0.0136232 0.0984993 -0.0133091 0.00146383 0.0356057 0.0154953 0.112946 -0.0142358 -0.0199821 -0.0293128 -0.0418518 -0.0473412 -0.00139876 -0.042913 -0.0777142 -0.0545409 -0.0164974 -0.0907065
internal_weight=609 456 57 42 399 154 137 32 105 245 228 202 153 61 46 92 69 43 30
internal_count=609 456 57 42 399 154 137 32 105 245 228 202 153 61 46 92 69 43 30
is_linear=0
shrinkage=0.05


Tree=142
num_leaves=15
num_cat=0
split_feature=90 12 18 0 74 87 98 72 71 105 52 29 31 25
split_gain=178.183 159.535 109.993 153.882 280.249 163.417 122.875 98.5229 125.372 101 89.7903 95.1376 85.5288 70.782
threshold=19.500000000000004 31.200000000000006 55.750000000000007 1185.5000000000002 -0.95833333333333381 6.8050000000000006 27.450000000000003 -0.16833333333333253 4.5000000000000009 13.450000000000001 7.5650000000000004 52.500000000000007 -0.0416666666666674 34.850000000000009
decision_type=2 2 2 2 2 2 2 2 2 2 2 2 2 2
left_child=-1 -2 3 4 5 -3 -6 12 9 -9 11 -5 -4 -10
right_child=1 2 7 10 6 -7 -8 8 13 -11 -12 -13 -14 -15
leaf_value=0.16139428533657252 0.12937979185363757 0.068369601025486601 -0.015621215677419248 -0.045748272496894254 0.12469339311452202 0.30249611202454729 -0.021856190933245572 0.15016960784891586 -0.11821166943650921 -0.0065592697429879806 -0.12452894952910686 0.01634076346055616 -0.16703269481065264 -0.01795650744162627
leaf_weight=17 22 15.000000000000002 14.999999999999998 97 18 14.999999999999998 68 14.999999999999998 31 32 17 169 25 41
leaf_count=17 22 15 15 97 18 15 68 15 31 32 17 169 25 41
internal_value=0.00231717 -0.00236383 -0.00758923 0.00641503 0.0548976 0.186215 0.0088681 -0.0427454 -0.0198353 0.0435671 -0.0134524 -0.00629062 -0.110559 -0.0612954
internal_weight=597 580 558 399 116 30 86 159 119 47 283 266 40 72
internal_count=597 580 558 399 116 30 86 159 119 47 283 266 40 72
is_linear=0
shrinkage=0.05


Tree=143
num_leaves=15
num_cat=0
split_feature=96 37 54 78 45 26 57 69 10 104 89 78 116 65
split_gain=111.647 108.377 117.804 263.382 271.01 113.26 145.839 123.482 121.141 112.962 186.66 106.102 104.666 43.8852
threshold=73.850000000000009 -15.799999999999997 47.20000000000001 -0.1916666666666664 -0.0050000000000000175 34.750000000000007 54.150000000000013 3.5000000000000004 4.535000000000001 13.750000000000002 16.350000000000005 -2.0949999999999993 3.5000000000000004 36.350000000000001
decision_type=2 2 2 2 2 2 2 2 2 2 2 2 2 2
left_child=1 -1 5 4 -4 8 7 -7 -3 13 -11 -10 -8 -5
right_child=-2 2 3 9 -6 6 12 -9 11 10 -12 -13 -14 -15
leaf_value=-0.13819768872383414 0.12010326494169497 0.028173987626791953 0.017412109994097969 -0.031710067168889543 0.30507515645185057 -0.018041888910786535 -0.1666052804970593 0.12884998328190081 0.0029729329346127771 0.17190557690391761 0.0017190481747308747 -0.12893099943072597 0.0063960737348851106 -0.13907052038880119
leaf_weight=14.999999999999998 18 25 18 22 14.999999999999998 28 15.999999999999998 29 20 17 280 63 19 17
leaf_count=15 18 25 18 22 15 28 16 29 20 17 280 63 19 17
internal_value=-0.00218431 -0.00598193 -0.00246399 0.0142752 0.148846 -0.0333645 0.0073548 0.0566998 -0.0680724 0.00100325 0.0115318 -0.0971214 -0.0727972 -0.0788721
internal_weight=602 584 569 369 33 200 92 57 108 336 297 83 35 39
internal_count=602 584 569 369 33 200 92 57 108 336 297 83 35 39
is_linear=0
shrinkage=0.05


Tree=144
num_leaves=16
num_cat=0
split_feature=115 23 107 68 109 105 96 24 24 118 117 22 107 113 59
split_gain=152.944 458.036 156.574 262.979 106.165 109.834 125.671 125.392 112.334 104.036 82.8171 69.8851 45.9176 45.2052 16.5292
threshold=17.275000000000006 64.450000000000017 48.500000000000007 48.500000000000007 -0.040000000000000473 4.4000000000000012 44.500000000000007 27.500000000000004 39.650000000000006 3.5000000000000004 1.7924999999999998 0.16500000000000004 53.500000000000007 -1.9249999999999987 34.850000000000001
decision_type=2 2 2 2 2 2 2 2 2 2 2 2 2 2 2
left_child=2 -2 3 -1 11 6 -6 9 -9 -7 -3 14 -8 -13 -4
right_child=1 10 4 -5 5 7 12 8 -10 -11 -12 13 -14 -15 -16
leaf_value=-0.051766162274176609 0.30491135547527615 0.056592893229788215 0.016822085036066078 0.21497057981010692 0.18553723807366479 -0.012418924264998233 -0.049312653869205379 0.043982609933493698 -0.020434457432734948 -0.16652570770029385 -0.09080938904736581 -0.18693869406024355 0.066703904341926884 -0.071106406089974858 -0.054691905773574516
leaf_weight=17 15.999999999999998 20 15.999999999999998 20 14.999999999999998 21 15.999999999999998 91 263 23 18 14.999999999999998 18 20 15.999999999999998
leaf_count=17 16 20 16 20 15 21 16 91 263 23 18 15 18 20 16
internal_value=0.00115465 0.0813852 -0.00671251 0.0924719 -0.0138786 -0.00506208 0.065479 -0.0137736 -0.0038534 -0.0932831 -0.0131531 -0.0725293 0.0119767 -0.121282 -0.0188381
internal_weight=605 54 551 37 514 447 49 398 354 44 38 67 34 35 32
internal_count=605 54 551 37 514 447 49 398 354 44 38 67 34 35 32
is_linear=0
shrinkage=0.05


Tree=145
num_leaves=16
num_cat=0
split_feature=14 45 113 57 82 84 57 29 83 0 28 84 92 94 33
split_gain=123.032 285.461 163.872 135.893 153.863 129.775 105.135 96.259 95.8789 176.618 104.784 92.0449 87.5113 83.9511 67.7397
threshold=33.100000000000001 0.015000000000000029 -15.508333333333333 60.95000000000001 0.048333333333332902 0.0083333333333333471 62.150000000000013 57.500000000000007 4.5000000000000009 1151.0000000000002 14.250000000000002 0.0033333333333333136 39.350000000000001 5.8900000000000015 -0.0091666666666676538
decision_type=2 2 2 2 2 2 2 2 2 2 2 2 2 2 2
left_child=3 2 -2 5 -5 7 8 11 10 -10 -4 13 -8 -1 -7
right_child=1 -3 6 4 -6 14 12 -9 9 -11 -12 -13 -14 -15 -16
leaf_value=-0.012863305685231433 0.15590236364749441 0.18991333386477305 0.02128497835929025 0.17990943634549517 -0.031238039023247524 -0.19740943499884681 -0.17619592694454636 -0.14728951758106812 0.18673988449635931 0.010927485482809633 -0.045383002124829215 0.072362353441962207 -0.012568028246500216 -0.12343895760545798 -0.061211452489070464
leaf_weight=93 17 22 128 14.999999999999998 20 19 14.999999999999998 14.999999999999998 19 57 109 25 18 21 18
leaf_count=93 17 22 128 15 20 19 15 15 19 57 109 25 18 21 18
internal_value=-0.00174051 0.0154401 0.00480281 -0.0310244 0.059366 -0.0476366 -0.00264961 -0.0273518 0.00629515 0.0551339 -0.00936179 -0.0142764 -0.087403 -0.0333667 -0.131629
internal_weight=611 385 363 226 35 191 346 154 313 76 237 139 33 114 37
internal_count=611 385 363 226 35 191 346 154 313 76 237 139 33 114 37
is_linear=0
shrinkage=0.05


Tree=146
num_leaves=8
num_cat=0
split_feature=35 11 72 76 31 116 117
split_gain=128.038 102.34 114.679 126.999 81.9542 130.353 94.3916
threshold=-12.991666666666665 61.20000000000001 -1.0724999999999996 -11.741666666666662 -0.05666666666666708 2.5000000000000004 -0.40333333333333327
decision_type=2 2 2 2 2 2 2
left_child=-1 2 -2 -4 6 -6 -5
right_child=1 -3 3 4 5 -7 -8
leaf_value=0.14065587202839505 -0.13466463703546463 -0.12384655740708934 0.10838010957414619 -0.10187173750149342 0.051798460253295368 -0.011407372117024193 -0.011727446954237416
leaf_weight=14.999999999999998 15.999999999999998 18 26 40 116 274 106
leaf_count=15 16 18 26 40 116 274 106
internal_value=-0.00311634 -0.00676615 -0.0030906 0.000669672 -0.004565 0.00738795 -0.0365116
internal_weight=611 596 578 562 536 390 146
internal_count=611 596 578 562 536 390 146
is_linear=0
shrinkage=0.05


Tree=147
num_leaves=15
num_cat=0
split_feature=25 23 117 33 55 35 88 49 50 12 55 55 39 66
split_gain=110.133 232.836 195.714 127.328 133.116 156.919 126.394 104.646 75.6356 58.8202 114.303 55.3392 44.4098 39.2464
threshold=27.900000000000002 55.000000000000007 -3.6675 0.96750000000000036 4.1350000000000007 -2.8083333333333331 3.7650000000000001 6.4250000000000007 21.250000000000004 39.550000000000004 5.0650000000000004 5.705000000000001 0.3316666666666675 17.350000000000005
decision_type=2 2 2 2 2 2 2 2 2 2 2 2 2 2
left_child=7 -2 -3 4 -4 -6 -5 9 -8 10 -1 12 -11 -14
right_child=1 2 3 6 5 -7 8 -9 -10 11 -12 -13 13 -15
leaf_value=0.096482338137619666 0.18980591606698644 0.16371198779079302 0.13402692752999143 -0.1706259980242445 -0.082416511767374315 0.02445380907966933 -0.11646651481149604 0.083943574630325618 -0.0060257727039959132 -0.16260060490025163 -0.066384482619279025 -0.016501326830451062 -0.015186671978026107 -0.12294847455463911
leaf_weight=17 18 19 23 15.999999999999998 40 239 18 15.999999999999998 109 21 29 26 17 17
leaf_count=17 18 19 23 16 40 239 18 16 109 21 29 26 17 17
internal_value=0.00242163 0.013862 0.0069864 0.000248239 0.0186628 0.00908994 -0.0385921 -0.0360875 -0.0217974 -0.051303 -0.00600739 -0.0769256 -0.105317 -0.0694167
internal_weight=625 482 464 445 302 279 143 143 127 127 46 81 55 34
internal_count=625 482 464 445 302 279 143 143 127 127 46 81 55 34
is_linear=0
shrinkage=0.05


Tree=148
num_leaves=14
num_cat=0
split_feature=35 107 43 50 90 51 4 66 67 109 72 106 89
split_gain=115.23 128.298 293.258 142.289 108.7 141.941 136.09 107.063 91.9455 90.2072 86.1719 59.4847 54.5584
threshold=-12.766666666666664 48.500000000000007 -0.022500000000000405 19.100000000000005 53.750000000000007 65.15000000000002 1.5000000000000002 26.050000000000004 10.250000000000002 -0.033333333333332764 -0.87750000000000028 6.4500000000000002 24.250000000000004
decision_type=2 2 2 2 2 2 2 2 2 2 2 2 2
left_child=-1 2 -2 10 5 6 -5 9 -4 -6 -3 -9 -7
right_child=1 3 8 4 7 12 -8 11 -10 -11 -12 -13 -14
leaf_value=0.13101981791280071 0.23265768064196268 -0.18811606850409718 -0.10929266109766547 -0.056277400370196129 0.084438169178487621 -0.13344335502002669 0.058221531778062101 0.0035488522910543914 0.065128622766559494 -0.015576236308736367 -0.036345251349476276 -0.08076354850939263 -0.011438919781748928
leaf_weight=15.999999999999998 18 17 15.000000000000002 31 27 17 156 27 14.999999999999998 134 21 91 20
leaf_count=16 18 17 15 31 27 17 156 27 15 134 21 91 20
internal_value=-0.000942914 -0.00455776 0.0736846 -0.0115214 -0.00445346 0.0214697 0.0391938 -0.0252844 -0.0219893 0.00120733 -0.104689 -0.0614427 -0.0678384
internal_weight=605 589 48 541 503 224 187 279 30 161 38 118 37
internal_count=605 589 48 541 503 224 187 279 30 161 38 118 37
is_linear=0
shrinkage=0.05


Tree=149
num_leaves=16
num_cat=0
split_feature=90 71 63 27 72 107 105 65 114 48 109 6 90 50 103
split_gain=118.145 96.8534 350.307 623.722 263.943 156.387 152.473 81.6522 98.9746 137.921 109.039 74.657 110.913 55.8422 49.0897
threshold=17.150000000000002 2.5000000000000004 36.900000000000006 18.350000000000005 -0.41749999999999948 54.500000000000007 16.300000000000004 55.550000000000004 2.5000000000000004 6.7350000000000012 1.0000000180025095e-35 1.0000000180025095e-35 56.050000000000004 19.100000000000005 60.350000000000009
decision_type=2 2 2 2 2 2 2 2 2 2 2 2 2 2 2
left_child=-1 2 5 -4 -5 13 -7 8 9 -3 -11 12 -10 -2 -13
right_child=1 7 3 4 -6 6 -8 -9 11 10 -12 14 -14 -15 -16
leaf_value=0.14170140381285687 -0.1683395671217065 0.1415349384923002 0.3972553423195152 -0.10462001756379742 0.17017708624371827 -0.050344740205410257 0.15847263268154599 -0.098226441800653694 0.12925197042095724 -0.045399798303413529 0.054207625699176643 -0.037941778213424412 -0.023765215022231893 -0.045885254760489075 0.05495398909050897
leaf_weight=14.999999999999998 17 23 15.999999999999998 18.999999999999996 16.000000000000004 19 15.999999999999998 25 19 52 58 237 31 21 14.999999999999998
leaf_count=15 17 23 16 19 16 19 16 25 19 52 58 237 31 21 15
internal_value=0.00361656 3.76479e-05 0.0392462 0.139676 0.020986 -0.0309434 0.0451517 -0.010527 -0.00545388 0.0304552 0.0070766 -0.0212896 0.0344234 -0.101097 -0.0323728
internal_weight=599 584 124 51 35 73 35 460 435 133 110 302 50 38 252
internal_count=599 584 124 51 35 73 35 460 435 133 110 302 50 38 252
is_linear=0
shrinkage=0.05


Tree=150
num_leaves=9
num_cat=0
split_feature=95 104 52 72 72 108 35 41
split_gain=120.566 105.381 446.152 79.46 228.964 119.29 104.148 88.8377
threshold=52.45000000000001 53.45000000000001 5.7750000000000012 -0.68500000000000016 -0.52666666666666584 3.5000000000000004 -11.866666666666665 1.0816666666666672
decision_type=2 2 2 2 2 2 2 2
left_child=1 3 -3 5 -5 -1 -6 -8
right_child=-2 2 -4 4 6 -7 7 -9
leaf_value=-0.15742581297571845 0.12983442614650167 0.28861700033411286 -0.052821267313427393 0.18076603876322692 -0.13594394726042422 0.00038349276187319407 -0.010820866718120319 0.1052631142848765
leaf_weight=22 17 14.999999999999998 26 15.999999999999998 15.999999999999998 26 452 17
leaf_count=22 17 15 26 16 16 26 452 17
internal_value=-0.0010376 -0.00483833 0.0723718 -0.0106257 -0.00472057 -0.0720187 -0.010886 -0.00658093
internal_weight=607 590 41 549 501 48 485 469
internal_count=607 590 41 549 501 48 485 469
is_linear=0
shrinkage=0.05


Tree=151
num_leaves=20
num_cat=0
split_feature=113 120 121 45 64 103 0 87 94 4 40 45 95 84 96 24 92 37 18
split_gain=135.768 73.7121 168.391 386.398 107.636 106.309 172.065 96.1298 166.775 96.2248 93.9716 104.818 101.331 85.6838 80.5087 76.0382 51.0712 50.7869 25.16
threshold=-17.091666666666665 4.5000000000000009 0.12083333333333314 1.0000000180025095e-35 39.650000000000006 48.20000000000001 1702.5000000000002 6.7950000000000008 4.5750000000000011 3.5000000000000004 1.5000000000000002 -0.011666666666666643 47.300000000000004 -0.004166666666666651 47.45000000000001 45.95000000000001 36.150000000000013 1.8333333333333324 52.750000000000007
decision_type=2 2 2 2 2 2 2 2 2 2 2 2 2 2 2 2 2 2 2
left_child=-1 2 5 4 -4 10 -7 13 -9 -10 11 -2 -12 16 -8 -11 -3 -15 -19
right_child=1 7 3 -5 -6 6 14 8 9 15 12 -13 -14 17 -16 -17 -18 18 -20
leaf_value=0.1243368905927263 -0.052776279702236507 -0.069904453555742888 0.086577257099534163 0.30181745284835237 -0.09082131569671352 0.15939598855102896 0.076048152676280234 0.14584661749949365 -0.1355545385539183 0.051969958859280053 -0.0251964625843299 0.09508518044448043 -0.14870227262460065 -0.18290578469387075 -0.067165084178763546 -0.045622614757961394 0.056230906105988854 -0.12007050442839072 -0.029267840413068309
leaf_weight=20 19 17 17 14.999999999999998 17 23 15.999999999999998 15.999999999999998 17 34 206 32 18 18 25 48 14.999999999999998 16.000000000000004 14.999999999999998
leaf_count=20 19 17 17 15 17 23 16 16 17 34 206 32 18 18 25 48 15 16 15
internal_value=-0.0034179 -0.00782216 0.00479298 0.0913416 -0.00198162 -0.0077255 0.050243 -0.0328102 -0.00336337 -0.0276514 -0.0212479 0.0399062 -0.0352053 -0.0745 -0.0111063 -0.00508249 -0.0106318 -0.116002 -0.0765299
internal_weight=604 584 388 49 34 339 64 196 115 99 275 51 224 81 41 82 32 49 31
internal_count=604 584 388 49 34 339 64 196 115 99 275 51 224 81 41 82 32 49 31
is_linear=0
shrinkage=0.05


Tree=152
num_leaves=11
num_cat=0
split_feature=35 35 49 0 110 76 113 115 95 50
split_gain=152.536 123.735 303.211 115.517 140.34 114.128 104.208 102.783 89.4836 119.778
threshold=-12.766666666666664 21.691666666666674 4.7950000000000008 2722.0000000000005 1.5000000000000002 -11.35 -13.516666666666664 19.058333333333348 42.800000000000004 26.950000000000003
decision_type=2 2 2 2 2 2 2 2 2 2
left_child=-1 3 -3 5 -5 -2 -7 -8 9 -6
right_child=1 2 -4 4 8 6 7 -9 -10 -11
leaf_value=0.159646977632251 0.1107103606619208 0.2588683075462746 -0.037615356961293006 -0.17013387388271814 -0.12836853608335416 0.11109980057128033 -0.012900839783760174 0.10362668964103679 0.089366165247579288 -0.012616459035480553
leaf_weight=14.999999999999998 25 14.999999999999998 20 19 29 20 322 20 14.999999999999998 97
leaf_count=15 25 15 20 19 29 20 322 20 15 97
internal_value=0.00275042 -0.00131145 0.0896821 -0.00715818 -0.0428839 0.00760649 0.00044364 -0.00604345 -0.0255929 -0.0393781
internal_weight=597 582 35 547 160 387 362 342 141 126
internal_count=597 582 35 547 160 387 362 342 141 126
is_linear=0
shrinkage=0.05


Tree=153
num_leaves=19
num_cat=0
split_feature=27 31 39 77 0 36 111 104 118 10 59 72 72 62 68 0 87 20
split_gain=151.556 102.567 136.164 199.737 245.583 307.611 152.383 144.89 90.1825 130.834 87.4817 78.0622 71.8587 165.824 70.5644 65.0894 45.4147 54.1009
threshold=48.800000000000004 -0.011666666666667156 0.38500000000000006 5.5000000000000009 2318.5000000000005 4.5000000000000009 -0.42916666666666664 17.850000000000005 2.5000000000000004 4.2300000000000013 31.750000000000004 -0.68500000000000016 0.55083333333333384 76.050000000000011 48.500000000000007 2434.5000000000005 6.745000000000001 27.250000000000004
decision_type=2 2 2 2 2 2 2 2 2 2 2 2 2 2 2 2 2 2
left_child=1 8 3 4 5 -3 7 -4 10 -10 15 -11 13 -12 -13 -1 -8 -18
right_child=-2 2 6 -5 -6 -7 16 -9 9 11 12 14 -14 -15 -16 -17 17 -19
leaf_value=0.012802926422804083 0.11826479367262595 0.32923437045581305 -0.051394449342165562 -0.052461273615785654 -0.012696080031168408 0.03480381077120763 -0.12677344131913984 0.14771784223067813 -0.16786294358719084 -0.12608281295394422 -0.010199097032946441 -0.12378492183659387 -0.013535918834908256 0.19813606445701959 -0.014931563014152585 -0.099527365430479964 -0.090731518081892504 -0.00013363076138522831
leaf_weight=29 24 20 14.999999999999998 24 22 15.999999999999998 15.999999999999998 23 19 20 19 15.999999999999998 26 19 202 23 26 45
leaf_count=29 24 20 15 24 22 16 16 23 19 20 19 16 26 19 202 23 26 45
internal_value=-0.00458032 -0.0096917 0.0185133 0.0685512 0.118715 0.198974 -0.0143001 0.069061 -0.0253585 -0.041875 0.0111954 -0.0317298 0.0503324 0.0940839 -0.0229968 -0.0368813 -0.0508056 -0.0334616
internal_weight=604 580 207 82 58 36 125 38 373 257 116 238 64 38 218 52 87 71
internal_count=604 580 207 82 58 36 125 38 373 257 116 238 64 38 218 52 87 71
is_linear=0
shrinkage=0.05


Tree=154
num_leaves=11
num_cat=0
split_feature=90 84 104 70 64 42 24 88 115 74
split_gain=130.439 116.847 198.045 161.442 117.515 105.428 77.5546 64.7885 80.5697 59.8578
threshold=19.500000000000004 -0.0083333333333333159 53.45000000000001 0.070833333333332874 19.100000000000005 5.5000000000000009 21.250000000000004 3.7900000000000005 -11.441666666666661 -2.4500000000000024
decision_type=2 2 2 2 2 2 2 2 2 2
left_child=-1 6 3 4 -3 -6 -2 -8 -9 -10
right_child=1 2 -4 -5 5 -7 7 8 9 -11
leaf_value=0.14026809597607723 -0.13714090358026279 -0.10588237827650888 0.16293483808707288 0.13858157034733848 -0.0077258587571725924 0.079010330038167861 -0.1233500532411187 0.091381043917644095 -0.088532643341174846 -0.012570083549435875
leaf_weight=15.999999999999998 15.999999999999998 26 21 21 237 41 14.999999999999998 15.999999999999998 31 158
leaf_count=16 16 26 21 21 237 41 15 16 31 158
internal_value=-0.000113207 -0.00400451 0.0144871 0.00483256 -0.00443277 0.005072 -0.0311309 -0.0233396 -0.0159408 -0.0250962
internal_weight=598 582 346 325 304 278 236 220 205 189
internal_count=598 582 346 325 304 278 236 220 205 189
is_linear=0
shrinkage=0.05


Tree=155
num_leaves=13
num_cat=0
split_feature=62 33 67 91 102 116 95 0 67 57 65 11
split_gain=121.079 112.723 68.7372 104.072 144.515 102.137 221.943 221.51 160.751 108.224 62.8413 36.3519
threshold=34.400000000000006 1.9741666666666668 17.500000000000004 4.3450000000000015 36.000000000000007 2.5000000000000004 41.250000000000007 2764.5000000000005 15.550000000000002 60.650000000000013 37.150000000000006 37.050000000000004
decision_type=2 2 2 2 2 2 2 2 2 2 2 2
left_child=-1 2 5 11 -5 6 7 -2 9 -7 -6 -4
right_child=1 -3 3 4 10 8 -8 -9 -10 -11 -12 -13
leaf_value=0.11811014875880817 0.13092020684258737 0.12818175532565212 -0.17107987985107467 0.11703354486683655 -0.093463149125504699 -0.03817608783591827 -0.08986055889805615 -0.031271419771642321 0.099074533026254463 0.049220284435290779 -0.0056851623621589058 -0.067703596841914487
leaf_weight=20 61 14.999999999999998 15.999999999999998 17 35 255 26 32 28 41 49 19
leaf_count=20 61 15 16 17 35 255 26 32 28 41 49 19
internal_value=-0.0025698 -0.00666071 -0.0101842 -0.0412634 -0.0154147 -0.00062451 0.0389593 0.075085 -0.015186 -0.0260411 -0.0423864 -0.115457
internal_weight=614 594 579 136 101 443 119 93 324 296 84 35
internal_count=614 594 579 136 101 443 119 93 324 296 84 35
is_linear=0
shrinkage=0.05


Tree=156
num_leaves=15
num_cat=0
split_feature=24 117 58 76 40 87 88 12 113 13 113 17 21 6
split_gain=88.7075 152.35 435.272 121.51 291.126 108.212 107.723 104.209 87.6983 87.2503 80.4106 55.8387 36.3064 32.2132
threshold=30.550000000000001 -2.8466666666666662 5.4850000000000012 -11.741666666666662 3.5000000000000004 6.8150000000000004 3.8700000000000006 40.300000000000004 5.8833333333333355 7.3250000000000011 5.2416666666666698 29.950000000000003 50.850000000000001 1.5000000000000002
decision_type=2 2 2 2 2 2 2 2 2 2 2 2 2 2
left_child=5 2 -2 4 -3 7 -5 -1 13 10 -8 -11 -9 -7
right_child=1 3 -4 6 -6 8 9 12 -10 11 -12 -13 -14 -15
leaf_value=-0.019264626958685829 -0.087313529525114134 0.24022579261257967 0.26562652809457632 -0.1092847134675331 -0.060441126114463208 -0.093726228600182718 0.021452566300817433 -0.098027673641346985 0.082611390995493833 -0.13697054143634865 -0.029257527019301784 -0.025390301719060371 -0.2064429580609991 0.0046690885509763445
leaf_weight=27 15.999999999999998 15.999999999999998 19 26 15.999999999999998 17 231 15.999999999999998 22 18 118 30 15.999999999999998 15.999999999999998
leaf_count=27 16 16 19 26 16 17 231 16 22 18 118 30 16 16
internal_value=-0.00525907 0.0039765 0.104351 -0.00375486 0.0900166 -0.0449683 -0.0108801 -0.0919467 0.00541135 -0.00439698 0.00428924 -0.0675346 -0.152865 -0.0459984
internal_weight=604 490 35 455 32 114 423 59 55 397 349 48 32 33
internal_count=604 490 35 455 32 114 423 59 55 397 349 48 32 33
is_linear=0
shrinkage=0.05


Tree=157
num_leaves=10
num_cat=0
split_feature=27 62 89 104 21 33 26 23 78
split_gain=137.206 127.632 88.5356 103.086 149.471 291.546 72.3698 84.2096 68.3435
threshold=48.800000000000004 34.400000000000006 11.250000000000002 34.750000000000007 48.550000000000004 -0.08916666666666638 14.250000000000002 60.350000000000009 -0.15750000000000017
decision_type=2 2 2 2 2 2 2 2 2
left_child=1 -1 -3 4 5 -4 -5 -8 -6
right_child=-2 2 3 6 8 -7 7 -9 -10
leaf_value=0.12207423470797339 0.12183576618654156 -0.11239778378709631 0.24407418912483589 -0.13422501830395703 0.03178090706555111 0.024157473682822148 0.089577506788519057 -0.033069329837431702 -0.036006409934777321
leaf_weight=19 22 20 17 15.999999999999998 51 128 14.999999999999998 189 136
leaf_count=19 22 20 17 16 51 128 15 189 136
internal_value=-0.000473083 -0.00505433 -0.00930648 -0.00554255 0.0120348 0.0501257 -0.0320846 -0.0239872 -0.0174851
internal_weight=613 591 572 552 332 145 220 204 187
internal_count=613 591 572 552 332 145 220 204 187
is_linear=0
shrinkage=0.05


Tree=158
num_leaves=20
num_cat=0
split_feature=64 25 54 99 45 78 74 0 123 51 65 63 111 122 63 17 14 93 103
split_gain=130.928 318.765 217.121 106.836 116.174 80.8074 130.403 120.876 75.5482 89.5673 112.083 111.351 68.4448 66.8117 65.9269 53.4043 46.3888 43.1125 36.4897
threshold=30.200000000000003 52.500000000000007 57.800000000000004 51.850000000000001 -0.0049999999999999897 -0.15750000000000017 -4.583333333333333 919.50000000000011 -0.0083333333333333436 58.350000000000001 55.550000000000004 38.45000000000001 -0.033333333333333652 4.5000000000000009 44.050000000000004 30.550000000000004 27.100000000000005 52.70000000000001 40.350000000000009
decision_type=2 2 2 2 2 2 2 2 2 2 2 2 2 2 2 2 2 2 2
left_child=1 2 3 14 -5 7 -7 -2 12 11 -11 -10 -8 15 16 -9 -1 -14 -17
right_child=5 -3 -4 4 -6 6 8 13 9 10 -12 -13 17 -15 -16 18 -18 -19 -20
leaf_value=0.024060004161692215 0.122788214263085 0.21642157730743358 0.14668356820755479 -0.030182179108838348 0.15756850628466007 -0.13058743682514698 -0.12531137055566696 -0.093373236201385754 -0.017706838502048173 -0.0045964634194855603 -0.14856821523596908 0.12063332405993313 -0.090612291589156901 0.074572784379477744 -0.13015836223737517 0.053499375394920806 -0.068444366997034947 -0.0047111467966145376 -0.034723377514140036
leaf_weight=26 24 22 24 18 14.999999999999998 27 24 21 28 130 14.999999999999998 30 20 21 20 20 28 54 28
leaf_count=26 24 22 24 18 15 27 24 21 28 130 15 30 20 21 20 20 28 54 28
internal_value=0.00089667 0.0407542 0.0110721 -0.0194073 0.0552262 -0.012895 -0.0255044 0.0233314 -0.0160215 0.00136446 -0.0196167 0.0538468 -0.0520508 -0.00324172 -0.0527868 -0.0270704 -0.0238507 -0.0280861 0.00196696
internal_weight=595 153 131 107 33 442 328 114 301 203 145 58 98 90 74 69 54 74 48
internal_count=595 153 131 107 33 442 328 114 301 203 145 58 98 90 74 69 54 74 48
is_linear=0
shrinkage=0.05


Tree=159
num_leaves=9
num_cat=0
split_feature=88 90 72 72 53 59 91 45
split_gain=99.5393 96.9198 78.6694 172.177 126.242 68.0663 99.6643 66.6643
threshold=3.0100000000000002 74.950000000000017 -0.68500000000000016 -0.49833333333333302 18.500000000000004 41.050000000000004 4.4150000000000009 0.011666666666666674
decision_type=2 2 2 2 2 2 2 2
left_child=-1 2 4 -4 -2 7 -7 -5
right_child=1 -3 3 5 -6 6 -8 -9
leaf_value=0.12866670947201206 0.022248039178517989 0.10656189672389434 0.14415742047687075 -0.003597664552914505 -0.13547314006687736 -0.15085010340035948 -0.01682588821339007 0.064171668506248336
leaf_weight=14.999999999999998 23 20 20 381 28 18 60 40
leaf_count=15 23 20 20 381 28 18 60 40
internal_value=0.0019006 -0.00133506 -0.00514771 0.00067069 -0.0643418 -0.00509799 -0.0479721 0.00284306
internal_weight=605 590 570 519 51 499 78 421
internal_count=605 590 570 519 51 499 78 421
is_linear=0
shrinkage=0.05


Tree=160
num_leaves=17
num_cat=0
split_feature=60 14 31 22 21 45 26 74 53 59 10 14 62 58 96 56
split_gain=83.3311 89.1166 104.073 330.51 84.1374 86.6991 81.5991 116.455 235.421 87.5825 84.7287 90.555 53.0709 65.0545 43.0261 35.9636
threshold=60.850000000000001 22.100000000000005 0.027499999999999417 0.16500000000000004 44.350000000000001 -0.017499999999999998 34.750000000000007 -6.5499999999999998 27.450000000000006 38.850000000000001 4.535000000000001 49.850000000000009 85.250000000000014 5.2350000000000012 55.45000000000001 29.650000000000002
decision_type=2 2 2 2 2 2 2 2 2 2 2 2 2 2 2 2
left_child=1 4 6 -4 -1 -6 10 8 -8 -9 -3 -12 13 -7 15 -2
right_child=14 2 3 -5 5 12 7 9 -10 -11 11 -13 -14 -15 -16 -17
leaf_value=-0.13128270281488028 -0.08771048563205644 0.063099646628407599 -0.031631502612328631 0.26346362172076421 -0.1185944444864814 0.091403618318905977 -0.027042092170034133 -0.0039465538129797671 0.2393934742226238 0.091127386960628512 -0.057570155420463856 0.035242822744454803 -0.076032731320018213 -0.017969404412523343 -0.11807731078558058 0.012289028892049154
leaf_weight=20 14.999999999999998 25 23 15.999999999999998 17 24 15.999999999999998 175 17 28 114 34 14.999999999999998 31 21 22
leaf_count=20 15 25 23 16 17 24 16 175 17 28 114 34 15 31 21 22
internal_value=-0.00402763 0.00192745 0.0117291 0.0896695 -0.039037 -0.0176473 0.00426477 0.0233922 0.11037 0.00918089 -0.0217977 -0.0362051 0.00693131 0.0297455 -0.061003 -0.0282437
internal_weight=613 555 448 39 107 87 409 236 33 203 173 148 70 55 58 37
internal_count=613 555 448 39 107 87 409 236 33 203 173 148 70 55 58 37
is_linear=0
shrinkage=0.05


Tree=161
num_leaves=10
num_cat=0
split_feature=15 35 76 0 102 31 45 37 37
split_gain=102.425 130.456 130.188 402.396 77.6163 86.1331 145.898 132.232 55.3319
threshold=81.600000000000009 23.225000000000005 -10.375000000000002 1850.5000000000002 1.0000000180025095e-35 0.024999999999999915 0.0033333333333333414 -12.441666666666668 14.125000000000002
decision_type=2 2 2 2 2 2 2 2 2
left_child=1 2 3 -1 -4 7 -7 -6 -2
right_child=8 -3 4 -5 5 6 -8 -9 -10
leaf_value=0.28683591914473111 -0.0090135951219878566 0.15032092160689903 -0.10918164273509928 -0.030998699826641551 -0.15016151232435215 0.0063562366198695293 0.18840294758679332 0.00041305592288681261 -0.13547578553878822
leaf_weight=15.999999999999998 15.999999999999998 15.999999999999998 15.999999999999998 26 14.999999999999998 35 15.999999999999998 422 19
leaf_count=16 16 16 16 26 15 35 16 422 19
internal_value=0.00485167 0.0100332 0.00588623 0.0903561 -0.00115953 0.00239357 0.0638237 -0.00477714 -0.0779973
internal_weight=597 562 546 42 504 488 51 437 35
internal_count=597 562 546 42 504 488 51 437 35
is_linear=0
shrinkage=0.05


Tree=162
num_leaves=15
num_cat=0
split_feature=1 35 99 99 31 51 68 87 26 22 19 115 70 98
split_gain=103.94 91.4982 79.4676 113.617 119.437 256.765 86.4252 66.3285 79.3905 55.2289 51.016 45.6945 31.6399 28.7441
threshold=5.5000000000000009 -12.991666666666665 58.050000000000004 50.150000000000006 0.0016666666666673715 61.650000000000013 54.500000000000007 6.8750000000000009 34.900000000000006 0.15500000000000003 5.1950000000000012 0.48333333333333078 -0.0033333333333342981 32.150000000000013
decision_type=2 2 2 2 2 2 2 2 2 2 2 2 2 2
left_child=1 -1 3 7 6 -6 -5 8 -3 12 -11 -2 -4 -9
right_child=11 2 9 4 5 -7 -8 13 -10 10 -12 -13 -14 -15
leaf_value=0.12218254190801786 -0.13526964595735963 -0.031739356647408637 -0.051537185564914822 0.043240951882406523 0.2495069020360873 -0.025017913817341281 -0.038416515708186522 -0.074735496048122768 0.027539334846716175 0.050231403063015378 -0.058954643295414146 -0.030433829877171581 -0.15357940032683462 0.0014014511374953371
leaf_weight=14.999999999999998 20 109 16.000000000000004 99 18 15.999999999999998 48 53 117 18 26 22 14.999999999999998 15.999999999999998
leaf_count=15 20 109 16 99 18 16 48 53 117 18 26 22 15 16
internal_value=-0.00488085 0.000748034 -0.0025703 0.00496079 0.0361437 0.120478 0.0165353 -0.0141606 -0.00103011 -0.0503772 -0.0141616 -0.0806771 -0.101408 -0.0570317
internal_weight=608 566 551 476 181 34 147 295 226 75 44 42 31 69
internal_count=608 566 551 476 181 34 147 295 226 75 44 42 31 69
is_linear=0
shrinkage=0.05


Tree=163
num_leaves=15
num_cat=0
split_feature=14 23 113 4 42 50 78 0 103 4 72 41 109 58
split_gain=97.7016 221.99 184.236 93.5729 80.1312 64.9035 130.396 155.245 79.9805 93.2848 72.6029 62.5828 59.9562 29.6373
threshold=22.300000000000001 55.000000000000007 -17.091666666666665 4.5000000000000009 3.5000000000000004 24.850000000000005 0.096666666666666692 980.50000000000011 34.900000000000006 4.5000000000000009 -0.26166666666666666 -0.030833333333333265 -0.010000000000000229 5.2350000000000012
decision_type=2 2 2 2 2 2 2 2 2 2 2 2 2 2
left_child=3 -2 -3 12 11 8 7 -7 9 -4 -8 -5 -1 -6
right_child=1 2 5 4 13 6 10 -9 -10 -11 -12 -13 -14 -15
leaf_value=-0.032311042692081862 0.15882182245633539 0.17495524481629696 -0.09045602397889084 0.014116997489942371 0.10802457250210623 0.14270491207778641 -0.10102485641499991 0.01374939055907844 -0.11450255988268834 0.071058746579274606 -0.0063753703662089494 -0.1172621486266015 -0.1392344896148002 0.011324367212534648
leaf_weight=25 24 14.999999999999998 15.999999999999998 18 14.999999999999998 32 22 86 27 20 246 18 28 17
leaf_count=25 24 15 16 18 15 32 22 86 27 20 246 18 28 17
internal_value=0.000879603 0.0108612 0.00316476 -0.0393114 -0.000398084 -0.00260089 0.00507128 0.0488539 -0.0496209 -0.000638814 -0.0141985 -0.0515769 -0.0890489 0.0570037
internal_weight=609 488 464 121 68 449 386 118 63 36 268 36 53 32
internal_count=609 488 464 121 68 449 386 118 63 36 268 36 53 32
is_linear=0
shrinkage=0.05


Tree=164
num_leaves=13
num_cat=0
split_feature=117 74 14 38 117 12 87 29 57 84 115 54
split_gain=82.1602 136.681 68.9898 137.658 151.065 124.652 104.133 100.041 94.1478 85.387 81.326 61.3021
threshold=-3.6675 -13.241666666666665 33.100000000000001 4.5000000000000009 -0.67666666666666642 61.250000000000007 6.7250000000000005 57.500000000000007 60.95000000000001 0.0083333333333333471 -15.90833333333334 58.95000000000001
decision_type=2 2 2 2 2 2 2 2 2 2 2 2
left_child=-1 -2 7 4 -4 -6 11 8 9 -3 -8 -5
right_child=1 2 3 6 5 -7 10 -9 -10 -11 -12 -13
leaf_value=0.096492889378540114 0.12019979965902561 -0.013547672102169454 0.20206243972115168 -0.029254052938201044 0.10428932855599438 -0.019107523264542018 -0.10162157629570248 -0.12816634656804979 0.070176888495626574 -0.10798062635616608 0.0089413725237917439 -0.16032621018719254
leaf_weight=22 22 118 14.999999999999998 19 34 51 18 23 26 30 205 17
leaf_count=22 22 118 15 19 34 51 18 23 26 30 205 17
internal_value=0.00187451 -0.0017343 -0.00658877 0.00644725 0.0562539 0.030257 -0.0127781 -0.0303614 -0.0173382 -0.0327832 -2.12921e-06 -0.0915604
internal_weight=600 578 556 359 100 85 259 197 174 148 223 36
internal_count=600 578 556 359 100 85 259 197 174 148 223 36
is_linear=0
shrinkage=0.05


Tree=165
num_leaves=14
num_cat=0
split_feature=33 2 31 44 18 67 70 15 73 45 20 53 39
split_gain=89.5281 76.6591 89.3763 247.972 79.8007 65.3775 78.6668 78.6748 58.2621 56.8037 62.9456 41.4064 35.5338
threshold=1.9741666666666668 5.5000000000000009 0.024999999999999915 3.5000000000000004 51.050000000000004 20.400000000000002 -0.044999999999999478 59.45000000000001 2.5000000000000004 -0.0083333333333333159 29.150000000000002 38.850000000000001 0.83166666666666733
decision_type=2 2 2 2 2 2 2 2 2 2 2 2 2
left_child=1 2 5 4 -4 6 8 -8 -1 12 -11 -3 -7
right_child=-2 11 3 -5 -6 9 7 -9 -10 10 -12 -13 -14
leaf_value=-0.1260833744186064 0.11739351642842324 -0.12570770009181884 -0.085746695307078277 0.22450261519562387 0.060736092340435179 -0.13908820953683473 -0.012258046097763644 0.035282839996153399 -0.020269112999208919 0.069174892348902547 -0.051932547973451496 -0.024595662213153971 -0.040036618343570779
leaf_weight=18 14.999999999999998 19 18 15.999999999999998 19 20 185 164 47 15.999999999999998 32 22 17
leaf_count=18 15 19 18 16 19 20 185 164 47 16 32 22 17
internal_value=-0.00281838 -0.00588686 -0.000972499 0.0606881 -0.0104301 -0.00754248 0.000650001 0.0100715 -0.049797 -0.0474573 -0.0113996 -0.071766 -0.0939434
internal_weight=608 593 552 53 37 499 414 349 65 85 48 41 37
internal_count=608 593 552 53 37 499 414 349 65 85 48 41 37
is_linear=0
shrinkage=0.05


Tree=166
num_leaves=19
num_cat=0
split_feature=87 52 18 87 80 60 71 60 60 94 74 28 88 0 41 89 55 1
split_gain=106.737 468.974 102.176 67.3835 92.6389 92.6006 109.591 217.559 86.2493 77.7083 73.4774 84.1678 63.3406 48.5752 47.3117 56.6436 56.4194 40.8957
threshold=6.7150000000000007 4.3600000000000003 57.550000000000004 6.7950000000000008 1.0016666666666671 50.350000000000001 2.5000000000000004 46.550000000000004 51.550000000000004 4.5150000000000006 -3.5999999999999992 8.8500000000000014 5.4050000000000011 432.50000000000006 0.54416666666666702 30.650000000000002 5.3950000000000005 1.5000000000000002
decision_type=2 2 2 2 2 2 2 2 2 2 2 2 2 2 2 2 2 2
left_child=1 -1 13 10 5 6 7 -5 -7 -10 11 -2 -8 -3 15 17 -17 -12
right_child=3 2 -4 4 -6 8 12 -9 9 -11 14 -13 -14 -15 -16 16 -18 -19
leaf_value=0.27670798634297283 -0.17428032410078942 -0.11134005166707238 0.089904898030487859 -0.00037002915594997989 0.1134480631112723 -0.13151363730430601 0.035220425008152027 0.22905891243128751 -0.12415848038227156 -0.0033954821417628944 0.023508580573921248 -0.023127051298530939 -0.030560752526208212 -0.0076812866876345941 -0.078676045985742543 0.085963326846935834 -0.010516053424497915 -0.07220138388265368
leaf_weight=18 18 19 18 26 18 19 68 17 14.999999999999998 114 15.999999999999998 19 79 28 26 25 38 36
leaf_count=18 18 19 18 26 18 19 68 17 15 114 16 19 79 28 26 25 38 36
internal_value=-0.00110139 0.0516035 -0.0109856 -0.00931085 0.00323698 -0.00264928 0.0204282 0.0905394 -0.0323034 -0.0175617 -0.0344223 -0.0970674 -9.41168e-05 -0.0498395 -0.0178909 -0.00404834 0.0277657 -0.0426676
internal_weight=617 83 65 534 356 338 190 43 148 129 178 37 147 47 141 115 63 52
internal_count=617 83 65 534 356 338 190 43 148 129 178 37 147 47 141 115 63 52
is_linear=0
shrinkage=0.05


Tree=167
num_leaves=14
num_cat=0
split_feature=80 112 80 102 26 95 12 88 113 105 117 57 62
split_gain=96.0126 325.585 240.673 107.024 114.38 91.7533 82.1219 73.6156 66.6933 64.4212 73.6251 57.8909 49.1898
threshold=-0.33416666666666689 1.5000000000000002 -0.37666666666666643 12.150000000000002 7.5000000000000009 48.95000000000001 46.350000000000001 6.4050000000000011 4.4750000000000005 15.550000000000002 0.1799999999999993 67.750000000000014 78.250000000000014
decision_type=2 2 2 2 2 2 2 2 2 2 2 2 2
left_child=1 -1 7 -2 -5 6 8 9 -6 12 -11 -8 -3
right_child=3 2 -4 4 5 -7 11 -9 -10 10 -12 -13 -14
leaf_value=0.23975215301527616 -0.13073223020819669 -0.082133181079727252 0.19047877452110651 0.12414074425834305 -0.13561959489067987 -0.11872801335226178 0.0072109196155133578 -0.089614311043330078 -0.021634969067788192 0.10598345983819842 -0.0095763364481823848 -0.089897463600272717 0.030368883300276584
leaf_weight=17 18 27 15.999999999999998 15.999999999999998 20 19 327 26 36 24 32 15.999999999999998 14.999999999999998
leaf_count=17 18 27 16 16 20 19 327 26 36 24 32 16 15
internal_value=0.000100431 0.0337817 0.00858199 -0.0115924 -0.00661063 -0.0116559 -0.00651625 -0.0149828 -0.0626021 0.00483753 0.0399608 0.00264163 -0.0418584
internal_weight=609 157 140 452 434 418 399 124 56 98 56 343 42
internal_count=609 157 140 452 434 418 399 124 56 98 56 343 42
is_linear=0
shrinkage=0.05


Tree=168
num_leaves=9
num_cat=0
split_feature=95 104 64 109 109 105 34 39
split_gain=98.783 86.9891 334.709 62.552 93.88 69.0929 75.4693 42.7136
threshold=52.850000000000001 53.45000000000001 43.900000000000006 -0.076666666666665759 -0.06250000000000043 35.100000000000009 5.5000000000000009 1.1441666666666672
decision_type=2 2 2 2 2 2 2 2
left_child=1 3 -3 -1 -5 6 -6 -7
right_child=-2 2 -4 4 5 7 -8 -9
leaf_value=-0.092958808425478462 0.12607602378390484 0.25367525711359573 -0.044199975403359681 0.11008711915615706 0.010844539844293703 -0.12086901430976334 -0.030581400613396887 -0.018440815646998326
leaf_weight=21 14.999999999999998 14.999999999999998 25 17 314 21 169 20
leaf_count=21 15 15 25 17 314 21 169 20
internal_value=-0.000227123 -0.00340293 0.0677326 -0.008486 -0.00518121 -0.00895066 -0.00364323 -0.0711921
internal_weight=617 602 40 562 541 524 483 41
internal_count=617 602 40 562 541 524 483 41
is_linear=0
shrinkage=0.05


Tree=169
num_leaves=10
num_cat=0
split_feature=111 84 72 72 66 105 88 78 18
split_gain=180.256 117.716 86.5603 129.095 89.3688 63.8768 96.4628 59.485 21.1416
threshold=-1.5933333333333328 0.034999999999999996 -0.68500000000000016 -0.52666666666666584 8.9000000000000004 20.400000000000002 5.955000000000001 0.055833333333333186 50.850000000000001
decision_type=2 2 2 2 2 2 2 2 2
left_child=-1 2 4 -4 -2 6 -5 -7 -6
right_child=1 -3 3 5 8 7 -8 -9 -10
leaf_value=0.16412189267807123 0.016753413811413168 0.11654993500072917 0.14031662489010008 -0.0053110109074045227 -0.08279189672691141 0.012879083018252047 0.073805793563869668 -0.044991046497580282 -0.16868632990398155
leaf_weight=15.999999999999998 17 19 14.999999999999998 234 15.000000000000002 62 46 155 14.999999999999998
leaf_count=16 17 19 15 234 15 62 46 155 15
internal_value=-0.000888354 -0.00549236 -0.00966954 -0.00369147 -0.0745401 -0.0080752 0.00769061 -0.0284354 -0.126323
internal_weight=594 578 559 512 47 497 280 217 30
internal_count=594 578 559 512 47 497 280 217 30
is_linear=0
shrinkage=0.05


Tree=170
num_leaves=9
num_cat=0
split_feature=62 0 11 65 95 6 65 56
split_gain=90.7442 92.6231 72.7711 73.3944 71.3955 153.83 101.428 65.6947
threshold=34.400000000000006 3935.0000000000005 61.20000000000001 52.750000000000007 25.950000000000006 4.5000000000000009 23.300000000000004 36.250000000000007
decision_type=2 2 2 2 2 2 2 2
left_child=-1 2 3 4 5 -2 -6 -5
right_child=1 -3 -4 7 6 -7 -8 -9
leaf_value=0.10867501124739645 0.0092859258273279201 0.11621125065750493 -0.11018695629531552 -0.015419758297159334 -0.043733814833370452 0.17972620723017474 0.010053079355003219 -0.14097953520671666
leaf_weight=19 59 15.999999999999998 15.999999999999998 27 121 17 317 17
leaf_count=19 59 16 16 27 121 17 317 17
internal_value=0.00140837 -0.00205533 -0.00538034 -0.00234697 0.00295426 0.0476625 -0.00480104 -0.0642545
internal_weight=609 590 574 558 514 76 438 44
internal_count=609 590 574 558 514 76 438 44
is_linear=0
shrinkage=0.05


Tree=171
num_leaves=11
num_cat=0
split_feature=96 27 96 35 97 26 92 31 97 25
split_gain=105.124 88.1399 205.51 100.779 58.3222 131.293 97.0187 92.1758 72.4437 65.9289
threshold=73.850000000000009 4.6000000000000005 51.95000000000001 -11.866666666666665 5.1250000000000009 29.300000000000001 22.400000000000002 0.029999999999999808 5.3850000000000007 29.700000000000003
decision_type=2 2 2 2 2 2 2 2 2 2
left_child=1 2 -1 -3 5 6 -5 8 -6 -7
right_child=-2 3 -4 4 7 9 -8 -9 -10 -11
leaf_value=-0.027600387918158165 0.1233116633013675 -0.13067971038522186 0.21396124647153139 -0.18751544338046461 0.034981485335719952 0.08502361243173702 -0.04629441692230233 0.096199691055501635 -0.01685744691171066 -0.012174414391336819
leaf_weight=21 17 15.999999999999998 14.999999999999998 17 104 20 43 28 191 132
leaf_count=21 17 16 15 17 104 20 43 28 191 132
internal_value=0.00110146 -0.00244974 0.0732257 -0.00741551 -0.00369603 -0.0240739 -0.0866357 0.00966675 0.00140669 0.000629418
internal_weight=604 587 36 551 535 212 60 323 295 152
internal_count=604 587 36 551 535 212 60 323 295 152
is_linear=0
shrinkage=0.05


Tree=172
num_leaves=9
num_cat=0
split_feature=73 74 68 27 84 65 117 37
split_gain=84.4694 258.848 107.114 98.8928 66.7316 67.6884 68.3508 65.1685
threshold=1.5000000000000002 -10.166666666666664 52.500000000000007 48.800000000000004 0.032499999999999994 52.750000000000007 0.18999999999999953 -13.08333333333333
decision_type=2 2 2 2 2 2 2 2
left_child=2 -2 -1 4 5 7 -7 -3
right_child=1 3 -4 -5 -6 6 -8 -9
leaf_value=0.018365440184240186 0.19484346397438942 -0.086629917394759046 -0.14562061005419466 0.10360309695604286 -0.10700217785302156 -0.11419817017162953 0.019367101576351964 0.0053051870678789935
leaf_weight=18 17 20 22 21 15.999999999999998 26 14.999999999999998 469
leaf_count=18 17 20 22 21 16 26 15 469
internal_value=-0.00163662 0.00317478 -0.0718404 -0.00259643 -0.00670841 -0.00365163 -0.0652829 0.00151789
internal_weight=624 584 40 567 546 530 41 489
internal_count=624 584 40 567 546 530 41 489
is_linear=0
shrinkage=0.05


Tree=173
num_leaves=8
num_cat=0
split_feature=107 102 33 35 106 106 123
split_gain=113.37 264.96 111.912 86.6496 76.3235 113.842 64.4178
threshold=58.500000000000007 31.400000000000002 1.9366666666666672 -11.708333333333336 27.250000000000004 23.650000000000002 -0.0083333333333333436
decision_type=2 2 2 2 2 2 2
left_child=2 -2 3 -1 5 6 -5
right_child=1 -3 -4 4 -6 -7 -8
leaf_value=-0.1046843604675467 -0.056678130314839585 0.23950555168635013 0.11438420347416599 -0.034759926299501857 0.074000400854652648 -0.11593886428026563 0.0050863267144168403
leaf_weight=24 15.000000000000002 14.999999999999998 18 144 27 25 342
leaf_count=24 15 15 18 144 27 25 342
internal_value=-0.00304929 0.0915513 -0.00796598 -0.0119132 -0.00774675 -0.0120895 -0.00671441
internal_weight=610 30 580 562 538 511 486
internal_count=610 30 580 562 538 511 486
is_linear=0
shrinkage=0.05


Tree=174
num_leaves=14
num_cat=0
split_feature=107 55 67 119 28 48 57 64 4 105 74 78 45
split_gain=70.5393 164.309 71.1367 65.3591 67.5559 118.065 116.341 124.142 105.081 96.3807 69.7075 120.101 56.6527
threshold=48.500000000000007 5.1250000000000009 10.250000000000002 1.5516666666666665 12.750000000000002 6.9250000000000007 60.650000000000013 29.700000000000003 7.5000000000000009 6.8000000000000016 -6.5499999999999998 -0.73000000000000054 -0.0016666666666666355
decision_type=2 2 2 2 2 2 2 2 2 2 2 2 2
left_child=1 -1 -3 4 5 6 8 -8 -2 -6 11 -11 -12
right_child=3 2 -4 -5 9 -7 7 -9 -10 10 12 -13 -14
leaf_value=0.1953873757741704 -0.033847319976984445 -0.074735006812023136 0.07169560215071491 -0.10057337501941369 -0.10855248733771652 0.13781299535082189 0.19837415729532182 0.017802226292219198 0.031076553735837249 -0.047439785666813131 -0.0028213109188402166 0.14346074144566914 -0.064362475977781261
leaf_weight=14.999999999999998 147 17 15.999999999999998 17 28 18 14.999999999999998 26 108 14.999999999999998 117 18 55
leaf_count=15 147 17 16 17 28 18 15 26 108 15 117 18 55
internal_value=0.000637214 0.0587667 -0.00358518 -0.00431066 -0.00129197 0.013833 0.00623277 0.0843087 -0.00632915 -0.0216936 -0.00975841 0.0566555 -0.0225552
internal_weight=612 48 33 564 547 314 296 41 255 233 205 33 172
internal_count=612 48 33 564 547 314 296 41 255 233 205 33 172
is_linear=0
shrinkage=0.05


Tree=175
num_leaves=18
num_cat=0
split_feature=87 80 17 60 82 110 110 58 91 92 45 19 96 80 62 13 92
split_gain=94.0953 355.142 72.9999 76.9526 159.658 80.36 67.5636 79.2527 65.4724 83.7891 59.6096 84.5396 52.2983 50.8268 46.8623 28.5624 33.6898
threshold=6.7150000000000007 -0.36666666666666664 40.750000000000007 50.550000000000004 0.14583333333333351 1.5000000000000002 3.5000000000000004 5.5650000000000004 3.0500000000000003 26.750000000000004 -0.01499999999999997 5.3450000000000006 57.95000000000001 -0.70249999999999957 86.950000000000017 6.785000000000001 20.150000000000002
decision_type=2 2 2 2 2 2 2 2 2 2 2 2 2 2 2 2 2
left_child=1 -1 3 4 8 -5 7 -7 -2 -10 -3 -12 -8 -4 15 16 -15
right_child=2 10 13 5 -6 6 12 -9 9 -11 11 -13 -14 14 -16 -17 -18
leaf_value=0.23696905770851054 -0.071936944957110158 -0.068673295020107258 0.036788662657234239 -0.12190602234520836 0.13273586650616129 -0.041832949704073398 -0.052448725020758882 0.080375209220845442 0.067328903727275499 -0.0065531792012592923 0.10207743900712228 -0.042867434325984749 0.045555213204822184 -0.005022104964618794 -0.0044527297395404123 -0.14011717147384739 -0.091128687716044085
leaf_weight=19 25 25 15.999999999999998 19 27 22 87 33 53 138 20 20 15.999999999999998 17 28 15.999999999999998 35
leaf_count=19 25 25 16 19 27 22 87 33 53 138 20 20 16 17 28 16 35
internal_value=-0.00172264 0.0474142 -0.00949793 5.79781e-05 0.0183328 -0.0249991 -0.0132444 0.031414 0.00395444 0.0139465 -0.00819629 0.0295541 -0.0371469 -0.0453453 -0.0591103 -0.0815034 -0.0631381
internal_weight=616 84 532 420 243 177 158 55 216 191 65 40 103 112 96 68 52
internal_count=616 84 532 420 243 177 158 55 216 191 65 40 103 112 96 68 52
is_linear=0
shrinkage=0.05


Tree=176
num_leaves=11
num_cat=0
split_feature=35 29 72 95 54 53 25 80 105 66
split_gain=90.7912 64.7834 202.65 62.1917 69.9898 107.222 82.0986 81.1752 73.774 53.3492
threshold=-12.766666666666664 48.500000000000007 0.083333333333332607 51.150000000000013 47.20000000000001 23.850000000000005 57.350000000000009 -0.11166666666666679 19.100000000000005 21.550000000000001
decision_type=2 2 2 2 2 2 2 2 2 2
left_child=-1 2 -2 4 6 -6 7 -3 -7 -4
right_child=1 3 9 -5 5 8 -8 -9 -10 -11
leaf_value=0.11919850750474742 0.19585636404360302 0.0002982131342009008 -0.074861997498579677 -0.096431444741007108 0.13706955341313851 0.024769814243350535 0.080427937436577501 -0.069535843454972726 -0.023154677482279083 0.044873860457819464
leaf_weight=14.999999999999998 15.999999999999998 70 19 20 14.999999999999998 160 14.999999999999998 102 161 18
leaf_count=15 16 70 19 20 15 160 15 102 161 18
internal_value=-0.00186843 -0.00494329 0.0477522 -0.0101037 -0.00677512 0.00685861 -0.0312894 -0.0411023 0.000717623 -0.0165134
internal_weight=611 596 53 543 523 336 187 172 321 37
internal_count=611 596 53 543 523 336 187 172 321 37
is_linear=0
shrinkage=0.05


Tree=177
num_leaves=17
num_cat=0
split_feature=4 74 27 91 55 31 92 50 72 56 49 19 23 106 105 48
split_gain=84.0077 189.661 168.699 97.0152 82.6182 85.3603 104.863 66.9935 87.0287 79.9669 54.3756 51.2619 46.8273 25.9883 21.5232 13.9081
threshold=9.5000000000000018 -13.091666666666665 41.900000000000013 5.1850000000000014 4.0650000000000004 -0.053333333333334114 48.250000000000007 35.850000000000001 -0.10166666666666656 36.95000000000001 6.1850000000000014 5.3350000000000009 86.15000000000002 7.2500000000000009 29.500000000000004 6.8050000000000006
decision_type=2 2 2 2 2 2 2 2 2 2 2 2 2 2 2 2
left_child=1 -1 4 10 -3 11 -7 9 -9 -5 12 -6 -2 15 -15 -10
right_child=3 2 -4 7 5 6 -8 8 13 -11 -12 -13 -14 14 -16 -17
leaf_value=0.17654885986046484 -0.097184470386216137 -0.094025924434354397 0.17021531782402899 -0.13486184837736667 -0.064988399036685351 0.032829915065697331 -0.058938681260989639 0.11471870884026569 -0.0023043281671421304 0.0079276927793166824 -0.15903305251220737 0.013146739005142108 0.010105397124152156 -0.041763961377377881 0.022471090978351087 0.058681759909185428
leaf_weight=17 23 22 14.999999999999998 19 57 225 36 18 18 20 15.999999999999998 33 18 46 18 19
leaf_count=17 23 22 15 19 57 225 36 18 18 20 16 33 18 46 18 19
internal_value=0.000154556 0.0135717 0.00637445 -0.025091 -0.000244776 0.00564411 0.0201353 -0.00486771 0.0137442 -0.0616756 -0.0809542 -0.0363006 -0.05005 -0.00429751 -0.023613 0.0289518
internal_weight=620 405 388 215 373 351 261 158 119 39 57 90 41 101 64 37
internal_count=620 405 388 215 373 351 261 158 119 39 57 90 41 101 64 37
is_linear=0
shrinkage=0.05


Tree=178
num_leaves=8
num_cat=0
split_feature=11 35 89 65 33 18 95
split_gain=95.7104 96.8331 80.9461 82.9987 65.2511 97.7956 69.7596
threshold=61.20000000000001 22.366666666666671 58.350000000000001 55.550000000000004 1.3683333333333343 47.000000000000007 12.200000000000001
decision_type=2 2 2 2 2 2 2
left_child=1 2 3 4 6 -6 -1
right_child=-2 -3 -4 -5 5 -7 -8
leaf_value=0.08631142207246971 -0.12090969751386538 0.10532279776501979 0.10901973251230226 -0.095437089428769356 -0.14772509333178482 0.00021859121691320362 0.00057692744961250605
leaf_weight=25 15.999999999999998 22 15.999999999999998 24 18 29 436
leaf_count=25 16 22 16 24 18 29 436
internal_value=-0.000679537 0.00270719 -0.00142176 -0.00477257 -0.000461422 -0.0565279 0.00525486
internal_weight=586 570 548 532 508 47 461
internal_count=586 570 548 532 508 47 461
is_linear=0
shrinkage=0.05


Tree=179
num_leaves=9
num_cat=0
split_feature=65 109 109 5 31 65 90 13
split_gain=94.3019 61.4559 106.857 54.9749 94.4251 68.367 67.1264 37.4589
threshold=4.9000000000000012 -0.07750000000000011 -0.065833333333334285 1.5000000000000002 0.013333333333333643 55.550000000000004 66.250000000000014 5.9650000000000007
decision_type=2 2 2 2 2 2 2 2
left_child=-1 -2 -3 5 7 6 -4 -5
right_child=1 2 3 4 -6 -7 -8 -9
leaf_value=0.12074213482883592 -0.099207708256983607 0.12822852493911391 0.0011942421498293341 -0.046035564892099923 0.1469606816693092 -0.094170572509780462 -0.047665309461437252 0.047100268341432328
leaf_weight=14.999999999999998 17 14.999999999999998 382 21 14.999999999999998 24 86 22
leaf_count=15 17 15 382 21 15 24 86 22
internal_value=-0.00260509 -0.00581292 -0.00297691 -0.00658699 0.0393919 -0.0120243 -0.00778181 0.00149804
internal_weight=597 582 565 550 58 492 468 43
internal_count=597 582 565 550 58 492 468 43
is_linear=0
shrinkage=0.05


Tree=180
num_leaves=16
num_cat=0
split_feature=16 113 12 111 113 72 103 50 72 97 72 42 54 106 104
split_gain=80.7364 250.563 157.183 144.512 84.6931 70.0004 72.3037 68.1914 60.6994 50.4229 37.4364 41.05 37.1748 40.7218 19.8495
threshold=4.8400000000000007 -17.091666666666665 31.200000000000006 -0.80000000000000016 -7.8999999999999995 -0.72250000000000048 37.250000000000007 40.350000000000001 -0.49833333333333302 5.1050000000000013 -0.055000000000000153 2.5000000000000004 58.100000000000001 13.150000000000002 18.350000000000005
decision_type=2 2 2 2 2 2 2 2 2 2 2 2 2 2 2
left_child=3 -2 -3 -1 -5 6 -4 10 -7 -10 11 -6 -9 -14 -12
right_child=1 2 5 4 7 8 -8 12 9 -11 14 -13 13 -15 -16
leaf_value=-0.169582111732653 0.20294889472656369 0.14629116669214889 -0.011641543378792198 0.088679789912979493 -0.07833005300960183 0.09154377933694513 -0.15405490859257465 0.072330650227002746 -0.024943570741423594 0.013152804156975879 -0.052107728183861605 0.036334727753866591 0.033549917520913505 -0.068338312005321852 -0.12790933917550479
leaf_weight=17 15.999999999999998 18 22 17 16.000000000000004 18 14.999999999999998 17 146 214 14.999999999999998 14.999999999999998 20 19 22
leaf_count=17 16 18 22 17 16 18 15 17 146 214 15 15 20 19 22
internal_value=-0.00154509 0.00926418 0.00205048 -0.0322806 -0.0155827 -0.00422743 -0.0697711 -0.0299769 0.00219175 -0.00228614 -0.0635989 -0.0227479 0.0108012 -0.0160079 -0.097537
internal_weight=607 449 433 158 141 415 37 124 378 360 68 31 56 39 37
internal_count=607 449 433 158 141 415 37 124 378 360 68 31 56 39 37
is_linear=0
shrinkage=0.05


Tree=181
num_leaves=16
num_cat=0
split_feature=117 35 115 68 39 114 25 95 95 45 82 62 25 59 106
split_gain=81.9176 72.2828 107.912 89.0401 87.824 75.8616 86.3926 75.2211 118.327 46.0952 45.0178 43.2739 35.5625 31.9544 24.4084
threshold=-3.6675 9.3000000000000007 -15.90833333333334 57.500000000000007 -0.11750000000000015 2.5000000000000004 41.900000000000013 46.850000000000009 39.250000000000007 0.0074999999999999937 -0.39749999999999991 77.450000000000017 30.900000000000002 32.850000000000001 4.9000000000000012
decision_type=2 2 2 2 2 2 2 2 2 2 2 2 2 2 2
left_child=-1 3 -3 4 9 6 -4 8 -6 12 -7 -12 -2 -11 -8
right_child=1 2 5 -5 7 10 14 -9 -10 13 11 -13 -14 -15 -16
leaf_value=0.089281427544174771 0.025307034195619384 -0.14983060422696565 0.10653627931785124 0.10200546968454148 0.0055829421923187872 0.028588069240028543 0.031001029818417122 -0.081064952243098898 0.093459711261776476 -0.13094194215305602 -0.076264121335932467 -0.016533387003401068 -0.048576984447468059 -0.03608897753221945 -0.048420593072177213
leaf_weight=23 31 17 22 23 175 21 15.999999999999998 18 49 18 70 54 34 18 24
leaf_count=23 31 17 22 23 175 21 16 18 49 18 70 54 34 18 24
internal_value=-0.00307066 -0.00669382 -0.0290622 0.00698664 0.000572671 -0.0190523 0.0271599 0.0169317 0.0248614 -0.0385528 -0.0388516 -0.0503269 -0.0132784 -0.0838853 -0.0165292
internal_weight=613 590 224 366 343 207 62 242 224 101 145 124 65 36 40
internal_count=613 590 224 366 343 207 62 242 224 101 145 124 65 36 40
is_linear=0
shrinkage=0.05


Tree=182
num_leaves=12
num_cat=0
split_feature=27 18 27 109 100 68 67 48 70 76 54
split_gain=73.3733 199.265 55.0439 55.1525 79.608 69.8332 56.3748 89.1192 75.3794 36.1769 44.751
threshold=4.6000000000000005 53.350000000000001 5.8500000000000005 -0.041666666666666512 0.15500000000000003 58.500000000000007 7.2500000000000009 6.7150000000000007 -0.0033333333333342981 2.8749999999999969 59.45000000000001
decision_type=2 2 2 2 2 2 2 2 2 2 2
left_child=1 -1 -2 4 -4 6 7 -5 -8 -6 -11
right_child=2 -3 3 5 9 -7 8 -9 -10 10 -12
leaf_value=-0.027179031261117943 -0.097645292630106753 0.20634050968763057 0.055250939430779966 -0.11679291069777303 -0.13488000379058351 0.10131103330188328 -0.01432713941180265 -0.010034224636279034 0.037947978384761792 0.0065717365612222266 -0.10465989695829257
leaf_weight=23 15.999999999999998 14.999999999999998 14.999999999999998 22 17 17 132 171 144 19 17
leaf_count=23 16 15 15 22 17 17 132 171 144 19 17
internal_value=-0.00199865 0.0651681 -0.00649585 -0.0038372 -0.0459812 0.00205745 -0.0015504 -0.0222837 0.0129326 -0.0747761 -0.0459602
internal_weight=608 38 570 554 68 486 469 193 276 53 36
internal_count=608 38 570 554 68 486 469 193 276 53 36
is_linear=0
shrinkage=0.05


Tree=183
num_leaves=16
num_cat=0
split_feature=25 4 37 88 10 9 40 50 109 82 104 64 117 51 37
split_gain=76.3825 415.564 68.1016 73.5288 85.3544 71.5321 64.9536 79.1143 118.326 59.6815 57.9564 53.9591 45.4724 33.2381 32.75
threshold=55.250000000000007 7.5000000000000009 -15.799999999999997 3.9350000000000005 5.5000000000000009 6.7550000000000008 1.5000000000000002 24.850000000000005 -0.065833333333334285 -0.079999999999999613 15.900000000000002 44.600000000000001 -0.20916666666666647 58.250000000000007 6.2416666666666609
decision_type=2 2 2 2 2 2 2 2 2 2 2 2 2 2 2
left_child=2 -2 -1 4 5 -4 9 10 -9 11 -8 -5 -3 -14 -11
right_child=1 12 3 6 -6 -7 7 8 -10 14 -12 -13 13 -15 -16
leaf_value=-0.11247279991377268 0.21501271987994355 -0.082462655830437243 -0.077498863689732134 0.1606381746367638 -0.13531773936812561 0.071807567528541519 0.017144073998730486 0.14020530463054479 -0.0032998854021450887 0.051226363401701093 -0.089023570145338848 0.030292076098021144 0.06561436988166626 -0.025782398152392347 -0.034909985099971549
leaf_weight=14.999999999999998 25 22 17 15.999999999999998 22 14.999999999999998 18 14.999999999999998 294 21 44 15.999999999999998 14.999999999999998 29 23
leaf_count=15 25 22 17 16 22 15 18 15 294 21 44 16 15 29 23
internal_value=-0.000379656 0.0418211 -0.00783839 -0.00467382 -0.0597312 -0.00735004 0.00197809 -0.00663979 0.00369332 0.0440661 -0.0581422 0.0959183 -0.0239322 0.00534034 0.0061101
internal_weight=607 91 516 501 54 32 447 371 309 76 62 32 66 44 44
internal_count=607 91 516 501 54 32 447 371 309 76 62 32 66 44 44
is_linear=0
shrinkage=0.05


Tree=184
num_leaves=19
num_cat=0
split_feature=25 52 31 95 99 18 33 29 105 120 66 104 102 10 106 23 24 12
split_gain=76.0581 356.967 79.0949 137.503 220.359 100.214 72.5251 64.393 63.7216 86.4876 80.8436 73.9916 66.0348 65.5952 62.6923 56.8017 36.9581 37.0119
threshold=55.250000000000007 4.4350000000000014 -1.0000000180025095e-35 38.95000000000001 49.850000000000009 39.650000000000013 -0.85583333333333289 54.500000000000007 16.300000000000004 2.5000000000000004 31.950000000000006 21.950000000000003 31.000000000000004 4.7100000000000009 6.8000000000000016 75.950000000000017 60.850000000000001 65.550000000000011
decision_type=2 2 2 2 2 2 2 2 2 2 2 2 2 2 2 2 2 2
left_child=2 -2 6 5 -5 -4 -1 15 9 11 -11 -8 -10 -14 -3 -7 17 -16
right_child=1 14 3 4 -6 7 8 -9 12 10 -12 -13 13 -15 16 -17 -18 -19
leaf_value=-0.12181565885588248 0.2418760011857633 0.063627689557647277 0.097662454423654135 0.0049066387565180475 0.2400303565619285 -0.13968269541777298 -0.064127946616207035 0.025179107967777399 0.076839479782827388 -0.078490005616946523 0.033973491574145108 0.06090096571316117 0.093617359255224672 -0.015500229137694891 -0.014064079365193447 -0.023920139693209039 0.017201545159698156 -0.12374710229613024
leaf_weight=15.999999999999998 18 22 18 24 17 18 18 28 28 97 19 34 14.999999999999998 156 15.000000000000002 26 19 15.999999999999998
leaf_count=16 18 22 18 24 17 18 18 28 28 97 19 34 15 156 15 26 19 16
internal_value=0.000991419 0.0433738 -0.00642689 0.0270818 0.102865 -0.00746225 -0.0179052 -0.0339118 -0.0133295 -0.0359993 -0.0600128 0.0174857 0.00579219 -0.00585017 -0.00644902 -0.0716003 -0.037448 -0.0710513
internal_weight=604 90 514 131 41 90 383 72 367 168 116 52 199 171 72 44 50 31
internal_count=604 90 514 131 41 90 383 72 367 168 116 52 199 171 72 44 50 31
is_linear=0
shrinkage=0.05


Tree=185
num_leaves=21
num_cat=0
split_feature=70 74 80 23 92 117 63 96 15 13 99 109 107 30 53 21 10 20 56 105
split_gain=76.0224 196.903 436.82 82.6486 175.281 96.8291 76.7669 75.9399 63.6305 59.4771 57.4027 97.2828 51.7434 43.7064 35.5536 32.0074 27.6456 25.05 24.0331 21.9087
threshold=1.0000000180025095e-35 -5.849999999999997 -0.23749999999999979 89.500000000000014 37.350000000000001 -1.6083333333333329 48.050000000000004 51.45000000000001 81.600000000000009 4.2150000000000007 53.900000000000006 0.043333333333334341 51.500000000000007 3.5000000000000004 28.650000000000002 45.750000000000007 5.8250000000000011 30.350000000000005 35.550000000000004 18.900000000000002
decision_type=2 2 2 2 2 2 2 2 2 2 2 2 2 2 2 2 2 2 2 2
left_child=8 2 -2 5 -5 -3 7 -7 10 -8 12 14 13 19 -12 18 -17 -16 -14 -1
right_child=1 3 -4 4 -6 6 9 -9 -10 -11 11 -13 15 -15 17 16 -18 -19 -20 -21
leaf_value=-0.059663857968512528 0.30316191556045369 -0.10805289656294825 -0.011812946035980754 0.18126892309162501 -0.019623708346947974 -0.0088220124625828077 -0.13050926973093424 0.074311646587006799 -0.10707427194995406 -0.018490071657135312 -0.05958904643982519 0.11160938718958811 -0.047919084272960911 0.078722437014237284 0.062171107481197752 -0.0040847488232087443 -0.052800386430952889 -0.014289174460131546 -0.13157971329641657 0.022708800932542877
leaf_weight=15.999999999999998 18 24 28 18 27 70 14.999999999999998 45 19 56 23 22 21 18 18 57 60 26 14.999999999999998 15.999999999999998
leaf_count=16 18 24 28 18 27 70 15 45 19 56 23 22 21 18 18 57 60 26 15 16
internal_value=-0.00127736 0.0166238 0.11172 -0.000548258 0.0608462 -0.0137507 -0.0015043 0.0237014 -0.0186188 -0.0423767 -0.0128113 0.0206219 -0.0274967 0.0165649 -0.0093019 -0.04193 -0.0291336 0.0169467 -0.0831841 -0.0183793
internal_weight=612 301 46 255 45 210 186 115 311 71 292 89 203 50 67 153 117 44 36 32
internal_count=612 301 46 255 45 210 186 115 311 71 292 89 203 50 67 153 117 44 36 32
is_linear=0
shrinkage=0.05


Tree=186
num_leaves=17
num_cat=0
split_feature=37 70 119 76 39 39 72 6 29 39 23 99 67 65 70 20
split_gain=130.696 70.3295 148.82 72.3685 96.6305 104.521 77.742 58.6564 60.1444 48.0356 58.0642 43.5417 41.5933 40.7769 39.9473 29.7089
threshold=-14.83333333333333 -0.020000000000000014 1.1483333333333337 11.79166666666667 -0.0050000000000001146 0.40083333333333343 0.15416666666666726 5.5000000000000009 53.500000000000007 -0.031666666666665837 68.050000000000011 53.900000000000006 6.4000000000000012 29.050000000000004 -0.044999999999999478 34.750000000000007
decision_type=2 2 2 2 2 2 2 2 2 2 2 2 2 2 2 2
left_child=-1 9 3 4 6 -6 -3 8 -5 12 -11 13 -2 -12 -14 -13
right_child=1 2 -4 7 5 -7 -8 -9 -10 10 11 15 14 -15 -16 -17
leaf_value=0.15075107370780794 -0.050639918622393032 -0.10751098557597115 0.15048784473679316 -0.049625726128882983 0.11032019625310703 0.019673059768160351 0.010532288994650725 -0.10548521606483269 0.037834566872866203 -0.12626757295050237 -0.084879117034708115 -0.023979664481047429 -0.011434360869352332 -0.016870568221936565 0.087644306841221709 0.058017982464831024
leaf_weight=14.999999999999998 15.999999999999998 23 19 43 39 172 35 20 36 15.999999999999998 38 23 17.999999999999996 53 23.000000000000004 21
leaf_count=15 16 23 19 43 39 172 35 20 36 16 38 23 18 53 23 21
internal_value=0.005479 0.00178356 0.0143928 0.00731361 0.0207746 0.0364958 -0.0362964 -0.0291957 -0.00970975 -0.0216485 -0.0364155 -0.0256438 0.0173786 -0.0453866 0.0441027 0.015085
internal_weight=610 595 387 368 269 211 58 99 79 208 151 135 57 91 41 44
internal_count=610 595 387 368 269 211 58 99 79 208 151 135 57 91 41 44
is_linear=0
shrinkage=0.05


Tree=187
num_leaves=15
num_cat=0
split_feature=65 109 105 98 48 28 43 88 72 35 18 92 95 0
split_gain=75.4384 235.703 65.6515 86.5091 80.8524 88.9532 69.7991 68.1936 71.1671 93.6181 54.048 44.8949 27.8316 15.5861
threshold=13.450000000000001 -0.013333333333334084 4.4000000000000012 36.050000000000004 6.7350000000000012 4.7500000000000009 0.16249999999999967 3.9750000000000005 -0.68500000000000016 -11.866666666666665 52.050000000000004 37.95000000000001 33.750000000000007 1744.0000000000002
decision_type=2 2 2 2 2 2 2 2 2 2 2 2 2 2
left_child=1 -1 3 13 5 -4 11 -6 -9 -10 -3 -7 -8 -2
right_child=2 10 4 -5 7 6 12 8 9 -11 -12 -13 -14 -15
leaf_value=0.19000017412042167 -0.032397838894105108 0.038625910331072405 0.10616563234711925 0.15005807359487017 -0.099509471609217914 -0.077950066534861973 0.10706989919113008 -0.090466907205655409 -0.11601743467191127 -0.0017952114450066618 -0.065434697857408811 0.022914525526910198 0.013316898050102575 0.038282685379804289
leaf_weight=21 15.000000000000002 27 27 14.999999999999998 26 28 14.999999999999998 29 19 297 23 18 17 15.999999999999998
leaf_count=21 15 27 27 15 26 28 15 29 19 297 23 18 17 16
internal_value=0.00152435 0.0498484 -0.00504718 0.0519093 -0.0105716 0.0281248 0.000945333 -0.0215416 -0.0156241 -0.00871335 -0.00917723 -0.0384088 0.057616 0.00392746
internal_weight=593 71 522 46 476 105 78 371 345 316 50 46 32 31
internal_count=593 71 522 46 476 105 78 371 345 316 50 46 32 31
is_linear=0
shrinkage=0.05


Tree=188
num_leaves=13
num_cat=0
split_feature=111 27 16 63 72 105 72 103 11 63 119 3
split_gain=81.7068 64.5583 118.837 49.9832 61.8889 90.5078 76.9787 61.8599 50.0345 46.6481 22.0787 9.53663
threshold=-1.6424999999999996 4.6000000000000005 5.2650000000000006 62.20000000000001 -0.68500000000000016 10.600000000000001 -0.52666666666666584 50.750000000000007 37.750000000000007 31.400000000000002 -0.15499999999999978 3.5000000000000004
decision_type=2 2 2 2 2 2 2 2 2 2 2 2
left_child=-1 2 -2 4 5 -3 -6 -8 -5 -7 -10 -12
right_child=1 3 -4 8 6 9 7 -9 10 -11 11 -13
leaf_value=0.11552102861814942 -0.022888328216562226 -0.15583229556383676 0.15366060669991852 -0.12769616353788124 0.1121717375627956 0.036108712405724899 -0.0061817128943911547 0.050914649482878431 0.018597872190528515 -0.075739086014421086 -0.021154252656840331 -0.078222426880669119
leaf_weight=14.999999999999998 20 14.999999999999998 18 14.999999999999998 15.999999999999998 22 385 54 19 15.999999999999998 15.000000000000002 14.999999999999998
leaf_count=15 20 15 18 15 16 22 385 54 19 16 15 15
internal_value=0.000619731 -0.00221599 0.0607927 -0.00642051 -0.00116039 -0.0522498 0.00478987 0.000840139 -0.0480278 -0.010929 -0.0233273 -0.0500195
internal_weight=625 610 38 572 508 53 455 439 64 38 49 30
internal_count=625 610 38 572 508 53 455 439 64 38 49 30
is_linear=0
shrinkage=0.05


Tree=189
num_leaves=24
num_cat=0
split_feature=9 25 64 54 6 74 0 58 88 74 116 97 66 65 45 105 80 80 109 109 21 12 93
split_gain=72.3765 209.306 591.498 84.7948 81.5491 108.057 271.174 66.4152 83.9647 62.566 127.868 56.8429 52.469 55.6918 51.7472 46.5808 42.2414 38.573 36.9623 35.1697 30.7372 23.7718 9.40768
threshold=6.7150000000000007 45.650000000000006 32.050000000000004 58.400000000000006 3.5000000000000004 -0.62499999999999989 2061.5000000000005 4.7150000000000007 5.6650000000000009 -3.9000000000000052 2.5000000000000004 5.955000000000001 13.150000000000002 22.850000000000005 0.005833333333333344 4.2500000000000009 0.66750000000000054 0.047500000000000327 0.026666666666665954 0.0066666666666663774 51.95000000000001 60.100000000000009 55.550000000000004
decision_type=2 2 2 2 2 2 2 2 2 2 2 2 2 2 2 2 2 2 2 2 2 2 2
left_child=1 12 -3 -4 7 6 -6 8 -2 10 -9 15 18 -14 19 -7 -17 -16 -1 -11 22 -12 -15
right_child=4 2 3 -5 5 11 -8 9 -10 14 21 -13 13 20 17 16 -18 -19 -20 -21 -22 -23 -24
leaf_value=-0.017094230654169311 0.078968841969648707 0.37153932571731857 0.091061648355787672 -0.043404779117885858 0.20664956635074919 0.086039358298510116 -0.033498200275508531 -0.21296987201993833 -0.054815883182026251 -0.040562995867847972 0.010061488004512342 -0.091112857395319977 -0.12096795167839317 -0.072760708819820261 -0.13915234515385597 0.004699343225338961 -0.085293187684570726 -0.030463345091768176 0.09167014938711332 0.011034207376509951 0.035755946310185596 -0.078491717483231568 -0.017952949252928268
leaf_weight=16.000000000000004 28 14.999999999999998 20 28 22 14.999999999999998 25 14.999999999999998 20 63 15.000000000000002 18 17 15.999999999999998 15.999999999999998 95 14.999999999999998 17 14.999999999999998 69 18 14.999999999999998 15.999999999999998
leaf_count=16 28 15 20 28 22 15 25 15 20 63 15 18 17 16 16 95 15 17 15 69 18 15 16
internal_value=-0.00118539 0.0275484 0.0985881 0.0125918 -0.0115266 0.0133097 0.0790053 -0.0298344 0.0231232 -0.041968 -0.094216 -0.00828769 -0.0181229 -0.0430232 -0.0276398 0.00366247 -0.00759328 -0.0835733 0.0354985 -0.0135659 -0.0162337 -0.0341627 -0.0456539
internal_weight=609 161 63 48 448 190 47 258 48 210 45 143 98 67 165 125 110 33 31 132 50 30 32
internal_count=609 161 63 48 448 190 47 258 48 210 45 143 98 67 165 125 110 33 31 132 50 30 32
is_linear=0
shrinkage=0.05


Tree=190
num_leaves=20
num_cat=0
split_feature=87 49 84 39 117 74 96 115 41 84 76 41 76 98 105 25 55 57 0
split_gain=71.6025 292.038 80.3013 124.737 51.2635 127.343 108.146 113.984 78.0865 103.669 87.3197 83.1999 48.9612 41.3884 40.1001 40.3092 30.6156 16.2158 14.9661
threshold=6.7150000000000007 4.6700000000000008 -0.0016666666666666633 0.44333333333333297 -0.8999999999999998 -2.9083333333333292 53.850000000000001 -13.70833333333333 0.4041666666666664 -0.011666666666666643 -11.741666666666662 0.046666666666667307 -8.1333333333333275 31.450000000000003 4.9000000000000012 38.000000000000007 4.8450000000000006 48.550000000000004 1850.5000000000002
decision_type=2 2 2 2 2 2 2 2 2 2 2 2 2 2 2 2 2 2 2
left_child=1 -1 3 -3 5 -2 7 -7 9 14 -11 -12 -10 18 -6 -16 -15 -4 -14
right_child=4 2 17 -5 8 6 -8 -9 12 10 11 -13 13 16 15 -17 -18 -19 -20
leaf_value=0.23756599683569088 -0.14540610973021428 0.14571988478055972 -0.091261415938470536 -0.045510469599169975 0.044926773717528901 0.15626285050483729 -0.078996793462341175 -0.016258161249338609 -0.11806953000706553 0.13182156912947152 0.0029354534755215694 0.072747947892321099 -0.087175329417978981 0.067112240158252831 -0.0036343666126307642 -0.071073591803683375 -0.01777420148876319 -0.022030009173635227 -0.02345640147377176
leaf_weight=15.999999999999998 21 18 14.999999999999998 15.999999999999998 17 14.999999999999998 29 26 14.999999999999998 21 137 62 21 15.999999999999998 43 46 31 20 17
leaf_count=16 21 18 15 16 17 15 29 26 15 21 137 62 21 16 43 46 31 20 17
internal_value=0.00331033 0.045814 0.000997985 0.0557129 -0.00367554 -0.0377239 -0.00518653 0.0469643 0.00359311 0.0154604 0.0350365 0.0247368 -0.0350212 -0.0201854 -0.0251167 -0.0385874 0.0110983 -0.0520185 -0.0589371
internal_weight=602 85 69 34 517 91 70 41 426 326 220 199 100 85 106 89 47 35 38
internal_count=602 85 69 34 517 91 70 41 426 326 220 199 100 85 106 89 47 35 38
is_linear=0
shrinkage=0.05


Tree=191
num_leaves=17
num_cat=0
split_feature=111 12 16 64 35 120 121 24 15 0 103 96 87 111 104 105
split_gain=130.654 84.7941 56.9041 94.323 92.0194 70.6528 146.576 222.102 66.5741 58.5162 53.0194 51.0477 57.5208 48.4409 31.7097 23.2413
threshold=-1.5933333333333328 31.200000000000006 5.5750000000000011 40.20000000000001 2.491666666666664 4.5000000000000009 0.081666666666667012 45.650000000000006 65.850000000000009 1198.0000000000002 46.300000000000004 58.350000000000001 6.8050000000000006 1.0000000180025095e-35 17.500000000000004 16.650000000000002
decision_type=2 2 2 2 2 2 2 2 2 2 2 2 2 2 2 2
left_child=-1 -2 5 9 10 6 8 -8 -3 15 -5 12 -7 -6 -11 -4
right_child=1 2 3 4 13 11 7 -9 -10 14 -12 -13 -14 -15 -16 -17
leaf_value=0.14341781721537158 0.088918804982491578 -0.016172321506709341 -0.16292370538048398 0.11894424529704034 -0.075218425329737493 -0.088701862080720562 0.23290825543915414 -0.0052261292341336677 0.043716106196379764 0.023935296451836299 -0.0025142005243838231 0.044746170253640388 -0.010548712243361775 0.015172489105221332 -0.055443909097929546 -0.075961869824350922
leaf_weight=15.999999999999998 25 130 14.999999999999998 22 30 37 19 20 72 17 14.999999999999998 22 65 29 47 17
leaf_count=16 25 130 15 22 30 37 19 20 72 17 15 22 65 29 47 17
internal_value=0.00291017 -0.00096797 -0.0050266 -0.0270591 0.00794119 0.00655367 0.022341 0.110959 0.00516038 -0.0620834 0.0696955 -0.0240828 -0.0390065 -0.0307539 -0.0342764 -0.117262
internal_weight=598 582 557 192 96 365 241 39 202 96 37 124 102 59 64 32
internal_count=598 582 557 192 96 365 241 39 202 96 37 124 102 59 64 32
is_linear=0
shrinkage=0.05


Tree=192
num_leaves=10
num_cat=0
split_feature=119 94 88 111 102 115 48 67 33
split_gain=79.7073 210.021 51.7646 54.2745 49.734 58.3975 29.6441 41.5436 33.2976
threshold=1.3891666666666669 6.5150000000000015 7.120000000000001 0.89166666666666716 1.0000000180025095e-35 -18.983333333333331 6.8250000000000011 6.9000000000000012 -0.0050000000000003366
decision_type=2 2 2 2 2 2 2 2 2
left_child=1 2 3 4 -1 -6 8 -8 -5
right_child=-2 -3 -4 6 5 -7 7 -9 -10
leaf_value=-0.081632293187822502 -0.10663809945795968 0.18694374033601474 0.089407595064466369 -0.13076831361414581 0.10190950369104644 0.0019194966566613196 0.048429315663569145 -0.052572425487506902 -0.037442277767008161
leaf_weight=17 17 14.999999999999998 14.999999999999998 14.999999999999998 14.999999999999998 448 17 25 27
leaf_count=17 17 15 15 15 15 448 17 25 27
internal_value=-0.000201722 0.00285346 -0.00193855 -0.00439225 0.00208925 0.00519102 -0.0414473 -0.0115541 -0.0711232
internal_weight=611 594 579 564 480 463 84 42 42
internal_count=611 594 579 564 480 463 84 42 42
is_linear=0
shrinkage=0.05


Tree=193
num_leaves=18
num_cat=0
split_feature=3 35 111 59 88 56 41 98 97 121 113 53 117 64 53 26 27
split_gain=66.5545 119.869 125.574 103.105 74.5481 71.0146 64.0905 63.5317 114.963 48.9971 46.3911 44.2088 33.7058 29.2155 40.0146 27.4067 19.8874
threshold=4.5000000000000009 -12.283333333333331 -1.4483333333333333 27.350000000000005 4.6950000000000012 43.20000000000001 0.097500000000000156 38.45000000000001 5.1250000000000009 -0.34999999999999915 -5.7833333333333323 31.250000000000004 -0.15999999999999967 36.900000000000006 33.20000000000001 39.000000000000007 21.550000000000001
decision_type=2 2 2 2 2 2 2 2 2 2 2 2 2 2 2 2 2
left_child=1 -1 -3 4 -2 7 9 8 -4 -5 -11 -9 -7 -8 -15 -12 -14
right_child=3 2 5 6 -6 12 13 11 -10 10 15 -13 16 14 -16 -17 -18
leaf_value=0.1526516432004259 -0.036659016468894412 0.1504709622964559 -0.0088097553165760335 0.0016201961414976269 0.0956584279223269 -0.11570959067502558 -0.04974964879033885 -0.087693385670195412 0.057203038910095143 -0.14863617959605085 -0.087093974970454402 -0.002475350082928352 0.016978357189538464 0.074397846728719338 -0.020765956308535689 -0.0039789603936751161 -0.061615107160562656
leaf_weight=14.999999999999998 17 14.999999999999998 138 19 28 14.999999999999998 23 23 126 22 30 45 14.999999999999998 19 26 14.999999999999998 17
leaf_count=15 17 15 138 19 28 15 23 23 126 22 30 45 15 19 26 15 17
internal_value=0.00283245 0.0143779 0.00906362 -0.0208669 0.0455905 0.00341562 -0.0403357 0.0115758 0.0226871 -0.0689956 -0.0890681 -0.031459 -0.0540225 -0.00396783 0.0193793 -0.0595701 -0.0246805
internal_weight=608 409 394 199 45 379 154 332 264 86 67 68 47 68 45 45 32
internal_count=608 409 394 199 45 379 154 332 264 86 67 68 47 68 45 45 32
is_linear=0
shrinkage=0.05


Tree=194
num_leaves=14
num_cat=0
split_feature=109 4 101 60 11 82 60 81 70 105 41 80 6
split_gain=50.9357 54.0649 90.3884 118.59 70.6702 57.3138 43.6406 54.4289 43.09 32.6807 27.3073 23.6415 19.6086
threshold=-0.073333333333333681 3.5000000000000004 41.900000000000013 52.45000000000001 23.950000000000003 -0.32083333333333325 60.45000000000001 3.5000000000000004 0.0083333333333341936 13.9 0.087499999999999925 0.24833333333333266 1.5000000000000002
decision_type=2 2 2 2 2 2 2 2 2 2 2 2 2
left_child=-1 5 3 -3 -4 -2 7 -6 11 -10 -8 12 -7
right_child=1 2 4 -5 6 8 10 -9 9 -11 -12 -13 -14
leaf_value=-0.079060678007478402 0.046130070475796557 -0.0043790021448494474 0.088793196571291297 0.19065255187451841 -0.015289797310250567 0.044867419647543053 -0.090052904842665829 0.023841819547181509 -0.13614376657410879 -0.044647234921002282 -0.0022795283291118826 -0.062825745765451357 -0.028801713493794047
leaf_weight=21 20 16.000000000000004 22 14.999999999999998 198 17 22 161 18 22 14.999999999999998 19 19
leaf_count=21 20 16 22 15 198 17 22 161 18 22 15 19 19
internal_value=-0.00278862 5.59408e-05 0.00790047 0.0901399 0.00176931 -0.0305086 -0.00307393 0.00224731 -0.0467272 -0.0861822 -0.0547059 -0.0178376 0.0058759
internal_weight=585 564 449 31 418 115 396 359 95 40 37 55 36
internal_count=585 564 449 31 418 115 396 359 95 40 37 55 36
is_linear=0
shrinkage=0.05


Tree=195
num_leaves=21
num_cat=0
split_feature=104 51 109 4 12 75 40 88 44 4 37 62 72 107 77 91 18 76 20 26
split_gain=55.0656 148.218 53.8459 97.8268 100.675 77.9142 64.9814 58.7252 52.9337 50.9559 125.386 135.444 47.1244 39.3921 39.3868 35.572 33.0194 24.4885 24.3908 22.9317
threshold=8.5000000000000018 39.050000000000004 0.018333333333333094 9.5000000000000018 65.65000000000002 4.5000000000000009 2.5000000000000004 3.7650000000000001 3.5000000000000004 7.5000000000000009 1.5583333333333338 79.350000000000009 -0.30666666666666703 55.500000000000007 4.5000000000000009 5.3950000000000005 53.250000000000007 9.6833333333333353 30.650000000000002 42.550000000000004
decision_type=2 2 2 2 2 2 2 2 2 2 2 2 2 2 2 2 2 2 2 2
left_child=1 -1 7 4 5 8 -7 -2 -4 12 11 -11 -9 -12 -14 16 -5 -3 -17 -20
right_child=2 17 3 15 -6 6 -8 9 -10 10 13 -13 14 -15 -16 18 -18 -19 19 -21
leaf_value=0.17913012678260046 -0.11227619595224073 0.030059552140403213 0.015030757263515071 -0.023023332632789953 0.14324843930219536 0.13479679187583685 0.022274686185606959 -0.093175866353753092 -0.088338040697012898 0.20115966909743899 -0.033751249936978277 0.008146496307411235 0.0113730185596788 0.038983197765045864 -0.044841558429798228 0.050682553372635754 -0.12386647752973418 -0.057247645442454233 -0.069442060844313272 0.010508246130462903
leaf_weight=14.999999999999998 15.999999999999998 17 35 18 20 20 36 28 19 14.999999999999998 95 23 53 23 75 14.999999999999998 14.999999999999998 14.999999999999998 15.999999999999998 20
leaf_count=15 16 17 35 18 20 20 36 28 19 15 95 23 53 23 75 15 15 15 16 20
internal_value=-0.00185729 0.0499882 -0.00637073 0.0131226 0.0403009 0.0214247 0.0627189 -0.0191043 -0.0213434 -0.0142758 0.00590303 0.0847951 -0.0344775 -0.0195109 -0.0215355 -0.0288775 -0.0692479 -0.0107608 -0.00257329 -0.0249806
internal_weight=589 47 542 214 130 110 56 328 54 312 156 38 156 118 128 84 33 32 51 36
internal_count=589 47 542 214 130 110 56 328 54 312 156 38 156 118 128 84 33 32 51 36
is_linear=0
shrinkage=0.05


Tree=196
num_leaves=15
num_cat=0
split_feature=90 90 109 4 11 76 101 77 33 20 12 10 94 18
split_gain=64.6979 61.823 47.5032 65.4213 98.8625 113.566 53.0127 48.9735 69.5824 68.8752 44.0761 43.3637 38.8751 30.5148
threshold=74.950000000000017 19.500000000000004 0.0066666666666663774 9.5000000000000018 47.95000000000001 1.7583333333333331 56.70000000000001 4.5000000000000009 0.90083333333333393 30.950000000000003 49.050000000000004 5.6750000000000007 5.785000000000001 47.850000000000001
decision_type=2 2 2 2 2 2 2 2 2 2 2 2 2 2
left_child=1 -1 7 4 5 -4 -5 8 9 -3 -9 -12 -8 -10
right_child=-2 2 3 6 -6 -7 12 10 13 -11 11 -13 -14 -15
leaf_value=0.098679822091235228 0.097544015830720365 0.061398777719354702 -0.039183240348500625 -0.099853806202000336 0.11371644288301469 0.050368541812659311 -0.019292896469895206 -0.098832346899335496 -0.1106566677367465 -0.016526001962666636 0.033735523625314907 -0.048101365155294014 0.059621420580679201 -0.021953006712089024
leaf_weight=14.999999999999998 17 52 61 17 29 84 85 28 15.999999999999998 62 22 60 19 25
leaf_count=15 17 52 61 17 29 84 85 28 16 62 22 60 19 25
internal_value=0.00169912 -0.00114233 -0.0038422 0.00994744 0.0295867 0.0126595 -0.018254 -0.0192098 -0.00106371 0.0189975 -0.0447096 -0.0260699 -0.0047844 -0.0568757
internal_weight=592 575 560 295 174 145 121 265 155 114 110 82 104 41
internal_count=592 575 560 295 174 145 121 265 155 114 110 82 104 41
is_linear=0
shrinkage=0.05


Tree=197
num_leaves=19
num_cat=0
split_feature=87 50 50 16 29 93 18 92 76 76 43 81 34 39 123 43 105 9
split_gain=66.9776 319.415 58.9821 84.5918 44.2623 46.0941 66.4685 52.348 180.305 65.1884 50.6102 44.1369 59.0623 33.0762 32.9958 26.6889 22.8629 20.826
threshold=6.7150000000000007 27.650000000000002 36.45000000000001 5.7350000000000012 58.500000000000007 61.45000000000001 58.750000000000007 37.350000000000001 -4.191666666666662 -7.8749999999999991 -0.047500000000000313 3.5000000000000004 3.5000000000000004 0.15833333333333369 1.0000000180025095e-35 -1.0000000180025095e-35 21.950000000000003 6.8050000000000006
decision_type=2 2 2 2 2 2 2 2 2 2 2 2 2 2 2 2 2 2
left_child=1 -1 -3 15 5 6 7 9 -9 -2 -8 13 -13 -7 -12 -4 -14 -15
right_child=4 2 3 -5 -6 11 10 8 -10 -11 14 12 16 17 -16 -17 -18 -19
leaf_value=0.23302669803998621 -0.07946468955790835 -0.093029084024221997 -0.068110352293562493 0.11560411966399642 -0.082527997707509237 -0.10295227473802063 0.026335258351649807 0.19853257333963925 0.008920642338210355 0.010868682660871173 -0.13479275343236544 0.069218977777313839 -0.075434772168075176 -0.0038470573640477729 -0.039760157098043009 0.021783852547604513 -0.0049171202325746649 -0.071781476115056975
leaf_weight=17 22 15.999999999999998 17.999999999999996 14.999999999999998 19 25 17 15.999999999999998 57 207 14.999999999999998 21 18 28 24 15.000000000000002 32 19
leaf_count=17 22 16 18 15 19 25 17 16 57 207 15 21 18 28 24 15 32 19
internal_value=-0.00120818 0.041045 -0.0101561 0.0175002 -0.00780616 -0.00494652 0.00462781 0.0139208 0.0507626 0.00213765 -0.0453344 -0.0289372 -0.000881695 -0.0564942 -0.0766903 -0.0271559 -0.0305032 -0.0315102
internal_weight=601 81 64 48 520 501 358 302 73 229 56 143 71 72 39 33 50 47
internal_count=601 81 64 48 520 501 358 302 73 229 56 143 71 72 39 33 50 47
is_linear=0
shrinkage=0.05


Tree=198
num_leaves=11
num_cat=0
split_feature=0 102 101 60 80 16 68 24 117 90
split_gain=60.3902 51.1546 58.8711 51.8111 49.8251 44.7638 70.6034 60.7177 25.0224 16.9549
threshold=3935.0000000000005 13.450000000000001 38.000000000000007 60.45000000000001 -0.054999999999999265 5.8850000000000007 50.500000000000007 19.700000000000003 -0.21749999999999933 60.650000000000013
decision_type=2 2 2 2 2 2 2 2 2 2
left_child=1 4 -3 5 -1 7 -7 -4 -5 -10
right_child=-2 2 3 8 -6 6 -8 -9 9 -11
leaf_value=-0.0010906610198272682 0.091888097437642369 0.075540942243941422 0.089173550910859309 -0.10045377620346639 -0.1225239211189154 0.052835337333966295 -0.055373977105828788 0.0019122970577283866 0.012330136828075183 -0.056901812945355734
leaf_weight=15.999999999999998 15.999999999999998 23 21 18 18 19 71 364 14.999999999999998 21
leaf_count=16 16 23 21 18 18 19 71 364 15 21
internal_value=-0.00362666 -0.00625833 -0.00257701 -0.00599653 -0.0656963 -0.000705337 -0.032441 0.00670691 -0.0523596 -0.0279624
internal_weight=602 586 552 529 34 475 90 385 54 36
internal_count=602 586 552 529 34 475 90 385 54 36
is_linear=0
shrinkage=0.05


Tree=199
num_leaves=14
num_cat=0
split_feature=90 107 102 99 120 6 99 98 88 6 6 19 96
split_gain=60.4073 67.1357 184.306 41.042 47.3723 48.0736 88.6408 52.9404 43.2486 46.419 27.9313 25.5707 12.8766
threshold=19.500000000000004 58.500000000000007 32.45000000000001 34.100000000000001 4.5000000000000009 4.5000000000000009 47.050000000000004 24.150000000000002 6.3850000000000007 1.0000000180025095e-35 4.5000000000000009 5.1550000000000011 52.45000000000001
decision_type=2 2 2 2 2 2 2 2 2 2 2 2 2
left_child=-1 3 -3 10 5 7 -7 -5 9 -6 12 -10 -2
right_child=1 2 -4 4 8 6 -8 -9 11 -11 -12 -13 -14
leaf_value=0.095226475221720341 0.015087821753233028 -0.046333211634932828 0.19678614686261742 0.074394790300331401 0.057914433456384209 -0.010609263716938756 0.084663787980874386 -0.0087757145886062874 -0.026215477179217808 -0.020306513714105533 -0.095071527252646629 -0.11769342226271302 -0.050063645385748506
leaf_weight=17 15.000000000000002 16.000000000000004 14.999999999999998 21 22 45 53 205 15.000000000000002 133 19 15.999999999999998 14.999999999999998
leaf_count=17 15 16 15 21 22 45 53 205 15 133 19 16 15
internal_value=0.00258322 -9.33747e-05 0.0713989 -0.00407907 0.000114477 0.0116692 0.0408988 -0.000995882 -0.0199818 -0.00914177 -0.0477393 -0.0738173 -0.0173799
internal_weight=607 590 31 559 510 324 98 226 186 155 49 31 30
internal_count=607 590 31 559 510 324 98 226 186 155 49 31 30
is_linear=0
shrinkage=0.05


end of trees

feature_importances:
pos2_2連率_レース内差=84
pos1_2連率_レース内差=68
pos2_展示_レース内差=65
pos3_展示_レース内差=65
pos2_3連率_レース内差=63
pos3_当地勝率_レース内差=62
pos1_展示_レース内差=61
開催経過日=59
pos3_2連率_レース内差=56
pos3_モーター2連率=54
pos1_平均スタートタイミング_レース内差=52
レース=51
pos3_勝率_レース内差=51
pos1_勝率_レース内差=49
pos2_勝率_レース内差=48
pos2_1コース複勝率=47
pos2_当地勝率_レース内差=46
pos3_勝率=45
pos1_2コース複勝率=40
pos2_4コース複勝率=40
pos3_3連率=38
pos3_3連率_レース内差=37
pos1_3連率_レース内差=33
pos3_1コース複勝率=32
pos1_当地勝率_レース内差=31
pos2_平均スタートタイミング_レース内差=31
pos3_モーター勝率_レース内差=31
pos3_4コース複勝率=30
pos3_5コース複勝率=30
pos1_3コース複勝率=29
pos2_3コース複勝率=29
pos2_モーター勝率_レース内差=29
pos1_4コース複勝率=28
pos3_展示=28
pos1_ボート勝率_レース内差=27
pos2_2連率=27
pos2_ボート勝率_レース内差=27
pos3_3コース複勝率=27
pos3_体重=27
pos2_2コース複勝率=26
pos2_体重=26
風向=25
pos1_勝率=24
pos1_1コース複勝率=24
pos1_体重=24
pos2_3連率=24
pos1_2連率=23
pos1_5コース複勝率=23
pos3_モーター勝率=23
pos3_ボート勝率=23
pos3_平均スタートタイミング_レース内差=23
pos1_3連率=22
pos2_当地2連率=22
pos3_ボート3連率=22
pos2_5コース複勝率=21
pos3_3連率_レース内順位=21
pos2_モーター3連率=20
pos3_当地2連率=20
pos1_モーター3連率=19
pos2_6コース複勝率=19
pos3_モーター3連率=19
pos3_ボート2連率=19
pos3_6コース複勝率=19
日目=18
pos1_展示=18
pos2_モーター勝率=18
pos2_ボート2連率=18
pos3_当地勝率=18
pos3_当地3連率=18
pos3_2コース複勝率=18
pos1_モーター勝率=17
pos1_6コース複勝率=17
pos1_モーター勝率_レース内差=17
pos1_当地3連率=16
pos1_モーター2連率=16
pos2_モーター2連率=16
pos3_ボート勝率_レース内差=16
pos1_ボート2連率=15
pos2_展示=15
pos2_ボート3連率=15
pos2_当地勝率=14
pos1_当地2連率=13
pos2_当地3連率=13
pos1_平均スタートタイミング=12
pos1_勝率_レース内順位=12
pos1_平均スタートタイミング_レース内順位=12
pos2_ボート勝率=12
pos3_2連率=12
pos2_勝率_レース内順位=11
pos1_当地勝率=10
pos1_ボート勝率=10
pos2_勝率=10
pos1_2連率_レース内順位=9
pos1_3連率_レース内順位=9
pos1_モーター勝率_レース内順位=9
pos3_当地勝率_レース内順位=9
pos3_ボート勝率_レース内順位=9
pos2_展示_レース内順位=8
pos3_勝率_レース内順位=8
pos1_ボート3連率=7
pos1_当地勝率_レース内順位=7
pos2_3連率_レース内順位=7
pos2_当地勝率_レース内順位=7
pos2_ボート勝率_レース内順位=7
pos3_展示_レース内順位=7
pos3_モーター勝率_レース内順位=7
pos2_平均スタートタイミング=6
pos2_2連率_レース内順位=6
pos3_平均スタートタイミング=6
pos3_2連率_レース内順位=6
pos1_展示_レース内順位=5
pos2_平均スタートタイミング_レース内順位=5
風速=4
pos2_モーター勝率_レース内順位=4
pos3_平均スタートタイミング_レース内順位=4
pos1_ボート勝率_レース内順位=3
天気=2
pos1_級=2
pos3_級=2
波高=1

parameters:
[boosting: gbdt]
[objective: regression]
[metric: rmse]
[tree_learner: serial]
[device_type: cpu]
[data_sample_strategy: bagging]
[data: ]
[valid: ]
[num_iterations: 200]
[learning_rate: 0.05]
[num_leaves: 31]
[num_threads: 0]
[seed: 42]
[deterministic: 0]
[force_col_wise: 0]
[force_row_wise: 0]
[histogram_pool_size: -1]
[max_depth: 6]
[min_data_in_leaf: 15]
[min_sum_hessian_in_leaf: 0.001]
[bagging_fraction: 0.9]
[pos_bagging_fraction: 1]
[neg_bagging_fraction: 1]
[bagging_freq: 1]
[bagging_seed: 400]
[bagging_by_query: 0]
[feature_fraction: 0.9]
[feature_fraction_bynode: 1]
[feature_fraction_seed: 30056]
[extra_trees: 0]
[extra_seed: 12879]
[early_stopping_round: 0]
[early_stopping_min_delta: 0]
[first_metric_only: 0]
[max_delta_step: 0]
[lambda_l1: 0.1]
[lambda_l2: 0.1]
[linear_lambda: 0]
[min_gain_to_split: 0]
[drop_rate: 0.1]
[max_drop: 50]
[skip_drop: 0.5]
[xgboost_dart_mode: 0]
[uniform_drop: 0]
[drop_seed: 17869]
[top_rate: 0.2]
[other_rate: 0.1]
[min_data_per_group: 100]
[max_cat_threshold: 32]
[cat_l2: 10]
[cat_smooth: 10]
[max_cat_to_onehot: 4]
[top_k: 20]
[monotone_constraints: ]
[monotone_constraints_method: basic]
[monotone_penalty: 0]
[feature_contri: ]
[forcedsplits_filename: ]
[refit_decay_rate: 0.9]
[cegb_tradeoff: 1]
[cegb_penalty_split: 0]
[cegb_penalty_feature_lazy: ]
[cegb_penalty_feature_coupled: ]
[path_smooth: 0]
[interaction_constraints: ]
[verbosity: -1]
[saved_feature_importance_type: 0]
[use_quantized_grad: 0]
[num_grad_quant_bins: 4]
[quant_train_renew_leaf: 0]
[stochastic_rounding: 1]
[linear_tree: 0]
[max_bin: 255]
[max_bin_by_feature: ]
[min_data_in_bin: 3]
[bin_construct_sample_cnt: 200000]
[data_random_seed: 175]
[is_enable_sparse: 1]
[enable_bundle: 1]
[use_missing: 1]
[zero_as_missing: 0]
[feature_pre_filter: 0]
[pre_partition: 0]
[two_round: 0]
[header: 0]
[label_column: ]
[weight_column: ]
[group_column: ]
[ignore_column: ]
[categorical_feature: ]
[forcedbins_filename: ]
[precise_float_parser: 0]
[parser_config_file: ]
[objective_seed: 16083]
[num_class: 1]
[is_unbalance: 0]
[scale_pos_weight: 1]
[sigmoid: 1]
[boost_from_average: 1]
[reg_sqrt: 0]
[alpha: 0.9]
[fair_c: 1]
[poisson_max_delta_step: 0.7]
[tweedie_variance_power: 1.5]
[lambdarank_truncation_level: 30]
[lambdarank_norm: 1]
[label_gain: ]
[lambdarank_position_bias_regularization: 0]
[eval_at: ]
[multi_error_top_k: 1]
[auc_mu_weights: ]
[num_machines: 1]
[local_listen_port: 12400]
[time_out: 120]
[machine_list_filename: ]
[machines: ]
[gpu_platform_id: -1]
[gpu_device_id: -1]
[gpu_use_dp: 0]
[num_gpu: 1]

end of parameters

pandas_categorical:[]
