tree
version=v4
num_class=1
num_tree_per_iteration=1
label_index=0
max_feature_idx=123
objective=regression
feature_names=開催経過日 風速 波高 日目 レース 天気 風向 pos1_艇 pos1_級 pos1_展示 pos1_勝率 pos1_2連率 pos1_3連率 pos1_当地勝率 pos1_当地2連率 pos1_当地3連率 pos1_モーター勝率 pos1_モーター2連率 pos1_モーター3連率 pos1_ボート勝率 pos1_ボート2連率 pos1_ボート3連率 pos1_平均スタートタイミング pos1_1コース複勝率 pos1_2コース複勝率 pos1_3コース複勝率 pos1_4コース複勝率 pos1_5コース複勝率 pos1_6コース複勝率 pos1_体重 pos1_展示_レース内順位 pos1_展示_レース内差 pos1_勝率_レース内順位 pos1_勝率_レース内差 pos1_2連率_レース内順位 pos1_2連率_レース内差 pos1_3連率_レース内順位 pos1_3連率_レース内差 pos1_当地勝率_レース内順位 pos1_当地勝率_レース内差 pos1_モーター勝率_レース内順位 pos1_モーター勝率_レース内差 pos1_ボート勝率_レース内順位 pos1_ボート勝率_レース内差 pos1_平均スタートタイミング_レース内順位 pos1_平均スタートタイミング_レース内差 pos2_艇 pos2_級 pos2_展示 pos2_勝率 pos2_2連率 pos2_3連率 pos2_当地勝率 pos2_当地2連率 pos2_当地3連率 pos2_モーター勝率 pos2_モーター2連率 pos2_モーター3連率 pos2_ボート勝率 pos2_ボート2連率 pos2_ボート3連率 pos2_平均スタートタイミング pos2_1コース複勝率 pos2_2コース複勝率 pos2_3コース複勝率 pos2_4コース複勝率 pos2_5コース複勝率 pos2_6コース複勝率 pos2_体重 pos2_展示_レース内順位 pos2_展示_レース内差 pos2_勝率_レース内順位 pos2_勝率_レース内差 pos2_2連率_レース内順位 pos2_2連率_レース内差 pos2_3連率_レース内順位 pos2_3連率_レース内差 pos2_当地勝率_レース内順位 pos2_当地勝率_レース内差 pos2_モーター勝率_レース内順位 pos2_モーター勝率_レース内差 pos2_ボート勝率_レース内順位 pos2_ボート勝率_レース内差 pos2_平均スタートタイミング_レース内順位 pos2_平均スタートタイミング_レース内差 pos3_艇 pos3_級 pos3_展示 pos3_勝率 pos3_2連率 pos3_3連率 pos3_当地勝率 pos3_当地2連率 pos3_当地3連率 pos3_モーター勝率 pos3_モーター2連率 pos3_モーター3連率 pos3_ボート勝率 pos3_ボート2連率 pos3_ボート3連率 pos3_平均スタートタイミング pos3_1コース複勝率 pos3_2コース複勝率 pos3_3コース複勝率 pos3_4コース複勝率 pos3_5コース複勝率 pos3_6コース複勝率 pos3_体重 pos3_展示_レース内順位 pos3_展示_レース内差 pos3_勝率_レース内順位 pos3_勝率_レース内差 pos3_2連率_レース内順位 pos3_2連率_レース内差 pos3_3連率_レース内順位 pos3_3連率_レース内差 pos3_当地勝率_レース内順位 pos3_当地勝率_レース内差 pos3_モーター勝率_レース内順位 pos3_モーター勝率_レース内差 pos3_ボート勝率_レース内順位 pos3_ボート勝率_レース内差 pos3_平均スタートタイミング_レース内順位 pos3_平均スタートタイミング_レース内差
feature_infos=[9:4016] [1:10] [1:10] [1:8] [1:12] [0:2] [0:8] [1:1] [0:3] [6.4900000000000002:7.0499999999999998] [2.29:8.0899999999999999] [2.6000000000000001:75] [11.699999999999999:88.799999999999997] [0:10.619999999999999] [0:90] [0:100] [0:9] [0:100] [0:100] [0:10.859999999999999] [0:85.700000000000003] [0:100] [0.089999999999999997:0.25] [11.1:100] [0:100] [0:75] [0:83.299999999999997] [0:75] [0:100] [43:64] [1:6] [-0.163333333333334:0.1133333333333324] [1:6] [-2.4316666666666658:3.1450000000000005] [1:6] [-24.800000000000001:35.100000000000001] [1:6] [-32.766666666666666:43.25] [1:6] [-5.9649999999999999:5.8449999999999998] [1:6] [-4.7316666666666665:3.9583333333333335] [1:6] [-5.2950000000000008:3.9083333333333323] [1:6] [-0.065000000000000016:0.053333333333333344] [3:3] [0:3] [6.5499999999999998:7.1399999999999997] [0:7.8300000000000001] [0:74] [0:84.700000000000003] [0:9.5] [0:100] [0:100] [0:8.8900000000000006] [0:85.700000000000003] [0:100] [0:10.859999999999999] [0:100] [0:100] [0.11:0.25] [0:100] [0:100] [0:100] [0:100] [0:100] [0:100] [42:67] [1:6] [-0.17999999999999972:0.13000000000000078] [1:6] [-3.4299999999999997:3.2266666666666666] [1:6] [-30.183333333333334:43.86666666666666] [1:6] [-31.733333333333338:43.700000000000003] [1:6] [-5.9699999999999998:4.4000000000000004] [1:6] [-5.0483333333333338:5.3583333333333325] [1:6] [-4.6099999999999994:4.7916666666666661] [1:6] [-0.05833333333333332:0.06500000000000003] [2:2] [0:4] [6.4900000000000002:7.0599999999999996] [1.6899999999999999:7.7400000000000002] [0:68.700000000000003] [0:84.799999999999997] [0:9.8900000000000006] [0:100] [0:100] [0:9] [0:100] [0:100] [0:8.6699999999999999] [0:75] [0:100] [0.11:0.26000000000000001] [0:100] [0:82.599999999999994] [0:83.299999999999997] [0:100] [0:100] [0:100] [43:66] [1:6] [-0.16333333333333311:0.15166666666666639] [1:6] [-2.2333333333333338:2.4266666666666672] [1:6] [-25.950000000000003:30.31666666666667] [1:6] [-35.650000000000006:31.566666666666663] [1:6] [-5.6583333333333341:4.8416666666666659] [1:6] [-5:4.1383333333333336] [1:6] [-5.4050000000000002:4.4650000000000007] [1:6] [-0.056666666666666643:0.06666666666666668]
tree_sizes=2309 2709 2257 2520 2774 2413 2147 2258 2434 2294 2583 2555 2355 2225 2645 2288 2318 2385 2452 2149 2080 2382 2602 2500 1993 2420 2234 1438 2373 2511 940 2100 2360 2544 2918 1462 1816 1973 2054 2199 1818 1332 2349 1685 1409 2222 2709 1431 2096 1456 1180 1828 1739 2125 2538 1562 1400 1424 1499 1304 1220 1948 2012 2412 963 1121 1770 1182 2068 1795 1576 1972 2240 1472 1266 1583 1613 1210 1718 1822 2207 1339 1555 1415 1363 1402 1685 1216 1737 1548 1462 1384 1892 1086 1217 947 1070 945 2167 1840 1393 1212 975 1340 1238 1629 1554 1536 1256 1202 1395 1305 1098 932 1799 2060 1724 1315 876 1642 1390 1554 1446 1122 1188 1124 1206 975 1412 2263 938 1432 1022 1716 945 1140 2049 1368 1372 1196 1515 1621 2005 1440 1075 1195 1311 1752 975 1201 1304 1886 2033 2037 1022 1365 1542 1091 1298 1609 1136 931 1476 1038 982 1193 1342 1217 1128 1097 917 1031 1650 856 1221 1306 1106 1691 1369 1539 1242 1399 1782 1673 1051 1234 1518 1528 1110 1444 1183 1299 1356 1215 978 1900 1226 1846 1592 2049

Tree=0
num_leaves=26
num_cat=0
split_feature=33 74 115 0 35 59 86 115 51 74 94 78 23 9 95 33 114 35 51 63 23 33 66 48 74
split_gain=23091.6 17018 11185.6 6112.71 4549.47 6272.06 4324.14 3521.22 2469.67 2465.7 2153.58 1986.23 1560.46 1316.06 1295.21 1163.68 991.884 815.099 748.501 659.981 568.515 402.145 400.503 354.761 137.174
threshold=-0.20166666666666663 -5.7666666666666648 -6.7833333333333288 1497.0000000000002 15.508333333333335 26.000000000000004 1.5000000000000002 -16.149999999999999 46.20000000000001 0.75833333333333297 5.3350000000000009 -0.43416666666666742 80.200000000000017 6.7950000000000008 33.750000000000007 0.28083333333333377 3.5000000000000004 5.1583333333333323 38.250000000000007 56.100000000000009 55.100000000000009 1.7258333333333331 20.900000000000002 6.8950000000000005 -8.5500000000000007
decision_type=2 2 2 2 2 2 2 2 2 2 2 2 2 2 2 2 2 2 2 2 2 2 2 2 2
left_child=2 4 -1 6 5 -2 -4 14 -5 12 11 -7 13 -9 -3 19 -10 -12 21 -11 -17 -6 -18 -14 -20
right_child=1 7 3 8 18 10 -8 9 16 15 17 -13 23 -15 -16 20 22 -19 24 -21 -22 -23 -24 -25 -26
leaf_value=18.126062834283331 18.086486025080497 17.272760919485872 17.120542462954955 17.306365508371623 17.053433270643879 17.645684840131146 18.114939022459378 16.618217596325664 16.996152755984088 16.444759952097801 17.040560682367836 17.005959721058098 16.448675226334231 17.079113948305221 16.665491525343111 16.642837257022101 16.757848649519925 16.568196706678631 16.626612077722488 16.701848224176924 16.327370555034392 16.69335572597403 16.46403658996411 16.70515696176831 16.412042542246006
leaf_weight=29 18 17 28 19 15.000000000000002 21 18 38 17 81 15.999999999999998 29 84 26 18 14.999999999999998 17 21 15.000000000000002 36 330 15.999999999999998 36 15.999999999999998 14.999999999999998
leaf_count=29 18 17 28 19 15 21 18 38 17 81 16 29 84 26 18 15 17 21 15 36 330 16 36 16 15
internal_value=16.6949 16.5874 17.2367 17.0447 17.0398 17.2392 17.512 16.4737 16.8024 16.4464 17.0624 17.2761 16.6131 16.8057 16.9611 16.3873 16.665 16.7727 16.6963 16.5238 16.3411 16.8684 16.5583 16.4897 16.5186
internal_weight=991 827 164 135 166 105 46 661 89 626 87 50 164 64 35 462 70 37 61 117 345 31 53 100 30
internal_count=991 827 164 135 166 105 46 661 89 626 87 50 164 64 35 462 70 37 61 117 345 31 53 100 30
is_linear=0
shrinkage=1


Tree=1
num_leaves=29
num_cat=0
split_feature=33 74 115 59 50 111 58 107 62 47 52 0 11 91 10 111 33 0 73 35 25 33 113 121 0 0 56 33
split_gain=17200 16169.8 8247.34 4397.09 3849.93 3184.83 2834.64 2909.4 2602.3 2135.44 1903.94 1805.42 1738.22 1560.77 1461.73 1202.67 1138.3 968.439 956.319 863.73 847.264 537.342 486.121 431.609 327.161 228.493 218.05 78.5868
threshold=-0.20166666666666663 -5.7666666666666648 -6.7833333333333288 26.000000000000004 41.750000000000007 -0.6775000000000001 5.2950000000000008 53.500000000000007 55.550000000000004 1.0000000180025095e-35 3.6500000000000008 2046.5000000000002 46.750000000000007 6.2250000000000005 5.7950000000000008 -0.25833333333333347 0.73750000000000082 1826.0000000000002 3.5000000000000004 7.7583333333333337 43.45000000000001 0.32916666666666622 -15.091666666666667 -0.032499999999999744 1217.5000000000002 1626.0000000000002 32.550000000000004 0.65999999999999981
decision_type=2 2 2 2 2 2 2 2 2 2 2 2 2 2 2 2 2 2 2 2 2 2 2 2 2 2 2 2
left_child=2 3 -1 8 6 11 7 -4 -2 18 12 14 -5 26 -3 -12 17 -11 19 -7 -16 -17 -13 -8 -20 -18 -6 -24
right_child=1 5 4 10 13 9 23 -9 -10 16 15 22 -14 -15 20 21 25 -19 24 -21 -22 -23 27 -25 -26 -27 -28 -29
leaf_value=1.2611570137668917 1.363429518803855 0.69268200204072417 1.4163760069979738 0.85015837060871391 -0.27482919590907862 0.31749490272944869 0.070942622771737171 0.47058398196710405 0.44351582861279848 -0.10807209409978413 0.52615918710531784 0.057923425460985195 0.13737322545998934 0.41147692829205851 -0.14590638638936984 0.30989717339837797 -0.32619819094234198 -0.30789438303697308 -0.013826504516305391 -0.061367325850163294 0.36803807049792336 -0.020200734845350114 -0.1746778393225954 0.43309495619365146 -0.27594588285039184 -0.44549358278713358 -0.044449946494517972 -0.33489482556170191
leaf_weight=28 15.000000000000002 14.999999999999998 14.999999999999998 20 18 22 17 18 15.999999999999998 98 14.999999999999998 19 14.999999999999998 18 17 14.999999999999998 69 160 15.999999999999998 47 14.999999999999998 67 14.999999999999998 15.999999999999998 47 104 24 17
leaf_count=28 15 15 15 20 18 22 17 18 16 98 15 19 15 18 17 15 69 160 16 47 15 67 15 16 47 104 24 17
internal_value=0.00149248 -0.0891659 0.486349 0.356713 0.313266 -0.199163 0.576487 0.903621 0.891749 -0.244948 0.230443 0.063801 0.546083 0.0231627 0.287089 0.116055 -0.298833 -0.232084 -0.0688753 0.0596416 0.0952453 0.040426 -0.142035 0.247461 -0.209583 -0.398158 -0.143721 -0.260727
internal_weight=978 824 154 163 126 661 66 33 31 563 132 98 35 60 47 97 431 258 132 69 32 82 51 33 63 173 42 32
internal_count=978 824 154 163 126 661 66 33 31 563 132 98 35 60 47 97 431 258 132 69 32 82 51 33 63 173 42 32
is_linear=0
shrinkage=0.05


Tree=2
num_leaves=24
num_cat=0
split_feature=33 74 115 71 10 0 35 59 115 22 6 113 111 72 1 70 51 70 3 74 55 23 105
split_gain=13940.7 14043.4 5614.4 3385.98 3200.85 3184.07 3044.17 4986.26 2412.96 2578.92 2005.57 1518.55 1436.39 1578.07 1289.85 925.904 792.635 615.336 820.164 609.685 494.896 449.602 427.31
threshold=-0.39749999999999991 -5.7083333333333295 -5.8583333333333334 3.5000000000000004 5.205000000000001 996.00000000000011 15.258333333333333 26.000000000000004 -2.7083333333333282 0.16500000000000004 1.5000000000000002 -5.7999999999999998 -0.76250000000000029 0.44500000000000078 2.5000000000000004 0.031666666666667627 38.250000000000007 -0.034166666666666672 4.5000000000000009 0.56666666666666832 5.4850000000000012 74.050000000000011 17.350000000000005
decision_type=2 2 2 2 2 2 2 2 2 2 2 2 2 2 2 2 2 2 2 2 2 2 2
left_child=2 6 -1 -4 5 10 7 -2 -9 -10 -3 -7 17 15 20 -14 22 -6 -19 -13 -5 -15 -8
right_child=1 4 3 14 12 11 16 8 9 -11 -12 19 13 21 -16 -17 -18 18 -20 -21 -22 -23 -24
leaf_value=1.3096923788180526 1.2011278379181916 0.098015337330954383 0.85963889285922035 -0.22845731978587686 -0.25408188622659411 0.35136664124749462 0.37807526766143223 0.88212382393594102 -0.029150166749768343 0.52164452707986508 0.90247672369938015 0.10670923247242606 -0.2119511054656279 -0.20038736197408175 0.41310501597904192 0.031960845308808182 -0.16386752418431222 0.24452952674506512 -0.16792275454867539 -0.24559440200700344 0.15917918192629785 -0.37025088371860476 0.0067785019906151378
leaf_weight=19 19 16.000000000000004 24 18 19 15.999999999999998 16.000000000000004 15.999999999999998 48 38 14.999999999999998 14.999999999999998 204 48 27 48 29 30 20 66 14.999999999999998 220 14.999999999999998
leaf_count=19 19 16 24 18 19 16 16 16 48 38 15 15 204 48 27 48 29 30 20 66 15 220 15
internal_value=-0.0151958 -0.078414 0.535462 0.35893 -0.177766 0.0487898 0.315003 0.4593 0.320027 0.214489 0.489082 -0.0922294 -0.227008 -0.255447 0.157465 -0.165478 0.023641 -0.0125597 0.0794429 -0.18024 -0.0521593 -0.339932 0.199176
internal_weight=1001 898 103 84 717 128 181 121 102 86 31 97 589 520 60 252 60 69 50 81 33 268 31
internal_count=1001 898 103 84 717 128 181 121 102 86 31 97 589 520 60 252 60 69 50 81 33 268 31
is_linear=0
shrinkage=0.05


Tree=3
num_leaves=27
num_cat=0
split_feature=33 74 115 123 0 35 59 102 0 111 103 51 63 26 22 78 25 69 49 51 4 77 37 69 111 28
split_gain=17490.4 13535.4 8957.77 5694.88 4581.81 4053.67 4822.08 3285.73 2328.2 2115.36 2111.25 2095.83 1924.09 1333.53 808.251 751.588 747.439 705.785 607.381 530.539 498.674 393.654 393.132 319.081 241.773 139.947
threshold=-0.16666666666666693 -5.7666666666666648 -6.883333333333332 0.013333333333333324 996.00000000000011 15.508333333333335 24.750000000000004 47.350000000000001 1907.5000000000002 -0.6950000000000004 32.050000000000004 46.20000000000001 23.300000000000004 10.150000000000002 0.16500000000000004 0.12333333333333353 43.750000000000007 5.5000000000000009 5.5050000000000008 38.250000000000007 8.5000000000000018 4.5000000000000009 9.1750000000000096 3.5000000000000004 -0.85833333333333284 16.650000000000002
decision_type=2 2 2 2 2 2 2 2 2 2 2 2 2 2 2 2 2 2 2 2 2 2 2 2 2 2
left_child=2 5 3 -1 7 6 -2 -4 9 16 -8 -6 -11 -13 -12 -15 -3 20 -14 23 21 -10 -19 -7 -22 -21
right_child=1 8 4 -5 11 19 10 -9 17 12 14 13 18 15 -16 -17 -18 22 -20 25 24 -23 -24 -25 -26 -27
leaf_value=1.8880468715051681 1.2799758838631254 0.087765060818598362 1.3463414991138787 0.52855316621578297 0.58673219929880172 -0.0094626285179316635 0.72123107538452003 0.36614804594819228 -0.13727604076589758 0.33097026388146983 0.023495499103180953 0.42753037577090058 -0.04542728938018354 0.13908905282438516 0.40463241897987134 -0.20506827494522814 0.52489490587979759 0.096211570938220192 -0.22886482541750894 -0.039926790717421778 -0.15524769606969216 -0.29503775689351069 -0.2289525717846761 0.30080485795595635 -0.36691250144574106 -0.2563262531299465
leaf_weight=16.000000000000004 17 28 14.999999999999998 14.999999999999998 20 17 27 20 69 20 33 15.999999999999998 62 25 24 43 14.999999999999998 19 167 15.000000000000002 14.999999999999998 94 18 15.999999999999998 166 14.999999999999998
leaf_count=16 17 28 15 15 20 17 27 20 69 20 33 16 62 25 24 43 15 19 167 15 15 94 18 16 166 15
internal_value=0.00469064 -0.0892287 0.466915 1.2342 0.294993 0.317946 0.514118 0.789012 -0.188491 -0.082197 0.357725 0.128091 -0.138145 0.0182632 0.184489 -0.078448 0.241232 -0.269899 -0.179264 0.0030543 -0.292218 -0.228411 -0.0620324 0.141273 -0.349494 -0.148785
internal_weight=1007 837 170 31 139 164 101 35 673 292 84 104 249 84 57 68 43 381 229 63 344 163 37 33 181 30
internal_count=1007 837 170 31 139 164 101 35 673 292 84 104 249 84 57 68 43 381 229 63 344 163 37 33 181 30
is_linear=0
shrinkage=0.05


Tree=4
num_leaves=31
num_cat=0
split_feature=33 74 0 109 74 52 111 26 117 113 32 115 49 15 10 77 35 0 70 27 52 0 71 71 54 84 49 109 69 21
split_gain=13533.4 10219.1 8127.03 6994.74 4514.21 3091.55 2694.52 2470 2399.84 2269.05 1514.15 1990.47 1709.28 1095.43 1088.47 1036.57 931.758 921.005 737.576 723.626 641.107 744.671 540.769 531.206 269.63 261.344 232.37 217.382 164.571 152.151
threshold=-0.082500000000000004 -2.849999999999993 1099.5000000000002 0.034999999999999705 -2.9833333333333356 2.7400000000000007 -0.58833333333333304 28.550000000000004 0.84999999999999998 -7.2083333333333313 5.5000000000000009 0.25000000000000006 4.785000000000001 46.300000000000004 5.745000000000001 4.5000000000000009 9.5583333333333336 976.50000000000011 0.013333333333333199 11.600000000000001 5.7150000000000007 1561.5000000000002 3.5000000000000004 4.5000000000000009 73.65000000000002 0.016666666666666653 5.3350000000000009 -0.008333333333333302 4.5000000000000009 50.650000000000013
decision_type=2 2 2 2 2 2 2 2 2 2 2 2 2 2 2 2 2 2 2 2 2 2 2 2 2 2 2 2 2 2
left_child=2 5 3 8 -4 7 14 -2 -1 -6 11 -7 -13 19 15 -3 20 18 -12 -11 21 -8 26 -16 -22 -24 -18 -15 -19 -25
right_child=1 6 4 -5 9 10 16 -9 -10 13 17 12 -14 27 23 -17 22 28 -20 -21 24 -23 25 29 -26 -27 -28 -29 -30 -31
leaf_value=0.15985605321588561 1.0747591794647784 0.54755576582428833 0.98616698925068835 1.6960395664141321 0.51580112793873922 0.66541315452006067 0.099130120174276526 0.23100815021398802 0.97965022791300393 0.31913230976501072 -0.028188234333010667 0.30816408374844345 -0.16199144111568906 -0.11165161165743243 0.086838243688007744 0.013981890749027379 -0.070014538996199846 -0.18032181811130454 0.44529807417598 -0.03734480855921208 -0.2851843952958143 -0.18854230729434729 -0.39430596327321049 -0.30389704683526836 -0.12594053904332023 -0.18523508927278351 -0.29820695115491674 -0.34960002786175337 0 -0.10774310220829882
leaf_weight=22 15.999999999999998 15.999999999999998 14.999999999999998 18 23 22 34 19 14.999999999999998 23 18 51 31 18 25 21 24 50 14.999999999999998 37 128 66 150 20 34 17 21 21 17 20
leaf_count=22 16 16 15 18 23 22 34 19 15 23 18 51 31 18 25 21 24 50 15 37 128 66 150 20 34 17 21 21 17 20
internal_value=-0.000491931 -0.089473 0.377038 0.889907 0.170606 0.185323 -0.203515 0.618828 0.494085 0.0695661 0.110655 0.244139 0.130381 -0.0344701 0.029543 0.245705 -0.253673 -0.0282233 0.187577 0.0995252 -0.190439 -0.0906824 -0.331671 -0.0936149 -0.251892 -0.373177 -0.17704 -0.240472 -0.134709 -0.206458
internal_weight=1007 815 192 55 137 239 576 35 37 122 204 104 82 99 102 37 474 100 33 60 262 100 212 65 162 167 45 39 67 40
internal_count=1007 815 192 55 137 239 576 35 37 122 204 104 82 99 102 37 474 100 33 60 262 100 212 65 162 167 45 39 67 40
is_linear=0
shrinkage=0.05


Tree=5
num_leaves=26
num_cat=0
split_feature=33 74 115 0 32 10 52 72 0 70 109 49 72 70 72 27 48 111 23 109 106 10 45 109 33
split_gain=14206 10768.9 6778.31 3823.2 3774.77 2682.71 2414.37 2337.67 2032.8 1904.54 1747.76 1228.45 1058.85 953.851 865.769 834.829 817.361 723.652 910.667 587.565 441.85 440.034 436.486 420.144 227.163
threshold=-0.39749999999999991 -5.7666666666666648 -5.8583333333333334 996.00000000000011 4.5000000000000009 5.205000000000001 4.1350000000000007 0.66583333333333405 1867.0000000000002 -0.011666666666667156 0.026666666666665954 5.0550000000000006 0.38750000000000068 0.031666666666667627 -0.66249999999999998 28.250000000000004 6.7750000000000012 -0.58833333333333304 64.250000000000014 0.036666666666665744 9.3000000000000025 5.6350000000000007 -0.011666666666666671 -0.035000000000000579 0.63916666666666722
decision_type=2 2 2 2 2 2 2 2 2 2 2 2 2 2 2 2 2 2 2 2 2 2 2 2 2
left_child=2 4 -1 -4 6 7 -2 8 -3 20 15 -5 13 22 -8 -11 -13 21 -19 24 -6 -14 -7 -15 -9
right_child=1 5 3 11 9 12 14 19 -10 10 -12 16 17 23 -16 -17 -18 18 -20 -21 -22 -23 -24 -25 -26
leaf_value=1.3619096757167606 1.1082710021767166 0.82312748001900737 0.86967741355478045 0.50662832450535555 0.056531418774319789 -0.25194931494260209 0.62656452674963325 -0.11778159943910747 0.098024581015329959 0.36352973067039274 0.75994677446458647 0.24636274624209836 0.10939249690861728 0.293974895429927 0.10482125278340271 -0.018668639044120552 -0.16865112931086129 0.073172700034905655 -0.31464065447624595 0.16694394409286309 -0.22917405607649444 -0.18364232929602065 -0.10197947185528689 -0.021408214604752698 -0.3409877870256538
leaf_weight=20 18 14.999999999999998 25 17 26 90 17 48 27 28 15.999999999999998 21 17 14.999999999999998 14.999999999999998 29 27 15.999999999999998 264 15.999999999999998 28 51 106 35 14.999999999999998
leaf_count=20 18 15 25 17 26 90 17 48 27 28 16 21 17 15 15 29 27 16 264 16 28 51 106 35 15
internal_value=-0.00446748 -0.0706045 0.531375 0.34545 0.278456 -0.157049 0.646043 0.0574672 0.358449 0.133303 0.299686 0.142721 -0.200758 -0.121244 0.383242 0.169298 0.0129482 -0.2569 -0.292444 -0.102736 -0.0916695 -0.110257 -0.170962 0.0735048 -0.171461
internal_weight=1002 892 110 90 177 715 50 121 42 127 73 65 594 246 32 57 48 348 280 79 54 68 196 50 63
internal_count=1002 892 110 90 177 715 50 121 42 127 73 65 594 246 32 57 48 348 280 79 54 68 196 50 63
is_linear=0
shrinkage=0.05


Tree=6
num_leaves=24
num_cat=0
split_feature=37 115 74 10 22 73 0 0 35 27 33 22 76 14 115 70 71 35 17 87 78 66 115
split_gain=12612 8413.51 8110.64 3717.55 2542.4 2374.77 2077.73 2060.3 2010.09 1869.27 1527.51 1578.23 1518.32 1750.71 1223.1 1020.23 980.57 640.236 450.994 395.956 340.821 338.969 300.658
threshold=-5.849999999999997 -6.7833333333333288 -8.3583333333333307 5.4650000000000007 0.15500000000000003 5.5000000000000009 1907.5000000000002 947.00000000000011 -9.7666666666666639 14.900000000000002 0.27250000000000002 0.18500000000000003 0.88333333333333297 30.500000000000004 -13.183333333333332 0.024166666666667339 3.5000000000000004 4.4416666666666673 37.150000000000013 6.8250000000000011 0.12333333333333353 10.600000000000001 -7.441666666666662
decision_type=2 2 2 2 2 2 2 2 2 2 2 2 2 2 2 2 2 2 2 2 2 2 2
left_child=1 -1 3 -2 -3 7 10 -6 -9 -5 11 18 13 -8 -12 19 -16 20 -4 -11 -14 -15 -19
right_child=2 4 6 9 5 -7 12 8 -10 15 14 -13 17 21 16 -17 -18 22 -20 -21 -22 -23 -24
leaf_value=1.3817749959032684 1.0011550986975954 -0.20691268709598562 0.12688969158546587 0.65588007585778429 1.0519576965716846 -0.0084082587972863915 0.2929042258402631 0.79099117717387513 0.031183900149704898 0.084412410510314617 0.27259314705557491 0.56281314837998442 -0.013400505048762388 0.028033609778841558 -0.0052228693147353782 0.36752043379333627 -0.22040439924598859 -0.1855429006951998 -0.16327402283303183 -0.19236227807955505 -0.21670255917087455 -0.2167308371748701 -0.34632037135452892
leaf_weight=21 17 21 40 18 17 23 28 15.999999999999998 19 31 20 18 27 18 88 23 133 36 20 22 88 65 164
leaf_count=21 17 21 40 18 17 23 28 16 19 31 20 18 27 18 88 23 133 36 20 22 88 65 164
internal_value=-0.00914007 0.477536 -0.0757138 0.322817 0.278449 0.414512 -0.135134 0.601325 0.379931 0.199152 -0.0386037 0.153564 -0.207381 -0.0482553 -0.100858 0.0901937 -0.134785 -0.263405 0.0299745 -0.0305269 -0.169067 -0.163619 -0.317513
internal_weight=973 117 856 111 96 75 745 52 35 94 319 78 426 111 241 76 221 315 60 53 115 83 200
internal_count=973 117 856 111 96 75 745 52 35 94 319 78 426 111 241 76 221 315 60 53 115 83 200
is_linear=0
shrinkage=0.05


Tree=7
num_leaves=24
num_cat=0
split_feature=33 74 108 33 3 115 10 62 31 103 10 87 35 64 39 59 113 28 0 109 69 95 103
split_gain=10848.8 9594.44 6612.32 2578.47 3012.17 2549.71 2461.42 2335.19 2021.44 1838.29 1745.36 1667.87 1383.55 1337.33 1133 1087.89 978.17 707.531 687.907 650.967 399.633 344.899 130.196
threshold=-0.39749999999999991 -8.3583333333333307 5.5000000000000009 1.2399999999999995 3.5000000000000004 -13.358333333333333 4.4850000000000012 67.200000000000017 -0.059999999999999158 44.600000000000001 5.285000000000001 6.8150000000000004 4.4416666666666673 38.850000000000001 0.7899999999999997 30.350000000000005 -8.7499999999999964 13.150000000000002 1217.5000000000002 -0.0033333333333334099 5.5000000000000009 34.850000000000001 23.200000000000006
decision_type=2 2 2 2 2 2 2 2 2 2 2 2 2 2 2 2 2 2 2 2 2 2 2
left_child=2 3 6 4 9 10 8 14 -1 -2 -3 -6 16 -10 15 -7 -9 22 -16 -8 -14 -5 -12
right_child=1 5 -4 21 11 7 19 12 13 -11 17 -13 20 -15 18 -17 -18 -19 -20 -21 -22 -23 -24
leaf_value=1.0112792104285284 1.1698869602940094 0.65306871811680456 1.4400595893133554 -0.10078322693186613 0.54949013567407723 0.47230367765979686 0.16634925661776304 0.21698861599845043 0.097609986305474281 0.45411989433424815 -0.0045607695113057661 -0.12056507687213013 -0.28507166164479097 0.6540367953050199 0.054262359544426625 0.033948084910297591 -0.13734526928652721 0.30401912931329717 -0.18432188205489505 -0.26364155822242336 -0.10570761182576292 0.19208390505159673 -0.20960917267578327
leaf_weight=14.999999999999998 21 14.999999999999998 14.999999999999998 20 19 20 21 22 25 15.999999999999998 16.000000000000004 18 294 19 50 48 164 15.999999999999998 76 14.999999999999998 35 20 14.999999999999998
leaf_count=15 21 15 15 20 19 20 21 22 25 16 16 18 294 19 50 48 164 16 76 15 35 20 15
internal_value=-0.000293453 -0.0585226 0.467768 0.369405 0.544048 -0.121842 0.312843 -0.148738 0.511378 0.862559 0.185387 0.223936 -0.204422 0.338937 -0.000861124 0.163454 -0.0953139 0.0349508 -0.089638 -0.0129091 -0.266043 0.0456395 -0.104293
internal_weight=995 885 110 114 74 771 95 709 59 37 62 37 515 44 194 68 186 47 126 36 329 40 31
internal_count=995 885 110 114 74 771 95 709 59 37 62 37 515 44 194 68 186 47 126 36 329 40 31
is_linear=0
shrinkage=0.05


Tree=8
num_leaves=26
num_cat=0
split_feature=33 74 112 62 73 86 22 32 78 69 33 45 111 14 27 121 74 2 26 11 4 109 77 43 48
split_gain=9667.92 7490.27 5973.2 3672.54 3286.73 3645.43 2385.12 1978.04 1748.79 1565.53 1440.73 1402.15 1119.62 1058.37 975.868 630.563 515.066 495.749 450.348 438.657 435.213 406.937 385.397 298.254 250.12
threshold=-0.20166666666666663 -2.849999999999993 1.5000000000000002 32.45000000000001 5.5000000000000009 1.5000000000000002 0.19500000000000003 4.5000000000000009 -0.96166666666666678 3.5000000000000004 0.22333333333333363 -0.013333333333333348 -0.58833333333333304 27.250000000000004 21.050000000000004 0.30500000000000022 2.0749999999999997 2.5000000000000004 11.750000000000002 33.45000000000001 5.5000000000000009 0.0050000000000003384 4.5000000000000009 -1.0000000180025095e-35 6.8550000000000013
decision_type=2 2 2 2 2 2 2 2 2 2 2 2 2 2 2 2 2 2 2 2 2 2 2 2 2
left_child=2 3 -1 -2 5 13 12 8 -5 15 -8 -11 20 17 -15 -9 22 -4 -6 -18 23 -10 -14 -3 -22
right_child=1 6 4 7 18 -7 10 9 21 11 -12 -13 16 14 -16 -17 19 -19 -20 -21 24 -23 -24 -25 -26
leaf_value=1.2652458838054113 0.91722783158157051 -0.021747075254318276 0.54453069078167093 0.83814410508073722 0.0856315898784199 0.87580861017056755 0.58970557873293472 -0.17927133138484183 0.036206986954074878 -0.0076768091801182395 -0.090578848932752545 0.41866108418449638 -0.070463712632602954 -0.24407973155296969 0.3003023426461694 0.091236761495039786 -0.14352711927838691 0.18325837948168927 -0.25066338803091043 -0.27612494440498686 -0.18179952842747515 0.37295422206758055 -0.27677109479616696 0.26400291205192944 0.044994482502602691
leaf_weight=15.999999999999998 14.999999999999998 21 22 14.999999999999998 15.999999999999998 29 16.000000000000004 70 19 39 14.999999999999998 38 84 18 14.999999999999998 31 80 17 26 292 42 17 31 15.999999999999998 17
leaf_count=16 15 21 22 15 16 29 16 70 19 39 15 38 84 18 15 31 80 17 26 292 42 17 31 16 17
internal_value=-0.00605003 -0.0724285 0.351932 0.161866 0.248896 0.403369 -0.165555 0.111988 0.386204 0.0332194 0.261142 0.202929 -0.188294 0.212061 0.00337529 -0.0961865 -0.219054 0.388052 -0.122533 -0.247669 -0.0321308 0.195958 -0.126313 0.102064 -0.116402
internal_weight=1017 858 159 244 143 101 614 229 51 178 31 77 583 72 33 101 487 39 42 372 96 36 115 37 59
internal_count=1017 858 159 244 143 101 614 229 51 178 31 77 583 72 33 101 487 39 42 372 96 36 115 37 59
is_linear=0
shrinkage=0.05


Tree=9
num_leaves=25
num_cat=0
split_feature=33 74 115 50 59 35 0 33 26 12 24 53 39 77 111 72 0 115 32 26 48 35 59 113
split_gain=10390.7 7107 5822.36 3409.75 3093.51 2392.13 1959.67 1849.28 1700.71 1536.12 1226.79 1144.18 929.581 1002.17 923.858 1131.01 736.18 713.018 689.494 617.707 425.944 417.378 216.291 175.136
threshold=-0.20166666666666663 -8.3583333333333307 -6.883333333333332 41.750000000000007 26.000000000000004 -10.683333333333332 925.00000000000011 0.27250000000000002 30.200000000000003 58.750000000000007 41.150000000000013 10.850000000000003 0.10166666666666681 4.5000000000000009 -0.74333333333333396 -0.19499999999999981 2215.0000000000005 1.0083333333333366 4.5000000000000009 18.750000000000004 6.8550000000000013 9.4333333333333371 31.750000000000004 -13.841666666666661
decision_type=2 2 2 2 2 2 2 2 2 2 2 2 2 2 2 2 2 2 2 2 2 2 2 2
left_child=2 4 -1 5 -2 -4 7 8 -3 -6 19 -9 13 -5 16 18 -8 -11 -16 -7 -13 -17 -19 -18
right_child=1 6 3 12 9 10 14 11 -10 17 -12 20 -14 -15 15 21 23 22 -20 -21 -22 -23 -24 -25
leaf_value=1.0368582955365691 0.87796132943705096 0.7159916777788482 0.97461318679936015 0.39482727929052569 0.52630810883529955 0.38879387581979996 0.22839505480142772 0.3460395990223285 0.03926633949395758 0.32685560337536002 0.68264486614047304 -0.15898519953807655 -0.24645896617776797 -0.10513044729899455 0.28048710276354233 -0.18600551305428076 -0.030000571342578448 -0.16975277207832967 -0.096205963000007305 -0.030170235857014407 0.066926147049414242 -0.28902697017388124 0.042996994054682575 -0.22864321884675998
leaf_weight=27 19 15.999999999999998 18 19 24 14.999999999999998 23 14.999999999999998 22 19 14.999999999999998 104 27 21 14.999999999999998 223 25 18 62 21 26 178 35 20
leaf_count=27 19 16 18 19 24 15 23 15 22 19 15 104 27 21 15 223 25 18 62 21 26 178 35 20
internal_value=0.00209471 -0.068494 0.367446 0.233847 0.296635 0.480284 -0.126133 0.0154389 0.325466 0.180735 0.304151 -0.0659434 -0.02021 0.132617 -0.173586 -0.198112 -0.00106927 0.0649045 -0.0224907 0.144853 -0.113748 -0.231809 -0.0293471 -0.118708
internal_weight=1007 844 163 136 115 69 729 183 38 96 51 145 67 40 546 478 68 72 77 36 130 401 53 45
internal_count=1007 844 163 136 115 69 729 183 38 96 51 145 67 40 546 478 68 72 77 36 130 401 53 45
is_linear=0
shrinkage=0.05


Tree=10
num_leaves=28
num_cat=0
split_feature=33 74 115 33 50 84 35 59 21 115 33 94 74 25 24 109 80 50 64 0 23 35 77 99 80 72 31
split_gain=8826.69 6030.68 5825.65 5817.04 3536.02 4835.86 2123.91 3666.1 1668.37 1487.37 1468.87 1362.11 1109.07 1065.65 930.531 1715.92 868.716 716.832 537.208 514.77 461.366 403.436 323.637 314.807 211.466 174.221 151.904
threshold=0.089999999999999872 -5.8499999999999988 -6.883333333333332 -0.3725 41.750000000000007 0.010833333333333335 15.508333333333335 26.000000000000004 52.95000000000001 -15.458333333333332 -0.6775000000000001 4.6350000000000007 1.3333333333333359 23.650000000000002 35.850000000000009 -0.0033333333333334099 0.20833333333333351 39.050000000000004 30.550000000000001 1236.5000000000002 73.40000000000002 10.000000000000004 4.5000000000000009 60.45000000000001 -0.042499999999999975 0.38750000000000068 -0.025000000000000796
decision_type=2 2 2 2 2 2 2 2 2 2 2 2 2 2 2 2 2 2 2 2 2 2 2 2 2 2 2
left_child=2 6 3 -1 5 10 7 -2 -5 17 -4 -9 13 -11 15 -6 -12 -3 24 -13 21 -14 -15 26 -8 -22 -16
right_child=1 9 4 8 14 -7 18 11 -10 12 16 19 20 22 23 -17 -18 -19 -20 -21 25 -23 -24 -25 -26 -27 -28
leaf_value=1.4899632830368843 1.0442589762788381 0.41873369437969288 0.58134087212601604 -0.015966748117660141 0.49988103001815837 1.0081641824267027 0.24708707648397288 0.60648106740128183 0.71637460020006893 0.33150678249384402 0.19154040155764626 0.29526336456530661 -0.048026372530133588 -0.064357837006402768 -0.28439216769968201 -0.17959255852312317 -0.20311450579013868 -0.037277697612397111 -0.19366836580965255 -0.034625916626533804 -0.17256989354226041 -0.2947680819086182 -0.22880920890328948 0.041475562094161228 -0.00054095595037166155 -0.26969137019573125 -0.12265488349192932
leaf_weight=17 15.999999999999998 14.999999999999998 17 16.000000000000004 18 22 14.999999999999998 15.999999999999998 14.999999999999998 14.999999999999998 41 18 59 111 31 19 21 20 26 34 58 23 41 15.999999999999998 20 249 28
leaf_count=17 16 15 17 16 18 22 15 16 15 15 41 18 59 111 31 19 21 20 26 34 58 23 41 16 20 249 28
internal_value=0.00240973 -0.0861812 0.252186 0.749242 0.13985 0.354233 0.202659 0.365582 0.339395 -0.157078 0.171018 0.204521 -0.176987 -0.0691111 -0.0535755 0.151284 0.0576746 0.158649 -0.0218429 0.0798181 -0.223256 -0.11757 -0.108871 -0.154773 0.105844 -0.251421 -0.208058
internal_weight=997 736 261 48 213 101 145 84 31 591 79 68 556 167 112 37 62 35 61 52 389 82 152 75 35 307 59
internal_count=997 736 261 48 213 101 145 84 31 591 79 68 556 167 112 37 62 35 61 52 389 82 152 75 35 307 59
is_linear=0
shrinkage=0.05


Tree=11
num_leaves=28
num_cat=0
split_feature=49 35 33 74 59 12 111 62 83 31 76 4 65 115 14 78 6 82 119 70 31 109 76 62 74 121 10
split_gain=7440.19 7929.1 3033.36 2344.21 2852.82 1707.09 1566.78 1113.95 1095.82 910.737 892.105 884.935 1362.03 864.101 849.297 876.677 711.345 409.047 426.254 365.14 356.382 349.917 342.413 287.238 244.689 232.039 220.318
threshold=5.1050000000000013 -5.9499999999999984 0.054166666666666259 -5.8916666666666631 26.000000000000004 58.95000000000001 -0.70499999999999952 78.250000000000014 3.5000000000000004 0.016666666666667055 -6.5166666666666613 8.5000000000000018 32.050000000000004 -8.5833333333333339 27.550000000000004 1.071666666666667 2.5000000000000004 0.10250000000000049 -0.1041666666666665 0.012499999999999735 -0.046666666666667293 -0.048333333333333332 8.358333333333329 72.300000000000026 9.4583333333333357 0.13416666666666724 5.6850000000000014
decision_type=2 2 2 2 2 2 2 2 2 2 2 2 2 2 2 2 2 2 2 2 2 2 2 2 2 2 2
left_child=1 -1 6 4 -3 8 -2 11 -6 20 -4 12 -8 17 15 16 -5 18 -12 -7 -9 -16 23 -15 -19 -23 -24
right_child=2 3 10 14 5 19 7 9 -10 -11 13 -13 -14 22 21 -17 -18 24 -20 -21 -22 25 26 -25 -26 -27 -28
leaf_value=1.0000246404116688 0.44351749720563927 0.75160297684935451 0.11523053266399697 0.096730489146087964 0.10209513092250154 -0.074941276225308898 0.014613660439750218 -0.25268543512802427 0.62308705403985254 0.22193159930306861 0.044107760371508931 -0.067679174927716745 0.65936645139317485 -0.058408256664500363 0.10411187032360028 -0.11999712791205581 0.54762255679692662 -0.02341684100051589 -0.24022777730861483 0.16297350015298306 -0.053448648191650419 -0.0887143693208228 -0.17140812825110202 -0.19518094908528527 0.26128106954575381 -0.27030113864985611 -0.28891759693933727
leaf_weight=28 25 25 28 21 17 45 14.999999999999998 38 25 22 24 18 18 52 15.999999999999998 21 14.999999999999998 15.000000000000002 29 25 55 51 58 149 14.999999999999998 27 134
leaf_count=28 25 25 28 21 17 45 15 38 25 22 24 18 18 52 16 21 15 15 29 25 55 51 58 149 15 27 134
internal_value=-0.00284575 0.198269 -0.0943106 0.119983 0.269667 0.161473 0.0753263 0.019612 0.413072 -0.0666173 -0.15861 0.213898 0.367378 -0.174749 -0.0158775 0.13622 0.285737 -0.0280491 -0.111537 0.0100682 -0.135095 -0.108207 -0.205704 -0.159868 0.119161 -0.151901 -0.253554
internal_weight=1011 316 695 288 137 112 191 166 42 115 504 51 33 476 151 57 36 83 53 70 93 94 393 201 30 78 192
internal_count=1011 316 695 288 137 112 191 166 42 115 504 51 33 476 151 57 36 83 53 70 93 94 393 201 30 78 192
is_linear=0
shrinkage=0.05


Tree=12
num_leaves=26
num_cat=0
split_feature=37 74 115 10 41 70 78 113 83 0 0 23 33 12 76 22 12 74 117 113 4 39 48 37 59
split_gain=7649.95 6191.76 6100.69 2663.17 2419.48 2203.54 2712.75 1555.62 1554.5 1330.79 1257.7 1151.83 1060.74 1053.02 1644.8 752.741 516.202 490.556 363.071 289.627 286.535 251.366 162.537 160.945 146.953
threshold=-5.849999999999997 -2.849999999999993 -6.7833333333333288 5.4650000000000007 -0.12833333333333294 -0.011666666666667156 -0.99583333333333302 -9.0083333333333329 4.5000000000000009 1497.0000000000002 1681.0000000000002 64.250000000000014 0.56749999999999978 58.250000000000007 12.775000000000007 0.15500000000000003 58.95000000000001 1.8999999999999988 -0.55833333333333279 -2.0916666666666646 8.5000000000000018 0.079999999999999641 6.9050000000000011 12.450000000000001 31.450000000000003
decision_type=2 2 2 2 2 2 2 2 2 2 2 2 2 2 2 2 2 2 2 2 2 2 2 2 2
left_child=2 3 -1 8 -4 16 -7 13 -2 -6 11 12 -9 14 -3 -8 -5 -13 -15 -18 21 -12 -22 -20 -11
right_child=1 7 4 5 9 6 15 10 -10 24 20 17 -14 18 -16 -17 19 -19 23 -21 22 -23 -24 -25 -26
leaf_value=1.1933855938377664 0.24574549751044397 0.65073821261432607 0.67638284445348362 0.12910078549272075 0.31931254405886755 0.77416101963958928 -0.00090463783946684935 0.44196048073507654 0.8560293127648273 -0.04321720874746432 -0.046562812019914301 0.025167692058784948 -0.09396317277038306 0.069585393483873145 -0.014049720696734089 0.28915131950837053 0.038654886117044672 -0.16501380501989457 -0.057399020540086845 -0.21018407737796918 -0.27676662512562439 -0.19750670189475941 -0.12994963542908025 -0.26977509921757964 -0.24919822578844816
leaf_weight=20 22 15.999999999999998 22 21 29 20 49 20 20 19 35 47 17 28 22 41 14.999999999999998 121 17 52 151 133 22 19 15.999999999999998
leaf_count=20 22 16 22 21 29 20 49 20 20 19 35 47 17 28 22 41 15 121 17 52 151 133 22 19 16
internal_value=0.00767704 -0.0402577 0.40895 0.176633 0.225291 0.09976 0.248868 -0.12061 0.537819 0.0693363 -0.154093 -0.0561489 0.196001 0.0585456 0.266703 0.131351 -0.0866388 -0.111795 -0.0651931 -0.154425 -0.212925 -0.166136 -0.258211 -0.170062 -0.137964
internal_weight=994 888 106 240 86 198 110 648 42 64 546 205 37 102 38 90 88 168 64 67 341 168 173 36 35
internal_count=994 888 106 240 86 198 110 648 42 64 546 205 37 102 38 90 88 168 64 67 341 168 173 36 35
is_linear=0
shrinkage=0.05


Tree=13
num_leaves=24
num_cat=0
split_feature=33 119 76 62 0 22 82 113 10 33 0 112 70 60 66 14 40 78 75 3 58 79 109
split_gain=5487.02 4473.23 4329.46 2396.84 1881.35 1834.41 1823.29 1766.54 1235.47 1042.65 886.892 816.472 800.022 1085.45 702.56 898.596 559.192 494.291 338.63 331.327 301.688 292.908 126.136
threshold=-0.20166666666666663 0.78416666666666679 -3.9583333333333353 34.500000000000007 1497.0000000000002 0.19500000000000003 -1.0000000180025095e-35 -7.3833333333333329 5.455000000000001 0.28083333333333377 1957.5000000000002 1.5000000000000002 -0.016666666666667048 41.600000000000009 20.900000000000002 23.150000000000002 4.5000000000000009 0.47333333333333344 3.5000000000000004 4.5000000000000009 5.5050000000000008 2.5000000000000004 -0.010833333333333249
decision_type=2 2 2 2 2 2 2 2 2 2 2 2 2 2 2 2 2 2 2 2 2 2 2
left_child=1 4 3 -2 6 10 -1 -6 -5 -7 11 -4 19 -14 15 -9 -13 -8 21 -10 -20 -12 -16
right_child=2 -3 5 8 7 9 17 14 12 -11 18 16 13 -15 22 -17 -18 -19 20 -21 -22 -23 -24
leaf_value=0.85228709979364037 0.68674985844427372 1.0848755597306527 0.19313665705138469 0.45460049276950798 0.50139940417273932 0.54953287105686621 0.0004497171237768716 0.31693861910323218 0.015808557914539032 -0.00062872039812121236 0.064257709674925598 -0.041348874192379002 0.47298180571713372 0.050005199873817442 -0.075860189833836245 -0.18350425321140038 -0.20312589692197622 0.40602557161785913 -0.24748100019048144 -0.22292972919779741 -0.13013513866442361 -0.15594924254774375 -0.25199115634878017
leaf_weight=17 19 14.999999999999998 27 21 18 14.999999999999998 15.000000000000002 22 30 20 21 157 19 74 17 14.999999999999998 81 14.999999999999998 195 28 77 53 26
leaf_count=17 19 15 27 21 18 15 15 22 30 20 21 157 19 74 17 15 81 15 195 28 77 53 26
internal_value=-0.00248642 0.265697 -0.0537836 0.155284 0.180231 -0.11562 0.439955 0.0552964 0.096182 0.235906 -0.1358 -0.0669008 0.0460347 0.136889 -0.045515 0.113974 -0.0964906 0.204079 -0.188521 -0.0995437 -0.21434 -0.0933882 -0.182812
internal_weight=997 160 837 191 145 646 47 98 172 35 611 265 151 93 80 37 238 30 346 58 272 74 43
internal_count=997 160 837 191 145 646 47 98 172 35 611 265 151 93 80 37 238 30 346 58 272 74 43
is_linear=0
shrinkage=0.05


Tree=14
num_leaves=29
num_cat=0
split_feature=33 0 74 3 72 13 114 76 111 22 70 0 10 32 23 25 105 113 94 74 26 39 74 70 112 92 0 113
split_gain=5209.39 5537.4 4041.2 2321.45 2302.61 1982.39 1460.79 1367.26 1072.27 769.119 749.925 711.023 696.256 619.464 504.281 482.831 427.629 387.307 545.863 383.653 360.835 318.169 315.376 282.182 224.247 192.612 167.812 156.225
threshold=-0.082500000000000004 504.50000000000006 -5.7083333333333295 3.5000000000000004 -0.20333333333333267 3.2400000000000007 3.5000000000000004 -15.083333333333332 -0.6775000000000001 0.15500000000000003 -0.020000000000000902 2046.5000000000002 5.8250000000000011 5.5000000000000009 73.40000000000002 43.45000000000001 21.950000000000003 3.4166666666666701 5.4450000000000012 7.0083333333333355 16.650000000000002 -0.049999999999999371 11.825000000000001 0.049999999999999385 3.5000000000000004 39.850000000000009 2302.5000000000005 -13.841666666666661
decision_type=2 2 2 2 2 2 2 2 2 2 2 2 2 2 2 2 2 2 2 2 2 2 2 2 2 2 2 2
left_child=1 -1 3 7 -3 6 -6 -2 11 26 -11 12 -4 16 17 -14 -9 18 -10 23 22 -22 -7 -16 -21 -19 -5 -13
right_child=2 4 8 9 5 20 -8 13 14 10 -12 27 15 -15 19 -17 -18 25 -20 24 21 -23 -24 -25 -26 -27 -28 -29
leaf_value=0.91637547887357107 0.73689492868455064 0.52610963479554929 0.45113135961112605 -0.073732226013572294 0.67350468717062673 0.22943688216588357 0.045270641499164835 0.58413493641164915 0.14748822420915828 -0.11959510900039039 0.30266719860176883 0.0022835906497470997 -0.14300795455425105 0.06795679026439097 -0.14782206334892034 0.24493333685477051 0.2104014933028299 -0.22720163923228848 -0.12373262317675465 -0.17209302953499661 -0.013607251777272046 -0.23125166878141368 -0.069817556257214017 0.053470000375003712 -0.27999499847381321 -0.014411928519507908 -0.2742786391086488 -0.1859146418128434
leaf_weight=25 18 29 14.999999999999998 21 18 14.999999999999998 19 15.000000000000002 37 18 25 19 17 28 198 14.999999999999998 15.999999999999998 37 37 96 29 40 21 19 99 14.999999999999998 21 26
leaf_count=25 18 29 15 21 18 15 19 15 37 18 25 19 17 28 198 15 16 37 37 96 29 40 21 19 99 15 21 26
internal_value=-0.00790848 0.22281 -0.0650328 0.157616 0.120906 0.0378064 0.352024 0.356294 -0.122309 -0.0225118 0.125923 0.0353571 0.171234 0.239044 -0.149282 0.0388803 0.392698 -0.0616215 0.0118264 -0.176057 -0.0731001 -0.140002 0.0550234 -0.130158 -0.227015 -0.166061 -0.174538 -0.106513
internal_weight=988 196 792 162 171 142 37 77 630 85 43 92 47 59 538 32 31 126 74 412 105 69 36 217 195 52 42 45
internal_count=988 196 792 162 171 142 37 77 630 85 43 92 47 59 538 32 31 126 74 412 105 69 36 217 195 52 42 45
is_linear=0
shrinkage=0.05


Tree=15
num_leaves=25
num_cat=0
split_feature=33 119 74 59 0 35 51 82 123 102 111 32 111 0 48 119 23 67 64 115 76 48 65 58
split_gain=5783.67 5714 4711.86 2206.26 1855.04 1389.93 1389.53 1287.32 1253.53 1031.21 886.892 900.227 821.787 727.667 620.068 740.56 458.86 359.185 297.009 259.725 333.813 206.636 163.396 133.473
threshold=-0.40583333333333321 0.57416666666666638 -8.3583333333333307 26.000000000000004 1099.5000000000002 5.3916666666666648 54.400000000000006 -0.0066666666666663757 0.005833333333333344 34.900000000000006 0.45999999999999958 5.5000000000000009 -0.76250000000000029 1561.5000000000002 6.7650000000000006 -0.48583333333333284 61.95000000000001 6.6500000000000012 32.150000000000013 -7.2916666666666705 -1.5833333333333319 6.7750000000000012 10.800000000000002 5.2550000000000008
decision_type=2 2 2 2 2 2 2 2 2 2 2 2 2 2 2 2 2 2 2 2 2 2 2 2
left_child=1 4 3 -2 -1 6 7 8 -4 -6 11 -5 -8 14 18 -16 -14 -9 -7 23 -21 -11 -12 -15
right_child=2 -3 5 10 9 13 12 17 -10 21 22 -13 16 19 15 -17 -18 -19 -20 20 -22 -23 -24 -25
leaf_value=0.56821254114230779 0.70829642876240995 1.2530482555017961 0.077495153174215903 0.47377233408468283 0.2857690351269499 0.031463568859337446 0.21205778820633392 0.10207893481530042 0.6463279341916901 -0.0024299065420283605 0.10421407980634677 0.064121071311582123 0.1291845866993292 -0.1654993189877248 0.34393310572790065 -0.030637394133369186 -0.12290272671020186 -0.20046956428089496 -0.19551216307005803 -0.095859739948029668 -0.23715815166621887 -0.2394245605719717 -0.10388853723309428 -0.0051175663172098977
leaf_weight=25 22 14.999999999999998 18 29 29 18 24 25 21 20 14.999999999999998 25 20 25 15.999999999999998 73 177 15.999999999999998 71 54 190 17 25 27
leaf_count=25 22 15 18 29 29 18 24 25 21 20 15 25 20 25 16 73 177 16 71 54 190 17 25 27
internal_value=0.0031104 0.352083 -0.0384353 0.258618 0.202305 -0.0829316 0.00108247 0.179523 0.384787 0.0629785 0.152681 0.28468 -0.0635408 -0.136282 -0.0563093 0.0369554 -0.0972322 -0.0160676 -0.149567 -0.184321 -0.20596 -0.111806 -0.0256601 -0.0824898
internal_weight=997 106 891 116 91 775 301 80 39 66 94 54 221 474 178 89 197 41 89 296 244 37 40 52
internal_count=997 106 891 116 91 775 301 80 39 66 94 54 221 474 178 89 197 41 89 296 244 37 40 52
is_linear=0
shrinkage=0.05


Tree=16
num_leaves=25
num_cat=0
split_feature=35 62 41 74 3 59 103 115 70 50 84 54 15 32 61 66 37 26 12 77 109 109 35 31
split_gain=4842.41 4717.44 6100.61 4396.27 2217.08 2349.16 1614.34 1134.34 1124.87 1086.53 912.388 900.059 843.657 795.322 852.369 572.522 559.008 699.041 395.855 339.114 333.371 278.328 195.695 93.5057
threshold=-5.424999999999998 79.700000000000017 -0.025833333333333815 -5.7083333333333295 3.5000000000000004 26.650000000000002 32.050000000000004 -13.358333333333333 0.021666666666666948 40.250000000000007 0.016666666666666653 42.550000000000004 49.100000000000001 5.5000000000000009 0.17500000000000002 20.900000000000002 2.7416666666666676 27.050000000000001 58.95000000000001 3.5000000000000004 -0.004166666666666429 -0.028333333333333762 11.833333333333337 -0.023333333333332981
decision_type=2 2 2 2 2 2 2 2 2 2 2 2 2 2 2 2 2 2 2 2 2 2 2 2
left_child=1 2 -1 4 5 -2 -4 9 18 -5 16 -10 -12 14 -7 -3 17 -9 -6 -18 -17 -14 -20 -11
right_child=3 15 6 7 8 13 -8 10 11 23 12 -13 21 -15 -16 20 19 -19 22 -21 -22 -23 -24 -25
leaf_value=1.2977771652253318 0.87906637745008931 0.24286979565843506 -0.041175181968179764 0.38765822259378641 0.11400599793383948 0.14293858294243586 0.58674695899037166 0.083203244662909195 0.54800616281711489 -0.14880287728694649 0.39172660996582342 0.00083327562801095842 0.1433018056132038 0.026230886979956472 0.61733244201899828 0.046806344685747341 -0.089852675519866199 -0.14453661440414056 -0.04436390634199873 -0.18679212932959943 -0.21948618793867503 -0.10461488700718705 -0.24813003857520846 0.024319656568252492
leaf_weight=21 18 17 22 23 17 19 19 61 15.000000000000002 16.000000000000004 14.999999999999998 14.999999999999998 15.999999999999998 27 19 22 128 75 20 310 25 38 29 14.999999999999998
leaf_count=21 18 17 22 23 17 19 19 61 15 16 15 15 16 27 19 22 128 75 20 310 25 38 29 15
internal_value=0.0065998 0.2963 0.606763 -0.0350927 0.185862 0.374947 0.250411 -0.0918628 0.022109 0.12803 -0.110354 0.275498 0.0613083 0.234133 0.381264 -0.0048613 -0.131006 -0.0423658 -0.0932344 -0.158501 -0.0948977 -0.0309366 -0.165322 -0.0650643
internal_weight=1002 126 62 876 179 83 41 697 96 54 643 30 69 65 38 64 574 136 66 438 47 54 49 31
internal_count=1002 126 62 876 179 83 41 697 96 54 643 30 69 65 38 64 574 136 66 438 47 54 49 31
is_linear=0
shrinkage=0.05


Tree=17
num_leaves=26
num_cat=0
split_feature=76 11 32 0 111 57 62 23 119 3 74 49 3 78 30 59 23 82 111 3 0 119 63 75 70
split_gain=3523.26 2746.14 2238.91 2388.16 1386.94 1269.74 1421.59 1250.41 834.666 727.145 882.202 697.5 633.227 612.234 570.016 396.648 317.945 295.965 290.485 268.266 237.209 214.665 182.476 177.731 73.5229
threshold=-3.5833333333333424 24.650000000000002 2.5000000000000004 1099.5000000000002 -0.76250000000000029 61.750000000000007 44.900000000000006 82.750000000000014 -0.27833333333333371 4.5000000000000009 9.3249999999999957 5.3350000000000009 2.5000000000000004 0.75083333333333357 4.5000000000000009 39.95000000000001 69.65000000000002 -0.13666666666666624 0.18666666666666612 3.5000000000000004 1217.5000000000002 0.14250000000000054 31.400000000000002 5.5000000000000009 -0.018333333333333975
decision_type=2 2 2 2 2 2 2 2 2 2 2 2 2 2 2 2 2 2 2 2 2 2 2 2 2
left_child=1 -1 3 -2 9 6 -3 8 -8 10 -4 12 13 -6 16 -9 23 -12 19 -13 -14 -18 -20 -5 -7
right_child=2 5 4 14 11 24 7 15 -10 -11 17 18 20 -15 -16 -17 21 -19 22 -21 -22 -23 -24 -25 -26
leaf_value=0.79004370433203175 0.53720020074861319 0.48423214639789863 0.43928294102640236 0.13302757644550109 0.27217549865316204 -0.25802138672759206 0.58929352835314164 -0.083564506915261294 0.16792239256464842 -0.13505047402765866 -0.097504774765818536 -0.052146209907055444 0.0076436442563838306 -0.092029145167241644 0.2426928398874699 0.18058259997578618 -0.28330697282243172 0.1986596734121146 -0.050307957664210125 -0.17020371491223663 -0.15685117678816518 -0.026924252885066915 -0.21290768157932069 -0.073068008123268011 -0.10461825252624979
leaf_weight=15.999999999999998 28 29 22 23 27 14.999999999999998 14.999999999999998 66 54 24 19 90 32 20 21 18 18 14.999999999999998 19 104 69 14.999999999999998 206 19 17
leaf_count=16 28 29 22 23 27 15 15 66 54 24 19 90 32 20 21 18 18 15 19 104 69 15 206 19 17
internal_value=-0.0115134 0.160185 -0.0627541 0.131781 -0.10006 0.112723 0.163806 0.102762 0.260317 0.0947048 0.193326 -0.127561 -0.0341788 0.117222 0.0130462 -0.0267547 -0.0514258 0.0332088 -0.160517 -0.115516 -0.104729 -0.167354 -0.199228 0.039723 -0.177262
internal_weight=1001 230 771 124 647 214 182 153 69 80 56 567 148 47 96 84 75 34 419 194 101 33 225 42 32
internal_count=1001 230 771 124 647 214 182 153 69 80 56 567 148 47 96 84 75 34 419 194 101 33 225 42 32
is_linear=0
shrinkage=0.05


Tree=18
num_leaves=26
num_cat=0
split_feature=33 115 74 39 115 55 36 47 115 72 32 96 13 89 83 37 0 45 70 70 0 9 35 87 60
split_gain=4533.04 4999.7 3301.25 1814.77 1745.62 2489.42 1181.12 1079.12 948.894 886.685 831.627 839.341 807.461 1194.49 593.784 561.419 493.774 477.668 442.026 283.314 177.007 171.224 109.989 99.7084 57.422
threshold=-0.46500000000000025 -5.9916666666666698 -8.3583333333333307 -1.7899999999999996 0.8666666666666708 5.1350000000000007 4.5000000000000009 1.0000000180025095e-35 -7.2249999999999934 0.53583333333333372 4.5000000000000009 42.650000000000013 5.6950000000000012 39.45000000000001 4.5000000000000009 9.1750000000000096 845.00000000000011 0.0099999999999999967 0.043333333333332565 0.015833333333333147 1453.5000000000002 6.7750000000000012 5.1583333333333323 6.8250000000000011 51.150000000000013
decision_type=2 2 2 2 2 2 2 2 2 2 2 2 2 2 2 2 2 2 2 2 2 2 2 2 2
left_child=1 -1 4 -3 5 -2 -6 9 17 10 11 -4 13 21 -12 16 -10 18 -9 23 -11 -5 -17 -8 -22
right_child=2 3 7 12 6 -7 19 8 15 20 14 -13 -14 -15 -16 22 -18 -19 -20 -21 24 -23 -24 -25 -26
leaf_value=1.0490020734165351 0.96749391020825171 0.5826097022176413 0.57217715456588392 0.087861105286522398 0.34731554069234805 0.13997829036690046 -0.048885920620401487 -0.067102229336851921 0.055258056000557915 -0.0024356815015307127 -0.071922460819106998 0.12131353919239563 -0.23536757648880804 0.50907429527762715 0.17999829043530757 -0.067834652397806283 -0.12231154793141297 0.26457576247160891 0.2044300711986439 0.12159353909285171 -0.24844254527349197 -0.14646212532653571 -0.20960243106926144 -0.21363324690918897 -0.12152044315211821
leaf_weight=19 15.999999999999998 19 14.999999999999998 15.000000000000002 28 21 19 87 49 15.999999999999998 70 33 20 14.999999999999998 35 14.999999999999998 193 17 18 15.999999999999998 24 15.999999999999998 188 18 14.999999999999998
leaf_count=19 16 19 15 15 28 21 19 87 49 16 70 33 20 15 35 15 193 17 18 16 24 16 188 18 15
internal_value=0.00565091 0.317902 -0.0307402 0.15338 0.215512 0.499601 0.0852249 -0.0682634 -0.103996 0.0291201 0.0910289 0.263209 0.0290438 0.144375 0.0120949 -0.137858 -0.0863287 0.0194908 -0.020356 -0.0535372 -0.142861 -0.0330012 -0.19919 -0.129528 -0.20019
internal_weight=997 104 893 85 118 37 81 775 567 208 153 48 66 46 105 445 242 122 105 53 55 31 203 37 39
internal_count=997 104 893 85 118 37 81 775 567 208 153 48 66 46 105 445 242 122 105 53 55 31 203 37 39
is_linear=0
shrinkage=0.05


Tree=19
num_leaves=23
num_cat=0
split_feature=33 119 74 62 67 35 90 23 0 3 70 76 63 63 0 115 33 94 95 115 75 73
split_gain=4400.79 4276.6 3376.8 1593.96 1584.99 1465.39 2102.27 1150.24 1213.36 1126.26 741.37 729.857 555.045 522.638 513.849 499.524 499.119 454.757 339 320.636 229.463 217.508
threshold=-0.40583333333333321 0.57416666666666638 -8.3583333333333307 80.700000000000003 19.100000000000005 15.508333333333335 54.45000000000001 69.300000000000026 470.50000000000006 3.5000000000000004 0.046666666666666419 -2.7833333333333274 41.400000000000013 35.500000000000007 2262.0000000000005 -7.6250000000000098 0.43500000000000011 5.2650000000000006 35.250000000000007 5.7333333333333352 3.5000000000000004 4.5000000000000009
decision_type=2 2 2 2 2 2 2 2 2 2 2 2 2 2 2 2 2 2 2 2 2 2
left_child=1 3 5 4 13 6 -2 8 -4 12 14 -10 -8 -1 15 -9 -12 -5 -7 -13 -16 -18
right_child=2 -3 7 17 -6 18 9 10 11 -11 16 19 -14 -15 20 -17 21 -19 -20 -21 -22 -23
leaf_value=0.38662424079629765 0.88066973342800781 1.0545990000415291 0.37019665051266493 -0.21877886908773281 0.73674133541834275 -0.1376706902664232 0.21513865777593574 0.09008629622975696 0.31887284540972177 -0.0035767783004393692 0.21751131774699559 0.017324002248493092 0.64738231234203125 0.00070240816798820317 -0.096844347403469838 -0.099720827239032292 0.055007923425842514 0.10572248028414283 0.14433480594794787 -0.14980013308554826 -0.19664534333691844 -0.14907312915870971
leaf_weight=14.999999999999998 14.999999999999998 15.999999999999998 25 21 18 24 15.000000000000002 41 14.999999999999998 29 27 71 14.999999999999998 21 82 221 26 22 19 48 198 26
leaf_count=15 15 16 25 21 18 24 15 41 15 29 27 71 15 21 82 221 26 22 19 48 198 26
internal_value=0.00583586 0.299754 -0.0312143 0.174234 0.354859 0.219146 0.353888 -0.0687981 0.0511519 0.218612 -0.0995212 -0.00856577 0.432859 0.162267 -0.120378 -0.0699761 0.0434824 -0.0527788 -0.0129018 -0.0501146 -0.167481 -0.0470269
internal_weight=1010 113 897 97 54 117 74 780 159 59 621 134 30 36 542 262 79 43 43 119 280 52
internal_count=1010 113 897 97 54 117 74 780 159 59 621 134 30 36 542 262 79 43 43 119 280 52
is_linear=0
shrinkage=0.05


Tree=20
num_leaves=22
num_cat=0
split_feature=10 84 110 76 57 104 74 72 70 61 73 74 44 49 33 103 0 13 9 14 38
split_gain=4118.74 9694.46 2736.44 2277.04 1813.45 1770.4 2069.98 882.29 800.002 768.927 579.855 619.778 565.644 501.082 429.932 341.733 327.5 304.455 222.409 196.351 152.961
threshold=5.1450000000000005 0.016666666666666653 1.5000000000000002 -15.083333333333332 51.150000000000013 39.150000000000013 5.9250000000000052 0.44500000000000078 0.047500000000000327 0.17500000000000002 5.5000000000000009 10.075000000000001 2.5000000000000004 4.7650000000000006 0.089999999999999872 12.250000000000002 2095.5000000000005 5.2800000000000002 6.7950000000000008 45.100000000000009 4.5000000000000009
decision_type=2 2 2 2 2 2 2 2 2 2 2 2 2 2 2 2 2 2 2 2 2
left_child=1 2 -1 4 -2 10 -7 8 12 19 11 -4 17 -14 16 -16 -9 -5 -12 -10 -17
right_child=3 -3 5 7 -6 6 -8 14 9 -11 18 -13 13 -15 15 20 -18 -19 -20 -21 -22
leaf_value=0.71666621391817653 0.70424651792872028 1.2665845490836034 -0.0027478329045519181 0.032954158278488403 0.02402022053927054 0.80429651571425365 -0.024512521952193306 0.20347940081002697 0.13428828996538328 0.39173700570777692 -0.055396571004777177 0.33792728845562259 0.23294085194746336 -0.015241389945288557 0.029884103713033003 -0.11980648527656462 -0.089054491445136719 -0.12356477744052746 -0.2340652513734014 -0.1131206836093936 -0.19911117250187416
leaf_weight=15.999999999999998 17 19 78 37 23 15.000000000000002 14.999999999999998 14.999999999999998 14.999999999999998 21 40 15.999999999999998 25 107 23 96 26 191 31 17 171
leaf_count=16 17 19 78 37 23 15 15 15 15 21 40 16 25 107 23 96 26 191 31 17 171
internal_value=0.00184655 0.187853 0.0901386 -0.0527323 0.314276 0.0383646 0.391021 -0.0725103 -0.0237403 0.157421 -0.0259225 0.0554838 -0.0504614 0.0318657 -0.133322 -0.154743 0.0180831 -0.0981395 -0.133697 0.00275357 -0.170671
internal_weight=1014 230 211 784 40 195 30 744 413 53 165 94 360 132 331 290 41 228 71 32 267
internal_count=1014 230 211 784 40 195 30 744 413 53 165 94 360 132 331 290 41 228 71 32 267
is_linear=0
shrinkage=0.05


Tree=21
num_leaves=25
num_cat=0
split_feature=33 119 72 0 59 77 26 0 113 61 70 32 72 104 104 3 13 38 62 33 28 101 66 23
split_gain=3625.53 4520.21 2249.47 1896.67 1422.3 1023.93 1114.32 2113.71 781.524 917.139 723.407 579.319 553.825 423.995 419.572 334.015 311.322 269.699 284.805 192.591 186.446 139.198 134.015 88.6386
threshold=-0.40583333333333321 0.53000000000000036 -0.76500000000000001 1099.5000000000002 26.000000000000004 3.5000000000000004 27.750000000000004 1343.5000000000002 -9.0083333333333329 0.16500000000000004 -0.01666666666666616 4.5000000000000009 0.48750000000000032 14.550000000000002 34.900000000000006 2.5000000000000004 6.6150000000000011 5.5000000000000009 70.90000000000002 -0.66833333333333289 5.1000000000000005 73.950000000000017 24.500000000000004 92.40000000000002
decision_type=2 2 2 2 2 2 2 2 2 2 2 2 2 2 2 2 2 2 2 2 2 2 2 2
left_child=1 3 4 -1 -2 6 7 -4 9 15 20 -6 -12 -5 -9 -7 21 18 -10 22 -8 -13 -15 -19
right_child=2 -3 5 13 11 8 10 14 17 -11 12 16 -14 19 -16 -17 -18 23 -20 -21 -22 -23 -24 -25
leaf_value=0.47062157939231269 0.65389029689577249 1.0153395720741203 0.64895784795613576 0.19819918411859072 0.37354153574439652 0.11486784863126212 -0.0043770135451129998 -0.052462207973711275 -0.029074191256198041 0.31192315717425823 0.095331679697877938 0.22992700040340419 -0.1285366485452713 0.072635705951855783 0.25472240183465433 -0.14194203199301084 -0.14455525867248836 -0.20887240821530861 -0.1365673441489175 -0.24624447532442231 -0.18854024264905422 0.017788860627583097 -0.13131013862464738 -0.078119175168161359
leaf_weight=28 14.999999999999998 17 18 15.999999999999998 15.999999999999998 18 17 42 86 22 94 15.000000000000002 39 15.999999999999998 14.999999999999998 42 17 111 219 15.000000000000002 73 15.999999999999998 15.999999999999998 14.999999999999998
leaf_count=28 15 17 18 16 16 18 17 42 86 22 94 15 39 16 15 42 17 111 219 15 73 16 16 15
internal_value=-0.00405079 0.269379 -0.0372631 0.129007 0.217246 -0.0620849 0.0116121 0.178213 -0.104899 0.0365024 -0.0444519 0.113969 0.0296013 -0.0232479 0.0285928 -0.0647529 0.0267444 -0.131815 -0.106294 -0.0990011 -0.153853 0.121006 -0.0292728 -0.19342
internal_weight=998 108 890 91 79 811 298 75 513 82 223 64 133 63 57 60 48 431 305 47 90 31 32 126
internal_count=998 108 890 91 79 811 298 75 513 82 223 64 133 63 57 60 48 431 305 47 90 31 32 126
is_linear=0
shrinkage=0.05


Tree=22
num_leaves=28
num_cat=0
split_feature=0 108 70 72 26 84 53 113 12 23 63 27 45 27 57 3 70 52 101 45 31 3 70 16 0 41 113
split_gain=2697.41 6190.78 4935.5 1228.01 1390.63 1146.83 1565.03 865.793 1626.4 800.092 711.656 821.581 528.035 508.593 571.056 421.58 392.933 325.863 496.295 206.129 205.904 195.061 132.144 73.2712 95.9646 49.9735 24.7786
threshold=1681.0000000000002 5.5000000000000009 0.0016666666666664833 -0.435 25.400000000000002 0.00083333333333335269 10.250000000000002 -5.4916666666666645 43.150000000000013 55.100000000000009 36.000000000000007 18.750000000000004 0.013333333333333352 21.950000000000003 52.050000000000004 4.5000000000000009 0.04500000000000038 5.5250000000000012 85.550000000000026 -0.015833333333333321 0.010000000000000233 2.5000000000000004 0.0083333333333341936 6.1050000000000013 3708.0000000000005 0.12500000000000003 2.250000000000004
decision_type=2 2 2 2 2 2 2 2 2 2 2 2 2 2 2 2 2 2 2 2 2 2 2 2 2 2 2
left_child=1 5 -3 4 -2 9 -7 8 -5 -1 11 -8 21 14 -6 -12 20 18 19 -9 -10 -11 25 24 -19 -15 -25
right_child=3 2 -4 7 13 6 10 17 16 12 15 -13 -14 22 -16 -17 -18 23 -20 -21 -22 -23 -24 26 -26 -27 -28
leaf_value=0.24760535150321564 0.40110074884337249 0.19583252819510999 1.3414424445894029 0.38786882428274611 0.36154539111434225 0.54606952809575782 0.49572808281492792 -0.2009233765531703 -0.1473433271316166 -0.029701534036608884 0.064391349465620959 0.085907240636680982 0.16687057457905446 -0.24542403090868561 -0.066581679501148475 -0.16081906548419667 0.16539900219993087 -0.17644673430539193 0.11545639860674024 -0.073267170726078731 0.056233168418044294 -0.15871249743557853 0.00082368534921810333 -0.19360127749525949 -0.07357705597837913 -0.11629056516826522 -0.28725072068777696
leaf_weight=20 27 21 17 24 15.000000000000002 20 18 49 70 42 67 38 18 15.000000000000002 15.999999999999998 30 14.999999999999998 155 27 90 14.999999999999998 98 14.999999999999998 14.999999999999998 27 15.999999999999998 17
leaf_count=20 27 21 17 24 15 20 18 49 70 42 67 38 18 15 16 30 15 155 27 90 15 98 15 15 27 16 17
internal_value=0.00248472 0.105293 0.710649 -0.0632907 0.0930495 0.0395581 0.131206 -0.0955733 0.0191017 -0.049511 0.0766215 0.218373 -0.0872851 -0.0152837 0.140912 -0.00530375 -0.0696516 -0.133002 -0.0803001 -0.118416 -0.111335 -0.120094 -0.120732 -0.173803 -0.161262 -0.179524 -0.244248
internal_weight=997 389 38 608 104 351 173 504 124 178 153 56 158 77 31 97 100 380 166 139 85 140 46 214 182 31 32
internal_count=997 389 38 608 104 351 173 504 124 178 153 56 158 77 31 97 100 380 166 139 85 140 46 214 182 31 32
is_linear=0
shrinkage=0.05


Tree=23
num_leaves=27
num_cat=0
split_feature=35 41 64 74 111 62 22 20 0 62 78 35 70 111 113 95 11 19 6 77 19 31 31 70 58 118
split_gain=3115.76 3539.48 6085.59 2368.72 1538.73 1433.74 1050.89 1429.51 838.325 792.674 1349.29 561.823 598.179 623.91 525.162 520.205 413.836 863.004 397.561 258.382 251.461 251.363 163.747 115.506 110.103 38.8011
threshold=-5.424999999999998 -0.097499999999999684 39.650000000000006 -8.3583333333333307 -0.26999999999999996 40.550000000000004 0.16500000000000004 34.850000000000001 1529.0000000000002 71.250000000000014 -0.28583333333333311 8.3583333333333361 0.04500000000000038 0.23083333333333347 -8.3999999999999986 33.150000000000013 46.750000000000007 5.3950000000000005 5.5000000000000009 4.5000000000000009 5.1550000000000011 0.010000000000000233 -0.013333333333333195 0.0033333333333325226 5.5050000000000008 5.5000000000000009
decision_type=2 2 2 2 2 2 2 2 2 2 2 2 2 2 2 2 2 2 2 2 2 2 2 2 2 2
left_child=1 2 -1 4 -2 -6 22 -8 9 10 -5 12 19 -14 15 -11 17 -7 -12 -10 -18 -16 -3 25 -25 -13
right_child=3 6 -4 8 5 16 7 -9 11 14 18 23 13 -15 21 -17 20 -19 -20 -21 -22 -23 -24 24 -26 -27
leaf_value=1.372586657615922 0.58652955565152998 -0.22949015666389358 0.13476673552473845 0.41644411161816869 0.54625299215711509 -0.090771019888754509 -0.0119172199606047 0.55803027282268303 -0.031095881694005473 0.3316519800499575 -0.046176566942358901 -0.21188764668336876 0.3303325673048409 -0.092281209830171573 -0.13660516650470444 -0.083430339667378672 0.071296143671225373 0.37864464669054404 0.23130180902362613 -0.13763175438338601 -0.16877705018682734 0.055553091610248996 -0.025846731145634672 -0.15247177853542629 -0.025993252200481695 -0.14466625616276185
leaf_weight=15.999999999999998 19 22 26 27 14.999999999999998 20 28 18 114 15.000000000000002 65 93 19 15.999999999999998 111 14.999999999999998 17 19 15.999999999999998 114 30 20 18 70 23 30
leaf_count=16 19 22 26 27 15 20 28 18 114 15 65 93 19 16 111 15 17 19 16 114 30 20 18 70 23 30
internal_value=0.00272364 0.232919 0.608576 -0.0312394 0.174877 0.0968844 0.0489073 0.211724 -0.0643319 0.00628551 0.111041 -0.103993 -0.0548582 0.137283 -0.0639793 0.124357 0.0179046 0.138174 0.00878995 -0.0844227 -0.0818689 -0.10721 -0.138268 -0.163743 -0.121307 -0.195664
internal_weight=996 128 42 868 120 101 86 46 748 269 108 479 263 35 161 30 86 39 81 228 47 131 40 216 93 123
internal_count=996 128 42 868 120 101 86 46 748 269 108 479 263 35 161 30 86 39 81 228 47 131 40 216 93 123
is_linear=0
shrinkage=0.05


Tree=24
num_leaves=21
num_cat=0
split_feature=74 35 84 59 18 22 12 24 3 70 115 83 4 45 61 115 62 115 59 59
split_gain=2277.43 2155.3 3627.68 1545.91 1379.58 920.256 809.027 716.087 617.096 787.783 681.373 558.901 563.781 522.624 512.96 451.149 286.441 236.687 174.566 103.322
threshold=-8.3583333333333307 -6.7833333333333323 0.010833333333333335 26.000000000000004 41.95000000000001 0.19500000000000003 58.750000000000007 40.800000000000004 2.5000000000000004 0.046666666666666419 0.5749999999999994 4.5000000000000009 8.5000000000000018 0.0091666666666666719 0.17500000000000002 3.0749999999999926 58.100000000000001 6.5249999999999995 32.050000000000004 38.850000000000001
decision_type=2 2 2 2 2 2 2 2 2 2 2 2 2 2 2 2 2 2 2 2
left_child=3 2 4 -1 -2 8 14 -7 9 16 -11 17 -13 18 -5 -8 -3 -10 -6 -17
right_child=1 5 -4 6 13 7 15 -9 11 10 -12 12 -14 -15 -16 19 -18 -19 -20 -21
leaf_value=0.56101067569348717 0.46754039914711659 0.14450752173668771 0.90042518457237453 0.11557987765495821 -0.054527552636506042 0.37071287058540997 0.16752639821509727 -0.052006769266116054 -0.10756933022303161 0.46554334222875693 0.0036899427333247589 0.093691310393829788 -0.13791114622141173 0.13214876071793411 0.51675836240282702 -0.14676876939640715 -0.063810865161214814 -0.19039682105333652 -0.26666289662840353 0.013119334972793271
leaf_weight=23 15.999999999999998 18 14.999999999999998 15.999999999999998 19 21 29 19 264 14.999999999999998 17 61 46 24 15.999999999999998 27 186 129 20 15.999999999999998
leaf_count=23 16 18 15 16 19 21 29 19 264 15 17 61 46 24 16 27 186 129 20 16
internal_value=-0.00679426 -0.0356779 0.1903 0.190903 0.0544347 -0.0630789 0.108544 0.170167 -0.0757835 -0.00911399 0.221115 -0.107233 -0.00586522 -0.0509765 0.31731 0.0153787 -0.0453435 -0.134811 -0.163847 -0.0872671
internal_weight=997 870 94 127 79 776 104 40 736 236 32 500 107 63 32 72 204 393 39 43
internal_count=997 870 94 127 79 776 104 40 736 236 32 500 107 63 32 72 204 393 39 43
is_linear=0
shrinkage=0.05


Tree=25
num_leaves=26
num_cat=0
split_feature=35 0 74 59 66 35 35 74 4 83 39 111 16 36 69 102 55 110 3 27 104 89 72 45 8
split_gain=2297.47 3548.61 2541.45 1358.81 695.785 834.159 687.39 587.22 768.99 821.365 908.005 639.512 583.613 425.242 359.861 347.174 305.214 284.228 289.333 379.835 144.067 89.2404 75.8375 56.207 21.8247
threshold=-6.3499999999999988 1099.5000000000002 -8.3583333333333307 26.000000000000004 17.000000000000004 -10.683333333333332 2.5916666666666655 10.916666666666666 8.5000000000000018 4.5000000000000009 0.2850000000000002 -0.77999999999999969 4.5950000000000006 5.5000000000000009 3.5000000000000004 35.100000000000009 5.1350000000000007 3.5000000000000004 2.5000000000000004 21.550000000000001 13.150000000000002 40.95000000000001 1.4008333333333334 -0.0033333333333333474 1.0000000180025095e-35
decision_type=2 2 2 2 2 2 2 2 2 2 2 2 2 2 2 2 2 2 2 2 2 2 2 2 2
left_child=1 -1 3 -2 5 -3 -5 8 9 13 -11 -10 -8 -4 -13 -6 -14 18 19 -9 -20 -17 23 -19 -24
right_child=2 4 7 6 15 -7 12 17 11 10 -12 14 16 -15 -16 21 -18 22 20 -21 -22 -23 24 -25 -26
leaf_value=0.69515316376776215 0.55764239573083219 0.50180766339728367 0.04322709038594201 0.40381241304832588 0.10712141418489961 -0.015918676693987402 0.33591381660138342 0.18319120822536156 0.18561083344714857 0.504221359174154 0.073070964369309196 -0.15843034058697408 0.14404828197815839 -0.10008364494815558 -0.037624989338671359 -0.079378216698864412 -0.082756049329716475 -0.18303646207554949 -0.00018789755458331237 -0.11678769521026813 -0.15928069536726486 -0.25028606664319958 -0.18576775759717587 -0.068239117219396253 -0.26560676886942036
leaf_weight=29 21 15.000000000000002 132 17 18 15.999999999999998 14.999999999999998 21 20 17 43 146 22 85 107 15.000000000000002 45 34 18 21 69 15.999999999999998 14.999999999999998 15.999999999999998 28
leaf_count=29 21 15 132 17 18 16 15 21 20 17 43 146 22 85 107 15 45 34 18 21 69 16 15 16 28
internal_value=0.00573602 0.222325 -0.0207469 0.193213 0.0502083 0.235241 0.115375 -0.0540322 -0.0263058 0.03237 0.195949 -0.0858496 0.0550971 -0.0129057 -0.107394 -0.0669922 -0.00810478 -0.122658 -0.0744662 0.0331619 -0.12646 -0.168271 -0.1893 -0.146611 -0.238368
internal_weight=1001 109 892 120 80 31 99 772 550 277 60 273 82 217 253 49 67 222 129 42 87 31 93 50 43
internal_count=1001 109 892 120 80 31 99 772 550 277 60 273 82 217 253 49 67 222 129 42 87 31 93 50 43
is_linear=0
shrinkage=0.05


Tree=26
num_leaves=24
num_cat=0
split_feature=45 0 108 70 84 72 10 4 31 111 78 32 98 23 21 21 74 48 111 117 70 76 19
split_gain=2274.39 2092.04 4370.27 4290.9 1315.58 1009.24 1195.32 715.968 848.112 962.905 536.697 454.676 369.902 364.706 267.25 237.857 186.476 231.511 275.567 187.519 157.997 64.957 53.0953
threshold=0.034166666666666685 1681.0000000000002 5.5000000000000009 0.00083333333333346371 0.00083333333333335269 0.72583333333333322 5.1650000000000009 8.5000000000000018 0.016666666666667055 -0.39250000000000002 1.0525 5.5000000000000009 34.650000000000013 55.100000000000009 43.750000000000007 49.050000000000004 4.0999999999999952 6.8750000000000009 0.16833333333333347 1.3241666666666667 0.04500000000000038 5.5666666666666673 5.6850000000000014
decision_type=2 2 2 2 2 2 2 2 2 2 2 2 2 2 2 2 2 2 2 2 2 2 2
left_child=1 2 4 -4 13 6 -6 8 10 -10 11 -3 -11 -1 -15 -7 17 19 -19 -9 -12 -18 -23
right_child=-2 7 3 -5 5 15 -8 16 9 12 20 -13 -14 14 -16 -17 21 18 -20 -21 -22 22 -24
leaf_value=0.13645121475950403 0.59161840673559196 0.062500142473403089 0.1073189579496521 1.2177127726329777 0.62133583927786118 -0.23782253258902097 0.14537675922339771 -0.16092946496435798 0.46813234536968473 -0.096039614532414067 -0.16196040654674582 -0.11589346431237831 0.1854573888518799 0.043894613492132417 -0.12203869639808754 0.017342878579740276 -0.094984358403816249 0.18727481698753029 -0.10578552461855591 -0.0031288956206633276 -0.0041374056127058889 -0.20656117489687761 -0.11891345459145385
leaf_weight=20 15.999999999999998 109 19 15.999999999999998 14.999999999999998 15.999999999999998 106 77 17 26 98 53 21 30 125 21 24 14.999999999999998 17 25 19 81 23
leaf_count=20 16 109 19 16 15 16 106 77 17 26 98 53 21 30 125 21 24 15 17 25 19 81 23
internal_value=0.00219307 -0.0075541 0.0864316 0.617093 0.0304728 0.135032 0.204886 -0.0647353 -0.0171697 0.146827 -0.054846 0.00407047 0.0297562 -0.0639243 -0.0898827 -0.0932078 -0.126957 -0.0855502 0.0315862 -0.122343 -0.136399 -0.170165 -0.187358
internal_weight=989 973 368 35 333 158 121 605 343 64 279 162 47 175 155 37 262 134 32 102 117 128 104
internal_count=989 973 368 35 333 158 121 605 343 64 279 162 47 175 155 37 262 134 32 102 117 128 104
is_linear=0
shrinkage=0.05


Tree=27
num_leaves=15
num_cat=0
split_feature=94 45 76 10 60 44 109 30 57 76 113 72 71 43
split_gain=2598.15 1774.06 1643.56 1428.55 960.302 957.917 927.755 758.034 731.473 1157.92 425.956 699.447 290.301 236.379
threshold=6.9600000000000017 0.034166666666666685 -3.5833333333333424 5.455000000000001 48.000000000000007 3.5000000000000004 0.048333333333334234 4.5000000000000009 50.650000000000013 -15.083333333333332 -8.3999999999999986 0.35333333333333311 3.5000000000000004 -0.062499999999999993
decision_type=2 2 2 2 2 2 2 2 2 2 2 2 2 2
left_child=1 2 3 4 -1 10 7 -7 9 -5 11 -4 -12 -10
right_child=-2 -3 5 8 -6 6 -8 -9 13 -11 12 -13 -14 -15
leaf_value=0.56815975470414293 0.56232650999109546 0.5084869912322264 0.28863597968335969 0.5403346713212942 0.091872546045567979 -0.037298263446985662 0.36272301786574562 0.2833011745029434 0.028781139765148445 0.054749780080637682 -0.040376590358867787 -0.059495696502982656 -0.13127055448050376 -0.13407328814981942
leaf_weight=24 20 15.999999999999998 18 14.999999999999998 19 146 20 21 40 66 118 71 347 50
leaf_count=24 20 16 18 15 19 146 20 21 40 66 118 71 347 50
internal_value=-0.00034035 -0.0119916 -0.0207693 0.101249 0.358525 -0.0560238 0.0417911 0.00313213 0.0363534 0.14529 -0.0890513 0.0111018 -0.108229 -0.0616864
internal_weight=991 971 955 214 43 741 187 167 171 81 554 89 465 90
internal_count=991 971 955 214 43 741 187 167 171 81 554 89 465 90
is_linear=0
shrinkage=0.05


Tree=28
num_leaves=25
num_cat=0
split_feature=0 35 63 74 117 111 95 117 77 72 83 31 115 13 59 31 54 72 74 35 4 105 60 59
split_gain=1765.5 2733.45 4621.61 1327.91 1508.01 685.314 1153.96 593.354 567.18 419.858 502.475 405.554 307.839 291.619 230.429 218.737 258.916 209.703 186.057 155.035 206.086 178.156 99.2015 65.7994
threshold=2618.0000000000005 -5.9499999999999984 39.250000000000007 -8.3583333333333307 0.13916666666666624 -0.6950000000000004 28.250000000000004 0.9991666666666662 3.5000000000000004 0.44500000000000078 3.5000000000000004 0.046666666666666419 8.6916666666666647 6.3350000000000009 29.050000000000004 -0.018333333333333975 27.950000000000006 -0.41166666666666657 -11.683333333333323 -7.1333333333333302 8.5000000000000018 26.200000000000006 52.150000000000013 37.050000000000004
decision_type=2 2 2 2 2 2 2 2 2 2 2 2 2 2 2 2 2 2 2 2 2 2 2 2
left_child=1 2 -1 4 -3 6 -5 18 -4 10 -7 15 -11 -8 -10 19 -17 -18 -6 -2 21 -21 -19 -22
right_child=11 3 8 5 7 9 13 -9 14 12 -12 -13 -14 -15 -16 16 17 22 -20 20 23 -23 -24 -25
leaf_value=0.94505494631051468 -0.26704440395680001 0.52535003101920696 0.3326537223051716 0.51847370914276081 -0.20206163663399745 -0.061386715849581545 0.10831871347865839 0.2761020377648799 0.11372742276910125 -0.059935788827393234 0.097267503556071305 0.16455462785981456 -0.21044453779636096 -0.16773800707810763 -0.14470036430145378 0.11798468852212643 0.087103834122584003 -0.13134002858351779 0.042228694714063056 -0.089511912957611017 -0.18211539243591834 0.089401288506407162 -0.032863590014085842 -0.077753125947378376
leaf_weight=22 17 25 14.999999999999998 14.999999999999998 16.000000000000004 115 26 18 14.999999999999998 139 88 15.999999999999998 45 14.999999999999998 20 21 18 72 14.999999999999998 102 82 15.999999999999998 40 19
leaf_count=22 17 25 15 15 16 115 26 18 15 139 88 16 45 15 20 21 18 72 15 102 82 16 40 19
internal_value=-0.00068595 0.0544807 0.342893 0.0142467 0.210165 -0.0185088 0.144799 0.0485114 0.0764846 -0.0421841 0.00737891 -0.08132 -0.0968665 0.00703831 -0.0337947 -0.0915381 -0.04445 -0.0707984 -0.0839402 -0.121614 -0.110185 -0.065155 -0.0962752 -0.162629
internal_weight=992 589 72 517 74 443 56 49 50 387 203 403 184 41 35 387 151 130 31 236 219 118 112 101
internal_count=992 589 72 517 74 443 56 49 50 387 203 403 184 41 35 387 151 130 31 236 219 118 112 101
is_linear=0
shrinkage=0.05


Tree=29
num_leaves=27
num_cat=0
split_feature=8 0 109 76 58 15 3 76 82 0 123 55 111 45 60 21 70 14 9 4 91 65 4 33 17 21
split_gain=2045.99 3449.26 4454.92 1772.64 2143.77 1049.87 853.847 1702.48 577.872 508.707 487.442 390.315 351.123 276.382 249.239 228.114 225.943 305.462 331.145 201.306 172.97 100.623 86.0839 76.3959 39.9242 36.0795
threshold=1.0000000180025095e-35 549.50000000000011 0.026666666666665954 0.46666666666667217 5.035000000000001 22.150000000000002 3.5000000000000004 -15.083333333333332 0.022499999999999524 2399.5000000000005 -0.025000000000000005 5.9050000000000011 1.380833333333334 0.011666666666666674 52.550000000000004 50.650000000000013 -0.020000000000000902 47.900000000000006 6.6450000000000005 8.5000000000000018 5.5550000000000006 34.45000000000001 9.5000000000000018 1.275833333333334 42.45000000000001 48.250000000000007
decision_type=2 2 2 2 2 2 2 2 2 2 2 2 2 2 2 2 2 2 2 2 2 2 2 2 2 2
left_child=1 2 -1 4 -3 8 7 -2 -5 10 -9 -12 16 20 22 -15 23 18 -18 -16 -7 -19 -11 24 -8 -25
right_child=6 3 -4 5 -6 13 12 9 -10 14 11 -13 -14 15 19 -17 17 21 -20 -21 -22 -23 -24 25 -26 -27
leaf_value=0.10239154162565112 0.53209039828437843 0.66265940048864902 1.2292410455792155 0.44179990025040516 0.016802941749186041 -0.16381440230288488 -0.1156702372980186 0.28976050775024775 0.010054994971546907 -0.078108675154529517 0.049676206769797664 -0.15017798068289906 0.14132127903944611 -0.099411845804247639 0.12747458455688004 0.16720907026738452 0.1797306552267911 -0.083865988144647019 -0.055919066877533508 -0.08590168110958861 -0.02418501827494508 -0.18307549718975416 -0.16846388129446799 -0.16036140456773906 -0.20431598121335048 -0.2607170963078333
leaf_weight=21 14.999999999999998 23 14.999999999999998 16.000000000000004 29 79 70 18 14.999999999999998 57 152 29 14.999999999999998 14.999999999999998 22 17 17 46 116 22 31 59 50 17 15.999999999999998 22
leaf_count=21 15 23 15 16 29 79 70 18 15 57 152 29 15 15 22 17 17 46 116 22 31 59 50 17 16 22
internal_value=3.2036e-05 0.120438 0.574155 0.0475988 0.30329 -0.0293582 -0.042268 0.0122665 0.233756 -0.010143 0.0423417 0.0175625 -0.0949295 -0.0869579 -0.0793268 0.0421544 -0.104742 -0.0760596 -0.0256485 0.0207202 -0.124567 -0.139781 -0.120495 -0.159209 -0.132439 -0.217622
internal_weight=1004 261 36 225 52 173 743 365 31 350 199 181 378 142 151 32 363 238 133 44 110 105 107 125 86 39
internal_count=1004 261 36 225 52 173 743 365 31 350 199 181 378 142 151 32 363 238 133 44 110 105 107 125 86 39
is_linear=0
shrinkage=0.05


Tree=30
num_leaves=9
num_cat=0
split_feature=61 45 45 25 62 3 74 13
split_gain=1611.46 3246.56 1546.93 1049.21 1124.86 677.824 780.069 388.97
threshold=0.20500000000000004 -0.0066666666666666671 0.034166666666666685 8.2000000000000011 30.350000000000005 3.5000000000000004 -11.974999999999996 5.6950000000000012
decision_type=2 2 2 2 2 2 2 2
left_child=2 -2 3 -1 -5 6 -6 -7
right_child=1 -3 -4 4 5 7 -8 -9
leaf_value=0.3125514540669605 -0.045399278716974523 0.88278572239623154 0.48230447909295171 0.36558727848599526 0.27709044752897566 -0.0316387297661452 -0.015514937240964239 -0.12550744339284736
leaf_weight=22 25 14.999999999999998 14.999999999999998 17 24 189 415 266
leaf_count=22 25 15 15 17 24 189 415 266
internal_value=-0.0065788 0.303879 -0.0197142 -0.0278414 -0.0361006 -0.0437846 0.000529787 -0.0865423
internal_weight=988 40 948 933 911 894 439 455
internal_count=988 40 948 933 911 894 439 455
is_linear=0
shrinkage=0.05


Tree=31
num_leaves=22
num_cat=0
split_feature=77 24 70 8 74 38 29 23 64 78 78 112 75 70 16 74 63 105 106 67 104
split_gain=1903.09 3440.19 1623.8 1798.82 877.087 723.345 734.109 686.44 583.085 572.657 554.82 336.329 429.507 171.61 212.941 140.112 165.215 345.273 138.343 121.567 84.2381
threshold=4.5000000000000009 16.850000000000005 0.031666666666666739 1.0000000180025095e-35 1.4000000000000024 5.5000000000000009 47.500000000000007 55.100000000000009 22.450000000000003 2.2425000000000002 -0.88666666666666683 1.5000000000000002 5.5000000000000009 -0.034999999999999691 5.9150000000000009 -7.2999999999999945 57.850000000000001 8.8500000000000014 10.250000000000002 25.650000000000002 36.350000000000001
decision_type=2 2 2 2 2 2 2 2 2 2 2 2 2 2 2 2 2 2 2 2 2
left_child=1 -1 5 -4 10 6 -3 9 -8 -2 -5 12 -9 20 -15 -13 19 -18 -6 -17 -7
right_child=7 2 3 4 18 13 8 11 -10 -11 -12 15 -14 14 -16 16 17 -19 -20 -21 -22
leaf_value=0.68685733928075887 0.2790063857516169 0.36589744286814141 0.56336826261889428 0.46947396364271277 -0.1505295801722227 -0.20495202423182513 0.21200660530073556 0.21699790686821741 -0.0088762572745756645 -0.10948090568092297 0.12863886720340723 0.032505430804183159 -0.11874050308222793 -0.018515394822659782 -0.19767950841035889 -0.15340909705732525 0.12467556946974306 -0.11884831753719459 0.039574386199183818 -0.010389574408901404 -0.064936524669066173
leaf_weight=21 23 15.999999999999998 26 15.999999999999998 26 40 34 18 241 15.999999999999998 47 14.999999999999998 20 78 21 226 19 61 14.999999999999998 15.999999999999998 14.999999999999998
leaf_count=21 23 16 26 16 26 40 34 18 241 16 47 15 20 78 21 226 19 61 15 16 15
internal_value=0.00259647 0.0598002 0.0367748 0.192161 0.0988585 -0.00864053 0.0377201 -0.0797372 0.0184819 0.119627 0.215886 -0.100511 0.0403144 -0.096244 -0.0567315 -0.116412 -0.123373 -0.0608655 -0.0809306 -0.143982 -0.167044
internal_weight=1010 596 575 130 104 445 291 414 275 39 63 375 38 154 99 337 322 80 41 242 55
internal_count=1010 596 575 130 104 445 291 414 275 39 63 375 38 154 99 337 322 80 41 242 55
is_linear=0
shrinkage=0.05


Tree=32
num_leaves=25
num_cat=0
split_feature=72 13 35 19 66 0 14 111 70 27 12 84 21 28 45 84 65 113 39 63 65 41 28 78
split_gain=1618.76 1264.42 1140.48 998.669 932.385 790.242 915.213 748.75 556.828 1083.95 496.643 542.454 443.664 316.342 304.417 459.306 289.611 227.584 258.307 218.588 197.846 196.131 100.819 96.043
threshold=-0.21166666666666642 5.3350000000000009 -11.716666666666669 5.1850000000000014 15.900000000000002 2242.0000000000005 59.400000000000006 -0.6950000000000004 -0.022500000000000405 23.300000000000004 58.050000000000004 -0.01666666666666668 43.95000000000001 21.250000000000004 -0.0016666666666666633 0.01833333333333333 54.750000000000007 -7.3833333333333329 0.92916666666666703 23.300000000000004 13.150000000000002 0.090833333333333335 4.9000000000000012 -0.23500000000000029
decision_type=2 2 2 2 2 2 2 2 2 2 2 2 2 2 2 2 2 2 2 2 2 2 2 2
left_child=1 4 3 -2 12 6 8 10 -3 -10 11 -4 -1 22 17 16 -16 18 -9 -14 -19 23 -12 -7
right_child=2 5 7 -5 -6 21 -8 14 9 -11 13 -13 19 -15 15 -17 -18 20 -20 -21 -22 -23 -24 -25
leaf_value=0.39565780608859291 -0.066771785431350303 -0.12618421733214408 0.00043576454153712493 0.47769676763661872 0.56697352584914784 -0.21848075498683817 0.48318244968818513 0.1728131740051784 0.49578112445262645 0.0079778205631943922 0.0067418630363532857 0.39091578910303354 -0.051322287974045581 0.16785058159577218 -0.069801680150724188 0.20116765854090299 0.15019883830649836 -0.25229599589845575 -0.11960129141807557 0.1881758746686415 -0.10633919196293545 0.016893763507354709 -0.14561968095655592 -0.080266786996288933
leaf_weight=14.999999999999998 14.999999999999998 27 15.999999999999998 19 20 24 14.999999999999998 15.000000000000002 15.999999999999998 39 18 20 18 17 210 19 15.999999999999998 25 14.999999999999998 20 332 29 27 27
leaf_count=15 15 27 16 19 20 24 15 15 16 39 18 20 18 17 210 19 16 25 15 20 332 29 27 27
internal_value=-0.00862596 0.101781 -0.0447691 0.237852 0.276731 0.0294831 0.125391 -0.0579699 0.0593717 0.150617 0.0705444 0.21799 0.166249 -0.0152016 -0.0779136 -0.0342506 -0.0541448 -0.105527 0.0265282 0.0747612 -0.116642 -0.0867542 -0.0846844 -0.145707
internal_weight=1014 250 764 34 73 177 97 730 82 55 98 36 53 62 632 245 226 387 30 38 357 80 45 51
internal_count=1014 250 764 34 73 177 97 730 82 55 98 36 53 62 632 245 226 387 30 38 357 80 45 51
is_linear=0
shrinkage=0.05


Tree=33
num_leaves=27
num_cat=0
split_feature=72 11 70 62 44 35 115 27 23 3 72 111 83 26 76 66 55 95 19 31 70 65 45 60 66 0
split_gain=1525.11 1720.82 1065.64 1287.75 1029.63 991.949 878.453 539.996 498.464 685.472 857.257 358.65 294.542 353.906 686.345 275.949 355.973 258.947 228.028 195.085 191.181 189.18 188.787 125.904 77.084 59.6866
threshold=-0.21166666666666642 24.650000000000002 -0.011666666666667156 41.900000000000013 3.5000000000000004 -10.683333333333332 -3.0499999999999967 17.500000000000004 75.350000000000009 4.5000000000000009 0.68166666666666675 -1.0641666666666667 4.5000000000000009 41.150000000000013 4.708333333333333 13.150000000000002 5.3750000000000009 33.750000000000007 5.3950000000000005 -0.027499999999999854 0.070000000000000742 12.750000000000002 0.019166666666666655 56.45000000000001 17.750000000000004 2262.0000000000005
decision_type=2 2 2 2 2 2 2 2 2 2 2 2 2 2 2 2 2 2 2 2 2 2 2 2 2 2
left_child=1 -1 15 -4 11 -6 -5 -8 9 10 -7 17 20 14 -14 16 -3 -2 -11 -17 21 -13 23 -10 -15 -21
right_child=4 2 3 6 5 8 7 -9 22 18 -12 12 13 24 -16 19 -18 -19 -20 25 -22 -23 -24 -25 -26 -27
leaf_value=0.55026152016808139 0.24145278396788022 0.21011428419958081 0.56429394049602644 0.44155766623360765 0.35341489212921418 0.43157287336484029 0.23839488213318064 -0.026517665516661557 -0.1498956961872136 -0.16841540690753368 0.043743468900118286 -0.24257555349239179 0.28723781870686133 -0.028225175338174337 -0.067876130862448508 -0.26066797280786047 -0.081194865832799473 -0.046770368655275854 0.076663098516671552 0.0068302294806293802 0.069253255721898915 -0.097825226227470863 0.082737160932203249 0.0014189113901820795 -0.17325678781849718 -0.13144199743077453
leaf_weight=20 15.000000000000002 17 17 15.999999999999998 25 24 26 73 49 23 35 24 23 14.999999999999998 33 20 27 15.999999999999998 15.999999999999998 16.000000000000004 15.999999999999998 384 15.999999999999998 19 24 14.999999999999998
leaf_count=20 15 17 17 16 25 24 26 73 49 23 35 24 23 15 33 20 27 16 16 16 16 384 16 19 24 15
internal_value=-0.00107068 0.106782 0.0674615 0.159328 -0.0362777 0.0587406 0.0989813 0.0431752 0.0180641 0.0946502 0.202052 -0.0720524 -0.0819283 -0.00229437 0.0781371 -0.0601647 0.0314642 0.0928596 -0.0678036 -0.139222 -0.0997542 -0.10641 -0.0712332 -0.107603 -0.117818 -0.0601224
internal_weight=1004 247 227 132 757 207 115 99 182 98 59 550 519 95 56 95 44 31 39 51 424 408 84 68 39 31
internal_count=1004 247 227 132 757 207 115 99 182 98 59 550 519 95 56 95 44 31 39 51 424 408 84 68 39 31
is_linear=0
shrinkage=0.05


Tree=34
num_leaves=31
num_cat=0
split_feature=32 62 115 45 84 39 70 73 30 62 4 25 0 97 76 57 92 41 101 65 90 70 111 35 52 117 76 49 115 92
split_gain=1374.15 1518.18 1915.13 977.799 1312.97 1060.78 576.891 554.111 441.337 438.686 456.486 401.752 391.617 359.042 217.131 240.923 211.654 189.334 168.255 297.619 166.643 299.02 139.091 119.692 103.756 93.5611 96.2675 93.4222 70.8523 69.7875
threshold=4.5000000000000009 80.950000000000017 -12.133333333333333 -0.012499999999999995 0.016666666666666653 -1.7899999999999996 0.026666666666665954 4.5000000000000009 3.5000000000000004 85.15000000000002 4.5000000000000009 47.20000000000001 2120.0000000000005 5.1450000000000005 0.46666666666667217 37.000000000000007 29.550000000000004 -0.020000000000000014 69.350000000000009 43.350000000000001 49.550000000000004 -0.022500000000000405 -0.11666666666666668 -7.958333333333333 6.5650000000000004 -1.0458333333333327 19.241666666666671 6.5650000000000004 3.1999999999999997 23.900000000000002
decision_type=2 2 2 2 2 2 2 2 2 2 2 2 2 2 2 2 2 2 2 2 2 2 2 2 2 2 2 2 2 2
left_child=1 2 -1 16 5 -5 14 11 18 -10 -11 12 13 -8 15 -2 -4 -13 19 -3 21 -17 -22 -20 25 28 -27 -25 -16 -26
right_child=6 8 3 4 -6 -7 7 -9 9 10 -12 17 -14 -15 24 20 -18 -19 23 -21 22 -23 -24 27 29 26 -28 -29 -30 -31
leaf_value=0.61130467960193979 0.14563501599608669 -0.09780343300082929 -0.19456908956341359 0.47225869301466911 0.4910860195548174 0.054452824256743595 0.41684523004491186 -0.092848871363181248 -0.13181613620543323 0.39504777189122137 0.016855157295252846 0.093667059285300114 0.019437045749131736 0.095569202101585884 0.017845902642848323 -0.10885430909899058 0.015703872237270235 -0.13904826060639627 -0.24964264166473554 0.17742663787690222 0.046292547557664959 0.18268030538109312 -0.1113106006681641 -0.060280501127425903 -0.13802968733358068 -0.13558291719693272 -0.25350552566015899 -0.16746752130831938 -0.13282152288007421 -0.0060236966540647106
leaf_weight=20 14.999999999999998 28 26 17 25 137 21 60 14.999999999999998 14.999999999999998 17 15.999999999999998 23 14.999999999999998 16.000000000000004 18 22 19 14.999999999999998 14.999999999999998 15.999999999999998 17 107 60 14.999999999999998 140 20 31 14.999999999999998 30
leaf_count=20 15 28 26 17 25 137 21 60 15 15 17 16 23 15 16 18 22 19 15 15 16 17 107 60 15 140 20 31 15 30
internal_value=-0.00488199 0.060983 0.143417 0.101921 0.155653 0.100883 -0.0567188 0.025727 -0.0428955 0.09051 0.194967 0.101485 0.181007 0.283754 -0.0877728 -0.045138 -0.0982577 -0.0325579 -0.0850425 -0.00148803 -0.0633617 0.0327228 -0.0907478 -0.118857 -0.118973 -0.135081 -0.150504 -0.0969934 -0.0550896 -0.050345
internal_weight=1006 443 247 227 179 154 563 154 196 47 32 94 59 36 409 173 48 35 149 43 158 35 123 106 236 191 160 91 31 45
internal_count=1006 443 247 227 179 154 563 154 196 47 32 94 59 36 409 173 48 35 149 43 158 35 123 106 236 191 160 91 31 45
is_linear=0
shrinkage=0.05


Tree=35
num_leaves=15
num_cat=0
split_feature=94 45 0 119 22 103 91 74 4 89 31 9 74 78
split_gain=1588.75 1071.92 942.686 1027.3 1182.82 682.463 594.451 547.653 390.602 383.399 298.249 235.852 198.413 76.0175
threshold=6.9600000000000017 0.034166666666666685 1394.0000000000002 -0.35749999999999987 0.17500000000000002 10.800000000000002 5.3350000000000009 1.3333333333333359 8.5000000000000018 51.550000000000004 0.034999999999999705 6.8250000000000011 2.7833333333333354 -0.96166666666666678
decision_type=2 2 2 2 2 2 2 2 2 2 2 2 2 2
left_child=1 2 3 4 6 -5 -1 -7 9 10 -4 13 -13 -10
right_child=-2 -3 8 5 -6 7 -8 -9 11 -11 -12 12 -14 -15
leaf_value=0.32884016897504698 0.39569117399666814 0.38937791971871571 -0.050724299784662336 0.3256710473226001 0.50135991507793365 0.064242364301270546 -0.05154836316160695 -0.092087993445437735 -0.20469894865943805 0.15899371033005172 0.11664005531785415 0.054798406917416047 -0.098631541790033361 -0.11664066313744839
leaf_weight=14.999999999999998 24 15.999999999999998 311 14.999999999999998 24 102 32 124 29 27 29 38 47 172
leaf_count=15 24 16 311 15 24 102 32 124 29 27 29 38 47 172
internal_value=-0.00537095 -0.0152273 -0.0219806 0.0494944 0.216506 0.000201818 0.0701865 -0.0215125 -0.056141 -0.021976 -0.0364043 -0.0999417 -0.0299968 -0.129466
internal_weight=1005 981 965 312 71 241 47 226 653 367 340 286 85 201
internal_count=1005 981 965 312 71 241 47 226 653 367 340 286 85 201
is_linear=0
shrinkage=0.05


Tree=36
num_leaves=19
num_cat=0
split_feature=112 10 35 27 71 0 27 41 95 0 36 27 103 11 65 107 72 99
split_gain=1559.74 4403.35 1072.1 1288.36 859.213 670.853 685.765 741.498 449.716 312.966 427.082 841.326 245.297 235.449 195.535 175.157 138.452 115.216
threshold=1.5000000000000002 4.8750000000000009 -11.716666666666669 10.150000000000002 2.5000000000000004 580.50000000000011 17.500000000000004 0.018333333333333538 29.450000000000003 2375.5000000000005 4.5000000000000009 32.250000000000007 62.000000000000007 38.650000000000013 37.70000000000001 53.500000000000007 0.43583333333333313 61.600000000000009
decision_type=2 2 2 2 2 2 2 2 2 2 2 2 2 2 2 2 2 2
left_child=1 -1 3 -2 5 -4 7 -7 -3 10 11 -6 17 -8 -12 16 -10 -11
right_child=2 8 4 -5 9 6 13 -9 15 12 14 -13 -14 -15 -16 -17 -18 -19
leaf_value=0.97914489065574495 0.58141137879827753 0.21556152525675479 0.28806492860206928 0.0030343664137654283 0.0014830253455143821 0.0046002263424864158 0.12154064247621357 0.37036643765302768 0.1468064133497263 -0.11492409741464432 -0.031815108755688853 0.39849533533418424 0.075474418054765735 -0.074531238515580342 -0.12952542784759205 -0.14556779204551723 -0.067234104713856782 -0.0023868607379407044
leaf_weight=14.999999999999998 15.999999999999998 26 28 24 115 31 18 25 15.000000000000002 263 146 14.999999999999998 20 99 79 22 14.999999999999998 25
leaf_count=15 16 26 28 24 115 31 18 25 15 263 146 15 20 99 79 22 15 25
internal_value=0.00272013 0.197591 -0.0173416 0.235383 -0.0290734 0.0614507 0.0245991 0.168347 0.0461671 -0.0565301 -0.024502 0.0476017 -0.0934093 -0.0442456 -0.0661868 -0.0386853 0.0397522 -0.105177
internal_weight=997 93 904 40 864 201 173 56 78 663 355 130 308 117 225 52 30 288
internal_count=997 93 904 40 864 201 173 56 78 663 355 130 308 117 225 52 30 288
is_linear=0
shrinkage=0.05


Tree=37
num_leaves=20
num_cat=0
split_feature=33 61 111 39 74 21 76 59 74 0 23 113 69 119 4 111 76 34 3
split_gain=1372.74 2590.46 1411.91 879.042 2101.99 802.119 798.145 1081.9 446.433 372.729 380.286 377.722 435.598 417.121 328.083 161.953 162.131 324.292 90.9312
threshold=0.089999999999999872 0.19500000000000003 -0.71583333333333365 -1.7899999999999996 5.3583333333333352 53.050000000000004 -15.083333333333332 31.750000000000004 -8.1583333333333297 1523.5000000000002 55.100000000000009 -8.3999999999999986 5.5000000000000009 -0.0575000000000001 9.5000000000000018 -1.3224999999999996 -0.27500000000000208 5.5000000000000009 2.5000000000000004
decision_type=2 2 2 2 2 2 2 2 2 2 2 2 2 2 2 2 2 2 2
left_child=1 2 5 4 -4 -1 7 -2 -5 10 -8 13 -13 -12 -10 -11 17 -17 -18
right_child=6 -3 3 8 -6 -7 9 -9 14 15 11 12 -14 -15 -16 16 18 -19 -20
leaf_value=0.11090180364665603 0.51803655703336204 0.71353781786024195 0.68866691751195896 0.22638270173754013 -0.1105917347070262 0.62044522562382387 0.24534702654311202 -0.026385325296616659 -0.011976439069784101 0.08648861893360188 0.32403123710096254 -0.070645071616033686 0.14157046694772524 -0.0075593848686536279 -0.17637701408027689 0.040545907918520162 -0.058917420941707613 -0.11557511427133185 -0.12063592149346669
leaf_weight=15.000000000000002 14.999999999999998 15.999999999999998 14.999999999999998 15.999999999999998 18 15.999999999999998 14.999999999999998 23 136 14.999999999999998 15.999999999999998 173 28 23 39 69 87 64 195
leaf_count=15 15 16 15 16 18 16 15 23 136 15 16 173 28 23 39 69 87 64 195
internal_value=0.00242755 0.0983856 0.0595036 0.015643 0.25354 0.375202 -0.0335418 0.189182 -0.0255446 -0.0459304 0.00194625 -0.0133413 -0.0410021 0.128831 -0.0487226 -0.0743279 -0.0801721 -0.0345728 -0.10164
internal_weight=994 271 255 224 33 31 723 38 191 685 255 240 201 39 175 430 415 133 282
internal_count=994 271 255 224 33 31 723 38 191 685 255 240 201 39 175 430 415 133 282
is_linear=0
shrinkage=0.05


Tree=38
num_leaves=22
num_cat=0
split_feature=21 0 108 71 77 4 82 39 21 37 33 63 104 9 24 64 64 95 63 104 35
split_gain=1326.32 1332.48 4432.37 776.061 644.957 648.66 861.511 1108.78 449.19 719.899 369.464 308.831 288.962 270.537 213.509 187.586 224.876 272.334 116.712 121.894 37.7737
threshold=72.000000000000014 631.50000000000011 5.5000000000000009 2.5000000000000004 4.5000000000000009 8.5000000000000018 -0.13666666666666624 -0.52249999999999985 49.750000000000007 2.2833333333333266 0.71666666666666712 23.900000000000002 34.900000000000006 6.8250000000000011 38.250000000000007 42.550000000000004 25.500000000000004 29.550000000000004 52.250000000000007 14.250000000000002 3.3000000000000029
decision_type=2 2 2 2 2 2 2 2 2 2 2 2 2 2 2 2 2 2 2 2 2
left_child=1 2 3 10 5 6 7 -3 14 -10 -1 -7 -8 -13 -5 16 -6 -18 20 -20 -17
right_child=-2 4 -4 8 15 11 12 -9 9 -11 -12 13 -14 -15 -16 18 17 -19 19 -21 -22
leaf_value=0.093696500212734277 0.43896128235504639 0.48427759500650258 0.91322281371732661 0.013800726476953835 -0.19191657372864124 0.15535634647800314 -0.063995787770253415 0.086460949834239201 0.36898438946300788 -0.034699207486317392 0.42032604047230315 -0.10871332399044023 0.08336641440080772 0.014902117405021812 -0.19573667401653738 -0.19719371138557271 0.078945936107454498 -0.070452316632167708 0.024831433897644146 -0.11103269597558384 -0.13101959273010336
leaf_weight=19 17 22 15.999999999999998 18 22 15.999999999999998 103 85 14.999999999999998 41 15.999999999999998 148 49 63 37 37 46 90 22 65 57
leaf_count=19 17 22 16 18 22 16 103 85 15 41 16 148 49 63 37 37 46 90 22 65 57
internal_value=0.00237527 -0.00518309 0.125868 0.0389825 -0.030935 0.00597985 0.0600567 0.168678 -0.0257562 0.0738062 0.243927 -0.0556974 -0.0164344 -0.0717912 -0.127169 -0.083858 -0.0439576 -0.0198629 -0.118617 -0.0766298 -0.157302
internal_weight=1004 987 162 146 825 486 259 107 111 56 35 227 152 211 55 339 158 136 181 87 94
internal_count=1004 987 162 146 825 486 259 107 111 56 35 227 152 211 55 339 158 136 181 87 94
is_linear=0
shrinkage=0.05


Tree=39
num_leaves=23
num_cat=0
split_feature=45 3 75 14 35 114 58 18 123 67 16 37 37 113 39 103 26 54 78 56 12 33
split_gain=1318.79 946.258 946.159 1782.96 1123.03 738.044 718.907 536.509 416.231 383.603 263.208 725.173 293.48 159.73 158.643 243.715 148.31 108.727 184.777 129.465 83.2588 54.4294
threshold=0.034166666666666685 4.5000000000000009 3.5000000000000004 19.100000000000005 2.1250000000000004 3.5000000000000004 4.0450000000000008 61.850000000000001 -0.024999999999999977 21.550000000000001 4.8350000000000009 2.1583333333333319 -1.9666666666666683 6.5583333333333345 0.04083333333333395 47.050000000000004 30.200000000000003 37.150000000000013 -1.3416666666666666 33.95000000000001 69.250000000000014 1.281666666666667
decision_type=2 2 2 2 2 2 2 2 2 2 2 2 2 2 2 2 2 2 2 2 2 2
left_child=1 2 3 4 -1 7 -5 9 -8 -4 11 -3 16 21 15 -7 -12 18 -14 -19 -16 -13
right_child=-2 10 5 6 -6 14 8 -9 -10 -11 12 13 17 -15 20 -17 -18 19 -20 -21 -22 -23
leaf_value=0.76564129819933147 0.4605634952420431 0.3135186106459984 -0.021119643790281358 0.38422534173687567 0.16268147443022046 -0.11553186550948696 0.26262955226396262 0.28043374112802799 0.0048207264161863397 0.16052031347481666 -0.32018928991109841 -0.074707147950383579 -0.11943879188461737 0.077063589775009655 -0.14937491179166659 0.088474503947622268 -0.11278754031618698 -0.14138824520371313 0.073000339473463668 -0.054630730815860812 -0.039205657741081368 -0.18402449965291881
leaf_weight=15.000000000000002 14.999999999999998 14.999999999999998 149 14.999999999999998 15.999999999999998 35 17 21 186 36 21 41 23 14.999999999999998 99 25 14.999999999999998 89 27 84 21 15.999999999999998
leaf_count=15 15 15 149 15 16 35 17 21 186 36 21 41 23 15 99 25 15 89 27 84 21 16
internal_value=-0.00314667 -0.0102884 0.0259542 0.101928 0.456121 -0.0230556 0.0513522 0.0415478 0.0265539 0.0142671 -0.0768056 -0.0014979 -0.102072 -0.0675395 -0.0970003 -0.0304402 -0.234462 -0.0805821 -0.0154836 -0.099348 -0.130186 -0.105749
internal_weight=996 981 635 249 31 386 218 206 203 185 346 87 259 72 180 60 36 223 50 173 120 57
internal_count=996 981 635 249 31 386 218 206 203 185 346 87 259 72 180 60 36 223 50 173 120 57
is_linear=0
shrinkage=0.05


Tree=40
num_leaves=19
num_cat=0
split_feature=112 10 35 19 72 59 57 111 0 119 84 72 67 51 65 4 117 56
split_gain=1230.03 4967.76 781.791 1090.01 735.249 953.551 452.497 384.948 319.969 937.4 1105.17 276.844 278.32 259.023 151.879 174.06 92.1074 47.4278
threshold=1.5000000000000002 4.9500000000000011 -11.716666666666669 5.1850000000000014 -0.20333333333333267 20.650000000000002 60.900000000000006 1.2591666666666661 1175.5000000000002 -0.35749999999999987 0.0016666666666666637 0.67249999999999954 15.550000000000002 70.950000000000017 15.750000000000002 8.5000000000000018 0.035833333333333169 47.750000000000007
decision_type=2 2 2 2 2 2 2 2 2 2 2 2 2 2 2 2 2 2
left_child=1 -1 3 -2 5 -4 7 -7 9 10 -6 12 -3 -11 16 -16 -10 -8
right_child=2 11 4 -5 8 6 17 -9 14 13 -12 -13 -14 -15 15 -17 -18 -19
leaf_value=1.0094827415335257 -0.10933332624642744 0.18269011418229528 0.43920204899958426 0.42681453454739604 -0.014992384323011643 0.035205257485393986 -0.082118698724067019 0.27836856557190087 -0.062392382903231507 -0.076467726761467708 0.52614263561036845 -0.11680296885841651 -0.062929638689725176 0.13665534388621031 -0.029382564567529496 -0.094288474039550152 -0.20896195379206511 -0.2017176550922927
leaf_weight=14.999999999999998 15.999999999999998 29 14.999999999999998 23 21 163 18 18 17 124 17 26 19 15.999999999999998 210 204 30 15.999999999999998
leaf_count=15 16 29 15 23 21 163 18 18 17 124 17 26 19 16 210 204 30 16
internal_value=0.00570002 0.182985 -0.0116898 0.207011 -0.0215333 0.0550995 0.0280867 0.0595552 -0.0491285 0.0077833 0.227709 0.0142479 0.085433 -0.051995 -0.0711109 -0.0613923 -0.156299 -0.138974
internal_weight=997 89 908 39 869 230 215 181 639 178 38 74 48 140 461 414 47 34
internal_count=997 89 908 39 869 230 215 181 639 178 38 74 48 140 461 414 47 34
is_linear=0
shrinkage=0.05


Tree=41
num_leaves=14
num_cat=0
split_feature=94 45 74 111 37 14 108 31 61 77 68 115 78
split_gain=1266.59 931.692 578.23 1050.58 558.418 391.415 734.13 437.427 346.2 299.385 357.282 166.632 145.918
threshold=6.9600000000000017 0.034166666666666685 -8.3583333333333307 -0.26999999999999996 9.7249999999999996 27.250000000000004 5.5000000000000009 0.022499999999999968 0.17500000000000002 4.5000000000000009 48.500000000000007 5.7833333333333359 -0.54333333333333333
decision_type=2 2 2 2 2 2 2 2 2 2 2 2 2
left_child=1 2 3 -1 8 6 7 -4 -5 10 -7 -11 -6
right_child=-2 -3 5 4 12 9 -8 -9 -10 11 -12 -13 -14
leaf_value=0.4457809901594767 0.34598462634174476 0.35207655649436148 -0.045208316407078092 0.04474062696867382 -0.17127935875535469 0.11576082256629582 0.30302719142248247 0.13800297459256622 0.32882676354625767 -0.067463576968223318 -0.042738331424272268 -0.15173543828499989 -0.0080993059676947067
leaf_weight=17 25 17 157 29 26 40 21 41 17 182 313 87 29
leaf_count=17 25 17 157 29 26 40 21 41 17 182 313 87 29
internal_value=-0.0047105 -0.0137331 -0.020259 0.0833333 0.0218972 -0.0348081 0.0226544 -0.00719487 0.150323 -0.0550484 -0.0247362 -0.0947836 -0.0855006
internal_weight=1001 976 959 118 101 841 219 198 46 622 353 269 55
internal_count=1001 976 959 118 101 841 219 198 46 622 353 269 55
is_linear=0
shrinkage=0.05


Tree=42
num_leaves=25
num_cat=0
split_feature=112 10 0 108 92 84 108 71 45 70 45 74 103 30 14 68 0 48 63 103 68 76 15 3
split_gain=1250.48 3329.73 630.735 1200.33 1419.03 443.113 724.091 576.167 404.985 357.811 324.732 561.259 1025.59 393.58 375.83 228.273 200.149 195.78 194.939 152.924 95.8572 68.9703 65.906 60.6776
threshold=1.5000000000000002 4.9500000000000011 1681.0000000000002 5.5000000000000009 34.050000000000004 -0.0016666666666666633 4.5000000000000009 2.5000000000000004 0.013333333333333352 0.047500000000000327 -0.01333333333333332 -5.8916666666666631 36.500000000000007 4.5000000000000009 29.850000000000005 50.500000000000007 1739.5000000000002 6.7750000000000012 21.250000000000004 57.750000000000007 52.500000000000007 -7.5666666666666638 73.450000000000017 3.5000000000000004
decision_type=2 2 2 2 2 2 2 2 2 2 2 2 2 2 2 2 2 2 2 2 2 2 2 2
left_child=1 -1 3 5 -5 8 7 -7 15 16 18 12 -12 19 -15 -2 -3 -14 -4 -13 22 -22 -20 -18
right_child=2 9 10 4 -6 6 -8 -9 -10 -11 11 13 17 14 -16 -17 23 -19 20 -21 21 -23 -24 -25
leaf_value=0.85679235845212109 0.04785184052940529 0.10541898694647339 -0.24101395299790596 0.0051231638615175795 0.68124161185635046 0.17288178933507914 0.29130088184860975 -0.051145532996747282 0.1560047912953505 0.25428709142974448 0.45032265946181893 -0.081000759160317404 -0.15042721495633909 0.28711832169420232 -0.027579552235154365 -0.11703480298445673 -0.014025910869652394 0.086230155913383552 -0.14544742319169174 0.059734057921086436 0.040854742286498089 -0.0677215510607138 -0.028369927278022896 -0.14083910994231699
leaf_weight=14.999999999999998 26 23 21 16.000000000000004 14.999999999999998 41 29 95 20 15.999999999999998 17 225 15.999999999999998 15.999999999999998 23 107 18 19 64 21 17 100 14.999999999999998 20
leaf_count=15 26 23 21 16 15 41 29 95 20 16 17 225 16 16 23 107 18 19 64 21 17 100 15 20
internal_value=0.0023624 0.177872 -0.0155312 0.0371034 0.333577 0.00809041 0.0649204 0.0164328 -0.0531665 0.0446104 -0.0486988 -0.0179523 0.13293 -0.0455362 0.101804 -0.084752 -0.010631 -0.021934 -0.0963946 -0.0689471 -0.0807592 -0.0518814 -0.123345 -0.0810954
internal_weight=995 92 903 349 31 318 165 136 153 77 554 337 52 285 39 133 61 35 217 246 196 117 79 38
internal_count=995 92 903 349 31 318 165 136 153 77 554 337 52 285 39 133 61 35 217 246 196 117 79 38
is_linear=0
shrinkage=0.05


Tree=43
num_leaves=17
num_cat=0
split_feature=94 23 14 70 77 103 57 16 82 5 31 53 102 45 105 37
split_gain=1044.81 743.023 634.258 491.012 604.763 544.361 477.264 405.224 260.22 234.523 166.055 136.576 133.702 111.055 96.3052 83.5151
threshold=6.9600000000000017 51.20000000000001 11.250000000000002 -0.033333333333333652 4.5000000000000009 12.750000000000002 54.550000000000004 4.6150000000000011 -0.13916666666666663 1.5000000000000002 -0.0024999999999999463 26.400000000000002 55.250000000000007 0.005833333333333344 5.5500000000000007 -1.1916666666666662
decision_type=2 2 2 2 2 2 2 2 2 2 2 2 2 2 2 2
left_child=1 2 -1 10 5 -5 8 -7 -4 11 14 -6 13 -12 -3 -16
right_child=-2 3 6 4 9 7 -8 -9 -10 -11 12 -13 -14 -15 15 -17
leaf_value=0.38806762999910749 0.31048404403416763 -0.24042460419089592 0.28101292062571365 0.25332542524236595 -0.21466472030426403 0.14048728368753205 -0.18578749562533486 -0.0046431710253847045 -0.00027662938004297926 0.081090257084856288 -0.096134230051783565 -0.064106829661811401 0.10004054678986406 0.032223265943847175 -0.21419129467899017 -0.092400144831207648
leaf_weight=19 25 14.999999999999998 18 27 15.999999999999998 58 14.999999999999998 279 14.999999999999998 27 62 248 14.999999999999998 23 15.999999999999998 122
leaf_count=19 25 15 18 27 16 58 15 279 15 27 62 248 15 23 16 122
internal_value=-0.00802505 -0.0162281 0.14432 -0.0280948 -0.00523117 0.0377136 0.0471261 0.0203542 0.153388 -0.0589607 -0.0872419 -0.0733283 -0.0370126 -0.0613464 -0.119993 -0.106702
internal_weight=1000 975 67 908 655 364 48 337 33 291 253 264 100 85 153 138
internal_count=1000 975 67 908 655 364 48 337 33 291 253 264 100 85 153 138
is_linear=0
shrinkage=0.05


Tree=44
num_leaves=14
num_cat=0
split_feature=61 45 19 77 29 35 36 16 70 23 33 112 115
split_gain=1067.62 1966.41 672.042 475.261 655.501 491.946 418.714 622.432 362.691 280.741 188.443 183.873 105.957
threshold=0.20500000000000004 -0.0083333333333333436 6.8650000000000011 4.5000000000000009 49.500000000000007 -11.716666666666669 5.5000000000000009 5.3850000000000007 -0.034999999999999691 51.20000000000001 -0.51666666666666605 3.5000000000000004 1.5916666666666617
decision_type=2 2 2 2 2 2 2 2 2 2 2 2 2
left_child=2 -2 3 4 6 -6 7 -1 -7 -5 12 -12 -11
right_child=1 -3 -4 9 5 8 -8 -9 -10 10 11 -13 -14
leaf_value=0.48263871978906636 -0.012648165828309297 0.70450808214430793 0.32134308688687968 0.10178692707313773 0.26822940236339288 -0.0831601131123679 -0.0181384280714065 0.081731632426027989 0.014415609195792399 -0.28169235861459313 -0.021893674668549384 -0.095663797623839253 -0.092486294571137592
leaf_weight=18 26 14.999999999999998 14.999999999999998 26 15.999999999999998 132 19 21 341 15.000000000000002 177 162 14.999999999999998
leaf_count=18 26 15 15 26 16 132 19 21 341 15 177 162 15
internal_value=0.00114354 0.25068 -0.00956701 -0.0148751 0.0152971 -0.00355713 0.174077 0.267655 -0.0128161 -0.056664 -0.0678666 -0.0571792 -0.187877
internal_weight=998 41 957 942 547 489 58 39 473 395 369 339 30
internal_count=998 41 957 942 547 489 58 39 473 395 369 339 30
is_linear=0
shrinkage=0.05


Tree=45
num_leaves=24
num_cat=0
split_feature=109 33 65 73 35 47 70 103 95 102 31 67 109 48 69 62 12 30 101 74 98 113 27
split_gain=943.413 2422.43 931.849 568.524 573.928 1044.52 468.927 474.348 377.68 494.653 311.421 286.988 233.798 194.369 157.445 143.388 119.251 111.14 93.7871 92.6302 68.4914 53.7394 35.9096
threshold=0.034999999999999705 -0.43583333333333302 13.9 5.5000000000000009 -10.166666666666663 1.5000000000000002 0.021666666666666948 13.9 28.650000000000002 53.000000000000007 -0.013333333333333195 22.850000000000005 0.066666666666666 6.7650000000000006 4.5000000000000009 89.65000000000002 52.650000000000013 3.5000000000000004 68.550000000000026 12.275 36.650000000000013 0.39166666666666222 15.550000000000002
decision_type=2 2 2 2 2 2 2 2 2 2 2 2 2 2 2 2 2 2 2 2 2 2 2
left_child=3 -2 -3 4 5 -1 8 -8 9 -6 -9 12 14 -10 -4 16 20 19 -17 -18 22 -20 -5
right_child=1 2 11 15 6 -7 7 10 13 -11 -12 -13 -14 -15 -16 18 17 -19 21 -21 -22 -23 -24
leaf_value=0.49601279437912177 0.55558377668775349 0.38448229237563081 -0.03012168595564832 -0.068467014953956837 0 -0.083165336244844429 0.31522189207505763 -0.0065618836369953672 -0.10398059303336171 0.2856502301250044 0.15025643729340801 0.15507376152393107 -0.16355760818698653 -0.024463407778286959 0.13819089947344615 0.086765289089537623 -0.039070316686098318 0.017310671966809493 0.00080129132168182461 -0.16478552339273478 -0.23314638474663557 -0.13248309994375471 -0.17565803061360896
leaf_weight=15.999999999999998 26 17 74 15.999999999999998 93 15.000000000000002 17 112 142 18 44 23 28 168 17 14.999999999999998 25 22 15.000000000000002 36 26 14.999999999999998 15.999999999999998
leaf_count=16 26 17 74 16 93 15 17 112 142 18 44 23 28 168 17 15 25 22 15 36 26 15 16
internal_value=0.0072599 0.109118 0.0357758 -0.0159796 0.00685418 0.216238 -0.00409942 0.0651705 -0.0325848 0.0465028 0.0377048 -0.00617676 -0.0374888 -0.0609253 0.00138362 -0.0926955 -0.117487 -0.0787829 -0.0148168 -0.113493 -0.172557 -0.0658935 -0.122599
internal_weight=996 185 159 811 625 31 594 173 421 111 156 142 119 310 91 186 141 83 45 61 58 30 32
internal_count=996 185 159 811 625 31 594 173 421 111 156 142 119 310 91 186 141 83 45 61 58 30 32
is_linear=0
shrinkage=0.05


Tree=46
num_leaves=29
num_cat=0
split_feature=0 108 70 83 52 103 80 5 66 24 70 31 63 123 18 16 21 113 45 9 73 92 73 31 52 11 26 31
split_gain=919.749 2307.3 2889.01 388.557 615.379 360.481 486.564 334.86 313.32 374.141 307.072 479.151 447.106 173.753 172.749 160.664 159.919 149.543 143.271 211.688 271.836 131.874 111.391 100.562 84.5434 79.7469 74.4398 38.3051
threshold=1681.0000000000002 5.5000000000000009 0.0016666666666664833 2.5000000000000004 2.7400000000000007 50.750000000000007 0.45583333333333315 1.5000000000000002 27.250000000000004 36.550000000000004 0.031666666666667627 -0.0083333333333341902 41.400000000000013 -0.032499999999999994 57.95000000000001 5.1850000000000014 47.95000000000001 -1.8166666666666662 -0.012499999999999995 6.8650000000000011 4.5000000000000009 29.850000000000005 2.5000000000000004 -0.038333333333333545 5.9350000000000014 29.100000000000005 32.20000000000001 -0.030833333333332821
decision_type=2 2 2 2 2 2 2 2 2 2 2 2 2 2 2 2 2 2 2 2 2 2 2 2 2 2 2 2
left_child=1 3 -3 8 -5 7 -7 -6 15 -10 13 14 -13 -2 23 16 -1 -11 22 21 -21 -20 27 24 -12 -24 -17 -15
right_child=10 2 -4 4 5 6 -8 -9 9 17 11 12 -14 18 -16 26 -18 -19 19 20 -22 -23 25 -25 -26 -27 -28 -29
leaf_value=0.061675934560263324 0.10689874825296022 0.046501926292522318 0.88358793196098573 0.36742730673575252 -0.024409889901052754 0.39437716427623037 -0.0073126711814806167 0.18552822169944713 0.22977467138958241 0.067191183478084962 0.023263474081489155 0.39419184425808734 0.008375366772247466 -0.24056552230127604 0.094699004592534108 -0.25659934186803701 -0.12926201913737656 -0.11137133267280575 -0.015792869760818413 0.19296188912359044 -0.058448885832772107 -0.091559735494477754 -0.18151183686061212 -0.14840062397273251 -0.12014012352520267 -0.065686898961117332 -0.1193611873305721 -0.13461123439251566
leaf_weight=20 14.999999999999998 24 18 14.999999999999998 135 15.000000000000002 14.999999999999998 22 18 20 32 15.000000000000002 14.999999999999998 14.999999999999998 22 18 24 28 95 20 23 146 17 24 14.999999999999998 120 23 22
leaf_count=20 15 24 18 15 135 15 15 22 18 20 32 15 15 15 22 18 24 28 95 20 23 146 17 24 15 120 23 22
internal_value=-0.0024187 0.0567365 0.406618 0.0149899 0.0603425 0.0355001 0.194009 0.00507573 -0.0456472 0.036005 -0.0416352 0.0286986 0.202118 -0.0599377 -0.0273466 -0.109074 -0.0424156 -0.0368813 -0.0654349 -0.0434897 0.0585467 -0.0617328 -0.101179 -0.0653138 -0.0225554 -0.0802177 -0.180211 -0.178233
internal_weight=991 395 42 353 202 187 30 157 151 66 596 123 30 473 93 85 44 48 458 284 43 241 174 71 47 137 41 37
internal_count=991 395 42 353 202 187 30 157 151 66 596 123 30 473 93 85 44 48 458 284 43 241 174 71 47 137 41 37
is_linear=0
shrinkage=0.05


Tree=47
num_leaves=15
num_cat=0
split_feature=21 35 66 77 94 115 66 31 35 68 74 38 123 113
split_gain=918.629 604.976 1148.13 416.864 531.192 714.154 429.833 353.847 591.33 330.716 262.735 152.574 211.241 99.5507
threshold=72.000000000000014 -11.716666666666669 16.650000000000002 4.5000000000000009 4.4450000000000012 -4.2833333333333341 11.900000000000002 -0.020000000000000902 12.558333333333335 49.500000000000007 -7.2999999999999945 4.5000000000000009 0.0049999999999999914 3.4166666666666701
decision_type=2 2 2 2 2 2 2 2 2 2 2 2 2 2
left_child=1 2 -1 4 5 -3 -7 9 -9 -6 -5 12 -12 -13
right_child=-2 3 -4 10 7 6 -8 8 -10 -11 11 13 -14 -15
leaf_value=0.4880318639745489 0.3368068165648046 0.40297119753095656 -0.039171361249525423 0.14165078318671676 0.11037327157220807 0.22845100684100716 -0.058616228957191069 0.090847066433272852 -0.088444189376429561 -0.070891047472903021 -0.08312316239124061 -0.081838849695857876 0.016447709182080206 -0.17371008445926964
leaf_weight=17 19 18 26 14.999999999999998 28 20 37 146 67 240 145 84 84 46
leaf_count=17 19 18 26 15 28 20 37 146 67 240 145 84 84 46
internal_value=-0.00658604 -0.0133306 0.169791 -0.0218202 0.00562791 0.129307 0.0422452 -0.0136693 0.0344118 -0.0519002 -0.0626294 -0.0712158 -0.0465863 -0.114494
internal_weight=992 973 43 930 556 75 57 481 213 268 374 359 229 130
internal_count=992 973 43 930 556 75 57 481 213 268 374 359 229 130
is_linear=0
shrinkage=0.05


Tree=48
num_leaves=22
num_cat=0
split_feature=24 24 70 64 35 87 87 113 77 63 123 82 22 31 90 74 90 74 102 35 31
split_gain=866.411 2303.25 571.987 649.942 991.317 595.31 380.482 296.458 254.427 384.913 209.011 183.809 150.599 114.882 206.771 115.796 99.5584 81.6122 74.0586 47.6665 29.9514
threshold=16.850000000000005 12.750000000000002 -0.034999999999999691 42.20000000000001 -10.166666666666663 6.9150000000000009 6.6750000000000007 0.93333333333333368 3.5000000000000004 47.050000000000004 -0.016666666666666646 -0.25083333333333296 0.17500000000000002 -0.038333333333332657 68.15000000000002 18.408333333333335 49.550000000000004 -3.6833333333333313 28.550000000000004 3.7999999999999994 -0.05000000000000026
decision_type=2 2 2 2 2 2 2 2 2 2 2 2 2 2 2 2 2 2 2 2 2
left_child=1 -1 13 4 -4 6 -6 8 9 -5 11 -9 -10 18 15 16 -15 -12 -2 -20 -21
right_child=2 -3 3 7 5 -7 -8 10 12 -11 17 -13 -14 14 -16 -17 -18 -19 19 20 -22
leaf_value=-0.12002332802394251 -0.045946164085314822 0.61209160517993855 0.42132301761946273 0.3184463868078018 0.21461798162875831 0.26720539784519437 0.0082211103724692449 -0.1223165909013553 -0.052566756568203532 0.0069349877101039558 -0.22499618428695647 0.085576974878955991 0.09762406390327126 -0.12856511617499392 0.1270924719124539 0.057442870474698239 -0.046231328063817245 -0.1029261076322326 -0.22832523154916232 -0.085371583888973049 -0.17839952107296872
leaf_weight=23 22 20 18 14.999999999999998 24 27 305 17 98 29 15.999999999999998 28 20 62 14.999999999999998 17 91 100 15.999999999999998 21.999999999999996 15.000000000000002
leaf_count=23 22 20 18 15 24 27 305 17 98 29 16 28 20 62 15 17 91 100 16 22 15
internal_value=0.00171046 0.221009 -0.00815993 0.0154444 0.0603121 0.0419315 0.0233532 -0.0364947 0.0112325 0.113727 -0.0845266 0.00683147 -0.0270072 -0.0714386 -0.0501848 -0.0659218 -0.0796902 -0.119986 -0.123662 -0.155679 -0.1236
internal_weight=1000 43 957 697 374 356 329 323 162 44 161 45 118 260 185 170 153 116 75 53 37
internal_count=1000 43 957 697 374 356 329 323 162 44 161 45 118 260 185 170 153 116 75 53 37
is_linear=0
shrinkage=0.05


Tree=49
num_leaves=15
num_cat=0
split_feature=21 94 4 0 37 27 78 101 119 101 4 36 123 10
split_gain=1426.05 1286.62 523.906 529.68 813.385 1076.11 545.06 279.92 406.037 275.462 218.406 209.664 157.365 58.1732
threshold=72.000000000000014 6.9600000000000017 8.5000000000000018 1343.5000000000002 2.9416666666666669 15.750000000000002 -0.17333333333333287 64.250000000000014 -0.1808333333333336 91.250000000000014 2.5000000000000004 1.5000000000000002 -0.027500000000000007 5.955000000000001
decision_type=2 2 2 2 2 2 2 2 2 2 2 2 2 2
left_child=1 2 3 4 5 -1 -6 8 -4 10 -5 -9 -13 -10
right_child=-2 -3 7 9 6 -7 -8 11 13 -11 -12 12 -14 -15
leaf_value=0.024905207393909688 0.48417705275759798 0.3633048077230846 0.26676748148258161 -0.091922578447034123 0.18433438471809982 0.46317110350123497 -0.042582263240419659 -0.25131775126879263 -0.091173224980475143 0.14180819418919516 -0.0041377391345133905 0.059516729233842908 -0.075797412863568392 0.024810813595452546
leaf_weight=28 14.999999999999998 23 14.999999999999998 100 36 28 99 15.999999999999998 22 25 243 23 305 21
leaf_count=28 15 23 15 100 36 28 99 16 22 25 243 23 305 21
internal_value=0.00195634 -0.00543796 -0.0143053 0.0169944 0.0845343 0.244562 0.0179835 -0.0578349 0.0436621 -0.0180602 -0.0297649 -0.07497 -0.0662784 -0.0344877
internal_weight=999 984 961 559 191 56 135 402 58 368 343 344 328 43
internal_count=999 984 961 559 191 56 135 402 58 368 343 344 328 43
is_linear=0
shrinkage=0.05


Tree=50
num_leaves=12
num_cat=0
split_feature=119 21 0 39 72 119 113 10 97 0 90
split_gain=755.246 733.516 442.582 791.133 499.445 298.96 244.287 416.579 311.741 196.148 150.515
threshold=2.46 72.000000000000014 1394.0000000000002 -3.1933333333333329 -0.79166666666666641 -0.26666666666666655 -7.5166666666666666 4.6650000000000009 6.2250000000000005 2215.0000000000005 32.150000000000013
decision_type=2 2 2 2 2 2 2 2 2 2 2
left_child=1 2 3 -1 -5 -6 7 -4 10 -9 -8
right_child=-2 -3 6 4 5 -7 8 9 -10 -11 -12
leaf_value=0.39013967656141879 0.33917695607133908 0.3093008905155224 0.25250898172348241 0.22372079631279315 0.08573410017893815 -0.033172206172192117 -0.18853165504491726 0.12684350824400559 0.11054837020350897 -0.050602312384149022 -0.052037311608235853
leaf_weight=14.999999999999998 15.999999999999998 18 18 27 72 198 21 20 29 69 500
leaf_count=15 16 18 18 27 72 198 21 20 29 69 500
internal_value=-0.000511933 -0.00605741 -0.0119519 0.0370681 0.0190941 -0.00142534 -0.0352406 0.0338314 -0.048691 -0.0105731 -0.0575837
internal_weight=1003 987 969 312 297 270 657 107 550 89 521
internal_count=1003 987 969 312 297 270 657 107 550 89 521
is_linear=0
shrinkage=0.05


Tree=51
num_leaves=19
num_cat=0
split_feature=109 65 25 3 31 76 67 45 62 122 23 112 67 88 0 11 77 23
split_gain=766.79 2584.26 476.898 387.084 381.552 772.608 375.572 347.401 301.792 617.288 851.847 244.17 232.131 179.255 112.81 156.355 65.254 38.7104
threshold=0.061666666666666099 23.050000000000004 8.2000000000000011 3.5000000000000004 -0.01583333333333314 -7.8083333333333291 16.300000000000004 0.017499999999999991 73.450000000000003 3.5000000000000004 71.65000000000002 1.5000000000000002 21.950000000000003 4.4350000000000014 696.50000000000011 46.250000000000007 5.5000000000000009 83.100000000000009
decision_type=2 2 2 2 2 2 2 2 2 2 2 2 2 2 2 2 2 2
left_child=2 -2 -1 4 11 -6 17 -7 9 13 -11 -4 -13 -5 15 -10 -16 -3
right_child=1 6 3 8 5 7 -8 -9 14 10 -12 12 -14 -15 16 -17 -18 -19
leaf_value=0.1964369100686234 0.71228561955764436 -0.18469445346207014 0.12254003610061222 -0.18780741005304802 0.31387202473584136 0.00014717283871501247 0.17770896919121015 0.24516742022141169 -0.28131667535904559 0.40181071906501709 -0.00081400177010164702 -0.060724933824865018 0.079842573028505726 -0.038898090941638298 -0.058775577590084338 -0.076709948801457595 -0.12174439505406667 -0.069792824648073959
leaf_weight=26 15.999999999999998 15.000000000000002 25 25 27 143 14.999999999999998 15.999999999999998 17 19 42 211 34 105 159 21 56 14.999999999999998
leaf_count=26 16 15 25 25 27 143 15 16 17 19 42 211 34 105 159 21 56 15
internal_value=-0.00292068 0.168633 -0.0142441 -0.0203571 0.0119898 0.0670832 -0.0257063 0.0249733 -0.0535848 -0.00610591 0.124964 -0.0259557 -0.0411726 -0.0676953 -0.0893921 -0.168874 -0.075249 -0.127832
internal_weight=987 61 926 900 456 186 45 159 444 191 61 270 245 130 253 38 215 30
internal_count=987 61 926 900 456 186 45 159 444 191 61 270 245 130 253 38 215 30
is_linear=0
shrinkage=0.05


Tree=52
num_leaves=18
num_cat=0
split_feature=24 55 76 4 39 32 18 62 70 37 101 117 93 0 21 107 92
split_gain=856.502 2384.16 451.327 511.954 683.496 447.856 710.013 418.191 241.012 202.899 187.721 180.056 101.656 81.3776 81.0646 65.968 36.8095
threshold=16.850000000000005 5.2250000000000005 18.758333333333336 8.5000000000000018 -3.6591666666666662 5.5000000000000009 49.650000000000013 52.750000000000007 0.020000000000000909 -2.7416666666666596 55.900000000000013 -0.2433333333333336 17.450000000000003 549.50000000000011 57.750000000000007 53.500000000000007 31.950000000000003
decision_type=2 2 2 2 2 2 2 2 2 2 2 2 2 2 2 2 2
left_child=1 -1 3 4 -2 6 -6 -5 -7 15 -11 12 -4 -13 16 -9 -15
right_child=2 -3 11 7 5 8 -8 9 -10 10 -12 13 -14 14 -16 -17 -18
leaf_value=0.72464163066535603 0.34960047114662263 -0.05954375828984039 -0.095363692128867417 0.17836792402375509 0.14998448258827063 -0.085973720742894916 -0.0083032378481155879 -0.09740381209376435 0.046159709962496027 0.10534347188063142 -0.048547110170026803 -0.25236218465085064 0.07701465111029776 -0.20044302368996206 -0.024414652882155427 -0.2425203849810251 -0.10712810441922237
leaf_weight=14.999999999999998 17 27 17 21 131 102 154 15.999999999999998 52 21 323 14.999999999999998 17 23 15.999999999999998 15.999999999999998 21
leaf_count=15 17 27 17 21 131 102 154 16 52 21 323 15 17 23 16 16 21
internal_value=0.000708964 0.22146 -0.00894562 0.00329571 0.0394401 0.027341 0.0644631 -0.0382071 -0.0413238 -0.0503606 -0.0391102 -0.104703 -0.0090548 -0.147928 -0.12136 -0.170647 -0.156364
internal_weight=1004 42 962 853 456 439 285 397 154 376 344 109 34 75 60 32 44
internal_count=1004 42 962 853 456 439 285 397 154 376 344 109 34 75 60 32 44
is_linear=0
shrinkage=0.05


Tree=53
num_leaves=23
num_cat=0
split_feature=21 3 71 33 0 13 117 11 16 53 45 106 36 10 69 53 100 63 63 101 56 107
split_gain=1003.16 483.266 516.789 711.573 718.135 775.79 372.229 145.171 129.049 196.382 321.146 210.703 120.065 115.887 142.551 104.757 94.1202 94.5134 87.5342 82.217 70.4643 69.25
threshold=72.000000000000014 4.5000000000000009 5.5000000000000009 1.055833333333333 1116.5000000000002 6.4650000000000007 2.436666666666667 20.850000000000005 5.2650000000000006 35.900000000000013 -0.011666666666666671 6.0500000000000016 2.5000000000000004 5.7250000000000005 4.5000000000000009 23.450000000000003 0.18500000000000003 31.900000000000002 27.900000000000002 76.050000000000011 34.050000000000004 53.500000000000007
decision_type=2 2 2 2 2 2 2 2 2 2 2 2 2 2 2 2 2 2 2 2 2 2
left_child=1 2 3 4 5 -1 -6 -4 9 10 18 -12 -10 -5 -15 -9 17 -14 -3 -17 21 -11
right_child=-2 8 7 13 6 -7 -8 15 12 20 11 -13 16 14 -16 19 -18 -19 -20 -21 -22 -23
leaf_value=0.29798982687258485 0.38525646596869323 -0.16892244117149455 -0.16160911580490084 -0.17229333763211471 0.021204011350296228 -0.053143204444957563 0.27797442544375034 0.061103711683488542 -0.18806979738432786 -0.20572438795529113 0.23373874634949129 0.019619215351299166 0.01830885893203945 -0.069554188887979387 0.055492632464772255 -0.021622171055275773 -0.17048299205246698 -0.079665870720132495 -0.02779937272850614 -0.10473234266732712 -0.024495314203236439 -0.074539068337462475
leaf_weight=62 15.999999999999998 14.999999999999998 29 18 218 21 14.999999999999998 22 26 19 20 27 32 85 31 70 21 105 41 52 22 22
leaf_count=62 16 15 29 18 218 21 15 22 26 19 20 27 32 85 31 70 21 105 41 52 22 22
internal_value=-0.00618785 -0.0126688 0.0137368 0.0419776 0.0829195 0.209132 0.0378679 -0.0596748 -0.0596756 -0.0276427 0.014855 0.111143 -0.088517 -0.0545246 -0.0360744 -0.0390137 -0.0719947 -0.0567481 -0.065923 -0.0571439 -0.0971156 -0.135807
internal_weight=989 973 623 450 316 83 233 173 350 166 103 47 184 134 116 144 158 137 56 122 63 41
internal_count=989 973 623 450 316 83 233 173 350 166 103 47 184 134 116 144 158 137 56 122 63 41
is_linear=0
shrinkage=0.05


Tree=54
num_leaves=28
num_cat=0
split_feature=114 10 71 56 13 104 83 66 102 0 99 44 78 35 81 121 12 82 47 92 49 65 12 17 95 4 15
split_gain=857.678 2603.91 428.092 537.627 450.421 861.825 760.551 385.778 732.234 383.532 267.251 215.508 315.092 452.331 740.573 228.041 288.44 539.121 167.897 154.345 343.224 148.265 127.034 120.558 92.556 50.6932 50.6631
threshold=1.5000000000000002 4.8350000000000009 3.5000000000000004 45.400000000000006 5.1650000000000009 44.20000000000001 4.5000000000000009 13.700000000000001 47.500000000000007 1343.5000000000002 48.250000000000007 3.5000000000000004 0.75083333333333357 8.0666666666666664 3.5000000000000004 -0.0741666666666667 53.150000000000013 0.0075000000000007292 1.5000000000000002 29.850000000000005 5.5950000000000006 15.750000000000002 67.550000000000011 26.750000000000004 36.45000000000001 5.5000000000000009 55.500000000000007
decision_type=2 2 2 2 2 2 2 2 2 2 2 2 2 2 2 2 2 2 2 2 2 2 2 2 2 2 2
left_child=1 -1 3 4 5 6 -2 8 -6 -3 -9 15 13 14 -13 16 17 -4 26 20 -14 -17 -18 -23 -5 -21 -11
right_child=2 9 11 24 7 -7 -8 10 -10 18 -12 12 19 -15 -16 21 22 -19 -20 25 -22 23 -24 -25 -26 -27 -28
leaf_value=0.75317737507504345 -0.01636461441810895 0.24500877741746041 0.32940520362824388 -0.064368094787743912 -0.0019323682009021366 0.49892616950912982 0.35246205343938003 -0.11464579826197629 0.29868393480250693 -0.14886195965555329 0.026236243008699062 0.39079299095798942 -0.155776865023593 -0.11416474942179673 -0.0062707520724530237 -0.22627664047051532 -0.078904398633757367 -0.047515352687181586 0.11007441103632687 -0.18341298618389923 0.113493853673291 0.0022453853064943151 0.028448091759858532 -0.095598796327366578 -0.20894320237143116 -0.066826608332235415 -0.035412698871491288
leaf_weight=14.999999999999998 52 17 15.999999999999998 27 58 14.999999999999998 19 56 31 14.999999999999998 84 22 19 18 25 18 93 23 17 18 31 39 39 161 19 20 29
leaf_count=15 52 17 16 27 58 15 19 56 31 15 84 22 19 18 25 18 93 23 17 18 31 39 39 161 19 20 29
internal_value=0.00766858 0.152165 -0.00722279 0.0349478 0.0582826 0.155786 0.0826221 0.0215916 0.102938 0.0357055 -0.0301225 -0.0353211 0.0149189 0.0983525 0.179918 -0.0550929 -0.0118227 0.107438 -0.0228487 -0.0466932 0.0109645 -0.0889903 -0.0471512 -0.0765026 -0.124516 -0.122519 -0.0744518
internal_weight=996 93 903 361 315 86 71 229 89 78 140 542 153 65 47 389 171 39 61 88 50 218 132 200 46 38 44
internal_count=996 93 903 361 315 86 71 229 89 78 140 542 153 65 47 389 171 39 61 88 50 218 132 200 46 38 44
is_linear=0
shrinkage=0.05


Tree=55
num_leaves=16
num_cat=0
split_feature=112 11 35 27 74 70 99 31 73 96 3 117 25 92 53
split_gain=824.492 2225.47 505.094 810.867 375.55 303.731 315.587 287.355 237.739 238.733 220.157 179.198 241.172 123.103 48.7971
threshold=1.5000000000000002 30.550000000000004 -11.716666666666669 10.150000000000002 -17.466666666666658 -0.016666666666667048 43.850000000000001 -0.086666666666666434 4.5000000000000009 53.250000000000007 1.5000000000000002 0.20583333333333312 35.100000000000009 32.250000000000007 43.95000000000001
decision_type=2 2 2 2 2 2 2 2 2 2 2 2 2 2 2
left_child=1 -1 3 -2 -4 11 10 -8 9 -3 -7 12 -6 -13 -10
right_child=2 8 4 -5 5 6 7 -9 14 -11 -12 13 -14 -15 -16
leaf_value=0.70047569080496475 0.42194619655434851 0.26184158914270456 0.2184481567847803 -0.024594185617103047 0.074116853096381052 0.10099331804984167 -0.093432017165254358 0.039993084182473326 -0.0053340502825391239 -0.011077291799696867 -0.091132715711362902 -0.15135757368115674 -0.067845324425005599 -0.066159598268033346 -0.11941843088099498
leaf_weight=14.999999999999998 17 17 15.999999999999998 25 48 17 46 323 25 14.999999999999998 116 58 79 160 14.999999999999998
leaf_count=15 17 17 16 25 48 17 46 323 25 15 116 58 79 160 15
internal_value=0.00163667 0.148568 -0.0124976 0.156603 -0.0207502 -0.0252999 -0.000465989 0.0233258 0.0327063 0.134119 -0.0664803 -0.0614099 -0.0141349 -0.0889089 -0.0484315
internal_weight=992 87 905 42 863 847 502 369 72 32 133 345 127 218 40
internal_count=992 87 905 42 863 847 502 369 72 32 133 345 127 218 40
is_linear=0
shrinkage=0.05


Tree=56
num_leaves=14
num_cat=0
split_feature=61 45 45 74 109 111 70 25 17 117 30 0 96
split_gain=729.257 2295.48 658.401 475.813 549.932 429.899 418.275 163.207 155.126 156.29 150.445 120.687 65.0015
threshold=0.20500000000000004 -0.0066666666666666393 0.034166666666666685 5.0583333333333309 0.061666666666666099 1.4508333333333343 0.023333333333333876 52.500000000000007 46.350000000000001 0.12250000000000007 3.5000000000000004 1175.5000000000002 55.850000000000001
decision_type=2 2 2 2 2 2 2 2 2 2 2 2 2
left_child=2 -2 3 4 5 6 -1 8 9 -5 11 -9 -10
right_child=1 -3 -4 7 -6 -7 -8 10 12 -11 -12 -13 -14
leaf_value=-0.028639491053372119 -0.067083958250460138 0.70235712725595145 0.3235505194458741 -0.012210729285456596 0.25797655534200153 0.24526336818777456 0.077221657520684522 0.09139439220203778 -0.10079861342624466 -0.080730191102746832 0.15421177178898954 -0.056286098143297748 -0.23838072825741299
leaf_weight=312 27 14.999999999999998 14.999999999999998 153 24 19 133 19 21 183 15.999999999999998 50 14.999999999999998
leaf_count=312 27 15 15 153 24 19 133 19 21 183 16 50 15
internal_value=0.00493041 0.208613 -0.00399631 -0.00923444 0.0250903 0.0129807 0.00299892 -0.045896 -0.0601789 -0.0495572 0.0165512 -0.0154747 -0.158765
internal_weight=1002 42 960 945 488 464 445 457 372 336 85 69 36
internal_count=1002 42 960 945 488 464 445 457 372 336 85 69 36
is_linear=0
shrinkage=0.05


Tree=57
num_leaves=15
num_cat=0
split_feature=94 21 4 73 32 0 100 65 65 37 62 37 28 3
split_gain=771.354 503.122 325.952 495.312 559.325 1026.24 203.519 179.489 167.28 140.866 127.529 110.58 103.486 36.548
threshold=6.9600000000000017 72.000000000000014 8.5000000000000018 5.5000000000000009 4.5000000000000009 881.00000000000011 0.19500000000000003 37.70000000000001 43.600000000000009 -0.96666666666666845 88.100000000000009 8.0666666666666682 10.250000000000002 3.5000000000000004
decision_type=2 2 2 2 2 2 2 2 2 2 2 2 2 2
left_child=1 2 3 4 5 -1 9 -6 12 13 -10 -11 -5 -4
right_child=-2 -3 6 8 7 -7 -8 -9 10 11 -12 -13 -14 -15
leaf_value=0.37655236158788818 0.28513838696208865 0.25392156187342019 -0.10203275963246267 -0.14683269447297981 0.006171639566825475 0.053789365971573681 0.12259596819766083 -0.11569019633234373 -0.06268406963020666 -0.0072735108356460285 0.10106747566319224 -0.065523637120923614 -0.027354400465086505 -0.19590802034189611
leaf_weight=29 23 18 32 61 185 161 17 36 29 136 20 204 26 15.999999999999998
leaf_count=29 23 18 32 61 185 161 17 36 29 136 20 204 26 16
internal_value=-0.000405382 -0.00720986 -0.0121786 0.0129885 0.0403651 0.103252 -0.0461769 -0.0136999 -0.0696773 -0.0536142 0.00412118 -0.0422473 -0.111256 -0.133771
internal_weight=993 970 952 547 411 190 405 221 136 388 49 340 87 48
internal_count=993 970 952 547 411 190 405 221 136 388 49 340 87 48
is_linear=0
shrinkage=0.05


Tree=58
num_leaves=16
num_cat=0
split_feature=94 21 0 10 59 109 74 70 104 31 101 105 59 41 57
split_gain=836.062 530.54 414.45 548.173 1357.72 1402.86 402.97 455.522 207.691 180.259 269.209 226.964 118.474 236.133 111.626
threshold=6.9600000000000017 72.000000000000014 1343.5000000000002 5.1050000000000013 35.45000000000001 0.018333333333333094 -5.8499999999999988 0.013333333333333199 16.650000000000002 -0.028333333333332874 91.250000000000014 11.750000000000002 39.95000000000001 0.11750000000000017 37.550000000000004
decision_type=2 2 2 2 2 2 2 2 2 2 2 2 2 2 2
left_child=1 2 3 4 5 -1 7 -5 -8 12 11 -11 14 -14 -4
right_child=-2 -3 9 6 -6 -7 8 -9 -10 10 -12 -13 13 -15 -16
leaf_value=0.087830105841968931 0.28808523101873135 0.26400718988634603 -0.16888398750241834 -0.00056823928352868469 -0.11873103546431339 0.69234838557173628 0.11503065457276258 0.27363830249885035 -0.051583483756339955 0.045241678531769587 0.14751037506322409 -0.047651089023242943 -0.086999937145474771 0.13791321403748616 -0.061500959302985485
leaf_weight=22 25 18 27 36 25 17 21 26 164 94 26 218 26 21 236
leaf_count=22 25 18 27 36 25 17 21 26 164 94 26 218 26 21 236
internal_value=0.00314835 -0.00416638 -0.0092321 0.0381993 0.168488 0.352563 0.00436561 0.114597 -0.0325916 -0.0320063 -0.00673008 -0.0196426 -0.0595384 0.0134665 -0.0726041
internal_weight=1002 977 959 311 64 39 247 62 185 648 338 312 310 47 263
internal_count=1002 977 959 311 64 39 247 62 185 648 338 312 310 47 263
is_linear=0
shrinkage=0.05


Tree=59
num_leaves=13
num_cat=0
split_feature=21 94 0 39 54 43 12 45 113 0 99 65
split_gain=834.847 636.423 287.684 627.262 680.896 199.776 183.614 219.101 205.402 157.863 155.03 81.224
threshold=71.750000000000014 6.9600000000000017 1343.5000000000002 -3.1933333333333329 13.400000000000002 0.66916666666666658 44.100000000000009 0.01833333333333333 -7.2083333333333313 2952.5000000000005 46.650000000000013 18.150000000000002
decision_type=2 2 2 2 2 2 2 2 2 2 2 2
left_child=1 2 3 -1 -5 -6 8 10 -4 -9 -8 -10
right_child=-2 -3 6 4 5 -7 7 9 11 -11 -12 -13
leaf_value=0.34264112888582499 0.35788337255116576 0.24337736144958738 0.058299903312132723 0.27869014804719261 0.0022340572337335761 -0.16169359907878575 -0.06518364500634502 0.22712796154795889 -0.19108086289954804 -0.0015460204055520481 -0.0061423133684758956 -0.088514044998843411
leaf_weight=14.999999999999998 15.999999999999998 25 20 22 246 20 167 15.000000000000002 27 14.999999999999998 333 70
leaf_count=15 16 25 20 22 246 20 167 15 27 15 333 70
internal_value=0.000767012 -0.00512433 -0.011694 0.0284978 0.0120056 -0.0101287 -0.0305257 -0.0179908 -0.0872015 0.113 -0.0258812 -0.117282
internal_weight=991 975 950 303 288 266 647 530 117 30 500 97
internal_count=991 975 950 303 288 266 647 530 117 30 500 97
is_linear=0
shrinkage=0.05


Tree=60
num_leaves=12
num_cat=0
split_feature=119 21 84 35 96 45 123 1 114 44 63
split_gain=625.164 576.208 363.204 485.555 380.808 591.692 373.503 311.303 185.996 315.501 147.76
threshold=2.46 72.000000000000014 0.00083333333333335269 -10.166666666666663 37.550000000000004 -0.011666666666666671 -0.025000000000000005 6.5000000000000009 3.5000000000000004 5.5000000000000009 21.550000000000001
decision_type=2 2 2 2 2 2 2 2 2 2 2
left_child=1 2 7 -4 5 -5 -6 8 9 -1 -10
right_child=-2 -3 3 4 6 -7 -8 -9 10 -11 -12
leaf_value=-0.024935545380346806 0.32065232530334931 0.29309000998550322 0.30632942232075122 -0.015300935782244986 0.13427414636224708 0.37449484263335803 -0.020185048204816172 0.15416255224655026 -0.20080214900460411 0.21039785279935563 -0.059849427184913144
leaf_weight=250 14.999999999999998 15.999999999999998 14.999999999999998 21 45 18 296 21 20 14.999999999999998 259
leaf_count=250 15 16 15 21 45 18 296 21 20 15 259
internal_value=0.00138836 -0.00354559 -0.00852474 0.0282461 0.0171783 0.164975 0.000216861 -0.0342411 -0.0415502 -0.0115216 -0.0700398
internal_weight=991 976 960 395 380 39 341 565 544 265 279
internal_count=991 976 960 395 380 39 341 565 544 265 279
is_linear=0
shrinkage=0.05


Tree=61
num_leaves=20
num_cat=0
split_feature=77 31 111 12 70 109 68 19 41 53 5 96 0 53 10 53 88 20 24
split_gain=693.676 1327.25 611.795 569.266 421.558 543.567 367.798 736.647 295.226 249.017 174.902 461.921 139.873 128.688 125.532 102.773 108.813 77.1312 56.5815
threshold=4.5000000000000009 0.050833333333333293 -0.89166666666666694 60.550000000000004 0.012499999999999735 0.048333333333333346 50.500000000000007 5.5750000000000011 -0.004166666666666873 26.400000000000002 1.5000000000000002 49.550000000000004 348.00000000000006 29.350000000000005 6.1050000000000013 59.400000000000006 4.535000000000001 32.850000000000001 38.650000000000006
decision_type=2 2 2 2 2 2 2 2 2 2 2 2 2 2 2 2 2 2 2
left_child=1 2 3 -1 6 8 7 -4 -6 -8 12 -12 14 18 -2 16 -15 -17 -14
right_child=10 -3 4 -5 5 -7 9 -9 -10 -11 11 -13 13 15 -16 17 -18 -19 -20
leaf_value=0.44388588492914755 -0.25952965269177591 0.4972305352916781 -0.015493322325662624 0.034133360771596101 0.11519062803330345 0.35826421403726999 -0.098472661798131689 0.35568723097361254 -0.016377580057466444 -0.0053480814073756482 -0.11216375583438512 0.22719744768832367 -0.21273852771853807 0.025943213581768362 -0.05748715466196766 -0.063274883624709788 -0.048161101610343558 -0.20425881463170842 -0.080503358373865047
leaf_weight=15.999999999999998 16.000000000000004 14.999999999999998 51 18 80 14.999999999999998 129 18 91 162 21 19 15.999999999999998 66 14.999999999999998 28 197 14.999999999999998 17
leaf_count=16 16 15 51 18 80 15 129 18 91 162 21 19 16 66 15 28 197 15 17
internal_value=-4.65622e-05 0.0344288 0.0223676 0.227841 0.00952398 0.0706317 -0.0220453 0.0816386 0.0451769 -0.0466669 -0.0500863 0.0490727 -0.0608301 -0.0514796 -0.162427 -0.0413102 -0.0295428 -0.112931 -0.145217
internal_weight=1005 595 580 34 546 186 360 69 171 291 410 40 370 339 31 306 263 43 33
internal_count=1005 595 580 34 546 186 360 69 171 291 410 40 370 339 31 306 263 43 33
is_linear=0
shrinkage=0.05


Tree=62
num_leaves=21
num_cat=0
split_feature=24 21 3 109 64 88 71 70 112 40 32 90 34 28 4 79 21 74 113 84
split_gain=1077.1 1836.31 442.715 529.408 1020.91 383.585 310.586 471.922 379.657 207.857 357.545 179.792 150.048 153.71 135.991 124.148 134.336 131.099 97.0454 39.0381
threshold=16.850000000000005 51.45000000000001 4.5000000000000009 0.046666666666666419 39.650000000000006 4.6850000000000014 5.5000000000000009 -0.033333333333333652 3.5000000000000004 1.5000000000000002 4.5000000000000009 51.45000000000001 2.5000000000000004 6.4000000000000012 2.5000000000000004 3.5000000000000004 42.95000000000001 -8.8583333333333325 8.3916666666666693 -0.013333333333333348
decision_type=2 2 2 2 2 2 2 2 2 2 2 2 2 2 2 2 2 2 2 2
left_child=1 -1 3 6 -5 -6 7 11 -9 10 -4 -2 13 -11 -8 17 -17 -14 -16 -12
right_child=2 -3 9 4 5 -7 14 8 -10 12 19 -13 15 -15 18 16 -18 -19 -20 -21
leaf_value=-0.047091643334324675 -0.14239868230918318 0.66988877054789786 0.19204010354582543 0.38180810917314689 0.18773841066471 -0.13116977129621335 -0.17275056342733394 0.13686481721978366 0.017215285919594477 -0.065563109794758836 -0.11301002985204173 -0.013072537757675718 -0.23266950261267214 -0.28901115521689918 -0.022492316729282206 0.073088079905700848 -0.050735589107695891 -0.074278495605928141 -0.15752258041244471 -0.016794885063935006
leaf_weight=20 41 15.999999999999998 22 28 14.999999999999998 25 22 104 183 16.000000000000004 17 78 14.999999999999998 14.999999999999998 114 28 99 101 14.999999999999998 28
leaf_count=20 41 16 22 28 15 25 22 104 183 16 17 78 15 15 114 28 99 101 15 28
internal_value=0.00424754 0.272401 -0.00576773 0.0192285 0.150827 -0.0112846 0.0031295 0.0259079 0.0606226 -0.0515888 0.0272679 -0.0577544 -0.0708925 -0.174426 -0.0580592 -0.0575976 -0.0233605 -0.0949859 -0.0383421 -0.0534237
internal_weight=1002 36 966 625 68 40 557 406 287 341 67 119 274 31 151 243 127 116 129 45
internal_count=1002 36 966 625 68 40 557 406 287 341 67 119 274 31 151 243 127 116 129 45
is_linear=0
shrinkage=0.05


Tree=63
num_leaves=26
num_cat=0
split_feature=33 119 22 104 3 114 74 95 17 119 62 63 69 31 41 23 37 117 99 54 122 80 78 122 26
split_gain=763.957 1884.45 639.821 727.294 309.418 316.1 550.45 334.993 399.325 243.671 338.155 651.113 173.638 154.203 149.343 139.746 122.964 110.867 110.098 271.894 288.915 101.489 96.857 63.9561 50.389
threshold=-0.46500000000000025 0.40750000000000025 0.16500000000000004 35.850000000000009 4.5000000000000009 3.5000000000000004 -8.3583333333333307 28.650000000000002 26.350000000000005 -0.35749999999999987 68.050000000000011 33.95000000000001 3.5000000000000004 0.0033333333333342989 -0.31083333333333346 58.95000000000001 -1.9666666666666683 2.2349999999999999 48.45000000000001 37.150000000000013 3.5000000000000004 0.18749999999999958 0.32499999999999979 4.5000000000000009 46.650000000000013
decision_type=2 2 2 2 2 2 2 2 2 2 2 2 2 2 2 2 2 2 2 2 2 2 2 2 2
left_child=1 2 -1 15 5 6 -2 8 -8 10 11 -7 17 -9 -14 -4 -6 -11 23 20 -20 -21 -12 24 -18
right_child=4 -3 3 -5 16 9 7 13 -10 12 22 -13 14 -15 -16 -17 18 -19 19 21 -22 -23 -24 -25 -26
leaf_value=-0.16339224581348943 0.28858601243247811 0.62728062205433099 0.098917759421156409 0.40390417448609894 -0.16430723456206262 -0.04936253291479549 -0.055663265210467494 -0.045715800897091714 0.19644953035986595 -0.10528293792556027 -0.12379822837091076 0.4004977629421661 0.1279563841898797 0.066635158109410078 -0.029879742882393052 -0.095511328389770098 -0.038561879415028123 0.03864388600090482 -0.027709858588750847 -0.08770586059577816 0.26346028015850492 0.0035772467664873758 0.019244164700382267 -0.14366223654076724 -0.1100281097143464
leaf_weight=27 22 15.999999999999998 20 17 23 15.999999999999998 23 111 49 117 18 15.999999999999998 18 42 87 17 85 14.999999999999998 18 73 15.999999999999998 52 34 28 35
leaf_count=27 22 16 20 17 23 16 23 111 49 117 18 16 18 42 87 17 85 15 18 73 16 52 34 28 35
internal_value=-3.18266e-05 0.133193 0.0348808 0.134229 -0.0144413 0.00792298 0.0504408 0.0270154 0.115879 -0.0247831 0.0483205 0.175959 -0.0507238 -0.0148183 -0.00267854 0.00943405 -0.0529408 -0.0888729 -0.0445304 -0.0155862 0.109536 -0.0497196 -0.0303171 -0.0755605 -0.0595221
internal_weight=995 97 81 54 898 568 247 225 72 321 84 32 237 153 105 37 330 132 307 159 34 125 52 148 120
internal_count=995 97 81 54 898 568 247 225 72 321 84 32 237 153 105 37 330 132 307 159 34 125 52 148 120
is_linear=0
shrinkage=0.05


Tree=64
num_leaves=9
num_cat=0
split_feature=61 45 62 45 25 103 72 37
split_gain=749.211 1799.57 492.359 447.258 463.657 217.787 303.875 264.251
threshold=0.20500000000000004 -0.0066666666666666393 30.350000000000005 0.034166666666666685 8.2000000000000011 35.100000000000009 0.44500000000000078 -6.724999999999997
decision_type=2 2 2 2 2 2 2 2
left_child=2 -2 -1 4 -4 6 -6 -7
right_child=1 -3 3 -5 5 7 -8 -9
leaf_value=0.26619205302703453 -0.036556335601859426 0.64475388122315447 0.21439762867598736 0.24856167206112645 0.049404640360250648 -0.15646836436420011 -0.034385829366522562 -0.033646402503605378
leaf_weight=15.999999999999998 27 14.999999999999998 21 15.999999999999998 193 49 246 409
leaf_count=16 27 15 21 16 193 49 246 409
internal_value=0.00119623 0.207603 -0.00794478 -0.0126743 -0.0172594 -0.0227117 0.00244291 -0.0468289
internal_weight=992 42 950 934 918 897 439 458
internal_count=992 42 950 934 918 897 439 458
is_linear=0
shrinkage=0.05


Tree=65
num_leaves=11
num_cat=0
split_feature=31 31 21 96 84 14 86 24 1 45
split_gain=540.521 1336.15 401.51 324.495 306.223 606.84 1467.81 314.668 190.417 153.904
threshold=0.050833333333333293 0.059999999999999616 72.000000000000014 79.100000000000009 0.00083333333333335269 19.100000000000005 1.5000000000000002 39.000000000000007 6.5000000000000009 0.01833333333333333
decision_type=2 2 2 2 2 2 2 2 2 2
left_child=2 -2 3 4 8 6 -6 -7 9 -1
right_child=1 -3 -4 -5 5 7 -8 -9 -10 -11
leaf_value=-0.041823730288686738 0.5322928976036192 -0.086239528734022408 0.23735267314297415 -0.23704361568223564 0.01775225599882015 -0.081342916607513333 0.60527884889122674 0.033844636392857987 0.13194719811500108 0.050317177554209551
leaf_weight=472 15.999999999999998 19 17 14.999999999999998 36 78 14.999999999999998 246 18 50
leaf_count=472 16 19 17 15 36 78 15 246 18 50
internal_value=0.00441209 0.197087 -0.00272371 -0.00714263 -0.0033428 0.0313566 0.191498 0.00608233 -0.0274502 -0.0329804
internal_weight=982 35 947 930 915 375 51 324 540 522
internal_count=982 35 947 930 915 375 51 324 540 522
is_linear=0
shrinkage=0.05


Tree=66
num_leaves=18
num_cat=0
split_feature=71 23 115 62 99 123 79 45 109 117 94 103 121 84 113 35 108
split_gain=340.563 675.882 909.672 503.234 382.25 331.454 268.318 189.302 343.555 160.72 157.932 272.311 153.883 227.392 146.498 112.886 67.5426
threshold=3.5000000000000004 58.550000000000004 5.9916666666666663 32.45000000000001 47.150000000000013 -0.023333333333333327 2.5000000000000004 0.019166666666666655 -0.011666666666666268 1.654166666666667 6.9900000000000011 6.0500000000000016 -0.0741666666666667 0.013333333333333324 0.39166666666666222 -7.958333333333333 3.5000000000000004
decision_type=2 2 2 2 2 2 2 2 2 2 2 2 2 2 2 2 2
left_child=1 2 -1 -3 9 -6 -7 10 -9 14 11 -2 13 -13 -5 -14 -11
right_child=7 3 -4 4 5 6 -8 8 -10 16 -12 12 15 -15 -16 -17 -18
leaf_value=0.53112995543622021 0.14185858343449814 0.2818145783699077 0.0045595360724306894 -0.026407246129163699 0.19811227743366111 0.10042046568468339 -0.027158616995336296 0.26200941533639738 -0.039781847852931554 0.097046597292091655 -0.19322144770474167 -0.029800623924346528 -0.1622318957454604 0.11793869769330637 -0.16121431190601657 -0.055020433154336357 -0.052426348698158931
leaf_weight=14.999999999999998 21 15.999999999999998 18 32 27 59 136 14.999999999999998 25 15.000000000000002 15.999999999999998 193 27 30 55 272 14.999999999999998
leaf_count=15 21 16 18 32 27 59 136 15 25 15 16 193 27 30 55 272 15
internal_value=-0.00763502 0.0288467 0.244942 0.00868151 -0.00427429 0.0342522 0.0114483 -0.0312751 0.0736364 -0.0773853 -0.038803 -0.0342089 -0.0413275 -0.00985901 -0.111775 -0.0647695 0.0222181
internal_weight=987 388 33 355 339 222 195 599 40 117 559 543 522 223 87 299 30
internal_count=987 388 33 355 339 222 195 599 40 117 559 543 522 223 87 299 30
is_linear=0
shrinkage=0.05


Tree=67
num_leaves=12
num_cat=0
split_feature=109 109 45 25 70 84 78 99 68 96 53
split_gain=587.175 2209.78 321.158 339.082 262.6 367.114 427.407 205.476 204.427 156.926 115.561
threshold=0.061666666666666099 0.064999999999999961 0.031666666666666683 8.2000000000000011 -0.034166666666666672 0.0016666666666666637 -1.3841666666666665 58.750000000000007 53.500000000000007 36.050000000000004 30.100000000000005
decision_type=2 2 2 2 2 2 2 2 2 2 2
left_child=2 -2 3 -1 9 7 -7 -6 -3 -5 -11
right_child=1 8 -4 4 5 6 -8 -9 -10 10 -12
leaf_value=0.18686022321562962 0.68198119476930996 -0.11714151126344173 0.21215177059870716 0.067197635950464185 -0.038849404523350638 0.23603327868247798 0.029090423009360218 0.069510518650927708 0.098771235598853563 -0.11343795051996824 -0.038649132420323154
leaf_weight=22 14.999999999999998 24 17 23 344 28 224 50 20 89 124
leaf_count=22 15 24 17 23 344 28 224 50 20 89 124
internal_value=0.00729231 0.16007 -0.0025056 -0.00657085 -0.011422 0.00506283 0.0521884 -0.0250713 -0.0188845 -0.0565498 -0.069961
internal_weight=980 59 921 904 882 646 252 394 44 236 213
internal_count=980 59 921 904 882 646 252 394 44 236 213
is_linear=0
shrinkage=0.05


Tree=68
num_leaves=22
num_cat=0
split_feature=112 24 70 3 74 115 35 9 10 93 92 96 56 18 43 50 38 20 70 12 95
split_gain=696.341 2099.09 282.974 259.013 606.497 933.544 292.894 213.929 211.497 204.669 286.108 486.946 187.188 161.764 289.964 177.855 154.222 144.745 112.097 97.788 83.5298
threshold=1.5000000000000002 31.550000000000004 0.046666666666666419 3.5000000000000004 -8.3583333333333307 1.0750000000000031 -12.325000000000001 6.8050000000000006 4.0750000000000011 57.800000000000004 37.45000000000001 49.850000000000009 33.250000000000007 49.45000000000001 0.17333333333333381 22.450000000000003 5.5000000000000009 30.750000000000004 0.052499999999999332 51.550000000000004 42.550000000000004
decision_type=2 2 2 2 2 2 2 2 2 2 2 2 2 2 2 2 2 2 2 2 2
left_child=1 -1 17 4 5 -2 -6 12 -8 10 13 -12 -7 14 -5 -15 -10 -3 19 -11 -21
right_child=3 2 -4 9 6 7 8 -9 16 18 11 -13 -14 15 -16 -17 -18 -19 -20 20 -22
leaf_value=0.66827149810577868 0.49906082464172352 -0.11028131211746191 0.1903943857753464 0.076865679113569146 0.16129745032761278 0.10208849483570515 -0.17996317109658352 0.2020567070051337 0.00820726765628816 -0.19040284913605179 0.33304779387467748 -0.038888665378729315 -0.13943572898357234 -0.19061185798322064 -0.091008275200451363 -0.043288929095540357 -0.06569803514857106 0.047375068109469724 0.030802887434344641 -0.064853144887254022 -0.18073568512063001
leaf_weight=14.999999999999998 14.999999999999998 29 19 66 23 14.999999999999998 20 14.999999999999998 245 24 14.999999999999998 21 17 25 42 113 99 29 19 116 18
leaf_count=15 15 29 19 66 23 15 20 15 245 24 15 21 17 25 42 113 99 29 19 116 18
internal_value=-0.0017679 0.129228 0.0234236 -0.0150588 0.0119321 0.15699 -0.0113288 0.0468841 -0.0222915 -0.0414695 -0.0149858 0.11644 -0.0261001 -0.0342786 0.0115113 -0.0701328 -0.0130604 -0.0314212 -0.0836033 -0.0974034 -0.0805799
internal_weight=1000 92 77 908 449 62 387 47 364 459 282 36 32 246 108 138 344 58 177 158 134
internal_count=1000 92 77 908 449 62 387 47 364 459 282 36 32 246 108 138 344 58 177 158 134
is_linear=0
shrinkage=0.05


Tree=69
num_leaves=19
num_cat=0
split_feature=95 71 32 56 83 0 99 103 102 19 23 44 89 31 99 39 11 70
split_gain=607.245 251.044 374.402 434.794 581.01 939.762 297.431 234.109 158.44 155.945 223.704 211.491 142.95 132.936 114.727 95.1474 63.306 36.3874
threshold=53.45000000000001 5.5000000000000009 5.5000000000000009 45.400000000000006 3.5000000000000004 1269.5000000000002 30.750000000000004 35.250000000000007 56.100000000000009 5.0250000000000012 64.500000000000014 3.5000000000000004 19.050000000000004 -0.0116666666666676 45.150000000000013 1.0558333333333334 28.500000000000004 -0.026666666666665947
decision_type=2 2 2 2 2 2 2 2 2 2 2 2 2 2 2 2 2 2
left_child=1 2 3 4 7 -6 -4 -1 9 16 11 -11 -8 -12 -14 -5 -3 -18
right_child=-2 8 6 15 5 -7 12 -9 -10 10 13 -13 14 -15 -16 -17 17 -19
leaf_value=0.065754861891844193 0.23701083290620925 -0.16215658530076862 0.18637291058799288 -0.16687245082781005 0.32179830078739524 0.050336878977511101 -0.15289285909170391 -0.036182795668086139 -0.16895792291990455 -0.0049840159014443658 -0.085332655716575279 0.24847271752771954 -0.087405543907935812 0.024974193115739961 -0.011469823277782593 -0.017009131964399012 0.003344944232939095 -0.089764708499601678
leaf_weight=103 27 23 14.999999999999998 26 47 99 26 124 24 18 63 14.999999999999998 66 48 202 18 14.999999999999998 34
leaf_count=103 27 23 15 26 47 99 26 124 24 18 63 15 66 48 202 18 15 34
internal_value=0.00357706 -0.00296617 0.0116844 0.0425938 0.0601424 0.13792 -0.0300124 0.0100574 -0.0472914 -0.0336779 -0.00358435 0.110475 -0.0411291 -0.0376078 -0.0302147 -0.105856 -0.0937071 -0.0612112
internal_weight=993 966 726 417 373 146 309 227 240 216 144 33 294 111 268 44 72 49
internal_count=993 966 726 417 373 146 309 227 240 216 144 33 294 111 268 44 72 49
is_linear=0
shrinkage=0.05


Tree=70
num_leaves=16
num_cat=0
split_feature=24 21 70 103 94 27 106 84 14 37 94 63 29 4 62
split_gain=611.371 1871.28 283.577 398.26 363.13 331.104 607.08 299.122 720.672 153.212 146.512 144.631 183.155 114.19 62.2227
threshold=16.850000000000005 51.350000000000001 -0.015000000000001011 12.750000000000002 5.4250000000000007 4.6000000000000005 4.7500000000000009 0.0025000000000000027 19.100000000000005 -10.541666666666666 6.7650000000000015 21.950000000000003 58.500000000000007 8.5000000000000018 55.95000000000001
decision_type=2 2 2 2 2 2 2 2 2 2 2 2 2 2 2
left_child=1 -1 10 4 -4 6 -5 9 -9 -7 11 14 13 -13 -2
right_child=2 -3 3 5 -6 7 -8 8 -10 -11 -12 12 -14 -15 -16
leaf_value=-0.099587527895135572 -0.17742641695703454 0.60926272389681446 0.26998276453319398 0.39326875538916783 -0.034211720684111512 -0.18083640941097373 -0.031083934802893565 0.29998854883478882 0.0076818261321993141 -0.026683051301043471 -0.19022343873188197 -0.0027332972598102055 0.14395697253368653 -0.062938822353543963 -0.051325970359187761
leaf_weight=22 22 15.999999999999998 28 14.999999999999998 14.999999999999998 17 19 24 169 287 14.999999999999998 182 15.999999999999998 139 18
leaf_count=22 22 16 28 15 15 17 19 24 169 287 15 182 16 139 18
internal_value=0.00310349 0.19956 -0.0046393 0.0177413 0.163919 0.00586588 0.156588 -0.00446447 0.0441933 -0.0353765 -0.0374198 -0.031278 -0.020572 -0.0288307 -0.121075
internal_weight=1004 38 966 574 43 531 34 497 193 304 392 377 337 321 40
internal_count=1004 38 966 574 43 531 34 497 193 304 392 377 337 321 40
is_linear=0
shrinkage=0.05


Tree=71
num_leaves=21
num_cat=0
split_feature=61 0 3 74 17 39 64 70 17 52 23 104 114 37 87 61 50 77 60 119
split_gain=522.667 1638.82 355.845 493.3 380.931 452.5 1034.52 194.861 158.632 201.864 159.674 149.64 313.898 139.6 128.76 98.2854 95.0443 82.0562 74.7422 43.7898
threshold=0.20500000000000004 431.00000000000006 3.5000000000000004 -11.974999999999996 46.350000000000001 -0.52249999999999985 39.650000000000006 0.054999999999999279 29.450000000000003 3.8200000000000007 63.250000000000007 43.600000000000009 3.5000000000000004 -1.9666666666666683 6.7950000000000008 0.16500000000000004 50.850000000000001 5.5000000000000009 49.45000000000001 -1.0000000180025095e-35
decision_type=2 2 2 2 2 2 2 2 2 2 2 2 2 2 2 2 2 2 2 2
left_child=2 -2 3 -1 5 6 -5 -7 9 -4 -11 13 -13 14 -10 -6 -15 -12 -14 -3
right_child=1 19 8 4 15 7 -8 -9 11 10 17 12 18 16 -16 -17 -18 -19 -20 -21
leaf_value=0.25029028194484776 0.57347750536958619 0.0085659811433577374 0.17419270808282106 0.43505470481529057 -0.059975350523217119 -0.0095115127014830034 0.014840787799018214 0.11018114849837042 -0.04735726238342753 0.11704511642456053 -0.010625186917976705 0.21391241078986636 0.0084892748758710664 -0.067636464934874199 -0.22633818162538377 -0.2334147988704213 0.026116291680328332 -0.10664327228782185 -0.11797629471921244 -0.11171228054244786
leaf_weight=23 15.999999999999998 15 15.999999999999998 21 15.999999999999998 316 48 38 17 20 86 14.999999999999998 26 205 25 17 31 30 21 15
leaf_count=23 16 15 16 21 16 316 48 38 17 20 86 15 26 205 25 17 31 30 21 15
internal_value=0.00199463 0.166496 -0.00580963 0.0248581 0.0134243 0.0262108 0.143249 0.00335022 -0.0356762 0.00675423 -0.0130212 -0.0546562 0.0154967 -0.0703197 -0.154297 -0.149909 -0.0552945 -0.035571 -0.048041 -0.0515784
internal_weight=1017 46 971 479 456 423 69 354 492 152 136 340 62 278 42 33 236 116 47 30
internal_count=1017 46 971 479 456 423 69 354 492 152 136 340 62 278 42 33 236 116 47 30
is_linear=0
shrinkage=0.05


Tree=72
num_leaves=24
num_cat=0
split_feature=112 10 45 78 65 28 11 104 8 20 95 94 53 104 63 41 115 88 11 29 10 35 21
split_gain=485.394 1934.31 229.058 300.436 594.983 369.725 371.679 275.325 1193.66 235.412 225.681 222.849 201.245 198.162 135.673 122.099 119.707 97.1528 72.247 91.2845 69.8216 42.188 25.195
threshold=1.5000000000000002 4.8750000000000009 -0.014166666666666659 -0.48166666666666685 13.9 14.250000000000002 45.45000000000001 44.20000000000001 1.0000000180025095e-35 48.20000000000001 29.450000000000003 4.9450000000000012 21.450000000000003 41.000000000000007 26.800000000000001 -0.088333333333333361 13.749999999999998 4.1950000000000012 43.850000000000001 52.500000000000007 6.3150000000000004 14.775000000000007 48.95000000000001
decision_type=2 2 2 2 2 2 2 2 2 2 2 2 2 2 2 2 2 2 2 2 2 2 2
left_child=1 -1 12 4 -4 13 -7 9 -9 11 -3 -5 14 -6 -2 -12 -10 -14 19 -19 -20 -16 -23
right_child=2 10 3 7 5 6 -8 8 16 -11 15 -13 17 -15 21 -17 -18 18 20 -21 -22 22 -24
leaf_value=0.62592527949257404 -0.20485425556552808 0.12308968696014103 0.34965417218661449 0.03113964636645368 -0.082497234040105685 0.022199683395487751 0.35123672141934081 0.45798832102221732 -0.057759233574863816 -0.21597772066637597 0.026727502767842606 -0.048162713103408944 0.075108653034418174 0.1131637068236606 -0.024397983281372704 -0.12626223649925852 0.094663424323699619 -0.13120281037442025 0.039213089455687807 -0.011080035756748569 -0.037137252655212658 -0.06302913360248337 -0.15602267072690246
leaf_weight=14.999999999999998 27 28 17 135 53 20 14.999999999999998 15.999999999999998 52 15.999999999999998 25 257 23 17 28 27 17 35 44 29 93 15.000000000000002 14.999999999999998
leaf_count=15 27 28 17 135 53 20 15 16 52 16 25 257 23 17 28 27 17 35 44 29 93 15 15
internal_value=-0.000674641 0.106882 -0.0117487 0.00589118 0.0761136 0.031488 0.163957 -0.0114882 0.0703067 -0.0285541 0.00883863 -0.0208382 -0.0468639 -0.0348146 -0.112336 -0.0527034 -0.0200508 -0.0219581 -0.033122 -0.0769524 -0.0125688 -0.068903 -0.110056
internal_weight=1019 95 924 615 122 105 35 493 85 408 80 392 309 70 85 52 69 224 201 64 137 58 30
internal_count=1019 95 924 615 122 105 35 493 85 408 80 392 309 70 85 52 69 224 201 64 137 58 30
is_linear=0
shrinkage=0.05


Tree=73
num_leaves=15
num_cat=0
split_feature=119 77 25 70 62 44 53 23 62 44 99 0 96 28
split_gain=503.951 259.927 367.807 311.151 430.71 291.55 157.507 180.4 128.363 123.248 173.829 104.387 98.0777 53.3017
threshold=2.46 4.5000000000000009 8.2000000000000011 -0.034999999999999691 30.350000000000005 1.5000000000000002 29.350000000000005 51.20000000000001 54.750000000000007 2.5000000000000004 50.100000000000009 1611.5000000000002 39.250000000000007 1.0000000180025095e-35
decision_type=2 2 2 2 2 2 2 2 2 2 2 2 2 2
left_child=1 2 -1 8 -5 -6 13 -8 -4 10 -9 -11 -10 -3
right_child=-2 6 3 4 5 -7 7 9 12 11 -12 -13 -14 -15
leaf_value=0.25749399515966709 0.2744594415152295 -0.18817469864659966 -0.15216739934180434 0.29315078611800216 -0.037711964254821151 0.052937036733214794 0.10420689608484382 0.027704421969299248 0.084802309923475566 -0.12627837509092246 -0.073704098305931262 -0.041108446145480856 -0.046370148332524758 -0.067998102647170683
leaf_weight=14.999999999999998 15.999999999999998 21 26 14.999999999999998 137 251 24 117 15.999999999999998 53 66 113 123 17
leaf_count=15 16 21 26 15 137 251 24 117 16 53 66 113 123 17
internal_value=-0.00303235 -0.0075312 0.0139299 0.00744471 0.0311306 0.0209152 -0.0379817 -0.0280649 -0.0503599 -0.0372025 -0.00886211 -0.068391 -0.0311851 -0.134862
internal_weight=1010 994 583 568 403 388 411 373 165 349 183 166 139 38
internal_count=1010 994 583 568 403 388 411 373 165 349 183 166 139 38
is_linear=0
shrinkage=0.05


Tree=74
num_leaves=13
num_cat=0
split_feature=109 0 35 11 32 103 22 21 24 19 48 59
split_gain=546.783 1855.65 215.256 282.91 269.761 563.063 256.525 232.253 163.754 106.086 100.401 97.4125
threshold=0.061666666666666099 1826.0000000000002 -13.991666666666664 19.750000000000004 4.5000000000000009 12.750000000000002 0.18500000000000003 69.800000000000011 34.850000000000009 5.535000000000001 6.785000000000001 32.95000000000001
decision_type=2 2 2 2 2 2 2 2 2 2 2 2
left_child=2 -2 -1 9 5 -5 -7 8 -6 11 -3 -4
right_child=1 10 3 4 7 6 -8 -9 -10 -11 -12 -13
leaf_value=0.15510967083626392 0.49568109594817672 0.0050813128893875941 -0.01344047426806446 0.28519750787176895 -0.10407685693120999 -0.0059739789235107492 0.1313053332192971 -0.22244877716563397 -0.013540365457235123 -0.23556381738343779 -0.1614008022935351 -0.16507177402445783
leaf_weight=19 23 18 24 20 56 262 39 14.999999999999998 458 14.999999999999998 18 19
leaf_count=19 23 18 24 20 56 262 39 15 458 15 18 19
internal_value=-0.00158215 0.145869 -0.010987 -0.0144847 -0.00718127 0.0289652 0.0118341 -0.0291259 -0.0234323 -0.121236 -0.0782377 -0.0807839
internal_weight=986 59 927 908 850 321 301 529 514 58 36 43
internal_count=986 59 927 908 850 321 301 529 514 58 36 43
is_linear=0
shrinkage=0.05


Tree=75
num_leaves=16
num_cat=0
split_feature=119 45 74 3 45 27 70 90 33 37 65 33 114 45 75
split_gain=543.615 304.427 233.787 258.585 296.772 528.135 185.192 182.524 332.264 103.668 92.1161 76.5804 72.0523 64.2972 74.4524
threshold=2.3425000000000007 0.034166666666666685 10.916666666666666 4.5000000000000009 -0.014166666666666659 6.4500000000000002 0.024999999999999915 36.350000000000001 0.64583333333333337 -1.4749999999999976 43.600000000000009 -0.71416666666666628 3.5000000000000004 0.0083333333333333193 5.5000000000000009
decision_type=2 2 2 2 2 2 2 2 2 2 2 2 2 2 2
left_child=1 2 3 4 6 -6 -1 8 -5 -9 11 -4 -13 14 -12
right_child=-2 -3 10 7 5 -7 -8 9 -10 -11 13 12 -14 -15 -16
leaf_value=-0.057361717260017632 0.27880392600918374 0.21016584501503421 -0.18010873715609116 0.25008463677487625 0.31429820912378154 0.041900684555736908 0.060780919435355255 -0.13471486748698652 -0.081583234430938373 -0.034220769456413717 0.048024249127412807 -0.032166115307472605 -0.10318632056500683 0.07369680013610512 -0.059242441035038534
leaf_weight=118 17 15.999999999999998 14.999999999999998 15.000000000000002 19 263 46 29 14.999999999999998 222 22 87 61 18 60
leaf_count=118 17 16 15 15 19 263 46 29 15 222 22 87 61 18 60
internal_value=-0.000739436 -0.00549554 -0.0090069 0.00560237 0.0292754 0.0603763 -0.0241768 -0.0319504 0.0843645 -0.0459006 -0.0493965 -0.0725689 -0.0615216 -0.0115407 -0.0303792
internal_weight=1023 1006 990 727 446 282 164 281 30 251 263 163 148 100 82
internal_count=1023 1006 990 727 446 282 164 281 30 251 263 163 148 100 82
is_linear=0
shrinkage=0.05


Tree=76
num_leaves=17
num_cat=0
split_feature=61 52 94 3 39 64 48 84 107 17 17 104 4 35 96 17
split_gain=475.038 1560.13 296.685 266.235 310.214 710.753 217.998 306.685 155.029 151.652 233.423 154.518 237.645 180.206 132.75 78.1463
threshold=0.20500000000000004 4.7150000000000007 7.2250000000000005 3.5000000000000004 -0.58583333333333287 39.650000000000006 6.8050000000000006 0.0016666666666666915 56.500000000000007 27.050000000000004 25.350000000000005 43.600000000000009 7.5000000000000009 -5.7833333333333359 45.650000000000013 22.050000000000004
decision_type=2 2 2 2 2 2 2 2 2 2 2 2 2 2 2 2
left_child=2 -2 3 4 5 -1 8 -8 -6 10 15 13 -13 -11 -7 -5
right_child=1 -3 -4 9 6 14 7 -9 -10 11 -12 12 -14 -15 -16 -17
leaf_value=0.33253790828811219 -0.058802235503001565 0.57143867813198779 -0.227816243124324 -0.058349354577798496 -0.052354624498040986 0.11783765690368518 -0.0040280701780158511 0.12700786947169276 0.06199681171915207 -0.17715595587345453 0.16680130173211993 0.18372240723056271 -0.031582863897143508 -0.048132613968356913 -0.054621742744683482 0.040175281578616537
leaf_weight=25 28 14.999999999999998 14.999999999999998 47 165 17 126 69 36 30 22 17 51 274 32 35
leaf_count=25 28 15 15 47 165 17 126 69 36 30 22 17 51 274 32 35
internal_value=-0.000639582 0.161749 -0.00792694 -0.00441133 0.022274 0.116172 0.00468983 0.0423542 -0.0318283 -0.0307699 0.0225572 -0.0456941 0.0223608 -0.0609357 0.00522741 -0.0162375
internal_weight=1004 43 961 946 470 74 396 195 201 476 104 372 68 304 49 82
internal_count=1004 43 961 946 470 74 396 195 201 476 104 372 68 304 49 82
is_linear=0
shrinkage=0.05


Tree=77
num_leaves=12
num_cat=0
split_feature=109 70 45 25 37 119 61 114 0 74 23
split_gain=468.836 2057.58 345.285 236.03 302.789 230.827 433.912 169.363 165.224 174.458 75.3668
threshold=0.061666666666666099 0.00083333333333346371 0.034166666666666685 8.2000000000000011 -6.724999999999997 -0.35749999999999987 0.18500000000000003 3.5000000000000004 881.00000000000011 8.6583333333333368 72.850000000000009
decision_type=2 2 2 2 2 2 2 2 2 2 2
left_child=2 10 3 -1 8 6 -6 -7 -5 -10 -2
right_child=1 -3 -4 4 5 7 -8 -9 9 -11 -12
leaf_value=0.15169497016040495 -0.18126113150986084 0.50368658786567 0.2273721612841878 -0.26082393198169229 0.0046463156635184952 0.0043948684921399118 0.20081380161721687 -0.04701144261965385 -0.1470295453872377 0.022617016725556147 -0.035308835948284586
leaf_weight=21 15.999999999999998 23 14.999999999999998 14.999999999999998 163 298 34 346 36 26 20
leaf_count=21 16 23 15 15 163 298 34 346 36 26 20
internal_value=-0.00133714 0.135316 -0.00980694 -0.0136249 -0.0174283 -0.00872665 0.0386127 -0.0232193 -0.112269 -0.0758851 -0.100637
internal_weight=1013 59 954 939 918 841 197 644 77 62 36
internal_count=1013 59 954 939 918 841 197 644 77 62 36
is_linear=0
shrinkage=0.05


Tree=78
num_leaves=18
num_cat=0
split_feature=119 77 111 109 33 84 78 98 53 23 10 51 12 21 32 117 28
split_gain=483.603 214.313 423.091 286.408 344.126 673.263 216.855 239.189 150.794 158.683 493.737 192.513 127.862 115.413 102.098 106.125 46.8263
threshold=2.46 4.5000000000000009 -0.99166666666666659 -0.034999999999999691 0.82916666666666716 0.0033333333333333414 0.68750000000000011 37.050000000000004 29.350000000000005 64.500000000000014 4.8550000000000013 59.70000000000001 38.050000000000004 44.750000000000007 2.5000000000000004 0.25750000000000034 6.0500000000000016
decision_type=2 2 2 2 2 2 2 2 2 2 2 2 2 2 2 2 2
left_child=1 2 -1 4 5 -4 12 -8 16 10 11 -10 -5 -6 -11 -16 -3
right_child=-2 8 3 6 13 -7 7 -9 9 14 -12 -13 -14 -15 15 -17 -18
leaf_value=0.21049069917521712 0.27927533431558421 -0.16747612500511319 0.036976863629765204 -0.14272597423528297 0.074517962623101008 0.3559339166924172 0.011521367191367439 0.23220982872736379 0.078983045432401533 -0.13693682118570163 0.29809981513497058 -0.13257825915173535 -0.025240760798203102 -0.065439409554815614 -0.0032704548578429572 -0.066180294496755721 -0.05693176414655602
leaf_weight=26 14.999999999999998 25 53 25 22 24 52 15.999999999999998 20 24 14.999999999999998 23 305 44 161 115 15.999999999999998
leaf_count=26 15 25 53 25 22 24 52 16 20 24 15 23 305 44 161 115 16
internal_value=-0.00149278 -0.00588617 0.013863 0.00436687 0.0650416 0.13679 -0.0174316 0.0637862 -0.0339598 -0.0235216 0.0520879 -0.0341067 -0.0341968 -0.0186692 -0.0381686 -0.0295155 -0.124702
internal_weight=981 966 567 541 143 77 398 68 399 358 58 43 330 66 300 276 41
internal_count=981 966 567 541 143 77 398 68 399 358 58 43 330 66 300 276 41
is_linear=0
shrinkage=0.05


Tree=79
num_leaves=19
num_cat=0
split_feature=119 114 65 89 70 44 90 64 14 68 90 31 24 17 10 53 70 14
split_gain=470.097 218.061 426.975 575.983 919.097 301.425 194.909 210.969 274.712 181.695 370.007 166.124 150.607 139.929 83.0645 81.097 47.0295 32.9243
threshold=2.46 3.5000000000000004 15.750000000000002 19.050000000000004 0.0033333333333334107 5.5000000000000009 47.050000000000004 39.000000000000007 12.600000000000001 49.500000000000007 47.45000000000001 -0.026666666666666835 54.150000000000013 44.350000000000001 4.4850000000000012 19.900000000000002 0.0075000000000002851 45.550000000000004
decision_type=2 2 2 2 2 2 2 2 2 2 2 2 2 2 2 2 2 2
left_child=1 2 3 -1 -5 9 15 8 -8 10 -4 -11 -10 14 -9 -3 -17 -15
right_child=-2 6 5 4 -6 -7 7 13 12 11 -12 -13 -14 17 -16 16 -18 -19
leaf_value=-0.056930838322452215 0.27737978009988146 -0.18281645886136288 -0.031801367599643048 0.027464454292510598 0.57184452704641209 0.18438184708356858 0.18799507780952962 0.074497233753838724 -0.030253138707548179 -0.052450855984900846 0.24914153133755301 0.017652785225778744 0.059173881337448823 -0.094533234056682208 -0.039978901847256491 -0.12496012338739358 -0.0033737018922267597 -0.19657461723152378
leaf_weight=19 14.999999999999998 24 28 16.000000000000004 14.999999999999998 22 22 17 129 174 20 164 74 18 213 14.999999999999998 17 14.999999999999998
leaf_count=19 15 24 28 16 15 22 22 17 129 174 20 164 74 18 213 15 17 15
internal_value=0.0004725 -0.00369509 0.0217174 0.159474 0.292027 0.00478827 -0.0250994 -0.0149378 0.0205855 -0.00547979 0.0854288 -0.0184261 0.00233434 -0.0453437 -0.0314672 -0.113377 -0.0607348 -0.14152
internal_weight=1017 1002 458 50 31 408 544 488 225 386 48 338 203 263 230 56 32 33
internal_count=1017 1002 458 50 31 408 544 488 225 386 48 338 203 263 230 56 32 33
is_linear=0
shrinkage=0.05


Tree=80
num_leaves=23
num_cat=0
split_feature=109 0 77 36 115 26 12 70 68 99 88 39 14 72 37 33 9 47 0 48 102 9
split_gain=464.859 2093.84 265.988 377.676 592.487 338.483 265.144 148.436 234.008 149.368 114.216 107.841 165.994 274.281 126.443 126.228 92.5891 83.5212 75.9087 66.8694 41.1954 36.8505
threshold=0.061666666666666099 1777.0000000000002 4.5000000000000009 4.5000000000000009 -12.133333333333333 10.150000000000002 38.95000000000001 -0.034999999999999691 47.500000000000007 45.650000000000013 5.1750000000000007 -2.0941666666666667 25.150000000000002 0.61833333333333329 -1.1916666666666662 0.042499999999999989 6.7150000000000007 1.5000000000000002 2907.5000000000005 6.785000000000001 47.20000000000001 6.7650000000000006
decision_type=2 2 2 2 2 2 2 2 2 2 2 2 2 2 2 2 2 2 2 2 2 2
left_child=2 -2 3 4 -1 -6 -7 10 -9 -10 21 17 13 -13 18 -16 -15 -4 -14 -3 -12 -5
right_child=1 19 11 7 5 6 -8 8 9 -11 20 12 14 16 15 -17 -18 -19 -20 -21 -22 -23
leaf_value=0.36099253463448944 0.55360646873842279 -0.010401687642354615 -0.17382425958932191 -0.19314181338872341 0.25803101188475974 -0.095978764841111175 0.055531051100731303 0.19651140941689349 -0.065659672063654348 0.021027556860604497 -0.052178447385158325 0.22172974362876846 -0.1874078404371656 -0.11876578221208607 0.10768334289260258 -0.041817117472703565 0.028057265732527745 -0.022954582062778096 -0.042111010005734618 -0.14324659708282711 0.03405772436816263 -0.093421682047432869
leaf_weight=15.999999999999998 20 19 24 14.999999999999998 17 36 144 14.999999999999998 73 155 40 15.999999999999998 23 14.999999999999998 14.999999999999998 215 37 14.999999999999998 14.999999999999998 19 21 26
leaf_count=16 20 19 24 15 17 36 144 15 73 155 40 16 23 15 15 215 37 15 15 19 21 26
internal_value=0.00361476 0.14084 -0.00492468 0.0169539 0.0692938 0.045406 0.0251649 -0.0153564 0.00587813 -0.00672226 -0.0659499 -0.0374892 -0.0283143 0.0413717 -0.0460233 -0.0320028 -0.0143462 -0.116132 -0.130446 -0.077157 -0.0224016 -0.130407
internal_weight=991 58 933 558 213 197 180 345 243 228 102 375 336 68 268 230 52 39 38 38 61 41
internal_count=991 58 933 558 213 197 180 345 243 228 102 375 336 68 268 230 52 39 38 38 61 41
is_linear=0
shrinkage=0.05


Tree=81
num_leaves=13
num_cat=0
split_feature=94 21 84 14 86 101 14 16 1 112 88 27
split_gain=406.388 368.567 232.62 402.461 864.963 260.381 213.637 213.414 175.413 135.336 161.926 135.8
threshold=7.3400000000000007 72.000000000000014 0.00083333333333335269 19.100000000000005 1.5000000000000002 93.65000000000002 8.0000000000000018 3.7950000000000004 6.5000000000000009 3.5000000000000004 4.6250000000000009 4.9000000000000012
decision_type=2 2 2 2 2 2 2 2 2 2 2 2
left_child=1 2 8 4 6 7 -4 -5 9 11 -11 -1
right_child=-2 -3 3 5 -6 -7 -8 -9 -10 10 -12 -13
leaf_value=0.14306265794678238 0.26216163864198905 0.23804458261276623 -0.068775669275682211 -0.17518340119144371 0.47432142089534279 0.20274077217493738 0.17302970887217303 0.0061786968256865591 0.11757166332684421 -0.16028629959623819 -0.039522856346772953 -0.011617480126664722
leaf_weight=14.999999999999998 14.999999999999998 15.999999999999998 23 17 14.999999999999998 15.999999999999998 14.999999999999998 315 21 31 263 235
leaf_count=15 15 16 23 17 15 16 15 315 21 31 263 235
internal_value=0.00474297 0.000779524 -0.00316939 0.0259454 0.154167 0.00636426 0.0267462 -0.00314281 -0.0238429 -0.0293317 -0.0523236 -0.00226319
internal_weight=997 982 966 401 53 348 38 332 565 544 294 250
internal_count=997 982 966 401 53 348 38 332 565 544 294 250
is_linear=0
shrinkage=0.05


Tree=82
num_leaves=16
num_cat=0
split_feature=112 24 95 95 0 24 4 32 73 64 31 40 23 37 54
split_gain=394.437 1851.46 295.98 222.416 349.812 193.793 205.636 363.212 314.631 241.406 169.221 157.21 115.944 113.229 72.1318
threshold=1.5000000000000002 31.550000000000004 51.150000000000013 32.050000000000004 2563.0000000000005 16.650000000000002 8.5000000000000018 5.5000000000000009 5.5000000000000009 22.450000000000003 -0.024999999999999908 3.5000000000000004 64.500000000000014 -6.2583333333333249 45.600000000000009
decision_type=2 2 2 2 2 2 2 2 2 2 2 2 2 2 2
left_child=1 -1 5 4 -3 14 7 8 -7 -8 -4 -5 -9 -11 -2
right_child=2 3 10 11 -6 6 9 12 -10 13 -12 -13 -14 -15 -16
leaf_value=0.60412746256353056 -0.18100283905048276 0.24988649314609021 -0.2540139675140381 0.0029144357333085714 -0.060962964897944449 0.08425863235542369 0.12396765427965346 -0.17536772706650741 -0.023549950522218137 -0.16936503783886475 -0.02899286496816882 -0.18598262733517432 -0.028718416753408971 -0.033256093529601349 -0.040324488866050341
leaf_weight=14.999999999999998 20 18 19 28 18 223 24 14.999999999999998 97 15.999999999999998 14.999999999999998 18 128 312 17
leaf_count=15 20 18 19 28 18 223 24 15 97 16 15 18 128 312 17
internal_value=-0.000324055 0.0953393 -0.0108126 0.00158497 0.0945849 -0.00502473 5.66009e-05 0.0219597 0.0515664 -0.0287372 -0.155263 -0.0711364 -0.044248 -0.0399604 -0.116785
internal_weight=983 97 886 82 36 852 815 463 320 352 34 46 143 328 37
internal_count=983 97 886 82 36 852 815 463 320 352 34 46 143 328 37
is_linear=0
shrinkage=0.05


Tree=83
num_leaves=14
num_cat=0
split_feature=112 10 96 24 26 55 66 14 113 94 0 90 59
split_gain=386.056 1794.12 248.619 142.14 183.16 242.479 147.233 319.167 156.96 124.328 209.408 69.906 48.2438
threshold=1.5000000000000002 4.9500000000000011 79.100000000000009 16.650000000000002 10.150000000000002 5.2150000000000007 13.700000000000001 58.000000000000007 1.0249999999999988 5.4150000000000009 2046.5000000000002 38.95000000000001 33.550000000000004
decision_type=2 2 2 2 2 2 2 2 2 2 2 2 2
left_child=1 -1 3 11 5 -5 7 -6 -8 10 -3 -2 -11
right_child=2 9 -4 4 6 -7 8 -9 -10 12 -12 -13 -14
leaf_value=0.575953984186516 -0.18395038021277196 0.16882766048242981 -0.20579073303234507 0.25938060108004818 0.0094535722319619778 -0.00058314573710860167 0.0086606934486029279 0.24069513610060911 -0.043379402278216898 -0.021240015476200712 -0.042946153333931592 -0.037835365002266842 -0.14012084307260073
leaf_weight=15.999999999999998 15.999999999999998 21 15.999999999999998 14.999999999999998 205 22 250 15.999999999999998 344 20 26 17 14.999999999999998
leaf_count=16 16 21 16 15 205 22 250 16 344 20 26 17 15
internal_value=-0.000798991 0.0933892 -0.0110584 -0.00750934 -0.0035535 0.105088 -0.0085041 0.0263189 -0.0214708 -0.00129574 0.0517276 -0.109172 -0.0725854
internal_weight=999 98 901 885 852 37 815 221 594 82 47 33 35
internal_count=999 98 901 885 852 37 815 221 594 82 47 33 35
is_linear=0
shrinkage=0.05


Tree=84
num_leaves=14
num_cat=0
split_feature=96 32 39 78 27 21 65 19 25 72 84 72 95
split_gain=449.069 206.468 436.735 377.96 580.07 209.695 193.783 388.689 146.128 143.194 144.983 177.399 72.4458
threshold=75.250000000000014 4.5000000000000009 -3.9274999999999998 -1.3841666666666665 21.950000000000003 68.700000000000003 45.050000000000004 5.1050000000000013 7.3500000000000005 -1.0000000000000002 0.0033333333333333136 -0.70083333333333309 48.850000000000001
decision_type=2 2 2 2 2 2 2 2 2 2 2 2 2
left_child=1 2 -1 4 -4 9 8 -8 -5 -3 12 -12 -11
right_child=-2 5 3 6 -6 -7 7 -9 -10 10 11 -13 -14
leaf_value=0.27585625970585748 0.23334062016425441 -0.13684527192977203 0.0010461362802081091 0.12538155289675226 0.35609173047604986 -0.19354487122422426 -0.078060305494183913 0.15100871565714946 -0.034376186983704697 -0.030147136998689018 0.14058309007307579 0.00038141861294893934 -0.13630154997284646
leaf_weight=15.999999999999998 20 25 29 14.999999999999998 19 18 30 48 272 280 26 167 17
leaf_count=16 20 25 29 15 19 18 30 48 272 280 26 167 17
internal_value=-0.000558357 -0.00545007 0.02036 0.0103854 0.142137 -0.0262333 -0.00696137 0.0628541 -0.0259683 -0.0203394 -0.0143583 0.0193576 -0.036284
internal_weight=982 962 429 413 48 533 365 78 287 515 490 193 297
internal_count=982 962 429 413 48 533 365 78 287 515 490 193 297
is_linear=0
shrinkage=0.05


Tree=85
num_leaves=14
num_cat=0
split_feature=61 10 96 103 77 4 25 60 70 102 111 17 107
split_gain=301.817 1382.14 259.949 194.807 462.491 188.973 212.596 179.211 161.272 150.596 167.477 61.296 31.5735
threshold=0.20500000000000004 5.4050000000000011 79.100000000000009 12.750000000000002 2.5000000000000004 2.5000000000000004 9.7500000000000018 60.850000000000001 0.016666666666667055 25.500000000000004 0.42083333333333367 32.050000000000004 53.500000000000007
decision_type=2 2 2 2 2 2 2 2 2 2 2 2 2
left_child=2 -2 3 4 -1 9 -7 -8 11 12 -11 -6 -5
right_child=1 -3 -4 5 8 6 7 -9 -10 10 -12 -13 -14
leaf_value=0.30093417084007934 0.51097606238939908 -0.090074121326893228 -0.20715967513019257 -0.19516553178394294 0.017643272673121151 0.1832820584195734 -0.013281519006026058 0.077396316272277527 0.11090597225896393 0.027724837992994879 -0.12709810795839147 -0.11051896948080796 -0.099913477601471887
leaf_weight=17 14.999999999999998 26 15.999999999999998 21 15.999999999999998 14.999999999999998 697 59 23 46 28 22 15.999999999999998
leaf_count=17 15 26 16 21 16 15 697 59 23 46 28 22 16
internal_value=-0.00231323 0.130409 -0.00790655 -0.00455923 0.0711202 -0.0112649 -0.00247292 -0.0061889 0.00660418 -0.0722317 -0.0308818 -0.05652 -0.154491
internal_weight=1017 41 976 960 78 882 771 756 61 111 74 38 37
internal_count=1017 41 976 960 78 882 771 756 61 111 74 38 37
is_linear=0
shrinkage=0.05


Tree=86
num_leaves=17
num_cat=0
split_feature=119 3 35 11 22 24 37 33 96 79 99 87 65 90 65 113
split_gain=406.011 241.307 256.93 184.995 197.599 484.532 193.023 132.661 116.95 70.4919 89.2558 54.5567 56.327 44.8903 39.0785 35.5034
threshold=2.46 5.5000000000000009 -12.758333333333335 19.750000000000004 0.19500000000000003 41.000000000000007 -6.9083333333333306 -0.13499999999999976 43.350000000000001 3.5000000000000004 54.750000000000007 6.7750000000000012 29.300000000000001 46.600000000000009 34.650000000000013 1.1833333333333338
decision_type=2 2 2 2 2 2 2 2 2 2 2 2 2 2 2 2
left_child=1 2 -1 8 6 -6 -5 -3 -4 11 13 12 -9 -11 -13 -10
right_child=-2 7 3 4 5 -7 -8 9 15 10 -12 14 -14 -15 -16 -17
leaf_value=0.1513060475261146 0.25524801615847664 -0.17731268241719048 0.011702921384980219 -0.11731671574792833 0.33359495069806944 -0.055123298384292779 0.0063800306207147861 0.030384751839667375 -0.099157065725484411 -0.092205457704000737 0.088726712101035637 -0.17737657389917427 -0.10176799189970359 -0.0082437669433856105 -0.066835584469287598 -0.20996807671540618
leaf_weight=29 14.999999999999998 21 15.999999999999998 33 14.999999999999998 17 668 15.999999999999998 15.000000000000002 25 17 18 15.999999999999998 44 14.999999999999998 14.999999999999998
leaf_count=29 15 21 16 33 15 17 668 16 15 25 17 18 16 44 15 15
internal_value=-0.0020391 -0.00600792 0.00543574 -6.9081e-06 0.00609602 0.127404 0.000533897 -0.0597675 -0.0971664 -0.0432805 -0.0134806 -0.08255 -0.035647 -0.0388264 -0.127635 -0.155242
internal_weight=995 980 808 779 733 32 701 172 46 151 86 65 32 69 33 30
internal_count=995 980 808 779 733 32 701 172 46 151 86 65 32 69 33 30
is_linear=0
shrinkage=0.05


Tree=87
num_leaves=12
num_cat=0
split_feature=95 21 35 56 28 111 47 19 1 69 62
split_gain=511.321 179.018 166.052 534.868 155.056 262.546 345.233 130.076 138.187 126.276 111.832
threshold=57.750000000000007 72.000000000000014 -12.758333333333335 37.550000000000004 13.450000000000001 -0.15583333333333324 1.5000000000000002 5.8950000000000005 6.5000000000000009 5.5000000000000009 68.90000000000002
decision_type=2 2 2 2 2 2 2 2 2 2 2
left_child=1 2 3 -1 7 6 -6 8 -4 -7 -9
right_child=-2 -3 4 -5 5 9 -8 10 -10 -11 -12
leaf_value=0.32017074306279614 0.28127845268442025 0.15303006791278143 -0.020422117931701629 -0.10068901329924236 0.032864554730379157 -0.02213382150907215 0.25056259122626912 -0.1698527329583506 0.13307152390480043 0.092012174237808178 -0.04227978097140031
leaf_weight=15.000000000000002 15.999999999999998 18 500 14.999999999999998 75 228 24 26 14.999999999999998 27 51
leaf_count=15 16 18 500 15 75 228 24 26 15 27 51
internal_value=0.001754 -0.0027682 -0.00566203 0.109939 -0.00934455 0.0168215 0.0858899 -0.0249998 -0.0159168 -0.00999684 -0.0855856
internal_weight=1010 994 976 30 946 354 99 592 515 255 77
internal_count=1010 994 976 30 946 354 99 592 515 255 77
is_linear=0
shrinkage=0.05


Tree=88
num_leaves=18
num_cat=0
split_feature=31 78 95 0 39 74 33 77 68 36 59 52 16 84 39 70 39
split_gain=390.93 1217.45 243.903 226.499 286.656 946.664 1212.08 217.295 347.639 146.695 122.527 117.744 107.994 91.3006 85.0058 67.8159 53.5972
threshold=0.046666666666666419 0.59416666666666684 58.550000000000004 2618.0000000000005 -0.83500000000000008 5.6249999999999973 -0.17416666666666678 4.5000000000000009 50.500000000000007 2.5000000000000004 36.95000000000001 6.3550000000000013 5.6250000000000009 -0.0066666666666666671 -0.28583333333333311 -0.083333333333333023 0.72999999999999943
decision_type=2 2 2 2 2 2 2 2 2 2 2 2 2 2 2 2 2
left_child=2 -2 3 4 5 6 -1 8 -6 14 15 -9 -12 -7 -5 -11 -16
right_child=1 -3 -4 9 7 13 -8 11 -10 10 12 -13 -14 -15 16 -17 -18
leaf_value=0.63609734619690095 0.50881061513494974 -0.044561418345601289 -0.19468817643832134 -0.20073195965085899 0.14599281739873662 0.016116437033454389 0.028155444718856178 -0.087901001089451536 0.004035665419655817 0.062033268116069157 -0.0063893233988555898 -0.0061963126321995902 0.11945668801479814 -0.13469245677219011 0.0043374721429600615 -0.047408755607431241 -0.12313430639426351
leaf_weight=14.999999999999998 14.999999999999998 29 17 18 51 21 18 79 277 14.999999999999998 58 100 24 19 14.999999999999998 221 18
leaf_count=15 15 29 17 18 51 21 18 79 277 15 58 100 24 19 15 221 18
internal_value=-0.00087578 0.144701 -0.00752606 -0.00414789 0.0153291 0.107895 0.305731 0.00197258 0.0261613 -0.0347715 -0.0221084 -0.0423128 0.0304834 -0.0555504 -0.113434 -0.0404082 -0.0652035
internal_weight=1010 44 966 949 580 73 33 507 328 369 318 179 82 40 51 236 33
internal_count=1010 44 966 949 580 73 33 507 328 369 318 179 82 40 51 236 33
is_linear=0
shrinkage=0.05


Tree=89
num_leaves=16
num_cat=0
split_feature=119 56 72 21 27 58 39 111 98 3 65 49 104 120 113
split_gain=373.523 219.209 226.575 467.103 269.365 320.683 202.772 181.679 178 162.607 120.436 118.467 93.4484 62.7653 57.649
threshold=2.46 45.550000000000004 -0.21166666666666642 65.550000000000011 19.250000000000004 4.9750000000000005 -4.0858333333333325 1.3141666666666663 36.650000000000013 5.5000000000000009 44.600000000000001 4.2650000000000006 36.500000000000007 3.5000000000000004 -0.058333333333330011
decision_type=2 2 2 2 2 2 2 2 2 2 2 2 2 2 2
left_child=1 2 3 4 5 -1 -4 -6 9 -8 -10 -3 14 -14 -13
right_child=-2 11 6 -5 7 -7 8 -9 10 -11 -12 12 13 -15 -16
leaf_value=0.29009381684150487 0.24538047550529837 -0.20780982540192589 0.15349910830595215 0.31562989800181618 -0.034888880709734969 0.039774961137717543 0.016177370295683498 0.14422473346594697 -0.076738162739784843 -0.057142804242419847 0.010469800131062218 0.068422540046318231 -0.043290302815318808 -0.17789419108991467 -0.053844147765528566
leaf_weight=18 14.999999999999998 14.999999999999998 18 14.999999999999998 117 44 369 15.999999999999998 155 95 53 17 17 18 22
leaf_count=18 15 15 18 15 117 44 369 16 155 95 53 17 17 18 22
internal_value=-0.00141566 -0.00518827 0.0022123 0.0476788 0.0268903 0.112879 -0.011623 -0.0132116 -0.0160755 0.00114585 -0.0544985 -0.0800001 -0.0537797 -0.112967 -0.000381847
internal_weight=1004 989 900 210 195 62 690 133 672 464 208 89 74 35 39
internal_count=1004 989 900 210 195 62 690 133 672 464 208 89 74 35 39
is_linear=0
shrinkage=0.05


Tree=90
num_leaves=15
num_cat=0
split_feature=24 27 119 64 27 88 0 68 105 84 65 117 11 25
split_gain=442.603 1371.36 254.107 164.36 321.715 215.75 271.246 171.188 108.311 238.093 101.896 76.126 99.2922 84.9375
threshold=16.850000000000005 13.700000000000001 1.9708333333333337 42.20000000000001 4.4000000000000012 4.3650000000000011 1133.0000000000002 55.500000000000007 17.350000000000005 0.0099999999999999967 52.750000000000007 1.9533333333333334 43.050000000000004 22.450000000000003
decision_type=2 2 2 2 2 2 2 2 2 2 2 2 2 2
left_child=1 -1 3 4 -2 7 -7 -6 9 10 -5 13 -13 -10
right_child=2 -3 -4 8 5 6 -8 -9 11 -11 -12 12 -14 -15
leaf_value=-0.06002192723340001 0.20637895522100666 0.53872937687382805 -0.16819628422685681 -0.035247705539917455 -0.10270253818276745 0.088066417810191755 -0.0032085104020083202 0.063596499281291338 -0.1725658233213869 0.15537071044628437 0.082632565477165562 0.11453256916920872 -0.055090623063531088 -0.052358168051178079
leaf_weight=26 21 14.999999999999998 24 139 67 113 290 20 15.999999999999998 22 21 14.999999999999998 20 178
leaf_count=26 21 15 24 139 67 113 290 20 16 22 21 15 20 178
internal_value=-0.000933154 0.15969 -0.00791603 -0.00372067 0.0152046 0.00696077 0.0223878 -0.0643863 -0.0272608 0.00150623 -0.0197027 -0.0501361 0.0175818 -0.0623818
internal_weight=987 41 946 922 511 490 403 87 411 182 160 229 35 194
internal_count=987 41 946 922 511 490 403 87 411 182 160 229 35 194
is_linear=0
shrinkage=0.05


Tree=91
num_leaves=14
num_cat=0
split_feature=95 21 4 89 14 68 100 103 117 100 37 16 113
split_gain=278.22 222.898 138.673 223.024 504.209 256.568 200.414 167.001 153.054 143.35 130.701 99.0145 47.3004
threshold=53.45000000000001 72.000000000000014 8.5000000000000018 36.650000000000013 18.900000000000002 49.500000000000007 0.19500000000000003 18.900000000000002 -0.99833333333333318 0.19500000000000003 -0.96666666666666845 5.535000000000001 7.9416666666666709
decision_type=2 2 2 2 2 2 2 2 2 2 2 2 2
left_child=1 2 3 6 -5 -6 7 -1 -8 10 12 -12 -4
right_child=-2 -3 9 4 5 -7 8 -9 -10 -11 11 -13 -14
leaf_value=0.069569406975623665 0.15412457283727085 0.18177024185287285 -0.13977422776459161 0.2677887002214851 0.20687874670614279 0.0025614017376371276 0.022380359187654783 -0.016152955996373813 -0.13555637623021705 0.11806966043222022 -0.044577182998021277 0.010727822602741214 -0.033381207080076865
leaf_weight=76 29 15.999999999999998 36 24 17 152 22 224 50 15.999999999999998 206 133 14.999999999999998
leaf_count=76 29 16 36 24 17 152 22 224 50 16 206 133 15
internal_value=0.00174842 -0.00273879 -0.00580266 0.0102079 0.0538111 0.0232538 -0.0124091 0.00556266 -0.0872645 -0.0280928 -0.0341307 -0.0228678 -0.108707
internal_weight=1016 987 971 565 193 169 372 300 72 406 390 339 51
internal_count=1016 987 971 565 193 169 372 300 72 406 390 339 51
is_linear=0
shrinkage=0.05


Tree=92
num_leaves=20
num_cat=0
split_feature=33 115 39 67 95 70 76 104 45 41 103 35 4 105 0 4 70 59 102
split_gain=317.451 1776.26 555.621 185.329 172.149 132.59 270.049 556.474 608.251 180.893 132.312 130.932 119.973 117.355 112.882 92.4499 82.2613 66.3246 22.8435
threshold=-0.46500000000000025 -5.8583333333333334 -1.7899999999999996 19.100000000000005 54.300000000000004 -0.016666666666667048 -6.325000000000002 31.900000000000002 -0.015833333333333321 0.16499999999999962 11.300000000000002 17.875 3.5000000000000004 18.150000000000002 1343.5000000000002 5.5000000000000009 -0.086666666666666434 34.550000000000004 38.600000000000009
decision_type=2 2 2 2 2 2 2 2 2 2 2 2 2 2 2 2 2 2 2
left_child=1 -1 -3 17 5 11 7 8 -7 -9 -8 13 -12 14 -2 -13 -15 -4 -17
right_child=4 2 3 -5 -6 6 10 9 -10 -11 12 15 -14 16 -16 18 -18 -19 -20
leaf_value=0.55041886955848207 0.093661702810232006 0.24672708198951004 -0.085140040866979405 0.043118724755910567 -0.14871322542287727 0.0082544397747977664 0.10016537354563054 -0.081465191420147048 0.39628468097804426 0.12459535796121257 -0.07308789298893266 -0.19879524833667353 0.0001091389997077797 0.060707973017247376 -0.0075462542394052591 -0.095047578497312546 -0.058880104689978167 -0.21276480110350604 -0.019986244054484709
leaf_weight=17 36 17 29 23 21 18 28 36 23 14.999999999999998 67 15.999999999999998 337 15.999999999999998 116 20 133 15.999999999999998 21
leaf_count=17 36 17 29 23 21 18 28 36 23 15 67 16 337 16 116 20 133 16 21
internal_value=0.00187581 0.0854471 -0.008026 -0.0720565 -0.00756702 -0.00418425 0.0118323 0.0895665 0.226486 -0.0206361 -0.00472752 -0.0276382 -0.0120327 -0.0144453 0.016437 -0.0970713 -0.0459728 -0.131 -0.0568654
internal_weight=1005 102 85 68 903 882 524 92 41 51 432 358 404 301 152 57 149 45 41
internal_count=1005 102 85 68 903 882 524 92 41 51 432 358 404 301 152 57 149 45 41
is_linear=0
shrinkage=0.05


Tree=93
num_leaves=10
num_cat=0
split_feature=61 45 96 62 21 84 107 109 64
split_gain=278.719 1283.44 224.762 244.537 169.888 168.705 265.162 119.594 77.1572
threshold=0.20500000000000004 -0.0066666666666666671 79.100000000000009 30.350000000000005 68.100000000000009 0.00083333333333335269 52.500000000000007 0.048333333333334234 31.550000000000004
decision_type=2 2 2 2 2 2 2 2 2
left_child=2 8 3 -1 5 7 -7 -5 -2
right_child=1 -3 -4 4 -6 6 -8 -9 -10
leaf_value=0.19079528099261456 0.012697001837736721 0.49766821145813989 -0.19080332280686182 -0.011230210302753819 -0.12681359713134818 0.08433294965890592 -0.0073636697752325567 -0.088303870501232451 -0.14705143482085095
leaf_weight=15.999999999999998 15.000000000000002 14.999999999999998 15.999999999999998 493 28 123 219 56 14.999999999999998
leaf_count=16 15 15 16 493 28 123 219 56 15
internal_value=0.000184709 0.121642 -0.00556939 -0.0023742 -0.00576316 -0.00193969 0.0256153 -0.0191158 -0.0672343
internal_weight=996 45 951 935 919 891 342 549 30
internal_count=996 45 951 935 919 891 342 549 30
is_linear=0
shrinkage=0.05


Tree=94
num_leaves=12
num_cat=0
split_feature=109 70 95 45 37 117 73 77 32 58 63
split_gain=328.073 1578.64 230.744 203.956 178.162 130.964 189.151 124.407 148.061 69.8155 49.9305
threshold=0.061666666666666099 0.00083333333333346371 58.550000000000004 0.034166666666666685 -6.724999999999997 0.93416666666666714 4.5000000000000009 5.5000000000000009 4.5000000000000009 4.3750000000000009 45.95000000000001
decision_type=2 2 2 2 2 2 2 2 2 2 2
left_child=2 10 3 4 5 6 -1 8 -6 -9 -2
right_child=1 -3 -4 -5 7 -7 -8 9 -10 -11 -12
leaf_value=-0.21407249706257755 -0.16470858511940534 0.43635526756187537 -0.18897949505967704 0.17863636585260859 0.043494827462947194 0.014254529671445224 -0.034203495377111842 0.064299392207396153 -0.0068171078207459228 -0.048414735431918793 -0.043489440278479112
leaf_weight=27 14.999999999999998 23 17 14.999999999999998 223 28 32 14.999999999999998 424 150 20
leaf_count=27 15 23 17 15 223 28 32 15 424 150 20
internal_value=0.000189176 0.115466 -0.00699866 -0.00358813 -0.00665367 -0.0746125 -0.116824 0.000629762 0.0105201 -0.038105 -0.0959042
internal_weight=989 58 931 914 899 87 59 812 647 165 35
internal_count=989 58 931 914 899 87 59 812 647 165 35
is_linear=0
shrinkage=0.05


Tree=95
num_leaves=9
num_cat=0
split_feature=96 21 24 119 114 101 84 52
split_gain=326.011 317.142 131.087 137.597 134.001 226.333 145.451 109.119
threshold=75.250000000000014 72.000000000000014 16.650000000000002 1.5816666666666666 3.5000000000000004 91.250000000000014 0.013333333333333324 4.9900000000000011
decision_type=2 2 2 2 2 2 2 2
left_child=1 2 7 4 5 -4 -6 -1
right_child=-2 -3 3 -5 6 -7 -8 -9
leaf_value=-0.16855321479329158 0.19653285501692533 0.22527373279167331 0.013679429565096128 -0.13843395176513418 -0.030223373043432578 0.18582583628780214 0.03512987206611614 0.0025730020997131835
leaf_weight=22 21 14.999999999999998 385 18 400 20 108 15.999999999999998
leaf_count=22 21 15 385 18 400 20 108 16
internal_value=0.0020669 -0.00209776 -0.00564549 -0.00191971 0.000781092 0.0222366 -0.0163154 -0.0965512
internal_weight=1005 984 969 931 913 405 508 38
internal_count=1005 984 969 931 913 405 508 38
is_linear=0
shrinkage=0.05


Tree=96
num_leaves=10
num_cat=0
split_feature=96 21 24 35 66 33 80 52 51
split_gain=376.383 239.735 127.758 173.447 485.312 128.808 111.44 78.0395 65.4203
threshold=78.200000000000017 72.000000000000014 16.650000000000002 -12.325000000000001 16.650000000000002 -0.58416666666666595 0.91333333333333411 4.9450000000000012 61.95000000000001
decision_type=2 2 2 2 2 2 2 2 2
left_child=1 2 7 4 -4 8 -7 -1 -5
right_child=-2 -3 3 5 -6 6 -8 -9 -10
leaf_value=-0.16838024695506271 0.24072844760018108 0.18260346560450325 0.31674697973475552 -0.02112980727723103 -0.077876633199753229 0.0025205306162006404 -0.06080107543098591 -0.015487747629549332 -0.15969970924640772
leaf_weight=19 15.999999999999998 17 15.000000000000002 14.999999999999998 15.999999999999998 798 76 14.999999999999998 20
leaf_count=19 16 17 15 15 16 798 76 15 20
internal_value=0.000911562 -0.00297921 -0.00624188 -0.00278724 0.113314 -0.00676422 -0.0029863 -0.101318 -0.100684
internal_weight=1007 991 974 940 31 909 874 34 35
internal_count=1007 991 974 940 31 909 874 34 35
is_linear=0
shrinkage=0.05


Tree=97
num_leaves=9
num_cat=0
split_feature=94 19 61 109 45 25 12 48
split_gain=341.852 158.455 175.456 169.356 196.76 164.45 159.267 74.7396
threshold=7.3400000000000007 6.370000000000001 0.16500000000000004 0.066666666666666 0.034166666666666685 8.2000000000000011 42.45000000000001 6.785000000000001
decision_type=2 2 2 2 2 2 2 2
left_child=1 3 -3 4 5 -1 -7 -5
right_child=-2 2 -4 7 -6 6 -8 -9
leaf_value=0.13413393342452593 0.23052120887680561 0.0039126440481339368 -0.21072070847696334 -0.036847371352252675 0.17816006553094121 -0.062811047069555578 0.00093010722378192474 -0.17398969382789006
leaf_weight=21 14.999999999999998 18 20 20 14.999999999999998 112 778 20
leaf_count=21 15 18 20 20 15 112 778 20
internal_value=-0.00560159 -0.00915691 -0.109178 -0.00520628 -0.000844357 -0.00381646 -0.00709179 -0.105806
internal_weight=1019 1004 38 966 926 911 890 40
internal_count=1019 1004 38 966 926 911 890 40
is_linear=0
shrinkage=0.05


Tree=98
num_leaves=23
num_cat=0
split_feature=95 3 110 65 44 37 63 44 0 53 93 16 78 104 37 84 74 20 111 111 71 104
split_gain=350.004 153.721 229.656 537.323 296.674 244.524 184.585 204.163 250.753 121.606 104.601 199.558 208.612 71.9475 101.263 101.004 89.4777 59.6657 54.013 50.6038 43.9835 38.7258
threshold=53.45000000000001 4.5000000000000009 3.5000000000000004 15.750000000000002 5.5000000000000009 -8.4416666666666664 58.45000000000001 1.5000000000000002 470.50000000000006 19.900000000000002 34.900000000000006 5.2650000000000006 1.0349999999999999 40.250000000000007 -1.5666666666666662 0.0099999999999999967 -12.399999999999999 30.850000000000005 0.35499999999999982 -0.21583333333333374 3.5000000000000004 36.500000000000007
decision_type=2 2 2 2 2 2 2 2 2 2 2 2 2 2 2 2 2 2 2 2 2 2
left_child=1 2 3 -1 5 -5 7 9 -9 -4 11 12 -3 14 17 20 -16 -12 -8 -13 -15 -20
right_child=-2 10 6 4 -6 -7 18 8 -10 -11 13 19 -14 15 16 -17 -18 -19 21 -21 -22 -23
leaf_value=0.29539202107718932 0.17553898664555942 0.21202166747691026 -0.16523125243695427 -0.17620245717141939 0.23375269278236055 0.025932631074979885 -0.037114761973812367 0.18867668130548831 0.010166048340104844 -0.028758050070339165 -0.21600233222425769 -0.12468000120586818 -0.010557114738945711 0.0080335678206241226 -0.15370740465253419 0.095380713240638446 -0.032467419778918989 -0.076021535500236173 -0.18339813095834401 -0.012746809135039014 -0.080393899324321255 -0.076420761765160161
leaf_weight=20 28 20 21 15.999999999999998 15.999999999999998 211 24 22 180 73 15.000000000000002 17 22 27 17 19 142 15.999999999999998 19 25 29 15.999999999999998
leaf_count=20 28 20 21 16 16 211 24 22 180 73 15 17 22 27 17 19 142 16 19 25 29 16
internal_value=0.00158181 -0.00346768 0.0115073 0.0469149 0.0263305 0.0115919 -0.0147161 0.00137476 0.0297163 -0.0594431 -0.0299949 0.0185654 0.0955659 -0.0454077 -0.0617706 -0.00386127 -0.0455501 -0.144392 -0.0953933 -0.0583604 -0.0377318 -0.134994
internal_weight=995 967 618 263 243 227 355 296 202 94 349 84 42 265 190 75 159 31 59 42 56 35
internal_count=995 967 618 263 243 227 355 296 202 94 349 84 42 265 190 75 159 31 59 42 56 35
is_linear=0
shrinkage=0.05


Tree=99
num_leaves=19
num_cat=0
split_feature=94 71 16 17 84 33 96 51 0 84 36 24 66 121 58 80 30 53
split_gain=500.879 179.295 229.87 286.505 335.475 212.818 556.69 163.788 92.5121 88.8385 87.5612 77.6431 75.8433 73.6764 59.9256 55.8089 52.2976 43.5136
threshold=7.1400000000000015 5.5000000000000009 6.0050000000000008 40.45000000000001 -0.0049999999999999897 -0.71416666666666628 49.850000000000009 68.250000000000014 245.00000000000003 0.014166666666666676 3.5000000000000004 58.900000000000006 35.850000000000009 -0.42083333333333334 5.2550000000000008 -0.20249999999999965 4.5000000000000009 48.000000000000007
decision_type=2 2 2 2 2 2 2 2 2 2 2 2 2 2 2 2 2 2
left_child=1 2 3 5 14 6 -1 -7 -3 10 -4 -12 13 -10 -5 -14 -15 -17
right_child=-2 8 9 4 -6 7 -8 -9 12 -11 11 -13 15 16 -16 17 -18 -19
leaf_value=-0.061956193999423342 0.27535317447614965 -0.14843126708612392 -0.13694702102875833 0.080162908146712938 0.25253317295075345 -0.007801543342268802 0.34224224329364966 0.102514391545196 0.019402393708933669 -0.1696701288871143 -0.052421754750417326 0.05906692941015932 0.073674025186599587 -0.08026695295951479 -0.060660794147888553 -0.072042306075167595 0.015865108430940911 0.02602127431791066
leaf_weight=18 15.999999999999998 19 19 15.000000000000002 27 495 15.999999999999998 36 29 15.999999999999998 48 23 23 115 14.999999999999998 22 15.999999999999998 23
leaf_count=18 16 19 19 15 27 495 16 36 29 16 48 23 23 115 15 22 16 23
internal_value=-0.00125021 -0.00582224 0.00666204 0.0182688 0.125011 0.0074711 0.128554 -0.000295188 -0.0426261 -0.0613517 -0.0418727 -0.0162031 -0.0337258 -0.0525215 0.00961734 0.010438 -0.0684843 -0.0218635
internal_weight=991 975 728 622 57 565 34 531 247 106 90 71 228 160 30 68 131 45
internal_count=991 975 728 622 57 565 34 531 247 106 90 71 228 160 30 68 131 45
is_linear=0
shrinkage=0.05


Tree=100
num_leaves=14
num_cat=0
split_feature=64 94 39 98 19 0 94 19 74 50 104 65 74
split_gain=274.503 937.133 203.702 203.303 236.871 217.428 152.532 145.417 149.06 130.338 115.414 100.351 79.6085
threshold=41.800000000000004 6.6900000000000004 -3.8099999999999992 36.350000000000001 6.205000000000001 592.50000000000011 6.8950000000000005 6.6400000000000015 -8.1583333333333297 20.100000000000005 6.9000000000000012 15.550000000000002 -3.9999999999999996
decision_type=2 2 2 2 2 2 2 2 2 2 2 2 2
left_child=1 2 -1 4 5 -4 7 8 -2 -5 -10 -11 -12
right_child=6 -3 3 9 -6 -7 -8 -9 10 11 12 -13 -14
leaf_value=0.19391937616361393 0.10093864993270174 0.40046501167072268 0.12270005886314138 0.066530084633732209 0.20584185979642922 0.0029312480307263121 -0.1842759356988187 -0.17520014387092844 0.098806464482736847 -0.15776022466173245 -0.11143729837339543 -0.039089429797326325 -0.023988035813324284
leaf_weight=14.999999999999998 25 15.999999999999998 44 25 18 270 14.999999999999998 14.999999999999998 18 21 28 117 362
leaf_count=15 25 16 44 25 18 270 15 15 18 21 28 117 362
internal_value=0.000151061 0.0248679 0.0129985 0.00746785 0.0299263 0.0197638 -0.0279175 -0.0226312 -0.0172951 -0.0382355 -0.024575 -0.0572854 -0.0303062
internal_weight=989 526 510 495 332 314 463 448 433 163 408 138 390
internal_count=989 526 510 495 332 314 463 448 433 163 408 138 390
is_linear=0
shrinkage=0.05


Tree=101
num_leaves=12
num_cat=0
split_feature=109 65 119 19 61 13 15 45 95 70 84
split_gain=290.805 1615.11 342.377 218.083 154.933 152.33 307.132 205.446 113.714 65.9348 60.3477
threshold=0.061666666666666099 23.050000000000004 1.9708333333333337 6.3850000000000007 0.16500000000000004 1.9650000000000001 17.950000000000006 0.029999999999999988 35.250000000000007 0.015000000000000126 -0.0099999999999999655
decision_type=2 2 2 2 2 2 2 2 2 2 2
left_child=2 -2 3 5 -5 9 -7 -8 -3 10 -1
right_child=1 8 -4 4 -6 6 7 -9 -10 -11 -12
leaf_value=-0.041376050071821685 0.55214464756851367 -0.11975818241972372 -0.20115535431857562 -0.006791544745249148 -0.20472356426230387 0.22538372077892377 0.0009002493287577723 0.17131256100551859 0.053812154160430094 -0.0075073392155412507 -0.1654462835098284
leaf_weight=18 14.999999999999998 25 22 18 22 15.999999999999998 777 18 14.999999999999998 26 22
leaf_count=18 15 25 22 18 22 16 777 18 15 26 22
internal_value=-0.000126774 0.111507 -0.00668198 -0.00198943 -0.116018 0.00321834 0.00917152 0.00478599 -0.0545727 -0.0697611 -0.109982
internal_weight=994 55 939 917 40 877 811 795 40 66 40
internal_count=994 55 939 917 40 877 811 795 40 66 40
is_linear=0
shrinkage=0.05


Tree=102
num_leaves=9
num_cat=0
split_feature=24 95 94 19 109 101 68 23
split_gain=349.983 1350.33 318.111 152.778 182.915 119.612 115.932 71.3551
threshold=16.850000000000005 32.850000000000001 7.2250000000000005 6.8650000000000011 0.064166666666666497 95.700000000000003 45.500000000000007 75.950000000000017
decision_type=2 2 2 2 2 2 2 2
left_child=1 -1 3 4 5 6 -2 -6
right_child=2 -3 -4 -5 7 -7 -8 -9
leaf_value=-0.091003260334868649 0.11217826815886733 0.50045690706798007 -0.22503040118247086 0.15687191687610669 -0.18233823704789254 0.14106108012966909 -0.0038174492913418713 -0.052058584394191934
leaf_weight=24 22 15.999999999999998 15.999999999999998 14.999999999999998 17 14.999999999999998 850 28
leaf_count=24 22 16 16 15 17 15 850 28
internal_value=0.0013788 0.146114 -0.00464241 -0.000890208 -0.00345122 0.00153754 -0.000872691 -0.101681
internal_weight=1003 40 963 947 932 887 872 45
internal_count=1003 40 963 947 932 887 872 45
is_linear=0
shrinkage=0.05


Tree=103
num_leaves=13
num_cat=0
split_feature=95 56 56 50 58 35 72 27 62 35 119 66
split_gain=522.113 156.981 263.875 199.53 526.135 168.165 129.903 98.2269 75.1693 73.5171 43.5754 36.4441
threshold=57.750000000000007 45.400000000000006 44.750000000000007 16.600000000000005 4.8850000000000007 -12.325000000000001 -1.0533333333333332 14.250000000000002 82.850000000000009 3.7999999999999994 -0.019166666666667439 14.900000000000002
decision_type=2 2 2 2 2 2 2 2 2 2 2 2
left_child=1 2 3 4 -1 -5 -7 -6 9 -3 -10 -11
right_child=-2 8 -4 5 7 6 -8 -9 10 11 -12 -13
leaf_value=0.34683394568250669 0.29686115221274617 -0.17719617455183523 0.21420457029579493 0.12031448647874748 -0.098492244066473847 -0.13515539801245585 -0.0031871443149070716 0.076130078705201235 -0.053223869235727798 -0.11061227463665063 0.060418719757619678 -0.011925144839625789
leaf_weight=14.999999999999998 14.999999999999998 19 14.999999999999998 27 15.999999999999998 19 794 15.999999999999998 19 17 14.999999999999998 21
leaf_count=15 15 19 15 27 16 19 794 16 19 17 15 21
internal_value=0.00505962 0.000617262 0.00693914 0.00340469 0.103549 -0.00220433 -0.00629367 -0.0110602 -0.0619296 -0.0969796 -0.00291065 -0.0563803
internal_weight=1008 993 902 887 47 840 813 32 91 57 34 38
internal_count=1008 993 902 887 47 840 813 32 91 57 34 38
is_linear=0
shrinkage=0.05


Tree=104
num_leaves=12
num_cat=0
split_feature=24 27 94 82 77 27 105 101 94 98 102
split_gain=262.139 1277.47 304.53 124.382 122.843 204.06 441.058 133.211 100.296 74.8439 64.5704
threshold=16.850000000000005 14.900000000000002 7.2250000000000005 -1.0525000000000004 5.5000000000000009 4.4000000000000012 13.450000000000001 93.200000000000003 5.2250000000000005 21.150000000000002 47.350000000000001
decision_type=2 2 2 2 2 2 2 2 2 2 2
left_child=1 -1 3 8 5 6 -5 -7 -2 -6 -11
right_child=2 -3 -4 4 9 7 -8 -9 -10 10 -12
leaf_value=-0.081893388237605322 0.001789886462762489 0.48834805203392018 -0.2241071318987734 0.32837595872531666 0.065555671361847687 -0.0022443832933484575 -0.042510674649860428 0.1037012584998581 -0.16226104500606589 -0.028941696492447367 -0.1000573169673402
leaf_weight=28 15.999999999999998 14.999999999999998 15.999999999999998 14.999999999999998 15.999999999999998 644 17 31 22 125 43
leaf_count=28 16 15 16 15 16 644 17 31 22 125 43
internal_value=-0.00299971 0.117584 -0.00850371 -0.00476131 -0.000972488 0.00849391 0.131668 0.0026285 -0.0932323 -0.0373581 -0.0472223
internal_weight=988 43 945 929 891 707 32 675 38 184 168
internal_count=988 43 945 929 891 707 32 675 38 184 168
is_linear=0
shrinkage=0.05


Tree=105
num_leaves=17
num_cat=0
split_feature=61 52 94 77 68 28 0 32 121 15 33 1 41 102 10 76
split_gain=269.341 1146.04 239.288 162.318 210.913 654.707 478.849 267.603 352.645 156.011 115.739 93.223 92.9246 66.6621 65.1223 83.9541
threshold=0.20500000000000004 4.7550000000000008 7.2250000000000005 4.5000000000000009 50.500000000000007 7.6500000000000012 1777.0000000000002 4.5000000000000009 -0.63750000000000007 52.150000000000013 -0.23333333333333314 2.5000000000000004 0.090833333333333335 37.70000000000001 6.9750000000000005 -2.8499999999999974
decision_type=2 2 2 2 2 2 2 2 2 2 2 2 2 2 2 2
left_child=2 -2 3 4 5 13 -7 8 -6 -9 11 12 -5 -1 15 -12
right_child=1 -3 -4 10 7 6 -8 9 -10 -11 14 -13 -14 -15 -16 -17
leaf_value=-0.10664090762310977 -0.070881400170297551 0.45488722731608039 -0.19963023092435755 -0.12051842579474814 0.26889284934316365 0.41612205976591055 0.050590636681394963 -0.10224024801592779 0.024506306292781416 -0.011794559642943054 -0.10818302597286955 -0.18117943848738105 0.027960091295526991 0.020803338983608168 0.062895031689436401 -0.0159389863800443
leaf_weight=22 29 15.999999999999998 15.999999999999998 22 15.999999999999998 19 17 61 179 218 27 20 20 19 23 279
leaf_count=22 29 16 16 22 16 19 17 61 179 218 27 20 20 19 23 279
internal_value=-0.00286217 0.116542 -0.00848771 -0.00521498 0.012262 0.0889573 0.244267 -0.000202527 0.0447117 -0.0316169 -0.0298533 -0.0924825 -0.0497971 -0.0475528 -0.0180111 -0.0241272
internal_weight=1003 45 958 942 551 77 36 474 195 279 391 62 42 41 329 306
internal_count=1003 45 958 942 551 77 36 474 195 279 391 62 42 41 329 306
is_linear=0
shrinkage=0.05


Tree=106
num_leaves=16
num_cat=0
split_feature=119 56 75 26 21 37 49 19 59 45 25 105 82 80 27
split_gain=282.655 137.283 163.022 224.48 199.621 181.429 105.473 89.1194 111.414 72.6487 71.3152 66.6587 58.2665 35.7928 35.2662
threshold=2.46 45.550000000000004 5.5000000000000009 10.150000000000002 71.850000000000009 -12.225 4.2350000000000012 5.0150000000000006 40.250000000000007 -0.0091666666666666546 23.200000000000006 18.900000000000002 -0.10499999999999997 1.1441666666666677 21.550000000000001
decision_type=2 2 2 2 2 2 2 2 2 2 2 2 2 2 2
left_child=1 2 3 -1 5 -5 -3 9 10 -4 -9 12 -8 -13 -11
right_child=-2 6 7 4 -6 -7 11 8 -10 14 -12 13 -14 -15 -16
leaf_value=0.18222172494334077 0.21278199699540803 -0.17654101949686196 -0.015454457921721683 -0.14022266471414205 0.18787886022731959 0.0089341859867700952 -0.051857198113054961 -0.10343227564351423 0.099775314686029987 -0.14674614102019698 -0.010811481419607463 -0.12158046197065542 0.082601259958855103 -0.021760941913585793 -0.058251823122659432
leaf_weight=19 14.999999999999998 17 29 21 14.999999999999998 602 15.999999999999998 26 19 32 103 23 15.999999999999998 14.999999999999998 18
leaf_count=19 15 17 29 21 15 602 16 26 19 32 103 23 16 15 18
internal_value=-0.0018742 -0.00521693 0.000678441 0.0133054 0.00823938 0.00387671 -0.0651087 -0.0358352 -0.0128868 -0.0786932 -0.0295836 -0.037762 0.0152642 -0.0824698 -0.115168
internal_weight=986 971 884 657 638 623 87 227 148 79 129 70 32 38 50
internal_count=986 971 884 657 638 623 87 227 148 79 129 70 32 38 50
is_linear=0
shrinkage=0.05


Tree=107
num_leaves=16
num_cat=0
split_feature=61 0 95 4 32 72 17 28 62 15 34 50 22 27 24
split_gain=297.604 1084.93 212.715 165.321 188.494 335.799 546.712 256.965 184.023 117.951 117.273 83.0364 75.4438 53.8077 48.4595
threshold=0.20500000000000004 431.00000000000006 58.550000000000004 8.5000000000000018 5.5000000000000009 -0.21166666666666642 27.450000000000003 1.0000000180025095e-35 52.750000000000007 68.950000000000017 3.5000000000000004 31.950000000000003 0.17500000000000002 19.250000000000004 62.000000000000007
decision_type=2 2 2 2 2 2 2 2 2 2 2 2 2 2 2
left_child=2 -2 3 4 5 6 -1 -7 -5 12 13 -12 -6 -10 -11
right_child=1 -3 -4 8 9 7 -8 -9 10 14 11 -13 -14 -15 -16
leaf_value=0.36597478746215284 0.45178789500123967 -0.070156742696618202 -0.18142396358021518 0.13314423294443831 -0.040163914331744183 -0.052331952989561586 0.052793660729745506 0.042038999840088055 -0.15475188431986775 -0.0041776246305321408 -0.088438446310098839 -0.01327742617633111 -0.14330682505518844 -0.058183111247216535 0.10749081317952136
leaf_weight=18 15.999999999999998 26 17 17 78 110 61 209 25 27 42 292 23 35 14.999999999999998
leaf_count=18 16 26 17 17 78 110 61 209 25 27 42 292 23 35 15
internal_value=-0.00097402 0.129161 -0.00663247 -0.00348721 0.0146667 0.0323623 0.124587 0.00947542 -0.0273932 -0.0345373 -0.0343646 -0.0227674 -0.0638199 -0.0986938 0.0357458
internal_weight=1011 42 969 952 541 398 79 319 411 143 394 334 101 60 42
internal_count=1011 42 969 952 541 398 79 319 411 143 394 334 101 60 42
is_linear=0
shrinkage=0.05


Tree=108
num_leaves=12
num_cat=0
split_feature=95 26 21 11 39 87 5 43 49 49 9
split_gain=406.433 153.175 205.291 179.268 143.205 123.222 110.847 85.2735 67.1454 90.0081 61.7641
threshold=57.750000000000007 45.650000000000006 69.800000000000011 58.750000000000007 -3.9274999999999998 6.9450000000000012 1.5000000000000002 0.96583333333333432 4.9250000000000007 5.3950000000000005 6.7950000000000008
decision_type=2 2 2 2 2 2 2 2 2 2 2
left_child=1 2 3 4 -1 -6 7 8 10 -10 -3
right_child=-2 6 -4 -5 5 -7 -8 -9 9 -11 -12
leaf_value=0.12576760325445982 0.25059883924004456 -0.051848867353966648 0.18441487902439899 0.17447392085431429 7.2680711878471456e-05 -0.12550912981306142 0.074575384965663793 -0.16587758170847863 0.090510111455096312 -0.038957345214258303 -0.1779946796151976
leaf_weight=22 15.999999999999998 28 15.999999999999998 14.999999999999998 690 20 19 14.999999999999998 14.999999999999998 120 14.999999999999998
leaf_count=22 16 28 16 15 690 20 19 15 15 120 15
internal_value=0.00142574 -0.0026834 0.00775852 0.00394384 0.000419188 -0.00347497 -0.040274 -0.051639 -0.0418964 -0.0244787 -0.0962801
internal_weight=991 975 763 747 732 710 212 193 178 135 43
internal_count=991 975 763 747 732 710 212 193 178 135 43
is_linear=0
shrinkage=0.05


Tree=109
num_leaves=12
num_cat=0
split_feature=31 92 119 50 0 59 10 10 31 35 105
split_gain=273.886 1096.34 241.932 157.249 144.001 227.276 381.715 149.676 83.2289 66.1604 60.1544
threshold=0.046666666666666419 27.400000000000002 1.9708333333333337 10.950000000000001 2618.0000000000005 33.95000000000001 5.0050000000000008 4.8850000000000007 -0.018333333333333975 -6.1249999999999938 18.350000000000005
decision_type=2 2 2 2 2 2 2 2 2 2 2
left_child=2 -2 3 -1 5 6 -5 -7 9 -6 -10
right_child=1 -3 -4 4 8 7 -8 -9 10 -11 -12
leaf_value=-0.16546039909867583 0.46356562712100269 -0.06152754288768441 -0.16583645565133867 0.1537124576598845 -0.129267179838854 -0.11406169109378901 0.014317734439109298 -0.0058940036665252145 0.032016281011306512 -0.036327036585846698 -0.033367222161204725
leaf_weight=14.999999999999998 14.999999999999998 29 24 61 21 38 251 200 81 216 62
leaf_count=15 15 29 24 61 21 38 251 200 81 216 62
internal_value=-0.00384191 0.118013 -0.00939184 -0.00539623 -0.00279166 0.0135555 0.0416277 -0.0232261 -0.0264625 -0.0446344 0.00362974
internal_weight=1013 44 969 945 930 550 312 238 380 237 143
internal_count=1013 44 969 945 930 550 312 238 380 237 143
is_linear=0
shrinkage=0.05


Tree=110
num_leaves=14
num_cat=0
split_feature=24 35 95 26 11 55 74 38 19 15 80 121 61
split_gain=262.187 1259.24 260.01 132.338 189.877 166.342 177.439 131.659 118.066 110.188 86.9167 81.1625 58.8811
threshold=16.850000000000005 -5.424999999999998 58.550000000000004 45.650000000000006 57.900000000000006 4.6250000000000009 -15.350000000000001 2.5000000000000004 5.6150000000000011 66.15000000000002 -0.3749999999999995 0.0033333333333338548 0.18500000000000003
decision_type=2 2 2 2 2 2 2 2 2 2 2 2 2
left_child=1 -1 3 4 5 7 -7 -2 10 -10 11 -5 -12
right_child=2 -3 -4 8 -6 6 -8 -9 9 -11 12 -13 -14
leaf_value=0.48514444968657 -0.17366828528064035 -0.10205872900687255 -0.20270353192868443 0.13844675490204592 0.16537440798259997 0.18642724653742962 0.012757767869767782 -0.025316190503500743 -0.18243435907673528 -0.033251838988153697 -0.018551337415566384 -0.017884152352112777 -0.11398977757436442
leaf_weight=14.999999999999998 17 23 15.999999999999998 15.999999999999998 19 14.999999999999998 576 121 23 27 107 17 19
leaf_count=15 17 23 16 16 19 15 576 121 23 27 107 17 19
internal_value=0.00159361 0.130266 -0.00343935 -8.18132e-05 0.00974193 0.00565668 0.0172049 -0.0437402 -0.0352522 -0.102203 -0.0141161 0.0579509 -0.0330615
internal_weight=1011 38 973 957 748 729 591 138 209 50 159 33 126
internal_count=1011 38 973 957 748 729 591 138 209 50 159 33 126
is_linear=0
shrinkage=0.05


Tree=111
num_leaves=13
num_cat=0
split_feature=112 47 94 24 20 63 62 95 0 70 32 52
split_gain=299.276 1477.09 207.423 192.957 165.609 135.844 170.25 116.294 134.388 95.0083 54.751 50.4034
threshold=1.5000000000000002 1.0000000180025095e-35 7.2250000000000005 15.150000000000002 55.350000000000009 26.650000000000002 44.900000000000006 34.050000000000004 2046.5000000000002 -0.021666666666666053 4.5000000000000009 4.6450000000000005
decision_type=2 2 2 2 2 2 2 2 2 2 2 2
left_child=1 -1 3 11 5 9 -7 8 -3 -5 -9 -2
right_child=2 7 -4 4 -6 6 -8 10 -10 -11 -12 -13
leaf_value=0.50484630873328762 -0.19484402025180145 0.15891632125799701 -0.18154473932165849 -0.1074606812977168 -0.15085609584882115 0.133385231233171 0.0055583558965768059 -0.14494496158653902 -0.030933805576175855 -0.014552779875686404 -0.019152726543121314 -0.064134849400709792
leaf_weight=17 15.000000000000002 15.999999999999998 17 42 18 27 676 15.999999999999998 22 80 19 14.999999999999998
leaf_count=17 15 16 17 42 18 27 676 16 22 80 19 15
internal_value=-0.000279729 0.0865522 -0.00907484 -0.00569019 -0.00124247 0.00203366 0.0104932 -0.0113477 0.0490792 -0.0466402 -0.0770493 -0.130086
internal_weight=980 90 890 873 843 825 703 73 38 122 35 30
internal_count=980 90 890 873 843 825 703 73 38 122 35 30
is_linear=0
shrinkage=0.05


Tree=112
num_leaves=11
num_cat=0
split_feature=96 24 103 77 70 26 16 50 12 6
split_gain=332.668 141.439 174.29 387.913 145.477 135.764 112.695 147.636 125.557 40.4138
threshold=78.200000000000017 14.250000000000002 12.750000000000002 2.5000000000000004 0.016666666666667055 6.1000000000000005 3.7950000000000004 14.750000000000002 65.15000000000002 1.5000000000000002
decision_type=2 2 2 2 2 2 2 2 2 2
left_child=1 -1 3 -3 9 -4 8 -8 -7 -5
right_child=-2 2 5 4 -6 6 7 -9 -10 -11
leaf_value=-0.12497304139973281 0.21973286706801742 0.30018995266087012 0.13794223314486673 -0.094413663290482189 0.12868567207408824 -0.14094143292614233 0.11783671295927273 -0.0077788786370513677 0.020921670226136429 0.00730070339701187
leaf_weight=23 17 14.999999999999998 15.999999999999998 18 19 32 24 792 19 21
leaf_count=23 17 15 16 18 19 32 24 792 19 21
internal_value=0.00109522 -0.0027183 0.00023051 0.0744312 0.0155431 -0.00590593 -0.00858194 -0.00406419 -0.0806187 -0.0396379
internal_weight=996 979 956 73 58 883 867 816 51 39
internal_count=996 979 956 73 58 883 867 816 51 39
is_linear=0
shrinkage=0.05


Tree=113
num_leaves=9
num_cat=0
split_feature=94 24 39 36 35 33 69 52
split_gain=239.261 133.696 122.715 133.221 137.954 128.488 101.499 76.088
threshold=6.9600000000000017 16.650000000000002 -3.9274999999999998 1.5000000000000002 -10.683333333333332 -0.28166666666666712 3.5000000000000004 4.9450000000000012
decision_type=2 2 2 2 2 2 2 2
left_child=1 7 -3 6 -5 -6 -4 -1
right_child=-2 2 3 4 5 -7 -8 -9
leaf_value=-0.1563097787253997 0.14918877868360031 0.10238080981098036 -0.022891826687873096 0.14123736013010232 -0.077532862028608665 0.0027383351848151742 -0.17506204255276325 -0.0099611120310840236
leaf_weight=22 26 28 26 17 53 814 19 14.999999999999998
leaf_count=22 26 28 26 17 53 814 19 15
internal_value=-0.000242967 -0.00417129 -0.000555656 -0.00367422 0.000596587 -0.00217128 -0.087498 -0.0973008
internal_weight=1020 994 957 929 884 867 45 37
internal_count=1020 994 957 929 884 867 45 37
is_linear=0
shrinkage=0.05


Tree=114
num_leaves=18
num_cat=0
split_feature=94 11 33 65 45 24 17 24 84 20 84 50 70 72 41 13 66
split_gain=235.66 140.214 180.049 658.801 337.146 500.365 172.713 160.177 150.095 124.833 187.935 142.6 365.019 130.283 98.9254 70.8571 52.3321
threshold=7.3400000000000007 22.650000000000002 0.089999999999999872 15.550000000000002 0.016666666666666653 38.650000000000006 30.050000000000004 28.350000000000005 0.014166666666666676 47.550000000000004 -1.0000000180025095e-35 16.600000000000005 -0.015000000000001011 -1.0000000000000002 0.4041666666666664 4.3850000000000007 15.900000000000002
decision_type=2 2 2 2 2 2 2 2 2 2 2 2 2 2 2 2 2
left_child=1 6 3 -3 8 -6 7 -1 -5 11 -11 12 -4 -13 15 -8 -16
right_child=-2 2 9 4 5 -7 14 -9 -10 10 -12 13 -14 -15 16 -17 -18
leaf_value=-0.051259004545503667 0.19520310068762067 0.36365702223304097 -0.041436864172607231 -0.041116099423211587 0.3731594262138897 -0.027690058428308236 -0.23627255476640735 0.14525661025346712 0.096733720891208574 0.021416583413269089 -0.20677974315369943 -0.13134128567166803 0.28054875163053045 -0.0049447605595144169 -0.10385934101283878 -0.087710763326543845 0.022085943492437834
leaf_weight=29 14.999999999999998 14.999999999999998 21 109 15.000000000000002 15.999999999999998 18 15.999999999999998 24 17 19 21 14.999999999999998 609 18 14.999999999999998 14.999999999999998
leaf_count=29 15 15 21 109 15 16 18 16 24 17 19 21 15 609 18 15 15
internal_value=-0.000830684 -0.00381932 0.00285005 0.0476027 0.0184608 0.166685 -0.0567536 0.0186695 -0.0161494 -0.00855926 -0.099121 -0.00364238 0.0929908 -0.00918609 -0.108205 -0.169365 -0.0465667
internal_weight=1007 992 881 179 164 31 111 45 133 702 36 666 36 630 66 33 33
internal_count=1007 992 881 179 164 31 111 45 133 702 36 666 36 630 66 33 33
is_linear=0
shrinkage=0.05


Tree=115
num_leaves=22
num_cat=0
split_feature=119 73 70 39 33 78 31 43 61 21 117 65 35 78 10 65 4 104 41 87 37
split_gain=342.664 118.121 181.838 375.877 773.714 185.773 167.342 117.31 157.654 131.048 174.285 106.363 98.6887 87.6746 110.816 60.5468 54.5841 53.0992 48.2736 37.8743 31.0013
threshold=2.46 5.5000000000000009 0.0016666666666664833 -0.83500000000000008 -0.25666666666666677 -3.7849999999999997 -0.01583333333333314 0.40333333333333382 0.16500000000000004 54.050000000000004 -0.2191666666666667 45.050000000000004 -4.041666666666667 0.56749999999999956 5.745000000000001 41.800000000000004 5.5000000000000009 23.050000000000004 0.38083333333333341 6.8450000000000006 11.20833333333333
decision_type=2 2 2 2 2 2 2 2 2 2 2 2 2 2 2 2 2 2 2 2 2
left_child=1 2 7 4 -4 -5 -7 9 20 11 -11 -1 17 14 -14 19 -10 -3 -17 -15 -9
right_child=-2 12 3 5 -6 6 -8 8 16 10 -12 -13 13 15 -16 18 -18 -19 -20 -21 -22
leaf_value=-0.0310515370905599 0.23442501982316277 -0.14672764027044452 0.45715715206222041 0.18259378759967571 0.0069362424285475781 -0.024595883331907379 0.054547170927633164 0.039905987396768851 -0.2150983345429629 0.19286834968161354 0.00065613856151306739 0.058797941889780082 0.12769289046377683 -0.10293176321759644 -0.02600201581508664 -0.035435471408680377 -0.095822606662626375 -0.041520591963470244 0.056169592090374768 -0.026644026155401419 -0.049751945127520639
leaf_weight=242 14.999999999999998 27 14.999999999999998 14.999999999999998 26 193 102 22 14.999999999999998 18 34 38 20 42 28 45 28 22 21 27 17
leaf_count=242 15 27 15 15 26 193 102 22 15 18 34 38 20 42 28 45 28 22 21 27 17
internal_value=-0.00197018 -0.00555495 0.00391786 0.0303933 0.172484 0.0115349 0.0027611 -0.0185185 -0.0720394 -0.00526674 0.0675296 -0.0188232 -0.0368005 -0.019866 0.0380659 -0.040514 -0.137949 -0.0997744 -0.00617188 -0.0732342 0.000669158
internal_weight=1012 997 765 351 41 310 295 414 82 332 52 280 232 183 48 135 43 49 66 69 39
internal_count=1012 997 765 351 41 310 295 414 82 332 52 280 232 183 48 135 43 49 66 69 39
is_linear=0
shrinkage=0.05


Tree=116
num_leaves=18
num_cat=0
split_feature=109 65 119 45 45 65 94 19 98 53 63 18 23 123 123 27 62
split_gain=226.662 1221.49 346.453 130.07 188.436 260.66 305.735 175.503 135.04 109.664 156.095 97.9675 83.2705 81.5419 68.0891 58.6439 49.9763
threshold=0.063333333333333033 23.300000000000004 1.9708333333333337 -0.012499999999999995 -0.0049999999999999897 37.70000000000001 5.0250000000000012 6.4900000000000011 34.550000000000004 21.450000000000003 36.600000000000001 49.750000000000007 75.950000000000017 -0.026666666666666655 -0.0066666666666666671 13.450000000000001 88.850000000000009
decision_type=2 2 2 2 2 2 2 2 2 2 2 2 2 2 2 2 2
left_child=2 -2 3 9 5 6 -5 8 -6 10 14 -12 -3 -11 -1 -15 -7
right_child=1 12 -4 4 7 16 -8 -9 -10 13 11 -13 -14 15 -16 -17 -18
leaf_value=-0.22324481040054228 0.44873064467084345 -0.14989379579263018 -0.1983641952921302 0.24868379528253104 0.025117683929084762 -0.045893651980852511 0.053189279257549717 -0.17283477341102449 -0.034633014847991007 0.092373595489652113 0.073776349762630686 -0.07569321883664587 0 -0.074634063223332867 -0.093009173872738118 -0.0072370492162380472 0.058304780247985133
leaf_weight=15.999999999999998 17 14.999999999999998 23 28 233 48 70 14.999999999999998 159 18 20 24 24 38 28 213 14.999999999999998
leaf_count=16 17 15 23 28 233 48 70 15 159 18 20 24 24 38 28 213 15
internal_value=-0.00131593 0.0963331 -0.00709905 -0.00231694 0.012541 0.0583147 0.109292 -0.00556371 0.000866665 -0.0259673 -0.0743939 -0.00762589 -0.057903 -0.0100848 -0.14088 -0.0174862 -0.0209522
internal_weight=1004 56 948 925 568 161 98 407 392 357 88 44 39 269 44 251 63
internal_count=1004 56 948 925 568 161 98 407 392 357 88 44 39 269 44 251 63
is_linear=0
shrinkage=0.05


Tree=117
num_leaves=13
num_cat=0
split_feature=114 62 96 28 24 35 121 119 111 1 15 113
split_gain=252.11 1328.14 226.473 133.433 126.262 138.902 387.596 139.306 270.514 174.542 54.043 51.6433
threshold=1.5000000000000002 68.550000000000026 79.100000000000009 14.250000000000002 17.850000000000005 -10.166666666666663 0.013333333333333199 -0.35749999999999987 -0.36250000000000021 4.5000000000000009 55.500000000000007 5.9583333333333348
decision_type=2 2 2 2 2 2 2 2 2 2 2 2
left_child=1 -1 4 10 11 6 -6 8 -7 -9 -3 -2
right_child=2 3 -4 -5 5 7 -8 9 -10 -11 -12 -13
leaf_value=0.49144605429646387 -0.13016988203974231 -0.12642483692518702 -0.1997522984908906 0.079446850825543605 -0.046720346836682178 0.18103805408202883 0.27901506317976099 -0.027893519778733597 0.0089856118801525924 0.050645386129243353 -0.016203931394648288 -0.014035505747163536
leaf_weight=15.999999999999998 27 19 14.999999999999998 26 21 26 15.999999999999998 510 184 82 27 14.999999999999998
leaf_count=16 27 19 15 26 21 26 16 510 184 82 27 15
internal_value=0.000184324 0.0808967 -0.00774535 -0.0108222 -0.00444825 -0.000202372 0.0943758 -0.00458316 0.0303872 -0.0169997 -0.0620139 -0.0889439
internal_weight=984 88 896 72 881 839 37 802 210 592 46 42
internal_count=984 88 896 72 881 839 37 802 210 592 46 42
is_linear=0
shrinkage=0.05


Tree=118
num_leaves=8
num_cat=0
split_feature=96 19 101 43 16 17 53
split_gain=250.388 116.095 99.8271 92.8855 86.4647 128.9 115.174
threshold=75.250000000000014 6.8650000000000011 95.700000000000003 0.94750000000000034 3.6950000000000007 27.450000000000003 22.400000000000002
decision_type=2 2 2 2 2 2 2
left_child=1 2 3 4 6 -6 -1
right_child=-2 -3 -4 -5 5 -7 -8
leaf_value=-0.18572413031233859 0.1724559143408021 0.13172717341129356 0.11954078503101079 -0.099582909254416874 0.035461010683430251 -0.012996122008985707 -0.023388239889036391
leaf_weight=14.999999999999998 20 14.999999999999998 14.999999999999998 28 171 693 40
leaf_count=15 20 15 15 28 171 693 40
internal_value=-0.00222175 -0.00581995 -0.00798332 -0.0100209 -0.00727618 -0.00339687 -0.0680091
internal_weight=997 977 962 947 919 864 55
internal_count=997 977 962 947 919 864 55
is_linear=0
shrinkage=0.05


Tree=119
num_leaves=17
num_cat=0
split_feature=33 33 19 94 94 89 62 50 113 94 4 33 66 104 65 115
split_gain=209.96 1101.37 329.11 413.103 229.1 118.397 189.906 180.678 146.925 138.165 131.258 131.067 123.129 91.5933 78.5008 76.0215
threshold=-0.46500000000000025 -0.54999999999999993 5.2350000000000012 5.3150000000000004 7.2250000000000005 19.050000000000004 30.350000000000005 25.100000000000005 1.1833333333333338 5.6350000000000007 4.5000000000000009 0.94416666666666649 15.750000000000002 15.550000000000002 24.050000000000004 1.5916666666666617
decision_type=2 2 2 2 2 2 2 2 2 2 2 2 2 2 2 2
left_child=1 2 15 -4 5 7 -7 13 9 -8 14 -12 -10 -2 -9 -1
right_child=4 -3 3 -5 -6 6 8 10 12 -11 11 -13 -14 -15 -16 -17
leaf_value=-0.19727308723014714 -0.070013678947474511 0.4365934049699739 -0.043341644837226696 0.28084657457139756 -0.1918875064909088 0.16975749365070408 0.045624046458705797 0.0078074234140198123 0.016933257801510775 -0.027982820557759219 0.17437631945736362 -0.027698132990619812 -0.037736888409988296 -0.24037803166009342 -0.13785721905047618 -0.053336542381043253
leaf_weight=14.999999999999998 17 17 23 17 15.999999999999998 17 245 17 163 86 14.999999999999998 17 279 14.999999999999998 20 24
leaf_count=15 17 17 23 17 16 17 245 17 163 86 15 17 279 15 20 24
internal_value=0.00248622 0.0727658 -0.00591593 0.0946704 -0.00495411 -0.00157052 0.00494296 -0.0525215 0.00129037 0.0264818 -0.00684485 0.0671166 -0.0175651 -0.150528 -0.0709548 -0.109188
internal_weight=1003 96 79 40 907 891 790 101 773 331 69 32 442 32 37 39
internal_count=1003 96 79 40 907 891 790 101 773 331 69 32 442 32 37 39
is_linear=0
shrinkage=0.05


Tree=120
num_leaves=14
num_cat=0
split_feature=119 17 31 3 44 64 68 91 63 55 94 10 87
split_gain=184.763 121.63 118.039 125.735 182.53 213.216 157.211 98.34 135.765 123.424 87.7701 54.6373 21.4551
threshold=1.9708333333333337 46.350000000000001 0.063333333333333033 4.5000000000000009 1.5000000000000002 39.000000000000007 50.500000000000007 3.7550000000000003 32.20000000000001 5.4050000000000011 5.1450000000000005 5.5550000000000006 6.7750000000000012
decision_type=2 2 2 2 2 2 2 2 2 2 2 2 2
left_child=1 2 3 4 6 -6 -1 8 -5 -9 -3 -12 -13
right_child=-2 10 -4 7 5 -7 -8 9 -10 -11 11 12 -14
leaf_value=0.083918631654789674 -0.14939264129189886 0.0041363381300108283 -0.13676345277306259 0.1414469676083 0.080274237893136188 0.0049221617571313806 -0.040246807596147793 -0.071479277158831844 -0.015857750655361505 -0.0006176644041560182 -0.18628549110021023 -0.11098039293822071 -0.025789580405350555
leaf_weight=30 22 28 14.999999999999998 20 168 213 166 122 43 124 14.999999999999998 15.000000000000002 14.999999999999998
leaf_count=30 22 28 15 20 168 213 166 122 43 124 15 15 15
internal_value=-0.00642938 -0.00318009 0.00184684 0.00421432 0.018002 0.0381737 -0.0211833 -0.021513 0.034146 -0.0357955 -0.0652108 -0.108384 -0.0687783
internal_weight=996 974 901 886 577 381 196 309 63 246 73 45 30
internal_count=996 974 901 886 577 381 196 309 63 246 73 45 30
is_linear=0
shrinkage=0.05


Tree=121
num_leaves=16
num_cat=0
split_feature=31 121 96 0 41 33 39 99 13 59 10 117 121 31 34
split_gain=238.315 933.429 240.449 108.791 146 173.752 471.75 103.379 95.9189 86.8486 83.6581 84.9046 65.2735 56.2151 46.694
threshold=0.046666666666666419 0.32333333333333375 79.100000000000009 2907.5000000000005 0.60916666666666697 0.089999999999999872 -1.7899999999999996 44.750000000000007 3.0400000000000005 36.650000000000013 6.6150000000000011 0.42250000000000015 0.3008333333333329 -0.031666666666666725 3.5000000000000004
decision_type=2 2 2 2 2 2 2 2 2 2 2 2 2 2 2
left_child=2 -2 3 4 5 6 -1 -7 14 13 11 -6 -11 -10 -5
right_child=1 -3 -4 8 10 7 -8 -9 9 12 -12 -13 -14 -15 -16
leaf_value=0.30109367785263436 -0.05366042085601766 0.43378853786070626 -0.20125534644979517 -0.17018480567347927 0.02499097673400014 -0.032352475469766696 0.033282868588213464 0.022526311614013205 -0.056489527238364215 0.0012985570905562824 -0.14057043160193533 -0.074967409822708941 0.10627450877315059 -0.0032903517831505053 -0.050012680670009781
leaf_weight=19 28 14.999999999999998 14.999999999999998 14.999999999999998 45 125 119 273 107 50 18 40 21 93 18
leaf_count=19 28 15 15 15 45 125 119 273 107 50 18 40 21 93 18
internal_value=0.00185851 0.116876 -0.0033105 -0.000135548 0.0115727 0.0220566 0.0703829 0.00527415 -0.0247581 -0.0149167 -0.0429042 -0.0220223 0.0325239 -0.0317909 -0.105137
internal_weight=1001 43 958 943 639 536 138 398 304 271 103 85 71 200 33
internal_count=1001 43 958 943 639 536 138 398 304 271 103 85 71 200 33
is_linear=0
shrinkage=0.05


Tree=122
num_leaves=15
num_cat=0
split_feature=95 76 60 38 89 113 37 102 104 103 14 49 98 104
split_gain=320.903 114.082 308.548 107.823 132.489 135.425 259.923 106.056 104.549 66.6754 63.0375 55.0757 49.4517 35.7314
threshold=53.45000000000001 -15.083333333333332 48.45000000000001 5.5000000000000009 19.050000000000004 -0.058333333333330011 -10.541666666666666 55.800000000000004 8.8500000000000014 10.800000000000002 65.250000000000014 5.0050000000000008 23.150000000000002 34.900000000000006
decision_type=2 2 2 2 2 2 2 2 2 2 2 2 2 2
left_child=1 2 -1 4 8 6 -6 -7 -3 -5 12 -10 -11 -12
right_child=-2 3 -4 9 5 7 -8 -9 11 10 13 -13 -14 -15
leaf_value=0.2396634595610245 0.17304696960453217 0.021894162878781171 -0.035696601535219592 0.066901461750466296 -0.13097463961857467 0.0036852527761983751 0.057396650840975588 -0.065871381859961525 -0.17657113114773237 -0.11428347557741887 -0.033584113034191516 -0.062132255030774519 -0.041910401869222007 0.070480753110917227
leaf_weight=17 26 23 25 14.999999999999998 20 320 205 66 18 27 14.999999999999998 26 192 18
leaf_count=17 26 23 25 15 20 320 205 66 18 27 15 26 192 18
internal_value=0 -0.00457789 0.0759444 -0.00816961 0.00242321 0.00975293 0.0405796 -0.00820888 -0.0642598 -0.0350778 -0.0411919 -0.109356 -0.050904 0.0230689
internal_weight=1013 987 42 945 678 611 225 386 67 267 252 44 219 33
internal_count=1013 987 42 945 678 611 225 386 67 267 252 44 219 33
is_linear=0
shrinkage=0.05


Tree=123
num_leaves=11
num_cat=0
split_feature=95 21 56 56 83 11 32 49 116 64
split_gain=185.198 129.883 92.8904 179.358 135.359 177.303 126.551 76.8234 61.805 34.9024
threshold=54.300000000000004 72.000000000000014 45.550000000000004 44.850000000000001 4.5000000000000009 33.150000000000006 1.5000000000000002 4.2650000000000006 2.5000000000000004 44.900000000000006
decision_type=2 2 2 2 2 2 2 2 2 2
left_child=1 2 3 4 6 -6 -1 -4 -9 -10
right_child=-2 -3 7 -5 5 -7 -8 8 9 -11
leaf_value=-0.10023511070811171 -0.15455820604924755 0.13923741160777578 -0.15242340558066669 0.17583462273245618 0.14225339753887592 0.015840223011337529 -0.0027947401586199305 0.061645932821248542 -0.015701376928394194 -0.09743457342347292
leaf_weight=35 19 17 14.999999999999998 14.999999999999998 35 133 661 14.999999999999998 29 24
leaf_count=35 19 17 15 15 35 133 661 15 29 24
internal_value=-0.000356928 0.00264612 0.000212922 0.00499451 0.00200275 0.042275 -0.00771564 -0.0503107 -0.0275217 -0.0529206
internal_weight=998 979 962 879 864 168 696 83 68 53
internal_count=998 979 962 879 864 168 696 83 68 53
is_linear=0
shrinkage=0.05


Tree=124
num_leaves=12
num_cat=0
split_feature=119 11 23 43 89 74 119 45 80 103 64
split_gain=302.628 117.314 144.753 123.521 99.0173 213.434 126.328 78.7916 97.7931 70.5808 52.6014
threshold=2.46 21.950000000000003 51.20000000000001 1.5000000000000002 19.050000000000004 -0.18333333333333532 -0.35749999999999987 0.00083333333333335269 -0.055000000000000153 29.300000000000001 30.200000000000003
decision_type=2 2 2 2 2 2 2 2 2 2 2
left_child=1 7 -3 4 5 -4 -6 10 -9 -10 -1
right_child=-2 2 3 -5 6 -7 -8 8 9 -11 -12
leaf_value=-0.18004943324111355 0.2168519770072786 0.11308456248250501 -0.19792603329194719 -0.1436347460524636 0.037469915485571048 -0.0083142765965671557 -0.0098730990977678821 0.074191554005962709 -0.00042802522987572112 -0.13507321167210634 -0.065319696718834308
leaf_weight=17 14.999999999999998 26 20 15.999999999999998 186 57 580 18 20 19 25
leaf_count=17 15 26 20 16 186 57 580 18 20 19 25
internal_value=-0.00527759 -0.00869049 -0.00290736 -0.00643675 -0.0038101 -0.0578218 0.00161959 -0.0602826 -0.021815 -0.06633 -0.112194
internal_weight=999 984 885 859 843 77 766 99 57 39 42
internal_count=999 984 885 859 843 77 766 99 57 39 42
is_linear=0
shrinkage=0.05


Tree=125
num_leaves=11
num_cat=0
split_feature=24 109 95 84 62 21 84 73 59 62
split_gain=232.756 999.616 216.124 108.675 177.356 129.195 112.041 100.512 101.564 43.0026
threshold=16.850000000000005 0.023333333333334764 58.550000000000004 0.021666666666666657 32.45000000000001 70.600000000000009 0.016666666666666653 2.5000000000000004 31.050000000000004 55.95000000000001
decision_type=2 2 2 2 2 2 2 2 2 2
left_child=1 -1 3 4 -2 6 -6 9 -9 -5
right_child=2 -3 -4 7 5 -7 -8 8 -10 -11
leaf_value=-0.068305082773150547 0.16627890480601271 0.43936651252358172 -0.18279049689745344 -0.18549170718090424 -0.0027437466368976306 -0.13339206541770071 0.079183186762997904 -0.072905534214419185 0.075398834361069242 -0.073613775058945202
leaf_weight=27 15.999999999999998 14.999999999999998 17 14.999999999999998 776 18 44 27 20 21
leaf_count=27 16 15 17 15 776 18 44 27 20 21
internal_value=-0.00154753 0.1135 -0.00662914 -0.00340855 0.00189703 -0.00125503 0.00165536 -0.0579952 -0.00966504 -0.120753
internal_weight=996 42 954 937 854 838 820 83 47 36
internal_count=996 42 954 937 854 838 820 83 47 36
is_linear=0
shrinkage=0.05


Tree=126
num_leaves=12
num_cat=0
split_feature=109 109 94 82 68 45 45 70 19 55 57
split_gain=291.991 1216.19 194.205 125.804 107.866 96.0351 223.108 298.837 159.299 72.0496 60.7109
threshold=0.061666666666666099 0.066666666666666 7.2250000000000005 -0.1833333333333331 45.500000000000007 -0.011666666666666643 -0.0049999999999999897 0.034166666666666685 6.370000000000001 3.8950000000000005 49.550000000000004
decision_type=2 2 2 2 2 2 2 2 2 2 2
left_child=2 -2 4 -3 -1 9 7 -7 -8 -6 -11
right_child=1 3 -4 -5 5 6 8 -9 -10 10 -12
leaf_value=0.10630437382939376 0.47871272911936597 0.080826029901867671 -0.16820735519762198 -0.10043438151764231 -0.11693603758936498 0.032674268327903856 -0.0033900817484498824 0.24293387005133416 -0.15942401711703741 0.0057630783580060081 -0.036369666412719805
leaf_weight=22 15.999999999999998 14.999999999999998 18 26 20 107 379 20 17 142 214
leaf_count=22 16 15 18 26 20 107 379 20 17 142 214
internal_value=0.000661592 0.110445 -0.0060083 -0.0339626 -0.00281494 -0.00550236 0.0083465 0.0659904 -0.0101397 -0.0247759 -0.019553
internal_weight=996 57 939 41 921 899 523 127 396 376 356
internal_count=996 57 939 41 921 899 523 127 396 376 356
is_linear=0
shrinkage=0.05


Tree=127
num_leaves=9
num_cat=0
split_feature=96 97 21 62 12 37 37 102
split_gain=210.24 104.714 126.895 118.273 162.264 148.887 118.305 106.747
threshold=79.100000000000009 6.745000000000001 72.000000000000014 62.800000000000004 26.750000000000004 -6.0416666666666687 -11.758333333333335 35.850000000000009
decision_type=2 2 2 2 2 2 2 2
left_child=1 2 3 5 -5 -1 -6 -7
right_child=-2 -3 -4 4 6 7 -8 -9
leaf_value=-0.18370556292696769 -0.19209993169797179 -0.11703404597382046 0.13746826071176468 0.16223095246816274 -0.093660356476304038 -0.062563573899282285 0.0060263664595555828 0.012524320283562229
leaf_weight=15.999999999999998 14.999999999999998 20 15.999999999999998 15.999999999999998 31 95 691 94
leaf_count=16 15 20 16 16 31 95 691 94
internal_value=-0.00694585 -0.00408453 -0.00171179 -0.0040929 0.00523493 -0.0376837 0.00172689 -0.025205
internal_weight=994 979 959 943 738 205 722 189
internal_count=994 979 959 943 738 205 722 189
is_linear=0
shrinkage=0.05


Tree=128
num_leaves=14
num_cat=0
split_feature=96 56 35 103 102 121 101 84 38 62 35 39 66
split_gain=326.964 126.152 145.662 110.536 263.025 305.854 113.881 152.791 100.441 69.7996 55.1658 52.4336 40.5302
threshold=78.200000000000017 45.550000000000004 -12.325000000000001 12.750000000000002 21.550000000000001 0.017500000000000075 92.850000000000009 -1.0000000180025095e-35 5.5000000000000009 82.850000000000009 3.7999999999999994 1.0766666666666669 14.900000000000002
decision_type=2 2 2 2 2 2 2 2 2 2 2 2 2
left_child=1 2 -1 4 11 -6 8 -8 -5 10 -3 -4 -12
right_child=-2 9 3 6 5 -7 7 -9 -10 -11 12 -13 -14
leaf_value=0.13011603127052257 0.22775701713858185 -0.15415673110528158 -0.10181962751000134 0.0051313524677350474 0.33022447421850754 0.031624130037293502 -0.0030187302926705344 0.2052705513227065 -0.035175645972797098 0.0052451386103643379 -0.10959596069332976 0.017900683827601471 -0.0014901914580174142
leaf_weight=23 15.999999999999998 21 14.999999999999998 513 14.999999999999998 20 21 14.999999999999998 221 29 15.999999999999998 23 19
leaf_count=23 16 21 15 513 15 20 21 15 221 29 16 23 19
internal_value=0.00431605 0.000527983 0.00624085 0.00284013 0.0616014 0.160314 -0.00273153 0.0839582 -0.00700101 -0.0575562 -0.0901188 -0.0293693 -0.0512239
internal_weight=967 951 866 843 73 35 770 36 734 85 56 38 35
internal_count=967 951 866 843 73 35 770 36 734 85 56 38 35
is_linear=0
shrinkage=0.05


Tree=129
num_leaves=24
num_cat=0
split_feature=95 38 15 80 58 60 33 51 109 79 65 45 68 104 119 105 11 57 105 123 62 113 92
split_gain=259.463 91.6498 139.572 255.373 118.019 207.543 531.809 147.615 100.923 136.828 90.4841 69.6856 65.202 76.9644 70.1018 65.5886 64.3719 59.2119 53.9022 45.0394 42.8795 34.8728 27.5078
threshold=53.45000000000001 5.5000000000000009 71.500000000000014 -0.091666666666667215 5.1950000000000012 48.550000000000004 0.089999999999999872 38.250000000000007 0.0016666666666673715 5.5000000000000009 17.350000000000005 -0.0066666666666666949 53.500000000000007 23.900000000000002 0.083333333333333495 9.7500000000000018 47.95000000000001 52.050000000000004 13.450000000000001 -0.01333333333333332 75.950000000000017 6.4583333333333348 38.150000000000013
decision_type=2 2 2 2 2 2 2 2 2 2 2 2 2 2 2 2 2 2 2 2 2 2 2
left_child=1 2 4 -4 5 7 -7 -1 10 -10 -6 -5 14 16 15 -3 -14 22 -16 -19 -20 -17 -15
right_child=-2 12 3 11 8 6 -8 -9 9 -11 -12 -13 13 17 18 21 -18 19 20 -21 -22 -23 -24
leaf_value=0.10041635133474641 0.15400944313969309 -0.16013270357791423 0.25592737085377143 -0.041815757964338569 -0.12902493891642267 0.34589571656647677 -0.044284103217861415 -0.0097207213245991235 -0.017193711660703551 0.10274729780184469 -0.032640303739693753 0.096267247232084241 0.11383677524165801 -0.095758416252120893 0.046837911879829254 -0.032193498621360707 -0.012764319976430913 0.082357457467657047 -0.10958436107949206 -0.026080002318853619 -0.010123829786786408 -0.11729664654411071 -0.01281444953372147
leaf_weight=35 26 21 14.999999999999998 23 29 15.999999999999998 19 228 113 30 152 14.999999999999998 21 31 23 42 19 14.999999999999998 17 26 30 17 14.999999999999998
leaf_count=35 26 21 15 23 29 16 19 228 113 30 152 15 21 31 23 42 19 15 17 26 30 17 15
internal_value=-0.00151414 -0.00578261 0.00414972 0.0819622 -0.00248468 0.0202127 0.134419 0.0049499 -0.0233759 0.00798801 -0.0481735 0.0126691 -0.0299968 -0.00358393 -0.052309 -0.0842687 0.0536947 -0.0300078 -0.0156443 0.0135744 -0.0463614 -0.0569563 -0.0689064
internal_weight=978 952 675 53 622 298 35 263 324 143 181 38 277 127 150 80 40 87 70 41 47 59 46
internal_count=978 952 675 53 622 298 35 263 324 143 181 38 277 127 150 80 40 87 70 41 47 59 46
is_linear=0
shrinkage=0.05


Tree=130
num_leaves=9
num_cat=0
split_feature=24 55 94 87 35 87 65 33
split_gain=242.499 968.718 243.183 100.56 134.452 140.987 454.174 129.823
threshold=16.850000000000005 5.2250000000000005 6.9900000000000011 6.9450000000000012 -12.325000000000001 6.9150000000000009 21.800000000000001 -0.28166666666666712
decision_type=2 2 2 2 2 2 2 2
left_child=1 -1 3 4 -2 7 -7 -6
right_child=2 -3 -4 -5 5 6 -8 -9
leaf_value=0.4378629530897204 0.11364711825646659 -0.065323753718606103 -0.17263339204245834 -0.09773857202273846 -0.06694942128417164 0.30742352182501992 -0.034747990174047179 0.00035089702731266241
leaf_weight=14.999999999999998 26 26 21 26 79 14.999999999999998 27 760
leaf_count=15 26 26 21 26 79 15 27 760
internal_value=0.00034255 0.119265 -0.00477509 -0.00097347 0.00180535 -0.00150217 0.0877773 -0.00598735
internal_weight=995 41 954 933 907 881 42 839
internal_count=995 41 954 933 907 881 42 839
is_linear=0
shrinkage=0.05


Tree=131
num_leaves=14
num_cat=0
split_feature=94 26 21 11 16 17 90 99 42 121 65 60 76
split_gain=384.709 92.7676 171.246 168.571 94.771 109.873 71.2345 61.9997 86.4842 59.8831 46.3904 62.5847 22.5421
threshold=7.1400000000000015 45.650000000000006 69.800000000000011 58.550000000000004 3.6950000000000007 26.750000000000004 41.050000000000004 45.150000000000013 3.5000000000000004 -0.38083333333333375 14.650000000000002 40.45000000000001 6.7000000000000002
decision_type=2 2 2 2 2 2 2 2 2 2 2 2 2
left_child=1 2 3 4 9 -6 -3 8 12 -1 -9 -12 -8
right_child=-2 6 -4 -5 5 -7 7 10 -10 -11 11 -13 -14
leaf_value=-0.15342762674519558 0.24384595377845053 -0.11303620311234502 0.16187287203052586 0.16726508510132498 0.046314942018182002 -0.0060361821078773088 -0.056896094139048586 -0.083270600937908473 -0.14599606151917674 -0.030201529912951421 0.095672012490835789 -0.0077341108301951086 0.029409422192549869
leaf_weight=14.999999999999998 15.999999999999998 24 17 14.999999999999998 121 581 15.000000000000002 15.999999999999998 21 29 17 101 14.999999999999998
leaf_count=15 16 24 17 15 121 581 15 16 21 29 17 101 15
internal_value=0.00139948 -0.00255 0.00539034 0.00186729 -0.00147367 0.00298549 -0.0321201 -0.0215405 -0.0684064 -0.0725765 -0.00362852 0.00718944 -0.0136229
internal_weight=1003 987 778 761 746 702 209 185 51 44 134 118 30
internal_count=1003 987 778 761 746 702 209 185 51 44 134 118 30
is_linear=0
shrinkage=0.05


Tree=132
num_leaves=10
num_cat=0
split_feature=119 109 109 14 45 89 62 61 53
split_gain=253.234 120.818 107.273 107.416 214.89 111.563 92.0281 62.8927 51.5857
threshold=2.46 0.064166666666666497 0.056666666666666206 8.0000000000000018 0.029999999999999988 20.100000000000005 86.500000000000014 0.16500000000000004 26.400000000000002
decision_type=2 2 2 2 2 2 2 2 2
left_child=1 2 3 6 5 -5 8 -3 -1
right_child=-2 7 -4 4 -6 -7 -8 -9 -10
leaf_value=-0.13316109966340864 0.20162546089942884 -0.027453656193454148 0.10127889040219357 -0.052305098647071481 0.17247197771269973 0.0050669311778457323 0.052044577183930768 -0.14125374903281529 -0.045996031858652087
leaf_weight=28 14.999999999999998 26 25 96 18 716 15.999999999999998 23 44
leaf_count=28 15 26 25 96 18 716 16 23 44
internal_value=-0.00158528 -0.00468308 -0.000696195 -0.00348947 0.00207644 -0.00171542 -0.0559856 -0.0811508 -0.0801006
internal_weight=1007 992 943 918 830 812 88 49 72
internal_count=1007 992 943 918 830 812 88 49 72
is_linear=0
shrinkage=0.05


Tree=133
num_leaves=18
num_cat=0
split_feature=95 114 65 0 101 88 35 63 52 22 111 0 76 65 45 27 106
split_gain=231.01 87.1114 209.675 423.34 126.16 125.837 197.174 124.313 119.698 99.0242 104.211 67.4673 72.5096 83.372 57.079 54.2387 40.8857
threshold=57.750000000000007 3.5000000000000004 15.750000000000002 2592.5000000000005 91.250000000000014 5.6450000000000005 -11.716666666666669 58.45000000000001 4.1350000000000007 0.19500000000000003 0.42083333333333367 2061.0000000000005 -5.7333333333333298 23.650000000000002 -0.0016666666666666633 31.700000000000006 15.350000000000003
decision_type=2 2 2 2 2 2 2 2 2 2 2 2 2 2 2 2 2
left_child=1 2 3 -1 9 11 -7 8 -8 10 -4 15 -13 -14 -9 16 -3
right_child=-2 5 4 -5 -6 6 7 14 -10 -11 -12 12 13 -15 -16 -17 -18
leaf_value=0.23424168736241835 0.17956776465752386 -0.11820638235027565 -0.014621970229082522 -0.068734574052675843 0.12282953141566136 0.17980005162095788 0.092672006693490447 -0.036674824551908063 -0.003434467450242821 0.10247869731690647 0.11956075214910389 0.083220844957607468 -0.094406269410969246 0.011883114649916529 -0.14171993582660614 -0.0040524683336713415 -0.030977456345742577
leaf_weight=29 18 56 344 19 21 14.999999999999998 37 41 255 21 14.999999999999998 14.999999999999998 34 40 19 20 18
leaf_count=29 18 56 344 19 21 15 37 41 255 21 15 15 34 40 19 20 18
internal_value=0.00253652 -0.000665883 0.0156681 0.114316 0.00382187 -0.0140099 0.00286787 -0.00470658 0.00875385 -0.0027723 -0.00896979 -0.047868 -0.0165668 -0.0369466 -0.0702028 -0.077402 -0.0971265
internal_weight=1017 999 449 48 401 550 367 352 292 380 359 183 89 74 60 94 74
internal_count=1017 999 449 48 401 550 367 352 292 380 359 183 89 74 60 94 74
is_linear=0
shrinkage=0.05


Tree=134
num_leaves=9
num_cat=0
split_feature=61 52 94 109 109 24 77 26
split_gain=244.271 994.046 235.141 141.678 123.742 87.8183 93.8249 59.9495
threshold=0.20500000000000004 4.7150000000000007 7.2250000000000005 0.064166666666666497 0.056666666666666206 12.750000000000002 5.5000000000000009 31.400000000000002
decision_type=2 2 2 2 2 2 2 2
left_child=2 -2 3 4 5 -1 -7 -5
right_child=1 -3 -4 7 -6 6 -8 -9
leaf_value=-0.11508226728309755 -0.05862175571927767 0.44440501585898817 -0.1828138837992157 -0.14775757024073485 0.12040731066762052 0.011212417332178769 -0.029240036797146651 -0.034777259010120513
leaf_weight=15.999999999999998 28 14.999999999999998 18 21 22 687 181 27
leaf_count=16 28 15 18 21 22 687 181 27
internal_value=0.000877769 0.117361 -0.00428168 -0.0008891 0.00354471 0.000617415 0.0027689 -0.0845145
internal_weight=1015 43 972 954 906 884 868 48
internal_count=1015 43 972 954 906 884 868 48
is_linear=0
shrinkage=0.05


Tree=135
num_leaves=11
num_cat=0
split_feature=119 17 31 35 18 68 74 118 109 39
split_gain=231.247 95.4991 99.0563 105.275 97.9767 258.78 109.16 83.1757 75.9393 61.5585
threshold=2.46 46.350000000000001 0.063333333333333033 -12.758333333333335 61.850000000000001 53.500000000000007 -16.916666666666661 2.5000000000000004 0.018333333333333094 0.49416666666666625
decision_type=2 2 2 2 2 2 2 2 2 2
left_child=1 2 3 -1 6 -6 -5 8 -3 -9
right_child=-2 7 -4 4 5 -7 -8 9 -10 -11
leaf_value=0.09911748484784598 0.19446188377228796 0.084776375447677452 -0.12525921480742511 0.12160759796524606 -0.066914742176805556 0.16801476558219655 -0.0060719336828427874 -0.18047768514348853 -0.073775441717627829 -0.055314116025793142
leaf_weight=28 14.999999999999998 15.000000000000002 14.999999999999998 17 20 28 791 15.999999999999998 14.999999999999998 26
leaf_count=28 15 15 15 17 20 28 791 16 15 26
internal_value=0.000293173 -0.00272091 0.00171394 0.00388804 0.000756 0.0700879 -0.0033647 -0.0580898 0.00535263 -0.10343
internal_weight=986 971 899 884 856 48 808 72 30 42
internal_count=986 971 899 884 856 48 808 72 30 42
is_linear=0
shrinkage=0.05


Tree=136
num_leaves=21
num_cat=0
split_feature=96 4 4 60 78 16 36 62 18 105 103 58 54 53 100 18 68 113 1 90
split_gain=186.77 99.3939 116.134 133.194 166.141 254.506 122.712 122.309 121.227 99.7431 94.3449 102.115 79.853 99.1162 77.0019 56.633 41.6174 27.0524 23.6786 23.5956
threshold=75.250000000000014 2.5000000000000004 8.5000000000000018 60.850000000000001 -1.5883333333333334 5.2150000000000007 2.5000000000000004 52.750000000000007 61.850000000000001 16.300000000000004 19.100000000000005 4.9250000000000007 45.850000000000001 36.750000000000007 0.19500000000000003 51.750000000000007 53.500000000000007 7.8750000000000009 2.5000000000000004 41.750000000000007
decision_type=2 2 2 2 2 2 2 2 2 2 2 2 2 2 2 2 2 2 2 2
left_child=1 10 3 4 5 -3 17 -8 -6 -5 11 -1 16 -14 -9 -13 19 -4 -18 -12
right_child=-2 2 6 9 8 -7 7 14 -10 -11 12 15 13 -15 -16 -17 18 -19 -20 -21
leaf_value=0.12694988545795149 0.1516638227511401 0.27385176296857811 -0.13296653025852137 0.027291585273719984 -0.0066222662444290125 -0.004218175949642012 0.11527361911142348 -0.015943748253928688 0.084203994429876014 0.20458399681319969 -0.1875091452472257 0.023658856196640845 0.091858504998762872 -0.065984653317948797 0.09927278661372646 -0.10188257406089481 -0.10058826042719536 -0.045666757914305522 -0.018901111507973477 -0.096569206397857099
leaf_weight=14.999999999999998 20 14.999999999999998 23 14.999999999999998 288 18 20 361 42 17 15.000000000000002 22 14.999999999999998 29 14.999999999999998 14.999999999999998 19 14.999999999999998 17 14.999999999999998
leaf_count=15 20 15 23 15 288 18 20 361 42 17 15 22 15 29 15 15 19 15 17 15
internal_value=0.000768226 -0.00228704 0.00470878 0.0243265 0.0156732 0.122472 -0.0131361 -0.00487571 0.0049443 0.121978 -0.0380983 0.0173009 -0.0643244 -0.0119748 -0.0113089 -0.027239 -0.0990776 -0.0988476 -0.0623115 -0.142677
internal_weight=1011 991 829 395 363 33 434 396 330 32 162 52 110 44 376 37 66 38 36 30
internal_count=1011 991 829 395 363 33 434 396 330 32 162 52 110 44 376 37 66 38 36 30
is_linear=0
shrinkage=0.05


Tree=137
num_leaves=14
num_cat=0
split_feature=94 31 31 65 33 35 24 64 66 57 3 10 45
split_gain=228.845 93.4543 115.519 566.355 124.421 149.995 134.858 108.65 100.632 54.5 28.9165 28.5148 24.0711
threshold=7.3100000000000014 -0.086666666666666434 -0.056666666666666192 15.750000000000002 -1.069166666666667 -10.166666666666663 39.000000000000007 32.400000000000006 17.750000000000004 58.750000000000007 4.5000000000000009 5.6350000000000007 -0.015833333333333321
decision_type=2 2 2 2 2 2 2 2 2 2 2 2 2
left_child=1 9 3 -3 -4 -6 -7 -5 -9 10 11 -1 -13
right_child=-2 2 4 7 5 6 -8 8 -10 -11 -12 12 -14
leaf_value=-0.13455790131503997 0.19336141505778232 0.2895380066401923 -0.131565667634235 0.091630368055655609 0.12307553145212012 -0.039375742035349735 0.0084618128189890857 0.065533680180480197 -0.048018435928632364 0.025385534932828066 -0.021906540665470622 -0.011549678167200976 -0.091128741915789874
leaf_weight=19 14.999999999999998 20 19 28 23 214 472 26 77 21 28 15.999999999999998 24
leaf_count=19 15 20 19 28 23 214 472 26 77 21 28 16 24
internal_value=0.000179584 -0.00277054 0.00261899 0.0424072 -0.00563162 -0.00223167 -0.00645755 0.00444715 -0.0192705 -0.0466434 -0.0640962 -0.0839629 -0.05953
internal_weight=1002 987 879 151 728 709 686 131 103 108 87 59 40
internal_count=1002 987 879 151 728 709 686 131 103 108 87 59 40
is_linear=0
shrinkage=0.05


Tree=138
num_leaves=14
num_cat=0
split_feature=24 48 94 20 84 96 82 35 61 20 58 74 44
split_gain=212.209 897.43 279.597 96.4007 118.142 181.651 357.923 133.811 107.264 105.538 94.6965 102.637 62.6887
threshold=16.850000000000005 6.785000000000001 7.2250000000000005 42.550000000000004 0.00083333333333335269 37.550000000000004 -0.15416666666666631 1.0000000180025095e-35 0.16500000000000004 46.850000000000001 3.7150000000000003 -0.35000000000000137 2.5000000000000004
decision_type=2 2 2 2 2 2 2 2 2 2 2 2 2
left_child=1 -1 3 4 10 6 -6 -7 12 -10 -2 -12 -5
right_child=2 -3 -4 8 5 7 -8 -9 9 -11 11 -13 -14
leaf_value=0.41752398540049995 0.10580144416736928 -0.078186093586863889 -0.20274937543255545 0.058897700883537178 0.32029981534212637 0.074895825719190512 0.0039273909583890055 -0.00092112117670498084 -0.031217297098853371 -0.18853086029638108 -0.054686366654066156 -0.00036154960819314257 -0.048939268654564404
leaf_weight=14.999999999999998 17 23 17 25 14.999999999999998 75 22 258 23 20 116 347 29
leaf_count=15 17 23 17 25 15 75 22 258 23 20 116 347 29
internal_value=0.00220037 0.11794 -0.00236855 0.00124432 0.00664026 0.0278715 0.132839 0.0161571 -0.0459463 -0.10477 -0.00971751 -0.0139918 0.000909419
internal_weight=1002 38 964 947 850 370 37 333 97 43 480 463 54
internal_count=1002 38 964 947 850 370 37 333 97 43 480 463 54
is_linear=0
shrinkage=0.05


Tree=139
num_leaves=12
num_cat=0
split_feature=121 115 95 36 37 35 33 105 23 23 98
split_gain=231.804 719.37 229.421 121.396 107.034 130.56 123.561 87.5378 74.7337 81.6028 52.8589
threshold=0.76916666666666755 -4.4083333333333306 60.550000000000004 1.5000000000000002 -10.16666666666667 -5.0666666666666691 -0.082500000000000004 15.900000000000002 82.200000000000003 69.65000000000002 29.650000000000002
decision_type=2 2 2 2 2 2 2 2 2 2 2
left_child=2 -2 3 7 -5 10 -7 -1 9 -3 -6
right_child=1 8 -4 4 5 6 -8 -9 -10 -11 -12
leaf_value=-0.004124927565233031 0.36904536660825998 -0.025201487002884534 -0.20061890522375803 0.1040613589630582 -0.010943213342434139 0.080116967039024017 -0.0026331209874574627 -0.1434315256232046 -0.072737074700685647 0.12752027710587341 -0.11262608341398002
leaf_weight=20 17 19 14.999999999999998 24 20 48 725 26 22 15.999999999999998 36
leaf_count=20 17 19 15 24 20 48 725 26 22 16 36
internal_value=-0.000434608 0.0846142 -0.00733437 -0.00408187 0.000183412 -0.00283007 0.00250854 -0.0831122 -0.000626292 0.0446361 -0.0764841
internal_weight=988 74 914 899 853 829 773 46 57 35 56
internal_count=988 74 914 899 853 829 773 46 57 35 56
is_linear=0
shrinkage=0.05


Tree=140
num_leaves=15
num_cat=0
split_feature=94 21 62 37 84 107 11 102 17 101 102 87 54 11
split_gain=253.935 107.274 124.44 142.23 124.54 227.228 401.6 136.463 77.7542 81.975 75.0408 70.7148 56.3925 24.0902
threshold=7.2250000000000005 71.850000000000009 62.800000000000004 -6.724999999999997 0.00083333333333335269 52.500000000000007 31.050000000000004 31.900000000000002 22.050000000000004 34.500000000000007 37.250000000000007 6.7150000000000007 19.400000000000002 31.650000000000002
decision_type=2 2 2 2 2 2 2 2 2 2 2 2 2 2
left_child=1 2 3 -1 8 6 -6 -7 13 -10 12 -12 -5 -4
right_child=-2 -3 4 10 5 7 -8 -9 9 -11 11 -13 -14 -15
leaf_value=-0.18794583097988407 -0.21060938746329178 0.12824065369486021 -0.11804611960553234 0.0011804419665786296 0.32857726080626848 0.074874329560816799 0.04802694407109033 -0.028307249702063188 0.11002997716531059 -0.0085823034573213764 0.095203040008656453 -0.01691895562979686 -0.082249187211791558 -0.045723738345012865
leaf_weight=14.999999999999998 14.999999999999998 14.999999999999998 15.999999999999998 28 14.999999999999998 42 83 134 14.999999999999998 410 17 79 72 43
leaf_count=15 15 15 16 28 15 42 83 134 15 410 17 79 72 43
internal_value=-0.00711609 -0.00398789 -0.00605295 -0.0400061 0.00339583 0.0303311 0.0913105 -0.00362744 -0.0118455 -0.00435933 -0.0285687 0.00296236 -0.0588611 -0.0655877
internal_weight=999 984 969 211 758 274 98 176 484 425 196 96 100 59
internal_count=999 984 969 211 758 274 98 176 484 425 196 96 100 59
is_linear=0
shrinkage=0.05


Tree=141
num_leaves=17
num_cat=0
split_feature=119 56 76 68 0 58 12 57 70 15 76 84 41 0 72 58
split_gain=237.261 86.8526 93.4649 104.961 200.868 299.859 109.592 89.8734 175.543 82.1754 71.5092 71.0814 58.3573 53.5998 53.4467 36.6286
threshold=2.46 48.900000000000006 18.933333333333341 50.500000000000007 1777.0000000000002 4.8150000000000004 49.750000000000007 44.050000000000004 -0.015000000000001011 51.550000000000004 23.950000000000006 0.0083333333333333193 -0.0066666666666672638 1317.5000000000002 1.5608333333333333 5.1550000000000011
decision_type=2 2 2 2 2 2 2 2 2 2 2 2 2 2 2 2
left_child=1 2 3 4 5 -1 -6 9 -9 -5 13 15 -12 -4 -15 -3
right_child=-2 11 10 7 6 -7 -8 8 -10 -11 12 -13 -14 14 -16 -17
leaf_value=0.31028188187012218 0.19717156500216351 -0.07160918430278175 -0.13926843654770421 -0.073033684572090696 -0.11942735022881575 0.047483165333490542 0.031718391062984443 -0.026742176436187995 0.033101812240353523 -0.0038304314104476351 -0.056733111074622367 -0.13871284672869971 0.070963735274266235 -0.086822085533150281 0.019095594632388347 0.031790490124962829
leaf_weight=14.999999999999998 14.999999999999998 17 21 70 17 39 40 198 321 111 15.999999999999998 20 20 29 20 17
leaf_count=15 15 17 21 70 17 39 40 198 321 111 16 20 20 29 20 17
internal_value=0.000494532 -0.00255858 0.00106793 0.00684588 0.0519941 0.121014 -0.0134028 -0.000312606 0.0102608 -0.0306473 -0.0430565 -0.0641225 0.0140711 -0.072486 -0.0435377 -0.0198211
internal_weight=986 971 917 811 111 54 57 700 519 181 106 54 36 70 49 34
internal_count=986 971 917 811 111 54 57 700 519 181 106 54 36 70 49 34
is_linear=0
shrinkage=0.05


Tree=142
num_leaves=21
num_cat=0
split_feature=96 70 76 16 18 0 0 20 104 88 88 49 84 62 77 39 48 0 50 26
split_gain=207.986 88.9199 133.661 184.451 202.833 175.84 92.4033 76.8751 63.7994 62.8035 96.6881 62.2793 61.3909 49.4566 49.1128 45.9667 44.8469 43.4501 43.3121 32.3132
threshold=79.65000000000002 -0.034166666666666672 12.341666666666665 6.0250000000000012 60.350000000000001 2197.5000000000005 3289.5000000000005 29.050000000000004 11.4 5.2350000000000012 5.3850000000000007 4.7400000000000011 0.0083333333333333193 85.550000000000026 3.5000000000000004 -0.60666666666666635 6.7250000000000005 1626.0000000000002 33.45000000000001 24.050000000000004
decision_type=2 2 2 2 2 2 2 2 2 2 2 2 2 2 2 2 2 2 2 2
left_child=1 9 3 4 5 -3 12 17 -9 11 -11 19 -5 18 -10 -12 -17 -4 -13 -1
right_child=-2 2 7 6 -6 -7 -8 8 14 10 15 13 -14 -15 -16 16 -18 -19 -20 -21
leaf_value=-0.058861299243983846 0.18514328452925022 0.055927962373558487 -0.13779241558499808 -0.050165311340049007 0.20615160380090988 -0.0065042916612563385 0.056022741113390229 0.069604234411535668 0.053979815690838095 0.1147563037394688 -0.092790807122930641 -0.0023770073529224673 -0.16625004994948178 0.030867466166034918 -0.037321293964312129 -0.042177517280418735 0.019434508343504828 -0.04061770066904382 -0.08880443173357741 -0.16071917324038276
leaf_weight=14.999999999999998 14.999999999999998 231 21 48 15.999999999999998 220 15.999999999999998 21 17 14.999999999999998 18 24 14.999999999999998 23 105 52 68 26 37 17
leaf_count=15 15 231 21 48 16 220 16 21 17 15 18 24 15 23 105 52 68 26 37 17
internal_value=0.0009526 -0.00180969 0.00717665 0.019751 0.0317114 0.0254674 -0.050839 -0.0289232 -0.0106273 -0.0264089 -0.00532758 -0.0541429 -0.0781034 -0.031378 -0.0245243 -0.01849 -0.00723529 -0.0843427 -0.0549416 -0.113461
internal_weight=1020 1005 736 546 467 451 79 190 143 269 153 116 63 84 122 138 120 47 61 32
internal_count=1020 1005 736 546 467 451 79 190 143 269 153 116 63 84 122 138 120 47 61 32
is_linear=0
shrinkage=0.05


Tree=143
num_leaves=14
num_cat=0
split_feature=109 39 119 11 24 26 11 31 80 50 54 117 59
split_gain=209.467 1127.31 224.86 100.405 77.4476 80.6981 109.439 92.2559 85.6163 70.5286 59.0915 45.0189 36.6361
threshold=0.060833333333333524 0.2183333333333333 1.9708333333333337 46.050000000000004 15.150000000000002 45.650000000000006 58.550000000000004 -0.014166666666667103 -0.37916666666666637 37.050000000000004 44.750000000000007 0.44249999999999995 34.850000000000001
decision_type=2 2 2 2 2 2 2 2 2 2 2 2 2
left_child=2 -2 4 12 10 6 7 -6 11 -10 -1 -7 -3
right_child=1 3 -4 -5 5 8 -8 -9 9 -11 -12 -13 -14
leaf_value=-0.14572185229810863 0.46552437867549873 -0.13599516846584958 -0.16300490476966445 0.077080112251619634 -0.0091470940223846251 0.089614182382036375 0.14236028100678463 0.028401223628824419 -0.083877071599762376 -0.016394703656400011 -0.0073728164497590225 -0.019427683208769527 -0.029716147618234486
leaf_weight=16.000000000000004 14.999999999999998 14.999999999999998 22 14.999999999999998 399 21 14.999999999999998 277 63 101 14.999999999999998 17 18
leaf_count=16 15 15 22 15 399 21 15 277 63 101 15 17 18
internal_value=0.000490131 0.0886995 -0.00538775 -0.0296773 -0.00161231 0.00108332 0.00921576 0.00623336 -0.0267021 -0.0423836 -0.0791785 0.0407781 -0.0784408
internal_weight=1009 63 946 48 924 893 691 676 202 164 31 38 33
internal_count=1009 63 946 48 924 893 691 676 202 164 31 38 33
is_linear=0
shrinkage=0.05


Tree=144
num_leaves=10
num_cat=0
split_feature=96 109 109 119 13 15 65 4 10
split_gain=298.753 108.624 139.715 88.8993 89.1205 230.972 51.0327 43.5007 26.8299
threshold=78.200000000000017 0.063333333333333922 0.059166666666666153 1.861666666666667 1.9650000000000001 17.950000000000006 27.750000000000004 3.5000000000000004 6.0050000000000008
decision_type=2 2 2 2 2 2 2 2 2
left_child=1 2 3 4 7 -6 -3 -1 -8
right_child=-2 6 -4 -5 5 -7 8 -9 -10
leaf_value=-0.11971732486677432 0.22250115199643652 -0.12419222652664817 0.1533241710422055 -0.11646937054136525 0.19407685330565672 0.0028321134644758244 -0.076047300927291644 -0.028695095248535547 0.015274487745169311
leaf_weight=18 14.999999999999998 24 14.999999999999998 15.999999999999998 15.999999999999998 819 14.999999999999998 49 17
leaf_count=18 15 24 15 16 16 819 15 49 17
internal_value=0.00177598 -0.00158882 0.00246881 -7.13228e-06 0.00206586 0.00652547 -0.0691649 -0.0533653 -0.0274804
internal_weight=1004 989 933 918 902 835 56 67 32
internal_count=1004 989 933 918 902 835 56 67 32
is_linear=0
shrinkage=0.05


Tree=145
num_leaves=12
num_cat=0
split_feature=109 0 96 68 17 45 45 78 39 109 48
split_gain=205.946 907.715 223.999 81.733 81.7522 75.8639 171.579 69.6987 56.7886 34.6154 28.2505
threshold=0.061666666666666099 1777.0000000000002 79.100000000000009 45.500000000000007 46.350000000000001 -0.0091666666666666546 -0.0066666666666666393 -0.58833333333333371 -0.13499999999999976 0.0041666666666664307 6.785000000000001
decision_type=2 2 2 2 2 2 2 2 2 2 2
left_child=2 -2 3 -1 5 7 -7 -5 -6 -10 -3
right_child=1 10 -4 4 8 6 -8 -9 9 -11 -12
leaf_value=0.095036810029174468 0.33734295136936299 -0.01769943443797023 -0.18486613294883081 -0.059499174903416302 -0.14008172113702905 0.084581447277694913 0.00029114427959998755 -0.0061527280530520832 0.012967550122376645 -0.0709626938376961 -0.10246704296924132
leaf_weight=21 23 22 17 77 15.999999999999998 71 401 299 23 26 18
leaf_count=21 23 22 17 77 16 71 401 299 23 26 18
internal_value=0.000267071 0.0877466 -0.00553146 -0.00224255 -0.00449572 -0.000344474 0.0129962 -0.0171036 -0.058493 -0.0315189 -0.0561299
internal_weight=1014 63 951 934 913 848 472 376 65 49 40
internal_count=1014 63 951 934 913 848 472 376 65 49 40
is_linear=0
shrinkage=0.05


Tree=146
num_leaves=13
num_cat=0
split_feature=95 57 109 109 62 0 19 84 57 23 53 15
split_gain=278.959 122.58 101.338 90.5807 249.778 172.636 87.9364 102.891 89.0452 73.1558 51.3628 42.4467
threshold=57.750000000000007 23.300000000000001 0.064166666666666497 0.034999999999999705 52.750000000000007 696.50000000000011 6.370000000000001 -0.0016666666666666911 61.150000000000013 75.950000000000017 32.800000000000004 55.95000000000001
decision_type=2 2 2 2 2 2 2 2 2 2 2 2
left_child=1 10 3 6 -5 -6 8 -8 -3 -4 -1 -12
right_child=-2 2 9 4 5 -7 7 -9 -10 -11 11 -13
leaf_value=-0.15335820256269464 0.19837726975480718 0.0060130849345253912 -0.148848945436102 0.23225973643214501 0.14102814271034697 -0.014725057909962376 0.014939759449650911 -0.15966063872837896 -0.046799461684229618 -0.019619679256160372 0.0149943696890051 -0.10342238782257435
leaf_weight=17 17 644 19 14.999999999999998 22 91 14.999999999999998 19 91 26 15.000000000000002 14.999999999999998
leaf_count=17 17 644 19 15 22 91 15 19 91 26 15 15
internal_value=-0.00184123 -0.00530757 -0.00136613 0.00230527 0.0412365 0.0156522 -0.00417284 -0.0826665 -0.000524286 -0.0745031 -0.0840274 -0.0441948
internal_weight=1006 989 942 897 128 113 769 34 735 45 47 30
internal_count=1006 989 942 897 128 113 769 34 735 45 47 30
is_linear=0
shrinkage=0.05


Tree=147
num_leaves=18
num_cat=0
split_feature=119 4 4 39 52 17 27 74 113 102 28 59 23 100 33 82 105
split_gain=235.508 72.2965 130.196 139.821 136.951 306.483 104.083 96.7628 90.6225 118.083 130.231 107.328 95.3771 81.9244 71.417 54.7641 33.1736
threshold=2.46 2.5000000000000004 8.5000000000000018 -3.8099999999999992 3.5850000000000004 30.350000000000005 7.2500000000000009 -11.475000000000001 5.2166666666666659 26.350000000000005 5.4000000000000012 33.20000000000001 54.150000000000006 0.19500000000000003 -0.044166666666666902 -0.25333333333333291 14.250000000000002
decision_type=2 2 2 2 2 2 2 2 2 2 2 2 2 2 2 2 2
left_child=1 8 3 -3 5 -5 -4 -6 9 12 -11 -12 -1 14 -8 -14 -10
right_child=-2 2 6 4 7 -7 13 -9 16 10 11 -13 15 -15 -16 -17 -18
leaf_value=0.037720608545674217 0.19685782273084124 0.16791966502433237 0.089815370657595039 0.28347809906826904 -0.089726225808417395 0.011312709223152648 -0.08464631547508944 0.013977545502461768 -0.043775556891004028 -0.052380106186965682 0.19402297505680818 0.022004261298625954 -0.17487856679081176 0.088861112620519545 -0.018279854425102719 -0.055840365665842329 -0.13435343650181264
leaf_weight=17 14.999999999999998 15.999999999999998 22 14.999999999999998 24 33 46 336 18 24 15.999999999999998 21 15.999999999999998 15.999999999999998 341 25 24
leaf_count=17 15 16 22 15 24 33 46 336 18 24 16 21 16 16 341 25 24
internal_value=0.000851565 -0.00207367 0.00374757 0.0233528 0.0176315 0.0968809 -0.0158007 0.00702708 -0.0327851 -0.0104233 0.0380638 0.096848 -0.0614822 -0.0215996 -0.0262011 -0.102728 -0.0958493
internal_weight=1025 1010 849 424 408 48 425 360 161 119 61 37 58 403 387 41 42
internal_count=1025 1010 849 424 408 48 425 360 161 119 61 37 58 403 387 41 42
is_linear=0
shrinkage=0.05


Tree=148
num_leaves=9
num_cat=0
split_feature=94 55 62 21 65 102 65 67
split_gain=238.748 107.314 81.5048 107.315 115.384 104.141 87.1397 26.4993
threshold=7.3100000000000014 1.6350000000000002 30.350000000000005 72.15000000000002 12.750000000000002 23.050000000000004 15.750000000000002 14.650000000000002
decision_type=2 2 2 2 2 2 2 2
left_child=1 7 -3 4 5 -4 -6 -1
right_child=-2 2 3 -5 6 -7 -8 -9
leaf_value=-0.11489100425070026 0.19707037279542708 0.095029136363197764 0.058600554258927046 -0.13433411784519422 0.077663233534588552 -0.082733068427566059 0.0020801978345518354 -0.030106679177442138
leaf_weight=25 14.999999999999998 22 15.999999999999998 14.999999999999998 40 68 782 14.999999999999998
leaf_count=25 15 22 16 15 40 68 782 15
internal_value=-0.000230787 -0.00326631 0.000134942 -0.00213645 6.13236e-05 -0.0557153 0.00577329 -0.0833759
internal_weight=998 983 943 921 906 84 822 40
internal_count=998 983 943 921 906 84 822 40
is_linear=0
shrinkage=0.05


Tree=149
num_leaves=12
num_cat=0
split_feature=112 47 96 61 62 21 28 26 33 28 48
split_gain=191.344 880.234 239.163 110.461 129.378 129.33 90.9018 74.924 41.3891 36.0857 33.4534
threshold=1.5000000000000002 1.0000000180025095e-35 79.100000000000009 0.20500000000000004 30.350000000000005 68.100000000000009 14.650000000000002 10.150000000000002 -0.082500000000000004 6.5500000000000007 6.7950000000000008
decision_type=2 2 2 2 2 2 2 2 2 2 2
left_child=1 -1 3 4 -2 7 8 -6 -3 -10 -5
right_child=2 6 -4 10 5 -7 -8 -9 9 -11 -12
leaf_value=0.38116731727650155 0.14066893628665378 -0.11299724963721849 -0.19239862470598945 -0.045029236623221287 0.066445061535440803 -0.12772268477957047 0.072546293093744982 -0.0028426859418237576 0.028734910300981378 -0.068926751792256588 -0.13730204513198449
leaf_weight=18 15.999999999999998 14.999999999999998 17 24 41 20 25 769 21 17 17
leaf_count=18 16 15 17 24 41 20 25 769 21 17 17
internal_value=-4.45143e-05 0.0670285 -0.00717947 -0.00360269 0.000280258 -0.00243663 -0.00579625 0.000666069 -0.0429115 -0.0148908 -0.0836513
internal_weight=1000 96 904 887 846 830 78 810 53 38 41
internal_count=1000 96 904 887 846 830 78 810 53 38 41
is_linear=0
shrinkage=0.05


Tree=150
num_leaves=13
num_cat=0
split_feature=24 27 95 70 103 62 25 37 63 115 123 84
split_gain=219.414 813.023 241.657 91.5368 121.787 172.306 128.361 116.665 64.4577 47.1305 47.7351 27.4146
threshold=16.850000000000005 14.900000000000002 58.550000000000004 -0.016666666666667048 13.450000000000001 74.15000000000002 14.250000000000002 -10.541666666666666 21.950000000000003 18.383333333333344 -0.016666666666666646 0.0066666666666666688
decision_type=2 2 2 2 2 2 2 2 2 2 2 2
left_child=1 -1 3 8 5 -5 -6 -8 11 10 -10 -2
right_child=2 -3 -4 4 6 -7 7 -9 9 -11 -12 -13
leaf_value=-0.0561836570158772 -0.044673578066760623 0.40479080159932579 -0.19712884449255391 0.19389740657855833 0.1388334047694674 -0.001758190130049757 -0.112800616740641 0.0046297636887089278 -0.055644642791837985 0.066726567434985729 -0.0085595262439979725 -0.13321908834558094
leaf_weight=26 20 14.999999999999998 15.999999999999998 21 17 24 22 492 68 17 259 15.999999999999998
leaf_count=26 20 15 16 21 17 24 22 492 68 17 259 16
internal_value=-0.000235332 0.112918 -0.00502455 -0.0017839 0.0107765 0.0896644 0.00406602 -0.000407677 -0.0208338 -0.0141417 -0.0183802 -0.0844257
internal_weight=1013 41 972 956 576 45 531 514 380 344 327 36
internal_count=1013 41 972 956 576 45 531 514 380 344 327 36
is_linear=0
shrinkage=0.05


Tree=151
num_leaves=20
num_cat=0
split_feature=96 38 14 102 113 74 23 68 88 97 28 4 13 25 5 41 63 31 58
split_gain=203.341 97.2051 122.445 100.76 133.358 192.61 117.95 71.4121 96.9834 60.6352 63.7566 60.2183 53.3761 48.5903 43.4905 61.637 40.302 39.6687 32.8168
threshold=78.200000000000017 5.5000000000000009 58.350000000000001 23.900000000000002 -0.3833333333333328 5.1916666666666638 86.450000000000017 53.500000000000007 4.1950000000000012 5.7350000000000012 9.3000000000000025 2.5000000000000004 5.1650000000000009 47.70000000000001 1.0000000180025095e-35 -0.29916666666666675 39.250000000000007 -0.01250000000000062 5.205000000000001
decision_type=2 2 2 2 2 2 2 2 2 2 2 2 2 2 2 2 2 2 2
left_child=1 2 3 11 5 -5 -6 13 -9 10 -10 17 -13 14 15 -3 -16 -1 -15
right_child=-2 7 -4 4 6 -7 -8 8 9 -11 -12 12 -14 18 16 -17 -18 -19 -20
leaf_value=-0.13265913320943643 0.17278563216415763 -0.013604008727121039 0.14966326097630903 0.10489762526683236 0.014152423323101397 0.0030804640914990746 -0.04790086004525055 0.11709352108817661 0.062635268808960184 -0.10084064032947807 -0.027771242424316212 -0.056119248483862197 0.034604542498129214 -0.050020659944734806 0.015846905542107728 -0.13374382151080555 -0.073614342355159748 -0.038061985362676659 0.027803333525237662
leaf_weight=21 17 14.999999999999998 14.999999999999998 84 282 104 105 15.999999999999998 29 17 59 30 35 26 22 38 29 24 28
leaf_count=21 17 15 15 84 282 104 105 16 29 17 59 30 35 26 22 38 29 24 28
internal_value=0.00185133 -0.00112912 0.00881235 0.00569933 0.0140942 0.0486314 -0.00267885 -0.026084 0.00278478 -0.014681 0.00200234 -0.0381105 -0.00721306 -0.0482118 -0.0681846 -0.0999258 -0.0349699 -0.0825144 -0.00959825
internal_weight=996 979 700 685 575 188 387 279 121 105 88 110 65 158 104 53 51 45 54
internal_count=996 979 700 685 575 188 387 279 121 105 88 110 65 158 104 53 51 45 54
is_linear=0
shrinkage=0.05


Tree=152
num_leaves=22
num_cat=0
split_feature=95 77 35 4 82 16 27 104 16 3 18 56 39 84 25 102 89 96 106 25 0
split_gain=479.234 85.3609 131.936 142.672 232.514 468.418 230.343 204.403 75.5828 74.8914 149.763 91.1834 73.7988 60.1435 52.0536 46.4254 37.8036 33.0584 60.4063 38.1443 27.7952
threshold=55.500000000000007 4.5000000000000009 19.550000000000001 8.5000000000000018 -0.13666666666666624 4.6150000000000011 8.8500000000000014 34.650000000000013 5.2650000000000006 4.5000000000000009 53.45000000000001 34.050000000000004 1.1816666666666673 0.016666666666666653 41.150000000000013 39.600000000000009 23.550000000000004 43.650000000000006 15.350000000000003 24.500000000000004 3068.5000000000005
decision_type=2 2 2 2 2 2 2 2 2 2 2 2 2 2 2 2 2 2 2 2 2
left_child=1 2 3 4 5 -1 -5 -6 13 10 -10 -12 -8 17 -4 -16 -11 19 -19 -3 -18
right_child=-2 8 14 6 7 -7 12 -9 9 16 11 -13 -14 -15 15 -17 20 18 -20 -21 -22
leaf_value=0.34168277258674307 0.28113061434385794 -0.076778807318368503 0.013743117208023207 0.16778981579326049 -0.031719559841848211 0.055201111860513422 -0.047795421434130639 0.092906116135813899 0.12489882737807803 -0.1030372825020935 0.049783668063417837 -0.050686500083186675 0.01034005736461167 -0.13174202269629429 -0.12152384673869335 -0.027123651582423088 -0.043741443013205039 -0.069800167846024108 0.01537854594498103 0.012892526604519134 0.029188278028324466
leaf_weight=17 14.999999999999998 14.999999999999998 21 17 109 87 126 47 29 17 41 50 96 17 29 24 37 89 27 55 20
leaf_count=17 15 15 21 17 109 87 126 47 29 17 41 50 96 17 29 24 37 89 27 55 20
internal_value=0.00161504 -0.00273074 0.00960898 0.0188578 0.044487 0.102361 -0.00900927 0.00583135 -0.0205515 0.00174245 0.0261555 -0.00535988 -0.0226399 -0.041872 -0.0526322 -0.0790023 -0.0377606 -0.0335648 -0.0499349 -0.00633355 -0.0180582
internal_weight=985 970 573 499 260 104 239 156 397 194 120 91 222 203 74 53 74 186 116 70 57
internal_count=985 970 573 499 260 104 239 156 397 194 120 91 222 203 74 53 74 186 116 70 57
is_linear=0
shrinkage=0.05


Tree=153
num_leaves=21
num_cat=0
split_feature=109 35 119 20 44 77 36 84 62 50 22 37 96 65 64 109 119 0 104 74
split_gain=209.156 957.573 247.984 174.384 86.4705 99.7282 126.611 308.566 92.2096 71.852 71.7425 65.3809 50.7357 66.0107 55.4436 50.6821 57.5285 40.9732 25.9781 24.1431
threshold=0.061666666666666099 -3.5166666666666671 1.9708333333333337 35.350000000000001 1.5000000000000002 5.5000000000000009 4.5000000000000009 0.010833333333333335 85.90000000000002 29.100000000000005 0.16500000000000004 8.4416666666666718 50.45000000000001 38.45000000000001 57.95000000000001 -0.025000000000000796 0.35333333333333311 1982.5000000000002 29.800000000000004 -6.2499999999999991
decision_type=2 2 2 2 2 2 2 2 2 2 2 2 2 2 2 2 2 2 2 2
left_child=2 -2 4 18 9 6 7 -6 11 15 -8 -7 14 -14 -11 19 -17 -10 -3 -1
right_child=1 3 -4 -5 5 8 10 -9 17 12 -12 -13 13 -15 -16 16 -18 -19 -20 -21
leaf_value=-0.15332473127738289 0.43662796011001853 -0.045509426051516401 -0.16595265080918484 0.11518621431009857 0.023322199055788861 -0.080501279683499058 0.023638989057568012 0.18215452335011267 0.094485665413226866 -0.048095886593167519 -0.032673401711386205 0.0064079782620907952 0.049546140660682046 -0.026346744252860894 0.052914160221629994 -0.0626584586469833 0.052580498089853503 -0.011777111204618908 -0.13952436903059878 -0.06641908707151635
leaf_weight=15.999999999999998 14.999999999999998 15.000000000000002 23 14.999999999999998 201 66 112 36 18 86 114 32 65 51 15.999999999999998 38 14.999999999999998 18 14.999999999999998 17
leaf_count=16 15 15 23 15 201 66 112 36 18 86 114 32 65 51 16 38 15 18 15 17
internal_value=0.00168338 0.0920696 -0.00418977 -0.0233858 -3.69156e-05 0.0110105 0.0220099 0.0475364 -0.0269457 -0.0217449 -0.00474615 -0.0520942 -0.00644201 0.0161424 -0.0321659 -0.0604253 -0.0299119 0.0413303 -0.0929904 -0.109042
internal_weight=984 60 924 45 901 597 463 237 134 304 226 98 218 116 102 86 53 36 30 33
internal_count=984 60 924 45 901 597 463 237 134 304 226 98 218 116 102 86 53 36 30 33
is_linear=0
shrinkage=0.05


Tree=154
num_leaves=10
num_cat=0
split_feature=24 55 119 97 57 43 97 116 29
split_gain=186.917 867.831 243.731 89.9637 87.3403 126.536 89.5181 51.3645 24.3664
threshold=16.850000000000005 5.2750000000000012 1.9708333333333337 6.5150000000000015 65.200000000000003 1.3791666666666667 6.2250000000000005 4.5000000000000009 53.500000000000007
decision_type=2 2 2 2 2 2 2 2 2
left_child=1 -1 3 4 5 6 -2 8 -6
right_child=2 -3 -4 -5 7 -7 -8 -9 -10
leaf_value=0.37534968500945998 0.0016796643400124106 -0.099050683996796063 -0.18031714480584829 -0.086366512580003427 0.032370493881749784 0.14170109204381529 0.11122655537837618 -0.10854935604950477 -0.055964779344774923
leaf_weight=17 796 22 19 29 15.000000000000002 17 19 26 15.999999999999998
leaf_count=17 796 22 19 29 15 17 19 26 16
internal_value=0.000928651 0.108042 -0.00353538 0.000137299 0.00297415 0.00708412 0.00425298 -0.0568367 -0.0130945
internal_weight=976 39 937 918 889 832 815 57 31
internal_count=976 39 937 918 889 832 815 57 31
is_linear=0
shrinkage=0.05


Tree=155
num_leaves=14
num_cat=0
split_feature=94 24 73 4 32 27 27 68 33 89 50 0 13
split_gain=232.717 102.349 78.0454 100.834 203.702 225.313 121.841 85.9968 68.3232 62.8136 51.9059 45.3001 22.0031
threshold=6.9600000000000017 12.750000000000002 5.5000000000000009 8.5000000000000018 5.5000000000000009 31.400000000000002 8.5000000000000018 49.500000000000007 -0.067500000000000324 18.350000000000005 45.050000000000004 549.50000000000011 5.3850000000000007
decision_type=2 2 2 2 2 2 2 2 2 2 2 2 2
left_child=1 -1 3 4 5 -3 -5 -4 -8 -6 12 -12 -9
right_child=-2 2 7 6 9 -7 8 10 -10 -11 11 -13 -14
leaf_value=-0.11131600116101487 0.161684934963468 0.033381480305323695 0.0612712365519478 0.12068051121064594 -0.096307921508535801 0.17480873640545433 -0.093317952137632471 -0.10186784845217001 -0.012653155213421112 -0.0081334742416851492 -0.099550170261667376 -0.010349154469224332 -0.037394305214083566
leaf_weight=21 22 232 25 15.999999999999998 24 32 29 35 272 126 15.999999999999998 125 22
leaf_count=21 22 232 25 16 24 32 29 35 272 126 16 125 22
internal_value=0.00123859 -0.00239282 1.10321e-05 0.00791551 0.024167 0.0506028 -0.013294 -0.0258696 -0.0204699 -0.0223295 -0.0369228 -0.0205701 -0.07718
internal_weight=997 975 954 731 414 264 317 223 301 150 198 141 57
internal_count=997 975 954 731 414 264 317 223 301 150 198 141 57
is_linear=0
shrinkage=0.05


Tree=156
num_leaves=16
num_cat=0
split_feature=84 12 119 59 2 105 28 21 102 28 15 87 35 25 10
split_gain=171.355 1431.29 159.121 100.607 82.1708 168.296 120.299 80.334 76.8718 76.0963 100.398 75.7782 66.8086 65.1485 76.2256
threshold=0.016666666666666653 49.350000000000001 1.7608333333333339 39.95000000000001 3.5000000000000004 5.4000000000000012 23.650000000000002 71.750000000000014 30.750000000000004 6.2500000000000009 51.750000000000007 6.8550000000000013 -5.3666666666666609 52.050000000000004 5.9750000000000005
decision_type=2 2 2 2 2 2 2 2 2 2 2 2 2 2 2
left_child=2 -2 4 8 7 -6 12 9 -3 10 -1 -11 -7 14 -10
right_child=1 3 -4 -5 5 6 -8 -9 13 11 -12 -13 -14 -15 -16
leaf_value=-0.065277239014483776 0.4529964233743739 -0.11680768746617845 -0.13302420078520757 0.093244959296980456 0.15385093933047214 -0.1065646527346617 0.11482013056046284 -0.12384001001808212 -0.061259207588518966 -0.0091522289699051511 4.3440822812912264e-05 0.042898378177617297 0.0018161133125895049 -0.085756616776376526 0.055610194550305969
leaf_weight=120 19 21 25 19 22 15.999999999999998 22 15.999999999999998 21 312 115 90 121 21 41
leaf_count=120 19 21 25 19 22 16 22 16 21 312 115 90 121 21 41
internal_value=-0.000559195 0.0502964 -0.00897675 -0.0121862 -0.0052368 0.0245548 0.00654786 -0.0135047 -0.0315667 -0.0107064 -0.0333041 0.00249623 -0.0108735 -0.00982497 0.01591
internal_weight=1001 142 859 123 834 181 159 653 104 637 235 402 137 83 62
internal_count=1001 142 859 123 834 181 159 653 104 637 235 402 137 83 62
is_linear=0
shrinkage=0.05


Tree=157
num_leaves=11
num_cat=0
split_feature=119 24 53 44 21 44 25 117 62 71
split_gain=156.484 80.0326 71.5868 156.654 96.4317 65.955 116.629 81.6014 33.1576 25.8976
threshold=2.46 14.250000000000002 56.150000000000013 3.5000000000000004 71.850000000000009 2.5000000000000004 22.450000000000003 -1.2499999999999993 81.65000000000002 5.5000000000000009
decision_type=2 2 2 2 2 2 2 2 2 2
left_child=1 -1 4 8 5 7 -7 -3 -4 -10
right_child=-2 2 3 -5 -6 6 -8 -9 9 -11
leaf_value=-0.091128447355076483 0.15601446065843474 0.046948328947585327 -0.0423922112716206 -0.14463148123631075 0.13067682065711117 -0.038935572890980139 0.030923625260759438 -0.017342697401546748 0.072421359750612854 -0.0121460457196274
leaf_weight=24 15.999999999999998 56 25 26 14.999999999999998 73 326 409 19 17
leaf_count=24 16 56 25 26 15 73 326 409 19 17
internal_value=0.00138395 -0.00112559 0.00111453 -0.0421168 0.0054034 0.00320786 0.0181233 -0.00958094 0.00166131 0.0324252
internal_weight=1006 990 966 87 879 864 399 465 61 36
internal_count=1006 990 966 87 879 864 399 465 61 36
is_linear=0
shrinkage=0.05


Tree=158
num_leaves=13
num_cat=0
split_feature=24 55 95 38 14 53 50 102 117 22 105 43
split_gain=190.261 871.758 230.959 86.5914 95.7009 78.2394 90.9192 44.9773 53.2929 42.1276 40.6466 40.4618
threshold=16.850000000000005 5.2750000000000012 58.550000000000004 5.5000000000000009 59.750000000000007 55.500000000000007 32.150000000000013 59.650000000000006 -1.3600000000000003 0.15500000000000003 15.350000000000003 -0.6091666666666663
decision_type=2 2 2 2 2 2 2 2 2 2 2 2
left_child=1 -1 3 4 5 6 -2 8 10 -7 -5 -10
right_child=2 -3 -4 7 -6 9 -8 -9 11 -11 -12 -13
leaf_value=0.3935424538132567 -0.01620928403213116 -0.074295552571614576 -0.19827205838746584 0.084303107510627417 0.13283006366317637 0 0.025750576388064789 0.041773466888444244 -0.096567040093216608 -0.071763238874372345 -0.022214958290407316 -0.032040070626724919
leaf_weight=15.999999999999998 192 26 14.999999999999998 15.999999999999998 14.999999999999998 37 393 23 28 46 20 187
leaf_count=16 192 26 15 16 15 37 393 23 28 46 20 187
internal_value=0.000253258 0.104321 -0.00424863 -0.00118188 0.00833893 0.00551652 0.0119702 -0.0249271 -0.0310732 -0.0398696 0.0250903 -0.0405078
internal_weight=1014 42 972 957 683 668 585 274 251 83 36 215
internal_count=1014 42 972 957 683 668 585 274 251 83 36 215
is_linear=0
shrinkage=0.05


Tree=159
num_leaves=17
num_cat=0
split_feature=94 33 33 51 76 96 13 13 6 43 89 88 15 56 80 66
split_gain=208.803 72.5512 118.778 77.4474 124.777 261.939 99.4826 97.7993 83.6509 63.5002 52.8054 115.271 45.5747 31.4501 56.1647 26.0582
threshold=7.2700000000000005 1.275833333333334 1.2083333333333328 35.250000000000007 -6.5499999999999998 48.150000000000013 4.4250000000000007 4.3400000000000007 1.5000000000000002 -0.004166666666666873 24.750000000000004 5.0650000000000004 53.70000000000001 30.850000000000005 0.48583333333333384 16.650000000000002
decision_type=2 2 2 2 2 2 2 2 2 2 2 2 2 2 2 2
left_child=1 2 3 6 5 -5 -1 -6 -8 10 -3 -12 -11 -14 -15 -13
right_child=-2 9 -4 4 7 -7 8 -9 -10 12 11 15 13 14 -16 -17
leaf_value=-0.15184538558701785 0.18567832503097736 -0.059396216210972269 0.12785137618711481 0.18449902154530859 0.036547286022422562 4.2143466698100392e-05 0.067510227455618618 -0.011293416213550326 -0.086684214772536738 -0.12175016778087185 0.1462657446004697 0.029285042292160515 0.010252591891728377 -0.11201902918831599 -0.0057900662862413648 -0.048833022461392567
leaf_weight=18 14.999999999999998 25 19 29 134 57 18 525 17 22 14.999999999999998 19 22 26 24 24
leaf_count=18 15 25 19 29 134 57 18 525 17 22 15 19 22 26 24 24
internal_value=0.0011416 -0.00165653 0.00462653 0.00167069 0.00583431 0.0624428 -0.0566623 -0.00155391 -0.00727535 -0.0306725 0.00114604 0.0273852 -0.0587921 -0.0393433 -0.0612423 -0.0142119
internal_weight=1009 994 817 798 745 86 53 659 35 177 83 58 94 72 50 43
internal_count=1009 994 817 798 745 86 53 659 35 177 83 58 94 72 50 43
is_linear=0
shrinkage=0.05


Tree=160
num_leaves=11
num_cat=0
split_feature=31 94 19 99 74 84 14 30 25 41
split_gain=206.703 308.029 78.5286 71.803 108.447 92.2028 214.639 74.3106 72.6815 54.6892
threshold=0.05333333333333324 7.2250000000000005 6.8650000000000011 42.150000000000013 -2.7916666666666692 0.00083333333333335269 19.100000000000005 1.5000000000000002 22.450000000000003 -0.29249999999999993
decision_type=2 2 2 2 2 2 2 2 2 2
left_child=1 2 3 4 9 8 -7 -6 -5 -1
right_child=-2 -3 -4 5 7 6 -8 -9 -10 -11
leaf_value=-0.015535631166487341 0.1366476768662129 -0.22023616451654374 0.11342118510742061 -0.056843653431766721 -0.051855664583729866 0.14084411512781711 0.011159656596532289 0.022256372436075599 -0.00063331254611880483 -0.13169627867847961
leaf_weight=14.999999999999998 27 15.999999999999998 14.999999999999998 68 56 36 276 85 371 32
leaf_count=15 27 16 15 68 56 36 276 85 371 32
internal_value=0.000443751 -0.00335603 0.000298831 -0.0015148 -0.0291447 0.00539819 0.0261796 -0.00715865 -0.0093625 -0.0948416
internal_weight=997 970 954 939 188 751 312 141 439 47
internal_count=997 970 954 939 188 751 312 141 439 47
is_linear=0
shrinkage=0.05


Tree=161
num_leaves=9
num_cat=0
split_feature=109 65 95 123 24 45 25 37
split_gain=168.16 961.112 232.458 87.0366 72.1376 82.8692 70.797 104.571
threshold=0.060833333333333524 23.050000000000004 58.550000000000004 -0.004166666666666651 12.750000000000002 0.029999999999999988 8.2000000000000011 -6.724999999999997
decision_type=2 2 2 2 2 2 2 2
left_child=2 -2 4 -3 -1 6 -6 -8
right_child=1 3 -4 -5 5 -7 7 -9
leaf_value=-0.091944064842581177 0.42752252995770501 -0.10748399963946703 -0.18662076637758845 0.031517207053687067 0.094436551911356553 0.099504644893356975 -0.0618728879525147 0.0022689273065559642
leaf_weight=21 14.999999999999998 21 17 24 19 21 69 789
leaf_count=21 15 21 17 24 19 21 69 789
internal_value=0.00123912 0.0823168 -0.00396107 -0.0333337 -0.000556783 0.00158477 -0.000765327 -0.00289011
internal_weight=996 60 936 45 919 898 877 858
internal_count=996 60 936 45 919 898 877 858
is_linear=0
shrinkage=0.05


Tree=162
num_leaves=15
num_cat=0
split_feature=77 31 96 21 53 39 109 53 62 14 109 31 55 107
split_gain=162.582 797.435 210.277 174.839 125.383 124.105 112.589 93.1232 84.9945 206.558 76.8398 67.6766 39.0856 35.125
threshold=3.5000000000000004 0.044999999999999492 73.600000000000009 68.100000000000009 45.750000000000007 -3.9274999999999998 0.059166666666666153 26.000000000000004 70.90000000000002 17.150000000000002 -0.034999999999999691 -0.028333333333332874 4.7750000000000012 52.500000000000007
decision_type=2 2 2 2 2 2 2 2 2 2 2 2 2 2
left_child=1 3 5 4 6 -2 10 12 9 -9 -1 -10 -7 -14
right_child=2 -3 -4 -5 -6 7 -8 8 11 -11 -12 -13 13 -15
leaf_value=0.045288456170621896 0.10989436060896417 0.38370270853652472 -0.19814514904622213 0.18007063845184862 0.10611422377161656 -0.12888352077509929 -0.11680519827711047 0.18623983223423446 -0.038087450412507773 0.0023357466015125517 -0.0096827157364658273 0.0039434694819381793 -0.098847439832854683 -0.005599940963000415
leaf_weight=87 21 14.999999999999998 14.999999999999998 14.999999999999998 29 20 20 18 198 98 235 185 17 25
leaf_count=87 21 15 15 15 29 20 20 18 198 98 235 185 17 25
internal_value=0.00261657 0.0272409 -0.0139168 0.01328 0.00647631 -0.00912686 -0.00198646 -0.0136099 -0.00641176 0.0310515 0.00516367 -0.0177765 -0.0713592 -0.0436069
internal_weight=998 401 597 386 371 582 342 561 499 116 322 383 62 42
internal_count=998 401 597 386 371 582 342 561 499 116 322 383 62 42
is_linear=0
shrinkage=0.05


Tree=163
num_leaves=10
num_cat=0
split_feature=61 0 96 31 26 48 84 123 0
split_gain=178.21 674.876 183.755 88.59 79.0229 79.9989 87.4168 72.9018 47.8028
threshold=0.20500000000000004 462.00000000000006 79.100000000000009 0.049999999999999385 5.8500000000000005 6.7650000000000006 0.00083333333333335269 0.022499999999999996 1626.0000000000002
decision_type=2 2 2 2 2 2 2 2 2
left_child=2 -2 3 4 -1 7 -7 -6 -5
right_child=1 -3 -4 8 5 6 -8 -9 -10
leaf_value=0.10325763459363696 0.34267580829865751 -0.058473797634628871 -0.17345512327940568 -0.14876350778222874 -0.028462386613610832 -0.0066581578453622356 0.033196946374877585 0.063620064991377123 -0.028978584689229571
leaf_weight=18 17 27 15.999999999999998 14.999999999999998 305 351 226 23 19
leaf_count=18 17 27 16 15 305 351 226 23 19
internal_value=-0.00147426 0.096828 -0.00593421 -0.00311039 -0.000181061 -0.00225511 0.00894672 -0.0219727 -0.0822528
internal_weight=1017 44 973 957 923 905 577 328 34
internal_count=1017 44 973 957 923 905 577 328 34
is_linear=0
shrinkage=0.05


Tree=164
num_leaves=9
num_cat=0
split_feature=96 31 76 76 38 63 33 87
split_gain=260.343 88.3474 77.3578 109.506 66.9323 139.667 67.8923 45.9236
threshold=78.200000000000017 0.063333333333333033 -16.574999999999999 -14.650000000000002 4.5000000000000009 26.650000000000002 -0.16666666666666693 6.8150000000000004
decision_type=2 2 2 2 2 2 2 2
left_child=1 2 7 -4 5 -5 -6 -1
right_child=-2 -3 3 4 6 -7 -8 -9
leaf_value=-0.014725575471146508 0.19988429461206711 -0.12282990622796759 0.1352741042115041 -0.061005529531441671 -0.093575199334269971 0.024035193623293483 -0.0090427704283732157 -0.13307196422975662
leaf_weight=15.999999999999998 15.999999999999998 14.999999999999998 14.999999999999998 55 25 389 450 17
leaf_count=16 16 15 15 55 25 389 450 17
internal_value=0.00044608 -0.00281835 -0.000939068 0.00171763 -0.00047133 0.0134782 -0.0135211 -0.0760608
internal_weight=998 982 967 934 919 444 475 33
internal_count=998 982 967 934 919 444 475 33
is_linear=0
shrinkage=0.05


Tree=165
num_leaves=11
num_cat=0
split_feature=109 84 94 24 21 62 45 13 31 103
split_gain=131.453 794.329 237.717 131.429 75.004 81.585 78.4156 65.6586 51.7769 20.493
threshold=0.060833333333333524 0.005833333333333344 7.2250000000000005 53.000000000000007 72.15000000000002 36.050000000000004 0.031666666666666683 1.9650000000000001 -0.030833333333332821 35.400000000000006
decision_type=2 2 2 2 2 2 2 2 2 2
left_child=2 3 4 9 5 8 7 -7 -1 -2
right_child=1 -3 -4 -5 -6 6 -8 -9 -10 -11
leaf_value=-0.0097325502345280614 -0.052453018592290228 0.37126246981369043 -0.1974180537721385 0.089309510835353906 -0.11412276542739364 -0.04939643303615255 0.11421648524454889 0.0032218444027691633 -0.13208838039667817 -0.13163715668071974
leaf_weight=15.999999999999998 19 15.999999999999998 15.999999999999998 14.999999999999998 14.999999999999998 64 14.999999999999998 789 19 14.999999999999998
leaf_count=16 19 16 16 15 15 64 15 789 19 15
internal_value=-0.00215617 0.0665334 -0.00694845 -0.0334216 -0.00360214 -0.00174827 0.00126796 -0.000725535 -0.0764838 -0.0878174
internal_weight=999 65 934 49 918 903 868 853 35 34
internal_count=999 65 934 49 918 903 868 853 35 34
is_linear=0
shrinkage=0.05


Tree=166
num_leaves=14
num_cat=0
split_feature=94 31 25 104 4 26 50 11 15 50 99 49 87
split_gain=206.513 74.0341 69.7 155.375 162.796 96.2253 130.193 112.364 70.7171 62.3162 63.3496 43.0497 31.816
threshold=7.2700000000000005 0.059999999999999616 23.650000000000002 34.900000000000006 5.5000000000000009 45.650000000000006 15.65 58.550000000000004 57.650000000000013 31.950000000000003 46.150000000000013 5.8650000000000011 6.8850000000000007
decision_type=2 2 2 2 2 2 2 2 2 2 2 2 2
left_child=1 2 3 8 -5 6 -4 -8 12 10 -7 -11 -1
right_child=-2 -3 5 4 -6 9 7 -9 -10 11 -12 -13 -14
leaf_value=-0.066233684571482224 0.1846642879855554 -0.099136197192506631 0.15223534342489742 0.14536450732398223 -0.040671676196217296 -0.14610906101104634 0.0086712890577868348 0.14688696730018452 0.020895036885523684 0.029572126069132978 -0.031065868494459466 -0.027282069127573902 -0.14248851881041164
leaf_weight=75 14.999999999999998 19 17 22 25 18 572 14.999999999999998 21 52 36 92 17
leaf_count=75 15 19 17 22 25 18 572 15 21 52 36 92 17
internal_value=0.00116037 -0.00165894 0.000271196 -0.0298446 0.0464267 0.00628854 0.0162093 0.0122361 -0.0616253 -0.0239426 -0.0697052 -0.00671041 -0.080518
internal_weight=996 981 962 160 47 802 604 587 113 198 54 144 92
internal_count=996 981 962 160 47 802 604 587 113 198 54 144 92
is_linear=0
shrinkage=0.05


Tree=167
num_leaves=12
num_cat=0
split_feature=119 21 84 1 31 31 84 101 38 92 23
split_gain=160.007 152.823 69.3281 74.106 67.7443 70.2109 180.899 70.7371 49.2231 47.0285 34.0768
threshold=2.46 72.000000000000014 0.02583333333333335 1.5000000000000002 -0.085833333333333414 -0.071666666666665865 0.0016666666666666637 91.250000000000014 4.5000000000000009 49.800000000000004 67.350000000000009
decision_type=2 2 2 2 2 2 2 2 2 2 2
left_child=1 2 4 -4 9 6 -6 -7 -5 10 -1
right_child=-2 -3 3 8 5 7 -8 -9 -10 -11 -12
leaf_value=-0.12593556590106905 0.16049345447527652 0.15432407512570059 -0.13923651649865335 -0.088982945069763231 -0.021595460135190439 -0.0061119235761521035 0.14753786942049915 0.056564623348244504 0.022111546764885331 0.033212322811459936 -0.042119118653684173
leaf_weight=14.999999999999998 14.999999999999998 14.999999999999998 19 15.999999999999998 36 701 28 48 26 17 65
leaf_count=15 15 15 19 16 36 701 28 48 26 17 65
internal_value=-0.0010288 -0.00350713 -0.0059661 -0.0575275 -0.00249835 0.00220995 0.0524371 -0.00208158 -0.0202022 -0.0419737 -0.0580347
internal_weight=1001 986 971 61 910 813 64 749 42 97 80
internal_count=1001 986 971 61 910 813 64 749 42 97 80
is_linear=0
shrinkage=0.05


Tree=168
num_leaves=11
num_cat=0
split_feature=94 24 96 37 51 118 76 74 50 63
split_gain=242.093 79.8351 71.1846 83.1962 79.8402 179.799 90.7969 75.6856 58.9943 50.0546
threshold=7.1400000000000015 12.750000000000002 60.250000000000007 -0.61666666666666348 29.200000000000006 3.5000000000000004 -16.574999999999999 10.916666666666666 25.350000000000005 36.600000000000001
decision_type=2 2 2 2 2 2 2 2 2 2
left_child=1 -1 4 -4 5 -3 -6 -8 -5 -10
right_child=-2 2 3 8 6 -7 7 -9 9 -11
leaf_value=-0.10450720386162622 0.17866112257235617 -0.036321623938054021 -0.12065661127467553 -0.086240570863932997 -0.11919325058412107 0.20381711432216876 0.010123029076115541 -0.02472811318593527 0.078861549479222429 -0.018840192146134461
leaf_weight=20 18 16.000000000000004 25 24 15.999999999999998 14.999999999999998 579 213 17 56
leaf_count=20 18 16 25 24 16 15 579 213 17 56
internal_value=-0.00252785 -0.00587539 -0.00380683 -0.0394781 0.0013783 0.0799955 -0.00164129 0.000741933 -0.0184016 0.00392063
internal_weight=999 981 961 122 839 31 808 792 97 73
internal_count=999 981 961 122 839 31 808 792 97 73
is_linear=0
shrinkage=0.05


Tree=169
num_leaves=11
num_cat=0
split_feature=24 96 94 109 17 109 93 21 26 109
split_gain=179.311 728.686 217.414 86.5309 80.3299 97.7141 154.787 76.3095 58.2974 43.9823
threshold=16.850000000000005 49.850000000000009 7.2250000000000005 0.063333333333333922 47.000000000000007 0.043333333333332565 60.550000000000004 70.600000000000009 31.400000000000002 -0.0050000000000003366
decision_type=2 2 2 2 2 2 2 2 2 2
left_child=1 -1 3 4 5 7 -7 -2 -5 -6
right_child=2 -3 -4 8 9 6 -8 -9 -10 -11
leaf_value=-0.063566553554093227 0.0014757678834093518 0.37600530839913732 -0.18294098927960756 -0.1276945783811457 -0.0115046978946701 0.11531489370289763 -0.035214771399088886 -0.10535855393486414 -0.018738483475832752 -0.10375948991502781
leaf_weight=25 740 14.999999999999998 17 22 25 46 27 17 28 27
leaf_count=25 740 15 17 22 25 46 27 17 28 27
internal_value=-0.00188363 0.101675 -0.0062641 -0.00301681 0.000608356 0.00439378 0.0595991 -0.000930413 -0.0669382 -0.0596094
internal_weight=989 40 949 932 882 830 73 757 50 52
internal_count=989 40 949 932 882 830 73 757 50 52
is_linear=0
shrinkage=0.05


Tree=170
num_leaves=8
num_cat=0
split_feature=96 119 21 31 109 115 35
split_gain=156.63 84.5831 73.2421 68.6469 59.5587 104.928 66.7712
threshold=79.65000000000002 1.9708333333333337 72.000000000000014 0.063333333333333033 0.061666666666666987 -4.8416666666666641 -12.758333333333335
decision_type=2 2 2 2 2 2 2
left_child=1 2 3 4 6 -6 -1
right_child=-2 -3 -4 -5 5 -7 -8
leaf_value=0.077587821878148139 0.15914731258588122 -0.12054663302487885 0.10446465744735289 -0.10883775983030433 0.059604548440863749 -0.095502812603055071 -0.00073746254255555878
leaf_weight=28 14.999999999999998 14.999999999999998 15.999999999999998 14.999999999999998 14.999999999999998 39 856
leaf_count=28 15 15 16 15 15 39 856
internal_value=-0.000659548 -0.00311663 -0.00128142 -0.00307282 -0.00136473 -0.0522945 0.00174627
internal_weight=999 984 969 953 938 54 884
internal_count=999 984 969 953 938 54 884
is_linear=0
shrinkage=0.05


Tree=171
num_leaves=10
num_cat=0
split_feature=84 53 95 24 35 33 102 33 52
split_gain=160.986 725.926 194.561 62.0455 89.1281 103.581 99.3255 87.5624 49.3687
threshold=0.029166666666666664 35.600000000000009 58.550000000000004 16.650000000000002 -12.325000000000001 -0.28166666666666712 44.70000000000001 -0.20166666666666663 4.9900000000000011
decision_type=2 2 2 2 2 2 2 2 2
left_child=2 -2 3 8 -5 6 -6 -7 -1
right_child=1 -3 -4 4 5 7 -8 -9 -10
leaf_value=-0.11567866359418036 -0.067786378217527116 0.37094678693259797 -0.17227645913759868 0.091575660863427361 -0.012123607384709502 0.1121255797246543 -0.12412595316257061 0.00086283559296937906 0.00047021408258757973
leaf_weight=21 25 14.999999999999998 17 26 52 18 32 773 15.999999999999998
leaf_count=21 25 15 17 26 52 18 32 773 16
internal_value=-0.00100869 0.0971286 -0.00513413 -0.00208152 0.000522221 -0.00218781 -0.0549475 0.0034149 -0.0654515
internal_weight=995 40 955 938 901 875 84 791 37
internal_count=995 40 955 938 901 875 84 791 37
is_linear=0
shrinkage=0.05


Tree=172
num_leaves=17
num_cat=0
split_feature=95 25 96 123 62 45 88 13 107 109 21 117 29 104 26 39
split_gain=239.258 88.0776 73.99 171.047 80.4994 75.9589 231.293 73.9022 100.055 71.7773 69.2412 62.8214 101.084 41.4919 33.028 30.726
threshold=57.750000000000007 23.650000000000002 42.050000000000004 -0.019999999999999973 30.350000000000005 0.019166666666666655 5.705000000000001 6.6850000000000014 51.500000000000007 0.048333333333334234 69.800000000000011 0.12250000000000007 53.500000000000007 39.000000000000007 18.750000000000004 1.4425000000000006
decision_type=2 2 2 2 2 2 2 2 2 2 2 2 2 2 2 2
left_child=1 9 3 -3 -4 10 -7 8 -5 11 -6 12 -1 14 -13 -9
right_child=-2 2 4 7 5 6 -8 15 -10 -11 -12 13 -14 -15 -16 -17
leaf_value=-0.068270764722249896 0.18465947405985222 0.17317937586007945 0.10533452916034258 0.13087457300503672 -0.0094038230956029582 0.19667898386891125 -0.053435000233278046 -0.10552806508856892 0.010060486967000912 -0.12732500147760212 -0.11788125793073352 -0.024071458227839709 0.080758642437751826 0.014766951311811889 -0.098673821853803578 -0.0057011325860986048
leaf_weight=19 17 19 15.999999999999998 21 588 17 20 15.000000000000002 92 20 14.999999999999998 24 28 18 40 15.999999999999998
leaf_count=19 17 19 16 21 588 17 20 15 92 20 15 24 28 18 40 16
internal_value=-0.000731625 -0.00401136 0.00241747 0.0325597 -0.00506835 -0.00785225 0.0615678 0.0138637 0.0326527 -0.0393598 -0.0121297 -0.025595 0.0203895 -0.0520056 -0.0708571 -0.0543493
internal_weight=985 968 819 163 656 640 37 144 113 149 603 129 47 82 64 31
internal_count=985 968 819 163 656 640 37 144 113 149 603 129 47 82 64 31
is_linear=0
shrinkage=0.05


Tree=173
num_leaves=8
num_cat=0
split_feature=94 84 62 19 109 111 24
split_gain=216.497 54.3734 65.1557 63.7951 66.6194 93.3114 57.6957
threshold=7.1400000000000015 0.042500000000000017 30.350000000000005 6.6400000000000015 0.061666666666666987 -0.26999999999999996 12.750000000000002
decision_type=2 2 2 2 2 2 2
left_child=1 2 -1 4 6 -6 -4
right_child=-2 -3 3 -5 5 -7 -8
leaf_value=0.086922719337009069 0.17583250710141587 -0.097777875428957661 -0.082257245580343738 -0.086120384696113078 0.042602672109826961 -0.097352290199235886 0.0034552679748312597
leaf_weight=20 17 14.999999999999998 20 23 17 39 842
leaf_count=20 17 15 20 23 17 39 842
internal_value=-0.000532275 -0.00362702 -0.00214223 -0.00404956 -0.00197872 -0.0547766 0.00145147
internal_weight=993 976 961 941 918 56 862
internal_count=993 976 961 941 918 56 862
is_linear=0
shrinkage=0.05


Tree=174
num_leaves=12
num_cat=0
split_feature=109 95 94 13 15 37 20 35 45 109 84
split_gain=146.093 745.164 231.14 71.8632 102.668 77.3483 72.908 38.6163 24.9159 42.6623 30.5143
threshold=0.061666666666666099 33.150000000000013 7.2250000000000005 1.9650000000000001 17.950000000000006 -12.616666666666665 46.850000000000001 -0.099999999999996078 -0.0049999999999999619 -0.0066666666666672638 -0.0066666666666666671
decision_type=2 2 2 2 2 2 2 2 2 2 2
left_child=2 7 3 8 -5 -6 -7 -2 9 -1 -10
right_child=1 -3 -4 4 5 6 -8 -9 10 -11 -12
leaf_value=-0.077464261415026936 -0.12525163924457222 0.29218071795288952 -0.18149661596308755 0.128010734249346 -0.08773738682903813 0.00673846366408987 -0.059360384794961564 -0.021883950011554736 -0.035271065100212003 0.034337582966076079 -0.12695312167120257
leaf_weight=15.999999999999998 14.999999999999998 24 18 15.999999999999998 24 770 44 23 20 18 17
leaf_count=16 15 24 18 16 24 770 44 23 20 18 17
internal_value=0.000345375 0.0746334 -0.00454098 -0.00107287 0.00294228 0.000533381 0.00315256 -0.0630399 -0.0493743 -0.0182013 -0.0777587
internal_weight=1005 62 943 925 854 838 814 38 71 34 37
internal_count=1005 62 943 925 854 838 814 38 71 34 37
is_linear=0
shrinkage=0.05


Tree=175
num_leaves=13
num_cat=0
split_feature=119 56 56 44 75 27 107 33 8 28 25 63
split_gain=289.474 71.2057 87.9628 89.5577 84.1907 148.779 81.1464 79.7924 56.5108 38.1451 41.058 6.92778
threshold=2.3425000000000007 45.550000000000004 44.850000000000001 5.5000000000000009 3.5000000000000004 4.9000000000000012 55.500000000000007 -0.71416666666666628 1.0000000180025095e-35 18.450000000000003 29.150000000000002 39.000000000000007
decision_type=2 2 2 2 2 2 2 2 2 2 2 2
left_child=1 2 3 4 5 -1 9 -6 -5 10 -3 -12
right_child=-2 6 -4 8 7 -7 -8 -9 -10 -11 11 -13
leaf_value=0.17034349102781424 0.21639307453142886 -0.11617804469529146 0.10615894555733466 -0.012324824489624565 -0.085710128225678764 0.014200719601816493 0.058359246163178752 -0.0054610287047281332 -0.11579944432139176 -0.13449142714690046 -0.045446053429435918 -0.0031519933873827839
leaf_weight=15.999999999999998 14.999999999999998 15.999999999999998 19 26 33 295 14.999999999999998 487 27 17 17 23
leaf_count=16 15 16 19 26 33 295 15 487 27 17 17 23
internal_value=-0.000872245 -0.00418737 0 -0.00229471 0.00172192 0.022302 -0.047094 -0.0105789 -0.0652513 -0.0688811 -0.0486703 -0.0213202
internal_weight=1006 991 903 884 831 311 88 520 53 73 56 40
internal_count=1006 991 903 884 831 311 88 520 53 73 56 40
is_linear=0
shrinkage=0.05


Tree=176
num_leaves=11
num_cat=0
split_feature=61 52 95 31 109 0 109 37 117 26
split_gain=166.098 697.33 225.675 76.6969 78.9605 71.9768 127.156 77.8362 53.5106 48.9804
threshold=0.20500000000000004 4.5850000000000009 58.550000000000004 0.043333333333333453 0.063333333333333922 2375.5000000000005 0.034999999999999705 -10.541666666666666 0.24499999999999947 31.400000000000002
decision_type=2 2 2 2 2 2 2 2 2 2
left_child=2 -2 3 4 5 6 -1 -7 -5 -6
right_child=1 -3 -4 8 9 7 -8 -9 -10 -11
leaf_value=0.0075995433730947793 -0.055522383126426766 0.36847953535863109 -0.18519558742729544 0.0023018233519232732 -0.11537735405550822 -0.099768168856571249 0.082807318848218237 -0.0050436515057792619 -0.10783877742354131 -0.014688834571365501
leaf_weight=377 27 14.999999999999998 17 18 22 23 66 358 28 27
leaf_count=377 27 15 17 18 22 23 66 358 28 27
internal_value=-0.000843879 0.0963037 -0.00521823 -0.00186371 0.00144963 0.00512508 0.0188318 -0.0107997 -0.0647203 -0.0601407
internal_weight=978 42 936 919 873 824 443 381 46 49
internal_count=978 42 936 919 873 824 443 381 46 49
is_linear=0
shrinkage=0.05


Tree=177
num_leaves=17
num_cat=0
split_feature=61 52 95 71 122 113 33 35 27 32 107 31 56 23 0 54
split_gain=179.989 683.987 248.88 70.2716 88.6257 111.609 162.973 107.017 105.227 64.862 49.8678 67.7782 45.2072 35.9755 35.4599 17.3537
threshold=0.20500000000000004 4.5400000000000009 55.100000000000009 5.5000000000000009 5.5000000000000009 -8.3999999999999986 0.10499999999999955 -2.7666666666666653 9.3000000000000025 5.5000000000000009 51.500000000000007 0.011666666666668048 32.850000000000001 51.20000000000001 1343.5000000000002 59.550000000000004
decision_type=2 2 2 2 2 2 2 2 2 2 2 2 2 2 2 2
left_child=2 -2 3 4 5 6 -1 -6 -7 -9 14 13 -13 -12 -5 -16
right_child=1 -3 -4 10 7 8 -8 9 -10 -11 11 12 -14 -15 15 -17
leaf_value=0.21335573312103381 -0.056683214933451902 0.36919558066011271 -0.18338659489966189 -0.12272598333450971 -0.16488380807125017 0.060112669813687097 0.028780500019550511 0.037755998762264792 -0.002764316066844998 -0.075298334213046283 0.048559534705678836 0.11417824526704984 -0.0061245434627627696 -0.032502674127868392 -0.078127032509131444 -0.01068201428564281
leaf_weight=15.999999999999998 25 14.999999999999998 19 18 14.999999999999998 77 47 28 485 23 14.999999999999998 16.000000000000004 14.999999999999998 143 15.999999999999998 24
leaf_count=16 25 15 19 18 15 77 47 28 485 23 15 16 15 143 16 24
internal_value=-0.000354211 0.103419 -0.00470723 -0.00106343 0.00711346 0.0129408 0.0759998 -0.0479303 0.00585077 -0.013179 -0.0239527 -0.01146 0.0559739 -0.0247494 -0.0644857 -0.0379123
internal_weight=997 40 957 938 691 625 63 66 562 51 247 189 31 158 58 40
internal_count=997 40 957 938 691 625 63 66 562 51 247 189 31 158 58 40
is_linear=0
shrinkage=0.05


Tree=178
num_leaves=14
num_cat=0
split_feature=95 96 23 31 23 27 67 33 101 66 13 54 28
split_gain=171.753 61.3399 97.564 62.4426 75.7169 159.273 144.162 50.4032 60.8203 49.29 43.5793 48.6682 23.3806
threshold=53.45000000000001 60.250000000000007 64.850000000000009 0.063333333333333033 72.850000000000009 32.250000000000007 23.300000000000004 -0.28166666666666712 92.850000000000009 12.750000000000002 6.7250000000000005 53.250000000000007 9.7500000000000018
decision_type=2 2 2 2 2 2 2 2 2 2 2 2 2
left_child=1 3 -3 4 5 6 -1 12 -9 -4 11 -11 -6
right_child=-2 2 9 -5 7 -7 -8 8 -10 10 -12 -13 -14
leaf_value=-0.00044124902595880775 0.12888548032221092 -0.15593405322523307 -0.084392513889512966 -0.099638181728070346 -0.027221586457474741 0.14539809901085479 0.13394467587755546 -0.0068724181288247511 0.068648767259197302 0.079417618104505316 -0.061727504360982594 -0.013788035879610716 -0.10574798441072653
leaf_weight=205 25 14.999999999999998 23 14.999999999999998 22 25 22 518 28 22 22 38 17
leaf_count=205 25 15 23 15 22 25 22 518 28 22 22 38 17
internal_value=-0.000245956 -0.0035853 -0.0370395 0.00112449 0.00294793 0.0258595 0.0126142 -0.00691584 -0.00297852 -0.0198748 -0.00163669 0.0203795 -0.0617618
internal_weight=997 972 120 852 837 252 227 585 546 105 82 60 39
internal_count=997 972 120 852 837 252 227 585 546 105 82 60 39
is_linear=0
shrinkage=0.05


Tree=179
num_leaves=16
num_cat=0
split_feature=32 98 119 114 33 3 74 10 64 26 111 37 43 92 0
split_gain=178.437 843.409 207.83 62.238 163.407 103.76 157.297 69.3075 55.5353 69.5593 53.3277 50.428 45.029 42.8655 37.537
threshold=1.5000000000000002 36.150000000000013 1.9708333333333337 3.5000000000000004 -0.46500000000000025 4.5000000000000009 -8.3583333333333307 5.5100000000000007 31.150000000000002 45.95000000000001 -0.46833333333333366 -10.16666666666667 -0.075833333333333183 59.850000000000009 2540.5000000000005
decision_type=2 2 2 2 2 2 2 2 2 2 2 2 2 2 2
left_child=1 12 3 4 -2 6 -6 11 9 -9 -7 -5 -1 -10 -13
right_child=2 -3 -4 7 5 10 -8 8 13 -11 -12 14 -14 -15 -16
leaf_value=0.0073938286792465113 0.15840208816923487 0.40188123298599232 -0.16547445318944273 0.038244559733491196 0.15959463750304126 -0.069162735040346077 0.013301780834125613 0.061831910578982144 -0.0072712373727030991 -0.030973427854107068 -0.0067705210803655396 -0.075162982905234141 -0.10898968297872483 -0.073644506290719947 -0.022006741781292638
leaf_weight=17 18 14.999999999999998 20 17 20 50 216 61 241 30 109 79 15.999999999999998 27 58
leaf_count=17 18 15 20 17 20 50 216 61 241 30 109 79 16 27 58
internal_value=-0.00162804 0.0923099 -0.00640899 -0.00295055 0.0114881 0.00474222 0.025783 -0.0145844 -0.00252919 0.0311814 -0.0264533 -0.0426347 -0.0490423 -0.0140017 -0.0527278
internal_weight=994 48 946 926 413 395 236 513 359 91 159 154 33 268 137
internal_count=994 48 946 926 413 395 236 513 359 91 159 154 33 268 137
is_linear=0
shrinkage=0.05


Tree=180
num_leaves=12
num_cat=0
split_feature=24 58 94 84 64 89 27 69 101 97 101
split_gain=170.324 714.366 159.162 72.2003 63.0393 131.396 497.598 122.211 80.6841 120.959 64.9496
threshold=16.850000000000005 5.035000000000001 7.2250000000000005 0.042500000000000017 42.20000000000001 37.350000000000001 9.3000000000000025 4.5000000000000009 92.050000000000011 5.3150000000000004 73.200000000000003
decision_type=2 2 2 2 2 2 2 2 2 2 2
left_child=1 -1 3 4 5 7 -7 -2 10 -10 -6
right_child=2 -3 -4 -5 8 6 -8 -9 9 -11 -12
leaf_value=0.37566439118359662 -0.031700252200457517 -0.053490138261465564 -0.15844791172454076 -0.1048730065548642 0.0045408039830884617 0.30207831854142292 0.02105631410843109 0.038845941163476824 -0.029961178743320955 0.16696433294194424 -0.036164043541252432
leaf_weight=14.999999999999998 188 27 15.999999999999998 15.999999999999998 175 17 201 91 16.000000000000004 14.999999999999998 222
leaf_count=15 188 27 16 16 175 17 201 91 16 15 222
internal_value=0.00175792 0.100189 -0.00256672 9.4999e-05 0.00192721 0.0140435 0.0431223 -0.00866697 -0.0121307 0.0653951 -0.0182119
internal_weight=999 42 957 941 925 497 218 279 428 31 397
internal_count=999 42 957 941 925 497 218 279 428 31 397
is_linear=0
shrinkage=0.05


Tree=181
num_leaves=14
num_cat=0
split_feature=31 96 70 72 119 72 54 104 63 23 121 119 19
split_gain=196.177 162.507 77.3338 99.4442 232.954 117.408 103.012 120.76 81.8153 58.6977 54.5495 54.0862 34.3742
threshold=0.05333333333333324 79.100000000000009 -0.021666666666666941 -0.20333333333333267 0.65916666666666679 -0.29666666666666636 67.350000000000009 22.850000000000005 18.350000000000005 90.350000000000009 0.16333333333333358 -0.31750000000000028 5.0750000000000011
decision_type=2 2 2 2 2 2 2 2 2 2 2 2 2
left_child=1 2 8 4 5 -4 11 -8 -1 10 -10 -5 -11
right_child=-2 -3 3 6 -6 -7 7 -9 9 12 -12 -13 -14
leaf_value=-0.1193524179971331 0.12482876989516811 -0.16968302130699159 0.0020494846864599742 0.012186448688919486 0.22036568763093178 0.13519644837104836 0.13411191898355593 0.0088435145796632291 0.0082812184741879024 -0.013484676519951581 -0.038931318860439039 -0.032186315060883729 -0.10966462141711755
leaf_weight=21 29 14.999999999999998 125 95 15.999999999999998 19 24 96 168 14.999999999999998 96 246 25
leaf_count=21 29 15 125 95 16 19 24 96 168 15 96 246 25
internal_value=-0.00306241 -0.00693956 -0.00433611 0.00599963 0.0399533 0.0197338 -0.00578001 0.0340296 -0.0240965 -0.0174628 -0.00887629 -0.0198098 -0.0738454
internal_weight=990 961 946 621 160 144 461 120 325 304 264 341 40
internal_count=990 961 946 621 160 144 461 120 325 304 264 341 40
is_linear=0
shrinkage=0.05


Tree=182
num_leaves=18
num_cat=0
split_feature=96 50 117 104 21 105 74 31 51 35 109 58 9 117 74 4 83
split_gain=143.373 69.2887 97.148 167.7 256.305 110.595 81.3495 76.2055 88.7816 122.403 66.3283 116.18 63.0531 48.3521 42.9899 38.2055 37.9815
threshold=79.65000000000002 31.950000000000003 1.2049999999999998 37.250000000000007 47.750000000000007 26.500000000000004 -8.1583333333333297 0.054166666666666703 55.350000000000001 1.0833333333333288 -0.028333333333332874 4.5650000000000004 6.7350000000000012 2.395 -6.2499999999999991 8.5000000000000018 4.5000000000000009
decision_type=2 2 2 2 2 2 2 2 2 2 2 2 2 2 2 2 2
left_child=1 2 5 13 -5 10 -3 8 9 -8 14 -12 -10 16 -1 -7 -4
right_child=-2 6 3 4 -6 15 7 -9 12 -11 11 -13 -14 -15 -16 -17 -18
leaf_value=-0.14880511103481647 0.14320131310765047 0.1168451844856439 -0.031609311897679154 0.25929702184847642 -0.032061829452483072 -0.17473138216780035 0.17640245183315498 -0.10470227073028422 -0.030617338294053154 0.022034984688038259 0.10740093391244582 -0.028246476465933014 0.0062128937674888526 -0.10360131265121215 -0.046812196441890552 -0.073185305026781486 0.06243237002401162
leaf_weight=14.999999999999998 15.999999999999998 14.999999999999998 37 15.000000000000002 14.999999999999998 18 14.999999999999998 17 174 87 18 123 349 15.999999999999998 34 20 14.999999999999998
leaf_count=15 16 15 37 15 15 18 15 17 174 87 18 123 349 16 34 20 15
internal_value=-0.00478525 -0.00721339 -0.0260558 0.015528 0.113829 -0.0439505 0.00213106 -0.000559168 0.00228182 0.0449356 -0.0283085 -0.0108305 -0.00603433 -0.0278702 -0.0783758 -0.12175 -0.00431817
internal_weight=999 983 326 98 30 228 657 642 625 102 190 141 523 68 49 38 52
internal_count=999 983 326 98 30 228 657 642 625 102 190 141 523 68 49 38 52
is_linear=0
shrinkage=0.05


Tree=183
num_leaves=17
num_cat=0
split_feature=96 25 45 70 51 106 109 105 29 51 94 99 117 26 63 122
split_gain=160.803 73.6764 86.7443 65.3231 107.652 118.782 63.1799 74.567 84.9597 60.2767 47.9386 47.3242 46.3886 32.4772 26.4315 16.0621
threshold=79.65000000000002 22.450000000000003 0.029999999999999988 -0.016666666666667048 30.750000000000004 17.350000000000005 0.016666666666666167 17.700000000000006 55.500000000000007 35.95000000000001 5.5550000000000006 38.600000000000009 1.2300000000000002 18.900000000000002 46.650000000000013 2.5000000000000004
decision_type=2 2 2 2 2 2 2 2 2 2 2 2 2 2 2 2
left_child=1 6 3 9 -5 -6 7 8 13 15 14 -11 -9 -1 -8 -3
right_child=-2 2 -4 4 5 -7 10 12 -10 11 -12 -13 -14 -15 -16 -17
leaf_value=0.029375756610380978 0.16185102979868454 -0.047561877460507614 0.11800260025521983 0.13928258574527241 -0.0049956500489190718 0.054968314359476758 -0.012865841367737555 -0.12488386412287317 0.11244148681457129 0.048736012737802752 -0.15351659501625214 -0.016488306433117935 -0.0078644285250825483 -0.06797960531184373 -0.09399869320656877 -0.11961874817775575
leaf_weight=17 14.999999999999998 17 15.999999999999998 15.999999999999998 385 105 23 17 19 31 14.999999999999998 261 17 17 18 14.999999999999998
leaf_count=17 15 17 16 16 385 105 23 17 19 31 15 261 17 17 18 15
internal_value=-7.82174e-05 -0.00255534 0.00305127 0.000815368 0.0120446 0.00785216 -0.0357384 -0.0089838 0.0280133 -0.0167046 -0.0771244 -0.00953238 -0.0667154 -0.0192119 -0.0487488 -0.0817617
internal_weight=1004 989 846 830 506 490 143 87 53 324 56 292 34 34 41 32
internal_count=1004 989 846 830 506 490 143 87 53 324 56 292 34 34 41 32
is_linear=0
shrinkage=0.05


Tree=184
num_leaves=10
num_cat=0
split_feature=94 19 39 109 49 115 114 50 90
split_gain=221.95 49.5846 44.9539 91.8405 56.7821 51.0382 105.818 87.4905 40.0816
threshold=7.1400000000000015 6.8650000000000011 -4.0858333333333325 0.04916666666666681 4.6650000000000009 -5.7499999999999991 3.5000000000000004 25.100000000000005 45.000000000000007
decision_type=2 2 2 2 2 2 2 2 2
left_child=1 2 -1 5 -5 7 -7 -4 -6
right_child=-2 -3 3 4 8 6 -8 -9 -10
leaf_value=0.060092409849315291 0.18869263296885208 0.082535478250580538 -0.13752204469457174 -0.12919834180554346 0.012830578767797278 0.03506222820778318 -0.0088168579259006296 -0.015186811433000864 -0.062844527450060861
leaf_weight=25 14.999999999999998 15.999999999999998 15.999999999999998 20 28 193 476 161 46
leaf_count=25 15 16 16 20 28 193 476 161 46
internal_value=-0.00153596 -0.00446869 -0.00592483 -0.00769213 -0.0545535 -0.00247357 0.00383771 -0.026345 -0.0341646
internal_weight=996 981 965 940 94 846 669 177 74
internal_count=996 981 965 940 94 846 669 177 74
is_linear=0
shrinkage=0.05


Tree=185
num_leaves=12
num_cat=0
split_feature=109 65 94 123 84 77 45 45 58 26 62
split_gain=156.676 795.773 231.497 75.1724 67.7596 55.0045 93.2675 177.695 71.6629 56.9821 49.9121
threshold=0.061666666666666099 23.050000000000004 7.2250000000000005 -0.004166666666666651 0.042500000000000017 5.5000000000000009 -0.0091666666666666546 -0.0049999999999999897 4.3750000000000009 16.950000000000003 85.050000000000011
decision_type=2 2 2 2 2 2 2 2 2 2 2
left_child=2 -2 4 -3 5 6 9 -8 -7 -1 -10
right_child=1 3 -4 -5 -6 8 7 -9 10 -11 -12
leaf_value=-0.10590336608775652 0.39197204501818356 -0.099436625550079399 -0.18769690279375043 0.030252519374587145 -0.10708204699273141 0.07024953817300375 0.088121456786319538 0.0053161716998068494 -0.05391042703957058 -0.0093179348465675903 0.0028225342848680144
leaf_weight=15.999999999999998 14.999999999999998 20 17 25 14.999999999999998 18 81 323 112 303 59
leaf_count=16 15 20 17 25 15 18 81 323 112 303 59
internal_value=-0.000410469 0.0778609 -0.00539836 -0.0273689 -0.00202996 -0.000285095 0.0059881 0.0219483 -0.0242995 -0.0142097 -0.0343165
internal_weight=1004 60 944 45 927 912 723 404 189 319 171
internal_count=1004 60 944 45 927 912 723 404 189 319 171
is_linear=0
shrinkage=0.05


Tree=186
num_leaves=15
num_cat=0
split_feature=112 11 94 84 84 11 16 20 24 68 20 94 28 14
split_gain=135.894 813.997 221.127 73.8091 89.4239 288.974 72.0731 67.1405 66.3069 64.5705 55.1413 46.5745 57.7701 20.2162
threshold=1.5000000000000002 30.550000000000004 7.2250000000000005 0.02583333333333335 0.016666666666666653 34.600000000000009 5.495000000000001 55.350000000000009 48.550000000000004 50.500000000000007 26.450000000000003 5.5250000000000012 14.650000000000002 43.95000000000001
decision_type=2 2 2 2 2 2 2 2 2 2 2 2 2 2
left_child=1 -1 3 4 7 -6 -7 9 -5 -2 -3 12 -12 -10
right_child=2 10 -4 8 5 6 -8 -9 13 -11 11 -13 -14 -15
leaf_value=0.39403041711706205 0.033744821000364751 -0.08351846017066944 -0.1951605627078884 -0.11392751323657171 0.24915381859469893 -0.04497947811945327 0.066126477689806992 -0.10793747272317773 -0.04685352646949275 -0.0075375499195343325 -0.0045110699178567571 -0.037731598571128372 0.12248475285513059 0.034919158640681514
leaf_weight=14.999999999999998 111 18 14.999999999999998 27 14.999999999999998 33 26 14.999999999999998 15.000000000000002 642 20 24 15.999999999999998 14.999999999999998
leaf_count=15 111 18 15 27 15 33 26 15 15 642 20 24 16 15
internal_value=0.00045104 0.058004 -0.00540524 -0.00221222 0.00151245 0.0539717 0.00392691 -0.00354207 -0.0572267 -0.00144179 -0.00697418 0.0160067 0.051976 -0.0058209
internal_weight=1007 93 914 899 842 74 59 768 57 753 78 60 36 30
internal_count=1007 93 914 899 842 74 59 768 57 753 78 60 36 30
is_linear=0
shrinkage=0.05


Tree=187
num_leaves=15
num_cat=0
split_feature=96 25 45 104 67 62 19 50 65 66 37 64 78 48
split_gain=200.702 53.5333 143.624 85.5663 157.779 134.924 50.7831 50.2007 73.2918 60.5046 37.8163 36.093 24.6156 25.5094
threshold=79.65000000000002 22.900000000000002 0.029999999999999988 34.900000000000006 6.0500000000000016 75.850000000000009 6.8650000000000011 25.650000000000002 15.350000000000003 17.350000000000005 2.0249999999999955 29.300000000000001 1.4950000000000003 6.7750000000000012
decision_type=2 2 2 2 2 2 2 2 2 2 2 2 2 2
left_child=1 3 6 10 -5 -6 7 9 -9 -3 12 -12 13 -1
right_child=-2 2 -4 4 5 -7 -8 8 -10 -11 11 -13 -14 -15
leaf_value=-0.062678557634353635 0.18257319678533945 -0.010535729623494493 0.15661162816925556 -0.10583904156621718 0.1923092334282509 -0.012362986934943969 0.09188298104417246 0.069566116516009288 0.00069956572045903279 -0.091035125352615542 0.044525811873030979 -0.051244443999785672 -0.036252082998935987 -0.14468285984003731
leaf_weight=20 14.999999999999998 105 14.999999999999998 14.999999999999998 15.999999999999998 15.999999999999998 14.999999999999998 41 647 30 14.999999999999998 28 22 19
leaf_count=20 15 105 15 15 16 16 15 41 647 30 15 28 22 19
internal_value=0.00163909 -0.00107704 0.00377642 -0.0285117 0.0273666 0.0900977 0.00101638 -0.000644644 0.00482031 -0.0285156 -0.0538144 -0.0176944 -0.0791236 -0.103025
internal_weight=1019 1004 853 151 47 32 838 823 688 135 104 43 61 39
internal_count=1019 1004 853 151 47 32 838 823 688 135 104 43 61 39
is_linear=0
shrinkage=0.05


Tree=188
num_leaves=11
num_cat=0
split_feature=96 24 53 21 35 94 43 10 0 66
split_gain=180.597 62.908 58.6844 136.706 69.353 70.7518 50.9314 38.8058 30.1431 22.7278
threshold=75.250000000000014 14.250000000000002 55.500000000000007 71.750000000000014 -12.325000000000001 4.995000000000001 0.022500000000000412 5.6650000000000009 1739.5000000000002 30.900000000000002
decision_type=2 2 2 2 2 2 2 2 2 2
left_child=1 -1 3 4 -3 -6 7 -4 -8 -9
right_child=-2 2 6 -5 5 -7 8 9 -10 -11
leaf_value=-0.078678075500121306 0.15167703403852373 0.080209946683768574 -0.076995673460990011 0.14703043414198833 0.017470660942464869 -0.013254859959083019 -0.13111457821311048 0.049679270811901502 -0.038912690531729993 -0.02117582325424467
leaf_weight=27 19 26 15.999999999999998 15.999999999999998 287 539 18 22 18 23
leaf_count=27 19 26 16 16 287 539 18 22 18 23
internal_value=-0.00060599 -0.00354274 -0.00142739 0.00269071 -3.09689e-05 -0.00257217 -0.0382943 -0.0103254 -0.0853876 0.0133869
internal_weight=1011 992 965 868 852 826 97 61 36 45
internal_count=1011 992 965 868 852 826 97 61 36 45
is_linear=0
shrinkage=0.05


Tree=189
num_leaves=15
num_cat=0
split_feature=119 83 83 14 5 76 50 101 64 62 28 70 11 17
split_gain=141.82 69.6593 79.3381 182.373 159.276 105.364 76.6576 154.209 74.7735 71.3335 59.1529 36.1418 24.6058 13.7771
threshold=2.46 5.5000000000000009 4.5000000000000009 19.900000000000002 1.0000000180025095e-35 -15.083333333333332 25.950000000000003 77.750000000000014 42.850000000000001 48.550000000000004 21.050000000000004 0.024999999999999915 49.150000000000013 34.95000000000001
decision_type=2 2 2 2 2 2 2 2 2 2 2 2 2 2
left_child=1 2 5 -4 8 -1 7 -7 -5 -8 11 12 13 -3
right_child=-2 10 3 4 -6 6 9 -9 -10 -11 -12 -13 -14 -15
leaf_value=0.10266922508903559 0.15570973785507758 -0.12926214453321777 0.18988490971577102 0.01550959775268773 0.12018837792407103 -0.071690560148622032 0.10404156355829963 0.064126407750968117 -0.091690538921560427 0.00052023464457177134 0.042294525246174018 0.0046341679805183998 -0.031823347033469722 -0.06543062553796547
leaf_weight=24 14.999999999999998 22 18 46 27 91 17 27 25 624 17 15.999999999999998 18 14.999999999999998
leaf_count=24 15 22 18 46 27 91 17 27 25 624 17 16 18 15
internal_value=0.00363325 0.00130145 0.00546381 0.044036 0.0170302 -0.000249096 -0.00352311 -0.0405435 -0.0222425 0.00328933 -0.041122 -0.0611967 -0.0804119 -0.103765
internal_weight=1002 987 899 116 98 783 759 118 71 641 88 71 55 37
internal_count=1002 987 899 116 98 783 759 118 71 641 88 71 55 37
is_linear=0
shrinkage=0.05


Tree=190
num_leaves=11
num_cat=0
split_feature=96 106 21 24 35 54 84 109 15 20
split_gain=217.846 50.4583 70.4837 69.047 113.358 57.4407 54.0316 49.4147 46.5252 42.2002
threshold=79.100000000000009 32.550000000000004 72.000000000000014 29.700000000000003 -12.325000000000001 45.600000000000009 0.00083333333333335269 -0.021666666666666941 22.150000000000002 33.95000000000001
decision_type=2 2 2 2 2 2 2 2 2 2
left_child=1 2 3 5 -5 9 -6 -3 -7 -1
right_child=-2 7 -4 4 6 8 -8 -9 -10 -11
leaf_value=-0.040969696214019968 -0.19335380224202645 0.0003136418907847625 0.10723726311266818 0.13981814118015845 -0.0098340276580823009 0.073274150076291414 0.016835277598160517 -0.12548375560682243 -0.023842887197594798 -0.12952276432692114
leaf_weight=42 14.999999999999998 15.000000000000002 14.999999999999998 14.999999999999998 447 14.999999999999998 330 15.999999999999998 67 20
leaf_count=42 15 15 15 15 447 15 330 16 67 20
internal_value=-0.00487993 -0.00197651 6.77301e-05 -0.00165566 0.00413052 -0.0334951 0.00148698 -0.064648 -0.00594906 -0.0697783
internal_weight=997 982 951 936 792 144 777 31 82 62
internal_count=997 982 951 936 792 144 777 31 82 62
is_linear=0
shrinkage=0.05


Tree=191
num_leaves=13
num_cat=0
split_feature=95 67 31 39 105 72 49 22 19 60 28 4
split_gain=169.302 61.605 67.9131 61.7704 67.2801 159.803 67.9434 44.2469 18.6173 18.3287 14.1787 5.28599
threshold=57.750000000000007 29.700000000000003 -0.089166666666666825 -4.0858333333333325 17.350000000000005 -0.19499999999999981 3.8850000000000002 0.16500000000000004 5.0450000000000008 45.400000000000006 9.7500000000000018 9.5000000000000018
decision_type=2 2 2 2 2 2 2 2 2 2 2 2
left_child=1 2 8 -4 5 -5 -6 -3 9 -1 -10 -12
right_child=-2 7 3 4 6 -7 -8 -9 10 -11 11 -13
leaf_value=-0.056383813927505189 0.15535908378007118 -0.01256599748349058 0.098041782345165279 0.083863255688627611 -0.10109780926572445 0.0016623940366075525 -0.0069723024140792775 -0.10606124023617054 -0.030257835362856679 0.015673369375803461 -0.10538241891868855 -0.061186360237219475
leaf_weight=14.999999999999998 17 27 17 73 20 310 422 24 22 21 15.000000000000002 14.999999999999998
leaf_count=15 17 27 17 73 20 310 422 24 22 21 15 15
internal_value=-0.000608352 -0.00333181 -0.000389444 0.00397501 0.00201895 0.0173608 -0.0112646 -0.0567831 -0.0421632 -0.014285 -0.061303 -0.0837272
internal_weight=998 981 930 842 825 383 442 51 88 36 52 30
internal_count=998 981 930 842 825 383 442 51 88 36 52 30
is_linear=0
shrinkage=0.05


Tree=192
num_leaves=14
num_cat=0
split_feature=94 33 102 115 65 117 65 66 24 17 64 91 31
split_gain=198.835 82.4154 67.6728 80.6142 193.468 95.8312 92.7438 90.7493 45.7897 36.0505 31.6555 35.4134 24.641
threshold=7.1400000000000015 -1.069166666666667 23.650000000000002 0.8666666666666708 15.750000000000002 0.38083333333333341 17.700000000000006 16.650000000000002 34.850000000000009 21.350000000000005 43.45000000000001 4.3350000000000009 -0.013333333333333195
decision_type=2 2 2 2 2 2 2 2 2 2 2 2 2
left_child=1 -1 9 4 -4 -6 8 -8 -5 -3 12 -12 -11
right_child=-2 2 3 6 5 -7 7 -9 -10 10 11 -13 -14
leaf_value=-0.10450582949824594 0.16294876002804348 -0.095772061000267653 0.16716038296125593 -0.11592305804269885 0.034900351950810073 -0.029332777958101131 0.037272373856104664 -0.013108947316101474 -0.033501948983944888 -0.05933012110239258 0.068596295646408137 -0.034642306780037671 -0.0065825481359367433
leaf_weight=20 18 20 22 22 170 88 127 301 73 56 17 15.999999999999998 37
leaf_count=20 18 20 22 22 170 88 127 301 73 56 17 16 37
internal_value=-0.00123867 -0.00431025 -0.00218259 0.00350629 0.0251574 0.0129691 -0.00807814 0.00183419 -0.0527433 -0.0334866 -0.0234923 0.0184367 -0.0384278
internal_weight=987 969 949 803 280 258 523 428 95 146 126 33 93
internal_count=987 969 949 803 280 258 523 428 95 146 126 33 93
is_linear=0
shrinkage=0.05


Tree=193
num_leaves=12
num_cat=0
split_feature=95 101 83 62 0 31 65 28 107 98 15
split_gain=143.645 50.2402 58.471 71.4766 46.7281 94.7211 49.3182 40.6628 30.9613 19.6529 14.7075
threshold=57.750000000000007 95.700000000000003 5.5000000000000009 32.45000000000001 2764.5000000000005 0.043333333333333453 16.950000000000003 18.900000000000002 53.500000000000007 35.350000000000001 55.250000000000007
decision_type=2 2 2 2 2 2 2 2 2 2 2
left_child=1 2 3 -1 5 -5 -6 8 10 -10 -4
right_child=-2 -3 7 4 6 -7 -8 -9 9 -11 -12
leaf_value=0.09643405694051424 0.1418690162574687 0.083290984476945412 -0.12724440373175325 0.0093380635296931181 -0.063351219121486016 -0.088225479072880475 -0.010407162722507839 0.026819792389869691 0.0072575350530952685 -0.068920966588108742 -0.062650683047759587
leaf_weight=18 17 15.999999999999998 17 529 53 26 259 15.999999999999998 19 14.999999999999998 20
leaf_count=18 17 16 17 529 53 26 259 16 19 15 20
internal_value=-0.00180122 -0.00429245 -0.00574771 -0.00189459 -0.00395267 0.00474344 -0.0194343 -0.0448387 -0.0610724 -0.0263076 -0.0927266
internal_weight=1005 988 972 885 867 555 312 87 71 34 37
internal_count=1005 988 972 885 867 555 312 87 71 34 37
is_linear=0
shrinkage=0.05


Tree=194
num_leaves=9
num_cat=0
split_feature=61 0 96 33 35 103 3 37
split_gain=148.994 760.518 223.113 79.4392 62.9968 53.5289 145.431 61.0355
threshold=0.20500000000000004 431.00000000000006 79.100000000000009 -1.1124999999999996 -12.758333333333335 12.750000000000002 2.5000000000000004 -7.2416666666666627
decision_type=2 2 2 2 2 2 2 2
left_child=2 -2 3 -1 -5 6 -6 -7
right_child=1 -3 -4 4 5 7 -8 -9
leaf_value=-0.11073811889527746 0.37646856813241319 -0.066323288750054651 -0.18287947577211938 0.099328511092603572 0.17345507191204876 -0.055822410630921637 0.0017653875691349672 -0.00042349166942080006
leaf_weight=15.999999999999998 14.999999999999998 27 17 15.999999999999998 15.999999999999998 53 53 784
leaf_count=16 15 27 17 16 16 53 53 784
internal_value=0.000156975 0.0922165 -0.00389571 -0.000627391 0.0012898 -0.000446817 0.0418433 -0.00394365
internal_weight=997 42 955 938 922 906 69 837
internal_count=997 42 955 938 922 906 69 837
is_linear=0
shrinkage=0.05


Tree=195
num_leaves=20
num_cat=0
split_feature=96 3 21 91 79 17 27 10 1 16 21 6 29 63 114 41 62 61 55
split_gain=201.754 51.1081 103.436 96.177 211.556 181.448 74.1009 225.3 65.9337 61.8337 69.4709 52.2845 48.5365 102.574 53.3545 61.0821 48.7405 28.4438 23.7583
threshold=79.100000000000009 3.5000000000000004 65.700000000000003 6.2250000000000005 3.5000000000000004 35.250000000000007 32.250000000000007 5.6950000000000012 3.5000000000000004 4.2350000000000012 47.850000000000001 1.0000000180025095e-35 49.500000000000007 39.650000000000006 5.5000000000000009 -0.2324999999999999 66.65000000000002 0.16500000000000004 5.4250000000000007
decision_type=2 2 2 2 2 2 2 2 2 2 2 2 2 2 2 2 2 2 2
left_child=1 2 3 9 5 -5 12 -8 -6 17 -11 -9 13 -3 15 -14 -16 -1 -13
right_child=-2 6 -4 4 8 -7 7 11 -10 10 -12 18 14 -15 16 -17 -18 -19 -20
leaf_value=-0.026463239093930085 -0.18015885300332712 0.12945643499592283 0.11074389299663766 0.20310487146373324 -0.041345065650041257 0.027356740856285644 0.20108171545511844 0.057511205848491967 0.063676659711891445 -0.028118461333962397 0.020346777053582524 -0.048361342676611671 0.011867771031721902 -0.046961183689575824 -0.14874269992374536 -0.037773564337199014 -0.034421042105739146 -0.11991274779913019 0.0037887554031723752
leaf_weight=15.999999999999998 15.999999999999998 14.999999999999998 24 28 58 31 14.999999999999998 26 20 142 154 45 88 18 17 208 21 17 42
leaf_count=16 16 15 24 28 58 31 15 26 20 142 154 45 88 18 17 208 21 17 42
internal_value=-0.00458688 -0.00171188 0.00972855 0.00449267 0.0396849 0.11105 -0.0130465 0.0196783 -0.0143053 -0.0101542 -0.0028882 -0.00451412 -0.0244759 0.0332264 -0.0302003 -0.0229994 -0.0859523 -0.0749718 -0.0231526
internal_weight=1001 985 490 466 137 59 495 128 78 329 296 113 367 33 334 296 38 33 87
internal_count=1001 985 490 466 137 59 495 128 78 329 296 113 367 33 334 296 38 33 87
is_linear=0
shrinkage=0.05


Tree=196
num_leaves=12
num_cat=0
split_feature=24 48 95 26 43 11 87 82 5 13 12
split_gain=151.167 599.922 209.061 47.2045 81.7637 72.6764 60.1272 50.9067 44.6561 40.5099 32.1245
threshold=16.850000000000005 6.785000000000001 55.100000000000009 45.650000000000006 1.1649999999999998 58.100000000000009 6.9450000000000012 -0.54583333333333373 1.5000000000000002 6.4650000000000007 65.850000000000009
decision_type=2 2 2 2 2 2 2 2 2 2 2
left_child=1 -1 3 4 5 6 -2 9 10 -5 -9
right_child=2 -3 -4 7 -6 -7 -8 8 -10 -11 -12
leaf_value=0.34438045084081742 0.0029274784266797313 -0.051577159977193303 -0.15992551233743041 -0.14021490798485989 0.12030367176264328 0.10453222380918369 -0.07912239986814526 -0.045938181753506925 0.062502933454118378 -0.02354484648992684 0.00059311905032903437
leaf_weight=14.999999999999998 668 26 21 15.000000000000002 14.999999999999998 17 23 68 18 14.999999999999998 81
leaf_count=15 668 26 21 15 15 17 23 68 18 15 81
internal_value=-0.000208734 0.0936492 -0.00431301 -0.000738561 0.00516831 0.0027053 0.000178152 -0.0224341 -0.0116037 -0.082318 -0.0206257
internal_weight=982 41 941 920 723 708 691 197 167 30 149
internal_count=982 41 941 920 723 708 691 197 167 30 149
is_linear=0
shrinkage=0.05


Tree=197
num_leaves=19
num_cat=0
split_feature=33 119 39 94 26 98 43 117 28 25 99 105 50 56 61 96 0 64
split_gain=149.239 836.88 211.232 156.007 77.585 51.5852 78.9869 66.4804 114.036 91.5307 63.6021 86.4407 70.6107 55.2425 62.7176 50.7469 40.1001 39.722
threshold=-0.46500000000000025 0.53000000000000036 -1.7899999999999996 7.2250000000000005 29.800000000000004 37.45000000000001 1.3791666666666667 0.20583333333333312 7.6500000000000012 41.000000000000007 47.95000000000001 11.750000000000002 32.850000000000001 36.750000000000007 0.17500000000000002 51.650000000000013 2833.5000000000005 30.900000000000002
decision_type=2 2 2 2 2 2 2 2 2 2 2 2 2 2 2 2 2 2
left_child=1 2 -1 5 16 6 10 8 15 -10 12 -12 -2 14 -9 -7 -4 -15
right_child=3 -3 4 -5 -6 7 -8 13 9 -11 11 -13 -14 17 -16 -17 -18 -19
leaf_value=0.16664477480168374 -0.041812472261166835 0.40274073793398629 -0.11234722592039002 -0.16390717155886014 0.039013447340630808 0.015607047113749021 0.11828043092757662 -0.039695495992301433 0.12540035084232518 -0.0057211889881929349 0.065359094710815246 0.0036197859439730425 0.0046708547073265484 0.065479751927963153 -0.13141640524802614 -0.098928363571770456 -0.015223335261233368 -0.031086219928209303
leaf_weight=14.999999999999998 125 14.999999999999998 29 14.999999999999998 21 15.999999999999998 14.999999999999998 61 26 27 77 215 235 14.999999999999998 27 24 17 36
leaf_count=15 125 15 29 15 21 16 15 61 26 27 77 215 235 15 27 24 17 36
internal_value=0.00173302 0.0606723 -0.00225461 -0.00452251 -0.0403344 -0.00183965 0.00521843 -0.0221467 0.0105264 0.0586234 0.0025919 0.0199343 -0.0114624 -0.0440349 -0.0680111 -0.0530648 -0.076673 -0.00251406
internal_weight=1011 97 82 914 67 899 667 232 93 53 652 292 360 139 88 40 46 51
internal_count=1011 97 82 914 67 899 667 232 93 53 652 292 360 139 88 40 46 51
is_linear=0
shrinkage=0.05


Tree=198
num_leaves=17
num_cat=0
split_feature=95 62 4 32 27 54 101 15 78 108 63 65 9 15 25 55
split_gain=161.58 53.9523 62.2064 77.5477 114.405 201.569 96.6639 64.8041 78.0823 50.9329 48.946 66.809 53.4415 43.6813 37.7667 29.2253
threshold=55.100000000000009 34.500000000000007 8.5000000000000018 5.5000000000000009 32.250000000000007 62.400000000000006 90.350000000000009 52.150000000000013 -0.18749999999999997 3.5000000000000004 39.250000000000007 39.000000000000007 6.8650000000000011 67.65000000000002 31.900000000000002 5.3850000000000007
decision_type=2 2 2 2 2 2 2 2 2 2 2 2 2 2 2 2
left_child=1 -1 3 4 6 -6 -3 8 -4 14 11 -9 -12 -11 -5 -10
right_child=-2 2 7 9 5 -7 -8 10 15 13 12 -13 -14 -15 -16 -17
leaf_value=-0.069527757039799312 -0.14232916786066163 0.0070801080898411656 -0.12887534640142037 -0.051407529407517041 0.22561621082874625 -0.0072599492069938421 0.11753271652685733 0.006758415773394701 -0.052384995460655275 -0.091594158554518676 -0.024712031489705383 0.1208183475070118 0.044588310812089325 0.0022622622169203156 0.021275014259115231 0.011774822713364025
leaf_weight=29 21 327 24 24 18 19 21 64 41 35 207 15.999999999999998 32 19 69 31
leaf_count=29 21 327 24 24 18 19 21 64 41 35 207 16 32 19 69 31
internal_value=-0.0054328 -0.00246788 -0.000401902 0.0109101 0.0227105 0.106199 0.0137916 -0.0149143 -0.0509128 -0.0199562 -0.00405261 0.0297552 -0.0153976 -0.058535 0.00242945 -0.0247133
internal_weight=997 976 947 532 385 37 348 415 96 147 319 80 239 54 93 72
internal_count=997 976 947 532 385 37 348 415 96 147 319 80 239 54 93 72
is_linear=0
shrinkage=0.05


Tree=199
num_leaves=22
num_cat=0
split_feature=96 98 43 97 44 77 62 32 67 64 25 50 26 3 26 80 9 41 21 45 27
split_gain=165.655 54.5958 56.8501 58.971 53.4412 79.5724 79.3164 187.764 287.358 94.0056 91.4487 65.0761 63.1234 54.6913 53.2441 42.5165 41.6289 35.2449 27.8722 21.8729 19.1954
threshold=79.65000000000002 40.350000000000001 -0.34249999999999975 6.4050000000000011 1.5000000000000002 1.5000000000000002 79.700000000000017 4.5000000000000009 18.750000000000004 42.850000000000001 53.400000000000006 30.350000000000005 40.300000000000004 1.5000000000000002 34.45000000000001 0.089166666666666852 6.7150000000000007 -1.0000000180025095e-35 62.650000000000013 -0.0049999999999999619 19.250000000000004
decision_type=2 2 2 2 2 2 2 2 2 2 2 2 2 2 2 2 2 2 2 2 2
left_child=1 4 3 19 5 11 7 8 -6 -9 15 -1 -12 17 -15 -8 -4 -7 20 -3 -18
right_child=-2 2 16 -5 6 13 10 9 -10 -11 12 -13 -14 14 -16 -17 18 -19 -20 -21 -22
leaf_value=-0.15031506070115949 0.16352395099519895 0.0027753812867760386 -0.12954322862328949 0.073734067436925607 0.036522466187139467 -0.009822592004719707 -0.045254338593210069 0.015980417731859868 0.22216891125141386 -0.064210491854409843 0.11370535275279398 -0.028249219347626715 -0.0044054759464738687 -0.031152467049955869 0.024084192946240205 0.0013139508957903479 -0.096094001061614087 -0.1104925347543553 0.011469444790513728 -0.072393244191219924 -0.03448054066794471
leaf_weight=18 14.999999999999998 22 15.999999999999998 21 124 17 115 117 25 53 22 28 23 65 132 85 21 18 19 17 33
leaf_count=18 15 22 16 21 124 17 115 117 25 53 22 28 23 65 132 85 21 18 19 17 33
internal_value=-0.000831106 -0.00334011 -0.0312292 0.00630949 0.00159231 -0.0163391 0.010441 0.0268744 0.0678328 -0.00901393 -0.0109377 -0.076345 0.0533508 -0.00439201 0.00582697 -0.0254471 -0.0565709 -0.0619054 -0.0403533 -0.0299639 -0.0586671
internal_weight=1006 991 149 60 842 278 564 319 149 170 245 46 45 232 197 200 89 35 73 39 54
internal_count=1006 991 149 60 842 278 564 319 149 170 245 46 45 232 197 200 89 35 73 39 54
is_linear=0
shrinkage=0.05


end of trees

feature_importances:
開催経過日=111
pos1_勝率_レース内差=78
pos1_2連率_レース内差=78
pos2_展示_レース内差=76
pos2_2連率_レース内差=76
pos3_展示_レース内差=71
pos1_平均スタートタイミング_レース内差=66
pos1_展示_レース内差=62
pos3_モーター勝率=62
pos2_1コース複勝率=61
pos1_ボート3連率=59
pos1_2コース複勝率=57
pos2_平均スタートタイミング_レース内差=57
pos3_モーター勝率_レース内差=57
pos3_モーター3連率=52
pos3_モーター2連率=51
pos2_4コース複勝率=49
pos3_3連率_レース内差=46
pos1_3連率_レース内差=44
レース=43
pos1_勝率=43
pos1_1コース複勝率=42
pos1_5コース複勝率=41
pos1_当地勝率_レース内差=41
pos3_勝率_レース内差=41
日目=40
pos3_2連率_レース内差=38
pos1_4コース複勝率=36
pos2_勝率_レース内差=36
pos2_3連率_レース内差=36
pos2_ボート2連率=35
pos2_2コース複勝率=35
pos2_当地勝率_レース内順位=35
pos1_3コース複勝率=34
pos1_2連率=32
pos2_平均スタートタイミング=32
pos3_4コース複勝率=32
pos2_当地勝率_レース内差=31
pos1_ボート勝率=30
pos1_勝率_レース内順位=30
pos3_3コース複勝率=29
pos3_当地勝率_レース内差=29
pos1_当地2連率=28
pos2_2連率=28
pos2_3コース複勝率=28
pos1_6コース複勝率=27
pos2_当地2連率=27
pos1_モーター2連率=26
pos2_5コース複勝率=26
pos3_2コース複勝率=26
pos3_1コース複勝率=24
pos1_3連率=23
pos2_体重=23
pos1_当地勝率=22
pos1_当地3連率=22
pos1_モーター勝率=22
pos2_当地勝率=22
pos2_モーター2連率=22
pos3_5コース複勝率=22
pos1_モーター勝率_レース内差=21
pos2_展示=21
pos1_平均スタートタイミング=20
pos2_勝率=19
pos2_ボート勝率=19
pos3_ボート3連率=19
pos3_2連率_レース内順位=19
pos1_平均スタートタイミング_レース内順位=18
pos3_平均スタートタイミング_レース内差=18
pos2_モーター勝率=17
pos2_勝率_レース内順位=17
pos3_展示=17
pos1_ボート勝率_レース内差=16
pos2_3連率=16
pos2_2連率_レース内順位=16
pos2_ボート勝率_レース内差=16
pos3_3連率_レース内順位=16
pos1_ボート2連率=15
pos2_当地3連率=15
pos2_モーター3連率=15
pos2_平均スタートタイミング_レース内順位=15
pos3_ボート勝率_レース内差=15
pos1_展示=14
pos2_6コース複勝率=14
pos3_2連率=14
pos3_3連率=14
pos1_3連率_レース内順位=13
pos1_当地勝率_レース内順位=13
pos2_ボート3連率=13
pos2_展示_レース内順位=13
pos2_モーター勝率_レース内差=13
pos3_勝率=13
pos3_当地2連率=13
pos3_ボート2連率=13
pos3_体重=13
pos1_モーター3連率=11
風速=10
pos3_展示_レース内順位=10
pos1_体重=8
pos1_展示_レース内順位=8
pos2_級=8
pos2_3連率_レース内順位=8
pos3_ボート勝率=8
pos3_6コース複勝率=8
天気=7
風向=6
pos2_モーター勝率_レース内順位=6
pos3_当地勝率=6
pos3_平均スタートタイミング=6
pos1_級=5
pos3_平均スタートタイミング_レース内順位=5
pos1_2連率_レース内順位=4
pos3_級=4
pos3_当地3連率=4
pos1_モーター勝率_レース内順位=3
pos3_勝率_レース内順位=3
pos3_モーター勝率_レース内順位=3
波高=2
pos3_当地勝率_レース内順位=2
pos1_ボート勝率_レース内順位=1
pos2_ボート勝率_レース内順位=1
pos3_ボート勝率_レース内順位=1

parameters:
[boosting: gbdt]
[objective: regression]
[metric: rmse]
[tree_learner: serial]
[device_type: cpu]
[data_sample_strategy: bagging]
[data: ]
[valid: ]
[num_iterations: 200]
[learning_rate: 0.05]
[num_leaves: 31]
[num_threads: 0]
[seed: 42]
[deterministic: 0]
[force_col_wise: 0]
[force_row_wise: 0]
[histogram_pool_size: -1]
[max_depth: 6]
[min_data_in_leaf: 15]
[min_sum_hessian_in_leaf: 0.001]
[bagging_fraction: 0.9]
[pos_bagging_fraction: 1]
[neg_bagging_fraction: 1]
[bagging_freq: 1]
[bagging_seed: 400]
[bagging_by_query: 0]
[feature_fraction: 0.9]
[feature_fraction_bynode: 1]
[feature_fraction_seed: 30056]
[extra_trees: 0]
[extra_seed: 12879]
[early_stopping_round: 0]
[early_stopping_min_delta: 0]
[first_metric_only: 0]
[max_delta_step: 0]
[lambda_l1: 0.1]
[lambda_l2: 0.1]
[linear_lambda: 0]
[min_gain_to_split: 0]
[drop_rate: 0.1]
[max_drop: 50]
[skip_drop: 0.5]
[xgboost_dart_mode: 0]
[uniform_drop: 0]
[drop_seed: 17869]
[top_rate: 0.2]
[other_rate: 0.1]
[min_data_per_group: 100]
[max_cat_threshold: 32]
[cat_l2: 10]
[cat_smooth: 10]
[max_cat_to_onehot: 4]
[top_k: 20]
[monotone_constraints: ]
[monotone_constraints_method: basic]
[monotone_penalty: 0]
[feature_contri: ]
[forcedsplits_filename: ]
[refit_decay_rate: 0.9]
[cegb_tradeoff: 1]
[cegb_penalty_split: 0]
[cegb_penalty_feature_lazy: ]
[cegb_penalty_feature_coupled: ]
[path_smooth: 0]
[interaction_constraints: ]
[verbosity: -1]
[saved_feature_importance_type: 0]
[use_quantized_grad: 0]
[num_grad_quant_bins: 4]
[quant_train_renew_leaf: 0]
[stochastic_rounding: 1]
[linear_tree: 0]
[max_bin: 255]
[max_bin_by_feature: ]
[min_data_in_bin: 3]
[bin_construct_sample_cnt: 200000]
[data_random_seed: 175]
[is_enable_sparse: 1]
[enable_bundle: 1]
[use_missing: 1]
[zero_as_missing: 0]
[feature_pre_filter: 0]
[pre_partition: 0]
[two_round: 0]
[header: 0]
[label_column: ]
[weight_column: ]
[group_column: ]
[ignore_column: ]
[categorical_feature: ]
[forcedbins_filename: ]
[precise_float_parser: 0]
[parser_config_file: ]
[objective_seed: 16083]
[num_class: 1]
[is_unbalance: 0]
[scale_pos_weight: 1]
[sigmoid: 1]
[boost_from_average: 1]
[reg_sqrt: 0]
[alpha: 0.9]
[fair_c: 1]
[poisson_max_delta_step: 0.7]
[tweedie_variance_power: 1.5]
[lambdarank_truncation_level: 30]
[lambdarank_norm: 1]
[label_gain: ]
[lambdarank_position_bias_regularization: 0]
[eval_at: ]
[multi_error_top_k: 1]
[auc_mu_weights: ]
[num_machines: 1]
[local_listen_port: 12400]
[time_out: 120]
[machine_list_filename: ]
[machines: ]
[gpu_platform_id: -1]
[gpu_device_id: -1]
[gpu_use_dp: 0]
[num_gpu: 1]

end of parameters

pandas_categorical:[]
