tree
version=v4
num_class=1
num_tree_per_iteration=1
label_index=0
max_feature_idx=123
objective=regression
feature_names=開催経過日 風速 波高 日目 レース 天気 風向 pos1_艇 pos1_級 pos1_展示 pos1_勝率 pos1_2連率 pos1_3連率 pos1_当地勝率 pos1_当地2連率 pos1_当地3連率 pos1_モーター勝率 pos1_モーター2連率 pos1_モーター3連率 pos1_ボート勝率 pos1_ボート2連率 pos1_ボート3連率 pos1_平均スタートタイミング pos1_1コース複勝率 pos1_2コース複勝率 pos1_3コース複勝率 pos1_4コース複勝率 pos1_5コース複勝率 pos1_6コース複勝率 pos1_体重 pos1_展示_レース内順位 pos1_展示_レース内差 pos1_勝率_レース内順位 pos1_勝率_レース内差 pos1_2連率_レース内順位 pos1_2連率_レース内差 pos1_3連率_レース内順位 pos1_3連率_レース内差 pos1_当地勝率_レース内順位 pos1_当地勝率_レース内差 pos1_モーター勝率_レース内順位 pos1_モーター勝率_レース内差 pos1_ボート勝率_レース内順位 pos1_ボート勝率_レース内差 pos1_平均スタートタイミング_レース内順位 pos1_平均スタートタイミング_レース内差 pos2_艇 pos2_級 pos2_展示 pos2_勝率 pos2_2連率 pos2_3連率 pos2_当地勝率 pos2_当地2連率 pos2_当地3連率 pos2_モーター勝率 pos2_モーター2連率 pos2_モーター3連率 pos2_ボート勝率 pos2_ボート2連率 pos2_ボート3連率 pos2_平均スタートタイミング pos2_1コース複勝率 pos2_2コース複勝率 pos2_3コース複勝率 pos2_4コース複勝率 pos2_5コース複勝率 pos2_6コース複勝率 pos2_体重 pos2_展示_レース内順位 pos2_展示_レース内差 pos2_勝率_レース内順位 pos2_勝率_レース内差 pos2_2連率_レース内順位 pos2_2連率_レース内差 pos2_3連率_レース内順位 pos2_3連率_レース内差 pos2_当地勝率_レース内順位 pos2_当地勝率_レース内差 pos2_モーター勝率_レース内順位 pos2_モーター勝率_レース内差 pos2_ボート勝率_レース内順位 pos2_ボート勝率_レース内差 pos2_平均スタートタイミング_レース内順位 pos2_平均スタートタイミング_レース内差 pos3_艇 pos3_級 pos3_展示 pos3_勝率 pos3_2連率 pos3_3連率 pos3_当地勝率 pos3_当地2連率 pos3_当地3連率 pos3_モーター勝率 pos3_モーター2連率 pos3_モーター3連率 pos3_ボート勝率 pos3_ボート2連率 pos3_ボート3連率 pos3_平均スタートタイミング pos3_1コース複勝率 pos3_2コース複勝率 pos3_3コース複勝率 pos3_4コース複勝率 pos3_5コース複勝率 pos3_6コース複勝率 pos3_体重 pos3_展示_レース内順位 pos3_展示_レース内差 pos3_勝率_レース内順位 pos3_勝率_レース内差 pos3_2連率_レース内順位 pos3_2連率_レース内差 pos3_3連率_レース内順位 pos3_3連率_レース内差 pos3_当地勝率_レース内順位 pos3_当地勝率_レース内差 pos3_モーター勝率_レース内順位 pos3_モーター勝率_レース内差 pos3_ボート勝率_レース内順位 pos3_ボート勝率_レース内差 pos3_平均スタートタイミング_レース内順位 pos3_平均スタートタイミング_レース内差
feature_infos=[3:4016] [0:9] [0:9] [1:8] [1:12] [0:3] [0:8] [1:1] [0:3] [6.4800000000000004:7.0999999999999996] [0:8.3800000000000008] [0:77.400000000000006] [0:91.5] [0:9.5700000000000003] [0:100] [0:100] [0:10.17] [0:100] [0:100] [0:8.1099999999999994] [0:77.799999999999997] [0:88.900000000000006] [0.11:0.25] [25:100] [0:90.900000000000006] [0:88.900000000000006] [0:100] [0:83.299999999999997] [0:100] [43:63] [1:6] [-0.15333333333333332:0.12166666666666703] [1:6] [-4.583333333333333:2.8649999999999993] [1:6] [-28.666666666666668:34.533333333333331] [1:6] [-46.800000000000004:35.116666666666667] [1:6] [-5.8866666666666667:4.5016666666666669] [1:6] [-4.8050000000000006:5.4416666666666673] [1:6] [-4.7783333333333333:3.5416666666666661] [1:6] [-0.056666666666666671:0.061666666666666647] [4:4] [0:3] [6.54:7.0499999999999998] [0:7.9400000000000004] [0:72.200000000000003] [0:84.299999999999997] [0:10.289999999999999] [0:100] [0:100] [0:10] [0:100] [0:100] [0:9] [0:80] [0:90] [0.11:0.27000000000000002] [0:100] [0:100] [0:100] [0:100] [0:69.200000000000003] [0:100] [42:61] [1:6] [-0.15500000000000025:0.10666666666666647] [1:6] [-4.1883333333333335:3.6149999999999998] [1:6] [-25.916666666666668:35.883333333333333] [1:6] [-39.366666666666667:42.033333333333331] [1:6] [-5.9866666666666672:4.4633333333333338] [1:6] [-5.1550000000000002:6.25] [1:6] [-4.7749999999999995:4.2216666666666667] [1:6] [-0.054999999999999966:0.061666666666666675] [3:3] [0:4] [6.5300000000000002:7.1500000000000004] [0:7.8899999999999997] [0:72.099999999999994] [0:82.5] [0:9.8599999999999994] [0:100] [0:100] [0:8.5] [0:90] [0:100] [0:8.1300000000000008] [0:73.299999999999997] [0:87.5] [0.11:0.25] [0:100] [0:92.299999999999997] [0:80] [0:100] [0:63.600000000000001] [0:100] [43:67] [1:6] [-0.13999999999999968:0.13166666666666593] [1:6] [-4.0200000000000005:2.7216666666666667] [1:6] [-28.800000000000001:34.799999999999997] [1:6] [-38.316666666666663:35.43333333333333] [1:6] [-6.3850000000000007:4.9716666666666667] [1:6] [-4:4.9716666666666667] [1:6] [-4.3600000000000003:3.1666666666666665] [1:6] [-0.054999999999999966:0.076666666666666633]
tree_sizes=1576 1844 1558 1593 2146 1602 1524 2364 1547 2269 1533 1367 1806 1669 1604 1342 1371 1458 1352 1268 1350 1449 1360 1066 1540 1351 932 1796 1378 1799 1530 1738 1407 1288 1277 1128 1363 1352 1226 1400 1837 919 860 1200 1304 1292 1188 856 1302 1272 1100 1432 1795 943 1137 1200 1657 1517 1108 794 1039 836 1338 1035 1551 916 1725 1226 792 1054 1836 1428 858 921 1807 1072 1325 1125 1409 1233 2023 1454 927 1344 1096 1149 843 971 1553 962 1020 1597 1549 1140 1198 778 935 1602 1935 1069 764 1312 1131 936 968 745 1663 1205 1501 1292 875 1018 1179 1086 1564 790 1095 1822 1202 1096 917 1277 1287 1298 1003 1029 955 911 1355 1357 911 1214 1326 852 1291 1215 1042 1442 1195 1456 1459 1083 1236 1087 994 847 1114 802 1211 863 858 1715 1328 906 1273 1837 1174 1353 990 1023 1324 1397 1138 1131 781 857 1230 1122 1177 1550 864 1004 754 1151 942 1295 1264 1229 1523 1040 1123 1061 859 824 1389 1049 1110 833 1277 1122 1325 1136 1016 1246 1366 1102 1029 1114 849 1025

Tree=0
num_leaves=17
num_cat=0
split_feature=33 72 26 72 53 10 115 10 36 11 74 45 113 45 113 24
split_gain=81259.3 52163.2 28979.4 11143.6 9976.56 4696.03 4407.78 4381.43 3731.51 2985.36 1288.91 1148.81 1118.15 1149.81 1009.42 540.377
threshold=-0.6283333333333333 -0.6416666666666665 18.750000000000004 -0.043333333333333883 29.800000000000004 5.2550000000000008 -2.566666666666666 5.9350000000000014 3.5000000000000004 30.750000000000004 6.1583333333333377 0.0083333333333333471 1.8416666666666652 -0.010833333333333318 -16.274999999999995 53.95000000000001
decision_type=2 2 2 2 2 2 2 2 2 2 2 2 2 2 2 2
left_child=2 4 -1 5 7 -3 9 -2 11 -5 -10 -8 13 -7 -11 -14
right_child=1 3 -4 6 -6 12 8 -9 10 14 -12 -13 15 -15 -16 -17
leaf_value=25.954231749189358 24.508341879183341 23.147708163976947 22.986110405092326 22.599553338827974 22.44936383444454 22.042410164152827 21.817254309510322 23.369650825891107 21.714693523840644 22.236875940898582 21.470670609154073 22.21156318972233 21.878863636499304 22.599346554618243 21.845153281607679 22.231676609619683
leaf_weight=17 19 14.999999999999998 15.999999999999998 17 14.999999999999998 14.999999999999998 70 15.999999999999998 82 19 164 25 27 24 119 18
leaf_count=17 19 15 16 17 15 15 70 16 82 19 164 25 27 24 119 18
internal_value=22.1061 21.9822 24.5223 21.8517 23.5316 22.3359 21.7551 23.993 21.6546 21.9763 21.5518 21.9211 22.1898 22.3854 21.8992 22.0201
internal_weight=678 645 33 595 50 99 496 35 341 155 246 95 84 39 138 45
internal_count=678 645 33 595 50 99 496 35 341 155 246 95 84 39 138 45
is_linear=0
shrinkage=1


Tree=1
num_leaves=20
num_cat=0
split_feature=33 72 63 72 64 104 112 35 11 13 4 117 74 45 113 112 76 62 32
split_gain=70058.8 44281.3 36600 14965 10121.5 5872 3444.96 2346.61 2166.21 1629.06 1595.48 1613.8 1416.01 944.667 867.908 812.652 431.589 279.755 154.652
threshold=-0.6283333333333333 -0.043333333333333883 39.000000000000007 -0.8300000000000004 19.100000000000005 17.500000000000004 2.5000000000000004 2.341666666666669 31.600000000000005 4.9800000000000013 11.500000000000002 0.59083333333333388 3.8083333333333376 0.0033333333333333414 -16.274999999999995 3.5000000000000004 18.208333333333336 77.050000000000026 3.5000000000000004
decision_type=2 2 2 2 2 2 2 2 2 2 2 2 2 2 2 2 2 2 2
left_child=2 3 -1 4 -2 -5 8 9 -3 13 11 -7 17 -8 -10 -14 -16 -9 -11
right_child=1 6 -4 5 -6 10 7 12 14 18 -12 -13 15 -15 16 -17 -18 -19 -20
leaf_value=3.916685965194465 2.4193225029616325 0.4150660527418859 0.74316309850080309 1.084154810533895 0.66346145201914064 0.56379126361038678 -0.16761921136074256 -0.23104886416160011 0.1128072624357201 -0.34656787838678638 -0.14741491290677591 0.083346941126020327 -0.41027976358677709 0.30168938366522702 -0.2147574238870269 -0.64311812982061711 -0.4933293406726324 -0.43664898878738978 -0.54267697534011916
leaf_weight=15.999999999999998 17 15.999999999999998 21 23 15.999999999999998 34 32 42 18 24 25 36 53 15.999999999999998 78 136 17 28 19
leaf_count=16 17 16 21 23 16 34 32 42 18 24 25 36 53 16 78 136 17 28 19
internal_value=0.0109854 -0.113333 2.12249 0.632992 1.57272 0.369034 -0.348698 -0.430097 -0.127646 -0.21126 0.19489 0.317248 -0.506855 -0.0107771 -0.204834 -0.578103 -0.265126 -0.313866 -0.434395
internal_weight=667 630 37 151 33 118 479 350 129 91 95 70 259 48 113 189 95 70 43
internal_count=667 630 37 151 33 118 479 350 129 91 95 70 259 48 113 189 95 70 43
is_linear=0
shrinkage=0.05


Tree=2
num_leaves=16
num_cat=0
split_feature=74 11 33 72 8 93 111 78 10 36 113 50 101 102 18
split_gain=55736.3 31371.2 26806.2 12397.6 6400.84 6329.72 4264.32 3551.74 2426.02 1901.33 1126 1096.19 975.259 715.826 542.522
threshold=-6.791666666666667 32.350000000000001 -0.725833333333333 -0.043333333333333883 1.0000000180025095e-35 59.20000000000001 -0.11333333333333283 -0.74999999999999922 4.9850000000000012 3.5000000000000004 -16.274999999999995 36.45000000000001 68.300000000000026 45.95000000000001 45.150000000000013
decision_type=2 2 2 2 2 2 2 2 2 2 2 2 2 2 2
left_child=1 -1 -2 4 -4 7 8 -3 -5 14 -10 -11 -6 -14 -8
right_child=2 5 3 6 12 -7 9 -9 10 11 -12 -13 13 -15 -16
leaf_value=3.2420469060447648 1.5002025087674458 1.7733735135059481 1.2105561565908585 0.43888304565995062 0.45042613581841034 0.16356471856320956 -0.040634611127267323 0.69624659889233032 0.21773095550323959 -0.33980894554379054 -0.23872995169171063 -0.57795187067617104 0.23047957220767956 -0.13482803992511941 -0.31690499829113383
leaf_weight=15.999999999999998 23 15.000000000000002 15.999999999999998 17 15.999999999999998 26 25 15.999999999999998 14.999999999999998 68 129 173 22 34 62
leaf_count=16 23 15 16 17 16 26 25 16 15 68 129 173 22 34 62
internal_value=-0.0112028 1.29232 -0.169995 -0.236829 0.309226 0.74022 -0.335149 1.22162 -0.124254 -0.438583 -0.191029 -0.510948 0.107459 0.00875156 -0.237712
internal_weight=673 73 600 577 88 57 489 31 161 328 144 241 72 56 87
internal_count=673 73 600 577 88 57 489 31 161 328 144 241 72 56 87
is_linear=0
shrinkage=0.05


Tree=3
num_leaves=17
num_cat=0
split_feature=74 11 33 76 53 104 37 35 111 89 101 78 74 49 61 87
split_gain=54919.4 31929.6 22379 8476.01 5680.07 3504.41 3822.43 2269.82 1964.87 1604.36 1111 972.101 959.12 828.775 633.589 374.234
threshold=-6.791666666666667 32.350000000000001 -0.6283333333333333 3.0500000000000083 16.850000000000005 15.500000000000002 -3.3583333333333338 2.341666666666669 -0.17249999999999985 45.400000000000006 61.70000000000001 -0.415833333333333 10.733333333333333 6.4850000000000012 0.15500000000000003 6.7950000000000008
decision_type=2 2 2 2 2 2 2 2 2 2 2 2 2 2 2 2
left_child=1 -1 -2 5 -3 -4 -7 10 13 -6 15 -8 -10 -9 -12 -5
right_child=2 4 3 7 9 6 11 8 12 -11 14 -13 -14 -15 -16 -17
leaf_value=3.0989471282748227 1.1941345090078528 1.5261896806047452 0.75885019689275501 -0.067796275197275421 0.65548499936601556 0.6605826145691398 0.10050703145726754 -0.13973420009163698 -0.40571723671125598 0.036400775825450433 -0.40003881576568934 -0.19618639475383601 -0.62399582917216556 -0.44319637226914343 -0.12170773016656558 0.28424140937280978
leaf_weight=18 29 14.999999999999998 17 15.000000000000002 25 19 41 71 114 18 37 84 92 33 46 14.999999999999998
leaf_count=18 29 15 17 15 25 19 41 71 114 18 37 84 92 33 46 15
internal_value=-0.00191383 1.26495 -0.159169 -0.226573 0.691342 0.0821231 0.00172582 -0.34407 -0.414003 0.397135 -0.151979 -0.0988284 -0.503481 -0.236406 -0.246175 0.108416
internal_weight=689 76 613 584 58 161 144 423 310 43 113 125 206 104 83 30
internal_count=689 76 613 584 58 161 144 423 310 43 113 125 206 104 83 30
is_linear=0
shrinkage=0.05


Tree=4
num_leaves=23
num_cat=0
split_feature=33 72 65 72 101 64 89 26 33 36 10 50 54 72 111 61 44 66 47 116 13 76
split_gain=55279.2 30769.8 26726.2 11774.5 6396.06 4833.12 3027.79 2332.02 1768.77 1697.9 1244.7 2297.96 908.753 907.238 886.47 855.273 1205.27 497.264 461.436 409.1 268.963 167.743
threshold=-0.63916666666666655 -0.043333333333333883 32.850000000000001 -0.8300000000000004 64.250000000000014 19.100000000000005 27.200000000000006 30.550000000000001 0.40833333333333283 3.5000000000000004 6.0050000000000008 27.450000000000003 58.750000000000007 0.71583333333333343 -1.3133333333333332 0.15500000000000003 3.5000000000000004 26.450000000000006 1.5000000000000002 2.5000000000000004 5.245000000000001 18.741666666666664
decision_type=2 2 2 2 2 2 2 2 2 2 2 2 2 2 2 2 2 2 2 2 2 2
left_child=2 3 -1 5 7 -2 8 -5 12 15 11 -6 -3 19 -10 20 -17 -12 -16 -11 -8 -15
right_child=1 6 -4 4 10 -7 9 -9 14 13 17 -13 -14 21 18 16 -18 -19 -20 -21 -22 -23
leaf_value=3.5676550514650658 1.8932845164460745 -0.024117233537878667 0.58273835794025708 1.3018057809853403 -0.11788501790544603 0.72761582460703023 -0.19042688793693949 0.43041884393881491 0.12015849376282495 -0.22006863474555841 0.031773172883251606 0.66872352804813084 0.49516983111173118 -0.4870839426025807 -0.36160846640864647 -0.21892330114529512 0.3227335091063519 -0.26371672512777961 -0.12207218432723549 -0.41062505948302852 -0.46074814036547895 -0.60467376759089853
leaf_weight=15.000000000000002 17 19 14.999999999999998 16.000000000000004 18 19 14.999999999999998 14.999999999999998 17 41 37 19 14.999999999999998 77 55 32 14.999999999999998 23 32 94 25 57
leaf_count=15 17 19 15 16 18 19 15 15 17 41 37 19 15 77 55 32 15 23 32 94 25 57
internal_value=-0.0130857 -0.108928 2.08226 0.484289 0.259088 1.28193 -0.305934 0.883067 -0.106966 -0.382997 0.0589169 0.286628 0.205614 -0.445116 -0.209303 -0.190578 -0.0456298 -0.0816651 -0.273802 -0.352995 -0.36023 -0.537554
internal_weight=688 658 30 164 128 36 494 31 138 356 97 37 34 269 104 87 47 60 87 135 40 134
internal_count=688 658 30 164 128 36 494 31 138 356 97 37 34 269 104 87 47 60 87 135 40 134
is_linear=0
shrinkage=0.05


Tree=5
num_leaves=17
num_cat=0
split_feature=33 52 72 64 72 8 36 115 111 62 70 21 82 23 108 113
split_gain=48577.2 29833.1 29374.1 9155.4 8133.34 3228.77 2974.71 2725.71 2082.94 2078.86 1278.72 2922.99 880.02 807.147 778.982 501.815
threshold=-0.6283333333333333 5.6950000000000012 -0.61583333333333312 19.100000000000005 -0.008333333333333302 1.0000000180025095e-35 3.5000000000000004 -2.566666666666666 -0.26916666666666694 51.20000000000001 0.028333333333332881 53.250000000000007 -0.4083333333333336 62.800000000000004 5.5000000000000009 1.8416666666666652
decision_type=2 2 2 2 2 2 2 2 2 2 2 2 2 2 2 2
left_child=1 -1 3 -2 5 -4 8 14 -6 -5 15 -12 -10 -9 -8 -7
right_child=2 -3 4 9 6 10 7 13 12 -11 11 -13 -14 -15 -16 -17
leaf_value=3.1636222417441964 1.8492778166609616 0.18253303864933798 0.82917474086521659 0.92610299297459209 0.49494305872759292 0.10769860465911654 -0.20887878250593608 -0.17559860137458963 0.15277423090279385 0.19336754209339901 0.78779284270883299 -0.16734917124375603 -0.21021597573659229 -0.4714023165868555 0.12992828904989348 -0.1730815685531947
leaf_weight=19 20 14.999999999999998 17 18 14.999999999999998 29 109 26 21 21 17 14.999999999999998 80 220 20 35
leaf_count=19 20 15 17 18 15 29 109 26 21 21 17 15 80 220 20 35
internal_value=0.0125369 1.85297 -0.0821022 0.981777 -0.186178 0.196128 -0.274195 -0.342631 -0.052809 0.533185 0.0832274 0.340788 -0.134617 -0.440243 -0.156252 -0.0458055
internal_weight=697 34 663 59 604 113 491 375 116 39 96 32 101 246 129 64
internal_count=697 34 663 59 604 113 491 375 116 39 96 32 101 246 129 64
is_linear=0
shrinkage=0.05


Tree=6
num_leaves=16
num_cat=0
split_feature=74 34 35 53 33 115 71 101 113 76 37 11 62 10 65
split_gain=45492.9 25406.8 24646.9 5884.87 4985.45 8121.35 4702.32 2277.56 2192.63 1892.45 1563.08 1065.5 954.919 529.061 460.455
threshold=-6.791666666666667 3.5000000000000004 -11.125000000000002 16.850000000000005 -0.087499999999999897 -5.7250000000000041 3.5000000000000004 67.200000000000017 2.1583333333333319 3.841666666666669 6.5666666666666673 29.750000000000004 60.550000000000004 4.5750000000000011 35.45000000000001
decision_type=2 2 2 2 2 2 2 2 2 2 2 2 2 2 2
left_child=1 -1 -2 -3 5 -4 7 -6 11 -7 -5 -8 -9 -10 -11
right_child=2 3 4 10 6 9 8 12 13 14 -12 -13 -14 -15 -16
leaf_value=2.8582927477290059 1.7955725923088026 1.4186552378354151 1.1729303965657392 0.04697477465571321 0.43773428555784194 0.30064338880332181 0.19297442657268601 0.20321895180720292 -0.15878110184574759 -0.032806280304713803 0.66570534274684201 -0.24402192762933639 -0.18456832924320157 -0.46952551309363177 -0.34753917905184079
leaf_weight=17 15.999999999999998 18 15.999999999999998 22 27 24 14.999999999999998 21 14.999999999999998 18 19 185 64 183 33
leaf_count=17 16 18 16 22 27 24 15 21 15 18 19 185 64 183 33
internal_value=0.0071578 1.16061 -0.135078 0.667357 -0.186775 0.153977 -0.247604 0.0385342 -0.328127 -0.064605 0.334747 -0.211142 -0.0885771 -0.446102 -0.236836
internal_weight=693 76 617 59 601 91 510 112 398 75 41 200 85 198 51
internal_count=693 76 617 59 601 91 510 112 398 75 41 200 85 198 51
is_linear=0
shrinkage=0.05


Tree=7
num_leaves=25
num_cat=0
split_feature=72 12 33 88 72 53 112 12 87 35 101 99 13 117 74 80 80 105 62 39 123 56 15 113
split_gain=34011.4 24368.9 10538.6 9424.35 8342.43 3388.9 2134.32 1680.73 1533.34 1425.09 1393.46 1085.92 1056.5 1055.37 921.007 782.902 638.153 579.904 498.318 223.232 172.212 151.576 121.749 119.457
threshold=-0.043333333333333883 45.70000000000001 -0.48583333333333328 5.4750000000000005 -0.8300000000000004 13.500000000000002 2.5000000000000004 58.95000000000001 6.8150000000000004 2.341666666666669 68.300000000000026 49.400000000000006 4.9800000000000013 -1.5583333333333329 10.541666666666668 -0.32583333333333314 -0.065833333333333396 9.7500000000000018 77.750000000000014 1.1316666666666666 0.010000000000000024 32.95000000000001 62.400000000000006 -3.883333333333336
decision_type=2 2 2 2 2 2 2 2 2 2 2 2 2 2 2 2 2 2 2 2 2 2 2 2
left_child=1 -1 3 -2 5 -3 11 8 -6 12 -9 13 16 -4 18 -12 -8 -15 -11 21 -21 -13 -14 -16
right_child=2 4 6 -5 7 -7 9 10 -10 14 15 19 22 17 23 -17 -18 -19 -20 20 -22 -23 -24 -25
leaf_value=2.0871903606841178 1.5789210793198341 1.6361341631175663 0.35200250186221138 -0.11414496055624102 0.84365975588362729 0.568536011383727 -0.21598083721310424 0.43822285556002871 0.12845725934237046 -0.22101305987514205 0.25628385310930923 -0.044033667389650526 -0.4071159256939077 0.15277858010971745 -0.36546406029470713 -0.15537282512836204 0.17696532691575562 -0.1924181719031938 -0.40111907108284622 -0.45128310186821113 -0.21555482737275941 -0.2560333070175424 -0.22533888872365773 -0.52481426910040285
leaf_weight=24 14.999999999999998 15.000000000000002 19 18 15.000000000000002 14.999999999999998 17 18 14.999999999999998 78 14.999999999999998 15.999999999999998 24 18 14.999999999999998 49 26 37 77 17 14.999999999999998 18 15.999999999999998 91
leaf_count=24 15 15 19 18 15 15 17 18 15 78 15 16 24 18 15 49 26 37 77 17 15 18 16 91
internal_value=-0.00554264 0.61691 -0.205492 0.657725 0.367082 1.10616 -0.264482 0.168259 0.487839 -0.33146 0.0508272 -0.0997512 -0.150649 0.0317116 -0.388861 -0.0585635 0.0213578 -0.0792817 -0.310718 -0.247049 -0.341957 -0.156837 -0.335273 -0.502678
internal_weight=683 166 517 33 142 30 484 112 30 344 82 140 83 74 261 64 43 55 155 66 32 34 40 106
internal_count=683 166 517 33 142 30 484 112 30 344 82 140 83 74 261 64 43 55 155 66 32 34 40 106
is_linear=0
shrinkage=0.05


Tree=8
num_leaves=16
num_cat=0
split_feature=33 26 76 64 76 111 0 119 11 25 74 78 65 72 17
split_gain=36072.4 29084.4 19701.4 5895.8 4059.8 2562.88 2483.23 2078.46 1832.24 1024.7 890.664 875.662 864.382 642.341 310.09
threshold=-0.6283333333333333 18.750000000000004 -7.7749999999999941 19.100000000000005 0.52499999999999869 -0.17249999999999985 2857.0000000000005 0.43583333333333357 30.750000000000004 13.950000000000001 7.8000000000000016 -0.46333333333333376 35.100000000000009 1.4275000000000004 28.750000000000004
decision_type=2 2 2 2 2 2 2 2 2 2 2 2 2 2 2
left_child=1 -1 3 -2 7 8 -5 11 -6 -7 -10 12 -4 -11 -13
right_child=2 -3 4 6 5 9 -8 -9 10 13 -12 14 -14 -15 -16
leaf_value=3.1164806910969824 1.4688751142686574 0.22643434227449111 0.43546037133436011 0.72929329311275826 0.33933523869082938 0.068289612381663548 -0.01590497624421619 0.49552546921823776 -0.0077769626376888133 -0.316203376666022 -0.27797044041204294 0.040722879037162332 -0.091339132031857576 -0.49676832331908294 -0.22618267399537595
leaf_weight=15.999999999999998 19 19 16.000000000000004 27 22 14.999999999999998 19 24 56 235 67 14.999999999999998 14.999999999999998 63 39
leaf_count=16 19 19 16 27 22 15 19 24 56 235 67 15 15 63 39
internal_value=-0.00729617 1.55286 -0.0939369 0.729886 -0.1885 -0.253761 0.422019 0.0856556 -0.0798676 -0.334252 -0.155102 -0.0304599 0.180923 -0.354547 -0.152012
internal_weight=667 35 632 65 567 458 46 109 145 313 123 85 31 298 54
internal_count=667 35 632 65 567 458 46 109 145 313 123 85 31 298 54
is_linear=0
shrinkage=0.05


Tree=9
num_leaves=24
num_cat=0
split_feature=72 11 76 39 53 11 112 70 17 31 36 111 74 64 60 0 54 54 87 11 16 72 121
split_gain=34086.9 30466.6 7838.29 7593.85 4120.22 3346.46 4038.3 3138.82 1547.23 2297.13 2398.18 1459.09 921.567 887.704 793.056 769.14 583.789 604.573 564.57 449.571 371.88 266.226 145.986
threshold=-0.43750000000000039 32.350000000000001 2.6583333333333283 -0.91750000000000009 29.550000000000004 27.550000000000004 2.5000000000000004 0.0016666666666655951 31.050000000000004 -0.032499999999999744 5.5000000000000009 0.013333333333333199 3.2666666666666662 30.550000000000001 51.350000000000001 1979.0000000000002 58.750000000000007 49.400000000000006 6.7750000000000012 20.850000000000005 4.9450000000000012 1.1700000000000006 -0.092500000000000235
decision_type=2 2 2 2 2 2 2 2 2 2 2 2 2 2 2 2 2 2 2 2 2 2 2
left_child=1 -1 3 -2 7 6 -4 -3 9 -5 -11 13 18 15 19 -7 17 -10 -13 -8 -15 -14 -18
right_child=2 4 5 8 -6 11 14 -9 16 10 -12 12 21 20 -16 -17 22 -19 -20 -21 -22 -23 -24
leaf_value=2.9125046600859541 1.0856030168818005 0.40096775808485385 0.81187691167490383 -0.18177254746097546 -0.023101327565324261 -0.16956953091651011 -0.40426387217507431 1.3072700305988914 -0.10203656149561043 0.97183415795004136 0.11625365631356424 0.069553398662273988 -0.36084732675531472 -0.37202234799408118 0.17521281705139585 0.32716618594744351 -0.13820446946763046 0.27972721193010447 -0.30618658073215566 -0.048341707672391619 -0.17303602734197349 -0.4799350987858495 -0.35135313825712677
leaf_weight=15.999999999999998 20 22 14.999999999999998 19 25 16.000000000000004 20 17 33 14.999999999999998 18 17 114 33 15.999999999999998 14.999999999999998 14.999999999999998 14.999999999999998 24 15.999999999999998 83 84 18
leaf_count=16 20 22 15 19 25 16 20 17 33 15 18 17 114 33 16 15 15 15 24 16 83 84 18
internal_value=-0.00143107 0.967942 -0.129548 0.17977 0.477939 -0.234047 0.0919711 0.798484 0.0428033 0.255413 0.507066 -0.290658 -0.366917 -0.166472 -0.116758 0.0709048 -0.093772 0.0174942 -0.15048 -0.246787 -0.229959 -0.411611 -0.255329
internal_weight=686 80 606 153 64 453 67 39 133 52 33 386 239 147 52 31 81 48 41 36 116 198 33
internal_count=686 80 606 153 64 453 67 39 133 52 33 386 239 147 52 31 81 48 41 36 116 198 33
is_linear=0
shrinkage=0.05


Tree=10
num_leaves=16
num_cat=0
split_feature=33 63 76 64 72 10 33 115 44 104 74 49 78 31 9
split_gain=38226.3 16849.1 14595 7333 3890.38 2235.74 2195.07 1465.21 1395.52 1237.76 910.535 702.091 503.779 405.713 375.565
threshold=-0.6283333333333333 39.000000000000007 -9.0249999999999968 19.100000000000005 -0.043333333333333883 5.6150000000000011 -0.15749999999999972 -0.70833333333333204 3.5000000000000004 35.100000000000009 3.1916666666666651 6.5150000000000006 -0.48583333333333373 -0.011666666666667156 6.745000000000001
decision_type=2 2 2 2 2 2 2 2 2 2 2 2 2 2 2
left_child=1 -1 3 -2 5 -4 8 11 13 -5 -9 -8 -7 -6 -14
right_child=2 -3 4 9 6 12 7 10 -10 -11 -12 -13 14 -15 -16
leaf_value=2.8895217556037651 1.4687459634860771 0.58956602553875126 0.49569032268592039 0.59980742575959389 -0.29243143956113299 0.15476563567009705 -0.076816750266711475 -0.15373504361147206 0.42496524406353214 0.022517160174533795 -0.3750404394029348 -0.31485375095857859 -0.28300730091700621 0.068396891663406068 0.00071834603260303369
leaf_weight=14.999999999999998 19 17 28 15.999999999999998 16.000000000000004 24 118 59 19 22 224 42 21 14.999999999999998 26
leaf_count=15 19 17 28 16 16 24 118 59 19 22 224 42 21 15 26
internal_value=-0.0108152 1.67347 -0.0941143 0.66931 -0.167729 0.118174 -0.225164 -0.260606 0.0886524 0.266654 -0.328991 -0.13949 -0.0311231 -0.118018 -0.126278
internal_weight=681 32 649 57 592 99 493 443 50 38 283 160 71 31 47
internal_count=681 32 649 57 592 99 493 443 50 38 283 160 71 31 47
is_linear=0
shrinkage=0.05


Tree=11
num_leaves=14
num_cat=0
split_feature=35 72 64 72 11 67 26 101 111 74 117 113 78
split_gain=29289.4 19767.6 6389.38 4541.57 2927.15 3393.44 2703.69 1399.06 1361.73 1105.58 1041.37 770.211 742.088
threshold=-10.166666666666666 -0.8300000000000004 19.100000000000005 -0.043333333333333883 27.950000000000003 14.550000000000002 19.100000000000005 79.450000000000017 0.077499999999999694 -0.47499999999999959 -0.8449999999999992 -16.274999999999995 -0.52416666666666634
decision_type=2 2 2 2 2 2 2 2 2 2 2 2 2
left_child=-1 2 -2 6 5 7 -3 -5 11 -10 -8 -6 -12
right_child=1 3 -4 4 8 -7 10 -9 9 -11 12 -13 -14
leaf_value=1.6455392715803052 1.7857821960895379 0.71977843708462186 0.43248127111084556 -0.24009075630993981 0.18274177277994433 0.77074355931076788 0.43411411500924474 0.32860866946889872 0.049251766167386038 -0.34673606466465667 0.15688643754271797 -0.17044160279330034 -0.11904042646792777
leaf_weight=26 17 17 18 38 17 14.999999999999998 14.999999999999998 14.999999999999998 19 236 40 159 62
leaf_count=26 17 17 18 38 17 15 15 15 19 236 40 159 62
internal_value=0.00235865 -0.0618267 1.09316 -0.125859 -0.195258 0.109438 0.132491 -0.0787282 -0.243357 -0.317204 0.0465744 -0.136215 -0.0107372
internal_weight=694 668 35 633 499 68 134 53 431 255 117 176 102
internal_count=694 668 35 633 499 68 134 53 431 255 117 176 102
is_linear=0
shrinkage=0.05


Tree=12
num_leaves=19
num_cat=0
split_feature=33 123 76 25 72 62 12 102 35 115 31 22 30 83 20 74 28 76
split_gain=28765.2 22115.5 14995 7576.96 3938.1 3074.56 2606.07 1384.3 1227.63 1346.12 1165.85 931.455 1058.37 818.135 602.983 592.854 331.875 244.35
threshold=-0.6283333333333333 -0.0099999999999999933 -7.7749999999999941 28.850000000000005 -0.043333333333333883 51.20000000000001 51.45000000000001 41.650000000000013 2.2916666666666683 -2.566666666666666 -0.011666666666667156 0.15500000000000003 2.5000000000000004 3.5000000000000004 31.550000000000004 10.733333333333333 8.8500000000000014 -1.841666666666679
decision_type=2 2 2 2 2 2 2 2 2 2 2 2 2 2 2 2 2 2
left_child=1 -1 3 -2 6 -5 -4 -7 10 14 16 17 -13 -12 -10 -11 -6 -8
right_child=2 -3 4 5 8 7 11 -9 9 15 13 12 -14 -15 -16 -17 -18 -19
leaf_value=0.10938874653407504 1.6271892759184174 2.6967123043467427 0.74764969696272299 0.8248464578700857 -0.31411706408447537 0.39589138159294007 -0.28611540543159264 -0.26102604039928368 0.013012786386465714 -0.25410489976959627 -0.014120365125580027 -0.0014029293695342875 0.4768405949213228 0.41769263610145119 -0.21533421166181177 -0.41396028494107862 -0.10237169632112604 -0.015989601098938495
leaf_weight=15.999999999999998 14.999999999999998 17 14.999999999999998 21 34 14.999999999999998 19 17 54 152 40 32 18 14.999999999999998 62 95 41 14.999999999999998
leaf_count=16 15 17 15 21 34 15 19 17 54 152 40 32 18 15 62 95 41 15
internal_value=0.00816627 1.44652 -0.0639523 0.638682 -0.144763 0.356284 0.142876 0.0470223 -0.202552 -0.249767 -0.0705837 0.034061 0.171273 0.1041 -0.109072 -0.315751 -0.19872 -0.167485
internal_weight=693 33 660 68 592 53 99 32 493 363 130 84 50 55 116 247 75 34
internal_count=693 33 660 68 592 53 99 32 493 363 130 84 50 55 116 247 75 34
is_linear=0
shrinkage=0.05


Tree=13
num_leaves=18
num_cat=0
split_feature=72 11 33 72 82 101 25 111 36 45 99 120 50 53 18 62 17
split_gain=25725.8 26095 9309.25 3233.98 2980.65 2831.48 1966.26 1229.48 1029.12 809.695 651.267 645.026 593.702 530.114 811.657 455.289 157.7
threshold=-0.43750000000000039 32.350000000000001 -0.725833333333333 -0.043333333333333883 -0.038333333333332657 64.250000000000014 38.600000000000009 0.013333333333333199 3.5000000000000004 -0.0050000000000000175 49.000000000000007 2.5000000000000004 29.550000000000004 34.350000000000001 49.850000000000009 75.350000000000009 33.900000000000006
decision_type=2 2 2 2 2 2 2 2 2 2 2 2 2 2 2 2 2
left_child=1 -1 -2 5 -3 -4 -6 10 9 -9 11 -5 -10 14 -7 -12 -15
right_child=2 4 3 7 6 13 -8 8 12 -11 15 -13 -14 16 -16 -17 -18
leaf_value=2.7192893411939512 0.80638492661648575 0.012086471992225225 0.65859147897407189 -0.081666239677211677 1.0791264908089822 -0.12234966928622999 0.37932722011169834 -0.27060661749148879 -0.10718587740414168 0.031162653373052109 -0.011668695661560815 0.20863180708181375 -0.34785123881764396 -0.059453122616249909 0.35118276570712664 -0.25090665459287842 -0.28240280127683226
leaf_weight=14.999999999999998 27 27 20 65 18 18 23 42 30 47 28 27 183 17 18 69 14.999999999999998
leaf_count=15 27 27 20 65 18 18 23 42 30 47 28 27 183 17 18 69 15
internal_value=0.0137272 0.83873 -0.0993797 -0.141758 0.420443 0.137215 0.688556 -0.191785 -0.254378 -0.111333 -0.091661 0.00360966 -0.314044 -0.0167996 0.114595 -0.181983 -0.164671
internal_weight=689 83 606 579 68 88 41 491 302 89 189 92 213 68 36 97 32
internal_count=689 83 606 579 68 88 41 491 302 89 189 92 213 68 36 97 32
is_linear=0
shrinkage=0.05


Tree=14
num_leaves=17
num_cat=0
split_feature=76 26 33 72 54 22 119 16 115 45 10 14 104 35 74 97
split_gain=16910.4 10870.2 9398.76 2649.85 2595.93 2164.03 2641.85 1429.06 1411.98 1757.01 762.345 662.741 644.756 484.691 477.075 199.277
threshold=-7.7749999999999941 21.550000000000001 -0.725833333333333 0.12416666666666677 46.150000000000013 0.15500000000000003 0.40499999999999986 5.1550000000000011 -2.566666666666666 0.0091666666666666719 5.0150000000000006 36.45000000000001 31.250000000000004 12.358333333333333 3.8083333333333376 5.1750000000000007
decision_type=2 2 2 2 2 2 2 2 2 2 2 2 2 2 2 2
left_child=1 -1 -2 5 7 15 11 -3 9 13 12 -7 -10 -5 -12 -4
right_child=2 4 3 8 -6 6 -8 -9 10 -11 14 -13 -14 -15 -16 -17
leaf_value=1.8953734856172906 0.91028357069956223 0.32031820653290155 -0.096000857980721499 -0.027076271495777338 0.016505935457017687 -0.15893419642171425 0.68405385536575736 0.98400871939751322 0.0064489107148176968 0.44509517917569907 -0.1575513945983581 0.18155902152047879 -0.32962452241029783 -0.22485593000480125 -0.32947166075977241 -0.29448267662205457
leaf_weight=14.999999999999998 22 14.999999999999998 25 62 26 24 22 18 44 14.999999999999998 51 35 21 62 201 26
leaf_count=15 22 15 25 62 26 24 22 18 44 15 51 35 21 62 201 26
internal_value=-0.0153668 0.697885 -0.102001 -0.140032 0.390663 0.0571868 0.217756 0.684361 -0.197133 -0.0641557 -0.255387 0.0429341 -0.102391 -0.126108 -0.294774 -0.197664
internal_weight=684 74 610 588 59 132 81 33 456 139 317 59 65 124 252 51
internal_count=684 74 610 588 59 132 81 33 456 139 317 59 65 124 252 51
is_linear=0
shrinkage=0.05


Tree=15
num_leaves=14
num_cat=0
split_feature=35 72 64 72 104 11 113 22 112 117 73 50 62
split_gain=27510.9 14265.8 4296.28 3692.91 2553.26 2319.39 2771.2 1576.36 997.652 877.529 872.26 869.555 1531.16
threshold=-10.166666666666666 -0.8300000000000004 19.100000000000005 -0.043333333333333883 17.500000000000004 27.950000000000003 -4.458333333333333 0.18500000000000003 2.5000000000000004 -1.5833333333333333 3.5000000000000004 24.900000000000002 65.90000000000002
decision_type=2 2 2 2 2 2 2 2 2 2 2 2 2
left_child=-1 2 -2 4 -3 6 -5 -8 9 -7 -10 -6 -13
right_child=1 3 -4 5 11 8 7 -9 10 -11 -12 12 -14
leaf_value=1.7531067319585187 1.4026230446734831 0.60639391492016581 0.33622958735866443 0.6872152001961418 -0.31548038211879353 0.20682939157496749 -0.27200509237738896 0.29840709392312931 -0.031705535669106347 -0.14127258323700531 -0.27925711921544105 0.39294323380460444 -0.047726441785668781
leaf_weight=22 20 24 18 15.999999999999998 14.999999999999998 22 33 19 41 100 273 29 61
leaf_count=22 20 24 18 16 15 22 33 19 41 100 273 29 61
internal_value=0.0173391 -0.0398166 0.899829 -0.0963661 0.142246 -0.157465 0.113956 -0.0633166 -0.199825 -0.0783412 -0.24697 0.0356309 0.0944901
internal_weight=693 671 38 633 129 504 68 52 436 122 314 105 90
internal_count=693 671 38 633 129 504 68 52 436 122 314 105 90
is_linear=0
shrinkage=0.05


Tree=16
num_leaves=14
num_cat=0
split_feature=72 35 25 76 39 62 102 37 108 10 104 71 66
split_gain=17639.4 21042.2 4942.51 3701.37 5504.38 2970.47 1919.01 2111 1625.39 1355.57 1084.57 668.086 466.445
threshold=-0.43750000000000039 0.41666666666666613 13.450000000000001 2.5166666666666662 -0.91750000000000009 62.000000000000007 11.450000000000001 -9.4999999999999911 3.5000000000000004 5.0600000000000014 18.400000000000002 1.5000000000000002 23.200000000000006
decision_type=2 2 2 2 2 2 2 2 2 2 2 2 2
left_child=1 -1 -2 4 -4 8 -5 -8 -3 -9 -6 -7 -12
right_child=2 5 3 6 10 11 7 9 -10 -11 12 -13 -14
leaf_value=2.3068350395060473 0.58506139206104124 0.30285884650397643 0.85041986757545107 0.3648561230163701 0.32981035275312753 -0.28119321239660983 -0.75336262259566977 0.019582352139910716 0.96213296219619382 -0.22626385090289924 -0.0042548031297721181 0.17427288308647107 -0.22557278064358266
leaf_weight=15.999999999999998 26 21 21 14.999999999999998 18 15.999999999999998 17 67 17 342 61 15.999999999999998 39
leaf_count=16 26 21 21 15 18 16 17 67 17 342 61 16 39
internal_value=0.00710306 0.676788 -0.0880224 -0.118299 0.106604 0.301375 -0.189207 -0.208809 0.59968 -0.185984 -0.0263361 -0.0534709 -0.0907579
internal_weight=692 86 606 580 139 70 441 426 38 409 118 32 100
internal_count=692 86 606 580 139 70 441 426 38 409 118 32 100
is_linear=0
shrinkage=0.05


Tree=17
num_leaves=15
num_cat=0
split_feature=33 123 76 25 62 33 92 111 78 76 62 71 61 112
split_gain=18330 20186.3 9720.05 5386.18 2267.87 2259.1 1817.32 1395.79 1314.79 1755.66 716.406 540.304 442.56 206.638
threshold=-0.63916666666666655 -0.0099999999999999933 -9.0249999999999968 33.900000000000006 66.65000000000002 0.42250000000000038 21.450000000000003 -1.3133333333333332 -0.48583333333333373 4.8583333333333352 78.550000000000011 2.5000000000000004 0.15500000000000003 2.5000000000000004
decision_type=2 2 2 2 2 2 2 2 2 2 2 2 2 2
left_child=1 -1 3 -2 -5 6 -4 -7 9 -8 11 -9 -10 -12
right_child=2 -3 5 4 -6 7 8 10 12 -11 13 -13 -14 -15
leaf_value=-0.040657402897438806 1.2358742356893435 2.4292668819427488 0.39962389487441752 0.54042255479286161 -0.25475448979841953 0.27647315889411833 0.64967839896481561 0.14033354830149322 -0.1974664350685246 -0.072056220526470566 -0.17592799517379445 -0.15547699718655625 -0.022129176448981915 -0.29813366434952349
leaf_weight=17 20 15.999999999999998 28 22 14.999999999999998 15.999999999999998 14.999999999999998 17 63 19 47 159 84 140
leaf_count=17 20 16 28 22 15 16 15 17 63 19 47 159 84 140
internal_value=0.012897 1.16045 -0.0459781 0.576841 0.218101 -0.10645 0.0255003 -0.179214 -0.0325363 0.247181 -0.199384 -0.126813 -0.0973909 -0.267556
internal_weight=678 33 645 57 37 588 209 379 181 34 363 176 147 187
internal_count=678 33 645 57 37 588 209 379 181 34 363 176 147 187
is_linear=0
shrinkage=0.05


Tree=18
num_leaves=14
num_cat=0
split_feature=35 72 64 74 113 31 101 10 39 112 36 25 104
split_gain=16811.4 11674.8 3076.86 2863.85 2194.54 1608.91 1198.53 1832.59 976.511 542.821 459.836 257.791 223.532
threshold=-10.166666666666666 -0.8300000000000004 19.100000000000005 4.1833333333333309 -13.049999999999999 0.030833333333332828 56.400000000000006 5.035000000000001 -0.91750000000000009 3.5000000000000004 3.5000000000000004 21.250000000000004 10.150000000000002
decision_type=2 2 2 2 2 2 2 2 2 2 2 2 2
left_child=-1 2 -2 4 -3 8 7 -5 -6 10 -8 -11 -9
right_child=1 3 -4 6 5 -7 9 12 -10 11 -12 -13 -14
leaf_value=1.252941724029994 1.2404680095501801 0.61873967608079228 0.32357374572614483 0.33088967071639169 0.25452447453106958 0.49846376614854826 0.062569763784494872 -0.054031619310564521 -0.069737037029764526 -0.10409872413340193 -0.19582615905416301 -0.30479697745355816 -0.25261746064847351
leaf_weight=26 20 14.999999999999998 17 26 26 14.999999999999998 22 24 210 18 78 161 35
leaf_count=26 20 15 17 26 26 15 22 24 210 18 78 161 35
internal_value=0.00808452 -0.0406137 0.821335 -0.0913663 0.0333187 -0.00187917 -0.18248 -0.0180119 -0.0338995 -0.232545 -0.138923 -0.284712 -0.172149
internal_weight=693 667 37 630 266 251 364 85 236 279 100 179 59
internal_count=693 667 37 630 266 251 364 85 236 279 100 179 59
is_linear=0
shrinkage=0.05


Tree=19
num_leaves=13
num_cat=0
split_feature=37 76 52 56 114 33 37 74 75 37 109 65
split_gain=16265.5 8970.37 4466.88 3958.21 3145.62 7925.74 1237.69 1255.57 1058.71 815.035 553.849 453.956
threshold=-15.474999999999996 -6.8750000000000027 4.8100000000000014 33.400000000000006 2.5000000000000004 -0.11666666666666624 -9.4999999999999911 3.8083333333333376 3.5000000000000004 -0.35833333333333778 0.026666666666666842 33.800000000000004
decision_type=2 2 2 2 2 2 2 2 2 2 2 2
left_child=-1 2 3 -2 5 -3 -6 9 -7 -8 -10 -9
right_child=1 4 -4 -5 6 8 7 11 10 -11 -12 -13
leaf_value=1.6232905713828985 0.27216766773417778 0.99053936326673231 -0.044046878220771975 1.1557015926635572 -0.61831174038893355 0.24581806012641838 0.20977514084854687 -0.12564782332607582 -0.19355314833001305 -0.094736590821690669 0.056902053214346097 -0.26450005576843705
leaf_weight=14.999999999999998 24 21 28 27 14.999999999999998 24 27 87 76 116 31 185
leaf_count=15 24 21 28 27 15 24 27 87 76 116 31 185
internal_value=0.000686547 -0.0363674 0.463224 0.741365 -0.104258 0.0911891 -0.173363 -0.157123 -0.0535891 -0.0371 -0.120959 -0.220169
internal_weight=676 661 79 51 582 152 430 415 131 143 107 272
internal_count=676 661 79 51 582 152 430 415 131 143 107 272
is_linear=0
shrinkage=0.05


Tree=20
num_leaves=14
num_cat=0
split_feature=37 72 64 72 33 78 58 112 90 5 37 35 120
split_gain=14890.8 9152.91 3088.25 2956.34 3732.16 1971.66 2054.21 1133.18 590.833 892.256 504.551 560.993 329.515
threshold=-15.474999999999996 -0.8300000000000004 19.100000000000005 0.59249999999999992 -0.41083333333333333 -0.46333333333333376 5.3850000000000007 1.5000000000000002 38.850000000000001 1.0000000180025095e-35 -3.9249999999999967 -2.5749999999999953 4.5000000000000009
decision_type=2 2 2 2 2 2 2 2 2 2 2 2 2
left_child=-1 2 -2 4 -3 6 -6 -7 9 12 -10 -12 -5
right_child=1 3 -4 8 5 7 -8 -9 10 -11 11 -13 -14
leaf_value=1.5511541714731432 1.1692185923691194 0.65009898451658388 0.2542249212772148 -0.2999997025248648 0.00026487049185399059 0.20736891985710326 0.52321253234578158 -0.14375823701032278 -0.51203539245176 0.21586030164168252 0.026878599696097329 -0.23887464383889287 -0.025830851393844445
leaf_weight=14.999999999999998 19 22 18 26 53 26 29 192 14.999999999999998 20 22 199 19
leaf_count=15 19 22 18 26 53 26 29 192 15 20 22 199 19
internal_value=-0.00133039 -0.0368513 0.726106 -0.0822807 0.0230149 -0.0231559 0.185683 -0.101782 -0.194909 -0.0612069 -0.231672 -0.212397 -0.184664
internal_weight=675 660 37 623 322 300 82 218 301 65 236 221 45
internal_count=675 660 37 623 322 300 82 218 301 65 236 221 45
is_linear=0
shrinkage=0.05


Tree=21
num_leaves=15
num_cat=0
split_feature=33 65 66 72 62 72 52 31 37 111 35 31 62 88
split_gain=13425.1 17084.2 7580.76 6698.37 2267.44 2130.36 1260.7 1797.55 835.307 691.439 665.807 751.444 390.223 216.313
threshold=-0.48583333333333328 32.850000000000001 21.950000000000003 -0.8300000000000004 53.100000000000001 -0.043333333333333883 5.7950000000000008 0.0050000000000003384 12.366666666666665 -1.3133333333333332 7.5333333333333377 -0.015000000000001011 78.550000000000011 6.0250000000000012
decision_type=2 2 2 2 2 2 2 2 2 2 2 2 2 2
left_child=1 -1 -3 4 -2 6 7 8 -5 -7 11 -11 -12 -8
right_child=3 2 -4 5 -6 9 13 -9 -10 10 12 -13 -14 -15
leaf_value=2.0755300226267317 1.0377056205481814 0.88678598530245134 -0.69756827141275479 0.22055674436406827 0.19339665403429249 0.16785283750957913 -0.034468287256497303 0.58896697561887768 -0.12563943728235932 -0.16031897671107639 -0.14118445393501003 0.031803645361477222 -0.26845711460262861 -0.28027308040264387
leaf_weight=17 17 15.000000000000002 14.999999999999998 38 14.999999999999998 17 17 21 32 146 108 78 138 19
leaf_count=17 17 15 15 38 15 17 17 21 32 146 108 78 138 19
internal_value=-0.000758692 0.814199 0.0947571 -0.0601758 0.643927 -0.0969788 0.0853247 0.184384 0.0622708 -0.144538 -0.155881 -0.0934125 -0.212682 -0.164754
internal_weight=693 47 30 646 32 614 127 91 70 487 470 224 246 36
internal_count=693 47 30 646 32 614 127 91 70 487 470 224 246 36
is_linear=0
shrinkage=0.05


Tree=22
num_leaves=14
num_cat=0
split_feature=37 72 26 0 78 50 24 113 50 101 0 84 95
split_gain=13400.8 8671.12 6228.62 4216.37 2334.75 3132.14 1189.29 935.38 664.326 868.606 582.943 713.248 406.157
threshold=-15.474999999999996 -0.043333333333333883 21.050000000000004 2819.5000000000005 -0.77083333333333293 23.350000000000005 15.600000000000003 -16.274999999999995 22.650000000000002 76.550000000000011 1433.5000000000002 -0.00083333333333333859 34.45000000000001
decision_type=2 2 2 2 2 2 2 2 2 2 2 2 2
left_child=-1 2 3 -2 5 -4 -3 -8 -6 -10 11 -9 -12
right_child=1 6 4 -5 8 -7 7 10 9 -11 12 -13 -14
leaf_value=1.4726404098485479 1.264304375545287 0.26099073745269141 0.96352357947678291 0.18586940785117498 -0.31911738615984109 0.087718140230484284 0.2115014457563211 -0.17156099017638984 0.27878880854292865 -0.098226167738077311 -0.15294344146288869 0.047369049098068293 -0.26780809085871987
leaf_weight=14.999999999999998 23 18 15.999999999999998 14.999999999999998 17 28 17 95 23 45 173 61 140
leaf_count=15 23 18 16 15 17 28 17 95 23 45 173 61 140
internal_value=-0.00039406 -0.0335453 0.278592 0.840343 0.112554 0.407769 -0.137016 -0.151818 -0.0405039 0.0294423 -0.165041 -0.0859462 -0.204406
internal_weight=686 671 167 38 129 44 504 486 85 68 469 156 313
internal_count=686 671 167 38 129 44 504 486 85 68 469 156 313
is_linear=0
shrinkage=0.05


Tree=23
num_leaves=11
num_cat=0
split_feature=74 34 11 93 78 102 33 62 32 37
split_gain=12113.3 11460 4921.83 2355.35 2055.42 1990.6 2126.06 1556.9 2090.83 1013.51
threshold=-6.791666666666667 3.5000000000000004 15.050000000000002 59.20000000000001 -0.74999999999999922 9.5500000000000025 -0.59000000000000019 62.70000000000001 3.5000000000000004 -1.1583333333333348
decision_type=2 2 2 2 2 2 2 2 2 2
left_child=1 -1 -2 4 -3 -4 -7 8 -8 -9
right_child=2 3 5 -5 -6 6 7 9 -10 -11
leaf_value=1.7374344233532399 0.79143130231347891 0.92410806368666076 0.43723596735307346 -0.10150307034294444 0.14629914195914015 -0.61545158950843626 0.59736008783530081 0.053721534041476518 -0.018427785413677684 -0.15737738156720019
leaf_weight=17 15.999999999999998 17 17 25 17 20 17 66 71 407
leaf_count=17 16 17 17 25 17 20 17 66 71 407
internal_value=0.00248061 0.597521 -0.0712498 0.266603 0.53692 -0.0944684 -0.110107 -0.0919759 0.101018 -0.127906
internal_weight=690 76 614 59 34 598 581 561 88 473
internal_count=690 76 614 59 34 598 581 561 88 473
is_linear=0
shrinkage=0.05


Tree=24
num_leaves=16
num_cat=0
split_feature=37 74 78 27 115 27 37 91 31 74 35 78 69 12 66
split_gain=9817.83 4924.71 5582.38 6126.8 1920.76 3928.9 1367.06 1060.09 1001.77 850.951 1324.97 703.515 552.992 414.542 363.221
threshold=-15.474999999999996 -4.3916666666666666 -0.77083333333333293 21.950000000000003 -6.0666666666666584 9.7500000000000018 -9.4999999999999911 4.9800000000000013 -0.020000000000000902 0.14166666666666575 2.4833333333333329 1.0958333333333332 3.5000000000000004 43.850000000000001 28.800000000000004
decision_type=2 2 2 2 2 2 2 2 2 2 2 2 2 2 2
left_child=-1 2 3 -2 5 -3 -6 -4 14 10 -8 -10 -9 -11 -7
right_child=1 4 7 -5 6 8 9 12 11 13 -12 -13 -14 -15 -16
leaf_value=1.2099615028926305 1.3232458951913915 0.79912416912754125 0.27056744463408172 0.11599628195095966 -0.61660510447641093 -0.20864225938348288 0.42506616145418663 -0.35108346882589619 0.31772762940048732 -0.022471846696278469 -0.091608974810727564 -0.091959090853295122 0.015552020250861325 -0.18535685416042547 0.024144542356373366
leaf_weight=15.999999999999998 21 15.999999999999998 20 21 14.999999999999998 55 15.999999999999998 21 27 45 54 17 20 301 24
leaf_count=16 21 16 20 21 15 55 16 21 27 45 54 17 20 301 24
internal_value=-0.0102331 -0.039425 0.278576 0.721449 -0.0969359 0.0646263 -0.149055 -0.0269535 -0.0314491 -0.13204 0.0268548 0.159477 -0.172513 -0.164199 -0.137918
internal_weight=689 673 103 42 570 139 431 61 123 416 70 44 41 346 79
internal_count=689 673 103 42 570 139 431 61 123 416 70 44 41 346 79
is_linear=0
shrinkage=0.05


Tree=25
num_leaves=14
num_cat=0
split_feature=35 72 25 72 33 31 103 21 37 70 65 39 0
split_gain=8681.36 3946.77 3144.2 2096.47 2469.13 1012.73 1491.98 762.756 683.492 653.352 481.82 463.82 418.833
threshold=-10.166666666666666 -0.65833333333333355 33.900000000000006 0.5833333333333327 -0.37666666666666687 -0.0066666666666672638 26.450000000000006 48.95000000000001 12.366666666666665 0.075833333333334099 37.70000000000001 0.53499999999999981 1255.5000000000002
decision_type=2 2 2 2 2 2 2 2 2 2 2 2 2
left_child=-1 2 -2 4 -3 8 -7 -4 -6 10 11 -5 -12
right_child=1 3 7 9 5 6 -8 -9 -10 -11 12 -13 -14
leaf_value=0.88366905332051526 0.85660515102729973 0.54955963520642148 0.33696998476192652 0.066190852034500453 0.0048164513866508635 0.53948354497140283 0.021427309027130709 -0.14429306969952188 -0.18273412749382556 0.16313624414584496 -0.084714782052206589 -0.15649484765546073 -0.26954060540458857
leaf_weight=27 21 21 14.999999999999998 32 121 18 60 18 81 14.999999999999998 40 86 134
leaf_count=27 21 21 15 32 121 18 60 18 81 15 40 86 134
internal_value=0.00652509 -0.0293702 0.379869 -0.0657818 0.0279697 -0.0113139 0.14158 0.0746689 -0.0704179 -0.157696 -0.174245 -0.0960583 -0.227154
internal_weight=689 662 54 608 301 280 78 33 202 307 292 118 174
internal_count=689 662 54 608 301 280 78 33 202 307 292 118 174
is_linear=0
shrinkage=0.05


Tree=26
num_leaves=9
num_cat=0
split_feature=37 76 53 82 113 37 33 74
split_gain=10004.2 5839.98 3902.27 2583.23 2265.22 1649.81 2494.17 780.232
threshold=-15.474999999999996 -7.7749999999999941 6.9000000000000012 -0.038333333333332657 -15.333333333333332 -10.099999999999996 -0.37666666666666687 3.8083333333333376
decision_type=2 2 2 2 2 2 2 2
left_child=-1 2 -2 -4 -3 -6 -7 -8
right_child=1 4 3 -5 5 6 7 -9
leaf_value=1.2831337701405912 1.0486375829297534 0.3634083958886743 -0.19869360777980838 0.51512571632649962 -0.60449812327394437 0.37604172449955825 -0.021674387005090362 -0.14579519105959685
leaf_weight=14.999999999999998 18 29 23 28 14.999999999999998 29 203 337
leaf_count=15 18 29 23 28 15 29 203 337
internal_value=0.0101583 -0.0180164 0.417736 0.19335 -0.0671335 -0.0885803 -0.074867 -0.0991569
internal_weight=697 682 69 51 613 584 569 540
internal_count=697 682 69 51 613 584 569 540
is_linear=0
shrinkage=0.05


Tree=27
num_leaves=18
num_cat=0
split_feature=72 24 62 32 16 25 35 76 112 11 99 70 0 76 74 122 108
split_gain=5940.75 9488.23 2808.95 2448.19 2368.96 1784.33 1817.62 1531.82 1527.21 2486.98 602.077 600.688 471.826 482.912 437.053 302.664 149.6
threshold=-0.043333333333333883 27.900000000000002 66.65000000000002 3.5000000000000004 5.5950000000000006 13.450000000000001 -9.5916666666666668 -9.0249999999999968 2.5000000000000004 30.750000000000004 46.650000000000013 0.044999999999999492 2009.5000000000002 -3.7249999999999974 10.541666666666668 4.5000000000000009 1.5000000000000002
decision_type=2 2 2 2 2 2 2 2 2 2 2 2 2 2 2 2 2
left_child=1 -1 3 -3 7 -2 -7 -5 9 -8 -11 12 -4 -14 15 -10 -16
right_child=5 2 11 4 -6 6 8 -9 14 10 -12 -13 13 -15 16 -17 -18
leaf_value=1.4361361293603254 0.37637037501441251 0.89097662872131567 0.01594419499852813 0.71313612295027395 -0.30320688017279085 -0.63879434447851235 0.64585946458854426 0.12594772500108437 -0.13568285801278318 0.1114037235999791 -0.11487657675191154 0.21061624441517901 -0.4133208064106404 -0.065056883137190394 -0.36726980964589562 0.027864806853300311 -0.20394766455930957
leaf_weight=14.999999999999998 19 15.999999999999998 29 19.999999999999996 17 15.999999999999998 14.999999999999998 25.000000000000004 166 46 81 14.999999999999998 20.999999999999996 19.000000000000004 15.999999999999998 34 127
leaf_count=15 19 16 29 20 17 16 15 25 166 46 81 15 21 19 16 34 127
internal_value=-0.0127804 0.237332 0.125483 0.34136 0.198236 -0.0979537 -0.116024 0.388034 -0.0986391 0.0392097 -0.0328543 -0.0750817 -0.137477 -0.248595 -0.155717 -0.107855 -0.2225
internal_weight=697 177 162 78 62 520 501 45 485 142 127 84 69 40 343 200 143
internal_count=697 177 162 78 62 520 501 45 485 142 127 84 69 40 343 200 143
is_linear=0
shrinkage=0.05


Tree=28
num_leaves=14
num_cat=0
split_feature=35 74 53 70 82 97 113 0 31 65 112 35 101
split_gain=8106.76 4017.79 4469.98 1398.77 1143.55 900.795 893.271 739.699 928.483 645.131 899.049 573.989 411.997
threshold=-10.166666666666666 -5.599999999999997 6.9000000000000012 -0.035833333333332711 1.1491666666666667 5.0450000000000008 0.42499999999999721 1433.5000000000002 0.030833333333332828 37.70000000000001 4.5000000000000009 2.341666666666669 44.70000000000001
decision_type=2 2 2 2 2 2 2 2 2 2 2 2 2
left_child=-1 2 -2 -4 7 -5 -7 8 11 10 -9 -3 -11
right_child=1 4 3 5 -6 6 -8 9 -10 12 -12 -13 -14
leaf_value=0.86466001715239893 0.91265472281035653 0.10268483378009628 -0.32697297760418481 0.44027052953903811 0.30826398594850335 0.30382979891158096 -0.23149589564165343 0.019791638548672864 0.33821630868298269 0.049413512216029777 -0.20375667389497143 -0.10698245004918364 -0.22324578831192024
leaf_weight=26 21 45 15.999999999999998 23 18 15.000000000000002 15.999999999999998 112 17 14.999999999999998 75 118 172
leaf_count=26 21 45 16 23 18 15 16 112 17 15 75 118 172
internal_value=0.000301796 -0.0337123 0.274684 0.082193 -0.0828236 0.2039 0.0275159 -0.0955928 -0.0122712 -0.135667 -0.069901 -0.0490407 -0.201333
internal_weight=689 663 91 70 572 54 31 554 180 374 187 163 187
internal_count=689 663 91 70 572 54 31 554 180 374 187 163 187
is_linear=0
shrinkage=0.05


Tree=29
num_leaves=19
num_cat=0
split_feature=74 26 113 39 37 78 64 96 43 102 74 74 96 45 37 43 26 97
split_gain=7032.07 10834.8 2203.13 5063.8 1718.07 1582.34 801.616 1193.4 593.955 550.074 500.595 1157 468.807 309.202 473.132 297.509 285.794 171.689
threshold=-6.791666666666667 21.550000000000001 2.6333333333333315 -1.0891666666666666 -10.391666666666667 -0.74999999999999922 31.700000000000006 46.45000000000001 -1.0000000180025095e-35 17.500000000000004 0.14166666666666575 -0.93333333333333346 51.95000000000001 -0.0033333333333333127 -0.79166666666666419 -0.0066666666666672638 36.900000000000006 4.5650000000000004
decision_type=2 2 2 2 2 2 2 2 2 2 2 2 2 2 2 2 2 2
left_child=1 -1 3 -2 -4 -3 7 -5 -9 -8 11 16 -7 17 -15 -11 -6 -12
right_child=2 5 4 6 10 12 9 8 -10 15 13 -13 -14 14 -16 -17 -18 -19
leaf_value=1.5220353686348509 0.73106325280493223 0.4281709310021336 -0.67454608513030001 0.45353617315224481 -0.25766014326616649 -0.32509784655065721 0.15685998264413614 0.15322262648247531 -0.15337545344683903 -0.18779230934704594 -0.070546066938941152 0.36463018370711286 0.062785189418318843 0.1328260204086753 -0.14625192002346804 -0.055098882253541787 0.0029524608334498617 -0.22959646305672635
leaf_weight=18 24 22 14.999999999999998 19 22 15.000000000000002 22 32 31 70 20 15.999999999999998 15.999999999999998 19 74 107 20 120
leaf_count=18 24 22 15 19 22 15 22 32 31 70 20 16 16 19 74 107 20 120
internal_value=-0.00482137 0.465799 -0.0595843 0.0354995 -0.154354 0.104792 -0.0241292 0.10732 0.00227369 -0.0783462 -0.127301 0.0040551 -0.125181 -0.160008 -0.0891009 -0.107681 -0.133728 -0.206977
internal_weight=682 71 611 305 306 53 281 82 63 199 291 58 31 233 93 177 42 140
internal_count=682 71 611 305 306 53 281 82 63 199 291 58 31 233 93 177 42 140
is_linear=0
shrinkage=0.05


Tree=30
num_leaves=16
num_cat=0
split_feature=37 72 25 104 101 33 92 14 33 97 72 45 38 87 38
split_gain=6459.17 3268.66 4492.28 1539.77 1089.77 1935.41 927.897 1135.57 557.87 479.66 423.699 499.758 390.52 203.009 81.2842
threshold=-15.474999999999996 -0.043333333333333883 27.250000000000004 17.500000000000004 55.000000000000007 0.14833333333333301 29.950000000000003 45.400000000000006 -0.55249999999999966 5.6750000000000007 1.5475000000000005 -0.0083333333333333436 4.5000000000000009 6.7550000000000008 4.5000000000000009
decision_type=2 2 2 2 2 2 2 2 2 2 2 2 2 2 2
left_child=-1 2 -2 -4 5 -3 7 -5 -6 -8 11 -10 -7 -14 -12
right_child=1 4 3 6 8 12 9 -9 10 -11 14 -13 13 -15 -16
leaf_value=0.99275941552582714 0.81711562344264144 0.58766919954723085 0.4982577029512732 -0.052041456169186373 -0.41888661088532964 0.125970996448135 -0.015510287364213711 0.5164497509337308 -0.14843482911917824 -0.28670570245851273 -0.1786869047922337 -0.026068932472553749 -0.24635960291762379 -0.037614395489685482 -0.30064195045109454
leaf_weight=15.999999999999998 23 14.999999999999998 18 18 14.999999999999998 26 72 17 167 21 31 167 18 33 26
leaf_count=16 23 15 18 18 15 26 72 17 167 21 31 167 18 33 26
internal_value=0.00313664 -0.0207402 0.169192 0.0665984 -0.0852262 0.0700597 0.00551568 0.224625 -0.120435 -0.0770438 -0.108869 -0.087293 -0.0313398 -0.111725 -0.234832
internal_weight=683 667 169 146 498 92 128 35 406 93 391 334 77 51 57
internal_count=683 667 169 146 498 92 128 35 406 93 391 334 77 51 57
is_linear=0
shrinkage=0.05


Tree=31
num_leaves=18
num_cat=0
split_feature=72 24 33 62 4 12 33 41 31 37 115 0 9 65 76 70 43
split_gain=5035.82 11565.5 2235.14 1836.53 1741.34 2737.18 1333.1 807.19 535.955 865.347 668.881 499.481 468.319 458.182 286.632 332.438 138.085
threshold=-0.043333333333333883 26.650000000000002 -0.7616666666666666 66.65000000000002 2.5000000000000004 57.850000000000001 -0.48583333333333328 0.20750000000000005 -0.008333333333333302 -2.1749999999999967 -3.5833333333333353 3590.5000000000005 6.7250000000000005 31.400000000000002 18.741666666666664 -0.0091666666666663215 0.21583333333333291
decision_type=2 2 2 2 2 2 2 2 2 2 2 2 2 2 2 2 2
left_child=1 -1 -2 4 -3 -6 -4 -7 14 -10 -11 12 -5 -14 15 -8 -16
right_child=2 3 6 11 5 7 8 -9 9 10 -12 -13 13 -15 16 -17 -18
leaf_value=1.4954835562232116 -0.65461618970012114 -0.20369400544936611 0.38945974708590292 -0.20064247588574627 0.860083142679129 0.32146920159858761 -0.16952417372107872 -0.12878867692736365 0.35115138256786677 0.13424072546930854 -0.11890413821234461 -0.34031723200880143 0.2514619004222291 -0.082094077236279484 -0.24923051647071179 -0.052911057070601147 -0.10227239211271336
leaf_weight=15.999999999999998 17 15.999999999999998 14.999999999999998 23 20 26 98 15.999999999999998 14.999999999999998 36 94 14.999999999999998 20 21 55 163 23
leaf_count=16 17 16 15 23 20 26 98 16 15 36 94 15 20 21 55 163 23
internal_value=-0.014182 0.219185 -0.0924602 0.0882152 0.26018 0.380105 -0.0731712 0.149925 -0.0875968 -0.00710133 -0.0487148 -0.0816237 -0.020478 0.0807104 -0.122 -0.0967641 -0.206147
internal_weight=689 173 516 157 78 62 499 42 484 145 130 79 64 41 339 261 78
internal_count=689 173 516 157 78 62 499 42 484 145 130 79 64 41 339 261 78
is_linear=0
shrinkage=0.05


Tree=32
num_leaves=15
num_cat=0
split_feature=33 65 76 25 71 0 11 84 80 101 93 78 38 98
split_gain=7167.48 15175.9 1939.62 2574.7 1216.47 945.452 1238.62 930.442 650.298 467.086 488.455 356.858 305.355 145.414
threshold=-0.6283333333333333 35.850000000000009 -9.0249999999999968 33.900000000000006 1.5000000000000002 1433.5000000000002 27.550000000000004 0.019166666666666669 0.14083333333333317 45.800000000000004 33.95000000000001 1.3283333333333343 3.5000000000000004 33.050000000000004
decision_type=2 2 2 2 2 2 2 2 2 2 2 2 2 2
left_child=1 -1 3 -2 -5 6 -4 8 -8 10 -7 12 -11 -13
right_child=2 -3 5 4 -6 9 7 -9 -10 11 -12 13 -14 -15
leaf_value=1.7696803073436891 0.65392735529029777 -0.30869232198810054 0.40249048216425964 -0.25508448763400721 0.3271473090380233 0.23215748694405627 0.030720992671649489 0.31816461672957658 -0.17585892120284721 0.020383147261124768 -0.12588545743231944 -0.1313628519192051 -0.11648519024793283 -0.24112074218701671
leaf_weight=17 23 18 20 22 14.999999999999998 20 96 19 63 53 18 57 175 66
leaf_count=17 23 18 20 22 15 20 96 19 63 53 18 57 175 66
internal_value=0.00694884 0.702826 -0.0307903 0.239738 -0.0186642 -0.0584869 0.030427 -0.0115523 -0.0511591 -0.103753 0.0625417 -0.121783 -0.0846524 -0.190446
internal_weight=682 35 647 60 37 587 198 178 159 389 38 351 228 123
internal_count=682 35 647 60 37 587 198 178 159 389 38 351 228 123
is_linear=0
shrinkage=0.05


Tree=33
num_leaves=13
num_cat=0
split_feature=35 62 76 53 32 102 115 33 37 26 76 84
split_gain=5822.59 3268.14 2450.73 2289.15 1212.91 834.383 1183.66 782.036 1045.8 532.294 455.128 410.988
threshold=-11.125000000000002 62.000000000000007 -7.7749999999999941 9.3500000000000014 3.5000000000000004 17.500000000000004 -15.524999999999995 -0.5308333333333336 -3.6833333333333367 20.350000000000005 18.741666666666664 0.01833333333333333
decision_type=2 2 2 2 2 2 2 2 2 2 2 2
left_child=-1 2 3 -2 -4 6 -3 -7 -9 -6 -10 -11
right_child=1 5 4 -5 9 7 -8 8 10 11 -12 -13
leaf_value=0.86361183458597868 1.0198825583256632 0.49334826274028681 0.41639270612394619 0.22582113660904235 -0.2852883165436132 -0.44787659814815656 -0.071302185897015924 0.21372511499292909 -0.075164067902062384 -0.049878691469277613 -0.19922448962478712 0.24513507794414521
leaf_weight=19 14.999999999999998 14.999999999999998 19 23 15.999999999999998 14.999999999999998 24 28 362 38 93 17
leaf_count=19 15 15 19 23 16 15 24 28 362 38 93 17
internal_value=0.00288303 -0.0218279 0.205098 0.541252 0.062668 -0.0759557 0.14645 -0.0934089 -0.0822998 -0.0323729 -0.100571 0.041496
internal_weight=684 665 128 38 90 537 39 498 483 71 455 55
internal_count=684 665 128 38 90 537 39 498 483 71 455 55
is_linear=0
shrinkage=0.05


Tree=34
num_leaves=13
num_cat=0
split_feature=24 72 26 25 33 39 78 27 117 31 115 103
split_gain=4410.55 3016.47 4168.27 1806.94 2489.39 1175.99 583.711 700.89 483.131 467.138 663.439 255.305
threshold=16.650000000000002 -0.043333333333333883 19.100000000000005 13.950000000000001 -0.59000000000000019 2.5800000000000005 -0.52416666666666634 21.950000000000003 -0.26833333333333304 -0.01666666666666616 -3.6833333333333331 12.750000000000002
decision_type=2 2 2 2 2 2 2 2 2 2 2 2
left_child=-1 2 -2 -3 -5 6 7 -4 -8 11 -11 -6
right_child=1 3 5 4 9 -7 8 -9 -10 10 -12 -13
leaf_value=0.62317287409437538 0.7500813717861099 0.43078306111859982 0.33111995489566359 -0.65241299434680844 0.0037043203550734018 0.45285566937733696 0.12781601385187707 -0.032495798922811674 -0.17130570477909512 0.15031445080629824 -0.077755859246935469 -0.13825262147445835
leaf_weight=27 25 15.999999999999998 23 20 36 15.999999999999998 18 31 53 44 115 259
leaf_count=27 25 16 23 20 36 16 18 31 53 44 115 259
internal_value=-0.00191021 -0.0277364 0.156402 -0.0901474 -0.107829 0.0506475 -0.001116 0.122611 -0.0953286 -0.0836894 -0.0145558 -0.120917
internal_weight=683 656 166 490 474 141 125 54 71 454 159 295
internal_count=683 656 166 490 474 141 125 54 71 454 159 295
is_linear=0
shrinkage=0.05


Tree=35
num_leaves=11
num_cat=0
split_feature=37 33 0 84 58 31 62 33 59 50
split_gain=7052.03 1880.53 7029.94 783.102 823.466 769.988 1292.28 601.28 529.202 319.799
threshold=-15.474999999999996 -0.48583333333333328 1905.0000000000002 0.022499999999999996 5.3250000000000011 0.037499999999999652 79.350000000000009 0.99916666666666709 32.750000000000007 22.450000000000003
decision_type=2 2 2 2 2 2 2 2 2 2
left_child=-1 2 -2 5 -5 7 -7 8 -3 -9
right_child=1 3 -4 4 -6 6 -8 9 -10 -11
leaf_value=1.0617590831605015 1.0511790782213211 0.014447565580644054 -0.36288759151874989 -0.1298058274565943 0.33759227166790889 0.46916405684940998 -0.16568772177033078 -0.37964323052507365 -0.1032371341637973 -0.13761867327152752
leaf_weight=14.999999999999998 17 187 18 14.999999999999998 25 17 14.999999999999998 14.999999999999998 195 150
leaf_count=15 17 187 18 15 25 17 15 15 195 150
internal_value=-0.00650698 -0.0311747 0.32484 -0.0513621 0.162307 -0.0661575 0.171832 -0.0801181 -0.0456253 -0.159868
internal_weight=669 654 35 619 40 579 32 547 382 165
internal_count=669 654 35 619 40 579 32 547 382 165
is_linear=0
shrinkage=0.05


Tree=36
num_leaves=14
num_cat=0
split_feature=33 92 51 123 11 0 45 94 39 97 74 50 33
split_gain=8033.31 12065.5 1090.21 1007.93 1423.15 586.239 876.173 1436.68 379.167 342.084 618.781 414.748 209.165
threshold=-0.6283333333333333 33.000000000000007 29.850000000000005 0.026666666666666661 39.500000000000007 1724.0000000000002 -0.0075000000000000058 5.5050000000000008 1.0008333333333332 4.785000000000001 0.33333333333333132 23.950000000000003 1.1208333333333333
decision_type=2 2 2 2 2 2 2 2 2 2 2 2 2
left_child=1 -1 -2 5 -5 6 8 -8 -4 10 -7 -11 -6
right_child=2 -3 3 4 12 9 7 -9 -10 11 -12 -13 -14
leaf_value=1.8040424566395235 0.31049659101806615 -0.13711357785944353 0.010390089009259199 0.5753294194154196 0.10396838573461079 0.22050843312277046 -0.016843043670333662 0.3812471590030973 -0.17298316143332779 -0.33748614334952243 -0.099558711923280016 -0.11168002260652106 -0.1480407371845664
leaf_weight=14.999999999999998 22 17 48 14.999999999999998 18 21 77 32 68 22 53 264 14.999999999999998
leaf_count=15 22 17 48 15 18 21 77 32 68 22 53 264 15
internal_value=0.00314267 0.775433 -0.0346925 -0.0467447 0.173262 -0.0648315 -0.00149247 0.100224 -0.0971179 -0.104393 -0.00848637 -0.129179 -0.0105313
internal_weight=687 32 655 633 48 585 225 109 116 360 74 286 33
internal_count=687 32 655 633 48 585 225 109 116 360 74 286 33
is_linear=0
shrinkage=0.05


Tree=37
num_leaves=14
num_cat=0
split_feature=62 33 37 31 0 113 104 121 82 70 51 27 6
split_gain=2790.53 4296.28 1739.39 1284.44 990.079 963.569 937.837 813.183 620.205 528.797 550.225 334.787 237.909
threshold=68.15000000000002 -0.21499999999999983 -10.391666666666667 0.022499999999999968 226.50000000000003 -5.2916666666666661 20.300000000000004 -0.025000000000000352 1.0433333333333328 0.058333333333333133 61.550000000000004 9.7500000000000018 3.5000000000000004
decision_type=2 2 2 2 2 2 2 2 2 2 2 2 2
left_child=1 -1 -2 5 -4 -3 12 -8 9 11 -11 -6 -7
right_child=2 3 4 -5 8 6 7 -9 -10 10 -12 -13 -14
leaf_value=0.76903537236061326 -0.61089773809672987 0.26497090329840722 0.29693842802134995 0.41293536633676831 0.014749858545067355 -0.17043965905081501 0.1995126607708442 -0.13405449616764317 0.19180874135808568 0.28628904755685214 -0.10922836793793572 -0.12432060256638387 -0.44184300252143915
leaf_weight=24 14.999999999999998 26 18 21 49 18 35 38 20 18 17 365 14.999999999999998
leaf_count=24 15 26 18 21 49 18 35 38 20 18 17 365 15
internal_value=-0.0221319 0.14851 -0.0823259 0.0507009 -0.0659131 -0.00715843 -0.0741411 0.0258607 -0.0799102 -0.0920646 0.0942743 -0.107849 -0.294918
internal_weight=679 177 502 153 487 132 106 73 469 449 35 414 33
internal_count=679 177 502 153 487 132 106 73 469 449 35 414 33
is_linear=0
shrinkage=0.05


Tree=38
num_leaves=12
num_cat=0
split_feature=72 35 87 37 82 15 39 13 72 37 30
split_gain=4232.26 10811.2 2158.09 2084.27 1095.59 1087.67 1028.97 2517.36 720.742 659.214 374.067
threshold=-0.43750000000000039 0.41666666666666613 6.6250000000000009 -10.874999999999993 -0.058333333333333119 63.150000000000013 -0.91750000000000009 1.5550000000000004 0.29833333333333339 -6.2750000000000012 5.5000000000000009
decision_type=2 2 2 2 2 2 2 2 2 2 2
left_child=1 -1 -2 -4 -3 -6 7 8 -5 -8 -11
right_child=2 4 3 6 5 -7 9 -9 -10 10 -12
leaf_value=1.546370688337364 0.54482047395990385 -0.18203400558211269 -0.54852592414024315 0.22056737512535191 -0.0069727366339962628 0.52988674258976654 -0.39074835287814114 0.68842576349744145 -0.20178446892882629 -0.063943731511611909 0.16165776736449197
leaf_weight=14.999999999999998 14.999999999999998 27 21 15.999999999999998 21 17 14.999999999999998 15.999999999999998 27 480 19
leaf_count=15 15 27 21 16 21 17 15 16 27 480 19
internal_value=-0.00051761 0.341149 -0.0454567 -0.0604603 0.0609957 0.23383 -0.0424718 0.1551 -0.0443672 -0.0651858 -0.055313
internal_weight=689 80 609 594 65 38 573 59 43 514 499
internal_count=689 80 609 594 65 38 573 59 43 514 499
is_linear=0
shrinkage=0.05


Tree=39
num_leaves=14
num_cat=0
split_feature=33 72 26 39 113 37 96 35 99 71 37 101 115
split_gain=6339.4 1586.16 2630.77 1067.99 866.952 1447.72 564.649 538.591 496.669 473.298 461.436 218.954 189.338
threshold=-0.92499999999999971 -0.043333333333333883 19.100000000000005 2.6250000000000004 -8.0083333333333329 1.1416666666666659 37.050000000000004 -6.9749999999999988 45.050000000000004 4.5000000000000009 -3.4666666666666646 40.20000000000001 5.0416666666666652
decision_type=2 2 2 2 2 2 2 2 2 2 2 2 2
left_child=-1 2 -2 6 5 -3 -4 -6 -8 -7 -9 -11 -12
right_child=1 4 3 -5 7 9 8 10 -10 11 12 -13 -14
leaf_value=1.0181944082904335 0.55645686668009098 0.52215264064586719 -0.29706314663859723 0.42443625548028002 -0.353321377737984 0.16530776029859467 0.17866207339372106 0.15210399636211086 -0.050490021063969152 0.070470022671664787 -0.048436734348766247 -0.15215645085775506 -0.12210496952108051
leaf_weight=14.999999999999998 28 14.999999999999998 15.999999999999998 14.999999999999998 19 26 34 20 77 14.999999999999998 142 41 228
leaf_count=15 28 15 16 15 19 26 34 20 77 15 142 41 228
internal_value=0.00495644 -0.0176665 0.114417 0.0268886 -0.0620661 0.07224 -0.0203235 -0.0939407 0.0197533 -0.0105359 -0.0812041 -0.0924159 -0.0938665
internal_weight=691 676 170 142 506 97 127 409 111 82 390 56 370
internal_count=691 676 170 142 506 97 127 409 111 82 390 56 370
is_linear=0
shrinkage=0.05


Tree=40
num_leaves=19
num_cat=0
split_feature=26 41 115 64 11 71 70 37 23 0 14 21 72 14 24 76 28 52
split_gain=3391.02 9495.77 1801.48 1582.63 1501.59 1373.25 1551.83 1482.42 1375.35 1295.45 878.969 540.526 409.641 386.368 366.349 277.543 308.008 110.658
threshold=18.750000000000004 -0.65833333333333266 -5.6749999999999998 20.900000000000002 23.700000000000006 3.5000000000000004 -0.026666666666666835 -8.9166666666666625 65.350000000000009 1905.0000000000002 57.000000000000007 51.250000000000007 -0.30249999999999971 31.000000000000004 21.550000000000001 18.741666666666664 9.7500000000000018 6.705000000000001
decision_type=2 2 2 2 2 2 2 2 2 2 2 2 2 2 2 2 2 2
left_child=1 -1 -3 -4 -5 6 12 -7 -8 10 -10 -11 -2 -6 -9 16 -16 -17
right_child=5 2 3 4 13 7 8 14 9 11 -12 -13 -14 -15 15 17 -18 -19
leaf_value=1.3766479252288057 -0.31110727788798842 0.56275126523529462 0.36322865247414371 -0.59069072418655 0.16446825004084992 -0.58532888376160175 0.61163539294375502 0.15332061929732377 0.14616953500340785 0.10872334741868113 0.59179837664231572 -0.22364581731776947 -0.015233042269810294 -0.13385571139654992 -0.12436869362721632 -0.13115890244095749 -0.019454205771914132 -0.25612256925310439
leaf_weight=15.999999999999998 25 14.999999999999998 19 14.999999999999998 18 14.999999999999998 14.999999999999998 15.999999999999998 42 21 14.999999999999998 29 22 27 127 58 156 26
leaf_count=16 25 15 19 15 18 15 15 16 42 21 15 29 22 27 127 58 156 26
internal_value=0.000688398 0.254625 0.0623291 -0.0332159 -0.159235 -0.0486036 0.0707635 -0.0993072 0.164796 0.101595 0.264359 -0.0840126 -0.173045 -0.0143152 -0.0801115 -0.090341 -0.0665809 -0.170156
internal_weight=677 110 94 79 60 567 169 398 122 107 57 50 47 45 383 367 283 84
internal_count=677 110 94 79 60 567 169 398 122 107 57 50 47 45 383 367 283 84
is_linear=0
shrinkage=0.05


Tree=41
num_leaves=9
num_cat=0
split_feature=24 119 87 37 121 62 76 105
split_gain=4050.65 6443.8 2202.23 2485.36 956.267 859.248 1249.3 610.759
threshold=18.900000000000002 0.11083333333333335 6.6250000000000009 -10.874999999999993 -1.0774999999999995 76.050000000000011 -9.0249999999999968 4.4000000000000012
decision_type=2 2 2 2 2 2 2 2
left_child=1 -1 -2 -4 -5 6 -6 -7
right_child=2 -3 3 4 5 7 -8 -9
leaf_value=-0.13948385086507428 0.51211495597059553 1.2149818451432457 -0.6605216283975921 0.33747757215771762 0.27832852246642398 0.13669286496744826 -0.021189996065809947 -0.11030498472014194
leaf_weight=18 18 17 15.999999999999998 17 42 27 201 327
leaf_count=18 18 17 16 17 42 27 201 327
internal_value=-0.00329788 0.519844 -0.0316376 -0.0472601 -0.0311663 -0.0417268 0.0306513 -0.0914188
internal_weight=683 35 648 630 614 597 243 354
internal_count=683 35 648 630 614 597 243 354
is_linear=0
shrinkage=0.05


Tree=42
num_leaves=8
num_cat=0
split_feature=33 68 37 33 78 84 89
split_gain=3892.77 1770.9 897.955 1151.77 783.54 684.082 319.92
threshold=-0.92499999999999971 59.500000000000007 -9.4999999999999911 -0.37666666666666687 0.72333333333333416 0.015833333333333342 28.950000000000003
decision_type=2 2 2 2 2 2 2
left_child=-1 2 -2 -4 5 -5 -6
right_child=1 -3 3 4 6 -7 -8
leaf_value=0.79465796426432034 -0.37658710068102041 0.5183624556917229 0.28789668302611798 -0.012426957182505284 -0.019685857111878771 0.18190480956094451 -0.1273533444890346
leaf_weight=14.999999999999998 18 14.999999999999998 29 254 105 55 202
leaf_count=15 18 15 29 254 105 55 202
internal_value=0.000636771 -0.0170373 -0.0292343 -0.0194761 -0.0339991 0.0221943 -0.0905636
internal_weight=693 678 663 645 616 309 307
internal_count=693 678 663 645 616 309 307
is_linear=0
shrinkage=0.05


Tree=43
num_leaves=12
num_cat=0
split_feature=24 119 26 37 72 32 53 16 76 113 57
split_gain=3530.74 7269.73 2681.76 1962.91 987.099 1343.58 2077.82 841.76 377.793 362.005 204.113
threshold=18.900000000000002 0.11083333333333335 8.5000000000000018 -10.391666666666667 0.12416666666666677 3.5000000000000004 28.450000000000006 5.5850000000000009 18.741666666666664 -5.2916666666666661 39.900000000000006
decision_type=2 2 2 2 2 2 2 2 2 2 2
left_child=1 -1 -2 -4 5 6 -5 -7 9 -6 -10
right_child=2 -3 3 4 8 7 -8 -9 10 -11 -12
leaf_value=-0.21192105975415976 0.57888815957867645 1.2693466692977811 -0.58336713973039422 0.76728876599613915 0.04819832543524926 0.079703954292959261 0.026330696744642737 -0.17547200787610451 -0.30057402381580839 -0.070715314872162691 -0.11592147573415237
leaf_weight=17 18 15.999999999999998 15.999999999999998 15.999999999999998 87 108 23 46 18 241 90
leaf_count=17 18 16 16 16 87 108 23 46 18 241 90
internal_value=0.0038002 0.507783 -0.0213502 -0.0381959 -0.0242298 0.0698774 0.331626 0.00338571 -0.0659053 -0.0391539 -0.146993
internal_weight=696 33 663 645 629 193 39 154 436 328 108
internal_count=696 33 663 645 629 193 39 154 436 328 108
is_linear=0
shrinkage=0.05


Tree=44
num_leaves=13
num_cat=0
split_feature=33 65 71 25 14 104 101 111 76 5 101 51
split_gain=4244.71 12076.6 1119.43 1481.01 790.886 566.667 530.773 461.543 452.077 383.299 737.426 341.527
threshold=-0.6283333333333333 36.350000000000001 2.5000000000000004 27.250000000000004 57.000000000000007 56.400000000000006 62.20000000000001 -1.3133333333333332 -10.775 1.0000000180025095e-35 62.70000000000001 39.650000000000013
decision_type=2 2 2 2 2 2 2 2 2 2 2 2
left_child=1 -1 3 -2 6 7 -5 -4 -8 11 -11 -9
right_child=2 -3 5 4 -6 -7 8 9 -10 10 -12 -13
leaf_value=1.5919881684890642 0.54140004590282331 -0.37733111385232915 0.19121251488258828 0.22635685720058701 0.3722690088069992 0.24398235965589557 -0.29659062442979262 -0.29735075543768963 0.0042077295317048844 0.16808953606368698 -0.064162090121755874 -0.084597152186231483
leaf_weight=15.000000000000002 18 15.999999999999998 18 15.999999999999998 14.999999999999998 15.999999999999998 19 20 36 45 141 318
leaf_count=15 18 16 18 16 15 16 19 20 36 45 141 318
internal_value=0.00657262 0.577459 -0.0202364 0.130278 0.0436426 -0.0483166 -0.0261412 -0.056998 -0.0999634 -0.0655687 -0.00788518 -0.0972851
internal_weight=693 31 662 104 86 558 71 542 55 524 186 338
internal_count=693 31 662 104 86 558 71 542 55 524 186 338
is_linear=0
shrinkage=0.05


Tree=45
num_leaves=13
num_cat=0
split_feature=35 76 71 50 0 10 45 65 71 62 31 35
split_gain=3534.63 991.312 2863.42 877.746 768.978 939.675 549.096 529.303 520.615 466.349 402.279 277.694
threshold=-10.166666666666666 -9.0249999999999968 1.5000000000000002 23.350000000000005 1433.5000000000002 5.0600000000000014 -0.0050000000000000175 37.70000000000001 3.5000000000000004 47.70000000000001 -0.020000000000000902 -5.0916666666666677
decision_type=2 2 2 2 2 2 2 2 2 2 2 2
left_child=-1 2 6 9 5 -5 -2 10 -7 -3 -6 -9
right_child=1 3 -4 4 7 8 -8 11 -10 -11 -12 -13
leaf_value=0.61784660363089439 0.057292707935469027 -0.10506755884405206 0.55934901146139671 0.32637755458975193 -0.063264923153631233 0.15134062702220072 -0.36924668661016508 -0.33251773914359267 -0.046544881578258035 -0.46086037428998161 0.090543837083359904 -0.10892734908166901
leaf_weight=22 15.000000000000002 19 26 27 119 46 14.999999999999998 14.999999999999998 119 18 66 182
leaf_count=22 15 19 26 27 119 46 15 15 119 18 66 182
internal_value=-0.00425759 -0.0248738 0.176266 -0.0433429 -0.0280935 0.0535041 -0.156329 -0.0691222 0.00865117 -0.279066 -0.00834632 -0.126137
internal_weight=689 667 56 611 574 192 30 382 165 37 185 197
internal_count=689 667 56 611 574 192 30 382 165 37 185 197
is_linear=0
shrinkage=0.05


Tree=46
num_leaves=12
num_cat=0
split_feature=37 26 115 39 66 35 31 35 113 43 70
split_gain=4034.22 1165.09 3661.65 1173.17 1520.67 713.557 563.966 429.873 559.5 391.649 130.887
threshold=-15.474999999999996 18.900000000000002 -5.7250000000000041 0.84833333333333327 12.250000000000002 -8.0166666666666622 0.037499999999999652 16.233333333333331 -15.333333333333332 0.01166666666666716 -0.026666666666666835
decision_type=2 2 2 2 2 2 2 2 2 2 2
left_child=-1 2 -2 4 -4 -3 7 8 -7 -5 -9
right_child=1 5 3 9 -6 6 -8 10 -10 -11 -12
leaf_value=0.80850476429162443 0.7241079929315648 -0.36400140454197488 0.46846450291821179 -0.36441964464134124 -0.10241323656962749 0.23896095646613558 0.17823784685984922 -0.21607178760449974 -0.037942197707039584 -0.035778455834211027 -0.097709396316310218
leaf_weight=14.999999999999998 21 17 21 21 26 19 29 36 405 15.999999999999998 68
leaf_count=15 21 17 21 21 26 19 29 36 405 16 68
internal_value=0.00017331 -0.0177929 0.135252 -0.0125883 0.153007 -0.0458163 -0.0360325 -0.0478421 -0.0254686 -0.222919 -0.138897
internal_weight=694 679 105 84 47 574 557 528 424 37 104
internal_count=694 679 105 84 47 574 557 528 424 37 104
is_linear=0
shrinkage=0.05


Tree=47
num_leaves=8
num_cat=0
split_feature=33 111 11 26 77 35 84
split_gain=3610.7 1025.86 980.834 1015.76 843.538 1113.68 283.626
threshold=-0.92499999999999971 -1.3133333333333332 19.900000000000002 8.5000000000000018 4.5000000000000009 1.7333333333333327 0.020833333333333346
decision_type=2 2 2 2 2 2 2
left_child=-1 -2 -3 -4 5 -5 -6
right_child=1 2 3 4 6 -7 -8
leaf_value=0.76276693091487258 0.30845476105099634 -0.33091663999119025 0.3619892820105915 0.21141523840501555 -0.10713679422695599 -0.019919566036941068 0.11587445199094862
leaf_weight=14.999999999999998 23 26 17 64 255 276 14.999999999999998
leaf_count=15 23 26 17 64 255 276 15
internal_value=-0.0019068 -0.0189921 -0.0305786 -0.0180656 -0.0287231 0.0236605 -0.0946905
internal_weight=691 676 653 627 610 340 270
internal_count=691 676 653 627 610 340 270
is_linear=0
shrinkage=0.05


Tree=48
num_leaves=13
num_cat=0
split_feature=26 0 37 84 109 56 35 77 38 113 70 64
split_gain=2875.49 8471.4 1593.68 1121.79 1079.29 962.705 663.45 695.749 521.272 309.281 353.64 301.761
threshold=12.900000000000002 2058.5000000000005 -10.874999999999993 0.022499999999999996 -0.021666666666666053 26.350000000000005 6.0500000000000016 4.5000000000000009 4.5000000000000009 -15.741666666666665 -0.013333333333334084 35.600000000000009
decision_type=2 2 2 2 2 2 2 2 2 2 2 2
left_child=1 -1 -2 6 -3 -5 7 8 -4 -8 -11 -9
right_child=2 4 3 5 -6 -7 9 11 -10 10 -12 -13
leaf_value=1.1575951938605427 -0.52307421050456737 -0.46310832226118492 0.20384077016100763 0.54763108450450648 0.1254523065889844 0.054861144398905562 0.096838656192586428 0.083198388663165243 -0.002413889410825619 -0.16338069823345217 -0.053600203306008509 -0.10756190407526481
leaf_weight=20 15.999999999999998 15.000000000000002 66 14.999999999999998 15.999999999999998 29 22 27 57 121 187 88
leaf_count=20 16 15 66 15 16 29 22 27 57 121 187 88
internal_value=-0.00266625 0.358014 -0.0320174 -0.0190878 -0.159748 0.223825 -0.0379499 0.0256594 0.108294 -0.0838348 -0.0967835 -0.0626979
internal_weight=679 51 628 612 31 44 568 238 123 330 308 115
internal_count=679 51 628 612 31 44 568 238 123 330 308 115
is_linear=0
shrinkage=0.05


Tree=49
num_leaves=12
num_cat=0
split_feature=72 34 87 37 87 121 67 117 24 82 70
split_gain=2186.9 6153.45 2035.24 1462.69 1898.43 763.594 710.881 705.602 582.908 393.757 351.904
threshold=-0.43750000000000039 3.5000000000000004 6.6250000000000009 -10.099999999999996 6.8050000000000006 -1.0774999999999995 5.7000000000000002 0.44749999999999984 16.650000000000002 0.036666666666666632 0.077500000000000138
decision_type=2 2 2 2 2 2 2 2 2 2 2
left_child=1 -1 -2 4 -4 -5 7 -3 -7 -8 -10
right_child=2 6 3 5 -6 8 9 -9 10 -11 -12
leaf_value=1.0869476105298912 0.54116942716750094 0.4312162617184469 -0.78203294656134581 0.310857118620329 0.01174286696689808 0.26787004802894127 -0.33612331903928161 -0.03800285828043843 -0.054913379449969005 0.019457323180500027 0.16360855093177076
leaf_weight=17 14.999999999999998 14.999999999999998 15.000000000000002 15.999999999999998 14.999999999999998 14.999999999999998 15.000000000000002 17 516 15.999999999999998 19
leaf_count=17 15 15 15 16 15 15 15 17 516 16 19
internal_value=0.000108762 0.245769 -0.0320831 -0.0466073 -0.386258 -0.0285307 0.0173426 0.182446 -0.0384676 -0.152965 -0.0471143
internal_weight=691 80 611 596 30 566 63 32 550 31 535
internal_count=691 80 611 596 30 566 63 32 550 31 535
is_linear=0
shrinkage=0.05


Tree=50
num_leaves=11
num_cat=0
split_feature=35 72 64 50 74 58 31 37 23 84
split_gain=3257.88 1162.24 1429.91 808.711 860.797 1299 879.57 585.169 363.111 339.514
threshold=-10.166666666666666 -0.8300000000000004 19.100000000000005 22.450000000000003 4.1833333333333309 5.995000000000001 -0.031666666666665837 4.4916666666666716 55.900000000000013 -0.0066666666666666671
decision_type=2 2 2 2 2 2 2 2 2 2
left_child=-1 2 -2 7 5 6 -5 -3 -6 -10
right_child=1 3 -4 4 8 -7 -8 -9 9 -11
leaf_value=0.57435240419079159 0.58907191924184388 -0.4950118830495373 -0.067924833936350668 -0.078292540629664203 0.12967088574467742 0.41345053348706395 0.12929220650850412 -0.10280210189664044 -0.12439589414156049 -0.022474427478997361
leaf_weight=24 17 14.999999999999998 15.999999999999998 110 22 23 95 26 186 146
leaf_count=24 17 15 16 110 22 23 95 26 186 146
internal_value=0.00339971 -0.0175655 0.271134 -0.0329069 -0.0177572 0.057985 0.017897 -0.24727 -0.0665571 -0.0796103
internal_weight=680 656 33 623 582 228 205 41 354 332
internal_count=680 656 33 623 582 228 205 41 354 332
is_linear=0
shrinkage=0.05


Tree=51
num_leaves=15
num_cat=0
split_feature=76 24 26 37 52 70 78 0 97 24 28 76 55 110
split_gain=2574.59 7902.68 1387.39 4592.48 1150.58 960.961 1070.03 671.498 658.65 605.746 403.316 385.87 260.787 165.665
threshold=0.92500000000000437 26.200000000000006 6.6500000000000012 -10.099999999999996 5.6150000000000011 0.016666666666667055 -0.58416666666666683 3292.5000000000005 4.7950000000000008 20.550000000000004 17.000000000000004 18.741666666666664 5.5950000000000006 2.5000000000000004
decision_type=2 2 2 2 2 2 2 2 2 2 2 2 2 2
left_child=1 -1 -2 -4 5 7 -7 8 -3 -5 -6 12 -11 -13
right_child=2 4 3 9 10 6 -8 -9 -10 11 -12 13 -14 -15
leaf_value=1.1248870077557587 0.38681974578322026 0.38178544417081506 -0.90166406350106176 0.22585622527409549 -0.26454797570443239 0.52989082939323329 0.043314478386990464 -0.24656859936072811 0.0055079289470885548 0.00057637190838689077 0.0090556719863557258 -0.26981287444408858 -0.092846282040336597 -0.10860703139194985
leaf_weight=19 17 15.999999999999998 15.999999999999998 20 29 26 20 17 42 232 25 20 110 80
leaf_count=19 17 16 16 20 29 26 20 17 42 232 25 20 110 80
internal_value=0.00480866 0.159157 -0.0556932 -0.0715192 0.0536952 0.139332 0.318997 0.0287924 0.109873 -0.0425699 -0.138005 -0.0547755 -0.0294756 -0.141135
internal_weight=689 194 495 478 175 121 46 75 58 462 54 442 342 100
internal_count=689 194 495 478 175 121 46 75 58 462 54 442 342 100
is_linear=0
shrinkage=0.05


Tree=52
num_leaves=19
num_cat=0
split_feature=33 122 31 78 113 67 37 87 76 0 50 0 0 50 119 122 24 62
split_gain=3000.62 8026.15 641.048 951.787 606.522 553.247 517.321 400.342 688.638 527.836 434.297 537.786 319.015 256.407 205.672 170.604 168.651 130.011
threshold=-0.48583333333333328 1.5000000000000002 -0.008333333333333302 -0.83083333333333254 -4.458333333333333 7.3500000000000005 -1.7500000000000016 6.8050000000000006 -1.3249999999999991 2578.5000000000005 25.100000000000005 2528.5000000000005 2709.5000000000005 29.950000000000003 0.73000000000000009 4.5000000000000009 53.95000000000001 78.550000000000011
decision_type=2 2 2 2 2 2 2 2 2 2 2 2 2 2 2 2 2 2
left_child=1 -1 7 -4 5 -5 -6 10 9 -9 11 -2 -8 -12 15 -10 -15 -7
right_child=2 -3 3 4 6 17 12 8 14 -11 13 -13 -14 16 -16 -17 -18 -19
leaf_value=-0.39153017995271894 -0.46050391915248845 0.99021557821220607 0.35091288856450947 0.37402829409269761 0.20226450921422212 0.13322786565450639 -0.013637221198522906 0.31685484956050747 -0.058002663783944176 -0.029204528431617777 0.10506177946574087 -0.062563656697496334 -0.19146308045479926 -0.12193057655187137 -0.21897563162890279 0.071502729869705864 -0.018412981107957065 -0.074190548397847361
leaf_weight=18 17 25 24 19 18 15.000000000000002 61 26 122 19 19 17 43 119 15.999999999999998 32 59 14.999999999999998
leaf_count=18 17 25 24 19 18 15 61 26 122 19 19 17 43 119 16 32 59 15
internal_value=0.00828477 0.412128 -0.0188584 0.0567304 0.0152314 0.163654 -0.0444251 -0.0519238 -0.00279075 0.170889 -0.0976111 -0.262447 -0.0873227 -0.0690181 -0.0488677 -0.0310311 -0.0876762 0.0294506
internal_weight=684 43 641 195 171 49 122 446 215 45 231 34 104 197 170 154 178 30
internal_count=684 43 641 195 171 49 122 446 215 45 231 34 104 197 170 154 178 30
is_linear=0
shrinkage=0.05


Tree=53
num_leaves=9
num_cat=0
split_feature=12 36 33 84 27 73 76 13
split_gain=1908.8 1213.31 1970.44 720.8 1421.82 688.815 589.782 491.267
threshold=27.350000000000005 1.5000000000000002 -0.48583333333333328 0.015833333333333342 12.250000000000002 1.5000000000000002 -5.2333333333333334 7.035000000000001
decision_type=2 2 2 2 2 2 2 2
left_child=-1 -2 -3 5 -5 -4 -7 -6
right_child=1 2 3 4 7 6 -8 -9
leaf_value=0.55278934437707572 -0.38880602854228985 0.48382392854091538 -0.29632880579071691 0.53798030106732564 -0.048283080922731432 0.18300694384375571 -0.041464316569671311 0.2638227870005258
leaf_weight=14.999999999999998 21 20 25 15.999999999999998 58 31 494 15.999999999999998
leaf_count=15 21 20 25 16 58 31 494 16
internal_value=-0.00323502 -0.015569 -0.00362856 -0.0189425 0.11214 -0.0404178 -0.028168 0.0193968
internal_weight=696 681 660 640 90 550 525 74
internal_count=696 681 660 640 90 550 525 74
is_linear=0
shrinkage=0.05


Tree=54
num_leaves=11
num_cat=0
split_feature=33 68 0 33 33 74 58 25 71 63
split_gain=2593.63 1018.88 893.272 1247.99 788.419 615.628 767.24 503.22 360.042 364.492
threshold=-0.92499999999999971 58.500000000000007 2651.0000000000005 -0.48583333333333328 -0.38583333333333319 -0.21666666666666498 5.9850000000000012 59.050000000000004 1.5000000000000002 36.20000000000001
decision_type=2 2 2 2 2 2 2 2 2 2
left_child=-1 2 3 -2 -4 6 -5 -7 -6 -10
right_child=1 -3 4 5 8 7 -8 -9 9 -11
leaf_value=0.65520074635941472 0.39380329990953344 0.33443576721077284 -0.4419686013499633 0.054067219698232916 -0.30577858204873198 -0.051787244551768169 0.44004526100806052 0.22127530775676119 0.062525261455034981 -0.088299164909423952
leaf_weight=14.999999999999998 22 21 14.999999999999998 88 14.999999999999998 248 14.999999999999998 18 52 173
leaf_count=15 22 21 15 88 15 248 15 18 52 173
internal_value=0.00719814 -0.00746317 -0.0186353 0.0288359 -0.0914269 0.006962 0.110698 -0.0332143 -0.0693223 -0.0534075
internal_weight=682 667 646 391 255 369 103 266 240 225
internal_count=682 667 646 391 255 369 103 266 240 225
is_linear=0
shrinkage=0.05


Tree=55
num_leaves=12
num_cat=0
split_feature=26 3 33 64 25 33 101 78 109 63 88
split_gain=2320.07 9688.16 1479.8 679.249 624.158 495.854 587.508 409.904 240.963 260.692 240.254
threshold=12.900000000000002 2.5000000000000004 -0.7616666666666666 31.000000000000004 13.950000000000001 1.0275000000000005 46.150000000000013 1.0433333333333341 0.020833333333333041 21.250000000000004 5.6650000000000009
decision_type=2 2 2 2 2 2 2 2 2 2 2
left_child=1 -1 -2 -3 -4 6 -6 -8 9 -7 -10
right_child=2 3 4 -5 5 8 7 -9 10 -11 -12
leaf_value=1.3912463773165318 -0.50990130064503247 0.090110935377811188 0.30860306868292642 -0.34938577051051178 0.23821631908636692 0.053838811361650279 0.035814967589050076 -0.070690769119244962 0.062217985146685618 -0.15701095531943005 -0.14788964563489554
leaf_weight=14.999999999999998 14.999999999999998 18 14.999999999999998 17 27 17 251 141 42 103 20
leaf_count=15 15 18 15 17 27 17 251 141 42 103 20
internal_value=0.00511477 0.332621 -0.0208773 -0.123604 -0.0088803 -0.0168625 0.0130621 -0.00249 -0.0857517 -0.127079 -0.00560716
internal_weight=681 50 631 35 616 601 419 392 182 120 62
internal_count=681 50 631 35 616 601 419 392 182 120 62
is_linear=0
shrinkage=0.05


Tree=56
num_leaves=17
num_cat=0
split_feature=37 65 70 49 97 109 115 51 36 31 23 59 45 24 14 66
split_gain=2912.83 12803.6 607.67 1058.5 612.34 457.538 497.451 477.164 448.015 1166.78 423.013 410.171 353.258 277.722 197.566 145.461
threshold=-8.7999999999999972 36.350000000000001 0.0033333333333334107 4.0100000000000007 6.2250000000000005 0.035000000000000593 7.0083333333333302 44.45000000000001 3.5000000000000004 -0.071666666666667642 85.15000000000002 32.550000000000004 0.010000000000000024 52.350000000000001 43.70000000000001 23.200000000000006
decision_type=2 2 2 2 2 2 2 2 2 2 2 2 2 2 2 2
left_child=1 -1 5 -4 8 7 10 11 9 -5 14 -2 15 -10 -7 -9
right_child=2 -3 3 4 -6 6 -8 12 13 -11 -12 -13 -14 -15 -16 -17
leaf_value=1.5630906493458527 -0.089616734389938515 -0.30961488945998283 0.44062178150707532 0.48799567929166837 0.24747117194996415 0.12637261008190001 -0.1180372117208861 -0.045804032102579981 -0.095399335539921901 -0.011167804284768462 -0.061173333658009581 -0.40660010813536807 0.10961218984478499 0.024845004831493732 0.38449266738449506 -0.1325570761967568
leaf_weight=14.999999999999998 20 23 14.999999999999998 14.999999999999998 25 15.000000000000002 29 96 122 52 15.999999999999998 21 25 79 14.999999999999998 98
leaf_count=15 20 23 15 15 25 15 29 96 122 52 16 21 25 79 15 98
internal_value=0.0068547 0.431642 -0.0183048 0.0323719 0.0113115 -0.0649078 0.0437988 -0.0962895 -0.0107838 0.101071 0.145969 -0.25269 -0.0668843 -0.0481254 0.256447 -0.0896992
internal_weight=681 38 643 308 293 335 75 260 268 67 46 41 219 201 30 194
internal_count=681 38 643 308 293 335 75 260 268 67 46 41 219 201 30 194
is_linear=0
shrinkage=0.05


Tree=57
num_leaves=16
num_cat=0
split_feature=3 33 33 23 31 70 50 64 59 3 116 16 59 91 17
split_gain=1884.84 15954.1 2032.1 557.68 525.377 535.261 437.432 441.664 365.875 394.54 528.55 152.208 141.437 108.057 90.5487
threshold=2.5000000000000004 -0.40749999999999925 -0.63916666666666655 61.800000000000004 0.030833333333332828 0.068333333333332927 19.250000000000004 35.850000000000009 35.150000000000013 1.5000000000000002 3.5000000000000004 5.3750000000000009 28.650000000000002 6.4900000000000011 39.45000000000001
decision_type=2 2 2 2 2 2 2 2 2 2 2 2 2 2 2
left_child=1 -1 -2 -3 5 6 -4 -8 9 12 -11 13 -5 -10 -13
right_child=2 3 4 8 -6 -7 7 -9 11 10 -12 14 -14 -15 -16
leaf_value=1.6835387221630047 -0.50010321620569764 0.25748380447557462 -0.25976623505683843 -0.1540996461848676 0.17163450730520424 0.1768653596090578 0.013486089629906717 -0.09837097028347494 -0.24979411425528589 0.31661773829034012 -0.0032393335721117122 0.045874149025532239 0.0026506279318977213 -0.079484325254000482 -0.11449559908051517
leaf_weight=14.999999999999998 25 19 27 23 28 24 152 210 23 22 31 17 38 15.999999999999998 18
leaf_count=15 25 19 27 23 28 24 152 210 23 22 31 17 38 16 18
internal_value=-0.00534671 0.114517 -0.0624724 3.80127e-05 -0.0375443 -0.0517761 -0.0659372 -0.0513988 -0.0260769 0.0300859 0.129784 -0.112589 -0.0565256 -0.180433 -0.0365505
internal_weight=688 222 466 207 441 413 389 362 188 114 53 74 61 39 35
internal_count=688 222 466 207 441 413 389 362 188 114 53 74 61 39 35
is_linear=0
shrinkage=0.05


Tree=58
num_leaves=11
num_cat=0
split_feature=72 26 10 82 34 33 15 31 45 50
split_gain=2288.85 5381.18 1071.22 688.67 600.337 1077.48 553.851 395.403 629.728 302.354
threshold=-0.43750000000000039 20.900000000000002 4.0950000000000006 -0.058333333333333119 1.5000000000000002 -0.37666666666666687 63.150000000000013 -0.0075000000000002833 0.010000000000000024 23.950000000000003
decision_type=2 2 2 2 2 2 2 2 2 2
left_child=1 -1 -2 -3 -4 -6 -5 9 -9 -7
right_child=2 3 4 6 5 7 -8 8 -10 -11
leaf_value=1.0687321887993664 -0.34539646417245096 -0.13260997416022718 -0.28624150114717767 -0.00046870368313414886 0.3262146063568272 -0.26171340324123454 0.38053912390901157 0.0046127240456359346 0.2996323123252046 -0.040201029627155632
leaf_weight=15.999999999999998 26 29 20 19 23 15.999999999999998 19 127 21 365
leaf_count=16 26 29 20 19 23 16 19 127 21 365
internal_value=0.00202874 0.247918 -0.0321271 0.0505275 -0.0178209 -0.00803642 0.190403 -0.0226374 0.0466814 -0.0495827
internal_weight=681 83 598 67 572 552 38 529 148 381
internal_count=681 83 598 67 572 552 38 529 148 381
is_linear=0
shrinkage=0.05


Tree=59
num_leaves=7
num_cat=0
split_feature=33 68 111 33 104 77
split_gain=2242.63 1037.63 860.099 736.185 384.613 332.08
threshold=-0.92499999999999971 59.500000000000007 -1.3133333333333332 -0.55249999999999966 58.95000000000001 4.5000000000000009
decision_type=2 2 2 2 2 2
left_child=-1 2 -2 -4 5 -5
right_child=1 -3 3 4 -6 -7
leaf_value=0.58752025402850983 0.27437755111836792 0.40030317855197084 -0.32033262375689231 0.0073594853489625028 0.22118581776385723 -0.067088653175761681
leaf_weight=15.999999999999998 24 14.999999999999998 21 330 15.999999999999998 274
leaf_count=16 24 15 21 330 16 274
internal_value=0.00426461 -0.00953607 -0.0188469 -0.0298745 -0.0199783 -0.0264106
internal_weight=696 680 665 641 620 604
internal_count=696 680 665 641 620 604
is_linear=0
shrinkage=0.05


Tree=60
num_leaves=10
num_cat=0
split_feature=12 32 33 64 31 62 48 73 42
split_gain=1983.16 2702.04 1049.87 1526.88 679.251 1153.05 449.798 488.837 297.034
threshold=30.450000000000003 1.5000000000000002 -0.37666666666666687 40.800000000000004 0.037499999999999652 74.250000000000014 6.7650000000000006 3.5000000000000004 2.5000000000000004
decision_type=2 2 2 2 2 2 2 2 2
left_child=-1 -2 3 -3 6 -6 8 -8 -4
right_child=1 2 4 -5 5 -7 7 -9 -10
leaf_value=0.49339454660368204 -0.59680720951544675 0.65071509362056545 -0.1802180091522621 -0.049708689851050043 0.53536666819196677 -0.049522118949141172 0.098862896672366279 -0.024818124192885538 -0.042270614223601261
leaf_weight=20 19 15.000000000000002 57 15.999999999999998 14.999999999999998 19 110 291 124
leaf_count=20 19 15 57 16 15 19 110 291 124
internal_value=0.00406775 -0.0106911 0.0066028 0.290048 -0.00769813 0.209184 -0.0204106 0.00911306 -0.0858157
internal_weight=686 666 647 31 616 34 582 401 181
internal_count=686 666 647 31 616 34 582 401 181
is_linear=0
shrinkage=0.05


Tree=61
num_leaves=8
num_cat=0
split_feature=12 36 35 61 0 94 73
split_gain=4038.55 1188.93 1510.76 608.094 456.939 552.573 365.449
threshold=30.450000000000003 1.5000000000000002 -6.9749999999999988 0.20500000000000004 1015.5000000000001 6.1150000000000011 1.5000000000000002
decision_type=2 2 2 2 2 2 2
left_child=-1 -2 -3 4 5 -4 -6
right_child=1 2 3 -5 6 -7 -8
leaf_value=0.76600883690237298 -0.38152769227728461 0.415992187436723 0.021843134968508766 0.26353531028899851 -0.20678441011743606 0.34257108244970941 -0.034350008372666656
leaf_weight=17 21 21 122 19 33 14.999999999999998 433
leaf_count=17 21 21 122 19 33 15 433
internal_value=0.0073158 -0.0122135 -8.66473e-05 -0.014207 -0.0230089 0.0572201 -0.0466135
internal_weight=681 664 643 622 603 137 466
internal_count=681 664 643 622 603 137 466
is_linear=0
shrinkage=0.05


Tree=62
num_leaves=14
num_cat=0
split_feature=35 109 26 11 68 27 50 84 106 60 112 41 67
split_gain=3114.93 606.925 1447.93 840.168 654.972 1417.31 595.192 507.725 389.404 330.233 328.305 271.542 256.817
threshold=-10.166666666666666 0.026666666666666842 16.950000000000003 19.900000000000002 56.500000000000007 21.950000000000003 25.100000000000005 0.017499999999999991 6.0500000000000016 24.750000000000004 1.5000000000000002 0.14666666666666697 8.5000000000000018
decision_type=2 2 2 2 2 2 2 2 2 2 2 2 2
left_child=-1 3 -3 -2 6 -6 8 10 -5 -8 -4 -12 -7
right_child=1 2 7 4 5 12 9 -9 -10 -11 11 -13 -14
leaf_value=0.56616276284965739 -0.36604773161923077 0.50541845981837719 0.18109109469577281 -0.09527476195133093 0.41425204044319247 0.075550234792244375 0.16026887840004331 0.29472108935160163 -0.40622257855386368 -0.043642826894811242 -0.10346517167331903 0.053350668588029573 -0.16644320564645951
leaf_weight=24 19 17 19 23 25 20 21 14.999999999999998 18 335 71 45 24
leaf_count=24 19 17 19 23 25 20 21 15 18 335 71 45 24
internal_value=0.00793969 -0.0126844 0.0694885 -0.0409978 -0.0276582 0.114399 -0.0523836 0.019746 -0.232566 -0.0315587 -0.0109653 -0.0425948 -0.0564109
internal_weight=676 652 167 485 466 69 397 150 41 356 135 116 44
internal_count=676 652 167 485 466 69 397 150 41 356 135 116 44
is_linear=0
shrinkage=0.05


Tree=63
num_leaves=10
num_cat=0
split_feature=12 32 33 113 31 62 35 101 48
split_gain=1607.53 3134.78 998.92 3245.43 582.468 1136.93 299.588 446.207 318.056
threshold=27.350000000000005 1.5000000000000002 -0.37666666666666687 2.6333333333333315 0.037499999999999652 79.350000000000009 6.0500000000000016 76.15000000000002 6.705000000000001
decision_type=2 2 2 2 2 2 2 2 2
left_child=-1 -2 3 -3 6 -6 7 -4 -8
right_child=1 2 4 -5 5 -7 8 -9 -10
leaf_value=0.50515771117431452 -0.64784433757447446 0.80766145952095258 0.097082465037875307 -0.19851642309399375 0.45878804391095651 -0.12898883433728819 -0.17561402948585356 -0.041796471164644133 -0.034482130327971726
leaf_weight=14.999999999999998 19 14.999999999999998 104 17 18 14.999999999999998 46 130 300
leaf_count=15 19 15 104 17 18 15 46 130 300
internal_value=-0.00496081 -0.0165664 0.00211914 0.27402 -0.012109 0.191883 -0.0237551 0.0199212 -0.0533051
internal_weight=679 664 645 32 613 33 580 234 346
internal_count=679 664 645 32 613 33 580 234 346
is_linear=0
shrinkage=0.05


Tree=64
num_leaves=16
num_cat=0
split_feature=3 33 33 30 35 70 50 84 15 64 110 13 33 109 22
split_gain=1974.16 15683.4 2348.52 564.029 1081.63 528.707 407.494 378.101 571.235 358.987 263.543 224.416 141.466 170.861 62.1404
threshold=2.5000000000000004 -0.38583333333333319 -0.63916666666666655 2.5000000000000004 1.7333333333333327 0.068333333333334259 19.250000000000004 0.018333333333333358 58.750000000000007 26.200000000000006 3.5000000000000004 4.9150000000000009 0.023333333333333876 0.013333333333334087 0.15500000000000003
decision_type=2 2 2 2 2 2 2 2 2 2 2 2 2 2 2
left_child=1 -1 -2 9 -5 6 -4 11 -9 -3 -6 -8 -11 -14 -12
right_child=2 3 5 4 10 -7 7 8 -10 12 14 -13 13 -15 -16
leaf_value=1.679792545173342 -0.56012410035365301 -0.242617703712947 -0.23553542962932955 0.37960303896231673 0.13499380453902096 0.21230616196636906 0.03240945873444584 -0.12523553696097128 0.26700432609720348 -0.15872854424134786 -0.16836764197673229 -0.067424613746194739 -0.04574474013777588 0.095236339157889677 -0.034774074895016105
leaf_weight=14.999999999999998 22 21 26 26 20 21 70 14.999999999999998 24 14.999999999999998 14.999999999999998 285 58 34 21
leaf_count=15 22 21 26 26 20 21 70 15 24 15 15 285 58 34 21
internal_value=0.0019109 0.123383 -0.057123 0.0114407 0.113763 -0.0318974 -0.0441671 -0.0314694 0.116081 -0.0541081 -0.0100305 -0.0477214 -0.0168722 0.00634951 -0.0908888
internal_weight=688 225 463 210 82 441 420 394 39 128 56 355 107 92 36
internal_count=688 225 463 210 82 441 420 394 39 128 56 355 107 92 36
is_linear=0
shrinkage=0.05


Tree=65
num_leaves=9
num_cat=0
split_feature=87 10 24 34 34 76 113 56
split_gain=1285.09 1580.8 864.584 1807.06 521.179 360.87 406.553 82.0604
threshold=6.6250000000000009 4.035000000000001 25.400000000000002 3.5000000000000004 1.5000000000000002 18.741666666666664 1.8416666666666652 34.250000000000007
decision_type=2 2 2 2 2 2 2 2
left_child=-1 -2 3 -3 -4 6 -6 -7
right_child=1 2 4 -5 5 7 -8 -9
leaf_value=0.4315120123650717 -0.41813122959057819 0.45257860108749148 -0.27994884814267385 -0.13293417977841565 0.049580844886733512 -0.14839449392708198 -0.041899146091659185 -0.050924003214191577
leaf_weight=15.999999999999998 24 29 19 24 236 51 250 38
leaf_count=16 24 29 19 24 236 51 250 38
internal_value=-0.00992057 -0.0205167 -0.00569742 0.187596 -0.0229812 -0.0144342 0.00251401 -0.106938
internal_weight=687 671 647 53 594 575 486 89
internal_count=687 671 647 53 594 575 486 89
is_linear=0
shrinkage=0.05


Tree=66
num_leaves=18
num_cat=0
split_feature=3 37 35 104 0 65 48 30 72 50 50 119 10 55 42 93 123
split_gain=1470.92 10286.9 2151.64 627.583 465.559 641.457 485.009 546.106 465.107 435.142 586.509 257.731 283.358 230.014 196.707 89.5786 48.6635
threshold=2.5000000000000004 -6.5250000000000012 -8.8583333333333343 52.500000000000007 3395.0000000000005 33.800000000000004 6.8950000000000005 3.5000000000000004 -0.35749999999999943 23.350000000000005 30.850000000000005 -0.29416666666666641 5.6850000000000014 4.8350000000000009 1.5000000000000002 59.45000000000001 -0.0033333333333333127
decision_type=2 2 2 2 2 2 2 2 2 2 2 2 2 2 2 2 2
left_child=1 -1 -2 9 5 6 7 -4 -6 -3 -11 12 -7 -12 -13 16 -10
right_child=2 3 4 -5 8 11 -8 -9 15 10 13 14 -14 -15 -16 -17 -18
leaf_value=1.3670853002181906 -0.51981117604098792 -0.2711206570267678 -0.0036810723710788565 0.28715410546170478 -0.38534374789686399 0.19068241634684086 0.3119371157198052 0.25864823779624529 -0.18958322625630389 0.30640212627041424 0.1038445889219592 -0.19153775012878715 -0.048592280763124468 -0.05020471468480045 -0.059323100645054111 0 -0.074016574267887963
leaf_weight=14.999999999999998 23 14.999999999999998 112 19 14.999999999999998 19 19 24 15.999999999999998 14.999999999999998 30 37 35 124 118 24 22
leaf_count=15 23 15 112 19 15 19 19 24 16 15 30 37 35 124 118 24 22
internal_value=0.000920632 0.108027 -0.0494026 0.0143413 -0.0247452 -0.00109006 0.0759431 0.0427316 -0.136358 -0.0139431 0.00900053 -0.0582528 0.0357014 -0.0201147 -0.0910194 -0.0755156 -0.123177
internal_weight=682 218 464 203 441 364 155 136 77 184 169 209 54 154 155 62 38
internal_count=682 218 464 203 441 364 155 136 77 184 169 209 54 154 155 62 38
is_linear=0
shrinkage=0.05


Tree=67
num_leaves=12
num_cat=0
split_feature=33 0 33 33 51 13 39 109 71 72 57
split_gain=2279.72 621.191 1744.33 780.966 551.315 478.743 372.693 481.361 294.756 444.914 251.879
threshold=-0.92499999999999971 1853.0000000000002 -0.35750000000000032 -0.38583333333333319 32.70000000000001 7.7250000000000005 0.54416666666666613 -0.028333333333333762 1.5000000000000002 -0.56583333333333286 49.050000000000004
decision_type=2 2 2 2 2 2 2 2 2 2 2
left_child=-1 2 -2 -3 -5 6 7 -4 -6 -10 -8
right_child=1 3 5 4 8 -7 10 -9 9 -11 -12
leaf_value=0.59304517366871323 0.5090312461422376 -0.32544380338607493 0.31858023204214392 0.24561653977249104 -0.25413915022559785 0.27821158516388506 0.025129187711693687 0.021673624168277315 0.23016635242676897 -0.047538999035682143 -0.10137767943200504
leaf_weight=15.999999999999998 19 24 17 17 15.999999999999998 15.999999999999998 68 68 14.999999999999998 320 93
leaf_count=16 19 24 17 17 16 16 68 68 15 320 93
internal_value=0.00505724 -0.00900027 0.0477177 -0.0496723 -0.0315901 0.0140631 -0.00320304 0.0814183 -0.0450964 -0.0350245 -0.0479327
internal_weight=689 673 281 392 368 262 246 85 351 335 161
internal_count=689 673 281 392 368 262 246 85 351 335 161
is_linear=0
shrinkage=0.05


Tree=68
num_leaves=7
num_cat=0
split_feature=37 12 24 32 37 99
split_gain=1592.03 871.031 745.558 642.365 1069.87 391.858
threshold=-15.474999999999996 35.900000000000013 18.900000000000002 1.5000000000000002 -6.5250000000000012 36.500000000000007
decision_type=2 2 2 2 2 2
left_child=-1 -2 -3 -4 -5 -6
right_child=1 2 3 4 5 -7
leaf_value=0.50847546596400794 -0.28835554903723659 0.30873194514768909 -0.33054317383971443 0.40176631297846765 0.11969268206657124 -0.023839744756316963
leaf_weight=14.999999999999998 27 19 14.999999999999998 15.999999999999998 52 544
leaf_count=15 27 19 15 16 52 544
internal_value=0.000730045 -0.0106532 0.000988701 -0.00837662 -0.000419505 -0.0112904
internal_weight=688 673 646 627 612 596
internal_count=688 673 646 627 612 596
is_linear=0
shrinkage=0.05


Tree=69
num_leaves=10
num_cat=0
split_feature=33 68 0 33 37 73 98 25 76
split_gain=1895.96 706.561 701.628 1350.85 1202.9 422.742 404.606 392.977 391.291
threshold=-0.92499999999999971 59.500000000000007 1872.5000000000002 -0.48583333333333328 -8.2666666666666675 1.5000000000000002 44.850000000000001 18.750000000000004 -8.2666666666666693
decision_type=2 2 2 2 2 2 2 2 2
left_child=-1 2 3 -2 -4 -6 7 -5 -7
right_child=1 -3 4 6 5 8 -8 -9 -10
leaf_value=0.54124825311743696 0.5058211264379372 0.33019195376642496 -0.46917967766697644 -0.22108504594360268 -0.26293753034143308 0.16308634160049409 0.26976298810235716 0.021364014222022321 -0.041926728854051007
leaf_weight=15.999999999999998 14.999999999999998 14.999999999999998 17 18 20 25 14.999999999999998 218 319
leaf_count=16 15 15 17 18 20 25 15 218 319
internal_value=0.00513316 -0.00789654 -0.0157923 0.046502 -0.0592977 -0.0400176 0.0188422 0.00276515 -0.0269699
internal_weight=678 662 647 266 381 364 251 236 344
internal_count=678 662 647 266 381 364 251 236 344
is_linear=0
shrinkage=0.05


Tree=70
num_leaves=19
num_cat=0
split_feature=74 33 33 82 68 109 38 109 115 90 71 19 81 88 12 12 27 47
split_gain=1373.5 5142.8 1509.69 744.986 1028.64 672.773 485.303 422.041 556.562 909.548 404.989 249.791 229.951 212.28 178.758 278.866 140.845 123.445
threshold=-0.066666666666666416 -0.59000000000000019 -0.7616666666666666 -0.017499999999999623 56.500000000000007 0.016666666666666167 2.5000000000000004 0.026666666666666842 -6.2666666666666648 34.000000000000007 1.5000000000000002 5.4450000000000012 1.5000000000000002 3.5750000000000006 38.350000000000001 43.250000000000007 12.250000000000002 1.5000000000000002
decision_type=2 2 2 2 2 2 2 2 2 2 2 2 2 2 2 2 2 2
left_child=1 -1 -2 6 5 11 -3 13 9 -9 -8 -5 -12 -4 -15 -16 -10 -18
right_child=2 3 7 4 -6 -7 10 8 16 -11 12 -13 -14 14 15 -17 17 -19
leaf_value=0.99552884686072129 -0.52317244192087864 0.17843779373613203 -0.24336365899502843 0.016741562866018682 0.43966852776812149 0.25664487139204112 -0.33777763679710748 -0.045849372315825081 0.10778129156781822 0.46296108747055514 0.075993008674377235 -0.21721763129560104 -0.13604536712212101 -0.19585174861832044 0.16766741154407036 -0.052744170694891915 -0.099882342096442922 0.030815800876384504
leaf_weight=14.999999999999998 15.999999999999998 15.999999999999998 14.999999999999998 39 21 26 17 17 18 18 20 15.999999999999998 35 20 14.999999999999998 287 45 30
leaf_count=15 16 16 15 39 21 26 17 17 18 18 20 16 35 20 15 287 45 30
internal_value=-0.000950087 0.107384 -0.0471446 0.0367541 0.128676 0.047544 -0.0697603 -0.0306455 0.0465986 0.216256 -0.125156 -0.0514993 -0.0588518 -0.0600044 -0.0513744 -0.0417281 -0.0173609 -0.0475651
internal_weight=686 205 481 190 102 81 88 465 128 35 72 55 55 337 322 302 93 75
internal_count=686 205 481 190 102 81 88 465 128 35 72 55 55 337 322 302 93 75
is_linear=0
shrinkage=0.05


Tree=71
num_leaves=14
num_cat=0
split_feature=31 62 48 37 71 113 27 109 74 93 94 44 13
split_gain=1366.87 2784.78 959.752 2996.11 1678.23 536.349 1267.56 427.066 324.3 292.042 288.503 248.247 152.935
threshold=0.030833333333332828 61.70000000000001 6.9050000000000011 -10.391666666666667 3.5000000000000004 -5.2916666666666661 10.250000000000002 0.026666666666666842 -13.016666666666662 81.500000000000014 4.8950000000000005 2.5000000000000004 6.1050000000000013
decision_type=2 2 2 2 2 2 2 2 2 2 2 2 2
left_child=2 -2 3 -1 -4 6 -5 -8 -7 -10 -6 -3 -12
right_child=1 11 4 5 10 8 7 -9 9 -11 12 -13 -14
leaf_value=-0.73859929848980432 0.81711029757727072 -0.13708797017036126 0.525118273637871 0.49288329726812857 0.17613645942005893 -0.28099887567874515 -0.063284914483639418 0.12995430410998624 -0.055063530665286645 0.13616350263498406 -0.18079190719190069 0.14109571586973621 0.028374971699270404
leaf_weight=14.999999999999998 14.999999999999998 17 21 14.999999999999998 14.999999999999998 14.999999999999998 78 45 369 21 19 14.999999999999998 15.999999999999998
leaf_count=15 15 17 21 15 15 15 78 45 369 21 19 15 16
internal_value=-0.0023707 0.257425 -0.0218289 -0.0438737 0.151173 -0.0245407 0.0605425 0.00741988 -0.0535522 -0.0447216 -0.00651952 -0.00650028 -0.0852219
internal_weight=676 47 629 558 71 543 138 123 405 390 50 32 35
internal_count=676 47 629 558 71 543 138 123 405 390 50 32 35
is_linear=0
shrinkage=0.05


Tree=72
num_leaves=8
num_cat=0
split_feature=109 33 35 49 50 106 71
split_gain=1384.83 1366.74 429.345 477.283 638.384 386.83 297.163
threshold=-0.078333333333332686 -0.7616666666666666 -6.5249999999999977 3.8850000000000002 22.450000000000003 4.9000000000000012 4.5000000000000009
decision_type=2 2 2 2 2 2 2
left_child=-1 -2 -3 -4 5 -5 -6
right_child=1 2 3 4 6 -7 -8
leaf_value=0.34865340479405604 -0.4119670010291005 0.1956598261307026 0.19773934252303224 -0.069057419507399825 0.032527026063688812 -0.42284307108809616 -0.041264417113560409
leaf_weight=27 21 26 26 16.000000000000004 246 14.999999999999998 306
leaf_count=27 21 26 26 16 246 15 306
internal_value=-0.00160177 -0.0160763 -0.0029132 -0.0114298 -0.020799 -0.241214 -0.00837011
internal_weight=683 656 635 609 583 31 552
internal_count=683 656 635 609 583 31 552
is_linear=0
shrinkage=0.05


Tree=73
num_leaves=9
num_cat=0
split_feature=12 32 68 101 35 93 11 35
split_gain=1825.2 1179.53 643.353 467.85 1688.52 550.064 438.041 304.145
threshold=30.450000000000003 1.5000000000000002 59.500000000000007 61.70000000000001 -0.36666666666666708 44.100000000000001 24.100000000000005 -4.3583333333333334
decision_type=2 2 2 2 2 2 2 2
left_child=-1 -2 3 4 -3 -6 -5 -8
right_child=1 2 -4 6 5 -7 7 -9
leaf_value=0.47192975276738258 -0.38886595430658821 0.44222179128235556 0.32260271983825617 -0.25599411870066024 -0.085396192094622694 0.11514375320256637 0.14625464075827505 -0.03291051296917915
leaf_weight=20 20 25 14.999999999999998 21 83 58 25 419
leaf_count=20 20 25 15 21 83 58 25 419
internal_value=0.00249351 -0.0116649 6.37922e-05 -0.00764552 0.0643781 -0.00284601 -0.0333762 -0.0227805
internal_weight=686 666 646 631 166 141 465 444
internal_count=686 666 646 631 166 141 465 444
is_linear=0
shrinkage=0.05


Tree=74
num_leaves=19
num_cat=0
split_feature=3 33 35 30 35 0 106 71 58 37 39 64 15 60 41 0 51 95
split_gain=938.347 5108.7 1712.85 511.999 1157.82 349.21 351.433 347.696 465.761 331.4 240.265 232.694 224.443 187.858 144.205 125.106 113.386 15.45
threshold=2.5000000000000004 -0.38583333333333319 -8.8583333333333343 2.5000000000000004 1.7333333333333327 3510.0000000000005 29.700000000000003 3.5000000000000004 5.3950000000000005 3.1166666666666676 1.6441666666666677 22.000000000000004 59.95000000000001 39.350000000000001 -0.36833333333333357 1206.5000000000002 61.300000000000004 34.45000000000001
decision_type=2 2 2 2 2 2 2 2 2 2 2 2 2 2 2 2 2 2
left_child=1 -1 -2 11 -5 6 7 8 -4 -7 12 -3 -6 -9 -13 -16 17 -11
right_child=2 3 5 4 10 9 -8 13 -10 16 -12 14 -14 -15 15 -17 -18 -19
leaf_value=0.9427196891411489 -0.45044992652671462 -0.22355926062749779 -0.0084886014332123932 0.41482731763160596 -0.041354621547799536 -0.31224399341477294 -0.23480948269712615 0.10828487075182545 0.19793680476214359 -0.15010542462331167 -0.14322263477969596 -0.14847746942583367 0.19858560680684464 -0.035967119980823872 0.12793346009059256 -0.022282452380893658 0.038893267769776085 -0.078664395176105614
leaf_weight=15.999999999999998 24 15.999999999999998 60 23 21 17 14.999999999999998 25 50 15.999999999999998 20 18 18 223 17 73 19 15.999999999999998
leaf_count=16 24 16 60 23 21 17 15 25 50 16 20 18 18 223 17 73 19 16
internal_value=0.000384794 0.0849411 -0.0399828 0.0178681 0.114745 -0.0175361 0.00145948 0.0114358 0.0853903 -0.121655 -0.0026558 -0.0461961 0.0694838 -0.0213677 -0.0196913 0.00614667 -0.0575408 -0.114897
internal_weight=687 222 465 206 82 441 373 358 110 68 59 124 39 248 108 90 51 32
internal_count=687 222 465 206 82 441 373 358 110 68 59 124 39 248 108 90 51 32
is_linear=0
shrinkage=0.05


Tree=75
num_leaves=10
num_cat=0
split_feature=24 37 80 61 11 38 43 117 78
split_gain=1693.21 2213.53 409.358 417.645 486.357 439.912 156.661 144.668 119.924
threshold=15.600000000000003 -10.874999999999993 0.83833333333333349 0.20500000000000004 20.850000000000005 4.5000000000000009 1.0000000180025095e-35 0.68249999999999977 0.80750000000000066
decision_type=2 2 2 2 2 2 2 2 2
left_child=-1 -2 3 4 -3 -6 7 -4 -8
right_child=1 2 6 -5 5 -7 8 -9 -10
leaf_value=0.42757408884464287 -0.60651221156860735 -0.28651195298756987 -0.1166914737557035 0.23743025800470488 0.052048014615967891 -0.038766869859347762 0.05351918591475633 -0.31405164832310967 -0.14255648520065853
leaf_weight=21 15.999999999999998 14.999999999999998 25 18 238 303 16.000000000000004 14.999999999999998 14.999999999999998
leaf_count=21 16 15 25 18 238 303 16 15 15
internal_value=-0.0133361 -0.027414 -0.0129492 0.00106001 -0.00662459 0.00117796 -0.126119 -0.191425 -0.0413487
internal_weight=682 661 645 574 556 541 71 40 31
internal_count=682 661 645 574 556 541 71 40 31
is_linear=0
shrinkage=0.05


Tree=76
num_leaves=13
num_cat=0
split_feature=33 84 28 115 37 33 70 74 50 71 82 5
split_gain=2052.32 528.555 886.793 594.318 1569.32 1050.82 364.48 401.9 357.26 288.648 268.53 168.839
threshold=-0.91083333333333261 0.023333333333333362 6.8000000000000016 -6.2666666666666648 0.79166666666666441 -0.55249999999999966 -0.0024999999999999463 -5.0333333333333323 22.450000000000003 4.5000000000000009 -0.24999999999999953 1.0000000180025095e-35
decision_type=2 2 2 2 2 2 2 2 2 2 2 2
left_child=-1 3 -3 4 -2 -5 8 -8 -7 10 -6 -11
right_child=1 2 -4 5 9 6 7 -9 -10 11 -12 -13
leaf_value=0.57380609601180743 0.54761861151790026 0.46519457167535094 -0.022842301826131828 -0.44493618012214742 0.28707589226842722 -0.28698029005736636 0.18288437494518536 -0.004311155213405444 -0.049085520364430056 -0.10843872821529235 0.036543508112490818 0.057465328795533947
leaf_weight=15.999999999999998 15.999999999999998 15.999999999999998 22 14.999999999999998 14.999999999999998 17 33 214 208 42 37 24
leaf_count=16 16 16 22 15 15 17 33 214 208 42 37 24
internal_value=0.0160567 0.00242238 0.183197 -0.0086592 0.0845407 -0.0343259 -0.0211748 0.0207424 -0.0672015 0.0212977 0.109321 -0.0480387
internal_weight=675 659 38 621 134 487 472 247 225 118 52 66
internal_count=675 659 38 621 134 487 472 247 225 118 52 66
is_linear=0
shrinkage=0.05


Tree=77
num_leaves=11
num_cat=0
split_feature=70 10 66 23 114 62 33 10 43 37
split_gain=901.96 1331.62 1475.39 879.232 1034.43 297.494 871.676 547.923 496.644 295.232
threshold=0.084166666666667403 4.0950000000000006 19.100000000000005 57.400000000000013 4.5000000000000009 76.600000000000009 -0.21499999999999983 4.6750000000000007 -0.25916666666666627 -1.7500000000000016
decision_type=2 2 2 2 2 2 2 2 2 2
left_child=1 2 -1 4 -3 6 -5 -7 -8 -9
right_child=-2 3 -4 5 -6 7 8 9 -10 -11
leaf_value=0.0036073083119676596 0.34549944105378372 0.49902762224002439 -0.69616023720494968 0.33717989864949116 -0.052239464033649569 -0.31774153258260446 -0.14184865788225937 0.080869547229442132 0.034109779134914836 -0.053787660017476174
leaf_weight=15.000000000000002 17 18 14.999999999999998 20 15.999999999999998 18 52 47 174 299
leaf_count=15 17 18 15 20 16 18 52 47 174 299
internal_value=-0.013099 -0.0222011 -0.347261 -0.00699922 0.240069 -0.0208155 0.0216396 -0.0495195 -0.00639895 -0.0354635
internal_weight=691 674 30 644 34 610 246 364 226 346
internal_count=691 674 30 644 34 610 246 364 226 346
is_linear=0
shrinkage=0.05


Tree=78
num_leaves=14
num_cat=0
split_feature=12 32 78 31 60 31 113 94 59 84 50 35 37
split_gain=1623.17 995.914 572.865 1062.02 794.198 486.276 484.728 415.254 587.67 344.888 298.539 266.649 187.392
threshold=30.450000000000003 1.5000000000000002 -0.46333333333333376 -1.0000000180025095e-35 51.650000000000013 -0.08583333333333297 -2.0499999999999967 5.8250000000000011 28.450000000000003 -1.0000000180025095e-35 24.900000000000002 11.81666666666667 -5.4249999999999998
decision_type=2 2 2 2 2 2 2 2 2 2 2 2 2
left_child=-1 -2 3 5 -5 -3 7 11 -9 -7 -8 -4 -12
right_child=1 2 6 4 -6 9 10 8 -10 -11 12 -13 -14
leaf_value=0.48604593960165277 -0.35389910103076727 0.28380021786452925 0.065919463555883059 0.097718548972085595 0.61262433569360253 -0.11522333491012733 -0.2093415713776223 0.42109400763274724 0.030234476392199883 0.077224468140803013 -0.21351264306646311 -0.07352422491301297 -0.032763762098827295
leaf_weight=17 20 14.999999999999998 78 15.000000000000002 14.999999999999998 48 29 15.999999999999998 24 45 14.999999999999998 61 292
leaf_count=17 20 15 78 15 15 48 29 16 24 45 15 61 292
internal_value=0.00497497 -0.00723988 0.00342246 0.0938605 0.356518 0.0205917 -0.0208152 0.0456128 0.187363 -0.0220668 -0.0562219 0.00467994 -0.0416781
internal_weight=690 673 653 138 30 108 515 179 40 93 336 139 307
internal_count=690 673 653 138 30 108 515 179 40 93 336 139 307
is_linear=0
shrinkage=0.05


Tree=79
num_leaves=12
num_cat=0
split_feature=33 11 44 62 78 102 50 18 123 49 104
split_gain=2260.41 445.762 455.962 703.367 1521.16 751.935 746.166 451.468 386.28 202.582 96.2708
threshold=-0.92499999999999971 19.050000000000001 1.5000000000000002 53.100000000000001 -1.1933333333333331 14.700000000000001 23.350000000000005 49.000000000000007 0.028333333333333339 4.580000000000001 20.300000000000004
decision_type=2 2 2 2 2 2 2 2 2 2 2
left_child=-1 -2 8 4 -4 -5 -7 -6 9 -3 -11
right_child=1 2 3 5 7 6 -8 -9 -10 10 -12
leaf_value=0.60484310775403172 -0.24573918879032136 -0.23796840596820507 0.59835095236089475 0.28983486354068555 -0.18474292299762274 -0.36126394745529888 -0.0024523273110130359 0.18969623164175459 0.15644114101142215 -0.13153298607196759 -0.046282000333815132
leaf_weight=14.999999999999998 20 21 15.999999999999998 21 15.999999999999998 14.999999999999998 359 15.999999999999998 17 48 108
leaf_count=15 20 21 16 21 16 15 359 16 17 48 108
internal_value=0 -0.0138977 -0.00657324 0.0214128 0.201938 -0.000557329 -0.0169493 0.00232861 -0.0704833 -0.0923826 -0.0726126
internal_weight=672 657 637 443 48 395 374 32 194 177 156
internal_count=672 657 637 443 48 395 374 32 194 177 156
is_linear=0
shrinkage=0.05


Tree=80
num_leaves=21
num_cat=0
split_feature=3 35 37 98 87 31 31 0 76 25 27 59 33 72 74 16 35 28 16 116
split_gain=1050.93 8987.4 2195.05 315.794 285.394 435.684 329.515 319.902 582.606 251.193 232.659 217.309 363.061 420.058 164.645 160.444 129.182 98.0563 90.1055 58.2087
threshold=2.5000000000000004 -6.5249999999999977 -11.708333333333327 44.150000000000013 6.8050000000000006 0.030833333333332828 -0.080000000000000501 2961.5000000000005 -2.9583333333333388 28.550000000000004 11.300000000000002 35.150000000000013 1.0825000000000002 0.069166666666665946 -0.86666666666666348 5.3750000000000009 4.8500000000000005 11.300000000000002 5.8150000000000004 3.5000000000000004
decision_type=2 2 2 2 2 2 2 2 2 2 2 2 2 2 2 2 2 2 2 2
left_child=1 -1 -2 11 5 6 -4 8 -6 -8 -10 12 13 -3 -9 16 -13 -14 -17 -16
right_child=2 3 4 -5 7 -7 9 14 10 -11 -12 15 17 -15 19 18 -18 -19 -20 -21
leaf_value=1.2618264915927355 -0.58776172985688102 0.29083497581890277 0.077569887773846394 0.20940389269442294 0.28824516684461982 0.16031865759275446 -0.22278338874768056 -0.20937543770200329 0.16953097218879273 -0.078142103801791485 -0.016704377288811283 -0.26238197058624363 -0.21479192066394925 0.016918622422850901 -0.10415308425515334 0.07637850995126523 -0.082529618500343543 -0.033576396033661256 -0.09121871254104652 0.013550966720644424
leaf_weight=14.999999999999998 18 18 28 15.999999999999998 23 20 37 17 20 160 101 15.999999999999998 15.000000000000002 62 15.999999999999998 17 27 14.999999999999998 14.999999999999998 30
leaf_count=15 18 18 28 16 23 20 37 17 20 160 101 16 15 62 16 17 27 15 15 30
internal_value=-0.00586957 0.0853871 -0.0478287 -0.00296585 -0.0261906 -0.0627038 -0.0826126 0.0170107 0.0581348 -0.105433 0.0141516 -0.0214632 0.0232461 0.0788984 -0.076851 -0.087047 -0.150021 -0.124763 -0.00206636 -0.0274182
internal_weight=686 216 470 201 452 245 225 207 144 197 121 185 110 80 63 75 43 30 32 46
internal_count=686 216 470 201 452 245 225 207 144 197 121 185 110 80 63 75 43 30 32 46
is_linear=0
shrinkage=0.05


Tree=81
num_leaves=15
num_cat=0
split_feature=33 60 23 11 99 98 50 78 0 10 39 50 26 55
split_gain=1015.12 447.088 990.671 726.619 514.679 314.019 475.991 260.352 337.81 296.43 238.267 372.414 295.82 182.88
threshold=-0.92499999999999971 51.800000000000004 59.400000000000006 20.850000000000005 62.400000000000006 24.950000000000003 45.050000000000004 -0.45500000000000002 2920.0000000000005 4.9150000000000009 1.1158333333333337 23.950000000000003 19.100000000000005 5.285000000000001
decision_type=2 2 2 2 2 2 2 2 2 2 2 2 2 2
left_child=-1 3 -3 -2 7 6 13 8 -4 -9 12 -12 -7 -5
right_child=1 2 4 5 -6 10 -8 9 -10 -11 11 -13 -14 -15
leaf_value=0.39922263574916012 -0.32836147312125474 0.32651151475778484 0.19620141344827691 0.10769753718613001 0.25937366525112598 0.16976486856664594 0.27828471251807291 -0.23006025056564372 -0.091029863230745245 -0.022043331907331983 -0.31715674156333967 -0.069441209451643934 -0.03581431327094025 -0.11601746861552778
leaf_weight=14.999999999999998 22 26 28 14.999999999999998 18 20 19 19 15.999999999999998 167 17 137 135 23
leaf_count=15 22 26 28 15 18 20 19 19 16 167 17 137 135 23
internal_value=-0.00612962 -0.0153808 0.0334976 -0.0499107 0.00263906 -0.0330744 0.0746317 -0.0175355 0.0916707 -0.0434314 -0.0529764 -0.0970069 -0.00916338 -0.0275268
internal_weight=677 662 274 388 248 366 57 230 44 186 309 154 155 38
internal_count=677 662 274 388 248 366 57 230 44 186 309 154 155 38
is_linear=0
shrinkage=0.05


Tree=82
num_leaves=9
num_cat=0
split_feature=109 33 68 109 26 37 62 50
split_gain=1024.91 2703.78 479.487 461.7 787.958 531.882 388.67 309.103
threshold=-0.078333333333332686 -0.7616666666666666 59.500000000000007 0.026666666666666842 17.500000000000004 -4.9666666666666641 68.15000000000002 23.350000000000005
decision_type=2 2 2 2 2 2 2 2
left_child=-1 -2 3 5 -5 -3 -6 -7
right_child=1 2 -4 4 6 7 -8 -9
leaf_value=0.295910550950858 -0.60401864519918158 -0.24377266939636655 0.27814891962026128 0.36659921610542617 0.18855138274351346 -0.14776354779681797 -0.015607166442269322 -0.0050289302775808464
leaf_weight=27 19 28 14.999999999999998 19 29 42 117 384
leaf_count=27 19 28 15 19 29 42 117 384
internal_value=-0.00537966 -0.0178884 -0.000222567 -0.00702016 0.0645747 -0.0330598 0.025012 -0.0191445
internal_weight=680 653 634 619 165 454 146 426
internal_count=680 653 634 619 165 454 146 426
is_linear=0
shrinkage=0.05


Tree=83
num_leaves=13
num_cat=0
split_feature=37 32 70 111 74 53 67 35 50 107 96 45
split_gain=1571.81 472.09 426.436 777.069 576.226 1007.81 528.069 565.728 382.095 301.667 285.188 248.556
threshold=-15.474999999999996 1.5000000000000002 0.0033333333333334107 -1.3133333333333332 -5.0333333333333323 16.850000000000005 23.050000000000004 1.8416666666666652 25.100000000000005 58.500000000000007 47.350000000000001 -0.012499999999999995
decision_type=2 2 2 2 2 2 2 2 2 2 2 2
left_child=-1 -2 3 -3 5 -4 9 -8 10 -6 -5 -10
right_child=1 2 4 8 6 -7 7 -9 11 -11 -12 -13
leaf_value=0.50873604957631091 -0.27454140919335884 0.31225615826663594 0.54086203802105615 -0.042709421814970706 -0.025037811440817292 -2.7942831688259357e-05 0.41451205188720863 0.034089194190692139 -0.087312888022447604 0.20577335908318198 -0.29219236528961423 0.006744231472381533
leaf_weight=14.999999999999998 15.999999999999998 14.999999999999998 14.999999999999998 20 226 20 15.999999999999998 25 121 14.999999999999998 27 167
leaf_count=15 16 15 15 20 226 20 16 25 121 15 27 167
internal_value=0.0041473 -0.00699998 -0.000534504 -0.0385845 0.0414597 0.23252 0.0176548 0.183316 -0.0543972 -0.0105718 -0.186452 -0.0327721
internal_weight=698 683 667 350 317 35 282 41 335 241 47 288
internal_count=698 683 667 350 317 35 282 41 335 241 47 288
is_linear=0
shrinkage=0.05


Tree=84
num_leaves=11
num_cat=0
split_feature=26 35 33 84 79 50 116 78 31 31
split_gain=965.812 2197.85 1269.4 294.609 421.141 309.382 301.405 288.671 328.774 133.461
threshold=11.900000000000002 -5.200000000000002 -0.7616666666666666 0.022499999999999996 2.5000000000000004 22.450000000000003 3.5000000000000004 1.3283333333333343 -0.018333333333333087 -0.073333333333333681
decision_type=2 2 2 2 2 2 2 2 2 2
left_child=1 -1 -2 5 -5 6 -4 8 -7 -9
right_child=2 -3 3 4 -6 7 -8 9 -10 -11
leaf_value=0.70747435160030603 -0.42387707607908398 -0.05062013178264501 -0.0048496292440930776 0.29131312541936705 -0.017678015236653587 -0.019059301021437297 -0.28368395064114393 0.032749354334368652 0.080783453015027124 -0.08303947821910318
leaf_weight=14.999999999999998 19 26 18 19 26 238 21 30 126 143
leaf_count=15 19 26 18 19 26 238 21 30 126 143
internal_value=-0.00728765 0.227656 -0.0223798 -0.0100213 0.113031 -0.0196614 -0.155461 -0.00976246 0.0155006 -0.0629243
internal_weight=681 41 640 621 45 576 39 537 364 173
internal_count=681 41 640 621 45 576 39 537 364 173
is_linear=0
shrinkage=0.05


Tree=85
num_leaves=11
num_cat=0
split_feature=33 84 80 73 76 49 102 39 37 57
split_gain=1555.37 333.376 810.99 347.619 496.918 443.34 332.842 579.699 292.558 126.532
threshold=-0.92499999999999971 0.022499999999999996 -0.37749999999999989 1.5000000000000002 -9.0249999999999968 4.5450000000000008 16.100000000000005 0.9425 -8.9166666666666625 56.550000000000004
decision_type=2 2 2 2 2 2 2 2 2 2
left_child=-1 3 -3 5 -5 -2 7 -6 -8 -4
right_child=1 2 9 4 6 -7 8 -9 -10 -11
leaf_value=0.49065061207883842 -0.361931230044513 0.40965108349456553 0.067813460310997317 0.2248878103980112 0.34265010915478772 0.0093517081152578313 -0.23717375634619908 -0.04142885734508564 -0.020671616176111046 -0.13074205734871872
leaf_weight=15.999999999999998 15.999999999999998 15.999999999999998 17 22 17 15.999999999999998 15.999999999999998 23 514 14.999999999999998
leaf_count=16 16 16 17 22 17 16 16 23 514 15
internal_value=0.00498516 -0.00664215 0.120183 -0.0164236 -0.00772411 -0.176683 -0.0167488 0.122127 -0.0272605 -0.025221
internal_weight=688 672 48 624 592 32 570 40 530 32
internal_count=688 672 48 624 592 32 570 40 530 32
is_linear=0
shrinkage=0.05


Tree=86
num_leaves=8
num_cat=0
split_feature=35 109 51 12 37 75 80
split_gain=1943.48 418.416 380.19 348.834 337.153 322.504 106.226
threshold=-10.166666666666666 -0.071666666666666753 32.300000000000004 35.900000000000013 -6.5250000000000012 1.5000000000000002 -0.15250000000000027
decision_type=2 2 2 2 2 2 2
left_child=-1 6 -3 -4 -5 -6 -2
right_child=1 2 3 4 5 -7 -8
leaf_value=0.46093154952123572 -0.27863830533248701 0.21194764574839609 -0.20877186062917188 0.20968694936542609 -0.16599877715315606 0.0050000638545232212 -0.094915988222200265
leaf_weight=23 14.999999999999998 21 20 19 29 525 17
leaf_count=23 15 21 20 19 29 525 17
internal_value=0.0102941 -0.00581138 0.00338018 -0.00403191 0.0031408 -0.00397046 -0.181791
internal_weight=669 646 614 593 573 554 32
internal_count=669 646 614 593 573 554 32
is_linear=0
shrinkage=0.05


Tree=87
num_leaves=9
num_cat=0
split_feature=33 111 11 23 103 107 10 33
split_gain=1078.66 426.741 420.357 380.033 664.162 307.105 604.694 428.255
threshold=-0.91083333333333261 -1.3133333333333332 19.500000000000004 56.70000000000001 28.550000000000004 53.500000000000007 4.7350000000000012 -0.48583333333333328
decision_type=2 2 2 2 2 2 2 2
left_child=-1 -2 -3 4 -4 7 -7 -5
right_child=1 2 3 5 -6 6 -8 -9
leaf_value=0.39777358031412313 0.2068142024469582 -0.21250278406527889 -0.072094885057566158 0.27088559921483818 0.38967694150550025 -0.360281997248037 -0.034298704181006126 0.0064561832443391746
leaf_weight=17 23 25 15.000000000000002 15.999999999999998 15.999999999999998 14.999999999999998 248 314
leaf_count=17 23 25 15 16 16 15 248 314
internal_value=0.00561611 -0.00435481 -0.0118769 -0.0037982 0.166565 -0.0127392 -0.0530398 0.0193703
internal_weight=689 672 649 624 31 593 263 330
internal_count=689 672 649 624 31 593 263 330
is_linear=0
shrinkage=0.05


Tree=88
num_leaves=16
num_cat=0
split_feature=39 26 35 62 50 0 72 45 64 37 117 0 84 17 11
split_gain=966.303 5688.97 1306.6 1292.37 462.796 284.38 480.345 445.988 939.596 432.783 212.957 336.321 149.031 115.513 60.0566
threshold=-1.2866666666666662 18.750000000000004 -8.8583333333333343 71.100000000000009 41.550000000000004 3510.0000000000005 -0.30249999999999971 -0.0016666666666666355 19.100000000000005 -3.4666666666666646 0.70166666666666655 772.00000000000011 0.013333333333333352 25.350000000000005 44.150000000000013
decision_type=2 2 2 2 2 2 2 2 2 2 2 2 2 2 2
left_child=1 -1 -2 -3 -5 7 -7 10 -9 -10 11 -4 -12 -8 -15
right_child=2 3 5 4 -6 6 13 8 9 -11 12 -13 -14 14 -16
leaf_value=0.9671666730914199 -0.45337199160927222 0.2519073546634919 0.1217730137052867 -0.060026588767581837 -0.42540379296110564 -0.35432210079092069 -0.13926686081438433 0.44757103493671552 0.27746505917784592 0.0024856229141386309 -0.052794709435405866 -0.029663081075902566 -0.18841025822784796 0.076658898451565441 -0.050393665264983206
leaf_weight=17 17 19 46 15.999999999999998 19 14.999999999999998 18 14.999999999999998 15.999999999999998 129 107 179 25 19 18
leaf_count=17 17 19 46 16 19 15 18 15 16 129 107 179 25 19 18
internal_value=-0.0020059 0.17234 -0.0225336 -0.0791166 -0.259164 -0.00997251 -0.104478 0.00283131 0.0721824 0.033033 -0.0282479 0.00131532 -0.0786405 -0.035729 0.0147455
internal_weight=675 71 604 54 35 587 70 517 160 145 357 225 132 55 37
internal_count=675 71 604 54 35 587 70 517 160 145 357 225 132 55 37
is_linear=0
shrinkage=0.05


Tree=89
num_leaves=9
num_cat=0
split_feature=26 37 113 72 104 70 31 6
split_gain=839.281 1210.03 357.745 415.344 277.874 178.509 315.851 265.459
threshold=8.5000000000000018 -10.874999999999993 -15.333333333333332 0.77500000000000002 57.45000000000001 0.0033333333333334107 -0.031666666666665837 5.5000000000000009
decision_type=2 2 2 2 2 2 2 2
left_child=-1 -2 3 -3 5 7 -7 -4
right_child=1 2 4 -5 -6 6 -8 -9
leaf_value=0.28421905500032169 -0.40437714531647029 0.34305268978046266 -0.021790829954634026 -0.027961865935894038 0.18621377020333862 -0.03852900430789561 0.069031557797641238 -0.12590599322798809
leaf_weight=23 20 15.000000000000002 219 14.999999999999998 15.999999999999998 172 113 85
leaf_count=23 20 15 219 15 16 172 113 85
internal_value=-0.0119731 -0.0224232 -0.0103235 0.157903 -0.0186982 -0.0243038 0.00410953 -0.0509502
internal_weight=678 655 635 30 605 589 285 304
internal_count=678 655 635 30 605 589 285 304
is_linear=0
shrinkage=0.05


Tree=90
num_leaves=10
num_cat=0
split_feature=33 68 12 0 96 44 95 73 76
split_gain=2093.78 376.132 321.264 272.422 506.187 765.274 253.557 207.565 241.974
threshold=-0.91083333333333261 59.500000000000007 35.900000000000013 1423.0000000000002 52.500000000000007 1.5000000000000002 26.250000000000004 1.5000000000000002 -9.0249999999999968
decision_type=2 2 2 2 2 2 2 2 2
left_child=-1 2 -2 4 6 -6 -4 -5 -9
right_child=1 -3 3 7 5 -7 -8 8 -10
leaf_value=0.57133451500294374 -0.1800103363955593 0.24093990775923069 0.085717357422563645 -0.16436074107771176 -0.074549838575138444 0.25940758217564835 -0.062137065860257759 0.15025822616631712 -0.027926375008827914
leaf_weight=15.999999999999998 27 14.999999999999998 42 26 26 50 93 20 364
leaf_count=16 27 15 42 26 26 50 93 20 364
internal_value=0.00793711 -0.00573578 -0.0114899 -0.00412705 0.0420147 0.145145 -0.0160715 -0.0278898 -0.0185962
internal_weight=679 663 648 621 211 76 135 410 384
internal_count=679 663 648 621 211 76 135 410 384
is_linear=0
shrinkage=0.05


Tree=91
num_leaves=16
num_cat=0
split_feature=74 10 33 0 8 84 37 64 109 90 88 112 84 51 33
split_gain=924.601 3614.31 2758.37 674.385 438.732 547.338 382.821 325.939 229.634 284.62 192.414 168.875 211.997 164.825 95.9706
threshold=-0.14999999999999855 4.3150000000000004 -0.7616666666666666 3292.5000000000005 1.0000000180025095e-35 -0.0075000000000000197 4.3999999999999959 29.500000000000004 0.064166666666666497 51.650000000000013 3.5750000000000006 3.5000000000000004 -0.00083333333333333859 47.750000000000007 0.80500000000000027
decision_type=2 2 2 2 2 2 2 2 2 2 2 2 2 2 2
left_child=1 -1 -2 4 -3 -6 -5 -7 10 -10 -4 12 -12 -13 -8
right_child=2 3 8 6 5 7 14 -9 9 -11 11 13 -14 -15 -16
leaf_value=0.82280745873388084 -0.71370445643829195 0.28841953123572156 -0.1843093416702126 -0.35520297099422943 0.23551077919692573 -0.12349587865350792 0.042978696357335471 0.060552421400785032 0.25988112664380614 -0.02737931475710513 -0.034215318638624988 -0.18116209361068442 0.080153101536208513 -0.042887655105522365 -0.13519376267660532
leaf_weight=14.999999999999998 14.999999999999998 20 21 14.999999999999998 27 42 15.000000000000002 56 14.999999999999998 20 110 24 64 208 14.999999999999998
leaf_count=15 15 20 21 15 27 42 15 56 15 20 110 24 64 208 15
internal_value=-0.0105138 0.0782583 -0.0486841 0.0190499 0.0715533 0.036612 -0.149801 -0.0183199 -0.026932 0.0959795 -0.0370385 -0.0293652 0.00784438 -0.0572853 -0.0460946
internal_weight=682 205 477 190 145 125 45 98 462 35 427 406 174 232 30
internal_count=682 205 477 190 145 125 45 98 462 35 427 406 174 232 30
is_linear=0
shrinkage=0.05


Tree=92
num_leaves=16
num_cat=0
split_feature=33 33 113 68 35 104 12 42 20 117 87 39 54 13 103
split_gain=1148.78 322.39 550.338 359.922 848.811 326.57 281.977 229.622 213.105 177.558 159.408 137.105 101.038 99.6479 38.0819
threshold=-0.92499999999999971 1.0275000000000005 -13.049999999999999 56.500000000000007 1.6916666666666667 55.800000000000004 35.900000000000013 2.5000000000000004 28.500000000000004 0.80500000000000027 6.7550000000000008 0.97916666666666707 37.650000000000006 5.6050000000000013 36.900000000000006
decision_type=2 2 2 2 2 2 2 2 2 2 2 2 2 2 2
left_child=-1 2 -2 5 -5 6 -4 10 -9 -6 -3 -10 -13 -12 -15
right_child=1 7 3 4 9 -7 -8 8 11 -11 13 12 -14 14 -16
leaf_value=0.42589013961531363 0.25351636560703339 -0.25162452621609754 -0.19182970268963689 0.42009347344351095 -0.074350099326059821 0.21857906106292019 -0.0076503618657503495 0.1611656346561893 0.06044245004882301 0.13960027406547246 0.016833360850462439 -0.1547331395013577 -0.034081405884669458 -0.18408240376160157 -0.076900466823438443
leaf_weight=15.999999999999998 24 19 22 17 27 14.999999999999998 350 14.999999999999998 26 14.999999999999998 17 25 57 17 17
leaf_count=16 24 19 22 17 27 15 350 15 26 15 17 25 57 17 17
internal_value=0.00857205 -0.00155414 0.020781 0.00819186 0.123125 -0.00934457 -0.0186048 -0.0559538 -0.0147336 0.00209208 -0.128188 -0.0393367 -0.07107 -0.0817017 -0.131021
internal_weight=679 663 470 446 59 387 372 193 123 42 70 108 82 51 34
internal_count=679 663 470 446 59 387 372 193 123 42 70 108 82 51 34
is_linear=0
shrinkage=0.05


Tree=93
num_leaves=11
num_cat=0
split_feature=33 111 4 62 111 41 0 33 66 99
split_gain=2352.16 332.597 250.189 300.822 265.628 338.892 232.365 402.435 280.175 139.441
threshold=-0.91083333333333261 -1.3133333333333332 2.5000000000000004 42.850000000000001 -0.16333333333333352 -0.45749999999999996 2741.0000000000005 -0.48583333333333328 4.6000000000000005 44.850000000000001
decision_type=2 2 2 2 2 2 2 2 2 2
left_child=-1 -2 4 -4 -3 -6 7 -5 -8 -7
right_child=1 2 3 6 5 9 8 -9 -10 -11
leaf_value=0.60189022788349889 0.18097255650688621 -0.24266695772630598 0.21692150503594357 0.25912954418671247 -0.22709426645052996 0.12651692396931896 0.15245869492260827 0.0030495676142967909 -0.072074325454912561 -0.03972615551569366
leaf_weight=15.999999999999998 22 22 14.999999999999998 15.999999999999998 19 19 14.999999999999998 327 173 37
leaf_count=16 22 22 15 16 19 19 15 327 173 37
internal_value=0.00471765 -0.00973123 -0.016291 -0.00312933 -0.0902452 -0.0452046 -0.00939454 0.0150816 -0.0540613 0.0167136
internal_weight=681 665 643 546 97 75 531 343 188 56
internal_count=681 665 643 546 97 75 531 343 188 56
is_linear=0
shrinkage=0.05


Tree=94
num_leaves=12
num_cat=0
split_feature=109 10 0 35 33 31 84 87 101 4 68
split_gain=1084.86 1098.32 446.413 1268.22 1124.04 394.686 697.954 297.81 178.283 174.766 167.118
threshold=-0.078333333333332686 3.8200000000000003 2741.0000000000005 -6.5249999999999977 -0.38583333333333319 -0.0016666666666673711 0.010833333333333349 6.7950000000000008 61.300000000000004 6.5000000000000009 53.500000000000007
decision_type=2 2 2 2 2 2 2 2 2 2 2
left_child=-1 -2 3 -3 -4 7 -7 -5 9 -6 -10
right_child=1 2 4 5 8 6 -8 -9 10 -11 -12
leaf_value=0.31394576414924708 -0.36376199146017646 0.39369616315929923 -0.47048259159389716 -0.073423590770794467 -0.08057289193876041 0.021887483861928861 0.32610470144397236 0.028414926831718118 -0.10566589999383397 0.11746370463407602 -0.0024961491543296229
leaf_weight=27 21 23 14.999999999999998 130 15.999999999999998 76 25 160 73 36 85
leaf_count=27 21 23 15 130 16 76 25 160 73 36 85
internal_value=0.00388873 -0.00883348 0.00287811 0.0336925 -0.053788 0.0124078 0.0974863 -0.0172292 -0.0237905 0.0563957 -0.0502315
internal_weight=687 660 639 414 225 391 101 290 210 52 158
internal_count=687 660 639 414 225 391 101 290 210 52 158
is_linear=0
shrinkage=0.05


Tree=95
num_leaves=7
num_cat=0
split_feature=87 10 24 32 62 70
split_gain=798.436 949.368 1343.91 638.295 385.685 231.598
threshold=6.6250000000000009 3.8200000000000003 18.900000000000002 1.5000000000000002 34.500000000000007 -0.026666666666666835
decision_type=2 2 2 2 2 2
left_child=-1 -2 -3 -4 -5 -6
right_child=1 2 3 4 5 -7
leaf_value=0.35844387921276477 -0.33930231113851916 0.34621436229573627 -0.30598200606954035 0.24484714893315804 -0.05943247578497754 0.0088195504891735964
leaf_weight=14.999999999999998 21 27 18 14.999999999999998 175 428
leaf_count=15 21 27 18 15 175 428
internal_value=-0.00118213 -0.00912722 0.00137287 -0.0133109 -0.00473028 -0.0109865
internal_weight=699 684 663 636 618 603
internal_count=699 684 663 636 618 603
is_linear=0
shrinkage=0.05


Tree=96
num_leaves=9
num_cat=0
split_feature=12 32 31 6 98 113 37 93
split_gain=1128.3 1009.81 312.637 681.112 255.151 261.213 541.329 227.909
threshold=30.450000000000003 1.5000000000000002 0.030833333333332828 3.5000000000000004 48.600000000000001 -8.0083333333333329 0.60833333333333439 78.750000000000014
decision_type=2 2 2 2 2 2 2 2
left_child=-1 -2 4 -4 5 6 -3 -7
right_child=1 2 3 -5 -6 7 -8 -9
leaf_value=0.36485370539907197 -0.3643792947161183 0.31884076351311452 0.33768994576524741 -0.064550048038700583 0.18932033308491802 -0.044210948932605625 0.004755090727849947 0.084685233657090173
leaf_weight=20 20 15.999999999999998 20 22 14.999999999999998 451 93 37
leaf_count=20 20 16 20 22 15 451 93 37
internal_value=-0.00428817 -0.0153018 -0.00456498 0.127221 -0.0136366 -0.0187752 0.0511552 -0.0344125
internal_weight=694 674 654 42 612 597 109 488
internal_count=694 674 654 42 612 597 109 488
is_linear=0
shrinkage=0.05


Tree=97
num_leaves=16
num_cat=0
split_feature=65 33 33 82 68 14 0 19 4 43 109 20 102 48 43
split_gain=644.881 4930.12 3076.23 348.882 332.797 553.133 248.953 239.099 332.244 276.845 222.316 171.138 150.346 120.516 117.524
threshold=30.900000000000002 -0.519166666666666 -0.7616666666666666 1.0433333333333328 56.500000000000007 37.850000000000001 309.50000000000006 5.3050000000000006 10.500000000000002 -0.0066666666666672638 -0.078333333333332686 21.650000000000002 34.750000000000007 6.8150000000000004 0.22333333333333319
decision_type=2 2 2 2 2 2 2 2 2 2 2 2 2 2 2
left_child=1 -1 -2 6 7 -6 -4 8 9 -3 -8 -12 13 -9 -14
right_child=2 4 3 -5 5 -7 10 12 -10 -11 11 -13 14 -15 -16
leaf_value=0.9398144883035825 -0.737660906880798 -0.058069485719584514 0.1205801913345111 0.21664965197166303 0.29243522157807567 -0.067870453023473623 -0.21296593443207118 -0.26995550370374261 0.24883309981680868 0.14714165273295271 -0.13965260428456508 -0.013375804403168802 0.052692155793494705 -0.071852331789013749 -0.089838193716104686
leaf_weight=14.999999999999998 14.999999999999998 64 29 15.999999999999998 24 19 15.999999999999998 15.000000000000002 14.999999999999998 22 29 347 24 15.999999999999998 36
leaf_count=15 15 64 29 16 24 19 16 15 15 22 29 347 24 16 36
internal_value=-0.000368937 0.0640467 -0.0360144 -0.0117558 0.00774943 0.133326 -0.0204975 -0.0204033 0.0325119 -0.00540562 -0.0309752 -0.0231631 -0.0791595 -0.168429 -0.03275
internal_weight=702 250 452 437 235 43 421 192 101 86 392 376 91 31 60
internal_count=702 250 452 437 235 43 421 192 101 86 392 376 91 31 60
is_linear=0
shrinkage=0.05


Tree=98
num_leaves=20
num_cat=0
split_feature=3 35 37 30 35 87 31 31 75 110 4 31 64 19 101 39 9 35 27
split_gain=919.429 5914.21 1501.34 371.108 453.707 222.89 230.641 278.139 235.542 217.079 196.641 189.239 185.976 170.091 264.842 136.066 100.061 91.0576 28.7033
threshold=2.5000000000000004 -6.9749999999999988 -10.874999999999993 2.5000000000000004 1.7333333333333327 6.8050000000000006 0.030833333333332828 -0.080000000000000501 2.5000000000000004 3.5000000000000004 1.5000000000000002 -0.093333333333333254 21.250000000000004 5.6350000000000007 62.20000000000001 0.05666666666666665 6.705000000000001 8.3499999999999979 22.400000000000002
decision_type=2 2 2 2 2 2 2 2 2 2 2 2 2 2 2 2 2 2 2
left_child=1 -1 -2 12 -5 6 7 11 -9 -6 -7 -4 -3 14 -12 -14 -17 -15 -11
right_child=2 3 5 4 9 10 -8 8 -10 18 13 -13 15 17 -16 16 -18 -19 -20
leaf_value=1.0439860900752986 -0.43722010203616107 -0.19923890000147537 -0.049273798284151689 0.27924113713531379 0.16170739255310421 -0.14969502219695918 0.12454516698313021 -0.20692931913141149 -0.058566865791777382 -0.0094722730795126307 0.17450872788401062 0.19708703521245752 -0.13359505580201822 -0.14965127031534714 0.022351874610153484 0.12219592504508313 -0.01178774415873755 0.0045292993386586503 -0.10059222544757473
leaf_weight=14.999999999999998 22 14.999999999999998 15.000000000000002 25 18 14.999999999999998 18 32 163 19 39 15.999999999999998 19 14.999999999999998 107 17 75 26 15.999999999999998
leaf_count=15 22 15 15 25 18 15 18 32 163 19 39 16 19 15 107 17 75 26 16
internal_value=0.00461367 0.0891543 -0.0349469 0.0184445 0.104102 -0.0149991 -0.0471583 -0.060905 -0.0830327 0.0210254 0.0238261 0.0779443 -0.0345827 0.0378442 0.0631224 -0.0121276 0.0130216 -0.0519834 -0.0514375
internal_weight=687 219 468 204 78 446 244 226 195 53 202 31 126 187 146 111 92 41 35
internal_count=687 219 468 204 78 446 244 226 195 53 202 31 126 187 146 111 92 41 35
is_linear=0
shrinkage=0.05


Tree=99
num_leaves=10
num_cat=0
split_feature=12 45 45 96 18 37 45 109 16
split_gain=795.85 546.548 308.698 576.942 464.844 337.656 328.263 204.355 182.88
threshold=30.450000000000003 0.024166666666666701 0.010000000000000024 49.150000000000013 51.550000000000004 -9.4999999999999911 0.01833333333333333 -0.079166666666666149 2.6450000000000005
decision_type=2 2 2 2 2 2 2 2 2
left_child=-1 2 5 6 -5 -2 -4 -7 -9
right_child=1 -3 3 4 -6 7 -8 8 -10
leaf_value=0.34322708334241597 0.21064448067860575 -0.23681317645471217 -0.17242247457824536 0.44233563658521036 0.054643906978581916 -0.17425484233557897 0.13603993340438567 -0.12599395182822168 -0.007957049989343731
leaf_weight=15.999999999999998 15.999999999999998 26 20 16.000000000000004 14.999999999999998 21 14.999999999999998 35 507
leaf_count=16 16 26 20 16 15 21 15 35 507
internal_value=-0.00415869 -0.0124995 -0.00341431 0.0989446 0.255683 -0.0151059 -0.0400709 -0.0215667 -0.0156104
internal_weight=687 671 645 66 31 579 35 563 542
internal_count=687 671 645 66 31 579 35 563 542
is_linear=0
shrinkage=0.05


Tree=100
num_leaves=7
num_cat=0
split_feature=10 24 32 33 97 43
split_gain=1087.23 1328.63 350.371 426.756 165.417 183.578
threshold=3.8200000000000003 18.900000000000002 1.5000000000000002 -0.42583333333333323 6.4600000000000009 -0.22166666666666621
decision_type=2 2 2 2 2 2
left_child=-1 -2 -3 -4 5 -5
right_child=1 2 3 4 -6 -7
leaf_value=-0.37210992903851753 0.35797833267198614 -0.22974825838158802 0.24748829773494174 -0.061978467968376416 0.11497617477697951 -0.00034495600549895404
leaf_weight=20 25 18 15.999999999999998 172 24 406
leaf_count=20 25 18 16 172 24 406
internal_value=-0.00984245 0.00116581 -0.012906 -0.00654602 -0.013346 -0.0187019
internal_weight=681 661 636 618 602 578
internal_count=681 661 636 618 602 578
is_linear=0
shrinkage=0.05


Tree=101
num_leaves=13
num_cat=0
split_feature=12 32 78 35 50 112 35 9 58 35 120 76
split_gain=1070.04 732.485 335.566 638.056 375.824 320.413 378.633 256.879 273.523 182.836 141.019 137.537
threshold=30.450000000000003 1.5000000000000002 -0.46333333333333376 1.7333333333333327 23.350000000000005 3.5000000000000004 -5.0916666666666677 6.7350000000000012 5.4050000000000011 -5.7833333333333341 2.5000000000000004 -0.25833333333333636
decision_type=2 2 2 2 2 2 2 2 2 2 2 2
left_child=-1 -2 3 -3 10 6 -6 11 -9 -7 -4 -5
right_child=1 2 4 7 5 9 -8 8 -10 -11 -12 -13
leaf_value=0.36018948448238092 -0.2999627119102361 0.27584772934285845 -0.08543964252529436 -0.20656762608089801 0.27847454534559851 -0.2138088818762871 0.018755092699246401 -0.0057267048294278805 0.18561311536228534 -0.034661070087081296 -0.29667671624793129 -0.0076108243043354036
leaf_weight=20 21 29 17 15.999999999999998 14.999999999999998 14.999999999999998 200 52 29 257 14.999999999999998 19
leaf_count=20 21 29 17 16 15 15 200 52 29 257 15 19
internal_value=0.000605286 -0.00993727 -0.000713459 0.0664993 -0.0195104 -0.00857527 0.0370193 0.0139266 0.0628604 -0.0446339 -0.185229 -0.0990343
internal_weight=705 685 664 145 519 487 215 116 81 272 32 35
internal_count=705 685 664 145 519 487 215 116 81 272 32 35
is_linear=0
shrinkage=0.05


Tree=102
num_leaves=11
num_cat=0
split_feature=109 37 113 27 104 35 68 109 58 99
split_gain=696.541 1448.17 250.433 859.28 463.655 334.085 274.252 227.475 203.359 192.853
threshold=-0.078333333333332686 -13.533333333333331 -2.0499999999999967 7.8500000000000005 10.600000000000001 -8.0166666666666622 58.500000000000007 0.032500000000000202 4.8350000000000009 62.150000000000013
decision_type=2 2 2 2 2 2 2 2 2 2
left_child=-1 -2 3 -3 -4 -6 -7 9 -9 -5
right_child=1 2 4 7 5 6 -8 8 -10 -11
leaf_value=0.24019255909262244 -0.47815324845521351 0.37569865739147967 -0.24314058974418976 -0.035855057541192906 -0.23879800804008716 -0.0082964376697989822 0.19095877593393484 0.25469256371074583 0.037559728714387036 0.1426494822864644
leaf_weight=29 15.999999999999998 18 22 131 14.999999999999998 376 18 15.999999999999998 33 17
leaf_count=29 16 18 22 131 15 376 18 16 33 17
internal_value=0.000768013 -0.00974751 0.00191834 0.0459908 -0.0200608 -0.00799263 0.00084005 0.0156646 0.108936 -0.0152349
internal_weight=691 662 646 215 431 409 394 197 49 148
internal_count=691 662 646 215 431 409 394 197 49 148
is_linear=0
shrinkage=0.05


Tree=103
num_leaves=9
num_cat=0
split_feature=87 10 70 117 11 35 30 44
split_gain=669.186 790.246 389.579 299.393 636.909 409.772 278.181 193.124
threshold=6.6250000000000009 3.8750000000000004 0.084166666666667403 -1.3633333333333331 34.95000000000001 -8.2166666666666632 5.5000000000000009 2.5000000000000004
decision_type=2 2 2 2 2 2 2 2
left_child=-1 -2 3 4 -3 -5 -7 -6
right_child=1 2 -4 5 7 6 -8 -9
leaf_value=0.31318443530464768 -0.29414067425421164 0.37483166472011847 0.23292814681404517 -0.22331640911423817 0.069629424613394844 -0.019474768226879671 0.17483912729828849 -0.12496864318600674
leaf_weight=15.999999999999998 24 14.999999999999998 17 24 43 514 19 18
leaf_count=16 24 15 17 24 43 514 19 18
internal_value=-0.0053744 -0.0129894 -0.00255707 -0.00892501 0.0840874 -0.0216379 -0.0125071 0.0120147
internal_weight=690 674 650 633 76 557 533 61
internal_count=690 674 650 633 76 557 533 61
is_linear=0
shrinkage=0.05


Tree=104
num_leaves=9
num_cat=0
split_feature=12 12 68 104 60 50 61 88
split_gain=927.921 886.138 285.406 264.046 380.094 231.176 362.218 220.687
threshold=27.350000000000005 35.900000000000013 59.500000000000007 5.8500000000000005 48.750000000000007 23.350000000000005 0.17500000000000002 3.5750000000000006
decision_type=2 2 2 2 2 2 2 2
left_child=-1 -2 3 4 -3 6 -5 -7
right_child=1 2 -4 5 -6 7 -8 -9
leaf_value=0.37993576005594626 -0.30790378781428851 -0.02750532218352866 0.20966334737689293 0.077008404790984919 0.31230429375408503 -0.18525276239852459 -0.20946174946181115 -0.0028042506192238912
leaf_weight=14.999999999999998 25 18 14.999999999999998 15.999999999999998 14.999999999999998 17 35 542
leaf_count=15 25 18 15 16 15 17 35 542
internal_value=-0.00774641 -0.0163224 -0.00519133 -0.0102431 0.127279 -0.0177107 -0.119516 -0.00839386
internal_weight=698 683 658 643 33 610 51 559
internal_count=698 683 658 643 33 610 51 559
is_linear=0
shrinkage=0.05


Tree=105
num_leaves=7
num_cat=0
split_feature=70 76 25 10 10 44
split_gain=590.2 523.062 802.251 1487.46 426.905 273.057
threshold=-0.085833333333333858 29.416666666666671 13.450000000000001 4.1150000000000011 4.4850000000000012 1.5000000000000002
decision_type=2 2 2 2 2 2
left_child=-1 2 -2 -4 -5 -6
right_child=1 -3 3 4 5 -7
leaf_value=0.28677958960683025 0.29293346501869988 -0.26858737772593949 -0.47347309164136475 0.2386271025205304 -0.057220916936911809 0.016110022698076307
leaf_weight=17 22 19 17 18 189 386
leaf_count=17 22 19 17 18 189 386
internal_value=-0.00317302 -0.0107953 -0.00299605 -0.0137234 -0.000457334 -0.0079906
internal_weight=668 651 632 610 593 575
internal_count=668 651 632 610 593 575
is_linear=0
shrinkage=0.05


Tree=106
num_leaves=17
num_cat=0
split_feature=3 33 37 31 45 104 70 104 26 95 113 84 39 82 95 25
split_gain=644.049 4082.66 1195.37 268.928 461.483 218.847 211.02 196.051 150.977 135.089 131.893 120.089 416.113 130.609 93.4315 78.4551
threshold=2.5000000000000004 -0.38583333333333319 -11.708333333333327 -0.008333333333333302 0.0049999999999999914 20.900000000000002 0.068333333333332927 21.250000000000004 9.5000000000000018 34.45000000000001 -3.6750000000000003 0.018333333333333358 1.2266666666666672 -0.80166666666666619 34.45000000000001 35.100000000000009
decision_type=2 2 2 2 2 2 2 2 2 2 2 2 2 2 2 2
left_child=1 -1 -2 7 5 -5 8 9 -4 -3 -9 13 -13 -10 -7 -12
right_child=2 3 6 4 -6 14 -8 10 11 -11 15 12 -14 -15 -16 -17
leaf_value=0.83453249189054002 -0.44587604664919667 -0.044247689357449327 -0.16190986192938109 0.18154412027423747 0.33391767910971554 0.023338589146396152 0.12394811434369857 0.11384378795940163 0.076220891883746644 -0.24776479307537447 0.032617107980441505 -0.096534228906097252 0.19430999496721651 -0.039864844103768726 -0.13493586760129986 -0.063678059616106827
leaf_weight=15.999999999999998 17 18 20 14.999999999999998 14.999999999999998 22 24 21 26 14.999999999999998 35 24 25 335 15.999999999999998 53
leaf_count=16 17 18 20 15 15 22 24 21 26 15 35 24 25 335 16 53
internal_value=-0.00217195 0.0671884 -0.0354709 0.00833087 0.0900409 0.0204262 -0.0199975 -0.0307985 -0.0280703 -0.137376 0.00151842 -0.0214914 0.0518474 -0.0314715 -0.0433513 -0.0253285
internal_weight=697 226 471 210 68 53 454 142 430 33 109 410 49 361 38 88
internal_count=697 226 471 210 68 53 454 142 430 33 109 410 49 361 38 88
is_linear=0
shrinkage=0.05


Tree=107
num_leaves=12
num_cat=0
split_feature=33 11 24 76 39 50 12 98 17 35 0
split_gain=963.469 474.779 196.144 537.106 345.396 265.241 220.041 300.663 185.24 169.852 109.207
threshold=-0.92499999999999971 18.850000000000005 38.850000000000001 -9.0249999999999968 -1.2866666666666662 24.250000000000004 54.750000000000007 13.900000000000002 38.050000000000004 15.79166666666667 2545.0000000000005
decision_type=2 2 2 2 2 2 2 2 2 2 2
left_child=-1 -2 3 -3 -5 -6 8 -8 10 -9 -4
right_child=1 2 6 4 5 -7 7 9 -10 -11 -12
leaf_value=0.38549320712593033 -0.25851183000190486 0.32148997928044815 -0.19155465192944238 0.2308313098959407 -0.20513086739360104 0.01642230553879671 0.18426046335442936 0.011691535410792124 0.025649815943391843 -0.063535871361067739 -0.058544069889177201
leaf_weight=15.999999999999998 18 15.999999999999998 35 17 14.999999999999998 128 21 262 26 105 28
leaf_count=16 18 16 35 17 15 128 21 262 26 105 28
internal_value=0.00325605 -0.00590703 0.0010869 0.0461921 0.0184474 -0.0069097 -0.0155514 0.000707619 -0.0864107 -0.00982912 -0.132705
internal_weight=687 671 653 176 160 143 477 388 89 367 63
internal_count=687 671 653 176 160 143 477 388 89 367 63
is_linear=0
shrinkage=0.05


Tree=108
num_leaves=15
num_cat=0
split_feature=33 0 33 33 94 79 65 90 9 27 95 66 15 27
split_gain=1653.97 240.097 883.376 492.761 369.764 404.442 238.67 220.989 190.52 151.506 156.344 148.71 90.0209 42.1097
threshold=-0.92499999999999971 1853.0000000000002 -0.35750000000000032 -0.55249999999999966 6.0450000000000008 3.5000000000000004 26.450000000000006 36.250000000000007 6.7250000000000005 7.6500000000000012 42.95000000000001 13.150000000000002 52.550000000000004 28.250000000000004
decision_type=2 2 2 2 2 2 2 2 2 2 2 2 2 2
left_child=-1 2 -2 -3 6 -6 8 -8 -4 12 11 -11 -5 -12
right_child=1 3 4 9 5 -7 7 -9 -10 10 13 -13 -14 -15
leaf_value=0.52413884582898473 0.38920992509178493 -0.31128880785445112 -0.24716162427127011 -0.19970640107030757 0.34410033900730363 -0.010500752574168376 -0.11772826710629719 0.034212533502956867 -0.038866723455800119 0.062508360188541681 -0.058344702990694691 -0.01804470925079683 -0.042780701834615777 -0.15938592633197768
leaf_weight=14.999999999999998 15.999999999999998 14.999999999999998 17 17 15.999999999999998 15.999999999999998 28 161 31 81 30 195 20 15.999999999999998
leaf_count=15 16 15 17 17 16 16 28 161 31 81 30 195 20 16
internal_value=0.00673679 -0.00511034 0.0294475 -0.0314587 0.00789375 0.167164 -0.0136514 0.011626 -0.113102 -0.0196693 -0.00862584 0.00559183 -0.11536 -0.0938674
internal_weight=674 659 285 374 269 32 237 189 48 359 322 276 37 46
internal_count=674 659 285 374 269 32 237 189 48 359 322 276 37 46
is_linear=0
shrinkage=0.05


Tree=109
num_leaves=13
num_cat=0
split_feature=12 32 117 8 62 31 104 15 11 28 45 56
split_gain=2182.99 523.009 266.848 613.008 241.45 311.661 473.479 234.854 209.029 198.668 170.795 147.49
threshold=30.450000000000003 1.5000000000000002 -1.3633333333333331 1.0000000180025095e-35 77.550000000000026 -0.080000000000001389 24.500000000000004 81.15000000000002 24.350000000000005 18.750000000000004 -0.0091666666666666546 17.450000000000003
decision_type=2 2 2 2 2 2 2 2 2 2 2 2
left_child=-1 -2 3 -3 5 6 -4 -7 -6 10 -5 -10
right_child=1 2 4 9 8 7 -8 -9 11 -11 -12 -13
leaf_value=0.54768790731113925 -0.28178662913933133 0.37136793420804265 -0.050903434518551983 0.040601433139879579 -0.19479367255599578 -0.013867927542150695 0.31976459808242208 0.18448620875429661 -0.1347779696681492 0.15549830003996579 -0.15921736832152414 -0.019571191348710337
leaf_weight=18 17 14.999999999999998 14.999999999999998 26 21 204 20 15.999999999999998 31 18 18 263
leaf_count=18 17 15 15 26 21 204 20 16 31 18 18 263
internal_value=0.00591134 -0.0088481 -0.00162645 0.0856685 -0.0134406 0.0227104 0.161072 0.000612376 -0.0427195 0.0159804 -0.0412049 -0.0317775
internal_weight=682 664 647 77 570 255 35 220 315 62 44 294
internal_count=682 664 647 77 570 255 35 220 315 62 44 294
is_linear=0
shrinkage=0.05


Tree=110
num_leaves=8
num_cat=0
split_feature=24 115 10 26 45 30 111
split_gain=760.008 662.819 731.624 603.657 448.762 290.51 338.334
threshold=14.650000000000002 22.158333333333339 5.3250000000000011 8.5000000000000018 0.024166666666666701 5.5000000000000009 -1.3133333333333332
decision_type=2 2 2 2 2 2 2
left_child=-1 3 -3 -2 5 6 -5
right_child=1 2 -4 4 -6 -7 -8
leaf_value=0.33937126340703194 0.30722833020346507 -0.47786121492749029 -0.048251746077717782 0.19815959242445913 -0.24819706436349542 0.16445974053272025 -0.010805343325366725
leaf_weight=15.999999999999998 15.999999999999998 14.999999999999998 29 20 18 27 533
leaf_count=16 16 15 29 20 18 27 533
internal_value=-2.58201e-05 -0.00833655 -0.195574 0.00510267 -0.00302262 0.0046191 -0.00320434
internal_weight=674 658 44 614 598 580 553
internal_count=674 658 44 614 598 580 553
is_linear=0
shrinkage=0.05


Tree=111
num_leaves=10
num_cat=0
split_feature=109 45 11 70 106 95 25 119 31
split_gain=740.777 4604.58 1000.16 426.309 314.599 270.025 504.75 300.713 184.258
threshold=-0.049999999999999371 1.0000000180025095e-35 18.100000000000005 0.081666666666666568 31.550000000000004 27.950000000000003 29.800000000000004 -0.1833333333333331 -0.021666666666666053
decision_type=2 2 2 2 2 2 2 2 2
left_child=1 8 -2 4 5 6 -4 -7 -1
right_child=2 -3 3 -5 -6 7 -8 -9 -10
leaf_value=-0.15093425993145126 -0.328637444011527 0.87364126850159174 -0.21670253453550314 0.26226064669375393 -0.21202374025767678 0.10779533718612722 -0.0058396640974293073 -0.0002599987491740893 0.030204347801494419
leaf_weight=29 24 17 37 14.999999999999998 18 81 121 312 27
leaf_count=29 24 17 37 15 18 81 121 312 27
internal_value=0.00509054 0.15548 -0.0129805 3.71768e-05 -0.00691165 -0.000164745 -0.0553564 0.02202 -0.0636123
internal_weight=681 73 608 584 569 551 158 393 56
internal_count=681 73 608 584 569 551 158 393 56
is_linear=0
shrinkage=0.05


Tree=112
num_leaves=12
num_cat=0
split_feature=12 32 71 25 88 67 70 37 106 37 24
split_gain=955.704 554.934 239.924 560.43 317.658 260.386 261.732 246.135 238.548 177.286 120.306
threshold=30.450000000000003 1.5000000000000002 3.5000000000000004 26.450000000000006 6.0250000000000012 26.650000000000002 0.0083333333333333055 -6.2750000000000012 10.250000000000002 -2.1749999999999967 52.150000000000013
decision_type=2 2 2 2 2 2 2 2 2 2 2
left_child=-1 -2 3 -3 8 7 -7 -4 -5 -9 -6
right_child=1 2 5 4 10 6 -8 9 -10 -11 -12
leaf_value=0.34847077717955827 -0.26897526631011298 0.26476705102806547 -0.23264128431579137 -0.0021377418159755669 -0.15563156458671834 -0.0050045184648356677 0.24665040699710625 0.094133197461848159 0.14757402784758566 -0.036158244871111862 -0.014621517029548701
leaf_weight=19 20 25 14.999999999999998 61 28 26 17 28 47 366 33
leaf_count=19 20 25 15 61 28 26 17 28 47 366 33
internal_value=-0.000241171 -0.0102477 -0.00218947 0.0442996 0.0115192 -0.0221592 0.0947124 -0.0344788 0.0630446 -0.0268647 -0.0795781
internal_weight=685 666 646 194 169 452 43 409 108 394 61
internal_count=685 666 646 194 169 452 43 409 108 394 61
is_linear=0
shrinkage=0.05


Tree=113
num_leaves=11
num_cat=0
split_feature=32 10 33 34 31 109 31 48 109 80
split_gain=846.854 879.312 327.265 206.804 299.801 556.642 231.185 174.05 175.816 147.464
threshold=1.5000000000000002 4.035000000000001 -0.48583333333333328 4.5000000000000009 -0.026666666666666835 -0.034166666666666672 -0.073333333333333681 6.705000000000001 -0.051666666666666299 0.29749999999999993
decision_type=2 2 2 2 2 2 2 2 2 2
left_child=-1 -2 -3 4 6 -6 -4 9 -9 -5
right_child=1 2 3 7 5 -7 -8 8 -10 -11
leaf_value=0.28750701231951536 -0.35794252447825109 0.20505172020822601 0.063919444036430226 -0.055037451227389469 0.31926271381536364 0.030793033031294294 -0.07004149225142503 -0.12401955210683749 -0.0068432346838193693 -0.22916964592109801
leaf_weight=24 18 18 50 34 21 81 90 36 284 19
leaf_count=24 18 18 50 34 21 81 90 36 284 19
internal_value=-0.00353756 -0.0143175 -0.00448328 -0.0106565 0.0253217 0.0904873 -0.0221511 -0.0340128 -0.0200758 -0.11787
internal_weight=675 651 633 615 242 102 140 373 320 53
internal_count=675 651 633 615 242 102 140 373 320 53
is_linear=0
shrinkage=0.05


Tree=114
num_leaves=16
num_cat=0
split_feature=3 33 37 30 35 70 35 109 50 28 64 64 117 109 38
split_gain=645.893 3773.67 1164.11 273.08 382.634 236.291 177.446 174.594 178.576 268.862 176.426 139.541 126.634 118.714 44.1125
threshold=2.5000000000000004 -0.38583333333333319 -11.708333333333327 2.5000000000000004 1.7333333333333327 0.068333333333332927 2.4833333333333329 -0.079166666666666149 22.450000000000003 6.4500000000000002 36.350000000000001 22.000000000000004 0.057499999999999225 0.017500000000000519 5.5000000000000009
decision_type=2 2 2 2 2 2 2 2 2 2 2 2 2 2 2
left_child=1 -1 -2 6 -5 7 -3 -4 9 -9 -10 -8 -13 14 -6
right_child=2 3 5 4 13 -7 11 8 10 -11 -12 12 -14 -15 -16
leaf_value=0.80551455920064674 -0.42838237206580232 -0.15068245078526238 -0.1845706186099359 0.25502375302376684 0.0086680251128999075 0.13291367268908569 -0.14487320251812208 0.0050598494747546331 0.029952516562443188 -0.26394224008802553 -0.039995612707143489 0.11196385608322319 -0.019575026210659652 0.13397485351325661 -0.097874902514432441
leaf_weight=15.999999999999998 18 26 17 23 27 24 14.999999999999998 19 154 18 217 26 61 14.999999999999998 14.999999999999998
leaf_count=16 18 26 17 23 27 24 15 19 154 18 217 26 61 15 15
internal_value=-0.00174224 0.0680307 -0.0352274 0.0109173 0.0833466 -0.0193632 -0.0343417 -0.0280034 -0.0214239 -0.12603 -0.0109468 -0.00451873 0.0197615 0.0136605 -0.0294064
internal_weight=691 224 467 208 80 449 128 425 408 37 371 102 87 57 42
internal_count=691 224 467 208 80 449 128 425 408 37 371 102 87 57 42
is_linear=0
shrinkage=0.05


Tree=115
num_leaves=7
num_cat=0
split_feature=24 10 30 113 36 62
split_gain=526.023 886.166 277.702 282.227 280.891 189.237
threshold=15.600000000000003 4.035000000000001 5.5000000000000009 -15.333333333333332 1.5000000000000002 34.500000000000007
decision_type=2 2 2 2 2 2
left_child=-1 -2 3 -3 -5 -6
right_child=1 2 -4 4 5 -7
leaf_value=0.22582205869102873 -0.37839998858315604 0.14797004792303178 0.15086322748682254 -0.22302684806148459 0.16338821286397265 -0.015946778961279488
leaf_weight=24 15.999999999999998 27 28 15.999999999999998 14.999999999999998 565
leaf_count=24 16 27 28 16 15 565
internal_value=-0.00365472 -0.0119519 -0.00288105 -0.00982203 -0.0170023 -0.0112728
internal_weight=691 667 651 623 596 580
internal_count=691 667 651 623 596 580
is_linear=0
shrinkage=0.05


Tree=116
num_leaves=11
num_cat=0
split_feature=36 11 70 58 50 73 76 50 105 37
split_gain=995.344 713.478 175.672 285.596 584.869 242.298 240.182 168.304 152.322 231.992
threshold=1.5000000000000002 18.100000000000005 0.0033333333333334107 5.9450000000000012 36.050000000000004 1.5000000000000002 -6.8750000000000027 19.250000000000004 38.650000000000006 -2.7000000000000095
decision_type=2 2 2 2 2 2 2 2 2 2
left_child=-1 -2 7 5 -5 -4 -7 -3 9 -9
right_child=1 2 3 4 -6 6 -8 8 -10 -11
leaf_value=0.28768434838468071 -0.28914075275677459 -0.18030266906675055 -0.17936463547728909 0.36541581422264813 -0.032496789483288623 0.20847346212295506 0.0029566929150648975 0.15484700440112209 -0.14974687648304988 -0.025583192862036742
leaf_weight=28 23 18 17 17 20 14.999999999999998 244 19 22 264
leaf_count=28 23 18 17 17 20 15 244 19 22 264
internal_value=-0.00373902 -0.0161706 -0.00624723 0.0204343 0.150685 0.00290671 0.0149544 -0.0321165 -0.0232984 -0.0134014
internal_weight=687 659 636 313 37 276 259 323 305 283
internal_count=687 659 636 313 37 276 259 323 305 283
is_linear=0
shrinkage=0.05


Tree=117
num_leaves=19
num_cat=0
split_feature=70 37 37 49 109 97 62 50 50 96 56 23 107 45 89 95 116 1
split_gain=517.181 2710.22 1504.23 410.886 315.017 408.816 298.247 294.299 291.178 326.245 203.618 182.987 210.945 156.762 134.894 129.343 114.494 66.6535
threshold=0.029999999999999808 -11.708333333333327 -4.4499999999999984 4.3050000000000006 0.033333333333332778 4.6450000000000005 68.550000000000026 22.650000000000002 30.850000000000005 51.550000000000004 11.350000000000003 79.450000000000017 51.500000000000007 -0.0050000000000000175 24.050000000000004 33.750000000000007 2.5000000000000004 2.5000000000000004
decision_type=2 2 2 2 2 2 2 2 2 2 2 2 2 2 2 2 2 2
left_child=1 -1 -2 -4 7 -6 -7 13 9 -9 -10 14 -13 -3 -5 -8 -14 -16
right_child=2 4 3 11 5 6 15 8 10 -11 -12 12 16 -15 17 -17 -18 -19
leaf_value=-0.66768319319864233 0.54765778926034636 -0.074467796434562986 0.26416268526397135 -0.1966857291955427 0.30678259446131478 0.17632146095374668 0.032953101261724176 -0.039234449539426383 -0.18158825030423939 0.19405812388547114 -0.02363553952345426 0.19799438662188984 0.084770188072466279 -0.27174748147440236 0.033417702605368187 -0.10080031400420658 -0.055074397866691105 -0.085376531453359689
leaf_weight=15.999999999999998 14.999999999999998 25 15.999999999999998 14.999999999999998 14.999999999999998 25 43 28 22 32 269 18 25 17 24 31 35 23
leaf_count=16 15 25 16 15 15 25 43 28 22 32 269 18 25 17 24 31 35 23
internal_value=-0.00432893 -0.0290172 0.0711232 0.0249491 -0.0087245 0.0644038 0.0273568 -0.029961 -0.0149577 0.0852209 -0.0356524 -0.00252296 0.048378 -0.154894 -0.0666149 -0.0230717 0.00315508 -0.0246673
internal_weight=694 523 171 156 507 114 99 393 351 60 291 140 78 42 62 74 60 47
internal_count=694 523 171 156 507 114 99 393 351 60 291 140 78 42 62 74 60 47
is_linear=0
shrinkage=0.05


Tree=118
num_leaves=12
num_cat=0
split_feature=10 12 31 49 98 12 64 61 1 12 80
split_gain=677.2 900.143 249.826 503.787 732.092 222.471 239.831 180.06 162.157 159.112 46.919
threshold=3.8200000000000003 34.750000000000007 -0.0016666666666664829 4.9150000000000009 36.350000000000001 40.20000000000001 14.250000000000002 0.15500000000000003 2.5000000000000004 43.050000000000004 -1.0000000180025095e-35
decision_type=2 2 2 2 2 2 2 2 2 2 2
left_child=-1 -2 5 4 -4 -3 -7 10 -9 -8 -5
right_child=1 2 3 7 -6 6 9 8 -10 -11 -12
leaf_value=-0.28756911860540579 0.38178855839944048 -0.1860137319677814 0.01324736588629917 -0.024328956864361834 0.4747971384927927 -0.17693751094403207 0.14785694302898519 -0.0080165036265772271 0.13621759820981041 -0.017311487941498682 -0.11785227438620537
leaf_weight=21 14.999999999999998 21 20 27 14.999999999999998 23 14.999999999999998 52 31 421 27
leaf_count=21 15 21 20 27 15 23 15 52 31 421 27
internal_value=-0.00868445 0.000130323 -0.00869969 0.0429768 0.211986 -0.0272326 -0.0199183 -0.00028741 0.045893 -0.011585 -0.0713144
internal_weight=688 667 652 172 35 480 459 137 83 436 54
internal_count=688 667 652 172 35 480 459 137 83 436 54
is_linear=0
shrinkage=0.05


Tree=119
num_leaves=11
num_cat=0
split_feature=12 32 74 26 31 60 37 115 115 95
split_gain=1173.11 558.906 224.429 470.056 204.971 209.923 192.507 154.991 167.258 99.5842
threshold=30.450000000000003 1.5000000000000002 7.2250000000000005 12.900000000000002 0.030833333333332828 62.650000000000006 -4.9666666666666641 -8.6833333333333318 -5.5499999999999963 29.150000000000002
decision_type=2 2 2 2 2 2 2 2 2 2
left_child=-1 -2 3 -3 5 -5 -4 9 -9 -8
right_child=1 2 6 4 -6 -7 7 8 -10 -11
leaf_value=0.38272598717936235 -0.27154816451497105 0.27057868919447453 -0.1981966161209604 0.016068331550344268 0.15618694829000973 -0.14371005501682402 -0.023734311854459376 0.13240940231847537 -0.015779309702138759 -0.16129026521143117
leaf_weight=20 19 19 15.999999999999998 294 24 22 25 21 195 28
leaf_count=20 19 19 16 294 24 22 25 21 195 28
internal_value=0.00640379 -0.00499678 0.00290049 0.0292032 0.0156243 0.00488676 -0.0302128 -0.0201326 -0.00129433 -0.0966664
internal_weight=683 663 644 359 340 316 285 269 216 53
internal_count=683 663 644 359 340 316 285 269 216 53
is_linear=0
shrinkage=0.05


Tree=120
num_leaves=9
num_cat=0
split_feature=32 12 33 76 30 71 57 38
split_gain=610.487 745.976 297.699 138.13 181.25 195.415 111.663 62.3803
threshold=1.5000000000000002 35.900000000000013 -0.48583333333333328 18.741666666666664 5.5000000000000009 1.5000000000000002 41.050000000000004 4.5000000000000009
decision_type=2 2 2 2 2 2 2 2
left_child=-1 -2 -3 4 5 -4 -5 -8
right_child=1 2 3 6 -6 -7 7 -9
leaf_value=0.2483341038969048 -0.25998488949127896 0.21544563296418753 -0.10500583633056382 -0.15374736243783083 0.1519461337388692 0.011335811148715479 0.016082789945347575 -0.068048280542170922
leaf_weight=24 28 15.999999999999998 39 22 21 469 42 46
leaf_count=24 28 16 39 22 21 469 42 46
internal_value=0.0010015 -0.00771731 0.00309706 -0.00224502 0.00834996 0.00237532 -0.053204 -0.0278654
internal_weight=707 683 655 639 529 508 110 88
internal_count=707 683 655 639 529 508 110 88
is_linear=0
shrinkage=0.05


Tree=121
num_leaves=13
num_cat=0
split_feature=109 10 30 74 24 67 0 10 12 72 118 84
split_gain=690.652 1301.05 238.926 454.953 1209.96 322.69 354.218 255.034 214.455 209.139 150.686 150.125
threshold=-0.078333333333332686 3.8750000000000004 2.5000000000000004 -0.47499999999999959 39.000000000000007 23.300000000000004 1877.0000000000002 4.5200000000000005 41.850000000000001 -0.18749999999999953 4.5000000000000009 -0.0083333333333333436
decision_type=2 2 2 2 2 2 2 2 2 2 2 2
left_child=-1 -2 5 4 -4 7 -7 -3 -5 -6 -9 -10
right_child=1 2 3 8 9 6 -8 10 11 -11 -12 -13
leaf_value=0.26586964533536761 -0.45057593580358524 -0.19983121501913978 0.51926699845414415 -0.14631984243743226 -0.058799360400841327 0.23837199502960776 -0.027473284526803029 -0.0026464769098746986 -0.031614916202842555 0.16717428008777013 -0.077035143106795947 0.071173860459909255
leaf_weight=24 15.999999999999998 22 17 21 28 24 26 234 65 15.999999999999998 96 78
leaf_count=24 16 22 17 21 28 24 26 234 65 16 96 78
internal_value=0.00307888 -0.00676184 0.00462563 0.045877 0.162336 -0.018456 0.100254 -0.0353561 0.00245703 0.0234522 -0.0243187 0.0244273
internal_weight=667 643 627 225 61 402 50 352 164 44 330 143
internal_count=667 643 627 225 61 402 50 352 164 44 330 143
is_linear=0
shrinkage=0.05


Tree=122
num_leaves=13
num_cat=0
split_feature=36 12 53 97 33 102 4 117 72 96 89 25
split_gain=976.287 481.646 171.458 251.155 350.703 209.989 188.454 332.618 140.854 83.2822 78.5901 41.3101
threshold=1.5000000000000002 31.100000000000005 51.300000000000004 4.7250000000000005 0.14833333333333301 36.900000000000006 1.5000000000000002 0.20166666666666713 0.18416666666666662 41.050000000000004 27.750000000000004 48.20000000000001
decision_type=2 2 2 2 2 2 2 2 2 2 2 2
left_child=-1 -2 3 4 -3 -6 8 -8 -5 -4 -11 -12
right_child=1 2 9 6 5 -7 7 -9 -10 10 11 -13
leaf_value=0.30959996194003586 -0.28718816869404934 0.29661368164956942 0.017224401942233451 -0.21680088670630204 0.17181372482717308 -0.0092250907937907935 0.064335935156527566 -0.029665584709801615 -0.030155027221398525 -0.18434386821772089 -0.02848414126164104 -0.10524035720378673
leaf_weight=25 14.999999999999998 15.999999999999998 29 17 22 58 149 255 25 14.999999999999998 45 29
leaf_count=25 15 16 29 17 22 58 149 255 25 15 45 29
internal_value=0.00340255 -0.00797487 -0.001579 0.0103066 0.0836273 0.0406505 -0.00547946 0.00499826 -0.106156 -0.0561769 -0.0801428 -0.0587332
internal_weight=700 675 660 542 96 80 446 404 42 118 89 74
internal_count=700 675 660 542 96 80 446 404 42 118 89 74
is_linear=0
shrinkage=0.05


Tree=123
num_leaves=13
num_cat=0
split_feature=70 33 33 111 33 76 103 54 74 72 72 98
split_gain=428.556 2085.33 1604.82 271.187 242.866 311.356 176.965 159.202 152.596 167.072 144.861 56.848
threshold=0.029999999999999808 -0.68083333333333351 -0.35750000000000032 -1.3133333333333332 0.18500000000000008 -2.3499999999999974 8.5000000000000018 55.500000000000007 -13.016666666666662 -0.61583333333333312 0.72833333333333272 32.650000000000013
decision_type=2 2 2 2 2 2 2 2 2 2 2 2
left_child=1 -1 -2 -3 -4 -6 -5 11 -8 -10 -9 -7
right_child=2 3 4 6 5 7 8 10 9 -11 -12 -13
leaf_value=-0.54092363972626434 0.55521852419964535 0.18145789797134823 -0.1237632267462568 -0.18416325173630621 0.19418737362671604 -0.006785184051353893 -0.16653567086781887 0.13354127244200817 0.12313352018532911 -0.012195345396359074 -0.019094762426577625 -0.12387226916591583
leaf_weight=19 14.999999999999998 18 26 14.999999999999998 27 19 14.999999999999998 30 24 424 32 23
leaf_count=19 15 18 26 15 27 19 15 30 24 424 32 23
internal_value=-0.00542232 -0.0282515 0.0628801 -0.00849767 0.0154861 0.0432348 -0.0156977 0.00384826 -0.0101905 -0.00490857 0.054777 -0.071165
internal_weight=687 515 172 496 157 131 478 104 463 448 62 42
internal_count=687 515 172 496 157 131 478 104 463 448 62 42
is_linear=0
shrinkage=0.05


Tree=124
num_leaves=10
num_cat=0
split_feature=12 32 109 57 23 115 10 13 107
split_gain=677.299 655.314 173.117 159.549 225.911 387.347 183.277 171.451 114.57
threshold=30.450000000000003 1.5000000000000002 -0.079166666666666149 31.650000000000002 57.400000000000013 7.525000000000003 6.1250000000000009 7.870000000000001 53.500000000000007
decision_type=2 2 2 2 2 2 2 2 2
left_child=-1 -2 -3 6 5 -5 8 -6 -4
right_child=1 2 3 4 7 -7 -8 -9 -10
leaf_value=0.27548807743447939 -0.32097197400857203 -0.13566627820692451 -0.055010898722057833 0.26927222950695867 -0.00011785180845496913 -0.042746843270010715 0.042652506843844862 0.13631324493538791 -0.23659303721628691
leaf_weight=22 15.999999999999998 22 18 22 516 18 21 24 17
leaf_count=22 16 22 18 22 516 18 21 24 17
internal_value=0.00311373 -0.00580896 0.00189459 0.00668142 0.0144743 0.128983 -0.073823 0.00596061 -0.143773
internal_weight=696 674 658 636 580 40 56 540 35
internal_count=696 674 658 636 580 40 56 540 35
is_linear=0
shrinkage=0.05


Tree=125
num_leaves=10
num_cat=0
split_feature=33 109 4 50 50 78 44 78 28
split_gain=1069.29 192.059 153.158 248.278 149.432 175.425 103.344 118.367 94.9012
threshold=-0.63916666666666655 -0.079166666666666149 2.5000000000000004 15.550000000000002 22.650000000000002 1.3283333333333343 1.5000000000000002 -0.11666666666666624 5.4000000000000012
decision_type=2 2 2 2 2 2 2 2 2
left_child=-1 -2 6 -4 -5 -6 -3 -8 -9
right_child=1 2 3 4 5 -7 7 8 -10
leaf_value=0.3108667588761812 -0.14818365499686403 -0.15113412281396277 0.20556242584392725 -0.13043850291679257 0.026617299246068093 -0.035579365490784769 -0.15361326121731311 -0.056209688754649184 0.083379684483034039
leaf_weight=27 24 25 14.999999999999998 21 332 172 14.999999999999998 27 22
leaf_count=27 24 25 15 21 332 172 15 27 22
internal_value=0.00310657 -0.00965657 -0.0043403 0.00567142 -6.82844e-05 0.00537869 -0.0650799 -0.0312036 0.00640343
internal_weight=680 653 629 540 525 504 89 64 49
internal_count=680 653 629 540 525 504 89 64 49
is_linear=0
shrinkage=0.05


Tree=126
num_leaves=9
num_cat=0
split_feature=36 12 49 50 27 37 64 29
split_gain=698.042 447.279 192.643 228.246 229.974 186.45 299.986 167.298
threshold=1.5000000000000002 31.100000000000005 3.7450000000000006 22.450000000000003 15.900000000000002 11.674999999999999 43.100000000000001 55.500000000000007
decision_type=2 2 2 2 2 2 2 2
left_child=-1 -2 -3 4 -4 6 -5 -7
right_child=1 2 3 5 -6 7 -8 -9
leaf_value=0.26125503505368636 -0.27640113086988599 0.17538983131086591 0.03878296754316779 0.066863333687095058 -0.20475727820363432 -0.050347080448673726 -0.026693503251011483 0.064123764968528521
leaf_weight=25 14.999999999999998 14.999999999999998 14.999999999999998 196 27 196 152 38
leaf_count=25 15 15 15 196 27 196 152 38
internal_value=0.00248977 -0.00743265 -0.00106876 -0.00534598 -0.117774 0.00277765 0.0259891 -0.031717
internal_weight=679 654 639 624 42 582 348 234
internal_count=679 654 639 624 42 582 348 234
is_linear=0
shrinkage=0.05


Tree=127
num_leaves=9
num_cat=0
split_feature=12 45 109 30 73 76 26 17
split_gain=1776.72 330.319 221.513 185.337 201.781 236.608 184.226 127.697
threshold=30.450000000000003 0.024166666666666701 -0.063333333333333006 5.5000000000000009 1.5000000000000002 -7.7749999999999941 35.850000000000009 33.250000000000007
decision_type=2 2 2 2 2 2 2 2
left_child=-1 2 7 4 6 -6 -4 -2
right_child=1 -3 3 -5 5 -7 -8 -9
leaf_value=0.50376230210762973 -0.037986439342815349 -0.19818171812342358 -0.21933718057562462 0.12524782249374361 0.13756049142258056 -0.0045630923787741886 0.0039753756850783584 -0.21174763353122153
leaf_weight=17 24 23 20 29 31 501 17 19
leaf_count=17 24 23 20 29 31 501 17 19
internal_value=0.000531587 -0.0124187 -0.0057156 0.00216616 -0.00411902 0.00373344 -0.116865 -0.115194
internal_weight=681 664 641 598 569 532 37 43
internal_count=681 664 641 598 569 532 37 43
is_linear=0
shrinkage=0.05


Tree=128
num_leaves=14
num_cat=0
split_feature=109 33 48 72 113 0 101 13 37 122 15 50 4
split_gain=641.891 775.203 151.388 237.129 389.39 508.131 350.072 139.391 117.864 130.542 117.353 70.1658 49.842
threshold=-0.078333333333332686 -0.7616666666666666 6.705000000000001 0.7683333333333332 -5.2916666666666661 1818.5000000000002 49.050000000000004 2.0500000000000003 12.15 4.5000000000000009 31.400000000000002 37.45000000000001 9.5000000000000018
decision_type=2 2 2 2 2 2 2 2 2 2 2 2 2
left_child=-1 -2 8 4 5 -4 -6 -5 9 12 -9 -10 -3
right_child=1 2 3 7 6 -7 -8 10 11 -11 -12 -13 -14
leaf_value=0.2291014372073498 -0.30197927914054146 0.092436267739815225 0.30779031742762819 -0.16261829516182394 -0.22784585202766575 0.036741051359756575 0.019782303673061604 0.10408407892400061 -0.21168821436810015 -0.1342297553229406 -0.033324959458114659 -0.064915617115316335 -0.024972555389878345
leaf_weight=29 22 19 27 19 14.999999999999998 48 260 17 15.999999999999998 15.999999999999998 169 17 17
leaf_count=29 22 19 27 19 15 48 260 17 16 16 169 17 17
internal_value=-0.000724758 -0.0108333 -0.000771738 0.00874049 0.0337568 0.134665 0.00617923 -0.0339416 -0.062877 -0.0157888 -0.02069 -0.136654 0.0369391
internal_weight=691 662 640 555 350 75 275 205 85 52 186 33 36
internal_count=691 662 640 555 350 75 275 205 85 52 186 33 36
is_linear=0
shrinkage=0.05


Tree=129
num_leaves=14
num_cat=0
split_feature=109 33 44 99 109 45 12 93 101 88 52 31 55
split_gain=707.613 767.187 130.082 207.058 186.005 462.621 158.822 158.233 120.556 120.418 118.751 117.962 62.7298
threshold=-0.078333333333332686 -0.68083333333333351 1.5000000000000002 63.70000000000001 -0.049166666666666352 -0.0016666666666666633 61.350000000000001 61.300000000000004 73.40000000000002 4.1050000000000013 6.0650000000000004 0.0066666666666672656 5.5950000000000006
decision_type=2 2 2 2 2 2 2 2 2 2 2 2 2
left_child=-1 -2 6 4 5 -4 7 11 10 -6 -8 -3 -10
right_child=1 2 3 -5 9 -7 8 -9 12 -11 -12 -13 -14
leaf_value=0.26939385880820488 -0.26696045728627166 -0.16111734322175353 -0.044698503284164554 0.17655552069642652 -0.079498461554026664 0.33017545887176569 0.13653628071173496 0.02868618652595524 0.0055462633192608366 0.011997301665586076 -0.037266047614694431 0 -0.093817347107061827
leaf_weight=24 27 47 18 20 40 14.999999999999998 28 24 43 348 14.999999999999998 14.999999999999998 25
leaf_count=24 27 47 18 20 40 15 28 24 43 348 15 15 25
internal_value=0.00323707 -0.00640013 0.00465899 0.0197546 0.0122536 0.12603 -0.0291012 -0.08007 0.0103797 0.00253381 0.0758458 -0.122228 -0.0309952
internal_weight=689 665 638 441 421 33 197 86 111 388 43 62 68
internal_count=689 665 638 441 421 33 197 86 111 388 43 62 68
is_linear=0
shrinkage=0.05


Tree=130
num_leaves=9
num_cat=0
split_feature=12 32 109 107 59 123 33 38
split_gain=719.925 497.447 183.263 154.484 363.762 251.959 221.873 165.399
threshold=30.450000000000003 1.5000000000000002 -0.079166666666666149 52.500000000000007 40.95000000000001 0.031666666666666669 -0.34750000000000009 5.5000000000000009
decision_type=2 2 2 2 2 2 2 2
left_child=-1 -2 -3 4 7 6 -5 -4
right_child=1 2 3 5 -6 -7 -8 -9
leaf_value=0.30417392959145351 -0.25863439974360442 -0.13817379335304358 0.04659890346541512 -0.18735135013520407 0.2220500532522241 0.17493367934087564 -0.012645916469617831 -0.05141545764789969
leaf_weight=19 19 23 140 19 24 17 378 62
leaf_count=19 19 23 140 19 24 17 378 62
internal_value=0.00140713 -0.00706375 0.00017604 0.00517661 0.0384211 -0.0129642 -0.0210648 0.01648
internal_weight=701 682 663 640 226 414 397 202
internal_count=701 682 663 640 226 414 397 202
is_linear=0
shrinkage=0.05


Tree=131
num_leaves=12
num_cat=0
split_feature=68 26 87 37 65 82 113 50 33 16 37
split_gain=611.473 1863.26 509.76 1753.56 337.651 283.082 255.895 200.063 461.391 167.24 95.9133
threshold=56.500000000000007 20.350000000000005 6.6250000000000009 -11.708333333333327 30.900000000000002 0.020833333333333485 -15.333333333333332 26.450000000000003 0.25833333333333358 4.3650000000000011 6.8250000000000002
decision_type=2 2 2 2 2 2 2 2 2 2 2
left_child=2 -2 -1 -4 5 -3 -5 8 -8 -9 -6
right_child=1 4 3 6 10 -7 7 9 -10 -11 -12
leaf_value=0.26826195777054657 0.59116956633433959 -0.024175185807373212 -0.5405204444938565 0.1554630850707244 -0.18452946247521396 0.2680289853211732 -0.29911289677691105 -0.083350528262208068 -0.01687995324969549 0.0053274950377603953 -0.023496653028338203
leaf_weight=14.999999999999998 17 15.999999999999998 15.999999999999998 22 15.999999999999998 17 20 61 52 409 22
leaf_count=15 17 16 16 22 16 17 20 61 52 409 22
internal_value=-0.000311622 0.122621 -0.0185191 -0.0259895 0.00968882 0.126558 -0.0112908 -0.018096 -0.0956535 -0.00618643 -0.0917375
internal_weight=683 88 595 580 71 33 564 542 72 470 38
internal_count=683 88 595 580 71 33 564 542 72 470 38
is_linear=0
shrinkage=0.05


Tree=132
num_leaves=13
num_cat=0
split_feature=70 71 37 37 33 4 15 58 34 13 98 113
split_gain=430.566 300.804 963.234 668.156 426.302 325.499 245.031 164.734 135.717 139.555 97.7448 43.9285
threshold=-0.085833333333333858 3.5000000000000004 -10.099999999999996 -6.2750000000000012 -0.023333333333332981 11.500000000000002 67.750000000000014 6.455000000000001 5.5000000000000009 1.5550000000000004 24.950000000000003 2.7000000000000051
decision_type=2 2 2 2 2 2 2 2 2 2 2 2
left_child=-1 3 -3 -2 -5 6 -6 8 9 -4 -10 -7
right_child=1 2 7 4 5 11 -8 -9 10 -11 -12 -13
leaf_value=0.22965821658812113 0.3212074654420633 -0.42619447566026097 -0.12338080841785148 -0.19551535543998308 0.027946920950235606 -0.16980162882646976 0.17773797670677019 0.14218932067518994 0.044993401741065225 0.0019594790771186288 -0.08700382799279742 -0.047948471145914093
leaf_weight=19 19 14.999999999999998 24 22 91 15.000000000000002 39 14.999999999999998 15.999999999999998 282 108 14.999999999999998
leaf_count=19 19 15 24 22 91 15 39 15 16 282 108 15
internal_value=-0.0043696 -0.0111379 -0.0334382 0.0398641 0.0103053 0.0387414 0.0730247 -0.0200952 -0.0257996 -0.00789189 -0.0699091 -0.109403
internal_weight=680 661 460 201 182 160 130 445 430 306 124 30
internal_count=680 661 460 201 182 160 130 445 430 306 124 30
is_linear=0
shrinkage=0.05


Tree=133
num_leaves=8
num_cat=0
split_feature=33 109 12 62 80 97 72
split_gain=571.866 173.224 168.605 145.296 140.537 216.552 202.404
threshold=-0.92499999999999971 -0.079166666666666149 35.900000000000013 34.500000000000007 0.40916666666666718 4.6750000000000007 -0.28000000000000019
decision_type=2 2 2 2 2 2 2
left_child=-1 -2 -3 -4 5 -5 -6
right_child=1 2 3 4 6 -7 -8
leaf_value=0.28656074568542128 -0.13786178114997896 -0.12115377610900649 0.15230345002242496 0.10071678080444008 -0.18360283732837979 0.00060506102298920033 -0.017920783944909143
leaf_weight=17 24 28 15.999999999999998 63 21 376 147
leaf_count=17 24 28 16 63 21 376 147
internal_value=0.00100131 -0.00622453 -0.00134343 0.00405185 0.00011139 0.0150029 -0.0387577
internal_weight=692 675 651 623 607 439 168
internal_count=692 675 651 623 607 439 168
is_linear=0
shrinkage=0.05


Tree=134
num_leaves=13
num_cat=0
split_feature=33 32 31 24 98 24 36 72 26 119 50 23
split_gain=833.921 161.391 164.243 390.042 184.568 288.288 214.892 157.282 169.463 140.085 138.218 34.1016
threshold=-0.92499999999999971 1.5000000000000002 -0.008333333333333302 20.550000000000004 27.750000000000004 27.900000000000002 3.5000000000000004 1.265833333333334 21.050000000000004 0.105 25.100000000000005 76.550000000000011
decision_type=2 2 2 2 2 2 2 2 2 2 2 2
left_child=-1 -2 4 -4 6 -6 -3 8 -5 -8 -7 -9
right_child=1 2 3 7 5 10 9 11 -10 -11 -12 -13
leaf_value=0.36018848019357053 -0.1656089320285431 0.18627832776574949 0.28225617996904234 0.1553687226498264 -0.19524436044681576 -0.12391119204288306 0.061462258951892217 -0.02774444796746562 0.01470715997431995 -0.060377753909737764 -0.01107330611311348 -0.1300013360572837
leaf_weight=15.999999999999998 14.999999999999998 20 14.999999999999998 26 26 30 52 15.999999999999998 120 43 278 17
leaf_count=16 15 20 15 26 26 30 52 16 120 43 278 17
internal_value=0.00465978 -0.00403111 -0.000228861 0.0381958 -0.016847 -0.0356632 0.0377419 0.0175698 0.0398799 0.00625555 -0.0221169 -0.0808069
internal_weight=674 658 643 194 449 334 115 179 146 95 308 33
internal_count=674 658 643 194 449 334 115 179 146 95 308 33
is_linear=0
shrinkage=0.05


Tree=135
num_leaves=12
num_cat=0
split_feature=35 109 107 59 9 33 60 96 117 59 113
split_gain=597.405 174.989 195.968 281.069 432.666 225.732 168.412 158.082 147.375 109.1 52.0703
threshold=-12.358333333333329 -0.079166666666666149 53.500000000000007 40.95000000000001 6.7750000000000012 -0.34750000000000009 18.250000000000004 37.050000000000004 -0.3241666666666671 36.650000000000013 2.7000000000000051
decision_type=2 2 2 2 2 2 2 2 2 2 2
left_child=-1 -2 3 6 -5 -4 -3 10 -9 -8 -7
right_child=1 2 5 4 -6 7 9 8 -10 -11 -12
leaf_value=0.31092936538702609 -0.13939409877996722 0.16936473664858484 -0.19818413181922823 -0.001184622191892558 0.32055858829258627 -0.18458964817705209 0.011453118285714228 0.05515001006208782 -0.031006140856432992 -0.073328385567280316 -0.055818681073504565
leaf_weight=14.999999999999998 24 14.999999999999998 19 23 19 17 239 69 176 45 14.999999999999998
leaf_count=15 24 15 19 23 19 17 239 69 176 45 15
internal_value=-2.85459e-05 -0.00713861 -0.00212672 0.0236999 0.144663 -0.0318946 0.00664907 -0.020403 -0.00670875 -0.00198405 -0.124746
internal_weight=676 661 637 341 42 296 299 277 245 284 32
internal_count=676 661 637 341 42 296 299 277 245 284 32
is_linear=0
shrinkage=0.05


Tree=136
num_leaves=10
num_cat=0
split_feature=109 10 70 101 82 37 72 68 104
split_gain=556.507 733.955 247.221 215.157 229.917 286.216 222.604 191.882 73.3813
threshold=-0.078333333333332686 3.8750000000000004 0.08250000000000092 90.750000000000014 0.82416666666666683 9.1499999999999968 0.043333333333333009 58.500000000000007 43.100000000000001
decision_type=2 2 2 2 2 2 2 2 2
left_child=-1 -2 3 4 7 -6 -5 -3 -8
right_child=1 2 -4 6 5 -7 8 -9 -10
leaf_value=0.22392902465818995 -0.29739404337666048 -0.0070666970331004072 0.20225686770401255 -0.23482124934957915 0.29504481044826131 0.0031305675419213254 -0.08365254953715473 0.15858594065130743 0.060650279022605218
leaf_weight=27 21 511 14.999999999999998 19 14.999999999999998 19 21 18 14.999999999999998
leaf_count=27 21 511 15 19 15 19 21 18 15
internal_value=0.00189663 -0.00729504 0.00236666 -0.0025089 0.00671033 0.13255 -0.0968119 -0.00139177 -0.0233864
internal_weight=681 654 633 618 563 34 55 529 36
internal_count=681 654 633 618 563 34 55 529 36
is_linear=0
shrinkage=0.05


Tree=137
num_leaves=15
num_cat=0
split_feature=12 32 34 101 72 92 107 10 48 109 113 74 80 96
split_gain=649.365 466.093 213.982 416.091 399.536 213.692 202.979 236.418 152.368 149.722 143.646 130.11 108.256 82.2459
threshold=30.450000000000003 1.5000000000000002 4.5000000000000009 73.200000000000003 0.028333333333333325 21.450000000000003 52.500000000000007 4.9450000000000012 6.705000000000001 -0.072499999999999773 9.8083333333333389 -5.9166666666666652 0.29749999999999993 51.350000000000001
decision_type=2 2 2 2 2 2 2 2 2 2 2 2 2 2
left_child=-1 -2 3 4 -3 -6 10 -8 12 -10 -5 -11 13 -4
right_child=1 2 8 6 5 -7 7 -9 9 11 -12 -13 -14 -15
leaf_value=0.27372633957467374 -0.25143843493692536 0.29194728571349654 -0.12306310530775078 0.15329195427944059 0.21303200210221332 0.011772717449897436 -0.22066593158228623 -0.022308181196437599 -0.15208148205477889 0.086534186902633758 -0.0034372134209482495 -0.015640358151131937 -0.1917760550163651 0.039283112214495812
leaf_weight=21 19 24 16.000000000000004 24 17 58 18 89 18 35 37 277 21 14.999999999999998
leaf_count=21 19 24 16 24 17 58 18 89 18 35 37 277 21 15
internal_value=0.000619856 -0.00799803 -0.000825773 0.0335001 0.114761 0.057681 -0.0143956 -0.0558983 -0.0248335 -0.0122668 0.0582949 -0.0041384 -0.104311 -0.044474
internal_weight=689 668 649 267 99 75 168 107 382 330 61 312 52 31
internal_count=689 668 649 267 99 75 168 107 382 330 61 312 52 31
is_linear=0
shrinkage=0.05


Tree=138
num_leaves=12
num_cat=0
split_feature=32 12 64 33 37 34 101 4 48 67 113
split_gain=502.707 563.13 166.916 466.524 366.572 234.564 265.945 245.537 99.2664 120.934 70.3672
threshold=1.5000000000000002 31.100000000000005 43.100000000000001 -0.37666666666666687 -2.9333333333333331 4.5000000000000009 73.800000000000026 6.5000000000000009 6.7750000000000012 18.900000000000002 -9.6416666666666657
decision_type=2 2 2 2 2 2 2 2 2 2 2
left_child=-1 -2 3 -3 -4 6 -5 -7 10 -10 -6
right_child=1 2 4 5 8 7 -8 -9 9 -11 -12
leaf_value=0.22290163692309561 -0.29715578617146299 0.26278265684999097 -0.21614257130632755 0.14619367106978695 -0.14960191463804898 -0.074392639879140632 0.0037579686942542101 0.024514234437569102 -0.0094888480981924709 0.10562275247617417 -0.030492941485180849
leaf_weight=25 15.999999999999998 19 24 56 14.999999999999998 111 79 144 94 30 71
leaf_count=25 16 19 24 56 15 111 79 144 94 30 71
internal_value=0.00327619 -0.00508055 0.00222457 0.0214993 -0.0314384 0.00966726 0.0629439 -0.018532 -0.0102127 0.0183831 -0.0514755
internal_weight=684 659 643 409 234 390 135 255 210 124 86
internal_count=684 659 643 409 234 390 135 255 210 124 86
is_linear=0
shrinkage=0.05


Tree=139
num_leaves=15
num_cat=0
split_feature=109 33 31 78 24 50 121 109 90 111 86 96 80 37
split_gain=526.233 860.765 168.288 325.704 404.669 204.659 222.447 274.879 153.706 157.721 144.29 148.291 125.044 62.8048
threshold=-0.078333333333332686 -0.7616666666666666 -0.0016666666666673711 -0.46333333333333376 52.350000000000001 25.350000000000005 0.14333333333333401 -0.010833333333333249 34.000000000000007 -0.85500000000000009 1.0000000180025095e-35 41.95000000000001 -1.0000000180025095e-35 16.175000000000004
decision_type=2 2 2 2 2 2 2 2 2 2 2 2 2 2
left_child=-1 -2 5 4 -4 6 7 -3 13 -10 11 -5 -12 -7
right_child=1 2 3 10 -6 8 -8 -9 9 -11 12 -13 -14 -15
leaf_value=0.21605140139411777 -0.32706593614979762 -0.1729843677279993 0.37995148186652083 -0.028612578448964587 0.023785177361198336 -0.1506470071619721 -0.23661270291393344 0.080931169208123724 0.17073128059605103 0.005782081083551785 0.035930250157739159 0.14352357481181441 -0.087404973005915765 -0.020983183074590059
leaf_weight=28 20 19 14.999999999999998 20 17 21 19 24 14.999999999999998 363 40 33 42 17
leaf_count=28 20 19 15 20 17 21 19 24 15 363 40 33 42 17
internal_value=0.00410442 -0.00484329 0.00518951 0.0483876 0.191557 -0.00989921 -0.0945711 -0.0312891 0.00272783 0.0123843 0.0142973 0.0785408 -0.0272101 -0.0929781
internal_weight=693 665 645 167 32 478 62 43 416 378 135 53 82 38
internal_count=693 665 645 167 32 478 62 43 416 378 135 53 82 38
is_linear=0
shrinkage=0.05


Tree=140
num_leaves=15
num_cat=0
split_feature=12 32 27 47 26 16 41 43 12 14 51 63 65 59
split_gain=645.719 476.443 169.911 423.096 468.42 156.995 283.395 124.371 128.81 179.523 125.969 104.099 103.866 76.4306
threshold=30.450000000000003 1.5000000000000002 12.250000000000002 1.0000000180025095e-35 20.900000000000002 4.7250000000000005 -0.11083333333333244 -0.26750000000000002 72.800000000000026 52.100000000000009 55.550000000000004 31.900000000000002 31.700000000000006 35.050000000000004
decision_type=2 2 2 2 2 2 2 2 2 2 2 2 2 2
left_child=-1 -2 3 4 -3 -5 -7 10 9 -9 11 -4 -12 -10
right_child=1 2 7 5 -6 6 -8 8 13 -11 12 -13 -14 -15
leaf_value=0.27752950660031828 -0.25623414911602804 0.40570340417078787 -0.20613548144062552 -0.14426688022952711 0.043542417160517689 0.20954758992653019 -0.046376799610431188 -0.0064348966069924301 -0.1308641853599786 0.088921461104338143 0.071543400560619461 -0.050009436790759747 -0.053391958153549871 0.0085597852547190448
leaf_weight=20 19 14.999999999999998 21 18 22 14.999999999999998 38 299 28 59 22 22 67 14.999999999999998
leaf_count=20 19 15 21 18 22 15 38 299 28 59 22 22 67 15
internal_value=-0.00163939 -0.0101474 -0.00280645 0.0543422 0.191197 -0.0170748 0.0262187 -0.0144037 -0.000529669 0.00928674 -0.0564811 -0.126674 -0.0224073 -0.0822049
internal_weight=680 660 641 108 37 71 53 533 401 358 132 43 89 43
internal_count=680 660 641 108 37 71 53 533 401 358 132 43 89 43
is_linear=0
shrinkage=0.05


Tree=141
num_leaves=11
num_cat=0
split_feature=12 32 109 4 71 25 39 62 115 18
split_gain=928.508 769.387 227.363 127.51 173.993 299.308 145.986 109.5 56.3093 48.5974
threshold=30.450000000000003 1.5000000000000002 -0.072499999999999773 11.500000000000002 3.5000000000000004 26.200000000000006 -0.91750000000000009 80.65000000000002 3.0000000000000004 52.850000000000001
decision_type=2 2 2 2 2 2 2 2 2 2
left_child=-1 -2 -3 4 5 -4 -6 8 -5 -9
right_child=1 2 3 7 6 -7 -8 9 -10 -11
leaf_value=0.3455226734046537 -0.33910871347662996 -0.1384222046018071 0.23060258918218485 -0.16899626682053753 0.085490583235977524 0.03177852912985802 -0.013083434926388216 0.075551637748013364 -0.05111448652512654 -0.045432914096361014
leaf_weight=19 17 28 22 20 42 133 348 15.999999999999998 21 17
leaf_count=19 17 28 22 20 42 133 348 16 21 17
internal_value=0.00180947 -0.00806872 0.00067273 0.006994 0.0153657 0.0601614 -0.00243576 -0.0545326 -0.109011 0.0131262
internal_weight=683 664 647 619 545 155 390 74 41 33
internal_count=683 664 647 619 545 155 390 74 41 33
is_linear=0
shrinkage=0.05


Tree=142
num_leaves=12
num_cat=0
split_feature=10 109 80 37 55 12 58 37 16 35 48
split_gain=642.235 156.995 167.68 272.363 200.266 323.682 177.769 162.143 136.978 77.0207 72.0958
threshold=3.8200000000000003 -0.072499999999999773 0.83833333333333349 -9.4999999999999911 6.0400000000000009 58.750000000000007 6.2750000000000012 2.0083333333333369 5.0250000000000012 7.6416666666666684 6.785000000000001
decision_type=2 2 2 2 2 2 2 2 2 2 2
left_child=-1 8 3 -3 6 -6 -5 -4 -2 -9 -11
right_child=1 2 7 4 5 -7 -8 9 -10 10 -12
leaf_value=-0.28178384391970546 -0.0021817611937491304 0.20394011828122216 -0.19724082735197321 0.0041039562309519023 0.28720515777721356 -0.017193841629939553 -0.16474467671435811 0.071641520003707992 -0.21253622654617202 -0.12767294250725217 0.0061574250645008849
leaf_weight=21 15.000000000000002 18 18 490 15.999999999999998 19 15.999999999999998 14.999999999999998 15.999999999999998 20 20
leaf_count=21 15 18 18 490 16 19 16 15 16 20 20
internal_value=-0.0102182 -0.00156784 0.00382082 0.0131388 0.00674471 0.122239 -0.00125675 -0.0673835 -0.111247 -0.0245132 -0.0607846
internal_weight=684 663 632 559 541 35 506 73 31 55 40
internal_count=684 663 632 559 541 35 506 73 31 55 40
is_linear=0
shrinkage=0.05


Tree=143
num_leaves=10
num_cat=0
split_feature=29 84 10 109 107 35 33 31 43
split_gain=403.206 1164.69 740.446 194.506 203.105 674.084 337.256 294.355 114.036
threshold=47.500000000000007 1.0000000180025095e-35 3.8750000000000004 -0.079166666666666149 52.500000000000007 -5.200000000000002 -0.48583333333333328 0.034166666666666685 -0.57249999999999968
decision_type=2 2 2 2 2 2 2 2 2
left_child=1 -1 -2 -4 5 -5 -6 -7 -8
right_child=2 -3 3 4 6 7 8 -9 -10
leaf_value=-0.054239741447328155 -0.35930367700311527 0.49754418440607212 -0.1506452000653582 0.36184183503716993 -0.25262746316510326 -0.0032014370145589562 -0.088152029075748414 0.21992328085514329 -0.0017152476179380328
leaf_weight=26 14.999999999999998 14.999999999999998 22 14.999999999999998 14.999999999999998 180 43 15.999999999999998 334
leaf_count=26 15 15 22 15 15 180 43 16 334
internal_value=-0.00357008 0.14823 -0.0133242 -0.00495657 0.000374575 0.0399242 -0.0209056 0.0150902 -0.0116081
internal_weight=681 41 640 625 603 211 392 196 377
internal_count=681 41 640 625 603 211 392 196 377
is_linear=0
shrinkage=0.05


Tree=144
num_leaves=10
num_cat=0
split_feature=12 32 109 4 48 104 104 90 79
split_gain=899.254 266.718 126.31 117.328 174.003 205.394 160.912 161.035 65.9042
threshold=30.450000000000003 1.5000000000000002 -0.079166666666666149 6.5000000000000009 6.705000000000001 48.050000000000004 9.0500000000000025 36.250000000000007 4.5000000000000009
decision_type=2 2 2 2 2 2 2 2 2
left_child=-1 -2 -3 6 8 -6 -4 -8 -5
right_child=1 2 3 4 5 -7 7 -9 -10
leaf_value=0.33878518483401598 -0.19330993882180511 -0.12713594836975212 0.10119037480398828 -0.023899110350912627 0.02304271713416289 0.17574566997185784 -0.15171120517326955 -0.021072802028300808 -0.14342523964111042
leaf_weight=19 19 20 24 36 258 24 26 248 17
leaf_count=19 19 20 24 36 258 24 26 248 17
internal_value=0.000472398 -0.00913454 -0.00373925 0.00017111 0.0204789 0.0361141 -0.0226405 -0.0335382 -0.0625297
internal_weight=691 672 653 633 335 282 298 274 53
internal_count=691 672 653 633 335 282 298 274 53
is_linear=0
shrinkage=0.05


Tree=145
num_leaves=8
num_cat=0
split_feature=23 12 37 74 88 109 104
split_gain=417.698 440.986 404.073 118.733 138.431 136.044 102.129
threshold=46.150000000000013 34.250000000000007 -9.4999999999999911 -13.016666666666662 4.160000000000001 -0.078333333333332686 15.500000000000002
decision_type=2 2 2 2 2 2 2
left_child=-1 -2 -3 -4 6 -6 -5
right_child=1 2 3 4 5 -7 -8
leaf_value=0.20501366984520564 -0.24657457094287399 0.24686056561027933 -0.12615494304598668 -0.037430423793560257 -0.11750522762444256 0.0041223450355555328 -0.16744890729962933
leaf_weight=22 20 14.999999999999998 23 54 24 499 21
leaf_count=22 20 15 23 54 24 499 21
internal_value=-0.00877378 -0.0159813 -0.00868441 -0.0149038 -0.0105962 -0.00147087 -0.0740767
internal_weight=678 656 636 621 598 523 75
internal_count=678 656 636 621 598 523 75
is_linear=0
shrinkage=0.05


Tree=146
num_leaves=11
num_cat=0
split_feature=32 12 34 88 76 37 109 55 53 25
split_gain=505.624 557.666 131.97 367.988 228.431 218.937 136.763 151.644 123.253 116.898
threshold=1.5000000000000002 31.100000000000005 4.5000000000000009 4.2900000000000009 -7.7749999999999941 -5.4249999999999998 -0.076666666666666647 5.6050000000000013 25.350000000000005 29.500000000000004
decision_type=2 2 2 2 2 2 2 2 2 2
left_child=-1 -2 3 -3 -5 -6 -4 9 -9 -8
right_child=1 2 6 4 5 -7 7 8 -10 -11
leaf_value=0.21983841069259458 -0.30490176969806093 0.20400851593040123 -0.15917955725829791 0.15242131700316275 -0.15604872076489806 0.010033353932762288 -0.076281727780658309 -0.14743906682248378 -0.027305470282067208 0.024543220289939729
leaf_weight=26 14.999999999999998 27 15.999999999999998 25 22 194 33 29 81 218
leaf_count=26 15 27 16 25 22 194 33 29 81 218
internal_value=0.00398947 -0.00453811 0.00248553 0.0293107 0.00964153 -0.00692366 -0.0165733 -0.0101966 -0.0591276 0.0112423
internal_weight=686 660 645 268 241 216 377 361 110 251
internal_count=686 660 645 268 241 216 377 361 110 251
is_linear=0
shrinkage=0.05


Tree=147
num_leaves=7
num_cat=0
split_feature=10 10 33 84 109 43
split_gain=449.962 468.437 247.101 123.542 108.579 111.125
threshold=3.7150000000000003 4.035000000000001 -0.55249999999999966 0.033333333333333347 -0.079166666666666149 -0.58833333333333326
decision_type=2 2 2 2 2 2
left_child=-1 -2 -3 4 -4 -6
right_child=1 2 3 -5 5 -7
leaf_value=-0.27702536792155136 0.27431000604337419 -0.17171212582768899 -0.11657169435120306 0.13965500939810119 -0.05812577954958506 0.006844638956679268
leaf_weight=14.999999999999998 14.999999999999998 22 21 14.999999999999998 75 532
leaf_count=15 15 22 21 15 75 532
internal_value=-0.00706362 -0.00106138 -0.00732059 -0.00166239 -0.00506747 -0.00118302
internal_weight=695 680 665 643 628 607
internal_count=695 680 665 643 628 607
is_linear=0
shrinkage=0.05


Tree=148
num_leaves=12
num_cat=0
split_feature=12 36 31 78 119 23 24 80 65 76 72
split_gain=832.465 413.918 125.895 304.184 210.135 205.046 152.664 128.973 149.793 146.235 102.98
threshold=30.450000000000003 1.5000000000000002 -0.0025000000000003904 -0.83083333333333254 0.40499999999999986 78.65000000000002 18.900000000000002 0.61999999999999977 38.850000000000001 1.2583333333333295 -0.22166666666666598
decision_type=2 2 2 2 2 2 2 2 2 2 2
left_child=-1 -2 6 -4 10 -6 -3 8 -8 -9 -5
right_child=1 2 3 4 5 -7 7 9 -10 -11 -12
leaf_value=0.31520174470557988 -0.23960912991623853 -0.16173757397980423 0.19666757693235903 -0.14171651420385942 0.24017202137855065 0.011261655980503405 0.03421152293717919 -0.19829937008597096 -0.028240366529292911 -0.028672504701854357 -0.0044588343351752253
leaf_weight=21 18 15.999999999999998 26 15.999999999999998 17 23 217 15.999999999999998 172 61 91
leaf_count=21 18 16 26 16 17 23 217 16 172 61 91
internal_value=0.00594983 -0.0037379 0.00277201 0.0393546 0.0113817 0.10903 -0.0103533 -0.00511125 0.00658482 -0.064196 -0.0251432
internal_weight=694 673 655 173 147 40 482 466 389 77 107
internal_count=694 673 655 173 147 40 482 466 389 77 107
is_linear=0
shrinkage=0.05


Tree=149
num_leaves=8
num_cat=0
split_feature=109 10 48 106 36 84 102
split_gain=745.661 479.761 202.781 675.794 263.862 151.017 139.735
threshold=-0.078333333333332686 3.8750000000000004 6.9250000000000007 8.5000000000000018 1.5000000000000002 0.029166666666666664 14.700000000000001
decision_type=2 2 2 2 2 2 2
left_child=-1 -2 4 -4 -3 6 -6
right_child=1 2 3 -5 5 -7 -8
leaf_value=0.27225107714771274 -0.22924959084172269 -0.20408192099251365 -0.055648838241637001 0.37451678808556488 0.091705186800241811 0.14327751542981815 -0.0099741389290462345
leaf_weight=25 23 15.999999999999998 23 14.999999999999998 36 18 527
leaf_count=25 23 16 23 15 36 18 527
internal_value=0.00477726 -0.00541735 0.00271691 0.114559 -0.00441167 0.00111257 -0.00344843
internal_weight=683 658 635 38 597 581 563
internal_count=683 658 635 38 597 581 563
is_linear=0
shrinkage=0.05


Tree=150
num_leaves=8
num_cat=0
split_feature=12 45 45 37 37 54 106
split_gain=575.005 303.495 177.153 164.009 149.505 138.646 52.8206
threshold=30.450000000000003 0.024166666666666701 -0.035833333333333321 -9.4999999999999911 -4.9666666666666641 70.050000000000011 6.2500000000000009
decision_type=2 2 2 2 2 2 2
left_child=-1 2 6 -4 -5 -6 -2
right_child=1 -3 3 4 5 -7 -8
leaf_value=0.28366546561704814 -0.04682421904328643 -0.18414696004595693 0.15842056890218956 -0.10489081737562962 0.024621782525357721 -0.034866640824916161 -0.18028823674119862
leaf_weight=18 15.000000000000002 22 18 29 438 126 14.999999999999998
leaf_count=18 15 22 18 29 438 126 15
internal_value=0.00561666 -0.00196627 0.00430637 0.010146 0.00561085 0.0113191 -0.1141
internal_weight=681 663 641 611 593 564 30
internal_count=681 663 641 611 593 564 30
is_linear=0
shrinkage=0.05


Tree=151
num_leaves=18
num_cat=0
split_feature=70 58 12 11 95 78 41 96 0 45 49 121 95 1 102 41 19
split_gain=536.842 304.935 1304.39 748.454 251.154 390.543 173.757 164.773 263.006 330.277 214.228 201.049 132.957 122.687 121.605 84.9089 81.0131
threshold=-0.085833333333333858 5.3750000000000009 35.900000000000013 24.350000000000005 31.950000000000003 -0.90916666666666746 -0.37249999999999955 52.500000000000007 1397.5000000000002 -0.0075000000000000058 5.1350000000000007 -0.20083333333333361 42.750000000000007 1.5000000000000002 31.400000000000002 -0.14666666666666603 5.3450000000000006
decision_type=2 2 2 2 2 2 2 2 2 2 2 2 2 2 2 2 2
left_child=-1 2 -2 -3 5 -5 16 10 9 -9 11 -4 -10 -8 -7 -12 -6
right_child=1 3 7 4 6 14 13 8 12 -11 15 -13 -14 -15 -16 -17 -18
leaf_value=0.27719103009467239 -0.39181949977620012 0.30538530165885952 -0.26774785737806595 0.30494077615193188 -0.056066834274216076 0.15794578814348637 0.080723346688776218 0.019951225584152188 0.031710513225931311 0.32692411707726543 0.038344896417399688 -0.05487230137756495 -0.099201657501436585 -0.031508258260568113 0.0016153158392081283 -0.034511482858394948 -0.20514408845824805
leaf_weight=17 24 23 17 14.999999999999998 20 14.999999999999998 33 21 58 14.999999999999998 58 32 29 92 71 128 17
leaf_count=17 24 23 17 15 20 15 33 21 58 15 58 32 29 92 71 128 17
internal_value=0.000549181 -0.00652406 -0.0357568 0.0325025 0.0085122 0.0703703 -0.0300424 -0.01177 0.0350783 0.148546 -0.0363163 -0.129224 -0.0119333 -0.0017983 0.0290921 -0.0117576 -0.125065
internal_weight=685 668 382 286 263 101 162 358 123 36 235 49 87 125 86 186 37
internal_count=685 668 382 286 263 101 162 358 123 36 235 49 87 125 86 186 37
is_linear=0
shrinkage=0.05


Tree=152
num_leaves=13
num_cat=0
split_feature=23 64 33 35 43 31 68 62 93 25 55 119
split_gain=395.864 268.053 1252.83 619.448 205.181 281.606 213.231 152.561 114.3 95.3239 103.503 51.7106
threshold=46.150000000000013 37.650000000000006 -0.59000000000000019 -8.2166666666666632 -0.22166666666666621 0.027500000000000305 56.500000000000007 59.150000000000006 78.750000000000014 21.800000000000001 1.0000000180025095e-35 0.3325000000000003
decision_type=2 2 2 2 2 2 2 2 2 2 2 2
left_child=-1 3 -3 -2 7 6 -6 -5 9 -4 -11 -9
right_child=1 2 8 4 5 -7 -8 11 -10 10 -12 -13
leaf_value=0.21540185076789267 0.34070228985603285 -0.46569762386335345 -0.12747387119490114 -0.15203605043020285 0.0026374287678191319 0.24035198526537938 0.14866271358290592 -0.034101354586664009 0.093122253383134859 -0.1423863645026226 -0.0079421773776632235 0.068623910853581396
leaf_weight=21 14.999999999999998 15.999999999999998 20 26 178 15.999999999999998 29 51 23 14.999999999999998 279 15.999999999999998
leaf_count=21 15 16 20 26 178 16 29 51 23 15 279 16
internal_value=0.00209 -0.00448227 -0.0347933 0.0278291 0.0128586 0.0388861 0.0231811 -0.0494723 -0.0141881 -0.0220914 -0.0148647 -0.00942972
internal_weight=705 684 353 331 316 223 207 93 337 314 294 67
internal_count=705 684 353 331 316 223 207 93 337 314 294 67
is_linear=0
shrinkage=0.05


Tree=153
num_leaves=9
num_cat=0
split_feature=24 10 30 81 13 97 113 54
split_gain=483.967 661.205 142.381 141.615 141.239 138.681 123.135 60.3861
threshold=15.600000000000003 4.035000000000001 5.5000000000000009 5.5000000000000009 4.535000000000001 6.4600000000000009 -15.333333333333332 36.45000000000001
decision_type=2 2 2 2 2 2 2 2
left_child=-1 -2 3 5 -5 6 -3 -6
right_child=1 2 -4 4 7 -7 -8 -9
leaf_value=0.21536523393080939 -0.31078308583931863 0.10403770318484876 0.10569602352238899 -0.18959974856861966 -0.11419081413308987 0.13012343280350983 -0.0096184406098286622 -0.013263396828278524
leaf_weight=24 18 25 28 18 19 20 470 67
leaf_count=24 18 25 28 18 19 20 470 67
internal_value=-0.00473428 -0.0127164 -0.00436952 -0.0093726 -0.0625627 0.00136905 -0.00384828 -0.0357261
internal_weight=689 665 647 619 104 515 495 86
internal_count=689 665 647 619 104 515 495 86
is_linear=0
shrinkage=0.05


Tree=154
num_leaves=13
num_cat=0
split_feature=33 26 55 33 79 17 45 78 59 13 13 25
split_gain=777.132 146.433 114.217 163.003 142.286 263.586 484.874 126.653 122.107 118.609 113.604 56.008
threshold=-0.92499999999999971 6.6500000000000012 4.3350000000000009 0.18500000000000008 3.5000000000000004 31.050000000000004 1.0000000180025095e-35 -1.011666666666666 36.650000000000013 7.870000000000001 3.4800000000000004 37.70000000000001
decision_type=2 2 2 2 2 2 2 2 2 2 2 2
left_child=-1 -2 3 -3 5 6 -4 -7 11 10 -6 -5
right_child=1 2 4 8 9 7 -8 -9 -10 -11 -12 -13
leaf_value=0.3414198068358143 -0.14654666965934618 -0.16655379330731959 0.01393524385617028 0.019604521478462665 0.063359044413328916 0.11888301425579328 0.28949632271827452 -0.018024261708611666 0.098273147904036337 0.10578378506457607 -0.035823588354185733 -0.093993212911792745
leaf_weight=15.999999999999998 19 25 44 15.999999999999998 32 19 25 146 17 18 285 33
leaf_count=16 19 25 44 16 32 19 25 146 17 18 285 33
internal_value=-0.00190523 -0.0100518 -0.00609323 -0.0580743 0.00222005 0.0321368 0.114123 -0.00216644 -0.0167182 -0.0186655 -0.0257789 -0.0568339
internal_weight=695 679 660 91 569 234 69 165 66 335 317 49
internal_count=695 679 660 91 569 234 69 165 66 335 317 49
is_linear=0
shrinkage=0.05


Tree=155
num_leaves=19
num_cat=0
split_feature=33 12 15 80 76 16 51 15 66 119 98 80 18 79 25 33 28 36
split_gain=1382.02 145.283 269.084 292.077 207.084 173.582 201.707 163.301 150.362 126.136 126.044 116.241 109.981 95.58 105.606 93.5926 77.0515 50.6266
threshold=-0.92499999999999971 55.150000000000013 33.100000000000001 0.17166666666666688 1.4083333333333352 5.6250000000000009 40.100000000000009 19.600000000000005 17.350000000000005 0.044999999999999936 13.900000000000002 0.29749999999999993 54.45000000000001 3.5000000000000004 38.850000000000001 1.2633333333333334 7.2500000000000009 5.5000000000000009
decision_type=2 2 2 2 2 2 2 2 2 2 2 2 2 2 2 2 2 2
left_child=-1 2 3 7 8 6 -3 -2 -4 16 -8 -11 -7 14 -14 -12 -6 -15
right_child=1 5 4 -5 9 12 10 -9 -10 11 15 -13 13 17 -16 -17 -18 -19
leaf_value=0.47769710133407295 -0.12934295410261104 0.15768342026612089 -0.095217450542582405 0.20808241540352951 -0.040719297077626948 -0.16060484814347686 0.15830751230187765 0.090623396595582273 -0.29464169890675324 -0.048219387750913827 0.027373550535734176 -0.20614759150128928 -0.064275688232926578 -0.026727612764601533 0.069895448763053536 -0.037413893373739397 0.070017422302354027 -0.12372029546756468
leaf_weight=14.999999999999998 19 28 26 20 34 15.999999999999998 14.999999999999998 14.999999999999998 14.999999999999998 43 208 15.999999999999998 23 31 40 76 29 24
leaf_count=15 19 28 26 20 34 16 15 15 15 43 208 16 23 31 40 76 29 24
internal_value=0.00458971 -0.0059388 -0.0396688 0.0569394 -0.0717199 0.00993277 0.0295799 -0.0321712 -0.168839 -0.0389292 0.0175182 -0.0914083 -0.0379611 -0.0211672 0.0208089 0.0100114 0.0102057 -0.0692902
internal_weight=693 678 217 54 163 461 327 34 41 122 299 59 134 118 63 284 63 55
internal_count=693 678 217 54 163 461 327 34 41 122 299 59 134 118 63 284 63 55
is_linear=0
shrinkage=0.05


Tree=156
num_leaves=11
num_cat=0
split_feature=36 12 27 47 63 37 94 41 58 74
split_gain=1076.78 497.038 97.6247 326.839 308.756 139.474 127.475 227.169 118.854 108.728
threshold=1.5000000000000002 32.800000000000004 11.300000000000002 1.0000000180025095e-35 27.500000000000004 -4.9666666666666641 5.535000000000001 -0.14666666666666603 6.5150000000000015 -14.191666666666668
decision_type=2 2 2 2 2 2 2 2 2 2
left_child=-1 -2 3 4 -3 -4 7 -5 9 -7
right_child=1 2 5 6 -6 8 -8 -9 -10 -11
leaf_value=0.32558185935495387 -0.27409123597089308 -0.0039203718800362919 -0.15426095352270958 0.17866774542220185 0.29549817027737252 -0.12864585013175092 -0.14922886897396567 -0.05323251432545504 -0.13867881591460718 0.0033466509395005378
leaf_weight=25 17 14.999999999999998 15.999999999999998 14.999999999999998 20 15.999999999999998 14.999999999999998 35 15.999999999999998 504
leaf_count=25 17 15 16 15 20 16 15 35 16 504
internal_value=0.00406432 -0.00798993 -0.00100307 0.0444194 0.167388 -0.00924739 -0.021873 0.0164555 -0.00488133 -0.000728997
internal_weight=694 669 652 100 35 552 65 50 536 520
internal_count=694 669 652 100 35 552 65 50 536 520
is_linear=0
shrinkage=0.05


Tree=157
num_leaves=13
num_cat=0
split_feature=87 33 4 70 24 76 0 72 35 26 99 56
split_gain=328.725 498.491 123.629 183.289 168.947 158.677 228.258 208.248 160.456 139.256 135.287 81.3591
threshold=6.6250000000000009 -0.7616666666666666 6.5000000000000009 -0.029999999999999801 31.000000000000004 -1.9916666666666669 2938.5000000000005 0.032499999999999758 -4.6749999999999998 52.250000000000007 63.350000000000009 41.650000000000013
decision_type=2 2 2 2 2 2 2 2 2 2 2 2
left_child=-1 -2 5 9 -5 6 -3 -7 -9 11 -6 -4
right_child=1 2 3 4 10 7 -8 8 -10 -11 -12 -13
leaf_value=0.21784085635072695 -0.27726806872769405 -0.030622115147588409 0.012662682137182947 0.19630439596146529 0.01803215418549815 0.16830684321605607 -0.27218221496075196 -0.13780193762162982 -0.0090379933767366829 -0.17736532662225804 0.16842859060682866 -0.11780473992524559
leaf_weight=15.999999999999998 17 28 57 15.999999999999998 213 14.999999999999998 14.999999999999998 27 227 15.999999999999998 15.999999999999998 14.999999999999998
leaf_count=16 17 28 57 16 213 15 15 27 227 16 16 15
internal_value=-0.0053776 -0.0108122 -0.00373973 0.0174376 0.0396771 -0.0263568 -0.115439 -0.0120607 -0.022794 -0.0443972 0.028631 -0.0145744
internal_weight=678 662 645 333 245 312 43 269 254 88 229 72
internal_count=678 662 645 333 245 312 43 269 254 88 229 72
is_linear=0
shrinkage=0.05


Tree=158
num_leaves=10
num_cat=0
split_feature=25 12 37 90 90 95 104 28 28
split_gain=365.402 611.959 124.88 136.057 188.257 225.205 155.777 114.104 110.818
threshold=13.450000000000001 33.500000000000007 -8.7999999999999972 36.250000000000007 45.550000000000004 36.750000000000007 14.650000000000002 5.7000000000000002 9.2500000000000018
decision_type=2 2 2 2 2 2 2 2 2
left_child=-1 -2 -3 7 5 -5 -6 -4 -9
right_child=1 2 3 4 6 -7 -8 8 -10
leaf_value=0.17761196223847101 -0.3049226386505261 0.13151406847942643 -0.14886378338388631 0.025068200948364275 -0.14094185340461007 0.22035770176061945 -0.0017382418501958288 0.070521100895914859 -0.074533739928498363
leaf_weight=27 17 17 27 56 21 20 425 20 38
leaf_count=27 17 17 27 56 21 20 425 20 38
internal_value=-0.00221637 -0.00982536 -0.00173027 -0.00549128 0.00405615 0.0767479 -0.00833401 -0.0641183 -0.0243935
internal_weight=668 641 624 607 522 76 446 85 58
internal_count=668 641 624 607 522 76 446 85 58
is_linear=0
shrinkage=0.05


Tree=159
num_leaves=10
num_cat=0
split_feature=12 36 62 27 88 65 74 37 56
split_gain=612.722 256.609 109.607 95.653 218.196 179.084 170.463 123.468 108.685
threshold=30.450000000000003 1.5000000000000002 34.500000000000007 12.250000000000002 4.3050000000000006 29.800000000000004 -8.6416666666666622 12.366666666666665 35.350000000000001
decision_type=2 2 2 2 2 2 2 2 2
left_child=-1 -2 -3 4 -4 -6 8 -8 -5
right_child=1 2 3 6 5 -7 7 -9 -10
leaf_value=0.27029478896909687 -0.18148150198267535 0.12452868975421286 0.17956082149865593 -0.050977049287096912 0.10375762250360593 -0.04999074950724481 0.013053076804721443 -0.038140311701179729 -0.22151316335264426
leaf_weight=20 21 15.999999999999998 21 25 28 58 284 201 14.999999999999998
leaf_count=20 21 16 21 25 28 58 284 201 15
internal_value=-0.0017016 -0.00987969 -0.00428366 -0.00757182 0.0354796 7.11573e-05 -0.0163607 -0.00815633 -0.115446
internal_weight=689 669 648 632 107 86 525 485 40
internal_count=689 669 648 632 107 86 525 485 40
is_linear=0
shrinkage=0.05


Tree=160
num_leaves=13
num_cat=0
split_feature=37 68 54 78 0 123 112 88 4 73 67 35
split_gain=641.326 128.057 125.191 171.609 250.094 160.287 129.047 150.831 109.144 152.708 137.373 100.937
threshold=-15.474999999999996 59.500000000000007 40.350000000000009 -0.415833333333333 1143.5000000000002 0.024166666666666659 3.5000000000000004 4.160000000000001 4.5000000000000009 4.5000000000000009 1.0000000180025095e-35 -6.5249999999999977
decision_type=2 2 2 2 2 2 2 2 2 2 2 2
left_child=-1 2 5 4 -4 8 7 -5 9 -2 -10 -8
right_child=1 -3 3 6 -6 -7 11 -9 10 -11 -12 -13
leaf_value=0.32713694177715991 -0.15698654089957279 0.1416463760017658 0.26738577490758825 -0.049081695839098299 -0.0019294246882941594 0.11324062906945778 -0.14990987190668356 0.05320769032131295 0.08570907918685769 0.018508371710777283 -0.05651395400022903 -0.016570241948274288
leaf_weight=14.999999999999998 45 14.999999999999998 14.999999999999998 47 20 14.999999999999998 14.999999999999998 153 22 17 73 241
leaf_count=15 45 15 15 47 20 15 15 153 22 17 73 241
internal_value=0.00485115 -0.00231889 -0.00560443 0.00724775 0.113782 -0.0423049 -0.000941405 0.0291322 -0.0572603 -0.108834 -0.02347 -0.0244581
internal_weight=693 678 663 491 35 172 456 200 157 62 95 256
internal_count=693 678 663 491 35 172 456 200 157 62 95 256
is_linear=0
shrinkage=0.05


Tree=161
num_leaves=14
num_cat=0
split_feature=12 106 78 12 111 12 31 52 22 106 97 35 47
split_gain=641.641 176.498 163.534 252.974 470.513 211.61 208.494 128.722 116.863 104.34 88.0135 99.3852 78.9189
threshold=30.450000000000003 25.650000000000002 0.67249999999999954 46.050000000000004 0.20916666666666653 38.550000000000004 0.030833333333332828 4.3400000000000007 0.16500000000000004 31.550000000000004 5.4450000000000012 -2.9166666666666621 1.5000000000000002
decision_type=2 2 2 2 2 2 2 2 2 2 2 2 2
left_child=-1 2 3 4 -2 -4 7 -5 9 -3 11 -7 -12
right_child=1 8 5 6 -6 10 -8 -9 -10 -11 12 -13 -14
leaf_value=0.30690220162185317 0.35682613923682927 -0.05741071699076139 -0.20321985941552959 -0.047151924989204202 0.004158650564424919 0.11086227266709386 0.18164596491389803 0.028797405567277352 -0.00026929535554342355 -0.24172723270628765 -0.074883777745661184 -0.0038833544551405866 0.019411968216419797
leaf_weight=17 15.999999999999998 15.000000000000002 14.999999999999998 88 23 21 17 152 21 15.999999999999998 77 178 31
leaf_count=17 16 15 15 88 23 21 17 152 21 16 77 178 31
internal_value=0.00445477 -0.00325647 0.00418579 0.0310136 0.149513 -0.0204622 0.0129605 0.000920453 -0.091639 -0.153174 -0.0114531 0.00824997 -0.0477782
internal_weight=687 670 618 296 39 322 257 240 52 31 307 199 108
internal_count=687 670 618 296 39 322 257 240 52 31 307 199 108
is_linear=0
shrinkage=0.05


Tree=162
num_leaves=11
num_cat=0
split_feature=109 37 107 33 115 23 41 31 120 80
split_gain=582.818 1044.13 155.169 196.185 151.861 143.226 121.26 113.133 188.199 156.116
threshold=-0.078333333333332686 -10.874999999999993 53.500000000000007 -0.45083333333333403 -18.466666666666665 94.500000000000014 -0.48166666666666685 -0.0016666666666664829 4.5000000000000009 -0.54166666666666685
decision_type=2 2 2 2 2 2 2 2 2 2
left_child=-1 -2 3 -3 -4 6 -6 9 -9 -5
right_child=1 2 4 7 5 -7 -8 8 -10 -11
leaf_value=0.2270428817025025 -0.34741404078125415 0.20191833981812396 0.1308461868605077 0.091469871801302199 -0.10872616005879104 0.11806851751756985 -0.023855449746061484 0.012396855979192279 0.1670786404138295 -0.019323939212609061
leaf_weight=27 22 14.999999999999998 14.999999999999998 38 52 14.999999999999998 221 57 30 192
leaf_count=27 22 15 15 38 52 15 221 57 30 192
internal_value=-0.000185179 -0.00956406 0.00218597 0.0258018 -0.0236736 -0.0317815 -0.0400735 0.0173914 0.0659234 -0.000965348
internal_weight=684 657 635 332 303 288 273 317 87 230
internal_count=684 657 635 332 303 288 273 317 87 230
is_linear=0
shrinkage=0.05


Tree=163
num_leaves=11
num_cat=0
split_feature=109 37 18 18 109 35 75 50 76 84
split_gain=491.369 523.512 126.837 180.418 144.522 141.098 118.242 171.981 157.403 51.0676
threshold=-0.078333333333332686 -13.533333333333331 40.650000000000013 41.95000000000001 -0.025833333333332927 -3.2249999999999974 1.5000000000000002 27.050000000000004 -7.7749999999999941 0.013333333333333352
decision_type=2 2 2 2 2 2 2 2 2 2
left_child=-1 -2 4 -4 -3 -6 7 -5 -8 -7
right_child=1 2 3 6 5 9 8 -9 -10 -11
leaf_value=0.20597544512075691 -0.28431180387909649 0.067832638994212394 0.15749478876902795 -0.21496540986938983 -0.21182723408622772 -0.069171599527039856 0.12937765554784691 0.0083096259268955197 0.0006329768574531039 0.030183851706176441
leaf_weight=27 17 21 19 14.999999999999998 15.999999999999998 65 25 20 440 15.999999999999998
leaf_count=27 17 21 19 15 16 65 25 20 440 16
internal_value=-0.00264412 -0.0112947 -0.00395717 0.0066753 -0.0507304 -0.0764936 0.000903815 -0.087577 0.00759181 -0.0494712
internal_weight=681 654 637 519 118 97 500 35 465 81
internal_count=681 654 637 519 118 97 500 35 465 81
is_linear=0
shrinkage=0.05


Tree=164
num_leaves=7
num_cat=0
split_feature=10 24 32 109 26 26
split_gain=489.854 526.101 267.804 124.682 106.316 89.3641
threshold=3.7150000000000003 18.900000000000002 1.5000000000000002 -0.079166666666666149 8.5000000000000018 27.900000000000002
decision_type=2 2 2 2 2 2
left_child=-1 -2 -3 -4 -5 -6
right_child=1 2 3 4 5 -7
leaf_value=-0.27772176948763566 0.20933412915652561 -0.18316828080263184 -0.11878052575016451 0.13312923935864937 -0.028682910964543597 0.012361815276993864
leaf_weight=15.999999999999998 29 21 22 14.999999999999998 198 401
leaf_count=16 29 21 22 15 198 401
internal_value=-0.00510341 0.0012873 -0.00791875 -0.00209646 0.00209492 -0.00119973
internal_weight=702 686 657 636 614 599
internal_count=702 686 657 636 614 599
is_linear=0
shrinkage=0.05


Tree=165
num_leaves=8
num_cat=0
split_feature=32 12 33 109 12 74 35
split_gain=507.313 305.926 212.454 90.5415 94.8482 155.051 145.812
threshold=1.5000000000000002 35.900000000000013 -0.45083333333333403 -0.079166666666666149 55.250000000000007 -3.5416666666666603 7.3583333333333352
decision_type=2 2 2 2 2 2 2
left_child=-1 -2 -3 -4 5 -5 -6
right_child=1 2 3 4 6 -7 -8
leaf_value=0.22923728480483546 -0.16765458788658746 0.17747993126789233 -0.10830767980966523 -0.16588764424940841 0.053709026977800757 -0.017021189543536968 -0.0098632470402270009
leaf_weight=23 29 15.999999999999998 21 20 129 136 299
leaf_count=23 29 16 21 20 129 136 299
internal_value=-0.00101533 -0.00920443 -0.00177114 -0.00654847 -0.00286284 -0.0362327 0.00929395
internal_weight=673 650 621 605 584 156 428
internal_count=673 650 621 605 584 156 428
is_linear=0
shrinkage=0.05


Tree=166
num_leaves=12
num_cat=0
split_feature=32 10 78 0 66 11 50 102 39 91 36
split_gain=757.915 373.763 102.091 228.04 196.225 222.181 162.237 171.379 315.538 126.7 65.6081
threshold=1.5000000000000002 3.7550000000000003 -0.46333333333333376 947.00000000000011 10.600000000000001 37.45000000000001 17.750000000000004 14.700000000000001 1.1233333333333342 3.4350000000000005 5.5000000000000009
decision_type=2 2 2 2 2 2 2 2 2 2 2
left_child=-1 -2 3 -3 5 -5 -4 8 -8 -9 -6
right_child=1 2 6 4 10 -7 7 9 -10 -11 -12
leaf_value=0.27735840305376847 -0.25396222456401552 0.16858678221474208 -0.16899861749840078 0.23782686561068395 -0.0060102273893963762 0.0012714170747333102 0.26936387184834637 0.056829983707303924 -0.053891322352238841 -0.024493282257316389 -0.10167942797425891
leaf_weight=24 14.999999999999998 26 15.999999999999998 15.999999999999998 47 26 15.000000000000002 54 14.999999999999998 416 29
leaf_count=24 15 26 16 16 47 26 15 54 15 416 29
internal_value=0.0018316 -0.00799714 -0.00236182 0.0348394 0.00520951 0.0918574 -0.012758 -0.00771549 0.107928 -0.015129 -0.0426669
internal_weight=699 675 660 144 118 42 516 500 30 470 76
internal_count=699 675 660 144 118 42 516 500 30 470 76
is_linear=0
shrinkage=0.05


Tree=167
num_leaves=11
num_cat=0
split_feature=32 12 109 48 78 74 63 35 76 59
split_gain=694.055 394.875 97.9179 108.696 116.835 203.129 131.393 71.8772 72.9022 61.491
threshold=1.5000000000000002 31.100000000000005 -0.085833333333333414 6.705000000000001 -0.46333333333333376 -4.6166666666666698 27.500000000000004 6.1083333333333334 -0.25833333333333636 33.650000000000013
decision_type=2 2 2 2 2 2 2 2 2 2
left_child=-1 -2 -3 7 5 -5 -6 9 -9 -4
right_child=1 2 3 4 6 -7 -8 8 -10 -11
leaf_value=0.287803160965937 -0.24807238197474746 -0.11207478092520276 0.084508581893728257 0.14287142557115243 -0.068822368621930571 0.0068730307159443407 0.012534074062091897 -0.16502657358159017 -0.039695163420049806 -0.058131409382188561
leaf_weight=21 15.999999999999998 18 15.000000000000002 44 57 73 379 18 33 14.999999999999998
leaf_count=21 16 18 15 44 57 73 379 18 33 15
internal_value=0.00546001 -0.00345032 0.00258213 0.00586242 0.0137949 0.0581388 0.00187322 -0.0481824 -0.084264 0.0130663
internal_weight=689 668 652 634 553 117 436 81 51 30
internal_count=689 668 652 634 553 117 436 81 51 30
is_linear=0
shrinkage=0.05


Tree=168
num_leaves=12
num_cat=0
split_feature=12 32 27 114 49 41 47 121 123 12 114
split_gain=788.83 168.338 100.926 255.582 246.439 115.219 94.2858 122.272 120.868 97.071 96.9581
threshold=30.450000000000003 1.5000000000000002 11.750000000000002 5.5000000000000009 4.745000000000001 -0.20916666666666647 1.5000000000000002 1.0041666666666667 0.022499999999999996 48.050000000000004 1.5000000000000002
decision_type=2 2 2 2 2 2 2 2 2 2 2
left_child=-1 -2 3 4 -3 -6 7 9 10 -4 -8
right_child=1 2 6 -5 5 -7 8 -9 -10 -11 -12
leaf_value=0.30627572668429037 -0.16208606056807284 0.22924503423088227 -0.095911698390496347 -0.1146167358796521 0.11275374353881851 -0.023796250706450302 -0.11615749469825198 -0.15086130129164133 0.14007422609461678 -0.013894520686559456 0.013354833513593354
leaf_weight=20 18 20 41 22 25 40 15.999999999999998 20 17 298 141
leaf_count=20 18 20 41 22 25 40 16 20 17 298 141
internal_value=-0.00226909 -0.0117001 -0.00743799 0.0368411 0.0761894 0.0287387 -0.0163417 -0.0309837 0.0138398 -0.0238541 5.87609e-05
internal_weight=678 658 640 107 85 65 533 359 174 339 157
internal_count=678 658 640 107 85 65 533 359 174 339 157
is_linear=0
shrinkage=0.05


Tree=169
num_leaves=16
num_cat=0
split_feature=109 33 109 90 66 33 80 84 56 100 84 105 25 24 58
split_gain=398.728 692.345 96.5791 196.286 206.202 147.303 128.493 180.151 208.689 114.479 141.177 109.914 83.0597 68.2304 33.2449
threshold=-0.078333333333332686 -0.7616666666666666 0.026666666666666842 55.95000000000001 30.550000000000001 0.15083333333333385 0.1316666666666664 0.022499999999999996 36.150000000000013 0.17500000000000002 0.01833333333333333 18.900000000000002 43.900000000000006 52.750000000000007 5.2950000000000008
decision_type=2 2 2 2 2 2 2 2 2 2 2 2 2 2 2
left_child=-1 -2 6 4 5 -4 7 8 -3 10 -8 -11 13 -5 -14
right_child=1 2 3 12 -6 -7 9 -9 -10 11 -12 -13 14 -15 -16
leaf_value=0.18430539171784799 -0.29695219281894059 -0.015529026352038367 0.18749703672153273 -0.015420361515610954 0.24842940343092687 0.010699680864866031 0.0048326051806680849 0.15479816619065864 0.13627043638333858 -0.055572699616861468 -0.13632174964764673 -0.20938348777112906 -0.12806237692024275 0.10682202235141897 -0.031297844063237074
leaf_weight=28 20 231 14.999999999999998 39 15.999999999999998 54 110 20 25 37 21 17 17 15.999999999999998 19
leaf_count=28 20 231 15 39 16 54 110 20 25 37 21 17 17 16 19
internal_value=-0.000130191 -0.00802492 0.00108392 0.0325895 0.0871889 0.049422 -0.0109379 0.0106594 -0.000637915 -0.0431741 -0.0178438 -0.104385 -0.0183947 0.0201796 -0.0773589
internal_weight=685 657 637 176 85 69 461 276 256 185 131 54 91 55 36
internal_count=685 657 637 176 85 69 461 276 256 185 131 54 91 55 36
is_linear=0
shrinkage=0.05


Tree=170
num_leaves=8
num_cat=0
split_feature=36 33 98 109 43 49 11
split_gain=484.272 679.238 112.526 100.265 97.8332 95.005 78.472
threshold=1.5000000000000002 -0.6283333333333333 48.600000000000001 -0.085833333333333414 -0.45916666666666689 3.9500000000000006 45.550000000000004
decision_type=2 2 2 2 2 2 2
left_child=-1 -2 3 -3 6 -6 -5
right_child=1 2 -4 4 5 -7 -8
leaf_value=0.20674572125132237 -0.32969127431604434 -0.13163650872691576 0.12564419774632704 -0.084772826318878641 0.10391511304682716 0.0022755110534585536 0.013874793733047903
leaf_weight=27 15.999999999999998 14.999999999999998 17 57 24 503 31
leaf_count=27 16 15 17 57 24 503 31
internal_value=-0.000419178 -0.0088932 -0.000902571 -0.00434466 -0.00121096 0.00693258 -0.0499889
internal_weight=690 663 647 630 615 527 88
internal_count=690 663 647 630 615 527 88
is_linear=0
shrinkage=0.05


Tree=171
num_leaves=10
num_cat=0
split_feature=12 45 109 26 39 14 26 106 16
split_gain=880.979 290.987 142.636 140.699 311.272 143.273 116.478 109.132 107.913
threshold=30.450000000000003 0.024166666666666701 -0.062499999999999549 14.250000000000002 0.76666666666666738 15.600000000000003 28.250000000000004 11.600000000000001 4.870000000000001
decision_type=2 2 2 2 2 2 2 2 2
left_child=-1 2 8 4 -4 7 -7 -5 -2
right_child=1 -3 3 5 -6 6 -8 -9 -10
leaf_value=0.35430154243885487 0.028374190737080102 -0.18661703909214455 0.25454826964199218 -0.0226612251614246 -0.042963923465961604 -0.021991498588160779 0.031079465189608566 -0.17383648026407811 -0.13631085021184483
leaf_weight=18 14.999999999999998 20 18 40 17 146 353 17 29
leaf_count=18 15 20 18 40 17 146 353 17 29
internal_value=0.0101934 0.000676729 0.00661207 0.01309 0.110189 0.00694998 0.0155404 -0.0680616 -0.0801178
internal_weight=673 655 635 591 35 556 499 57 44
internal_count=673 655 635 591 35 556 499 57 44
is_linear=0
shrinkage=0.05


Tree=172
num_leaves=7
num_cat=0
split_feature=12 32 109 41 33 55
split_gain=649.394 255.168 87.6172 96.757 108.85 81.6356
threshold=30.450000000000003 1.5000000000000002 -0.072499999999999773 -1.1991666666666667 -0.48583333333333328 5.1350000000000007
decision_type=2 2 2 2 2 2
left_child=-1 -2 -3 -4 -5 -6
right_child=1 2 3 4 5 -7
leaf_value=0.27943884857851475 -0.18450341587191199 -0.091463430770208909 -0.10473424094195048 0.12495358315455979 0.023201254258244226 -0.015498008284854091
leaf_weight=20 20 27 21 18 231 332
leaf_count=20 20 27 21 18 231 332
internal_value=-0.000453995 -0.00912878 -0.00351609 0.000434627 0.00426188 0.000372796
internal_weight=669 649 629 602 581 563
internal_count=669 649 629 602 581 563
is_linear=0
shrinkage=0.05


Tree=173
num_leaves=11
num_cat=0
split_feature=35 109 16 88 88 101 60 104 95 76
split_gain=821.67 148.553 123.927 118.297 233.779 133.061 134.289 111.363 101.112 59.8859
threshold=-10.166666666666666 -0.072499999999999773 5.0250000000000012 4.1050000000000013 4.2250000000000005 40.20000000000001 62.350000000000009 19.200000000000003 28.350000000000005 6.6416666666666702
decision_type=2 2 2 2 2 2 2 2 2 2
left_child=-1 2 -2 7 -5 -6 -7 8 -3 -10
right_child=1 3 -4 4 5 6 -8 -9 9 -11
leaf_value=0.3070570121045178 -0.0057864542518343241 0.076279598134651516 -0.19975628863301195 0.19828365310934018 -0.13666614612899949 0.01673302628040782 -0.079693416073499126 -0.17837453014803251 0.0097945305685333862 -0.11612953541288339
leaf_weight=22 15.999999999999998 17 17 15.999999999999998 15.999999999999998 470 39 14.999999999999998 14.999999999999998 25
leaf_count=22 16 17 17 16 16 470 39 15 15 25
internal_value=0.00726413 -0.00298375 -0.106163 0.00257902 0.0106029 0.0048369 0.00932073 -0.0575732 -0.0254391 -0.0688767
internal_weight=668 646 33 613 541 525 509 72 57 40
internal_count=668 646 33 613 541 525 509 72 57 40
is_linear=0
shrinkage=0.05


Tree=174
num_leaves=9
num_cat=0
split_feature=109 37 72 51 17 51 33 82
split_gain=502.674 791.375 96.7742 99.5037 236.847 172.097 208.451 124.889
threshold=-0.078333333333332686 -12.733333333333331 -1.1691666666666665 38.550000000000004 27.250000000000004 44.45000000000001 0.54916666666666647 1.1491666666666667
decision_type=2 2 2 2 2 2 2 2
left_child=-1 -2 -3 4 -4 6 -5 -7
right_child=1 2 3 5 -6 7 -8 -9
leaf_value=0.20494378990762177 -0.3466941882295218 -0.12295671578334724 -0.065434600915039429 -0.22375057121221933 0.16989903387781305 -0.0007845199790402586 -5.5785265900355894e-05 0.14510718696559502
leaf_weight=28 17 15.999999999999998 18 19 26 512 23 14.999999999999998
leaf_count=28 17 16 18 19 26 512 23 15
internal_value=-0.002069 -0.0110798 -0.00194749 0.00122238 0.0735827 -0.00437631 -0.101661 0.00338525
internal_weight=674 646 629 613 44 569 42 527
internal_count=674 646 629 613 44 569 42 527
is_linear=0
shrinkage=0.05


Tree=175
num_leaves=13
num_cat=0
split_feature=36 12 119 64 35 117 33 13 47 31 17 21
split_gain=823.165 457.146 105.856 135.165 460.422 194.926 129.416 117.13 100.674 77.191 61.9938 22.8995
threshold=1.5000000000000002 31.100000000000005 -0.6425000000000004 43.100000000000001 1.6166666666666674 0.04166666666666697 -0.29666666666666636 7.870000000000001 1.0000000180025095e-35 -0.063333333333333006 36.150000000000013 49.550000000000004
decision_type=2 2 2 2 2 2 2 2 2 2 2 2
left_child=-1 -2 8 4 5 -4 -5 -6 -3 -8 -10 -12
right_child=1 2 3 6 7 -7 9 -9 10 -11 11 -13
leaf_value=0.29544929010527471 -0.27137630440248467 -0.15997531271606519 0.28982782052797185 -0.14401428459203355 -0.0097992419088655004 0.092573766792754572 0.038953257265907149 0.12887979986504736 0.032460077186882264 -0.033471537380842291 -0.025517164062190536 -0.11090297838400678
leaf_weight=23 15.999999999999998 18 17 21 280 48 51 15.999999999999998 26 131 14.999999999999998 17
leaf_count=23 16 18 17 21 280 48 51 16 26 131 15 17
internal_value=0.0020886 -0.00823276 -0.00160499 0.00585489 0.024215 0.144606 -0.0267667 -0.0022452 -0.0569658 -0.013139 -0.0246909 -0.0712383
internal_weight=679 656 640 564 361 65 203 296 76 182 58 32
internal_count=679 656 640 564 361 65 203 296 76 182 58 32
is_linear=0
shrinkage=0.05


Tree=176
num_leaves=13
num_cat=0
split_feature=12 32 55 55 37 0 13 25 97 65 48 113
split_gain=505.565 294.698 93.2831 134.952 139.631 262.076 128.655 170.295 125.265 97.2494 126.612 48.7715
threshold=30.450000000000003 1.5000000000000002 4.2700000000000005 4.6450000000000005 -3.4666666666666646 1905.0000000000002 5.3550000000000013 44.70000000000001 6.4600000000000009 45.650000000000006 6.8450000000000006 8.7083333333333339
decision_type=2 2 2 2 2 2 2 2 2 2 2 2
left_child=-1 -2 9 6 5 -5 -4 -8 -6 10 11 -3
right_child=1 2 3 4 8 -7 7 -9 -10 -11 -12 -13
leaf_value=0.26103947791605364 -0.19532055756568317 0.096928543203145423 -0.02349787500187837 0.25264494079627742 -0.014221786431125927 -0.0090443589316031598 0.266159866306166 0.037832665698633666 0.11987550004452302 -0.14993028021295657 -0.11614634877416341 -0.015429621237030936
leaf_weight=18 20 17 18 14.999999999999998 457 26 14.999999999999998 18 18 19 22 22
leaf_count=18 20 17 18 15 457 26 15 18 18 19 22 22
internal_value=0.000293643 -0.00677356 -0.000908201 0.00621817 -0.00144769 0.0869557 0.0837275 0.142259 -0.00910552 -0.0514235 -0.020464 0.0335418
internal_weight=685 667 647 567 516 41 51 33 475 80 61 39
internal_count=685 667 647 567 516 41 51 33 475 80 61 39
is_linear=0
shrinkage=0.05


Tree=177
num_leaves=12
num_cat=0
split_feature=41 10 11 48 33 33 106 109 99 44 63
split_gain=403.185 1978.54 1027.27 244.465 425.592 379.672 209.912 166.676 133.226 126.802 31.1981
threshold=-0.57416666666666638 4.5200000000000005 18.100000000000005 6.9250000000000007 0.50666666666666693 -0.59000000000000019 9.0500000000000025 -0.079166666666666149 63.350000000000009 3.5000000000000004 39.650000000000006
decision_type=2 2 2 2 2 2 2 2 2 2 2
left_child=1 -1 -2 5 -5 -4 10 -7 -9 -8 -3
right_child=2 6 3 4 -6 7 9 8 -10 -11 -12
leaf_value=0.61889935613467995 -0.38789652693831461 -0.11255642476402748 -0.26083058896443706 0.31172161802001619 -0.037309791799147091 -0.16003068835414641 0.0098687368186183011 -0.0076444898064991417 0.10255147669323531 0.19152846912049359 -0.030587381956639226
leaf_weight=14.999999999999998 18 24 14.999999999999998 15.999999999999998 19 17 24 477 29 15.999999999999998 23
leaf_count=15 18 24 15 16 19 17 24 477 29 16 23
internal_value=-0.00116893 0.0905744 -0.0170239 -0.00529908 0.122538 -0.0136462 -0.00106468 -0.00649869 -0.00130002 0.0829537 -0.0727002
internal_weight=693 102 591 573 35 538 87 523 506 40 47
internal_count=693 102 591 573 35 538 87 523 506 40 47
is_linear=0
shrinkage=0.05


Tree=178
num_leaves=15
num_cat=0
split_feature=41 39 37 95 3 109 23 119 25 106 97 113 19 21
split_gain=335.753 2367.54 1037.95 142.33 158.765 127.973 126.758 101.069 112.944 84.5353 89.2687 46.6827 43.6416 42.2675
threshold=-0.57416666666666638 -0.97999999999999987 -12.733333333333331 32.850000000000001 3.5000000000000004 -0.072499999999999773 73.15000000000002 -0.67416666666666625 30.750000000000004 25.650000000000002 6.4600000000000009 8.8916666666666675 5.1750000000000007 48.650000000000013
decision_type=2 2 2 2 2 2 2 2 2 2 2 2 2 2
left_child=1 -1 -2 4 -3 -4 -5 8 -7 10 -9 -11 -10 -8
right_child=2 3 5 6 -6 7 13 9 12 11 -12 -13 -14 -15
leaf_value=0.66274403196494314 -0.40934013513304435 0.17914376864151926 -0.10638098088871967 -0.17266806375739571 -0.042845005023738614 -0.17582145661905113 0.049879753885802264 0.011471622319664877 0.034986345815997549 -0.13122891825161234 0.11684152782669564 -0.011602771698975762 -0.060846205666056412 -0.057640025492810526
leaf_weight=14.999999999999998 15.999999999999998 15.999999999999998 28 18 15.999999999999998 14.999999999999998 15.999999999999998 432 21 14.999999999999998 21 18 27 21
leaf_count=15 16 16 28 18 16 15 16 432 21 15 21 18 27 21
internal_value=0.00104846 0.0848033 -0.0133614 -0.0154308 0.0682059 -0.00230333 -0.0642184 0.00301412 -0.0565075 0.0107502 0.0163921 -0.0663615 -0.0188299 -0.0110011
internal_weight=695 102 593 87 32 577 55 549 63 486 453 33 48 37
internal_count=695 102 593 87 32 577 55 549 63 486 453 33 48 37
is_linear=0
shrinkage=0.05


Tree=179
num_leaves=10
num_cat=0
split_feature=32 35 4 97 68 97 62 10 84
split_gain=464.091 613.546 75.4887 117.012 96.6921 104.665 76.454 85.6065 44.6368
threshold=1.5000000000000002 -8.8583333333333343 11.500000000000002 6.4600000000000009 59.500000000000007 5.9250000000000007 80.65000000000002 6.4850000000000012 0.0016666666666666637
decision_type=2 2 2 2 2 2 2 2 2
left_child=-1 -2 3 4 5 -3 8 -8 -4
right_child=1 2 6 -5 -6 -7 7 -9 -10
leaf_value=0.20881557439665396 -0.31510066576996204 0.0029259481755640037 -0.034435203946221266 0.12520817825619462 0.12418472117294144 -0.072214636348056707 0.095510868323559803 -0.060409780701189797 -0.13918867857500725
leaf_weight=25 15.999999999999998 497 18 19 14.999999999999998 51 14.999999999999998 21 24
leaf_count=25 16 497 18 19 15 51 15 21 24
internal_value=-0.00229071 -0.010135 -0.00268773 0.00349766 -0.000622429 -0.00406984 -0.0488496 0.00450326 -0.0946015
internal_weight=701 676 660 582 563 548 78 36 42
internal_count=701 676 660 582 563 548 78 36 42
is_linear=0
shrinkage=0.05


Tree=180
num_leaves=11
num_cat=0
split_feature=12 32 109 78 64 54 69 62 97 98
split_gain=647.566 250.279 85.2424 81.1012 260.099 189.366 141.031 114.761 111.991 97.8302
threshold=30.450000000000003 1.5000000000000002 -0.072499999999999773 -0.46333333333333376 21.550000000000001 40.350000000000009 3.5000000000000004 55.800000000000004 5.5250000000000012 49.000000000000007
decision_type=2 2 2 2 2 2 2 2 2 2
left_child=-1 -2 -3 4 6 -6 -4 8 -5 -9
right_child=1 2 3 7 5 -7 -8 9 -10 -11
leaf_value=0.29776809564611528 -0.17476044516145336 -0.086671091687635302 0.058349299194007498 -0.017687547397783217 -0.037824529198771904 0.11532107684555089 0.2758166921059817 -0.0021155206901640263 -0.177574341534251 0.12732601657213755
leaf_weight=18 21 27 15.000000000000002 28 79 27 14.999999999999998 437 18 14.999999999999998
leaf_count=18 21 27 15 28 79 27 15 437 18 15
internal_value=0.00258445 -0.00524151 0.000162175 0.00388109 0.038091 0.00120906 0.167804 -0.00545711 -0.0806099 0.00219626
internal_weight=700 682 661 634 136 106 30 498 46 452
internal_count=700 682 661 634 136 106 30 498 46 452
is_linear=0
shrinkage=0.05


Tree=181
num_leaves=10
num_cat=0
split_feature=109 33 37 107 59 60 50 10 106
split_gain=417.373 523.169 116.51 70.5884 110.44 145.575 115.945 88.1664 86.3694
threshold=-0.078333333333332686 -0.7616666666666666 -8.7999999999999972 53.500000000000007 40.95000000000001 58.250000000000007 19.750000000000004 4.5750000000000011 15.150000000000002
decision_type=2 2 2 2 2 2 2 2 2
left_child=-1 -2 -3 4 6 -6 -4 -5 -9
right_child=1 2 3 7 5 -7 -8 8 -10
leaf_value=0.19196703066685106 -0.2474099379319411 0.13282005274147721 -0.13356302560658645 -0.13515203698821687 0.21234194593171019 0.018173709610731399 0.0086957461411633734 0.0044047713037609964 -0.055567863209450057
leaf_weight=27 22 15.999999999999998 14.999999999999998 15.999999999999998 14.999999999999998 27 278 188 88
leaf_count=27 22 16 15 16 15 27 278 188 88
internal_value=-0.000367914 -0.00821221 1.2751e-06 -0.00340071 0.0122511 0.0879779 0.00135273 -0.0213726 -0.014712
internal_weight=692 665 643 627 335 42 293 292 276
internal_count=692 665 643 627 335 42 293 292 276
is_linear=0
shrinkage=0.05


Tree=182
num_leaves=8
num_cat=0
split_feature=70 76 25 10 98 90 113
split_gain=428.143 336.822 487.267 336.999 154.429 186.532 157.97
threshold=-0.085833333333333858 29.416666666666671 13.450000000000001 4.1150000000000011 27.150000000000002 72.550000000000011 -1.9250000000000005
decision_type=2 2 2 2 2 2 2
left_child=-1 2 -2 -4 6 -6 -5
right_child=1 -3 3 4 5 -7 -8
leaf_value=0.25064957028960588 0.21588238565506282 -0.2362123681741379 -0.2321811473334742 0.11786688961544817 -0.013533001874567789 -0.16245317161083223 0.0018612022005300652
leaf_weight=15.999999999999998 24 15.999999999999998 17 44 438 22 88
leaf_count=16 24 16 17 44 438 22 88
internal_value=-0.00404032 -0.0103646 -0.00461168 -0.0133433 -0.00701253 -0.0206999 0.0406276
internal_weight=665 649 633 609 592 460 132
internal_count=665 649 633 609 592 460 132
is_linear=0
shrinkage=0.05


Tree=183
num_leaves=7
num_cat=0
split_feature=24 76 25 10 12 12
split_gain=412.472 341.064 443.027 266.338 158.749 87.7938
threshold=12.100000000000001 29.416666666666671 13.450000000000001 4.1150000000000011 38.050000000000004 41.000000000000007
decision_type=2 2 2 2 2 2
left_child=-1 2 -2 -4 -5 -6
right_child=1 -3 3 4 5 -7
leaf_value=0.25680955581317677 0.26618252707435602 -0.22153659805408499 -0.2086015917314506 0.15750079427333857 -0.1218150988822768 -0.0035045906818334084
leaf_weight=14.999999999999998 14.999999999999998 18 15.999999999999998 14.999999999999998 15.999999999999998 609
leaf_count=15 15 18 16 15 16 609
internal_value=-0.00168829 -0.00735967 -0.00157463 -0.00774439 -0.00268334 -0.00656034
internal_weight=704 689 671 656 640 625
internal_count=704 689 671 656 640 625
is_linear=0
shrinkage=0.05


Tree=184
num_leaves=14
num_cat=0
split_feature=24 10 31 24 24 70 12 108 10 43 18 33 95
split_gain=557.966 625.828 111.998 312.905 108.962 150.415 118.852 104.586 312.777 108.855 102.368 134.225 78.4644
threshold=15.600000000000003 4.035000000000001 -0.0016666666666673711 26.200000000000006 39.150000000000013 -1.0000000180025095e-35 61.150000000000013 2.5000000000000004 4.995000000000001 -0.19666666666666674 40.45000000000001 -0.37666666666666687 34.550000000000004
decision_type=2 2 2 2 2 2 2 2 2 2 2 2 2
left_child=-1 -2 7 -4 5 -5 -6 8 -3 -10 12 -12 -9
right_child=1 2 3 4 6 -7 -8 10 9 -11 11 -13 -14
leaf_value=0.25246377669239495 -0.28345068718737632 -0.24944726665727576 0.23122293445389738 0.0050841712232293753 -0.082233095035827083 0.19978183196013019 0.025119321435344896 -0.022301928115576311 -0.096632913997140107 0.0087154416897762942 0.15540149949537299 0.0066417732755134976 -0.15079945532246405
leaf_weight=21 20 17 18 26 41 15.999999999999998 69 46 34 87 15.999999999999998 263 15.999999999999998
leaf_count=21 20 17 18 26 41 16 69 46 34 87 16 263 16
internal_value=-0.000685813 -0.00867623 -0.000158538 0.0346872 0.0112436 0.0796718 -0.0148868 -0.0125406 -0.0492514 -0.0209006 0.00231142 0.0152433 -0.0557325
internal_weight=690 669 649 170 152 42 110 479 138 121 341 279 62
internal_count=690 669 649 170 152 42 110 479 138 121 341 279 62
is_linear=0
shrinkage=0.05


Tree=185
num_leaves=10
num_cat=0
split_feature=10 24 36 107 10 106 84 48 72
split_gain=595.465 487.483 162.065 88.0395 109.944 95.9006 118.658 90.9402 86.3609
threshold=3.7150000000000003 18.900000000000002 1.5000000000000002 53.500000000000007 4.4850000000000012 15.150000000000002 0.012499999999999999 6.9050000000000011 -0.28000000000000019
decision_type=2 2 2 2 2 2 2 2 2
left_child=-1 -2 -3 4 -4 6 -5 -6 -7
right_child=1 2 3 5 7 8 -8 -9 -10
leaf_value=-0.31617258842417739 0.21316575944366584 -0.13730791254993124 0.14669910512913931 -0.02423993245526089 -0.0011004806693957379 -0.17228865536010785 0.070339874713515729 0.081149820572747958 -0.042998901534764496
leaf_weight=14.999999999999998 26 23 14.999999999999998 156 284 15.999999999999998 42 38 67
leaf_count=15 26 23 15 156 284 16 42 38 67
internal_value=-0.00568053 0.0013409 -0.00727517 -0.00240625 0.0148155 -0.0230758 -0.00412693 0.00861273 -0.0681597
internal_weight=682 667 641 618 337 281 198 322 83
internal_count=682 667 641 618 337 281 198 322 83
is_linear=0
shrinkage=0.05


Tree=186
num_leaves=11
num_cat=0
split_feature=10 35 4 35 63 113 84 10 27 6
split_gain=429.358 427.733 88.4498 91.2932 101.31 212.567 136.007 62.8254 64.2591 59.758
threshold=3.8200000000000003 -9.5916666666666668 1.5000000000000002 16.233333333333331 47.20000000000001 -11.4 0.010833333333333349 6.1250000000000009 18.750000000000004 2.5000000000000004
decision_type=2 2 2 2 2 2 2 2 2 2
left_child=-1 -2 9 4 5 -4 -6 -5 -9 -3
right_child=1 2 3 7 6 -7 -8 8 -10 -11
leaf_value=-0.23926146248872368 0.26425472833709612 -0.016302464124690965 0.18762907955183913 -0.13214025630713988 -0.028596850276281033 0.018097816375877304 0.079039179195057263 0.065831468027281737 -0.043690186760161086 -0.12818777674397863
leaf_weight=19 14.999999999999998 25 20 15.999999999999998 210 233 34 15.999999999999998 79 23
leaf_count=19 15 25 20 16 210 233 34 16 79 23
internal_value=-0.00550132 0.00114504 -0.00490293 0.000252455 0.00941859 0.0315881 -0.0135517 -0.0407153 -0.025142 -0.0701732
internal_weight=690 671 656 608 497 253 244 111 95 48
internal_count=690 671 656 608 497 253 244 111 95 48
is_linear=0
shrinkage=0.05


Tree=187
num_leaves=8
num_cat=0
split_feature=12 35 109 13 13 13 65
split_gain=458.522 161.887 77.6904 81.6311 102.52 141.846 64.7158
threshold=30.450000000000003 -8.7499999999999982 -0.079166666666666149 7.870000000000001 6.7750000000000012 6.5250000000000012 22.850000000000005
decision_type=2 2 2 2 2 2 2
left_child=-1 -2 -3 4 5 -4 -6
right_child=1 2 3 -5 6 -7 -8
leaf_value=0.23834963230351314 -0.13710173050371499 -0.087530774187250249 0.00020272323057935477 0.090512669508941324 -0.13354758071271997 0.085423286608378057 -0.027143769967343606
leaf_weight=20 22 24 430 26 17 55 89
leaf_count=20 22 24 430 26 17 55 89
internal_value=0.00307511 -0.00404949 0.000529917 0.00397702 0.000146914 0.00989284 -0.0443654
internal_weight=683 663 641 617 591 485 106
internal_count=683 663 641 617 591 485 106
is_linear=0
shrinkage=0.05


Tree=188
num_leaves=13
num_cat=0
split_feature=12 32 13 13 104 104 89 9 65 73 69 105
split_gain=831.706 155.905 69.2482 100.388 95.0082 94.1746 69.4843 79.6789 94.9371 56.2687 54.8046 25.7414
threshold=30.450000000000003 1.5000000000000002 6.7950000000000008 6.6850000000000014 5.8500000000000005 56.400000000000006 36.750000000000007 6.7650000000000006 46.900000000000006 3.5000000000000004 2.5000000000000004 14.250000000000002
decision_type=2 2 2 2 2 2 2 2 2 2 2 2
left_child=-1 -2 3 4 -3 -6 10 9 -9 -8 -4 -12
right_child=1 2 6 -5 5 -7 7 8 -10 -11 11 -13
leaf_value=0.33711405393168414 -0.1435384019986907 0.090035546295265279 -0.14216856923862475 0.096461000454794499 -0.0092322009051275435 0.11037276962347196 -0.12664701101795728 0.12383172401037085 -0.041991251036956515 -0.0050591981473782051 -0.082840355374536462 -0.00028738985903820584
leaf_weight=18 20 28 20 29 436 17 14.999999999999998 20 14.999999999999998 26 18 20
leaf_count=18 20 28 20 29 436 17 15 20 15 26 18 20
internal_value=0.0027014 -0.00640587 -0.00211771 0.0062796 0.000813158 -0.00470931 -0.0340958 -0.00255539 0.0527051 -0.0498641 -0.0752629 -0.0396375
internal_weight=682 664 644 510 481 453 134 76 35 41 58 38
internal_count=682 664 644 510 481 453 134 76 35 41 58 38
is_linear=0
shrinkage=0.05


Tree=189
num_leaves=11
num_cat=0
split_feature=32 10 109 107 105 0 101 75 69 119
split_gain=478.133 391.977 71.6559 70.7135 166.78 115.709 108.04 141.195 100.686 80.4229
threshold=1.5000000000000002 3.7550000000000003 -0.085833333333333414 52.500000000000007 27.750000000000004 1737.0000000000002 73.40000000000002 4.5000000000000009 2.5000000000000004 -0.059999999999999602
decision_type=2 2 2 2 2 2 2 2 2 2
left_child=-1 -2 -3 4 8 -6 7 -5 -4 -8
right_child=1 2 3 6 5 -7 9 -9 -10 -11
leaf_value=0.21370911650448685 -0.26045049409203186 -0.10687753389710963 -0.055237984914403161 0.067382398239987998 0.18374355890792171 0.035513199736451027 0.0035331190082574164 -0.021337300823196199 0.025987859036015644 -0.058994759474984039
leaf_weight=25 14.999999999999998 15.999999999999998 58 77 23 31 81 107 111 140
leaf_count=25 15 16 58 77 23 31 81 107 111 140
internal_value=-0.000469585 -0.0086335 -0.00272091 -4.26858e-05 0.0225543 0.0989637 -0.0124998 0.0157792 -0.00187508 -0.0360635
internal_weight=684 659 644 628 223 54 405 184 169 221
internal_count=684 659 644 628 223 54 405 184 169 221
is_linear=0
shrinkage=0.05


Tree=190
num_leaves=13
num_cat=0
split_feature=109 10 3 35 117 8 51 115 70 43 109 58
split_gain=433.531 423.511 138.822 257.318 246.778 373.958 124.529 117.711 120.663 68.0677 82.0079 54.0066
threshold=-0.078333333333332686 3.7150000000000003 3.5000000000000004 -8.0166666666666622 -0.3241666666666671 1.0000000180025095e-35 61.550000000000004 -7.291666666666667 0.023333333333332987 -0.64833333333333287 0.026666666666666842 5.2350000000000012
decision_type=2 2 2 2 2 2 2 2 2 2 2 2
left_child=-1 -2 4 -4 5 -3 -7 -6 -9 11 -11 -5
right_child=1 2 3 9 7 6 -8 8 -10 10 -12 -13
leaf_value=0.19081002170687278 -0.26814742206737696 0.32659379593189192 -0.21759785302677509 -0.12863403168899754 -0.13111158315069185 -0.025838895126256319 0.12305229840683324 -0.015126800764893592 0.066049092476143198 -0.019956687480118855 0.042030930047371684 -0.01203757577541611
leaf_weight=29 14.999999999999998 14.999999999999998 15.999999999999998 21 15.999999999999998 29 27 154 65 205 72 19
leaf_count=29 15 15 16 21 16 29 27 154 65 205 72 19
internal_value=0.00196994 -0.00642395 -0.000231382 -0.0225761 0.0240681 0.105687 0.0459502 -0.000604596 0.00896283 -0.0126515 -0.00381699 -0.0735435
internal_weight=683 654 639 333 306 71 56 235 219 317 277 40
internal_count=683 654 639 333 306 71 56 235 219 317 277 40
is_linear=0
shrinkage=0.05


Tree=191
num_leaves=11
num_cat=0
split_feature=32 12 45 34 78 74 89 109 55 41
split_gain=474.931 422.397 87.115 94.8597 177.941 231.08 178.374 82.6063 87.5355 43.6075
threshold=1.5000000000000002 31.100000000000005 0.024166666666666701 4.5000000000000009 -0.90916666666666746 0.24166666666666717 21.500000000000004 -0.045000000000000366 5.5850000000000009 0.026666666666666842
decision_type=2 2 2 2 2 2 2 2 2 2
left_child=-1 -2 3 4 5 -3 -6 9 -9 -5
right_child=1 2 -4 7 6 -7 -8 8 -10 -11
leaf_value=0.21690307083342583 -0.27045184371881931 0.26695594828321323 -0.10553371537828921 -0.033406813580171647 0.14343042383771137 -0.0054434472189241684 -0.005725318926976676 0.011463979112160988 -0.042850970504780532 -0.1286241017248296
leaf_weight=24 14.999999999999998 16.000000000000004 20 27 22 14.999999999999998 215 219 112 22
leaf_count=24 15 16 20 27 22 15 215 219 112 22
internal_value=-0.00123511 -0.00893824 -0.00301884 0.000153275 0.0229358 0.135395 0.00815393 -0.0159031 -0.00690678 -0.0764342
internal_weight=707 683 668 648 268 31 237 380 331 49
internal_count=707 683 668 648 268 31 237 380 331 49
is_linear=0
shrinkage=0.05


Tree=192
num_leaves=10
num_cat=0
split_feature=94 37 109 52 78 49 4 98 64
split_gain=332.015 216.909 86.2203 72.7969 142.241 171.168 103.916 86.0389 56.6729
threshold=6.5450000000000008 -12.733333333333331 -0.079166666666666149 1.0000000180025095e-35 -0.46333333333333376 4.535000000000001 4.5000000000000009 49.000000000000007 36.500000000000007
decision_type=2 2 2 2 2 2 2 2 2
left_child=1 -1 -3 6 5 -5 -4 -6 -8
right_child=-2 2 3 4 7 -7 8 -9 -10
leaf_value=-0.18502633062719601 0.20218147421694554 -0.095501529300711541 -0.1576235931878637 0.17465284612524673 -0.0092329932378307274 0.016465600361004331 0.058913456225952898 0.11198207378782184 -0.058150199042290622
leaf_weight=17 19 25 17 25 476 54 17 14.999999999999998 26
leaf_count=17 19 25 17 25 476 54 17 15 26
internal_value=-0.00337196 -0.00922039 -0.00462231 -0.000993472 0.00451618 0.0667456 -0.0533388 -0.00549766 -0.0117239
internal_weight=691 672 655 630 570 79 60 491 43
internal_count=691 672 655 630 570 79 60 491 43
is_linear=0
shrinkage=0.05


Tree=193
num_leaves=12
num_cat=0
split_feature=109 16 37 80 56 84 105 53 13 13 12
split_gain=356.431 1320.25 709.007 82.3771 136.88 95.2048 154.658 111.766 88.7767 97.7829 167.195
threshold=-0.078333333333332686 4.995000000000001 -13.533333333333331 0.24416666666666711 38.250000000000007 0.022499999999999996 15.900000000000002 22.850000000000005 7.5950000000000015 3.4800000000000004 48.050000000000004
decision_type=2 2 2 2 2 2 2 2 2 2 2
left_child=1 -1 -2 4 5 7 -7 -4 9 -5 -11
right_child=2 -3 3 8 -6 6 -8 -9 -10 10 -12
leaf_value=0.49360174609730567 -0.35128014458725787 -0.16768784741963574 -0.056968095814230679 0.070596881468258599 0.12418705860608842 -0.026327534750202632 0.19993800717276455 0.0092591267407688034 0.080972737631602593 -0.14677761670446124 -0.02624702346826251
leaf_weight=15.000000000000002 14.999999999999998 14.999999999999998 82 19 24 15.000000000000002 14.999999999999998 284 17 35 161
leaf_count=15 15 15 82 19 24 15 15 284 17 35 161
internal_value=-0.00495972 0.163332 -0.0125599 -0.00470693 0.00849289 0.00143892 0.0869275 -0.00557652 -0.0286181 -0.0373403 -0.0478597
internal_weight=697 30 667 652 420 396 30 366 232 215 196
internal_count=697 30 667 652 420 396 30 366 232 215 196
is_linear=0
shrinkage=0.05


Tree=194
num_leaves=14
num_cat=0
split_feature=3 35 37 70 74 103 63 64 112 39 109 18 17
split_gain=321.061 2243.63 1354.69 134.825 100.149 102.919 98.5036 95.4403 129.808 93.2987 92.1261 83.5093 54.5283
threshold=2.5000000000000004 -6.9749999999999988 -11.708333333333327 0.068333333333334259 -13.016666666666662 6.9000000000000012 26.200000000000006 44.20000000000001 2.5000000000000004 1.3025 -0.079166666666666149 47.150000000000013 35.95000000000001
decision_type=2 2 2 2 2 2 2 2 2 2 2 2 2
left_child=1 -1 -2 4 -4 -6 -3 8 -8 -10 -7 -9 -13
right_child=2 6 3 -5 5 10 7 11 9 -11 -12 12 -14
leaf_value=0.63326997779161731 -0.4788427705350129 -0.10623256571941975 -0.14003294614253578 0.12163251118106735 -0.12949914113098746 -0.11469178707655812 0.14313294103531424 -0.10501761721925261 0.050697791495972692 -0.050356598126694269 -0.0021218325347962044 0.077593879048761569 -0.040152576767327461
leaf_weight=14.999999999999998 15.999999999999998 19 15.999999999999998 18 18 19 24 26 62 36 378 17 23
leaf_count=15 16 19 16 18 18 19 24 26 62 36 378 17 23
internal_value=-0.00457356 0.0448747 -0.0281964 -0.0120236 -0.017644 -0.0128808 0.00192802 0.0129364 0.0391479 0.0135113 -0.00754943 -0.0354256 0.00983369
internal_weight=687 222 465 449 431 415 207 188 122 98 397 66 40
internal_count=687 222 465 449 431 415 207 188 122 98 397 66 40
is_linear=0
shrinkage=0.05


Tree=195
num_leaves=11
num_cat=0
split_feature=12 32 109 31 74 41 24 72 122 1
split_gain=801.443 146.907 71.35 69.709 139.779 204.012 88.9199 196.242 91.2762 81.3332
threshold=30.450000000000003 1.5000000000000002 -0.079166666666666149 -0.0016666666666673711 1.2249999999999945 -0.18249999999999963 27.900000000000002 0.34166666666666684 5.5000000000000009 2.5000000000000004
decision_type=2 2 2 2 2 2 2 2 2 2
left_child=-1 -2 -3 6 5 -5 7 -4 -8 -6
right_child=1 2 3 4 9 -7 8 -9 -10 -11
leaf_value=0.31397002073959335 -0.14306820053704747 -0.088762850007969574 -0.21575995437017795 0.21110304830747562 -0.037936814744490455 0.015735665999374784 0.0056410311994502605 0.0031330328182817774 -0.069486146823331679 0.050460232622620609
leaf_weight=20 19 23 15.999999999999998 22 68 34 390 28 45 42
leaf_count=20 19 23 16 22 68 34 390 28 45 42
internal_value=0.00276009 -0.00633698 -0.0024196 0.000664837 0.0285842 0.0928158 -0.00900429 -0.0766598 -0.00213344 -0.00412463
internal_weight=707 687 668 645 166 56 479 44 435 110
internal_count=707 687 668 645 166 56 479 44 435 110
is_linear=0
shrinkage=0.05


Tree=196
num_leaves=10
num_cat=0
split_feature=33 109 24 27 95 96 47 84 117
split_gain=902.671 98.2013 83.3793 72.343 224.295 222.773 90.7607 100.376 80.277
threshold=-0.92499999999999971 -0.078333333333332686 14.650000000000002 12.250000000000002 41.150000000000013 45.250000000000007 1.5000000000000002 -0.023333333333333327 1.6133333333333337
decision_type=2 2 2 2 2 2 2 2 2
left_child=-1 -2 -3 4 5 -4 8 -8 -5
right_child=1 2 3 6 -6 -7 7 -9 -10
leaf_value=0.3813593897598469 -0.10275569166644472 -0.11800313975129809 -0.018093790663655514 -0.03720247178464036 -0.11688716163237889 0.13965199317730009 0.13411392104207423 0.0065333434128468162 0.020962225951343658
leaf_weight=14.999999999999998 27 15.999999999999998 41 281 20 49 17 158 75
leaf_count=15 27 16 41 281 20 49 17 158 75
internal_value=-0.00102168 -0.00946906 -0.0056127 -0.00278156 0.0340947 0.0677942 -0.0104351 0.019025 -0.0249322
internal_weight=699 684 657 641 110 90 531 175 356
internal_count=699 684 657 641 110 90 531 175 356
is_linear=0
shrinkage=0.05


Tree=197
num_leaves=11
num_cat=0
split_feature=36 33 4 104 43 31 11 64 74 121
split_gain=527.264 209.617 85.3312 94.3327 76.9544 73.7582 65.3225 65.3051 64.229 66.496
threshold=1.5000000000000002 -0.55249999999999966 10.500000000000002 56.400000000000006 -0.58833333333333326 -0.0741666666666667 38.45000000000001 25.950000000000003 -6.3249999999999984 -0.38166666666666632
decision_type=2 2 2 2 2 2 2 2 2 2
left_child=-1 -2 3 4 6 -6 -3 -4 -9 -10
right_child=1 2 7 -5 5 -7 -8 8 9 -11
leaf_value=0.21962300729542639 -0.16438970918123108 -0.099588736931350938 -0.10436758244808804 0.1284379384162263 0.05611505129398691 0.0027922275583827372 0.0044994294247357944 0.078071706791389861 0.048909832157231679 -0.052612831157835438
leaf_weight=27 20 30 27 15.999999999999998 80 342 30 14.999999999999998 20 81
leaf_count=27 20 30 27 16 80 342 30 15 20 81
internal_value=0.00345874 -0.00539529 -0.000401798 0.00936699 0.00537824 0.0129236 -0.0475406 -0.0344395 -0.0180442 -0.0324314
internal_weight=688 661 641 498 482 422 60 143 116 101
internal_count=688 661 641 498 482 422 60 143 116 101
is_linear=0
shrinkage=0.05


Tree=198
num_leaves=8
num_cat=0
split_feature=109 10 48 32 71 64 106
split_gain=503.956 659.514 107.526 242.692 65.1197 71.5706 65.3355
threshold=-0.078333333333332686 3.8200000000000003 6.9350000000000014 1.5000000000000002 1.5000000000000002 26.200000000000006 6.0500000000000016
decision_type=2 2 2 2 2 2 2
left_child=-1 -2 3 -3 6 -6 -5
right_child=1 2 -4 4 5 -7 -8
leaf_value=0.21165010874298798 -0.30188823337642312 -0.20614473273027811 0.091853446485574142 0.0092390314093110156 0.037315436368884285 -0.0075236405186359934 -0.11960079819609076
leaf_weight=26 19 14.999999999999998 28 17 110 464 23
leaf_count=26 19 15 28 17 110 464 23
internal_value=-0.00392648 -0.0122554 -0.0038271 -0.0081082 -0.00322925 0.00106551 -0.0648327
internal_weight=702 676 657 629 614 574 40
internal_count=702 676 657 629 614 574 40
is_linear=0
shrinkage=0.05


Tree=199
num_leaves=10
num_cat=0
split_feature=12 32 57 9 23 48 103 28 39
split_gain=659.471 214.179 75.2982 102.014 85.1512 149.049 76.957 76.5326 38.0233
threshold=30.450000000000003 1.5000000000000002 31.650000000000002 6.7350000000000012 57.400000000000013 6.8150000000000004 6.6500000000000012 28.550000000000004 0.038333333333332227
decision_type=2 2 2 2 2 2 2 2 2
left_child=-1 -2 3 -3 5 -4 -6 -8 -5
right_child=1 2 4 8 6 -7 7 -9 -10
leaf_value=0.29285650129249585 -0.17478302477637708 0.042621243827005953 -0.0043211637342947104 -0.16049709297371229 -0.10119454980627196 0.19944062817175656 -0.0011884369725169962 0.078476736701537514 -0.060505275840688891
leaf_weight=19 18 19 22 14.999999999999998 18 14.999999999999998 494 32 27
leaf_count=19 18 19 22 15 18 15 494 32 27
internal_value=0.00321335 -0.00516039 -0.000370351 -0.0531773 0.00517352 0.0784651 0.000165917 0.00366261 -0.0966318
internal_weight=679 660 642 61 581 37 544 526 42
internal_count=679 660 642 61 581 37 544 526 42
is_linear=0
shrinkage=0.05


end of trees

feature_importances:
pos1_勝率_レース内差=133
pos1_3連率_レース内差=96
pos1_3連率=76
pos3_展示_レース内差=76
pos1_2連率_レース内差=75
pos2_勝率_レース内差=65
pos1_勝率=55
pos1_展示_レース内差=54
pos2_3連率_レース内差=52
pos2_2連率=46
pos2_2連率_レース内差=46
開催経過日=45
pos1_勝率_レース内順位=44
pos3_2連率_レース内差=41
pos2_1コース複勝率=39
pos1_2コース複勝率=38
pos1_4コース複勝率=38
pos2_展示_レース内差=37
pos2_当地勝率_レース内差=37
pos1_2連率=35
pos2_3コース複勝率=34
pos1_3コース複勝率=32
pos2_平均スタートタイミング_レース内差=32
pos1_平均スタートタイミング_レース内差=29
pos3_4コース複勝率=29
pos3_1コース複勝率=27
pos1_当地勝率_レース内差=26
pos1_3連率_レース内順位=25
pos1_当地勝率=24
pos3_3連率_レース内差=23
pos2_4コース複勝率=22
pos2_勝率_レース内順位=21
pos3_勝率_レース内差=21
pos1_5コース複勝率=20
レース=19
pos2_体重=19
pos2_展示=18
pos2_モーター勝率_レース内差=18
pos3_展示=18
pos3_ボート勝率=18
pos1_1コース複勝率=17
pos1_ボート勝率_レース内差=17
pos3_当地勝率_レース内差=17
pos1_モーター勝率_レース内差=16
pos3_モーター2連率=16
pos1_モーター勝率=15
pos2_ボート勝率_レース内差=15
pos3_ボート2連率=15
pos3_6コース複勝率=15
pos3_2連率_レース内順位=15
pos1_展示_レース内順位=14
pos2_当地2連率=14
pos2_ボート勝率=14
pos3_勝率=14
pos3_モーター勝率_レース内差=14
日目=13
pos2_勝率=13
pos2_3連率=13
pos2_ボート2連率=13
pos3_モーター3連率=13
pos3_2コース複勝率=13
pos1_6コース複勝率=12
pos1_2連率_レース内順位=12
pos2_モーター勝率=12
pos2_5コース複勝率=12
pos3_体重=12
pos1_当地3連率=11
pos1_モーター2連率=11
pos2_2連率_レース内順位=11
pos3_ボート3連率=11
pos1_モーター3連率=10
pos1_平均スタートタイミング_レース内順位=10
pos2_当地3連率=10
pos2_モーター2連率=10
pos2_ボート3連率=10
pos2_2コース複勝率=10
pos3_3連率=10
pos1_当地2連率=9
pos1_当地勝率_レース内順位=9
pos2_6コース複勝率=9
pos3_当地3連率=9
pos3_平均スタートタイミング_レース内差=9
pos1_展示=8
pos2_級=8
pos2_当地勝率=8
pos3_ボート勝率_レース内差=8
pos2_平均スタートタイミング=7
pos3_2連率=7
pos3_モーター勝率=7
pos3_3コース複勝率=7
pos3_5コース複勝率=7
pos2_モーター3連率=6
pos1_級=5
pos1_ボート勝率=5
pos1_ボート3連率=5
pos1_平均スタートタイミング=5
pos2_3連率_レース内順位=5
pos2_モーター勝率_レース内順位=5
pos3_当地勝率_レース内順位=5
pos3_平均スタートタイミング_レース内順位=5
風速=4
風向=4
pos2_展示_レース内順位=4
pos3_当地2連率=4
pos3_展示_レース内順位=4
pos3_3連率_レース内順位=4
pos3_ボート勝率_レース内順位=4
天気=3
pos1_ボート2連率=3
pos1_ボート勝率_レース内順位=3
pos2_当地勝率_レース内順位=3
pos3_当地勝率=3
pos3_勝率_レース内順位=3
pos1_体重=2
pos2_ボート勝率_レース内順位=2
pos2_平均スタートタイミング_レース内順位=1
pos3_級=1
pos3_平均スタートタイミング=1
pos3_モーター勝率_レース内順位=1

parameters:
[boosting: gbdt]
[objective: regression]
[metric: rmse]
[tree_learner: serial]
[device_type: cpu]
[data_sample_strategy: bagging]
[data: ]
[valid: ]
[num_iterations: 200]
[learning_rate: 0.05]
[num_leaves: 31]
[num_threads: 0]
[seed: 42]
[deterministic: 0]
[force_col_wise: 0]
[force_row_wise: 0]
[histogram_pool_size: -1]
[max_depth: 6]
[min_data_in_leaf: 15]
[min_sum_hessian_in_leaf: 0.001]
[bagging_fraction: 0.9]
[pos_bagging_fraction: 1]
[neg_bagging_fraction: 1]
[bagging_freq: 1]
[bagging_seed: 400]
[bagging_by_query: 0]
[feature_fraction: 0.9]
[feature_fraction_bynode: 1]
[feature_fraction_seed: 30056]
[extra_trees: 0]
[extra_seed: 12879]
[early_stopping_round: 0]
[early_stopping_min_delta: 0]
[first_metric_only: 0]
[max_delta_step: 0]
[lambda_l1: 0.1]
[lambda_l2: 0.1]
[linear_lambda: 0]
[min_gain_to_split: 0]
[drop_rate: 0.1]
[max_drop: 50]
[skip_drop: 0.5]
[xgboost_dart_mode: 0]
[uniform_drop: 0]
[drop_seed: 17869]
[top_rate: 0.2]
[other_rate: 0.1]
[min_data_per_group: 100]
[max_cat_threshold: 32]
[cat_l2: 10]
[cat_smooth: 10]
[max_cat_to_onehot: 4]
[top_k: 20]
[monotone_constraints: ]
[monotone_constraints_method: basic]
[monotone_penalty: 0]
[feature_contri: ]
[forcedsplits_filename: ]
[refit_decay_rate: 0.9]
[cegb_tradeoff: 1]
[cegb_penalty_split: 0]
[cegb_penalty_feature_lazy: ]
[cegb_penalty_feature_coupled: ]
[path_smooth: 0]
[interaction_constraints: ]
[verbosity: -1]
[saved_feature_importance_type: 0]
[use_quantized_grad: 0]
[num_grad_quant_bins: 4]
[quant_train_renew_leaf: 0]
[stochastic_rounding: 1]
[linear_tree: 0]
[max_bin: 255]
[max_bin_by_feature: ]
[min_data_in_bin: 3]
[bin_construct_sample_cnt: 200000]
[data_random_seed: 175]
[is_enable_sparse: 1]
[enable_bundle: 1]
[use_missing: 1]
[zero_as_missing: 0]
[feature_pre_filter: 0]
[pre_partition: 0]
[two_round: 0]
[header: 0]
[label_column: ]
[weight_column: ]
[group_column: ]
[ignore_column: ]
[categorical_feature: ]
[forcedbins_filename: ]
[precise_float_parser: 0]
[parser_config_file: ]
[objective_seed: 16083]
[num_class: 1]
[is_unbalance: 0]
[scale_pos_weight: 1]
[sigmoid: 1]
[boost_from_average: 1]
[reg_sqrt: 0]
[alpha: 0.9]
[fair_c: 1]
[poisson_max_delta_step: 0.7]
[tweedie_variance_power: 1.5]
[lambdarank_truncation_level: 30]
[lambdarank_norm: 1]
[label_gain: ]
[lambdarank_position_bias_regularization: 0]
[eval_at: ]
[multi_error_top_k: 1]
[auc_mu_weights: ]
[num_machines: 1]
[local_listen_port: 12400]
[time_out: 120]
[machine_list_filename: ]
[machines: ]
[gpu_platform_id: -1]
[gpu_device_id: -1]
[gpu_use_dp: 0]
[num_gpu: 1]

end of parameters

pandas_categorical:[]
