tree
version=v4
num_class=1
num_tree_per_iteration=1
label_index=0
max_feature_idx=123
objective=regression
feature_names=開催経過日 風速 波高 日目 レース 天気 風向 pos1_艇 pos1_級 pos1_展示 pos1_勝率 pos1_2連率 pos1_3連率 pos1_当地勝率 pos1_当地2連率 pos1_当地3連率 pos1_モーター勝率 pos1_モーター2連率 pos1_モーター3連率 pos1_ボート勝率 pos1_ボート2連率 pos1_ボート3連率 pos1_平均スタートタイミング pos1_1コース複勝率 pos1_2コース複勝率 pos1_3コース複勝率 pos1_4コース複勝率 pos1_5コース複勝率 pos1_6コース複勝率 pos1_体重 pos1_展示_レース内順位 pos1_展示_レース内差 pos1_勝率_レース内順位 pos1_勝率_レース内差 pos1_2連率_レース内順位 pos1_2連率_レース内差 pos1_3連率_レース内順位 pos1_3連率_レース内差 pos1_当地勝率_レース内順位 pos1_当地勝率_レース内差 pos1_モーター勝率_レース内順位 pos1_モーター勝率_レース内差 pos1_ボート勝率_レース内順位 pos1_ボート勝率_レース内差 pos1_平均スタートタイミング_レース内順位 pos1_平均スタートタイミング_レース内差 pos2_艇 pos2_級 pos2_展示 pos2_勝率 pos2_2連率 pos2_3連率 pos2_当地勝率 pos2_当地2連率 pos2_当地3連率 pos2_モーター勝率 pos2_モーター2連率 pos2_モーター3連率 pos2_ボート勝率 pos2_ボート2連率 pos2_ボート3連率 pos2_平均スタートタイミング pos2_1コース複勝率 pos2_2コース複勝率 pos2_3コース複勝率 pos2_4コース複勝率 pos2_5コース複勝率 pos2_6コース複勝率 pos2_体重 pos2_展示_レース内順位 pos2_展示_レース内差 pos2_勝率_レース内順位 pos2_勝率_レース内差 pos2_2連率_レース内順位 pos2_2連率_レース内差 pos2_3連率_レース内順位 pos2_3連率_レース内差 pos2_当地勝率_レース内順位 pos2_当地勝率_レース内差 pos2_モーター勝率_レース内順位 pos2_モーター勝率_レース内差 pos2_ボート勝率_レース内順位 pos2_ボート勝率_レース内差 pos2_平均スタートタイミング_レース内順位 pos2_平均スタートタイミング_レース内差 pos3_艇 pos3_級 pos3_展示 pos3_勝率 pos3_2連率 pos3_3連率 pos3_当地勝率 pos3_当地2連率 pos3_当地3連率 pos3_モーター勝率 pos3_モーター2連率 pos3_モーター3連率 pos3_ボート勝率 pos3_ボート2連率 pos3_ボート3連率 pos3_平均スタートタイミング pos3_1コース複勝率 pos3_2コース複勝率 pos3_3コース複勝率 pos3_4コース複勝率 pos3_5コース複勝率 pos3_6コース複勝率 pos3_体重 pos3_展示_レース内順位 pos3_展示_レース内差 pos3_勝率_レース内順位 pos3_勝率_レース内差 pos3_2連率_レース内順位 pos3_2連率_レース内差 pos3_3連率_レース内順位 pos3_3連率_レース内差 pos3_当地勝率_レース内順位 pos3_当地勝率_レース内差 pos3_モーター勝率_レース内順位 pos3_モーター勝率_レース内差 pos3_ボート勝率_レース内順位 pos3_ボート勝率_レース内差 pos3_平均スタートタイミング_レース内順位 pos3_平均スタートタイミング_レース内差
feature_infos=[4:4016] [1:8] [1:8] [1:7] [1:12] [0:2] [0:8] [1:1] [0:3] [6.5:7.0300000000000002] [3:7.8799999999999999] [8.8000000000000007:69] [16.199999999999999:93.799999999999997] [0:8.8200000000000003] [0:84] [0:94.099999999999994] [0:7.2599999999999998] [0:65] [0:80] [0:7.6500000000000004] [0:65.400000000000006] [0:84.200000000000003] [0.12:0.23999999999999999] [28.600000000000001:100] [5.7999999999999998:83.299999999999997] [0:73.099999999999994] [0:100] [0:70] [0:50] [45:63] [1:6] [-0.17833333333333279:0.12833333333333297] [1:6] [-1.838333333333332:2.8900000000000001] [1:6] [-22.016666666666662:34.966666666666661] [1:6] [-29.133333333333336:41.61666666666666] [1:6] [-4.9216666666666669:5.0116666666666667] [1:6] [-4.7616666666666667:2.2183333333333328] [1:6] [-4.3500000000000005:2.6250000000000009] [1:6] [-0.049999999999999961:0.046666666666666634] [6:6] [0:3] [6.6100000000000003:7.0199999999999996] [1.77:8.3599999999999994] [0:75.5] [6.7999999999999998:93.799999999999997] [0:9.3000000000000007] [0:80] [0:100] [0:8.4399999999999995] [0:66.700000000000003] [0:100] [0:7.71] [0:75] [0:80] [0.12:0.23000000000000001] [0:100] [0:87] [0:79.299999999999997] [0:75] [0:100] [0:100] [43:67] [1:6] [-0.16000000000000014:0.11500000000000021] [1:6] [-3.1283333333333334:3.0483333333333329] [1:6] [-29.616666666666674:38.833333333333329] [1:6] [-41.649999999999999:46.133333333333333] [1:6] [-5.9833333333333334:5.1483333333333334] [1:6] [-3.9933333333333336:3.0433333333333321] [1:6] [-4.3500000000000005:3.0783333333333331] [1:6] [-0.054999999999999966:0.053333333333333344] [4:4] [0:4] [6.5499999999999998:7.04] [1.8799999999999999:7.1699999999999999] [1.5:62.100000000000001] [3:80.5] [0:9.2200000000000006] [0:88.900000000000006] [0:90.5] [0:8.75] [0:65.700000000000003] [0:87.5] [0:9] [0:80] [0:80] [0.11:0.28000000000000003] [0:100] [0:78.299999999999997] [0:75] [0:60.700000000000003] [0:57.100000000000001] [0:41.700000000000003] [43:62] [1:6] [-0.11499999999999932:0.11333333333333417] [1:6] [-2.046666666666666:2.4466666666666672] [1:6] [-22.733333333333334:33.966666666666669] [1:6] [-30.216666666666654:36.583333333333336] [1:6] [-5.6483333333333334:3.651666666666666] [1:6] [-4.9483333333333333:2.9266666666666667] [1:6] [-4.835:2.3150000000000004] [1:6] [-0.050000000000000017:0.083333333333333343]
tree_sizes=978 1202 1209 1067 1080 871 1004 1197 1084 1315 1159 1446 1164 1155 1187 904 1159 1241 1312 1186 1285 1225 999 1101 1197 1119 1130 1184 1273 1232 1037 1286 1022 935 1035 921 1044 1096 1114 899 846 1024 839 956 958 1049 1101 904 1281 1038 1013 1034 1096 934 863 1105 1019 990 1015 1017 1215 1197 886 1033 937 1214 847 824 1219 1102 1020 826 935 1198 1085 1315 1144 894 973 1082 1271 903 922 956 1025 987 1122 851 1087 969 1156 819 1091 1098 967 735 1242 943 1025 1035 1236 908 1006 1329 945 1215 1291 953 1217 851 922 739 1235 1101 1311 1235 1079 834 774 855 1124 951 753 1139 1018 1032 1057 1218 1205 943 998 779 1249 867 1142 997 1006 858 807 917 1221 864 1222 1009 902 1007 1102 1013 787 759 867 1118 962 853 866 1152 1235 832 856 877 956 869 948 1336 855 901 1044 761 931 1094 917 1105 884 851 1203 982 926 963 1210 941 1059 850 1112 928 1331 866 1215 1014 768 901 1034 886 1190 1116 918 1121 1221 1066 896 1123

Tree=0
num_leaves=10
num_cat=0
split_feature=72 32 35 74 110 105 72 82 37
split_gain=253476 138225 45348.6 61457.6 29586.6 15040 13304.9 4595.62 2531.16
threshold=-0.094166666666666718 4.5000000000000009 -4.7833333333333323 9.8000000000000007 1.5000000000000002 25.500000000000004 0.21000000000000044 -0.5308333333333336 9.7083333333333375
decision_type=2 2 2 2 2 2 2 2 2
left_child=1 -1 3 -2 -4 -3 -6 -8 -9
right_child=2 5 4 -5 6 -7 7 8 -10
leaf_value=73.605829132937089 70.039297989688095 69.179855083212402 67.431937392350235 66.005719399143018 66.869050026763688 67.179314996267323 66.038964370204027 65.36530635086325 64.756094452359292
leaf_weight=19 17 25 24 21 14.999999999999998 14.999999999999998 15.999999999999998 41 33
leaf_count=19 17 25 24 21 15 15 16 41 33
internal_value=67.2913 70.1057 66.2959 67.8127 65.849 68.4313 65.4872 65.2576 65.0906
internal_weight=226 59 167 38 129 40 105 90 74
internal_count=226 59 167 38 129 40 105 90 74
is_linear=0
shrinkage=1


Tree=1
num_leaves=12
num_cat=0
split_feature=71 39 3 111 26 35 76 78 4 50 37
split_gain=198115 75274.8 44797.5 38448.7 26758.8 19960 20297.6 10281.3 9677.94 2460.41 2064.24
threshold=3.5000000000000004 0.23666666666666683 4.5000000000000009 -0.64916666666666634 31.400000000000002 -4.7833333333333323 18.899999999999999 0.71333333333333349 7.5000000000000009 48.750000000000007 9.9166666666666696
decision_type=2 2 2 2 2 2 2 2 2 2 2
left_child=1 -1 8 4 -2 6 -5 -7 -3 10 -9
right_child=3 2 -4 5 -6 7 -8 9 -10 -11 -12
leaf_value=5.3481272274295231 2.1134625071005906 -0.4853271867592297 3.2393393715815755 0.97558700786614239 -0.86393428843542441 -0.91261185683389567 -1.5764430363446671 -1.4990799177731715 1.1790316475439606 -2.4745299438223309 -2.2181683545337298
leaf_weight=14.999999999999998 15.000000000000002 19 20 16.000000000000004 14.999999999999998 28 14.999999999999998 24 15.999999999999998 24 19
leaf_count=15 15 19 20 16 15 28 15 24 16 24 19
internal_value=0.0113235 2.21947 1.35796 -0.980268 0.626674 -1.36311 -0.260204 -1.7223 0.276572 -2.05873 -1.82134
internal_weight=226 70 55 156 30 126 31 95 35 67 43
internal_count=226 70 55 156 30 126 31 95 35 67 43
is_linear=0
shrinkage=0.05


Tree=2
num_leaves=12
num_cat=0
split_feature=72 34 111 76 35 74 76 78 72 72 53
split_gain=187235 120311 48751.2 45921.3 33067 23794.3 12270.8 10876.4 4154.42 1278.39 674.274
threshold=-0.094166666666666718 4.5000000000000009 -0.64916666666666634 10.408333333333337 -1.8833333333333344 9.966666666666665 -7.9749999999999934 0.71333333333333349 0.45333333333333364 1.2633333333333334 35.95000000000001
decision_type=2 2 2 2 2 2 2 2 2 2 2
left_child=1 -1 3 -2 5 -4 -3 8 -6 10 -9
right_child=2 6 4 -5 7 -7 -8 9 -10 -11 -12
leaf_value=6.1998113157586285 3.0002804646157468 1.7955904753177199 1.0776232969193231 -0.73545706953791612 -0.35192477081132972 -1.146130809823118 -0.0055423587005330897 -1.577417179132929 -1.4762365578210841 -2.3782868329216451 -2.0323581931517296
leaf_weight=15.999999999999998 14.999999999999998 22.999999999999996 23 18 15.999999999999998 25 16.000000000000004 14.999999999999998 17 22 29
leaf_count=16 15 23 23 18 16 25 16 15 17 22 29
internal_value=0.0121997 2.56272 -0.768088 0.966389 -1.15789 -0.0804529 1.05841 -1.67962 -0.933977 -2.05039 -1.88131
internal_weight=235 55 180 33 147 48 39 99 33 66 44
internal_count=235 55 180 33 147 48 39 99 33 66 44
is_linear=0
shrinkage=0.05


Tree=3
num_leaves=11
num_cat=0
split_feature=76 76 38 111 111 78 11 74 78 113
split_gain=157557 57309.4 33823.5 26160 19431.1 11122.4 9521.27 1769.91 1100.53 589.963
threshold=-8.4666666666666597 7.1499999999999995 4.5000000000000009 0.12666666666666651 -0.51333333333333309 0.25083333333333308 25.500000000000004 12.916666666666663 1.3891666666666664 2.8333333333333317
decision_type=2 2 2 2 2 2 2 2 2 2
left_child=-1 2 3 -2 -3 -4 -6 8 -8 -9
right_child=1 4 5 -5 6 -7 7 9 -10 -11
leaf_value=3.4062013186130331 3.0007232870971947 -0.093062543455392013 0.19489454065615708 0.41601756929835204 -0.49473368314482413 -1.4458495487824328 -1.3509096919141743 -1.864891964822843 -1.9310864656966253 -2.3274746215145892
leaf_weight=29 17 28 24 23 15.999999999999998 18 22 18 14.999999999999998 18
leaf_count=29 17 28 24 23 16 18 22 18 15 18
internal_value=-0.0303231 -0.532608 0.480566 1.51939 -1.24254 -0.509927 -1.60361 -1.84557 -1.59082 -2.10213
internal_weight=228 199 82 40 117 42 89 73 37 36
internal_count=228 199 82 40 117 42 89 73 37 36
is_linear=0
shrinkage=0.05


Tree=4
num_leaves=11
num_cat=0
split_feature=72 32 113 35 74 78 78 76 115 76
split_gain=148402 102859 39521.6 21876.3 20401.5 12604 6688.62 2931.77 1549.11 1161.8
threshold=-0.094166666666666718 4.5000000000000009 -13.666666666666668 -1.8833333333333344 6.1916666666666638 0.052499999999999776 0.54583333333333373 9.4916666666666725 -5.0333333333333377 16.191666666666666
decision_type=2 2 2 2 2 2 2 2 2 2
left_child=1 -1 -2 4 -4 -3 7 -5 -8 -10
right_child=2 5 3 6 -6 -7 8 -9 9 -11
leaf_value=5.6837760925292979 1.3912686706247908 1.5979660966695644 1.0235825181600464 -0.4209062863860214 -1.0787230781083617 -0.19452614993379827 -1.3412343548230474 -1.38247449684222 -1.7299497065336809 -2.2785558460564013
leaf_weight=14.999999999999998 18 23 20 17 27 17 19 14.999999999999998 39 14.999999999999998
leaf_count=15 18 23 20 17 27 17 19 15 39 15
internal_value=-0.0880207 2.16718 -0.818519 -1.08098 -0.183745 0.837447 -1.48199 -0.8747 -1.74658 -1.88636
internal_weight=225 55 170 152 47 40 105 32 73 54
internal_count=225 55 170 152 47 40 105 32 73 54
is_linear=0
shrinkage=0.05


Tree=5
num_leaves=9
num_cat=0
split_feature=71 32 35 74 110 78 23 111
split_gain=147473 57838.6 53425.9 52164.6 23877.6 11858.6 2275.62 1562.11
threshold=2.5000000000000004 4.5000000000000009 -4.7833333333333323 9.8000000000000007 1.5000000000000002 0.1808333333333341 64.850000000000009 0.05666666666666665
decision_type=2 2 2 2 2 2 2 2
left_child=1 -1 3 -2 -4 -6 -7 -8
right_child=2 -3 4 -5 5 6 7 -9
leaf_value=4.8897154506186995 2.9208521503428515 1.1927600735327846 0.31659658834943033 -0.82677372292260431 -0.38301014196827038 -1.0760182040831001 -1.4148091625102197 -1.9009612102053433
leaf_weight=17 19 28 27 18 26 18 29 46
leaf_count=17 19 28 27 18 26 18 29 46
internal_value=0.0361525 2.59724 -0.594671 1.10023 -1.0247 -1.32907 -1.59282 -1.71518
internal_weight=228 45 183 37 146 119 93 75
internal_count=228 45 183 37 146 119 93 75
is_linear=0
shrinkage=0.05


Tree=6
num_leaves=10
num_cat=0
split_feature=76 12 78 69 115 31 35 0 106
split_gain=111191 68897 29582.6 16268.9 11286.9 7781.64 5880.96 3193.18 1176.84
threshold=-8.4666666666666597 38.550000000000004 0.5233333333333331 3.5000000000000004 -7.1749999999999927 -0.038333333333332657 -2.4250000000000003 1895.0000000000002 3.9500000000000002
decision_type=2 2 2 2 2 2 2 2 2
left_child=-1 -2 3 7 -4 -5 -6 -3 -8
right_child=1 2 4 5 6 -7 8 -9 -10
leaf_value=2.9442765138736093 2.3315389752952971 -1.0714340655950076 -0.3026882533826134 0.18291169491824721 -0.60203783843690994 1.7925640787509893 -1.3780467406268366 -0.14994971283239208 -1.8534807074096411
leaf_weight=29 21 17 26 15.000000000000002 14.999999999999998 14.999999999999998 21 21 45
leaf_count=29 21 17 26 15 15 15 21 21 45
internal_value=0.0601663 -0.367823 -0.692921 0.122456 -1.21078 0.991186 -1.50147 -0.564054 -1.7046
internal_weight=225 196 175 68 107 30 81 38 66
internal_count=225 196 175 68 107 30 81 38 66
is_linear=0
shrinkage=0.05


Tree=7
num_leaves=12
num_cat=0
split_feature=78 39 76 33 78 70 110 64 122 114 67
split_gain=115602 85413.9 34172.7 31381 10552.8 8977.35 7995.71 6823.67 4624.81 2182.37 182.477
threshold=-0.17083333333333336 0.81666666666666698 10.408333333333337 -0.12583333333333299 0.62916666666666698 0.010000000000000233 2.5000000000000004 32.550000000000004 4.5000000000000009 3.5000000000000004 16.650000000000002
decision_type=2 2 2 2 2 2 2 2 2 2 2
left_child=1 -1 3 -2 7 -3 -6 -5 9 -4 -11
right_child=2 5 8 4 6 -7 -8 -9 -10 10 -12
leaf_value=4.4462604416711295 2.1544924876547809 -0.32433214148105183 -1.1766004846106826 -0.46395917142400089 0.087756455023557153 1.3273285028160804 -1.3324875321994532 0.91769963064003923 -0.75700338053038385 -1.9519639665214574 -1.646052570216703
leaf_weight=22 14.999999999999998 18 22 15.999999999999998 14.999999999999998 14.999999999999998 29 20 25 20 14.999999999999998
leaf_count=22 15 18 22 16 15 15 29 20 25 20 15
internal_value=0.0404337 2.04056 -0.581846 0.0637076 -0.330452 0.428014 -0.849099 0.303906 -1.32897 -1.57798 -1.82606
internal_weight=232 55 177 95 80 33 44 36 82 57 35
internal_count=232 55 177 95 80 33 44 36 82 57 35
is_linear=0
shrinkage=0.05


Tree=8
num_leaves=11
num_cat=0
split_feature=72 34 76 111 32 37 11 78 111 96
split_gain=99309.5 90765 28089.7 33614.2 14591 11846.3 5986.23 4802.27 2858.41 541.232
threshold=-0.094166666666666718 4.5000000000000009 11.050000000000002 -0.64916666666666634 5.5000000000000009 -0.48333333333333067 21.800000000000001 0.86916666666666631 -0.06333333333333345 47.650000000000013
decision_type=2 2 2 2 2 2 2 2 2 2
left_child=1 -1 3 -2 -3 -5 -4 -7 -8 -10
right_child=2 4 6 5 -6 7 8 -9 9 -11
leaf_value=4.8776159224454423 1.9148904631899288 1.7508977632648897 -0.30534241657383399 0.52421754189391634 -0.21668016303820439 -0.47257289752920634 -1.0186380552620822 -1.5384041661367365 -1.9332897249436536 -1.5209325994512692
leaf_weight=17 19 14.999999999999998 14.999999999999998 20 25 24 29 19 14.999999999999998 27
leaf_count=17 19 15 15 20 25 24 29 19 15 27
internal_value=0.0269337 1.8285 -0.585005 0.0771456 0.523563 -0.479172 -1.21577 -0.946114 -1.40735 -1.67256
internal_weight=225 57 168 82 40 63 86 43 71 42
internal_count=225 57 168 82 40 63 86 43 71 42
is_linear=0
shrinkage=0.05


Tree=9
num_leaves=13
num_cat=0
split_feature=76 11 111 77 70 11 115 43 93 37 72 98
split_gain=66272.8 54149.5 20701.2 14646.1 16735.4 11137.5 6872.32 6218.71 6132.4 1998.35 1105.35 398.757
threshold=7.1499999999999995 28.700000000000006 -0.43999999999999989 3.5000000000000004 1.0000000180025095e-35 21.300000000000004 -9.4916666666666725 0.19333333333333383 56.45000000000001 -2.1416666666666653 0.93833333333333402 31.750000000000004
decision_type=2 2 2 2 2 2 2 2 2 2 2 2
left_child=1 -1 -3 4 -4 -2 7 -7 -5 -8 -11 -12
right_child=5 2 3 8 -6 6 9 -9 -10 10 11 -13
leaf_value=3.5445292750731214 0.30205324540227096 1.8152126947160583 -0.47541132968420174 -1.554669261452378 1.7068454016308756 -1.1766841740008218 -0.84037282718634732 0.25906090002186255 -0.23187828154360512 -1.2204212625968061 -1.8782480265131061 -1.4994029144356151
leaf_weight=14.999999999999998 15.999999999999998 18 17 14.999999999999998 18 15.000000000000002 15.999999999999998 14.999999999999998 21 27 14.999999999999998 22
leaf_count=15 16 18 17 15 18 15 16 15 21 27 15 22
internal_value=-0.157892 0.775879 0.305742 -0.0788856 0.648415 -0.928666 -1.10784 -0.46017 -0.785959 -1.34977 -1.47553 -1.65777
internal_weight=230 104 89 71 35 126 110 30 36 80 64 37
internal_count=230 104 89 71 35 126 110 30 36 80 64 37
is_linear=0
shrinkage=0.05


Tree=10
num_leaves=12
num_cat=0
split_feature=76 39 60 3 66 111 23 72 72 28 76
split_gain=91371 49124.7 67443.1 14471.1 13482.3 10437.6 4697 3668.17 1569.24 1174.37 752.918
threshold=7.1499999999999995 0.94833333333333336 53.750000000000007 4.5000000000000009 24.050000000000004 -0.51333333333333309 63.70000000000001 -0.089166666666667269 0.65666666666666729 5.2500000000000009 16.191666666666666
decision_type=2 2 2 2 2 2 2 2 2 2 2
left_child=1 2 4 7 -1 -2 -7 -3 -8 -10 -11
right_child=5 3 -4 -5 -6 6 8 -9 9 10 -12
leaf_value=1.6605869462479761 -0.1001681582419733 -0.216326644463323 4.4887305439454721 0.98899545522768095 -0.19335094223245544 -0.40618178385385079 -0.88277655176769021 -1.2891590442089056 -1.0983688382377401 -1.3482992122310617 -1.7940792361103679
leaf_weight=23 29 17 19 20 17 15.999999999999998 14.999999999999998 14.999999999999998 17 19 25
leaf_count=23 29 17 19 20 17 16 15 15 17 19 25
internal_value=0.0220421 1.05757 2.04379 -0.063084 0.874021 -0.927955 -1.18844 -0.721822 -1.35231 -1.46606 -1.60519
internal_weight=232 111 59 52 40 121 92 32 76 61 44
internal_count=232 111 59 52 40 121 92 32 76 61 44
is_linear=0
shrinkage=0.05


Tree=11
num_leaves=14
num_cat=0
split_feature=76 35 76 37 78 51 51 117 11 111 35 82 31
split_gain=86534.5 53868.9 36608.9 44229.4 13955.5 13143.7 15782.6 4906.01 4818.53 2553.45 1914.14 404.122 385.334
threshold=-8.4666666666666597 11.366666666666669 10.408333333333337 -2.7583333333333324 0.5233333333333331 48.800000000000004 60.150000000000006 -0.51583333333333348 21.800000000000001 -0.06333333333333345 5.3333333333333313 -0.18999999999999992 -0.034999999999999691
decision_type=2 2 2 2 2 2 2 2 2 2 2 2 2
left_child=1 -1 3 -2 5 -5 -7 -6 -4 10 -10 -11 -13
right_child=2 -3 8 4 7 6 -8 -9 9 11 -12 12 -14
leaf_value=4.5772034645080577 2.7517263226951196 0.47000438923027082 -0.29834265116579045 -0.78255673565479533 -0.077408847114108253 2.1634005028680461 0.021575173617002383 -1.1914911784666919 -0.48051358500853286 -1.714283578127425 -1.2601836923967327 -1.5729632295520104 -1.2014368551563841
leaf_weight=14.999999999999998 14.999999999999998 17 15.999999999999998 15.999999999999998 14.999999999999998 14.999999999999998 20 29 14.999999999999998 14.999999999999998 17 14.999999999999995 19.000000000000004
leaf_count=15 15 17 16 16 15 15 20 29 15 15 17 15 19
internal_value=-0.0118929 2.40367 -0.386318 0.238026 -0.161298 0.40121 0.943191 -0.812841 -1.0939 -1.25043 -0.897505 -1.47851 -1.36962
internal_weight=239 32 207 110 95 51 35 44 97 81 32 49 34
internal_count=239 32 207 110 95 51 35 44 97 81 32 49 34
is_linear=0
shrinkage=0.05


Tree=12
num_leaves=12
num_cat=0
split_feature=78 66 74 35 115 117 104 115 41 6 67
split_gain=86413.6 67615.8 27081.9 41158 13582.2 11447 5118.38 2715.68 2861.64 1816.71 462.935
threshold=-0.17083333333333336 12.300000000000002 9.6166666666666654 -4.508333333333332 -5.0333333333333377 0.524166666666667 38.600000000000009 -2.0749999999999953 0.21333333333333318 3.5000000000000004 16.650000000000002
decision_type=2 2 2 2 2 2 2 2 2 2 2
left_child=1 -1 3 -2 -5 -3 9 8 -4 -6 -9
right_child=2 5 7 4 6 -7 -8 10 -10 -11 -12
leaf_value=4.3999466133396528 2.3712681217963651 1.6010587571472521 -0.40245860031296532 0.56495631042568151 -1.4305188506700415 -0.22156124386324813 -0.07175780639313814 -1.6250480215347822 -1.3396962577933509 -0.76494182715483738 -1.2769260468610859
leaf_weight=17 15.999999999999998 14.999999999999998 18 26 21 20 17 20 14.999999999999998 21 26
leaf_count=17 16 15 18 26 21 20 17 20 15 21 26
internal_value=0.0293108 1.82268 -0.489471 0.0530316 -0.385557 0.561755 -0.804759 -1.1823 -0.831387 -1.10046 -1.43159
internal_weight=232 52 180 101 85 35 59 79 33 42 46
internal_count=232 52 180 101 85 35 59 79 33 42 46
is_linear=0
shrinkage=0.05


Tree=13
num_leaves=12
num_cat=0
split_feature=78 66 11 27 72 115 104 113 16 111 80
split_gain=74551.9 62546.9 26428.8 12961.5 11146.8 9466.25 5528.85 2671.01 3370.63 2467.79 539.921
threshold=-0.17083333333333336 12.300000000000002 24.550000000000004 20.950000000000006 0.54000000000000015 -5.0333333333333377 39.100000000000001 -2.5249999999999981 5.5650000000000004 0.40333333333333338 -0.064166666666666913
decision_type=2 2 2 2 2 2 2 2 2 2 2
left_child=1 -1 -2 -3 5 -4 9 8 -6 -7 -9
right_child=2 3 4 -5 7 6 -8 10 -10 -11 -12
leaf_value=4.1812359044774929 1.0628231149270715 -0.49473982289520618 0.76131625043753093 1.4009835834590552 -0.38422923356423649 -1.3871338336788421 0.067415984518720065 -1.122559642042789 -1.3486519243543511 -0.50259653906159063 -1.4965706792371025
leaf_weight=17 25 17 18 19 23 17 21 19 14.999999999999998 14.999999999999998 26
leaf_count=17 25 17 18 19 23 17 21 19 15 15 26
internal_value=0.0457178 1.69111 -0.442109 0.506752 -0.68698 -0.226468 -0.562838 -1.0801 -0.767594 -0.97552 -1.3416
internal_weight=232 53 179 36 154 71 53 83 38 32 45
internal_count=232 53 179 36 154 71 53 83 38 32 45
is_linear=0
shrinkage=0.05


Tree=14
num_leaves=12
num_cat=0
split_feature=76 33 113 10 78 69 62 82 115 37 98
split_gain=76665.4 51486.4 24271.3 23450.1 14478.2 10309.4 7697.84 3729.19 3021.5 2952.49 627.821
threshold=-7.9749999999999934 0.76083333333333336 -13.666666666666668 4.2250000000000005 0.54583333333333373 3.5000000000000004 82.800000000000026 -0.18999999999999992 -2.0749999999999953 3.091666666666669 31.950000000000003
decision_type=2 2 2 2 2 2 2 2 2 2 2
left_child=1 -1 -2 -4 5 7 -7 -5 9 -6 -10
right_child=2 -3 3 4 8 6 -8 -9 10 -11 -12
leaf_value=4.4093775730259379 1.4566609657995881 0.39450480861273429 1.3116758429485817 -0.10577578666614509 -0.22083293300623086 1.3646378778463955 -0.23300269550045596 -1.0918283287756043 -1.4836503184649099 -1.1180761670591817 -1.1439449917300166
leaf_weight=14.999999999999998 17 17 15.999999999999998 17 17 15.000000000000002 14.999999999999998 22 25 20 38
leaf_count=15 17 17 16 17 17 15 15 22 25 20 38
internal_value=0.0145901 2.28451 -0.345928 -0.512296 -0.685683 -0.128155 0.567531 -0.663508 -1.06982 -0.70767 -1.28097
internal_weight=234 32 202 185 169 69 30 39 100 37 63
internal_count=234 32 202 185 169 69 30 39 100 37 63
is_linear=0
shrinkage=0.05


Tree=15
num_leaves=9
num_cat=0
split_feature=78 39 35 112 70 74 82 92
split_gain=64006.8 67140.2 18672.8 11255.4 7486.18 6067.11 1891.39 1794.96
threshold=-0.17083333333333336 0.81666666666666698 -6.9333333333333362 1.5000000000000002 0.010000000000000233 -3.5333333333333337 -0.5308333333333336 40.850000000000009
decision_type=2 2 2 2 2 2 2 2
left_child=1 -1 -2 -4 -3 -5 -7 -8
right_child=2 4 3 5 -6 6 7 -9
leaf_value=3.6924666248791591 0.93565414703287775 -0.54853544230548501 0.2861479989716928 -0.14258679695056317 0.91514007541703879 -0.53413427662474955 -1.232647944091821 -0.74034093649185007
leaf_weight=21 21 19 27 26 15.999999999999998 19 64 27
leaf_count=21 21 19 27 26 16 19 64 27
internal_value=-0.0138891 1.46467 -0.464462 -0.645339 0.121132 -0.830378 -0.992624 -1.08761
internal_weight=240 56 184 163 35 136 110 91
internal_count=240 56 184 163 35 136 110 91
is_linear=0
shrinkage=0.05


Tree=16
num_leaves=12
num_cat=0
split_feature=74 32 113 10 78 72 56 15 115 97 76
split_gain=59934.2 71672 21662.6 17775.6 8370.83 4997.48 8595.74 6437.35 1599.44 1772.8 837.214
threshold=-2.9333333333333313 4.5000000000000009 -13.666666666666668 4.3150000000000004 0.052499999999999776 0.54000000000000015 44.550000000000004 59.350000000000001 1.0000000180025095e-35 5.0550000000000006 16.875
decision_type=2 2 2 2 2 2 2 2 2 2 2
left_child=1 -1 -2 -4 -3 6 7 -5 9 -7 -10
right_child=2 4 3 5 -6 8 -8 -9 10 -11 -12
leaf_value=4.1616910337704667 1.2845373980483117 1.0667693283017827 0.99187099829964009 0.4655567228794098 -0.3990087585991593 -0.33142067213721627 -1.4540131657328828 -0.70464208244569426 -0.96497329519940644 -1.0461131846170291 -1.3932217298339609
leaf_weight=17 17 18 15.999999999999998 25 21 14.999999999999998 14.999999999999998 22 23 21 26
leaf_count=17 17 18 16 25 21 15 15 22 23 21 26
internal_value=0.0355779 1.46264 -0.408936 -0.586266 0.278374 -0.758628 -0.416147 -0.0824229 -1.0076 -0.750206 -1.19468
internal_weight=236 56 180 163 39 147 62 47 85 36 49
internal_count=236 56 180 163 39 147 62 47 85 36 49
is_linear=0
shrinkage=0.05


Tree=17
num_leaves=12
num_cat=0
split_feature=78 69 33 121 76 111 59 104 76 122 101
split_gain=50349.7 55795.1 18916.9 15478.2 7184.56 8286.45 5658.74 3791.7 1578.11 1916.74 682.125
threshold=-0.17083333333333336 4.5000000000000009 -0.7041666666666665 -0.004166666666666429 10.408333333333337 -0.43999999999999989 39.350000000000001 42.000000000000007 23.508333333333336 4.5000000000000009 70.450000000000017
decision_type=2 2 2 2 2 2 2 2 2 2 2
left_child=1 3 -2 -1 5 -4 7 -7 9 10 -6
right_child=2 -3 4 -5 8 6 -8 -9 -10 -11 -12
leaf_value=1.4829713205628048 1.2305502237000079 3.8032860789980205 0.5796713425023523 -0.61392905003792864 -0.76767490061160126 -1.0586429656355207 0.28597851688076992 -0.11536749030975318 -1.3659913655393612 -0.33011921895957141 -1.1723240625264957
leaf_weight=14.999999999999998 15.999999999999998 15.999999999999998 22 21 22 37 15.999999999999998 14.999999999999998 15.999999999999998 15.999999999999998 22
leaf_count=15 16 16 22 21 22 37 16 15 16 16 22
internal_value=-0.0141194 1.35647 -0.406272 0.261329 -0.564714 -0.261906 -0.534706 -0.787384 -0.922423 -0.801978 -0.972312
internal_weight=234 52 182 36 166 90 68 52 76 60 44
internal_count=234 52 182 36 166 90 68 52 76 60 44
is_linear=0
shrinkage=0.05


Tree=18
num_leaves=13
num_cat=0
split_feature=76 33 77 39 105 76 101 56 88 78 50 122
split_gain=50215.8 35641.5 22817.2 28681.9 8886.11 5451.66 3550.47 3075.56 1329.75 1407.35 673.301 401.584
threshold=-8.4666666666666597 0.8500000000000002 4.5000000000000009 0.1191666666666671 10.600000000000001 5.3000000000000052 85.050000000000011 30.750000000000004 5.1150000000000011 1.4041666666666668 51.600000000000009 2.5000000000000004
decision_type=2 2 2 2 2 2 2 2 2 2 2 2
left_child=1 -1 3 -2 -5 -4 7 -6 9 -7 11 -10
right_child=2 -3 5 4 6 8 -8 -9 10 -11 -12 -13
leaf_value=3.6431290610736577 1.8925664363403663 0.30281479288960061 -0.08315256026523242 0.82390500777646103 -0.20005637599814752 -0.33474334154697449 0.16896540487049433 -1.1038656773247244 -1.1707963261383256 -0.96059041594788097 -1.4024925181407804 -0.79347854045607291
leaf_weight=14.999999999999998 22 17 24 17 15.999999999999998 14.999999999999998 14.999999999999998 23 15.000000000000002 23 14.999999999999998 15.999999999999998
leaf_count=15 22 17 24 17 16 15 15 23 15 23 15 16
internal_value=0.0387608 1.87521 -0.254372 0.319502 -0.169832 -0.748427 -0.483712 -0.73466 -0.93812 -0.715204 -1.12021 -0.97939
internal_weight=233 32 201 93 71 108 54 39 84 38 46 31
internal_count=233 32 201 93 71 108 54 39 84 38 46 31
is_linear=0
shrinkage=0.05


Tree=19
num_leaves=12
num_cat=0
split_feature=76 32 12 78 105 109 41 113 28 57 24
split_gain=46732.8 33757.5 25100 11542.3 10360.6 7936.21 3516.16 5570.47 2650.64 1430.37 609.509
threshold=-8.4666666666666597 5.5000000000000009 38.550000000000004 0.5233333333333331 15.750000000000002 -0.008333333333333302 0.15166666666666598 -6.5583333333333327 9.7500000000000018 50.250000000000007 44.600000000000001
decision_type=2 2 2 2 2 2 2 2 2 2 2
left_child=1 -1 -2 4 -4 -6 7 -5 -7 -8 -9
right_child=2 -3 3 6 5 8 9 10 -10 -11 -12
leaf_value=3.439150953589019 1.3123184463033428 0.1411309245011664 1.1248791194101522 0.27725291074432945 0.49402922234725005 -0.3005351787768536 -0.80386282933783204 -0.60100270634546327 -1.1989113333629584 -1.3710086808659723 -0.99201823834216951
leaf_weight=15.999999999999998 23 15.000000000000002 17 15.999999999999998 20 15.999999999999998 22 19 17 24 23
leaf_count=16 23 15 17 16 20 16 22 19 17 24 23
internal_value=0.0477804 1.84908 -0.236442 -0.441828 0.0544996 -0.290207 -0.775674 -0.515164 -0.76571 -1.10221 -0.817097
internal_weight=228 31 197 174 70 53 104 58 33 46 42
internal_count=228 31 197 174 70 53 104 58 33 46 42
is_linear=0
shrinkage=0.05


Tree=20
num_leaves=13
num_cat=0
split_feature=76 37 70 4 23 3 33 96 76 88 98 58
split_gain=34501.9 61252.7 17769.5 15257.5 15055.2 7922.84 4280.23 4103.41 2079.9 1977.12 1711.33 645.986
threshold=7.1499999999999995 -5.6250000000000027 -0.024166666666666444 5.5000000000000009 82.700000000000003 1.5000000000000002 0.87083333333333324 48.550000000000004 23.508333333333336 5.2000000000000011 30.050000000000004 5.2250000000000005
decision_type=2 2 2 2 2 2 2 2 2 2 2 2
left_child=1 -1 7 -4 -5 -2 -6 -3 9 10 -7 -11
right_child=5 2 3 4 6 8 -8 -9 -10 11 -12 -13
leaf_value=3.5583933847234741 0.20779617772557432 -0.053079230148599749 -0.59765657824382445 2.4453747762749529 1.1012705798180684 -0.060236718989255124 -0.090375020685574861 -1.0866361286877595 -1.3071725184457343 -1.152821415444319 -0.72192478726952614 -0.75571018325617578
leaf_weight=14.999999999999998 24 15.999999999999998 17 14.999999999999998 15.000000000000002 17 14.999999999999998 24 17 19 23 25
leaf_count=15 24 16 17 15 15 17 15 24 17 19 23 25
internal_value=-0.0305638 0.586242 0.146055 0.675761 1.1572 -0.607942 0.506961 -0.674501 -0.801843 -0.698082 -0.441684 -0.929529
internal_weight=242 117 102 62 45 125 30 40 101 84 40 44
internal_count=242 117 102 62 45 125 30 40 101 84 40 44
is_linear=0
shrinkage=0.05


Tree=21
num_leaves=12
num_cat=0
split_feature=72 70 111 72 102 35 76 105 89 82 106
split_gain=34234.5 37790.4 18388.1 21923.3 15819.8 5896.19 12330 1954.17 3452.25 817.805 344.09
threshold=-0.094166666666666718 0.034166666666666685 -0.64916666666666634 0.70000000000000007 35.150000000000006 -4.7833333333333323 18.899999999999999 17.750000000000004 40.250000000000007 0.20083333333333278 12.250000000000002
decision_type=2 2 2 2 2 2 2 2 2 2 2
left_child=1 4 3 -2 -1 6 -4 9 -9 -7 -10
right_child=2 -3 5 -5 -6 7 -8 8 10 -11 -12
leaf_value=1.5512180171265508 2.0973253207490936 3.1903844902846989 0.85027080332212024 -0.45293265275306105 -0.48223124546109492 -0.89560916624528031 -1.0517320019117793 -0.20544629263230918 -1.1280450536597588 -1.3624531777489264 -0.79656785061846225
leaf_weight=14.999999999999998 14.999999999999998 14.999999999999998 18 19 26 29 15.999999999999998 28 15.999999999999998 14.999999999999998 19
leaf_count=15 15 15 18 19 26 29 16 28 16 15 19
internal_value=-0.0229844 1.05191 -0.367382 0.674886 0.263556 -0.619045 -0.0451022 -0.80116 -0.620587 -1.0576 -0.951025
internal_weight=231 56 175 34 41 141 34 107 63 44 35
internal_count=231 56 175 34 41 141 34 107 63 44 35
is_linear=0
shrinkage=0.05


Tree=22
num_leaves=10
num_cat=0
split_feature=76 12 78 104 101 117 91 33 47
split_gain=40506.8 20075.9 7727.83 6958.72 6289.01 2691.24 2185.25 1654.45 814.37
threshold=-8.4666666666666597 38.550000000000004 0.54583333333333373 14.250000000000002 82.200000000000003 -0.87416666666666709 5.8150000000000004 -0.12583333333333299 1.5000000000000002
decision_type=2 2 2 2 2 2 2 2 2
left_child=-1 -2 3 -3 6 -4 -5 -7 -9
right_child=1 2 5 4 -6 7 -8 8 -10
leaf_value=1.7667127043111219 1.0938941347646522 0.89414020033541652 -0.2182124205998012 -1.1844560891587212 0.31059395499913345 -0.39189045020537072 -0.35432134357809325 -1.0847528669955957 -0.69925297689181642
leaf_weight=29 25 15.999999999999998 23 14.999999999999998 25 17 17 41 22
leaf_count=29 25 16 23 15 25 17 17 41 22
internal_value=0.0231273 -0.229163 -0.41764 -0.0239072 -0.282807 -0.696352 -0.74608 -0.83331 -0.951535
internal_weight=230 201 176 73 57 103 32 80 63
internal_count=230 201 176 73 57 103 32 80 63
is_linear=0
shrinkage=0.05


Tree=23
num_leaves=11
num_cat=0
split_feature=51 35 58 24 20 67 64 72 91 88
split_gain=34502.8 72520.9 14771 8831.18 5148.45 4626.27 3219.42 3129.39 2791.95 1578.15
threshold=57.95000000000001 -5.1333333333333302 5.8150000000000004 55.800000000000004 40.300000000000004 12.750000000000002 37.150000000000006 0.53416666666666723 5.1650000000000009 5.3450000000000006
decision_type=2 2 2 2 2 2 2 2 2 2
left_child=1 -1 3 5 6 8 -2 -8 -3 -9
right_child=4 2 -4 -5 -6 -7 7 9 -10 -11
leaf_value=3.9116236868283609 -1.1560987392147839 -1.1293128244612551 1.525015302030196 0.83841931722317509 0.12393299723526395 0.24676439525177762 0.0088234812727471662 -0.42856523981833372 -0.2595721791249625 -0.96262448006069534
leaf_weight=14.999999999999998 26 22 15.999999999999998 17 25 15.999999999999998 21 27 15.999999999999998 29
leaf_count=15 26 22 16 17 25 16 21 27 16 29
internal_value=0.0273248 0.712989 0.157586 -0.152209 -0.519155 -0.465139 -0.675262 -0.511548 -0.76488 -0.706444
internal_weight=230 102 87 71 128 54 103 77 38 56
internal_count=230 102 87 71 128 54 103 77 38 56
is_linear=0
shrinkage=0.05


Tree=24
num_leaves=12
num_cat=0
split_feature=12 78 3 43 103 82 111 60 115 105 20
split_gain=27945.4 10872.9 12715.9 13621.2 4860.05 5423.68 3249.04 1115.87 1824.25 804.415 909.727
threshold=38.550000000000004 0.54583333333333373 3.5000000000000004 -0.067500000000000324 40.800000000000004 0.10083333333333312 -0.97749999999999992 45.300000000000004 5.3000000000000016 21.950000000000003 30.750000000000004
decision_type=2 2 2 2 2 2 2 2 2 2 2
left_child=-1 2 4 -4 5 -2 -3 8 -8 10 -9
right_child=1 6 3 -5 -6 -7 7 9 -10 -11 -12
leaf_value=1.4183774384185397 -0.70365050824642272 0.048784816580892398 -0.21849259646775213 1.6059674803218151 -1.0747042634869148 0.5381374456111897 -0.097774154776768943 -0.69270842978672953 -0.87742955132036016 -0.61382481285889223 -1.1856230068016813
leaf_weight=27 17 14.999999999999998 19 22 18 18 15.000000000000002 15.999999999999998 14.999999999999998 22 25
leaf_count=27 17 15 19 22 18 18 15 16 15 22 25
internal_value=-0.0893443 -0.291498 0.101641 0.76189 -0.409497 -0.0651606 -0.633499 -0.743532 -0.489388 -0.863507 -0.995541
internal_weight=229 202 94 41 53 35 108 93 30 63 41
internal_count=229 202 94 41 53 35 108 93 30 63 41
is_linear=0
shrinkage=0.05


Tree=25
num_leaves=11
num_cat=0
split_feature=72 33 113 103 20 111 41 84 12 88
split_gain=20516.7 34608.2 15076.8 5797.62 4191.95 1993.55 2341.6 1635.33 739.461 713.708
threshold=-0.094166666666666718 0.62166666666666714 -13.666666666666668 39.000000000000007 40.300000000000004 0.67833333333333357 -0.099166666666666611 -0.0083333333333333159 52.250000000000007 4.495000000000001
decision_type=2 2 2 2 2 2 2 2 2 2
left_child=1 -1 -2 -3 5 6 7 -4 -7 -8
right_child=2 3 4 -5 -6 8 9 -9 -10 -11
leaf_value=2.4487476583550736 1.0244655041666755 0.36895087414387007 -0.57008336412976357 -0.9421540345577214 -0.0025658405113875658 -1.2774695162741549 -1.0357588548837979 0.12164897012431718 -0.76746343587408017 -0.63608671956108731
leaf_weight=19 17 19 17 14.999999999999998 29 15.000000000000002 15.999999999999998 17 14.999999999999998 41
leaf_count=19 17 19 17 15 29 15 16 17 15 41
internal_value=-0.110588 0.745603 -0.382627 -0.210398 -0.542707 -0.672012 -0.554249 -0.224728 -1.02603 -0.74998
internal_weight=220 53 167 34 150 121 91 34 30 57
internal_count=220 53 167 34 150 121 91 34 30 57
is_linear=0
shrinkage=0.05


Tree=26
num_leaves=11
num_cat=0
split_feature=78 39 45 43 48 13 77 91 109 0
split_gain=37541.1 43789.6 7952.46 3880.66 7719 3469.39 2993.44 1677.86 1574.49 1242.07
threshold=-0.17083333333333336 0.81666666666666698 0.020833333333333318 0.16333333333333402 6.8050000000000006 6.5550000000000006 3.5000000000000004 6.1400000000000015 0.0050000000000003384 999.50000000000011
decision_type=2 2 2 2 2 2 2 2 2 2
left_child=1 -1 3 6 -5 -3 -2 9 -6 -8
right_child=2 5 -4 4 8 -7 7 -9 -10 -11
leaf_value=2.8857562073599108 -0.063123014656423823 -0.62238655735720061 0.70008590055617281 0.51366209453937917 -1.0481761051329552 0.44942958276003409 -1.2817226129665709 -0.40330673914689286 -0.32120099651892459 -0.78343715940006864
leaf_weight=21 17 15.000000000000002 14.999999999999998 24 15.000000000000002 14.999999999999998 17 22 14.999999999999998 52
leaf_count=21 17 15 15 24 15 15 17 22 15 52
internal_value=-0.053425 1.14047 -0.397905 -0.499971 -0.153389 -0.0865997 -0.672914 -0.786582 -0.687129 -0.907953
internal_weight=228 51 177 162 54 30 108 91 30 69
internal_count=228 51 177 162 54 30 108 91 30 69
is_linear=0
shrinkage=0.05


Tree=27
num_leaves=12
num_cat=0
split_feature=76 35 62 4 76 83 103 76 52 76 48
split_gain=32041.8 23462.4 52782.7 6991.38 11123 7544.37 3544.81 1977.13 1721.23 1503.26 997.928
threshold=-14.274999999999997 -4.7833333333333323 81.950000000000003 4.5000000000000009 5.3000000000000052 2.5000000000000004 37.800000000000004 5.9999999999999938 5.8250000000000011 12.150000000000004 6.7550000000000008
decision_type=2 2 2 2 2 2 2 2 2 2 2
left_child=-1 2 -2 7 5 -5 -7 -3 -6 -9 -10
right_child=1 3 -4 4 8 6 -8 9 10 -11 -12
leaf_value=2.1301177622282017 3.3092535675756189 -1.1592825160846452 -0.40601785331393564 1.290413571101183 -0.10283335834149494 0.53263081272706281 -0.53381545932396601 -0.2220538822326871 -0.99900437000534292 -0.81358976408124395 -0.52156817279618595
leaf_weight=17 14.999999999999998 22 26 17 14.999999999999998 15.000000000000002 15.999999999999998 18 19 27 27
leaf_count=17 15 22 26 17 15 15 16 18 19 27 27
internal_value=0.0462673 -0.117867 0.957851 -0.36889 -0.12153 0.447284 -0.0175789 -0.770456 -0.569202 -0.578103 -0.720618
internal_weight=234 217 41 176 109 48 31 67 61 45 46
internal_count=234 217 41 176 109 48 31 67 61 45 46
is_linear=0
shrinkage=0.05


Tree=28
num_leaves=13
num_cat=0
split_feature=51 35 4 98 67 41 17 98 54 51 101 96
split_gain=27613.9 69405.4 15442.6 12679.6 3582.65 3000.15 4943.94 2144.65 1934.02 1843.9 1665.96 858.381
threshold=57.95000000000001 -4.7833333333333323 5.5000000000000009 33.20000000000001 12.750000000000002 0.099999999999999659 33.850000000000009 35.150000000000013 58.550000000000004 37.350000000000009 70.450000000000017 50.850000000000001
decision_type=2 2 2 2 2 2 2 2 2 2 2 2
left_child=1 -1 4 -4 9 6 7 10 -7 -3 -2 -10
right_child=5 2 3 -5 -6 8 -8 -9 11 -11 -12 -13
leaf_value=3.7433784170656019 -0.34078254507195138 -1.2302645489080062 1.6864375603139696 -0.069881095973801266 0.10896449973251646 -0.34845175225270819 0.54889463044160258 -0.062821401685328029 -0.72320931845413139 -0.47585442158398705 -1.0447893077497323 -1.1932257971052305
leaf_weight=14.999999999999998 15.999999999999998 14.999999999999998 20 21 14.999999999999998 22 14.999999999999998 20 23 18 18 18
leaf_count=15 16 15 20 21 15 22 15 20 23 18 18 18
internal_value=0 0.609014 0.0770854 0.788757 -0.531073 -0.479909 -0.251472 -0.474492 -0.729228 -0.8216 -0.71561 -0.932081
internal_weight=236 104 89 41 48 132 69 54 63 33 34 41
internal_count=236 104 89 41 48 132 69 54 63 33 34 41
is_linear=0
shrinkage=0.05


Tree=29
num_leaves=12
num_cat=0
split_feature=12 70 78 82 111 117 87 80 99 21 4
split_gain=16574.5 10206.6 16476.5 13937.3 5391.87 4766.09 2403.99 1987.51 1295.89 633.588 601.248
threshold=36.000000000000007 -0.024166666666666444 0.099166666666667083 0.10083333333333312 -0.10833333333333382 -0.85166666666666646 6.8250000000000011 0.017500000000000075 48.45000000000001 49.900000000000006 5.5000000000000009
decision_type=2 2 2 2 2 2 2 2 2 2 2
left_child=-1 6 3 -3 5 -4 9 -6 -8 -2 -9
right_child=1 2 4 -5 7 -7 8 10 -10 -11 -12
leaf_value=1.3842142943269717 -1.3452172320822009 -0.078504488514273205 0.78324619634261994 1.9141507118068937 -0.34077965618279588 -0.31152466153565961 -0.81908523610096096 -1.1305348609579584 -0.16109994160418481 -0.88302437311373871 -0.69846277250881084
leaf_weight=15.999999999999998 15.999999999999998 18 14.999999999999998 17 27 29 15.000000000000002 17 14.999999999999998 15.999999999999998 17
leaf_count=16 16 18 15 17 27 29 15 17 15 16 17
internal_value=-0.159803 -0.28275 -0.0460264 0.89191 -0.359271 0.0625091 -0.816272 -0.663191 -0.491887 -1.11775 -0.917327
internal_weight=218 202 140 35 105 44 62 61 30 32 34
internal_count=218 202 140 35 105 44 62 61 30 32 34
is_linear=0
shrinkage=0.05


Tree=30
num_leaves=10
num_cat=0
split_feature=12 0 112 62 71 103 88 69 0
split_gain=23210.4 15079.9 6986.5 8052 5359.84 7509.94 5840.33 1057.8 1018.85
threshold=36.000000000000007 3541.5000000000005 1.5000000000000002 83.600000000000009 3.5000000000000004 43.900000000000006 5.4150000000000009 5.5000000000000009 2784.5000000000005
decision_type=2 2 2 2 2 2 2 2 2
left_child=-1 2 3 -2 5 6 -4 8 -6
right_child=1 -3 4 -5 7 -7 -8 -9 -10
leaf_value=1.7095694453676762 1.2107359475647375 0.99856320289501621 -0.2241498102127395 -0.42259349822504638 -0.76838746347625297 -0.87242093708204183 1.1233394000008239 -0.27788268667865174 -0.34711933241364706
leaf_weight=18 15.000000000000002 25 15.999999999999998 14.999999999999998 77 15.999999999999998 15.999999999999998 19 18
leaf_count=18 15 25 16 15 77 16 16 19 18
internal_value=-0.0106296 -0.154064 -0.304613 0.395214 -0.434405 0.00875209 0.45084 -0.620886 -0.68907
internal_weight=235 217 192 30 162 48 32 114 95
internal_count=235 217 192 30 162 48 32 114 95
is_linear=0
shrinkage=0.05


Tree=31
num_leaves=13
num_cat=0
split_feature=51 35 4 98 97 76 62 51 88 67 53 123
split_gain=22449.4 59345.2 11224.7 12232.6 3818.46 3136.17 2828.58 1837.97 1311.5 1218.3 1046.84 808.684
threshold=57.95000000000001 -5.1333333333333302 5.5000000000000009 33.20000000000001 5.2550000000000008 23.508333333333336 75.350000000000009 41.95000000000001 5.6850000000000014 14.650000000000002 41.45000000000001 -0.0049999999999999897
decision_type=2 2 2 2 2 2 2 2 2 2 2 2
left_child=1 -1 4 -4 -3 6 -2 -6 10 -10 -8 -11
right_child=5 2 3 -5 7 -7 8 -9 9 11 -12 -13
leaf_value=3.4364576784585488 0.24010306220305597 0.10630707441200136 1.5478638504571582 -0.15762725868915542 -1.1892234861456001 -1.0628714651034021 -0.53490760714968266 -0.41543363606707651 -0.96215829243317474 -0.69581474843232527 -0.026233471497828828 -0.19168099157558463
leaf_weight=14.999999999999998 17 19 20 22 15.000000000000002 18 18 15.999999999999998 18 15.999999999999998 23 15.999999999999998
leaf_count=15 17 19 20 22 15 18 18 16 18 16 23 16
internal_value=-0.00102985 0.531267 0.0543237 0.65614 -0.451403 -0.453162 -0.350609 -0.792629 -0.461159 -0.633009 -0.250434 -0.445286
internal_weight=233 107 92 42 50 126 108 31 91 50 41 32
internal_count=233 107 92 42 50 126 108 31 91 50 41 32
is_linear=0
shrinkage=0.05


Tree=32
num_leaves=10
num_cat=0
split_feature=76 12 41 112 70 78 80 70 67
split_gain=22721.3 12490.9 4354.33 8438.48 2455.36 3226.89 2004.04 1232.99 1119.94
threshold=-8.4666666666666597 38.550000000000004 0.099999999999999659 1.5000000000000002 -0.040833333333333492 0.1808333333333341 -0.16833333333333297 -0.016666666666667048 14.250000000000002
decision_type=2 2 2 2 2 2 2 2 2
left_child=-1 -2 3 -3 -5 -6 8 -8 -4
right_child=1 2 6 4 5 -7 7 -9 -10
leaf_value=1.3418565027287734 1.0050258464722837 1.0211918587716209 0.02934654018153315 -0.68704798711286041 0.38430014554556313 -0.33002218568731029 -1.1384488792893308 -0.58349945243991563 -0.55219794442082015
leaf_weight=29 21 14.999999999999998 15.999999999999998 24 23 50 15.999999999999998 28 17
leaf_count=29 21 15 16 24 23 50 16 28 17
internal_value=0.0324507 -0.148901 -0.277605 -0.0784089 -0.249378 -0.104675 -0.566802 -0.787537 -0.270849
internal_weight=239 210 189 112 97 73 77 44 33
internal_count=239 210 189 112 97 73 77 44 33
is_linear=0
shrinkage=0.05


Tree=33
num_leaves=9
num_cat=0
split_feature=76 35 62 113 91 70 52 72
split_gain=22198.1 14457.6 35965.6 5415.51 3749.17 4065.17 2207.49 1507.09
threshold=-14.999999999999998 -4.7833333333333323 79.15000000000002 -13.666666666666668 4.6450000000000005 0.050833333333332405 4.8250000000000002 0.027499999999999861
decision_type=2 2 2 2 2 2 2 2
left_child=-1 2 -2 -3 6 7 -5 -6
right_child=1 3 -4 4 5 -7 -8 -9
leaf_value=1.8666665958265298 2.6687772444541884 0.5599144589092282 -0.39786834722506131 -1.2464335436012313 -0.11680592132453696 0.4109821001896683 -0.50495649688984767 -0.52925408832182563
leaf_weight=14.999999999999998 14.999999999999998 15.999999999999998 26 17 34 19 25 64
leaf_count=15 15 16 26 17 34 19 25 64
internal_value=0.0132347 -0.116257 0.727717 -0.314319 -0.402621 -0.256691 -0.807445 -0.386476
internal_weight=231 216 41 175 159 117 42 98
internal_count=231 216 41 175 159 117 42 98
is_linear=0
shrinkage=0.05


Tree=34
num_leaves=10
num_cat=0
split_feature=76 111 75 74 38 115 80 25 89
split_gain=21168.6 9160.28 13758.9 4498.78 7526.55 2739.93 2729.96 1736.01 520.268
threshold=-14.999999999999998 -0.64916666666666634 4.5000000000000009 -2.0500000000000038 4.5000000000000009 11.458333333333341 -0.36416666666666669 33.95000000000001 45.900000000000013
decision_type=2 2 2 2 2 2 2 2 2
left_child=-1 2 -2 4 -3 6 -5 -8 -7
right_child=1 3 -4 5 -6 8 7 -9 -10
leaf_value=1.7739513651424688 1.7165985510838742 0.87888285859405046 -0.22496534276318242 0.21725159382632891 -0.46267330522661088 -1.0736965908909473 -0.72953558313882594 -0.27317550690606524 -0.65242789295149139
leaf_weight=14.999999999999998 14.999999999999998 19 23 19 23 15.000000000000002 33 57 15.999999999999998
leaf_count=15 15 19 23 19 23 15 33 57 16
internal_value=-0.0370431 -0.161293 0.543804 -0.308756 0.144748 -0.444849 -0.326274 -0.441187 -0.859225
internal_weight=235 220 38 182 42 140 109 90 31
internal_count=235 220 38 182 42 140 109 90 31
is_linear=0
shrinkage=0.05


Tree=35
num_leaves=9
num_cat=0
split_feature=84 37 51 41 111 115 53 0
split_gain=16566.3 13210.6 4885.76 5734.92 9053.26 3428.23 1647.83 1235
threshold=0.022499999999999982 -7.5666666666666655 33.150000000000006 0.099999999999999659 -0.69083333333333286 11.458333333333341 32.400000000000013 1614.5000000000002
decision_type=2 2 2 2 2 2 2 2
left_child=1 -1 -3 4 -4 -6 -5 -8
right_child=-2 2 3 6 5 -7 7 -9
leaf_value=0.99744679675557313 1.5060383855947972 -1.1066399430597065 1.1944580698644878 -0.14770093713950247 0.035788360240059436 -0.68554921460942631 -0.94967717928854045 -0.45342778235277859
leaf_weight=24 17 14.999999999999998 14.999999999999998 22 75 21 22 30
leaf_count=24 17 15 15 22 75 21 22 30
internal_value=0.00593182 -0.108514 -0.241687 -0.170969 0.056336 -0.122501 -0.511609 -0.664895
internal_weight=241 224 200 185 111 96 74 52
internal_count=241 224 200 185 111 96 74 52
is_linear=0
shrinkage=0.05


Tree=36
num_leaves=10
num_cat=0
split_feature=76 57 45 89 72 89 25 3 71
split_gain=21736.1 28398.7 5232.21 10520.1 5528.53 6664.4 3049.34 2639.92 1161.61
threshold=-8.4666666666666597 51.250000000000007 0.011666666666666674 34.70000000000001 -0.024166666666666 43.95000000000001 25.500000000000004 1.5000000000000002 4.5000000000000009
decision_type=2 2 2 2 2 2 2 2 2
left_child=1 -1 4 -4 5 -2 -6 -8 -9
right_child=2 -3 3 -5 6 -7 7 8 -10
leaf_value=2.7857621413587732 -0.32423027451358627 -0.23571136989948915 1.3552258552304952 -0.51166175659129165 -0.95414180142796912 1.0660311098919799 0.21370675627785829 -0.15285057745794384 -0.53256467042692146
leaf_weight=15.000000000000002 20 15.999999999999998 15.000000000000002 14.999999999999998 23 14.999999999999998 19 28 73
leaf_count=15 20 16 15 15 23 15 19 28 73
internal_value=-0.00251585 1.23039 -0.186793 0.423017 -0.289778 0.272793 -0.427599 -0.325927 -0.427602
internal_weight=239 31 208 30 178 35 143 120 101
internal_count=239 31 208 30 178 35 143 120 101
is_linear=0
shrinkage=0.05


Tree=37
num_leaves=11
num_cat=0
split_feature=74 32 45 22 18 62 6 89 5 99
split_gain=19302.4 34611.9 4477.06 4189.64 3326.81 3142.21 2395.09 1610.84 1411.02 1047.38
threshold=-2.9333333333333313 4.5000000000000009 0.011666666666666674 0.15500000000000003 46.95000000000001 76.100000000000009 3.5000000000000004 32.800000000000004 1.0000000180025095e-35 49.850000000000009
decision_type=2 2 2 2 2 2 2 2 2 2
left_child=1 -1 4 -3 5 -2 9 -8 -7 -6
right_child=2 3 -4 -5 6 8 7 -9 -10 -11
leaf_value=2.5139225725884211 0.44523718592696171 0.36123458098249828 0.32838067679569644 -0.78171446276026857 -0.55384211041233089 -0.082022648061056275 0.13794435953462361 -0.51598867909366863 -0.71649810975750561 -1.0034578011924491
leaf_weight=19 19 17 26 14.999999999999998 26 21 14.999999999999998 25 14.999999999999998 27
leaf_count=19 19 17 26 15 26 21 15 25 15 27
internal_value=-0.0248922 0.829533 -0.275689 -0.175133 -0.381993 -0.0734259 -0.56415 -0.270907 -0.347778 -0.784444
internal_weight=225 51 174 32 148 55 93 40 36 53
internal_count=225 51 174 32 148 55 93 40 36 53
is_linear=0
shrinkage=0.05


Tree=38
num_leaves=11
num_cat=0
split_feature=76 37 41 123 123 1 92 0 44 60
split_gain=23135 10333.8 3222.94 3700.77 3473.04 2727 1357.85 1256.96 805.24 479.045
threshold=-8.4666666666666597 -7.5666666666666655 -0.17999999999999924 -0.00083333333333333859 0.015000000000000015 4.5000000000000009 40.300000000000004 1300.0000000000002 2.5000000000000004 51.150000000000013
decision_type=2 2 2 2 2 2 2 2 2 2
left_child=-1 -2 3 6 -5 7 -3 9 -9 -4
right_child=1 2 5 4 -6 -7 -8 8 -10 -11
leaf_value=1.3604885971013623 0.89985901432826898 -0.57956166293197897 -0.99731282369690621 0.87763765528798088 -0.16359671257584302 0.16115236474860528 0.008858754864910192 -0.23720379985195825 -0.59908204344023896 -0.59356808788729032
leaf_weight=29 21 23 16.000000000000004 17 14.999999999999998 15.999999999999998 17 32 30 14.999999999999998
leaf_count=29 21 23 16 17 15 16 17 32 30 15
internal_value=0.0423906 -0.147396 -0.269358 -0.00962685 0.390414 -0.440712 -0.32996 -0.544374 -0.413069 -0.80465
internal_weight=231 202 181 72 32 109 40 93 62 31
internal_count=231 202 181 72 32 109 40 93 62 31
is_linear=0
shrinkage=0.05


Tree=39
num_leaves=9
num_cat=0
split_feature=64 0 80 62 12 40 117 1
split_gain=17850.7 12922.8 4391.16 5293.98 3314.36 3788.23 2899.47 1715
threshold=8.0000000000000018 3646.5000000000005 -0.33833333333333288 73.000000000000014 63.250000000000007 3.5000000000000004 -0.87416666666666709 2.5000000000000004
decision_type=2 2 2 2 2 2 2 2
left_child=-1 2 3 -2 6 -6 -4 -8
right_child=1 -3 4 -5 5 -7 7 -9
leaf_value=1.6538552009112 0.84578527245073676 0.99618934196827214 -0.062527821643418996 -0.28583917573898165 0.37753372612584141 -0.49183889053669216 -0.51438649196501351 -1.0046792453065569
leaf_weight=14.999999999999998 18 23 25 24 26 24 54 27
leaf_count=15 18 23 25 24 26 24 54 27
internal_value=-0.00939888 -0.123009 -0.253479 0.199881 -0.37562 -0.0398141 -0.533785 -0.678916
internal_weight=236 221 198 42 156 50 106 81
internal_count=236 221 198 42 156 50 106 81
is_linear=0
shrinkage=0.05


Tree=40
num_leaves=8
num_cat=0
split_feature=12 70 70 62 70 31 0
split_gain=18311.7 12524.1 4272.73 2427.17 3627.08 1956.05 1924.81
threshold=38.550000000000004 0.050833333333332405 -0.066666666666665972 65.450000000000017 0.0049999999999990061 0.020833333333333041 1895.0000000000002
decision_type=2 2 2 2 2 2 2
left_child=-1 2 -2 4 -4 6 -5
right_child=1 -3 3 5 -6 -7 -8
leaf_value=1.2602327506855664 -0.98571137123833896 0.83531783487084166 -0.40431617474713866 -0.64235635569394267 0.65912464947728377 0.19235471361172124 -0.2257829707799679
leaf_weight=25 21 27 14.999999999999998 47 17 15.999999999999998 68
leaf_count=25 21 27 15 47 17 16 68
internal_value=-0.016487 -0.168306 -0.315978 -0.229111 0.160774 -0.324439 -0.396488
internal_weight=236 211 184 163 32 131 115
internal_count=236 211 184 163 32 131 115
is_linear=0
shrinkage=0.05


Tree=41
num_leaves=10
num_cat=0
split_feature=84 111 21 107 115 41 70 41 67
split_gain=13756.3 11897.8 14005.8 4661.84 4373.19 2702.65 3357.71 1155.76 1032.33
threshold=0.022499999999999982 -0.64916666666666634 50.550000000000004 49.500000000000007 11.458333333333341 0.052500000000000664 1.0000000180025095e-35 0.43166666666666714 13.450000000000001
decision_type=2 2 2 2 2 2 2 2 2
left_child=1 2 -1 -3 5 6 -5 -7 -6
right_child=-2 3 -4 4 8 7 -8 -9 -10
leaf_value=-0.31800584374674112 1.4693732242710542 0.5918160052094239 1.773248869494388 -0.32541214523222967 -1.0484924432650133 -0.63673769237749345 0.35653358197608481 -0.17965906582061683 -0.51260298585726161
leaf_weight=14.999999999999998 14.999999999999998 14.999999999999998 17 36 20 33 36 24 17
leaf_count=15 15 15 17 36 20 33 36 24 17
internal_value=0.0109912 -0.0923296 0.794881 -0.249564 -0.325933 -0.188128 0.015513 -0.445023 -0.804453
internal_weight=228 213 32 181 166 129 72 57 37
internal_count=228 213 32 181 166 129 72 57 37
is_linear=0
shrinkage=0.05


Tree=42
num_leaves=8
num_cat=0
split_feature=12 66 113 49 71 105 27
split_gain=19460.3 14979.1 7488.33 3169.79 3016.55 3582.96 1752.97
threshold=36.000000000000007 6.0500000000000016 -13.666666666666668 4.285000000000001 3.5000000000000004 29.150000000000002 14.550000000000002
decision_type=2 2 2 2 2 2 2
left_child=-1 -2 -3 -4 5 -5 -6
right_child=1 2 3 4 6 -7 -8
leaf_value=1.7854420409297314 1.2299447525793046 0.73867413517068181 -0.97249355123650205 0.58912868028356569 -0.67556025437384004 -0.36976444563154359 -0.24568511303858054
leaf_weight=14.999999999999998 20 19 15.999999999999998 21 32 18 92
leaf_count=15 20 19 16 21 32 18 92
internal_value=0.0495641 -0.070618 -0.202568 -0.302861 -0.236543 0.146621 -0.357116
internal_weight=233 218 198 179 163 39 124
internal_count=233 218 198 179 163 39 124
is_linear=0
shrinkage=0.05


Tree=43
num_leaves=9
num_cat=0
split_feature=84 111 67 26 67 115 104 8
split_gain=15405.8 6605.48 16122.6 2766.11 2670.97 2007.87 2972.93 1569.96
threshold=0.022499999999999982 -0.51333333333333309 10.800000000000002 15.900000000000002 6.5500000000000007 11.458333333333341 35.850000000000009 1.5000000000000002
decision_type=2 2 2 2 2 2 2 2
left_child=1 2 -1 -3 -5 6 -6 -4
right_child=-2 3 7 4 5 -7 -8 -9
leaf_value=1.6827909781443364 1.4649385850161116 -0.86853534073626248 -0.67443564739448336 -0.68488683348259149 -0.26632995272650933 -0.56784668376435443 0.30954219662169014 0.035870828687774463
leaf_weight=14.999999999999998 14.999999999999998 21 15.000000000000002 29 59 23 36 15.999999999999998
leaf_count=15 15 21 15 29 59 23 36 16
internal_value=-0.0786335 -0.187485 0.342813 -0.332833 -0.255731 -0.149728 -0.0479561 -0.308729
internal_weight=229 214 46 168 147 118 95 31
internal_count=229 214 46 168 147 118 95 31
is_linear=0
shrinkage=0.05


Tree=44
num_leaves=9
num_cat=0
split_feature=76 70 45 16 104 35 121 104
split_gain=14381.3 9665.7 4042.74 3321.23 7942.41 3162.11 1847.34 1783.4
threshold=-14.274999999999997 0.068333333333333815 0.020833333333333318 5.1750000000000007 14.250000000000002 -3.350000000000001 0.040000000000000931 35.500000000000007
decision_type=2 2 2 2 2 2 2 2
left_child=-1 2 3 4 -2 -5 -6 -7
right_child=1 -3 -4 5 6 7 -8 -9
leaf_value=1.4903786881869994 0.99145813975113117 0.93907994037836928 0.57443170089595375 -1.1424246581184943 -0.53647911672281035 -0.51242082050193016 -0.02272160808630597 -0.011224504391809076
leaf_weight=14.999999999999998 14.999999999999998 20 14.999999999999998 14.999999999999998 34 56 36 26
leaf_count=15 15 20 15 15 34 56 36 26
internal_value=-0.00163467 -0.105431 -0.211921 -0.277038 -0.0486859 -0.476832 -0.272742 -0.353773
internal_weight=232 217 197 182 85 97 70 82
internal_count=232 217 197 182 85 97 70 82
is_linear=0
shrinkage=0.05


Tree=45
num_leaves=11
num_cat=0
split_feature=78 66 35 27 33 28 62 97 49 84
split_gain=18238.7 36540 5424.88 3647.83 2425.99 2246.22 3251.94 3428.42 1247.94 1026.56
threshold=-0.093333333333333254 13.450000000000001 -6.9333333333333362 21.950000000000003 1.2591666666666668 6.1000000000000005 77.100000000000009 5.3150000000000004 6.0450000000000008 -0.011666666666666671
decision_type=2 2 2 2 2 2 2 2 2 2
left_child=1 -1 -2 -3 5 8 7 -7 -4 -8
right_child=2 3 4 -5 -6 6 9 -9 -10 -11
leaf_value=2.7919744065630505 0.56967305468218354 -0.50613402569491561 -0.78708100481183108 0.47240809649970406 -0.71757882743242718 0.84270405811175952 -0.4748026986454808 -0.15901033752842952 -0.23270023049811972 -0.064410066671693439
leaf_weight=17 22 18 19 20 25 17 30 17 22 31
leaf_count=17 22 18 19 20 25 17 30 17 22 31
internal_value=0.0749946 0.872543 -0.165024 0.00864506 -0.26574 -0.182178 -0.0484601 0.342703 -0.49102 -0.266771
internal_weight=238 55 183 38 161 136 95 34 41 61
internal_count=238 55 183 38 161 136 95 34 41 61
is_linear=0
shrinkage=0.05


Tree=46
num_leaves=11
num_cat=0
split_feature=78 39 35 37 113 76 21 82 82 26
split_gain=16465.2 29913 6155.98 2255.2 2480.86 4873.49 1381.3 1557.63 1312.48 1076.38
threshold=-0.17083333333333336 0.81666666666666698 -8.7083333333333304 17.775000000000002 -0.80833333333333346 5.5083333333333302 51.850000000000001 -0.16333333333333397 -0.34250000000000019 38.45000000000001
decision_type=2 2 2 2 2 2 2 2 2 2
left_child=1 -1 -2 4 5 -4 9 -8 -7 -6
right_child=2 -3 3 -5 6 8 7 -9 -10 -11
leaf_value=2.3565904893092253 0.75697744858195204 -0.19021107909644222 0.66514953531291143 -0.70941573953197012 -0.0021338049359495852 0.15017005256469676 -0.98272995411954944 -0.26041974381895255 -0.41535846405311533 -0.46215813703396735
leaf_weight=20 17 27 22 22 30 14.999999999999998 15.000000000000002 14.999999999999998 32 22
leaf_count=20 17 27 22 22 30 15 15 15 32 22
internal_value=0.0592318 0.896131 -0.148127 -0.237482 -0.168267 0.0525957 -0.354013 -0.623806 -0.234829 -0.197369
internal_weight=237 47 190 173 151 69 82 30 47 52
internal_count=237 47 190 173 151 69 82 30 47 52
is_linear=0
shrinkage=0.05


Tree=47
num_leaves=9
num_cat=0
split_feature=12 60 49 71 66 41 113 66
split_gain=11147 6505.97 3399.66 2670.94 3437.76 1896.63 2472.66 1111.99
threshold=38.550000000000004 63.350000000000009 4.1350000000000007 3.5000000000000004 22.900000000000002 0.21333333333333318 -5.2000000000000055 25.450000000000003
decision_type=2 2 2 2 2 2 2 2
left_child=-1 2 -2 4 -4 6 -5 -7
right_child=1 -3 3 5 -6 7 -8 -9
leaf_value=0.97214250710732175 -0.81983878310046965 0.84194389751979282 0.64371795209284821 0.29110191959296644 -0.27231170188694098 -0.78270437177733987 -0.28419319077669186 -0.28090951017649529
leaf_weight=26 20 15.999999999999998 22 27 19 20 60 25
leaf_count=26 20 16 22 27 19 20 60 25
internal_value=-0.00212618 -0.123758 -0.204237 -0.132607 0.219465 -0.242084 -0.105467 -0.505281
internal_weight=235 209 193 173 41 132 87 45
internal_count=235 209 193 173 41 132 87 45
is_linear=0
shrinkage=0.05


Tree=48
num_leaves=13
num_cat=0
split_feature=71 0 55 113 45 37 96 0 41 63 67 98
split_gain=8682.3 16024.8 4326.42 3046.11 5538.9 3538.77 3003.09 2078.49 1677.19 1471.41 445.275 278.549
threshold=3.5000000000000004 2256.5000000000005 5.3950000000000005 2.4000000000000026 0.011666666666666674 -5.0666666666666726 50.850000000000001 2106.0000000000005 -0.1291666666666664 32.550000000000004 19.500000000000004 35.850000000000001
decision_type=2 2 2 2 2 2 2 2 2 2 2 2
left_child=1 2 9 4 6 -5 7 -2 -8 -1 11 -7
right_child=3 -3 -4 5 -6 10 8 -9 -10 -11 -12 -13
leaf_value=-0.11017501036457665 -0.31788882447786981 1.4630921642525823 -0.7224950248034212 -1.2183449833598359 0.77580476565076817 -0.58348411509345244 -0.20198221997002871 0.41972938482674005 -0.84763589132399775 0.58815422879149581 -0.134032412169621 -0.28752310749710797
leaf_weight=15.000000000000002 19 23 19 14.999999999999998 14.999999999999998 18 18 19 23 14.999999999999998 17 14.999999999999998
leaf_count=15 19 23 19 15 15 18 18 19 23 15 17 15
internal_value=-0.0777708 0.377396 -0.134056 -0.284023 -0.101769 -0.546953 -0.26923 0.0509227 -0.565481 0.239617 -0.343406 -0.450383
internal_weight=231 72 49 159 94 65 79 38 41 30 50 33
internal_count=231 72 49 159 94 65 79 38 41 30 50 33
is_linear=0
shrinkage=0.05


Tree=49
num_leaves=10
num_cat=0
split_feature=35 121 60 70 113 41 76 117 81
split_gain=14154.6 36352.9 7049.1 4605.41 3761.81 4617.19 4151.54 1207.07 1248.71
threshold=-5.1333333333333302 -0.034166666666666672 61.400000000000006 -0.066666666666665972 -2.3749999999999996 0.16499999999999918 5.5083333333333302 -0.040833333333333936 1.5000000000000002
decision_type=2 2 2 2 2 2 2 2 2
left_child=1 -1 3 -2 5 6 -5 -6 -9
right_child=2 -3 -4 4 7 -7 -8 8 -10
leaf_value=2.8259190870436615 -1.030725529826946 -0.30418512069338094 0.86819828193380211 1.0663828923688297 -0.61024396960268312 -0.38044288382219626 0.054929723231440991 -0.6337388916520883 -0.12276294824704144
leaf_weight=14.999999999999998 15.999999999999998 24 15.999999999999998 17 29 26 25 14.999999999999998 58
leaf_count=15 16 24 16 17 29 26 25 15 58
internal_value=0.0329036 0.903722 -0.135564 -0.222356 -0.145683 0.142207 0.466007 -0.337611 -0.22855
internal_weight=241 39 202 186 170 68 42 102 73
internal_count=241 39 202 186 170 68 42 102 73
is_linear=0
shrinkage=0.05


Tree=50
num_leaves=10
num_cat=0
split_feature=60 39 52 109 37 28 66 14 4
split_gain=10848.2 23326.8 34833.2 8952.51 2662.11 2282.35 2311.68 1854.21 1358.33
threshold=53.45000000000001 0.774166666666667 6.1150000000000011 0.055000000000000167 -5.0666666666666726 5.7000000000000002 13.450000000000001 40.750000000000007 10.500000000000002
decision_type=2 2 2 2 2 2 2 2 2
left_child=3 2 -2 4 -1 -6 -7 -3 -8
right_child=1 7 -4 -5 5 6 8 -9 -10
leaf_value=-0.90494819186744879 3.2378702350010147 -0.84353249690785326 0.055937611997424065 0.92606580758726365 0.15545617114025284 -0.85706202521252983 -0.37033698646429447 -0.081280424999214743 0.14005689722055578
leaf_weight=19 14.999999999999998 14.999999999999998 20 14.999999999999998 25 20 55 17 17
leaf_count=19 15 15 20 15 25 20 55 17 17
internal_value=0.00571959 0.534783 1.42511 -0.229196 -0.357238 -0.267554 -0.382601 -0.440257 -0.249731
internal_weight=218 67 35 151 136 117 92 32 72
internal_count=218 67 35 151 136 117 92 32 72
is_linear=0
shrinkage=0.05


Tree=51
num_leaves=10
num_cat=0
split_feature=33 73 60 70 78 6 6 117 0
split_gain=11052.4 26437.1 5777.16 2985.85 2026.05 3645.73 3526.8 1528.96 1128.79
threshold=-0.32083333333333325 5.5000000000000009 61.400000000000006 -0.066666666666665972 0.1808333333333341 2.5000000000000004 5.5000000000000009 -0.87416666666666709 1927.0000000000002
decision_type=2 2 2 2 2 2 2 2 2
left_child=1 -1 3 -2 5 -5 -7 -6 -9
right_child=2 -3 -4 4 7 6 -8 8 -10
leaf_value=2.2868357412563345 -0.88018064453550005 -0.53762410405086491 0.7580484904117466 -0.39220138832741258 0.047358436776874624 0.97974015829578931 -0.055937306722883356 -0.57596596788057519 -0.21665169369518239
leaf_weight=15.999999999999998 15.999999999999998 17 15.999999999999998 24 26 14.999999999999998 18 42 46
leaf_count=16 16 17 16 24 26 15 18 42 46
internal_value=-0.0127778 0.834432 -0.150869 -0.229028 -0.167593 0.075649 0.416212 -0.289218 -0.388658
internal_weight=236 33 203 187 171 57 33 114 88
internal_count=236 33 203 187 171 57 33 114 88
is_linear=0
shrinkage=0.05


Tree=52
num_leaves=11
num_cat=0
split_feature=76 13 113 25 25 60 106 52 87 56
split_gain=10414.3 21518.4 6076.01 2756.05 4007.99 1703.67 1360.8 1923.32 1469.42 763.838
threshold=-8.4666666666666597 5.8150000000000004 -13.666666666666668 33.95000000000001 38.250000000000007 53.750000000000007 15.900000000000002 4.6450000000000005 6.7950000000000008 35.550000000000004
decision_type=2 2 2 2 2 2 2 2 2 2
left_child=1 -1 -2 6 -5 9 7 -4 -9 -6
right_child=2 -3 3 4 5 -7 -8 8 -10 -11
leaf_value=2.1990373644607741 0.76335837712064813 -0.43004441092843593 -0.70227825766179097 0.54010006575023428 -0.18227630849989582 0.17763278617819339 -0.78528259578603421 -0.42407489293110301 0.24149345382612353 -0.52468288562622578
leaf_weight=15.000000000000002 17 15.999999999999998 20 22 36 21 22 15.999999999999998 17 30
leaf_count=15 17 16 20 22 36 21 22 16 17 30
internal_value=-0.00655879 0.844912 -0.13826 -0.221958 -0.0612637 -0.213836 -0.455041 -0.316645 -0.0813616 -0.33855
internal_weight=232 31 201 184 109 87 75 53 33 66
internal_count=232 31 201 184 109 87 75 53 33 66
is_linear=0
shrinkage=0.05


Tree=53
num_leaves=9
num_cat=0
split_feature=35 51 25 70 33 76 91 9
split_gain=11729.8 31879.6 5653.3 4174.35 2190.75 2940.5 4380.09 827.858
threshold=-5.1333333333333302 58.650000000000013 20.400000000000002 -0.066666666666665972 1.2591666666666668 5.3000000000000052 4.8950000000000005 6.7750000000000012
decision_type=2 2 2 2 2 2 2 2
left_child=1 -1 -2 -4 5 6 -5 -7
right_child=2 -3 3 4 -6 7 -8 -9
leaf_value=2.6074297881876398 0.79870452024289318 -0.37439140777242669 -0.97688509484995967 0.8849433710003457 -0.59696666827568634 -0.40622060941687099 -0.067417706117722825 -0.095591909747967788
leaf_weight=14.999999999999998 14.999999999999998 22 15.999999999999998 17 22 42 41 44
leaf_count=15 15 22 16 17 22 42 41 44
internal_value=0.0224773 0.83809 -0.131031 -0.208081 -0.133406 -0.0621848 0.212679 -0.247648
internal_weight=234 37 197 182 166 144 58 86
internal_count=234 37 197 182 166 144 58 86
is_linear=0
shrinkage=0.05


Tree=54
num_leaves=8
num_cat=0
split_feature=76 57 109 51 70 69 97
split_gain=11531.1 7185.41 3170.24 1889.97 1522.07 2049.08 1099.81
threshold=-14.274999999999997 39.800000000000004 0.057500000000000114 37.350000000000009 -0.016666666666667048 2.5000000000000004 5.4450000000000012
decision_type=2 2 2 2 2 2 2
left_child=-1 -2 3 -3 6 -6 -5
right_child=1 2 -4 4 5 -7 -8
leaf_value=1.2481126117780341 0.67491689143833777 -0.83960508873920581 0.40904185548860428 -0.65685858660119345 0.37527668404838316 -0.23665380105049105 -0.18986097483485231
leaf_weight=15.999999999999998 24 14.999999999999998 17 32 15.999999999999998 91 21
leaf_count=16 24 15 17 32 16 91 21
internal_value=-0.0427693 -0.138947 -0.241004 -0.304377 -0.253675 -0.144839 -0.472622
internal_weight=232 216 192 175 160 107 53
internal_count=232 216 192 175 160 107 53
is_linear=0
shrinkage=0.05


Tree=55
num_leaves=11
num_cat=0
split_feature=70 72 33 113 41 111 28 96 103 111
split_gain=9624.62 21510.4 9051.59 3924.62 3080.11 4475.8 1847.01 1243.56 1064.28 925.361
threshold=0.050833333333332405 0.45333333333333364 -0.77583333333333326 12.383333333333338 0.1216666666666666 -0.79749999999999976 5.5500000000000007 49.850000000000009 31.900000000000002 0.069999999999999854
decision_type=2 2 2 2 2 2 2 2 2 2
left_child=2 -2 -1 4 5 -4 -7 8 -6 -9
right_child=1 -3 3 -5 7 6 -8 9 -10 -11
leaf_value=1.0970603816556614 2.1486960572485598 -0.39931821986945748 0.87505759849453613 -0.83564694179824339 0.14077169250326546 0.32100356868851238 -0.20383173339007921 -0.82781668545906995 -0.40937816280027778 -0.30342204771195241
leaf_weight=14.999999999999998 15.999999999999998 17 14.999999999999998 20 17 23 61 17 18 17
leaf_count=15 16 17 15 20 17 23 61 17 18 17
internal_value=0.0480833 0.838691 -0.0807641 -0.175299 -0.0962064 0.0824867 -0.0598566 -0.352413 -0.14238 -0.567425
internal_weight=236 33 203 188 168 99 84 69 35 34
internal_count=236 33 203 188 168 99 84 69 35 34
is_linear=0
shrinkage=0.05


Tree=56
num_leaves=10
num_cat=0
split_feature=35 51 25 49 75 23 111 23 84
split_gain=9923.06 33020.2 5947.51 4186.08 1363.65 1847.59 2947.73 1263.27 493.987
threshold=-4.7833333333333323 57.750000000000007 21.250000000000004 4.285000000000001 5.5000000000000009 91.750000000000014 -0.27999999999999931 85.100000000000009 -0.016666666666666646
decision_type=2 2 2 2 2 2 2 2 2
left_child=1 -1 -2 -4 5 6 -5 8 -6
right_child=2 -3 3 4 7 -7 -8 -9 -10
leaf_value=2.5575975417301358 0.79600868801407476 -0.4021981711347265 -0.8815016935853397 0.55150444391485931 -0.3216139792409165 -0.4595073562393438 -0.12319862345877396 -0.033677825494785214 -0.71425255530446918
leaf_weight=14.999999999999998 14.999999999999998 25 22 23 14.999999999999998 20 54 20 18
leaf_count=15 15 25 22 23 15 20 54 20 18
internal_value=-0.00253001 0.711211 -0.155527 -0.238953 -0.144155 -0.0325581 0.0787251 -0.347858 -0.537442
internal_weight=227 40 187 172 150 97 77 53 33
internal_count=227 40 187 172 150 97 77 53 33
is_linear=0
shrinkage=0.05


Tree=57
num_leaves=10
num_cat=0
split_feature=64 111 89 25 123 21 59 105 37
split_gain=9062.29 4306.17 7788.15 3494.66 3654.08 1876.59 1377.6 1350.43 1244.2
threshold=8.0000000000000018 -0.64916666666666634 19.050000000000001 30.200000000000003 -0.02 47.850000000000009 36.250000000000007 13.700000000000001 -4.4750000000000041
decision_type=2 2 2 2 2 2 2 2 2
left_child=-1 2 -2 8 -5 6 -6 -7 -3
right_child=1 3 -4 4 5 7 -8 -9 -10
leaf_value=1.1429608200559553 -0.40049348665259732 -0.93775719202052776 1.0689124225321864 0.56696415381166487 -0.14425547363047886 -0.74432404738420632 0.42550708610818994 -0.23447649010648097 -0.39677345347158688
leaf_weight=14.999999999999998 17 17 19 18 31 17 15.999999999999998 55 29
leaf_count=15 17 17 19 18 31 17 16 55 29
internal_value=-0.0417834 -0.123438 0.375701 -0.221808 -0.0949761 -0.195535 0.0500917 -0.355792 -0.598411
internal_weight=234 219 36 183 137 119 47 72 46
internal_count=234 219 36 183 137 119 47 72 46
is_linear=0
shrinkage=0.05


Tree=58
num_leaves=10
num_cat=0
split_feature=76 44 101 81 12 57 23 86 60
split_gain=7379.29 4397.75 3536.82 9308.34 2559.49 1562.52 1236.06 1293.33 1220.74
threshold=-14.999999999999998 5.5000000000000009 68.550000000000026 5.5000000000000009 42.600000000000001 48.45000000000001 73.600000000000009 1.5000000000000002 50.850000000000001
decision_type=2 2 2 2 2 2 2 2 2
left_child=-1 2 4 6 -2 -6 -4 -8 -7
right_child=1 -3 3 -5 5 8 7 -9 -10
leaf_value=1.0424993738630748 -1.0036997760368498 0.72090942188604001 -0.47386508727895804 1.0554681642032457 0.0029337285941605888 -0.19725000521275388 -0.22362242075288374 0.22670940818628338 -0.75806969341576391
leaf_weight=14.999999999999998 14.999999999999998 14.999999999999998 26 18 28 19 47 24 20
leaf_count=15 15 15 26 18 28 19 47 24 20
internal_value=-0.0254445 -0.101486 -0.164464 0.0144411 -0.415141 -0.282001 -0.179576 -0.0712225 -0.486181
internal_weight=227 212 197 115 82 67 97 71 39
internal_count=227 212 197 115 82 67 97 71 39
is_linear=0
shrinkage=0.05


Tree=59
num_leaves=10
num_cat=0
split_feature=12 23 69 78 53 99 100 60 1
split_gain=8542.97 5836.32 3038.93 2167.5 4418.35 1622.57 2642.99 1189.95 772.957
threshold=36.000000000000007 55.300000000000004 1.5000000000000002 0.1808333333333341 22.300000000000001 49.500000000000007 0.18500000000000003 48.95000000000001 2.5000000000000004
decision_type=2 2 2 2 2 2 2 2 2
left_child=-1 -2 7 4 -4 6 -5 -3 -7
right_child=1 2 3 5 -6 8 -8 -9 -10
leaf_value=1.1123459106646709 0.83169292480864121 -0.26178919370003167 -0.25171388709198883 -0.21077668730363827 0.71614048896413862 -0.25026625236945521 0.53770445728477856 -0.82412628813169475 -0.67092363883180228
leaf_weight=15.999999999999998 15.999999999999998 18 24 44 23 31 15.999999999999998 20 17
leaf_count=16 16 18 24 44 23 31 16 20 17
internal_value=0.00250093 -0.0829307 -0.159172 -0.0607527 0.222326 -0.184082 -0.0105359 -0.559274 -0.400438
internal_weight=225 209 193 155 47 108 60 38 48
internal_count=225 209 193 155 47 108 60 38 48
is_linear=0
shrinkage=0.05


Tree=60
num_leaves=12
num_cat=0
split_feature=70 93 14 115 93 25 9 109 92 43 45
split_gain=7765.13 21143.8 6735.12 4509.85 3947.28 3689.89 2873.47 2126.47 1690.2 1071.38 835.341
threshold=0.050833333333332405 56.45000000000001 11.450000000000001 11.458333333333341 43.850000000000001 44.900000000000006 6.785000000000001 0.010833333333333252 42.250000000000007 -0.035833333333333599 -0.011666666666666643
decision_type=2 2 2 2 2 2 2 2 2 2 2
left_child=2 -2 -1 4 5 6 -4 -5 10 -10 -6
right_child=1 -3 3 7 8 -7 -8 -9 9 -11 -12
leaf_value=0.84827756191554815 -0.42639313455444672 2.1086808526752803 0.52799159612087232 -0.34284180668159503 -0.16675430792164428 0.91201959344911276 -0.37544455084755524 -1.117927066731897 -0.23134322804004992 0.32599742333620596 -0.57792154289059683
leaf_weight=17 18 14.999999999999998 14.999999999999998 20 19 15.999999999999998 21 15.999999999999998 20 14.999999999999998 36
leaf_count=17 18 15 15 20 19 16 21 16 20 15 36
internal_value=0.0205307 0.728652 -0.0995915 -0.190572 -0.0636249 0.282808 0.00126851 -0.689605 -0.263934 0.00762285 -0.436533
internal_weight=228 33 195 178 142 52 36 36 90 35 55
internal_count=228 33 195 178 142 52 36 36 90 35 55
is_linear=0
shrinkage=0.05


Tree=61
num_leaves=12
num_cat=0
split_feature=11 76 60 115 41 95 62 57 64 70 56
split_gain=6973 16702.8 4727.67 2189.23 1947.33 2337.64 4507.45 1829.67 1160.05 1029.78 548.292
threshold=24.550000000000004 10.833333333333341 63.350000000000009 11.458333333333341 0.099999999999999659 33.150000000000013 84.800000000000011 49.350000000000009 36.600000000000001 1.0000000180025095e-35 36.250000000000007
decision_type=2 2 2 2 2 2 2 2 2 2 2
left_child=1 -1 3 4 5 6 -2 -5 -6 -7 -10
right_child=2 -3 -4 7 8 9 -8 -9 10 -11 -12
leaf_value=1.8119488105640646 0.84508419739666252 -0.40270135076665092 0.71745151526091122 -0.19548837315966514 -0.55408394468813815 -0.48626813753945392 -0.27807802950373345 -0.92990418333908775 0.0050222022243704926 0.0086948706731348642 -0.37634869312608488
leaf_weight=15.999999999999998 20 18 14.999999999999998 17 29 18 15.999999999999998 17 25 25 14.999999999999998
leaf_count=16 20 18 15 17 29 18 16 17 25 25 15
internal_value=-0.0185502 0.641598 -0.132777 -0.203234 -0.119883 0.0495692 0.346375 -0.564493 -0.313758 -0.19903 -0.138449
internal_weight=231 34 197 182 148 79 36 34 69 43 40
internal_count=231 34 197 182 148 79 36 34 69 43 40
is_linear=0
shrinkage=0.05


Tree=62
num_leaves=9
num_cat=0
split_feature=76 24 29 27 9 25 26 41
split_gain=9091.26 3617.61 3440.37 3115.75 1660.89 1743.6 1244.14 1041.82
threshold=-8.4666666666666597 61.000000000000007 56.500000000000007 13.9 6.7950000000000008 44.900000000000006 20.400000000000002 -0.17999999999999924
decision_type=2 2 2 2 2 2 2 2
left_child=-1 2 3 6 7 -6 -2 -5
right_child=1 -3 -4 4 5 -7 -8 -9
leaf_value=0.839626013454293 -1.0192703953839295 0.43347292785494967 0.34386019418979519 -0.014289851906549864 -0.14375045328448727 0.45483295370860655 -0.43577360221459166 -0.47253659140142124
leaf_weight=29 14.999999999999998 27 26 18 37 18 24 40
leaf_count=29 15 27 26 18 37 18 24 40
internal_value=0.0125751 -0.10475 -0.186617 -0.277555 -0.144235 0.0525288 -0.662356 -0.330678
internal_weight=234 205 178 152 113 55 39 58
internal_count=234 205 178 152 113 55 39 58
is_linear=0
shrinkage=0.05


Tree=63
num_leaves=10
num_cat=0
split_feature=35 64 60 70 78 6 59 104 21
split_gain=9386.54 27370.7 4391.49 3147.21 2515.07 4478.98 1585.78 1170.43 759.551
threshold=-5.1333333333333302 38.300000000000004 61.400000000000006 -0.066666666666665972 0.052499999999999776 1.5000000000000002 30.050000000000004 17.000000000000004 51.550000000000004
decision_type=2 2 2 2 2 2 2 2 2
left_child=1 -1 3 -2 5 -5 8 -8 -6
right_child=2 -3 -4 4 6 -7 7 -9 -10
leaf_value=2.3861319344564782 -0.89090128260732482 -0.32968081749079142 0.66203474654173999 -0.38649457279819149 0.16170614208902381 0.66402226227186456 -0.70622853177103817 -0.26762176394090637 -0.28080884656369298
leaf_weight=14.999999999999998 14.999999999999998 24 15.999999999999998 18 27 23 20 64 14.999999999999998
leaf_count=15 15 24 16 18 27 23 20 64 15
internal_value=0.0101732 0.718166 -0.129547 -0.199489 -0.13686 0.20288 -0.247524 -0.372827 0.0032547
internal_weight=237 39 198 182 167 41 126 84 42
internal_count=237 39 198 182 167 41 126 84 42
is_linear=0
shrinkage=0.05


Tree=64
num_leaves=9
num_cat=0
split_feature=35 49 70 53 112 45 51 87
split_gain=7195.34 24756.9 3152.2 4899.1 1920.56 1302.76 2193.15 1144.42
threshold=-5.1333333333333302 5.870000000000001 -0.063333333333333894 6.7500000000000009 1.5000000000000002 -0.02 40.45000000000001 6.7950000000000008
decision_type=2 2 2 2 2 2 2 2
left_child=1 -1 -2 -4 -5 7 -7 -6
right_child=2 -3 3 4 5 6 -8 -9
leaf_value=2.2222866729839352 -0.74523989401798874 -0.32200969663159601 0.80880548235596417 0.24941732087258484 -0.21606650659215379 -0.83692046544566656 -0.19861567584006509 0.38122461003973002
leaf_weight=14.999999999999998 18 26 14.999999999999998 27 17 15.999999999999998 83 14.999999999999998
leaf_count=15 18 26 15 27 17 16 83 15
internal_value=0.0116664 0.611851 -0.117396 -0.0516491 -0.133829 -0.212987 -0.302567 0.0640733
internal_weight=232 41 191 173 158 131 99 32
internal_count=232 41 191 173 158 131 99 32
is_linear=0
shrinkage=0.05


Tree=65
num_leaves=12
num_cat=0
split_feature=39 64 21 113 117 34 25 56 27 80 60
split_gain=7246.23 26392.7 3404.49 3101.12 2035.56 1843.75 1625.86 1191.93 983.162 948.444 922.798
threshold=0.23666666666666683 28.250000000000004 51.850000000000001 12.383333333333338 -1.6041666666666663 2.5000000000000004 53.95000000000001 36.250000000000007 18.600000000000005 1.0000000180025095e-35 45.300000000000004
decision_type=2 2 2 2 2 2 2 2 2 2 2
left_child=1 -1 5 4 -2 -3 8 -7 9 -6 -10
right_child=3 2 -4 -5 6 7 -8 -9 10 -11 -12
leaf_value=2.2410481044985602 0.38543192864574999 -0.70551017137788097 0.47926374769588398 -0.78237111568450923 -0.21083379712223349 0.14914829162146542 0.26434562740637774 -0.41738474475626924 0.13691085517735771 -0.7018570096784047 -0.30269448156879841
leaf_weight=14.999999999999998 15.999999999999998 15.999999999999998 22 22 18 24 14.999999999999998 14.999999999999998 18 22 35
leaf_count=15 16 16 22 22 18 24 15 15 18 22 35
internal_value=-0.0176277 0.329694 -0.0450068 -0.236598 -0.139174 -0.255295 -0.217225 -0.0691314 -0.295152 -0.482098 -0.153324
internal_weight=238 92 77 146 124 55 108 39 93 40 53
internal_count=238 92 77 146 124 55 108 39 93 40 53
is_linear=0
shrinkage=0.05


Tree=66
num_leaves=8
num_cat=0
split_feature=84 109 36 11 11 37 72
split_gain=8527.92 4551.65 2583.25 5436.53 1444.54 1521.95 1387.3
threshold=0.019166666666666669 0.057500000000000114 2.5000000000000004 26.500000000000004 35.45000000000001 15.900000000000002 1.0466666666666671
decision_type=2 2 2 2 2 2 2
left_child=1 2 -1 -4 6 -6 -5
right_child=-2 -3 3 4 5 -7 -8
leaf_value=-0.58287313596498913 1.0069788203420231 0.68887116060207021 0.85692062133195379 -0.70691278910761723 0.049257578998254399 -0.37333180178951114 -0.074862684955045292
leaf_weight=26 21 19 14.999999999999998 19 88 28 15.999999999999998
leaf_count=26 21 19 15 19 88 28 16
internal_value=0.0485474 -0.0472497 -0.120442 -0.0476752 -0.138076 -0.0529374 -0.419155
internal_weight=232 211 192 166 151 116 35
internal_count=232 211 192 166 151 116 35
is_linear=0
shrinkage=0.05


Tree=67
num_leaves=8
num_cat=0
split_feature=76 44 4 76 35 108 27
split_gain=4953.89 3441.94 2342.75 1514.6 1103.19 1073.1 1161.9
threshold=-8.4666666666666597 5.5000000000000009 2.5000000000000004 20.350000000000005 9.5500000000000007 5.5000000000000009 18.600000000000005
decision_type=2 2 2 2 2 2 2
left_child=-1 2 4 5 -2 6 -4
right_child=1 -3 3 -5 -6 -7 -8
leaf_value=0.54073112454406169 -0.87518872894041699 0.54292824668173467 -0.35619611805386819 -0.45514569116237846 -0.31106936180789169 0.28054804827888213 0.0050664789544624779
leaf_weight=29 17 15.999999999999998 34 29 18 20 64
leaf_count=29 17 16 34 29 18 20 64
internal_value=-0.0684364 -0.157911 -0.219815 -0.132034 -0.586925 -0.0522651 -0.120454
internal_weight=227 198 182 147 35 118 98
internal_count=227 198 182 147 35 118 98
is_linear=0
shrinkage=0.05


Tree=68
num_leaves=12
num_cat=0
split_feature=37 74 70 23 27 113 50 109 97 109 18
split_gain=8721.65 21600.6 2976.95 3725.08 2701.13 2273.17 2026.45 1684.96 768.85 587.59 460.411
threshold=-5.6250000000000027 9.8000000000000007 -0.020833333333333478 64.850000000000009 18.600000000000005 -2.800000000000002 24.850000000000005 -0.015833333333334029 5.4450000000000012 0.009166666666666325 52.750000000000007
decision_type=2 2 2 2 2 2 2 2 2 2 2
left_child=1 -1 6 -4 10 -6 -2 -7 9 -8 -5
right_child=2 -3 3 4 5 7 8 -9 -10 -11 -12
leaf_value=2.0542411771620279 -0.89820477946704591 -0.57961857385982751 0.73247944464594683 -0.60351336351864004 0.46762982152430949 0.20763426952628025 -0.62185162861418253 -0.34306497152211968 -0.0050574954793351518 -0.19102391964859433 -0.24809663679389007
leaf_weight=16.000000000000004 14.999999999999998 14.999999999999998 15.999999999999998 19 26 25 14.999999999999998 31 21 17 18
leaf_count=16 15 15 16 19 26 25 15 31 21 17 18
internal_value=0.00210453 0.781866 -0.117274 0.0186358 -0.0778356 0.0821856 -0.3868 -0.0971961 -0.24055 -0.394438 -0.431877
internal_weight=234 31 203 135 119 82 68 56 53 32 37
internal_count=234 31 203 135 119 82 68 56 53 32 37
is_linear=0
shrinkage=0.05


Tree=69
num_leaves=11
num_cat=0
split_feature=84 121 14 50 114 41 65 31 96 89
split_gain=6553.66 5734.09 12016 2211.33 2189.08 1107.01 948.775 898.542 917.626 777.115
threshold=0.022499999999999982 -0.070000000000000714 23.600000000000005 24.850000000000005 2.5000000000000004 0.21333333333333318 38.500000000000007 -0.047499999999999869 50.850000000000001 36.750000000000007
decision_type=2 2 2 2 2 2 2 2 2 2
left_child=1 2 -1 -3 -4 7 -7 -5 -9 -6
right_child=-2 3 4 5 9 6 -8 8 -10 -11
leaf_value=1.2479757978189818 1.0377076047935234 -0.78690424202478404 0.26855023721047433 -0.34183228585257464 -0.5974343192893149 -0.70140955274468242 -0.18508437500415345 0.24466318887960023 -0.18069528983784963 -0.1384259163591377
leaf_weight=23 14.999999999999998 17 27 20 14.999999999999998 14.999999999999998 22 28 23 24
leaf_count=23 15 17 27 20 15 15 22 28 23 24
internal_value=0.0309491 -0.0400464 0.266483 -0.258374 -0.0768474 -0.174482 -0.395867 -0.0586477 0.0527588 -0.316172
internal_weight=229 214 89 125 66 108 37 71 51 39
internal_count=229 214 89 125 66 108 37 71 51 39
is_linear=0
shrinkage=0.05


Tree=70
num_leaves=10
num_cat=0
split_feature=70 76 10 113 70 93 108 113 21
split_gain=8145.47 15776.4 3582.17 2406.1 1094.13 1790.69 1198.9 817.352 733.661
threshold=0.050833333333332405 5.9999999999999938 4.2250000000000005 12.383333333333338 -0.011666666666665824 38.900000000000006 5.5000000000000009 -6.8333333333333348 50.750000000000007
decision_type=2 2 2 2 2 2 2 2 2
left_child=2 -2 -1 4 6 -6 7 -4 -7
right_child=1 -3 3 -5 5 8 -8 -9 -10
leaf_value=0.56468613036671034 1.870242418911283 -0.41668316354814749 -0.68763731479296208 -0.70270067224472887 0.35113755015583781 -0.039242290882837205 0.060586502950111913 -0.27576252205956581 -0.38747103201362476
leaf_weight=15.999999999999998 15.000000000000002 14.999999999999998 17 22 23 44 19 42 23
leaf_count=16 15 15 17 22 23 44 19 42 23
internal_value=-0.0392858 0.729028 -0.1515 -0.212102 -0.147447 -0.0285226 -0.284392 -0.395486 -0.159257
internal_weight=236 30 206 190 168 90 78 59 67
internal_count=236 30 206 190 168 90 78 59 67
is_linear=0
shrinkage=0.05


Tree=71
num_leaves=8
num_cat=0
split_feature=76 111 72 25 29 25 20
split_gain=9355.47 3466.12 6432.99 2138.56 1626.99 1484.11 1010.37
threshold=-8.4666666666666597 -0.51333333333333309 0.70000000000000007 20.400000000000002 56.500000000000007 30.200000000000003 40.95000000000001
decision_type=2 2 2 2 2 2 2
left_child=-1 2 -2 -3 5 -5 -7
right_child=1 3 -4 4 -6 6 -8
leaf_value=0.91735887743275735 1.0303119026494947 -0.71732721611073147 -0.22884025246033937 -0.57528593426915853 0.22396712811643127 -0.18838768810852849 0.25467177167633515
leaf_weight=26 18 17 23 22 27 87 14.999999999999998
leaf_count=26 18 17 23 22 27 87 15
internal_value=0.0247847 -0.086615 0.324998 -0.187232 -0.127084 -0.203681 -0.122997
internal_weight=235 209 41 168 151 124 102
internal_count=235 209 41 168 151 124 102
is_linear=0
shrinkage=0.05


Tree=72
num_leaves=9
num_cat=0
split_feature=76 35 29 51 45 96 53 15
split_gain=6708.57 4357.42 17171 2174.25 1271.13 760.071 1323.12 247.95
threshold=-14.274999999999997 -4.7833333333333323 54.500000000000007 43.95000000000001 0.011666666666666674 55.900000000000006 33.500000000000007 53.650000000000013
decision_type=2 2 2 2 2 2 2 2
left_child=-1 2 -2 -3 5 6 -5 -7
right_child=1 3 -4 4 -6 7 -8 -9
leaf_value=1.0588158766560207 -0.44745729627450964 -0.57941304068718702 1.5907417068823924 0.1851604949913899 0.33780739467743542 -0.19517428164450534 -0.18229917411107299 -0.48516121810635204
leaf_weight=14.999999999999998 24 24 18 37 17 15.000000000000002 72 14.999999999999998
leaf_count=15 24 24 18 37 17 15 72 15
internal_value=0.0390219 -0.0303063 0.427641 -0.137367 -0.0689998 -0.118996 -0.0574639 -0.341464
internal_weight=237 222 42 180 156 139 109 30
internal_count=237 222 42 180 156 139 109 30
is_linear=0
shrinkage=0.05


Tree=73
num_leaves=12
num_cat=0
split_feature=70 92 35 110 51 41 62 115 117 36 76
split_gain=6398.94 13591.2 5596.96 2322.47 3334.04 2466.8 3031.55 659.89 566.57 564.145 556.053
threshold=0.050833333333332405 36.800000000000004 -10.041666666666666 4.5000000000000009 41.95000000000001 0.031666666666667627 77.100000000000009 -12.999999999999998 0.44666666666666682 3.5000000000000004 7.833333333333333
decision_type=2 2 2 2 2 2 2 2 2 2 2
left_child=2 -2 -1 5 -5 6 -4 -7 -8 -6 -9
right_child=1 -3 3 4 9 7 8 10 -10 -11 -12
leaf_value=0.84951695787985582 -0.35859253595996377 1.7641511218832031 0.59441754721187567 -0.99442508597122981 -0.38398432098134028 -0.51300918993196987 0.064392220936900932 -0.33454541465117471 -0.34092741344148753 -0.028574183132375738 0.017060274887381748
leaf_weight=14.999999999999998 15.000000000000002 14.999999999999998 27 17 19 17 20 21 14.999999999999998 27 24
leaf_count=15 15 15 27 17 19 17 20 21 15 27 24
internal_value=0.0248095 0.704948 -0.0764752 -0.151194 -0.398148 -0.0254651 0.197343 -0.248313 -0.10965 -0.175997 -0.147289
internal_weight=232 30 202 187 63 124 62 62 35 46 45
internal_count=232 30 202 187 63 124 62 62 35 46 45
is_linear=0
shrinkage=0.05


Tree=74
num_leaves=11
num_cat=0
split_feature=39 78 113 113 25 67 20 58 123 77
split_gain=5266.05 21911.3 5527.69 2480.02 1818.63 1208.03 960.932 1298.38 1147.8 959.774
threshold=0.75000000000000011 -0.17083333333333336 -5.541666666666667 12.383333333333338 31.550000000000004 10.250000000000002 27.550000000000004 5.4250000000000007 0.0016666666666666637 5.5000000000000009
decision_type=2 2 2 2 2 2 2 2 2 2
left_child=1 -1 -3 6 -4 -6 -2 8 -8 -7
right_child=3 2 4 -5 5 9 7 -9 -10 -11
leaf_value=1.8755373031772367 0.14584340512440466 0.57592365359028319 -0.61183520915349976 -0.8442406701317392 -0.47018184580417888 0.23146657907186341 0.2384172140157711 -0.51303891295640069 -0.32551128996916467 -0.23494192698863167
leaf_weight=17 19 27 24 15.999999999999998 15.999999999999998 26 17 28 19 19
leaf_count=17 19 27 24 16 16 26 17 28 19 19
internal_value=-0.00195283 0.208466 -0.0459745 -0.276119 -0.244022 -0.0984622 -0.165657 -0.258295 -0.0591505 0.0343434
internal_weight=228 129 112 99 85 61 83 64 36 45
internal_count=228 129 112 99 85 61 83 64 36 45
is_linear=0
shrinkage=0.05


Tree=75
num_leaves=13
num_cat=0
split_feature=70 101 45 115 109 17 70 15 121 65 119 67
split_gain=4788.4 14402.3 4261 3574.86 1565.47 1407.18 1931.51 2607.21 1992.56 877.48 838.245 656.584
threshold=0.050833333333332405 74.200000000000003 0.017500000000000005 11.458333333333341 0.010833333333333252 31.450000000000003 1.0000000180025095e-35 60.250000000000007 0.040000000000000931 33.850000000000001 -0.019166666666666995 9.3000000000000025
decision_type=2 2 2 2 2 2 2 2 2 2 2 2
left_child=2 -2 3 5 -5 6 8 -8 -1 11 -11 -7
right_child=1 -3 -4 4 -6 9 7 -9 -10 10 -12 -13
leaf_value=-0.50603336554547251 -0.51178912043756586 1.6038195918713296 0.60207000755514772 -0.34988870938978583 -1.0141601369870419 -0.20311017725894703 0.77323264071295927 -0.11725661126983088 0.26262300928302162 0.16592070822608418 -0.26161788616522375 -0.63416742582498875
leaf_weight=19 15.999999999999998 15.999999999999998 19 22 14.999999999999998 20 18 14.999999999999998 14.999999999999998 21 25 15.999999999999998
leaf_count=19 16 16 19 22 15 20 18 15 15 21 25 16
internal_value=-0.0202789 0.54756 -0.109165 -0.18213 -0.62133 -0.0726894 0.097173 0.369182 -0.166998 -0.21149 -0.0663922 -0.396056
internal_weight=237 32 205 186 37 149 67 33 34 82 46 36
internal_count=237 32 205 186 37 149 67 33 34 82 46 36
is_linear=0
shrinkage=0.05


Tree=76
num_leaves=11
num_cat=0
split_feature=66 12 74 76 80 45 0 48 53 113
split_gain=7354 8922.4 1249.46 1749.07 1227.2 858.413 728.2 611.945 627.042 308.952
threshold=6.0500000000000016 38.550000000000004 2.2500000000000004 5.5083333333333302 -0.048333333333333332 -0.0099999999999999794 2473.5000000000005 6.8650000000000011 46.95000000000001 0.93333333333333368
decision_type=2 2 2 2 2 2 2 2 2 2
left_child=-1 -2 4 -4 5 -3 9 8 -5 -6
right_child=1 2 3 7 6 -7 -8 -9 -10 -11
leaf_value=0.96713167924193 0.9182640518268308 0.19703728282673758 0.46349727681141034 0.075757313436932039 -0.4419406308835705 -0.31925551128683627 -0.17986899991057173 -0.35304778784654722 -0.20742979479311538 -0.77056209898942363
leaf_weight=20 22 15.999999999999998 14.999999999999998 44 15.000000000000002 15.999999999999998 14.999999999999998 21 35 14.999999999999998
leaf_count=20 22 16 15 44 15 16 15 21 35 15
internal_value=0.0527128 -0.0331354 -0.142597 -0.0381007 -0.298347 -0.0611437 -0.466404 -0.113778 -0.0497457 -0.608432
internal_weight=234 214 192 115 77 32 45 100 79 30
internal_count=234 214 192 115 77 32 45 100 79 30
is_linear=0
shrinkage=0.05


Tree=77
num_leaves=9
num_cat=0
split_feature=84 14 107 110 26 108 117 94
split_gain=5222.87 3992.68 2839.42 1995.44 2083.08 1439.07 1483.93 599.467
threshold=0.019166666666666669 11.450000000000001 49.500000000000007 4.5000000000000009 24.050000000000004 5.5000000000000009 -0.91666666666666641 5.3750000000000009
decision_type=2 2 2 2 2 2 2 2
left_child=1 -1 -3 5 -5 6 -4 -6
right_child=-2 2 3 4 7 -7 -8 -9
leaf_value=0.57474858534844564 0.74688619070143492 0.46487579767466986 0.23519794377832781 -0.90791019403446482 -0.40695225460063045 0.28792646391696841 -0.27056350996348344 -0.034189629027856647
leaf_weight=21 21 17 18 17 27 21 73 18
leaf_count=21 21 17 18 17 27 21 73 18
internal_value=-0.003314 -0.077967 -0.150021 -0.210358 -0.437721 -0.0841736 -0.17032 -0.258364
internal_weight=233 212 191 174 62 112 91 45
internal_count=233 212 191 174 62 112 91 45
is_linear=0
shrinkage=0.05


Tree=78
num_leaves=9
num_cat=0
split_feature=76 111 72 25 100 11 116 25
split_gain=5434.25 2823.82 6360.15 1971.57 1066.79 2330.37 688.069 478.566
threshold=-8.4666666666666597 -0.64916666666666634 0.70000000000000007 18.250000000000004 0.14500000000000005 23.350000000000005 4.5000000000000009 42.45000000000001
decision_type=2 2 2 2 2 2 2 2
left_child=-1 2 -2 -3 7 -6 -7 -5
right_child=1 3 -4 4 5 6 -8 -9
leaf_value=0.68432175644649351 1.1146747339442864 -0.69501605085189777 -0.2588274708905145 -0.56479926819832904 0.52786825465859832 -0.20878745803141896 0.04375047268834302 -0.16390779644546921
leaf_weight=27 14.999999999999998 14.999999999999998 19 15.000000000000002 15.999999999999998 72 43 14.999999999999998
leaf_count=27 15 15 19 15 16 72 43 15
internal_value=0.0179487 -0.067989 0.348475 -0.148623 -0.0972857 -0.0355397 -0.114361 -0.36573
internal_weight=237 210 34 176 161 131 115 30
internal_count=237 210 34 176 161 131 115 30
is_linear=0
shrinkage=0.05


Tree=79
num_leaves=11
num_cat=0
split_feature=78 66 60 80 106 66 121 79 59 83
split_gain=5982.42 15780.2 1958.81 1901.2 2499.46 1562.65 982.622 742.031 504.482 435.389
threshold=1.0000000180025095e-35 12.300000000000002 48.95000000000001 -0.33833333333333288 10.800000000000002 17.050000000000001 -0.13416666666666718 5.5000000000000009 34.150000000000013 2.5000000000000004
decision_type=2 2 2 2 2 2 2 2 2 2
left_child=1 -1 -3 4 -2 6 -5 8 9 -7
right_child=3 2 -4 5 -6 7 -8 -9 -10 -11
leaf_value=1.6505876684715735 0.47849379459242797 -0.48447214720760967 0.18746008850426313 -0.82756637626925844 -0.33310305006015373 -0.25373179212034463 -0.32114611668580961 0.083908736516078899 -0.39842786304795424 0.068018992697995009
leaf_weight=18 23 19 25 14.999999999999998 15.999999999999998 25 27 27 26 18
leaf_count=18 23 19 25 15 16 25 27 27 26 18
internal_value=-0.0144047 0.40785 -0.10302 -0.162488 0.145403 -0.249579 -0.503665 -0.137956 -0.224841 -0.119084
internal_weight=239 62 44 177 39 138 42 96 69 43
internal_count=239 62 44 177 39 138 42 96 69 43
is_linear=0
shrinkage=0.05


Tree=80
num_leaves=13
num_cat=0
split_feature=60 39 62 28 97 48 66 64 78 105 37 19
split_gain=5164.7 12784.4 21085.6 2275.34 4545.69 2075.74 1618.17 1421.64 1204.1 721.854 630.231 456.997
threshold=53.750000000000007 0.774166666666667 76.100000000000009 9.7500000000000018 5.0550000000000006 6.7950000000000008 13.450000000000001 32.550000000000004 0.11833333333333342 14.250000000000002 2.4249999999999976 5.4750000000000005
decision_type=2 2 2 2 2 2 2 2 2 2 2 2
left_child=3 2 -2 4 -1 -6 -5 -3 -8 -10 -7 -11
right_child=1 7 -4 6 5 10 8 -9 9 11 -12 -13
leaf_value=0.66403743689926109 2.2584292631400258 -0.70779817415320356 -0.13204422595340812 -0.76021511991610691 0.16684444565502532 -0.70752919793918445 -0.53180238918644751 -0.068470997086370167 0.15146346590301607 -0.058734872319405843 -0.26050019027196875 -0.44306603930643851
leaf_weight=20 17 15.999999999999998 20 19 21 14.999999999999998 24 19 18 16.000000000000004 17 14.999999999999998
leaf_count=20 17 16 20 19 21 15 24 19 18 16 17 15
internal_value=-0.0306198 0.322423 0.969274 -0.184807 0.0235886 -0.218791 -0.350065 -0.362061 -0.242351 -0.0996831 -0.471752 -0.245689
internal_weight=237 72 37 165 73 53 92 35 73 49 32 31
internal_count=237 72 37 165 73 53 92 35 73 49 32 31
is_linear=0
shrinkage=0.05


Tree=81
num_leaves=9
num_cat=0
split_feature=70 45 113 96 118 0 26 12
split_gain=5328.57 3357.97 2614.42 1370.88 2013.5 1252.54 1232.75 796.142
threshold=0.050833333333332405 0.020833333333333318 12.383333333333338 50.20000000000001 3.5000000000000004 2445.5000000000005 23.300000000000004 59.400000000000006
decision_type=2 2 2 2 2 2 2 2
left_child=1 2 3 4 5 -1 -5 -8
right_child=-2 -3 -4 6 -6 -7 7 -9
leaf_value=-0.26002995402306855 0.62301347719787226 0.59508257106884033 -0.62494234617706723 -0.62336399513378482 0.52632473760355292 0.19823703784572883 0.049539519943732166 -0.2998700347470466
leaf_weight=39 27 14.999999999999998 28 17 17 24 29 37
leaf_count=39 27 15 28 17 17 24 29 37
internal_value=-0.0360964 -0.122769 -0.179453 -0.10256 0.0450748 -0.0853353 -0.244803 -0.146423
internal_weight=233 206 191 163 80 63 83 66
internal_count=233 206 191 163 80 63 83 66
is_linear=0
shrinkage=0.05


Tree=82
num_leaves=9
num_cat=0
split_feature=37 74 83 107 54 77 33 117
split_gain=4477.44 19203.7 1791.36 1259.01 1447.82 1231.89 1938.67 823.375
threshold=-5.6250000000000027 9.8000000000000007 5.5000000000000009 49.500000000000007 32.100000000000009 3.5000000000000004 0.60750000000000071 -0.87416666666666709
decision_type=2 2 2 2 2 2 2 2
left_child=1 -1 3 -2 -5 6 -6 -7
right_child=2 -3 -4 4 5 7 -8 -9
leaf_value=1.7972874190238928 0.3069905029402839 -0.61809859970656555 -0.65187698980295883 -0.51099975526784414 -0.1780801305284051 0.064217921521421847 0.55493449683774976 -0.2504377287499765
leaf_weight=14.999999999999998 17 18 15.999999999999998 23 19 28 17 80
leaf_count=15 17 18 16 23 19 28 17 80
internal_value=-0.0569104 0.481766 -0.146013 -0.101668 -0.143457 -0.0844031 0.168506 -0.16883
internal_weight=233 33 200 184 167 144 36 108
internal_count=233 33 200 184 167 144 36 108
is_linear=0
shrinkage=0.05


Tree=83
num_leaves=9
num_cat=0
split_feature=76 39 24 26 11 103 103 26
split_gain=4181.54 15801.3 2737.87 1690.24 2694.12 1103.73 830.632 1004.05
threshold=-8.4666666666666597 0.81666666666666698 61.000000000000007 15.200000000000001 23.350000000000005 30.200000000000003 13.800000000000002 29.700000000000003
decision_type=2 2 2 2 2 2 2 2
left_child=1 -1 3 5 -5 -2 -6 -8
right_child=2 -3 -4 4 6 -7 7 -9
leaf_value=1.7102584650184931 -0.16611841882745554 -0.57791407483303003 0.42779555462924135 0.5299938148726322 -0.46163646195367064 -0.77359743848541729 0.11948255170565432 -0.18836179581741905
leaf_weight=15.000000000000002 15.000000000000002 14.999999999999998 25 17 17 14.999999999999998 39 82
leaf_count=15 15 15 25 17 17 15 39 82
internal_value=0.0167119 0.567887 -0.0622364 -0.128679 -0.0620169 -0.471585 -0.135313 -0.0890812
internal_weight=240 30 210 185 155 30 138 121
internal_count=240 30 210 185 155 30 138 121
is_linear=0
shrinkage=0.05


Tree=84
num_leaves=10
num_cat=0
split_feature=84 35 24 28 78 78 109 62 72
split_gain=6179.48 4719.17 1969.57 1847.22 2615.35 1742.89 873.047 1095.76 534.427
threshold=0.022499999999999982 -10.041666666666666 38.45000000000001 5.5500000000000007 0.93916666666666704 1.1141666666666672 0.0016666666666673715 82.800000000000026 -0.094166666666666718
decision_type=2 2 2 2 2 2 2 2 2
left_child=1 -1 5 4 -4 -3 7 -5 -8
right_child=-2 2 3 6 -6 -7 8 -9 -10
leaf_value=0.75757984606146112 1.0051625204007357 -0.64968508002502889 0.7719270198056416 0.21420789440457916 -0.10448708309488403 -0.076077325993228237 -0.51452763830589143 -0.19262944549839844 -0.15900699315680364
leaf_weight=17 14.999999999999998 27 15.999999999999998 33 18 26 14.999999999999998 33 36
leaf_count=17 15 27 16 33 18 26 15 33 36
internal_value=0.0265439 -0.0402801 -0.107132 -0.0149799 0.308851 -0.36906 -0.109311 0.0107299 -0.264472
internal_weight=236 221 204 151 34 53 117 66 51
internal_count=236 221 204 151 34 53 117 66 51
is_linear=0
shrinkage=0.05


Tree=85
num_leaves=10
num_cat=0
split_feature=35 20 27 9 52 93 80 83 70
split_gain=4043.89 3278.73 2467.22 2528.59 2054.73 1329.92 916.754 576.649 561.312
threshold=-10.041666666666666 42.800000000000004 13.9 6.7750000000000012 4.6450000000000005 38.900000000000006 0.57416666666666638 3.5000000000000004 -0.011666666666665824
decision_type=2 2 2 2 2 2 2 2 2
left_child=-1 2 4 6 -2 -5 7 -4 -7
right_child=1 -3 3 5 -6 8 -8 -9 -10
leaf_value=0.64982359718881266 -1.0096004771870493 0.4323668645573901 -0.34518827102933897 0.49321346288187462 -0.26313975113617927 -0.21424287676246245 -0.65586802889377083 -0.028589649956008708 0.11574605041130073
leaf_weight=18 14.999999999999998 23 36 17 24 21 14.999999999999998 24 33
leaf_count=18 15 23 36 17 24 21 15 24 33
internal_value=-0.0670122 -0.129352 -0.199411 -0.104821 -0.552216 0.108926 -0.307109 -0.21889 -0.0126494
internal_weight=226 208 185 146 39 71 75 60 54
internal_count=226 208 185 146 39 71 75 60 54
is_linear=0
shrinkage=0.05


Tree=86
num_leaves=11
num_cat=0
split_feature=67 23 103 65 103 121 96 38 105 104
split_gain=3290.28 4277.64 2044.62 2219.25 1698.67 3900.01 956.237 852.92 823.323 613.399
threshold=4.4000000000000012 58.100000000000001 40.800000000000004 22.900000000000002 31.900000000000002 -0.014166666666667103 52.45000000000001 4.5000000000000009 27.100000000000005 18.750000000000004
decision_type=2 2 2 2 2 2 2 2 2 2
left_child=-1 -2 4 -4 6 -6 7 -3 -5 -8
right_child=1 2 3 8 5 -7 9 -9 -10 -11
leaf_value=-0.63564321743368524 0.67724969948039337 0.30770420115705915 -0.78965272451779855 0.097170375769811052 0.93396627577195235 -0.071494908620027581 -0.51445555734318604 -0.11977288124376329 -0.30116616517199318 -0.062128155713049783
leaf_weight=21 22 21 15.999999999999998 24 15.999999999999998 24 15.000000000000002 26 28 14.999999999999998
leaf_count=21 22 21 16 24 16 24 15 26 28 15
internal_value=-0.0408388 0.0197574 -0.0587276 -0.276569 0.0679667 0.331891 -0.0693246 0.0713691 -0.117389 -0.289416
internal_weight=228 207 185 68 117 40 77 47 52 30
internal_count=228 207 185 68 117 40 77 47 52 30
is_linear=0
shrinkage=0.05


Tree=87
num_leaves=8
num_cat=0
split_feature=19 14 33 70 28 41 33
split_gain=3804.15 3533.31 3424.14 1954.11 2062.52 4992.96 1010.12
threshold=6.0150000000000015 11.450000000000001 -0.43166666666666703 -0.066666666666665972 5.7000000000000002 -0.17999999999999924 1.2591666666666668
decision_type=2 2 2 2 2 2 2
left_child=1 -1 -3 -4 5 -5 -6
right_child=-2 2 3 4 6 -7 -8
leaf_value=0.5464021220136045 0.71144084019690568 -0.72150693497100438 -0.56527330631316886 0.97491643041464848 -0.058966088692720679 -0.13701734189356496 -0.45004033988981107
leaf_weight=20 15.999999999999998 23 18 15.999999999999998 93 27 20
leaf_count=20 16 23 18 16 93 27 20
internal_value=-0.0301113 -0.0851135 -0.149497 -0.0734866 -0.0163842 0.277911 -0.128564
internal_weight=233 217 197 174 156 43 113
internal_count=233 217 197 174 156 43 113
is_linear=0
shrinkage=0.05


Tree=88
num_leaves=11
num_cat=0
split_feature=35 51 70 68 41 18 21 16 62 115
split_gain=5411.25 16308.9 1626.24 1158.72 1516.03 1792.88 795.062 895.665 650.96 571.675
threshold=-5.1333333333333302 58.650000000000013 -0.066666666666665972 54.500000000000007 0.099999999999999659 48.000000000000007 53.000000000000007 4.9450000000000012 77.100000000000009 -0.10833333333333782
decision_type=2 2 2 2 2 2 2 2 2 2
left_child=1 -1 -2 4 5 8 7 -5 -4 -6
right_child=2 -3 3 6 9 -7 -8 -9 -10 -11
leaf_value=1.8094645886922516 -0.58870820708093585 -0.28679739963958867 0.20355627156837644 -0.42757063460665834 -0.37018527269879464 0.52036903550021385 -0.49026658347559193 0.052989789192041559 -0.2072804086618294 -0.028025875363313375
leaf_weight=14.999999999999998 17 24 17 14.999999999999998 23 24 22 27 22 26
leaf_count=15 17 24 17 15 23 24 22 27 22 26
internal_value=-0.0144892 0.521895 -0.123118 -0.0778088 0.0191619 0.181312 -0.247351 -0.119128 -0.0280073 -0.18916
internal_weight=232 39 193 176 112 63 64 42 39 49
internal_count=232 39 193 176 112 63 64 42 39 49
is_linear=0
shrinkage=0.05


Tree=89
num_leaves=9
num_cat=0
split_feature=106 35 97 43 80 80 25 98
split_gain=4072.58 9327.72 16211.5 2262.2 1651.54 1526.53 1331.21 842.181
threshold=17.050000000000001 -4.7833333333333323 5.1850000000000014 0.56833333333333347 0.61166666666666647 0.32416666666666721 31.550000000000004 40.550000000000004
decision_type=2 2 2 2 2 2 2 2
left_child=1 2 -1 4 5 7 -2 -3
right_child=6 3 -4 -5 -6 -7 -8 -9
leaf_value=2.0636625274917146 -0.8387205451529548 -0.17808551893532987 -0.25532573745740178 0.4194016965535971 -0.48372995229973192 0.40849205960768348 -0.22123857533197269 0.22748069933165388
leaf_weight=15.000000000000002 14.999999999999998 84 14.999999999999998 22 26 15.999999999999998 21 14.999999999999998
leaf_count=15 15 84 15 22 26 16 21 15
internal_value=0.00716362 0.0983118 0.907006 -0.0509619 -0.124633 -0.0430522 -0.480272 -0.116418
internal_weight=229 193 30 163 141 115 36 99
internal_count=229 193 30 163 141 115 36 99
is_linear=0
shrinkage=0.05


Tree=90
num_leaves=12
num_cat=0
split_feature=60 39 62 78 39 77 49 25 88 28 34
split_gain=4469.5 9874.49 16527.1 1464.08 1280.6 1531.75 1467.56 1093.24 738.968 623.505 426.99
threshold=53.750000000000007 0.774166666666667 76.100000000000009 -1.2633333333333321 0.62583333333333313 3.5000000000000004 6.0900000000000007 37.800000000000004 5.7950000000000008 10.250000000000002 3.5000000000000004
decision_type=2 2 2 2 2 2 2 2 2 2 2
left_child=3 2 -2 -1 6 -6 10 -3 -8 -7 -5
right_child=1 7 -4 4 5 9 8 -9 -10 -11 -12
leaf_value=-0.53846520777068918 2.1107384265209577 -0.50955012801898092 -0.066050660922265178 -0.61616849278845987 0.47827112390582571 0.10711434515892648 0.177807241913194 0.050180153706058939 -0.25195090993803149 -0.2829162060902381 -0.28313539008170496
leaf_weight=20 15.999999999999998 19 19 17 18 22 24 15.999999999999998 17 19 23
leaf_count=20 16 19 19 17 18 22 24 16 17 19 23
internal_value=0.0064267 0.339398 0.932089 -0.139338 -0.0819406 0.095097 -0.210914 -0.254117 -0.000442969 -0.0737585 -0.425983
internal_weight=230 70 35 160 140 59 81 35 41 41 40
internal_count=230 70 35 160 140 59 81 35 41 41 40
is_linear=0
shrinkage=0.05


Tree=91
num_leaves=8
num_cat=0
split_feature=84 67 37 11 109 100 41
split_gain=5308.82 2131.12 3145.47 1508.7 1129.9 926.65 720.958
threshold=0.019166666666666669 6.5500000000000007 -7.5666666666666655 35.45000000000001 -0.051666666666665854 0.14500000000000005 0.1216666666666666
decision_type=2 2 2 2 2 2 2
left_child=1 3 -3 -1 -4 -6 -7
right_child=-2 2 4 -5 5 6 -8
leaf_value=-0.75644515418169789 0.78128215127916478 0.61066775584096067 -0.42923752950280125 -0.12279560023574468 -0.28142183165708595 0.15217908264213631 -0.10461837865744428
leaf_weight=17 20 19 19 21 27 65 47
leaf_count=17 20 19 19 21 27 65 47
internal_value=0.00417138 -0.0684244 0.00456306 -0.407643 -0.0686315 -0.0190309 0.0443741
internal_weight=235 215 177 38 158 139 112
internal_count=235 215 177 38 158 139 112
is_linear=0
shrinkage=0.05


Tree=92
num_leaves=11
num_cat=0
split_feature=0 67 67 29 122 0 37 104 43 87
split_gain=4069.31 11587.4 2176.22 2147.73 2055 1979.6 1036.45 884.407 1267.47 745.643
threshold=2106.0000000000005 6.8500000000000005 6.8500000000000005 56.500000000000007 3.5000000000000004 3004.0000000000005 -1.2666666666666619 18.750000000000004 -0.035833333333333599 6.8750000000000009
decision_type=2 2 2 2 2 2 2 2 2 2
left_child=2 -2 -1 6 9 -6 -4 -8 -9 -3
right_child=1 4 3 -5 5 -7 7 8 -10 -11
leaf_value=-0.58742606137798037 1.3366518319246188 -0.070526886184277132 -0.5061768004768773 0.47097190388981602 0.68123548101194142 -0.11618582389212602 -0.35148235560875934 -0.20085968992759273 0.2743236295961366 -0.49307331589230324
leaf_weight=24 20 27 17 15.999999999999998 16.000000000000004 14.999999999999998 21 29 27 17
leaf_count=24 20 27 17 16 16 15 21 29 27 17
internal_value=0.0203417 0.270529 -0.157062 -0.0626712 -0.0151045 0.296093 -0.153961 -0.0755788 0.028238 -0.234645
internal_weight=229 95 134 110 75 31 94 77 56 44
internal_count=229 95 134 110 75 31 94 77 56 44
is_linear=0
shrinkage=0.05


Tree=93
num_leaves=11
num_cat=0
split_feature=0 33 96 98 20 35 49 111 70 83
split_gain=3898.29 9416.5 2452.73 3650.46 1707.72 1505.06 1453.4 661.223 502.256 459.697
threshold=2106.0000000000005 -0.43166666666666703 48.350000000000001 31.950000000000003 38.850000000000001 -5.1333333333333302 4.495000000000001 -0.26000000000000018 -0.004166666666666873 2.5000000000000004
decision_type=2 2 2 2 2 2 2 2 2 2
left_child=4 -2 3 -3 5 -1 -7 -8 -4 -9
right_child=1 2 8 -5 -6 6 7 9 -10 -11
leaf_value=-0.7663833104024661 1.3465307032035678 0.90721718747884228 -0.36768146106452321 -0.16006809911358424 0.15502155176196916 -0.64403084502582664 -0.32602178155845596 0.13388343042852474 -0.064820778472317042 -0.17491949549354457
leaf_weight=14.999999999999998 14.999999999999998 14.999999999999998 26 17 25 17 28 24 29 24
leaf_count=15 15 15 26 17 25 17 28 24 29 24
internal_value=-0.0384636 0.193944 -0.00603853 0.341334 -0.21675 -0.302919 -0.22737 -0.13338 -0.208489 -0.0204567
internal_weight=235 102 87 32 133 108 93 76 55 48
internal_count=235 102 87 32 133 108 93 76 55 48
is_linear=0
shrinkage=0.05


Tree=94
num_leaves=9
num_cat=0
split_feature=37 50 60 83 52 77 64 104
split_gain=5824.86 12395.4 2434.75 1716.29 1063.41 1292.57 1727.27 618.347
threshold=-5.6250000000000027 45.850000000000001 61.400000000000006 5.5000000000000009 2.8600000000000003 3.5000000000000004 34.850000000000009 9.3000000000000025
decision_type=2 2 2 2 2 2 2 2
left_child=1 -1 3 4 -2 6 -6 -7
right_child=2 -3 -4 -5 5 7 -8 -9
leaf_value=1.6942171778899942 -0.44140741602022049 -0.3330197905467836 0.5478809526029802 -0.62329973732398836 0.59858870103693851 -0.410618595216448 -0.05863885988338359 -0.066879489635588193
leaf_weight=15.000000000000002 17 14.999999999999998 14.999999999999998 14.999999999999998 17 14.999999999999998 24 99
leaf_count=15 17 15 15 15 17 15 24 99
internal_value=0.0337861 0.682694 -0.0628516 -0.112134 -0.0671906 -0.025857 0.214542 -0.112472
internal_weight=232 30 202 187 172 155 41 114
internal_count=232 30 202 187 172 155 41 114
is_linear=0
shrinkage=0.05


Tree=95
num_leaves=7
num_cat=0
split_feature=76 113 26 26 56 122
split_gain=4276.45 2113.05 1521.91 1892.07 670.922 727.267
threshold=-8.4666666666666597 -13.666666666666668 15.200000000000001 20.400000000000002 42.900000000000013 2.5000000000000004
decision_type=2 2 2 2 2 2
left_child=-1 -2 -3 -4 5 -5
right_child=1 2 3 4 -6 -7
leaf_value=0.60530213083926043 0.46344121527441295 -0.44884098957935381 0.43788818404160806 -0.18668172651269693 -0.33951479699982112 0.062852165685447714
leaf_weight=28 18 27 18 55 25 62
leaf_count=28 18 27 18 55 25 62
internal_value=0.0268322 -0.0524105 -0.102313 -0.0435608 -0.10489 -0.0544666
internal_weight=233 205 187 160 142 117
internal_count=233 205 187 160 142 117
is_linear=0
shrinkage=0.05


Tree=96
num_leaves=12
num_cat=0
split_feature=70 74 14 110 93 16 51 37 104 98 61
split_gain=3767.06 9340.7 2848.12 2885.15 1812.35 1914.63 1718.93 1512.6 720.541 440.355 545.544
threshold=0.050833333333332405 4.3166666666666655 11.450000000000001 4.5000000000000009 43.850000000000001 5.1750000000000007 41.95000000000001 -1.2666666666666619 21.550000000000001 31.300000000000001 0.17500000000000002
decision_type=2 2 2 2 2 2 2 2 2 2 2
left_child=2 -2 -1 4 5 -4 -5 -8 -7 -6 -11
right_child=1 -3 3 6 9 8 7 -9 -10 10 -12
leaf_value=0.56067657233678803 1.3772240344782052 -0.32677762671287014 0.60170326876154845 -0.84068315488211098 -0.30258515972744005 -0.25575110639957405 -0.62184945589266949 -0.013391915950062436 0.23269153705101142 0.07452109853686148 -0.29174573293190131
leaf_weight=17 15.999999999999998 15.999999999999998 22 15.999999999999998 26 15.000000000000002 15.999999999999998 28 14.999999999999998 31 14.999999999999998
leaf_count=17 16 16 22 16 26 15 16 28 15 31 15
internal_value=0.0237061 0.526704 -0.0565704 -0.113899 0.0238454 0.24855 -0.398221 -0.235671 -0.011402 -0.138491 -0.0451791
internal_weight=233 32 201 184 124 52 60 44 30 72 46
internal_count=233 32 201 184 124 52 60 44 30 72 46
is_linear=0
shrinkage=0.05


Tree=97
num_leaves=9
num_cat=0
split_feature=70 101 27 26 100 35 62 14
split_gain=3924.71 9613.53 2548.2 4031.63 1060.29 983.411 980.689 961.033
threshold=0.050833333333332405 74.200000000000003 7.9500000000000011 15.900000000000002 0.14500000000000005 16.483333333333338 85.200000000000003 43.95000000000001
decision_type=2 2 2 2 2 2 2 2
left_child=2 -2 -1 -4 7 6 -6 -5
right_child=1 -3 3 4 5 -7 -8 -9
leaf_value=-0.59213034793801966 -0.33393484120783595 1.423107374267073 0.68456292303062938 -0.61587713535069022 0.15400524088041342 -0.31302794533214351 -0.15983982437863548 -0.066634218898040568
leaf_weight=22 16.000000000000004 14.999999999999998 18 17 63 26 41 14.999999999999998
leaf_count=22 16 15 18 17 63 26 41 15
internal_value=-0.00494343 0.517928 -0.0854274 -0.0231749 -0.102217 -0.0385989 0.0301951 -0.359585
internal_weight=233 31 202 180 162 130 104 32
internal_count=233 31 202 180 162 130 104 32
is_linear=0
shrinkage=0.05


Tree=98
num_leaves=10
num_cat=0
split_feature=68 0 45 26 14 59 66 9 68
split_gain=3924.44 10765.9 1719.47 1553.59 1426.54 1834.47 1660.68 705.783 469.746
threshold=55.500000000000007 2157.5000000000005 0.011666666666666674 16.400000000000002 32.850000000000001 34.600000000000009 14.250000000000002 6.745000000000001 52.500000000000007
decision_type=2 2 2 2 2 2 2 2 2
left_child=2 -2 3 -1 5 8 -6 -8 -5
right_child=1 -3 -4 4 6 -7 7 -9 -10
leaf_value=-0.60962869521008434 -0.13110753029474914 1.5354331971399042 0.33452987474474044 0.11198613699402238 -0.51801766586039777 0.56324384947966422 -0.27273738298275735 0.05550668626833874 -0.2823847069004119
leaf_weight=14.999999999999998 27 14.999999999999998 23 15.000000000000002 27 17 25 47 14.999999999999998
leaf_count=15 27 15 23 15 27 17 25 47 15
internal_value=0.030686 0.4662 -0.0688969 -0.126732 -0.0767021 0.149861 -0.184355 -0.0586178 -0.0853162
internal_weight=226 42 184 161 146 47 99 72 30
internal_count=226 42 184 161 146 47 99 72 30
is_linear=0
shrinkage=0.05


Tree=99
num_leaves=10
num_cat=0
split_feature=84 108 33 27 108 29 106 91 6
split_gain=3552.21 2502.03 8282.23 2036.8 1294.08 1217.11 1049.22 948.595 723.595
threshold=0.022499999999999982 4.5000000000000009 -0.12583333333333299 11.750000000000002 3.5000000000000004 55.500000000000007 15.150000000000002 5.9350000000000014 2.5000000000000004
decision_type=2 2 2 2 2 2 2 2 2
left_child=1 3 -3 -1 5 6 -5 8 -4
right_child=-2 2 7 4 -6 -7 -8 -9 -10
leaf_value=-0.55557486756322938 0.75848124633166969 1.2466920733451845 -0.18622938224953184 0.026548608538851871 -0.37136926104991641 0.3551865887302923 -0.43226992054755642 -0.39168636119513778 0.22514752448746986
leaf_weight=26 14.999999999999998 14.999999999999998 18 55 27 21 15.999999999999998 15.999999999999998 26
leaf_count=26 15 15 18 55 27 21 16 16 26
internal_value=0.0166128 -0.034268 0.199993 -0.155526 -0.0676859 0.0216908 -0.0772393 -0.0632371 0.0567029
internal_weight=235 220 75 145 119 92 71 60 44
internal_count=235 220 75 145 119 92 71 60 44
is_linear=0
shrinkage=0.05


Tree=100
num_leaves=12
num_cat=0
split_feature=78 13 31 70 65 70 33 13 25 0 56
split_gain=3035.9 10094.8 2113.73 1602.15 1292.79 1256.75 1070.84 885.787 527.402 451.308 287.199
threshold=0.099166666666667083 5.6700000000000008 0.024166666666666895 -0.026666666666666835 36.350000000000001 0.0066666666666672656 -0.28416666666666707 5.4050000000000011 35.850000000000009 1940.0000000000002 32.000000000000007
decision_type=2 2 2 2 2 2 2 2 2 2 2
left_child=1 -1 4 -3 6 7 -2 -6 -8 -10 -7
right_child=2 3 -4 -5 5 10 8 -9 9 -11 -12
leaf_value=1.1122309704539191 -0.67840887031807817 -0.58086152885923326 0.45752268988170375 0.057814729425830769 0.48954054757675014 -0.029568024441007753 -0.029263432686072424 -0.043928607489099575 -0.51758872697358593 -0.17973738273937079 -0.31364478547109198
leaf_weight=24 14.999999999999998 14.999999999999998 14.999999999999998 28 16.000000000000004 14.999999999999998 25 14.999999999999998 17 24 22
leaf_count=24 15 15 15 28 16 15 25 15 17 24 22
internal_value=0.00961174 0.292971 -0.106228 -0.165694 -0.163284 -0.00241918 -0.2981 0.231938 -0.210695 -0.320862 -0.199003
internal_weight=231 67 164 43 149 68 81 31 66 41 37
internal_count=231 67 164 43 149 68 81 31 66 41 37
is_linear=0
shrinkage=0.05


Tree=101
num_leaves=9
num_cat=0
split_feature=66 35 29 65 50 89 73 123
split_gain=3886.46 3265.75 1424.94 1867 1525.39 591.208 590.481 449.59
threshold=6.0500000000000016 -10.041666666666666 55.500000000000007 32.550000000000004 24.850000000000005 42.750000000000007 4.5000000000000009 -0.0075000000000000197
decision_type=2 2 2 2 2 2 2 2
left_child=-1 -2 4 -4 -3 7 -7 -6
right_child=1 2 3 -5 5 6 -8 -9
leaf_value=0.64546014127008156 0.63965228030223731 -0.55624648980885383 0.53195613959684351 -0.13067430864913504 -0.21605465948239144 -0.45556307087117187 -0.062803679547811797 0.038156383339809023
leaf_weight=21 14.999999999999998 25 17 28 26 22 17 52
leaf_count=21 15 25 17 28 26 22 17 52
internal_value=-0.00023439 -0.067672 -0.124747 0.120166 -0.202426 -0.12637 -0.285087 -0.0466848
internal_weight=223 202 187 45 142 117 39 78
internal_count=223 202 187 45 142 117 39 78
is_linear=0
shrinkage=0.05


Tree=102
num_leaves=10
num_cat=0
split_feature=45 121 121 113 16 26 28 20 104
split_gain=2834.44 8327.29 12386.3 1941.27 1630.68 1045.21 702.348 554.998 346.1
threshold=0.0016666666666666637 -0.0575000000000001 -0.35749999999999943 12.383333333333338 4.9800000000000013 21.050000000000004 5.5500000000000007 37.050000000000004 32.750000000000007
decision_type=2 2 2 2 2 2 2 2 2
left_child=3 2 -2 5 -3 -1 -7 8 -8
right_child=1 4 -4 -5 -6 6 7 -9 -10
leaf_value=-0.37052723871883253 -0.16425587701185648 0.15337290738745291 1.8630322337890697 -0.65287695296561521 -0.45534757316854924 0.18758101655768294 -0.11690597732898254 -0.28206138849463253 0.13061716126517636
leaf_weight=29 15.000000000000002 18 14.999999999999998 18 28 27 34 29 24
leaf_count=29 15 18 15 18 28 27 34 29 24
internal_value=-0.0461209 0.205352 0.852044 -0.164914 -0.217228 -0.103043 -0.0346903 -0.103865 -0.014348
internal_weight=237 76 30 161 46 143 114 87 58
internal_count=237 76 30 161 46 143 114 87 58
is_linear=0
shrinkage=0.05


Tree=103
num_leaves=13
num_cat=0
split_feature=60 39 20 84 48 66 25 37 18 13 4 70
split_gain=3609.48 7088.37 14020.4 1577.02 1612.32 1348.49 1376.04 1274.19 669.069 659.259 214.944 183.64
threshold=53.750000000000007 0.774166666666667 32.350000000000001 0.019166666666666669 6.7950000000000008 24.050000000000004 39.600000000000009 1.0000000180025095e-35 51.650000000000013 6.5550000000000006 6.5000000000000009 0.015000000000000126
decision_type=2 2 2 2 2 2 2 2 2 2 2 2
left_child=3 2 -2 4 5 6 -1 -6 -9 -3 -7 -10
right_child=1 9 -4 -5 7 10 -8 8 11 -11 -12 -13
leaf_value=0.66673773929772784 -0.34815324377145207 -0.44117207875725817 1.6921666345222612 -0.62170434283173603 -0.60777777377223474 0.016487923030130913 -0.0090144715561772028 -0.30819182476457657 0.15143159844030607 -0.007315087944104526 -0.23323078975174114 -0.095106973052518251
leaf_weight=15.000000000000002 14.999999999999998 17 19 15.999999999999998 19 14.999999999999998 14.999999999999998 29 15.000000000000002 18 20 14.999999999999998
leaf_count=15 15 17 19 16 19 15 15 29 15 18 20 15
internal_value=-0.0213784 0.280345 0.793498 -0.15244 -0.0995023 0.0842957 0.329788 -0.252643 -0.137358 -0.218845 -0.126324 0.0280898
internal_weight=228 69 34 159 143 65 30 78 59 35 35 30
internal_count=228 69 34 159 143 65 30 78 59 35 35 30
is_linear=0
shrinkage=0.05


Tree=104
num_leaves=9
num_cat=0
split_feature=84 109 23 98 121 93 70 12
split_gain=4641.97 2299.06 1506.45 1174.32 2332.15 1139.14 553.076 525.88
threshold=0.019166666666666669 0.057500000000000114 55.300000000000004 31.550000000000004 -0.090000000000000288 65.300000000000026 0.034166666666666685 63.250000000000007
decision_type=2 2 2 2 2 2 2 2
left_child=1 2 -1 5 -5 6 -4 -6
right_child=-2 -3 3 4 7 -7 -8 -9
leaf_value=-0.51790495144812421 0.74741393006284818 0.47023878450716394 -0.027578717306290079 0.61875613169954313 -0.15625567682340236 -0.60456460149872393 -0.37850440977424982 0.12051034346508341
leaf_weight=21 19 18 44 14.999999999999998 50 14.999999999999998 14.999999999999998 26
leaf_count=21 19 18 44 15 50 15 15 26
internal_value=0.0020112 -0.0677213 -0.120033 -0.069082 0.051154 -0.216877 -0.117371 -0.0614729
internal_weight=223 204 186 165 91 74 59 76
internal_count=223 204 186 165 91 74 59 76
is_linear=0
shrinkage=0.05


Tree=105
num_leaves=12
num_cat=0
split_feature=78 39 65 11 37 25 48 70 67 65 28
split_gain=4016.93 12663.1 1404.61 2367.37 1229.92 688.905 647.614 581.638 525.629 243.975 322.014
threshold=-0.17083333333333336 0.84166666666666645 31.700000000000006 25.500000000000004 -1.2666666666666619 45.650000000000006 6.8150000000000004 0.035833333333334057 14.650000000000002 48.900000000000006 11.950000000000001
decision_type=2 2 2 2 2 2 2 2 2 2 2
left_child=1 -1 4 -4 -2 8 -3 9 -6 10 -5
right_child=2 6 3 7 5 -7 -8 -9 -10 -11 -12
leaf_value=1.4278505749049648 -0.64383562536713501 -0.44964034636289069 0.6069870708399262 0.1658470533762601 0.11321183025017689 -0.41394933141462986 0.013806879204630064 -0.3142535615341826 -0.25573493637931272 -0.13371859617933199 -0.098335412737099129
leaf_weight=19 15.999999999999998 15.000000000000002 14.999999999999998 29 24 17 14.999999999999998 19 15.999999999999998 24 19
leaf_count=19 16 15 15 29 24 17 15 19 16 24 19
internal_value=0.0207419 0.421402 -0.0890822 0.0271309 -0.257705 -0.148292 -0.218475 -0.0689563 -0.0345119 -0.00380964 0.0611838
internal_weight=228 49 179 106 73 57 30 91 40 72 48
internal_count=228 49 179 106 73 57 30 91 40 72 48
is_linear=0
shrinkage=0.05


Tree=106
num_leaves=13
num_cat=0
split_feature=57 76 56 52 117 59 48 12 58 28 54 58
split_gain=2663.24 7720.52 2839.47 1628.28 1114.88 1352.86 994.61 1540.5 1229.86 1482.81 357.803 344.657
threshold=52.250000000000007 -7.1083333333333298 35.100000000000009 4.1650000000000009 0.30833333333333407 36.550000000000004 6.7950000000000008 50.250000000000007 5.4250000000000007 9.7500000000000018 58.95000000000001 5.3250000000000011
decision_type=2 2 2 2 2 2 2 2 2 2 2 2
left_child=1 -1 6 -2 5 -5 8 -8 9 -3 -9 -6
right_child=3 2 -4 4 11 -7 7 10 -10 -11 -12 -13
leaf_value=1.1021100071747658 -0.61664392347033115 0.60801806678835135 0.63739605236132424 0.29527237072472828 -0.4522760242691839 -0.2875104817544451 -0.5777748446964539 0.13696422662053789 -0.281440814405854 -0.055286981364351284 -0.18298245789336909 -0.13593844207963957
leaf_weight=18 19 14.999999999999998 14.999999999999998 26 19 15.999999999999998 21 15.999999999999998 17 19 19 15.999999999999998
leaf_count=18 19 15 15 26 19 16 21 16 17 19 19 16
internal_value=-0.000562706 0.138468 -0.00445337 -0.203302 -0.100576 0.0729855 -0.0949901 -0.240301 0.0646273 0.238126 -0.0366052 -0.308606
internal_weight=236 140 122 96 77 42 107 56 51 34 35 35
internal_count=236 140 122 96 77 42 107 56 51 34 35 35
is_linear=0
shrinkage=0.05


Tree=107
num_leaves=9
num_cat=0
split_feature=79 62 19 37 73 41 78 90
split_gain=2567.17 4131.87 2692.38 1999.38 1780.5 1135.7 1731.75 642.734
threshold=1.5000000000000002 75.350000000000009 6.0150000000000015 -8.4666666666666632 1.5000000000000002 -0.33583333333333293 0.1808333333333341 34.800000000000004
decision_type=2 2 2 2 2 2 2 2
left_child=1 -1 3 -2 -5 6 -6 -7
right_child=2 -3 -4 4 5 7 -8 -9
leaf_value=0.90782088989402809 -0.71971757175117146 -0.16260958738351991 0.526210569861709 -0.63594403962129797 0.52167702847422814 -0.44831632297971979 -0.10547111523055946 -0.10431009792002864
leaf_weight=17 14.999999999999998 19 14.999999999999998 14.999999999999998 18 15.999999999999998 28 88
leaf_count=17 15 19 15 15 18 16 28 88
internal_value=-0.0434696 0.343847 -0.115139 -0.168876 -0.118363 -0.0661825 0.140426 -0.157662
internal_weight=231 36 195 180 165 150 46 104
internal_count=231 36 195 180 165 150 46 104
is_linear=0
shrinkage=0.05


Tree=108
num_leaves=12
num_cat=0
split_feature=68 67 28 78 50 62 19 110 56 28 21
split_gain=2944.46 9045.92 1500.7 3215.86 1708.42 803.938 951.571 669.124 615.785 595.234 270.609
threshold=55.500000000000007 9.3000000000000025 1.0000000180025095e-35 0.43333333333333296 24.850000000000005 78.050000000000011 5.4750000000000005 4.5000000000000009 34.350000000000001 12.900000000000002 49.900000000000006
decision_type=2 2 2 2 2 2 2 2 2 2 2
left_child=2 -2 3 -1 -4 6 -6 -3 9 -7 -10
right_child=1 7 4 -5 5 8 -8 -9 10 -11 -12
leaf_value=0.73239377962876551 1.3687915361677574 0.096915061203814337 -0.55172984552331816 -0.19676800920413093 -0.085250247758010336 -0.55567917216638596 0.4134371685073866 -0.35387673064178193 0.084344829904351062 -0.14098329013554836 -0.15773029981724013
leaf_weight=15.999999999999998 14.999999999999998 18 23 22 26 15.999999999999998 14.999999999999998 14.999999999999998 20 19 27
leaf_count=16 15 18 23 22 26 16 15 15 20 19 27
internal_value=0.00672933 0.355081 -0.0842613 0.195222 -0.157122 -0.0829042 0.0976367 -0.108289 -0.173245 -0.331744 -0.0546531
internal_weight=232 48 184 38 146 123 41 33 82 35 47
internal_count=232 48 184 38 146 123 41 33 82 35 47
is_linear=0
shrinkage=0.05


Tree=109
num_leaves=8
num_cat=0
split_feature=35 121 25 78 11 91 78
split_gain=3739.62 11911.3 2151.17 1770.05 585.773 625.856 911.03
threshold=-5.1333333333333302 -1.0000000180025095e-35 20.400000000000002 -0.98000000000000009 30.250000000000004 6.455000000000001 0.1808333333333341
decision_type=2 2 2 2 2 2 2
left_child=1 -1 -2 -4 -5 6 -6
right_child=2 -3 3 4 5 -7 -8
leaf_value=1.5567495105282361 0.49887363107393912 -0.24963300767399016 -0.54172742304758781 -0.30412786661634622 0.29717026844435213 -0.24318283025409027 -0.048913376641818447
leaf_weight=14.999999999999998 14.999999999999998 23 22 22 24 27 90
leaf_count=15 15 23 22 22 24 27 90
internal_value=0.0114634 0.465496 -0.0749673 -0.121766 -0.0647564 -0.0271832 0.0240991
internal_weight=238 38 200 185 163 141 114
internal_count=238 38 200 185 163 141 114
is_linear=0
shrinkage=0.05


Tree=110
num_leaves=9
num_cat=0
split_feature=35 49 60 112 80 41 75 4
split_gain=3048 9882.54 1625.33 1508.04 1051.26 960.862 1148.18 623.574
threshold=-5.1333333333333302 5.870000000000001 61.400000000000006 5.5000000000000009 0.61166666666666647 -0.33583333333333293 4.5000000000000009 8.5000000000000018
decision_type=2 2 2 2 2 2 2 2
left_child=1 -1 3 4 5 6 -2 -7
right_child=2 -3 -4 -5 -6 7 -8 -9
leaf_value=1.4194726913180573 0.56219103135236403 -0.21232526072637176 0.42882781982027152 -0.48807797847372109 -0.33507741549468129 0.004686112797076483 -0.054825874863790695 -0.29592384480552758
leaf_weight=14.999999999999998 15 24 14.999999999999998 23 27 68 15 23
leaf_count=15 15 24 15 23 27 68 15 23
internal_value=0.0158667 0.417187 -0.0684331 -0.112307 -0.0535861 0.00940956 0.254359 -0.0714788
internal_weight=225 39 186 171 148 121 30 91
internal_count=225 39 186 171 148 121 30 91
is_linear=0
shrinkage=0.05


Tree=111
num_leaves=7
num_cat=0
split_feature=76 24 26 89 26 100
split_gain=2774.93 1433.61 1134.75 938.829 1019.07 639.436
threshold=-8.4666666666666597 61.000000000000007 15.200000000000001 21.050000000000004 20.400000000000002 0.14500000000000005
decision_type=2 2 2 2 2 2
left_child=-1 2 -2 -4 -5 -6
right_child=1 -3 3 4 5 -7
leaf_value=0.47188069163573054 -0.40632977077111987 0.2952320675035397 -0.37266525216956636 0.33189788857055585 -0.3041891564745709 -0.0036323357059899405
leaf_weight=28 27 25 20 19 22 89
leaf_count=28 27 25 20 19 22 89
internal_value=0.00630635 -0.0584055 -0.108521 -0.0546472 -0.00543406 -0.0634673
internal_weight=230 202 177 150 130 111
internal_count=230 202 177 150 130 111
is_linear=0
shrinkage=0.05


Tree=112
num_leaves=12
num_cat=0
split_feature=35 51 101 41 51 65 83 107 113 54 26
split_gain=2133.23 1834.3 1604.91 785.119 1959.37 686.532 452.227 318.195 319.155 302.174 169.569
threshold=-10.041666666666666 43.95000000000001 56.400000000000006 -0.33583333333333293 57.750000000000007 31.700000000000006 3.5000000000000004 53.500000000000007 -5.2000000000000055 58.550000000000004 36.900000000000006
decision_type=2 2 2 2 2 2 2 2 2 2 2
left_child=-1 2 -2 4 -3 6 -5 9 -9 -7 -6
right_child=1 3 -4 5 10 7 -8 8 -10 -11 -12
leaf_value=0.47417038834613301 -0.075897462073281324 0.59224108655178387 -0.7126715508791116 -0.42004302541621003 0.011080475274172627 0.016282044749082247 -0.10162359073899369 0.24819334051664305 -0.035064815670968738 -0.28158893842064875 -0.22217343084464802
leaf_weight=15.999999999999998 18 14.999999999999998 22 24 16.000000000000004 15.999999999999998 21 14.999999999999998 29 18 14.999999999999998
leaf_count=16 18 15 22 24 16 16 21 15 29 18 15
internal_value=-0.0804212 -0.123108 -0.427152 -0.0509058 0.125085 -0.116812 -0.272113 -0.0269179 0.0617309 -0.141631 -0.101975
internal_weight=225 209 40 169 46 123 45 78 44 34 31
internal_count=225 209 40 169 46 123 45 78 44 34 31
is_linear=0
shrinkage=0.05


Tree=113
num_leaves=11
num_cat=0
split_feature=20 97 11 51 35 41 78 23 78 17
split_gain=2462.48 2061.74 4291.15 2448.62 1089.82 749.478 832.427 660.13 416.552 281.296
threshold=44.300000000000004 5.0950000000000006 28.500000000000004 41.95000000000001 -4.7833333333333323 -0.36499999999999927 0.21500000000000077 76.800000000000026 1.4041666666666668 34.650000000000013
decision_type=2 2 2 2 2 2 2 2 2 2
left_child=1 2 -1 -3 -5 -4 -7 -6 -8 -9
right_child=-2 3 5 4 7 6 8 9 -10 -11
leaf_value=0.88357044182076361 0.58836943609825043 -0.67676283609947996 0.25555371986412856 -0.43188603962238753 0.1873022988609884 -0.42192397312811247 0.14680140259944927 -0.019849805669069621 -0.18524091606251677 -0.23335061298195289
leaf_weight=14.999999999999998 14.999999999999998 22 15.999999999999998 20 26 17 21 36 17 27
leaf_count=15 15 22 16 20 26 17 21 36 17 27
internal_value=-0.029011 -0.0719615 0.118134 -0.19679 -0.0993373 -0.0445231 -0.132214 -0.0241503 -0.00170893 -0.111654
internal_weight=232 217 86 131 109 71 55 89 38 63
internal_count=232 217 86 131 109 71 55 89 38 63
is_linear=0
shrinkage=0.05


Tree=114
num_leaves=13
num_cat=0
split_feature=64 91 102 119 65 93 62 98 36 117 56 67
split_gain=2567.89 10497.9 2531.02 1548.99 1180.29 1053.35 1162.28 886.581 505.231 423.875 386.062 377.864
threshold=28.250000000000004 5.7150000000000007 35.150000000000006 0.13583333333333328 21.250000000000004 43.850000000000001 83.600000000000009 31.950000000000003 3.5000000000000004 0.65166666666666651 29.350000000000005 15.550000000000002
decision_type=2 2 2 2 2 2 2 2 2 2 2 2
left_child=1 2 3 -1 9 6 -6 8 -7 -2 -9 -12
right_child=4 -3 -4 -5 5 7 -8 10 -10 -11 11 -13
leaf_value=-0.11275970593390872 -0.55126453993336255 1.4452312761189923 -0.45849164273943838 0.60375017863235736 0.47472241577102325 -0.48268865047325016 -0.02736220900801449 0.20049674473908727 -0.12188204891646087 -0.17366190282319557 -0.27598211201808315 0.036107006537078483
leaf_weight=15.000000000000002 15.000000000000002 14.999999999999998 22 14.999999999999998 19 19 29 18 20 14.999999999999998 14.999999999999998 27
leaf_count=15 15 15 22 15 19 19 29 18 20 15 15 27
internal_value=0.0212201 0.284639 -0.0521825 0.246145 -0.0785683 -0.0201092 0.171849 -0.11331 -0.298572 -0.363834 0.00732381 -0.0756254
internal_weight=244 67 52 30 177 147 48 99 39 30 60 42
internal_count=244 67 52 30 177 147 48 99 39 30 60 42
is_linear=0
shrinkage=0.05


Tree=115
num_leaves=12
num_cat=0
split_feature=109 80 106 11 33 52 117 28 39 74 25
split_gain=1637.96 1237.05 1639.43 1494.66 1381.9 1251.49 617.468 583.435 512.981 468.727 415.026
threshold=0.057500000000000114 0.037500000000000096 10.800000000000002 28.500000000000004 -0.43166666666666703 4.1150000000000011 0.57000000000000017 21.550000000000001 0.75000000000000011 13.925000000000002 39.600000000000009
decision_type=2 2 2 2 2 2 2 2 2 2 2
left_child=1 2 3 -1 -3 -6 -4 8 -7 10 -5
right_child=-2 4 6 9 5 7 -8 -9 -10 -11 -12
leaf_value=0.59482838936791527 0.38009149204960185 -0.65915879892266316 -0.50642878871090369 -0.052968282344048483 -0.57528792872334156 -0.12423672329091356 -0.081991037932127267 -0.34777713597561261 0.16539521099353929 -0.20553437613493564 0.2862007851453976
leaf_weight=14.999999999999998 18 15.999999999999998 14.999999999999998 17 14.999999999999998 39 20 15.999999999999998 25 14.999999999999998 19
leaf_count=15 18 16 15 17 15 39 20 16 25 15 19
internal_value=-0.0764719 -0.115421 0.0111664 0.157852 -0.230556 -0.1577 -0.26496 -0.0787197 -0.0109397 0.0283191 0.126196
internal_weight=230 212 101 66 111 95 35 80 64 51 36
internal_count=230 212 101 66 111 95 35 80 64 51 36
is_linear=0
shrinkage=0.05


Tree=116
num_leaves=11
num_cat=0
split_feature=81 64 110 45 50 28 27 106 35 0
split_gain=2285.14 8327.08 1239.11 1201.3 1123.91 738.316 725.871 561.171 532.15 281.16
threshold=4.5000000000000009 28.250000000000004 4.5000000000000009 0.011666666666666674 28.400000000000002 4.9000000000000012 18.900000000000002 10.800000000000002 12.291666666666666 2372.0000000000005
decision_type=2 2 2 2 2 2 2 2 2 2
left_child=2 -2 3 5 -4 -1 -7 -3 -8 -6
right_child=1 7 4 -5 9 6 8 -9 -10 -11
leaf_value=0.26074094508560547 1.0698531182996962 0.06828147422429505 -0.6047916867928198 0.43651732494499512 -0.0053443887275018732 -0.33114421253660287 0.14118231952561602 -0.25700342299275664 -0.19576204125560934 -0.26902555145776075
leaf_weight=15.999999999999998 22 28 17 14.999999999999998 23 25 28 25 20 18
leaf_count=16 22 28 17 15 23 25 28 25 20 18
internal_value=0.0264738 0.254483 -0.079147 0.0241117 -0.264109 -0.0457507 -0.11326 -0.0852557 0.000569774 -0.121601
internal_weight=237 75 162 104 58 89 73 53 48 41
internal_count=237 75 162 104 58 89 73 53 48 41
is_linear=0
shrinkage=0.05


Tree=117
num_leaves=8
num_cat=0
split_feature=70 113 106 64 29 66 117
split_gain=2613.44 1608.19 1211.97 1099.65 1092.68 820.826 541.055
threshold=0.050833333333332405 -13.666666666666668 17.050000000000001 18.600000000000005 50.500000000000007 18.900000000000002 -0.38916666666666661
decision_type=2 2 2 2 2 2 2
left_child=1 -1 3 -3 -5 -4 -6
right_child=-2 2 5 4 6 -7 -8
leaf_value=0.37775220934945253 0.44717290559943595 0.33331589085316798 -0.65045777819804018 -0.4324393382712976 0.13436397154353932 -0.14899579141680047 -0.10256038044060918
leaf_weight=19 29 17 14.999999999999998 20 34 18 82
leaf_count=19 29 17 15 20 34 18 82
internal_value=0.00373062 -0.0591633 -0.104 -0.0445834 -0.0920678 -0.378361 -0.0330181
internal_weight=234 205 186 153 136 33 116
internal_count=234 205 186 153 136 33 116
is_linear=0
shrinkage=0.05


Tree=118
num_leaves=7
num_cat=0
split_feature=50 26 84 45 25 4
split_gain=3396.28 1252.81 1397.97 919.618 390.535 301.077
threshold=17.650000000000002 14.550000000000002 0.020000000000000021 0.011666666666666674 25.500000000000004 11.500000000000002
decision_type=2 2 2 2 2 2
left_child=-1 -2 3 4 -3 -6
right_child=1 2 -4 -5 5 -7
leaf_value=0.62854385818654335 -0.46028323820813211 -0.27465654377537874 -0.5242329458724585 0.30470704788936998 -0.0073959431840238486 -0.24402782743340301
leaf_weight=17 22 19 14.999999999999998 19 123 14.999999999999998
leaf_count=17 22 19 15 19 123 15
internal_value=-0.0494193 -0.103822 -0.0625181 -0.0228637 -0.0627066 -0.0333111
internal_weight=230 213 191 176 157 138
internal_count=230 213 191 176 157 138
is_linear=0
shrinkage=0.05


Tree=119
num_leaves=8
num_cat=0
split_feature=35 33 115 62 103 41 122
split_gain=1662.28 1371.32 1603.04 1415.9 495.224 889.381 366.228
threshold=-10.041666666666666 -0.33749999999999986 15.108333333333331 40.800000000000004 24.400000000000002 -0.39000000000000007 3.5000000000000004
decision_type=2 2 2 2 2 2 2
left_child=-1 -2 3 -3 6 -6 -5
right_child=1 2 -4 4 5 -7 -8
leaf_value=0.43416725311490051 -0.50861230222334775 -0.54089304812696593 0.38324037786061166 -0.28844361797909895 0.30965017175377763 -0.045491054184503874 -0.025430622716858926
leaf_weight=18 15.999999999999998 14.999999999999998 21 27 22 87 26
leaf_count=18 16 15 21 27 22 87 26
internal_value=-0.0259195 -0.0648264 -0.028701 -0.0777925 -0.0345747 0.0263611 -0.159803
internal_weight=232 214 198 177 162 109 53
internal_count=232 214 198 177 162 109 53
is_linear=0
shrinkage=0.05


Tree=120
num_leaves=11
num_cat=0
split_feature=60 97 18 121 111 26 23 121 80 62
split_gain=3123.23 1393.94 2883.33 3741.35 2037.3 827.036 744.013 886.854 548.558 247.476
threshold=58.45000000000001 5.0750000000000011 48.350000000000001 -0.29750000000000026 0.9425 16.400000000000002 78.750000000000014 0.31749999999999995 0.078333333333333602 75.350000000000009
decision_type=2 2 2 2 2 2 2 2 2 2
left_child=1 2 8 -4 5 -3 7 -7 -1 -8
right_child=-2 4 3 -5 -6 6 9 -9 -10 -11
leaf_value=-0.0022298232609073054 0.5162397839046492 -0.40232225984137582 -0.033708245270484473 1.001848525308674 -0.57728208142183557 0.3920269348135042 -0.29486863577032685 -0.066996811736033751 -0.42282716978966078 -0.056425918551309365
leaf_weight=15.000000000000002 27 14.999999999999998 19 15.999999999999998 23 20 15.999999999999998 22 15.999999999999998 34
leaf_count=15 27 15 19 16 23 20 16 22 16 34
internal_value=0.013098 -0.0564148 0.130556 0.441052 -0.151404 -0.0593601 -0.00301191 0.151879 -0.220135 -0.133264
internal_weight=223 196 66 35 130 107 92 42 31 50
internal_count=223 196 66 35 130 107 92 42 31 50
is_linear=0
shrinkage=0.05


Tree=121
num_leaves=9
num_cat=0
split_feature=0 29 28 78 12 27 53 33
split_gain=2928.46 1185.07 1368.33 1271.19 874.06 540.76 917.478 446.498
threshold=3646.5000000000005 56.500000000000007 10.250000000000002 -1.2633333333333321 40.350000000000009 26.500000000000004 46.95000000000001 1.0433333333333337
decision_type=2 2 2 2 2 2 2 2
left_child=1 3 -3 -1 -5 6 -6 -7
right_child=-2 2 -4 4 5 7 -8 -9
leaf_value=-0.48672085144432081 0.51509796156215049 0.5150161752789657 -0.13702448265893116 -0.45012169092498877 0.15059975137268133 -0.077161954599925031 -0.1764582011185353 -0.39892618504370225
leaf_weight=23 22 15.999999999999998 15.999999999999998 14.999999999999998 55 33 35 15.999999999999998
leaf_count=23 22 16 16 15 55 33 35 16
internal_value=-0.0322508 -0.0901092 0.189429 -0.140754 -0.0887686 -0.0494422 0.0233004 -0.182928
internal_weight=231 209 32 177 154 139 90 49
internal_count=231 209 32 177 154 139 90 49
is_linear=0
shrinkage=0.05


Tree=122
num_leaves=7
num_cat=0
split_feature=66 51 37 89 4 50
split_gain=3177.48 1203.68 1388.14 529.749 666.042 435.659
threshold=6.0500000000000016 43.95000000000001 -7.5666666666666655 17.150000000000002 11.500000000000002 41.050000000000004
decision_type=2 2 2 2 2 2
left_child=-1 -2 -3 -4 5 -5
right_child=1 2 3 4 -6 -7
leaf_value=0.60138966512324199 -0.35512902619912451 0.37255028842184784 -0.34077569139714275 -0.10015026106500924 -0.31325335996585657 0.088010332492315352
leaf_weight=20 29 21 14.999999999999998 52 18 75
leaf_count=20 29 21 15 52 18 75
internal_value=0.000785038 -0.0566506 -0.00863081 -0.0588935 -0.0294841 0.0109107
internal_weight=230 210 181 160 145 127
internal_count=230 210 181 160 145 127
is_linear=0
shrinkage=0.05


Tree=123
num_leaves=11
num_cat=0
split_feature=35 121 25 70 70 41 64 104 78 16
split_gain=2405.8 9550.73 1512.2 1311.93 544.208 616.119 474.074 445.506 305.986 269.142
threshold=-5.1333333333333302 -0.034166666666666672 21.250000000000004 -0.066666666666665972 0.012499999999999735 -0.33583333333333293 35.850000000000009 31.400000000000002 0.8908333333333337 5.0200000000000005
decision_type=2 2 2 2 2 2 2 2 2 2
left_child=1 -1 -2 -4 5 -5 8 -7 -6 -8
right_child=2 -3 3 4 6 7 9 -9 -10 -11
leaf_value=1.3587122553675774 0.41591838544107373 -0.27312875379264628 -0.53597188704455934 0.26482065242095704 -0.42734968076094737 -0.14810266453591758 -0.20532600431708814 0.11565539987544732 -0.12029572085828971 0.047899584059427146
leaf_weight=14.999999999999998 15.999999999999998 22 14.999999999999998 22 18 39 15.999999999999998 27 14.999999999999998 30
leaf_count=15 16 22 15 22 18 39 16 27 15 30
internal_value=0.0206467 0.390173 -0.048543 -0.0896082 -0.049189 0.0362768 -0.14438 -0.0401143 -0.288716 -0.0403248
internal_weight=235 37 198 182 167 88 79 66 33 46
internal_count=235 37 198 182 167 88 79 66 33 46
is_linear=0
shrinkage=0.05


Tree=124
num_leaves=10
num_cat=0
split_feature=84 111 67 25 111 113 76 43 22
split_gain=1855.5 1354.75 2315.14 1184.85 1306.85 1127.94 485.34 315.418 238.935
threshold=0.019166666666666669 -0.64916666666666634 11.4 25.500000000000004 1.1333333333333329 3.5500000000000029 -1.0083333333333255 0.3824999999999999 0.15500000000000003
decision_type=2 2 2 2 2 2 2 2 2
left_child=1 2 -1 5 6 -3 8 -8 -5
right_child=-2 3 -4 4 -6 -7 7 -9 -10
leaf_value=0.72342824322103672 0.45262810792183983 -0.025529908304972367 -0.080062589952848609 -0.098982604121014187 0.37454386580714866 -0.60539919815138377 0.032464490064583226 -0.18055118373978191 -0.36556218217091008
leaf_weight=14.999999999999998 22 14.999999999999998 22 15.999999999999998 18 19 70 23 18
leaf_count=15 22 15 22 16 18 19 70 23 18
internal_value=0.0162445 -0.0283677 0.246614 -0.0853414 -0.0229223 -0.350546 -0.0795458 -0.0203004 -0.240918
internal_weight=238 216 37 179 145 34 127 93 34
internal_count=238 216 37 179 145 34 127 93 34
is_linear=0
shrinkage=0.05


Tree=125
num_leaves=10
num_cat=0
split_feature=68 55 33 70 28 78 108 48 31
split_gain=2519.57 6128.39 1262.27 964.364 974.955 1611.08 416.539 450.648 301.488
threshold=55.500000000000007 5.4850000000000012 -0.33749999999999986 -0.066666666666665972 5.7000000000000002 0.43333333333333296 3.5000000000000004 6.8250000000000011 -0.027499999999999854
decision_type=2 2 2 2 2 2 2 2 2
left_child=2 -2 -1 -4 5 -5 7 -6 -8
right_child=1 -3 3 4 6 -7 8 -9 -10
leaf_value=-0.41543027312208558 0.87142797715635401 -0.28496328552752309 -0.3861322717451901 0.64002996217336072 0.18100996363741631 -0.079336099632038082 -0.26402913939698308 -0.086832186726913341 -0.0058631217292466091
leaf_weight=23 25 21 15.999999999999998 15.000000000000002 29 15.999999999999998 28 34 19
leaf_count=23 25 21 16 15 29 16 28 34 19
internal_value=0.0140836 0.343929 -0.0703266 -0.0195059 0.0223058 0.269522 -0.0475004 0.0364725 -0.160004
internal_weight=226 46 180 157 141 31 110 63 47
internal_count=226 46 180 157 141 31 110 63 47
is_linear=0
shrinkage=0.05


Tree=126
num_leaves=10
num_cat=0
split_feature=20 65 14 33 33 41 26 64 0
split_gain=1261.48 1669.12 1990.84 1776.08 1216.98 562.284 716.587 368.923 288.505
threshold=44.300000000000004 21.250000000000004 11.450000000000001 -0.43166666666666703 0.87083333333333324 0.099999999999999659 22.050000000000001 31.550000000000004 1300.0000000000002
decision_type=2 2 2 2 2 2 2 2 2
left_child=1 4 -3 -4 -1 6 -5 -7 -6
right_child=-2 2 3 5 8 7 -8 -9 -10
leaf_value=-0.54563397202226838 0.3738595083273577 0.56702918808981284 -0.47269030536585188 0.42835679391756759 -0.23263999235551089 -0.30075614310258275 0.043417877401492014 -0.0095046908373151301 0.076405138941790102
leaf_weight=26 18 14.999999999999998 20 14.999999999999998 15.000000000000002 14.999999999999998 61 39 14.999999999999998
leaf_count=26 18 15 20 15 15 15 61 39 15
internal_value=-0.0274333 -0.0602947 0.01977 -0.0352639 -0.295904 0.0323057 0.119921 -0.0909067 -0.0782108
internal_weight=239 221 165 150 56 130 76 54 30
internal_count=239 221 165 150 56 130 76 54 30
is_linear=0
shrinkage=0.05


Tree=127
num_leaves=12
num_cat=0
split_feature=76 108 33 11 24 72 99 62 59 123 26
split_gain=3820.01 853.576 2325.15 1043.8 319.345 350 441.099 330.281 251.882 237.926 113.851
threshold=-8.4666666666666597 4.5000000000000009 -0.12583333333333299 21.800000000000001 52.95000000000001 0.99583333333333413 49.850000000000009 81.950000000000003 35.95000000000001 -0.0049999999999999897 25.450000000000003
decision_type=2 2 2 2 2 2 2 2 2 2 2
left_child=-1 3 -3 -2 5 6 -5 -6 9 -4 -7
right_child=1 2 8 4 7 10 -8 -9 -10 -11 -12
leaf_value=0.55446901325123166 -0.50349928294771418 0.62591909363569809 -0.31103320773074167 -0.4128208918565231 0.17291010054782852 -0.10774775005334258 -0.1101041897208489 -0.11368825726248138 0.049309943745404608 -0.033695787427403166 0.083348554453772039
leaf_weight=28 17 14.999999999999998 15.000000000000002 19 20 15.000000000000002 33 20 23 15.999999999999998 15.999999999999998
leaf_count=28 17 15 15 19 20 15 33 20 23 16 16
internal_value=0.00709839 -0.0664397 0.077371 -0.137358 -0.0863448 -0.142231 -0.221388 0.0295601 -0.0757864 -0.168621 -0.00900577
internal_weight=237 209 69 140 123 83 52 40 54 31 31
internal_count=237 209 69 140 123 83 52 40 54 31 31
is_linear=0
shrinkage=0.05


Tree=128
num_leaves=12
num_cat=0
split_feature=44 121 121 66 24 66 39 25 44 103 37
split_gain=2189.34 4192.89 12765.6 1719.03 488.002 420.145 402.275 396.245 259.712 178.893 95.5125
threshold=2.5000000000000004 -0.090000000000000288 -0.29750000000000026 12.300000000000002 31.400000000000002 20.400000000000002 -0.060000000000000046 47.800000000000004 4.5000000000000009 22.450000000000003 10.908333333333331
decision_type=2 2 2 2 2 2 2 2 2 2 2
left_child=3 2 -2 -1 -3 -6 -5 9 -7 -8 -11
right_child=1 4 -4 6 5 8 7 -9 -10 10 -12
leaf_value=-0.54283797603204431 -0.14795471996781362 -0.28980675031082326 1.692571722592739 -0.26179151328952721 0.16247046667981338 0.0020969565531507653 -0.20585215564687456 0.17725963354578819 -0.27235190362379647 -0.10452280887310078 0.070488255012849832
leaf_weight=25 25 21 14.999999999999998 22 22 20 20 19 14.999999999999998 15.000000000000002 15.999999999999998
leaf_count=25 25 21 15 22 22 20 20 19 15 15 16
internal_value=-0.0228062 0.129081 0.544618 -0.176014 -0.084375 -0.0082271 -0.075798 -0.0169815 -0.115822 -0.089649 -0.0140975
internal_weight=235 118 40 117 78 57 92 70 35 51 31
internal_count=235 118 40 117 78 57 92 70 35 51 31
is_linear=0
shrinkage=0.05


Tree=129
num_leaves=9
num_cat=0
split_feature=35 51 90 4 89 105 68 21
split_gain=1745.44 1458.82 1013.47 609.127 471.139 548.211 800.422 230.79
threshold=-10.041666666666666 43.95000000000001 41.850000000000001 11.500000000000002 19.650000000000002 10.600000000000001 52.500000000000007 55.900000000000006
decision_type=2 2 2 2 2 2 2 2
left_child=-1 2 -2 4 -3 6 -6 -7
right_child=1 3 -4 -5 5 7 -8 -9
leaf_value=0.43291776786770736 -0.038384379416901551 -0.20132035937052051 -0.55850314380400679 -0.28979748004111489 -0.031391241672812702 0.019635506394848179 0.4837980062953684 -0.17246109222242345
leaf_weight=17 14.999999999999998 24 25 20 15.000000000000002 86 14.999999999999998 19
leaf_count=17 15 24 25 20 15 86 15 19
internal_value=-0.0535957 -0.0915647 -0.364165 -0.0304511 0.00230127 0.0386599 0.226789 -0.0152083
internal_weight=236 219 40 179 159 135 30 105
internal_count=236 219 40 179 159 135 30 105
is_linear=0
shrinkage=0.05


Tree=130
num_leaves=10
num_cat=0
split_feature=64 39 60 27 57 63 56 80 18
split_gain=2461.25 8741.49 1003 875.53 516.354 493.365 591.457 311.602 224.968
threshold=28.250000000000004 0.81666666666666698 47.050000000000004 7.9500000000000011 43.100000000000009 43.600000000000009 39.650000000000013 0.32416666666666721 53.45000000000001
decision_type=2 2 2 2 2 2 2 2 2
left_child=1 -1 -3 -2 -5 7 8 -6 -7
right_child=3 2 -4 4 5 6 -8 -9 -10
leaf_value=1.0133618387271208 -0.44480933612150864 0.12224293206518853 -0.37856135802088442 0.16683429292870755 -0.12079815602401481 -0.1787702308552159 0.18539196150711335 -0.41191891741673681 0.0077140902417622437
leaf_weight=25 14.999999999999998 17 24 24 24 38 25 14.999999999999998 28
leaf_count=25 15 17 24 24 24 38 25 15 28
internal_value=0.0196905 0.278403 -0.170997 -0.0814203 -0.0457271 -0.0851057 -0.0211969 -0.233663 -0.099688
internal_weight=235 66 41 169 154 130 91 39 66
internal_count=235 66 41 169 154 130 91 39 66
is_linear=0
shrinkage=0.05


Tree=131
num_leaves=7
num_cat=0
split_feature=23 84 29 33 76 47
split_gain=1859.67 1278.99 853.092 918.542 845.059 535.816
threshold=58.100000000000001 0.020000000000000021 49.500000000000007 -0.43166666666666703 -7.1083333333333298 1.0000000180025095e-35
decision_type=2 2 2 2 2 2
left_child=-1 2 -2 -4 -5 -6
right_child=1 -3 3 4 5 -7
leaf_value=0.39429835363356902 0.32816547143538272 -0.48386799250429835 -0.43635489557752555 -0.32414193252251611 0.22460366962440462 -0.029766934482849172
leaf_weight=24 14.999999999999998 17 14.999999999999998 21 25 118
leaf_count=24 15 17 15 21 25 118
internal_value=-0.0217887 -0.0693042 -0.0327201 -0.0631562 -0.0287466 0.0147944
internal_weight=235 211 194 179 164 143
internal_count=235 211 194 179 164 143
is_linear=0
shrinkage=0.05


Tree=132
num_leaves=12
num_cat=0
split_feature=88 54 44 121 99 62 33 26 27 43 31
split_gain=2097.59 6825.28 1109.07 1583.18 3592.62 871.824 769.913 665.557 486.258 459.939 403.11
threshold=6.3400000000000007 47.900000000000006 2.5000000000000004 -0.070000000000000714 46.550000000000004 43.650000000000006 0.66583333333333272 18.150000000000002 23.900000000000002 -1.0000000180025095e-35 -0.013333333333333195
decision_type=2 2 2 2 2 2 2 2 2 2 2
left_child=2 -2 5 4 -4 -1 9 -5 -8 -7 -9
right_child=1 -3 3 7 -6 6 8 10 -10 -11 -12
leaf_value=-0.49988865748695704 1.1855286632942048 -0.1601024473271522 -0.17297314070905279 -0.3581793127470459 0.91833793651189222 -0.11860117978676799 0.17695127951687781 -0.082303957256114058 -0.12823526171888885 -0.47501583987881679 0.23605413792149124
leaf_weight=15.999999999999998 14.999999999999998 25 15.000000000000002 14.999999999999998 14.999999999999998 21 26 29 26 15.999999999999998 14.999999999999998
leaf_count=16 15 25 15 15 15 21 26 29 26 16 15
internal_value=0.0168596 0.346083 -0.051139 0.0786293 0.373754 -0.161151 -0.0997054 -0.0717282 0.0243088 -0.273726 0.026403
internal_weight=234 40 194 89 30 105 89 59 52 37 44
internal_count=234 40 194 89 30 105 89 59 52 37 44
is_linear=0
shrinkage=0.05


Tree=133
num_leaves=8
num_cat=0
split_feature=0 109 34 70 68 23 76
split_gain=1648.85 704.342 1197.14 733.783 697.385 677.26 330.429
threshold=3646.5000000000005 0.056666666666666206 2.5000000000000004 -0.063333333333333894 54.500000000000007 71.800000000000026 -2.6500000000000052
decision_type=2 2 2 2 2 2 2
left_child=1 2 -1 -4 5 -5 -6
right_child=-2 -3 3 4 6 -7 -8
leaf_value=-0.41995354317035916 0.35693444002177066 0.26437421397657584 -0.36449972635470562 0.3089205376287818 -0.34784792036015472 -0.0016393979331007084 -0.075459460934879069
leaf_weight=24 26 14.999999999999998 15.999999999999998 23 14.999999999999998 73 43
leaf_count=24 26 15 16 23 15 73 43
internal_value=-0.0177578 -0.0645426 -0.0901232 -0.04331 -0.00969229 0.0729576 -0.146468
internal_weight=235 209 194 170 154 96 58
internal_count=235 209 194 170 154 96 58
is_linear=0
shrinkage=0.05


Tree=134
num_leaves=11
num_cat=0
split_feature=88 52 51 37 78 84 78 66 67 37
split_gain=2154.46 6319.05 1679.77 1377.22 1337.96 348.598 585.501 253.461 156.347 203.786
threshold=6.3400000000000007 5.2200000000000015 41.95000000000001 -7.5666666666666655 0.43333333333333296 -0.00083333333333333859 0.1808333333333341 22.400000000000002 16.650000000000002 7.799999999999998
decision_type=2 2 2 2 2 2 2 2 2 2
left_child=2 -2 4 -4 -1 6 -5 -8 9 -7
right_child=1 -3 3 5 -6 8 7 -9 -10 -11
leaf_value=-0.7413342812992878 1.1434539025143677 -0.15131441339316121 0.40890110056044648 0.2579232496533605 -0.084162578245867842 -0.21980690894932145 -0.21101023963286508 -0.00067426053074722046 -0.27394797795730114 0.039936889658700556
leaf_weight=15.000000000000002 14.999999999999998 25 18 18 15.999999999999998 15.000000000000002 20 50 19 14.999999999999998
leaf_count=15 15 25 18 18 16 15 20 50 19 15
internal_value=0.00329495 0.33574 -0.0683137 -0.000992967 -0.403671 -0.0551431 0.00435102 -0.0610569 -0.161883 -0.0900677
internal_weight=226 40 186 155 31 137 88 70 49 30
internal_count=226 40 186 155 31 137 88 70 49 30
is_linear=0
shrinkage=0.05


Tree=135
num_leaves=10
num_cat=0
split_feature=19 24 113 115 84 104 99 34 15
split_gain=1393.79 1026.11 1532.38 758.309 1119.55 812.966 553.663 505.825 588.489
threshold=6.0150000000000015 59.550000000000004 -5.2000000000000055 11.924999999999999 -0.00083333333333333859 33.850000000000001 52.250000000000007 2.5000000000000004 48.300000000000004
decision_type=2 2 2 2 2 2 2 2 2
left_child=1 3 -3 5 -5 7 -7 -1 -9
right_child=-2 2 -4 4 -6 6 -8 8 -10
leaf_value=-0.38004793887803567 0.39385218044012293 0.56503849005857054 -0.094835466874313157 -0.044083436780212995 -0.60962089249613693 0.2455016903707252 -0.11300078416079805 0.071636151568281334 -0.19873939684218522
leaf_weight=18 18 14.999999999999998 21 18 17 29 17 34 49
leaf_count=18 18 15 21 18 17 29 17 34 49
internal_value=-0.0277427 -0.0627408 0.180777 -0.111009 -0.31987 -0.0610632 0.112945 -0.140397 -0.0879701
internal_weight=236 218 36 182 35 147 46 101 83
internal_count=236 218 36 182 35 147 46 101 83
is_linear=0
shrinkage=0.05


Tree=136
num_leaves=10
num_cat=0
split_feature=37 64 23 72 14 15 0 17 121
split_gain=2225.52 8822.27 1491.24 1327.55 409.781 420.875 226.659 170.356 167.794
threshold=-5.6250000000000027 38.300000000000004 63.70000000000001 -0.80916666666666648 40.750000000000007 67.300000000000026 1300.0000000000002 33.20000000000001 -0.014166666666667103
decision_type=2 2 2 2 2 2 2 2 2
left_child=1 -1 -2 -4 6 -6 -5 -7 -8
right_child=2 -3 3 4 5 7 8 -9 -10
leaf_value=1.2878018464473699 0.30195720336360726 -0.32981590488437973 -0.5357992107453553 -0.2608589466182028 0.18588645393613079 -0.16711408276269787 -0.16759434130605777 0.031467180567629198 -0.0098501301247556263
leaf_weight=14.999999999999998 26 19 15.999999999999998 24 27 21 31 22 37
leaf_count=15 26 19 16 24 27 21 31 22 37
internal_value=0.0114597 0.385376 -0.0509935 -0.102717 -0.0596082 0.0314813 -0.128929 -0.0655611 -0.0819769
internal_weight=238 34 204 178 162 70 92 43 68
internal_count=238 34 204 178 162 70 92 43 68
is_linear=0
shrinkage=0.05


Tree=137
num_leaves=8
num_cat=0
split_feature=76 26 12 4 50 51 122
split_gain=2923.95 1075.99 1414.3 394.297 350.623 575.059 228.349
threshold=-8.4666666666666597 12.750000000000002 38.550000000000004 11.500000000000002 41.45000000000001 62.45000000000001 1.5000000000000002
decision_type=2 2 2 2 2 2 2
left_child=-1 -2 -3 4 6 -6 -4
right_child=1 2 3 -5 5 -7 -8
leaf_value=0.48441911938366611 -0.4191924587797724 0.44854771230394486 -0.28564719024872942 -0.28397879604010556 0.31736482338646788 -0.022779291605685818 -0.066138799066212103
leaf_weight=29 18 14.999999999999998 14.999999999999998 17 14.999999999999998 70 56
leaf_count=29 18 15 15 17 15 70 56
internal_value=0.0152402 -0.050988 -0.0155037 -0.0560041 -0.0309627 0.0374898 -0.112921
internal_weight=235 206 188 173 156 85 71
internal_count=235 206 188 173 156 85 71
is_linear=0
shrinkage=0.05


Tree=138
num_leaves=7
num_cat=0
split_feature=50 113 26 84 11 35
split_gain=1566.46 902.932 923.56 898.217 668.408 247.698
threshold=16.200000000000003 -13.666666666666668 14.550000000000002 0.020000000000000021 23.350000000000005 -3.9583333333333335
decision_type=2 2 2 2 2 2
left_child=-1 -2 -3 4 -4 -6
right_child=1 2 3 -5 5 -7
leaf_value=0.46899870286076706 0.2859895077831458 -0.40449104187376217 0.30150377350564328 -0.40746055186189567 -0.22293023640602272 -0.01503061719271969
leaf_weight=15.999999999999998 19 19 15.999999999999998 14.999999999999998 15.999999999999998 131
leaf_count=16 19 19 16 15 16 131
internal_value=-0.00676706 -0.0422328 -0.0740432 -0.0385353 -0.00432544 -0.0378293
internal_weight=232 216 197 178 163 147
internal_count=232 216 197 178 163 147
is_linear=0
shrinkage=0.05


Tree=139
num_leaves=9
num_cat=0
split_feature=48 115 113 65 108 33 109 33
split_gain=2041.43 6455.48 1151.87 793.759 993.702 765.004 677.702 302.979
threshold=6.8750000000000009 6.0333333333333359 -13.666666666666668 21.250000000000004 5.5000000000000009 -0.43166666666666703 0.0050000000000003384 0.19583333333333333
decision_type=2 2 2 2 2 2 2 2
left_child=2 -2 -1 6 5 -5 -4 -7
right_child=1 -3 3 4 -6 7 -8 -9
leaf_value=0.32299713139471259 -0.17040372093518574 1.1029500976852746 -0.10114834615543707 -0.4140335486738721 0.22122130099257864 0.068732388523613908 -0.51858938604749305 -0.12403595994798666
leaf_weight=17 26 15.999999999999998 20 18 27 31 19 59
leaf_count=17 26 16 20 18 27 31 19 59
internal_value=0.000828887 0.316032 -0.0685858 -0.107036 -0.0494956 -0.117363 -0.305451 -0.0575799
internal_weight=233 42 191 174 135 108 39 90
internal_count=233 42 191 174 135 108 39 90
is_linear=0
shrinkage=0.05


Tree=140
num_leaves=12
num_cat=0
split_feature=84 17 11 11 63 66 70 99 67 106 95
split_gain=2072.11 945.316 2396.13 855.559 602.44 497.664 564.326 205.262 309.332 160.103 153.736
threshold=0.022499999999999982 35.250000000000007 25.500000000000004 21.300000000000004 22.650000000000002 24.050000000000004 0.012499999999999735 56.350000000000001 18.350000000000005 10.800000000000002 33.500000000000007
decision_type=2 2 2 2 2 2 2 2 2 2 2
left_child=1 3 -3 -1 -5 6 -6 8 10 -7 -4
right_child=-2 2 7 4 5 9 -8 -9 -10 -11 -12
leaf_value=-0.45584575358014673 0.55801607953465504 0.62860001186181236 -0.18568837701925756 -0.36127781293644817 0.22608772362288448 -0.060946172025314597 -0.11114380162968454 -0.18766053759533424 0.16014633235348838 -0.24390037741827136 0.029554850825611847
leaf_weight=15.999999999999998 15.999999999999998 17 17 14.999999999999998 30 30 21 15.999999999999998 22 20 15.999999999999998
leaf_count=16 16 17 17 15 30 30 21 16 22 20 16
internal_value=0.0104422 -0.0295941 0.0972477 -0.114203 -0.0666845 -0.0225694 0.0871841 -0.0306124 0.0152413 -0.134568 -0.081403
internal_weight=236 220 88 132 116 101 51 71 55 50 33
internal_count=236 220 88 132 116 101 51 71 55 50 33
is_linear=0
shrinkage=0.05


Tree=141
num_leaves=8
num_cat=0
split_feature=66 35 15 11 51 4 27
split_gain=2556.69 1531.04 528.456 833.524 475.092 367.273 325.105
threshold=6.0500000000000016 -10.041666666666666 34.45000000000001 28.700000000000006 59.250000000000007 11.500000000000002 18.900000000000002
decision_type=2 2 2 2 2 2 2
left_child=-1 -2 4 -4 -3 6 -5
right_child=1 2 3 5 -6 -7 -8
leaf_value=0.58087253980523912 0.45955578036930245 -0.42053428466275611 0.34651383528646257 -0.11818003890883105 -0.065731457514422276 -0.24225643401715291 0.05081537037570847
leaf_weight=20 15.999999999999998 15.999999999999998 14.999999999999998 45 23 20 77
leaf_count=20 16 16 15 45 23 20 77
internal_value=0.0419273 -0.00914286 -0.0476443 -0.00664577 -0.212123 -0.0442041 -0.0115238
internal_weight=232 212 196 157 39 142 122
internal_count=232 212 196 157 39 142 122
is_linear=0
shrinkage=0.05


Tree=142
num_leaves=12
num_cat=0
split_feature=82 10 27 45 64 104 80 78 31 117 18
split_gain=1840.97 6701.91 964.938 1440.38 460.559 398.894 397.528 329.58 311.003 295.456 217.225
threshold=0.33000000000000057 5.6650000000000009 5.8500000000000005 0.011666666666666674 35.850000000000009 35.500000000000007 -0.16833333333333297 0.5800000000000004 -0.024999999999999464 1.2575000000000001 48.350000000000001
decision_type=2 2 2 2 2 2 2 2 2 2 2
left_child=2 -2 -1 5 -3 6 8 -8 -4 10 -7
right_child=1 4 3 -5 -6 9 7 -9 -10 -11 -12
leaf_value=-0.40503314908262322 0.98924196558212152 -0.33141159132863934 -0.16231981107722154 0.3272373682204866 0.030589726915833546 -0.021249756937390132 -0.38927126586154737 -0.14062043447290659 0.15354751689939311 -0.15432150546486015 0.24279034672686772
leaf_weight=19 20 18 16.000000000000004 24 17 15.000000000000002 21 37 14.999999999999998 14.999999999999998 15.999999999999998
leaf_count=19 20 18 16 24 17 15 21 37 15 15 16
internal_value=0.00890588 0.261494 -0.0692158 -0.0288259 -0.155854 -0.0923584 -0.154101 -0.23125 -0.00931773 0.0270672 0.115211
internal_weight=233 55 178 159 35 135 89 58 31 46 31
internal_count=233 55 178 159 35 135 89 58 31 46 31
is_linear=0
shrinkage=0.05


Tree=143
num_leaves=10
num_cat=0
split_feature=84 111 62 35 67 29 54 21 72
split_gain=1978.02 1132.52 1489.49 933.714 481.882 660.061 465.868 326.728 211.426
threshold=0.022499999999999982 -0.64916666666666634 77.750000000000014 -8.7083333333333304 16.300000000000004 54.500000000000007 32.100000000000009 51.350000000000001 1.1291666666666662
decision_type=2 2 2 2 2 2 2 2 2
left_child=1 2 -1 -3 6 8 -5 -8 -6
right_child=-2 3 -4 4 5 -7 7 -9 -10
leaf_value=0.59880314311444371 0.53917147976271118 -0.426913305771285 -0.065960214072497095 -0.35965856572515087 -0.13277019042633104 0.2841367553999003 0.018384989957798383 -0.19843030607270212 0.079862003223434175
leaf_weight=14.999999999999998 15.999999999999998 18 19 17 30 21 43 29 19
leaf_count=15 16 18 19 17 30 21 43 29 19
internal_value=0.00494405 -0.0357786 0.228067 -0.0865892 -0.0477864 0.0502749 -0.124939 -0.0690281 -0.0502244
internal_weight=227 211 34 177 159 70 89 72 49
internal_count=227 211 34 177 159 70 89 72 49
is_linear=0
shrinkage=0.05


Tree=144
num_leaves=8
num_cat=0
split_feature=33 64 60 83 52 70 103
split_gain=1769.83 6330.66 1020.28 1009.75 476.503 359.223 313.688
threshold=-0.32083333333333325 38.300000000000004 61.400000000000006 5.5000000000000009 2.8600000000000003 0.057499999999999669 21.550000000000001
decision_type=2 2 2 2 2 2 2
left_child=1 -1 3 4 -2 6 -6
right_child=2 -3 -4 -5 5 -7 -8
leaf_value=1.1092484095830792 -0.30587742343915175 -0.24590394158861528 0.33229682444600583 -0.47454069198806165 -0.12483609023331897 -0.25085356405239234 0.050527030234358672
leaf_weight=14.999999999999998 15.999999999999998 20 15.999999999999998 14.999999999999998 34 14.999999999999998 101
leaf_count=15 16 20 16 15 34 15 101
internal_value=0.00911354 0.336239 -0.0491209 -0.0830299 -0.0473579 -0.0195637 0.00626478
internal_weight=232 35 197 181 166 150 135
internal_count=232 35 197 181 166 150 135
is_linear=0
shrinkage=0.05


Tree=145
num_leaves=10
num_cat=0
split_feature=81 101 113 77 41 28 56 37 72
split_gain=1298.23 3743.99 904.02 951.289 690.364 671.124 457.414 438.04 322.554
threshold=5.5000000000000009 77.950000000000003 12.383333333333338 3.5000000000000004 -0.39000000000000007 10.250000000000002 27.650000000000002 -0.48333333333333067 0.1350000000000007
decision_type=2 2 2 2 2 2 2 2 2
left_child=2 -2 4 -4 5 -1 -6 -8 -9
right_child=1 -3 3 -5 6 -7 7 8 -10
leaf_value=0.3625976193675679 -0.22890769607647901 0.75140407900042949 -0.62383578044689247 -0.060800628235798009 0.10458858874099691 -0.068065336445161231 -0.32767905857696 -0.24149961632019257 -0.016809059526492445
leaf_weight=18 21 18 15.000000000000002 14.999999999999998 22 18 25 23 52
leaf_count=18 21 18 15 15 22 18 25 23 52
internal_value=-0.0379535 0.224181 -0.0924493 -0.343622 -0.0445395 0.147536 -0.101333 -0.146745 -0.0860106
internal_weight=227 39 188 30 158 36 122 100 75
internal_count=227 39 188 30 158 36 122 100 75
is_linear=0
shrinkage=0.05


Tree=146
num_leaves=11
num_cat=0
split_feature=84 14 25 41 27 115 69 18 76 56
split_gain=1881.41 831.305 812.668 611.902 1012.1 609.709 405.352 281.478 243.976 226.44
threshold=0.022499999999999982 11.450000000000001 33.95000000000001 -0.35666666666666641 26.500000000000004 12.191666666666665 2.5000000000000004 52.350000000000001 -2.9250000000000109 39.650000000000013
decision_type=2 2 2 2 2 2 2 2 2 2
left_child=1 -1 5 4 -4 6 -3 -8 -5 -10
right_child=-2 2 3 8 -6 -7 7 -9 9 -11
leaf_value=0.2722956740743176 0.53334381545182341 0.06264313588854413 0.41819180126580013 -0.19320949472453261 -0.11817897736767172 -0.43922133281086034 -0.3278564932433915 -0.049006755011422293 -0.055243896050545985 0.15547744962904186
leaf_weight=21 15.999999999999998 22 21 22 14.999999999999998 18 21 15.999999999999998 50 17
leaf_count=21 16 22 21 22 15 18 21 16 50 17
internal_value=0.0113357 -0.0263177 -0.0575058 0.0211859 0.194857 -0.185179 -0.106977 -0.207865 -0.0491469 -0.00155074
internal_weight=239 223 202 125 36 77 59 37 89 67
internal_count=239 223 202 125 36 77 59 37 89 67
is_linear=0
shrinkage=0.05


Tree=147
num_leaves=10
num_cat=0
split_feature=0 84 109 25 115 66 28 39 68
split_gain=1447.61 734.175 617.371 497.983 1120.52 774.089 1009.4 492.009 334.137
threshold=3646.5000000000005 0.022499999999999982 -0.057499999999999656 37.150000000000006 12.191666666666665 22.900000000000002 20.400000000000002 -0.34583333333333316 53.500000000000007
decision_type=2 2 2 2 2 2 2 2 2
left_child=1 2 -1 4 7 6 -5 -4 -7
right_child=-2 -3 3 5 -6 8 -8 -9 -10
leaf_value=-0.32898568059617317 0.34105782673319346 -0.40400348128072477 0.20862284012489921 0.45859253877158618 -0.44918743786890869 0.04904166514658851 -0.072154787774907039 -0.088029255916770285 -0.2086984431009157
leaf_weight=17 24 14.999999999999998 19 22 18 31 14.999999999999998 52 21
leaf_count=17 24 15 19 22 18 31 15 52 21
internal_value=-0.0259569 -0.0680676 -0.042007 -0.0144015 -0.0980014 0.0691584 0.243675 -0.00839139 -0.0551505
internal_weight=234 210 195 178 89 89 37 71 52
internal_count=234 210 195 178 89 89 37 71 52
is_linear=0
shrinkage=0.05


Tree=148
num_leaves=7
num_cat=0
split_feature=50 30 84 26 26 102
split_gain=1654.85 780.109 605.147 537.884 865.231 385.597
threshold=17.650000000000002 5.5000000000000009 0.020000000000000021 15.200000000000001 20.400000000000002 46.400000000000013
decision_type=2 2 2 2 2 2
left_child=-1 2 3 -2 -5 -6
right_child=1 -3 -4 4 5 -7
leaf_value=0.47622313510557135 -0.26094985029934925 0.29720886496222576 -0.37989229257927826 0.29967730900380002 0.0076758806087015383 -0.16207651512159843
leaf_weight=15.999999999999998 26 14.999999999999998 14.999999999999998 19 85 55
leaf_count=16 26 15 15 19 85 55
internal_value=-0.0127022 -0.0493151 -0.0754649 -0.0505627 -0.0159859 -0.059045
internal_weight=231 215 200 185 159 140
internal_count=231 215 200 185 159 140
is_linear=0
shrinkage=0.05


Tree=149
num_leaves=7
num_cat=0
split_feature=84 14 33 107 112 113
split_gain=2155.23 1127.81 637.516 560.922 409.687 337.691
threshold=0.022499999999999982 11.450000000000001 -0.43166666666666703 49.500000000000007 5.5000000000000009 5.4333333333333362
decision_type=2 2 2 2 2 2
left_child=1 -1 -3 -4 5 -5
right_child=-2 2 3 4 -6 -7
leaf_value=0.34257730153530686 0.59414578899494475 -0.29523577480558377 0.24636608961729978 -0.066038554210746975 -0.26597065929304903 0.1268131210273484
leaf_weight=19 14.999999999999998 25 17 103 20 29
leaf_count=19 15 25 17 103 20 29
internal_value=0.0168915 -0.0239965 -0.0600818 -0.0251121 -0.0556497 -0.0235679
internal_weight=228 213 194 169 152 132
internal_count=228 213 194 169 152 132
is_linear=0
shrinkage=0.05


Tree=150
num_leaves=8
num_cat=0
split_feature=66 35 84 15 15 37 58
split_gain=1876.83 1152.51 720.155 605.844 471.851 405.319 388.375
threshold=6.0500000000000016 -10.041666666666666 0.020000000000000021 34.45000000000001 42.500000000000007 -0.48333333333333067 5.4250000000000007
decision_type=2 2 2 2 2 2 2
left_child=-1 -2 3 5 -5 -3 -6
right_child=1 2 -4 4 6 -7 -8
leaf_value=0.44913774753870161 0.38574287066396501 -0.40666728886017883 -0.39935507450672181 0.2326171857096366 0.049302190634949006 -0.078779415073461867 -0.13050162223379941
leaf_weight=22 14.999999999999998 15.999999999999998 14.999999999999998 20 69 23 53
leaf_count=22 15 16 15 20 69 23 53
internal_value=0.0107293 -0.0351489 -0.0675658 -0.0398365 0.00811225 -0.214121 -0.0288113
internal_weight=233 211 196 181 142 39 122
internal_count=233 211 196 181 142 39 122
is_linear=0
shrinkage=0.05


Tree=151
num_leaves=11
num_cat=0
split_feature=84 121 23 112 23 96 10 82 90 12
split_gain=1985 920.734 2707.51 703.547 604.511 414.392 357.177 337.738 249.85 245.055
threshold=0.022499999999999982 -0.070000000000000714 68.550000000000026 1.5000000000000002 55.300000000000004 59.350000000000001 5.7600000000000007 0.24750000000000008 38.750000000000007 63.250000000000007
decision_type=2 2 2 2 2 2 2 2 2 2
left_child=1 2 -1 -4 -3 8 -5 -8 -6 -10
right_child=-2 4 3 6 5 -7 7 -9 9 -11
leaf_value=0.65025245334891324 0.55607763847208902 -0.37270736610362543 0.27266281219507688 -0.26879048723710608 -0.20998831880803143 -0.3047609461755153 0.12430545026390112 -0.17797028915357518 -0.045905083738880692 0.14152830253203078
leaf_weight=18 15.999999999999998 18 14.999999999999998 22 14.999999999999998 14.999999999999998 20 17 57 25
leaf_count=18 16 18 15 22 15 15 20 17 57 25
internal_value=0.0199793 -0.0188689 0.102082 -0.0318868 -0.104516 -0.0610752 -0.10973 -0.0145486 -0.0230653 0.0112811
internal_weight=238 222 92 74 130 112 59 37 97 82
internal_count=238 222 92 74 130 112 59 37 97 82
is_linear=0
shrinkage=0.05


Tree=152
num_leaves=9
num_cat=0
split_feature=60 109 83 12 99 58 58 58
split_gain=2130.33 3912.49 954.929 816.56 457.359 385.288 381.041 215.109
threshold=58.45000000000001 0.0050000000000003384 5.5000000000000009 36.000000000000007 38.350000000000009 5.4250000000000007 5.1850000000000014 5.6400000000000015
decision_type=2 2 2 2 2 2 2 2
left_child=2 -2 3 -1 -5 6 -6 -7
right_child=1 -3 -4 4 5 7 -8 -9
leaf_value=0.30377954622233139 0.95192590406324862 -0.18691666895980077 -0.45005848735373544 -0.3140994613456447 -0.046848608483528099 -0.23558196521504901 0.16749137582647844 -0.017979136574498854
leaf_weight=15.999999999999998 15.000000000000002 14.999999999999998 14.999999999999998 17 72 31 29 18
leaf_count=16 15 15 15 17 72 31 29 18
internal_value=-0.00828716 0.383609 -0.0678543 -0.0362701 -0.0690419 -0.0410447 0.0147499 -0.155947
internal_weight=228 30 198 183 167 150 101 49
internal_count=228 30 198 183 167 150 101 49
is_linear=0
shrinkage=0.05


Tree=153
num_leaves=8
num_cat=0
split_feature=70 123 14 113 76 4 41
split_gain=1872.8 4374.19 978.848 921.201 385.788 435.372 358.448
threshold=0.050833333333332405 0.005833333333333344 11.450000000000001 12.383333333333338 19.516666666666662 11.500000000000002 -0.39000000000000007
decision_type=2 2 2 2 2 2 2
left_child=2 -2 -1 4 5 6 -4
right_child=1 -3 3 -5 -6 -7 -8
leaf_value=0.32966196474276094 0.99507246048541242 -0.19018083633102986 0.18968007063367359 -0.35402212459980453 -0.20698895520565422 -0.22609579186690484 -0.0074517942796221929
leaf_weight=17 15.000000000000002 15.999999999999998 31 24 24 17 89
leaf_count=17 15 16 31 24 24 17 89
internal_value=0.0233136 0.384524 -0.0322577 -0.0657024 -0.0224989 0.00991143 0.0435478
internal_weight=233 31 202 185 161 137 120
internal_count=233 31 202 185 161 137 120
is_linear=0
shrinkage=0.05


Tree=154
num_leaves=8
num_cat=0
split_feature=35 51 25 84 112 70 66
split_gain=2155.07 5004.99 1371.09 1093.76 437.422 324.351 275.5
threshold=-5.1333333333333302 57.95000000000001 21.250000000000004 0.020000000000000021 5.5000000000000009 0.044166666666666472 22.900000000000002
decision_type=2 2 2 2 2 2 2
left_child=1 -1 -2 4 5 6 -4
right_child=2 -3 3 -5 -6 -7 -8
leaf_value=1.0645412031783175 0.40618199512658537 -0.11693323304480557 0.095469488318644879 -0.49718180405383089 -0.27169014994814916 -0.20456700011452231 -0.054159088117676918
leaf_weight=14.999999999999998 14.999999999999998 22 52 14.999999999999998 20 21 75
leaf_count=15 15 22 52 15 20 21 75
internal_value=0.0137411 0.363486 -0.0517406 -0.0895039 -0.0528003 -0.0230233 0.00709373
internal_weight=235 37 198 183 168 148 127
internal_count=235 37 198 183 168 148 127
is_linear=0
shrinkage=0.05


Tree=155
num_leaves=11
num_cat=0
split_feature=88 53 110 10 51 91 70 95 95 115
split_gain=1630.23 5055.02 840.65 1398.16 906.34 447.128 357.216 349.96 754.938 152.194
threshold=6.3400000000000007 31.550000000000004 4.5000000000000009 4.5250000000000012 41.95000000000001 5.8850000000000007 0.052500000000000664 33.150000000000013 30.900000000000002 -1.2583333333333255
decision_type=2 2 2 2 2 2 2 2 2 2
left_child=2 -2 3 -1 -4 -6 7 8 -5 -9
right_child=1 -3 4 6 5 -7 -8 9 -10 -11
leaf_value=0.47360657400248068 0.99336273163464495 -0.15118149354497429 -0.50235301789657849 -0.023689442813528614 -0.25204458046235784 0.12667178015993988 -0.26331322978663924 -0.15838691690071696 0.38475025240948663 0.014142087872941696
leaf_weight=14.999999999999998 15.999999999999998 24 18 45 15.000000000000002 15.999999999999998 14.999999999999998 35 14.999999999999998 20
leaf_count=15 16 24 18 45 15 16 15 35 15 20
internal_value=0.017609 0.307847 -0.0423359 0.0181712 -0.221162 -0.0566385 -0.0346643 -0.00459418 0.0788076 -0.0956465
internal_weight=234 40 194 145 49 31 130 115 60 55
internal_count=234 40 194 145 49 31 130 115 60 55
is_linear=0
shrinkage=0.05


Tree=156
num_leaves=12
num_cat=0
split_feature=70 92 14 115 88 5 65 119 18 103 80
split_gain=1669.01 4649.95 1187.77 750.296 464.631 386.82 433.8 373.468 296.848 201.402 184.599
threshold=0.050833333333332405 36.800000000000004 11.450000000000001 11.924999999999999 6.3150000000000004 1.0000000180025095e-35 31.700000000000006 0.017500000000000075 46.95000000000001 21.550000000000001 -0.22500000000000006
decision_type=2 2 2 2 2 2 2 2 2 2 2
left_child=2 -2 -1 5 -5 8 -7 -8 9 -4 -10
right_child=1 -3 3 4 -6 6 7 -9 10 -11 -12
leaf_value=0.37352396804864046 -0.21039250616951544 0.97832229011106175 -0.12271656782323162 -0.50809153211827318 -0.13049047113452825 -0.11491920884343104 0.33979980347226868 0.02813431342089881 -0.033191255169199005 0.12783851126394075 -0.2409194548611879
leaf_weight=14.999999999999998 18 14.999999999999998 14.999999999999998 14.999999999999998 18 24 15.999999999999998 24 14.999999999999998 17 38
leaf_count=15 18 15 15 15 18 24 16 24 15 17 38
internal_value=0.00255443 0.331105 -0.0525966 -0.0879297 -0.303295 -0.0400264 0.0527186 0.153462 -0.109897 0.0102186 -0.182396
internal_weight=230 33 197 182 33 149 64 40 85 32 53
internal_count=230 33 197 182 33 149 64 40 85 32 53
is_linear=0
shrinkage=0.05


Tree=157
num_leaves=8
num_cat=0
split_feature=76 10 12 71 72 76 9
split_gain=2135.2 1069.94 936.957 251.877 362.51 275.328 194.942
threshold=-8.4666666666666597 4.3550000000000013 43.050000000000004 3.5000000000000004 -0.20583333333333328 4.2833333333333288 6.7750000000000012
decision_type=2 2 2 2 2 2 2
left_child=-1 -2 -3 4 -4 -5 -7
right_child=1 2 3 5 -6 6 -8
leaf_value=0.42384131177464418 -0.38740896087380783 0.34931333851483132 -0.07166696974174093 -0.21260545973518241 0.25443623476887345 -0.10291151041504631 0.032566275634904447
leaf_weight=28 20 17 18 27 15.999999999999998 52 54
leaf_count=28 20 17 18 27 16 52 54
internal_value=0.0152049 -0.0410381 -0.00317193 -0.0392712 0.0819429 -0.0703341 -0.0338818
internal_weight=232 204 184 167 34 133 106
internal_count=232 204 184 167 34 133 106
is_linear=0
shrinkage=0.05


Tree=158
num_leaves=8
num_cat=0
split_feature=84 67 37 109 103 100 103
split_gain=1413.02 778.948 1806.77 387.764 452.896 382.102 328.944
threshold=0.022499999999999982 4.4000000000000012 -7.5666666666666655 -0.057499999999999656 40.800000000000004 0.14500000000000005 31.900000000000002
decision_type=2 2 2 2 2 2 2
left_child=1 -1 -3 -4 6 -6 -5
right_child=-2 2 3 4 5 -7 -8
leaf_value=-0.31530164729303389 0.46666155476007404 0.46079229899306795 -0.26561135008321174 -0.011606591187209636 -0.34019164028546672 -0.050747998890115026 0.1825144553342341
leaf_weight=20 15.999999999999998 20 17 68 14.999999999999998 47 32
leaf_count=20 16 20 17 68 15 47 32
internal_value=0.0145548 -0.0186509 0.0112815 -0.0391445 -0.0151994 -0.12129 0.0505825
internal_weight=235 219 199 179 162 62 100
internal_count=235 219 199 179 162 62 100
is_linear=0
shrinkage=0.05


Tree=159
num_leaves=8
num_cat=0
split_feature=84 24 66 5 26 49 70
split_gain=1666.78 875.567 1432.21 705.89 555.1 784.214 400.635
threshold=0.022499999999999982 59.550000000000004 22.400000000000002 1.5000000000000002 14.550000000000002 4.1350000000000007 0.015000000000000126
decision_type=2 2 2 2 2 2 2
left_child=1 3 -3 4 -1 -6 -7
right_child=-2 2 -4 -5 5 6 -8
leaf_value=-0.34496704710252357 0.49737407403276457 0.53016981378845551 -0.11821483835495637 0.23974873429497348 -0.42296883215177933 0.033871394898692835 -0.14013054299683589
leaf_weight=23 14.999999999999998 15.999999999999998 18 14.999999999999998 14.999999999999998 75 59
leaf_count=23 15 16 18 15 15 75 59
internal_value=-0.0108511 -0.045578 0.187421 -0.0880456 -0.116784 -0.0813199 -0.0427515
internal_weight=236 221 34 187 172 149 134
internal_count=236 221 34 187 172 149 134
is_linear=0
shrinkage=0.05


Tree=160
num_leaves=9
num_cat=0
split_feature=66 35 84 15 53 105 53 113
split_gain=2283.1 1136.8 433.75 319.73 385.511 407.767 311.702 184.862
threshold=6.0500000000000016 -10.041666666666666 0.020000000000000021 34.45000000000001 46.95000000000001 10.600000000000001 45.95000000000001 -6.1250000000000009
decision_type=2 2 2 2 2 2 2 2
left_child=-1 -2 3 6 5 -5 -3 -6
right_child=1 2 -4 4 7 -7 -8 -9
leaf_value=0.54278902289560016 0.389576201338247 -0.31077268679104553 -0.31821010393022708 0.21596001369321921 -0.26632198363739928 -0.012856246378979015 -0.0058407622272309088 -0.055578582400669096
leaf_weight=19 14.999999999999998 19 14.999999999999998 27 14.999999999999998 69 14.999999999999998 34
leaf_count=19 15 19 15 27 15 69 15 34
internal_value=0.019502 -0.0282825 -0.060801 -0.0390368 -0.00659919 0.0516041 -0.176802 -0.120605
internal_weight=228 209 194 179 145 96 34 49
internal_count=228 209 194 179 145 96 34 49
is_linear=0
shrinkage=0.05


Tree=161
num_leaves=8
num_cat=0
split_feature=70 123 14 83 106 76 28
split_gain=1960.66 4162.72 813.641 740.223 493.129 216.445 314.019
threshold=0.050833333333332405 0.0050000000000000192 16.050000000000004 5.5000000000000009 17.050000000000001 19.516666666666662 11.950000000000001
decision_type=2 2 2 2 2 2 2
left_child=2 -2 -1 4 5 6 -4
right_child=1 -3 3 -5 -6 -7 -8
leaf_value=-0.36024384844692664 0.93137534071771499 -0.24314593279993302 0.12836405566080816 -0.38510667367881501 -0.2092523022955847 -0.13943693711118804 -0.036717697698786043
leaf_weight=24 15.000000000000002 14.999999999999998 58 14.999999999999998 28 18 57
leaf_count=24 15 15 58 15 28 18 57
internal_value=-0.0311263 0.345092 -0.0877282 -0.0503551 -0.0189164 0.0212439 0.0465367
internal_weight=230 30 200 176 161 133 115
internal_count=230 30 200 176 161 133 115
is_linear=0
shrinkage=0.05


Tree=162
num_leaves=9
num_cat=0
split_feature=35 121 25 76 54 70 75 108
split_gain=1468.01 5410.15 949.421 815.858 358.789 339.382 474.538 215.65
threshold=-4.7833333333333323 -0.034166666666666672 21.250000000000004 -9.4833333333333325 28.900000000000002 0.012499999999999735 4.5000000000000009 3.5000000000000004
decision_type=2 2 2 2 2 2 2 2
left_child=1 -1 -2 -4 -5 6 -6 -7
right_child=2 -3 3 4 5 7 -8 -9
leaf_value=1.0023745036273268 0.33964898992847931 -0.17214309564713703 -0.37338740518918972 -0.2674820755491194 0.20314208082404561 -0.024644583009732022 -0.044976472326932138 -0.21011925321294966
leaf_weight=15.999999999999998 14.999999999999998 25 20 14.999999999999998 33 42 46 25
leaf_count=16 15 25 20 15 33 42 46 25
internal_value=0.0156943 0.287407 -0.0412356 -0.0729984 -0.0354433 -0.0114028 0.0587306 -0.0941361
internal_weight=237 41 196 181 161 146 79 67
internal_count=237 41 196 181 161 146 79 67
is_linear=0
shrinkage=0.05


Tree=163
num_leaves=13
num_cat=0
split_feature=78 13 66 74 84 67 14 19 91 41 19 88
split_gain=1631.46 5798.36 753.887 602.518 476.252 942.242 396.696 345.039 228.161 221.303 306.714 270.155
threshold=1.0000000180025095e-35 5.6700000000000008 12.300000000000002 -6.1083333333333298 -0.0049999999999999897 8.6500000000000021 16.050000000000004 5.2550000000000008 5.9350000000000014 0.099999999999999659 5.2750000000000012 5.7250000000000005
decision_type=2 2 2 2 2 2 2 2 2 2 2 2
left_child=1 -1 7 -3 6 -6 -4 -2 -7 11 -11 -8
right_child=2 3 4 -5 5 8 9 -9 -10 10 -12 -13
leaf_value=0.95421514726824153 -0.094715182828587416 -0.35880140129304094 -0.3140618609345478 0.047374114800583234 0.40771247566792002 -0.11921362610760651 0.19240459893879139 -0.41644446054346745 0.1232745175527421 0.024432849328710426 -0.28427608813743416 -0.092930415699038621
leaf_weight=19 14.999999999999998 14.999999999999998 15.999999999999998 23 17 27 17 19 14.999999999999998 15.999999999999998 15.999999999999998 15.999999999999998
leaf_count=19 15 15 16 23 17 27 17 19 15 16 16 16
internal_value=0.0115291 0.243467 -0.064518 -0.113348 -0.0131213 0.0947993 -0.0918118 -0.275346 -0.0324048 -0.0366288 -0.130171 0.0540465
internal_weight=231 57 174 38 140 59 81 34 42 65 32 33
internal_count=231 57 174 38 140 59 81 34 42 65 32 33
is_linear=0
shrinkage=0.05


Tree=164
num_leaves=8
num_cat=0
split_feature=68 67 36 70 107 89 70
split_gain=2024.45 5528.67 629.208 560.67 420.459 328.873 348.758
threshold=55.500000000000007 9.3000000000000025 2.5000000000000004 -0.063333333333333894 49.500000000000007 21.350000000000005 0.057499999999999669
decision_type=2 2 2 2 2 2 2
left_child=2 -2 -1 -4 -5 -6 -7
right_child=1 -3 3 4 5 6 -8
leaf_value=-0.33636980164999986 1.0806665330533161 -0.09871481308694352 -0.30255587955123814 0.22545930048701357 -0.20934956406618094 0.035200495419297755 -0.22404300404700225
leaf_weight=20 14.999999999999998 29 18 17 23 92 14.999999999999998
leaf_count=20 15 29 18 17 23 92 15
internal_value=0.000311936 0.304772 -0.0721988 -0.0399635 -0.00759147 -0.0382556 -0.00127062
internal_weight=229 44 185 165 147 130 107
internal_count=229 44 185 165 147 130 107
is_linear=0
shrinkage=0.05


Tree=165
num_leaves=9
num_cat=0
split_feature=76 24 65 109 37 99 62 63
split_gain=1672.12 649.748 370.146 473.456 437.837 325.097 751.15 257.209
threshold=-8.4666666666666597 61.000000000000007 20.400000000000002 -0.051666666666665854 8.5083333333333275 52.550000000000004 75.350000000000009 45.650000000000006
decision_type=2 2 2 2 2 2 2 2
left_child=-1 2 4 -4 -2 6 -5 -7
right_child=1 -3 3 5 -6 7 -8 -9
leaf_value=0.37629754666200621 -0.38750003851645176 0.2267596692183978 -0.25789263238301452 0.34551205792664236 -0.028648510993572702 -0.23438015917988972 -0.015910095713328146 -0.00095718650692337205
leaf_weight=29 17 22 19 19 17 19 58 31
leaf_count=29 17 22 19 19 17 19 58 31
internal_value=0.0219309 -0.0290798 -0.0604854 -0.0257856 -0.208831 0.00907533 0.0735396 -0.0900485
internal_weight=231 202 180 146 34 127 77 50
internal_count=231 202 180 146 34 127 77 50
is_linear=0
shrinkage=0.05


Tree=166
num_leaves=10
num_cat=0
split_feature=82 10 27 45 14 33 122 33 95
split_gain=1355.21 5043.21 715.233 741.107 296.64 331.991 285.412 218.672 197.768
threshold=0.33000000000000057 5.6650000000000009 4.6500000000000012 0.011666666666666674 47.850000000000009 1.1375000000000006 2.5000000000000004 0.92249999999999999 34.250000000000007
decision_type=2 2 2 2 2 2 2 2 2
left_child=2 -2 -1 4 5 7 -3 -4 -6
right_child=1 6 3 -5 8 -7 -8 -9 -10
leaf_value=-0.39729249011601842 0.89830465246794633 -0.29025798728134461 -0.11917562754225092 0.22500533025502129 0.16062942606638808 -0.33142747390344279 -0.0049743714349529747 0.089096681053275312 -0.073047516861343906
leaf_weight=14.999999999999998 18 14.999999999999998 76 23 18 15.999999999999998 21 14.999999999999998 18
leaf_count=15 18 15 76 23 18 16 21 15 18
internal_value=-0.00216797 0.217402 -0.0677866 -0.0377606 -0.0801863 -0.121941 -0.124456 -0.08473 0.0437738
internal_weight=235 54 181 166 143 107 36 91 36
internal_count=235 54 181 166 143 107 36 91 36
is_linear=0
shrinkage=0.05


Tree=167
num_leaves=7
num_cat=0
split_feature=76 10 11 70 80 84
split_gain=2674.76 652.938 748.848 304.708 223.744 212.284
threshold=-8.4666666666666597 4.3550000000000013 26.500000000000004 0.052500000000000664 0.61166666666666647 1.0000000180025095e-35
decision_type=2 2 2 2 2 2
left_child=-1 -2 -3 4 5 -4
right_child=1 2 3 -5 -6 -7
leaf_value=0.52374463964298179 -0.29417894356582891 0.33168591237771583 0.092647160230122164 -0.20802933206012597 -0.14262798165991195 -0.040240818891176311
leaf_weight=25 20 15.999999999999998 61 20 23 59
leaf_count=25 20 16 61 20 23 59
internal_value=0.0373474 -0.023965 0.00634593 -0.0257424 -8.52361e-05 0.0272898
internal_weight=224 199 179 163 143 120
internal_count=224 199 179 163 143 120
is_linear=0
shrinkage=0.05


Tree=168
num_leaves=9
num_cat=0
split_feature=35 51 80 109 27 27 74 24
split_gain=895.81 831.685 664.356 257.611 279.563 262.383 321.466 155.197
threshold=-10.041666666666666 43.95000000000001 0.56083333333333318 -0.057499999999999656 8.5000000000000018 20.300000000000004 2.2500000000000004 44.600000000000001
decision_type=2 2 2 2 2 2 2 2
left_child=-1 2 -2 -3 -5 7 -7 -6
right_child=1 3 -4 4 5 6 -8 -9
leaf_value=0.30279712211667448 -0.11952714209715683 -0.20421469531006578 -0.54057203349688199 0.18583887791947315 -0.057895173282839378 -0.099971986725459427 0.091657045614391114 -0.25208844344438236
leaf_weight=17 25 18 14.999999999999998 17 29 35 58 15.999999999999998
leaf_count=17 25 18 15 17 29 35 58 16
internal_value=-0.0453737 -0.0733145 -0.278498 -0.0257109 -0.00483089 -0.028473 0.019455 -0.127458
internal_weight=230 213 40 173 155 138 93 45
internal_count=230 213 40 173 155 138 93 45
is_linear=0
shrinkage=0.05


Tree=169
num_leaves=10
num_cat=0
split_feature=84 17 10 11 63 67 11 123 82
split_gain=1472.05 761.855 1769.08 850.309 334.962 248.198 194.059 189.291 188.412
threshold=0.022499999999999982 35.250000000000007 4.5250000000000012 21.300000000000004 23.900000000000002 10.250000000000002 30.250000000000004 -0.0025000000000000018 0.19250000000000037
decision_type=2 2 2 2 2 2 2 2 2
left_child=1 3 -3 -1 -5 -6 -4 -8 -7
right_child=-2 2 6 4 5 8 7 -9 -10
leaf_value=-0.46572120364829406 0.45776728524924803 0.57028394289166728 -0.18606283143656144 -0.28667981382829466 0.095468004872658163 -0.026408021647297209 -0.068721451565520883 0.12071827565980647 -0.1962667221226633
leaf_weight=14.999999999999998 15.999999999999998 14.999999999999998 14.999999999999998 14.999999999999998 27 51 28.999999999999996 24.000000000000004 24
leaf_count=15 16 15 15 15 27 51 29 24 24
internal_value=-0.00336323 -0.0379 0.080701 -0.112517 -0.0668331 -0.0342047 -0.0279006 0.0170342 -0.0810183
internal_weight=231 215 83 132 117 102 68 53 75
internal_count=231 215 83 132 117 102 68 53 75
is_linear=0
shrinkage=0.05


Tree=170
num_leaves=9
num_cat=0
split_feature=57 81 101 66 117 108 37 41
split_gain=1305.71 1006.46 2558.2 585.216 902.768 379.353 606.948 262.854
threshold=39.800000000000004 5.5000000000000009 77.950000000000003 11.4 0.29083333333333311 5.5000000000000009 -5.0666666666666726 -0.4683333333333341
decision_type=2 2 2 2 2 2 2 2
left_child=-1 3 -3 4 -2 6 -5 -8
right_child=1 2 -4 5 -6 -7 7 -9
leaf_value=0.3728944506715326 0.035723451480565487 -0.16618539525716791 0.65681518830402552 -0.33808888346162624 -0.47113011500564234 0.14601442241322451 0.16170355629476701 -0.058787738000497886
leaf_weight=22 14.999999999999998 21 17 18 21 24 15.999999999999998 84
leaf_count=22 15 21 17 18 21 24 16 84
internal_value=0.00681853 -0.0305991 0.202625 -0.0805025 -0.260289 -0.0347367 -0.0716345 -0.0233329
internal_weight=238 216 38 178 36 142 118 100
internal_count=238 216 38 178 36 142 118 100
is_linear=0
shrinkage=0.05


Tree=171
num_leaves=11
num_cat=0
split_feature=60 10 65 121 28 107 24 105 90 82
split_gain=1265.94 3999.19 616.63 597.434 1182.93 559.693 401.058 366.972 191.675 187.003
threshold=55.650000000000013 5.6100000000000003 21.250000000000004 -0.070000000000000714 8.5000000000000018 53.500000000000007 32.45000000000001 14.250000000000002 66.700000000000017 0.073333333333333264
decision_type=2 2 2 2 2 2 2 2 2 2
left_child=2 -2 5 4 -4 -1 -5 -6 9 -8
right_child=1 -3 3 6 7 -7 8 -9 -10 -11
leaf_value=-0.087128601585768184 0.81607708168622528 -0.13061366152415163 0.46743853597613105 -0.28932417876901428 0.14647175631183662 -0.4706083661278353 0.072692215892360024 -0.17967634820819495 -0.18416881996744908 -0.12167285726873914
leaf_weight=26 18 29 17 19 14.999999999999998 14.999999999999998 39 20 15.999999999999998 18
leaf_count=26 18 29 17 19 15 15 39 20 16 18
internal_value=0.00134468 0.232805 -0.0575259 -0.00872863 0.126553 -0.228351 -0.085301 -0.0397371 -0.0318075 0.0111206
internal_weight=232 47 185 144 52 41 92 35 73 57
internal_count=232 47 185 144 52 41 92 35 73 57
is_linear=0
shrinkage=0.05


Tree=172
num_leaves=8
num_cat=0
split_feature=17 62 45 123 10 29 56
split_gain=1457.89 965.929 505.254 1451.17 642.721 331.821 296.894
threshold=23.000000000000004 40.800000000000004 0.011666666666666674 0.0016666666666666637 4.4650000000000007 57.500000000000007 44.95000000000001
decision_type=2 2 2 2 2 2 2
left_child=-1 -2 4 -4 -3 6 -6
right_child=1 2 3 -5 5 -7 -8
leaf_value=0.33998977323889218 -0.45078530452266241 -0.36331174821484813 -0.20631612797101206 0.48693367827017586 -0.041894526092534488 0.17475037057668169 -0.2607372556931406
leaf_weight=23 15.999999999999998 18 15.000000000000002 14.999999999999998 109 14.999999999999998 18
leaf_count=23 16 18 15 15 109 15 18
internal_value=-0.03666 -0.0788819 -0.0473168 0.140609 -0.0826499 -0.0468072 -0.0731317
internal_weight=229 206 190 30 160 142 127
internal_count=229 206 190 30 160 142 127
is_linear=0
shrinkage=0.05


Tree=173
num_leaves=8
num_cat=0
split_feature=76 113 26 107 65 37 102
split_gain=1920.69 617.589 453.596 508.677 280.984 287.092 239.018
threshold=-8.4666666666666597 -13.666666666666668 15.200000000000001 50.500000000000007 37.150000000000006 -1.2666666666666619 46.400000000000013
decision_type=2 2 2 2 2 2 2
left_child=-1 -2 -3 -4 5 -5 -6
right_child=1 2 3 4 6 -7 -8
leaf_value=0.42036032905162923 0.2794699792040895 -0.25540435087260371 0.20610562883564648 -0.32139949171699045 0.098368430644117322 -0.074814825419830117 -0.085288658836051773
leaf_weight=27 14.999999999999998 24 21 14.999999999999998 38 55 33
leaf_count=27 15 24 21 15 38 55 33
internal_value=0.0252069 -0.0280312 -0.0529934 -0.0228366 -0.0570918 -0.128109 0.0129365
internal_weight=228 201 186 162 141 70 71
internal_count=228 201 186 162 141 70 71
is_linear=0
shrinkage=0.05


Tree=174
num_leaves=12
num_cat=0
split_feature=64 93 102 50 76 26 24 96 33 38 56
split_gain=1100.79 4397.09 1000.67 620.356 381.41 347.423 341.274 274.264 208.171 206.421 137.865
threshold=29.000000000000004 59.500000000000007 26.050000000000004 29.750000000000004 18.899999999999999 24.050000000000004 39.050000000000004 54.350000000000001 0.66583333333333272 5.5000000000000009 32.600000000000009
decision_type=2 2 2 2 2 2 2 2 2 2 2
left_child=1 2 -1 -2 5 -5 -6 -4 10 -10 -7
right_child=3 -3 7 4 6 8 -8 -9 9 -11 -12
leaf_value=0.26608258965759646 -0.35937451768365708 0.89746318653873769 -0.30587783729860574 0.18002814550988408 -0.33715278832187434 0.0017390245050762808 -0.028777370340537026 -0.035412319727808415 0.19704670820454631 -0.06025301904867815 -0.14907524015682225
leaf_weight=18 15.999999999999998 15.999999999999998 21 24 17 26 19 17 15.999999999999998 15.000000000000002 36
leaf_count=18 16 16 21 24 17 26 19 17 16 15 36
internal_value=0.00561954 0.169219 -0.0399907 -0.0641089 -0.0329842 0.0108034 -0.175068 -0.185422 -0.0329602 0.0725926 -0.0858491
internal_weight=241 72 56 169 153 117 36 38 93 31 62
internal_count=241 72 56 169 153 117 36 38 93 31 62
is_linear=0
shrinkage=0.05


Tree=175
num_leaves=9
num_cat=0
split_feature=70 93 84 14 25 38 31 27
split_gain=1512.54 3376.56 980.046 770.608 581.411 349.592 301.531 195.197
threshold=0.050833333333332405 56.45000000000001 0.019166666666666669 11.450000000000001 30.200000000000003 4.5000000000000009 -0.064999999999999933 13.450000000000001
decision_type=2 2 2 2 2 2 2 2
left_child=2 -2 3 -1 5 -5 -6 -8
right_child=1 -3 -4 4 6 -7 7 -9
leaf_value=0.29773854624410595 -0.19542504169555919 0.8458109522497419 -0.43958263800751346 -0.33806891681134021 0.17242602292467787 -0.040572728133349688 -0.17950380701589361 -0.0097043891110685718
leaf_weight=15.999999999999998 16.000000000000004 14.999999999999998 15.999999999999998 26 19 15.999999999999998 21 86
leaf_count=16 16 15 16 26 19 16 21 86
internal_value=-0.0150361 0.309338 -0.0654685 -0.0326886 -0.064346 -0.225221 -0.0105451 -0.0432127
internal_weight=231 31 200 184 168 42 126 107
internal_count=231 31 200 184 168 42 126 107
is_linear=0
shrinkage=0.05


Tree=176
num_leaves=9
num_cat=0
split_feature=19 83 14 24 28 120 67 37
split_gain=1017.63 821.254 596.161 710.337 340.364 551.403 231.806 173.544
threshold=6.0150000000000015 5.5000000000000009 11.450000000000001 32.45000000000001 8.0000000000000018 3.5000000000000004 7.8500000000000005 7.799999999999998
decision_type=2 2 2 2 2 2 2 2
left_child=1 2 -1 6 5 -5 -4 -6
right_child=-2 -3 3 4 7 -7 -8 -9
leaf_value=0.24704068650527555 0.34469564074312736 -0.37838524899430037 -0.39473783109361765 0.35867406564043058 -0.13366675744805875 -0.011600089079369344 -0.14508309154752716 0.0025041478561526314
leaf_weight=18 17 18 14.999999999999998 14.999999999999998 40 30 25 56
leaf_count=18 17 18 15 15 40 30 25 56
internal_value=-0.0266463 -0.055906 -0.0265366 -0.0538921 -0.00104705 0.112235 -0.239579 -0.0542618
internal_weight=234 217 199 181 141 45 40 96
internal_count=234 217 199 181 141 45 40 96
is_linear=0
shrinkage=0.05


Tree=177
num_leaves=9
num_cat=0
split_feature=84 35 63 104 91 9 109 0
split_gain=1423.17 790.733 356.13 268.286 286.155 267.313 178.196 200.007
threshold=0.022499999999999982 -10.041666666666666 18.750000000000004 35.850000000000009 6.455000000000001 6.8050000000000006 -0.057499999999999656 1815.5000000000002
decision_type=2 2 2 2 2 2 2 2
left_child=1 -1 -3 6 5 -5 -4 -8
right_child=-2 2 3 4 -6 -7 7 -9
leaf_value=0.31681208665797256 0.45530971947664062 -0.2766703472499959 -0.2354667921891864 0.024658678450401393 -0.099742622617014207 0.29355068848227828 -0.13389098913727168 0.0036826924729267893
leaf_weight=14.999999999999998 15.999999999999998 17 15.999999999999998 24 21 14.999999999999998 47 60
leaf_count=15 16 17 16 24 21 15 47 60
internal_value=0.00185917 -0.0320587 -0.0583943 -0.0379499 0.0486243 0.128693 -0.0802271 -0.0567688
internal_weight=231 215 200 183 60 39 123 107
internal_count=231 215 200 183 60 39 123 107
is_linear=0
shrinkage=0.05


Tree=178
num_leaves=12
num_cat=0
split_feature=68 67 25 111 86 65 16 103 56 94 121
split_gain=1392.19 4076.98 458.553 641.691 311.845 195.445 267.013 244.933 227.126 193.564 155.082
threshold=55.500000000000007 8.6500000000000021 25.500000000000004 1.1333333333333329 1.0000000180025095e-35 33.850000000000001 4.9450000000000012 37.150000000000006 39.650000000000013 5.3650000000000011 0.040000000000000931
decision_type=2 2 2 2 2 2 2 2 2 2 2
left_child=2 -2 4 5 -1 6 -4 -8 10 -3 -7
right_child=1 9 3 -5 -6 8 7 -9 -10 -11 -12
leaf_value=-0.09068450995825772 0.90963522495812921 0.060283019102138014 0.0073819604567923946 0.26974399046639341 -0.41385768006574236 -0.15794546417229116 -0.11908478497924557 -0.37534554379665308 0.11862500966658983 -0.17232783765564511 0.0017327737997305716
leaf_weight=15 14.999999999999998 15.999999999999998 20 14.999999999999998 15 28 25 14.999999999999998 21 20 33
leaf_count=15 15 16 20 15 15 28 25 15 21 20 33
internal_value=-0.0112746 0.220005 -0.0744615 -0.040122 -0.253275 -0.0730563 -0.14157 -0.216004 -0.0227518 -0.0689261 -0.0716189
internal_weight=238 51 187 157 30 142 60 40 82 36 61
internal_count=238 51 187 157 30 142 60 40 82 36 61
is_linear=0
shrinkage=0.05


Tree=179
num_leaves=9
num_cat=0
split_feature=88 81 110 78 15 15 33 92
split_gain=1269.57 4558.77 631.218 433.941 232.511 281.443 231.434 299.211
threshold=6.3400000000000007 4.5000000000000009 4.5000000000000009 0.43333333333333296 23.750000000000004 35.800000000000004 1.1891666666666665 22.400000000000002
decision_type=2 2 2 2 2 2 2 2
left_child=2 -2 4 -4 -1 -6 7 -7
right_child=1 -3 3 -5 5 6 -8 -9
leaf_value=-0.21684709783914868 -0.1785270898378101 0.91312776565650433 -0.40333480187670684 -0.10369601619199634 0.1861339690244716 0.14281506039706834 -0.19596708903762061 -0.058740419831380321
leaf_weight=14.999999999999998 26 14.999999999999998 22 27 15.999999999999998 25 19 69
leaf_count=15 26 15 22 27 16 25 19 69
internal_value=-0.0303293 0.221987 -0.0840434 -0.238877 -0.031193 -0.00941533 -0.037288 -0.0049873
internal_weight=234 41 193 49 144 129 113 94
internal_count=234 41 193 49 144 129 113 94
is_linear=0
shrinkage=0.05


Tree=180
num_leaves=10
num_cat=0
split_feature=78 39 101 71 109 80 4 62 101
split_gain=1329.8 4629.33 412.617 377.074 373.434 199.5 262.045 179.295 189.2
threshold=-0.17083333333333336 0.75000000000000011 78.550000000000011 2.5000000000000004 -0.051666666666665854 -0.33833333333333288 6.5000000000000009 90.000000000000014 65.700000000000017
decision_type=2 2 2 2 2 2 2 2 2
left_child=1 -1 -3 -2 -5 6 -6 8 -7
right_child=3 2 -4 4 5 7 -8 -9 -10
leaf_value=0.91124305710289044 -0.27698228997641833 0.038693242540675632 -0.31533885513315141 -0.27124013914481593 0.23741984895819068 -0.129503525610382 -0.052513486010410032 -0.20986295327636767 0.025376419728905641
leaf_weight=15.999999999999998 21 18 14.999999999999998 17 15.000000000000002 30 15.999999999999998 15.999999999999998 57
leaf_count=16 21 18 15 17 15 30 16 16 57
internal_value=-0.0134151 0.216084 -0.122546 -0.0789124 -0.051168 -0.0230297 0.0879284 -0.0565262 -0.0280604
internal_weight=221 49 33 172 151 134 31 103 87
internal_count=221 49 33 172 151 134 31 103 87
is_linear=0
shrinkage=0.05


Tree=181
num_leaves=8
num_cat=0
split_feature=66 51 12 114 4 80 50
split_gain=1372.9 508.828 761.838 279.981 274.024 162.136 237.218
threshold=6.0500000000000016 43.95000000000001 38.550000000000004 4.5000000000000009 11.500000000000002 0.61166666666666647 41.050000000000004
decision_type=2 2 2 2 2 2 2
left_child=-1 3 -3 -2 5 6 -4
right_child=1 2 4 -5 -6 -7 -8
leaf_value=0.37839178732044287 -0.060624016120733808 0.32518105336597986 -0.077520839653459753 -0.35753585396454346 -0.20350208170888548 -0.12277463526960991 0.070736458311671205
leaf_weight=22 14.999999999999998 15.999999999999998 43 17 21 26 72
leaf_count=22 15 16 43 17 21 26 72
internal_value=0.00350808 -0.0359031 -0.00282957 -0.219137 -0.0354371 -0.0102443 0.0152385
internal_weight=232 210 178 32 162 141 115
internal_count=232 210 178 32 162 141 115
is_linear=0
shrinkage=0.05


Tree=182
num_leaves=11
num_cat=0
split_feature=82 101 5 51 68 66 118 117 67 121
split_gain=1144.88 3880.8 513.293 550.026 415.868 281.498 220.854 205.871 322.124 288.626
threshold=0.33000000000000057 77.950000000000003 1.5000000000000002 43.95000000000001 51.500000000000007 21.550000000000001 3.5000000000000004 -0.26166666666666666 16.650000000000002 1.0000000180025095e-35
decision_type=2 2 2 2 2 2 2 2 2 2
left_child=2 6 3 -1 5 -5 -2 9 -9 -6
right_child=1 -3 -4 4 7 -7 -8 8 -10 -11
leaf_value=-0.30007308339659788 -0.20203222442047758 0.81191917118199608 0.22197345562556886 -0.32352072171743407 0.27729451289240092 -0.039548610107243413 0.045317987365680823 -0.13775116565895854 0.067897044218209621 -0.027065311268157102
leaf_weight=23 19 18 15.999999999999998 18 15.000000000000002 17 17 37 39 15.999999999999998
leaf_count=23 19 18 16 18 15 17 17 37 39 16
internal_value=0.0127926 0.214637 -0.0474838 -0.0737619 -0.0368853 -0.186239 -0.0852875 0.0120504 -0.0322049 0.120463
internal_weight=235 54 181 165 142 35 36 107 76 31
internal_count=235 54 181 165 142 35 36 107 76 31
is_linear=0
shrinkage=0.05


Tree=183
num_leaves=9
num_cat=0
split_feature=84 14 25 80 76 78 94 27
split_gain=1181.27 543.8 408.22 273.292 247.561 241.196 563.702 108.222
threshold=0.022499999999999982 11.450000000000001 30.200000000000003 0.078333333333333602 -3.2833333333333345 0.1808333333333341 5.285000000000001 20.300000000000004
decision_type=2 2 2 2 2 2 2 2
left_child=1 -1 3 -3 -4 6 -6 -7
right_child=-2 2 4 -5 5 7 -8 -9
leaf_value=0.23673467476394294 0.41775387014661514 -0.061891561395831123 -0.14323875444401676 -0.28778723898859493 0.3378411375291166 -0.083634137627329797 -0.081460228799194692 0.027635560777536445
leaf_weight=18 15.999999999999998 29 27 25 17 37 14.999999999999998 53
leaf_count=18 16 29 27 25 17 37 15 53
internal_value=0.00424343 -0.0258468 -0.0492596 -0.166904 -0.00650647 0.0238055 0.141496 -0.0180952
internal_weight=237 221 203 54 149 122 32 90
internal_count=237 221 203 54 149 122 32 90
is_linear=0
shrinkage=0.05


Tree=184
num_leaves=13
num_cat=0
split_feature=0 78 88 67 26 10 66 65 78 97 98 12
split_gain=1274.02 3752.25 637.869 381.224 327.518 337.541 366.299 223.064 181.414 176.908 269.626 126.555
threshold=2093.5000000000005 -0.13833333333333339 4.3050000000000006 6.8500000000000005 16.400000000000002 6.0250000000000012 19.500000000000004 40.350000000000009 0.97750000000000015 4.955000000000001 37.45000000000001 67.950000000000003
decision_type=2 2 2 2 2 2 2 2 2 2 2 2
left_child=3 -2 -3 -1 -5 6 -6 9 -8 -4 -11 -7
right_child=1 2 7 4 5 11 8 -9 -10 10 -12 -13
leaf_value=-0.30348214362910136 0.76508723299228709 0.26364815742332742 -0.0039899500000555787 -0.27383474207812952 0.2439854241602602 -0.23711309067863784 -0.14240708500927032 0.070770268836376812 0.08538257157580452 -0.35562404664406855 -0.060051833167178742 -0.055953199886032749
leaf_weight=20 19 15.999999999999998 14.999999999999998 15.999999999999998 17 18 19 15.999999999999998 15.999999999999998 16.000000000000004 14.999999999999998 21
leaf_count=20 19 16 15 16 17 18 19 16 16 16 15 21
internal_value=0.000582194 0.136969 -0.0167534 -0.103574 -0.0659128 -0.0290398 0.0542579 -0.0895037 -0.0381856 -0.145392 -0.213419 -0.140086
internal_weight=224 97 78 127 107 91 52 62 35 46 31 39
internal_count=224 97 78 127 107 91 52 62 35 46 31 39
is_linear=0
shrinkage=0.05


Tree=185
num_leaves=8
num_cat=0
split_feature=84 26 49 91 26 20 45
split_gain=1170.68 366.624 466.81 339.752 402.408 248.919 91.5234
threshold=0.022499999999999982 15.200000000000001 4.1350000000000007 6.455000000000001 20.400000000000002 28.700000000000006 -1.0000000180025095e-35
decision_type=2 2 2 2 2 2 2
left_child=1 -1 -3 4 -4 -6 -5
right_child=-2 2 3 6 5 -7 -8
leaf_value=-0.220638616432563 0.3934231219824797 -0.28050095507447026 0.28073089760265607 -0.22105076236334462 0.12768064697072437 -0.037348124744915751 -0.05627960764438087
leaf_weight=27 15.999999999999998 15.999999999999998 14.999999999999998 17 31 86 17
leaf_count=27 16 16 15 17 31 86 17
internal_value=-0.0173895 -0.0490363 -0.0234442 0.00145624 0.0378064 0.00640644 -0.139218
internal_weight=225 209 182 166 132 117 34
internal_count=225 209 182 166 132 117 34
is_linear=0
shrinkage=0.05


Tree=186
num_leaves=12
num_cat=0
split_feature=33 84 84 95 95 56 115 64 113 119 17
split_gain=1426.17 4673.28 921.853 364.647 311.788 216.301 157.629 130.079 148.92 82.3798 61.2598
threshold=-0.32083333333333325 -0.0091666666666666546 0.020000000000000021 33.150000000000013 30.900000000000002 39.150000000000006 -0.20833333333333923 30.200000000000003 -5.8166666666666638 0.35500000000000093 32.050000000000004
decision_type=2 2 2 2 2 2 2 2 2 2 2
left_child=1 -1 3 4 7 6 9 -2 -9 -5 -8
right_child=2 -3 -4 5 -6 -7 10 8 -10 -11 -12
leaf_value=-0.24732128837345782 -0.13579972373402635 0.90937107956927743 -0.40356621476950238 -0.050718089496556498 0.20135046743598337 -0.23519849804529236 -0.053324373571706413 0.15867892201767853 -0.029879678004691674 -0.21223205334958975 0.073437365748692501
leaf_weight=19 15.999999999999998 15.999999999999998 18 14.999999999999998 23 22 18 14.999999999999998 34 17 20
leaf_count=19 16 16 18 15 23 22 18 15 34 17 20
internal_value=-0.0113364 0.282394 -0.0634001 -0.0291505 0.0435525 -0.0987185 -0.0554792 -0.0124304 0.0279461 -0.137072 0.0132787
internal_weight=233 35 198 180 88 92 70 65 49 32 38
internal_count=233 35 198 180 88 92 70 65 49 32 38
is_linear=0
shrinkage=0.05


Tree=187
num_leaves=10
num_cat=0
split_feature=82 64 102 45 14 109 66 109 35
split_gain=1541.75 4302.02 525.908 385.869 303.692 346.059 243.676 184.29 136.032
threshold=0.33000000000000057 28.250000000000004 63.400000000000013 0.011666666666666674 16.050000000000004 -0.010000000000000229 12.300000000000002 -0.034166666666666227 5.1833333333333345
decision_type=2 2 2 2 2 2 2 2 2
left_child=2 -2 3 4 -1 7 -7 -6 -3
right_child=1 8 -4 -5 5 6 -8 -9 -10
leaf_value=-0.25074415607017708 0.90513117409240429 -0.16407486029092777 -0.32474201665901992 0.14348406102102304 -0.01679596028655593 -0.24291017373038837 -0.039537814617179874 0.21211147605137934 0.03911494703482319
leaf_weight=18 17 18 15.999999999999998 28 17 19 65 18 14.999999999999998
leaf_count=18 17 18 16 28 17 19 65 18 15
internal_value=0.0159551 0.26145 -0.0519404 -0.0252759 -0.059883 -0.030785 -0.0858323 0.101054 -0.0717257
internal_weight=231 50 181 165 137 119 84 35 33
internal_count=231 50 181 165 137 119 84 35 33
is_linear=0
shrinkage=0.05


Tree=188
num_leaves=7
num_cat=0
split_feature=19 62 14 10 4 99
split_gain=1054.88 861.148 482.396 627.604 262.172 241.094
threshold=6.0150000000000015 40.800000000000004 11.450000000000001 4.3550000000000013 11.500000000000002 52.550000000000004
decision_type=2 2 2 2 2 2
left_child=1 -1 -3 -4 5 -5
right_child=-2 2 3 4 -6 -7
leaf_value=-0.38788239377283912 0.3848714920809333 0.21418698508644579 -0.35257483444466503 0.057791549161360867 -0.19452484584315707 -0.076794958196005139
leaf_weight=17 14.999999999999998 20 14.999999999999998 89 18 53
leaf_count=17 15 20 15 89 18 53
internal_value=-0.0188879 -0.0476473 -0.0177766 -0.0444224 -0.0152997 0.00750468
internal_weight=227 212 195 175 160 142
internal_count=227 212 195 175 160 142
is_linear=0
shrinkage=0.05


Tree=189
num_leaves=8
num_cat=0
split_feature=37 99 25 84 91 70 66
split_gain=1433.21 3207.22 944.998 859.583 269.141 151.713 188.905
threshold=-5.6250000000000027 50.650000000000013 21.250000000000004 0.020000000000000021 7.0400000000000009 0.061666666666666543 24.050000000000004
decision_type=2 2 2 2 2 2 2
left_child=1 -1 -2 4 5 6 -4
right_child=2 -3 3 -5 -6 -7 -8
leaf_value=0.85066796491872376 0.34391533763992871 -0.16420583110418377 0.064462879391981698 -0.41657626192021813 -0.22269896272330258 -0.15892214154975015 -0.052174555977090448
leaf_weight=15.000000000000002 14.999999999999998 15.999999999999998 66 15.999999999999998 17 15.999999999999998 73
leaf_count=15 15 16 66 16 17 16 73
internal_value=0.0117593 0.327858 -0.0366249 -0.0671804 -0.0344263 -0.0136145 0.00317783
internal_weight=234 31 203 188 172 155 139
internal_count=234 31 203 188 172 155 139
is_linear=0
shrinkage=0.05


Tree=190
num_leaves=10
num_cat=0
split_feature=68 67 66 45 27 121 103 84 11
split_gain=1302.17 3649.01 449.405 298.044 384.182 323.589 232.059 154.938 142.047
threshold=55.500000000000007 9.3000000000000025 5.7000000000000002 0.011666666666666674 13.9 0.10583333333333302 18.750000000000004 1.0000000180025095e-35 47.900000000000006
decision_type=2 2 2 2 2 2 2 2 2
left_child=2 -2 -1 4 5 -4 -6 -3 -8
right_child=1 7 3 -5 6 -7 8 -9 -10
leaf_value=-0.30882208311224579 0.87988055056294068 0.040419592104919091 -0.3415959624914911 0.1345678799338155 -0.16506285593284306 -0.036143687737654452 0.065126331335272028 -0.1764274386380682 -0.074187219845152447
leaf_weight=15.999999999999998 14.999999999999998 18 19 23 20 15.999999999999998 61 14.999999999999998 26
leaf_count=16 15 18 19 23 20 16 61 15 26
internal_value=0.00477517 0.236044 -0.0566248 -0.0319667 -0.0590516 -0.202604 -0.0119032 -0.0582314 0.0233976
internal_weight=229 48 181 165 142 35 107 33 87
internal_count=229 48 181 165 142 35 107 33 87
is_linear=0
shrinkage=0.05


Tree=191
num_leaves=8
num_cat=0
split_feature=70 93 83 35 96 15 5
split_gain=1037.76 3034.18 773.238 662.116 318.051 228.59 133.209
threshold=0.050833333333332405 53.400000000000006 5.5000000000000009 -10.041666666666666 60.100000000000009 25.550000000000004 1.0000000180025095e-35
decision_type=2 2 2 2 2 2 2
left_child=2 -2 3 -1 5 -5 -7
right_child=1 -3 -4 4 -6 6 -8
leaf_value=0.30642638309112452 -0.22634224690348895 0.77632138042260479 -0.38300938627232389 -0.18842006307422071 -0.23711189177319492 -0.036041023334245519 0.062395763756508765
leaf_weight=14.999999999999998 15.000000000000002 14.999999999999998 14.999999999999998 17 18 82 59
leaf_count=15 15 15 15 17 18 82 59
internal_value=0.00147478 0.275737 -0.0385565 -0.0112928 -0.0385581 -0.0157708 0.00512843
internal_weight=236 30 206 191 176 158 141
internal_count=236 30 206 191 176 158 141
is_linear=0
shrinkage=0.05


Tree=192
num_leaves=11
num_cat=0
split_feature=84 16 76 33 91 95 95 65 16 68
split_gain=1117.35 489.003 917.766 607.621 244.116 185.144 256.211 166.68 134.285 133.481
threshold=0.022499999999999982 5.6250000000000009 7.1499999999999995 -0.50749999999999995 6.9250000000000016 33.150000000000013 30.900000000000002 36.350000000000001 5.8450000000000006 54.500000000000007
decision_type=2 2 2 2 2 2 2 2 2 2
left_child=1 3 -3 -1 5 6 -5 -4 -9 -7
right_child=-2 2 7 4 -6 9 -8 8 -10 -11
leaf_value=-0.38150483061935736 0.41196629077393498 0.41080801339808454 -0.15755144759364748 -0.020976478421436975 -0.23765790890408867 -0.030260674393543508 0.21693216558323791 0.14713735353473004 -0.06365385610141501 -0.17955424328903102
leaf_weight=14.999999999999998 14.999999999999998 15.999999999999998 15.999999999999998 45 14.999999999999998 43 14.999999999999998 15.000000000000002 14.999999999999998 23
leaf_count=15 15 16 16 45 15 43 15 15 15 23
internal_value=-0.0039594 -0.0327768 0.0858781 -0.0799914 -0.0476324 -0.0248002 0.0386795 -0.0276785 0.0417143 -0.0825558
internal_weight=233 218 62 156 141 126 60 46 30 66
internal_count=233 218 62 156 141 126 60 46 30 66
is_linear=0
shrinkage=0.05


Tree=193
num_leaves=11
num_cat=0
split_feature=0 64 76 80 74 14 26 66 12 83
split_gain=1113.41 846.719 265.002 375.323 388.224 365.355 300.157 290.969 158.874 117.109
threshold=3675.0000000000005 8.0000000000000018 18.899999999999999 0.067499999999999907 2.2500000000000004 40.750000000000007 20.400000000000002 26.200000000000006 62.750000000000007 3.5000000000000004
decision_type=2 2 2 2 2 2 2 2 2 2
left_child=1 -1 3 6 8 -6 -3 -4 -5 -8
right_child=-2 2 7 4 5 -7 9 -9 -10 -11
leaf_value=0.3429340835438659 0.39079420892573191 0.23919013095659447 -0.32594820198065011 -0.32710233902709085 -0.09715609021099951 0.20973529422914747 -0.040682266130499599 -0.042860992274013174 -0.12087912495002084 0.10914091023163019
leaf_weight=14.999999999999998 18 18 15.999999999999998 15.999999999999998 27 14.999999999999998 41 21 23 19
leaf_count=15 18 18 16 16 27 15 41 21 23 19
internal_value=0.0144341 -0.0178187 -0.0456136 -0.0174902 -0.0928432 0.0125671 0.0607156 -0.16596 -0.206232 0.0067812
internal_weight=229 211 196 159 81 42 78 37 39 60
internal_count=229 211 196 159 81 42 78 37 39 60
is_linear=0
shrinkage=0.05


Tree=194
num_leaves=9
num_cat=0
split_feature=33 64 83 99 103 105 66 12
split_gain=1263.93 3006.23 442.301 223.485 232.217 275.541 177.734 128.699
threshold=-0.32083333333333325 38.300000000000004 5.5000000000000009 38.350000000000009 21.550000000000001 10.600000000000001 19.500000000000004 54.70000000000001
decision_type=2 2 2 2 2 2 2 2
left_child=1 -1 3 -2 7 -6 -7 -5
right_child=2 -3 -4 4 5 6 -8 -9
leaf_value=0.80330378535567526 -0.1803357732733844 -0.15250561718124053 -0.28621322201019489 -0.0072696847525256418 0.17813597108194937 0.074809899990718187 -0.062352808820452667 -0.18888773729145786
leaf_weight=14.999999999999998 21 18 18 17 24 38 62 23
leaf_count=15 21 18 18 17 24 38 62 23
internal_value=-0.00356799 0.282916 -0.0502803 -0.0271555 -0.00741251 0.0263596 -0.0101584 -0.112035
internal_weight=236 33 203 185 164 124 100 40
internal_count=236 33 203 185 164 124 100 40
is_linear=0
shrinkage=0.05


Tree=195
num_leaves=11
num_cat=0
split_feature=88 90 110 10 97 41 71 26 19 41
split_gain=854.968 3369.86 634.564 627.078 562.785 235.561 232.064 183.733 178.002 92.463
threshold=6.3400000000000007 69.550000000000026 4.5000000000000009 4.5250000000000012 5.0750000000000011 0.099999999999999659 3.5000000000000004 26.650000000000002 5.1750000000000007 0.43166666666666714
decision_type=2 2 2 2 2 2 2 2 2 2
left_child=2 -2 3 -1 -4 6 -5 -8 -7 -10
right_child=1 -3 4 5 -6 8 7 -9 9 -11
leaf_value=0.30412280844605488 0.80264068170888536 -0.14278040893405558 0.02528567924137004 0.17547579997807594 -0.33640623480798454 -0.0048493723651680219 0.11149937003356976 -0.079655684432844182 -0.27535650040830995 -0.098355628616663804
leaf_weight=15.999999999999998 14.999999999999998 25 17 20 29 24 18 41 15.000000000000002 14.999999999999998
leaf_count=16 15 25 17 20 29 24 18 41 15 15
internal_value=0.00245367 0.212745 -0.0407444 0.00937497 -0.202864 -0.0262477 0.028715 -0.0211626 -0.106653 -0.187643
internal_weight=235 40 195 149 46 133 79 59 54 30
internal_count=235 40 195 149 46 133 79 59 54 30
is_linear=0
shrinkage=0.05


Tree=196
num_leaves=12
num_cat=0
split_feature=88 90 110 10 66 13 41 25 28 115 16
split_gain=980.462 2989.55 528.065 740.843 463.149 324.977 195.356 276.762 328.068 144.818 118.983
threshold=6.3400000000000007 69.550000000000026 4.5000000000000009 4.5650000000000004 11.4 4.6850000000000014 0.099999999999999659 34.750000000000007 11.950000000000001 1.0083333333333331 5.6250000000000009
decision_type=2 2 2 2 2 2 2 2 2 2 2
left_child=2 -2 3 -1 -4 -6 7 -5 -9 10 -8
right_child=1 -3 4 6 5 -7 9 8 -10 -11 -12
leaf_value=0.32484993378383031 0.78214566661723417 -0.12275765918808067 -0.40537103500841937 -0.11596774991408761 -0.24075644525471113 0.082108775907626691 -0.25713331542517009 0.23049865230176245 -0.031278893340136359 0.020232641761717587 -0.080281943608732781
leaf_weight=15.999999999999998 14.999999999999998 23 15.999999999999998 25 15.000000000000002 15.999999999999998 17 22 26 15.999999999999998 22
leaf_count=16 15 23 16 25 15 16 17 22 26 16 22
internal_value=0.0038028 0.235425 -0.042352 0.00514552 -0.187685 -0.0742274 -0.0350009 0.0185616 0.0888283 -0.106088 -0.157959
internal_weight=229 38 191 144 47 31 128 73 48 55 39
internal_count=229 38 191 144 47 31 128 73 48 55 39
is_linear=0
shrinkage=0.05


Tree=197
num_leaves=10
num_cat=0
split_feature=68 67 66 89 74 26 123 25 88
split_gain=905.805 3341 394.494 270.932 514.339 308.776 261.994 147.374 144.434
threshold=55.500000000000007 7.8500000000000005 5.7000000000000002 48.050000000000004 -2.9333333333333313 16.400000000000002 0.0024999999999999888 36.500000000000007 6.6350000000000007
decision_type=2 2 2 2 2 2 2 2 2
left_child=2 -2 -1 4 -4 -6 -7 -3 -5
right_child=1 7 3 8 5 6 -8 -9 -10
leaf_value=-0.28911306365329476 0.80626316026149214 0.011411136981122982 0.2097057474970323 -0.27497828172532135 -0.24046502177826842 -0.076627218915172018 0.092075958840177441 -0.20251203468821433 -0.054963025805965952
leaf_weight=15.999999999999998 14.999999999999998 15.999999999999998 24 15.000000000000002 17 58 38 15.999999999999998 14.999999999999998
leaf_count=16 15 16 24 15 17 58 38 16 15
internal_value=-0.00237278 0.19316 -0.052697 -0.029857 0 -0.0447029 -0.00977052 -0.0956924 -0.165685
internal_weight=230 47 183 167 137 113 96 32 30
internal_count=230 47 183 167 137 113 96 32 30
is_linear=0
shrinkage=0.05


Tree=198
num_leaves=8
num_cat=0
split_feature=35 101 25 71 54 91 78
split_gain=956.76 3743.57 611.659 585.785 214.836 183.79 261.838
threshold=-4.7833333333333323 77.950000000000003 21.250000000000004 1.5000000000000002 28.900000000000002 6.455000000000001 -0.093333333333333254
decision_type=2 2 2 2 2 2 2
left_child=1 -1 -2 -4 -5 6 -6
right_child=2 -3 3 4 5 -7 -8
leaf_value=-0.1491987404610606 0.27222207257715331 0.85503507254904276 -0.35716231234421009 -0.20481343560892606 0.20948928188014504 -0.1272337830840905 -0.013423524893437278
leaf_weight=24 14.999999999999998 14.999999999999998 14.999999999999998 15.999999999999998 14.999999999999998 28 103
leaf_count=24 15 15 15 16 15 28 103
internal_value=0.0126538 0.238116 -0.0332173 -0.0592693 -0.0314525 -0.0122926 0.0150239
internal_weight=231 39 192 177 162 146 118
internal_count=231 39 192 177 162 146 118
is_linear=0
shrinkage=0.05


Tree=199
num_leaves=11
num_cat=0
split_feature=82 0 84 27 10 45 66 12 61 99
split_gain=910.644 3409.05 417.013 477.012 335.923 286.982 586.306 211.532 131.051 135.74
threshold=0.33000000000000057 2751.0000000000005 0.019166666666666669 11.750000000000002 4.5650000000000004 0.005833333333333344 23.650000000000002 58.850000000000009 0.14500000000000005 52.250000000000007
decision_type=2 2 2 2 2 2 2 2 2 2
left_child=2 7 3 4 -1 8 -7 -2 -5 -10
right_child=1 -3 -4 5 -6 6 -8 -9 9 -11
leaf_value=-0.35670716003601594 0.070754298062352394 0.82331889531519653 -0.29163133346516151 -0.14706368643934553 -0.041732964763489873 0.37676052530080284 -0.035625442495541788 -0.16340381984527297 0.062078771534908976 -0.074415137546827478
leaf_weight=15.999999999999998 17 14.999999999999998 15.999999999999998 18 18 14.999999999999998 20 22 42 32
leaf_count=16 17 15 16 18 18 15 20 22 42 32
internal_value=0.00585514 0.185412 -0.0489704 -0.024658 -0.190714 0.0198737 0.141539 -0.0612871 -0.026461 0.00296613
internal_weight=231 54 177 161 34 127 35 39 92 74
internal_count=231 54 177 161 34 127 35 39 92 74
is_linear=0
shrinkage=0.05


end of trees

feature_importances:
pos2_3連率_レース内差=75
pos2_展示_レース内差=61
pos2_当地勝率_レース内差=57
pos1_2連率_レース内差=54
pos2_平均スタートタイミング_レース内差=45
pos2_5コース複勝率=40
pos1_3コース複勝率=37
pos1_勝率_レース内差=37
pos1_3連率_レース内差=37
pos3_2連率_レース内差=37
pos1_モーター勝率_レース内差=35
pos1_4コース複勝率=34
pos2_6コース複勝率=33
pos3_勝率_レース内差=32
pos2_3連率=29
開催経過日=28
pos1_3連率=28
pos2_1コース複勝率=28
pos2_勝率_レース内差=28
pos3_3連率_レース内差=27
pos1_2連率=25
pos1_5コース複勝率=24
pos1_6コース複勝率=24
pos2_ボート3連率=24
pos3_展示_レース内差=24
pos3_ボート勝率_レース内差=24
pos1_当地2連率=23
pos2_3コース複勝率=23
pos2_モーター勝率_レース内差=23
pos1_平均スタートタイミング_レース内差=22
pos1_当地勝率_レース内差=21
レース=19
pos2_2連率_レース内差=19
pos2_4コース複勝率=18
pos3_3コース複勝率=18
pos3_当地勝率_レース内差=18
pos1_勝率=17
pos1_1コース複勝率=17
pos2_モーター2連率=17
pos2_ボート勝率_レース内差=17
pos3_勝率=17
pos3_4コース複勝率=17
pos1_2コース複勝率=15
pos2_2連率=15
pos3_当地勝率=15
pos2_体重=14
pos2_平均スタートタイミング_レース内順位=14
pos3_1コース複勝率=14
pos3_2連率=13
pos3_モーター3連率=13
pos3_ボート2連率=13
pos3_ボート3連率=13
pos3_5コース複勝率=13
pos1_当地3連率=12
pos1_ボート2連率=12
pos3_勝率_レース内順位=12
pos3_平均スタートタイミング_レース内差=12
pos1_ボート3連率=11
pos1_体重=11
pos2_当地2連率=11
pos2_勝率_レース内順位=11
pos3_当地3連率=11
pos3_ボート勝率=11
pos3_6コース複勝率=11
pos1_モーター勝率=10
pos1_ボート勝率=10
pos2_勝率=10
pos2_当地勝率=10
pos3_展示_レース内順位=10
pos1_モーター3連率=9
pos1_展示_レース内差=9
pos2_展示=9
pos2_ボート勝率=9
pos3_モーター2連率=9
pos1_モーター2連率=8
pos1_ボート勝率_レース内差=8
pos2_当地3連率=8
pos2_モーター3連率=8
pos2_当地勝率_レース内順位=8
pos3_体重=8
pos3_2連率_レース内順位=8
pos3_平均スタートタイミング_レース内順位=8
pos1_展示=7
pos1_当地勝率=7
pos1_勝率_レース内順位=7
pos2_ボート2連率=7
pos2_展示_レース内順位=7
風向=6
pos1_2連率_レース内順位=6
pos1_平均スタートタイミング_レース内順位=6
pos2_2コース複勝率=6
pos2_ボート勝率_レース内順位=6
pos3_3連率=6
pos3_当地2連率=6
pos3_平均スタートタイミング=6
pos3_2コース複勝率=6
日目=5
天気=5
pos1_当地勝率_レース内順位=5
pos1_3連率_レース内順位=4
pos2_3連率_レース内順位=4
pos3_展示=4
pos3_モーター勝率_レース内差=4
風速=3
pos2_2連率_レース内順位=3
pos3_モーター勝率=3
pos3_3連率_レース内順位=3
pos1_平均スタートタイミング=2
pos2_級=2
pos2_モーター勝率=2
pos2_平均スタートタイミング=2
pos2_モーター勝率_レース内順位=2
pos3_級=2
pos3_モーター勝率_レース内順位=2
pos1_級=1
pos1_展示_レース内順位=1
pos1_モーター勝率_レース内順位=1
pos3_当地勝率_レース内順位=1
pos3_ボート勝率_レース内順位=1

parameters:
[boosting: gbdt]
[objective: regression]
[metric: rmse]
[tree_learner: serial]
[device_type: cpu]
[data_sample_strategy: bagging]
[data: ]
[valid: ]
[num_iterations: 200]
[learning_rate: 0.05]
[num_leaves: 31]
[num_threads: 0]
[seed: 42]
[deterministic: 0]
[force_col_wise: 0]
[force_row_wise: 0]
[histogram_pool_size: -1]
[max_depth: 6]
[min_data_in_leaf: 15]
[min_sum_hessian_in_leaf: 0.001]
[bagging_fraction: 0.9]
[pos_bagging_fraction: 1]
[neg_bagging_fraction: 1]
[bagging_freq: 1]
[bagging_seed: 400]
[bagging_by_query: 0]
[feature_fraction: 0.9]
[feature_fraction_bynode: 1]
[feature_fraction_seed: 30056]
[extra_trees: 0]
[extra_seed: 12879]
[early_stopping_round: 0]
[early_stopping_min_delta: 0]
[first_metric_only: 0]
[max_delta_step: 0]
[lambda_l1: 0.1]
[lambda_l2: 0.1]
[linear_lambda: 0]
[min_gain_to_split: 0]
[drop_rate: 0.1]
[max_drop: 50]
[skip_drop: 0.5]
[xgboost_dart_mode: 0]
[uniform_drop: 0]
[drop_seed: 17869]
[top_rate: 0.2]
[other_rate: 0.1]
[min_data_per_group: 100]
[max_cat_threshold: 32]
[cat_l2: 10]
[cat_smooth: 10]
[max_cat_to_onehot: 4]
[top_k: 20]
[monotone_constraints: ]
[monotone_constraints_method: basic]
[monotone_penalty: 0]
[feature_contri: ]
[forcedsplits_filename: ]
[refit_decay_rate: 0.9]
[cegb_tradeoff: 1]
[cegb_penalty_split: 0]
[cegb_penalty_feature_lazy: ]
[cegb_penalty_feature_coupled: ]
[path_smooth: 0]
[interaction_constraints: ]
[verbosity: -1]
[saved_feature_importance_type: 0]
[use_quantized_grad: 0]
[num_grad_quant_bins: 4]
[quant_train_renew_leaf: 0]
[stochastic_rounding: 1]
[linear_tree: 0]
[max_bin: 255]
[max_bin_by_feature: ]
[min_data_in_bin: 3]
[bin_construct_sample_cnt: 200000]
[data_random_seed: 175]
[is_enable_sparse: 1]
[enable_bundle: 1]
[use_missing: 1]
[zero_as_missing: 0]
[feature_pre_filter: 0]
[pre_partition: 0]
[two_round: 0]
[header: 0]
[label_column: ]
[weight_column: ]
[group_column: ]
[ignore_column: ]
[categorical_feature: ]
[forcedbins_filename: ]
[precise_float_parser: 0]
[parser_config_file: ]
[objective_seed: 16083]
[num_class: 1]
[is_unbalance: 0]
[scale_pos_weight: 1]
[sigmoid: 1]
[boost_from_average: 1]
[reg_sqrt: 0]
[alpha: 0.9]
[fair_c: 1]
[poisson_max_delta_step: 0.7]
[tweedie_variance_power: 1.5]
[lambdarank_truncation_level: 30]
[lambdarank_norm: 1]
[label_gain: ]
[lambdarank_position_bias_regularization: 0]
[eval_at: ]
[multi_error_top_k: 1]
[auc_mu_weights: ]
[num_machines: 1]
[local_listen_port: 12400]
[time_out: 120]
[machine_list_filename: ]
[machines: ]
[gpu_platform_id: -1]
[gpu_device_id: -1]
[gpu_use_dp: 0]
[num_gpu: 1]

end of parameters

pandas_categorical:[]
