tree
version=v4
num_class=1
num_tree_per_iteration=1
label_index=0
max_feature_idx=123
objective=regression
feature_names=開催経過日 風速 波高 日目 レース 天気 風向 pos1_艇 pos1_級 pos1_展示 pos1_勝率 pos1_2連率 pos1_3連率 pos1_当地勝率 pos1_当地2連率 pos1_当地3連率 pos1_モーター勝率 pos1_モーター2連率 pos1_モーター3連率 pos1_ボート勝率 pos1_ボート2連率 pos1_ボート3連率 pos1_平均スタートタイミング pos1_1コース複勝率 pos1_2コース複勝率 pos1_3コース複勝率 pos1_4コース複勝率 pos1_5コース複勝率 pos1_6コース複勝率 pos1_体重 pos1_展示_レース内順位 pos1_展示_レース内差 pos1_勝率_レース内順位 pos1_勝率_レース内差 pos1_2連率_レース内順位 pos1_2連率_レース内差 pos1_3連率_レース内順位 pos1_3連率_レース内差 pos1_当地勝率_レース内順位 pos1_当地勝率_レース内差 pos1_モーター勝率_レース内順位 pos1_モーター勝率_レース内差 pos1_ボート勝率_レース内順位 pos1_ボート勝率_レース内差 pos1_平均スタートタイミング_レース内順位 pos1_平均スタートタイミング_レース内差 pos2_艇 pos2_級 pos2_展示 pos2_勝率 pos2_2連率 pos2_3連率 pos2_当地勝率 pos2_当地2連率 pos2_当地3連率 pos2_モーター勝率 pos2_モーター2連率 pos2_モーター3連率 pos2_ボート勝率 pos2_ボート2連率 pos2_ボート3連率 pos2_平均スタートタイミング pos2_1コース複勝率 pos2_2コース複勝率 pos2_3コース複勝率 pos2_4コース複勝率 pos2_5コース複勝率 pos2_6コース複勝率 pos2_体重 pos2_展示_レース内順位 pos2_展示_レース内差 pos2_勝率_レース内順位 pos2_勝率_レース内差 pos2_2連率_レース内順位 pos2_2連率_レース内差 pos2_3連率_レース内順位 pos2_3連率_レース内差 pos2_当地勝率_レース内順位 pos2_当地勝率_レース内差 pos2_モーター勝率_レース内順位 pos2_モーター勝率_レース内差 pos2_ボート勝率_レース内順位 pos2_ボート勝率_レース内差 pos2_平均スタートタイミング_レース内順位 pos2_平均スタートタイミング_レース内差 pos3_艇 pos3_級 pos3_展示 pos3_勝率 pos3_2連率 pos3_3連率 pos3_当地勝率 pos3_当地2連率 pos3_当地3連率 pos3_モーター勝率 pos3_モーター2連率 pos3_モーター3連率 pos3_ボート勝率 pos3_ボート2連率 pos3_ボート3連率 pos3_平均スタートタイミング pos3_1コース複勝率 pos3_2コース複勝率 pos3_3コース複勝率 pos3_4コース複勝率 pos3_5コース複勝率 pos3_6コース複勝率 pos3_体重 pos3_展示_レース内順位 pos3_展示_レース内差 pos3_勝率_レース内順位 pos3_勝率_レース内差 pos3_2連率_レース内順位 pos3_2連率_レース内差 pos3_3連率_レース内順位 pos3_3連率_レース内差 pos3_当地勝率_レース内順位 pos3_当地勝率_レース内差 pos3_モーター勝率_レース内順位 pos3_モーター勝率_レース内差 pos3_ボート勝率_レース内順位 pos3_ボート勝率_レース内差 pos3_平均スタートタイミング_レース内順位 pos3_平均スタートタイミング_レース内差
feature_infos=[2:4011] [0:9] [0:9] [1:7] [1:12] [0:2] [0:8] [1:1] [0:3] [6.4699999999999998:7.04] [3.1099999999999999:7.8600000000000003] [7.7999999999999998:72.400000000000006] [20:84.700000000000003] [0:8.7799999999999994] [0:77.799999999999997] [0:100] [0:8] [0:85.700000000000003] [0:85.700000000000003] [0:8] [0:70] [0:100] [0.11:0.20999999999999999] [25:100] [0:82.599999999999994] [0:91.299999999999997] [0:100] [0:54.5] [0:100] [43:63] [1:6] [-0.168333333333333:0.10833333333333428] [1:6] [-1.6483333333333343:2.9316666666666666] [1:6] [-23.133333333333333:35.700000000000003] [1:6] [-31.066666666666674:37.566666666666663] [1:6] [-6.0649999999999986:3.9433333333333334] [1:6] [-4.7149999999999999:4.6166666666666671] [1:6] [-5.1183333333333332:4.4116666666666671] [1:6] [-0.054999999999999993:0.043333333333333335] [6:6] [0:3] [6.5300000000000002:6.9900000000000002] [1.6000000000000001:8.0899999999999999] [0:75] [0:88.799999999999997] [0:9.7799999999999994] [0:87.5] [0:100] [0:7.4800000000000004] [0:64.5] [0:83.900000000000006] [0:8.0600000000000005] [0:70.599999999999994] [0:100] [0.11:0.25] [0:100] [0:84.200000000000003] [0:75] [0:100] [0:73.599999999999994] [0:66.599999999999994] [43:62] [1:6] [-0.17833333333333279:0.18833333333333346] [1:6] [-2.916666666666667:2.9683333333333328] [1:6] [-33.916666666666664:37.11666666666666] [1:6] [-42.133333333333347:40.749999999999993] [1:6] [-4.7416666666666663:3.878333333333333] [1:6] [-2.5366666666666666:2.833333333333333] [1:6] [-3.5516666666666663:3.3333333333333335] [1:6] [-0.071666666666666656:0.061666666666666647] [2:2] [0:4] [6.5700000000000003:7.0999999999999996] [1.45:8.1799999999999997] [0:77.400000000000006] [1.8:86.5] [0:8.9299999999999997] [0:87.5] [0:100] [0:9] [0:100] [0:100] [0:9] [0:85.700000000000003] [0:100] [0.11:0.25] [0:100] [0:76.400000000000006] [0:68.700000000000003] [0:77.299999999999997] [0:58.299999999999997] [0:60] [43:63] [1:6] [-0.17499999999999982:0.12333333333333307] [1:6] [-2.663333333333334:2.2416666666666663] [1:6] [-25.600000000000001:29.066666666666656] [1:6] [-35.650000000000006:29.483333333333334] [1:6] [-6.0499999999999998:3.8483333333333336] [1:6] [-4.1749999999999998:4.416666666666667] [1:6] [-5.2283333333333344:3.3383333333333334] [1:6] [-0.063333333333333325:0.053333333333333316]
tree_sizes=1244 1238 1073 1340 1154 1148 1388 1144 1463 1308 1256 1182 1208 1425 1329 1181 1437 1354 1468 1107 1279 1237 1340 1242 1263 1277 838 1113 1301 1019 1018 1199 1098 1210 1153 1075 1197 1249 870 778 1023 1051 981 1021 1246 1183 1571 1033 1245 1095 1038 912 1101 1407 1000 1003 1332 1214 796 1212 1171 1360 1022 978 766 1264 1010 766 1036 751 1262 845 826 862 909 1183 883 989 779 848 864 1325 717 954 753 783 835 896 976 787 929 1038 1199 1232 855 721 1089 844 1233 1112 1414 997 854 927 1102 987 929 916 1092 940 774 771 1093 866 912 769 1158 826 1138 1073 805 849 980 1252 1026 790 1113 912 967 852 1149 735 843 912 992 925 912 972 1178 755 979 880 1147 1146 946 1106 1052 1482 771 862 901 990 913 1225 889 854 772 828 1108 876 848 1062 1142 1015 786 788 883 849 867 1266 950 929 870 1096 1244 916 1024 1059 856 1248 931 851 800 1050 848 1235 1199 1086 867 758 836 1048 1205 1045 1279 947 912 775 945 1160

Tree=0
num_leaves=13
num_cat=0
split_feature=76 26 74 115 33 119 88 49 117 114 72 78
split_gain=337372 130792 71759.8 43450 33325 28551.4 19382 16187.1 12167.7 6972.91 4684.19 3342.83
threshold=-5.7750000000000012 30.200000000000003 2.0666666666666669 -3.8333333333333353 -0.34666666666666707 0.035833333333333613 3.7900000000000005 6.2700000000000005 0.89166666666666627 2.5000000000000004 0.63333333333333253 1.4333333333333338
decision_type=2 2 2 2 2 2 2 2 2 2 2 2
left_child=1 -1 3 -2 7 -3 -6 -4 -5 11 -11 -8
right_child=2 5 4 8 6 -7 9 -9 -10 10 -12 -13
leaf_value=66.753903251716594 61.752281973328763 59.856988507943754 60.476419621654657 58.075509610052826 59.229068625356156 62.775426354735856 58.36098837456538 58.309993368964889 59.900703219754924 57.718274305487697 56.897644950517353 57.42897804472846
leaf_weight=14.999999999999998 20 19 14.999999999999998 21 14.999999999999998 14.999999999999998 20 20 15.999999999999998 24 71 19
leaf_count=15 20 19 15 21 15 15 20 20 16 24 71 19
internal_value=59.1012 62.8789 58.3318 59.8809 57.8518 61.1517 57.5258 59.2396 58.865 57.3351 57.1033 57.9037
internal_weight=290 49 241 57 184 34 149 35 37 134 95 39
internal_count=290 49 241 57 184 34 149 35 37 134 95 39
is_linear=0
shrinkage=1


Tree=1
num_leaves=12
num_cat=0
split_feature=76 74 111 33 111 119 114 36 35 63 72
split_gain=314327 89270.4 46876.4 40709.6 23556.7 23351.6 7925.07 7452.56 6999.62 5485.16 3208.66
threshold=-13.55833333333333 2.0666666666666669 -0.37749999999999989 -0.39416666666666694 -1.1258333333333335 0.26666666666666666 2.5000000000000004 4.5000000000000009 4.8666666666666663 31.250000000000004 0.55083333333333362
decision_type=2 2 2 2 2 2 2 2 2 2 2
left_child=-1 2 -2 -3 -5 8 7 -6 -4 -10 -8
right_child=1 3 5 4 6 -7 10 -9 9 -11 -12
leaf_value=5.197321171778829 3.3871328953875612 0.58656395643027781 0.55762022704071146 0.43586866871410657 -0.45454256144952981 1.9810810117532087 -1.2276161371180729 -1.7433432548833647 -0.056243278806572705 -1.4069325794447336 -2.0159439198043771
leaf_weight=26 14.999999999999998 29 15.999999999999998 14.999999999999998 23 14.999999999999998 15.999999999999998 22 15.000000000000002 14.999999999999998 84
leaf_count=26 15 29 16 15 23 15 16 22 15 15 84
internal_value=-0.0380758 -0.553523 0.892822 -1.13531 -1.44761 0.274845 -1.64265 -1.0872 -0.284518 -0.734185 -1.89121
internal_weight=291 265 76 189 160 61 145 45 46 30 100
internal_count=291 265 76 189 160 61 145 45 46 30 100
is_linear=0
shrinkage=0.05


Tree=2
num_leaves=11
num_cat=0
split_feature=76 74 111 88 95 33 72 74 111 114
split_gain=331699 106668 32048.4 25556.4 25019.2 19576.9 8080.06 6846.89 4660.21 790.199
threshold=-13.55833333333333 2.0666666666666669 -0.40499999999999975 3.7900000000000005 36.20000000000001 -0.37583333333333385 -0.42749999999999994 13.458333333333336 -0.23916666666666717 3.5000000000000004
decision_type=2 2 2 2 2 2 2 2 2 2
left_child=-1 2 -2 -3 6 -5 -4 8 -7 -9
right_child=1 3 4 5 -6 7 -8 9 -10 -11
leaf_value=5.2244559250056106 3.0455520001997858 0.84091491146592912 0.63245588984164902 -0.068519791941471203 2.0006765012124283 -0.7461931848281641 -0.74443433077008891 -1.6859408906881244 -1.5223682222168775 -2.0864890196191985
leaf_weight=28 15.999999999999998 14.999999999999998 19 27 20 31 24 24 53 38
leaf_count=28 16 15 19 27 20 31 24 24 53 38
internal_value=0.0571108 -0.486517 1.05425 -1.13421 0.544416 -1.30588 -0.135869 -1.53447 -1.23721 -1.93448
internal_weight=295 267 79 188 63 173 43 146 84 62
internal_count=295 267 79 188 63 173 43 146 84 62
is_linear=0
shrinkage=0.05


Tree=3
num_leaves=14
num_cat=0
split_feature=76 74 15 111 24 96 33 76 114 74 67 120 33
split_gain=236962 74509.5 42960.7 22511.3 22045.9 13830.1 9481.75 8895.71 3289.93 4842.2 1823.04 707.745 10.274
threshold=-13.55833333333333 10.308333333333328 34.050000000000004 0.071666666666667225 51.95000000000001 51.150000000000013 -0.39416666666666694 -3.908333333333331 2.5000000000000004 14.933333333333334 10.650000000000002 2.5000000000000004 0.9199999999999996
decision_type=2 2 2 2 2 2 2 2 2 2 2 2 2
left_child=-1 2 -2 4 5 -4 -3 -5 9 -8 -9 -10 -13
right_child=1 6 3 7 -6 -7 8 10 11 -11 -12 12 -14
leaf_value=4.3758610972399206 2.010987474073783 -0.36174141252818315 2.2499319272805312 0.1505180459938302 -0.67636668044007164 0.26185408154426265 -0.59189131173077014 -1.6882084923501339 -1.6620567546999323 -1.8291001805087974 -1.0039309327452823 -1.9276460380036367 -2.1451487022533748
leaf_weight=27 27 15.999999999999998 18 14.999999999999998 24 17 14.999999999999998 15.999999999999998 27 17 27 22 17
leaf_count=27 27 16 18 15 24 17 15 16 27 17 27 22 17
internal_value=-0.0719333 -0.538935 0.217106 -0.198188 0.489019 1.28793 -1.49333 -0.896968 -1.67747 -1.25296 -1.26199 -1.88101 -2.02783
internal_weight=285 258 144 117 59 35 114 58 98 32 43 66 39
internal_count=285 258 144 117 59 35 114 58 98 32 43 66 39
is_linear=0
shrinkage=0.05


Tree=4
num_leaves=12
num_cat=0
split_feature=51 74 95 33 74 90 113 72 121 80 0
split_gain=272809 97830.8 43511.7 35405.3 16320.9 16519.5 15887.2 9929.29 2356.71 1966.12 872.014
threshold=22.250000000000004 2.0666666666666669 36.20000000000001 -0.39416666666666694 11.225000000000001 37.850000000000001 -1.7666666666666655 -0.42749999999999994 -1.0000000180025095e-35 0.57333333333333292 3003.5000000000005
decision_type=2 2 2 2 2 2 2 2 2 2 2
left_child=-1 2 6 -3 5 -5 -2 -8 -7 10 -6
right_child=1 3 -4 4 9 8 7 -9 -10 -11 -12
leaf_value=6.6041174792296049 1.5825539159511335 0.71491770863093129 2.7282407264427948 0.69933876524194638 -1.6251103618398408 -1.4910801420384401 0.52250677129539713 -0.96294688396685491 -0.78756188404955985 -1.1332253771112455 -1.9929379441730466
leaf_weight=14.999999999999998 18 27 27 17 46 22 24 21 27 14.999999999999998 31
leaf_count=15 18 27 27 17 46 22 24 21 27 15 31
internal_value=0.0606634 -0.298505 1.05282 -0.956145 -1.24201 -0.640501 0.331513 -0.171192 -1.10592 -1.67231 -1.77565
internal_weight=290 275 90 185 158 66 63 45 49 92 77
internal_count=290 275 90 185 158 66 63 45 49 92 77
is_linear=0
shrinkage=0.05


Tree=5
num_leaves=12
num_cat=0
split_feature=76 74 33 119 33 49 74 88 103 114 33
split_gain=234260 59053.3 33369.4 35049.1 29829 21730.6 10310.5 13000.9 3287.44 1652.31 292.802
threshold=-13.55833333333333 2.0666666666666669 0.94583333333333341 -0.2133333333333329 -0.34666666666666707 6.1250000000000009 11.941666666666668 4.4150000000000009 36.150000000000006 2.5000000000000004 0.9199999999999996
decision_type=2 2 2 2 2 2 2 2 2 2 2
left_child=-1 2 3 -2 5 -3 7 -6 -9 -8 -11
right_child=1 4 -4 -5 6 -7 9 8 -10 10 -12
leaf_value=4.5073173296634268 0.20102222513878482 1.8068488263235185 -0.73018517992048881 2.8489451828091967 0.46600656376121946 -0.65423461355235235 -1.2825020129994567 -1.5907386588852435 -0.79420619367324197 -1.6657145716109367 -1.9558685522428982
leaf_weight=26 26 14.999999999999998 26 24 15.999999999999998 22 28 24 29 37 19
leaf_count=26 26 15 26 24 16 22 28 24 29 37 19
internal_value=-0.0131108 -0.456504 0.720741 1.47527 -0.92756 0.345548 -1.23549 -0.780687 -1.15731 -1.60765 -1.76756
internal_weight=292 266 76 50 190 37 153 69 53 84 56
internal_count=292 266 76 50 190 37 153 69 53 84 56
is_linear=0
shrinkage=0.05


Tree=6
num_leaves=14
num_cat=0
split_feature=74 65 35 111 4 80 78 113 14 89 80 80 120
split_gain=157848 87167.6 31126.9 25831.3 19447.3 12531.2 9801.51 17488.8 5423.47 2259.28 1846.78 1092.76 443.301
threshold=2.0666666666666669 11.450000000000001 -9.2166666666666668 -0.37749999999999989 7.5000000000000009 0.21250000000000038 1.3974999999999997 -8.2999999999999954 24.500000000000004 36.650000000000013 0.57333333333333292 -0.42749999999999927 2.5000000000000004
decision_type=2 2 2 2 2 2 2 2 2 2 2 2 2
left_child=1 -1 -2 -3 -5 -6 7 -4 -9 -10 11 -8 -13
right_child=2 3 6 4 5 -7 10 8 9 -11 -12 12 -14
leaf_value=4.3714985370635988 1.2469564475760555 2.6553121537562241 0.74545533286858789 -0.67587386796395277 1.864843902868383 0.15805618181047848 -1.2179924309648427 -0.25049409297917852 -1.8083124116150255 -1.0957299177463238 -1.0051645859428073 -1.4589271115940929 -1.8201942338967871
leaf_weight=21 14.999999999999998 14.999999999999998 15.999999999999998 27 22 21 14.999999999999998 14.999999999999998 17 35 15.999999999999998 14.999999999999998 39
leaf_count=21 15 15 16 27 22 21 15 15 17 35 16 15 39
internal_value=-0.0399426 1.49459 -0.929154 0.77946 0.374206 1.03371 -1.12411 -0.736076 -1.09053 -1.33181 -1.50164 -1.61507 -1.72282
internal_weight=289 106 183 85 70 43 168 83 67 52 85 69 54
internal_count=289 106 183 85 70 43 168 83 67 52 85 69 54
is_linear=0
shrinkage=0.05


Tree=7
num_leaves=12
num_cat=0
split_feature=76 74 39 35 72 88 113 22 33 102 0
split_gain=226967 49314.1 24529.5 24185.1 13913.2 11511 9490.37 14214.5 4817.29 1634.82 708.898
threshold=-13.55833333333333 2.0666666666666669 -0.25166666666666643 -9.2166666666666668 0.95000000000000029 4.4150000000000009 5.3083333333333353 0.15500000000000003 0.9125000000000002 21.800000000000001 1413.5000000000002
decision_type=2 2 2 2 2 2 2 2 2 2 2
left_child=-1 2 -2 -3 5 -5 7 -4 -7 -6 -11
right_child=1 3 6 4 9 8 -8 -9 -10 10 -12
leaf_value=4.4851254757336729 2.3147570233595998 1.0778574802228158 -0.30939901723911628 0.52298776522980928 -1.0090626928541393 -0.64040679491060148 -0.57642225593447205 1.5964858470271475 -1.6560263109522939 -1.3089013899672086 -1.681313895782661
leaf_weight=26 17 14.999999999999998 19 19 17 53 25 20 14.999999999999998 21 48
leaf_count=26 17 15 19 19 17 53 25 20 15 21 48
internal_value=0.0333782 -0.39839 0.632417 -0.842642 -1.00971 -0.56283 0.182553 0.669433 -0.866617 -1.46056 -1.5701
internal_weight=295 269 81 188 173 87 64 39 68 86 69
internal_count=295 269 81 188 173 87 64 39 68 86 69
is_linear=0
shrinkage=0.05


Tree=8
num_leaves=14
num_cat=0
split_feature=76 74 95 36 105 103 50 47 111 117 39 31 4
split_gain=202886 61329.4 36016 23051.6 22057.7 14960.9 29912.6 10836.3 6412.89 4166.71 2387.34 1707.37 1009.87
threshold=-20.050000000000001 2.0666666666666669 36.20000000000001 3.5000000000000004 10.600000000000001 32.050000000000004 25.300000000000004 1.5000000000000002 -1.1074999999999997 0.20250000000000015 -0.41083333333333355 -0.028333333333332874 10.500000000000002
decision_type=2 2 2 2 2 2 2 2 2 2 2 2 2
left_child=-1 2 5 4 -3 6 -2 11 -5 -7 -10 -6 -12
right_child=1 3 -4 8 7 9 -8 -9 10 -11 12 -13 -14
leaf_value=5.6425030348711465 -0.67379619791018242 1.6363037355688235 2.2022349888106802 -0.2257262204656538 -1.4640614576221251 -1.2429476333769742 2.4749208974966548 0.49475884407943821 -0.75311673176214555 -0.14149486787283597 -1.4900887693308755 -0.71252879409600567 -1.0269897622383193
leaf_weight=14.999999999999998 15.000000000000002 14.999999999999998 29 14.999999999999998 15.999999999999998 14.999999999999998 14.999999999999998 15.999999999999998 15.999999999999998 20 83 15.000000000000002 14.999999999999998
leaf_count=15 15 15 29 15 16 15 15 16 16 20 83 15 15
internal_value=-0.0055584 -0.304717 0.740271 -0.819149 -0.0265986 0.0855519 0.903388 -0.559766 -1.19971 -0.615885 -1.32751 -1.10404 -1.42038
internal_weight=300 285 94 191 62 65 30 47 129 35 114 31 98
internal_count=300 285 94 191 62 65 30 47 129 35 114 31 98
is_linear=0
shrinkage=0.05


Tree=9
num_leaves=13
num_cat=0
split_feature=51 50 37 95 35 72 50 114 12 80 76 51
split_gain=203242 47156.4 38264.8 29492.7 14962.9 12007.1 11231.6 8928.05 6961.69 6835.63 998.959 1313.47
threshold=22.250000000000004 35.650000000000006 11.766666666666667 35.95000000000001 -8.5499999999999989 0.95000000000000029 27.750000000000004 1.5000000000000002 64.15000000000002 -0.19083333333333294 24.225000000000009 67.700000000000017
decision_type=2 2 2 2 2 2 2 2 2 2 2 2
left_child=-1 2 3 6 -3 7 -2 -6 -4 -9 11 -7
right_child=1 4 8 -5 5 10 -8 9 -10 -11 -12 -13
leaf_value=5.590479873347757 -0.15862971332060727 0.67933159258378595 -1.4305930427640501 3.3161664400669126 0.58902174321231471 -1.4760016375984357 1.5573548088523106 -0.063908668359120707 0.044632885313981421 -1.0451373017726735 -1.6604652722676594 -1.019202484273491
leaf_weight=14.999999999999998 19 15.999999999999998 17 14.999999999999998 14.999999999999998 32 19 25.999999999999993 14.999999999999998 56.000000000000007 20 34
leaf_count=15 19 16 17 15 15 32 19 26 15 56 20 34
internal_value=-0.0620586 -0.362489 0.622804 1.44613 -0.783468 -0.911692 0.701067 -0.529413 -0.74094 -0.734534 -1.34169 -1.24265
internal_weight=299 284 85 53 199 183 38 97 32 82 86 66
internal_count=299 284 85 53 199 183 38 97 32 82 86 66
is_linear=0
shrinkage=0.05


Tree=10
num_leaves=13
num_cat=0
split_feature=49 50 4 0 33 110 25 37 80 74 27 52
split_gain=189098 50095.1 33165.5 32808.4 13422.6 17069 10231.1 9627.55 7007.82 9112.01 1257.84 877.685
threshold=3.2950000000000004 35.650000000000006 2.5000000000000004 2568.5000000000005 0.9199999999999996 2.5000000000000004 36.45000000000001 10.674999999999995 -0.13000000000000031 11.941666666666668 15.350000000000003 6.2350000000000012
decision_type=2 2 2 2 2 2 2 2 2 2 2 2
left_child=-1 2 -2 7 5 6 -3 -4 9 -7 -10 -6
right_child=1 4 3 -5 11 8 -8 -9 10 -11 -12 -13
leaf_value=5.4878605403647525 -0.83851793722493029 1.0170146081457494 1.0478639328102179 2.7001857504534086 -1.1722814276732132 0.63543107185932191 -0.39913917120092468 -0.59050907488690318 -0.77268756884612788 -0.97358390440308085 -1.3095577933985716 -1.6446191998865332
leaf_weight=14.999999999999998 24 24 22 26 18 14.999999999999998 27 14.999999999999998 14.999999999999998 21 47 27
leaf_count=15 24 24 22 26 18 15 27 15 15 21 47 27
internal_value=0.0370311 -0.255769 0.740559 1.34257 -0.702754 -0.473555 0.267874 0.383723 -0.859331 -0.303119 -1.1812 -1.45881
internal_weight=296 281 87 63 194 149 51 37 98 36 62 45
internal_count=296 281 87 63 194 149 51 37 98 36 62 45
is_linear=0
shrinkage=0.05


Tree=11
num_leaves=12
num_cat=0
split_feature=49 50 95 20 35 78 91 109 48 113 72
split_gain=176571 45940.1 23250.8 14124.6 11670.9 8963.66 10101.5 8877.84 4543.22 1184.62 1347
threshold=3.2950000000000004 35.650000000000006 36.20000000000001 37.350000000000001 -8.5499999999999989 1.3974999999999997 4.5650000000000004 -0.0074999999999998393 6.8650000000000011 3.4666666666666655 0.95000000000000029
decision_type=2 2 2 2 2 2 2 2 2 2 2
left_child=-1 2 3 7 -3 6 -6 -2 -8 10 -7
right_child=1 4 -4 -5 5 9 8 -9 -10 -11 -12
leaf_value=5.2152847593193821 -0.97697279226725997 0.58381647955108162 2.1229500278904663 1.517039316063685 0.67279915904367216 -0.69871172960738681 -0.98738905252568621 0.362563873355499 -0.11998850861431863 -1.4874379870730363 -1.2266411592056798
leaf_weight=14.999999999999998 22 14.999999999999998 20 14.999999999999998 14.999999999999998 17 54 28 21 28 47
leaf_count=15 22 15 20 15 15 17 54 28 21 28 47
internal_value=-0.0523832 -0.334345 0.636669 0.176716 -0.753447 -0.863948 -0.508216 -0.227506 -0.745067 -1.21096 -1.0878
internal_weight=297 282 85 65 197 182 90 50 75 92 64
internal_count=297 282 85 65 197 182 90 50 75 92 64
is_linear=0
shrinkage=0.05


Tree=12
num_leaves=12
num_cat=0
split_feature=72 72 39 50 62 113 12 95 82 25 0
split_gain=116996 47380.4 27722.2 14567.8 34565.2 13652.5 14924.3 8943.89 3116.69 1345.04 882.022
threshold=-1.3766666666666669 0.50083333333333357 -0.28916666666666607 21.300000000000001 64.500000000000014 -7.541666666666667 53.650000000000013 37.050000000000004 -0.53583333333333261 19.500000000000004 1784.0000000000002
decision_type=2 2 2 2 2 2 2 2 2 2 2
left_child=-1 2 -2 -4 -5 6 -3 -6 -7 -10 -11
right_child=1 5 3 4 7 8 -8 -9 9 10 -12
leaf_value=4.2958142501628958 1.8830373383077441 1.2321923249604687 -1.0615863778014882 2.0978497392721307 -0.60858416234512513 -0.40127773837537961 -0.70508348792279296 0.77711242185616347 -0.74807461242868289 -1.0411637444362463 -1.3857532134837351
leaf_weight=14.999999999999998 28 14.999999999999998 21 22 42 14.999999999999998 29 15.999999999999998 15.999999999999998 32 53
leaf_count=15 28 15 21 22 42 15 29 16 16 32 53
internal_value=0.00525582 -0.218829 0.493931 0.107301 0.415139 -0.793473 -0.0432387 -0.225557 -1.07772 -1.17763 -1.25746
internal_weight=304 289 129 101 80 160 44 58 116 101 85
internal_count=304 289 129 101 80 160 44 58 116 101 85
is_linear=0
shrinkage=0.05


Tree=13
num_leaves=14
num_cat=0
split_feature=49 50 50 95 111 47 38 92 115 33 90 11 13
split_gain=146964 42002.4 26130.7 26519.8 18937.1 13864.2 13064.3 8105.04 5115.68 4543.16 6741.82 3339.33 474.485
threshold=3.2950000000000004 35.650000000000006 20.400000000000002 36.20000000000001 -0.14916666666666686 1.5000000000000002 2.5000000000000004 35.350000000000009 -4.2583333333333302 0.9125000000000002 37.850000000000001 41.350000000000001 6.3250000000000011
decision_type=2 2 2 2 2 2 2 2 2 2 2 2 2
left_child=-1 2 -2 4 -4 9 -7 -6 -8 10 -3 -12 -11
right_child=1 5 3 -5 7 6 8 -9 -10 12 11 -13 -14
leaf_value=4.8395671320277343 -0.81680137398167207 0.22125334887771131 1.95768316349788 2.9691006745610915 -0.89471196876549541 1.2466068280131921 0.32085817704927061 0.71788287920667637 -0.82084364912263852 -1.6084774277965472 -1.1288019530357705 -0.52122824323458938 -1.1919072145260639
leaf_weight=14.999999999999998 21 15.999999999999998 17 15.999999999999998 16.000000000000004 15.999999999999998 14.999999999999998 14.999999999999998 28 15.999999999999998 57 38 15.999999999999998
leaf_count=15 21 16 17 16 16 16 15 15 28 16 57 38 16
internal_value=0.0316592 -0.221206 0.710688 1.21247 0.621862 -0.613522 0.0312965 -0.114464 -0.422639 -0.879437 -0.726834 -0.886629 -1.40471
internal_weight=302 287 85 64 48 202 59 31 43 143 111 95 32
internal_count=302 287 85 64 48 202 59 31 43 143 111 95 32
is_linear=0
shrinkage=0.05


Tree=14
num_leaves=14
num_cat=0
split_feature=76 41 84 9 115 35 11 76 94 56 22 66 98
split_gain=74179.6 52884.9 19540.6 19670.9 14778.5 6680.96 6137.2 9346.76 2103.95 1327.93 723.183 594.274 332.435
threshold=-5.7750000000000012 0.1483333333333339 -0.0058333333333333284 6.8250000000000011 -3.6083333333333374 3.5333333333333354 36.45000000000001 14.583333333333337 5.1750000000000007 40.850000000000009 0.15500000000000003 30.200000000000003 32.650000000000013
decision_type=2 2 2 2 2 2 2 2 2 2 2 2 2
left_child=1 -1 6 4 5 -4 7 -2 -6 10 -8 -9 -12
right_child=2 -3 3 -5 8 -7 9 11 -10 -11 12 -13 -14
leaf_value=3.2515699977300083 0.21913164858448553 0.002373585473018813 1.2123112227348303 1.171515150681085 -0.58678068854797505 -0.23156983172684387 -1.4401870330761279 -1.2884797683614766 -1.277076138395244 -0.76115033140229937 -0.90830123745209979 -0.82690446905742432 -1.2239075557139125
leaf_weight=25 27 25 14.999999999999998 28 21 17 27 15.000000000000002 24 20 17 14.999999999999998 22
leaf_count=25 27 25 15 28 21 17 27 15 24 20 17 15 22
internal_value=-0.12461 1.63032 -0.478961 0.0389821 -0.373769 0.446762 -0.859066 -0.455409 -0.957064 -1.12571 -1.23479 -1.06137 -1.08914
internal_weight=298 50 248 105 77 32 143 57 45 86 66 30 39
internal_count=298 50 248 105 77 32 143 57 45 86 66 30 39
is_linear=0
shrinkage=0.05


Tree=15
num_leaves=12
num_cat=0
split_feature=72 74 0 53 50 25 90 37 110 78 76
split_gain=113847 35569.5 31671.2 29966.9 17958.8 16786.6 15004.6 11579.9 2784.65 3791.67 655.821
threshold=-1.3766666666666669 2.0666666666666669 2568.5000000000005 31.850000000000005 25.300000000000004 47.050000000000004 28.900000000000002 -6.2833333333333341 3.5000000000000004 1.3041666666666674 8.0333333333333332
decision_type=2 2 2 2 2 2 2 2 2 2 2
left_child=-1 2 4 -4 -2 -6 -3 -8 9 -9 -10
right_child=1 6 3 -5 5 -7 7 8 10 -11 -12
leaf_value=4.1487810607374831 -1.201044064018681 0.88987697427687429 3.5342920186503832 0.3757805931647093 1.4790466980500654 -0.58831439143732978 0.33507675492402278 -0.1929965692058577 -0.83918407580152676 -0.92593977384408643 -1.1884890237833854
leaf_weight=15.999999999999998 21 15.999999999999998 15.000000000000002 14.999999999999998 23 17 23 28 20 48 52
leaf_count=16 21 16 15 15 23 17 23 28 20 48 52
internal_value=0.0609138 -0.175748 0.634532 1.9617 -0.0202328 0.601018 -0.570211 -0.707297 -0.869438 -0.656582 -1.09283
internal_weight=294 278 91 30 61 40 187 171 148 76 72
internal_count=294 278 91 30 61 40 187 171 148 76 72
is_linear=0
shrinkage=0.05


Tree=16
num_leaves=15
num_cat=0
split_feature=72 74 0 95 64 83 0 31 4 72 51 50 103 58
split_gain=131193 33201.3 25793.8 36305.3 12622.8 11860.9 11693.8 7165.04 4745.19 3794.87 986.922 1314.24 954.461 437.762
threshold=-1.3766666666666669 10.308333333333328 2554.5000000000005 35.95000000000001 31.450000000000006 2.5000000000000004 775.00000000000011 -0.024166666666666 7.5000000000000009 0.95000000000000029 69.050000000000011 58.750000000000007 31.250000000000004 5.2250000000000005
decision_type=2 2 2 2 2 2 2 2 2 2 2 2 2 2
left_child=-1 2 4 5 8 -4 -6 -8 -2 -3 13 12 -12 -11
right_child=1 9 3 -5 6 -7 7 -9 -10 10 11 -13 -14 -15
leaf_value=4.5536860508634565 -1.3051225490953731 -0.33927696155885934 -0.6175606346920709 3.2109891402010891 1.1002679633401735 1.1471438550830479 -0.77395022906018318 0.40119001064063103 -0.18731723605402259 -0.98835228350774151 -0.40676654402972662 -1.2416676161305005 -0.94896968574905238 -1.3245223745075678
leaf_weight=14.999999999999998 26 27 18 14.999999999999998 24 20 28 24 14.999999999999998 19 17 14.999999999999998 15.999999999999998 26
leaf_count=15 26 27 18 15 24 20 28 24 15 19 17 15 16 26
internal_value=0.00988534 -0.22661 0.222843 1.13683 -0.19176 0.311673 0.189713 -0.231753 -0.897742 -0.863033 -1.01451 -0.852252 -0.671877 -1.1852
internal_weight=305 290 170 53 117 38 76 52 41 120 93 48 33 45
internal_count=305 290 170 53 117 38 76 52 41 120 93 48 33 45
is_linear=0
shrinkage=0.05


Tree=17
num_leaves=14
num_cat=0
split_feature=76 73 33 102 36 105 57 82 33 43 23 23 102
split_gain=54973.4 19948.6 22614.3 29650.9 7661.03 14080.1 5464.49 1951.36 1766.71 2425.75 1584.97 790.524 141.915
threshold=-13.55833333333333 4.5000000000000009 0.61416666666666642 47.250000000000007 3.5000000000000004 12.150000000000002 45.350000000000009 -0.12499999999999954 0.55750000000000022 0.29499999999999998 81.950000000000003 76.65000000000002 36.150000000000006
decision_type=2 2 2 2 2 2 2 2 2 2 2 2 2
left_child=-1 2 3 -2 5 -3 -4 -7 9 -6 -8 -10 -13
right_child=1 4 6 -5 8 7 10 -9 11 -11 -12 12 -14
leaf_value=2.1963081052816249 2.0803170796522159 1.0553960448817203 0.16418178545964229 -0.32042753340361957 -0.34471391129748252 -0.23634788737391796 -0.47616603829845883 -0.97775886479546037 -0.72345862609661182 -1.1333772501408659 -1.1742302783051428 -1.2494952043557068 -1.0360192716418213
leaf_weight=25 29 17 23 23 28 14.999999999999998 15.999999999999998 22 14.999999999999998 14.999999999999998 17 24 20
leaf_count=25 29 17 23 23 28 15 16 22 15 15 17 24 20
internal_value=-0.0398024 -0.252326 0.269864 1.01978 -0.613815 -0.131794 -0.42697 -0.678769 -0.868575 -0.621936 -0.838387 -1.04689 -1.15514
internal_weight=289 264 108 52 156 54 56 37 102 43 33 59 44
internal_count=289 264 108 52 156 54 56 37 102 43 33 59 44
is_linear=0
shrinkage=0.05


Tree=18
num_leaves=15
num_cat=0
split_feature=51 77 84 24 119 78 62 20 99 11 24 62 29 31
split_gain=114493 25931.3 24155.4 22007 21009.7 6529.42 7762.37 5043.2 3093.34 2348.74 1179.16 1204.79 871.205 795.464
threshold=22.250000000000004 4.5000000000000009 -0.011666666666666671 47.500000000000007 0.084166666666666515 1.3974999999999997 80.750000000000014 35.050000000000004 49.650000000000013 38.650000000000013 29.700000000000003 83.550000000000011 54.500000000000007 -0.034999999999999691
decision_type=2 2 2 2 2 2 2 2 2 2 2 2 2 2
left_child=-1 2 9 4 -4 6 -3 -5 -8 -2 -7 13 -13 -12
right_child=1 5 3 7 -6 10 8 -9 -10 -11 11 12 -14 -15
leaf_value=4.2152886750682308 -0.3156196925813789 0.63162790319537587 0.73458821868516533 -0.48914856465525647 3.1011855662263783 -0.53701259668786727 -0.98910408933441352 0.67622435179767237 -0.066128742694854734 -1.1549897628304844 -0.93983013560200279 -0.67147920752496271 -1.1212000532920314 -1.4335709471728919
leaf_weight=14.999999999999998 14.999999999999998 18 25 24 14.999999999999998 20 23 14.999999999999998 14.999999999999998 19 17 36 15.999999999999998 18
leaf_count=15 15 18 25 24 15 20 23 15 15 19 17 36 16 18
internal_value=-0.0241344 -0.255999 0.325883 0.805228 1.62771 -0.659373 -0.22129 -0.0402172 -0.626033 -0.786838 -0.888183 -0.968145 -0.811837 -1.19726
internal_weight=291 276 113 79 40 163 56 39 38 34 107 87 52 35
internal_count=291 276 113 79 40 163 56 39 38 34 107 87 52 35
is_linear=0
shrinkage=0.05


Tree=19
num_leaves=11
num_cat=0
split_feature=65 9 74 115 65 53 76 106 27 80
split_gain=88167 15420.5 16295.7 10429.9 15185.6 7486.6 12660.7 11610.4 8858.44 4279.07
threshold=11.450000000000001 6.8550000000000013 8.0999999999999996 -8.7000000000000011 29.800000000000004 14.050000000000002 -2.2583333333333395 10.800000000000002 7.3500000000000005 0.14333333333333356
decision_type=2 2 2 2 2 2 2 2 2 2
left_child=-1 3 -3 4 -2 -5 7 -7 -8 -6
right_child=1 2 -4 5 9 6 8 -9 -10 -11
leaf_value=2.7819281499504589 1.5655426739067433 1.9584762989685236 -0.29688975099931686 -1.4869542155099744 -0.96996115757929557 -0.6108687128339495 0.22243121204333069 1.2122488531142628 -0.8771947351679773 0.18554444522188418
leaf_weight=26 14.999999999999998 14.999999999999998 17 20 14.999999999999998 15.999999999999998 22 19 108 17
leaf_count=26 15 15 17 20 15 16 22 19 108 17
internal_value=0.00962688 -0.264334 0.762965 -0.406319 0.258303 -0.575245 -0.463871 0.379315 -0.691038 -0.357277
internal_weight=290 264 32 232 47 185 165 35 130 32
internal_count=290 264 32 232 47 185 165 35 130 32
is_linear=0
shrinkage=0.05


Tree=20
num_leaves=13
num_cat=0
split_feature=72 78 117 39 117 37 57 33 12 102 91 15
split_gain=88471.2 21663.3 32692.5 12911.6 7951.3 7940.71 7832.29 1274.11 1121.45 1135.19 947.146 456.234
threshold=-1.3766666666666669 1.0308333333333333 -0.56833333333333325 -0.52083333333333293 1.3150000000000002 -6.2833333333333341 47.550000000000004 0.77083333333333404 52.800000000000004 43.150000000000006 3.2750000000000008 60.250000000000007
decision_type=2 2 2 2 2 2 2 2 2 2 2 2
left_child=-1 2 -2 -4 6 -3 -5 8 -7 -10 -9 -12
right_child=1 5 3 4 -6 7 -8 10 9 -11 11 -13
leaf_value=3.5821056400026592 1.8751205327599871 0.34963899821228123 1.0089344087450658 0.56527636042380236 -1.1107659426122574 -0.9193029321269276 -0.51479105076281662 -0.68229459421524163 -0.73474841694131277 -0.16393832899876778 -1.3403080705572796 -0.96253560272573724
leaf_weight=15.999999999999998 24 15.999999999999998 20 27 27 29 44 14.999999999999998 21 14.999999999999998 19 17
leaf_count=16 24 16 20 27 27 29 44 15 21 15 19 17
internal_value=-0.0200491 -0.231642 0.196938 -0.145643 -0.382111 -0.692529 -0.103774 -0.836497 -0.687256 -0.498162 -1.02489 -1.16521
internal_weight=290 274 142 118 98 132 71 116 65 36 51 36
internal_count=290 274 142 118 98 132 71 116 65 36 51 36
is_linear=0
shrinkage=0.05


Tree=21
num_leaves=12
num_cat=0
split_feature=65 73 45 56 49 33 76 78 63 80 45
split_gain=77966.1 13578.8 24391.5 16560.5 11075.2 9525.09 7512.28 3601.68 3098.77 1998.96 1395.48
threshold=11.450000000000001 4.5000000000000009 -0.0033333333333333405 32.650000000000013 4.3550000000000013 -0.39416666666666694 -2.2583333333333395 0.4291666666666672 44.20000000000001 0.80250000000000032 0.0099999999999999967
decision_type=2 2 2 2 2 2 2 2 2 2 2
left_child=-1 2 4 -4 -2 -3 -6 -7 -8 10 -9
right_child=1 5 3 -5 6 7 8 9 -10 -11 -12
leaf_value=2.7119901747105133 -1.4543022519683244 0.34694398373789637 0.092401310968102876 2.2491105848876987 0.6770695298791406 0.063558360282948465 -0.00055693939605855032 -0.92918943807966881 -0.99948408793139931 -0.23567360943148596 -0.45971320849746022
leaf_weight=25 15.999999999999998 28 15.999999999999998 20 25 14.999999999999998 16.000000000000004 83 14.999999999999998 15.999999999999998 20
leaf_count=25 16 28 16 20 25 15 16 83 15 16 20
internal_value=0.0464194 -0.201287 0.232829 1.29362 -0.298558 -0.490693 0.0335699 -0.665887 -0.485729 -0.757852 -0.838612
internal_weight=295 270 108 36 72 162 56 134 31 119 103
internal_count=295 270 108 36 72 162 56 134 31 119 103
is_linear=0
shrinkage=0.05


Tree=22
num_leaves=14
num_cat=0
split_feature=76 9 11 111 33 47 72 102 10 37 77 62 4
split_gain=42150.7 40756.2 39844.5 18960.2 13061 20322 13477.1 5497.66 2318.38 1756.71 981.114 565.756 384.502
threshold=-5.7750000000000012 6.745000000000001 44.350000000000001 -1.1258333333333335 0.55750000000000022 1.5000000000000002 0.60333333333333317 28.850000000000005 5.8400000000000007 15.691666666666668 4.5000000000000009 80.750000000000014 7.5000000000000009
decision_type=2 2 2 2 2 2 2 2 2 2 2 2 2
left_child=1 -1 -3 -2 5 7 -7 -5 -9 10 -6 -11 -12
right_child=3 2 -4 4 9 6 -8 8 -10 11 12 -13 -14
leaf_value=-0.56306002406784184 1.0551154863784917 4.1513177694000802 0.56494937953570035 0.14912852780277511 -0.43056093288298269 1.8213595168128685 -0.1131977284948031 -0.92023304812044493 -0.30345317068554106 -1.4163489385945904 -1.031063743037079 -0.96062237190095012 -0.71511635305561538
leaf_weight=18 24 16.000000000000004 14.999999999999998 25 20 19 17 46 23 15.000000000000002 19 14.999999999999998 23
leaf_count=18 24 16 15 25 20 19 17 46 23 15 19 15 23
internal_value=-0.0101908 1.3274 2.42354 -0.277074 -0.421527 -0.098671 0.909897 -0.485541 -0.715449 -0.87708 -0.722653 -1.1926 -0.860273
internal_weight=295 49 31 246 222 130 36 94 69 92 62 30 42
internal_count=295 49 31 246 222 130 36 94 69 92 62 30 42
is_linear=0
shrinkage=0.05


Tree=23
num_leaves=12
num_cat=0
split_feature=64 13 50 78 111 117 41 95 103 80 67
split_gain=65759.6 18430.7 19650.5 11582.3 16624.2 14297.9 9750.41 14191.4 1969.38 912.432 723.71
threshold=5.9000000000000012 4.2150000000000007 45.000000000000007 1.0308333333333333 -0.34583333333333316 -0.40166666666666678 0.73666666666666691 37.050000000000004 14.650000000000002 -0.51916666666666644 7.4000000000000012
decision_type=2 2 2 2 2 2 2 2 2 2 2
left_child=-1 2 -2 4 5 -3 7 -6 -5 -10 -11
right_child=1 3 -4 8 6 -7 -8 -9 9 10 -12
leaf_value=3.1609502716834501 1.7252143275215333 2.0269344708934329 -0.43742007418890688 -0.16863539285541321 -0.49572228904946825 0.065528521899184483 -1.5160514259180486 1.2414399011245627 -0.40975374859689878 -1.144512355401649 -0.75955593675716415
leaf_weight=15.999999999999998 25 15.999999999999998 18 15.999999999999998 53 22 14.999999999999998 14.999999999999998 14.999999999999998 15.999999999999998 61
leaf_count=16 25 16 18 16 53 22 15 15 15 16 61
internal_value=0.0560097 -0.12771 0.820895 -0.306135 0.0298294 0.894667 -0.366661 -0.111191 -0.682265 -0.771257 -0.840992
internal_weight=288 272 43 229 121 38 83 68 108 92 77
internal_count=288 272 43 229 121 38 83 68 108 92 77
is_linear=0
shrinkage=0.05


Tree=24
num_leaves=13
num_cat=0
split_feature=51 13 84 77 9 98 36 103 11 15 71 19
split_gain=77293.8 16287 28928.7 12746.2 21901.5 14785.3 4807.82 4310.73 3396.54 1983.11 2028.57 1404.54
threshold=22.250000000000004 4.2550000000000008 -0.0066666666666666671 2.5000000000000004 6.745000000000001 33.050000000000004 4.5000000000000009 23.050000000000004 41.350000000000001 61.650000000000006 4.5000000000000009 5.3450000000000006
decision_type=2 2 2 2 2 2 2 2 2 2 2 2
left_child=-1 2 -2 4 -3 -6 7 -5 -9 11 -11 -8
right_child=1 3 -4 6 5 -7 9 8 -10 10 -12 -13
leaf_value=3.4916261660342189 -0.61216021281848021 -0.8633527715821071 1.9770695617565739 0.47407223726651682 2.2477788196587407 0.065223277187505299 -0.75017992067130601 -0.66099985186048538 0.098177985331458495 -0.2266665111438862 -0.84013186595447564 -1.3236624751610777
leaf_weight=14.999999999999998 21 22 22 15.999999999999998 16.000000000000004 14.999999999999998 23 49 21 24 31 21
leaf_count=15 21 22 22 16 16 15 23 49 21 24 31 21
internal_value=0.00670062 -0.180486 0.71396 -0.34234 0.340754 1.19547 -0.538142 -0.264123 -0.43336 -0.775623 -0.573426 -1.02638
internal_weight=296 281 43 238 53 31 185 86 70 99 55 44
internal_count=296 281 43 238 53 31 185 86 70 99 55 44
is_linear=0
shrinkage=0.05


Tree=25
num_leaves=13
num_cat=0
split_feature=49 35 78 111 62 4 74 101 45 10 74 9
split_gain=72278.8 16122.4 15098.3 13898.9 12177 7099.96 9359.68 3013.47 1255.92 733.894 850.57 663.141
threshold=3.2950000000000004 -9.2166666666666668 1.3974999999999997 -0.40499999999999975 75.90000000000002 6.5000000000000009 -1.1583333333333348 68.15000000000002 -0.025833333333333316 5.7350000000000012 11.225000000000001 6.7350000000000012
decision_type=2 2 2 2 2 2 2 2 2 2 2 2
left_child=-1 -2 3 4 -3 7 -7 -5 -4 11 -11 -10
right_child=1 2 8 5 -6 6 -8 -9 9 10 -12 -13
leaf_value=3.3677643415943681 1.2636944309782585 1.6566137289266452 -1.1428837893715833 -1.2986846459578283 -0.024285400668959813 0.62549623755371808 -0.49803188000451232 -0.43712267973244834 -1.0657412706694986 -0.23362652134389905 -0.67852289637061836 -0.65960346349450039
leaf_weight=14.999999999999998 18 21 15.999999999999998 15.999999999999998 22 36 38 28 15.999999999999998 17 30 30
leaf_count=15 18 21 16 16 22 36 38 28 16 17 30 30
internal_value=-0.00426954 -0.181022 -0.277787 0.0298962 0.798442 -0.250564 0.0485884 -0.752766 -0.731911 -0.660001 -0.518547 -0.802983
internal_weight=303 288 270 161 43 118 74 44 109 93 47 46
internal_count=303 288 270 161 43 118 74 44 109 93 47 46
is_linear=0
shrinkage=0.05


Tree=26
num_leaves=8
num_cat=0
split_feature=49 111 35 51 74 101 111
split_gain=64935 14270.8 12218.6 8203.21 17498.2 11266 4103.3
threshold=3.2950000000000004 -1.1258333333333335 -9.2166666666666668 32.95000000000001 -1.7250000000000048 77.950000000000003 -0.29916666666666675
decision_type=2 2 2 2 2 2 2
left_child=-1 -2 -3 -4 5 -5 -6
right_child=1 2 3 4 6 -7 -8
leaf_value=3.2004912306930851 1.0244202843992223 1.1067472906302143 -1.3835014569825228 1.5789225931984285 -0.15469516515731813 -0.058560206880607452 -0.66147828695242561
leaf_weight=14.999999999999998 23 14.999999999999998 18 18 60 25 120
leaf_count=15 23 15 18 18 60 25 120
internal_value=0.00688524 -0.165881 -0.2732 -0.359533 -0.276276 0.628855 -0.492758
internal_weight=294 279 256 241 223 43 180
internal_count=294 279 256 241 223 43 180
is_linear=0
shrinkage=0.05


Tree=27
num_leaves=11
num_cat=0
split_feature=88 18 74 96 82 47 33 74 4 95
split_gain=43362.9 15063.1 29830.5 40510.4 9659.66 12041.2 10990.3 5802.78 1937.52 1042.62
threshold=3.6200000000000006 59.350000000000001 -6.5 47.550000000000004 -0.68749999999999944 1.5000000000000002 0.586666666666667 -1.7250000000000048 9.5000000000000018 31.950000000000003
decision_type=2 2 2 2 2 2 2 2 2 2
left_child=-1 2 3 -2 -4 8 -7 -3 -6 -9
right_child=1 7 4 -5 5 6 -8 9 -10 -11
leaf_value=2.5042813070720022 -0.16778421289292142 -1.7108586889431341 0.99020374934404887 3.2008045042523685 -0.68605692270366969 0.89266341046380848 -0.48899816740518331 -0.2479662209157123 -0.18688554912187252 -0.78620287226392072
leaf_weight=15.999999999999998 20 15.999999999999998 14.999999999999998 15.999999999999998 105 32 26 14.999999999999998 24 23
leaf_count=16 20 16 15 16 105 32 26 15 24 23
internal_value=-0.0218948 -0.161142 0.0100197 1.33395 -0.226446 -0.324542 0.273436 -0.91424 -0.593443 -0.575081
internal_weight=308 292 238 36 202 187 58 54 129 38
internal_count=308 292 238 36 202 187 58 54 129 38
is_linear=0
shrinkage=0.05


Tree=28
num_leaves=13
num_cat=0
split_feature=49 77 9 58 94 35 78 113 78 43 45 72
split_gain=63901.3 12651.2 10523 10546.1 10752.9 7572.82 4689.97 5812.49 4420.47 3022.1 1199.58 624.145
threshold=3.3400000000000003 3.5000000000000004 6.745000000000001 5.2750000000000012 5.1150000000000011 -8.5499999999999989 1.3974999999999997 -5.4749999999999988 -0.47916666666666691 0.39583333333333354 -0.025833333333333316 1.7225000000000008
decision_type=2 2 2 2 2 2 2 2 2 2 2 2
left_child=-1 2 8 4 -4 -3 7 -7 -2 -9 -8 -12
right_child=1 5 3 -5 -6 6 10 9 -10 -11 11 -13
leaf_value=3.1918566065908269 -0.78630661715828409 0.66987173386982501 0.47894457748958036 -0.0089462531058125475 2.3434371945084327 0.5249104500356303 -1.0726631425182269 -0.68501405593841225 0.29566756438093578 0.1548697124253835 -0.53053262711692495 -0.8498253001502496
leaf_weight=14.999999999999998 21 15.999999999999998 16.000000000000004 24 14.999999999999998 22 15.999999999999998 37 17 14.999999999999998 72 20
leaf_count=15 21 16 16 24 15 22 16 37 17 15 72 20
internal_value=0.0204194 -0.14408 0.336693 0.778245 1.38591 -0.369979 -0.461739 -0.154723 -0.302629 -0.442812 -0.671718 -0.600846
internal_weight=306 291 93 55 31 198 182 74 38 52 108 92
internal_count=306 291 93 55 31 198 182 74 38 52 108 92
is_linear=0
shrinkage=0.05


Tree=29
num_leaves=10
num_cat=0
split_feature=72 37 49 50 115 74 47 57 70
split_gain=32631.8 12547.4 10538.9 17051.6 15056.5 11126.6 4020.59 8286.42 1419.2
threshold=-1.3766666666666669 -11.158333333333339 3.9050000000000007 35.150000000000013 -8.7000000000000011 -1.7250000000000048 1.5000000000000002 49.650000000000013 -0.029999999999999801
decision_type=2 2 2 2 2 2 2 2 2
left_child=-1 -2 -3 4 -4 -6 8 -8 -5
right_child=1 2 3 6 5 -7 7 -9 -10
leaf_value=2.1843887745963859 1.2224887873075021 -1.4157579974124306 1.9482647154702257 -0.8192192166053277 0.79335237752076138 -0.72594873464502996 0.75045292219279491 -0.53325476527597349 -0.43565760702622836
leaf_weight=15.999999999999998 15.999999999999998 17 14.999999999999998 33 28 21 21 31 92
leaf_count=16 16 17 15 33 28 21 21 31 92
internal_value=-0.00327177 -0.131787 -0.216234 -0.131047 0.567777 0.141969 -0.383935 -0.014293 -0.537532
internal_weight=290 274 258 241 64 49 177 52 125
internal_count=290 274 258 241 64 49 177 52 125
is_linear=0
shrinkage=0.05


Tree=30
num_leaves=10
num_cat=0
split_feature=65 9 74 49 62 119 22 84 16
split_gain=43872.5 10989.2 16646.5 15884.9 7234.35 7283.86 4633.06 3583.57 2025.51
threshold=11.450000000000001 6.8350000000000009 1.3166666666666631 4.0100000000000007 75.350000000000009 -0.18666666666666651 0.16500000000000004 0.0050000000000000192 4.6650000000000009
decision_type=2 2 2 2 2 2 2 2 2
left_child=-1 3 -3 -2 5 -5 -4 8 -6
right_child=1 2 6 4 7 -7 -8 -9 -10
leaf_value=1.9687252987903427 -1.8806930118466014 1.7769861957856585 -0.75630163281981699 -0.36634316965081226 -0.18147395152562684 0.78417625320736073 0.42562566751278708 0.15740085921136504 -0.64785355991996318
leaf_weight=25 15.999999999999998 15.999999999999998 17 26 31 29 15.999999999999998 22 95
leaf_count=25 16 16 17 26 31 29 16 22 95
internal_value=-0.0301878 -0.217337 0.458845 -0.368792 -0.248736 0.240526 -0.18354 -0.430629 -0.533384
internal_weight=293 268 49 219 203 55 33 148 126
internal_count=293 268 49 219 203 55 33 148 126
is_linear=0
shrinkage=0.05


Tree=31
num_leaves=12
num_cat=0
split_feature=64 45 50 0 31 50 47 39 56 119 109
split_gain=49727.9 10252 15509.8 19855.8 20491.5 6233.13 3958.27 6797.88 3112.54 2512.39 2010.56
threshold=5.9000000000000012 -0.030833333333333334 35.650000000000006 2178.5000000000005 -0.02499999999999902 27.750000000000004 1.5000000000000002 -0.45999999999999991 29.050000000000004 -0.4408333333333338 0.033333333333333666
decision_type=2 2 2 2 2 2 2 2 2 2 2
left_child=-1 -2 3 5 -5 -3 9 -8 -9 -4 -11
right_child=1 2 6 4 -6 -7 7 8 -10 10 -12
leaf_value=2.8287376541175591 -1.2340694469931237 -0.69569441792381248 0.0078754374901746915 0.32620801088541596 2.7530084638121703 0.49675257621119862 0.98283650965880087 0.30605581943562493 -0.60267058933873574 -0.6228365936444975 -0.030522750901897051
leaf_weight=14.999999999999998 19 24 27 19 15.999999999999998 20 14.999999999999998 14.999999999999998 25 92 17
leaf_count=15 19 24 27 19 16 20 15 15 25 92 17
internal_value=0.0315166 -0.114579 -0.0353537 0.553445 1.44043 -0.153662 -0.279077 0.0786795 -0.26186 -0.423746 -0.530616
internal_weight=304 289 270 79 35 44 191 55 40 136 109
internal_count=304 289 270 79 35 44 191 55 40 136 109
is_linear=0
shrinkage=0.05


Tree=32
num_leaves=11
num_cat=0
split_feature=76 64 73 13 115 36 84 96 67 79
split_gain=55773.8 11484.4 16316.5 15463.6 5301.88 8986.22 4264.85 2309.86 1949.43 1755.38
threshold=-13.55833333333333 18.450000000000003 3.5000000000000004 6.2350000000000012 -8.7000000000000011 3.5000000000000004 -0.0058333333333333284 52.800000000000004 5.5500000000000007 1.5000000000000002
decision_type=2 2 2 2 2 2 2 2 2 2
left_child=-1 -2 3 -3 5 -4 -5 -7 -6 -10
right_child=1 2 4 6 8 7 -8 -9 9 -11
leaf_value=2.3037341313533104 -1.3433407761039533 1.5359991875631782 1.1635643872204207 -0.70526872099630078 -0.82921034823108819 0.1010579620356335 0.48309931941577144 -0.68757100912088853 0.075181665283223092 -0.45308511926318124
leaf_weight=25 19 27 14.999999999999998 15.000000000000002 28 19 14.999999999999998 18 19 90
leaf_count=25 19 27 15 15 28 19 15 18 19 90
internal_value=0.0510304 -0.162259 -0.0705079 0.670242 -0.294171 0.135413 -0.111288 -0.283284 -0.457242 -0.360972
internal_weight=290 265 246 57 189 52 30 37 137 109
internal_count=290 265 246 57 189 52 30 37 137 109
is_linear=0
shrinkage=0.05


Tree=33
num_leaves=12
num_cat=0
split_feature=115 84 89 44 64 0 49 76 47 70 109
split_gain=32040.5 11737 11676.1 10720.8 14483 18441.6 10925.5 5339.67 4876.62 1623.25 1319.77
threshold=-18.791666666666664 0.017500000000000005 36.650000000000013 2.5000000000000004 33.95000000000001 2320.5000000000005 4.1650000000000009 -1.6333333333333326 1.5000000000000002 -0.014999999999999234 1.0000000180025095e-35
decision_type=2 2 2 2 2 2 2 2 2 2 2
left_child=-1 3 -3 6 5 -5 -2 -8 9 -6 -9
right_child=1 2 -4 4 8 -7 7 10 -10 -11 -12
leaf_value=2.2106279284551444 -1.8206077315052103 -0.17693791670828868 1.7602438181441351 -0.13890131705718514 -0.7355917801492633 2.1602185050893272 0.27067026047887305 -0.78742950949198387 0.44402854767145289 -0.2640848196742388 -0.38223000568842308
leaf_weight=14.999999999999998 15.999999999999998 16.000000000000004 14.999999999999998 19 30 15.999999999999998 22 45 19 47 37
leaf_count=15 16 16 15 19 30 16 22 45 19 47 37
internal_value=-0.033287 -0.153403 0.762893 -0.26685 0.0459019 0.915143 -0.608066 -0.419904 -0.271579 -0.448569 -0.605345
internal_weight=297 282 31 251 131 35 120 104 96 77 82
internal_count=297 282 31 251 131 35 120 104 96 77 82
is_linear=0
shrinkage=0.05


Tree=34
num_leaves=11
num_cat=0
split_feature=88 111 33 47 82 72 37 109 45 65
split_gain=50168.7 12445.9 8022.16 10567.5 6918.33 6146.98 4570.84 3783.26 3788.23 4350.38
threshold=3.6200000000000006 1.303333333333333 0.61416666666666642 1.5000000000000002 -0.59416666666666706 0.63333333333333253 -1.7416666666666634 0.048333333333333346 0.0016666666666666637 21.950000000000003
decision_type=2 2 2 2 2 2 2 2 2 2
left_child=-1 2 3 4 -2 -5 -6 8 9 -4
right_child=1 -3 7 5 6 -7 -8 -9 -10 -11
leaf_value=2.7594764103800613 0.75479785517691089 1.239391813811308 -1.4615001780247827 1.3093646428164314 -0.88662955056351089 0.044139628863909791 -0.12664953591167061 0.21702312023743342 0.050500235900035877 -0.56687474924299686
leaf_weight=15.999999999999998 15.999999999999998 15.999999999999998 17 22 28.999999999999993 17 62.000000000000007 15.999999999999998 18 68
leaf_count=16 16 16 17 22 29 17 62 16 18 68
internal_value=0.0450428 -0.110425 -0.192379 0.0559763 -0.200874 0.759508 -0.369603 -0.496916 -0.607971 -0.747366
internal_weight=297 281 265 146 107 39 91 119 103 85
internal_count=297 281 265 146 107 39 91 119 103 85
is_linear=0
shrinkage=0.05


Tree=35
num_leaves=11
num_cat=0
split_feature=65 49 62 47 57 99 70 50 64 78
split_gain=16742.3 10073.8 10907.9 4814.65 9841.54 5781.12 2801.77 4412.12 2101.54 1084.93
threshold=11.450000000000001 4.1650000000000009 50.850000000000009 1.5000000000000002 49.650000000000013 47.95000000000001 -0.020833333333333034 36.650000000000013 40.800000000000004 1.8400000000000001
decision_type=2 2 2 2 2 2 2 2 2 2
left_child=-1 -2 -3 6 5 -5 9 -8 -6 -4
right_child=1 2 3 4 8 -7 7 -9 -10 -11
leaf_value=1.1165912028473455 -1.3163073391190374 1.0236779414546426 -0.90299224743897877 0.11201423552998324 -0.73849525688999906 1.4351410351925014 0.44289833431813258 -0.37253940959082044 0.013512716372931225 -0.43322951632911244
leaf_weight=26 19 19 26 17 22 15.999999999999998 20 95 15.999999999999998 24
leaf_count=26 19 19 26 17 22 16 20 95 16 24
internal_value=-0.09348 -0.208688 -0.125656 -0.218603 0.1255 0.756079 -0.366688 -0.230419 -0.422525 -0.678921
internal_weight=300 274 255 236 71 33 165 115 38 50
internal_count=300 274 255 236 71 33 165 115 38 50
is_linear=0
shrinkage=0.05


Tree=36
num_leaves=12
num_cat=0
split_feature=115 67 84 45 61 0 49 76 104 13 53
split_gain=25821 9670.14 17010.1 10697.1 19794.2 19695.5 10040.7 6672.63 1767.5 1759.68 1085.51
threshold=-18.791666666666664 5.7000000000000002 0.017500000000000005 -1.0000000180025095e-35 0.15500000000000003 2320.5000000000005 4.1650000000000009 -1.9916666666666705 30.550000000000001 5.9050000000000011 27.850000000000005
decision_type=2 2 2 2 2 2 2 2 2 2 2
left_child=-1 9 3 6 8 -6 -3 -8 -5 10 -2
right_child=1 2 -4 4 5 -7 7 -9 -10 -11 -12
leaf_value=1.9466677964103889 -1.2984062130088045 -1.6152765605623358 1.3733820501238247 -0.12601475755185312 0.18670496085033206 2.3193699909178593 0.53774466320400316 -0.42979940916537984 -0.76765365566872901 -0.35623938619044787 -0.68696846440927883
leaf_weight=15.999999999999998 15.000000000000002 14.999999999999998 21 21 27 18 22 92 22 17 14.999999999999998
leaf_count=16 15 15 21 21 27 18 22 92 22 17 15
internal_value=-0.00143122 -0.11146 0.0180536 -0.113656 0.311138 1.04313 -0.403494 -0.242729 -0.455431 -0.766048 -0.996151
internal_weight=301 285 238 217 88 45 129 114 43 47 30
internal_count=301 285 238 217 88 45 129 114 43 47 30
is_linear=0
shrinkage=0.05


Tree=37
num_leaves=13
num_cat=0
split_feature=88 45 74 56 17 13 33 76 103 111 88 111
split_gain=26680.6 8662.68 14689.3 13916.3 5748.9 4743.19 4613.72 9134.71 1645.18 1393.59 1272.09 1023.17
threshold=3.6200000000000006 -0.0033333333333333405 1.8749999999999949 32.650000000000013 47.150000000000013 3.9800000000000004 1.0241666666666667 -2.2583333333333395 23.650000000000002 0.31500000000000067 6.1750000000000007 0.071666666666667225
decision_type=2 2 2 2 2 2 2 2 2 2 2 2
left_child=-1 4 3 -3 6 -4 7 -2 -7 -8 -10 -9
right_child=1 2 5 -5 -6 8 9 11 10 -11 -12 -13
leaf_value=1.9722307643534973 0.69811099838066804 0.055571652365009688 0.59071384265771887 2.0763843725996405 -1.2429495872809873 0.16188596265994951 -0.9972975941065928 -0.17517185566631266 -0.55591106475563212 -0.4028647877314952 -0.049246587059651195 -0.57141664396362613
leaf_weight=15.999999999999998 27 17 18 17 17 14.999999999999998 21 30 46 19 17 36
leaf_count=16 27 17 18 17 17 15 21 30 46 19 17 36
internal_value=-0.00708543 -0.120871 0.177773 1.06925 -0.379674 -0.138691 -0.268443 -0.0749947 -0.30762 -0.716775 -0.419566 -0.391919
internal_weight=296 280 130 34 150 96 133 93 78 40 63 66
internal_count=296 280 130 34 150 96 133 93 78 40 63 66
is_linear=0
shrinkage=0.05


Tree=38
num_leaves=8
num_cat=0
split_feature=72 35 92 116 95 18 100
split_gain=39802.9 9103.29 6261 8800.93 8727.62 3298.52 2831.25
threshold=-1.3766666666666669 -10.566666666666666 10.350000000000001 1.5000000000000002 45.350000000000001 59.350000000000001 0.18500000000000003
decision_type=2 2 2 2 2 2 2
left_child=-1 -2 6 -4 5 -5 -3
right_child=1 2 3 4 -6 -7 -8
leaf_value=2.431530090896644 1.0720415901664075 -0.38740426513539766 1.0394891382744593 -0.15964947512475597 0.98712938873973111 -0.6715772071457885 -1.2263684546749893
leaf_weight=15.999999999999998 14.999999999999998 23 15.999999999999998 162 14.999999999999998 39 18
leaf_count=16 15 23 16 162 15 39 18
internal_value=0.0121267 -0.123065 -0.189117 -0.088287 -0.172292 -0.259288 -0.757939
internal_weight=304 288 273 232 216 201 41
internal_count=304 288 273 232 216 201 41
is_linear=0
shrinkage=0.05


Tree=39
num_leaves=7
num_cat=0
split_feature=72 37 111 83 50 72
split_gain=34436.6 10517.6 6020.25 6513.61 6140.65 6872.3
threshold=-1.2383333333333337 -9.7083333333333304 -1.1258333333333335 5.5000000000000009 20.400000000000002 -0.42749999999999994
decision_type=2 2 2 2 2 2
left_child=-1 -2 -3 4 -4 -6
right_child=1 2 3 -5 5 -7
leaf_value=2.383375938838681 1.2115905123830633 0.68382503227956259 -1.2056761692316211 0.66713077585110492 0.8076487890931946 -0.30222264499098866
leaf_weight=14.999999999999998 14.999999999999998 20 17 19 14.999999999999998 183
leaf_count=15 15 20 17 19 15 183
internal_value=0.0599174 -0.0704624 -0.146641 -0.217904 -0.296413 -0.217751
internal_weight=284 269 254 234 215 198
internal_count=284 269 254 234 215 198
is_linear=0
shrinkage=0.05


Tree=40
num_leaves=10
num_cat=0
split_feature=72 37 78 117 51 62 90 12 37
split_gain=37509.3 9028.66 6602.31 8963.66 6008.45 4853.62 1523.86 890.992 626.912
threshold=-1.3766666666666669 -11.158333333333339 1.3974999999999997 -0.56833333333333325 42.750000000000007 76.450000000000017 38.150000000000013 48.95000000000001 5.2083333333333366
decision_type=2 2 2 2 2 2 2 2 2
left_child=-1 -2 3 -3 -5 -6 -4 -8 -9
right_child=1 2 6 4 5 -7 7 8 -10
leaf_value=2.4200351070291948 1.0130591004531575 0.82015053805829852 -0.8531716437860466 -0.84188880478873895 0.39694654077561803 -0.27442911276553372 -0.75345879801061777 -0.083322390586293801 -0.43019356901741929
leaf_weight=14.999999999999998 15.999999999999998 27 26 27 44 69 14.999999999999998 19 42
leaf_count=15 16 27 26 27 44 69 15 19 42
internal_value=-0.008486 -0.137124 -0.205906 -0.0122191 -0.173254 -0.0128445 -0.52265 -0.408539 -0.322547
internal_weight=300 285 269 167 140 113 102 76 61
internal_count=300 285 269 167 140 113 102 76 61
is_linear=0
shrinkage=0.05


Tree=41
num_leaves=10
num_cat=0
split_feature=49 37 95 33 67 111 108 14 54
split_gain=34048.7 8690.02 7025.5 4896.18 4535.1 5129.3 2456.09 931.051 831.777
threshold=3.2950000000000004 -11.158333333333339 45.850000000000001 0.9199999999999996 5.5500000000000007 -0.26583333333333353 4.5000000000000009 49.500000000000007 58.000000000000007
decision_type=2 2 2 2 2 2 2 2 2
left_child=-1 -2 3 4 8 -6 7 -5 -3
right_child=1 2 -4 6 5 -7 -8 -9 -10
leaf_value=2.3281092711631826 1.0574070646273379 -0.88978207877704052 0.83659411113454674 -0.87615552962295651 0.45382623631673252 -0.1853311310872123 -0.060249742289274433 -0.45682476491300977 -0.36737140172364702
leaf_weight=14.999999999999998 14.999999999999998 16.000000000000004 15.999999999999998 38 47 94 18 21 14.999999999999998
leaf_count=15 15 16 16 38 47 94 18 21 15
internal_value=0.0153411 -0.109326 -0.175761 -0.241141 -0.0926336 0.0278565 -0.572257 -0.728012 -0.639158
internal_weight=295 280 265 249 172 141 77 59 31
internal_count=295 280 265 249 172 141 77 59 31
is_linear=0
shrinkage=0.05


Tree=42
num_leaves=10
num_cat=0
split_feature=65 49 62 47 39 23 40 18 62
split_gain=28972.5 8098.34 4701.37 3770.95 6608.13 2863.3 2058.3 1996.92 1789.77
threshold=11.450000000000001 4.0100000000000007 50.850000000000009 1.5000000000000002 -0.44333333333333286 76.250000000000014 4.5000000000000009 51.95000000000001 87.300000000000011
decision_type=2 2 2 2 2 2 2 2 2
left_child=-1 -2 -3 6 -5 -6 7 -4 -8
right_child=1 2 3 4 5 -7 8 -9 -10
leaf_value=1.5025507259305262 -1.2060189521115128 0.68953424097850302 -0.28250723448064596 0.92848607903999802 0.43168618387437818 -0.37899596869297647 -0.79083346525828047 0.25441462106969021 -0.24229688198965216
leaf_weight=28 18 17 80 19 14.999999999999998 39 32 22 28
leaf_count=28 18 17 80 19 15 39 32 22 28
internal_value=-0.025421 -0.184393 -0.110951 -0.169148 0.129053 -0.153332 -0.303551 -0.166516 -0.535762
internal_weight=298 270 252 235 73 54 162 102 60
internal_count=298 270 252 235 73 54 162 102 60
is_linear=0
shrinkage=0.05


Tree=43
num_leaves=10
num_cat=0
split_feature=65 9 72 49 62 109 84 22 119
split_gain=25823.3 8260.91 12030.9 9410.17 4792.04 5583.27 2848.23 2244.07 1742.04
threshold=11.450000000000001 6.8350000000000009 0.40916666666666673 4.0100000000000007 70.40000000000002 0.007499999999999841 0.0041666666666666666 0.16500000000000004 0.78249999999999986
decision_type=2 2 2 2 2 2 2 2 2
left_child=-1 3 -3 -2 5 -5 8 -4 -6
right_child=1 2 7 4 6 -7 -8 -9 -10
leaf_value=1.5232265722249201 -1.3441932883710492 1.5356753111931314 -0.52393579897673237 0.98792895738920439 -0.42128712877108293 -0.22307604047567098 0.19074861905752977 0.31088469680051628 0.14761585794537274
leaf_weight=26 18 17 15.999999999999998 18 126 20 28 15.999999999999998 14.999999999999998
leaf_count=26 18 17 16 18 126 20 28 16 15
internal_value=0.0204054 -0.122684 0.464968 -0.250833 -0.155131 0.351514 -0.269221 -0.106702 -0.360668
internal_weight=300 274 49 225 207 38 169 32 141
internal_count=300 274 49 225 207 38 169 32 141
is_linear=0
shrinkage=0.05


Tree=44
num_leaves=13
num_cat=0
split_feature=72 33 50 0 14 63 111 62 62 63 10 60
split_gain=34496.7 7508.26 9586.17 14430.9 5376.04 4532.84 4356.46 4479.16 2325.27 1760.73 1371 1422.8
threshold=-1.3766666666666669 0.9199999999999996 36.45000000000001 2568.5000000000005 40.900000000000006 33.95000000000001 -0.29916666666666675 80.65000000000002 74.050000000000011 52.100000000000009 6.285000000000001 55.050000000000004
decision_type=2 2 2 2 2 2 2 2 2 2 2 2
left_child=-1 2 3 -2 8 -6 7 -4 -3 -9 11 -8
right_child=1 4 6 -5 5 -7 10 9 -10 -11 -12 -13
leaf_value=2.3681547307020785 -0.04629981250492568 -1.4345373737101523 0.82080986071285322 1.6720641731933394 0.50551948672846747 -0.52023336182754887 -0.30061283051526921 -0.52361570178278238 -0.59692283363242427 0.1988823050915883 0.065228544898897581 -0.80420967396641263
leaf_weight=14.999999999999998 29 14.999999999999998 20 21 17 29 54 14.999999999999998 19 19 17 19
leaf_count=15 29 15 20 21 17 29 54 15 19 19 17 19
internal_value=0.0415337 -0.0866353 0.081455 0.67721 -0.493909 -0.140768 -0.125696 0.229026 -0.969728 -0.120321 -0.338603 -0.432675
internal_weight=289 274 194 50 80 46 144 54 34 34 90 73
internal_count=289 274 194 50 80 46 144 54 34 34 90 73
is_linear=0
shrinkage=0.05


Tree=45
num_leaves=12
num_cat=0
split_feature=88 66 33 84 39 53 115 20 13 66 111
split_gain=20086.3 7093.77 5115.46 7278.2 9819.72 4811.79 3466.98 2198.14 2067.6 1953.8 643.497
threshold=3.6200000000000006 1.0000000180025095e-35 0.9199999999999996 -0.0083333333333333436 -0.52083333333333293 36.550000000000004 -8.4416666666666682 36.850000000000001 4.3750000000000009 15.550000000000002 -0.12416666666666652
decision_type=2 2 2 2 2 2 2 2 2 2 2
left_child=-1 -2 3 6 -5 -6 -3 9 -8 -4 -11
right_child=1 2 7 4 5 -7 8 -9 -10 10 -12
leaf_value=1.6210068231784036 -1.1817534587536638 0.32083518811311396 -1.0554239355398145 1.2205261529588596 0.49972958252873528 -0.34606790850794533 -0.91706819813153884 0.03838305932394466 -0.29792069486484002 -0.68956064988445764 -0.2765900911042517
leaf_weight=15.999999999999998 17 19 18 23 30 38 17 15.999999999999998 65 14.999999999999998 26
leaf_count=16 17 19 18 23 30 38 17 16 65 15 26
internal_value=-0.0970646 -0.194411 -0.131109 0.005712 0.329866 0.0271905 -0.286336 -0.48098 -0.427302 -0.621735 -0.429109
internal_weight=300 284 267 192 91 68 101 75 82 59 41
internal_count=300 284 267 192 91 68 101 75 82 59 41
is_linear=0
shrinkage=0.05


Tree=46
num_leaves=16
num_cat=0
split_feature=76 123 59 33 67 67 62 41 84 54 43 108 95 24 105
split_gain=9812.36 18438.1 6641.98 5833.59 6518.37 8401.49 5470.74 4192.5 2562.58 2457.5 1341.11 1403.13 781.866 540.193 367.357
threshold=-6.3916666666666613 0.0016666666666666637 32.45000000000001 0.55750000000000022 11.300000000000002 16.650000000000002 80.300000000000011 0.41750000000000004 -0.011666666666666643 56.95000000000001 0.040000000000000042 4.5000000000000009 39.350000000000009 52.95000000000001 11.4
decision_type=2 2 2 2 2 2 2 2 2 2 2 2 2 2 2
left_child=1 2 -1 4 9 6 -6 8 -7 -2 11 12 13 -5 -12
right_child=3 -3 -4 10 5 7 -8 -9 -10 -11 14 -13 -14 -15 -16
leaf_value=-0.7744096851496961 -0.88155217944587783 2.0623161375127883 0.68538465373563451 -0.17530417986413985 1.657204191939325 -0.17371358969058209 0.30605196842294657 -0.62932196991953682 0.66924492888425657 -0.12773469171840765 -0.8609468731963843 0.11439949913530162 -0.73771391925432839 -0.55284674957098556 -0.53260071542874676
leaf_weight=16.000000000000004 18 14.999999999999998 14.999999999999998 26 15.000000000000002 17 14.999999999999998 20 19 27 17 14.999999999999998 14.999999999999998 14.999999999999998 19
leaf_count=16 18 15 15 26 15 17 15 20 19 27 17 15 15 15 19
internal_value=-0.0381305 0.629551 -0.0679642 -0.167409 0.0562942 0.311357 0.985055 -0.0505757 0.271664 -0.430659 -0.441133 -0.314212 -0.429107 -0.31456 -0.689747
internal_weight=284 46 31 238 131 86 30 56 36 45 107 71 56 41 36
internal_count=284 46 31 238 131 86 30 56 36 45 107 71 56 41 36
is_linear=0
shrinkage=0.05


Tree=47
num_leaves=10
num_cat=0
split_feature=64 18 33 74 60 78 103 117 54
split_gain=26938 7929.99 6903.37 6800.62 4780.37 4771.87 5957.06 712.552 544.13
threshold=5.9000000000000012 59.350000000000001 -0.65833333333333355 -1.7250000000000048 59.45000000000001 1.818333333333334 32.050000000000004 0.30833333333333318 68.700000000000003
decision_type=2 2 2 2 2 2 2 2 2
left_child=-1 2 -2 -3 5 6 -4 -5 -7
right_child=1 3 4 7 -6 8 -8 -9 -10
leaf_value=2.0824929196313517 1.0760383162672156 -1.5335278626309325 0.55432212212668042 -0.50532228617378361 -0.65066461466060355 -0.62084282969836124 -0.099230329605060008 -0.071565873350077011 -0.25607887810012936
leaf_weight=14.999999999999998 14.999999999999998 14.999999999999998 65 18 27 15.999999999999998 75 20 29
leaf_count=15 15 15 65 18 27 16 75 20 29
internal_value=0.0253522 -0.085538 0.043095 -0.635614 -0.0304399 0.060355 0.204348 -0.277948 -0.386973
internal_weight=295 280 227 53 212 185 140 38 45
internal_count=295 280 227 53 212 185 140 38 45
is_linear=0
shrinkage=0.05


Tree=48
num_leaves=12
num_cat=0
split_feature=74 80 64 31 33 84 57 33 67 63 98
split_gain=8467.4 14352 8304.01 6352 5782.96 2913.98 4340.5 3116.8 2061.22 1105 660.487
threshold=-9.3750000000000018 0.17166666666666644 13.350000000000001 0.025833333333333378 0.68833333333333357 -0.020833333333333325 42.350000000000009 0.48333333333333389 1.0000000180025095e-35 47.70000000000001 32.20000000000001
decision_type=2 2 2 2 2 2 2 2 2 2 2
left_child=1 -1 -2 5 -5 9 7 -7 -8 -4 -11
right_child=2 -3 3 4 -6 6 8 -9 -10 10 -12
leaf_value=-0.38495662086057347 -1.3157891588495267 1.7963273111558118 -0.74719532299001779 1.263854464265018 -0.12123225232623272 0.94523431575850925 -0.72035778727979283 -0.016784575347500948 -0.14418556400685553 -0.092011258383526612 -0.54749470799174538
leaf_weight=15.000000000000002 14.999999999999998 14.999999999999998 26 15.000000000000002 14.999999999999998 14.999999999999998 18 19 110 17 14.999999999999998
leaf_count=15 15 15 26 15 15 15 18 19 110 17 15
internal_value=-0.0868564 0.707864 -0.177077 -0.108235 0.573043 -0.201378 -0.0923248 0.409016 -0.225748 -0.505204 -0.306715
internal_weight=295 30 265 250 30 220 162 34 128 58 32
internal_count=295 30 265 250 30 220 162 34 128 58 32
is_linear=0
shrinkage=0.05


Tree=49
num_leaves=11
num_cat=0
split_feature=76 64 50 39 50 27 72 57 103 54
split_gain=22602.2 8230.55 7706.26 14000.2 3931.89 1676.23 3242.34 4794.6 1335.34 982.598
threshold=-13.55833333333333 17.150000000000002 35.650000000000006 0.34083333333333338 27.750000000000004 30.750000000000004 0.63333333333333253 51.000000000000007 14.650000000000002 65.15000000000002
decision_type=2 2 2 2 2 2 2 2 2 2
left_child=-1 -2 3 -3 -5 6 7 -4 -8 -7
right_child=1 2 5 4 -6 9 8 -9 -10 -11
leaf_value=1.5272764321529504 -1.102422876102138 1.7878540735371065 0.85713734339669101 -0.47015974849321263 0.47396788380362775 -0.67892699122944944 0.19732475495891066 -0.21379903531693795 -0.30734557255067041 -0.16732457662406175
leaf_weight=23 19 14.999999999999998 19 21 23 23 14.999999999999998 23 100 15.999999999999998
leaf_count=23 19 15 19 21 23 23 15 23 100 16
internal_value=0.0252724 -0.101301 -0.0262853 0.474194 0.0232038 -0.17713 -0.104062 0.271439 -0.241361 -0.470131
internal_weight=297 274 255 59 44 196 157 42 115 39
internal_count=297 274 255 59 44 196 157 42 115 39
is_linear=0
shrinkage=0.05


Tree=50
num_leaves=10
num_cat=0
split_feature=88 111 66 67 52 45 83 54 65
split_gain=23798 8543.01 7935.66 5151.84 5412.77 9974.68 2774.96 2401.25 781.154
threshold=3.6200000000000006 1.3741666666666663 1.0000000180025095e-35 9.0500000000000025 4.955000000000001 -0.0033333333333333405 4.5000000000000009 41.350000000000001 38.300000000000004
decision_type=2 2 2 2 2 2 2 2 2
left_child=-1 2 -2 7 5 -5 -6 -4 -9
right_child=1 -3 3 4 6 -7 -8 8 -10
leaf_value=1.8111805438995359 -1.2516355404202242 1.0469527298646257 -0.99052140280517209 -0.14550164305203334 -0.17970918763706678 1.5078706679136857 0.53636171651991793 -0.51151510595780691 -0.11901275130655493
leaf_weight=17 15.999999999999998 14.999999999999998 17 21 130 15.999999999999998 14.999999999999998 24 27
leaf_count=17 16 15 17 21 130 16 15 24 27
internal_value=0.000163353 -0.109988 -0.175616 -0.106258 0.0325125 0.571473 -0.10528 -0.477249 -0.304457
internal_weight=298 281 266 250 182 37 145 68 51
internal_count=298 281 266 250 182 37 145 68 51
is_linear=0
shrinkage=0.05


Tree=51
num_leaves=9
num_cat=0
split_feature=84 45 105 115 65 0 62 76
split_gain=20937.6 8907.95 9548.32 4435.42 4428.48 2558.5 2354.95 2408.7
threshold=0.017500000000000005 -0.025833333333333316 1.0000000180025095e-35 -8.7000000000000011 32.650000000000006 1703.5000000000002 57.300000000000004 -5.7750000000000012
decision_type=2 2 2 2 2 2 2 2
left_child=1 5 -3 4 -4 -1 -5 -8
right_child=-2 2 3 6 -6 -7 7 -9
leaf_value=-1.3710106710724483 1.2967291585614591 1.0063062026884884 0.97233911384093119 -0.77530591379829306 -0.055650524976508645 -0.47170839116565494 0.35440759136902161 -0.23041521271325013
leaf_weight=14.999999999999998 29 21 17 17 27 17 20 142
leaf_count=15 29 21 17 17 27 17 20 142
internal_value=0.0210821 -0.113356 -0.0103204 -0.106487 0.342718 -0.89637 -0.217064 -0.15801
internal_weight=305 276 244 223 44 32 179 162
internal_count=305 276 244 223 44 32 179 162
is_linear=0
shrinkage=0.05


Tree=52
num_leaves=11
num_cat=0
split_feature=76 33 9 71 122 14 64 66 111 123
split_gain=22185.4 6123.88 8035.61 7355.12 2943.25 2901.65 2609.25 2553.67 1936.48 1640.97
threshold=-20.050000000000001 0.9199999999999996 6.8350000000000009 4.5000000000000009 5.5000000000000009 40.900000000000006 35.850000000000009 15.150000000000002 0.3475000000000002 -0.0016666666666666911
decision_type=2 2 2 2 2 2 2 2 2 2
left_child=-1 2 4 -4 7 9 -7 -2 -9 -3
right_child=1 5 3 -5 -6 6 -8 8 -10 -11
leaf_value=1.894008917208539 -0.57015654379661951 -0.41375502280841608 1.4191746381369872 0.029322033839700109 0.58201433538601099 0.27811407506136604 -0.49728808355727311 0.12782120233965172 -0.28785750514008646 -1.1259007530317779
leaf_weight=14.999999999999998 29 14.999999999999998 19 19 14.999999999999998 18 27 67 48 18
leaf_count=15 29 15 19 19 15 18 27 67 48 18
internal_value=0.0280055 -0.0744098 0.074069 0.72628 -0.0821325 -0.449093 -0.187087 -0.151705 -0.0457354 -0.804577
internal_weight=290 275 197 38 159 78 45 144 115 33
internal_count=290 275 197 38 159 78 45 144 115 33
is_linear=0
shrinkage=0.05


Tree=53
num_leaves=14
num_cat=0
split_feature=62 49 72 119 35 67 99 102 115 79 35 88 80
split_gain=22027.5 6788.33 6004.58 8783.78 9626.3 8942.3 2884.79 1773.36 1099.32 2135.55 1350.9 898.903 477.341
threshold=27.900000000000002 3.6900000000000004 0.50083333333333357 -0.2133333333333329 9.2166666666666668 14.650000000000002 49.650000000000013 36.150000000000006 -6.6000000000000041 3.5000000000000004 6.6500000000000012 4.8850000000000007 -0.13000000000000031
decision_type=2 2 2 2 2 2 2 2 2 2 2 2 2
left_child=-1 -2 3 6 5 -5 -3 -6 9 -4 -11 -10 -13
right_child=1 2 8 4 7 -7 -8 -9 11 10 -12 12 -14
leaf_value=1.7397330886787838 -1.1057094650979367 -0.70993931801963184 -0.45870248688831589 2.068263955812276 -0.38891858186153383 0.36807513915939838 0.076530773566600457 0.37737068058244444 -0.69268202381844846 0.43690966260966974 -0.18904222016845715 -0.09977196273041436 -0.36328113022760061
leaf_weight=17 15.999999999999998 21 22 16.000000000000004 15.000000000000002 14.999999999999998 26 14.999999999999998 15.999999999999998 20 14.999999999999998 25 56
leaf_count=17 16 21 22 16 15 15 26 15 16 20 15 25 56
internal_value=-0.00204557 -0.109162 -0.0478869 0.237792 0.633185 1.24958 -0.275526 -0.00562702 -0.24829 -0.0737299 0.168728 -0.350634 -0.282236
internal_weight=295 278 262 108 61 31 47 30 154 57 35 97 81
internal_count=295 278 262 108 61 31 47 30 154 57 35 97 81
is_linear=0
shrinkage=0.05


Tree=54
num_leaves=10
num_cat=0
split_feature=9 53 49 60 19 47 82 78 79
split_gain=6414.64 10556.8 7820.09 3048.68 4987.35 2104.39 3827.17 1402.98 1014.88
threshold=6.8350000000000009 23.650000000000002 3.9050000000000007 60.300000000000004 6.0900000000000007 1.5000000000000002 -0.1858333333333326 1.2616666666666669 1.5000000000000002
decision_type=2 2 2 2 2 2 2 2 2
left_child=2 -2 -1 4 5 8 -7 -3 -4
right_child=1 7 3 -5 -6 6 -8 -9 -10
leaf_value=-1.2492363451923454 1.2990786190432404 0.25659083920235964 0.014175861085325609 -0.73771475847298495 0.76798720557168632 -0.51737968482469254 0.39919360321987407 -0.33272746792578611 -0.3522362540439693
leaf_weight=18 19 15.999999999999998 23 21 14.999999999999998 17 34 27 105
leaf_count=18 19 16 23 21 15 17 34 27 105
internal_value=-0.130722 0.320879 -0.250998 -0.166859 -0.104692 -0.178237 0.0931567 -0.113244 -0.286398
internal_weight=295 62 233 215 194 179 51 43 128
internal_count=295 62 233 215 194 179 51 43 128
is_linear=0
shrinkage=0.05


Tree=55
num_leaves=10
num_cat=0
split_feature=65 49 21 33 12 62 70 74 16
split_gain=24674.3 6702.74 3601.22 3426.38 3080.39 3494.79 2710.48 1245.77 405.017
threshold=11.450000000000001 4.0100000000000007 63.100000000000009 0.9199999999999996 64.90000000000002 81.65000000000002 -0.023333333333332981 2.0666666666666669 5.1050000000000013
decision_type=2 2 2 2 2 2 2 2 2
left_child=-1 -2 3 4 6 -6 -3 -5 -9
right_child=1 2 -4 7 5 -7 -8 8 -10
leaf_value=1.5052489446954251 -1.0332416181406263 -0.40091957812034362 0.68625836165054988 -0.77733397177088326 0.92555183870357693 -0.087963983583154146 0.063123585161145551 -0.43994391626088403 -0.12722051839033763
leaf_weight=26 18 45 15.999999999999998 17 18 15.999999999999998 104 19 23
leaf_count=26 18 45 16 17 18 16 104 19 23
internal_value=0.0357859 -0.103119 -0.0378319 -0.08599 0.0208682 0.449597 -0.077165 -0.41699 -0.269518
internal_weight=302 276 258 242 183 34 149 59 42
internal_count=302 276 258 242 183 34 149 59 42
is_linear=0
shrinkage=0.05


Tree=56
num_leaves=13
num_cat=0
split_feature=64 49 62 39 26 78 27 72 48 102 89 109
split_gain=19200.5 7219.82 5461.22 10406.4 5376.06 5985.01 1395.22 1738.86 1668.28 1027.87 794.133 618.954
threshold=7.7000000000000011 3.6900000000000004 76.450000000000017 -0.52083333333333293 30.500000000000004 -0.79833333333333278 30.750000000000004 1.0225000000000002 6.7650000000000006 44.500000000000007 26.950000000000003 0.011666666666666272
decision_type=2 2 2 2 2 2 2 2 2 2 2 2
left_child=-1 -2 3 -3 10 -6 7 8 -4 -8 -5 -9
right_child=1 2 6 4 5 -7 9 11 -10 -11 -12 -13
leaf_value=1.7127711292379388 -1.0907775375413598 1.5068962778081958 0.55575625635930248 -0.68053235565589754 1.2392344290057555 0.03129008416364961 -0.23014343550272912 -0.38517700446473163 -0.046666089470136188 -0.75449943264193886 -0.18684307488288671 -0.066412135080677837
leaf_weight=15.999999999999998 15.999999999999998 14.999999999999998 14.999999999999998 14.999999999999998 14.999999999999998 32 25 42 48 14.999999999999998 18 24
leaf_count=16 16 15 15 15 15 32 25 42 48 15 18 24
internal_value=0.0336658 -0.0628425 -0.000135018 0.302977 0.0755799 0.418723 -0.170631 -0.0904276 0.097342 -0.428293 -0.412776 -0.269614
internal_weight=296 280 264 95 80 47 169 129 63 40 33 66
internal_count=296 280 264 95 80 47 169 129 63 40 33 66
is_linear=0
shrinkage=0.05


Tree=57
num_leaves=12
num_cat=0
split_feature=76 33 31 84 13 99 0 63 13 65 19
split_gain=20264.9 6255.62 6793.87 4351.55 5742.61 2468.17 2507.16 1888.88 1848.88 1659.37 1606.23
threshold=-20.050000000000001 0.9199999999999996 0.025833333333333378 -0.020833333333333325 4.2550000000000008 56.45000000000001 1843.0000000000002 36.150000000000006 6.455000000000001 38.600000000000009 5.4750000000000005
decision_type=2 2 2 2 2 2 2 2 2 2 2
left_child=-1 2 3 10 -5 6 7 -3 -8 -6 -2
right_child=1 5 -4 4 9 -7 8 -9 -10 -11 -12
leaf_value=1.8159033289808311 -0.18566910350459748 -1.2939664935434099 0.89347947113441695 0.76075838939999341 -0.22640359312615599 0.15060167713275807 -0.56642991867545356 -0.49566341587989937 0.14545434948229632 0.16999506855690796 -0.79086623116937593
leaf_weight=14.999999999999998 26 15.000000000000002 23 28 57 14.999999999999998 23 14.999999999999998 14.999999999999998 49 19
leaf_count=15 26 15 23 28 57 15 23 15 15 49 19
internal_value=0.0308628 -0.0636731 0.0864883 -0.0176163 0.125253 -0.428851 -0.556778 -0.897954 -0.285648 -0.0431281 -0.442495
internal_weight=300 285 202 179 134 83 68 30 38 106 45
internal_count=300 285 202 179 134 83 68 30 38 106 45
is_linear=0
shrinkage=0.05


Tree=58
num_leaves=7
num_cat=0
split_feature=62 49 33 31 29 104
split_gain=20295.2 6671.39 4462.99 4013.36 2631.48 2701.31
threshold=27.900000000000002 3.6900000000000004 -0.65833333333333355 0.025833333333333378 49.500000000000007 10.800000000000002
decision_type=2 2 2 2 2 2
left_child=-1 -2 -3 4 -4 -6
right_child=1 2 3 -5 5 -7
leaf_value=1.79450791055793 -1.0755165538432434 0.77961472628279505 0.38080548257059399 0.49461423299409363 0.4146617177850711 -0.26097796567472065
leaf_weight=14.999999999999998 15.999999999999998 15.999999999999998 21 27 15.999999999999998 183
leaf_count=15 16 16 21 27 16 183
internal_value=0.00908902 -0.0874919 -0.026979 -0.0795426 -0.150223 -0.206449
internal_weight=294 279 263 247 220 199
internal_count=294 279 263 247 220 199
is_linear=0
shrinkage=0.05


Tree=59
num_leaves=12
num_cat=0
split_feature=64 45 13 73 11 62 95 99 66 11 101
split_gain=21165.6 5187.23 5866.27 10641.4 2720.27 3995.46 6789.39 1961.26 1552.22 1072.73 918.205
threshold=5.9000000000000012 -0.030833333333333334 4.2550000000000008 4.5000000000000009 40.900000000000006 77.15000000000002 33.650000000000013 50.750000000000007 13.450000000000001 45.050000000000004 59.400000000000006
decision_type=2 2 2 2 2 2 2 2 2 2 2
left_child=-1 -2 3 -3 8 6 -6 -5 -4 -7 -10
right_child=1 2 4 7 5 9 -8 -9 10 -11 -12
leaf_value=1.8497532105603753 -0.84560858097242475 1.5895224995960464 -0.68974870745815442 -0.44061980192234967 -0.090997944207027046 0.15848376225240482 1.1697092320378972 0.36522959802324412 0.034523926638199337 -0.31444818163626764 -0.30842034646110861
leaf_weight=14.999999999999998 20 14.999999999999998 20 15.000000000000002 26 15.999999999999998 18 14.999999999999998 28 47 64
leaf_count=15 20 15 20 15 26 16 18 15 28 47 64
internal_value=0.025634 -0.0713099 -0.012334 0.506949 -0.119241 0.0609969 0.426115 -0.0376542 -0.291379 -0.194198 -0.204068
internal_weight=299 284 264 45 219 107 44 30 112 63 92
internal_count=299 284 264 45 219 107 44 30 112 63 92
is_linear=0
shrinkage=0.05


Tree=60
num_leaves=12
num_cat=0
split_feature=84 70 50 77 66 53 66 33 70 91 43
split_gain=14493 21922.7 7828.74 3768.02 5860.45 5211.52 1562.21 1700.05 1291.81 1087.32 512.986
threshold=0.017500000000000005 0.00083333333333346371 20.400000000000002 3.5000000000000004 28.550000000000004 22.750000000000004 19.100000000000005 -0.39416666666666694 0.03666666666666752 4.4050000000000002 -0.099166666666667055
decision_type=2 2 2 2 2 2 2 2 2 2 2
left_child=2 -2 -1 4 5 -4 9 -8 -9 -5 -11
right_child=1 -3 3 6 -6 -7 7 8 -10 10 -12
leaf_value=-0.98863337600373635 -0.25068250519136037 2.2873319156791854 1.3923280551733561 -0.73214267889658613 -0.33630450933010547 0.17315440528200701 0.35525752711670561 -0.24015481883023573 0.1954678348455384 -0.046249061718321688 -0.42940044541385292
leaf_weight=25 18 15.999999999999998 14.999999999999998 17 23 21 19 88 21 17 18
leaf_count=25 18 16 15 17 23 21 19 88 21 17 18
internal_value=-0.0233225 0.946736 -0.148584 -0.0603154 0.28611 0.683732 -0.173989 -0.0799208 -0.156079 -0.404849 -0.244103
internal_weight=298 34 264 239 59 36 180 128 109 52 35
internal_count=298 34 264 239 59 36 180 128 109 52 35
is_linear=0
shrinkage=0.05


Tree=61
num_leaves=14
num_cat=0
split_feature=76 0 72 119 37 87 119 57 6 87 68 67 54
split_gain=18313.7 4973.39 3902.87 7327.75 7865.63 7564.69 3006.39 1300.85 1090.86 1323.97 643.15 680.205 510.263
threshold=-20.050000000000001 342.00000000000006 0.50083333333333357 -0.18666666666666651 11.766666666666667 6.7750000000000012 -0.4408333333333338 49.850000000000009 2.5000000000000004 6.8250000000000011 54.500000000000007 9.3000000000000025 61.850000000000001
decision_type=2 2 2 2 2 2 2 2 2 2 2 2 2
left_child=-1 -2 3 6 5 -5 7 -3 9 12 11 -10 -4
right_child=1 2 8 4 -6 -7 -8 -9 10 -11 -12 -13 -14
leaf_value=1.6972401502116625 -0.84778409375628427 0.39141974472841673 -0.41966334909859282 1.7688510815999661 -0.17162095516054465 0.37773055256187144 -0.71534388528615933 -0.2545968765057392 -0.52764111690639703 0.24969840622567513 -0.59555317657428553 -0.14324278135369295 -0.09039822652542695
leaf_weight=14.999999999999998 20 15.000000000000002 18 17 24 23 21 15.999999999999998 15.999999999999998 23 18 41 34
leaf_count=15 20 15 18 17 24 23 21 16 16 23 18 41 34
internal_value=0.000149907 -0.089403 -0.0320659 0.185612 0.543477 0.972018 -0.254939 0.0580845 -0.200448 -0.0653855 -0.335177 -0.251967 -0.205057
internal_weight=301 286 266 116 64 40 52 31 150 75 75 57 52
internal_count=301 286 266 116 64 40 52 31 150 75 75 57 52
is_linear=0
shrinkage=0.05


Tree=62
num_leaves=10
num_cat=0
split_feature=88 39 50 72 27 119 109 103 90
split_gain=17118.2 4779 5518.95 3364.14 6594.34 6990.29 741.291 947.837 505.812
threshold=3.5300000000000002 2.5975000000000006 20.400000000000002 0.50083333333333357 34.900000000000006 -0.2133333333333329 -0.018333333333332199 16.650000000000002 47.850000000000009
decision_type=2 2 2 2 2 2 2 2 2
left_child=-1 2 -2 4 5 -4 8 -8 -5
right_child=1 -3 3 6 -6 -7 7 -9 -10
leaf_value=1.6479078346530334 -0.8341128753000997 0.75905567044797151 -0.15782052337937638 -0.49827447988323326 -0.48083090151298491 0.81241160506961219 0.24028475758255718 -0.19388059979669264 -0.19899793031801108
leaf_weight=14.999999999999998 25 15.999999999999998 32 29 29 44 14.999999999999998 75 28
leaf_count=15 25 16 32 29 29 44 15 75 28
internal_value=0.00616145 -0.0784035 -0.127051 -0.0565832 0.159459 0.404157 -0.210937 -0.121278 -0.351955
internal_weight=308 293 277 252 105 76 147 90 57
internal_count=308 293 277 252 105 76 147 90 57
is_linear=0
shrinkage=0.05


Tree=63
num_leaves=9
num_cat=0
split_feature=64 18 74 33 111 11 68 117
split_gain=18255.4 4933.94 6260.94 4295.18 3427.9 2109.47 2323.74 778.692
threshold=5.9000000000000012 59.350000000000001 -1.7250000000000048 -0.65833333333333355 -1.1258333333333335 24.900000000000002 49.500000000000007 0.35249999999999965
decision_type=2 2 2 2 2 2 2 2
left_child=-1 3 -3 -2 -5 -6 -7 -4
right_child=1 2 7 4 5 6 -8 -9
leaf_value=1.6870279340554548 0.79043093423665678 -1.3931373646717198 -0.40271955141380655 0.67044054798732544 -0.64192173745897074 0.53305393406097468 -0.11429675029869407 0.049587587361836299
leaf_weight=14.999999999999998 15.999999999999998 14.999999999999998 20 14.999999999999998 17 14.999999999999998 169 18
leaf_count=15 16 15 20 15 17 15 169 18
internal_value=-0.00718133 -0.0969282 -0.531704 0.00256037 -0.056116 -0.110668 -0.0612356 -0.18877
internal_weight=300 285 53 232 216 201 184 38
internal_count=300 285 53 232 216 201 184 38
is_linear=0
shrinkage=0.05


Tree=64
num_leaves=7
num_cat=0
split_feature=51 95 123 65 9 102
split_gain=16462.7 4064.22 3989.38 3146.57 1670.73 1942.67
threshold=22.250000000000004 45.850000000000001 0.024166666666666645 13.450000000000001 6.6550000000000011 47.250000000000007
decision_type=2 2 2 2 2 2
left_child=-1 2 3 -2 -5 -6
right_child=1 -3 -4 4 5 -7
leaf_value=1.6246623942394132 -0.77008890726079982 0.72721338832615234 0.57964836995639102 0.35819151333549565 -0.067175095329730081 -0.42021033391070461
leaf_weight=14.999999999999998 20 14.999999999999998 19 17 155 52
leaf_count=15 20 15 19 17 155 52
internal_value=0.0167829 -0.0705082 -0.116284 -0.170711 -0.116853 -0.156044
internal_weight=293 278 263 244 224 207
internal_count=293 278 263 244 224 207
is_linear=0
shrinkage=0.05


Tree=65
num_leaves=13
num_cat=0
split_feature=62 18 72 72 96 0 96 111 53 36 88 108
split_gain=19192.1 4485.01 6206.8 4231.29 11559.7 4508.55 2824.9 3690.1 1704.37 1005.37 650.608 582.327
threshold=27.900000000000002 59.350000000000001 -0.021666666666667386 0.022500000000000412 50.750000000000007 2320.5000000000005 46.600000000000009 -0.37749999999999989 28.800000000000004 4.5000000000000009 4.9650000000000007 2.5000000000000004
decision_type=2 2 2 2 2 2 2 2 2 2 2 2
left_child=-1 3 -3 4 5 -2 7 -5 -8 -10 -4 -9
right_child=1 2 10 6 -6 -7 8 11 9 -11 -12 -13
leaf_value=1.6806124219983258 -0.56139099553412908 -1.3628017993952266 -0.43145794671102866 0.60893021243739409 1.3424490936953035 0.50014692133630223 -0.71385096823357774 -0.32474721734657952 -0.031375032340109736 -0.37409790635917178 -0.015507931063374676 0.043393607815699786
leaf_weight=15.999999999999998 24 14.999999999999998 14.999999999999998 25 20 17 19 23 46 40 25 20
leaf_count=16 24 15 15 25 20 17 19 23 46 40 25 20
internal_value=0.000438989 -0.0931128 -0.498958 0.00242908 0.360167 -0.120973 -0.123816 0.127088 -0.28632 -0.191088 -0.172301 -0.1537
internal_weight=305 289 55 234 61 41 173 68 105 86 40 43
internal_count=305 289 55 234 61 41 173 68 105 86 40 43
is_linear=0
shrinkage=0.05


Tree=66
num_leaves=10
num_cat=0
split_feature=65 49 62 27 47 115 102 123 64
split_gain=14205.2 5802.79 4315.46 1661.73 3333.15 2999.16 1536.96 1112.08 880.419
threshold=11.450000000000001 4.0100000000000007 50.850000000000009 28.150000000000002 1.5000000000000002 5.2083333333333366 47.900000000000006 -0.0016666666666666911 45.95000000000001
decision_type=2 2 2 2 2 2 2 2 2
left_child=-1 -2 -3 4 7 -6 8 -4 -5
right_child=1 2 3 6 5 -7 -8 -9 -10
leaf_value=1.0870756595337083 -1.0341718216120084 0.76451849984806897 0.0034054090939935455 0.0038074399941783413 0.62203614412779973 -0.18788704472022821 -0.69560219751602681 -0.29978628637138671 -0.42365384845443033
leaf_weight=27 15.999999999999998 14.999999999999998 55 30 31 18 19 67 20
leaf_count=27 16 15 55 30 31 18 19 67 20
internal_value=-0.00439946 -0.113524 -0.055355 -0.106915 -0.0232522 0.324635 -0.313847 -0.16317 -0.167582
internal_weight=298 271 255 240 171 49 69 122 50
internal_count=298 271 255 240 171 49 69 122 50
is_linear=0
shrinkage=0.05


Tree=67
num_leaves=7
num_cat=0
split_feature=49 64 31 29 35 51
split_gain=14519.3 4106.61 5603.74 2785.93 1782.84 1755.46
threshold=3.2950000000000004 15.400000000000002 0.025833333333333378 49.500000000000007 -8.5499999999999989 42.750000000000007
decision_type=2 2 2 2 2 2
left_child=-1 -2 3 -3 -5 -6
right_child=1 2 -4 4 5 -7
leaf_value=1.4947531835922343 -0.82585964650738952 0.48965348597855596 0.66289775202948731 0.33192723922847961 -0.62503620806710547 -0.16047321039012252
leaf_weight=14.999999999999998 18 17 25 15.999999999999998 23 172
leaf_count=15 18 17 25 16 23 172
internal_value=-0.0142161 -0.0982774 -0.046187 -0.124216 -0.173907 -0.215586
internal_weight=286 271 253 228 211 195
internal_count=286 271 253 228 211 195
is_linear=0
shrinkage=0.05


Tree=68
num_leaves=10
num_cat=0
split_feature=111 50 76 82 54 54 37 19 25
split_gain=6698.94 8018.26 2642.56 2635.83 4979.75 2149.12 1987.53 1578.12 720.814
threshold=1.3741666666666663 20.400000000000002 -5.7750000000000012 -0.39249999999999957 57.45000000000001 55.800000000000004 7.2166666666666694 5.4750000000000005 36.900000000000006
decision_type=2 2 2 2 2 2 2 2 2
left_child=1 -1 -3 4 -4 7 -7 -5 -6
right_child=-2 2 3 5 8 6 -8 -9 -10
leaf_value=-0.90045790414220273 0.9665568002999223 0.49822665533868432 0.97396351210078835 -0.24165910624438053 -0.35972385284126984 0.15231564135576703 -0.25635235016019031 -0.80072319967704897 0.12884940283977434
leaf_weight=29 14.999999999999998 22 15.999999999999998 49 15.000000000000002 66 54 17 14.999999999999998
leaf_count=29 15 22 16 49 15 66 54 17 15
internal_value=-0.059565 -0.114293 -0.0241952 -0.0739501 0.264525 -0.157783 -0.0316036 -0.38673 -0.115655
internal_weight=298 283 254 232 46 186 120 66 30
internal_count=298 283 254 232 46 186 120 66 30
is_linear=0
shrinkage=0.05


Tree=69
num_leaves=7
num_cat=0
split_feature=24 115 50 95 104 35
split_gain=14330.8 5310.83 7446.72 3160.34 2303.27 1911.83
threshold=21.050000000000004 17.608333333333334 20.400000000000002 45.850000000000001 10.150000000000002 13.033333333333337
decision_type=2 2 2 2 2 2
left_child=-1 2 -2 4 -4 -6
right_child=1 -3 3 -5 5 -7
leaf_value=1.3684963594484065 -0.99690488927808163 0.76965883154618098 0.42086549710228804 0.64364271890248692 -0.073409381825863235 -0.44897725662333232
leaf_weight=18 23 17 19 14.999999999999998 159 43
leaf_count=18 23 17 19 15 159 43
internal_value=0.00554108 -0.0837927 -0.140105 -0.0561957 -0.103988 -0.153564
internal_weight=294 276 259 236 221 202
internal_count=294 276 259 236 221 202
is_linear=0
shrinkage=0.05


Tree=70
num_leaves=13
num_cat=0
split_feature=9 70 59 108 59 78 0 73 49 78 53 84
split_gain=5605.88 9519.19 3185.9 3155.34 3067.61 2805.47 2584.18 4672.91 3701.06 1737.49 851.527 821.704
threshold=6.8350000000000009 0.017500000000000519 38.150000000000013 3.5000000000000004 36.250000000000007 1.0000000180025095e-35 2580.0000000000005 3.5000000000000004 4.6550000000000011 0.17250000000000079 43.400000000000006 -0.01333333333333332
decision_type=2 2 2 2 2 2 2 2 2 2 2 2
left_child=2 3 4 -2 6 -4 8 -8 -1 -10 -9 -7
right_child=1 -3 5 -5 -6 11 7 10 9 -11 -12 -13
leaf_value=-0.94580713908975289 -0.36004507317853612 1.4152001690697966 -1.0355654415331388 0.47343541665456784 0.48541806046914193 -0.4742544703614649 0.8774536781753135 -0.40415508401328026 0.29326952033572729 -0.27312827207113743 0.038809577851277872 0.01111933596385932
leaf_weight=18 26 15.999999999999998 17 20 22 19 14.999999999999998 18 17 65 27 15.999999999999998
leaf_count=18 26 16 17 20 22 19 15 18 17 65 27 16
internal_value=-0.0535118 0.368818 -0.165542 0.00247018 -0.0667821 -0.510315 -0.142997 0.116241 -0.29855 -0.155429 -0.138769 -0.252827
internal_weight=296 62 234 46 182 52 160 60 100 82 45 35
internal_count=296 62 234 46 182 52 160 60 100 82 45 35
is_linear=0
shrinkage=0.05


Tree=71
num_leaves=8
num_cat=0
split_feature=65 45 9 71 72 72 9
split_gain=16990.8 3913.22 3059.31 4476.96 3344.66 2270.23 1036.1
threshold=11.450000000000001 -0.026666666666666655 6.8350000000000009 4.5000000000000009 -0.82666666666666677 -0.42749999999999994 6.6650000000000009
decision_type=2 2 2 2 2 2 2
left_child=-1 -2 4 -4 -3 -6 -7
right_child=1 2 3 -5 5 6 -8
leaf_value=1.283974019125784 -0.68341400390383833 -0.83574407826985753 0.94234251225192234 -0.098625867495398312 0.52577848513394798 0.2560664975503732 -0.15390854996416067
leaf_weight=24 26 14.999999999999998 18 24 14.999999999999998 17 156
leaf_count=24 26 15 18 24 15 17 156
internal_value=0.0117056 -0.101381 -0.0393405 0.348563 -0.119753 -0.0621857 -0.113468
internal_weight=295 271 245 42 203 188 173
internal_count=295 271 245 42 203 188 173
is_linear=0
shrinkage=0.05


Tree=72
num_leaves=8
num_cat=0
split_feature=76 50 65 50 50 95 13
split_gain=14552.6 4769.1 3398.08 1642.45 3069.69 2062.86 1134.63
threshold=-20.050000000000001 20.400000000000002 16.650000000000002 27.750000000000004 36.45000000000001 31.250000000000004 4.5900000000000007
decision_type=2 2 2 2 2 2 2
left_child=-1 -2 -3 -4 5 -5 -6
right_child=1 2 3 4 6 -7 -8
leaf_value=1.5177282891131396 -0.73335426433152884 0.6129518519586592 -0.49659188297850571 0.017973613739013673 0.14839643326860902 0.72693907301224281 -0.17666531281360937
leaf_weight=14.999999999999998 25 20 20 21 33 20 142
leaf_count=15 25 20 20 21 33 20 142
internal_value=0.00558203 -0.0756309 -0.0111193 -0.0642651 -0.0240005 0.364859 -0.11529
internal_weight=296 281 256 236 216 41 175
internal_count=296 281 256 236 216 41 175
is_linear=0
shrinkage=0.05


Tree=73
num_leaves=8
num_cat=0
split_feature=64 50 65 51 62 15 27
split_gain=16341 4679.01 3239.42 2473.05 2201.71 2928.71 1314.21
threshold=7.7000000000000011 20.400000000000002 16.650000000000002 45.150000000000006 75.350000000000009 59.050000000000004 30.750000000000004
decision_type=2 2 2 2 2 2 2
left_child=-1 -2 -3 -4 5 -5 -6
right_child=1 2 3 4 6 -7 -8
leaf_value=1.5498534578714311 -0.73936894267678732 0.68628970566174852 -0.66727369994110208 0.61832596294554398 -0.048212101825997299 -0.073746571207997463 -0.39255465062393502
leaf_weight=15.999999999999998 25 14.999999999999998 15.999999999999998 27 132 35 35
leaf_count=16 25 15 16 27 132 35 35
internal_value=6.63908e-05 -0.0874348 -0.0244694 -0.0682679 -0.0261212 0.22807 -0.120601
internal_weight=301 285 260 245 229 62 167
internal_count=301 285 260 245 229 62 167
is_linear=0
shrinkage=0.05


Tree=74
num_leaves=9
num_cat=0
split_feature=111 72 45 73 52 56 51 74
split_gain=4495.57 7894.78 3751.04 3878.29 5218.42 2790.17 1518.73 1271.35
threshold=1.3741666666666663 -0.82666666666666677 -0.025833333333333316 3.5000000000000004 4.955000000000001 36.750000000000007 53.850000000000001 11.941666666666668
decision_type=2 2 2 2 2 2 2 2
left_child=1 -1 -3 4 -4 -6 -5 -8
right_child=-2 2 3 6 5 -7 7 -9
leaf_value=-1.0368378634905921 0.72899558629308425 -0.61872532899809063 1.0735997877726897 -0.49121363540580365 0.42649019109129338 -0.43286046898155883 0.13305765737522576 -0.16601510597716948
leaf_weight=22 15.999999999999998 26 18 22 21 17 59 89
leaf_count=22 16 26 18 22 21 17 59 89
internal_value=-0.0830089 -0.130692 -0.0511845 0.0143305 0.374852 0.0417855 -0.104551 -0.0467471
internal_weight=290 274 252 226 56 38 170 148
internal_count=290 274 252 226 56 38 170 148
is_linear=0
shrinkage=0.05


Tree=75
num_leaves=12
num_cat=0
split_feature=64 50 62 52 57 66 78 68 97 70 35
split_gain=12870.9 3673.42 2740.66 3385.85 3304.54 1110.33 1581.92 1010.17 947.218 902.769 798.033
threshold=7.7000000000000011 20.400000000000002 76.450000000000017 4.2550000000000008 47.150000000000013 34.900000000000006 0.59750000000000003 52.500000000000007 5.3150000000000004 -0.0066666666666663757 4.0166666666666666
decision_type=2 2 2 2 2 2 2 2 2 2 2
left_child=-1 -2 3 -3 -5 6 -4 -7 -8 -9 -6
right_child=1 2 5 4 10 7 8 9 -10 -11 -12
leaf_value=1.3521978200592608 -0.67861789635928016 0.74956016582043006 -0.58998618756217514 0.45919196043891469 -0.0058674252002027015 -0.29995970840485681 -0.28897555331838104 -0.060004308573596656 0.030781430422969686 0.46189866560216281 -0.43569099789121712
leaf_weight=15.999999999999998 25 20 26 26 19 14.999999999999998 53 17 41 15.999999999999998 25
leaf_count=16 25 20 26 26 19 15 53 17 41 16 25
internal_value=-0.0229415 -0.101156 -0.0449394 0.17756 0.0132239 -0.1642 -0.245446 0.0389003 -0.149569 0.193519 -0.250633
internal_weight=299 283 258 90 70 168 120 48 94 33 44
internal_count=299 283 258 90 70 168 120 48 94 33 44
is_linear=0
shrinkage=0.05


Tree=76
num_leaves=8
num_cat=0
split_feature=115 115 64 27 25 72 84
split_gain=12474 4694.15 4489.78 2282.4 1962.71 2463.52 913.03
threshold=-18.791666666666664 18.75833333333334 17.150000000000002 40.95000000000001 23.900000000000002 0.52166666666666661 -0.0033333333333333405
decision_type=2 2 2 2 2 2 2
left_child=-1 2 -2 4 6 -6 -4
right_child=1 -3 3 -5 5 -7 -8
leaf_value=1.3617560823511632 -0.72715179192184076 0.78917750082663363 -0.50965050360358566 -0.62385454300027465 0.27229536650266722 -0.094895332156371248 -0.016126280273033294
leaf_weight=15.999999999999998 27 14.999999999999998 25 15.999999999999998 79 108 14.999999999999998
leaf_count=16 27 15 25 16 79 108 15
internal_value=0.00770716 -0.0687431 -0.116698 -0.0485784 -0.00775146 0.0602639 -0.325205
internal_weight=301 285 270 243 227 187 40
internal_count=301 285 270 243 227 187 40
is_linear=0
shrinkage=0.05


Tree=77
num_leaves=10
num_cat=0
split_feature=72 37 89 11 27 76 67 117 65
split_gain=18404.1 3708.49 3007.95 2151.65 2971.77 5535.09 1769.74 1890.41 1654.76
threshold=-1.2383333333333337 23.208333333333336 15.600000000000003 40.900000000000006 34.900000000000006 0.73333333333333439 12.250000000000002 -0.64749999999999985 38.850000000000001
decision_type=2 2 2 2 2 2 2 2 2
left_child=-1 2 -2 6 5 -5 8 -8 -4
right_child=1 -3 3 4 -6 -7 7 -9 -10
leaf_value=1.7330058604676204 0.62799837512579582 -0.7731682137351984 -0.59618189452150749 0.99817886613494711 -0.30288765207189061 0.012730193122948262 0.40120809059492579 -0.16652223688746595 -0.040284412777519193
leaf_weight=14.999999999999998 17 17 37 20 29 49 19 63 21
leaf_count=15 17 17 37 20 29 49 19 63 21
internal_value=0.0339344 -0.0603485 -0.0125231 -0.0585402 0.121044 0.299471 -0.184281 -0.0345856 -0.39541
internal_weight=287 272 255 238 98 69 140 82 58
internal_count=287 272 255 238 98 69 140 82 58
is_linear=0
shrinkage=0.05


Tree=78
num_leaves=7
num_cat=0
split_feature=88 111 65 78 78 9
split_gain=19266.3 4488.13 8093.62 4673.37 6580.18 1447.7
threshold=3.6200000000000006 1.3741666666666663 13.450000000000001 -1.2925000000000002 -0.44666666666666716 6.6850000000000014
decision_type=2 2 2 2 2 2
left_child=-1 2 -2 -4 -5 -6
right_child=1 -3 3 4 5 -7
leaf_value=1.7515866571704284 -1.0689782726821175 0.75680548552645766 -0.6676044048858305 1.0355863275906898 0.2939213948808026 -0.098625426263585989
leaf_weight=14.999999999999998 21 14.999999999999998 27 14.999999999999998 27 176
leaf_count=15 21 15 27 15 27 176
internal_value=0.0116984 -0.0817505 -0.129323 -0.0483574 0.0285864 -0.0462711
internal_weight=296 281 266 245 218 203
internal_count=296 281 266 245 218 203
is_linear=0
shrinkage=0.05


Tree=79
num_leaves=8
num_cat=0
split_feature=115 45 78 52 73 29 66
split_gain=9837.09 4962.3 4399.58 6302.07 2568.08 1548.47 1993.6
threshold=-18.791666666666664 -0.030833333333333334 -1.2925000000000002 4.2550000000000008 2.5000000000000004 49.500000000000007 17.450000000000006
decision_type=2 2 2 2 2 2 2
left_child=-1 -2 4 -4 -3 -5 -7
right_child=1 2 3 5 -6 6 -8
leaf_value=1.1301020536157818 -0.90620172983292702 -1.0737038614734116 0.95131763909992406 0.34726891793411779 -0.16298000086908754 -0.40723740250206647 -0.0079592599969338911
leaf_weight=17 18 15.000000000000002 17 22 15.999999999999998 40 142
leaf_count=17 18 15 17 22 16 40 142
internal_value=-0.0328752 -0.106509 -0.049032 0.0292897 -0.605849 -0.04795 -0.0959156
internal_weight=287 270 252 221 31 204 182
internal_count=287 270 252 221 31 204 182
is_linear=0
shrinkage=0.05


Tree=80
num_leaves=8
num_cat=0
split_feature=76 64 37 95 25 24 72
split_gain=12351.4 3530.43 2829.65 2055.26 1443.77 1640.1 1035.85
threshold=-20.050000000000001 13.350000000000001 -11.158333333333339 44.400000000000013 51.850000000000001 50.750000000000007 0.33916666666666712
decision_type=2 2 2 2 2 2 2
left_child=-1 -2 -3 4 5 -4 -6
right_child=1 2 3 -5 6 -7 -8
leaf_value=1.4196389657772139 -0.66994986522819189 0.66669778918588407 -0.11623040478145961 0.47550397348173412 -0.65811156752687072 0.19991903412463097 -0.14665800503158935
leaf_weight=14.999999999999998 21 14.999999999999998 134 18 15.999999999999998 59 26
leaf_count=15 21 15 134 18 16 59 26
internal_value=0.0255663 -0.0472391 0.00176839 -0.0378824 -0.0774124 -0.0195043 -0.342717
internal_weight=304 289 268 253 235 193 42
internal_count=304 289 268 253 235 193 42
is_linear=0
shrinkage=0.05


Tree=81
num_leaves=13
num_cat=0
split_feature=37 29 50 31 43 58 103 109 40 56 62 119
split_gain=2728.7 3969.98 3488.21 3460.74 2351.21 2741.57 2499.84 2072.27 1232.12 1005.23 414.785 350.223
threshold=11.766666666666667 49.500000000000007 20.400000000000002 0.025833333333333378 -0.039166666666666565 5.5750000000000011 26.800000000000001 -0.050833333333333279 1.5000000000000002 32.750000000000007 84.800000000000011 -1.0000000180025095e-35
decision_type=2 2 2 2 2 2 2 2 2 2 2 2
left_child=1 -1 -2 4 6 8 -3 -4 -6 11 -8 -9
right_child=2 3 7 -5 5 -7 10 9 -10 -11 -12 -13
leaf_value=0.76339729111096999 -0.96384441156565015 0.51567397390110081 0.35078258921641003 0.66418226005868142 -0.47730001336303207 -0.76874024642022298 -0.23163018261814472 0.043294534523513444 -0.00052561167964983787 -0.52111141382506065 0.095409156155112571 -0.2828399849155091
leaf_weight=17 15.999999999999998 25 15.999999999999998 15.999999999999998 18 21 27 17.999999999999996 54 26 14.999999999999998 15.000000000000002
leaf_count=17 16 25 16 16 18 21 27 18 54 26 15 15
internal_value=-0.0703703 0.0360505 -0.295923 -0.0345698 -0.104847 -0.267433 0.120818 -0.152272 -0.120285 -0.289141 -0.114762 -0.105204
internal_weight=284 193 91 176 160 93 67 75 72 59 42 33
internal_count=284 193 91 176 160 93 67 75 72 59 42 33
is_linear=0
shrinkage=0.05


Tree=82
num_leaves=7
num_cat=0
split_feature=65 17 4 74 62 62
split_gain=18398.2 2332.43 2244.13 2762.12 2122.65 2121.24
threshold=11.450000000000001 47.150000000000013 11.500000000000002 -6.5 65.90000000000002 76.450000000000017
decision_type=2 2 2 2 2 2
left_child=-1 2 3 -2 -5 -6
right_child=1 -3 -4 4 5 -7
leaf_value=1.3706165547494764 0.53035146623715013 -0.53140046380168593 -0.5177420240201992 -0.49873206791046742 0.3686594990253263 -0.083191329226565677
leaf_weight=23 22 28 23 24 32 136
leaf_count=23 22 28 23 24 32 136
internal_value=0.0172579 -0.100657 -0.049544 0.000971296 -0.0599053 0.00301386
internal_weight=288 265 237 214 192 168
internal_count=288 265 237 214 192 168
is_linear=0
shrinkage=0.05


Tree=83
num_leaves=9
num_cat=0
split_feature=24 92 31 24 50 91 76 96
split_gain=11201.5 3408.17 4181.77 9807.77 4096.59 2277.82 2577.7 1171.89
threshold=21.050000000000004 10.350000000000001 0.025833333333333378 47.500000000000007 34.45000000000001 7.1100000000000003 -5.7750000000000012 46.600000000000009
decision_type=2 2 2 2 2 2 2 2
left_child=-1 4 5 -4 -2 6 -3 -8
right_child=1 2 3 -5 -6 -7 7 -9
leaf_value=1.3342646582237143 -1.1352173351787573 0.45100819087119853 1.4619688946087626 -0.34109384105695012 -0.11892798078531253 -0.53632871082850864 0.080323782071082109 -0.19329002077001073
leaf_weight=14.999999999999998 14.999999999999998 26 15.000000000000002 14.999999999999998 29 23 65 98
leaf_count=15 15 26 15 15 29 23 65 98
internal_value=0.00700588 -0.0630301 0.010614 0.562133 -0.467292 -0.0676358 -0.0103192 -0.0841672
internal_weight=301 286 242 30 44 212 189 163
internal_count=301 286 242 30 44 212 189 163
is_linear=0
shrinkage=0.05


Tree=84
num_leaves=7
num_cat=0
split_feature=88 64 16 19 117 51
split_gain=10474.3 4556.99 2956.8 2524.91 2147.31 1938.54
threshold=3.6200000000000006 7.7000000000000011 6.2650000000000006 6.0900000000000007 1.7075 42.750000000000007
decision_type=2 2 2 2 2 2
left_child=-1 -2 3 4 5 -3
right_child=1 2 -4 -5 -6 -7
leaf_value=1.2157884923937896 -0.94072510280356492 -0.56590297275514745 -0.53180038270364871 0.50730901445661269 0.39054800022645775 -0.045729065434539022
leaf_weight=15.999999999999998 14.999999999999998 20 28 23 25 165
leaf_count=16 15 20 28 23 25 165
internal_value=-0.0238866 -0.0961842 -0.0472865 0.01112 -0.0434163 -0.102266
internal_weight=292 276 261 233 210 185
internal_count=292 276 261 233 210 185
is_linear=0
shrinkage=0.05


Tree=85
num_leaves=7
num_cat=0
split_feature=49 73 76 63 62 35
split_gain=10863.2 2060.77 3218.04 1936.71 3242.5 1137.41
threshold=3.2950000000000004 1.5000000000000002 -5.7750000000000012 24.250000000000004 55.900000000000013 10.141666666666669
decision_type=2 2 2 2 2 2
left_child=-1 -2 -3 -4 -5 -6
right_child=1 2 3 4 5 -7
leaf_value=1.3193635668975627 -0.50941317087740867 0.57540083417395282 -0.6167275975476828 0.67605950745525745 -0.0071763771725725442 -0.26024046407543161
leaf_weight=14.999999999999998 23 21 14.999999999999998 14.999999999999998 150 63
leaf_count=15 23 21 15 15 150 63
internal_value=0.0121929 -0.0565445 -0.0168931 -0.0683152 -0.031959 -0.0821368
internal_weight=302 287 264 243 228 213
internal_count=302 287 264 243 228 213
is_linear=0
shrinkage=0.05


Tree=86
num_leaves=8
num_cat=0
split_feature=115 49 35 10 21 33 33
split_gain=9227.76 4809.36 2339.83 1787.35 1906.02 1467.46 676.937
threshold=-18.183333333333334 3.8400000000000003 -9.2166666666666668 4.9850000000000012 61.750000000000007 0.61416666666666642 -0.01333333333333364
decision_type=2 2 2 2 2 2 2
left_child=-1 -2 -3 6 5 -5 -4
right_child=1 2 3 4 -6 -7 -8
leaf_value=1.1330939298831157 -0.77315172891893813 0.53095494557542411 -0.19657250368764617 0.08337875190999669 0.49037892539598787 -0.20281526187575871 -0.62221888803947734
leaf_weight=15.999999999999998 24 17 21 88 17 91 17
leaf_count=16 24 17 21 88 17 91 17
internal_value=-0.0303633 -0.0984608 -0.0336464 -0.0748951 -0.0139486 -0.0621206 -0.388258
internal_weight=291 275 251 234 196 179 38
internal_count=291 275 251 234 196 179 38
is_linear=0
shrinkage=0.05


Tree=87
num_leaves=8
num_cat=0
split_feature=62 66 35 12 25 9 62
split_gain=12816.8 3584.1 2719.93 2472.25 2437.2 3079.52 873.34
threshold=27.900000000000002 1.0000000180025095e-35 -10.566666666666666 39.850000000000009 50.850000000000009 6.8550000000000013 77.90000000000002
decision_type=2 2 2 2 2 2 2
left_child=-1 -2 -3 -4 5 -5 -6
right_child=1 2 3 4 6 -7 -8
leaf_value=1.4528437541810093 -0.79193452857188051 0.65170922824089106 -0.65947095139926637 0.004757678719274446 -0.61475176366960049 0.61082276546114211 -0.16446071630428205
leaf_weight=14.999999999999998 14.999999999999998 14.999999999999998 14.999999999999998 161 15.999999999999998 24 33
leaf_count=15 15 15 15 161 16 24 33
internal_value=0.0340145 -0.0427419 9.06307e-05 -0.0393893 0.000602894 0.0836969 -0.312549
internal_weight=294 279 264 249 234 185 49
internal_count=294 279 264 249 234 185 49
is_linear=0
shrinkage=0.05


Tree=88
num_leaves=9
num_cat=0
split_feature=115 27 4 115 67 19 109 10
split_gain=8225.38 3058.6 3315.63 4017.23 2754.71 2271.03 1716.05 688.719
threshold=-18.791666666666664 40.95000000000001 2.5000000000000004 15.98333333333334 6.2500000000000009 6.0900000000000007 1.0000000180025095e-35 5.7350000000000012
decision_type=2 2 2 2 2 2 2 2
left_child=-1 2 6 4 7 -6 -2 -4
right_child=1 -3 3 -5 5 -7 -8 -9
leaf_value=1.1388922721344903 -0.69845452122874063 -0.68793800035234309 -0.66296565580052247 0.85746612758036478 0.031004327347271984 0.65702178989137927 -0.10548583867128268 -0.18992395419511734
leaf_weight=14.999999999999998 23 18 15.000000000000002 14.999999999999998 145 15.999999999999998 26 15.999999999999998
leaf_count=15 23 18 15 15 145 16 26 16
internal_value=0.00278131 -0.0597891 -0.0153515 0.0722161 0.010428 0.0936175 -0.384776 -0.420372
internal_weight=289 274 256 207 192 161 49 31
internal_count=289 274 256 207 192 161 49 31
is_linear=0
shrinkage=0.05


Tree=89
num_leaves=7
num_cat=0
split_feature=76 64 31 76 68 111
split_gain=11410.6 2880.66 2473.97 1762.7 1154.07 1022.57
threshold=-20.050000000000001 13.350000000000001 0.030833333333333272 -6.3916666666666613 49.500000000000007 -1.1641666666666666
decision_type=2 2 2 2 2 2
left_child=-1 -2 3 -3 -5 -6
right_child=1 2 -4 4 5 -7
leaf_value=1.3313577282507687 -0.62720620664536142 0.30938950094226675 0.47349914387879866 0.29638239690010126 -0.53928271850443765 -0.12368750506912457
leaf_weight=14.999999999999998 22 26 22 14.999999999999998 15.999999999999998 187
leaf_count=15 22 26 22 15 16 187
internal_value=-0.00843737 -0.0786736 -0.0330688 -0.0789387 -0.125397 -0.156718
internal_weight=303 288 266 244 218 203
internal_count=303 288 266 244 218 203
is_linear=0
shrinkage=0.05


Tree=90
num_leaves=9
num_cat=0
split_feature=72 37 0 78 117 17 90 28
split_gain=10294.4 2855.53 2230.85 1903.68 2511.61 2355.43 1719.19 435.667
threshold=-1.3766666666666669 -9.7083333333333304 228.00000000000003 1.3974999999999997 -0.56833333333333325 37.050000000000004 38.150000000000013 7.8500000000000005
decision_type=2 2 2 2 2 2 2 2
left_child=-1 -2 -3 4 -4 -6 -5 -8
right_child=1 2 3 6 5 -7 7 -9
leaf_value=1.2713158032752032 0.60061903473557232 -0.6421349222159517 0.45978540022348613 -0.58855831159485705 0.097296626120805751 -0.36083136223911388 -0.26512075801814156 -0.010614619466018224
leaf_weight=14.999999999999998 14.999999999999998 18 29 26 84 42 28 42
leaf_count=15 15 18 29 26 84 42 28 42
internal_value=-0.000812991 -0.0684443 -0.105981 -0.067271 0.0410793 -0.0555381 -0.242124 -0.112721
internal_weight=299 284 269 251 155 126 96 70
internal_count=299 284 269 251 155 126 96 70
is_linear=0
shrinkage=0.05


Tree=91
num_leaves=10
num_cat=0
split_feature=51 4 75 95 65 84 67 10 103
split_gain=12493.3 2536.47 2851.64 7146.86 2127.8 1495.53 1269.47 1079.46 998.406
threshold=22.250000000000004 11.500000000000002 3.5000000000000004 36.20000000000001 17.150000000000002 -0.020833333333333325 4.7500000000000009 4.9050000000000011 32.050000000000004
decision_type=2 2 2 2 2 2 2 2 2
left_child=-1 2 3 8 -4 7 -7 -6 -2
right_child=1 -3 4 -5 5 6 -8 -9 -10
leaf_value=1.4170390198562319 0.15598462105272304 -0.50122769713606619 -0.67448922466758088 1.1220059721509397 -0.63183632495979614 -0.36997786171688057 0.10708724953284297 -0.13491252742596249 -0.31687948899482615
leaf_weight=14.999999999999998 25 29 14.999999999999998 18 14.999999999999998 15.999999999999998 104 40 20
leaf_count=15 25 29 15 18 15 16 104 40 20
internal_value=0.0158413 -0.0591487 -0.00827785 0.282952 -0.104968 -0.0557657 0.0431818 -0.271429 -0.054303
internal_weight=297 282 253 63 190 175 120 55 45
internal_count=297 282 253 63 190 175 120 55 45
is_linear=0
shrinkage=0.05


Tree=92
num_leaves=12
num_cat=0
split_feature=89 87 87 65 67 84 64 49 117 120 45
split_gain=10521 3287.17 5336.76 3529.96 2606.02 4112.65 2889.19 2573.49 1677.71 1304.34 356.463
threshold=15.050000000000002 6.7350000000000012 6.7550000000000008 24.400000000000002 8.5000000000000018 1.0000000180025095e-35 39.000000000000007 5.1250000000000009 1.2833333333333339 3.5000000000000004 0.0050000000000000192
decision_type=2 2 2 2 2 2 2 2 2 2 2
left_child=-1 3 -3 -2 7 8 -7 -4 -6 -5 -9
right_child=1 2 4 9 5 6 -8 10 -10 -11 -12
leaf_value=1.211874062276026 -1.0519260030708566 0.72737734809950672 -0.92346548055181443 0.14665633539878883 -0.19900727330764653 0.92996180625486113 0.018693965927969593 -0.28691305427523384 0.27755596187465631 -0.38895411589497775 0.046525931989909806
leaf_weight=17 14.999999999999998 24 14.999999999999998 19 92 19 15.999999999999998 17 23 28 14.999999999999998
leaf_count=17 15 24 15 19 92 19 16 17 23 28 15
internal_value=0.00747584 -0.065258 0.0250249 -0.386676 -0.0608411 0.0409808 0.514765 -0.385308 -0.103493 -0.172473 -0.1308
internal_weight=300 283 221 62 197 150 35 47 115 47 32
internal_count=300 283 221 62 197 150 35 47 115 47 32
is_linear=0
shrinkage=0.05


Tree=93
num_leaves=13
num_cat=0
split_feature=24 50 77 119 62 24 27 66 84 33 96 60
split_gain=8751.02 6461.43 2173.63 3038.16 5615.87 1741.42 1450.81 1300.5 834.948 1186.25 766.528 490.667
threshold=21.050000000000004 15.350000000000003 4.5000000000000009 -0.18666666666666651 64.500000000000014 45.45000000000001 23.650000000000002 17.450000000000006 -0.020833333333333325 0.41083333333333366 47.95000000000001 50.850000000000001
decision_type=2 2 2 2 2 2 2 2 2 2 2 2
left_child=-1 -2 3 5 -5 -3 -6 10 11 -10 -4 -9
right_child=1 2 7 4 6 -7 -8 8 9 -11 -12 -13
leaf_value=0.99152955863606262 -1.0303597963344282 0.24342091593953127 -0.20935903375182671 1.0711563919442681 0.35263219665714174 -0.3812288016592924 -0.28960963875693346 -0.10127471867884263 0.25188419307169679 -0.13041661759455522 -0.67846467684436318 -0.45587753019137689
leaf_weight=20 17 18 21 20 17 29 18 23 34 50 14.999999999999998 17
leaf_count=20 17 18 21 20 17 29 18 23 34 50 15 17
internal_value=-0.0160842 -0.0886619 -0.0271705 0.15309 0.405051 -0.141886 0.0223099 -0.142142 -0.0651456 0.0243802 -0.406296 -0.252867
internal_weight=299 279 262 102 55 47 35 160 124 84 36 40
internal_count=299 279 262 102 55 47 35 160 124 84 36 40
is_linear=0
shrinkage=0.05


Tree=94
num_leaves=8
num_cat=0
split_feature=0 31 74 11 88 114 102
split_gain=3826.61 4566.71 3119.09 2471.26 1551.82 1632.48 1380.19
threshold=342.00000000000006 0.041666666666667414 -14.641666666666664 20.850000000000005 4.1250000000000009 4.5000000000000009 17.850000000000005
decision_type=2 2 2 2 2 2 2
left_child=-1 2 -2 -4 6 -6 -5
right_child=1 -3 3 4 5 -7 -8
leaf_value=-0.71706032165840483 -0.75398887573488516 0.76512805407877116 0.50358398077629896 -0.73197856158610219 0.10709648129189882 -0.20823897742571865 -0.074253882825026027
leaf_weight=20 14.999999999999998 18 21 14.999999999999998 114 64 17
leaf_count=20 15 18 21 15 114 64 17
internal_value=-0.052023 -0.00137001 -0.0577637 -0.0122259 -0.0640458 -0.00630775 -0.384038
internal_weight=284 264 246 231 210 178 32
internal_count=284 264 246 231 210 178 32
is_linear=0
shrinkage=0.05


Tree=95
num_leaves=7
num_cat=0
split_feature=88 91 117 64 18 76
split_gain=9153.73 2980.1 5823.5 2745.01 1934.88 2178.5
threshold=3.6200000000000006 7.0300000000000002 1.8325 13.350000000000001 64.350000000000009 -2.2583333333333395
decision_type=2 2 2 2 2 2
left_child=-1 2 3 -2 5 -5
right_child=1 -3 -4 4 -6 -7
leaf_value=1.1449438281923705 -0.67169860657195601 -0.57852777719992321 0.89418700954370323 0.35722095451505803 -0.49341410919633832 -0.052752842780404589
leaf_weight=17 17 24 17 41 19 153
leaf_count=17 17 24 17 41 19 153
internal_value=0.0229493 -0.0478121 0.00394845 -0.0621901 -0.013228 0.0340047
internal_weight=288 271 247 230 213 194
internal_count=288 271 247 230 213 194
is_linear=0
shrinkage=0.05


Tree=96
num_leaves=11
num_cat=0
split_feature=76 63 84 39 12 27 72 59 114 0
split_gain=9186.14 2588.94 1908.45 4455.02 1649.04 1435.27 2217.15 1184.88 1272.19 491.07
threshold=-20.050000000000001 16.650000000000002 -0.0083333333333333436 -0.52083333333333293 44.70000000000001 30.200000000000003 0.52166666666666661 39.300000000000004 4.5000000000000009 1926.0000000000002
decision_type=2 2 2 2 2 2 2 2 2 2
left_child=-1 -2 4 -4 -3 6 -5 8 -6 -7
right_child=1 2 3 5 7 9 -8 -9 -10 -11
leaf_value=1.221206467356903 -0.54007998076711938 -0.57886378399574956 0.71953996752185378 0.38036628948656592 0.15435058737769347 -0.48070182478205759 -0.1626749159512173 -0.35795326007394501 -0.27052071175845971 -0.094247054356580581
leaf_weight=14.999999999999998 24 18 26 38 59 15.999999999999998 37 26 25 17
leaf_count=15 24 18 26 38 59 16 37 26 25 17
internal_value=0.0192697 -0.0441563 0.00144151 0.133302 -0.136557 -0.0083183 0.112539 -0.0636742 0.02767 -0.282656
internal_weight=301 286 262 134 128 108 75 110 84 33
internal_count=301 286 262 134 128 108 75 110 84 33
is_linear=0
shrinkage=0.05


Tree=97
num_leaves=8
num_cat=0
split_feature=62 92 92 76 76 66 96
split_gain=10115.5 2210.28 2722.69 2931.72 2486.41 2088.31 1360.92
threshold=27.900000000000002 8.7000000000000011 19.400000000000002 -12.59166666666667 -5.7750000000000012 17.450000000000006 47.300000000000004
decision_type=2 2 2 2 2 2 2
left_child=-1 5 -3 -4 -5 -2 -6
right_child=1 2 3 4 6 -7 -8
leaf_value=1.2560708593877945 -0.7710702773121838 0.48937251538409454 -0.68293285886323229 0.59498664168586513 0.11866960600204535 -0.065360601816281852 -0.15663752032847059
leaf_weight=15.999999999999998 18 28 15.999999999999998 17 80 25 102
leaf_count=16 18 28 16 17 80 25 102
internal_value=0.0366236 -0.031995 0.0265042 -0.0339526 0.0185184 -0.361994 -0.0355972
internal_weight=302 286 243 215 199 43 182
internal_count=302 286 243 215 199 43 182
is_linear=0
shrinkage=0.05


Tree=98
num_leaves=12
num_cat=0
split_feature=84 70 49 53 80 66 40 38 72 99 98
split_gain=8329.9 11639.1 5461.26 3462.14 5136.24 1359.67 1356.15 1161.67 2146.49 870.167 838.455
threshold=0.017500000000000005 0.010000000000000233 3.8400000000000003 21.950000000000003 0.027500000000000305 18.900000000000002 1.5000000000000002 3.5000000000000004 0.50083333333333357 50.150000000000006 26.550000000000004
decision_type=2 2 2 2 2 2 2 2 2 2 2
left_child=2 -2 -1 4 -4 6 -5 8 -7 -8 -9
right_child=1 -3 3 5 -6 7 9 10 -10 -11 -12
leaf_value=-0.87592740296131333 -0.12673696865115247 1.7798370553957708 -0.18998108368046232 -0.69973969418086757 1.0946174649718383 0.61732068309426635 -0.30859572024974025 0.21574046791389292 -0.038716830259323709 0.14433592787440516 -0.19403084953019756
leaf_weight=20 17 14.999999999999998 15.000000000000002 14.999999999999998 15.999999999999998 18 31 14.999999999999998 40 15.999999999999998 72
leaf_count=20 17 15 15 15 16 18 31 15 40 16 72
internal_value=0.0099664 0.769574 -0.0844908 -0.0176226 0.474265 -0.0915044 -0.287272 -0.00762222 0.165507 -0.154321 -0.123157
internal_weight=290 32 258 238 31 207 62 145 58 47 87
internal_count=290 32 258 238 31 207 62 145 58 47 87
is_linear=0
shrinkage=0.05


Tree=99
num_leaves=11
num_cat=0
split_feature=76 52 53 72 89 26 113 92 62 6
split_gain=8682.12 3414.16 6814.17 3701.17 1025.43 1960.28 1808.86 1524.44 1487.78 902.607
threshold=-20.050000000000001 3.6300000000000003 21.950000000000003 0.044166666666666472 34.550000000000004 29.150000000000002 11.933333333333332 27.450000000000006 73.000000000000014 3.5000000000000004
decision_type=2 2 2 2 2 2 2 2 2 2
left_child=-1 3 -3 -2 5 7 8 -4 -6 -7
right_child=1 2 4 -5 6 9 -8 -9 -10 -11
leaf_value=1.1704654043083949 -0.8790181606142351 1.0043949159776202 0.23950434082722408 0.10108755064306792 0.61834741672932714 -0.21406404902983428 -0.28872797747248224 -0.24389872548532035 0.069432465697087567 -0.62356611309547771
leaf_weight=14.999999999999998 24 15.999999999999998 37 15.999999999999998 14.999999999999998 35 29 29 68 22
leaf_count=15 24 16 37 16 15 35 29 29 68 22
internal_value=0.001454 -0.0591685 0.00925078 -0.487577 -0.0588809 -0.1585 0.0505211 0.0269767 0.169319 -0.37302
internal_weight=306 291 251 40 235 123 112 66 83 57
internal_count=306 291 251 40 235 123 112 66 83 57
is_linear=0
shrinkage=0.05


Tree=100
num_leaves=14
num_cat=0
split_feature=51 51 109 67 50 39 65 52 98 64 104 36 33
split_gain=8772.1 3001.71 1835.9 1396.75 2853.31 3648.28 898.866 1169.54 789.323 767.476 590.896 1247.93 518.98
threshold=22.250000000000004 42.750000000000007 0.0066666666666663774 16.650000000000002 35.150000000000013 0.90166666666666651 38.300000000000004 5.8600000000000003 40.850000000000001 39.000000000000007 27.450000000000006 3.5000000000000004 0.24499999999999947
decision_type=2 2 2 2 2 2 2 2 2 2 2 2 2
left_child=-1 2 -2 4 5 -3 7 -6 10 -8 12 -12 -5
right_child=1 3 -4 8 6 -7 9 -9 -10 -11 11 -13 -14
leaf_value=1.1637680906333672 -0.88956108419051072 1.0397553426138362 -0.19192705402126561 -0.47011951754819487 -0.56078875428003983 -0.010142206997550718 0.3879163409427086 -0.017897723610048853 -0.46933253736969843 -0.0098801567300759608 0.3679948817568216 -0.14826756397668886 -0.076551142620673668
leaf_weight=14.999999999999998 15.999999999999998 15.999999999999998 23 14.999999999999998 14.999999999999998 17 15.999999999999998 29 15.999999999999998 49 17 37 19
leaf_count=15 16 16 23 15 15 17 16 29 16 49 17 37 19
internal_value=-0.0106448 -0.0728601 -0.479807 -0.00815509 0.0937596 0.500351 -0.029637 -0.20394 -0.147312 0.0884076 -0.08824 0.0145469 -0.2512
internal_weight=300 285 39 246 142 33 109 44 104 65 88 54 34
internal_count=300 285 39 246 142 33 109 44 104 65 88 54 34
is_linear=0
shrinkage=0.05


Tree=101
num_leaves=10
num_cat=0
split_feature=65 78 78 109 17 43 12 86 109
split_gain=9659.56 2669.08 3255.18 1379.78 1538.68 1457.93 1685.32 936.31 645.92
threshold=11.450000000000001 -1.2925000000000002 -0.79833333333333278 -0.020833333333333922 27.450000000000003 0.060833333333333524 50.20000000000001 1.5000000000000002 -0.050833333333333279
decision_type=2 2 2 2 2 2 2 2 2
left_child=-1 -2 -3 4 -4 6 -5 -7 -6
right_child=1 2 3 5 8 7 -8 -9 -10
leaf_value=0.94326720342782255 -0.53436323207462844 0.69970882815241031 -0.53535097419530497 0.60578929849421781 0.10017626569788651 -0.25026677313595702 0.056149847898175009 0.18053809880600336 -0.22147744106197798
leaf_weight=26 27 14.999999999999998 26 18 28 48 61 17 35
leaf_count=26 27 15 26 18 28 48 61 17 35
internal_value=0.0239853 -0.0632217 -0.0117132 -0.0578149 -0.212475 0.0378203 0.182055 -0.137414 -0.0785088
internal_weight=301 275 248 233 89 144 79 65 63
internal_count=301 275 248 233 89 144 79 65 63
is_linear=0
shrinkage=0.05


Tree=102
num_leaves=8
num_cat=0
split_feature=89 72 74 63 27 72 96
split_gain=7586.63 3231.64 1793.4 2021.47 920.098 1643.69 1010.43
threshold=15.050000000000002 -0.82666666666666677 -7.9416666666666655 24.250000000000004 30.750000000000004 0.50083333333333357 48.500000000000007
decision_type=2 2 2 2 2 2 2
left_child=-1 -2 -3 -4 5 -5 -6
right_child=1 2 3 4 6 -7 -8
leaf_value=1.0511610438364631 -0.60623889275756015 0.51672107620744523 -0.53864603125300081 0.26529716565794664 0.055743942772530752 -0.056117883444565059 -0.43602912365358115
leaf_weight=15.999999999999998 25 14.999999999999998 19 58 19 126 23
leaf_count=16 25 15 19 58 19 126 23
internal_value=-0.00479514 -0.0644423 -0.0121142 -0.0447099 -0.00294234 0.0452596 -0.213838
internal_weight=301 285 260 245 226 184 42
internal_count=301 285 260 245 226 184 42
is_linear=0
shrinkage=0.05


Tree=103
num_leaves=9
num_cat=0
split_feature=68 17 74 26 65 27 78 3
split_gain=2363.2 2589.46 4552.4 11098.6 2433.89 880.9 1626.99 645.474
threshold=57.500000000000007 47.150000000000013 -7.9416666666666655 34.650000000000013 15.600000000000003 30.750000000000004 -0.44666666666666716 3.5000000000000004
decision_type=2 2 2 2 2 2 2 2
left_child=1 2 3 -1 -4 6 -6 -7
right_child=-2 -3 4 -5 5 7 -8 -9
leaf_value=1.5780843580005974 -0.6557998290914574 -0.48832471678996908 -0.61847515385053309 -0.28302590651818882 0.49152134404132508 0.013663641757824842 -0.00017920223267354248 -0.35372832387799963
leaf_weight=14.999999999999998 14.999999999999998 26 17 17 19 22 141 26
leaf_count=15 15 26 17 17 19 22 141 26
internal_value=-0.0463335 -0.0137917 0.0343673 0.591412 -0.0450622 0.00205396 0.0584495 -0.185558
internal_weight=298 283 257 32 225 208 160 48
internal_count=298 283 257 32 225 208 160 48
is_linear=0
shrinkage=0.05


Tree=104
num_leaves=11
num_cat=0
split_feature=84 24 49 38 53 66 72 42 74 43
split_gain=6644.71 12156.9 6147.62 1457.81 2436.13 1568.06 1698.38 794.828 739.969 238.241
threshold=0.017500000000000005 49.20000000000001 3.6900000000000004 5.5000000000000009 21.950000000000003 19.100000000000005 0.50083333333333357 3.5000000000000004 5.575000000000002 -0.39083333333333309
decision_type=2 2 2 2 2 2 2 2 2 2
left_child=2 -2 -1 4 -4 8 -7 9 -6 -5
right_child=1 -3 3 7 5 6 -8 -9 -10 -11
leaf_value=-1.0198595242193567 1.643106861588377 -0.20171320385007718 0.5784572077060931 -0.23146421657690147 -0.53604223898596526 0.36470683794862557 -0.051121644151605652 -0.47312961707552115 -0.11533307760835168 0.049386325981838029
leaf_weight=17 15.999999999999998 20 18 15.000000000000002 18 33 95 25 25 14.999999999999998
leaf_count=17 16 20 18 15 18 33 95 25 25 15
internal_value=-0.015456 0.620349 -0.103376 -0.0391108 0.026827 -0.0315143 0.0562461 -0.265425 -0.292395 -0.0911753
internal_weight=297 36 261 244 189 171 128 55 43 30
internal_count=297 36 261 244 189 171 128 55 43 30
is_linear=0
shrinkage=0.05


Tree=105
num_leaves=10
num_cat=0
split_feature=117 103 51 109 98 53 26 73 107
split_gain=5525.25 15257.1 4822.06 2429.54 1798.01 1804.52 852.162 1384.03 681.621
threshold=1.7075 38.000000000000007 42.750000000000007 -0.011666666666666268 40.850000000000001 24.750000000000004 32.800000000000004 4.5000000000000009 55.500000000000007
decision_type=2 2 2 2 2 2 2 2 2
left_child=2 -2 3 -1 5 -4 7 -7 -8
right_child=1 -3 4 -5 -6 6 8 -9 -10
leaf_value=-1.0826519139805195 1.6127156510537501 -0.36656885158394187 0.44573741776059822 -0.2553090240231794 -0.39190660033774671 0.47202246107980222 -0.052204661999156222 -0.0040217511972679264 -0.41097858084572692
leaf_weight=15.999999999999998 18 21 25 20 26 19 59 76 17
leaf_count=16 18 21 25 20 26 19 59 76 17
internal_value=-0.00527117 0.548607 -0.0891965 -0.625136 -0.00202255 0.0498447 -0.00823177 0.0915307 -0.132957
internal_weight=297 39 258 36 222 196 171 95 76
internal_count=297 39 258 36 222 196 171 95 76
is_linear=0
shrinkage=0.05


Tree=106
num_leaves=9
num_cat=0
split_feature=62 45 13 73 51 11 77 93
split_gain=10754.3 2785.48 2607.79 4626.04 1597.35 1083.61 1766.36 876.716
threshold=27.900000000000002 -0.030833333333333334 4.2550000000000008 4.5000000000000009 42.750000000000007 40.900000000000006 2.5000000000000004 56.500000000000007
decision_type=2 2 2 2 2 2 2 2
left_child=-1 -2 3 -3 -4 7 -7 -6
right_child=1 2 4 -5 5 6 -8 -9
leaf_value=1.2846479161185507 -0.6270307465861138 1.0250260205002304 -0.44600992473473111 -0.053106054880609911 -0.016751815039730493 0.52984361458199192 -0.0094083964623581234 -0.31688877982168723
leaf_weight=15.999999999999998 19 15.999999999999998 25 26 62 19 74 40
leaf_count=16 19 16 25 26 62 19 74 40
internal_value=0.0278824 -0.0440909 -0.00157449 0.358951 -0.0705567 -0.0221921 0.101158 -0.134697
internal_weight=297 281 262 42 220 195 93 102
internal_count=297 281 262 42 220 195 93 102
is_linear=0
shrinkage=0.05


Tree=107
num_leaves=9
num_cat=0
split_feature=111 49 25 21 63 62 33 21
split_gain=2475.92 2685.65 2671.8 1068.39 1589.83 1387.92 2039.69 725.256
threshold=1.2208333333333339 4.2250000000000005 28.550000000000004 61.750000000000007 26.450000000000006 75.350000000000009 0.63833333333333286 56.20000000000001
decision_type=2 2 2 2 2 2 2 2
left_child=1 2 -1 4 -3 6 -6 -7
right_child=-2 3 -4 -5 5 7 -8 -9
leaf_value=-0.0013359616134340402 0.53006608985481463 -0.45977002603201128 -0.91596320853595836 0.32898589877993278 0.46760447637552222 -0.024337829785333331 -0.17112612971174185 -0.32793770858219695
leaf_weight=14.999999999999998 19 20 17 22 33 133 20 23
leaf_count=15 19 20 17 22 33 133 20 23
internal_value=-0.0209081 -0.0580911 -0.488727 -0.00299658 -0.0350416 0.0057788 0.226612 -0.0693128
internal_weight=302 283 32 251 229 209 53 156
internal_count=302 283 32 251 229 209 53 156
is_linear=0
shrinkage=0.05


Tree=108
num_leaves=11
num_cat=0
split_feature=65 50 27 72 25 99 96 15 76 123
split_gain=5987.09 1986.74 1123.89 1867.24 1962.95 1419.52 857.461 775.679 545.735 512.92
threshold=11.450000000000001 25.300000000000004 30.750000000000004 0.50083333333333357 43.45000000000001 49.650000000000013 47.300000000000004 59.800000000000004 24.225000000000009 0.0083333333333333193
decision_type=2 2 2 2 2 2 2 2 2 2
left_child=-1 -2 3 4 5 -3 -4 -8 9 -5
right_child=1 2 6 8 -6 -7 7 -9 -10 -11
leaf_value=0.72377905788649599 -0.47370912256519404 0.150356621985996 -0.0035367855512763399 0.040085162741135966 -0.089282153798388192 0.80980678082171065 -0.11885174268128856 -0.60072730136791452 -0.32750248787581038 -0.18869145662596606
leaf_weight=25 29 14.999999999999998 25 72 23 18 14.999999999999998 19 19 37
leaf_count=25 29 15 25 72 23 18 15 19 19 37
internal_value=-0.0150978 -0.0832687 -0.0364766 0.0244153 0.264982 0.511568 -0.226181 -0.389254 -0.0809181 -0.0376289
internal_weight=297 272 243 184 56 33 59 34 128 109
internal_count=297 272 243 184 56 33 59 34 128 109
is_linear=0
shrinkage=0.05


Tree=109
num_leaves=9
num_cat=0
split_feature=76 50 53 56 111 28 56 65
split_gain=11758.7 4088.14 1975.24 4533.17 929.203 931.114 1068.98 663.44
threshold=-18.958333333333332 20.400000000000002 24.750000000000004 33.95000000000001 -1.1641666666666666 5.1000000000000005 36.750000000000007 23.300000000000004
decision_type=2 2 2 2 2 2 2 2
left_child=-1 -2 3 -3 -4 7 -7 -6
right_child=1 2 4 -5 5 6 -8 -9
leaf_value=1.4004904020701023 -0.73791495455497214 -0.069930844145467075 -0.39249151272383354 1.0268442978922105 -0.46169978703884101 0.16911937438974856 -0.10573761455380624 -0.078240453760798398
leaf_weight=14.999999999999998 19 25 17 14.999999999999998 14.999999999999998 88 59 45
leaf_count=15 19 25 17 15 15 88 59 45
internal_value=0.0409987 -0.0315107 0.0195702 0.34277 -0.038249 -0.00895696 0.0587717 -0.174797
internal_weight=298 283 264 40 224 207 147 60
internal_count=298 283 264 40 224 207 147 60
is_linear=0
shrinkage=0.05


Tree=110
num_leaves=7
num_cat=0
split_feature=100 30 66 23 21 70
split_gain=1931.65 2688.48 2388.49 2004.3 1590.44 1428.25
threshold=0.20500000000000004 5.5000000000000009 1.0000000180025095e-35 54.150000000000006 61.750000000000007 -0.015000000000000123
decision_type=2 2 2 2 2 2
left_child=1 2 -1 -4 5 -5
right_child=-2 -3 3 4 -6 -7
leaf_value=-0.6344367752012039 -0.53421663356106186 0.66214211283140634 0.53561039249799403 -0.23453161839405065 0.3689175085781457 0.033054309988635504
leaf_weight=14.999999999999998 17 14.999999999999998 17 80 23 132
leaf_count=15 17 15 17 80 23 132
internal_value=-0.0182057 0.0130619 -0.0236188 0.0129569 -0.0250426 -0.0679609
internal_weight=299 282 267 252 235 212
internal_count=299 282 267 252 235 212
is_linear=0
shrinkage=0.05


Tree=111
num_leaves=7
num_cat=0
split_feature=76 64 60 9 122 66
split_gain=6856.73 2900.32 1590.68 1432.54 1301.25 1080.02
threshold=-20.050000000000001 13.350000000000001 65.200000000000003 6.8850000000000007 5.5000000000000009 15.150000000000002
decision_type=2 2 2 2 2 2
left_child=-1 -2 3 4 5 -3
right_child=1 2 -4 -5 -6 -7
leaf_value=1.0357012792928328 -0.63671602930002547 -0.28036752406180326 -0.45297693354297053 0.47665422366272586 0.31389076445815312 0.0044094209407651149
leaf_weight=14.999999999999998 20 42 19 15.999999999999998 27 159
leaf_count=15 20 42 19 16 27 159
internal_value=-0.00242242 -0.0578107 -0.0135432 0.0208261 -0.0113349 -0.0551812
internal_weight=298 283 263 244 228 201
internal_count=298 283 263 244 228 201
is_linear=0
shrinkage=0.05


Tree=112
num_leaves=11
num_cat=0
split_feature=63 74 43 15 65 72 115 111 103 52
split_gain=9310.76 2487.93 1016.43 1890.3 1529.55 978.196 1295.61 624.661 938.829 443.329
threshold=11.800000000000002 -10.525000000000004 -0.07833333333333313 33.20000000000001 21.950000000000003 1.0433333333333337 -6.6000000000000041 -0.75916666666666577 26.800000000000001 6.8000000000000007
decision_type=2 2 2 2 2 2 2 2 2 2
left_child=-1 -2 3 -3 -4 6 -6 -5 -9 -7
right_child=1 2 4 7 5 9 -8 8 -10 -11
leaf_value=1.1525066734841691 -0.57176741242973728 0.6259793978455841 -0.43382510052395928 -0.25995777934234338 0.45778087786354943 -0.30298221956851873 -0.033556066132966265 0.39837148526673161 -0.010110565215915961 0.010378377135451986
leaf_weight=17 21 14.999999999999998 27 15.999999999999998 19 30 45 18 63 18
leaf_count=17 21 15 27 16 19 30 45 18 63 18
internal_value=0.0208051 -0.0503055 -0.00644693 0.105571 -0.096753 -0.0151354 0.112718 0.0244823 0.0809809 -0.185591
internal_weight=289 272 251 112 139 112 64 97 81 48
internal_count=289 272 251 112 139 112 64 97 81 48
is_linear=0
shrinkage=0.05


Tree=113
num_leaves=8
num_cat=0
split_feature=62 45 13 26 51 111 98
split_gain=8165.54 2447.17 2268.55 4255.84 1255.76 928.963 1104.97
threshold=27.900000000000002 -0.030833333333333334 4.2550000000000008 22.850000000000005 42.750000000000007 1.0016666666666671 42.050000000000004
decision_type=2 2 2 2 2 2 2
left_child=-1 -2 3 -3 -4 6 -6
right_child=1 2 4 -5 5 -7 -8
leaf_value=1.1349954468863348 -0.60267662468709449 0.98972393015156612 -0.3612050380571033 -0.05222529676330992 0.079348973822605459 -0.30050982546496702 -0.35622540549461884
leaf_weight=15.999999999999998 17 15.999999999999998 28 25 152 23 15.999999999999998
leaf_count=16 17 16 28 25 152 23 16
internal_value=0.0403223 -0.0232766 0.0148051 0.355686 -0.0491232 -0.00318172 0.0376487
internal_weight=293 277 260 41 219 191 168
internal_count=293 277 260 41 219 191 168
is_linear=0
shrinkage=0.05


Tree=114
num_leaves=9
num_cat=0
split_feature=24 111 50 41 35 53 65 54
split_gain=7689.01 2184.43 6420.68 1027.16 958.391 1245.1 767.945 337.835
threshold=21.050000000000004 1.2208333333333339 15.350000000000003 -0.69416666666666671 13.941666666666668 21.950000000000003 36.550000000000004 65.450000000000017
decision_type=2 2 2 2 2 2 2 2
left_child=-1 2 -2 6 5 -5 -4 -6
right_child=1 -3 3 4 7 -7 -8 -9
leaf_value=0.977779383185022 -1.0324805449324044 0.4721809622991151 -0.55356091949718678 0.42975502322562298 -0.34325035022934097 0.011286423100299994 -0.062790355731172171 -0.046089579513547016
leaf_weight=19 17 18 14.999999999999998 20 22 154 17 17
leaf_count=19 17 18 15 20 22 154 17 17
internal_value=0.00711303 -0.0590613 -0.0957442 -0.030331 0.00937752 0.0596342 -0.294003 -0.214296
internal_weight=299 280 262 245 213 174 32 39
internal_count=299 280 262 245 213 174 32 39
is_linear=0
shrinkage=0.05


Tree=115
num_leaves=7
num_cat=0
split_feature=115 74 0 74 63 52
split_gain=7383.45 3697.49 1572.07 1761.09 3069.09 1239.56
threshold=-18.791666666666664 -15.70833333333333 228.00000000000003 -9.3750000000000018 24.250000000000004 4.8150000000000004
decision_type=2 2 2 2 2 2
left_child=-1 -2 -3 -4 -5 -6
right_child=1 2 3 4 5 -7
leaf_value=1.0630497881908292 -0.83290606429245306 -0.49285662090242432 0.49246852377004791 -0.5939766132049431 0.32236891553251451 -0.023721880653224555
leaf_weight=14.999999999999998 14.999999999999998 17 17 22 30 184
leaf_count=15 15 17 17 22 30 184
internal_value=-0.0144027 -0.0714812 -0.0288686 0.0024711 -0.0329978 0.0249001
internal_weight=300 285 270 253 236 214
internal_count=300 285 270 253 236 214
is_linear=0
shrinkage=0.05


Tree=116
num_leaves=12
num_cat=0
split_feature=0 53 72 39 123 109 88 53 11 76 3
split_gain=2097.74 5786.9 5479.86 1519.68 1898.86 1425.06 1177.87 1030.42 790.598 818.78 723.119
threshold=1185.5000000000002 20.450000000000003 -0.65833333333333266 -0.25166666666666643 0.0083333333333333193 -0.019166666666666995 4.1250000000000009 41.300000000000004 40.900000000000006 11.858333333333333 2.5000000000000004
decision_type=2 2 2 2 2 2 2 2 2 2 2
left_child=1 -1 -2 4 -4 -3 -5 -7 9 -8 -10
right_child=2 5 3 6 -6 7 8 -9 10 -11 -12
leaf_value=-0.9710057197518609 0.80999891741782815 -0.34338655250644257 0.49033884494067115 -0.41678566267765849 -0.18276428599455202 0.36415796669355904 -0.3833413548441047 -0.093627930726253139 0.38880852997697746 0.0097205493347288455 -0.014497249028391057
leaf_weight=20 22 22 27 25 17 25 25 24 14.999999999999998 28 42
leaf_count=20 22 22 27 25 17 25 25 24 15 28 42
internal_value=-0.0229805 -0.222032 0.0671781 -0.0244916 0.230338 -0.00991436 -0.107693 0.1401 -0.0370849 -0.175965 0.0920433
internal_weight=292 91 201 179 44 71 135 49 110 53 57
internal_count=292 91 201 179 44 71 135 49 110 53 57
is_linear=0
shrinkage=0.05


Tree=117
num_leaves=8
num_cat=0
split_feature=76 63 76 31 43 54 19
split_gain=9756.47 3048.69 1334.94 841.121 671.09 1040.93 934.256
threshold=-18.958333333333332 16.650000000000002 -6.3916666666666613 0.025833333333333378 0.19666666666666635 59.500000000000007 5.3650000000000011
decision_type=2 2 2 2 2 2 2
left_child=-1 -2 -3 4 6 -6 -4
right_child=1 2 3 -5 5 -7 -8
leaf_value=1.2601381071355959 -0.60826510493032526 0.4059089104542557 -0.057966222386996426 0.24520633810782339 -0.43826632919896147 -0.035946791827448608 0.27744527486453496
leaf_weight=14.999999999999998 22 19 120 25 26 42 25
leaf_count=15 22 19 120 25 26 42 25
internal_value=0.0222305 -0.0447334 0.00370502 -0.0285397 -0.060793 -0.190266 0
internal_weight=294 279 257 238 213 68 145
internal_count=294 279 257 238 213 68 145
is_linear=0
shrinkage=0.05


Tree=118
num_leaves=11
num_cat=0
split_feature=49 4 74 75 95 65 84 74 33 78
split_gain=6336.48 1609.19 1449.47 1377.06 3002.92 1867.41 1056.77 673.45 841.776 648.293
threshold=3.3400000000000003 11.500000000000002 -1.5500000000000005 3.5000000000000004 36.20000000000001 15.600000000000003 0.0041666666666666666 14.933333333333334 -0.37583333333333385 1.6025000000000003
decision_type=2 2 2 2 2 2 2 2 2 2
left_child=-1 3 -3 4 6 -5 -2 8 -7 -9
right_child=1 2 -4 5 -6 7 -8 9 -10 -11
leaf_value=1.0279378508889911 -0.18360931148746171 -0.71387817101762774 -0.030360679060035613 -0.58209530533544285 0.74445525644961441 0.3736411629390966 0.32124694208180682 -0.36677409959076646 0.0094703931312940769 -0.026181559675977181
leaf_weight=14.999999999999998 29 15.000000000000002 15.999999999999998 14.999999999999998 19 19 15.999999999999998 20 94 46
leaf_count=15 29 15 16 15 19 19 16 20 94 46
internal_value=0.029433 -0.0227129 -0.362488 0.0182181 0.21916 -0.048125 -0.00367972 -0.00305092 0.0710231 -0.129866
internal_weight=304 289 31 258 64 194 45 179 113 66
internal_count=304 289 31 258 64 194 45 179 113 66
is_linear=0
shrinkage=0.05


Tree=119
num_leaves=10
num_cat=0
split_feature=88 11 103 51 62 12 27 98 109
split_gain=7814.12 2023.09 1767.3 4548.63 3448.48 1934.05 1303.85 1142.57 821.955
threshold=3.6200000000000006 55.300000000000004 20.400000000000002 32.300000000000004 73.600000000000009 64.90000000000002 34.900000000000006 23.550000000000001 -0.018333333333332199
decision_type=2 2 2 2 2 2 2 2 2
left_child=-1 2 4 -4 -2 7 -7 -5 -6
right_child=1 -3 3 5 8 6 -8 -9 -10
leaf_value=1.106156613960029 -0.88664223626749417 -0.52360000424672171 0.88297876537956788 0.31023599612786906 -0.25911467358562518 0.46417861295127044 -0.099669657874581041 -0.13745419990303601 0.21523856952857068
leaf_weight=15.999999999999998 14.999999999999998 19 15.999999999999998 15.999999999999998 15.999999999999998 32 14.999999999999998 124 21
leaf_count=16 15 19 16 16 16 32 15 124 21
internal_value=0.0356176 -0.0272581 0.00989535 0.0765525 -0.249875 0.00709169 0.284291 -0.086069 0.00983255
internal_weight=290 274 255 203 52 187 47 140 37
internal_count=290 274 255 203 52 187 47 140 37
is_linear=0
shrinkage=0.05


Tree=120
num_leaves=7
num_cat=0
split_feature=115 50 65 50 51 25
split_gain=5887.39 3316.29 1830.15 1327.91 1323.87 764.657
threshold=-18.791666666666664 11.350000000000003 10.550000000000002 22.350000000000005 43.95000000000001 22.850000000000005
decision_type=2 2 2 2 2 2
left_child=-1 -2 -3 -4 -5 -6
right_child=1 2 3 4 5 -7
leaf_value=0.90287652415518416 -0.80099305064472937 -0.55647589468067471 0.43272906049438148 -0.46030942710519529 -0.2292903003848602 0.034642652507885181
leaf_weight=15.999999999999998 14.999999999999998 15.999999999999998 15.999999999999998 17 32 189
leaf_count=16 15 16 16 17 32 189
internal_value=-0.0273384 -0.0798769 -0.0395147 -0.00672431 -0.0364577 -0.00363769
internal_weight=301 285 270 254 238 221
internal_count=301 285 270 254 238 221
is_linear=0
shrinkage=0.05


Tree=121
num_leaves=8
num_cat=0
split_feature=76 63 118 53 113 72 101
split_gain=7312.62 1910.15 1217.62 1469.8 754.398 882.708 708.61
threshold=-18.958333333333332 18.150000000000002 5.5000000000000009 21.950000000000003 13.991666666666665 -0.2675000000000009 66.65000000000002
decision_type=2 2 2 2 2 2 2
left_child=-1 -2 3 -3 5 -5 -4
right_child=1 2 6 4 -6 -7 -8
leaf_value=1.0448706546925608 -0.44988027246895756 0.37271213828721933 -0.51342706554814388 0.38449973310066382 -0.3043444716589368 -0.015836751536441721 -0.056826433334608517
leaf_weight=15.999999999999998 27 28 17 14.999999999999998 20 156 17
leaf_count=16 27 28 17 15 20 156 17
internal_value=0.00862561 -0.0509224 -0.00816523 0.035074 -0.0145656 0.0194555 -0.28611
internal_weight=296 280 253 219 191 171 34
internal_count=296 280 253 219 191 171 34
is_linear=0
shrinkage=0.05


Tree=122
num_leaves=9
num_cat=0
split_feature=62 72 76 66 39 5 91 100
split_gain=6355.94 2309.53 1350.6 864.79 1021.38 843.184 780.475 371.506
threshold=27.900000000000002 -0.82666666666666677 -6.3916666666666613 15.150000000000002 -2.5658333333333334 1.5000000000000002 4.2200000000000015 0.17500000000000002
decision_type=2 2 2 2 2 2 2 2
left_child=-1 -2 -3 6 -5 -6 -4 -8
right_child=1 2 3 4 5 -7 7 -9
leaf_value=0.97811431588593456 -0.53404408078387855 0.42792740314327482 -0.50274621873908909 0.4117224371196419 0.016815054813152104 -0.37402561235901538 -0.23060048210059159 0.095430874472819491
leaf_weight=15.999999999999998 22 17 15.999999999999998 14.999999999999998 160 14.999999999999998 19 15.999999999999998
leaf_count=16 22 17 16 15 160 15 19 16
internal_value=0.0120294 -0.0434871 -0.00144663 -0.0319201 0.0171558 -0.0168515 -0.214525 -0.0815679
internal_weight=296 280 258 241 190 175 51 35
internal_count=296 280 258 241 190 175 51 35
is_linear=0
shrinkage=0.05


Tree=123
num_leaves=12
num_cat=0
split_feature=84 63 49 67 76 74 15 19 63 72 21
split_gain=6972.03 9763.4 5309.85 974.309 2279.47 1531.24 1076.16 806.126 780.427 746.975 669.496
threshold=0.017500000000000005 43.300000000000004 3.8400000000000003 16.050000000000004 -0.53333333333333488 3.6083333333333276 36.850000000000001 5.4450000000000012 43.300000000000004 0.38166666666666643 48.45000000000001
decision_type=2 2 2 2 2 2 2 2 2 2 2
left_child=2 -2 -1 4 -4 8 -6 10 -5 -8 -7
right_child=1 -3 3 5 6 7 9 -9 -10 -11 -12
leaf_value=-0.88432707062566451 1.5653875215453388 -0.20606848625157845 0.47048957432716332 -0.68885027600439963 0.3587917252092172 -0.015291821094187894 -0.41814782256322203 -0.21861319624374007 -0.17749047736261067 -0.034946035907021583 0.39051821026581018
leaf_weight=19 16.000000000000004 14.999999999999998 28 15.000000000000002 14.999999999999998 31 14.999999999999998 29 14.999999999999998 81 14.999999999999998
leaf_count=19 16 15 28 15 15 31 15 29 15 81 15
internal_value=0.00218862 0.710164 -0.0814802 -0.0186062 0.0681909 -0.133512 -0.033577 -0.0125219 -0.434776 -0.0952462 0.117489
internal_weight=294 31 263 244 139 105 111 75 30 96 46
internal_count=294 31 263 244 139 105 111 75 30 96 46
is_linear=0
shrinkage=0.05


Tree=124
num_leaves=10
num_cat=0
split_feature=84 24 50 53 80 111 66 113 65
split_gain=5747.22 10356.4 4028.72 1125.9 4111.3 1072.5 739.133 636.034 588.16
threshold=0.017500000000000005 49.20000000000001 20.400000000000002 21.950000000000003 0.027500000000000305 -1.1641666666666666 19.100000000000005 11.933333333333332 24.400000000000002
decision_type=2 2 2 2 2 2 2 2 2
left_child=2 -2 -1 4 -4 -5 8 -8 -7
right_child=1 -3 3 5 -6 6 7 -9 -10
leaf_value=-0.69239944295640798 1.5931581756926532 -0.14070256171534903 -0.34086303647780269 -0.43624565587406272 0.79151004751523324 -0.4417530297048835 0.080487631381936167 -0.23726248500755479 -0.078550853031382761
leaf_weight=24 14.999999999999998 20 14.999999999999998 17 17 14.999999999999998 121 18 43
leaf_count=24 15 20 15 17 17 15 121 18 43
internal_value=0.00275752 0.60466 -0.0754433 -0.0149753 0.261146 -0.0563905 -0.0233811 0.0391632 -0.173167
internal_weight=305 35 270 246 32 214 197 139 58
internal_count=305 35 270 246 32 214 197 139 58
is_linear=0
shrinkage=0.05


Tree=125
num_leaves=7
num_cat=0
split_feature=62 72 76 31 88 109
split_gain=9451.3 1184.26 1256.75 1136.48 1021.41 577.34
threshold=27.900000000000002 -0.82666666666666677 -6.3916666666666613 0.041666666666667414 3.7050000000000005 -0.020833333333333922
decision_type=2 2 2 2 2 2
left_child=-1 -2 -3 4 -4 -6
right_child=1 2 3 -5 5 -7
leaf_value=1.2395963965662267 -0.41436480147328542 0.3983219367718836 -0.45692878672795267 0.37493876499056034 -0.15071374236896881 0.019833259688092748
leaf_weight=14.999999999999998 20 17 15.999999999999998 14.999999999999998 79 133
leaf_count=15 20 17 16 15 79 133
internal_value=0.0210906 -0.0445878 -0.0159759 -0.0451322 -0.0729426 -0.0437372
internal_weight=295 280 260 243 228 212
internal_count=295 280 260 243 228 212
is_linear=0
shrinkage=0.05


Tree=126
num_leaves=11
num_cat=0
split_feature=45 44 76 49 21 99 51 77 31 63
split_gain=2947.52 1312.99 3976.24 1550.07 1167.63 1136.56 878.02 1153.35 664.095 402.63
threshold=-0.030833333333333334 3.5000000000000004 -0.53333333333333488 4.2250000000000005 61.750000000000007 49.650000000000013 46.000000000000007 2.5000000000000004 -0.02499999999999902 49.150000000000006
decision_type=2 2 2 2 2 2 2 2 2 2
left_child=-1 3 -3 -2 6 9 -5 -8 -7 -4
right_child=1 2 5 4 -6 8 7 -9 -10 -11
leaf_value=-0.65181826548419186 -0.53845288977438577 0.8742567187113478 -0.40554949241395327 -0.40989096180306678 0.36813008556302812 0.40403716909257992 0.33612013915826006 -0.10369492553938164 -0.030683052457498583 -0.064913000486284025
leaf_weight=20 18 14.999999999999998 15.999999999999998 19 14.999999999999998 17 17 116 18 19
leaf_count=20 18 15 16 19 15 17 17 116 18 19
internal_value=-0.0676776 -0.0241641 0.138376 -0.0989059 -0.0512057 -0.0202641 -0.0928353 -0.0472301 0.180874 -0.221487
internal_weight=290 270 85 185 167 70 152 133 35 35
internal_count=290 270 85 185 167 70 152 133 35 35
is_linear=0
shrinkage=0.05


Tree=127
num_leaves=9
num_cat=0
split_feature=65 51 103 111 25 25 31 24
split_gain=8144.69 2311.7 2213.43 706.408 759.391 694.443 762.441 540.938
threshold=11.450000000000001 43.95000000000001 32.050000000000004 -1.2 22.850000000000005 50.850000000000009 0.020833333333333041 49.20000000000001
decision_type=2 2 2 2 2 2 2 2
left_child=-1 2 -2 -3 -5 6 -6 -7
right_child=1 3 -4 4 5 7 -8 -9
leaf_value=0.90648917345585167 -0.08024183669926431 -0.32635788380704972 -0.86019658142735489 -0.2116698900141667 0.066231030189212545 0.094156458520749844 0.38944565676399884 -0.27357166614769901
leaf_weight=24 21 14.999999999999998 15.999999999999998 29 136 17 21 24
leaf_count=24 21 15 16 29 136 17 21 24
internal_value=0.0245954 -0.0515461 -0.419064 0.00477384 0.0268109 0.0618543 0.109716 -0.121119
internal_weight=303 279 37 242 227 198 157 41
internal_count=303 279 37 242 227 198 157 41
is_linear=0
shrinkage=0.05


Tree=128
num_leaves=9
num_cat=0
split_feature=115 45 84 23 74 64 67 35
split_gain=2010.76 2388.56 1307.59 2532.69 1738.23 1469.27 1369.8 952.857
threshold=17.608333333333334 -0.030833333333333334 -0.02166666666666665 56.350000000000009 -12.466666666666665 36.900000000000006 4.0500000000000007 0.67499999999999905
decision_type=2 2 2 2 2 2 2 2
left_child=1 -1 5 -4 -5 -3 -6 -7
right_child=-2 2 3 4 6 7 -8 -9
leaf_value=-0.58414393865795278 0.51553047488194814 -0.60047836497179052 0.66548558505165667 -0.50441765903686142 -0.31786359458258656 -0.37103223549510478 0.096864182501255766 0.13159884606966696
leaf_weight=20 15.999999999999998 18 14.999999999999998 15.999999999999998 23 14.999999999999998 144 25
leaf_count=20 16 18 15 16 23 15 144 25
internal_value=-0.0276144 -0.0592945 -0.0180591 0.0431004 -0.00822307 -0.226646 0.03956 -0.0572183
internal_weight=292 276 256 198 183 58 167 40
internal_count=292 276 256 198 183 58 167 40
is_linear=0
shrinkage=0.05


Tree=129
num_leaves=8
num_cat=0
split_feature=76 64 65 115 34 11 115
split_gain=6127 2017.14 993.755 612.877 631.737 791.822 750.069
threshold=-18.958333333333332 13.350000000000001 16.650000000000002 16.600000000000009 5.5000000000000009 40.900000000000006 -6.6000000000000041
decision_type=2 2 2 2 2 2 2
left_child=-1 -2 -3 4 5 -4 -6
right_child=1 2 3 -5 6 -7 -8
leaf_value=0.99623933975270251 -0.52038933957987166 0.33726899682993616 -0.040657468621849907 -0.32674102353753515 -0.42893266050874834 0.18647420245459842 -0.029925401336721232
leaf_weight=14.999999999999998 20 20 106 15.999999999999998 17 60 38
leaf_count=15 20 20 106 16 17 60 38
internal_value=0.0154242 -0.0380109 -0.000264441 -0.0288996 -0.00717578 0.0414711 -0.1539
internal_weight=292 277 257 237 221 166 55
internal_count=292 277 257 237 221 166 55
is_linear=0
shrinkage=0.05


Tree=130
num_leaves=11
num_cat=0
split_feature=76 62 43 102 49 88 117 109 82 90
split_gain=5233.14 2951.94 1015.36 1370.01 2508.53 1212.56 1175.2 843.347 774.568 551.382
threshold=-18.958333333333332 29.950000000000006 -0.07833333333333313 44.500000000000007 6.3150000000000004 3.9650000000000003 -0.77666666666666628 0.030833333333332828 0.26750000000000013 37.150000000000006
decision_type=2 2 2 2 2 2 2 2 2 2
left_child=-1 -2 3 7 -5 -4 -7 9 -8 -3
right_child=1 2 5 4 -6 6 8 -9 -10 -11
leaf_value=0.87174223194951583 -0.73518085763943919 -0.3312715193020046 -0.53193017058814607 0.68072847879040832 -0.15593747595288107 0.3152883441244041 -0.054352730881342431 0.30784741181024117 -0.39185474260723424 -0.01298832009849012
leaf_weight=15.999999999999998 14.999999999999998 18 14.999999999999998 22 14.999999999999998 18 88 15.999999999999998 21 55
leaf_count=16 15 18 15 22 15 18 88 16 21 55
internal_value=-0.00509563 -0.0549776 -0.0166278 0.0866306 0.341899 -0.108283 -0.0578276 -0.0197006 -0.119721 -0.0918833
internal_weight=299 283 268 126 37 142 127 89 109 73
internal_count=299 283 268 126 37 142 127 89 109 73
is_linear=0
shrinkage=0.05


Tree=131
num_leaves=7
num_cat=0
split_feature=23 64 54 52 81 57
split_gain=6639.15 3708.07 1348.83 2801.96 810.042 769.736
threshold=54.150000000000006 13.350000000000001 30.550000000000004 4.955000000000001 5.5000000000000009 50.70000000000001
decision_type=2 2 2 2 2 2
left_child=-1 -2 -3 -4 5 -5
right_child=1 2 3 4 -6 -7
leaf_value=0.89061194781545572 -0.78662147061866616 -0.34589176201533617 0.51372897397444772 0.094354402942461002 -0.29570586609776756 -0.11867312282956349
leaf_weight=19 17 29 25 90 28 80
leaf_count=19 17 29 25 90 28 80
internal_value=-0.0101531 -0.0741018 -0.0257222 0.0160281 -0.0470152 -0.00587528
internal_weight=288 269 252 223 198 170
internal_count=288 269 252 223 198 170
is_linear=0
shrinkage=0.05


Tree=132
num_leaves=8
num_cat=0
split_feature=76 63 62 11 56 56 62
split_gain=6439.46 1826.68 963.151 698.625 683.767 928.007 441.283
threshold=-18.958333333333332 16.650000000000002 55.250000000000007 22.000000000000004 36.20000000000001 32.650000000000013 81.65000000000002
decision_type=2 2 2 2 2 2 2
left_child=-1 -2 -3 -4 5 -5 -6
right_child=1 2 3 4 6 -7 -8
leaf_value=1.0283940482613267 -0.4386445054020065 0.31632931185684682 0.2952705344798402 -0.040584421364387668 -0.2859773221995261 0.29602364482157734 -0.047883541313490069
leaf_weight=14.999999999999998 25 23 15.999999999999998 111 38 25 40
leaf_count=15 25 23 16 111 38 25 40
internal_value=0.0227917 -0.0317998 0.00853995 -0.0223414 -0.0462382 0.0214274 -0.16416
internal_weight=293 278 253 230 214 136 78
internal_count=293 278 253 230 214 136 78
is_linear=0
shrinkage=0.05


Tree=133
num_leaves=9
num_cat=0
split_feature=23 51 87 65 66 88 70 25
split_gain=6222.58 5969.96 992.13 1340.03 1037.92 943.566 583.531 344.11
threshold=54.150000000000006 30.250000000000004 6.7350000000000012 16.650000000000002 17.450000000000006 4.1250000000000009 -0.029999999999999801 36.900000000000006
decision_type=2 2 2 2 2 2 2 2
left_child=-1 -2 4 -4 -3 -5 -7 -6
right_child=1 2 3 5 7 6 -8 -9
leaf_value=0.77948467391648446 -0.99727646621347155 -0.48302288668997151 0.39784865609559966 -0.38859616671659936 -0.22217750495288807 -0.15301256522053197 0.066593629158095177 0.076501533065867766
leaf_weight=22 17 22 21 15.999999999999998 17 40 123 22
leaf_count=22 17 22 21 16 17 40 123 22
internal_value=-0.0280243 -0.0922032 -0.0328735 0.0209649 -0.20922 -0.02342 0.0126111 -0.0537993
internal_weight=300 278 261 200 61 179 163 39
internal_count=300 278 261 200 61 179 163 39
is_linear=0
shrinkage=0.05


Tree=134
num_leaves=10
num_cat=0
split_feature=51 73 56 53 98 99 56 15 51
split_gain=6383.02 1089.57 963.283 2782.71 1358.42 900.023 801.512 745.534 514.846
threshold=24.600000000000005 1.5000000000000002 33.20000000000001 23.650000000000002 41.150000000000013 54.650000000000013 36.20000000000001 44.100000000000001 63.050000000000004
decision_type=2 2 2 2 2 2 2 2 2
left_child=-1 -2 4 -4 5 7 -5 -3 -8
right_child=1 2 3 6 -6 -7 8 -9 -10
leaf_value=0.9846932751791817 -0.38458995321915612 -0.35617866446445512 0.68230148564305226 0.29799580457131508 -0.51934089867169397 0.24533395440869743 -0.19659747110086057 -0.030654072465925566 0.045547030124251757
leaf_weight=15.999999999999998 21 23 17 18 17 22 41 74 47
leaf_count=16 21 23 17 18 17 22 41 74 47
internal_value=0.0165547 -0.0390814 -0.0109103 0.090424 -0.102594 -0.0426307 -0.00500629 -0.108179 -0.0673086
internal_weight=296 280 259 123 136 119 106 97 88
internal_count=296 280 259 123 136 119 106 97 88
is_linear=0
shrinkage=0.05


Tree=135
num_leaves=9
num_cat=0
split_feature=51 54 53 31 62 106 66 21
split_gain=6525.66 1439.5 2107.31 917.804 806.418 658.952 623.1 582.37
threshold=24.600000000000005 30.550000000000004 23.650000000000002 0.032500000000001091 68.100000000000009 13.9 33.95000000000001 51.600000000000001
decision_type=2 2 2 2 2 2 2 2
left_child=-1 4 -3 5 -2 6 -4 -7
right_child=1 2 3 -5 -6 7 -8 -9
leaf_value=1.0331221807871434 -0.51615888425127954 0.51444385413724092 -0.11843855231143963 -0.40919329954298922 -0.040486288860144215 0.0080794766481466756 0.11093376624465286 0.34200253144108872
leaf_weight=14.999999999999998 22 19 113 14.999999999999998 14.999999999999998 32 40 22
leaf_count=15 22 19 113 15 15 32 40 22
internal_value=0.02081 -0.0341451 0.0104633 -0.0328598 -0.324082 -0.00538073 -0.058406 0.144595
internal_weight=293 278 241 222 37 207 153 54
internal_count=293 278 241 222 37 207 153 54
is_linear=0
shrinkage=0.05


Tree=136
num_leaves=9
num_cat=0
split_feature=102 9 72 121 76 65 97 23
split_gain=4813.94 1898.3 5274.13 2770.3 1043.07 980.143 667.909 308.975
threshold=11.750000000000002 6.8550000000000013 -0.82666666666666677 0.097500000000000156 -6.3916666666666613 25.950000000000003 5.3150000000000004 76.65000000000002
decision_type=2 2 2 2 2 2 2 2
left_child=-1 2 -2 -3 -4 7 -7 -6
right_child=1 3 4 -5 5 6 -8 -9
leaf_value=0.84454221109981109 -0.85126794209412493 -0.090784100439753462 0.35078969404362798 0.75710568934766165 -0.10075087180956271 -0.089408750332657688 0.1189878271895215 -0.34048610009564467
leaf_weight=15.999999999999998 21 22 17 17 24 81 73 31
leaf_count=16 21 22 17 17 24 81 73 31
internal_value=0.00328966 -0.0440347 -0.095259 0.279672 -0.0246429 -0.0553575 0.0093573 -0.236338
internal_weight=302 286 247 39 226 209 154 55
internal_count=302 286 247 39 226 209 154 55
is_linear=0
shrinkage=0.05


Tree=137
num_leaves=9
num_cat=0
split_feature=115 99 50 4 93 67 76 50
split_gain=4693 2483.93 6521.2 2109.95 1458.65 900.782 1397.85 1049.88
threshold=-18.791666666666664 59.20000000000001 11.350000000000003 6.5000000000000009 74.600000000000009 16.050000000000004 -0.53333333333333488 36.650000000000013
decision_type=2 2 2 2 2 2 2 2
left_child=-1 2 -2 -3 5 6 -4 -7
right_child=1 3 4 -5 -6 7 -8 -9
leaf_value=0.82475714105997011 -1.1129449144893924 -0.031547331365739333 0.34041025954677728 0.791996262454434 -0.42714816876666034 -0.49325189279473342 -0.021979565856687325 -0.041355319519915196
leaf_weight=15.999999999999998 14.999999999999998 16.000000000000004 37 14.999999999999998 22 15.999999999999998 94 64
leaf_count=16 15 16 37 15 22 16 94 64
internal_value=-0.00527587 -0.0531727 -0.105972 0.368046 -0.0406747 -0.000171899 0.0805183 -0.1323
internal_weight=295 279 248 31 233 211 131 80
internal_count=295 279 248 31 233 211 131 80
is_linear=0
shrinkage=0.05


Tree=138
num_leaves=12
num_cat=0
split_feature=65 49 104 62 45 99 115 101 48 70 70
split_gain=6160.67 1722.41 784.139 1058.61 1258.03 980.262 760.393 732.509 734.616 936.063 492.91
threshold=11.450000000000001 4.0100000000000007 33.900000000000006 76.450000000000017 1.0000000180025095e-35 47.95000000000001 -13.358333333333333 85.90000000000002 6.8050000000000006 -0.029999999999999801 -0.023333333333332981
decision_type=2 2 2 2 2 2 2 2 2 2 2
left_child=-1 -2 3 4 5 -3 -5 8 9 -4 -8
right_child=1 2 7 6 -6 -7 10 -9 -10 -11 -12
leaf_value=0.76686141291462562 -0.50934421304632849 -0.20935495614308364 -0.16704266600261464 -0.34892741244787362 0.61374945344514409 0.29002900723513075 -0.15798536360362836 -0.35047079477180793 -0.24098903337322858 0.37319652211596394 0.08339843064200779
leaf_weight=25 19 17 14.999999999999998 17 14.999999999999998 23 30 28 25 17 71
leaf_count=25 19 17 15 17 15 23 30 28 25 17 71
internal_value=0.0167558 -0.0511775 -0.0172329 0.0438471 0.224815 0.0776733 -0.0405791 -0.141513 -0.0383452 0.120072 0.0115655
internal_weight=302 277 258 173 55 40 118 85 57 32 101
internal_count=302 277 258 173 55 40 118 85 57 32 101
is_linear=0
shrinkage=0.05


Tree=139
num_leaves=7
num_cat=0
split_feature=16 16 103 39 78 53
split_gain=4423.36 2749.39 2487.19 1977.32 1386.19 1590.65
threshold=6.4350000000000014 6.2650000000000006 11.4 2.5250000000000004 -1.2925000000000002 21.950000000000003
decision_type=2 2 2 2 2 2
left_child=1 2 -1 4 -4 -6
right_child=-2 -3 3 -5 5 -7
leaf_value=-0.54636432822281722 0.76509735417819158 -0.71954921902410252 -0.36763741692223872 0.57368690138621048 0.42666732811819919 -0.022785994005666169
leaf_weight=21 17 14.999999999999998 25 14.999999999999998 22 180
leaf_count=21 17 15 25 15 22 180
internal_value=-0.0154177 -0.0634229 -0.025723 0.019643 -0.0171823 0.0263265
internal_weight=295 278 263 242 227 202
internal_count=295 278 263 242 227 202
is_linear=0
shrinkage=0.05


Tree=140
num_leaves=9
num_cat=0
split_feature=88 91 63 117 65 11 21 101
split_gain=4690.84 1581.37 3141.13 2713.05 3421.96 1404.68 853.981 821.861
threshold=3.6200000000000006 6.9400000000000004 49.150000000000006 2.0008333333333335 13.450000000000001 26.750000000000004 61.750000000000007 55.250000000000007
decision_type=2 2 2 2 2 2 2 2
left_child=-1 3 -3 4 -2 7 -7 -6
right_child=1 2 -4 -5 5 6 -8 -9
leaf_value=0.83121005652113722 -0.68848614330691182 -0.89795833044494211 0.12262579323045467 0.64449907541275031 -0.032667751908765079 0.028597521249674119 0.39946427055095368 -0.53180628732195367
leaf_weight=15.999999999999998 19 15.000000000000002 14.999999999999998 14.999999999999998 15.999999999999998 169 17 17
leaf_count=16 19 15 15 15 16 169 17 17
internal_value=0.00101522 -0.046181 -0.388788 -0.00539829 -0.0466327 0.00931922 0.0627172 -0.290781
internal_weight=299 283 30 253 238 219 186 33
internal_count=299 283 30 253 238 219 186 33
is_linear=0
shrinkage=0.05


Tree=141
num_leaves=8
num_cat=0
split_feature=76 63 4 62 90 104 111
split_gain=4223.38 2811.18 920.124 1163.46 644.88 649.774 464.133
threshold=-20.050000000000001 13.400000000000002 2.5000000000000004 55.900000000000013 32.750000000000007 30.150000000000002 -0.20833333333333345
decision_type=2 2 2 2 2 2 2
left_child=-1 -2 6 -4 -5 -6 -3
right_child=1 2 3 4 5 -7 -8
leaf_value=0.79410449684850437 -0.7280309366864085 -0.46184573789306038 0.43922128126715987 -0.29225530220263918 0.10113248583217116 -0.089327210581510663 -0.11471886662319578
leaf_weight=14.999999999999998 14.999999999999998 14.999999999999998 14.999999999999998 19 97 83 27
leaf_count=15 15 15 15 19 97 83 27
internal_value=-0.0197239 -0.0650645 -0.0259302 0.0160768 -0.015998 0.0132808 -0.239614
internal_weight=286 271 256 214 199 180 42
internal_count=286 271 256 214 199 180 42
is_linear=0
shrinkage=0.05


Tree=142
num_leaves=11
num_cat=0
split_feature=62 109 74 109 74 78 76 80 97 54
split_gain=6322.2 1234.79 2993.7 1468.74 1202.46 919.078 1286.03 794.987 423.731 252.521
threshold=27.900000000000002 -0.020833333333333922 -5.474999999999997 -0.014166666666666215 3.6083333333333276 -1.4691666666666663 -6.3916666666666613 -0.15083333333333379 5.3150000000000004 65.65000000000002
decision_type=2 2 2 2 2 2 2 2 2 2
left_child=-1 2 -2 -3 -4 -5 -7 -6 -8 -9
right_child=1 3 4 5 7 6 8 9 -10 -11
leaf_value=1.0201536104971209 -0.82133128043042114 0.44943423286006229 0.21028825377124061 -0.37512127224183245 -0.50099629132163448 0.47168945109607369 -0.092663087558769841 -0.21018594557841347 0.086638795136251279 0.044329319152786831
leaf_weight=14.999999999999998 14.999999999999998 20 28 14.999999999999998 14.999999999999998 14.999999999999998 76 18 58 21
leaf_count=15 15 20 28 15 15 15 76 18 58 21
internal_value=0.0234756 -0.0300541 -0.174326 0.0460286 -0.0550543 -0.00338067 0.0342358 -0.192866 -0.0150108 -0.0732485
internal_weight=296 281 97 184 82 164 149 54 134 39
internal_count=296 281 97 184 82 164 149 54 134 39
is_linear=0
shrinkage=0.05


Tree=143
num_leaves=11
num_cat=0
split_feature=16 0 51 72 50 31 109 74 68 31
split_gain=4404.19 1860.91 5157.79 3437.53 906.472 974.474 634.104 620.281 456.31 648.076
threshold=6.4350000000000014 1185.5000000000002 39.45000000000001 -0.65833333333333266 27.750000000000004 0.025833333333333378 -0.029166666666666338 14.933333333333334 51.500000000000007 -0.033333333333332764
decision_type=2 2 2 2 2 2 2 2 2 2
left_child=1 2 -1 -3 -5 7 -4 -6 -8 -10
right_child=-2 3 6 4 5 -7 8 -9 9 -11
leaf_value=-0.98869791682912478 0.78110631196296687 0.62772774337643411 -0.31510932255790841 -0.38005605390545916 0.034339153682997191 0.38517291684024385 -0.18948842760742896 -0.19041030775681303 -0.060414192562376096 0.35210199125563896
leaf_weight=18 17 22 15.999999999999998 17 96 14.999999999999998 14.999999999999998 45 19.999999999999996 18.000000000000004
leaf_count=18 17 22 16 17 96 15 15 45 20 18
internal_value=0.00193278 -0.0452812 -0.237443 0.0405045 -0.0344619 0.00338628 -0.0402433 -0.0374381 0.0430781 0.135268
internal_weight=299 282 87 195 173 156 69 141 53 38
internal_count=299 282 87 195 173 156 69 141 53 38
is_linear=0
shrinkage=0.05


Tree=144
num_leaves=9
num_cat=0
split_feature=115 50 64 104 76 25 50 66
split_gain=4684.98 2693.12 1034.57 857.278 1540.95 665.295 482.826 313.618
threshold=-18.791666666666664 11.350000000000003 13.350000000000001 33.900000000000006 -5.7750000000000012 22.450000000000003 38.20000000000001 31.000000000000004
decision_type=2 2 2 2 2 2 2 2
left_child=-1 -2 -3 4 -4 -6 -5 -8
right_child=1 2 3 6 5 -7 7 -9
leaf_value=0.82989013597665251 -0.72379748116660592 -0.4389207401417739 0.50313678233944181 -0.3210836735607564 -0.2512589680123653 0.046321413593499262 -0.15936581335109701 0.076237267898820738
leaf_weight=14.999999999999998 14.999999999999998 14.999999999999998 17 26 22 125 34 24
leaf_count=15 15 15 17 26 22 125 34 24
internal_value=-0.0278315 -0.0744112 -0.037094 -0.0126026 0.0539039 0.00161105 -0.142418 -0.0618254
internal_weight=293 278 263 248 164 147 84 58
internal_count=293 278 263 248 164 147 84 58
is_linear=0
shrinkage=0.05


Tree=145
num_leaves=11
num_cat=0
split_feature=62 17 92 102 74 31 88 25 15 28
split_gain=4930.49 1547.28 1235.78 1082.66 1494.9 3626.93 874.698 641.462 506.539 340.966
threshold=27.900000000000002 47.150000000000013 8.7000000000000011 47.250000000000007 2.0666666666666669 -0.029999999999999357 3.9650000000000003 45.95000000000001 33.20000000000001 9.7500000000000018
decision_type=2 2 2 2 2 2 2 2 2 2
left_child=-1 2 6 4 5 -4 -2 9 -6 -5
right_child=1 -3 3 7 8 -7 -8 -9 -10 -11
leaf_value=0.86546492833898658 -0.56673512521958513 -0.4688831215753605 -0.058679575783740105 -0.20682838501767342 -0.22846360019364284 0.79439677129060149 -0.056259534730337048 -0.38108548606253417 0.053944971212794603 0.090314073213574153
leaf_weight=15.999999999999998 14.999999999999998 19 27 15.999999999999998 19 23 19 19 94 24
leaf_count=16 15 19 27 16 19 23 19 19 94 24
internal_value=0.0150013 -0.0347587 -0.00234847 0.040661 0.107099 0.334438 -0.282618 -0.142675 0.00625612 -0.0286376
internal_weight=291 275 256 222 163 50 34 59 113 40
internal_count=291 275 256 222 163 50 34 59 113 40
is_linear=0
shrinkage=0.05


Tree=146
num_leaves=10
num_cat=0
split_feature=62 72 60 105 84 114 76 62 57
split_gain=5053.38 2329.14 724.461 768.586 1770.09 581.821 1107.74 712.663 533.459
threshold=27.900000000000002 -1.0158333333333331 60.300000000000004 6.6500000000000012 -0.0041666666666666788 4.5000000000000009 -0.53333333333333488 79.15000000000002 49.650000000000013
decision_type=2 2 2 2 2 2 2 2 2
left_child=-1 -2 3 4 -3 6 -5 -7 -4
right_child=1 2 8 5 -6 7 -8 -9 -10
leaf_value=0.85845939748405664 -0.63635109733350526 -0.080327873100522418 -0.45662382402833518 0.39841867109029994 0.59737347212799807 -0.30648379097638045 -0.02448336663790722 0.016833722276771525 -0.041623185167771692
leaf_weight=15.999999999999998 15.999999999999998 22 15.000000000000002 18 17 34 107 34 15.999999999999998
leaf_count=16 16 22 15 18 17 34 107 34 16
internal_value=-0.00285404 -0.0525562 -0.0167927 0.0135587 0.215725 -0.0273581 0.0366444 -0.144964 -0.243413
internal_weight=295 279 263 232 39 193 125 68 31
internal_count=295 279 263 232 39 193 125 68 31
is_linear=0
shrinkage=0.05


Tree=147
num_leaves=15
num_cat=0
split_feature=84 106 50 67 84 75 50 63 33 74 65 102 74 76
split_gain=5389.95 7353.16 3303.54 719.162 1258.06 1686.68 1207.38 520.119 675.988 461.149 573.882 412.973 409.681 283.274
threshold=0.017500000000000005 5.1000000000000005 19.350000000000005 16.050000000000004 -0.0058333333333333284 3.5000000000000004 35.650000000000006 52.100000000000009 0.61416666666666642 15.741666666666671 44.70000000000001 40.800000000000004 3.6083333333333276 12.258333333333338
decision_type=2 2 2 2 2 2 2 2 2 2 2 2 2 2
left_child=2 -2 -1 4 7 -6 -5 13 -9 12 -11 -7 -8 -4
right_child=1 -3 3 6 5 11 9 8 -10 10 -12 -13 -14 -15
leaf_value=-0.69608531079367186 1.4266933900236296 -0.088725788272612266 -0.30464441073147253 -0.49277162140572978 0.69857198955207478 0.23032430974651852 -0.15708577157878084 0.27360858910995006 -0.16619177262605345 0.015590085450166498 -0.41377464625614374 -0.090560943301747604 0.12538774021438698 -0.030351754930448827
leaf_weight=19 14.999999999999998 17 23 17 14.999999999999998 21 18 19 15.999999999999998 16.000000000000004 14.999999999999998 19 44 15.999999999999998
leaf_count=19 15 17 23 17 15 21 18 19 16 16 15 19 44 16
internal_value=0.012673 0.623703 -0.0633066 -0.012711 0.0673343 0.24825 -0.106603 -0.0672161 0.0725139 -0.0355064 -0.192669 0.0779334 0.0431779 -0.192607
internal_weight=290 32 258 239 129 55 110 74 35 93 31 40 62 39
internal_count=290 32 258 239 129 55 110 74 35 93 31 40 62 39
is_linear=0
shrinkage=0.05


Tree=148
num_leaves=7
num_cat=0
split_feature=102 68 31 101 4 4
split_gain=4712.1 1880.37 1509.85 941.423 563.342 707.87
threshold=11.750000000000002 47.500000000000007 0.041666666666667414 41.900000000000013 11.500000000000002 10.500000000000002
decision_type=2 2 2 2 2 2
left_child=-1 -2 3 -3 5 -5
right_child=1 2 -4 4 -6 -7
leaf_value=0.82489109412298434 -0.53362040969089686 -0.4083013214454142 0.44936800084499096 -0.027483527977534478 -0.26360950243419112 0.29198498565957187
leaf_weight=15.999999999999998 19 17 15.999999999999998 188 22 19
leaf_count=16 19 17 16 188 22 19
internal_value=-0.00699104 -0.0546524 -0.0197086 -0.0504082 -0.0236513 0.00194235
internal_weight=297 281 262 246 229 207
internal_count=297 281 262 246 229 207
is_linear=0
shrinkage=0.05


Tree=149
num_leaves=8
num_cat=0
split_feature=23 92 33 73 76 49 33
split_gain=5932.65 1658.42 1389.73 1848.3 1125.61 974.129 690.66
threshold=54.150000000000006 5.3000000000000007 1.593333333333333 1.5000000000000002 -5.7750000000000012 5.6550000000000002 0.61416666666666642
decision_type=2 2 2 2 2 2 2
left_child=-1 5 3 -3 -5 -2 -6
right_child=1 2 -4 4 6 -7 -8
leaf_value=0.86547402214863534 -0.6779287979302816 -0.50723233731629336 0.40748502328133712 0.40838125910818213 0.051692445049466143 -0.11669496826781248 -0.14346801601301357
leaf_weight=19 15.000000000000002 19 19 15.999999999999998 112 15.999999999999998 76
leaf_count=19 15 19 19 16 112 16 76
internal_value=0.0135454 -0.0460232 -0.00183159 -0.0368955 0.00711291 -0.389727 -0.02721
internal_weight=292 273 242 223 204 31 188
internal_count=292 273 242 223 204 31 188
is_linear=0
shrinkage=0.05


Tree=150
num_leaves=9
num_cat=0
split_feature=84 62 49 111 113 40 112 66
split_gain=4210.99 7667.7 3412.8 456.364 491.02 551.496 624.236 581.83
threshold=0.017500000000000005 57.300000000000004 3.8400000000000003 -1.2 -12.174999999999997 1.5000000000000002 4.5000000000000009 19.100000000000005
decision_type=2 2 2 2 2 2 2 2
left_child=2 -2 -1 -4 -5 7 -7 -6
right_child=1 -3 3 4 5 6 -8 -9
leaf_value=-0.71371513047621615 1.2983374061768655 -0.18372110084713444 -0.28509289137801236 0.23262687849076413 -0.40375147337064687 0.074965618254510785 -0.12746094659651597 -0.036817912044990582
leaf_weight=20 15.999999999999998 19 17 18 19 107 59 25
leaf_count=20 16 19 17 18 19 107 59 25
internal_value=-0.0192135 0.495418 -0.0873637 -0.0359423 -0.0172265 -0.0387668 0.0029553 -0.195936
internal_weight=300 35 265 245 228 210 166 44
internal_count=300 35 265 245 228 210 166 44
is_linear=0
shrinkage=0.05


Tree=151
num_leaves=10
num_cat=0
split_feature=115 65 107 99 97 64 53 99 54
split_gain=4149.29 1521.5 1260.48 822.249 1059.9 1958.73 666.415 561.145 742.484
threshold=-18.791666666666664 7.9500000000000011 49.500000000000007 49.650000000000013 5.5850000000000009 39.000000000000007 28.800000000000004 39.350000000000001 55.100000000000001
decision_type=2 2 2 2 2 2 2 2 2
left_child=-1 -2 -3 7 5 -5 -6 -4 -9
right_child=1 2 3 4 6 -7 -8 8 -10
leaf_value=0.8099959309922149 -0.48423502129497448 -0.35492846770405273 0.12829342273502417 0.66067327783571028 -0.27897891757781046 0.02245994105378292 0.084419360474960237 -0.28653804380562797 -0.0045927513649756902
leaf_weight=14.999999999999998 18 24 29 21 17 28 48 40 56
leaf_count=15 18 24 29 21 17 28 48 40 56
internal_value=0.00254772 -0.0408095 -0.0102695 0.0244537 0.121528 0.29687 -0.010829 -0.0640647 -0.122298
internal_weight=296 281 263 239 114 49 65 125 96
internal_count=296 281 263 239 114 49 65 125 96
is_linear=0
shrinkage=0.05


Tree=152
num_leaves=9
num_cat=0
split_feature=76 62 60 25 75 108 62 20
split_gain=4048.98 1479.68 968.104 622.4 756.973 1217.32 459.746 244.922
threshold=-20.050000000000001 29.950000000000006 65.200000000000003 50.850000000000009 3.5000000000000004 3.5000000000000004 65.90000000000002 33.45000000000001
decision_type=2 2 2 2 2 2 2 2
left_child=-1 -2 3 4 5 -3 -6 -5
right_child=1 2 -4 7 6 -7 -8 -9
leaf_value=0.79569971214067081 -0.49543791602403797 0.42559080957803119 -0.37960692127371393 -0.063524062247462973 -0.21985522309040051 -0.06683031110033999 0.026661017447039432 -0.30013253539247509
leaf_weight=14.999999999999998 17 29 17 28 22 22 131 18
leaf_count=15 17 29 17 28 22 22 131 18
internal_value=-0.00211108 -0.0445318 -0.015629 0.00924341 0.0467379 0.213361 -0.00887355 -0.156669
internal_weight=299 284 267 250 204 51 153 46
internal_count=299 284 267 250 204 51 153 46
is_linear=0
shrinkage=0.05


Tree=153
num_leaves=12
num_cat=0
split_feature=62 45 123 13 84 51 94 57 97 16 56
split_gain=4078.06 1621.38 673.844 1179.88 1865.56 879.317 740.036 551.658 386.907 385.576 378.77
threshold=27.900000000000002 -0.030833333333333334 -0.010833333333333318 4.2550000000000008 -0.0083333333333333436 49.100000000000009 6.0450000000000008 53.250000000000007 5.2650000000000006 5.4450000000000012 33.20000000000001
decision_type=2 2 2 2 2 2 2 2 2 2 2
left_child=-1 -2 5 4 -4 -3 7 -5 9 -7 -10
right_child=1 2 3 6 -6 8 -8 -9 10 -11 -12
leaf_value=0.74303652806240217 -0.55626691360248637 -0.4484357567781902 -0.12009443903206202 0.090925557562752959 0.6240421397679764 -0.080071291910711995 -0.32967578959728472 -0.12420970073519494 -0.36573645559367751 0.2476887245841374 -0.016156219020023108
leaf_weight=17 14.999999999999998 18 14.999999999999998 81 19 22 18 47 15.000000000000002 14.999999999999998 15.999999999999998
leaf_count=17 15 18 15 81 19 22 18 47 15 15 16
internal_value=-0.00662587 -0.0522451 -0.0236057 0.031385 0.296211 -0.138663 -0.030413 0.0118563 -0.056053 0.0529791 -0.186101
internal_weight=298 281 266 180 34 86 146 128 68 37 31
internal_count=298 281 266 180 34 86 146 128 68 37 31
is_linear=0
shrinkage=0.05


Tree=154
num_leaves=8
num_cat=0
split_feature=11 45 66 11 33 98 78
split_gain=1336.04 1349.79 2305.16 916.676 1186.55 780.353 887.013
threshold=55.900000000000013 -0.033333333333333347 4.7500000000000009 26.750000000000004 -0.01333333333333364 41.150000000000013 -0.57416666666666638
decision_type=2 2 2 2 2 2 2
left_child=1 -1 -3 4 -4 6 -5
right_child=-2 2 3 5 -6 -7 -8
leaf_value=-0.43572820397267426 -0.46013340157751714 0.63559720974094835 -0.017358153676647309 0.33857259911574505 -0.56751768881122011 -0.21696400298362237 0.03205829231642178
leaf_weight=15.999999999999998 15.999999999999998 14.999999999999998 28 28 14.999999999999998 25 148
leaf_count=16 16 15 28 28 15 25 148
internal_value=-0.0174243 0.00847306 0.0360909 -0.000988753 -0.210262 0.0438385 0.0810149
internal_weight=291 275 259 244 43 201 176
internal_count=291 275 259 244 43 201 176
is_linear=0
shrinkage=0.05


Tree=155
num_leaves=8
num_cat=0
split_feature=76 62 33 23 31 33 106
split_gain=4283.33 1540.16 661.262 531.053 582.712 1044.96 381.61
threshold=-18.958333333333332 29.950000000000006 -0.6208333333333339 61.300000000000004 0.020833333333333041 0.65833333333333377 13.9
decision_type=2 2 2 2 2 2 2
left_child=-1 -2 -3 -4 6 -6 -5
right_child=1 2 3 4 5 -7 -8
leaf_value=0.8144609569762804 -0.51536013213609233 0.30452851705383838 -0.25086616528688244 -0.070258273423378828 0.47056363935184758 -0.10043524513329496 0.086071675104156226
leaf_weight=15.999999999999998 14.999999999999998 17 22 140 17 14.999999999999998 54
leaf_count=16 15 17 22 140 17 15 54
internal_value=0.0213865 -0.0241888 0.0037784 -0.0169318 0.00591933 0.203273 -0.0266961
internal_weight=296 280 265 248 226 32 194
internal_count=296 280 265 248 226 32 194
is_linear=0
shrinkage=0.05


Tree=156
num_leaves=7
num_cat=0
split_feature=62 49 123 29 51 43
split_gain=5242.06 1338.8 792.67 749.986 727.31 555.378
threshold=27.900000000000002 3.6900000000000004 0.024166666666666645 49.500000000000007 42.750000000000007 0.56416666666666704
decision_type=2 2 2 2 2 2
left_child=-1 -2 3 -3 -5 -6
right_child=1 2 -4 4 5 -7
leaf_value=0.89244679642019786 -0.49322714205609258 0.27588217824244693 0.29266693274773176 -0.33109145251132244 0.0047211619568930507 -0.22766675583745949
leaf_weight=15.999999999999998 14.999999999999998 18 20 22 176 30
leaf_count=16 15 18 20 22 176 30
internal_value=0.0150059 -0.0352371 -0.00921616 -0.0338888 -0.0584765 -0.0291915
internal_weight=297 281 266 246 228 206
internal_count=297 281 266 246 228 206
is_linear=0
shrinkage=0.05


Tree=157
num_leaves=8
num_cat=0
split_feature=24 111 49 95 35 16 0
split_gain=3981 1299 3310.85 678.172 720.142 594.725 511.887
threshold=21.050000000000004 1.2208333333333339 3.8400000000000003 45.850000000000001 13.941666666666668 4.4450000000000012 2178.5000000000005
decision_type=2 2 2 2 2 2 2
left_child=-1 2 -2 4 5 -4 -6
right_child=1 -3 3 -5 6 -7 -8
leaf_value=0.75541940181576006 -0.66002845723905823 0.36760077245572476 -0.19145127723977418 0.30669476936010193 -0.42952160840494591 0.051402063299808724 -0.064151590520608745
leaf_weight=17 21 19 30 15.999999999999998 17 155 22
leaf_count=17 21 19 30 16 17 155 22
internal_value=0.0147837 -0.0304193 -0.0595427 -0.00672639 -0.0292628 0.0119113 -0.224235
internal_weight=297 280 261 240 224 185 39
internal_count=297 280 261 240 224 185 39
is_linear=0
shrinkage=0.05


Tree=158
num_leaves=11
num_cat=0
split_feature=65 78 92 91 78 37 59 66 39 52
split_gain=4507.77 1271.36 1008.78 841.344 1652.44 765.324 539.14 473.266 295.62 215.641
threshold=11.450000000000001 -1.7116666666666664 8.7000000000000011 4.5900000000000007 1.0308333333333333 11.766666666666667 28.900000000000002 20.400000000000002 0.092499999999999818 6.4850000000000012
decision_type=2 2 2 2 2 2 2 2 2 2
left_child=-1 -2 5 4 -4 -3 8 -8 -5 -6
right_child=1 2 3 6 9 -7 7 -9 -10 -11
leaf_value=0.64534824748605601 -0.40615756258840474 -0.062115376034743097 0.59221394391349669 -0.34595872626541563 -0.11759220226693548 -0.52500031610198372 -0.095835570586295993 0.11120891225211188 -0.074562676157458679 0.13394001818591761
leaf_weight=26 22 22 18 15.999999999999998 18 14.999999999999998 45 71 27 15.999999999999998
leaf_count=26 22 22 18 16 18 15 45 71 27 16
internal_value=0.0178606 -0.0427622 -0.0103546 0.0318867 0.206278 -0.250815 -0.0252094 0.0308335 -0.176232 0.000674939
internal_weight=296 270 248 211 52 37 159 116 43 34
internal_count=296 270 248 211 52 37 159 116 43 34
is_linear=0
shrinkage=0.05


Tree=159
num_leaves=8
num_cat=0
split_feature=51 62 4 76 65 5 35
split_gain=4549.47 1527.83 604.637 860.926 683.224 515.451 627.606
threshold=24.600000000000005 39.20000000000001 11.500000000000002 -5.3166666666666726 36.350000000000001 1.5000000000000002 10.141666666666669
decision_type=2 2 2 2 2 2 2
left_child=-1 -2 3 -3 -4 6 -5
right_child=1 2 4 5 -6 -7 -8
leaf_value=0.82787065150574868 -0.5093493071772297 0.32424745534268601 -0.45590732437095893 0.067950444858888223 0.020091286045036572 -0.27386357376449988 -0.13234740458635438
leaf_weight=15.999999999999998 15.999999999999998 21 15.000000000000002 141 14.999999999999998 17 54
leaf_count=16 16 21 15 141 15 17 54
internal_value=0.0106023 -0.036528 -0.00756159 0.0196541 -0.218466 -0.010633 0.0124183
internal_weight=295 279 263 233 30 212 195
internal_count=295 279 263 233 30 212 195
is_linear=0
shrinkage=0.05


Tree=160
num_leaves=8
num_cat=0
split_feature=62 52 94 62 111 101 28
split_gain=5869.32 1799.16 2623.35 921.735 588.506 683.042 620.704
threshold=27.900000000000002 4.0650000000000004 5.1150000000000011 55.900000000000013 -1.1641666666666666 88.100000000000009 9.7500000000000018
decision_type=2 2 2 2 2 2 2
left_child=-1 2 -2 -3 -5 6 -6
right_child=1 3 -4 4 5 -7 -8
leaf_value=0.97515129320668859 -0.004994909966140367 0.36986727124156316 -0.81565680873760005 -0.31254102307439646 -0.045851001129769031 -0.22208159303436972 0.14400315627249968
leaf_weight=14.999999999999998 24 17 17 14.999999999999998 87 27 85
leaf_count=15 24 17 17 15 87 27 85
internal_value=0.015638 -0.0375969 -0.342411 0.0166075 -0.0115915 0.0112136 0.0479724
internal_weight=287 272 41 231 214 199 172
internal_count=287 272 41 231 214 199 172
is_linear=0
shrinkage=0.05


Tree=161
num_leaves=11
num_cat=0
split_feature=117 103 72 16 108 63 47 6 0 54
split_gain=3404.14 10579.7 2526.08 620.821 1353.03 707.349 624.483 497.775 330.849 312.055
threshold=1.7075 38.000000000000007 -0.82666666666666677 5.1650000000000009 1.5000000000000002 30.200000000000003 1.5000000000000002 2.5000000000000004 1072.5000000000002 62.650000000000006
decision_type=2 2 2 2 2 2 2 2 2 2
left_child=2 -2 -1 5 -5 -4 7 -6 -7 -10
right_child=1 -3 3 4 6 8 -8 -9 9 -11
leaf_value=-0.64437856285671913 1.3814508352960857 -0.33908645506966767 -0.40165656825796286 0.41618435488945527 0.01858841433861012 0.094643522900154153 0.1643659739426977 -0.22617856396876468 -0.22750899877670322 -0.019152016606595781
leaf_weight=19 15.999999999999998 20 20 19 40 22 28 43 37 35
leaf_count=19 16 20 20 19 40 22 28 43 37 35
internal_value=-0.0281227 0.427167 -0.0906014 -0.0472126 0.0274397 -0.132336 -0.0393719 -0.108278 -0.0746142 -0.126461
internal_weight=299 36 263 244 130 114 111 83 94 72
internal_count=299 36 263 244 130 114 111 83 94 72
is_linear=0
shrinkage=0.05


Tree=162
num_leaves=11
num_cat=0
split_feature=51 51 116 98 80 25 77 31 10 76
split_gain=4602.03 956.463 1088.54 495.637 744.052 659.633 754.351 861.462 427.696 281.781
threshold=24.600000000000005 43.95000000000001 4.5000000000000009 41.150000000000013 0.10166666666666747 50.850000000000009 5.5000000000000009 0.020833333333333041 5.2550000000000008 7.6583333333333323
decision_type=2 2 2 2 2 2 2 2 2 2
left_child=-1 2 -2 5 -5 6 7 -3 -8 -7
right_child=1 3 -4 4 -6 9 8 -9 -10 -11
leaf_value=0.83082929279493245 -0.036984800352595153 0.093985705931342714 -0.55095237302516709 -0.43695280042705154 0.059632900613822683 -0.33426112171435207 -0.1888751883161032 0.50344656943576804 0.056794515267757611 -0.044273361587087515
leaf_weight=15.999999999999998 24 87 18 15.000000000000002 14.999999999999998 14.999999999999998 33 14.999999999999998 38 19
leaf_count=16 24 87 18 15 15 15 33 15 38 19
internal_value=0.00885322 -0.0385481 -0.258161 0.000442032 -0.189121 0.0280171 0.0676216 0.154684 -0.0574247 -0.172961
internal_weight=295 279 42 237 30 207 173 102 71 34
internal_count=295 279 42 237 30 207 173 102 71 34
is_linear=0
shrinkage=0.05


Tree=163
num_leaves=10
num_cat=0
split_feature=65 72 88 11 27 76 89 74 0
split_gain=3268.95 1674.69 567.482 457.522 865.268 1319.58 488.163 473.102 278.674
threshold=11.450000000000001 -0.82666666666666677 3.7550000000000003 40.900000000000006 34.900000000000006 0.73333333333333439 44.250000000000007 14.933333333333334 1662.5000000000002
decision_type=2 2 2 2 2 2 2 2 2
left_child=-1 -2 -3 6 5 -5 7 -4 -6
right_child=1 2 3 4 8 -7 -8 -9 -10
leaf_value=0.53955418526897936 -0.48545495571188663 -0.30838488469652786 0.075064510010903904 0.56352990454400487 -0.27846077258542462 0.063455151763973885 -0.24894278241300036 -0.14676657200954718 0.011470010562946921
leaf_weight=26 20 14.999999999999998 65 17 15.999999999999998 58 26 38 17
leaf_count=26 20 15 65 17 16 58 26 38 17
internal_value=0.00502053 -0.0462357 -0.0111785 0.00773307 0.0836357 0.177471 -0.0557902 -0.00679056 -0.129368
internal_weight=298 272 252 237 108 75 129 103 33
internal_count=298 272 252 237 108 75 129 103 33
is_linear=0
shrinkage=0.05


Tree=164
num_leaves=7
num_cat=0
split_feature=88 50 4 74 63 72
split_gain=3813.56 3900.38 940.231 1173.52 736.315 466.64
threshold=3.5300000000000002 11.350000000000003 11.500000000000002 -9.3750000000000018 25.650000000000002 1.0433333333333337
decision_type=2 2 2 2 2 2
left_child=-1 -2 3 -3 -5 -6
right_child=1 2 -4 4 5 -7
leaf_value=0.7438334191871796 -0.85356062421735546 0.43141370111743349 -0.29622821606106775 -0.32972639731610021 0.061357679231327511 -0.092863805009012146
leaf_weight=14.999999999999998 14.999999999999998 14.999999999999998 29 18 129 79
leaf_count=15 15 15 29 18 129 79
internal_value=-0.0305067 -0.0715256 -0.0277608 0.00463313 -0.0238492 0.00274267
internal_weight=300 285 270 241 226 208
internal_count=300 285 270 241 226 208
is_linear=0
shrinkage=0.05


Tree=165
num_leaves=7
num_cat=0
split_feature=76 62 76 31 90 54
split_gain=4777.45 1439.23 578.526 495.713 534.758 399.386
threshold=-18.958333333333332 34.850000000000001 -5.3166666666666726 0.030833333333333272 27.750000000000004 55.100000000000001
decision_type=2 2 2 2 2 2
left_child=-1 -2 -3 4 -4 -6
right_child=1 2 3 -5 5 -7
leaf_value=0.86306028232811394 -0.48181814703141684 0.22863247692584993 -0.31973678417827772 0.21140044001041433 -0.1297240245670542 0.026686118254580699
leaf_weight=15.999999999999998 15.999999999999998 26 15.999999999999998 21 58 137
leaf_count=16 16 26 16 21 58 137
internal_value=0.0259903 -0.0231685 0.00543121 -0.0196489 -0.0427573 -0.0198529
internal_weight=290 274 258 232 211 195
internal_count=290 274 258 232 211 195
is_linear=0
shrinkage=0.05


Tree=166
num_leaves=8
num_cat=0
split_feature=62 72 60 74 25 28 41
split_gain=2999.66 1708.26 657.98 476.219 549.595 510.803 331.956
threshold=27.900000000000002 -1.2383333333333337 63.300000000000004 -7.9416666666666655 22.850000000000005 19.500000000000004 -1.0000000180025095e-35
decision_type=2 2 2 2 2 2 2
left_child=-1 -2 3 -3 6 -6 -5
right_child=1 2 -4 4 5 -7 -8
leaf_value=0.67733336053094506 -0.54184732066085006 0.29200235183194562 -0.25578633772032294 -0.29602419064508229 0.086994785180844858 -0.11826529843913602 0.011255452204619022
leaf_weight=15.999999999999998 14.999999999999998 15.999999999999998 22 21 148 38 14.999999999999998
leaf_count=16 15 16 22 21 148 38 15
internal_value=0.013976 -0.0248334 0.00517196 0.0294125 0.0103416 0.044992 -0.168176
internal_weight=291 275 260 238 222 186 36
internal_count=291 275 260 238 222 186 36
is_linear=0
shrinkage=0.05


Tree=167
num_leaves=8
num_cat=0
split_feature=84 63 62 20 117 74 107
split_gain=3051.78 5728.63 3709.01 882.181 635.899 667.595 523.143
threshold=0.017500000000000005 36.600000000000001 46.150000000000013 45.800000000000004 1.5925000000000002 -5.474999999999997 53.500000000000007
decision_type=2 2 2 2 2 2 2
left_child=2 -2 -1 4 5 -4 -7
right_child=1 -3 3 -5 -6 6 -8
leaf_value=-0.70555250980842732 1.1600112876355253 -0.14381915524367886 -0.33235989666932469 -0.34956785252739708 0.28926755720408176 0.096398555380505041 -0.070766146976808872
leaf_weight=21 14.999999999999998 19 14.999999999999998 18 19 94 93
leaf_count=21 15 19 15 18 19 94 93
internal_value=-0.011768 0.432968 -0.0700891 -0.0139608 0.0134968 -0.0125475 0.0132431
internal_weight=294 34 260 239 221 202 187
internal_count=294 34 260 239 221 202 187
is_linear=0
shrinkage=0.05


Tree=168
num_leaves=8
num_cat=0
split_feature=88 92 117 65 11 21 101
split_gain=3007.94 1209.2 1482.82 2204.3 573.889 697.906 531.546
threshold=3.6200000000000006 60.650000000000006 2.0300000000000007 12.900000000000002 26.750000000000004 61.750000000000007 55.250000000000007
decision_type=2 2 2 2 2 2 2
left_child=-1 2 3 -2 6 -6 -5
right_child=1 -3 -4 4 5 -7 -8
leaf_value=0.63811654312841115 -0.53822319914379391 -0.48021764557882651 0.46097142696380616 0.016791469255918703 -0.0010879322150144945 0.33322023045249849 -0.39059584647068507
leaf_weight=17 21 14.999999999999998 14.999999999999998 14.999999999999998 179 17 17
leaf_count=17 21 15 15 15 179 17 17
internal_value=-0.00558175 -0.045036 -0.0201184 -0.0492932 -0.00402201 0.0280378 -0.20002
internal_weight=296 279 264 249 228 196 32
internal_count=296 279 264 249 228 196 32
is_linear=0
shrinkage=0.05


Tree=169
num_leaves=13
num_cat=0
split_feature=62 49 43 0 105 106 78 94 102 67 59 64
split_gain=4579.77 2200.23 526.247 634.741 1553.68 587.619 535.454 450.66 351.513 427.303 397.622 297.316
threshold=27.900000000000002 3.5500000000000003 0.12583333333333394 2568.5000000000005 7.2500000000000009 14.550000000000002 0.81999999999999973 5.1750000000000007 36.150000000000006 16.850000000000005 30.300000000000001 47.70000000000001
decision_type=2 2 2 2 2 2 2 2 2 2 2 2
left_child=-1 -2 3 8 -5 6 -4 -6 9 -3 -10 -8
right_child=1 2 5 4 7 -7 11 -9 10 -11 -12 -13
leaf_value=0.8473187875274002 -0.63374750807585312 -0.3240317397872815 -0.349145755710637 0.57308071954557072 0.24429622714882659 0.10845470050297885 -0.16808457396133922 -0.085303731793903506 -0.13157969610723436 0.020222861247888784 0.13629553735336528 0.082512550820542874
leaf_weight=14.999999999999998 14.999999999999998 19 27 17 14.999999999999998 25 31 33 22 17 37 19
leaf_count=15 15 19 27 17 15 25 31 33 22 17 37 19
internal_value=-0.000635719 -0.0468611 -0.0130127 0.0435381 0.163825 -0.101725 -0.170082 0.0178861 -0.0387964 -0.161723 0.0362716 -0.0727832
internal_weight=292 277 262 160 65 102 77 48 95 36 59 50
internal_count=292 277 262 160 65 102 77 48 95 36 59 50
is_linear=0
shrinkage=0.05


Tree=170
num_leaves=9
num_cat=0
split_feature=84 14 49 53 80 31 115 28
split_gain=3001.56 6169.83 2501.28 499.084 2157.95 548.166 468.772 435.522
threshold=0.017500000000000005 42.000000000000007 3.8400000000000003 21.950000000000003 0.027500000000000305 0.030833333333333272 -17.166666666666664 6.2500000000000009
decision_type=2 2 2 2 2 2 2 2
left_child=2 -2 -1 4 -4 6 -5 -8
right_child=1 -3 3 5 -6 -7 7 -9
leaf_value=-0.60114266179619036 -0.20789438815493333 1.1566617782071509 -0.26826111022999749 -0.2631469777670869 0.54136270686407773 -0.32559645894347439 -0.095089018245695517 0.067855685848160555
leaf_weight=19 17 15.999999999999998 14.999999999999998 17 18 14.999999999999998 63 117
leaf_count=19 17 16 15 17 18 15 63 117
internal_value=0.0062027 0.455053 -0.0500357 -0.00704861 0.173502 -0.0352453 -0.012958 0.0107761
internal_weight=297 33 264 245 33 212 197 180
internal_count=297 33 264 245 33 212 197 180
is_linear=0
shrinkage=0.05


Tree=171
num_leaves=9
num_cat=0
split_feature=76 62 74 33 11 62 53 16
split_gain=3076.63 1835.03 481.427 705.19 559.201 672.425 512.74 379.362
threshold=-20.050000000000001 29.950000000000006 14.933333333333334 -0.39416666666666694 30.500000000000004 55.900000000000013 42.150000000000013 5.4050000000000011
decision_type=2 2 2 2 2 2 2 2
left_child=-1 -2 3 -3 -5 -6 -4 -8
right_child=1 2 6 4 5 -7 7 -9
leaf_value=0.68859889104666305 -0.56228710672129756 0.29280144413132475 -0.3472934941658799 -0.24205247759819032 0.3132219528666188 -0.010872139046366538 -0.17224769847988514 0.10591415056950731
leaf_weight=14.999999999999998 15.999999999999998 22 19 22 18 138 26 23
leaf_count=15 16 22 19 22 18 138 26 23
internal_value=-0.00684689 -0.0438252 -0.0126555 0.0264089 -0.00663383 0.026668 -0.127494 -0.0416303
internal_weight=299 284 268 200 178 156 68 49
internal_count=299 284 268 200 178 156 68 49
is_linear=0
shrinkage=0.05


Tree=172
num_leaves=8
num_cat=0
split_feature=63 72 90 123 68 39 113
split_gain=3171.4 2093.64 758.17 665.446 437.084 409.184 308.456
threshold=10.800000000000002 -1.0158333333333331 34.300000000000004 0.024166666666666645 49.500000000000007 1.0733333333333339 13.991666666666665
decision_type=2 2 2 2 2 2 2
left_child=-1 -2 5 4 -4 -3 -6
right_child=1 2 3 -5 6 -7 -8
leaf_value=0.66143887913930488 -0.61380273333247404 -0.065273019462301005 0.21255339237797949 0.32826973325665426 -0.016403956482650112 -0.40773350986657225 -0.22359482690469543
leaf_weight=15.999999999999998 15.999999999999998 17 19 14.999999999999998 170 18 20
leaf_count=16 16 17 19 15 170 18 20
internal_value=-0.0206188 -0.0605463 -0.0261253 0.00770671 -0.0154223 -0.242198 -0.038346
internal_weight=291 275 259 224 209 35 190
internal_count=291 275 259 224 209 35 190
is_linear=0
shrinkage=0.05


Tree=173
num_leaves=11
num_cat=0
split_feature=0 51 66 61 60 68 10 11 98 93
split_gain=1377.74 3703.25 1600 695.072 673.705 665.929 541.4 468.883 277.37 394.213
threshold=1185.5000000000002 39.45000000000001 4.7500000000000009 0.17500000000000002 61.500000000000007 56.500000000000007 6.4500000000000011 40.900000000000006 32.050000000000004 54.350000000000009
decision_type=2 2 2 2 2 2 2 2 2 2
left_child=1 -1 -2 4 5 7 8 -4 -3 -10
right_child=2 6 3 -5 -6 -7 -8 -9 9 -11
leaf_value=-0.83239309222910407 0.51570830960936898 0.15038360493311745 -0.081198971938170661 -0.25351201268909601 -0.25086553254308391 0.31760140595277903 -0.3153143802225985 0.11564844288380749 0.10503868303313757 -0.23966809586997617
leaf_weight=19 14.999999999999998 24 63 27 20 21 14.999999999999998 58 15.999999999999998 17
leaf_count=19 15 24 63 27 20 21 15 58 16 17
internal_value=-0.0517498 -0.213424 0.0204142 -0.0191204 0.0200463 0.0583878 -0.0490874 0.0131339 0.0213142 -0.0725741
internal_weight=295 91 204 189 162 142 72 121 57 33
internal_count=295 91 204 189 162 142 72 121 57 33
is_linear=0
shrinkage=0.05


Tree=174
num_leaves=13
num_cat=0
split_feature=72 64 105 53 27 114 106 78 13 23 121 89
split_gain=4329.53 1289.46 518.162 1321.74 484.236 594.619 357.761 438.273 363.742 332.999 244.583 184.443
threshold=-1.2383333333333337 13.350000000000001 11.4 27.400000000000002 18.500000000000004 2.5000000000000004 10.800000000000002 0.78000000000000036 5.955000000000001 82.700000000000003 -0.017500000000000068 43.95000000000001
decision_type=2 2 2 2 2 2 2 2 2 2 2 2
left_child=-1 -2 3 -3 -5 -6 7 8 -4 11 -9 -8
right_child=1 2 6 4 5 -7 9 10 -10 -11 -12 -13
leaf_value=0.80970017165871122 -0.45435846416573772 0.50456540367988323 -0.41210384554131912 0.18727492546468838 -0.29842430284960353 0.077373231010199661 0.014980298428823847 -0.15280254666241375 -0.10515223187857894 0.16708499384542233 0.055254908919858792 -0.18344546679559856
leaf_weight=15.999999999999998 17 15.999999999999998 18 22 20 22 37 24 21 27 34 17
leaf_count=16 17 16 18 22 20 22 37 24 21 27 34 17
internal_value=0.0127491 -0.0338783 -0.00598755 0.0996117 -0.00217791 -0.101743 -0.0535053 -0.11824 -0.247642 0.0240056 -0.0308666 -0.0476183
internal_weight=291 275 258 80 64 42 178 97 39 81 58 54
internal_count=291 275 258 80 64 42 178 97 39 81 58 54
is_linear=0
shrinkage=0.05


Tree=175
num_leaves=9
num_cat=0
split_feature=65 11 101 0 74 33 11 101
split_gain=4240.91 1076.43 778.484 1034.49 708.444 558.121 781.9 328.548
threshold=11.450000000000001 20.150000000000002 85.90000000000002 1610.5000000000002 -7.9416666666666655 0.62916666666666698 40.900000000000006 60.550000000000004
decision_type=2 2 2 2 2 2 2 2
left_child=-1 -2 4 -4 -3 6 -6 -7
right_child=1 2 3 -5 5 7 -8 -9
leaf_value=0.63362821525786495 -0.4072425684379658 0.35357232685910156 -0.47317598906915581 -0.0062330389657790711 -5.7312334582409924e-05 -0.21747264188582083 0.32072035480305494 -0.020507984570591581
leaf_weight=25 19 14.999999999999998 20 29 78 33 25 59
leaf_count=25 19 15 20 29 78 33 25 59
internal_value=0.0111768 -0.0449887 -0.0182479 -0.197499 0.0236277 -0.00189524 0.0779884 -0.0913721
internal_weight=303 278 259 49 210 195 103 92
internal_count=303 278 259 49 210 195 103 92
is_linear=0
shrinkage=0.05


Tree=176
num_leaves=10
num_cat=0
split_feature=102 0 66 51 92 55 105 113 91
split_gain=3090.36 1103.06 3117.45 1573.71 652.24 598.373 502.662 444.986 477.445
threshold=11.750000000000002 1185.5000000000002 10.800000000000002 32.300000000000004 25.100000000000005 6.0950000000000006 19.150000000000002 11.933333333333332 4.0250000000000012
decision_type=2 2 2 2 2 2 2 2 2
left_child=-1 2 -2 -3 -4 7 -6 8 -5
right_child=1 3 4 5 6 -7 -8 -9 -10
leaf_value=0.66439566801053396 -0.82509963194035585 0.47484343449274696 0.2056704226778357 -0.18520723267052419 -0.29707576464647534 0.2755089712853464 0.01639270368681486 -0.27386158147261508 0.025012910645057465
leaf_weight=15.999999999999998 15.999999999999998 17 18 35 26 14.999999999999998 25 20 117
leaf_count=16 16 17 18 35 26 15 25 20 117
internal_value=-0.00979447 -0.0473541 -0.198575 0.0156964 -0.0522371 -0.026249 -0.143586 -0.052739 -0.0234501
internal_weight=305 289 85 204 69 187 51 172 152
internal_count=305 289 85 204 69 187 51 172 152
is_linear=0
shrinkage=0.05


Tree=177
num_leaves=10
num_cat=0
split_feature=84 14 49 118 52 63 56 43 74
split_gain=3136.59 5968.51 1652.1 637.316 758.497 650.366 451.752 496.439 467.239
threshold=0.017500000000000005 39.550000000000004 3.8400000000000003 5.5000000000000009 4.2550000000000008 47.70000000000001 36.750000000000007 0.19666666666666635 2.375000000000004
decision_type=2 2 2 2 2 2 2 2 2
left_child=2 -2 -1 4 -4 -5 7 -6 -8
right_child=1 -3 3 5 6 -7 8 -9 -10
leaf_value=-0.48808292434477685 -0.18044212884414265 1.2042630501140823 0.28514639444322704 -0.45059639381257111 0.13058888779516528 0.0065492936543055935 -0.35932168175053131 -0.082359901438900152 -0.039352331786651776
leaf_weight=19 16.000000000000004 14.999999999999998 25 15.000000000000002 72 15.999999999999998 14.999999999999998 44 47
leaf_count=19 16 15 25 15 72 16 15 44 47
internal_value=0.0172637 0.491134 -0.0409508 -0.00443081 0.0278253 -0.215227 -0.00842709 0.0497708 -0.117299
internal_weight=284 31 253 234 203 31 178 116 62
internal_count=284 31 253 234 203 31 178 116 62
is_linear=0
shrinkage=0.05


Tree=178
num_leaves=8
num_cat=0
split_feature=88 65 78 78 60 106 56
split_gain=3149.86 2643.81 647.667 870.626 312.034 316.077 187.274
threshold=3.5300000000000002 12.900000000000002 -1.4691666666666663 -0.79833333333333278 45.250000000000007 5.2500000000000009 34.250000000000007
decision_type=2 2 2 2 2 2 2
left_child=-1 -2 -3 -4 6 -6 -5
right_child=1 2 3 4 5 -7 -8
leaf_value=0.68284896250986904 -0.54807405908744167 -0.24578347762482836 0.37162383639294166 -0.0089298880910230385 -0.061559215987074201 0.083756713915960707 -0.19644391786730989
leaf_weight=14.999999999999998 25 26 15.999999999999998 24 62 94 30
leaf_count=15 25 26 16 24 62 94 30
internal_value=-0.0203764 -0.0587079 -0.00994168 0.0172652 -0.00987384 0.0259685 -0.113367
internal_weight=292 277 252 226 210 156 54
internal_count=292 277 252 226 210 156 54
is_linear=0
shrinkage=0.05


Tree=179
num_leaves=13
num_cat=0
split_feature=0 51 72 59 96 95 80 13 33 68 98 53
split_gain=1062.86 2672.17 1969.55 791.827 477.615 637.143 488.225 479.46 475.29 467.035 344.594 252.902
threshold=1185.5000000000002 39.45000000000001 -0.65833333333333266 26.750000000000004 46.350000000000001 28.700000000000003 -0.13000000000000031 5.8200000000000012 0.65833333333333377 54.500000000000007 31.850000000000005 46.300000000000004
decision_type=2 2 2 2 2 2 2 2 2 2 2 2
left_child=1 -1 -2 -4 5 11 9 -8 10 -6 -3 -5
right_child=2 8 3 4 6 -7 7 -9 -10 -11 -12 -13
leaf_value=-0.72636700045337987 0.46863213227345391 0.1970043306878958 -0.27020969207549012 -0.081234965298280296 -0.045406523385605246 0.37365265948420073 0.18200801547450299 -0.10259186409884116 -0.22621300428858437 -0.39704170441775588 -0.074683598206303589 0.17769803659904082
leaf_weight=18 22 21 29 25 23 18 29 30 24 15.999999999999998 26 14.999999999999998
leaf_count=18 22 21 29 25 23 18 29 30 24 16 26 15
internal_value=-0.039626 -0.184023 0.0224924 -0.0307595 0.0138662 0.127493 -0.0533929 0.0372829 -0.0456285 -0.190441 0.0467633 0.0159412
internal_weight=296 89 207 185 156 58 98 59 71 39 47 40
internal_count=296 89 207 185 156 58 98 59 71 39 47 40
is_linear=0
shrinkage=0.05


Tree=180
num_leaves=9
num_cat=0
split_feature=16 89 63 39 72 79 63 117
split_gain=2550.38 1282.49 2225.41 1530.27 995.305 728.954 478.34 484.667
threshold=6.4350000000000014 22.800000000000001 30.200000000000003 2.4683333333333333 -1.118333333333333 3.5000000000000004 27.250000000000004 -0.80916666666666648
decision_type=2 2 2 2 2 2 2 2
left_child=1 2 -1 4 -3 -4 -6 -8
right_child=-2 3 5 -5 6 -7 7 -9
leaf_value=-0.69070971767315692 0.55418961678890033 -0.39865415055559289 -0.28872440695294532 0.48500955612022684 0.24817886689570565 0.11158109412816919 0.21414057708794798 -0.047713875077527168
leaf_weight=19 19 15.999999999999998 19 15.999999999999998 19 28 20 146
leaf_count=19 19 16 19 16 19 28 20 146
internal_value=-0.00500819 -0.0427517 -0.235579 0.0159547 -0.0215807 -0.0504078 0.0112018 -0.0160251
internal_weight=302 283 66 217 201 47 185 166
internal_count=302 283 66 217 201 47 185 166
is_linear=0
shrinkage=0.05


Tree=181
num_leaves=8
num_cat=0
split_feature=115 99 72 95 65 76 54
split_gain=2593.17 973.886 2328.32 1512.07 755.913 395.61 310.336
threshold=-18.791666666666664 59.20000000000001 -0.82666666666666677 33.050000000000004 10.550000000000002 -5.7750000000000012 58.000000000000007
decision_type=2 2 2 2 2 2 2
left_child=-1 2 -2 -3 -4 -6 -7
right_child=1 3 4 -5 5 6 -8
leaf_value=0.61553194978222336 -0.55060718294345967 0.52805054803579554 -0.36430441196391128 -0.11842898866161702 0.23251384329377559 -0.095754803875618272 0.034792851390774787
leaf_weight=15.999999999999998 23 18 14.999999999999998 18 17 77 111
leaf_count=16 23 18 15 18 17 77 111
internal_value=-0.00146401 -0.0370731 -0.0730615 0.20524 -0.022886 0.00223685 -0.018672
internal_weight=295 279 243 36 220 205 188
internal_count=295 279 243 36 220 205 188
is_linear=0
shrinkage=0.05


Tree=182
num_leaves=7
num_cat=0
split_feature=89 33 72 63 63 113
split_gain=3422.29 921.736 2023.98 580.675 518.4 539.88
threshold=15.050000000000002 1.593333333333333 -1.2383333333333337 14.850000000000003 27.250000000000004 13.991666666666665
decision_type=2 2 2 2 2 2
left_child=-1 2 -2 -4 -5 -6
right_child=1 -3 3 4 5 -7
leaf_value=0.72183631599319653 -0.61583185925438322 0.28233162133672118 -0.30959296344970322 0.27463397150454311 0.0053362548093626727 -0.27324860295700154
leaf_weight=15.999999999999998 14.999999999999998 22 15.999999999999998 15.999999999999998 194 19
leaf_count=16 15 22 16 16 194 19
internal_value=0.0128008 -0.0276521 -0.0539992 -0.0193436 0.00104027 -0.0196071
internal_weight=298 282 260 245 229 213
internal_count=298 282 260 245 229 213
is_linear=0
shrinkage=0.05


Tree=183
num_leaves=10
num_cat=0
split_feature=64 49 77 33 34 113 31 6 41
split_gain=3719.31 2110.3 483.363 784.796 468.183 451.87 389.919 282.882 162.194
threshold=5.9000000000000012 3.6900000000000004 5.5000000000000009 -0.39416666666666694 2.5000000000000004 11.933333333333332 0.020833333333333041 5.5000000000000009 -0.14083333333333312
decision_type=2 2 2 2 2 2 2 2 2
left_child=-1 -2 3 -3 -4 6 -5 8 -6
right_child=1 2 4 5 7 -7 -8 -9 -10
leaf_value=0.74801830155959992 -0.63261205794795472 0.33897889967781403 -0.36819987865473269 -0.0088540651255773015 -0.10589670264356772 -0.21837389353173889 0.24874275768535178 -0.26104364026868287 0.048885609318986736
leaf_weight=14.999999999999998 14.999999999999998 18 14.999999999999998 104 31 22 17 14.999999999999998 37
leaf_count=15 15 18 15 104 31 22 17 15 37
internal_value=-0.0159198 -0.0580172 -0.0244888 0.0287787 -0.111991 -0.0104421 0.0274715 -0.0652406 -0.0216554
internal_weight=289 274 259 161 98 143 121 83 68
internal_count=289 274 259 161 98 143 121 83 68
is_linear=0
shrinkage=0.05


Tree=184
num_leaves=8
num_cat=0
split_feature=23 78 51 21 43 102 25
split_gain=2989.64 1095.36 2966.19 659.452 422.928 661.16 403.583
threshold=54.150000000000006 -3.5508333333333328 30.250000000000004 61.750000000000007 0.060833333333333524 44.500000000000007 39.650000000000006
decision_type=2 2 2 2 2 2 2
left_child=-1 -2 -3 4 5 -4 -6
right_child=1 2 3 -5 6 -7 -8
leaf_value=0.5695828631452845 0.37886342118117988 -0.71641782331540727 -0.058563911034176325 0.24484057237659643 -0.017036382827438822 0.18388305414198641 -0.23378542693217796
leaf_weight=22 14.999999999999998 15.999999999999998 94 22 42 40 44
leaf_count=22 15 16 94 22 42 40 44
internal_value=0.0102201 -0.0350305 -0.059251 -0.0155033 -0.0416598 0.0138542 -0.128132
internal_weight=295 273 258 242 220 134 86
internal_count=295 273 258 242 220 134 86
is_linear=0
shrinkage=0.05


Tree=185
num_leaves=12
num_cat=0
split_feature=0 51 51 67 111 53 109 14 25 80 55
split_gain=1075.57 2642.63 2295.92 521.403 454.069 547.826 423.442 363.607 308.462 465.938 197.454
threshold=1185.5000000000002 32.300000000000004 39.45000000000001 6.2500000000000009 1.0016666666666671 24.750000000000004 -0.029166666666666338 40.100000000000009 36.45000000000001 0.18500000000000008 5.0650000000000004
decision_type=2 2 2 2 2 2 2 2 2 2 2
left_child=2 -2 -1 10 5 -5 -4 -7 -8 -10 -3
right_child=1 3 6 4 -6 7 8 -9 9 -11 -12
leaf_value=-0.72334032429764605 0.60757453816099316 -0.04471886350501398 -0.26711008922653912 0.34805254863192708 -0.20235620388009934 0.10432735091610348 -0.11178935624304272 -0.07693124786096775 0.32724702958239621 -0.065611448735985539 -0.27837518163343178
leaf_weight=14.999999999999998 19 15.999999999999998 15.999999999999998 14.999999999999998 18 65 23 48 15.000000000000002 14.999999999999998 21
leaf_count=15 19 16 16 15 18 65 23 48 15 15 21
internal_value=-0.0145904 0.047923 -0.164858 -0.0104556 0.0320278 0.0651593 -0.0425052 0.0272884 0.0255812 0.131086 -0.177862
internal_weight=286 202 84 183 146 128 69 113 53 30 37
internal_count=286 202 84 183 146 128 69 113 53 30 37
is_linear=0
shrinkage=0.05


Tree=186
num_leaves=12
num_cat=0
split_feature=84 0 72 53 59 76 39 110 39 11 119
split_gain=3486.58 873.409 3164.21 3018.66 581.472 480.958 782.021 573.785 470.03 304.379 191.851
threshold=0.021666666666666657 1185.5000000000002 -0.65833333333333266 20.450000000000003 26.750000000000004 13.641666666666667 -0.25166666666666643 2.5000000000000004 0.092499999999999818 42.250000000000007 -1.0000000180025095e-35
decision_type=2 2 2 2 2 2 2 2 2 2 2
left_child=1 3 -3 -1 9 6 -6 -7 -5 -4 -10
right_child=-2 2 4 8 5 7 -8 -9 10 -11 -12
leaf_value=-0.75400467894927792 0.73115575533846144 0.72661250363912022 -0.3638380949904908 -0.18066666447151747 0.31014186714628089 -0.34318961210069604 -0.0061240688285201838 0.0027285417423414025 0.19257871492471532 -0.054377634255893974 -0.028351656421583299
leaf_weight=17 15.999999999999998 14.999999999999998 17 24 27 17 70 40 23 14.999999999999998 17
leaf_count=17 16 15 17 24 27 17 70 40 23 15 17
internal_value=0.0154926 -0.0253394 0.0305099 -0.163857 -0.0259608 0.0143505 0.082086 -0.100773 -0.0060891 -0.219556 0.0987221
internal_weight=298 282 201 81 186 154 97 57 64 32 40
internal_count=298 282 201 81 186 154 97 57 64 32 40
is_linear=0
shrinkage=0.05


Tree=187
num_leaves=11
num_cat=0
split_feature=49 62 25 77 39 62 63 12 118 52
split_gain=2572.09 887.226 382.551 499.39 1029.49 746.538 476.162 400.305 348.419 272.349
threshold=3.2950000000000004 39.20000000000001 50.850000000000009 5.5000000000000009 0.44250000000000084 77.15000000000002 47.350000000000001 65.250000000000014 4.5000000000000009 6.1650000000000009
decision_type=2 2 2 2 2 2 2 2 2 2
left_child=-1 -2 3 4 5 -3 -5 -6 -8 -4
right_child=1 2 9 6 7 -7 8 -9 -10 -11
leaf_value=0.64250631963969862 -0.37642752503791055 0.51265748954938928 -0.2952020487938708 -0.26171691615551834 -0.099390376965608304 0.1182727022912067 -0.072954529353955008 0.14605543545056215 0.20052312269383138 -0.039746425979911619
leaf_weight=14.999999999999998 17 18 17 24 59 36 42 23 15.999999999999998 27
leaf_count=15 17 18 17 24 59 36 42 23 16 27
internal_value=0.00689617 -0.0274765 -0.00468054 0.022459 0.0812172 0.250531 -0.0749128 -0.0303909 0.00261681 -0.139004
internal_weight=294 279 262 218 136 54 82 82 58 44
internal_count=294 279 262 218 136 54 82 82 58 44
is_linear=0
shrinkage=0.05


Tree=188
num_leaves=8
num_cat=0
split_feature=24 68 99 65 27 98 39
split_gain=2887.11 1330.26 1101.51 1669.11 442.13 583.811 380.371
threshold=21.050000000000004 47.500000000000007 59.850000000000009 11.450000000000001 34.900000000000006 40.250000000000007 0.10583333333333346
decision_type=2 2 2 2 2 2 2
left_child=-1 -2 3 -3 5 -5 -6
right_child=1 2 -4 4 6 -7 -8
leaf_value=0.57037937973269182 -0.45304668143157562 -0.56558235086352626 0.26907824273269204 0.042447890635969043 -0.37054553695072406 -0.28331340450226078 -0.044125900333283709
leaf_weight=20 19 14.999999999999998 29 154 14.999999999999998 14.999999999999998 22
leaf_count=20 19 15 29 154 15 15 22
internal_value=-0.00764758 -0.0508381 -0.0200814 -0.0581525 -0.020923 0.0133542 -0.177235
internal_weight=289 269 250 221 206 169 37
internal_count=289 269 250 221 206 169 37
is_linear=0
shrinkage=0.05


Tree=189
num_leaves=7
num_cat=0
split_feature=115 50 93 117 42 62
split_gain=2696.4 1834.47 832.521 566.884 532.612 506.171
threshold=-18.791666666666664 11.350000000000003 78.200000000000003 1.5925000000000002 5.5000000000000009 68.100000000000009
decision_type=2 2 2 2 2 2
left_child=-1 -2 3 4 5 -3
right_child=1 2 -4 -5 -6 -7
leaf_value=0.61779082606297842 -0.54943137862528979 -0.20179117819670489 -0.34229245113404416 0.23423659776548941 0.18686044965456391 -0.0039794349155090579
leaf_weight=15.999999999999998 17 41 18 25 28 152
leaf_count=16 17 41 18 25 28 152
internal_value=-0.0114881 -0.0475437 -0.0150105 0.00904603 -0.0164998 -0.0461103
internal_weight=297 281 264 246 221 193
internal_count=297 281 264 246 221 193
is_linear=0
shrinkage=0.05


Tree=190
num_leaves=8
num_cat=0
split_feature=55 26 111 49 38 111 25
split_gain=2388.24 5156.64 1259.09 2838.89 622.214 705.858 436.583
threshold=5.9800000000000013 31.700000000000006 1.2208333333333339 3.8400000000000003 1.5000000000000002 -1.2 23.900000000000002
decision_type=2 2 2 2 2 2 2
left_child=2 -2 3 -1 -5 -6 -7
right_child=1 -3 -4 4 5 6 -8
leaf_value=-0.68954590348248979 1.0783079872265557 -0.14494856334759376 0.36945883724260037 -0.27325668300527978 -0.31634262054287204 -0.14478336084645321 0.055816405236740897
leaf_weight=18 14.999999999999998 20 15.999999999999998 25 17 33 150
leaf_count=18 15 20 16 25 17 33 150
internal_value=-0.00629377 0.38074 -0.0587417 -0.087097 -0.0385939 -0.00911417 0.0195561
internal_weight=294 35 259 243 225 200 183
internal_count=294 35 259 243 225 200 183
is_linear=0
shrinkage=0.05


Tree=191
num_leaves=10
num_cat=0
split_feature=76 64 65 112 104 80 113 48 64
split_gain=4135.81 1060.43 454.281 429.188 559.04 419.736 396.715 324.995 182.456
threshold=-18.958333333333332 17.150000000000002 16.650000000000002 2.5000000000000004 10.800000000000002 0.0066666666666672656 11.933333333333332 6.7750000000000012 43.650000000000006
decision_type=2 2 2 2 2 2 2 2 2
left_child=-1 -2 -3 4 -4 -6 7 -5 -8
right_child=1 2 3 6 5 -7 8 -9 -10
leaf_value=0.81010993365815143 -0.34957681595091805 0.22567545807291389 0.13207856290829106 0.15421362644947206 -0.38566145755313519 -0.10113491468593439 -0.26809228589597911 -0.007944267558914142 -0.021340303806378354
leaf_weight=14.999999999999998 25 19 15.999999999999998 51 20 37 15.000000000000002 78 14.999999999999998
leaf_count=15 25 19 16 51 20 37 15 78 15
internal_value=0.00434794 -0.0397029 -0.00869214 -0.0279965 -0.128282 -0.201557 0.0180669 0.0561957 -0.145363
internal_weight=291 276 251 232 73 57 159 129 30
internal_count=291 276 251 232 73 57 159 129 30
is_linear=0
shrinkage=0.05


Tree=192
num_leaves=12
num_cat=0
split_feature=49 4 50 118 118 62 21 62 21 59 70
split_gain=2554.61 690.594 615.705 471.518 551.421 1249.25 933.238 537.245 492.781 317.171 302.755
threshold=3.2950000000000004 11.500000000000002 38.20000000000001 5.5000000000000009 3.5000000000000004 79.40000000000002 47.45000000000001 84.15000000000002 61.350000000000009 32.650000000000013 -0.015000000000000123
decision_type=2 2 2 2 2 2 2 2 2 2 2
left_child=-1 3 -3 4 8 6 -6 -5 9 -2 -7
right_child=1 2 -4 7 5 10 -8 -9 -10 -11 -12
leaf_value=0.63594968555778864 -0.16305771740952643 -0.48323349889540507 -0.030361062525123952 -0.31890041302825078 0.051888082986860942 -0.21539166506968047 0.54532958255634056 0.064785519669091463 0.20841868893932333 0.0021622737097457784 0.041132880615712575
leaf_weight=14.999999999999998 57 15.000000000000002 14.999999999999998 23 17 17 22 14.999999999999998 17 59 35
leaf_count=15 57 15 15 23 17 17 22 15 17 59 35
internal_value=0.00177472 -0.0309922 -0.257817 -0.00491243 0.0227166 0.117504 0.33105 -0.167542 -0.0421401 -0.0790509 -0.0428874
internal_weight=307 292 30 262 224 91 39 38 133 116 52
internal_count=307 292 30 262 224 91 39 38 133 116 52
is_linear=0
shrinkage=0.05


Tree=193
num_leaves=10
num_cat=0
split_feature=91 63 117 66 108 72 38 33 52
split_gain=829.728 1793.91 1240 837.83 1216.45 1092.01 492.139 383.396 362.699
threshold=6.9400000000000004 49.150000000000006 2.0008333333333335 11.750000000000002 1.5000000000000002 -0.73749999999999971 5.5000000000000009 0.62916666666666698 5.745000000000001
decision_type=2 2 2 2 2 2 2 2 2
left_child=2 -2 3 4 -1 -5 7 -7 -8
right_child=1 -3 -4 5 -6 6 8 -9 -10
leaf_value=-0.59375181663904764 -0.64911722885155532 0.086669249431780199 0.43469566627843498 0.4056239868820824 -0.039978808185079255 0.077072072526821578 -0.34324252013096496 -0.089415640082287473 -0.046288439551082389
leaf_weight=14.999999999999998 15.999999999999998 17 14.999999999999998 15.999999999999998 29 99 18 53 24
leaf_count=15 16 17 15 16 29 99 18 53 24
internal_value=-0.0345803 -0.270808 -0.00549221 -0.0316681 -0.229797 0.00991041 -0.0228922 0.0189669 -0.174186
internal_weight=302 33 269 254 44 210 194 152 42
internal_count=302 33 269 254 44 210 194 152 42
is_linear=0
shrinkage=0.05


Tree=194
num_leaves=13
num_cat=0
split_feature=111 0 51 51 109 53 102 53 63 82 74 112
split_gain=3044.68 898.812 2246.94 1921.35 521.827 437.226 396.534 376.149 327.698 288.696 274.087 221.217
threshold=-1.1258333333333335 1174.5000000000002 32.300000000000004 38.650000000000006 -0.019166666666666995 48.70000000000001 31.900000000000002 51.000000000000007 41.650000000000013 -1.0000000180025095e-35 1.3166666666666631 4.5000000000000009
decision_type=2 2 2 2 2 2 2 2 2 2 2 2
left_child=-1 3 -3 -2 -5 6 8 -7 -4 -6 -8 -9
right_child=1 2 5 4 9 7 10 11 -10 -11 -12 -13
leaf_value=0.60605270580865855 -0.66110519378081611 0.57369599450401398 0.20843271511311859 -0.26715705397865536 -0.065764289649121788 0.29496130769615936 -0.31912040360531407 0.088961075390239369 -0.072669158983476381 0.19214894765334606 -0.097161674813050269 -0.12961538932929381
leaf_weight=20 15.999999999999998 17 15.999999999999998 19 25 14.999999999999998 20 32 29 19 46 18
leaf_count=20 16 17 16 19 25 15 20 32 29 19 46 18
internal_value=0.0122077 -0.0316457 0.0264959 -0.173605 -0.0488643 -0.0266261 -0.0869251 0.0762447 0.0274079 0.0456771 -0.164879 0.0100721
internal_weight=292 272 193 79 63 176 111 65 45 44 66 50
internal_count=292 272 193 79 63 176 111 65 45 44 66 50
is_linear=0
shrinkage=0.05


Tree=195
num_leaves=9
num_cat=0
split_feature=18 18 89 63 51 79 117 113
split_gain=2219.01 938.737 1016.16 1966.89 1428.92 727.696 622.437 510.964
threshold=67.750000000000014 64.350000000000009 22.800000000000001 30.200000000000003 32.300000000000004 3.5000000000000004 -0.98249999999999982 13.575000000000003
decision_type=2 2 2 2 2 2 2 2
left_child=1 2 3 -1 -4 -5 -6 -8
right_child=-2 -3 4 5 6 -7 7 -9
leaf_value=-0.6429682605174365 0.55334182091011019 -0.42089762273042103 0.4788782882394258 -0.27478632008173193 0.24396606755765129 0.13170359969351217 -0.010945182220218608 -0.27422956859613484
leaf_weight=18 15.999999999999998 15.999999999999998 15.999999999999998 18 21 28 146 21
leaf_count=18 16 16 16 18 21 28 146 21
internal_value=-0.0176803 -0.0500516 -0.0277441 -0.201412 0.0267873 -0.0275002 -0.0118961 -0.044227
internal_weight=300 284 268 64 204 46 188 167
internal_count=300 284 268 64 204 46 188 167
is_linear=0
shrinkage=0.05


Tree=196
num_leaves=9
num_cat=0
split_feature=62 18 101 74 76 33 11 109
split_gain=3152.77 816.443 465.947 523.979 411.003 462.374 997.958 354.909
threshold=27.900000000000002 64.350000000000009 85.90000000000002 -1.5500000000000005 22.775000000000006 0.61416666666666642 31.350000000000005 0.032499999999999758
decision_type=2 2 2 2 2 2 2 2
left_child=-1 2 4 -4 5 6 -2 -7
right_child=1 -3 3 -5 -6 7 -8 -9
leaf_value=0.66364275039288034 -0.069679603927729289 -0.29670263765262944 -0.3524230084572163 0.0016681571156431587 -0.17962011986863022 -0.086644450490870328 0.25461913925593976 0.1812542348113281
leaf_weight=17 40 27 19 23 22 68 58 14.999999999999998
leaf_count=17 40 27 19 23 22 68 58 15
internal_value=0.00508811 -0.036282 -0.00745279 -0.158854 0.0239097 0.0487613 0.122265 -0.038009
internal_weight=289 272 245 42 203 181 98 83
internal_count=289 272 245 42 203 181 98 83
is_linear=0
shrinkage=0.05


Tree=197
num_leaves=7
num_cat=0
split_feature=74 63 63 31 90 111
split_gain=2995.94 827.403 342.327 437.36 567.124 322.285
threshold=-16.908333333333324 16.650000000000002 27.250000000000004 0.025833333333333378 33.900000000000006 1.2208333333333339
decision_type=2 2 2 2 2 2
left_child=-1 -2 -3 4 -4 -6
right_child=1 2 3 -5 5 -7
leaf_value=0.69136105554782801 -0.31825754322530903 0.18225723813831538 -0.28471702929265902 0.19376142136222943 0.0013460880281540943 -0.23916761377789331
leaf_weight=14.999999999999998 23 22 22 21 179 14.999999999999998
leaf_count=15 23 22 22 21 179 15
internal_value=0.00518836 -0.0315246 -0.00592953 -0.0234889 -0.0447135 -0.0173382
internal_weight=297 282 259 237 216 194
internal_count=297 282 259 237 216 194
is_linear=0
shrinkage=0.05


Tree=198
num_leaves=9
num_cat=0
split_feature=72 37 65 38 14 89 80 102
split_gain=4553.83 786.237 362.415 398.481 354.513 340.447 295.977 271.286
threshold=-1.118333333333333 23.208333333333336 16.650000000000002 5.5000000000000009 51.350000000000001 28.050000000000004 -0.10083333333333354 20.700000000000003
decision_type=2 2 2 2 2 2 2 2
left_child=-1 2 -2 4 7 -5 -7 -4
right_child=1 -3 3 5 -6 6 -8 -9
leaf_value=0.83988664171294014 0.17730941516885246 -0.3532770999168095 0.18663409211620779 -0.31110461366738323 0.23695876609464608 0.1015166284570917 -0.18481222948166715 -0.02911966368016148
leaf_weight=15.999999999999998 25 17 15.999999999999998 19 15.999999999999998 17 19 153
leaf_count=16 25 17 16 19 16 17 19 153
internal_value=0.0219965 -0.0246722 -0.0034477 -0.0223634 0.0127586 -0.140401 -0.0495562 -0.00856541
internal_weight=298 282 265 240 185 55 36 169
internal_count=298 282 265 240 185 55 36 169
is_linear=0
shrinkage=0.05


Tree=199
num_leaves=11
num_cat=0
split_feature=51 117 119 119 83 74 21 56 123 35
split_gain=3997.46 478.827 430.147 729.212 715.269 548.541 387.446 361.062 277.227 133.687
threshold=24.600000000000005 2.1291666666666678 0.33250000000000007 0.10666666666666648 2.5000000000000004 5.7416666666666663 61.350000000000009 35.95000000000001 0.0083333333333333193 6.833333333333333
decision_type=2 2 2 2 2 2 2 2 2 2
left_child=-1 2 3 6 -5 -4 7 -2 9 -7
right_child=1 -3 5 4 -6 8 -8 -9 -10 -11
leaf_value=0.77653517456528565 0.015834317899008164 -0.30769181555470099 -0.35479820763877551 0.0050378666295366392 0.45691932300378008 0.15888809040682203 0.20673823353041959 -0.1431048034661826 -0.20326391351148951 -0.051431647673347937
leaf_weight=15.999999999999998 84 14.999999999999998 19 18 17 15.000000000000002 15.999999999999998 62 15.999999999999998 14.999999999999998
leaf_count=16 84 15 19 18 17 15 16 62 16 15
internal_value=0.0106016 -0.0338863 -0.0180799 0.0187105 0.225342 -0.129518 -0.0260127 -0.0516779 -0.0357908 0.0537406
internal_weight=293 277 262 197 35 65 162 146 46 30
internal_count=293 277 262 197 35 65 162 146 46 30
is_linear=0
shrinkage=0.05


end of trees

feature_importances:
pos2_3連率_レース内差=73
pos2_1コース複勝率=70
pos2_勝率_レース内差=66
pos2_2連率_レース内差=59
pos1_勝率_レース内差=52
pos2_4コース複勝率=51
pos2_2連率=48
pos2_勝率=47
pos3_勝率_レース内差=44
pos2_3連率=43
pos2_当地勝率_レース内差=37
pos2_2コース複勝率=36
pos2_3コース複勝率=35
pos2_平均スタートタイミング_レース内差=35
開催経過日=33
pos3_3連率_レース内差=32
pos2_当地2連率=30
pos2_5コース複勝率=28
pos3_勝率=28
pos1_展示_レース内差=27
pos1_2連率=26
pos3_当地勝率_レース内差=24
pos1_2連率_レース内差=23
pos3_モーター2連率=23
pos3_展示_レース内差=23
pos1_3コース複勝率=22
pos1_当地勝率_レース内差=22
pos1_平均スタートタイミング_レース内差=22
pos2_6コース複勝率=22
pos2_モーター勝率_レース内差=20
pos3_2コース複勝率=20
pos1_5コース複勝率=19
pos1_3連率_レース内差=19
レース=18
pos1_展示=18
pos2_当地3連率=17
pos3_3コース複勝率=17
pos1_当地勝率=16
pos1_2コース複勝率=16
pos2_モーター2連率=16
pos3_2連率_レース内差=16
pos3_モーター勝率_レース内差=16
pos2_当地勝率=15
pos3_ボート3連率=15
pos1_ボート3連率=14
pos1_ボート勝率_レース内差=14
pos2_展示_レース内差=14
pos3_ボート2連率=14
pos2_級=13
pos3_2連率=13
pos1_1コース複勝率=12
pos2_2連率_レース内順位=12
pos3_1コース複勝率=12
pos1_モーター勝率=11
pos2_モーター3連率=11
pos2_体重=11
pos2_当地勝率_レース内順位=11
pos3_3連率=11
pos3_当地2連率=11
pos3_モーター3連率=11
pos1_3連率=10
pos1_モーター3連率=10
pos2_ボート3連率=10
pos3_当地勝率=10
pos3_3連率_レース内順位=10
pos3_平均スタートタイミング_レース内差=10
pos1_当地3連率=9
pos2_ボート2連率=9
pos1_勝率=8
pos1_当地2連率=8
pos1_ボート勝率=8
pos2_ボート勝率_レース内差=8
pos3_4コース複勝率=8
pos3_5コース複勝率=8
pos1_4コース複勝率=7
pos1_3連率_レース内順位=7
pos3_6コース複勝率=7
pos3_展示_レース内順位=7
pos1_モーター2連率=6
pos1_6コース複勝率=6
pos1_体重=6
pos1_当地勝率_レース内順位=6
pos1_モーター勝率_レース内差=6
pos1_ボート2連率=5
pos2_モーター勝率_レース内順位=5
pos3_展示=5
pos3_モーター勝率=5
pos3_ボート勝率=5
pos3_モーター勝率_レース内順位=5
風向=4
pos1_平均スタートタイミング=4
pos1_モーター勝率_レース内順位=4
pos2_展示=4
pos2_3連率_レース内順位=4
pos2_平均スタートタイミング_レース内順位=4
pos3_当地3連率=4
pos2_モーター勝率=3
pos2_ボート勝率=3
pos2_勝率_レース内順位=3
pos3_平均スタートタイミング=3
pos3_体重=3
pos3_勝率_レース内順位=3
pos3_2連率_レース内順位=3
pos3_ボート勝率_レース内順位=3
pos3_ボート勝率_レース内差=3
日目=2
天気=2
pos1_2連率_レース内順位=2
pos1_ボート勝率_レース内順位=2
pos1_平均スタートタイミング_レース内順位=2
pos2_平均スタートタイミング=2
pos3_当地勝率_レース内順位=2
pos3_平均スタートタイミング_レース内順位=2
pos1_展示_レース内順位=1
pos2_ボート勝率_レース内順位=1
pos3_級=1

parameters:
[boosting: gbdt]
[objective: regression]
[metric: rmse]
[tree_learner: serial]
[device_type: cpu]
[data_sample_strategy: bagging]
[data: ]
[valid: ]
[num_iterations: 200]
[learning_rate: 0.05]
[num_leaves: 31]
[num_threads: 0]
[seed: 42]
[deterministic: 0]
[force_col_wise: 0]
[force_row_wise: 0]
[histogram_pool_size: -1]
[max_depth: 6]
[min_data_in_leaf: 15]
[min_sum_hessian_in_leaf: 0.001]
[bagging_fraction: 0.9]
[pos_bagging_fraction: 1]
[neg_bagging_fraction: 1]
[bagging_freq: 1]
[bagging_seed: 400]
[bagging_by_query: 0]
[feature_fraction: 0.9]
[feature_fraction_bynode: 1]
[feature_fraction_seed: 30056]
[extra_trees: 0]
[extra_seed: 12879]
[early_stopping_round: 0]
[early_stopping_min_delta: 0]
[first_metric_only: 0]
[max_delta_step: 0]
[lambda_l1: 0.1]
[lambda_l2: 0.1]
[linear_lambda: 0]
[min_gain_to_split: 0]
[drop_rate: 0.1]
[max_drop: 50]
[skip_drop: 0.5]
[xgboost_dart_mode: 0]
[uniform_drop: 0]
[drop_seed: 17869]
[top_rate: 0.2]
[other_rate: 0.1]
[min_data_per_group: 100]
[max_cat_threshold: 32]
[cat_l2: 10]
[cat_smooth: 10]
[max_cat_to_onehot: 4]
[top_k: 20]
[monotone_constraints: ]
[monotone_constraints_method: basic]
[monotone_penalty: 0]
[feature_contri: ]
[forcedsplits_filename: ]
[refit_decay_rate: 0.9]
[cegb_tradeoff: 1]
[cegb_penalty_split: 0]
[cegb_penalty_feature_lazy: ]
[cegb_penalty_feature_coupled: ]
[path_smooth: 0]
[interaction_constraints: ]
[verbosity: -1]
[saved_feature_importance_type: 0]
[use_quantized_grad: 0]
[num_grad_quant_bins: 4]
[quant_train_renew_leaf: 0]
[stochastic_rounding: 1]
[linear_tree: 0]
[max_bin: 255]
[max_bin_by_feature: ]
[min_data_in_bin: 3]
[bin_construct_sample_cnt: 200000]
[data_random_seed: 175]
[is_enable_sparse: 1]
[enable_bundle: 1]
[use_missing: 1]
[zero_as_missing: 0]
[feature_pre_filter: 0]
[pre_partition: 0]
[two_round: 0]
[header: 0]
[label_column: ]
[weight_column: ]
[group_column: ]
[ignore_column: ]
[categorical_feature: ]
[forcedbins_filename: ]
[precise_float_parser: 0]
[parser_config_file: ]
[objective_seed: 16083]
[num_class: 1]
[is_unbalance: 0]
[scale_pos_weight: 1]
[sigmoid: 1]
[boost_from_average: 1]
[reg_sqrt: 0]
[alpha: 0.9]
[fair_c: 1]
[poisson_max_delta_step: 0.7]
[tweedie_variance_power: 1.5]
[lambdarank_truncation_level: 30]
[lambdarank_norm: 1]
[label_gain: ]
[lambdarank_position_bias_regularization: 0]
[eval_at: ]
[multi_error_top_k: 1]
[auc_mu_weights: ]
[num_machines: 1]
[local_listen_port: 12400]
[time_out: 120]
[machine_list_filename: ]
[machines: ]
[gpu_platform_id: -1]
[gpu_device_id: -1]
[gpu_use_dp: 0]
[num_gpu: 1]

end of parameters

pandas_categorical:[]
