tree
version=v4
num_class=1
num_tree_per_iteration=1
label_index=0
max_feature_idx=123
objective=regression
feature_names=開催経過日 風速 波高 日目 レース 天気 風向 pos1_艇 pos1_級 pos1_展示 pos1_勝率 pos1_2連率 pos1_3連率 pos1_当地勝率 pos1_当地2連率 pos1_当地3連率 pos1_モーター勝率 pos1_モーター2連率 pos1_モーター3連率 pos1_ボート勝率 pos1_ボート2連率 pos1_ボート3連率 pos1_平均スタートタイミング pos1_1コース複勝率 pos1_2コース複勝率 pos1_3コース複勝率 pos1_4コース複勝率 pos1_5コース複勝率 pos1_6コース複勝率 pos1_体重 pos1_展示_レース内順位 pos1_展示_レース内差 pos1_勝率_レース内順位 pos1_勝率_レース内差 pos1_2連率_レース内順位 pos1_2連率_レース内差 pos1_3連率_レース内順位 pos1_3連率_レース内差 pos1_当地勝率_レース内順位 pos1_当地勝率_レース内差 pos1_モーター勝率_レース内順位 pos1_モーター勝率_レース内差 pos1_ボート勝率_レース内順位 pos1_ボート勝率_レース内差 pos1_平均スタートタイミング_レース内順位 pos1_平均スタートタイミング_レース内差 pos2_艇 pos2_級 pos2_展示 pos2_勝率 pos2_2連率 pos2_3連率 pos2_当地勝率 pos2_当地2連率 pos2_当地3連率 pos2_モーター勝率 pos2_モーター2連率 pos2_モーター3連率 pos2_ボート勝率 pos2_ボート2連率 pos2_ボート3連率 pos2_平均スタートタイミング pos2_1コース複勝率 pos2_2コース複勝率 pos2_3コース複勝率 pos2_4コース複勝率 pos2_5コース複勝率 pos2_6コース複勝率 pos2_体重 pos2_展示_レース内順位 pos2_展示_レース内差 pos2_勝率_レース内順位 pos2_勝率_レース内差 pos2_2連率_レース内順位 pos2_2連率_レース内差 pos2_3連率_レース内順位 pos2_3連率_レース内差 pos2_当地勝率_レース内順位 pos2_当地勝率_レース内差 pos2_モーター勝率_レース内順位 pos2_モーター勝率_レース内差 pos2_ボート勝率_レース内順位 pos2_ボート勝率_レース内差 pos2_平均スタートタイミング_レース内順位 pos2_平均スタートタイミング_レース内差 pos3_艇 pos3_級 pos3_展示 pos3_勝率 pos3_2連率 pos3_3連率 pos3_当地勝率 pos3_当地2連率 pos3_当地3連率 pos3_モーター勝率 pos3_モーター2連率 pos3_モーター3連率 pos3_ボート勝率 pos3_ボート2連率 pos3_ボート3連率 pos3_平均スタートタイミング pos3_1コース複勝率 pos3_2コース複勝率 pos3_3コース複勝率 pos3_4コース複勝率 pos3_5コース複勝率 pos3_6コース複勝率 pos3_体重 pos3_展示_レース内順位 pos3_展示_レース内差 pos3_勝率_レース内順位 pos3_勝率_レース内差 pos3_2連率_レース内順位 pos3_2連率_レース内差 pos3_3連率_レース内順位 pos3_3連率_レース内差 pos3_当地勝率_レース内順位 pos3_当地勝率_レース内差 pos3_モーター勝率_レース内順位 pos3_モーター勝率_レース内差 pos3_ボート勝率_レース内順位 pos3_ボート勝率_レース内差 pos3_平均スタートタイミング_レース内順位 pos3_平均スタートタイミング_レース内差
feature_infos=[0:3991] [1:9] [1:9] [1:7] [1:12] [0:2] [0:8] [2:2] [0:3] [6.54:7.04] [2.0899999999999999:8.3599999999999994] [4.2999999999999998:75.5] [13:88.799999999999997] [0:10.619999999999999] [0:100] [0:100] [0:8.4299999999999997] [0:75] [0:85.700000000000003] [0:7.4500000000000002] [0:76.900000000000006] [0:84.599999999999994] [0.11:0.25] [0:100] [0:100] [0:78.900000000000006] [0:72.200000000000003] [0:100] [0:100] [41:67] [1:6] [-0.18333333333333357:0.085000000000000853] [1:6] [-1.6850000000000001:2.4633333333333329] [1:6] [-26.25:33.366666666666667] [1:6] [-21.649999999999991:34.233333333333341] [1:6] [-5.0516666666666667:3.8233333333333333] [1:6] [-4.2149999999999999:4.1416666666666666] [1:6] [-3.9466666666666668:2.5616666666666665] [1:6] [-0.049999999999999989:0.058333333333333348] [1:1] [0:3] [6.54:7] [2.8500000000000001:7.6100000000000003] [7.0999999999999996:69.200000000000003] [16.5:82.099999999999994] [0:9.1999999999999993] [0:83.299999999999997] [0:94.700000000000003] [0:7.8600000000000003] [0:85.700000000000003] [0:88.900000000000006] [0:9.5] [0:100] [0:100] [0.11:0.23000000000000001] [25:100] [0:81.299999999999997] [0:76.5] [0:71.400000000000006] [0:100] [0:100] [43:62] [1:6] [-0.15666666666666718:0.11833333333333407] [1:6] [-1.8083333333333345:2.1849999999999996] [1:6] [-22.750000000000007:33.300000000000004] [1:6] [-26.499999999999996:31.633333333333333] [1:6] [-5.8700000000000001:4.2783333333333333] [1:6] [-5.1616666666666662:3.6633333333333331] [1:6] [-4.7483333333333331:3.6466666666666665] [1:6] [-0.051666666666666652:0.061666666666666647] [5:5] [0:4] [6.5899999999999999:7.0800000000000001] [0:7.8899999999999997] [0:70.299999999999997] [0:85.599999999999994] [0:9.5299999999999994] [0:87.5] [0:93.799999999999997] [0:8.0999999999999996] [0:57.899999999999999] [0:100] [0:10] [0:100] [0:100] [0.11:0.26000000000000001] [0:100] [0:81] [0:100] [0:66.599999999999994] [0:100] [0:100] [43:62] [1:6] [-0.13500000000000068:0.13999999999999879] [1:6] [-3.3383333333333329:2.5633333333333326] [1:6] [-36.43333333333333:34.150000000000006] [1:6] [-37.816666666666663:33.716666666666661] [1:6] [-5.788333333333334:4.2416666666666663] [1:6] [-5.003333333333333:3.4833333333333329] [1:6] [-4.3533333333333335:3.831666666666667] [1:6] [-0.060000000000000026:0.06666666666666668]
tree_sizes=1076 1170 1272 1269 1172 1203 1093 1182 1292 1170 1296 1127 1320 1115 1412 1077 1306 1209 1315 1081 1018 1278 1208 1330 1032 1167 1153 1273 1225 1517 1132 1082 1065 1293 994 1033 1190 1309 1429 1266 1094 1292 1009 1087 1023 1023 735 1137 1303 1087 1199 853 1127 817 1192 881 996 992 1111 924 1184 1180 955 1097 1019 780 1229 1096 1042 1027 989 743 1165 859 1224 805 848 1086 863 1324 915 764 919 848 924 872 1220 1193 1150 938 846 771 837 845 1089 1093 1041 961 990 932 1118 1062 1291 789 1373 1104 863 920 1169 948 1023 1196 870 1280 948 1287 1047 743 853 837 993 1019 1124 781 1152 950 954 818 838 1255 973 761 1235 1440 1034 884 1114 1274 838 837 922 1067 761 818 823 934 1040 1095 852 1003 834 922 867 886 774 769 870 1099 994 1049 1170 768 820 765 1269 1191 790 951 872 1048 839 1099 822 872 756 939 851 952 827 791 872 1123 967 789 1160 762 861 805 772 887 1099 994 777 847 777 807 747 1122 888 1119

Tree=0
num_leaves=11
num_cat=0
split_feature=35 91 101 39 33 67 117 62 110 31
split_gain=261455 150211 70425.4 30427.2 13224.3 13185.3 12512.8 6400.97 4997.41 219.776
threshold=-7.3333333333333277 5.8050000000000006 26.100000000000005 1.0000000180025095e-35 0.9608333333333331 14.250000000000002 -0.62750000000000028 76.700000000000017 3.5000000000000004 -0.036666666666666618
decision_type=2 2 2 2 2 2 2 2 2 2
left_child=1 -1 -2 5 6 -4 -5 -8 -6 -10
right_child=2 -3 3 4 8 -7 7 -9 9 -11
leaf_value=59.255251134718478 53.899528348410712 52.184059034370414 51.13155504105211 51.9012826712679 50.347294015483946 52.975780934246949 50.095004605584194 50.927646821145075 49.71352926399296 49.422242355887526
leaf_weight=15.000000000000002 17 14.999999999999998 27 17 28 14.999999999999998 57 39 14.999999999999998 35
leaf_count=15 17 15 27 17 28 15 57 39 15 35
internal_value=51.3318 55.7344 50.802 50.575 50.3071 51.7925 50.6538 50.4325 49.8064 49.5061
internal_weight=280 30 250 233 191 42 113 96 78 50
internal_count=280 30 250 233 191 42 113 96 78 50
is_linear=0
shrinkage=1


Tree=1
num_leaves=12
num_cat=0
split_feature=35 39 103 113 33 103 31 121 114 17 107
split_gain=177482 61930.8 27927.7 19133.1 11118.6 7542.41 6172.14 5766.98 2003.76 1925.18 189.23
threshold=-7.3333333333333277 0.12833333333333333 32.800000000000004 -7.616666666666668 0.89166666666666672 52.70000000000001 -0.01250000000000062 0.28583333333333322 3.5000000000000004 36.550000000000004 51.500000000000007
decision_type=2 2 2 2 2 2 2 2 2 2 2
left_child=-1 2 -2 6 7 -4 -3 9 -6 -5 -10
right_child=1 3 5 4 8 -7 -8 -9 10 -11 -12
leaf_value=3.655561457835522 2.4897235564331508 -0.44189615012794131 0.77272194573099573 -0.81960094914061754 -1.071152773238065 -0.6910091721014866 0.98792304471628567 -0.13263742974644455 -1.5378034049927876 -1.4330811326674993 -1.7865771841167442
leaf_weight=29 20 15.000000000000002 21 47 17 14.999999999999998 14.999999999999998 28 19 18 37
leaf_count=29 20 15 21 47 17 15 15 28 19 18 37
internal_value=-0.0416911 -0.46847 0.996678 -0.887404 -1.09732 0.162471 0.273754 -0.733395 -1.55924 -0.991505 -1.70515
internal_weight=281 252 56 196 166 36 30 93 73 65 56
internal_count=281 252 56 196 166 36 30 93 73 65 56
is_linear=0
shrinkage=0.05


Tree=2
num_leaves=13
num_cat=0
split_feature=35 92 39 90 113 41 33 27 83 90 110 39
split_gain=204306 124488 62926.3 27701.3 25791.4 11176 8567.72 8447.42 5574.25 2678.37 1361.88 127.62
threshold=-7.3333333333333277 39.400000000000006 0.12833333333333333 40.350000000000001 -7.616666666666668 -0.024999999999999908 0.89166666666666672 28.550000000000004 1.5000000000000002 57.350000000000001 3.5000000000000004 1.3808333333333336
decision_type=2 2 2 2 2 2 2 2 2 2 2 2
left_child=1 -1 3 -2 7 -5 8 -4 -6 -10 -8 -12
right_child=2 -3 4 5 6 -7 10 -9 9 -11 11 -13
leaf_value=6.9333556998590495 2.8907906861889443 0.70060515744345531 1.3487833972008811 1.3306500434875488 -0.13509682247921881 -0.31376375380393379 -1.118715320564621 -0.32452540966059207 -0.63646926035995743 -1.282472135616602 -1.4736723884862131 -1.6944241655187522
leaf_weight=15.999999999999998 14.999999999999998 15.999999999999998 15.000000000000002 18 26 24 20 14.999999999999998 29 37 19 34
leaf_count=16 15 16 15 18 26 24 20 15 29 37 19 34
internal_value=0.0721115 3.82903 -0.406267 1.05384 -0.833413 0.392353 -1.07853 0.513664 -0.756102 -1.00009 -1.48322 -1.61831
internal_weight=284 32 252 57 195 42 165 30 92 66 73 53
internal_count=284 32 252 57 195 42 165 30 92 66 73 53
is_linear=0
shrinkage=0.05


Tree=3
num_leaves=13
num_cat=0
split_feature=35 91 88 38 101 41 33 80 117 97 32 111
split_gain=196069 122972 51842.5 25146 16703.2 14172.2 8730.94 7552.22 6288.69 9493.79 2120.57 503.444
threshold=-7.3333333333333277 5.8050000000000006 4.1400000000000015 3.5000000000000004 39.400000000000006 -0.20333333333333267 0.99166666666666681 -0.14749999999999949 1.0000000180025095e-35 5.4350000000000014 4.5000000000000009 0.37333333333333357
decision_type=2 2 2 2 2 2 2 2 2 2 2 2
left_child=1 -1 4 5 -2 -4 8 -7 9 -5 -10 -8
right_child=2 -3 3 6 -6 7 11 -9 10 -11 -12 -13
leaf_value=7.0359941204652108 2.5531590567694771 0.91098801140668295 1.387015377355544 -0.89108117587193481 0.26478480294050766 0.57228068137011001 -1.3216399177537694 -0.85406667156709171 -0.77114934107762934 0.72113657967644451 -1.3623639311370264 -1.6449968829597392
leaf_weight=14.999999999999998 17 18 18 21 14.999999999999998 14.999999999999998 28 24 38 15.999999999999998 26 29
leaf_count=15 17 18 18 21 15 15 28 24 38 16 26 29
internal_value=0.0943077 3.70808 -0.389789 -0.669382 1.48481 0.230533 -0.994007 -0.305283 -0.713502 -0.193707 -1.01316 -1.48884
internal_weight=280 33 247 215 32 57 158 39 101 37 64 57
internal_count=280 33 247 215 32 57 158 39 101 37 64 57
is_linear=0
shrinkage=0.05


Tree=4
num_leaves=12
num_cat=0
split_feature=35 115 62 33 41 110 20 111 64 33 111
split_gain=185288 41899.4 24881.6 21470.5 12461.3 6443.82 5000.43 3692.75 3011.54 2614.01 901.364
threshold=-7.3333333333333277 -8.2000000000000011 79.700000000000017 0.41250000000000059 -0.57833333333333259 3.5000000000000004 29.750000000000004 0.60416666666666619 41.400000000000013 0.6783333333333329 0.33333333333333398
decision_type=2 2 2 2 2 2 2 2 2 2 2
left_child=-1 2 -2 4 -3 8 -6 -8 -5 -7 -11
right_child=1 3 -4 5 6 9 7 -9 -10 10 -12
leaf_value=4.0234780710547362 2.1557607927363671 1.24601325122466 -0.45668856442369377 -0.92150396153689251 0.39321746714631023 -0.80012922609021864 -0.1367201624818109 -1.0860417282411836 -0.14522688183849217 -1.1007943905658601 -1.5495249629249501
leaf_weight=26 23 15.999999999999998 14.999999999999998 29 17 21 20 21 22 15.999999999999998 52
leaf_count=26 23 16 15 29 17 21 20 21 22 16 52
internal_value=0.0131251 -0.402054 1.12591 -0.673796 0.0150645 -1.03769 -0.325982 -0.624539 -0.587677 -1.29457 -1.44579
internal_weight=278 252 38 214 74 140 58 41 51 89 68
internal_count=278 252 38 214 74 140 58 41 51 89 68
is_linear=0
shrinkage=0.05


Tree=5
num_leaves=12
num_cat=0
split_feature=35 88 33 39 51 110 74 114 62 37 33
split_gain=154036 39722.9 18989.8 11062.4 8445.8 8168.34 4840.55 4549.07 4570.01 1151.97 1068.66
threshold=-7.3333333333333277 4.1400000000000015 0.23166666666666605 -0.15000000000000011 60.000000000000007 4.5000000000000009 8.1250000000000018 3.5000000000000004 74.550000000000011 13.616666666666662 0.78916666666666668
decision_type=2 2 2 2 2 2 2 2 2 2 2
left_child=-1 -2 3 -3 7 -5 -6 8 -4 -9 -8
right_child=1 2 4 5 6 -7 10 9 -10 -11 -12
leaf_value=3.6070342249096101 1.414663225454792 1.0881354467563717 0.054796052768530425 0.54098641038463835 0.40807219588238264 -0.86515517280476295 -0.36364852166333733 -1.1071146309246467 -1.1575206715127695 -1.4872537627549429 -0.96414980951523932
leaf_weight=27 28 21 15.000000000000002 17 15.999999999999998 26 15.000000000000002 46 15.999999999999998 39 14.999999999999998
leaf_count=27 28 21 15 17 16 26 15 46 16 39 15
internal_value=0.0236556 -0.358505 -0.57874 0.150234 -0.866675 -0.309157 -0.292403 -1.09391 -0.572465 -1.28313 -0.666271
internal_weight=281 254 226 64 162 43 46 116 31 85 30
internal_count=281 254 226 64 162 43 46 116 31 85 30
is_linear=0
shrinkage=0.05


Tree=6
num_leaves=11
num_cat=0
split_feature=35 39 10 113 33 27 67 4 44 35
split_gain=151291 39170.3 24250.4 15227.9 8564.57 7438.05 6497.88 4938.18 2206.58 1253.66
threshold=-7.3333333333333277 1.0000000180025095e-35 4.9650000000000007 -7.616666666666668 -0.090833333333333308 23.650000000000002 10.800000000000002 7.5000000000000009 2.5000000000000004 14.216666666666669
decision_type=2 2 2 2 2 2 2 2 2 2
left_child=-1 2 -2 5 -5 -3 -4 9 -9 -6
right_child=1 3 6 4 7 -7 -8 8 -10 -11
leaf_value=3.5065813750134667 2.4290659620050796 1.1529544122961182 -0.57138771357243523 0.15581057246442864 -1.0566873771445668 -0.39223534616624345 0.85191360972575003 -0.84884817764111808 -0.18390650176084961 -1.4565652365362092
leaf_weight=28 17 15.000000000000002 17 19 76 15.999999999999998 14.999999999999998 29 22 28
leaf_count=28 17 15 17 19 76 16 15 29 22 28
internal_value=0.025227 -0.359754 0.908965 -0.663328 -0.845165 0.35658 0.0962045 -0.967919 -0.56303 -1.16569
internal_weight=282 254 49 205 174 31 32 155 51 104
internal_count=282 254 49 205 174 31 32 155 51 104
is_linear=0
shrinkage=0.05


Tree=7
num_leaves=12
num_cat=0
split_feature=35 113 113 39 23 62 33 17 53 52 65
split_gain=95731.2 69990.9 21114.2 18441.6 13805.4 11954.2 3980.7 3449.83 2840.87 546.1 253.374
threshold=-4.041666666666667 2.2833333333333283 -7.616666666666668 -0.15000000000000011 64.500000000000014 75.450000000000017 0.97750000000000015 36.550000000000004 42.350000000000009 5.7550000000000008 21.250000000000004
decision_type=2 2 2 2 2 2 2 2 2 2 2
left_child=1 -1 5 -4 -3 -2 7 8 -5 10 -8
right_child=2 4 3 6 -6 -7 9 -9 -10 -11 -12
leaf_value=4.690545975451438 1.645278483510807 1.4742115125666917 0.51601267922447025 -0.73576511716153703 -0.45176765311578787 -0.21731603299800437 -1.1382432217629539 -1.2235577764546299 -0.015015087470165273 -1.0042554751928172 -1.4215577003740447
leaf_weight=14.999999999999998 14.999999999999998 22 25 57 15.999999999999998 20 14.999999999999998 27 18 20 32
leaf_count=15 15 22 25 57 16 20 15 27 18 20 32
internal_value=-0.102449 1.81043 -0.545787 -0.749693 0.664084 0.583209 -0.937152 -0.739005 -0.563102 -1.23718 -1.33385
internal_weight=282 53 229 194 38 35 169 102 75 67 47
internal_count=282 53 229 194 38 35 169 102 75 67 47
is_linear=0
shrinkage=0.05


Tree=8
num_leaves=13
num_cat=0
split_feature=35 91 113 33 47 63 114 39 33 121 104 111
split_gain=96678.2 78784.1 32501.2 21329 17092.4 8819.8 5525.02 5208.18 2024.85 1716.65 892.922 463.417
threshold=-7.3333333333333277 5.8750000000000009 -7.616666666666668 0.037499999999999652 1.0000000180025095e-35 43.300000000000004 3.5000000000000004 0.53833333333333366 0.56833333333333369 0.14666666666666653 37.70000000000001 0.44000000000000045
decision_type=2 2 2 2 2 2 2 2 2 2 2 2
left_child=1 -1 4 5 -2 -4 7 -5 10 -9 -8 -10
right_child=2 -3 3 6 -6 -7 8 9 11 -11 -12 -13
leaf_value=5.2010392357971487 2.1535071389716967 0.084031771824059909 -0.14105420448526074 0.32065488248137952 0.084253133382045375 1.3178047927270022 -0.9416782822959866 -0.45711355516030089 -0.99181473698820999 -1.1060674793812451 -0.44032267355761001 -1.2819838662156504
leaf_weight=15.000000000000002 17 14.999999999999998 29 15.999999999999998 24 15.999999999999998 23 24 22 18 14.999999999999998 53
leaf_count=15 17 15 29 16 24 16 23 24 22 18 15 53
internal_value=-0.0295917 2.65148 -0.343486 -0.588505 0.94551 0.379312 -0.843295 -0.445331 -1.04694 -0.737322 -0.745581 -1.19837
internal_weight=287 30 257 216 41 45 171 58 113 42 38 75
internal_count=287 30 257 216 41 45 171 58 113 42 38 75
is_linear=0
shrinkage=0.05


Tree=9
num_leaves=12
num_cat=0
split_feature=10 33 113 24 67 33 51 51 35 101 53
split_gain=107003 29021.2 21214.3 15795.7 10765.7 10210.1 7561.25 3906.94 1811.64 1894.58 682.563
threshold=4.0950000000000006 0.037499999999999652 -7.616666666666668 36.000000000000007 13.9 1.0716666666666674 60.000000000000007 65.100000000000009 10.133333333333331 64.850000000000009 38.45000000000001
decision_type=2 2 2 2 2 2 2 2 2 2 2
left_child=-1 3 5 -2 -5 -3 8 -8 9 -4 -10
right_child=1 2 6 4 -6 -7 7 -9 10 -11 -12
leaf_value=3.3341249597558069 1.6672008752822878 1.5669247090421763 -0.41022143056489768 -0.68095676815347961 1.0511603546902439 -0.24419706474920236 0.31607358093661164 -0.61777440564658814 -1.26593809702788 -0.98383046520005246 -0.87382408558211699
leaf_weight=22 24 15.000000000000002 22 22 14.999999999999998 15.999999999999998 19 27 48 43 15.999999999999998
leaf_count=22 24 15 22 22 15 16 19 27 48 43 16
internal_value=-0.00941815 -0.28608 -0.569723 0.671079 0.0220587 0.634212 -0.78326 -0.232097 -0.979428 -0.790691 -1.1695
internal_weight=289 267 206 61 37 31 175 46 129 65 64
internal_count=289 267 206 61 37 31 175 46 129 65 64
is_linear=0
shrinkage=0.05


Tree=10
num_leaves=13
num_cat=0
split_feature=35 92 39 23 123 121 109 33 121 115 112 65
split_gain=101925 92557.7 31674 20728.9 10662.8 7601.73 6444.64 3725.09 3435.01 1853.52 1393.56 157.657
threshold=-7.3333333333333277 39.400000000000006 1.0000000180025095e-35 57.70000000000001 0.014166666666666676 0.020000000000000909 0.016666666666667055 0.89166666666666672 0.28583333333333322 -1.5999999999999976 3.5000000000000004 21.250000000000004
decision_type=2 2 2 2 2 2 2 2 2 2 2 2
left_child=1 -1 3 -2 7 -6 -5 8 9 -4 -9 -12
right_child=2 -3 4 6 5 -7 -8 10 -10 -11 11 -13
leaf_value=5.3628228255680623 2.3010148658515504 -0.095040238140434621 -0.21335959876609958 -0.52522062383057 -0.47730699359434436 0.9741076951487021 0.82843740927545628 -0.70492356691983149 -0.018300170489991326 -0.84633470281758383 -0.99154165042853482 -1.2119966794962218
leaf_weight=16.000000000000004 15.999999999999998 14.999999999999998 14.999999999999998 18 19 17 17 29 25 52 15.999999999999998 35
leaf_count=16 16 15 15 18 19 17 17 29 25 52 16 35
internal_value=0.0252667 2.72995 -0.299369 0.816167 -0.573174 0.208745 0.132615 -0.736887 -0.518839 -0.705228 -0.986619 -1.14501
internal_weight=290 31 259 51 208 36 35 172 92 67 80 51
internal_count=290 31 259 51 208 36 35 172 92 67 80 51
is_linear=0
shrinkage=0.05


Tree=11
num_leaves=12
num_cat=0
split_feature=35 15 115 38 27 52 33 10 31 35 4
split_gain=64887.2 26407.6 9529.08 9429.02 5307.18 4597.81 4000.78 3300.76 2224.91 1637.25 260.739
threshold=-7.3333333333333277 29.000000000000004 5.7166666666666694 3.5000000000000004 21.550000000000001 5.0450000000000008 0.6783333333333329 5.6050000000000013 -0.01250000000000062 -1.8500000000000003 6.5000000000000009
decision_type=2 2 2 2 2 2 2 2 2 2 2
left_child=-1 -2 3 -3 5 -5 7 9 -6 -4 -8
right_child=1 2 6 4 8 -7 10 -9 -10 -11 -12
leaf_value=2.2251556944703732 1.2113343598657869 0.80368209928948409 -0.379125897133548 -0.39817702894780171 -0.93608890304533743 0.70043724716038991 -0.97387335169356304 0.078047375389225571 -0.32563464590085306 -1.0252845964820136 -1.2171920174879651
leaf_weight=29 27 22 18 20 30 18 29 18 30 22 24
leaf_count=29 27 22 18 20 30 18 29 18 30 22 24
internal_value=-0.013062 -0.265429 -0.438508 -0.129408 -0.339534 0.122561 -0.772208 -0.483792 -0.631995 -0.736308 -1.08623
internal_weight=287 258 231 120 98 38 111 58 60 40 53
internal_count=287 258 231 120 98 38 111 58 60 40 53
is_linear=0
shrinkage=0.05


Tree=12
num_leaves=14
num_cat=0
split_feature=23 37 115 101 49 38 41 25 108 12 78 35 97
split_gain=79842.7 32534 19233.7 14720.7 6616.11 6837.17 6495.16 6002.44 3658.6 1612.69 1285.46 1227.2 848.134
threshold=40.800000000000004 -9.7416666666666707 -2.1249999999999996 39.400000000000006 5.0750000000000002 4.5000000000000009 -0.1991666666666658 53.400000000000006 4.5000000000000009 63.850000000000001 -0.17750000000000019 11.65 5.1250000000000009
decision_type=2 2 2 2 2 2 2 2 2 2 2 2 2
left_child=-1 -2 3 -3 10 6 -6 8 -5 -7 11 -4 -12
right_child=1 2 4 7 5 9 -8 -9 -10 -11 12 -13 -14
leaf_value=3.5463436838806865 1.7507825979620071 1.7357185231139329 -0.52373253730428171 -0.038862157872810214 0.86628284612413253 -0.4000833493876832 -0.3569699474586332 -0.77246572808336811 0.93935269283143108 -1.0200118828611255 -1.3218560292170598 -1.022554997358277 -0.87043812640382157
leaf_weight=14.999999999999998 20 14.999999999999998 31 26 18 19 27 18 14.999999999999998 24 22 21 22
leaf_count=15 20 15 31 26 18 19 27 18 15 24 22 21 22
internal_value=0.00539552 -0.186851 -0.337695 0.342681 -0.611389 -0.297651 0.133056 -0.0137345 0.320314 -0.74777 -0.898321 -0.726852 -1.09875
internal_weight=293 278 258 74 184 88 45 59 41 43 96 52 44
internal_count=293 278 258 74 184 88 45 59 41 43 96 52 44
is_linear=0
shrinkage=0.05


Tree=13
num_leaves=11
num_cat=0
split_feature=12 101 32 41 113 110 16 33 43 88
split_gain=84949.6 21481.2 11676.9 13000.7 8833.84 6392.75 2850.86 3392.86 1141.36 604.724
threshold=34.750000000000007 26.100000000000005 3.5000000000000004 -0.54583333333333328 -7.3583333333333334 4.5000000000000009 5.3750000000000009 1.0791666666666668 0.24833333333333399 5.3450000000000006
decision_type=2 2 2 2 2 2 2 2 2 2
left_child=-1 -2 3 -3 -4 -5 7 -6 -7 -8
right_child=1 2 4 5 6 8 9 -9 -10 -11
leaf_value=3.1046803374788658 1.5673173544422681 1.4282495024781789 0.36057055244618413 0.50218656931943562 -0.32701988323914305 -0.33275540763546962 -0.74859502658699495 -0.94840533661338133 -0.93295347660965045 -1.0775366893007183
leaf_weight=20 14.999999999999998 15.999999999999998 22 20 66 15.999999999999998 23 33 15.999999999999998 42
leaf_count=20 15 16 22 20 66 16 23 33 16 42
internal_value=-0.0308372 -0.265047 -0.373851 0.186576 -0.578756 -0.197389 -0.704936 -0.534947 -0.634982 -0.962547
internal_weight=289 269 254 68 186 52 164 99 32 65
internal_count=289 269 254 68 186 52 164 99 32 65
is_linear=0
shrinkage=0.05


Tree=14
num_leaves=14
num_cat=0
split_feature=13 117 111 11 31 33 41 99 123 51 70 13 49
split_gain=74016.7 50043.2 16027.2 17216.9 11586.7 7636.84 6024.89 3262.96 3777.05 3070.38 265.34 192.485 68.6569
threshold=3.2450000000000006 0.98166666666666658 -0.25666666666666632 33.500000000000007 1.0000000180025095e-35 0.97750000000000015 -0.57833333333333259 54.250000000000007 -0.0075000000000000058 59.70000000000001 -0.048333333333333332 5.6800000000000006 4.7950000000000008
decision_type=2 2 2 2 2 2 2 2 2 2 2 2 2
left_child=1 -1 3 -2 -5 6 -4 9 -9 -8 -7 -12 -13
right_child=2 -3 5 4 -6 10 7 8 -10 -11 11 12 -14
leaf_value=4.3609374229481679 1.8295307497060076 0.34517236459329265 0.39520218573310828 -0.66421337028152438 1.0427528079771837 -0.76823157706455869 -0.86734138422488183 -0.53951827101615257 0.51317377220029414 -0.19416737892161842 -1.1614563880608093 -0.83082490693654432 -1.0187844579582972
leaf_weight=15.000000000000002 15.999999999999998 15.999999999999998 26 29 14.999999999999998 17 49 18 15.999999999999998 26 17 15.000000000000002 14.999999999999998
leaf_count=15 16 16 26 29 15 17 49 18 16 26 17 15 15
internal_value=-0.008599 2.29622 -0.285264 0.430489 -0.0811347 -0.501202 -0.28751 -0.450618 -0.043935 -0.63461 -0.95073 -1.01486 -0.928043
internal_weight=290 31 259 60 44 199 135 109 34 75 64 47 30
internal_count=290 31 259 60 44 199 135 109 34 75 64 47 30
is_linear=0
shrinkage=0.05


Tree=15
num_leaves=11
num_cat=0
split_feature=35 92 15 123 51 38 115 32 51 92
split_gain=71488.6 82785 21259.6 8333.17 5953.04 7322.48 2353.81 3456.35 2148.07 756.194
threshold=-7.3333333333333277 38.95000000000001 29.000000000000004 0.026666666666666661 59.70000000000001 3.5000000000000004 6.400000000000003 5.5000000000000009 66.40000000000002 46.750000000000007
decision_type=2 2 2 2 2 2 2 2 2 2
left_child=1 -1 -2 4 6 -6 7 -4 -7 -8
right_child=2 -3 3 -5 5 8 9 -9 -10 -11
leaf_value=4.9629037795477364 1.0882910711518952 -0.12338746420124121 -0.037135976929205193 0.70354560700632773 0.74105008085360691 -0.12002677092692948 -0.93492100765785868 -0.80228027838611915 -0.79417634552688954 -0.61452203870229294
leaf_weight=14.999999999999998 27 17 30 15.999999999999998 19 27 56 29 21 29
leaf_count=15 27 17 30 16 19 27 56 29 21 29
internal_value=0.0453621 2.26869 -0.235505 -0.393393 -0.476891 -0.0872696 -0.657951 -0.41403 -0.416109 -0.826518
internal_weight=286 32 254 227 211 67 144 59 48 85
internal_count=286 32 254 227 211 67 144 59 48 85
is_linear=0
shrinkage=0.05


Tree=16
num_leaves=13
num_cat=0
split_feature=35 92 115 13 4 35 94 83 31 109 84 123
split_gain=62601.4 74136.9 20382.2 13009.3 6218.29 9603.73 3166.91 2840.68 2265.33 3233.52 1297.11 624.476
threshold=-7.3333333333333277 38.95000000000001 -8.4416666666666575 5.3200000000000012 7.5000000000000009 0.30000000000000254 5.9450000000000012 1.5000000000000002 -0.010000000000000229 0.009166666666666325 -0.0016666666666666633 0.0074999999999999937
decision_type=2 2 2 2 2 2 2 2 2 2 2 2
left_child=1 -1 3 -2 6 -6 8 -7 11 -10 -9 -4
right_child=2 -3 4 -5 5 7 -8 10 9 -11 -12 -13
leaf_value=4.6483287192338345 1.9838037077164807 -0.23448483116508273 -0.96206428775337349 0.059049506662016228 0.95928825205860857 0.20146900496867876 0.00013511443013296075 -0.91611975717265703 -0.71482823877560531 0.076440831874521609 -0.34327038867839638 -0.59842828238232537
leaf_weight=15.000000000000002 14.999999999999998 15.999999999999998 55 21 18 15.999999999999998 19 17 40 19 24 15.999999999999998
leaf_count=15 15 16 55 21 18 16 19 17 40 19 24 16
internal_value=0.0152449 2.13536 -0.238242 0.864443 -0.415788 -0.0442969 -0.602592 -0.362431 -0.690654 -0.46023 -0.582566 -0.881145
internal_weight=291 31 260 36 224 75 149 57 130 59 41 71
internal_count=291 31 260 36 224 75 149 57 130 59 41 71
is_linear=0
shrinkage=0.05


Tree=17
num_leaves=12
num_cat=0
split_feature=37 33 112 113 123 39 33 117 43 102 111
split_gain=64358.5 24632.4 39860.3 9025.58 6527.64 5031.59 3336.5 4893.4 1873.99 1142.56 779.193
threshold=-11.224999999999996 0.037499999999999652 3.5000000000000004 -13.474999999999996 -0.012500000000000023 -0.15000000000000011 0.9608333333333331 -0.20166666666666663 -0.028333333333333762 22.900000000000002 -0.065000000000000377
decision_type=2 2 2 2 2 2 2 2 2 2 2
left_child=-1 2 -2 -3 -4 -6 7 -5 -9 -8 -11
right_child=1 3 4 6 5 -7 9 8 -10 10 -12
leaf_value=2.9643059840676376 2.5662208637017851 0.66417936442061243 -0.96312018699527513 0.22390418905185988 0.9289587267187257 -0.36207991214777463 -1.2120786420556884 -0.83134933018621815 -0.35062891389507284 -0.4022818311160764 -0.81919282944284966
leaf_weight=17 19 15.999999999999998 15.999999999999998 25 15 15 14.999999999999998 38 44 14.999999999999998 49
leaf_count=17 19 16 16 25 15 15 15 38 44 15 49
internal_value=-0.00939805 -0.199793 0.646136 -0.472207 -0.15068 0.284215 -0.570292 -0.387648 -0.574204 -0.816804 -0.722337
internal_weight=284 267 65 202 46 30 186 107 82 79 64
internal_count=284 267 65 202 46 30 186 107 82 79 64
is_linear=0
shrinkage=0.05


Tree=18
num_leaves=13
num_cat=0
split_feature=15 117 33 111 101 121 101 33 30 115 106 60
split_gain=29587 29378.4 8426.34 12993.9 7768.83 5049.36 2365.75 4254.73 1001.93 1194.75 565.261 389.823
threshold=34.000000000000007 0.54166666666666707 0.97750000000000015 -0.22416666666666615 70.350000000000009 0.59666666666666723 86.350000000000009 0.037499999999999652 3.5000000000000004 3.6500000000000044 4.7500000000000009 48.500000000000007
decision_type=2 2 2 2 2 2 2 2 2 2 2 2
left_child=1 -1 3 -2 -3 6 7 -5 10 -10 -4 -12
right_child=2 4 8 5 -6 -7 -8 -9 9 -11 11 -13
leaf_value=2.8875131947315293 0.89158849236803972 -0.56626966843693893 -1.0942018849960227 0.27582364337784904 0.98710417847455645 0.47313063553025048 -0.85519250769064237 -0.52661299922995641 -0.14778874299384109 -0.77952140656528102 -0.55514157776433137 -0.87634718678008883
leaf_weight=14.999999999999998 28 15.999999999999998 14.999999999999998 23 15.999999999999998 18 25 58 15.000000000000002 14.999999999999998 19 21
leaf_count=15 28 16 15 23 16 18 25 58 15 15 19 21
internal_value=-0.0750609 1.06957 -0.302432 -0.0793078 0.210917 -0.299125 -0.430632 -0.29864 -0.70081 -0.465362 -0.828069 -0.725664
internal_weight=284 47 237 152 32 124 106 81 85 30 55 40
internal_count=284 47 237 152 32 124 106 81 85 30 55 40
is_linear=0
shrinkage=0.05


Tree=19
num_leaves=11
num_cat=0
split_feature=35 101 35 113 38 31 55 12 50 16
split_gain=51681.7 18515.5 9821.2 17911 4878.74 3901.55 6095.32 1309.22 1211.77 977.635
threshold=-10.391666666666666 26.100000000000005 -0.55833333333333701 0.30833333333333007 2.5000000000000004 1.0000000180025095e-35 4.9350000000000014 47.95000000000001 47.850000000000001 5.0750000000000011
decision_type=2 2 2 2 2 2 2 2 2 2
left_child=-1 -2 3 -3 -5 7 -7 -4 -9 -8
right_child=1 2 5 4 -6 6 9 8 -10 -11
leaf_value=2.6251252177341207 1.2498938905707311 1.7818651468548552 -0.20271584343465962 0.46828868905006094 -0.59594550026241444 0.49468337362979953 -0.20290706490284829 -0.77602509089772331 -0.31896219289763855 -0.68027638271725921
leaf_weight=18 22 14.999999999999998 15.999999999999998 17 29 24 18 80 18 27
leaf_count=18 22 15 16 17 29 24 18 80 18 27
internal_value=0.0398329 -0.136014 -0.261454 0.287592 -0.20237 -0.444554 -0.147413 -0.624071 -0.692536 -0.490313
internal_weight=284 266 244 61 46 183 69 114 98 45
internal_count=284 266 244 61 46 183 69 114 98 45
is_linear=0
shrinkage=0.05


Tree=20
num_leaves=10
num_cat=0
split_feature=35 101 25 108 39 1 30 111 76
split_gain=56189.1 17192.7 8251.56 5466.06 12777.6 3186.51 2175.71 3249.96 1144.05
threshold=-10.391666666666666 26.100000000000005 17.750000000000004 4.5000000000000009 1.0000000180025095e-35 1.5000000000000002 3.5000000000000004 1.0000000180025095e-35 8.0333333333333332
decision_type=2 2 2 2 2 2 2 2 2
left_child=-1 -2 -3 6 -5 -6 8 -8 -4
right_child=1 2 3 4 5 -7 7 -9 -10
leaf_value=2.9276745723641433 1.1859586897350491 0.78318482858041361 -0.7678168736079416 1.2708139205108517 0.29477588336988791 -0.55496873671411018 0.30146824990846838 -0.53197927384938359 -0.40185052898355117
leaf_weight=15.999999999999998 23 18 63 15.999999999999998 14.999999999999998 41 18 33 33
leaf_count=16 23 18 63 16 15 41 18 33 33
internal_value=0.0612511 -0.116183 -0.243019 -0.327706 0.029154 -0.32715 -0.50243 -0.237709 -0.642617
internal_weight=276 260 237 219 72 56 147 51 96
internal_count=276 260 237 219 72 56 147 51 96
is_linear=0
shrinkage=0.05


Tree=21
num_leaves=13
num_cat=0
split_feature=101 33 112 67 23 114 23 31 13 89 0 123
split_gain=28755.4 14971.5 13894.9 9236.87 7327.89 3894.44 7134.69 1872.08 1780.79 1239.6 1010.87 589.446
threshold=26.100000000000005 0.037499999999999652 3.5000000000000004 13.9 64.500000000000014 3.5000000000000004 70.950000000000003 0.014166666666666218 5.0750000000000011 51.900000000000006 2289.5000000000005 -0.017499999999999998
decision_type=2 2 2 2 2 2 2 2 2 2 2 2
left_child=-1 2 -2 4 -4 6 -3 10 -7 11 -8 -10
right_child=1 5 3 -5 -6 8 7 -9 9 -11 -12 -13
leaf_value=1.6678697565417266 1.785361502028459 0.67090970817490003 0.22562487238391316 0.9424248267169022 -1.1911771909050317 -1.0741526408502231 -0.38907326769201733 0.025532440073001456 -0.87168245848661619 -0.11467411603246416 -0.90550730197053186 -0.52620899568791468
leaf_weight=23 14.999999999999998 20 21 20 15.999999999999998 17 22 15.999999999999998 15.999999999999998 15.999999999999998 17 60
leaf_count=23 15 20 21 20 16 17 22 16 16 16 17 60
internal_value=-0.0216683 -0.174074 0.436747 0.0792552 -0.388471 -0.413226 -0.13557 -0.429612 -0.603928 -0.515912 -0.616054 -0.600056
internal_weight=279 256 72 57 37 184 75 55 109 92 39 76
internal_count=279 256 72 57 37 184 75 55 109 92 39 76
is_linear=0
shrinkage=0.05


Tree=22
num_leaves=12
num_cat=0
split_feature=11 23 95 4 3 82 115 105 27 76 11
split_gain=51326.2 12065.6 12972.8 6977.62 8375.84 8707.38 3949.24 1392.24 1348.23 1236.61 1104.71
threshold=17.150000000000002 59.000000000000007 33.400000000000006 7.5000000000000009 3.5000000000000004 0.013333333333334087 -7.0000000000000027 7.3500000000000005 6.0500000000000016 -4.650000000000003 46.800000000000004
decision_type=2 2 2 2 2 2 2 2 2 2 2
left_child=-1 2 -2 6 7 -6 -3 -5 -8 -10 -9
right_child=1 3 -4 4 5 -7 8 10 9 -11 -12
leaf_value=2.6308481637944174 -0.17739682208358973 0.30352078692013068 1.5788917004987968 -0.71866191270335633 1.4158792995657596 -0.16415440266176781 -0.10224280262624981 0.12554346196229946 -0.39424928383492014 -0.73011844018486638 -0.4537200698592016
leaf_weight=18 22 14.999999999999998 20 14.999999999999998 19 15.999999999999998 14.999999999999998 18 44 75 14.999999999999998
leaf_count=18 22 15 20 15 19 16 15 18 44 75 15
internal_value=0.0520691 -0.118219 0.660576 -0.259454 0.107819 0.695026 -0.464011 -0.320803 -0.550128 -0.606409 -0.138182
internal_weight=292 274 42 232 83 35 149 48 134 119 33
internal_count=292 274 42 232 83 35 149 48 134 119 33
is_linear=0
shrinkage=0.05


Tree=23
num_leaves=14
num_cat=0
split_feature=11 39 103 67 102 115 33 15 12 119 64 88 79
split_gain=44253.9 12208.6 20718.2 7450.54 4550.31 2765.04 3572.91 3122.13 1770.43 1635.63 446.227 410.697 346.962
threshold=17.150000000000002 0.31250000000000006 23.900000000000002 15.550000000000002 43.300000000000004 5.3833333333333337 0.94000000000000028 62.600000000000009 67.100000000000009 -1.0000000180025095e-35 20.900000000000002 5.9050000000000011 4.5000000000000009
decision_type=2 2 2 2 2 2 2 2 2 2 2 2 2
left_child=-1 2 -2 4 -4 6 7 -3 -8 -6 -7 -12 -13
right_child=1 5 3 -5 9 10 8 -9 -10 -11 11 12 -14
leaf_value=2.4604338997288755 1.9297997667182305 0.69866256137557381 0.28879765349241038 0.84120360435043251 -0.29271432000382175 -0.42093354315686338 -0.88462565681697181 -0.20466336144341365 -0.23774193615586925 -0.95175217457523387 -0.84426017500058248 -0.7041046596708751 -0.40040363526483724
leaf_weight=17 15.999999999999998 14.999999999999998 20 18 18 24 19 26 24 20 24 23 17
leaf_count=17 16 15 20 18 18 24 19 26 24 20 24 23 17
internal_value=-0.00459005 -0.164213 0.300457 -0.0445825 -0.320542 -0.412817 -0.207168 0.126596 -0.52508 -0.641295 -0.608603 -0.678134 -0.576477
internal_weight=281 264 92 76 58 172 84 41 43 38 88 64 40
internal_count=281 264 92 76 58 172 84 41 43 38 88 64 40
is_linear=0
shrinkage=0.05


Tree=24
num_leaves=10
num_cat=0
split_feature=35 90 101 78 35 62 66 82 31
split_gain=54294.9 13240.6 11064.3 7921.38 6215.4 9458.69 3503.96 2109.7 1912.95
threshold=-10.391666666666666 36.250000000000007 39.400000000000006 -2.4124999999999996 -0.82500000000000007 82.65000000000002 17.050000000000001 -0.7424999999999996 -0.020000000000000014
decision_type=2 2 2 2 2 2 2 2 2
left_child=-1 2 -2 -3 5 6 -5 -6 -9
right_child=1 3 -4 4 7 -7 -8 8 -10
leaf_value=2.9813970375534717 1.7605935335899732 0.73031093272239112 0.018072965536354842 -0.69469339685742126 0.031643365279972906 1.1922890860513344 0.27537857568041879 -0.76146896253863905 -0.38658061768021312
leaf_weight=14.999999999999998 15.999999999999998 19 21 22 17 14.999999999999998 15.999999999999998 63 75
leaf_count=15 16 19 21 22 17 15 16 63 75
internal_value=0.0654051 -0.101323 0.774445 -0.24437 -0.333736 0.133417 -0.28646 -0.493487 -0.558189
internal_weight=279 264 37 227 208 53 38 155 138
internal_count=279 264 37 227 208 53 38 155 138
is_linear=0
shrinkage=0.05


Tree=25
num_leaves=12
num_cat=0
split_feature=39 15 100 33 41 111 57 10 52 72 60
split_gain=40552.8 34095.7 9347.12 5028.56 7476.62 7099.13 8795.69 2813.61 1056.25 1183.02 685.759
threshold=-1.0874999999999997 1.0000000180025095e-35 0.20500000000000004 0.9608333333333331 -0.57833333333333259 -0.065000000000000377 46.250000000000007 4.4700000000000015 5.9400000000000004 0.44333333333333386 49.600000000000009
decision_type=2 2 2 2 2 2 2 2 2 2 2
left_child=1 -1 3 4 -2 6 -6 -7 9 10 -5
right_child=2 -3 -4 8 5 7 -8 -9 -10 -11 -12
leaf_value=0.14552414337096856 0.6230110912560568 3.4115624898316845 0.92721933481986063 -0.37931188726838017 1.2391927420698254 -1.0678428296884779 -0.34168399402880556 -0.37185803235926418 -0.31533603922336428 -1.063987113997253 -0.78866850961565338
leaf_weight=17 28 14.999999999999998 17 23 14.999999999999998 18 21 75 24 17 19
leaf_count=17 28 15 17 23 15 18 21 75 24 17 19
internal_value=0.00684349 1.68249 -0.202352 -0.282737 -0.11614 -0.276973 0.318484 -0.507621 -0.597286 -0.711165 -0.566049
internal_weight=289 32 257 240 157 129 36 93 83 59 42
internal_count=289 32 257 240 157 129 36 93 83 59 42
is_linear=0
shrinkage=0.05


Tree=26
num_leaves=12
num_cat=0
split_feature=35 101 33 117 109 67 38 31 55 52 50
split_gain=35007.1 11327.6 3767.71 4915.79 6956.1 3306.11 3965.51 2040.89 2026.37 812.779 493.801
threshold=-10.391666666666666 26.100000000000005 0.9608333333333331 0.090833333333333779 0.02166666666666606 13.450000000000001 3.5000000000000004 -0.01250000000000062 4.9350000000000014 5.7550000000000008 28.650000000000002
decision_type=2 2 2 2 2 2 2 2 2 2 2
left_child=-1 -2 3 4 8 7 -7 -5 -3 10 -4
right_child=1 2 9 5 -6 6 -8 -9 -10 -11 -12
leaf_value=2.1925318311529547 0.92032560337157465 0.35927628790404631 -0.50209948311966313 -0.78445449623544194 1.0825004034938075 0.51808675360355982 -0.44025081571244518 -0.24698880458617145 -0.37374429664763797 -0.30390506637053982 -0.82156857840076281
leaf_weight=17 23 14.999999999999998 29 34 18 22 21 37 25 28 22
leaf_count=17 23 15 29 34 18 22 21 37 25 28 22
internal_value=-0.00232253 -0.139268 -0.23671 -0.105261 0.269145 -0.295861 0.0500099 -0.505178 -0.0985264 -0.522345 -0.641346
internal_weight=291 274 251 172 58 114 43 71 40 79 51
internal_count=291 274 251 172 58 114 43 71 40 79 51
is_linear=0
shrinkage=0.05


Tree=27
num_leaves=13
num_cat=0
split_feature=12 78 17 52 11 33 115 33 105 9 90 37
split_gain=35548.3 8679.91 7698.32 7016.99 13620.5 4230.14 3262.24 1981.86 1525.02 1075.72 978.639 359.437
threshold=34.750000000000007 -2.4124999999999996 36.45000000000001 5.9400000000000004 41.250000000000007 1.013333333333333 9.5333333333333368 0.069166666666666834 20.900000000000002 6.785000000000001 45.20000000000001 9.8833333333333346
decision_type=2 2 2 2 2 2 2 2 2 2 2 2
left_child=-1 -2 3 5 -5 6 -3 -4 -6 -7 -9 -12
right_child=1 2 7 4 8 9 -8 10 -10 -11 11 -13
leaf_value=1.9687910967822526 0.85265544302655616 0.26319185645357907 -1.0638800619715485 1.7485163271821886 0.25628426030555862 -0.37187745568666669 -0.40603247545040722 -0.15477090290238185 -0.4431951563879355 -0.91469365114941015 -0.78475346150605574 -0.48368809240585336
leaf_weight=22 21 46 18 14.999999999999998 16.000000000000004 18 30 18 14.999999999999998 19 15.999999999999998 29
leaf_count=22 21 46 18 15 16 18 30 18 15 19 16 29
internal_value=0.0433074 -0.119667 -0.205085 -0.00285064 0.517061 -0.21481 -0.00109636 -0.60151 -0.0823495 -0.65247 -0.467848 -0.592347
internal_weight=283 261 240 159 46 113 76 81 31 37 63 45
internal_count=283 261 240 159 46 113 76 81 31 37 63 45
is_linear=0
shrinkage=0.05


Tree=28
num_leaves=12
num_cat=0
split_feature=23 115 100 41 35 111 34 123 63 28 62
split_gain=31171.7 46517 11878.8 4083.1 8584.16 3287.41 4354.79 1519.25 1275.62 1273.3 1152.76
threshold=51.150000000000006 7.3583333333333387 0.20500000000000004 -0.57833333333333259 1.0166666666666659 -0.25666666666666632 5.5000000000000009 -0.016666666666666646 41.900000000000013 12.900000000000002 51.45000000000001
decision_type=2 2 2 2 2 2 2 2 2 2 2
left_child=1 -1 3 4 -2 6 -5 8 -7 -6 -9
right_child=2 -3 -4 5 9 7 -8 10 -10 -11 -12
leaf_value=3.5073461671538704 1.1595988130332617 -0.30420051373933493 1.200356446186833 0.40667688215721109 -0.60230221777969251 -0.50118245192063149 -0.58104515922003686 0.012334230432959753 -1.0430663304669516 0.0374272355970168 -0.41675588880643399
leaf_weight=14.999999999999998 14.999999999999998 17 14.999999999999998 29 16.000000000000004 35 18 19 15.999999999999998 14.999999999999998 88
leaf_count=15 15 17 15 29 16 35 18 19 16 15 88
internal_value=0.0157981 1.48767 -0.161743 -0.243608 0.181736 -0.339118 0.0278637 -0.448264 -0.672992 -0.29347 -0.340575
internal_weight=298 32 266 251 46 205 47 158 51 31 107
internal_count=298 32 266 251 46 205 47 158 51 31 107
is_linear=0
shrinkage=0.05


Tree=29
num_leaves=15
num_cat=0
split_feature=13 13 33 111 55 41 13 99 119 105 26 71 42 24
split_gain=31874.6 35798.2 5169.82 8001.35 10249.5 3941.15 5550.63 2434.79 2153.01 1980.61 898.617 976.193 800.18 246.777
threshold=3.2450000000000006 1.5350000000000004 0.99166666666666681 -0.22416666666666615 4.9350000000000014 -0.57833333333333259 5.8050000000000006 54.250000000000007 0.06916666666666639 15.900000000000002 38.250000000000007 3.5000000000000004 4.5000000000000009 58.45000000000001
decision_type=2 2 2 2 2 2 2 2 2 2 2 2 2 2
left_child=1 -1 3 4 -2 6 -5 9 -9 -7 11 -4 13 -12
right_child=2 -3 10 5 -6 7 -8 8 -10 -11 12 -13 -14 -15
leaf_value=-0.16596377458631617 1.5404087442789018 3.2269303812540531 -0.42751010490569064 0.95162079436889524 -0.10386217497127913 -0.90232201092470721 -0.40432539333570877 0.31611766957525 -0.47396258751288162 -0.3555608897685123 -0.37880038211479888 -0.972149943556461 -0.10586671436795536 -0.65661974951858915
leaf_weight=16.000000000000004 15.999999999999998 14.999999999999998 14.999999999999998 15.000000000000002 23 24 14.999999999999998 20 14.999999999999998 54 14.999999999999998 19 15.999999999999998 19
leaf_count=16 16 15 15 15 23 24 15 20 15 54 15 19 16 19
internal_value=-0.0339406 1.4807 -0.210967 -0.0610881 0.572797 -0.23428 0.274391 -0.369493 -0.0227313 -0.524799 -0.535187 -0.733973 -0.398718 -0.535669
internal_weight=297 31 266 182 39 143 30 113 35 78 84 34 50 34
internal_count=297 31 266 182 39 143 30 113 35 78 84 34 50 34
is_linear=0
shrinkage=0.05


Tree=30
num_leaves=11
num_cat=0
split_feature=11 101 33 104 4 108 9 16 113 14
split_gain=27634.5 7649.39 3702.9 4550.11 4750.47 3130.74 4013.93 2631.93 1546.01 1532.7
threshold=16.000000000000004 26.100000000000005 0.037499999999999652 45.650000000000006 6.5000000000000009 5.5000000000000009 6.7750000000000012 5.3850000000000007 -7.3583333333333334 26.000000000000004
decision_type=2 2 2 2 2 2 2 2 2 2
left_child=-1 -2 3 4 7 8 -7 -3 -4 -10
right_child=1 2 5 -5 -6 6 -8 -9 9 -11
leaf_value=2.1142689302267619 0.93735647138796352 0.0042823619243362188 0.075300511979220205 0.92468497105781611 0.62230088738670131 -0.35228292328572414 0.766442808568083 -0.86433679391138285 -0.88874493611525285 -0.36605954027941207
leaf_weight=14.999999999999998 17 19 17 14.999999999999998 17 17 14.999999999999998 15.999999999999998 15.999999999999998 114
leaf_count=15 17 19 17 15 17 17 15 16 16 114
internal_value=0.0341425 -0.0852354 -0.156275 0.160582 -0.061088 -0.274926 0.172718 -0.393989 -0.372458 -0.431062
internal_weight=278 263 246 67 52 179 32 35 147 130
internal_count=278 263 246 67 52 179 32 35 147 130
is_linear=0
shrinkage=0.05


Tree=31
num_leaves=11
num_cat=0
split_feature=23 103 39 4 38 41 123 31 39 80
split_gain=30899.8 13060.8 4851.22 3374.94 3791.87 6635.09 2622.38 1469.75 973.544 885.327
threshold=40.800000000000004 10.800000000000002 -0.91916666666666658 7.5000000000000009 4.5000000000000009 0.012500000000000179 -0.0016666666666666633 -1.0000000180025095e-35 0.070833333333332874 -0.041666666666666068
decision_type=2 2 2 2 2 2 2 2 2 2
left_child=-1 -2 -3 6 5 -5 8 -8 -4 -6
right_child=1 2 3 4 9 -7 7 -9 -10 -11
leaf_value=2.1189219600275941 1.2638136016695123 0.51028280181508834 -0.88751674261152369 1.0100580804383577 -0.016478240211107578 -0.29178247844985644 -0.33698927137956203 0.22214912685873284 -0.45894963083520041 -0.47718004045451257
leaf_weight=17 17 24 15.999999999999998 20 17 19 25 22 81 27
leaf_count=17 17 24 16 20 17 19 25 22 81 27
internal_value=0.0581887 -0.0732524 -0.164298 -0.235834 0.0180597 0.376576 -0.382122 -0.0752428 -0.530534 -0.299736
internal_weight=285 268 251 227 83 39 144 47 97 44
internal_count=285 268 251 227 83 39 144 47 97 44
is_linear=0
shrinkage=0.05


Tree=32
num_leaves=11
num_cat=0
split_feature=23 123 18 39 64 12 88 1 59 25
split_gain=24168.4 9877.26 2890.87 4995.56 5320.75 2545.69 1780.07 1755.29 1277.02 1199.7
threshold=40.800000000000004 0.032500000000000022 50.350000000000001 0.070833333333332874 31.900000000000002 43.800000000000004 4.5700000000000012 1.5000000000000002 25.250000000000004 46.400000000000013
decision_type=2 2 2 2 2 2 2 2 2 2
left_child=-1 2 3 4 -2 -4 -7 -5 -9 -8
right_child=1 -3 5 7 -6 6 9 8 -10 -11
leaf_value=1.7391812113767171 -0.17933660714467714 1.0962358202760583 -0.90832498512457838 0.14407400785586535 1.0513645770141433 0.15845574733302079 -0.22996052085529511 -0.72084516392228348 -0.23964290027892729 -0.60767088730579599
leaf_weight=18 17 14.999999999999998 20 23 18 18 51 18 59 36
leaf_count=18 17 15 20 23 18 18 51 18 59 36
internal_value=-0.030583 -0.14703 -0.21917 -0.0586161 0.454645 -0.392344 -0.293243 -0.238582 -0.352986 -0.38683
internal_weight=293 275 260 135 35 125 105 100 77 87
internal_count=293 275 260 135 35 125 105 100 77 87
is_linear=0
shrinkage=0.05


Tree=33
num_leaves=13
num_cat=0
split_feature=35 78 52 11 72 48 113 78 31 43 76 44
split_gain=28127.6 9192.47 5889.87 13962.8 2215.52 2740.32 2257.1 2159.14 1780.96 1129.02 687.111 496.85
threshold=-10.391666666666666 -2.4124999999999996 5.7550000000000008 38.400000000000006 -0.14416666666666697 6.7650000000000006 1.0000000180025095e-35 0.53833333333333366 0.016666666666667055 -0.22583333333333352 3.283333333333339 2.5000000000000004
decision_type=2 2 2 2 2 2 2 2 2 2 2 2
left_child=-1 -2 4 -4 6 7 -3 -6 10 -7 -5 -8
right_child=1 2 3 8 5 9 11 -9 -10 -11 -12 -13
leaf_value=2.0437941266883235 1.013062306994583 0.37612912954873601 1.0586268764373672 -0.71580549707475882 -0.59892213609044898 -1.0712859777879964 -0.44488591141639411 0.23348176449722385 0.10751743075602194 -0.59048882229176247 -0.30403877719540462 -0.12420858989900617
leaf_weight=15.999999999999998 17 14.999999999999998 28 14.999999999999998 15.000000000000002 19 31 15.999999999999998 22 36 32 20
leaf_count=16 17 15 28 15 15 19 31 16 22 36 32 20
internal_value=0.0143843 -0.108389 -0.18535 0.118952 -0.379526 -0.546665 -0.161165 -0.169764 -0.263273 -0.758316 -0.436801 -0.319717
internal_weight=282 266 249 97 152 86 66 31 69 55 47 51
internal_count=282 266 249 97 152 86 66 31 69 55 47 51
is_linear=0
shrinkage=0.05


Tree=34
num_leaves=10
num_cat=0
split_feature=45 39 117 67 117 108 84 104 67
split_gain=12523.9 5399.97 13663.9 6819.05 3334.3 2560.76 2121.84 1938.89 1115.55
threshold=0.020833333333333332 0.31250000000000006 0.065833333333333424 13.9 1.2966666666666666 5.5000000000000009 -0.019999999999999987 17.000000000000004 10.800000000000002
decision_type=2 2 2 2 2 2 2 2 2
left_child=1 2 -1 4 -4 6 -3 -8 -9
right_child=-2 5 3 -5 -6 -7 7 8 -10
leaf_value=1.183124701001967 1.3101470704404461 0.091504088521519783 -0.21970619155266849 0.61815121644768267 -1.1372525444093919 0.20114630713007756 -0.89505085359225101 -0.47471164179083003 -0.15803421735763551
leaf_weight=25 15.999999999999998 23 29 18 14.999999999999998 24 19 71 46
leaf_count=25 16 23 29 18 15 24 19 71 46
internal_value=-0.0445792 -0.125333 0.198783 -0.199314 -0.534489 -0.279473 -0.352131 -0.427207 -0.35049
internal_weight=286 270 87 62 44 183 159 136 117
internal_count=286 270 87 62 44 183 159 136 117
is_linear=0
shrinkage=0.05


Tree=35
num_leaves=10
num_cat=0
split_feature=37 123 4 24 48 9 9 37 115
split_gain=24660.1 11177.6 4979.63 6860.67 2847.88 2163.8 2533.11 1826.47 1718.04
threshold=-11.875000000000002 0.026666666666666661 2.5000000000000004 36.000000000000007 6.8350000000000009 6.8350000000000009 6.8750000000000009 -1.4750000000000012 10.983333333333334
decision_type=2 2 2 2 2 2 2 2 2
left_child=-1 2 4 -4 8 7 -7 -5 -2
right_child=1 -3 3 5 -6 6 -8 -9 -10
leaf_value=1.9684368313543055 -0.10518523552717068 1.0592697144802952 0.64569195631984289 -0.74648666232044159 -1.1757960050002387 0.63717581754093944 -0.18877866461069259 -0.21719750174766725 -0.77946916072056716
leaf_weight=14.999999999999998 23 19 28 19 15.999999999999998 14.999999999999998 24 113 15.999999999999998
leaf_count=15 23 19 28 19 16 15 24 113 16
internal_value=0.00147067 -0.107267 -0.19493 -0.0783887 -0.6156 -0.197289 0.129585 -0.293928 -0.383228
internal_weight=288 273 254 199 55 171 39 132 39
internal_count=288 273 254 199 55 171 39 132 39
is_linear=0
shrinkage=0.05


Tree=36
num_leaves=12
num_cat=0
split_feature=11 78 35 4 72 31 96 23 60 65 95
split_gain=26041.4 8845.77 3177.41 5849.7 5593.22 2188.49 2380.11 2370.71 775.701 754.133 507.909
threshold=17.150000000000002 -2.4124999999999996 -0.55833333333333701 7.5000000000000009 0.30583333333333323 -0.01250000000000062 40.70000000000001 66.65000000000002 50.750000000000007 31.000000000000004 28.150000000000002
decision_type=2 2 2 2 2 2 2 2 2 2 2
left_child=-1 -2 3 4 -3 8 -7 -8 10 -10 -4
right_child=1 2 5 -5 -6 6 7 -9 9 -11 -12
leaf_value=1.9121515253133941 1.0359692092082513 -0.57276656284026817 -0.54152243308156556 0.96106567190300596 0.62043739991472258 0.39931002593165293 -0.78595386325128835 -0.085878182594007452 -0.4126496832400437 -0.84443371835993131 -0.21316323541009519
leaf_weight=17 15.999999999999998 28 17 15.999999999999998 14.999999999999998 19 14.999999999999998 61 24 18 39
leaf_count=17 16 28 17 16 15 19 15 61 24 18 39
internal_value=0.0203327 -0.100321 -0.172868 0.148004 -0.155943 -0.27101 -0.0997712 -0.224968 -0.436685 -0.599385 -0.31372
internal_weight=285 268 252 59 43 193 95 76 98 42 56
internal_count=285 268 252 59 43 193 95 76 98 42 56
is_linear=0
shrinkage=0.05


Tree=37
num_leaves=13
num_cat=0
split_feature=13 117 74 23 52 25 0 15 29 54 20 45
split_gain=25269.5 30290.2 3793.12 6409.14 2668.59 4314.25 4498.8 1581.09 1570.37 1498.54 903.197 867.515
threshold=3.2450000000000006 0.98166666666666658 -8.8833333333333311 79.250000000000014 5.7300000000000013 44.70000000000001 2508.5000000000005 42.20000000000001 51.500000000000007 65.050000000000011 35.350000000000001 -0.0025000000000000018
decision_type=2 2 2 2 2 2 2 2 2 2 2 2
left_child=1 -1 3 -2 7 6 9 -4 -9 -6 -10 -7
right_child=2 -3 4 -5 5 11 -8 8 10 -11 -12 -13
leaf_value=2.9217702826127305 1.0273116344157953 -0.19893900446640039 -0.77507978041333503 -0.27241328041274826 0.26701551131065315 -0.61540325751443126 0.95040229803286713 0.065966030762563285 -0.56227106200363819 -0.43739045661016807 -0.22988003113670566 -0.17960535635775571
leaf_weight=15.000000000000002 15.999999999999998 15.999999999999998 25 23 15.000000000000002 24 15.999999999999998 20 50 14.999999999999998 35 22
leaf_count=15 16 16 25 23 15 24 16 20 50 15 35 22
internal_value=-0.0317907 1.31546 -0.192271 0.261943 -0.272169 -0.0659249 0.276113 -0.417926 -0.332185 -0.0853044 -0.425894 -0.407928
internal_weight=292 31 261 39 222 92 46 130 105 30 85 46
internal_count=292 31 261 39 222 92 46 130 105 30 85 46
is_linear=0
shrinkage=0.05


Tree=38
num_leaves=14
num_cat=0
split_feature=23 103 18 39 109 119 98 103 87 15 33 102 100
split_gain=19156.3 14024.1 3124.48 6243.78 4867.71 1816.62 1702.56 1648.71 1640.16 1506.89 1438.72 3367.52 489.288
threshold=40.800000000000004 7.4000000000000012 50.350000000000001 0.070833333333332874 0.010833333333333696 0.048333333333332902 33.70000000000001 32.800000000000004 6.7350000000000012 55.70000000000001 1.4433333333333336 37.300000000000004 0.16500000000000004
decision_type=2 2 2 2 2 2 2 2 2 2 2 2 2
left_child=-1 -2 3 4 -3 6 12 -8 -7 -10 11 -5 -4
right_child=1 2 5 10 -6 8 7 -9 9 -11 -12 -13 -14
leaf_value=1.6011960220600359 1.353446540699242 -0.0047266979485947559 -0.19423919055635566 0.34925752585468772 1.2666020549093651 -0.13226565460100867 -0.2866210309800154 0.4183810353104831 -1.1185318939434075 -0.47080537947292012 -0.61849013852962065 -0.31041882019879929 -0.56673332460865178
leaf_weight=18 15.999999999999998 15.000000000000002 14.999999999999998 28 14.999999999999998 14.999999999999998 15.999999999999998 17 15.999999999999998 21 15.999999999999998 62 22
leaf_count=18 16 15 15 28 15 15 16 17 16 21 16 62 22
internal_value=0.0257556 -0.0782686 -0.167567 -0.002691 0.632868 -0.351168 -0.184352 0.0765776 -0.574848 -0.753298 -0.18304 -0.104971 -0.416788
internal_weight=292 274 258 136 30 122 70 33 52 37 106 90 37
internal_count=292 274 258 136 30 122 70 33 52 37 106 90 37
is_linear=0
shrinkage=0.05


Tree=39
num_leaves=13
num_cat=0
split_feature=45 4 24 9 115 44 48 70 82 16 28 33
split_gain=9437.87 6428.98 6878.34 6631.88 2412.45 2511.96 4664.93 1777.67 1392.95 1363.26 794.195 633.736
threshold=0.020833333333333332 2.5000000000000004 36.000000000000007 6.8050000000000006 9.8666666666666618 2.5000000000000004 6.785000000000001 0.0024999999999999471 -0.26583333333333264 5.3850000000000007 6.2500000000000009 0.27166666666666656
decision_type=2 2 2 2 2 2 2 2 2 2 2 2
left_child=1 8 3 -3 5 7 -7 -4 -1 -10 -6 -12
right_child=-2 2 4 -5 10 6 -8 -9 9 -11 11 -13
leaf_value=-0.99792787823063578 1.0673889985558582 -0.0041369117261296478 -0.34734063158996414 1.4165098971878456 -0.12423796008771924 0.7418100156988281 -0.28060483463961094 0.19828341417897369 -0.21790904306277203 -0.8260361486910196 -0.76933111978682467 -0.36629660365098121
leaf_weight=17 17 18 51 14.999999999999998 20 25 20 21 24 14.999999999999998 14.999999999999998 29
leaf_count=17 17 18 51 15 20 25 20 21 24 15 15 29
internal_value=-0.0717587 -0.14387 -0.0189395 0.643789 -0.140085 -0.00496202 0.287678 -0.188077 -0.620309 -0.453446 -0.386635 -0.505241
internal_weight=287 270 214 33 181 117 45 72 56 39 64 44
internal_count=287 270 214 33 181 117 45 72 56 39 64 44
is_linear=0
shrinkage=0.05


Tree=40
num_leaves=11
num_cat=0
split_feature=35 115 32 4 1 54 14 103 49 0
split_gain=25902.6 4250.89 8353.25 4045.89 3827.45 2774.66 1937.97 2014.93 1439.16 699.002
threshold=-10.391666666666666 -7.0000000000000027 5.5000000000000009 7.5000000000000009 1.5000000000000002 61.95000000000001 23.450000000000003 44.70000000000001 4.1350000000000007 3570.0000000000005
decision_type=2 2 2 2 2 2 2 2 2 2
left_child=-1 2 -2 6 -5 -6 7 -3 -8 -10
right_child=1 3 -4 4 5 -7 8 -9 9 -11
leaf_value=1.9448368531576592 0.83978704974644158 -1.0057179480642822 -0.50614753824253977 0.7122555319551398 -0.47329008052860638 0.28807192243871643 0.1699535214325838 -0.23739901414967535 -0.37842241235319884 -0.0090826894668553839
leaf_weight=15.999999999999998 29 20 19 19 26 22 17 14.999999999999998 89 14.999999999999998
leaf_count=16 29 20 19 19 26 22 17 15 89 15
internal_value=-0.00365092 -0.119384 0.306973 -0.211275 0.113526 -0.124355 -0.350788 -0.678195 -0.255561 -0.32526
internal_weight=287 271 48 223 67 48 156 35 121 104
internal_count=287 271 48 223 67 48 156 35 121 104
is_linear=0
shrinkage=0.05


Tree=41
num_leaves=13
num_cat=0
split_feature=115 13 4 4 78 42 11 80 37 109 75 87
split_gain=7889.71 16847.2 3833.8 5028.68 3115.37 5378.41 2250.78 2209.82 1806.11 1132.33 783.048 421.779
threshold=-6.5166666666666613 4.580000000000001 2.5000000000000004 3.5000000000000004 0.76250000000000029 4.5000000000000009 20.900000000000002 0.16916666666666649 -2.1916666666666624 0.013333333333334087 3.5000000000000004 6.7550000000000008
decision_type=2 2 2 2 2 2 2 2 2 2 2 2
left_child=1 -1 6 -4 8 9 -2 -3 -5 -6 -8 -10
right_child=2 7 3 4 5 -7 10 -9 11 -11 -12 -13
leaf_value=1.8827225866696695 -1.0705006964180779 0.21993484774865718 0.5625020458403811 -0.88407499237565801 0.078423914235299791 0.86142838489935247 -0.12231009283118484 -0.56482132033796506 -0.12470167777964991 -0.43721820756762109 -0.57762282974091339 -0.37082957849798803
leaf_weight=14.999999999999998 15.999999999999998 22 25 14.999999999999998 19 15.999999999999998 18 14.999999999999998 27 24 20 50
leaf_count=15 16 22 25 15 19 16 18 15 27 24 20 50
internal_value=-0.0803509 0.475257 -0.20614 -0.0928948 -0.201738 0.0817248 -0.57429 -0.0987397 -0.383469 -0.209607 -0.362967 -0.284864
internal_weight=282 52 230 176 151 59 54 37 92 43 38 77
internal_count=282 52 230 176 151 59 54 37 92 43 38 77
is_linear=0
shrinkage=0.05


Tree=42
num_leaves=10
num_cat=0
split_feature=35 78 52 11 23 111 13 25 119
split_gain=16514 5951.14 3647.94 9768.16 2798.62 1609.33 1112.16 927.082 684.976
threshold=-10.799999999999999 -2.4124999999999996 5.7550000000000008 38.400000000000006 46.150000000000013 -0.35333333333333344 4.4600000000000017 50.95000000000001 -0.062499999999999993
decision_type=2 2 2 2 2 2 2 2 2
left_child=-1 -2 4 -4 -3 -6 -7 8 -5
right_child=1 2 3 7 5 6 -8 -9 -10
leaf_value=1.6188731182489964 0.74750089918203022 -0.94221788021112907 0.88005784418022925 0.11313628682875519 0.1891743775623948 -0.6447283838431872 -0.22816846132657906 -0.47222605934181061 -0.29471469168639303
leaf_weight=14.999999999999998 20 14.999999999999998 28 21 20 19 102 25 20
leaf_count=15 20 15 28 21 20 19 102 25 20
internal_value=0.00971419 -0.0802313 -0.146742 0.0992047 -0.294942 -0.225428 -0.294098 -0.232821 -0.0859268
internal_weight=285 270 250 94 156 141 121 66 41
internal_count=285 270 250 94 156 141 121 66 41
is_linear=0
shrinkage=0.05


Tree=43
num_leaves=11
num_cat=0
split_feature=101 78 30 39 11 111 17 58 37 10
split_gain=10802.2 4027.76 3654.06 3275.89 2832.93 1702.92 2663.46 935.132 608.612 409.875
threshold=26.100000000000005 -2.4124999999999996 1.5000000000000002 -0.91916666666666658 29.450000000000003 0.94083333333333308 35.95000000000001 5.1050000000000013 1.7666666666666659 5.8750000000000009
decision_type=2 2 2 2 2 2 2 2 2 2
left_child=-1 -2 4 -4 -3 6 -5 -6 -7 -9
right_child=1 2 3 5 7 8 -8 9 -10 -11
leaf_value=1.0527624687152122 0.5718086705435047 -1.1089765055290122 0.52279361725150053 0.10261078726054709 -0.098818077882790456 -0.65054319605492705 -0.42961218245440014 -0.70294122020929861 -0.26958508926354269 -0.34917982541297743
leaf_weight=20 18 14.999999999999998 20 81 24 17 33 14.999999999999998 28 19
leaf_count=20 18 15 20 81 24 17 33 15 28 19
internal_value=-0.0654962 -0.148708 -0.2004 -0.0786706 -0.498301 -0.154639 -0.0516514 -0.338645 -0.414737 -0.507001
internal_weight=290 270 252 179 73 159 114 58 45 34
internal_count=290 270 252 179 73 159 114 58 45 34
is_linear=0
shrinkage=0.05


Tree=44
num_leaves=10
num_cat=0
split_feature=12 57 111 123 35 33 47 95 23
split_gain=17481.5 3394.57 6021.89 2292.38 2149.61 1969.39 3450.75 1115.19 1056.69
threshold=34.750000000000007 38.750000000000007 -0.12833333333333383 0.026666666666666661 -6.7416666666666663 0.41250000000000059 1.5000000000000002 28.150000000000002 65.90000000000002
decision_type=2 2 2 2 2 2 2 2 2
left_child=-1 2 -2 4 -3 6 -6 -4 -7
right_child=1 3 7 -5 5 8 -8 -9 -10
leaf_value=1.3282123787836595 1.0621694501142322 -0.79459452747558212 -0.43587216604624368 0.34739454854588486 -0.24227711294618107 -0.67335763044698893 0.53937216937811661 0.15379641353648307 -0.24795148574849224
leaf_weight=23 15.999999999999998 15.999999999999998 14.999999999999998 18 39 17 22 17 103
leaf_count=23 16 16 15 18 39 17 22 17 103
internal_value=0.00940101 -0.106374 0.273372 -0.191266 -0.24066 -0.191254 0.0399687 -0.122952 -0.308769
internal_weight=286 263 48 215 197 181 61 32 120
internal_count=286 263 48 215 197 181 61 32 120
is_linear=0
shrinkage=0.05


Tree=45
num_leaves=10
num_cat=0
split_feature=35 115 84 41 33 72 89 64 6
split_gain=20160.7 3271.99 4954.89 2664.06 3284.02 1681.35 1237.25 1088.14 874.174
threshold=-7.3333333333333277 -8.4416666666666575 -0.0049999999999999897 -0.57833333333333259 0.61166666666666669 -1.0008333333333328 28.050000000000004 38.650000000000006 1.5000000000000002
decision_type=2 2 2 2 2 2 2 2 2
left_child=-1 2 -2 4 -3 -5 7 -7 -8
right_child=1 3 -4 5 -6 6 8 -9 -10
leaf_value=1.340314230060212 -0.19809801781364761 0.56990437001893013 1.0142730171317298 0.21973194957519909 -0.34425200119353178 -0.71316543106620889 -0.42396646464183141 -0.18975589674040183 -0.13864994713453516
leaf_weight=26 19 23 14.999999999999998 15.999999999999998 17 30 40 14.999999999999998 82
leaf_count=26 19 23 15 16 17 30 40 15 82
internal_value=0.0162452 -0.118157 0.338031 -0.187853 0.181374 -0.268641 -0.315564 -0.539614 -0.232508
internal_weight=283 257 34 223 40 183 167 45 122
internal_count=283 257 34 223 40 183 167 45 122
is_linear=0
shrinkage=0.05


Tree=46
num_leaves=7
num_cat=0
split_feature=11 78 123 37 33 108
split_gain=15768.5 5074.44 2488.5 2010.47 2944.82 1710.21
threshold=17.150000000000002 -2.4124999999999996 0.026666666666666661 -7.5166666666666613 -0.16083333333333291 5.5000000000000009
decision_type=2 2 2 2 2 2
left_child=-1 -2 3 -3 -5 -6
right_child=1 2 -4 4 5 -7
leaf_value=1.4916890846358404 0.69064905704253932 -0.69962142824429518 0.4473569055746871 0.44033180872599281 -0.25865693752626423 0.14543256193782739
leaf_weight=17 20 17 17 20 166 31
leaf_count=17 20 17 17 20 166 31
internal_value=0.0190799 -0.0737955 -0.134978 -0.177479 -0.136247 -0.195002
internal_weight=288 271 251 234 217 197
internal_count=288 271 251 234 217 197
is_linear=0
shrinkage=0.05


Tree=47
num_leaves=11
num_cat=0
split_feature=32 78 113 35 12 45 31 65 100 21
split_gain=15874.2 6678.48 3791.46 11564.7 3415.65 1964.98 1779.77 1252.36 1238.99 771.631
threshold=1.5000000000000002 -2.4124999999999996 -0.2583333333333328 -0.44166666666666726 38.400000000000013 -0.026666666666666655 0.018333333333333982 20.400000000000002 0.16500000000000004 56.350000000000001
decision_type=2 2 2 2 2 2 2 2 2 2
left_child=-1 -2 3 -3 -4 -5 -7 8 -6 -9
right_child=1 2 4 5 7 6 -8 9 -10 -11
leaf_value=1.5516484156528614 0.95493973611995875 1.3808784761472255 -1.006711332687479 -0.63531423057151948 0.26818034132411578 -0.1434196517367288 0.438058030256751 -0.23152076617614467 -0.25016441142410656 -0.5735667841259019
leaf_weight=15.999999999999998 14.999999999999998 14.999999999999998 14.999999999999998 14.999999999999998 22 57 17 59 24 23
leaf_count=16 15 15 15 15 22 57 17 59 24 23
internal_value=0.0277414 -0.065859 -0.128232 0.101389 -0.295219 -0.115507 -0.00935857 -0.211081 -0.00210796 -0.328103
internal_weight=278 262 247 104 143 89 74 128 46 82
internal_count=278 262 247 104 143 89 74 128 46 82
is_linear=0
shrinkage=0.05


Tree=48
num_leaves=13
num_cat=0
split_feature=13 101 78 108 31 84 115 37 49 92 67 78
split_gain=16633.2 25484.4 3265.71 1900.33 3215.31 2565.09 1947.32 2032.64 1579.43 1265.73 1141.34 947.509
threshold=3.2450000000000006 68.550000000000026 -2.4124999999999996 3.5000000000000004 -0.014999999999999234 -0.0050000000000000175 5.1833333333333416 8.7750000000000075 6.3350000000000009 12.400000000000002 5.1000000000000005 -0.17750000000000019
decision_type=2 2 2 2 2 2 2 2 2 2 2 2
left_child=1 -1 -2 8 6 -6 7 -5 9 -4 -11 -8
right_child=2 -3 3 4 5 -7 11 -9 -10 10 -12 -13
leaf_value=2.548829068095479 0.51152825188218498 -0.27208321282738135 -0.69895193561023439 0.41122020793869007 -0.13480454450584503 0.56686957784244496 -0.24763900483680881 -0.38482337186211035 -0.82789245985991122 0.033418970260293307 -0.34714614982824266 -0.77571887495505865
leaf_weight=14.999999999999998 17 17 14.999999999999998 14.999999999999998 25 27 14.999999999999998 17 14.999999999999998 32 51 20
leaf_count=15 17 17 15 15 25 27 15 17 15 32 51 20
internal_value=-0.017338 1.05388 -0.155393 -0.204483 -0.0648932 0.229819 -0.293701 -0.0114036 -0.351253 -0.277478 -0.200498 -0.550892
internal_weight=281 32 249 232 119 52 67 32 113 98 83 35
internal_count=281 32 249 232 119 52 67 32 113 98 83 35
is_linear=0
shrinkage=0.05


Tree=49
num_leaves=11
num_cat=0
split_feature=39 13 78 33 42 41 109 64 26 72
split_gain=13846.2 25496.6 4649.27 3142.9 1882.2 5710.77 1745.48 957.109 1137.32 566.693
threshold=-1.0874999999999997 1.5350000000000004 -2.4124999999999996 -0.32499999999999968 4.5000000000000009 -0.22333333333333313 0.028333333333333769 37.800000000000004 34.900000000000006 -0.14416666666666697
decision_type=2 2 2 2 2 2 2 2 2 2
left_child=1 -1 -2 -4 7 -6 -7 9 -9 -5
right_child=2 -3 3 4 5 6 -8 8 -10 -11
leaf_value=-0.33423101634484287 0.66124990605517642 2.4870893359973731 -0.67690850870195785 -0.14877887876128834 0.93050704542894536 -0.30462450266167557 0.29443480983289366 0.24614883794713377 -0.23954570064130876 -0.4225935491027164
leaf_weight=17 18 14.999999999999998 27 30 15.999999999999998 42 17 20 30 52
leaf_count=17 18 15 27 30 16 42 17 20 30 52
internal_value=0.0136829 0.991735 -0.110839 -0.170508 -0.104137 0.0957564 -0.131723 -0.217737 -0.0450645 -0.322782
internal_weight=284 32 252 234 207 75 59 132 50 82
internal_count=284 32 252 234 207 75 59 132 50 82
is_linear=0
shrinkage=0.05


Tree=50
num_leaves=12
num_cat=0
split_feature=39 28 117 109 10 39 10 101 25 27 43
split_gain=13751 21650.2 3593.64 6619.71 3083.14 2920.28 1741.03 1227.06 1160.24 1131.32 1082.23
threshold=-1.0874999999999997 5.5500000000000007 0.090833333333333779 0.040833333333333062 4.4700000000000015 0.12833333333333333 4.8900000000000015 87.300000000000011 35.150000000000006 22.450000000000003 0.56749999999999956
decision_type=2 2 2 2 2 2 2 2 2 2 2
left_child=1 -1 3 5 -4 -2 -6 10 -7 -10 -8
right_child=2 -3 4 -5 6 8 7 -9 9 -11 -12
leaf_value=2.3711102364868517 0.53562059172932408 -0.22903244491906194 -0.8540688610201731 0.96315597620309945 0.33144367094466232 -0.51095271574426027 -0.25289380539223338 -0.59491076144709509 0.28498680315270336 -0.24534066812540606 0.15188210978750935
leaf_weight=14.999999999999998 15.999999999999998 17 19 19 14.999999999999998 22 76 20 14.999999999999998 30 21
leaf_count=15 16 17 19 19 15 22 76 20 15 30 21
internal_value=0.0183179 0.993218 -0.105314 0.123862 -0.260133 -0.0691338 -0.174023 -0.239097 -0.21421 -0.068214 -0.165144
internal_weight=285 32 253 102 151 83 132 117 67 45 97
internal_count=285 32 253 102 151 83 132 117 67 45 97
is_linear=0
shrinkage=0.05


Tree=51
num_leaves=8
num_cat=0
split_feature=61 33 10 108 121 39 80
split_gain=14422.4 4654.27 4052.76 2079.77 2524.79 1497.89 955.142
threshold=0.19500000000000003 -0.64500000000000035 4.5400000000000009 5.5000000000000009 0.020000000000000909 2.7575000000000007 -0.19666666666666674
decision_type=2 2 2 2 2 2 2
left_child=1 -1 -3 5 -5 6 -4
right_child=-2 2 3 4 -6 -7 -8
leaf_value=-0.94483757270009883 1.0261556619221401 0.51041522923693705 -0.014000499631749392 -0.23207293212019053 0.68247591512191386 -0.66833043750266585 -0.26228037457336745
leaf_weight=17 29 25 59 15.000000000000002 14.999999999999998 17 113
leaf_count=17 29 25 59 15 15 17 113
internal_value=-0.0296721 -0.147354 -0.0914063 -0.160332 0.225784 -0.221733 -0.177201
internal_weight=290 261 244 219 30 189 172
internal_count=290 261 244 219 30 189 172
is_linear=0
shrinkage=0.05


Tree=52
num_leaves=11
num_cat=0
split_feature=13 72 1 34 115 92 39 37 123 11
split_gain=15638.5 2999.42 2276.44 3006.78 4290.96 1752.69 2084.55 1846.79 1139.13 311.868
threshold=3.2450000000000006 -1.1033333333333333 1.5000000000000002 5.5000000000000009 9.8666666666666618 45.600000000000009 0.12833333333333333 1.5333333333333317 0.017499999999999991 43.45000000000001
decision_type=2 2 2 2 2 2 2 2 2 2
left_child=-1 -2 3 4 -3 6 -4 -7 -8 -9
right_child=1 2 5 -5 -6 7 8 9 -10 -11
leaf_value=1.1213968885876877 0.5602049432185866 0.76454132325145829 0.2884910629038171 -0.45644921960189333 -0.19116570620515227 -0.93393377161914504 -0.29927996852044431 -0.10558931872939431 0.15575254988966522 -0.42896543914908608
leaf_weight=29 15.999999999999998 25 23 17 22 15.999999999999998 95 15.000000000000002 15.999999999999998 14.999999999999998
leaf_count=29 16 25 23 17 22 16 95 15 16 15
internal_value=0.0221516 -0.100821 -0.1444 0.111544 0.317627 -0.235441 -0.143772 -0.501477 -0.233564 -0.268331
internal_weight=289 260 244 64 47 180 134 46 111 30
internal_count=289 260 244 64 47 180 134 46 111 30
is_linear=0
shrinkage=0.05


Tree=53
num_leaves=8
num_cat=0
split_feature=101 31 33 34 27 26 82
split_gain=4559.05 2680.59 2850.61 2411.01 1054.08 1996.74 894.106
threshold=26.100000000000005 0.056666666666665762 -0.59499999999999986 2.5000000000000004 19.700000000000003 28.550000000000004 -0.88916666666666611
decision_type=2 2 2 2 2 2 2
left_child=-1 2 -2 -4 5 -5 -6
right_child=1 -3 3 4 6 -7 -8
leaf_value=0.62467827198192538 -0.68356116411596901 0.43367184267115233 0.45947329593680752 -0.2492889722096118 0.091411623759576455 0.24753361591516831 -0.29681818814689642
leaf_weight=22 24 20 17 43 17 38 113
leaf_count=22 24 20 17 43 17 38 113
internal_value=-0.0659638 -0.122052 -0.166331 -0.111588 -0.157818 -0.0161322 -0.24598
internal_weight=294 272 252 228 211 81 130
internal_count=294 272 252 228 211 81 130
is_linear=0
shrinkage=0.05


Tree=54
num_leaves=12
num_cat=0
split_feature=11 97 23 1 117 25 62 37 56 23 15
split_gain=15495.7 2940.43 6797.2 3836.77 1275.35 1184.51 2061.44 1206.88 832.467 884.43 600.893
threshold=17.150000000000002 5.3550000000000013 57.70000000000001 1.5000000000000002 1.6625000000000001 33.95000000000001 74.550000000000011 0.75833333333333297 26.050000000000004 80.200000000000017 54.600000000000009
decision_type=2 2 2 2 2 2 2 2 2 2 2
left_child=-1 4 -3 -4 5 6 -2 -7 -5 -10 -9
right_child=1 2 3 8 -6 7 -8 10 9 -11 -12
leaf_value=1.5307813990930592 -0.20689909111456092 1.0808140802827679 0.54168191948627453 -0.51738477879971789 -0.54959664282860687 -0.65555217060821747 0.51794757724548723 -0.40834912554755887 0.084584195389518876 -0.32323759570432348 -0.083901398048300671
leaf_weight=15.999999999999998 25 15.999999999999998 22 17 23 14.999999999999998 15.999999999999998 19 27 26 57
leaf_count=16 25 16 22 17 23 15 16 19 27 26 57
internal_value=0.0249815 -0.0671541 0.133032 -0.0327403 -0.206666 -0.146505 0.0764182 -0.246971 -0.213859 -0.115617 -0.165509
internal_weight=279 263 108 92 155 132 41 91 70 53 76
internal_count=279 263 108 92 155 132 41 91 70 53 76
is_linear=0
shrinkage=0.05


Tree=55
num_leaves=8
num_cat=0
split_feature=32 123 41 35 35 15 23
split_gain=14196.2 4841.55 3366.68 5500.55 3834.78 1772.26 2391.25
threshold=1.5000000000000002 0.026666666666666661 -0.57833333333333259 0.30000000000000254 -5.5249999999999977 29.000000000000004 54.750000000000007
decision_type=2 2 2 2 2 2 2
left_child=-1 2 3 -2 -4 -6 -7
right_child=1 -3 4 -5 5 6 -8
leaf_value=1.4885908409459701 1.0282490092397525 0.70312825856287831 -0.96790253494096834 -0.15516881166403829 0.29291546959527504 -0.81601738799486734 -0.15725657784811437
leaf_weight=14.999999999999998 14.999999999999998 18 15.999999999999998 28 19 14.999999999999998 159
leaf_count=15 15 18 16 28 19 15 159
internal_value=-0.00334714 -0.0867715 -0.143469 0.258963 -0.226375 -0.164405 -0.214511
internal_weight=285 270 252 43 209 193 174
internal_count=285 270 252 43 209 193 174
is_linear=0
shrinkage=0.05


Tree=56
num_leaves=10
num_cat=0
split_feature=23 103 35 83 70 31 23 80 5
split_gain=12094 6603.78 2341.16 1546.68 1963.54 1442.73 1455.36 946.946 733.754
threshold=40.800000000000004 7.4000000000000012 -9.6000000000000014 1.5000000000000002 -0.026666666666666835 -0.014999999999999234 79.250000000000014 -0.13583333333333322 1.0000000180025095e-35
decision_type=2 2 2 2 2 2 2 2 2
left_child=-1 -2 -3 4 -4 8 -7 -6 -5
right_child=1 2 3 5 7 6 -8 -9 -10
leaf_value=1.2529453253877756 0.86859977914575937 -0.71171184910668261 0.53763109030523848 -0.46905671914283381 0.20042027649500513 0.13229474915847492 -0.24948842860837397 -0.32940986782156362 -0.1683302101970032
leaf_weight=18 17 17 19 44 14.999999999999998 53 47 19 38
leaf_count=18 17 17 19 44 15 53 47 19 38
internal_value=0.00186217 -0.0822693 -0.146754 -0.105578 0.13189 -0.174793 -0.0471634 -0.0956124 -0.330131
internal_weight=287 269 252 235 53 182 100 34 82
internal_count=287 269 252 235 53 182 100 34 82
is_linear=0
shrinkage=0.05


Tree=57
num_leaves=9
num_cat=0
split_feature=31 106 33 123 41 62 15 23
split_gain=4419.72 4734.2 4446.68 3278.61 1907.72 3778.62 1256.56 2611.23
threshold=0.042499999999999989 9.0500000000000025 -0.59499999999999986 0.030000000000000002 -0.68916666666666637 79.700000000000017 29.000000000000004 54.150000000000006
decision_type=2 2 2 2 2 2 2 2
left_child=2 -2 -1 4 5 -4 -6 -8
right_child=1 -3 3 -5 6 -7 7 -9
leaf_value=-0.80468930702704877 -0.13050865977015713 1.1225783170947177 -0.33378540727476408 0.61102550451799953 0.20909999819750286 0.76746337447107216 -0.83543213320815024 -0.16624854011467105
leaf_weight=23 15.000000000000002 14.999999999999998 15.000000000000002 15.999999999999998 18 15.999999999999998 15.999999999999998 156
leaf_count=23 15 15 15 16 18 16 16 156
internal_value=-0.0760831 0.497517 -0.142453 -0.0778517 -0.128002 0.23508 -0.18736 -0.228976
internal_weight=290 30 260 237 221 31 190 172
internal_count=290 30 260 237 221 31 190 172
is_linear=0
shrinkage=0.05


Tree=58
num_leaves=11
num_cat=0
split_feature=23 103 31 41 33 74 110 33 15 118
split_gain=18902.1 5905.47 2292.92 2706.18 2012.4 1567.29 1282.94 1008.43 564.467 451.392
threshold=40.800000000000004 7.4000000000000012 -0.0083333333333341902 -0.57833333333333259 -0.32499999999999968 5.0666666666666638 3.5000000000000004 -0.029999999999999801 43.900000000000006 3.5000000000000004
decision_type=2 2 2 2 2 2 2 2 2 2
left_child=-1 -2 4 -4 -3 6 -5 -6 -9 -7
right_child=1 2 3 5 7 9 -8 8 -10 -11
leaf_value=1.7402850615267722 0.82235209746667504 -0.78513875872071015 0.48409667603998074 0.40080918822613065 0.16381516264092108 -0.17355228912143808 -0.10352944270619807 -0.54495311699166205 -0.2129788157431817 -0.51966013991863935
leaf_weight=14.999999999999998 17 17 25 19 15.999999999999998 19 37 14.999999999999998 88 19
leaf_count=15 17 17 25 19 16 19 37 15 88 19
internal_value=0.0183728 -0.0771719 -0.137459 0.0227958 -0.277632 -0.100222 0.0679058 -0.20449 -0.261855 -0.347647
internal_weight=287 272 255 119 136 94 56 119 103 38
internal_count=287 272 255 119 136 94 56 119 103 38
is_linear=0
shrinkage=0.05


Tree=59
num_leaves=9
num_cat=0
split_feature=35 80 21 35 15 105 78 72
split_gain=11452.7 3326.9 6344.5 2122.89 2979.63 1404.23 1335.46 788.87
threshold=-10.799999999999999 -0.56166666666666687 50.150000000000006 -6.7416666666666663 29.000000000000004 6.0500000000000016 0.41083333333333366 0.65833333333333333
decision_type=2 2 2 2 2 2 2 2
left_child=-1 2 -2 -3 -5 7 -7 -6
right_child=1 3 -4 4 5 6 -8 -9
leaf_value=1.3360241135224602 -0.35126315306571987 -0.67784714409000968 0.80524337415710578 0.40980650656450834 -0.24160489463015816 -0.24483698305871845 0.055273166765815111 -0.72596440929803796
leaf_weight=14.999999999999998 21 18 27 24 18 86 65 15.999999999999998
leaf_count=15 21 18 27 24 18 86 65 16
internal_value=-0.0046589 -0.0782643 0.299489 -0.15826 -0.113185 -0.181244 -0.115666 -0.471146
internal_weight=290 275 48 227 209 185 151 34
internal_count=290 275 48 227 209 185 151 34
is_linear=0
shrinkage=0.05


Tree=60
num_leaves=12
num_cat=0
split_feature=35 117 39 35 23 27 105 60 67 63 53
split_gain=10078 3636.36 6720.78 3382.47 2812.81 2605.18 1120.43 1257.72 1875.35 879.87 550.275
threshold=-10.799999999999999 0.090833333333333779 0.47833333333333355 -6.7416666666666663 66.65000000000002 21.550000000000001 9.7500000000000018 48.500000000000007 13.450000000000001 41.000000000000007 30.300000000000001
decision_type=2 2 2 2 2 2 2 2 2 2 2
left_child=-1 2 -2 -3 -4 -6 -5 8 -8 -7 -9
right_child=1 3 4 6 5 9 7 10 -10 -11 -12
leaf_value=1.2696654138186121 0.89037390642788294 -0.88715959750347251 -0.66533763171821247 -0.42430685499390419 0.57981103836553882 -0.35208121456241154 -0.098151179926023069 -0.36145066966463074 0.47939288621830151 0.11637844596233667 -0.072419192171528979
leaf_weight=14.999999999999998 25 15.999999999999998 14.999999999999998 26 19 21 42 33 21 19 33
leaf_count=15 25 16 15 26 19 21 42 33 21 19 33
internal_value=0.0125966 -0.0576662 0.183351 -0.197257 -0.0563197 0.0992945 -0.125483 -0.0649347 0.0947389 -0.129703 -0.217339
internal_weight=285 270 99 171 74 59 155 129 63 40 66
internal_count=285 270 99 171 74 59 155 129 63 40 66
is_linear=0
shrinkage=0.05


Tree=61
num_leaves=12
num_cat=0
split_feature=102 37 12 35 41 37 37 55 103 23 98
split_gain=4772.68 10688.2 3855.5 2466.41 2402.43 4103.58 1669.64 1509.92 553.67 1054.23 423.76
threshold=28.550000000000004 0.75833333333333297 37.95000000000001 8.0333333333333332 -0.57833333333333259 7.6416666666666719 -1.4750000000000012 5.1750000000000007 28.850000000000005 74.15000000000002 36.350000000000001
decision_type=2 2 2 2 2 2 2 2 2 2 2
left_child=1 -1 -2 -3 5 -4 -6 -5 10 -10 -8
right_child=2 3 4 7 6 -7 8 -9 9 -11 -12
leaf_value=1.4858798369666599 -0.86503329566829101 0.47235615088794775 0.74579747731412815 0.012614272120582613 -0.52992564520680208 -0.29227708426628324 -0.11360573392165335 -0.62531344116918308 0.23540836571410484 -0.14403743390214194 -0.47291759533911759
leaf_weight=14.999999999999998 18 18 20 24 29 18 17 14.999999999999998 24 76 15.999999999999998
leaf_count=15 18 18 20 24 29 18 17 15 24 76 16
internal_value=-0.0495655 0.303096 -0.166149 -0.0101328 -0.102824 0.25447 -0.18677 -0.233586 -0.111567 -0.0527763 -0.288871
internal_weight=290 72 218 57 200 38 162 39 133 100 33
internal_count=290 72 218 57 200 38 162 39 133 100 33
is_linear=0
shrinkage=0.05


Tree=62
num_leaves=9
num_cat=0
split_feature=62 100 41 35 35 70 23 121
split_gain=9532.69 3881.39 2782.43 4669.14 4339.38 1566.39 1108.17 720.684
threshold=40.550000000000004 0.20500000000000004 -0.57833333333333259 1.0000000180025095e-35 -6.7416666666666663 0.031666666666666739 54.150000000000006 -0.0024999999999995022
decision_type=2 2 2 2 2 2 2 2
left_child=-1 2 3 -2 -4 6 -6 -5
right_child=1 -3 4 7 5 -7 -8 -9
leaf_value=0.93880738267265407 0.92552653712942112 0.67841570353665892 -0.88737621221067675 -0.39596751162547938 -0.59457011370925428 0.23963240874665126 -0.15655933856589241 0.092644175235798806
leaf_weight=24 14.999999999999998 14.999999999999998 22 15 15.999999999999998 23 143 15
leaf_count=24 15 15 22 15 16 23 143 15
internal_value=-0.0131105 -0.0999901 -0.147156 0.208321 -0.225658 -0.145199 -0.201013 -0.151999
internal_weight=288 264 249 45 204 182 159 30
internal_count=288 264 249 45 204 182 159 30
is_linear=0
shrinkage=0.05


Tree=63
num_leaves=11
num_cat=0
split_feature=0 78 52 104 23 0 15 48 66 50
split_gain=10207.3 3794.96 2586.94 6840.61 2802.19 2012.53 1233.22 2880.68 1086.2 999.648
threshold=252.00000000000003 -2.4124999999999996 5.7550000000000008 18.900000000000002 46.150000000000013 2814.0000000000005 43.900000000000006 6.7950000000000008 19.100000000000005 33.050000000000004
decision_type=2 2 2 2 2 2 2 2 2 2
left_child=-1 -2 4 -4 -3 8 7 -6 -5 -8
right_child=1 2 3 5 6 -7 9 -9 -10 -11
leaf_value=1.2830303256874842 0.64696847123006429 -0.87467040356421311 1.0426422850685828 0.055978807736753788 0.010463476590635653 0.29535405463326525 0.04053213307673853 -0.83777824947659241 -0.40842035808864063 -0.29284905409524808
leaf_weight=14.999999999999998 18 14.999999999999998 15.999999999999998 19 21 24 70 19 37 33
leaf_count=15 18 15 16 19 21 24 70 19 37 33
internal_value=0.0176766 -0.0525314 -0.102357 0.102252 -0.226694 -0.0868311 -0.158126 -0.393411 -0.250948 -0.0664113
internal_weight=287 272 254 96 158 80 143 40 56 103
internal_count=287 272 254 96 158 80 143 40 56 103
is_linear=0
shrinkage=0.05


Tree=64
num_leaves=10
num_cat=0
split_feature=23 103 12 108 17 95 104 89 41
split_gain=13012.9 4789.06 1568.75 1490.91 2543.96 3433.79 1049.71 1262.16 324.965
threshold=40.800000000000004 7.4000000000000012 37.95000000000001 4.5000000000000009 33.45000000000001 30.600000000000005 14.800000000000002 47.150000000000013 0.44166666666666693
decision_type=2 2 2 2 2 2 2 2 2
left_child=-1 -2 -3 6 5 -5 -4 -8 -6
right_child=1 2 3 4 8 -7 7 -9 -10
leaf_value=1.354759847629837 0.7709516187632306 -0.59569212121437798 -0.56631331380629379 -0.10380759885655114 -0.3708902892662071 0.8099063154504198 -0.051281460832161209 -0.38860520847616431 -0.065668485095487769
leaf_weight=17 15.999999999999998 15.999999999999998 14.999999999999998 20 17 21 120 36 18
leaf_count=17 16 16 15 20 17 21 120 36 18
internal_value=0.015859 -0.066161 -0.117381 -0.0861482 0.0979851 0.364902 -0.168024 -0.129357 -0.214696
internal_weight=296 279 263 247 76 41 171 156 35
internal_count=296 279 263 247 76 41 171 156 35
is_linear=0
shrinkage=0.05


Tree=65
num_leaves=7
num_cat=0
split_feature=25 100 89 90 12 29
split_gain=9283.19 3720.51 1962.77 2046.33 1667.01 1102.02
threshold=17.100000000000005 0.20500000000000004 15.350000000000003 37.250000000000007 40.550000000000004 55.500000000000007
decision_type=2 2 2 2 2 2
left_child=-1 2 -2 -4 -5 -6
right_child=1 -3 3 4 5 -7
leaf_value=0.8817239215775925 -0.70501565112183429 0.65587511857761849 0.44640377783617446 -0.62955938567630731 -0.17630807231276355 0.10597955178038605
leaf_weight=26 14.999999999999998 14.999999999999998 14.999999999999998 17 160 44
leaf_count=26 15 15 15 17 160 44
internal_value=-0.0181343 -0.106407 -0.152225 -0.116785 -0.155218 -0.115376
internal_weight=292 266 251 236 221 204
internal_count=292 266 251 236 221 204
is_linear=0
shrinkage=0.05


Tree=66
num_leaves=12
num_cat=0
split_feature=35 4 101 52 58 78 10 93 75 113 11
split_gain=11928.3 2315.9 3525.3 1604.62 1395.54 1878.31 3262.27 1371.35 1214.94 853.696 463.604
threshold=-10.391666666666666 2.5000000000000004 37.150000000000006 4.0850000000000009 5.1300000000000008 0.6558333333333336 5.8950000000000005 31.400000000000002 2.5000000000000004 0.30833333333333007 31.150000000000002
decision_type=2 2 2 2 2 2 2 2 2 2 2
left_child=-1 3 -3 -2 5 9 -7 -5 -6 -4 -10
right_child=1 2 4 7 8 6 -8 -9 10 -11 -12
leaf_value=1.3617709832475675 -0.71787075446686932 0.73323328100292895 0.21392722070611869 0.20841662682444848 0.10783873322383364 0.89687924659030027 -0.069933611279382746 -0.38629834869690927 -0.52392018110744221 -0.23380311100932039 -0.21635625553638752
leaf_weight=14.999999999999998 20 14.999999999999998 14.999999999999998 14.999999999999998 28 15.999999999999998 19 27 14.999999999999998 36 68
leaf_count=15 20 15 15 15 28 16 19 27 15 36 68
internal_value=-0.00633686 -0.081721 -0.00303598 -0.350254 -0.059466 0.0916264 0.373192 -0.173791 -0.176551 -0.101859 -0.272564
internal_weight=289 274 212 62 197 86 35 42 111 51 83
internal_count=289 274 212 62 197 86 35 42 111 51 83
is_linear=0
shrinkage=0.05


Tree=67
num_leaves=11
num_cat=0
split_feature=0 99 70 33 109 20 39 53 36 15
split_gain=10015.4 2568.14 6316.85 3972.85 1562.57 1712.32 1352.04 1481.74 983.536 696.581
threshold=252.00000000000003 51.750000000000007 0.023333333333332987 -0.32499999999999968 0.009166666666666325 33.250000000000007 -0.37916666666666682 16.250000000000004 3.5000000000000004 50.600000000000009
decision_type=2 2 2 2 2 2 2 2 2 2
left_child=-1 3 4 -2 9 -6 -5 -8 -9 -3
right_child=1 2 -4 6 5 -7 7 8 -10 -11
leaf_value=1.1524724361492178 -0.89645798768048501 -0.52286011901020346 0.92031104580270062 -0.57796593107135097 -0.22179169728940362 0.42773385982460532 -0.40793525855369678 0.36639829246523958 -0.058236629177223567 -0.12662326044233393
leaf_weight=17 19 18 19 14.999999999999998 18 23 27 15.999999999999998 89 29
leaf_count=17 19 18 19 15 18 23 27 16 89 29
internal_value=-0.0213775 -0.0948879 0.0960379 -0.217968 -0.082716 0.142609 -0.129689 -0.0783113 0.00670912 -0.279268
internal_weight=290 273 107 166 88 41 147 132 105 47
internal_count=290 273 107 166 88 41 147 132 105 47
is_linear=0
shrinkage=0.05


Tree=68
num_leaves=10
num_cat=0
split_feature=61 97 33 33 115 23 44 70 70
split_gain=9795.16 13065.5 2485.68 2483.35 4181.02 2513.98 1112.95 1561.55 709.316
threshold=0.19500000000000003 5.3950000000000005 -0.64500000000000035 -0.16083333333333291 6.8833333333333302 55.850000000000009 2.5000000000000004 -0.024166666666666444 0.0066666666666672656
decision_type=2 2 2 2 2 2 2 2 2
left_child=2 -2 -1 4 -4 -5 8 -8 -7
right_child=1 -3 3 5 -6 6 7 -9 -10
leaf_value=-0.657645436424521 -0.17892180584972683 1.8703323342942246 0.93635563580010894 -0.74196979503453886 -0.20576038806759125 -0.26269938978999335 0.28260357016184201 -0.15440380170502091 0.039524718008905765
leaf_weight=20 16.000000000000004 14.999999999999998 14.999999999999998 15.999999999999998 17 86 38 44 25
leaf_count=20 16 15 15 16 17 86 38 44 25
internal_value=-0.0234711 0.815318 -0.123391 -0.078779 0.3307 -0.141626 -0.0914726 0.0481485 -0.194612
internal_weight=292 31 261 241 32 209 193 82 111
internal_count=292 31 261 241 32 209 193 82 111
is_linear=0
shrinkage=0.05


Tree=69
num_leaves=10
num_cat=0
split_feature=35 4 10 72 108 84 83 52 61
split_gain=9297.81 2232.86 1727.19 1687.84 1127.81 1119.91 696.068 910.168 679.457
threshold=-7.3333333333333277 2.5000000000000004 4.9250000000000007 0.65833333333333333 5.5000000000000009 0.005833333333333344 1.5000000000000002 5.8150000000000004 0.16500000000000004
decision_type=2 2 2 2 2 2 2 2 2
left_child=-1 3 -3 5 6 -2 7 -4 -8
right_child=1 2 4 -5 -6 -7 8 -9 -10
leaf_value=0.84053022042172876 -0.001170814148617978 0.48859221382646378 -0.17876355167251926 -0.83741682302083409 0.23556443414012135 -0.55099677297453231 -0.33997859484792603 0.3226397596340812 -0.088679228496109055
leaf_weight=29 24 14.999999999999998 18 14.999999999999998 26 14.999999999999998 42 18 75
leaf_count=29 24 15 18 15 26 15 42 18 75
internal_value=-0.00498595 -0.104176 -0.0249241 -0.38823 -0.0682329 -0.213639 -0.120011 0.0719989 -0.179145
internal_weight=277 248 194 54 179 39 153 36 117
internal_count=277 248 194 54 179 39 153 36 117
is_linear=0
shrinkage=0.05


Tree=70
num_leaves=10
num_cat=0
split_feature=25 52 11 12 44 39 96 111 25
split_gain=10723.8 2143.41 4928.97 3171.08 1296.41 1200.35 1149.1 849.662 732.785
threshold=17.100000000000005 5.7750000000000012 33.900000000000006 41.350000000000009 2.5000000000000004 1.0000000180025095e-35 40.150000000000006 -0.50416666666666632 45.650000000000006
decision_type=2 2 2 2 2 2 2 2 2
left_child=-1 3 -3 -2 8 -5 -7 -8 -4
right_child=1 2 4 5 -6 6 7 -9 -10
leaf_value=1.0754517212172978 -0.70867123407199673 0.77334733484692153 -0.041834657282625892 0.23314496446941899 0.18269036422844886 0.2028502234155361 -0.56630951647726913 -0.15936297012833039 -0.4548081814501081
leaf_weight=22 24 22 21 24 28 19 14.999999999999998 87 22
leaf_count=22 24 22 21 24 28 19 15 87 22
internal_value=0.0177246 -0.0714496 0.12122 -0.177513 -0.0815805 -0.0891355 -0.15324 -0.219753 -0.253804
internal_weight=284 262 93 169 71 145 121 102 43
internal_count=284 262 93 169 71 145 121 102 43
is_linear=0
shrinkage=0.05


Tree=71
num_leaves=7
num_cat=0
split_feature=62 101 33 70 37 37
split_gain=8469.46 4560.07 4568.79 2054.14 1536.68 1480.36
threshold=40.550000000000004 26.100000000000005 -0.6825 0.031666666666666739 -1.4750000000000012 0.50000000000000011
decision_type=2 2 2 2 2 2
left_child=-1 -2 -3 4 -4 -6
right_child=1 2 3 -5 5 -7
leaf_value=0.9684986255533321 0.65242349721899073 -0.91924996097185441 -0.49187768056573145 0.34562976280391444 0.39974612548256561 -0.11745324758446124
leaf_weight=21 20 17 25 26 14.999999999999998 165
leaf_count=21 20 17 25 26 15 165
internal_value=0.00397545 -0.0719173 -0.130591 -0.0721573 -0.125312 -0.0741275
internal_weight=289 268 248 231 205 180
internal_count=289 268 248 231 205 180
is_linear=0
shrinkage=0.05


Tree=72
num_leaves=12
num_cat=0
split_feature=11 78 52 63 105 67 15 71 102 66 90
split_gain=9258.5 2519.03 1696.74 2463.99 3182.23 1472.04 1205.06 1084.54 1111.87 1061.08 591.29
threshold=17.150000000000002 -2.4124999999999996 5.7300000000000013 46.800000000000004 19.100000000000005 16.950000000000003 35.500000000000007 3.5000000000000004 38.850000000000001 19.100000000000005 51.20000000000001
decision_type=2 2 2 2 2 2 2 2 2 2 2
left_child=-1 -2 6 4 -4 9 -3 10 -9 -5 -8
right_child=1 2 3 5 -6 -7 7 8 -10 -11 -12
leaf_value=1.1925155491562363 0.52719564009766551 -0.50576523437917942 0.87044294357958418 -0.04065658925332833 -0.024306455537744239 0.24427372487210436 0.26665550907518693 -0.55366575747604674 -0.055386856113564913 -0.55556787222772097 -0.080608288758647534
leaf_weight=15.999999999999998 18 25 18 20 22 18 14.999999999999998 24 21 20 65
leaf_count=16 18 25 18 20 22 18 15 24 21 20 65
internal_value=0.0281957 -0.0422416 -0.0837877 0.0779316 0.379373 -0.130168 -0.189459 -0.125804 -0.321885 -0.29898 -0.0151823
internal_weight=282 266 248 98 40 58 150 125 45 40 80
internal_count=282 266 248 98 40 58 150 125 45 40 80
is_linear=0
shrinkage=0.05


Tree=73
num_leaves=8
num_cat=0
split_feature=0 123 35 117 47 23 88
split_gain=7268 3161.93 3686 1973.66 2327.47 2855.24 1512.85
threshold=252.00000000000003 0.026666666666666661 -9.6000000000000014 -3.5999999999999992 1.5000000000000002 70.950000000000003 4.3550000000000013
decision_type=2 2 2 2 2 2 2
left_child=-1 2 -2 -4 6 -6 -5
right_child=1 -3 3 4 5 -7 -8
leaf_value=0.98118576222692999 -0.85721518504693628 0.59756163334624368 0.47785249150648029 -0.54327859443436732 0.68022806858489526 -0.076378715558539603 -0.1399651127571786
leaf_weight=17 15.999999999999998 15.999999999999998 14.999999999999998 28 18 40 136
leaf_count=17 16 16 15 28 18 40 136
internal_value=-0.0183419 -0.0818688 -0.125076 -0.0752867 -0.112882 0.159111 -0.209143
internal_weight=286 269 253 237 222 58 164
internal_count=286 269 253 237 222 58 164
is_linear=0
shrinkage=0.05


Tree=74
num_leaves=12
num_cat=0
split_feature=61 43 33 30 108 43 29 12 37 81 100
split_gain=7468.95 13113.7 3586.2 1608.24 2459.03 1795.7 2387.22 1000.67 602.929 476.376 395.016
threshold=0.19500000000000003 -0.034166666666666227 -0.64500000000000035 1.5000000000000002 5.5000000000000009 -0.27499999999999941 50.500000000000007 58.350000000000001 8.8666666666666689 3.5000000000000004 0.16500000000000004
decision_type=2 2 2 2 2 2 2 2 2 2 2
left_child=2 -2 -1 8 5 7 -7 -5 10 -10 -4
right_child=1 -3 3 4 -6 6 -8 -9 9 -11 -12
leaf_value=-0.82616549528133099 1.7612399680724995 -0.21157031627615708 -0.26977936566270738 -0.68411448270279851 0.50813938181547191 0.54014041940267166 -0.071343810725132309 -0.15420025126393297 0.029145411924762624 -0.35130818659896096 -0.63601373025518393
leaf_weight=17 14.999999999999998 19 15.000000000000002 14.999999999999998 21 19 97 22 18 14.999999999999998 14.999999999999998
leaf_count=17 15 19 15 15 21 19 97 22 18 15 15
internal_value=-0.0335662 0.661253 -0.126817 -0.0763041 0.00208492 -0.0676274 0.029149 -0.37043 -0.292547 -0.144176 -0.454567
internal_weight=288 34 254 237 174 153 116 37 63 33 30
internal_count=288 34 254 237 174 153 116 37 63 33 30
is_linear=0
shrinkage=0.05


Tree=75
num_leaves=7
num_cat=0
split_feature=23 115 11 53 100 100
split_gain=8467.91 4077.33 1408.73 1007.22 923.601 1032.21
threshold=40.800000000000004 -15.991666666666662 18.950000000000006 1.0000000180025095e-35 0.13500000000000004 0.16500000000000004
decision_type=2 2 2 2 2 2
left_child=-1 -2 -3 -4 -5 -6
right_child=1 2 3 4 5 -7
leaf_value=1.0342717418354519 0.6876516257754024 -0.60156155706241432 -0.48479851662001994 -0.43932735450704641 0.09232081155557964 -0.1381638667388557
leaf_weight=18 15.999999999999998 14.999999999999998 15.999999999999998 15.999999999999998 81 121
leaf_count=18 16 15 16 16 81 121
internal_value=-0.0120626 -0.0835166 -0.133346 -0.103066 -0.074817 -0.0457171
internal_weight=283 265 249 234 218 202
internal_count=283 265 249 234 218 202
is_linear=0
shrinkage=0.05


Tree=76
num_leaves=8
num_cat=0
split_feature=37 123 12 41 9 89 37
split_gain=9638.79 3162.6 2289.3 2106.17 2556.12 894.668 967.159
threshold=-11.875000000000002 0.026666666666666661 38.400000000000013 -0.57833333333333259 6.7950000000000008 16.350000000000005 -1.4750000000000012
decision_type=2 2 2 2 2 2 2
left_child=-1 2 -2 4 -4 -5 -7
right_child=1 -3 3 5 -6 6 -8
leaf_value=1.2115232870278769 -0.65828674959886768 0.55227172556256066 -0.13043568973088157 -0.52759791809991496 0.6595243413615679 -0.40786810128225226 -0.078382153390553336
leaf_weight=14.999999999999998 19 18 22 14.999999999999998 19 26 153
leaf_count=15 19 18 22 15 19 26 153
internal_value=-0.0180643 -0.0863112 -0.131784 -0.0889328 0.236236 -0.157766 -0.126469
internal_weight=287 272 254 235 41 194 179
internal_count=287 272 254 235 41 194 179
is_linear=0
shrinkage=0.05


Tree=77
num_leaves=11
num_cat=0
split_feature=23 48 44 41 116 71 88 99 23 33
split_gain=10579.3 2586.83 1400.08 2168.89 1793.23 1306.87 793.007 810.923 1086.85 841.47
threshold=40.800000000000004 6.9150000000000009 2.5000000000000004 -0.52750000000000019 5.5000000000000009 4.5000000000000009 4.2000000000000011 48.45000000000001 70.950000000000003 0.73166666666666746
decision_type=2 2 2 2 2 2 2 2 2 2
left_child=-1 2 6 -4 5 -5 -2 9 -9 -8
right_child=1 -3 3 4 -6 -7 7 8 -10 -11
leaf_value=1.2664488514017613 -0.54192681154667943 0.54292138842811366 0.50792655250919405 0.19301714371302409 -0.52746174112398025 -0.22381002784171378 -0.58880934208137548 0.29423434202782589 -0.15752642916115667 -0.15323478980982019
leaf_weight=15.999999999999998 14.999999999999998 17 20 50 17 30 18 17 60 29
leaf_count=16 15 17 20 50 17 30 18 17 60 29
internal_value=0.0209318 -0.0524842 -0.092239 0.0351683 -0.0626789 0.0365603 -0.199465 -0.157595 -0.0574699 -0.321053
internal_weight=289 273 256 117 97 80 139 124 77 47
internal_count=289 273 256 117 97 80 139 124 77 47
is_linear=0
shrinkage=0.05


Tree=78
num_leaves=8
num_cat=0
split_feature=62 33 11 23 44 103 69
split_gain=7473.1 4113.1 2098.24 1738.47 979.785 1831.26 1504.63
threshold=40.550000000000004 -0.64500000000000035 20.900000000000002 53.100000000000001 2.5000000000000004 20.400000000000002 4.5000000000000009
decision_type=2 2 2 2 2 2 2
left_child=-1 -2 -3 -4 6 -6 -5
right_child=1 2 3 4 5 -7 -8
leaf_value=0.81996981390284296 -0.76953885091989527 0.50997658979078253 -0.58154768462506878 -0.21020369447332934 0.58438850285991151 -0.019049667760471848 0.2969606134278035
leaf_weight=24 21 15.999999999999998 15.999999999999998 101 14.999999999999998 75 17
leaf_count=24 21 16 16 101 15 75 17
internal_value=-0.0224596 -0.100228 -0.0413462 -0.0809587 -0.0421669 0.0820048 -0.136906
internal_weight=285 261 240 224 208 90 118
internal_count=285 261 240 224 208 90 118
is_linear=0
shrinkage=0.05


Tree=79
num_leaves=13
num_cat=0
split_feature=25 52 27 75 114 60 11 89 104 98 80 29
split_gain=7410.53 1777.99 5164.49 1995 1610.86 1404.46 1579.41 1120.14 865.618 794.772 641.495 640.172
threshold=17.100000000000005 5.7300000000000013 11.750000000000002 3.5000000000000004 3.5000000000000004 56.400000000000013 38.70000000000001 41.500000000000007 47.350000000000001 38.250000000000007 -0.10750000000000036 54.500000000000007
decision_type=2 2 2 2 2 2 2 2 2 2 2 2
left_child=-1 3 -3 4 -2 6 -4 11 9 -6 -8 -5
right_child=1 2 5 7 8 -7 10 -9 -10 -11 -12 -13
leaf_value=0.87775955280184226 0.46598125157125347 0.9287758819249845 0.52434765333371458 -0.65431598702040095 -0.080994106741892807 -0.37052080571898782 0.16628102389071628 -0.054185477675984819 0.2274680205013441 -0.4994991945509879 -0.20415818422933751 -0.28845588780636161
leaf_weight=23 14.999999999999998 15.999999999999998 14.999999999999998 27 46 24 18.999999999999996 21 15.999999999999998 14.999999999999998 30.000000000000004 22
leaf_count=23 15 16 15 27 46 24 19 21 16 15 30 22
internal_value=0.0187152 -0.0558462 0.105401 -0.159395 -0.00621839 -0.0451316 0.077199 -0.360345 -0.0987553 -0.184636 -0.0603705 -0.491076
internal_weight=289 266 104 162 92 88 64 70 77 61 49 49
internal_count=289 266 104 162 92 88 64 70 77 61 49 49
is_linear=0
shrinkage=0.05


Tree=80
num_leaves=9
num_cat=0
split_feature=80 44 13 15 52 31 109 24
split_gain=3242.14 5540.45 1703.13 2424.33 776.431 724.607 1180.28 704.106
threshold=-0.58499999999999985 2.5000000000000004 2.5750000000000006 34.000000000000007 3.9550000000000005 -0.017500000000000512 0.026666666666665954 42.45000000000001
decision_type=2 2 2 2 2 2 2 2
left_child=1 -1 -2 -4 -5 7 -7 -6
right_child=2 -3 3 4 5 6 -8 -9
leaf_value=-0.16379100418452064 -0.53695561684551041 0.94404226492972387 0.43969601068919872 -0.34044630261221293 -0.48166779012277428 -0.058986282713302585 0.38370198265342187 -0.097200483672203408
leaf_weight=23 19 22 23 29 14.999999999999998 71 19 57
leaf_count=23 19 22 23 29 15 71 19 57
internal_value=-0.00943779 0.378598 -0.084532 -0.0441082 -0.102593 -0.0597998 0.0347368 -0.177924
internal_weight=278 45 233 214 191 162 90 72
internal_count=278 45 233 214 191 162 90 72
is_linear=0
shrinkage=0.05


Tree=81
num_leaves=7
num_cat=0
split_feature=37 63 24 27 23 1
split_gain=9096.73 2486.61 1791.01 1843.21 1315.79 898.446
threshold=-11.224999999999996 17.150000000000002 26.450000000000006 7.5500000000000007 54.750000000000007 1.5000000000000002
decision_type=2 2 2 2 2 2
left_child=-1 -2 -3 -4 -5 -6
right_child=1 2 3 4 5 -7
leaf_value=1.2011270663990881 0.44868816191254696 -0.54545610795653832 0.35958710705047048 -0.54548448202032485 0.095616368737964197 -0.14393546266038712
leaf_weight=14.999999999999998 22 21 23 15.999999999999998 55 135
leaf_count=15 22 21 23 16 55 135
internal_value=0.00658602 -0.0596882 -0.104607 -0.0639374 -0.1114 -0.0745514
internal_weight=287 272 250 229 206 190
internal_count=287 272 250 229 206 190
is_linear=0
shrinkage=0.05


Tree=82
num_leaves=9
num_cat=0
split_feature=62 33 123 108 70 23 70 23
split_gain=7643.91 3103.82 1678.73 1044.71 1664.64 1338.05 1224.67 561.285
threshold=40.550000000000004 -0.64500000000000035 0.026666666666666661 4.5000000000000009 -0.033333333333333652 53.100000000000001 0.0041666666666664307 76.550000000000011
decision_type=2 2 2 2 2 2 2 2
left_child=-1 -2 3 5 -5 -3 -6 -7
right_child=1 2 -4 4 6 7 -8 -9
leaf_value=0.94043171469177766 -0.68519222524153622 -0.57783600162986104 0.45453810355685953 0.53137254329801298 -0.2254330606289742 0.044108568156713039 0.28887315356270382 -0.16093622961612986
leaf_weight=20 19 14.999999999999998 17 17 32 54 18 87
leaf_count=20 19 15 17 17 32 54 18 87
internal_value=0.00111138 -0.0717387 -0.0228876 -0.0594932 0.105494 -0.130407 -0.039976 -0.0823974
internal_weight=279 259 240 223 67 156 50 141
internal_count=279 259 240 223 67 156 50 141
is_linear=0
shrinkage=0.05


Tree=83
num_leaves=8
num_cat=0
split_feature=32 14 63 41 13 24 90
split_gain=8815.26 2409.51 2615.58 1483.92 2391.92 1370.73 1668.82
threshold=1.5000000000000002 6.4500000000000011 17.150000000000002 -0.57833333333333259 5.8050000000000006 26.450000000000006 36.250000000000007
decision_type=2 2 2 2 2 2 2
left_child=-1 -2 -3 4 -4 -5 -7
right_child=1 2 3 5 -6 6 -8
leaf_value=1.1447430180651801 -0.57252359325286895 0.53088100973553765 0.71042388695360026 -0.52218651578844522 -0.099003458487523066 0.35269770699353953 -0.13168604659674463
leaf_weight=15.999999999999998 21 20 14.999999999999998 19 23 20 154
leaf_count=16 21 20 15 19 23 20 154
internal_value=0.00791005 -0.0593402 -0.0161738 -0.0637687 0.221402 -0.120028 -0.0758104
internal_weight=288 272 251 231 38 193 174
internal_count=288 272 251 231 38 193 174
is_linear=0
shrinkage=0.05


Tree=84
num_leaves=9
num_cat=0
split_feature=10 78 23 93 109 122 98 52
split_gain=7591 2573.64 1628.64 858.888 946.672 1725.36 721.411 291.763
threshold=4.0200000000000005 -2.4124999999999996 53.100000000000001 70.200000000000017 0.02166666666666606 2.5000000000000004 36.350000000000001 5.1150000000000011
decision_type=2 2 2 2 2 2 2 2
left_child=-1 -2 -3 4 6 -6 -4 -5
right_child=1 2 3 7 5 -7 -8 -9
leaf_value=1.0460528550789367 0.53381510044329727 -0.4836061471597457 0.002797878392114336 -0.13543510629523611 0.48963472703433136 -0.06657962207527679 -0.24953565724067156 -0.44368727878229514
leaf_weight=17 18 23 91 16.000000000000004 24 33 41 14.999999999999998
leaf_count=17 18 23 91 16 24 33 41 15
internal_value=0.0254709 -0.0413598 -0.084188 -0.0422072 -0.00211326 0.167976 -0.0756702 -0.285697
internal_weight=278 261 243 220 189 57 132 31
internal_count=278 261 243 220 189 57 132 31
is_linear=0
shrinkage=0.05


Tree=85
num_leaves=8
num_cat=0
split_feature=25 123 33 117 89 62 109
split_gain=9173.74 2068.71 1912.19 1598.79 1100.83 1117.75 969.69
threshold=17.100000000000005 0.026666666666666661 -0.59499999999999986 -3.5999999999999992 28.050000000000004 88.450000000000017 -0.0033333333333334099
decision_type=2 2 2 2 2 2 2
left_child=-1 2 -2 -4 6 -6 -5
right_child=1 -3 3 4 5 -7 -8
leaf_value=1.0368789929349276 -0.62767366643575651 0.52039484416214843 0.45056512683432626 -0.5247070645357107 -0.065010763471175903 0.3516840346363368 -0.082793603128172813
leaf_weight=21 14.999999999999998 14.999999999999998 14.999999999999998 23 145 18 27
leaf_count=21 15 15 15 23 145 18 27
internal_value=0.0344849 -0.047456 -0.0827288 -0.0465957 -0.0818255 -0.0187773 -0.286815
internal_weight=279 258 243 228 213 163 50
internal_count=279 258 243 228 213 163 50
is_linear=0
shrinkage=0.05


Tree=86
num_leaves=12
num_cat=0
split_feature=35 0 0 11 54 75 15 31 17 51 31
split_gain=8642.94 1591.24 5088.48 2461.3 1095.38 1030.92 741.611 474.573 656.552 403.793 191.564
threshold=-10.391666666666666 2814.0000000000005 3055.5000000000005 25.650000000000002 54.650000000000006 3.5000000000000004 36.050000000000004 -0.054999999999999265 25.950000000000003 36.850000000000001 -0.079999999999999169
decision_type=2 2 2 2 2 2 2 2 2 2 2
left_child=-1 3 -3 -2 5 9 -5 10 -9 -4 -8
right_child=1 2 4 6 -6 -7 7 8 -10 -11 -12
leaf_value=1.1629731918407591 -0.67511662476098355 0.72779690639977623 -0.24214846717798155 0.22328767634013247 0.17723438473039377 -0.51661929835134479 -0.17295423858607839 -0.29791516566870313 -0.011904879750408036 0.11774371173811254 -0.42796558583809052
leaf_weight=14.999999999999998 20 24 15.000000000000002 17 23 20 15.000000000000002 26 87 15.999999999999998 14.999999999999998
leaf_count=15 20 24 15 17 23 20 15 26 87 16 15
internal_value=-0.00202291 -0.065296 0.0967299 -0.153543 -0.108579 -0.237668 -0.0879336 -0.125097 -0.077962 -0.0564556 -0.301624
internal_weight=293 278 98 180 74 51 160 143 113 31 30
internal_count=293 278 98 180 74 51 160 143 113 31 30
is_linear=0
shrinkage=0.05


Tree=87
num_leaves=12
num_cat=0
split_feature=32 25 31 37 15 15 31 23 35 113 10
split_gain=7261.71 2001.54 2244.96 1740.68 3662.54 1058.98 803.526 2144.02 426.765 405.601 261.683
threshold=1.5000000000000002 23.300000000000004 -0.024166666666666444 0.75833333333333297 46.550000000000004 52.100000000000009 -0.011666666666665824 78.15000000000002 2.9916666666666676 -3.9749999999999956 5.6450000000000005
decision_type=2 2 2 2 2 2 2 2 2 2 2
left_child=-1 2 -2 4 -3 8 9 -8 -5 -7 -10
right_child=1 3 -4 5 -6 6 7 -9 10 -11 -12
leaf_value=1.0135994533944572 -0.83781065411037847 0.83227262064727414 -0.093672781933351337 -0.50606792148029967 -0.13330456671260651 -0.3386655045477725 0.57417625133668515 -0.062461763993664335 -0.037230689222027796 -0.059738551238413318 -0.31543170671436671
leaf_weight=15.999999999999998 17 17 25 14.999999999999998 23 18 18 49 15.999999999999998 47 18
leaf_count=16 17 17 25 15 23 18 18 49 16 47 18
internal_value=-0.0171961 -0.0802865 -0.396265 -0.0200617 0.277993 -0.0860749 -0.0122847 0.109102 -0.284325 -0.137458 -0.185153
internal_weight=279 263 42 221 40 181 132 67 49 65 34
internal_count=279 263 42 221 40 181 132 67 49 65 34
is_linear=0
shrinkage=0.05


Tree=88
num_leaves=12
num_cat=0
split_feature=105 30 45 12 117 108 95 35 54 123 105
split_gain=6858.04 3169.03 3592.26 2483.92 2448.24 3722.24 1644.93 1364.2 1363.1 335.708 130.946
threshold=36.900000000000006 1.5000000000000002 0.016666666666666653 43.800000000000004 -0.084166666666667375 4.5000000000000009 33.650000000000013 -6.7416666666666663 40.250000000000007 0.0041666666666666666 18.750000000000004
decision_type=2 2 2 2 2 2 2 2 2 2 2
left_child=1 3 4 -1 5 6 -3 -6 -9 10 -5
right_child=-2 2 -4 9 7 -7 -8 8 -10 -11 -12
leaf_value=-0.87646000804434032 0.80806063636828263 0.2956820787617524 0.66805333121869692 -0.021947086090442696 -0.58529929658125723 0.9004353254046662 -0.31435770290604542 -0.33890325954821554 0.046524918571226113 -0.3640335998610052 -0.20327391337349776
leaf_weight=17 24 22 20 21 17 14.999999999999998 22 37 60 19 19
leaf_count=17 24 22 20 21 17 15 22 37 60 19 19
internal_value=0 -0.072353 0.0353492 -0.345613 -0.0381106 0.223077 -0.00924561 -0.173407 -0.10064 -0.191348 -0.108494
internal_weight=293 269 193 76 173 59 44 114 97 59 40
internal_count=293 269 193 76 173 59 44 114 97 59 40
is_linear=0
shrinkage=0.05


Tree=89
num_leaves=9
num_cat=0
split_feature=23 111 11 4 54 49 68 105
split_gain=7912.04 2538.83 2136.56 888.328 1156.32 931.366 740.999 658.839
threshold=40.800000000000004 -1.2008333333333334 18.950000000000006 7.5000000000000009 64.600000000000009 6.0300000000000002 53.500000000000007 30.200000000000003
decision_type=2 2 2 2 2 2 2 2
left_child=-1 -2 -3 5 6 7 -5 -4
right_child=1 2 3 4 -6 -7 -8 -9
leaf_value=1.0547723976492183 0.57471028826884096 -0.66946389548825902 -0.13760503865230853 -0.21459191841045488 0.34681503104176581 -0.48365372278675534 0.18354574312402316 0.12560190209914679
leaf_weight=17 14.999999999999998 14.999999999999998 113 30 27 15.999999999999998 19 30
leaf_count=17 15 15 113 30 27 16 19 30
internal_value=0.012342 -0.0548847 -0.092895 -0.0558024 0.0846937 -0.123 -0.0600508 -0.0823027
internal_weight=282 265 250 235 76 159 49 143
internal_count=282 265 250 235 76 159 49 143
is_linear=0
shrinkage=0.05


Tree=90
num_leaves=8
num_cat=0
split_feature=0 78 23 50 54 23 64
split_gain=6146.32 2171.54 2192.68 914.92 1269.97 1627.59 660.299
threshold=252.00000000000003 -2.4124999999999996 42.45000000000001 52.000000000000007 62.850000000000009 78.15000000000002 37.800000000000004
decision_type=2 2 2 2 2 2 2
left_child=-1 -2 -3 4 6 -6 -4
right_child=1 2 3 -5 5 -7 -8
leaf_value=0.94716149973943353 0.48615331754349828 -0.64275359312693281 -0.16003111037880746 -0.41962124606166384 0.5424997504670821 -0.066995775461567875 0.047037562478506829
leaf_weight=15.999999999999998 17 17 114 15.999999999999998 20 24 58
leaf_count=16 17 17 114 16 20 24 58
internal_value=-0.00147638 -0.0588906 -0.0963027 -0.0559798 -0.0288386 0.210536 -0.0901898
internal_weight=282 266 249 232 216 44 172
internal_count=282 266 249 232 216 44 172
is_linear=0
shrinkage=0.05


Tree=91
num_leaves=7
num_cat=0
split_feature=62 33 11 23 92 16
split_gain=4958.39 2931.4 1265.03 1739.3 1265.24 794.812
threshold=40.550000000000004 -0.59499999999999986 20.900000000000002 53.100000000000001 1.0000000180025095e-35 4.2400000000000011
decision_type=2 2 2 2 2 2
left_child=-1 -2 -3 -4 -5 -6
right_child=1 2 3 4 5 -7
leaf_value=0.65389102760004802 -0.63292612808322468 0.39719288512046291 -0.57981264594177551 0.2945133564656951 -0.35287653056744539 -0.03227310234254141
leaf_weight=25 22 15.999999999999998 14.999999999999998 27 22 155
leaf_count=25 22 16 15 27 22 155
internal_value=-0.016867 -0.0823643 -0.0305537 -0.0619945 -0.0236297 -0.0723271
internal_weight=282 257 235 219 204 177
internal_count=282 257 235 219 204 177
is_linear=0
shrinkage=0.05


Tree=92
num_leaves=8
num_cat=0
split_feature=25 33 35 105 105 9 18
split_gain=6555.98 2798.87 1934.55 1204.08 1246.46 591.524 420.817
threshold=12.900000000000002 -0.6825 -4.041666666666667 5.8500000000000005 9.7500000000000018 6.8450000000000006 52.45000000000001
decision_type=2 2 2 2 2 2 2
left_child=-1 -2 -3 6 -5 -6 -4
right_child=1 2 3 4 5 -7 -8
leaf_value=0.96670071182020922 -0.70417848770192137 0.39583936882414944 -0.42507728226631286 0.39643784806296972 -0.09164825447236169 0.1257296043790315 -0.089140623886853662
leaf_weight=17 14.999999999999998 27 25 18 131 41 14.999999999999998
leaf_count=17 15 27 25 18 131 41 15
internal_value=0.0170605 -0.0426071 -0.00371564 -0.0507933 0.00172502 -0.0397594 -0.299762
internal_weight=289 272 257 230 190 172 40
internal_count=289 272 257 230 190 172 40
is_linear=0
shrinkage=0.05


Tree=93
num_leaves=8
num_cat=0
split_feature=62 101 33 70 37 37 109
split_gain=5935.02 3061.85 3014.34 1359.37 948.925 986.982 360.304
threshold=40.550000000000004 26.100000000000005 -0.6825 0.036666666666666632 -1.4750000000000012 0.50000000000000011 0.019166666666666114
decision_type=2 2 2 2 2 2 2
left_child=-1 -2 -3 4 6 -6 -4
right_child=1 2 3 -5 5 -7 -8
leaf_value=0.82632932280900906 0.54912236650191726 -0.73307820081013686 -0.49006616745078779 0.34784187419497553 0.34924637884493698 -0.073051924739306009 -0.15224977881703158
leaf_weight=21 20 17 17 20 14.999999999999998 165 14.999999999999998
leaf_count=21 20 17 17 20 15 165 15
internal_value=0.0188126 -0.0444928 -0.0923941 -0.0451303 -0.0823732 -0.0376583 -0.332838
internal_weight=290 269 249 232 212 180 32
internal_count=290 269 249 232 212 180 32
is_linear=0
shrinkage=0.05


Tree=94
num_leaves=11
num_cat=0
split_feature=35 4 10 115 0 31 29 100 0 108
split_gain=7412.3 1340.73 1599.69 1069.14 970.583 864.503 979.88 958.161 617.626 460.946
threshold=-7.3333333333333277 2.5000000000000004 4.9250000000000007 9.8666666666666618 1881.0000000000002 0.018333333333333982 53.500000000000007 0.18500000000000003 3039.5000000000005 3.5000000000000004
decision_type=2 2 2 2 2 2 2 2 2 2
left_child=-1 4 -3 5 -2 7 -7 -4 -6 -5
right_child=1 2 3 9 8 6 -8 -9 -10 -11
leaf_value=0.75264725881753503 -0.55856007167656496 0.4092109136868522 0.012592780296518766 -0.11106257255006979 0.094989069111598934 -0.015832000526877523 0.52343748350017127 -0.37718950343962332 -0.30851060992582535 -0.40385238599733236
leaf_weight=29 22 19 73 27 15.999999999999998 19 14.999999999999998 20 23 27
leaf_count=29 22 19 73 27 16 19 15 20 23 27
internal_value=-0.00426454 -0.088641 -0.0259757 -0.0718866 -0.293641 0.00736065 0.222772 -0.0714928 -0.143025 -0.258026
internal_weight=290 261 200 181 61 127 34 93 39 54
internal_count=290 261 200 181 61 127 34 93 39 54
is_linear=0
shrinkage=0.05


Tree=95
num_leaves=11
num_cat=0
split_feature=0 33 52 27 71 80 74 106 70 11
split_gain=7547.48 2748.7 1320.52 3370.51 1131.92 973.122 951.547 928.4 839.496 704.039
threshold=252.00000000000003 -0.59499999999999986 5.7750000000000012 11.750000000000002 4.5000000000000009 -0.10750000000000036 3.3833333333333324 6.0500000000000016 -0.008333333333333302 30.850000000000005
decision_type=2 2 2 2 2 2 2 2 2 2
left_child=-1 -2 4 -4 6 -5 9 -7 -6 -3
right_child=1 2 3 5 8 7 -8 -9 -10 -11
leaf_value=1.0911047354833969 -0.56706849904846846 -0.30126312923027698 0.80142405136771822 0.29847677762235575 -0.13277782115414455 0.19361000284116869 0.33170233490871409 -0.25364165828147922 -0.58487303483555886 0.0035997062747580538
leaf_weight=14.999999999999998 24 25 15.999999999999998 20 26 17 17 36 17 77
leaf_count=15 24 25 16 20 26 17 17 36 17 77
internal_value=0.00271293 -0.0570108 -0.00801398 0.146595 -0.0930221 0.00210192 -0.0134514 -0.109995 -0.312571 -0.0712945
internal_weight=290 275 251 89 162 73 119 53 43 102
internal_count=290 275 251 89 162 73 119 53 43 102
is_linear=0
shrinkage=0.05


Tree=96
num_leaves=10
num_cat=0
split_feature=35 78 4 27 102 31 51 4 68
split_gain=7210.16 1545.63 915.291 1439.28 957.153 703.353 543.187 508.271 394.815
threshold=-10.391666666666666 -2.4124999999999996 6.5000000000000009 12.250000000000002 18.450000000000003 0.018333333333333982 58.750000000000007 10.500000000000002 56.500000000000007
decision_type=2 2 2 2 2 2 2 2 2
left_child=-1 -2 4 -4 -3 7 8 -5 -6
right_child=1 2 3 5 6 -7 -8 -9 -10
leaf_value=1.0720295841725456 0.3709699773076755 -0.54880008997506657 0.47367760461835284 -0.19739357711115724 -0.033151460883868965 0.17320553591881677 -0.3867505120255097 0.12013376705950091 -0.28058008269884099
leaf_weight=14.999999999999998 20 14.999999999999998 14.999999999999998 58 82 26 17 15.999999999999998 20
leaf_count=15 20 15 15 58 82 26 17 16 20
internal_value=0.0088568 -0.0507857 -0.084817 0.0186254 -0.173577 -0.0499875 -0.125817 -0.128602 -0.0819431
internal_weight=284 269 249 115 134 100 119 74 102
internal_count=284 269 249 115 134 100 119 74 102
is_linear=0
shrinkage=0.05


Tree=97
num_leaves=9
num_cat=0
split_feature=23 114 25 84 70 23 80 14
split_gain=9503.46 2285.94 2060.15 730.365 880.484 1584.54 1048.94 543.631
threshold=40.800000000000004 1.5000000000000002 14.650000000000002 0.013333333333333352 -0.048333333333333332 76.450000000000017 -0.49583333333333396 36.95000000000001
decision_type=2 2 2 2 2 2 2 2
left_child=-1 -2 -3 4 5 -4 -6 -5
right_child=1 2 3 7 6 -7 -8 -9
leaf_value=1.1871529318531107 0.47777912620022811 -0.65125950363852225 0.56551786116931746 -0.4956207414336552 0.20606973795776826 -0.045643039187865622 -0.15065663809516669 -0.117424319319113
leaf_weight=15.999999999999998 18 15.999999999999998 15.999999999999998 14.999999999999998 25 31 115 26
leaf_count=16 18 16 16 15 25 31 115 26
internal_value=0.00803362 -0.0643801 -0.104575 -0.0659208 -0.0239331 0.163065 -0.0868182 -0.25678
internal_weight=278 262 244 228 187 47 140 41
internal_count=278 262 244 228 187 47 140 41
is_linear=0
shrinkage=0.05


Tree=98
num_leaves=10
num_cat=0
split_feature=39 12 63 84 23 23 63 84 21
split_gain=6597.09 1854.33 1569.07 826.378 1369.22 1310.26 1115.8 860.186 534.96
threshold=-1.4258333333333326 37.95000000000001 17.150000000000002 1.0000000180025095e-35 83.050000000000011 57.70000000000001 31.700000000000006 -0.019999999999999987 53.20000000000001
decision_type=2 2 2 2 2 2 2 2 2
left_child=-1 -2 -3 5 6 -4 -5 -7 -6
right_child=1 2 3 4 8 7 -8 -9 -10
leaf_value=0.80698813638266387 -0.58097417486306713 0.37872788870697405 -0.61516104597129573 -0.14883255245377175 -0.41094916144590726 0.10486530530778543 0.30405389840256714 -0.20497936675855954 -0.0248580732976484
leaf_weight=22 18 19 14.999999999999998 20 19 31 42 80 17
leaf_count=22 18 19 15 20 19 31 42 80 17
internal_value=-0.0224798 -0.0926981 -0.0562848 -0.093358 0.0154937 -0.178005 0.157877 -0.118385 -0.229341
internal_weight=283 261 243 224 98 126 62 111 36
internal_count=283 261 243 224 98 126 62 111 36
is_linear=0
shrinkage=0.05


Tree=99
num_leaves=9
num_cat=0
split_feature=23 48 33 44 108 123 88 109
split_gain=5686.35 2219.61 2420.77 996.82 1450.55 1203.8 655.665 363.237
threshold=40.800000000000004 6.9150000000000009 -0.64500000000000035 2.5000000000000004 5.5000000000000009 0.014166666666666676 4.3550000000000013 -0.026666666666666835
decision_type=2 2 2 2 2 2 2 2
left_child=-1 2 -2 6 5 -5 -4 -8
right_child=1 -3 3 4 -6 -7 7 -9
leaf_value=0.84898669258665638 -0.62800971139129713 0.52256259195913646 -0.41826319509619819 -0.11209516180054779 0.49627378516315668 0.35578650186459226 0.062474058893905282 -0.15017411581312234
leaf_weight=18 20 14.999999999999998 19 70 15.999999999999998 17 26 87
leaf_count=18 20 15 19 70 16 17 26 87
internal_value=-0.00894819 -0.0664555 -0.101314 -0.05622 0.0602918 -0.0203091 -0.147149 -0.10119
internal_weight=288 270 255 235 103 87 132 113
internal_count=288 270 255 235 103 87 132 113
is_linear=0
shrinkage=0.05


Tree=100
num_leaves=11
num_cat=0
split_feature=34 13 114 35 84 111 48 53 11 47
split_gain=6308.72 1691.1 1446.32 5483.44 1093.59 1498.55 959.136 544.575 605.556 319.532
threshold=1.5000000000000002 2.5750000000000006 4.5000000000000009 -1.1666666666666659 0.0025000000000000027 -0.32749999999999962 6.8350000000000009 1.0000000180025095e-35 29.450000000000003 1.5000000000000002
decision_type=2 2 2 2 2 2 2 2 2 2
left_child=-1 -2 3 -3 6 -6 -5 -4 -9 -10
right_child=1 2 7 4 5 -7 -8 8 9 -11
leaf_value=0.93147523960871992 -0.48855300994845924 0.95341606584394933 -0.43478192288354534 -0.047746486112524168 0.57469667827846205 -0.039280302223471023 -0.47168312172094978 -0.32948469836187561 -0.11049756700220409 0.11355354277602521
leaf_weight=17 21 15.999999999999998 14.999999999999998 61 14.999999999999998 29 17 24 51 23
leaf_count=17 21 16 15 61 15 29 17 24 51 23
internal_value=-6.08751e-05 -0.0586212 -0.0224506 0.0861098 -0.028282 0.170745 -0.140693 -0.155032 -0.111763 -0.0407333
internal_weight=289 272 251 138 122 44 78 113 98 74
internal_count=289 272 251 138 122 44 78 113 98 74
is_linear=0
shrinkage=0.05


Tree=101
num_leaves=10
num_cat=0
split_feature=0 33 4 101 70 63 13 6 68
split_gain=6691.31 2826.61 1031.99 2890.53 960.232 802.779 775.065 374.527 325.019
threshold=252.00000000000003 -0.64500000000000035 2.5000000000000004 46.400000000000013 -0.0083333333333324138 50.600000000000009 6.8350000000000009 2.5000000000000004 53.500000000000007
decision_type=2 2 2 2 2 2 2 2 2
left_child=-1 -2 4 -4 8 6 -5 -7 -3
right_child=1 2 3 5 -6 7 -8 -9 -10
leaf_value=0.99104846192906226 -0.67695559060386334 0.11009562556317308 0.64978104985278584 0.074393089131215548 -0.48282269743549366 -0.43395430725931333 -0.22549300125604188 -0.12923072754731851 -0.21277971045571087
leaf_weight=14.999999999999998 19 15.000000000000002 15.999999999999998 105 23 14.999999999999998 27 31 15.999999999999998
leaf_count=15 19 15 16 105 23 15 27 31 16
internal_value=-0.032928 -0.090823 -0.0456428 0.00817899 -0.238753 -0.0497975 0.0128906 -0.229431 -0.0565373
internal_weight=282 267 248 194 54 178 132 46 31
internal_count=282 267 248 194 54 178 132 46 31
is_linear=0
shrinkage=0.05


Tree=102
num_leaves=13
num_cat=0
split_feature=121 102 33 41 21 34 23 105 68 16 13 67
split_gain=2219.76 3444.05 2417.33 1707.85 1077.17 1017.38 1099.73 687.791 589.5 475.384 399.261 217.563
threshold=0.0091666666666667691 21.950000000000003 -0.2883333333333335 -0.57833333333333259 57.500000000000007 3.5000000000000004 70.15000000000002 5.8500000000000005 53.500000000000007 4.4250000000000007 5.2000000000000011 5.4000000000000012
decision_type=2 2 2 2 2 2 2 2 2 2 2 2
left_child=2 -2 -1 -3 7 8 -7 -4 -5 -9 -11 -8
right_child=1 3 4 5 -6 6 11 9 -10 10 -12 -13
leaf_value=-0.71815316393889106 0.67299387929666088 0.41514966587225594 -0.43601397234409012 -0.52978038975726005 0.18604139856908514 0.3714320613278283 0.063944846470624414 -0.36559185294915514 -0.11732082847525312 -0.27538872013180893 0.00761750865923731 -0.16401459634129256
leaf_weight=18 22 20 20 15.999999999999998 26 17 14.999999999999998 14.999999999999998 19 15.999999999999998 55 34
leaf_count=18 22 20 20 16 26 17 15 15 19 16 55 34
internal_value=-0.0418618 0.0990324 -0.176191 -0.00575249 -0.101761 -0.0894771 0.0260841 -0.17251 -0.306988 -0.110737 -0.0563858 -0.0941412
internal_weight=293 143 150 121 132 101 66 106 35 86 71 49
internal_count=293 143 150 121 132 101 66 106 35 86 71 49
is_linear=0
shrinkage=0.05


Tree=103
num_leaves=7
num_cat=0
split_feature=84 61 37 10 23 51
split_gain=5529.81 2583.41 2359.74 1129.31 1287.39 636.071
threshold=0.025833333333333323 0.19500000000000003 -8.0333333333333332 4.4000000000000012 54.750000000000007 61.400000000000013
decision_type=2 2 2 2 2 2
left_child=1 2 -1 -4 -5 -6
right_child=-2 -3 3 4 5 -7
leaf_value=-0.59518362905176891 0.90433424552034869 0.54611733405910734 0.36096003742321681 -0.50331459831191883 -0.092899152569817581 0.1045970799557453
leaf_weight=21 15.999999999999998 17 15.999999999999998 15.999999999999998 149 56
leaf_count=21 16 17 16 16 149 56
internal_value=0.00365763 -0.0490369 -0.0884682 -0.0433162 -0.0727577 -0.0388999
internal_weight=291 275 258 237 221 205
internal_count=291 275 258 237 221 205
is_linear=0
shrinkage=0.05


Tree=104
num_leaves=14
num_cat=0
split_feature=37 121 97 39 66 38 39 57 18 121 114 31 23
split_gain=5553.15 1294.12 1625.73 1787.92 1652.71 1547.44 1223.43 920.751 827.971 822.07 522.932 473.019 291.989
threshold=-11.875000000000002 -0.0024999999999995022 5.4450000000000012 0.52583333333333393 20.400000000000002 4.5000000000000009 -0.37916666666666682 36.500000000000007 52.45000000000001 0.037499999999999208 2.5000000000000004 -0.0016666666666664829 70.950000000000003
decision_type=2 2 2 2 2 2 2 2 2 2 2 2 2
left_child=-1 6 3 -3 8 -6 -2 -8 11 -5 -9 -4 -12
right_child=1 2 4 9 5 -7 7 10 -10 -11 12 -13 -14
leaf_value=0.91857390597166599 -0.57425904664379812 0.71429652131551158 -0.26209455188656355 0.36676727110297969 0.56100974777676416 -0.15500419313544467 0.16164141988857483 -0.41720897914165289 -0.48543615444398025 -0.10009891681848056 -0.29506519622515637 0.11237055821134555 -0.066073305949196942
leaf_weight=14.999999999999998 17 14.999999999999998 19 14.999999999999998 15 15 23 20 23 25 19 14.999999999999998 52
leaf_count=15 17 15 19 15 15 15 23 20 23 25 19 15 52
internal_value=-0.014804 -0.0664244 0.0381033 0.250664 -0.0963502 0.203511 -0.17971 -0.120378 -0.25434 0.0753293 -0.191812 -0.0968977 -0.127752
internal_weight=288 273 142 55 87 30 131 114 57 40 91 34 71
internal_count=288 273 142 55 87 30 131 114 57 40 91 34 71
is_linear=0
shrinkage=0.05


Tree=105
num_leaves=11
num_cat=0
split_feature=25 0 54 11 15 37 35 45 63 25
split_gain=4669.57 1408.21 3975.23 2193.42 1637.75 866.28 542.821 435.591 524.44 296.294
threshold=17.100000000000005 2814.0000000000005 61.000000000000007 25.650000000000002 34.000000000000007 -1.4750000000000012 17.19166666666667 -0.0066666666666666949 41.000000000000007 37.150000000000006
decision_type=2 2 2 2 2 2 2 2 2 2
left_child=-1 3 7 -2 -5 -6 -7 9 -9 -3
right_child=1 2 -4 4 5 6 -8 8 -10 -11
leaf_value=0.68210085984087576 -0.61474970604353285 -0.020246663985785493 0.73880988180044271 0.40186215011697063 -0.42014468493616547 -0.010471548156589121 -0.25301446955035323 -0.13215057737385197 0.28454068723005177 -0.3090881474575593
leaf_weight=24 20 15.999999999999998 20 17 20 99 30 15.000000000000002 14.999999999999998 20
leaf_count=24 20 16 20 17 20 99 30 15 15 20
internal_value=0.0150225 -0.044048 0.123142 -0.121402 -0.0615986 -0.114744 -0.0670679 -0.0641838 0.0762821 -0.181264
internal_weight=296 272 86 186 166 149 129 66 30 36
internal_count=296 272 86 186 166 149 129 66 30 36
is_linear=0
shrinkage=0.05


Tree=106
num_leaves=8
num_cat=0
split_feature=0 33 32 117 1 28 31
split_gain=4487.02 2356.54 2621.91 848.968 621.744 951.662 544.771
threshold=252.00000000000003 -0.64500000000000035 2.5000000000000004 -3.2891666666666661 3.5000000000000004 12.900000000000002 -0.027499999999999854
decision_type=2 2 2 2 2 2 2
left_child=-1 -2 -3 -4 5 -5 -6
right_child=1 2 3 4 6 -7 -8
leaf_value=0.82850575556296002 -0.5136396420982493 0.54752209096158289 0.31513456276484897 -0.21834431643504756 0.33404557710478766 0.02242017504655109 -0.022348250917556503
leaf_weight=15.999999999999998 23 21 15.999999999999998 89 15.999999999999998 76 32
leaf_count=16 23 21 16 89 16 76 32
internal_value=0.0173563 -0.0304513 0.0141697 -0.0349362 -0.0613916 -0.10747 0.0967932
internal_weight=289 273 250 229 213 165 48
internal_count=289 273 250 229 213 165 48
is_linear=0
shrinkage=0.05


Tree=107
num_leaves=9
num_cat=0
split_feature=11 31 23 93 40 102 19 82
split_gain=3814.66 1294.12 1023.28 1157.88 898.11 1315.37 574.204 487.062
threshold=17.150000000000002 0.050833333333333737 46.150000000000013 69.000000000000014 1.5000000000000002 43.900000000000006 5.0850000000000009 0.04916666666666681
decision_type=2 2 2 2 2 2 2 2
left_child=-1 2 -2 4 5 -4 -6 -5
right_child=1 -3 3 7 6 -7 -8 -9
leaf_value=-0.83805728836089166 -0.45167649444083724 0.32087301741358387 0.52601550645426487 -0.49918276287658875 -0.19303049400091887 -0.061819803269941409 0.012967799568153368 -0.14205850470659417
leaf_weight=15.999999999999998 17 22 18 17 50 20 104 22
leaf_count=16 17 22 18 17 50 20 104 22
internal_value=-0.0903642 -0.0457441 -0.0784029 -0.0507274 -0.000195613 0.217147 -0.0539642 -0.298734
internal_weight=286 270 248 231 192 38 154 39
internal_count=286 270 248 231 192 38 154 39
is_linear=0
shrinkage=0.05


Tree=108
num_leaves=12
num_cat=0
split_feature=23 35 64 1 64 44 89 80 33 49 97
split_gain=5465.31 2021.45 757.594 945.494 1383.38 560.522 862.938 510.457 480.165 429.909 316.303
threshold=40.800000000000004 -9.6000000000000014 35.400000000000006 1.5000000000000002 44.20000000000001 3.5000000000000004 21.950000000000006 0.031666666666666295 0.53500000000000025 5.785000000000001 5.5450000000000008
decision_type=2 2 2 2 2 2 2 2 2 2 2
left_child=-1 -2 5 4 -4 6 -3 8 -5 -9 -8
right_child=1 2 3 7 -6 -7 10 9 -10 -11 -12
leaf_value=0.80831090890241575 -0.61545771119015957 -0.50796944205932204 0.51048016883962521 -0.18398131704488338 -0.11670997801008604 0.060945362556464558 -0.19213345701693849 -0.0094307648542836225 0.15317387122374315 -0.34241327995090121 0.022048256240517969
leaf_weight=18 17 18 21 14.999999999999998 14.999999999999998 27 55 18 35 21 25
leaf_count=18 17 18 21 15 15 27 55 18 35 21 25
internal_value=-0.032491 -0.0894744 -0.0534558 0.033545 0.249413 -0.140454 -0.195998 -0.0538982 0.0517622 -0.189274 -0.125195
internal_weight=285 267 250 125 36 125 98 89 50 39 80
internal_count=285 267 250 125 36 125 98 89 50 39 80
is_linear=0
shrinkage=0.05


Tree=109
num_leaves=9
num_cat=0
split_feature=11 121 60 98 84 99 106 123
split_gain=6309.58 1449.2 2266.22 1169.55 946.54 1112.69 1226.87 742.024
threshold=16.000000000000004 0.63333333333333341 46.45000000000001 41.600000000000009 -0.022500000000000003 51.750000000000007 11.900000000000002 -0.021666666666666678
decision_type=2 2 2 2 2 2 2 2
left_child=-1 3 -3 4 -2 7 -7 -6
right_child=1 2 -4 -5 5 6 -8 -9
leaf_value=1.0081947494026842 0.27066425236303415 -0.099661053069599007 0.72029978482990176 -0.51143415911702927 0.11333863534633581 -0.073943980525240011 0.41345637227172283 -0.20710358024293429
leaf_weight=14.999999999999998 20 19 14.999999999999998 14.999999999999998 21 36 20 126
leaf_count=15 20 19 15 15 21 36 20 126
internal_value=0.0133445 -0.0418505 0.262991 -0.0855125 -0.0566242 -0.0890114 0.100465 -0.161246
internal_weight=287 272 34 238 223 203 56 147
internal_count=287 272 34 238 223 203 56 147
is_linear=0
shrinkage=0.05


Tree=110
num_leaves=10
num_cat=0
split_feature=32 43 121 109 15 39 41 54 122
split_gain=6223.06 1415.15 1432.24 2869.73 1697.46 923.785 749.803 480.298 643.949
threshold=1.5000000000000002 -0.81083333333333296 0.0091666666666667691 0.037499999999999652 33.050000000000004 -0.37916666666666682 0.039166666666666135 32.70000000000001 4.5000000000000009
decision_type=2 2 2 2 2 2 2 2 2
left_child=-1 -2 5 4 -4 -3 -6 -7 -9
right_child=1 2 3 -5 6 7 -8 8 -10
leaf_value=0.96124335390440407 -0.43387377624867729 -0.44706694156087501 0.46950858468594758 0.67430775575924917 0.034918203862654672 -0.27207054178002466 -0.27981154517592671 0.054524307070842284 -0.24004558629961129
leaf_weight=15.999999999999998 22 19 15.999999999999998 19 46 24 32 71 25
leaf_count=16 22 19 16 19 46 24 32 71 25
internal_value=0.00587455 -0.0502255 -0.0165537 0.115572 0.00198583 -0.124007 -0.0943306 -0.0724843 -0.0223045
internal_weight=290 274 252 113 94 139 78 120 96
internal_count=290 274 252 113 94 139 78 120 96
is_linear=0
shrinkage=0.05


Tree=111
num_leaves=11
num_cat=0
split_feature=61 80 33 0 35 15 23 45 31 18
split_gain=4319.46 9554.31 2253.56 1387.89 3227.96 1103.82 941.793 865.998 462.556 540.566
threshold=0.19500000000000003 0.070833333333332429 -0.64500000000000035 2814.0000000000005 -3.3916666666666671 43.900000000000006 57.70000000000001 -0.0066666666666666949 -0.054999999999999265 38.400000000000006
decision_type=2 2 2 2 2 2 2 2 2 2
left_child=2 -2 -1 6 -5 -6 -4 -7 -8 -10
right_child=1 -3 3 4 5 7 8 -9 9 -11
leaf_value=-0.58692428967403487 1.4566184658088428 -0.32304259551109271 -0.48435013833030177 0.80479033388049404 -0.38085301090155221 -0.084059292420055526 -0.2644655697849167 0.32445450200084824 -0.30807532407590099 0.011832077496398868
leaf_weight=19 15.000000000000002 14.999999999999998 14.999999999999998 14.999999999999998 14.999999999999998 27.999999999999996 25 24.000000000000004 14.999999999999998 105
leaf_count=19 15 15 15 15 15 28 25 24 15 105
internal_value=0.00132368 0.568505 -0.0640432 -0.0227444 0.144382 -0.00437546 -0.108464 0.10465 -0.0692383 -0.0283379
internal_weight=291 30 261 242 82 67 160 52 145 120
internal_count=291 30 261 242 82 67 160 52 145 120
is_linear=0
shrinkage=0.05


Tree=112
num_leaves=8
num_cat=0
split_feature=32 12 33 108 31 102 35
split_gain=6816.36 2072.17 1554.34 635.018 1402.91 680.34 464.552
threshold=1.5000000000000002 38.400000000000013 -0.40750000000000058 5.5000000000000009 -0.020000000000000014 18.450000000000003 2.6333333333333333
decision_type=2 2 2 2 2 2 2
left_child=-1 -2 -3 5 -5 -4 -7
right_child=1 2 3 4 -6 6 -8
leaf_value=1.0231344390783879 -0.55688142930690332 0.46256223013069458 -0.36459981892346205 -0.12480647444253053 0.50050221549359386 -0.19885237428919272 -0.015694425973975867
leaf_weight=14.999999999999998 20 14.999999999999998 21 22 14.999999999999998 47 131
leaf_count=15 20 15 21 22 15 47 131
internal_value=-0.0107706 -0.0683726 -0.0292214 -0.0606827 0.129228 -0.096065 -0.0641689
internal_weight=286 271 251 236 37 199 178
internal_count=286 271 251 236 37 199 178
is_linear=0
shrinkage=0.05


Tree=113
num_leaves=13
num_cat=0
split_feature=32 115 33 12 64 9 91 92 24 88 33 63
split_gain=5122.02 1262.6 2446.2 1299.73 1029.07 994.29 1504.08 736.863 633.561 510.521 274.706 114.742
threshold=1.5000000000000002 9.8666666666666618 -0.2025000000000001 39.050000000000004 21.250000000000004 6.7950000000000008 4.455000000000001 23.300000000000004 41.050000000000004 5.2150000000000007 0.8224999999999999 30.200000000000003
decision_type=2 2 2 2 2 2 2 2 2 2 2 2
left_child=-1 2 -2 -3 7 9 -7 -4 -5 -6 -10 -12
right_child=1 3 4 8 5 6 -8 -9 10 -11 11 -13
leaf_value=0.87114925088349315 0.55168552991762687 -0.58848720395077037 -0.53947460481662624 0.15261827985967061 -0.22750425907548447 0.61189390489991935 0.031614068516998994 -0.065051907564395037 -0.30292746011181515 0.053947514693710397 -0.17748525031128823 0.0084686046801738853
leaf_weight=15.999999999999998 20 17 14.999999999999998 18 36 14.999999999999998 43 18 27 29 17 15.999999999999998
leaf_count=16 20 17 15 18 36 15 43 18 27 29 17 16
internal_value=0.00467183 -0.0467695 0.0325071 -0.193572 -0.0343329 0.0322025 0.182567 -0.281828 -0.106794 -0.101967 -0.184825 -0.0874215
internal_weight=287 271 176 95 156 123 58 33 78 65 60 33
internal_count=287 271 176 95 156 123 58 33 78 65 60 33
is_linear=0
shrinkage=0.05


Tree=114
num_leaves=9
num_cat=0
split_feature=23 80 11 119 101 100 78 64
split_gain=4420.5 17937.2 1693.09 644.908 808.357 649.275 921.921 583.505
threshold=51.150000000000006 -0.16583333333333214 20.900000000000002 0.97500000000000064 88.500000000000014 0.16500000000000004 0.49750000000000033 37.800000000000004
decision_type=2 2 2 2 2 2 2 2
left_child=1 -1 -2 4 5 6 -4 -7
right_child=2 -3 3 -5 -6 7 -8 -9
leaf_value=1.8351170397752168 -0.57108328810196063 -0.47148906457486578 -0.046795170669821085 0.29104220519792173 -0.32675431451369158 -0.18823469466406262 0.28195697914530365 0.037274859738378172
leaf_weight=14.999999999999998 14.999999999999998 19 52 14.999999999999998 23 67 36 50
leaf_count=15 15 19 52 15 23 67 36 50
internal_value=0.0133369 0.548382 -0.0573386 -0.0253836 -0.0463414 -0.0147121 0.087805 -0.0918709
internal_weight=292 34 258 243 228 205 88 117
internal_count=292 34 258 243 228 205 88 117
is_linear=0
shrinkage=0.05


Tree=115
num_leaves=13
num_cat=0
split_feature=105 30 45 37 116 55 70 35 54 0 102 33
split_gain=4597.58 2076.15 2288.38 2048.06 1549.31 2305.97 2097.47 727.573 670.911 427.081 259.745 159.554
threshold=36.900000000000006 1.5000000000000002 0.016666666666666653 0.50000000000000011 3.5000000000000004 5.2000000000000011 -0.038333333333333545 -4.2416666666666663 40.95000000000001 2165.0000000000005 22.900000000000002 0.89166666666666672
decision_type=2 2 2 2 2 2 2 2 2 2 2 2
left_child=1 3 4 -1 5 6 -3 -6 -9 -7 -5 -12
right_child=-2 2 -4 10 7 9 -8 8 -10 -11 11 -13
leaf_value=-0.69198521023143578 0.6958817013156362 -0.017490922398125101 0.55457642932436357 -0.27484475537116482 -0.42474937050382078 -0.33617624386848988 0.74813473648075601 -0.24925870556511984 0.047140235604912102 0.034107367796187074 -0.1290090318330947 0.068247752258290786
leaf_weight=20 23 14.999999999999998 20 15.999999999999998 18 15.000000000000002 22 32 47 15.999999999999998 22 19
leaf_count=20 23 15 20 16 18 15 22 32 47 16 22 19
internal_value=0.0196564 -0.0399306 0.0508679 -0.257931 -0.0104563 0.172357 0.438401 -0.138711 -0.0730202 -0.145406 -0.104598 -0.0375321
internal_weight=285 262 185 77 165 68 37 97 79 31 57 41
internal_count=285 262 185 77 165 68 37 97 79 31 57 41
is_linear=0
shrinkage=0.05


Tree=116
num_leaves=10
num_cat=0
split_feature=23 103 12 24 70 41 37 66 26
split_gain=5940.28 2059.78 1349.79 542.483 689.229 678.669 550.402 356.355 327.934
threshold=40.800000000000004 7.4000000000000012 37.95000000000001 54.750000000000007 -0.025000000000000796 -0.54583333333333328 -1.4750000000000012 21.950000000000003 43.300000000000004
decision_type=2 2 2 2 2 2 2 2 2
left_child=-1 -2 -3 5 7 -4 -7 -5 -6
right_child=1 2 3 4 8 6 -8 -9 -10
leaf_value=0.95597105559354978 0.53356283674176963 -0.51064868417585862 0.27097141393077323 -0.10216894557026668 -0.33641311969884019 -0.26371960281139584 0.022736655417452067 0.22281378357615697 -0.077635032484668701
leaf_weight=15.999999999999998 14.999999999999998 15.999999999999998 23 19 35 20 101 14.999999999999998 19
leaf_count=16 15 16 23 19 35 20 101 15 19
internal_value=0.0236509 -0.033391 -0.0679039 -0.0371414 -0.134879 0.0226048 -0.0247489 0.0412921 -0.245766
internal_weight=279 263 248 232 88 144 121 34 54
internal_count=279 263 248 232 88 144 121 34 54
is_linear=0
shrinkage=0.05


Tree=117
num_leaves=7
num_cat=0
split_feature=25 14 15 33 89 93
split_gain=4332.5 961.786 1623.67 1334.69 728.619 604.991
threshold=17.100000000000005 6.4500000000000011 34.000000000000007 -0.32499999999999968 18.000000000000004 55.350000000000001
decision_type=2 2 2 2 2 2
left_child=-1 -2 -3 -4 -5 -6
right_child=1 2 3 4 5 -7
leaf_value=0.63843750785495235 -0.42474685171891374 0.43305716239220921 -0.48407852656274869 -0.33082067816669403 0.094395763977967603 -0.085385856801082238
leaf_weight=24 17 17 18 19 83 107
leaf_count=24 17 17 18 19 83 107
internal_value=-0.00299047 -0.0622134 -0.0367708 -0.0721534 -0.0364381 -0.00681503
internal_weight=285 261 244 227 209 190
internal_count=285 261 244 227 209 190
is_linear=0
shrinkage=0.05


Tree=118
num_leaves=8
num_cat=0
split_feature=23 103 35 101 63 35 39
split_gain=4360.01 1562.08 1138.83 438.022 531.154 775.19 397.588
threshold=40.800000000000004 7.4000000000000012 -9.6000000000000014 88.500000000000014 31.700000000000006 -1.1666666666666659 0.12833333333333333
decision_type=2 2 2 2 2 2 2
left_child=-1 -2 -3 4 6 -6 -4
right_child=1 2 3 -5 5 -7 -8
leaf_value=0.78278769498680056 0.42245355098568205 -0.47824590702234587 -0.35399712550899259 -0.24596721523159273 0.3051110041020143 -0.015900131761673233 -0.069254819333782122
leaf_weight=17 17 15.999999999999998 15.999999999999998 24 22 126 52
leaf_count=17 17 16 16 24 22 126 52
internal_value=0.0082643 -0.0402168 -0.0711134 -0.0437626 -0.0211688 0.0319578 -0.136748
internal_weight=290 273 256 240 216 148 68
internal_count=290 273 256 240 216 148 68
is_linear=0
shrinkage=0.05


Tree=119
num_leaves=8
num_cat=0
split_feature=11 31 23 101 9 45 4
split_gain=4770.2 1222.33 1172.13 724.11 640.557 1109.14 425.319
threshold=16.000000000000004 0.050833333333333737 46.150000000000013 88.500000000000014 6.7950000000000008 -0.0066666666666666949 9.5000000000000018
decision_type=2 2 2 2 2 2 2
left_child=-1 2 -2 4 6 -6 -4
right_child=1 -3 3 -5 5 -7 -8
leaf_value=0.87315592197392944 -0.46993559605894036 0.32592609127833383 -0.12577523334603119 -0.28954492334090887 -0.080904124839078564 0.27379848317820105 0.12583321098849842
leaf_weight=14.999999999999998 17 21 102 26 45 43 20
leaf_count=15 17 21 102 26 45 43 20
internal_value=0.00796682 -0.0396806 -0.0701639 -0.0411588 -0.0102592 0.0924738 -0.0844177
internal_weight=289 274 253 236 210 88 122
internal_count=289 274 253 236 210 88 122
is_linear=0
shrinkage=0.05


Tree=120
num_leaves=9
num_cat=0
split_feature=105 31 10 80 11 23 25 67
split_gain=4839.28 1939.31 3144.86 2918 1491.68 1204.65 566.934 79.8938
threshold=36.900000000000006 0.027499999999999861 3.7900000000000005 -0.19666666666666674 20.900000000000002 54.150000000000006 47.050000000000004 5.1000000000000005
decision_type=2 2 2 2 2 2 2 2
left_child=1 2 -1 -3 -4 -6 -7 -5
right_child=-2 3 4 7 5 6 -8 -9
leaf_value=-0.7917176241116809 0.73747093281392595 0.80445525936828632 0.43447372068632523 0.051484132523568253 -0.49564616010055779 0.024384588035979024 -0.16653373311963338 -0.11108039041228641
leaf_weight=14.999999999999998 22 15.999999999999998 14.999999999999998 15.000000000000002 15.999999999999998 110 60 14.999999999999998
leaf_count=15 22 16 15 15 16 110 60 15
internal_value=0.0269332 -0.0329698 -0.0957808 0.261428 -0.0434524 -0.0822345 -0.0430272 -0.029731
internal_weight=284 262 216 46 201 186 170 30
internal_count=284 262 216 46 201 186 170 30
is_linear=0
shrinkage=0.05


Tree=121
num_leaves=10
num_cat=0
split_feature=11 78 23 109 11 109 97 67 31
split_gain=4726.81 979.403 1091.24 481.072 1071.98 966.214 668.096 428.139 239.839
threshold=16.000000000000004 -2.4124999999999996 46.150000000000013 0.02166666666666606 39.850000000000001 0.044999999999999936 5.8450000000000006 11.750000000000002 -0.030833333333333709
decision_type=2 2 2 2 2 2 2 2 2
left_child=-1 -2 -3 6 5 -5 7 -4 -6
right_child=1 2 3 4 8 -7 -8 -9 -10
leaf_value=0.88156865416773111 0.32778928118516071 -0.4386293181909891 -0.096267960707775282 0.55497604266941891 -0.22372636024464559 0.0047910856564116009 -0.35068921899296224 0.087731016710432222 0.019322539678899756
leaf_weight=14.999999999999998 18 17 96 17 18 14.999999999999998 19 47 23
leaf_count=15 18 17 96 17 18 15 19 47 23
internal_value=0.0206632 -0.0274551 -0.0529695 -0.0248747 0.0815915 0.298051 -0.0729018 -0.0357388 -0.0875449
internal_weight=285 270 252 235 73 32 162 143 41
internal_count=285 270 252 235 73 32 162 143 41
is_linear=0
shrinkage=0.05


Tree=122
num_leaves=11
num_cat=0
split_feature=61 43 11 66 95 115 32 32 108 17
split_gain=4455.87 8752.72 2109.59 1001.87 937.244 890.803 904.4 779.58 334.443 317.324
threshold=0.19500000000000003 0.077500000000000138 18.950000000000006 4.1500000000000012 36.250000000000007 9.8666666666666618 5.5000000000000009 3.5000000000000004 3.5000000000000004 31.050000000000004
decision_type=2 2 2 2 2 2 2 2 2 2
left_child=2 -2 -1 -4 5 6 -5 -6 -7 -9
right_child=1 -3 3 4 7 8 -8 9 -10 -11
leaf_value=-0.63260442766343594 1.3649714070169818 -0.31177413173895707 0.30605898684778143 0.18043244617628315 -0.52107360844026529 -0.028985765461459173 -0.12974312773287466 -0.30836062409122539 -0.28262563999309098 -0.035859806854219821
leaf_weight=15.999999999999998 16.000000000000004 14.999999999999998 19 71 17 23 35 15.999999999999998 30 32
leaf_count=16 16 15 19 71 17 23 35 16 30 32
internal_value=-0.0104063 0.555088 -0.0782984 -0.0415351 -0.0711642 -0.00569981 0.0779431 -0.230969 -0.172912 -0.12725
internal_weight=290 31 259 243 224 159 106 65 53 48
internal_count=290 31 259 243 224 159 106 65 53 48
is_linear=0
shrinkage=0.05


Tree=123
num_leaves=7
num_cat=0
split_feature=23 103 12 100 32 26
split_gain=1971.58 1644.91 998.29 598.46 657.893 488.449
threshold=42.45000000000001 7.4000000000000012 37.95000000000001 0.13500000000000004 2.5000000000000004 55.550000000000004
decision_type=2 2 2 2 2 2
left_child=-1 -2 -3 -4 -5 -6
right_child=1 2 3 4 5 -7
leaf_value=-0.57369190313314133 0.4700646364170572 -0.43217879541172 -0.29341042274267887 0.27101618872946176 -0.052128953252796123 0.2438389916293669
leaf_weight=17 15.999999999999998 15.999999999999998 19 20 181 14.999999999999998
leaf_count=17 16 16 19 20 181 15
internal_value=-0.0532047 -0.019844 -0.0512679 -0.0251395 -0.00139361 -0.0293401
internal_weight=284 267 251 235 216 196
internal_count=284 267 251 235 216 196
is_linear=0
shrinkage=0.05


Tree=124
num_leaves=12
num_cat=0
split_feature=105 30 45 12 116 37 13 89 67 92 1
split_gain=3791.64 1949.35 2285.76 1993.06 1236.27 1395.35 1106.9 794.836 505.444 176.54 108.298
threshold=36.900000000000006 1.5000000000000002 0.016666666666666653 43.800000000000004 3.5000000000000004 3.5916666666666655 5.8050000000000006 29.450000000000006 13.9 24.500000000000004 2.5000000000000004
decision_type=2 2 2 2 2 2 2 2 2 2 2
left_child=1 3 4 -1 5 -3 -7 -6 -9 -5 -11
right_child=-2 2 -4 9 7 6 -8 8 -10 10 -12
leaf_value=-0.76682614533119653 0.61839322355030968 0.57929990571855716 0.58291084321822906 -0.23868751178420552 -0.4017205814223978 -0.24757270250487104 0.21582188805244484 -0.13948458718125431 0.12586538526899702 -0.13358551156464346 0.035644383702361795
leaf_weight=14.999999999999998 24 14.999999999999998 18 21 20 21 33 53 27 21 17
leaf_count=15 24 15 18 21 20 21 33 53 27 21 17
internal_value=0.0183147 -0.0370615 0.0488924 -0.25411 -0.00826679 0.154376 0.0353959 -0.120582 -0.0498212 -0.122596 -0.0578513
internal_weight=285 261 187 74 169 69 54 100 80 59 38
internal_count=285 261 187 74 169 69 54 100 80 59 38
is_linear=0
shrinkage=0.05


Tree=125
num_leaves=9
num_cat=0
split_feature=62 13 90 84 45 97 23 38
split_gain=4202.42 1357.73 1576.95 2620.07 930.769 654.248 1288.05 878.505
threshold=40.550000000000004 2.3550000000000004 36.250000000000007 -0.0016666666666666633 0.015000000000000001 5.3550000000000013 80.950000000000003 2.5000000000000004
decision_type=2 2 2 2 2 2 2 2
left_child=-1 -2 3 -3 5 7 -7 -4
right_child=1 2 4 -5 -6 6 -8 -9
leaf_value=0.66417097821915982 -0.48441727762682396 -0.14876581837671884 -0.45492528284558598 0.75370208417406737 -0.39638923351740957 0.26534020229267669 -0.1503168445353634 -0.058090057806045418
leaf_weight=22 17 15.999999999999998 15.999999999999998 15.999999999999998 20 41 34 105
leaf_count=22 17 16 16 16 20 41 34 105
internal_value=0.00173044 -0.0534756 -0.0237317 0.303255 -0.0723152 -0.0390356 0.0768932 -0.110938
internal_weight=287 265 248 32 216 196 75 121
internal_count=287 265 248 32 216 196 75 121
is_linear=0
shrinkage=0.05


Tree=126
num_leaves=9
num_cat=0
split_feature=37 123 12 108 39 88 35 31
split_gain=4359.83 1030.07 1650.22 772.058 1254.9 599.468 673.054 540.615
threshold=-11.875000000000002 0.026666666666666661 38.400000000000013 4.5000000000000009 1.0000000180025095e-35 4.2000000000000011 2.6333333333333333 -1.0000000180025095e-35
decision_type=2 2 2 2 2 2 2 2
left_child=-1 2 -2 5 -5 -4 -7 -6
right_child=1 -3 3 4 7 6 -8 -9
leaf_value=0.8062514819451515 -0.54035164039796557 0.28732620146886217 -0.40882254237343807 0.4251775670426054 -0.1380371456743737 -0.24117042158439661 -0.0099360985418959873 0.21177377384526053
leaf_weight=14.999999999999998 19 19 15.999999999999998 19 41 47 95 14.999999999999998
leaf_count=15 19 19 16 19 41 47 95 15
internal_value=-0.0206191 -0.0666858 -0.0935004 -0.0568243 0.0751711 -0.11952 -0.0866224 -0.0440382
internal_weight=286 271 252 233 75 158 142 56
internal_count=286 271 252 233 75 158 142 56
is_linear=0
shrinkage=0.05


Tree=127
num_leaves=8
num_cat=0
split_feature=23 115 11 100 64 9 65
split_gain=4066.71 1705.09 1257.05 466.395 459.715 606.948 356.757
threshold=40.800000000000004 -13.758333333333328 20.350000000000005 0.13500000000000004 29.500000000000004 6.8250000000000011 21.250000000000004
decision_type=2 2 2 2 2 2 2
left_child=-1 -2 -3 -4 6 -6 -5
right_child=1 2 3 4 5 -7 -8
leaf_value=0.76198425042001816 0.43577413226359457 -0.45661240759944416 -0.27148282606330215 0.0049139124964456792 -0.022797903049896696 0.21708976819990783 -0.19769043489288612
leaf_weight=17 18 19 19 41 91 37 46
leaf_count=17 18 19 19 41 91 37 46
internal_value=0.0141319 -0.0330267 -0.0665588 -0.034685 -0.0136189 0.0466209 -0.102257
internal_weight=288 271 253 234 215 128 87
internal_count=288 271 253 234 215 128 87
is_linear=0
shrinkage=0.05


Tree=128
num_leaves=8
num_cat=0
split_feature=13 39 26 55 37 74 51
split_gain=1522.06 2207.14 721.406 2249.43 1700.85 481.893 627.122
threshold=2.3550000000000004 -0.80249999999999988 17.850000000000005 5.2000000000000011 -3.2166666666666717 11.75 60.850000000000001
decision_type=2 2 2 2 2 2 2
left_child=-1 -2 3 -3 -4 6 -6
right_child=1 2 4 -5 5 -7 -8
leaf_value=-0.4815131641807357 0.54809463438780415 0.6158747020418085 -0.49500845500401092 -0.19177632314055715 -0.056119106702348959 -0.23317407155376313 0.18938736208131379
leaf_weight=19 15.999999999999998 14.999999999999998 23 20 137 28 32
leaf_count=19 16 15 23 20 137 28 32
internal_value=-0.0501002 -0.0196686 -0.0555134 0.154986 -0.0890799 -0.0414347 -0.0095186
internal_weight=290 271 255 35 220 197 169
internal_count=290 271 255 35 220 197 169
is_linear=0
shrinkage=0.05


Tree=129
num_leaves=12
num_cat=0
split_feature=32 115 32 10 117 64 92 62 12 35 17
split_gain=4244.26 988.759 1833.28 873.317 710.542 797.387 733.481 616.439 462.719 270.552 254.109
threshold=1.5000000000000002 9.8666666666666618 2.5000000000000004 4.3650000000000011 -3.2891666666666661 21.250000000000004 28.750000000000004 78.000000000000014 46.350000000000001 2.7750000000000008 29.300000000000001
decision_type=2 2 2 2 2 2 2 2 2 2 2
left_child=-1 2 -2 -3 -4 6 -6 -7 -5 -10 -11
right_child=1 3 4 8 5 7 -8 -9 9 10 -12
leaf_value=0.76070494965503077 0.54550771206025261 -0.52980209825844171 0.29660110242714161 0.1346392879028194 -0.53927053163777905 0.10572634921980789 -0.044905748568623276 -0.12175072876547373 -0.35841010508947818 -0.26105001442407438 -0.030265726888337608
leaf_weight=17 14.999999999999998 14.999999999999998 14.999999999999998 14.999999999999998 15.000000000000002 61 14.999999999999998 58 14.999999999999998 19 32
leaf_count=17 15 15 15 15 15 61 15 58 15 19 32
internal_value=-0.00360335 -0.051129 0.0182911 -0.180505 -0.0302025 -0.0633125 -0.293225 -0.00511198 -0.115185 -0.172157 -0.116685
internal_weight=292 275 179 96 164 149 30 119 81 66 51
internal_count=292 275 179 96 164 149 30 119 81 66 51
is_linear=0
shrinkage=0.05


Tree=130
num_leaves=9
num_cat=0
split_feature=23 92 9 33 53 32 109 38
split_gain=1497.02 1157.22 1904.07 948.512 661.861 470.104 923.499 403.008
threshold=40.800000000000004 1.0000000180025095e-35 6.7950000000000008 -0.64500000000000035 1.0000000180025095e-35 3.5000000000000004 0.02166666666666606 2.5000000000000004
decision_type=2 2 2 2 2 2 2 2
left_child=-1 2 -2 -3 -5 6 -6 -7
right_child=1 3 -4 4 5 7 -8 -9
leaf_value=-0.5437438832213547 -0.11245656969210904 -0.40822211729450375 0.65830931470094145 -0.29966528631443351 -0.029713207790225838 -0.29002037966473504 0.44949365854263307 -0.024947933440098796
leaf_weight=14.999999999999998 17 19 14.999999999999998 22 30 15.999999999999998 14.999999999999998 132
leaf_count=15 17 19 15 22 30 16 15 132
internal_value=-0.0594261 -0.0319021 0.249609 -0.0705109 -0.0404675 -0.0107559 0.130554 -0.0538147
internal_weight=281 266 32 234 215 193 45 148
internal_count=281 266 32 234 215 193 45 148
is_linear=0
shrinkage=0.05


Tree=131
num_leaves=7
num_cat=0
split_feature=101 33 31 51 50 63
split_gain=1436.33 3477.49 762.643 431.782 532.119 520.002
threshold=26.100000000000005 -0.74666666666666692 0.050833333333333737 70.15000000000002 47.850000000000001 50.600000000000009
decision_type=2 2 2 2 2 2
left_child=-1 -2 3 4 5 -3
right_child=1 2 -4 -5 -6 -7
leaf_value=0.38503186462530453 -0.79026187707651541 -0.0037342733400773302 0.27148062184924998 -0.25742151998168794 0.24434698589598935 -0.23007659843296704
leaf_weight=20 14.999999999999998 162 22 20 18 30
leaf_count=20 15 162 22 20 18 30
internal_value=-0.0225574 -0.0532398 -0.00905356 -0.0360153 -0.0147927 -0.0392276
internal_weight=287 267 252 230 210 192
internal_count=287 267 252 230 210 192
is_linear=0
shrinkage=0.05


Tree=132
num_leaves=12
num_cat=0
split_feature=62 33 20 102 2 9 27 53 37 66 10
split_gain=4446.64 2582.69 837.498 882.835 728.614 1082.26 619.387 644.22 559.792 229.039 266.31
threshold=40.550000000000004 -0.70749999999999946 29.450000000000003 21.250000000000004 1.5000000000000002 6.8050000000000006 12.250000000000002 28.950000000000003 2.4500000000000104 9.7500000000000018 6.4350000000000014
decision_type=2 2 2 2 2 2 2 2 2 2 2
left_child=-1 -2 3 -3 5 -4 7 -6 -8 -5 -11
right_child=1 2 4 9 6 -7 8 -9 -10 10 -12
leaf_value=0.67221806207123924 -0.70108527031955348 -0.49377301842529581 0.027671717600466095 0.091847033929449831 -0.046145272080661263 0.55316301892135322 -0.31676366224673125 0.40215677366351454 -0.025107367954200779 -0.21598204059041201 0.040027290168187485
leaf_weight=22 14.999999999999998 15.999999999999998 28 14.999999999999998 17 14.999999999999998 21 14.999999999999998 75 31 14.999999999999998
leaf_count=22 15 16 28 15 17 15 21 15 75 31 15
internal_value=-0.00896636 -0.0662004 -0.0275129 -0.164338 0.0341294 0.211957 -0.0256893 0.164439 -0.0892224 -0.0771807 -0.132487
internal_weight=285 263 248 77 171 43 128 32 96 61 46
internal_count=285 263 248 77 171 43 128 32 96 61 46
is_linear=0
shrinkage=0.05


Tree=133
num_leaves=14
num_cat=0
split_feature=32 68 33 33 19 88 64 48 49 26 25 14 79
split_gain=4747.14 1125.64 1871.48 1859.45 542.839 695.282 524.16 467.256 684.476 397.792 323.911 250.108 223.364
threshold=1.5000000000000002 53.500000000000007 -0.32499999999999968 -0.2883333333333335 5.4250000000000007 5.1050000000000013 21.250000000000004 6.7950000000000008 6.0300000000000002 27.900000000000002 32.70000000000001 35.850000000000001 3.5000000000000004
decision_type=2 2 2 2 2 2 2 2 2 2 2 2 2
left_child=-1 2 -2 -3 6 -6 -4 8 10 -8 -5 -9 -7
right_child=1 3 4 7 5 12 9 11 -10 -11 -12 -13 -14
leaf_value=0.85082331881019635 -0.66012743379896055 0.57372569749073954 -0.41755700100780724 -0.19174359450058906 0.31744421005946155 -0.21763057412690673 0.13433255450615031 -0.24465840682724482 0.36777593045501233 -0.16574206947555217 0.076807766833475663 -0.011257898452000006 0.054291679473310123
leaf_weight=15.999999999999998 14.999999999999998 15.999999999999998 14.999999999999998 15.999999999999998 17 15.000000000000002 14.999999999999998 22 15.999999999999998 41 37 24 14.999999999999998
leaf_count=16 15 16 15 16 17 15 15 22 16 41 37 24 15
internal_value=0.0172829 -0.0335188 -0.135948 0.0704608 -0.0687706 0.0628849 -0.155959 0 0.0822531 -0.0851796 -0.0043786 -0.123281 -0.0817747
internal_weight=280 264 133 131 118 47 71 115 69 56 53 46 30
internal_count=280 264 133 131 118 47 71 115 69 56 53 46 30
is_linear=0
shrinkage=0.05


Tree=134
num_leaves=10
num_cat=0
split_feature=23 36 45 64 38 80 74 117 41
split_gain=3842.74 1095.49 953.113 923.545 819.206 592.914 681.165 329.581 312.371
threshold=40.800000000000004 1.5000000000000002 0.016666666666666653 36.000000000000007 2.5000000000000004 -0.23666666666666722 5.8250000000000037 1.0450000000000006 -0.16249999999999962
decision_type=2 2 2 2 2 2 2 2 2
left_child=-1 -2 3 4 -3 6 -5 -7 -6
right_child=1 2 -4 5 8 7 -8 -9 -10
leaf_value=0.75521513512415916 -0.42706777205941271 -0.48480055888757018 0.28560895091270511 0.46770434945081329 -0.19721371271866517 -0.095921027157715943 0.030311819688597721 0.1205072293422319 -0.022247519046239866
leaf_weight=15.999999999999998 17 14.999999999999998 24 15.999999999999998 42 50 20 27 65
leaf_count=16 17 15 24 16 42 50 20 27 65
internal_value=0.00432109 -0.0394487 -0.0138322 -0.0445431 -0.139898 0.0583944 0.225604 -0.0199079 -0.0910925
internal_weight=292 276 259 235 122 113 36 77 107
internal_count=292 276 259 235 122 113 36 77 107
is_linear=0
shrinkage=0.05


Tree=135
num_leaves=8
num_cat=0
split_feature=11 52 23 0 22 41 92
split_gain=4330.09 892.553 718.415 566.194 620.344 561.832 354.283
threshold=16.000000000000004 1.0000000180025095e-35 46.150000000000013 766.50000000000011 0.13500000000000004 -0.57833333333333259 35.400000000000006
decision_type=2 2 2 2 2 2 2
left_child=-1 -2 -3 6 -5 -6 -4
right_child=1 2 3 4 5 -7 -8
leaf_value=0.83671916841671179 0.33912985459068756 -0.3798107673107467 -0.39191520128931318 -0.2572838585523633 0.2653554113472209 -0.0043093046503157343 -0.072253500925942626
leaf_weight=14.999999999999998 14.999999999999998 15.999999999999998 15.999999999999998 21 22 153 19
leaf_count=15 15 16 16 21 22 153 19
internal_value=0.0133937 -0.0340254 -0.056835 -0.034288 -0.00114273 0.029695 -0.219227
internal_weight=277 262 247 231 196 175 35
internal_count=277 262 247 231 196 175 35
is_linear=0
shrinkage=0.05


Tree=136
num_leaves=11
num_cat=0
split_feature=84 65 35 101 80 105 105 9 10 53
split_gain=3276.01 1262.13 3256.2 1981.71 917.909 481.063 445.212 498.615 507.816 438.136
threshold=0.025833333333333323 30.550000000000001 -5.1916666666666673 26.100000000000005 0.59666666666666679 31.250000000000004 7.3500000000000005 6.8250000000000011 5.7800000000000002 47.650000000000013
decision_type=2 2 2 2 2 2 2 2 2 2
left_child=1 3 -3 -1 5 9 -4 8 -8 -5
right_child=-2 2 6 4 -6 -7 7 -9 -10 -11
leaf_value=0.55162364024864996 0.63405963605299043 -0.81137940137706988 -0.26069371608359304 -0.050999267961712197 -0.38641661836716368 0.29072277305141986 0.16199471824216527 0.23158785065234697 -0.18958445361284454 0.21672459035617872
leaf_weight=17 19 17 20 98 14.999999999999998 14.999999999999998 14.999999999999998 18 32 18
leaf_count=17 19 17 20 98 15 15 15 18 32 18
internal_value=0.00160395 -0.0439451 -0.181805 0.0423512 -0.0172504 0.0252449 -0.0550264 0.00848233 -0.0771665 -0.00926196
internal_weight=284 265 102 163 146 131 85 65 47 116
internal_count=284 265 102 163 146 131 85 65 47 116
is_linear=0
shrinkage=0.05


Tree=137
num_leaves=12
num_cat=0
split_feature=32 4 91 10 48 119 31 109 100 10 78
split_gain=4397.21 986.883 1171.16 2706.44 951.172 776.155 771.474 551.704 539.716 422.374 323.227
threshold=1.5000000000000002 2.5000000000000004 5.2250000000000005 5.3550000000000013 6.8350000000000009 -0.64916666666666634 0.016666666666667055 -0.018333333333333087 0.18500000000000003 4.9250000000000007 -1.4149999999999998
decision_type=2 2 2 2 2 2 2 2 2 2 2
left_child=-1 4 3 -3 7 -4 8 -2 -5 -7 -11
right_child=1 2 5 6 -6 9 -8 -9 -10 10 -12
leaf_value=0.81646685689132392 0.15019422471523286 0.77016342217164335 -0.40007170764555844 0.0431560387565392 -0.54449120448983235 0.2170177829186648 0.31352650252612013 -0.22951347613814232 -0.31346208308794488 -0.27987336725588668 -0.029537126359265344
leaf_weight=15.999999999999998 14.999999999999998 14.999999999999998 15.999999999999998 31 15.999999999999998 14.999999999999998 17 26 15.999999999999998 14.999999999999998 89
leaf_count=16 15 15 16 31 16 15 17 26 16 15 89
internal_value=0.0136384 -0.0340263 0.0152226 0.16803 -0.218716 -0.0742193 0.0258458 -0.0904469 -0.0785475 -0.0300661 -0.0659255
internal_weight=287 271 214 79 57 135 64 41 47 119 104
internal_count=287 271 214 79 57 135 64 41 47 119 104
is_linear=0
shrinkage=0.05


Tree=138
num_leaves=8
num_cat=0
split_feature=34 15 35 25 20 0 101
split_gain=3363.91 1168.2 1214.2 623.607 560.447 364.445 630.493
threshold=1.5000000000000002 1.0000000180025095e-35 -4.041666666666667 26.450000000000006 35.050000000000004 766.50000000000011 46.400000000000013
decision_type=2 2 2 2 2 2 2
left_child=-1 -2 -3 4 -4 -5 -7
right_child=1 2 3 5 -6 6 -8
leaf_value=0.67366032086683247 -0.39711005302210944 0.31517030253621486 -0.36988767943194301 -0.16643663981303958 -0.016196599560326309 0.32847375064532947 -0.002259264678241214
leaf_weight=18 20 27 24 27 21 15.999999999999998 137
leaf_count=18 20 27 24 27 21 16 137
internal_value=0.0136148 -0.0302778 -0.000998322 -0.0390839 -0.205345 0.00254442 0.0324865
internal_weight=290 272 252 225 45 180 153
internal_count=290 272 252 225 45 180 153
is_linear=0
shrinkage=0.05


Tree=139
num_leaves=8
num_cat=0
split_feature=39 34 24 24 14 14 84
split_gain=3763.35 1378.4 815.558 1588.13 356.297 347.669 334.175
threshold=-1.1899999999999997 1.5000000000000002 26.450000000000006 35.100000000000009 33.95000000000001 46.95000000000001 -0.010833333333333346
decision_type=2 2 2 2 2 2 2
left_child=-1 -2 -3 -4 6 -6 -5
right_child=1 2 3 4 5 -7 -8
leaf_value=0.57206714109328505 -0.52168005396988215 -0.28745751145031179 0.36913138118740241 -0.32645607952672151 0.080473616552168725 -0.078731878920794349 -0.058386410777751002
leaf_weight=26 14.999999999999998 27 26 19 63 75 30
leaf_count=26 15 27 26 19 63 75 30
internal_value=0.000196347 -0.0582938 -0.0291062 0.00373866 -0.047208 -0.00600926 -0.162887
internal_weight=281 255 240 213 187 138 49
internal_count=281 255 240 213 187 138 49
is_linear=0
shrinkage=0.05


Tree=140
num_leaves=9
num_cat=0
split_feature=23 92 111 33 88 78 32 37
split_gain=3295.15 913.251 1632.98 1303.23 602.567 466.163 585.271 322.317
threshold=40.800000000000004 1.0000000180025095e-35 -0.3375000000000003 -0.64500000000000035 4.2000000000000011 0.41083333333333366 3.5000000000000004 -1.4750000000000012
decision_type=2 2 2 2 2 2 2 2
left_child=-1 2 -2 -3 -5 7 -7 -6
right_child=1 3 -4 4 5 6 -8 -9
leaf_value=0.65664852890520464 0.58927715108884093 -0.47173959705686069 -0.10667029635015268 -0.30849710838644917 -0.27585972448738899 0.2817651732581285 -0.008515593745474271 -0.044422007466435903
leaf_weight=18 14.999999999999998 19 19 19 18 24 62 90
leaf_count=18 15 19 19 19 18 24 62 90
internal_value=0.00383576 -0.0405509 0.201046 -0.0760503 -0.0405258 -0.0141101 0.0726681 -0.0832607
internal_weight=284 266 34 232 213 194 86 108
internal_count=284 266 34 232 213 194 86 108
is_linear=0
shrinkage=0.05


Tree=141
num_leaves=10
num_cat=0
split_feature=23 115 9 88 84 31 66 54 70
split_gain=4990.11 825.246 1403.09 742.462 527.254 590.642 601.127 552.642 335.433
threshold=40.800000000000004 -8.4416666666666575 6.8050000000000006 4.2300000000000013 0.017499999999999991 -0.046666666666666405 22.450000000000003 62.850000000000009 -0.020000000000000902
decision_type=2 2 2 2 2 2 2 2 2
left_child=-1 2 -2 -3 5 6 -5 -7 -6
right_child=1 3 -4 4 8 7 -8 -9 -10
leaf_value=0.87652665902368754 -0.13286037524014907 -0.32918124852693964 0.53831899950963369 -0.014070069364139013 -0.37847250818465805 -0.0079974987249054729 -0.42040519256465486 0.2157460414306609 -0.06352216319608095
leaf_weight=15.999999999999998 15.000000000000002 23 15.999999999999998 23 15.999999999999998 117 14.999999999999998 36 18
leaf_count=16 15 23 16 23 16 117 15 36 18
internal_value=0.020601 -0.0287629 0.214011 -0.0592038 -0.0314499 0.00085708 -0.175279 0.0447219 -0.212556
internal_weight=295 279 31 248 225 191 38 153 34
internal_count=295 279 31 248 225 191 38 153 34
is_linear=0
shrinkage=0.05


Tree=142
num_leaves=7
num_cat=0
split_feature=84 65 45 11 39 6
split_gain=3532.57 949.795 1745.3 1159.92 547.585 651.97
threshold=0.025833333333333323 47.100000000000001 0.019166666666666669 20.350000000000005 2.7575000000000007 1.0000000180025095e-35
decision_type=2 2 2 2 2 2
left_child=1 2 3 -1 5 -5
right_child=-2 -3 -4 4 -6 -7
leaf_value=-0.46373057076649637 0.69431513694294711 -0.35342923573085239 0.46916501117728604 -0.25028725769455079 -0.25312125881512965 0.038785173686547575
leaf_weight=15.999999999999998 17 23 17 22 23 166
leaf_count=16 17 23 17 22 23 166
internal_value=-0.00236184 -0.0469816 -0.0179417 -0.0546336 -0.0233834 0.00481589
internal_weight=284 267 244 227 211 188
internal_count=284 267 244 227 211 188
is_linear=0
shrinkage=0.05


Tree=143
num_leaves=8
num_cat=0
split_feature=0 33 34 25 0 101 48
split_gain=3112.94 1461.08 790.728 528.548 833.501 470.27 267.35
threshold=374.00000000000006 -0.64500000000000035 2.5000000000000004 26.450000000000006 1516.5000000000002 46.400000000000013 6.8050000000000006
decision_type=2 2 2 2 2 2 2
left_child=-1 -2 -3 4 -4 -5 -7
right_child=1 2 3 5 -6 6 -8
leaf_value=0.54304106587938239 -0.44958167835999441 0.26930767734665678 -0.47285890137417275 0.21469166296141409 -0.019557291147599659 0.015628780707124541 -0.11565070478841316
leaf_weight=24 21 22 17 21 25 98 64
leaf_count=24 21 22 17 21 25 98 64
internal_value=-0.00126324 -0.0502099 -0.0160668 -0.0440995 -0.203843 -0.00731858 -0.0362432
internal_weight=292 268 247 225 42 183 162
internal_count=292 268 247 225 42 183 162
is_linear=0
shrinkage=0.05


Tree=144
num_leaves=8
num_cat=0
split_feature=105 33 32 105 18 62 91
split_gain=3078.26 1905.43 846.169 670.419 464.307 377.263 520.96
threshold=37.800000000000004 -0.64500000000000035 2.5000000000000004 5.8500000000000005 47.350000000000001 51.45000000000001 2.4550000000000005
decision_type=2 2 2 2 2 2 2
left_child=1 -1 -3 4 -4 -5 -7
right_child=-2 2 3 5 -6 6 -8
leaf_value=-0.49457094564157372 0.57742547101177877 0.30982087831846705 -0.38736094525500908 -0.19688758715913071 -0.06676615881965535 0.26435559527568908 -0.0025013435778719595
leaf_weight=22 21 19 20 20 26 21 137
leaf_count=22 21 19 20 20 26 21 137
internal_value=-0.00379163 -0.0500696 -0.00961927 -0.0368631 -0.206802 0.00711695 0.0330801
internal_weight=286 265 243 224 46 178 158
internal_count=286 265 243 224 46 178 158
is_linear=0
shrinkage=0.05


Tree=145
num_leaves=9
num_cat=0
split_feature=23 26 12 109 41 84 115 24
split_gain=4448.87 863.876 925.375 464.12 725.945 432.392 646.138 426.025
threshold=42.45000000000001 11.450000000000001 37.95000000000001 0.0083333333333333055 -0.57833333333333259 -0.019999999999999987 2.3250000000000033 45.250000000000007
decision_type=2 2 2 2 2 2 2 2
left_child=-1 -2 -3 5 -5 -4 -7 -6
right_child=1 2 3 4 7 6 -8 -9
leaf_value=0.81756457622099354 0.30632373135515123 -0.42771032034240153 0.11703191516599105 0.30975173832987674 0.14178698030283868 -0.29687202425623754 -0.044137012947254937 -0.090606951154486692
leaf_weight=15.999999999999998 17 15.999999999999998 19 20 28 41 66 66
leaf_count=16 17 16 19 20 28 41 66 66
internal_value=0.00986616 -0.0377352 -0.0607131 -0.0360578 0.0369948 -0.10217 -0.141213 -0.021253
internal_weight=289 273 256 240 114 126 107 94
internal_count=289 273 256 240 114 126 107 94
is_linear=0
shrinkage=0.05


Tree=146
num_leaves=10
num_cat=0
split_feature=32 25 0 32 26 3 26 99 6
split_gain=3712.54 1088.03 1312.34 578.235 401.123 418.469 721.201 435.426 255.707
threshold=1.5000000000000002 23.300000000000004 1881.0000000000002 2.5000000000000004 21.550000000000001 4.5000000000000009 33.850000000000001 47.45000000000001 2.5000000000000004
decision_type=2 2 2 2 2 2 2 2 2
left_child=-1 2 -2 -3 8 7 -7 -6 -5
right_child=1 3 -4 4 5 6 -8 -9 -10
leaf_value=0.72180114369955117 -0.63232542224097665 0.28099085724116957 -0.047871739939866556 -0.34277293639523643 -0.16084105865708714 0.36609512574106295 -0.051589923454023495 0.022217417143841008 -0.059634495901395072
leaf_weight=15.999999999999998 17 14.999999999999998 22 15.999999999999998 55 18 24 79 15.999999999999998
leaf_count=16 17 15 22 16 55 18 24 79 16
internal_value=-0.0151473 -0.0604291 -0.303727 -0.0177397 -0.0394315 -0.0097498 0.127744 -0.0529452 -0.201986
internal_weight=278 262 39 223 208 176 42 134 32
internal_count=278 262 39 223 208 176 42 134 32
is_linear=0
shrinkage=0.05


Tree=147
num_leaves=11
num_cat=0
split_feature=23 0 84 100 80 95 48 121 14 56
split_gain=3493.94 908.756 604.29 663.589 528.822 389.823 498.537 496.26 378.013 281.822
threshold=51.150000000000006 252.00000000000003 0.0083333333333333193 0.14500000000000005 -0.28666666666666701 24.900000000000002 6.8150000000000004 0.020000000000000909 35.850000000000001 33.750000000000007
decision_type=2 2 2 2 2 2 2 2 2 2
left_child=-1 -2 5 -4 -5 -3 7 -7 -8 -6
right_child=1 2 3 4 9 6 8 -9 -10 -11
leaf_value=0.53748608737441561 -0.42607894784567374 -0.13956597932835216 -0.39858574211909509 -0.24749662075107454 0.22781896130336046 0.021092078117595642 -0.22682490321979706 0.25645792501272896 0.055384140684375895 -0.061180437172894703
leaf_weight=28 14.999999999999998 29 19 22 14.999999999999998 48 21 42 27 19
leaf_count=28 15 29 19 22 15 48 21 42 27 19
internal_value=0.00811423 -0.0497277 -0.0262131 -0.144023 -0.0570081 0.0267202 0.0617763 0.131148 -0.0681932 0.0664669
internal_weight=285 257 242 75 56 167 138 90 48 34
internal_count=285 257 242 75 56 167 138 90 48 34
is_linear=0
shrinkage=0.05


Tree=148
num_leaves=8
num_cat=0
split_feature=35 72 23 84 35 35 18
split_gain=3998.36 758.438 716.904 448.315 654.305 397.343 286.647
threshold=-10.391666666666666 -1.1033333333333333 42.45000000000001 -0.02166666666666665 -4.9333333333333327 14.216666666666669 51.45000000000001
decision_type=2 2 2 2 2 2 2
left_child=-1 -2 -3 6 -5 -6 -4
right_child=1 2 3 4 5 -7 -8
leaf_value=0.77853511234988337 0.29007360459419718 -0.36662014193005033 0.28170404012875949 -0.32989633949241831 0.010543905556394577 -0.16261263558351524 -0.012376891974336612
leaf_weight=15.999999999999998 17 17 17 20 143 43 15.999999999999998
leaf_count=16 17 17 17 20 143 43 16
internal_value=0.0128248 -0.0323023 -0.0538345 -0.0314212 -0.0588583 -0.0295259 0.139362
internal_weight=289 273 256 239 206 186 33
internal_count=289 273 256 239 206 186 33
is_linear=0
shrinkage=0.05


Tree=149
num_leaves=10
num_cat=0
split_feature=25 33 115 35 12 9 17 65 109
split_gain=2493.15 1403.32 481.689 705.869 491.079 492.71 478.511 310.541 251.84
threshold=12.900000000000002 -0.6825 9.8666666666666618 -1.1666666666666659 47.400000000000006 6.8050000000000006 38.900000000000006 21.050000000000004 -0.018333333333333087
decision_type=2 2 2 2 2 2 2 2 2
left_child=-1 -2 3 -3 -5 -6 7 -4 -9
right_child=1 2 6 4 5 -7 -8 8 -10
leaf_value=0.5728544463439541 -0.50173440429301852 0.30153560798405571 -0.017117051982072248 -0.24786771172058511 -0.046080848438233846 0.15685162227199853 0.12961899355794843 -0.068795221905834633 -0.32059956897928865
leaf_weight=18 14.999999999999998 23 25 17 72 51 18 14.999999999999998 30
leaf_count=18 15 23 25 17 72 51 18 15 30
internal_value=0.00501482 -0.0335925 -0.00540727 0.0454606 0.00317024 0.0380803 -0.0996298 -0.158752 -0.237114
internal_weight=284 266 251 163 140 123 88 70 45
internal_count=284 266 251 163 140 123 88 70 45
is_linear=0
shrinkage=0.05


Tree=150
num_leaves=8
num_cat=0
split_feature=62 23 103 35 28 115 105
split_gain=3004.29 1162.75 1033.66 1169.52 356.756 694.742 396.667
threshold=40.550000000000004 42.45000000000001 11.300000000000002 -7.3333333333333277 12.900000000000002 1.1416666666666553 7.3500000000000005
decision_type=2 2 2 2 2 2 2
left_child=-1 -2 -3 -4 6 -6 -5
right_child=1 2 3 4 5 -7 -8
leaf_value=0.57205461772838473 -0.44686675305254975 0.3803588825740562 -0.44448474021682965 -0.27626215320321457 -0.073763922081438602 0.193693507986337 -0.031175818967319843
leaf_weight=21 17 14.999999999999998 17 20 50 47 93
leaf_count=21 17 15 17 20 50 47 93
internal_value=-0.00164686 -0.0483853 -0.0201992 -0.0468456 -0.0144357 0.0558434 -0.074804
internal_weight=280 259 242 227 210 97 113
internal_count=280 259 242 227 210 97 113
is_linear=0
shrinkage=0.05


Tree=151
num_leaves=9
num_cat=0
split_feature=0 33 4 12 37 31 45 95
split_gain=3232.97 2263.58 719.005 1517.29 738.897 500.593 431.706 292.051
threshold=252.00000000000003 -0.64500000000000035 2.5000000000000004 44.150000000000013 -1.4750000000000012 0.011666666666666272 -0.0066666666666666949 36.250000000000007
decision_type=2 2 2 2 2 2 2 2
left_child=-1 -2 5 -4 -5 7 -6 -3
right_child=1 2 3 4 6 -7 -8 -9
leaf_value=0.66354682281700494 -0.57010549024449586 0.073395418621482647 0.52067025704494385 -0.31380258638259262 -0.036660077958198173 -0.39056170324833073 0.12788005106577791 -0.20685467624532583
leaf_weight=17 19 19 14.999999999999998 17 96 17 68 18
leaf_count=17 19 19 15 17 96 17 68 18
internal_value=-0.00308106 -0.0454595 -0.00535437 0.0391468 -0.00099628 -0.166743 0.0315698 -0.0629978
internal_weight=286 269 250 196 181 54 164 37
internal_count=286 269 250 196 181 54 164 37
is_linear=0
shrinkage=0.05


Tree=152
num_leaves=8
num_cat=0
split_feature=13 13 34 80 54 71 111
split_gain=1185.13 1170.16 754.213 566.667 419.269 507.416 413.034
threshold=2.3550000000000004 3.6400000000000006 1.5000000000000002 -0.71833333333333316 32.70000000000001 3.5000000000000004 0.87833333333333308
decision_type=2 2 2 2 2 2 2
left_child=-1 -2 -3 -4 5 -5 -6
right_child=1 2 3 4 6 -7 -8
leaf_value=-0.42173009648997123 0.41354896363043631 -0.38230527062092401 0.2173681504798658 -0.03909052811668947 0.033885944710735215 -0.41961780504280377 -0.1484456493689196
leaf_weight=19 14.999999999999998 14.999999999999998 23 21 127 14.999999999999998 41
leaf_count=19 15 15 23 21 127 15 41
internal_value=-0.0417324 -0.0134666 -0.0401151 -0.017323 -0.0439013 -0.198505 -0.0106437
internal_weight=276 257 242 227 204 36 168
internal_count=276 257 242 227 204 36 168
is_linear=0
shrinkage=0.05


Tree=153
num_leaves=8
num_cat=0
split_feature=25 84 0 15 121 23 22
split_gain=2968.12 838.278 625.131 598.958 1289.73 1168.39 343.9
threshold=17.100000000000005 0.022499999999999996 252.00000000000003 34.000000000000007 0.037499999999999208 54.750000000000007 0.14500000000000005
decision_type=2 2 2 2 2 2 2
left_child=-1 2 -2 4 -4 -5 -7
right_child=1 -3 3 5 -6 6 -8
leaf_value=0.56822596503095035 -0.33021397718925355 -0.31688878307283153 -0.11760539278289338 -0.43786704954893696 0.53612881354148822 -0.12707298143603046 0.041835081996105354
leaf_weight=21 14.999999999999998 26 15.000000000000002 15.999999999999998 14.999999999999998 38 144
leaf_count=21 15 26 15 16 15 38 144
internal_value=-0.00281097 -0.0476032 -0.0186517 0.00195966 0.209791 -0.0295947 0.00649069
internal_weight=290 269 243 228 30 198 182
internal_count=290 269 243 228 30 198 182
is_linear=0
shrinkage=0.05


Tree=154
num_leaves=7
num_cat=0
split_feature=11 98 23 92 84 115
split_gain=2919.99 709.56 994.396 474.847 436.834 373.167
threshold=16.000000000000004 45.45000000000001 46.150000000000013 1.0000000180025095e-35 -0.024999999999999977 2.0833333333333326
decision_type=2 2 2 2 2 2
left_child=-1 2 -2 -4 -5 -6
right_child=1 -3 3 4 5 -7
leaf_value=0.69138318939714249 -0.43854733302893234 0.27895001538550657 0.16912879563381583 0.18100343323190801 -0.17134055157913028 -0.02049267064425633
leaf_weight=14.999999999999998 14.999999999999998 18 29 19 61 125
leaf_count=15 15 18 29 19 61 125
internal_value=0.0149347 -0.0232939 -0.0452661 -0.0198579 -0.0466864 -0.0700566
internal_weight=282 267 249 234 205 186
internal_count=282 267 249 234 205 186
is_linear=0
shrinkage=0.05


Tree=155
num_leaves=7
num_cat=0
split_feature=32 25 36 38 62 13
split_gain=4555.38 1055.19 839.98 538.452 518.619 452.387
threshold=1.5000000000000002 14.650000000000002 2.5000000000000004 1.5000000000000002 42.850000000000001 5.0200000000000005
decision_type=2 2 2 2 2 2
left_child=-1 -2 -3 -4 -5 -6
right_child=1 2 3 4 5 -7
leaf_value=0.86596200660068468 -0.39487794344596439 0.30236424525484656 -0.30599233848708018 -0.27116021852047123 0.18475412664276597 -0.01698109293146708
leaf_weight=14.999999999999998 18 21 15.999999999999998 17 33 173
leaf_count=15 18 21 16 17 33 173
internal_value=0.020168 -0.0257454 -2.88212e-05 -0.0267352 -0.00654821 0.0153854
internal_weight=293 278 260 239 223 206
internal_count=293 278 260 239 223 206
is_linear=0
shrinkage=0.05


Tree=156
num_leaves=8
num_cat=0
split_feature=11 35 33 108 31 60 56
split_gain=2969.25 678.459 740.489 411.035 737.563 305.35 228.091
threshold=16.000000000000004 -8.1916666666666629 -0.2883333333333335 5.5000000000000009 -0.014999999999999234 33.650000000000006 24.900000000000002
decision_type=2 2 2 2 2 2 2
left_child=-1 -2 -3 5 -5 -4 -7
right_child=1 2 3 4 -6 6 -8
leaf_value=0.68974108380197696 -0.31803618089066754 0.30873030797082779 -0.27013745726265526 -0.059773532193137968 0.38962518811620628 -0.1444631630922015 -0.0113366430428322
leaf_weight=14.999999999999998 19 17 15.999999999999998 23 14.999999999999998 42 137
leaf_count=15 19 17 16 23 15 42 137
internal_value=0.00746953 -0.0307989 -0.00883049 -0.0321441 0.118047 -0.0614832 -0.0426642
internal_weight=284 269 250 233 38 195 179
internal_count=284 269 250 233 38 195 179
is_linear=0
shrinkage=0.05


Tree=157
num_leaves=11
num_cat=0
split_feature=0 33 115 35 4 64 33 31 65 108
split_gain=3390.17 1525.28 662.391 1047.68 663.81 538.289 510.122 458.741 176.151 183.957
threshold=252.00000000000003 -0.70749999999999946 9.8666666666666618 -4.2416666666666663 2.5000000000000004 23.900000000000002 -0.12250000000000004 -0.029166666666666782 20.400000000000002 3.5000000000000004
decision_type=2 2 2 2 2 2 2 2 2 2
left_child=-1 -2 3 -3 5 -5 -4 -6 -8 -10
right_child=1 2 6 4 7 -7 8 -9 9 -11
leaf_value=0.68824560589957651 -0.50973234809703705 0.42072028765204356 -0.32844808615440702 -0.40806936258511839 -0.056483501396313668 -0.012254532170829488 0.057331243540736147 0.14714938509567776 -0.015862525272143397 -0.23711415912237085
leaf_weight=17 15.999999999999998 17 22 14.999999999999998 46 20 24 69 21 17
leaf_count=17 16 17 22 15 46 20 24 69 21 17
internal_value=0.00572413 -0.037955 -0.00767059 0.0499119 0.0076014 -0.182711 -0.122133 0.0656745 -0.0484327 -0.115337
internal_weight=284 267 251 167 150 35 84 115 62 38
internal_count=284 267 251 167 150 35 84 115 62 38
is_linear=0
shrinkage=0.05


Tree=158
num_leaves=10
num_cat=0
split_feature=0 33 63 115 33 41 111 37 18
split_gain=2944.24 1364.2 702.279 702.785 1553.05 702.51 442.35 411.302 386.755
threshold=252.00000000000003 -0.70749999999999946 60.95000000000001 9.8666666666666618 -0.2025000000000001 -0.54583333333333328 1.1825000000000003 7.8250000000000037 46.250000000000007
decision_type=2 2 2 2 2 2 2 2 2
left_child=-1 -2 3 4 -3 -6 7 -5 -8
right_child=1 2 -4 6 5 -7 8 -9 -10
leaf_value=0.61848415173384375 -0.47238006960894713 0.52614995181909074 -0.27416240503261619 -0.43843800843946196 0.31131140614412112 -0.022821212041468596 -0.19484926525350901 -0.083563720425642321 0.10475764439226837
leaf_weight=18 17 17 23 14.999999999999998 18 120 17 18 29
leaf_count=18 17 17 23 15 18 120 17 18 29
internal_value=0.000833253 -0.039935 -0.0111376 0.0148 0.0766671 0.020919 -0.106465 -0.245859 -0.00604067
internal_weight=292 274 257 234 155 138 79 33 46
internal_count=292 274 257 234 155 138 79 33 46
is_linear=0
shrinkage=0.05


Tree=159
num_leaves=10
num_cat=0
split_feature=61 65 33 58 43 93 78 35 74
split_gain=3018.83 1210.08 1248.98 1051.63 975.483 757.665 725.798 737.356 524.081
threshold=0.20500000000000004 43.750000000000007 0.037499999999999652 5.9650000000000007 -0.30666666666666703 43.100000000000001 0.53833333333333366 -0.82500000000000007 -10.199999999999998
decision_type=2 2 2 2 2 2 2 2 2
left_child=1 3 -3 4 5 -1 8 -8 -6
right_child=-2 2 -4 -5 6 -7 7 -9 -10
leaf_value=-0.54487074830674176 0.68194761490387634 -0.65993693617006022 -0.068765903045254761 0.29689697924416186 0.1933250172446106 -0.084137619135066927 0.42017812877022032 0.041457551059218375 -0.12747084435383285
leaf_weight=14.999999999999998 14.999999999999998 14.999999999999998 22 26 14.999999999999998 22 17 52 81
leaf_count=15 15 15 22 26 15 22 17 52 81
internal_value=-0.00569096 -0.0448753 -0.309697 -0.00176095 -0.0403547 -0.272021 0.0116978 0.135311 -0.0771454
internal_weight=280 265 37 228 202 37 165 69 96
internal_count=280 265 37 228 202 37 165 69 96
is_linear=0
shrinkage=0.05


Tree=160
num_leaves=12
num_cat=0
split_feature=39 0 37 0 89 17 103 92 31 62 116
split_gain=2973.8 670.569 1451.57 1416.44 471.58 421.673 695.132 366.279 286.861 347.891 245.438
threshold=-1.1899999999999997 2814.0000000000005 -2.1916666666666624 3055.5000000000005 43.45000000000001 35.250000000000007 15.750000000000002 28.750000000000004 -0.035833333333333155 70.300000000000011 5.5000000000000009
decision_type=2 2 2 2 2 2 2 2 2 2 2
left_child=-1 2 -2 -3 7 6 -4 -5 -7 -10 -8
right_child=1 3 5 4 -6 8 10 -9 9 -11 -12
leaf_value=0.52520460684698411 -0.46159097189354203 0.40424024315623497 -0.42143784856164701 -0.098765344796071491 -0.26836748711805974 -0.065627908643863211 0.0051515275007367354 0.18033635230625378 0.29613460637824074 -0.025164489028666987 -0.19892244973585974
leaf_weight=25 24 23 14.999999999999998 25 18 26 55 22 19 14.999999999999998 20
leaf_count=25 24 23 15 25 18 26 55 22 19 15 20
internal_value=0.00527799 -0.0444957 -0.101374 0.0678992 -0.0514751 -0.0434371 -0.111856 0.0318774 0.0591231 0.15458 -0.049394
internal_weight=287 262 174 88 65 150 90 47 60 34 75
internal_count=287 262 174 88 65 150 90 47 60 34 75
is_linear=0
shrinkage=0.05


Tree=161
num_leaves=7
num_cat=0
split_feature=0 37 35 24 101 27
split_gain=3825.84 953 754.528 556.064 351.433 294.69
threshold=252.00000000000003 -10.808333333333325 -6.7416666666666663 28.100000000000005 86.850000000000009 7.5500000000000007
decision_type=2 2 2 2 2 2
left_child=-1 -2 -3 -4 5 -5
right_child=1 2 3 4 -6 -7
leaf_value=0.78615210968137583 -0.39299628698860695 0.3239210300564026 -0.25231472460619842 0.21776322896717587 -0.18295301322620439 -2.0622556267988042e-05
leaf_weight=14.999999999999998 17 15.999999999999998 25 17 24 169
leaf_count=15 17 16 25 17 24 169
internal_value=0.011776 -0.0318244 -0.00719584 -0.0298894 -0.00327893 0.0199638
internal_weight=283 268 251 235 210 186
internal_count=283 268 251 235 210 186
is_linear=0
shrinkage=0.05


Tree=162
num_leaves=8
num_cat=0
split_feature=62 13 14 37 1 31 39
split_gain=2509.47 1147.19 991.816 1066.72 332.802 495.26 354.967
threshold=40.550000000000004 2.3550000000000004 19.400000000000002 -3.2166666666666717 1.5000000000000002 -0.030833333333333709 2.7575000000000007
decision_type=2 2 2 2 2 2 2
left_child=-1 -2 -3 -4 5 -5 -6
right_child=1 2 3 4 6 -7 -8
leaf_value=0.48103637265590216 -0.43602179120917345 0.3225020941639446 -0.34712140129061209 -0.06897327509705134 -0.023552974726329005 0.22862900511154358 -0.25998464192145437
leaf_weight=24 18 19 27 26 130 30 18
leaf_count=24 18 19 27 26 130 30 18
internal_value=-0.00766741 -0.0516137 -0.023753 -0.0523818 -0.0131966 0.0904907 -0.0524981
internal_weight=292 268 250 231 204 56 148
internal_count=292 268 250 231 204 56 148
is_linear=0
shrinkage=0.05


Tree=163
num_leaves=7
num_cat=0
split_feature=34 15 35 62 25 39
split_gain=2840.28 887.515 728.602 480.229 455.553 449.376
threshold=1.5000000000000002 1.0000000180025095e-35 -5.5249999999999977 43.750000000000007 22.850000000000005 -1.0000000180025095e-35
decision_type=2 2 2 2 2 2
left_child=-1 -2 -3 -4 -5 -6
right_child=1 2 3 4 5 -7
leaf_value=0.64753427798888696 -0.34741574813969328 0.30530188505412542 -0.24921818085950176 -0.24183314167236158 0.23190578694203734 -0.012719861130549879
leaf_weight=15.999999999999998 21 17 23 19 21 170
leaf_count=16 21 17 23 19 21 170
internal_value=0.00229572 -0.0360059 -0.00969903 -0.0328245 -0.0089931 0.0142573
internal_weight=287 271 250 233 210 191
internal_count=287 271 250 233 210 191
is_linear=0
shrinkage=0.05


Tree=164
num_leaves=13
num_cat=0
split_feature=37 93 35 67 35 37 35 102 13 37 25 58
split_gain=3774.54 635.071 1741.8 609.633 845.192 508.744 782.249 486.546 407.241 402.668 170.827 132.936
threshold=-10.808333333333325 55.95000000000001 -3.3916666666666671 13.450000000000001 -3.7416666666666649 6.575000000000002 7.5749999999999984 18.750000000000004 5.0750000000000011 3.0416666666666647 36.750000000000007 5.3750000000000009
decision_type=2 2 2 2 2 2 2 2 2 2 2 2
left_child=-1 2 -2 4 -3 8 -7 -8 -4 -5 -6 -12
right_child=1 3 5 9 10 6 7 -9 -10 -11 11 -13
leaf_value=0.74578225480185623 0.55939117338483701 -0.52274745829058011 -0.32466239281661852 0.23518943336100606 0.0060912438183685774 0.34056058780165849 -0.26152727644636026 0.049075982908168475 0.0020048524345715009 -0.070490698060628881 -0.2429965293815522 -0.065235553986114969
leaf_weight=17 14.999999999999998 14.999999999999998 19 17 22 19 15.999999999999998 58 19 29 24 19
leaf_count=17 15 15 19 17 22 19 16 58 19 29 24 19
internal_value=0.0252222 -0.020052 0.0508862 -0.102265 -0.185594 -0.00768365 0.0552678 -0.0182763 -0.161621 0.0426347 -0.107029 -0.164901
internal_weight=289 272 146 126 80 131 93 74 38 46 65 43
internal_count=289 272 146 126 80 131 93 74 38 46 65 43
is_linear=0
shrinkage=0.05


Tree=165
num_leaves=11
num_cat=0
split_feature=35 0 115 63 35 24 107 38 113 54
split_gain=3643.19 764.628 582.011 652.569 1363.67 582.575 459.446 415.049 205.485 93.0554
threshold=-9.9999999999999982 252.00000000000003 12.133333333333342 55.800000000000004 -4.041666666666667 30.400000000000002 53.500000000000007 3.5000000000000004 18.533333333333335 44.300000000000004
decision_type=2 2 2 2 2 2 2 2 2 2
left_child=-1 -2 3 4 -3 -6 -5 -4 9 -9
right_child=1 2 7 6 5 -7 -8 8 -10 -11
leaf_value=0.74452099304021513 -0.37582278338489156 0.53475554403879788 -0.30921109423917881 -0.35287430908368972 -0.25941125444623808 0.071215237891688543 0.031252850012372664 -0.19594122467778666 0.098460322285290822 -0.02979564516810897
leaf_weight=15.999999999999998 14.999999999999998 14.999999999999998 22 16.000000000000004 14.999999999999998 113 14.999999999999998 18 15.999999999999998 15.999999999999998
leaf_count=16 15 15 22 16 15 113 15 18 16 16
internal_value=0.0145437 -0.0304548 -0.00923127 0.0402228 0.0853399 0.0322587 -0.167343 -0.128705 -0.0487233 -0.118218
internal_weight=277 261 246 174 143 128 31 72 50 34
internal_count=277 261 246 174 143 128 31 72 50 34
is_linear=0
shrinkage=0.05


Tree=166
num_leaves=7
num_cat=0
split_feature=23 0 111 33 88 108
split_gain=4403.65 1011.78 1209.39 907.012 480.739 301.358
threshold=40.800000000000004 214.50000000000003 -0.89249999999999996 -0.59499999999999986 4.2000000000000011 5.5000000000000009
decision_type=2 2 2 2 2 2
left_child=-1 -2 -3 -4 -5 -6
right_child=1 2 3 4 5 -7
leaf_value=0.84204292581570861 -0.43326251601541288 0.42197096197810402 -0.35240854561611373 -0.26309146229831271 -0.011905274949725531 0.16490474692230972
leaf_weight=14.999999999999998 14.999999999999998 14.999999999999998 21 17 169 28
leaf_count=15 15 15 21 17 169 28
internal_value=0.011497 -0.0357961 -0.0117644 -0.0396386 -0.00877264 0.0132706
internal_weight=280 265 250 235 214 197
internal_count=280 265 250 235 214 197
is_linear=0
shrinkage=0.05


Tree=167
num_leaves=9
num_cat=0
split_feature=105 36 95 119 9 51 101 15
split_gain=2757.98 1752.07 834.501 973.49 2002.43 578.259 632.423 599.028
threshold=36.900000000000006 1.5000000000000002 45.000000000000007 0.37416666666666615 6.8050000000000006 38.650000000000013 46.400000000000013 46.850000000000009
decision_type=2 2 2 2 2 2 2 2
left_child=1 -1 3 5 -5 7 -7 -3
right_child=-2 2 -4 4 -6 6 -8 -9
leaf_value=-0.55701922489249189 0.49678546241438204 -0.46617365009737322 -0.34607357064992683 -0.076067356521864804 0.60347573256695464 0.25732340658482039 -0.04258008780417237 -0.019563938687179264
leaf_weight=15.999999999999998 25 15.000000000000002 18 25 19 20 140 14.999999999999998
leaf_count=16 25 15 18 25 19 20 140 15
internal_value=-0.00437884 -0.0513158 -0.0189795 0.00629726 0.217961 -0.0427823 -0.00492361 -0.243842
internal_weight=293 268 252 234 44 190 160 30
internal_count=293 268 252 234 44 190 160 30
is_linear=0
shrinkage=0.05


Tree=168
num_leaves=8
num_cat=0
split_feature=84 36 74 45 64 76 2
split_gain=2656.98 1061.04 691.54 1089.21 546.18 630.753 502.957
threshold=0.025833333333333323 1.5000000000000002 17.533333333333342 0.019166666666666669 36.000000000000007 10.458333333333341 1.5000000000000002
decision_type=2 2 2 2 2 2 2
left_child=1 -1 3 4 5 -3 -6
right_child=-2 2 -4 -5 6 -7 -8
leaf_value=-0.42182810899109868 0.58523276570093563 -0.14064325245688364 -0.34259291410643539 0.41725662832228561 0.24325615155288546 0.19608214666939669 -0.0056144654424669978
leaf_weight=17 18 102 14.999999999999998 14.999999999999998 28 15.999999999999998 73
leaf_count=17 18 102 15 15 28 16 73
internal_value=-0.000935581 -0.0408249 -0.0146337 0.00650535 -0.0217831 -0.0948159 0.0635023
internal_weight=284 266 249 234 219 118 101
internal_count=284 266 249 234 219 118 101
is_linear=0
shrinkage=0.05


Tree=169
num_leaves=10
num_cat=0
split_feature=32 23 24 121 23 17 17 15 32
split_gain=2419.76 881.19 475.934 343.702 635.585 604.222 266.624 292.152 91.7127
threshold=1.5000000000000002 40.800000000000004 25.550000000000004 0.080000000000000529 83.050000000000011 28.250000000000004 21.950000000000003 52.100000000000009 5.5000000000000009
decision_type=2 2 2 2 2 2 2 2 2
left_child=-1 -2 -3 6 5 -5 -4 -8 -6
right_child=1 2 3 4 8 -7 7 -9 -10
leaf_value=0.60007604510578894 -0.42145176881196483 -0.23067169124367592 -0.23207626140249371 0.43662238220990812 -0.17408290166222587 0.069211775755303892 -0.13821717997515887 0.025152765764799686 -0.0064889640405478071
leaf_weight=14.999999999999998 14.999999999999998 26 18 15.999999999999998 18 37 40 86 14.999999999999998
leaf_count=15 15 26 18 16 18 37 40 86 15
internal_value=-0.0159289 -0.0502523 -0.0283267 -0.00534091 0.0736759 0.180836 -0.0525846 -0.0267395 -0.0983046
internal_weight=286 271 256 230 86 53 144 126 33
internal_count=286 271 256 230 86 53 144 126 33
is_linear=0
shrinkage=0.05


Tree=170
num_leaves=8
num_cat=0
split_feature=23 36 1 62 31 108 104
split_gain=3266.94 763.958 640.837 446.417 363.906 552.793 322.918
threshold=40.800000000000004 1.5000000000000002 5.5000000000000009 42.850000000000001 -0.046666666666666405 5.5000000000000009 25.500000000000004
decision_type=2 2 2 2 2 2 2
left_child=-1 -2 3 -3 6 -6 -5
right_child=1 2 -4 4 5 -7 -8
leaf_value=0.69516400639314835 -0.35198745977812712 -0.25721421052494325 0.27097138884317812 -0.29646755160461546 -0.016953951796377854 0.25236339011562492 -0.029476904256594133
leaf_weight=15.999999999999998 18 21 18 19 138 22 28
leaf_count=16 18 21 18 19 138 22 28
internal_value=0.00367222 -0.0384648 -0.0153701 -0.0381068 -0.0157409 0.0201805 -0.137916
internal_weight=280 264 246 228 207 160 47
internal_count=280 264 246 228 207 160 47
is_linear=0
shrinkage=0.05


Tree=171
num_leaves=11
num_cat=0
split_feature=33 20 80 41 72 65 35 76 19 35
split_gain=1307.08 492.485 643.408 777.528 573.523 452.825 628.511 406.472 294.093 246.002
threshold=-0.74666666666666692 29.450000000000003 -0.58499999999999985 0.06083333333333308 0.61583333333333334 13.9 -4.9333333333333327 3.6416666666666697 4.8900000000000015 7.8666666666666698
decision_type=2 2 2 2 2 2 2 2 2 2
left_child=-1 4 3 -3 8 -4 -7 -8 9 -2
right_child=1 2 5 -5 -6 6 7 -9 -10 -11
leaf_value=-0.47998345079477772 0.191024575782138 0.47974304921974414 0.18263233030273907 -0.0064905511246201742 -0.34297513202542351 -0.36554690828386527 -0.1172130729908568 0.065958889256472947 -0.19857146603659998 -0.068451447230138823
leaf_weight=17 14.999999999999998 14.999999999999998 22 18 23 14.999999999999998 59 62 21 23
leaf_count=17 15 15 22 18 23 15 59 62 21 23
internal_value=-0.0558954 -0.0293026 0.0146877 0.215155 -0.131722 -0.0272601 -0.0613593 -0.0233381 -0.0488429 0.0340746
internal_weight=290 273 191 33 82 158 136 121 59 38
internal_count=290 273 191 33 82 158 136 121 59 38
is_linear=0
shrinkage=0.05


Tree=172
num_leaves=8
num_cat=0
split_feature=62 13 14 37 20 31 105
split_gain=2646.49 1486.66 815.374 887.173 444.903 381.297 293.617
threshold=40.550000000000004 2.3550000000000004 16.150000000000002 -3.2166666666666717 28.150000000000002 -0.030833333333333709 14.550000000000002
decision_type=2 2 2 2 2 2 2
left_child=-1 -2 -3 -4 6 -6 -5
right_child=1 2 3 4 5 -7 -8
leaf_value=0.52331970819520734 -0.48379876829313312 0.3189113731621302 -0.31932600921843635 -0.27716976784503283 -0.064793325869112697 0.1051150050123825 -0.035779134093994094
leaf_weight=22 18 17 25 20 52 90 34
leaf_count=22 18 17 25 20 52 90 34
internal_value=-0.00163302 -0.0469524 -0.0137033 -0.0394443 -0.00357497 0.0428581 -0.125623
internal_weight=278 256 238 221 196 142 54
internal_count=278 256 238 221 196 142 54
is_linear=0
shrinkage=0.05


Tree=173
num_leaves=8
num_cat=0
split_feature=37 84 74 0 37 101 98
split_gain=2365.72 618.864 643.415 625.479 819.13 643.843 341.324
threshold=-11.875000000000002 0.028333333333333339 -9.7583333333333311 1002.5000000000001 -6.1583333333333341 46.400000000000013 28.050000000000004
decision_type=2 2 2 2 2 2 2
left_child=-1 2 -2 6 -5 -6 -4
right_child=1 -3 3 4 5 -7 -8
leaf_value=0.60688426822226571 0.21760654362682186 -0.34713564140117725 -0.37007461387215485 -0.34381876754464574 0.25781850643042059 -0.012054569442613641 -0.095119704438698244
leaf_weight=14.999999999999998 26 14.999999999999998 19 15.999999999999998 26 144 28
leaf_count=15 26 15 19 16 26 144 28
internal_value=-0.00237993 -0.0359613 -0.0177933 -0.0441646 -0.00292038 0.029318 -0.206928
internal_weight=289 274 259 233 186 170 47
internal_count=289 274 259 233 186 170 47
is_linear=0
shrinkage=0.05


Tree=174
num_leaves=7
num_cat=0
split_feature=62 13 54 29 84 40
split_gain=2530.31 1533.23 530.525 605.819 468.678 517.775
threshold=40.550000000000004 2.3550000000000004 75.300000000000011 56.500000000000007 -0.022500000000000003 1.5000000000000002
decision_type=2 2 2 2 2 2
left_child=-1 -2 3 4 -3 -6
right_child=1 2 -4 -5 5 -7
leaf_value=0.49877805448584739 -0.51991894566309371 0.21459325346803168 -0.28446488324661701 0.2663856980738355 0.11366346024366983 -0.08914748344667292
leaf_weight=23 15.999999999999998 19 17 20 40 146
leaf_count=23 16 19 17 20 40 146
internal_value=-0.00254973 -0.0474371 -0.0159761 0.00440489 -0.0212473 -0.0454677
internal_weight=281 258 242 225 205 186
internal_count=281 258 242 225 205 186
is_linear=0
shrinkage=0.05


Tree=175
num_leaves=9
num_cat=0
split_feature=105 33 54 54 78 0 101 87
split_gain=2577.23 1413.86 470.325 454.104 390.267 375.436 605.089 163.485
threshold=36.900000000000006 -0.64500000000000035 1.0000000180025095e-35 40.250000000000007 0.11833333333333319 702.00000000000011 46.400000000000013 6.8250000000000011
decision_type=2 2 2 2 2 2 2 2
left_child=1 -1 -3 4 7 -5 -7 -4
right_child=-2 2 3 5 -6 6 -8 -9
leaf_value=-0.41230420276716162 0.50153577183701747 0.26743344960623233 -0.13025943027301268 -0.18730588458595476 -0.31942318070735509 0.29611825454291574 0.0067588193059960212 0.081242143101250108
leaf_weight=23 24 14.999999999999998 23 19 20 21 126 14.999999999999998
leaf_count=23 24 15 23 19 20 21 126 15
internal_value=0.00671523 -0.0387668 -0.00264139 -0.0208603 -0.141181 0.0212092 0.0483031 -0.0466466
internal_weight=286 262 239 224 58 166 147 38
internal_count=286 262 239 224 58 166 147 38
is_linear=0
shrinkage=0.05


Tree=176
num_leaves=8
num_cat=0
split_feature=23 81 28 12 101 88 62
split_gain=3559.19 553.368 610.381 573.235 334.81 275.819 272.168
threshold=40.800000000000004 5.5000000000000009 8.1500000000000021 37.95000000000001 89.250000000000014 4.2000000000000011 83.550000000000011
decision_type=2 2 2 2 2 2 2
left_child=-1 3 -3 -2 5 -5 -7
right_child=1 2 -4 4 -6 6 -8
leaf_value=0.72499629992135561 -0.32574094304101386 0.38114542003893703 -0.015590140894330296 -0.19417910933212082 -0.22574336441693368 -0.032950355236912823 0.13110464249776491
leaf_weight=15.999999999999998 20 14.999999999999998 27 21 23 135 31
leaf_count=16 20 15 27 21 23 135 31
internal_value=0.00262673 -0.0400981 0.126551 -0.0705931 -0.0461261 -0.0238985 -0.00222299
internal_weight=288 272 42 230 210 187 166
internal_count=288 272 42 230 210 187 166
is_linear=0
shrinkage=0.05


Tree=177
num_leaves=9
num_cat=0
split_feature=13 31 33 4 23 35 31 53
split_gain=3723.23 584.38 715.978 334.555 476.469 467.856 513.052 205.874
threshold=3.2450000000000006 0.050833333333333737 -0.32499999999999968 6.5000000000000009 54.750000000000007 -0.55833333333333701 0.018333333333333982 39.150000000000013
decision_type=2 2 2 2 2 2 2 2
left_child=-1 2 -2 4 -4 -5 -7 -6
right_child=1 -3 3 5 7 6 -8 -9
leaf_value=0.57301490983504832 -0.30255188549158674 0.21908567766725173 -0.34928209307967439 0.29431453651150336 -0.0040035895445273322 -0.056500668453544803 0.26154569958811569 -0.18987467446564379
leaf_weight=28 26 21 14.999999999999998 14.999999999999998 68 79 14.999999999999998 19
leaf_count=28 26 21 15 15 68 79 15 19
internal_value=0.0264547 -0.0330415 -0.055486 -0.0248893 -0.0899453 0.0359696 -0.00547144 -0.0448249
internal_weight=286 258 237 211 102 109 94 87
internal_count=286 258 237 211 102 109 94 87
is_linear=0
shrinkage=0.05


Tree=178
num_leaves=8
num_cat=0
split_feature=105 33 100 23 15 31 87
split_gain=2376.41 1499.41 644.458 479.51 216.054 299.121 187.777
threshold=36.900000000000006 -0.64500000000000035 0.14500000000000005 54.150000000000006 52.100000000000009 -1.0000000180025095e-35 6.7950000000000008
decision_type=2 2 2 2 2 2 2
left_child=1 -1 -3 -4 6 -6 -5
right_child=-2 2 3 4 5 -7 -8
leaf_value=-0.4340350471017681 0.46950603463934321 0.22238785098681504 -0.24612302061808539 0.00084500950536543914 -0.033292472271681146 0.12995330216595377 -0.17024061652378733
leaf_weight=23 24 26 25 31 77 44 33
leaf_count=23 24 26 25 31 77 44 33
internal_value=-0.00538351 -0.0495722 -0.0119143 -0.0410389 -0.0131799 0.0260866 -0.087421
internal_weight=283 259 236 210 185 121 64
internal_count=283 259 236 210 185 121 64
is_linear=0
shrinkage=0.05


Tree=179
num_leaves=7
num_cat=0
split_feature=25 84 0 123 111 33
split_gain=2336.32 686.796 517.63 366.177 283.106 618.793
threshold=17.100000000000005 0.022499999999999996 252.00000000000003 0.026666666666666661 1.6266666666666671 -0.32499999999999968
decision_type=2 2 2 2 2 2
left_child=-1 2 -2 4 5 -4
right_child=1 -3 3 -5 -6 -7
leaf_value=0.47241904885221864 -0.31027188618846291 -0.31247591306636857 -0.33967575942692552 0.22191998295902465 0.169297486787651 -0.015696652418455647
leaf_weight=23 14.999999999999998 23 15.999999999999998 15.999999999999998 17 175
leaf_count=23 15 23 16 16 17 175
internal_value=-0.0096099 -0.0521086 -0.0269112 -0.00778387 -0.0255756 -0.043026
internal_weight=285 262 239 224 208 191
internal_count=285 262 239 224 208 191
is_linear=0
shrinkage=0.05


Tree=180
num_leaves=8
num_cat=0
split_feature=32 25 36 105 105 70 59
split_gain=2387.24 904.423 859.539 385.29 439.647 621.306 248.209
threshold=1.5000000000000002 14.650000000000002 2.5000000000000004 37.800000000000004 6.8000000000000016 1.0000000180025095e-35 43.150000000000013
decision_type=2 2 2 2 2 2 2
left_child=-1 -2 -3 4 5 -4 -6
right_child=1 2 3 -5 6 -7 -8
leaf_value=0.60318818074583225 -0.40635633735182863 0.30265205995574673 -0.03715623682161729 -0.26786560123138003 0.032494872198633243 -0.42660039986995674 -0.16370736344907821
leaf_weight=14.999999999999998 15.999999999999998 19 32 18 147 14.999999999999998 18
leaf_count=15 16 19 32 18 147 15 18
internal_value=-0.00829846 -0.0431442 -0.0196315 -0.0463966 -0.0274516 -0.162195 0.0109745
internal_weight=280 265 249 230 212 47 165
internal_count=280 265 249 230 212 47 165
is_linear=0
shrinkage=0.05


Tree=181
num_leaves=11
num_cat=0
split_feature=80 23 10 64 3 70 74 51 93 102
split_gain=2162.86 8810.92 2069.96 443.573 522.53 374.95 314.079 313.384 329.141 407.671
threshold=-0.26166666666666666 55.850000000000009 4.0950000000000006 36.000000000000007 3.5000000000000004 0.021666666666666948 -5.1833333333333327 70.15000000000002 72.450000000000017 53.100000000000001
decision_type=2 2 2 2 2 2 2 2 2 2
left_child=1 -1 -2 6 -5 7 -3 8 9 -4
right_child=2 3 5 4 -6 -7 -8 -9 -10 -11
leaf_value=1.30247228212118 -0.63845917108636474 0.038155987701430825 -0.013206351973880662 -0.061484088957027228 0.31041636782431464 -0.22272739218569351 -0.24714457171339219 -0.23473298065364367 -0.17266610930947698 0.20406295777252109
leaf_weight=14.999999999999998 15.999999999999998 15.999999999999998 93 21 17 26 24 14.999999999999998 22 28
leaf_count=15 16 16 93 21 17 26 24 15 22 28
internal_value=-0.00212161 0.196952 -0.0947682 -0.0169791 0.105139 -0.0471424 -0.133089 -0.0180944 0.00474309 0.0371565
internal_weight=293 93 200 78 38 184 40 158 143 121
internal_count=293 93 200 78 38 184 40 158 143 121
is_linear=0
shrinkage=0.05


Tree=182
num_leaves=9
num_cat=0
split_feature=23 92 45 0 25 83 63 11
split_gain=2832.49 576.812 1108.42 991.452 493.677 382.646 337.021 272.09
threshold=40.800000000000004 1.0000000180025095e-35 -0.0066666666666666949 252.00000000000003 14.650000000000002 4.5000000000000009 60.95000000000001 36.250000000000007
decision_type=2 2 2 2 2 2 2 2
left_child=-1 2 -2 -3 -5 6 -6 -7
right_child=1 3 -4 4 5 7 -8 -9
leaf_value=0.65077465335774864 -0.099498318814482359 -0.4507537279204028 0.46379579985919206 -0.29956629935258666 0.048245746114297189 -0.26678627970801222 -0.16983500269811547 -0.023278641428690235
leaf_weight=15.999999999999998 19 14.999999999999998 15.999999999999998 15.999999999999998 149 22 20 24
leaf_count=16 19 15 16 16 149 22 20 24
internal_value=0.00578099 -0.0311453 0.158453 -0.0581944 -0.0324978 -0.0124697 0.0223226 -0.140173
internal_weight=297 281 35 246 231 215 169 46
internal_count=297 281 35 246 231 215 169 46
is_linear=0
shrinkage=0.05


Tree=183
num_leaves=7
num_cat=0
split_feature=84 23 45 0 64 22
split_gain=2588.19 719.459 668.55 752.917 499.505 391.697
threshold=0.023333333333333334 42.45000000000001 0.016666666666666653 306.00000000000006 9.5500000000000025 0.13500000000000004
decision_type=2 2 2 2 2 2
left_child=1 -1 3 -3 -5 -6
right_child=-2 2 -4 4 5 -7
leaf_value=-0.37685802290771186 0.51071799535513962 -0.38568444015174519 0.27118521262351319 -0.29657929768625479 -0.19568433837113877 0.028221706517266777
leaf_weight=14.999999999999998 23 14.999999999999998 18 14.999999999999998 22 168
leaf_count=15 23 15 18 15 22 168
internal_value=0.00406644 -0.0421566 -0.0208916 -0.0449238 -0.0197899 0.00218014
internal_weight=276 253 238 220 205 190
internal_count=276 253 238 220 205 190
is_linear=0
shrinkage=0.05


Tree=184
num_leaves=11
num_cat=0
split_feature=0 33 109 31 29 20 35 23 9 24
split_gain=2916.93 1370.46 421.889 888.645 298.724 576.061 431.144 438.977 199.778 113.349
threshold=252.00000000000003 -0.70749999999999946 0.037499999999999652 -0.0083333333333341902 50.500000000000007 31.300000000000001 2.6333333333333333 54.750000000000007 6.8950000000000005 47.20000000000001
decision_type=2 2 2 2 2 2 2 2 2 2
left_child=-1 -2 4 9 5 -3 7 -6 -8 -4
right_child=1 2 3 -5 6 -7 8 -9 -10 -11
leaf_value=0.6772463296817629 -0.48425554250893382 -0.12564403655513232 0.069834318849610985 0.42764368494104893 -0.40715202164176284 0.2981403594477135 0.02204293269142266 -0.095866597099573139 -0.16403665851518423 -0.11496114293385667
leaf_weight=14.999999999999998 15.999999999999998 14.999999999999998 15.999999999999998 15.999999999999998 14.999999999999998 17 92 46 17 17
leaf_count=15 16 15 16 16 15 17 92 46 17 17
internal_value=0.00114187 -0.0370621 -0.00835437 0.123087 -0.0403085 0.0995631 -0.0667097 -0.173035 -0.00705658 -0.025272
internal_weight=282 267 251 49 202 32 170 61 109 33
internal_count=282 267 251 49 202 32 170 61 109 33
is_linear=0
shrinkage=0.05


Tree=185
num_leaves=7
num_cat=0
split_feature=25 84 111 23 101 111
split_gain=2468.84 674.498 365.261 365.579 409.167 330.703
threshold=17.750000000000004 0.022499999999999996 1.6266666666666671 54.150000000000006 88.500000000000014 0.90000000000000047
decision_type=2 2 2 2 2 2
left_child=-1 2 3 -2 5 -5
right_child=1 -3 -4 4 -6 -7
leaf_value=0.45316552461100906 -0.22763410640912718 -0.30624041985639766 0.21477951482431781 0.037154185629571158 -0.24411080247048514 -0.13765486653027578
leaf_weight=27 23 23 14.999999999999998 148 18 33
leaf_count=27 23 23 15 148 18 33
internal_value=-0.000978028 -0.0483144 -0.0231439 -0.0393318 -0.0174397 0.0051969
internal_weight=287 260 237 222 199 181
internal_count=287 260 237 222 199 181
is_linear=0
shrinkage=0.05


Tree=186
num_leaves=8
num_cat=0
split_feature=11 84 0 99 14 14 18
split_gain=2471.58 590.902 481.309 527.316 270.581 502.031 327.476
threshold=16.000000000000004 0.028333333333333339 252.00000000000003 62.300000000000004 40.20000000000001 28.850000000000005 38.400000000000006
decision_type=2 2 2 2 2 2 2
left_child=-1 2 -2 4 5 -4 -6
right_child=1 -3 3 -5 6 -7 -8
leaf_value=0.62649235788560076 -0.28608769146811891 -0.32450180124051825 0.015830473007096637 0.2376991572962627 -0.14166320519453565 -0.189628610916867 0.089269496372658852
leaf_weight=14.999999999999998 14.999999999999998 15.999999999999998 73 22 19 50 78
leaf_count=15 15 16 73 22 19 50 78
internal_value=0.00377222 -0.0306417 -0.0122084 0.0048581 -0.0185007 -0.0677351 0.0438845
internal_weight=288 273 257 242 220 123 97
internal_count=288 273 257 242 220 123 97
is_linear=0
shrinkage=0.05


Tree=187
num_leaves=7
num_cat=0
split_feature=61 36 74 35 62 105
split_gain=2442.78 942.297 561.174 1228.9 331.383 285.159
threshold=0.20500000000000004 1.5000000000000002 17.533333333333342 -6.7416666666666663 40.550000000000004 6.0500000000000016
decision_type=2 2 2 2 2 2
left_child=1 -1 3 -3 -5 -6
right_child=-2 2 -4 4 5 -7
leaf_value=-0.40843566833815959 0.61600301190717344 0.42660213190576307 -0.30956350383379605 -0.2372304447561677 -0.14260449806549039 0.017562259085355882
leaf_weight=15.999999999999998 14.999999999999998 15.999999999999998 14.999999999999998 17 33 173
leaf_count=16 15 16 15 17 33 173
internal_value=-0.00286603 -0.0374815 -0.0139431 0.0047113 -0.0257141 -0.00812801
internal_weight=285 270 254 239 223 206
internal_count=285 270 254 239 223 206
is_linear=0
shrinkage=0.05


Tree=188
num_leaves=7
num_cat=0
split_feature=62 23 68 45 12 65
split_gain=2481.44 1560.71 612.857 646.192 560.836 321.879
threshold=40.550000000000004 40.800000000000004 48.500000000000007 0.016666666666666653 38.400000000000013 14.650000000000002
decision_type=2 2 2 2 2 2
left_child=-1 -2 -3 4 -4 -6
right_child=1 2 3 -5 5 -7
leaf_value=0.52617121074923234 -0.52707983366450906 -0.26494611069495544 -0.314892360982516 0.26893166525386525 0.14349069953572535 -0.027608186811930349
leaf_weight=20 15.999999999999998 23 14.999999999999998 21 33 162
leaf_count=20 16 23 15 21 33 162
internal_value=-0.00977718 -0.0496757 -0.0193877 0.00514426 -0.0213261 0.00138009
internal_weight=290 270 254 231 210 195
internal_count=290 270 254 231 210 195
is_linear=0
shrinkage=0.05


Tree=189
num_leaves=8
num_cat=0
split_feature=23 11 40 121 50 107 56
split_gain=2129.43 766.199 345.547 479.165 293.439 247.986 236.429
threshold=40.800000000000004 19.550000000000004 1.5000000000000002 -0.084999999999999507 50.600000000000009 49.500000000000007 45.95000000000001
decision_type=2 2 2 2 2 2 2
left_child=-1 -2 3 -3 5 -4 -7
right_child=1 2 4 -5 -6 6 -8
leaf_value=0.57150096261738159 -0.37324175144204441 -0.10391941630003745 -0.17391951084136964 0.22958453710341373 -0.25022713643793731 0.014332674751925598 -0.19341360600711471
leaf_weight=14.999999999999998 15.999999999999998 17 25 29 15.999999999999998 147 14.999999999999998
leaf_count=15 16 17 25 29 16 147 15
internal_value=-0.00602244 -0.0389346 -0.0172917 0.106267 -0.0453533 -0.0276728 -0.0049797
internal_weight=280 265 249 46 203 187 162
internal_count=280 265 249 46 203 187 162
is_linear=0
shrinkage=0.05


Tree=190
num_leaves=11
num_cat=0
split_feature=0 37 63 4 3 45 84 0 35 84
split_gain=2866.31 897.586 353.43 298.702 437.057 717.985 410.507 615.699 414.595 170.797
threshold=252.00000000000003 -10.808333333333325 17.150000000000002 6.5000000000000009 3.5000000000000004 -0.0066666666666666949 0.005833333333333344 2215.0000000000005 2.2500000000000004 -0.0016666666666666633
decision_type=2 2 2 2 2 2 2 2 2 2
left_child=-1 -2 -3 6 9 -6 7 -4 -8 -5
right_child=1 2 3 4 5 -7 8 -9 -10 -11
leaf_value=0.65975730868970384 -0.38916098745713323 0.20272934388427832 -0.14989470930032411 -0.11377186873611414 -0.033195015316095831 0.37986762212283576 -0.39097578978677938 0.14841859603295229 -0.075662485336905477 0.036906498146495166
leaf_weight=15.999999999999998 15.999999999999998 19 35 37 22 20 17 34 27 38
leaf_count=16 16 19 35 37 22 20 17 34 27 38
internal_value=0.0119861 -0.0273399 -0.00392336 -0.0210971 0.0348585 0.163818 -0.0790572 -0.00282533 -0.198212 -0.0374141
internal_weight=281 265 249 230 117 42 113 69 44 75
internal_count=281 265 249 230 117 42 113 69 44 75
is_linear=0
shrinkage=0.05


Tree=191
num_leaves=10
num_cat=0
split_feature=0 33 115 83 64 29 104 13 23
split_gain=2157.75 1463.58 388.53 711.39 456.334 312.833 377.134 407.441 206.276
threshold=374.00000000000006 -0.70749999999999946 -1.5999999999999976 3.5000000000000004 36.000000000000007 50.500000000000007 33.850000000000001 5.1550000000000011 81.950000000000003
decision_type=2 2 2 2 2 2 2 2 2
left_child=-1 -2 3 4 -3 -4 7 -7 -8
right_child=1 2 5 -5 -6 6 8 -9 -10
leaf_value=0.47440637346711095 -0.50198510148510422 -0.2011839375776403 0.12114614840276638 0.28331498058241034 0.1001611183778322 -0.32562274577335698 0.080764073461217945 -0.077974972789917774 -0.10519547947833152
leaf_weight=22 15.999999999999998 22 22 28 29 24 39 54 24
leaf_count=22 16 22 22 28 29 24 39 54 24
internal_value=0.000218262 -0.0403652 -0.00962943 0.0812854 -0.0298723 -0.0537459 -0.081136 -0.154558 0.00978866
internal_weight=280 258 242 79 51 163 141 78 63
internal_count=280 258 242 79 51 163 141 78 63
is_linear=0
shrinkage=0.05


Tree=192
num_leaves=7
num_cat=0
split_feature=32 43 99 123 23 17
split_gain=2404.54 767.013 565.192 341.386 400.674 297.143
threshold=1.5000000000000002 -0.81083333333333296 63.550000000000004 0.026666666666666661 46.150000000000013 16.300000000000004
decision_type=2 2 2 2 2 2
left_child=-1 -2 3 4 -3 -6
right_child=1 2 -4 -5 5 -7
leaf_value=0.57254526291848629 -0.34429943653613487 -0.29197475321544625 0.28096326897475893 0.17407438741863102 -0.22601912577034527 -0.013644053308229485
leaf_weight=17 19 15.999999999999998 14.999999999999998 18 18 184
leaf_count=17 19 16 15 18 18 184
internal_value=-0.00242394 -0.0388428 -0.0155728 -0.0345526 -0.0518735 -0.0326958
internal_weight=287 270 251 236 218 202
internal_count=287 270 251 236 218 202
is_linear=0
shrinkage=0.05


Tree=193
num_leaves=8
num_cat=0
split_feature=62 23 0 92 108 35 39
split_gain=2180.71 1472.7 642.96 404.684 293.172 566.169 246.615
threshold=42.850000000000001 40.800000000000004 306.00000000000006 53.550000000000004 4.5000000000000009 -1.1666666666666659 -0.276666666666667
decision_type=2 2 2 2 2 2 2
left_child=-1 -2 -3 4 6 -6 -4
right_child=1 2 3 -5 5 -7 -8
leaf_value=0.43097769099633815 -0.51161979414661474 -0.31351167109974648 -0.17881428967595725 -0.16968314310222149 0.3742243935232577 0.032243775034630613 0.01528932928768012
leaf_weight=26 15.999999999999998 17 19 29 15.999999999999998 49 114
leaf_count=26 16 17 19 29 16 49 114
internal_value=-0.00470132 -0.0484374 -0.0178471 0.00440142 0.0299967 0.116946 -0.0125157
internal_weight=286 260 244 227 198 65 133
internal_count=286 260 244 227 198 65 133
is_linear=0
shrinkage=0.05


Tree=194
num_leaves=7
num_cat=0
split_feature=34 15 35 62 0 43
split_gain=2710.53 779.137 582.656 502.033 232.821 252.085
threshold=1.5000000000000002 1.0000000180025095e-35 -5.5249999999999977 40.550000000000004 306.00000000000006 -0.81083333333333296
decision_type=2 2 2 2 2 2
left_child=-1 -2 -3 -4 -5 -6
right_child=1 2 3 4 5 -7
leaf_value=0.62126337617461447 -0.34487823374692905 0.26808331526445422 -0.2872078354290703 -0.19477343369793421 -0.18063429854578852 0.025807249124153161
leaf_weight=17 18 18 17 14.999999999999998 15.999999999999998 181
leaf_count=17 18 18 17 15 16 181
internal_value=0.0111193 -0.0282227 -0.00499613 -0.0265904 -0.00554266 0.00893192
internal_weight=282 265 247 229 212 197
internal_count=282 265 247 229 212 197
is_linear=0
shrinkage=0.05


Tree=195
num_leaves=7
num_cat=0
split_feature=23 115 25 62 84 111
split_gain=4467.41 626.125 920.259 451.651 395.031 336.197
threshold=40.800000000000004 -15.991666666666662 14.650000000000002 40.550000000000004 0.022499999999999996 1.6266666666666671
decision_type=2 2 2 2 2 2
left_child=-1 -2 -3 -4 5 -5
right_child=1 2 3 4 -6 -7
leaf_value=0.84947554923051249 0.27794250715647312 -0.43197648797603638 -0.25589451651964618 -0.0052696510642634567 -0.21907912897529888 0.24033173522017651
leaf_weight=14.999999999999998 14.999999999999998 14.999999999999998 20 180 20 14.999999999999998
leaf_count=15 15 15 20 180 20 15
internal_value=0.0129387 -0.0346961 -0.053578 -0.0292302 -0.00801276 0.0137106
internal_weight=280 265 250 235 215 195
internal_count=280 265 250 235 215 195
is_linear=0
shrinkage=0.05


Tree=196
num_leaves=7
num_cat=0
split_feature=84 10 22 39 90 45
split_gain=2414.96 884.763 286.222 289.393 320.133 307.188
threshold=0.023333333333333334 4.0200000000000005 0.13500000000000004 2.7575000000000007 36.250000000000007 0.016666666666666653
decision_type=2 2 2 2 2 2
left_child=1 -1 -3 4 -4 -6
right_child=-2 2 3 -5 5 -7
leaf_value=-0.40518872259478816 0.43832378599696498 -0.20486537112909209 0.16429116789865314 -0.20788983595634694 -0.00055610852606229207 -0.21266816757736406
leaf_weight=17 27 22 26 18 161 19
leaf_count=17 27 22 26 18 161 19
internal_value=-0.0110791 -0.0573835 -0.033173 -0.0162042 0.000613529 -0.0230791
internal_weight=290 263 246 224 206 180
internal_count=290 263 246 224 206 180
is_linear=0
shrinkage=0.05


Tree=197
num_leaves=11
num_cat=0
split_feature=0 25 0 25 35 61 59 31 95 9
split_gain=3548.06 706.887 466.966 1764.55 625.106 333.288 317.178 283.602 229.018 174.979
threshold=306.00000000000006 14.650000000000002 2836.5000000000005 29.250000000000004 -4.2416666666666663 0.17500000000000002 29.000000000000004 -0.054999999999999265 37.050000000000004 6.8050000000000006
decision_type=2 2 2 2 2 2 2 2 2 2
left_child=-1 -2 4 -4 -3 8 9 -8 -5 -6
right_child=1 2 3 5 6 -7 7 -9 -10 -11
leaf_value=0.73682976165173208 -0.32924284664965464 -0.31530703246890018 0.5802182934438157 0.11931436217425506 -0.057015498333819394 -0.21642161304628629 -0.1434064031427443 0.070226352082209051 -0.10485234706722504 -0.268785642255221
leaf_weight=15.999999999999998 18 20 14.999999999999998 34 28 15.999999999999998 19 83 17 14.999999999999998
leaf_count=16 18 20 15 34 28 16 19 83 17 15
internal_value=0.0161312 -0.0276253 -0.00550048 0.0919312 -0.0539777 -0.0180141 -0.0177054 0.0302816 0.0444353 -0.131457
internal_weight=281 265 247 82 165 67 145 102 51 43
internal_count=281 265 247 82 165 67 145 102 51 43
is_linear=0
shrinkage=0.05


Tree=198
num_leaves=8
num_cat=0
split_feature=32 10 33 0 37 109 41
split_gain=2474.92 593.639 492.155 287.434 257.665 319.897 319.353
threshold=1.5000000000000002 4.0950000000000006 -0.38333333333333369 306.00000000000006 6.575000000000002 0.040833333333333062 0.24000000000000024
decision_type=2 2 2 2 2 2 2
left_child=-1 -2 -3 -4 6 -6 -5
right_child=1 2 3 4 5 -7 -8
leaf_value=0.62327861142474306 -0.33903375216667231 0.25121925334382506 -0.24552384362315505 -0.015090050212186984 -0.012308815220671879 0.19365902786476041 -0.22517438262598621
leaf_weight=14.999999999999998 14.999999999999998 15.999999999999998 14.999999999999998 48 128 22 29
leaf_count=15 15 16 15 48 128 22 29
internal_value=0.000135427 -0.0343006 -0.0164397 -0.0342532 -0.0201687 0.0179754 -0.094467
internal_weight=288 273 258 242 227 150 77
internal_count=288 273 258 242 227 150 77
is_linear=0
shrinkage=0.05


Tree=199
num_leaves=11
num_cat=0
split_feature=84 10 121 68 39 1 113 93 14 21
split_gain=1966.81 808.308 375.938 485.307 538.719 446.099 398.196 369.865 227.918 206.552
threshold=0.025833333333333323 3.7900000000000005 -0.017500000000000512 48.500000000000007 -0.020000000000000458 1.5000000000000002 -5.3916666666666666 62.650000000000006 33.95000000000001 57.500000000000007
decision_type=2 2 2 2 2 2 2 2 2 2
left_child=1 -1 6 -4 -5 -6 -3 9 -9 -8
right_child=-2 2 3 4 5 -7 7 8 -10 -11
leaf_value=-0.39855232573798954 0.48188164742829287 -0.25768776089809403 -0.22942720588469354 0.27696377480053808 0.2454533727545487 -0.037849439002382454 -0.012102647800730844 -0.27731489667370507 -0.053523968751886641 0.20414404039334808
leaf_weight=14.999999999999998 19 26 14.999999999999998 25 17 74 35 18 31 15.999999999999998
leaf_count=15 19 26 15 25 17 74 35 18 31 16
internal_value=-0.00856022 -0.0430019 -0.0220835 0.0371857 0.0718725 0.0152317 -0.0837251 -0.0382326 -0.136232 0.0559083
internal_weight=291 272 257 131 116 91 126 100 49 51
internal_count=291 272 257 131 116 91 126 100 49 51
is_linear=0
shrinkage=0.05


end of trees

feature_importances:
pos1_1コース複勝率=90
pos1_勝率_レース内差=90
pos1_2連率_レース内差=87
pos1_展示_レース内差=49
開催経過日=48
pos1_3連率_レース内差=47
pos1_2連率=42
pos1_当地勝率_レース内差=42
pos1_3コース複勝率=35
pos3_3連率_レース内差=35
pos3_1コース複勝率=34
pos2_1コース複勝率=33
pos2_平均スタートタイミング_レース内差=33
pos1_当地勝率=30
pos1_当地3連率=30
pos1_勝率_レース内順位=30
pos1_モーター勝率_レース内差=30
pos1_3連率=28
pos2_当地勝率_レース内差=27
pos3_5コース複勝率=27
レース=25
pos3_勝率_レース内差=25
pos3_平均スタートタイミング_レース内差=25
pos1_勝率=24
pos3_展示_レース内順位=22
pos3_展示_レース内差=22
pos1_平均スタートタイミング_レース内差=20
pos2_モーター勝率_レース内差=20
pos2_3コース複勝率=19
pos2_展示_レース内差=19
pos1_展示=18
pos2_当地勝率=18
pos3_当地2連率=18
pos3_当地勝率_レース内差=18
pos2_2コース複勝率=17
pos3_3コース複勝率=17
pos3_2連率_レース内差=17
pos3_ボート勝率_レース内差=17
pos1_2コース複勝率=16
pos2_6コース複勝率=16
pos3_平均スタートタイミング=16
pos2_当地3連率=15
pos3_勝率=15
pos1_当地2連率=14
pos1_モーター2連率=13
pos1_5コース複勝率=13
pos1_当地勝率_レース内順位=13
pos2_3連率=13
pos3_2コース複勝率=13
風速=12
pos2_4コース複勝率=12
pos1_2連率_レース内順位=11
pos1_ボート勝率_レース内差=11
pos2_展示=11
pos2_2連率_レース内差=11
pos3_2連率=11
pos1_4コース複勝率=10
pos1_平均スタートタイミング_レース内順位=10
pos2_当地2連率=10
pos2_平均スタートタイミング=10
pos2_勝率_レース内差=10
pos3_モーター2連率=10
pos1_モーター3連率=9
pos3_3連率=9
pos1_ボート2連率=8
pos1_体重=8
pos1_3連率_レース内順位=8
pos2_5コース複勝率=8
pos3_当地3連率=8
pos3_ボート勝率=8
pos3_ボート3連率=8
pos3_4コース複勝率=8
pos3_3連率_レース内順位=8
pos1_展示_レース内順位=7
pos2_勝率=7
pos2_ボート3連率=7
pos2_体重=7
pos3_ボート2連率=7
pos3_モーター勝率_レース内差=7
pos1_モーター勝率=6
pos1_6コース複勝率=6
pos2_2連率=6
pos2_モーター勝率=6
pos2_平均スタートタイミング_レース内順位=6
pos3_当地勝率=6
pos3_勝率_レース内順位=6
pos1_ボート3連率=5
pos2_勝率_レース内順位=5
pos2_3連率_レース内差=5
pos2_ボート勝率_レース内差=5
日目=4
風向=4
pos1_平均スタートタイミング=4
pos2_級=4
pos2_モーター2連率=4
pos2_ボート勝率=4
pos2_3連率_レース内順位=4
pos3_展示=4
pos3_6コース複勝率=4
pos3_当地勝率_レース内順位=4
pos1_ボート勝率=3
pos1_モーター勝率_レース内順位=3
pos1_ボート勝率_レース内順位=3
pos2_モーター3連率=3
pos2_ボート2連率=3
pos3_体重=3
pos3_2連率_レース内順位=3
波高=2
pos2_モーター勝率_レース内順位=2
pos2_ボート勝率_レース内順位=2
pos3_モーター3連率=2
pos3_平均スタートタイミング_レース内順位=2
天気=1
pos2_展示_レース内順位=1
pos3_モーター勝率=1
pos3_モーター勝率_レース内順位=1

parameters:
[boosting: gbdt]
[objective: regression]
[metric: rmse]
[tree_learner: serial]
[device_type: cpu]
[data_sample_strategy: bagging]
[data: ]
[valid: ]
[num_iterations: 200]
[learning_rate: 0.05]
[num_leaves: 31]
[num_threads: 0]
[seed: 42]
[deterministic: 0]
[force_col_wise: 0]
[force_row_wise: 0]
[histogram_pool_size: -1]
[max_depth: 6]
[min_data_in_leaf: 15]
[min_sum_hessian_in_leaf: 0.001]
[bagging_fraction: 0.9]
[pos_bagging_fraction: 1]
[neg_bagging_fraction: 1]
[bagging_freq: 1]
[bagging_seed: 400]
[bagging_by_query: 0]
[feature_fraction: 0.9]
[feature_fraction_bynode: 1]
[feature_fraction_seed: 30056]
[extra_trees: 0]
[extra_seed: 12879]
[early_stopping_round: 0]
[early_stopping_min_delta: 0]
[first_metric_only: 0]
[max_delta_step: 0]
[lambda_l1: 0.1]
[lambda_l2: 0.1]
[linear_lambda: 0]
[min_gain_to_split: 0]
[drop_rate: 0.1]
[max_drop: 50]
[skip_drop: 0.5]
[xgboost_dart_mode: 0]
[uniform_drop: 0]
[drop_seed: 17869]
[top_rate: 0.2]
[other_rate: 0.1]
[min_data_per_group: 100]
[max_cat_threshold: 32]
[cat_l2: 10]
[cat_smooth: 10]
[max_cat_to_onehot: 4]
[top_k: 20]
[monotone_constraints: ]
[monotone_constraints_method: basic]
[monotone_penalty: 0]
[feature_contri: ]
[forcedsplits_filename: ]
[refit_decay_rate: 0.9]
[cegb_tradeoff: 1]
[cegb_penalty_split: 0]
[cegb_penalty_feature_lazy: ]
[cegb_penalty_feature_coupled: ]
[path_smooth: 0]
[interaction_constraints: ]
[verbosity: -1]
[saved_feature_importance_type: 0]
[use_quantized_grad: 0]
[num_grad_quant_bins: 4]
[quant_train_renew_leaf: 0]
[stochastic_rounding: 1]
[linear_tree: 0]
[max_bin: 255]
[max_bin_by_feature: ]
[min_data_in_bin: 3]
[bin_construct_sample_cnt: 200000]
[data_random_seed: 175]
[is_enable_sparse: 1]
[enable_bundle: 1]
[use_missing: 1]
[zero_as_missing: 0]
[feature_pre_filter: 0]
[pre_partition: 0]
[two_round: 0]
[header: 0]
[label_column: ]
[weight_column: ]
[group_column: ]
[ignore_column: ]
[categorical_feature: ]
[forcedbins_filename: ]
[precise_float_parser: 0]
[parser_config_file: ]
[objective_seed: 16083]
[num_class: 1]
[is_unbalance: 0]
[scale_pos_weight: 1]
[sigmoid: 1]
[boost_from_average: 1]
[reg_sqrt: 0]
[alpha: 0.9]
[fair_c: 1]
[poisson_max_delta_step: 0.7]
[tweedie_variance_power: 1.5]
[lambdarank_truncation_level: 30]
[lambdarank_norm: 1]
[label_gain: ]
[lambdarank_position_bias_regularization: 0]
[eval_at: ]
[multi_error_top_k: 1]
[auc_mu_weights: ]
[num_machines: 1]
[local_listen_port: 12400]
[time_out: 120]
[machine_list_filename: ]
[machines: ]
[gpu_platform_id: -1]
[gpu_device_id: -1]
[gpu_use_dp: 0]
[num_gpu: 1]

end of parameters

pandas_categorical:[]
