tree
version=v4
num_class=1
num_tree_per_iteration=1
label_index=0
max_feature_idx=123
objective=regression
feature_names=開催経過日 風速 波高 日目 レース 天気 風向 pos1_艇 pos1_級 pos1_展示 pos1_勝率 pos1_2連率 pos1_3連率 pos1_当地勝率 pos1_当地2連率 pos1_当地3連率 pos1_モーター勝率 pos1_モーター2連率 pos1_モーター3連率 pos1_ボート勝率 pos1_ボート2連率 pos1_ボート3連率 pos1_平均スタートタイミング pos1_1コース複勝率 pos1_2コース複勝率 pos1_3コース複勝率 pos1_4コース複勝率 pos1_5コース複勝率 pos1_6コース複勝率 pos1_体重 pos1_展示_レース内順位 pos1_展示_レース内差 pos1_勝率_レース内順位 pos1_勝率_レース内差 pos1_2連率_レース内順位 pos1_2連率_レース内差 pos1_3連率_レース内順位 pos1_3連率_レース内差 pos1_当地勝率_レース内順位 pos1_当地勝率_レース内差 pos1_モーター勝率_レース内順位 pos1_モーター勝率_レース内差 pos1_ボート勝率_レース内順位 pos1_ボート勝率_レース内差 pos1_平均スタートタイミング_レース内順位 pos1_平均スタートタイミング_レース内差 pos2_艇 pos2_級 pos2_展示 pos2_勝率 pos2_2連率 pos2_3連率 pos2_当地勝率 pos2_当地2連率 pos2_当地3連率 pos2_モーター勝率 pos2_モーター2連率 pos2_モーター3連率 pos2_ボート勝率 pos2_ボート2連率 pos2_ボート3連率 pos2_平均スタートタイミング pos2_1コース複勝率 pos2_2コース複勝率 pos2_3コース複勝率 pos2_4コース複勝率 pos2_5コース複勝率 pos2_6コース複勝率 pos2_体重 pos2_展示_レース内順位 pos2_展示_レース内差 pos2_勝率_レース内順位 pos2_勝率_レース内差 pos2_2連率_レース内順位 pos2_2連率_レース内差 pos2_3連率_レース内順位 pos2_3連率_レース内差 pos2_当地勝率_レース内順位 pos2_当地勝率_レース内差 pos2_モーター勝率_レース内順位 pos2_モーター勝率_レース内差 pos2_ボート勝率_レース内順位 pos2_ボート勝率_レース内差 pos2_平均スタートタイミング_レース内順位 pos2_平均スタートタイミング_レース内差 pos3_艇 pos3_級 pos3_展示 pos3_勝率 pos3_2連率 pos3_3連率 pos3_当地勝率 pos3_当地2連率 pos3_当地3連率 pos3_モーター勝率 pos3_モーター2連率 pos3_モーター3連率 pos3_ボート勝率 pos3_ボート2連率 pos3_ボート3連率 pos3_平均スタートタイミング pos3_1コース複勝率 pos3_2コース複勝率 pos3_3コース複勝率 pos3_4コース複勝率 pos3_5コース複勝率 pos3_6コース複勝率 pos3_体重 pos3_展示_レース内順位 pos3_展示_レース内差 pos3_勝率_レース内順位 pos3_勝率_レース内差 pos3_2連率_レース内順位 pos3_2連率_レース内差 pos3_3連率_レース内順位 pos3_3連率_レース内差 pos3_当地勝率_レース内順位 pos3_当地勝率_レース内差 pos3_モーター勝率_レース内順位 pos3_モーター勝率_レース内差 pos3_ボート勝率_レース内順位 pos3_ボート勝率_レース内差 pos3_平均スタートタイミング_レース内順位 pos3_平均スタートタイミング_レース内差
feature_infos=[2:4017] [0:9] [0:9] [1:7] [1:12] [0:2] [0:8] [2:2] [0:3] [6.4900000000000002:7.0999999999999996] [0:7.7300000000000004] [0:67.799999999999997] [0:84.700000000000003] [0:10] [0:100] [0:100] [0:8.1400000000000006] [0:85.700000000000003] [0:90] [0:8.1099999999999994] [0:66.700000000000003] [0:100] [0.11:0.25] [9.0999999999999996:100] [6.2000000000000002:79.099999999999994] [0:79.299999999999997] [0:76.900000000000006] [0:66.700000000000003] [0:50] [42:64] [1:6] [-0.13166666666666682:0.11166666666666636] [1:6] [-3.3266666666666667:2.9016666666666664] [1:6] [-22.066666666666666:35.233333333333334] [1:6] [-28.883333333333329:40.233333333333341] [1:6] [-5.9283333333333337:5.4516666666666662] [1:6] [-4.6083333333333334:5.0783333333333331] [1:6] [-4.2016666666666662:6.1116666666666664] [1:6] [-0.053333333333333344:0.063333333333333325] [1:1] [0:3] [6.5:7.0300000000000002] [1.9299999999999999:8.3800000000000008] [0:77.400000000000006] [2.3999999999999999:91.5] [0:9.8599999999999994] [0:100] [0:100] [0:8.4299999999999997] [0:71.400000000000006] [0:85.700000000000003] [0:8.6699999999999999] [0:78.900000000000006] [0:100] [0.11:0.23999999999999999] [0:100] [0:90.5] [0:78.900000000000006] [0:72.200000000000003] [0:62.5] [0:50] [43:64] [1:6] [-0.14666666666666739:0.10833333333333339] [1:6] [-2.4799999999999995:2.4466666666666663] [1:6] [-26.25:28.983333333333338] [1:6] [-38.283333333333339:36.049999999999997] [1:6] [-5.788333333333334:4.5050000000000008] [1:6] [-4.6200000000000001:4.3416666666666659] [1:6] [-2.9916666666666663:3.8083333333333336] [1:6] [-0.05833333333333332:0.049999999999999989] [4:4] [0:4] [6.4800000000000004:7.1200000000000001] [1.3600000000000001:7.9000000000000004] [0:68.900000000000006] [0:84.799999999999997] [0:8.75] [0:87.5] [0:100] [0:8.5600000000000005] [0:80] [0:100] [0:8.3300000000000001] [0:100] [0:100] [0.12:0.26000000000000001] [0:100] [0:81.400000000000006] [0:72.200000000000003] [0:80] [0:70.599999999999994] [0:100] [42:63] [1:6] [-0.1366666666666676:0.14833333333333432] [1:6] [-2.7716666666666665:2.5666666666666664] [1:6] [-27.683333333333337:32.700000000000003] [1:6] [-36.483333333333334:33.199999999999996] [1:6] [-5.6533333333333333:5.1766666666666676] [1:6] [-4.6200000000000001:4.5499999999999998] [1:6] [-5.791666666666667:4.6349999999999998] [1:6] [-0.048333333333333339:0.063333333333333353]
tree_sizes=1646 1690 1703 1718 1885 1782 1771 1929 1494 1858 1802 1806 1756 1856 1340 1759 1451 2125 1870 2157 1630 1550 1606 795 1283 1040 1119 1539 1093 1440 1336 1530 1353 914 2211 943 886 1519 1523 829 1440 944 1168 1191 1239 861 1371 869 1165 1241 1585 1027 804 1310 1623 834 1655 1175 1777 1135 1088 1113 985 738 1103 1240 1335 1515 1481 1132 1079 928 921 935 931 1002 1337 1004 1009 772 1224 1056 1314 987 998 1492 821 1484 1290 1402 987 1540 1000 996 1213 1036 840 982 1278 1207 1196 1176 841 964 756 1209 1479 1232 1732 1119 1142 1244 1012 1009 924 918 1390 1064 1431 855 1464 1348 933 1162 878 1067 1564 1492 935 1405 1194 955 1104 1466 1300 1000 1358 1170 1119 1004 853 853 1570 1112 898 1392 1450 1335 835 1117 762 1353 1453 1110 1105 1299 1019 967 760 1410 743 1210 1348 1071 1058 1129 943 1096 780 1245 1132 1398 963 1129 971 1367 997 1037 1599 729 840 969 1124 1042 966 1289 1841 1214 1384 1024 1120 863 1463 1149 1285 859 877 1291 830 840

Tree=0
num_leaves=18
num_cat=0
split_feature=35 103 35 88 13 39 24 31 95 67 89 45 9 14 37 45 29
split_gain=162055 50618.8 28512.7 15915.8 12370 10242.2 9088.64 6123.21 4357.99 3801.64 2594.83 2438.17 2113.51 1642.22 1327.8 969.251 86.2218
threshold=-3.6833333333333296 27.900000000000002 7.7166666666666659 4.0850000000000009 4.2150000000000007 0.28666666666666624 45.650000000000006 -0.0016666666666664829 38.050000000000004 15.750000000000002 23.950000000000003 1.0000000180025095e-35 6.8350000000000009 45.250000000000007 16.333333333333339 -0.0033333333333333127 53.500000000000007
decision_type=2 2 2 2 2 2 2 2 2 2 2 2 2 2 2 2 2
left_child=1 -1 3 -2 -3 6 -5 10 12 11 -4 -7 -9 -11 15 -12 -16
right_child=2 4 7 5 -6 9 -8 8 -10 13 14 -13 -14 -15 16 -17 -18
leaf_value=40.541483068634378 37.558856024797805 38.323425531932479 35.366518225310237 35.859430106924016 36.352954713149728 35.091614091294943 37.295671528839613 34.897214963241424 35.986329371571841 36.352305975489934 34.840161772385343 35.747625617290481 35.530694490366344 35.626405689487811 34.565792943658593 35.299738351280929 34.756207007833289
leaf_weight=19 14.999999999999998 14.999999999999998 26 26 17 40 19 27 27 16.000000000000004 39 22 26 14.999999999999998 36 17 14.999999999999998
leaf_count=19 15 15 26 26 17 40 19 27 27 16 39 22 26 15 36 17 15
internal_value=35.8652 38.5029 35.497 36.0177 37.2815 35.8491 36.4675 35.1231 35.4697 35.5495 34.9152 35.3237 35.2066 36.0012 34.8062 34.9783 34.6194
internal_weight=417 51 366 153 32 138 45 213 80 93 133 62 53 31 107 56 51
internal_count=417 51 366 153 32 138 45 213 80 93 133 62 53 31 107 56 51
is_linear=0
shrinkage=1


Tree=1
num_leaves=18
num_cat=0
split_feature=35 28 35 64 89 39 24 33 17 31 20 89 100 4 123 71 50
split_gain=146071 49165.4 25132.3 24471.4 14102.8 7992.92 7811.68 4985.84 4455.37 3765.03 2862.65 2831.04 1810.52 1381.3 1043.38 970.192 143.255
threshold=-3.6833333333333296 6.6500000000000012 7.6250000000000009 25.450000000000003 21.150000000000002 0.28666666666666624 43.650000000000006 1.2366666666666666 37.250000000000007 0.028333333333333769 37.95000000000001 19.900000000000002 0.18500000000000003 9.5000000000000018 -0.0058333333333333423 2.5000000000000004 41.150000000000006
decision_type=2 2 2 2 2 2 2 2 2 2 2 2 2 2 2 2 2
left_child=1 3 4 -1 -2 6 -6 9 10 12 -7 -9 13 -4 -10 -13 -17
right_child=2 -3 7 -5 5 8 -8 11 14 -11 -12 15 -14 -15 -16 16 -18
leaf_value=2.327360811144668 1.4429415613248202 0.72917346067400091 -0.86912333849954515 5.1615052952276956 -0.21970988566650773 0.20128087775278702 1.147793840845942 -0.34533547060379133 -0.95181562527661068 0.05433622555013197 -0.60374360652948855 -0.74084407024502008 -0.22338751875111279 -0.35213913929096236 -0.4204666360777024 -1.2445132698872194 -1.0487542636731531
leaf_weight=16.000000000000004 18 25 57 14.999999999999998 19 41 23 14.999999999999998 21 25 14.999999999999998 15.999999999999998 21 17 17 44 19
leaf_count=16 18 25 57 15 19 41 23 15 21 25 15 16 21 17 17 44 19
internal_value=0.00695493 2.38363 -0.355248 3.71107 0.131782 -0.0426495 0.52999 -0.705649 -0.298854 -0.491284 -0.0149534 -0.978442 -0.634826 -0.75106 -0.715966 -1.098 -1.18731
internal_weight=424 56 368 31 154 136 42 214 94 120 56 94 95 74 38 79 63
internal_count=424 56 368 31 154 136 42 214 94 120 56 94 95 74 38 79 63
is_linear=0
shrinkage=0.05


Tree=2
num_leaves=18
num_cat=0
split_feature=35 18 35 39 123 110 24 12 15 90 33 30 41 45 74 10 41
split_gain=104703 48308.9 25824.1 14132.3 8571.08 5703.28 5218.98 4364.4 4212.21 3887.31 3666.37 3183.11 2534.02 1436.16 1132.84 988.012 213.679
threshold=-3.6833333333333296 46.350000000000001 7.8833333333333337 0.28666666666666624 0.0066666666666666688 3.5000000000000004 36.000000000000007 51.95000000000001 66.15000000000002 32.350000000000009 1.2116666666666671 4.5000000000000009 -0.21666666666666676 0.0024999999999999888 -7.3000000000000007 6.5450000000000008 -0.266666666666667
decision_type=2 2 2 2 2 2 2 2 2 2 2 2 2 2 2 2 2
left_child=1 -1 3 4 7 8 -3 -2 -5 -4 11 15 -7 -14 -12 -11 -16
right_child=2 6 9 5 -6 12 -8 -9 -10 10 14 -13 13 -15 16 -17 -18
leaf_value=4.1278509401526131 -0.215157333129774 1.6498372208203702 0.1168326607011012 0.84560013091394692 1.7105353575882487 0.1262804883234788 0.3859769682857872 0.91701038838750082 -0.24881529776465819 -0.77520723465272201 -0.62129605399310917 -0.05574382977951936 -0.70980028243320981 -0.16852815480522029 -0.89643265285239304 -0.31935790721943841 -1.1375743483255847
leaf_weight=19 15.999999999999998 14.999999999999998 14.999999999999998 21 19 19 18 18 14.999999999999998 62 18 27 39 18 14.999999999999998 14.999999999999998 46
leaf_count=19 16 15 15 21 19 19 18 18 15 62 18 27 39 18 15 15 46
internal_value=0.0296104 2.12573 -0.27115 0.190754 0.862619 -0.127623 0.963859 0.38501 0.390029 -0.655997 -0.7194 -0.523375 -0.373083 -0.539554 -0.976407 -0.687 -1.07992
internal_weight=415 52 363 165 53 112 33 34 36 198 183 104 76 57 79 77 61
internal_count=415 52 363 165 53 112 33 34 36 198 183 104 76 57 79 77 61
is_linear=0
shrinkage=0.05


Tree=3
num_leaves=18
num_cat=0
split_feature=35 13 33 24 89 56 5 113 13 105 45 122 31 38 20 12 35
split_gain=119632 45939.3 21563.6 18816.5 11566.6 6052.53 7045.65 4535.89 2799.19 2699.18 2408 2327.94 2012.56 1671.86 923.155 487.226 285.641
threshold=-3.6833333333333296 4.3450000000000015 0.70749999999999991 30.600000000000005 21.700000000000006 36.70000000000001 1.0000000180025095e-35 0.41666666666666435 6.080000000000001 4.0500000000000007 -1.0000000180025095e-35 1.5000000000000002 -0.0049999999999985603 4.5000000000000009 34.850000000000001 63.000000000000007 11.69166666666667
decision_type=2 2 2 2 2 2 2 2 2 2 2 2 2 2 2 2 2
left_child=1 3 4 -1 -2 8 -7 9 11 -4 13 -6 -11 14 -9 -10 -15
right_child=2 -3 7 -5 5 6 -8 10 15 12 -12 -13 -14 16 -16 -17 -18
leaf_value=4.7733505653229766 1.3434848486389244 0.64779597799439992 0.27165990260817247 2.2437472859977294 0.4284857442709788 1.0852052289299117 -0.17930216704499666 -0.81863557171898993 -0.79024119655988356 -0.75168970876542973 -0.35516060727766191 -0.23462726638377959 -0.15134295791909924 -0.83044072641348965 -0.31107169239726296 -0.39372829548175764 -1.0876552464874323
leaf_weight=15.000000000000002 18 26 15.999999999999998 14.999999999999998 19 23 21 23 17 29 26 43 27 15.999999999999998 14.999999999999998 14.999999999999998 57
leaf_count=15 18 26 16 15 19 23 21 23 17 29 26 43 27 16 15 15 57
internal_value=0.0406115 2.1903 -0.289699 3.52037 0.155063 -0.000773455 0.482539 -0.621614 -0.22733 -0.299609 -0.790464 -0.0309719 -0.463112 -0.89197 -0.619755 -0.606337 -1.03256
internal_weight=421 56 365 30 156 138 44 209 94 72 137 62 56 111 38 32 73
internal_count=421 56 365 30 156 138 44 209 94 72 137 62 56 111 38 32 73
is_linear=0
shrinkage=0.05


Tree=4
num_leaves=20
num_cat=0
split_feature=35 22 35 18 31 115 104 111 19 105 121 113 80 106 15 60 49 104 57
split_gain=83838.8 46222.1 16265.9 12238.1 9676.34 5894.6 4981.8 3930.84 3062.51 2923.31 2623.28 2099.44 1567.14 953.073 623.675 510.774 484.056 441.647 57.5836
threshold=-3.6833333333333296 0.18500000000000003 13.699999999999999 46.350000000000001 0.0058333333333333579 3.9833333333333347 27.400000000000002 0.6825 5.4750000000000005 10.600000000000001 0.17666666666666633 -0.76666666666666738 0.29083333333333355 14.250000000000002 51.850000000000009 50.750000000000007 4.8950000000000005 22.450000000000003 45.750000000000007
decision_type=2 2 2 2 2 2 2 2 2 2 2 2 2 2 2 2 2 2 2
left_child=1 3 4 -1 7 6 -6 8 9 -2 -7 12 -4 16 -13 -10 -9 -16 -19
right_child=2 -3 11 -5 5 10 -8 13 15 -11 -12 14 -14 -15 17 -17 -18 18 -20
leaf_value=1.940829262907142 0.5944999489796724 4.0132570968096308 -0.19629424907867377 0.12316952038602709 1.4934630739716637 -0.37334253912892085 0.29564132476469296 -0.52734257612169155 -0.28139380669554342 -0.13247300029514794 0.42317217199841917 -0.66586936942780217 -0.84267866583595485 -0.29965940365880173 -0.75430676921313966 -0.6707930190164354 -0.88018526920644402 -1.1616019963088193 -1.0159159663310304
leaf_weight=14.999999999999998 19 15.999999999999998 21 24 15.999999999999998 24 19 15.999999999999998 14.999999999999998 50 18 18 17 15.999999999999998 14.999999999999998 20 28 21 32
leaf_count=15 19 16 21 24 16 24 19 16 15 50 18 18 17 16 15 20 28 21 32
internal_value=-0.0594138 1.75859 -0.33378 0.825573 -0.0942286 0.367813 0.846054 -0.311285 -0.125062 0.0682062 -0.031666 -0.798869 -0.48705 -0.633244 -0.935865 -0.505327 -0.753479 -1.00618 -1.07581
internal_weight=420 55 365 39 241 77 35 164 104 69 42 124 38 60 86 35 44 68 53
internal_count=420 55 365 39 241 77 35 164 104 69 42 124 38 60 86 35 44 68 53
is_linear=0
shrinkage=0.05


Tree=5
num_leaves=19
num_cat=0
split_feature=35 103 35 39 64 29 33 115 31 79 115 17 65 52 74 107 31 87
split_gain=92308.2 37497.3 16552.6 10989 10739.9 7418.13 4293.06 3593.52 2878.02 2753 2347.19 2243.68 1870.22 1150.91 1052.55 578.424 231.536 62.2993
threshold=-3.6833333333333296 27.900000000000002 7.7166666666666659 0.28666666666666624 38.650000000000006 53.500000000000007 1.2916666666666672 -3.5750000000000006 0.028333333333333769 3.5000000000000004 -1.3916666666666619 37.250000000000007 30.550000000000001 3.6900000000000004 -2.1333333333333342 53.500000000000007 0.013333333333333199 6.7950000000000008
decision_type=2 2 2 2 2 2 2 2 2 2 2 2 2 2 2 2 2 2
left_child=1 -1 3 4 9 -3 8 -5 10 -2 -4 12 -9 -8 -12 -13 17 -15
right_child=2 5 6 7 -6 -7 13 11 -10 -11 14 15 -14 16 -16 -17 -18 -19
leaf_value=3.4876021220133859 0.62575513493484225 1.6430049480118365 -0.097277921082014107 0.46577620578734252 1.8308037997871045 0.18282414335265015 -0.46896274577804475 -0.39818654689401717 0.070644385799270709 -0.2778363279948961 -0.30295342880746595 -0.42895422027009361 0.18398201170234918 -1.0690102175889511 -0.76786307020460609 -0.83270602315108955 -0.76395912162177471 -0.92634589020462288
leaf_weight=22 19 15.999999999999998 25 18 14.999999999999998 19 17 27 27 14.999999999999998 15.999999999999998 21 28 22 54 15.999999999999998 18 31
leaf_count=22 19 16 25 18 15 19 17 27 27 15 16 21 28 22 54 16 18 31
internal_value=0.00358269 1.87444 -0.285827 0.0989869 0.721013 0.853257 -0.577118 -0.178455 -0.38453 0.227319 -0.513887 -0.304924 -0.101923 -0.843319 -0.662253 -0.605458 -0.932098 -0.987561
internal_weight=426 57 369 159 49 35 210 110 122 34 95 92 55 88 70 37 71 53
internal_count=426 57 369 159 49 35 210 110 122 34 95 92 55 88 70 37 71 53
is_linear=0
shrinkage=0.05


Tree=6
num_leaves=19
num_cat=0
split_feature=35 13 33 114 80 15 31 49 39 107 110 82 45 89 35 56 36 13
split_gain=93797.6 36690.3 13736.5 7460.89 9982.81 5894.99 4070.84 3895.2 2640.61 2567.3 1743.58 1667.17 2563.05 1366.56 933.181 718.65 716.819 86.6766
threshold=-3.6833333333333296 4.1150000000000011 0.76416666666666722 2.5000000000000004 0.18999999999999981 48.500000000000007 -0.0049999999999994485 4.5400000000000009 0.24666666666666706 53.500000000000007 3.5000000000000004 0.43999999999999956 -0.010000000000000021 19.550000000000004 15.658333333333333 39.000000000000007 5.5000000000000009 6.995000000000001
decision_type=2 2 2 2 2 2 2 2 2 2 2 2 2 2 2 2 2 2
left_child=1 -1 3 4 -2 -3 13 -8 9 -5 -9 12 -10 -4 15 -15 -12 -16
right_child=2 5 6 8 -6 -7 7 10 11 -11 16 -13 -14 14 17 -17 -18 -19
leaf_value=3.2159985354905638 -0.076339069498119069 1.3721161821030621 -0.35151061718924004 -0.15322851548363881 1.5957897239590282 -0.026848758766982735 0.41735734379054695 -0.10355398421643545 -0.60003627538681026 0.59866270799541954 -0.46090793709355993 -0.71902532182345724 0.015076024627273692 -0.83579249341053652 -0.91919607051049723 -0.43532233094669764 -0.86155096496592187 -1.0799311780282275
leaf_weight=27 20 15.000000000000002 17 26 15.999999999999998 14.999999999999998 14.999999999999998 22 25 20 25 18 52 29 29 19 21 22
leaf_count=27 20 15 17 26 16 15 15 22 25 20 25 18 52 29 29 19 21 22
internal_value=-0.00613519 1.88209 -0.292819 0.027622 0.669053 0.674702 -0.57773 -0.309735 -0.13647 0.174162 -0.470574 -0.286959 -0.18509 -0.769011 -0.840225 -0.678612 -0.645391 -0.990608
internal_weight=433 57 376 177 36 30 199 83 141 46 68 95 77 116 99 48 46 51
internal_count=433 57 376 177 36 30 199 83 141 46 68 95 77 116 99 48 46 51
is_linear=0
shrinkage=0.05


Tree=7
num_leaves=20
num_cat=0
split_feature=35 28 35 114 94 31 31 64 45 95 63 87 35 65 39 10 45 115 39
split_gain=78217.6 36199.8 16502.3 10200.4 7713.36 4989.23 4460.89 3905.11 3626.72 2996 2205.31 1944.58 1554.56 1241.51 689.549 607.425 423.304 348.336 35.1808
threshold=-3.6833333333333296 5.4000000000000012 6.1083333333333334 2.5000000000000004 5.1150000000000011 -0.0016666666666664829 -0.041666666666666512 22.050000000000001 0.0050000000000000192 38.050000000000004 42.850000000000001 6.8350000000000009 15.658333333333333 17.750000000000004 1.3150000000000002 6.5450000000000008 -0.0049999999999999619 -0.79166666666666774 2.2333333333333334
decision_type=2 2 2 2 2 2 2 2 2 2 2 2 2 2 2 2 2 2 2
left_child=1 -1 3 4 -2 12 16 -8 -9 11 -11 14 13 -4 -7 -15 -5 -14 -19
right_child=2 -3 5 6 -6 9 7 8 -10 10 -12 -13 17 15 -16 -17 -18 18 -20
leaf_value=3.0344971882013665 1.80797021779793 0.4919267375698293 -0.22680976917634862 -0.71876758739648283 0.2529695616828071 -0.37556043334814332 -0.52561226554264306 0.13232251146339122 1.0423939185426725 0.55849616425472071 -0.25998605844990313 -0.024565558919409439 -0.65926452630403032 -0.72773093470072336 -0.81573289807938854 -0.37162327144456947 -0.34992563696632611 -0.8989003082670538 -1.0402425121787366
leaf_weight=28 14.999999999999998 28 24 14.999999999999998 17 15.999999999999998 14.999999999999998 40 14.999999999999998 18 14.999999999999998 21 14.999999999999998 53 21 15.999999999999998 17 25 14.999999999999998
leaf_count=28 15 28 24 15 17 16 15 40 15 18 15 21 15 53 21 16 17 25 15
internal_value=0.0257411 1.76644 -0.235988 0.208043 0.985393 -0.484946 -0.0365091 0.187012 0.382056 -0.193236 0.186646 -0.409412 -0.664022 -0.53815 -0.627048 -0.645885 -0.524677 -0.875408 -0.95449
internal_weight=429 56 373 134 32 239 102 70 55 91 33 58 148 93 37 69 32 55 40
internal_count=429 56 373 134 32 239 102 70 55 91 33 58 148 93 37 69 32 55 40
is_linear=0
shrinkage=0.05


Tree=8
num_leaves=16
num_cat=0
split_feature=35 28 35 89 39 10 31 95 40 20 9 89 39 26 123
split_gain=78478.9 40531.3 15931.6 8503.13 5422.6 6214.59 3158.24 2581.02 2544.62 2238.26 1425.61 1352.29 1194.44 565.231 369.697
threshold=-3.6833333333333296 5.4000000000000012 7.7166666666666659 21.150000000000002 0.28666666666666624 5.6950000000000012 -0.0016666666666664829 38.050000000000004 5.5000000000000009 38.150000000000013 6.8350000000000009 19.250000000000004 0.87000000000000066 38.150000000000013 0.005833333333333344
decision_type=2 2 2 2 2 2 2 2 2 2 2 2 2 2 2
left_child=1 -1 3 -2 5 -5 11 10 9 -6 -8 -4 13 -13 -14
right_child=2 -3 6 4 8 -7 7 -9 -10 -11 -12 12 14 -15 -16
leaf_value=3.2123947216518993 1.0496858830905067 0.49417381540606514 -0.20685902857622565 0.026076740866264526 0.066901704184269759 1.2772102573849509 -0.71759567662673884 0.17078223149311494 -0.69978183796055504 -0.58263669697164788 -0.20259797036435678 -0.29483411774706486 -0.87981701075751784 -0.66906867467961595 -0.624232430422484
leaf_weight=26 22 29 14.999999999999998 29 59 14.999999999999998 26 24 21 17 28 20 64 21 20
leaf_count=26 22 29 15 29 59 15 26 24 21 17 28 20 64 21 20
internal_value=0.0189413 1.78274 -0.236063 0.137788 -0.00510195 0.454642 -0.515552 -0.260005 -0.213951 -0.0788988 -0.45152 -0.657605 -0.711446 -0.487798 -0.819838
internal_weight=436 55 381 163 141 44 218 78 97 76 54 140 125 41 84
internal_count=436 55 381 163 141 44 218 78 97 76 54 140 125 41 84
is_linear=0
shrinkage=0.05


Tree=9
num_leaves=19
num_cat=0
split_feature=33 13 17 33 62 57 39 100 45 31 41 57 14 111 119 41 35 70
split_gain=49775 35109.6 26235.8 6132.45 3966.31 3748.27 4991.6 5696.42 3267.54 3058.47 2016.65 1279.67 1097.05 878.223 600.364 393.173 102.908 135.625
threshold=0.22500000000000012 4.2950000000000008 31.350000000000005 1.2366666666666666 42.250000000000007 42.800000000000004 0.73083333333333311 0.16500000000000004 -0.01333333333333332 -0.041666666666666512 -0.27083333333333343 47.550000000000004 40.95000000000001 -0.37583333333333341 0.55583333333333329 0.079999999999999641 16.950000000000006 -0.0058333333333333562
decision_type=2 2 2 2 2 2 2 2 2 2 2 2 2 2 2 2 2 2
left_child=1 2 -1 4 -2 -3 7 -7 11 -10 -11 15 -13 -5 16 -6 -15 -18
right_child=3 5 -4 13 8 6 -8 -9 9 10 -12 12 -14 14 -16 -17 17 -19
leaf_value=3.6175926128529614 0.58207443226252176 -0.44081941124815383 1.0020236400647775 -0.31932309021223465 -0.48839215004680964 0.27264541848865964 -0.1966948814521548 1.471089944780243 -0.54480656458003052 0.45243302848947498 -0.086425334522305677 -0.11271533520090199 -0.61299225480516972 -0.71129184871080853 -0.45723874717025281 -0.82026591628671164 -0.92944045682674847 -0.72536753393848474
leaf_weight=15.999999999999998 14.999999999999998 15.999999999999998 24 14.999999999999998 14.999999999999998 26 22 15.999999999999998 27 24 62 28 18 25 15.999999999999998 25 26.999999999999996 16.000000000000004
leaf_count=16 15 16 24 15 15 26 22 16 27 24 62 28 18 25 16 25 27 16
internal_value=-0.0181222 0.847239 2.05479 -0.350071 -0.199342 0.241591 0.412693 0.731724 -0.258531 -0.0815883 0.0642465 -0.490602 -0.309489 -0.675308 -0.738362 -0.697466 -0.803666 -0.855482
internal_weight=433 120 40 313 214 80 64 42 199 113 86 86 46 99 84 40 68 43
internal_count=433 120 40 313 214 80 64 42 199 113 86 86 46 99 84 40 68 43
is_linear=0
shrinkage=0.05


Tree=10
num_leaves=19
num_cat=0
split_feature=35 103 35 114 41 31 64 23 94 6 48 74 111 48 38 15 44 29
split_gain=60764.9 30321.8 12986.4 10856.2 6118.07 4373.63 3365.52 3240.32 3066.86 2975.88 1616.04 1432.13 1383.95 1065.59 639.042 515.073 355.232 77.2826
threshold=-3.6833333333333296 27.900000000000002 5.6749999999999998 2.5000000000000004 0.11083333333333335 -0.0049999999999985603 31.900000000000002 64.500000000000014 4.8950000000000005 2.5000000000000004 6.7550000000000008 -4.4666666666666694 -0.44999999999999968 6.785000000000001 5.5000000000000009 61.050000000000004 2.5000000000000004 53.500000000000007
decision_type=2 2 2 2 2 2 2 2 2 2 2 2 2 2 2 2 2 2
left_child=1 -1 3 -2 -3 12 13 -7 -8 -10 15 -12 -4 -5 16 -9 -14 -16
right_child=2 4 5 6 -6 7 8 10 9 -11 11 -13 14 -15 17 -17 -18 -19
leaf_value=2.9769840745364924 1.0294883339675431 1.1890306401627224 -0.18098751513854316 -0.13282269334318625 -0.15900768002137444 0.45911244800927475 -0.29388166658617371 -0.40340997935658662 0.054378603769270756 1.0068591190489711 0.2701233092325413 -0.30532044649143703 -0.64931973449061597 -0.63254737007669548 -0.83909141241513074 -0.80505555639203819 -0.40032630055063989 -0.69154694875081379
leaf_weight=22 29 19 15.999999999999998 20 14.999999999999998 15.999999999999998 20 18 18 14.999999999999998 14.999999999999998 38 46 23 42 14.999999999999998 22 17
leaf_count=22 29 19 16 20 15 16 20 18 18 15 15 38 46 23 42 15 22 17
internal_value=0.00131895 1.53477 -0.23111 0.183472 0.595439 -0.44264 -0.0728489 -0.192166 0.193612 0.489209 -0.313785 -0.142163 -0.621006 -0.401081 -0.676216 -0.588008 -0.569543 -0.797905
internal_weight=426 56 370 125 34 245 96 102 53 33 86 53 143 43 127 33 68 59
internal_count=426 56 370 125 34 245 96 102 53 33 86 53 143 43 127 33 68 59
is_linear=0
shrinkage=0.05


Tree=11
num_leaves=19
num_cat=0
split_feature=33 13 24 119 33 89 31 56 113 52 64 45 105 20 87 31 4 41
split_gain=51449.2 42881.4 35614.7 8253.78 5816.74 3285.24 2935.26 2438.71 2415.24 2203.19 1846.5 1100.22 1109.53 843.363 824.801 634.732 200.82 73.5961
threshold=0.16083333333333319 4.1150000000000011 36.000000000000007 0.58166666666666667 1.2916666666666672 17.450000000000003 -0.0016666666666664829 30.850000000000005 -1.2500000000000042 4.4850000000000003 45.20000000000001 -0.0033333333333333127 10.600000000000001 29.200000000000006 6.8050000000000006 0.0041666666666668748 5.5000000000000009 -0.266666666666667
decision_type=2 2 2 2 2 2 2 2 2 2 2 2 2 2 2 2 2 2
left_child=1 2 -1 8 5 -2 11 14 -3 -9 -10 12 -7 -13 -8 16 -6 -18
right_child=4 3 -4 -5 15 6 7 9 10 -11 -12 13 -14 -15 -16 -17 17 -19
leaf_value=4.2347780312923415 0.4815004965366676 0.57828854596392709 0.89082782944740591 1.3149040673460277 -0.61529996959005651 -0.11320071827550851 -0.57285486398810181 -0.21058214436753175 -0.39079053359523791 0.45708387722478849 0.2368845109915852 0.12390282600131255 -0.57467974037882696 -0.37070155731629378 -0.093849340262333991 -0.44670779144192096 -0.70052695716453706 -0.86333462831278995
leaf_weight=14.999999999999998 17 15.999999999999998 17 15.999999999999998 24 15.999999999999998 18 20 28 32 20 14.999999999999998 72 20 18 27 14.999999999999998 27
leaf_count=15 17 16 17 16 24 16 18 20 28 32 20 15 72 20 18 27 15 27
internal_value=0.000644027 0.922871 2.46677 0.302941 -0.321302 -0.185187 -0.239127 -0.0185318 0.0482154 0.200282 -0.129207 -0.396768 -0.491055 -0.158837 -0.334414 -0.654391 -0.738473 -0.80711
internal_weight=433 112 32 80 321 228 211 88 64 52 48 123 88 35 36 93 66 42
internal_count=433 112 32 80 321 228 211 88 64 52 48 123 88 35 36 93 66 42
is_linear=0
shrinkage=0.05


Tree=12
num_leaves=19
num_cat=0
split_feature=35 87 35 89 28 39 24 31 95 67 56 9 37 88 27 13 53 123
split_gain=50139.4 33045.8 9928.48 10644.2 6632.01 3851.47 4599.18 2311.85 2654.79 1913.32 2128.57 1318.53 1070.51 1254.23 646.914 287.524 223.879 73.2626
threshold=-3.6833333333333296 6.8450000000000006 7.7166666666666659 21.150000000000002 7.6500000000000012 0.35333333333333355 45.650000000000006 -0.0016666666666664829 38.050000000000004 6.0500000000000016 30.450000000000003 6.8350000000000009 17.658333333333331 4.7950000000000008 38.45000000000001 5.3550000000000013 21.150000000000002 -0.0058333333333333423
decision_type=2 2 2 2 2 2 2 2 2 2 2 2 2 2 2 2 2 2
left_child=1 4 3 -2 -1 6 -5 12 11 16 -11 -9 13 -4 -15 -14 -7 -17
right_child=2 -3 7 5 -6 9 -8 8 -10 10 -12 -13 15 14 -16 17 -18 -19
leaf_value=1.2873055099311033 1.225092927573239 3.4250957236384725 -0.01182352356288744 -0.082357679752714602 -0.00022531248512068343 -0.37896624469296047 0.96368286662338842 -0.62314854315466084 0.22145266321655432 -0.40186620149993302 0.20837718778186376 -0.14158704617322554 -0.5089580203008931 -0.61838188121353621 -0.24086746122711192 -0.82279226485476542 -0.63807258870866557 -0.6691009508312078
leaf_weight=21 19 14.999999999999998 15.999999999999998 25 19 18 18 29 26 24 35 28 17 41 15.999999999999998 25 17 18
leaf_count=21 19 15 16 25 19 18 18 29 26 24 35 28 17 41 16 25 17 18
internal_value=0.0238543 1.43152 -0.184584 0.119305 0.677128 -0.0347978 0.356624 -0.404036 -0.196538 -0.214094 -0.0400328 -0.387342 -0.533244 -0.403472 -0.513108 -0.690116 -0.50642 -0.760274
internal_weight=427 55 372 156 40 137 43 216 83 94 59 57 133 73 57 60 35 43
internal_count=427 55 372 156 40 137 43 216 83 94 59 57 133 73 57 60 35 43
is_linear=0
shrinkage=0.05


Tree=13
num_leaves=20
num_cat=0
split_feature=34 53 27 33 80 30 88 112 106 45 114 10 111 37 31 56 67 14 44
split_gain=31747.1 30515.2 14822.6 5399.69 4109.23 3425.37 2494.1 3247.66 2138.08 1795.21 1589.61 1571.99 1089.61 842.893 806.65 704.521 488.72 156.048 90.3001
threshold=3.5000000000000004 6.0000000000000009 5.8500000000000005 1.2366666666666666 -0.10833333333333382 2.5000000000000004 6.3250000000000011 3.5000000000000004 6.4500000000000002 -0.01333333333333332 3.5000000000000004 5.535000000000001 -0.40166666666666634 10.391666666666664 -0.041666666666666512 35.550000000000004 1.0000000180025095e-35 44.750000000000007 1.5000000000000002
decision_type=2 2 2 2 2 2 2 2 2 2 2 2 2 2 2 2 2 2 2
left_child=1 -1 -3 5 -4 9 7 11 -6 15 -11 -7 -5 -9 -12 -2 -14 -18 -19
right_child=3 2 4 12 8 6 -8 13 -10 10 14 -13 16 -15 -16 -17 17 18 -20
leaf_value=2.7613408740262808 -0.7503253941928153 1.6373450145047372 0.55695018715524147 -0.17260310100565046 -0.66261523271861833 0.673446938872996 0.68921208350074226 -0.47028263631451628 0.046652588598244553 0.2253988895843278 -0.52981365947361814 0.055787419679253915 -0.42600576887915143 -0.063493882342282523 -0.058269924517744071 -0.32928848306118458 -0.57513191936566876 -0.83207183358989223 -0.65995569786830255
leaf_weight=15.999999999999998 23 19 27 15.999999999999998 17 18 14.999999999999998 26 28 20 21 24 23 25 15.999999999999998 18 19 23 17
leaf_count=16 23 19 27 16 17 18 15 26 28 20 21 24 23 25 16 18 19 23 17
internal_value=0.0142599 0.75457 0.399032 -0.246456 0.0703685 -0.100977 0.0931813 -0.00353606 -0.222057 -0.314876 -0.132867 0.321588 -0.551792 -0.271489 -0.326744 -0.566853 -0.625418 -0.702219 -0.760875
internal_weight=411 107 91 304 72 206 108 93 45 98 57 42 98 51 37 41 82 59 40
internal_count=411 107 91 304 72 206 108 93 45 98 57 42 98 51 37 41 82 59 40
is_linear=0
shrinkage=0.05


Tree=14
num_leaves=14
num_cat=0
split_feature=35 28 109 39 30 88 45 13 31 111 84 24 14
split_gain=43534.2 25947 15732.4 7585.88 5251.68 3536.47 3372.62 2488.69 1867.99 1507.65 1069.71 985.322 907.547
threshold=-3.6833333333333296 6.4500000000000002 -0.00083333333333346349 0.28666666666666624 4.5000000000000009 4.0850000000000009 -0.0033333333333333127 5.0150000000000015 0.010833333333333696 -0.41416666666666696 -0.0050000000000000175 39.000000000000007 35.850000000000009
decision_type=2 2 2 2 2 2 2 2 2 2 2 2 2
left_child=1 2 -1 4 7 -5 9 10 11 -7 -2 -8 -11
right_child=3 -3 -4 5 -6 6 8 -9 -10 12 -12 -13 -14
leaf_value=1.1430849560049194 0.050296461220943556 0.095330039544718886 3.4414039112874222 0.23652794225234183 1.0049827932614332 -0.071074497777754084 0.029107601391641716 0.4698859270150062 0.22611605266235052 -0.34716858523232597 -0.4364508331631104 -0.43644368713202708 -0.61502055922597276
leaf_weight=15.000000000000002 23 24 14.999999999999998 26 17 19 17 21 28 44 22 34 118
leaf_count=15 23 24 15 26 17 19 17 21 28 44 22 34 118
internal_value=-0.00235173 1.32224 2.30003 -0.196514 0.22408 -0.318628 -0.374232 0.0216472 -0.101405 -0.493162 -0.187998 -0.281409 -0.542561
internal_weight=423 54 30 369 83 286 260 66 79 181 45 51 162
internal_count=423 54 30 369 83 286 260 66 79 181 45 51 162
is_linear=0
shrinkage=0.05


Tree=15
num_leaves=18
num_cat=0
split_feature=35 22 33 30 96 56 5 113 59 41 31 15 39 104 20 67 111
split_gain=32536.3 32898.6 6767.49 5777.04 5095.2 2486.62 2413.99 1869.48 1668.96 1715.37 1487.79 1256.3 737.717 716.474 370.258 182.288 152.414
threshold=-3.6833333333333296 0.18500000000000003 0.70749999999999991 4.5000000000000009 53.70000000000001 35.850000000000001 1.0000000180025095e-35 -11.458333333333332 36.150000000000013 -0.30250000000000016 -0.011666666666666268 45.550000000000004 0.70666666666666644 31.400000000000002 34.650000000000013 17.850000000000005 0.36333333333333379
decision_type=2 2 2 2 2 2 2 2 2 2 2 2 2 2 2 2 2
left_child=1 4 3 5 -1 8 -7 -4 9 -2 12 -12 14 -13 -9 -14 -10
right_child=2 -3 7 -5 -6 6 -8 10 16 -11 11 13 15 -15 -16 -17 -18
leaf_value=-0.23813450638716818 0.3855353669614982 2.9289118669186416 0.15762130884540004 0.76173872898228434 0.96509603917203979 0.59769618260374968 -0.12598911019281728 -0.50111118065600357 -0.63708141694157749 -0.23190157905457515 0.1055026301609877 -0.18332319981955295 -0.65328193966425119 -0.50175537315947449 -0.14835773070916433 -0.45215168109792753 -0.40657504473300965
leaf_weight=21 14.999999999999998 17 14.999999999999998 24 14.999999999999998 22 24 15.000000000000002 16.000000000000004 44 18 32 68 40 14.999999999999998 14.999999999999998 14.999999999999998
leaf_count=21 15 17 15 24 15 22 24 15 16 44 18 32 68 40 15 15 15
internal_value=-0.035935 1.12303 -0.198702 0.0482141 0.264358 -0.0781324 0.220559 -0.379887 -0.230928 -0.0744547 -0.419687 -0.26743 -0.540566 -0.36075 -0.325979 -0.617581 -0.527373
internal_weight=431 53 378 160 36 136 46 218 90 59 203 90 113 72 30 83 31
internal_count=431 53 378 160 36 136 46 218 90 59 203 90 113 72 30 83 31
is_linear=0
shrinkage=0.05


Tree=16
num_leaves=15
num_cat=0
split_feature=35 35 97 55 31 22 39 116 109 74 26 14 66 4
split_gain=30978.5 15273.9 15381.9 7033.68 3606.74 4181.1 2884.64 2652.93 2645.63 1875.95 1136.41 830.221 957.94 797.494
threshold=-11.791666666666663 2.9749999999999965 6.1250000000000009 6.0250000000000012 -0.038333333333333545 0.18500000000000003 0.5308333333333336 4.5000000000000009 0.010000000000000233 -9.1749999999999989 32.800000000000004 44.350000000000001 18.150000000000002 9.5000000000000018
decision_type=2 2 2 2 2 2 2 2 2 2 2 2 2 2
left_child=-1 2 3 4 -2 -6 7 8 -3 -8 -9 12 -11 -13
right_child=1 6 -4 -5 5 -7 9 10 -10 11 -12 13 -14 -15
leaf_value=2.1736796350953003 -0.44492206954464469 -0.088358422887255567 1.8858659106374576 1.1206928509717795 -7.8024194665151102e-05 0.92405087355501159 0.047820490722339674 -0.0048260142231545252 0.82038318131933152 -0.44280547785657731 -0.5824407688358374 -0.58202857783376538 -0.087731766676373571 -0.2212938607675243
leaf_weight=15.999999999999998 29 17 14.999999999999998 17 51 15.999999999999998 24 17 14.999999999999998 47 17 84 32 19
leaf_count=16 29 17 15 17 51 16 24 17 15 47 17 84 32 19
internal_value=0.0232687 -0.0632571 0.386935 0.186427 0.0199376 0.221583 -0.275195 0.0123993 0.338687 -0.367323 -0.294641 -0.42209 -0.299334 -0.515813
internal_weight=416 400 128 113 96 67 272 66 32 206 34 182 79 103
internal_count=416 400 128 113 96 67 272 66 32 206 34 182 79 103
is_linear=0
shrinkage=0.05


Tree=17
num_leaves=22
num_cat=0
split_feature=33 13 24 119 114 12 53 45 113 64 106 43 78 108 55 38 40 17 25 58 97
split_gain=27666.1 29942 22654.3 7670.34 4410.42 3644.33 3658.77 2370.75 1984.28 1871.89 1674.88 1549.89 1146.02 929.689 875.088 860.435 787.02 682.008 217.626 196.001 178.885
threshold=0.16083333333333319 4.1150000000000011 36.000000000000007 0.58166666666666667 3.5000000000000004 55.350000000000001 26.500000000000004 -0.0033333333333333127 -1.2500000000000042 45.20000000000001 15.150000000000002 -0.072500000000000217 0.56000000000000016 2.5000000000000004 5.3050000000000006 4.5000000000000009 3.5000000000000004 36.350000000000001 30.200000000000003 4.785000000000001 5.1350000000000007
decision_type=2 2 2 2 2 2 2 2 2 2 2 2 2 2 2 2 2 2 2 2 2
left_child=1 2 -1 8 5 6 -2 15 -3 -10 17 12 -7 -13 -15 16 -6 -9 -17 -20 -18
right_child=4 3 -4 -5 7 11 -8 10 9 -11 -12 13 -14 14 -16 18 20 -19 19 -21 -22
leaf_value=3.3873394282448377 -0.11436783012175403 0.39500621580919687 0.72016795705459269 1.1593936453591909 -0.094028477064329818 0.43979955230722362 0.94068622365182264 -0.4300134590724185 -0.54210751339850294 0.10959519678385471 0.26800981125428308 -0.57534081187293429 -0.1666124538790365 0.13291093083406916 -0.37651572901541025 -0.38907205126439504 -0.35609061234439443 -0.012036696254022865 -0.44724599841045354 -0.64723628840708303 -0.60699882775742497
leaf_weight=14.999999999999998 14.999999999999998 14.999999999999998 17 14.999999999999998 23 15.000000000000002 18 28 26 19 20 21 15.999999999999998 14.999999999999998 19 14.999999999999998 15.000000000000002 14.999999999999998 17 60 14.999999999999998
leaf_count=15 15 15 17 15 23 15 18 28 26 19 20 21 16 15 19 15 15 15 17 60 15
internal_value=0.00178197 0.699294 1.97722 0.152073 -0.226585 0.0161528 0.462068 -0.365424 -0.101184 -0.2672 -0.109004 -0.155234 0.127123 -0.314414 -0.151891 -0.476647 -0.314966 -0.28469 -0.569292 -0.603785 -0.483311
internal_weight=434 107 32 75 327 119 33 208 60 45 63 86 31 55 34 145 53 43 92 77 30
internal_count=434 107 32 75 327 119 33 208 60 45 63 86 31 55 34 145 53 43 92 77 30
is_linear=0
shrinkage=0.05


Tree=18
num_leaves=20
num_cat=0
split_feature=33 13 64 115 29 44 32 76 95 109 114 31 10 38 84 109 119 35 25
split_gain=27992.6 26344 25371.4 5320.46 3258.6 3051.43 2066.24 2733.09 2931.28 1373.6 1198.54 1433.06 1014.45 854.382 853.049 735.085 667.144 221.3 60.9834
threshold=0.22500000000000012 4.2950000000000008 25.450000000000003 -2.3583333333333303 52.500000000000007 2.5000000000000004 5.5000000000000009 18.841666666666672 28.650000000000002 0.017500000000000075 3.5000000000000004 0.014166666666666662 4.9150000000000009 4.5000000000000009 -0.0016666666666666911 0.027499999999999861 0.085833333333333442 11.69166666666667 52.650000000000006
decision_type=2 2 2 2 2 2 2 2 2 2 2 2 2 2 2 2 2 2 2
left_child=1 2 -1 -3 -5 10 7 8 -7 -10 11 14 -6 15 -2 -12 -8 -15 -19
right_child=5 3 -4 4 12 6 16 -9 9 -11 13 -13 -14 17 -16 -17 -18 18 -20
leaf_value=0.19218317195310353 -0.5159608043644619 0.99453796543032924 2.7842013676445205 0.39261893002009485 -0.64790489211777202 0.78474588386363375 -0.57270401209069977 -0.41348427789997677 0.30299729707553918 -0.27592752185791575 -0.42013822282760593 0.23940879805198573 -0.13163001582997055 -0.42582383029613635 -0.11048204531390005 0.012949314701142689 -0.15060727939504018 -0.55968712333720327 -0.68397900296755476
leaf_weight=15.999999999999998 26 14.999999999999998 23 26 14.999999999999998 19 17 19 22 19 28 14.999999999999998 26 28 26 14.999999999999998 21 37 19
leaf_count=16 26 15 23 26 15 19 17 19 22 19 28 15 26 28 26 15 21 37 19
internal_value=0.0111936 0.656153 1.72415 0.146662 -0.0442854 -0.239853 -0.038078 0.107612 0.273123 0.0345748 -0.361435 -0.189793 -0.32175 -0.451726 -0.313919 -0.269266 -0.340579 -0.544638 -0.603091
internal_weight=432 121 39 82 67 311 117 79 60 41 194 67 41 127 52 43 38 84 56
internal_count=432 121 39 82 67 311 117 79 60 41 194 67 41 127 52 43 38 84 56
is_linear=0
shrinkage=0.05


Tree=19
num_leaves=22
num_cat=0
split_feature=34 80 18 13 33 27 31 115 39 75 37 94 58 102 89 39 106 4 65 53 22
split_gain=28591.4 35827.6 13347.7 15234.2 3672.63 3636.34 2787.83 2130.25 1950.94 1764.69 1386.85 1097.84 1033.87 1030.61 802.134 799.889 518.717 306.916 199.546 73.2799 21.5105
threshold=3.5000000000000004 0.54000000000000015 47.850000000000001 4.8350000000000009 -0.61249999999999971 8.8500000000000014 -0.0016666666666664829 4.3499999999999988 1.3150000000000002 2.5000000000000004 17.07500000000001 5.5850000000000009 5.3050000000000006 52.150000000000006 19.250000000000004 0.8583333333333335 18.750000000000004 4.5000000000000009 35.45000000000001 44.100000000000009 0.15500000000000003
decision_type=2 2 2 2 2 2 2 2 2 2 2 2 2 2 2 2 2 2 2 2 2
left_child=1 2 3 -1 -4 -6 10 8 12 -9 13 -7 -8 14 -2 -16 18 -12 -11 20 -19
right_child=6 -3 4 -5 5 11 7 9 -10 16 17 -13 -14 -15 15 -17 -18 19 -20 -21 -22
leaf_value=2.2706600017429137 0.021486512858490028 2.9761294798345759 -0.72341673577562993 0.12343043653588544 0.73341244753689794 0.12230102720065966 0.18686516829575711 0.26999530539607375 -0.14672467753097609 -0.51996713454029952 -0.31726932199845403 -0.48078458798642193 0.75736727874405352 0.034085973662413734 -0.18306508305582789 -0.4811667119782026 -0.086369048167538168 -0.65649105903661642 -0.2893416233962367 -0.47334391034167744 -0.55121357046215747
leaf_weight=15.999999999999998 15.999999999999998 14.999999999999998 15.999999999999998 17 17 15.000000000000002 17 14.999999999999998 23 25 15.999999999999998 14.999999999999998 14.999999999999998 28 38 56 14.999999999999998 21 15.999999999999998 15.999999999999998 14.999999999999998
leaf_count=16 16 15 16 17 17 15 17 15 23 25 16 15 15 28 38 56 15 21 16 16 15
internal_value=0.0176279 0.711963 0.355406 1.16838 -0.0715334 0.151343 -0.214644 -0.0292983 0.204034 -0.210152 -0.327917 -0.179671 0.45597 -0.236492 -0.30538 -0.361033 -0.339104 -0.512763 -0.431012 -0.572094 -0.614412
internal_weight=443 111 96 33 63 47 332 126 55 71 206 30 32 138 110 94 56 68 41 52 36
internal_count=443 111 96 33 63 47 332 126 55 71 206 30 32 138 110 94 56 68 41 52 36
is_linear=0
shrinkage=0.05


Tree=20
num_leaves=17
num_cat=0
split_feature=35 33 28 114 41 44 0 80 38 14 103 94 26 70 116 41
split_gain=24430.1 9211.45 9403.81 8541.52 7423.39 2759.54 2282.44 1694.29 1328.47 1069.53 997.183 921.769 833.42 750.582 521.379 105.234
threshold=-11.791666666666663 0.22500000000000012 6.9000000000000012 3.5000000000000004 0.19333333333333338 2.5000000000000004 3402.5000000000005 0.45666666666666661 3.5000000000000004 44.350000000000001 22.450000000000003 5.455000000000001 29.150000000000002 -0.055833333333333172 2.5000000000000004 -0.18499999999999958
decision_type=2 2 2 2 2 2 2 2 2 2 2 2 2 2 2 2
left_child=-1 2 3 -2 -5 9 8 12 -7 10 -3 -10 -4 -12 -11 -16
right_child=1 5 7 4 -6 6 -8 -9 11 14 13 -13 -14 -15 15 -17
leaf_value=1.9140853782155496 1.8279851908715354 0.054701813087757838 -0.031541752973139679 1.1772420165516573 -0.29904029356181949 0.19485753084796359 0.46473142851644483 0.31373138388261101 -0.37560174867614515 -0.25479786819193789 -0.055244788407431959 -0.017870816712977421 -0.51962766784344805 -0.40801987205657853 -0.42695035186920371 -0.5791039336025039
leaf_weight=15.999999999999998 14.999999999999998 25 14.999999999999998 15.999999999999998 18 25 20 14.999999999999998 43 23 21 31 21 54 18 44
leaf_count=16 15 25 15 16 18 25 20 15 43 23 21 31 21 54 18 44
internal_value=0.0040619 -0.0720252 0.344011 0.837954 0.396949 -0.208964 -0.0210512 -0.131176 -0.119609 -0.329733 -0.218447 -0.226035 -0.317048 -0.309515 -0.460189 -0.535769
internal_weight=420 404 100 49 34 304 119 51 99 185 100 74 36 75 85 62
internal_count=420 404 100 49 34 304 119 51 99 185 100 74 36 75 85 62
is_linear=0
shrinkage=0.05


Tree=21
num_leaves=16
num_cat=0
split_feature=35 28 33 105 67 109 9 59 89 24 74 93 37 37 70
split_gain=22668.4 18756.7 5225.81 4804.1 7936.2 2943.45 2355.02 1425.91 1404.84 1349.48 1037.17 888.278 887.783 769.637 415.996
threshold=-3.6833333333333296 5.4000000000000012 0.70749999999999991 9.7500000000000018 6.2500000000000009 0.0066666666666663774 6.8750000000000009 36.050000000000004 23.950000000000003 56.550000000000004 -6.9499999999999966 61.20000000000001 17.658333333333331 11.158333333333333 -0.042499999999999531
decision_type=2 2 2 2 2 2 2 2 2 2 2 2 2 2 2
left_child=1 -1 3 4 -2 -3 7 9 12 -5 -10 -9 -4 -12 -15
right_child=2 5 8 6 -6 -7 -8 11 10 -11 13 -13 -14 14 -16
leaf_value=1.8760456294775858 -0.14035042757573332 -0.37854199442804221 0.17678457825015692 -0.10356861371650272 1.4309681551056617 0.59324676299726731 0.49503545313250297 -0.52017117516031119 -0.048600873909148558 0.40598156375494621 -0.13321061434296819 -0.049641774381910052 -0.26196640586960912 -0.31803590660529246 -0.51894285142441055
leaf_weight=28 15.999999999999998 16.000000000000004 24 54 15.999999999999998 14.999999999999998 18 27 25 17 23 15.999999999999998 22 40 77
leaf_count=28 16 16 24 54 16 15 18 27 25 17 23 16 22 40 77
internal_value=0.0302882 0.940446 -0.113109 0.0985523 0.647163 0.0919132 -0.0347957 -0.118858 -0.277616 0.0187654 -0.345704 -0.345728 -0.0330575 -0.39865 -0.45063
internal_weight=434 59 375 164 32 31 132 114 211 71 165 43 46 140 117
internal_count=434 59 375 164 32 31 132 114 211 71 165 43 46 140 117
is_linear=0
shrinkage=0.05


Tree=22
num_leaves=17
num_cat=0
split_feature=45 28 31 38 78 6 115 78 45 31 33 109 67 76 16 123
split_gain=19339 13505.3 3649.71 5526.56 5231.76 2981.73 2601.61 2561.69 1806.16 1517.67 1216.7 763.976 492.249 429.706 425.301 251.896
threshold=0.01666666666666668 6.4500000000000002 -0.043333333333333439 3.5000000000000004 0.93833333333333313 1.5000000000000002 -3.5750000000000006 0.10416666666666653 -0.011666666666666643 -0.025833333333333815 0.79666666666666697 0.028333333333333769 13.9 -0.58333333333333559 5.1950000000000012 -0.0083333333333333436
decision_type=2 2 2 2 2 2 2 2 2 2 2 2 2 2 2 2
left_child=2 -2 11 4 7 -6 10 -4 12 -10 -5 13 -8 -1 -13 -15
right_child=1 -3 3 6 5 -7 8 -9 9 -11 -12 14 -14 15 -16 -17
leaf_value=-0.30458571686170488 1.8432875810165747 -0.063374615122812866 0.29459328340693108 0.49562907077330909 1.2621409327347086 0.3450436659416749 -0.34403232149192625 -0.51616240805683877 0.33567523260294285 -0.1992900866647431 -0.076670872665824688 -0.40925705962710907 -0.60853211888865033 -0.76201342241653558 -0.07604596172522636 -0.50067804500831825
leaf_weight=19 22 15.999999999999998 21 18 15.999999999999998 20 57 18 15.999999999999998 75 19 17 26 14.999999999999998 22 28
leaf_count=19 22 16 21 18 16 20 57 18 16 75 19 17 26 15 22 28
internal_value=-0.0325316 1.04229 -0.138325 -0.0470065 0.321361 0.755148 -0.178057 -0.0798369 -0.259013 -0.10491 0.202196 -0.396557 -0.42758 -0.505685 -0.222095 -0.593514
internal_weight=425 38 387 286 75 36 211 39 174 91 37 101 83 62 39 43
internal_count=425 38 387 286 75 36 211 39 174 91 37 101 83 62 39 43
is_linear=0
shrinkage=0.05


Tree=23
num_leaves=7
num_cat=0
split_feature=35 97 27 74 64 37
split_gain=20510.1 12176 6796.98 4140.55 2997.82 3334.3
threshold=-11.791666666666663 6.330000000000001 1.0000000180025095e-35 -13.308333333333335 15.750000000000002 16.783333333333335
decision_type=2 2 2 2 2 2
left_child=-1 2 -2 -4 -5 -6
right_child=1 -3 3 4 5 -7
leaf_value=1.8288350382388032 0.93772619042964966 1.3002346908685212 0.64066895998042561 -0.66560936695111983 -0.039551425670361337 -0.39428933134586702
leaf_weight=14.999999999999998 14.999999999999998 15.999999999999998 15.999999999999998 29 243 91
leaf_count=15 15 16 16 29 243 91
internal_value=0.0191006 -0.0475268 -0.102587 -0.14401 -0.178777 -0.136306
internal_weight=425 410 394 379 363 334
internal_count=425 410 394 379 363 334
is_linear=0
shrinkage=0.05


Tree=24
num_leaves=13
num_cat=0
split_feature=45 113 48 33 78 18 56 24 119 63 31 8
split_gain=18780.2 12571.8 12215.6 4060.25 5366.45 3310.62 3271.31 2388.67 2133.18 1170.02 748.945 338.098
threshold=0.016666666666666653 -11.458333333333332 6.7650000000000006 0.76416666666666722 1.5041666666666667 49.250000000000007 29.600000000000005 41.800000000000004 -0.23333333333333381 18.150000000000002 0.040000000000000487 1.5000000000000002
decision_type=2 2 2 2 2 2 2 2 2 2 2 2
left_child=1 -1 -2 4 5 6 -3 -6 -7 -5 11 -11
right_child=2 3 -4 9 7 8 -8 -9 -10 10 -12 -13
leaf_value=1.1051925778671463 0.15540462285094891 -0.35596805097748391 1.8811572878281653 0.10542122701935422 0.17752842326827392 0.10974043254041077 0.41371914865343479 1.070249613231381 -0.43790708582481797 -0.28253964888927052 -0.028664224340308526 -0.44210486216166611
leaf_weight=21 20 20 21 14.999999999999998 15.000000000000002 24 44 14.999999999999998 68 51 15.999999999999998 101
leaf_count=21 20 20 21 15 15 24 44 15 68 51 16 101
internal_value=0.0252753 -0.0818248 1.04187 -0.149673 0.0148295 -0.103022 0.172934 0.626128 -0.295024 -0.316817 -0.354587 -0.38882
internal_weight=431 390 41 369 186 156 64 30 92 183 168 152
internal_count=431 390 41 369 186 156 64 30 92 183 168 152
is_linear=0
shrinkage=0.05


Tree=25
num_leaves=10
num_cat=0
split_feature=35 17 28 103 45 106 34 119 74
split_gain=16538.9 22155 26986.8 4341.74 3481.28 3304.03 1362.85 1178.83 751.104
threshold=-3.6833333333333296 35.550000000000004 5.4000000000000012 8.5000000000000018 0.016666666666666653 27.250000000000004 5.5000000000000009 0.1258333333333326 -8.1333333333333346
decision_type=2 2 2 2 2 2 2 2 2
left_child=1 2 -1 -2 5 6 7 -5 -8
right_child=3 -3 -4 4 -6 -7 8 -9 -10
leaf_value=3.1336361485238395 0.67728860212696917 -0.2647339880238091 0.18436548200664143 -0.034608915392512742 0.43020415293030534 0.5189884983234524 -0.017031326672888751 -0.28011613881258041 -0.39571866405566003
leaf_weight=16.000000000000004 17 26 14.999999999999998 119 25 15.999999999999998 14.999999999999998 83 105
leaf_count=16 17 26 15 119 25 16 15 83 105
internal_value=0.0178669 0.811312 1.71191 -0.101319 -0.137973 -0.180127 -0.215032 -0.135599 -0.348478
internal_weight=437 57 31 380 363 338 322 202 120
internal_count=437 57 31 380 363 338 322 202 120
is_linear=0
shrinkage=0.05


Tree=26
num_leaves=11
num_cat=0
split_feature=35 17 13 98 9 32 48 23 74 113
split_gain=13391.9 21366.5 20894.1 3613.99 3138.82 1448.57 1514.77 1433.53 743.995 648.83
threshold=-3.6833333333333296 35.45000000000001 4.580000000000001 46.550000000000004 6.9150000000000009 5.5000000000000009 6.8750000000000009 54.750000000000007 -8.1333333333333346 -6.0583333333333291
decision_type=2 2 2 2 2 2 2 2 2 2
left_child=1 2 -1 4 5 6 7 -2 -7 -10
right_child=3 -3 -4 -5 -6 8 -8 -9 9 -11
leaf_value=2.9241745081958386 0.30109486656658579 -0.34451058888344016 0.28694529474176322 0.60865878362833348 0.48461840386548749 0.0074880719974340986 -0.53540842124304844 -0.11866924499174135 -0.11467987558853004 -0.42337486257998702
leaf_weight=15.000000000000002 23 26 14.999999999999998 15.999999999999998 18 14.999999999999998 19 170 21 93
leaf_count=15 23 26 15 16 18 15 19 170 21 93
internal_value=-0.0164749 0.704032 1.61106 -0.124243 -0.157081 -0.191101 -0.110592 -0.0684896 -0.323183 -0.366704
internal_weight=431 56 30 375 359 341 212 193 129 114
internal_count=431 56 30 375 359 341 212 193 129 114
is_linear=0
shrinkage=0.05


Tree=27
num_leaves=16
num_cat=0
split_feature=45 103 39 87 56 45 20 105 106 31 61 20 41 99 109
split_gain=17272.5 13595 5663.95 11111.2 2388.58 1679.74 1364.92 1877.22 1456.45 1063.15 895.717 574.753 517.715 665.176 320.209
threshold=0.01666666666666668 31.900000000000002 -0.16583333333333347 6.8350000000000009 36.70000000000001 -0.010000000000000021 39.150000000000013 9.3000000000000025 12.250000000000002 -0.023333333333333869 0.19500000000000003 42.550000000000004 0.075833333333332767 54.45000000000001 0.044166666666666028
decision_type=2 2 2 2 2 2 2 2 2 2 2 2 2 2 2
left_child=2 -2 3 4 9 10 7 -7 -9 -1 12 -8 13 -4 -14
right_child=1 -3 5 -5 -6 6 11 8 -10 -11 -12 -13 14 -15 -16
leaf_value=-0.57989847904799008 2.2126061336883645 0.17673866037505767 -0.32360493329227963 1.5309072068590204 0.45700734756146261 0.44628044701944108 -0.53110830309795354 -0.22992661669186304 0.16184667225229191 -0.0030717428664714967 0.033220253091546435 -0.13017444513855178 -0.47522893135772881 0.0076796203992943058 -0.2123249817368211
leaf_weight=14.999999999999998 14.999999999999998 18 54 14.999999999999998 17 22 17 56 41 17 20 19 56 21 14.999999999999998
leaf_count=15 15 18 54 15 17 22 17 56 41 17 20 19 56 21 15
internal_value=0.0101188 1.10617 -0.0840786 0.345047 -0.0202478 -0.169733 -0.0512732 0.0303595 -0.0642841 -0.274579 -0.280215 -0.32059 -0.323179 -0.230892 -0.420133
internal_weight=418 33 385 64 49 321 155 119 97 32 166 36 146 75 71
internal_count=418 33 385 64 49 321 155 119 97 32 166 36 146 75 71
is_linear=0
shrinkage=0.05


Tree=28
num_leaves=11
num_cat=0
split_feature=113 45 3 106 41 26 16 11 25 31
split_gain=13152.5 9654.52 8850.6 2462.88 2305.06 3048.46 3096.66 2191.22 1074.63 880.446
threshold=-11.458333333333332 0.016666666666666653 3.5000000000000004 27.250000000000004 -0.10999999999999986 32.800000000000004 4.4850000000000012 19.750000000000004 24.050000000000004 0.0066666666666672656
decision_type=2 2 2 2 2 2 2 2 2 2
left_child=-1 3 -3 4 5 6 -2 -6 -9 -7
right_child=1 2 -4 -5 7 9 -8 8 -10 -11
leaf_value=1.2037562597136926 -0.34126332311440782 1.401112444721051 -0.083916690278409131 0.39589862041815344 -0.86560935500441794 -0.32924527104379342 0.50200304125276063 0.073048979031594449 -0.28223839615720053 0.082625660003974422
leaf_weight=21 14.999999999999998 20 20 19 14.999999999999998 54 39 24 184 17
leaf_count=21 15 20 20 19 15 54 39 24 184 17
internal_value=-0.0134263 -0.0765218 0.660116 -0.156981 -0.187286 -0.0153399 0.267472 -0.283596 -0.241204 -0.23058
internal_weight=428 407 40 367 348 125 54 223 208 71
internal_count=428 407 40 367 348 125 54 223 208 71
is_linear=0
shrinkage=0.05


Tree=29
num_leaves=15
num_cat=0
split_feature=35 33 3 114 17 67 65 17 38 56 80 119 4 57
split_gain=12956.3 4910.94 6958.87 9213.69 3576.08 2649.6 1528.85 3233.46 1079.47 1195.53 1023.53 728.641 594.637 180.432
threshold=-11.791666666666663 0.22500000000000012 5.5000000000000009 2.5000000000000004 31.250000000000004 6.6500000000000012 10.250000000000002 32.150000000000013 5.5000000000000009 35.550000000000004 0.21916666666666632 0.16999999999999996 8.5000000000000018 45.750000000000007
decision_type=2 2 2 2 2 2 2 2 2 2 2 2 2 2
left_child=-1 2 3 -2 -5 -6 7 -3 9 11 -11 -8 13 -10
right_child=1 6 -4 4 5 -7 8 -9 12 10 -12 -13 -14 -15
leaf_value=1.350422768286097 1.5042926527328371 -0.3339179222157459 -0.65364647922594898 0.74711675821845203 -0.42271741166154381 0.29182113175714569 -0.098842661311175958 0.70091884980928043 -0.4646010412403751 0.40021713409364595 -0.056934171979208054 -0.3692894731881613 -0.11211881623785691 -0.3130722146758102
leaf_weight=17 15.999999999999998 15.000000000000002 18 20 24 28 56 14.999999999999998 36 15.999999999999998 51 45 28 47
leaf_count=17 16 15 18 20 24 28 56 15 36 16 51 45 28 47
internal_value=0.00161439 -0.053938 0.239565 0.422859 0.180717 -0.0380483 -0.154683 0.183944 -0.191165 -0.11107 0.0525955 -0.219634 -0.312136 -0.379336
internal_weight=432 415 106 88 72 52 309 30 279 168 67 101 111 83
internal_count=432 415 106 88 72 52 309 30 279 168 67 101 111 83
is_linear=0
shrinkage=0.05


Tree=30
num_leaves=14
num_cat=0
split_feature=33 13 29 115 113 78 58 31 33 20 109 11 112
split_gain=13250.8 18348.3 4253.5 2065.02 1967.7 1368.92 1020.57 995.138 1093.79 1432.26 405.672 159.392 143.679
threshold=0.16083333333333319 4.1150000000000011 51.500000000000007 -13.816666666666665 -0.31666666666666815 -1.495833333333334 5.1150000000000011 -0.042500000000000419 1.2366666666666666 30.050000000000004 0.047499999999999883 49.45000000000001 4.5000000000000009
decision_type=2 2 2 2 2 2 2 2 2 2 2 2 2
left_child=1 -1 -3 -2 -4 -5 -6 10 9 -9 11 -7 -10
right_child=3 2 4 5 6 7 -8 8 12 -11 -12 -13 -14
leaf_value=1.5719746452016929 0.40849269406395666 0.73699743310818489 0.32064600931970699 0.15351196595073976 -0.62785901312502279 -0.51822248172146712 -0.1079014491854292 0.16219122520481111 -0.26191288026106491 -0.18086550037369939 -0.18834995412988362 -0.32593634220776635 -0.42067513456382599
leaf_weight=29 15.999999999999998 19 17 29 15.999999999999998 31 23 44 36 98 22 18 25
leaf_count=29 16 19 17 29 16 31 23 44 36 98 22 18 25
internal_value=0.0164242 0.506274 0.0925918 -0.143369 -0.126881 -0.172652 -0.322405 -0.207234 -0.15071 -0.0744917 -0.368336 -0.448496 -0.327643
internal_weight=423 104 75 319 56 303 39 274 203 142 71 49 61
internal_count=423 104 75 319 56 303 39 274 203 142 71 49 61
is_linear=0
shrinkage=0.05


Tree=31
num_leaves=16
num_cat=0
split_feature=31 45 35 31 39 120 31 65 123 27 55 54 33 82 27
split_gain=9249.6 3822.49 4779.35 3060 2906.02 6817.04 2434.09 1355.3 1147.23 866.31 922.684 851.035 536.33 274.613 251.117
threshold=0.050833333333333737 -0.0075000000000000058 -6.6416666666666613 -0.045000000000000366 0.35333333333333355 3.5000000000000004 -0.025833333333333815 10.250000000000002 -1.0000000180025095e-35 26.450000000000006 5.0450000000000008 49.800000000000004 0.67999999999999983 0.27166666666666656 36.20000000000001
decision_type=2 2 2 2 2 2 2 2 2 2 2 2 2 2 2
left_child=1 7 -3 8 5 -5 -6 -1 -4 10 13 -12 -11 -9 -14
right_child=-2 2 3 4 6 -7 -8 9 -10 12 11 -13 14 -15 -16
leaf_value=0.16358166375563513 0.95092107286571936 0.77353565272162939 -0.58447254741809285 -0.081495512695426486 0.52320066082556527 1.1921161822192576 -0.17754046147319932 -0.25040669445350894 -0.082865569991240562 -0.6612212296550638 -0.22434205202869673 0.16835123940037627 -0.42769440991910923 -0.50690347911506306 -0.23220495485490367
leaf_weight=20 23 22 25 25 14.999999999999998 18 69 36 21 14.999999999999998 28 27 33 14.999999999999998 34
leaf_count=20 23 22 25 25 15 18 69 36 21 15 28 27 33 15 34
internal_value=-0.0220962 -0.0778628 0.0811403 -0.00727715 0.119269 0.453057 -0.0518753 -0.226919 -0.356263 -0.268554 -0.173804 -0.0315189 -0.390613 -0.326789 -0.329059
internal_weight=426 403 195 173 127 43 84 208 46 188 106 55 82 51 67
internal_count=426 403 195 173 127 43 84 208 46 188 106 55 82 51 67
is_linear=0
shrinkage=0.05


Tree=32
num_leaves=14
num_cat=0
split_feature=97 45 28 120 72 34 108 32 104 104 25 87 100
split_gain=8514.6 2645.2 4624.86 4661.35 4155.12 4012.64 1174.11 988.88 784.608 1114.74 626.182 370.639 392.747
threshold=6.330000000000001 -0.010000000000000021 5.8500000000000005 4.5000000000000009 0.43000000000000022 3.5000000000000004 5.5000000000000009 3.5000000000000004 16.950000000000003 23.650000000000002 29.500000000000004 6.9150000000000009 0.18500000000000003
decision_type=2 2 2 2 2 2 2 2 2 2 2 2 2
left_child=1 7 3 4 -3 -6 8 -1 -4 -10 -9 12 -12
right_child=-2 2 6 -5 5 -7 -8 10 9 -11 11 -13 -14
leaf_value=-0.60616936885822581 1.0685260211458856 -0.33006663881242276 -0.51957651932202087 1.0516563490817421 1.0977478782072763 -0.0072237385570673648 0.15094761095822334 0.018945863808708632 0.22652725320778147 -0.24191817936677018 -0.33145227265737454 -0.028383356474383531 -0.12927998205326116
leaf_weight=17 15.999999999999998 28 19 17 14.999999999999998 18 25 26 14.999999999999998 80 91 17 33
leaf_count=17 16 28 19 17 15 18 25 26 15 80 91 17 33
internal_value=-0.0589093 -0.104162 0.0140787 0.322006 0.117191 0.496684 -0.158787 -0.243568 -0.226827 -0.16774 -0.206286 -0.247837 -0.277836
internal_weight=417 401 217 78 61 33 139 184 114 95 167 141 124
internal_count=417 401 217 78 61 33 139 184 114 95 167 141 124
is_linear=0
shrinkage=0.05


Tree=33
num_leaves=9
num_cat=0
split_feature=27 113 74 64 31 0 34 56
split_gain=12567.2 8807.2 7855.08 2656.13 1657.26 2825.53 1511.59 1454.8
threshold=1.0000000180025095e-35 -11.033333333333333 -13.308333333333335 17.000000000000004 0.038333333333333559 2272.0000000000005 4.5000000000000009 36.70000000000001
decision_type=2 2 2 2 2 2 2 2
left_child=-1 -2 -3 6 7 -6 -4 -5
right_child=1 2 3 4 5 -7 -8 -9
leaf_value=1.3203426533972309 0.86394406829137516 0.86706725198248913 -0.92569540648432502 -0.25319754163302055 -0.20571656427276672 0.68331250666831589 -0.25727650390730966 -0.022654867125201237
leaf_weight=17 24 19 17 187 20 15.999999999999998 17 108
leaf_count=17 24 19 17 187 20 16 17 108
internal_value=-0.00758585 -0.0632384 -0.12141 -0.173102 -0.129752 0.190067 -0.593367 -0.168849
internal_weight=425 408 384 365 331 36 34 295
internal_count=425 408 384 365 331 36 34 295
is_linear=0
shrinkage=0.05


Tree=34
num_leaves=23
num_cat=0
split_feature=34 52 27 33 97 31 103 92 33 106 109 45 111 31 38 47 109 108 89 11 80 115
split_gain=8676.31 21078.2 7702.83 4330.99 2449.11 1012.93 1362.39 1147.77 1069.42 1818.36 970.939 531.337 665.309 498.022 678.71 489.668 411.27 309.204 395.742 176.72 137.014 86.3701
threshold=3.5000000000000004 3.5850000000000004 5.8500000000000005 -0.61249999999999971 5.5950000000000006 -0.0075000000000002833 31.900000000000002 47.900000000000006 1.0900000000000001 6.2500000000000009 0.0066666666666663774 -0.010000000000000021 -0.047500000000000313 -0.041666666666666512 4.5000000000000009 1.5000000000000002 -0.020000000000000014 4.5000000000000009 32.250000000000007 44.550000000000004 0.29083333333333355 9.8833333333333346
decision_type=2 2 2 2 2 2 2 2 2 2 2 2 2 2 2 2 2 2 2 2 2 2
left_child=1 -1 -3 -4 10 11 8 15 9 -7 -5 17 -13 21 -15 16 -8 19 -19 -2 -21 -14
right_child=5 2 3 4 -6 6 7 -9 -10 -11 -12 12 13 14 -16 -17 -18 18 -20 20 -22 -23
leaf_value=2.0577428426801787 -0.46839828904056963 0.98466616716255373 -0.89783147597155022 -0.38061418273437647 0.60069490667457226 0.67478825652467611 0.050568088543349203 0.1969011566245743 -0.18564825310612357 -0.016593728811290134 0.1050450588933271 0.17466943848022021 -0.23908987668965823 0.18444862358318351 -0.26176299095483119 -0.3976683648283949 -0.26217352446331921 0.024778039625148903 -0.29938765094574704 -0.20347996294780929 -0.40394099390269905 -0.41089284316353175
leaf_weight=15.999999999999998 23 19 14.999999999999998 21 14.999999999999998 18 18 19 14.999999999999998 20 20 15.999999999999998 15.000000000000002 15.999999999999998 18 29 25 14.999999999999998 25 21 14.999999999999998 15.999999999999998
leaf_count=16 23 19 15 21 15 18 18 19 15 20 20 16 15 16 18 29 25 15 25 21 15 16
internal_value=-0.00096363 0.391475 0.0932387 -0.146291 0.0561665 -0.129451 -0.0305327 -0.147877 0.17075 0.311683 -0.143906 -0.208496 -0.113215 -0.184315 -0.0517093 -0.239077 -0.131329 -0.28621 -0.177942 -0.359102 -0.288031 -0.328959
internal_weight=430 106 90 71 56 324 144 91 53 38 41 180 81 65 34 72 43 99 40 59 36 31
internal_count=430 106 90 71 56 324 144 91 53 38 41 180 81 65 34 72 43 99 40 59 36 31
is_linear=0
shrinkage=0.05


Tree=35
num_leaves=9
num_cat=0
split_feature=27 31 38 82 33 35 4 83
split_gain=10179.9 6508.53 13952.7 2719.65 2542.63 1603.48 1335.65 691.723
threshold=1.0000000180025095e-35 0.034999999999999705 3.5000000000000004 -0.95666666666666689 -0.61249999999999971 -3.0166666666666706 11.500000000000002 2.5000000000000004
decision_type=2 2 2 2 2 2 2 2
left_child=-1 3 -3 -2 -5 -6 -7 -4
right_child=1 2 7 4 5 6 -8 -9
leaf_value=1.1667983377167122 0.54028184492856468 1.7031018438546555 -0.2904676085183634 -0.70614588703784642 0.27153039980694593 -0.16715943943878409 0.31493759123694826 0.15298424694273205
leaf_weight=18 14.999999999999998 15.999999999999998 18 19 25 297 14.999999999999998 17
leaf_count=18 15 16 18 19 25 297 15 17
internal_value=0.00564946 -0.0441311 0.484902 -0.11698 -0.144831 -0.11297 -0.143872 -0.0751121
internal_weight=440 422 51 371 356 337 312 35
internal_count=440 422 51 371 356 337 312 35
is_linear=0
shrinkage=0.05


Tree=36
num_leaves=8
num_cat=0
split_feature=35 97 27 33 33 28 35
split_gain=12386.7 6783.19 2740.59 2283.39 2490.36 3808.12 775.641
threshold=-11.791666666666663 6.330000000000001 1.0000000180025095e-35 -0.3050000000000001 0.13083333333333338 6.4500000000000002 13.941666666666672
decision_type=2 2 2 2 2 2 2
left_child=-1 2 -2 -4 5 -5 -6
right_child=1 -3 3 4 6 -7 -8
leaf_value=1.3974995641518904 0.53771532144605738 0.97891349003014971 -0.57966480508617968 0.89967922351218221 -0.084134796505371631 -0.073538311781281257 -0.24919724759795134
leaf_weight=14.999999999999998 15.999999999999998 14.999999999999998 26 14.999999999999998 190 30 114
leaf_count=15 16 15 26 15 190 30 114
internal_value=-0.00864159 -0.0609363 -0.101081 -0.128486 -0.0947029 0.252032 -0.146111
internal_weight=421 406 391 375 349 45 304
internal_count=421 406 391 375 349 45 304
is_linear=0
shrinkage=0.05


Tree=37
num_leaves=16
num_cat=0
split_feature=31 80 82 45 28 119 3 11 108 31 25 39 58 72 9
split_gain=11358.4 22834.5 2662.07 1895.8 2614.94 3549.22 3594.16 2014.83 1585.16 1274.43 1048.57 653.075 583.087 506.98 292.087
threshold=0.034999999999999705 0.40333333333333382 -0.95666666666666689 -0.010000000000000021 5.8500000000000005 0.058333333333333577 3.5000000000000004 28.500000000000004 4.5000000000000009 -0.017500000000000956 45.650000000000006 0.23083333333333347 5.3650000000000011 -0.44666666666666671 6.8750000000000009
decision_type=2 2 2 2 2 2 2 2 2 2 2 2 2 2 2
left_child=2 10 -1 11 5 7 -7 -5 12 -10 -2 -4 -6 -13 -15
right_child=1 -3 3 4 8 6 -8 -9 9 -11 -12 13 -14 14 -16
leaf_value=0.5332999533379984 0.29259391034612003 2.350456304347377 -0.46536537746816758 -0.56848889952463821 -0.40285934648717669 1.0021009571461881 0.03978421483909228 0.18086724818022543 -0.18213271394160124 0.35538366603386867 -0.26964845301812151 0.047602666828644835 -0.13719296436530251 -0.26645338134750102 -0.040450365880602288
leaf_weight=17 15.999999999999998 14.999999999999998 26 14.999999999999998 42 21 18 22 21 23 17 19 41 93 17
leaf_count=17 16 15 26 15 42 21 18 22 21 23 17 19 41 93 17
internal_value=0.0165812 0.739951 -0.0761694 -0.105265 -0.00467867 0.227101 0.55932 -0.123504 -0.143491 0.0988971 0.00286325 -0.236882 -0.27201 -0.190467 -0.23164
internal_weight=423 48 375 358 203 76 39 37 127 44 33 155 83 129 110
internal_count=423 48 375 358 203 76 39 37 127 44 33 155 83 129 110
is_linear=0
shrinkage=0.05


Tree=38
num_leaves=16
num_cat=0
split_feature=31 55 91 95 113 106 41 25 37 17 47 0 115 64 109
split_gain=8594.4 22202.2 1755.7 3435.66 1507.83 1286.04 1578.95 1968.61 1241.27 1008.97 898.527 770.127 577.272 304.633 246.406
threshold=0.034999999999999705 5.9450000000000012 4.3100000000000014 37.050000000000004 -1.8416666666666666 9.0500000000000025 -0.3316666666666665 43.150000000000006 -4.0333333333333341 36.650000000000013 1.5000000000000002 2206.5000000000005 1.0000000180025095e-35 36.900000000000006 0.013333333333334087
decision_type=2 2 2 2 2 2 2 2 2 2 2 2 2 2 2
left_child=2 9 3 4 -1 8 7 -7 -4 -2 11 -8 -10 -14 -12
right_child=1 -3 5 -5 -6 6 10 -9 12 -11 14 -13 13 -15 -16
leaf_value=0.11990608652842415 0.14111053871385978 2.1994261020066723 -0.65520910674201849 0.55164124494769806 -0.40353672947463404 0.66484360947514221 -0.16378356599046323 -0.076058957223439111 -0.0065611581366193028 -0.38445492795181302 -0.4426880025244378 0.16322143799045333 -0.33566011444051214 -0.14790873962763118 -0.20053452911661634
leaf_weight=29 23 14.999999999999998 18 28 26 14.999999999999998 50 22 27 14.999999999999998 23 28 61 34 20
leaf_count=29 23 15 18 28 26 15 50 22 27 15 23 28 61 34 20
internal_value=-0.0184254 0.577509 -0.101467 0.101782 -0.127732 -0.158109 -0.0602317 0.225155 -0.268413 -0.0666828 -0.147654 -0.0462744 -0.210814 -0.268744 -0.330901
internal_weight=434 53 381 83 55 298 158 37 140 38 121 78 122 95 43
internal_count=434 53 381 83 55 298 158 37 140 38 121 78 122 95 43
is_linear=0
shrinkage=0.05


Tree=39
num_leaves=8
num_cat=0
split_feature=113 74 27 64 31 13 123
split_gain=7205.05 5805.68 3034.65 1524.83 1562.58 2084.08 354.739
threshold=-11.458333333333332 -13.308333333333335 1.0000000180025095e-35 14.650000000000002 -0.058333333333333119 6.0550000000000006 -0.0083333333333333436
decision_type=2 2 2 2 2 2 2
left_child=-1 -2 -3 -4 6 -6 -5
right_child=1 2 3 4 5 -7 -8
leaf_value=0.84483574045149601 0.80622462833114938 0.56465437231008075 -0.50125835404974795 -0.47867518668800457 0.076739830174383447 -0.19577895919607 -0.2273345460989826
leaf_weight=24 19 17 24 22 163 123 40
leaf_count=24 19 17 24 22 163 123 40
internal_value=0.00474597 -0.0448537 -0.0866325 -0.116553 -0.0898706 -0.0404723 -0.317228
internal_weight=432 408 389 372 348 286 62
internal_count=432 408 389 372 348 286 62
is_linear=0
shrinkage=0.05


Tree=40
num_leaves=15
num_cat=0
split_feature=35 97 45 28 70 35 108 31 114 31 72 36 89 25
split_gain=8643.42 5343.4 2258.68 2566.94 4238.62 3974.01 1099.88 1337.98 802.04 1051.99 722.143 590.696 357.231 241.649
threshold=-11.791666666666663 6.330000000000001 -0.010000000000000021 5.7000000000000002 0.010000000000000233 3.9166666666666647 4.5000000000000009 -0.017500000000000956 3.5000000000000004 -0.0049999999999985603 -0.72333333333333305 3.5000000000000004 26.800000000000001 46.650000000000013
decision_type=2 2 2 2 2 2 2 2 2 2 2 2 2 2
left_child=-1 2 8 4 5 -4 10 -8 9 12 -5 -10 -2 -13
right_child=1 -3 3 6 -6 -7 7 -9 11 -11 -12 13 -14 -15
leaf_value=1.1461234859798264 -0.34961586435477576 0.85830895693405795 0.9831458914802369 0.14048495640028391 -0.26847414157944599 0.091871196696482804 -0.15325244039431957 0.39696142473911267 -0.55651551736028571 0.1612422485634224 -0.23519517667680165 -0.1708659598267851 -0.052042009258827959 -0.33721471013619958
leaf_weight=15.999999999999998 25 15.999999999999998 25 14.999999999999998 24 25 22 22 17 29 84 57 17 36
leaf_count=16 25 16 25 15 24 25 22 22 17 29 84 57 17 36
internal_value=0.00949082 -0.0346911 -0.0708097 0.0379552 0.276825 0.538681 -0.0857276 0.122017 -0.201184 -0.0699455 -0.178139 -0.285707 -0.229698 -0.235606
internal_weight=430 414 398 217 74 50 143 44 181 71 99 110 42 93
internal_count=430 414 398 217 74 50 143 44 181 71 99 110 42 93
is_linear=0
shrinkage=0.05


Tree=41
num_leaves=9
num_cat=0
split_feature=33 74 113 56 55 109 23 102
split_gain=8638.95 5730.98 2500.48 1264.89 2220.83 2167.48 1357.91 1034.29
threshold=-0.84833333333333349 -13.308333333333335 -11.033333333333333 35.550000000000004 5.5650000000000004 0.040833333333334394 45.45000000000001 21.250000000000004
decision_type=2 2 2 2 2 2 2 2
left_child=-1 -2 -3 6 -5 -6 -4 -8
right_child=1 2 3 4 5 -7 7 -9
leaf_value=1.1535808983426656 0.84300669902596015 0.40611512158565594 -0.63147170346304282 0.5187815091372785 -0.18933628159256363 0.28449229930620357 0.24494259599017801 -0.17190452527343653
leaf_weight=15.999999999999998 18 26 14.999999999999998 19 89 33 15.999999999999998 197
leaf_count=16 18 26 15 19 89 33 16 197
internal_value=0.0172972 -0.02698 -0.066841 -0.10028 0.017403 -0.0610006 -0.173056 -0.140468
internal_weight=429 413 395 369 141 122 228 213
internal_count=429 413 395 369 141 122 228 213
is_linear=0
shrinkage=0.05


Tree=42
num_leaves=12
num_cat=0
split_feature=103 45 3 11 35 28 4 109 74 94 51
split_gain=6623.84 5467.08 8831.47 1824.17 1974.5 2050.18 2901.93 1298.57 565.952 962.458 344.763
threshold=10.550000000000002 0.016666666666666653 3.5000000000000004 21.950000000000003 7.7166666666666659 5.7000000000000002 4.5000000000000009 0.033333333333332778 -7.3000000000000007 5.3250000000000011 69.450000000000017
decision_type=2 2 2 2 2 2 2 2 2 2 2
left_child=-1 3 -3 -2 5 6 -5 -7 9 -6 -10
right_child=1 2 -4 4 8 7 -8 -9 10 -11 -12
leaf_value=0.76212311631199181 -0.50722277037713714 1.2084227589069385 -0.32124706360331756 -0.124593400724685 -0.22123877827409674 -0.18458087359309525 0.70651350338383023 0.21352558777577857 -0.23147482186277246 0.3129043552259736 0.011932599137288443
leaf_weight=27 26 21 17 18 19 64 25 30 155 14.999999999999998 15.999999999999998
leaf_count=27 26 21 17 18 19 64 25 30 155 15 16
internal_value=0.00525933 -0.0452369 0.524919 -0.104252 -0.0734627 0.0734415 0.35901 -0.0573806 -0.17165 0.0144925 -0.208677
internal_weight=433 406 38 368 342 137 43 94 205 34 171
internal_count=433 406 38 368 342 137 43 94 205 34 171
is_linear=0
shrinkage=0.05


Tree=43
num_leaves=12
num_cat=0
split_feature=31 56 89 10 33 28 45 116 99 97 41
split_gain=7075.4 18654 2800.54 1974.1 2073.02 4027.46 988.198 763.853 1157.81 539.749 330.769
threshold=0.034999999999999705 39.550000000000004 16.100000000000005 4.285000000000001 0.13083333333333338 4.7500000000000009 0.0033333333333333414 4.5000000000000009 40.050000000000004 5.4150000000000009 -0.34750000000000053
decision_type=2 2 2 2 2 2 2 2 2 2 2
left_child=2 6 -1 -4 5 -5 -2 8 -6 -7 -9
right_child=1 -3 3 4 7 9 -8 10 -10 -11 -12
leaf_value=0.43438983134539477 -0.23802951409856316 2.0270098134776613 -0.53960254098552152 0.7627231428316279 0.33920281762662141 -0.23733847013378512 0.26786907681767247 -0.079383187036948522 -0.11084181587266745 0.12405556778461611 -0.27198200602644507
leaf_weight=25 24 14.999999999999998 25 20 15.999999999999998 26 15.999999999999998 29 127 17 99
leaf_count=25 24 15 25 20 16 26 16 29 127 17 99
internal_value=-0.000192566 0.529656 -0.0762134 -0.111896 -0.0797149 0.178408 -0.035382 -0.139783 -0.0602504 -0.0943894 -0.228481
internal_weight=439 55 384 359 334 63 40 271 143 43 128
internal_count=439 55 384 359 334 63 40 271 143 43 128
is_linear=0
shrinkage=0.05


Tree=44
num_leaves=13
num_cat=0
split_feature=113 9 28 38 23 111 97 95 60 40 119 53
split_gain=6774.37 3958.49 6477.39 1029.57 1198.75 1411.1 2614.31 1262.07 271.984 345.982 198.704 129.773
threshold=-11.458333333333332 6.8950000000000005 6.6500000000000012 5.5000000000000009 90.15000000000002 0.4725000000000002 5.7150000000000007 25.450000000000003 54.250000000000007 2.5000000000000004 0.43833333333333352 26.500000000000004
decision_type=2 2 2 2 2 2 2 2 2 2 2 2
left_child=-1 3 -3 4 5 6 -2 -7 9 -5 -11 -10
right_child=1 2 -4 8 -6 7 -8 -9 11 10 -12 -13
leaf_value=0.87152454163790871 -0.010944748317045422 1.242575671972818 -0.1016192003882309 0.033126039053612985 -0.41120932861347104 -0.44014052048147434 0.57053497189069646 -0.043846482419133428 -0.22170964953495048 -0.1631501072376188 -0.36671431256316556 -0.40908037326993985
leaf_weight=21 84 14.999999999999998 22 17 20 25 25 101 17 42 17 22
leaf_count=21 84 15 22 17 20 25 25 101 17 42 17 22
internal_value=-0.00201905 -0.0473066 0.44507 -0.0966648 -0.0405948 -0.0088704 0.122777 -0.122803 -0.220807 -0.165217 -0.22241 -0.32831
internal_weight=428 407 37 370 255 235 109 126 115 76 59 39
internal_count=428 407 37 370 255 235 109 126 115 76 59 39
is_linear=0
shrinkage=0.05


Tree=45
num_leaves=8
num_cat=0
split_feature=35 74 27 64 111 25 70
split_gain=8181.76 4743.28 1628.21 1543.87 1160.88 1689.66 832.178
threshold=-11.791666666666663 -13.308333333333335 1.0000000180025095e-35 14.650000000000002 0.53666666666666718 33.900000000000006 -0.080833333333333521
decision_type=2 2 2 2 2 2 2
left_child=-1 -2 -3 -4 5 -5 -6
right_child=1 2 3 4 6 -7 -8
leaf_value=1.1012505512059845 0.72308116783022247 0.40965731699274194 -0.46051274663188702 0.21545598393657742 0.14100784168717609 -0.09377805615796915 -0.21952633712545178
leaf_weight=15.999999999999998 19 15.999999999999998 28 64 18 142 139
leaf_count=16 19 16 28 64 18 142 139
internal_value=-0.00517518 -0.0469915 -0.0831219 -0.103399 -0.0757202 0.00232832 -0.178096
internal_weight=442 426 407 391 363 206 157
internal_count=442 426 407 391 363 206 157
is_linear=0
shrinkage=0.05


Tree=46
num_leaves=14
num_cat=0
split_feature=33 97 45 28 70 37 108 31 51 91 117 119 33
split_gain=9383.66 4597.61 2350.18 3505.51 3790.05 3944 915.627 809.955 559.68 471.529 486.955 593.607 266.499
threshold=-0.84833333333333349 6.330000000000001 -0.010000000000000021 5.8500000000000005 0.010000000000000233 4.5916666666666766 4.5000000000000009 -0.017500000000000956 46.350000000000001 1.9100000000000001 0.73083333333333333 -0.266666666666667 0.55416666666666681
decision_type=2 2 2 2 2 2 2 2 2 2 2 2 2
left_child=-1 2 9 4 5 -4 8 -8 -5 -2 11 -11 -12
right_child=1 -3 3 6 -6 -7 7 -9 -10 10 12 -13 -14
leaf_value=1.2520392387908026 -0.44296316004687952 0.83844229053977315 0.97863724545651898 0.032088909330833477 -0.18841253619689446 0.084049364445705765 -0.1164224860086963 0.32710706868442879 -0.24266527334932875 0.19850272352409642 -0.41831554951875111 -0.14180149684155291 -0.19361499874028598
leaf_weight=14.999999999999998 15.999999999999998 14.999999999999998 28 25 23 22 20 21 71 17 15.999999999999998 51 78
leaf_count=15 16 15 28 25 23 22 20 21 71 17 16 51 78
internal_value=0.0283194 -0.0175153 -0.0508269 0.0624401 0.342064 0.586072 -0.0866608 0.110873 -0.171104 -0.184445 -0.158624 -0.0564855 -0.232319
internal_weight=418 403 388 210 73 50 137 41 96 178 162 68 94
internal_count=418 403 388 210 73 50 137 41 96 178 162 68 94
is_linear=0
shrinkage=0.05


Tree=47
num_leaves=8
num_cat=0
split_feature=113 27 33 26 39 9 93
split_gain=5827.1 3189.94 2551.01 1028.48 2092.23 935.069 570.983
threshold=-11.458333333333332 1.0000000180025095e-35 -0.61249999999999971 15.350000000000003 -1.2883333333333329 6.9150000000000009 42.20000000000001
decision_type=2 2 2 2 2 2 2
left_child=-1 -2 -3 6 -5 -6 -4
right_child=1 2 3 4 5 -7 -8
leaf_value=0.77105573580275832 0.58599777781502316 -0.64162095664300722 -0.56028191822254092 0.53728275758935917 -0.086973642541373367 0.26523916495973199 -0.1231627169034339
leaf_weight=22 18 20 15.000000000000002 14.999999999999998 301 20 14.999999999999998
leaf_count=22 18 20 15 15 301 20 15
internal_value=-0.0194982 -0.0627407 -0.0931497 -0.0629978 -0.037886 -0.0649376 -0.343024
internal_weight=426 404 386 366 336 321 30
internal_count=426 404 386 366 336 321 30
is_linear=0
shrinkage=0.05


Tree=48
num_leaves=12
num_cat=0
split_feature=37 31 23 97 62 106 62 43 57 57 25
split_gain=6703.8 13304.1 2663.87 3617.19 2999.7 1045.49 927.114 643.761 675.319 679.196 209.852
threshold=-6.224999999999997 -0.018333333333333975 64.500000000000014 5.7650000000000006 72.100000000000009 27.250000000000004 54.150000000000006 -0.91666666666666619 43.20000000000001 53.650000000000013 41.000000000000007
decision_type=2 2 2 2 2 2 2 2 2 2 2
left_child=1 -1 3 4 6 7 -2 -4 10 -10 -9
right_child=2 -3 5 -5 -6 -7 -8 8 9 -11 -12
leaf_value=-0.25170777736534 0.048297442609106581 1.6693535587243866 -0.46273427291816438 0.89810011903971232 0.45729459986604493 0.25774931043212174 -0.43769512024276702 -0.16853931191860605 -0.00097768776686853946 -0.18097203876036694 -0.35183992773039729
leaf_weight=19 17 17 14.999999999999998 14.999999999999998 26 17 23 29 114 97 35
leaf_count=19 17 17 15 15 26 17 23 29 114 97 35
internal_value=0.0057 0.657433 -0.054911 0.199961 0.0400986 -0.122217 -0.231418 -0.144589 -0.127056 -0.0837941 -0.269252
internal_weight=424 36 388 81 66 307 40 290 275 211 64
internal_count=424 36 388 81 66 307 40 290 275 211 64
is_linear=0
shrinkage=0.05


Tree=49
num_leaves=13
num_cat=0
split_feature=13 24 58 16 109 113 88 26 55 86 17 119
split_gain=6308.24 12817.7 2323.02 1576.66 1218.87 1085.32 1153.34 812.39 670.792 662.142 892.3 479.859
threshold=4.1150000000000011 30.600000000000005 5.3550000000000013 6.3850000000000007 0.01166666666666716 -7.5416666666666652 6.3250000000000011 15.350000000000003 5.4650000000000007 1.5000000000000002 31.850000000000005 0.20166666666666669
decision_type=2 2 2 2 2 2 2 2 2 2 2 2
left_child=1 -1 -3 4 7 -6 8 -2 -7 11 -11 -9
right_child=3 2 -4 -5 5 6 -8 9 -10 10 -12 -13
leaf_value=1.5900540230682541 -0.51422894722536994 -0.26481038548343971 0.50413406297860563 0.38000369280247398 0.35610715294383583 -0.20752679106639241 0.26222138730475153 -0.13794695654108086 0.037356199346757504 0.22919067590783687 -0.1974666245824076 -0.34435119322292551
leaf_weight=18 17 28 14.999999999999998 18 19 71 25 76 46 23 26 45
leaf_count=18 17 28 15 18 19 71 25 76 46 23 26 45
internal_value=0.00350919 0.473834 0.00385737 -0.0749726 -0.0986226 0.00220589 -0.0453292 -0.185414 -0.111256 -0.15222 0.00275816 -0.214971
internal_weight=427 61 43 366 348 161 142 187 117 170 49 121
internal_count=427 61 43 366 348 161 142 187 117 170 49 121
is_linear=0
shrinkage=0.05


Tree=50
num_leaves=16
num_cat=0
split_feature=31 55 47 115 96 61 66 56 37 4 16 18 87 94 16
split_gain=6320.32 16927.8 1759.53 1829.74 1178.49 1603.22 1101.04 1085.31 993.002 789.646 666.536 575.871 292.279 192.73 163.249
threshold=0.034999999999999705 5.785000000000001 1.5000000000000002 -11.774999999999999 58.600000000000001 0.16500000000000004 6.8000000000000016 36.95000000000001 -3.4750000000000045 4.5000000000000009 5.3950000000000005 53.550000000000004 6.8450000000000006 5.3250000000000011 4.9450000000000012
decision_type=2 2 2 2 2 2 2 2 2 2 2 2 2 2 2
left_child=2 10 3 -1 6 -6 11 -8 -4 -10 -2 -5 14 -14 -11
right_child=1 -3 8 4 5 -7 7 -9 9 12 -12 -13 13 -15 -16
leaf_value=0.52703606498162481 0.11684706529341132 1.9172569581214955 -0.59207455382971041 -0.17003015949951478 -0.058748006637982478 0.55376324953295242 -0.1260842509733153 0.15738203812944429 0.15431596376248544 -0.1630683684191167 -0.30608794785434412 -0.58084151926419592 -0.00033922631141037967 -0.24202759821222439 -0.35821898208337394
leaf_weight=14.999999999999998 22 14.999999999999998 17 20 26 18 108 49 14.999999999999998 14.999999999999998 15.999999999999998 14.999999999999998 17 15.999999999999998 41
leaf_count=15 22 15 17 20 26 18 108 49 15 15 16 15 17 16 41
internal_value=-0.00925552 0.501034 -0.0820866 -0.00654132 -0.0406852 0.192399 -0.0941987 -0.0375382 -0.23862 -0.180282 -0.0614356 -0.347388 -0.236841 -0.11805 -0.306419
internal_weight=425 53 372 251 236 44 192 157 121 104 38 35 89 33 56
internal_count=425 53 372 251 236 44 192 157 121 104 38 35 89 33 56
is_linear=0
shrinkage=0.05


Tree=51
num_leaves=10
num_cat=0
split_feature=35 74 64 31 23 66 0 39 66
split_gain=4696.6 3436.56 1244.64 991.373 1281.15 1096.39 837.763 369.589 282.037
threshold=-11.791666666666663 -13.308333333333335 14.650000000000002 -0.042500000000000419 54.750000000000007 27.900000000000002 1592.5000000000002 0.13583333333333328 28.250000000000004
decision_type=2 2 2 2 2 2 2 2 2
left_child=-1 -2 -3 7 6 -6 -5 -4 -9
right_child=1 2 3 4 5 -7 -8 8 -10
leaf_value=0.79354898594973378 0.60292866879108686 -0.3985426039220541 -0.43044529340125082 0.020825555121267075 -0.11169248950211884 0.13125041528648415 0.54066997810920581 -0.2243642591572034 -0.01257634838938197
leaf_weight=17 19 29 14.999999999999998 15.000000000000002 184 62 15.999999999999998 50 23
leaf_count=17 19 29 15 15 184 62 16 50 23
internal_value=-0.0184388 -0.0520582 -0.0838015 -0.0586786 -0.0121894 -0.0504142 0.290169 -0.204777 -0.157813
internal_weight=430 413 394 365 277 246 31 88 73
internal_count=430 413 394 365 277 246 31 88 73
is_linear=0
shrinkage=0.05


Tree=52
num_leaves=7
num_cat=0
split_feature=103 27 33 64 37 9
split_gain=6125.38 2290.57 1988.33 1175.42 920.929 735.324
threshold=10.550000000000002 1.0000000180025095e-35 -0.61249999999999971 10.800000000000002 -4.8333333333333313 6.9250000000000007
decision_type=2 2 2 2 2 2
left_child=-1 -2 -3 -4 -5 -6
right_child=1 2 3 4 5 -7
leaf_value=0.7216107466668461 0.51540043753866827 -0.57751469609156181 0.36529565911419348 0.28411773854160904 -0.11970089384193916 0.22665414943458129
leaf_weight=26 15.999999999999998 20 14.999999999999998 15.999999999999998 318 15.999999999999998
leaf_count=26 16 20 15 16 318 16
internal_value=-0.0205889 -0.0688919 -0.0933147 -0.0666186 -0.0852426 -0.103031
internal_weight=427 401 385 365 350 334
internal_count=427 401 385 365 350 334
is_linear=0
shrinkage=0.05


Tree=53
num_leaves=13
num_cat=0
split_feature=31 31 89 41 35 51 25 11 102 103 98 121
split_gain=3965.42 2108.57 2790.25 1593.28 1430.11 1264.72 932.709 915.069 364.268 366.198 266.332 165.483
threshold=0.050833333333333737 -0.043333333333333439 18.450000000000003 -0.35499999999999993 5.6000000000000005 69.600000000000009 23.650000000000002 23.600000000000005 28.150000000000002 27.100000000000005 32.050000000000004 0.15666666666666676
decision_type=2 2 2 2 2 2 2 2 2 2 2 2
left_child=1 6 -3 4 -4 7 -1 -5 -8 -10 -6 -11
right_child=-2 2 3 5 10 -7 8 -9 9 11 -12 -13
leaf_value=-0.61920604946597535 0.62246660256412767 0.4873977948378812 0.49581190774709116 -0.48059336608944681 -0.17589440350204899 0.30664023598383744 -0.42000366528302635 -0.10726776403598051 0.070515270541045838 -0.25695199800862206 0.12102838825705825 -0.079456465000881563
leaf_weight=14.999999999999998 22 27 23 18 15.000000000000002 17 14.999999999999998 179 14.999999999999998 44 14.999999999999998 19
leaf_count=15 22 27 23 18 15 17 15 179 15 44 15 19
internal_value=-0.0296005 -0.0654441 0.00396603 -0.0450658 0.20009 -0.10587 -0.254269 -0.141631 -0.194753 -0.150889 -0.027358 -0.203712
internal_weight=424 402 294 267 53 214 108 197 93 78 30 63
internal_count=424 402 294 267 53 214 108 197 93 78 30 63
is_linear=0
shrinkage=0.05


Tree=54
num_leaves=17
num_cat=0
split_feature=34 56 115 65 33 60 35 74 24 68 8 116 5 65 18 43
split_gain=5504.17 18660.5 3516.66 2042.34 2100.39 1120.43 811.397 784.008 731.417 826.917 1024.68 522.344 487.176 236.939 170.391 69.3034
threshold=3.5000000000000004 42.95000000000001 -4.4083333333333306 38.150000000000013 -0.3050000000000001 52.250000000000007 13.941666666666672 -8.1333333333333346 32.45000000000001 53.500000000000007 1.0000000180025095e-35 1.5000000000000002 1.0000000180025095e-35 13.9 57.850000000000001 -0.24999999999999997
decision_type=2 2 2 2 2 2 2 2 2 2 2 2 2 2 2 2
left_child=1 2 -1 4 -4 -6 7 -2 -9 12 -11 -8 -10 -13 15 -15
right_child=6 -3 3 -5 5 -7 11 8 9 10 -12 13 -14 14 -16 -17
leaf_value=0.7544262393470238 0.27991788858798011 1.9673734075186269 -0.62929121632994067 0.37298674089473915 0.29040053053731807 -0.30060986738331275 -0.45640750405014752 -0.30577854674881427 -0.015462594171484073 0.42650748319650822 0.0032539315691345002 0.042303137510817573 -0.25664404128727164 -0.29224689401974335 -0.029799898753040718 -0.1766207641122895
leaf_weight=14.999999999999998 20 14.999999999999998 21 18 17 14.999999999999998 14.999999999999998 24 50 19 57 14.999999999999998 36 18 17 52
leaf_count=15 20 15 21 18 17 15 15 24 50 19 57 15 36 18 17 52
internal_value=0.0242497 0.34623 0.0614575 -0.0857292 -0.242023 0.0131352 -0.0764918 -0.0167169 -0.0487732 -0.0105024 0.109554 -0.18159 -0.116661 -0.140719 -0.172344 -0.206799
internal_weight=424 101 86 71 53 32 323 206 186 162 76 117 86 102 87 70
internal_count=424 101 86 71 53 32 323 206 186 162 76 117 86 102 87 70
is_linear=0
shrinkage=0.05


Tree=55
num_leaves=8
num_cat=0
split_feature=103 39 33 16 103 13 99
split_gain=4336.87 1404.54 1760.87 1225.09 1394.58 1199.17 610.091
threshold=10.550000000000002 -2.6666666666666665 -0.61249999999999971 6.3850000000000007 54.000000000000007 5.5850000000000009 61.500000000000007
decision_type=2 2 2 2 2 2 2
left_child=-1 -2 -3 4 6 -6 -4
right_child=1 2 3 -5 5 -7 -8
leaf_value=0.61755935537862583 0.31894275112585591 -0.53809860532556597 -0.09322448299071974 0.33250653960629911 0.53536245595224152 -0.03782317524696413 -0.35549265596381857
leaf_weight=25 23 20 283 19 15.999999999999998 21 24
leaf_count=25 23 20 283 19 16 21 24
internal_value=-0.0202495 -0.0596781 -0.0825055 -0.0572489 -0.078881 0.210681 -0.113853
internal_weight=431 406 383 363 344 37 307
internal_count=431 406 383 363 344 37 307
is_linear=0
shrinkage=0.05


Tree=56
num_leaves=17
num_cat=0
split_feature=35 31 38 66 14 26 14 52 45 96 41 45 23 103 78 29
split_gain=5662.17 1092.14 1686.56 2467.08 2773.55 1263.84 774.129 685.992 973.17 863.166 824.877 557.763 452.275 396.165 114.933 81.337
threshold=-11.791666666666663 -0.045000000000000366 3.5000000000000004 28.550000000000004 31.950000000000006 21.800000000000001 22.400000000000002 5.205000000000001 -1.0000000180025095e-35 53.350000000000001 0.079999999999999641 0.0049999999999999914 78.550000000000011 23.650000000000002 0.62416666666666709 52.500000000000007
decision_type=2 2 2 2 2 2 2 2 2 2 2 2 2 2 2 2
left_child=-1 6 3 4 5 -3 -2 8 10 -10 -4 12 -9 -8 15 -15
right_child=1 2 7 -5 -6 -7 13 11 9 -11 -12 -13 -14 14 -16 -17
leaf_value=0.94359380764677037 -0.52278032349237546 -0.45283466715839027 0.07875740209122753 0.7517666265831231 0.65417173848246901 0.069671254839481223 0.060307600386255412 0.025569664157582606 -0.014821568705280376 0.49573760140273304 -0.25770496785902908 -0.38450729287631136 -0.19275507107244244 -0.16964325435114225 -0.10941175885869366 -0.33033118168952058
leaf_weight=14.999999999999998 14.999999999999998 18 39 15.999999999999998 14.999999999999998 32 20 41 15.999999999999998 17 34 21 56 14.999999999999998 22 18
leaf_count=15 15 18 39 16 15 32 20 41 16 17 34 21 56 15 22 18
internal_value=-0.00662315 -0.0429497 0.00221562 0.197615 0.0601864 -0.118859 -0.195898 -0.0684765 0.0237998 0.248746 -0.0780209 -0.151361 -0.100491 -0.129846 -0.199067 -0.258175
internal_weight=410 395 305 81 65 50 90 224 106 33 73 118 97 75 55 33
internal_count=410 395 305 81 65 50 90 224 106 33 73 118 97 75 55 33
is_linear=0
shrinkage=0.05


Tree=57
num_leaves=12
num_cat=0
split_feature=23 31 106 94 106 51 64 37 13 57 42
split_gain=4667.63 11808.3 21243 1550.39 1231.26 1186.46 750.782 1024.97 662.551 523.302 391.442
threshold=64.500000000000014 -0.0033333333333334099 5.2500000000000009 4.955000000000001 27.250000000000004 38.350000000000001 51.800000000000004 -4.8333333333333313 4.2950000000000008 54.600000000000009 3.5000000000000004
decision_type=2 2 2 2 2 2 2 2 2 2 2
left_child=1 3 -3 -1 6 -5 7 -2 -9 -10 -8
right_child=4 2 -4 5 -6 -7 10 8 9 -11 -12
leaf_value=-0.59319725137277945 0.32082642316818238 2.2441195654440977 -0.024260139613725338 -0.29872372919765627 0.31565622866777848 0.24725278453791844 -0.11288066347232038 -0.35893168719176433 -0.011235523013910557 -0.17088579347931929 -0.41243485933976159
leaf_weight=14.999999999999998 15.999999999999998 18 24 18 19 22 19 21 150 78 26
leaf_count=15 16 18 24 18 19 22 19 21 150 78 26
internal_value=0.015904 0.320536 0.950805 -0.161523 -0.0739663 0.00130641 -0.0979566 -0.0658083 -0.0907912 -0.0659256 -0.286598
internal_weight=426 97 42 55 329 40 310 265 249 228 45
internal_count=426 97 42 55 329 40 310 265 249 228 45
is_linear=0
shrinkage=0.05


Tree=58
num_leaves=18
num_cat=0
split_feature=13 24 58 38 108 24 12 103 94 86 60 97 105 115 70 9 82
split_gain=4949.82 14585.8 1877.95 1065.31 1328.59 1480.89 2779.92 741.554 590.245 572.945 735.918 687.561 619.107 536.925 438.925 398.193 283.492
threshold=4.1150000000000011 30.600000000000005 5.3750000000000009 4.5000000000000009 2.5000000000000004 41.800000000000004 55.900000000000006 44.600000000000001 4.9750000000000005 1.5000000000000002 38.050000000000004 4.7750000000000012 4.0500000000000007 1.4416666666666667 -0.023333333333332981 6.8750000000000009 0.28666666666666668
decision_type=2 2 2 2 2 2 2 2 2 2 2 2 2 2 2 2 2
left_child=1 -1 -3 4 8 14 -7 -8 -2 10 -5 -11 -12 -13 -6 -14 -15
right_child=3 2 -4 9 5 6 7 -9 -10 11 12 13 15 16 -16 -17 -18
leaf_value=1.7344783524918999 -0.40817894243305508 -0.25905095595367172 0.42814438043051217 -0.46677752100960329 0.051352648800285297 0.75831506834850049 -0.077474115118128323 0.34541649725866619 -0.02791586580199067 0.29160866037659022 0.17501558904221515 0.17896253825812941 -0.20373213648735936 -0.067942224129539569 -0.3053888785918028 0.057676704376064536 -0.33367791316524054
leaf_weight=15.999999999999998 15.999999999999998 29 14.999999999999998 18 20 22 29 15.999999999999998 28 15.999999999999998 14.999999999999998 14.999999999999998 99 27 14.999999999999998 17 15.999999999999998
leaf_count=16 16 29 15 18 20 22 29 16 28 16 15 15 99 27 15 17 16
internal_value=0.0259873 0.446784 -0.0242268 -0.0425239 0.0624242 0.161472 0.299038 0.0732086 -0.166919 -0.111254 -0.167703 0.00241275 -0.126246 -0.077644 -0.101829 -0.165362 -0.167481
internal_weight=429 60 44 369 146 102 67 45 44 223 149 74 131 58 35 116 43
internal_count=429 60 44 369 146 102 67 45 44 223 149 74 131 58 35 116 43
is_linear=0
shrinkage=0.05


Tree=59
num_leaves=11
num_cat=0
split_feature=31 80 89 90 41 13 33 80 105 81
split_gain=4196.26 12171.8 1187.68 1114.78 1177.02 2274.14 910.36 871.711 609.148 492.957
threshold=0.034999999999999705 0.40333333333333382 16.100000000000005 35.050000000000004 -0.35499999999999993 4.8350000000000009 -0.61249999999999971 -1.0000000180025095e-35 20.400000000000002 3.5000000000000004
decision_type=2 2 2 2 2 2 2 2 2 2
left_child=2 7 -1 -4 5 -5 -6 -2 -8 -7
right_child=1 -3 3 4 6 9 8 -9 -10 -11
leaf_value=0.31033234825898043 0.13871372404383189 1.5838173903478596 -0.45356885169943173 0.68609320671353125 -0.45226681054749102 -0.14306445848877447 0.0070753159986509176 -0.36400312163577175 -0.14992927462521324 0.15699907707948371
leaf_weight=23 20 15.999999999999998 17 14.999999999999998 15.999999999999998 30 136 14.999999999999998 113 25
leaf_count=23 20 16 17 15 16 30 136 15 113 25
internal_value=0.0209404 0.446011 -0.0369593 -0.0597476 -0.0396183 0.142574 -0.0877991 -0.0770171 -0.0641873 -0.0065438
internal_weight=426 51 375 352 335 70 265 35 249 55
internal_count=426 51 375 352 335 70 265 35 249 55
is_linear=0
shrinkage=0.05


Tree=60
num_leaves=11
num_cat=0
split_feature=35 31 60 59 31 89 64 13 9 99
split_gain=4076.81 2360.14 1362.16 2349.11 1165.48 2225.12 811.644 472.563 366.671 332.765
threshold=-11.791666666666663 0.050833333333333737 54.850000000000001 38.550000000000004 -0.043333333333333439 19.250000000000004 21.550000000000001 4.9850000000000003 6.7750000000000012 46.95000000000001
decision_type=2 2 2 2 2 2 2 2 2 2
left_child=-1 2 3 4 8 -6 -4 -8 -2 -9
right_child=1 -3 6 -5 5 -7 7 9 -10 -11
leaf_value=0.7925949330655685 -0.13386855324843897 0.52404661069365699 -0.50821482861898226 0.61664631398308367 0.53635433514912922 -0.017684554887732157 0.06006176930207472 -0.340091541178552 -0.40033657620524804 -0.10121915848270013
leaf_weight=15.999999999999998 54 19 18 14.999999999999998 20 184 22 27 17 32
leaf_count=16 54 19 18 15 20 184 22 27 17 32
internal_value=0.0121939 -0.0185845 -0.0452291 0.0094392 -0.0238751 0.0368447 -0.205267 -0.13734 -0.198214 -0.211009
internal_weight=424 408 389 290 275 204 99 81 71 59
internal_count=424 408 389 290 275 204 99 81 71 59
is_linear=0
shrinkage=0.05


Tree=61
num_leaves=11
num_cat=0
split_feature=35 17 106 93 13 26 65 67 122 89
split_gain=4326.23 9209.34 926.856 631.661 648.155 668.59 958.081 754.965 255.535 95.6603
threshold=-3.6833333333333296 35.550000000000004 27.250000000000004 1.0000000180025095e-35 6.7550000000000008 22.900000000000002 10.250000000000002 11.300000000000002 4.5000000000000009 48.150000000000013
decision_type=2 2 2 2 2 2 2 2 2 2
left_child=1 -1 3 -2 5 7 -7 -5 9 -6
right_child=2 -3 -4 4 8 6 -8 -9 -10 -11
leaf_value=1.0303441040448307 -0.31685521189602578 -0.27712332874655249 0.33029206781000497 -0.28475185228404859 -0.1897245082853809 0.36753063547907699 -0.0052859077415725745 0.090800541795011777 -0.0044629937373333092 -0.33528362860590777
leaf_weight=29 24 25 14.999999999999998 40 42 19 176 20 15.999999999999998 15.999999999999998
leaf_count=29 24 25 15 40 42 19 176 20 16 16
internal_value=0.00804696 0.425549 -0.0533023 -0.0697055 -0.0515703 -0.013718 0.0311839 -0.159542 -0.181745 -0.230473
internal_weight=422 54 368 353 329 255 195 60 74 58
internal_count=422 54 368 353 329 255 195 60 74 58
is_linear=0
shrinkage=0.05


Tree=62
num_leaves=9
num_cat=0
split_feature=113 31 11 27 53 64 52 109
split_gain=3659.26 3134.23 940.328 1976.29 2004.39 1105.39 900.746 479.844
threshold=-13.808333333333332 0.050833333333333737 23.600000000000005 5.8500000000000005 23.400000000000002 10.800000000000002 7.1550000000000002 0.026666666666666842
decision_type=2 2 2 2 2 2 2 2
left_child=-1 2 3 -2 -5 -4 7 -7
right_child=1 -3 5 4 -6 6 -8 -9
leaf_value=0.76577874236548982 0.19767910013135695 0.52722492256352516 0.38637298945559578 -0.083023030710536114 -0.88734278367913277 -0.11593039357508428 0.27362426216922592 0.013911576046299097
leaf_weight=14.999999999999998 14.999999999999998 24 14.999999999999998 15.000000000000002 15.999999999999998 208 20 108
leaf_count=15 15 24 15 15 16 208 20 108
internal_value=0.00100269 -0.0264094 -0.0600154 -0.272341 -0.499835 -0.0321054 -0.0509117 -0.0715478
internal_weight=436 421 397 46 31 351 336 316
internal_count=436 421 397 46 31 351 336 316
is_linear=0
shrinkage=0.05


Tree=63
num_leaves=7
num_cat=0
split_feature=113 74 90 33 64 23
split_gain=3582 2813.4 1473.58 1522.44 634.414 916.279
threshold=-11.458333333333332 -13.308333333333335 32.350000000000009 -0.61249999999999971 14.650000000000002 54.750000000000007
decision_type=2 2 2 2 2 2
left_child=-1 -2 -3 -4 -5 -6
right_child=1 2 3 4 5 -7
leaf_value=0.63361019756274195 0.55826877524091312 0.37750750786691745 -0.46057740274178549 -0.31065259408125118 0.22833222720733623 -0.065595356463143795
leaf_weight=21 19 18 25 23 29 298
leaf_count=21 19 18 25 23 29 298
internal_value=-0.00178038 -0.0343248 -0.0631218 -0.0843804 -0.057371 -0.0394513
internal_weight=433 412 393 375 350 327
internal_count=433 412 393 375 350 327
is_linear=0
shrinkage=0.05


Tree=64
num_leaves=11
num_cat=0
split_feature=33 97 106 11 28 34 115 24 98 23
split_gain=3345.82 2943.99 4548.79 1438.98 1271.58 2832.4 1128.3 901.271 831.28 671.76
threshold=-0.84833333333333349 6.1250000000000009 9.7500000000000018 23.400000000000002 5.7000000000000002 3.5000000000000004 -10.308333333333337 43.100000000000001 31.750000000000004 58.45000000000001
decision_type=2 2 2 2 2 2 2 2 2 2
left_child=-1 3 -3 8 5 -5 -6 -7 -2 -8
right_child=1 2 -4 4 6 7 9 -9 -10 -11
leaf_value=0.73308093626767601 -0.11150213728677359 1.0299750688931215 -0.14179545913697683 0.65038963935861538 -0.48348187710109508 -0.2558106147923232 0.20643803666553226 0.11487844709028193 -0.62284959275820106 -0.088876082335870854
leaf_weight=14.999999999999998 14.999999999999998 15.999999999999998 17 20 17 26 21 44 17 220
leaf_count=15 15 16 17 20 17 26 21 44 17 220
internal_value=0.00203691 -0.0246733 0.42758 -0.0640632 -0.0344901 0.127218 -0.0909466 -0.0229032 -0.384405 -0.0630476
internal_weight=428 413 33 380 348 90 258 70 32 241
internal_count=428 413 33 380 348 90 258 70 32 241
is_linear=0
shrinkage=0.05


Tree=65
num_leaves=12
num_cat=0
split_feature=53 24 27 10 23 38 99 108 65 72 111
split_gain=3523.2 10404.4 2512.2 1398.31 735.575 1385.17 677.673 502.099 704.416 524.516 151.275
threshold=11.850000000000001 34.70000000000001 1.0000000180025095e-35 4.2550000000000008 62.20000000000001 3.5000000000000004 43.45000000000001 2.5000000000000004 16.200000000000006 0.23083333333333481 0.27749999999999947
decision_type=2 2 2 2 2 2 2 2 2 2 2
left_child=1 -1 -2 -4 5 -5 -3 9 -9 -6 -8
right_child=2 6 3 4 7 -7 10 8 -10 -11 -12
leaf_value=1.4883922207039715 0.57020728130214271 0.25066967543387259 -0.47349126352443954 0.49712024497689672 -0.043866750068985078 -0.097103741111983333 -0.042608255266353784 -0.26384235620498658 -0.00841900084358254 -0.30416912727231937 -0.26409082760721997
leaf_weight=14.999999999999998 14.999999999999998 14.999999999999998 22 15.999999999999998 33 25 15.000000000000002 32 170 47 15.999999999999998
leaf_count=15 15 15 22 16 33 25 15 32 170 47 16
internal_value=-0.00146729 0.349584 -0.0610454 -0.088663 -0.0622978 0.135312 -0.024081 -0.0910839 -0.0490174 -0.197046 -0.157564
internal_weight=421 61 360 345 323 41 46 282 202 80 31
internal_count=421 61 360 345 323 41 46 282 202 80 31
is_linear=0
shrinkage=0.05


Tree=66
num_leaves=13
num_cat=0
split_feature=119 97 106 11 95 45 28 78 52 108 113 25
split_gain=3466.23 2697.56 4375.68 1243.07 1968.61 1143.41 1341.17 1405.13 1059.62 770.211 515.748 382.378
threshold=-1.0024999999999997 6.1250000000000009 9.7500000000000018 23.600000000000005 39.550000000000004 -0.010000000000000021 1.0000000180025095e-35 -0.064999999999999933 4.4150000000000009 2.5000000000000004 -9.1999999999999975 29.500000000000004
decision_type=2 2 2 2 2 2 2 2 2 2 2 2
left_child=-1 3 -3 4 8 10 7 -7 -2 -8 -5 -12
right_child=1 2 -4 5 -6 6 9 -9 -10 -11 11 -13
leaf_value=0.66091256801100728 -0.23572643987390382 1.0116826269010832 -0.17383377326201208 -0.41538259894211099 0.14797145027593273 -0.058353709148255412 -0.22263123102075474 0.57399419803189999 -0.81427198969132708 0.042625515416540777 0.06071168206839922 -0.15486335483796759
leaf_weight=18 14.999999999999998 15.000000000000002 15.999999999999998 15.999999999999998 14.999999999999998 14.999999999999998 38 21 17 97 25 114
leaf_count=18 15 15 16 16 15 15 38 21 17 97 25 114
internal_value=-0.0160053 -0.0463335 0.401051 -0.0836265 -0.323761 -0.0489018 0.0402211 0.310946 -0.544814 -0.0321119 -0.147219 -0.116039
internal_weight=422 404 31 373 47 326 171 36 32 135 155 139
internal_count=422 404 31 373 47 326 171 36 32 135 155 139
is_linear=0
shrinkage=0.05


Tree=67
num_leaves=15
num_cat=0
split_feature=35 45 105 31 89 92 37 61 16 44 115 115 115 123
split_gain=4038.77 1173.33 1503.68 1807.16 1477.76 1886.86 672.471 731.181 612.869 431.562 325.932 316.956 289.488 262.795
threshold=-11.791666666666663 -0.010000000000000021 30.900000000000002 -0.041666666666666512 46.250000000000007 12.750000000000002 4.5916666666666766 0.19500000000000003 5.3450000000000006 3.5000000000000004 5.9833333333333316 3.5416666666666647 -10.308333333333337 0.0066666666666666688
decision_type=2 2 2 2 2 2 2 2 2 2 2 2 2 2
left_child=-1 6 3 8 5 -5 10 12 -3 -4 -2 -10 -8 -14
right_child=1 2 9 4 -6 -7 7 -9 11 -11 -12 -13 13 -15
leaf_value=0.79863469379627161 -0.17192299514083387 -0.35147380467274747 -0.056181744081537102 0.6344763442966509 0.60019186278480796 0.048968576451863408 -0.33014342848038836 0.19938788594891185 0.1621986203043666 -0.36622088456050661 -0.49287810706944202 -0.16176474319388534 -0.1458139994524924 0.01162136070078283
leaf_weight=14.999999999999998 15.999999999999998 21 22 15.999999999999998 20 95 14.999999999999998 20 15.000000000000002 23 15.999999999999998 14.999999999999998 87 38
leaf_count=15 16 21 22 16 20 95 15 20 15 23 16 15 87 38
internal_value=-0.00473171 -0.0336875 0.0432407 0.107256 0.205537 0.133906 -0.12464 -0.0826364 -0.145001 -0.215218 -0.333592 5.15463e-05 -0.123075 -0.0979426
internal_weight=434 419 227 182 131 111 192 160 51 45 32 30 140 125
internal_count=434 419 227 182 131 111 192 160 51 45 32 30 140 125
is_linear=0
shrinkage=0.05


Tree=68
num_leaves=15
num_cat=0
split_feature=31 56 23 24 112 91 101 104 26 50 10 34 88 27
split_gain=3049.94 10604.7 958.31 857.224 2487.02 2161.97 1918.87 770.505 755.936 680.763 520.806 479.591 446.967 279.78
threshold=0.034999999999999705 39.550000000000004 45.45000000000001 48.150000000000013 4.5000000000000009 3.9850000000000008 77.750000000000014 13.450000000000001 25.450000000000003 31.400000000000002 5.3450000000000006 3.5000000000000004 6.3250000000000011 15.500000000000002
decision_type=2 2 2 2 2 2 2 2 2 2 2 2 2 2
left_child=2 8 -1 4 5 -4 -7 -5 -2 13 -9 -12 -11 -6
right_child=1 -3 3 7 9 6 -8 10 -10 12 11 -13 -14 -15
leaf_value=-0.34871286246169536 -0.36526105052588004 1.4658986435425991 0.74845678527452797 -0.40453660720171619 -0.47349189645755357 -0.10031966787281391 0.50348666390376307 0.20336987490685574 0.079203240576260839 -0.13133421907164264 -0.35409181700551023 -0.07290595287236766 0.18681756183042286 -0.17089711907288888
leaf_weight=27 14.999999999999998 14.999999999999998 17 20 16.000000000000004 38 20 14.999999999999998 26 35 17 136 15.999999999999998 14.999999999999998
leaf_count=27 15 15 17 20 16 38 20 15 26 35 17 136 16 15
internal_value=-0.0105592 0.333099 -0.0623816 -0.0398641 0.0463442 0.254281 0.108312 -0.11187 -0.0837771 -0.143859 -0.0767792 -0.104392 -0.0312538 -0.328256
internal_weight=428 56 372 345 157 75 58 188 41 82 168 153 51 31
internal_count=428 56 372 345 157 75 58 188 41 82 168 153 51 31
is_linear=0
shrinkage=0.05


Tree=69
num_leaves=11
num_cat=0
split_feature=24 45 97 33 33 37 118 44 115 102
split_gain=3165.55 2841.93 5913.86 1492.05 874.773 1795.43 473.042 991.985 582.336 462.226
threshold=21.950000000000003 0.016666666666666653 5.2250000000000005 -0.61249999999999971 0.13083333333333338 -0.17500000000000068 1.5000000000000002 2.5000000000000004 -9.1666666666666661 47.500000000000007
decision_type=2 2 2 2 2 2 2 2 2 2
left_child=-1 3 -3 -2 5 9 7 -6 -8 -5
right_child=1 2 -4 4 6 -7 8 -9 -10 -11
leaf_value=0.68943835533923981 -0.53670221870730384 -0.12944561140569627 1.1548378863082027 0.077294487734176076 -0.098328341718121604 0.56296074449667455 -0.35200841723524068 0.37063786106848579 -0.083302431886586842 -0.26567196094042422
leaf_weight=15.999999999999998 15.999999999999998 22 14.999999999999998 28 33 17 22 17 234 14.999999999999998
leaf_count=16 16 22 15 28 33 17 22 17 234 15
internal_value=0.00141592 -0.0250033 0.392784 -0.065575 -0.0448246 0.129567 -0.0790665 0.0614419 -0.106542 -0.0425678
internal_weight=435 419 37 382 366 60 306 50 256 43
internal_count=435 419 37 382 366 60 306 50 256 43
is_linear=0
shrinkage=0.05


Tree=70
num_leaves=11
num_cat=0
split_feature=103 33 23 4 66 39 26 31 24 66
split_gain=3217.58 1733.69 2228.53 4588.87 679.142 1552.99 408.338 713.473 492.908 342.531
threshold=10.550000000000002 -0.61249999999999971 54.750000000000007 2.5000000000000004 27.900000000000002 0.24666666666666706 27.050000000000001 0.028333333333332881 37.150000000000006 36.550000000000004
decision_type=2 2 2 2 2 2 2 2 2 2
left_child=-1 -2 3 -3 6 -6 7 -4 -8 -7
right_child=1 2 4 -5 5 9 8 -9 -10 -11
leaf_value=0.52072497810824758 -0.44446011207018243 -0.094670091826340244 -0.119057243637765 0.95943212028135327 0.41442179620523989 0.041467624756498872 0.19008921328005871 -0.50349732511090917 -0.084820822517385874 -0.19990565882225925
leaf_weight=27 25 26 61 17 23 32 18 14.999999999999998 164 27
leaf_count=27 25 26 61 17 23 32 18 15 164 27
internal_value=-0.0068439 -0.0418878 -0.0154881 0.323211 -0.0584207 0.0668308 -0.0982592 -0.195561 -0.057515 -0.0690581
internal_weight=435 408 383 43 340 82 258 76 182 59
internal_count=435 408 383 43 340 82 258 76 182 59
is_linear=0
shrinkage=0.05


Tree=71
num_leaves=9
num_cat=0
split_feature=13 55 55 11 9 115 113 62
split_gain=3328.27 8320.16 2516.26 787.516 596.004 483.043 653.442 464.193
threshold=4.1150000000000011 5.7550000000000008 4.8850000000000007 19.750000000000004 6.9150000000000009 -12.374999999999991 -7.7666666666666719 92.15000000000002
decision_type=2 2 2 2 2 2 2 2
left_child=1 2 -1 -2 5 -5 -7 -8
right_child=3 -3 -4 4 -6 6 7 -9
leaf_value=0.39702391097654449 -0.39684798228814738 1.3616156598590068 -0.30521237051794892 -0.30127045783697004 0.19559844181357153 0.24115476627000343 -0.078375799071972244 0.17079031888525287
leaf_weight=24 15.999999999999998 14.999999999999998 27 19 25 19 266 20
leaf_count=24 16 15 27 19 25 19 266 20
internal_value=0.00419059 0.330672 0.0252842 -0.0549051 -0.0391051 -0.0572852 -0.0419759 -0.0608805
internal_weight=431 66 51 365 349 324 305 286
internal_count=431 66 51 365 349 324 305 286
is_linear=0
shrinkage=0.05


Tree=72
num_leaves=9
num_cat=0
split_feature=78 58 82 9 111 114 43 55
split_gain=3613.46 1157.63 1969.57 1331.99 698.044 859.349 464.72 253.213
threshold=-3.7449999999999997 4.6300000000000008 -0.54750000000000021 6.9150000000000009 -0.6908333333333333 3.5000000000000004 -0.072500000000000217 5.5200000000000005
decision_type=2 2 2 2 2 2 2 2
left_child=-1 6 -3 4 -4 -6 -2 -8
right_child=1 2 3 -5 5 -7 7 -9
leaf_value=0.67804650532606558 -0.46906440682832706 0.5470845873288761 -0.33903718890172047 0.35852996973849055 0.088892436803524488 -0.096011869652972065 -0.017243695781941997 -0.29018389471093115
leaf_weight=18 18 14.999999999999998 21 20 89 213 17 17
leaf_count=18 18 15 21 20 89 213 17 17
internal_value=-0.0133158 -0.0438384 -0.0117734 -0.0363802 -0.0609517 -0.0414923 -0.264051 -0.154311
internal_weight=428 410 358 343 323 302 52 34
internal_count=428 410 358 343 323 302 52 34
is_linear=0
shrinkage=0.05


Tree=73
num_leaves=9
num_cat=0
split_feature=35 74 64 23 55 99 114 17
split_gain=3525.72 2566.22 1017.95 687.106 1094.57 534.266 1048.44 597.037
threshold=-11.791666666666663 -13.308333333333335 14.650000000000002 54.750000000000007 5.4800000000000013 52.150000000000013 2.5000000000000004 31.250000000000004
decision_type=2 2 2 2 2 2 2 2
left_child=-1 -2 -3 4 -4 7 -7 -5
right_child=1 2 3 5 -6 6 -8 -9
leaf_value=0.74833983506587964 0.57011132811942289 -0.35128301316356747 -0.037357689719290342 -0.0057644570475810127 0.4975842567863844 0.33075800698040886 -0.047227346005731433 -0.17469538696472059
leaf_weight=14.999999999999998 17 27 26 90 14.999999999999998 23 89 125
leaf_count=15 17 27 26 90 15 23 89 125
internal_value=-0.00204557 -0.0295525 -0.0555113 -0.0337075 0.158966 -0.0579218 0.0305759 -0.104039
internal_weight=427 412 395 368 41 327 112 215
internal_count=427 412 395 368 41 327 112 215
is_linear=0
shrinkage=0.05


Tree=74
num_leaves=9
num_cat=0
split_feature=78 27 33 45 52 103 37 80
split_gain=2968.72 1573.03 1777.52 909.029 1656.68 853.31 266.35 211.802
threshold=-3.7449999999999997 1.0000000180025095e-35 -0.61249999999999971 -0.010000000000000021 3.3650000000000007 57.350000000000009 4.5916666666666766 0.27999999999999986
decision_type=2 2 2 2 2 2 2 2
left_child=-1 -2 -3 6 -5 -6 -4 -8
right_child=1 2 3 4 5 -7 7 -9
leaf_value=0.60441805748415245 0.41017962530333335 -0.50093141415672837 -0.26958842471048428 0.51491329342301129 -0.032667182252082413 0.3599136448853853 -0.045421917732917039 -0.16852482731143636
leaf_weight=19 19 21 23 17 166 14.999999999999998 103 53
leaf_count=19 19 21 23 17 166 15 103 53
internal_value=-0.00512796 -0.0330513 -0.0543208 -0.0293038 0.0444911 2.03041e-05 -0.110939 -0.0873585
internal_weight=436 417 398 377 198 181 179 156
internal_count=436 417 398 377 198 181 179 156
is_linear=0
shrinkage=0.05


Tree=75
num_leaves=10
num_cat=0
split_feature=119 97 23 45 28 115 35 43 61
split_gain=2765.29 2364.19 1458.13 1355.98 2394.67 2652.23 815.662 435.78 392.88
threshold=-1.0024999999999997 6.1250000000000009 45.45000000000001 -0.0075000000000000058 5.8500000000000005 1.4416666666666667 -3.3083333333333349 0.25999999999999984 0.19500000000000003
decision_type=2 2 2 2 2 2 2 2 2
left_child=-1 2 -2 6 5 -5 -4 -6 -8
right_child=1 -3 3 4 7 -7 8 -9 -10
leaf_value=0.63054181372213092 -0.41867464274999161 0.43296963492222817 -0.46793708805216866 0.84708527478065276 0.01593861677665771 0.10457103075072625 -0.11295849366520659 -0.19453430866353072 0.11236247435818969
leaf_weight=17 25 27 14.999999999999998 18 77 36 155 36 22
leaf_count=17 25 27 15 18 77 36 155 36 22
internal_value=0.00752848 -0.0183759 -0.0502286 -0.0244474 0.0797034 0.353276 -0.115057 -0.0511832 -0.0848766
internal_weight=428 411 384 359 167 54 192 113 177
internal_count=428 411 384 359 167 54 192 113 177
is_linear=0
shrinkage=0.05


Tree=76
num_leaves=14
num_cat=0
split_feature=13 55 55 35 37 13 56 19 28 115 122 114 63
split_gain=2691.87 7474.13 3058.05 880.577 704.923 958.713 1243.27 1250.62 664.827 559.772 637.884 392.563 277.813
threshold=4.1150000000000011 5.6650000000000009 4.8850000000000007 -5.6333333333333302 7.8416666666666677 5.9150000000000009 25.750000000000004 5.3350000000000009 11.900000000000002 -10.308333333333337 1.5000000000000002 2.5000000000000004 35.800000000000004
decision_type=2 2 2 2 2 2 2 2 2 2 2 2 2
left_child=1 2 -1 -2 5 6 -5 -8 -7 -6 12 -12 -11
right_child=3 -3 -4 4 9 8 7 -9 -10 10 11 -13 -14
leaf_value=0.41803773370768521 -0.3345508980305858 1.2812838045966546 -0.36307313951495962 -0.1959465430019805 -0.33507773926120782 -0.24961109294514477 0.11879314460136273 0.60682647715546667 0.097933750202829351 -0.32194558569999154 0.21607186138551895 -0.027550815613554519 -0.097880120821904934
leaf_weight=24 24 14.999999999999998 26 15.999999999999998 19 29 35 21 26 24 19 123 33
leaf_count=24 24 15 26 16 19 29 35 21 26 24 19 123 33
internal_value=0.0099431 0.306388 0.0118463 -0.0423316 -0.0218977 0.0716863 0.191664 0.30265 -0.0853469 -0.0764477 -0.0515733 0.00514051 -0.19271
internal_weight=434 65 50 369 345 127 72 56 55 218 199 142 57
internal_count=434 65 50 369 345 127 72 56 55 218 199 142 57
is_linear=0
shrinkage=0.05


Tree=77
num_leaves=10
num_cat=0
split_feature=35 74 64 105 89 45 64 31 10
split_gain=3145.94 1846.58 897.351 1111.9 795.168 1222.92 606.749 441.854 209.675
threshold=-11.791666666666663 -13.308333333333335 14.650000000000002 30.900000000000002 46.250000000000007 -0.010000000000000021 23.200000000000006 -0.00083333333333346349 6.0650000000000004
decision_type=2 2 2 2 2 2 2 2 2
left_child=-1 -2 -3 4 6 -6 -4 8 -5
right_child=1 2 3 7 5 -7 -8 -9 -10
leaf_value=0.70148190962557777 0.4464050688044563 -0.34633294571918322 0.14787150510833791 -0.23022834576025808 -0.079056581593464792 0.47338986190574428 -0.061778163238978834 -0.393406145602341 -0.0064847133720099025
leaf_weight=14.999999999999998 19 25 41 22 19 21 215 24 20
leaf_count=15 19 25 41 22 19 21 215 24 20
internal_value=-0.00715065 -0.0335103 -0.0571941 -0.0371221 0.00426404 0.21131 -0.0281373 -0.222534 -0.124071
internal_weight=421 406 387 362 296 40 256 66 42
internal_count=421 406 387 362 296 40 256 66 42
is_linear=0
shrinkage=0.05


Tree=78
num_leaves=10
num_cat=0
split_feature=103 74 64 25 16 65 12 99 106
split_gain=2934.64 1521.35 1202.4 675.601 779.89 907.136 237.525 235.857 206.448
threshold=10.550000000000002 -13.308333333333335 15.750000000000002 48.150000000000013 6.2950000000000008 38.150000000000013 66.800000000000026 47.95000000000001 12.250000000000002
decision_type=2 2 2 2 2 2 2 2 2
left_child=-1 -2 -3 4 5 -4 7 -5 -8
right_child=1 2 3 6 -6 -7 8 -9 -10
leaf_value=0.52206231058785735 0.41016503222949841 -0.38159455619010318 -0.064629394175542143 -0.11954291379914073 0.363715758860506 0.14442790063277622 -0.15939041533280371 -0.34773181179688439 0.080831898184296494
leaf_weight=26 19 25 185 25 14.999999999999998 72 20 21 15.999999999999998
leaf_count=26 19 25 185 25 15 72 20 21 16
internal_value=0.00843997 -0.0252234 -0.0471659 -0.0234328 0.014489 -0.00600797 -0.149148 -0.224353 -0.0525583
internal_weight=424 398 379 354 272 257 82 46 36
internal_count=424 398 379 354 272 257 82 46 36
is_linear=0
shrinkage=0.05


Tree=79
num_leaves=7
num_cat=0
split_feature=24 121 23 22 23 106
split_gain=2974.93 1864.48 1130.75 750.915 786.692 799.101
threshold=21.950000000000003 0.95583333333333365 45.45000000000001 0.19500000000000003 54.750000000000007 27.250000000000004
decision_type=2 2 2 2 2 2
left_child=-1 2 -2 4 -4 -6
right_child=1 -3 3 -5 5 -7
leaf_value=0.64457209389112147 -0.37448772864037777 0.49920483486992967 0.27893440209699599 0.31760363091301452 -0.077339854624107432 0.26401478252193544
leaf_weight=17 25 15.999999999999998 18 14.999999999999998 324 18
leaf_count=17 25 16 18 15 324 18
internal_value=-0.00176152 -0.0283348 -0.0495683 -0.0277997 -0.0422895 -0.0592873
internal_weight=433 416 400 375 360 342
internal_count=433 416 400 375 360 342
is_linear=0
shrinkage=0.05


Tree=80
num_leaves=12
num_cat=0
split_feature=111 56 11 27 35 35 28 41 19 61 26
split_gain=3364.69 1897.28 1230.23 1581.43 862.268 785.815 1577.71 2097.86 699.686 519.372 314.429
threshold=-1.0374999999999996 48.850000000000001 23.600000000000005 6.6500000000000012 -5.3999999999999959 6.1083333333333334 6.9000000000000012 -0.10999999999999986 5.4650000000000007 0.19500000000000003 22.450000000000003
decision_type=2 2 2 2 2 2 2 2 2 2 2
left_child=-1 2 3 -2 -5 6 7 -4 -8 10 -7
right_child=1 -3 5 4 -6 9 8 -9 -10 -11 -12
leaf_value=0.71458273892817292 0.094788587290937726 0.5278082164115464 0.77198814353587464 -0.76492265012880023 -0.23539674659693463 -0.248499706628802 0.042369085158260461 0.090498459221809879 -0.29023174427417453 0.1570574952668442 -0.067674511863939843
leaf_weight=15.999999999999998 18 14.999999999999998 15.999999999999998 15.000000000000002 15.999999999999998 28 50 38 23 23 169
leaf_count=16 18 15 16 15 16 28 50 38 23 23 169
internal_value=0.00550668 -0.0222522 -0.0432284 -0.277486 -0.493415 -0.0100641 0.088909 0.293567 -0.0626082 -0.0672357 -0.093514
internal_weight=427 411 396 49 31 347 127 54 73 220 197
internal_count=427 411 396 49 31 347 127 54 73 220 197
is_linear=0
shrinkage=0.05


Tree=81
num_leaves=10
num_cat=0
split_feature=97 93 27 33 123 16 112 0 70
split_gain=1908.36 3332.37 1236.89 1162.68 557.781 616.528 425.865 572.984 358.676
threshold=6.1250000000000009 55.500000000000007 1.0000000180025095e-35 -0.61249999999999971 0.024166666666666659 5.0750000000000011 4.5000000000000009 1734.0000000000002 -0.085833333333333414
decision_type=2 2 2 2 2 2 2 2 2
left_child=2 -2 -1 -4 6 -6 7 -5 -8
right_child=1 -3 3 4 5 -7 8 -9 -10
leaf_value=0.35224105775044223 0.89727954611379568 -0.15380353255333096 -0.42082358344471288 -0.069332199411721807 0.014257836697117386 -0.40893672123477237 0.14659452038522092 0.11991587669003925 -0.10257041571897152
leaf_weight=19 15.000000000000002 14.999999999999998 21 70 14.999999999999998 20 15.999999999999998 93 140
leaf_count=19 15 15 21 70 15 20 16 93 140
internal_value=-0.0109181 0.372807 -0.0402357 -0.0602231 -0.0387046 -0.227901 -0.0178658 0.0386204 -0.0769055
internal_weight=424 30 394 375 354 35 319 163 156
internal_count=424 30 394 375 354 35 319 163 156
is_linear=0
shrinkage=0.05


Tree=82
num_leaves=13
num_cat=0
split_feature=31 34 33 33 51 37 26 76 47 29 96 37
split_gain=2950.59 10559.8 1117.5 880.89 1343.24 1833.49 642.186 500.39 406.947 486.257 326.149 324.408
threshold=0.034999999999999705 3.5000000000000004 -0.61249999999999971 0.16083333333333319 56.050000000000004 -3.4750000000000045 13.350000000000001 5.8833333333333302 1.5000000000000002 53.500000000000007 38.750000000000007 15.233333333333336
decision_type=2 2 2 2 2 2 2 2 2 2 2 2
left_child=2 -2 -1 4 5 -4 -5 -6 9 -8 -10 -3
right_child=1 11 3 6 7 -7 8 -9 10 -11 -12 -13
leaf_value=-0.36301227258943425 1.4742318198183515 -0.30393660231832631 0.045440495135116325 -0.33836168106748254 0.14798131401633252 0.78410748424908983 -0.057987532077899653 -0.22210310850098236 0.085358031480486346 0.10639134008251371 -0.16326820800786715 0.018786144626806982
leaf_weight=24 14.999999999999998 15.000000000000002 19 18 15.999999999999998 14.999999999999998 106 21 15.999999999999998 78 73 15.999999999999998
leaf_count=24 15 15 19 18 16 15 106 21 16 78 73 16
internal_value=0.0118053 0.38989 -0.0333277 -0.0113622 0.1464 0.372813 -0.0499083 -0.0619643 -0.0307541 0.0116876 -0.11847 -0.137684
internal_weight=432 46 386 362 71 34 291 37 273 184 89 31
internal_count=432 46 386 362 71 34 291 37 273 184 89 31
is_linear=0
shrinkage=0.05


Tree=83
num_leaves=10
num_cat=0
split_feature=103 74 64 105 45 121 0 109 37
split_gain=2311.98 1416.93 1022.82 614.118 842.147 1416.97 639.503 471.001 303.465
threshold=10.550000000000002 -13.308333333333335 15.750000000000002 30.900000000000002 -1.0000000180025095e-35 -0.23916666666666672 2120.5000000000005 0.013333333333333199 8.7000000000000011
decision_type=2 2 2 2 2 2 2 2 2
left_child=-1 -2 -3 4 7 -6 8 -4 -5
right_child=1 2 3 6 5 -7 -8 -9 -10
leaf_value=0.45104100413867904 0.419251537183572 -0.35449185863478605 -0.12003250593568227 -0.39334798828694834 -0.14638797828921449 0.27391387832888747 0.055590979530733088 0.03186112422022095 -0.12470716739668271
leaf_weight=27 17 25 110 24 30 60 22 95 19
leaf_count=27 17 25 110 24 30 60 22 95 19
internal_value=0.00402469 -0.0260911 -0.0458723 -0.024334 0.00632111 0.133751 -0.163334 -0.0496372 -0.275327
internal_weight=429 402 385 360 295 90 65 205 43
internal_count=429 402 385 360 295 90 65 205 43
is_linear=0
shrinkage=0.05


Tree=84
num_leaves=10
num_cat=0
split_feature=45 3 10 51 88 47 106 27 81
split_gain=1583.9 3204.33 1394.99 835.418 970.861 483.604 680.406 465.63 324.843
threshold=0.016666666666666653 3.5000000000000004 4.0750000000000002 37.70000000000001 4.0850000000000009 1.5000000000000002 19.500000000000004 20.950000000000006 2.5000000000000004
decision_type=2 2 2 2 2 2 2 2 2
left_child=2 -2 -1 7 -5 6 -6 -4 -7
right_child=1 -3 3 4 5 8 -8 -9 -10
leaf_value=-0.51027098273083282 0.64796812014955707 -0.21934022491514993 -0.35256392598613023 0.32397576649607074 -0.023813351777873439 0.00087191266869368991 0.22344072366111487 -0.05452124966826305 -0.17901771745010214
leaf_weight=15.999999999999998 24 19 29 21 151 40 34 24 67
leaf_count=16 24 19 29 21 151 40 34 24 67
internal_value=-0.0223181 0.265003 -0.0547345 -0.0346727 -0.00354553 -0.0272201 0.0216971 -0.218052 -0.111785
internal_weight=425 43 382 366 313 292 185 53 107
internal_count=425 43 382 366 313 292 185 53 107
is_linear=0
shrinkage=0.05


Tree=85
num_leaves=15
num_cat=0
split_feature=35 24 123 82 90 31 97 29 103 96 6 62 56 104
split_gain=2754.79 8747.01 884.386 679.273 538.023 1291.29 436.215 447.429 429.599 402.601 321.441 254.65 146.978 95.0216
threshold=-5.3999999999999959 30.200000000000003 -0.013333333333333348 -0.7266666666666669 63.850000000000001 -0.0075000000000002833 5.5100000000000007 54.500000000000007 48.20000000000001 55.350000000000001 1.5000000000000002 79.700000000000017 30.550000000000004 36.150000000000006
decision_type=2 2 2 2 2 2 2 2 2 2 2 2 2 2
left_child=1 -1 6 -4 8 13 7 10 9 -5 -2 -8 -12 -6
right_child=2 -3 3 4 5 -7 11 -9 -10 -11 12 -13 -14 -15
leaf_value=1.3054428030985481 0.017902205014450952 -0.17685202921944104 0.32762937958566302 -0.019514638617791812 -0.14200106594242798 0.47752993107665315 -0.38930405934816575 0.090333753687689505 0.15594415489074107 -0.18022552246290946 -0.36387328190833146 -0.12514478745839452 -0.15633059390942464 0.03002487966540264
leaf_weight=15.999999999999998 15.999999999999998 26 15.999999999999998 128 14.999999999999998 18 24 25 24 56 15.999999999999998 14.999999999999998 19 17
leaf_count=16 16 26 16 128 15 18 24 25 24 56 16 15 19 17
internal_value=0.00525706 0.389472 -0.0363029 0.0125323 -0.00710857 0.13997 -0.152612 -0.0825712 -0.0425383 -0.0685251 -0.167437 -0.288412 -0.252116 -0.0506477
internal_weight=431 42 389 274 258 50 115 76 208 184 51 39 35 32
internal_count=431 42 389 274 258 50 115 76 208 184 51 39 35 32
is_linear=0
shrinkage=0.05


Tree=86
num_leaves=8
num_cat=0
split_feature=113 31 23 39 6 35 27
split_gain=2446.02 1488.6 997.123 1237.45 1135.4 640.457 393.099
threshold=-11.458333333333332 0.050833333333333737 51.20000000000001 -1.0508333333333326 3.5000000000000004 -4.6000000000000041 8.5000000000000018
decision_type=2 2 2 2 2 2 2
left_child=-1 2 4 -4 -2 -5 -7
right_child=1 -3 3 5 -6 6 -8
leaf_value=0.52445625600656631 -0.49310805626599435 0.38162590604257812 0.31643146284191737 -0.31434311437380824 0.035639835013980756 -0.23249756378286027 -0.013476095078080544
leaf_weight=21 25 21 25 21 17 22 282
leaf_count=21 25 21 25 21 17 22 282
internal_value=-0.000631767 -0.0274638 -0.0494838 -0.0218081 -0.279396 -0.0479312 -0.029414
internal_weight=434 413 392 350 42 325 304
internal_count=434 413 392 350 42 325 304
is_linear=0
shrinkage=0.05


Tree=87
num_leaves=15
num_cat=0
split_feature=78 123 45 28 110 12 35 61 102 14 102 41 33 59
split_gain=2352.01 955.013 952.515 2246.39 3346.95 1424.4 819.77 665.915 651.461 592.275 469.095 392.094 241.038 163.761
threshold=-3.7449999999999997 -0.013333333333333348 -0.0033333333333333127 9.3000000000000025 3.5000000000000004 45.750000000000007 -4.7499999999999956 0.19500000000000003 30.200000000000003 35.050000000000004 28.150000000000002 -0.35499999999999993 0.30750000000000016 30.750000000000004
decision_type=2 2 2 2 2 2 2 2 2 2 2 2 2 2
left_child=-1 8 6 4 -4 -6 -3 10 -2 -5 -8 -10 -13 -14
right_child=1 2 3 9 5 -7 7 -9 11 -11 -12 12 13 -15
leaf_value=0.52353280284511505 -0.44747917518852659 -0.39108737681222999 0.87190084415511115 -0.30852851008916921 -0.21371310710610444 0.42891008696019262 -0.20263444848573742 0.2781552148492713 0.066698954358281368 0.044773059057903464 0.00065688528086986768 -0.34058345980596866 0.026299301095750949 -0.1645217263441778
leaf_weight=20 15.999999999999998 15.999999999999998 20 21 20 14.999999999999998 38 17 25 27 111 14.999999999999998 14.999999999999998 44
leaf_count=20 16 16 20 21 20 15 38 17 25 27 111 15 15 44
internal_value=-0.00422826 -0.0307531 0.0183166 0.139763 0.357643 0.0619917 -0.0504253 -0.0173446 -0.152314 -0.110013 -0.0512568 -0.104157 -0.161958 -0.115961
internal_weight=420 400 285 103 55 35 182 166 115 48 149 99 74 59
internal_count=420 400 285 103 55 35 182 166 115 48 149 99 74 59
is_linear=0
shrinkage=0.05


Tree=88
num_leaves=13
num_cat=0
split_feature=56 38 111 12 16 95 12 13 9 23 19 45
split_gain=2063.49 9020.2 1296.07 1218.07 734.303 659.021 608.804 614.296 379.011 365.906 331.712 195.324
threshold=41.800000000000004 3.5000000000000004 -0.83166666666666667 38.400000000000006 5.4650000000000007 24.450000000000003 46.550000000000004 4.870000000000001 6.8150000000000004 83.15000000000002 5.1350000000000007 -0.0033333333333333405
decision_type=2 2 2 2 2 2 2 2 2 2 2 2
left_child=2 -2 -1 4 -4 10 -7 -8 9 -3 -5 -12
right_child=1 8 3 5 -6 6 7 -9 -10 -11 11 -13
leaf_value=-0.46559209152666059 1.3150000845359653 0.16135960435031227 -0.1167960867709458 -0.0083671429374599978 -0.56672130541771837 0.24283080637136814 -0.1870029590300375 0.033258395643236807 -0.25631048095069436 -0.14181155294015263 -0.15041576619969296 -0.40747920130657045
leaf_weight=19 14.999999999999998 22 21 18 15.999999999999998 28 38 187 17 18 15.000000000000002 14.999999999999998
leaf_count=19 15 22 21 18 16 28 38 187 17 18 15 15
internal_value=-0.0155741 0.228403 -0.0648437 -0.0421706 -0.312496 -0.00883188 0.0233954 -0.00398564 -0.0592583 0.0247945 -0.178496 -0.28004
internal_weight=429 72 357 338 37 301 253 225 57 40 48 30
internal_count=429 72 357 338 37 301 253 225 57 40 48 30
is_linear=0
shrinkage=0.05


Tree=89
num_leaves=15
num_cat=0
split_feature=23 31 94 16 99 99 114 25 95 33 65 65 95 105
split_gain=2019.83 6530.71 1191.91 1778.35 639.796 819.936 567.811 487.355 450.86 425.678 654.633 414.676 405.996 123.998
threshold=64.500000000000014 0.023333333333332987 4.9750000000000005 5.035000000000001 55.850000000000001 52.500000000000007 1.5000000000000002 38.850000000000001 34.250000000000007 0.29833333333333339 38.150000000000013 13.9 35.050000000000004 18.150000000000002
decision_type=2 2 2 2 2 2 2 2 2 2 2 2 2 2
left_child=1 2 -1 -4 5 6 -2 -6 -7 10 -8 -11 -5 -9
right_child=4 -3 3 12 7 8 9 13 -10 11 -12 -13 -14 -15
leaf_value=-0.3088125042101264 -0.31914686569105394 1.0232483087370843 0.52648843172834725 0.13035642654690521 -0.41303754481510141 0.011816066562891957 -0.35773046157357608 -0.21477116694924425 0.32206286778547111 0.23330348283977986 0.034365696339082971 -0.03503117089616211 -0.20026771644153538 -0.038058491024919067
leaf_weight=23 21 19 18 14.999999999999998 20 25 24 17 22 15.999999999999998 19 136 24 24
leaf_count=23 21 19 18 15 20 25 24 17 22 16 19 136 24 24
internal_value=-0.00497828 0.192551 -0.00570784 0.116837 -0.0653908 -0.0314949 -0.0727 -0.21116 0.15752 -0.045984 -0.184685 -0.00661773 -0.0729685 -0.111796
internal_weight=423 99 80 57 324 263 216 61 47 195 43 152 39 41
internal_count=423 99 80 57 324 263 216 61 47 195 43 152 39 41
is_linear=0
shrinkage=0.05


Tree=90
num_leaves=10
num_cat=0
split_feature=97 60 103 27 86 52 32 87 41
split_gain=1445.06 634.342 916.319 718.812 546.193 748.283 563.608 485.545 372.716
threshold=6.2750000000000012 38.600000000000009 34.900000000000006 1.0000000180025095e-35 1.5000000000000002 6.6800000000000006 2.5000000000000004 6.8750000000000009 -0.3316666666666665
decision_type=2 2 2 2 2 2 2 2 2
left_child=1 2 -1 -3 6 8 -5 -8 -6
right_child=-2 3 -4 4 5 -7 7 -9 -10
leaf_value=-0.43125525154334643 0.42209471318026931 0.30402718534943651 0.019335884654818617 -0.31344484236445364 0.1761470268747124 0.35527984481407793 -0.086948779899127485 0.10373479081162931 -0.050205553698073203
leaf_weight=23 18 17 22 22 24 18 161 42 74
leaf_count=23 18 17 22 22 24 18 161 42 74
internal_value=-0.0149436 -0.0345762 -0.211301 -0.0122955 -0.0281644 0.0599094 -0.0735999 -0.0474407 0.00529981
internal_weight=421 403 45 358 341 116 225 203 98
internal_count=421 403 45 358 341 116 225 203 98
is_linear=0
shrinkage=0.05


Tree=91
num_leaves=16
num_cat=0
split_feature=111 11 27 35 105 78 84 87 123 35 88 28 26 105 41
split_gain=1721.15 886.62 1871.4 550.82 885.843 987.237 756.975 574.823 319.005 257.826 249.353 223.786 142.106 140.694 102.78
threshold=-1.0374999999999996 23.400000000000002 6.6500000000000012 7.7166666666666659 27.750000000000004 1.5041666666666667 0.0066666666666666688 6.8150000000000004 -0.014999999999999998 14.249999999999998 6.0750000000000011 7.8500000000000005 48.050000000000004 36.000000000000007 0.064166666666666941
decision_type=2 2 2 2 2 2 2 2 2 2 2 2 2 2 2
left_child=-1 2 -2 4 5 6 -3 13 11 10 -10 -5 -11 -6 -13
right_child=1 3 -4 8 7 -7 -8 -9 9 12 -12 14 -14 -15 -16
leaf_value=0.44573495328738427 0.15857269587049705 -0.029977915662786233 -0.50970680045575667 -0.32777419911315114 -0.35307416234697608 0.46264449571751798 0.28671413026612624 0.10449188233903757 -0.008705190651503901 -0.14825704503897366 0.21448097889838011 -0.045576399066757499 -0.00068384148037753346 -0.13799426589185829 -0.18922430235066567
leaf_weight=19 17 62 27 14.999999999999998 16.000000000000004 19 27 18 56 44 15.999999999999998 29 26 14.999999999999998 22
leaf_count=19 17 62 27 15 16 19 27 18 56 44 16 29 26 15 22
internal_value=-0.018182 -0.0398491 -0.25162 -0.0142448 0.0564158 0.1364 0.066255 -0.119693 -0.0676056 -0.0253075 0.0410511 -0.158359 -0.0935946 -0.249942 -0.107889
internal_weight=428 409 44 365 157 108 89 49 208 142 72 66 70 31 51
internal_count=428 409 44 365 157 108 89 49 208 142 72 66 70 31 51
is_linear=0
shrinkage=0.05


Tree=92
num_leaves=10
num_cat=0
split_feature=33 74 58 119 114 13 10 63 95
split_gain=2891.49 977.567 584.734 611.707 1525.22 708.217 609.701 327.452 279.597
threshold=-0.77666666666666628 -13.308333333333335 4.5050000000000008 -0.42416666666666675 2.5000000000000004 3.0700000000000007 4.4900000000000011 38.850000000000001 25.700000000000006
decision_type=2 2 2 2 2 2 2 2 2
left_child=-1 -2 7 4 -4 -5 -7 -3 -6
right_child=1 2 3 5 8 6 -8 -9 -10
leaf_value=0.62639211330624578 0.32087964012625797 -0.39942303909765969 0.52889474658241054 -0.31162009332087132 -0.13700724840164186 0.26583065908315068 -0.042748510979729648 -0.10769372380087737 0.11320665267560243
leaf_weight=18 20 14.999999999999998 17 23 25 17 250 27 20
leaf_count=18 20 15 17 23 25 17 250 27 20
internal_value=0.00779713 -0.019231 -0.0365852 -0.0155026 0.126903 -0.0459984 -0.0229903 -0.212703 -0.0256858
internal_weight=432 414 394 352 62 290 267 42 45
internal_count=432 414 394 352 62 290 267 42 45
is_linear=0
shrinkage=0.05


Tree=93
num_leaves=10
num_cat=0
split_feature=119 97 62 11 27 115 13 35 77
split_gain=2086.17 1000.3 2820.84 770.278 1539.04 768.071 513.327 590.604 129.674
threshold=-1.0024999999999997 6.1250000000000009 73.450000000000003 23.600000000000005 7.3500000000000005 -12.374999999999991 7.0050000000000008 2.9749999999999965 3.5000000000000004
decision_type=2 2 2 2 2 2 2 2 2
left_child=-1 3 -3 4 -2 -5 7 -7 -8
right_child=1 2 -4 5 -6 6 8 -9 -10
leaf_value=0.53228703670574162 0.097299993178607269 0.7512091147386476 -0.17458069357835784 -0.34003514476686891 -0.50387111068452051 0.16615033024086628 -0.2142117621328998 -0.0095939319698567175 -0.057276344607616297
leaf_weight=18 19 14.999999999999998 18 17 24 63 27 197 26
leaf_count=18 19 15 18 17 24 63 27 197 26
internal_value=0.00706519 -0.0163335 0.24708 -0.0397116 -0.238512 -0.0137278 0.00408199 0.0330185 -0.137572
internal_weight=424 406 33 373 43 330 313 260 53
internal_count=424 406 33 373 43 330 313 260 53
is_linear=0
shrinkage=0.05


Tree=94
num_leaves=12
num_cat=0
split_feature=35 97 86 106 32 117 84 32 10 103 67
split_gain=2229.97 1281.87 612.212 719.428 1057.44 757.68 569.163 538.195 504.223 445.661 383.513
threshold=-11.791666666666663 6.330000000000001 1.5000000000000002 15.150000000000002 4.5000000000000009 0.52583333333333349 -0.010000000000000021 2.5000000000000004 4.455000000000001 13.600000000000001 6.0500000000000016
decision_type=2 2 2 2 2 2 2 2 2 2 2
left_child=-1 2 7 5 -5 6 -4 -2 -9 -10 -7
right_child=1 -3 3 4 -6 10 -8 8 9 -11 -12
leaf_value=0.58781327490480784 -0.30386896120521412 0.42546613355230839 -0.056437448658626412 0.56885663570947198 -0.014110102953377718 -0.28962496995078441 0.32423562023030733 0.20266231719960165 -0.2904487490795235 -0.048995169492094245 -0.025933242193481271
leaf_weight=15.999999999999998 23 15.999999999999998 17 15.000000000000002 15.999999999999998 21 23 18 21 205 40
leaf_count=16 23 16 17 15 16 21 23 18 21 205 40
internal_value=0.0104536 -0.0119302 -0.0295847 0.0584505 0.268732 -0.00624379 0.162588 -0.073132 -0.0512462 -0.0715718 -0.11712
internal_weight=431 415 399 132 31 101 40 267 244 226 61
internal_count=431 415 399 132 31 101 40 267 244 226 61
is_linear=0
shrinkage=0.05


Tree=95
num_leaves=10
num_cat=0
split_feature=35 97 24 102 28 114 37 115 34
split_gain=2019.99 747.955 561.866 774.604 692.597 1332.5 583.083 463.205 334.198
threshold=-11.791666666666663 6.330000000000001 30.200000000000003 31.250000000000004 5.5500000000000007 2.5000000000000004 -2.1416666666666688 -10.308333333333337 3.5000000000000004
decision_type=2 2 2 2 2 2 2 2 2
left_child=-1 2 3 -2 5 -4 -7 -6 -9
right_child=1 -3 4 -5 7 6 -8 8 -10
leaf_value=0.56316586961809378 -0.48607616328304593 0.28870905802394803 0.46913364769900662 -0.029268312629531414 -0.29896915370881244 -0.27659180970578795 0.071548221271655291 -0.17941069083967862 -0.018280074825581544
leaf_weight=14.999999999999998 15.999999999999998 18 19 22 19 14.999999999999998 59 38 208
leaf_count=15 16 18 19 22 19 15 59 38 208
internal_value=-0.00486074 -0.0255845 -0.0399525 -0.222511 -0.0205041 0.0968036 0.000633786 -0.0617123 -0.0432533
internal_weight=429 414 396 38 358 93 74 265 246
internal_count=429 414 396 38 358 93 74 265 246
is_linear=0
shrinkage=0.05


Tree=96
num_leaves=8
num_cat=0
split_feature=119 99 102 35 44 48 20
split_gain=2058.45 959.385 602.319 656.082 421.004 733.823 359.07
threshold=-1.0024999999999997 63.550000000000004 65.250000000000014 -11.100000000000003 1.5000000000000002 6.8650000000000011 30.050000000000004
decision_type=2 2 2 2 2 2 2
left_child=-1 2 3 -2 6 -6 -5
right_child=1 -3 -4 4 5 -7 -8
leaf_value=0.52738182416785262 -0.33405785945631705 0.30305219281852519 -0.31726251645309556 0.080569867149661079 0.074755729748657504 -0.18094234806893456 -0.1168972023487849
leaf_weight=18 15.999999999999998 22 18 29 184 33 110
leaf_count=18 16 22 18 29 184 33 110
internal_value=0.0054983 -0.0174127 -0.0355761 -0.0218511 -0.00771542 0.0357823 -0.0756348
internal_weight=430 412 390 372 356 217 139
internal_count=430 412 390 372 356 217 139
is_linear=0
shrinkage=0.05


Tree=97
num_leaves=10
num_cat=0
split_feature=103 41 26 35 86 99 99 23 26
split_gain=1823.58 1067.51 2125.92 1326.93 990.935 700.666 592.337 447.73 475.948
threshold=10.550000000000002 -0.35499999999999993 20.300000000000004 -10.4 1.5000000000000002 49.550000000000004 61.500000000000007 54.750000000000007 22.450000000000003
decision_type=2 2 2 2 2 2 2 2 2
left_child=-1 2 -2 -3 5 -4 7 -5 -9
right_child=1 3 4 6 -6 -7 -8 8 -10
leaf_value=0.39835904317588389 0.5966864278803321 -0.52489151749389851 0.039390528350394236 0.16308840488106863 0.25122522029762945 -0.3741903187872852 -0.31405622553450896 -0.2030360319753633 -0.017218159566842636
leaf_weight=27 19 14.999999999999998 22 28 24 19 19 41 214
leaf_count=27 19 15 22 28 24 19 19 41 214
internal_value=0.00138408 -0.0254251 0.132934 -0.0674322 -0.00325617 -0.152591 -0.0445279 -0.0263102 -0.0471822
internal_weight=428 401 84 317 65 41 302 283 255
internal_count=428 401 84 317 65 41 302 283 255
is_linear=0
shrinkage=0.05


Tree=98
num_leaves=13
num_cat=0
split_feature=78 31 88 90 12 35 41 97 39 106 53 90
split_gain=1624.6 787.707 753.004 1662.79 715.421 546.461 747.018 459.069 666.382 430.728 146.956 114.042
threshold=-3.1124999999999998 -0.045000000000000366 4.2150000000000007 31.100000000000005 38.400000000000006 6.1083333333333334 -0.35499999999999993 5.5250000000000012 -0.30333333333333362 4.4000000000000012 31.550000000000004 59.650000000000013
decision_type=2 2 2 2 2 2 2 2 2 2 2 2
left_child=-1 7 3 -3 -4 6 -6 8 -2 -7 -10 -12
right_child=1 2 4 -5 5 9 -8 -9 10 -11 11 -13
leaf_value=0.39461150598003569 -0.49588845224113937 -0.078654989497780228 -0.30635867418419005 0.57476964290794086 0.40531719539597716 -0.18541473138084921 0.039377818886146602 0.039442623829414984 -0.22505871346768214 0.0042482366035950401 0.042533994441395558 -0.15170624855140979
leaf_weight=25 15.999999999999998 21 19 18 17 41 76 24 22 110 15.000000000000002 14.999999999999998
leaf_count=25 16 21 19 18 17 41 76 24 22 110 15 15
internal_value=0.00457226 -0.0202576 0.0187588 0.223496 -0.011656 0.0113878 0.106687 -0.148269 -0.214554 -0.0473052 -0.127107 -0.0546014
internal_weight=419 394 302 39 263 244 93 92 68 151 52 30
internal_count=419 394 302 39 263 244 93 92 68 151 52 30
is_linear=0
shrinkage=0.05


Tree=99
num_leaves=12
num_cat=0
split_feature=24 52 53 33 28 45 83 61 113 94 23
split_gain=2068.51 5744.94 1441.61 874.052 898.61 1913.34 1317.35 442.554 475.511 566.909 290.783
threshold=30.600000000000005 3.6900000000000004 35.150000000000013 -0.61249999999999971 1.0000000180025095e-35 -0.0075000000000000058 2.5000000000000004 0.19500000000000003 -3.7416666666666649 5.5550000000000006 55.300000000000004
decision_type=2 2 2 2 2 2 2 2 2 2 2
left_child=1 -1 -3 -2 5 -5 -7 8 9 -6 -10
right_child=3 2 -4 4 7 6 -8 -9 10 -11 -12
leaf_value=1.1287459648997578 -0.40300390704578126 -0.26114345937348998 0.33910318750953466 -0.16119450700478918 -0.076190665195573049 0.135831489961177 0.72151252213078809 0.15279205263557524 0.17552018074799847 -0.3967377232480373 -0.052026989175514751
leaf_weight=14.999999999999998 14.999999999999998 24 17 29 37 24 15.999999999999998 24 14.999999999999998 22 199
leaf_count=15 15 24 17 29 37 24 16 24 15 22 199
internal_value=0.0115247 0.294994 -0.0119195 -0.0301935 -0.0147948 0.1476 0.371444 -0.0525766 -0.0706986 -0.19627 -0.0359795
internal_weight=437 56 41 381 366 69 40 297 273 59 214
internal_count=437 56 41 381 366 69 40 297 273 59 214
is_linear=0
shrinkage=0.05


Tree=100
num_leaves=12
num_cat=0
split_feature=13 24 97 43 109 16 88 81 113 35 37
split_gain=2315.5 6042.49 1084.71 692.442 494.197 679.129 569.96 530.86 503.524 420.434 270.086
threshold=4.1150000000000011 30.600000000000005 5.5650000000000004 -1.0174999999999998 0.01166666666666716 6.1150000000000011 6.3250000000000011 1.5000000000000002 -7.7666666666666719 -3.0166666666666706 6.3083333333333345
decision_type=2 2 2 2 2 2 2 2 2 2 2
left_child=1 -1 -3 -2 5 7 8 -5 -6 -9 -10
right_child=3 2 -4 4 6 -7 -8 9 10 -11 -12
leaf_value=1.126658727367472 -0.33934218356622514 -0.18422466378492589 0.32726269208866615 0.085795683411092519 0.25068118343366441 0.19648945522842123 0.28586272215956193 -0.40211788558012612 -0.15348901947639501 -0.12140759842803073 0.016273659344323791
leaf_weight=15.999999999999998 18 29 15.999999999999998 28 18 20 21 14.999999999999998 33 118 80
leaf_count=16 18 29 16 28 18 20 21 15 33 118 80
internal_value=0.0112891 0.295371 -0.00192923 -0.0381371 -0.0217438 -0.0775534 0.0446881 -0.111728 0.00579987 -0.153383 -0.0333507
internal_weight=412 61 45 351 333 181 152 161 131 133 113
internal_count=412 61 45 351 333 181 152 161 131 133 113
is_linear=0
shrinkage=0.05


Tree=101
num_leaves=12
num_cat=0
split_feature=13 106 62 34 99 70 9 57 57 27 78
split_gain=1867.15 4840.03 990.1 610.545 538.888 483.254 475.124 474.309 343.449 476.477 138.309
threshold=4.1150000000000011 4.4000000000000012 78.750000000000014 2.5000000000000004 57.850000000000001 -0.024166666666667776 6.9150000000000009 51.650000000000013 45.650000000000013 12.700000000000001 1.3500000000000001
decision_type=2 2 2 2 2 2 2 2 2 2 2
left_child=1 -1 -3 5 6 -2 8 -6 10 -10 -5
right_child=3 2 -4 4 7 -7 -8 -9 9 -11 -12
leaf_value=0.77788231814729747 -0.052524694370393137 -0.33611130755377044 0.18452866364339862 -0.12388842627155768 0.013676307285058248 -0.40480772681261235 0.27389680240650355 -0.31440177792790291 0.22661213751648623 -0.0010481861232755883 0.026136040524463749
leaf_weight=26 20 21 15.999999999999998 65 19 19 15.999999999999998 26 27 151 20
leaf_count=26 20 21 16 65 19 19 16 26 27 151 20
internal_value=0.00539121 0.256445 -0.110944 -0.038225 -0.0156801 -0.224874 0.0102212 -0.176046 -0.00589888 0.0335643 -0.0885406
internal_weight=426 63 37 363 324 39 279 45 263 178 85
internal_count=426 63 37 363 324 39 279 45 263 178 85
is_linear=0
shrinkage=0.05


Tree=102
num_leaves=8
num_cat=0
split_feature=119 74 11 57 111 113 99
split_gain=1666.98 1408.28 914.283 1163.26 624.15 612.501 516.09
threshold=-1.0024999999999997 -13.308333333333335 24.250000000000004 51.000000000000007 -0.83166666666666667 -7.7666666666666719 61.500000000000007
decision_type=2 2 2 2 2 2 2
left_child=-1 -2 3 -3 -4 -6 -7
right_child=1 2 4 -5 5 6 -8
leaf_value=0.49602634909082638 0.40835147353496337 -0.027843265018004965 -0.28349261948125276 -0.5133858388365663 0.29489074207798777 0.0052208486736460488 -0.25119434352169673
leaf_weight=15.999999999999998 18 28 20 22 17 280 21
leaf_count=16 18 28 20 22 17 280 21
internal_value=-0.00293638 -0.0227296 -0.0428411 -0.24218 -0.0132754 0.00378746 -0.0127295
internal_weight=422 406 388 50 338 318 301
internal_count=422 406 388 50 338 318 301
is_linear=0
shrinkage=0.05


Tree=103
num_leaves=9
num_cat=0
split_feature=56 39 23 89 35 84 99 111
split_gain=1829.6 6825.23 673.988 1043.83 574.73 431.909 540.073 211.742
threshold=42.95000000000001 0.28666666666666624 45.45000000000001 18.450000000000003 -6.0583333333333345 0.029999999999999988 63.000000000000007 0.71666666666666667
decision_type=2 2 2 2 2 2 2 2
left_child=2 -2 -1 -4 -5 6 -6 -3
right_child=1 7 3 4 5 -7 -8 -9
leaf_value=-0.28311979517162561 1.1828977884835756 0.027254142144839261 0.27730210239723907 -0.28662808345993179 -0.019006111544455379 0.23824527620874494 -0.31741221784064488 -0.20633679399427202
leaf_weight=25 14.999999999999998 27 28 22 262 14.999999999999998 15.999999999999998 14.999999999999998
leaf_count=25 15 27 28 22 262 15 16 15
internal_value=0.00783751 0.271185 -0.0330017 -0.0146798 -0.0407293 -0.0221574 -0.0363065 -0.0563444
internal_weight=425 57 368 343 315 293 278 42
internal_count=425 57 368 343 315 293 278 42
is_linear=0
shrinkage=0.05


Tree=104
num_leaves=7
num_cat=0
split_feature=103 45 12 39 99 6
split_gain=1699 864.894 1066.68 617.483 523.214 324.375
threshold=10.550000000000002 0.01666666666666668 38.650000000000006 -1.2150000000000005 63.000000000000007 3.5000000000000004
decision_type=2 2 2 2 2 2
left_child=-1 2 -2 -4 5 -5
right_child=1 -3 3 4 -6 -7
leaf_value=0.39363764373735455 -0.35120334460817537 0.24009166070583354 0.25657726188838792 0.021313218911224448 -0.31382821109724346 -0.081358468200783005
leaf_weight=26 26 29 19 184 15.999999999999998 132
leaf_count=26 26 29 19 184 16 132
internal_value=0.00258853 -0.0225325 -0.0428059 -0.0198539 -0.0357613 -0.0215713
internal_weight=432 406 377 351 332 316
internal_count=432 406 377 351 332 316
is_linear=0
shrinkage=0.05


Tree=105
num_leaves=12
num_cat=0
split_feature=35 99 15 35 39 27 50 64 51 102 27
split_gain=1703.07 823.097 905.893 623.504 493.857 1027.68 687.888 393.839 294.646 317.237 185.809
threshold=-11.791666666666663 63.550000000000004 36.95000000000001 -3.3083333333333349 0.24666666666666706 14.900000000000002 39.500000000000007 30.750000000000004 58.95000000000001 56.800000000000004 13.700000000000001
decision_type=2 2 2 2 2 2 2 2 2 2 2
left_child=-1 2 3 -2 5 -4 -7 -5 9 -6 -10
right_child=1 -3 4 7 8 6 -8 -9 10 -11 -12
leaf_value=0.5173222952331139 -0.49340814794136201 0.26681385907259852 0.46612516885958843 0.045155469220669112 0.03003167072485179 -0.19156554184887745 0.23810902522957844 -0.24267520969573575 -0.24394256891146382 -0.16857447522285182 -0.069568162163506087
leaf_weight=14.999999999999998 14.999999999999998 23 15.999999999999998 20 155 22 15.999999999999998 29 19 23 78
leaf_count=15 15 23 16 20 155 22 16 29 19 23 78
internal_value=-0.00428876 -0.0232287 -0.0402794 -0.212242 -0.00675832 0.131323 -0.0103686 -0.125239 -0.0339285 0.00426076 -0.103992
internal_weight=431 416 393 64 329 54 38 49 275 178 97
internal_count=431 416 393 64 329 54 38 49 275 178 97
is_linear=0
shrinkage=0.05


Tree=106
num_leaves=15
num_cat=0
split_feature=13 24 58 34 31 29 12 66 84 28 112 28 31 121
split_gain=1879.34 6779.01 1046.69 570.818 548.492 414.666 337.813 737.612 652.02 638.254 447.504 282.518 400.646 229.29
threshold=4.1150000000000011 30.600000000000005 5.3350000000000009 2.5000000000000004 -1.0000000180025095e-35 52.500000000000007 56.800000000000004 8.5000000000000018 0.0066666666666666688 5.2500000000000009 1.5000000000000002 21.250000000000004 -0.034999999999999691 0.54166666666666663
decision_type=2 2 2 2 2 2 2 2 2 2 2 2 2 2
left_child=1 -1 5 4 -2 -3 7 -5 9 -9 -8 13 -13 -12
right_child=3 2 -4 6 -6 -7 10 8 -10 -11 11 12 -14 -15
leaf_value=1.1453940455402645 -0.048041421145348998 -0.40534040781342429 0.28976679941676314 -0.1923135981396521 -0.4407196878646471 -0.03353618004464156 -0.28935604524381914 0.24691361297760503 0.38744137595042338 -0.05646480868673126 -0.041632747988502326 -0.088637202424336203 0.17000543471754787 -0.22136078123797739
leaf_weight=15.999999999999998 20 15.000000000000002 14.999999999999998 24 15.999999999999998 14.999999999999998 18 27 18 48 113 26 35 21
leaf_count=16 20 15 15 24 16 15 18 27 18 48 113 26 35 21
internal_value=0.00816773 0.264882 -0.0499237 -0.034665 -0.223441 -0.220333 -0.0139946 0.0542129 0.118025 0.0528682 -0.0514921 -0.0293727 0.0597178 -0.0699804
internal_weight=427 61 45 366 36 30 330 117 93 75 213 195 61 134
internal_count=427 61 45 366 36 30 330 117 93 75 213 195 61 134
is_linear=0
shrinkage=0.05


Tree=107
num_leaves=12
num_cat=0
split_feature=113 74 4 35 14 52 33 26 26 31 115
split_gain=2657.34 964.113 602.053 734.504 958.566 682.513 992.653 464.978 402.662 277.61 212.087
threshold=-12.066666666666666 -13.308333333333335 4.5000000000000009 1.8833333333333331 29.100000000000005 5.9150000000000009 -0.61249999999999971 22.900000000000002 22.450000000000003 0.040000000000000487 4.0916666666666659
decision_type=2 2 2 2 2 2 2 2 2 2 2
left_child=-1 -2 5 4 -4 6 -3 -8 -5 -10 -6
right_child=1 2 3 8 10 -7 7 -9 9 -11 -12
leaf_value=0.62626942934827035 0.31811461639029814 -0.55606615827573058 0.46227142336618832 -0.23869363507538133 -0.13097838858105487 0.15223334036479338 -0.24571386441729981 -0.025617702515155022 0.0014656513973715761 -0.21573824567824418 0.13402282886256445
leaf_weight=15.999999999999998 19 14.999999999999998 18 23 15.000000000000002 18 42 56 170 15.999999999999998 14.999999999999998
leaf_count=16 19 15 18 23 15 18 42 56 170 16 15
internal_value=-0.00374326 -0.0286704 -0.0457426 -0.00124394 0.174908 -0.132936 -0.1785 -0.12015 -0.0417881 -0.0172976 0.00136116
internal_weight=423 407 388 257 48 131 113 98 209 186 30
internal_count=423 407 388 257 48 131 113 98 209 186 30
is_linear=0
shrinkage=0.05


Tree=108
num_leaves=18
num_cat=0
split_feature=78 31 45 28 116 90 9 123 14 37 80 110 91 95 62 105 109
split_gain=1729.99 744.118 893.668 1594.2 2012.07 691.273 765.564 530.45 496.506 492.087 296.715 256.649 219.931 276.638 207.657 199.525 195.467
threshold=-3.7449999999999997 -0.043333333333333439 -0.010000000000000021 1.0000000180025095e-35 3.5000000000000004 62.850000000000001 6.7650000000000006 -0.011666666666666671 21.350000000000005 7.8416666666666677 0.29083333333333355 3.5000000000000004 6.5450000000000008 32.550000000000004 74.15000000000002 15.900000000000002 0.007499999999999841
decision_type=2 2 2 2 2 2 2 2 2 2 2 2 2 2 2 2 2
left_child=-1 8 9 4 -4 6 -5 -7 -2 14 11 -11 13 -10 -3 -15 -12
right_child=1 2 3 5 -6 7 -8 -9 12 10 16 -13 -14 15 -16 -17 -18
leaf_value=0.46584359543833564 -0.38121727542107148 -0.37306771381011866 0.83241477747947368 0.17649842555517758 0.11989910500156103 0.012855057943906033 -0.16138409992189143 0.35679966442957878 0.087715751391394703 0.18361223845770866 -0.23293843048425455 -0.022078556768477905 -0.206573533121481 -0.23785231870017656 -0.11667358261364245 0.0041723947104367401 0.00095442018893934918
leaf_weight=20 15.999999999999998 14.999999999999998 14.999999999999998 23 29 24 61 21 28 23 20 44 24 18 17 15.999999999999998 15.999999999999998
leaf_count=20 16 15 15 23 29 24 61 21 28 23 20 44 24 18 17 16 16
internal_value=0.0129395 -0.00924937 0.0295066 0.104728 0.364252 0.0159553 -0.0687093 0.173909 -0.126241 -0.0668568 -0.0135201 0.0486256 -0.0783573 -0.0283919 -0.237802 -0.124133 -0.129133
internal_weight=430 410 308 173 44 129 84 45 102 135 103 67 86 62 32 34 36
internal_count=430 410 308 173 44 129 84 45 102 135 103 67 86 62 32 34 36
is_linear=0
shrinkage=0.05


Tree=109
num_leaves=11
num_cat=0
split_feature=35 82 59 45 45 28 60 39 105 115
split_gain=1621.75 847.862 2893.2 616.13 588.629 679.813 1048.51 387.813 347.911 256.499
threshold=-11.791666666666663 -0.63916666666666699 21.750000000000004 0.020833333333333318 -0.010000000000000021 5.7000000000000002 55.70000000000001 0.18250000000000013 16.650000000000002 -11.133333333333335
decision_type=2 2 2 2 2 2 2 2 2 2
left_child=-1 2 -2 4 7 6 -6 -3 -7 -9
right_child=1 3 -4 -5 5 8 -8 9 -10 -11
leaf_value=0.52011051999022628 -0.19162449724766431 -0.25461470117428203 0.74592919014147585 -0.30524144550268567 0.30870030839533075 -0.12365314031888536 -0.1512283487452401 -0.24351257251587929 0.045367713877873111 -0.025685423939881838
leaf_weight=14.999999999999998 18 27 14.999999999999998 19 45 49 17 14.999999999999998 80 130
leaf_count=15 18 27 15 19 45 49 17 15 80 130
internal_value=0.0111111 -0.00739531 0.235351 -0.0284348 -0.0138524 0.0465409 0.18247 -0.0809342 -0.0188413 -0.048406
internal_weight=430 415 33 382 363 191 62 172 129 145
internal_count=430 415 33 382 363 191 62 172 129 145
is_linear=0
shrinkage=0.05


Tree=110
num_leaves=11
num_cat=0
split_feature=113 9 28 95 118 10 48 91 42 23
split_gain=1614.92 893.794 1853.58 687.497 702.552 496.644 400.082 638.907 230.518 228.786
threshold=-12.066666666666666 6.8950000000000005 6.6500000000000012 24.450000000000003 1.5000000000000002 4.8900000000000015 6.8650000000000011 2.1400000000000001 2.5000000000000004 68.550000000000026
decision_type=2 2 2 2 2 2 2 2 2 2
left_child=-1 3 -3 5 -5 -2 7 -6 -7 -8
right_child=1 2 -4 4 6 8 9 -9 -10 -11
leaf_value=0.4859690765365523 -0.4377592828494824 0.65098737415098995 -0.061598620263787054 0.26123601382364442 0.29977533476230522 0.039088841532057494 -0.33535910479675063 -0.02554118322206448 -0.19537169502195784 -0.05871008879794979
leaf_weight=17 14.999999999999998 14.999999999999998 23 23 15.999999999999998 17 15.000000000000002 241 27 14.999999999999998
leaf_count=17 15 15 23 23 16 17 15 241 27 15
internal_value=0.00995813 -0.0100266 0.220524 -0.0338358 -0.00402286 -0.190124 -0.0253815 -0.00515985 -0.104788 -0.197855
internal_weight=424 407 38 369 310 59 287 257 44 30
internal_count=424 407 38 369 310 59 287 257 44 30
is_linear=0
shrinkage=0.05


Tree=111
num_leaves=13
num_cat=0
split_feature=56 23 112 12 53 9 113 105 89 94 66 53
split_gain=966.641 748.882 591.851 1097.25 890.693 784.782 631.713 456.035 410.719 312.112 241.847 295.306
threshold=48.850000000000001 45.45000000000001 4.5000000000000009 55.350000000000001 34.70000000000001 6.7650000000000006 1.6333333333333366 10.600000000000001 40.350000000000001 5.5050000000000008 10.600000000000001 39.550000000000004
decision_type=2 2 2 2 2 2 2 2 2 2 2 2
left_child=1 -1 3 4 5 -3 9 -4 -8 -5 -9 -12
right_child=-2 2 7 6 -6 -7 8 10 -10 -11 11 -13
leaf_value=-0.29293389020637534 0.34989251778488273 0.33205214589834214 -0.29314526136948432 -0.029518623232780795 0.45626818429340016 -0.090083999280217916 0.0085302128688680822 -0.19075582166741178 0.32208502944435513 -0.21307672600086583 0.048130981894224295 -0.11333183852543019
leaf_weight=26 17 18 23 49 23 28 34 26 14.999999999999998 44 65 50
leaf_count=26 17 18 23 49 23 28 34 26 15 44 65 50
internal_value=-0.0182504 -0.0339533 -0.0159107 0.0394453 0.202874 0.0753532 -0.0400189 -0.0871419 0.105079 -0.116553 -0.0533191 -0.0220643
internal_weight=418 401 375 211 69 46 142 164 49 93 141 115
internal_count=418 401 375 211 69 46 142 164 49 93 141 115
is_linear=0
shrinkage=0.05


Tree=112
num_leaves=10
num_cat=0
split_feature=24 31 110 111 33 44 39 102 27
split_gain=1382.67 937.737 560.656 557.699 618.401 572.221 934.358 250.761 247.937
threshold=21.950000000000003 0.050833333333333737 1.5000000000000002 0.55416666666666636 -0.41166666666666657 1.5000000000000002 -0.91749999999999987 28.150000000000002 8.5000000000000018
decision_type=2 2 2 2 2 2 2 2 2
left_child=-1 2 -2 5 -5 7 -7 -4 -6
right_child=1 -3 3 4 8 6 -8 -9 -10
leaf_value=0.44751186898054435 -0.2485822165116833 0.30559503437437086 -0.20579379182056068 -0.38370952925934704 -0.2176095268957278 0.45498240693793657 0.055705749771036539 -0.0034319007943966191 -0.02538153326703272
leaf_weight=17 27 22 22 14.999999999999998 19 17 103 50 139
leaf_count=17 27 22 22 15 19 17 103 50 139
internal_value=0.00690577 -0.0112784 -0.0291482 -0.0128388 -0.0779372 0.0458016 0.112643 -0.0655337 -0.0486522
internal_weight=431 414 392 365 173 192 120 72 158
internal_count=431 414 392 365 173 192 120 72 158
is_linear=0
shrinkage=0.05


Tree=113
num_leaves=10
num_cat=0
split_feature=103 24 45 60 40 123 19 100 91
split_gain=1594.14 581.018 512.124 629.695 516.306 381.348 533.362 378.525 247.53
threshold=10.550000000000002 28.550000000000004 0.016666666666666653 38.800000000000004 3.5000000000000004 -0.013333333333333348 5.535000000000001 0.16500000000000004 6.5150000000000006
decision_type=2 2 2 2 2 2 2 2 2
left_child=-1 7 3 4 -3 8 -7 -2 -5
right_child=1 2 -4 5 -6 6 -8 -9 -10
leaf_value=0.37921226433073857 -0.38373555204321663 -0.048256993441950544 0.19680281394742072 -0.029745848055627591 -0.43863066094262254 0.090053886112577072 -0.072549517461553359 -0.063449700293740682 -0.20129924688679576
leaf_weight=25 18 18 27 58 15.999999999999998 136 80 19 33
leaf_count=25 18 18 27 58 16 136 80 19 33
internal_value=-0.00744582 -0.0314137 -0.012383 -0.0290136 -0.232856 -0.00635337 0.0298016 -0.220014 -0.0921651
internal_weight=430 405 368 341 34 307 216 37 91
internal_count=430 405 368 341 34 307 216 37 91
is_linear=0
shrinkage=0.05


Tree=114
num_leaves=9
num_cat=0
split_feature=56 31 110 35 89 24 57 5
split_gain=1250.44 5858.36 849.742 686.009 492.528 399.523 320.763 306.893
threshold=41.800000000000004 0.016666666666666167 1.5000000000000002 -10.4 17.800000000000001 26.800000000000001 59.45000000000001 1.0000000180025095e-35
decision_type=2 2 2 2 2 2 2 2
left_child=2 7 -1 -4 -5 -6 -7 -2
right_child=1 -3 3 4 5 6 -8 -9
leaf_value=-0.34389310837870812 0.073665826447100277 1.0594778870904682 -0.33214881936011958 0.24625169645727341 -0.22693124240205301 0.0069758389308500774 -0.23003434106608892 -0.16490065354047365
leaf_weight=22 25 14.999999999999998 17 18 22 261 14.999999999999998 29
leaf_count=22 25 15 17 18 22 261 15 29
internal_value=-0.0057567 0.188835 -0.0436354 -0.0236863 -0.00697612 -0.022366 -0.00596569 -0.0544288
internal_weight=424 69 355 333 316 298 276 54
internal_count=424 69 355 333 316 298 276 54
is_linear=0
shrinkage=0.05


Tree=115
num_leaves=9
num_cat=0
split_feature=37 31 89 11 88 13 95 37
split_gain=2127.84 4302.94 536.738 513.306 812.768 283.91 334.84 126.572
threshold=-5.291666666666667 -0.018333333333333975 13.850000000000001 23.400000000000002 4.2150000000000007 7.1350000000000007 21.500000000000004 16.575000000000014
decision_type=2 2 2 2 2 2 2 2
left_child=1 -1 -2 -4 -5 6 -6 -7
right_child=2 -3 3 4 5 7 -8 -9
leaf_value=-0.18246477803780667 -0.31067695157569752 0.84018945078149221 -0.26313343591087662 0.28420697070354789 -0.17399464074615059 -0.21134123939530283 0.008256764816092034 -0.030808525892677692
leaf_weight=20 17 21 21 22 28 28 244 14.999999999999998
leaf_count=20 17 21 21 22 28 28 244 15
internal_value=0.000430347 0.341982 -0.0369805 -0.0238867 -0.00888964 -0.0294594 -0.0105431 -0.148698
internal_weight=416 41 375 358 337 315 272 43
internal_count=416 41 375 358 337 315 272 43
is_linear=0
shrinkage=0.05


Tree=116
num_leaves=14
num_cat=0
split_feature=35 60 99 58 109 15 105 45 104 37 33 27 14
split_gain=1918.12 692.26 1145.98 521.526 660.939 559.91 432.069 353.597 285.237 179.384 263.792 83.2691 97.6299
threshold=-11.791666666666663 54.850000000000001 63.550000000000004 5.495000000000001 0.013333333333334087 36.95000000000001 10.600000000000001 -0.010000000000000021 31.400000000000002 7.1249999999999973 -0.027499999999999854 20.750000000000004 42.150000000000013
decision_type=2 2 2 2 2 2 2 2 2 2 2 2 2
left_child=-1 2 3 5 -5 8 -3 -7 -2 10 -8 -11 -13
right_child=1 6 -4 4 -6 7 9 -9 -10 11 -12 12 -14
leaf_value=0.55823636023414058 -0.082468354908418862 -0.31574139009790247 0.42071066150191233 -0.052610360522296541 0.35936135245769579 -0.058952373816586981 0.0099661384098577183 0.070130583359513166 -0.35296933571236178 -0.10484946467821173 -0.25894166082788855 0.13068333473426616 -0.041422526793585296
leaf_weight=14.999999999999998 23 23 17 18 21 106 14.999999999999998 106 17 14.999999999999998 23 14.999999999999998 18
leaf_count=15 23 23 17 18 21 106 15 106 17 15 23 15 18
internal_value=0.00462778 -0.0154033 0.0229135 -0.000444897 0.169444 -0.0268139 -0.123642 0.00556817 -0.198149 -0.0719015 -0.152915 -0.00747726 0.0368148
internal_weight=432 417 308 291 39 252 109 212 40 86 38 48 33
internal_count=432 417 308 291 39 252 109 212 40 86 38 48 33
is_linear=0
shrinkage=0.05


Tree=117
num_leaves=10
num_cat=0
split_feature=45 97 39 121 35 39 60 59 67
split_gain=779.879 2571.33 479.788 506.84 721.271 399.064 370.511 483.691 465.297
threshold=0.01666666666666668 5.205000000000001 -2.4774999999999996 0.72416666666666674 6.7666666666666684 -0.72749999999999948 38.050000000000004 24.900000000000002 6.2500000000000009
decision_type=2 2 2 2 2 2 2 2 2
left_child=2 -2 -1 5 -5 -4 8 -8 -7
right_child=1 -3 3 4 -6 6 7 -9 -10
leaf_value=0.2135034693960558 -0.23641866860182389 0.65735900085535104 -0.25551329877839163 -0.46927516648643897 0.0054009823017562462 -0.37668297164928838 0.24240933210892571 -0.024575565828767978 0.0037157056864744382
leaf_weight=17 15.999999999999998 15.999999999999998 20 17 14.999999999999998 15.999999999999998 18 270 15.999999999999998
leaf_count=17 16 16 20 17 15 16 18 270 16
internal_value=-0.0258866 0.21097 -0.045433 -0.0573338 -0.247291 -0.0393732 -0.0257733 -0.00779331 -0.186909
internal_weight=421 32 389 372 32 340 320 288 32
internal_count=421 32 389 372 32 340 320 288 32
is_linear=0
shrinkage=0.05


Tree=118
num_leaves=14
num_cat=0
split_feature=56 31 31 92 18 26 82 99 101 115 103 54 104
split_gain=731.032 492.277 478.513 1164 783.068 670.076 484.776 460.244 466.452 355.523 527.349 274.662 110.537
threshold=48.850000000000001 -0.045000000000000366 0.0066666666666672656 12.750000000000002 59.050000000000004 15.600000000000003 0.065833333333333424 59.050000000000004 77.750000000000014 -6.7166666666666677 23.650000000000002 41.650000000000013 27.400000000000002
decision_type=2 2 2 2 2 2 2 2 2 2 2 2 2
left_child=1 9 3 -3 5 -4 -7 8 -5 -1 -11 -12 -13
right_child=-2 2 4 7 -6 6 -8 -9 -10 10 11 12 -14
leaf_value=-0.3422618280183401 0.31976837056764168 0.46677542767539526 -0.4085904690974988 -0.032781580080417171 0.26295125917618323 -0.14428840450442712 0.082788174436741441 -0.24185738715509708 0.14540686628624422 0.17955004185993478 -0.26669251443782532 0.037491976119011471 -0.1216307904509413
leaf_weight=14.999999999999998 15.999999999999998 15.999999999999998 15.999999999999998 81 15.999999999999998 64 37 14.999999999999998 67 15.999999999999998 26 17 30
leaf_count=15 16 16 16 81 16 64 37 15 67 16 26 17 30
internal_value=-0.0107979 -0.0235978 0.00779883 0.0611739 -0.0639913 -0.10893 -0.0610529 0.0210679 0.0478948 -0.117753 -0.0795162 -0.136534 -0.0640122
internal_weight=432 416 312 179 133 117 101 163 148 104 89 73 47
internal_count=432 416 312 179 133 117 101 163 148 104 89 73 47
is_linear=0
shrinkage=0.05


Tree=119
num_leaves=8
num_cat=0
split_feature=35 110 99 12 108 39 26
split_gain=1615.2 836.748 759.563 427.07 363.405 817.06 290.274
threshold=-11.791666666666663 1.5000000000000002 64.350000000000009 38.650000000000006 4.5000000000000009 0.24666666666666706 18.900000000000002
decision_type=2 2 2 2 2 2 2
left_child=-1 -2 3 -3 6 -6 -5
right_child=1 2 -4 4 5 -7 -8
leaf_value=0.50669006330288013 -0.31912569875630858 -0.20081697548659602 0.34483112139960398 -0.17490421532909317 0.30541285473681007 -0.0042128412227413784 -0.014710446843912759
leaf_weight=14.999999999999998 22 29 14.999999999999998 33 28 88 195
leaf_count=15 22 29 15 33 28 88 195
internal_value=-0.00115707 -0.0198681 -0.0028091 -0.0168913 -0.0013176 0.07068 -0.0379848
internal_weight=425 410 388 373 344 116 228
internal_count=425 410 388 373 344 116 228
is_linear=0
shrinkage=0.05


Tree=120
num_leaves=15
num_cat=0
split_feature=35 60 58 37 13 12 16 111 105 119 103 18 109 103
split_gain=1231.22 413.652 542.032 988.128 637.138 560.059 434.345 411.946 308.877 307.075 214.62 172.935 169.016 93.825
threshold=-11.791666666666663 54.850000000000001 5.3550000000000013 3.4416666666666669 4.2300000000000013 48.000000000000007 4.7600000000000007 0.22083333333333324 10.600000000000001 0.40166666666666689 50.650000000000006 58.150000000000013 0.013333333333334087 36.600000000000001
decision_type=2 2 2 2 2 2 2 2 2 2 2 2 2 2
left_child=-1 2 4 -4 9 -6 -3 -7 -5 -2 11 13 -10 -8
right_child=1 6 3 8 5 7 10 -9 12 -11 -12 -13 -14 -15
leaf_value=0.43593853206823996 -0.099767732271900417 -0.31271105925618753 0.45423166669948761 0.20701927093037389 0.26866144296296396 -0.12708619025119758 -0.087873376780850776 0.037343588423510814 -0.12204465461393124 -0.38550086734087574 0.11218214181085295 0.052645554289912549 0.072101360980752871 -0.22802541064030213
leaf_weight=14.999999999999998 23 21 17 17 18 61 33 101 27 15.999999999999998 14.999999999999998 14.999999999999998 19 19
leaf_count=15 23 21 17 17 18 61 33 101 27 16 15 15 19 19
internal_value=-0.0072917 -0.0239469 0.00581465 0.11713 -0.0348606 0.00484865 -0.110312 -0.0245807 0.0255112 -0.217806 -0.0580998 -0.0964075 -0.041763 -0.139518
internal_weight=417 402 299 80 219 180 103 162 63 39 82 67 46 52
internal_count=417 402 299 80 219 180 103 162 63 39 82 67 46 52
is_linear=0
shrinkage=0.05


Tree=121
num_leaves=14
num_cat=0
split_feature=24 97 45 13 116 61 0 66 116 84 23 80 72
split_gain=1205.97 731.529 1855.03 687.866 599.209 641.713 438.014 391.018 358.037 418.315 365.725 288.995 248.595
threshold=21.950000000000003 5.3850000000000007 0.010833333333333335 3.0700000000000007 4.5000000000000009 0.18500000000000003 1708.5000000000002 28.550000000000004 1.5000000000000002 0.010000000000000024 54.750000000000007 -0.060833333333333954 0.62250000000000016
decision_type=2 2 2 2 2 2 2 2 2 2 2 2 2
left_child=-1 3 4 -2 5 6 -3 12 -5 10 -10 -11 -6
right_child=1 2 -4 8 7 -7 -8 -9 9 11 -12 -13 -14
leaf_value=0.40186219203867313 -0.34001005153520414 -0.14120902027084622 0.5617737601723588 -0.22506259955558541 -0.2815616524082491 0.37193127549879734 0.12977080304089869 0.11330646802455385 0.24139719579530802 -0.026585816227512445 -0.0090309418186709772 -0.27474966477061707 -0.046670341840134327
leaf_weight=18 21 24 17 24 26 17 39 14.999999999999998 15.999999999999998 23 154 24 20
leaf_count=18 21 24 17 24 26 17 39 15 16 23 154 24 20
internal_value=0.00223936 -0.014967 0.0699643 -0.0662113 0.0102765 0.100261 0.026401 -0.107625 -0.0422015 -0.0218598 0.0146374 -0.153728 -0.179866
internal_weight=438 420 158 262 141 80 63 61 241 217 170 47 46
internal_count=438 420 158 262 141 80 63 61 241 217 170 47 46
is_linear=0
shrinkage=0.05


Tree=122
num_leaves=9
num_cat=0
split_feature=60 82 35 35 40 18 23 33
split_gain=743.349 1777.88 505.339 783.888 493.067 294.647 514.507 294.53
threshold=38.800000000000004 -0.6125000000000006 -7.3416666666666677 -4.6000000000000041 3.5000000000000004 40.850000000000009 57.70000000000001 0.67999999999999983
decision_type=2 2 2 2 2 2 2 2
left_child=4 -2 -3 -4 -1 7 -7 -5
right_child=1 2 3 5 -6 6 -8 -9
leaf_value=-0.046718572788109064 0.5122658554626548 0.21886461102473201 -0.39131728612034533 -0.25952664025715277 -0.37799619136950668 0.18982966266246065 -0.026257186633550568 -0.024501632975779498
leaf_weight=22 15.999999999999998 20 14.999999999999998 24 23 31 241 30
leaf_count=22 16 20 15 24 23 31 241 30
internal_value=-0.02477 -0.00180649 -0.0247403 -0.0391026 -0.216612 -0.022766 -0.00155055 -0.129336
internal_weight=422 377 361 341 45 326 272 54
internal_count=422 377 361 341 45 326 272 54
is_linear=0
shrinkage=0.05


Tree=123
num_leaves=12
num_cat=0
split_feature=31 33 47 70 97 33 25 4 1 111 59
split_gain=742.852 1005.75 438.459 458.579 491.599 1105.02 436.562 354.199 405.773 297.311 163.065
threshold=0.050833333333333737 -0.61249999999999971 1.5000000000000002 0.046666666666666419 5.3850000000000007 0.21666666666666726 22.900000000000002 6.5000000000000009 2.5000000000000004 0.16333333333333314 36.45000000000001
decision_type=2 2 2 2 2 2 2 2 2 2 2
left_child=1 -1 3 4 9 -6 -4 8 -8 -3 -9
right_child=-2 2 6 -5 5 -7 7 10 -10 -11 -12
leaf_value=-0.33194045081905937 0.26594517945029617 -0.12398072887220682 -0.31377597863667583 -0.22218151859372681 0.46207611043543662 0.04558675287414618 -0.059360155206999624 -0.059801808224190511 0.27688873438843042 0.035114382559294041 -0.2190679427870082
leaf_weight=26 22 43 18 17 20 77 22 49 14.999999999999998 92 24
leaf_count=26 22 43 18 17 20 77 22 49 15 92 24
internal_value=-0.016287 -0.0317688 -0.0109715 0.0276741 0.0460919 0.1319 -0.0861514 -0.0486071 0.0772011 -0.0155776 -0.11246
internal_weight=425 403 377 249 232 97 128 110 37 135 73
internal_count=425 403 377 249 232 97 128 110 37 135 73
is_linear=0
shrinkage=0.05


Tree=124
num_leaves=8
num_cat=0
split_feature=119 33 37 31 59 121 57
split_gain=1241.61 1016.53 1014.65 428.671 313.836 397.001 285.979
threshold=-1.0024999999999997 -0.61249999999999971 -4.8333333333333313 0.042499999999999545 19.750000000000004 0.81666666666666676 50.650000000000013
decision_type=2 2 2 2 2 2 2
left_child=-1 -2 -3 4 -4 -6 -5
right_child=1 2 3 6 5 -7 -8
leaf_value=0.40043811457262513 -0.32466462381840666 0.32670945959393261 -0.207702035386918 -0.046321484316950261 -0.0062530022029251165 0.25654935961872932 -0.34554733963486572
leaf_weight=18 26 22 18 15.999999999999998 297 14.999999999999998 15.999999999999998
leaf_count=18 26 22 18 16 297 15 16
internal_value=-0.00481874 -0.022716 -0.00217935 -0.0222656 -0.00528106 0.00644386 -0.196701
internal_weight=428 410 384 362 330 312 32
internal_count=428 410 384 362 330 312 32
is_linear=0
shrinkage=0.05


Tree=125
num_leaves=10
num_cat=0
split_feature=39 9 33 102 35 27 27 111 78
split_gain=1126.19 5813.68 778.357 678.857 769.308 476.408 276.129 305.633 252.821
threshold=-0.4724999999999992 6.8450000000000006 -0.34333333333333277 50.95000000000001 -6.0583333333333345 7.3500000000000005 11.300000000000002 -0.53583333333333349 -3.7449999999999997
decision_type=2 2 2 2 2 2 2 2 2
left_child=1 3 -2 4 -1 -4 -7 -8 -9
right_child=2 -3 5 -5 -6 6 7 8 -10
leaf_value=0.33423117718949236 -0.34331197764594756 1.0474478439384738 -0.2476903446119835 -0.33208508482260735 -0.11739549811380315 0.14820489006480952 -0.18482269562523942 -0.20436575404855592 0.0062082929489052892
leaf_weight=14.999999999999995 20 14.999999999999998 22 15.999999999999998 25.000000000000004 26 26 14.999999999999998 254
leaf_count=15 20 15 22 16 25 26 26 15 254
internal_value=-0.00523725 0.176725 -0.0408803 -0.0578664 0.052251 -0.0231363 -0.00765843 -0.021458 -0.00558675
internal_weight=434 71 363 56 40 343 321 295 269
internal_count=434 71 363 56 40 343 321 295 269
is_linear=0
shrinkage=0.05


Tree=126
num_leaves=16
num_cat=0
split_feature=78 17 33 33 16 86 104 96 84 56 102 113 31 58 16
split_gain=1873.63 519.079 1107.46 938.83 1133.58 410.25 333.718 793.664 336.316 318.04 283.473 254.629 189.169 153.051 131.15
threshold=-3.7449999999999997 32.45000000000001 -0.61249999999999971 0.16083333333333319 4.6350000000000007 1.5000000000000002 24.050000000000004 42.20000000000001 -0.0016666666666666633 31.800000000000001 28.150000000000002 -5.666666666666667 0.010000000000000233 5.5450000000000008 4.9650000000000007
decision_type=2 2 2 2 2 2 2 2 2 2 2 2 2 2 2
left_child=-1 3 -3 4 -2 10 7 -4 -9 14 -5 -8 -12 -13 -7
right_child=1 2 6 5 -6 9 11 8 -10 -11 12 13 -14 -15 -16
leaf_value=0.49989987463582292 -0.0091720693710586783 -0.46987900719139147 0.36806741956843453 -0.20861950873803747 0.53598824851800009 0.099386339512536448 -0.28119825495789386 -0.12907787733307974 0.10661349380574377 0.25219621563432226 0.039747857010421161 -0.10360877470193236 -0.15351318241153633 0.016525425910578106 -0.10899089274816956
leaf_weight=18 19 15.999999999999998 14.999999999999998 29 19 15.000000000000002 14.999999999999998 38 25 20 42 78 18 40 14.999999999999998
leaf_count=18 19 16 15 29 19 15 15 38 25 20 42 78 18 40 15
internal_value=0.00220111 -0.0200794 -0.0701205 0.0440727 0.263968 -0.0161532 -0.0395752 0.0424577 -0.0354496 0.0982857 -0.0805391 -0.087718 -0.0183062 -0.0628635 -0.00465212
internal_weight=422 404 227 177 38 139 211 78 63 50 89 133 60 118 30
internal_count=422 404 227 177 38 139 211 78 63 50 89 133 60 118 30
is_linear=0
shrinkage=0.05


Tree=127
num_leaves=15
num_cat=0
split_feature=13 57 57 99 57 66 39 29 45 33 17 56 99 6
split_gain=1599.7 3901.85 1598.12 470.558 292.315 398.202 623.727 307.77 328.761 303.175 214.519 156.501 131.654 123.047
threshold=4.1150000000000011 55.250000000000007 48.350000000000001 63.000000000000007 42.800000000000004 28.250000000000004 0.46833333333333377 55.500000000000007 -0.0033333333333333127 0.082500000000000032 34.050000000000004 20.150000000000002 48.850000000000001 1.5000000000000002
decision_type=2 2 2 2 2 2 2 2 2 2 2 2 2 2
left_child=1 2 -1 4 9 7 -7 8 -6 -2 -9 -11 -13 -8
right_child=3 -3 -4 -5 5 6 13 10 -10 11 -12 12 -14 -15
leaf_value=0.22771674093835031 -0.30381928757326498 0.91352337606204947 -0.41416770928348146 -0.26596958407418642 -0.046428426911894222 0.38813703963475199 0.13631718551974423 -0.038483263486327385 0.098647543805605684 0.039574081173801789 -0.28639746263884663 -0.22758712687107346 -0.034930108109516883 -0.041743485953974986
leaf_weight=27 14.999999999999998 15.999999999999998 14.999999999999998 20 115 15.999999999999998 14.999999999999998 18 59 26 17 15.999999999999998 20 27
leaf_count=27 15 16 15 20 115 16 15 18 59 26 17 16 20 27
internal_value=0.00806978 0.25172 -0.00184819 -0.0307983 -0.0170377 0.00770633 0.123514 -0.0244514 0.00276369 -0.102802 -0.159514 -0.0536774 -0.121087 0.0219036
internal_weight=422 58 42 364 344 267 58 209 174 77 35 62 36 42
internal_count=422 58 42 364 344 267 58 209 174 77 35 62 36 42
is_linear=0
shrinkage=0.05


Tree=128
num_leaves=9
num_cat=0
split_feature=78 62 33 16 41 105 20 32
split_gain=1152.33 511.125 400.459 369.315 501.139 537.559 379.821 274.525
threshold=-3.7449999999999997 92.15000000000002 -0.61249999999999971 4.4850000000000012 -0.35499999999999993 23.300000000000004 16.350000000000005 4.5000000000000009
decision_type=2 2 2 2 2 2 2 2
left_child=-1 2 -2 7 5 -5 -6 -4
right_child=1 -3 3 4 6 -7 -8 -9
leaf_value=0.36820845067204533 -0.23186568246837475 0.19414168498068479 -0.31385823873399993 0.020388350249880338 -0.27019534322204974 0.39853511995432395 -0.011981186433538252 -0.055353108027386133
leaf_weight=20 24 26 17 25 14.999999999999998 14.999999999999998 252 26
leaf_count=20 24 26 17 25 15 15 252 26
internal_value=-0.00119578 -0.0197659 -0.0346978 -0.021101 -0.00184233 0.162958 -0.026602 -0.15816
internal_weight=420 400 374 350 307 40 267 43
internal_count=420 400 374 350 307 40 267 43
is_linear=0
shrinkage=0.05


Tree=129
num_leaves=14
num_cat=0
split_feature=78 60 47 90 11 67 12 10 60 3 12 57 56
split_gain=1372.25 564.929 531.852 738.797 484.996 440.375 629.368 395.417 382.784 552.615 265.853 131.883 70.3423
threshold=-3.1124999999999998 42.250000000000007 1.5000000000000002 31.550000000000001 25.750000000000004 22.450000000000003 42.800000000000004 5.4000000000000012 48.250000000000007 3.5000000000000004 67.500000000000014 49.850000000000009 41.800000000000004
decision_type=2 2 2 2 2 2 2 2 2 2 2 2 2
left_child=-1 4 3 -3 -2 6 -4 -8 9 -5 -10 -6 -13
right_child=1 2 5 8 11 -7 7 -9 10 -11 -12 12 -14
leaf_value=0.35228687344022486 -0.40590558628372808 0.38173412889834274 -0.40721650651890284 -0.039038100796237957 -0.011501477765002613 0.1500443874077397 0.15795749492992628 -0.12821990432041061 -0.057834816820455048 0.2624963092164691 0.11592475329268022 -0.23772507341492252 -0.085735970765629901
leaf_weight=25 14.999999999999998 14.999999999999998 17 28 29 15.999999999999998 14.999999999999998 60 117 33 27 15.000000000000002 15.999999999999998
leaf_count=25 15 15 17 28 29 16 15 60 117 33 27 15 16
internal_value=-0.00640052 -0.0287459 -0.000407191 0.0441842 -0.152448 -0.0912446 -0.13338 -0.0707837 0.019287 0.124168 -0.0251624 -0.0884308 -0.159968
internal_weight=428 403 328 220 75 108 92 75 205 61 144 60 31
internal_count=428 403 328 220 75 108 92 75 205 61 144 60 31
is_linear=0
shrinkage=0.05


Tree=130
num_leaves=12
num_cat=0
split_feature=33 78 16 88 16 28 118 35 87 24 0
split_gain=1941.49 558.401 435.573 689.475 480.581 1065.05 460.01 378.862 350.587 301.296 151.339
threshold=-0.84833333333333349 -3.7449999999999997 4.5650000000000004 4.7650000000000006 5.0050000000000008 6.9000000000000012 4.5000000000000009 12.283333333333337 6.745000000000001 54.750000000000007 1221.0000000000002
decision_type=2 2 2 2 2 2 2 2 2 2 2
left_child=-1 -2 3 -3 5 -4 7 -6 -8 -7 -5
right_child=1 2 4 10 6 9 8 -9 -10 -11 -12
leaf_value=0.55288626547680797 -0.29599298732715418 -0.42794635395908004 0.47311861044482184 -0.14418352906694584 0.076356937171837114 -0.10987179783864634 0.063042264232808107 -0.080603036162073316 -0.16658300467379583 0.17497577062308395 0.040974799403742351
leaf_weight=14.999999999999998 18 14.999999999999998 17 19 127 24 22 55 67 14.999999999999998 26
leaf_count=15 18 15 17 19 127 24 22 55 67 15 26
internal_value=-0.00377657 -0.0245374 -0.0118255 -0.135548 0.0108952 0.14411 -0.0166571 0.0288783 -0.109759 -1.98514e-05 -0.0372387
internal_weight=420 405 387 60 327 56 271 182 89 39 45
internal_count=420 405 387 60 327 56 271 182 89 39 45
is_linear=0
shrinkage=0.05


Tree=131
num_leaves=9
num_cat=0
split_feature=113 74 45 121 14 95 10 96
split_gain=1508.93 660.135 464.171 469.656 368.652 296.614 426.477 383.449
threshold=-12.066666666666666 -13.308333333333335 0.022499999999999996 0.72416666666666674 31.950000000000006 25.550000000000004 4.995000000000001 41.250000000000007
decision_type=2 2 2 2 2 2 2 2
left_child=-1 -2 3 5 -5 6 -3 -7
right_child=1 2 -4 4 -6 7 -8 -9
leaf_value=0.44573252181321882 0.25861229599634211 -0.33671600246271555 -0.2824976416911868 -0.34550432235158551 -0.019673433564371946 0.26134009879353826 -0.026654718423399393 0.0022496339133124274
leaf_weight=18 20 14.999999999999998 18 19 15.999999999999998 14.999999999999998 42 264
leaf_count=18 20 15 18 19 16 15 42 264
internal_value=-0.00100545 -0.0207827 -0.0352231 -0.0231395 -0.197176 -0.00494261 -0.108784 0.0162858
internal_weight=427 409 389 371 35 336 57 279
internal_count=427 409 389 371 35 336 57 279
is_linear=0
shrinkage=0.05


Tree=132
num_leaves=11
num_cat=0
split_feature=15 43 78 62 31 16 12 109 11 76
split_gain=1213.04 3886.82 383.935 296.582 342.627 409.759 401.167 284.732 310.127 277.322
threshold=22.650000000000002 -0.079166666666666149 -3.1124999999999998 92.15000000000002 0.0066666666666672656 5.8750000000000009 49.750000000000007 -0.036666666666667506 41.750000000000007 19.066666666666666
decision_type=2 2 2 2 2 2 2 2 2 2
left_child=1 -1 -2 4 7 6 -6 8 -4 -9
right_child=2 -3 3 -5 5 -7 -8 9 -10 -11
leaf_value=0.80486971903901061 -0.24984583920209197 -0.16488165091800494 -0.25811516191828904 0.14254446160976003 -0.36637937088458861 0.13320979353114468 -0.09651495082389136 0.047564712915899407 0.036449077341312204 -0.13697753084170353
leaf_weight=18 19 24 20 26 17 14.999999999999998 72 171 15.999999999999998 23
leaf_count=18 19 24 20 26 17 15 72 171 16 23
internal_value=-0.00307918 0.251532 -0.0313668 -0.0197558 -0.0324439 -0.107707 -0.148472 0.00159868 -0.127321 0.0256009
internal_weight=421 42 379 360 334 104 89 230 36 194
internal_count=421 42 379 360 334 104 89 230 36 194
is_linear=0
shrinkage=0.05


Tree=133
num_leaves=15
num_cat=0
split_feature=113 10 57 119 123 61 108 98 98 99 18 0 18 63
split_gain=965.023 559.177 919.562 485.858 284.216 438.016 265.399 376.682 369.187 244.826 206.754 314.439 169.72 62.8213
threshold=-11.458333333333332 4.5750000000000011 51.650000000000013 0.49166666666666631 -0.013333333333333348 0.19500000000000003 4.5000000000000009 30.950000000000003 26.050000000000004 55.550000000000004 48.800000000000004 1259.5000000000002 49.850000000000009 47.900000000000006
decision_type=2 2 2 2 2 2 2 2 2 2 2 2 2 2
left_child=-1 2 3 -2 9 6 8 -8 -6 10 11 -3 -11 -12
right_child=1 4 -4 -5 5 -7 7 -9 -10 12 13 -13 -14 -15
leaf_value=0.30224991211127411 -0.1818910212971229 -0.080944733532311408 -0.418560528639075 0.20221776291234606 0.11135500263063583 0.24693920146766588 -0.066096976883297034 0.16878169412338812 -0.07503986210980261 -0.31229793939566769 -0.14054973418932667 0.20985070886038948 -0.077415554169912512 -0.017435934954548475
leaf_weight=23 18 19 23 14.999999999999998 34 20 27 46 120 15.000000000000002 30 18 15.999999999999998 15.999999999999998
leaf_count=23 18 19 23 15 34 20 27 46 120 15 30 18 16 16
internal_value=-0.0123122 -0.0297425 -0.176604 -0.00706161 -0.00690417 0.0232214 0.00338849 0.0818688 -0.0338097 -0.0721832 -0.0272444 0.0605729 -0.191868 -0.0979667
internal_weight=440 417 56 33 361 247 227 73 154 114 83 37 31 46
internal_count=440 417 56 33 361 247 227 73 154 114 83 37 31 46
is_linear=0
shrinkage=0.05


Tree=134
num_leaves=13
num_cat=0
split_feature=37 24 31 31 114 111 24 0 100 48 78 113
split_gain=1072.02 3574.03 398.186 465.995 370.997 560.223 444.46 303.918 234.83 111.422 136.831 69.5722
threshold=-6.224999999999997 34.70000000000001 -0.043333333333333439 -0.033333333333333652 1.5000000000000002 -0.40166666666666634 31.400000000000002 1259.5000000000002 0.15500000000000003 6.8350000000000009 0.039166666666666579 6.0833333333333313
decision_type=2 2 2 2 2 2 2 2 2 2 2 2
left_child=1 -1 8 7 -5 -6 -7 -4 -2 10 -10 -12
right_child=2 -3 3 4 5 6 -8 -9 9 -11 11 -13
leaf_value=0.79869542395510862 -0.24506998801317947 -0.15508817331744482 0.028558074224074151 -0.2461258814201592 0.24803339935733246 -0.19373727957964687 0.0068786091653168019 0.34196052666036242 -0.1537670741240118 -0.17423564899734587 0.091312491519288858 -0.045419697422348991
leaf_weight=17 24 23 15.000000000000002 15.999999999999998 21 32 197 15.999999999999998 14.999999999999998 17 19 18
leaf_count=17 24 23 15 16 21 32 197 16 15 17 19 18
internal_value=0.00493863 0.251126 -0.0203564 0.00790803 -0.0134811 0.00148066 -0.0212056 0.191054 -0.110586 -0.0634492 -0.0268697 0.0247162
internal_weight=430 40 390 297 266 250 229 31 93 69 52 37
internal_count=430 40 390 297 266 250 229 31 93 69 52 37
is_linear=0
shrinkage=0.05


Tree=135
num_leaves=10
num_cat=0
split_feature=78 110 111 92 48 43 23 84 6
split_gain=1362.56 387.701 586.1 379.996 463.404 741.731 553.169 299.54 318.19
threshold=-3.7449999999999997 1.5000000000000002 -0.6908333333333333 43.45000000000001 6.8650000000000011 -0.12166666666666658 71.050000000000011 0.012499999999999999 2.5000000000000004
decision_type=2 2 2 2 2 2 2 2 2
left_child=-1 -2 -3 4 5 -4 -6 8 -5
right_child=1 2 3 7 6 -7 -8 -9 -10
leaf_value=0.42206196586811107 -0.20896214142248226 0.30727252431263202 0.18047640680902194 0.077910508259804515 -0.3259624141985209 -0.015513082398729004 0.041483299885939684 -0.22999811360399441 -0.11272936460021853
leaf_weight=19 23 14.999999999999998 75 35 19 135 22 27 58
leaf_count=19 23 15 75 35 19 135 22 27 58
internal_value=0.00927392 -0.00998831 0.00190575 -0.0105066 0.0244678 0.054512 -0.129054 -0.0836625 -0.0409228
internal_weight=428 409 386 371 251 210 41 120 93
internal_count=428 409 386 371 251 210 41 120 93
is_linear=0
shrinkage=0.05


Tree=136
num_leaves=14
num_cat=0
split_feature=78 123 84 43 13 35 102 57 109 14 105 37 21
split_gain=1184.71 360.154 482.401 538.323 573.543 470.559 363.194 285.609 254.552 242.757 264.035 293.115 159.359
threshold=-3.7449999999999997 -0.013333333333333348 -0.026666666666666655 -0.12166666666666658 4.2150000000000007 -2.100000000000001 27.450000000000003 54.600000000000009 -0.0074999999999998393 21.950000000000003 29.300000000000001 10.141666666666671 55.45000000000001
decision_type=2 2 2 2 2 2 2 2 2 2 2 2 2
left_child=-1 6 -3 4 -4 -5 -2 -6 -7 -8 11 -11 -12
right_child=1 2 3 5 7 8 9 -9 -10 10 12 -13 -14
leaf_value=0.39770775339566172 -0.30888091840358994 -0.18527485785174194 0.38417939465513545 -0.2281387126290953 0.14178921610354903 -0.075408183070100748 -0.21025605931952229 -0.059675278701575477 0.066648283111572143 0.22239509898493864 -0.027048438030053242 -0.028862525311161936 -0.24783811612634474
leaf_weight=18 15.999999999999998 27 18 23 50 49 20 27 88 17 18 36 14.999999999999998
leaf_count=18 16 27 18 23 50 49 20 27 88 17 18 36 15
internal_value=0.00194687 -0.0157677 0.0152723 0.0365906 0.130811 -0.0193681 -0.0875106 0.0710952 0.0157854 -0.0537894 -0.0171418 0.0519024 -0.128004
internal_weight=422 404 282 255 95 160 122 77 137 106 86 53 33
internal_count=422 404 282 255 95 160 122 77 137 106 86 53 33
is_linear=0
shrinkage=0.05


Tree=137
num_leaves=12
num_cat=0
split_feature=113 24 94 37 45 26 35 50 27 104 24
split_gain=917.573 555.659 356.597 714.601 627.194 402.389 527.158 356.366 327.429 213.225 158.299
threshold=-11.458333333333332 28.550000000000004 5.4250000000000007 -2.5916666666666663 0.016666666666666653 23.650000000000002 7.7166666666666659 18.850000000000005 14.900000000000002 23.650000000000002 58.900000000000006
decision_type=2 2 2 2 2 2 2 2 2 2 2
left_child=-1 8 4 -4 5 9 -7 -5 -2 -3 -9
right_child=1 2 3 7 -6 6 -8 10 -10 -11 -12
leaf_value=0.29604060972407786 -0.33361465040914617 -0.25778467770439484 -0.31088666343593979 0.20913323748190674 0.3146509105658663 0.18040476351855 -0.018633617040593718 -0.085538155101829577 -0.045709692995521897 -0.033864075670525483 0.04846452862469857
leaf_weight=23 22 18 25 14.999999999999998 18 49 103 82 18 26 30
leaf_count=23 22 18 25 15 18 49 103 82 18 26 30
internal_value=-0.0104725 -0.0279175 -0.00854157 -0.067089 0.0330321 0.00699639 0.0455736 -0.0188512 -0.204619 -0.125958 -0.0495888
internal_weight=429 406 366 152 214 196 152 127 40 44 112
internal_count=429 406 366 152 214 196 152 127 40 44 112
is_linear=0
shrinkage=0.05


Tree=138
num_leaves=11
num_cat=0
split_feature=37 24 78 90 105 44 64 43 31 9
split_gain=1445.05 4823.44 359.955 298.617 288.596 382.992 647.069 214.395 194.649 103.886
threshold=-6.224999999999997 32.45000000000001 -3.7449999999999997 31.100000000000005 30.900000000000002 2.5000000000000004 38.250000000000007 0.24250000000000019 -1.0000000180025095e-35 6.7950000000000008
decision_type=2 2 2 2 2 2 2 2 2 2
left_child=1 -1 -2 -4 5 7 -7 -5 9 -6
right_child=2 -3 3 4 8 6 -8 -9 -10 -11
leaf_value=0.98364320812339823 -0.254625890269783 -0.21248887579166453 -0.17956276438625685 -0.07419106415588074 -0.096304617825261785 0.003429506502470989 0.24619594567815939 0.045663455013948445 -0.21315869320006597 0.067664334335312326
leaf_weight=14.999999999999998 15.999999999999998 19 25 101 24 79 42 59 23 15.999999999999998
leaf_count=15 16 19 25 101 24 79 42 59 23 16
internal_value=0.00442992 0.316407 -0.0231833 -0.0130681 -0.000904953 0.0207724 0.0878705 -0.0299626 -0.0975517 -0.0305872
internal_weight=419 34 385 369 344 281 121 160 63 40
internal_count=419 34 385 369 344 281 121 160 63 40
is_linear=0
shrinkage=0.05


Tree=139
num_leaves=10
num_cat=0
split_feature=37 25 90 78 41 53 23 60 59
split_gain=1047.42 3327.87 433.655 339.212 284.802 597.924 398.644 318.44 220.822
threshold=-6.224999999999997 36.500000000000007 31.100000000000005 -3.7449999999999997 0.16000000000000061 11.850000000000001 62.20000000000001 54.850000000000001 26.400000000000002
decision_type=2 2 2 2 2 2 2 2 2
left_child=1 -1 -2 -4 5 -5 -6 -7 -8
right_child=2 -3 3 4 6 7 8 -9 -10
leaf_value=0.65138215044370051 -0.22722896564574468 -0.31189085462235466 -0.22124645164486956 0.32049668072336945 0.12935021866346638 0.058876149194964381 -0.22565875551684411 -0.092683818948211955 -0.051255427693693428
leaf_weight=22 23 14.999999999999998 17 18 27 131 22 47 103
leaf_count=22 23 15 17 18 27 131 22 47 103
internal_value=0.00712029 0.260943 -0.0171326 -0.00382134 0.00684614 0.0466815 -0.0444846 0.0187999 -0.0821462
internal_weight=425 37 388 365 348 196 152 178 125
internal_count=425 37 388 365 348 196 152 178 125
is_linear=0
shrinkage=0.05


Tree=140
num_leaves=8
num_cat=0
split_feature=67 74 64 78 95 110 33
split_gain=1010.59 653.171 546.344 450.944 361.93 381.92 380.98
threshold=29.000000000000004 -13.308333333333335 9.7500000000000018 -3.7449999999999997 24.450000000000003 1.5000000000000002 0.29250000000000048
decision_type=2 2 2 2 2 2 2
left_child=1 -1 -3 -4 6 -6 -5
right_child=-2 2 3 4 5 -7 -8
leaf_value=0.27672238724501752 0.31659765280628599 -0.32543272910429949 -0.26926088745308202 -0.33963218872120843 -0.20771685726734815 0.029223215623637139 -0.041270256601776079
leaf_weight=18 24 14.999999999999998 17 14.999999999999998 18 281 37
leaf_count=18 24 15 17 15 18 281 37
internal_value=0.00211875 -0.0167647 -0.0306395 -0.0185248 -0.00629337 0.0148779 -0.127919
internal_weight=425 401 383 368 351 299 52
internal_count=425 401 383 368 351 299 52
is_linear=0
shrinkage=0.05


Tree=141
num_leaves=8
num_cat=0
split_feature=35 114 51 29 115 12 99
split_gain=956.262 622.542 452.025 1462.26 413.296 441.641 347.388
threshold=-11.791666666666663 1.5000000000000002 33.100000000000001 52.500000000000007 -7.6583333333333306 38.650000000000006 63.000000000000007
decision_type=2 2 2 2 2 2 2
left_child=-1 -2 3 -3 -4 -6 -7
right_child=1 2 4 -5 5 6 -8
leaf_value=0.39051819881856054 -0.2417948378999038 0.54457210456298677 0.2111401237898472 -0.10666930108743521 -0.22548342743189115 0.0019371809207839744 -0.22380453420607427
leaf_weight=14.999999999999998 28 14.999999999999998 19 20 26 291 18
leaf_count=15 28 15 19 20 26 291 18
internal_value=-0.000353886 -0.0145163 0.00188819 0.173048 -0.0150644 -0.027968 -0.0112648
internal_weight=432 417 389 35 354 335 309
internal_count=432 417 389 35 354 335 309
is_linear=0
shrinkage=0.05


Tree=142
num_leaves=16
num_cat=0
split_feature=31 56 31 16 39 22 35 31 111 95 27 26 77 123 84
split_gain=1340.86 4601.94 405.261 480.077 780.933 684.227 380.159 297.541 270.069 265.776 310.824 265.391 109.921 99.8722 90.0173
threshold=0.034999999999999705 38.750000000000007 -0.042500000000000419 5.0050000000000008 0.73083333333333311 0.16500000000000004 -3.0166666666666706 -0.034999999999999691 0.5075000000000004 25.450000000000003 19.100000000000005 28.250000000000004 1.5000000000000002 -0.0083333333333333436 1.0000000180025095e-35
decision_type=2 2 2 2 2 2 2 2 2 2 2 2 2 2 2
left_child=2 11 6 4 5 -4 -1 -5 -6 -9 -11 -2 -8 -14 -15
right_child=1 -3 3 7 8 -7 12 9 -10 10 -12 -13 13 14 -16
leaf_value=-0.34060136557414838 -0.22076904423880267 0.97889033851047236 0.051300992950889628 0.14776723853736648 -0.14658510251478715 0.50083178730877065 -0.18944250137909599 -0.2263552378986684 0.10081819295176962 -0.11644164128155227 0.035497448950342 0.053742033004831359 -0.12150049900563163 -0.055217351488235214 0.081858598791960016
leaf_weight=14.999999999999998 14.999999999999998 14.999999999999998 15.999999999999998 19 23 18 15.999999999999998 21 21 63 72 21 28 32 19
leaf_count=15 15 15 16 19 23 18 16 21 21 63 72 21 28 32 19
internal_value=0.00640099 0.246215 -0.0273367 0.00748837 0.110591 0.290205 -0.107414 -0.0384743 -0.028432 -0.0612697 -0.0354042 -0.0607938 -0.0702226 -0.0458046 -0.00399174
internal_weight=414 51 363 253 78 34 110 175 44 156 135 36 95 79 51
internal_count=414 51 363 253 78 34 110 175 44 156 135 36 95 79 51
is_linear=0
shrinkage=0.05


Tree=143
num_leaves=11
num_cat=0
split_feature=13 67 29 23 67 30 50 117 56 90
split_gain=1193.66 3166.96 409.976 289.748 514.3 322.516 321.643 311.919 278.974 193.13
threshold=3.5500000000000003 8.0000000000000018 57.500000000000007 53.550000000000004 5.2500000000000009 3.5000000000000004 19.900000000000002 -0.54999999999999882 41.000000000000007 67.350000000000009
decision_type=2 2 2 2 2 2 2 2 2 2
left_child=1 -1 3 4 -2 6 -5 -7 -9 -8
right_child=2 -3 -4 5 -6 7 9 8 -10 -11
leaf_value=-0.10535090534924613 0.33114892288764813 0.71680359749160516 -0.20695700834655681 -0.18082656914887218 -0.068565656938908245 -0.28718259311512689 0.010243210491899812 -0.016175732000354947 -0.25326467259040736 0.16176599026406457
leaf_weight=28 15.999999999999998 20 29 20 15.999999999999998 18 166 70 14.999999999999998 24
leaf_count=28 16 20 29 20 16 18 166 70 15 24
internal_value=0.00341544 0.237888 -0.0267194 -0.0114989 0.131545 -0.0261765 0.00935432 -0.0986054 -0.0583222 0.0294843
internal_weight=422 48 374 345 32 313 210 103 85 190
internal_count=422 48 374 345 32 313 210 103 85 190
is_linear=0
shrinkage=0.05


Tree=144
num_leaves=9
num_cat=0
split_feature=78 23 90 31 24 23 4 25
split_gain=788.362 515.969 407.739 323.344 524.205 218.153 217.052 237.132
threshold=-3.7449999999999997 45.45000000000001 32.350000000000009 0.018333333333333982 58.900000000000006 74.65000000000002 1.5000000000000002 25.450000000000003
decision_type=2 2 2 2 2 2 2 2
left_child=-1 -2 -3 6 5 -5 -4 -8
right_child=1 2 3 4 -6 -7 7 -9
leaf_value=0.30417159891395429 -0.22332998568265042 0.19774370524893164 -0.13952637620910799 -0.064258619613977733 0.10292675185072071 -0.26421265993649662 0.13541207051187978 0.002892461181027769
leaf_weight=20 28 24 22 23 22 34 40 214
leaf_count=20 28 24 22 23 22 34 40 214
internal_value=-0.00149772 -0.0166016 -0.00126076 -0.0147806 -0.103911 -0.183871 0.0107416 0.0238264
internal_weight=427 407 379 355 79 57 276 254
internal_count=427 407 379 355 79 57 276 254
is_linear=0
shrinkage=0.05


Tree=145
num_leaves=14
num_cat=0
split_feature=37 87 113 78 61 107 45 28 58 102 108 62 25
split_gain=1041.9 2920 469.54 312.84 277.045 699.785 257.404 355.436 548.527 288.199 235.133 200.363 140.921
threshold=-4.8333333333333313 6.8250000000000011 4.1416666666666648 -3.7449999999999997 0.19500000000000003 53.500000000000007 -0.010000000000000021 8.4500000000000011 4.9150000000000009 27.450000000000003 4.5000000000000009 64.500000000000014 28.850000000000005
decision_type=2 2 2 2 2 2 2 2 2 2 2 2 2
left_child=1 2 -1 -2 6 -6 9 8 -8 11 -9 -5 -11
right_child=3 -3 -4 4 5 -7 7 10 -10 12 -12 -13 -14
leaf_value=0.13746487911768823 -0.22374424172040508 0.77615185228193762 -0.23873499471156265 -0.32744544474234494 -0.070967601218494755 0.36675286022772702 0.36535148340345225 -0.10677406648615964 0.029644398595517863 0.094190399315805057 0.065877702883428729 -0.091909086803124415 -0.058235445460774783
leaf_weight=17 18 15.999999999999998 15.999999999999998 15.999999999999998 21 15.999999999999998 14.999999999999998 61 63 18 29 21 93
leaf_count=17 18 16 16 16 21 16 15 61 63 18 29 21 93
internal_value=0.00763647 0.224095 -0.0449542 -0.0209916 -0.0105783 0.118661 -0.0257593 0.0165706 0.0946526 -0.0738219 -0.051075 -0.194505 -0.0334102
internal_weight=420 49 33 371 353 37 316 168 78 148 90 37 111
internal_count=420 49 33 371 353 37 316 168 78 148 90 37 111
is_linear=0
shrinkage=0.05


Tree=146
num_leaves=15
num_cat=0
split_feature=53 24 99 90 97 33 33 14 23 116 121 27 84 119
split_gain=899.569 3206.61 411.524 354.602 370.237 930.501 668.721 604.241 222.28 211.394 169.656 161.227 157.146 48.3119
threshold=11.850000000000001 34.70000000000001 43.100000000000009 31.100000000000005 5.205000000000001 -0.45250000000000007 0.13083333333333338 29.100000000000005 55.300000000000004 4.5000000000000009 0.27083333333333354 13.700000000000001 0.0083333333333333193 0.18249999999999969
decision_type=2 2 2 2 2 2 2 2 2 2 2 2 2 2
left_child=1 -1 -3 -2 5 -5 7 -6 -7 12 -11 -10 -8 -4
right_child=3 2 13 4 6 8 9 -9 11 10 -12 -13 -14 -15
leaf_value=0.75274373815770723 -0.23616555155171037 0.17179802961104754 -0.086690451089519158 -0.42884206550075998 0.40791150231636009 0.13664954593462972 -0.013385610217020148 0.018937630238126238 -0.19049834126782655 -0.011964342308747412 -0.17885858441232871 -0.035753429480354273 0.15189261025900302 -0.20954412762692431
leaf_weight=17 21 14.999999999999998 18 17 19 15.999999999999998 58 21 20 30 31 105 19 14.999999999999998
leaf_count=17 21 15 18 17 19 16 58 21 20 30 31 105 19 15
internal_value=-0.0061326 0.16479 -0.0444712 -0.0373045 -0.0247942 -0.080486 0.0246295 0.204381 -0.0381761 -0.0275466 -0.0970152 -0.0606851 0.0274766 -0.143148
internal_weight=422 65 48 357 336 158 178 40 141 138 61 125 77 33
internal_count=422 65 48 357 336 158 178 40 141 138 61 125 77 33
is_linear=0
shrinkage=0.05


Tree=147
num_leaves=13
num_cat=0
split_feature=37 106 19 102 76 12 113 12 6 111 31 23
split_gain=827.813 3257.29 281.328 477.329 305.165 341.313 790.422 508.287 294.469 241.986 222.762 27.7771
threshold=-6.224999999999997 5.2500000000000009 4.4650000000000007 47.900000000000006 18.841666666666672 58.800000000000004 -5.8416666666666677 53.850000000000001 1.0000000180025095e-35 0.43166666666666714 0.016666666666667055 69.65000000000002
decision_type=2 2 2 2 2 2 2 2 2 2 2 2
left_child=1 -1 3 -2 5 6 -4 -8 -7 -6 -10 -11
right_child=2 -3 4 -5 9 8 7 -9 10 11 -12 -13
leaf_value=0.79974032048358046 -0.28311710225348652 -0.13699823755817295 0.40328300904413195 0.068589355616095637 -0.27119450949088869 0.17050648795799439 -0.036406269991720051 0.18747695782260554 -0.024377115206369551 -0.083063796586942962 -0.17868387581927772 0.012683413335621752
leaf_weight=14.999999999999998 24 24 15.999999999999998 15.999999999999998 17 15.999999999999998 85 36 120 15.000000000000002 29 14.999999999999998
leaf_count=15 24 24 16 16 17 16 85 36 120 15 29 15
internal_value=0.00496562 0.224282 -0.0170615 -0.14249 -0.00263479 0.0158072 0.0741255 0.0302621 -0.0325999 -0.121023 -0.0545432 -0.035141
internal_weight=428 39 389 40 349 302 137 121 165 47 149 30
internal_count=428 39 389 40 349 302 137 121 165 47 149 30
is_linear=0
shrinkage=0.05


Tree=148
num_leaves=8
num_cat=0
split_feature=37 94 89 78 24 61 23
split_gain=1090.09 2980.18 448.376 254.448 248.536 275.847 271.912
threshold=-6.224999999999997 5.5050000000000008 16.800000000000001 -3.7449999999999997 26.800000000000001 0.19500000000000003 54.150000000000006
decision_type=2 2 2 2 2 2 2
left_child=1 -1 -2 -4 -5 6 -6
right_child=2 -3 3 4 5 -7 -8
leaf_value=0.66992962247696675 -0.21899017608033777 -0.24325991184074686 -0.19090400852715772 -0.16488152006508616 0.16676870452332823 0.16193654938630786 -0.015520639182957076
leaf_weight=20 27 15.999999999999998 18 21 22 28 275
leaf_count=20 27 16 18 21 22 28 275
internal_value=0.0014783 0.26438 -0.0227761 -0.00815184 0.00139346 0.0122002 -0.00194931
internal_weight=427 36 391 364 346 325 297
internal_count=427 36 391 364 346 325 297
is_linear=0
shrinkage=0.05


Tree=149
num_leaves=11
num_cat=0
split_feature=31 80 35 78 53 20 102 18 51 33
split_gain=1063.23 4042.93 584.279 400.276 311.171 516.156 335.479 310.139 257.2 239.98
threshold=0.034999999999999705 0.36749999999999977 -11.100000000000003 -3.7449999999999997 13.400000000000002 35.050000000000004 27.450000000000003 48.550000000000004 41.350000000000009 0.92083333333333395
decision_type=2 2 2 2 2 2 2 2 2 2
left_child=2 9 -1 -4 5 -5 8 -8 -6 -2
right_child=1 -3 3 4 6 -7 7 -9 -10 -11
leaf_value=-0.30874332548582067 -0.20265755922178538 0.90502623244626634 -0.26159849879362729 -0.015749121540452379 -0.27370661462398721 0.34049174004828026 0.088261955072285195 -0.030656147384490014 -0.051181844616458361 0.062654019124019217
leaf_weight=17 18 14.999999999999998 14.999999999999998 25 19 17 83 161 41 15.999999999999998
leaf_count=17 18 15 15 25 19 17 83 161 41 16
internal_value=0.00526452 0.224165 -0.0231501 -0.00960548 0.00137706 0.128791 -0.0162463 0.00979461 -0.122069 -0.0778408
internal_weight=427 49 378 361 346 42 304 244 60 34
internal_count=427 49 378 361 346 42 304 244 60 34
is_linear=0
shrinkage=0.05


Tree=150
num_leaves=7
num_cat=0
split_feature=24 45 45 37 31 47
split_gain=832.656 377.005 387.179 377.186 262.591 287.47
threshold=21.950000000000003 0.022499999999999996 0.016666666666666653 -8.4000000000000075 0.042499999999999545 1.5000000000000002
decision_type=2 2 2 2 2 2
left_child=-1 2 3 -2 5 -5
right_child=1 -3 -4 4 -6 -7
leaf_value=0.32493516002570727 -0.26675767242316384 -0.24473896374030668 0.22134477364563804 0.03301025319297738 -0.16743943378982318 -0.06648167972603708
leaf_weight=18 14.999999999999998 18 17 221 25 108
leaf_count=18 15 18 17 221 25 108
internal_value=-0.00682854 -0.0216992 -0.0112248 -0.02201 -0.0115528 0.000324817
internal_weight=422 404 386 369 354 329
internal_count=422 404 386 369 354 329
is_linear=0
shrinkage=0.05


Tree=151
num_leaves=14
num_cat=0
split_feature=113 123 72 14 96 56 9 9 6 24 41 100 33
split_gain=991.556 415.069 652.584 610.404 405.533 537.003 619.44 373.066 221.135 185.701 184.567 104.41 104.357
threshold=-12.066666666666666 -0.013333333333333348 -0.94499999999999973 21.950000000000003 54.600000000000009 36.050000000000004 6.8250000000000011 6.8650000000000011 1.5000000000000002 58.900000000000006 0.33083333333333315 0.14500000000000005 0.74750000000000016
decision_type=2 2 2 2 2 2 2 2 2 2 2 2 2
left_child=-1 3 -3 -2 5 8 -7 10 -4 11 -6 -5 -13
right_child=1 2 4 9 7 6 -8 -9 -10 -11 -12 12 -14
leaf_value=0.36103416220259271 -0.32742865282348743 0.33459511080892479 -0.10199117255575102 -0.0020431083512021248 -0.077332822367571497 0.069680013357177203 0.44350809518075152 -0.29610943504941395 0.036916276152473754 0.076187164380968328 0.10691310641688037 -0.22208099291963471 -0.062292842615851773
leaf_weight=18 23 14.999999999999998 47 25 66 42 14.999999999999998 17 73 25 17 18 24
leaf_count=18 23 15 47 25 66 42 15 17 73 25 17 18 24
internal_value=-0.00106579 -0.0171771 0.0145009 -0.0975978 -0.00292912 0.04252 0.168748 -0.0833862 -0.0174871 -0.0397927 -0.0394523 -0.0831923 -0.131257
internal_weight=425 407 292 115 277 177 57 100 120 92 83 67 42
internal_count=425 407 292 115 277 177 57 100 120 92 83 67 42
is_linear=0
shrinkage=0.05


Tree=152
num_leaves=14
num_cat=0
split_feature=78 60 47 115 90 49 45 86 63 98 93 37 123
split_gain=1501.04 259.192 349.013 606.911 470.766 327.871 292.694 342.305 231.543 213.841 275.216 193.201 67.3878
threshold=-3.7449999999999997 39.300000000000004 1.5000000000000002 -9.1666666666666661 32.350000000000009 4.8550000000000013 -0.028333333333333332 1.5000000000000002 46.650000000000013 35.150000000000013 37.800000000000004 5.9749999999999988 0.00083333333333333881
decision_type=2 2 2 2 2 2 2 2 2 2 2 2 2
left_child=-1 5 4 -4 -3 -2 12 -8 -7 10 -5 -11 -6
right_child=1 2 3 9 6 8 7 -9 -10 11 -12 -13 -14
leaf_value=0.47682995009496348 -0.30016447904775712 0.30394701322182915 -0.36676288606315266 0.21036306485435033 -0.18186976840982888 0.11341130966274374 -0.0046542952120479297 0.13859726049241528 -0.1591016270544218 -0.23690010059566402 -0.029208278932356998 0.0025238096516653403 -0.039436394538705719
leaf_weight=15.999999999999998 17 14.999999999999998 14.999999999999998 14.999999999999998 19 15.000000000000002 136 60 15.999999999999998 19 58 14.999999999999998 14.999999999999998
leaf_count=16 17 15 15 15 19 15 136 60 16 19 58 15 15
internal_value=0.00313488 -0.0152265 -0.000908954 -0.0699862 0.0334828 -0.124363 0.0156977 0.039221 -0.0271391 -0.0280318 0.0201707 -0.131428 -0.119478
internal_weight=431 415 367 122 245 48 230 196 31 107 73 34 34
internal_count=431 415 367 122 245 48 230 196 31 107 73 34 34
is_linear=0
shrinkage=0.05


Tree=153
num_leaves=11
num_cat=0
split_feature=78 33 45 52 28 87 115 37 113 92
split_gain=909.288 438.281 234.583 424.283 323.459 666 299.22 158.682 107.517 78.2296
threshold=-3.7449999999999997 -0.61249999999999971 -0.010000000000000021 3.3650000000000007 5.7000000000000002 6.8350000000000009 -4.8916666666666684 4.5916666666666766 -9.9999999999999982 44.550000000000004
decision_type=2 2 2 2 2 2 2 2 2 2
left_child=-1 -2 7 -4 5 -5 -6 -3 -9 -10
right_child=1 2 3 4 6 -7 -8 8 9 -11
leaf_value=0.32774172032353888 -0.219119271882383 -0.15517618187911997 0.25654725994115102 -0.022271961548097047 -0.23522496341918564 0.32446077045356664 -0.0056122099439443705 -0.15204816748764341 0.012328677411055929 -0.073005787829424171
leaf_weight=20 25 28 19 37 15.999999999999998 22 120 14.999999999999998 97 37
leaf_count=20 25 28 19 37 16 22 120 15 97 37
internal_value=-0.000703659 -0.0165813 -0.00356579 0.0316357 0.00957532 0.107264 -0.0328152 -0.0461478 -0.0255354 -0.0112334
internal_weight=436 416 391 214 195 59 136 177 149 134
internal_count=436 416 391 214 195 59 136 177 149 134
is_linear=0
shrinkage=0.05


Tree=154
num_leaves=11
num_cat=0
split_feature=24 14 78 110 28 45 110 35 61 23
split_gain=820.792 2752.6 310.367 239.4 239.585 675.648 773.758 485.349 242.449 161.426
threshold=26.800000000000001 23.400000000000002 -3.7449999999999997 1.5000000000000002 9.3000000000000025 -0.0075000000000000058 3.5000000000000004 -2.5416666666666639 0.19500000000000003 65.350000000000009
decision_type=2 2 2 2 2 2 2 2 2 2
left_child=1 -1 -2 -4 5 9 -7 -6 -9 -5
right_child=2 -3 3 4 7 6 -8 8 -10 -11
leaf_value=0.74230066610882617 -0.21641087569491402 -0.15125888588268366 -0.16560450078863087 -0.19304774650552656 -0.29811193843065581 0.38551601976527222 0.044567768427228316 -0.030063875899542764 0.16747965108581453 -0.019054739198345806
leaf_weight=14.999999999999998 19 20 23 18 15.999999999999998 24 54 169 17 51
leaf_count=15 19 20 23 18 16 24 54 169 17 51
internal_value=0.000948637 0.232577 -0.0198267 -0.00971721 0.000586334 0.0491447 0.149898 -0.0347328 -0.0119017 -0.0647303
internal_weight=426 35 391 372 349 147 78 202 186 69
internal_count=426 35 391 372 349 147 78 202 186 69
is_linear=0
shrinkage=0.05


Tree=155
num_leaves=13
num_cat=0
split_feature=113 123 72 24 66 33 119 80 31 4 70 27
split_gain=764.3 438.654 820.776 392.298 286.678 372.202 272.019 744.007 270.779 171.506 182.276 185.567
threshold=-12.066666666666666 -0.013333333333333348 -0.94499999999999973 31.400000000000002 8.5000000000000018 0.56666666666666698 -0.22500000000000006 0.044166666666665584 0.037499999999999652 8.5000000000000018 -0.050833333333333279 19.100000000000005
decision_type=2 2 2 2 2 2 2 2 2 2 2 2
left_child=-1 3 -3 -2 5 -4 7 -6 -8 10 -5 -12
right_child=1 2 4 9 6 -7 8 -9 -10 -11 11 -13
leaf_value=0.29858665092667541 -0.32569923396945372 0.37541976983578795 -0.31335881739299487 0.10683270109261517 -0.086052544052709415 0.0059248970159422164 0.0059066326547694463 0.25166833817637513 -0.19338282309277521 -0.18579075214415117 -0.16370182060908617 0.0021240359882910057
leaf_weight=20 15.999999999999998 14.999999999999998 15.999999999999998 19 29 21 158 37 19 22 29 40
leaf_count=20 16 15 16 19 29 21 158 37 19 22 29 40
internal_value=-0.00261713 -0.0170055 0.0163394 -0.0950656 -0.00300631 -0.132481 0.0167338 0.103294 -0.0155549 -0.0612082 -0.0298302 -0.0676346
internal_weight=441 421 295 126 280 37 243 66 177 110 88 69
internal_count=441 421 295 126 280 37 243 66 177 110 88 69
is_linear=0
shrinkage=0.05


Tree=156
num_leaves=10
num_cat=0
split_feature=33 99 25 78 24 35 104 37 58
split_gain=911.226 363.522 310.439 325.865 261.907 232.094 389.255 218.525 119.152
threshold=-0.84833333333333349 63.550000000000004 22.900000000000002 -3.5741666666666663 31.400000000000002 7.7166666666666659 19.000000000000004 9.3583333333333325 5.3750000000000009
decision_type=2 2 2 2 2 2 2 2 2
left_child=-1 2 4 -4 -2 6 -5 -7 -6
right_child=1 -3 3 5 8 7 -8 -9 -10
leaf_value=0.37085402037786402 -0.29880497476510837 0.17217133415647712 -0.23426134053445025 0.22720723159868142 -0.15168798070466308 -0.19686817726048317 0.01216346196946368 -0.01454624416451924 0.034890414051145145
leaf_weight=15.999999999999998 17 25 14.999999999999998 26 17 18 109 180 17
leaf_count=16 17 25 15 26 17 18 109 180 17
internal_value=0.00162952 -0.0123759 -0.0239917 -0.0070764 -0.139076 0.0032094 0.0537538 -0.0312372 -0.0584234
internal_weight=440 424 399 348 51 333 135 198 34
internal_count=440 424 399 348 51 333 135 198 34
is_linear=0
shrinkage=0.05


Tree=157
num_leaves=9
num_cat=0
split_feature=33 97 25 78 0 53 52 113
split_gain=1165.57 518.96 366.139 228.387 213.293 202.444 259.34 247.64
threshold=-0.77666666666666628 6.330000000000001 21.050000000000004 -3.7449999999999997 1790.0000000000002 40.750000000000007 5.9850000000000003 -3.2000000000000024
decision_type=2 2 2 2 2 2 2 2
left_child=-1 2 4 -4 -2 6 -5 -7
right_child=1 -3 3 5 -6 7 -8 -9
leaf_value=0.42796426424236034 -0.049420507019164998 0.28193233707882714 -0.19082992724235484 0.021399271346085436 -0.28094403152573483 -0.20984188602232809 0.23611436545454115 -0.01311498704910519
leaf_weight=15.999999999999998 21 14.999999999999998 14.999999999999998 207 19 19 14.999999999999998 99
leaf_count=16 21 15 15 207 19 19 15 99
internal_value=0.0106466 -0.00572718 -0.0167322 -0.000540949 -0.159945 0.00789309 0.0360293 -0.0449845
internal_weight=426 410 395 355 40 340 222 118
internal_count=426 410 395 355 40 340 222 118
is_linear=0
shrinkage=0.05


Tree=158
num_leaves=7
num_cat=0
split_feature=103 33 45 78 30 58
split_gain=758.19 567.651 577.121 204.513 216.38 178.272
threshold=10.550000000000002 -0.61249999999999971 0.019166666666666669 -3.5741666666666663 5.5000000000000009 6.6950000000000012
decision_type=2 2 2 2 2 2
left_child=-1 -2 3 -3 5 -5
right_child=1 2 -4 4 -6 -7
leaf_value=0.27267630124982462 -0.25132136161582103 -0.1801272394248794 0.24689246497003203 0.01259704724782215 -0.14327276035098574 -0.15816490697379437
leaf_weight=24 24 18 22 301 27 15.999999999999998
leaf_count=24 24 18 22 301 27 16
internal_value=0.000149268 -0.0159324 -0.00114594 -0.0162979 -0.00766107 0.00391522
internal_weight=432 408 384 362 344 317
internal_count=432 408 384 362 344 317
is_linear=0
shrinkage=0.05


Tree=159
num_leaves=14
num_cat=0
split_feature=33 57 76 48 12 64 12 19 41 111 70 72 80
split_gain=365.013 235.324 246.488 260.52 521.015 461.341 350.954 269.017 157.213 150.346 105.268 72.1565 49.2601
threshold=-0.61249999999999971 61.850000000000001 14.800000000000002 6.8650000000000011 56.800000000000004 43.100000000000001 52.650000000000013 5.5150000000000006 -0.24083333333333276 0.13500000000000026 0.009166666666666325 1.4008333333333332 -0.17083333333333292
decision_type=2 2 2 2 2 2 2 2 2 2 2 2 2
left_child=-1 2 3 4 5 -2 -5 -6 -3 -4 -8 -11 -13
right_child=1 8 9 6 7 -7 10 -9 -10 11 -12 12 -14
leaf_value=-0.19656859196969945 0.089357750885062967 -0.25055178435432995 -0.2161840493315893 -0.26126881682733349 0.038302139166378271 0.38405988867978874 0.1155977926901634 -0.10485154658912899 -0.04234393744435145 -0.099870046101702969 -0.068123342161593214 -0.052537733473762949 0.069281191574899759
leaf_weight=27 77 14.999999999999998 14.999999999999998 17 95 15.999999999999998 15.000000000000002 50 23 27 15.999999999999998 15.999999999999998 17
leaf_count=27 77 15 15 17 95 16 15 50 23 27 16 16 17
internal_value=-0.0189912 -0.00691586 0.00554239 0.0267157 0.0481618 0.140471 -0.0793962 -0.011065 -0.125104 -0.07506 0.0206991 -0.0393948 0.0100861
internal_weight=426 399 361 286 238 93 48 145 38 75 31 60 33
internal_count=426 399 361 286 238 93 48 145 38 75 31 60 33
is_linear=0
shrinkage=0.05


Tree=160
num_leaves=7
num_cat=0
split_feature=103 37 51 43 51 66
split_gain=1024.74 471.11 511.786 281.939 224.257 173.43
threshold=10.550000000000002 -8.9999999999999982 32.45000000000001 -0.70583333333333298 69.450000000000017 8.5000000000000018
decision_type=2 2 2 2 2 2
left_child=-1 -2 -3 -4 5 -5
right_child=1 2 3 4 -6 -7
leaf_value=0.32290488023238328 -0.26193171172397922 0.21075653898051061 -0.17198676669336474 -0.1197441030036458 0.13403908478251966 -0.0068248047612434071
leaf_weight=23 19 25 29 39 25 262
leaf_count=23 19 25 29 39 25 262
internal_value=-0.000864756 -0.0196169 -0.00742231 -0.0228561 -0.0095259 -0.0215071
internal_weight=422 399 380 355 326 301
internal_count=422 399 380 355 326 301
is_linear=0
shrinkage=0.05


Tree=161
num_leaves=12
num_cat=0
split_feature=31 34 115 12 83 4 62 49 72 50 80
split_gain=813.936 3468.96 409.67 424.74 495.432 293.394 210.135 192.734 156.3 142.228 72.285
threshold=0.034999999999999705 3.5000000000000004 -10.858333333333329 38.650000000000006 2.5000000000000004 6.5000000000000009 61.300000000000004 4.5250000000000012 -0.13499999999999931 30.850000000000005 -0.084166666666666487
decision_type=2 2 2 2 2 2 2 2 2 2 2
left_child=2 -2 -1 4 -4 -3 8 -8 10 -9 -5
right_child=1 5 3 6 -6 -7 7 9 -10 -11 -12
leaf_value=-0.21855747201445605 0.8190115185762874 0.085819204568122476 0.010794711454298484 -0.047721035265369922 -0.34500587711583325 -0.19476641570365405 0.19783760330497924 -0.098912496538276218 0.018630864785303708 0.027298009170942689 -0.18637985463800102
leaf_weight=27 14.999999999999998 15.999999999999998 19 14.999999999999998 20 22 14.999999999999998 25 27 201 26
leaf_count=27 15 16 19 15 20 22 15 25 27 201 26
internal_value=-0.0053442 0.177861 -0.0312911 -0.0166888 -0.171955 -0.0765787 0.00294102 0.0248622 -0.0745992 0.013277 -0.136012
internal_weight=428 53 375 348 39 38 309 241 68 226 41
internal_count=428 53 375 348 39 38 309 241 68 226 41
is_linear=0
shrinkage=0.05


Tree=162
num_leaves=14
num_cat=0
split_feature=31 28 33 102 105 37 33 31 41 16 26 74 96
split_gain=731.361 3383.22 488.01 349.057 219.714 455.01 201.954 187.47 281.378 186.338 162.869 95.134 87.6991
threshold=0.034999999999999705 5.5500000000000007 -0.61249999999999971 21.550000000000001 9.7500000000000018 8.9000000000000075 0.92083333333333395 -0.042500000000000419 -0.35499999999999993 5.3950000000000005 26.200000000000006 -1.6333333333333309 47.45000000000001
decision_type=2 2 2 2 2 2 2 2 2 2 2 2 2
left_child=2 -2 -1 9 5 -5 -3 11 -9 10 -4 -6 -7
right_child=1 6 3 4 7 12 -8 8 -10 -11 -12 -13 -14
leaf_value=-0.23029188908279163 0.72730180306658554 -0.21798298992494597 -0.32471923291288468 0.32327330753855082 -0.17081494042232856 -0.06519935497532213 0.024036929207477745 0.14388807377117313 -0.013965763960364565 0 -0.097666216386776208 -0.042725960506988327 0.080712963040406094
leaf_weight=27 18 20 14.999999999999998 15.999999999999998 20 20 14.999999999999998 35 144 17 17 53 21
leaf_count=27 18 20 15 16 20 20 15 35 144 17 17 53 21
internal_value=-0.00170945 0.172235 -0.0257065 -0.0102029 0.00945685 0.0980252 -0.114345 -0.0105876 0.0169347 -0.134048 -0.204933 -0.0780729 0.00942911
internal_weight=438 53 385 358 309 57 35 252 179 49 32 73 41
internal_count=438 53 385 358 309 57 35 252 179 49 32 73 41
is_linear=0
shrinkage=0.05


Tree=163
num_leaves=10
num_cat=0
split_feature=113 11 3 23 76 109 61 74 99
split_gain=615.604 344.457 684.386 682.201 339.771 281.408 238.078 329.985 188.787
threshold=-12.066666666666666 23.600000000000005 2.5000000000000004 51.20000000000001 -14.383333333333328 0.0050000000000003384 0.19500000000000003 -2.1333333333333342 63.000000000000007
decision_type=2 2 2 2 2 2 2 2 2
left_child=-1 2 -2 -3 -5 -4 8 -8 -6
right_child=1 3 5 4 6 -7 7 -9 -10
leaf_value=0.28861079696792269 0.15681065547939957 0.30731657936098827 -0.11070582091215238 -0.23183723754764346 -0.00060756428102994779 -0.38407361151763753 0.30250054388646253 -0.028157112693155052 -0.17657891867323691
leaf_weight=18 14.999999999999998 18 20 15.999999999999998 287 18 15.000000000000002 14.999999999999998 15.999999999999998
leaf_count=18 15 18 20 16 287 18 15 15 16
internal_value=0.00309258 -0.0091978 -0.128231 0.00800895 -0.00749741 -0.240995 0.00333303 0.137461 -0.00997147
internal_weight=438 420 53 367 349 38 333 30 303
internal_count=438 420 53 367 349 38 333 30 303
is_linear=0
shrinkage=0.05


Tree=164
num_leaves=10
num_cat=0
split_feature=113 33 64 37 26 116 61 121 67
split_gain=1210.59 547.282 922.443 611.349 168.527 209.138 308.951 212.618 107.04
threshold=-11.458333333333332 -0.34333333333333277 26.500000000000004 -4.4583333333333313 15.350000000000003 4.5000000000000009 0.19500000000000003 0.23249999999999951 6.9000000000000012
decision_type=2 2 2 2 2 2 2 2 2
left_child=-1 2 -2 -3 8 6 -6 -7 -5
right_child=1 3 -4 4 5 7 -8 -9 -10
leaf_value=0.42614683497766531 -0.46945820546638201 0.31608249980290209 -0.006244364062714617 -0.20951418169536939 0.0125174345199185 -0.0023961565936112417 0.20544463178428873 -0.13206548158847572 -0.02328783784875807
leaf_weight=15.999999999999998 17 14.999999999999998 29 16.000000000000004 150 106 24 45 14.999999999999998
leaf_count=16 17 15 29 16 150 106 24 45 15
internal_value=0.000702461 -0.0157078 -0.178188 0.00446704 -0.00873386 0.00189079 0.0392595 -0.0411343 -0.11993
internal_weight=433 417 46 371 356 325 174 151 31
internal_count=433 417 46 371 356 325 174 151 31
is_linear=0
shrinkage=0.05


Tree=165
num_leaves=11
num_cat=0
split_feature=35 97 89 51 66 14 96 34 70 66
split_gain=719.004 360.074 277.656 454.122 248.262 408.412 211.63 270.415 223.212 108.481
threshold=-11.791666666666663 6.2750000000000012 16.800000000000001 51.95000000000001 28.550000000000004 31.700000000000006 55.650000000000013 4.5000000000000009 0.0066666666666672656 36.550000000000004
decision_type=2 2 2 2 2 2 2 2 2 2
left_child=-1 2 3 -2 6 -6 8 -8 -4 -7
right_child=1 -3 4 -5 5 9 7 -9 -10 -11
leaf_value=0.34065033962197655 0.021162772625221968 0.2074315179777409 0.026152130884838816 -0.36072203149858695 0.30478499482404325 0.07360476392875713 -0.21411508756818495 -0.02465018677329664 -0.094052569953079576 -0.060382421595144092
leaf_weight=14.999999999999998 16.000000000000004 18 158 14.999999999999998 14.999999999999998 34 31 48 51 27
leaf_count=15 16 18 158 15 15 34 31 48 51 27
internal_value=0.0017563 -0.0106196 -0.0206187 -0.164025 -0.00835011 0.0719555 -0.0295768 -0.0992371 -0.00318716 0.0142154
internal_weight=428 413 395 31 364 76 288 79 209 61
internal_count=428 413 395 31 364 76 288 79 209 61
is_linear=0
shrinkage=0.05


Tree=166
num_leaves=9
num_cat=0
split_feature=33 110 82 84 78 0 51 80
split_gain=816.105 398.965 410.205 1244.75 289.808 168.534 221.477 106.612
threshold=-0.77666666666666628 1.5000000000000002 -0.63916666666666699 -0.0016666666666666355 -3.7449999999999997 849.50000000000011 68.15000000000002 0.27999999999999986
decision_type=2 2 2 2 2 2 2 2
left_child=-1 -2 3 -3 -4 7 -7 -6
right_child=1 2 4 -5 5 6 -8 -9
leaf_value=0.33804315448853006 -0.20366157553090902 -0.13384607150132607 -0.21773230099712895 0.4982356749623027 -0.027410214599831069 -0.0012740386555248583 0.15805617412590883 -0.14490019941248025
leaf_weight=17 26 16.000000000000004 17 14.999999999999998 58 229 24 29
leaf_count=17 26 16 17 15 58 229 24 29
internal_value=-0.000444612 -0.0144342 -0.00169194 0.172458 -0.0168722 -0.00675348 0.013877 -0.0667523
internal_weight=431 414 388 31 357 340 253 87
internal_count=431 414 388 31 357 340 253 87
is_linear=0
shrinkage=0.05


Tree=167
num_leaves=11
num_cat=0
split_feature=35 99 15 22 97 51 102 13 57 10
split_gain=828.599 312.038 297.288 273.698 243.567 219.662 146.649 146.878 203.888 108.942
threshold=-11.791666666666663 63.550000000000004 36.95000000000001 0.15500000000000003 5.3650000000000011 52.050000000000004 62.300000000000004 6.995000000000001 40.550000000000004 6.5050000000000008
decision_type=2 2 2 2 2 2 2 2 2 2
left_child=-1 2 3 -2 5 -5 7 8 -4 -9
right_child=1 -3 6 4 -6 -7 -8 9 -10 -11
leaf_value=0.36520033594196211 -0.27770428244824186 0.16296030827083036 -0.073211344142281823 0.0017004089571579157 0.11304221403914572 -0.24828597020707735 -0.12695517888570804 -0.11838141979128536 0.045534353865601916 0.01285033913269586
leaf_weight=14.999999999999998 19 24 44 17 14.999999999999998 18 22 36 200 28
leaf_count=15 19 24 44 17 15 18 22 36 200 28
internal_value=0.00124258 -0.0117352 -0.0222939 -0.116601 -0.0548495 -0.127063 -0.00253069 0.00637887 0.0240795 -0.060959
internal_weight=438 423 399 69 50 35 330 308 244 64
internal_count=438 423 399 69 50 35 330 308 244 64
is_linear=0
shrinkage=0.05


Tree=168
num_leaves=7
num_cat=0
split_feature=119 35 76 114 115 31
split_gain=777.992 321.242 249.742 205.822 366.258 184.322
threshold=-1.0024999999999997 -11.100000000000003 -14.383333333333328 1.5000000000000002 -7.9916666666666698 0.042499999999999545
decision_type=2 2 2 2 2 2
left_child=-1 -2 -3 -4 -5 -6
right_child=1 2 3 4 5 -7
leaf_value=0.31828050478387276 -0.23561988190649458 -0.17503778931653896 -0.12584789819580175 0.25342022929685998 0.014135840985973406 -0.11031467901919814
leaf_weight=18 15.999999999999998 21 29 14.999999999999998 294 33
leaf_count=18 16 21 29 15 294 33
internal_value=-0.0024771 -0.0167149 -0.00770949 0.00179307 0.0126647 0.00153144
internal_weight=426 408 392 371 342 327
internal_count=426 408 392 371 342 327
is_linear=0
shrinkage=0.05


Tree=169
num_leaves=13
num_cat=0
split_feature=56 23 13 112 34 28 27 15 88 44 26 77
split_gain=379.032 304.164 196.543 238.668 458.01 827.127 271.269 220.784 214.725 199.193 171.724 115.643
threshold=48.850000000000001 45.45000000000001 6.9500000000000011 4.5000000000000009 3.5000000000000004 6.2500000000000009 18.900000000000002 52.600000000000001 5.3350000000000009 3.5000000000000004 26.450000000000006 3.5000000000000004
decision_type=2 2 2 2 2 2 2 2 2 2 2 2
left_child=1 -1 3 4 5 -3 10 -6 -4 -8 -5 -10
right_child=-2 2 8 6 7 -7 9 -9 11 -11 -12 -13
leaf_value=-0.18268544620890637 0.21629659254648531 0.48529851207670005 -0.23085890775107587 -0.18134696311162563 -0.073289687111763299 -0.022813603308117183 -0.026744818312586467 0.059912941438181912 -0.11120598115088781 0.16064230391931772 -0.023485534659128671 0.042079647479066812
leaf_weight=28 17 14.999999999999998 19 39 53 17 48 75 24 20 31 25
leaf_count=28 17 15 19 39 53 17 48 75 24 20 31 25
internal_value=-0.0141352 -0.0241427 -0.0119535 0.00554208 0.0470998 0.215978 -0.0426038 0.00470554 -0.0885943 0.0284506 -0.111641 -0.0329708
internal_weight=411 394 366 298 160 32 138 128 68 68 70 49
internal_count=411 394 366 298 160 32 138 128 68 68 70 49
is_linear=0
shrinkage=0.05


Tree=170
num_leaves=11
num_cat=0
split_feature=78 58 51 59 110 40 33 53 3 80
split_gain=666.318 221.133 261.47 247.377 548.667 188.029 184.106 203.473 109.544 71.9975
threshold=-3.1124999999999998 4.5050000000000008 68.950000000000017 28.700000000000006 3.5000000000000004 4.5000000000000009 -0.56083333333333341 32.050000000000004 2.5000000000000004 0.27250000000000002
decision_type=2 2 2 2 2 2 2 2 2 2
left_child=-1 5 3 4 -3 9 -5 -8 -6 -2
right_child=1 2 -4 6 8 -7 7 -9 -10 -11
leaf_value=0.2458113351601294 0.031805375114774076 0.31823233007861856 0.14788571363967945 -0.19721804714721181 -0.12146232039291666 -0.26221868956325861 0.024467872633213452 -0.064159198334583875 0.048383789099914171 -0.11791090493400891
leaf_weight=26 14.999999999999998 17 27 15.999999999999998 15.999999999999998 14.999999999999998 121 139 23 17
leaf_count=26 15 17 27 16 16 15 121 139 23 17
internal_value=0.00091428 -0.0148131 -0.00143441 -0.0136338 0.0820659 -0.116678 -0.033092 -0.0229008 -0.0213012 -0.0476952
internal_weight=432 406 359 332 56 47 276 260 39 32
internal_count=432 406 359 332 56 47 276 260 39 32
is_linear=0
shrinkage=0.05


Tree=171
num_leaves=14
num_cat=0
split_feature=33 57 23 32 26 88 118 27 82 17 113 99 99
split_gain=339.549 156.793 191.42 422.191 215.577 232.65 191.554 195.359 178.67 165.605 148.885 108.876 30.8029
threshold=-0.61249999999999971 61.850000000000001 64.500000000000014 3.5000000000000004 22.450000000000003 6.0750000000000011 4.5000000000000009 15.500000000000002 -0.19083333333333338 30.350000000000005 -4.1333333333333337 50.750000000000007 49.45000000000001
decision_type=2 2 2 2 2 2 2 2 2 2 2 2 2
left_child=-1 2 3 -2 5 11 7 -6 -5 -3 -8 -4 -10
right_child=1 9 4 8 6 -7 10 -9 12 -11 -12 -13 -14
leaf_value=-0.19305809461047729 0.24363740898699682 -0.22811369540528481 -0.092776550194680299 0.1027889550297181 0.15618806204782643 0.045652752167341729 -0.1698504861739224 0.0084532537964323428 -0.036651329460166242 -0.022147043637070523 -0.021090149141732822 -0.27890124270441935 -0.13708211737407358
leaf_weight=27 24 15.999999999999998 14.999999999999998 21 27 14.999999999999998 22 129 16.000000000000004 25 71 17 14.999999999999998
leaf_count=27 24 16 15 21 27 15 22 129 16 25 71 17 15
internal_value=-0.0215971 -0.0103317 -7.9259e-05 0.0706371 -0.0182708 -0.116365 0.000264176 0.0341384 -0.00942763 -0.103005 -0.0564791 -0.192372 -0.0856922
internal_weight=440 413 372 76 296 47 249 156 52 41 93 32 31
internal_count=440 413 372 76 296 47 249 156 52 41 93 32 31
is_linear=0
shrinkage=0.05


Tree=172
num_leaves=9
num_cat=0
split_feature=78 53 45 58 27 10 106 43
split_gain=300.195 451.177 1077.07 305.084 255.047 545.831 212.173 178.066
threshold=-4.0149999999999997 11.850000000000001 -0.0033333333333333127 4.5050000000000008 1.0000000180025095e-35 4.2550000000000008 27.250000000000004 -0.072500000000000217
decision_type=2 2 2 2 2 2 2 2
left_child=-1 2 -2 7 -5 -6 -7 -3
right_child=1 3 -4 4 5 6 -8 -9
leaf_value=-0.22124554333016741 -0.047713501587032844 -0.27788850540607613 0.44691026711332205 0.18447225029356995 -0.28846677706320906 -0.0077617227273977449 0.18468028571432002 -0.06397454860913325
leaf_weight=15.999999999999998 28 15.999999999999998 18 17 17 278 14.999999999999998 25
leaf_count=16 28 16 18 17 17 278 15 25
internal_value=-0.00942028 -0.00117027 0.146276 -0.0196494 -0.00349486 -0.013875 0.00213285 -0.148048
internal_weight=430 414 46 368 327 310 293 41
internal_count=430 414 46 368 327 310 293 41
is_linear=0
shrinkage=0.05


Tree=173
num_leaves=11
num_cat=0
split_feature=15 43 78 53 110 58 59 89 62 39
split_gain=925.5 3517.96 295.199 224.277 438.62 236.791 228.848 260.465 164.411 95.7546
threshold=22.650000000000002 -0.079166666666666149 -3.7449999999999997 11.850000000000001 4.5000000000000009 4.5050000000000008 31.850000000000005 22.550000000000004 61.300000000000004 0.51416666666666722
decision_type=2 2 2 2 2 2 2 2 2 2
left_child=1 -1 -2 4 -4 9 7 -7 -8 -5
right_child=2 -3 3 5 -6 6 8 -9 -10 -11
leaf_value=0.81391625492052622 -0.22363941314057534 -0.12605514187451411 0.28666559275836578 -0.23032385349643897 -0.066503679525782483 0.23874346734203911 -0.13535876085191031 0.021625589245928417 -0.014522886724269199 -0.063628660509099502
leaf_weight=15.999999999999998 15.999999999999998 26 18 15.999999999999998 17 15.999999999999998 35 98 143 19
leaf_count=16 16 26 18 16 17 16 35 98 143 19
internal_value=0.01061 0.232993 -0.0141411 -0.00480852 0.115283 -0.017709 -0.00294104 0.0523246 -0.0383735 -0.140414
internal_weight=420 42 378 362 35 327 292 114 178 35
internal_count=420 42 378 362 35 327 292 114 178 35
is_linear=0
shrinkage=0.05


Tree=174
num_leaves=9
num_cat=0
split_feature=9 38 35 78 102 104 10 84
split_gain=313.618 949.551 273.184 231.702 173.947 244.253 182.432 129.701
threshold=6.8950000000000005 3.5000000000000004 -11.100000000000003 -3.7449999999999997 18.450000000000003 10.250000000000002 4.455000000000001 -0.0016666666666666911
decision_type=2 2 2 2 2 2 2 2
left_child=2 -2 -1 -4 7 -6 -7 -5
right_child=1 -3 3 4 5 6 -8 -9
leaf_value=-0.23357782623273615 0.42822943507440842 -0.073572945409265164 -0.20831565122056453 -0.19297731470872914 0.17210737142263285 0.15632195985869857 -0.02233024846694967 -0.014440564179295646
leaf_weight=15.999999999999998 14.999999999999998 25 15.999999999999998 22 19 14.999999999999998 265 19
leaf_count=16 15 25 16 22 19 15 265 19
internal_value=-0.0177567 0.115077 -0.0320804 -0.0229473 -0.0141507 -0.000876083 -0.0126894 -0.110599
internal_weight=412 40 372 356 340 299 280 41
internal_count=412 40 372 356 340 299 280 41
is_linear=0
shrinkage=0.05


Tree=175
num_leaves=14
num_cat=0
split_feature=78 64 35 105 114 12 27 92 26 6 64 117 28
split_gain=777.194 252.135 489.454 724.906 239.02 176.623 307.477 220.086 218.343 136.886 135.83 77.5951 39.8204
threshold=-3.7449999999999997 43.100000000000001 5.0333333333333323 28.150000000000002 1.5000000000000002 38.400000000000006 7.6500000000000012 45.100000000000009 26.450000000000006 2.5000000000000004 50.750000000000007 0.87416666666666731 18.450000000000003
decision_type=2 2 2 2 2 2 2 2 2 2 2 2 2
left_child=-1 4 3 -3 -2 6 -6 8 -7 -9 12 -12 -4
right_child=1 2 10 -5 5 7 -8 9 -10 -11 11 -13 -14
leaf_value=0.30171604894490039 -0.22866904230307272 0.39537194405121823 0.089071651719783609 -0.010191181831029586 0.038338766367304211 -0.059878400569771707 -0.26365379027983282 0.0016796589068982792 0.060405299621597776 -0.14616056170762348 -0.17889266037873877 -0.029136385377593998 -0.011630751326012968
leaf_weight=21 14.999999999999998 21 19 23 14.999999999999998 56 19 26 115 39 15.999999999999998 19 20
leaf_count=21 15 21 19 23 15 56 19 26 115 39 16 19 20
internal_value=0.00589864 -0.00957479 0.0518437 0.183717 -0.035031 -0.0241742 -0.130553 -0.00877834 0.0209729 -0.0870359 -0.0266422 -0.0980535 0.0374038
internal_weight=424 403 118 44 285 270 34 236 171 65 74 35 39
internal_count=424 403 118 44 285 270 34 236 171 65 74 35 39
is_linear=0
shrinkage=0.05


Tree=176
num_leaves=10
num_cat=0
split_feature=78 114 95 48 33 48 23 59 60
split_gain=755.169 263.818 224.53 250.738 243.266 200.022 283.855 216.44 190.666
threshold=-3.7449999999999997 1.5000000000000002 24.450000000000003 6.8350000000000009 0.16083333333333319 6.8650000000000011 70.40000000000002 42.600000000000009 46.150000000000013
decision_type=2 2 2 2 2 2 2 2 2
left_child=-1 -2 3 4 -3 7 -7 8 -4
right_child=1 2 5 -5 -6 6 -8 -9 -10
leaf_value=0.29834200646079595 -0.16630566407036299 -0.31187760300517819 0.069755226998098205 0.068357564012209562 -0.065670419988871936 -0.24746159301166648 0.0266320157601935 0.1575476515706748 -0.019963616461370261
leaf_weight=20 27 15.999999999999998 91 17 27 17 21 28 169
leaf_count=20 27 16 91 17 27 17 21 28 169
internal_value=-0.00092567 -0.0154989 -0.00489691 -0.0937102 -0.157909 0.0114575 -0.0961852 0.0257062 0.0114335
internal_weight=433 413 386 60 43 326 38 288 260
internal_count=433 413 386 60 43 326 38 288 260
is_linear=0
shrinkage=0.05


Tree=177
num_leaves=10
num_cat=0
split_feature=113 33 54 35 54 26 123 61 24
split_gain=758.048 348.243 754.078 577.515 386.842 175.653 239.265 193.995 161.622
threshold=-12.066666666666666 -0.3050000000000001 59.20000000000001 -3.0166666666666706 40.150000000000006 15.350000000000003 -0.013333333333333348 0.19500000000000003 58.900000000000006
decision_type=2 2 2 2 2 2 2 2 2
left_child=-1 2 4 -3 -2 -5 8 -8 -7
right_child=1 3 -4 5 -6 6 7 -9 -10
leaf_value=0.3536972218791381 -0.083432424494198382 0.28543704285476745 0.15170003953187361 -0.13754570399011884 -0.42198916675306813 -0.094103493329759272 0.020500860321947402 0.19162638084499875 0.056851794760980651
leaf_weight=14.999999999999998 15.999999999999998 18 15.999999999999998 23 18 76 197 18 23
leaf_count=15 16 18 16 23 18 76 197 18 23
internal_value=0.00584907 -0.00710598 -0.130517 0.0102936 -0.263527 -0.00446796 0.00530455 0.0349333 -0.0589606
internal_weight=420 405 50 355 34 337 314 215 99
internal_count=420 405 50 355 34 337 314 215 99
is_linear=0
shrinkage=0.05


Tree=178
num_leaves=17
num_cat=0
split_feature=78 31 17 33 13 18 54 79 103 38 23 62 107 78 103 63
split_gain=681.199 238.242 295.729 458.302 274.659 251.817 233.324 226.441 224.066 222.302 253.362 174.411 245.249 192.304 101.168 45.7684
threshold=-3.7449999999999997 -0.042500000000000419 31.250000000000004 0.22500000000000012 5.4000000000000012 58.250000000000007 49.800000000000004 1.5000000000000002 44.600000000000001 5.5000000000000009 78.350000000000009 79.700000000000017 53.500000000000007 0.80333333333333312 26.050000000000004 38.850000000000001
decision_type=2 2 2 2 2 2 2 2 2 2 2 2 2 2 2 2
left_child=-1 4 3 -3 6 7 -2 -4 -9 10 -7 13 -13 -5 -6 -16
right_child=1 2 5 11 14 9 -8 8 -10 -11 -12 12 -14 -15 15 -17
leaf_value=0.28696666952982469 -0.29203385672050913 0.25823079716428488 0.083455921953182077 0.03612434246670173 0.099603354368613367 0.23730716295034637 -0.058632465881375564 -0.13712888714775867 0.028929361821980495 -0.09505059464389215 -0.019081718984403109 -0.015205084053401034 0.2424036777507492 -0.15989619076845066 -0.11083954744400422 -0.0060596819788327518
leaf_weight=20 21 26 21 33 15.999999999999998 22 22 81 27 15.999999999999998 17 20 17 20 17 27
leaf_count=20 21 26 21 33 16 22 22 81 27 16 17 20 17 20 17 27
internal_value=0.00287666 -0.0112774 0.0112387 0.0737391 -0.076854 -0.0281552 -0.173148 -0.0663536 -0.0955797 0.0613045 0.125657 0.0201585 0.103355 -0.0379133 -0.00758668 -0.0468157
internal_weight=423 403 300 116 103 184 43 129 108 55 39 90 37 53 60 44
internal_count=423 403 300 116 103 184 43 129 108 55 39 90 37 53 60 44
is_linear=0
shrinkage=0.05


Tree=179
num_leaves=7
num_cat=0
split_feature=78 35 110 90 88 30
split_gain=554.794 405.795 228.462 186.025 207.003 154.102
threshold=-3.1124999999999998 -10.4 1.5000000000000002 31.100000000000005 4.2150000000000007 5.5000000000000009
decision_type=2 2 2 2 2 2
left_child=-1 -2 -3 -4 -5 -6
right_child=1 2 3 4 5 -7
leaf_value=0.21555611901127972 -0.2606762882735994 -0.16417937605153948 -0.1538611344095924 0.16642322299992227 0.007232969303055223 -0.11946304795043222
leaf_weight=26 17 23 19 19 298 26
leaf_count=26 17 23 19 19 298 26
internal_value=-0.00781592 -0.0223253 -0.0117228 -0.00197984 0.00646122 -0.00295229
internal_weight=428 402 385 362 343 324
internal_count=428 402 385 362 343 324
is_linear=0
shrinkage=0.05


Tree=180
num_leaves=8
num_cat=0
split_feature=119 99 78 23 58 105 58
split_gain=595.723 364.378 335.447 246.234 182.429 337.705 245.402
threshold=-1.0024999999999997 63.550000000000004 -3.7449999999999997 45.45000000000001 5.3550000000000013 10.400000000000002 5.0850000000000009
decision_type=2 2 2 2 2 2 2
left_child=-1 2 -2 -4 6 -6 -5
right_child=1 -3 3 4 5 -7 -8
leaf_value=0.28298724260469332 -0.25232329217606037 0.1920808214570674 -0.15411442737244205 0.0089678565325807934 0.19183772588489065 0.003142365360637524 -0.1080099216689699
leaf_weight=18 14.999999999999998 21 28 131 30 112 68
leaf_count=18 15 21 28 131 30 112 68
internal_value=0.00233057 -0.0101975 -0.0213197 -0.01185 -0.000112035 0.0431497 -0.0310135
internal_weight=423 405 384 369 341 142 199
internal_count=423 405 384 369 341 142 199
is_linear=0
shrinkage=0.05


Tree=181
num_leaves=9
num_cat=0
split_feature=35 88 23 76 54 74 80 114
split_gain=660.439 280.651 578.13 242.711 221.174 328.118 195.734 141.185
threshold=-11.791666666666663 3.9450000000000007 45.45000000000001 -14.383333333333328 19.600000000000005 -8.1333333333333346 -0.092500000000000679 4.5000000000000009
decision_type=2 2 2 2 2 2 2 2
left_child=-1 6 -3 -4 7 -6 -2 -5
right_child=1 2 3 4 5 -7 -8 -9
leaf_value=0.32835040866144449 -0.030338326415845319 0.30665799055667908 -0.18752974278360443 -0.030196552596893547 0.2099979879343836 0.0011019225371473641 -0.28192070627844101 -0.21864601314416407
leaf_weight=14.999999999999998 16.000000000000004 14.999999999999998 18 24 20 291 14.999999999999998 17
leaf_count=15 16 15 18 24 20 291 15 17
internal_value=0.00351203 -0.00826498 0.00339235 -0.00896823 0.00019922 0.014615 -0.152748 -0.108798
internal_weight=431 416 385 370 352 311 31 41
internal_count=431 416 385 370 352 311 31 41
is_linear=0
shrinkage=0.05


Tree=182
num_leaves=11
num_cat=0
split_feature=99 78 9 45 66 67 9 33 114 43
split_gain=401.587 215.227 180.428 272.542 261.916 299.475 204.479 285.363 254.758 149.854
threshold=64.350000000000009 -3.7449999999999997 6.6850000000000014 0.00083333333333333881 28.250000000000004 12.750000000000002 6.7350000000000012 -0.34333333333333277 3.5000000000000004 -1.0000000180025095e-35
decision_type=2 2 2 2 2 2 2 2 2 2
left_child=1 -1 3 -3 6 -6 8 -8 -4 -7
right_child=-2 2 4 -5 5 9 7 -9 -10 -11
leaf_value=-0.20108336679071015 0.23517453421820084 -0.021833953783740857 0.21254762853212777 -0.28740336324600196 0.21713944190883067 0.1223277148391519 -0.23419602007330098 -0.03198659967070757 -0.031520713787254705 -0.068985448668966096
leaf_weight=17 14.999999999999998 27 18 14.999999999999998 25 15.999999999999998 19 204 26 28
leaf_count=17 15 27 18 15 25 16 19 204 26 28
internal_value=-0.0178612 -0.0275399 -0.0196707 -0.117256 -0.00742637 0.0793225 -0.0298846 -0.0493349 0.0684676 0.000589231
internal_weight=410 395 378 42 336 69 267 223 44 44
internal_count=410 395 378 42 336 69 267 223 44 44
is_linear=0
shrinkage=0.05


Tree=183
num_leaves=10
num_cat=0
split_feature=113 51 49 45 63 33 100 103 87
split_gain=768.956 332.154 777.652 294.658 267.324 337.134 255.916 228.193 199.783
threshold=-12.066666666666666 33.100000000000001 3.6950000000000007 0.022499999999999996 38.650000000000006 -0.11833333333333317 0.19500000000000003 23.650000000000002 6.8550000000000013
decision_type=2 2 2 2 2 2 2 2 2
left_child=-1 2 -2 4 5 -3 8 -7 -6
right_child=1 3 -4 -5 6 7 -8 -9 -10
leaf_value=0.34804017914007912 -0.089240757695266154 -0.26238771538708094 0.41036620542949803 -0.2084648415621819 -0.016480565180072512 0.078766558783079699 0.21312016752379681 -0.073537099181286467 0.098443695522116098
leaf_weight=15.999999999999998 16.000000000000004 18 14.999999999999998 19 154 34 17 88 50
leaf_count=16 16 18 15 19 154 34 17 88 50
internal_value=0.00906428 -0.00420115 0.152886 -0.0170662 -0.00692375 -0.06097 0.0273032 -0.0310211 0.0116971
internal_weight=427 411 31 380 361 140 221 122 204
internal_count=427 411 31 380 361 140 221 122 204
is_linear=0
shrinkage=0.05


Tree=184
num_leaves=9
num_cat=0
split_feature=24 51 43 78 59 94 9 56
split_gain=734.216 319.206 747.306 267.305 200.673 183.303 287.161 270.824
threshold=21.950000000000003 33.100000000000001 0.14500000000000005 -3.7449999999999997 48.250000000000007 5.4250000000000007 6.8050000000000006 36.550000000000004
decision_type=2 2 2 2 2 2 2 2
left_child=-1 2 -2 -3 5 7 -7 -5
right_child=1 3 -4 4 -6 6 -8 -9
leaf_value=0.33162514335990689 0.39288289788740355 -0.21221060948394943 -0.10464792879211982 -0.01604916851603003 -0.18807662975343856 0.0090770384684364536 -0.13332680506835984 0.10603824684314669
leaf_weight=15.999999999999998 15.000000000000002 18 14.999999999999998 145 15.999999999999998 84 61 66
leaf_count=16 15 18 15 145 16 84 61 66
internal_value=0.000252171 -0.0124356 0.14443 -0.0245489 -0.0154005 -0.00757511 -0.0508469 0.0221478
internal_weight=436 420 30 390 372 356 145 211
internal_count=436 420 30 390 372 356 145 211
is_linear=0
shrinkage=0.05


Tree=185
num_leaves=13
num_cat=0
split_feature=78 59 62 104 41 45 64 60 123 111 111 60
split_gain=743.053 205.966 177.215 261.641 251.596 270.043 304.212 235.077 149.363 118.342 123.939 97.9099
threshold=-3.7449999999999997 48.250000000000007 86.950000000000017 23.650000000000002 -0.15666666666666626 -0.010000000000000021 43.45000000000001 38.600000000000009 0.018333333333333358 0.23083333333333347 0.65250000000000041 52.050000000000004
decision_type=2 2 2 2 2 2 2 2 2 2 2 2
left_child=-1 2 4 -4 5 11 -7 -6 -9 -5 -11 -2
right_child=1 -3 3 9 7 6 -8 8 -10 10 -12 -13
leaf_value=0.30232861061136762 0.012602853730469446 -0.17704131238123511 0.24623413320310072 -0.066803426352611439 -0.2157563978744344 0.041911957366945057 0.3039088769562987 -0.021934980518408101 -0.15310557547555978 0.18157738514293897 -0.01004643186692792 -0.12591913514749495
leaf_weight=19 30 19 14.999999999999998 26 21 42 14.999999999999998 162 25 14.999999999999998 19 22
leaf_count=19 30 19 15 26 21 42 15 162 25 15 19 22
internal_value=-0.00251926 -0.0166943 -0.00886642 0.0601797 -0.0252319 0.0362516 0.111358 -0.0574775 -0.0395703 0.0132506 0.0746314 -0.0460358
internal_weight=430 411 392 75 317 109 57 208 187 60 34 52
internal_count=430 411 392 75 317 109 57 208 187 60 34 52
is_linear=0
shrinkage=0.05


Tree=186
num_leaves=19
num_cat=0
split_feature=95 49 33 80 9 77 97 54 32 18 99 56 12 109 80 117 94 28
split_gain=206.527 393.702 384.999 172.73 161.728 151.144 185.666 283.987 261.072 458.239 150.813 147.784 103.472 94.0468 90.5442 86.6693 89.3953 59.6716
threshold=26.150000000000002 6.3050000000000006 0.13083333333333338 0.29083333333333355 6.8450000000000006 1.5000000000000002 5.1850000000000014 33.600000000000001 4.5000000000000009 49.050000000000004 55.95000000000001 32.350000000000001 65.850000000000009 0.054166666666666259 -0.26416666666666616 -0.088333333333334249 5.5050000000000008 10.250000000000002
decision_type=2 2 2 2 2 2 2 2 2 2 2 2 2 2 2 2 2 2
left_child=1 2 -1 5 12 11 7 -7 9 -8 17 -2 15 -9 -10 -5 -17 -4
right_child=3 -3 10 4 -6 6 8 13 14 -11 -12 -13 -14 -15 -16 16 -18 -19
leaf_value=-0.36133943989576889 0.020358421227232141 0.14389847868325695 -0.09268905037676381 0.044211598827364695 -0.15585206787357128 0.17651406687609156 0.39953128290886913 -0.026007293885882521 -0.037142777737983607 0.068018015454416755 -0.20467700552866328 -0.18287902559552871 0.085180696474476014 -0.1668441651179301 0.088686966930643596 -0.020176500718870602 -0.16348354124014652 0.031633038717697112
leaf_weight=14.999999999999998 20 14.999999999999998 17 18 28 15.999999999999998 14.999999999999998 56 35 34 15.999999999999998 15.999999999999998 19 14.999999999999998 24 24 20 22
leaf_count=15 20 15 17 18 28 16 15 56 35 34 16 16 19 15 24 24 20 22
internal_value=-0.0180539 -0.0877151 -0.137552 -0.000603297 -0.0524705 0.0238613 0.0412583 -0.013048 0.085023 0.170211 -0.0758837 -0.0700872 -0.0165239 -0.0560247 0.0140211 -0.047859 -0.0856524 -0.0225292
internal_weight=425 85 70 340 109 231 195 87 108 49 55 36 81 71 59 62 44 39
internal_count=425 85 70 340 109 231 195 87 108 49 55 36 81 71 59 62 44 39
is_linear=0
shrinkage=0.05


Tree=187
num_leaves=12
num_cat=0
split_feature=13 87 78 64 62 72 72 50 53 123 95
split_gain=509.869 2035.97 323.514 262.592 189.109 153.692 283.33 166.796 222.933 107.433 30.9524
threshold=3.5500000000000003 6.8250000000000011 -3.7449999999999997 34.900000000000006 92.15000000000002 1.1525000000000005 1.3941666666666663 19.900000000000002 29.200000000000003 -0.012500000000000023 31.950000000000003
decision_type=2 2 2 2 2 2 2 2 2 2 2
left_child=1 3 -2 -1 5 7 -7 9 -9 -4 -8
right_child=2 -3 4 -5 -6 6 10 8 -10 -11 -12
leaf_value=-0.20844758949433154 -0.21189628228619328 0.61468293714967581 -0.1977492271669653 0.077633625123378458 0.12383581465574062 -0.21649722540046112 -0.037703987132778484 0.08276377789240591 -0.01878021723725689 -0.033809035263980346 0.059211327915160074
leaf_weight=17 20 15.999999999999998 14.999999999999998 14.999999999999998 26 25 18 82 158 30 14.999999999999998
leaf_count=17 20 16 15 15 26 25 18 82 158 30 15
internal_value=0.00242934 0.156013 -0.0165442 -0.0743672 -0.00588791 -0.015769 -0.0898869 -0.00064157 0.0159132 -0.0888839 0.00624317
internal_weight=437 48 389 32 369 343 58 285 240 45 33
internal_count=437 48 389 32 369 343 58 285 240 45 33
is_linear=0
shrinkage=0.05


Tree=188
num_leaves=14
num_cat=0
split_feature=78 37 109 84 35 16 4 31 58 89 63 49 51
split_gain=602.233 255.054 319.763 240.337 180.162 172.425 211.098 238.273 210.804 164.321 155.82 85.836 57.3789
threshold=-3.7449999999999997 -2.5916666666666663 0.028333333333333769 0.0058333333333333301 13.941666666666672 4.4850000000000012 7.5000000000000009 0.018333333333333982 4.5050000000000008 19.550000000000004 36.650000000000006 4.8100000000000014 57.750000000000007
decision_type=2 2 2 2 2 2 2 2 2 2 2 2 2
left_child=-1 2 3 10 5 -3 8 -8 -7 -6 -2 -11 -13
right_child=1 4 -4 -5 9 6 7 -9 -10 11 -12 12 -14
leaf_value=0.25449854044499698 -0.098413068111638843 -0.092140868282296895 -0.31014878947213792 -0.20578237616876416 -0.1872578114115131 -0.0914692167020002 0.020428013911223716 -0.19372999101692104 0.10853633814709032 -0.11730700624152202 0.10605044796456038 0.040567187989687975 -0.04888814300793895
leaf_weight=21 15.999999999999998 28 14.999999999999998 17 19 14.999999999999998 67 15.999999999999998 103 20 22 39 33
leaf_count=21 16 28 15 17 19 15 67 16 103 20 22 39 33
internal_value=-0.00599174 -0.0194049 -0.106246 -0.0500837 -0.00148514 0.0238386 0.0400576 -0.0209787 0.0830136 -0.053749 0.019797 -0.0259489 -0.000374764
internal_weight=431 410 70 55 340 229 201 83 118 111 38 92 72
internal_count=431 410 70 55 340 229 201 83 118 111 38 92 72
is_linear=0
shrinkage=0.05


Tree=189
num_leaves=10
num_cat=0
split_feature=31 38 78 111 35 53 102 60 99
split_gain=690.735 3054.47 289.321 225.64 200.679 171.693 154.781 168.949 106.162
threshold=0.034999999999999705 3.5000000000000004 -3.7449999999999997 -0.83166666666666667 -11.100000000000003 32.350000000000001 21.550000000000001 48.250000000000007 47.250000000000007
decision_type=2 2 2 2 2 2 2 2 2
left_child=2 -2 -1 -4 -5 -3 8 -8 -6
right_child=1 5 3 4 6 -7 7 -9 -10
leaf_value=-0.22371082694558375 0.76858140713726453 0.026433782514772915 -0.18023045694709061 -0.17036351847369768 0.013160319401888373 -0.19759371169129311 0.061819323440410689 -0.016608968280858307 -0.152625874522687
leaf_weight=17 14.999999999999998 17 19 17 15.999999999999998 17 125 152 24
leaf_count=17 15 17 19 17 16 17 125 152 24
internal_value=0.000533625 0.176757 -0.0228319 -0.0130831 -0.00350867 -0.0856843 0.00547452 0.0187744 -0.0863193
internal_weight=419 49 370 353 334 34 317 277 40
internal_count=419 49 370 353 334 34 317 277 40
is_linear=0
shrinkage=0.05


Tree=190
num_leaves=11
num_cat=0
split_feature=35 78 14 114 14 21 121 1 95 74
split_gain=553.727 300.64 182.026 287.96 264.859 175.307 156.127 158.805 129.913 102.292
threshold=-11.791666666666663 -3.7449999999999997 21.350000000000005 2.5000000000000004 24.150000000000002 46.95000000000001 0.57416666666666683 4.5000000000000009 35.050000000000004 2.6916666666666687
decision_type=2 2 2 2 2 2 2 2 2 2
left_child=-1 -2 3 -3 -4 -5 7 -6 -8 -7
right_child=1 2 4 5 6 9 8 -9 -10 -11
leaf_value=0.26975837060582569 -0.21983753100902007 -0.26996567445512148 0.17551169158158145 0.093188274187567338 0.018743552307752945 -0.19347753931355005 -0.0043534746335715238 -0.097929434599833193 -0.20026465281432504 -0.024044896137997575
leaf_weight=17 18 15.999999999999998 21 19 245 14.999999999999998 15.999999999999998 33 18 22
leaf_count=17 18 16 21 19 245 15 16 33 18 22
internal_value=-0.00916757 -0.0204503 -0.0115242 -0.0835569 0.00405583 -0.0298219 -0.00752099 0.00484567 -0.108501 -0.0932049
internal_weight=440 423 405 72 333 56 312 278 34 37
internal_count=440 423 405 72 333 56 312 278 34 37
is_linear=0
shrinkage=0.05


Tree=191
num_leaves=8
num_cat=0
split_feature=78 59 59 35 84 23 43
split_gain=596.008 151.485 210.213 235.056 152.031 194.364 109.917
threshold=-3.7449999999999997 48.250000000000007 42.600000000000009 -11.100000000000003 -0.026666666666666655 64.500000000000014 0.085833333333333442
decision_type=2 2 2 2 2 2 2
left_child=-1 2 3 -2 6 -6 -5
right_child=1 -3 -4 4 5 -7 -8
leaf_value=0.25835205348323304 -0.2032178102442937 -0.14797710977976594 0.13909946793601627 -0.20986269073555441 0.076809764254498591 -0.017761898302648692 -0.023955157826169891
leaf_weight=21 15.999999999999998 20 23 14.999999999999998 69 254 17
leaf_count=21 16 20 23 15 69 254 17
internal_value=-0.000852733 -0.0140721 -0.00722637 -0.0163463 -0.00785498 0.00244276 -0.111637
internal_weight=435 414 394 371 355 323 32
internal_count=435 414 394 371 355 323 32
is_linear=0
shrinkage=0.05


Tree=192
num_leaves=15
num_cat=0
split_feature=37 4 111 107 41 105 39 72 99 18 9 13 37 97
split_gain=778.616 2707.85 321.737 186.949 205.963 311.612 305.793 124.691 117.051 111.217 85.0554 158.985 72.2191 67.1708
threshold=-6.224999999999997 4.5000000000000009 -0.83166666666666667 53.500000000000007 0.16000000000000061 27.750000000000004 0.32333333333333308 0.10250000000000049 57.650000000000013 52.050000000000004 6.8250000000000011 5.4250000000000007 10.708333333333337 5.3650000000000011
decision_type=2 2 2 2 2 2 2 2 2 2 2 2 2 2
left_child=1 -1 -2 8 5 6 -5 -6 10 -10 13 -12 -9 -4
right_child=2 -3 3 4 7 -7 -8 12 9 -11 11 -13 -14 -15
leaf_value=-0.17081179175701444 -0.20077638173808202 0.72533775025250913 -0.032171513202522282 0.2940334706406319 0.061870578962479716 -0.10054794953237126 0.062517388677795382 -0.14749304742524119 -0.23144345970343277 -0.038445561413733377 -0.21272165590191483 -0.020791522519285947 -0.023239235462489464 0.047088522813979655
leaf_weight=19 24 14.999999999999998 80 19 21 20 57 23 15.000000000000002 14.999999999999998 15.999999999999998 33 24 40
leaf_count=19 24 15 80 19 21 20 57 23 15 15 16 33 24 40
internal_value=-0.00366318 0.225369 -0.0238508 -0.0120874 0.0274106 0.0745553 0.120772 -0.039085 -0.0446611 -0.135559 -0.0284252 -0.08387 -0.0843345 -0.00569266
internal_weight=421 34 387 363 164 96 76 68 199 30 169 49 47 120
internal_count=421 34 387 363 164 96 76 68 199 30 169 49 47 120
is_linear=0
shrinkage=0.05


Tree=193
num_leaves=11
num_cat=0
split_feature=15 43 78 35 58 59 114 52 99 103
split_gain=510.14 2203.52 285.703 186.877 117.665 188.72 277.037 196.956 126.058 43.2719
threshold=22.650000000000002 -0.10416666666666695 -3.7449999999999997 -9.9916666666666654 4.6300000000000008 30.650000000000002 2.5000000000000004 4.785000000000001 53.350000000000001 38.850000000000001
decision_type=2 2 2 2 2 2 2 2 2 2
left_child=1 -1 -2 -4 8 6 -6 -7 9 -5
right_child=2 -3 3 4 5 7 -8 -9 -10 -11
leaf_value=0.60996195916195362 -0.20471708322850823 -0.10526198680893457 -0.17879365535563982 -0.073027945249717396 0.26853638263727658 0.053544006667306999 0.033345267497500795 -0.045516404969720044 -0.19236455214339376 0.044727064896103563
leaf_weight=17 19 29 14.999999999999998 16.000000000000004 14.999999999999998 75 74 151 14.999999999999998 14.999999999999998
leaf_count=17 19 29 15 16 15 75 74 151 15 15
internal_value=0.00229354 0.159701 -0.0160606 -0.00646225 0.000732024 0.0116611 0.0732972 -0.0126111 -0.0738628 -0.0159283
internal_weight=441 46 395 376 361 315 89 226 46 31
internal_count=441 46 395 376 361 315 89 226 46 31
is_linear=0
shrinkage=0.05


Tree=194
num_leaves=13
num_cat=0
split_feature=31 35 78 66 57 31 35 51 39 80 23 10
split_gain=562.999 2365.87 242.571 179.708 215.964 207.494 266.079 354.105 248.646 94.9083 87.6477 75.323
threshold=0.034999999999999705 2.9749999999999965 -3.7449999999999997 7.6500000000000012 51.650000000000013 -0.042500000000000419 7.1583333333333323 57.750000000000007 0.13583333333333328 0.019166666666667446 86.500000000000014 5.6350000000000007
decision_type=2 2 2 2 2 2 2 2 2 2 2 2
left_child=2 -2 -1 4 -4 8 7 -7 -5 -3 -8 -10
right_child=1 9 3 5 -6 6 10 -9 11 -11 -12 -13
leaf_value=-0.20950971768786575 0.68698180420509247 0.01880508455800714 0.0090165369355358852 -0.19135188920678439 -0.1963872299281012 0.19753940436754724 0.012357207227698279 0.010306331023255136 -0.073272637150202144 -0.15027086469862194 -0.08332809632387328 0.035671024790288677
leaf_weight=14.999999999999998 14.999999999999998 15.999999999999998 26 24 25 46 80 56 25 17 34 43
leaf_count=15 15 16 26 24 25 46 80 56 25 17 34 43
internal_value=0.00750709 0.168535 -0.0131858 -0.00491288 -0.091761 0.00947671 0.0362706 0.0949045 -0.0533475 -0.0683344 -0.0161847 -0.00435715
internal_weight=422 48 374 359 51 308 216 102 92 33 114 68
internal_count=422 48 374 359 51 308 216 102 92 33 114 68
is_linear=0
shrinkage=0.05


Tree=195
num_leaves=8
num_cat=0
split_feature=31 111 96 62 118 37 0
split_gain=260.203 199.541 250.135 189.834 194.171 327.24 155.939
threshold=0.050833333333333737 -0.83166666666666667 36.050000000000004 34.500000000000007 1.5000000000000002 10.141666666666671 2526.0000000000005
decision_type=2 2 2 2 2 2 2
left_child=1 -1 -3 -4 5 -5 -6
right_child=-2 2 3 4 6 -7 -8
leaf_value=-0.16617876338810403 0.1561064691025747 -0.16073638062595866 -0.17356215881689496 0.29475382550662721 0.022281417793239881 -0.0045982587437480042 -0.053089959264227909
leaf_weight=22 22 26 14.999999999999998 14.999999999999998 182 23 110
leaf_count=22 22 26 15 15 182 23 110
internal_value=-0.010809 -0.0202029 -0.0114907 -0.000185407 0.0077304 0.113899 -0.00610325
internal_weight=415 393 371 345 330 38 292
internal_count=415 393 371 345 330 38 292
is_linear=0
shrinkage=0.05


Tree=196
num_leaves=8
num_cat=0
split_feature=78 45 65 65 45 10 56
split_gain=781.212 154.424 139.176 141.359 153.707 152.304 30.1492
threshold=-3.7449999999999997 0.022499999999999996 7.3500000000000005 11.4 0.016666666666666653 4.2550000000000008 32.750000000000007
decision_type=2 2 2 2 2 2 2
left_child=-1 2 6 -4 5 -5 -2
right_child=1 -3 3 4 -6 -7 -8
leaf_value=0.31503257255279582 -0.057266448783558715 -0.14718437413430183 0.13578133107948051 -0.16101309488648952 0.15210932165581659 -0.0033594248823836763 -0.15866502318161213
leaf_weight=19 15.000000000000002 20 19 15.999999999999998 14.999999999999998 318 14.999999999999998
leaf_count=19 15 20 19 16 15 318 15
internal_value=0.00231636 -0.011958 -0.00511488 0.00332608 -0.00390746 -0.0109726 -0.108491
internal_weight=437 418 398 368 349 334 30
internal_count=437 418 398 368 349 334 30
is_linear=0
shrinkage=0.05


Tree=197
num_leaves=13
num_cat=0
split_feature=111 123 99 14 26 66 105 35 26 10 78 86
split_gain=564.438 228.823 576.538 263.131 180.118 173.81 276.512 163.692 136.348 130.624 81.0001 84.5067
threshold=-1.0374999999999996 -0.013333333333333348 63.550000000000004 21.950000000000003 15.350000000000003 27.900000000000002 13.700000000000001 1.0000000180025095e-35 18.650000000000002 4.1700000000000008 1.3741666666666668 1.5000000000000002
decision_type=2 2 2 2 2 2 2 2 2 2 2 2
left_child=-1 3 4 -2 9 7 -7 -6 -5 -3 11 -10
right_child=1 2 -4 8 5 6 -8 -9 10 -11 -12 -13
leaf_value=0.27770228550579007 -0.20544527933800816 -0.0028690680338625324 0.31741632795491759 0.10625513599526067 -0.10685553170325471 0.27532230295882321 0.026375117348269351 0.014127178444766676 -0.12253654568009714 -0.19373222169398052 0.037649015914551248 -0.0026093646593682174
leaf_weight=18 26 17 14.999999999999998 15.999999999999998 34 14.999999999999998 43 155 41 19 19 23
leaf_count=18 26 17 15 16 34 15 43 155 41 19 19 23
internal_value=0.00426817 -0.00741839 0.0163875 -0.0641794 0.000307805 0.0155665 0.0912071 -0.00765546 -0.026859 -0.103999 -0.0526767 -0.079587
internal_weight=441 423 298 125 283 247 58 189 99 36 83 64
internal_count=441 423 298 125 283 247 58 189 99 36 83 64
is_linear=0
shrinkage=0.05


Tree=198
num_leaves=8
num_cat=0
split_feature=33 74 78 115 107 26 44
split_gain=716.157 255.973 220.285 167.262 137.815 189.434 113.833
threshold=-0.77666666666666628 -13.308333333333335 -3.7449999999999997 -10.858333333333329 53.500000000000007 26.450000000000006 3.5000000000000004
decision_type=2 2 2 2 2 2 2
left_child=-1 -2 -3 -4 6 -6 -5
right_child=1 2 3 4 5 -7 -8
leaf_value=0.30931740936480073 0.16274088710052531 -0.19995384723442036 -0.13630333614769261 -0.016930909907080006 -0.045834323115122498 0.066745793908004905 -0.10600453320579593
leaf_weight=17 18 18 29 134 61 96 49
leaf_count=17 18 18 29 134 61 96 49
internal_value=-0.0076217 -0.0210107 -0.0296101 -0.0212351 -0.0113686 0.0229713 -0.0408534
internal_weight=422 405 387 369 340 157 183
internal_count=422 405 387 369 340 157 183
is_linear=0
shrinkage=0.05


Tree=199
num_leaves=8
num_cat=0
split_feature=24 51 78 51 97 28 99
split_gain=629.974 254.641 228.475 137.54 127.1 314.854 296.767
threshold=21.950000000000003 33.100000000000001 -3.7449999999999997 37.350000000000001 5.245000000000001 4.1500000000000012 47.250000000000007
decision_type=2 2 2 2 2 2 2
left_child=-1 -2 -3 -4 6 -6 -5
right_child=1 2 3 4 5 -7 -8
leaf_value=0.30834927977242088 0.13486336492717904 -0.18964125370480003 -0.11853615757760683 0.00067073643476628765 0.16864914132798572 -0.0059136582528615351 -0.15858530991401956
leaf_weight=15.999999999999998 28 19 28 138 32 132 37
leaf_count=16 28 19 28 138 32 132 37
internal_value=0.00148251 -0.0104366 -0.0210216 -0.0122291 -0.00340148 0.0281989 -0.0330433
internal_weight=430 414 386 367 339 164 175
internal_count=430 414 386 367 339 164 175
is_linear=0
shrinkage=0.05


end of trees

feature_importances:
pos1_2連率_レース内差=105
pos1_展示_レース内差=96
pos1_勝率_レース内差=86
pos1_平均スタートタイミング_レース内差=64
pos2_当地勝率_レース内差=61
pos1_3連率_レース内差=47
pos1_2コース複勝率=46
pos1_1コース複勝率=45
pos3_2連率_レース内差=43
pos1_当地勝率=42
pos1_5コース複勝率=40
pos1_6コース複勝率=40
pos1_当地勝率_レース内差=39
pos3_ボート3連率=38
pos3_ボート勝率=34
pos2_モーター2連率=33
pos3_3コース複勝率=33
pos2_3コース複勝率=32
pos3_3連率_レース内差=32
pos3_勝率_レース内差=31
pos1_4コース複勝率=30
pos2_2連率_レース内差=30
pos1_モーター勝率_レース内差=29
pos1_展示=28
pos3_2連率=28
pos3_5コース複勝率=26
pos1_3連率=25
pos3_展示_レース内差=25
pos3_3連率_レース内順位=24
pos3_モーター勝率_レース内差=24
pos3_平均スタートタイミング_レース内差=24
pos2_モーター勝率_レース内差=23
pos3_6コース複勝率=23
pos1_勝率=22
pos1_モーター勝率=22
pos2_モーター3連率=22
pos2_ボート勝率=22
pos3_モーター2連率=22
pos1_当地2連率=21
pos2_3連率=21
pos2_当地2連率=20
pos2_ボート3連率=20
pos3_2コース複勝率=20
pos1_3コース複勝率=19
pos1_2連率=18
pos2_5コース複勝率=18
pos1_当地勝率_レース内順位=17
pos1_ボート勝率_レース内差=17
pos2_ボート2連率=17
pos2_1コース複勝率=17
レース=16
pos1_モーター2連率=16
pos1_2連率_レース内順位=16
pos2_6コース複勝率=16
pos2_平均スタートタイミング_レース内差=16
pos3_勝率=16
pos1_モーター3連率=15
pos2_平均スタートタイミング=15
pos3_3連率=15
pos3_モーター勝率=15
pos3_勝率_レース内順位=15
pos2_4コース複勝率=14
pos3_展示=14
pos3_4コース複勝率=14
開催経過日=13
pos2_当地勝率=13
pos2_モーター勝率=13
pos2_展示_レース内差=13
pos1_当地3連率=12
pos1_体重=12
pos2_勝率_レース内差=12
pos2_ボート勝率_レース内差=12
pos3_展示_レース内順位=12
pos1_ボート2連率=11
pos1_平均スタートタイミング_レース内順位=11
pos2_展示=11
pos3_モーター3連率=11
pos3_ボート勝率_レース内差=11
風向=10
pos1_勝率_レース内順位=9
pos2_級=9
pos2_2コース複勝率=9
pos2_3連率_レース内差=9
pos3_当地勝率_レース内順位=9
日目=8
pos3_級=8
pos1_ボート勝率=7
pos1_平均スタートタイミング=7
pos1_展示_レース内順位=7
pos2_勝率=7
pos2_2連率=7
pos2_当地3連率=7
pos3_平均スタートタイミング=7
pos3_2連率_レース内順位=7
pos1_モーター勝率_レース内順位=6
pos3_当地勝率=6
pos3_当地2連率=6
pos3_ボート2連率=6
pos3_体重=6
pos3_当地3連率=5
pos3_当地勝率_レース内差=5
pos3_モーター勝率_レース内順位=5
天気=4
pos2_当地勝率_レース内順位=4
pos2_ボート勝率_レース内順位=3
pos2_平均スタートタイミング_レース内順位=3
pos3_平均スタートタイミング_レース内順位=3
風速=2
pos1_級=2
pos1_ボート3連率=2
pos1_3連率_レース内順位=2
pos1_ボート勝率_レース内順位=2
pos2_モーター勝率_レース内順位=2
pos3_1コース複勝率=2
pos3_ボート勝率_レース内順位=2
pos2_体重=1
pos2_勝率_レース内順位=1
pos2_3連率_レース内順位=1

parameters:
[boosting: gbdt]
[objective: regression]
[metric: rmse]
[tree_learner: serial]
[device_type: cpu]
[data_sample_strategy: bagging]
[data: ]
[valid: ]
[num_iterations: 200]
[learning_rate: 0.05]
[num_leaves: 31]
[num_threads: 0]
[seed: 42]
[deterministic: 0]
[force_col_wise: 0]
[force_row_wise: 0]
[histogram_pool_size: -1]
[max_depth: 6]
[min_data_in_leaf: 15]
[min_sum_hessian_in_leaf: 0.001]
[bagging_fraction: 0.9]
[pos_bagging_fraction: 1]
[neg_bagging_fraction: 1]
[bagging_freq: 1]
[bagging_seed: 400]
[bagging_by_query: 0]
[feature_fraction: 0.9]
[feature_fraction_bynode: 1]
[feature_fraction_seed: 30056]
[extra_trees: 0]
[extra_seed: 12879]
[early_stopping_round: 0]
[early_stopping_min_delta: 0]
[first_metric_only: 0]
[max_delta_step: 0]
[lambda_l1: 0.1]
[lambda_l2: 0.1]
[linear_lambda: 0]
[min_gain_to_split: 0]
[drop_rate: 0.1]
[max_drop: 50]
[skip_drop: 0.5]
[xgboost_dart_mode: 0]
[uniform_drop: 0]
[drop_seed: 17869]
[top_rate: 0.2]
[other_rate: 0.1]
[min_data_per_group: 100]
[max_cat_threshold: 32]
[cat_l2: 10]
[cat_smooth: 10]
[max_cat_to_onehot: 4]
[top_k: 20]
[monotone_constraints: ]
[monotone_constraints_method: basic]
[monotone_penalty: 0]
[feature_contri: ]
[forcedsplits_filename: ]
[refit_decay_rate: 0.9]
[cegb_tradeoff: 1]
[cegb_penalty_split: 0]
[cegb_penalty_feature_lazy: ]
[cegb_penalty_feature_coupled: ]
[path_smooth: 0]
[interaction_constraints: ]
[verbosity: -1]
[saved_feature_importance_type: 0]
[use_quantized_grad: 0]
[num_grad_quant_bins: 4]
[quant_train_renew_leaf: 0]
[stochastic_rounding: 1]
[linear_tree: 0]
[max_bin: 255]
[max_bin_by_feature: ]
[min_data_in_bin: 3]
[bin_construct_sample_cnt: 200000]
[data_random_seed: 175]
[is_enable_sparse: 1]
[enable_bundle: 1]
[use_missing: 1]
[zero_as_missing: 0]
[feature_pre_filter: 0]
[pre_partition: 0]
[two_round: 0]
[header: 0]
[label_column: ]
[weight_column: ]
[group_column: ]
[ignore_column: ]
[categorical_feature: ]
[forcedbins_filename: ]
[precise_float_parser: 0]
[parser_config_file: ]
[objective_seed: 16083]
[num_class: 1]
[is_unbalance: 0]
[scale_pos_weight: 1]
[sigmoid: 1]
[boost_from_average: 1]
[reg_sqrt: 0]
[alpha: 0.9]
[fair_c: 1]
[poisson_max_delta_step: 0.7]
[tweedie_variance_power: 1.5]
[lambdarank_truncation_level: 30]
[lambdarank_norm: 1]
[label_gain: ]
[lambdarank_position_bias_regularization: 0]
[eval_at: ]
[multi_error_top_k: 1]
[auc_mu_weights: ]
[num_machines: 1]
[local_listen_port: 12400]
[time_out: 120]
[machine_list_filename: ]
[machines: ]
[gpu_platform_id: -1]
[gpu_device_id: -1]
[gpu_use_dp: 0]
[num_gpu: 1]

end of parameters

pandas_categorical:[]
