tree
version=v4
num_class=1
num_tree_per_iteration=1
label_index=0
max_feature_idx=123
objective=regression
feature_names=開催経過日 風速 波高 日目 レース 天気 風向 pos1_艇 pos1_級 pos1_展示 pos1_勝率 pos1_2連率 pos1_3連率 pos1_当地勝率 pos1_当地2連率 pos1_当地3連率 pos1_モーター勝率 pos1_モーター2連率 pos1_モーター3連率 pos1_ボート勝率 pos1_ボート2連率 pos1_ボート3連率 pos1_平均スタートタイミング pos1_1コース複勝率 pos1_2コース複勝率 pos1_3コース複勝率 pos1_4コース複勝率 pos1_5コース複勝率 pos1_6コース複勝率 pos1_体重 pos1_展示_レース内順位 pos1_展示_レース内差 pos1_勝率_レース内順位 pos1_勝率_レース内差 pos1_2連率_レース内順位 pos1_2連率_レース内差 pos1_3連率_レース内順位 pos1_3連率_レース内差 pos1_当地勝率_レース内順位 pos1_当地勝率_レース内差 pos1_モーター勝率_レース内順位 pos1_モーター勝率_レース内差 pos1_ボート勝率_レース内順位 pos1_ボート勝率_レース内差 pos1_平均スタートタイミング_レース内順位 pos1_平均スタートタイミング_レース内差 pos2_艇 pos2_級 pos2_展示 pos2_勝率 pos2_2連率 pos2_3連率 pos2_当地勝率 pos2_当地2連率 pos2_当地3連率 pos2_モーター勝率 pos2_モーター2連率 pos2_モーター3連率 pos2_ボート勝率 pos2_ボート2連率 pos2_ボート3連率 pos2_平均スタートタイミング pos2_1コース複勝率 pos2_2コース複勝率 pos2_3コース複勝率 pos2_4コース複勝率 pos2_5コース複勝率 pos2_6コース複勝率 pos2_体重 pos2_展示_レース内順位 pos2_展示_レース内差 pos2_勝率_レース内順位 pos2_勝率_レース内差 pos2_2連率_レース内順位 pos2_2連率_レース内差 pos2_3連率_レース内順位 pos2_3連率_レース内差 pos2_当地勝率_レース内順位 pos2_当地勝率_レース内差 pos2_モーター勝率_レース内順位 pos2_モーター勝率_レース内差 pos2_ボート勝率_レース内順位 pos2_ボート勝率_レース内差 pos2_平均スタートタイミング_レース内順位 pos2_平均スタートタイミング_レース内差 pos3_艇 pos3_級 pos3_展示 pos3_勝率 pos3_2連率 pos3_3連率 pos3_当地勝率 pos3_当地2連率 pos3_当地3連率 pos3_モーター勝率 pos3_モーター2連率 pos3_モーター3連率 pos3_ボート勝率 pos3_ボート2連率 pos3_ボート3連率 pos3_平均スタートタイミング pos3_1コース複勝率 pos3_2コース複勝率 pos3_3コース複勝率 pos3_4コース複勝率 pos3_5コース複勝率 pos3_6コース複勝率 pos3_体重 pos3_展示_レース内順位 pos3_展示_レース内差 pos3_勝率_レース内順位 pos3_勝率_レース内差 pos3_2連率_レース内順位 pos3_2連率_レース内差 pos3_3連率_レース内順位 pos3_3連率_レース内差 pos3_当地勝率_レース内順位 pos3_当地勝率_レース内差 pos3_モーター勝率_レース内順位 pos3_モーター勝率_レース内差 pos3_ボート勝率_レース内順位 pos3_ボート勝率_レース内差 pos3_平均スタートタイミング_レース内順位 pos3_平均スタートタイミング_レース内差
feature_infos=[10:3981] [1:8] [1:8] [1:7] [1:12] [0:2] [0:8] [2:2] [0:3] [6.5700000000000003:6.9699999999999998] [2.8900000000000001:7.9400000000000004] [5.7000000000000002:72.200000000000003] [15.1:84.299999999999997] [0:9.6199999999999992] [0:84] [0:100] [0:8] [0:71.400000000000006] [0:81] [0:7.2000000000000002] [0:66.700000000000003] [0:73.299999999999997] [0.12:0.20999999999999999] [12.5:100] [4.5:82.599999999999994] [0:75] [0:83.299999999999997] [0:60.899999999999999] [0:100] [45:63] [1:6] [-0.15499999999999847:0.10500000000000043] [1:6] [-1.813333333333333:2.4766666666666666] [1:6] [-17.699999999999996:35.616666666666667] [1:6] [-25.516666666666662:34.449999999999996] [1:6] [-4.7800000000000002:4.8466666666666658] [1:6] [-4.3433333333333328:2.3549999999999995] [1:6] [-3.9316666666666666:1.9199999999999999] [1:6] [-0.048333333333333339:0.043333333333333335] [4:4] [0:3] [6.5899999999999999:7] [2.6200000000000001:7.7400000000000002] [7.4000000000000004:68.799999999999997] [15.6:84.400000000000006] [0:9.9000000000000004] [0:100] [0:100] [0:8] [0:71.400000000000006] [0:73.900000000000006] [0:9] [0:100] [0:100] [0.11:0.22] [22.199999999999999:100] [0:78.200000000000003] [0:75.900000000000006] [0:100] [0:57.100000000000001] [0:100] [44:63] [1:6] [-0.096666666666667567:0.17166666666666686] [1:6] [-1.8950000000000005:2.8766666666666665] [1:6] [-25.100000000000001:29.300000000000004] [1:6] [-27.86666666666666:37.950000000000003] [1:6] [-4.8199999999999994:4.2166666666666668] [1:6] [-4.9350000000000005:3.1166666666666663] [1:6] [-4.4183333333333339:4.4716666666666667] [1:6] [-0.045000000000000026:0.048333333333333339] [1:1] [0:4] [6.5:7.0099999999999998] [2.79:7.3200000000000003] [4.0999999999999996:63.299999999999997] [13.199999999999999:82.700000000000003] [0:8.4299999999999997] [0:87.5] [0:92.900000000000006] [0:7.6399999999999997] [0:57.100000000000001] [0:78.599999999999994] [0:7.8600000000000003] [0:68.200000000000003] [0:90.900000000000006] [0.12:0.23000000000000001] [0:91.299999999999997] [0:72.400000000000006] [0:72.700000000000003] [0:76.900000000000006] [0:50] [0:40] [45:63] [1:6] [-0.12833333333333297:0.10500000000000043] [1:6] [-1.7083333333333335:1.9783333333333335] [1:6] [-23.133333333333336:30.566666666666666] [1:6] [-28.466666666666672:30.54999999999999] [1:6] [-4.9533333333333331:3.4633333333333334] [1:6] [-3.7333333333333338:3.0683333333333329] [1:6] [-3.0283333333333333:1.8150000000000013] [1:6] [-0.051666666666666666:0.054999999999999993]
tree_sizes=906 1048 1054 1036 827 843 1011 919 1064 791 912 836 929 831 927 888 820 931 915 829 829 913 816 723 818 755 834 893 855 955 1038 830 847 947 735 942 769 828 832 752 850 756 851 793 952 860 835 908 721 845 816 925 822 763 848 831 916 916 946 758 938 756 856 1053 822 1049 864 946 818 942 945 835 960 756 851 929 955 899 902 1059 839 844 917 759 761 1040 937 959 900 857 807 837 820 968 903 801 742 926 745 858 846 932 922 776 972 778 728 1067 836 847 938 856 918 1059 840 727 937 930 965 825 920 880 979 940 1085 912 759 956 779 789 949 1156 869 873 778 943 978 793 835 948 976 953 822 817 759 868 732 762 1062 760 954 820 911 853 866 868 822 858 1060 840 853 763 953 965 745 972 1048 768 921 755 853 793 859 843 939 782 920 763 863 837 875 791 864 765 951 797 826 779 928 945 829 872 848 837 874 917 838 801 860 985

Tree=0
num_leaves=9
num_cat=0
split_feature=34 62 4 33 70 89 35 37
split_gain=276008 96179.2 77013.5 25701 25600.5 9801.21 6340.8 1284.51
threshold=2.5000000000000004 69.350000000000009 8.5000000000000018 0.42999999999999977 0.011666666666666272 39.45000000000001 11.500000000000002 18.300000000000008
decision_type=2 2 2 2 2 2 2 2
left_child=-1 2 4 5 -2 -3 -5 -8
right_child=1 3 -4 6 -6 -7 7 -9
leaf_value=86.691597426859715 79.604398745427403 79.542407609870779 84.871105710481174 79.129172266145474 82.251900426678304 81.229052606086853 78.456536144531327 77.750770475362472
leaf_weight=18 23 20 14.999999999999998 27 14.999999999999998 14.999999999999998 14.999999999999998 17
leaf_count=18 23 20 15 27 15 15 15 17
internal_value=80.8653 80.1484 81.8504 79.1887 80.6506 80.2645 78.5526 78.073
internal_weight=165 147 53 94 38 35 59 32
internal_count=165 147 53 94 38 35 59 32
is_linear=0
shrinkage=1


Tree=1
num_leaves=10
num_cat=0
split_feature=64 33 74 93 39 37 89 117 62
split_gain=242156 81618.6 54412.3 52792.6 14748.5 8416.81 5352.56 3159.04 1210.51
threshold=19.500000000000004 0.86416666666666686 5.7416666666666663 60.45000000000001 0.35416666666666702 0.56666666666667009 38.650000000000013 1.2800000000000005 75.350000000000009
decision_type=2 2 2 2 2 2 2 2 2
left_child=-1 2 3 4 -2 -4 -7 8 -3
right_child=1 7 5 -5 -6 6 -8 -9 -10
leaf_value=5.458643800055075 1.2365039226629877 -2.2985687584277019 -0.16576623738922688 3.5446974459086888 -0.8544782799419931 -2.0597162074952329 -0.81506018970186356 -1.8136583363787726 -2.9533516092887986
leaf_weight=17 14.999999999999998 14.999999999999998 15.999999999999998 15.999999999999998 19 21 14.999999999999998 15.999999999999998 21
leaf_count=17 15 15 16 16 19 21 15 16 21
internal_value=-0.186512 -0.812849 0.00949114 1.18603 0.0687881 -1.12181 -1.54494 -2.42292 -2.68779
internal_weight=171 154 102 50 34 52 36 52 36
internal_count=171 154 102 50 34 52 36 52 36
is_linear=0
shrinkage=0.05


Tree=2
num_leaves=10
num_cat=0
split_feature=72 0 35 74 67 74 90 37 102
split_gain=260593 174021 59633.1 30770.4 18919 6370.65 5143 2130.43 373.719
threshold=1.0000000180025095e-35 2824.0000000000005 6.0999999999999952 7.2750000000000012 7.2500000000000009 5.0333333333333323 53.400000000000013 14.674999999999999 38.850000000000001
decision_type=2 2 2 2 2 2 2 2 2
left_child=1 -1 3 4 -2 -4 -5 -7 -9
right_child=2 -3 5 6 -6 7 -8 8 -10
leaf_value=0.88218697352238373 2.4166672526605866 7.5517141282928648 -1.2767537697016844 -1.6910328195702213 -0.05018854592897877 -1.9729285949187751 -0.42122130334747504 -2.9121911964669129 -2.4405007217104071
leaf_weight=25 15.000000000000002 15.999999999999998 17 15.999999999999998 15.999999999999998 19 15.999999999999998 15.000000000000002 14.999999999999998
leaf_count=25 15 16 17 16 16 19 16 15 15
internal_value=0.0296047 3.49709 -1.07428 0.0263288 1.14722 -2.12339 -1.05957 -2.41382 -2.6854
internal_weight=170 41 129 63 31 66 32 49 30
internal_count=170 41 129 63 31 66 32 49 30
is_linear=0
shrinkage=0.05


Tree=3
num_leaves=10
num_cat=0
split_feature=35 74 36 26 35 11 101 37 102
split_gain=232733 103214 50470.2 83533.2 29404.9 17121 12922.4 3358.36 177.574
threshold=-6.9333333333333309 3.774999999999999 5.5000000000000009 32.400000000000006 6.0999999999999952 34.95000000000001 64.500000000000014 14.674999999999999 36.550000000000004
decision_type=2 2 2 2 2 2 2 2 2
left_child=-1 2 3 6 5 -3 -2 -6 -9
right_child=1 4 -4 -5 7 -7 -8 8 -10
leaf_value=6.0712032993897704 -0.53529537481977441 -1.3420177849496548 -0.90276259728686292 5.0544908465928593 -1.7780519317178165 0.72703168273669239 1.50157230507513 -2.7991526344754045 -2.4151926052496298
leaf_weight=14.999999999999998 15.000000000000002 24 22 14.999999999999998 22 17 15.999999999999998 15.000000000000002 15.999999999999998
leaf_count=15 15 24 22 15 22 17 16 15 16
internal_value=0.134202 -0.418896 1.06401 2.00467 -1.49168 -0.484316 0.517278 -2.26849 -2.60954
internal_weight=177 162 68 46 94 41 31 53 31
internal_count=177 162 68 46 94 41 31 53 31
is_linear=0
shrinkage=0.05


Tree=4
num_leaves=8
num_cat=0
split_feature=72 37 35 75 105 33 106
split_gain=210404 198388 44878.4 31235.2 7874.97 4892.02 788.514
threshold=1.0000000180025095e-35 0.56666666666667009 6.0999999999999952 4.5000000000000009 18.900000000000002 0.99833333333333363 6.2500000000000009
decision_type=2 2 2 2 2 2 2
left_child=1 -1 3 -2 -5 -4 -7
right_child=2 -3 5 4 -6 6 -8
leaf_value=7.6361528584499245 1.3548812368731478 0.31938956268595464 -1.4396341310554293 -1.7575272702334219 -0.37378190262564298 -2.5563474927629746 -2.0281654332647263
leaf_weight=14.999999999999998 23 24 25 17 26 23 14.999999999999998
leaf_count=15 23 24 25 17 26 23 15
internal_value=-0.0673719 3.14599 -1.04058 -0.12877 -0.923769 -1.99401 -2.35386
internal_weight=168 39 129 66 43 63 38
internal_count=168 39 129 66 43 63 38
is_linear=0
shrinkage=0.05


Tree=5
num_leaves=8
num_cat=0
split_feature=72 36 35 31 80 100 33
split_gain=104283 60913.9 37881.6 17451.6 7975.15 3853.97 1246.53
threshold=0.048333333333333346 3.5000000000000004 5.7333333333333334 0.010833333333333252 0.27666666666666645 0.15500000000000003 1.1274999999999997
decision_type=2 2 2 2 2 2 2
left_child=1 -1 3 4 -2 -4 -7
right_child=2 -3 5 -5 -6 6 -8
leaf_value=4.1639235979281599 -0.17578365959193373 0.24912326767526827 -1.2569739910150997 1.1464551172061272 -1.6691901522756412 -1.8721053903136771 -2.4199271734923231
leaf_weight=15.999999999999998 22 26 14.999999999999998 17 14.999999999999998 21 28
leaf_count=16 22 26 15 17 15 21 28
internal_value=-0.389948 1.74694 -1.15141 -0.175327 -0.784221 -1.97335 -2.18954
internal_weight=160 42 118 54 37 64 49
internal_count=160 42 118 54 37 64 49
is_linear=0
shrinkage=0.05


Tree=6
num_leaves=10
num_cat=0
split_feature=35 83 31 37 74 37 94 113 33
split_gain=193421 78009 48369.7 38538.3 13149.7 8461.06 8387.85 2866.98 689.592
threshold=-6.9333333333333309 4.5000000000000009 -0.021666666666666941 2.3833333333333298 3.774999999999999 15.358333333333336 5.6550000000000011 3.4833333333333294 1.3333333333333333
decision_type=2 2 2 2 2 2 2 2 2
left_child=-1 3 -3 4 -2 6 7 -5 -7
right_child=1 2 -4 5 -6 8 -8 -9 -10
leaf_value=5.4734379535849333 1.2361031832090064 -0.23579403390947556 3.7086256484067222 -1.9289774490125251 -0.62205568637637143 -1.8874874632879601 -0.23358710718433759 -1.0863718902877488 -2.4065851727901899
leaf_weight=14.999999999999998 20 15.000000000000002 15.999999999999998 23 18 14.999999999999998 17 19 18
leaf_count=15 20 15 16 23 18 15 17 19 18
internal_value=0.0624366 -0.444748 1.80525 -0.9823 0.356469 -1.53511 -1.17282 -1.5514 -2.1772
internal_weight=176 161 31 130 38 92 59 42 33
internal_count=176 161 31 130 38 92 59 42 33
is_linear=0
shrinkage=0.05


Tree=7
num_leaves=9
num_cat=0
split_feature=72 68 33 72 14 59 117 76
split_gain=206130 145425 38337.2 19882.1 24819.6 5148.42 2397.24 791.07
threshold=1.0000000180025095e-35 55.500000000000007 0.77583333333333349 1.2550000000000006 30.100000000000005 35.850000000000001 1.2800000000000005 16.100000000000001
decision_type=2 2 2 2 2 2 2 2
left_child=1 -1 3 4 -2 -6 7 -4
right_child=2 -3 6 -5 5 -7 -8 -9
leaf_value=5.6966354797560861 1.7443209261376393 -0.52252824543327692 -1.7828595057777734 -1.3696064302706605 -0.85807337350974788 0.34022416034281655 -1.3178546014584993 -2.3235819811012308
leaf_weight=25 22 14.999999999999998 15.999999999999998 21 22 14.999999999999998 17 17
leaf_count=25 22 15 16 21 22 15 17 17
internal_value=0.23473 3.36884 -0.731421 -0.0520629 0.418333 -0.372535 -1.81602 -2.06774
internal_weight=170 40 130 80 59 37 50 33
internal_count=170 40 130 80 59 37 50 33
is_linear=0
shrinkage=0.05


Tree=8
num_leaves=10
num_cat=0
split_feature=72 37 33 62 34 104 43 91 76
split_gain=139351 109353 28515.3 23319 9554.3 13005.6 3522.95 2105.01 965.292
threshold=1.0000000180025095e-35 0.56666666666667009 0.77583333333333349 69.350000000000009 3.5000000000000004 30.200000000000003 -0.067500000000000324 5.6900000000000004 16.658333333333331
decision_type=2 2 2 2 2 2 2 2 2
left_child=1 -1 3 -2 5 -5 -6 8 -4
right_child=2 -3 7 4 6 -7 -8 -9 -10
leaf_value=5.9332296213566869 1.3546253097650096 0.45439125118833595 -1.6447210513992816 -1.0982939406341272 -0.7716810135651897 0.97691024541854865 -1.8631737639572448 -1.2590536730444948 -2.223127251270554
leaf_weight=14.999999999999998 18 23 14.999999999999998 15.000000000000002 15.000000000000002 14.999999999999998 14.999999999999998 15.999999999999998 19
leaf_count=15 18 23 15 15 15 15 15 16 19
internal_value=-0.0276042 2.62712 -0.8172 -0.218956 -0.692582 -0.0607274 -1.32197 -1.74806 -1.97367
internal_weight=166 38 128 78 60 30 30 50 34
internal_count=166 38 128 78 60 30 30 50 34
is_linear=0
shrinkage=0.05


Tree=9
num_leaves=8
num_cat=0
split_feature=64 4 39 77 57 37 3
split_gain=157541 48560.2 32478.9 40410.4 6592.61 3738.03 3560.21
threshold=21.250000000000004 10.500000000000002 0.35416666666666702 5.5000000000000009 44.550000000000004 15.358333333333336 3.5000000000000004
decision_type=2 2 2 2 2 2 2
left_child=-1 2 3 -2 -4 6 -6
right_child=1 -3 4 -5 5 -7 -8
leaf_value=4.5441753913784586 1.9268697990113823 1.7807839098261362 -0.66091045565710738 -1.3800143725690786 -1.7817860483499097 -2.0223034049227477 -0.85010648656201049
leaf_weight=17 20 20 27 17 19 29 23
leaf_count=17 20 20 27 17 19 29 23
internal_value=-0.0104781 -0.512661 -0.853534 0.407731 -1.32971 -1.58268 -1.27493
internal_weight=172 155 135 37 98 71 42
internal_count=172 155 135 37 98 71 42
is_linear=0
shrinkage=0.05


Tree=10
num_leaves=9
num_cat=0
split_feature=72 6 33 119 31 106 88 33
split_gain=123712 117120 24677.2 17796.7 19106.6 3996.2 1612.44 2818.62
threshold=1.0000000180025095e-35 3.5000000000000004 0.42999999999999977 0.26250000000000068 -1.0000000180025095e-35 15.750000000000002 4.6400000000000015 1.1274999999999997
decision_type=2 2 2 2 2 2 2 2
left_child=1 -1 3 4 -2 6 -4 -8
right_child=2 -3 5 -5 -6 -7 7 -9
leaf_value=0.10054827038518983 -0.47551772416412058 5.8196173832116544 -1.9210020863690138 -1.3470168398312872 1.6623622170293517 -0.69815003445606372 -0.91653379645873922 -1.8374114689074064
leaf_weight=22 23 14.999999999999998 26 19 19 14.999999999999998 17 17
leaf_count=22 23 15 26 19 19 15 17 17
internal_value=-0.130824 2.42866 -0.828465 -0.0812007 0.493151 -1.43526 -1.61798 -1.38116
internal_weight=173 37 136 61 42 75 60 34
internal_count=173 37 136 61 42 75 60 34
is_linear=0
shrinkage=0.05


Tree=11
num_leaves=8
num_cat=0
split_feature=72 35 119 77 9 76 32
split_gain=169644 39666.2 32449.1 26024.1 5523.38 2743.18 4128.94
threshold=-0.26833333333333259 6.0999999999999952 0.10749999999999994 4.5000000000000009 6.8050000000000006 14.91666666666667 5.5000000000000009
decision_type=2 2 2 2 2 2 2
left_child=-1 2 3 -2 -4 6 -3
right_child=1 5 4 -5 -6 -7 -8
leaf_value=4.0280484562828427 2.155306639709321 -0.54840047507552625 -1.667288453057902 -0.42255194478708769 -0.35013044758846884 -1.8239813562111349 -1.5900144248582515
leaf_weight=23 25 15.999999999999998 14.999999999999998 15.999999999999998 17 29 24
leaf_count=23 25 16 15 16 17 29 24
internal_value=0.0540781 -0.59194 0.220476 1.15061 -0.970975 -1.4506 -1.1759
internal_weight=165 142 73 41 32 69 40
internal_count=165 142 73 41 32 69 40
is_linear=0
shrinkage=0.05


Tree=12
num_leaves=9
num_cat=0
split_feature=66 4 39 74 0 31 45 41
split_gain=164552 57843.7 29292.7 27719.9 8544.15 3302.44 3047.56 584.853
threshold=5.1000000000000005 10.500000000000002 0.15750000000000067 7.9833333333333352 2897.0000000000005 -0.030833333333333265 -0.0033333333333333405 -0.069999999999999826
decision_type=2 2 2 2 2 2 2 2
left_child=-1 2 3 -2 5 7 -7 -4
right_child=1 -3 4 -5 -6 6 -8 -9
leaf_value=4.9514007802335378 2.0078946307388659 2.3867975533357142 -1.5022431544403529 -0.93254013821383974 -0.35707329499352841 -1.3941084120853013 -0.50582940948675881 -1.9399493490743358
leaf_weight=15.999999999999998 17 17 20 14.999999999999998 29 25 15.999999999999998 17
leaf_count=16 17 17 20 15 29 25 16 17
internal_value=0.138701 -0.357733 -0.694906 0.630799 -1.09164 -1.36388 -1.04966 -1.70817
internal_weight=172 156 139 32 107 78 41 37
internal_count=172 156 139 32 107 78 41 37
is_linear=0
shrinkage=0.05


Tree=13
num_leaves=8
num_cat=0
split_feature=66 4 32 111 62 123 9
split_gain=146429 44860.9 24444.2 22676.8 14990.3 5582.32 912.428
threshold=5.4500000000000002 10.500000000000002 3.5000000000000004 0.086666666666666017 64.850000000000009 -0.0091666666666666823 6.7550000000000008
decision_type=2 2 2 2 2 2 2
left_child=-1 2 3 -2 -4 -6 -7
right_child=1 -3 4 -5 5 6 -8
leaf_value=4.7885212602994303 1.6309195411142878 1.9075074898634903 0.10598236489619604 -0.96231070385863449 -0.73191651101131361 -1.9059153470947843 -1.4694123591374195
leaf_weight=14.999999999999998 19 19 22 14.999999999999998 25 21 37
leaf_count=15 19 19 22 15 25 21 37
internal_value=0.0843202 -0.364996 -0.67681 0.487234 -1.05389 -1.36114 -1.63055
internal_weight=173 158 139 34 105 83 58
internal_count=173 158 139 34 105 83 58
is_linear=0
shrinkage=0.05


Tree=14
num_leaves=9
num_cat=0
split_feature=82 83 117 115 65 15 39 113
split_gain=139370 36005.1 14723.3 6544.4 10262.9 3703.94 2446.58 2392.28
threshold=-0.46166666666666684 4.5000000000000009 -1.5650000000000002 5.9833333333333316 26.600000000000005 53.900000000000006 1.6324999999999996 10.291666666666671
decision_type=2 2 2 2 2 2 2 2
left_child=-1 2 -2 5 -5 -4 -7 -6
right_child=1 -3 3 4 7 6 -8 -9
leaf_value=3.7884056023511841 0.41534955830863823 1.1049234306130462 -2.0628601104177107 0.38724835155815485 -1.6523841340020793 -0.88278963956595458 -1.7047924644899686 -0.7997115442266014
leaf_weight=21 18 27 19 14.999999999999998 14.999999999999998 24 14.999999999999998 19
leaf_count=21 18 27 19 15 15 24 15 19
internal_value=-0.0196398 -0.547929 -0.905583 -1.12802 -0.700164 -1.48758 -1.20262 -1.17978
internal_weight=173 152 125 107 49 58 39 34
internal_count=173 152 125 107 49 58 39 34
is_linear=0
shrinkage=0.05


Tree=15
num_leaves=9
num_cat=0
split_feature=82 35 12 119 119 33 0 24
split_gain=107573 31571.7 33144 9919.38 12645.6 6064.65 8235.84 927.968
threshold=-0.46166666666666684 6.0999999999999952 58.350000000000001 0.23000000000000001 -0.32750000000000007 1.0866666666666671 1630.5000000000002 47.900000000000006
decision_type=2 2 2 2 2 2 2 2
left_child=-1 2 3 4 -2 6 -3 -7
right_child=1 5 -4 -5 -6 7 -8 -9
leaf_value=3.2478754399588747 -1.0773417520207285 -1.4418044627700721 2.0392595412863019 -1.291804067501847 0.7282570344715541 -1.2831089842389201 0.089983499259279481 -1.7835887499695993
leaf_weight=22 14.999999999999998 18 19 19 27 17 17 26
leaf_count=22 15 18 19 19 27 17 17 26
internal_value=-0.0195915 -0.476353 0.221464 -0.347063 0.0822543 -1.1915 -0.699514 -1.58928
internal_weight=180 158 80 61 42 78 35 43
internal_count=180 158 80 61 42 78 35 43
is_linear=0
shrinkage=0.05


Tree=16
num_leaves=8
num_cat=0
split_feature=64 74 36 12 37 105 55
split_gain=115905 25130 29614.8 42055.5 3454.68 2383.9 669.173
threshold=21.250000000000004 7.2750000000000012 5.5000000000000009 53.050000000000004 2.3833333333333298 25.500000000000004 5.2350000000000012
decision_type=2 2 2 2 2 2 2
left_child=-1 2 3 -2 -3 6 -6
right_child=1 4 -4 -5 5 -7 -8
leaf_value=3.8028346498368197 -0.55023877695477752 -0.46850987585964587 -1.1336580525558837 2.2361482149120628 -1.7893311751516241 -0.78992921792908222 -1.3377512725043637
leaf_weight=18 27 14.999999999999998 29 27 17 14.999999999999998 21
leaf_count=18 27 15 29 27 17 15 21
internal_value=0.0217532 -0.431157 0.152692 0.84442 -1.14305 -1.33262 -1.54407
internal_weight=169 151 83 54 68 53 38
internal_count=169 151 83 54 68 53 38
is_linear=0
shrinkage=0.05


Tree=17
num_leaves=9
num_cat=0
split_feature=33 84 33 62 31 33 88 33
split_gain=123009 46330.3 13796.2 16282.9 9124.15 6775.22 2746.15 866.54
threshold=-0.37083333333333307 0.015833333333333355 1.073333333333333 64.850000000000009 -1.0000000180025095e-35 0.39999999999999997 5.0100000000000007 1.3333333333333333
decision_type=2 2 2 2 2 2 2 2
left_child=-1 2 3 -2 6 -6 -5 -4
right_child=1 -3 7 4 5 -7 -8 -9
leaf_value=4.2841907104909032 0.78143446507391978 2.1159788244999711 -1.1996758033247554 -1.7493514174657152 0.59459549125872158 -0.79333804183902001 -0.9138156954236204 -1.6593954746857351
leaf_weight=14.999999999999998 23 15.999999999999998 22 14.999999999999998 17 18 30 23
leaf_count=15 23 16 22 15 17 18 30 23
internal_value=-0.0343277 -0.431715 -0.708417 -0.388572 -0.725567 -0.119283 -1.1957 -1.43791
internal_weight=179 164 148 103 80 35 45 45
internal_count=179 164 148 103 80 35 45 45
is_linear=0
shrinkage=0.05


Tree=18
num_leaves=9
num_cat=0
split_feature=72 80 89 35 45 72 66 28
split_gain=80391.6 78906.6 16220.7 12803.4 6230.53 6485.62 2252 1509.37
threshold=1.0000000180025095e-35 -0.13666666666666713 49.100000000000009 -3.5250000000000017 -0.0074999999999999919 0.81666666666666654 15.350000000000001 10.250000000000002
decision_type=2 2 2 2 2 2 2 2
left_child=1 -1 3 -2 6 -6 -5 -8
right_child=2 -3 -4 4 5 -7 7 -9
leaf_value=4.4133887084149519 0.38973445393028061 -0.043252744070545038 0.94927936326589002 -1.9150473752558625 0.049320709422866316 -1.1773304637066377 -0.82110454576057279 -1.4656685729727359
leaf_weight=18 19 22 14.999999999999998 14.999999999999998 21 22 17 21
leaf_count=18 19 22 15 15 21 22 17 21
internal_value=0.0107728 1.96812 -0.592498 -0.794293 -1.02885 -0.579428 -1.3916 -1.18035
internal_weight=170 40 130 115 96 43 53 38
internal_count=170 40 130 115 96 43 53 38
is_linear=0
shrinkage=0.05


Tree=19
num_leaves=8
num_cat=0
split_feature=34 83 33 31 87 67 53
split_gain=115635 41383.1 8993.32 5225.45 4568.96 2008.35 758.762
threshold=2.5000000000000004 4.5000000000000009 0.10833333333333341 -0.020000000000000458 6.7950000000000008 6.9000000000000012 40.100000000000009
decision_type=2 2 2 2 2 2 2
left_child=-1 2 -2 5 -5 -4 -7
right_child=1 -3 3 4 -6 6 -8
leaf_value=3.7289098199125363 0.013616533664493627 1.4597474011766958 -1.8513759916191859 -0.20432354185292728 -1.1445844854062028 -0.86692691291404866 -1.3709866244890536
leaf_weight=19 29 25 14.999999999999998 28 24 14.999999999999998 17
leaf_count=19 29 25 15 28 24 15 17
internal_value=0.060586 -0.397063 -0.760617 -0.987247 -0.63975 -1.36943 -1.1383
internal_weight=172 153 128 99 52 47 32
internal_count=172 153 128 99 52 47 32
is_linear=0
shrinkage=0.05


Tree=20
num_leaves=8
num_cat=0
split_feature=35 83 4 32 60 33 10
split_gain=105866 41408.5 11919.7 7631.41 4180.07 4436.75 1463.3
threshold=-6.9333333333333309 4.5000000000000009 9.5000000000000018 3.5000000000000004 49.350000000000001 0.77583333333333349 5.6000000000000005
decision_type=2 2 2 2 2 2 2
left_child=-1 2 3 -2 6 -6 -5
right_child=1 -3 -4 4 5 -7 -8
leaf_value=4.0404048483892785 -0.030664013799332895 1.4877296892162484 0.37749819280874675 -1.8432041269264474 -0.13668985465613517 -1.1302013424593349 -1.2222351390658028
leaf_weight=14.999999999999998 21 26 22 14.999999999999998 18 30 30
leaf_count=15 21 26 22 15 18 30 30
internal_value=0.0361702 -0.336825 -0.686511 -0.89204 -1.08625 -0.758797 -1.43296
internal_weight=177 162 136 114 93 48 45
internal_count=177 162 136 114 93 48 45
is_linear=0
shrinkage=0.05


Tree=21
num_leaves=9
num_cat=0
split_feature=34 62 90 66 89 31 43 70
split_gain=100706 23909.3 29797.2 5623.84 5795.09 5147.56 1489.93 788.05
threshold=2.5000000000000004 64.850000000000009 50.900000000000006 32.20000000000001 39.050000000000004 0.0041666666666668748 -0.44666666666666627 -0.0016666666666655947
decision_type=2 2 2 2 2 2 2 2
left_child=-1 2 -2 4 6 -6 -3 -8
right_child=1 3 -4 -5 5 -7 7 -9
leaf_value=3.1685689035750113 -0.71238622427431497 -0.93240804751187756 2.1276143277597703 -0.21023583976245019 -1.0431756722981034 0.15573545548300083 -1.3031702434847139 -1.7736523922825356
leaf_weight=21 20 14.999999999999998 17 26 22 14.999999999999998 21 19
leaf_count=21 20 15 17 26 22 15 21 19
internal_value=-0.0723038 -0.513182 0.594562 -0.860777 -1.04414 -0.557886 -1.36956 -1.53064
internal_weight=176 155 37 118 92 37 55 40
internal_count=176 155 37 118 92 37 55 40
is_linear=0
shrinkage=0.05


Tree=22
num_leaves=8
num_cat=0
split_feature=76 62 31 104 37 27 101
split_gain=123751 21315.2 10218.5 8737.86 2893.44 1248.42 1390.62
threshold=-6.200000000000002 64.850000000000009 0.014166666666666662 22.900000000000002 0.56666666666667009 32.550000000000004 71.700000000000017
decision_type=2 2 2 2 2 2 2
left_child=-1 -2 4 -4 -3 6 -6
right_child=1 2 3 -5 5 -7 -8
leaf_value=3.5527945744765312 0.77526451086632586 -0.59755337119597118 -1.0164654764908039 0.54401528503560381 -1.3235254515841157 -1.6039080222008637 -0.7762398302258543
leaf_weight=21 26 24 14.999999999999998 22 30 18 20
leaf_count=21 26 24 15 22 30 18 20
internal_value=-0.0397776 -0.528522 -0.791737 -0.0895119 -1.07369 -1.24055 -1.1067
internal_weight=176 155 129 37 92 68 50
internal_count=176 155 129 37 92 68 50
is_linear=0
shrinkage=0.05


Tree=23
num_leaves=7
num_cat=0
split_feature=33 4 32 80 75 43
split_gain=103433 27273.2 13599.2 5436.29 5535.71 3666.5
threshold=-0.27166666666666689 9.5000000000000018 3.5000000000000004 -0.44000000000000034 3.5000000000000004 -0.27666666666666678
decision_type=2 2 2 2 2 2
left_child=-1 2 -2 -4 -5 -6
right_child=1 -3 3 4 5 -7
leaf_value=3.6380932990358681 0.41055241654202401 1.2773497879235451 -0.17463979039873398 -1.8204901400192008 -0.36306217448693129 -1.1171550799411853
leaf_weight=18 26 22 23 18 26 43
leaf_count=18 26 22 23 18 26 43
internal_value=0.0577739 -0.352122 -0.616495 -0.859449 -1.04003 -0.834013
internal_weight=176 158 136 110 87 69
internal_count=176 158 136 110 87 69
is_linear=0
shrinkage=0.05


Tree=24
num_leaves=8
num_cat=0
split_feature=76 102 45 15 66 51 117
split_gain=100691 14556.3 9445.66 16059.9 4735.05 5422.03 3350.01
threshold=-6.200000000000002 56.250000000000007 0.0041666666666666666 59.350000000000009 10.800000000000002 52.45000000000001 0.069999999999999854
decision_type=2 2 2 2 2 2 2
left_child=-1 2 4 -4 -2 -6 -7
right_child=1 -3 3 -5 5 6 -8
leaf_value=3.4364052309415727 -1.6133261853491352 0.88011985617782429 1.1534888405826209 -0.89972598018930905 0.16209420510475211 -0.46248680885427551 -1.1935319989997883
leaf_weight=19 17 19 18 20 14.999999999999998 27 38
leaf_count=19 17 19 18 20 15 27 38
internal_value=0.012057 -0.412351 -0.594808 0.0731931 -0.856357 -0.693625 -0.891121
internal_weight=173 154 135 38 97 80 65
internal_count=173 154 135 38 97 80 65
is_linear=0
shrinkage=0.05


Tree=25
num_leaves=7
num_cat=0
split_feature=72 84 66 31 62 119
split_gain=95029 24364.7 10707.1 6563.64 3635.34 2188.69
threshold=-0.53416666666666568 0.012499999999999999 34.050000000000004 0.034166666666666685 66.65000000000002 0.26250000000000068
decision_type=2 2 2 2 2 2
left_child=-1 2 3 4 -2 -6
right_child=1 -3 -4 -5 5 -7
leaf_value=3.5522840494300887 -0.43217370120652643 1.4685575366760633 0.28815996035986524 0.16818718827323409 -0.86930547035898131 -1.4277420259291125
leaf_weight=17 25 15.999999999999998 28 14.999999999999998 38 34
leaf_count=17 25 16 28 15 38 34
internal_value=0.0136953 -0.373917 -0.585419 -0.80392 -0.954316 -1.1347
internal_weight=173 156 140 112 97 72
internal_count=173 156 140 112 97 72
is_linear=0
shrinkage=0.05


Tree=26
num_leaves=8
num_cat=0
split_feature=120 77 45 109 30 49 93
split_gain=33607.8 58534.5 12619.7 7571.64 8559.29 4422.74 2046.4
threshold=1.5000000000000002 4.5000000000000009 0.0066666666666666688 -0.06666666666666686 3.5000000000000004 4.6550000000000002 52.750000000000007
decision_type=2 2 2 2 2 2 2
left_child=1 -1 3 -2 5 -5 -7
right_child=2 -3 -4 4 -6 6 -8
leaf_value=3.4996435796977674 0.22813803335154278 -0.90523160972342576 0.40802690168292499 -1.9696198690806004 -0.078482073073473449 -0.71011170243900079 -1.3044635254492873
leaf_weight=15 15.999999999999998 15 28 14.999999999999998 22 30 29
leaf_count=15 16 15 28 15 22 30 29
internal_value=-0.214584 1.30135 -0.54016 -0.777404 -0.945109 -1.20223 -1.00405
internal_weight=170 30 140 112 96 74 59
internal_count=170 30 140 112 96 74 59
is_linear=0
shrinkage=0.05


Tree=27
num_leaves=9
num_cat=0
split_feature=66 9 83 45 117 17 89 71
split_gain=86958.9 15044.5 22228.4 12244.5 9340.37 4962.06 3887.11 2502.09
threshold=5.1000000000000005 6.7650000000000006 4.5000000000000009 0.0083333333333333471 -0.77583333333333282 26.650000000000002 35.650000000000013 4.5000000000000009
decision_type=2 2 2 2 2 2 2 2
left_child=-1 5 3 4 -3 -2 -6 -7
right_child=1 2 -4 -5 6 7 -8 -9
leaf_value=3.2261893917842466 -0.2518963769165396 0.2881552992604714 1.7395699273671537 0.83549925430476313 -1.5320916378659899 -1.628235290370462 -0.59870217442512508 -0.91656187743054574
leaf_weight=18 17 18 14.999999999999998 17 22 23 23 28
leaf_count=18 17 18 15 17 22 23 23 28
internal_value=-0.0618449 -0.426727 -0.0200746 -0.35183 -0.673116 -0.993907 -1.05752 -1.24017
internal_weight=181 163 95 80 63 68 45 51
internal_count=181 163 95 80 63 68 45 51
is_linear=0
shrinkage=0.05


Tree=28
num_leaves=8
num_cat=0
split_feature=64 31 45 66 31 59 72
split_gain=99198.3 21519.5 11224.3 5734.15 3413.06 3405.44 700.934
threshold=21.250000000000004 0.036666666666666632 0.0066666666666666688 12.750000000000002 -0.039999999999999584 35.850000000000001 0.94333333333333391
decision_type=2 2 2 2 2 2 2
left_child=-1 2 3 -2 6 -6 -5
right_child=1 -3 -4 4 5 -7 -8
leaf_value=3.8645348814149574 -1.4740195749765372 1.2023499740902042 0.31061192831534934 -1.295392009280375 -0.64547392449221608 0.17819433521829259 -0.79735775625468885
leaf_weight=14.999999999999998 25 19 28 15.000000000000002 41 18 14.999999999999998
leaf_count=15 25 19 28 15 41 18 15
internal_value=-0.0105027 -0.373737 -0.585355 -0.80554 -0.616265 -0.394224 -1.05002
internal_weight=176 161 142 114 89 59 30
internal_count=176 161 142 114 89 59 30
is_linear=0
shrinkage=0.05


Tree=29
num_leaves=9
num_cat=0
split_feature=66 66 33 62 107 119 80 87
split_gain=99187 16283.1 19543.7 7144.15 12544.3 2680.6 3611.2 2484.08
threshold=5.1000000000000005 32.20000000000001 0.17833333333333304 64.850000000000009 54.500000000000007 0.23000000000000001 0.18416666666666662 6.7550000000000008
decision_type=2 2 2 2 2 2 2 2
left_child=-1 3 -3 4 -2 6 -5 -7
right_child=1 2 -4 5 -6 7 -8 -9
leaf_value=3.9268277288272686 -0.82079527365599625 1.9895050830398959 -0.51565296663815929 -0.15302688731140351 1.107614736367535 -0.63585229012536715 -1.0313118027211314 -1.4468108390129453
leaf_weight=14.999999999999998 19 15.000000000000002 15.999999999999998 25 14.999999999999998 15.999999999999998 22 24
leaf_count=15 19 15 16 25 15 16 22 24
internal_value=0.0617838 -0.321933 0.698859 -0.583861 0.0305804 -0.823804 -0.565562 -1.12495
internal_weight=167 152 31 121 34 87 47 40
internal_count=167 152 31 121 34 87 47 40
is_linear=0
shrinkage=0.05


Tree=30
num_leaves=10
num_cat=0
split_feature=58 75 31 48 50 62 91 89 113
split_gain=29294.7 44270.8 16378.4 20182.2 7561.84 8327.53 1824.63 1622.73 1011.74
threshold=4.8650000000000011 4.5000000000000009 0.014166666666666662 6.8050000000000006 23.500000000000004 71.100000000000009 5.1500000000000012 41.850000000000001 -1.783333333333333
decision_type=2 2 2 2 2 2 2 2 2
left_child=1 -1 4 -4 -2 -6 8 -8 -7
right_child=2 -3 3 -5 5 6 7 -9 -10
leaf_value=2.6894748516936802 -1.8104752587975921 -0.63049180166638319 1.8108041903041057 -0.69804069668228863 0.23752979749186909 -0.91563676493057322 -1.4483677103448269 -0.75038052678897693 -0.34088451047861801
leaf_weight=20 15.999999999999998 20 14.999999999999998 17 21 15.000000000000002 20 14.999999999999998 15.999999999999998
leaf_count=20 16 20 15 17 21 15 20 15 16
internal_value=-0.154865 1.03193 -0.50705 0.479802 -0.813861 -0.62865 -0.904271 -1.15236 -0.621201
internal_weight=175 40 135 32 103 87 66 35 31
internal_count=175 40 135 32 103 87 66 35 31
is_linear=0
shrinkage=0.05


Tree=31
num_leaves=8
num_cat=0
split_feature=35 4 60 36 101 94 49
split_gain=65863.4 19302.8 8708.25 3465.42 5132.22 4611.69 1572.44
threshold=-5.7749999999999959 9.5000000000000018 55.45000000000001 5.5000000000000009 54.650000000000006 5.3750000000000009 5.7150000000000007
decision_type=2 2 2 2 2 2 2
left_child=-1 2 3 4 -2 -6 -5
right_child=1 -3 -4 6 5 -7 -8
leaf_value=3.0056494611048561 -1.1452872576909663 1.0038347185370455 0.34638367827007882 -1.5254067629378358 -0.59083477540100071 0.39678168632707544 -0.7905362545259742
leaf_weight=17 23 25 24 15.000000000000002 34 18 14.999999999999998
leaf_count=17 23 25 24 15 34 18 15
internal_value=0.0616196 -0.265078 -0.511617 -0.707922 -0.524925 -0.248766 -1.16198
internal_weight=171 154 129 105 75 52 30
internal_count=171 154 129 105 75 52 30
is_linear=0
shrinkage=0.05


Tree=32
num_leaves=8
num_cat=0
split_feature=82 100 31 14 109 71 41
split_gain=83396.2 16513.8 6880.84 10423.4 4687.36 3520.03 1415.86
threshold=-0.46166666666666684 0.14500000000000005 1.0000000180025095e-35 32.850000000000001 -0.054999999999999265 3.5000000000000004 0.066666666666666888
decision_type=2 2 2 2 2 2 2
left_child=-1 -2 4 -4 -3 -6 -7
right_child=1 2 3 -5 5 6 -8
leaf_value=2.9286024675550055 0.93499009403258704 -0.16672467042131034 0.87883235956571104 -0.72745046650791512 -1.7730638409292461 -0.67292873471282244 -1.2138160278446866
leaf_weight=21 19 17 15.999999999999998 27 14.999999999999998 30 21
leaf_count=21 19 17 16 27 15 30 21
internal_value=-0.00848171 -0.435612 -0.642907 -0.128996 -0.908615 -1.09909 -0.897684
internal_weight=166 145 126 43 83 66 51
internal_count=166 145 126 43 83 66 51
is_linear=0
shrinkage=0.05


Tree=33
num_leaves=9
num_cat=0
split_feature=37 100 5 62 67 105 95 99
split_gain=81215.6 17849.5 7546.29 11924.5 4519.97 3975.64 2497.77 1439.03
threshold=-4.4083333333333341 0.14500000000000005 1.0000000180025095e-35 64.850000000000009 5.4000000000000012 22.650000000000002 36.45000000000001 48.20000000000001
decision_type=2 2 2 2 2 2 2 2
left_child=-1 -2 3 -3 -4 7 -6 -5
right_child=1 2 4 5 6 -7 -8 -9
leaf_value=3.5332541873123477 1.0806411592818017 0.85371446229925196 -1.69654459795415 -1.1635313458703642 -0.97037554781375324 -0.015062990297355923 -0.16447746524747633 -0.52160509872880778
leaf_weight=14.999999999999998 20 20 14.999999999999998 20 27 21 14.999999999999998 15.999999999999998
leaf_count=15 20 20 15 20 27 21 15 16
internal_value=0.0337754 -0.309122 -0.517238 -0.193878 -0.952865 -0.562393 -0.683748 -0.880604
internal_weight=169 154 134 77 57 57 42 36
internal_count=169 154 134 77 57 57 42 36
is_linear=0
shrinkage=0.05


Tree=34
num_leaves=7
num_cat=0
split_feature=64 31 4 76 74 1
split_gain=72068.8 18057.8 17688.3 4459.07 8205.75 2255.52
threshold=21.250000000000004 0.036666666666666632 10.500000000000002 1.1833333333333302 3.4833333333333329 2.5000000000000004
decision_type=2 2 2 2 2 2
left_child=-1 2 3 -2 -5 -6
right_child=1 -3 -4 4 5 -7
leaf_value=3.2473078341217518 -1.3000114105858249 1.2551631666763483 1.0294107474778826 0.45505265088109248 -0.50397712485748636 -1.0603288889630449
leaf_weight=15.999999999999998 24 17 17 17 40 34
leaf_count=16 24 17 17 17 40 34
internal_value=0.0692447 -0.273939 -0.471708 -0.694358 -0.533318 -0.760752
internal_weight=165 149 132 115 91 74
internal_count=165 149 132 115 91 74
is_linear=0
shrinkage=0.05


Tree=35
num_leaves=9
num_cat=0
split_feature=58 75 39 73 50 37 19 45
split_gain=65036.8 94909 10891.1 20125.5 7111.21 2905.16 2405.74 679.842
threshold=4.8650000000000011 4.5000000000000009 0.15750000000000067 4.5000000000000009 22.250000000000004 4.6583333333333394 5.5050000000000008 -0.0066666666666666393
decision_type=2 2 2 2 2 2 2 2
left_child=1 -1 3 -2 -4 -6 7 -7
right_child=2 -3 4 -5 5 6 -8 -9
leaf_value=4.3621231508504659 1.5245137909002471 -0.62585867050430544 -1.7409635708032063 -0.80914677692883041 -1.1876727560498066 -0.81375908930766627 -0.0027797412465919145 -0.41984466091151473
leaf_weight=19 17 19 14.999999999999998 20 14.999999999999998 23.999999999999996 23 21.000000000000004
leaf_count=19 17 19 15 20 15 24 23 21
internal_value=0.0484174 1.8729 -0.466111 0.26416 -0.741865 -0.559367 -0.419156 -0.631382
internal_weight=173 38 135 37 98 83 68 45
internal_count=173 38 135 37 98 83 68 45
is_linear=0
shrinkage=0.05


Tree=36
num_leaves=7
num_cat=0
split_feature=72 120 66 37 0 106
split_gain=77919.8 18485.4 6141.6 3315.2 4434.59 2689.75
threshold=-0.53416666666666568 1.5000000000000002 37.150000000000006 -0.83333333333333204 3334.5000000000005 9.1000000000000014
decision_type=2 2 2 2 2 2
left_child=-1 -2 3 -3 5 -5
right_child=1 2 -4 4 -6 -7
leaf_value=3.3890274071545337 1.0720615631921797 -1.1540287095617938 0.42570111144403494 -0.86627139311570378 0.30243762467081187 -0.261528679540387
leaf_weight=15.999999999999998 22 23 15.999999999999998 48 14.999999999999998 30
leaf_count=16 22 23 16 48 15 30
internal_value=0.0792403 -0.266577 -0.490364 -0.617019 -0.48306 -0.634375
internal_weight=170 154 132 116 93 78
internal_count=170 154 132 116 93 78
is_linear=0
shrinkage=0.05


Tree=37
num_leaves=8
num_cat=0
split_feature=72 36 89 70 119 0 106
split_gain=53771.9 90666.6 8363.28 4763.83 1993.59 1227.18 496.887
threshold=0.039166666666666579 3.5000000000000004 49.100000000000009 -0.029166666666667226 -0.17999999999999969 2192.5000000000005 1.0000000180025095e-35
decision_type=2 2 2 2 2 2 2
left_child=1 -1 3 -2 -5 6 -6
right_child=2 -3 -4 4 5 -7 -8
leaf_value=4.7033120232702101 -0.035405407902301379 -0.20264514086255991 0.56227843181863013 -0.43059293986186131 -0.93844698019195016 -1.2076899260163783 -0.5532566981420991
leaf_weight=14.999999999999998 29 25 18 29 17 25 18
leaf_count=15 29 25 18 29 17 25 18
internal_value=0.0349284 1.64411 -0.439182 -0.592337 -0.773509 -0.938176 -0.742632
internal_weight=176 40 136 118 89 60 35
internal_count=176 40 136 118 89 60 35
is_linear=0
shrinkage=0.05


Tree=38
num_leaves=8
num_cat=0
split_feature=66 4 28 39 51 65 72
split_gain=59928.9 13650.9 9065.03 11711.1 4493.01 4455.15 2236.14
threshold=5.1000000000000005 10.500000000000002 5.4000000000000012 1.0000000180025095e-35 49.750000000000007 26.600000000000005 0.77833333333333365
decision_type=2 2 2 2 2 2 2
left_child=-1 2 4 -4 -2 -5 -7
right_child=1 -3 3 5 -6 6 -8
leaf_value=2.8468647676601742 -1.7543537617519203 0.98150085004836463 1.0515946684601882 0.24113041605624855 -0.66475706403625423 -0.97361807787990218 -0.36263057168332802
leaf_weight=17 14.999999999999998 19 15.999999999999998 19 26 27 34
leaf_count=17 15 19 16 19 26 27 34
internal_value=0.0367861 -0.271036 -0.445371 -0.179079 -1.06681 -0.426282 -0.6343
internal_weight=173 156 137 96 41 80 61
internal_count=173 156 137 96 41 80 61
is_linear=0
shrinkage=0.05


Tree=39
num_leaves=7
num_cat=0
split_feature=100 66 93 101 62 31
split_gain=12063.1 7550.08 5317.8 6235.96 7000.76 3724.7
threshold=0.14500000000000005 32.20000000000001 62.000000000000007 36.95000000000001 64.850000000000009 0.016666666666667055
decision_type=2 2 2 2 2 2
left_child=-1 2 3 -2 -5 -6
right_child=1 -3 -4 4 5 -7
leaf_value=0.84149247879665612 -1.3157180330027705 0.34885926056668104 -1.2217419252404427 0.62661946254540546 -0.74306748445696613 0.17326512763042323
leaf_weight=21 15.999999999999998 25 27 18 42 14.999999999999998
leaf_count=21 16 25 27 18 42 15
internal_value=-0.274805 -0.439245 -0.606412 -0.422646 -0.23056 -0.501959
internal_weight=164 143 118 91 75 57
internal_count=164 143 118 91 75 57
is_linear=0
shrinkage=0.05


Tree=40
num_leaves=8
num_cat=0
split_feature=82 31 89 119 18 65 98
split_gain=61705.9 13061.2 8540.12 4444.84 4327.17 3771.2 2219.66
threshold=-0.46166666666666684 0.036666666666666632 50.550000000000004 0.22416666666666665 52.350000000000009 29.000000000000004 32.750000000000007
decision_type=2 2 2 2 2 2 2
left_child=-1 2 3 5 -5 -2 -7
right_child=1 -3 -4 4 -6 6 -8
leaf_value=2.611575708816301 0.051765051125660794 1.009239585947546 0.6240258829483134 -0.62265957081850454 -1.596233627757945 -0.94767092427112876 -0.19239632230720774
leaf_weight=20 29 15.999999999999998 14.999999999999998 29 19 28 14.999999999999998
leaf_count=20 29 16 15 29 19 28 15
internal_value=0.0089035 -0.337288 -0.497543 -0.638183 -1.01065 -0.388743 -0.685377
internal_weight=171 151 135 120 48 72 43
internal_count=171 151 135 120 48 72 43
is_linear=0
shrinkage=0.05


Tree=41
num_leaves=7
num_cat=0
split_feature=35 84 0 76 72 89
split_gain=54397.8 18233.3 6137.95 5747.83 3547.01 2630.99
threshold=-5.7749999999999959 0.015000000000000001 3271.5000000000005 -3.0500000000000003 0.17250000000000124 39.45000000000001
decision_type=2 2 2 2 2 2
left_child=-1 2 3 -2 -5 -6
right_child=1 -3 -4 4 5 -7
leaf_value=2.8962350859547294 -1.4277306516965229 1.2943139184985244 0.32901233278248648 0.24638644960356057 -0.77268943198286888 -0.18785063693689746
leaf_weight=14.999999999999998 17 17 22 15.999999999999998 54 30
leaf_count=15 17 17 22 16 54 30
internal_value=0.030584 -0.246606 -0.435895 -0.579925 -0.434465 -0.56435
internal_weight=171 156 139 117 100 84
internal_count=171 156 139 117 100 84
is_linear=0
shrinkage=0.05


Tree=42
num_leaves=8
num_cat=0
split_feature=66 84 62 104 26 103 107
split_gain=57468.9 11470 4861.44 4609.31 5581.16 5202.95 3277.22
threshold=5.1000000000000005 0.015833333333333355 88.100000000000009 22.900000000000002 47.050000000000004 31.100000000000005 53.500000000000007
decision_type=2 2 2 2 2 2 2
left_child=-1 2 3 6 5 -5 -2
right_child=1 -3 -4 4 -6 -7 -8
leaf_value=2.9724083733084976 -1.0890005409447854 1.0128688787081226 -1.0120932984397786 0.8445266963181336 -0.83302245791654406 -0.14389591025513626 -0.24348309925482978
leaf_weight=14.999999999999998 22 15.999999999999998 26 21 15.999999999999998 36 24
leaf_count=15 22 16 26 21 16 36 24
internal_value=0.0229317 -0.253508 -0.393882 -0.258032 -0.0107632 0.221014 -0.649455
internal_weight=176 161 145 119 73 57 46
internal_count=176 161 145 119 73 57 46
is_linear=0
shrinkage=0.05


Tree=43
num_leaves=7
num_cat=0
split_feature=35 84 0 66 14 27
split_gain=45565.7 16087.8 5263.38 5039.6 3329.36 2562.01
threshold=-6.9333333333333309 0.015833333333333355 3644.5000000000005 8.5000000000000018 20.750000000000004 14.250000000000002
decision_type=2 2 2 2 2 2
left_child=-1 2 3 -2 -5 -6
right_child=1 -3 -4 4 5 -7
leaf_value=2.6277166720257692 -1.2123159594445432 1.3128678629729922 0.45460527568870451 0.29712611469700473 -0.0061899847574363462 -0.62091990890692772
leaf_weight=14.999999999999998 21 14.999999999999998 15.999999999999998 15.999999999999998 22 74
leaf_count=15 21 15 16 16 22 74
internal_value=-0.000620485 -0.242502 -0.399892 -0.502991 -0.368985 -0.480249
internal_weight=179 164 149 133 112 96
internal_count=179 164 149 133 112 96
is_linear=0
shrinkage=0.05


Tree=44
num_leaves=9
num_cat=0
split_feature=82 100 72 119 30 67 15 19
split_gain=52387.6 9822.17 8165.05 4065.78 5492.01 4124.33 2935.22 2480.65
threshold=-0.46166666666666684 0.14500000000000005 -0.39666666666666689 0.26250000000000068 2.5000000000000004 8.5000000000000018 53.000000000000007 5.0750000000000011
decision_type=2 2 2 2 2 2 2 2
left_child=-1 -2 -3 4 7 -6 -5 -4
right_child=1 2 3 6 5 -7 -8 -9
leaf_value=2.2284288522884315 0.64678477965184111 -1.595674873583065 -0.087909630977968015 -1.3344696338603039 0.93921250014115609 -0.22992080576372467 -0.46617555092238017 -0.8922077210240773
leaf_weight=22 20 15.999999999999998 17 14.999999999999998 15.000000000000002 14.999999999999998 28 22
leaf_count=22 20 16 17 15 15 15 28 22
internal_value=-0.0424014 -0.381268 -0.54232 -0.390506 -0.152181 0.355658 -0.771578 -0.542866
internal_weight=170 148 128 112 69 30 43 39
internal_count=170 148 128 112 69 30 43 39
is_linear=0
shrinkage=0.05


Tree=45
num_leaves=8
num_cat=0
split_feature=64 84 66 104 49 31 41
split_gain=59783.9 10218.3 5255.22 4500.92 10051.9 2650.77 2160.43
threshold=19.500000000000004 0.015000000000000001 8.0000000000000018 23.300000000000004 5.6250000000000009 0.021666666666666948 1.0000000180025095e-35
decision_type=2 2 2 2 2 2 2
left_child=-1 2 -2 6 -5 -6 -4
right_child=1 -3 3 4 5 -7 -8
leaf_value=2.9957781967737818 -1.3144905137699963 0.86141678157605617 -0.38279450637176327 0.78060281643103724 -0.65352266291955918 0.099276065900459051 -1.0631516689862008
leaf_weight=14.999999999999998 14.999999999999998 17 24 23 43 15.999999999999998 23
leaf_count=15 15 17 24 23 43 16 23
internal_value=-0.0124818 -0.294471 -0.431468 -0.327813 -0.103856 -0.449467 -0.717392
internal_weight=176 161 144 129 82 59 47
internal_count=176 161 144 129 82 59 47
is_linear=0
shrinkage=0.05


Tree=46
num_leaves=8
num_cat=0
split_feature=39 110 57 77 75 101 100
split_gain=54121.7 9176.07 4195.31 4324.19 3879.8 2964.39 3410.1
threshold=-0.49000000000000016 5.5000000000000009 44.550000000000004 4.5000000000000009 3.5000000000000004 70.90000000000002 0.16500000000000004
decision_type=2 2 2 2 2 2 2
left_child=-1 2 3 -2 -4 6 -6
right_child=1 -3 4 -5 5 -7 -8
leaf_value=1.9736505079515201 0.37303064493771415 0.60498898812194368 -1.4381271760656225 -0.69680291212093071 -1.4310673369477127 -0.13604352850600543 -0.51600348191840628
leaf_weight=29 21 20 15.999999999999998 17 14.999999999999998 25 32
leaf_count=29 21 20 16 17 15 25 32
internal_value=0.00452745 -0.387649 -0.545605 -0.106021 -0.735033 -0.576942 -0.81057
internal_weight=175 146 126 38 88 72 47
internal_count=175 146 126 38 88 72 47
is_linear=0
shrinkage=0.05


Tree=47
num_leaves=9
num_cat=0
split_feature=92 97 107 62 91 39 89 105
split_gain=42570.3 17341.3 5013.51 7074.67 3652.17 2785.74 2732 2658.4
threshold=55.600000000000009 4.7150000000000007 55.500000000000007 72.450000000000017 5.2300000000000013 1.4608333333333337 41.45000000000001 14.650000000000002
decision_type=2 2 2 2 2 2 2 2
left_child=1 -1 4 -4 5 7 -6 -3
right_child=-2 2 3 -5 6 -7 -8 -9
leaf_value=0.90161563306516601 2.4677773078035865 0.29284154025230619 0.86318626356440653 -0.52855378368716222 -1.4924088825837023 -0.81290864846258781 -0.60314022394997335 -0.57657218308825242
leaf_weight=28 15.999999999999998 18 14.999999999999998 23 18 26 17 17
leaf_count=28 16 18 15 23 18 26 17 17
internal_value=0.0156034 -0.227929 -0.464487 0.0215097 -0.656734 -0.421864 -1.06357 -0.129742
internal_weight=178 162 134 38 96 61 35 35
internal_count=178 162 134 38 96 61 35 35
is_linear=0
shrinkage=0.05


Tree=48
num_leaves=7
num_cat=0
split_feature=39 4 0 50 27 3
split_gain=44859.9 11672 7423.95 3965.19 1644.56 1891.98
threshold=-0.49000000000000016 10.500000000000002 3513.5000000000005 20.750000000000004 32.550000000000004 3.5000000000000004
decision_type=2 2 2 2 2 2
left_child=-1 2 3 -2 5 -5
right_child=1 -3 -4 4 -6 -7
leaf_value=1.9115408517557757 -1.2952248517532794 0.93606086544126088 0.52490657017244924 -0.59090529533718095 -0.84271691351225886 -0.10030592181933216
leaf_weight=27 17 17 17 42 23 37
leaf_count=27 17 17 17 42 23 37
internal_value=0.0364338 -0.295467 -0.45002 -0.589661 -0.470864 -0.361611
internal_weight=180 153 136 119 102 79
internal_count=180 153 136 119 102 79
is_linear=0
shrinkage=0.05


Tree=49
num_leaves=8
num_cat=0
split_feature=76 102 94 106 11 15 20
split_gain=51120 13374.5 3948.95 2646.6 2552.48 2324.5 1445.51
threshold=-6.200000000000002 56.250000000000007 4.8500000000000005 11.4 25.250000000000004 56.95000000000001 34.20000000000001
decision_type=2 2 2 2 2 2 2
left_child=-1 2 5 4 -4 -2 -6
right_child=1 -3 3 -5 6 -7 -8
leaf_value=2.4634322069078216 0.48493630807131327 0.95664680291220761 -1.319856484188056 -0.18931473769327078 -0.45954515000783086 -0.39237170136527516 -1.0296899763953606
leaf_weight=19 15.000000000000002 19 15.999999999999998 28 44 14.999999999999998 14.999999999999998
leaf_count=19 15 19 16 28 44 15 15
internal_value=0.0252632 -0.280894 -0.458309 -0.605225 -0.759973 0.04627 -0.606079
internal_weight=171 152 133 103 75 30 59
internal_count=171 152 133 103 75 30 59
is_linear=0
shrinkage=0.05


Tree=50
num_leaves=8
num_cat=0
split_feature=15 102 0 91 101 49 113
split_gain=42816.2 11924.8 4315.92 3453.4 4186.14 2749.42 2098.37
threshold=25.850000000000005 57.45000000000001 3334.5000000000005 5.5950000000000006 70.90000000000002 5.7150000000000007 -8.6999999999999975
decision_type=2 2 2 2 2 2 2
left_child=-1 2 3 4 6 -5 -2
right_child=1 -3 -4 5 -6 -7 -8
leaf_value=2.1767575430039741 -0.12214358972581051 1.0508119283132995 0.26540097007576707 -1.3948066385168776 0.30133262868014932 -0.57381538942855881 -0.78727406130896671
leaf_weight=20 18 14.999999999999998 19 17 19 26 35
leaf_count=20 18 15 19 17 19 26 35
internal_value=0.0104542 -0.281556 -0.431411 -0.546711 -0.334101 -0.900992 -0.56213
internal_weight=169 149 134 115 72 43 53
internal_count=169 149 134 115 72 43 53
is_linear=0
shrinkage=0.05


Tree=51
num_leaves=9
num_cat=0
split_feature=77 50 62 1 48 37 77 4
split_gain=35922.8 9663.46 21846.1 4455.63 4948.44 2198.28 1447.23 866.133
threshold=1.5000000000000002 23.500000000000004 64.850000000000009 2.5000000000000004 6.7750000000000012 3.6666666666666683 5.5000000000000009 7.5000000000000009
decision_type=2 2 2 2 2 2 2 2
left_child=-1 -2 -3 4 -4 -5 -6 -7
right_child=1 2 3 5 6 7 -8 -9
leaf_value=1.8455122724934634 -1.3770840402859359 1.4681324895885255 0.41012539974538798 -1.31602383417799 -0.27737318224104002 -0.86336545486323879 -0.8705336926146322 -0.34581818113010893
leaf_weight=21 20 17 23 14.999999999999998 29 14.999999999999998 15.999999999999998 18
leaf_count=21 20 17 23 15 29 15 16 18
internal_value=-0.0886006 -0.355132 -0.200498 -0.446136 -0.185217 -0.814513 -0.489848 -0.583116
internal_weight=174 153 133 116 68 48 45 33
internal_count=174 153 133 116 68 48 45 33
is_linear=0
shrinkage=0.05


Tree=52
num_leaves=8
num_cat=0
split_feature=66 31 89 14 37 19 37
split_gain=41243.5 8088.13 7524.32 3258.56 2148.93 3596.41 1978.37
threshold=5.1000000000000005 0.036666666666666632 50.550000000000004 10.350000000000003 10.941666666666668 5.1200000000000001 15.358333333333336
decision_type=2 2 2 2 2 2 2
left_child=-1 2 3 -2 5 -5 -6
right_child=1 -3 -4 4 6 -7 -8
leaf_value=2.2875946708589967 -1.2284849079499331 0.72629365279660585 0.55578360090478818 -0.21938156100858258 0.21689590522420335 -1.0206060595601518 -0.45280151604839453
leaf_weight=17 15.999999999999998 17 17 25 17 32 31
leaf_count=17 16 17 17 25 17 32 31
internal_value=-0.0428434 -0.299782 -0.426653 -0.565068 -0.462856 -0.670279 -0.215555
internal_weight=172 155 138 121 105 57 48
internal_count=172 155 138 121 105 57 48
is_linear=0
shrinkage=0.05


Tree=53
num_leaves=7
num_cat=0
split_feature=82 31 75 100 40 62
split_gain=38158.3 11264.7 7481.06 6579.89 3968.74 1885.86
threshold=-0.46166666666666684 0.036666666666666632 2.5000000000000004 0.14500000000000005 1.5000000000000002 88.100000000000009
decision_type=2 2 2 2 2 2
left_child=-1 2 -2 -4 -5 -6
right_child=1 -3 3 4 5 -7
leaf_value=1.8934474102862469 -1.3233978710364347 0.96617364659442662 0.66049758865966557 0.20327728503379064 -0.45713481979527604 -1.0496306315500135
leaf_weight=23 20 15.999999999999998 15.999999999999998 20 65 17
leaf_count=23 20 16 16 20 65 17
internal_value=-0.00160668 -0.285712 -0.431489 -0.279283 -0.427251 -0.581159
internal_weight=177 154 138 118 102 82
internal_count=177 154 138 118 102 82
is_linear=0
shrinkage=0.05


Tree=54
num_leaves=8
num_cat=0
split_feature=77 4 50 62 54 69 79
split_gain=40768.7 10501.3 5389.1 5316.98 2728.05 2425.3 1754.36
threshold=1.5000000000000002 10.500000000000002 20.750000000000004 64.850000000000009 60.45000000000001 4.5000000000000009 3.5000000000000004
decision_type=2 2 2 2 2 2 2
left_child=-1 2 -2 -4 6 -6 -5
right_child=1 -3 3 4 5 -7 -8
leaf_value=2.0932323186653448 -1.3668939546028278 0.74472567148857705 0.45468643370622436 0.042829284592127176 -0.55835464607153151 -1.3058529256195424 -0.54859574963134594
leaf_weight=19 15.999999999999998 19 15.999999999999998 25 40 14.999999999999998 25
leaf_count=19 16 19 16 25 40 15 25
internal_value=-0.0872626 -0.354039 -0.50689 -0.392095 -0.521486 -0.764309 -0.253288
internal_weight=175 156 137 121 105 55 50
internal_count=175 156 137 121 105 55 50
is_linear=0
shrinkage=0.05


Tree=55
num_leaves=8
num_cat=0
split_feature=64 12 62 34 4 27 101
split_gain=36547.4 7902.25 8532.45 10664.4 3482.49 1866.12 1386.43
threshold=19.500000000000004 50.95000000000001 65.40000000000002 3.5000000000000004 4.5000000000000009 32.550000000000004 70.90000000000002
decision_type=2 2 2 2 2 2 2
left_child=-1 4 -3 -4 -2 6 -5
right_child=1 2 3 5 -6 -7 -8
leaf_value=2.339587672340949 -0.38041033865072421 1.0182554698129842 1.0150569682089698 -0.53524769506063952 -1.2636865674601911 -0.81509510036154742 -0.02390205004008494
leaf_weight=14.999999999999998 24 17 14.999999999999998 26 21 23 27
leaf_count=15 24 17 15 26 21 23 27
internal_value=-0.00723248 -0.238723 -0.00653912 -0.198947 -0.794605 -0.439637 -0.275381
internal_weight=168 153 108 91 45 76 53
internal_count=168 153 108 91 45 76 53
is_linear=0
shrinkage=0.05


Tree=56
num_leaves=9
num_cat=0
split_feature=41 35 100 35 109 20 82 83
split_gain=12253.9 28345.6 9995.37 5242.83 4609.72 5626.59 1600.88 1313.4
threshold=0.049166666666666366 -2.7916666666666656 0.15500000000000003 -1.3333333333333328 1.0000000180025095e-35 34.20000000000001 -0.16250000000000051 2.5000000000000004
decision_type=2 2 2 2 2 2 2 2
left_child=1 -1 -3 -2 5 -5 -4 -8
right_child=3 2 6 4 -6 -7 7 -9
leaf_value=2.15710761946921 -1.2440102044273824 0.87859758016812861 -0.89026286238283836 0.42619729937310241 -0.99645730313206204 -0.71260094243194416 -0.020527905748353753 -0.57309201971977541
leaf_weight=15.999999999999998 22 18 15.999999999999998 25 19 19 21 22
leaf_count=16 22 18 16 25 19 19 21 22
internal_value=-0.147376 0.249091 -0.149599 -0.581 -0.347789 -0.0659439 -0.464327 -0.304025
internal_weight=178 93 77 85 63 44 59 43
internal_count=178 93 77 85 63 44 59 43
is_linear=0
shrinkage=0.05


Tree=57
num_leaves=9
num_cat=0
split_feature=23 9 89 70 41 70 19 111
split_gain=38001.8 9028.47 14875.5 4635.13 4134.45 2221.74 1944.44 2161.35
threshold=53.550000000000004 6.8050000000000006 41.45000000000001 0.04500000000000038 1.0000000180025095e-35 0.0050000000000003384 5.0750000000000011 0.56833333333333347
decision_type=2 2 2 2 2 2 2 2
left_child=-1 3 4 5 -3 6 -2 -8
right_child=1 2 -4 -5 -6 -7 7 -9
leaf_value=2.4013653248351141 -0.20262903155435935 0.31272069445827549 1.5094071995532303 -1.2638569053153546 -0.73359644687006254 0.071640827725915332 -1.2157700232322641 -0.38972406662695591
leaf_weight=14.999999999999998 27 17 17 17 21 22 14.999999999999998 17
leaf_count=15 27 17 17 17 21 22 15 17
internal_value=0.00825563 -0.227746 0.284564 -0.515314 -0.265784 -0.356787 -0.516475 -0.77967
internal_weight=168 153 55 98 38 81 59 32
internal_count=168 153 55 98 38 81 59 32
is_linear=0
shrinkage=0.05


Tree=58
num_leaves=9
num_cat=0
split_feature=82 51 23 13 54 70 14 5
split_gain=34653 9912.44 8441.62 15719.6 3737.42 5010.39 2386.59 908.27
threshold=-0.46166666666666684 37.300000000000004 84.700000000000003 6.1350000000000007 60.45000000000001 -0.014166666666666659 30.950000000000003 1.0000000180025095e-35
decision_type=2 2 2 2 2 2 2 2
left_child=-1 -2 4 -4 5 -3 -6 -7
right_child=1 2 3 -5 6 7 -8 -9
leaf_value=1.8240751135336373 -1.3894157225625556 0.50378472976959665 1.7056695530873647 -0.39165631728385808 -1.1829412217465987 -0.20570874721367166 -0.41074351811321019 -0.73998099845943988
leaf_weight=23 17 22 15.999999999999998 20 15.999999999999998 15.999999999999998 27 15.999999999999998
leaf_count=23 17 22 16 20 16 16 27 16
internal_value=0.0212458 -0.256186 -0.110364 0.542493 -0.353022 -0.075637 -0.700267 -0.474474
internal_weight=173 150 133 36 97 54 43 32
internal_count=173 150 133 36 97 54 43 32
is_linear=0
shrinkage=0.05


Tree=59
num_leaves=7
num_cat=0
split_feature=36 84 66 40 108 1
split_gain=35837.1 8845.24 4154.94 2512.01 1702.2 1626.24
threshold=2.5000000000000004 0.015833333333333355 8.5000000000000018 1.5000000000000002 1.5000000000000002 3.5000000000000004
decision_type=2 2 2 2 2 2
left_child=-1 2 -2 -4 -5 -6
right_child=1 -3 3 4 5 -7
leaf_value=2.0403141564099574 -1.0269748043674993 0.89380617773296034 0.2608356101974767 -0.043089300281403398 -0.36636168914752393 -0.94088457800586756
leaf_weight=19 21 14.999999999999998 19 29 54 15.999999999999998
leaf_count=19 21 15 19 29 54 16
internal_value=-0.00255946 -0.255795 -0.380442 -0.264567 -0.365614 -0.498907
internal_weight=173 154 139 118 99 70
internal_count=173 154 139 118 99 70
is_linear=0
shrinkage=0.05


Tree=60
num_leaves=9
num_cat=0
split_feature=76 62 20 66 74 0 72 35
split_gain=35557.7 5234.4 8550.15 3371.29 3966.77 2363.37 2808.3 1935.97
threshold=-6.200000000000002 66.65000000000002 33.750000000000007 26.150000000000002 17.166666666666668 2192.5000000000005 0.4666666666666664 3.4916666666666676
decision_type=2 2 2 2 2 2 2 2
left_child=-1 2 -2 5 -5 6 -3 -7
right_child=1 3 -4 4 -6 7 -8 -9
leaf_value=1.9480788795868933 1.1360449647311095 -0.8672899389859311 -0.5205359807077623 0.33270514092762093 -0.59427783192872108 -1.2917123779218795 -0.020293026853842565 -0.50724162080430035
leaf_weight=21 16.000000000000004 15.999999999999998 14.999999999999998 27 20 17 25 14.999999999999998
leaf_count=21 16 16 15 27 20 17 25 15
internal_value=0.025367 -0.243109 0.335216 -0.392706 -0.0620738 -0.605135 -0.352256 -0.926873
internal_weight=172 151 31 120 47 73 41 32
internal_count=172 151 31 120 47 73 41 32
is_linear=0
shrinkage=0.05


Tree=61
num_leaves=7
num_cat=0
split_feature=60 120 50 62 13 27
split_gain=32767.3 10710 6199.8 3705.38 2078.22 2462.09
threshold=34.400000000000006 1.5000000000000002 20.750000000000004 64.850000000000009 5.1100000000000003 22.450000000000003
decision_type=2 2 2 2 2 2
left_child=-1 -2 -3 -4 -5 -6
right_child=1 2 3 4 5 -7
leaf_value=2.1742094375045098 0.70940802829394201 -1.3248323513053313 0.39993705334870711 -0.79226869196868144 0.034906186329479442 -0.53691610406526757
leaf_weight=14.999999999999998 24 17 15.999999999999998 27 34 42
leaf_count=15 24 17 16 27 34 42
internal_value=-0.0523284 -0.262325 -0.434239 -0.305964 -0.415949 -0.281325
internal_weight=175 160 136 119 103 76
internal_count=175 160 136 119 103 76
is_linear=0
shrinkage=0.05


Tree=62
num_leaves=8
num_cat=0
split_feature=60 31 66 109 18 52 74
split_gain=31567.5 8258.3 4708.88 4574.37 3682.95 5540.83 2226.57
threshold=34.400000000000006 0.036666666666666632 32.20000000000001 -0.0050000000000003366 59.050000000000004 4.5700000000000012 7.2750000000000012
decision_type=2 2 2 2 2 2 2
left_child=-1 2 3 4 5 -2 -5
right_child=1 -3 -4 6 -6 -7 -8
leaf_value=2.1459943281893699 0.70067300937190558 0.76362908201816981 0.21259108720300884 -1.2088512203245783 -0.96627226736371874 -0.38641625824027853 -0.46870091756184895
leaf_weight=14.999999999999998 15.999999999999998 18 28 26 14.999999999999998 43 17
leaf_count=15 16 18 28 26 15 43 17
internal_value=-0.0411298 -0.243622 -0.369134 -0.508456 -0.269425 -0.090841 -0.918116
internal_weight=178 163 145 117 74 59 43
internal_count=178 163 145 117 74 59 43
is_linear=0
shrinkage=0.05


Tree=63
num_leaves=10
num_cat=0
split_feature=66 26 101 98 96 4 33 112 6
split_gain=36676.2 7540.1 6746.14 11428.6 3933.35 2776.09 2155.19 1994.34 1423.13
threshold=5.1000000000000005 19.350000000000005 76.350000000000009 32.20000000000001 50.150000000000006 4.5000000000000009 0.83833333333333349 4.5000000000000009 3.5000000000000004
decision_type=2 2 2 2 2 2 2 2 2
left_child=-1 4 5 -4 -2 -3 8 -5 -7
right_child=1 2 3 7 -6 6 -8 -9 -10
leaf_value=2.2113538901011149 -0.3306464698003686 0.16420473114574127 1.559198440779124 0.28447604001679039 -1.4245252223042717 -1.1184377460005857 -0.18504249380364537 -0.50252587943343641 -0.43607881298128348
leaf_weight=17 15.999999999999998 21 14.999999999999998 15.999999999999998 17 16.000000000000004 28 15.999999999999998 14.999999999999998
leaf_count=17 16 21 15 16 17 16 28 16 15
internal_value=0.0102939 -0.224773 -0.0495147 0.425335 -0.896912 -0.328734 -0.504253 -0.109209 -0.790889
internal_weight=177 160 127 47 33 80 59 32 31
internal_count=177 160 127 47 33 80 59 32 31
is_linear=0
shrinkage=0.05


Tree=64
num_leaves=8
num_cat=0
split_feature=37 45 64 66 103 103 19
split_gain=42879.7 4043.63 7204.42 3499.73 2214.25 1749.81 1970.39
threshold=-4.4083333333333341 0.0066666666666666688 38.000000000000007 9.5500000000000025 22.450000000000003 30.200000000000003 5.5050000000000008
decision_type=2 2 2 2 2 2 2
left_child=-1 3 -3 -2 -5 -6 -7
right_child=1 2 -4 4 5 6 -8
leaf_value=2.3712714803149129 -0.97281422016307761 -0.43278969565299169 1.0287351137360199 0.19291955771860644 -0.75038392958057365 -0.45020417884776465 0.18922962641847729
leaf_weight=17 22 19 14.999999999999998 20 24 36 18
leaf_count=17 22 19 15 20 24 36 18
internal_value=-0.00415967 -0.267784 0.21298 -0.404106 -0.275524 -0.395795 -0.237011
internal_weight=171 154 34 120 98 78 54
internal_count=171 154 34 120 98 78 54
is_linear=0
shrinkage=0.05


Tree=65
num_leaves=10
num_cat=0
split_feature=82 51 77 24 48 117 37 5 114
split_gain=35670.8 8252.37 7813.64 9468.45 5937.31 1743.55 1402.16 1244.51 791.434
threshold=-0.46166666666666684 37.300000000000004 4.5000000000000009 55.800000000000004 6.7750000000000012 0.67249999999999954 10.941666666666668 1.0000000180025095e-35 3.5000000000000004
decision_type=2 2 2 2 2 2 2 2 2
left_child=-1 -2 3 4 -3 8 -7 -6 -4
right_child=1 2 5 -5 7 6 -8 -9 -10
leaf_value=1.9780057541766567 -1.2335501176524535 0.65372411829000066 -0.44741310557996139 1.2390620995621653 -0.18568102907134879 -1.122133319425267 -0.43411388359717185 -0.81034566612902637 0.011250786710259142
leaf_weight=20 19 17 25 18 15.999999999999998 15.000000000000002 14.999999999999998 15.999999999999998 14.999999999999998
leaf_count=20 19 17 25 18 16 15 15 16 15
internal_value=-0.00452998 -0.259838 -0.123959 0.261769 -0.0989276 -0.493074 -0.780875 -0.499721 -0.27569
internal_weight=176 156 137 67 49 70 30 32 40
internal_count=176 156 137 67 49 70 30 32 40
is_linear=0
shrinkage=0.05


Tree=66
num_leaves=8
num_cat=0
split_feature=66 102 55 22 26 80 57
split_gain=34589.8 5899.5 4486.84 3623.54 2034.24 1913.93 2550.31
threshold=5.1000000000000005 57.45000000000001 5.785000000000001 0.18500000000000003 26.450000000000006 -0.72499999999999998 43.100000000000001
decision_type=2 2 2 2 2 2 2
left_child=-1 2 3 5 -4 -2 -7
right_child=1 -3 4 -5 -6 6 -8
leaf_value=2.2588851700658381 -0.74791118372355081 0.70746186853152271 -1.1362841409872908 0.602338129351076 -0.37083426961424754 0.42898628400719679 -0.27494046072734962
leaf_weight=15.999999999999998 14.999999999999998 17 18 14.999999999999998 17 15.999999999999998 64
leaf_count=16 15 17 18 15 17 16 64
internal_value=0.0484979 -0.17104 -0.274488 -0.117258 -0.766752 -0.231445 -0.133733
internal_weight=178 162 145 110 35 95 80
internal_count=178 162 145 110 35 95 80
is_linear=0
shrinkage=0.05


Tree=67
num_leaves=9
num_cat=0
split_feature=82 51 1 109 72 53 13 18
split_gain=34072.2 8293.6 4950.68 7667.35 2092.28 2031.06 1525.74 1337.07
threshold=-0.46166666666666684 37.300000000000004 2.5000000000000004 -0.025833333333333815 0.30583333333333368 31.700000000000006 6.4450000000000012 49.45000000000001
decision_type=2 2 2 2 2 2 2 2
left_child=-1 -2 3 -3 -5 -4 -7 -6
right_child=1 2 5 4 7 6 -8 -9
leaf_value=1.921146278713473 -1.3837217034093592 0.7945274006726557 -0.09822493493556976 -0.74622828427529497 0.27080586106456511 -0.97903744969432704 -0.32202160425533527 -0.3748112816092195
leaf_weight=20 14.999999999999998 27 21 14.999999999999998 17 22 14.999999999999998 14.999999999999998
leaf_count=20 15 27 21 15 17 22 15 15
internal_value=-0.00973179 -0.273598 -0.146457 0.124558 -0.261081 -0.491941 -0.7144 -0.0318963
internal_weight=167 147 132 74 47 58 37 32
internal_count=167 147 132 74 47 58 37 32
is_linear=0
shrinkage=0.05


Tree=68
num_leaves=8
num_cat=0
split_feature=39 4 0 74 5 35 97
split_gain=28070 8896.14 4517.62 3772.68 1736.42 2480.62 1624.15
threshold=-0.49000000000000016 10.500000000000002 3334.5000000000005 -3.6333333333333342 1.0000000180025095e-35 3.4916666666666676 5.3450000000000006
decision_type=2 2 2 2 2 2 2
left_child=-1 2 3 -2 6 -6 -5
right_child=1 -3 -4 4 5 -7 -8
leaf_value=1.459859127687015 -1.1956518044771505 0.89837214299385126 0.32092453998108811 -0.44513545174816338 -1.0778598587415371 -0.30039628191469275 0.15570581482714529
leaf_weight=29 17 14.999999999999998 19 24 17 26 21
leaf_count=29 17 15 19 24 17 26 21
internal_value=0.0476634 -0.247769 -0.387068 -0.515412 -0.382737 -0.609669 -0.164908
internal_weight=168 139 124 105 88 43 45
internal_count=168 139 124 105 88 43 45
is_linear=0
shrinkage=0.05


Tree=69
num_leaves=9
num_cat=0
split_feature=77 4 50 93 76 70 97 19
split_gain=27329.5 6142.85 4591.74 3911.43 4359.63 1694.08 1479.59 1156.64
threshold=1.5000000000000002 10.500000000000002 20.750000000000004 50.650000000000006 7.241666666666668 -0.0066666666666659316 5.410000000000001 5.1200000000000001
decision_type=2 2 2 2 2 2 2 2
left_child=-1 2 -2 4 -4 -5 -6 -7
right_child=1 -3 3 5 6 7 -8 -9
leaf_value=1.697213853977213 -1.1744072593517183 0.57653767376045906 0.75110714577187776 -0.24585787242856522 -0.45030546339752409 -0.44310104460116256 0.16363967785377376 -1.0290149406414126
leaf_weight=20 15.999999999999998 19 14.999999999999998 26 28 14.999999999999998 14.999999999999998 20
leaf_count=20 16 19 15 26 28 15 15 20
internal_value=-0.0368404 -0.26303 -0.381568 -0.274029 0.01995 -0.553206 -0.23614 -0.780029
internal_weight=174 154 135 119 58 61 43 35
internal_count=174 154 135 119 58 61 43 35
is_linear=0
shrinkage=0.05


Tree=70
num_leaves=9
num_cat=0
split_feature=100 21 16 76 118 77 10 48
split_gain=33639.8 9982.05 15983.2 5571.7 2448.03 1622.03 1363.64 1215.88
threshold=0.14500000000000005 55.750000000000007 5.3350000000000009 -3.6666666666666639 2.5000000000000004 4.5000000000000009 5.5050000000000008 6.785000000000001
decision_type=2 2 2 2 2 2 2 2
left_child=-1 3 -3 -2 -5 7 -7 -6
right_child=1 2 -4 4 5 6 -8 -9
leaf_value=1.9131117079495252 -1.2131180248959526 1.7568400057933191 -0.39648697616449047 0.13632939689118287 0.17675759823906498 -1.0053054177997918 -0.41929306583943166 -0.44789562673302169
leaf_weight=21 19 14.999999999999998 20 26 15.000000000000002 14.999999999999998 30 15.999999999999998
leaf_count=21 19 15 20 26 15 15 30 16
internal_value=0.0393014 -0.213974 0.528601 -0.429069 -0.281927 -0.425071 -0.616537 -0.145887
internal_weight=177 156 35 121 102 76 45 31
internal_count=177 156 35 121 102 76 45 31
is_linear=0
shrinkage=0.05


Tree=71
num_leaves=8
num_cat=0
split_feature=64 102 66 56 123 122 3
split_gain=31585.8 5860.22 3194 3058.68 2767.38 4223.95 2067.5
threshold=16.650000000000002 57.45000000000001 8.5000000000000018 36.300000000000004 -0.0075000000000000197 4.5000000000000009 3.5000000000000004
decision_type=2 2 2 2 2 2 2
left_child=-1 2 -2 4 -4 -6 -5
right_child=1 -3 3 6 5 -7 -8
leaf_value=2.1233965797732206 -0.99750204711987822 0.63022510761059591 -0.52165992877397871 -0.89996623923266983 0.60090156145610252 -0.3089617850815678 -0.2016013443140694
leaf_weight=14.999999999999998 18 15.999999999999998 25 26 24 27 18
leaf_count=15 18 16 25 26 24 27 18
internal_value=-0.0589756 -0.272817 -0.377934 -0.284204 -0.0917845 0.119449 -0.61549
internal_weight=169 154 138 120 76 51 44
internal_count=169 154 138 120 76 51 44
is_linear=0
shrinkage=0.05


Tree=72
num_leaves=9
num_cat=0
split_feature=66 45 78 11 22 95 78 33
split_gain=36722.7 5127.57 4141.09 5967.45 5126 2562.17 2014.82 1630.47
threshold=5.1000000000000005 -0.030833333333333334 0.55083333333333362 44.100000000000009 0.18500000000000003 31.050000000000004 0.94583333333333253 0.29083333333333311
decision_type=2 2 2 2 2 2 2 2
left_child=-1 -2 3 5 6 -3 -4 -8
right_child=1 2 4 -5 -6 -7 7 -9
leaf_value=2.3974577603750671 0.69603526008050176 -0.5414739348501435 0.2465465663817891 0.21901934172538737 0.77277336154157761 -1.3668736840261839 -0.81885044866839785 -0.21895439709231679
leaf_weight=14.999999999999998 14.999999999999998 19 17 14.999999999999998 14.999999999999998 19 14.999999999999998 46
leaf_count=15 15 19 17 15 15 19 15 46
internal_value=0.0397268 -0.181258 -0.27184 -0.624148 -0.0705544 -0.956809 -0.233579 -0.36765
internal_weight=176 161 146 53 93 38 78 61
internal_count=176 161 146 53 93 38 78 61
is_linear=0
shrinkage=0.05


Tree=73
num_leaves=7
num_cat=0
split_feature=39 65 84 0 0 49
split_gain=28139.4 6517.61 6864.13 4124.62 2123.27 2027.48
threshold=-1.2050000000000001 21.800000000000001 0.012499999999999999 3334.5000000000005 578.00000000000011 5.3150000000000004
decision_type=2 2 2 2 2 2
left_child=-1 -2 3 4 -3 -6
right_child=1 2 -4 -5 5 -7
leaf_value=1.888708424650503 -0.91543879253197447 0.17327415524196876 0.95288436902279894 0.58736910141067011 -0.89696451418581058 -0.28082760498527554
leaf_weight=18 26 19 14.999999999999998 14.999999999999998 17 62
leaf_count=18 26 19 15 15 17 62
internal_value=0.0237219 -0.195315 -0.0484007 -0.182084 -0.300387 -0.414444
internal_weight=172 154 128 113 98 79
internal_count=172 154 128 113 98 79
is_linear=0
shrinkage=0.05


Tree=74
num_leaves=8
num_cat=0
split_feature=92 121 15 117 103 59 63
split_gain=27619.1 8448.58 4379.07 5584.51 3283.6 2960.16 2004.51
threshold=55.600000000000009 -0.68666666666666598 51.850000000000009 1.1533333333333335 31.100000000000005 27.050000000000001 35.100000000000009
decision_type=2 2 2 2 2 2 2
left_child=1 -1 4 5 -3 -4 -7
right_child=-2 2 3 -5 -6 6 -8
leaf_value=0.81512271343673781 1.9137329954850046 -0.33604454362095465 -0.93012693315152295 0.72227723593707926 -1.1434684976870879 -0.63929676385904788 0.030179956559310051
leaf_weight=18 17 28 14.999999999999998 15.999999999999998 23 14.999999999999998 43
leaf_count=18 17 28 15 16 23 15 43
internal_value=0.00484125 -0.201595 -0.33284 -0.120807 -0.7018 -0.306396 -0.143677
internal_weight=175 158 140 89 51 73 58
internal_count=175 158 140 89 51 73 58
is_linear=0
shrinkage=0.05


Tree=75
num_leaves=9
num_cat=0
split_feature=66 66 37 26 109 66 20 91
split_gain=36454.3 3717.14 6888.65 4091.39 2780.97 2068.36 1377.17 1268.9
threshold=5.1000000000000005 32.20000000000001 2.3833333333333298 15.600000000000003 -0.010833333333333693 17.050000000000001 31.300000000000001 5.4450000000000012
decision_type=2 2 2 2 2 2 2 2
left_child=-1 3 -3 -2 5 -5 -7 -6
right_child=1 2 -4 4 7 6 -8 -9
leaf_value=2.3362655044391456 -1.1128959067860005 1.024616927184806 -0.36102128627613123 0.34327769831025223 -0.32701646165994858 -0.56716509052596165 0.012866971040001283 -0.8895213724829214
leaf_weight=14.999999999999998 15.999999999999998 14.999999999999998 22 22 23 19 22 18
leaf_count=15 16 15 22 22 23 19 22 18
internal_value=-0.010246 -0.235811 0.201837 -0.37085 -0.255682 -0.0467838 -0.256533 -0.575655
internal_weight=172 157 37 120 104 63 41 41
internal_count=172 157 37 120 104 63 41 41
is_linear=0
shrinkage=0.05


Tree=76
num_leaves=9
num_cat=0
split_feature=82 24 77 74 1 62 115 91
split_gain=29434.2 6745.39 16847.7 4675.34 3222.33 2168.2 1810.72 1523.99
threshold=-0.46166666666666684 47.500000000000007 3.5000000000000004 -3.6333333333333342 2.5000000000000004 87.300000000000011 -2.5249999999999981 5.0200000000000005
decision_type=2 2 2 2 2 2 2 2
left_child=-1 3 -3 -2 7 6 -5 -4
right_child=1 2 4 5 -6 -7 -8 -9
leaf_value=1.9179158582737306 -1.220781287672924 1.6661038241639041 0.47820232569776622 0.3173505370522508 -0.65280730260605635 -0.80114850370299751 -0.34350999101253926 -0.22107447830046187
leaf_weight=19 17 14.999999999999998 15.000000000000002 15.999999999999998 24 14.999999999999998 29 15.999999999999998
leaf_count=19 17 15 15 16 24 15 29 16
internal_value=0.0713411 -0.168439 0.18662 -0.491109 -0.219076 -0.282598 -0.108244 0.117574
internal_weight=166 147 70 77 55 60 45 31
internal_count=166 147 70 77 55 60 45 31
is_linear=0
shrinkage=0.05


Tree=77
num_leaves=9
num_cat=0
split_feature=10 84 66 48 76 35 99 89
split_gain=28934.5 8363.76 6414.96 2428.75 2861.6 1995.52 1670.62 806.549
threshold=4.1000000000000005 0.015000000000000001 8.5000000000000018 6.8150000000000004 3.9500000000000033 -1.3333333333333328 49.750000000000007 35.650000000000013
decision_type=2 2 2 2 2 2 2 2
left_child=-1 2 -2 4 -4 -5 -7 -6
right_child=1 -3 3 5 7 6 -8 -9
leaf_value=2.060711304655928 -1.2596415724670678 0.81935908822288273 0.48464895872334346 -0.9078814644214005 -0.40454575209380073 -0.5369320563944503 0.056760365438263564 0.034343692712616503
leaf_weight=14.999999999999998 17 17 20 17 27 27 21 17
leaf_count=15 17 17 20 17 27 27 21 17
internal_value=-0.0332091 -0.227077 -0.349434 -0.228563 -0.0097421 -0.443594 -0.27751 -0.235168
internal_weight=178 163 146 129 64 65 48 44
internal_count=178 163 146 129 64 65 48 44
is_linear=0
shrinkage=0.05


Tree=78
num_leaves=9
num_cat=0
split_feature=24 31 84 35 110 39 24 43
split_gain=29371.2 5895.6 9601.56 3297.11 2860.19 3008.76 2420 1831.97
threshold=25.500000000000004 -0.023333333333333869 0.0024999999999999888 -2.7916666666666656 2.5000000000000004 0.66000000000000025 52.500000000000007 -0.015000000000000123
decision_type=2 2 2 2 2 2 2 2
left_child=-1 3 4 -2 -3 -6 7 -5
right_child=1 2 -4 6 5 -7 -8 -9
leaf_value=1.9422617389793282 -1.2166790516960699 0.27198405143810295 1.0056646160855518 0.14145600005512324 -0.95238366151979459 -0.074240304866981729 -0.83935721439508648 -0.52722710096399206
leaf_weight=17 14.999999999999998 17 20 22 19 20 20 19
leaf_count=17 15 17 20 22 19 20 20 19
internal_value=-0.0224251 -0.243325 0.0680293 -0.554426 -0.267947 -0.503523 -0.38977 -0.168829
internal_weight=169 152 76 76 56 39 61 41
internal_count=169 152 76 76 56 39 61 41
is_linear=0
shrinkage=0.05


Tree=79
num_leaves=10
num_cat=0
split_feature=66 78 77 14 26 108 14 29 60
split_gain=32752.3 4980.52 7128.36 5242.69 2903.89 2686.82 2276.63 1280.71 435.039
threshold=5.1000000000000005 0.55083333333333362 4.5000000000000009 36.600000000000001 20.400000000000002 2.5000000000000004 27.650000000000002 51.500000000000007 51.550000000000004
decision_type=2 2 2 2 2 2 2 2 2
left_child=-1 4 3 -3 -2 -6 -4 -8 -9
right_child=1 2 6 -5 5 -7 7 8 -10
leaf_value=2.2144700451402475 -1.1882526987830535 1.2914088021840477 -0.73781341512997933 -0.027854382848700156 0.063794666622321639 -0.73080638204372761 0.24409610506212501 -0.48740849597564595 -0.105811876848044
leaf_weight=14.999999999999998 14.999999999999998 15.000000000000002 20 14.999999999999998 19 24 17 15.000000000000002 14.999999999999998
leaf_count=15 15 15 20 15 19 24 17 15 15
internal_value=-0.00844818 -0.224891 -0.00555059 0.63371 -0.590991 -0.380254 -0.292379 -0.101562 -0.297762
internal_weight=170 155 97 30 58 43 67 47 30
internal_count=170 155 97 30 58 43 67 47 30
is_linear=0
shrinkage=0.05


Tree=80
num_leaves=8
num_cat=0
split_feature=77 66 5 98 91 79 35
split_gain=27651.1 5998.18 5106.99 4892.31 2913.31 2326.16 1413.43
threshold=1.5000000000000002 12.750000000000002 1.0000000180025095e-35 28.000000000000004 5.2300000000000013 4.5000000000000009 3.1166666666666711
decision_type=2 2 2 2 2 2 2
left_child=-1 2 -2 -3 5 -5 -6
right_child=1 3 -4 4 6 -7 -8
leaf_value=1.8765095790227253 -0.26930661464922995 0.4843194584461421 -1.5184976826440419 0.3153027351331894 -0.94449193107415419 -0.39068827473015583 -0.33077341840154939
leaf_weight=17 18 29 14.999999999999998 26 15.999999999999998 21 23
leaf_count=17 18 29 15 26 16 21 23
internal_value=-0.0271839 -0.247005 -0.840144 -0.0761739 -0.265578 -0.000193656 -0.584455
internal_weight=165 148 33 115 86 47 39
internal_count=165 148 33 115 86 47 39
is_linear=0
shrinkage=0.05


Tree=81
num_leaves=8
num_cat=0
split_feature=57 51 102 25 123 0 84
split_gain=27288.2 6330.24 5198.44 2670.67 2242.64 2035.44 1129.62
threshold=35.20000000000001 37.300000000000004 56.250000000000007 50.800000000000004 -0.0066666666666666671 2260.5000000000005 -0.0058333333333333423
decision_type=2 2 2 2 2 2 2
left_child=-1 -2 3 4 6 -6 -3
right_child=1 2 -4 -5 5 -7 -8
leaf_value=2.0101800076709768 -1.1251431242519656 -0.88535928872593661 0.71911488315821936 0.3743772632164481 0.12630599922224173 -0.4346470712295758 -0.31453283030683821
leaf_weight=15.999999999999998 14.999999999999998 17 19 19 40 27 18
leaf_count=16 15 17 19 19 40 27 18
internal_value=0.0508953 -0.152487 -0.0475093 -0.168424 -0.269851 -0.0999861 -0.593666
internal_weight=171 155 140 121 102 67 35
internal_count=171 155 140 121 102 67 35
is_linear=0
shrinkage=0.05


Tree=82
num_leaves=9
num_cat=0
split_feature=91 62 68 59 117 39 95 34
split_gain=24813.5 6997.79 11078.7 3627.16 1999.43 2750.01 2131.34 1317.92
threshold=6.9800000000000013 64.850000000000009 53.500000000000007 22.900000000000002 0.60416666666666685 0.74583333333333368 29.850000000000005 4.5000000000000009
decision_type=2 2 2 2 2 2 2 2
left_child=1 2 -1 -3 6 -6 -5 -8
right_child=-2 3 -4 4 5 -7 7 -9
leaf_value=1.3474587542402465 1.9359125469101977 -1.1036825736429516 -0.34786446660891918 -0.52870405225853645 -1.0269302956542077 -0.19579165022650202 0.41526379742859548 -0.14611236046661033
leaf_weight=17 14.999999999999998 14.999999999999998 22 19 17 24 19 23
leaf_count=17 15 15 22 19 17 24 19 23
internal_value=0.000464181 -0.186726 0.392551 -0.380031 -0.272586 -0.542192 -0.0907022 0.108108
internal_weight=171 156 39 117 102 41 61 42
internal_count=171 156 39 117 102 41 61 42
is_linear=0
shrinkage=0.05


Tree=83
num_leaves=7
num_cat=0
split_feature=10 84 64 50 70 66
split_gain=24750.7 5732.29 3478.2 4006.78 2323.96 2294.93
threshold=4.1000000000000005 0.015000000000000001 23.900000000000002 29.450000000000006 0.037499999999999652 32.20000000000001
decision_type=2 2 2 2 2 2
left_child=-1 2 -2 -4 5 -5
right_child=1 -3 3 4 -6 -7
leaf_value=1.9392563699491767 -0.89164267997836577 0.68698273858828851 0.55379278780140495 -0.32931850493045817 -0.77703565365046412 0.2604488720518971
leaf_weight=14.999999999999998 20 17 15.999999999999998 65 20 22
leaf_count=15 20 17 16 65 20 22
internal_value=0.00412959 -0.178355 -0.281671 -0.181804 -0.292261 -0.179997
internal_weight=175 160 143 123 107 87
internal_count=175 160 143 123 107 87
is_linear=0
shrinkage=0.05


Tree=84
num_leaves=7
num_cat=0
split_feature=64 64 102 72 59 45
split_gain=23922.2 5027.29 7123.45 3207.09 3427.82 4769.01
threshold=21.250000000000004 25.650000000000002 56.250000000000007 1.7099999999999997 24.250000000000004 0.0083333333333333471
decision_type=2 2 2 2 2 2
left_child=-1 -2 3 4 -3 -6
right_child=1 2 -4 -5 5 -7
leaf_value=1.799388165780675 -1.0366766062793353 -0.80704638646138427 0.88053507057634006 -0.84355938337002567 -0.17334225210434612 0.71033367567661543
leaf_weight=17 14.999999999999998 14.999999999999998 17 17 76 19
leaf_count=17 15 15 17 17 76 19
internal_value=0.0223034 -0.168679 -0.0775717 -0.206453 -0.10727 0.00390145
internal_weight=176 159 144 127 110 95
internal_count=176 159 144 127 110 95
is_linear=0
shrinkage=0.05


Tree=85
num_leaves=10
num_cat=0
split_feature=41 34 50 105 11 63 9 92 117
split_gain=6987.56 14870.6 4472.27 3572.72 2335.83 2430.14 1545.82 1112.09 685.247
threshold=0.049166666666666366 3.5000000000000004 25.300000000000004 23.650000000000002 42.350000000000001 50.850000000000009 6.7350000000000012 37.800000000000004 0.26500000000000018
decision_type=2 2 2 2 2 2 2 2 2
left_child=1 -1 -2 6 5 -4 -3 -6 -8
right_child=2 3 4 -5 7 -7 8 -9 -10
leaf_value=1.2668728376105749 -1.1586838445940069 -0.82302956403347471 -0.16181901676960642 0.33973207891834856 0.35789144017443753 -0.99815560098020173 0.0130729640556487 -0.24891147252344933 -0.46366394876644312
leaf_weight=23 18 17 19 21 15.000000000000002 15.999999999999998 15.000000000000002 14.999999999999998 14.999999999999998
leaf_count=23 18 17 19 21 15 16 15 15 15
internal_value=-0.131748 0.170751 -0.463269 -0.201239 -0.269131 -0.546041 -0.443264 0.0545049 -0.225878
internal_weight=174 91 83 68 65 35 47 30 30
internal_count=174 91 83 68 65 35 47 30 30
is_linear=0
shrinkage=0.05


Tree=86
num_leaves=9
num_cat=0
split_feature=23 108 23 66 9 27 83 72
split_gain=22956.4 4527.72 6387.1 4148.02 2375.28 1729.31 2288.28 1472.16
threshold=51.050000000000004 1.5000000000000002 83.600000000000009 10.800000000000002 6.7950000000000008 22.850000000000005 1.5000000000000002 0.65583333333333338
decision_type=2 2 2 2 2 2 2 2
left_child=-1 2 4 -3 -2 6 -5 -7
right_child=1 3 -4 5 -6 7 -8 -9
leaf_value=1.7505448875960354 -0.67856411820166551 -1.0793965840214834 1.0248661314414826 0.3886359808853318 0.194628384801912 -0.78912754397821638 -0.34295198223143247 -0.21497692893031228
leaf_weight=15.999999999999998 15.000000000000002 19 14.999999999999998 18 15.999999999999998 21 26 24
leaf_count=16 15 19 15 18 16 21 26 24
internal_value=-0.0459629 -0.23366 0.181403 -0.410497 -0.228547 -0.266591 -0.04335 -0.48418
internal_weight=170 154 46 108 31 89 44 45
internal_count=170 154 46 108 31 89 44 45
is_linear=0
shrinkage=0.05


Tree=87
num_leaves=9
num_cat=0
split_feature=10 66 116 25 99 49 0 99
split_gain=21207.8 5533.83 5490.2 4402.14 1858.9 2166.71 1763.82 1272.92
threshold=4.1000000000000005 10.800000000000002 5.5000000000000009 36.600000000000001 56.900000000000013 5.660000000000001 1822.0000000000002 51.70000000000001
decision_type=2 2 2 2 2 2 2 2
left_child=-1 3 4 -2 5 6 -3 -7
right_child=1 2 -4 -5 -6 7 -8 -9
leaf_value=1.7766145804070481 -0.18601409968062738 0.66644765474148926 0.79296388348989311 -1.3972296119525733 -0.54779904457736772 -0.39604937460951672 -0.098235748885877883 0.10015715329434859
leaf_weight=14.999999999999998 15.000000000000002 15.000000000000002 17 14.999999999999998 25 40 14.999999999999998 19
leaf_count=15 15 15 17 15 25 40 15 19
internal_value=-0.015098 -0.183058 -0.0425145 -0.794418 -0.167733 -0.0604218 0.284884 -0.23627
internal_weight=176 161 131 30 114 89 30 59
internal_count=176 161 131 30 114 89 30 59
is_linear=0
shrinkage=0.05


Tree=88
num_leaves=9
num_cat=0
split_feature=66 12 120 6 62 109 78 96
split_gain=20708.6 4125.45 4550.52 2544.51 2173.55 1619.81 1064.66 1005.85
threshold=5.1000000000000005 52.20000000000001 1.5000000000000002 2.5000000000000004 69.350000000000009 -0.010833333333333693 0.55083333333333362 46.550000000000004
decision_type=2 2 2 2 2 2 2 2
left_child=-1 3 -3 -2 -4 7 -5 -6
right_child=1 2 4 6 5 -7 -8 -9
leaf_value=1.6746051361860588 -0.067341367986189754 0.74141611025478293 0.32427164480019521 -1.1054756954016276 -0.3795993029083336 -0.57763959145640942 -0.52166887026781228 0.089201073485076235
leaf_weight=17 19 18 21 14.999999999999998 18 25 17 31
leaf_count=17 19 18 21 15 18 25 17 31
internal_value=0.018734 -0.153797 0.014734 -0.526604 -0.123535 -0.250949 -0.798075 -0.0833319
internal_weight=181 164 113 51 95 74 32 49
internal_count=181 164 113 51 95 74 32 49
is_linear=0
shrinkage=0.05


Tree=89
num_leaves=8
num_cat=0
split_feature=91 102 66 70 37 37 21
split_gain=25181.7 5561.91 4138.53 1923.17 1680.78 1563.75 1255.63
threshold=6.9800000000000013 20.550000000000004 8.5000000000000018 -0.0066666666666659316 4.6583333333333394 16.250000000000004 52.350000000000001
decision_type=2 2 2 2 2 2 2
left_child=1 -1 -3 6 -5 -6 -4
right_child=-2 2 3 4 5 -7 -8
leaf_value=0.52949185112620989 1.8921870751886178 -0.91472686793091551 -0.17660902810294599 -0.73176327081985804 0.0025754988131630064 -0.62111955916151318 0.3936529450905249
leaf_weight=20 14.999999999999998 27 24 23 30 14.999999999999998 15.999999999999998
leaf_count=20 15 27 24 23 30 15 16
internal_value=-0.0569833 -0.246743 -0.362085 -0.22316 -0.384803 -0.206128 0.0517839
internal_weight=170 155 135 108 68 45 40
internal_count=170 155 135 108 68 45 40
is_linear=0
shrinkage=0.05


Tree=90
num_leaves=8
num_cat=0
split_feature=77 68 70 74 123 23 74
split_gain=23381.1 5129.23 10894.9 5201.29 2570.95 1809.99 1385.38
threshold=1.5000000000000002 51.500000000000007 0.0024999999999999471 -2.7083333333333317 -0.017499999999999998 69.40000000000002 6.458333333333333
decision_type=2 2 2 2 2 2 2
left_child=-1 2 -2 -3 -5 -6 -7
right_child=1 3 -4 4 5 6 -8
leaf_value=1.7123607564038335 1.2461779479590946 -1.1621920474091467 -0.47099297251274336 -0.76972004540743877 0.31653836390272305 -0.52393158261212081 -0.028116979220570704
leaf_weight=18 17 17 20 17 20 24 34
leaf_count=18 17 17 20 17 20 24 34
internal_value=0.0153357 -0.190651 0.319075 -0.359222 -0.214409 -0.0924855 -0.233916
internal_weight=167 149 37 112 95 78 58
internal_count=167 149 37 112 95 78 58
is_linear=0
shrinkage=0.05


Tree=91
num_leaves=8
num_cat=0
split_feature=58 102 65 31 61 76 74
split_gain=23318 5823.99 4531.82 4431.6 2041.85 2271.67 1867.96
threshold=4.3650000000000011 20.550000000000004 20.350000000000005 0.029166666666666344 0.16500000000000004 2.0166666666666591 3.774999999999999
decision_type=2 2 2 2 2 2 2
left_child=-1 -2 -3 4 6 -6 -4
right_child=1 2 3 -5 5 -7 -8
leaf_value=1.8899585372564809 0.65494385972297242 -0.9513157586915798 -0.89318102736499427 0.52127491988945962 0.47678511804894907 -0.31887528219711192 -0.29209628271569299
leaf_weight=14.999999999999998 19 21 18 20 14.999999999999998 22 46
leaf_count=15 19 21 18 20 15 22 46
internal_value=0.0111741 -0.164901 -0.275018 -0.156914 -0.291641 0.00397066 -0.462359
internal_weight=176 161 142 121 101 37 64
internal_count=176 161 142 121 101 37 64
is_linear=0
shrinkage=0.05


Tree=92
num_leaves=8
num_cat=0
split_feature=120 12 0 27 106 99 41
split_gain=6350.17 2670.92 2817.81 2069.08 1690.43 1339.23 1088.56
threshold=1.5000000000000002 49.150000000000013 3334.5000000000005 35.850000000000009 9.1000000000000014 52.45000000000001 0.15166666666666687
decision_type=2 2 2 2 2 2 2
left_child=-1 5 3 4 6 -2 -3
right_child=1 2 -4 -5 -6 -7 -8
leaf_value=0.58624441390359949 -0.29027263329396796 -0.47375853333855905 0.46548797089750593 -0.68003289087904673 0.23549877681817666 -0.87086113685399136 0.045811082709650078
leaf_weight=28 20 27 18 19 25 20 15.999999999999998
leaf_count=28 20 27 18 19 25 20 16
internal_value=-0.101756 -0.234958 -0.102222 -0.220137 -0.090753 -0.582139 -0.280657
internal_weight=173 145 105 87 68 40 43
internal_count=173 145 105 87 68 40 43
is_linear=0
shrinkage=0.05


Tree=93
num_leaves=9
num_cat=0
split_feature=96 119 26 109 66 16 26 20
split_gain=5771.61 11840.1 3717.3 1789.4 3568.49 1084.97 1053.85 659.387
threshold=46.550000000000004 -0.45916666666666733 15.600000000000003 1.0000000180025095e-35 17.050000000000001 5.3350000000000009 26.450000000000006 31.300000000000001
decision_type=2 2 2 2 2 2 2 2
left_child=1 -1 -2 4 -4 -5 -6 -8
right_child=2 -3 3 5 6 -7 7 -9
leaf_value=-0.38421242399849137 -1.0095448060620644 1.1393019448672093 0.49531712582891024 -0.20461844128111137 -0.63159605740316671 -0.78825886119966926 -0.36459198917774183 0.088848806856668475
leaf_weight=27 15.999999999999998 24 21 15.999999999999998 14.999999999999998 15.999999999999998 14.999999999999998 17
leaf_count=27 16 24 21 16 15 16 15 17
internal_value=-0.109371 0.333464 -0.304229 -0.190432 -0.0450357 -0.498141 -0.287115 -0.124019
internal_weight=167 51 116 100 68 32 47 32
internal_count=167 51 116 100 68 32 47 32
is_linear=0
shrinkage=0.05


Tree=94
num_leaves=9
num_cat=0
split_feature=66 102 107 117 6 113 100 64
split_gain=22230.5 3934.96 2570.02 1555.42 1747.57 1179.19 1337.74 1067.85
threshold=5.1000000000000005 57.45000000000001 50.500000000000007 0.39250000000000013 5.5000000000000009 2.9666666666666655 0.16500000000000004 36.20000000000001
decision_type=2 2 2 2 2 2 2 2
left_child=-1 2 -2 4 7 -5 -7 -4
right_child=1 -3 3 5 -6 6 -8 -9
leaf_value=1.7810507935766848 -0.74572095212893241 0.55288888808579473 0.15438337552297801 -0.67631078100329289 0.4360298893256494 -0.49915233376276424 0.1008928802625047 -0.31264182063491464
leaf_weight=15.999999999999998 22 17 19 19 17 18 19 34
leaf_count=16 22 17 19 19 17 18 19 34
internal_value=0.00755104 -0.165369 -0.248223 -0.160796 -0.00351287 -0.356954 -0.191445 -0.145148
internal_weight=181 165 148 126 70 56 37 53
internal_count=181 165 148 126 70 56 37 53
is_linear=0
shrinkage=0.05


Tree=95
num_leaves=8
num_cat=0
split_feature=91 97 66 107 78 27 78
split_gain=20625.9 4509.6 2947.28 1998.56 1772.1 1522.87 1232.67
threshold=6.745000000000001 4.7150000000000007 8.0000000000000018 54.500000000000007 0.45499999999999968 26.600000000000005 1.6025000000000003
decision_type=2 2 2 2 2 2 2
left_child=1 -1 -3 4 -4 -5 -6
right_child=-2 2 3 5 6 -7 -8
leaf_value=0.42285715215650432 1.6655354615540532 -0.87847841879280875 -0.73935456360685869 0.35354951946427682 0.063566898211404002 -0.24160402455733193 -0.44771895088674701
leaf_weight=27 17 18 21 23 24 20 23
leaf_count=27 17 18 21 23 24 20 23
internal_value=0.0169535 -0.16362 -0.286642 -0.189919 -0.358454 0.0766996 -0.18695
internal_weight=173 156 129 111 68 43 47
internal_count=173 156 129 111 68 43 47
is_linear=0
shrinkage=0.05


Tree=96
num_leaves=7
num_cat=0
split_feature=72 102 97 72 97 68
split_gain=22752.4 4174.41 2134.27 1981.99 1749.67 1656.77
threshold=-0.53416666666666568 56.250000000000007 5.9500000000000011 1.7099999999999997 5.4750000000000005 54.500000000000007
decision_type=2 2 2 2 2 2
left_child=-1 2 3 4 5 -2
right_child=1 -3 -4 -5 -6 -7
leaf_value=1.7173005679858981 -0.39698652311874799 0.53241451473136225 -0.76304944470751179 -0.69234870575969998 0.23989879590760774 0.12014827847367887
leaf_weight=18 47 19 18 15.999999999999998 28 23
leaf_count=18 47 19 18 16 28 23
internal_value=0.0420625 -0.158606 -0.258437 -0.178118 -0.0934912 -0.22707
internal_weight=169 151 132 114 98 70
internal_count=169 151 132 114 98 70
is_linear=0
shrinkage=0.05


Tree=97
num_leaves=9
num_cat=0
split_feature=92 102 66 1 98 25 56 90
split_gain=26145.3 5186.96 3494.79 3374.55 3576.6 1856.58 1546.22 1056.8
threshold=55.600000000000009 20.550000000000004 10.800000000000002 2.5000000000000004 26.450000000000006 34.650000000000013 33.95000000000001 50.900000000000006
decision_type=2 2 2 2 2 2 2 2
left_child=1 -1 5 4 -4 -3 -6 -5
right_child=-2 2 3 7 6 -7 -8 -9
leaf_value=0.57058896514085622 2.0320891020313794 -0.33561579149368909 0.79282442749730808 -0.72622800825544043 0.16070463613115554 -1.0882807711636797 -0.41011391282081605 -0.23843528514803555
leaf_weight=22 14.999999999999998 17 14.999999999999998 19 27 15.999999999999998 21 27
leaf_count=22 15 17 15 19 27 16 21 27
internal_value=0.0411223 -0.142075 -0.252847 -0.116033 0.121606 -0.702881 -0.089258 -0.441162
internal_weight=179 164 142 109 63 33 48 46
internal_count=179 164 142 109 63 33 48 46
is_linear=0
shrinkage=0.05


Tree=98
num_leaves=7
num_cat=0
split_feature=37 100 66 27 33 55
split_gain=22545.4 3561.37 2796.59 1804.62 1613.26 947.908
threshold=-4.4083333333333341 0.14500000000000005 8.5000000000000018 34.050000000000004 0.15749999999999978 5.8050000000000006
decision_type=2 2 2 2 2 2
left_child=-1 -2 -3 4 -4 -6
right_child=1 2 3 -5 5 -7
leaf_value=1.6878532728437561 0.44508011919348989 -0.75672933501326689 0.37853223510108319 -0.54600508608758691 -0.067326605606844087 -0.51402324445989744
leaf_weight=18 20 24 17 24 56 14.999999999999998
leaf_count=18 20 24 17 24 56 15
internal_value=0.0173721 -0.176301 -0.267978 -0.162619 -0.0575014 -0.16236
internal_weight=174 156 136 112 88 71
internal_count=174 156 136 112 88 71
is_linear=0
shrinkage=0.05


Tree=99
num_leaves=8
num_cat=0
split_feature=36 51 77 31 117 101 55
split_gain=26807.5 4333.21 4774.92 7288.82 2294.21 1627.22 1346.51
threshold=2.5000000000000004 37.300000000000004 3.5000000000000004 -0.021666666666666941 -1.5650000000000002 81.950000000000003 5.2100000000000009
decision_type=2 2 2 2 2 2 2
left_child=-1 -2 3 -3 -4 6 -6
right_child=1 2 4 -5 5 -7 -8
leaf_value=2.0636220827797391 -0.89407940085171256 -0.28817679090806614 0.32697325933794058 1.1520243632694633 -0.47345213719776691 -0.77709576254305635 -0.032834430202080385
leaf_weight=14.999999999999998 17 17 15.999999999999998 18 30 15.999999999999998 41
leaf_count=15 17 17 16 18 30 16 41
internal_value=0.0525184 -0.143277 -0.0501706 0.453528 -0.221653 -0.322866 -0.219485
internal_weight=170 155 138 35 103 87 71
internal_count=170 155 138 35 103 87 71
is_linear=0
shrinkage=0.05


Tree=100
num_leaves=8
num_cat=0
split_feature=11 107 37 1 48 74 24
split_gain=20930.8 3433.6 3738.51 3542.03 2352.2 3061.8 1002.65
threshold=19.100000000000005 55.500000000000007 13.108333333333336 3.5000000000000004 6.7550000000000008 1.0833333333333324 41.050000000000004
decision_type=2 2 2 2 2 2 2
left_child=-1 3 -3 4 -2 -6 -7
right_child=1 2 -4 -5 5 6 -8
leaf_value=1.7548574750786585 0.26030007425969814 0.60104552633534825 -0.38310650322378054 -0.81851402201103152 -0.84181516478903851 -0.42823155740773455 0.05528217232858651
leaf_weight=14.999999999999998 23 24 15.999999999999998 28 20 15.999999999999998 32
leaf_count=15 23 24 16 28 20 16 32
internal_value=-0.0241656 -0.193027 0.207286 -0.327689 -0.175878 -0.323648 -0.10634
internal_weight=174 159 40 119 91 68 48
internal_count=174 159 40 119 91 68 48
is_linear=0
shrinkage=0.05


Tree=101
num_leaves=9
num_cat=0
split_feature=1 43 12 43 40 105 112 91
split_gain=4301.05 10595.2 3282.48 2005.43 1573.44 1829.88 1503.86 1465.71
threshold=1.5000000000000002 0.15500000000000028 42.050000000000004 0.30083333333333334 1.5000000000000002 14.250000000000002 4.5000000000000009 5.7800000000000002
decision_type=2 2 2 2 2 2 2 2
left_child=1 6 -2 4 -4 -6 -1 -7
right_child=2 -3 3 -5 5 7 -8 -9
leaf_value=0.10952998498072904 -0.92221593956672698 1.3368496532471763 0.36155612431697964 -0.57182585391285579 -0.57145194022858881 0.27883839423839862 -0.5468030606888975 -0.31919969788396546
leaf_weight=15.999999999999998 19 14.999999999999998 15.999999999999998 28 21 22 19 19
leaf_count=16 19 15 16 28 21 22 19 19
internal_value=-0.161894 0.229659 -0.318614 -0.209607 -0.0789497 -0.193108 -0.247165 0.0014748
internal_weight=175 50 125 106 78 62 35 41
internal_count=175 50 125 106 78 62 35 41
is_linear=0
shrinkage=0.05


Tree=102
num_leaves=9
num_cat=0
split_feature=41 39 66 62 35 32 20 4
split_gain=5560.29 10938 3817.18 3281.69 1249.46 1183.96 1077.32 490.149
threshold=0.049166666666666366 0.088333333333333389 12.750000000000002 63.45000000000001 3.0583333333333322 3.5000000000000004 34.20000000000001 6.5000000000000009
decision_type=2 2 2 2 2 2 2 2
left_child=1 -1 -2 -3 -5 -4 -7 -6
right_child=2 3 5 4 7 6 -8 -9
leaf_value=1.2851446917683582 -1.0013099782274797 0.54016079808406492 -0.60729356048912408 -0.66169989893895498 0.028064631917889084 0.10792915216093793 -0.37516216887763482 -0.30895286857812115
leaf_weight=17 21 14.999999999999998 14.999999999999998 15.999999999999998 21 27 20 22
leaf_count=17 21 15 15 16 21 27 20 22
internal_value=-0.12447 0.145371 -0.4202 -0.117782 -0.285771 -0.221997 -0.0978955 -0.144564
internal_weight=174 91 83 74 59 62 47 43
internal_count=174 91 83 74 59 62 47 43
is_linear=0
shrinkage=0.05


Tree=103
num_leaves=7
num_cat=0
split_feature=11 84 66 91 27 74
split_gain=18037.3 5807.62 2248.86 1950.86 1159.76 1382.9
threshold=19.100000000000005 0.015833333333333355 7.2000000000000011 6.6150000000000011 32.550000000000004 3.774999999999999
decision_type=2 2 2 2 2 2
left_child=-1 2 -2 4 5 -4
right_child=1 -3 3 -5 -6 -7
leaf_value=1.7005679770021249 -0.76339412478741653 0.8244784033061654 0.35376348087092652 -0.58779650339439737 -0.37349902833748727 -0.093477661739394646
leaf_weight=14.999999999999998 15.999999999999998 14.999999999999998 24 20 22 61
leaf_count=15 16 15 24 20 22 61
internal_value=0.0495247 -0.108165 -0.206537 -0.135797 -0.0507947 0.0330107
internal_weight=173 158 143 127 107 85
internal_count=173 158 143 127 107 85
is_linear=0
shrinkage=0.05


Tree=104
num_leaves=9
num_cat=0
split_feature=25 64 4 47 101 43 88 78
split_gain=18723.6 3392.08 3421.45 2308.29 1810.17 1610.05 1538.26 1108.6
threshold=18.150000000000002 25.650000000000002 10.500000000000002 1.0000000180025095e-35 73.500000000000014 0.024999999999999915 5.2500000000000009 0.94583333333333253
decision_type=2 2 2 2 2 2 2 2
left_child=-1 4 3 -3 -2 7 -7 -5
right_child=1 2 -4 5 -6 6 -8 -9
leaf_value=1.6687136131406619 -1.0351007451284797 0.30045469473052888 0.62187378902613011 0.16577008789429418 -0.26902331136953755 -0.91373453124469484 -0.24988197475380455 -0.29149546322930858
leaf_weight=14.999999999999998 15.000000000000002 22 15.999999999999998 23 15.999999999999998 14.999999999999998 21 31
leaf_count=15 15 22 16 23 16 15 21 31
internal_value=-0.0138864 -0.173603 -0.0597104 -0.157592 -0.642003 -0.269824 -0.528391 -0.0966954
internal_weight=174 159 128 112 31 90 36 54
internal_count=174 159 128 112 31 90 36 54
is_linear=0
shrinkage=0.05


Tree=105
num_leaves=7
num_cat=0
split_feature=64 35 84 48 48 37
split_gain=18667.1 3827.28 3326.48 1457.86 1657.08 1164.5
threshold=19.500000000000004 -4.8166666666666673 0.015000000000000001 6.705000000000001 6.7550000000000008 16.250000000000004
decision_type=2 2 2 2 2 2
left_child=-1 -2 3 -3 -5 -6
right_child=1 2 -4 4 5 -7
leaf_value=1.7050411767061087 -0.7982403747386333 -0.52118171323739471 0.63252286851776318 0.42850278528123509 -0.028710097723757447 -0.43494452873391731
leaf_weight=14.999999999999998 19 20 15.999999999999998 14.999999999999998 66 24
leaf_count=15 19 20 16 15 66 24
internal_value=0.0244894 -0.133998 -0.0439521 -0.131017 -0.0562275 -0.137457
internal_weight=175 160 141 125 105 90
internal_count=175 160 141 125 105 90
is_linear=0
shrinkage=0.05


Tree=106
num_leaves=7
num_cat=0
split_feature=100 40 65 94 59 117
split_gain=16577.4 5066.81 2923.8 2427.12 1952.76 1546.54
threshold=0.14500000000000005 1.5000000000000002 20.900000000000002 4.8500000000000005 26.050000000000004 0.67249999999999954
decision_type=2 2 2 2 2 2
left_child=-1 -2 -3 -4 -5 -6
right_child=1 2 3 4 5 -7
leaf_value=1.3217111020009098 0.46634107958311327 -0.88666157192288164 0.24382269140101076 -0.80244286269472342 -0.046594476727142842 -0.53605254006367253
leaf_weight=21 26 18 24 17 49 24
leaf_count=21 26 18 24 17 49 24
internal_value=0.00529721 -0.170363 -0.29607 -0.20208 -0.321181 -0.208094
internal_weight=179 158 132 114 90 73
internal_count=179 158 132 114 90 73
is_linear=0
shrinkage=0.05


Tree=107
num_leaves=10
num_cat=0
split_feature=60 21 31 33 61 31 75 63 93
split_gain=17578.7 4553.77 9914.68 4636.69 1874.01 1578.31 1358.41 1482.51 756.183
threshold=34.400000000000006 55.750000000000007 -0.026666666666665947 -0.22500000000000051 0.15500000000000003 -1.0000000180025095e-35 3.5000000000000004 45.95000000000001 47.000000000000007
decision_type=2 2 2 2 2 2 2 2 2
left_child=-1 3 -3 -2 5 8 -6 -8 -5
right_child=1 2 -4 4 6 -7 7 -9 -10
leaf_value=1.6307043110298005 -1.081381653110433 -0.37357368441066935 1.322220073314692 0.10700968951912398 -0.71213676758234001 0.4913634357172133 0.067782315231889365 -0.47058174378342099 -0.38560457308560814
leaf_weight=14.999999999999998 15.999999999999998 20 14.999999999999998 16.000000000000004 18 14.999999999999998 25 26 14.999999999999998
leaf_count=15 16 20 15 16 18 15 25 26 15
internal_value=-0.00262631 -0.151139 0.354749 -0.286506 -0.175028 0.0720133 -0.33966 -0.206964 -0.131665
internal_weight=181 166 35 131 115 46 69 51 31
internal_count=181 166 35 131 115 46 69 51 31
is_linear=0
shrinkage=0.05


Tree=108
num_leaves=8
num_cat=0
split_feature=64 65 62 13 66 74 91
split_gain=18951.6 5590.08 4631.36 6378.29 2025.86 1437.89 1239.91
threshold=16.650000000000002 20.350000000000005 69.350000000000009 6.1750000000000016 30.650000000000002 4.0166666666666684 5.2650000000000006
decision_type=2 2 2 2 2 2 2
left_child=-1 -2 3 -3 5 -4 -7
right_child=1 2 4 -5 -6 6 -8
leaf_value=1.7056044822497083 -1.0021620707205163 1.0044316404768359 -0.72401430503080022 -0.34221518323910954 0.14243827482679047 -0.0077910638794638333 -0.47569970842522225
leaf_weight=14.999999999999998 17 21 19 14.999999999999998 29 31 26
leaf_count=15 17 21 19 15 29 31 26
internal_value=0.0132116 -0.148404 -0.0447961 0.443797 -0.212624 -0.348183 -0.22177
internal_weight=173 158 141 36 105 76 57
internal_count=173 158 141 36 105 76 57
is_linear=0
shrinkage=0.05


Tree=109
num_leaves=8
num_cat=0
split_feature=6 43 64 93 91 41 17
split_gain=5241.66 10137.1 2853.2 1189.72 1223.32 1014.66 747.165
threshold=5.5000000000000009 0.11833333333333319 25.650000000000002 60.45000000000001 4.2650000000000015 0.1341666666666668 32.20000000000001
decision_type=2 2 2 2 2 2 2
left_child=2 -2 -1 4 -4 -5 -6
right_child=1 -3 3 5 6 -7 -8
leaf_value=-0.77376343542146508 -0.26498690130965735 1.351855891114039 -0.35737261137928406 -0.7601776025153153 -0.13139575452725422 -0.17749078727715853 0.27110518392394573
leaf_weight=28 27 14.999999999999998 28 15.000000000000002 24 14.999999999999998 22
leaf_count=28 27 15 28 15 24 15 22
internal_value=-0.171752 0.314178 -0.326525 -0.205439 -0.0974006 -0.470558 0.0611667
internal_weight=174 42 132 104 74 30 46
internal_count=174 42 132 104 74 30 46
is_linear=0
shrinkage=0.05


Tree=110
num_leaves=9
num_cat=0
split_feature=39 103 78 78 109 5 35 43
split_gain=16100.8 38231 3201.71 5446.17 2673.64 1874.84 1427.03 453.53
threshold=-0.49000000000000016 32.70000000000001 0.55083333333333362 0.88500000000000034 -0.040833333333332604 1.0000000180025095e-35 3.1166666666666711 -0.08583333333333297
decision_type=2 2 2 2 2 2 2 2
left_child=1 -1 4 -4 -2 -6 -5 -8
right_child=2 -3 3 6 5 -7 7 -9
leaf_value=2.8428101686452392 0.051801050005492212 -0.71708868323572439 0.70818226082408009 -0.55833572370434237 -0.42174993701495578 -1.1104526117008331 0.087511668783245664 -0.22250852327623805
leaf_weight=15.000000000000002 15.999999999999998 14.999999999999998 20 22 24 17 23 24
leaf_count=15 16 15 20 22 24 17 23 24
internal_value=0.0131958 1.06623 -0.203728 -0.0161694 -0.495953 -0.709438 -0.22692 -0.0708267
internal_weight=176 30 146 89 57 41 69 47
internal_count=176 30 146 89 57 41 69 47
is_linear=0
shrinkage=0.05


Tree=111
num_leaves=8
num_cat=0
split_feature=64 121 77 24 83 76 100
split_gain=16455.8 3011.83 3978.16 5664.92 1717.77 1539.53 1927.82
threshold=16.650000000000002 0.71666666666666734 3.5000000000000004 47.500000000000007 3.5000000000000004 23.541666666666675 0.16500000000000004
decision_type=2 2 2 2 2 2 2
left_child=-1 2 3 -2 5 6 -4
right_child=1 -3 4 -5 -6 -7 -8
leaf_value=1.6256638525337572 -0.15622926164622331 -0.77380525817144796 -0.27551191437779077 1.082399194770389 -0.57992547540103689 -0.52267220110071377 0.26301857729886741
leaf_weight=14.999999999999998 20 14.999999999999998 30 17 22 15.999999999999998 37
leaf_count=15 20 15 30 17 22 16 37
internal_value=0.0491028 -0.102431 -0.0309815 0.414119 -0.188119 -0.0836335 0.0217598
internal_weight=172 157 142 37 105 83 67
internal_count=172 157 142 37 105 83 67
is_linear=0
shrinkage=0.05


Tree=112
num_leaves=9
num_cat=0
split_feature=57 51 23 12 5 35 59 10
split_gain=16011.9 3373.19 3390.7 6350.84 1421.51 1623.66 1358.83 1300.99
threshold=35.20000000000001 37.300000000000004 84.700000000000003 64.100000000000009 1.0000000180025095e-35 3.4916666666666676 36.850000000000001 5.5050000000000008
decision_type=2 2 2 2 2 2 2 2
left_child=-1 -2 4 -4 6 -6 7 -3
right_child=1 2 3 -5 5 -7 -8 -9
leaf_value=1.4379895965432563 -0.81432513792211825 0.47007158959148737 1.0691408049245799 -0.24972356628467685 -0.68872722162971634 -0.12308854444640305 -0.42715412250213458 -0.12675836113366212
leaf_weight=17 18 14.999999999999998 15.999999999999998 21 27 24 17 23
leaf_count=17 18 15 16 21 27 24 17 23
internal_value=-0.0167377 -0.171171 -0.0896668 0.321806 -0.233509 -0.423404 -0.0568852 0.109317
internal_weight=178 161 143 37 106 51 55 38
internal_count=178 161 143 37 106 51 55 38
is_linear=0
shrinkage=0.05


Tree=113
num_leaves=10
num_cat=0
split_feature=41 120 50 97 11 27 56 41 84
split_gain=3896.4 7962.45 3791.32 1908.32 1747.51 1356.34 1210.8 972.997 706.453
threshold=0.049166666666666366 1.5000000000000002 25.300000000000004 4.8850000000000007 38.900000000000006 30.150000000000002 35.550000000000004 -0.16500000000000001 -0.010833333333333332
decision_type=2 2 2 2 2 2 2 2 2
left_child=1 -1 -2 -3 8 -6 7 -5 -4
right_child=2 3 4 6 5 -7 -8 -9 -10
leaf_value=1.0894283659974036 -1.0196346453058787 0.4031968274455987 -0.2225073770182022 -0.25691640855286141 0.30870343326674821 -0.30063193159999319 -0.45930342866792712 0.28013940094322559 -0.70977718830108649
leaf_weight=17 17 14.999999999999998 15.000000000000002 18.999999999999996 21 15.999999999999998 29 15.000000000000002 14.999999999999998
leaf_count=17 17 15 15 19 21 16 29 15 15
internal_value=-0.107035 0.112248 -0.354932 -0.101786 -0.184933 0.0449722 -0.222547 -0.0197067 -0.467857
internal_weight=179 95 84 78 67 37 63 34 30
internal_count=179 95 84 78 67 37 63 34 30
is_linear=0
shrinkage=0.05


Tree=114
num_leaves=8
num_cat=0
split_feature=27 45 65 70 21 118 0
split_gain=17803.4 3577.31 2100.33 1254.74 1793.31 1590.19 1507.88
threshold=5.1000000000000005 -0.028333333333333332 20.350000000000005 -0.014166666666666659 47.750000000000007 2.5000000000000004 2399.0000000000005
decision_type=2 2 2 2 2 2 2
left_child=-1 -2 -3 4 -4 -5 -7
right_child=1 2 3 5 -6 6 -8
leaf_value=1.5557847042007056 0.58301108883607478 -0.72989410349677275 -0.27275633362218804 0.059117385757949961 0.35083833057356079 -0.2554113856705294 -0.86029191964509466
leaf_weight=17 14.999999999999998 18 22 23 24 33 14.999999999999998
leaf_count=17 15 18 22 23 24 33 15
internal_value=0.0271674 -0.146964 -0.22848 -0.15074 0.0525442 -0.282404 -0.445936
internal_weight=167 150 135 117 46 71 48
internal_count=167 150 135 117 46 71 48
is_linear=0
shrinkage=0.05


Tree=115
num_leaves=7
num_cat=0
split_feature=100 113 12 33 88 54
split_gain=18144 4275.79 2878.14 2557.12 1822.53 1061.97
threshold=0.14500000000000005 -9.6499999999999968 42.050000000000004 0.15749999999999978 5.0450000000000008 54.350000000000009
decision_type=2 2 2 2 2 2
left_child=-1 -2 -3 -4 -5 -6
right_child=1 2 3 4 5 -7
leaf_value=1.4191540990113083 0.49255256195009028 -0.77976812313045307 0.31302046703569819 -0.68310542053662193 0.16590107238573554 -0.28714743170357704
leaf_weight=21 22 22 23 21 19 40
leaf_count=21 22 22 23 21 19 40
internal_value=0.0479954 -0.148682 -0.261883 -0.150569 -0.284138 -0.141132
internal_weight=168 147 125 103 80 59
internal_count=168 147 125 103 80 59
is_linear=0
shrinkage=0.05


Tree=116
num_leaves=9
num_cat=0
split_feature=66 12 101 9 59 37 96 35
split_gain=17629.9 3929.04 3345.2 5310.25 1439.59 1402.67 1088.92 808.227
threshold=5.1000000000000005 52.20000000000001 78.700000000000003 6.7750000000000012 36.750000000000007 -3.5416666666666603 48.350000000000001 9.7833333333333368
decision_type=2 2 2 2 2 2 2 2
left_child=-1 5 4 -4 7 -2 -7 -3
right_child=1 2 3 -5 -6 6 -8 -9
leaf_value=1.6567240429240346 -0.8938352111159571 -0.51997114986316118 -0.10425256862066179 1.151180656422053 0.207498418657452 -0.09474311673263619 -0.64697376483718294 -0.11776063920501173
leaf_weight=14.999999999999998 14.999999999999998 22 19 14.999999999999998 20 22 14.999999999999998 29
leaf_count=15 15 22 19 15 20 22 15 29
internal_value=0.0248729 -0.13196 0.0440925 0.45122 -0.15116 -0.486949 -0.319896 -0.292039
internal_weight=172 157 105 34 71 52 37 51
internal_count=172 157 105 34 71 52 37 51
is_linear=0
shrinkage=0.05


Tree=117
num_leaves=9
num_cat=0
split_feature=41 41 39 49 93 101 91 28
split_gain=3893.46 7183.74 9515.68 2855.68 1473.69 1433.34 1562.1 928.936
threshold=0.049166666666666366 -0.16500000000000001 1.0133333333333334 5.080000000000001 59.250000000000007 71.700000000000017 5.5950000000000006 10.250000000000002
decision_type=2 2 2 2 2 2 2 2
left_child=1 4 -3 -2 7 -5 -7 -1
right_child=3 2 -4 5 -6 6 -8 -9
leaf_value=-0.31108240356472416 -0.85875183079577144 1.6117180006393532 -0.069215474702924953 -0.47824757679212138 -0.64945465852014772 0.39662016975563885 -0.26948757814287577 0.1702050951138841
leaf_weight=21 22 14.999999999999998 19 26 15.999999999999998 14.999999999999998 21 19
leaf_count=21 22 15 19 26 16 15 21 19
internal_value=-0.125917 0.102506 0.674778 -0.370546 -0.245439 -0.196127 0.00824866 -0.0824918
internal_weight=174 90 34 84 56 62 36 40
internal_count=174 90 34 84 56 62 36 40
is_linear=0
shrinkage=0.05


Tree=118
num_leaves=9
num_cat=0
split_feature=23 102 52 54 74 78 82 61
split_gain=18720.6 2499.49 1292.28 2988.97 1436.6 1058.03 781.811 667.494
threshold=53.550000000000004 57.45000000000001 4.5700000000000012 26.700000000000006 2.033333333333339 1.6025000000000003 -0.050833333333333723 0.15500000000000003
decision_type=2 2 2 2 2 2 2 2
left_child=-1 2 3 -2 -4 6 -6 -7
right_child=1 -3 4 -5 5 7 -8 -9
leaf_value=1.6862363538386658 -0.36799725984272208 0.50768489592172061 -0.62385525003923048 0.56686429259372728 0.21472206279564809 -0.12181363862180553 -0.1795688154277694 -0.5640797849911362
leaf_weight=15.999999999999998 17 14.999999999999998 21 17 20.999999999999996 14.999999999999998 31.000000000000004 20
leaf_count=16 17 15 21 17 21 15 31 20
internal_value=0.0624517 -0.103966 -0.168924 0.0995785 -0.253512 -0.163448 -0.0201335 -0.375567
internal_weight=173 157 142 34 108 87 52 35
internal_count=173 157 142 34 108 87 52 35
is_linear=0
shrinkage=0.05


Tree=119
num_leaves=8
num_cat=0
split_feature=77 62 59 123 51 55 82
split_gain=16285.3 2863.87 2256.81 1567.71 914.548 841.61 763.269
threshold=1.5000000000000002 63.45000000000001 22.900000000000002 -0.017499999999999998 65.100000000000009 5.2550000000000008 0.039166666666666579
decision_type=2 2 2 2 2 2 2
left_child=-1 -2 -3 -4 6 -6 -5
right_child=1 2 3 4 5 -7 -8
leaf_value=1.4867327182613617 0.32537163594991958 -0.7754928484297634 -0.53253224403070643 0.28292149129884064 -0.54328754295576498 -0.029832017770287586 -0.096477817705985139
leaf_weight=17 27 17 22 23 14.999999999999998 17 31
leaf_count=17 27 17 22 23 15 17 31
internal_value=0.0237556 -0.140704 -0.241596 -0.156871 -0.0602061 -0.271613 0.06525
internal_weight=169 152 125 108 86 32 54
internal_count=169 152 125 108 86 32 54
is_linear=0
shrinkage=0.05


Tree=120
num_leaves=9
num_cat=0
split_feature=77 111 74 101 58 5 77 50
split_gain=14937.2 3145.46 3631.1 2564.75 3122.09 1424.11 832.226 383.902
threshold=1.5000000000000002 -0.84249999999999947 -3.6333333333333342 71.700000000000017 4.9850000000000012 1.0000000180025095e-35 4.5000000000000009 41.000000000000007
decision_type=2 2 2 2 2 2 2 2
left_child=-1 -2 -3 5 -5 6 -4 -6
right_child=1 2 3 4 7 -7 -8 -9
leaf_value=1.3261789237017405 0.50528685358000103 -0.85454882520496533 0.0916152576813523 0.70997363669531688 -0.28737171939394091 -0.61667876164411706 -0.38160377335811846 0.030118165976965608
leaf_weight=19 15.999999999999998 20 19 15.999999999999998 18 27 18 20
leaf_count=19 16 20 19 16 18 27 18 20
internal_value=0.00724469 -0.156204 -0.233245 -0.127262 0.126331 -0.341173 -0.138873 -0.1205
internal_weight=173 154 138 118 54 64 37 38
internal_count=173 154 138 118 54 64 37 38
is_linear=0
shrinkage=0.05


Tree=121
num_leaves=8
num_cat=0
split_feature=25 51 45 109 53 45 10
split_gain=16123.6 3622.09 3426.02 1461.58 1648.17 1238.6 925.806
threshold=18.750000000000004 37.300000000000004 -0.02583333333333333 1.0000000180025095e-35 27.050000000000004 -0.012500000000000009 5.4350000000000014
decision_type=2 2 2 2 2 2 2
left_child=-1 -2 -3 4 -4 -5 -6
right_child=1 2 3 5 6 -7 -8
leaf_value=1.5911823148758995 -0.8069991808188588 0.67533062791192777 0.4223192025284741 -0.014685407077303585 -0.44622588498251781 -0.57382790183655596 -0.0055608196915359663
leaf_weight=14.999999999999998 17 14.999999999999998 18 15.999999999999998 15.999999999999998 26 46
leaf_count=15 17 15 18 16 16 26 46
internal_value=0.031932 -0.120845 -0.0351383 -0.123014 0.00241432 -0.361481 -0.119897
internal_weight=169 154 137 122 80 42 62
internal_count=169 154 137 122 80 42 62
is_linear=0
shrinkage=0.05


Tree=122
num_leaves=9
num_cat=0
split_feature=39 24 123 33 49 123 74 43
split_gain=19092.3 3695.97 6558.08 2286.34 1449.43 1135.13 911.545 556.449
threshold=-1.2050000000000001 55.800000000000004 -0.0025000000000000157 -0.22500000000000051 4.6550000000000002 -0.0066666666666666671 4.0166666666666684 -0.055833333333333617
decision_type=2 2 2 2 2 2 2 2
left_child=-1 3 -3 -2 -5 7 -7 -6
right_child=1 2 -4 4 5 6 -8 -9
leaf_value=1.6186112183576438 -0.81561642818569391 1.0971885984504457 -0.35375109155725992 -0.55137700349516217 -0.13580248639069867 0.37632986062409868 -0.075079091612396565 -0.54890771247693249
leaf_weight=17 15.999999999999998 15.000000000000002 15.999999999999998 21 18 14.999999999999998 43 14.999999999999998
leaf_count=17 16 15 16 21 18 15 43 15
internal_value=0.0310339 -0.139586 0.349426 -0.258238 -0.177912 -0.091162 0.0420253 -0.32482
internal_weight=176 159 31 128 112 91 58 33
internal_count=176 159 31 128 112 91 58 33
is_linear=0
shrinkage=0.05


Tree=123
num_leaves=9
num_cat=0
split_feature=91 86 62 41 39 22 99 121
split_gain=15523.2 2732.88 8703.13 1956.27 1513.1 1289.5 1232.01 954.602
threshold=6.9800000000000013 1.0000000180025095e-35 64.850000000000009 -1.0000000180025095e-35 0.505 0.16500000000000004 52.000000000000007 -0.19916666666666669
decision_type=2 2 2 2 2 2 2 2
left_child=1 3 -3 6 -4 -5 -1 -6
right_child=-2 2 4 5 7 -7 -8 -9
leaf_value=0.12210701239944824 1.5652593252674634 1.1770298387041156 -0.56173788889458309 -0.3251212881701025 -0.30372445248720936 -0.91696288541237014 -0.43011259308883121 0.17007178917885146
leaf_weight=27 14.999999999999998 14.999999999999998 17 22 17 15.999999999999998 15.999999999999998 28
leaf_count=27 15 15 17 22 17 16 16 28
internal_value=0.0335886 -0.11269 0.10049 -0.315277 -0.161359 -0.576202 -0.0837752 -0.00908361
internal_weight=173 158 77 81 62 38 43 45
internal_count=173 158 77 81 62 38 43 45
is_linear=0
shrinkage=0.05


Tree=124
num_leaves=10
num_cat=0
split_feature=53 84 103 37 67 64 113 66 0
split_gain=3112.13 2448.92 1980.89 1742.07 1291.93 1020.7 809.934 727.067 624.245
threshold=1.0000000180025095e-35 0.015833333333333355 25.650000000000002 4.4166666666666652 5.4000000000000012 38.250000000000007 -8.2666666666666639 22.000000000000004 1436.0000000000002
decision_type=2 2 2 2 2 2 2 2 2
left_child=-1 2 4 7 -2 -5 -6 -4 -7
right_child=1 -3 3 5 6 8 -8 -9 -10
leaf_value=-0.84090617839863757 0.48882053070115727 0.49504478792226092 -0.82677631318939382 -0.40193478599932403 0.17882015040572388 -0.16649856761616855 -0.32268495800332248 -0.34634365620820418 0.23827831375500119
leaf_weight=14.999999999999998 14.999999999999998 15.999999999999998 15.999999999999998 22 15.999999999999995 20 16.000000000000004 15.999999999999998 18
leaf_count=15 15 16 16 22 16 20 16 16 18
internal_value=-0.155622 -0.0887723 -0.156318 -0.291138 0.107536 -0.131723 -0.0720007 -0.588543 0.0252288
internal_weight=170 155 139 92 47 60 32 32 38
internal_count=170 155 139 92 47 60 32 32 38
is_linear=0
shrinkage=0.05


Tree=125
num_leaves=9
num_cat=0
split_feature=53 77 98 66 54 91 11 66
split_gain=3528 3794.34 9139.06 1903.81 610.102 597.148 615.322 482.514
threshold=11.550000000000002 3.5000000000000004 32.20000000000001 8.5000000000000018 50.95000000000001 5.2650000000000006 38.250000000000007 26.150000000000002
decision_type=2 2 2 2 2 2 2 2
left_child=-1 2 -2 -3 -5 6 -6 -7
right_child=1 3 -4 4 5 7 -8 -9
leaf_value=-0.7846418893139665 1.2462064794891061 -0.7146002043161962 -0.29361314018387602 0.17009387353192204 -0.28678164886452301 -0.48189068113393452 0.088775163463183815 -0.11860708542037429
leaf_weight=18 17 14.999999999999998 22 15.999999999999998 17 20 30 17
leaf_count=18 17 15 22 16 17 20 30 17
internal_value=-0.124281 -0.0466041 0.378933 -0.191164 -0.111963 -0.165886 -0.0472788 -0.315881
internal_weight=172 154 39 115 100 84 47 37
internal_count=172 154 39 115 100 84 47 37
is_linear=0
shrinkage=0.05


Tree=126
num_leaves=7
num_cat=0
split_feature=24 64 102 59 52 12
split_gain=17762.9 2766.31 2722 1351.26 1431.98 1373.62
threshold=25.500000000000004 25.650000000000002 56.250000000000007 24.250000000000004 4.660000000000001 49.550000000000004
decision_type=2 2 2 2 2 2
left_child=-1 -2 3 -3 -5 -6
right_child=1 2 -4 4 5 -7
leaf_value=1.6593354111278296 -0.58419489334486552 -0.54985950200454048 0.55069368563984566 0.34681258814110943 -0.50433204369758489 -0.032077840574187159
leaf_weight=14.999999999999998 28 15.999999999999998 17 18 20 66
leaf_count=15 28 16 17 18 20 66
internal_value=0.0178462 -0.132264 -0.0395039 -0.123546 -0.0574458 -0.142421
internal_weight=180 165 137 120 104 86
internal_count=180 165 137 120 104 86
is_linear=0
shrinkage=0.05


Tree=127
num_leaves=9
num_cat=0
split_feature=86 104 5 78 59 12 56 84
split_gain=2719.65 6049.71 1811.61 2505.19 1174.64 1059.92 984.49 662.542
threshold=1.0000000180025095e-35 28.150000000000002 1.0000000180025095e-35 0.45499999999999968 30.450000000000003 60.750000000000007 38.050000000000004 -0.0075000000000000058
decision_type=2 2 2 2 2 2 2 2
left_child=2 -2 4 -4 -1 7 -7 -3
right_child=1 5 3 -5 -6 6 -8 -9
leaf_value=0.20273762347056851 0.76283120862591314 -0.15950039714499256 -1.0633142909648254 -0.21374575604943083 -0.33042937683020063 0.25082569634103025 -0.27994983100002596 -0.63065214847886808
leaf_weight=17 23 15.000000000000002 15.999999999999998 19 26 19 15.999999999999998 14.999999999999998
leaf_count=17 23 15 16 19 26 19 16 15
internal_value=-0.122791 0.0676921 -0.337571 -0.604185 -0.119545 -0.178997 0.00793671 -0.396555
internal_weight=166 88 78 35 43 65 35 30
internal_count=166 88 78 35 43 65 35 30
is_linear=0
shrinkage=0.05


Tree=128
num_leaves=7
num_cat=0
split_feature=60 115 33 65 52 74
split_gain=15742.7 2943.83 1976.25 1077.73 1302.91 973.007
threshold=34.400000000000006 -11.09166666666666 -0.27166666666666689 20.350000000000005 4.5700000000000012 2.033333333333339
decision_type=2 2 2 2 2 2
left_child=-1 -2 -3 -4 -5 -6
right_child=1 2 3 4 5 -7
leaf_value=1.5497127582695311 0.52602002481553733 -0.74916635649093744 -0.50303086612106029 0.23897931714275567 -0.51457144109129205 -0.094643210577319975
leaf_weight=14.999999999999998 14.999999999999998 14.999999999999998 18 24 17 72
leaf_count=15 15 15 18 24 17 72
internal_value=0.00597813 -0.13869 -0.207329 -0.144725 -0.0872108 -0.175398
internal_weight=176 161 146 131 113 89
internal_count=176 161 146 131 113 89
is_linear=0
shrinkage=0.05


Tree=129
num_leaves=7
num_cat=0
split_feature=64 33 102 101 101 40
split_gain=15845.8 2727.67 2681.87 1307.64 1399.59 1436
threshold=16.650000000000002 -0.29583333333333378 56.250000000000007 82.65000000000002 77.15000000000002 1.5000000000000002
decision_type=2 2 2 2 2 2
left_child=-1 -2 3 4 5 -3
right_child=1 2 -4 -5 -6 -7
leaf_value=1.55717121023216 -0.77679443801475678 0.22350087635492155 0.49892116844736406 -0.58848531936967619 0.33891888650492852 -0.26084500648680442
leaf_weight=14.999999999999998 14.999999999999998 19 18 14.999999999999998 15.999999999999998 77
leaf_count=15 15 19 18 15 16 77
internal_value=0.00880837 -0.137201 -0.0705124 -0.151588 -0.0925574 -0.1648
internal_weight=175 160 145 127 112 96
internal_count=175 160 145 127 112 96
is_linear=0
shrinkage=0.05


Tree=130
num_leaves=9
num_cat=0
split_feature=82 64 23 63 102 117 33 62
split_gain=18311.6 4044.48 3190.91 5540.72 1042.28 805.608 771.284 519.183
threshold=-0.46166666666666684 25.650000000000002 84.700000000000003 49.050000000000004 23.650000000000002 0.67249999999999954 0.35833333333333345 72.950000000000017
decision_type=2 2 2 2 2 2 2 2
left_child=-1 -2 4 -4 -3 7 -7 -6
right_child=1 2 3 -5 5 6 -8 -9
leaf_value=1.5481762814258344 -0.68808102304205243 0.1987322175354691 1.071576915338913 -0.22144527012667461 -0.29833987066464396 -0.68617265398139204 -0.22004508707857778 0.07493504590578208
leaf_weight=18 27 15.999999999999998 15.999999999999998 17 15.999999999999998 14.999999999999998 22 22
leaf_count=18 27 16 16 17 16 15 22 22
internal_value=0.0452918 -0.134733 -0.0137482 0.406667 -0.16654 -0.244693 -0.410491 -0.0824726
internal_weight=169 151 124 33 91 75 37 38
internal_count=169 151 124 33 91 75 37 38
is_linear=0
shrinkage=0.05


Tree=131
num_leaves=11
num_cat=0
split_feature=32 64 77 20 59 25 65 109 55 95
split_gain=14734 2486.03 2338.06 2461.8 1315.05 1105.83 855.935 803.122 705.428 312.374
threshold=2.5000000000000004 25.650000000000002 4.5000000000000009 28.850000000000005 28.050000000000004 44.70000000000001 30.150000000000002 -0.018333333333333087 5.2350000000000012 32.850000000000001
decision_type=2 2 2 2 2 2 2 2 2 2
left_child=-1 6 3 -3 -4 7 -2 -5 -6 -10
right_child=1 2 4 5 8 -7 -8 -9 9 -11
leaf_value=1.4892357892548012 -0.81969176822940237 0.73070768141588638 -0.61128099162275618 0.085183500206184315 -0.34889520782783134 0.3332369704054009 -0.28285519539915177 -0.42260644097135663 -0.13618181434988277 0.16180875991465965
leaf_weight=14.999999999999998 15.000000000000002 14.999999999999998 18 14.999999999999998 21 15.999999999999998 14.999999999999998 16.000000000000004 17 18
leaf_count=15 15 15 18 15 21 16 15 16 17 18
internal_value=-0.00610566 -0.142072 -0.05099 0.1753 -0.240632 -0.00302713 -0.553271 -0.177257 -0.120529 0.0169524
internal_weight=181 166 136 62 74 47 30 31 56 35
internal_count=181 166 136 62 74 47 30 31 56 35
is_linear=0
shrinkage=0.05


Tree=132
num_leaves=8
num_cat=0
split_feature=37 24 112 12 33 58 109
split_gain=16398.1 1990.2 1875.34 1096.92 1114.09 804.02 459.555
threshold=-4.4083333333333341 35.850000000000009 5.5000000000000009 55.800000000000004 0.17833333333333304 5.120000000000001 -0.01250000000000062
decision_type=2 2 2 2 2 2 2
left_child=-1 -2 3 4 -3 -5 -7
right_child=1 2 -4 5 -6 6 -8
leaf_value=1.5464554748179749 -0.51332946069591612 0.41547069691664329 0.38221170903664631 -0.48254578996805231 -0.19191834989762466 0.010166725853165449 -0.32954123649075168
leaf_weight=15.999999999999998 28 15.000000000000002 21 24 14.999999999999998 26 15.999999999999998
leaf_count=16 28 15 21 24 15 26 16
internal_value=0.0325206 -0.13545 -0.0446141 -0.138335 0.111981 -0.252188 -0.119602
internal_weight=161 145 117 96 30 66 42
internal_count=161 145 117 96 30 66 42
is_linear=0
shrinkage=0.05


Tree=133
num_leaves=8
num_cat=0
split_feature=120 33 102 97 102 93 97
split_gain=3173.78 2408.22 1252.07 858.148 1229.91 936.076 666.75
threshold=1.5000000000000002 -0.22500000000000051 20.550000000000004 4.8750000000000009 42.850000000000001 56.750000000000007 5.455000000000001
decision_type=2 2 2 2 2 2 2
left_child=-1 -2 -3 -4 5 -5 -6
right_child=1 2 3 4 6 -7 -8
leaf_value=0.3850383377976434 -0.76372634446398813 0.31295408607516073 0.15575484633445738 -0.24988597622782771 -0.26386668360011178 -0.69984979203769138 0.15168660942820594
leaf_weight=29 15.999999999999998 14.999999999999998 17 42 15.999999999999998 15.999999999999998 24
leaf_count=29 16 15 17 42 16 16 24
internal_value=-0.0918204 -0.186772 -0.115191 -0.171303 -0.228189 -0.375091 -0.0146535
internal_weight=175 146 130 115 98 58 40
internal_count=175 146 130 115 98 58 40
is_linear=0
shrinkage=0.05


Tree=134
num_leaves=7
num_cat=0
split_feature=77 111 33 48 60 104
split_gain=13232.4 2306.86 2461.22 1586.69 2003.01 1175.82
threshold=1.5000000000000002 -0.84249999999999947 -0.27166666666666689 6.8750000000000009 41.70000000000001 42.850000000000001
decision_type=2 2 2 2 2 2
left_child=-1 -2 -3 4 -4 -6
right_child=1 2 3 -5 5 -7
leaf_value=1.303905383394568 0.46387226785107566 -0.76839902504630708 -0.69871539162552876 0.3216965099559963 -0.19114184935070291 0.23389436571518957
leaf_weight=18 14.999999999999998 15.999999999999998 15.999999999999998 18 71 21
leaf_count=18 15 16 16 18 71 21
internal_value=0.0237139 -0.123764 -0.186157 -0.111631 -0.184129 -0.0939198
internal_weight=175 157 142 126 108 92
internal_count=175 157 142 126 108 92
is_linear=0
shrinkage=0.05


Tree=135
num_leaves=9
num_cat=0
split_feature=91 102 78 5 9 45 111 48
split_gain=15277.8 3409.79 1727.45 1779.06 965.958 912.134 523.689 504.896
threshold=6.9800000000000013 20.550000000000004 0.45499999999999968 1.0000000180025095e-35 6.7550000000000008 1.0000000180025095e-35 0.31916666666666643 6.8350000000000009
decision_type=2 2 2 2 2 2 2 2
left_child=1 -1 3 6 -4 7 -3 -6
right_child=-2 2 4 -5 5 -7 -8 -9
leaf_value=0.50890474978246192 1.5118688128641899 -0.042462219951445598 -0.34193688968894143 -0.83501799506927599 0.084374401878311994 0.35392239204305692 -0.44771945523899914 -0.27046320271717994
leaf_weight=17 14.999999999999998 17 27 20 19 14.999999999999998 14.999999999999998 21
leaf_count=17 15 17 27 20 19 15 15 21
internal_value=-0.00455463 -0.156127 -0.24085 -0.466037 -0.0975942 0.022668 -0.233385 -0.102001
internal_weight=166 151 134 52 82 55 32 40
internal_count=166 151 134 52 82 55 32 40
is_linear=0
shrinkage=0.05


Tree=136
num_leaves=9
num_cat=0
split_feature=1 68 87 72 117 13 15 103
split_gain=2202.81 3873.39 1607.63 1840.24 1422.63 930.091 762.671 683.024
threshold=2.5000000000000004 50.500000000000007 6.7950000000000008 0.30583333333333368 1.3783333333333332 5.9150000000000009 56.95000000000001 30.200000000000003
decision_type=2 2 2 2 2 2 2 2
left_child=1 -1 6 -4 5 -2 -3 -7
right_child=4 2 3 -5 -6 7 -8 -9
leaf_value=0.73864699916809984 0.035184500497930191 -0.16010831331614381 -0.7464157077096264 -0.065670515317113001 -0.75092282435908819 -0.61568550930260113 0.27748943998324921 -0.14496327412888307
leaf_weight=15.999999999999998 22 15.999999999999998 15.999999999999998 26 15.999999999999998 16.000000000000004 26 14.999999999999998
leaf_count=16 22 16 16 26 16 16 26 15
internal_value=-0.12181 0.0281284 -0.107866 -0.326278 -0.338911 -0.213256 0.110682 -0.389276
internal_weight=169 100 84 42 69 53 42 31
internal_count=169 100 84 42 69 53 42 31
is_linear=0
shrinkage=0.05


Tree=137
num_leaves=7
num_cat=0
split_feature=64 65 102 97 65 117
split_gain=14963.6 2275.59 2658.31 1356.78 1302.77 762.368
threshold=16.650000000000002 20.350000000000005 57.45000000000001 5.9500000000000011 29.000000000000004 0.67249999999999954
decision_type=2 2 2 2 2 2
left_child=-1 -2 3 4 -3 -6
right_child=1 2 -4 -5 5 -7
leaf_value=1.519931715529486 -0.6906524186548979 0.26654527028221892 0.56394965204576797 -0.58269966465747913 -0.051905394836029163 -0.35287816497494445
leaf_weight=14.999999999999998 15.999999999999998 22 14.999999999999998 14.999999999999998 58 33
leaf_count=15 16 22 15 15 58 33
internal_value=0.015698 -0.127046 -0.0635111 -0.137464 -0.0778543 -0.161372
internal_weight=174 159 143 128 113 91
internal_count=174 159 143 128 113 91
is_linear=0
shrinkage=0.05


Tree=138
num_leaves=8
num_cat=0
split_feature=82 64 23 23 34 54 63
split_gain=14071.8 3422.78 2755.54 4461.45 577.458 636.832 606.365
threshold=-0.46166666666666684 25.650000000000002 84.700000000000003 88.100000000000009 3.5000000000000004 48.050000000000004 54.750000000000007
decision_type=2 2 2 2 2 2 2
left_child=-1 -2 4 -4 -3 -6 -7
right_child=1 2 3 -5 5 6 -8
leaf_value=1.2521947553654982 -0.62376391255558594 -0.36763335079341741 0.93874000150557846 -0.24121140131591173 0.18640036025242498 -0.27050966598543286 0.1040259959681934
leaf_weight=21 28 23 17 14.999999999999998 17 38 14.999999999999998
leaf_count=21 28 23 17 15 17 38 15
internal_value=0.0416898 -0.125135 -0.0129924 0.386454 -0.150757 -0.079004 -0.164419
internal_weight=174 153 125 32 93 70 53
internal_count=174 153 125 32 93 70 53
is_linear=0
shrinkage=0.05


Tree=139
num_leaves=9
num_cat=0
split_feature=66 12 101 12 78 5 50 58
split_gain=17313.4 2360.52 2285.25 3004.11 1161.21 1112.3 735.398 345.513
threshold=5.4500000000000002 52.20000000000001 77.15000000000002 62.70000000000001 0.27500000000000041 1.0000000180025095e-35 38.250000000000007 5.120000000000001
decision_type=2 2 2 2 2 2 2 2
left_child=-1 5 4 -4 -3 -2 -6 -8
right_child=1 2 3 -5 6 -7 7 -9
leaf_value=1.667171333483513 -0.17991653303919788 -0.4698494489280341 0.86073070290666187 -0.056391739007548902 0.26706718832069304 -0.65200204013159901 -0.32159761016732025 -0.0044673130286866742
leaf_weight=14.999999999999998 29 19 15.999999999999998 20 15.999999999999998 22 14.999999999999998 20
leaf_count=15 29 19 16 20 16 22 15 20
internal_value=0.0500494 -0.105384 0.0291143 0.352335 -0.137308 -0.384537 -0.0126445 -0.141052
internal_weight=172 157 106 36 70 51 51 35
internal_count=172 157 106 36 70 51 51 35
is_linear=0
shrinkage=0.05


Tree=140
num_leaves=9
num_cat=0
split_feature=72 21 100 45 13 90 84 32
split_gain=16628.5 1984.37 1855.86 1152.05 684.261 671.458 490.281 480.092
threshold=-0.53416666666666568 36.500000000000007 0.16500000000000004 0.0041666666666666666 5.5650000000000004 47.850000000000001 -0.0058333333333333423 4.5000000000000009
decision_type=2 2 2 2 2 2 2 2
left_child=-1 -2 5 4 -4 -3 -6 -7
right_child=1 2 3 -5 6 7 -8 -9
leaf_value=1.5503078295392279 0.38014332781667298 -0.68947518610814862 -0.34532745846239221 0.32937842596391714 -0.17443257873229567 -0.46928894532517795 0.21142967763258169 -0.11094200188914934
leaf_weight=15.999999999999998 15.999999999999998 17 25 15.999999999999998 17.999999999999993 21 15.000000000000005 17
leaf_count=16 16 17 25 16 18 21 15 17
internal_value=0.0257714 -0.143371 -0.208586 -0.0448633 -0.148578 -0.428296 0.000917174 -0.309819
internal_weight=161 145 129 74 58 55 33 38
internal_count=161 145 129 74 58 55 33 38
is_linear=0
shrinkage=0.05


Tree=141
num_leaves=9
num_cat=0
split_feature=41 41 74 111 26 54 107 39
split_gain=2727.19 6225.03 1775.3 915.413 835.322 1035.81 645.893 522.584
threshold=0.049166666666666366 -0.099166666666667944 -3.6333333333333342 0.19583333333333289 22.900000000000002 52.650000000000006 52.500000000000007 0.7683333333333332
decision_type=2 2 2 2 2 2 2 2
left_child=1 4 -2 -4 -1 -6 -7 -5
right_child=2 -3 3 7 5 6 -8 -9
leaf_value=-0.48295821740927292 -0.7817715477499162 0.79614100014524791 -0.40971181235703713 -0.24548878995528134 0.25890202740131069 -0.46251222538632275 -0.028855878678127306 0.13271853336490586
leaf_weight=14.999999999999998 15.999999999999998 23 28 15.999999999999998 17 14.999999999999998 20 21
leaf_count=15 16 23 28 16 17 15 20 21
internal_value=-0.10111 0.0882517 -0.311423 -0.194545 -0.155505 -0.0602056 -0.215639 -0.0309167
internal_weight=171 90 81 65 67 52 35 37
internal_count=171 90 81 65 67 52 35 37
is_linear=0
shrinkage=0.05


Tree=142
num_leaves=8
num_cat=0
split_feature=34 102 53 52 1 93 12
split_gain=15286.7 2389.73 1591.32 1736.23 971.621 798.987 669.096
threshold=2.5000000000000004 56.250000000000007 11.550000000000002 4.5700000000000012 2.5000000000000004 54.650000000000006 53.350000000000001
decision_type=2 2 2 2 2 2 2
left_child=-1 2 -2 -4 6 -6 -5
right_child=1 -3 3 4 5 -7 -8
leaf_value=1.3889267824395164 -0.66776479522124044 0.41361872912701508 0.28920419442145179 -0.28996910400905057 -0.18219711833925389 -0.63610725087645159 0.048390050352904994
leaf_weight=19 14.999999999999998 19 21 24 20 19 37
leaf_count=19 15 19 21 24 20 19 37
internal_value=0.054209 -0.110159 -0.183621 -0.12306 -0.209888 -0.404522 -0.0849097
internal_weight=174 155 136 121 100 39 61
internal_count=174 155 136 121 100 39 61
is_linear=0
shrinkage=0.05


Tree=143
num_leaves=8
num_cat=0
split_feature=20 1 43 24 52 82 93
split_gain=13905.1 2382.57 4222.63 1513.79 1200.82 954.504 442.39
threshold=23.150000000000002 1.5000000000000002 0.15500000000000028 35.850000000000009 4.5700000000000012 -0.14833333333333296 54.650000000000006
decision_type=2 2 2 2 2 2 2
left_child=-1 2 -2 -3 -5 -6 -7
right_child=1 3 -4 4 5 6 -8
leaf_value=1.2631873697339007 -0.18721643212120148 -0.58349011023546049 0.8220299605257021 0.18410831399224886 -0.57899134817876319 0.014576639757527935 -0.29172258189110339
leaf_weight=20 29 27 15.999999999999998 20 17 23 24
leaf_count=20 29 27 16 20 17 23 24
internal_value=0.025356 -0.134016 0.172543 -0.258385 -0.153258 -0.258885 -0.142013
internal_weight=176 156 45 111 84 64 47
internal_count=176 156 45 111 84 64 47
is_linear=0
shrinkage=0.05


Tree=144
num_leaves=7
num_cat=0
split_feature=57 74 111 59 0 14
split_gain=16105 2702.6 1650.5 1675.85 1105.66 685.746
threshold=35.20000000000001 -6.3916666666666666 1.2991666666666666 22.900000000000002 1140.0000000000002 32.850000000000001
decision_type=2 2 2 2 2 2
left_child=-1 -2 3 -3 -5 -6
right_child=1 2 -4 4 5 -7
leaf_value=1.4806660398753761 -0.66241410804020839 -0.61009716701922045 0.42146677660831017 0.22818444288744699 -0.31003728036132377 -0.0064327301149349446
leaf_weight=17 21 14.999999999999998 15.999999999999998 27 34 41
leaf_count=17 21 15 16 27 34 41
internal_value=0.0248553 -0.136675 -0.0531909 -0.118449 -0.0455716 -0.144363
internal_weight=171 154 133 117 102 75
internal_count=171 154 133 117 102 75
is_linear=0
shrinkage=0.05


Tree=145
num_leaves=8
num_cat=0
split_feature=10 72 84 123 92 106 12
split_gain=13271.8 2190.48 2084.34 1151.61 843.763 560.787 459.605
threshold=4.1000000000000005 -0.59333333333333316 0.012499999999999999 -0.0066666666666666671 14.550000000000002 10.800000000000002 61.900000000000006
decision_type=2 2 2 2 2 2 2
left_child=-1 -2 3 6 -5 -6 -3
right_child=1 2 -4 4 5 -7 -8
leaf_value=1.4441780496117296 -0.6803372799165992 -0.44509813549043448 0.47094981893461352 0.27538099520242038 9.0563468410354754e-05 -0.33154719024896623 -0.10806632095323124
leaf_weight=14.999999999999998 14.999999999999998 28 17 20 43 18 15.999999999999998
leaf_count=15 15 28 17 20 43 18 16
internal_value=0.0283159 -0.107759 -0.0468038 -0.117578 -0.00557266 -0.0980704 -0.323177
internal_weight=172 157 142 125 81 61 44
internal_count=172 157 142 125 81 61 44
is_linear=0
shrinkage=0.05


Tree=146
num_leaves=7
num_cat=0
split_feature=27 33 48 66 0 35
split_gain=15592.3 2302.9 2072.49 1177.84 1058.71 537.416
threshold=5.1000000000000005 -0.22500000000000051 6.8750000000000009 8.0000000000000018 523.00000000000011 6.4416666666666691
decision_type=2 2 2 2 2 2
left_child=-1 -2 3 -3 -5 -6
right_child=1 2 -4 4 5 -7
leaf_value=1.4346132056057801 -0.70253575970554916 -0.54440051533325373 0.42815325960778355 0.26353827474410074 -0.3053194205188538 -0.059666579444097236
leaf_weight=17 17 17 17 17 39 52
leaf_count=17 17 17 17 17 39 52
internal_value=-5.34775e-05 -0.154282 -0.0881629 -0.158708 -0.0975034 -0.165221
internal_weight=176 159 142 125 108 91
internal_count=176 159 142 125 108 91
is_linear=0
shrinkage=0.05


Tree=147
num_leaves=7
num_cat=0
split_feature=60 102 31 37 66 14
split_gain=12149.8 2498.52 1670.64 1444.97 949.821 462.988
threshold=34.400000000000006 20.550000000000004 0.036666666666666632 -2.7833333333333328 7.2000000000000011 27.000000000000004
decision_type=2 2 2 2 2 2
left_child=-1 -2 3 -3 -5 -6
right_child=1 2 -4 4 5 -7
leaf_value=1.370670919465703 0.43906824601947936 -0.64943258712429031 0.27809082806458946 -0.5165791655144496 -0.36039717769780699 -0.055620996553797014
leaf_weight=14.999999999999998 18 19 17 17 14.999999999999998 72
leaf_count=15 18 19 17 17 15 72
internal_value=0.0155961 -0.113804 -0.185186 -0.249431 -0.175752 -0.108579
internal_weight=173 158 140 123 104 87
internal_count=173 158 140 123 104 87
is_linear=0
shrinkage=0.05


Tree=148
num_leaves=10
num_cat=0
split_feature=91 111 24 99 107 91 67 12 44
split_gain=12822 1704.83 2307.36 1814.64 1616.37 1063.2 712.868 561.308 409.615
threshold=6.9800000000000013 -0.84249999999999947 41.050000000000004 43.300000000000004 51.500000000000007 5.2650000000000006 11.750000000000002 60.750000000000007 2.5000000000000004
decision_type=2 2 2 2 2 2 2 2 2
left_child=1 -1 4 -4 -3 7 -7 -5 -6
right_child=-2 2 3 5 8 6 -8 -9 -10
leaf_value=0.39930480351511222 1.4220063541109198 -0.83301205931242939 0.50212761639364512 -0.12558137894860957 -0.092754015542263354 -0.55482174671248896 -0.098707784749382174 0.28728677497466626 -0.41992885805012892
leaf_weight=14.999999999999998 14.999999999999998 15.999999999999998 14.999999999999998 14.999999999999998 22 14.999999999999998 20 18 17
leaf_count=15 15 16 15 15 22 15 20 18 17
internal_value=0.0319367 -0.105152 -0.16027 0.00618416 -0.41111 -0.103718 -0.295351 0.0996559 -0.236206
internal_weight=168 153 138 83 55 68 35 33 39
internal_count=168 153 138 83 55 68 35 33 39
is_linear=0
shrinkage=0.05


Tree=149
num_leaves=7
num_cat=0
split_feature=58 35 65 6 23 81
split_gain=14391.1 2023.13 1374.16 1597.67 911.892 601.157
threshold=4.3650000000000011 -4.8166666666666673 21.800000000000001 5.5000000000000009 88.100000000000009 4.5000000000000009
decision_type=2 2 2 2 2 2
left_child=-1 -2 -3 4 5 -4
right_child=1 2 3 -5 -6 -7
leaf_value=1.419859762406497 -0.64784527523082924 -0.43636166351440153 0.05575105175530836 0.31378232349916713 -0.45992022149311085 -0.26433605370928326
leaf_weight=15.999999999999998 18 23 48 28 15.999999999999998 21
leaf_count=16 18 23 48 28 16 21
internal_value=-0.00252504 -0.151163 -0.0849614 -0.0130707 -0.121041 -0.041836
internal_weight=170 154 136 113 85 69
internal_count=170 154 136 113 85 69
is_linear=0
shrinkage=0.05


Tree=150
num_leaves=9
num_cat=0
split_feature=57 50 45 100 26 74 15 79
split_gain=13076.1 2253.1 2310.54 1214.35 688.707 676.392 620.781 327.356
threshold=35.20000000000001 20.750000000000004 -0.02583333333333333 0.16500000000000004 30.800000000000001 4.0166666666666684 48.650000000000013 3.5000000000000004
decision_type=2 2 2 2 2 2 2 2
left_child=-1 -2 -3 4 -4 -5 -7 -6
right_child=1 2 3 5 7 6 -8 -9
leaf_value=1.3185416333943778 -0.64713402691623934 0.49539993282708328 -0.51108838509907373 0.30343265434764083 0.013765608317015189 -0.34507764336091795 0.045646986624052283 -0.29794055463268337
leaf_weight=17 19 15.999999999999998 24 14.999999999999998 14.999999999999998 14.999999999999998 31 19
leaf_count=17 19 16 24 15 15 15 31 19
internal_value=0.00674161 -0.138797 -0.0667899 -0.142773 -0.306369 0.0129424 -0.0821269 -0.160639
internal_weight=171 154 135 119 58 61 46 34
internal_count=171 154 135 119 58 61 46 34
is_linear=0
shrinkage=0.05


Tree=151
num_leaves=8
num_cat=0
split_feature=24 66 62 41 6 14 100
split_gain=15781.4 1970.22 2851.93 1558.4 1196.69 838.346 427.94
threshold=25.500000000000004 12.750000000000002 64.850000000000009 0.049166666666666366 5.5000000000000009 27.650000000000002 0.15500000000000003
decision_type=2 2 2 2 2 2 2
left_child=-1 3 -3 -2 5 -4 -7
right_child=1 2 4 -5 -6 6 -8
leaf_value=1.475819052642549 -0.11897275632257619 0.56985001059477791 -0.56657858526469862 -0.77716673826644422 0.16595454116563399 -0.31740001442745264 -0.034467277509813085
leaf_weight=17 18 17 14.999999999999998 18 25 22 34
leaf_count=17 18 17 15 18 25 22 34
internal_value=0.0371226 -0.12787 -0.0250691 -0.449449 -0.130955 -0.235657 -0.146076
internal_weight=166 149 113 36 96 71 56
internal_count=166 149 113 36 96 71 56
is_linear=0
shrinkage=0.05


Tree=152
num_leaves=9
num_cat=0
split_feature=64 35 77 101 12 24 43 21
split_gain=12910 1704.44 1698.39 3159.24 1665.41 939.38 876.06 325.917
threshold=19.500000000000004 -4.8166666666666673 4.5000000000000009 77.15000000000002 62.250000000000007 41.050000000000004 0.11833333333333319 45.600000000000009
decision_type=2 2 2 2 2 2 2 2
left_child=-1 -2 3 4 5 -3 7 -4
right_child=1 2 6 -5 -6 -7 -8 -9
leaf_value=1.4189275728945701 -0.56721571489592282 -0.09899963309145092 -0.23556386294336251 0.73735041229621223 -0.45201286787156897 0.4052045725939567 -0.52431956639935295 0.010365632710703817
leaf_weight=14.999999999999998 18 20 29 15.999999999999998 18 17 18 25
leaf_count=15 18 20 29 16 18 17 18 25
internal_value=0.0209727 -0.11004 -0.0521027 0.121294 -0.0588444 0.132995 -0.223092 -0.121806
internal_weight=176 161 143 71 55 37 72 54
internal_count=176 161 143 71 55 37 72 54
is_linear=0
shrinkage=0.05


Tree=153
num_leaves=8
num_cat=0
split_feature=100 72 58 66 109 55 111
split_gain=13273.1 2396.98 1155.86 1132.99 867.827 861.794 548.316
threshold=0.14500000000000005 -0.59333333333333316 4.4500000000000011 32.20000000000001 -0.010833333333333693 5.3200000000000012 0.086666666666666017
decision_type=2 2 2 2 2 2 2
left_child=-1 -2 -3 4 6 -6 -4
right_child=1 2 3 -5 5 -7 -8
leaf_value=1.0960966906506262 -0.78790578115854837 -0.53703180890999103 -0.21152975752145919 0.26024994860045719 -0.53272121947814977 -0.065930571287705741 0.09317551125060973
leaf_weight=23 14.999999999999998 14.999999999999998 24 21 22 18 38
leaf_count=23 15 15 24 21 22 18 38
internal_value=-0.0210949 -0.189678 -0.124093 -0.0732989 -0.142207 -0.323478 -0.0248451
internal_weight=176 153 138 123 102 40 62
internal_count=176 153 138 123 102 40 62
is_linear=0
shrinkage=0.05


Tree=154
num_leaves=8
num_cat=0
split_feature=37 54 77 62 59 117 48
split_gain=11655 1263.97 1170.57 2477.96 671.386 907.033 442.033
threshold=-4.4083333333333341 20.700000000000003 3.5000000000000004 71.700000000000017 23.550000000000001 -1.5650000000000002 6.745000000000001
decision_type=2 2 2 2 2 2 2
left_child=-1 -2 3 -3 -4 -6 -7
right_child=1 2 4 -5 5 6 -8
leaf_value=1.2140072831791409 -0.55973744439762951 0.6273577028920192 -0.46608237446538664 -0.23706847749955473 0.23569899679896256 -0.4011999533843924 -0.11492403004484426
leaf_weight=18 14.999999999999998 15.999999999999998 14.999999999999998 17 15.999999999999998 17 65
leaf_count=18 15 16 15 17 16 17 65
internal_value=0.0109878 -0.12415 -0.0790115 0.182525 -0.155528 -0.107516 -0.174751
internal_weight=179 161 146 33 113 98 82
internal_count=179 161 146 33 113 98 82
is_linear=0
shrinkage=0.05


Tree=155
num_leaves=8
num_cat=0
split_feature=91 76 62 24 83 65 58
split_gain=12565 1801.76 2520.61 996.788 706.827 557.688 427.315
threshold=6.745000000000001 -9.5499999999999954 64.850000000000009 35.850000000000009 2.5000000000000004 33.95000000000001 5.2550000000000008
decision_type=2 2 2 2 2 2 2
left_child=1 -1 -3 -4 5 -5 -6
right_child=-2 2 3 4 6 -7 -8
leaf_value=-0.63687020411209172 1.349346665936227 0.36177026900956638 -0.47740956419169622 0.26365868264103531 -0.47172123043742409 -0.084701634494778244 -0.12172293838166513
leaf_weight=14.999999999999998 15.999999999999998 28 21 15.999999999999998 14.999999999999998 40 21
leaf_count=15 16 28 21 16 15 40 21
internal_value=0.0194199 -0.117728 -0.0620523 -0.167341 -0.0960692 0.0150333 -0.268597
internal_weight=172 156 141 113 92 56 36
internal_count=172 156 141 113 92 56 36
is_linear=0
shrinkage=0.05


Tree=156
num_leaves=8
num_cat=0
split_feature=58 18 6 51 93 43 82
split_gain=11859.8 1909.17 3115.78 1800.12 858.498 720.571 393.041
threshold=4.3650000000000011 56.600000000000009 5.5000000000000009 51.250000000000007 60.45000000000001 0.19583333333333333 0.21499999999999944
decision_type=2 2 2 2 2 2 2
left_child=-1 2 4 -3 5 6 -2
right_child=1 3 -4 -5 -6 -7 -8
leaf_value=1.2774628438099085 0.19034857664656937 -0.83979300678960545 0.47346327261449733 -0.14191496401901563 -0.38187831355247226 -0.29566255707052813 -0.10810055116981424
leaf_weight=17 26 14.999999999999998 26 24 27 20 19
leaf_count=17 26 15 26 24 27 20 19
internal_value=0.0269824 -0.109115 -0.00872947 -0.411919 -0.145422 -0.0466888 0.0642656
internal_weight=174 157 118 39 92 65 45
internal_count=174 157 118 39 92 65 45
is_linear=0
shrinkage=0.05


Tree=157
num_leaves=8
num_cat=0
split_feature=92 59 93 64 14 107 117
split_gain=13316.5 2117.6 1867.01 951.735 561.721 644.6 350.717
threshold=55.600000000000009 22.900000000000002 15.500000000000002 25.650000000000002 29.000000000000004 54.500000000000007 0.78250000000000008
decision_type=2 2 2 2 2 2 2
left_child=1 -1 -3 -4 6 -6 -5
right_child=-2 2 3 4 5 -7 -8
leaf_value=-0.66571390009716724 1.3524783661646871 0.34275687569266816 -0.44114933687139796 -0.093915727783907305 -0.14534484769978293 0.1754291497913234 -0.43125045788214078
leaf_weight=18 15.999999999999998 21 25 15.000000000000002 37 27 15.999999999999998
leaf_count=18 16 21 25 15 37 27 16
internal_value=-0.0178162 -0.156502 -0.0910355 -0.167213 -0.0946837 -0.00987775 -0.269012
internal_weight=175 159 141 120 95 64 31
internal_count=175 159 141 120 95 64 31
is_linear=0
shrinkage=0.05


Tree=158
num_leaves=10
num_cat=0
split_feature=91 24 4 16 100 12 25 60 57
split_gain=10783 2242.48 1379.24 833.767 799.695 638.698 425.189 350.862 356.108
threshold=6.9800000000000013 35.850000000000009 10.500000000000002 5.4450000000000012 0.16500000000000004 64.100000000000009 35.850000000000009 44.95000000000001 47.45000000000001
decision_type=2 2 2 2 2 2 2 2 2
left_child=1 3 4 -1 7 6 -6 -3 -9
right_child=-2 2 -4 -5 5 -7 -8 8 -10
leaf_value=-0.28160778519389856 1.2584672764437088 -0.4435085488402325 0.41118356297347725 -0.76684326513713563 -0.036154362732204945 -0.19434413352972782 0.29424898900550689 -0.3286646501463375 0.0095102054732186456
leaf_weight=22 14.999999999999998 15.999999999999998 14.999999999999998 14.999999999999998 18 22 21 15.000000000000002 15.999999999999998
leaf_count=22 15 16 15 15 18 22 21 15 16
internal_value=-0.0187727 -0.139256 -0.0364101 -0.479996 -0.098945 0.0204461 0.141925 -0.25372 -0.154493
internal_weight=175 160 123 37 108 61 39 47 31
internal_count=175 160 123 37 108 61 39 47 31
is_linear=0
shrinkage=0.05


Tree=159
num_leaves=8
num_cat=0
split_feature=24 66 62 41 59 21 15
split_gain=12939.9 1562.75 1700.31 1487.56 990.342 1165.57 570.723
threshold=25.500000000000004 12.750000000000002 63.45000000000001 0.049166666666666366 25.350000000000005 55.150000000000013 47.350000000000009
decision_type=2 2 2 2 2 2 2
left_child=-1 3 -3 -2 -4 6 -6
right_child=1 2 4 -5 5 -7 -8
leaf_value=1.3722962248214283 -0.088040122404620419 0.43576024514541295 -0.42761081642817456 -0.70583771261245154 -0.38570488210050219 0.32641377113142067 -0.040509609337065627
leaf_weight=15.999999999999998 20 17 19 19 15.999999999999998 18 47
leaf_count=16 20 17 19 19 16 18 47
internal_value=0.0226742 -0.116507 -0.024984 -0.390182 -0.103718 -0.0272474 -0.12873
internal_weight=172 156 117 39 100 81 63
internal_count=172 156 117 39 100 81 63
is_linear=0
shrinkage=0.05


Tree=160
num_leaves=8
num_cat=0
split_feature=66 10 102 95 93 37 6
split_gain=13405.7 1894.68 1734.62 889.177 858.735 804.567 689.972
threshold=5.1000000000000005 5.0100000000000007 57.45000000000001 31.050000000000004 60.45000000000001 16.250000000000004 3.5000000000000004
decision_type=2 2 2 2 2 2 2
left_child=-1 3 4 -2 5 6 -3
right_child=1 2 -4 -5 -6 -7 -8
leaf_value=1.378943432291958 -0.22824168658831667 -0.071477983032281575 0.45481978047096377 -0.75800581846805604 -0.34975880654816777 -0.27053176779671023 0.28037419759091881
leaf_weight=15.999999999999998 17 35 14.999999999999998 14.999999999999998 29 25 23
leaf_count=16 17 35 15 15 29 25 23
internal_value=0.00402276 -0.135082 -0.0482516 -0.478312 -0.116018 -0.0339661 0.068206
internal_weight=175 159 127 32 112 83 58
internal_count=175 159 127 32 112 83 58
is_linear=0
shrinkage=0.05


Tree=161
num_leaves=7
num_cat=0
split_feature=120 37 20 48 87 78
split_gain=2151.85 1450.05 954.08 821.598 671.251 777.025
threshold=1.5000000000000002 -3.5416666666666603 42.400000000000006 6.7250000000000005 6.745000000000001 0.45499999999999968
decision_type=2 2 2 2 2 2
left_child=-1 -2 3 -3 -5 -6
right_child=1 2 -4 4 5 -7
leaf_value=0.31402484877356168 -0.64369004005627928 -0.38902262566033863 -0.49608828974085939 0.21497109017926133 -0.34364398175506228 0.023959681054705261
leaf_weight=26 14.999999999999998 17 14.999999999999998 24 21 45
leaf_count=26 15 17 15 24 21 45
internal_value=-0.102124 -0.181309 -0.123937 -0.0713052 -0.0108713 -0.0932724
internal_weight=163 137 122 107 90 66
internal_count=163 137 122 107 90 66
is_linear=0
shrinkage=0.05


Tree=162
num_leaves=9
num_cat=0
split_feature=66 24 101 35 123 121 74 58
split_gain=13948.6 1908.41 2603.45 1342.54 935.687 667.887 635.452 552.133
threshold=5.4500000000000002 49.300000000000004 81.350000000000009 -3.5250000000000017 -0.0066666666666666671 0.18500000000000008 3.2916666666666701 5.1400000000000015
decision_type=2 2 2 2 2 2 2 2
left_child=-1 3 6 -2 -5 -6 -3 -8
right_child=1 2 -4 4 5 -7 7 -9
leaf_value=1.4701451213944037 -0.62021544899138226 -0.35381776786739039 0.63584861749817867 -0.41529494553680735 -0.1861359051067891 0.20609343832369009 -0.19855812259067762 0.20598848248339452
leaf_weight=14.999999999999998 21 15.999999999999998 15.999999999999998 24 27 18 14.999999999999998 19
leaf_count=15 21 16 16 24 27 18 15 19
internal_value=0.019035 -0.121315 0.0827814 -0.270967 -0.163858 -0.0290242 -0.0950162 0.0273065
internal_weight=171 156 66 90 69 45 50 34
internal_count=171 156 66 90 69 45 50 34
is_linear=0
shrinkage=0.05


Tree=163
num_leaves=9
num_cat=0
split_feature=1 48 76 43 91 102 27 60
split_gain=1892.58 3612.91 1403.94 1110.3 688.622 466.769 460.477 358.577
threshold=1.5000000000000002 6.7750000000000012 -9.5499999999999954 0.30083333333333334 6.2600000000000007 42.20000000000001 21.950000000000003 48.750000000000007
decision_type=2 2 2 2 2 2 2 2
left_child=1 -1 -2 4 5 7 -3 -4
right_child=2 6 3 -5 -6 -7 -8 -9
leaf_value=0.75850178851986572 -0.70444693784445334 0.029556811329544776 -0.31534813105665299 -0.45168968209695975 -0.39166498130421767 0.15145047619285812 -0.344606398614072 0.00083102041779600116
leaf_weight=14.999999999999998 14.999999999999998 14.999999999999998 14.999999999999998 29 14.999999999999998 25 18 22
leaf_count=15 15 15 15 29 15 25 18 22
internal_value=-0.147694 0.11772 -0.253034 -0.188504 -0.0888603 -0.0150078 -0.174806 -0.127719
internal_weight=169 48 121 106 77 62 33 37
internal_count=169 48 121 106 77 62 33 37
is_linear=0
shrinkage=0.05


Tree=164
num_leaves=7
num_cat=0
split_feature=87 45 33 60 64 51
split_gain=10713 2249.98 1788.96 1605.62 1010.32 604.491
threshold=6.6950000000000012 -0.02583333333333333 -0.27166666666666689 39.900000000000006 26.500000000000004 64.550000000000026
decision_type=2 2 2 2 2 2
left_child=-1 -2 -3 -4 -5 -6
right_child=1 2 3 4 5 -7
leaf_value=1.1768260242471917 0.39861801813917552 -0.67295186207604019 -0.6209095963973873 -0.3779111026305158 0.12186267297646665 -0.1521662391984393
leaf_weight=17 17 18 14.999999999999998 21 49 34
leaf_count=17 17 18 15 21 49 34
internal_value=-0.0104933 -0.142272 -0.209668 -0.139043 -0.0689658 0.00950167
internal_weight=171 154 137 119 104 83
internal_count=171 154 137 119 104 83
is_linear=0
shrinkage=0.05


Tree=165
num_leaves=9
num_cat=0
split_feature=77 4 113 74 113 123 115 117
split_gain=12059.1 1614.72 1642.88 1817.73 1047.87 687.777 640.365 510.437
threshold=1.5000000000000002 10.500000000000002 -8.6999999999999975 -3.6333333333333342 -12.70833333333333 0.0016666666666666637 3.1416666666666626 0.15500000000000072
decision_type=2 2 2 2 2 2 2 2
left_child=-1 2 4 -4 -2 6 -5 -7
right_child=1 -3 3 5 -6 7 -8 -9
leaf_value=1.2851616463814561 -0.13099038510133096 0.37921430780398141 -0.76265725807243634 -0.54145461885552659 0.4581734929653194 0.21490727284096725 -0.17477070710382558 -0.1503151991500937
leaf_weight=17 15.000000000000002 14.999999999999998 14.999999999999998 17 14.999999999999998 14.999999999999998 40 26
leaf_count=17 15 15 15 17 15 15 40 26
internal_value=0.0238232 -0.112586 -0.164437 -0.251737 0.163969 -0.172786 -0.284977 -0.0163778
internal_weight=175 158 143 113 30 98 57 41
internal_count=175 158 143 113 30 98 57 41
is_linear=0
shrinkage=0.05


Tree=166
num_leaves=10
num_cat=0
split_feature=10 66 62 62 66 115 111 19 52
split_gain=12034.6 1455.29 1367.15 1224.35 830.596 861.458 380.642 303.468 288.086
threshold=4.1000000000000005 10.800000000000002 68.550000000000026 64.850000000000009 32.20000000000001 2.1083333333333312 0.19583333333333289 5.0750000000000011 5.9750000000000005
decision_type=2 2 2 2 2 2 2 2 2
left_child=-1 2 -2 -3 6 -6 7 -5 -8
right_child=1 3 -4 4 5 -7 8 -9 -10
leaf_value=1.3701827791352936 -0.7525300759353386 0.28358463431259551 -0.10629437565803526 -0.16542201917734203 0.38133411304840181 -0.14440978885807607 0.026721656443846172 -0.47060766910251817 -0.24659078411801519
leaf_weight=14.999999999999998 14.999999999999998 25 18 15.999999999999998 15.000000000000002 15.999999999999998 22 17 17
leaf_count=15 15 25 18 16 15 16 22 17 17
internal_value=0.0204538 -0.106039 -0.401575 -0.0295528 -0.105807 0.11023 -0.198916 -0.323737 -0.0926126
internal_weight=176 161 33 128 103 31 72 33 39
internal_count=176 161 33 128 103 31 72 33 39
is_linear=0
shrinkage=0.05


Tree=167
num_leaves=7
num_cat=0
split_feature=35 84 99 116 23 123
split_gain=10449.2 1745.32 1180.17 964.051 647.6 668.763
threshold=-6.9333333333333309 0.015833333333333355 38.45000000000001 5.5000000000000009 88.100000000000009 -0.00083333333333332471
decision_type=2 2 2 2 2 2
left_child=-1 2 -2 4 5 -4
right_child=1 -3 3 -5 -6 -7
leaf_value=1.2741432649607691 -0.50967015354194456 0.41090460652547178 -0.13827832442422947 -0.44638828670072278 -0.32550676670687939 0.1308451488595857
leaf_weight=14.999999999999998 20 14.999999999999998 42 17 17 51
leaf_count=15 20 15 42 17 17 51
internal_value=0.0161215 -0.101045 -0.153563 -0.0970868 -0.0427021 0.00923383
internal_weight=177 162 147 127 110 93
internal_count=177 162 147 127 110 93
is_linear=0
shrinkage=0.05


Tree=168
num_leaves=9
num_cat=0
split_feature=64 35 39 96 72 11 29 53
split_gain=11750.4 2118.44 1219.72 2291.15 644.976 366.831 356.193 206.685
threshold=16.650000000000002 -4.8166666666666673 1.0816666666666672 46.550000000000004 0.30583333333333368 38.900000000000006 54.500000000000007 43.650000000000006
decision_type=2 2 2 2 2 2 2 2
left_child=-1 -2 3 -3 -4 -6 7 -5
right_child=1 2 4 6 5 -7 -8 -9
leaf_value=1.3652694942047265 -0.60484567177970761 0.58458279071678043 -0.41785623665472765 -0.27785272415269885 -0.24565785177715163 0.040418305894105638 0.12348762780253648 -0.023003188614418968
leaf_weight=14.999999999999998 18 19 20 17 19 27 17 14.999999999999998
leaf_count=15 18 19 20 17 19 27 17 15
internal_value=0.0349537 -0.0971059 -0.0284646 0.120023 -0.181477 -0.0779117 -0.0608349 -0.158992
internal_weight=167 152 134 68 66 46 49 32
internal_count=167 152 134 68 66 46 49 32
is_linear=0
shrinkage=0.05


Tree=169
num_leaves=7
num_cat=0
split_feature=77 92 84 64 58 74
split_gain=11638 1548.05 1225.89 1901.15 1021.59 473.244
threshold=1.5000000000000002 51.20000000000001 0.0099999999999999967 25.650000000000002 4.7000000000000002 16.900000000000002
decision_type=2 2 2 2 2 2
left_child=-1 2 3 -2 -5 -6
right_child=1 -3 -4 4 5 -7
leaf_value=1.2228194501353888 -0.62496936883985621 -0.51435578369416335 0.27799811899920046 -0.41689887315232244 0.10409713249634983 -0.16215439810381307
leaf_weight=18 15.999999999999998 21 23 14.999999999999998 60 23
leaf_count=18 16 21 23 15 60 23
internal_value=0.0218352 -0.115641 -0.0541572 -0.1214 -0.03858 0.0301501
internal_weight=176 158 137 114 98 83
internal_count=176 158 137 114 98 83
is_linear=0
shrinkage=0.05


Tree=170
num_leaves=8
num_cat=0
split_feature=60 19 94 37 48 15 75
split_gain=10675.1 1728.4 2190.19 1310.29 747.983 719.665 491.685
threshold=34.400000000000006 5.6350000000000007 5.1250000000000009 -3.5416666666666603 6.7250000000000005 68.700000000000003 4.5000000000000009
decision_type=2 2 2 2 2 2 2
left_child=-1 3 -3 -2 -5 6 -6
right_child=1 2 -4 4 5 -7 -8
leaf_value=1.2801251242492373 -0.61517836549637483 0.65732413340878015 -0.13971178172832696 -0.39420467816057247 0.17199344115325144 -0.31159528172635415 -0.099385126257754891
leaf_weight=14.999999999999998 15.999999999999998 14.999999999999998 20 22 28 23 41
leaf_count=15 16 15 20 22 28 23 41
internal_value=0.007587 -0.108773 0.202632 -0.192743 -0.132923 -0.0700278 0.0107567
internal_weight=180 165 35 130 114 92 69
internal_count=180 165 35 130 114 92 69
is_linear=0
shrinkage=0.05


Tree=171
num_leaves=7
num_cat=0
split_feature=115 37 60 106 25 23
split_gain=1636.85 1461.1 1149.64 834.401 509.632 606.919
threshold=-13.924999999999999 -4.9083333333333377 41.70000000000001 18.750000000000004 20.400000000000002 88.100000000000009
decision_type=2 2 2 2 2 2
left_child=-1 -2 -3 4 -4 -6
right_child=1 2 3 -5 5 -7
leaf_value=0.34281968436888516 -0.67011529908373668 -0.48425912066822135 -0.41377204269762863 0.231877791323857 -0.040127565781114559 -0.38814621342728473
leaf_weight=14.999999999999998 14.999999999999998 22 14.999999999999998 17 74 14.999999999999998
leaf_count=15 15 22 15 17 74 15
internal_value=-0.15466 -0.202107 -0.152547 -0.091844 -0.14498 -0.0992083
internal_weight=173 158 143 121 104 89
internal_count=173 158 143 121 104 89
is_linear=0
shrinkage=0.05


Tree=172
num_leaves=8
num_cat=0
split_feature=25 24 93 113 93 41 113
split_gain=11255 1510.4 1141.08 1382.39 667.859 582.167 402.898
threshold=18.750000000000004 35.850000000000009 72.300000000000026 10.291666666666671 60.45000000000001 -1.0000000180025095e-35 2.2250000000000054
decision_type=2 2 2 2 2 2 2
left_child=-1 5 3 4 6 -2 -3
right_child=1 2 -4 -5 -6 -7 -8
leaf_value=1.3060461990091186 -0.2259741848846625 0.079855167397521368 -0.40105936280719895 0.38127482423285175 -0.37212596081740024 -0.65529481531768452 -0.16815873240213472
leaf_weight=14.999999999999998 17 47 19 21 14.999999999999998 14.999999999999998 25
leaf_count=15 17 47 19 21 15 15 25
internal_value=0.00145402 -0.122333 -0.0447997 0.0181424 -0.06979 -0.428788 -0.00630521
internal_weight=174 159 127 108 87 32 72
internal_count=174 159 127 108 87 32 72
is_linear=0
shrinkage=0.05


Tree=173
num_leaves=8
num_cat=0
split_feature=57 53 84 123 12 25 91
split_gain=13016.9 1469.32 1731.21 745.379 409.736 592.687 405.72
threshold=35.20000000000001 11.550000000000002 0.015000000000000001 -0.017499999999999998 62.70000000000001 37.800000000000004 5.2650000000000006
decision_type=2 2 2 2 2 2 2
left_child=-1 -2 3 -3 5 -5 -6
right_child=1 2 -4 4 6 -7 -8
leaf_value=1.445025977196283 -0.51496170937027064 -0.37608229411923472 0.4696033356994983 -0.0739875370632158 0.0013222233869543123 0.24573931346112246 -0.30603350168698795
leaf_weight=14.999999999999998 18 20 14.999999999999998 42 20 22 23
leaf_count=15 18 20 15 42 20 22 23
internal_value=0.0416848 -0.0906676 -0.0365241 -0.0966647 -0.0440881 0.0360525 -0.16329
internal_weight=175 160 142 127 107 64 43
internal_count=175 160 142 127 107 64 43
is_linear=0
shrinkage=0.05


Tree=174
num_leaves=9
num_cat=0
split_feature=64 24 120 84 45 26 15 93
split_gain=10611.6 1445.88 1138.89 829.645 568.341 405.911 361.38 289.094
threshold=16.650000000000002 35.850000000000009 1.5000000000000002 0.011666666666666674 -0.011666666666666671 36.600000000000001 55.70000000000001 54.650000000000006
decision_type=2 2 2 2 2 2 2 2
left_child=-1 4 -3 5 -2 6 -4 -7
right_child=1 2 3 -5 -6 7 -8 -9
leaf_value=1.276900902173377 -0.14369843404814106 0.31739357786985178 -0.082367764780589187 -0.42364571153747371 -0.54425198310370904 -0.021762749291492696 0.19833351124330345 -0.27581489564965683
leaf_weight=14.999999999999998 14.999999999999998 20 21 15.999999999999998 22 24 25 21
leaf_count=15 15 20 21 16 22 24 25 21
internal_value=0.0084776 -0.108214 -0.0279312 -0.0927606 -0.382825 -0.034127 0.0701781 -0.14078
internal_weight=179 164 127 107 37 91 46 45
internal_count=179 164 127 107 37 91 46 45
is_linear=0
shrinkage=0.05


Tree=175
num_leaves=7
num_cat=0
split_feature=25 51 56 70 96 15
split_gain=10657.9 1207.91 647.332 897.127 554.067 399.035
threshold=18.150000000000002 37.300000000000004 23.250000000000004 -0.044166666666666902 46.45000000000001 55.70000000000001
decision_type=2 2 2 2 2 2
left_child=-1 -2 -3 -4 -5 -6
right_child=1 2 3 4 5 -7
leaf_value=1.2506625885995017 -0.55025098179438092 -0.34864839564002525 0.31219018342479177 -0.29008976498956784 -0.17378934632702128 0.058311275465572701
leaf_weight=14.999999999999998 15.999999999999998 21 14.999999999999998 28 30 48
leaf_count=15 16 21 15 28 30 48
internal_value=-0.0184532 -0.139685 -0.0930346 -0.0483793 -0.0996966 -0.0310024
internal_weight=173 158 142 121 106 78
internal_count=173 158 142 121 106 78
is_linear=0
shrinkage=0.05


Tree=176
num_leaves=9
num_cat=0
split_feature=59 93 64 40 14 24 117 107
split_gain=11441.3 1252.41 1328.25 920.49 755.889 802.245 495.599 403.069
threshold=21.550000000000001 15.500000000000002 25.650000000000002 4.5000000000000009 29.000000000000004 54.45000000000001 0.98416666666666697 54.500000000000007
decision_type=2 2 2 2 2 2 2 2
left_child=-1 -2 3 -3 6 7 -4 -6
right_child=1 2 4 -5 5 -7 -8 -9
leaf_value=1.3273094899767381 0.25668993598193079 -0.18047785806340097 -0.10627810013228359 -0.73563091770702638 -0.21452539489798675 0.24045517427298047 -0.49593256017230208 0.069345274137620302
leaf_weight=14.999999999999998 20 15 18 15 33 24 14.999999999999998 20
leaf_count=15 20 15 18 15 33 24 15 20
internal_value=0.0116185 -0.112448 -0.165364 -0.459742 -0.0846884 0.00114162 -0.284508 -0.107381
internal_weight=175 160 140 30 110 77 33 53
internal_count=175 160 140 30 110 77 33 53
is_linear=0
shrinkage=0.05


Tree=177
num_leaves=7
num_cat=0
split_feature=34 102 116 99 82 11
split_gain=11025.2 1434.53 985.465 871.305 584.807 533.138
threshold=2.5000000000000004 56.250000000000007 5.5000000000000009 38.45000000000001 -0.33500000000000035 51.850000000000009
decision_type=2 2 2 2 2 2
left_child=-1 2 3 -2 -5 -6
right_child=1 -3 -4 4 5 -7
leaf_value=1.1571336434461681 -0.47492257064541454 0.26730627166151438 -0.50899714237732407 -0.33349128649597282 0.047262637224732174 -0.28111357540879028
leaf_weight=19 14.999999999999998 21 19 17 68 14.999999999999998
leaf_count=19 15 21 19 17 68 15
internal_value=0.0236031 -0.11597 -0.176227 -0.12081 -0.0672221 -0.0122892
internal_weight=174 155 134 115 100 83
internal_count=174 155 134 115 100 83
is_linear=0
shrinkage=0.05


Tree=178
num_leaves=8
num_cat=0
split_feature=77 43 68 33 111 103 27
split_gain=9596.89 1252.91 1298.6 1309.49 733.638 618.999 393.195
threshold=1.5000000000000002 0.65083333333333393 50.500000000000007 -0.22500000000000051 0.63333333333333386 37.250000000000007 24.400000000000002
decision_type=2 2 2 2 2 2 2
left_child=-1 2 -2 -4 6 -6 -5
right_child=1 -3 3 4 5 -7 -8
leaf_value=1.1293827511811334 0.28014740010226208 -0.55126171601529161 -0.55658653291890992 0.13097618943828299 -0.013648177693221745 -0.43854255409383064 -0.11078125182972398
leaf_weight=17 22 14.999999999999998 15.999999999999998 38 14.999999999999998 20 30
leaf_count=17 22 15 16 38 15 20 30
internal_value=0.00484397 -0.118315 -0.0718632 -0.137163 -0.0714851 -0.257145 0.024239
internal_weight=173 156 141 119 103 35 68
internal_count=173 156 141 119 103 35 68
is_linear=0
shrinkage=0.05


Tree=179
num_leaves=8
num_cat=0
split_feature=35 64 4 59 40 64 16
split_gain=9533.11 1558.3 1811.33 1131.28 942.774 522.783 507.787
threshold=-6.9333333333333309 47.350000000000001 7.5000000000000009 24.900000000000002 1.5000000000000002 23.900000000000002 5.1650000000000009
decision_type=2 2 2 2 2 2 2
left_child=-1 3 -3 -2 -5 -6 -7
right_child=1 2 -4 4 5 6 -8
leaf_value=1.209184642540698 -0.53635254359956996 -0.14570125780681861 0.53614762843643105 0.23928046163467581 -0.42007036396346165 -0.28501078936128854 -0.0060639351225265162
leaf_weight=14.999999999999998 20 21 18 14.999999999999998 19 28 39
leaf_count=15 20 21 18 15 19 28 39
internal_value=0.00820597 -0.105039 0.169437 -0.193615 -0.125234 -0.189074 -0.122964
internal_weight=175 160 39 121 101 86 67
internal_count=175 160 39 121 101 86 67
is_linear=0
shrinkage=0.05


Tree=180
num_leaves=8
num_cat=0
split_feature=92 72 97 37 97 99 21
split_gain=11846.3 1354.42 2315.94 1121.53 560.719 503.821 432.359
threshold=55.600000000000009 -0.59333333333333316 4.7150000000000007 -3.5416666666666603 5.2000000000000011 56.350000000000009 50.45000000000001
decision_type=2 2 2 2 2 2 2
left_child=1 -1 -3 -4 6 -6 -5
right_child=-2 2 3 4 5 -7 -8
leaf_value=-0.5463004405135351 1.3712312856257356 0.44872845025797981 -0.53435471819726055 -0.08024981501954713 0.13006473440495903 -0.15359613001346589 -0.42205226095566833
leaf_weight=14.999999999999998 14.999999999999998 20 14.999999999999998 22 39 26 15.999999999999998
leaf_count=15 15 20 15 22 39 26 16
internal_value=0.0350997 -0.0966711 -0.0474019 -0.131843 -0.0727147 0.0164619 -0.225028
internal_weight=168 153 138 118 103 65 38
internal_count=168 153 138 118 103 65 38
is_linear=0
shrinkage=0.05


Tree=181
num_leaves=7
num_cat=0
split_feature=66 11 102 91 59 64
split_gain=10724.1 1468.93 1156.95 597.416 511.911 494.82
threshold=5.1000000000000005 25.250000000000004 57.45000000000001 6.6150000000000011 24.250000000000004 31.050000000000004
decision_type=2 2 2 2 2 2
left_child=-1 -2 3 4 -3 -6
right_child=1 2 -4 -5 5 -7
leaf_value=1.243572822342748 -0.4612836005025176 -0.323432714812803 0.3531204866326374 -0.38173483439854211 -0.21374118712760204 0.059034056499761428
leaf_weight=15.999999999999998 25 14.999999999999998 15.999999999999998 15.999999999999998 22 67
leaf_count=16 25 15 16 16 22 67
internal_value=0.0131354 -0.109809 -0.0448716 -0.0982286 -0.0542395 -0.00850163
internal_weight=177 161 136 120 104 89
internal_count=177 161 136 120 104 89
is_linear=0
shrinkage=0.05


Tree=182
num_leaves=8
num_cat=0
split_feature=18 62 50 60 87 34 35
split_gain=1308.87 1888 1364.92 944.827 902.031 839.575 293.842
threshold=56.600000000000009 63.45000000000001 29.450000000000006 41.70000000000001 6.8150000000000004 4.5000000000000009 3.1166666666666711
decision_type=2 2 2 2 2 2 2
left_child=1 -1 -2 -3 5 -5 -4
right_child=2 3 6 4 -6 -7 -8
leaf_value=0.37993793495895956 -0.71997483408214247 -0.46352025133482422 -0.2919504148873272 0.25728440693358784 -0.27360197926305008 -0.12250738799239147 0.020081027138312134
leaf_weight=24 14.999999999999998 15.999999999999998 15.000000000000002 29 29 29 14.999999999999998
leaf_count=24 15 16 15 29 29 29 15
internal_value=-0.100685 -0.0184577 -0.332081 -0.111615 -0.0463812 0.0674184 -0.13622
internal_weight=172 127 45 103 87 58 30
internal_count=172 127 45 103 87 58 30
is_linear=0
shrinkage=0.05


Tree=183
num_leaves=7
num_cat=0
split_feature=53 84 115 35 53 97
split_gain=1685.92 1367.55 1576.09 1102.86 521.37 456.783
threshold=11.550000000000002 0.015000000000000001 -11.09166666666666 -4.8166666666666673 25.300000000000004 5.0750000000000011
decision_type=2 2 2 2 2 2
left_child=-1 2 -2 -4 -5 -6
right_child=1 -3 3 4 5 -7
leaf_value=-0.56931053568555423 0.36364513347480476 0.38073083391252738 -0.55042383264728456 0.10510128191297088 -0.31205440248094735 -0.080806576345663544
leaf_weight=19 14.999999999999998 14.999999999999998 17 21 35 55
leaf_count=19 15 15 17 21 35 55
internal_value=-0.125544 -0.0718222 -0.119561 -0.176465 -0.118703 -0.171038
internal_weight=177 158 143 128 111 90
internal_count=177 158 143 128 111 90
is_linear=0
shrinkage=0.05


Tree=184
num_leaves=9
num_cat=0
split_feature=107 41 120 50 21 12 15 31
split_gain=10072.9 1977.05 2990.49 2097.35 690.381 484.213 401.414 185.538
threshold=57.500000000000007 0.049166666666666366 1.5000000000000002 28.350000000000005 53.600000000000001 60.750000000000007 51.850000000000009 -0.030833333333333265
decision_type=2 2 2 2 2 2 2 2
left_child=1 2 -1 -3 6 -5 -4 -8
right_child=-2 3 4 5 -6 -7 7 -9
leaf_value=0.68031235451729888 1.1546701146496667 -0.77927620476780668 -0.1972427554012085 -0.30616994084412519 -0.33453367578474835 -0.012141122515197326 -0.014866737503072495 0.2216596586662426
leaf_weight=14.999999999999998 17 18 15.999999999999998 28 21 28 15.999999999999995 17.000000000000004
leaf_count=15 17 18 16 28 21 28 16 17
internal_value=0.00150421 -0.122407 0.042062 -0.311194 -0.09541 -0.159528 0.00744231 0.107131
internal_weight=176 159 85 74 70 56 49 33
internal_count=176 159 85 74 70 56 49 33
is_linear=0
shrinkage=0.05


Tree=185
num_leaves=7
num_cat=0
split_feature=24 45 59 116 0 84
split_gain=14475.9 1370.28 1108.54 928.778 458.234 643.9
threshold=25.500000000000004 -0.028333333333333332 22.900000000000002 5.5000000000000009 523.00000000000011 0.0099999999999999967
decision_type=2 2 2 2 2 2
left_child=-1 -2 -3 4 -4 -6
right_child=1 2 3 -5 5 -7
leaf_value=1.5156328724068127 0.31921520108542251 -0.5596959252971293 0.18299747966883473 -0.46158527780023423 -0.041463107587804519 -0.39763100443296878
leaf_weight=14.999999999999998 17 14.999999999999998 17 15.999999999999998 80 14.999999999999998
leaf_count=15 17 15 17 16 80 15
internal_value=0.0357255 -0.103845 -0.154361 -0.106422 -0.0552736 -0.0981117
internal_weight=175 160 143 128 112 95
internal_count=175 160 143 128 112 95
is_linear=0
shrinkage=0.05


Tree=186
num_leaves=8
num_cat=0
split_feature=24 24 48 84 59 37 109
split_gain=10235 1356.99 1240.22 901.031 369.582 337.427 250.928
threshold=25.500000000000004 35.850000000000009 6.8750000000000009 0.011666666666666674 35.750000000000007 11.483333333333336 -0.020000000000000458
decision_type=2 2 2 2 2 2 2
left_child=-1 -2 3 4 5 -3 -6
right_child=1 2 -4 -5 6 -7 -8
leaf_value=1.2470402738116435 -0.47017871280769247 -0.24923745851184048 0.3426670647155472 -0.44863057526928635 0.2111427920603613 -0.015796220065834365 -0.052498941708609692
leaf_weight=14.999999999999998 23 30 17 17 17 32 19
leaf_count=15 23 30 17 17 17 32 19
internal_value=0.00435573 -0.116598 -0.0546425 -0.113665 -0.05511 -0.129052 0.0721001
internal_weight=170 155 132 115 98 62 36
internal_count=170 155 132 115 98 62 36
is_linear=0
shrinkage=0.05


Tree=187
num_leaves=7
num_cat=0
split_feature=10 53 107 66 120 91
split_gain=9280.52 1210.51 689.793 524.395 554.513 518.475
threshold=4.1000000000000005 11.550000000000002 48.500000000000007 34.900000000000006 1.5000000000000002 5.2300000000000013
decision_type=2 2 2 2 2 2
left_child=-1 -2 -3 4 -4 -6
right_child=1 2 3 -5 5 -7
leaf_value=1.1741410135433374 -0.54869615092182789 0.22019396023443571 -0.44164517667909337 0.1238726635663453 0.0051441654789215058 -0.22952968863588363
leaf_weight=14.999999999999998 14.999999999999998 17 14.999999999999998 19 46 48
leaf_count=15 15 17 15 19 46 48
internal_value=-0.0107743 -0.122555 -0.0780895 -0.117885 -0.160147 -0.114753
internal_weight=175 160 145 128 109 94
internal_count=175 160 145 128 109 94
is_linear=0
shrinkage=0.05


Tree=188
num_leaves=9
num_cat=0
split_feature=100 40 50 101 119 82 71 70
split_gain=10665.6 1413.83 1241.55 767.608 665.979 464.634 246.958 170.758
threshold=0.14500000000000005 1.5000000000000002 20.750000000000004 71.700000000000017 -0.20083333333333361 -0.39416666666666694 5.5000000000000009 -1.0000000180025095e-35
decision_type=2 2 2 2 2 2 2 2
left_child=-1 -2 -3 5 -5 -4 -7 -6
right_child=1 2 3 4 7 6 -8 -9
leaf_value=1.0843500097073724 0.21162165477562744 -0.55658956986467989 -0.4912964939281641 0.2919894562750463 -0.23360177606146856 -0.082943249323043311 -0.31367900209277089 0.0042318726217509886
leaf_weight=20 24 21 14.999999999999998 14.999999999999998 15 30 19 15
leaf_count=20 24 21 15 15 15 30 19 15
internal_value=0.0010373 -0.140233 -0.205341 -0.137176 0.0209657 -0.248306 -0.172971 -0.1149
internal_weight=174 154 130 109 45 64 49 30
internal_count=174 154 130 109 45 64 49 30
is_linear=0
shrinkage=0.05


Tree=189
num_leaves=9
num_cat=0
split_feature=66 24 57 56 57 36 0 55
split_gain=9160.22 1475.05 943.329 1609.36 488.945 374.814 377.479 370.65
threshold=5.1000000000000005 31.450000000000006 51.100000000000009 35.050000000000004 44.000000000000007 5.5000000000000009 2192.5000000000005 4.2650000000000015
decision_type=2 2 2 2 2 2 2 2
left_child=-1 -2 4 -4 7 6 -5 -3
right_child=1 2 3 5 -6 -7 -8 -9
leaf_value=1.1368967639733545 -0.47484139837170042 -0.26619889580685163 0.51626120302247702 0.18147447918778037 -0.3597135510013636 -0.255408441502115 -0.1332718350281373 0.041136234927462385
leaf_weight=15.999999999999998 24 15.999999999999998 15.999999999999998 20 25 15.999999999999998 18 25
leaf_count=16 24 16 16 20 25 16 18 25
internal_value=1.93846e-05 -0.114276 -0.0503082 0.0774629 -0.185811 -0.053173 0.0322944 -0.0790336
internal_weight=176 160 136 70 66 54 38 41
internal_count=176 160 136 70 66 54 38 41
is_linear=0
shrinkage=0.05


Tree=190
num_leaves=8
num_cat=0
split_feature=53 84 116 24 21 55 43
split_gain=1445.17 1530.68 1243.61 417.321 409.247 380.655 232.361
threshold=11.550000000000002 0.0099999999999999967 5.5000000000000009 35.850000000000009 46.300000000000004 4.745000000000001 -0.62333333333333341
decision_type=2 2 2 2 2 2 2
left_child=-1 2 3 -2 6 -6 -5
right_child=1 -3 -4 4 5 -7 -8
leaf_value=-0.51372076240033737 -0.27177586732072068 0.29982221306909934 -0.51079502510484198 0.025393810258274193 -0.11635304472304338 0.18657510153881735 -0.21003800459013655
leaf_weight=18 18 27 17 17 14.999999999999998 33 27
leaf_count=18 18 27 17 17 15 33 27
internal_value=-0.0910575 -0.0413215 -0.114066 -0.0523 -0.00905636 0.091761 -0.119111
internal_weight=172 154 127 110 92 48 44
internal_count=172 154 127 110 92 48 44
is_linear=0
shrinkage=0.05


Tree=191
num_leaves=8
num_cat=0
split_feature=60 102 66 28 74 35 18
split_gain=9667.73 1092.93 883.406 869.672 500.057 490.782 422.952
threshold=34.400000000000006 20.550000000000004 5.4500000000000002 5.4000000000000012 -1.3750000000000016 1.358333333333331 51.70000000000001
decision_type=2 2 2 2 2 2 2
left_child=-1 -2 -3 5 -5 -4 -6
right_child=1 2 3 4 6 -7 -8
leaf_value=1.2078469925368858 0.23938913351675761 -0.51244197469320352 -0.54340389694599134 0.22770015084190875 -0.17584330803267426 -0.16793794935630962 0.074135400029434556
leaf_weight=14.999999999999998 19 15.999999999999998 14.999999999999998 14.999999999999998 48 21 26
leaf_count=15 19 16 15 15 48 21 26
internal_value=-0.00153193 -0.115626 -0.163636 -0.118575 -0.0345102 -0.325593 -0.087964
internal_weight=175 160 141 125 89 36 74
internal_count=175 160 141 125 89 36 74
is_linear=0
shrinkage=0.05


Tree=192
num_leaves=8
num_cat=0
split_feature=72 59 117 80 39 109 83
split_gain=12641.9 756.432 747.247 679.439 630.214 376.546 351.913
threshold=-0.53416666666666568 22.900000000000002 0.87499999999999967 0.47583333333333316 0.71083333333333398 -0.022499999999999517 2.5000000000000004
decision_type=2 2 2 2 2 2 2
left_child=-1 -2 3 5 -4 -3 -7
right_child=1 2 4 -5 -6 6 -8
leaf_value=1.4034093623129738 -0.43794793596734172 0.081062585900262579 -0.42714334274578958 0.28794975552440349 -0.072152737255409813 -0.015268527215986108 -0.31992150812682529
leaf_weight=14.999999999999998 15.999999999999998 28 22 18 29 20 18
leaf_count=15 16 28 22 18 29 20 18
internal_value=0.0239511 -0.113886 -0.0751461 0.0164955 -0.22592 -0.0577854 -0.16017
internal_weight=166 151 135 84 51 66 38
internal_count=166 151 135 84 51 66 38
is_linear=0
shrinkage=0.05


Tree=193
num_leaves=8
num_cat=0
split_feature=60 19 39 116 83 37 23
split_gain=9124.44 1128.73 1606.29 1001.96 669.034 414.268 369.985
threshold=34.400000000000006 5.6350000000000007 0.85833333333333395 5.5000000000000009 3.5000000000000004 16.250000000000004 75.500000000000014
decision_type=2 2 2 2 2 2 2
left_child=-1 3 -3 4 5 6 -2
right_child=1 2 -4 -5 -6 -7 -8
leaf_value=1.1867396066767097 -0.096706998706683256 0.53996083779840287 -0.1677895635192157 -0.48218632456250665 -0.33496212345930554 -0.2307986668834639 0.15131089950393636
leaf_weight=14.999999999999998 29 14.999999999999998 17 21 24 20 31
leaf_count=15 29 15 17 21 24 20 31
internal_value=0.012753 -0.100063 0.164461 -0.167899 -0.103987 -0.0343003 0.0313909
internal_weight=172 157 32 125 104 80 60
internal_count=172 157 32 125 104 80 60
is_linear=0
shrinkage=0.05


Tree=194
num_leaves=8
num_cat=0
split_feature=39 24 97 121 15 31 21
split_gain=11475.3 1081.44 683.687 495.372 495.201 542.097 476.28
threshold=-1.2050000000000001 35.850000000000009 4.745000000000001 0.56416666666666659 73.15000000000002 0.016666666666667055 51.750000000000007
decision_type=2 2 2 2 2 2 2
left_child=-1 6 -3 4 5 -4 -2
right_child=1 2 3 -5 -6 -7 -8
leaf_value=1.2153459826408073 -0.22438982542771013 -0.3796338517473351 0.0045189829197859873 -0.2518932250972411 -0.22427879216508095 0.33742285522614951 -0.59224748517045323
leaf_weight=17 20 15.999999999999998 51 20 15.999999999999998 15.999999999999998 15.999999999999998
leaf_count=17 20 16 51 20 16 16 16
internal_value=-0.0138909 -0.149439 -0.0765963 -0.0291514 0.0246996 0.0844773 -0.389208
internal_weight=172 155 119 103 83 67 36
internal_count=172 155 119 103 83 67 36
is_linear=0
shrinkage=0.05


Tree=195
num_leaves=9
num_cat=0
split_feature=39 24 1 24 123 58 21 93
split_gain=8447.29 1402.48 1306.51 1716.5 606.965 504.513 486.139 399.417
threshold=-1.2050000000000001 35.850000000000009 2.5000000000000004 54.45000000000001 -0.0066666666666666671 5.2000000000000011 51.750000000000007 57.500000000000007
decision_type=2 2 2 2 2 2 2 2
left_child=-1 6 3 4 -3 -4 -2 -7
right_child=1 2 5 -5 -6 7 -8 -9
leaf_value=1.0642990704168351 -0.22138233922459 -0.27230000724779307 -0.43703426253377348 0.50696414459255801 0.096424324820586244 0.057958840072484301 -0.59968116314995379 -0.28437649692807881
leaf_weight=17 20 18 17 20 29 18 14.999999999999998 15.999999999999998
leaf_count=17 20 18 17 20 29 18 15 16
internal_value=0.0102831 -0.107416 -0.0248128 0.120228 -0.0449614 -0.215317 -0.384899 -0.103355
internal_weight=170 153 118 67 47 51 35 34
internal_count=170 153 118 67 47 51 35 34
is_linear=0
shrinkage=0.05


Tree=196
num_leaves=7
num_cat=0
split_feature=91 72 113 111 23 109
split_gain=8884.66 1376.98 1086.88 1070.35 933.617 395.861
threshold=6.9800000000000013 -0.59333333333333316 16.241666666666674 -0.84249999999999947 61.250000000000007 -0.0050000000000003366
decision_type=2 2 2 2 2 2
left_child=1 -1 3 -3 -5 -6
right_child=-2 2 -4 4 5 -7
leaf_value=-0.55732607178340687 1.1656739819128781 0.27809636459587522 0.33188420259249135 -0.44931894856340748 -0.0056832922788927322 -0.21922976515359346
leaf_weight=14.999999999999998 14.999999999999998 15.999999999999998 15.999999999999998 22 56.999999999999993 35.000000000000007
leaf_count=15 15 16 16 22 57 35
internal_value=0.00594725 -0.102727 -0.0556382 -0.10359 -0.157401 -0.0871279
internal_weight=176 161 146 130 114 92
internal_count=176 161 146 130 114 92
is_linear=0
shrinkage=0.05


Tree=197
num_leaves=7
num_cat=0
split_feature=33 72 48 68 0 123
split_gain=10263.7 936.307 1064.7 677.119 478.84 437.66
threshold=-0.27166666666666689 -0.59333333333333316 6.8750000000000009 49.500000000000007 494.50000000000006 -0.0066666666666666671
decision_type=2 2 2 2 2 2
left_child=-1 -2 3 -3 -5 -6
right_child=1 2 -4 4 5 -7
leaf_value=1.1988567951129889 -0.4518009851623026 -0.41238189222698191 0.33356988529981296 0.19681959944482175 -0.24847101013051387 -0.022096540172716575
leaf_weight=17 15.999999999999998 14.999999999999998 15.999999999999998 15.999999999999998 32 64
leaf_count=17 16 15 16 16 32 64
internal_value=0.0348464 -0.0902514 -0.0494759 -0.0979975 -0.0555175 -0.0977868
internal_weight=176 159 143 127 112 96
internal_count=176 159 143 127 112 96
is_linear=0
shrinkage=0.05


Tree=198
num_leaves=8
num_cat=0
split_feature=10 60 66 65 55 28 28
split_gain=8493.45 1265.17 965.243 592.23 445.232 671.31 379.383
threshold=4.1000000000000005 37.150000000000013 5.8500000000000005 23.050000000000004 5.5850000000000009 13.450000000000001 5.4000000000000012
decision_type=2 2 2 2 2 2 2
left_child=-1 -2 -3 -4 6 -6 -5
right_child=1 2 3 4 5 -7 -8
leaf_value=1.1038460187564623 -0.57270790012861716 -0.46938025080999801 -0.31159623130250375 -0.2614556584933504 0.33409239643100486 -0.079922145480260789 -0.0048568662664253423
leaf_weight=14.999999999999998 14.999999999999998 14.999999999999998 18 20 20 19 51
leaf_count=15 15 15 18 20 20 19 51
internal_value=-0.0290991 -0.137319 -0.0912455 -0.046562 -0.00290373 0.132577 -0.0774746
internal_weight=173 158 143 128 110 39 71
internal_count=173 158 143 128 110 39 71
is_linear=0
shrinkage=0.05


Tree=199
num_leaves=9
num_cat=0
split_feature=58 117 39 37 109 66 45 121
split_gain=8721.55 1132.64 1967.8 1024.87 593.988 731.638 452.78 269.383
threshold=4.2700000000000005 1.4133333333333336 -0.49000000000000016 5.3000000000000052 -0.030833333333333265 14.550000000000002 -0.0074999999999999919 -1.0000000180025095e-35
decision_type=2 2 2 2 2 2 2 2
left_child=-1 2 -2 -3 6 -6 -4 -7
right_child=1 3 4 -5 5 7 -8 -9
leaf_value=1.1471387626319531 0.47663690268252945 -0.67201043091072954 -0.11664238136385288 -0.12513134230428666 -0.46664900600286058 -0.23484261975670029 0.22418150398777337 -0.0029309402658408857
leaf_weight=14.999999999999998 15.999999999999998 14.999999999999998 21 20 19 21.999999999999996 18 29.000000000000004
leaf_count=15 16 15 21 20 19 22 18 29
internal_value=-0.00153413 -0.109903 -0.0393519 -0.360897 -0.115507 -0.202544 0.0407041 -0.103333
internal_weight=175 160 125 35 109 70 39 51
internal_count=175 160 125 35 109 70 39 51
is_linear=0
shrinkage=0.05


end of trees

feature_importances:
pos2_5コース複勝率=64
pos1_3連率_レース内差=38
pos1_2連率_レース内差=36
pos2_1コース複勝率=35
pos2_3コース複勝率=35
pos1_勝率_レース内差=34
pos2_勝率_レース内差=32
pos1_2コース複勝率=29
pos2_2連率_レース内差=29
pos3_2コース複勝率=29
pos1_展示_レース内差=28
pos2_当地勝率_レース内順位=27
pos2_平均スタートタイミング_レース内差=27
pos3_当地勝率=27
pos1_当地勝率_レース内差=25
開催経過日=23
pos2_ボート2連率=22
レース=21
pos1_3連率=21
pos3_当地勝率_レース内差=21
pos1_モーター勝率_レース内差=20
pos1_平均スタートタイミング_レース内差=20
pos3_平均スタートタイミング=20
pos2_ボート勝率_レース内差=19
pos3_1コース複勝率=19
pos2_ボート3連率=18
pos3_当地3連率=18
pos2_展示=17
pos3_展示_レース内差=17
pos1_ボート勝率_レース内差=16
pos2_2連率=16
pos2_3連率_レース内差=16
pos1_1コース複勝率=15
pos1_5コース複勝率=15
pos2_4コース複勝率=15
pos1_当地3連率=14
pos2_ボート勝率=14
pos2_当地勝率_レース内差=14
pos3_ボート勝率=14
pos3_平均スタートタイミング_レース内差=14
風速=13
pos2_3連率=13
pos2_展示_レース内差=13
pos3_2連率=13
pos1_勝率=12
pos1_当地2連率=12
pos1_ボート3連率=12
pos2_当地2連率=12
pos3_体重=12
pos3_勝率_レース内差=12
pos3_2連率_レース内差=12
天気=11
pos1_2連率=11
pos1_3コース複勝率=11
pos1_4コース複勝率=11
pos1_2連率_レース内順位=11
pos2_モーター3連率=11
pos2_平均スタートタイミング_レース内順位=11
pos3_モーター勝率_レース内差=11
pos3_ボート勝率_レース内順位=11
pos2_モーター勝率=10
pos3_ボート3連率=10
風向=9
pos1_ボート勝率=9
pos1_ボート2連率=9
pos1_展示=8
pos1_3連率_レース内順位=8
pos1_モーター勝率_レース内順位=8
pos2_勝率=8
pos2_当地3連率=8
pos2_3連率_レース内順位=8
pos3_当地2連率=8
pos3_3コース複勝率=8
pos3_6コース複勝率=8
pos1_勝率_レース内順位=7
pos2_当地勝率=7
pos2_体重=7
pos3_3連率_レース内差=7
pos1_当地勝率=6
pos1_モーター3連率=6
pos1_6コース複勝率=6
pos2_モーター2連率=6
pos2_6コース複勝率=6
pos2_モーター勝率_レース内差=6
pos3_展示=6
pos3_モーター3連率=6
pos3_4コース複勝率=6
pos3_5コース複勝率=6
pos3_当地勝率_レース内順位=6
pos3_ボート勝率_レース内差=6
pos2_2コース複勝率=5
pos3_モーター勝率=5
pos3_モーター2連率=5
pos3_ボート2連率=5
pos1_モーター勝率=4
pos3_勝率=4
pos3_3連率=4
日目=3
pos1_平均スタートタイミング=3
pos2_平均スタートタイミング=3
pos2_勝率_レース内順位=3
pos2_モーター勝率_レース内順位=3
pos3_展示_レース内順位=3
pos3_2連率_レース内順位=3
pos1_モーター2連率=2
pos1_体重=2
pos1_展示_レース内順位=2
pos3_級=2
pos3_勝率_レース内順位=2
pos3_モーター勝率_レース内順位=2
pos1_平均スタートタイミング_レース内順位=1
pos2_級=1
pos2_展示_レース内順位=1
pos2_2連率_レース内順位=1
pos2_ボート勝率_レース内順位=1
pos3_3連率_レース内順位=1
pos3_平均スタートタイミング_レース内順位=1

parameters:
[boosting: gbdt]
[objective: regression]
[metric: rmse]
[tree_learner: serial]
[device_type: cpu]
[data_sample_strategy: bagging]
[data: ]
[valid: ]
[num_iterations: 200]
[learning_rate: 0.05]
[num_leaves: 31]
[num_threads: 0]
[seed: 42]
[deterministic: 0]
[force_col_wise: 0]
[force_row_wise: 0]
[histogram_pool_size: -1]
[max_depth: 6]
[min_data_in_leaf: 15]
[min_sum_hessian_in_leaf: 0.001]
[bagging_fraction: 0.9]
[pos_bagging_fraction: 1]
[neg_bagging_fraction: 1]
[bagging_freq: 1]
[bagging_seed: 400]
[bagging_by_query: 0]
[feature_fraction: 0.9]
[feature_fraction_bynode: 1]
[feature_fraction_seed: 30056]
[extra_trees: 0]
[extra_seed: 12879]
[early_stopping_round: 0]
[early_stopping_min_delta: 0]
[first_metric_only: 0]
[max_delta_step: 0]
[lambda_l1: 0.1]
[lambda_l2: 0.1]
[linear_lambda: 0]
[min_gain_to_split: 0]
[drop_rate: 0.1]
[max_drop: 50]
[skip_drop: 0.5]
[xgboost_dart_mode: 0]
[uniform_drop: 0]
[drop_seed: 17869]
[top_rate: 0.2]
[other_rate: 0.1]
[min_data_per_group: 100]
[max_cat_threshold: 32]
[cat_l2: 10]
[cat_smooth: 10]
[max_cat_to_onehot: 4]
[top_k: 20]
[monotone_constraints: ]
[monotone_constraints_method: basic]
[monotone_penalty: 0]
[feature_contri: ]
[forcedsplits_filename: ]
[refit_decay_rate: 0.9]
[cegb_tradeoff: 1]
[cegb_penalty_split: 0]
[cegb_penalty_feature_lazy: ]
[cegb_penalty_feature_coupled: ]
[path_smooth: 0]
[interaction_constraints: ]
[verbosity: -1]
[saved_feature_importance_type: 0]
[use_quantized_grad: 0]
[num_grad_quant_bins: 4]
[quant_train_renew_leaf: 0]
[stochastic_rounding: 1]
[linear_tree: 0]
[max_bin: 255]
[max_bin_by_feature: ]
[min_data_in_bin: 3]
[bin_construct_sample_cnt: 200000]
[data_random_seed: 175]
[is_enable_sparse: 1]
[enable_bundle: 1]
[use_missing: 1]
[zero_as_missing: 0]
[feature_pre_filter: 0]
[pre_partition: 0]
[two_round: 0]
[header: 0]
[label_column: ]
[weight_column: ]
[group_column: ]
[ignore_column: ]
[categorical_feature: ]
[forcedbins_filename: ]
[precise_float_parser: 0]
[parser_config_file: ]
[objective_seed: 16083]
[num_class: 1]
[is_unbalance: 0]
[scale_pos_weight: 1]
[sigmoid: 1]
[boost_from_average: 1]
[reg_sqrt: 0]
[alpha: 0.9]
[fair_c: 1]
[poisson_max_delta_step: 0.7]
[tweedie_variance_power: 1.5]
[lambdarank_truncation_level: 30]
[lambdarank_norm: 1]
[label_gain: ]
[lambdarank_position_bias_regularization: 0]
[eval_at: ]
[multi_error_top_k: 1]
[auc_mu_weights: ]
[num_machines: 1]
[local_listen_port: 12400]
[time_out: 120]
[machine_list_filename: ]
[machines: ]
[gpu_platform_id: -1]
[gpu_device_id: -1]
[gpu_use_dp: 0]
[num_gpu: 1]

end of parameters

pandas_categorical:[]
