tree
version=v4
num_class=1
num_tree_per_iteration=1
label_index=0
max_feature_idx=123
objective=regression
feature_names=開催経過日 風速 波高 日目 レース 天気 風向 pos1_艇 pos1_級 pos1_展示 pos1_勝率 pos1_2連率 pos1_3連率 pos1_当地勝率 pos1_当地2連率 pos1_当地3連率 pos1_モーター勝率 pos1_モーター2連率 pos1_モーター3連率 pos1_ボート勝率 pos1_ボート2連率 pos1_ボート3連率 pos1_平均スタートタイミング pos1_1コース複勝率 pos1_2コース複勝率 pos1_3コース複勝率 pos1_4コース複勝率 pos1_5コース複勝率 pos1_6コース複勝率 pos1_体重 pos1_展示_レース内順位 pos1_展示_レース内差 pos1_勝率_レース内順位 pos1_勝率_レース内差 pos1_2連率_レース内順位 pos1_2連率_レース内差 pos1_3連率_レース内順位 pos1_3連率_レース内差 pos1_当地勝率_レース内順位 pos1_当地勝率_レース内差 pos1_モーター勝率_レース内順位 pos1_モーター勝率_レース内差 pos1_ボート勝率_レース内順位 pos1_ボート勝率_レース内差 pos1_平均スタートタイミング_レース内順位 pos1_平均スタートタイミング_レース内差 pos2_艇 pos2_級 pos2_展示 pos2_勝率 pos2_2連率 pos2_3連率 pos2_当地勝率 pos2_当地2連率 pos2_当地3連率 pos2_モーター勝率 pos2_モーター2連率 pos2_モーター3連率 pos2_ボート勝率 pos2_ボート2連率 pos2_ボート3連率 pos2_平均スタートタイミング pos2_1コース複勝率 pos2_2コース複勝率 pos2_3コース複勝率 pos2_4コース複勝率 pos2_5コース複勝率 pos2_6コース複勝率 pos2_体重 pos2_展示_レース内順位 pos2_展示_レース内差 pos2_勝率_レース内順位 pos2_勝率_レース内差 pos2_2連率_レース内順位 pos2_2連率_レース内差 pos2_3連率_レース内順位 pos2_3連率_レース内差 pos2_当地勝率_レース内順位 pos2_当地勝率_レース内差 pos2_モーター勝率_レース内順位 pos2_モーター勝率_レース内差 pos2_ボート勝率_レース内順位 pos2_ボート勝率_レース内差 pos2_平均スタートタイミング_レース内順位 pos2_平均スタートタイミング_レース内差 pos3_艇 pos3_級 pos3_展示 pos3_勝率 pos3_2連率 pos3_3連率 pos3_当地勝率 pos3_当地2連率 pos3_当地3連率 pos3_モーター勝率 pos3_モーター2連率 pos3_モーター3連率 pos3_ボート勝率 pos3_ボート2連率 pos3_ボート3連率 pos3_平均スタートタイミング pos3_1コース複勝率 pos3_2コース複勝率 pos3_3コース複勝率 pos3_4コース複勝率 pos3_5コース複勝率 pos3_6コース複勝率 pos3_体重 pos3_展示_レース内順位 pos3_展示_レース内差 pos3_勝率_レース内順位 pos3_勝率_レース内差 pos3_2連率_レース内順位 pos3_2連率_レース内差 pos3_3連率_レース内順位 pos3_3連率_レース内差 pos3_当地勝率_レース内順位 pos3_当地勝率_レース内差 pos3_モーター勝率_レース内順位 pos3_モーター勝率_レース内差 pos3_ボート勝率_レース内順位 pos3_ボート勝率_レース内差 pos3_平均スタートタイミング_レース内順位 pos3_平均スタートタイミング_レース内差
feature_infos=[0:4000] [1:9] [1:9] [1:7] [1:12] [0:2] [0:8] [3:3] [0:2] [6.5599999999999996:7.0199999999999996] [3.3799999999999999:7.5899999999999999] [12:66.400000000000006] [23.199999999999999:82.099999999999994] [0:9.1199999999999992] [0:88.200000000000003] [0:100] [0:7.5599999999999996] [0:66.700000000000003] [0:100] [0:7.5] [0:70] [0:83.299999999999997] [0.11:0.22] [0:100] [0:82.299999999999997] [6.2000000000000002:76.5] [0:68.200000000000003] [0:76.900000000000006] [0:60] [45:64] [1:6] [-0.14833333333333254:0.12999999999999901] [1:6] [-1.4450000000000003:3.3700000000000001] [1:6] [-18.933333333333334:39.666666666666671] [1:6] [-20.816666666666674:45.199999999999996] [1:6] [-5.4649999999999999:4.7100000000000009] [1:6] [-4.2800000000000002:4.3516666666666666] [1:6] [-3.8066666666666666:2.2716666666666674] [1:6] [-0.068333333333333315:0.046666666666666662] [1:1] [0:3] [6.5300000000000002:7.0300000000000002] [2.4300000000000002:7.8200000000000003] [5.4000000000000004:70.5] [14.300000000000001:82.599999999999994] [0:9.8900000000000006] [0:100] [0:100] [0:8.0999999999999996] [0:70.599999999999994] [0:100] [0:9] [0:75] [0:87.5] [0.11:0.23000000000000001] [21.399999999999999:100] [0:87.5] [0:70.799999999999997] [0:69] [0:100] [0:100] [43:67] [1:6] [-0.13000000000000078:0.10166666666666657] [1:6] [-2.0549999999999997:2.6083333333333343] [1:6] [-22.166666666666664:37.166666666666671] [1:6] [-29.216666666666661:34.13333333333334] [1:6] [-4.6166666666666663:4.7883333333333331] [1:6] [-4.1750000000000007:4.915] [1:6] [-4.375:2.1549999999999998] [1:6] [-0.058333333333333334:0.048333333333333339] [2:2] [0:4] [6.54:7.0700000000000003] [0:7.5899999999999999] [0:69] [0:81] [0:7.8300000000000001] [0:70.599999999999994] [0:87.5] [0:8.75] [0:75] [0:100] [0:9.6699999999999999] [0:100] [0:100] [0.12:0.26000000000000001] [0:100] [0:72.700000000000003] [0:72.400000000000006] [0:71.400000000000006] [0:52.399999999999999] [0:37.5] [43:67] [1:6] [-0.15833333333333321:0.12000000000000099] [1:6] [-4.0116666666666667:2.6449999999999996] [1:6] [-23.433333333333337:33.450000000000003] [1:6] [-37.550000000000004:36.216666666666661] [1:6] [-5.2633333333333328:3.8333333333333335] [1:6] [-4.1816666666666658:5.25] [1:6] [-5.3783333333333339:5.2949999999999999] [1:6] [-0.043333333333333335:0.076666666666666689]
tree_sizes=1259 1063 1270 1063 1308 1068 1177 1146 1196 1186 1267 1157 1155 1167 1300 1293 1270 1073 1187 1159 1079 1124 1087 996 1089 1098 1312 1106 1113 1229 1091 932 1101 1084 1096 941 898 1099 1118 876 1188 904 887 1246 842 1061 1083 878 998 957 823 736 956 946 1106 1096 1156 843 1286 1228 1041 921 907 961 1118 1230 906 1040 1348 942 766 882 863 1084 822 1047 958 863 958 948 935 1010 940 1108 1112 958 1178 915 1025 914 1222 959 1112 1013 1084 892 1151 1206 935 922 1096 830 815 1216 1095 1043 1362 1201 1033 1041 1058 866 1202 1032 880 929 1232 1098 930 933 874 852 742 870 1051 1040 997 1048 935 1041 1205 957 1050 930 1326 1328 1104 1038 773 1138 1240 869 1202 1130 740 788 834 1154 991 953 1028 988 1181 851 1129 1182 948 939 922 1107 929 1110 983 1137 905 1155 898 1075 1007 949 810 1207 742 1224 777 1162 968 999 1144 1239 1090 772 1081 772 1000 865 1063 893 913 1317 935 950 952 1244 879 859 1055 832 1133 1191

Tree=0
num_leaves=13
num_cat=0
split_feature=35 35 72 117 39 50 9 112 98 123 20 33
split_gain=212218 70418.4 20757.3 14106.3 9543.3 7446.66 4337.53 2736.65 2251.4 1497.11 812.656 379.575
threshold=-6.9416666666666709 5.133333333333332 0.77250000000000096 0.035833333333333613 1.2675000000000007 35.20000000000001 6.8250000000000011 2.5000000000000004 30.400000000000002 0.0016666666666666637 28.850000000000005 1.2933333333333337
decision_type=2 2 2 2 2 2 2 2 2 2 2 2
left_child=-1 2 3 -2 6 -5 8 -6 -3 -10 -9 -12
right_child=1 4 -4 5 7 -7 -8 10 9 -11 11 -13
leaf_value=63.070332570303059 59.905072140279472 56.947620802109391 60.774443020635566 58.992123010875083 57.467610183534887 57.609515556085412 58.283158961910885 57.017299636375562 58.063845946040949 57.351925389003071 56.770799552899113 56.356021936772549
leaf_weight=23 19 14.999999999999998 17 18 15.999999999999998 21 24 15.999999999999998 15.000000000000002 14.999999999999998 14.999999999999998 17
leaf_count=23 19 15 17 18 16 21 24 16 15 15 15 17
internal_value=58.5236 58.0189 59.2434 58.7916 57.3284 58.2472 57.7384 56.8884 57.4493 57.7048 56.6981 56.5441
internal_weight=231 208 75 58 133 39 69 64 45 30 48 32
internal_count=231 208 75 58 133 39 69 64 45 30 48 32
is_linear=0
shrinkage=1


Tree=1
num_leaves=11
num_cat=0
split_feature=37 44 35 10 39 116 112 42 94 35
split_gain=144708 50580.5 26114.5 12431.1 11483.3 6663.8 5384.6 5146.54 2187.55 1285.89
threshold=0.97499999999999798 3.5000000000000004 5.133333333333332 4.7200000000000015 1.4608333333333341 4.5000000000000009 3.5000000000000004 4.5000000000000009 5.0750000000000011 15.258333333333335
decision_type=2 2 2 2 2 2 2 2 2 2
left_child=1 3 5 -1 6 -2 7 8 -4 -6
right_child=2 -3 4 -5 9 -7 -8 -9 -10 -11
leaf_value=1.6855597479301583 0.89015767307303051 3.603499430608919 -0.37868499171654907 -0.22238470176507158 -1.4215655216042926 -0.36808879760960445 -1.3036380829901273 0.27685006009033553 -1.2354713288364032 -1.9385122030461368
leaf_weight=17 22 28 15.000000000000002 17 24 20 27 17 14.999999999999998 29
leaf_count=17 22 28 15 17 24 20 27 17 15 29
internal_value=-0.0307059 2.03347 -0.788763 0.733586 -1.14598 0.291423 -0.741879 -0.416977 -0.809926 -1.70764
internal_weight=231 62 169 34 127 42 74 47 30 53
internal_count=231 62 169 34 127 42 74 47 30 53
is_linear=0
shrinkage=0.05


Tree=2
num_leaves=13
num_cat=0
split_feature=35 23 35 12 70 39 57 14 25 87 51 9
split_gain=160099 64608.9 37215.5 18896.1 12307.9 10128.4 5572.9 4388.02 4238.55 2429.98 1147.27 145.954
threshold=-2.3583333333333321 58.550000000000004 5.133333333333332 48.350000000000009 -0.040000000000000473 1.509166666666667 51.850000000000001 29.550000000000004 41.650000000000013 6.7750000000000012 45.600000000000001 6.785000000000001
decision_type=2 2 2 2 2 2 2 2 2 2 2 2
left_child=1 -1 4 -3 -2 7 -6 -4 -9 -10 -7 -12
right_child=2 3 5 -5 6 10 -8 8 9 -11 11 -13
leaf_value=4.5695226986826318 1.6613689594710899 2.2500876814682291 -1.3666939227611987 -0.13907415097829889 0.53208433733743365 -1.3578707101926282 -0.69587115349128226 0.020551944569953809 -0.34189825903328253 -1.1441045767046025 -2.008967981279266 -1.7026970857026562
leaf_weight=21 14.999999999999998 15.999999999999998 23 17 20 20 17 21 14.999999999999998 26 16.000000000000004 14.999999999999998
leaf_count=21 15 16 23 17 20 20 17 21 15 26 16 15
internal_value=0.0108148 2.40786 -0.678585 1.02245 0.458391 -1.11337 -0.0323316 -0.777506 -0.557007 -0.852282 -1.67042 -1.86688
internal_weight=242 54 188 33 52 136 37 85 62 41 51 31
internal_count=242 54 188 33 52 136 37 85 62 41 51 31
is_linear=0
shrinkage=0.05


Tree=3
num_leaves=11
num_cat=0
split_feature=33 35 30 13 60 39 14 92 111 76
split_gain=136985 65735.1 23922.5 26683.4 16906.2 8360.42 5182.76 4957.7 2137.36 886.798
threshold=-0.65749999999999964 5.133333333333332 2.5000000000000004 6.1650000000000009 49.150000000000013 1.2675000000000007 29.550000000000004 36.900000000000006 -0.31666666666666637 -4.008333333333332
decision_type=2 2 2 2 2 2 2 2 2 2
left_child=-1 2 -2 4 -4 6 -3 -8 -7 -10
right_child=1 5 3 -5 -6 8 7 -9 9 -11
leaf_value=4.233676263377153 -0.41546561562611961 -1.3919235265032845 3.1662972451504614 -0.22421338535145502 1.0775917030685576 -0.96994327600089658 0.097620016186604638 -0.91179931223122779 -1.2823213059381144 -1.783151892698098
leaf_weight=18 28 15.999999999999998 19 18 20 19 27 22 14.999999999999998 29
leaf_count=18 28 16 19 18 20 19 27 22 15 29
internal_value=0.0576315 -0.297071 0.780235 1.36738 2.10079 -1.01256 -0.613137 -0.356421 -1.42296 -1.61582
internal_weight=231 213 85 57 39 128 65 49 63 44
internal_count=231 213 85 57 39 128 65 49 63 44
is_linear=0
shrinkage=0.05


Tree=4
num_leaves=13
num_cat=0
split_feature=35 35 117 13 31 39 74 112 112 65 33 72
split_gain=118093 52112.6 17608.1 17930.4 11195.9 7697.96 4551.19 3714.31 2528.5 1322.09 779.195 863.072
threshold=5.133333333333332 -8.5999999999999943 -0.35166666666666652 6.1650000000000009 -0.0083333333333341902 1.2675000000000007 -4.3749999999999982 2.5000000000000004 2.5000000000000004 26.450000000000006 1.5616666666666663 0.23333333333333342
decision_type=2 2 2 2 2 2 2 2 2 2 2 2
left_child=1 -1 -3 4 -4 6 -2 -8 -7 -9 11 -10
right_child=5 2 3 -5 -6 8 7 9 10 -11 -12 -13
leaf_value=3.9052394403433954 0.1092507793279419 2.3348142489692232 0.10463430803056012 -0.76450612680606922 1.6776916677467666 -0.84029450838078434 -0.19294281040398492 -1.4924278682430847 -1.0904021623118823 -0.83669393730093855 -1.8285777342946905 -1.626194944434403
leaf_weight=15.999999999999998 17 14.999999999999998 19.999999999999996 21 26.000000000000004 18 14.999999999999998 14.999999999999998 14.999999999999998 17 17 18
leaf_count=16 17 15 20 21 26 18 15 15 15 17 17 18
internal_value=-0.0103682 1.30377 0.791967 0.443514 0.995573 -0.986303 -0.59116 -0.844301 -1.35671 -1.14792 -1.54048 -1.38683
internal_weight=230 98 82 67 46 132 64 47 68 32 50 33
internal_count=230 98 82 67 46 132 64 47 68 32 50 33
is_linear=0
shrinkage=0.05


Tree=5
num_leaves=11
num_cat=0
split_feature=35 33 31 23 60 74 110 112 39 121
split_gain=128363 60192.8 17894.2 25708.4 18554.4 5969.09 5059.38 3178.55 1429.51 885.759
threshold=5.133333333333332 -0.65749999999999964 -0.039166666666666121 77.500000000000014 49.150000000000013 -4.3749999999999982 3.5000000000000004 2.5000000000000004 1.6591666666666669 0.13833333333333322
decision_type=2 2 2 2 2 2 2 2 2 2
left_child=1 -1 -3 4 -4 6 -2 -7 9 -9
right_child=5 2 3 -5 -6 7 -8 8 -10 -11
leaf_value=3.8631110995563107 0.22404993389085026 -0.63041256980763549 3.1146765062642769 -0.0098742460687661973 0.9540791271987118 -0.70354879335550013 -1.0323467977789063 -1.3275180350695408 -1.6117137427182542 -0.82389853616423958
leaf_weight=20 17 17 19 27 21 28 14.999999999999998 24 29 14.999999999999998
leaf_count=20 17 17 19 27 21 28 15 24 29 15
internal_value=0.100562 1.40463 0.815324 1.18262 1.9857 -0.959226 -0.366112 -1.15629 -1.34134 -1.13655
internal_weight=232 104 84 67 40 128 32 96 68 39
internal_count=232 104 84 67 40 128 32 96 68 39
is_linear=0
shrinkage=0.05


Tree=6
num_leaves=12
num_cat=0
split_feature=33 35 29 104 17 39 14 44 27 51 112
split_gain=118421 41177.3 16021.1 9507.35 7871.39 5241.05 3435.2 3206.8 1319.41 1102.13 402.81
threshold=-0.65749999999999964 5.133333333333332 50.500000000000007 35.250000000000007 37.050000000000004 1.509166666666667 29.550000000000004 2.5000000000000004 31.250000000000004 45.600000000000001 3.5000000000000004
decision_type=2 2 2 2 2 2 2 2 2 2 2
left_child=-1 2 -2 4 -4 6 -3 8 -8 -7 -11
right_child=1 5 3 -5 -6 9 7 -9 -10 10 -12
leaf_value=3.6709164912427839 1.7037230015401308 -1.2109992086590819 1.0909111501384969 -0.7252181617922373 -0.31577424795731257 -1.0146600881459023 -1.0743321881656758 -0.0085251931889423205 -0.43731830031235025 -1.2930119034470309 -1.6993585371813236
leaf_weight=20 21 20 26 22 15.999999999999998 21 17 24 15.999999999999998 15.000000000000002 14.999999999999998
leaf_count=20 21 20 26 22 16 21 17 24 16 15 15
internal_value=0.00217891 -0.343841 0.508872 0.114688 0.555435 -0.91009 -0.648164 -0.448815 -0.767882 -1.30341 -1.50132
internal_weight=233 213 85 64 42 128 77 57 33 51 30
internal_count=233 213 85 64 42 128 77 57 33 51 30
is_linear=0
shrinkage=0.05


Tree=7
num_leaves=12
num_cat=0
split_feature=35 23 35 12 78 39 14 0 112 31 75
split_gain=102607 45055.6 24841.2 18151.2 8290.51 6236.18 4311.95 3550.73 2073.53 685.545 607.856
threshold=-2.3583333333333321 58.550000000000004 5.133333333333332 50.250000000000007 0.62916666666666676 1.2675000000000007 29.550000000000004 2042.0000000000002 2.5000000000000004 -0.029999999999999801 3.5000000000000004
decision_type=2 2 2 2 2 2 2 2 2 2 2
left_child=1 -1 4 -3 -2 6 -4 -8 -7 -10 -11
right_child=2 3 5 -5 -6 8 7 -9 9 10 -12
leaf_value=3.8078711832869114 -0.092185192132733532 1.9785795264773895 -1.1714192117166797 -0.36230967231326222 1.1928909573552295 -0.68948255407879921 0.13579523551288128 -0.71832730437700565 -1.604555114389163 -0.94391269052265503 -1.3947917305962156
leaf_weight=21 29 17 17 15.999999999999998 22 17 27 22 17 14.999999999999998 18
leaf_count=21 29 17 17 16 22 17 27 22 17 15 18
internal_value=0.0884032 2.00271 -0.47416 0.845786 0.463313 -0.833757 -0.487538 -0.248268 -1.1735 -1.33626 -1.19347
internal_weight=238 54 184 33 51 133 66 49 67 50 33
internal_count=238 54 184 33 51 133 66 49 67 50 33
is_linear=0
shrinkage=0.05


Tree=8
num_leaves=12
num_cat=0
split_feature=35 35 77 111 22 112 19 74 65 31 97
split_gain=94176 37591.1 19242.6 5929.55 6472.97 3888.34 4029.9 2236.68 1038.2 987.012 277.625
threshold=-6.9416666666666709 5.133333333333332 5.5000000000000009 0.459166666666667 0.15500000000000003 2.5000000000000004 5.3950000000000005 -4.3749999999999982 30.150000000000002 -0.0075000000000002833 5.4450000000000012
decision_type=2 2 2 2 2 2 2 2 2 2 2
left_child=-1 2 3 4 -2 6 -3 -7 10 -10 -9
right_child=1 5 -4 -5 -6 7 -8 8 9 -11 -12
leaf_value=2.9152916873356265 -0.39076026087959875 -0.84287943370414498 1.919595850450206 -0.66171500900173719 0.9199237757470029 -0.57694537696115211 0.20825080255798945 -1.4597419572569028 -1.2306699512810104 -0.64774985145654118 -1.1505151249715035
leaf_weight=25 14.999999999999998 23 19 18 25 21 14.999999999999998 24 15.000000000000002 14.999999999999998 14.999999999999998
leaf_count=25 15 23 19 18 25 21 15 24 15 15 15
internal_value=0.0243785 -0.329397 0.543085 0.089545 0.428544 -0.854303 -0.428371 -1.03341 -1.17123 -0.942496 -1.34418
internal_weight=230 205 77 58 40 128 38 90 69 30 39
internal_count=230 205 77 58 40 128 38 90 69 30 39
is_linear=0
shrinkage=0.05


Tree=9
num_leaves=12
num_cat=0
split_feature=35 35 72 59 39 111 59 0 66 76 110
split_gain=92452.4 31070.9 16113.1 10254.1 3468.33 2847.27 2366.51 980.337 1000.18 945.911 172.565
threshold=-8.5999999999999943 5.133333333333332 0.81583333333333397 30.550000000000004 1.6591666666666669 -0.044166666666666458 38.550000000000004 1096.0000000000002 16.650000000000002 -4.008333333333332 3.5000000000000004
decision_type=2 2 2 2 2 2 2 2 2 2 2
left_child=-1 2 3 -2 6 -5 7 -3 -9 -6 -11
right_child=1 4 -4 5 9 -7 -8 8 -10 10 -12
leaf_value=3.3741532996214563 0.85301715424566549 -0.47630458171898726 1.5903057908559861 0.10272986632309214 -0.8376539861193355 -0.74952533993856763 -0.083958314146314342 -0.66867280209212865 -1.1484129127167977 -1.1826783994485062 -1.4556867895659451
leaf_weight=18 23 21 21 14.999999999999998 15.999999999999998 28 15.999999999999998 24 21 17 15.999999999999998
leaf_count=18 23 21 21 15 16 28 16 24 21 17 16
internal_value=-0.0596696 -0.344636 0.38754 0.00293881 -0.830853 -0.452562 -0.630491 -0.76258 -0.894712 -1.16409 -1.3192
internal_weight=236 218 87 66 131 43 82 66 45 49 33
internal_count=236 218 87 66 131 43 82 66 45 49 33
is_linear=0
shrinkage=0.05


Tree=10
num_leaves=13
num_cat=0
split_feature=33 35 72 82 39 74 56 14 111 60 75 37
split_gain=81881.5 37763.1 15875.2 13034.1 4571.63 4292.95 4091.04 2137.94 1667.24 1253.52 583.171 71.0607
threshold=-0.65749999999999964 5.133333333333332 0.77250000000000096 -0.15333333333333329 1.2675000000000007 -4.3749999999999982 35.95000000000001 29.550000000000004 -0.31666666666666637 49.150000000000013 3.5000000000000004 18.216666666666669
decision_type=2 2 2 2 2 2 2 2 2 2 2 2
left_child=-1 2 3 -2 5 -3 -5 -7 -6 -9 -10 -12
right_child=1 4 -4 6 8 7 -8 9 10 -11 11 -13
leaf_value=3.2772389680641134 1.1391502374671842 0.17633520439657244 1.8656083837541608 0.10033315498938505 -0.60140327385493686 -1.2034101119894067 -0.89491527791608838 -0.7615062428944146 -0.95917617392144805 -0.17640596896584271 -1.2217919381249027 -1.4429044609827713
leaf_weight=18 25 19 19 26 15.999999999999998 14.999999999999998 17 20 18 17 15.000000000000002 14.999999999999998
leaf_count=18 25 19 19 26 16 15 17 20 18 17 15 15
internal_value=0.0434509 -0.220083 0.591808 0.233602 -0.743389 -0.465982 -0.294185 -0.700659 -1.04985 -0.494011 -1.19767 -1.33694
internal_weight=240 222 87 68 135 71 43 52 64 37 48 30
internal_count=240 222 87 68 135 71 43 52 64 37 48 30
is_linear=0
shrinkage=0.05


Tree=11
num_leaves=12
num_cat=0
split_feature=33 35 111 72 44 112 74 88 19 35 20
split_gain=73946.2 25656.4 15097.6 10357.6 6444.55 4064.63 3846.65 2613.14 1805.42 933.081 480.011
threshold=-0.65749999999999964 5.133333333333332 -0.45749999999999996 0.77250000000000096 3.5000000000000004 3.5000000000000004 -3.6416666666666653 5.6950000000000012 5.2750000000000012 10.575000000000005 30.050000000000004
decision_type=2 2 2 2 2 2 2 2 2 2 2
left_child=-1 2 -2 4 7 6 -3 -4 -8 -7 -11
right_child=1 5 3 -5 -6 9 8 -9 -10 10 -12
leaf_value=2.9073511033508908 1.8564280742051587 0.22091566721598307 -0.14896674123258222 1.2684584730508313 0.59085536393505789 -0.70303827589424095 -0.91086577103310029 -0.98993675272658221 -0.34607808200702128 -0.91142073960332137 -1.2771951062056039
leaf_weight=20 14.999999999999998 17 18 14.999999999999998 17 20 29 19 28 17 24
leaf_count=20 15 17 18 15 17 20 29 19 28 17 24
internal_value=0.0048431 -0.261409 0.42432 0.110684 -0.212578 -0.688121 -0.437967 -0.582455 -0.634606 -0.990291 -1.12824
internal_weight=239 219 84 69 54 135 74 37 57 61 41
internal_count=239 219 84 69 54 135 74 37 57 61 41
is_linear=0
shrinkage=0.05


Tree=12
num_leaves=12
num_cat=0
split_feature=23 37 24 39 31 92 105 115 78 76 0
split_gain=70954.1 17909.9 12133.4 5597.83 6553.43 3458.37 2329.45 2263.47 1735.39 639.837 202.264
threshold=51.45000000000001 0.97499999999999798 39.550000000000004 1.3324999999999998 0.0033333333333329667 42.20000000000001 12.250000000000002 -4.3666666666666627 0.24583333333333404 -4.008333333333332 2549.0000000000005
decision_type=2 2 2 2 2 2 2 2 2 2 2
left_child=-1 2 -2 4 6 -6 -3 -5 -8 -9 -11
right_child=1 3 -4 7 5 -7 8 9 -10 10 -12
leaf_value=2.4226081103999952 1.4001440843305977 -0.09050992158864507 -0.32138131526128161 -0.49753682060145776 0.60914026752316575 -0.33797328259512693 -0.4699850114035945 -0.79118483240241255 -1.090358180163866 -1.0588560286147819 -1.3328477580644931
leaf_weight=26 22 14.999999999999998 19 26 22 17 21 14.999999999999998 25 18 17
leaf_count=26 22 15 19 26 22 17 21 15 25 18 17
internal_value=-0.0405119 -0.336635 0.603401 -0.555868 -0.309478 0.19636 -0.632756 -0.879167 -0.808887 -1.07613 -1.1955
internal_weight=243 217 41 176 100 39 61 76 46 50 35
internal_count=243 217 41 176 100 39 61 76 46 50 35
is_linear=0
shrinkage=0.05


Tree=13
num_leaves=12
num_cat=0
split_feature=23 25 66 110 38 78 44 63 60 115 81
split_gain=67925.3 20328.6 14139.2 5826.37 5352.63 5223.8 2044.34 1837.61 1370.29 961.788 171.72
threshold=51.45000000000001 38.45000000000001 23.900000000000002 3.5000000000000004 3.5000000000000004 0.70333333333333303 1.5000000000000002 54.000000000000007 47.750000000000007 -3.8166666666666624 3.5000000000000004
decision_type=2 2 2 2 2 2 2 2 2 2 2
left_child=-1 2 3 -2 5 -3 9 8 -8 -6 -11
right_child=1 4 -4 -5 6 -7 7 -9 -10 10 -12
leaf_value=2.5691905256989713 0.47217930671456571 0.6097157618067911 1.3830715866009724 -0.62821906097381708 -0.69425867772260252 -0.70546588960862322 -0.73979970012580487 -1.021561785692668 -0.15699606906800045 -1.0474007182651095 -1.3043775990523025
leaf_weight=23 23 15.000000000000002 24 25 14.999999999999998 14.999999999999998 18 18 23 17 18
leaf_count=23 23 15 24 25 15 15 18 18 23 17 18
internal_value=-0.00492013 -0.286618 0.394883 -0.100955 -0.639692 -0.047868 -0.80234 -0.600969 -0.41416 -1.03819 -1.18304
internal_weight=234 211 72 48 139 30 109 59 41 50 35
internal_count=234 211 72 48 139 30 109 59 41 50 35
is_linear=0
shrinkage=0.05


Tree=14
num_leaves=13
num_cat=0
split_feature=34 23 58 35 104 99 39 15 71 105 33 74
split_gain=56308.6 26981.3 7667.08 6167.12 4732.96 4589.39 3193.52 3322.88 1854.05 956.316 739.967 452.037
threshold=3.5000000000000004 58.550000000000004 5.0750000000000011 6.2833333333333323 29.150000000000002 50.150000000000006 1.2675000000000007 56.300000000000004 3.5000000000000004 14.250000000000002 1.5008333333333341 -0.65000000000000202
decision_type=2 2 2 2 2 2 2 2 2 2 2 2
left_child=1 -1 -3 4 -2 -4 7 9 -9 -5 11 -8
right_child=3 2 5 6 -6 -7 10 8 -10 -11 -12 -13
leaf_value=2.7085064506078784 0.59346805087762988 1.3735354527753061 0.70380771870938885 -0.46821225770511976 -0.50856954952629896 -0.49004573896064524 -0.53429204010815357 0.35304998137195659 -0.39456671422336531 -1.0203196969831951 -1.1057414592301695 -0.88589360882137813
leaf_weight=21 21 19 15.999999999999998 15.999999999999998 18 15.999999999999998 15.999999999999998 15.999999999999998 17 15.999999999999998 24 24
leaf_count=21 21 19 16 16 18 16 16 16 17 16 24 24
internal_value=0.0353761 1.20431 0.580745 -0.465983 0.0847076 0.107058 -0.632447 -0.384537 -0.0319633 -0.74674 -0.883159 -0.747061
internal_weight=240 72 51 168 39 32 129 65 33 32 64 40
internal_count=240 72 51 168 39 32 129 65 33 32 64 40
is_linear=0
shrinkage=0.05


Tree=15
num_leaves=13
num_cat=0
split_feature=35 35 54 0 112 54 52 104 13 74 35 65
split_gain=47407.9 21744 12093.6 9574.91 4146.26 3626.13 3334.5 1557.82 831.574 715.186 366.981 51.0073
threshold=-8.5999999999999943 5.133333333333332 67.750000000000014 1132.5000000000002 3.5000000000000004 40.45000000000001 5.1900000000000004 27.500000000000004 6.4050000000000011 -5.9666666666666659 10.575000000000005 25.450000000000003
decision_type=2 2 2 2 2 2 2 2 2 2 2 2
left_child=-1 2 3 -2 5 -3 -5 8 -7 -6 -11 -12
right_child=1 4 -4 6 9 7 -8 -9 -10 10 11 -13
leaf_value=2.6407850407665556 0.85908088145306949 0.30151194019541561 1.5432047604266259 -0.86565587506656749 -0.59461275391815771 -0.49726468084694497 0.01444688136225304 -0.1012646334511893 -0.98062107803805765 -0.76071531062094588 -1.1675798037194256 -0.9840059403552126
leaf_weight=15.999999999999998 28 18 19 17 18 23 29 15.999999999999998 14.999999999999998 14.999999999999998 15.000000000000002 14.999999999999998
leaf_count=16 28 18 19 17 18 23 29 16 15 15 15 15
internal_value=0.0185346 -0.166538 0.421462 0.131685 -0.571654 -0.311681 -0.311872 -0.51635 -0.690268 -0.867722 -0.975294 -1.07953
internal_weight=244 228 93 74 135 72 46 54 38 63 45 30
internal_count=244 228 93 74 135 72 46 54 38 63 45 30
is_linear=0
shrinkage=0.05


Tree=16
num_leaves=13
num_cat=0
split_feature=34 16 44 44 39 66 72 64 25 98 31 25
split_gain=37770.5 22902.8 12525.9 5704.18 5268.86 5067.9 3158.95 2157.55 1721.27 1408.08 779.802 175.814
threshold=3.5000000000000004 4.8850000000000007 3.5000000000000004 1.5000000000000002 -0.11916666666666619 30.200000000000003 -0.12750000000000059 44.250000000000007 48.150000000000013 33.850000000000001 -0.00083333333333390758 55.550000000000004
decision_type=2 2 2 2 2 2 2 2 2 2 2 2
left_child=1 -1 4 8 -3 6 -5 10 9 -2 -8 -10
right_child=3 2 -4 5 -6 -7 7 -9 11 -11 -12 -13
leaf_value=2.5413073396125032 -0.77249669736846349 0.49790551141397849 1.4088800609408327 0.089151490647414511 -0.78381913210216314 0.5781922372335887 -1.0436032935400694 -0.15090168964176276 -1.1474132668157542 -0.1657224339913137 -0.54765562671699275 -0.89600409862258668
leaf_weight=17 24 14.999999999999998 20 27 17 18 18 19 15.999999999999998 15.999999999999998 14.999999999999998 19
leaf_count=17 24 15 20 27 17 18 18 19 16 16 15 19
internal_value=-0.0338124 0.953617 0.430586 -0.430285 -0.183176 -0.176723 -0.349305 -0.576795 -0.757488 -0.53093 -0.820659 -1.01402
internal_weight=241 69 52 172 32 97 79 52 75 40 33 35
internal_count=241 69 52 172 32 97 79 52 75 40 33 35
is_linear=0
shrinkage=0.05


Tree=17
num_leaves=11
num_cat=0
split_feature=33 34 31 22 60 112 25 74 49 102
split_gain=44167.2 13256 12566.7 13328 12548.9 4154.16 3118.21 2115.5 921.022 448.441
threshold=-0.65749999999999964 4.5000000000000009 -0.039166666666666121 0.15500000000000003 49.150000000000013 2.5000000000000004 41.650000000000013 -4.3749999999999982 6.0550000000000006 48.250000000000007
decision_type=2 2 2 2 2 2 2 2 2 2
left_child=-1 2 -2 -4 -5 6 -3 -7 9 -9
right_child=1 5 3 4 -6 7 -8 8 -10 -11
leaf_value=2.4266706496651409 -0.95001018573038309 0.34096305009101241 -0.42458605800194765 2.069318041501869 0.36501479319842217 -0.23842348156947094 -0.48368359685419088 -0.98676810729254694 -0.47772236850700883 -0.66532447071549317
leaf_weight=17 15.999999999999998 21 21 19 25 21 25 43 17 15.999999999999998
leaf_count=17 16 21 21 19 25 21 25 43 17 16
internal_value=-0.0226851 -0.209596 0.301195 0.610247 1.1041 -0.498968 -0.107183 -0.68441 -0.807102 -0.900955
internal_weight=241 224 81 65 44 143 46 97 76 59
internal_count=241 224 81 65 44 143 46 97 76 59
is_linear=0
shrinkage=0.05


Tree=18
num_leaves=12
num_cat=0
split_feature=35 59 34 77 41 0 109 103 35 9 95
split_gain=41665.1 24007 10195.2 12309.8 5965.02 6285.82 3363.39 1618.68 2020.86 825.937 474.598
threshold=-5.7666666666666684 31.950000000000003 4.5000000000000009 5.5000000000000009 0.42416666666666641 2127.0000000000005 0.044166666666666916 36.750000000000007 12.066666666666668 6.8450000000000006 27.350000000000005
decision_type=2 2 2 2 2 2 2 2 2 2 2
left_child=1 -1 3 4 5 -2 7 9 -9 10 -4
right_child=2 -3 6 -5 -6 -7 -8 8 -10 -11 -12
leaf_value=3.200058697548922 0.90560848603697952 0.41710892715809511 -0.55578291656459189 1.4628126499945655 -0.88318654901076155 -0.37733996482419718 0.19171443670494123 -0.042352739008296003 -0.7603707482088482 -0.36837438278728063 -0.8669934067940176
leaf_weight=15.000000000000002 19 15.999999999999998 19 17 15.999999999999998 19 18 28 14.999999999999998 17 40
leaf_count=15 19 16 19 17 16 19 18 28 15 17 40
internal_value=0.0628327 1.76982 -0.192278 0.293667 -0.0763286 0.264696 -0.444185 -0.540494 -0.294123 -0.679252 -0.767968
internal_weight=239 31 208 71 54 38 137 119 43 76 59
internal_count=239 31 208 71 54 38 137 119 43 76 59
is_linear=0
shrinkage=0.05


Tree=19
num_leaves=12
num_cat=0
split_feature=33 44 39 9 109 10 31 49 26 13 52
split_gain=28039.6 17835.4 6179.88 6959.46 4844.04 6817.34 3271.25 1941.16 1559.3 810.565 450.468
threshold=-0.40083333333333332 3.5000000000000004 1.5800000000000001 6.745000000000001 -0.0025000000000003904 6.080000000000001 -0.0075000000000002833 5.7550000000000008 25.450000000000003 6.4900000000000011 5.0450000000000008
decision_type=2 2 2 2 2 2 2 2 2 2 2
left_child=1 -1 3 6 7 -6 -2 8 -5 -4 -11
right_child=2 -3 9 4 5 -7 -8 -9 -10 10 -12
leaf_value=0.13739519955703566 -0.94321846310625368 2.3934348546970656 -0.47565234654393546 -0.76656855826052084 1.2295029004830964 -0.090652080080402431 -0.033655547449328256 0.17043268246004784 -0.08838230707368798 -0.65647111935922275 -1.0140731592313939
leaf_weight=18 29 17 23 15.999999999999998 19 20 14.999999999999998 25 18 17 21
leaf_count=18 29 17 23 16 19 20 15 25 18 17 21
internal_value=-0.067907 1.23703 -0.293418 -0.112372 0.1222 0.553872 -0.634033 -0.163513 -0.408987 -0.713914 -0.856367
internal_weight=238 35 203 142 98 39 44 59 34 61 38
internal_count=238 35 203 142 98 39 44 59 34 61 38
is_linear=0
shrinkage=0.05


Tree=20
num_leaves=11
num_cat=0
split_feature=23 37 59 117 112 25 39 109 74 65
split_gain=38485.6 13046.8 15132.3 4442 4171.98 3895.23 2408.6 1154.04 1042.92 1242.06
threshold=51.45000000000001 2.2666666666666591 30.550000000000004 0.75249999999999961 2.5000000000000004 37.150000000000006 0.1400000000000006 -0.004166666666666873 10.858333333333338 27.750000000000004
decision_type=2 2 2 2 2 2 2 2 2 2
left_child=-1 2 -2 -4 5 -3 -6 -7 9 -8
right_child=1 4 3 -5 6 7 8 -9 -10 -11
leaf_value=1.8278596595786085 1.6583102214402257 0.63602720001675439 -0.66820520399683747 0.49327370236251533 -0.079914179073637404 -0.60228177368311586 -0.75004011545174132 -0.036349164583406396 -1.0170131987926223 -0.33192914739198109
leaf_weight=26 18 14.999999999999998 18 14.999999999999998 20 18 50 18 19 28
leaf_count=26 18 15 18 15 20 18 50 18 19 28
internal_value=0.0129164 -0.203269 0.496464 -0.140214 -0.415887 -0.0382624 -0.580277 -0.320339 -0.683205 -0.60063
internal_weight=245 219 51 33 168 51 117 36 97 78
internal_count=245 219 51 33 168 51 117 36 97 78
is_linear=0
shrinkage=0.05


Tree=21
num_leaves=11
num_cat=0
split_feature=23 37 59 110 25 72 117 57 35 56
split_gain=42022.7 10806.4 14811.3 4009.08 5119.45 2657.29 2570.47 1152.18 689.651 457.205
threshold=51.45000000000001 2.2666666666666591 30.550000000000004 2.5000000000000004 38.70000000000001 -0.71750000000000014 0.68416666666666714 40.600000000000001 6.2833333333333323 32.95000000000001
decision_type=2 2 2 2 2 2 2 2 2 2
left_child=-1 2 -2 4 -3 -5 -4 -7 -9 -6
right_child=1 3 6 5 9 7 -8 8 -10 -11
leaf_value=2.1340957095720108 1.6280068321122649 0.75261367374325383 -0.61062223596602472 0.054412958025932302 -0.14080965600398757 -0.26120487372519563 0.29760274535772818 -1.0150065945868461 -0.63206099359597567 -0.51441895097319834
leaf_weight=22 18 15.999999999999998 16.000000000000004 17 15.999999999999998 18 14.999999999999998 14.999999999999998 62 17
leaf_count=22 18 16 16 17 16 18 15 15 62 17
internal_value=0.0601541 -0.158005 0.49144 -0.355875 0.0212522 -0.520784 -0.171454 -0.623716 -0.707945 -0.334399
internal_weight=232 210 49 161 49 112 31 95 77 33
internal_count=232 210 49 161 49 112 31 95 77 33
is_linear=0
shrinkage=0.05


Tree=22
num_leaves=11
num_cat=0
split_feature=23 34 44 0 33 111 88 72 51 91
split_gain=31617 7758 12835.6 5617.74 3385.33 3249.38 3160.91 1695.96 947.749 492.827
threshold=51.45000000000001 4.5000000000000009 4.5000000000000009 1096.0000000000002 0.16083333333333408 -0.37416666666666648 4.1250000000000009 -0.71750000000000014 60.45000000000001 4.1650000000000009
decision_type=2 2 2 2 2 2 2 2 2 2
left_child=-1 2 3 -2 -5 6 -3 -7 9 -9
right_child=1 5 -4 4 -6 7 -8 8 -10 -11
leaf_value=1.7508547699797696 0.66618656596245129 -0.51990436367366621 1.4466259699815893 -0.78260883592751862 0.10136174046244295 -0.071597714953541003 0.41032858756481194 -0.49709850149865481 -0.35278337336233839 -0.82938007567155658
leaf_weight=24 17 15.999999999999998 17 25 19 15.999999999999998 21 15.999999999999998 22 43
leaf_count=24 17 16 17 25 19 16 21 16 22 43
internal_value=0.0347136 -0.160277 0.235936 -0.103203 -0.401417 -0.39095 0.00761383 -0.542882 -0.63571 -0.740348
internal_weight=236 212 78 61 44 134 37 97 81 59
internal_count=236 212 78 61 44 134 37 97 81 59
is_linear=0
shrinkage=0.05


Tree=23
num_leaves=10
num_cat=0
split_feature=35 23 44 21 101 112 13 9 24
split_gain=32673.2 12769.7 4863.86 4036.44 4495.68 2953.54 1392.82 2198.57 299.835
threshold=-8.5999999999999943 51.45000000000001 1.5000000000000002 41.250000000000007 79.350000000000009 2.5000000000000004 6.3050000000000006 6.7550000000000008 49.300000000000004
decision_type=2 2 2 2 2 2 2 2 2
left_child=-1 -2 6 -4 5 -5 7 -3 -8
right_child=1 2 3 4 -6 -7 8 -9 -10
leaf_value=2.0864636550172726 1.1267054294285019 -0.83020763649845764 -0.72263593504214174 0.22985003728459313 0.58765403496383295 -0.429056245835364 -0.97039985182862842 -0.038711547696194941 -0.68540310138266025
leaf_weight=17 17 14.999999999999998 21 28 27 43 15.999999999999998 21 27
leaf_count=17 17 15 21 28 27 43 16 21 27
internal_value=-0.017089 -0.184332 -0.297433 -0.0953042 0.0396726 -0.169178 -0.601338 -0.370026 -0.79357
internal_weight=232 215 198 119 98 71 79 36 43
internal_count=232 215 198 119 98 71 79 36 43
is_linear=0
shrinkage=0.05


Tree=24
num_leaves=11
num_cat=0
split_feature=33 87 31 39 102 111 115 35 33 25
split_gain=35974.1 7277.24 5693.12 4250.7 3817.59 2505.45 2301.41 2242.54 1402.97 1366.49
threshold=-0.65749999999999964 6.9050000000000011 0.00083333333333346371 1.3324999999999998 27.750000000000004 -0.31666666666666637 3.5833333333333397 2.0750000000000015 0.79916666666666691 43.850000000000001
decision_type=2 2 2 2 2 2 2 2 2 2
left_child=-1 2 5 4 -4 9 -6 -7 -9 -2
right_child=1 -3 3 -5 6 7 -8 8 -10 -11
leaf_value=2.160317825822279 0.13060991865152502 0.68295986474449943 0.92505893336226608 -0.53741097692474415 -0.30417399522792771 -1.1576032760724499 0.46171270512646023 -0.17357289213172639 -0.70450999849904195 -0.50164331894868996
leaf_weight=17 17 20 14.999999999999998 25 25 20 15.999999999999998 18 41 17
leaf_count=17 17 20 15 25 25 20 16 18 41 17
internal_value=-0.0465704 -0.222834 -0.316545 0.00336845 0.245405 -0.545708 -0.00477355 -0.700061 -0.543182 -0.185914
internal_weight=231 214 194 81 56 113 41 79 59 34
internal_count=231 214 194 81 56 113 41 79 59 34
is_linear=0
shrinkage=0.05


Tree=25
num_leaves=11
num_cat=0
split_feature=34 82 24 100 111 113 25 74 101 74
split_gain=16179.3 14800.8 4666.46 3612 3592.54 4578.55 3909.39 1057.75 444.307 422.25
threshold=3.5000000000000004 -0.07750000000000011 36.900000000000006 0.14500000000000005 -0.35666666666666641 -11.099999999999996 43.850000000000001 -5.9666666666666659 61.000000000000007 8.1583333333333332
decision_type=2 2 2 2 2 2 2 2 2 2
left_child=1 -1 -3 -2 5 -5 -7 -6 -9 -10
right_child=3 2 -4 4 7 6 -8 8 9 -11
leaf_value=1.5691744215186985 0.40665434926573996 0.5258831382337199 -0.55688897555704275 -0.60844697709107276 -0.20105292554847232 0.93701090340977444 -0.18347761801310947 -0.42334735533770396 -0.60409923516159514 -0.91391871108771849
leaf_weight=26 17 22 18 20 19 15.000000000000002 15.999999999999998 22 41 15.999999999999998
leaf_count=26 17 22 18 20 19 15 16 22 41 16
internal_value=-0.0186644 0.642932 0.0383373 -0.281967 -0.360789 -0.0202526 0.359803 -0.537754 -0.618313 -0.692602
internal_weight=232 66 40 166 149 51 31 98 79 57
internal_count=232 66 40 166 149 51 31 98 79 57
is_linear=0
shrinkage=0.05


Tree=26
num_leaves=13
num_cat=0
split_feature=33 30 35 92 13 97 9 74 111 109 49 115
split_gain=17132.4 6689.23 9493.39 11453.8 4399.93 3348.7 1158.76 1154.4 942.933 745.561 649.037 568.107
threshold=-0.65749999999999964 2.5000000000000004 4.7916666666666616 37.550000000000004 6.0400000000000009 5.7650000000000006 6.6950000000000012 -4.3749999999999982 0.64166666666666627 -0.004166666666666873 5.9300000000000006 -4.1250000000000027
decision_type=2 2 2 2 2 2 2 2 2 2 2 2
left_child=-1 5 3 -3 -5 6 -2 -4 9 -8 11 -9
right_child=1 2 7 4 -6 -7 8 10 -10 -11 -12 -13
leaf_value=1.4651675017499133 -1.0230930069424458 1.3809478625358338 0.043565667483640547 0.53735925946014607 -0.66966233265290154 0.074080153072581575 -0.096556954115431831 -0.28751359637479607 -0.79621640906405089 -0.56878160281955259 -0.12394644831190048 -0.68624668189134641
leaf_weight=18 14.999999999999998 25 20 15.000000000000002 14.999999999999998 22 14.999999999999998 15.999999999999998 20 19 14.999999999999998 21
leaf_count=18 15 25 20 15 15 22 15 16 20 19 15 21
internal_value=-0.0129961 -0.135685 0.0987358 0.592813 -0.0662052 -0.462648 -0.63371 -0.278914 -0.523765 -0.361488 -0.402886 -0.515196
internal_weight=236 218 127 55 30 91 69 72 54 34 52 37
internal_count=236 218 127 55 30 91 69 72 54 34 52 37
is_linear=0
shrinkage=0.05


Tree=27
num_leaves=11
num_cat=0
split_feature=23 39 31 59 44 103 40 112 76 95
split_gain=26716.2 6874.69 7734.19 7950.64 3857.01 2548.76 1950.71 1130.99 354.577 306.227
threshold=51.45000000000001 1.3324999999999998 0.018333333333333094 29.150000000000002 3.5000000000000004 46.800000000000004 4.5000000000000009 2.5000000000000004 -4.8583333333333352 31.200000000000006
decision_type=2 2 2 2 2 2 2 2 2 2
left_child=-1 2 4 -4 5 6 -2 -3 -9 -10
right_child=1 7 3 -5 -6 -7 -8 8 9 -11
leaf_value=1.7132129230110893 0.092357710710505858 -0.1762922953372883 1.5757306842614485 0.1600323383853198 0.36212259718284756 -0.90253134366148002 -0.51596695770861201 -0.39457657711691418 -0.49751930884178119 -0.7901534703499512
leaf_weight=22 29 21 14.999999999999998 29 26 15.999999999999998 24 14.999999999999998 14.999999999999998 26
leaf_count=22 29 21 15 29 26 16 24 15 15 26
internal_value=0.0573814 -0.11196 0.0979793 0.645249 -0.155852 -0.351345 -0.183469 -0.490641 -0.607908 -0.684685
internal_weight=238 216 139 44 95 69 53 77 56 41
internal_count=238 216 139 44 95 69 53 77 56 41
is_linear=0
shrinkage=0.05


Tree=28
num_leaves=11
num_cat=0
split_feature=35 31 32 99 105 44 114 35 26 77
split_gain=16048.9 4409.82 4584.12 5339.76 3089.14 2787.68 2761.21 1760.18 1196.28 922.215
threshold=-6.9416666666666709 0.00083333333333346371 4.5000000000000009 50.150000000000006 22.450000000000003 3.5000000000000004 2.5000000000000004 2.0750000000000015 39.550000000000004 3.5000000000000004
decision_type=2 2 2 2 2 2 2 2 2 2
left_child=-1 5 3 -3 8 6 -2 -8 -4 -9
right_child=1 2 4 -5 -6 -7 7 9 -10 -11
leaf_value=1.3244169954043716 -0.026308763803650138 1.2692385064055589 -0.71402871396529111 0.036024125746641114 0.38982921809143162 0.089230870657770078 -1.0899342110438377 -0.26592523837944426 -0.12655454127129559 -0.6759180934626573
leaf_weight=20 26 14.999999999999998 19 21 15.999999999999998 29 15.999999999999998 25 15.999999999999998 31
leaf_count=20 26 15 19 21 16 29 16 25 16 31
internal_value=-0.0264271 -0.153257 0.120854 0.552094 -0.183938 -0.341021 -0.468352 -0.627652 -0.446737 -0.493775
internal_weight=234 214 87 36 51 127 98 72 35 56
internal_count=234 214 87 36 51 127 98 72 35 56
is_linear=0
shrinkage=0.05


Tree=29
num_leaves=12
num_cat=0
split_feature=35 23 112 45 107 39 61 29 23 118 54
split_gain=16411.5 5863.03 2701.54 3296.28 3395.47 1778.94 2740.33 2111.04 915.528 759.395 541.525
threshold=-8.5999999999999943 51.45000000000001 2.5000000000000004 -0.025000000000000005 52.500000000000007 0.61083333333333256 0.17500000000000002 51.500000000000007 79.15000000000002 1.5000000000000002 37.150000000000006
decision_type=2 2 2 2 2 2 2 2 2 2 2
left_child=-1 -2 3 -3 -5 6 7 -4 -6 -7 -11
right_child=1 2 5 4 8 9 -8 -9 -10 10 -12
leaf_value=1.5627827704347523 0.80890947948425829 -0.58024261179349279 0.093579086325815963 0.8310186400051004 0.22378437219076597 -0.20092581522405448 0.39481839844699723 -0.68146125095150478 -0.32678070682168803 -0.34028549803447383 -0.65016603071622381
leaf_weight=14.999999999999998 14.999999999999998 14.999999999999998 14.999999999999998 17 15.000000000000002 20 18 21 14.999999999999998 21 46
leaf_count=15 15 15 15 17 15 20 18 21 15 21 46
internal_value=-0.0313162 -0.141691 -0.212321 0.0626169 0.268687 -0.33321 -0.107386 -0.359025 -0.0515031 -0.473034 -0.553766
internal_weight=233 218 203 62 47 141 54 36 30 87 67
internal_count=233 218 203 62 47 141 54 36 30 87 67
is_linear=0
shrinkage=0.05


Tree=30
num_leaves=10
num_cat=0
split_feature=44 37 115 74 31 38 12 105 119
split_gain=16968.5 23657.1 6396.81 4015.22 2917.91 3676.96 1191.16 1293.32 958.977
threshold=4.5000000000000009 -1.9083333333333348 -17.108333333333331 -12.449999999999999 0.018333333333333094 3.5000000000000004 40.300000000000004 12.250000000000002 0.094166666666666746
decision_type=2 2 2 2 2 2 2 2 2
left_child=2 -2 -1 -4 6 -6 -5 -8 -7
right_child=1 -3 3 4 5 8 7 -9 -10
leaf_value=0.82095991487534636 2.524094699708042 0.052421482220786964 0.50329755666197185 -0.85686012869295858 0.65363041669722433 -0.0092836751448397582 -0.094745340756384647 -0.49888817648119366 -0.5653336383448625
leaf_weight=14.999999999999998 14.999999999999998 27 15.999999999999998 15.999999999999998 14.999999999999998 15.000000000000002 27 75 15.999999999999998
leaf_count=15 15 27 16 16 15 15 27 75 16
internal_value=0.0287948 0.939179 -0.167643 -0.250465 -0.324295 0.0134005 -0.455881 -0.392156 -0.297333
internal_weight=237 42 195 180 164 46 118 102 31
internal_count=237 42 195 180 164 46 118 102 31
is_linear=0
shrinkage=0.05


Tree=31
num_leaves=9
num_cat=0
split_feature=35 77 35 87 74 31 51 15
split_gain=16362.8 5025.38 8380.6 4025.41 3461.29 2561.4 1706.09 970.268
threshold=-8.5999999999999943 5.5000000000000009 5.133333333333332 6.9050000000000011 -12.449999999999999 -0.034999999999999691 68.950000000000017 61.95000000000001
decision_type=2 2 2 2 2 2 2 2
left_child=-1 3 -3 4 -2 7 -7 -6
right_child=1 2 -4 -5 5 6 -8 -9
leaf_value=1.4645912486545287 0.41987302092291556 1.1333766678079442 -0.29368743433206568 0.54880290210524707 -1.0167244582776203 -0.31175523332943228 0.2292420980264569 -0.49969461367338036
leaf_weight=18 15.999999999999998 20 21 15.999999999999998 14.999999999999998 99 17 24
leaf_count=18 16 20 21 16 15 99 17 24
internal_value=0.0175488 -0.0972614 0.403384 -0.207212 -0.278259 -0.350581 -0.232299 -0.700772
internal_weight=246 228 41 187 171 155 116 39
internal_count=246 228 41 187 171 155 116 39
is_linear=0
shrinkage=0.05


Tree=32
num_leaves=11
num_cat=0
split_feature=35 23 39 25 70 9 31 112 13 76
split_gain=20037.7 4619.61 2443.55 2575.8 4077.31 4229.85 2194.24 562.579 362.658 158.017
threshold=-8.5999999999999943 51.45000000000001 1.2675000000000007 53.95000000000001 -0.0074999999999993952 6.7550000000000008 -0.0075000000000002833 2.5000000000000004 6.6350000000000007 1.7416666666666674
decision_type=2 2 2 2 2 2 2 2 2 2
left_child=-1 -2 3 4 5 -3 -5 -4 -9 -10
right_child=1 2 7 6 -6 -7 -8 8 9 -11
leaf_value=1.6970870973160548 0.65952485423339047 -0.71830810675688817 -0.20098422076149935 -0.87696560534420398 0.58289059778125252 0.15261212683072056 -0.068788017652421721 -0.33920721631029466 -0.47091012451032938 -0.69852641215499156
leaf_weight=15.999999999999998 17 21 23 14.999999999999998 28 41 19 23 14.999999999999998 19
leaf_count=16 17 21 23 15 28 41 19 23 15 19
internal_value=-0.00590802 -0.129936 -0.19604 -0.0568956 0.0831885 -0.142978 -0.42701 -0.411311 -0.495592 -0.59993
internal_weight=237 221 204 124 90 62 34 80 57 34
internal_count=237 221 204 124 90 62 34 80 57 34
is_linear=0
shrinkage=0.05


Tree=33
num_leaves=11
num_cat=0
split_feature=35 44 41 0 64 24 11 98 94 123
split_gain=15169.3 5322.96 6709.12 4105.82 3563.67 3047.43 1257.07 1166.22 1366.55 482.271
threshold=-8.5999999999999943 1.5000000000000002 -0.63583333333333314 1132.5000000000002 47.050000000000004 47.70000000000001 28.050000000000004 31.450000000000003 5.0150000000000006 -1.0000000180025095e-35
decision_type=2 2 2 2 2 2 2 2 2 2
left_child=-1 7 -3 5 6 -4 -5 9 -9 -2
right_child=1 2 3 4 -6 -7 -8 8 -10 -11
leaf_value=1.4720540003818376 -0.80344021512854913 0.91537493607577147 0.76614102470389311 -0.76757445485179954 0.40597489742758852 -0.10945393942008359 -0.27291097957594435 0.12037994591570689 -0.44091075124335904 -0.43758609033278212
leaf_weight=17 15.999999999999998 22 22 19 15.999999999999998 18 40 18 27 22
leaf_count=17 16 22 22 19 16 18 40 18 27 22
internal_value=0.0375304 -0.0739149 0.117485 -0.0357742 -0.253904 0.372708 -0.433323 -0.389661 -0.216515 -0.593466
internal_weight=237 220 137 115 75 40 59 83 45 38
internal_count=237 220 137 115 75 40 59 83 45 38
is_linear=0
shrinkage=0.05


Tree=34
num_leaves=11
num_cat=0
split_feature=44 89 111 37 105 28 38 115 93 3
split_gain=15952.1 19250.1 5716.62 8426.39 2897.87 1911.33 1970.34 1119.48 973.206 445.905
threshold=4.5000000000000009 34.100000000000009 -0.52749999999999975 14.950000000000003 5.5500000000000007 6.4500000000000002 3.5000000000000004 7.1750000000000016 48.350000000000009 3.5000000000000004
decision_type=2 2 2 2 2 2 2 2 2 2
left_child=2 -2 3 -1 -4 7 -7 9 -8 -6
right_child=1 -3 4 -5 5 6 8 -9 -10 -11
leaf_value=1.0159834962515604 -0.16280235270555107 2.0839662646123873 0.38091137983546353 -0.38433927985566174 -0.27051670791368559 0.15397632377814519 -0.11283722944372064 -0.9437477230285265 -0.48298723536056071 -0.63784646137265977
leaf_weight=23 19 19 14.999999999999998 20 19 26 28 15.999999999999998 49 14.999999999999998
leaf_count=23 19 19 15 20 19 26 28 16 49 15
internal_value=0.0213195 0.962972 -0.148619 0.365174 -0.280295 -0.345358 -0.221791 -0.598856 -0.348773 -0.434116
internal_weight=249 38 211 43 168 153 103 50 77 34
internal_count=249 38 211 43 168 153 103 50 77 34
is_linear=0
shrinkage=0.05


Tree=35
num_leaves=9
num_cat=0
split_feature=44 33 111 35 74 66 12 101
split_gain=11338.6 17382.3 5433.27 8069.72 2483.56 2345.3 1919.27 1628.23
threshold=4.5000000000000009 -0.40083333333333332 -0.52749999999999975 8.0916666666666686 -11.908333333333331 32.050000000000004 40.300000000000004 64.100000000000009
decision_type=2 2 2 2 2 2 2 2
left_child=2 -2 3 -1 -4 6 -6 -8
right_child=1 -3 4 -5 5 -7 7 -9
leaf_value=1.2877271231436573 2.1132218858264138 0.0082901351816713608 0.2962350715322104 -0.18682727763637963 -0.94108811787196567 0.099512397548354475 -0.068468695621981199 -0.48955939896771511
leaf_weight=14.999999999999998 14.999999999999998 28 17 24 15.999999999999998 25 34 71
leaf_count=15 15 28 17 24 16 25 34 71
internal_value=0.00960486 0.745884 -0.147395 0.382024 -0.274253 -0.340871 -0.431907 -0.353449
internal_weight=245 43 202 39 163 146 121 105
internal_count=245 43 202 39 163 146 121 105
is_linear=0
shrinkage=0.05


Tree=36
num_leaves=9
num_cat=0
split_feature=23 31 32 97 35 9 38 121
split_gain=6481.27 4431.64 6406.44 2870.8 2063.6 1333.78 1394.8 362.542
threshold=51.45000000000001 0.023333333333332987 4.5000000000000009 5.785000000000001 -3.7583333333333306 6.745000000000001 5.5000000000000009 0.16750000000000045
decision_type=2 2 2 2 2 2 2 2
left_child=-1 3 -3 4 -2 7 -7 -6
right_child=1 2 -4 -5 5 6 -8 -9
leaf_value=0.77024752338547509 -0.8526003080850455 1.0387034788974741 -0.21787055857898868 0.21649962169419831 -0.58198099074965692 0.045743445599295385 -0.38372843097163833 -0.27716723570957885
leaf_weight=22 17 18 23 28 30 44 33 14.999999999999998
leaf_count=22 17 18 23 28 30 44 33 15
internal_value=-0.0438618 -0.130322 0.334859 -0.244691 -0.337717 -0.265291 -0.13851 -0.481327
internal_weight=230 208 41 167 139 122 77 45
internal_count=230 208 41 167 139 122 77 45
is_linear=0
shrinkage=0.05


Tree=37
num_leaves=11
num_cat=0
split_feature=33 64 11 111 35 78 35 32 27 45
split_gain=11972.3 5175.58 9370.79 2520.28 2205.61 2203.54 1970.95 1002.39 1336.84 363.349
threshold=-0.65749999999999964 37.150000000000006 34.45000000000001 0.086666666666666461 6.2833333333333323 -1.4616666666666664 -0.30833333333333351 5.5000000000000009 18.150000000000002 -0.027499999999999993
decision_type=2 2 2 2 2 2 2 2 2 2
left_child=-1 5 -3 4 -4 -2 -7 8 -8 -9
right_child=1 2 3 -5 -6 6 7 9 -10 -11
leaf_value=1.227560022566955 0.18898391299579867 1.0284692859269708 0.53915084959324744 -0.48631424078881968 -0.1679515959473748 -0.89235845770895106 -0.40736459001379821 -0.61150588568170283 0.15611859048923216 -0.32484092142618476
leaf_weight=19 20 25 19 26 26 15.999999999999998 20 19.999999999999996 22 26.000000000000004
leaf_count=19 20 25 19 26 26 16 20 20 22 26
internal_value=0.0267528 -0.0774411 0.198034 -0.0953384 0.131025 -0.29074 -0.383135 -0.289585 -0.112418 -0.450642
internal_weight=239 220 96 71 45 124 104 88 42 46
internal_count=239 220 96 71 45 124 104 88 42 46
is_linear=0
shrinkage=0.05


Tree=38
num_leaves=11
num_cat=0
split_feature=35 87 31 50 72 35 0 87 4 31
split_gain=9577.29 3177.63 2698.33 2629.09 2361.49 2772.55 2062.6 1653.26 892.566 470.208
threshold=-8.5999999999999943 6.9050000000000011 0.00083333333333346371 49.550000000000004 -0.6475000000000003 1.0000000180025095e-35 2147.5000000000005 6.7750000000000012 9.5000000000000018 0.029999999999999808
decision_type=2 2 2 2 2 2 2 2 2 2
left_child=-1 2 4 6 -2 -6 7 -4 -7 -8
right_child=1 -3 3 -5 5 8 9 -9 -10 -11
leaf_value=1.0762747770514935 0.18965354436668902 0.46361974042738785 -0.18677221796789223 0.63336751839972494 -1.0562197961554622 -0.40417295029998368 -0.5842300440398801 0.48019163262157538 -0.0067044202464720155 -0.19259665450512969
leaf_weight=18 18 21 18 14.999999999999998 14.999999999999998 66 16.000000000000004 19 18 14.999999999999998
leaf_count=18 18 21 18 15 15 66 16 19 18 15
internal_value=-0.0294847 -0.120015 -0.181523 0.0364695 -0.336109 -0.431848 -0.0958624 0.155959 -0.31917 -0.396119
internal_weight=239 221 200 83 117 99 68 37 84 31
internal_count=239 221 200 83 117 99 68 37 84 31
is_linear=0
shrinkage=0.05


Tree=39
num_leaves=8
num_cat=0
split_feature=44 37 115 12 13 53 31
split_gain=10804.5 19722.8 4922.25 3475.09 3251.25 2061.52 1278.87
threshold=4.5000000000000009 -1.9083333333333348 -17.108333333333331 38.550000000000004 3.5950000000000002 20.100000000000005 0.013333333333332311
decision_type=2 2 2 2 2 2 2
left_child=2 -2 -1 -4 -5 -6 -7
right_child=1 -3 3 4 5 6 -8
leaf_value=0.73511780855671471 2.1943494291495016 -0.077148356474222357 -0.93079854758172642 0.56140501893908779 0.18055806339741604 -0.40422779979703016 -0.066707136814710355
leaf_weight=14.999999999999998 14.999999999999998 26 14.999999999999998 14.999999999999998 28 85 42
leaf_count=15 15 26 15 15 28 85 42
internal_value=0.0186813 0.757083 -0.132969 -0.20374 -0.139049 -0.207186 -0.292786
internal_weight=241 41 200 185 170 155 127
internal_count=241 41 200 185 170 155 127
is_linear=0
shrinkage=0.05


Tree=40
num_leaves=12
num_cat=0
split_feature=23 39 44 0 117 35 1 37 35 4 53
split_gain=10573.8 3649.99 3858.48 2317.3 2125.93 1831.5 1769.82 1585.47 908.693 562.673 232.36
threshold=45.45000000000001 0.61083333333333256 4.5000000000000009 667.50000000000011 -0.59416666666666662 -3.5249999999999981 2.5000000000000004 15.08333333333333 4.3250000000000037 4.5000000000000009 20.700000000000006
decision_type=2 2 2 2 2 2 2 2 2 2 2
left_child=-1 2 3 -2 7 -5 -7 -3 -6 -10 -11
right_child=1 4 -4 5 8 6 -8 -9 9 10 -12
leaf_value=1.2783893880465174 0.54413655506854031 0.3196661949899402 0.80374656937069655 -0.62521309023661331 -0.70188697007165013 0.39395583225877245 -0.24456513091866819 -0.29395435637799067 -0.093940766059344094 -0.24952129244261628 -0.49421708175906309
leaf_weight=14.999999999999998 14.999999999999998 22 18 14.999999999999998 20 18 27 20 20 14.999999999999998 30
leaf_count=15 15 22 18 15 20 18 27 20 20 15 30
internal_value=-0.00152522 -0.089356 0.148512 -0.00953888 -0.263562 -0.148716 0.0110396 0.027343 -0.407225 -0.315544 -0.413497
internal_weight=235 220 93 75 127 60 45 42 85 65 45
internal_count=235 220 93 75 127 60 45 42 85 65 45
is_linear=0
shrinkage=0.05


Tree=41
num_leaves=9
num_cat=0
split_feature=33 31 35 31 87 35 21 35
split_gain=12313.1 4929.27 5431.33 1913.12 1886.79 2300.49 1152.8 1856.69
threshold=-0.65749999999999964 0.016666666666667055 2.0750000000000015 0.03083333333333416 6.8950000000000005 -3.2416666666666649 43.850000000000001 5.133333333333332
decision_type=2 2 2 2 2 2 2 2
left_child=-1 4 -3 -4 5 -2 -7 -8
right_child=1 2 3 -5 -6 6 7 -9
leaf_value=1.2481771428282089 -0.84105372122638122 0.99931886848165163 0.37806883966713623 -0.30231642573500961 0.25723970249202682 -0.51250145588441398 0.20706340640897497 -0.28797226654292879
leaf_weight=18 18 18 17 26 15.999999999999998 29 26 69
leaf_count=18 18 18 17 26 16 29 26 69
internal_value=-0.00516929 -0.10873 0.272704 -0.0329578 -0.256103 -0.31412 -0.236973 -0.152361
internal_weight=237 219 61 43 158 142 124 95
internal_count=237 219 61 43 158 142 124 95
is_linear=0
shrinkage=0.05


Tree=42
num_leaves=8
num_cat=0
split_feature=23 54 35 74 92 104 93
split_gain=11105.2 3205.1 4569.38 2011.39 1679.59 1151.38 1267.08
threshold=51.45000000000001 72.000000000000014 5.3750000000000027 -12.449999999999999 51.350000000000009 8.0000000000000018 66.800000000000026
decision_type=2 2 2 2 2 2 2
left_child=-1 3 -3 -2 5 -5 -7
right_child=1 2 -4 4 -6 6 -8
leaf_value=0.99834941396140953 0.33929104888291095 0.97745470661201195 -0.25311513144448899 0.21882648862750329 -0.74928116411562795 -0.30623213304018998 0.1245354470921986
leaf_weight=25 15.999999999999998 15.000000000000002 14.999999999999998 14.999999999999998 14.999999999999998 114 20
leaf_count=25 16 15 15 15 15 114 20
internal_value=0.00432112 -0.114411 0.363207 -0.194199 -0.246452 -0.19533 -0.241856
internal_weight=235 210 30 180 164 149 134
internal_count=235 210 30 180 164 149 134
is_linear=0
shrinkage=0.05


Tree=43
num_leaves=12
num_cat=0
split_feature=34 41 45 74 66 108 19 90 94 111 66
split_gain=9608.84 14636.6 5986.95 1663.84 1497.75 1399.24 906.072 690.602 494.364 757.037 179.183
threshold=3.5000000000000004 -0.27083333333333387 0.0074999999999999937 6.8166666666666673 8.0000000000000018 5.5000000000000009 5.7100000000000009 41.650000000000013 5.2350000000000012 -0.37416666666666648 27.300000000000001
decision_type=2 2 2 2 2 2 2 2 2 2 2
left_child=1 -1 3 -3 7 6 8 -2 9 -6 -10
right_child=4 2 -4 -5 5 -7 -8 -9 10 -11 -12
leaf_value=1.8372042261295434 -0.74063201582194949 -0.68863137478860015 0.83053225713540169 0.032139163512235495 0.17872472125173405 0.32497795516659755 0.13750796804380655 -0.26589463727999918 -0.27766636093511093 -0.2396471577170953 -0.48532140381288846
leaf_weight=15.999999999999998 15.000000000000002 14.999999999999998 18 17 14.999999999999998 15.999999999999998 20 15.999999999999998 37 38 14.999999999999998
leaf_count=16 15 15 18 17 15 16 20 16 37 38 15
internal_value=0.0135569 0.525989 0.103471 -0.306659 -0.183236 -0.113824 -0.170245 -0.49741 -0.228988 -0.121032 -0.338479
internal_weight=238 66 50 32 172 141 125 31 105 53 52
internal_count=238 66 50 32 172 141 125 31 105 53 52
is_linear=0
shrinkage=0.05


Tree=44
num_leaves=8
num_cat=0
split_feature=23 43 82 45 87 56 75
split_gain=8259.15 4636.51 1890.68 1703.24 1934.1 1807.79 285.535
threshold=51.45000000000001 0.70083333333333331 0.62083333333333368 -0.02583333333333333 6.8950000000000005 30.250000000000004 3.5000000000000004
decision_type=2 2 2 2 2 2 2
left_child=-1 2 3 6 5 -5 -2
right_child=1 -3 -4 4 -6 -7 -8
leaf_value=0.95791289653823264 -0.2157070743475909 0.6897365774238966 -0.68375068674024375 -0.32634487987165745 0.51829384857455629 0.06311185980989667 -0.47112193334146624
leaf_weight=21 19 18 14.999999999999998 47 14.999999999999998 81 27
leaf_count=21 19 18 15 47 15 81 27
internal_value=0.0125583 -0.0772357 -0.145239 -0.102135 -0.0168849 -0.0799959 -0.36643
internal_weight=243 222 204 189 143 128 46
internal_count=243 222 204 189 143 128 46
is_linear=0
shrinkage=0.05


Tree=45
num_leaves=11
num_cat=0
split_feature=31 25 94 28 29 35 66 35 101 99
split_gain=7414.94 3674.96 6706.99 4097.26 2127.13 3136.83 1822.3 786.46 660.316 452.253
threshold=0.044999999999999936 36.70000000000001 5.4350000000000014 6.4500000000000002 51.500000000000007 2.4333333333333358 22.450000000000003 11.350000000000003 69.000000000000014 51.550000000000004
decision_type=2 2 2 2 2 2 2 2 2 2
left_child=1 2 3 -1 6 -6 -3 8 -7 -9
right_child=-2 4 -4 -5 5 7 -8 9 -10 -11
leaf_value=-0.54052905154867648 0.78844518101991812 -0.22892281463319775 0.9946484546074692 0.36362302580315053 -0.89743420635413251 -0.25621274169637354 0.41376498769091064 -0.47477544489814782 0.17704598638746472 -0.14406893840117482
leaf_weight=26 26 26 19 24 22 18 19 30 17 15.999999999999998
leaf_count=26 26 26 19 24 22 18 19 30 17 16
internal_value=-0.0077901 -0.103534 0.197587 -0.106577 -0.243994 -0.36919 0.0426392 -0.224725 -0.0457255 -0.360418
internal_weight=243 217 69 50 148 103 45 81 35 46
internal_count=243 217 69 50 148 103 45 81 35 46
is_linear=0
shrinkage=0.05


Tree=46
num_leaves=11
num_cat=0
split_feature=23 25 59 100 84 39 103 33 4 68
split_gain=8333.56 2876.07 3587.12 1674.83 1359.06 1272.01 981.606 1414.26 675.676 555.579
threshold=51.45000000000001 38.45000000000001 29.150000000000002 0.17500000000000002 0.014166666666666662 1.1425000000000003 26.500000000000004 0.22416666666666621 6.5000000000000009 52.500000000000007
decision_type=2 2 2 2 2 2 2 2 2 2
left_child=-1 2 -2 -4 6 -6 9 -8 -9 -3
right_child=1 4 3 -5 5 -7 7 8 -10 -11
leaf_value=0.90215836360857082 0.62909784792026802 0.13723256570219206 0.15979606694188611 -0.44744390284837182 0.37106799769753257 -0.22533850244325193 -0.80016770685575267 -0.46630294529780791 -0.12140018612248792 -0.27350683788568275
leaf_weight=23 26 14.999999999999998 26 20 15.999999999999998 20 18 28 29 18
leaf_count=23 26 15 26 20 16 20 18 28 29 18
internal_value=-0.000484726 -0.0969956 0.160839 -0.104511 -0.22597 0.0398862 -0.31459 -0.414499 -0.291434 -0.0868055
internal_weight=239 216 72 46 144 36 108 75 57 33
internal_count=239 216 72 46 144 36 108 75 57 33
is_linear=0
shrinkage=0.05


Tree=47
num_leaves=8
num_cat=0
split_feature=23 43 74 59 31 35 35
split_gain=5279.81 2802.34 1557.86 1620.54 1450.28 3060.96 1191.15
threshold=51.45000000000001 0.80916666666666626 -12.449999999999999 39.550000000000004 0.023333333333332987 3.5666666666666633 -3.7583333333333306
decision_type=2 2 2 2 2 2 2
left_child=-1 2 -2 4 6 -6 -4
right_child=1 -3 3 -5 5 -7 -8
leaf_value=0.67433696752525418 0.32967514878381854 0.56455287364934459 -0.61392391660939094 -0.58500259203069349 0.66598716496680832 -0.2321383144690361 -0.15185827589914216
leaf_weight=25 15.999999999999998 14.999999999999998 15.999999999999998 22 15.999999999999998 23 106
leaf_count=25 16 15 16 22 16 23 106
internal_value=-0.0117169 -0.0921643 -0.141949 -0.183369 -0.128127 0.136956 -0.212951
internal_weight=239 214 199 183 161 39 122
internal_count=239 214 199 183 161 39 122
is_linear=0
shrinkage=0.05


Tree=48
num_leaves=10
num_cat=0
split_feature=23 31 59 72 35 58 9 39 15
split_gain=8003.58 2777.36 3677.54 2212.23 2257.63 1178.25 945.785 1193.91 415.804
threshold=51.45000000000001 0.023333333333332987 30.550000000000004 -0.76333333333333397 -2.7000000000000006 5.455000000000001 6.745000000000001 0.61083333333333256 62.70000000000001
decision_type=2 2 2 2 2 2 2 2 2
left_child=-1 3 -3 -2 -5 -4 8 -8 -6
right_child=1 2 5 4 6 -7 7 -9 -10
leaf_value=0.93250025708528472 0.29806150830046263 0.81148396117911137 -0.40274906876860861 -0.75683520623526634 -0.47838534358682666 0.22185978752789121 0.22637967158155325 -0.19327390775371558 -0.187542513128999
leaf_weight=21 21 18 15.000000000000002 19 27 14.999999999999998 24 57 23
leaf_count=21 21 18 15 19 27 15 24 57 23
internal_value=0.0024326 -0.087114 0.248574 -0.181462 -0.248782 -0.090579 -0.174536 -0.0687446 -0.345339
internal_weight=240 219 48 171 150 30 131 81 50
internal_count=240 219 48 171 150 30 131 81 50
is_linear=0
shrinkage=0.05


Tree=49
num_leaves=9
num_cat=0
split_feature=123 50 23 82 72 12 24 100
split_gain=3631.87 2919.92 3096.01 2331.88 1554.75 1400.07 1333.61 1199.04
threshold=0.025000000000000012 45.20000000000001 72.90000000000002 0.62083333333333368 -0.78666666666666651 40.300000000000004 33.850000000000001 0.15500000000000003
decision_type=2 2 2 2 2 2 2 2
left_child=1 3 -3 4 -1 -6 -7 -4
right_child=-2 2 7 -5 5 6 -8 -9
leaf_value=0.22268744560031151 0.59660290120846005 0.70249824787846837 0.22543475798198154 -0.80670276430268961 -0.6594529482148449 0.27670914968907445 -0.23235303486529504 -0.37578825946047645
leaf_weight=23 20 20 15.999999999999998 14.999999999999998 15.999999999999998 14.999999999999998 87 17
leaf_count=23 20 20 16 15 16 15 87 17
internal_value=-0.0453449 -0.107055 0.213253 -0.215977 -0.152571 -0.225883 -0.157244 -0.0843347
internal_weight=229 209 53 156 141 118 102 33
internal_count=229 209 53 156 141 118 102 33
is_linear=0
shrinkage=0.05


Tree=50
num_leaves=8
num_cat=0
split_feature=23 43 117 93 0 35 34
split_gain=6273.96 2354.29 2044.02 2485.12 1557.92 1894.25 1522.47
threshold=51.45000000000001 0.80916666666666626 -0.69166666666666654 35.150000000000006 571.00000000000011 -3.7583333333333306 3.5000000000000004
decision_type=2 2 2 2 2 2 2
left_child=-1 2 3 -2 -4 -6 -7
right_child=1 -3 4 -5 5 6 -8
leaf_value=0.75514457952453795 -0.11422794974341835 0.52212930444060579 0.19887857508303516 0.64532782068116623 -0.70851207576091824 0.2429966045401947 -0.268769542425564
leaf_weight=25 29 14.999999999999998 20 17 21 17 97
leaf_count=25 29 15 20 17 21 17 97
internal_value=0.00688481 -0.0800056 -0.125203 0.16716 -0.212053 -0.273071 -0.192264
internal_weight=241 216 201 46 155 135 114
internal_count=241 216 201 46 155 135 114
is_linear=0
shrinkage=0.05


Tree=51
num_leaves=7
num_cat=0
split_feature=31 109 43 89 12 55
split_gain=6803.15 2225.88 1986.04 1480.76 2517.68 1148.16
threshold=0.044999999999999936 0.052500000000000664 0.64750000000000052 47.100000000000009 40.300000000000004 5.5650000000000004
decision_type=2 2 2 2 2 2
left_child=1 2 3 4 -1 -6
right_child=-2 -3 -4 -5 5 -7
leaf_value=-0.82716715144847619 0.78206305278782029 0.37052328047169825 0.31048147927469283 0.14821237058560385 -0.093582831704657629 -0.41452397731339014
leaf_weight=18 24 22 20 24 87 41
leaf_count=18 24 22 20 24 87 41
internal_value=-0.0139807 -0.104449 -0.159638 -0.215125 -0.274947 -0.196667
internal_weight=236 212 190 170 146 128
internal_count=236 212 190 170 146 128
is_linear=0
shrinkage=0.05


Tree=52
num_leaves=9
num_cat=0
split_feature=44 33 12 8 98 58 39 34
split_gain=5985.35 9241.57 3386.39 5041.08 1135.52 1091.63 1771.28 623.699
threshold=4.5000000000000009 -0.40083333333333332 38.550000000000004 1.0000000180025095e-35 42.350000000000009 5.5750000000000011 0.65999999999999936 4.5000000000000009
decision_type=2 2 2 2 2 2 2 2
left_child=2 -2 -1 -4 5 7 -7 -5
right_child=1 -3 3 4 -6 6 -8 -9
leaf_value=-0.79335691218050375 1.5487444694665884 0.013844283704655874 0.5925585287083559 -0.48592188638519956 0.2660069273007627 0.46097376220273656 -0.27243018996649687 -0.20062718454448039
leaf_weight=15.999999999999998 14.999999999999998 28 27 25 14.999999999999998 14.999999999999998 18 83
leaf_count=16 15 28 27 25 15 15 18 83
internal_value=0.0175052 0.551742 -0.0981268 -0.0369143 -0.146203 -0.190248 0.0611697 -0.267102
internal_weight=242 43 199 183 156 141 33 108
internal_count=242 43 199 183 156 141 33 108
is_linear=0
shrinkage=0.05


Tree=53
num_leaves=9
num_cat=0
split_feature=35 117 117 69 35 100 9 121
split_gain=4446.64 2747.04 3747.83 1292.01 1295.14 1073.08 853.977 805.02
threshold=-8.5999999999999943 -0.72750000000000037 -1.1399999999999999 4.5000000000000009 -3.2416666666666649 0.14500000000000005 6.785000000000001 -0.40583333333333366
decision_type=2 2 2 2 2 2 2 2
left_child=-1 2 6 4 -3 -6 -2 -7
right_child=1 3 -4 -5 5 7 -8 -9
leaf_value=0.73896122149999621 -0.34023515562348017 -0.63827169785025528 0.85269985568453688 0.14122772358914712 0.18248678379954555 -0.57260239882184971 0.19150597871534084 -0.17856447534134867
leaf_weight=18 15.000000000000002 17 17 28 18 14.999999999999998 14.999999999999998 94
leaf_count=18 15 17 17 28 18 15 15 94
internal_value=-0.0142201 -0.0764573 0.261897 -0.169042 -0.229463 -0.174242 -0.0744455 -0.233311
internal_weight=237 219 47 172 144 127 30 109
internal_count=237 219 47 172 144 127 30 109
is_linear=0
shrinkage=0.05


Tree=54
num_leaves=11
num_cat=0
split_feature=41 23 25 64 14 13 37 49 51 80
split_gain=4219.63 8938.9 2809.81 3470.03 2308.1 1362.59 1141.89 751.143 355.61 268.824
threshold=0.42416666666666641 51.45000000000001 37.150000000000006 31.250000000000004 27.900000000000002 5.3400000000000007 5.9416666666666638 5.2300000000000013 61.250000000000007 0.12583333333333305
decision_type=2 2 2 2 2 2 2 2 2 2
left_child=1 -1 3 -3 -2 -4 -7 -6 -9 -8
right_child=4 2 5 -5 7 6 9 8 -10 -11
leaf_value=1.2530709192989775 -0.81780289951608975 -0.11330119023522532 0.23701612478151374 0.70293151149010746 0.1369552263755672 -0.62491878144788426 -0.041132666094065434 -0.46841308354147232 -0.14534360624812728 -0.24472549338578437
leaf_weight=15.999999999999998 18 25 19 27 14.999999999999998 14.999999999999998 33 14.999999999999998 20 32
leaf_count=16 18 25 19 27 15 15 33 15 20 32
internal_value=-0.00206326 0.133115 0.0136607 0.310952 -0.333827 -0.142598 -0.233002 -0.158212 -0.284884 -0.141662
internal_weight=235 167 151 52 68 99 80 50 35 65
internal_count=235 167 151 52 68 99 80 50 35 65
is_linear=0
shrinkage=0.05


Tree=55
num_leaves=11
num_cat=0
split_feature=23 25 54 84 39 54 54 35 67 117
split_gain=5303.58 1972.28 3520.85 1787.67 1684.04 1450.26 1513.99 1416.65 379.84 526.269
threshold=51.45000000000001 38.45000000000001 67.750000000000014 0.014166666666666662 1.1425000000000003 52.800000000000004 39.70000000000001 2.4333333333333358 15.350000000000003 -0.59416666666666662
decision_type=2 2 2 2 2 2 2 2 2 2
left_child=-1 2 5 7 -5 6 -2 -3 9 -9
right_child=1 3 -4 4 -6 -7 -8 8 -10 -11
leaf_value=0.71225658014602189 -0.15008640206275292 -0.63987808467575868 0.79371651570249047 0.50485666242445482 -0.18937865266703188 -0.3991589972798113 0.50065262724894166 -0.035166780424367695 -0.010152660288354931 -0.35388266463059287
leaf_weight=24 20 22 15.999999999999998 15.999999999999998 19 19 15.999999999999998 19 22 41
leaf_count=24 20 22 16 16 19 19 16 19 22 41
internal_value=0.00971026 -0.0708577 0.143371 -0.180344 0.128378 -0.046827 0.139578 -0.284313 -0.188193 -0.253266
internal_weight=234 210 71 139 35 55 36 104 82 60
internal_count=234 210 71 139 35 55 36 104 82 60
is_linear=0
shrinkage=0.05


Tree=56
num_leaves=12
num_cat=0
split_feature=31 66 64 0 96 17 35 35 25 27 35
split_gain=4880.94 1651.9 2164.22 1788.47 2040.67 1648.07 1730.77 1508.42 873.9 363.305 133.234
threshold=0.044999999999999936 22.450000000000003 53.350000000000001 1382.0000000000002 46.750000000000007 36.750000000000007 2.4333333333333358 13.550000000000002 37.150000000000006 26.800000000000001 10.908333333333335
decision_type=2 2 2 2 2 2 2 2 2 2 2
left_child=1 5 3 -3 -5 7 -7 8 -1 -9 -8
right_child=-2 2 -4 4 -6 6 10 9 -10 -11 -12
leaf_value=0.35047724996756646 0.62834513089209221 0.55309728250463963 -0.45252665273401127 0.46708762693089367 -0.26851121688269053 -0.8175225321100561 -0.11063466542863357 -0.4759365641582779 -0.076820624673960308 -0.15646890623407214 -0.30994034203869558
leaf_weight=22 26 24 14.999999999999998 14.999999999999998 25 18 17 17 26 19 17
leaf_count=22 26 24 15 15 25 18 17 17 26 19 17
internal_value=-0.0173407 -0.0957027 0.0860289 0.21284 0.00769056 -0.20129 -0.422245 -0.0641087 0.119242 -0.308368 -0.211051
internal_weight=241 215 79 64 40 136 52 84 48 36 34
internal_count=241 215 79 64 40 136 52 84 48 36 34
is_linear=0
shrinkage=0.05


Tree=57
num_leaves=8
num_cat=0
split_feature=123 74 87 41 122 15 58
split_gain=3484.71 3448.28 2125.85 1378.62 2004.26 1957.3 1457.58
threshold=0.025000000000000012 17.266666666666669 6.9050000000000011 0.5041666666666661 1.5000000000000002 50.300000000000004 5.5750000000000011
decision_type=2 2 2 2 2 2 2
left_child=1 2 3 4 -1 -5 -6
right_child=-2 -3 -4 5 6 -7 -8
leaf_value=0.32188371233784835 0.74219221018562376 0.6604979638727555 0.41672054746532966 -0.81289401361119662 -0.2726994005316612 -0.13311783015144679 0.13919342694823275
leaf_weight=26 14.999999999999998 15.999999999999998 18 17 82 28 29
leaf_count=26 15 16 18 17 82 28 29
internal_value=0.00783529 -0.0434584 -0.100102 -0.151444 -0.0724065 -0.391266 -0.165014
internal_weight=231 216 200 182 137 45 111
internal_count=231 216 200 182 137 45 111
is_linear=0
shrinkage=0.05


Tree=58
num_leaves=13
num_cat=0
split_feature=34 60 22 94 88 110 99 120 26 107 95 81
split_gain=4814.03 8759 7611.57 1847.11 1061.68 1487.94 1633.55 644.831 582.596 478.087 405.659 304.567
threshold=3.5000000000000004 49.150000000000013 0.16500000000000004 5.0550000000000006 4.1250000000000009 2.5000000000000004 48.95000000000001 1.5000000000000002 35.150000000000006 53.500000000000007 30.650000000000002 2.5000000000000004
decision_type=2 2 2 2 2 2 2 2 2 2 2 2
left_child=1 2 -1 -3 10 6 -6 -7 11 -10 -2 -9
right_child=4 3 -4 -5 5 7 -8 8 9 -11 -12 -13
leaf_value=0.22423807327321033 -0.16928448234962312 -0.50861606165679574 1.8165887804220846 0.20682666726137333 -0.10724109677794556 0.11260254805657399 0.60534255630481315 -0.18485245854074128 -0.22162998501872605 0.12152414682902685 -0.52316615584805526 -0.46416445358306579
leaf_weight=15.000000000000002 14.999999999999998 17 14.999999999999998 19 15.999999999999998 20 15.999999999999998 18 23 18 18 22
leaf_count=15 15 17 15 19 16 20 16 18 23 18 18 22
internal_value=0.0335754 0.394471 1.02397 -0.131356 -0.110034 -0.0468909 0.249671 -0.141055 -0.203809 -0.0709262 -0.363459 -0.339373
internal_weight=232 66 30 36 166 133 32 101 81 41 33 40
internal_count=232 66 30 36 166 133 32 101 81 41 33 40
is_linear=0
shrinkage=0.05


Tree=59
num_leaves=12
num_cat=0
split_feature=44 101 12 8 66 67 11 32 31 79 86
split_gain=4510.1 7364.32 2977.5 1383.13 1900.43 1409.98 585.296 779.783 434.642 347.486 295.392
threshold=4.5000000000000009 79.350000000000009 38.550000000000004 1.5000000000000002 23.650000000000002 5.7000000000000002 45.250000000000007 5.5000000000000009 -0.011666666666666268 2.5000000000000004 1.5000000000000002
decision_type=2 2 2 2 2 2 2 2 2 2 2
left_child=2 -2 -1 4 5 -4 10 -8 -7 -9 -5
right_child=1 -3 3 6 -6 8 7 9 -10 -11 -12
leaf_value=-0.76127565297466959 -0.080407850975277778 1.2798928749672374 0.20783024263846409 -0.53367365835518232 0.43499357951555218 -0.50109013058245178 0.20522649258572537 -0.04157836041744286 -0.11949729611542051 -0.30212737898091896 -0.22215291041394938
leaf_weight=17 26 15.999999999999998 23 15.000000000000002 26 15.000000000000002 14.999999999999998 21 14.999999999999998 33 15.999999999999998
leaf_count=17 26 16 23 15 26 15 15 21 15 33 16
internal_value=-0.0300537 0.439492 -0.130869 -0.0705784 0.0856933 -0.0860639 -0.194045 -0.112573 -0.311491 -0.201159 -0.374281
internal_weight=238 42 196 179 79 53 100 69 30 54 31
internal_count=238 42 196 179 79 53 100 69 30 54 31
is_linear=0
shrinkage=0.05


Tree=60
num_leaves=10
num_cat=0
split_feature=23 0 24 63 45 37 68 109 35
split_gain=4284.01 1619.03 2352.24 3500.16 2193.7 1103.32 940.657 493.375 196.567
threshold=54.70000000000001 2979.0000000000005 39.550000000000004 47.050000000000004 0.0074999999999999937 3.7333333333333347 51.500000000000007 -0.022500000000000405 10.575000000000005
decision_type=2 2 2 2 2 2 2 2 2
left_child=-1 2 3 -2 5 -4 -7 -3 -9
right_child=1 7 4 -5 -6 6 -8 8 -10
leaf_value=0.61945904082265391 -0.04394634012722861 -0.52206246478957419 -0.35330154175010836 0.92584133618366637 -0.62881126063210624 0.34054090795551595 -0.031002054341688831 -0.056324374305535545 -0.2814501249131216
leaf_weight=26 22 15.999999999999998 18 15.999999999999998 15.999999999999998 24 58 15.999999999999998 25
leaf_count=26 22 16 18 16 16 24 58 16 25
internal_value=0.0151349 -0.0595661 0.0247049 0.365612 -0.0871473 1.05756e-05 0.0779637 -0.286978 -0.194069
internal_weight=237 211 154 38 116 100 82 57 41
internal_count=237 211 154 38 116 100 82 57 41
is_linear=0
shrinkage=0.05


Tree=61
num_leaves=9
num_cat=0
split_feature=23 43 97 17 97 82 103 37
split_gain=2725.66 1678.22 1619.32 1772.63 1424.53 1145.72 928.817 714.622
threshold=51.45000000000001 0.64750000000000052 5.745000000000001 33.250000000000007 5.6100000000000003 -0.34666666666666618 44.70000000000001 11.441666666666668
decision_type=2 2 2 2 2 2 2 2
left_child=-1 2 4 -4 5 7 -7 -2
right_child=1 -3 3 -5 -6 6 -8 -9
leaf_value=0.50144149468714494 -0.63157567685803051 0.34426428821571636 0.57080141117698269 -0.1073236672991541 -0.63292509483185833 -0.13200922216461305 0.20010061901561993 -0.16338372508794563
leaf_weight=25 14.999999999999998 24 17 22 14.999999999999998 76 29 18
leaf_count=25 15 24 17 22 15 76 29 18
internal_value=0.00824397 -0.0490216 -0.0983619 0.188845 -0.17168 -0.121086 -0.040133 -0.377614
internal_weight=241 216 192 39 153 138 105 33
internal_count=241 216 192 39 153 138 105 33
is_linear=0
shrinkage=0.05


Tree=62
num_leaves=9
num_cat=0
split_feature=44 60 12 105 58 31 35 97
split_gain=4595.27 6477.73 3079.63 2846.14 1270.54 1409.42 1388.74 1051.03
threshold=4.5000000000000009 49.650000000000013 38.550000000000004 7.3500000000000005 5.5750000000000011 0.00083333333333346371 0.23333333333333786 5.6550000000000011
decision_type=2 2 2 2 2 2 2 2
left_child=2 -2 -1 -4 6 -6 -5 -8
right_child=1 -3 3 4 5 -7 7 -9
leaf_value=-0.76764199244265541 1.0545096616756606 -0.20950615857187557 0.43786683481358973 -0.59463788238019577 -0.14789673364599337 0.47709249655405678 -0.20229986454453197 0.20479313056563858
leaf_weight=14.999999999999998 23 18 28 18 19 17 75 20
leaf_count=15 23 18 28 18 19 17 75 20
internal_value=0.0204372 0.500295 -0.0822135 -0.0236974 -0.110703 0.147603 -0.193097 -0.116418
internal_weight=233 41 192 177 149 36 113 95
internal_count=233 41 192 177 149 36 113 95
is_linear=0
shrinkage=0.05


Tree=63
num_leaves=9
num_cat=0
split_feature=31 12 31 25 116 62 39 15
split_gain=3267.43 1834.74 1311.42 1730.36 1786.75 932.633 1043.9 515.441
threshold=0.044999999999999936 38.050000000000004 -0.0575000000000001 36.050000000000004 4.5000000000000009 89.050000000000026 0.63166666666666693 56.300000000000004
decision_type=2 2 2 2 2 2 2 2
left_child=1 -1 7 4 -4 6 -5 -3
right_child=-2 2 3 5 -6 -7 -8 -9
leaf_value=-0.63114397857362869 0.52593988286919924 -0.56864673380820163 0.54108215036145235 0.1713477129090856 -0.083427145639302036 -0.45697055514554796 -0.15581001458012472 -0.15940241439742331
leaf_weight=14.999999999999998 23 15.000000000000002 25 36 21 15.999999999999998 75 15.999999999999998
leaf_count=15 23 15 25 36 21 16 75 16
internal_value=-0.0396368 -0.099271 -0.0598481 -0.00607774 0.256309 -0.101282 -0.0496011 -0.358776
internal_weight=242 219 204 173 46 127 111 31
internal_count=242 219 204 173 46 127 111 31
is_linear=0
shrinkage=0.05


Tree=64
num_leaves=11
num_cat=0
split_feature=120 33 98 84 101 17 24 44 101 63
split_gain=3208.61 5857.99 1477.61 1204.26 2508.11 1362.46 2081.11 1070.78 1037.72 777.055
threshold=1.5000000000000002 0.18916666666666651 24.600000000000005 0.0058333333333333301 80.300000000000011 36.750000000000007 31.700000000000006 2.5000000000000004 60.350000000000009 32.550000000000004
decision_type=2 2 2 2 2 2 2 2 2 2
left_child=1 -1 -2 5 9 6 -4 -7 -8 -5
right_child=2 -3 3 4 -6 7 8 -9 -10 -11
leaf_value=1.1843289974509486 -0.56035158894709414 -0.037224380984849349 0.51772564618003292 -0.30374839403736059 0.61218888342224487 -0.1694826700509231 0.13661783873663899 -0.68244218537526102 -0.26828543492097917 0.13589221463719411
leaf_weight=14.999999999999998 14.999999999999998 28 14.999999999999998 20 19 28 24 15.999999999999998 46 20
leaf_count=15 15 28 15 20 19 28 24 16 46 20
internal_value=-0.00127038 0.390542 -0.0844412 -0.0461653 0.14076 -0.13174 -0.0146629 -0.357251 -0.129393 -0.0840127
internal_weight=246 43 203 188 59 129 85 44 70 40
internal_count=246 43 203 188 59 129 85 44 70 40
is_linear=0
shrinkage=0.05


Tree=65
num_leaves=12
num_cat=0
split_feature=25 54 77 26 98 28 90 84 39 27 79
split_gain=3692.79 7175.91 4181.02 2204.56 1766 1439.3 871.689 955.912 592.21 426.787 360.048
threshold=38.45000000000001 67.750000000000014 2.5000000000000004 18.900000000000002 28.550000000000004 7.2500000000000009 67.550000000000011 0.014166666666666662 1.2275000000000003 17.700000000000006 4.5000000000000009
decision_type=2 2 2 2 2 2 2 2 2 2 2
left_child=1 2 -1 -2 -4 -6 7 9 -9 -5 -11
right_child=3 -3 4 6 5 -7 -8 8 -10 10 -12
leaf_value=0.77942197496527876 0.41551842793174415 1.1624781638836663 -0.60043445033316289 -0.43975560506938188 -0.22384852743768074 0.40387956046110757 -0.5495975368141387 0.3050441012477243 -0.13082945081202879 -0.083574931562103313 -0.33794805965811958
leaf_weight=14.999999999999998 15.999999999999998 18 15.999999999999998 21 23 14.999999999999998 15.999999999999998 15.000000000000002 15.999999999999998 38 22
leaf_count=15 16 18 16 21 23 15 16 15 16 38 22
internal_value=0.0193217 0.276358 0.0437765 -0.136021 -0.16154 0.0242173 -0.205273 -0.155592 0.080219 -0.24589 -0.177335
internal_weight=231 87 69 144 54 38 128 112 31 81 60
internal_count=231 87 69 144 54 38 128 112 31 81 60
is_linear=0
shrinkage=0.05


Tree=66
num_leaves=9
num_cat=0
split_feature=78 59 35 113 77 65 103 116
split_gain=2301.61 1398.38 2814.04 1678.65 842.629 1004.37 1018.24 670.446
threshold=2.3266666666666671 35.150000000000006 -5.7666666666666684 3.3916666666666671 5.5000000000000009 12.750000000000002 38.300000000000004 3.5000000000000004
decision_type=2 2 2 2 2 2 2 2
left_child=1 2 -1 7 5 -4 -7 -3
right_child=-2 3 4 -5 -6 6 -8 -9
leaf_value=0.63827596742507309 0.57101064409528457 0.13954778391851019 0.2070810944718473 -0.5740493354708327 0.23435978702233209 -0.29989411749219724 0.036626948613040854 -0.2648932973439781
leaf_weight=17 15.999999999999998 22 22 24 23 57 37 19
leaf_count=17 16 22 22 24 23 57 37 19
internal_value=-0.0061457 -0.0481927 0.0329893 -0.242858 -0.0414083 -0.0962843 -0.167482 -0.047943
internal_weight=237 221 156 65 139 116 94 41
internal_count=237 221 156 65 139 116 94 41
is_linear=0
shrinkage=0.05


Tree=67
num_leaves=10
num_cat=0
split_feature=41 70 55 44 33 35 45 45 123
split_gain=3129.94 5871.49 1416.46 2148.76 1320.64 1023.15 720.242 760.426 462.598
threshold=-0.55916666666666648 -0.039999999999998696 4.3900000000000015 4.5000000000000009 0.20416666666666686 -3.5249999999999981 -0.014166666666666687 -0.0075000000000000197 0.0016666666666666637
decision_type=2 2 2 2 2 2 2 2 2
left_child=1 -1 4 5 -2 -4 8 -8 -7
right_child=2 -3 3 -5 -6 6 7 -9 -10
leaf_value=1.1711079392212116 -0.73432747563778966 -0.097313169199666927 -0.50084847140785882 0.36742556303527429 -0.090787349806891543 -0.06251383676955645 0.28335606524825613 -0.080205365088511643 -0.33989565986108961
leaf_weight=14.999999999999998 14.999999999999998 23 14.999999999999998 28 17 34 23 38 27
leaf_count=15 15 23 15 28 17 34 23 38 27
internal_value=-0.00983139 0.405008 -0.0900414 -0.0308682 -0.39395 -0.112516 -0.0643587 0.0570327 -0.185727
internal_weight=235 38 197 165 32 137 122 61 61
internal_count=235 38 197 165 32 137 122 61 61
is_linear=0
shrinkage=0.05


Tree=68
num_leaves=13
num_cat=0
split_feature=109 23 10 39 22 117 113 118 73 35 12 33
split_gain=3241.39 10266.2 1429.22 1005.81 1744.46 1869.65 727.278 982.675 626.533 479.234 283.207 180.853
threshold=-0.044166666666666458 64.950000000000017 4.330000000000001 0.61083333333333256 0.15500000000000003 1.0008333333333332 -2.4000000000000052 2.5000000000000004 4.5000000000000009 6.2833333333333323 63.900000000000006 1.5008333333333341
decision_type=2 2 2 2 2 2 2 2 2 2 2 2
left_child=1 -1 -2 4 10 -6 7 -5 -3 -8 -4 -11
right_child=2 8 3 6 5 -7 9 -9 -10 11 -12 -13
leaf_value=1.4422374937905382 -0.56325294529365388 0.079738518292879493 -0.34345045471043312 0.30021709803252195 0.54401843171717934 -0.15068862007943212 -0.5063340356807835 -0.19124494557124211 -0.3549284141626417 -0.12068565360925816 -0.040765718568042418 -0.32881244610476973
leaf_weight=14.999999999999998 14.999999999999998 17 16.000000000000004 17 27 14.999999999999998 14.999999999999998 25 15.999999999999998 35 14.999999999999998 14.999999999999998
leaf_count=15 15 17 16 17 27 15 15 25 16 35 15 15
internal_value=-0.00530267 0.362307 -0.0959562 -0.0566959 0.0862844 0.296021 -0.154279 0.007802 -0.131294 -0.258937 -0.197753 -0.183755
internal_weight=243 48 195 180 73 42 107 42 33 65 31 50
internal_count=243 48 195 180 73 42 107 42 33 65 31 50
is_linear=0
shrinkage=0.05


Tree=69
num_leaves=9
num_cat=0
split_feature=120 23 19 36 45 63 45 92
split_gain=2896.76 5337.35 1559.46 2687.59 1029.42 829.045 950.478 332.349
threshold=1.5000000000000002 70.15000000000002 4.5100000000000007 2.5000000000000004 0.014166666666666662 52.150000000000013 -0.014166666666666687 39.250000000000007
decision_type=2 2 2 2 2 2 2 2
left_child=1 -1 -2 -4 5 6 -5 -7
right_child=2 -3 3 4 -6 7 -8 -9
leaf_value=1.142201652471593 -0.41121417160984458 -0.047985493011802313 0.51894610843387257 -0.11828566291910084 -0.46180045051002722 -0.39700963880084661 0.19442277839426689 -0.083104829869655339
leaf_weight=14.999999999999998 28 25 21 49 15.999999999999998 18 48 15.999999999999998
leaf_count=15 28 25 21 49 16 18 48 16
internal_value=0.0127171 0.399945 -0.0664472 -0.00874585 -0.0844659 -0.038024 0.036446 -0.250113
internal_weight=236 40 196 168 147 131 97 34
internal_count=236 40 196 168 147 131 97 34
is_linear=0
shrinkage=0.05


Tree=70
num_leaves=7
num_cat=0
split_feature=23 88 19 88 121 35
split_gain=2839.65 1329.63 1595.88 1364.27 1250.22 837.053
threshold=51.45000000000001 6.6350000000000007 6.0250000000000012 6.1450000000000005 0.55250000000000032 2.4333333333333358
decision_type=2 2 2 2 2 2
left_child=-1 2 3 4 5 -2
right_child=1 -3 -4 -5 -6 -7
leaf_value=0.52135267772120553 -0.41600084092425205 -0.50336473077930366 0.47750856276379522 0.27824090381520461 0.29252234526544985 -0.10256446625251581
leaf_weight=24 26 14.999999999999998 14.999999999999998 26 17 117
leaf_count=24 26 15 15 26 17 117
internal_value=0.0065409 -0.0508521 -0.0168241 -0.0569516 -0.111591 -0.159839
internal_weight=240 216 201 186 160 143
internal_count=240 216 201 186 160 143
is_linear=0
shrinkage=0.05


Tree=71
num_leaves=8
num_cat=0
split_feature=100 74 87 37 33 113 15
split_gain=2192.63 2042.61 1410.29 992.736 1612.12 587.386 542.895
threshold=0.20500000000000004 18.183333333333337 6.9050000000000011 -7.0833333333333384 0.097499999999999712 1.6583333333333352 51.45000000000001
decision_type=2 2 2 2 2 2 2
left_child=1 2 3 -1 5 -5 -6
right_child=-2 -3 -4 4 6 -7 -8
leaf_value=0.22972262838612434 0.55642998877740069 0.49609329360753107 0.30410895163476154 -0.29669560804004558 -0.31589697951101253 -0.72897927342661184 -0.063897079675388782
leaf_weight=15.999999999999998 14.999999999999998 14.999999999999998 19 17 26 14.999999999999998 119
leaf_count=16 15 15 19 17 26 15 119
internal_value=-0.0269765 -0.0657777 -0.105771 -0.146285 -0.180413 -0.501124 -0.109304
internal_weight=242 227 212 193 177 32 145
internal_count=242 227 212 193 177 32 145
is_linear=0
shrinkage=0.05


Tree=72
num_leaves=8
num_cat=0
split_feature=31 115 10 26 106 35 101
split_gain=2798.5 2526.81 1773.32 1082.57 796.316 990.427 957.23
threshold=0.044999999999999936 -16.299999999999994 4.3650000000000011 17.500000000000004 13.450000000000001 0.62500000000000011 80.300000000000011
decision_type=2 2 2 2 2 2 2
left_child=1 -1 -3 -4 6 -6 -5
right_child=-2 2 3 4 5 -7 -8
leaf_value=0.54824646348195372 0.4837079035570897 -0.6095247312944535 0.32872280940314796 -0.11210324355238295 -0.61933236572126693 -0.13187158695719811 0.25430343828050261
leaf_weight=14.999999999999998 25 17 14.999999999999998 92 14.999999999999998 34 22
leaf_count=15 25 17 15 92 15 34 22
internal_value=-0.0152612 -0.0748881 -0.123104 -0.0763034 -0.113785 -0.282154 -0.0411885
internal_weight=235 210 195 178 163 49 114
internal_count=235 210 195 178 163 49 114
is_linear=0
shrinkage=0.05


Tree=73
num_leaves=11
num_cat=0
split_feature=120 23 121 0 44 106 100 35 94 96
split_gain=2495.36 4741.51 1456.33 1882.61 1576.48 1406.86 1970.93 759.823 646.684 139.774
threshold=1.5000000000000002 76.450000000000017 -0.29916666666666719 1096.0000000000002 2.5000000000000004 8.0000000000000018 0.15500000000000003 5.3750000000000027 5.0150000000000006 50.150000000000006
decision_type=2 2 2 2 2 2 2 2 2 2
left_child=1 -1 -2 4 -4 6 -5 -7 -8 -9
right_child=2 -3 3 5 -6 7 8 9 -10 -11
leaf_value=0.87723361614614859 -0.44701322260357079 -0.19626625926043859 -0.017885711021030072 0.48418832481430291 0.535535669997657 -0.53137810959855547 0.055772604895330563 -0.26078961629741237 -0.29728995559478572 -0.044467098152400651
leaf_weight=21 23 20 29 17 23 24 24 15.000000000000002 28 14.999999999999998
leaf_count=21 23 20 29 17 23 24 24 15 28 15
internal_value=-0.000278647 0.35425 -0.0738582 -0.0245591 0.227359 -0.1312 0.0183776 -0.3221 -0.134448 -0.153302
internal_weight=239 41 198 175 52 123 69 54 52 30
internal_count=239 41 198 175 52 123 69 54 52 30
is_linear=0
shrinkage=0.05


Tree=74
num_leaves=8
num_cat=0
split_feature=31 12 103 21 24 80 61
split_gain=3744.35 2105.07 2457.67 1035.99 1554.78 958.769 669.288
threshold=0.044999999999999936 38.550000000000004 14.250000000000002 44.250000000000007 39.550000000000004 -0.040833333333333492 0.17500000000000002
decision_type=2 2 2 2 2 2 2
left_child=1 -1 -3 6 -5 -6 -4
right_child=-2 2 3 4 5 -7 -8
leaf_value=-0.58373850469003641 0.63178958705377797 0.53375344569770455 -0.41261654661078628 0.33905473551928361 0.073222906212629349 -0.22449308128895648 -0.024282558254115488
leaf_weight=17 22 19 29 28 53 55 18
leaf_count=17 22 19 29 28 53 55 18
internal_value=0.0114876 -0.0510629 -0.0059424 -0.0622646 0.00768557 -0.0784129 -0.264366
internal_weight=241 219 202 183 136 108 47
internal_count=241 219 202 183 136 108 47
is_linear=0
shrinkage=0.05


Tree=75
num_leaves=10
num_cat=0
split_feature=104 23 66 62 23 23 78 16 23
split_gain=2157.91 5792.23 1268.56 1646.3 2434.91 1235.08 788.389 865.371 527.733
threshold=42.550000000000004 77.950000000000003 23.900000000000002 84.300000000000011 82.200000000000003 57.400000000000013 -1.7316666666666662 3.8850000000000002 74.000000000000014
decision_type=2 2 2 2 2 2 2 2 2
left_child=2 -2 5 4 -4 -1 -7 -8 -9
right_child=1 -3 3 -5 -6 6 7 8 -10
leaf_value=-0.57790650129318244 1.0823284501678601 -0.20069731982398376 0.64781018473309082 -0.23487356613933771 -0.16102617060916025 0.21431794779271074 0.17909471647154471 -0.38258284315513302 -0.13291660781769696
leaf_weight=15.999999999999998 14.999999999999998 21 22 22 15.999999999999998 15.999999999999998 15.999999999999998 32 63
leaf_count=16 15 21 22 22 16 16 16 32 63
internal_value=-0.0209179 0.335276 -0.0842438 0.108542 0.307587 -0.165187 -0.112738 -0.160077 -0.217381
internal_weight=239 36 203 60 38 143 127 111 95
internal_count=239 36 203 60 38 143 127 111 95
is_linear=0
shrinkage=0.05


Tree=76
num_leaves=9
num_cat=0
split_feature=35 54 11 101 111 25 25 53
split_gain=2681.27 1808.49 3999.56 831.098 784.133 986.032 816.645 782.963
threshold=-8.5999999999999943 67.750000000000014 42.95000000000001 37.95000000000001 -0.37416666666666648 43.850000000000001 32.650000000000006 11.500000000000002
decision_type=2 2 2 2 2 2 2 2
left_child=-1 3 -3 -2 5 -5 -6 -8
right_child=1 2 -4 4 6 -7 7 -9
leaf_value=0.59543329397140188 -0.40924025207623099 0.89349171546910766 -0.12213370497046364 0.43356071627692661 -0.37386589154229899 -0.13792402270613918 0.25073930253708582 -0.12844479465931147
leaf_weight=17 22 14.999999999999998 27 15.000000000000002 28 14.999999999999998 15.999999999999998 88
leaf_count=17 22 15 27 15 28 15 16 88
internal_value=-0.00823118 -0.0539049 0.241732 -0.121509 -0.0821752 0.148143 -0.134631 -0.0698759
internal_weight=243 226 42 184 162 30 132 104
internal_count=243 226 42 184 162 30 132 104
is_linear=0
shrinkage=0.05


Tree=77
num_leaves=8
num_cat=0
split_feature=23 88 19 89 67 84 12
split_gain=2769.9 985.182 1728.94 1583.18 1010.81 1305.64 531.522
threshold=51.45000000000001 6.6350000000000007 6.0250000000000012 47.100000000000009 9.3000000000000025 -0.016666666666666646 62.150000000000006
decision_type=2 2 2 2 2 2 2
left_child=-1 2 3 4 5 -2 -6
right_child=1 -3 -4 -5 6 -7 -8
leaf_value=0.54395761942971343 0.39807759885899507 -0.41968660184315276 0.50151276359494956 0.43709083511339913 -0.38024031384499779 -0.077255412985027555 -0.09477425630504506
leaf_weight=22 17 15.999999999999998 14.999999999999998 14.999999999999998 36 93 30
leaf_count=22 17 16 15 15 36 93 30
internal_value=0.0101093 -0.0429931 -0.0135217 -0.0542368 -0.0963642 -0.0034546 -0.250898
internal_weight=244 222 206 191 176 110 66
internal_count=244 222 206 191 176 110 66
is_linear=0
shrinkage=0.05


Tree=78
num_leaves=9
num_cat=0
split_feature=31 104 23 10 21 56 37 11
split_gain=2356.43 2041.89 3821.51 1947.78 1239.57 844.173 1059.7 434.755
threshold=0.044999999999999936 42.550000000000004 78.250000000000014 4.330000000000001 44.250000000000007 40.050000000000004 1.0000000180025095e-35 38.600000000000009
decision_type=2 2 2 2 2 2 2 2
left_child=1 3 -3 -1 7 6 -6 -5
right_child=-2 2 -4 4 5 -7 -8 -9
leaf_value=-0.62516212952062955 0.47764318402544909 0.91530527922491367 -0.14946615265302007 -0.4972689235447259 0.4800573611891033 -0.23557835271991637 0.025791601777405554 -0.16298852371999803
leaf_weight=15.999999999999998 25 14.999999999999998 19 14.999999999999998 14.999999999999998 24 86 28
leaf_count=16 25 15 19 15 15 24 86 28
internal_value=0.0188539 -0.0339315 0.321446 -0.0997651 -0.0493555 0.0303124 0.0937144 -0.280597
internal_weight=243 218 34 184 168 125 101 43
internal_count=243 218 34 184 168 125 101 43
is_linear=0
shrinkage=0.05


Tree=79
num_leaves=9
num_cat=0
split_feature=115 90 44 72 11 66 45 27
split_gain=1586.3 1361.18 1980.53 1214.59 1002.97 760.862 430.87 314.923
threshold=-17.108333333333331 40.100000000000009 4.5000000000000009 -0.78666666666666651 26.100000000000005 9.0500000000000025 -0.0066666666666666671 20.300000000000004
decision_type=2 2 2 2 2 2 2 2
left_child=-1 5 3 -3 -5 -2 -6 -7
right_child=1 2 -4 4 6 7 -8 -9
leaf_value=0.45642090721159989 -0.58900713810068106 0.28254781404236484 0.38333882175360351 -0.48341726601472373 0.0024941924318389575 -0.3039926582261136 -0.20638423950027607 0.0095242807407252845
leaf_weight=15.999999999999998 14.999999999999998 21 29 17 70 17 38 14.999999999999998
leaf_count=16 15 21 29 17 70 17 38 15
internal_value=-0.0227972 -0.0575479 0.0066367 -0.0683646 -0.127537 -0.296146 -0.0710767 -0.157304
internal_weight=238 222 175 146 125 47 108 32
internal_count=238 222 175 146 125 47 108 32
is_linear=0
shrinkage=0.05


Tree=80
num_leaves=9
num_cat=0
split_feature=33 51 12 80 62 41 16 106
split_gain=2275.27 1254 1026.41 661.2 904.36 1157.46 604.928 553.68
threshold=-0.65749999999999964 72.100000000000009 41.250000000000007 0.22333333333333275 86.800000000000026 0.58250000000000013 4.370000000000001 8.5000000000000018
decision_type=2 2 2 2 2 2 2 2
left_child=-1 2 -2 4 5 -4 -5 -8
right_child=1 -3 3 6 -6 -7 7 -9
leaf_value=0.55858102337173798 -0.41973120573007661 0.38274184096903724 0.18211716896205854 0.10807731093727793 -0.29201905029918512 -0.22389160859765431 -0.10368183818568422 -0.42269455138668122
leaf_weight=15.999999999999998 21 14.999999999999998 73 14.999999999999998 19 23 30 25
leaf_count=16 21 15 73 15 19 23 30 25
internal_value=-0.0152634 -0.0570652 -0.0892844 -0.0515407 0.0221834 0.0846604 -0.172589 -0.249282
internal_weight=237 221 206 185 115 96 70 55
internal_count=237 221 206 185 115 96 70 55
is_linear=0
shrinkage=0.05


Tree=81
num_leaves=10
num_cat=0
split_feature=109 35 12 66 8 84 48 35 40
split_gain=1821.01 5822.22 995.179 990.815 1287.97 797.141 786.492 958.205 309.797
threshold=-0.044166666666666458 -3.2416666666666649 38.550000000000004 29.500000000000004 1.5000000000000002 0.016666666666666653 6.8550000000000013 2.4333333333333358 3.5000000000000004
decision_type=2 2 2 2 2 2 2 2 2
left_child=1 -1 -2 5 -5 6 7 -4 -3
right_child=2 8 3 4 -6 -7 -8 -9 -10
leaf_value=1.0232563225149409 -0.42640273515243976 -0.28399860659577203 -0.47065756426992755 0.56059714301137742 -0.065067591592257848 0.16257709654054961 0.14012993288124906 -0.10845120714857451 0.026824811151066021
leaf_weight=17 17 14.999999999999998 24 14.999999999999998 18 27 21 76 17
leaf_count=17 17 15 24 15 18 27 21 76 17
internal_value=0.00576856 0.278371 -0.0617748 -0.0272839 0.220009 -0.0825686 -0.137401 -0.195814 -0.119149
internal_weight=247 49 198 181 33 148 121 100 32
internal_count=247 49 198 181 33 148 121 100 32
is_linear=0
shrinkage=0.05


Tree=82
num_leaves=9
num_cat=0
split_feature=74 115 10 24 65 121 20 20
split_gain=2159.26 2016.52 1115 1066.7 1539.95 1164.17 602.785 533.593
threshold=-12.449999999999999 -17.108333333333331 4.285000000000001 41.250000000000007 28.550000000000004 0.074999999999999747 39.650000000000013 36.750000000000007
decision_type=2 2 2 2 2 2 2 2
left_child=-1 -2 -3 4 -4 -6 7 -5
right_child=1 2 3 6 5 -7 -8 -9
leaf_value=0.54777589046467123 0.52250450055626851 -0.45091377180584225 -0.13647989614790446 -0.11617104020307983 0.65249229686999177 0.048249401477788466 -0.34103851280364383 0.19684924460001729
leaf_weight=17 14.999999999999998 18 28 88 17 14.999999999999998 25 15.999999999999998
leaf_count=17 15 18 28 88 17 15 25 16
internal_value=0.00636087 -0.0353043 -0.0759821 -0.0400284 0.133962 0.370442 -0.121034 -0.0678232
internal_weight=239 222 207 189 60 32 129 104
internal_count=239 222 207 189 60 32 129 104
is_linear=0
shrinkage=0.05


Tree=83
num_leaves=10
num_cat=0
split_feature=104 23 74 11 100 80 117 35 37
split_gain=2104.97 6718.67 2334.84 1459.33 940.868 719.522 561.576 667.076 657.558
threshold=38.70000000000001 74.000000000000014 -11.908333333333331 21.050000000000001 0.14500000000000005 -0.025833333333332927 -0.87333333333333296 14.933333333333335 5.9416666666666638
decision_type=2 2 2 2 2 2 2 2 2
left_child=2 -2 -1 -4 -5 -3 7 -6 -8
right_child=1 5 3 4 6 -7 8 -9 -10
leaf_value=0.49808681822665357 1.1642312431967021 0.1113093916997776 -0.60114706044165511 0.28894847205143104 0.30038984660675982 -0.36919713880595384 -0.36158167917357864 -0.16220710077641173 -0.097498247195542564
leaf_weight=15.999999999999998 14.999999999999998 15.999999999999998 14.999999999999998 14.999999999999998 15.000000000000002 15.000000000000002 34 15.999999999999998 77
leaf_count=16 15 16 15 15 15 15 34 16 77
internal_value=-0.00348399 0.299286 -0.0777124 -0.131562 -0.0863117 -0.121473 -0.126163 0.0617155 -0.178686
internal_weight=234 46 188 172 157 31 142 31 111
internal_count=234 46 188 172 157 31 142 31 111
is_linear=0
shrinkage=0.05


Tree=84
num_leaves=11
num_cat=0
split_feature=23 88 39 41 25 28 84 23 33 55
split_gain=3137.19 834.695 704.336 1063.16 954.13 1531.13 570.419 243.564 100.132 93.5002
threshold=51.45000000000001 6.6350000000000007 1.3324999999999998 0.5041666666666661 41.500000000000007 10.600000000000001 0.014166666666666662 74.000000000000014 1.5616666666666663 5.6850000000000014
decision_type=2 2 2 2 2 2 2 2 2 2
left_child=-1 2 3 4 5 -2 -6 -4 9 -9
right_child=1 -3 7 -5 6 -7 -8 8 -10 -11
leaf_value=0.55557499676268562 0.046962226577014085 -0.42888214947865499 -0.33215509248755826 -0.23432886932314059 -0.13170686484634719 0.67259868931326061 0.23140530720451813 0.01614254610561534 -0.20109115843241812 -0.14940308782254685
leaf_weight=22 25 14.999999999999998 17 29 38 15.999999999999998 14.999999999999998 18 21 15.999999999999998
leaf_count=22 25 15 17 29 38 16 15 18 21 16
internal_value=-0.0110693 -0.070692 -0.0429076 0.029771 0.111464 0.292277 -0.0286029 -0.167005 -0.115358 -0.0618243
internal_weight=232 210 195 123 94 41 53 72 55 34
internal_count=232 210 195 123 94 41 53 72 55 34
is_linear=0
shrinkage=0.05


Tree=85
num_leaves=9
num_cat=0
split_feature=109 35 66 23 29 84 20 66
split_gain=3101.29 5881.12 938.047 858.216 847.141 498.216 551.527 472.576
threshold=-0.044166666666666458 -2.3583333333333321 29.500000000000004 54.70000000000001 51.500000000000007 0.020000000000000007 25.700000000000006 8.6500000000000021
decision_type=2 2 2 2 2 2 2 2
left_child=1 -1 3 -2 -4 6 -5 -8
right_child=2 -3 4 5 -6 -7 7 -9
leaf_value=1.1572852958248268 -0.46865344091972211 -0.034169517831294398 0.44526182784149981 0.12948147786256356 -0.040726424800864164 0.12928396887851484 -0.42853348823572629 -0.12442305817692319
leaf_weight=15.999999999999998 15.999999999999998 29 14.999999999999998 18 22 23 14.999999999999998 85
leaf_count=16 16 29 15 18 22 23 15 85
internal_value=0.0174691 0.390975 -0.0692999 -0.122689 0.15683 -0.0830913 -0.124603 -0.170472
internal_weight=239 45 194 157 37 141 118 100
internal_count=239 45 194 157 37 141 118 100
is_linear=0
shrinkage=0.05


Tree=86
num_leaves=12
num_cat=0
split_feature=41 35 66 23 23 63 43 83 42 20 96
split_gain=2251.96 4679.8 1131.64 2604.35 1094.48 904.544 875.524 703.453 382.139 451.885 181.762
threshold=-0.55916666666666648 2.4333333333333358 22.450000000000003 68.450000000000017 74.000000000000014 38.600000000000001 0.20416666666666664 3.5000000000000004 4.5000000000000009 26.950000000000003 47.350000000000001
decision_type=2 2 2 2 2 2 2 2 2 2 2
left_child=1 -1 4 -4 5 -2 7 -5 9 -6 -11
right_child=2 -3 3 6 8 -7 -8 -9 -10 10 -12
leaf_value=1.0368889213792536 -0.10908036410034477 -0.086134229816836438 0.60847142065427584 -0.12753950227455144 0.11008241872609772 -0.53632702053253056 -0.37964021068567422 0.30296813856740917 0.13614216144270436 -0.32077291878403386 -0.098110263166627326
leaf_weight=14.999999999999998 23 24 18 23 15.999999999999998 27 17 15.999999999999998 22 18 19
leaf_count=15 23 24 18 23 16 27 17 16 22 18 19
internal_value=0.000278251 0.347217 -0.0678299 0.087019 -0.159537 -0.340503 -0.0812874 0.0492743 -0.038533 -0.111254 -0.20714
internal_weight=238 39 199 74 125 50 56 39 75 53 37
internal_count=238 39 199 74 125 50 56 39 75 53 37
is_linear=0
shrinkage=0.05


Tree=87
num_leaves=9
num_cat=0
split_feature=120 59 109 121 68 112 44 33
split_gain=2539.8 4077.06 1116.1 912.023 966.496 842.446 1119.84 586.015
threshold=1.5000000000000002 31.750000000000004 -0.059999999999999602 -0.27083333333333343 55.500000000000007 1.5000000000000002 3.5000000000000004 0.36000000000000038
decision_type=2 2 2 2 2 2 2 2
left_child=1 -1 -2 -4 5 -5 -7 -6
right_child=2 -3 3 4 7 6 -8 -9
leaf_value=0.84186461721833838 0.26355813924408605 -0.18147235423820454 -0.39920546286333647 -0.31677626176187168 -0.52745414064419982 -0.029886204831903514 0.37627011711511138 -0.12540446297946947
leaf_weight=21 22 18 24 17 14.999999999999998 73 22 23
leaf_count=21 22 18 24 17 15 73 22 23
internal_value=0.00219094 0.370171 -0.0711556 -0.113631 -0.0676708 0.00628023 0.0644152 -0.285207
internal_weight=235 39 196 174 150 112 95 38
internal_count=235 39 196 174 150 112 95 38
is_linear=0
shrinkage=0.05


Tree=88
num_leaves=10
num_cat=0
split_feature=117 35 62 31 43 80 56 90 48
split_gain=2332.06 4878.5 1066.02 1388.94 558.77 559.523 845.149 530.059 461.876
threshold=-0.43999999999999989 4.7916666666666616 88.050000000000011 0.040833333333333506 -0.59416666666666662 0.039166666666666579 32.550000000000004 40.100000000000009 6.8050000000000006
decision_type=2 2 2 2 2 2 2 2 2
left_child=1 -1 3 4 -2 6 -6 -3 -7
right_child=2 7 -4 -5 5 8 -8 -9 -10
leaf_value=1.0173149395610719 -0.40938476229345566 -0.21022372376266404 -0.4301705657693855 0.38304874012801826 -0.095015019010307997 -0.10237088137499206 0.31654456944493525 0.12861952471832069 -0.40865464210510255
leaf_weight=14.999999999999998 14.999999999999998 20 24 14.999999999999998 46 39 17 27 18
leaf_count=15 15 20 24 15 46 39 17 27 18
internal_value=-0.0275937 0.235452 -0.121433 -0.0717475 -0.122564 -0.0863583 0.0162872 -0.0156031 -0.199726
internal_weight=236 62 174 150 135 120 63 47 57
internal_count=236 62 174 150 135 120 63 47 57
is_linear=0
shrinkage=0.05


Tree=89
num_leaves=9
num_cat=0
split_feature=31 23 89 104 0 41 21 20
split_gain=1789.09 943.647 983.815 926.367 894.752 469.639 791.431 224.548
threshold=0.044999999999999936 63.900000000000013 52.600000000000001 23.300000000000004 571.00000000000011 -0.034999999999999247 45.000000000000007 32.850000000000001
decision_type=2 2 2 2 2 2 2 2
left_child=1 3 4 -1 -3 7 -7 -6
right_child=-2 2 -4 -5 5 6 -8 -9
leaf_value=-0.55409590519594232 0.37576619722245935 0.34781753068470822 -0.40542571284123607 -0.070493548218481139 -0.049159917155444849 -0.17927207072858709 0.13971978115853625 -0.26390823027143234
leaf_weight=18 25 18 14.999999999999998 22 26 28 63 23
leaf_count=18 25 18 15 22 26 28 63 23
internal_value=-0.0234873 -0.0705258 -0.0198268 -0.289078 0.0169824 -0.0257358 0.0414245 -0.150394
internal_weight=238 213 173 40 158 140 91 49
internal_count=238 213 173 40 158 140 91 49
is_linear=0
shrinkage=0.05


Tree=90
num_leaves=12
num_cat=0
split_feature=87 23 62 66 56 23 57 25 9 28 41
split_gain=2046.76 5851.83 1019.86 1173.78 1180.7 882.201 452.079 621.892 373.188 335.928 225.925
threshold=6.7150000000000007 68.450000000000017 89.050000000000026 22.450000000000003 36.45000000000001 63.900000000000013 52.650000000000013 48.150000000000013 6.8450000000000006 10.250000000000002 0.69666666666666732
decision_type=2 2 2 2 2 2 2 2 2 2 2
left_child=1 -1 3 5 8 -2 10 -8 -5 -3 -7
right_child=2 9 -4 4 -6 6 7 -9 -10 -11 -12
leaf_value=1.0752577946237893 -0.40817158603830034 -0.25805470557270205 -0.43470543621227753 -0.10780335670247727 0.48627454164278439 -0.077641468816663728 0.30157915967249732 -0.13873476350544306 0.20237383382604612 0.070242202913524301 -0.29778979031935982
leaf_weight=15.999999999999998 22 16.000000000000004 17 27 18 43 17 14.999999999999998 14.999999999999998 14.999999999999998 15.999999999999998
leaf_count=16 22 16 17 27 18 43 17 15 15 15 16
internal_value=0.00677293 0.30186 -0.0663165 -0.0298573 0.148685 -0.12475 -0.055803 0.095237 0.00307301 -0.0993255 -0.13783
internal_weight=237 47 190 173 60 113 91 32 42 31 59
internal_count=237 47 190 173 60 113 91 32 42 31 59
is_linear=0
shrinkage=0.05


Tree=91
num_leaves=9
num_cat=0
split_feature=87 23 35 11 88 109 54 13
split_gain=1743.26 5565.62 743.836 571.791 671.559 828.042 469.825 280.63
threshold=6.7150000000000007 68.450000000000017 -7.7166666666666588 27.350000000000005 4.1250000000000009 0.056666666666667094 55.850000000000001 5.9050000000000011
decision_type=2 2 2 2 2 2 2 2
left_child=1 -1 -2 -4 -5 6 -6 -3
right_child=2 7 3 4 5 -7 -8 -9
leaf_value=1.0387038537998075 -0.42758269229817475 -0.28606244169718381 -0.30666350483611859 -0.27882361649737181 0.06781977559159319 0.33811182609775609 -0.13075593871273308 0.014088669345245598
leaf_weight=14.999999999999998 14.999999999999998 15.000000000000002 21 23 58 17 61 15.999999999999998
leaf_count=15 15 15 21 23 58 17 61 16
internal_value=-0.0250658 0.251447 -0.0904155 -0.0620687 -0.0295599 0.0127322 -0.0339535 -0.131438
internal_weight=241 46 195 180 159 136 119 31
internal_count=241 46 195 180 159 136 119 31
is_linear=0
shrinkage=0.05


Tree=92
num_leaves=11
num_cat=0
split_feature=23 16 92 34 33 117 80 107 31 41
split_gain=1844.49 670.371 758.575 903.405 896.659 660.331 416.032 376.489 341.324 224.93
threshold=51.45000000000001 6.0050000000000008 40.150000000000006 4.5000000000000009 -0.071666666666667198 0.21083333333333346 0.13833333333333367 53.500000000000007 0.007499999999999841 -0.074166666666667144
decision_type=2 2 2 2 2 2 2 2 2 2
left_child=-1 2 3 5 -4 -2 7 -5 -6 -8
right_child=1 -3 4 6 8 -7 9 -9 -10 -11
leaf_value=0.46919089620979276 0.0097085291924683924 0.1909411361537029 -0.55093480407796958 -0.13402018668167145 0.040578223521251816 0.47107736369631942 -0.30081154578949981 0.12446303293341046 -0.25116713749176545 -0.060328466135855997
leaf_weight=20 16.000000000000004 29 14.999999999999998 25 21 14.999999999999998 23 32 19 17
leaf_count=20 16 29 15 25 21 15 23 32 19 17
internal_value=0.0114067 -0.0319578 -0.0673929 -0.000581041 -0.222508 0.233909 -0.0757364 0.0109695 -0.0981569 -0.199136
internal_weight=232 212 183 128 55 31 97 57 40 40
internal_count=232 212 183 128 55 31 97 57 40 40
is_linear=0
shrinkage=0.05


Tree=93
num_leaves=10
num_cat=0
split_feature=41 70 55 56 59 37 58 118 78
split_gain=1763.81 3792.37 1118.83 975.884 1195.46 2373.05 428.933 385.37 345.197
threshold=-0.55916666666666648 -0.045000000000000366 4.3900000000000015 40.050000000000004 35.150000000000006 0.59999999999999798 5.4450000000000012 2.5000000000000004 -0.07750000000000011
decision_type=2 2 2 2 2 2 2 2 2
left_child=1 -1 -2 4 5 -4 -5 -6 -7
right_child=2 -3 3 6 7 8 -8 -9 -10
leaf_value=0.93312784622836586 -0.34930542911074763 -0.062749216471481142 0.61612942636860479 -0.41174596883974024 -0.37821124136842643 0.20611133642947477 -0.066221139773479473 -0.055222603221157275 -0.044454494655628132
leaf_weight=14.999999999999998 28 26 21 18 14.999999999999998 18 18 24 57
leaf_count=15 28 26 21 18 15 18 18 24 57
internal_value=0.00462944 0.302858 -0.0569108 -0.00882796 0.0528552 0.147686 -0.239784 -0.180226 0.0158091
internal_weight=240 41 199 171 135 96 36 39 75
internal_count=240 41 199 171 135 96 36 39 75
is_linear=0
shrinkage=0.05


Tree=94
num_leaves=11
num_cat=0
split_feature=41 35 66 59 34 117 35 64 66 67
split_gain=1691.52 3690 1160.48 1675.08 1487.08 715.696 1357.64 471.819 403.041 486.407
threshold=-0.55916666666666648 2.4333333333333358 22.450000000000003 35.150000000000006 3.5000000000000004 1.4475000000000005 -2.7000000000000006 40.350000000000009 7.2500000000000009 1.0000000180025095e-35
decision_type=2 2 2 2 2 2 2 2 2 2
left_child=1 -1 5 4 -4 6 -2 -6 -8 -10
right_child=2 -3 3 -5 7 -7 8 -9 9 -11
leaf_value=0.92160423098020994 -0.57707047811977519 -0.075593236527749616 0.66564068225835338 -0.30092683042843305 0.24598590093601613 0.12368294475202878 -0.32128926434898908 -0.088746986638254199 0.13757832422852515 -0.14671858968697646
leaf_weight=14.999999999999998 19 24 14.999999999999998 19 22 21 18 20 22 47
leaf_count=15 19 24 15 19 22 21 18 20 22 47
internal_value=0.00802452 0.309193 -0.0499345 0.10448 0.239994 -0.142389 -0.195215 0.0866383 -0.111197 -0.0559329
internal_weight=242 39 203 76 57 127 106 42 87 69
internal_count=242 39 203 76 57 127 106 42 87 69
is_linear=0
shrinkage=0.05


Tree=95
num_leaves=9
num_cat=0
split_feature=74 29 53 58 34 119 27 106
split_gain=1560.8 1624.63 2837.26 905.146 2068.02 686.589 395.592 371.909
threshold=-12.233333333333329 51.500000000000007 43.900000000000006 4.5000000000000009 2.5000000000000004 1.0000000180025095e-35 32.70000000000001 13.450000000000001
decision_type=2 2 2 2 2 2 2 2
left_child=-1 2 5 -3 -5 -2 7 -6
right_child=1 3 -4 4 6 -7 -8 -9
leaf_value=0.43746985159999696 0.14234742986131038 0.17198156073882984 0.60176964126735089 -0.60794420845772879 -0.18124450295247976 -0.24348967215084932 0.11240846702820576 0.075023875663375983
leaf_weight=20 22 23 25 22 65 24 22 18
leaf_count=20 22 23 25 22 65 24 22 18
internal_value=0.0156188 -0.0227158 0.174152 -0.115987 -0.168272 -0.0589419 -0.0756123 -0.125585
internal_weight=241 221 71 150 127 46 105 83
internal_count=241 221 71 150 127 46 105 83
is_linear=0
shrinkage=0.05


Tree=96
num_leaves=11
num_cat=0
split_feature=3 51 90 53 14 66 29 33 113 111
split_gain=2124.63 1371.27 826.579 943.514 916.184 807.826 626.551 974.371 719.664 166.631
threshold=5.5000000000000009 70.000000000000014 40.300000000000004 21.500000000000004 36.95000000000001 8.0000000000000018 51.500000000000007 -0.28500000000000053 0.98333333333333262 -0.55666666666666609
decision_type=2 2 2 2 2 2 2 2 2 2
left_child=1 2 5 4 -4 -1 8 -8 -5 -7
right_child=-2 -3 3 6 -6 9 7 -9 -10 -11
leaf_value=-0.55439190327726462 0.56361056788367514 0.37116716160824165 0.51004124998256861 -0.13421814145182656 -0.024736937009103118 0.0030707215577919296 -0.50791189637243384 -0.067948029642337981 0.3245003915146778 -0.2180819689898201
leaf_weight=14.999999999999998 15.999999999999998 19 14.999999999999998 17 17 15.999999999999995 15.999999999999998 58 17 18.000000000000004
leaf_count=15 16 19 15 17 17 16 16 58 17 18
internal_value=0.0102256 -0.0325689 -0.0733574 -0.0114041 0.226593 -0.249881 -0.0821123 -0.1637 0.0952735 -0.11416
internal_weight=224 208 189 140 32 49 108 74 34 34
internal_count=224 208 189 140 32 49 108 74 34 34
is_linear=0
shrinkage=0.05


Tree=97
num_leaves=12
num_cat=0
split_feature=31 35 70 33 64 35 111 90 5 41 0
split_gain=1518.97 862.767 1043.29 1857.76 536.607 528.434 620.818 304.852 298.606 317.344 131.808
threshold=0.040833333333333506 2.4333333333333358 -0.031666666666666725 -0.40083333333333332 37.150000000000006 14.375000000000004 -0.55666666666666609 34.45000000000001 1.0000000180025095e-35 0.21000000000000044 1931.0000000000002
decision_type=2 2 2 2 2 2 2 2 2 2 2
left_child=1 2 -1 -4 -5 6 -3 -7 9 -8 -9
right_child=-2 5 3 4 -6 7 8 10 -10 -11 -12
leaf_value=-0.5093974779390894 0.32016073513603721 0.37180805194456851 0.31323305421112652 -0.53837752784324788 -0.11466141457589257 -0.29776300691669771 0.26888472179920353 0.030021145742857594 -0.10374774263077176 -0.020952448799711833 -0.13585506971605221
leaf_weight=21 28 14.999999999999998 18 15.000000000000002 14.999999999999998 15.999999999999998 17 26 29 21 22
leaf_count=21 28 15 18 15 15 16 17 26 29 21 22
internal_value=-0.0255446 -0.0707179 -0.216276 -0.0871387 -0.32777 -0.00179162 0.082169 -0.109405 0.0167924 0.108946 -0.0460259
internal_weight=243 215 69 48 30 146 82 64 67 38 48
internal_count=243 215 69 48 30 146 82 64 67 38 48
is_linear=0
shrinkage=0.05


Tree=98
num_leaves=9
num_cat=0
split_feature=41 70 113 111 78 104 38 35
split_gain=1779.74 3966.95 573.556 831.113 751.835 656.39 1770.04 539.324
threshold=-0.55916666666666648 -0.039999999999998696 -11.099999999999996 -0.55666666666666609 -1.8116666666666665 36.600000000000001 3.5000000000000004 -0.30833333333333351
decision_type=2 2 2 2 2 2 2 2
left_child=1 -1 -2 -4 -5 7 -7 -6
right_child=2 -3 3 4 5 6 -8 -9
leaf_value=0.94258670822674073 -0.31076913614622992 -0.11930875888367964 0.30242875069053032 0.27104036912618096 -0.35309591770581772 0.45908482562728792 -0.1860762613709499 -0.096044698771623055
leaf_weight=14.999999999999998 20 21 17 14.999999999999998 29 17 28 69
leaf_count=15 20 21 17 15 29 17 28 69
internal_value=0.00187475 0.324395 -0.0577775 -0.0286746 -0.0645001 -0.0998964 0.0580179 -0.172444
internal_weight=231 36 195 175 158 143 45 98
internal_count=231 36 195 175 158 143 45 98
is_linear=0
shrinkage=0.05


Tree=99
num_leaves=9
num_cat=0
split_feature=104 23 12 26 9 53 101 12
split_gain=1791.73 3044.96 1037.61 773.914 667.365 677.746 640.066 443.957
threshold=42.550000000000004 79.15000000000002 38.550000000000004 18.750000000000004 6.745000000000001 20.700000000000006 82.700000000000003 55.70000000000001
decision_type=2 2 2 2 2 2 2 2
left_child=2 -2 -1 -4 7 -6 -7 -5
right_child=1 -3 3 4 5 6 -8 -9
leaf_value=-0.39887080774488043 0.85353381495602076 -0.10856075533845806 0.27271216158311401 -0.45233051358469284 0.22182709291520247 -0.13733288199303675 0.17574418709035169 -0.11281927475960052
leaf_weight=21 14.999999999999998 18 19 14.999999999999998 26 72 21 27
leaf_count=21 15 18 19 15 26 72 21 27
internal_value=-0.0110011 0.329861 -0.0671247 -0.0281932 -0.0638821 -0.00330656 -0.0664715 -0.234978
internal_weight=234 33 201 180 161 119 93 42
internal_count=234 33 201 180 161 119 93 42
is_linear=0
shrinkage=0.05


Tree=100
num_leaves=10
num_cat=0
split_feature=123 31 19 70 33 35 31 11 53
split_gain=1423.84 1479.87 780.379 664.216 1040.6 932.886 516.434 436.409 259.82
threshold=0.030833333333333327 0.040833333333333506 4.5100000000000007 -0.048333333333332444 -0.40083333333333332 4.1666666666666634 -0.053333333333333226 40.050000000000004 26.500000000000004
decision_type=2 2 2 2 2 2 2 2 2
left_child=1 2 7 5 -5 -4 -6 -1 -7
right_child=-2 -3 3 4 6 8 -8 -9 -10
leaf_value=-0.48386285052394229 0.48607692307983807 0.35543180452157352 -0.48697913380698382 0.43125645167977611 -0.26386605170909422 -0.1622144563968137 0.034582242787620752 -0.10171786451971294 0.12180929494940716
leaf_weight=15.000000000000002 14.999999999999998 24 15.999999999999998 14.999999999999998 17 15.999999999999998 95 14.999999999999998 15.999999999999998
leaf_count=15 15 24 16 15 17 16 95 15 16
internal_value=0.0157974 -0.0151838 -0.0587495 -0.0182596 0.04161 -0.176526 -0.0108683 -0.293929 -0.0201098
internal_weight=244 229 205 175 127 48 112 30 32
internal_count=244 229 205 175 127 48 112 30 32
is_linear=0
shrinkage=0.05


Tree=101
num_leaves=8
num_cat=0
split_feature=23 97 45 17 44 9 25
split_gain=1717.56 618.113 636.797 560.918 557.381 350.427 337.023
threshold=51.45000000000001 5.745000000000001 0.011666666666666674 33.250000000000007 3.5000000000000004 6.8850000000000007 32.650000000000006
decision_type=2 2 2 2 2 2 2
left_child=-1 2 4 -3 5 6 -2
right_child=1 3 -4 -5 -6 -7 -8
leaf_value=0.4439867580106473 -0.22952310631969081 0.34283703673260374 -0.36099154624586915 -0.031256976977908781 0.22985716663431704 -0.2921449818827721 -0.0045062293997753791
leaf_weight=21 20 19 17 21 17 15.999999999999998 97
leaf_count=21 20 19 17 21 17 16 97
internal_value=0.0142257 -0.0295424 -0.0718546 0.146725 -0.0388338 -0.0733622 -0.0431765
internal_weight=228 207 167 40 150 133 117
internal_count=228 207 167 40 150 133 117
is_linear=0
shrinkage=0.05


Tree=102
num_leaves=8
num_cat=0
split_feature=23 82 32 21 37 117 66
split_gain=1935.8 647.022 411.626 553.459 547.768 595.052 106.942
threshold=51.45000000000001 -0.59416666666666618 2.5000000000000004 44.150000000000013 2.2666666666666591 -0.11999999999999965 21.050000000000004
decision_type=2 2 2 2 2 2 2
left_child=-1 -2 -3 6 -5 -6 -4
right_child=1 2 3 4 5 -7 -8
leaf_value=0.47580156258497192 0.20103389496512958 -0.26852784590416046 -0.11904065641876937 0.2830212534127528 0.11571562370610616 -0.12786347203963741 -0.28303553919765834
leaf_weight=21 27 21 23 17 44 58 18
leaf_count=21 27 21 23 17 44 58 18
internal_value=0.0194569 -0.0267989 -0.0609048 -0.0334724 0.0211071 -0.0227307 -0.191674
internal_weight=229 208 181 160 119 102 41
internal_count=229 208 181 160 119 102 41
is_linear=0
shrinkage=0.05


Tree=103
num_leaves=12
num_cat=0
split_feature=87 45 23 74 37 92 67 117 9 41 56
split_gain=1480.76 4370.58 606.07 642.298 696.609 605.163 510.63 503.878 454.268 243.663 175.18
threshold=6.7150000000000007 -0.0049999999999999758 51.45000000000001 1.375000000000002 0.97499999999999798 36.900000000000006 6.4500000000000002 -0.6341666666666671 6.8050000000000006 -0.19833333333333322 34.45000000000001
decision_type=2 2 2 2 2 2 2 2 2 2 2
left_child=1 -1 -2 4 -4 6 -5 -6 -7 -9 -8
right_child=2 -3 3 5 7 8 10 9 -10 -11 -12
leaf_value=-0.15566951423003667 -0.34650381238836991 0.83205504309293365 0.37511034307890384 0.22544240498088844 0.25241680934729172 -0.10103787973479568 -0.02944635377433907 -0.20142323660634767 -0.46217846206044622 0.018764170778985692 -0.23086734633090089
leaf_weight=27 17 19 14.999999999999998 14.999999999999998 14.999999999999998 17 27 21.999999999999996 18 29.000000000000004 18
leaf_count=27 17 19 15 15 15 17 27 22 18 29 18
internal_value=-0.00147242 0.253115 -0.0622769 -0.0346136 0.0687453 -0.122773 -0.026165 -0.00126963 -0.287697 -0.0763291 -0.110459
internal_weight=239 46 193 176 81 95 60 66 35 51 45
internal_count=239 46 193 176 81 95 60 66 35 51 45
is_linear=0
shrinkage=0.05


Tree=104
num_leaves=11
num_cat=0
split_feature=120 104 19 37 114 88 106 45 74 75
split_gain=1361.48 3306.17 688.177 719.675 502.181 584.791 481.337 479.966 384.037 168.389
threshold=1.5000000000000002 23.650000000000002 4.5100000000000007 -6.6833333333333291 3.5000000000000004 4.1250000000000009 7.6500000000000012 -1.0000000180025095e-35 2.5500000000000012 2.5000000000000004
decision_type=2 2 2 2 2 2 2 2 2 2
left_child=1 -1 8 -4 5 -5 -7 9 -2 -6
right_child=2 -3 3 4 7 6 -8 -9 -10 -11
leaf_value=-0.19332062269917771 -0.081541291609505129 0.69305256216774147 0.28681059695039118 -0.17949007603580058 -0.1691715605186494 0.24271784596585608 -0.034989906656572402 -0.33859449584760937 -0.43989086257700899 0.026319208428316695
leaf_weight=20 15.000000000000002 22 19 22 18 35 28 21 14.999999999999998 28
leaf_count=20 15 22 19 22 18 35 28 21 15 28
internal_value=0.0128254 0.271395 -0.0412873 -0.00245031 -0.0388056 0.0418267 0.119353 -0.141085 -0.261748 -0.0502698
internal_weight=243 42 201 171 152 85 63 67 30 46
internal_count=243 42 201 171 152 85 63 67 30 46
is_linear=0
shrinkage=0.05


Tree=105
num_leaves=10
num_cat=0
split_feature=35 109 88 99 60 119 27 65 39
split_gain=1664.58 5066.22 504.228 488.763 398.683 611.169 328.224 235.34 174.485
threshold=-3.2416666666666649 -0.042499999999999975 4.1250000000000009 40.600000000000009 46.750000000000007 -0.054166666666668022 16.200000000000006 30.150000000000002 1.3691666666666669
decision_type=2 2 2 2 2 2 2 2 2
left_child=1 -1 8 -4 5 -5 -6 -8 -2
right_child=2 -3 3 4 6 -7 7 -9 -10
leaf_value=1.0584815817854263 -0.33186545138993601 -0.07054672343112349 -0.17354412296486066 0.35241689128535136 -0.21654279546708055 -0.0076406015214583681 -0.037944202525231535 0.16330431381087285 -0.093511159264523039
leaf_weight=14.999999999999998 15.000000000000002 29 29 23 15.999999999999998 24 39 23 15.999999999999998
leaf_count=15 15 29 29 23 16 24 39 23 16
internal_value=0.0397093 0.315763 -0.0260549 0.0109924 0.0539494 0.168826 -0.0153345 0.0367747 -0.209701
internal_weight=229 44 185 154 125 47 78 62 31
internal_count=229 44 185 154 125 47 78 62 31
is_linear=0
shrinkage=0.05


Tree=106
num_leaves=13
num_cat=0
split_feature=78 119 31 117 74 72 73 93 45 10 117 72
split_gain=1291.19 1067.21 1799.83 704.39 673.579 526.692 682.588 430.03 448.462 419.685 303.496 256.802
threshold=2.4616666666666673 -0.042500000000000419 0.044999999999999936 0.043333333333333453 -8.899999999999995 0.23333333333333342 3.5000000000000004 69.100000000000009 -0.0066666666666666393 6.2250000000000005 0.64916666666666656 0.54249999999999965
decision_type=2 2 2 2 2 2 2 2 2 2 2 2
left_child=1 2 3 9 -3 6 -6 8 -5 -1 11 -7
right_child=-2 4 -4 7 5 10 -8 -9 -10 -11 -12 -13
leaf_value=0.35150330425626009 0.44885531825735081 0.17791945697456008 0.58986680128716473 -0.026168931219207343 -0.15825327696395539 -0.14671155383799506 -0.57085141158252029 0.12777155344345556 -0.33567497773407806 -0.0057876157247467551 -0.2404056708017985 0.11134445696260054
leaf_weight=18 14.999999999999998 14.999999999999998 14.999999999999998 24.999999999999996 27 17 15.999999999999998 15.999999999999998 22.000000000000004 14.999999999999998 20 22
leaf_count=18 15 15 15 25 27 17 16 16 22 15 20 22
internal_value=0.00106289 -0.0285591 0.0824363 0.00256693 -0.133886 -0.179918 -0.312862 -0.0953746 -0.171555 0.18942 -0.0825754 -0.00110115
internal_weight=243 228 111 96 117 102 43 63 47 33 59 39
internal_count=243 228 111 96 117 102 43 63 47 33 59 39
is_linear=0
shrinkage=0.05


Tree=107
num_leaves=12
num_cat=0
split_feature=59 41 66 19 0 35 74 34 31 49 39
split_gain=1372.53 3698.15 1264.33 1195.92 626.57 870.021 589.509 470.838 273.757 344.622 227.261
threshold=31.100000000000005 -0.51749999999999996 22.450000000000003 5.4150000000000009 541.00000000000011 -3.5249999999999981 -3.6416666666666653 4.5000000000000009 0.036666666666666632 4.7300000000000013 0.65999999999999936
decision_type=2 2 2 2 2 2 2 2 2 2 2
left_child=1 -1 6 -4 -2 -6 -3 -8 9 -7 -11
right_child=4 2 3 -5 5 8 7 -9 -10 10 -12
leaf_value=0.82247246196656887 0.16099172969955711 0.13794811936403742 -0.0048230737730548638 0.59101314149944995 -0.44913363260124362 -0.19474250702630908 -0.43796933111937153 -0.087640947128232574 -0.26984095805824204 0.15363713955724395 -0.061639768170670989
leaf_weight=17 20 14.999999999999998 19 14.999999999999998 19 23 15.999999999999998 24 14.999999999999998 23 26
leaf_count=17 20 15 19 15 19 23 16 24 15 23 26
internal_value=0.0164824 0.14902 0.0195482 0.258862 -0.0950075 -0.143463 -0.128502 -0.22864 -0.0762105 -0.0354831 0.0394138
internal_weight=232 106 89 34 126 106 55 40 87 72 49
internal_count=232 106 89 34 126 106 55 40 87 72 49
is_linear=0
shrinkage=0.05


Tree=108
num_leaves=10
num_cat=0
split_feature=123 37 66 67 113 80 56 48 68
split_gain=1354.78 995.283 500.548 390.49 595.978 403.755 440.743 353.482 298.484
threshold=0.030833333333333327 -9.2833333333333332 8.0000000000000018 1.0000000180025095e-35 3.3916666666666671 -0.040833333333333492 31.450000000000003 6.785000000000001 52.500000000000007
decision_type=2 2 2 2 2 2 2 2 2
left_child=1 -1 7 4 -4 6 -5 -3 -7
right_child=-2 2 3 5 -6 8 -8 -9 -10
leaf_value=0.34829720982483453 0.45874221324920655 -0.41663601864252664 0.24297145262519662 -0.072576164362602058 -0.12491359852295554 -0.036552485682812746 0.20630557399366706 -0.087513695171524797 -0.25103693295250123
leaf_weight=15.999999999999998 14.999999999999998 14.999999999999998 28 43 18 29 21 18 37
leaf_count=16 15 15 28 43 18 29 21 18 37
internal_value=0.00024498 -0.0304895 -0.0596641 -0.026068 0.0989493 -0.0703853 0.019033 -0.238073 -0.157067
internal_weight=240 225 209 176 46 130 64 33 66
internal_count=240 225 209 176 46 130 64 33 66
is_linear=0
shrinkage=0.05


Tree=109
num_leaves=10
num_cat=0
split_feature=41 70 74 35 23 15 31 109 35
split_gain=1401.69 3223.73 622.232 901.852 786.985 699.826 298.895 377.96 196.791
threshold=-0.55916666666666648 -0.039999999999998696 18.183333333333337 2.4333333333333358 62.850000000000009 53.20000000000001 0.035000000000000149 0.044166666666666916 12.066666666666668
decision_type=2 2 2 2 2 2 2 2 2
left_child=1 -1 3 4 -2 -6 7 8 -5
right_child=2 -3 -4 6 5 -7 -8 -9 -10
leaf_value=0.82558360840964906 -0.54985682420563275 -0.13160002904621912 0.22725267653232037 0.041254438194515471 0.10887428051936698 -0.3335828322083203 -0.2197521559894085 0.23735594303402682 -0.10177101484460041
leaf_weight=14.999999999999998 17 21 15.999999999999998 47 15.999999999999998 20 17 14.999999999999998 49
leaf_count=15 17 21 16 47 16 20 17 15 49
internal_value=-0.0181421 0.26827 -0.0706163 -0.0970859 -0.270333 -0.13704 -0.0251566 0.00477229 -0.031726
internal_weight=233 36 197 181 53 36 128 111 96
internal_count=233 36 197 181 53 36 128 111 96
is_linear=0
shrinkage=0.05


Tree=110
num_leaves=10
num_cat=0
split_feature=120 15 23 26 97 43 48 91 14
split_gain=1190.09 3206.46 642.992 510.175 548.573 659.809 446.364 337.276 298.981
threshold=1.5000000000000002 61.95000000000001 63.900000000000013 18.750000000000004 5.745000000000001 -0.20000000000000059 6.785000000000001 6.3250000000000011 44.150000000000006
decision_type=2 2 2 2 2 2 2 2 2
left_child=1 -1 6 -4 7 -6 -2 8 -5
right_child=2 -3 3 4 5 -7 -8 -9 -10
leaf_value=-0.078627692723846079 -0.44963703455514459 0.83079236398469536 0.24401571818148893 0.044650783888623966 -0.083560939512637822 0.36919270102281748 -0.069680660111563528 -0.25724729232768301 -0.14522691095995782
leaf_weight=27 15.000000000000002 14.999999999999998 18 44 15.999999999999998 15.999999999999998 15.999999999999998 24 39
leaf_count=27 15 15 18 44 16 16 16 24 39
internal_value=0.00692829 0.247248 -0.0468365 -0.00565612 -0.0381759 0.143105 -0.254546 -0.0925204 -0.0445761
internal_weight=230 42 188 157 139 32 31 107 83
internal_count=230 42 188 157 139 32 31 107 83
is_linear=0
shrinkage=0.05


Tree=111
num_leaves=8
num_cat=0
split_feature=44 59 100 23 0 33 63
split_gain=1317.38 2355.19 1589.58 1010.73 366.468 368.818 290.509
threshold=4.5000000000000009 31.750000000000004 0.20500000000000004 51.45000000000001 571.00000000000011 -0.28500000000000053 52.150000000000013
decision_type=2 2 2 2 2 2 2
left_child=2 -2 3 -1 -5 -6 -7
right_child=1 -3 -4 4 5 6 -8
leaf_value=-0.48090529568147977 0.59768759369269586 -0.15301348027524522 0.44465232761885159 0.12242245480002634 -0.31019559010215425 -0.010970984131842077 -0.17743277057200424
leaf_weight=14.999999999999998 23 19 14.999999999999998 25 15.999999999999998 96 36
leaf_count=15 23 19 15 25 16 96 36
internal_value=0.00383772 0.258409 -0.0489089 -0.0885308 -0.0542229 -0.0841579 -0.0565075
internal_weight=245 42 203 188 173 148 132
internal_count=245 42 203 188 173 148 132
is_linear=0
shrinkage=0.05


Tree=112
num_leaves=12
num_cat=0
split_feature=88 24 10 18 65 64 18 16 14 123 70
split_gain=726.97 1452.26 519.421 475.508 293.845 418.841 394.285 368.251 318.314 202.898 104.952
threshold=5.8500000000000005 39.550000000000004 4.330000000000001 51.350000000000001 12.750000000000002 34.800000000000004 50.150000000000006 4.7400000000000011 36.20000000000001 0.012499999999999999 -0.037500000000000082
decision_type=2 2 2 2 2 2 2 2 2 2 2
left_child=2 -2 -1 -3 6 8 -4 -7 -6 -9 -10
right_child=1 3 4 -5 5 7 -8 9 10 -11 -12
leaf_value=-0.34274112756739661 0.50201540661877708 -0.24726056711018432 -0.080723436855520872 0.089431606139644043 -0.39487874555271985 0.20370250148883717 0.26112759318572798 -0.14378181289871428 -0.22346548727302817 0.0503774865126288 -0.057716030476004258
leaf_weight=18 17 17 19 27 14.999999999999998 14.999999999999998 14.999999999999998 37 15.999999999999998 21 24
leaf_count=18 17 17 19 27 15 15 15 37 16 21 24
internal_value=-0.0380521 0.110964 -0.0886133 -0.0408063 -0.060152 -0.0948622 0.0702701 -0.0162166 -0.198937 -0.073431 -0.124532
internal_weight=241 61 180 44 162 128 34 73 55 58 40
internal_count=241 61 180 44 162 128 34 73 55 58 40
is_linear=0
shrinkage=0.05


Tree=113
num_leaves=10
num_cat=0
split_feature=109 11 54 34 31 95 99 80 17
split_gain=1088.91 3271.87 586.642 903.681 409.843 446.394 323.054 230.785 175.791
threshold=-0.044166666666666458 28.050000000000004 72.000000000000014 2.5000000000000004 0.038333333333333559 34.95000000000001 42.150000000000013 0.039166666666666579 32.350000000000001
decision_type=2 2 2 2 2 2 2 2 2
left_child=1 -1 3 -2 5 6 -5 -7 -3
right_child=2 8 -4 4 -6 7 -8 -9 -10
leaf_value=0.80027560277014764 -0.42674092911837391 -0.19751090470528762 0.16842643476995156 -0.15729370298024439 -0.27295663885728655 -0.032303998951530043 0.097004327696751977 -0.26172237075618093 0.036541457058132047
leaf_weight=15.999999999999998 17 14.999999999999998 27 14.999999999999998 17 23 72 21 17
leaf_count=16 17 15 27 15 17 23 72 21 17
internal_value=0.00608797 0.218854 -0.0471638 -0.0825531 -0.0427228 -0.0126216 0.0529722 -0.142258 -0.0732883
internal_weight=240 48 192 165 148 131 87 44 32
internal_count=240 48 192 165 148 131 87 44 32
is_linear=0
shrinkage=0.05


Tree=114
num_leaves=8
num_cat=0
split_feature=23 89 19 89 13 37 87
split_gain=1251.93 522.696 626.221 716.562 413.136 326.301 280.973
threshold=51.45000000000001 52.600000000000001 6.0250000000000012 47.100000000000009 4.7100000000000009 2.2666666666666591 6.785000000000001
decision_type=2 2 2 2 2 2 2
left_child=-1 2 3 4 6 -6 -2
right_child=1 -3 -4 -5 5 -7 -8
leaf_value=0.36031395511709768 -0.37949017724454015 -0.31062499367638141 0.29351475879272321 0.28727053011426273 0.1809638543261422 -0.052456820508361271 -0.085923451810910545
leaf_weight=23 14.999999999999998 14.999999999999998 15.999999999999998 15.999999999999998 17 120 18
leaf_count=23 15 15 16 16 17 120 18
internal_value=0.0103597 -0.0268581 -0.00561828 -0.0315209 -0.0617055 -0.0233449 -0.220257
internal_weight=240 217 202 186 170 137 33
internal_count=240 217 202 186 170 137 33
is_linear=0
shrinkage=0.05


Tree=115
num_leaves=9
num_cat=0
split_feature=120 104 121 36 68 65 35 18
split_gain=1157.93 2859.31 546.203 522.558 435.247 375.927 302.357 231.892
threshold=1.5000000000000002 26.500000000000004 -0.29916666666666719 2.5000000000000004 55.500000000000007 12.750000000000002 5.9083333333333288 38.95000000000001
decision_type=2 2 2 2 2 2 2 2
left_child=1 -1 -2 -4 5 -5 -6 -7
right_child=2 -3 3 4 6 7 -8 -9
leaf_value=-0.11262004920184859 -0.27642047891119648 0.70665789914770893 0.21447507577799102 0.17705927408074004 -0.36423356552787178 0.13835332575223305 -0.067026316029811961 -0.075647798045234305
leaf_weight=24 21 19 23 25 14.999999999999998 14.999999999999998 20 78
leaf_count=24 21 19 23 25 15 15 20 78
internal_value=0.0152978 0.25007 -0.0360224 -0.00716951 -0.0406396 0.00529407 -0.195218 -0.0409662
internal_weight=240 43 197 176 153 118 35 93
internal_count=240 43 197 176 153 118 35 93
is_linear=0
shrinkage=0.05


Tree=116
num_leaves=12
num_cat=0
split_feature=98 58 66 60 68 116 115 121 14 123 20
split_gain=1283.49 2401.2 679.115 801.306 591.21 509.929 426.719 393.138 322.673 270.24 175.008
threshold=22.600000000000005 5.1750000000000007 22.450000000000003 42.45000000000001 55.500000000000007 2.5000000000000004 14.649999999999997 -0.22083333333333319 32.900000000000006 -0.0016666666666666633 26.950000000000003
decision_type=2 2 2 2 2 2 2 2 2 2 2
left_child=1 -1 4 -4 6 -5 7 -2 -6 -7 -9
right_child=2 -3 3 5 8 9 -8 10 -10 -11 -12
leaf_value=-0.14012046704031772 -0.2621827365946473 0.75203151525251133 0.40540546739338251 0.19858700157842826 -0.46144295536129687 -0.26006812909890337 0.19747772958894438 0.12385044832103301 -0.1500228547300968 0.01037242217591746 -0.071225611614586168
leaf_weight=15.000000000000002 24 14.999999999999998 14.999999999999998 20 14.999999999999998 17 14.999999999999998 14.999999999999998 19 20 48
leaf_count=15 24 15 15 20 15 17 15 15 19 20 48
internal_value=0.0016114 0.306806 -0.0425093 0.081547 -0.108235 -0.00415202 -0.0478697 -0.0904066 -0.288511 -0.114115 -0.024577
internal_weight=238 30 208 72 136 57 102 87 34 37 63
internal_count=238 30 208 72 136 57 102 87 34 37 63
is_linear=0
shrinkage=0.05


Tree=117
num_leaves=11
num_cat=0
split_feature=35 84 66 39 28 105 87 67 79 117
split_gain=1426 4267.97 478.666 283.548 315.178 271.713 291.849 207.872 123.3 68.3024
threshold=-3.2416666666666649 0.0058333333333333301 7.2500000000000009 1.6591666666666669 15.550000000000002 10.800000000000002 6.7750000000000012 5.8500000000000005 3.5000000000000004 0.88166666666666649
decision_type=2 2 2 2 2 2 2 2 2 2
left_child=1 -1 -2 4 5 -4 -7 -5 -6 -9
right_child=2 -3 3 7 8 6 -8 9 -10 -11
leaf_value=-0.13812897789980716 -0.23504634608789698 0.86124201413676227 0.25528319576335828 0.021611817204515348 0 0.17546542412285351 -0.06059953355900595 -0.25997846826263088 -0.19935317967111701 -0.10962333207493587
leaf_weight=26 28 18 19 19 16.000000000000004 22 32 16.000000000000004 14.999999999999998 14.999999999999998
leaf_count=26 28 18 19 19 16 22 32 16 15 15
internal_value=0.0165018 0.271617 -0.0452623 -0.0105935 0.0364142 0.0931388 0.0356292 -0.108347 -0.0968723 -0.187973
internal_weight=226 44 182 154 104 73 54 50 31 31
internal_count=226 44 182 154 104 73 54 50 31 31
is_linear=0
shrinkage=0.05


Tree=118
num_leaves=9
num_cat=0
split_feature=23 90 88 51 45 73 64 101
split_gain=1208.61 539.517 695.465 842.795 203.717 225.69 258.249 230.456
threshold=51.45000000000001 68.550000000000011 5.8500000000000005 63.600000000000009 -0.030000000000000009 4.5000000000000009 36.600000000000001 65.100000000000009
decision_type=2 2 2 2 2 2 2 2
left_child=-1 2 4 -4 -2 6 -6 -7
right_child=1 -3 3 -5 5 7 -8 -9
leaf_value=0.34283865974062966 -0.19323600641954905 -0.32599650429968807 0.0013404204391736757 0.46216024791957527 -0.043510252139539685 -0.016338977058215336 0.15931808522384094 -0.22497699152378514
leaf_weight=23 26 14.999999999999998 29 14.999999999999998 54 27 22 26
leaf_count=23 26 15 29 15 54 27 22 26
internal_value=-0.00074428 -0.0378377 -0.0159392 0.159243 -0.0657712 -0.0399122 0.0152697 -0.119015
internal_weight=237 214 199 44 155 129 76 53
internal_count=237 214 199 44 155 129 76 53
is_linear=0
shrinkage=0.05


Tree=119
num_leaves=9
num_cat=0
split_feature=115 74 60 66 75 9 104 33
split_gain=1088.76 1023.16 562.559 899.56 481.822 795.766 386.653 186.322
threshold=-14.725 -12.449999999999999 42.45000000000001 22.450000000000003 2.5000000000000004 6.8750000000000009 43.45000000000001 0.22416666666666621
decision_type=2 2 2 2 2 2 2 2
left_child=-1 -2 3 -3 7 6 -6 -4
right_child=1 2 4 -5 5 -7 -8 -9
leaf_value=0.40204697563226177 0.34724726913965237 -0.094706012388001165 -0.40112938596712838 0.36064326781096884 -0.050203563227650919 -0.39579616169266357 0.20257161780368557 -0.15750683554780412
leaf_weight=15.999999999999998 17 25 14.999999999999998 19 92 14.999999999999998 18 17
leaf_count=16 17 25 15 19 92 15 18 17
internal_value=0.00524522 -0.0240259 -0.055609 0.102181 -0.0998991 -0.0554255 -0.00864852 -0.272755
internal_weight=234 218 201 44 157 125 110 32
internal_count=234 218 201 44 157 125 110 32
is_linear=0
shrinkage=0.05


Tree=120
num_leaves=8
num_cat=0
split_feature=100 31 35 14 48 26 100
split_gain=1180.65 1108.58 706.34 500.443 565.505 393.186 287.441
threshold=0.20500000000000004 0.044999999999999936 -8.0916666666666703 25.300000000000004 6.7650000000000006 18.750000000000004 0.17500000000000002
decision_type=2 2 2 2 2 2 2
left_child=1 2 -1 4 -4 -5 -7
right_child=-2 -3 3 5 -6 6 -8
leaf_value=-0.38578167574376054 0.42362814011015248 0.32126583913665507 -0.44099918810144961 0.21165065543813855 -0.043136709604867436 0.014678552456812606 -0.14914768021704372
leaf_weight=15.999999999999998 14.999999999999998 20 14.999999999999998 19 22 96 37
leaf_count=16 15 20 15 19 22 96 37
internal_value=-0.00435031 -0.0330799 -0.0678144 -0.0406803 -0.205321 -0.000461818 -0.0309374
internal_weight=240 225 205 189 37 152 133
internal_count=240 225 205 189 37 152 133
is_linear=0
shrinkage=0.05


Tree=121
num_leaves=8
num_cat=0
split_feature=123 44 59 23 0 33 23
split_gain=1225.98 812.202 1763.47 903.412 249.923 355.194 184.936
threshold=0.030833333333333327 4.5000000000000009 31.850000000000005 51.45000000000001 571.00000000000011 -0.071666666666667198 69.40000000000002
decision_type=2 2 2 2 2 2 2
left_child=1 3 -3 -1 -5 -6 -7
right_child=-2 2 -4 4 5 6 -8
leaf_value=-0.44750579429778048 0.43373306221914609 0.46017779356989508 -0.18926592450491422 0.098516319206848002 -0.27046641577132713 0.11394897380418943 -0.063076995574737921
leaf_weight=14.999999999999998 14.999999999999998 23 19 26 19 17 107
leaf_count=15 15 23 19 26 19 17 107
internal_value=-0.00244501 -0.031596 0.166511 -0.0769092 -0.0437413 -0.069692 -0.0386948
internal_weight=241 226 42 184 169 143 124
internal_count=241 226 42 184 169 143 124
is_linear=0
shrinkage=0.05


Tree=122
num_leaves=7
num_cat=0
split_feature=11 33 121 66 63 94
split_gain=570.5 669.867 304.346 386.012 232.228 224.843
threshold=21.050000000000001 -0.41666666666666646 0.55250000000000032 8.0000000000000018 56.800000000000004 5.1250000000000009
decision_type=2 2 2 2 2 2
left_child=-1 -2 3 -3 5 -5
right_child=1 2 -4 4 -6 -7
leaf_value=-0.30202823291167369 0.29053193599159954 -0.23545109944782039 0.13504257326002245 0.068217938068991998 -0.17669223126243144 -0.064358862137474715
leaf_weight=18 17 26 23 61 22 67
leaf_count=18 17 26 23 61 22 67
internal_value=-0.0323779 -0.00975454 -0.0355653 -0.0579531 -0.0270171 -0.00113477
internal_weight=234 216 199 176 150 128
internal_count=234 216 199 176 150 128
is_linear=0
shrinkage=0.05


Tree=123
num_leaves=8
num_cat=0
split_feature=44 118 104 11 23 62 41
split_gain=935.927 1447.17 1157.59 738.453 300.135 390.593 175.127
threshold=4.5000000000000009 2.5000000000000004 42.550000000000004 21.650000000000002 58.550000000000004 56.050000000000004 0.58250000000000013
decision_type=2 2 2 2 2 2 2
left_child=2 -2 3 -1 -5 -6 -7
right_child=1 -3 -4 4 5 6 -8
leaf_value=-0.42321927024433947 0.60476107054593553 -0.030557079614894424 0.27382240315594997 -0.27092266070921694 0.15732688647589532 -0.039721044062974081 -0.1805752470612102
leaf_weight=14.999999999999998 14.999999999999998 22 25 14.999999999999998 22 104 28
leaf_count=15 15 22 25 15 22 104 28
internal_value=-0.00361325 0.227805 -0.0446954 -0.0881246 -0.0581202 -0.0371979 -0.0697511
internal_weight=246 37 209 184 169 154 132
internal_count=246 37 209 184 169 154 132
is_linear=0
shrinkage=0.05


Tree=124
num_leaves=10
num_cat=0
split_feature=100 31 35 119 92 24 101 90 111
split_gain=1013.13 797.706 493.671 555.434 484.176 181.143 183.689 174.125 148.081
threshold=0.20500000000000004 0.040833333333333506 2.4333333333333358 -0.45749999999999996 42.20000000000001 41.250000000000007 65.300000000000026 34.45000000000001 -0.21666666666666631
decision_type=2 2 2 2 2 2 2 2 2
left_child=1 2 3 -1 -5 -4 7 -7 -8
right_child=-2 -3 5 4 -6 6 8 -9 -10
leaf_value=0.074720642285317357 0.39580742835209071 0.25118851357208188 0.11128110089178743 -0.12629584444551176 -0.45892239018143477 -0.24099336895883453 0.15910536137637712 -0.04278289447706244 -0.019895906491459267
leaf_weight=15.999999999999998 14.999999999999998 23 26 26 19 15.999999999999998 14.999999999999998 36 49
leaf_count=16 15 23 26 26 19 16 15 36 49
internal_value=-0.000700983 -0.0272034 -0.0588782 -0.177721 -0.267555 -0.00770174 -0.0344863 -0.104212 0.0221623
internal_weight=241 226 203 61 45 142 116 52 64
internal_count=241 226 203 61 45 142 116 52 64
is_linear=0
shrinkage=0.05


Tree=125
num_leaves=10
num_cat=0
split_feature=123 55 70 33 71 45 121 9 49
split_gain=1100.73 493.032 624.773 576.937 331.802 290.557 365.253 236.923 187.327
threshold=0.030833333333333327 4.3900000000000015 -0.030833333333333709 -0.41666666666666646 2.5000000000000004 -0.014166666666666687 -0.32583333333333314 6.7650000000000006 5.785000000000001
decision_type=2 2 2 2 2 2 2 2 2
left_child=1 2 -1 -3 7 8 -7 -5 -6
right_child=-2 3 -4 4 5 6 -8 -9 -10
leaf_value=-0.45222402179478022 0.40426808879864934 0.22234794471521102 -0.0099085323503023091 -0.3093577798347027 -0.022809030807957389 0.27584660396670668 0.0046210779597220175 -0.048757063856770311 -0.22216702647000083
leaf_weight=14.999999999999998 14.999999999999998 24 17 17 31 14.999999999999998 70 18 19
leaf_count=15 15 24 17 17 31 15 70 18 19
internal_value=-0.00902545 -0.0366452 -0.218163 -0.00658148 -0.039042 -0.003394 0.0528111 -0.175998 -0.0989571
internal_weight=241 226 32 194 170 135 85 35 50
internal_count=241 226 32 194 170 135 85 35 50
is_linear=0
shrinkage=0.05


Tree=126
num_leaves=10
num_cat=0
split_feature=29 115 70 118 118 35 56 70 39
split_gain=1075.5 494.465 464.438 505.983 948.24 359.581 292.645 257.175 211.46
threshold=47.500000000000007 15.558333333333335 -0.057499999999999211 2.5000000000000004 1.5000000000000002 -3.5249999999999981 29.500000000000004 -0.011666666666666712 0.63166666666666693
decision_type=2 2 2 2 2 2 2 2 2
left_child=-1 2 6 4 7 -5 -2 -4 -7
right_child=1 -3 3 5 -6 8 -8 -9 -10
leaf_value=0.37329284322192097 -0.36839448820080678 0.17572883379286255 -0.14115269174745801 -0.32024917389383384 0.38080551898916354 0.06966186477435575 -0.10494043780391327 0.1082640873061286 -0.10887781598459643
leaf_weight=17 17 24 26 14.999999999999998 19 24 28 17 53
leaf_count=17 17 24 26 15 19 24 28 17 53
internal_value=-0.00884093 -0.0381489 -0.0640436 -0.0226652 0.0876106 -0.0970502 -0.205175 -0.0424076 -0.0531461
internal_weight=240 223 199 154 62 92 45 43 77
internal_count=240 223 199 154 62 92 45 43 77
is_linear=0
shrinkage=0.05


Tree=127
num_leaves=10
num_cat=0
split_feature=109 11 112 111 88 62 80 31 74
split_gain=1111.33 3307.14 344.172 300.132 365.006 347.593 671.966 277.952 188.129
threshold=-0.044166666666666458 28.050000000000004 1.5000000000000002 -0.37416666666666648 4.5250000000000012 76.550000000000011 -0.29333333333333339 0.00083333333333346371 4.8999999999999995
decision_type=2 2 2 2 2 2 2 2 2
left_child=1 -1 -2 -4 -5 7 -7 -6 -3
right_child=2 8 3 4 5 6 -8 -9 -10
leaf_value=0.83536353804023067 -0.23744144532917799 -0.1578266768321317 0.12294991052232658 -0.27749374275622157 -0.015725180665960643 0.16009763660809853 -0.2340725380213555 0.19875690897494133 0.078270776461291783
leaf_weight=14.999999999999998 21 19 29 15.999999999999998 53 14.999999999999998 38 21 14.999999999999998
leaf_count=15 21 19 29 16 53 15 38 21 15
internal_value=0.00716498 0.21958 -0.0468242 -0.0233976 -0.0531766 -0.0246808 -0.122329 0.04526 -0.0535953
internal_weight=242 49 193 172 143 127 53 74 34
internal_count=242 49 193 172 143 127 53 74 34
is_linear=0
shrinkage=0.05


Tree=128
num_leaves=9
num_cat=0
split_feature=41 70 113 44 89 23 111 0
split_gain=1065.44 2383.02 469.534 502.88 879.114 637.565 435.377 299.845
threshold=-0.55916666666666648 -0.040000000000000473 -11.099999999999996 4.5000000000000009 36.300000000000004 64.950000000000017 -0.52749999999999975 571.00000000000011
decision_type=2 2 2 2 2 2 2 2
left_child=1 -1 -2 5 -5 -4 -7 -8
right_child=2 -3 3 4 -6 6 7 -9
leaf_value=0.74007630395573498 -0.27925565549023246 -0.067921404024481255 -0.30708211319988937 -0.085298637395405635 0.4147551091790897 0.23270663561658089 0.14738604276500947 -0.079995061557634223
leaf_weight=14.999999999999998 18 23 21 18 17 15.999999999999998 17 95
leaf_count=15 18 23 21 18 17 16 17 95
internal_value=0.00945424 0.251999 -0.0362504 -0.0123122 0.157932 -0.0524151 -0.0103876 -0.0453366
internal_weight=240 38 202 184 35 149 128 112
internal_count=240 38 202 184 35 149 128 112
is_linear=0
shrinkage=0.05


Tree=129
num_leaves=10
num_cat=0
split_feature=115 56 70 19 36 19 65 26 50
split_gain=920.78 432.949 592.969 571.285 695.998 524.876 322.755 194.812 189.251
threshold=-17.108333333333331 28.850000000000005 -0.057499999999999211 4.620000000000001 2.5000000000000004 4.8800000000000008 17.050000000000001 36.900000000000006 33.95000000000001
decision_type=2 2 2 2 2 2 2 2 2
left_child=-1 2 -2 8 -5 -6 -7 -4 -3
right_child=1 3 7 4 5 6 -8 -9 -10
leaf_value=0.36944962735010306 -0.41620127825152803 -0.063153191540616646 -0.14936309133745809 0.35657795904672634 0.28665766216666494 0.12209684094822265 -0.087626255208711201 0.044343400656929648 -0.3040818091259887
leaf_weight=14.999999999999998 14.999999999999998 18 28 17 14.999999999999998 25 68 24 14.999999999999998
leaf_count=15 15 18 28 17 15 25 68 24 15
internal_value=-0.00849974 -0.0338715 -0.140284 0.0112814 0.0601782 0.0131898 -0.0311248 -0.0599506 -0.173405
internal_weight=240 225 67 158 125 108 93 52 33
internal_count=240 225 67 158 125 108 93 52 33
is_linear=0
shrinkage=0.05


Tree=130
num_leaves=12
num_cat=0
split_feature=23 70 117 14 31 121 57 90 1 35 20
split_gain=1284.12 477.8 380.797 517.585 601.835 288.059 246.735 218.941 215.155 200.957 187.414
threshold=51.45000000000001 -0.056666666666666192 1.2041666666666673 44.600000000000001 0.023333333333332987 -0.22999999999999995 48.95000000000001 40.100000000000009 2.5000000000000004 5.3750000000000027 34.250000000000007
decision_type=2 2 2 2 2 2 2 2 2 2 2
left_child=-1 5 3 4 7 -2 -5 -3 -7 -4 -8
right_child=1 2 9 6 -6 8 10 -9 -10 -11 -12
leaf_value=0.35127147430981398 -0.35712885232950686 -0.090809532728313741 -0.28167076517907991 0.092861630420507102 0.3994912057929898 0.013793601435771333 -0.24669281321378489 0.12034527592928079 -0.22747987842524961 -0.04193660961508186 -0.030014656283962195
leaf_weight=23 14.999999999999998 18 14.999999999999998 15.999999999999998 15.999999999999998 20 20 38 17 21 20
leaf_count=23 15 18 15 16 16 20 20 38 17 21 20
internal_value=-0.00304248 -0.0409386 0.000935234 0.0413861 0.130004 -0.172846 -0.072491 0.0523441 -0.0972414 -0.142468 -0.138823
internal_weight=239 216 164 128 72 52 56 56 37 36 40
internal_count=239 216 164 128 72 52 56 56 37 36 40
is_linear=0
shrinkage=0.05


Tree=131
num_leaves=9
num_cat=0
split_feature=23 19 57 8 82 100 20 18
split_gain=1495.51 356.548 298.984 479.522 266.805 306.824 213.116 132.665
threshold=51.45000000000001 6.0250000000000012 55.650000000000013 1.5000000000000002 0.48249999999999998 0.15500000000000003 26.950000000000003 50.550000000000004
decision_type=2 2 2 2 2 2 2 2
left_child=-1 2 4 -4 5 7 -7 -2
right_child=1 -3 3 -5 -6 6 -8 -9
leaf_value=0.42220308633777198 -0.016692883950590296 0.20712602405074221 0.21110415449331607 -0.089146007283437301 -0.27391809390870153 0.056084506255355097 -0.12977226274053147 0.19286602713809109
leaf_weight=21 15.000000000000002 15.999999999999998 27 26 14.999999999999998 19 80 14.999999999999998
leaf_count=21 15 16 27 26 15 19 80 15
internal_value=0.0206661 -0.0190781 -0.0375712 0.063827 -0.0749444 -0.051575 -0.0940317 0.0882131
internal_weight=234 213 197 53 144 129 99 30
internal_count=234 213 197 53 144 129 99 30
is_linear=0
shrinkage=0.05


Tree=132
num_leaves=10
num_cat=0
split_feature=119 31 35 35 80 54 35 121 103
split_gain=873.216 782.58 1745.1 432.21 617.191 421.451 206.801 184.727 145.545
threshold=1.0333333333333334 0.035000000000000149 2.0750000000000015 2.4333333333333358 -1.0000000180025095e-35 53.550000000000004 5.133333333333332 -0.29916666666666719 26.800000000000001
decision_type=2 2 2 2 2 2 2 2 2
left_child=1 3 -3 4 -1 -6 -5 -8 -9
right_child=-2 2 -4 6 5 -7 7 8 -10
leaf_value=-0.013776474601278703 0.36330215655612635 0.57320633889725492 -0.10500942356400676 0.14836765346088393 -0.15992720549740985 -0.52486239371710275 -0.18049581228797118 0.068556960556885538 -0.062854068507246022
leaf_weight=29 14.999999999999998 15.999999999999998 23 15.999999999999998 17 14.999999999999998 20 34 55
leaf_count=29 15 16 23 16 17 15 20 34 55
internal_value=-0.00475643 -0.0294664 0.173859 -0.0721966 -0.181196 -0.332249 -0.0188626 -0.0435695 -0.0125754
internal_weight=240 225 39 186 61 32 125 109 89
internal_count=240 225 39 186 61 32 125 109 89
is_linear=0
shrinkage=0.05


Tree=133
num_leaves=9
num_cat=0
split_feature=98 32 23 44 59 10 111 115
split_gain=901.496 1885.71 391.84 471.86 918.832 620.262 265.013 166.147
threshold=22.600000000000005 4.5000000000000009 90.65000000000002 4.5000000000000009 31.750000000000004 4.5000000000000009 -0.55666666666666609 -1.0833333333333355
decision_type=2 2 2 2 2 2 2 2
left_child=1 -1 3 5 -5 -2 -7 -8
right_child=2 -3 -4 4 -6 6 7 -9
leaf_value=0.65297248908226058 -0.33507906613294147 -0.12517077358242887 -0.24070020588865215 0.4145640557272392 -0.09664264192009725 0.12438656993457753 -0.14187613364713283 -0.0092116259821194164
leaf_weight=15.000000000000002 17 15.999999999999998 21 17 18 27 34 77
leaf_count=15 17 16 21 17 18 27 34 77
internal_value=0.000737323 0.252078 -0.0362678 -0.0135316 0.151989 -0.0510133 -0.0157662 -0.0499837
internal_weight=242 31 211 190 35 155 138 111
internal_count=242 31 211 190 35 155 138 111
is_linear=0
shrinkage=0.05


Tree=134
num_leaves=13
num_cat=0
split_feature=98 66 60 68 73 88 118 37 38 81 72 29
split_gain=968.04 388.149 863.101 581.092 386.589 290.565 288.019 259.654 259.394 237.486 165.828 126.808
threshold=22.600000000000005 22.450000000000003 42.45000000000001 55.500000000000007 3.5000000000000004 4.8950000000000005 1.5000000000000002 8.5666666666666682 4.5000000000000009 2.5000000000000004 0.77250000000000096 53.500000000000007
decision_type=2 2 2 2 2 2 2 2 2 2 2 2
left_child=-1 3 -3 5 -4 7 -6 -2 -5 -9 -8 -7
right_child=1 2 4 8 6 11 10 9 -10 -11 -12 -13
leaf_value=0.2730788916137295 -0.27396471662697386 0.38799540341295158 0.19126309937865332 -0.42071399988594999 -0.27997752183320512 -0.0302654845142796 -0.11017184727847294 -0.18266494440736236 -0.12986299561348968 0.072264727808852888 0.1068184562076796 0.13391173182285404
leaf_weight=28 17 14.999999999999998 14.999999999999998 15.999999999999998 14.999999999999998 22 21 15.999999999999998 15.000000000000002 21 14.999999999999998 25
leaf_count=28 17 15 15 16 15 22 21 16 15 21 15 25
internal_value=-0.00274589 -0.0391391 0.0469479 -0.0919987 -0.030957 -0.0337151 -0.09666 -0.112771 -0.281011 -0.0380356 -0.0195753 0.0570556
internal_weight=241 213 81 132 66 101 51 54 31 37 36 47
internal_count=241 213 81 132 66 101 51 54 31 37 36 47
is_linear=0
shrinkage=0.05


Tree=135
num_leaves=13
num_cat=0
split_feature=83 45 119 58 35 121 29 102 121 23 105 117
split_gain=945.683 3689.55 365.652 678.734 471.318 354.549 325.871 232.32 190.127 167.044 110.894 46.4893
threshold=4.5000000000000009 -0.0049999999999999758 -0.042500000000000419 4.7750000000000012 -3.2416666666666649 0.27416666666666695 51.500000000000007 20.400000000000002 -0.11166666666666679 86.500000000000014 18.900000000000002 0.34749999999999975
decision_type=2 2 2 2 2 2 2 2 2 2 2 2
left_child=2 9 3 -1 -4 6 -5 -6 -8 -2 11 -9
right_child=1 -3 4 5 7 -7 8 10 -10 -11 -12 -13
leaf_value=0.27625857840723067 -0.13531015529600596 0.85387072320410751 -0.35077294444263973 0.20003981076137364 -0.23721701842270151 -0.21380183879947251 -0.18423742533427234 -0.017038706833531394 0.059171813686951895 0.069419389722510147 0.067692827662348229 -0.13987863562655764
leaf_weight=20 26 14.999999999999998 18 17 14.999999999999998 23 17 16.000000000000004 14.999999999999998 15.999999999999998 23 14.999999999999998
leaf_count=20 26 15 18 17 15 23 17 16 15 16 23 15
internal_value=0.00632546 0.183529 -0.0501455 0.0193017 -0.123579 -0.05229 0.0237009 -0.0638171 -0.0701547 -0.0572195 -0.0152086 -0.0768968
internal_weight=236 57 179 92 87 72 49 69 32 42 54 31
internal_count=236 57 179 92 87 72 49 69 32 42 54 31
is_linear=0
shrinkage=0.05


Tree=136
num_leaves=11
num_cat=0
split_feature=117 35 51 117 35 49 84 90 73 86
split_gain=922.847 2388.79 397.812 334.872 436.762 255.527 235.777 212.109 179.221 135.288
threshold=-0.43999999999999989 4.7916666666666616 70.000000000000014 1.655 -3.2416666666666649 4.1950000000000012 1.0000000180025095e-35 40.100000000000009 4.5000000000000009 1.0000000180025095e-35
decision_type=2 2 2 2 2 2 2 2 2 2
left_child=1 -1 3 4 -2 -6 -5 -3 -7 -9
right_child=2 7 -4 6 5 8 -8 9 -10 -11
leaf_value=0.71595507848341744 -0.30384055937843762 -0.14033031009178792 0.14826785761033187 -0.080351806593220124 -0.24127310504570854 0.028183046840684935 0.17850713551620753 0.18196740997708494 -0.12960712733547305 -0.029629774051194165
leaf_weight=14.999999999999998 26 18 21 17 18 47 18 15.000000000000002 29 14.999999999999998
leaf_count=15 26 18 21 17 18 47 18 15 29 15
internal_value=0.00336775 0.167452 -0.0554004 -0.0831042 -0.122785 -0.0723825 0.0527625 -0.00498296 -0.0320519 0.0762558
internal_weight=239 63 176 155 120 94 35 48 76 30
internal_count=239 63 176 155 120 94 35 48 76 30
is_linear=0
shrinkage=0.05


Tree=137
num_leaves=10
num_cat=0
split_feature=109 35 66 80 67 109 104 41 63
split_gain=626.972 422.821 349.562 212.49 321.87 298.826 192.96 182.366 111.104
threshold=-0.069166666666666807 -7.7166666666666588 8.0000000000000018 0.20999999999999999 1.0000000180025095e-35 0.056666666666667094 23.300000000000004 0.58250000000000013 43.900000000000006
decision_type=2 2 2 2 2 2 2 2 2
left_child=-1 -2 6 5 -5 7 -3 -4 -6
right_child=1 2 3 4 8 -7 -8 -9 -10
leaf_value=0.25061327121411153 -0.29522064548829641 -0.31714627727958727 0.035389223932879799 0.079803216582193415 -0.085360560816893638 0.22468179416212239 -0.070901366545361763 -0.11535865449847066 -0.24892162057037037
leaf_weight=17 18 15.999999999999998 70 19 21 15.999999999999998 15.999999999999998 28 21
leaf_count=17 18 16 70 19 21 16 16 28 21
internal_value=-0.0412355 -0.06341 -0.0430956 -0.0152343 -0.0904928 0.0250358 -0.194784 -0.00770432 -0.167657
internal_weight=242 225 207 175 61 114 32 98 42
internal_count=242 225 207 175 61 114 32 98 42
is_linear=0
shrinkage=0.05


Tree=138
num_leaves=7
num_cat=0
split_feature=98 19 11 37 51 24
split_gain=1058.77 296.108 405.615 350.515 311.932 279.439
threshold=22.600000000000005 4.5100000000000007 23.400000000000002 -3.6083333333333338 36.300000000000004 40.350000000000009
decision_type=2 2 2 2 2 2
left_child=-1 -2 -3 -4 -5 -6
right_child=1 2 3 4 5 -7
leaf_value=0.29357164833158583 -0.21617809240286948 0.22138914525370051 -0.27115003841602253 -0.19789616515003675 0.14922029436483078 -0.027587218123712638
leaf_weight=27 21 15.999999999999998 14.999999999999998 21 28 109
leaf_count=27 21 16 15 21 28 109
internal_value=-0.000539227 -0.038499 -0.0186266 -0.0409685 -0.0189265 0.00859464
internal_weight=237 210 189 173 158 137
internal_count=237 210 189 173 158 137
is_linear=0
shrinkage=0.05


Tree=139
num_leaves=11
num_cat=0
split_feature=41 32 10 5 24 98 11 54 28 74
split_gain=947.465 2218.79 419.497 327.031 471.663 360.668 249.525 326.984 226.23 135.313
threshold=-0.55916666666666648 4.5000000000000009 4.285000000000001 1.0000000180025095e-35 40.350000000000009 39.900000000000006 46.750000000000007 65.700000000000003 11.750000000000002 8.1583333333333332
decision_type=2 2 2 2 2 2 2 2 2 2
left_child=1 -1 -2 4 -4 8 7 9 -6 -5
right_child=2 -3 3 6 5 -7 -8 -9 -10 -11
leaf_value=0.69848825908851941 -0.29796665436187331 -0.081124543888873357 0.23153864661981532 -0.0068687605905342862 -0.15257733312980554 0.20014195966207429 0.062465983245804983 -0.34637760882792268 0.023336987711085892 -0.19297310671080714
leaf_weight=14.999999999999998 14.999999999999998 23 23 25 38 14.999999999999998 17 15.999999999999998 35 15.999999999999998
leaf_count=15 15 23 23 25 38 15 17 16 35 16
internal_value=-0.0009965 0.227512 -0.04453 -0.0238042 0.0304376 -0.0222693 -0.105166 -0.155271 -0.0682499 -0.0799093
internal_weight=238 38 200 185 111 88 74 57 73 41
internal_count=238 38 200 185 111 88 74 57 73 41
is_linear=0
shrinkage=0.05


Tree=140
num_leaves=12
num_cat=0
split_feature=41 70 90 53 37 29 35 48 13 66 49
split_gain=753.412 2020.75 396.041 376.525 674.268 479.034 649.043 251.038 216.96 124.797 122.999
threshold=-0.55916666666666648 -0.040000000000000473 40.100000000000009 26.800000000000001 13.758333333333338 51.500000000000007 1.0000000180025095e-35 6.7550000000000008 6.2300000000000013 28.850000000000005 5.2750000000000012
decision_type=2 2 2 2 2 2 2 2 2 2 2
left_child=1 -1 7 4 -4 8 -7 -2 -5 -8 -9
right_child=2 -3 3 5 -6 6 9 10 -10 -11 -12
leaf_value=0.65559982748221091 -0.33209316706815306 -0.095006688404406903 0.32961127114663191 0.20667010159430346 -0.075105058524146007 -0.3316959510994032 0.040833806221758848 0.019589821140695088 -0.037044979659666931 -0.12884977272948861 -0.18217244278516201
leaf_weight=14.999999999999998 14.999999999999998 22 21 21 20 24 33 15.000000000000002 15.999999999999998 15.999999999999998 14.999999999999998
leaf_count=15 15 22 21 21 20 24 33 15 16 16 15
internal_value=0.00346654 0.210105 -0.0356036 0.00319488 0.132365 -0.0449813 -0.119244 -0.165623 0.101329 -0.0146208 -0.0813953
internal_weight=233 37 196 151 41 110 73 45 37 49 30
internal_count=233 37 196 151 41 110 73 45 37 49 30
is_linear=0
shrinkage=0.05


Tree=141
num_leaves=8
num_cat=0
split_feature=123 52 53 121 63 13 68
split_gain=870.686 305.602 464.547 359.673 366.668 229.493 231.154
threshold=0.030833333333333327 6.7100000000000017 58.300000000000004 -0.56999999999999929 56.800000000000004 7.1150000000000011 55.500000000000007
decision_type=2 2 2 2 2 2 2
left_child=1 3 -3 -1 5 6 -5
right_child=-2 2 -4 4 -6 -7 -8
leaf_value=-0.25551217089999806 0.34867430412216693 0.22655436288871808 -0.12329598519002427 0.04241821804509327 -0.27031532728709051 -0.19026527660980561 -0.11842271838196367
leaf_weight=23 14.999999999999998 23 15.999999999999998 96 15.999999999999998 17 29
leaf_count=23 15 23 16 96 16 17 29
internal_value=-0.018585 -0.0437952 0.0829499 -0.0711632 -0.0441513 -0.0184606 0.00499832
internal_weight=235 220 39 181 158 142 125
internal_count=235 220 39 181 158 142 125
is_linear=0
shrinkage=0.05


Tree=142
num_leaves=12
num_cat=0
split_feature=117 17 17 88 121 92 73 76 41 48 13
split_gain=831.331 1775.49 411.913 554.28 617.817 293.559 250.165 177.83 283.62 162.767 212.373
threshold=-0.43999999999999989 25.950000000000003 32.350000000000001 5.8500000000000005 0.051666666666666757 47.300000000000004 3.5000000000000004 -1.8000000000000005 -0.23416666666666638 6.785000000000001 5.8600000000000003
decision_type=2 2 2 2 2 2 2 2 2 2 2
left_child=1 -1 5 9 -5 7 -3 -2 -9 10 -4
right_child=2 6 3 4 -6 -7 -8 8 -10 -11 -12
leaf_value=0.63340329564521891 -0.19697087172469405 0.14974804437519368 -0.28670944498469503 0.41544871829598162 -0.0036308289986651089 -0.3226069472120171 -0.08475723690568765 0.13888660374542941 -0.14597892892298273 0.016822599473797131 -0.040295199181231277
leaf_weight=14.999999999999998 22 19 14.999999999999998 14.999999999999998 21 17 28 15.999999999999998 19 28 21
leaf_count=15 22 19 15 15 21 17 28 16 19 28 21
internal_value=0.00464201 0.161721 -0.0513608 0.0147836 0.171514 -0.140712 0.0100533 -0.0859051 -0.0155876 -0.0734294 -0.143616
internal_weight=236 62 174 100 36 74 47 57 35 64 36
internal_count=236 62 174 100 36 74 47 57 35 64 36
is_linear=0
shrinkage=0.05


Tree=143
num_leaves=11
num_cat=0
split_feature=109 11 23 16 80 52 74 105 74 103
split_gain=777.281 1939.47 372.414 373.552 226.722 234.327 152.181 151.899 118.835 99.1732
threshold=-0.044166666666666458 28.050000000000004 51.45000000000001 6.0050000000000008 0.20999999999999999 3.8600000000000008 4.8999999999999995 19.150000000000002 -3.8916666666666688 36.350000000000001
decision_type=2 2 2 2 2 2 2 2 2 2
left_child=1 -1 -2 4 5 -4 -3 -7 -6 -10
right_child=2 6 3 -5 8 7 -8 -9 9 -11
leaf_value=0.62677705281454577 -0.25544700360422984 -0.14014683316425722 0.15973506709288435 0.14781724146371397 -0.25587021759803724 -0.10772928305298712 0.074760751791347724 0.031258436195407878 -0.019862495897110231 -0.18356640368977686
leaf_weight=15.999999999999998 19 18 17 27 14.999999999999998 43 14.999999999999998 36 22 15.999999999999998
leaf_count=16 19 18 17 27 15 43 15 36 22 16
internal_value=-0.000946759 0.17685 -0.0457173 -0.0229154 -0.0539655 -0.00804613 -0.0423798 -0.0443704 -0.136874 -0.0892226
internal_weight=244 49 195 176 149 96 33 79 53 38
internal_count=244 49 195 176 149 96 33 79 53 38
is_linear=0
shrinkage=0.05


Tree=144
num_leaves=7
num_cat=0
split_feature=29 74 25 23 12 119
split_gain=876.034 913.981 411.913 274.501 239.317 263.311
threshold=47.500000000000007 -12.233333333333329 21.250000000000004 90.65000000000002 40.300000000000004 0.018333333333333094
decision_type=2 2 2 2 2 2
left_child=-1 -2 -3 4 -4 -6
right_child=1 2 3 -5 5 -7
leaf_value=0.35257563141354342 0.33248104011716206 -0.27575983027232942 -0.17305331424454956 -0.17642056887319946 0.083762801819841207 -0.05155939554833916
leaf_weight=17 17 18 18 26 76 68
leaf_count=17 17 18 18 26 76 68
internal_value=0.00766151 -0.0187562 -0.0479133 -0.0259367 -0.00166015 0.0198345
internal_weight=240 223 206 188 162 144
internal_count=240 223 206 188 162 144
is_linear=0
shrinkage=0.05


Tree=145
num_leaves=7
num_cat=0
split_feature=39 72 71 12 26 23
split_gain=732.835 783.816 376.463 365.262 404.198 238.216
threshold=2.6908333333333334 -0.78666666666666651 2.5000000000000004 38.050000000000004 18.750000000000004 90.65000000000002
decision_type=2 2 2 2 2 2
left_child=1 -1 -3 -4 -5 -6
right_child=-2 2 3 4 5 -7
leaf_value=0.25219569707887746 0.31010072968508068 -0.23876208459737203 -0.26917494495972893 0.23421938133160802 -0.014320499373435514 -0.21902684378466622
leaf_weight=22 17 26 14.999999999999998 14.999999999999998 122 15.999999999999998
leaf_count=22 17 26 15 15 122 16
internal_value=-0.00496841 -0.0299207 -0.0620525 -0.034549 -0.0113531 -0.0382322
internal_weight=233 216 194 168 153 138
internal_count=233 216 194 168 153 138
is_linear=0
shrinkage=0.05


Tree=146
num_leaves=8
num_cat=0
split_feature=80 84 98 17 34 49 67
split_gain=733.527 632.047 293.347 499.849 400.332 227.094 163.045
threshold=-0.8291666666666665 0.025833333333333337 37.550000000000004 36.45000000000001 2.5000000000000004 4.245000000000001 4.6000000000000005
decision_type=2 2 2 2 2 2 2
left_child=-1 2 4 -4 -2 -6 -7
right_child=1 -3 3 -5 5 6 -8
leaf_value=0.31342366218392614 -0.29758610407095304 0.28563411670015348 0.22641955841316547 -0.09288353830686559 -0.19989979070236241 0.072989455675197185 -0.060969709224144047
leaf_weight=17 19 14.999999999999998 23 26 22 31 84
leaf_count=17 19 15 23 26 22 31 84
internal_value=-0.00200594 -0.0265341 -0.0495282 0.0570475 -0.083051 -0.0530661 -0.0247835
internal_weight=237 220 205 49 156 137 115
internal_count=237 220 205 49 156 137 115
is_linear=0
shrinkage=0.05


Tree=147
num_leaves=11
num_cat=0
split_feature=120 20 88 58 63 41 11 23 66 72
split_gain=801.574 1837.11 282.302 306.445 383.301 361.859 317.645 194.001 207.6 118.77
threshold=1.5000000000000002 30.050000000000004 4.1250000000000009 4.6800000000000006 52.150000000000013 0.31083333333333268 43.300000000000004 88.100000000000009 12.150000000000002 0.26666666666666711
decision_type=2 2 2 2 2 2 2 2 2 2
left_child=1 -1 9 5 7 -4 -6 8 -5 -2
right_child=2 -3 3 4 6 -7 -8 -9 -10 -11
leaf_value=0.64223527548624981 -0.27930105806186495 -0.050834105945267209 0.30365352231935155 -0.14416598148970491 -0.32375449987996313 -0.042574856928642227 -0.038118385189949582 0.1657538818507831 0.027440540777446856 -0.079317767572718745
leaf_weight=14.999999999999998 15.000000000000002 26 15.000000000000002 25 19 14.999999999999998 20 15.999999999999998 59 14.999999999999998
leaf_count=15 15 26 15 25 19 15 20 16 59 15
internal_value=0.00249914 0.203552 -0.0389801 -0.0138131 -0.0451336 0.130807 -0.177874 0.00671136 -0.0236841 -0.180071
internal_weight=240 41 199 169 139 30 39 100 84 30
internal_count=240 41 199 169 139 30 39 100 84 30
is_linear=0
shrinkage=0.05


Tree=148
num_leaves=9
num_cat=0
split_feature=89 35 15 9 98 26 32 23
split_gain=746.079 539.975 312.778 285.868 212.863 214.712 225.246 171.844
threshold=16.550000000000001 -8.5999999999999943 50.300000000000004 6.8150000000000004 40.95000000000001 18.750000000000004 3.5000000000000004 63.900000000000013
decision_type=2 2 2 2 2 2 2 2
left_child=-1 -2 3 7 5 -4 -7 -3
right_child=1 2 4 -5 -6 6 -8 -9
leaf_value=0.33875675358757468 0.2654272903566775 -0.31830426465452377 0.15428980637040937 0.052011400145410704 0.1805832827920156 -0.21420433014075951 -0.013271173462980596 -0.11300347133605311
leaf_weight=15.999999999999998 15.999999999999998 18 15.999999999999998 14.999999999999998 14.999999999999998 15.999999999999998 105 24
leaf_count=16 16 18 16 15 15 16 105 24
internal_value=0.00993541 -0.0135653 -0.0350643 -0.134839 0.00238253 -0.0172095 -0.0400371 -0.201655
internal_weight=241 225 209 57 152 137 121 42
internal_count=241 225 209 57 152 137 121 42
is_linear=0
shrinkage=0.05


Tree=149
num_leaves=9
num_cat=0
split_feature=80 62 44 102 35 97 45 20
split_gain=929.358 554.903 339.697 734.107 432.006 177.718 142.721 104.127
threshold=-0.8291666666666665 45.850000000000009 4.5000000000000009 37.800000000000004 -4.3416666666666712 4.9050000000000011 -0.027499999999999993 32.550000000000004
decision_type=2 2 2 2 2 2 2 2
left_child=-1 -2 4 -4 -3 7 -7 -6
right_child=1 2 3 -5 5 6 -8 -9
leaf_value=0.38395859432338886 0.25198505603604848 -0.32175785995418238 -0.097202085450763615 0.34667396867497369 -0.23589569215188946 -0.13271706880352616 0.0087414134047059874 -0.062636766772079203
leaf_weight=14.999999999999998 17 15.999999999999998 22 15.999999999999998 17 22 92 18
leaf_count=15 17 16 22 16 17 22 92 18
internal_value=0.00448404 -0.0215292 -0.0445717 0.0899812 -0.0756257 -0.0489638 -0.0186062 -0.147366
internal_weight=235 220 203 38 165 149 114 35
internal_count=235 220 203 38 165 149 114 35
is_linear=0
shrinkage=0.05


Tree=150
num_leaves=10
num_cat=0
split_feature=44 59 11 105 58 101 24 120 20
split_gain=476.605 1073.53 496.799 171.402 131.947 195.517 124.334 112.331 112.235
threshold=4.5000000000000009 31.850000000000005 22.350000000000005 5.1500000000000012 5.6050000000000013 69.000000000000014 43.600000000000009 4.5000000000000009 31.750000000000004
decision_type=2 2 2 2 2 2 2 2 2
left_child=2 -2 -1 -4 6 -6 8 -8 -5
right_child=1 -3 3 4 5 -7 7 -9 -10
leaf_value=-0.32609580926030701 0.32002055906472993 -0.17328850034994916 0.086445907850610723 -0.27089829851953395 -0.081420178953265643 0.15928625422005624 -0.1032348754390551 0.0087953241576203527 -0.079553062575204031
leaf_weight=17 26 19 22 15.000000000000002 19 14.999999999999998 54 38 15.999999999999998
leaf_count=17 26 19 22 15 19 15 54 38 16
internal_value=-0.0348371 0.111701 -0.0685465 -0.0438901 -0.062229 0.0247829 -0.0863223 -0.0569479 -0.172874
internal_weight=241 45 196 179 157 34 123 92 31
internal_count=241 45 196 179 157 34 123 92 31
is_linear=0
shrinkage=0.05


Tree=151
num_leaves=9
num_cat=0
split_feature=23 89 88 37 37 22 113 57
split_gain=726.404 261.587 303.45 409.576 151.221 138.473 145.262 101.237
threshold=51.45000000000001 52.600000000000001 5.8500000000000005 0.59999999999999798 -2.7833333333333345 0.18500000000000003 -10.724999999999998 54.350000000000001
decision_type=2 2 2 2 2 2 2 2
left_child=-1 2 4 -4 -2 6 -6 -5
right_child=1 -3 3 7 5 -7 -8 -9
leaf_value=0.26575417221829112 -0.19272096265625482 -0.2177095251053757 0.31765877063700698 0.087327695068735486 -0.13315143048451208 -0.16325287195096105 0.017427255385710393 -0.09289738358744723
leaf_weight=24 14.999999999999998 15.999999999999998 14.999999999999998 16.000000000000004 19 15.999999999999998 99 14.999999999999998
leaf_count=24 15 16 15 16 19 16 99 15
internal_value=0.00567765 -0.0239927 -0.00796892 0.104119 -0.0426533 -0.0256862 -0.00686834 0
internal_weight=235 211 195 46 149 134 118 31
internal_count=235 211 195 46 149 134 118 31
is_linear=0
shrinkage=0.05


Tree=152
num_leaves=12
num_cat=0
split_feature=44 59 11 45 119 109 61 19 16 104 96
split_gain=481.796 1033.49 482.534 176.501 243.31 305.808 233.48 174.518 127.54 86.9884 68.6414
threshold=4.5000000000000009 31.750000000000004 21.650000000000002 -0.0066666666666666393 1.0000000180025095e-35 0.012499999999999735 0.17500000000000002 5.1650000000000009 5.1550000000000011 31.450000000000006 53.70000000000001
decision_type=2 2 2 2 2 2 2 2 2 2 2
left_child=2 -2 -1 4 5 9 8 -6 -5 -4 -9
right_child=1 -3 3 6 7 -7 -8 10 -10 -11 -12
leaf_value=-0.3290860501740942 0.37504289082441283 -0.12599012050314329 0.04643520193012176 -0.079539755320078454 -0.19147662732273482 0.20573366516389544 0.033841780210352689 -0.087206170407141209 -0.26678313306018486 -0.096381396273667888 0.051306720270742824
leaf_weight=14.999999999999998 21 20 24 17 21 24 19 15.999999999999998 20 19 20
leaf_count=15 21 20 24 17 21 24 19 16 20 19 20
internal_value=-0.0247599 0.130803 -0.0575439 -0.0347175 -0.00138216 0.0631354 -0.108308 -0.0772839 -0.181333 -0.016631 -0.0101871
internal_weight=236 41 195 180 124 67 56 57 37 43 36
internal_count=236 41 195 180 124 67 56 57 37 43 36
is_linear=0
shrinkage=0.05


Tree=153
num_leaves=8
num_cat=0
split_feature=78 74 25 51 45 13 54
split_gain=758.52 484.38 366.781 254.082 243.855 196.726 157.616
threshold=2.4616666666666673 -12.449999999999999 21.250000000000004 70.000000000000014 -0.00083333333333333859 6.8950000000000005 57.95000000000001
decision_type=2 2 2 2 2 2 2
left_child=1 -1 -3 4 5 -4 -6
right_child=-2 2 3 -5 6 -7 -8
leaf_value=0.21352786237656762 0.3387432179604935 -0.27884175529391125 0.023968402624261108 0.13337078729723867 -0.078484778407949526 -0.12534560453577956 -0.26725621545872497
leaf_weight=19 14.999999999999998 15.999999999999998 91 21 32 29 17
leaf_count=19 15 16 91 21 32 29 17
internal_value=-0.00429114 -0.0273226 -0.0496541 -0.0301912 -0.0506119 -0.0121485 -0.14449
internal_weight=240 225 206 190 169 120 49
internal_count=240 225 206 190 169 120 49
is_linear=0
shrinkage=0.05


Tree=154
num_leaves=11
num_cat=0
split_feature=41 70 70 21 44 52 15 55 62 19
split_gain=799.123 1678.15 248.341 271.386 297.041 248.446 216.183 181.759 100.226 83.6843
threshold=-0.55916666666666648 -0.039999999999998696 -0.056666666666666192 44.250000000000007 4.5000000000000009 3.8600000000000008 53.550000000000004 4.9450000000000012 76.550000000000011 5.2750000000000012
decision_type=2 2 2 2 2 2 2 2 2 2
left_child=1 -1 7 8 5 -5 -7 -2 -4 -9
right_child=2 -3 3 4 -6 6 -8 9 -10 -11
leaf_value=0.61964154320442133 -0.28087490489151307 -0.070983813156625372 -0.042418637698616722 0.17591706110823968 0.21415863492726031 -0.17202436147232403 0.01352830875463536 0.016134367754917275 -0.19433479459947023 -0.14320333170709687
leaf_weight=14.999999999999998 14.999999999999998 21 24 15.999999999999998 19 22 54 14.999999999999998 20 18
leaf_count=15 15 21 24 16 19 22 54 15 20 18
internal_value=0.000768238 0.217558 -0.0377407 -0.00690252 0.034724 -0.00247114 -0.0402741 -0.136997 -0.111869 -0.0707961
internal_weight=239 36 203 155 111 92 76 48 44 33
internal_count=239 36 203 155 111 92 76 48 44 33
is_linear=0
shrinkage=0.05


Tree=155
num_leaves=11
num_cat=0
split_feature=123 119 36 12 58 57 17 39 41 31
split_gain=726.353 434.064 1087.13 260.034 153.598 179.139 163.967 157.398 148.241 118.049
threshold=0.028333333333333339 -0.44083333333333335 3.5000000000000004 38.050000000000004 5.6050000000000013 57.20000000000001 24.050000000000001 0.65999999999999936 0.58250000000000013 -0.021666666666666941
decision_type=2 2 2 2 2 2 2 2 2 2
left_child=1 2 -1 -3 5 6 -5 -6 -4 -7
right_child=-2 3 8 4 7 9 -8 -9 -10 -11
leaf_value=0.46288397856432922 0.33711586022219125 -0.25800413286054374 0.043538084944625112 -0.16800194639527335 0.15448198527591661 -0.072001376323747299 -0.00089379739965504169 -0.064080171020615181 -0.15235203586009718 -0.27127164195704939
leaf_weight=14.999999999999998 14.999999999999998 14.999999999999998 24 18 18 15.000000000000002 78 14.999999999999998 15.999999999999998 14.999999999999998
leaf_count=15 15 15 24 18 18 15 78 15 16 15
internal_value=0.00120846 -0.0209099 0.101378 -0.059629 -0.0407326 -0.0658927 -0.0324208 0.055091 -0.0348778 -0.172373
internal_weight=244 229 55 174 159 126 96 33 40 30
internal_count=244 229 55 174 159 126 96 33 40 30
is_linear=0
shrinkage=0.05


Tree=156
num_leaves=9
num_cat=0
split_feature=121 51 63 88 94 105 119 72
split_gain=1118.47 252.791 304.748 232.579 216.551 304.07 233.547 169.321
threshold=-0.60833333333333328 70.000000000000014 61.20000000000001 4.3450000000000006 5.2350000000000012 12.250000000000002 0.1316666666666664 0.41833333333333306
decision_type=2 2 2 2 2 2 2 2
left_child=-1 2 3 7 5 -5 -6 -2
right_child=1 -3 -4 4 6 -7 -8 -9
leaf_value=0.37374351495847652 -0.26689016471635429 0.13097927363274933 -0.25232390243074171 0.26282888520632358 -0.18605698878834356 0.011254377355531186 0.0067062253136592536 -0.044441341226966816
leaf_weight=19 14.999999999999998 23 15.999999999999998 14.999999999999998 24 59 45 20
leaf_count=19 15 23 16 15 24 59 45 20
internal_value=0.00690691 -0.0253467 -0.0439639 -0.0250757 0.00319586 0.0626026 -0.0604417 -0.140408
internal_weight=236 217 194 178 143 74 69 35
internal_count=236 217 194 178 143 74 69 35
is_linear=0
shrinkage=0.05


Tree=157
num_leaves=9
num_cat=0
split_feature=96 31 23 121 78 78 17 113
split_gain=690.134 405.734 352.696 215.828 238.75 224.352 176.632 137.579
threshold=62.250000000000007 0.044999999999999936 51.45000000000001 -0.32583333333333314 0.58583333333333354 1.3475000000000001 42.650000000000013 -1.2500000000000051
decision_type=2 2 2 2 2 2 2 2
left_child=1 2 -1 4 -4 6 -5 -7
right_child=-2 -3 3 5 -6 7 -8 -9
leaf_value=-0.28712997104947935 0.26777870104211204 0.17586221565708732 -0.27997730775186191 6.9807337724533687e-05 -0.014952664578344391 -0.030945580419319781 0.17558249437320997 -0.23140712840272895
leaf_weight=14.999999999999998 21 21 17 89 17 20 17 14.999999999999998
leaf_count=15 21 21 17 89 17 20 17 15
internal_value=-0.00485013 -0.0321215 -0.0552159 -0.0351563 -0.148044 -0.00781413 0.0284042 -0.117415
internal_weight=232 211 190 175 34 141 106 35
internal_count=232 211 190 175 34 141 106 35
is_linear=0
shrinkage=0.05


Tree=158
num_leaves=9
num_cat=0
split_feature=87 45 113 111 62 114 101 70
split_gain=659.209 1607.01 195.984 317.213 250.129 285.933 284.296 156.025
threshold=6.7150000000000007 -0.0049999999999999758 -12.33333333333333 -0.55666666666666609 84.300000000000011 3.5000000000000004 80.300000000000011 0.012499999999999735
decision_type=2 2 2 2 2 2 2 2
left_child=1 -1 -2 -4 6 -6 7 -5
right_child=2 -3 3 4 5 -7 -8 -9
leaf_value=-0.075913690470715861 -0.19500172737553634 0.50970340670637826 0.17021516469058567 -0.083987466245386944 0.0091081453807997387 -0.27336239375140331 0.13555677597949789 0.0762301991630287
leaf_weight=28 18 20 19 74 14.999999999999998 22 26 19
leaf_count=28 18 20 19 74 15 22 26 19
internal_value=0.00290429 0.168542 -0.0383306 -0.0220851 -0.0456324 -0.158997 -0.0102388 -0.0511544
internal_weight=241 48 193 175 156 37 119 93
internal_count=241 48 193 175 156 37 119 93
is_linear=0
shrinkage=0.05


Tree=159
num_leaves=11
num_cat=0
split_feature=41 33 49 65 35 104 39 37 20 115
split_gain=631.714 1637.78 232.58 235.903 269.4 221.576 294.839 218.6 140.422 166.708
threshold=-0.55916666666666648 0.41666666666666657 6.7650000000000006 12.750000000000002 2.4333333333333358 23.300000000000004 0.20416666666666664 13.758333333333338 26.950000000000003 -0.31666666666666637
decision_type=2 2 2 2 2 2 2 2 2 2
left_child=1 -1 3 7 5 -5 -7 -2 -6 -10
right_child=2 -3 -4 4 8 6 -8 -9 9 -11
leaf_value=0.59078959546341803 0.18118179053536262 -0.091421318831037005 0.14874526842595626 -0.31917544326238467 0.087696618316185415 0.046912765755639435 -0.25626041183112475 -0.057984210145098997 -0.13185488937278639 0.013197479185545841
leaf_weight=14.999999999999998 19 21 15.999999999999998 17 20 17 14.999999999999998 19 40 39
leaf_count=15 19 21 16 17 20 17 15 19 40 39
internal_value=0.000864864 0.193544 -0.033528 -0.0493058 -0.0778453 -0.17363 -0.0953995 0.0616292 -0.0302589 -0.0602574
internal_weight=238 36 202 186 148 49 32 38 99 79
internal_count=238 36 202 186 148 49 32 38 99 79
is_linear=0
shrinkage=0.05


Tree=160
num_leaves=9
num_cat=0
split_feature=23 89 88 51 121 27 43 18
split_gain=908.657 208.723 333.499 262.573 148.161 146.417 119.395 90.2258
threshold=51.45000000000001 52.600000000000001 5.8500000000000005 62.350000000000001 0.55250000000000032 31.900000000000002 -0.17333333333333331 50.95000000000001
decision_type=2 2 2 2 2 2 2 2
left_child=-1 2 4 -4 5 6 -2 -7
right_child=1 -3 3 -5 -6 7 -8 -9
leaf_value=0.33668598553434537 -0.16874553164230385 -0.19413219242301208 0.022632844358806352 0.27335516636134588 0.09859484341921726 0.11329399171125823 -0.049147011934235187 -0.052149456542059297
leaf_weight=20 29 14.999999999999998 27 17 18 18 75 14.999999999999998
leaf_count=20 29 15 27 17 18 18 75 15
internal_value=0.0152499 -0.0149107 -0.00128569 0.120016 -0.0358072 -0.0535614 -0.0826747 0.038011
internal_weight=234 214 199 44 155 137 104 33
internal_count=234 214 199 44 155 137 104 33
is_linear=0
shrinkage=0.05


Tree=161
num_leaves=11
num_cat=0
split_feature=120 23 121 106 106 16 23 6 118 90
split_gain=687.185 1968.42 279.822 200.704 539.812 202.896 186.487 151.236 155.562 85.7463
threshold=1.5000000000000002 74.000000000000014 -0.27083333333333343 8.0000000000000018 6.4000000000000012 4.9750000000000005 74.000000000000014 5.5000000000000009 2.5000000000000004 62.050000000000004
decision_type=2 2 2 2 2 2 2 2 2 2
left_child=1 -1 -2 4 7 -5 -7 8 -4 -8
right_child=2 -3 3 5 -6 6 9 -9 -10 -11
leaf_value=0.63879075733241664 -0.19515119764909328 -0.083795295994120278 0.13817150971507497 0.057986618760484367 0.29818741725468489 -0.24364444692132634 -0.11500291668353564 -0.15203789275640633 -0.041402682689872475 0.032747447605227457
leaf_weight=14.999999999999998 25 25 18 22 15.999999999999998 20 25 17 36 15.999999999999998
leaf_count=15 25 25 18 22 16 20 25 17 36 16
internal_value=-0.000526023 0.187967 -0.0392934 -0.0162425 0.0367651 -0.0718422 -0.118766 -0.0224132 0.0185077 -0.0572832
internal_weight=235 40 195 170 87 83 61 71 54 41
internal_count=235 40 195 170 87 83 61 71 54 41
is_linear=0
shrinkage=0.05


Tree=162
num_leaves=9
num_cat=0
split_feature=100 84 48 75 59 45 37 35
split_gain=726.799 410.891 282.907 216.626 234.61 450.899 371.456 172.907
threshold=0.20500000000000004 0.025833333333333337 6.6350000000000007 2.5000000000000004 36.550000000000004 0.010000000000000024 4.1666666666666723 4.1666666666666634
decision_type=2 2 2 2 2 2 2 2
left_child=1 2 -1 7 5 -5 -6 -4
right_child=-2 -3 3 4 6 -7 -8 -9
leaf_value=-0.2499954951914731 0.33559772172905755 0.22062745082267324 -0.26120129640133966 -0.011564733877506631 -0.29755467470513275 0.23573960510941294 0.021358593285599831 -0.049377953918217726
leaf_weight=14.999999999999998 14.999999999999998 15.999999999999998 14.999999999999998 91 14.999999999999998 23 23 27
leaf_count=15 15 16 15 91 15 23 23 27
internal_value=-0.000188426 -0.0227355 -0.0414867 -0.0252186 0.00254665 0.0384491 -0.104848 -0.125589
internal_weight=240 225 209 194 152 114 38 42
internal_count=240 225 209 194 152 114 38 42
is_linear=0
shrinkage=0.05


Tree=163
num_leaves=11
num_cat=0
split_feature=80 21 44 45 39 66 21 23 63 59
split_gain=815.94 234.95 267.45 297.276 286.132 198.351 180.479 153.891 62.664 47.4309
threshold=-0.8291666666666665 44.250000000000007 4.5000000000000009 -0.0066666666666666393 0.50416666666666654 8.0000000000000018 53.100000000000009 69.40000000000002 52.150000000000013 34.600000000000009
decision_type=2 2 2 2 2 2 2 2 2 2
left_child=-1 7 3 5 -5 -3 -7 -2 9 -9
right_child=1 2 -4 4 -6 6 -8 8 -10 -11
leaf_value=0.32582455347552436 -0.25735334080661304 -0.14879789107682689 0.13012892076782087 -0.29962630206050139 -0.030787791183631341 0.12932606354737894 -0.037494911644545902 0.01531486137466536 -0.1626407137769737 -0.10458127575007495
leaf_weight=15.999999999999998 15.999999999999998 14.999999999999998 28 18 22 35 30 18 14.999999999999998 14.999999999999998
leaf_count=16 16 15 28 18 22 35 30 18 15 15
internal_value=-0.0173108 -0.0433728 -0.00869766 -0.0412135 -0.152335 0.0144057 0.0523156 -0.123342 -0.0781258 -0.0391836
internal_weight=228 212 148 120 40 80 65 64 48 33
internal_count=228 212 148 120 40 80 65 64 48 33
is_linear=0
shrinkage=0.05


Tree=164
num_leaves=9
num_cat=0
split_feature=35 106 121 22 13 21 20 43
split_gain=772.951 2443.04 226.25 145.106 163.533 150.633 163.164 67.139
threshold=-3.2416666666666649 10.250000000000002 -0.56999999999999929 0.18500000000000003 6.8950000000000005 42.050000000000004 35.100000000000009 0.024999999999999471
decision_type=2 2 2 2 2 2 2 2
left_child=1 -1 -2 4 5 -4 -7 -6
right_child=2 -3 3 -5 7 6 -8 -9
leaf_value=0.62552042693991938 -0.18974172297812186 -0.11292427826631553 -0.077968946321942345 -0.15011431950231943 -0.15796404691188748 0.12313159722241628 -0.0098892379725587353 -0.020837678692755643
leaf_weight=19 21 27 26 18 19 47 45 17
leaf_count=19 21 27 26 18 19 47 45 17
internal_value=0.00870614 0.192672 -0.0351919 -0.0161941 -0.000421373 0.0280144 0.0580727 -0.0935855
internal_weight=239 46 193 172 154 118 92 36
internal_count=239 46 193 172 154 118 92 36
is_linear=0
shrinkage=0.05


Tree=165
num_leaves=11
num_cat=0
split_feature=90 44 59 105 66 37 123 96 0 63
split_gain=444.519 554.689 945.872 190.833 185.762 178.711 149.289 149.268 93.816 74.3176
threshold=40.300000000000004 4.5000000000000009 31.300000000000001 8.5000000000000018 8.0000000000000018 4.583333333333333 0.012499999999999999 46.350000000000001 3067.5000000000005 25.500000000000004
decision_type=2 2 2 2 2 2 2 2 2 2
left_child=4 3 -3 -2 -1 7 -6 -5 9 -7
right_child=1 2 -4 5 6 8 -8 -9 -10 -11
leaf_value=-0.28758726439728649 0.11730681488451618 0.48030860424041744 -0.070861195866635293 -0.25468682263860642 -0.017066045615604448 -0.065198688292355256 -0.21122182079695709 -0.051699135713763049 -0.089340143521755802 0.058524270902687497
leaf_weight=14.999999999999998 22 16.000000000000004 14.999999999999998 14.999999999999998 29 15.999999999999998 14.999999999999998 23 23 49
leaf_count=15 22 16 15 15 29 16 15 23 23 49
internal_value=-0.0171068 0.0221134 0.214082 -0.01818 -0.136018 -0.0419503 -0.0836978 -0.132415 -0.00272321 0.0279392
internal_weight=238 179 31 148 59 126 44 38 88 65
internal_count=238 179 31 148 59 126 44 38 88 65
is_linear=0
shrinkage=0.05


Tree=166
num_leaves=9
num_cat=0
split_feature=98 60 119 68 65 70 57 71
split_gain=721.564 222.936 276.75 246.871 229.473 165.099 166.948 146.188
threshold=22.600000000000005 42.20000000000001 -0.042500000000000419 55.500000000000007 12.750000000000002 -0.057499999999999211 49.600000000000009 3.5000000000000004
decision_type=2 2 2 2 2 2 2 2
left_child=-1 2 -2 4 -3 -6 -7 -5
right_child=1 3 -4 7 5 6 -8 -9
leaf_value=0.24364800626008784 0.21486359336482944 0.11884691220711902 -0.058763533433332862 -0.286012309059402 -0.1534258540070142 0.058165464888275946 -0.078162603836948064 -0.064544616531062596
leaf_weight=29 20 25 17 15 28 42 48 15
leaf_count=29 20 25 17 15 28 42 48 15
internal_value=0.0102952 -0.0220065 0.0891887 -0.0458548 -0.0184072 -0.0476048 -0.0144934 -0.176027
internal_weight=239 210 37 173 143 118 90 30
internal_count=239 210 37 173 143 118 90 30
is_linear=0
shrinkage=0.05


Tree=167
num_leaves=10
num_cat=0
split_feature=109 70 23 18 21 112 88 53 64
split_gain=605.279 1708.4 263.254 185.156 184.359 152.073 147.4 131.393 112.976
threshold=-0.044166666666666458 -0.0416666666666674 63.900000000000013 62.45000000000001 47.95000000000001 1.5000000000000002 5.4400000000000004 16.050000000000004 47.050000000000004
decision_type=2 2 2 2 2 2 2 2 2
left_child=1 -1 6 5 -3 -4 -2 -7 -9
right_child=2 4 3 -5 -6 7 -8 8 -10
leaf_value=0.59611276781914257 -0.25360192090124634 -0.17917093049167399 -0.18348462206638413 0.13236479623467509 0.067837700487071315 0.10525074570356863 -0.045652874633176438 -0.015152815036166263 -0.15920260051577728
leaf_weight=14.999999999999998 20 15.000000000000002 14.999999999999998 19 14.999999999999998 19 14.999999999999998 89 15.999999999999998
leaf_count=15 20 15 15 19 15 19 15 89 16
internal_value=-0.00259145 0.16231 -0.04113 -0.0135701 -0.0556854 -0.0336348 -0.165007 -0.0153343 -0.0372814
internal_weight=238 45 193 158 30 139 35 124 105
internal_count=238 45 193 158 30 139 35 124 105
is_linear=0
shrinkage=0.05


Tree=168
num_leaves=10
num_cat=0
split_feature=35 99 93 113 92 94 3 21 49
split_gain=360.847 213.182 179.247 266.234 178.283 230.382 226.75 139.397 120.028
threshold=-8.5999999999999943 39.000000000000007 60.550000000000004 1.4500000000000031 36.900000000000006 5.3650000000000011 4.5000000000000009 53.350000000000001 5.3000000000000007
decision_type=2 2 2 2 2 2 2 2 2
left_child=-1 -2 4 -4 5 6 -3 -5 -7
right_child=1 2 3 7 -6 8 -8 -9 -10
leaf_value=0.20588302240238426 -0.17649915109711342 -0.021774781062574442 0.1933045629469316 -0.10578507654594652 -0.17386567324281216 -0.21928339227598315 0.18905312250319281 0.085816187962241788 -0.048146953609311711
leaf_weight=15.999999999999998 25 50 21 23 25 17 17 15.999999999999998 26
leaf_count=16 25 50 21 23 25 17 17 16 26
internal_value=-0.0225845 -0.039309 -0.0216135 0.0501952 -0.053579 -0.0260626 0.0318464 -0.0270331 -0.116273
internal_weight=236 220 195 60 135 110 67 39 43
internal_count=236 220 195 60 135 110 67 39 43
is_linear=0
shrinkage=0.05


Tree=169
num_leaves=9
num_cat=0
split_feature=119 90 88 101 39 102 62 42
split_gain=699.778 285.783 167.514 180.083 288.507 171.126 133.143 128.352
threshold=1.0333333333333334 39.050000000000004 6.6350000000000007 79.350000000000009 0.65999999999999936 27.250000000000004 68.600000000000009 5.5000000000000009
decision_type=2 2 2 2 2 2 2 2
left_child=1 6 3 5 -5 -3 -1 -7
right_child=-2 2 -4 4 -6 7 -8 -9
leaf_value=-0.27125860413178704 0.31690609226163652 0.083016480802429099 -0.16627258098628742 0.19538395002594294 -0.066892450864900616 -0.088707646891820549 -0.084924480698425397 0.060370706705098642
leaf_weight=14.999999999999998 14.999999999999998 28 14.999999999999998 27 17 71 27 18
leaf_count=15 15 28 15 27 17 71 27 18
internal_value=-0.0122415 -0.0350471 -0.00702051 0.0078796 0.0940146 -0.024523 -0.152077 -0.0584669
internal_weight=233 218 176 161 44 117 42 89
internal_count=233 218 176 161 44 117 42 89
is_linear=0
shrinkage=0.05


Tree=170
num_leaves=7
num_cat=0
split_feature=123 109 35 22 44 26
split_gain=631.673 289.168 177.77 117.625 168.927 91.2016
threshold=0.030833333333333327 -0.075833333333333183 -8.0916666666666703 0.19500000000000003 4.5000000000000009 17.700000000000006
decision_type=2 2 2 2 2 2
left_child=1 -1 -3 4 5 -4
right_child=-2 2 3 -5 -6 -7
leaf_value=0.20068857792197475 0.32296047135694139 -0.18547788723285152 0.092661835017957175 -0.14231553246145662 0.1483033956970736 -0.029172130074131143
leaf_weight=14.999999999999998 14.999999999999998 15.999999999999998 17 15.999999999999998 17 150
leaf_count=15 15 16 17 16 17 150
internal_value=0.0096359 -0.0108192 -0.0256164 -0.0127162 -0.00134835 -0.0166919
internal_weight=246 231 216 200 184 167
internal_count=246 231 216 200 184 167
is_linear=0
shrinkage=0.05


Tree=171
num_leaves=12
num_cat=0
split_feature=23 45 113 31 64 45 84 45 45 80 65
split_gain=663.65 178.338 155.168 135.835 305.976 143.3 185.443 133.224 127.892 112.711 82.1807
threshold=51.45000000000001 -0.027499999999999993 -2.725000000000001 0.023333333333332987 39.000000000000007 -0.0075000000000000197 -0.0083333333333333436 -0.014166666666666687 -0.02166666666666665 -1.0000000180025095e-35 39.550000000000004
decision_type=2 2 2 2 2 2 2 2 2 2 2
left_child=-1 2 -2 5 -5 7 10 8 -3 -8 -7
right_child=1 3 -4 4 -6 6 9 -9 -10 -11 -12
leaf_value=0.27365509684051947 -0.23631862618538163 0.083465688930164941 -0.03156543435756437 -0.046116413172688414 0.2270987905132833 -0.21981714315971926 0.091811812618328006 0.12479352368606077 -0.10005685334210788 -0.077796377708662795 -0.064003959882831737
leaf_weight=21 15.999999999999998 15.999999999999998 22 22 19 20 19 24 23 20 14.999999999999998
leaf_count=21 16 16 22 22 19 20 19 24 23 20 15
internal_value=0.00599044 -0.020124 -0.118303 0.00086208 0.0806183 -0.0230115 -0.0701739 0.0323298 -0.0246168 0.00472886 -0.153555
internal_weight=237 216 38 178 41 137 74 63 39 39 35
internal_count=237 216 38 178 41 137 74 63 39 39 35
is_linear=0
shrinkage=0.05


Tree=172
num_leaves=7
num_cat=0
split_feature=74 11 113 111 49 62
split_gain=382.117 256.207 140.077 141.569 147.82 79.6975
threshold=-12.233333333333329 21.050000000000001 -10.724999999999998 -0.55666666666666609 6.6350000000000007 67.40000000000002
decision_type=2 2 2 2 2 2
left_child=-1 -2 -3 -4 5 -5
right_child=1 2 3 4 -6 -7
leaf_value=0.19029072723682461 -0.2126895563707826 -0.13206438289963321 0.13559665677317401 0.027010023846590604 0.11887369644905321 -0.056017528543976861
leaf_weight=21 18 23 17 40 18 103
leaf_count=21 18 23 17 40 18 103
internal_value=-0.0128997 -0.0324845 -0.0162241 -0.0011622 -0.0157088 -0.0327555
internal_weight=240 219 201 178 161 143
internal_count=240 219 201 178 161 143
is_linear=0
shrinkage=0.05


Tree=173
num_leaves=12
num_cat=0
split_feature=98 104 9 81 35 120 42 110 51 107 78
split_gain=554.725 1492.26 207.406 402.923 228.396 143.363 136.244 131.554 112.347 108.446 60.584
threshold=22.600000000000005 26.500000000000004 6.745000000000001 1.5000000000000002 -6.2666666666666666 4.5000000000000009 2.5000000000000004 3.5000000000000004 54.20000000000001 53.500000000000007 0.30916666666666665
decision_type=2 2 2 2 2 2 2 2 2 2 2
left_child=1 -1 7 -4 -5 6 -6 8 -2 -9 -7
right_child=2 -3 3 4 5 10 -8 9 -10 -11 -12
leaf_value=-0.137830234536473 -0.26684624167702953 0.55428846168597024 0.21376809894260185 -0.21010433949579466 0.14053938601053123 -0.14230487817869136 -0.011170163566649976 -0.11980532311020096 -0.078492744905608036 0.048613709679448787 -0.012114255263181458
leaf_weight=16.000000000000004 15.999999999999998 14.999999999999998 20 14.999999999999998 23 19 41 19 15.999999999999998 19 17
leaf_count=16 16 15 20 15 23 19 41 19 16 19 17
internal_value=0.000814587 0.197611 -0.0290023 0.00718988 -0.0288478 -0.00142668 0.0434066 -0.0987834 -0.173363 -0.035558 -0.0811683
internal_weight=236 31 205 135 115 100 64 70 32 38 36
internal_count=236 31 205 135 115 100 64 70 32 38 36
is_linear=0
shrinkage=0.05


Tree=174
num_leaves=7
num_cat=0
split_feature=39 72 11 51 62 121
split_gain=603.473 450.328 391.049 184.413 119.569 153.995
threshold=2.6908333333333334 -0.78666666666666651 21.050000000000001 70.000000000000014 86.800000000000026 -0.56999999999999929
decision_type=2 2 2 2 2 2
left_child=1 -1 -3 4 5 -4
right_child=-2 2 3 -5 -6 -7
leaf_value=0.19605943592964795 0.28964906824611086 -0.28641222074923928 -0.17218566106644689 0.11377034284410432 -0.13606595939705732 -0.0031649269706633871
leaf_weight=22 17 14.999999999999998 14.999999999999998 22 27 126
leaf_count=22 17 15 15 22 27 126
internal_value=0.00319101 -0.0183579 -0.0414773 -0.0219735 -0.0398363 -0.0212906
internal_weight=244 227 205 190 168 141
internal_count=244 227 205 190 168 141
is_linear=0
shrinkage=0.05


Tree=175
num_leaves=11
num_cat=0
split_feature=109 107 12 78 4 93 31 80 41 23
split_gain=258.047 485.729 267.298 123.564 216.166 216.284 153.612 115.255 67.1752 151.057
threshold=-0.059999999999999602 53.500000000000007 38.050000000000004 0.44916666666666677 9.5000000000000018 67.65000000000002 0.026666666666666398 0.10250000000000005 0.52083333333333315 70.15000000000002
decision_type=2 2 2 2 2 2 2 2 2 2
left_child=1 -1 -2 4 5 7 8 -4 9 -5
right_child=2 -3 3 6 -6 -7 -8 -9 -10 -11
leaf_value=-0.094152043325616802 -0.25269132801239069 0.30690489786350184 -0.013510254820894942 0.14178391983177488 -0.24291609003677134 0.11548644624955472 0.14522239996687222 -0.15471231763303728 -0.095979474762301425 -0.03904142069644314
leaf_weight=15.000000000000002 14.999999999999998 14.999999999999998 28 14.999999999999998 15.999999999999998 17 15.999999999999998 30 23 49
leaf_count=15 15 15 28 15 16 17 16 30 23 49
internal_value=-0.0302832 0.106564 -0.0499918 -0.0341713 -0.0765929 -0.0407678 0.00329736 -0.0867724 -0.0228832 0.00341659
internal_weight=239 30 209 194 91 75 103 58 87 64
internal_count=239 30 209 194 91 75 103 58 87 64
is_linear=0
shrinkage=0.05


Tree=176
num_leaves=9
num_cat=0
split_feature=121 117 35 57 66 109 19 14
split_gain=804.388 155.979 392.598 149.25 120.765 116.818 225.727 109.594
threshold=-0.60833333333333328 1.4475000000000005 -6.2666666666666666 47.45000000000001 8.0000000000000018 0.025833333333333378 5.2650000000000006 41.550000000000004
decision_type=2 2 2 2 2 2 2 2
left_child=-1 2 -2 -3 -4 7 -7 -6
right_child=1 3 4 -5 5 6 -8 -9
leaf_value=0.29166690325849992 -0.29656338232094487 -0.057058004100130205 -0.12705226138633788 0.14302406998106795 0.022197084222200097 -0.059672574412743762 0.21367786546416634 -0.084863652374716964
leaf_weight=21 14.999999999999998 15.999999999999998 26 22 44 15.000000000000002 14.999999999999998 52
leaf_count=21 15 16 26 22 44 15 15 52
internal_value=-0.00227699 -0.0325402 -0.0533584 0.0587191 -0.0291459 -0.0088186 0.0770924 -0.0357701
internal_weight=226 205 167 38 152 126 30 96
internal_count=226 205 167 38 152 126 30 96
is_linear=0
shrinkage=0.05


Tree=177
num_leaves=10
num_cat=0
split_feature=101 24 23 90 43 123 95 45 83
split_gain=312.85 520.07 227.515 157.938 148.537 155.693 111.672 132.17 46.8115
threshold=79.350000000000009 39.550000000000004 51.45000000000001 63.95000000000001 0.55833333333333324 0.025000000000000012 34.95000000000001 -0.0049999999999999758 3.5000000000000004
decision_type=2 2 2 2 2 2 2 2 2
left_child=2 -2 -1 -3 5 6 7 -4 -8
right_child=1 3 4 -5 -6 -7 8 -9 -10
leaf_value=-0.23949726673594693 0.28175099512357366 0.075891260732124197 0.034178025627921438 -0.10649976327025582 0.066894345034949509 -0.21929111147163721 -0.066045055394085284 -0.10127452534625102 -0.18122389518726637
leaf_weight=17 19 21 50 27 24 14.999999999999998 19 28 17
leaf_count=17 19 21 50 27 24 15 19 28 17
internal_value=-0.0303535 0.0610523 -0.0664223 -0.0266079 -0.0470152 -0.0682818 -0.0481936 -0.0144494 -0.120925
internal_weight=237 67 170 48 153 129 114 78 36
internal_count=237 67 170 48 153 129 114 78 36
is_linear=0
shrinkage=0.05


Tree=178
num_leaves=11
num_cat=0
split_feature=41 66 66 104 39 117 78 62 104 54
split_gain=558.705 1261.69 204.095 142.434 158.345 143.392 164.919 150.42 136.14 112.319
threshold=-0.55916666666666648 17.850000000000005 8.0000000000000018 17.050000000000001 -0.86583333333333357 0.14416666666666658 0.55500000000000005 82.850000000000009 23.650000000000002 52.800000000000004
decision_type=2 2 2 2 2 2 2 2 2 2
left_child=1 -1 8 9 -5 6 -6 -7 -2 -4
right_child=2 -3 3 4 5 7 -8 -9 -10 -11
leaf_value=0.54607485718778437 -0.24246612554354383 -0.047066423261529711 0.0094349856737084414 0.18146981977863819 0.21388457999718904 0.012901497290901651 0.013178932137578448 -0.14317636080929055 -0.032504201657283377 -0.15787436319117865
leaf_weight=14.999999999999998 15.000000000000002 22 19 14.999999999999998 14.999999999999998 51 32 22 15.999999999999998 21
leaf_count=15 15 22 19 15 15 51 32 22 16 21
internal_value=0.0154588 0.194085 -0.016679 0.00426627 0.0288524 0.00959842 0.0776582 -0.0341988 -0.134712 -0.0784524
internal_weight=243 37 206 175 135 120 47 73 31 40
internal_count=243 37 206 175 135 120 47 73 31 40
is_linear=0
shrinkage=0.05


Tree=179
num_leaves=12
num_cat=0
split_feature=109 69 121 45 65 19 71 102 41 67 102
split_gain=245.021 129.459 230.044 160.99 243.249 138.821 161.118 99.4492 87.9633 77.6835 37.5349
threshold=-0.075833333333333183 1.5000000000000002 -0.40583333333333366 -0.014166666666666687 12.750000000000002 5.4650000000000007 3.5000000000000004 25.450000000000003 -1.0000000180025095e-35 7.2500000000000009 41.550000000000004
decision_type=2 2 2 2 2 2 2 2 2 2 2
left_child=-1 2 -2 8 -5 6 -6 -4 -3 -9 -10
right_child=1 3 7 4 5 -7 -8 9 10 -11 -12
leaf_value=0.17881312638718561 -0.24298313877038791 -0.14252032525353617 -0.13125416330642101 0.22333450174292194 -0.18293623291202729 0.093863401949625613 0.014092124907441966 -0.086642254938352981 -0.069915556093180384 0.053108581866032067 0.036388262609640752
leaf_weight=14.999999999999998 17 23 19 14.999999999999998 14.999999999999998 27 33 14.999999999999998 15.999999999999998 29 17
leaf_count=15 17 23 19 15 15 27 33 15 16 29 17
internal_value=-0.0161559 -0.0291918 -0.0802722 -0.00113251 0.0402349 0.00329974 -0.0476276 -0.0359714 -0.0676581 0.00526444 -0.0150574
internal_weight=241 226 80 146 90 75 48 63 56 44 33
internal_count=241 226 80 146 90 75 48 63 56 44 33
is_linear=0
shrinkage=0.05


Tree=180
num_leaves=11
num_cat=0
split_feature=23 81 97 70 82 20 50 39 99 39
split_gain=914.84 137.404 278.416 135.89 185.494 105.055 124.932 74.1439 69.1934 64.6736
threshold=51.45000000000001 1.5000000000000002 5.4250000000000007 -0.060000000000000046 0.14666666666666697 32.350000000000001 39.300000000000004 0.57749999999999935 50.95000000000001 1.509166666666667
decision_type=2 2 2 2 2 2 2 2 2 2
left_child=-1 2 -2 4 -3 6 9 -7 -9 -5
right_child=1 3 -4 5 -6 7 -8 8 -10 -11
leaf_value=0.31332705657406629 -0.061658882978674646 -0.21374872105512033 0.19631351171090652 0.045770935491962324 0.0055215377985320469 0.090679290618639274 -0.18490172101740251 -0.062783058227791733 0.06311341883146275 -0.091914330607985859
leaf_weight=22 23 24 19 18 15.999999999999998 24 17 30 17 15.999999999999998
leaf_count=22 23 24 19 18 16 24 17 30 17 16
internal_value=0.00773553 -0.0253333 0.0551133 -0.0462418 -0.126121 -0.0199291 -0.074622 0.0193367 -0.0171026 -0.018955
internal_weight=226 204 42 162 40 122 51 71 47 34
internal_count=226 204 42 162 40 122 51 71 47 34
is_linear=0
shrinkage=0.05


Tree=181
num_leaves=7
num_cat=0
split_feature=103 49 74 12 26 23
split_gain=726.949 203.268 202.461 146.321 196.511 108.939
threshold=10.250000000000002 4.0100000000000007 -8.899999999999995 41.250000000000007 18.750000000000004 90.65000000000002
decision_type=2 2 2 2 2 2
left_child=-1 -2 -3 -4 -5 -6
right_child=1 2 3 4 5 -7
leaf_value=0.33157401864250374 -0.16407928636212568 0.16570390798398202 -0.15973563227205645 0.15051559679515181 -0.01187355386921707 -0.13996418537620786
leaf_weight=14.999999999999998 24 14.999999999999998 18 17 128 19
leaf_count=15 24 15 18 17 128 19
internal_value=-0.00405392 -0.0269964 -0.0101958 -0.0248035 -0.00987509 -0.0285474
internal_weight=236 221 197 182 164 147
internal_count=236 221 197 182 164 147
is_linear=0
shrinkage=0.05


Tree=182
num_leaves=10
num_cat=0
split_feature=109 70 23 16 21 87 121 31 76
split_gain=651.845 1917.54 220.064 168.153 151.34 119.409 119.19 129.382 108.855
threshold=-0.044166666666666458 -0.031666666666666725 63.900000000000013 6.0050000000000008 47.95000000000001 6.8050000000000006 0.5300000000000008 0.038333333333333559 -4.4333333333333345
decision_type=2 2 2 2 2 2 2 2 2
left_child=1 -1 5 6 -3 -2 7 8 -4
right_child=2 4 3 -5 -6 -7 -8 -9 -10
leaf_value=0.62711961597944643 -0.24519246666636685 -0.16092091747467088 -0.10414860608173032 0.12286276532901273 0.062863449281118561 -0.048312093141656486 0.095483449452522531 -0.17087422554722484 0.012719423658079338
leaf_weight=15.999999999999998 15.000000000000002 15.000000000000002 27 24 14.999999999999998 15.999999999999998 19 15.999999999999998 75
leaf_count=16 15 15 27 24 15 16 19 16 75
internal_value=0.0180478 0.186897 -0.0224559 0.00103323 -0.0490255 -0.14422 -0.0203468 -0.0391048 -0.018239
internal_weight=238 46 192 161 30 31 137 118 102
internal_count=238 46 192 161 30 31 137 118 102
is_linear=0
shrinkage=0.05


Tree=183
num_leaves=7
num_cat=0
split_feature=98 62 51 93 18 51
split_gain=764.049 182.436 188.318 122.891 169.734 166.407
threshold=22.600000000000005 88.050000000000011 70.000000000000014 72.100000000000009 59.650000000000013 36.300000000000004
decision_type=2 2 2 2 2 2
left_child=-1 2 3 4 5 -2
right_child=1 -3 -4 -5 -6 -7
leaf_value=0.25445094215344655 -0.14370366187838765 -0.16214449305968415 0.14755929699225453 0.099337148675637199 -0.17056284695218654 0.0051456841698323905
leaf_weight=26 23 24 15.999999999999998 15.999999999999998 23 100
leaf_count=26 23 24 16 16 23 100
internal_value=-0.00011378 -0.033014 -0.0154938 -0.0317097 -0.0461634 -0.0227414
internal_weight=228 202 178 162 146 123
internal_count=228 202 178 162 146 123
is_linear=0
shrinkage=0.05


Tree=184
num_leaves=10
num_cat=0
split_feature=78 65 57 10 28 41 14 0 3
split_gain=485.748 246.874 401.585 224.678 191.422 161.684 81.6586 121.5 93.9285
threshold=2.3266666666666671 13.9 51.750000000000007 4.285000000000001 1.0000000180025095e-35 -1.0000000180025095e-35 41.150000000000013 1724.0000000000002 2.5000000000000004
decision_type=2 2 2 2 2 2 2 2 2
left_child=1 2 -1 -3 5 -5 8 -8 -6
right_child=-2 3 -4 4 6 -7 7 -9 -10
leaf_value=-0.034914668140128745 0.26676175979816397 -0.21632979634212474 0.26922935632710959 -0.025567752340732264 0.051680878933481993 0.19517228732302044 -0.16835308253150627 -0.032277745712460497 -0.071241924570542625
leaf_weight=27 15.999999999999998 17 18 17 30 15.999999999999998 29 38 32
leaf_count=27 16 17 18 17 30 16 29 38 32
internal_value=0.00146783 -0.01757 0.0869593 -0.0439101 -0.0256636 0.081573 -0.0531768 -0.0914137 -0.0116952
internal_weight=240 224 45 179 162 33 129 67 62
internal_count=240 224 45 179 162 33 129 67 62
is_linear=0
shrinkage=0.05


Tree=185
num_leaves=8
num_cat=0
split_feature=80 31 63 23 78 16 60
split_gain=571.865 269.441 178.162 134.898 98.6262 95.2892 37.0265
threshold=-0.8291666666666665 0.044999999999999936 61.20000000000001 51.45000000000001 1.500833333333333 5.3400000000000007 48.550000000000004
decision_type=2 2 2 2 2 2 2
left_child=-1 2 3 -2 5 -5 -6
right_child=1 -3 -4 4 6 -7 -8
leaf_value=0.29105892183247561 -0.14546673372777968 0.15709969029201204 -0.18017736473632734 -0.028485955346085778 -0.142321481926379 0.055448684052754361 -0.03063071275388958
leaf_weight=15.999999999999998 19 20 19 68 15.000000000000002 67 14.999999999999998
leaf_count=16 19 20 19 68 15 67 15
internal_value=0.00325422 -0.0174942 -0.0347891 -0.0196593 -0.00506278 0.0131437 -0.0869295
internal_weight=239 223 203 184 165 135 30
internal_count=239 223 203 184 165 135 30
is_linear=0
shrinkage=0.05


Tree=186
num_leaves=10
num_cat=0
split_feature=120 15 112 59 33 109 11 112 21
split_gain=549.247 1601.65 134.67 148.715 238.381 143.792 125.749 107.325 84.5109
threshold=1.5000000000000002 61.20000000000001 1.5000000000000002 36.550000000000004 -0.41666666666666646 0.015000000000000126 44.750000000000007 3.5000000000000004 51.100000000000009
decision_type=2 2 2 2 2 2 2 2 2
left_child=1 -1 -2 4 -4 6 -6 -5 -7
right_child=2 -3 3 7 5 8 -8 -9 -10
leaf_value=-0.076909202254150974 -0.15780133990691372 0.57487459814311659 0.18444004736331676 -0.00897616960617326 -0.10198411548022611 0.15028293144351207 0.023321583068630778 -0.17940687285694062 -0.011640605561851715
leaf_weight=25 20 14.999999999999998 15.999999999999998 15.999999999999998 53 15.999999999999998 32 22 15.999999999999998
leaf_count=25 20 15 16 16 53 16 32 22 16
internal_value=-4.92083e-06 0.168209 -0.0353287 -0.0208914 0.00401873 -0.020748 -0.0547795 -0.10799 0.0693814
internal_weight=231 40 191 171 133 117 85 38 32
internal_count=231 40 191 171 133 117 85 38 32
is_linear=0
shrinkage=0.05


Tree=187
num_leaves=8
num_cat=0
split_feature=100 31 23 93 89 33 0
split_gain=678.363 228.034 176.445 181.425 105.419 140.702 73.8467
threshold=0.20500000000000004 0.044999999999999936 63.900000000000013 61.45000000000001 52.600000000000001 -0.20583333333333351 3067.5000000000005
decision_type=2 2 2 2 2 2 2
left_child=1 2 3 -1 5 -4 -7
right_child=-2 -3 4 -5 -6 6 -8
leaf_value=-0.22256051428390272 0.32421023830870133 0.13919421450712194 0.14205673917239867 -0.0031713035165893363 -0.14137975504461506 0.0025186625287344053 -0.080236838666600918
leaf_weight=23 14.999999999999998 20 14.999999999999998 15.999999999999998 14.999999999999998 106 36
leaf_count=23 15 20 15 16 15 106 36
internal_value=-0.000458858 -0.0216941 -0.0370265 -0.132921 -0.0151894 -0.00301886 -0.0184681
internal_weight=246 231 211 39 172 157 142
internal_count=246 231 211 39 172 157 142
is_linear=0
shrinkage=0.05


Tree=188
num_leaves=9
num_cat=0
split_feature=23 70 78 16 60 80 71 37
split_gain=598.817 151.572 194.51 131.116 106.1 97.2884 105.922 70.9084
threshold=51.45000000000001 -0.056666666666666192 0.13083333333333338 6.0050000000000008 58.750000000000007 0.20999999999999999 2.5000000000000004 7.9166666666666652
decision_type=2 2 2 2 2 2 2 2
left_child=-1 2 -2 4 5 6 -3 -7
right_child=1 3 -4 -5 -6 7 -8 -9
leaf_value=0.24266076129996433 -0.2120351170476579 0.14503184325165216 -0.010762824735925715 0.11052409351119362 -0.14095762932537409 -0.13021045648614774 0.00275307845742626 -0.0067472030554102912
leaf_weight=24 21 17 28 24 14.999999999999998 19 56 30
leaf_count=24 21 17 28 24 15 19 56 30
internal_value=0.00658394 -0.0204751 -0.0973804 0.0029457 -0.0159306 -0.000414564 0.036108 -0.0548902
internal_weight=234 210 49 161 137 122 73 49
internal_count=234 210 49 161 137 122 73 49
is_linear=0
shrinkage=0.05


Tree=189
num_leaves=13
num_cat=0
split_feature=109 11 23 8 57 115 10 63 12 26 53 102
split_gain=510.64 1269.5 163.679 151.382 247.322 118.9 77.4632 86.304 76.834 66.3554 45.243 42.9657
threshold=-0.044166666666666458 28.650000000000002 63.900000000000013 1.5000000000000002 55.650000000000013 3.0500000000000083 6.5000000000000009 36.350000000000001 74.050000000000011 38.300000000000004 39.600000000000009 36.350000000000001
decision_type=2 2 2 2 2 2 2 2 2 2 2 2
left_child=1 -1 5 4 11 -2 7 -5 -8 -3 -9 -4
right_child=2 9 3 6 -6 -7 8 10 -10 -11 -12 -13
leaf_value=0.52735581666428533 -0.23885200382857927 -0.10863424845483916 -0.057926878368886339 0.00058825245460137634 0.19084066289166612 -0.045279757565225079 0.047800262643459657 -0.085567772327459338 -0.088534136160075314 0.039494258362725874 -0.204144860072906 0.037749500846981414
leaf_weight=14.999999999999998 14.999999999999998 15.000000000000002 28 14.999999999999998 20 17 26 17 17 14.999999999999998 15.999999999999998 20
leaf_count=15 15 15 28 15 20 17 26 17 17 15 16 20
internal_value=0.00206532 0.153416 -0.0336287 -0.0127938 0.0435671 -0.136634 -0.054966 -0.0985667 -0.00606373 -0.0345187 -0.143654 -0.0179622
internal_weight=236 45 191 159 68 32 91 48 43 30 33 48
internal_count=236 45 191 159 68 32 91 48 43 30 33 48
is_linear=0
shrinkage=0.05


Tree=190
num_leaves=9
num_cat=0
split_feature=109 121 35 66 56 23 56 57
split_gain=322.422 174.997 134.895 109.128 183.33 70.5854 65.5181 56.7747
threshold=-0.069166666666666807 -0.68666666666666643 -8.0916666666666703 22.450000000000003 36.45000000000001 87.050000000000011 34.45000000000001 49.600000000000009
decision_type=2 2 2 2 2 2 2 2
left_child=-1 -2 -3 5 7 6 -4 -5
right_child=1 2 3 4 -6 -7 -8 -9
leaf_value=0.19550488220978968 -0.18990146632780111 -0.16240075025129019 -0.022466172432270878 0.028987040537271615 0.17527313561729305 0.032794565122246287 -0.10568386889851529 -0.081114282002106547
leaf_weight=15.999999999999998 17 15.999999999999998 53 33 18 26 43 18
leaf_count=16 17 16 53 33 18 26 43 18
internal_value=-0.0205855 -0.0361232 -0.0233843 -0.0116339 0.0385492 -0.0400654 -0.059864 -0.00985709
internal_weight=240 224 207 191 69 122 96 51
internal_count=240 224 207 191 69 122 96 51
is_linear=0
shrinkage=0.05


Tree=191
num_leaves=9
num_cat=0
split_feature=103 37 50 121 69 78 116 16
split_gain=617.752 303.011 117.872 119.471 113.995 101.076 291.301 90.8381
threshold=10.250000000000002 -9.2833333333333332 15.350000000000003 -0.27083333333333343 1.5000000000000002 -0.07750000000000011 4.5000000000000009 4.9400000000000004
decision_type=2 2 2 2 2 2 2 2
left_child=-1 -2 -3 4 -4 6 -5 -7
right_child=1 2 3 5 -6 7 -8 -9
leaf_value=0.31454229298608988 0.1932512194843766 -0.15767135033656282 -0.17576874890033667 0.24309656673314561 -0.021544219431503812 0.059761532351552731 -0.03694704210857138 -0.049203822625040569
leaf_weight=14.999999999999998 15.999999999999998 17 21 14.999999999999998 28 25 24 80
leaf_count=15 16 17 21 15 28 25 24 80
internal_value=0.00489325 -0.0157666 -0.0318 -0.020611 -0.0879656 0.00231869 0.0709804 -0.0231799
internal_weight=241 226 210 193 49 144 39 105
internal_count=241 226 210 193 49 144 39 105
is_linear=0
shrinkage=0.05


Tree=192
num_leaves=9
num_cat=0
split_feature=56 101 37 121 123 94 64 15
split_gain=578.191 335.732 522.418 194.827 159.1 117.634 96.695 70.9628
threshold=17.150000000000002 79.350000000000009 0.59999999999999798 -0.56999999999999929 0.025000000000000012 6.0150000000000015 39.000000000000007 69.850000000000009
decision_type=2 2 2 2 2 2 2 2
left_child=-1 3 -3 -2 5 6 -5 -4
right_child=1 2 7 4 -6 -7 -8 -9
leaf_value=0.27414381222500989 -0.22472714792867624 0.28744529000858765 0.031052532055938387 -0.04112952821688777 -0.18824781744006258 -0.15123801348323854 0.056708326405732756 -0.10095353906440455
leaf_weight=18 15.999999999999998 20 25 63 15.999999999999998 14.999999999999998 42 17
leaf_count=18 16 20 25 63 16 15 42 17
internal_value=0.00276744 -0.0201526 0.0777901 -0.0601607 -0.0406123 -0.0207456 -0.00193009 -0.0223726
internal_weight=232 214 62 152 136 120 105 42
internal_count=232 214 62 152 136 120 105 42
is_linear=0
shrinkage=0.05


Tree=193
num_leaves=12
num_cat=0
split_feature=101 121 62 23 83 43 78 20 20 39 96
split_gain=221.928 463.947 184.128 165.89 136.149 123.338 179.451 68.4754 69.6614 53.0497 30.9087
threshold=80.300000000000011 -0.22999999999999995 82.050000000000011 63.900000000000013 2.5000000000000004 0.25416666666666693 -0.014999999999999234 26.350000000000005 29.850000000000005 1.7275000000000005 48.300000000000004
decision_type=2 2 2 2 2 2 2 2 2 2 2
left_child=3 -2 -3 4 -1 7 -7 10 -9 -10 -5
right_child=1 2 -4 5 -6 6 -8 8 9 -11 -12
leaf_value=-0.056441476597235751 0.30868525130069813 0.080534166704008592 -0.12926574486712511 0.065263006249010935 -0.25214828726471661 0.18517436159323461 -0.025526935491724648 -0.17082525600265985 -0.0091183762851078359 -0.11084670606047196 -0.03582164692562937
leaf_weight=22 14.999999999999998 23 19 15.000000000000002 14.999999999999998 15.999999999999998 27 14.999999999999998 33 21 14.999999999999998
leaf_count=22 15 23 19 15 15 16 27 15 33 21 15
internal_value=-0.0148384 0.0709722 -0.0143382 -0.0422158 -0.136383 -0.0175655 0.0530053 -0.0482904 -0.0756895 -0.0489036 0.0146035
internal_weight=236 57 42 179 37 142 43 99 69 54 30
internal_count=236 57 42 179 37 142 43 99 69 54 30
is_linear=0
shrinkage=0.05


Tree=194
num_leaves=8
num_cat=0
split_feature=101 45 32 50 63 123 63
split_gain=550.804 312.492 173.811 76.1131 79.3263 116.979 93.6147
threshold=34.800000000000004 0.017499999999999991 2.5000000000000004 15.65 35.850000000000009 0.020833333333333318 26.950000000000003
decision_type=2 2 2 2 2 2 2
left_child=-1 2 -2 -4 6 -6 -5
right_child=1 -3 3 4 5 -7 -8
leaf_value=0.28968756836376447 -0.16201021800895304 0.16063474947101133 -0.12724101062609541 -0.0090985344981383606 -0.014384551895605578 -0.15970993826848379 0.14518256823945519
leaf_weight=14.999999999999998 26 21 15.999999999999998 28 100 15.999999999999998 14.999999999999998
leaf_count=15 26 21 16 28 100 16 15
internal_value=-0.00250108 -0.0223876 -0.0416046 -0.0236049 -0.0130712 -0.0345928 0.0448164
internal_weight=237 222 201 175 159 116 43
internal_count=237 222 201 175 159 116 43
is_linear=0
shrinkage=0.05


Tree=195
num_leaves=8
num_cat=0
split_feature=39 72 23 115 23 55 31
split_gain=466.959 284.755 275.159 118.975 116.093 103.506 104.087
threshold=2.6908333333333334 -0.78666666666666651 63.900000000000013 0.97500000000000153 69.40000000000002 4.245000000000001 0.038333333333333559
decision_type=2 2 2 2 2 2 2
left_child=1 -1 3 -3 -4 -6 -7
right_child=-2 2 4 -5 5 6 -8
leaf_value=0.14642313282727165 0.23176692535924676 -0.25877244315162207 0.10721929779383524 -0.086076627704710099 -0.14784646476341398 0.0097470049201234359 -0.11995995306507656
leaf_weight=23 20 15.999999999999998 19 27 14.999999999999998 106 18
leaf_count=23 20 16 19 27 15 106 18
internal_value=0.000881875 -0.0198048 -0.0389141 -0.150903 -0.00832834 -0.0242243 -0.00912263
internal_weight=244 224 201 43 158 139 124
internal_count=244 224 201 43 158 139 124
is_linear=0
shrinkage=0.05


Tree=196
num_leaves=10
num_cat=0
split_feature=123 119 37 12 35 39 104 28 65
split_gain=500.145 209.637 491.455 152.372 120.095 95.9554 90.1151 67.7156 58.8261
threshold=0.030833333333333327 -0.45749999999999996 0.59999999999999798 41.250000000000007 -3.5249999999999981 0.75916666666666599 23.950000000000006 16.200000000000006 26.450000000000006
decision_type=2 2 2 2 2 2 2 2 2
left_child=1 2 -1 -3 -5 7 -4 -6 -7
right_child=-2 3 6 4 5 8 -8 -9 -10
leaf_value=0.31186220923697716 0.27305963716891984 -0.16605981038082646 0.073629953243479818 -0.15354792244315887 0.097583472307148353 -0.081282719046638086 -0.080890764207004084 -0.026331000054738797 0.003923966162630267
leaf_weight=14.999999999999998 15.999999999999998 22 14.999999999999998 15.999999999999998 28 43 25 18 38
leaf_count=15 16 22 15 16 28 43 25 18 38
internal_value=0.00403013 -0.0156281 0.0687944 -0.0438239 -0.0248805 -0.00852303 -0.0227817 0.0490348 -0.041292
internal_weight=236 220 55 165 143 127 40 46 81
internal_count=236 220 55 165 143 127 40 46 81
is_linear=0
shrinkage=0.05


Tree=197
num_leaves=8
num_cat=0
split_feature=115 78 99 93 113 37 66
split_gain=501.914 223.246 181.655 188.159 200.762 155.94 73.586
threshold=-16.299999999999994 -1.4616666666666664 39.000000000000007 62.95000000000001 4.075000000000002 -2.7833333333333345 6.8000000000000016
decision_type=2 2 2 2 2 2 2
left_child=-1 -2 -3 5 -5 -4 -7
right_child=1 2 3 4 -6 6 -8
leaf_value=0.2717994409052204 0.11738373008161454 -0.15854561918654206 -0.18205074281748679 0.17266457404022095 -0.026259158432377618 -0.11770113304833681 -0.0064650542210171833
leaf_weight=15.999999999999998 27 26 19 23 28 18 84
leaf_count=16 27 26 19 23 28 18 84
internal_value=0.00208805 -0.0171814 -0.0356065 -0.0169123 0.063516 -0.0508775 -0.02624
internal_weight=241 225 198 172 51 121 102
internal_count=241 225 198 172 51 121 102
is_linear=0
shrinkage=0.05


Tree=198
num_leaves=11
num_cat=0
split_feature=103 90 121 88 59 101 8 44 113 105
split_gain=261.846 149.807 137.534 108.049 98.0017 116.072 169.008 144.457 83.845 62.0703
threshold=55.250000000000007 40.100000000000009 -0.29916666666666719 4.5950000000000006 35.150000000000006 79.350000000000009 1.5000000000000002 2.5000000000000004 -10.483333333333331 23.900000000000002
decision_type=2 2 2 2 2 2 2 2 2 2
left_child=1 2 -1 -3 5 7 -7 -5 -4 -6
right_child=-2 3 8 4 9 6 -8 -9 -10 -11
leaf_value=-0.22319309726264908 0.15774323207822011 0.12198446146305034 -0.13860757028498844 0.021019109000627145 -0.13579354559175702 0.19979000860212015 -0.017571509759224471 -0.13328164395315822 0.0027041502523741157 -0.005841965045755273
leaf_weight=15.999999999999998 20 14.999999999999998 17 44 24 15.999999999999998 20 23 27 14.999999999999998
leaf_count=16 20 15 17 44 24 16 20 23 27 15
internal_value=-0.0148755 -0.0308734 -0.0980086 -0.00513879 -0.0186789 0.00685323 0.0791809 -0.031995 -0.0519707 -0.0860828
internal_weight=237 217 60 157 142 103 36 67 44 39
internal_count=237 217 60 157 142 103 36 67 44 39
is_linear=0
shrinkage=0.05


Tree=199
num_leaves=12
num_cat=0
split_feature=121 66 62 31 68 0 48 67 96 26 23
split_gain=552.525 108.014 231.935 220.825 170.915 126.215 82.4864 85.9645 87.0462 72.6679 60.3366
threshold=-0.60833333333333328 22.450000000000003 88.050000000000011 0.018333333333333094 55.500000000000007 1132.5000000000002 6.7150000000000007 9.3000000000000025 51.050000000000004 36.550000000000004 72.90000000000002
decision_type=2 2 2 2 2 2 2 2 2 2 2
left_child=-1 4 3 5 6 -3 -2 8 -8 -9 -6
right_child=1 2 -4 -5 10 -7 7 9 -10 -11 -12
leaf_value=0.25058240905329954 -0.11574793048614625 0.11161985090259688 -0.15381198601414825 0.2178440151333112 -0.22496735018906217 -0.056516022260758469 0.097480636661828948 -0.12293643982622636 -0.043703684576770714 0.021172121125533714 -0.086093531838721704
leaf_weight=20 18 18 14.999999999999998 17 14.999999999999998 29 30 19 17 15.999999999999998 17
leaf_count=20 18 18 15 17 15 29 30 19 17 16 17
internal_value=6.64497e-05 -0.0237629 0.0224181 0.0639756 -0.0514355 0.00787055 -0.019135 0.00212691 0.0463234 -0.0570432 -0.151844
internal_weight=231 211 79 64 132 47 100 82 47 35 32
internal_count=231 211 79 64 132 47 100 82 47 35 32
is_linear=0
shrinkage=0.05


end of trees

feature_importances:
pos1_2連率_レース内差=112
pos1_1コース複勝率=92
pos1_展示_レース内差=56
pos1_当地勝率_レース内差=44
pos1_平均スタートタイミング_レース内順位=39
pos1_勝率_レース内差=38
pos2_5コース複勝率=38
pos2_2連率_レース内差=37
pos1_3連率_レース内差=34
pos1_モーター勝率_レース内差=33
pos3_ボート勝率_レース内差=32
pos1_平均スタートタイミング_レース内差=30
pos3_展示_レース内差=28
pos3_当地勝率_レース内差=26
pos1_3連率=25
pos1_3コース複勝率=24
pos2_ボート2連率=24
pos2_展示_レース内差=24
開催経過日=23
pos1_2連率=23
pos3_勝率_レース内差=23
pos3_勝率=22
pos2_当地勝率_レース内差=21
pos3_4コース複勝率=21
pos3_2連率_レース内順位=21
pos2_勝率_レース内差=20
pos3_1コース複勝率=20
pos2_モーター勝率_レース内差=19
pos3_3連率_レース内差=19
pos3_平均スタートタイミング_レース内差=19
pos1_展示=18
pos1_ボート勝率=18
pos1_ボート2連率=18
pos2_3連率=17
pos2_1コース複勝率=17
pos2_2コース複勝率=17
pos1_当地勝率=16
pos1_2連率_レース内順位=16
pos2_4コース複勝率=16
pos3_展示=16
pos3_3連率=16
pos3_ボート2連率=16
pos3_2連率_レース内差=16
pos1_2コース複勝率=15
pos1_4コース複勝率=15
pos2_当地3連率=15
pos1_当地2連率=14
pos1_ボート3連率=14
pos2_モーター2連率=14
pos2_ボート3連率=14
pos3_平均スタートタイミング=14
pos3_モーター勝率_レース内差=14
pos2_勝率=13
pos2_平均スタートタイミング_レース内差=13
pos3_5コース複勝率=13
pos3_ボート勝率_レース内順位=13
pos1_勝率=12
pos1_当地3連率=12
pos1_モーター勝率=12
pos1_ボート勝率_レース内差=12
pos2_モーター3連率=12
pos2_ボート勝率=12
pos2_3コース複勝率=12
pos1_モーター2連率=11
pos1_体重=11
pos2_当地2連率=11
pos2_6コース複勝率=11
pos3_2連率=11
pos3_3コース複勝率=11
pos2_体重=10
pos3_当地2連率=10
pos3_モーター勝率=10
pos3_ボート勝率=10
pos1_6コース複勝率=9
pos1_勝率_レース内順位=9
pos2_展示=9
pos3_当地3連率=9
pos3_ボート3連率=9
pos1_5コース複勝率=8
pos2_ボート勝率_レース内差=8
pos3_モーター3連率=8
pos3_2コース複勝率=8
pos3_6コース複勝率=8
pos3_モーター勝率_レース内順位=8
pos1_モーター3連率=7
pos1_平均スタートタイミング=7
pos2_2連率=7
pos2_モーター勝率=7
pos2_3連率_レース内差=7
pos1_級=6
pos1_当地勝率_レース内順位=6
pos2_勝率_レース内順位=6
pos2_2連率_レース内順位=6
pos2_3連率_レース内順位=6
pos2_当地勝率_レース内順位=6
pos3_勝率_レース内順位=6
pos2_当地勝率=5
pos2_ボート勝率_レース内順位=5
pos3_モーター2連率=5
pos3_体重=5
pos3_当地勝率_レース内順位=5
日目=4
レース=4
pos1_3連率_レース内順位=4
pos1_ボート勝率_レース内順位=4
pos2_平均スタートタイミング_レース内順位=4
pos2_平均スタートタイミング=3
pos2_展示_レース内順位=3
pos2_モーター勝率_レース内順位=3
pos3_3連率_レース内順位=3
風速=2
天気=2
pos1_展示_レース内順位=2
pos1_モーター勝率_レース内順位=2
pos3_級=2
pos3_当地勝率=2
風向=1
pos3_展示_レース内順位=1
pos3_平均スタートタイミング_レース内順位=1

parameters:
[boosting: gbdt]
[objective: regression]
[metric: rmse]
[tree_learner: serial]
[device_type: cpu]
[data_sample_strategy: bagging]
[data: ]
[valid: ]
[num_iterations: 200]
[learning_rate: 0.05]
[num_leaves: 31]
[num_threads: 0]
[seed: 42]
[deterministic: 0]
[force_col_wise: 0]
[force_row_wise: 0]
[histogram_pool_size: -1]
[max_depth: 6]
[min_data_in_leaf: 15]
[min_sum_hessian_in_leaf: 0.001]
[bagging_fraction: 0.9]
[pos_bagging_fraction: 1]
[neg_bagging_fraction: 1]
[bagging_freq: 1]
[bagging_seed: 400]
[bagging_by_query: 0]
[feature_fraction: 0.9]
[feature_fraction_bynode: 1]
[feature_fraction_seed: 30056]
[extra_trees: 0]
[extra_seed: 12879]
[early_stopping_round: 0]
[early_stopping_min_delta: 0]
[first_metric_only: 0]
[max_delta_step: 0]
[lambda_l1: 0.1]
[lambda_l2: 0.1]
[linear_lambda: 0]
[min_gain_to_split: 0]
[drop_rate: 0.1]
[max_drop: 50]
[skip_drop: 0.5]
[xgboost_dart_mode: 0]
[uniform_drop: 0]
[drop_seed: 17869]
[top_rate: 0.2]
[other_rate: 0.1]
[min_data_per_group: 100]
[max_cat_threshold: 32]
[cat_l2: 10]
[cat_smooth: 10]
[max_cat_to_onehot: 4]
[top_k: 20]
[monotone_constraints: ]
[monotone_constraints_method: basic]
[monotone_penalty: 0]
[feature_contri: ]
[forcedsplits_filename: ]
[refit_decay_rate: 0.9]
[cegb_tradeoff: 1]
[cegb_penalty_split: 0]
[cegb_penalty_feature_lazy: ]
[cegb_penalty_feature_coupled: ]
[path_smooth: 0]
[interaction_constraints: ]
[verbosity: -1]
[saved_feature_importance_type: 0]
[use_quantized_grad: 0]
[num_grad_quant_bins: 4]
[quant_train_renew_leaf: 0]
[stochastic_rounding: 1]
[linear_tree: 0]
[max_bin: 255]
[max_bin_by_feature: ]
[min_data_in_bin: 3]
[bin_construct_sample_cnt: 200000]
[data_random_seed: 175]
[is_enable_sparse: 1]
[enable_bundle: 1]
[use_missing: 1]
[zero_as_missing: 0]
[feature_pre_filter: 0]
[pre_partition: 0]
[two_round: 0]
[header: 0]
[label_column: ]
[weight_column: ]
[group_column: ]
[ignore_column: ]
[categorical_feature: ]
[forcedbins_filename: ]
[precise_float_parser: 0]
[parser_config_file: ]
[objective_seed: 16083]
[num_class: 1]
[is_unbalance: 0]
[scale_pos_weight: 1]
[sigmoid: 1]
[boost_from_average: 1]
[reg_sqrt: 0]
[alpha: 0.9]
[fair_c: 1]
[poisson_max_delta_step: 0.7]
[tweedie_variance_power: 1.5]
[lambdarank_truncation_level: 30]
[lambdarank_norm: 1]
[label_gain: ]
[lambdarank_position_bias_regularization: 0]
[eval_at: ]
[multi_error_top_k: 1]
[auc_mu_weights: ]
[num_machines: 1]
[local_listen_port: 12400]
[time_out: 120]
[machine_list_filename: ]
[machines: ]
[gpu_platform_id: -1]
[gpu_device_id: -1]
[gpu_use_dp: 0]
[num_gpu: 1]

end of parameters

pandas_categorical:[]
