tree
version=v4
num_class=1
num_tree_per_iteration=1
label_index=0
max_feature_idx=123
objective=regression
feature_names=開催経過日 風速 波高 日目 レース 天気 風向 pos1_艇 pos1_級 pos1_展示 pos1_勝率 pos1_2連率 pos1_3連率 pos1_当地勝率 pos1_当地2連率 pos1_当地3連率 pos1_モーター勝率 pos1_モーター2連率 pos1_モーター3連率 pos1_ボート勝率 pos1_ボート2連率 pos1_ボート3連率 pos1_平均スタートタイミング pos1_1コース複勝率 pos1_2コース複勝率 pos1_3コース複勝率 pos1_4コース複勝率 pos1_5コース複勝率 pos1_6コース複勝率 pos1_体重 pos1_展示_レース内順位 pos1_展示_レース内差 pos1_勝率_レース内順位 pos1_勝率_レース内差 pos1_2連率_レース内順位 pos1_2連率_レース内差 pos1_3連率_レース内順位 pos1_3連率_レース内差 pos1_当地勝率_レース内順位 pos1_当地勝率_レース内差 pos1_モーター勝率_レース内順位 pos1_モーター勝率_レース内差 pos1_ボート勝率_レース内順位 pos1_ボート勝率_レース内差 pos1_平均スタートタイミング_レース内順位 pos1_平均スタートタイミング_レース内差 pos2_艇 pos2_級 pos2_展示 pos2_勝率 pos2_2連率 pos2_3連率 pos2_当地勝率 pos2_当地2連率 pos2_当地3連率 pos2_モーター勝率 pos2_モーター2連率 pos2_モーター3連率 pos2_ボート勝率 pos2_ボート2連率 pos2_ボート3連率 pos2_平均スタートタイミング pos2_1コース複勝率 pos2_2コース複勝率 pos2_3コース複勝率 pos2_4コース複勝率 pos2_5コース複勝率 pos2_6コース複勝率 pos2_体重 pos2_展示_レース内順位 pos2_展示_レース内差 pos2_勝率_レース内順位 pos2_勝率_レース内差 pos2_2連率_レース内順位 pos2_2連率_レース内差 pos2_3連率_レース内順位 pos2_3連率_レース内差 pos2_当地勝率_レース内順位 pos2_当地勝率_レース内差 pos2_モーター勝率_レース内順位 pos2_モーター勝率_レース内差 pos2_ボート勝率_レース内順位 pos2_ボート勝率_レース内差 pos2_平均スタートタイミング_レース内順位 pos2_平均スタートタイミング_レース内差 pos3_艇 pos3_級 pos3_展示 pos3_勝率 pos3_2連率 pos3_3連率 pos3_当地勝率 pos3_当地2連率 pos3_当地3連率 pos3_モーター勝率 pos3_モーター2連率 pos3_モーター3連率 pos3_ボート勝率 pos3_ボート2連率 pos3_ボート3連率 pos3_平均スタートタイミング pos3_1コース複勝率 pos3_2コース複勝率 pos3_3コース複勝率 pos3_4コース複勝率 pos3_5コース複勝率 pos3_6コース複勝率 pos3_体重 pos3_展示_レース内順位 pos3_展示_レース内差 pos3_勝率_レース内順位 pos3_勝率_レース内差 pos3_2連率_レース内順位 pos3_2連率_レース内差 pos3_3連率_レース内順位 pos3_3連率_レース内差 pos3_当地勝率_レース内順位 pos3_当地勝率_レース内差 pos3_モーター勝率_レース内順位 pos3_モーター勝率_レース内差 pos3_ボート勝率_レース内順位 pos3_ボート勝率_レース内差 pos3_平均スタートタイミング_レース内順位 pos3_平均スタートタイミング_レース内差
feature_infos=[4:4016] [1:8] [1:8] [1:7] [1:12] [0:2] [0:8] [3:3] [0:3] [6.54:7.0099999999999998] [0:8.0899999999999999] [0:75] [0:88.799999999999997] [0:10.140000000000001] [0:90] [0:100] [0:7.25] [0:62.5] [0:77.799999999999997] [0:8.9399999999999995] [0:78.900000000000006] [0:87.5] [0.10000000000000001:0.23999999999999999] [0:100] [0:100] [0:100] [0:75.900000000000006] [0:63.600000000000001] [0:60] [42:63] [1:6] [-0.14333333333333353:0.10166666666666657] [1:6] [-4.2450000000000001:4.0849999999999991] [1:6] [-24.366666666666671:43.949999999999996] [1:6] [-40.899999999999999:54.86666666666666] [1:6] [-5.543333333333333:4.6600000000000001] [1:6] [-4.746666666666667:3.3150000000000004] [1:6] [-3.5300000000000002:5.6416666666666657] [1:6] [-0.061666666666666647:0.056666666666666671] [1:1] [0:3] [6.5700000000000003:6.9900000000000002] [1.8:7.6900000000000004] [3.2999999999999998:70.599999999999994] [6.7000000000000002:79.400000000000006] [0:8.4299999999999997] [0:81] [0:100] [0:9] [0:100] [0:100] [0:11] [0:100] [0:100] [0.11:0.27000000000000002] [12.5:100] [0:73.599999999999994] [0:64] [0:100] [0:50] [0:50] [44:63] [1:6] [-0.14500000000000046:0.11166666666666636] [1:6] [-1.7700000000000002:2.1899999999999999] [1:6] [-20.75:27.316666666666663] [1:6] [-21.63333333333334:34.31666666666667] [1:6] [-5.6149999999999993:4.2233333333333327] [1:6] [-3.5199999999999996:3.6200000000000001] [1:6] [-2.938333333333333:5.4699999999999998] [1:6] [-0.043333333333333335:0.085000000000000048] [5:5] [0:4] [6.54:7.0700000000000003] [0:7.5199999999999996] [0:69] [0:82.299999999999997] [0:8.5600000000000005] [0:81.200000000000003] [0:93.799999999999997] [0:8.3000000000000007] [0:80] [0:90] [0:7.1699999999999999] [0:66.700000000000003] [0:80] [0.11:0.23000000000000001] [0:100] [0:82.599999999999994] [0:75] [0:70] [0:66.599999999999994] [0:44.399999999999999] [43:66] [1:6] [-0.090000000000000746:0.11333333333333329] [1:6] [-4.3500000000000005:2.586666666666666] [1:6] [-26.466666666666669:35.866666666666667] [1:6] [-40.783333333333331:34.366666666666667] [1:6] [-5.3950000000000005:4.1033333333333335] [1:6] [-4.7616666666666667:3.5533333333333337] [1:6] [-4.7016666666666671:3.8416666666666672] [1:6] [-0.056666666666666657:0.051666666666666639]
tree_sizes=1253 1083 1114 1182 1298 1249 1232 1327 1119 1409 1062 1174 1081 1078 1280 1279 972 1095 1171 1262 1314 1009 941 1184 1124 1111 1403 1188 998 1179 1197 1355 940 1102 1023 1127 1311 1170 1133 1165 987 973 1027 1076 1084 1030 1192 1198 840 873 1226 842 1217 889 953 1302 1034 1068 942 1049 1116 1174 956 1191 826 1158 1296 862 1076 1145 1161 1069 930 1177 1199 993 1036 1029 1036 994 1434 1086 1037 1169 1280 967 1083 1198 1103 1271 1005 1140 975 850 1070 1129 844 1024 1169 827 1205 1071 988 1025 927 827 922 1246 1169 1316 1040 968 942 1134 869 1203 860 1151 951 1197 938 1018 1072 1024 1029 871 1234 836 1041 1079 910 913 1288 1259 1331 1201 1117 857 1161 1014 871 884 1138 1313 1057 1037 1078 1283 1092 1011 918 997 1191 974 849 1026 1130 907 1040 944 872 1301 834 1208 1110 948 857 945 1105 847 1094 1213 869 1113 1151 1135 752 1010 1208 1124 1133 1306 1335 1442 1062 1187 980 1161 870 918 1202 825 1256 1344 1126 1043 987 933 913 1092

Tree=0
num_leaves=13
num_cat=0
split_feature=33 115 31 45 95 117 37 21 48 35 24 31
split_gain=89406.1 44675.8 44285.4 17303.2 12011.3 7189.43 6950 7049.67 4707.66 3727.1 479.46 22.1962
threshold=0.48749999999999943 -13.733333333333327 0.029166666666666344 0.0016666666666666637 33.150000000000006 -0.4975 10.916666666666666 56.550000000000004 6.7350000000000012 -1.3750000000000016 44.250000000000007 -0.010000000000000229
decision_type=2 2 2 2 2 2 2 2 2 2 2 2
left_child=2 -2 3 5 -5 -1 8 10 -3 -7 -8 -12
right_child=1 6 -4 4 -6 9 7 -9 -10 -11 11 -13
leaf_value=57.140820398920155 57.587783266181376 56.265323754704283 59.540095931905306 58.656059134215639 56.775942177242698 56.358695635390823 54.721739119871309 55.556688778436005 55.160137333406581 55.280745307265107 54.221118035030166 54.446981695307279
leaf_weight=14.999999999999998 20 14.999999999999998 19 17 17 15.999999999999998 15.999999999999998 20 27 15.999999999999998 15.999999999999998 23
leaf_count=15 20 15 19 17 17 16 16 20 27 16 16 23
internal_value=56.238 55.4085 57.3741 56.8626 57.7201 56.2409 55.0353 54.7466 55.5535 55.8178 54.4541 54.3489
internal_weight=237 137 100 81 34 47 117 75 42 32 55 39
internal_count=237 137 100 81 34 47 117 75 42 32 55 39
is_linear=0
shrinkage=1


Tree=1
num_leaves=11
num_cat=0
split_feature=33 45 41 6 113 48 35 41 113 78
split_gain=122657 48691 51106.1 38808 37483.8 6632.69 4712.63 3996.92 3570.31 820.25
threshold=0.48749999999999943 -0.0083333333333333436 0.42583333333333379 3.5000000000000004 -12.099999999999998 6.7150000000000007 11.808333333333339 1.0000000180025095e-35 6.0999999999999988 -0.29666666666666636
decision_type=2 2 2 2 2 2 2 2 2 2
left_child=1 8 3 -3 -2 -6 7 -7 -1 -8
right_child=4 2 -4 -5 5 6 9 -9 -10 -11
leaf_value=0.24520871860302043 1.2050832000226606 4.186541987565171 -0.29806947819670743 1.5232753525000875 -0.55501889593046971 -0.47433853888372229 -1.499275220365998 -1.4639786365845193 -0.84245426556132497 -1.9801303830753079
leaf_weight=15.000000000000002 18 27 17 28 27 17 15.999999999999998 26 14.999999999999998 29
leaf_count=15 18 27 17 28 27 17 16 26 15 29
internal_value=0.0885315 1.3922 2.09657 2.83601 -0.911534 -1.24363 -1.45399 -1.07485 -0.299449 -1.81297
internal_weight=235 102 72 55 133 115 88 43 30 45
internal_count=235 102 72 55 133 115 88 43 30 45
is_linear=0
shrinkage=0.05


Tree=2
num_leaves=11
num_cat=0
split_feature=35 113 6 35 82 35 49 50 39 114
split_gain=104478 64788.8 29658.4 15871.7 12783.8 12149 13005.5 8147.82 4628.24 775.338
threshold=-1.3750000000000016 -11.091666666666669 2.5000000000000004 10.483333333333333 -0.10749999999999992 16.041666666666668 4.1950000000000012 48.650000000000013 0.73999999999999988 3.5000000000000004
decision_type=2 2 2 2 2 2 2 2 2 2
left_child=2 3 -1 -2 -4 6 -3 8 -8 -7
right_child=1 5 4 -5 -6 9 7 -9 -10 -11
leaf_value=3.4623705239820235 2.5814823483087994 0.58395533629733576 -0.095034407345664429 0.31815005501374505 1.8133249596961865 -1.4601400083272242 -0.78690118128453601 0.13091788394561665 -1.5173079305031587 -1.919754262583879
leaf_weight=19 16.000000000000004 15.999999999999998 14.999999999999998 14.999999999999998 21 19 47 14.999999999999998 41 24
leaf_count=19 16 16 15 15 21 19 47 15 41 24
internal_value=-0.0518632 -0.599843 1.86856 1.49103 1.01998 -1.00065 -0.739218 -0.945175 -1.1286 -1.72064
internal_weight=248 193 55 31 36 162 119 103 88 43
internal_count=248 193 55 31 36 162 119 103 88 43
is_linear=0
shrinkage=0.05


Tree=3
num_leaves=12
num_cat=0
split_feature=35 111 45 4 31 113 33 103 78 76 96
split_gain=102323 45568.8 39407.4 37799.6 21297.8 9890.77 12621.6 7900.59 4744.73 1984.23 200.098
threshold=1.6083333333333345 -0.80583333333333307 -0.0058333333333333423 5.5000000000000009 0.00083333333333346371 6.4499999999999984 0.7541666666666661 31.400000000000002 0.18833333333333349 -3.5999999999999903 49.500000000000007
decision_type=2 2 2 2 2 2 2 2 2 2 2
left_child=2 -2 -1 -4 -5 6 7 -3 -8 -7 -11
right_child=1 5 3 4 -6 9 8 -9 -10 10 -12
leaf_value=0.11746785895850825 1.3236198140286852 -0.77485431266127169 0.74529732996256559 2.2424686192676719 4.9309573628255086 -1.0346978625895813 -0.58742271246831057 0.69581270929761407 -1.6657299310834575 -1.5685306106483079 -1.872574868676258
leaf_weight=27 26 15.999999999999998 19 15.000000000000002 14.999999999999998 15.999999999999998 18 21 24 18 17
leaf_count=27 26 16 19 15 15 16 18 21 24 18 17
internal_value=0.149241 -0.583655 1.65246 2.49621 3.5988 -0.965873 -0.614095 0.0593395 -1.20621 -1.50842 -1.72127
internal_weight=232 156 76 49 30 130 79 37 42 51 35
internal_count=232 156 76 49 30 130 79 37 42 51 35
is_linear=0
shrinkage=0.05


Tree=4
num_leaves=13
num_cat=0
split_feature=33 41 82 114 22 37 101 37 41 121 115 31
split_gain=90508.8 40599.5 39537.3 36391.4 22674.5 25664 4771.6 2839.8 1831.79 1070.4 753.107 139.335
threshold=0.48749999999999943 0.44166666666666604 0.28416666666666718 1.5000000000000002 0.15500000000000003 -0.49166666666667064 89.850000000000009 18.333333333333332 1.0000000180025095e-35 -0.23083333333333342 5.8000000000000016 1.0000000180025095e-35
decision_type=2 2 2 2 2 2 2 2 2 2 2 2
left_child=1 2 4 -2 -1 -6 7 8 9 -5 -10 -9
right_child=3 -3 -4 6 5 -7 -8 11 10 -11 -12 -13
leaf_value=-0.14786043188690601 1.1535433150015735 -0.63802947283307188 3.7993357116346207 -0.4703178184373038 3.1620249970421117 0.56265893303911108 -0.29603565505572726 -1.7703633163148991 -1.0862706546659593 -1.053935136558106 -1.552152741473654 -1.4862150298882715
leaf_weight=22 21 23 18 15.999999999999998 19 19 15.999999999999998 15.000000000000002 23 15.999999999999998 15.999999999999998 15.999999999999998
leaf_count=22 21 23 18 16 19 19 16 15 23 16 16 16
internal_value=0.067319 1.20577 1.74964 -0.760136 1.12935 1.86736 -1.10144 -1.22731 -1.04976 -0.764656 -1.28101 -1.62912
internal_weight=240 101 78 139 60 38 118 102 71 32 39 31
internal_count=240 101 78 139 60 38 118 102 71 32 39 31
is_linear=0
shrinkage=0.05


Tree=5
num_leaves=13
num_cat=0
split_feature=37 111 31 103 33 37 31 21 24 103 18 16
split_gain=63764.3 48868.2 36317.3 44115.4 24477.3 10233.9 7005.48 3411.53 2894.46 2759.65 272.143 114.19
threshold=-0.49166666666667064 -0.57666666666666611 -0.029166666666667226 43.20000000000001 1.0449999999999997 10.916666666666666 0.033333333333333666 56.95000000000001 49.150000000000006 40.45000000000001 47.550000000000004 5.7550000000000008
decision_type=2 2 2 2 2 2 2 2 2 2 2 2
left_child=2 4 -1 -4 -2 6 8 10 9 -3 -7 -12
right_child=1 5 3 -5 -6 7 -8 -9 -10 -11 11 -13
leaf_value=-0.3709596455426506 1.8357792214460646 -0.92507691086898913 4.2084184958920847 0.65730988327310891 -0.6619593176225953 -1.7325625924503101 0.42450432398461352 -0.75665243787375103 -1.2533194920463018 -0.048641746682904607 -1.3405855201141179 -1.5936944165766633
leaf_weight=18 28 19 17 18 14.999999999999998 22 14.999999999999998 17 21 17 17 14.999999999999998
leaf_count=18 28 19 17 18 15 22 15 17 21 17 17 15
internal_value=-0.0754339 -0.511489 1.45286 2.38935 0.964845 -0.955821 -0.534546 -1.38161 -0.787317 -0.512624 -1.5765 -1.46398
internal_weight=239 186 53 35 43 143 72 71 57 36 54 32
internal_count=239 186 53 35 43 143 72 71 57 36 54 32
is_linear=0
shrinkage=0.05


Tree=6
num_leaves=12
num_cat=0
split_feature=33 41 4 45 115 89 48 74 33 78 43
split_gain=65460 30612.1 34874.7 35702.7 26246 22583.3 5430.18 4650.72 2357.31 1652.26 411.935
threshold=0.49250000000000022 0.42583333333333379 4.5000000000000009 0.009166666666666658 -13.733333333333327 39.350000000000001 6.7150000000000007 0.71666666666667223 0.61749999999999983 -1.0241666666666667 0.023333333333332987
decision_type=2 2 2 2 2 2 2 2 2 2 2
left_child=1 2 -1 5 -2 -4 7 -6 -8 -10 -11
right_child=4 -3 3 -5 6 -7 8 -9 9 10 -12
leaf_value=0.097927191146267953 1.0292218721349824 -0.44307757770003431 2.7012845369364249 4.2627826365254675 0.23079340315812469 -0.037277494716328505 -0.62087553450779887 -0.99137390148565618 -0.82485977592847215 -1.5900246981130652 -1.2881006590947757
leaf_weight=27 19 27 15.000000000000002 15.999999999999998 15.000000000000002 14.999999999999998 15.999999999999998 15.999999999999998 14.999999999999998 25 30
leaf_count=27 19 27 15 16 15 15 16 16 15 25 30
internal_value=0.0234553 0.994043 1.52553 2.36133 -0.690382 1.33626 -0.970317 -0.401001 -1.17477 -1.30024 -1.42807
internal_weight=236 100 73 46 136 30 117 31 86 70 55
internal_count=236 100 73 46 136 30 117 31 86 70 55
is_linear=0
shrinkage=0.05


Tree=7
num_leaves=13
num_cat=0
split_feature=33 45 6 102 72 35 113 21 92 16 25 23
split_gain=67817.2 34907.1 33568.6 21729 9000.9 4365.88 3587.68 3226.48 2221.21 1062.32 601.113 765.056
threshold=0.48749999999999943 -0.0083333333333333436 2.5000000000000004 17.150000000000002 0.6900000000000005 14.600000000000001 -3.1166666666666649 56.95000000000001 34.95000000000001 5.0750000000000011 57.650000000000013 83.550000000000011
decision_type=2 2 2 2 2 2 2 2 2 2 2 2
left_child=1 8 -3 -2 -4 6 -5 9 -1 -8 11 -7
right_child=3 2 4 5 -6 10 7 -9 -10 -11 -12 -13
leaf_value=-0.028155244028331423 1.0275630324092133 2.8483413025967241 1.3659435783799792 -0.12938702738746094 -0.095612003678959126 -1.4849951232505947 -0.80028699968034867 -0.3005101732860338 -0.87434575394814051 -1.3309755053307182 -1.6233609223217695 -0.96909184344807009
leaf_weight=15.000000000000002 14.999999999999998 29 21 18 21 15.000000000000002 14.999999999999998 14.999999999999998 15.999999999999998 29 15.999999999999998 15.999999999999998
leaf_count=15 15 29 21 18 21 15 15 15 16 29 16 16
internal_value=-0.0463809 0.93221 1.54277 -0.764673 0.636556 -0.98217 -0.748513 -0.936775 -0.466467 -1.1524 -1.36246 -1.22286
internal_weight=241 102 71 139 42 124 77 59 31 44 47 31
internal_count=241 102 71 139 42 124 77 59 31 44 47 31
is_linear=0
shrinkage=0.05


Tree=8
num_leaves=11
num_cat=0
split_feature=35 82 111 106 105 0 39 14 117 19
split_gain=74662.2 39816.4 22886.9 18488.2 9990.66 6646.33 4659.11 3688.65 2935.21 964.748
threshold=1.6083333333333345 0.28416666666666718 -0.83749999999999958 5.4000000000000012 23.450000000000006 364.50000000000006 0.62500000000000011 37.70000000000001 -1.1291666666666662 5.6250000000000009
decision_type=2 2 2 2 2 2 2 2 2 2
left_child=1 3 -2 -1 -5 -4 7 -7 -8 -10
right_child=2 -3 5 4 -6 6 8 -9 9 -11
leaf_value=2.1494644243117658 0.85859145994680341 3.581137840496087 0.2104422111384916 -0.46457477388787566 1.1156699706936439 -0.84135354730338519 -0.48578528891439021 0.17331539526680451 -1.3370563543204108 -0.87158001542880825
leaf_weight=17 25 15.999999999999998 14.999999999999998 24 17 22 15.999999999999998 14.999999999999998 56 14.999999999999998
leaf_count=17 25 16 15 24 17 22 16 15 56 15
internal_value=0.0632275 1.38055 -0.531623 0.768288 0.191647 -0.782135 -0.902318 -0.430508 -1.10219 -1.24015
internal_weight=238 74 164 58 41 139 124 37 87 71
internal_count=238 74 164 58 41 139 124 37 87 71
is_linear=0
shrinkage=0.05


Tree=9
num_leaves=14
num_cat=0
split_feature=33 82 111 35 57 101 15 45 35 41 109 45 31
split_gain=44885.8 36988.1 33573 19785.9 16129 7211.3 8922.4 4542.91 4288.05 2499.94 1186.32 1081.97 602.695
threshold=0.073333333333333264 0.36666666666666631 -0.80583333333333307 10.716666666666667 48.250000000000007 87.65000000000002 58.550000000000004 -1.0000000180025095e-35 8.875 -0.10583333333333343 0.031666666666667627 -0.011666666666666643 0.019166666666666558
decision_type=2 2 2 2 2 2 2 2 2 2 2 2 2
left_child=1 4 3 -2 -1 8 -7 -6 9 -4 12 -11 -10
right_child=2 -3 5 -5 7 6 -8 -9 10 11 -12 -13 -14
leaf_value=1.4872761018675376 2.3675357826498167 3.2745952717515809 -0.13959029871432935 -0.15465159008962026 -0.9044954789395363 -0.90811272851678693 0.8107249291527352 0.32229490201204819 -1.4741245256199955 -0.55595739804069444 -0.80987732462261031 -1.1442421656958064 -1.0939813117482768
leaf_weight=22 15.000000000000002 14.999999999999998 20 15.999999999999998 15 15.000000000000002 14.999999999999998 15 28 15.999999999999998 15.999999999999998 15.999999999999998 20
leaf_count=22 15 15 20 16 15 15 15 15 28 16 16 16 20
internal_value=-0.00545523 1.09581 -0.422731 1.06929 0.462142 -0.740079 -0.0486896 -0.291901 -0.918647 -0.579443 -1.19284 -0.852904 -1.31844
internal_weight=244 67 177 31 52 146 30 30 116 52 64 32 48
internal_count=244 67 177 31 52 146 30 30 116 52 64 32 48
is_linear=0
shrinkage=0.05


Tree=10
num_leaves=11
num_cat=0
split_feature=37 111 31 82 35 76 15 115 2 6
split_gain=41996.5 29721.6 26583.8 45895.7 5944.04 6744.28 6789.49 2545.94 2367.9 370.993
threshold=0.94166666666666654 -0.83749999999999958 -0.027499999999999854 -0.11999999999999965 16.041666666666668 -1.9666666666666648 58.550000000000004 8.6916666666666718 2.5000000000000004 3.5000000000000004
decision_type=2 2 2 2 2 2 2 2 2 2
left_child=2 -2 -1 -4 5 6 -3 8 -7 -6
right_child=1 4 3 -5 9 7 -8 -9 -10 -11
leaf_value=-0.38913200742754589 1.0891549088418262 -0.59842607159363592 -0.15377802255734874 2.9789767644071068 -1.4335325051407786 -0.83550776489241463 0.85645788841887027 -1.1700601602392442 -0.14123897753396439 -1.0897218991324538
leaf_weight=23 27 17 20 28 18 32 14.999999999999998 27 20 19
leaf_count=23 27 17 20 28 18 32 15 27 20 19
internal_value=-0.0174851 -0.433623 1.0073 1.67595 -0.712009 -0.528154 0.0839386 -0.775946 -0.569361 -1.26053
internal_weight=246 175 71 48 148 111 32 79 52 37
internal_count=246 175 71 48 148 111 32 79 52 37
is_linear=0
shrinkage=0.05


Tree=11
num_leaves=12
num_cat=0
split_feature=34 111 6 35 35 76 87 94 42 28 57
split_gain=51481.7 26568.8 24579.5 15631.1 9082.41 5406.8 11210.4 4255.78 1993.71 1116 499.246
threshold=3.5000000000000004 -0.68500000000000083 2.5000000000000004 11.550000000000002 -6.8166666666666673 -1.9666666666666648 6.785000000000001 5.8250000000000011 4.5000000000000009 6.9000000000000012 52.250000000000007
decision_type=2 2 2 2 2 2 2 2 2 2 2
left_child=2 3 -1 -2 -4 6 -3 9 -8 -7 -11
right_child=1 5 4 -5 -6 7 8 -9 -10 10 -12
leaf_value=2.5351166090035342 2.0315408317291213 0.68006373021140021 1.3230448095838008 -0.21020611388399113 -0.20425978626402636 -0.81350180648824066 -1.1689140820371511 -0.27277904781281137 -0.39848755983092032 -1.3460676541756158 -0.97163773893520533
leaf_weight=24 16.000000000000004 20 18 14.999999999999998 21 28 18 22 15.999999999999998 30 14.999999999999998
leaf_count=24 16 20 18 15 21 28 18 22 16 30 15
internal_value=0.0504415 -0.380157 1.27945 0.949476 0.502103 -0.657276 -0.257 -0.88424 -0.808739 -1.06782 -1.2238
internal_weight=243 180 63 31 39 149 54 95 34 73 45
internal_count=243 180 63 31 39 149 54 95 34 73 45
is_linear=0
shrinkage=0.05


Tree=12
num_leaves=11
num_cat=0
split_feature=35 45 113 115 22 31 37 49 123 45
split_gain=39994.4 28813 19276.4 14220.4 4524.73 4514.42 5619.61 3285.04 1392.31 780.826
threshold=1.6083333333333345 0.009166666666666658 -11.091666666666669 -4.9416666666666691 0.15500000000000003 0.031666666666667183 10.916666666666666 4.2150000000000007 0.015000000000000015 -0.02166666666666665
decision_type=2 2 2 2 2 2 2 2 2 2
left_child=1 3 -2 -1 -5 7 -7 -4 9 -9
right_child=2 -3 5 4 -6 6 -8 8 -10 -11
leaf_value=1.5195135719728787 0.71888251219779997 2.3299913221375084 -0.23359424963332059 -0.86634690432258721 0.25196970096115251 0.51012959886860376 -0.76645087523395139 -1.3725777905648915 -0.59293509787617471 -0.98856449543934
leaf_weight=14.999999999999998 28 24 17 18 18 14.999999999999998 20 19 18 54
leaf_count=15 28 24 17 18 18 15 20 19 18 54
internal_value=-0.0566804 0.905223 -0.478879 0.231398 -0.307901 -0.71378 -0.219308 -0.873628 -0.992752 -1.09032
internal_weight=246 75 171 51 36 143 35 108 91 73
internal_count=246 75 171 51 36 143 35 108 91 73
is_linear=0
shrinkage=0.05


Tree=13
num_leaves=11
num_cat=0
split_feature=33 31 65 102 116 66 45 21 116 1
split_gain=32386.3 29034.4 21015.8 17628.7 5649.62 5067.46 4037.58 4023.85 1704.23 680.583
threshold=0.48749999999999943 0.014999999999999682 43.600000000000009 17.150000000000002 2.5000000000000004 30.200000000000003 0.0058333333333333301 56.550000000000004 2.5000000000000004 2.5000000000000004
decision_type=2 2 2 2 2 2 2 2 2 2
left_child=1 2 4 -2 -1 7 -6 8 -5 -10
right_child=3 -3 -4 5 6 -7 -8 -9 9 -11
leaf_value=0.5262240872745626 1.0388786138149728 2.0731770141852284 1.8495118551696372 -0.6029326196356769 -0.91594588145118794 0.075554628709223873 0.10557561410183938 -0.20989459524967821 -1.2647355622210461 -0.90829918185078284
leaf_weight=17 17 28 14.999999999999998 23 27 19 14.999999999999998 22 34 25
leaf_count=17 17 28 15 23 27 19 15 22 34 25
internal_value=0.027551 0.704842 0.184927 -0.466019 -0.240601 -0.674729 -0.551614 -0.811789 -0.972759 -1.11558
internal_weight=242 102 74 140 59 123 42 104 82 59
internal_count=242 102 74 140 59 123 42 104 82 59
is_linear=0
shrinkage=0.05


Tree=14
num_leaves=13
num_cat=0
split_feature=33 41 6 115 35 76 87 49 42 28 26 104
split_gain=34198.6 28766.7 29669 17414.1 21903.3 5428.99 12376.9 2603.63 1786.44 883.201 723.864 285.152
threshold=0.12833333333333344 0.42583333333333379 3.5000000000000004 -9.7166666666666686 13.841666666666667 -1.9666666666666648 6.785000000000001 6.2250000000000005 4.5000000000000009 11.4 34.900000000000006 34.900000000000006
decision_type=2 2 2 2 2 2 2 2 2 2 2 2
left_child=1 2 -1 4 -2 6 -5 9 -8 10 -7 -11
right_child=3 -3 -4 5 -6 7 8 -9 -10 11 -12 -13
leaf_value=2.7527668958422784 1.9373629181008589 -0.71341343651579303 0.38674345561938972 1.0488771473335115 -0.67684106960991375 -0.94238190149289991 -1.0621314652958271 -0.34201227388533939 -0.30038978744618938 -1.24765381979112 -0.48524043534370453 -0.9397106908122943
leaf_weight=26 17 19 27 14.999999999999998 14.999999999999998 22 15.999999999999998 25 15.000000000000002 20 14.999999999999998 15.999999999999998
leaf_count=26 17 19 27 15 15 22 16 25 15 20 15 16
internal_value=0.0356177 0.952868 1.55053 -0.339921 0.713508 -0.574383 -0.125773 -0.784561 -0.695859 -0.935376 -0.758997 -1.11391
internal_weight=248 72 53 176 32 144 46 98 31 73 37 36
internal_count=248 72 53 176 32 144 46 98 31 73 37 36
is_linear=0
shrinkage=0.05


Tree=15
num_leaves=13
num_cat=0
split_feature=35 117 113 35 31 38 72 111 64 0 63 113
split_gain=29462.3 29971.4 15866.6 13562.7 8898.41 7293.69 2420.16 3178.75 1632.39 1220.28 1038.22 617.596
threshold=6.991666666666668 -0.21166666666666642 -6.3500000000000005 -7.4999999999999956 0.030833333333333272 3.5000000000000004 0.70416666666666627 -0.57666666666666611 29.000000000000004 1191.0000000000002 44.600000000000001 8.8333333333333339
decision_type=2 2 2 2 2 2 2 2 2 2 2 2
left_child=1 2 -1 -3 8 -2 7 -7 -5 -9 -10 -11
right_child=5 3 -4 4 -6 6 -8 9 10 11 -12 -13
leaf_value=2.6354154947978348 0.19223032618459332 0.99057012108846321 0.55561546622312552 -0.34511447394920508 0.56517681712992707 0.017611126710247522 -1.2036106052626652 -0.42781199879116483 -1.2831404269136337 -0.74110648518516897 -0.6848467908947673 -1.1221022226152377
leaf_weight=20 24 24 17 14.999999999999998 17 14.999999999999998 25 17 15.000000000000002 23 14.999999999999998 22
leaf_count=20 24 24 17 15 17 15 25 17 15 23 15 22
internal_value=-0.0540476 0.496201 1.68404 -0.0161507 -0.406897 -0.591202 -0.775596 -0.635184 -0.774675 -0.792973 -0.987429 -0.929557
internal_weight=249 123 37 86 62 126 102 77 45 62 30 45
internal_count=249 123 37 86 62 126 102 77 45 62 30 45
is_linear=0
shrinkage=0.05


Tree=16
num_leaves=10
num_cat=0
split_feature=35 114 6 76 92 58 40 107 106
split_gain=30583.5 27968.6 19279.8 6610.87 8778.78 6228.33 2567.62 1049.76 820.91
threshold=-1.3750000000000016 1.5000000000000002 2.5000000000000004 -1.9666666666666648 35.150000000000013 5.330000000000001 1.5000000000000002 50.500000000000007 10.250000000000002
decision_type=2 2 2 2 2 2 2 2 2
left_child=2 -2 -1 4 -3 -4 -5 -8 -9
right_child=1 3 5 6 -6 -7 7 8 -10
leaf_value=2.2589195314741812 1.2199677108398663 0.7433248503054205 -0.30414132953348738 -0.20451788143138983 -0.60617627011499364 1.071473263825802 -0.50281844672130704 -1.0854478459473889 -0.74762675599476169
leaf_weight=21 27 21 18 20 28 14.999999999999998 20 37 38
leaf_count=21 27 21 18 20 28 15 20 37 38
internal_value=0.028813 -0.268291 1.07833 -0.513934 -0.0273808 0.322335 -0.721 -0.829352 -0.915575
internal_weight=245 191 54 164 49 33 115 95 75
internal_count=245 191 54 164 49 33 115 95 75
is_linear=0
shrinkage=0.05


Tree=17
num_leaves=11
num_cat=0
split_feature=34 6 115 33 62 0 103 24 74 9
split_gain=32899.3 25675.3 23692.9 15739.2 5479.57 4743.76 4036.02 1752.47 2056.09 826.345
threshold=3.5000000000000004 2.5000000000000004 -9.7166666666666686 0.81916666666666649 81.950000000000003 364.50000000000006 56.800000000000004 44.250000000000007 -0.78333333333333133 6.8750000000000009
decision_type=2 2 2 2 2 2 2 2 2 2
left_child=1 -1 3 -2 -3 -4 7 8 -7 -9
right_child=2 4 5 -5 -6 6 -8 9 -10 -11
leaf_value=2.4631302388358458 1.9766620283238372 -0.22493578276483184 0.20667533294930643 -0.20373760615446554 0.98803584664504707 -0.028340276977084335 0.062705159605595098 -0.99280352355461643 -0.76348064941464711 -0.58957368002997501
leaf_weight=21 17 22 18 15.999999999999998 15.999999999999998 14.999999999999998 17 59 26 17
leaf_count=21 17 22 18 16 16 15 17 59 26 17
internal_value=0.0373658 1.06444 -0.290558 0.921926 0.286911 -0.554261 -0.656592 -0.761112 -0.495372 -0.903566
internal_weight=244 59 185 33 38 152 134 117 41 76
internal_count=244 59 185 33 38 152 134 117 41 76
is_linear=0
shrinkage=0.05


Tree=18
num_leaves=12
num_cat=0
split_feature=33 41 6 111 82 0 78 24 116 30 24
split_gain=32685.6 28667.9 28277.5 9642.31 8721.21 4172.12 2501.21 3488.96 1467.3 1169.72 356.107
threshold=0.21166666666666648 0.41416666666666663 2.5000000000000004 -0.83749999999999958 -0.10749999999999992 377.50000000000006 0.16500000000000006 44.70000000000001 4.5000000000000009 4.5000000000000009 41.70000000000001
decision_type=2 2 2 2 2 2 2 2 2 2 2
left_child=1 2 -1 -2 -4 -5 7 -7 -9 10 -8
right_child=3 -3 4 5 -6 6 9 8 -10 -11 -12
leaf_value=3.002071813920244 0.52602585164180649 -0.65655733255130988 -0.26926189116294813 0.26624718849232659 1.3593583619726297 0.20693442215577018 -0.75351401828414755 -0.31564123895779955 -0.93150160063558551 -0.43734562350610579 -1.0342881310742427
leaf_weight=20 26 21 14.999999999999998 14.999999999999998 18 18 20 19 20 15.999999999999998 33
leaf_count=20 26 21 15 15 18 18 20 19 20 16 33
internal_value=0.0304155 0.904478 1.52317 -0.357173 0.620348 -0.520325 -0.614142 -0.367888 -0.63317 -0.816669 -0.930048
internal_weight=241 74 53 167 33 141 126 57 39 69 53
internal_count=241 74 53 167 33 141 126 57 39 69 53
is_linear=0
shrinkage=0.05


Tree=19
num_leaves=13
num_cat=0
split_feature=34 6 113 53 4 57 101 0 59 28 123 16
split_gain=22875.6 21400.3 16721 8665.96 8475.53 3307.97 4514.33 3060.64 2303.37 711.946 611.74 441.472
threshold=3.5000000000000004 2.5000000000000004 -11.091666666666669 34.70000000000001 8.5000000000000018 50.95000000000001 84.800000000000011 1276.0000000000002 27.400000000000002 11.900000000000002 -0.012500000000000009 4.785000000000001
decision_type=2 2 2 2 2 2 2 2 2 2 2 2
left_child=1 -1 3 -2 -3 8 7 -7 -4 -9 -10 -12
right_child=2 4 5 -5 -6 6 -8 9 10 -11 11 -13
leaf_value=2.0708536711213816 1.6350722110429343 -0.52680812086994289 -0.18683353995091351 -0.034393693053204076 0.91131110082122024 0.1056915795942496 0.53325605518770536 -0.49194586735745371 -1.037040277786585 -0.94314582975287176 -0.49551084182277227 -0.82471699956050171
leaf_weight=22 15.000000000000002 22 18 15.999999999999998 19 17 14.999999999999998 19 23 17 15.999999999999998 32
leaf_count=22 15 22 18 16 19 17 15 19 23 17 16 32
internal_value=-0.007159 0.816632 -0.28353 0.775912 0.140111 -0.493112 -0.229948 -0.446641 -0.693642 -0.707173 -0.821614 -0.716344
internal_weight=251 63 188 31 41 157 68 53 89 36 71 48
internal_count=251 63 188 31 41 157 68 53 89 36 71 48
is_linear=0
shrinkage=0.05


Tree=20
num_leaves=13
num_cat=0
split_feature=33 117 113 18 30 35 66 43 78 25 109 107
split_gain=20163.9 23040.8 15771 14689.4 21769.7 7319.13 3180.64 2153.14 1672.78 839.664 736.178 378.107
threshold=0.8716666666666667 -0.4975 -6.3500000000000005 51.100000000000009 4.5000000000000009 -3.2583333333333289 8.1500000000000021 0.31500000000000089 0.2874999999999997 57.650000000000013 -0.008333333333333302 52.500000000000007
decision_type=2 2 2 2 2 2 2 2 2 2 2 2
left_child=1 2 -1 4 5 -3 -2 10 -7 11 -5 -8
right_child=6 3 -4 7 -6 8 9 -9 -10 -11 -12 -13
leaf_value=2.1083263029852715 -0.027431161951574481 0.85539160153723715 0.24973001417955515 -1.0997265755735486 2.1296378441993764 -0.13802710966757167 -0.57479674376518786 -0.11746058645627355 -0.86256897181075143 -1.1330844464509382 -0.65532378779786093 -0.86788656366944883
leaf_weight=25 15.999999999999998 14.999999999999998 21 14.999999999999998 14.999999999999998 17 26 14.999999999999998 14.999999999999998 15.999999999999998 27 21
leaf_count=25 16 15 21 15 15 17 26 15 15 16 27 21
internal_value=-0.0011492 0.313315 1.26233 -0.0542394 0.478001 -0.0524128 -0.657571 -0.633079 -0.479441 -0.817231 -0.816393 -0.707423
internal_weight=244 165 46 119 62 47 79 57 32 63 42 47
internal_count=244 165 46 119 62 47 79 57 32 63 42 47
is_linear=0
shrinkage=0.05


Tree=21
num_leaves=10
num_cat=0
split_feature=66 22 33 68 63 24 95 116 13
split_gain=22668.7 12448.7 11391.9 8356.37 6367.7 6710.35 2935.69 1128.61 681.759
threshold=33.95000000000001 0.17500000000000002 -0.12333333333333306 51.500000000000007 58.45000000000001 39.050000000000004 33.95000000000001 1.5000000000000002 7.1650000000000009
decision_type=2 2 2 2 2 2 2 2 2
left_child=1 4 -3 -4 5 6 -1 -7 -9
right_child=-2 2 3 -5 -6 7 -8 8 -10
leaf_value=0.3937152123019706 1.3144423599505342 1.4798841809699548 0.93333466447741786 -0.52506867065972695 0.52118336014125655 -0.38026487797683811 -0.45265544621732223 -0.76365561262145021 -1.1297629322922018
leaf_weight=22 29 18 14.999999999999998 28 15.999999999999998 15.999999999999998 19 60 17
leaf_count=22 29 18 15 28 16 16 19 60 17
internal_value=0.00616254 -0.174162 0.427575 -0.0152222 -0.419024 -0.53163 0.00122597 -0.766347 -0.84591
internal_weight=240 211 61 43 150 134 41 93 77
internal_count=240 211 61 43 150 134 41 93 77
is_linear=0
shrinkage=0.05


Tree=22
num_leaves=9
num_cat=0
split_feature=66 30 113 59 64 54 9 41
split_gain=18386 26919 11663.7 8192.24 7329.46 7907.59 2158.3 1645.77
threshold=33.95000000000001 2.5000000000000004 -11.091666666666669 35.350000000000001 13.800000000000002 70.750000000000014 6.8950000000000005 0.4508333333333337
decision_type=2 2 2 2 2 2 2 2
left_child=2 -2 3 -1 -4 6 7 -6
right_child=1 -3 4 -5 5 -7 -8 -9
leaf_value=-0.10615297770648269 -0.32966511581117741 2.6586521663413141 0.55611803893229406 1.4670370403089021 -0.54030306999677424 0.41497050198641694 -0.044810144501443237 -0.95761893627580652
leaf_weight=15.999999999999998 15.000000000000002 14.999999999999998 21 17 80 23 15.999999999999998 34
leaf_count=16 15 15 21 17 80 23 16 34
internal_value=0.0134979 1.1682 -0.154309 0.706111 -0.317832 -0.438104 -0.589274 -0.66554
internal_weight=237 30 207 33 174 153 130 114
internal_count=237 30 207 33 174 153 130 114
is_linear=0
shrinkage=0.05


Tree=23
num_leaves=12
num_cat=0
split_feature=33 28 115 123 76 87 50 59 28 35 59
split_gain=18829.1 19759.6 9693.28 5915.65 2562.41 4391.71 1451.28 713.112 602.114 679.095 233.844
threshold=0.14916666666666692 4.4000000000000012 -9.7166666666666686 -0.0083333333333333436 -1.5749999999999955 6.7950000000000008 48.650000000000013 34.250000000000007 11.4 8.5500000000000007 32.800000000000004
decision_type=2 2 2 2 2 2 2 2 2 2 2
left_child=1 -1 -2 -3 5 -4 8 -7 9 -6 -10
right_child=2 3 4 -5 6 7 -8 -9 10 -11 -12
leaf_value=1.6689851378657155 0.54741601178230337 -0.77715583699090141 0.50523438094565587 0.43292228689492851 -0.78129566502196623 -0.27088648799239401 -0.20944505310848932 -0.76114570352415389 -0.72046975508258115 -0.3603405570509422 -0.98106952837000339
leaf_weight=29 28 15.999999999999998 15.999999999999998 27 19 15.000000000000002 18 14.999999999999998 20 20 19
leaf_count=29 28 16 16 27 19 15 18 15 20 20 19
internal_value=-0.014337 0.662794 -0.301372 -0.0179818 -0.469042 -0.161592 -0.615988 -0.517897 -0.709353 -0.567023 -0.849741
internal_weight=242 72 170 43 142 46 96 30 78 39 39
internal_count=242 72 170 43 142 46 96 30 78 39 39
is_linear=0
shrinkage=0.05


Tree=24
num_leaves=11
num_cat=0
split_feature=35 115 31 26 35 74 17 117 31 76
split_gain=13656 16092.4 12925.6 17704.7 4503.35 5172.94 4421.01 3700.77 1284.94 615.356
threshold=16.041666666666668 -13.733333333333327 0.014999999999999682 27.900000000000002 -7.4999999999999956 -4.5500000000000016 31.800000000000001 0.52916666666666645 -0.042499999999999975 11.266666666666667
decision_type=2 2 2 2 2 2 2 2 2 2
left_child=1 -1 4 -4 -3 7 -5 -6 -7 -2
right_child=9 2 3 6 5 8 -8 -9 -10 -11
leaf_value=1.5897959463603315 -0.7106586904050558 0.43942110072011531 2.0595689580041845 0.65350028928472192 0.63108310841566673 -1.0270884272199949 -0.38053342816246 -0.47589343547426322 -0.55393373554101399 -1.114217854177715
leaf_weight=17 29 15.999999999999998 14.999999999999998 18 15.000000000000002 22 24 14.999999999999998 43 14.999999999999998
leaf_count=17 29 16 15 18 15 22 24 15 43 15
internal_value=-0.0598756 0.128511 -0.0201854 0.591191 -0.33443 -0.46514 0.0630047 0.0776865 -0.715487 -0.850564
internal_weight=229 185 168 57 111 95 42 30 65 44
internal_count=229 185 168 57 111 95 42 30 65 44
is_linear=0
shrinkage=0.05


Tree=25
num_leaves=11
num_cat=0
split_feature=33 28 111 72 48 78 87 26 54 15
split_gain=18831.1 21447.5 12009.2 9133.09 3180.91 4647.65 1423.94 868.164 1202.69 1229.89
threshold=0.11750000000000062 5.5500000000000007 -0.83749999999999958 0.54500000000000093 6.745000000000001 0.30749999999999994 6.7250000000000005 27.900000000000002 28.750000000000004 53.100000000000001
decision_type=2 2 2 2 2 2 2 2 2 2
left_child=1 -1 -2 -3 5 -4 -7 -6 -9 -10
right_child=2 3 4 -5 7 6 -8 8 9 -11
leaf_value=1.9211973149463 0.74990191114344718 -0.59210356778396667 0.49636039694338613 0.93224910379153236 -0.83690478553599368 -0.81435384150372414 -0.12510708357324662 -0.075697979863905751 -0.17936348686155104 -0.70118589629033568
leaf_weight=25 27 23 21 17 22 15.000000000000002 14.999999999999998 14.999999999999998 14.999999999999998 47
leaf_count=25 27 23 21 17 22 15 15 15 15 47
internal_value=0.0483384 0.775513 -0.218962 0.0563309 -0.393774 -0.0726547 -0.471457 -0.558909 -0.478434 -0.575511
internal_weight=242 65 177 40 150 51 30 99 77 62
internal_count=242 65 177 40 150 51 30 99 77 62
is_linear=0
shrinkage=0.05


Tree=26
num_leaves=14
num_cat=0
split_feature=33 31 65 117 35 102 62 76 101 31 25 57 113
split_gain=15494 17797.5 15967 12985.2 4627.91 6164.25 4423.09 2764.92 2106.76 1090.26 814.032 676.006 515.9
threshold=0.48749999999999943 0.029166666666666344 44.70000000000001 -0.4975 16.041666666666668 25.500000000000004 64.65000000000002 -3.1500000000000017 80.300000000000011 -0.021666666666666053 57.650000000000013 50.150000000000006 -0.70000000000000095
decision_type=2 2 2 2 2 2 2 2 2 2 2 2 2
left_child=1 2 3 -1 5 -2 -5 -7 -8 -9 12 -11 -6
right_child=4 -3 -4 6 10 7 8 9 -10 11 -12 -13 -14
leaf_value=1.1219933400880422 0.61377815003926151 1.7952602407677256 1.6152654000860176 0.1979608487276151 -0.37091790058754925 0.096887387032116634 -1.0876588392067716 -0.92123208424902914 -0.3350735011479713 -0.64847621162485636 -1.0221466387921605 -0.20594336637027602 -0.78403688928355342
leaf_weight=14.999999999999998 21 20 14.999999999999998 14.999999999999998 15.000000000000002 23 25 14.999999999999998 14.999999999999998 15.999999999999998 17 19 15.999999999999998
leaf_count=15 21 20 15 15 15 23 25 15 15 16 17 19 16
internal_value=-0.00306206 0.4572 0.140564 -0.177226 -0.343514 -0.139169 -0.533042 -0.356382 -0.807103 -0.564762 -0.742465 -0.409658 -0.586137
internal_weight=247 105 85 70 142 94 55 73 40 50 48 35 31
internal_count=247 105 85 70 142 94 55 73 40 50 48 35 31
is_linear=0
shrinkage=0.05


Tree=27
num_leaves=12
num_cat=0
split_feature=37 41 123 114 72 50 66 63 58 37 10
split_gain=11390.2 20833.3 18715.2 9624.81 5385.19 11615 2739.34 1624.18 1248.81 885.596 350.337
threshold=-3.1249999999999996 0.42583333333333379 -0.0041666666666666788 1.5000000000000002 0.19666666666666591 37.250000000000007 4.8500000000000005 57.45000000000001 5.1350000000000007 5.8666666666666645 6.4600000000000009
decision_type=2 2 2 2 2 2 2 2 2 2 2
left_child=1 2 -1 -2 5 6 -5 9 -8 -6 -11
right_child=3 -3 -4 4 7 -7 8 -9 -10 10 -12
leaf_value=0.19269534203390412 0.66072920128119794 -0.83143938977197307 2.6880025406546939 0.24898721867839235 -1.0266936257399246 1.1541186427477723 -0.16640048668398494 -0.16258221575932474 -0.69264748058011449 -0.51806471655445707 -0.80222702137908031
leaf_weight=15 28 14.999999999999998 15 14.999999999999998 18 15.999999999999998 17 15.999999999999998 34 34 17
leaf_count=15 28 15 15 15 18 16 17 16 34 34 17
internal_value=-0.030001 0.686115 1.4453 -0.195551 -0.339459 -0.050167 -0.343495 -0.618094 -0.517999 -0.72326 -0.614268
internal_weight=240 45 30 195 167 82 66 85 51 69 51
internal_count=240 45 30 195 167 82 66 85 51 69 51
is_linear=0
shrinkage=0.05


Tree=28
num_leaves=10
num_cat=0
split_feature=45 4 117 35 82 58 51 109 35
split_gain=16685 35002.8 9673.75 8518.24 5625.62 4892.91 2769.79 2246.76 952.72
threshold=0.009166666666666658 6.5000000000000009 -0.7533333333333333 10.716666666666667 0.47166666666666629 5.4050000000000011 68.950000000000017 0.033333333333332778 -0.61666666666666348
decision_type=2 2 2 2 2 2 2 2 2
left_child=2 -2 3 5 6 -1 7 8 -4
right_child=1 -3 4 -5 -6 -7 -8 -9 -10
leaf_value=0.33520386056129969 -0.38474730750395791 2.6605349671770955 -1.0931605324410556 -0.32066651732374579 0.33769312183578293 1.5931960439839901 0.022192167909584237 -0.22077806635377964 -0.66189633178836205
leaf_weight=16.000000000000004 21 17 17 23 23 14.999999999999998 20 26 57
leaf_count=16 21 17 17 23 23 15 20 26 57
internal_value=0.023036 0.980892 -0.162107 0.407517 -0.377378 0.947236 -0.514643 -0.621974 -0.76238
internal_weight=235 38 197 54 143 31 120 100 74
internal_count=235 38 197 54 143 31 120 100 74
is_linear=0
shrinkage=0.05


Tree=29
num_leaves=12
num_cat=0
split_feature=24 36 111 45 112 96 13 101 57 30 66
split_gain=12629.4 15012.7 8106.54 9736.38 5620.71 3400.78 3259.22 2586.14 1299.26 1658.24 956.653
threshold=38.250000000000007 2.5000000000000004 -0.57666666666666611 -0.0099999999999999933 4.5000000000000009 62.150000000000013 4.9450000000000012 89.850000000000009 52.250000000000007 3.5000000000000004 15.100000000000001
decision_type=2 2 2 2 2 2 2 2 2 2 2
left_child=1 -1 3 -2 -3 7 -6 8 10 -10 -4
right_child=2 4 5 -5 6 -7 -8 -9 9 -11 -12
leaf_value=1.7652031954670448 -0.34503794167172258 0.68205471742637036 -0.47824951800124904 1.2540725371455619 0.17777410221901552 0.28618380223086343 -0.83060105399580209 0.073238910588302772 -0.72172765954893237 -0.033661127156315584 -0.9015835662632038
leaf_weight=19 20 27 21 18 17 14.999999999999998 14.999999999999998 15.999999999999998 17 18 39
leaf_count=19 20 27 21 18 17 15 15 16 17 18 39
internal_value=0.0233875 0.54676 -0.225684 0.413608 0.151972 -0.418702 -0.295861 -0.514173 -0.613131 -0.369111 -0.754542
internal_weight=242 78 164 38 59 126 32 111 95 35 60
internal_count=242 78 164 38 59 126 32 111 95 35 60
is_linear=0
shrinkage=0.05


Tree=30
num_leaves=12
num_cat=0
split_feature=45 33 31 115 91 76 76 109 84 119 120
split_gain=14064.3 14055.2 16123.7 8888.09 4349.98 2028.67 2010.02 1024.92 868.189 627.534 596.354
threshold=-0.0099999999999999933 0.073333333333333264 -1.0000000180025095e-35 -7.8166666666666691 1.6050000000000002 -3.5999999999999903 -3.1500000000000017 0.0041666666666668748 0.0025000000000000027 0.37916666666666693 3.5000000000000004
decision_type=2 2 2 2 2 2 2 2 2 2 2
left_child=4 2 -2 -3 -1 -6 -5 10 -9 -8 -7
right_child=1 3 -4 6 5 7 9 8 -10 -11 -12
leaf_value=0.43317595586082008 0.15708554699307398 0.95700875305380484 2.0282558556758996 0.13222448043525217 -0.093328755751423451 -0.61493974864812184 -0.59709426570184454 -0.25803222571752998 -0.71117334938839649 -0.19658451234268037 -1.0510053205174326
leaf_weight=14.999999999999998 23 19 23 21 26 18 29 26 18 14.999999999999998 14.999999999999998
leaf_count=15 23 19 23 21 26 18 29 26 18 15 15
internal_value=0.0350219 0.39363 1.09515 0.00856046 -0.360012 -0.475881 -0.269646 -0.604701 -0.444714 -0.461426 -0.815879
internal_weight=248 130 46 84 118 103 65 77 44 44 33
internal_count=248 130 46 84 118 103 65 77 44 44 33
is_linear=0
shrinkage=0.05


Tree=31
num_leaves=13
num_cat=0
split_feature=117 35 25 31 17 115 65 78 19 33 20 103
split_gain=11310 14796.2 9774.86 5958.69 13450.2 5712.18 5333.63 2567.78 2698.62 2144.74 583.949 301.604
threshold=-0.55500000000000049 15.35833333333334 31.900000000000002 0.029166666666666344 31.800000000000001 -9.7166666666666686 45.800000000000004 -0.08583333333333297 5.6250000000000009 -0.18500000000000047 28.850000000000005 37.800000000000004
decision_type=2 2 2 2 2 2 2 2 2 2 2 2
left_child=1 2 -1 6 -5 -4 7 8 11 -9 -11 -2
right_child=3 -3 5 4 -6 -7 -8 9 -10 10 -12 -13
leaf_value=1.9989998570341148 -0.66264189679101593 -0.80810799776397124 1.2227547252415034 1.1665689149174079 -0.59852112396809842 -0.051843767256533349 0.44260169600848087 -1.2223858312050007 0.31595982905255249 -0.32659885129217286 -0.67449124499660007 -0.34034136616631061
leaf_weight=14.999999999999998 15.000000000000002 15.999999999999998 14.999999999999995 21 22 21.000000000000004 15.999999999999998 15.999999999999998 14.999999999999998 18 39 14.999999999999998
leaf_count=15 15 16 15 21 22 21 16 16 15 18 39 15
internal_value=-0.0380634 0.51474 0.930618 -0.247517 0.26409 0.481016 -0.411802 -0.527972 -0.230023 -0.711005 -0.565482 -0.503324
internal_weight=244 67 51 177 43 36 134 118 45 73 57 30
internal_count=244 67 51 177 43 36 134 118 45 73 57 30
is_linear=0
shrinkage=0.05


Tree=32
num_leaves=9
num_cat=0
split_feature=45 4 82 117 73 88 111 39
split_gain=13752.5 18893.2 6318.86 5512.56 8104.86 2322.59 2291.49 1800.62
threshold=0.009166666666666658 6.5000000000000009 0.82333333333333336 -1.2816666666666665 3.5000000000000004 4.2300000000000013 -0.53083333333333316 0.45583333333333403
decision_type=2 2 2 2 2 2 2 2
left_child=2 -2 3 4 -1 -5 -7 -8
right_child=1 -3 -4 5 -6 6 7 -9
leaf_value=1.118959349578952 -0.28856496103663942 1.8548034630680534 0.79167796176000937 -0.98910603507465089 -0.42334287838382623 0.13232646409203025 -0.18835884931491467 -0.58895213416888337
leaf_weight=15.999999999999998 20 21 14.999999999999998 14.999999999999998 18 22 48 68
leaf_count=16 20 21 15 15 18 22 48 68
internal_value=-0.0227705 0.810978 -0.192339 -0.271679 0.303453 -0.399633 -0.334854 -0.423537
internal_weight=243 41 202 187 34 153 138 116
internal_count=243 41 202 187 34 153 138 116
is_linear=0
shrinkage=0.05


Tree=33
num_leaves=11
num_cat=0
split_feature=35 113 66 41 95 45 88 119 121 88
split_gain=10676.7 15132.9 8854.68 6067.22 7147.43 9368.41 1597.05 1446.8 616.362 507.481
threshold=16.041666666666668 -13.291666666666663 33.95000000000001 0.4508333333333337 33.150000000000006 1.0000000180025095e-35 6.0500000000000007 0.37916666666666693 -0.13833333333333317 5.0650000000000004
decision_type=2 2 2 2 2 2 2 2 2 2
left_child=1 -1 3 4 5 -3 -5 -6 -2 -10
right_child=8 2 -4 6 7 -7 -8 -9 9 -11
leaf_value=1.7031134600670921 -0.4170678665287687 0.018913737143578004 0.92999565392376415 -0.33795671026425173 -0.56869743510365922 1.3017849496586829 -0.95808677199291192 -0.051129805799779854 -0.98232626172880433 -0.56162954134656895
leaf_weight=14.999999999999998 21 40 25 27 27 22 17 27 15.000000000000002 14.999999999999998
leaf_count=15 21 40 25 27 27 22 17 27 15 15
internal_value=0.0163867 0.181127 0.0568425 -0.0800521 0.109609 0.47557 -0.579295 -0.310579 -0.628647 -0.774709
internal_weight=251 200 185 160 116 62 44 54 51 30
internal_count=251 200 185 160 116 62 44 54 51 30
is_linear=0
shrinkage=0.05


Tree=34
num_leaves=10
num_cat=0
split_feature=37 4 89 111 28 26 49 95 51
split_gain=11289.3 13971 25022.1 7284.92 3853.98 1922.41 1782.5 847.786 442.648
threshold=0.94166666666666654 6.5000000000000009 43.550000000000004 -0.83749999999999958 6.0500000000000016 56.800000000000004 4.2150000000000007 43.20000000000001 67.700000000000003
decision_type=2 2 2 2 2 2 2 2 2
left_child=1 4 -3 -2 -1 6 -5 8 -8
right_child=3 2 -4 5 -6 -7 7 -9 -10
leaf_value=0.45494285667968903 0.55986633317750545 2.427003957353421 -0.22134167046650599 0.038966629084418801 -0.60218120872677861 0.22081923453223631 -0.46262278143675312 -0.13425068613244681 -0.7607159564037197
leaf_weight=14.999999999999998 28 20 15.999999999999998 22 20 14.999999999999998 84 18 14.999999999999998
leaf_count=15 28 20 16 22 20 15 84 18 15
internal_value=0.0279906 0.562306 1.25247 -0.180618 -0.14898 -0.31556 -0.373596 -0.451181 -0.508561
internal_weight=253 71 36 182 35 154 139 117 99
internal_count=253 71 36 182 35 154 139 117 99
is_linear=0
shrinkage=0.05


Tree=35
num_leaves=11
num_cat=0
split_feature=45 4 35 115 30 102 35 35 56 31
split_gain=9428.51 19007.4 5190.35 7247.25 10447 4070.88 3541.51 2541.25 523.131 354.352
threshold=0.009166666666666658 6.5000000000000009 16.041666666666668 -6.1250000000000062 1.5000000000000002 62.20000000000001 -1.8416666666666683 3.9333333333333358 37.750000000000007 -0.0058333333333338002
decision_type=2 2 2 2 2 2 2 2 2 2
left_child=2 -2 3 4 -1 6 -5 -8 9 -4
right_child=1 -3 8 5 -6 -7 7 -9 -10 -11
leaf_value=-0.44196304311815482 -0.28243927404062069 1.9865720436586969 -0.26348692889539355 -0.96552830275541501 1.2113705862527606 0.59447069483877024 0.33467184020512142 -0.31348606331453777 -0.78770982226970032 -0.59459584958372058
leaf_weight=14.999999999999998 20 17 15.999999999999998 15.999999999999998 26 14.999999999999998 20 61 15.999999999999998 17
leaf_count=15 20 17 16 16 26 15 20 61 16 17
internal_value=0.0298161 0.762489 -0.104673 0.0388147 0.606767 -0.169408 -0.288075 -0.15317 -0.551973 -0.43549
internal_weight=239 37 202 153 41 112 97 81 49 33
internal_count=239 37 202 153 41 112 97 81 49 33
is_linear=0
shrinkage=0.05


Tree=36
num_leaves=13
num_cat=0
split_feature=37 82 84 87 101 109 78 57 102 65 13 42
split_gain=6155.72 10645.9 15416.7 5501.37 4385.4 1967.81 1663.38 2171.38 1482.18 575.186 434.545 276.002
threshold=10.300000000000002 0.31749999999999995 -0.010000000000000021 6.7350000000000012 87.65000000000002 -0.011666666666666268 2.1541666666666672 55.650000000000013 33.850000000000001 29.300000000000001 6.4300000000000006 2.5000000000000004
decision_type=2 2 2 2 2 2 2 2 2 2 2 2
left_child=1 3 -3 -1 5 -5 7 9 -7 11 -11 -2
right_child=6 2 -4 4 -6 8 -8 -9 -10 10 -12 -13
leaf_value=0.59115483431794524 -0.38793920649597979 -0.32308303370381042 1.793051616528734 -0.88537707530443921 0.42622661462478473 -0.55898173563325082 -0.85070520535759298 0.24829042794688649 -0.014307469426348991 -0.44470696386122538 -0.063805246668935611 -0.67816943410617192
leaf_weight=22 14.999999999999998 14.999999999999998 20 20 17 26 15.999999999999998 14.999999999999998 24 15.000000000000002 14.999999999999998 20
leaf_count=22 15 15 20 20 17 26 16 15 24 15 15 20
internal_value=-0.0764278 0.130288 0.887658 -0.113449 -0.292157 -0.467052 -0.386366 -0.29249 -0.298188 -0.417552 -0.255267 -0.555387
internal_weight=240 144 35 109 87 70 96 80 50 65 30 35
internal_count=240 144 35 109 87 70 96 80 50 65 30 35
is_linear=0
shrinkage=0.05


Tree=37
num_leaves=12
num_cat=0
split_feature=37 104 76 94 116 51 96 0 13 48 18
split_gain=9451.45 14101.2 3999.17 5634.23 7030.2 6763.22 2654.37 1539.92 605.513 605.062 333.959
threshold=-3.1249999999999996 30.350000000000005 10.441666666666672 5.3100000000000014 4.5000000000000009 57.750000000000007 62.150000000000013 3041.0000000000005 4.9450000000000012 6.7650000000000006 53.550000000000004
decision_type=2 2 2 2 2 2 2 2 2 2 2
left_child=1 -1 3 4 5 -2 8 9 -5 -4 -10
right_child=2 -3 7 6 -6 -7 -8 -9 10 -11 -12
leaf_value=1.9059600929550777 0.19821979447533586 -0.01486937015449407 -0.84806230143723982 -0.19300969515415217 -0.32697449400755857 1.431031097101243 0.23814046111023215 -0.077297631952146825 -0.68422649324652685 -0.4451910149981404 -0.4006614039705686
leaf_weight=14.999999999999998 29 26 22 14.999999999999998 28 18 17 14.999999999999998 25 17 19
leaf_count=15 29 26 22 15 28 18 17 15 25 17 19
internal_value=-0.00135033 0.690679 -0.14005 -0.0078563 0.299359 0.672502 -0.31109 -0.508912 -0.469563 -0.674167 -0.563078
internal_weight=246 41 205 151 75 47 76 54 59 39 44
internal_count=246 41 205 151 75 47 76 54 59 39 44
is_linear=0
shrinkage=0.05


Tree=38
num_leaves=11
num_cat=0
split_feature=102 53 74 8 63 113 13 77 88 54
split_gain=9394.83 8009.23 5311.49 7122.53 7014.74 6956.89 1931.33 1306.54 1069.66 641.507
threshold=14.850000000000003 59.650000000000006 6.6000000000000059 1.0000000180025095e-35 30.200000000000003 -6.3500000000000005 4.4900000000000011 3.5000000000000004 4.8650000000000011 63.150000000000013
decision_type=2 2 2 2 2 2 2 2 2 2
left_child=-1 2 3 4 -2 -5 -4 -7 -8 -10
right_child=1 -3 6 5 -6 7 8 -9 9 -11
leaf_value=1.1918664216205774 -0.015301832079228776 0.98130781243306497 -0.11899768253425498 0.65048683081100234 1.445729725487185 -0.24368320328027981 -1.0103200582243639 -0.65527965444879432 -0.34948412298640136 -0.7647520944938897
leaf_weight=14.999999999999998 18 15.999999999999998 23 20 14.999999999999998 58 15.999999999999998 29 23 15.999999999999998
leaf_count=15 18 16 23 20 15 58 16 29 23 16
internal_value=-0.0169115 -0.0948946 -0.174319 0.00993368 0.651014 -0.188159 -0.504681 -0.381534 -0.665367 -0.521499
internal_weight=249 234 218 140 33 107 78 87 55 39
internal_count=249 234 218 140 33 107 78 87 55 39
is_linear=0
shrinkage=0.05


Tree=39
num_leaves=12
num_cat=0
split_feature=45 39 30 117 53 67 73 108 115 57 117
split_gain=8558.9 10540.6 9940.9 10472.3 2823.47 2770.62 4676.62 1281.53 1755.83 958.069 680.372
threshold=-0.0099999999999999933 -0.92333333333333367 4.5000000000000009 -0.4975 40.45000000000001 4.0500000000000007 3.5000000000000004 3.5000000000000004 1.3333333333333288 53.400000000000006 0.20750000000000005
decision_type=2 2 2 2 2 2 2 2 2 2 2
left_child=5 -2 3 -3 9 6 -1 10 -9 -5 -7
right_child=1 2 -4 4 -6 7 -8 8 -10 -11 -12
leaf_value=0.68409046868831791 1.444813745028406 0.7190123209325443 1.1478296604915637 -0.39117114181196139 -0.95040874103601058 -0.87924459048068315 -0.50330646075076935 0.13833391594956493 -0.51379305628410232 0.10291614154514098 -0.42578808831872411
leaf_weight=17 18 28 20 28 19 18 15.999999999999998 17 26 14.999999999999998 15.999999999999998
leaf_count=17 18 28 20 28 19 18 16 17 26 15 16
internal_value=0.0487685 0.326628 0.142461 -0.0819249 -0.444294 -0.274517 0.108451 -0.438638 -0.256137 -0.21886 -0.667874
internal_weight=238 128 110 90 62 110 33 77 43 43 34
internal_count=238 128 110 90 62 110 33 77 43 43 34
is_linear=0
shrinkage=0.05


Tree=40
num_leaves=10
num_cat=0
split_feature=37 28 106 115 54 21 48 31 81
split_gain=6555.77 13197.7 5967.68 4205.84 1716.62 965.212 1429.27 1006.67 474.233
threshold=0.94166666666666654 4.4000000000000012 14.250000000000002 -12.758333333333335 70.750000000000014 54.650000000000013 6.8050000000000006 0.035000000000000593 5.5000000000000009
decision_type=2 2 2 2 2 2 2 2 2
left_child=1 -1 -3 -2 5 7 -7 8 -5
right_child=3 2 -4 4 -6 6 -8 -9 -10
leaf_value=1.3963670885924138 0.43229450124433672 0.48839384296755767 -0.66091571389549997 -0.40221724668293918 0.18721959250759704 0.2314238885341332 -0.37738883595121392 -0.034813613765287091 -0.68034892416647652
leaf_weight=23 26 23 22 54 19 17 22 14.999999999999998 22
leaf_count=23 26 23 22 54 19 17 22 15 22
internal_value=0.00856119 0.424842 -0.0735995 -0.153315 -0.255757 -0.320633 -0.111968 -0.409784 -0.483583
internal_weight=243 68 45 175 149 130 39 91 76
internal_count=243 68 45 175 149 130 39 91 76
is_linear=0
shrinkage=0.05


Tree=41
num_leaves=9
num_cat=0
split_feature=35 113 74 21 65 66 121 88
split_gain=4926.3 12377.8 6024.76 6174.94 6688.6 3545.76 650.703 412.218
threshold=16.041666666666668 -13.291666666666663 -6.950000000000002 38.500000000000007 51.150000000000006 32.800000000000004 -0.13833333333333317 4.9700000000000015
decision_type=2 2 2 2 2 2 2 2
left_child=1 -1 -3 -4 5 -5 -2 -8
right_child=6 2 3 4 -6 -7 7 -9
leaf_value=1.4175228106265036 -0.28201811853693337 0.59915357153610826 0.72761560456352947 -0.32174944389542831 0.68384154356078608 -1.1001686600913778 -0.85200363819962277 -0.47356663958126355
leaf_weight=14.999999999999998 18 28 15.999999999999998 103 14.999999999999998 17 15.000000000000002 14.999999999999998
leaf_count=15 18 28 16 103 15 17 15 15
internal_value=-0.0694939 0.0427675 -0.0731347 -0.198144 -0.308359 -0.432891 -0.522467 -0.665153
internal_weight=242 194 179 151 135 120 48 30
internal_count=242 194 179 151 135 120 48 30
is_linear=0
shrinkage=0.05


Tree=42
num_leaves=10
num_cat=0
split_feature=66 51 74 119 75 87 35 90 24
split_gain=6432.83 4471.08 4869.18 5831.95 6229.53 2637.78 2536.56 2084.38 1747
threshold=33.95000000000001 70.850000000000009 -3.066666666666666 0.19250000000000037 2.5000000000000004 6.8950000000000005 -1.5666666666666662 38.650000000000013 47.20000000000001
decision_type=2 2 2 2 2 2 2 2 2
left_child=1 2 3 4 8 6 -4 -8 -1
right_child=-2 -3 5 -5 -6 -7 7 -9 -10
leaf_value=0.46743617989369568 0.68801888387227794 0.72485813920861064 -0.95133901804833865 -0.48685151290030498 1.3329927081303881 0.16772116376749147 -0.75104720241883216 -0.19144635027310047 -0.29313136773393644
leaf_weight=15.000000000000002 29 14.999999999999998 20 22 14.999999999999998 21 22 68 14.999999999999998
leaf_count=15 29 15 20 22 15 21 22 68 15
internal_value=-0.0092778 -0.104517 -0.167708 0.178775 0.504661 -0.344955 -0.442939 -0.328975 0.0872758
internal_weight=242 213 198 67 45 131 110 90 30
internal_count=242 213 198 67 45 131 110 90 30
is_linear=0
shrinkage=0.05


Tree=43
num_leaves=11
num_cat=0
split_feature=24 123 57 21 94 41 121 75 6 113
split_gain=8265.11 12370 5353.1 6223.1 3774.85 1808.05 3594.79 2022.93 1051.59 324.488
threshold=38.750000000000007 0.005833333333333344 54.20000000000001 52.050000000000004 5.9400000000000004 0.095000000000000209 0.06000000000000006 4.5000000000000009 2.5000000000000004 6.7500000000000009
decision_type=2 2 2 2 2 2 2 2 2 2
left_child=1 2 3 -1 5 6 7 -2 -7 -10
right_child=4 -3 -4 -5 -6 8 -8 -9 9 -11
leaf_value=-0.1480941465323726 -0.13153960220658462 1.4146136760880235 -0.52679212497050065 1.1957689883693163 0.31944581342867684 -0.78170932866794196 0.28625448758864319 -0.80036295355848996 -0.24879590035398344 -0.54292313989424545
leaf_weight=20 26 22 25 14.999999999999998 28 23 29 20 26 14.999999999999998
leaf_count=20 26 22 25 15 28 23 29 20 26 15
internal_value=-0.00744016 0.403348 0.0307311 0.429471 -0.209295 -0.315993 -0.149008 -0.423546 -0.511064 -0.357584
internal_weight=249 82 60 35 167 139 75 46 64 41
internal_count=249 82 60 35 167 139 75 46 64 41
is_linear=0
shrinkage=0.05


Tree=44
num_leaves=11
num_cat=0
split_feature=66 5 35 53 74 116 8 109 90 98
split_gain=7195.49 18773.4 4598.17 3408.93 2649.98 4367.95 1898.7 1662.47 1036.91 861.574
threshold=33.95000000000001 1.0000000180025095e-35 -7.9500000000000002 55.800000000000004 -1.75833333333333 2.5000000000000004 1.5000000000000002 0.0058333333333329138 42.95000000000001 28.450000000000006
decision_type=2 2 2 2 2 2 2 2 2 2
left_child=2 -2 -1 4 5 -4 -7 8 -6 -9
right_child=1 -3 3 -5 7 6 -8 9 -10 -11
leaf_value=0.66516949300607919 1.837549118688929 -0.58280625789370766 0.76594809791110219 0.50754723225594967 -0.88133361114881414 0.084846934856469103 -0.51363675710689494 -0.46987476491216401 -0.41511549243754131 -0.069852311310976953
leaf_weight=18 17 14.999999999999998 14.999999999999998 17 19 28 25 20 33 41
leaf_count=18 17 15 15 17 19 28 25 20 33 41
internal_value=0.00604138 0.704571 -0.0976994 -0.167377 -0.231041 0.015532 -0.197798 -0.379348 -0.586925 -0.201643
internal_weight=248 32 216 198 181 68 53 113 52 61
internal_count=248 32 216 198 181 68 53 113 52 61
is_linear=0
shrinkage=0.05


Tree=45
num_leaves=10
num_cat=0
split_feature=102 31 33 87 98 65 66 57 66
split_gain=8302.08 6112.34 7332.68 4145.3 7663.63 2200.47 1388.2 1534.86 834.353
threshold=17.150000000000002 0.029166666666666344 0.48749999999999943 6.7350000000000012 33.20000000000001 46.550000000000004 29.000000000000004 44.350000000000001 26.350000000000005
decision_type=2 2 2 2 2 2 2 2 2
left_child=-1 3 -3 4 -2 6 7 -5 -4
right_child=1 2 8 5 -6 -7 -8 -9 -10
leaf_value=1.1100947335640095 1.1318542842636046 1.1307908503365176 -0.34799003520154004 -0.58966455915297822 -0.37564686290256644 0.20925243558765155 -0.78901448961327825 -0.18765851171739059 0.17761373061706801
leaf_weight=15.999999999999998 14.999999999999998 21 15.000000000000002 36 19 17 19 70 14.999999999999998
leaf_count=16 15 21 15 36 19 17 19 70 15
internal_value=0.012904 -0.0648638 0.416575 -0.204557 0.290649 -0.323284 -0.395859 -0.324663 -0.0853051
internal_weight=243 227 51 176 34 142 125 106 30
internal_count=243 227 51 176 34 142 125 106 30
is_linear=0
shrinkage=0.05


Tree=46
num_leaves=12
num_cat=0
split_feature=41 48 24 12 37 115 90 26 68 115 78
split_gain=5793.01 5824.87 9415.09 5007.27 7286.53 9064.49 3584.75 1617.44 1008.69 1085.59 691.798
threshold=0.35999999999999993 6.7950000000000008 35.600000000000009 56.70000000000001 11.300000000000002 1.0000000180025095e-35 62.350000000000001 31.450000000000006 54.500000000000007 -1.5833333333333373 0.53833333333333322
decision_type=2 2 2 2 2 2 2 2 2 2 2
left_child=1 2 -1 -4 5 -5 7 -3 9 -2 -11
right_child=8 6 3 4 -6 -7 -8 -9 -10 10 -12
leaf_value=1.1431389250218646 -0.57321495994223348 -0.79427617038536935 -0.69645662098600158 1.622828412204055 -0.32285998760554185 -0.08463000893987567 0.34656864345403005 -0.21597328192633458 -0.65569941793896547 0.14908562329418903 -0.32951725405573062
leaf_weight=27 19 22 17 16.000000000000004 27 14.999999999999998 18 27 28 15.000000000000002 14.999999999999998
leaf_count=27 19 22 17 16 27 15 18 27 28 15 15
internal_value=-0.0571995 0.106572 0.344366 0.055602 0.276938 0.798863 -0.255343 -0.47681 -0.416382 -0.278471 -0.0903494
internal_weight=246 169 102 75 58 31 67 49 77 49 30
internal_count=246 169 102 75 58 31 67 49 77 49 30
is_linear=0
shrinkage=0.05


Tree=47
num_leaves=12
num_cat=0
split_feature=41 37 74 114 18 117 88 36 111 113 67
split_gain=5103.34 5900.79 6452.1 10362.9 3486.53 2085.17 1604.11 1187.7 822.289 945.132 821.754
threshold=0.35999999999999993 -5.0583333333333327 6.6000000000000059 1.5000000000000002 39.250000000000007 0.72083333333333333 5.4450000000000012 3.5000000000000004 -0.22749999999999912 6.4499999999999984 9.5500000000000025
decision_type=2 2 2 2 2 2 2 2 2 2 2
left_child=1 -1 3 -3 -5 -6 10 -2 -9 -10 -4
right_child=7 2 6 4 5 -7 -8 8 9 -11 -12
leaf_value=0.89464569646327652 -0.75685256812618573 1.3861743623425502 -0.42430168754524655 0.67790305267106632 0.077129287933403595 -0.49987971245472718 -0.1112436476194463 -0.60924375736160785 0.083786291976249649 -0.38725947077343575 -0.9282443535253867
leaf_weight=20 18 15.999999999999998 17 14.999999999999998 37 27 21 14.999999999999998 19 24 15.999999999999998
leaf_count=20 18 16 17 15 37 27 21 15 19 24 16
internal_value=-0.0625577 0.0904692 -0.017968 0.230005 -0.00554877 -0.166618 -0.453929 -0.402579 -0.291432 -0.179295 -0.670855
internal_weight=245 169 149 95 79 64 54 76 58 43 33
internal_count=245 169 149 95 79 64 54 76 58 43 33
is_linear=0
shrinkage=0.05


Tree=48
num_leaves=8
num_cat=0
split_feature=45 4 113 54 64 31 49
split_gain=6918.25 14761.7 3543.32 2607.82 2432.07 1535.89 1535.48
threshold=0.009166666666666658 6.5000000000000009 -13.291666666666663 70.750000000000014 20.400000000000002 0.033333333333333666 6.4900000000000011
decision_type=2 2 2 2 2 2 2
left_child=2 -2 -1 4 -4 6 -6
right_child=1 -3 3 -5 5 -7 -8
leaf_value=0.61520317342897135 -0.31279583076165185 1.6066205861056659 0.18617773399172552 0.26045746686619797 -0.49758800106968315 0.1045717715291503 0.018357427914937337
leaf_weight=14.999999999999998 21 19 25 28 94 15.999999999999998 17
leaf_count=15 21 19 25 28 94 16 17
internal_value=0.00237104 0.600535 -0.120549 -0.182197 -0.263889 -0.3526 -0.418579
internal_weight=235 40 195 180 152 127 111
internal_count=235 40 195 180 152 127 111
is_linear=0
shrinkage=0.05


Tree=49
num_leaves=8
num_cat=0
split_feature=66 5 53 64 27 95 0
split_gain=5847.8 16116.7 3674.54 3844.81 2381.09 2947.17 1376.31
threshold=33.95000000000001 1.0000000180025095e-35 59.650000000000006 13.800000000000002 7.3500000000000005 25.200000000000003 3706.5000000000005
decision_type=2 2 2 2 2 2 2
left_child=2 -2 3 -1 -5 -6 -7
right_child=1 -3 -4 4 5 6 -8
leaf_value=0.44383253452688831 1.8073558977897592 -0.50379503294332151 0.63661915897304966 -0.74194753917295531 0.37170243592283847 -0.31050866590773374 0.18255985676779507
leaf_weight=24 15.000000000000002 14.999999999999998 15.999999999999998 20 22 118 15.999999999999998
leaf_count=24 15 15 16 20 22 118 16
internal_value=0.000830232 0.65378 -0.0900946 -0.148546 -0.229559 -0.163403 -0.251505
internal_weight=246 30 216 200 176 156 134
internal_count=246 30 216 200 176 156 134
is_linear=0
shrinkage=0.05


Tree=50
num_leaves=12
num_cat=0
split_feature=39 14 115 60 120 76 76 33 37 102 77
split_gain=6881.36 12343.7 4111.02 7309.86 3025.3 3011.54 1746.69 1529.64 1273.54 1000.09 454.167
threshold=-0.62416666666666643 10.100000000000001 -7.8166666666666691 53.900000000000006 5.5000000000000009 6.7166666666666694 -3.5999999999999903 0.36249999999999943 11.641666666666667 46.650000000000013 5.5000000000000009
decision_type=2 2 2 2 2 2 2 2 2 2 2
left_child=1 -1 3 5 6 -2 8 9 -4 -8 -9
right_child=2 -3 4 -5 -6 -7 7 10 -10 -11 -12
leaf_value=-0.19305968552203703 0.34080342317219836 1.7209984558307572 0.2411326327356533 1.2058489923445594 0.29800247893188941 -0.64219672916740778 -0.95915803171653102 -0.21555181424060985 -0.329016013669718 -0.41139695703613094 -0.52991277431415407
leaf_weight=19 16.000000000000004 14.999999999999998 20 14.999999999999998 23 14.999999999999998 18 50 19 15.999999999999998 14.999999999999998
leaf_count=19 16 15 20 15 23 15 18 50 19 16 15
internal_value=-0.00433821 0.653802 -0.112726 0.303646 -0.231835 -0.135217 -0.32033 -0.431888 -0.0366353 -0.703497 -0.288876
internal_weight=241 34 207 46 161 31 138 99 39 34 65
internal_count=241 34 207 46 161 31 138 99 39 34 65
is_linear=0
shrinkage=0.05


Tree=51
num_leaves=8
num_cat=0
split_feature=66 5 65 64 27 113 101
split_gain=5846.35 12421.6 3354.13 4408.23 2750.7 1760.88 1288.5
threshold=33.95000000000001 1.0000000180025095e-35 45.800000000000004 11.450000000000001 7.3500000000000005 -11.091666666666669 86.450000000000017
decision_type=2 2 2 2 2 2 2
left_child=2 -2 3 -1 -5 -6 -7
right_child=1 -3 -4 4 5 6 -8
leaf_value=0.56390420841296929 1.6159268325900435 -0.38156216791923475 0.44864969565265478 -0.78670503464504249 0.2382071165811448 -0.31420966512601128 0.092457087937727001
leaf_weight=19 16.000000000000004 14.999999999999998 26 20 23 102 24
leaf_count=19 16 15 26 20 23 102 24
internal_value=0.0105156 0.65112 -0.0825196 -0.156205 -0.237479 -0.163246 -0.236698
internal_weight=245 31 214 188 169 149 126
internal_count=245 31 214 188 169 149 126
is_linear=0
shrinkage=0.05


Tree=52
num_leaves=12
num_cat=0
split_feature=11 9 41 26 53 78 62 1 51 117 107
split_gain=6345.32 8858.43 6202.06 3128.45 1975.48 1934.76 1764.77 2129.96 2096.5 1463.21 1279.38
threshold=38.050000000000004 6.8550000000000013 -0.28583333333333311 56.800000000000004 25.300000000000004 2.1541666666666672 88.65000000000002 2.5000000000000004 59.650000000000013 0.80250000000000032 54.500000000000007
decision_type=2 2 2 2 2 2 2 2 2 2 2
left_child=1 2 -1 5 -4 6 7 10 -9 -6 -2
right_child=3 -3 4 -5 9 -7 -8 8 -10 -11 -12
leaf_value=0.77923502317355375 -0.46518876507276591 1.3657099275909668 0.3053367143632561 0.49621893952027069 -0.59924988033346438 -0.79643016745712591 -0.70091264263683606 -0.12401554518275791 0.60154514346063515 0.024464936130094216 0.012311309491288606
leaf_weight=24 42 17 14.999999999999998 14.999999999999998 25 14.999999999999998 14.999999999999998 26 15.999999999999998 14.999999999999998 21
leaf_count=24 42 17 15 15 25 15 15 26 16 15 21
internal_value=0.0165927 0.33384 0.110283 -0.1865 -0.182417 -0.262705 -0.19534 -0.12247 0.153042 -0.365754 -0.306176
internal_weight=246 96 79 150 55 135 120 105 42 40 63
internal_count=246 96 79 150 55 135 120 105 42 40 63
is_linear=0
shrinkage=0.05


Tree=53
num_leaves=9
num_cat=0
split_feature=24 36 27 0 31 118 109 93
split_gain=6247 9965.59 3494.95 2269.05 1559.19 1741.63 1046.68 679.265
threshold=36.150000000000006 2.5000000000000004 21.250000000000004 3718.0000000000005 -0.044166666666666902 1.5000000000000002 0.031666666666666739 65.350000000000009
decision_type=2 2 2 2 2 2 2 2
left_child=1 -1 -3 4 -2 -6 7 -7
right_child=3 2 -4 -5 5 6 -8 -9
leaf_value=1.3678583799856494 -0.55868110694631257 -0.32749915124522044 0.54295771196874643 0.34901124034564535 0.25102929863994478 -0.24115641691951636 0.077914901593285138 -0.58819681243837207
leaf_weight=19 29 29 19 19 22 66 21 18
leaf_count=19 29 29 19 19 22 66 21 18
internal_value=-0.00830315 0.401883 0.0173652 -0.165514 -0.228396 -0.152557 -0.237324 -0.316193
internal_weight=242 67 48 175 156 127 105 84
internal_count=242 67 48 175 156 127 105 84
is_linear=0
shrinkage=0.05


Tree=54
num_leaves=9
num_cat=0
split_feature=66 28 53 74 20 94 119 87
split_gain=4646.03 11342.5 3201.59 4108.21 5595.76 1437.61 1842.76 1383.63
threshold=33.95000000000001 11.900000000000002 59.650000000000006 -6.8416666666666641 33.400000000000006 4.245000000000001 -0.4133333333333335 6.8450000000000006
decision_type=2 2 2 2 2 2 2 2
left_child=2 -2 3 4 -1 -5 -7 -8
right_child=1 -3 -4 5 -6 6 7 -9
leaf_value=-0.23238934024250338 1.5349962218707756 -0.40389111290704344 0.58095848049436294 -0.69873256543923545 0.98490431737481487 0.30955658140561443 -0.39998256427778883 -0.053226340398555852
leaf_weight=21 15.000000000000002 14.999999999999998 15.999999999999998 17 17 14.999999999999998 80 45
leaf_count=21 15 15 16 17 17 15 80 45
internal_value=-0.0138597 0.567265 -0.0967373 -0.152638 0.313214 -0.265551 -0.212454 -0.275333
internal_weight=241 30 211 195 38 157 140 125
internal_count=241 30 211 195 38 157 140 125
is_linear=0
shrinkage=0.05


Tree=55
num_leaves=13
num_cat=0
split_feature=31 27 102 94 35 21 109 52 84 26 45 33
split_gain=5085.72 7828.09 6473.35 2515.51 2868.5 2166.35 2097.74 1483.56 1009.52 1371.6 596.823 546.763
threshold=-1.0000000180025095e-35 11.750000000000002 31.700000000000006 4.1100000000000003 -5.5166666666666684 55.750000000000007 0.031666666666666739 5.7950000000000008 -0.0033333333333333405 32.850000000000001 -0.012500000000000009 0.77833333333333388
decision_type=2 2 2 2 2 2 2 2 2 2 2 2
left_child=3 -2 -3 -1 -5 8 7 11 10 -10 -6 -4
right_child=1 2 6 4 5 -7 -8 -9 9 -11 -12 -13
leaf_value=-0.76702230339161825 1.1494538823170448 0.9243131141216433 0.12623167164278346 0.50267980671632362 -0.25988219713572386 0.2262067778314131 0.33792925962009784 -0.62675396071839651 -0.44904516057588567 0.12818056880297818 -0.6508811678466212 -0.29259185204224558
leaf_weight=17 20 17 15.000000000000002 15.999999999999998 15.999999999999998 22 15.999999999999998 22 20 21 26 15.999999999999998
leaf_count=17 20 17 15 16 16 22 16 22 20 21 26 16
internal_value=0.000727075 0.26107 0.0533162 -0.199255 -0.118877 -0.214026 -0.162232 -0.31367 -0.330906 -0.153679 -0.503019 -0.0900203
internal_weight=244 106 86 138 121 105 69 53 83 41 42 31
internal_count=244 106 86 138 121 105 69 53 83 41 42 31
is_linear=0
shrinkage=0.05


Tree=56
num_leaves=10
num_cat=0
split_feature=66 23 53 77 95 99 104 29 97
split_gain=5310.09 3459.79 2715.87 2690.54 2527.33 3145.24 1369.64 1286.9 569.125
threshold=33.95000000000001 40.000000000000007 59.650000000000006 4.5000000000000009 33.150000000000006 53.250000000000007 17.050000000000001 53.500000000000007 5.1450000000000005
decision_type=2 2 2 2 2 2 2 2 2
left_child=1 -1 3 4 5 -3 -5 -6 -8
right_child=-2 2 -4 6 7 -7 8 -9 -10
leaf_value=0.70101398119073843 0.72772579088064893 -0.022779036519533377 0.53777610226447536 -0.81048454944021209 -0.42733188758039065 0.75696187995335196 -0.51599622293813352 0.03154395387621383 -0.13407539196073798
leaf_weight=14.999999999999998 26 40 15.999999999999998 15.999999999999998 35 19 14.999999999999998 27 28
leaf_count=15 26 40 16 16 35 19 15 27 28
internal_value=0.0549317 -0.0282536 -0.0844194 -0.140021 -0.00491309 0.229095 -0.416546 -0.227689 -0.268308
internal_weight=237 211 196 180 121 59 59 62 43
internal_count=237 211 196 180 121 59 59 62 43
is_linear=0
shrinkage=0.05


Tree=57
num_leaves=10
num_cat=0
split_feature=102 31 33 105 21 92 120 104 111
split_gain=6210.99 4255.81 5136.59 2862.2 1894.58 3295.94 1196.34 1335.3 391.475
threshold=14.850000000000003 0.029166666666666344 0.48749999999999943 4.4000000000000012 56.150000000000013 28.200000000000006 1.5000000000000002 43.600000000000009 0.52333333333333398
decision_type=2 2 2 2 2 2 2 2 2
left_child=-1 3 -3 -2 6 -6 -5 -8 -4
right_child=1 2 8 4 5 -7 7 -9 -10
leaf_value=0.96843956428647826 0.43904637002056424 0.9723192469611841 0.1037858907947477 -0.68137150337169694 0.59031814955036088 -0.3595656595312024 -0.36233178058182125 0.13654884703411077 -0.25621885878360828
leaf_weight=14.999999999999998 15.999999999999998 19 15.000000000000002 23 15.999999999999998 21 81 15.999999999999998 14.999999999999998
leaf_count=15 16 19 15 23 16 21 81 16 15
internal_value=-0.0127896 -0.0795176 0.331356 -0.196045 -0.261038 0.0515441 -0.357422 -0.279935 -0.0763036
internal_weight=237 222 49 173 157 37 120 97 30
internal_count=237 222 49 173 157 37 120 97 30
is_linear=0
shrinkage=0.05


Tree=58
num_leaves=9
num_cat=0
split_feature=22 39 78 109 50 33 76 115
split_gain=4847.02 7569.05 4784.71 3821.9 3139.86 3208.28 1862.87 1404.52
threshold=0.17500000000000002 -0.51916666666666689 0.69833333333333336 -0.054166666666666245 51.20000000000001 -0.18500000000000047 12.891666666666664 -12.758333333333335
decision_type=2 2 2 2 2 2 2 2
left_child=3 -2 -3 -1 5 -5 7 -7
right_child=1 2 -4 4 -6 6 -8 -9
leaf_value=0.62980407681686212 1.3568331170259722 0.51255434931864152 -0.49158054426383063 -0.9259638358277883 0.39947378228160102 0.33852371206346732 -0.62304710754286052 -0.18339390086599971
leaf_weight=14.999999999999998 14.999999999999998 27 21 17 19 14.999999999999998 21 88
leaf_count=15 15 27 21 17 19 15 21 88
internal_value=0.0047059 0.380445 0.0730327 -0.130671 -0.202346 -0.283704 -0.194936 -0.107083
internal_weight=238 63 48 175 160 141 124 103
internal_count=238 63 48 175 160 141 124 103
is_linear=0
shrinkage=0.05


Tree=59
num_leaves=11
num_cat=0
split_feature=13 31 123 96 14 12 67 117 81 32
split_gain=3947.87 4910.97 9319.78 4436.53 3939.41 2497.04 2396.39 2160.68 1208.7 891.393
threshold=6.9750000000000005 -1.0000000180025095e-35 0.005833333333333344 46.45000000000001 46.600000000000009 58.100000000000001 9.5500000000000025 0.27666666666666645 4.5000000000000009 5.5000000000000009
decision_type=2 2 2 2 2 2 2 2 2 2
left_child=1 4 3 -3 6 -5 7 -1 -8 -2
right_child=9 2 -4 5 -6 -7 8 -9 -10 -11
leaf_value=-0.36623323144068137 -0.70823238070722638 0.77788791520553713 1.3103601833777641 -0.48023228830077108 0.50600399371996452 0.22734429966577721 -0.32163497501389121 0.2594961287394113 -0.87452809545728882 -0.23403932491749951
leaf_weight=27 19 17 20 27 20 23 24 28 17 21
leaf_count=27 19 17 20 27 20 23 24 28 17 21
internal_value=-0.00722427 0.082271 0.366045 0.082552 -0.130648 -0.154843 -0.263724 -0.0476965 -0.552575 -0.46061
internal_weight=243 203 87 67 116 50 96 55 41 40
internal_count=243 203 87 67 116 50 96 55 41 40
is_linear=0
shrinkage=0.05


Tree=60
num_leaves=11
num_cat=0
split_feature=62 66 45 109 74 1 109 107 89 92
split_gain=4115.4 7012.3 2935.01 4317.55 3879.32 2345.79 1281.17 1059.45 934.913 686.887
threshold=88.15000000000002 33.95000000000001 -0.0058333333333333423 -0.031666666666665837 -5.2166666666666641 2.5000000000000004 0.040000000000000042 55.500000000000007 25.900000000000002 36.900000000000006
decision_type=2 2 2 2 2 2 2 2 2 2
left_child=1 2 6 -4 -5 -6 7 8 -1 -2
right_child=9 -3 3 4 5 -7 -8 -9 -10 -11
leaf_value=-0.73161995603431085 -0.27179877497502514 0.84217238407938866 0.92221852015264272 0.72145883311449699 -0.5663966026141013 0.09885587707593127 0.1360006972794284 0.015202443309091216 -0.28713327728842186 -0.73285082730140472
leaf_weight=15.999999999999998 14.999999999999998 26 15.999999999999998 14.999999999999998 23 31 21 20 46 18
leaf_count=16 15 26 16 15 23 31 21 20 46 18
internal_value=-0.00601538 0.074182 -0.0323941 0.184928 0.012803 -0.184923 -0.211792 -0.300979 -0.402913 -0.524887
internal_weight=247 214 188 85 69 54 103 82 62 33
internal_count=247 214 188 85 69 54 103 82 62 33
is_linear=0
shrinkage=0.05


Tree=61
num_leaves=12
num_cat=0
split_feature=31 3 17 104 65 76 49 93 61 44 89
split_gain=3422.23 7885.92 3337.32 2728.75 2345.84 1763.09 2324.91 1701.32 1130.93 817.231 197.486
threshold=0.016666666666667055 4.5000000000000009 25.100000000000005 41.400000000000013 44.70000000000001 8.5916666666666668 5.6550000000000002 55.050000000000004 0.18500000000000003 2.5000000000000004 23.750000000000004
decision_type=2 2 2 2 2 2 2 2 2 2 2
left_child=4 2 -2 -4 5 6 7 8 -1 10 -7
right_child=1 -3 3 -5 -6 9 -8 -9 -10 -11 -12
leaf_value=-0.25205440559571196 0.54254873565763062 1.0914101729864505 -0.57726218828739218 0.23942733484765757 0.34158607826600623 -0.45548672715559696 0.32504394526605485 -0.5744157662336854 0.25414118892268134 -0.76293110505879269 -0.19618615417290997
leaf_weight=31 17 20 28 15.999999999999998 20 15.000000000000002 23 26 17 17 14.999999999999998
leaf_count=31 17 20 28 16 20 15 23 26 17 17 15
internal_value=-0.0332259 0.232474 -0.050388 -0.280301 -0.164548 -0.235067 -0.112995 -0.249465 -0.0725172 -0.486123 -0.327085
internal_weight=245 81 61 44 164 144 97 74 48 47 30
internal_count=245 81 61 44 164 144 97 74 48 47 30
is_linear=0
shrinkage=0.05


Tree=62
num_leaves=9
num_cat=0
split_feature=102 53 8 102 28 26 40 67
split_gain=4492.42 3037.83 2760.27 6667.45 4198.26 1778.03 1263.42 1503.24
threshold=14.850000000000003 59.650000000000006 1.0000000180025095e-35 47.95000000000001 5.1500000000000012 55.100000000000009 1.5000000000000002 21.950000000000003
decision_type=2 2 2 2 2 2 2 2
left_child=-1 2 3 4 -2 6 -4 -8
right_child=1 -3 5 -5 -6 -7 7 -9
leaf_value=0.85308162382501651 0.33821237214416733 0.62583118295817641 0.066352750880508127 1.0406576889823054 -0.75793218152678532 0.24273720318672215 -0.24702643841417485 -0.76778274263654434
leaf_weight=14.999999999999998 19 15.999999999999998 26 17 15.999999999999998 21 102 15.999999999999998
leaf_count=15 19 16 26 17 16 21 102 16
internal_value=0.0172941 -0.0368334 -0.0859822 0.231332 -0.163472 -0.186094 -0.248792 -0.31827
internal_weight=248 233 217 52 35 165 144 118
internal_count=248 233 217 52 35 165 144 118
is_linear=0
shrinkage=0.05


Tree=63
num_leaves=12
num_cat=0
split_feature=39 13 117 3 23 102 37 36 4 17 74
split_gain=4344.11 11008.6 2520.84 4598.97 3345.22 2191.38 2758.02 2711.17 1177.61 739.846 473.198
threshold=-0.62416666666666643 1.0000000180025095e-35 -0.7533333333333333 2.5000000000000004 82.65000000000002 47.95000000000001 3.5916666666666672 3.5000000000000004 5.5000000000000009 25.550000000000004 -2.0250000000000017
decision_type=2 2 2 2 2 2 2 2 2 2 2
left_child=1 -1 3 -2 -5 7 -7 -4 -8 -9 -11
right_child=2 -3 5 4 -6 6 8 9 -10 10 -12
leaf_value=-0.36543827531087469 -0.34055420289751637 1.3790756448197758 -0.75903519651546691 0.098154634126224841 1.1367636039557047 0.63506358830344611 0.11048482255968034 0.14140217043706124 -0.40574292607976298 -0.44714716868614079 -0.14012985306401407
leaf_weight=18 22 18 27 16.000000000000004 14.999999999999998 14.999999999999998 22 14.999999999999998 22 20 34
leaf_count=18 22 18 27 16 15 15 22 15 22 20 34
internal_value=0.00173903 0.508084 -0.0860756 0.211284 0.602907 -0.187856 0.0518487 -0.335128 -0.14785 -0.16832 -0.254549
internal_weight=244 36 208 53 31 155 59 96 44 69 54
internal_count=244 36 208 53 31 155 59 96 44 69 54
is_linear=0
shrinkage=0.05


Tree=64
num_leaves=8
num_cat=0
split_feature=9 109 76 40 67 57 78
split_gain=3643.22 4188.67 2255.92 3264.7 2126.45 1670.16 769.849
threshold=6.8950000000000005 -0.054166666666666245 13.391666666666671 1.5000000000000002 17.850000000000005 47.750000000000007 2.0916666666666672
decision_type=2 2 2 2 2 2 2
left_child=1 -1 3 -3 5 -5 -4
right_child=-2 2 6 4 -6 -7 -8
leaf_value=0.60650148847730367 0.5482452241464274 0.46668806754665459 -0.33149961612233714 0.13817810423332802 -0.65125490634595573 -0.25515115864906812 -0.78350635877508212
leaf_weight=19 24 23 26 46 20 65 14.999999999999998
leaf_count=19 24 23 26 46 20 65 15
internal_value=-0.0345706 -0.100182 -0.16934 -0.0814086 -0.17796 -0.0921272 -0.498494
internal_weight=238 214 195 154 131 111 41
internal_count=238 214 195 154 131 111 41
is_linear=0
shrinkage=0.05


Tree=65
num_leaves=12
num_cat=0
split_feature=14 4 45 122 105 60 74 89 102 66 0
split_gain=4297.5 4626.67 8485.22 3942.27 2749.84 2218.98 1342.32 2301.59 1331.36 1402.22 477.521
threshold=54.95000000000001 6.5000000000000009 0.009166666666666658 4.5000000000000009 5.4500000000000002 48.250000000000007 -4.3916666666666666 32.70000000000001 47.95000000000001 27.050000000000001 1614.5000000000002
decision_type=2 2 2 2 2 2 2 2 2 2 2
left_child=1 4 3 5 -1 -3 7 -6 9 -8 -2
right_child=10 2 -4 -5 6 -7 8 -9 -10 -11 -12
leaf_value=0.50551308776900084 -0.28301912462184442 -0.45329089367012093 1.3936299131627667 0.80076828623375684 0.54079821536083095 0.21635131980971933 -0.25896674038683914 -0.27608777788741079 0.039997652158215269 -0.82705579196444201 -0.64542666411524674
leaf_weight=17 18 22 17 17 14.999999999999998 28 34 20 20 15.999999999999998 19
leaf_count=17 18 22 17 17 15 28 34 20 20 16 19
internal_value=0.0248836 0.114068 0.399417 0.145378 -0.0825262 -0.0785081 -0.178171 0.0744071 -0.304457 -0.442143 -0.470493
internal_weight=243 206 84 67 122 50 105 35 70 50 37
internal_count=243 206 84 67 122 50 105 35 70 50 37
is_linear=0
shrinkage=0.05


Tree=66
num_leaves=13
num_cat=0
split_feature=102 54 54 63 25 45 21 48 96 32 47 74
split_gain=3459.9 2819.72 2182.82 2357.79 4078.65 2023.44 1933.39 2304.68 1393.61 1352.88 691.279 553.745
threshold=17.150000000000002 70.750000000000014 55.050000000000004 46.45000000000001 47.900000000000006 -0.0083333333333333436 53.050000000000004 6.8350000000000009 58.100000000000001 3.5000000000000004 1.5000000000000002 -4.3916666666666666
decision_type=2 2 2 2 2 2 2 2 2 2 2 2
left_child=-1 2 3 6 -5 -3 11 -8 9 -4 -11 -2
right_child=1 5 8 4 -6 -7 7 -9 -10 10 -12 -13
leaf_value=0.67136866157226138 -0.13611342076099281 -0.037765476255683425 -0.86280269696845768 0.79269502999093289 -0.26439902388161013 0.73350541407232117 0.56386840672869432 -0.28386276247880321 0.038894846843697178 -0.54252906586072458 -0.090575349083921522 -0.46087811404773271
leaf_weight=18 23 15.999999999999998 15.999999999999998 21 15.999999999999998 18 17 14.999999999999998 17 15.999999999999998 18 31
leaf_count=18 23 16 16 21 16 18 17 15 17 16 18 31
internal_value=0.00639148 -0.0472976 -0.122398 0.0026997 0.335958 0.371361 -0.140844 0.166692 -0.351791 -0.484536 -0.304373 -0.323152
internal_weight=242 224 190 123 37 34 86 32 67 50 34 54
internal_count=242 224 190 123 37 34 86 32 67 50 34 54
is_linear=0
shrinkage=0.05


Tree=67
num_leaves=8
num_cat=0
split_feature=102 53 25 78 123 64 25
split_gain=3671.55 2194.28 1861.15 1987.55 1573.52 932.483 570.539
threshold=14.850000000000003 59.650000000000006 22.450000000000003 -1.5225000000000002 -0.0041666666666666788 41.800000000000004 31.900000000000002
decision_type=2 2 2 2 2 2 2
left_child=-1 2 -2 -4 6 -6 -5
right_child=1 -3 3 4 5 -7 -8
leaf_value=0.68744518342225447 0.25983601470559953 0.4693768276931336 0.26666684659171447 -0.69291853734989051 -0.23430343898753644 0.094291392588547504 -0.34711928935858699
leaf_weight=15.999999999999998 26 15.999999999999998 21 14.999999999999998 56 35 61
leaf_count=16 26 16 21 15 56 35 61
internal_value=-0.0424975 -0.0935745 -0.135887 -0.190751 -0.248425 -0.107901 -0.416256
internal_weight=246 230 214 188 167 91 76
internal_count=246 230 214 188 167 91 76
is_linear=0
shrinkage=0.05


Tree=68
num_leaves=11
num_cat=0
split_feature=8 123 74 14 54 111 59 100 32 101
split_gain=3019.82 9069.78 2498.17 1497.22 2557.21 1812.08 917.382 1027.29 858.204 637.983
threshold=1.0000000180025095e-35 0.005833333333333344 -1.1083333333333305 54.95000000000001 70.750000000000014 -0.83749999999999958 35.050000000000004 0.16500000000000004 5.5000000000000009 77.950000000000003
decision_type=2 2 2 2 2 2 2 2 2 2
left_child=1 2 -1 4 5 -2 7 -7 -5 -8
right_child=3 -3 -4 8 -6 6 9 -9 -10 -11
leaf_value=0.30314523117826475 0.34006562004102525 1.0979863974843089 -0.53934245841198059 -0.65702819447768368 0.48295793788350044 0.075996435253864666 -0.21062330519740199 -0.31425250563834539 -0.17294479630776305 -0.60939192021090682
leaf_weight=14.999999999999998 18 22 21 17 20 40 23 29 20 18
leaf_count=15 18 22 21 17 20 40 23 29 20 18
internal_value=-0.0138978 0.300566 -0.1883 -0.112622 -0.0413575 -0.123634 -0.199797 -0.0881663 -0.396668 -0.386871
internal_weight=243 58 36 185 148 128 110 69 37 41
internal_count=243 58 36 185 148 128 110 69 37 41
is_linear=0
shrinkage=0.05


Tree=69
num_leaves=11
num_cat=0
split_feature=22 6 95 96 76 102 109 82 38 33
split_gain=3193.02 7512.07 7321.9 2409.51 1626.69 1498.68 1462.02 1074.72 1722.02 1472.27
threshold=0.17500000000000002 2.5000000000000004 31.550000000000004 62.150000000000013 6.8833333333333266 61.150000000000013 -0.047499999999999425 0.28416666666666718 3.5000000000000004 -0.12333333333333306
decision_type=2 2 2 2 2 2 2 2 2 2
left_child=3 2 -2 5 -3 6 -1 9 -9 -8
right_child=1 4 -4 -5 -6 -7 7 8 -10 -11
leaf_value=0.21282042931325687 1.5390830804032889 0.080901908474182008 0.025040420554331602 0.39116511518385871 -0.593790730778475 0.2856675900740932 -0.81508263564257877 0.32671499627914213 -0.37525443403508651 -0.29035499336062465
leaf_weight=15.999999999999998 17 20 14.999999999999998 20 15.999999999999998 14.999999999999998 15.999999999999998 15.999999999999998 19 81
leaf_count=16 17 20 15 20 16 15 16 16 19 81
internal_value=-0.0166983 0.275588 0.83182 -0.125426 -0.219637 -0.189043 -0.237349 -0.292073 -0.0541951 -0.37771
internal_weight=251 68 32 183 36 163 148 132 35 97
internal_count=251 68 32 183 36 163 148 132 35 97
is_linear=0
shrinkage=0.05


Tree=70
num_leaves=11
num_cat=0
split_feature=26 37 53 10 11 39 53 14 17 80
split_gain=2923.51 7764.37 3227.87 1689.48 1414.51 1059.5 1306.75 964.285 799.973 774.921
threshold=22.450000000000003 -0.73333333333332706 58.550000000000004 5.5150000000000015 38.900000000000006 0.45583333333333403 37.650000000000006 35.500000000000007 33.400000000000006 0.11583333333333369
decision_type=2 2 2 2 2 2 2 2 2 2
left_child=1 -1 3 8 -5 7 -7 -6 -2 -10
right_child=2 -3 -4 4 5 6 -8 -9 9 -11
leaf_value=1.0470365198867579 -0.72913423918730391 -0.22234267613111444 0.59205220657468638 0.37744962160555739 -0.1565379504831681 -0.10829185419228533 -0.54928468321308943 0.39970107724927123 -0.52397961283322436 -0.023965320721367339
leaf_weight=21 14.999999999999998 28 14.999999999999998 14.999999999999998 16.000000000000004 62 23 14.999999999999998 16.000000000000004 14.999999999999998
leaf_count=21 15 28 15 15 16 62 23 15 16 15
internal_value=-0.0217003 0.3226 -0.109717 -0.169518 -0.0777932 -0.136978 -0.228183 0.112869 -0.429889 -0.283053
internal_weight=241 49 192 177 131 116 85 31 46 31
internal_count=241 49 192 177 131 116 85 31 46 31
is_linear=0
shrinkage=0.05


Tree=71
num_leaves=11
num_cat=0
split_feature=102 82 74 97 123 86 90 66 8 71
split_gain=4172.3 1940.56 2063.21 3291.75 1983.92 2527.31 1085.35 1042.05 877.633 651.141
threshold=17.150000000000002 0.82333333333333336 -4.3916666666666666 5.3650000000000011 -0.0041666666666666788 1.5000000000000002 46.900000000000006 30.750000000000004 1.5000000000000002 4.5000000000000009
decision_type=2 2 2 2 2 2 2 2 2 2
left_child=-1 2 3 8 7 6 -6 9 -2 -4
right_child=1 -3 4 -5 5 -7 -8 -9 -10 -11
leaf_value=0.76614708621599514 0.12340944283055942 0.45291879433953303 -0.13736625858394286 0.66809751360337311 -0.36994607300412929 0.41178126691347106 0.068547588223552794 -0.73415064148555542 -0.41575353714014524 -0.47654030353024412
leaf_weight=17 15 18 37 21 34 25 24 14.999999999999998 15 23
leaf_count=17 15 18 37 21 34 25 24 15 15 23
internal_value=0.0129615 -0.0437349 -0.086729 0.189481 -0.17598 -0.00743026 -0.188609 -0.362184 -0.146492 -0.268043
internal_weight=244 227 209 51 158 83 58 75 30 60
internal_count=244 227 209 51 158 83 58 75 30 60
is_linear=0
shrinkage=0.05


Tree=72
num_leaves=9
num_cat=0
split_feature=31 26 0 0 11 33 66 12
split_gain=2774.21 6248.07 2442.2 2428.96 1210.36 1315.59 732.583 543.945
threshold=0.016666666666667055 30.200000000000003 364.50000000000006 1939.5000000000002 19.050000000000004 -0.24666666666666656 28.550000000000004 68.65000000000002
decision_type=2 2 2 2 2 2 2 2
left_child=2 -2 -1 -3 -4 -6 7 -7
right_child=1 3 4 -5 5 6 -8 -9
leaf_value=0.44731745190967792 0.8516018982427529 -0.4372475847107018 -0.6446046162914757 0.23857645700717797 0.26804480124419156 -0.2243972140770131 -0.48062368626202345 0.072666645580561365
leaf_weight=14.999999999999998 25 27 14.999999999999998 26 14.999999999999998 80 23 19
leaf_count=15 25 27 15 26 15 80 23 19
internal_value=-0.0442987 0.201698 -0.159277 -0.105792 -0.219426 -0.172401 -0.226771 -0.167319
internal_weight=245 78 167 53 152 137 122 99
internal_count=245 78 167 53 152 137 122 99
is_linear=0
shrinkage=0.05


Tree=73
num_leaves=12
num_cat=0
split_feature=34 6 23 0 78 40 111 64 40 13 52
split_gain=3237.84 12790.6 1938.58 1864.53 1318.48 1258.45 1728.3 702.378 566.266 449.363 446.978
threshold=3.5000000000000004 2.5000000000000004 63.400000000000013 3718.0000000000005 2.1541666666666672 3.5000000000000004 -0.57666666666666611 29.000000000000004 5.5000000000000009 6.5050000000000008 4.9400000000000004
decision_type=2 2 2 2 2 2 2 2 2 2 2
left_child=1 -1 -3 4 5 6 -2 -8 10 -10 -7
right_child=3 2 -4 -5 -6 8 7 -9 9 -11 -12
leaf_value=1.4064292980114201 0.47378125184493536 -0.60229580296862939 0.13414155434613204 0.42247900012390399 -0.54169872810966091 -0.19253084725454386 0.15420711828033309 -0.19842447663664514 -0.24752222203319851 0.13214226185979433 -0.51716890625692713
leaf_weight=19 19 15.999999999999998 20 17 17 23 22 39 16.000000000000004 14.999999999999998 20
leaf_count=19 19 16 20 17 17 23 22 39 16 15 20
internal_value=0.0233851 0.360473 -0.193787 -0.0753438 -0.125082 -0.0787379 0.0586617 -0.0711198 -0.227224 -0.0638186 -0.344491
internal_weight=243 55 36 188 171 154 80 61 74 31 43
internal_count=243 55 36 188 171 154 80 61 74 31 43
is_linear=0
shrinkage=0.05


Tree=74
num_leaves=12
num_cat=0
split_feature=5 27 31 59 102 25 74 23 32 59 109
split_gain=3050.26 6981.79 2661.83 2048.36 1453.77 916.459 816.667 800.173 755.24 713.625 350.785
threshold=1.0000000180025095e-35 12.750000000000002 0.029166666666666344 37.250000000000007 25.500000000000004 43.900000000000006 -2.6666666666666674 72.300000000000026 5.5000000000000009 37.650000000000013 0.0041666666666668748
decision_type=2 2 2 2 2 2 2 2 2 2 2
left_child=1 -1 4 6 -3 -5 -2 -8 9 -6 -9
right_child=3 2 -4 5 8 -7 7 10 -10 -11 -12
leaf_value=0.84439195891994689 -0.10054080905013495 0.27854837688635914 0.4166275264494923 0.37026013414762171 -0.23748492958844666 -0.16429212095326937 -0.71318557879224931 -0.48877481453071375 -0.03856683237797235 -0.6496550234208196 -0.1600304904398997
leaf_weight=28 22 14.999999999999998 25 17 31 14.999999999999998 20 14.999999999999998 25 15.999999999999998 18
leaf_count=28 22 15 25 17 31 15 20 15 25 16 18
internal_value=-0.0138438 0.139704 -0.0370189 -0.214738 -0.167763 0.119802 -0.35751 -0.463693 -0.261071 -0.378986 -0.310636
internal_weight=247 140 112 107 87 32 75 53 72 47 33
internal_count=247 140 112 107 87 32 75 53 72 47 33
is_linear=0
shrinkage=0.05


Tree=75
num_leaves=10
num_cat=0
split_feature=102 31 62 87 48 20 106 123 66
split_gain=3389.8 2161.01 3029.06 2240.02 4170.99 719.761 1036.99 662.431 864.684
threshold=17.150000000000002 0.029166666666666344 76.350000000000009 6.7350000000000012 6.6850000000000014 39.050000000000004 11.300000000000002 0.0099999999999999967 27.050000000000001
decision_type=2 2 2 2 2 2 2 2 2
left_child=-1 3 -3 4 -2 7 -7 8 -5
right_child=1 2 -4 5 -6 6 -8 -9 -10
leaf_value=0.68764872760103457 -0.32071745134684265 -0.13226517685528461 0.63722585140471433 -0.25474697447864286 0.7386881856394063 -0.26945191877104385 0.29913384756505101 -0.065476568411920497 -0.63937231572978792
leaf_weight=17 18 26 25 64 19 17 14.999999999999998 29 19
leaf_count=17 18 26 25 64 19 17 15 29 19
internal_value=0.00824019 -0.0417973 0.245347 -0.122824 0.223692 -0.211987 -0.00266999 -0.271692 -0.343517
internal_weight=249 232 51 181 37 144 32 112 83
internal_count=249 232 51 181 37 144 32 112 83
is_linear=0
shrinkage=0.05


Tree=76
num_leaves=10
num_cat=0
split_feature=102 31 24 87 77 95 103 28 115
split_gain=2903.76 2412.31 3977.27 3009.93 4196.93 972.881 1093.51 890.555 801.765
threshold=14.850000000000003 0.029166666666666344 47.70000000000001 6.7350000000000012 5.5000000000000009 21.400000000000002 16.200000000000006 13.450000000000001 -5.6916666666666655
decision_type=2 2 2 2 2 2 2 2 2
left_child=-1 3 -3 4 -2 -5 -7 -4 -8
right_child=1 2 7 5 -6 6 8 -9 -10
leaf_value=0.68750089493808375 0.77669012033524198 0.7622140078833608 -0.38153547391986214 -0.55770204095221354 -0.30698349910400669 0.18366717409088973 -0.48835536752428327 0.16151205798648052 -0.15640988361804686
leaf_weight=14.999999999999998 20 23 15.000000000000002 18 15.999999999999998 19 23 14.999999999999998 87
leaf_count=15 20 23 15 18 16 19 23 15 87
internal_value=0.0152904 -0.0276868 0.269017 -0.113745 0.295403 -0.214111 -0.165734 -0.110211 -0.226243
internal_weight=251 236 53 183 36 147 129 30 110
internal_count=251 236 53 183 36 147 129 30 110
is_linear=0
shrinkage=0.05


Tree=77
num_leaves=10
num_cat=0
split_feature=109 53 53 99 50 101 109 119 118
split_gain=1822 1929.96 2260.59 2318.01 1535.87 2057.1 1505.69 987.827 705.534
threshold=-0.054166666666666245 59.650000000000006 37.100000000000001 58.550000000000004 37.250000000000007 68.450000000000017 -0.0066666666666663757 0.10916666666666643 2.5000000000000004
decision_type=2 2 2 2 2 2 2 2 2
left_child=-1 2 3 4 7 -6 -4 -2 -8
right_child=1 -3 6 -5 5 -7 8 -9 -10
leaf_value=0.36480080094707912 -0.018925938877776629 0.46112108534535046 -0.64387693125823331 0.58123269152167623 0.63531729379631829 -0.097994500124591516 0.049726148209168541 -0.3752631682947894 -0.34453815346248307
leaf_weight=25 37 14.999999999999998 27 14.999999999999998 14.999999999999998 26 20 41 26
leaf_count=25 37 15 27 15 15 26 20 41 26
internal_value=-0.0389753 -0.0846119 -0.124385 -0.00233572 -0.076363 0.171062 -0.348044 -0.206536 -0.173274
internal_weight=247 222 207 134 119 41 73 78 46
internal_count=247 222 207 134 119 41 73 78 46
is_linear=0
shrinkage=0.05


Tree=78
num_leaves=10
num_cat=0
split_feature=66 101 41 54 64 51 65 109 70
split_gain=2894.63 9475.1 1971.88 2065.17 1848.09 1436.78 1140.15 980.884 696.672
threshold=33.95000000000001 77.100000000000009 0.35999999999999993 70.750000000000014 20.400000000000002 66.550000000000026 39.20000000000001 -0.025000000000000796 -0.022500000000000405
decision_type=2 2 2 2 2 2 2 2 2
left_child=2 -2 3 4 -1 6 -6 -4 -9
right_child=1 -3 7 -5 5 -7 -8 8 -10
leaf_value=0.32569642528836579 1.2546481651172303 -0.436001892119461 -0.63134446025635149 0.50765775361316112 -0.13145963592245924 0.30614686908311406 -0.6019832944277651 -0.37817723590308705 -0.0081208735814393678
leaf_weight=27 17 15.999999999999998 15.999999999999998 20 65 14.999999999999998 15.999999999999998 24 27
leaf_count=27 17 16 16 20 65 15 16 24 27
internal_value=0.00133368 0.435947 -0.0671139 0.0377579 -0.0389583 -0.141802 -0.225092 -0.290742 -0.182762
internal_weight=243 33 210 143 123 96 81 67 51
internal_count=243 33 210 143 123 96 81 67 51
is_linear=0
shrinkage=0.05


Tree=79
num_leaves=10
num_cat=0
split_feature=66 101 64 92 68 31 37 33 112
split_gain=2355.85 7857.52 1721.42 1679.96 1792.33 1429.46 1805.83 1036.89 524.983
threshold=33.95000000000001 77.100000000000009 11.450000000000001 56.000000000000007 53.500000000000007 -0.048333333333333332 13.225 1.0000000180025095e-35 4.5000000000000009
decision_type=2 2 2 2 2 2 2 2 2
left_child=2 -2 -1 4 5 -4 -7 -6 -9
right_child=1 -3 3 -5 7 6 -8 8 -10
leaf_value=0.43946858044736881 1.1044560351877251 -0.41433718937524361 -0.36094207763671876 0.37497058587464677 -0.6313611218714601 0.27299017545557069 -0.202925879082831 -0.08922396801829896 -0.42112685878863509
leaf_weight=15.999999999999998 18 15.999999999999998 23 17 21 50 33 32 19
leaf_count=16 18 16 23 17 21 50 33 32 19
internal_value=0.00483531 0.390464 -0.0574358 -0.0984374 -0.143864 -0.0129859 0.0836939 -0.33619 -0.213554
internal_weight=245 34 211 195 178 106 83 72 51
internal_count=245 34 211 195 178 106 83 72 51
is_linear=0
shrinkage=0.05


Tree=80
num_leaves=14
num_cat=0
split_feature=41 16 95 109 73 37 109 109 25 93 48 20 103
split_gain=2287.48 5793.86 2761.98 5540.21 3970.94 4059.26 1212.59 931.171 885.213 952.273 529.049 380.269 351.309
threshold=0.4508333333333337 5.7550000000000008 35.850000000000001 -0.038333333333333545 4.5000000000000009 7.7916666666666723 -1.0000000180025095e-35 -0.028333333333332874 31.300000000000004 38.000000000000007 6.7650000000000006 34.050000000000004 36.350000000000001
decision_type=2 2 2 2 2 2 2 2 2 2 2 2 2
left_child=1 2 3 -1 5 -5 -6 -2 -4 -10 -9 -11 -12
right_child=7 -3 8 4 6 -7 -8 10 9 11 12 -13 -14
leaf_value=1.0512994619394769 -0.58921760723290861 0.97539361002500979 -0.57485968400232534 0.94786890424482984 -0.64322704544383524 -0.011531461152424767 -0.10506637509006903 -0.34131653397830564 -0.46894501739779848 -0.16504987814519181 0.15059580536362543 0.18422055048231753 -0.18511461679213095
leaf_weight=14.999999999999998 14.999999999999998 17 15.999999999999998 17 18 31 25 20 14.999999999999998 15.000000000000002 16.000000000000004 15.999999999999998 14.999999999999998
leaf_count=15 15 17 16 17 18 31 25 20 15 15 16 16 15
internal_value=0.00839629 0.098577 0.00929425 0.164326 0.017073 0.329416 -0.331429 -0.244074 -0.255517 -0.143327 -0.141509 0.0150707 -0.0117569
internal_weight=251 185 168 106 91 48 43 66 62 46 51 31 31
internal_count=251 185 168 106 91 48 43 66 62 46 51 31 31
is_linear=0
shrinkage=0.05


Tree=81
num_leaves=11
num_cat=0
split_feature=66 105 109 113 74 95 39 96 14 103
split_gain=3086.63 1344.1 1407.36 1544.52 1461.17 906.079 840.345 2132.94 391.581 217.378
threshold=33.95000000000001 5.2500000000000009 -0.004166666666666429 -11.091666666666669 -3.066666666666666 31.250000000000004 0.28416666666666673 49.850000000000009 38.70000000000001 33.850000000000001
decision_type=2 2 2 2 2 2 2 2 2 2
left_child=1 -1 4 -4 -3 -6 7 -5 -8 -7
right_child=-2 2 3 6 5 9 8 -9 -10 -11
leaf_value=0.34547051118882321 0.4832833483456746 0.05671972614004317 0.46459253130492217 0.57506472807846332 -0.64332955719588636 -0.36209760273409169 -0.36433557392102889 -0.22979700446375825 -0.089656136523923166 -0.10815840077679058
leaf_weight=18 29 25 15.999999999999998 14.999999999999998 23 17 19 18 41 17
leaf_count=18 29 25 16 15 23 17 19 18 41 17
internal_value=0.000791059 -0.0663328 -0.105328 0.0123778 -0.261676 -0.401266 -0.0657844 0.13653 -0.177183 -0.235964
internal_weight=238 209 191 109 82 57 93 33 60 34
internal_count=238 209 191 109 82 57 93 33 60 34
is_linear=0
shrinkage=0.05


Tree=82
num_leaves=10
num_cat=0
split_feature=66 5 38 27 111 66 37 28 12
split_gain=3075.3 8373.59 1378.07 1953.85 1769.59 1756.05 2358.2 430.752 286.09
threshold=33.95000000000001 1.0000000180025095e-35 5.5000000000000009 7.3500000000000005 -0.83749999999999958 27.550000000000004 5.8666666666666645 10.250000000000002 65.550000000000011
decision_type=2 2 2 2 2 2 2 2 2
left_child=2 -2 3 -1 -5 6 -6 -4 -9
right_child=1 -3 7 4 5 -7 -8 8 -10
leaf_value=-0.40341434475049937 1.2556983148089103 -0.38404493860851063 -0.45359576778713939 0.57752519224001009 0.44177803460759846 -0.38226843357625589 -0.089137812991679943 -0.32198067044619449 -0.03134362381466186
leaf_weight=24 16.000000000000004 14.999999999999998 22 15.999999999999998 34 22 54 15.999999999999998 18
leaf_count=24 16 15 22 16 34 22 54 16 18
internal_value=-1.26434e-05 0.46343 -0.0699692 0.00906071 0.0879247 0.0162047 0.116201 -0.281385 -0.168804
internal_weight=237 31 206 150 126 110 88 56 34
internal_count=237 31 206 150 126 110 88 56 34
is_linear=0
shrinkage=0.05


Tree=83
num_leaves=12
num_cat=0
split_feature=45 123 66 43 66 30 94 123 111 65 117
split_gain=2631.58 4708.96 6965.61 2440.11 2961 1728.69 906.625 792.741 602.78 426.791 227.837
threshold=-0.0099999999999999933 0.005833333333333344 23.650000000000002 0.32666666666666716 31.450000000000006 3.5000000000000004 5.8850000000000007 0.015000000000000015 0.070833333333333762 25.450000000000003 1.1083333333333334
decision_type=2 2 2 2 2 2 2 2 2 2 2
left_child=6 3 -3 4 5 9 7 8 -1 -2 -10
right_child=1 2 -4 -5 -6 -7 -8 -9 10 -11 -12
leaf_value=0.027830838238841055 -0.020722728273513152 -0.060991163582306857 1.347812477791507 0.41870835341853224 -0.78454204276697537 0.37526014512451134 0.10820042359312454 -0.53841195441128908 -0.39087202204347227 -0.37565743781585059 -0.16602948637775694
leaf_weight=27 15.999999999999998 17 18 24 14.999999999999998 20 25 17 21 18 25
leaf_count=27 16 17 18 24 15 20 25 17 21 18 25
internal_value=0.0157956 0.171713 0.66517 -0.0144578 -0.165585 0.00738805 -0.157702 -0.231658 -0.159515 -0.209327 -0.269409
internal_weight=243 128 35 93 69 54 115 90 73 34 46
internal_count=243 128 35 93 69 54 115 90 73 34 46
is_linear=0
shrinkage=0.05


Tree=84
num_leaves=13
num_cat=0
split_feature=24 39 59 71 54 52 113 90 89 33 57 84
split_gain=2434.13 4033.02 2929.25 2002.14 1689.8 1463.67 1254.08 853.319 1037.86 750.966 401.126 269.582
threshold=38.250000000000007 -0.92333333333333367 37.550000000000004 3.5000000000000004 70.750000000000014 4.9400000000000004 -4.4916666666666698 39.500000000000007 45.550000000000004 -1.0000000180025095e-35 54.550000000000004 0.0083333333333333471
decision_type=2 2 2 2 2 2 2 2 2 2 2 2
left_child=1 -1 3 -3 5 6 -2 -7 10 -5 -9 -8
right_child=4 2 -4 9 -6 7 11 8 -10 -11 -12 -13
leaf_value=0.86036558049823597 0.40861996700432129 0.27391581837064732 0.58974222201004367 -0.66616828698196162 0.26695954509049774 -0.63996026279022977 -0.23722147882242739 -0.2080572942052363 -0.5555928512337458 -0.16466082704580381 0.10294037745735107 0.024735011099374784
leaf_weight=19 14.999999999999998 15.999999999999998 17 15 25 15.999999999999998 23 33 18 15 14.999999999999998 17
leaf_count=19 15 16 17 15 25 16 23 33 18 15 15 17
internal_value=0.00206559 0.223899 0.0308101 -0.176475 -0.110258 -0.179275 0.0202053 -0.312995 -0.232807 -0.416961 -0.110755 -0.125981
internal_weight=244 82 63 46 162 137 55 82 66 30 48 40
internal_count=244 82 63 46 162 137 55 82 66 30 48 40
is_linear=0
shrinkage=0.05


Tree=85
num_leaves=9
num_cat=0
split_feature=31 62 0 11 16 94 113 27
split_gain=1932.04 3785.35 1433.84 1353.3 1016 772.148 1016.32 795.252
threshold=0.029166666666666344 76.350000000000009 364.50000000000006 23.550000000000004 5.3050000000000006 4.1100000000000003 -12.099999999999998 12.750000000000002
decision_type=2 2 2 2 2 2 2 2
left_child=2 4 -1 -4 -2 -5 -7 -8
right_child=1 -3 3 5 -6 6 7 -9
leaf_value=0.35488825235145777 0.16866906952384289 0.72977857374632515 -0.49262884542999041 -0.43361641834705877 -0.40230998904068277 0.33000115653536971 0.16392202424517585 -0.16938266910466104
leaf_weight=14.999999999999998 15.000000000000002 22 25 14.999999999999998 15.999999999999998 14.999999999999998 22 94
leaf_count=15 15 22 25 15 16 15 22 94
internal_value=-0.0362994 0.229714 -0.112208 -0.153395 -0.126215 -0.0949748 -0.0558598 -0.10604
internal_weight=239 53 186 171 31 146 131 116
internal_count=239 53 186 171 31 146 131 116
is_linear=0
shrinkage=0.05


Tree=86
num_leaves=11
num_cat=0
split_feature=66 122 74 37 63 43 87 106 93 109
split_gain=2587.63 6375.9 1218.14 2472.18 1160.92 819.387 1223.18 714.873 708.328 707.127
threshold=33.95000000000001 3.5000000000000004 -4.3916666666666666 7.5500000000000016 59.800000000000004 -0.38250000000000067 6.8450000000000006 10.800000000000002 55.95000000000001 0.020833333333333041
decision_type=2 2 2 2 2 2 2 2 2 2
left_child=2 -2 3 -1 5 -4 7 -7 -5 -8
right_child=1 -3 4 8 -6 6 9 -9 -10 -11
leaf_value=0.59657427993283341 -0.27981303975676858 1.1739022522868698 0.066666033889624665 0.17758190166081814 0.2679382367266549 -0.49323573338049009 -0.26290363515449683 -0.17237980999861069 -0.26278236694150159 0.18101616000158216
leaf_weight=20 15 15 29 14.999999999999998 17 40 14.999999999999998 31 23 22
leaf_count=20 15 15 29 15 17 40 15 31 23 22
internal_value=0.0145216 0.448364 -0.04703 0.148061 -0.120587 -0.168995 -0.232323 -0.353654 -0.0888133 0.000690357
internal_weight=242 30 212 58 154 137 108 71 38 37
internal_count=242 30 212 58 154 137 108 71 38 37
is_linear=0
shrinkage=0.05


Tree=87
num_leaves=12
num_cat=0
split_feature=24 39 59 62 96 57 45 52 113 43 72
split_gain=2510.28 3924.69 3454.77 1450.25 1302.67 1039.74 1667.59 1442.72 783.681 703.806 621.495
threshold=38.250000000000007 -0.92333333333333367 37.550000000000004 69.40000000000002 62.150000000000013 53.900000000000006 -0.0099999999999999933 4.9400000000000004 2.0416666666666612 -0.33083333333333348 0.29999999999999988
decision_type=2 2 2 2 2 2 2 2 2 2 2
left_child=1 -1 3 -3 5 7 -7 8 -2 -9 -11
right_child=4 2 -4 -5 -6 6 -8 9 -10 10 -12
leaf_value=0.92254342450733062 0.28057583340946934 0.19056822804418225 0.71116858156311602 -0.40192395121044699 0.27701838327245126 -0.22764477473924838 0.36793526363099727 -0.084735757427185948 -0.18755242012033416 -0.73585922796994652 -0.34728307837614913
leaf_weight=17 15.999999999999998 17 14.999999999999998 26 21 25 22 15.999999999999998 20 14.999999999999998 34
leaf_count=17 16 17 15 26 21 25 22 16 20 15 34
internal_value=0.0162622 0.256826 0.060364 -0.167668 -0.0905561 -0.142898 0.0512205 -0.23324 0.020567 -0.373703 -0.467593
internal_weight=244 75 58 43 169 148 47 101 36 65 49
internal_count=244 75 58 43 169 148 47 101 36 65 49
is_linear=0
shrinkage=0.05


Tree=88
num_leaves=11
num_cat=0
split_feature=102 59 88 53 109 87 102 113 123 78
split_gain=2399.21 1351.04 2215.99 1315.7 1750.92 853.4 993.416 937.233 631.753 333.297
threshold=14.850000000000003 41.000000000000007 4.9300000000000006 37.650000000000006 -0.023333333333332981 6.7350000000000012 47.95000000000001 9.0999999999999961 -0.0024999999999999879 0.18833333333333349
decision_type=2 2 2 2 2 2 2 2 2 2
left_child=-1 3 -3 5 -5 -2 9 -8 -6 -7
right_child=1 2 -4 4 8 6 7 -9 -10 -11
leaf_value=0.58775149046980002 0.29505738661239284 0.67908384195029348 -0.13164147147957567 -0.64104701178995038 -0.3172807942148787 -0.2938669455441994 0.42189032513162367 -0.084697069912725145 0.03733753924685309 -0.059660474824069609
leaf_weight=14.999999999999998 19 14.999999999999998 19 23 22 35 15.999999999999998 21 29 27
leaf_count=15 19 15 19 23 22 35 16 21 29 27
internal_value=-0.022436 -0.0631993 0.226827 -0.114676 -0.279805 -0.0109281 -0.0699415 0.13478 -0.115859 -0.192215
internal_weight=241 226 34 192 74 118 99 37 51 62
internal_count=241 226 34 192 74 118 99 37 51 62
is_linear=0
shrinkage=0.05


Tree=89
num_leaves=13
num_cat=0
split_feature=76 66 95 55 92 0 104 44 25 44 49 58
split_gain=1692.5 3254.19 1783.49 1967.92 2045.27 1199.26 1135.86 1624.59 931.005 597.251 425.327 303.885
threshold=14.816666666666666 33.95000000000001 35.550000000000004 5.4450000000000012 25.550000000000004 1780.5000000000002 29.150000000000002 3.5000000000000004 43.050000000000004 1.5000000000000002 4.7650000000000006 5.1750000000000007
decision_type=2 2 2 2 2 2 2 2 2 2 2 2
left_child=1 2 3 6 -5 -2 9 -8 -6 -1 -4 -12
right_child=5 -3 10 4 8 -7 7 -9 -10 -11 11 -13
leaf_value=-0.025176053097631958 -0.60196903799120238 0.60283237008138313 -0.45135080118357024 0.78407943708854799 0.35857005258749797 -0.025146748257276103 -0.1270227425008181 0.5293372124236152 -0.18018736150485792 -0.43840289107431163 -0.016198796033859254 -0.26880143942789558
leaf_weight=14.999999999999998 18 24 15.999999999999998 17 17 18 25 14.999999999999998 14.999999999999998 21 22 26
leaf_count=15 18 24 16 17 17 18 25 15 15 21 22 26
internal_value=0.0020062 0.0556572 -0.014081 0.0957853 0.342535 -0.314565 -0.0634788 0.119694 0.106097 -0.26691 -0.228556 -0.153404
internal_weight=249 213 189 125 49 36 76 40 32 36 64 48
internal_count=249 213 189 125 49 36 76 40 32 36 64 48
is_linear=0
shrinkage=0.05


Tree=90
num_leaves=10
num_cat=0
split_feature=9 109 53 74 76 37 42 16 65
split_gain=1793.59 2484.96 1938.32 1776.2 1932.95 1059.24 1010.85 931.425 382.134
threshold=6.8950000000000005 -0.054166666666666245 55.800000000000004 6.6000000000000059 3.1333333333333315 10.300000000000002 3.5000000000000004 4.620000000000001 33.95000000000001
decision_type=2 2 2 2 2 2 2 2 2
left_child=1 -1 3 4 6 -6 -3 -5 -9
right_child=-2 2 -4 7 5 -7 -8 8 -10
leaf_value=0.52043769527535411 0.40734572072190595 -0.33768544750511087 0.37253078403535178 -0.70081180499878948 0.54999479499558057 -0.0080520407753701517 0.027117040841079156 -0.094792137507399815 -0.37861569461580435
leaf_weight=18 25 40 20 14.999999999999998 18 15.999999999999998 36 22 26
leaf_count=18 25 40 20 15 18 16 36 22 26
internal_value=0.00775579 -0.0397358 -0.0922484 -0.146193 -0.0248137 0.287984 -0.16501 -0.357671 -0.249101
internal_weight=236 211 193 173 110 34 76 63 48
internal_count=236 211 193 173 110 34 76 63 48
is_linear=0
shrinkage=0.05


Tree=91
num_leaves=11
num_cat=0
split_feature=31 35 102 105 66 101 59 0 74 23
split_gain=1977.39 3451.33 1815.63 1462.46 922.682 802.627 593.707 802.782 599.179 564.598
threshold=0.029166666666666344 5.7583333333333337 17.150000000000002 4.4000000000000012 28.550000000000004 79.050000000000026 33.900000000000006 2518.5000000000005 -5.2166666666666641 76.050000000000011
decision_type=2 2 2 2 2 2 2 2 2 2
left_child=2 -2 -1 -4 6 -3 8 -8 -5 -6
right_child=1 5 3 4 9 -7 7 -9 -10 -11
leaf_value=0.44802750822724102 0.76449349542364686 -0.27774902279205743 0.34706128379268364 0.24967054768263944 -0.61912036127602033 0.20749548880950264 -0.37326051802613586 0.067025459246919647 -0.088403748632732412 -0.22669870018711724
leaf_weight=14.999999999999998 21 18 14.999999999999998 17 14.999999999999998 15.999999999999998 33 14.999999999999998 56 24
leaf_count=15 21 18 15 17 15 16 33 15 56 24
internal_value=-0.00157081 0.262146 -0.0780339 -0.123384 -0.167708 -0.0493132 -0.0993222 -0.235714 -0.00937187 -0.378955
internal_weight=245 55 190 175 160 34 121 48 73 39
internal_count=245 55 190 175 160 34 121 48 73 39
is_linear=0
shrinkage=0.05


Tree=92
num_leaves=9
num_cat=0
split_feature=88 89 65 26 8 4 53 26
split_gain=1748.82 3367.53 1596.65 1425.99 1485.46 2640.91 1831.29 792.109
threshold=4.2300000000000013 23.750000000000004 21.800000000000001 16.000000000000004 1.0000000180025095e-35 5.5000000000000009 58.550000000000004 52.400000000000013
decision_type=2 2 2 2 2 2 2 2
left_child=2 -2 -1 -3 5 -5 7 -6
right_child=1 3 -4 4 6 -7 -8 -9
leaf_value=0.043066434682526203 0.72015444320457722 -0.46239790114926999 -0.62578125237232418 -0.10378984336897451 -0.15331303056373879 0.81728575490168398 0.48420291416692418 0.16898422882089884
leaf_weight=15.999999999999998 17 15.999999999999998 20 16.000000000000004 109 14.999999999999998 14.999999999999998 23
leaf_count=16 17 16 20 16 109 15 15 23
internal_value=-0.00747168 0.0475063 -0.329081 -0.011752 0.0289643 0.342926 -0.0373994 -0.0970319
internal_weight=247 211 36 194 178 31 147 132
internal_count=247 211 36 194 178 31 147 132
is_linear=0
shrinkage=0.05


Tree=93
num_leaves=8
num_cat=0
split_feature=25 123 11 10 26 91 40
split_gain=2212.5 6290.17 2372.61 1616.97 1024.35 766.948 906.986
threshold=26.750000000000004 -0.00083333333333333859 29.350000000000005 5.3450000000000015 55.100000000000009 2.5500000000000003 1.5000000000000002
decision_type=2 2 2 2 2 2 2
left_child=1 -1 -2 -4 5 -5 -7
right_child=2 -3 3 4 -6 6 -8
leaf_value=-0.12461808504213708 -0.56827445566936685 1.1491491714023696 0.45457587907885949 -0.42709307685401871 0.27916336992190249 0.20267068756266116 -0.12632141658943236
leaf_weight=27 21 14.999999999999998 17 15.999999999999998 20 26 106
leaf_count=27 21 15 17 16 20 26 106
internal_value=0.00151006 0.331829 -0.0659406 -0.00861569 -0.0557585 -0.10121 -0.0613777
internal_weight=248 42 206 185 168 148 132
internal_count=248 42 206 185 168 148 132
is_linear=0
shrinkage=0.05


Tree=94
num_leaves=10
num_cat=0
split_feature=31 12 11 94 0 24 87 14 29
split_gain=2207.17 3250.71 1073.03 1034.27 782.858 500.613 632.862 586.395 258.202
threshold=0.029166666666666344 60.250000000000007 19.050000000000004 4.1100000000000003 3706.5000000000005 45.250000000000007 6.7550000000000008 37.70000000000001 52.500000000000007
decision_type=2 2 2 2 2 2 2 2 2
left_child=2 -2 -1 -4 5 6 -5 -7 -3
right_child=1 8 3 4 -6 7 -8 -9 -10
leaf_value=-0.50423963625238544 0.68242197269226013 -0.24302977410373305 -0.4699144507283407 0.30083093887530499 0.29373427548023484 -0.35836971346659968 -0.068960831341517231 -0.059803137096446669 0.049362712822213078
leaf_weight=15.999999999999998 24 15.000000000000002 14.999999999999998 15.999999999999998 15.999999999999998 25 41 48 14.999999999999998
leaf_count=16 24 15 15 16 16 25 41 48 15
internal_value=-0.0295559 0.249944 -0.114948 -0.0759411 -0.0351362 -0.0758457 0.0350979 -0.162471 -0.0969891
internal_weight=231 54 177 161 146 130 57 73 30
internal_count=231 54 177 161 146 130 57 73 30
is_linear=0
shrinkage=0.05


Tree=95
num_leaves=11
num_cat=0
split_feature=102 53 88 87 48 97 90 43 69 26
split_gain=1654.33 1323.42 1113.49 1916.31 4211.82 1676.2 1241.44 667.489 533.12 402.09
threshold=17.150000000000002 59.650000000000006 5.8450000000000006 6.7350000000000012 6.6850000000000014 5.8450000000000015 62.350000000000001 -0.13916666666666708 1.5000000000000002 31.450000000000006
decision_type=2 2 2 2 2 2 2 2 2 2
left_child=-1 2 3 4 -2 9 -4 -8 -9 -5
right_child=1 -3 6 5 -6 -7 7 8 -10 -11
leaf_value=0.4842583482028448 -0.20926352514336438 0.4116807752884693 -0.55540304040409505 -0.28736190662594602 0.9722909032114293 0.41406910820117854 -0.3529281269450214 0.24923303454917001 -0.11286530398383401 -0.067124893400023478
leaf_weight=17 15.000000000000002 15.999999999999998 19 35 14.999999999999998 14.999999999999998 18 14.999999999999998 31 51
leaf_count=17 15 16 19 35 15 15 18 15 31 51
internal_value=0.00976795 -0.0254766 -0.0583616 0.0324002 0.382615 -0.0718501 -0.201539 -0.095705 0.00538629 -0.157044
internal_weight=247 230 214 131 30 101 83 64 46 86
internal_count=247 230 214 131 30 101 83 64 46 86
is_linear=0
shrinkage=0.05


Tree=96
num_leaves=8
num_cat=0
split_feature=53 105 78 11 11 3 52
split_gain=1391.75 1338.12 1686.54 1632.98 1153.78 1653.19 966.183
threshold=59.650000000000006 4.4000000000000012 -1.5225000000000002 23.550000000000004 37.750000000000007 3.5000000000000004 6.1250000000000009
decision_type=2 2 2 2 2 2 2
left_child=1 -1 -3 -4 5 -5 -6
right_child=-2 2 3 4 6 -7 -8
leaf_value=0.35720046860119586 0.44139745972606526 0.35578988553341773 -0.53102347438921149 -0.097819180412596435 -0.058750329289755321 0.56433552491743844 -0.35903639971764006
leaf_weight=18 14.999999999999998 19 23 25 81 14.999999999999998 40
leaf_count=18 15 19 23 25 81 15 40
internal_value=-0.0230048 -0.0547333 -0.091442 -0.137819 -0.081321 0.151152 -0.158274
internal_weight=236 221 203 184 161 40 121
internal_count=236 221 203 184 161 40 121
is_linear=0
shrinkage=0.05


Tree=97
num_leaves=10
num_cat=0
split_feature=102 89 31 33 61 116 52 18 102
split_gain=1608.84 1032.16 1442.08 4217.33 1068.42 1355.2 794.638 729.376 302.481
threshold=14.850000000000003 43.550000000000004 0.029166666666666344 0.49250000000000022 0.19500000000000003 1.5000000000000002 5.870000000000001 47.550000000000004 47.95000000000001
decision_type=2 2 2 2 2 2 2 2 2
left_child=-1 2 4 -4 5 -2 8 -7 -3
right_child=1 6 3 -5 -6 7 -8 -9 -10
leaf_value=0.51664010665274618 0.28716354070533634 -0.22139623743167386 0.96975273138639939 -0.088063066865343487 0.32064383693492216 -0.36292255525435024 -0.4147457886224466 -0.065567756056136545 0.066333238603103722
leaf_weight=14.999999999999998 19 14.999999999999998 14.999999999999998 25 18 33 24 55 23
leaf_count=15 19 15 15 25 18 33 24 55 23
internal_value=0.0168771 -0.0163378 0.0490057 0.309922 -0.0346286 -0.0946844 -0.190115 -0.177418 -0.0473959
internal_weight=242 227 165 40 125 107 62 88 38
internal_count=242 227 165 40 125 107 62 88 38
is_linear=0
shrinkage=0.05


Tree=98
num_leaves=12
num_cat=0
split_feature=41 16 95 35 73 110 12 117 113 45 82
split_gain=1908.18 3761.23 2344.45 3114.48 1402.3 1686.87 1285.81 569.513 451.508 419.51 402.42
threshold=0.4508333333333337 5.7550000000000008 35.850000000000001 1.4333333333333249 4.5000000000000009 3.5000000000000004 57.350000000000001 0.93333333333333368 1.699999999999996 -0.012500000000000009 0.095833333333332785
decision_type=2 2 2 2 2 2 2 2 2 2 2
left_child=1 2 3 -1 5 -5 -4 8 -2 -6 -8
right_child=7 -3 6 4 9 -7 10 -9 -10 -11 -12
leaf_value=0.59018580106269447 -0.50722890787215025 0.80951231910575228 -0.53449492826090228 0.48942794596414435 -0.066404992953830996 -0.13571119033204754 0.10156571758199112 -0.018402049034389099 -0.18170476666403035 -0.42494833772353707 -0.23231868252419591
leaf_weight=29 21 15.999999999999998 23 21 14.999999999999998 22 19 20 22 18 17
leaf_count=29 21 16 23 21 15 22 19 20 22 18 17
internal_value=-0.00263956 0.080241 0.0086122 0.150312 -0.0180232 0.169901 -0.243309 -0.239272 -0.341606 -0.262818 -0.0561702
internal_weight=243 180 164 105 76 43 59 63 43 33 36
internal_count=243 180 164 105 76 43 59 63 43 33 36
is_linear=0
shrinkage=0.05


Tree=99
num_leaves=8
num_cat=0
split_feature=102 20 121 54 52 20 63
split_gain=1773.46 1210.97 1652.17 1173.62 1046.58 595.25 547.555
threshold=17.150000000000002 24.250000000000004 0.40166666666666734 70.750000000000014 5.9600000000000009 34.95000000000001 46.45000000000001
decision_type=2 2 2 2 2 2 2
left_child=-1 -2 3 4 5 -3 -6
right_child=1 2 -4 -5 6 -7 -8
leaf_value=0.50582654624251844 -0.38883226643320662 -0.13560817204872488 0.38041725286034 0.25468267904615954 -0.5113322877765295 0.10312263131017746 -0.14039823122285491
leaf_weight=15.999999999999998 22 57 25 26 20 48 20
leaf_count=16 22 57 25 26 20 48 20
internal_value=-0.000561752 -0.0379657 0.00157001 -0.0539778 -0.109496 -0.0264322 -0.326803
internal_weight=234 218 196 171 145 105 40
internal_count=234 218 196 171 145 105 40
is_linear=0
shrinkage=0.05


Tree=100
num_leaves=12
num_cat=0
split_feature=24 39 70 26 41 96 52 76 123 88 105
split_gain=1931.37 4067.14 2815.89 1010.25 898.699 827.464 919.73 582.675 613.216 507.436 736.793
threshold=38.250000000000007 -0.92333333333333367 -0.028333333333333762 56.800000000000004 0.11249999999999984 62.600000000000009 5.4050000000000002 4.7583333333333373 -0.0083333333333333436 5.8450000000000006 12.750000000000002
decision_type=2 2 2 2 2 2 2 2 2 2 2
left_child=1 -1 -3 5 -4 6 7 8 -2 10 -8
right_child=3 2 4 -5 -6 -7 9 -9 -10 -11 -12
leaf_value=0.90926561132509098 0.091013230581136667 0.4173385332186384 -0.57215217079547853 0.30186261070533571 -0.025192574732350988 0.23593329700413135 -0.38671705860358019 0.23392676962267239 -0.27469224763581479 -0.45894544561545686 0.013157197598105151
leaf_weight=17 21 25 15.000000000000002 15.999999999999998 14.999999999999998 14.999999999999998 22 17 25 25 24
leaf_count=17 21 25 15 16 15 15 22 17 25 25 24
internal_value=0.0198573 0.235766 0.0262303 -0.0744128 -0.299831 -0.115027 -0.154498 -0.0152813 -0.107796 -0.277762 -0.178403
internal_weight=237 72 55 165 30 149 134 63 46 71 46
internal_count=237 72 55 165 30 149 134 63 46 71 46
is_linear=0
shrinkage=0.05


Tree=101
num_leaves=10
num_cat=0
split_feature=9 25 109 76 49 102 40 59 43
split_gain=1604.58 4692.55 2368.06 1515.77 1482.73 1439.18 833.9 554.312 481.429
threshold=6.8850000000000007 41.900000000000013 -0.054166666666666245 14.408333333333337 6.1050000000000013 44.20000000000001 1.5000000000000002 27.400000000000002 0.023333333333332987
decision_type=2 2 2 2 2 2 2 2 2
left_child=2 -2 -1 4 6 -6 -4 -8 -5
right_child=1 -3 3 8 5 -7 7 -9 -10
leaf_value=0.53781240621338722 0.93236091962512191 -0.29507824944344579 0.16268184721727907 -0.6163050016030569 0.62431132919740995 -0.022015331900534937 0.061850979521658744 -0.22390166059837824 -0.21985117964307715
leaf_weight=15.999999999999998 16.000000000000004 14.999999999999998 23 15.000000000000002 14.999999999999998 20 21 87 15.999999999999998
leaf_count=16 16 15 23 15 15 20 21 87 16
internal_value=0.00372415 0.339239 -0.0452195 -0.0928465 -0.0327769 0.255829 -0.11006 -0.168287 -0.413209
internal_weight=244 31 213 197 166 35 131 108 31
internal_count=244 31 213 197 166 35 131 108 31
is_linear=0
shrinkage=0.05


Tree=102
num_leaves=10
num_cat=0
split_feature=89 113 92 24 117 98 32 40 59
split_gain=1376.18 2283.73 2927.6 1042.59 2329.13 1367.64 701.521 501.492 303.845
threshold=15.800000000000002 -6.3500000000000005 25.550000000000004 39.050000000000004 0.72083333333333333 34.050000000000004 3.5000000000000004 1.5000000000000002 27.400000000000002
decision_type=2 2 2 2 2 2 2 2 2
left_child=-1 2 -2 4 -3 -6 -5 -8 -9
right_child=1 3 -4 6 5 -7 7 8 -10
leaf_value=-0.41754027095007062 0.70682576130534602 0.43171499883596021 -0.13512498387727287 -0.41835970863774047 -0.51242959914000141 0.11328848250873425 0.15229590409680416 0.024457877681623053 -0.19886402661031002
leaf_weight=20 24 29 18 20 15.999999999999998 19 17 20 63
leaf_count=20 24 29 18 20 16 19 17 20 63
internal_value=-0.0210634 0.0141701 0.346407 -0.0617865 0.101039 -0.173257 -0.14868 -0.0943302 -0.145027
internal_weight=246 226 42 184 64 35 120 100 83
internal_count=246 226 42 184 64 35 120 100 83
is_linear=0
shrinkage=0.05


Tree=103
num_leaves=10
num_cat=0
split_feature=9 67 52 70 12 40 107 105 50
split_gain=1651.89 1163.72 1264.86 3951.25 1445.9 1115.33 666.675 576.088 303.404
threshold=6.8950000000000005 20.700000000000003 6.2500000000000009 -0.010000000000000229 44.45000000000001 1.5000000000000002 54.500000000000007 15.200000000000001 24.550000000000004
decision_type=2 2 2 2 2 2 2 2 2
left_child=1 2 4 7 8 -6 -7 -4 -1
right_child=-2 -3 3 -5 5 6 -8 -9 -10
leaf_value=-0.23616197259220853 0.39742478295419015 -0.36948284896026395 0.10995261646066493 0.84783701319131777 0.35168041912890269 -0.17881197976027247 0.098801895901779291 -0.2947591752143196 -0.55722813844088692
leaf_weight=15.000000000000002 22 26 17 15.999999999999998 18 59 34 18 14.999999999999998
leaf_count=15 22 26 17 16 18 59 34 18 15
internal_value=-0.0144673 -0.0562205 -0.0136033 0.199515 -0.0908109 -0.00740979 -0.0772679 -0.0982892 -0.398179
internal_weight=240 218 192 51 141 111 93 35 30
internal_count=240 218 192 51 141 111 93 35 30
is_linear=0
shrinkage=0.05


Tree=104
num_leaves=9
num_cat=0
split_feature=39 13 76 66 79 37 117 35
split_gain=1971.51 7177.22 1042.06 1395.44 973.942 561.936 505.793 495.431
threshold=-0.62416666666666643 2.4600000000000004 14.816666666666666 32.800000000000004 5.5000000000000009 -1.0749999999999991 0.27666666666666645 6.991666666666668
decision_type=2 2 2 2 2 2 2 2
left_child=1 -1 3 4 5 -2 -4 -7
right_child=2 -3 6 -5 -6 7 -8 -9
leaf_value=-0.23705396301938461 -0.32643836783769326 1.1911333409366229 -0.49891698497422737 0.37948221290543072 0.22189309842009564 0.093269976786767073 -0.10660245720928872 -0.1332227323166541
leaf_weight=21 23 14.999999999999998 15.999999999999998 22 28 37 17 69
leaf_count=21 23 15 16 22 28 37 17 69
internal_value=0.0179543 0.359537 -0.0401689 0.00745758 -0.0448498 -0.102913 -0.297899 -0.0541034
internal_weight=248 36 212 179 157 129 33 106
internal_count=248 36 212 179 157 129 33 106
is_linear=0
shrinkage=0.05


Tree=105
num_leaves=8
num_cat=0
split_feature=9 89 119 27 92 40 63
split_gain=1933.25 1575.97 1297.02 1444.3 3821.08 1339.94 751.159
threshold=6.8850000000000007 15.800000000000002 -0.74000000000000055 12.750000000000002 36.900000000000006 1.5000000000000002 27.750000000000004
decision_type=2 2 2 2 2 2 2
left_child=1 -1 -3 4 -4 -5 -7
right_child=-2 2 3 5 -6 6 -8
leaf_value=-0.51258196217002794 0.3750268691693337 -0.44010710257012947 -0.13746593478025418 0.2820004988879089 0.90466202300115928 0.14982454477257987 -0.18662141143891778
leaf_weight=18 28 17 21 24 14.999999999999998 20 95
leaf_count=18 28 17 21 24 15 20 95
internal_value=-0.0144496 -0.0665574 -0.0244715 0.0161043 0.297919 -0.0570094 -0.127986
internal_weight=238 210 192 175 36 139 115
internal_count=238 210 192 175 36 139 115
is_linear=0
shrinkage=0.05


Tree=106
num_leaves=9
num_cat=0
split_feature=38 9 31 14 65 66 32 45
split_gain=1592.87 2027.32 1780.05 1585.86 990.6 859.244 768.728 330.553
threshold=5.5000000000000009 6.8950000000000005 0.029166666666666344 46.600000000000009 44.70000000000001 28.550000000000004 5.5000000000000009 -0.013333333333333348
decision_type=2 2 2 2 2 2 2 2
left_child=1 2 3 4 5 -1 -2 -8
right_child=6 -3 -4 -5 -6 -7 7 -9
leaf_value=-0.13117668504126576 -0.41785135459965883 0.61051633813366379 0.37518835123052302 0.2829678049166704 0.22747853327271167 -0.51818945434212027 -0.21996491231971024 0.078193863477382358
leaf_weight=70 27 15.999999999999998 29 27 14.999999999999998 18 18 19
leaf_count=70 27 16 29 27 15 18 18 19
internal_value=-0.00219867 0.0758477 0.0216632 -0.0573894 -0.146846 -0.210893 -0.21547 -0.0669235
internal_weight=239 175 159 130 103 88 64 37
internal_count=239 175 159 130 103 88 64 37
is_linear=0
shrinkage=0.05


Tree=107
num_leaves=12
num_cat=0
split_feature=41 24 4 24 31 51 28 65 74 27 101
split_gain=1237.73 1129.52 885.655 1669.85 2786.95 657.089 606.397 411.661 470.973 326.153 225.235
threshold=-0.82916666666666627 20.700000000000003 6.5000000000000009 47.70000000000001 0.029166666666666344 66.550000000000026 7.8500000000000005 12.150000000000002 -6.950000000000002 22.850000000000005 81.65000000000002
decision_type=2 2 2 2 2 2 2 2 2 2 2
left_child=-1 -2 7 4 6 10 -4 -3 -9 -10 -5
right_child=1 2 3 5 -6 -7 -8 8 9 -11 -12
leaf_value=0.32826459480626552 -0.46751981657114094 -0.37486843190445812 -0.1916692611223422 -0.13333938772117851 0.84957760264541937 0.10909752933030628 0.24226454213169052 0.12791793390094297 -0.23695958724846145 -0.012469570458620445 -0.40887219160795213
leaf_weight=22 15.999999999999998 14.999999999999998 15.999999999999998 15.000000000000002 14.999999999999998 18 15.999999999999998 19 43 26 14.999999999999998
leaf_count=22 16 15 16 15 15 18 16 19 43 26 15
internal_value=-0.0279654 -0.0647468 -0.0319547 0.0780807 0.289665 -0.129163 0.0252207 -0.133469 -0.0918863 -0.152582 -0.272173
internal_weight=236 214 198 95 47 48 32 103 88 69 30
internal_count=236 214 198 95 47 48 32 103 88 69 30
is_linear=0
shrinkage=0.05


Tree=108
num_leaves=12
num_cat=0
split_feature=4 45 123 3 66 13 64 84 6 50 99
split_gain=1538.06 4393.94 1927.85 1513.22 1077.11 925.17 547.179 393.873 370.972 253.445 227.028
threshold=5.5000000000000009 0.009166666666666658 -0.0058333333333333284 4.5000000000000009 28.550000000000004 5.4650000000000007 20.400000000000002 0.0016666666666666637 1.5000000000000002 44.550000000000004 47.550000000000004
decision_type=2 2 2 2 2 2 2 2 2 2 2
left_child=4 2 8 5 6 -4 -1 10 -2 -7 -8
right_child=1 -3 3 -5 -6 9 7 -9 -10 -11 -12
leaf_value=0.14062963911638049 -0.45734160751696457 0.81579158019960207 0.33453354133151425 0.55081814065653611 -0.47030070364804555 0.00019373181871893281 -0.15865667129748434 -0.27725268603798531 -0.14440726793132067 -0.26814377907885628 0.080130674504586469
leaf_weight=27 14.999999999999998 20 17 19 18 21 18 26 26 14.999999999999998 22
leaf_count=27 15 20 17 19 18 21 18 26 26 15 22
internal_value=0.0199726 0.134627 0.0134074 0.169227 -0.117358 0.0315563 -0.048561 -0.126128 -0.259851 -0.111908 -0.0273266
internal_weight=244 133 113 72 111 53 93 66 41 36 40
internal_count=244 133 113 72 111 53 93 66 41 36 40
is_linear=0
shrinkage=0.05


Tree=109
num_leaves=13
num_cat=0
split_feature=26 123 102 67 27 14 14 113 37 26 49 28
split_gain=1390.84 4786.92 1488.38 893.724 734.113 636.252 1190.16 1091.82 433.126 423.079 443.13 323.177
threshold=22.450000000000003 0.0049999999999999914 47.95000000000001 19.500000000000004 10.800000000000002 41.900000000000013 50.550000000000004 -2.2333333333333321 7.7916666666666723 32.850000000000001 5.5550000000000006 10.800000000000002
decision_type=2 2 2 2 2 2 2 2 2 2 2 2
left_child=1 2 -1 4 -2 9 7 -7 -5 -6 -11 -8
right_child=3 -3 -4 8 5 6 11 -9 -10 10 -12 -13
leaf_value=-0.31811161389598602 0.25177638379784373 0.98627959189825498 0.32022727915388072 -0.49513159216634484 -0.32661615966266622 0.56141917831409049 -0.31935187468987813 0.013817982566300161 -0.11426680172910753 0.06598884460011091 -0.23203865537395726 -0.014503895362634309
leaf_weight=23 23 14.999999999999998 14.999999999999998 15.000000000000002 24 15.999999999999998 15.999999999999998 21 14.999999999999998 27 23 19
leaf_count=23 23 15 15 15 24 16 16 21 15 27 23 19
internal_value=0.00576187 0.233143 -0.0658254 -0.0548584 -0.0101147 -0.0515498 0.0541861 0.251628 -0.305878 -0.15443 -0.0711935 -0.154518
internal_weight=252 53 38 199 169 146 72 37 30 74 50 35
internal_count=252 53 38 199 169 146 72 37 30 74 50 35
is_linear=0
shrinkage=0.05


Tree=110
num_leaves=10
num_cat=0
split_feature=8 123 95 53 67 20 113 6 25
split_gain=1573.72 6376.35 1335.92 851.32 1066.6 920.775 826.567 413.169 243.152
threshold=1.0000000180025095e-35 0.005833333333333344 33.95000000000001 58.550000000000004 17.500000000000004 41.800000000000004 -12.099999999999998 2.5000000000000004 51.850000000000001
decision_type=2 2 2 2 2 2 2 2 2
left_child=1 2 -1 4 5 6 -2 -6 -8
right_child=3 -3 -4 -5 7 -7 8 -9 -10
leaf_value=0.13361554705997722 0.26294701509917812 1.0119792105084624 -0.43481270094602809 0.28033592601000151 -0.52600004480492257 0.32178150606081357 -0.18855404080836946 -0.1906805421297367 -0.022525755569811495
leaf_weight=24 14.999999999999998 18 18 15.999999999999998 15.999999999999998 15.999999999999998 67 22 33
leaf_count=24 15 18 18 16 16 16 67 22 33
internal_value=0.00508454 0.227402 -0.110332 -0.0670752 -0.100142 -0.0323524 -0.0819034 -0.333009 -0.133892
internal_weight=245 60 42 185 169 131 115 38 100
internal_count=245 60 42 185 169 131 115 38 100
is_linear=0
shrinkage=0.05


Tree=111
num_leaves=9
num_cat=0
split_feature=66 65 23 78 78 82 76 32
split_gain=1652.5 3901.02 1048.58 791.182 1234.95 570.468 879.36 453.948
threshold=33.95000000000001 36.900000000000006 40.000000000000007 2.1541666666666672 1.7666666666666668 0.31749999999999995 4.7583333333333373 3.5000000000000004
decision_type=2 2 2 2 2 2 2 2
left_child=2 -2 -1 4 5 7 -7 -4
right_child=1 -3 3 -5 -6 6 -8 -9
leaf_value=0.36263646950686224 0.92816074999752396 -0.19110028221740483 -0.3194528999570686 -0.40560489743022443 0.39313470644271931 -0.14332900825399078 0.30794507129497439 -0.083986788533403162
leaf_weight=14.999999999999998 15.000000000000002 15.999999999999998 26 15.999999999999998 14.999999999999998 22 21 96
leaf_count=15 15 16 26 16 15 22 21 96
internal_value=0.0112831 0.35156 -0.0388293 -0.0697485 -0.0396582 -0.0792476 0.0771478 -0.13443
internal_weight=242 31 211 196 180 165 43 122
internal_count=242 31 211 196 180 165 43 122
is_linear=0
shrinkage=0.05


Tree=112
num_leaves=9
num_cat=0
split_feature=102 0 121 26 12 27 102 21
split_gain=1157.82 760.963 711.142 1920.85 825.324 1115.99 557.91 304.88
threshold=14.850000000000003 349.50000000000006 0.29416666666666608 28.050000000000004 47.500000000000007 11.750000000000002 38.650000000000006 49.350000000000001
decision_type=2 2 2 2 2 2 2 2
left_child=-1 -2 4 -4 -3 -6 -7 -5
right_child=1 2 3 7 5 6 -8 -9
leaf_value=0.41614027615414556 0.26673412407255925 -0.3550216811782716 0.57356819873614029 0.031966413527875402 0.26363419628790602 0.027427568414327128 -0.20659106145886816 -0.26002644618961568
leaf_weight=14.999999999999998 19 29 14.999999999999998 20 22 39 73 15.999999999999998
leaf_count=15 19 29 15 20 22 39 73 16
internal_value=-0.00813738 -0.0356397 -0.0626213 0.100137 -0.113606 -0.0610967 -0.125106 -0.0980305
internal_weight=248 233 214 51 163 134 112 36
internal_count=248 233 214 51 163 134 112 36
is_linear=0
shrinkage=0.05


Tree=113
num_leaves=11
num_cat=0
split_feature=33 101 31 26 123 101 82 100 39 67
split_gain=1195.83 4157 5438.18 821.788 573.524 811.384 560.096 449.952 348.341 234.963
threshold=0.073333333333333264 77.100000000000009 -1.0000000180025095e-35 55.100000000000009 0.018333333333333358 55.250000000000007 -0.016666666666666604 0.15500000000000003 0.68916666666666659 14.250000000000002
decision_type=2 2 2 2 2 2 2 2 2 2
left_child=1 2 -1 4 5 -2 -3 8 -7 -9
right_child=3 6 -4 -5 -6 7 -8 9 -10 -11
leaf_value=0.0079031360906790631 0.21213808197856407 -0.43176976705327724 1.2949547661850784 0.25713159112787959 -0.28285540649571372 0.21979869762003823 -6.5024799069031964e-05 -0.24471450275896395 -0.07984552929638386 -0.030516264830504992
leaf_weight=18 26 15.000000000000002 14.999999999999998 20 29 14.999999999999998 14.999999999999998 45 27 18
leaf_count=18 26 15 15 20 29 15 15 45 27 18
internal_value=0.0214167 0.208735 0.595222 -0.0441964 -0.0820307 -0.0373533 -0.216801 -0.0993228 0.0273194 -0.18374
internal_weight=243 63 33 180 160 131 30 105 42 63
internal_count=243 63 33 180 160 131 30 105 42 63
is_linear=0
shrinkage=0.05


Tree=114
num_leaves=8
num_cat=0
split_feature=66 123 103 27 64 24 118
split_gain=1597.5 3239.96 905.222 573.391 631.147 623.305 408.608
threshold=33.95000000000001 0.0049999999999999914 10.800000000000002 5.7000000000000002 13.800000000000002 28.150000000000002 1.5000000000000002
decision_type=2 2 2 2 2 2 2
left_child=2 -2 -1 -4 -5 -6 -7
right_child=1 -3 3 4 5 6 -8
leaf_value=0.32384691341033839 -0.17759918088944537 0.85870308362885028 -0.35462814271450044 0.22008774002809176 -0.36929175852857837 0.13789939665819104 -0.089007417836960132
leaf_weight=14.999999999999998 15.000000000000002 14.999999999999998 17 19 17 24 112
leaf_count=15 15 15 17 19 17 24 112
internal_value=0.00145257 0.341517 -0.0486753 -0.0784226 -0.0509039 -0.0847109 -0.0488564
internal_weight=234 30 204 189 172 153 136
internal_count=234 30 204 189 172 153 136
is_linear=0
shrinkage=0.05


Tree=115
num_leaves=12
num_cat=0
split_feature=26 123 104 14 14 88 48 99 59 31 47
split_gain=1719 3775.67 1190.23 888.829 1434.43 932.166 527.124 323.789 596.065 299.494 282.922
threshold=22.450000000000003 0.0033333333333333136 32.150000000000006 44.600000000000001 53.050000000000004 5.8450000000000006 6.6650000000000009 48.150000000000013 32.800000000000004 -0.015000000000000123 1.5000000000000002
decision_type=2 2 2 2 2 2 2 2 2 2 2
left_child=1 2 -1 6 5 -5 -2 8 -8 -9 -6
right_child=3 -3 -4 4 10 -7 7 9 -10 -11 -12
leaf_value=-0.29984454067901795 -0.43368436505335456 0.91285658689918903 0.28374949863978793 0.42572871391073808 -0.28917377147469586 -0.054997863310464412 -0.033549934684933717 -0.16503950363039344 -0.41498725778683671 0.070150605276280018 -0.017424276070288052
leaf_weight=19 15.999999999999998 14.999999999999998 15.999999999999998 27 22 15.999999999999998 20 26 21 28 17
leaf_count=19 16 15 16 27 22 16 20 26 21 28 17
internal_value=-0.00894959 0.252005 -0.0328679 -0.0766759 0.0480888 0.247025 -0.16885 -0.123784 -0.229576 -0.0430924 -0.171194
internal_weight=243 50 35 193 82 43 111 95 41 54 39
internal_count=243 50 35 193 82 43 111 95 41 54 39
is_linear=0
shrinkage=0.05


Tree=116
num_leaves=8
num_cat=0
split_feature=66 101 27 27 64 50 88
split_gain=1358.32 4800.93 781.849 1343.54 863.357 516.331 501.827
threshold=33.95000000000001 77.950000000000003 7.3500000000000005 12.750000000000002 13.800000000000002 22.450000000000006 6.2150000000000007
decision_type=2 2 2 2 2 2 2
left_child=2 -2 -1 -4 -5 -6 -7
right_child=1 -3 3 4 5 6 -8
leaf_value=-0.27380956109261861 0.92580682639009437 -0.31567698816293915 0.43132253067883836 0.30027908843163165 -0.34246080084617092 0.013589016031803375 -0.22338408015322747
leaf_weight=28 16.000000000000004 14.999999999999998 17 17 15.999999999999998 96 29
leaf_count=28 16 15 17 17 16 96 29
internal_value=0.0181201 0.325845 -0.028985 0.0102924 -0.0352209 -0.0758908 -0.0414834
internal_weight=234 31 203 175 158 141 125
internal_count=234 31 203 175 158 141 125
is_linear=0
shrinkage=0.05


Tree=117
num_leaves=11
num_cat=0
split_feature=102 54 105 105 52 102 37 35 44 109
split_gain=1136.34 781.58 2195.37 645.514 1082.86 892.403 1245.2 707.82 424.307 268.364
threshold=17.150000000000002 70.750000000000014 27.250000000000004 4.4000000000000012 5.870000000000001 47.95000000000001 2.4749999999999983 1.4333333333333249 3.5000000000000004 -0.0091666666666672097
decision_type=2 2 2 2 2 2 2 2 2 2
left_child=-1 3 -3 -2 5 7 -7 -5 9 -6
right_child=1 2 -4 4 8 6 -8 -9 -10 -11
leaf_value=0.39203815648430274 0.2340572394060422 0.52882126600514001 -0.26912411719757995 -0.42530452226171439 -0.35542112816347199 0.53160119775115267 -0.021885703628661168 -0.045071218987946873 -0.49917174429626937 -0.083236626138934844
leaf_weight=17 15.999999999999998 20 14.999999999999998 14.999999999999998 14.999999999999998 14.999999999999998 31 65 15.999999999999998 23
leaf_count=17 16 20 15 15 15 15 31 65 16 23
internal_value=-0.00124258 -0.0303641 0.18691 -0.069264 -0.0963686 -0.015977 0.159252 -0.116869 -0.28348 -0.19146
internal_weight=248 231 35 196 180 126 46 80 54 38
internal_count=248 231 35 196 180 126 46 80 54 38
is_linear=0
shrinkage=0.05


Tree=118
num_leaves=9
num_cat=0
split_feature=102 106 54 99 87 109 84 111
split_gain=1592.86 742.107 1525.46 778.755 1044.53 569.148 529.163 354.112
threshold=17.150000000000002 17.000000000000004 70.750000000000014 58.550000000000004 6.7350000000000012 -0.021666666666666941 -0.0075000000000000058 -0.58583333333333332
decision_type=2 2 2 2 2 2 2 2
left_child=-1 2 3 4 -2 -3 -7 -6
right_child=1 5 -4 -5 7 6 -8 -9
leaf_value=0.48690310110125623 0.24216632574673014 -0.43494482556024927 0.42541293602993052 0.32162479383266529 -0.28614273096223281 0.15973665469529613 -0.21482305776669208 -0.072942355921265772
leaf_weight=17 24 14.999999999999998 22 14.999999999999998 25 14.999999999999998 25 88
leaf_count=17 24 15 22 15 25 15 25 88
internal_value=0.0213909 -0.0133424 0.0372542 -0.0191365 -0.05669 -0.17328 -0.0741904 -0.120366
internal_weight=246 229 174 152 137 55 40 113
internal_count=246 229 174 152 137 55 40 113
is_linear=0
shrinkage=0.05


Tree=119
num_leaves=12
num_cat=0
split_feature=22 39 78 23 22 37 68 91 9 48 42
split_gain=1231.33 2969.77 1404.46 941.938 1226.37 593.523 590.62 560.162 521.798 694.981 209.9
threshold=0.17500000000000002 -0.51916666666666689 0.69833333333333336 84.050000000000011 0.15500000000000003 -4.3916666666666648 55.500000000000007 4.2250000000000005 6.7550000000000008 6.7650000000000006 4.5000000000000009
decision_type=2 2 2 2 2 2 2 2 2 2 2
left_child=3 -2 -3 5 8 -1 7 -7 -5 -10 -9
right_child=1 2 -4 4 -6 6 -8 10 9 -11 -12
leaf_value=-0.39371582797510707 0.78589026517009142 0.23929656100669031 -0.30473227719842544 -0.28819641695290021 0.42842806652773424 -0.37616206507629424 0.1925116655842358 0.0093246129010954217 0.31954758577788911 -0.12931390006966256 -0.19127784463184139
leaf_weight=20 15.999999999999998 27 21 14.999999999999998 19 20 14.999999999999998 34 14.999999999999998 20 21
leaf_count=20 16 27 21 15 19 20 15 34 15 20 21
internal_value=0.0101788 0.198251 0.00104128 -0.0571102 0.0875857 -0.147917 -0.0928626 -0.150184 -0.0424313 0.0632752 -0.0673864
internal_weight=243 64 48 179 69 110 90 75 50 35 55
internal_count=243 64 48 179 69 110 90 75 50 35 55
is_linear=0
shrinkage=0.05


Tree=120
num_leaves=9
num_cat=0
split_feature=67 66 35 123 109 65 103 64
split_gain=1082.68 2789.37 994.778 609.579 556.409 542.033 995.671 528.792
threshold=19.500000000000004 34.900000000000006 -7.9500000000000002 0.022499999999999996 0.017499999999999186 36.350000000000001 37.800000000000004 13.800000000000002
decision_type=2 2 2 2 2 2 2 2
left_child=1 2 -1 5 -2 7 -7 -4
right_child=4 -3 3 -5 -6 6 -8 -9
leaf_value=0.36302210388824951 -0.44113711264005029 0.68350641742256113 0.21556698126452312 -0.29557627093287842 -0.047897194469995914 0.44281984654783502 -0.096883670872415006 -0.091551799234778228
leaf_weight=17 18 15.999999999999998 15.999999999999998 20 18 17 17 108
leaf_count=17 18 16 16 20 18 17 17 108
internal_value=0.0076848 0.0509732 -0.0012251 -0.0362251 -0.245333 -0.00319805 0.173329 -0.0517415
internal_weight=247 211 195 178 36 158 34 124
internal_count=247 211 195 178 36 158 34 124
is_linear=0
shrinkage=0.05


Tree=121
num_leaves=10
num_cat=0
split_feature=78 102 78 50 78 40 27 66 63
split_gain=1426.58 1837.71 958.525 2190.74 1039.89 843.129 929.713 700.949 442.861
threshold=2.1541666666666672 17.150000000000002 1.2449999999999999 43.300000000000004 0.14916666666666692 1.5000000000000002 24.550000000000004 27.050000000000001 29.700000000000003
decision_type=2 2 2 2 2 2 2 2 2
left_child=1 -1 4 -4 5 -3 -7 8 -6
right_child=-2 2 3 -5 7 6 -8 -9 -10
leaf_value=0.58427125361581511 -0.33901368166066681 0.42143109665801193 -0.076532844489529017 0.68347173136028438 0.12748267150056955 -0.12862209102795552 0.24191482344786622 -0.41478744790452354 -0.16721063512798806
leaf_weight=14.999999999999998 26 14.999999999999998 23 15.999999999999998 18 45 27 21 43
leaf_count=15 26 15 23 16 18 45 27 21 43
internal_value=0.0107287 0.0516619 0.0129662 0.236087 -0.0386027 0.0817296 0.0104027 -0.166277 -0.0801038
internal_weight=249 223 208 39 169 87 72 82 61
internal_count=249 223 208 39 169 87 72 82 61
is_linear=0
shrinkage=0.05


Tree=122
num_leaves=11
num_cat=0
split_feature=78 22 34 68 32 35 48 97 76 48
split_gain=1227.41 1493.11 3664.13 1074.98 737.184 746.891 1274.02 517.388 507.184 333.924
threshold=2.1541666666666672 0.17500000000000002 3.5000000000000004 52.500000000000007 3.5000000000000004 6.991666666666668 6.7950000000000008 5.5150000000000006 4.7583333333333373 6.7350000000000012
decision_type=2 2 2 2 2 2 2 2 2 2
left_child=1 4 -3 -4 8 6 -6 9 -1 -7
right_child=-2 2 3 -5 5 7 -8 -9 -10 -11
leaf_value=-0.46529170108946749 -0.32816230650149092 0.84249194755079992 0.25771321576932515 -0.27347835830195033 0.50237669543008123 0.14217726204899833 -0.063543560298589555 -0.31559320141000358 -0.076212336474064127 -0.086642348258548496
leaf_weight=14.999999999999998 26 18 18 20 18 24 22 17 19 47
leaf_count=15 26 18 18 20 18 24 22 17 19 47
internal_value=-0.00410536 0.0346534 0.256984 -0.0217141 -0.0422818 0.0127063 0.191614 -0.0686836 -0.248873 -0.00913337
internal_weight=244 218 56 38 162 128 40 88 34 71
internal_count=244 218 56 38 162 128 40 88 34 71
is_linear=0
shrinkage=0.05


Tree=123
num_leaves=10
num_cat=0
split_feature=39 35 73 82 121 67 123 11 122
split_gain=1092.49 2850.02 923.234 958.89 1789.65 920.997 912.491 447.976 335.422
threshold=-0.92333333333333367 -1.3750000000000016 5.5000000000000009 0.31749999999999995 -0.28916666666666607 17.850000000000005 0.011666666666666674 33.350000000000009 1.5000000000000002
decision_type=2 2 2 2 2 2 2 2 2
left_child=1 -1 3 5 -5 6 8 -4 -2
right_child=2 -3 7 4 -6 -7 -8 -9 -10
leaf_value=0.78311081919449044 0.080886725332472736 -0.18874088963925445 -0.44747905042600933 -0.14478835432707327 0.49232890719112538 -0.364653449314427 0.29895154470535695 -0.099406559057365174 -0.12480105631977273
leaf_weight=15.000000000000002 29 14.999999999999998 15.999999999999998 19 26 19 22 22 62
leaf_count=15 29 15 16 19 26 19 22 22 62
internal_value=0.0158654 0.298006 -0.0236 0.0244209 0.223488 -0.043523 0.0107028 -0.246884 -0.0591805
internal_weight=245 30 215 177 45 132 113 38 91
internal_count=245 30 215 177 45 132 113 38 91
is_linear=0
shrinkage=0.05


Tree=124
num_leaves=10
num_cat=0
split_feature=89 123 47 59 120 29 24 6 5
split_gain=1441.02 1302.47 4140.12 686.061 1149.52 1040.87 567.645 283.088 272.455
threshold=15.250000000000002 0.010833333333333349 1.5000000000000002 39.550000000000004 2.5000000000000004 47.500000000000007 28.150000000000002 1.5000000000000002 1.0000000180025095e-35
decision_type=2 2 2 2 2 2 2 2 2
left_child=-1 3 8 5 -5 -2 -7 -8 -3
right_child=1 2 -4 4 -6 6 7 -9 -10
leaf_value=-0.43952558941659875 0.30379570241300219 0.072624100190806756 0.89386872422625441 -0.13385761376956234 0.44702041847271157 -0.36681872693756923 -0.18099764239115512 -0.014668727023923626 -0.20655323748262774
leaf_weight=17 15.999999999999998 19 17 15.999999999999998 18 20 41 68 15.999999999999998
leaf_count=17 16 19 17 16 18 20 41 68 16
internal_value=0.0033533 0.0361438 0.256176 -0.0278555 0.173929 -0.0752921 -0.122548 -0.0773872 -0.0550822
internal_weight=248 231 52 179 34 145 129 109 35
internal_count=248 231 52 179 34 145 129 109 35
is_linear=0
shrinkage=0.05


Tree=125
num_leaves=8
num_cat=0
split_feature=39 24 11 109 78 113 28
split_gain=1150.33 2694.2 734.559 620.063 438.405 698.251 300.85
threshold=-0.92333333333333367 37.800000000000004 23.550000000000004 -0.054166666666666245 2.1541666666666672 -12.099999999999998 5.5500000000000007
decision_type=2 2 2 2 2 2 2
left_child=1 -1 -2 -4 5 -5 -7
right_child=2 -3 3 4 -6 6 -8
leaf_value=0.72368772696264028 -0.33880990621684798 -0.20638030439812619 0.25742450848798065 0.27652561285952382 -0.30748521904676962 -0.18198447042093502 -0.018676610133251285
leaf_weight=16.000000000000004 20 14.999999999999998 18 17 14.999999999999998 38 109
leaf_count=16 20 15 18 17 15 38 109
internal_value=-0.0101021 0.274277 -0.0508584 -0.0214423 -0.0496408 -0.025854 -0.0610213
internal_weight=248 31 217 197 179 164 147
internal_count=248 31 217 197 179 164 147
is_linear=0
shrinkage=0.05


Tree=126
num_leaves=12
num_cat=0
split_feature=37 88 74 64 16 35 33 115 30 58 26
split_gain=899.467 3649.73 544.742 1007.23 589.443 732.521 415.553 405.169 361.79 263.975 197.059
threshold=-4.3916666666666648 5.8450000000000006 9.7250000000000014 47.70000000000001 4.6500000000000012 10.716666666666667 0.66749999999999965 -6.5249999999999977 3.5000000000000004 5.5450000000000008 40.350000000000009
decision_type=2 2 2 2 2 2 2 2 2 2 2
left_child=1 -1 3 4 5 -2 9 -4 -8 -6 -9
right_child=2 -3 7 -5 6 -7 8 10 -10 -11 -12
leaf_value=0.77638052198457419 0.39234177119881897 -0.24575028890714595 -0.40889029355830708 0.35799151892550507 -0.13361324086742862 -0.092530452714573511 0.10668756329141978 -0.19880816396410111 -0.14766656740325934 -0.38485020880667586 0.031177023164233805
leaf_weight=15.999999999999998 15.000000000000002 19 14.999999999999998 17 35 15.999999999999998 30 22 26 14.999999999999998 15.999999999999998
leaf_count=16 15 19 15 17 35 16 30 22 26 15 16
internal_value=-0.0117829 0.222248 -0.0514657 -0.00381304 -0.0489733 0.142432 -0.105079 -0.189566 -0.011369 -0.209702 -0.102013
internal_weight=242 35 207 154 137 31 106 53 56 50 38
internal_count=242 35 207 154 137 31 106 53 56 50 38
is_linear=0
shrinkage=0.05


Tree=127
num_leaves=8
num_cat=0
split_feature=9 67 109 90 117 117 10
split_gain=941.049 720.161 800.189 732.247 795.605 935.28 569.496
threshold=6.8950000000000005 20.700000000000003 -0.054166666666666245 38.650000000000013 0.69166666666666721 0.32416666666666721 4.8850000000000007
decision_type=2 2 2 2 2 2 2
left_child=1 2 -1 -4 5 -5 -6
right_child=-2 -3 3 4 6 -7 -8
leaf_value=0.28484130471351726 0.27111853475314901 -0.29850863687901857 -0.29254816883882345 0.0025090776143535491 -0.40702570578120406 0.3928492298173667 -0.055501004579133699
leaf_weight=20 26 25 26 65 14.999999999999998 20 49
leaf_count=20 26 25 26 65 15 20 49
internal_value=-0.0127312 -0.0464077 -0.013925 -0.0482415 -0.00540964 0.0947663 -0.138474
internal_weight=246 220 195 175 149 85 64
internal_count=246 220 195 175 149 85 64
is_linear=0
shrinkage=0.05


Tree=128
num_leaves=10
num_cat=0
split_feature=76 115 27 79 11 24 28 119 35
split_gain=661.453 898.779 1097.39 634.372 708.369 680.962 733.728 477.871 454.524
threshold=14.408333333333337 -7.8166666666666691 25.500000000000004 5.5000000000000009 21.650000000000002 39.050000000000004 7.8500000000000005 0.37916666666666693 3.3166666666666704
decision_type=2 2 2 2 2 2 2 2 2
left_child=1 2 -1 4 -3 6 -6 -2 -7
right_child=7 3 -4 -5 5 8 -8 -9 -10
leaf_value=-0.054499682784080496 -0.36705020888027179 -0.41370145915359857 0.4891118645043897 0.1783435837290753 -0.10665456203755384 -0.36422420740127565 0.35739334494040159 -0.0042414320620479959 -0.070031902879145888
leaf_weight=18 23 14.999999999999998 19 26 15.999999999999998 15.999999999999998 18 14.999999999999998 72
leaf_count=18 23 15 19 26 16 16 18 15 72
internal_value=-0.0334148 0.00293273 0.225083 -0.0475705 -0.09058 -0.0505047 0.139199 -0.224354 -0.123931
internal_weight=238 200 37 163 137 122 34 38 88
internal_count=238 200 37 163 137 122 34 38 88
is_linear=0
shrinkage=0.05


Tree=129
num_leaves=11
num_cat=0
split_feature=47 123 41 64 24 38 63 109 115 81
split_gain=848.649 4072.31 909.196 664.508 711.863 639.944 562.942 612.673 264.236 229.078
threshold=1.5000000000000002 0.010833333333333349 0.15916666666666671 11.450000000000001 28.150000000000002 4.5000000000000009 58.45000000000001 -0.011666666666666268 2.1583333333333319 4.5000000000000009
decision_type=2 2 2 2 2 2 2 2 2 2
left_child=3 2 5 -1 -5 -2 7 8 -6 -9
right_child=1 -3 -4 4 6 -7 -8 9 -10 -11
leaf_value=0.23145980499466959 -0.38209999199003264 0.79619752593461968 0.20905744343726346 -0.39151565724808868 -0.44108865561074773 0.0030763091477333687 0.16139792417836885 0.039327647103562222 -0.15165576938300104 -0.14765885922300864
leaf_weight=17 21 18 22 18 14.999999999999998 22 24 47 17 25
leaf_count=17 21 18 22 18 15 22 24 47 17 25
internal_value=0.00280611 0.132876 -0.0516767 -0.0634362 -0.0979425 -0.185367 -0.0563464 -0.10675 -0.288435 -0.0256436
internal_weight=246 83 65 163 146 43 128 104 32 72
internal_count=246 83 65 163 146 43 128 104 32 72
is_linear=0
shrinkage=0.05


Tree=130
num_leaves=9
num_cat=0
split_feature=66 123 65 55 95 95 24 51
split_gain=931.677 628.866 889.496 787.443 868.87 747.187 437.168 456.651
threshold=33.95000000000001 0.020000000000000021 45.800000000000004 5.5450000000000008 35.850000000000001 30.550000000000004 27.100000000000005 60.100000000000009
decision_type=2 2 2 2 2 2 2 2
left_child=1 2 3 6 5 -5 -1 -8
right_child=-2 -3 -4 4 -6 -7 7 -9
leaf_value=-0.35660446132255713 0.27062626494369962 -0.25133006597116747 0.3355209397306429 0.045130475747644602 -0.17274165707286337 0.48908142531856647 -0.0046860784027877222 -0.24066304196984742
leaf_weight=14.999999999999998 29 28 18 20 17 18 76 28
leaf_count=15 29 28 18 20 17 18 76 28
internal_value=0.00472671 -0.030408 0.00189783 -0.0327591 0.123514 0.256286 -0.105071 -0.0684365
internal_weight=249 220 192 174 55 38 119 104
internal_count=249 220 192 174 55 38 119 104
is_linear=0
shrinkage=0.05


Tree=131
num_leaves=9
num_cat=0
split_feature=25 60 90 115 60 66 106 93
split_gain=903.345 3134.05 1043.57 716.255 546.378 456.926 444.312 279.771
threshold=26.750000000000004 49.500000000000007 39.500000000000007 -7.8166666666666691 43.600000000000009 32.800000000000004 4.5500000000000007 57.500000000000007
decision_type=2 2 2 2 2 2 2 2
left_child=1 -1 6 -4 -5 7 -2 -6
right_child=2 -3 3 4 5 -7 -8 -9
leaf_value=-0.22404996550460746 -0.11847546473839637 0.61811019219289531 0.27806681523062476 0.1631858332790572 0.040849018618885402 -0.28005799219414163 -0.48653930694039105 -0.12847536378715627
leaf_weight=22 15.999999999999998 22 20 27 53 24 17 45
leaf_count=22 16 22 20 27 53 24 17 45
internal_value=-0.00764576 0.197364 -0.0524015 -0.00208796 -0.0398874 -0.0849677 -0.309132 -0.0369027
internal_weight=246 44 202 169 149 122 33 98
internal_count=246 44 202 169 149 122 33 98
is_linear=0
shrinkage=0.05


Tree=132
num_leaves=13
num_cat=0
split_feature=27 62 39 27 27 67 87 89 93 80 90 102
split_gain=1053.85 2828.61 793.482 720.849 792.206 559.353 413.54 391.654 348.292 282.07 642.099 170.036
threshold=14.650000000000002 76.350000000000009 0.11749999999999951 25.500000000000004 29.300000000000001 4.8500000000000005 6.745000000000001 23.950000000000003 54.150000000000013 0.0049999999999998943 58.800000000000004 45.45000000000001
decision_type=2 2 2 2 2 2 2 2 2 2 2 2
left_child=1 2 -1 7 -5 -6 -7 -2 -8 11 -11 -9
right_child=3 -3 -4 4 5 6 8 9 -10 10 -12 -13
leaf_value=-0.32530521959658493 -0.37792018785239745 0.69731720617304294 0.12136923831813935 0.32400549218355129 0.22289688831184346 -0.31796809936532322 0.13870537318484319 0.12533099029632594 -0.14713107722181504 0.0013089355184228381 -0.43301741480827333 -0.10190379879339623
leaf_weight=14.999999999999998 15.999999999999998 19 29 20 17 15.999999999999998 19 14.999999999999998 24 18 15.999999999999998 18
leaf_count=15 16 19 29 20 17 16 19 15 24 18 16 18
internal_value=0.013475 0.1892 -0.0311851 -0.0484154 0.0448301 -0.0289006 -0.101791 -0.15625 -0.0206865 -0.102755 -0.203604 0.00130028
internal_weight=242 63 44 179 96 76 59 83 43 67 34 33
internal_count=242 63 44 179 96 76 59 83 43 67 34 33
is_linear=0
shrinkage=0.05


Tree=133
num_leaves=13
num_cat=0
split_feature=76 6 33 73 109 94 19 94 98 62 10 123
split_gain=839.657 1974.23 6853.89 840.524 798.771 609.005 521.791 498.804 467.718 392.175 280.815 295.655
threshold=2.9083333333333354 2.5000000000000004 0.21166666666666648 4.5000000000000009 -1.0000000180025095e-35 5.3100000000000014 5.535000000000001 4.6900000000000004 34.050000000000004 83.550000000000011 5.3450000000000015 0.0041666666666666666
decision_type=2 2 2 2 2 2 2 2 2 2 2 2
left_child=5 2 -2 -3 -5 6 7 -1 -4 -6 -7 -12
right_child=1 3 8 4 9 10 -8 -9 -10 -11 11 -13
leaf_value=-0.28173889793150603 1.2395060705132044 0.17323987337270963 0.15022473084992466 -0.37615098342361297 -0.16917842075838679 -0.39406985170793857 0.23828765334883287 0.085616415916983768 -0.20919277500875749 0.16945265475769489 -0.0073949900210200249 -0.29556223498368117
leaf_weight=17 14.999999999999998 29 18 24 17 14.999999999999998 19 20 18 17 20 15.999999999999998
leaf_count=17 15 29 18 24 17 15 19 20 18 17 20 16
internal_value=0.0172042 0.0986962 0.345386 -0.046088 -0.155947 -0.087845 0.025926 -0.0833381 -0.0294272 0 -0.212674 -0.136072
internal_weight=245 138 51 87 58 107 56 37 36 34 51 36
internal_count=245 138 51 87 58 107 56 37 36 34 51 36
is_linear=0
shrinkage=0.05


Tree=134
num_leaves=13
num_cat=0
split_feature=23 34 86 117 3 102 54 27 97 67 15 80
split_gain=1047.59 3250.48 580.114 1213.54 1146.17 802.384 628.006 365.708 515.967 355.665 290.35 226.784
threshold=84.050000000000011 4.5000000000000009 1.5000000000000002 0.69166666666666721 3.5000000000000004 24.400000000000002 55.750000000000007 27.500000000000004 5.245000000000001 8.5000000000000018 56.300000000000004 -1.0000000180025095e-35
decision_type=2 2 2 2 2 2 2 2 2 2 2 2
left_child=2 -2 5 4 -4 -1 9 -3 -9 11 -8 -7
right_child=1 7 3 -5 -6 6 10 8 -10 -11 -12 -13
leaf_value=-0.47816915773595414 0.67866392163868761 -0.17953939336142419 -0.030164084338253322 -0.2141684165893695 0.57670879450854884 -0.0037262794789888992 -0.35192584196726484 0.26993493002764185 -0.13033014099050011 -0.11718431263865228 -0.083043589121893621 0.26613276019599869
leaf_weight=14.999999999999998 21 27 16.000000000000004 23 14.999999999999998 15.000000000000002 23 15.999999999999998 15.999999999999998 25 18 15.999999999999998
leaf_count=15 21 27 16 23 15 15 23 16 16 25 18 16
internal_value=-0.00247252 0.146029 -0.0741145 0.0603581 0.264233 -0.13899 -0.0860498 -0.0442958 0.0698641 0.0227655 -0.234491 0.135803
internal_weight=246 80 166 54 31 112 97 59 32 56 41 31
internal_count=246 80 166 54 31 112 97 59 32 56 41 31
is_linear=0
shrinkage=0.05


Tree=135
num_leaves=12
num_cat=0
split_feature=22 39 68 94 123 66 33 20 25 102 16
split_gain=985.866 2597.6 881.724 494.345 674.448 965.716 1665.54 461.93 399.432 342.014 137.911
threshold=0.17500000000000002 -0.51916666666666689 54.500000000000007 4.9400000000000004 -0.0041666666666666788 20.900000000000002 0.7541666666666661 35.650000000000013 31.900000000000002 46.650000000000013 5.5950000000000006
decision_type=2 2 2 2 2 2 2 2 2 2 2
left_child=3 -2 -3 9 8 7 -7 -6 -5 -1 -10
right_child=1 2 -4 4 5 6 -8 -9 10 -11 -12
leaf_value=-0.29218692694694542 0.75917389069171937 0.18048710983080143 -0.25672294307129545 -0.34390306717512625 0.067290964706932896 0.59465591533860163 -0.10074650795254486 -0.28012764027576575 -0.13204505861652968 -0.021271360402380056 0.050901568938621237
leaf_weight=28 14.999999999999998 29 19 14.999999999999998 26 20 14.999999999999998 14.999999999999998 21 20 20
leaf_count=28 15 29 19 15 26 20 15 15 21 20 20
internal_value=0.0171164 0.1872 0.00714692 -0.0424558 0.00750729 0.104503 0.297046 -0.0600641 -0.123992 -0.179688 -0.0427744
internal_weight=243 63 48 180 132 76 35 41 56 48 41
internal_count=243 63 48 180 132 76 35 41 56 48 41
is_linear=0
shrinkage=0.05


Tree=136
num_leaves=11
num_cat=0
split_feature=106 66 106 109 0 40 37 18 78 41
split_gain=779.032 1511.55 568.422 1126.33 902.028 670.126 516.153 301.349 258.67 102.423
threshold=17.000000000000004 33.95000000000001 9.7500000000000018 -0.023333333333332981 2300.5000000000005 1.5000000000000002 -1.0749999999999991 48.500000000000007 -0.08583333333333297 0.41416666666666663
decision_type=2 2 2 2 2 2 2 2 2 2
left_child=1 2 5 -4 -5 -1 -7 -2 -8 -9
right_child=7 -3 3 4 -6 6 8 9 -10 -11
leaf_value=0.1870551816414838 -0.28849438490620644 0.43200812574588893 0.49515316312676244 -0.21626396352324742 0.21633600275422529 -0.39922893865142695 -0.20326492932747564 0.038815455405127923 -0.0011469850683986725 -0.14525522620275319
leaf_weight=20 25 23 14.999999999999998 24 24 14.999999999999998 25 15.000000000000002 43 14.999999999999998
leaf_count=20 25 23 15 24 24 15 25 15 43 15
internal_value=0.00483226 0.0530566 0.000292693 0.118519 0 -0.0720168 -0.134654 -0.160589 -0.0757178 -0.0532306
internal_weight=244 189 166 63 48 103 83 55 68 30
internal_count=244 189 166 63 48 103 83 55 68 30
is_linear=0
shrinkage=0.05


Tree=137
num_leaves=8
num_cat=0
split_feature=66 123 65 113 121 74 33
split_gain=1050.36 552.14 517.363 418.803 405.939 1176.39 293.993
threshold=35.350000000000009 0.022499999999999996 45.800000000000004 -12.583333333333325 0.20416666666666619 -3.6749999999999967 1.0000000180025095e-35
decision_type=2 2 2 2 2 2 2
left_child=1 2 3 -1 6 -6 -5
right_child=-2 -3 -4 4 5 -7 -8
leaf_value=0.23296017031306807 0.35608548000454904 -0.22023991199999093 0.27150764870380167 -0.26738348515870064 0.4510705367224106 -0.081476288610714806 -0.050525168060452333
leaf_weight=15.999999999999998 21 28 18 19 14.999999999999998 33 87
leaf_count=16 21 28 18 19 15 33 87
internal_value=0.0193637 -0.0134996 0.0173657 -0.0096579 -0.0350322 0.0854324 -0.0896585
internal_weight=237 216 188 170 154 48 106
internal_count=237 216 188 170 154 48 106
is_linear=0
shrinkage=0.05


Tree=138
num_leaves=11
num_cat=0
split_feature=24 86 109 82 12 66 117 99 45 65
split_gain=773.139 589.514 1195.02 648.756 787.437 492.269 480.798 433.661 339.837 296.779
threshold=20.700000000000003 1.5000000000000002 -0.023333333333333869 0.41916666666666741 65.050000000000011 31.450000000000006 0.64749999999999963 48.750000000000007 -1.0000000180025095e-35 38.250000000000007
decision_type=2 2 2 2 2 2 2 2 2 2
left_child=-1 3 -3 5 -5 8 7 -4 9 -2
right_child=1 2 6 4 -6 -7 -8 -9 -10 -11
leaf_value=-0.33495628313465015 -0.061016205668985947 0.52075964003209252 -0.04725221537596342 0.41533615018753017 -0.087411778480369851 -0.33265363442960211 -0.16869392689511675 0.33179449569310582 0.088878834219425398 -0.30270190356958726
leaf_weight=18 61 14.999999999999998 15.000000000000002 15.000000000000002 15.999999999999998 19 21 14.999999999999998 29 15.999999999999998
leaf_count=18 61 15 15 15 16 19 21 15 29 16
internal_value=-0.0207278 0.00486701 0.13004 -0.048108 0.156246 -0.0989121 0.0142299 0.142578 -0.0566938 -0.111629
internal_weight=240 222 66 156 31 125 51 30 106 77
internal_count=240 222 66 156 31 125 51 30 106 77
is_linear=0
shrinkage=0.05


Tree=139
num_leaves=10
num_cat=0
split_feature=53 62 121 106 104 51 90 33 93
split_gain=500.17 439.265 527.723 1222.33 698.852 618.666 534.016 313.315 187.092
threshold=59.650000000000006 88.15000000000002 0.16250000000000056 5.4000000000000012 23.650000000000002 66.550000000000026 39.500000000000007 -0.05666666666666708 58.000000000000007
decision_type=2 2 2 2 2 2 2 2 2
left_child=1 2 5 -4 -5 6 -1 -8 -3
right_child=-2 8 3 4 -6 -7 7 -9 -10
leaf_value=-0.32136179748164045 0.26860676170974379 -0.082365576799403234 0.44065260407491702 -0.2803251816286591 0.12240550059223504 0.22176657577224992 -0.23284154313703931 -6.0743747612309026e-05 -0.31807856519029748
leaf_weight=22 14.999999999999998 18 20 17 29 17 18 72 15.999999999999998
leaf_count=22 15 18 20 17 29 17 18 72 16
internal_value=-0.0100945 -0.0284811 0.000445197 0.115364 -0.0266065 -0.0583555 -0.101079 -0.0468792 -0.194043
internal_weight=244 229 195 66 46 129 112 90 34
internal_count=244 229 195 66 46 129 112 90 34
is_linear=0
shrinkage=0.05


Tree=140
num_leaves=8
num_cat=0
split_feature=25 100 76 54 78 11 28
split_gain=685.553 2490.24 825.877 648.128 769.316 381.062 340.876
threshold=26.750000000000004 0.17500000000000002 14.816666666666666 70.750000000000014 -1.5225000000000002 27.350000000000005 24.400000000000002
decision_type=2 2 2 2 2 2 2
left_child=1 -1 3 4 -2 -6 -7
right_child=2 -3 -4 -5 5 6 -8
leaf_value=-0.091949773073408528 0.30605537644679975 0.70429587727350906 -0.27944567711492585 0.23302472104005709 -0.30699420821982509 -0.0040969434443288415 -0.23431232749479602
leaf_weight=28 14.999999999999998 14.999999999999998 29 27 14.999999999999998 102 19
leaf_count=28 15 15 29 27 15 102 19
internal_value=0.00524326 0.186684 -0.0324951 0.00784464 -0.0325138 -0.0700902 -0.0404514
internal_weight=250 43 207 178 151 136 121
internal_count=250 43 207 178 151 136 121
is_linear=0
shrinkage=0.05


Tree=141
num_leaves=8
num_cat=0
split_feature=25 21 11 26 8 60 123
split_gain=841.06 2394.4 654.617 509.178 546.664 426.436 268.796
threshold=26.750000000000004 50.150000000000006 27.350000000000005 56.800000000000004 1.0000000180025095e-35 35.900000000000006 0.0024999999999999888
decision_type=2 2 2 2 2 2 2
left_child=1 -1 -2 4 -4 -6 -7
right_child=2 -3 3 -5 5 6 -8
leaf_value=0.6836658057959184 -0.28272216733528938 -0.13483594578890065 0.26189212802526179 0.27785246444755046 0.19017049464749991 -0.023039890194608018 -0.16481048699057355
leaf_weight=15.999999999999998 23 20 14.999999999999998 14.999999999999998 15.999999999999998 81 57
leaf_count=16 23 20 15 15 16 81 57
internal_value=0.00696672 0.22969 -0.0318359 -0.000311383 -0.0251798 -0.0533256 -0.0817105
internal_weight=243 36 207 184 169 154 138
internal_count=243 36 207 184 169 154 138
is_linear=0
shrinkage=0.05


Tree=142
num_leaves=11
num_cat=0
split_feature=24 54 45 106 10 25 116 122 87 99
split_gain=1037.37 480.85 1001.71 537.923 620.281 610.494 287.314 253.724 204.653 174.086
threshold=24.400000000000002 70.750000000000014 -0.0083333333333333436 4.5500000000000007 5.4800000000000013 36.95000000000001 4.5000000000000009 1.5000000000000002 6.8050000000000006 55.850000000000001
decision_type=2 2 2 2 2 2 2 2 2 2
left_child=-1 3 -3 5 6 -2 -5 -6 -7 -9
right_child=1 2 -4 4 7 8 -8 9 -10 -11
leaf_value=0.34635671630724152 0.30452447975702707 -0.10500006433679253 0.44661976691113409 -0.46093098169528179 0.066767178337598584 0.10476893439321527 -0.15459152767989806 -0.062759641021679913 -0.12487698004364528 -0.25372794861008663
leaf_weight=20 18 18 14.999999999999998 15.999999999999998 29 14.999999999999998 15.000000000000002 47 27 15.999999999999998
leaf_count=20 18 18 15 16 29 15 15 47 27 16
internal_value=0.00275972 -0.0291772 0.146177 -0.0608884 -0.120742 0.0617261 -0.313837 -0.0553537 -0.0426878 -0.111664
internal_weight=236 216 33 183 123 60 31 92 42 63
internal_count=236 216 33 183 123 60 31 92 42 63
is_linear=0
shrinkage=0.05


Tree=143
num_leaves=13
num_cat=0
split_feature=39 14 3 121 74 48 101 0 48 68 37 38
split_gain=899.664 2699.51 656.392 1632.32 428.279 491.418 423.798 316.518 314.51 239.711 161.799 155.888
threshold=-0.62416666666666643 10.100000000000001 4.5000000000000009 0.18166666666666667 6.6000000000000059 6.7250000000000005 66.65000000000002 1977.0000000000002 6.6950000000000012 52.500000000000007 9.0083333333333311 5.5000000000000009
decision_type=2 2 2 2 2 2 2 2 2 2 2 2
left_child=1 -1 4 7 5 8 -6 -4 -2 -7 -8 -11
right_child=2 -3 3 -5 6 9 10 -9 -10 11 -12 -13
leaf_value=-0.12432815048894191 -0.028623637260980161 0.74321971180423219 -0.22765388865219918 0.53328377719251263 -0.37942429160902286 0.021762406196727223 -0.19252489389265112 0.064954527170948725 0.2891341197981227 -0.10542068358786237 0.029120452040868092 -0.30237796644106613
leaf_weight=22 15.000000000000002 14.999999999999998 17 15.999999999999998 21 25 18 20 15.999999999999998 31 14.999999999999998 14.999999999999998
leaf_count=22 15 15 17 16 21 25 18 20 16 31 15 15
internal_value=0.00137055 0.228301 -0.0388698 0.112967 -0.0905269 -0.0301216 -0.204267 -0.0696037 0.135622 -0.102648 -0.0918423 -0.170271
internal_weight=246 37 209 53 156 102 54 37 31 71 33 46
internal_count=246 37 209 53 156 102 54 37 31 71 33 46
is_linear=0
shrinkage=0.05


Tree=144
num_leaves=10
num_cat=0
split_feature=87 87 24 67 54 40 31 12 98
split_gain=799.54 1598.11 682.873 601.225 538.862 392.914 834.068 451.449 220.686
threshold=6.8950000000000005 6.9250000000000007 20.700000000000003 19.500000000000004 70.750000000000014 1.5000000000000002 0.016666666666667055 44.45000000000001 33.20000000000001
decision_type=2 2 2 2 2 2 2 2 2
left_child=2 -2 -1 4 5 6 -4 -7 -5
right_child=1 -3 3 8 -6 7 -8 -9 -10
leaf_value=-0.36920858029498177 0.59842018070599889 -0.098457170994077595 -0.096785132051831438 -0.089451627699744601 0.24050336776954404 -0.27835955626854852 0.40654894599061936 -0.017195823398298973 -0.36157406114584567
leaf_weight=14.999999999999998 14.999999999999998 18 18 15.000000000000002 23 20 14.999999999999998 94 14.999999999999998
leaf_count=15 15 18 18 15 23 20 15 94 15
internal_value=-0.0097417 0.219005 -0.0449604 -0.0204445 0.015988 -0.0192459 0.132389 -0.0632616 -0.226428
internal_weight=248 33 215 200 170 147 33 114 30
internal_count=248 33 215 200 170 147 33 114 30
is_linear=0
shrinkage=0.05


Tree=145
num_leaves=10
num_cat=0
split_feature=39 72 64 11 88 33 69 37 95
split_gain=770.49 2228.87 481.53 695.149 491.309 759.702 422.092 236.288 167.688
threshold=-0.92333333333333367 0.63750000000000029 13.800000000000002 26.950000000000003 5.8450000000000006 0.073333333333333264 2.5000000000000004 5.8666666666666645 29.550000000000004
decision_type=2 2 2 2 2 2 2 2 2
left_child=1 -1 -2 -4 5 -5 -7 -6 -9
right_child=2 -3 3 4 7 6 -8 8 -10
leaf_value=-0.16742446119000448 0.20246514756038292 0.67848183715975052 -0.31986732735382439 0.38601404737360434 -0.22859096036625967 0.12081755922851217 -0.11181257103825865 0.094399850376394423 -0.10660849056035011
leaf_weight=16.000000000000004 21 14.999999999999998 21 14.999999999999998 27 37 41 14.999999999999998 33
leaf_count=16 21 15 21 15 27 37 41 15 33
internal_value=0.0103064 0.24259 -0.0240583 -0.0493478 -0.015333 0.0613926 -0.00138496 -0.110494 -0.0436238
internal_weight=241 31 210 189 168 93 78 75 48
internal_count=241 31 210 189 168 93 78 75 48
is_linear=0
shrinkage=0.05


Tree=146
num_leaves=11
num_cat=0
split_feature=39 73 38 31 12 32 14 113 14 45
split_gain=947.279 579.237 679.159 940.142 1320.13 415.146 337.946 315.484 274.214 164.99
threshold=-0.92333333333333367 5.5000000000000009 5.5000000000000009 0.016666666666667055 61.350000000000001 5.5000000000000009 46.600000000000009 5.1416666666666666 34.850000000000001 -0.013333333333333348
decision_type=2 2 2 2 2 2 2 2 2 2
left_child=-1 2 3 6 -5 -4 7 -2 -3 -7
right_child=1 8 5 4 -6 9 -8 -9 -10 -11
leaf_value=0.27700981645239997 -0.16671985943533099 -0.35505749126623942 -0.33477809852740381 0.57396081771057939 -0.031345378982219084 -0.14160331409033489 0.16022075769531219 0.051108531148924774 -0.078111299302877552 0.078352486846609878
leaf_weight=29 37 17 18 19 17 18 21 30 19 15.999999999999998
leaf_count=29 37 17 18 19 17 18 21 30 19 16
internal_value=0.00948532 -0.0271998 0.0101893 0.0738144 0.288688 -0.141287 -0.0142597 -0.0691794 -0.209651 -0.0380218
internal_weight=241 212 176 124 36 52 88 67 36 34
internal_count=241 212 176 124 36 52 88 67 36 34
is_linear=0
shrinkage=0.05


Tree=147
num_leaves=13
num_cat=0
split_feature=4 13 88 99 66 66 41 52 39 123 87 97
split_gain=709.046 1668.8 600.436 1332.27 572.077 488.285 454.081 379.511 285.406 297.08 311.676 86.3799
threshold=6.5000000000000009 4.2550000000000008 5.8450000000000006 52.350000000000009 31.450000000000006 20.900000000000002 -0.55416666666666525 5.870000000000001 -0.090000000000000288 -0.010833333333333332 6.7750000000000012 5.285000000000001
decision_type=2 2 2 2 2 2 2 2 2 2 2 2
left_child=4 -2 3 5 6 -3 -1 -4 -8 11 -11 -10
right_child=1 2 7 -5 -6 -7 8 -9 9 10 -12 -13
leaf_value=0.18792223758141391 0.57787893868440043 -0.1796673736143938 0.05603101682244685 0.52338490154569517 -0.35203322095480583 0.15302390425479243 -0.28478286605797071 -0.24706813320803001 -0.014898218836079644 -0.30902529677248891 -0.032564635699435907 0.14173053443998271
leaf_weight=18 14.999999999999998 23 17 14.999999999999998 17 21 14.999999999999998 26 18 15.999999999999998 28 17
leaf_count=18 15 23 17 15 17 21 15 26 18 16 28 17
internal_value=-0.001779 0.0872948 0.0146058 0.118132 -0.0826107 -0.0207826 -0.041394 -0.12727 -0.0855118 -0.0473001 -0.133682 0.0612232
internal_weight=246 117 102 59 129 44 112 43 94 79 44 35
internal_count=246 117 102 59 129 44 112 43 94 79 44 35
is_linear=0
shrinkage=0.05


Tree=148
num_leaves=11
num_cat=0
split_feature=25 123 78 28 78 78 48 11 17 9
split_gain=887.092 2132.99 456.484 424.733 573.793 456.823 344.159 318.777 178.53 146.106
threshold=26.750000000000004 -0.00083333333333333859 2.1541666666666672 7.8500000000000005 1.2449999999999999 0.24166666666666672 6.7650000000000006 32.550000000000004 30.950000000000006 6.8250000000000011
decision_type=2 2 2 2 2 2 2 2 2 2
left_child=1 -1 3 7 5 6 -5 -2 -7 -9
right_child=2 -3 -4 4 -6 8 -8 9 -10 -11
leaf_value=-0.063815674565702793 -0.29385877715948533 0.68842700630648457 -0.24743256207023348 0.24147783724161298 0.28066189250251128 0.010423427366263031 -0.014897919445069407 0.031403384149302924 -0.2028335442667118 -0.15339964955880497
leaf_weight=25 18 14.999999999999998 23 22 21 14.999999999999998 32 26 28 18
leaf_count=25 18 15 23 22 21 15 32 26 28 18
internal_value=0.00423779 0.219164 -0.0381746 -0.0112858 0.0443537 -0.00699065 0.0897123 -0.117162 -0.128474 -0.0442609
internal_weight=243 40 203 180 118 97 54 62 43 44
internal_count=243 40 203 180 118 97 54 62 43 44
is_linear=0
shrinkage=0.05


Tree=149
num_leaves=10
num_cat=0
split_feature=102 122 47 25 47 29 14 112 102
split_gain=626.436 400.514 941.091 372 501.343 375.071 249.857 265.902 144.844
threshold=14.850000000000003 4.5000000000000009 1.5000000000000002 31.900000000000002 1.0000000180025095e-35 49.500000000000007 26.600000000000005 2.5000000000000004 45.20000000000001
decision_type=2 2 2 2 2 2 2 2 2
left_child=-1 3 8 4 -2 -5 -7 -8 -3
right_child=1 2 -4 5 -6 6 7 -9 -10
leaf_value=0.3095509976148606 -0.031582319062788362 0.037199791854257744 0.39021992237199077 0.17282827486246152 -0.35998568820162408 -0.21731941825588336 0.14216634232587927 -0.064100238916792326 -0.17246033483376075
leaf_weight=14.999999999999998 26 18 18 22 21 19 20 70 14.999999999999998
leaf_count=15 26 18 18 22 21 19 20 70 15
internal_value=-0.00235891 -0.0229377 0.100433 -0.0583502 -0.178875 -0.014967 -0.0530402 -0.0181008 -0.0581823
internal_weight=244 229 51 178 47 131 109 90 33
internal_count=244 229 51 178 47 131 109 90 33
is_linear=0
shrinkage=0.05


Tree=150
num_leaves=9
num_cat=0
split_feature=25 123 78 10 119 62 66 112
split_gain=814.761 1932.86 554.178 671.162 380.213 312.964 268.66 285.837
threshold=26.750000000000004 -0.00083333333333333859 -1.5225000000000002 4.6500000000000012 0.4883333333333329 77.550000000000026 31.900000000000002 1.5000000000000002
decision_type=2 2 2 2 2 2 2 2
left_child=1 -1 -2 -4 6 -6 7 -5
right_child=2 -3 3 4 5 -7 -8 -9
leaf_value=-0.072150942062338186 0.20061842424707266 0.63871077668193177 -0.38069985282351398 -0.22661705017089845 -0.050498785838505339 0.24778995260334852 -0.26421604768143897 -0.022031348749383312
leaf_weight=26 19 14.999999999999998 17 21 18 17 19 90
leaf_count=26 19 15 17 21 18 17 19 90
internal_value=-0.014113 0.18872 -0.055585 -0.0824545 -0.0514839 0.094535 -0.0908776 -0.0609509
internal_weight=242 41 201 182 165 35 130 111
internal_count=242 41 201 182 165 35 130 111
is_linear=0
shrinkage=0.05


Tree=151
num_leaves=9
num_cat=0
split_feature=24 4 54 98 96 26 90 45
split_gain=599.948 369.043 366.623 546.111 465.889 363.57 251.864 166.864
threshold=18.850000000000005 2.5000000000000004 31.800000000000004 33.20000000000001 62.150000000000013 55.100000000000009 38.650000000000013 -0.0074999999999999919
decision_type=2 2 2 2 2 2 2 2
left_child=-1 7 3 -3 5 6 -4 -2
right_child=1 2 4 -5 -6 -7 -8 -9
leaf_value=0.30056303194816542 -0.064059923303048327 -0.02408556786935721 -0.24894728432247293 0.37393390933014703 0.22447593486076528 0.16577853954726862 -0.056627512148027276 -0.29689295456762083
leaf_weight=14.999999999999998 15.000000000000002 20 20 14.999999999999998 15.999999999999998 15.999999999999998 113 15.999999999999998
leaf_count=15 15 20 20 15 16 16 113 16
internal_value=-0.00476153 -0.0247309 0.000159756 0.146931 -0.0310134 -0.0586142 -0.0857507 -0.184961
internal_weight=246 231 200 35 165 149 133 31
internal_count=246 231 200 35 165 149 133 31
is_linear=0
shrinkage=0.05


Tree=152
num_leaves=11
num_cat=0
split_feature=47 123 64 24 12 21 92 38 63 109
split_gain=707.257 2392.02 533.421 530.087 509.027 486.778 352.472 327.282 370.305 89.5449
threshold=1.5000000000000002 0.010833333333333349 11.450000000000001 28.150000000000002 49.350000000000001 52.250000000000007 10.400000000000002 5.5000000000000009 58.45000000000001 -1.0000000180025095e-35
decision_type=2 2 2 2 2 2 2 2 2 2
left_child=2 4 -1 -4 -2 9 -5 8 -8 -6
right_child=1 -3 3 6 5 -7 7 -9 -10 -11
leaf_value=0.22744810292439432 -0.26466966808236991 0.64070942955122467 -0.34650588533522919 -0.26219324228926472 -0.13317481233651249 0.29238775560389396 -0.014530141000255318 -0.16903317926943989 0.24938210130478283 0.03381588031586847
leaf_weight=15.999999999999998 14.999999999999998 18 15.999999999999998 15.999999999999998 14.999999999999995 15.999999999999998 76 26 15.999999999999998 17.000000000000004
leaf_count=16 15 18 16 16 15 16 76 26 16 17
internal_value=0.0130493 0.134095 -0.0460301 -0.0753665 -0.0113591 0.0680822 -0.0427201 -0.0127219 0.0315343 -0.0444763
internal_weight=247 81 166 150 63 48 134 118 92 32
internal_count=247 81 166 150 63 48 134 118 92 32
is_linear=0
shrinkage=0.05


Tree=153
num_leaves=9
num_cat=0
split_feature=66 65 23 100 64 10 57 31
split_gain=835.505 1769.04 483.48 283.518 256.209 204.849 160.01 94.869
threshold=33.95000000000001 39.20000000000001 40.000000000000007 0.19500000000000003 20.400000000000002 5.2800000000000002 48.95000000000001 -0.008333333333333302
decision_type=2 2 2 2 2 2 2 2
left_child=2 -2 -1 4 -4 7 -7 -6
right_child=1 -3 3 -5 5 6 -8 -9
leaf_value=0.22777164661331684 0.6192244590118231 -0.14641467826502608 0.11566751701799452 -0.22648772302381232 -0.092936885622114121 -0.11241201848771568 0.0078413513563221453 -0.27209867357418238
leaf_weight=14.999999999999998 15.000000000000002 14.999999999999998 22 24 15.000000000000002 44 74 14.999999999999998
leaf_count=15 15 15 22 24 15 44 74 15
internal_value=-0.00925004 0.237024 -0.0447208 -0.065922 -0.0431047 -0.0668019 -0.0370138 -0.18329
internal_weight=239 30 209 194 170 148 118 30
internal_count=239 30 209 194 170 148 118 30
is_linear=0
shrinkage=0.05


Tree=154
num_leaves=8
num_cat=0
split_feature=39 11 8 97 113 12 75
split_gain=1014.33 482.165 379.97 309.962 379.731 243 238.499
threshold=-0.92333333333333367 26.950000000000003 1.0000000180025095e-35 5.5150000000000006 -11.65833333333333 68.40000000000002 3.5000000000000004
decision_type=2 2 2 2 2 2 2
left_child=-1 -2 -3 4 -4 -6 -5
right_child=1 2 3 6 5 -7 -8
leaf_value=0.27913746867739858 -0.23752617673377929 0.19356803587123531 0.23827605608678026 -0.30512429724522633 -0.071657069271087809 0.10345674213838517 -0.059625659554740022
leaf_weight=28 27 20 14.999999999999998 15.999999999999998 82 26 26
leaf_count=28 27 20 15 16 82 26 26
internal_value=-0.00312814 -0.0405461 -0.0116579 -0.0366662 0.00337241 -0.0293971 -0.15377
internal_weight=240 212 185 165 123 108 42
internal_count=240 212 185 165 123 108 42
is_linear=0
shrinkage=0.05


Tree=155
num_leaves=10
num_cat=0
split_feature=64 11 27 80 102 68 110 101 17
split_gain=437.047 387.372 386.597 370.262 616.698 330.514 247.833 245.22 63.2568
threshold=11.450000000000001 26.950000000000003 11.750000000000002 0.25833333333333292 30.200000000000003 54.500000000000007 2.5000000000000004 87.65000000000002 33.400000000000006
decision_type=2 2 2 2 2 2 2 2 2
left_child=-1 5 -3 4 -4 -2 -5 -6 -8
right_child=1 2 3 6 7 -7 8 -9 -10
leaf_value=0.21641764989873979 -0.052857876550498888 0.16073259439756862 0.22779685828344995 -0.30979738744378787 -0.1014402533745976 -0.3578838530441989 -0.14089251127302271 0.076354643944444689 0.0014787984271811335
leaf_weight=18 20 28 25 17 68 15.999999999999998 16.000000000000004 27 14.999999999999998
leaf_count=18 20 28 25 17 68 16 16 27 15
internal_value=-0.0201934 -0.038658 -0.0109034 -0.0396178 0.00731749 -0.189179 -0.156831 -0.0508293 -0.0720592
internal_weight=250 232 196 168 120 36 48 95 31
internal_count=250 232 196 168 120 36 48 95 31
is_linear=0
shrinkage=0.05


Tree=156
num_leaves=11
num_cat=0
split_feature=102 30 121 12 37 94 33 21 20 60
split_gain=852.877 311.857 936.317 1139.82 350.049 289.696 255.244 231.599 201.457 175.103
threshold=17.150000000000002 4.5000000000000009 -0.20333333333333312 57.350000000000001 -6.7083333333333242 4.6900000000000004 0.56250000000000011 55.500000000000007 31.950000000000003 56.250000000000007
decision_type=2 2 2 2 2 2 2 2 2 2
left_child=-1 4 -3 -4 -2 8 7 -7 -6 -8
right_child=1 2 3 -5 5 6 9 -9 -10 -11
leaf_value=0.32963981852347024 0.16269271258982071 -0.20515577855689751 0.56071067525456286 -0.035771479478449018 -0.34048881893572602 -0.063387917073215935 0.075381542685670891 -0.29370164928452075 -0.092416779142504887 -0.093873570156303834
leaf_weight=18 15.999999999999998 18 14.999999999999998 17 15.999999999999998 40 45 14.999999999999998 17 23
leaf_count=18 16 18 15 17 16 40 45 15 17 23
internal_value=-0.000375537 -0.0272924 0.0824694 0.244549 -0.0592584 -0.0821443 -0.0467142 -0.126711 -0.21351 0.0180063
internal_weight=240 222 50 32 172 156 123 55 33 68
internal_count=240 222 50 32 172 156 123 55 33 68
is_linear=0
shrinkage=0.05


Tree=157
num_leaves=9
num_cat=0
split_feature=48 31 12 43 109 0 105 48
split_gain=411.042 390.381 834.903 331.381 286.175 284.228 198.415 193.726
threshold=6.6550000000000011 0.016666666666667055 58.95000000000001 0.44166666666666693 0.01083333333333414 3674.5000000000005 5.8500000000000005 6.8450000000000006
decision_type=2 2 2 2 2 2 2 2
left_child=-1 3 -3 5 -4 6 -2 -8
right_child=1 2 4 -5 -6 -7 7 -9
leaf_value=-0.2484160858146216 0.037915768683479539 0.34839424524827023 -0.1407860019112227 0.11209005961712465 0.10680301309479356 0.11284277403591486 -0.18942974795265241 -0.021543700880173482
leaf_weight=20 17 21 26 24 21 14.999999999999998 69 23
leaf_count=20 17 21 26 24 21 15 69 23
internal_value=-0.0321331 -0.011978 0.08708 -0.057553 -0.0300631 -0.0904913 -0.118597 -0.147581
internal_weight=236 216 68 148 47 124 109 92
internal_count=236 216 68 148 47 124 109 92
is_linear=0
shrinkage=0.05


Tree=158
num_leaves=10
num_cat=0
split_feature=102 53 122 66 66 100 57 76 48
split_gain=621.908 394.764 469.434 988.219 441.483 179.999 235.458 213.822 115.33
threshold=14.850000000000003 59.650000000000006 4.5000000000000009 23.650000000000002 32.800000000000004 0.15500000000000003 50.95000000000001 -3.5999999999999903 6.7650000000000006
decision_type=2 2 2 2 2 2 2 2 2
left_child=-1 2 4 8 5 7 -7 -2 -4
right_child=1 -3 3 -5 -6 6 -8 -9 -10
leaf_value=0.32428648878407013 0.18552771200213514 0.24039810163690559 -0.17713137083742395 0.36076325109371776 -0.26788660476218057 -0.15456599673648203 0.008966337639015531 -0.027241659995530222 0.018232858664547373
leaf_weight=14.999999999999998 17 14.999999999999998 15.000000000000002 22 23 46 42 38 14.999999999999998
leaf_count=15 17 15 15 22 23 46 42 38 15
internal_value=0.0133159 -0.00681279 -0.0239481 0.106977 -0.0650305 -0.032204 -0.0765381 0.03865 -0.0795471
internal_weight=248 233 218 52 166 143 88 55 30
internal_count=248 233 218 52 166 143 88 55 30
is_linear=0
shrinkage=0.05


Tree=159
num_leaves=9
num_cat=0
split_feature=9 76 40 11 54 67 78 0
split_gain=724.078 479.407 641.621 418.674 375.455 353.063 292.393 189.551
threshold=6.8950000000000005 14.816666666666666 1.5000000000000002 45.650000000000013 70.750000000000014 17.850000000000005 2.0916666666666672 3102.0000000000005
decision_type=2 2 2 2 2 2 2 2
left_child=1 2 3 -1 5 7 -3 -4
right_child=-2 6 4 -5 -6 -7 -8 -9
leaf_value=0.37358731621911057 0.24607675947959989 -0.085705330170487148 -0.087668214838834982 0.0060638667978593058 0.14067415610944489 -0.27932169850341121 -0.37817931143653322 0.072696715240903903
leaf_weight=16.000000000000004 24 20 78 14.999999999999998 21 20 14.999999999999998 24
leaf_count=16 24 20 78 15 21 20 15 24
internal_value=-0.0134168 -0.0433424 -0.00930338 0.196505 -0.0540604 -0.087709 -0.211914 -0.0498521
internal_weight=233 209 174 31 143 122 35 102
internal_count=233 209 174 31 143 122 35 102
is_linear=0
shrinkage=0.05


Tree=160
num_leaves=8
num_cat=0
split_feature=39 39 64 10 26 27 109
split_gain=594.437 1898.18 422.772 415.007 297.373 315.169 241.323
threshold=-0.92333333333333367 -3.0416666666666661 13.800000000000002 4.5450000000000008 56.800000000000004 11.750000000000002 -0.0091666666666672097
decision_type=2 2 2 2 2 2 2
left_child=1 -1 -2 -4 5 -5 -7
right_child=2 -3 3 4 -6 6 -8
leaf_value=-0.18841389875538297 0.18980011765043536 0.60457796339957137 -0.25508136314369434 0.12561173045532012 0.18702790007759995 -0.15866091967687268 -0.021571457462205901
leaf_weight=15.000000000000002 20 14.999999999999998 22 23 14.999999999999998 52 84
leaf_count=15 20 15 22 23 15 52 84
internal_value=0.000414955 0.208607 -0.0285607 -0.0509533 -0.0249836 -0.0451211 -0.0741028
internal_weight=246 30 216 196 174 159 136
internal_count=246 30 216 196 174 159 136
is_linear=0
shrinkage=0.05


Tree=161
num_leaves=13
num_cat=0
split_feature=22 39 53 68 76 31 102 119 76 104 31 95
split_gain=649.3 1719.04 667.392 583.078 337.804 580.812 335.112 209.815 252.204 151.278 155.68 97.0028
threshold=0.17500000000000002 -0.51916666666666689 37.100000000000001 54.500000000000007 4.2916666666666652 0.030833333333333272 57.350000000000009 0.42833333333333329 14.408333333333337 33.850000000000001 -0.0058333333333338002 30.350000000000005
decision_type=2 2 2 2 2 2 2 2 2 2 2 2
left_child=4 -2 3 -3 6 7 9 8 11 10 -1 -6
right_child=1 2 -4 -5 5 -7 -8 -9 -10 -11 -12 -13
leaf_value=-0.14413947440053693 0.577625313419733 0.27141308200444092 -0.29405707276814824 -0.13555529918891704 0.063613226213810589 0.25347072450122282 0.069199541646131069 0.092990438102934891 -0.25662263740492131 -0.07775754042508265 -0.34303981459036992 -0.096193930855045073
leaf_weight=20 15.999999999999998 21 14.999999999999998 14.999999999999998 15.999999999999998 19 15.999999999999998 18 18 21 20 23
leaf_count=20 16 21 15 15 16 19 16 18 18 21 20 23
internal_value=-0.00461066 0.12719 -0.0148793 0.101799 -0.0563252 0.0072438 -0.133902 -0.0553216 -0.102325 -0.187283 -0.244322 -0.0305091
internal_weight=238 67 51 36 171 94 77 75 57 61 40 39
internal_count=238 67 51 36 171 94 77 75 57 61 40 39
is_linear=0
shrinkage=0.05


Tree=162
num_leaves=8
num_cat=0
split_feature=66 109 99 60 23 113 104
split_gain=784.499 339.092 359.19 369.534 256.258 312.143 238.082
threshold=36.95000000000001 -0.054166666666666245 58.550000000000004 35.900000000000006 79.750000000000014 2.6666666666666683 22.450000000000003
decision_type=2 2 2 2 2 2 2
left_child=1 -1 3 -3 5 -5 -6
right_child=-2 2 -4 4 6 -7 -8
leaf_value=0.17915149671425917 0.31190952696082719 0.17985748298790144 0.17363418959711321 -0.24218255844060074 0.14896136934220477 -0.051982672614443108 -0.054092025781103906
leaf_weight=22 21 15.999999999999998 20 36 19 54 59
leaf_count=22 21 16 20 36 19 54 59
internal_value=0.0203341 -0.00686302 -0.0270259 -0.0489464 -0.070861 -0.128302 -0.00443888
internal_weight=247 226 204 184 168 90 78
internal_count=247 226 204 184 168 90 78
is_linear=0
shrinkage=0.05


Tree=163
num_leaves=12
num_cat=0
split_feature=22 39 78 109 101 25 84 62 24 97 23
split_gain=701.345 1792.6 616.486 438.683 334.317 322.194 346.439 304.257 217.97 153.755 124.258
threshold=0.17500000000000002 -0.51916666666666689 0.69833333333333336 -0.054166666666666245 42.45000000000001 49.20000000000001 0.0033333333333333414 74.100000000000009 39.050000000000004 5.5650000000000004 85.90000000000002
decision_type=2 2 2 2 2 2 2 2 2 2 2
left_child=3 -2 -3 -1 -5 6 8 -8 -6 10 -7
right_child=1 2 -4 4 5 9 7 -9 -10 -11 -12
leaf_value=0.20424944703152637 0.61506378480930213 0.14606596374839442 -0.20421554243773629 -0.28669447731117759 0.10937750807124608 0.017909314978496852 -0.10485266179068764 -0.40337966498949673 -0.098821435460861584 -0.093012640195966556 0.19623359526284256
leaf_weight=14.999999999999998 14.999999999999998 29 22 17 18 23 20 14.999999999999998 41 14.999999999999998 17
leaf_count=15 15 29 22 17 18 23 20 15 41 15 17
internal_value=-0.00284937 0.136533 -0.00504196 -0.0537488 -0.0772009 -0.0530891 -0.109303 -0.23372 -0.0351409 0.0429185 0.0941222
internal_weight=247 66 51 181 166 149 94 35 59 55 40
internal_count=247 66 51 181 166 149 94 35 59 55 40
is_linear=0
shrinkage=0.05


Tree=164
num_leaves=11
num_cat=0
split_feature=67 103 102 35 36 19 62 102 119 25
split_gain=263.531 378.828 405.584 748.709 374.129 361.312 278.411 134.564 125.621 91.6551
threshold=19.500000000000004 10.800000000000002 42.550000000000004 -1.3750000000000016 3.5000000000000004 5.6750000000000007 84.700000000000003 30.950000000000003 0.020000000000000465 49.20000000000001
decision_type=2 2 2 2 2 2 2 2 2 2
left_child=1 -1 4 -4 -3 8 -2 9 -5 -6
right_child=6 2 3 5 7 -7 -8 -9 -10 -11
leaf_value=0.23280702381400586 -0.25278138109196574 -0.28085049272148532 0.31441142341536937 -0.18420603070998087 -0.039695248551883139 0.15582896559985715 0.018188752493132714 -0.12266511316560343 -0.026769399905323583 0.11735488087530957
leaf_weight=15.999999999999998 23 21 21 22 24 20 15.999999999999998 28 30 14.999999999999998
leaf_count=16 23 21 21 22 24 20 16 28 30 15
internal_value=-0.0231517 0.000356632 -0.0202811 0.0524654 -0.0971899 -0.0241963 -0.141724 -0.0392174 -0.0936989 0.0207264
internal_weight=236 197 181 93 88 72 39 67 52 39
internal_count=236 197 181 93 88 72 39 67 52 39
is_linear=0
shrinkage=0.05


Tree=165
num_leaves=9
num_cat=0
split_feature=25 24 38 109 92 58 28 80
split_gain=345.529 355.602 335.389 553.639 395.213 334.615 173.508 124.962
threshold=22.450000000000003 28.150000000000002 5.5000000000000009 -0.038333333333333545 10.400000000000002 5.8250000000000011 10.250000000000002 -0.17999999999999969
decision_type=2 2 2 2 2 2 2 2
left_child=-1 -2 3 -3 -5 -6 -4 -8
right_child=1 2 6 4 5 -7 7 -9
leaf_value=0.14663855059560377 -0.24306706800982725 0.26347245724862489 -0.24123809472171229 -0.25939193484404233 -0.025201842023864409 0.22382829470664078 -0.17089171456481447 0.014004545958785267
leaf_weight=27 20 20 20 14.999999999999998 83 15.999999999999998 14.999999999999998 23
leaf_count=27 20 20 20 15 83 16 15 23
internal_value=-0.0214523 -0.0429427 -0.0219547 0.0215014 -0.0210995 0.0151802 -0.122304 -0.0591066
internal_weight=239 212 192 134 114 99 58 38
internal_count=239 212 192 134 114 99 58 38
is_linear=0
shrinkage=0.05


Tree=166
num_leaves=8
num_cat=0
split_feature=66 5 123 123 92 39 62
split_gain=447.784 1925.4 276.698 306.179 197.759 309.676 263.464
threshold=33.95000000000001 1.0000000180025095e-35 0.020000000000000021 0.010833333333333349 56.000000000000007 -0.92333333333333367 68.050000000000011
decision_type=2 2 2 2 2 2 2
left_child=2 -2 3 4 5 -1 -7
right_child=1 -3 -4 -5 -6 6 -8
leaf_value=-0.22019957834808387 0.54681368614846504 -0.21517785980325677 -0.16611758504473867 0.18652879152428453 0.14699016898315143 0.08564345006477049 -0.060840942528813446
leaf_weight=20 17 15.999999999999998 28 20 15.999999999999998 47 88
leaf_count=20 17 16 28 20 16 47 88
internal_value=0.00625436 0.177678 -0.0196231 0.00190203 -0.0197589 -0.0370876 -0.00978002
internal_weight=252 33 219 191 171 155 135
internal_count=252 33 219 191 171 155 135
is_linear=0
shrinkage=0.05


Tree=167
num_leaves=9
num_cat=0
split_feature=13 13 48 121 86 10 55 26
split_gain=525.091 1734.52 224.79 410.431 847.859 319.935 300.412 226.126
threshold=2.4600000000000004 3.6750000000000003 6.6550000000000011 0.18166666666666667 1.5000000000000002 5.9350000000000014 5.8150000000000004 25.450000000000003
decision_type=2 2 2 2 2 2 2 2
left_child=-1 -2 -3 6 5 -5 7 -4
right_child=1 2 3 4 -6 -7 -8 -9
leaf_value=-0.24118241095424292 0.54311017690115426 -0.19127241487828839 -0.20740410898494541 0.11235588256006912 0.42317280643474986 -0.17041200380227717 0.11611522000236629 -0.039192508366153643
leaf_weight=20 14.999999999999998 15.999999999999998 26 24 15.999999999999998 17 24 86
leaf_count=20 15 16 26 24 16 17 24 86
internal_value=0.00360991 0.0255866 -0.0117744 0.00317177 0.115706 -0.00489704 -0.0440069 -0.0784364
internal_weight=244 224 209 193 57 41 136 112
internal_count=244 224 209 193 57 41 136 112
is_linear=0
shrinkage=0.05


Tree=168
num_leaves=11
num_cat=0
split_feature=114 3 13 115 105 10 61 42 24 3
split_gain=257.864 480.566 654.888 372.939 285.054 561.401 234.611 229.212 215.759 148.841
threshold=4.5000000000000009 4.5000000000000009 5.7000000000000011 7.1666666666666687 6.6500000000000012 5.5450000000000008 0.15500000000000003 3.5000000000000004 39.050000000000004 2.5000000000000004
decision_type=2 2 2 2 2 2 2 2 2 2
left_child=1 3 -3 4 -1 -6 -7 9 -9 -2
right_child=7 2 -4 -5 5 6 -8 8 -10 -11
leaf_value=0.066980819117768375 -0.050732451181439375 -0.039669024099164937 0.36407380768315711 0.19557849291144619 -0.37208711985956161 -0.17903193189547614 0.023819909755725812 0.1310226190187361 -0.10535597447537781 -0.24791750569185209
leaf_weight=28 14.999999999999998 20 20 14.999999999999998 17 22 40 15.999999999999998 24 27
leaf_count=28 15 20 20 15 17 22 40 16 24 27
internal_value=-0.0242623 0.0122876 0.162482 -0.0370084 -0.0698128 -0.118383 -0.0482516 -0.0964585 -0.0105889 -0.177901
internal_weight=244 162 40 122 107 79 62 82 40 42
internal_count=244 162 40 122 107 79 62 82 40 42
is_linear=0
shrinkage=0.05


Tree=169
num_leaves=8
num_cat=0
split_feature=78 66 78 52 98 48 55
split_gain=566.961 833.448 291.831 373.158 267.493 224.758 191.963
threshold=2.1541666666666672 36.95000000000001 1.2449999999999999 6.2500000000000009 42.650000000000006 6.6950000000000012 5.4350000000000014
decision_type=2 2 2 2 2 2 2
left_child=1 2 4 -4 5 -1 -7
right_child=-2 -3 3 -5 -6 6 -8
leaf_value=-0.20162420270002285 -0.22433708350200102 0.35150654102927748 -0.016689066666895184 0.31598303647625531 0.1704591159196879 -0.071299692398221856 0.055024789120396891
leaf_weight=21 25 18 19 14.999999999999998 14.999999999999998 83 47
leaf_count=21 25 18 19 15 15 83 47
internal_value=0.00068003 0.0265987 -0.00277907 0.130428 -0.0301546 -0.0502158 -0.0255829
internal_weight=243 218 200 34 166 151 130
internal_count=243 218 200 34 166 151 130
is_linear=0
shrinkage=0.05


Tree=170
num_leaves=11
num_cat=0
split_feature=47 123 64 41 27 24 15 25 100 119
split_gain=580.301 2209.65 490.236 435.375 291.368 269.523 301.395 199.632 150.09 106.984
threshold=1.5000000000000002 0.010833333333333349 11.450000000000001 0.15916666666666671 22.850000000000005 28.150000000000002 71.800000000000026 35.900000000000013 0.15500000000000003 -0.077500000000000555
decision_type=2 2 2 2 2 2 2 2 2 2
left_child=2 3 -1 4 -2 -4 7 9 -9 -7
right_child=1 -3 5 -5 -6 6 -8 8 -10 -11
leaf_value=0.19680466991103157 -0.25932190009758838 0.60171731707964149 -0.259720648133623 0.14400674586968798 0.0099554337894738609 -0.21850462591411263 -0.20900803910813248 0.13737509172426629 -0.01808387463815839 -0.02931174736335837
leaf_weight=18 20 18 18 24 20 15.000000000000002 25 22 52 14.999999999999998
leaf_count=18 20 18 18 24 20 15 25 22 52 15
internal_value=0.00528649 0.113939 -0.0487165 -0.0238955 -0.124869 -0.0789276 -0.0534803 -0.015881 0.0281892 -0.124486
internal_weight=247 82 165 64 40 147 129 104 74 30
internal_count=247 82 165 64 40 147 129 104 74 30
is_linear=0
shrinkage=0.05


Tree=171
num_leaves=12
num_cat=0
split_feature=35 28 10 11 51 18 4 13 14 106 35
split_gain=513.949 1401.36 296.137 310.46 425.141 185.3 246.358 200.703 251.957 141.049 120.314
threshold=-5.958333333333333 6.0500000000000016 4.5450000000000008 38.050000000000004 58.550000000000004 57.150000000000006 6.5000000000000009 6.2750000000000012 33.650000000000006 12.900000000000002 5.2249999999999988
decision_type=2 2 2 2 2 2 2 2 2 2 2
left_child=1 -1 -2 4 10 7 -7 8 -5 -9 -4
right_child=2 -3 3 5 -6 6 -8 9 -10 -11 -12
leaf_value=0.54385562702914736 -0.19481270675242868 -0.1375440970260576 -0.080368114149535597 -0.095539247885692957 0.3323713423277172 -0.041732591390609738 0.21792833885017615 -0.21601410632423812 0.1213998173035032 -0.053969630719990752 0.11005084899641711
leaf_weight=15.000000000000002 21 14.999999999999998 17 30 14.999999999999998 23 14.999999999999998 27 24 27 15.999999999999998
leaf_count=15 21 15 17 30 15 23 15 27 24 27 16
internal_value=0.0101437 0.203665 -0.0169181 0.00240325 0.112606 -0.0338457 0.0609369 -0.0672669 0.000831871 -0.135334 0.0118587
internal_weight=245 30 215 194 48 146 38 108 54 54 33
internal_count=245 30 215 194 48 146 38 108 54 54 33
is_linear=0
shrinkage=0.05


Tree=172
num_leaves=8
num_cat=0
split_feature=87 21 82 33 43 94 66
split_gain=652.25 1152.46 303.215 395.207 315.525 275.965 226.06
threshold=6.8950000000000005 52.350000000000001 0.82333333333333336 -0.45500000000000002 0.54416666666666746 5.8850000000000007 31.450000000000006
decision_type=2 2 2 2 2 2 2
left_child=2 -2 3 -1 5 6 -5
right_child=1 -3 -4 4 -6 -7 -8
leaf_value=-0.29853991116119544 0.52592255033133239 -0.082405588808267011 0.15584001294605396 -0.061238691151273485 0.1544419661924169 0.087170241877601584 -0.25796382031594106
leaf_weight=14.999999999999998 15.000000000000002 15.999999999999998 19 102 20 27 17
leaf_count=15 15 16 19 102 20 27 17
internal_value=-0.00047063 0.212531 -0.0336005 -0.0535892 -0.0312586 -0.0568196 -0.0895773
internal_weight=231 31 200 181 166 146 119
internal_count=231 31 200 181 166 146 119
is_linear=0
shrinkage=0.05


Tree=173
num_leaves=11
num_cat=0
split_feature=24 11 11 76 73 109 115 53 26 24
split_gain=622.952 252.194 286.183 429.762 664.195 148.683 336.604 218.176 110.55 71.9331
threshold=18.850000000000005 21.650000000000002 37.750000000000007 2.9083333333333354 5.5000000000000009 -1.0000000180025095e-35 -9.0500000000000025 37.650000000000006 41.400000000000013 45.550000000000004
decision_type=2 2 2 2 2 2 2 2 2 2
left_child=-1 -2 3 -3 -5 7 -7 9 -8 -4
right_child=1 2 5 4 -6 6 8 -9 -10 -11
leaf_value=0.30747233210809977 -0.20880346608440778 -0.08826269406943299 -0.10552606127991532 0.38307154666428544 -0.048139858081566622 0.21423908898372526 -0.10861819943471512 -0.2095098189411623 0.017732025587882113 0.024113439254719635
leaf_weight=14.999999999999998 17 22 18 20 15.999999999999998 14.999999999999998 35 27 34 26
leaf_count=15 17 22 18 20 16 15 35 27 34 26
internal_value=-0.00361008 -0.0240446 -0.00918406 0.0854403 0.191681 -0.0446564 0.00032311 -0.0978675 -0.0463507 -0.0289266
internal_weight=245 230 213 58 36 155 84 71 69 44
internal_count=245 230 213 58 36 155 84 71 69 44
is_linear=0
shrinkage=0.05


Tree=174
num_leaves=11
num_cat=0
split_feature=27 62 55 56 25 54 33 40 119 88
split_gain=630.752 1642.98 264.278 250.836 309.96 261.349 226.391 207.497 193.088 221.667
threshold=11.750000000000002 76.350000000000009 5.205000000000001 37.550000000000004 23.650000000000002 30.750000000000004 1.196666666666667 1.5000000000000002 0.28416666666666673 4.7700000000000005
decision_type=2 2 2 2 2 2 2 2 2 2
left_child=1 2 -1 4 -2 -6 7 -7 9 -5
right_child=3 -3 -4 8 5 6 -8 -9 -10 -11
leaf_value=-0.19249107015799286 0.21351870561869732 0.55862821863408674 0.098643620756288242 -0.33530535941684492 0.16872179259527598 0.06726417392492294 0.072404423758827441 -0.13260216195935778 0.017311213596871027 -0.093497841554012334
leaf_weight=16.000000000000004 14.999999999999998 17 14.999999999999998 14.999999999999998 14.999999999999998 15.999999999999998 27 67 17 26
leaf_count=16 15 17 15 15 15 16 27 67 17 26
internal_value=0.00270179 0.165134 -0.0515945 -0.036714 -0.00043298 -0.0262973 -0.0530653 -0.093979 -0.124051 -0.182686
internal_weight=246 48 31 198 140 125 110 83 58 41
internal_count=246 48 31 198 140 125 110 83 58 41
is_linear=0
shrinkage=0.05


Tree=175
num_leaves=11
num_cat=0
split_feature=24 4 12 76 3 52 15 76 44 4
split_gain=479.957 245.97 317.493 223.378 470.671 200.725 184.507 163.038 126.19 99.5991
threshold=18.850000000000005 2.5000000000000004 46.400000000000013 2.9083333333333354 4.5000000000000009 4.9400000000000004 58.95000000000001 14.408333333333337 2.5000000000000004 1.5000000000000002
decision_type=2 2 2 2 2 2 2 2 2 2
left_child=-1 9 -3 5 7 8 -7 -5 -4 -2
right_child=1 2 3 4 -6 6 -8 -9 -10 -11
leaf_value=0.26594884395599372 -0.064195023449311342 0.20170032401182497 -0.078946709717471752 0.010418145138901175 0.20860101474142168 -0.29728483605829087 -0.07572587791072341 -0.14821518885366844 0.10037214598670507 -0.24143191351098303
leaf_weight=14.999999999999998 15.999999999999998 17 25 54 26 15.999999999999998 23 23 15.999999999999998 15.999999999999998
leaf_count=15 16 17 25 54 26 16 23 23 16 16
internal_value=-0.00717312 -0.0249604 -0.0043114 -0.0235761 0.0250663 -0.0862188 -0.167278 -0.0370318 -0.00877301 -0.153445
internal_weight=247 232 200 183 103 80 39 77 41 32
internal_count=247 232 200 183 103 80 39 77 41 32
is_linear=0
shrinkage=0.05


Tree=176
num_leaves=7
num_cat=0
split_feature=102 53 64 26 9 82
split_gain=631.488 246.958 272.778 252.162 133.688 169.033
threshold=17.150000000000002 58.550000000000004 13.800000000000002 21.550000000000001 6.8850000000000007 0.039999999999999154
decision_type=2 2 2 2 2 2
left_child=-1 2 -2 -4 5 -5
right_child=1 -3 3 4 -6 -7
leaf_value=0.28035873389128824 0.14872795289371443 0.16761255735987859 -0.19787213827659014 0.036521380011008235 -0.15859275649043278 -0.075802075400274394
leaf_weight=18 17 14.999999999999998 28 70 19 64
leaf_count=18 17 15 28 70 19 64
internal_value=-0.00315622 -0.027259 -0.0421244 -0.0601496 -0.0348 -0.0171049
internal_weight=231 213 198 181 153 134
internal_count=231 213 198 181 153 134
is_linear=0
shrinkage=0.05


Tree=177
num_leaves=10
num_cat=0
split_feature=102 13 14 14 88 3 53 119 9
split_gain=508.898 381.936 366.411 290.851 340.331 477.866 171.724 237.373 148.716
threshold=17.150000000000002 1.0000000180025095e-35 22.450000000000003 34.850000000000001 5.8450000000000006 4.5000000000000009 44.600000000000001 -0.075833333333333183 6.8450000000000006
decision_type=2 2 2 2 2 2 2 2 2
left_child=-1 -2 -3 6 5 -5 7 -4 -6
right_child=1 2 3 4 8 -7 -8 -9 -10
leaf_value=0.27750377102553497 -0.22568925999475448 0.19291086092264767 -0.20031798485888552 0.02914291381051666 -0.010526299068615552 0.33196418312383674 -0.25532231176925818 0.064899576563602651 -0.18444905354265581
leaf_weight=17 18 25 14.999999999999998 55 44 17 14.999999999999998 19 17
leaf_count=17 18 25 15 55 44 17 15 19 17
internal_value=0.0145431 -0.00541726 0.0138124 -0.010854 0.0274912 0.101073 -0.11488 -0.0522059 -0.059301
internal_weight=242 225 207 182 133 72 49 34 61
internal_count=242 225 207 182 133 72 49 34 61
is_linear=0
shrinkage=0.05


Tree=178
num_leaves=12
num_cat=0
split_feature=9 89 17 107 31 121 6 117 0 29 48
split_gain=515.68 264.198 293.826 397.685 615.776 371.568 275.202 236.224 179.425 147.741 150.496
threshold=6.8950000000000005 14.950000000000001 31.800000000000001 54.500000000000007 0.020833333333333485 -0.092500000000000679 1.5000000000000002 0.34249999999999986 2518.5000000000005 54.500000000000007 6.7250000000000005
decision_type=2 2 2 2 2 2 2 2 2 2 2
left_child=1 -1 3 4 5 -3 8 -5 -4 10 -8
right_child=-2 2 6 7 -6 -7 9 -9 -10 -11 -12
leaf_value=-0.22333716416595789 0.22684248906451387 0.17940718351412413 -0.23402606140676344 0.062771282985545032 0.41688586045426651 -0.12609170724210736 0.17179494791241906 -0.19634216686721007 -0.019341243201533694 -0.11487772948113247 -0.011968044648746706
leaf_weight=14.999999999999998 23 22 28 17 14.999999999999998 18 15.999999999999998 18 14.999999999999998 20 36
leaf_count=15 23 22 28 17 15 18 16 18 15 20 36
internal_value=0.00208353 -0.0214837 -0.00658783 0.0610123 0.144784 0.0418364 -0.0595428 -0.0705243 -0.159471 0.000205408 0.0446997
internal_weight=243 220 205 90 55 40 115 35 43 72 52
internal_count=243 220 205 90 55 40 115 35 43 72 52
is_linear=0
shrinkage=0.05


Tree=179
num_leaves=11
num_cat=0
split_feature=118 13 115 10 12 118 17 102 91 100
split_gain=539.331 1572.12 331.98 293.095 357.511 242.632 167.089 167.425 136.755 134.339
threshold=2.5000000000000004 4.2550000000000008 2.508333333333344 4.7500000000000009 52.250000000000007 3.5000000000000004 29.250000000000004 44.20000000000001 5.9250000000000007 0.16500000000000004
decision_type=2 2 2 2 2 2 2 2 2 2
left_child=1 -1 -3 -2 -5 -6 7 -7 -4 -8
right_child=3 2 8 4 5 6 9 -9 -10 -11
leaf_value=0.57253857362053251 -0.20696098507687266 0.12679286784225599 -0.0054677933803078723 0.21166691256082612 -0.19201467401021488 0.20271063145028045 0.0077145686340340776 -0.025714101895079972 -0.2091498868065591 -0.13988282000148849
leaf_weight=14.999999999999998 24 29 17 14.999999999999998 23 14.999999999999998 34 17 15.999999999999998 28
leaf_count=15 24 29 17 15 23 15 34 17 16 28
internal_value=0.00682387 0.115035 0.00352432 -0.0465954 -0.0172656 -0.0468143 -0.0110672 0.0815022 -0.104707 -0.0589797
internal_weight=233 77 62 156 132 117 94 32 33 62
internal_count=233 77 62 156 132 117 94 32 33 62
is_linear=0
shrinkage=0.05


Tree=180
num_leaves=11
num_cat=0
split_feature=47 27 105 64 92 26 51 38 6 90
split_gain=483.252 1134.59 669.037 214.403 293.441 196.89 189.587 186.047 163.307 162.776
threshold=1.5000000000000002 11.750000000000002 9.7500000000000018 11.450000000000001 10.400000000000002 20.400000000000002 61.400000000000006 5.5000000000000009 2.5000000000000004 49.45000000000001
decision_type=2 2 2 2 2 2 2 2 2 2
left_child=3 -2 -3 -1 -5 -6 9 8 -7 -4
right_child=1 2 6 4 5 7 -8 -9 -10 -11
leaf_value=0.12264631547425922 0.47999671349614303 0.30553374659541432 0.115081339758753 -0.25296126454656953 -0.20144768927408305 -0.068017522578783268 -0.22175960773663808 -0.13457207984598984 0.072468544842976199 -0.097878929197248832
leaf_weight=17 15.999999999999998 14.999999999999998 14.999999999999998 18 15.999999999999998 33 14.999999999999998 25 55 22
leaf_count=17 16 15 15 18 16 33 15 25 55 22
internal_value=0.00484324 0.103099 0.0124381 -0.0448859 -0.0643646 -0.0378345 -0.072437 -0.0144662 0.0197121 -0.0113314
internal_weight=247 83 67 164 147 129 52 113 88 37
internal_count=247 83 67 164 147 129 52 113 88 37
is_linear=0
shrinkage=0.05


Tree=181
num_leaves=13
num_cat=0
split_feature=4 39 3 120 66 25 74 123 118 37 66 96
split_gain=388.061 1289.72 470.828 643.389 318.334 287.279 236.549 213.361 142.435 135.056 114.293 66.74
threshold=5.5000000000000009 -0.92333333333333367 4.5000000000000009 2.5000000000000004 30.750000000000004 33.800000000000004 12.15 -0.010833333333333332 4.5000000000000009 12.616666666666665 13.450000000000001 48.000000000000007
decision_type=2 2 2 2 2 2 2 2 2 2 2 2
left_child=4 -2 5 -4 7 -3 11 9 10 -1 -9 -7
right_child=1 2 3 -5 -6 6 -8 8 -10 -11 -12 -13
leaf_value=-0.033855717204307294 0.49526961308638784 -0.25495615135754973 -0.076421010097032352 0.36575198114247609 -0.28017659680732832 -0.14609758310150681 0.15385689223590104 -0.2561795103253785 0.0060938780200424916 0.15175224070617666 -0.071744055445022992 -0.026827826325505424
leaf_weight=20 14.999999999999998 14.999999999999998 14.999999999999998 18 14.999999999999998 17 15.999999999999998 15.999999999999998 21 19 18 38
leaf_count=20 15 15 15 18 15 17 16 16 21 19 18 38
internal_value=0.00297984 0.059967 0.00468516 0.16499 -0.0670227 -0.0568891 -0.0146739 -0.032694 -0.0960885 0.0565976 -0.159181 -0.063982
internal_weight=243 134 119 33 109 86 71 94 55 39 34 55
internal_count=243 134 119 33 109 86 71 94 55 39 34 55
is_linear=0
shrinkage=0.05


Tree=182
num_leaves=13
num_cat=0
split_feature=66 88 100 28 89 19 33 12 94 15 82 24
split_gain=596.298 1214.7 155.189 172.882 170.537 243.853 164.453 221.508 88.1087 131.517 65.0267 44.1771
threshold=33.95000000000001 5.8450000000000006 0.16500000000000004 6.9000000000000012 43.650000000000013 5.3950000000000005 0.66749999999999965 60.250000000000007 4.9850000000000012 45.650000000000006 0.095833333333332785 44.70000000000001
decision_type=2 2 2 2 2 2 2 2 2 2 2 2
left_child=2 -2 3 11 5 -5 8 -8 -4 -10 -9 -1
right_child=1 -3 6 4 -6 -7 7 10 9 -11 -12 -13
leaf_value=-0.15552235358203484 0.5137287018444413 -0.12067655368356517 -0.24750260022401022 -0.010675686907984013 -0.054304205858187883 0.22422227649801996 0.13438334698262419 -0.0085956379573866228 0.005677845703889124 -0.18049371715360907 -0.14519667150849977 -0.037216501772316578
leaf_weight=14.999999999999998 15.000000000000002 14.999999999999998 14.999999999999998 22 26 22 15.999999999999998 14.999999999999998 15.999999999999998 23 21 17
leaf_count=15 15 15 15 22 26 22 16 15 16 23 21 17
internal_value=-0.0109736 0.197013 -0.0410759 0.00291136 0.0469621 0.106902 -0.0834133 -0.0197672 -0.14446 -0.104169 -0.0885996 -0.0931399
internal_weight=238 30 208 102 70 44 106 52 54 39 36 32
internal_count=238 30 208 102 70 44 106 52 54 39 36 32
is_linear=0
shrinkage=0.05


Tree=183
num_leaves=14
num_cat=0
split_feature=26 123 96 90 103 31 54 104 55 33 10 33 26
split_gain=449.732 1578.38 357.056 184.205 268.8 264.785 205.519 153.314 196.125 152.412 68.2462 64.2261 57.3484
threshold=22.450000000000003 0.0049999999999999914 49.500000000000007 38.650000000000013 43.650000000000006 -0.012500000000000176 70.750000000000014 30.350000000000005 5.1250000000000009 -0.024166666666666444 6.1050000000000013 0.93583333333333318 35.400000000000006
decision_type=2 2 2 2 2 2 2 2 2 2 2 2 2
left_child=1 2 -1 5 6 -2 7 8 -5 -6 -11 -12 -9
right_child=3 -3 -4 4 9 -7 -8 12 -10 10 11 -13 -14
leaf_value=0.13684147693068777 -0.28710811252625573 0.56926525545041295 -0.1884597162730719 -0.050455239266898502 -0.22377358019746696 0.0044715279609150024 0.18907643816067807 -0.14219775838370355 0.15405448151228693 0.032097567727603991 -0.16148515852871317 -0.014898717581041604 -0.012732110643268225
leaf_weight=14.999999999999998 15.000000000000002 14.999999999999998 19 20 14.999999999999998 15.999999999999998 20 14.999999999999998 28 19 15.000000000000002 14.999999999999998 20
leaf_count=15 15 15 19 20 15 16 20 15 28 19 15 15 20
internal_value=0.00836541 0.143842 -0.0448174 -0.025192 -0.00435188 -0.136924 0.0456073 0.0107904 0.0688104 -0.0847787 -0.0417583 -0.088651 -0.0686069
internal_weight=247 49 34 198 167 31 103 83 48 64 49 30 35
internal_count=247 49 34 198 167 31 103 83 48 64 49 30 35
is_linear=0
shrinkage=0.05


Tree=184
num_leaves=10
num_cat=0
split_feature=87 19 14 0 27 104 53 76 20
split_gain=411.273 832.045 258.241 310.76 309.022 427.814 330.849 214.746 166.639
threshold=6.8950000000000005 5.4050000000000011 10.100000000000001 349.50000000000006 10.800000000000002 27.500000000000004 37.650000000000006 3.1333333333333315 31.250000000000004
decision_type=2 2 2 2 2 2 2 2 2
left_child=2 -2 -1 -4 5 -5 7 -6 -8
right_child=1 -3 3 4 6 -7 8 -9 -10
leaf_value=-0.18732742990843312 -0.097926228626674355 0.41889574372250105 0.21090185463872571 -0.068171662443767697 -0.069413426652579865 0.30824887281814162 -0.28032044883591034 0.082120026703362131 -0.090714166567764973
leaf_weight=22 15.000000000000002 15.999999999999998 14.999999999999998 15.000000000000002 51 14.999999999999998 18 43 33
leaf_count=22 15 16 15 15 51 15 18 43 33
internal_value=-0.000632287 0.169149 -0.0255504 -0.00670336 -0.0254936 0.120271 -0.0557484 -2.81929e-05 -0.158149
internal_weight=243 31 212 190 175 30 145 94 51
internal_count=243 31 212 190 175 30 145 94 51
is_linear=0
shrinkage=0.05


Tree=185
num_leaves=12
num_cat=0
split_feature=76 37 74 100 4 94 55 0 3 9 117
split_gain=519.637 993.249 354.494 274.14 220.549 191.497 174.178 165.725 165.01 182.792 125.195
threshold=2.9083333333333354 -4.3916666666666648 8.2750000000000021 0.15500000000000003 6.5000000000000009 5.4350000000000014 5.3650000000000011 2888.0000000000005 4.5000000000000009 6.8150000000000004 -0.079166666666667038
decision_type=2 2 2 2 2 2 2 2 2 2 2
left_child=5 -2 3 -3 -5 8 -7 10 9 -1 -4
right_child=1 2 7 4 -6 6 -8 -9 -10 -11 -12
leaf_value=0.13392371564609179 0.34350245750270125 -0.04918156306819893 -0.24318753163716944 0.038987910867181445 0.29897961742784934 -0.088759122444540775 -0.29905207650550947 0.054046760953420037 -0.15174652764069441 -0.069601295365915666 -0.065356152575787668
leaf_weight=21 26 21 17 14.999999999999998 18 29 14.999999999999998 14.999999999999998 18 23 24
leaf_count=21 26 21 17 15 18 29 15 15 18 23 24
internal_value=0.0015211 0.0662046 0.000363611 0.0917286 0.181427 -0.0814061 -0.161079 -0.0876557 -0.0246153 0.0275057 -0.139625
internal_weight=242 136 110 54 33 106 44 56 62 44 41
internal_count=242 136 110 54 33 106 44 56 62 44 41
is_linear=0
shrinkage=0.05


Tree=186
num_leaves=9
num_cat=0
split_feature=102 13 0 121 26 35 29 67
split_gain=727.579 226.79 254.542 251.05 540.994 284.29 159.011 100.723
threshold=17.150000000000002 1.0000000180025095e-35 349.50000000000006 0.29416666666666608 29.150000000000002 -5.958333333333333 49.500000000000007 6.8000000000000016
decision_type=2 2 2 2 2 2 2 2
left_child=-1 -2 -3 5 -5 -4 -7 -6
right_child=1 2 3 4 7 6 -8 -9
leaf_value=0.33952450611576529 -0.16860545221252821 0.20497087083806265 -0.23884607609014333 0.33894987589870862 0.07304350939758171 0.1132408783099248 -0.039558423217637501 -0.10179033927331312
leaf_weight=15.999999999999998 20 14.999999999999998 15.999999999999998 14.999999999999998 14.999999999999998 20 111 18
leaf_count=16 20 15 16 15 15 20 111 18
internal_value=0.014575 -0.00814618 0.00718484 -0.00810111 0.0910332 -0.0405454 -0.0161236 -0.0221888
internal_weight=246 230 210 195 48 147 131 33
internal_count=246 230 210 195 48 147 131 33
is_linear=0
shrinkage=0.05


Tree=187
num_leaves=11
num_cat=0
split_feature=24 76 76 26 101 67 104 43 119 93
split_gain=476.493 193.348 262.373 341.892 164.232 201.766 134.191 116.981 80.7786 71.1064
threshold=18.850000000000005 14.816666666666666 3.1333333333333315 23.650000000000002 90.300000000000011 15.900000000000002 22.450000000000003 -0.028333333333333762 0.33249999999999963 55.95000000000001
decision_type=2 2 2 2 2 2 2 2 2 2
left_child=-1 2 4 -4 5 9 -5 -3 -8 -2
right_child=1 7 3 6 -6 -7 8 -9 -10 -11
leaf_value=0.26191287688072157 -0.016923295923130806 -0.24327120923048617 0.26956641019525518 0.1377277066341098 0.082972926734397129 -0.25716732045672591 -0.060305333011646395 -0.051186288640513049 0.067655575885410199 -0.11850198693805479
leaf_weight=14.999999999999998 45 14.999999999999998 14.999999999999998 15.999999999999998 15.999999999999998 14.999999999999998 44 17 17 28
leaf_count=15 45 15 15 16 16 15 44 17 17 28
internal_value=-0.010074 -0.0280968 -0.00943496 0.0520121 -0.0638377 -0.0906512 0.00927187 -0.141859 -0.0245099 -0.0560622
internal_weight=243 228 196 92 104 88 77 32 61 73
internal_count=243 228 196 92 104 88 77 32 61 73
is_linear=0
shrinkage=0.05


Tree=188
num_leaves=8
num_cat=0
split_feature=66 24 13 74 87 21 79
split_gain=640.255 186.777 164.648 221.925 144.581 179.629 164.682
threshold=35.350000000000009 20.700000000000003 1.0000000180025095e-35 -6.950000000000002 6.7750000000000012 47.550000000000004 1.5000000000000002
decision_type=2 2 2 2 2 2 2
left_child=1 -1 -3 -4 5 -5 -6
right_child=-2 2 3 4 6 -7 -8
leaf_value=-0.18665025178959826 0.2848759547734136 -0.15784949256766656 0.13570822252031045 0.037739405932867134 0.17358144074678422 -0.14586296294818421 -0.0052455780666265921
leaf_weight=14.999999999999998 19 15.999999999999998 29 21 14.999999999999998 36 87
leaf_count=15 19 16 29 21 15 36 87
internal_value=0.00722504 -0.0169596 -0.00437251 0.00873975 -0.0144573 -0.0781848 0.0211478
internal_weight=238 219 204 188 159 57 102
internal_count=238 219 204 188 159 57 102
is_linear=0
shrinkage=0.05


Tree=189
num_leaves=9
num_cat=0
split_feature=119 15 38 31 78 87 26 117
split_gain=476.793 221.101 273.298 323.314 261.769 544.615 127.375 87.9708
threshold=-0.91416666666666602 17.950000000000003 5.5000000000000009 0.029166666666666344 1.5533333333333339 6.7350000000000012 45.100000000000009 0.45333333333333364
decision_type=2 2 2 2 2 2 2 2
left_child=-1 -2 3 4 5 -3 7 -4
right_child=1 2 6 -5 -6 -7 -8 -9
leaf_value=0.26086992903759604 -0.16705911340306723 0.30770152786873883 -0.22807286852284481 0.18956012441632675 -0.1329014062826484 -0.013907996202391493 -0.00022777842493349566 -0.07068554493769301
leaf_weight=17 21 15.999999999999998 17 29 27 72 26 19
leaf_count=17 21 16 17 29 27 72 26 19
internal_value=0.00625007 -0.0129028 0.0028613 0.0406718 0.00295048 0.0447926 -0.0848001 -0.145572
internal_weight=244 227 206 144 115 88 62 36
internal_count=244 227 206 144 115 88 62 36
is_linear=0
shrinkage=0.05


Tree=190
num_leaves=12
num_cat=0
split_feature=66 76 64 28 98 101 37 122 30 14 55
split_gain=683.423 195.943 323.669 458.035 209.358 178.599 124.819 108.344 121.84 106.603 56.324
threshold=36.95000000000001 4.2916666666666652 35.100000000000009 5.5500000000000007 25.400000000000002 87.65000000000002 -0.87499999999999456 3.5000000000000004 2.5000000000000004 34.550000000000004 5.3900000000000015
decision_type=2 2 2 2 2 2 2 2 2 2 2
left_child=1 5 3 -3 -4 6 -1 8 -8 -6 -11
right_child=-2 2 4 -5 9 -7 7 -9 -10 10 -12
leaf_value=-0.22174241217901774 0.31077282931758554 0.35556254168474899 0.13072757717245112 0.020580787930200111 -0.16979723543084729 0.065603523220044452 0.078545799238987621 -0.15099808356333605 -0.08630043652004861 -0.073838858267703616 0.050259667521478327
leaf_weight=14.999999999999998 18 15.999999999999998 15.999999999999998 28 19 23 19 23 27 23 14.999999999999998
leaf_count=15 18 16 16 28 19 23 19 23 27 23 15
internal_value=0.0152344 -0.00861997 0.0360607 0.143036 -0.0284565 -0.0575111 -0.0913185 -0.0626132 -0.0180806 -0.073378 -0.024718
internal_weight=242 224 117 44 73 107 84 69 46 57 38
internal_count=242 224 117 44 73 107 84 69 46 57 38
is_linear=0
shrinkage=0.05


Tree=191
num_leaves=8
num_cat=0
split_feature=66 109 78 64 84 67 23
split_gain=630.145 222.709 167.208 129.345 160.463 192.335 63.9318
threshold=36.95000000000001 -0.054166666666666245 -1.5225000000000002 20.400000000000002 0.0033333333333333414 9.0500000000000025 68.500000000000014
decision_type=2 2 2 2 2 2 2
left_child=1 -1 -3 -4 6 -6 -5
right_child=-2 2 3 4 5 -7 -8
leaf_value=0.12359334521026531 0.27191053566647999 0.1037021047469833 0.053853413393392606 -0.091221876157994292 -0.05941842713416471 -0.26272888635818042 -0.0096969048414094292
leaf_weight=24 20 19 25 35 28 20 77
leaf_count=24 20 19 25 35 28 20 77
internal_value=0.00351231 -0.0201184 -0.0371024 -0.0516386 -0.0681763 -0.144605 -0.0352767
internal_weight=248 228 204 185 160 48 112
internal_count=248 228 204 185 160 48 112
is_linear=0
shrinkage=0.05


Tree=192
num_leaves=12
num_cat=0
split_feature=39 13 3 121 10 38 41 50 24 50 8
split_gain=474.228 1780.68 203.959 589.763 353.924 212.093 168.118 141.926 119.179 113.649 92.9321
threshold=-0.62416666666666643 2.4600000000000004 4.5000000000000009 0.18166666666666667 4.5450000000000008 4.5000000000000009 -0.28583333333333311 44.000000000000007 43.150000000000006 40.050000000000004 1.5000000000000002
decision_type=2 2 2 2 2 2 2 2 2 2 2
left_child=1 -1 4 9 -2 6 -6 8 -7 -4 -8
right_child=2 -3 3 -5 5 7 10 -9 -10 -11 -12
leaf_value=-0.12616969170446077 -0.28400467057891243 0.58511914176410007 -0.1311717766434399 0.31194385167049327 0.19361579862750131 -0.15613683361317152 0.066424214818968347 -0.17816578354454637 -0.0007082911225811013 0.047027108859941824 -0.099535090421998748
leaf_weight=21 14.999999999999998 14.999999999999998 20 15.999999999999998 14.999999999999998 15.999999999999998 19 24 53 15.999999999999998 14.999999999999998
leaf_count=21 15 15 20 16 15 16 19 24 53 16 15
internal_value=0.00349506 0.170862 -0.0253777 0.060324 -0.0538151 -0.0292814 0.0547723 -0.0736327 -0.0369959 -0.0519229 -0.00672368
internal_weight=245 36 209 52 157 142 49 93 69 36 34
internal_count=245 36 209 52 157 142 49 93 69 36 34
is_linear=0
shrinkage=0.05


Tree=193
num_leaves=13
num_cat=0
split_feature=39 95 76 40 57 0 92 9 41 113 62 121
split_gain=421.737 1252.97 214.314 188.31 222.776 169.68 168.323 187.403 319.868 88.4303 52.5287 43.5678
threshold=-0.92333333333333367 31.950000000000003 14.816666666666666 1.5000000000000002 49.150000000000013 1977.0000000000002 38.95000000000001 6.8250000000000011 0.35999999999999993 2.2583333333333369 74.100000000000009 -0.080833333333333965
decision_type=2 2 2 2 2 2 2 2 2 2 2 2
left_child=1 -1 3 4 -2 -4 7 8 -5 -8 -9 -11
right_child=2 -3 5 6 -6 -7 9 10 -10 11 -12 -13
leaf_value=0.49820810880092586 -0.0095256169674111831 -0.13595445655887911 -0.24578359655583104 0.16405508349543096 0.24462252026855558 -0.017861265842093538 -0.20211042375457999 -0.15477519840594156 -0.071091995907732214 -0.10776897338329333 -0.022053303115612627 -0.0015817283917712408
leaf_weight=15.000000000000002 20 15.999999999999998 18 34 14.999999999999998 14.999999999999998 14.999999999999998 15.000000000000002 25 21 14.999999999999998 18
leaf_count=15 20 16 18 34 15 15 15 15 25 21 15 18
internal_value=-0.000523092 0.171353 -0.0258679 -0.00411189 0.0996392 -0.142701 -0.0295923 0.0126236 0.0643802 -0.0991575 -0.0888741 -0.0590167
internal_weight=242 31 211 178 35 33 143 89 59 54 30 39
internal_count=242 31 211 178 35 33 143 89 59 54 30 39
is_linear=0
shrinkage=0.05


Tree=194
num_leaves=11
num_cat=0
split_feature=39 74 24 40 92 23 18 41 37 67
split_gain=472.917 213.634 261.491 236.818 241.677 204.854 170.284 125.486 104.593 71.1739
threshold=-0.92333333333333367 6.6000000000000059 28.900000000000002 1.5000000000000002 29.850000000000005 84.050000000000011 51.600000000000009 -0.036666666666666174 2.6000000000000019 11.900000000000002
decision_type=2 2 2 2 2 2 2 2 2 2
left_child=-1 3 -3 -2 6 7 -5 -4 -6 -10
right_child=1 2 5 4 8 -7 -8 -9 9 -11
leaf_value=0.20421787693931606 0.15776435161432423 -0.27224036401618795 -0.21576073236346988 -0.02421148442602777 -0.18427600251591725 0.081441536397416123 0.16386679956518799 -0.027725748980964596 -0.077702519723460969 0.049182942592949599
leaf_weight=27 25 14.999999999999998 15.999999999999998 23 15.999999999999998 22 25 20 35 15.999999999999998
leaf_count=27 25 15 16 23 16 22 25 20 35 16
internal_value=0.00747021 -0.0175303 -0.0868264 0.0186031 -0.0117166 -0.0384024 0.073779 -0.111802 -0.0730605 -0.0377791
internal_weight=240 213 73 140 115 58 48 36 67 51
internal_count=240 213 73 140 115 58 48 36 67 51
is_linear=0
shrinkage=0.05


Tree=195
num_leaves=10
num_cat=0
split_feature=24 26 117 17 31 54 15 6 99
split_gain=396.302 210.26 164.027 196.255 339.094 183.508 151.379 134.807 112.843
threshold=18.850000000000005 56.800000000000004 -3.375833333333333 31.800000000000001 0.029166666666666344 50.70000000000001 51.350000000000001 1.5000000000000002 47.95000000000001
decision_type=2 2 2 2 2 2 2 2 2
left_child=-1 2 -2 4 8 6 -5 -7 -4
right_child=1 -3 3 5 -6 7 -8 -9 -10
leaf_value=0.24737960029122058 -0.18940381239976314 0.16254743606049493 0.055924379616645863 0.13973710264591194 0.21963844698904761 -0.21012997607704237 -0.046641801793099666 -0.054820851735608224 -0.083612190939222508
leaf_weight=14.999999999999998 14.999999999999998 14.999999999999998 27 14.999999999999998 20 25 39 32 31
leaf_count=15 15 15 27 15 20 25 39 32 31
internal_value=-0.000353827 -0.0174499 -0.0307826 -0.0180737 0.0426369 -0.0607802 0.00520029 -0.123275 -0.018585
internal_weight=234 219 204 189 78 111 54 57 58
internal_count=234 219 204 189 78 111 54 57 58
is_linear=0
shrinkage=0.05


Tree=196
num_leaves=9
num_cat=0
split_feature=48 24 53 106 121 90 111 30
split_gain=460.235 312.866 157.237 238.683 260.997 227.937 164.622 105.123
threshold=6.8950000000000005 20.700000000000003 59.650000000000006 4.5500000000000007 0.29416666666666608 38.650000000000013 -0.57666666666666611 3.5000000000000004
decision_type=2 2 2 2 2 2 2 2
left_child=1 -1 3 4 7 -5 -7 -3
right_child=-2 2 -4 5 -6 6 -8 -9
leaf_value=-0.24680222652803196 0.24975245939278456 0.06177834568758292 0.14427613726514854 -0.23653197120065275 0.23969233196894857 0.10760881729336857 -0.059853303594249167 -0.093840117554967573
leaf_weight=14.999999999999998 15.999999999999998 27 14.999999999999998 15.999999999999998 14.999999999999998 17 103 18
leaf_count=15 16 27 15 16 15 17 103 18
internal_value=-0.00851308 -0.0269219 -0.0111574 -0.0231458 0.0598177 -0.0598011 -0.036018 -0.000428225
internal_weight=242 226 211 196 60 136 120 45
internal_count=242 226 211 196 60 136 120 45
is_linear=0
shrinkage=0.05


Tree=197
num_leaves=9
num_cat=0
split_feature=102 26 121 104 26 54 102 54
split_gain=368.015 147.078 154.537 363.629 172.169 223.724 173.082 78.1037
threshold=14.850000000000003 16.000000000000004 0.35666666666666696 27.900000000000002 25.450000000000003 70.750000000000014 46.300000000000004 50.70000000000001
decision_type=2 2 2 2 2 2 2 2
left_child=-1 -2 4 -4 6 7 -3 -6
right_child=1 2 3 -5 5 -7 -8 -9
leaf_value=0.220932350099457 -0.14896961780627391 -0.24744924949100844 -0.057887972646203392 0.24137701751118865 0.0019783142931247204 0.13975971851021193 -0.014271616915993346 -0.07968138191324399
leaf_weight=15.999999999999998 22 17 23 18 61 21 14.999999999999998 56
leaf_count=16 22 17 23 18 61 21 15 56
internal_value=-0.0102397 -0.0262236 -0.0133372 0.0736426 -0.0343751 -0.0100675 -0.138688 -0.0370986
internal_weight=249 233 211 41 170 138 32 117
internal_count=249 233 211 41 170 138 32 117
is_linear=0
shrinkage=0.05


Tree=198
num_leaves=9
num_cat=0
split_feature=24 35 54 53 31 10 76 37
split_gain=290.462 165.053 251.832 181.771 278.241 155.934 132.914 120.512
threshold=20.700000000000003 20.416666666666668 70.750000000000014 26.750000000000004 0.021666666666666948 5.2350000000000012 3.1333333333333315 12.424999999999995
decision_type=2 2 2 2 2 2 2 2
left_child=-1 2 3 4 7 -5 -7 -2
right_child=1 -3 -4 5 -6 6 -8 -9
leaf_value=-0.21020984156593603 -0.065831225647891178 -0.12774330165266873 0.1563480709415983 -0.17808918362455584 0.24154771270341435 -0.1051667736187531 0.021963477367616786 0.09741961468649174
leaf_weight=19 30 25 25 20 14.999999999999998 32 57 18
leaf_count=19 30 25 25 20 15 32 57 18
internal_value=-0.0230992 -0.00697526 0.0083823 -0.0131737 0.0543446 -0.0522579 -0.0237569 -0.00443295
internal_weight=241 222 197 172 63 109 89 48
internal_count=241 222 197 172 63 109 89 48
is_linear=0
shrinkage=0.05


Tree=199
num_leaves=11
num_cat=0
split_feature=24 90 31 28 114 54 0 93 98 3
split_gain=458.534 186.57 204.468 160.504 229.163 289.421 209.673 175.995 128.776 107.247
threshold=18.850000000000005 38.650000000000013 -0.017500000000000068 24.400000000000002 4.5000000000000009 70.750000000000014 2373.0000000000005 41.300000000000004 34.250000000000007 4.5000000000000009
decision_type=2 2 2 2 2 2 2 2 2 2
left_child=-1 2 -2 4 5 7 9 -3 -8 -6
right_child=1 3 -4 -5 6 -7 8 -9 -10 -11
leaf_value=0.26449053382241966 -0.24996192019585284 0.16366168723251279 -0.0047566517577533832 -0.11678953636080824 -0.049315548247379777 0.25534814986569143 -0.038461989529744875 -0.014852284802534263 0.14128765117215072 -0.22014549488191448
leaf_weight=14.999999999999998 17 18 17 26 19 17 26 58 15.999999999999998 18
leaf_count=15 17 18 17 26 19 17 26 58 16 18
internal_value=-0.00246848 -0.0198568 -0.127879 -0.00122707 0.0162703 0.0694502 -0.0462792 0.0275211 0.0300682 -0.132926
internal_weight=247 232 34 198 172 93 79 76 42 37
internal_count=247 232 34 198 172 93 79 76 42 37
is_linear=0
shrinkage=0.05


end of trees

feature_importances:
pos2_5コース複勝率=61
pos3_2コース複勝率=53
pos1_展示_レース内差=51
pos1_2連率_レース内差=48
pos1_2コース複勝率=46
pos1_勝率_レース内差=43
pos3_展示_レース内差=42
pos2_3連率_レース内差=41
pos3_平均スタートタイミング_レース内差=39
pos1_3連率_レース内差=37
pos1_4コース複勝率=36
pos2_当地勝率_レース内差=36
pos3_2連率_レース内差=34
pos1_当地勝率_レース内差=33
pos1_平均スタートタイミング_レース内差=31
pos2_当地2連率=29
pos2_2連率_レース内差=28
開催経過日=27
pos1_3コース複勝率=27
pos1_モーター勝率_レース内差=27
pos3_当地勝率_レース内差=27
pos1_5コース複勝率=26
pos2_当地3連率=26
pos3_3連率_レース内差=26
pos2_展示=25
pos2_3コース複勝率=25
pos3_展示=24
pos1_6コース複勝率=23
pos1_当地2連率=22
pos1_2連率=21
pos2_6コース複勝率=21
pos3_1コース複勝率=21
レース=20
風向=20
pos1_当地勝率=20
pos2_4コース複勝率=20
pos3_勝率_レース内差=20
pos2_ボート勝率_レース内差=19
pos1_展示=18
pos1_3連率=18
pos3_勝率=18
pos3_モーター2連率=18
pos3_ボート勝率_レース内差=18
pos1_モーター勝率_レース内順位=17
pos1_勝率=16
pos1_ボート3連率=16
pos2_1コース複勝率=16
pos2_モーター3連率=15
pos2_ボート2連率=15
pos3_3連率=15
pos3_モーター勝率=15
pos3_モーター勝率_レース内差=15
日目=14
pos1_1コース複勝率=14
pos3_2連率=14
pos3_当地2連率=14
pos3_4コース複勝率=14
pos2_当地勝率=13
pos3_5コース複勝率=13
pos3_6コース複勝率=13
pos1_当地勝率_レース内順位=12
pos3_モーター3連率=12
pos3_3コース複勝率=12
pos1_平均スタートタイミング=11
pos1_展示_レース内順位=11
pos2_2連率=11
pos2_3連率=11
pos2_2コース複勝率=11
pos1_級=10
pos1_モーター2連率=10
pos1_ボート2連率=10
pos1_ボート勝率_レース内差=10
pos3_ボート3連率=10
pos1_当地3連率=9
pos1_モーター勝率=9
pos1_勝率_レース内順位=9
pos2_級=9
pos2_勝率=9
pos2_体重=9
pos3_当地3連率=9
pos3_ボート2連率=9
pos3_平均スタートタイミング=9
pos1_モーター3連率=8
pos2_モーター勝率=8
pos2_2連率_レース内順位=8
pos2_平均スタートタイミング_レース内差=8
pos3_ボート勝率=8
pos3_当地勝率_レース内順位=8
天気=7
pos2_ボート3連率=7
pos3_3連率_レース内順位=7
pos3_平均スタートタイミング_レース内順位=7
pos1_ボート勝率=6
pos1_体重=6
pos1_2連率_レース内順位=6
pos1_ボート勝率_レース内順位=6
pos2_ボート勝率=6
pos2_勝率_レース内差=6
pos3_体重=6
pos3_モーター勝率_レース内順位=6
pos1_3連率_レース内順位=5
pos1_平均スタートタイミング_レース内順位=5
pos2_モーター勝率_レース内差=5
pos3_ボート勝率_レース内順位=5
pos2_当地勝率_レース内順位=4
pos3_級=4
pos3_当地勝率=4
pos3_2連率_レース内順位=4
風速=3
pos2_平均スタートタイミング=3
pos2_展示_レース内差=3
pos2_3連率_レース内順位=3
pos2_モーター勝率_レース内順位=3
pos2_ボート勝率_レース内順位=3
pos2_モーター2連率=2
pos2_展示_レース内順位=2
pos2_勝率_レース内順位=2
pos3_勝率_レース内順位=2
波高=1
pos3_展示_レース内順位=1

parameters:
[boosting: gbdt]
[objective: regression]
[metric: rmse]
[tree_learner: serial]
[device_type: cpu]
[data_sample_strategy: bagging]
[data: ]
[valid: ]
[num_iterations: 200]
[learning_rate: 0.05]
[num_leaves: 31]
[num_threads: 0]
[seed: 42]
[deterministic: 0]
[force_col_wise: 0]
[force_row_wise: 0]
[histogram_pool_size: -1]
[max_depth: 6]
[min_data_in_leaf: 15]
[min_sum_hessian_in_leaf: 0.001]
[bagging_fraction: 0.9]
[pos_bagging_fraction: 1]
[neg_bagging_fraction: 1]
[bagging_freq: 1]
[bagging_seed: 400]
[bagging_by_query: 0]
[feature_fraction: 0.9]
[feature_fraction_bynode: 1]
[feature_fraction_seed: 30056]
[extra_trees: 0]
[extra_seed: 12879]
[early_stopping_round: 0]
[early_stopping_min_delta: 0]
[first_metric_only: 0]
[max_delta_step: 0]
[lambda_l1: 0.1]
[lambda_l2: 0.1]
[linear_lambda: 0]
[min_gain_to_split: 0]
[drop_rate: 0.1]
[max_drop: 50]
[skip_drop: 0.5]
[xgboost_dart_mode: 0]
[uniform_drop: 0]
[drop_seed: 17869]
[top_rate: 0.2]
[other_rate: 0.1]
[min_data_per_group: 100]
[max_cat_threshold: 32]
[cat_l2: 10]
[cat_smooth: 10]
[max_cat_to_onehot: 4]
[top_k: 20]
[monotone_constraints: ]
[monotone_constraints_method: basic]
[monotone_penalty: 0]
[feature_contri: ]
[forcedsplits_filename: ]
[refit_decay_rate: 0.9]
[cegb_tradeoff: 1]
[cegb_penalty_split: 0]
[cegb_penalty_feature_lazy: ]
[cegb_penalty_feature_coupled: ]
[path_smooth: 0]
[interaction_constraints: ]
[verbosity: -1]
[saved_feature_importance_type: 0]
[use_quantized_grad: 0]
[num_grad_quant_bins: 4]
[quant_train_renew_leaf: 0]
[stochastic_rounding: 1]
[linear_tree: 0]
[max_bin: 255]
[max_bin_by_feature: ]
[min_data_in_bin: 3]
[bin_construct_sample_cnt: 200000]
[data_random_seed: 175]
[is_enable_sparse: 1]
[enable_bundle: 1]
[use_missing: 1]
[zero_as_missing: 0]
[feature_pre_filter: 0]
[pre_partition: 0]
[two_round: 0]
[header: 0]
[label_column: ]
[weight_column: ]
[group_column: ]
[ignore_column: ]
[categorical_feature: ]
[forcedbins_filename: ]
[precise_float_parser: 0]
[parser_config_file: ]
[objective_seed: 16083]
[num_class: 1]
[is_unbalance: 0]
[scale_pos_weight: 1]
[sigmoid: 1]
[boost_from_average: 1]
[reg_sqrt: 0]
[alpha: 0.9]
[fair_c: 1]
[poisson_max_delta_step: 0.7]
[tweedie_variance_power: 1.5]
[lambdarank_truncation_level: 30]
[lambdarank_norm: 1]
[label_gain: ]
[lambdarank_position_bias_regularization: 0]
[eval_at: ]
[multi_error_top_k: 1]
[auc_mu_weights: ]
[num_machines: 1]
[local_listen_port: 12400]
[time_out: 120]
[machine_list_filename: ]
[machines: ]
[gpu_platform_id: -1]
[gpu_device_id: -1]
[gpu_use_dp: 0]
[num_gpu: 1]

end of parameters

pandas_categorical:[]
