tree
version=v4
num_class=1
num_tree_per_iteration=1
label_index=0
max_feature_idx=123
objective=regression
feature_names=開催経過日 風速 波高 日目 レース 天気 風向 pos1_艇 pos1_級 pos1_展示 pos1_勝率 pos1_2連率 pos1_3連率 pos1_当地勝率 pos1_当地2連率 pos1_当地3連率 pos1_モーター勝率 pos1_モーター2連率 pos1_モーター3連率 pos1_ボート勝率 pos1_ボート2連率 pos1_ボート3連率 pos1_平均スタートタイミング pos1_1コース複勝率 pos1_2コース複勝率 pos1_3コース複勝率 pos1_4コース複勝率 pos1_5コース複勝率 pos1_6コース複勝率 pos1_体重 pos1_展示_レース内順位 pos1_展示_レース内差 pos1_勝率_レース内順位 pos1_勝率_レース内差 pos1_2連率_レース内順位 pos1_2連率_レース内差 pos1_3連率_レース内順位 pos1_3連率_レース内差 pos1_当地勝率_レース内順位 pos1_当地勝率_レース内差 pos1_モーター勝率_レース内順位 pos1_モーター勝率_レース内差 pos1_ボート勝率_レース内順位 pos1_ボート勝率_レース内差 pos1_平均スタートタイミング_レース内順位 pos1_平均スタートタイミング_レース内差 pos2_艇 pos2_級 pos2_展示 pos2_勝率 pos2_2連率 pos2_3連率 pos2_当地勝率 pos2_当地2連率 pos2_当地3連率 pos2_モーター勝率 pos2_モーター2連率 pos2_モーター3連率 pos2_ボート勝率 pos2_ボート2連率 pos2_ボート3連率 pos2_平均スタートタイミング pos2_1コース複勝率 pos2_2コース複勝率 pos2_3コース複勝率 pos2_4コース複勝率 pos2_5コース複勝率 pos2_6コース複勝率 pos2_体重 pos2_展示_レース内順位 pos2_展示_レース内差 pos2_勝率_レース内順位 pos2_勝率_レース内差 pos2_2連率_レース内順位 pos2_2連率_レース内差 pos2_3連率_レース内順位 pos2_3連率_レース内差 pos2_当地勝率_レース内順位 pos2_当地勝率_レース内差 pos2_モーター勝率_レース内順位 pos2_モーター勝率_レース内差 pos2_ボート勝率_レース内順位 pos2_ボート勝率_レース内差 pos2_平均スタートタイミング_レース内順位 pos2_平均スタートタイミング_レース内差 pos3_艇 pos3_級 pos3_展示 pos3_勝率 pos3_2連率 pos3_3連率 pos3_当地勝率 pos3_当地2連率 pos3_当地3連率 pos3_モーター勝率 pos3_モーター2連率 pos3_モーター3連率 pos3_ボート勝率 pos3_ボート2連率 pos3_ボート3連率 pos3_平均スタートタイミング pos3_1コース複勝率 pos3_2コース複勝率 pos3_3コース複勝率 pos3_4コース複勝率 pos3_5コース複勝率 pos3_6コース複勝率 pos3_体重 pos3_展示_レース内順位 pos3_展示_レース内差 pos3_勝率_レース内順位 pos3_勝率_レース内差 pos3_2連率_レース内順位 pos3_2連率_レース内差 pos3_3連率_レース内順位 pos3_3連率_レース内差 pos3_当地勝率_レース内順位 pos3_当地勝率_レース内差 pos3_モーター勝率_レース内順位 pos3_モーター勝率_レース内差 pos3_ボート勝率_レース内順位 pos3_ボート勝率_レース内差 pos3_平均スタートタイミング_レース内順位 pos3_平均スタートタイミング_レース内差
feature_infos=[8:4000] [1:8] [1:8] [1:7] [1:12] [0:2] [0:8] [3:3] [0:3] [6.5300000000000002:7.04] [2.9300000000000002:7.3099999999999996] [8:64.299999999999997] [17.199999999999999:80.400000000000006] [0:8.5600000000000005] [0:77.799999999999997] [0:88.900000000000006] [0:8.1500000000000004] [0:65.400000000000006] [0:92.299999999999997] [0:7.8300000000000001] [0:62.5] [0:71.400000000000006] [0.12:0.23999999999999999] [22.199999999999999:97.599999999999994] [0:70.400000000000006] [0:78.900000000000006] [0:72.200000000000003] [0:70.599999999999994] [0:53.799999999999997] [43:65] [1:6] [-0.11166666666666636:0.10500000000000043] [1:6] [-1.7616666666666667:2.6083333333333329] [1:6] [-23.249999999999996:29.749999999999996] [1:6] [-22.466666666666665:34.233333333333327] [1:6] [-4.2816666666666663:3.4466666666666668] [1:6] [-4.1833333333333336:3.3899999999999997] [1:6] [-2.2550000000000003:2.1733333333333338] [1:6] [-0.048333333333333339:0.031666666666666649] [2:2] [0:3] [6.5599999999999996:7.04] [3.3500000000000001:7.5] [6.5:63.5] [24:83.599999999999994] [0:8.8900000000000006] [0:89.5] [0:94.700000000000003] [0:6.9699999999999998] [0:56.5] [0:78.700000000000003] [0:8] [0:66.700000000000003] [0:100] [0.11:0.25] [16.699999999999999:100] [6.2999999999999998:75] [0:72.700000000000003] [0:64.700000000000003] [0:52.100000000000001] [0:37.5] [41:61] [1:6] [-0.125:0.13499999999999979] [1:6] [-1.6283333333333325:2.0466666666666669] [1:6] [-21.06666666666667:30.933333333333334] [1:6] [-25.783333333333339:30.333333333333336] [1:6] [-5.4716666666666667:3.9950000000000006] [1:6] [-4.5499999999999998:2.6999999999999997] [1:6] [-4.5549999999999997:4.8550000000000004] [1:6] [-0.048333333333333339:0.063333333333333325] [1:1] [0:4] [6.5199999999999996:7.0199999999999996] [2.3399999999999999:7.3499999999999996] [7.0999999999999996:66.400000000000006] [7.0999999999999996:77.900000000000006] [0:7.8499999999999996] [0:75] [0:88.900000000000006] [0:7.1699999999999999] [0:60] [0:75] [0:8.25] [0:64.900000000000006] [0:75] [0.12:0.23000000000000001] [15.4:92.299999999999997] [0:73.299999999999997] [0:62.5] [0:100] [0:50] [0:62.5] [45:60] [1:6] [-0.12833333333333297:0.083333333333333037] [1:6] [-2.5249999999999995:1.8833333333333329] [1:6] [-24.516666666666673:26.699999999999999] [1:6] [-38.266666666666666:26.13333333333334] [1:6] [-6.1316666666666668:3.9133333333333336] [1:6] [-3.7833333333333332:2.6449999999999996] [1:6] [-2.6000000000000005:3.5533333333333337] [1:6] [-0.045000000000000012:0.049999999999999989]
tree_sizes=737 738 664 724 745 767 638 772 641 764 745 558 744 729 750 744 729 709 762 844 727 653 762 767 764 757 850 765 856 886 743 641 771 779 635 663 782 762 749 753 660 778 754 779 785 727 779 743 732 765 756 561 765 765 786 849 765 746 883 762 774 852 732 768 679 634 755 783 750 827 659 657 753 739 733 640 783 720 753 767 875 738 731 769 864 864 643 765 890 877 752 787 884 866 902 756 769 765 747 753 755 659 792 802 758 679 641 769 772 861 784 789 889 647 769 646 773 751 756 878 777 858 776 774 752 863 741 686 895 765 778 644 776 773 757 900 771 771 756 791 761 644 769 662 779 888 663 772 765 792 768 785 755 752 800 752 645 747 661 775 789 886 863 905 783 892 659 758 872 874 762 776 867 657 775 780 654 761 866 649 778 663 707 873 885 910 889 674 759 642 772 866 915 664 788 899 672 865 758 778

Tree=0
num_leaves=7
num_cat=0
split_feature=37 71 38 101 39 76
split_gain=488855 93308.2 108300 44986.3 13217.6 2445.1
threshold=-5.5583333333333327 2.5000000000000004 4.5000000000000009 73.15000000000002 0.49083333333333329 8.6250000000000053
decision_type=2 2 2 2 2 2
left_child=-1 2 -2 4 -3 -6
right_child=1 3 -4 -5 5 -7
leaf_value=117.06323333749148 113.5142400780974 107.75130917964402 107.94621760781075 109.17795426606899 106.4830972527985 105.54726474061862
leaf_weight=19 15.999999999999998 14.999999999999998 19 23 14.999999999999998 19
leaf_count=19 16 15 19 23 15 19
internal_value=109.694 108.38 110.496 107.352 106.497 105.95
internal_weight=126 107 35 72 49 34
internal_count=126 107 35 72 49 34
is_linear=0
shrinkage=1


Tree=1
num_leaves=7
num_cat=0
split_feature=35 71 39 101 38 71
split_gain=328527 65229.9 50998.2 37962.6 14527 6133.1
threshold=-3.0249999999999999 2.5000000000000004 0.71583333333333343 78.100000000000009 3.5000000000000004 4.5000000000000009
decision_type=2 2 2 2 2 2
left_child=-1 2 -2 4 -3 -6
right_child=1 3 -4 -5 5 -7
leaf_value=5.2332405269609694 2.7993062234082764 -1.3142161792477234 -1.136651812073934 -0.17544327053413575 -2.448059884415871 -3.6984993707566036
leaf_weight=24 14.999999999999998 14.999999999999998 18 21 19 23
leaf_count=24 15 15 18 21 19 23
internal_value=-0.0587163 -1.20665 0.655321 -1.9943 -2.66284 -3.1401
internal_weight=135 111 33 78 57 42
internal_count=135 111 33 78 57 42
is_linear=0
shrinkage=0.05


Tree=2
num_leaves=6
num_cat=0
split_feature=35 72 101 76 33
split_gain=371127 60659.7 30060.3 14587 1800.45
threshold=-3.0249999999999999 -0.20166666666666663 73.15000000000002 4.058333333333338 0.81083333333333363
decision_type=2 2 2 2 2
left_child=-1 -2 3 -3 -5
right_child=1 2 -4 4 -6
leaf_value=5.6589190702417715 0.61269737707380578 -1.4318328656024812 -0.55083294121217941 -2.7640015065275283 -3.5460128751152009
leaf_weight=23 29 15.999999999999998 23 14.999999999999998 23
leaf_count=23 29 16 23 15 23
internal_value=-0.08428 -1.33465 -2.06798 -2.71186 -3.24552
internal_weight=129 106 77 54 38
internal_count=129 106 77 54 38
is_linear=0
shrinkage=0.05


Tree=3
num_leaves=7
num_cat=0
split_feature=35 31 101 3 39 76
split_gain=348141 144588 46749.3 35089.3 30177.4 3547.35
threshold=-0.36666666666666708 0.0091666666666654368 73.15000000000002 3.5000000000000004 0.49083333333333329 8.6250000000000053
decision_type=2 2 2 2 2 2
left_child=1 -1 4 -4 -2 -6
right_child=2 -3 3 -5 5 -7
leaf_value=1.1946413202435557 -0.58177672980343487 7.4471789944896374 -1.7090305315737693 1.5553302485639877 -2.5329480812262699 -3.4774935290588078
leaf_weight=19 19 18 14.999999999999998 18 24 20
leaf_count=19 19 18 15 18 24 20
internal_value=0.134434 4.24843 -1.45389 0.0706984 -2.2514 -2.96931
internal_weight=133 37 96 33 63 44
internal_count=133 37 96 33 63 44
is_linear=0
shrinkage=0.05


Tree=4
num_leaves=7
num_cat=0
split_feature=35 33 78 70 71 63
split_gain=338254 59163.8 71117.1 21910.4 15603 10326.4
threshold=-3.0249999999999999 0.8691666666666672 -0.22916666666666649 0.025000000000000359 3.5000000000000004 43.150000000000006
decision_type=2 2 2 2 2 2
left_child=-1 2 -2 5 -3 -4
right_child=1 4 3 -5 -6 -7
leaf_value=5.3708387958101067 2.9464797386270489 -1.2980836645287661 -0.85143816931205873 0.4882625429253829 -3.1362558011906856 -2.6264639475330802
leaf_weight=25 14.999999999999998 20 17 17 28 15.999999999999998
leaf_count=25 15 20 17 17 28 16
internal_value=0.120009 -1.04536 -0.0614367 -0.967991 -2.37475 -1.71754
internal_weight=138 113 65 50 48 33
internal_count=138 113 65 50 48 33
is_linear=0
shrinkage=0.05


Tree=5
num_leaves=7
num_cat=0
split_feature=35 38 78 45 101 111
split_gain=304334 52360.7 69332.9 30557.1 16396.4 2583.79
threshold=-3.0249999999999999 4.5000000000000009 0.20416666666666619 0.0024999999999999888 73.15000000000002 1.0000000180025095e-35
decision_type=2 2 2 2 2 2
left_child=-1 2 -2 -4 5 -3
right_child=1 4 3 -5 -6 -7
leaf_value=4.9324020360164722 2.9648316250731614 -2.9970167611149834 -2.2969908011468099 0.65112455285937587 -0.95185282413776096 -2.1166920074563946
leaf_weight=26 14.999999999999998 24 21 14.999999999999998 22 14.999999999999998
leaf_count=26 15 24 21 15 22 15
internal_value=0.0697612 -1.06241 0.120048 -1.07007 -2.04969 -2.66484
internal_weight=138 112 51 36 61 39
internal_count=138 112 51 36 61 39
is_linear=0
shrinkage=0.05


Tree=6
num_leaves=6
num_cat=0
split_feature=37 78 45 75 95
split_gain=257471 65195.8 25135.6 10638.5 4538.42
threshold=-5.5583333333333327 -0.36916666666666659 0.0033333333333333414 4.5000000000000009 32.750000000000007
decision_type=2 2 2 2 2
left_child=-1 -2 3 4 -3
right_child=1 2 -4 -5 -6
leaf_value=5.7508895115545613 1.2289098020125964 -2.0285591462899371 0.024703296441682347 -2.7760952238510512 -0.86525459010698624
leaf_weight=17 28 17 19 28 17
leaf_count=17 28 17 19 28 17
internal_value=0.0463673 -0.847739 -1.56628 -2.05318 -1.4513
internal_weight=126 109 81 62 34
internal_count=126 109 81 62 34
is_linear=0
shrinkage=0.05


Tree=7
num_leaves=7
num_cat=0
split_feature=35 89 67 84 23 106
split_gain=204776 42069.6 49592.7 12263.4 8721.3 2611.57
threshold=-3.0249999999999999 31.500000000000004 10.800000000000002 -1.0000000180025095e-35 77.750000000000014 1.0000000180025095e-35
decision_type=2 2 2 2 2 2
left_child=-1 3 4 5 -3 -2
right_child=1 2 -4 -5 -6 -7
leaf_value=4.1324339435308302 -2.0294233742708001 -0.26338150927562592 2.1273248798939401 -0.85101409365671765 -1.9176816073077463 -2.9367532740088662
leaf_weight=24 15.999999999999998 14.999999999999998 18 15.999999999999998 17 19
leaf_count=24 16 15 18 16 17 19
internal_value=-0.00919431 -0.996507 0.0344344 -2.00542 -1.14562 -2.52908
internal_weight=125 101 50 51 32 35
internal_count=125 101 50 51 32 35
is_linear=0
shrinkage=0.05


Tree=8
num_leaves=6
num_cat=0
split_feature=37 78 102 84 75
split_gain=219660 66409.5 21822.4 15829.3 6853.05
threshold=-5.5583333333333327 -0.39083333333333264 50.850000000000009 -0.00083333333333333859 4.5000000000000009
decision_type=2 2 2 2 2
left_child=-1 -2 3 4 -3
right_child=1 2 -4 -5 -6
leaf_value=4.9959303181832997 1.3716005604205534 -1.6801251899574603 0.04102686163018511 -0.72199802950236469 -2.9022169120197372
leaf_weight=19 27 21 19 21 27
leaf_count=19 27 21 19 21 27
internal_value=0.0300998 -0.793926 -1.45921 -1.87185 -2.37226
internal_weight=134 115 88 69 48
internal_count=134 115 88 69 48
is_linear=0
shrinkage=0.05


Tree=9
num_leaves=7
num_cat=0
split_feature=37 45 41 76 21 83
split_gain=175010 38835.1 25186.5 5942.13 3265.54 793.327
threshold=-5.5583333333333327 0.0033333333333333414 -0.41250000000000003 3.1750000000000012 52.550000000000004 2.5000000000000004
decision_type=2 2 2 2 2 2
left_child=-1 2 -2 4 -4 -5
right_child=1 -3 3 5 -6 -7
leaf_value=4.1509707303782601 0.11930378580567846 0.80714552150779506 -1.8798068890396835 -2.6827722584979128 -0.88259312005232504 -2.1065527631747014
leaf_weight=20 20 25 19 16.000000000000004 14.999999999999998 14.999999999999998
leaf_count=20 20 25 19 16 15 15
internal_value=-0.13944 -0.922622 -1.43179 -1.90857 -1.44388 -2.41179
internal_weight=130 110 85 65 34 31
internal_count=130 110 85 65 34 31
is_linear=0
shrinkage=0.05


Tree=10
num_leaves=7
num_cat=0
split_feature=37 38 78 64 101 27
split_gain=167589 35665.3 51423.8 14009.3 10654.8 2924.29
threshold=-5.5583333333333327 4.5000000000000009 0.46833333333333288 39.20000000000001 73.15000000000002 24.600000000000005
decision_type=2 2 2 2 2 2
left_child=-1 2 -2 -4 5 -3
right_child=1 4 3 -5 -6 -7
leaf_value=4.0914697039779737 2.340292898256179 -2.5322462857511532 -1.9177470991124654 0.087090752583853195 -0.78256858813254182 -1.6151145890848526
leaf_weight=20 17 24 19 15.999999999999998 21 14.999999999999998
leaf_count=20 17 24 19 16 21 15
internal_value=-0.112769 -0.866551 0.0919808 -1.00347 -1.69613 -2.18466
internal_weight=132 112 52 35 60 39
internal_count=132 112 52 35 60 39
is_linear=0
shrinkage=0.05


Tree=11
num_leaves=5
num_cat=0
split_feature=37 69 101 72
split_gain=176986 33762.4 27234.8 7688.12
threshold=-5.5583333333333327 4.5000000000000009 73.15000000000002 0.44416666666666732
decision_type=2 2 2 2
left_child=-1 2 3 -2
right_child=1 -3 -4 -5
leaf_value=4.3535857850639381 -1.2605792242112634 0.78505691021570856 0.056527264267756054 -2.4421434015752528
leaf_weight=20 27 27 27 29
leaf_count=20 27 27 27 29
internal_value=0.0390925 -0.748557 -1.24785 -1.87581
internal_weight=130 110 83 56
internal_count=130 110 83 56
is_linear=0
shrinkage=0.05


Tree=12
num_leaves=7
num_cat=0
split_feature=35 31 63 37 78 70
split_gain=152855 117353 37348 13613.5 9100.04 2348.81
threshold=-0.36666666666666708 0.015833333333333591 26.600000000000005 11.91666666666667 0.94833333333333336 -0.015000000000000123
decision_type=2 2 2 2 2 2
left_child=1 -1 -2 4 -4 -5
right_child=2 -3 3 5 -6 -7
leaf_value=0.14830676661201969 1.2300913745572108 5.7061311715215615 -0.15632654416115949 -2.4652758286462575 -1.6667357743134972 -1.6322272176327912
leaf_weight=20 15.999999999999998 18 24 21 17 15.999999999999998
leaf_count=20 16 18 24 21 17 16
internal_value=0.117272 2.78916 -0.964616 -1.41587 -0.785247 -2.11054
internal_weight=132 38 94 78 41 37
internal_count=132 38 94 78 41 37
is_linear=0
shrinkage=0.05


Tree=13
num_leaves=7
num_cat=0
split_feature=33 31 101 76 41 9
split_gain=160854 144529 33475.8 11496.4 11271.4 993.492
threshold=0.11583333333333369 0.0091666666666654368 78.100000000000009 3.1750000000000012 -0.06083333333333351 6.7750000000000012
decision_type=2 2 2 2 2 2
left_child=1 -1 3 4 -2 -5
right_child=2 -3 -4 5 -6 -7
leaf_value=0.15115390190711389 0.19254523429846923 6.2802158448431227 0.64334257489912738 -2.3969710232918717 -1.6595078552625457 -1.8446699168347664
leaf_weight=22 14.999999999999998 17 24 17 18 22
leaf_count=22 15 17 24 17 18 22
internal_value=0.128436 2.83215 -0.971701 -1.51026 -0.819476 -2.09106
internal_weight=135 39 96 72 33 39
internal_count=135 39 96 72 33 39
is_linear=0
shrinkage=0.05


Tree=14
num_leaves=7
num_cat=0
split_feature=37 72 39 35 101 9
split_gain=121423 38888.4 44694.6 15756.2 6064.6 1954.82
threshold=-5.5583333333333327 -0.20166666666666663 0.78833333333333411 1.0000000180025095e-35 73.15000000000002 6.7750000000000012
decision_type=2 2 2 2 2 2
left_child=-1 2 -2 -3 5 -5
right_child=1 3 -4 4 -6 -7
leaf_value=3.7450318478747628 2.7885995744869412 0.21298193307901855 -0.94518954893301788 -2.2525396175294126 -0.81987907224924772 -1.5810712752214338
leaf_weight=18 14.999999999999998 14.999999999999998 17 21 19 26
leaf_count=18 15 15 17 21 19 26
internal_value=-0.0572694 -0.665766 0.808103 -1.24837 -1.5804 -1.88534
internal_weight=131 113 32 81 66 47
internal_count=131 113 32 81 66 47
is_linear=0
shrinkage=0.05


Tree=15
num_leaves=7
num_cat=0
split_feature=35 104 119 38 76 6
split_gain=103572 45262.4 14230.5 10028.5 15613.3 1790.91
threshold=-3.0249999999999999 41.600000000000001 -0.53500000000000003 4.5000000000000009 3.1750000000000012 2.5000000000000004
decision_type=2 2 2 2 2 2
left_child=-1 2 -2 4 -4 -5
right_child=1 -3 3 5 -6 -7
leaf_value=3.0164428125814613 0.21273640611553721 1.6498426759742317 0.46595349501300326 -1.4875390666270114 -1.8089247358555824 -2.1970714733071994
leaf_weight=25 18 19 15.000000000000002 17 14.999999999999998 22
leaf_count=25 18 19 15 17 15 22
internal_value=0.128178 -0.55517 -1.03812 -1.36434 -0.67355 -1.89251
internal_weight=131 106 87 69 30 39
internal_count=131 106 87 69 30 39
is_linear=0
shrinkage=0.05


Tree=16
num_leaves=7
num_cat=0
split_feature=35 31 63 101 48 39
split_gain=95176.7 116487 28507 10695.8 4263.93 1453.47
threshold=-0.36666666666666708 0.0091666666666654368 26.600000000000005 79.450000000000017 6.8250000000000011 1.9108333333333336
decision_type=2 2 2 2 2 2
left_child=1 -1 -2 4 5 -4
right_child=2 -3 3 -5 -6 -7
leaf_value=-0.64264588938021538 0.89661720681585655 4.9592243299464496 -1.657945714265237 -0.19587003006572612 -1.0504053138499885 -2.3092574729682496
leaf_weight=19 18 18 23 17 22 15.999999999999998
leaf_count=19 18 18 23 17 22 16
internal_value=-0.0626201 2.08848 -0.893051 -1.30673 -1.61541 -1.9305
internal_weight=133 37 96 78 61 39
internal_count=133 37 96 78 61 39
is_linear=0
shrinkage=0.05


Tree=17
num_leaves=7
num_cat=0
split_feature=113 31 16 15 12 33
split_gain=82545 45986.8 17726 11982.6 4726.3 3696.04
threshold=14.416666666666668 0.043333333333333453 4.8100000000000014 42.45000000000001 57.100000000000001 1.0983333333333334
decision_type=2 2 2 2 2 2
left_child=1 2 -1 -4 -5 -6
right_child=-2 -3 3 4 5 -7
leaf_value=0.19467409327948765 2.8950324684826296 1.7327472765801362 -0.2738818117762139 -2.4586659269723281 -0.96813727706225938 -1.9649167203112858
leaf_weight=23 20 18 18 17 20 18
leaf_count=23 20 18 18 17 20 18
internal_value=-0.0594717 -0.579933 -1.01496 -1.3959 -1.76185 -1.44435
internal_weight=134 114 96 73 55 38
internal_count=134 114 96 73 55 38
is_linear=0
shrinkage=0.05


Tree=18
num_leaves=7
num_cat=0
split_feature=0 101 25 17 72 59
split_gain=83501.7 42259.9 47732.5 9570.96 9424.11 2462.3
threshold=430.50000000000006 73.950000000000003 41.050000000000004 28.700000000000006 0.30249999999999982 34.350000000000001
decision_type=2 2 2 2 2 2
left_child=-1 3 -3 4 -2 -5
right_child=1 2 -4 5 -6 -7
leaf_value=3.2361222763305273 0.020784349887691744 2.6835577751538766 -0.73120741555699242 -2.2744259624560348 -1.6952532692460824 -1.4784169630780404
leaf_weight=14.999999999999998 17 15.999999999999998 28 24 14.999999999999998 18
leaf_count=15 17 16 28 24 15 18
internal_value=-0.265155 -0.712638 0.513681 -1.44158 -0.786228 -1.93772
internal_weight=133 118 44 74 32 42
internal_count=133 118 44 74 32 42
is_linear=0
shrinkage=0.05


Tree=19
num_leaves=8
num_cat=0
split_feature=113 31 41 17 105 10 37
split_gain=96635.2 54249.5 21660.3 12633.7 5575.67 8131.97 6641.88
threshold=14.416666666666668 0.043333333333333453 -0.41250000000000003 26.250000000000004 17.500000000000004 5.5750000000000011 11.91666666666667
decision_type=2 2 2 2 2 2 2
left_child=1 2 -1 -4 6 -6 -5
right_child=-2 -3 3 4 5 -7 -8
leaf_value=0.55304833170193346 3.3478938088991259 2.0464128635206271 0.035686295237762254 -0.35930024881540623 -2.887450914193463 -1.3360911314760273 -1.7798988174973873
leaf_weight=20 19 18 14.999999999999998 15.999999999999998 14.999999999999998 20 17
leaf_count=20 19 18 15 16 15 20 17
internal_value=0.042527 -0.478792 -0.921696 -1.27735 -1.5667 -2.00743 -1.09444
internal_weight=140 121 103 83 68 35 33
internal_count=140 121 103 83 68 35 33
is_linear=0
shrinkage=0.05


Tree=20
num_leaves=7
num_cat=0
split_feature=113 71 38 101 76 90
split_gain=94195.6 45765.8 50251.8 13735 5158.53 3477.73
threshold=14.416666666666668 2.5000000000000004 4.5000000000000009 73.15000000000002 4.058333333333338 39.20000000000001
decision_type=2 2 2 2 2 2
left_child=1 2 -1 4 -3 -6
right_child=-2 3 -4 -5 5 -7
leaf_value=3.1271628367190329 3.3036501541651422 -0.93126424280978037 -0.69113125884117765 -0.26976341101516216 -1.4886531269965479 -2.4525080511083153
leaf_weight=14.999999999999998 18 18 20 27 20 19
leaf_count=15 18 18 20 27 20 19
internal_value=-0.0570154 -0.56774 0.949385 -1.20031 -1.63977 -1.96342
internal_weight=137 119 35 84 57 39
internal_count=137 119 35 84 57 39
is_linear=0
shrinkage=0.05


Tree=21
num_leaves=6
num_cat=0
split_feature=37 38 52 84 80
split_gain=77691.9 28855 39507.7 4878.48 1869.83
threshold=-5.5583333333333327 4.5000000000000009 5.285000000000001 0.0025000000000000027 0.26166666666666677
decision_type=2 2 2 2 2
left_child=-1 2 -2 4 -3
right_child=1 3 -4 -5 -6
leaf_value=3.0112953828843261 1.7208838728195861 -1.3065877113507423 -0.95845529082714487 -0.64201913609433525 -2.0287820431016246
leaf_weight=18 26 23 29 20 15.999999999999998
leaf_count=18 26 23 29 20 16
internal_value=-0.0319961 -0.514778 0.308875 -1.2819 -1.60743
internal_weight=132 114 55 59 39
internal_count=132 114 55 59 39
is_linear=0
shrinkage=0.05


Tree=22
num_leaves=7
num_cat=0
split_feature=33 31 74 37 80 26
split_gain=65816.6 115920 22090.5 10132.7 1908.44 1298.73
threshold=0.11583333333333369 0.0091666666666654368 -9.8833333333333293 7.8999999999999959 0.50000000000000011 31.700000000000006
decision_type=2 2 2 2 2 2
left_child=1 -1 -2 -4 5 -5
right_child=2 -3 3 4 -6 -7
leaf_value=-0.53477477908629101 1.0708227975479025 4.850351641470926 -0.24198955633143937 -1.5698417237086324 -1.9022430154661469 -0.96493381590864757
leaf_weight=24 14.999999999999998 17 28 15.999999999999998 14.999999999999998 22
leaf_count=24 15 17 28 16 15 22
internal_value=0.0297527 1.70433 -0.686408 -1.0128 -1.41871 -1.22321
internal_weight=137 41 96 81 53 38
internal_count=137 41 96 81 53 38
is_linear=0
shrinkage=0.05


Tree=23
num_leaves=7
num_cat=0
split_feature=35 31 72 37 83 97
split_gain=72100.7 82084.2 17252.5 6054.48 6451.38 2579.54
threshold=1.0000000180025095e-35 0.0091666666666654368 -0.65666666666666684 9.2749999999999968 2.5000000000000004 5.1250000000000009
decision_type=2 2 2 2 2 2
left_child=1 -1 -2 4 -4 -5
right_child=2 -3 3 5 -6 -7
leaf_value=-0.18407421483621969 0.7081420122466473 4.3891137661292543 -1.2999375463321508 -1.9157176252435015 0.13990698789957887 -1.1309306244451212
leaf_weight=23 15.999999999999998 17 15.000000000000002 19 15.999999999999998 25
leaf_count=23 16 17 15 19 16 25
internal_value=-0.00114647 1.7655 -0.778837 -1.09665 -0.558571 -1.4735
internal_weight=131 40 91 75 31 44
internal_count=131 40 91 75 31 44
is_linear=0
shrinkage=0.05


Tree=24
num_leaves=7
num_cat=0
split_feature=33 31 101 84 57 9
split_gain=75945 92769.4 21589.5 5604.56 1639.56 1363.27
threshold=0.11583333333333369 0.0091666666666654368 78.100000000000009 0.0025000000000000027 53.850000000000001 6.785000000000001
decision_type=2 2 2 2 2 2
left_child=1 -1 3 4 5 -2
right_child=2 -3 -4 -5 -6 -7
leaf_value=-0.2410996243964493 -1.5200518151988149 4.7523806862209161 0.60322895449211156 -0.45985902236468762 -1.7677512053287392 -0.84385133700457637
leaf_weight=22 16.000000000000004 15.999999999999998 22 20 23 14.999999999999998
leaf_count=22 16 16 22 20 23 15
internal_value=-0.0207817 1.86824 -0.769738 -1.17825 -1.44288 -1.19678
internal_weight=134 38 96 74 54 31
internal_count=134 38 96 74 54 31
is_linear=0
shrinkage=0.05


Tree=25
num_leaves=7
num_cat=0
split_feature=122 92 41 16 66 12
split_gain=53664.5 68484.1 31490.9 17374.2 5436.25 5061.8
threshold=2.5000000000000004 45.150000000000006 -0.41250000000000003 5.205000000000001 10.250000000000002 57.100000000000001
decision_type=2 2 2 2 2 2
left_child=1 3 -2 -1 -4 -6
right_child=2 -3 4 -5 5 -7
leaf_value=1.2411922642903299 0.94787766617056313 4.0050724615961872 -0.4305471360288709 -1.0165866590995154 -2.0064245044956723 -1.0023580139376727
leaf_weight=15.999999999999998 21 15.999999999999998 14.999999999999998 18 26 25
leaf_count=16 21 16 15 18 26 25
internal_value=0.0147829 1.31866 -0.735165 0.046275 -1.27138 -1.51726
internal_weight=137 50 87 34 66 51
internal_count=137 50 87 34 66 51
is_linear=0
shrinkage=0.05


Tree=26
num_leaves=8
num_cat=0
split_feature=101 25 41 97 37 64 63
split_gain=49527.6 56288.5 26956 19235.8 4256.21 2280 2186.03
threshold=73.15000000000002 41.050000000000004 -0.31749999999999984 5.1450000000000005 3.1999999999999997 19.500000000000004 47.600000000000001
decision_type=2 2 2 2 2 2 2
left_child=2 -2 -1 -3 -4 -6 -7
right_child=1 3 4 -5 5 6 -8
leaf_value=0.82452873673426541 3.0664338103246909 0.93509357128924087 -2.0568809032440187 -1.5138403799508187 -1.5987180878784484 -0.44972096102976655 -1.2674788355827331
leaf_weight=19 22 17 14.999999999999998 14.999999999999998 14.999999999999998 17 15.999999999999998
leaf_count=19 22 17 15 15 15 17 16
internal_value=-0.048886 1.12568 -0.822871 -0.213828 -1.3203 -1.08622 -0.848992
internal_weight=136 54 82 32 63 48 33
internal_count=136 54 82 32 63 48 33
is_linear=0
shrinkage=0.05


Tree=27
num_leaves=7
num_cat=0
split_feature=35 70 68 37 23 92
split_gain=57722.3 21388.3 9846.81 8598.11 5789.55 1149.15
threshold=-3.0249999999999999 0.025000000000000359 52.500000000000007 11.91666666666667 68.500000000000014 34.250000000000007
decision_type=2 2 2 2 2 2
left_child=-1 2 3 -2 -4 -6
right_child=1 -3 4 -5 5 -7
leaf_value=2.2405219596921255 0.74325793877891855 0.82440213401970908 -0.4183265386269106 -0.91764784459246695 -1.2736508900253334 -1.8649015349630984
leaf_weight=26 16.000000000000004 28 17 14.999999999999998 20 15.999999999999998
leaf_count=26 16 28 17 15 20 16
internal_value=0.122843 -0.370277 -0.769069 -0.0606119 -1.18246 -1.54101
internal_weight=138 112 84 31 53 36
internal_count=138 112 84 31 53 36
is_linear=0
shrinkage=0.05


Tree=28
num_leaves=8
num_cat=0
split_feature=0 101 25 28 109 14 17
split_gain=50547.5 42784.6 35821 17944.6 6427.13 7221.2 1580.97
threshold=430.50000000000006 73.15000000000002 41.050000000000004 11.300000000000002 0.016666666666667055 30.050000000000004 30.350000000000005
decision_type=2 2 2 2 2 2 2
left_child=-1 4 -3 -4 5 -2 -7
right_child=1 2 3 -5 -6 6 -8
leaf_value=2.7064660908765354 0.048509654449009745 2.4704650244787723 0.88074459763047086 -1.5188483604532204 -1.893052986961099 -0.89456593653294425 -1.5598683222881338
leaf_weight=14.999999999999998 15.999999999999998 19 16.000000000000004 14.999999999999998 20 19 18
leaf_count=15 16 19 16 15 20 19 18
internal_value=-0.0237892 -0.358716 0.767091 -0.281338 -1.12988 -0.838773 -1.22169
internal_weight=138 123 50 31 73 53 37
internal_count=138 123 50 31 73 53 37
is_linear=0
shrinkage=0.05


Tree=29
num_leaves=8
num_cat=0
split_feature=113 71 0 0 13 115 12
split_gain=49441.6 29750.7 35661 7006.58 8775.28 7142.1 2978.89
threshold=14.416666666666668 2.5000000000000004 1988.0000000000002 1414.5000000000002 5.2950000000000008 -0.92500000000000415 59.000000000000007
decision_type=2 2 2 2 2 2 2
left_child=1 2 -1 6 -5 -6 -3
right_child=-2 3 -4 4 5 -7 -8
leaf_value=2.5521430000014926 2.2884793907848753 -2.004878455913619 -0.77705521509514097 0.2726097550530413 -0.28114873889266256 -1.8001819379581427 -1.0117261939907667
leaf_weight=15.999999999999998 20 15.000000000000002 15.999999999999998 20 15.000000000000002 15.999999999999998 15.999999999999998
leaf_count=16 20 15 16 20 15 16 16
internal_value=0.00187229 -0.400897 0.890153 -0.905253 -0.54303 -1.06859 -1.49735
internal_weight=134 114 32 82 51 31 31
internal_count=134 114 32 82 51 31 31
is_linear=0
shrinkage=0.05


Tree=30
num_leaves=7
num_cat=0
split_feature=33 26 63 28 27 72
split_gain=46065.3 69228.6 16744 5365.35 5374.01 1569.69
threshold=0.11583333333333369 29.700000000000003 26.600000000000005 12.250000000000002 18.900000000000002 0.4808333333333335
decision_type=2 2 2 2 2 2
left_child=1 -1 -2 4 -4 -5
right_child=2 -3 3 5 -6 -7
leaf_value=3.2220672392741943 0.97350221919697644 -1.0514853234616865 -0.96708842175347454 -1.5537764427786189 0.15159639825868368 -0.91477834342037811
leaf_weight=23 14.999999999999998 15.999999999999998 23 21 20 19
leaf_count=23 15 16 23 21 20 19
internal_value=0.0192642 1.47048 -0.55912 -0.836999 -0.447509 -1.25342
internal_weight=137 39 98 83 43 40
internal_count=137 39 98 83 43 40
is_linear=0
shrinkage=0.05


Tree=31
num_leaves=6
num_cat=0
split_feature=35 70 27 39 17
split_gain=59103.4 23072.6 7476.52 7703.89 2211.15
threshold=-3.0249999999999999 0.025000000000000359 22.350000000000005 0.90083333333333326 29.650000000000002
decision_type=2 2 2 2 2
left_child=-1 2 4 -4 -2
right_child=1 -3 3 -5 -6
leaf_value=2.4392990815693438 -0.76910949711400178 0.91666925300583524 0.49455509699510608 -0.91160791214043491 -1.4710938642115119
leaf_weight=22 19 26 18 21 29
leaf_count=22 19 26 18 21 29
internal_value=0.0743618 -0.387774 -0.77827 -0.262877 -1.19551
internal_weight=135 113 87 39 48
internal_count=135 113 87 39 48
is_linear=0
shrinkage=0.05


Tree=32
num_leaves=7
num_cat=0
split_feature=35 31 23 17 26 80
split_gain=42559.1 51401.3 8263.98 4759.63 2373.63 1856.01
threshold=1.0000000180025095e-35 -0.0024999999999999463 68.500000000000014 28.700000000000006 38.45000000000001 0.32750000000000018
decision_type=2 2 2 2 2 2
left_child=1 -1 -2 4 -4 -5
right_child=2 -3 3 5 -6 -7
leaf_value=-0.54447940793961125 0.20626459252510676 3.0800821215359133 0.032462693681780071 -0.98751643569443992 -0.8550453986158435 -1.6869152157511931
leaf_weight=19 22 20 15.000000000000002 28 14.999999999999998 14.999999999999998
leaf_count=19 22 20 15 28 15 15
internal_value=-0.0713951 1.31727 -0.642315 -0.898052 -0.412492 -1.23496
internal_weight=134 39 95 73 30 43
internal_count=134 39 95 73 30 43
is_linear=0
shrinkage=0.05


Tree=33
num_leaves=7
num_cat=0
split_feature=31 37 122 44 76 60
split_gain=40766.7 53640.1 21207.8 37680.5 14126.2 6509.44
threshold=0.029999999999999808 7.4916666666666716 2.5000000000000004 3.5000000000000004 6.2749999999999995 45.550000000000004
decision_type=2 2 2 2 2 2
left_child=2 -2 3 -1 5 -4
right_child=1 -3 4 -5 -6 -7
leaf_value=-0.76287479068178576 3.6040111077498205 -0.48094492491728036 0.3681397037106271 2.3982950208992357 -1.8804398506137401 -0.99713290648934716
leaf_weight=25 15.999999999999998 15.999999999999998 15.999999999999998 14.999999999999998 28 19
leaf_count=25 16 16 16 15 28 19
internal_value=0.0102066 1.56624 -0.474224 0.425464 -1.0453 -0.373595
internal_weight=135 32 103 40 63 35
internal_count=135 32 103 40 63 35
is_linear=0
shrinkage=0.05


Tree=34
num_leaves=6
num_cat=0
split_feature=31 91 16 105 11
split_gain=41053.6 47895.3 9516.35 10626 4771.26
threshold=0.015833333333333591 4.8800000000000008 4.9650000000000007 11.300000000000002 39.45000000000001
decision_type=2 2 2 2 2
left_child=2 -2 -1 -4 -5
right_child=1 -3 3 4 -6
leaf_value=0.049423520187466166 -0.79448149815903901 2.4521435915363217 -0.15325086973792879 -2.1999977524517571 -1.0373271570155758
leaf_weight=28 19 28 20 17 19
leaf_count=28 19 28 20 17 19
internal_value=-0.0411809 1.14067 -0.703085 -1.07885 -1.59108
internal_weight=131 47 84 56 36
internal_count=131 47 84 56 36
is_linear=0
shrinkage=0.05


Tree=35
num_leaves=6
num_cat=0
split_feature=35 78 45 113 87
split_gain=35508.9 9628.25 8832.53 3666.94 3729.12
threshold=-3.0249999999999999 -0.56833333333333325 0.0033333333333333414 1.8416666666666688 6.785000000000001
decision_type=2 2 2 2 2
left_child=-1 -2 3 4 -3
right_child=1 2 -4 -5 -6
leaf_value=1.5722904093591048 0.69034315717886696 -0.96840175958714869 0.24959860659832331 -1.3287484382026384 -0.046039768740617104
leaf_weight=27 15.999999999999998 28 22 29 18
leaf_count=27 16 28 22 29 18
internal_value=-0.0532995 -0.442806 -0.630287 -0.888442 -0.608469
internal_weight=140 113 97 75 46
internal_count=140 113 97 75 46
is_linear=0
shrinkage=0.05


Tree=36
num_leaves=7
num_cat=0
split_feature=122 37 41 37 31 113
split_gain=34968.2 61218 24822.8 7873.68 1339.44 1651.1
threshold=2.5000000000000004 8.5083333333333346 -0.41250000000000003 0.50000000000000011 -0.029999999999999801 -2.8416666666666646
decision_type=2 2 2 2 2 2
left_child=1 -1 -2 -4 -5 -6
right_child=2 -3 3 4 5 -7
leaf_value=2.6599769539680347 1.0118520067000263 -0.73877041355309725 -1.9981719852234265 -1.1010160576482737 -0.17114556342918685 -0.87008475177195832
leaf_weight=28 19 25 15.999999999999998 15.999999999999998 15.999999999999995 18.000000000000004
leaf_count=28 19 25 16 16 16 18
internal_value=0.0514677 1.05833 -0.576787 -1.03504 -0.72336 -0.542785
internal_weight=138 53 85 66 50 34
internal_count=138 53 85 66 50 34
is_linear=0
shrinkage=0.05


Tree=37
num_leaves=7
num_cat=0
split_feature=28 88 74 63 95 116
split_gain=21624.7 47254.5 20067.2 5068.37 4528.28 4372.9
threshold=6.0500000000000016 5.0850000000000009 -9.1333333333333311 44.20000000000001 32.300000000000004 3.5000000000000004
decision_type=2 2 2 2 2 2
left_child=1 -1 -2 4 -4 -5
right_child=2 -3 3 5 -6 -7
leaf_value=-0.86629223544876288 0.99048343215669898 2.3324994347312233 -1.0799779115133725 -0.70593671337115893 0.14546484177475735 -1.7603524387130105
leaf_weight=23 15.999999999999998 23 15.000000000000002 17 14.999999999999998 24
leaf_count=23 16 23 15 17 15 24
internal_value=-0.141179 0.734585 -0.604597 -0.965009 -0.468643 -1.32606
internal_weight=133 46 87 71 30 41
internal_count=133 46 87 71 30 41
is_linear=0
shrinkage=0.05


Tree=38
num_leaves=7
num_cat=0
split_feature=113 31 109 16 33 57
split_gain=46339.6 37971 11785.3 7410.23 5979.66 1478.01
threshold=14.416666666666668 0.043333333333333453 -0.06250000000000043 4.9650000000000007 0.11583333333333369 51.95000000000001
decision_type=2 2 2 2 2 2
left_child=1 2 -1 -4 -5 -6
right_child=-2 -3 3 4 5 -7
leaf_value=0.6151123250057684 2.6222202189484531 2.08176513384588 -0.039969702355273355 -1.9587208968914109 -0.42988953512183753 -1.0383748602582163
leaf_weight=18 17 15.999999999999998 23 14.999999999999998 17 25
leaf_count=18 17 16 23 15 17 25
internal_value=0.195008 -0.168881 -0.538132 -0.798119 -1.10335 -0.793808
internal_weight=131 114 98 80 57 42
internal_count=131 114 98 80 57 42
is_linear=0
shrinkage=0.05


Tree=39
num_leaves=7
num_cat=0
split_feature=113 71 0 53 28 117
split_gain=28908.1 23889.5 32578.7 4602.33 10075.1 5133.16
threshold=14.416666666666668 2.5000000000000004 2343.0000000000005 33.100000000000001 6.6500000000000012 0.057500000000000558
decision_type=2 2 2 2 2 2
left_child=1 2 -1 -3 -5 -6
right_child=-2 3 -4 4 5 -7
leaf_value=2.3393833979528549 1.7456253853603378 -1.2987068003182733 -0.74808200076658127 0.58771202933314626 -0.45486082130225536 -1.6554900609894305
leaf_weight=17 20 28 17 14.999999999999998 22 14.999999999999998
leaf_count=17 20 28 17 15 22 15
internal_value=-0.00276815 -0.310809 0.797837 -0.782454 -0.502416 -0.944887
internal_weight=134 114 34 80 52 37
internal_count=134 114 34 80 52 37
is_linear=0
shrinkage=0.05


Tree=40
num_leaves=6
num_cat=0
split_feature=29 69 80 99 11
split_gain=32486.5 15974.4 7700.41 8917.27 7293.25
threshold=56.500000000000007 4.5000000000000009 -1.0000000180025095e-35 47.750000000000007 38.050000000000004
decision_type=2 2 2 2 2
left_child=1 2 3 -1 -4
right_child=-2 -3 4 -5 -6
leaf_value=0.71151332871013928 1.6710388388568997 0.60309277866234556 -1.8511747095379893 -0.91445594158472177 -0.62229091186365082
leaf_weight=14.999999999999998 22 28 22 19 27
leaf_count=15 22 28 22 19 27
internal_value=-0.0797553 -0.427996 -0.776201 -0.196987 -1.17678
internal_weight=133 111 83 34 49
internal_count=133 111 83 34 49
is_linear=0
shrinkage=0.05


Tree=41
num_leaves=7
num_cat=0
split_feature=35 67 37 23 23 121
split_gain=43411.9 9651 14053.9 5443.6 1842.25 715.949
threshold=-3.0249999999999999 10.800000000000002 8.5083333333333346 68.500000000000014 86.700000000000017 -0.1916666666666664
decision_type=2 2 2 2 2 2
left_child=-1 3 -3 -2 5 -5
right_child=1 2 -4 4 -6 -7
leaf_value=1.9120679255837718 -0.1463710037351845 1.3187943397841835 -0.80483615879980952 -1.0844324072070466 -1.4894111139732493 -0.5948552975003023
leaf_weight=24 24 16.000000000000004 14.999999999999998 15.000000000000002 17 15.999999999999998
leaf_count=24 24 16 15 15 17 16
internal_value=0.00150928 -0.445044 0.291787 -0.762324 -1.06925 -0.834633
internal_weight=127 103 31 72 48 31
internal_count=127 103 31 72 48 31
is_linear=0
shrinkage=0.05


Tree=42
num_leaves=7
num_cat=0
split_feature=30 70 25 86 59 116
split_gain=21583.6 42096.1 16993.5 16802.7 6899.96 2812.48
threshold=2.5000000000000004 0.010833333333333252 41.050000000000004 1.0000000180025095e-35 34.350000000000001 3.5000000000000004
decision_type=2 2 2 2 2 2
left_child=4 2 3 -2 -1 -4
right_child=1 -3 5 -5 -6 -7
leaf_value=-1.3985426878755034 -0.38982505657910055 2.4746317105767615 -0.48203961470269213 1.8428250919114675 -0.22365233233341805 -1.4133018563434645
leaf_weight=29 19 19 14.999999999999998 14.999999999999998 22 18
leaf_count=29 19 19 15 15 22 18
internal_value=-0.0792371 0.403913 -0.186044 0.597537 -0.893255 -0.992887
internal_weight=137 86 67 34 51 33
internal_count=137 86 67 34 51 33
is_linear=0
shrinkage=0.05


Tree=43
num_leaves=7
num_cat=0
split_feature=122 26 41 37 6 6
split_gain=23825.4 43448.6 12965.8 4935.28 2243.2 985.556
threshold=2.5000000000000004 29.700000000000003 -0.35416666666666691 0.50000000000000011 2.5000000000000004 5.5000000000000009
decision_type=2 2 2 2 2 2
left_child=1 -1 -2 -4 -5 -6
right_child=2 -3 3 4 5 -7
leaf_value=2.780236184004262 0.53301030403064897 -0.40875151769411516 -1.6900986121979771 -0.164920498384452 -1.1874513388074783 -0.61508506469845026
leaf_weight=18 21 26 14.999999999999998 15.999999999999998 15.000000000000002 15.999999999999998
leaf_count=18 21 26 15 16 15 16
internal_value=-0.0402731 0.899067 -0.538779 -0.902159 -0.647529 -0.895125
internal_weight=127 44 83 62 47 31
internal_count=127 44 83 62 47 31
is_linear=0
shrinkage=0.05


Tree=44
num_leaves=7
num_cat=0
split_feature=35 122 70 83 118 74
split_gain=30779.6 38080.3 10897.5 3802.8 7068.74 1407.17
threshold=1.0000000180025095e-35 2.5000000000000004 0.034166666666666685 2.5000000000000004 2.5000000000000004 6.0999999999999988
decision_type=2 2 2 2 2 2
left_child=1 -1 3 5 -5 -2
right_child=2 -3 -4 4 -6 -7
leaf_value=3.1313429157185997 -1.3674587292386997 -0.21425005454384821 0.8426680547906864 0.57105416634816997 -0.77913806388752593 -0.73168090972290856
leaf_weight=15.999999999999998 14.999999999999998 18 14.999999999999998 14.999999999999998 27 22
leaf_count=16 15 18 15 15 27 22
internal_value=0.0775994 1.36457 -0.388801 -0.623458 -0.296597 -0.992555
internal_weight=128 34 94 79 42 37
internal_count=128 34 94 79 42 37
is_linear=0
shrinkage=0.05


Tree=45
num_leaves=7
num_cat=0
split_feature=29 28 89 102 10 3
split_gain=31816 12508 28709.9 7573.13 2544.49 1319.06
threshold=56.500000000000007 6.0500000000000016 38.850000000000001 30.550000000000001 5.5750000000000011 3.5000000000000004
decision_type=2 2 2 2 2 2
left_child=1 2 -1 -3 -5 -6
right_child=-2 3 -4 4 5 -7
leaf_value=-0.6772734104103072 1.8266180674235024 0.12443876124140041 2.1035069895106435 -1.4795355482251231 -1.0458045443315156 -0.4353000081422036
leaf_weight=24 20 20 14.999999999999998 19 19 17
leaf_count=24 20 20 15 19 19 17
internal_value=-0.00761161 -0.330769 0.394774 -0.708141 -1.01066 -0.759654
internal_weight=134 114 39 75 55 36
internal_count=134 114 39 75 55 36
is_linear=0
shrinkage=0.05


Tree=46
num_leaves=7
num_cat=0
split_feature=113 16 104 105 92 10
split_gain=24424.5 15976.6 22596.6 12538 9706.74 6672.11
threshold=14.416666666666668 4.870000000000001 22.750000000000004 17.500000000000004 31.400000000000002 5.6050000000000013
decision_type=2 2 2 2 2 2
left_child=1 2 -1 4 -3 -5
right_child=-2 3 -4 5 -6 -7
leaf_value=-0.73608066582855602 1.5848948628490507 -0.70597605131209118 1.9136652928701836 -2.1695676108417303 0.87598180976135043 -0.80957675119994377
leaf_weight=15.999999999999998 19 27 15.999999999999998 15.999999999999998 14.999999999999998 21
leaf_count=16 19 27 16 16 15 21
internal_value=-0.066765 -0.350699 0.590471 -0.73226 -0.140134 -1.40208
internal_weight=130 111 32 79 42 37
internal_count=130 111 32 79 42 37
is_linear=0
shrinkage=0.05


Tree=47
num_leaves=7
num_cat=0
split_feature=38 26 17 105 18 72
split_gain=19046.5 43045.4 12593 12404.1 3502.99 2267.38
threshold=3.5000000000000004 27.800000000000004 28.350000000000005 16.650000000000002 51.400000000000006 0.4808333333333335
decision_type=2 2 2 2 2 2
left_child=1 -1 3 -2 -4 -6
right_child=2 -3 4 -5 5 -7
leaf_value=2.8049425290978469 -0.73127771546269027 -0.41787848013782836 -1.5751299947664883 1.1732541797453897 -1.0517936886910577 -0.24514320954581761
leaf_weight=15.999999999999998 17 29 18 17 21 14.999999999999998
leaf_count=16 17 29 18 17 21 15
internal_value=-0.104112 0.731581 -0.531857 0.22149 -1.00581 -0.717438
internal_weight=133 45 88 34 54 36
internal_count=133 45 88 34 54 36
is_linear=0
shrinkage=0.05


Tree=48
num_leaves=7
num_cat=0
split_feature=38 72 89 97 11 27
split_gain=22874.1 45959 16266.1 3257.68 3256.87 1950.19
threshold=4.5000000000000009 1.0000000180025095e-35 38.850000000000001 5.4050000000000011 33.800000000000004 26.800000000000001
decision_type=2 2 2 2 2 2
left_child=1 -1 4 5 -3 -2
right_child=3 2 -4 -5 -6 -7
leaf_value=2.5844094632361174 -1.2124343967072351 -1.3503426303640442 0.79921401853305618 -0.12162002000020958 -0.35433882630389668 -0.518634987923137
leaf_weight=21 26 17 26 17 15.999999999999998 17
leaf_count=21 26 17 26 17 16 17
internal_value=0.0284219 0.581646 -0.134285 -0.708867 -0.870112 -0.940097
internal_weight=140 80 59 60 33 43
internal_count=140 80 59 60 33 43
is_linear=0
shrinkage=0.05


Tree=49
num_leaves=7
num_cat=0
split_feature=0 101 92 105 63 50
split_gain=27010.5 21273.8 18221.3 4979.55 3311.29 4132.22
threshold=430.50000000000006 78.100000000000009 43.20000000000001 23.650000000000002 47.600000000000001 20.250000000000004
decision_type=2 2 2 2 2 2
left_child=-1 3 -3 4 5 -2
right_child=1 2 -4 -5 -6 -7
leaf_value=1.8984553060784244 -0.93547990787897684 -0.62407495745562569 1.6754501194947986 -1.4189044531653909 -1.0380918198041786 0.10397341909079716
leaf_weight=14.999999999999998 14.999999999999998 14.999999999999998 20 22 22 26
leaf_count=15 15 15 20 22 22 26
internal_value=-0.0946852 -0.345243 0.690827 -0.772229 -0.544435 -0.277544
internal_weight=135 120 35 85 63 41
internal_count=135 120 35 85 63 41
is_linear=0
shrinkage=0.05


Tree=50
num_leaves=7
num_cat=0
split_feature=29 109 65 33 28 17
split_gain=31237.2 9670.27 6049.17 10882.1 4268.87 4992.46
threshold=56.500000000000007 -0.06250000000000043 41.000000000000007 0.14416666666666658 12.900000000000002 30.900000000000002
decision_type=2 2 2 2 2 2
left_child=1 -1 3 -3 5 -5
right_child=-2 2 -4 4 -6 -7
leaf_value=0.52535750338971832 1.8644042405782568 -1.763451654282375 0.24565185077941221 0.59037602843705161 -0.97257446624845734 -0.67523515903397113
leaf_weight=26 19 20 18 16.000000000000004 19 14.999999999999998
leaf_count=26 19 20 18 16 19 15
internal_value=-0.00701951 -0.320328 -0.570559 -0.780564 -0.384574 -0.0220578
internal_weight=133 114 88 70 50 31
internal_count=133 114 88 70 50 31
is_linear=0
shrinkage=0.05


Tree=51
num_leaves=5
num_cat=0
split_feature=49 31 121 81
split_gain=23778.2 36941.2 8416.28 6773.61
threshold=5.0900000000000007 0.0050000000000003384 0.12666666666666651 3.5000000000000004
decision_type=2 2 2 2
left_child=1 -1 3 -2
right_child=2 -3 -4 -5
leaf_value=-0.41298826215751616 -0.35015804399203554 2.3288677932563164 0.2688881146957271 -1.5479184358605842
leaf_weight=25 27 24 24 21
leaf_count=25 27 24 24 21
internal_value=0.0832333 0.931868 -0.494732 -0.876411
internal_weight=121 49 72 48
internal_count=121 49 72 48
is_linear=0
shrinkage=0.05


Tree=52
num_leaves=7
num_cat=0
split_feature=122 19 58 37 83 18
split_gain=22674.8 35965.2 7246.75 4340.01 1499.21 489.831
threshold=2.5000000000000004 5.1550000000000011 4.5600000000000014 3.1999999999999997 2.5000000000000004 51.050000000000004
decision_type=2 2 2 2 2 2
left_child=1 -1 -2 -4 5 -5
right_child=2 -3 3 4 -6 -7
leaf_value=2.1685953632924568 0.38851498084038683 -0.48708222321478645 -1.3888208875158952 -0.94572038018940274 -0.16356049293744793 -0.53287486493192771
leaf_weight=24 15.999999999999998 27 21 15.000000000000002 18 14.999999999999998
leaf_count=24 16 27 21 15 18 15
internal_value=-0.0682075 0.764349 -0.568111 -0.790251 -0.52593 -0.74192
internal_weight=136 51 85 69 48 30
internal_count=136 51 85 69 48 30
is_linear=0
shrinkage=0.05


Tree=53
num_leaves=7
num_cat=0
split_feature=113 31 41 35 118 6
split_gain=19374.1 20821.9 7418.7 5777.05 3949.12 1422.5
threshold=14.416666666666668 0.043333333333333453 -0.31749999999999984 -1.6500000000000001 1.5000000000000002 5.5000000000000009
decision_type=2 2 2 2 2 2
left_child=1 2 -1 -4 -5 -6
right_child=-2 -3 3 4 5 -7
leaf_value=0.3671830010620547 1.588811387940851 1.4286355060767073 -1.4979520359394711 0.2415448368243549 -0.89795609853914304 -0.30020502827922751
leaf_weight=23 19 18 15.999999999999998 15.999999999999998 27 15.999999999999998
leaf_count=23 19 18 16 16 27 16
internal_value=0.113179 -0.129637 -0.417066 -0.657804 -0.427733 -0.676866
internal_weight=135 116 98 75 59 43
internal_count=135 116 98 75 59 43
is_linear=0
shrinkage=0.05


Tree=54
num_leaves=7
num_cat=0
split_feature=57 55 109 117 97 79
split_gain=17689.3 27546.9 6370.84 6150.06 4115.49 1894.88
threshold=44.850000000000001 4.6150000000000011 -0.06250000000000043 -0.11999999999999965 5.0500000000000007 4.5000000000000009
decision_type=2 2 2 2 2 2
left_child=1 -1 -2 -4 -5 -6
right_child=2 -3 3 4 5 -7
leaf_value=-0.32405246601024751 0.47655638634047892 2.2820813883734012 -0.049143120431408435 -1.6573451683221272 -0.26462187463452352 -1.048283432966826
leaf_weight=23 15.999999999999998 18 29 14.999999999999998 16.000000000000004 14.999999999999998
leaf_count=23 16 18 29 15 16 15
internal_value=-0.0383259 0.822751 -0.426816 -0.61998 -0.978859 -0.646125
internal_weight=132 41 91 75 46 31
internal_count=132 41 91 75 46 31
is_linear=0
shrinkage=0.05


Tree=55
num_leaves=8
num_cat=0
split_feature=31 35 68 109 112 87 95
split_gain=20489.9 30318.4 14314 6603.46 3691.01 3528.64 1173.04
threshold=-0.0024999999999999463 -3.0249999999999999 52.500000000000007 -0.050833333333333279 4.5000000000000009 6.785000000000001 33.20000000000001
decision_type=2 2 2 2 2 2 2
left_child=3 -2 -3 -1 6 -4 -5
right_child=1 2 5 4 -6 -7 -8
leaf_value=0.20628588585466742 2.3643275141018871 1.0483098793163228 -1.0807947180033979 -0.34371443426372195 -1.585175889084927 -0.11740288472300425 -0.96248225884407934
leaf_weight=14.999999999999998 17 20 19 15.000000000000002 17 19 15.999999999999998
leaf_count=15 17 20 19 15 17 19 16
internal_value=-0.0439333 0.514121 -0.0312314 -0.708124 -0.993816 -0.600802 -0.665307
internal_weight=138 75 58 63 48 38 31
internal_count=138 75 58 63 48 38 31
is_linear=0
shrinkage=0.05


Tree=56
num_leaves=7
num_cat=0
split_feature=66 38 30 107 98 97
split_gain=18359.3 12598.5 21347.4 5070.51 3920.98 2874.44
threshold=6.4500000000000002 3.5000000000000004 2.5000000000000004 56.500000000000007 28.250000000000004 5.4300000000000006
decision_type=2 2 2 2 2 2
left_child=-1 2 -2 4 -3 -6
right_child=1 3 -4 -5 5 -7
leaf_value=1.6006206915245291 -0.90032419773362438 0.22394970879422049 1.4327613138345132 -1.3774201981279235 -0.97816480481292134 -0.20295034696013381
leaf_weight=15.999999999999998 15.999999999999998 20 25 14.999999999999998 25 23
leaf_count=16 16 20 25 15 25 23
internal_value=0.0120581 -0.194002 0.522192 -0.548047 -0.36327 -0.608006
internal_weight=140 124 41 83 68 48
internal_count=140 124 41 83 68 48
is_linear=0
shrinkage=0.05


Tree=57
num_leaves=7
num_cat=0
split_feature=38 87 48 20 23 58
split_gain=15765.6 29828.7 34006.7 4498.92 2901.41 2697.66
threshold=4.5000000000000009 6.8050000000000006 6.7350000000000012 32.150000000000013 88.300000000000026 5.4050000000000011
decision_type=2 2 2 2 2 2
left_child=1 2 -1 -3 5 -2
right_child=4 3 -4 -5 -6 -7
leaf_value=-0.14448202427145074 0.086239642674606556 -0.026355360201652474 2.7102423016643113 -1.24945168185313 -1.0884999128113015 -0.71369395795591628
leaf_weight=19 21 15.000000000000002 23 14.999999999999998 17 21
leaf_count=19 21 15 23 15 17 21
internal_value=0.0664353 0.562653 1.42142 -0.640189 -0.538962 -0.314354
internal_weight=131 72 42 30 59 42
internal_count=131 72 42 30 59 42
is_linear=0
shrinkage=0.05


Tree=58
num_leaves=8
num_cat=0
split_feature=0 113 97 113 42 118 96
split_gain=17372.6 14915.8 4840.53 3140.83 3906.79 2401.36 1719.3
threshold=430.50000000000006 14.416666666666668 4.54 1.0249999999999952 4.5000000000000009 2.5000000000000004 53.95000000000001
decision_type=2 2 2 2 2 2 2
left_child=-1 2 -2 4 5 -4 -5
right_child=1 -3 3 6 -6 -7 -8
leaf_value=1.5988297206676558 0.40911818486175799 1.2158746915389291 -0.13798624062390061 -1.2087569120088459 0.34053704557211506 -0.96029473928669784 -0.51539869493579271
leaf_weight=14.999999999999998 14.999999999999998 15.999999999999998 15.999999999999998 21 15.999999999999998 20 15.999999999999998
leaf_count=15 15 16 16 21 16 20 16
internal_value=0.000348259 -0.200585 -0.419509 -0.559524 -0.307886 -0.596357 -0.911258
internal_weight=135 120 104 89 52 36 37
internal_count=135 120 104 89 52 36 37
is_linear=0
shrinkage=0.05


Tree=59
num_leaves=7
num_cat=0
split_feature=35 122 63 105 101 18
split_gain=16573.2 29017.7 7088 3019.94 2801.94 1516.68
threshold=-0.92499999999999705 2.5000000000000004 28.500000000000004 23.650000000000002 69.40000000000002 43.900000000000006
decision_type=2 2 2 2 2 2
left_child=1 -1 -2 4 5 -4
right_child=2 -3 3 -5 -6 -7
leaf_value=2.5506510205890822 0.6540846339094708 -0.36902834391067041 -0.8807663914383641 -0.92224377450603701 0.29644930518191792 -0.24423856972698196
leaf_weight=15.999999999999998 17 18 14.999999999999998 25 15.999999999999998 25
leaf_count=16 17 18 15 25 16 25
internal_value=0.0587091 1.00824 -0.271362 -0.46622 -0.261268 -0.484662
internal_weight=132 34 98 81 56 40
internal_count=132 34 98 81 56 40
is_linear=0
shrinkage=0.05


Tree=60
num_leaves=7
num_cat=0
split_feature=113 30 74 33 36 117
split_gain=14977.7 13712.5 6596.29 5909.84 2940.88 1027.97
threshold=14.416666666666668 5.5000000000000009 -11.116666666666667 -0.12583333333333344 4.5000000000000009 0.63916666666666655
decision_type=2 2 2 2 2 2
left_child=1 2 -1 -4 -5 -6
right_child=-2 -3 3 4 5 -7
leaf_value=0.58983227026383611 1.3413208112042612 1.1488434066549378 -1.4427224011610678 0.048078216946421989 -0.75861412828956443 -0.25431478524839646
leaf_weight=14.999999999999998 19 17 14.999999999999998 28 32 14.999999999999998
leaf_count=15 19 17 15 28 32 15
internal_value=0.0392994 -0.164366 -0.377919 -0.539742 -0.357399 -0.598655
internal_weight=141 122 105 90 75 47
internal_count=141 122 105 90 75 47
is_linear=0
shrinkage=0.05


Tree=61
num_leaves=8
num_cat=0
split_feature=25 89 84 120 27 26 112
split_gain=13272.3 22756.5 11503.9 4837.25 2153.11 1543.99 1180.62
threshold=41.050000000000004 39.550000000000004 1.0000000180025095e-35 1.5000000000000002 26.450000000000006 33.900000000000006 3.5000000000000004
decision_type=2 2 2 2 2 2 2
left_child=1 2 5 -2 6 -1 -5
right_child=3 -3 -4 4 -6 -7 -8
leaf_value=-0.90426777524141522 0.25085727850102491 1.8471075675498818 0.96401614532833202 -0.6694940308976618 -0.31488701574777433 -0.23137181906510668 -1.2767741893467148
leaf_weight=20 15.999999999999998 21 17 15.999999999999998 19 14.999999999999998 17
leaf_count=20 16 21 17 16 19 15 17
internal_value=-0.00569159 0.462163 -0.0995167 -0.507962 -0.741575 -0.617507 -0.985399
internal_weight=141 73 52 68 52 35 33
internal_count=141 73 52 68 52 35 33
is_linear=0
shrinkage=0.05


Tree=62
num_leaves=7
num_cat=0
split_feature=70 38 26 54 64 84
split_gain=16179.2 29372.5 23454 3380.34 4335.79 3300.98
threshold=-0.012499999999999288 4.5000000000000009 27.800000000000004 36.45000000000001 41.000000000000007 -0.0058333333333333423
decision_type=2 2 2 2 2 2
left_child=3 2 -2 -1 5 -5
right_child=1 -3 -4 4 -6 -7
leaf_value=-1.0527784247672993 2.882431326274983 -0.6026494180444385 0.38574707951590914 -0.43411865708250441 -0.83759387485788894 0.56345490098696704
leaf_weight=19 17 29 21 15.999999999999998 21 17
leaf_count=19 17 29 21 16 21 17
internal_value=0.0338773 0.594512 1.50745 -0.480719 -0.277772 0.0797815
internal_weight=140 67 38 73 54 33
internal_count=140 67 38 73 54 33
is_linear=0
shrinkage=0.05


Tree=63
num_leaves=7
num_cat=0
split_feature=25 104 31 35 115 23
split_gain=12707.1 19975.8 42176.5 4452.6 2391.31 2895.03
threshold=41.050000000000004 21.050000000000004 0.0091666666666654368 6.8166666666666673 -0.92500000000000415 79.250000000000014
decision_type=2 2 2 2 2 2
left_child=1 3 -3 -1 -2 -6
right_child=4 2 -4 -5 5 -7
leaf_value=-1.0460837121335611 -0.13838847362273954 -0.22498665813649607 3.1753144394536932 0.15007346669174979 -0.34514886159702662 -1.1892163164328531
leaf_weight=16.000000000000004 28 21 15.999999999999998 14.999999999999998 22 19
leaf_count=16 28 21 16 15 22 19
internal_value=-0.0178048 0.46688 1.24987 -0.468516 -0.495522 -0.738365
internal_weight=137 68 37 31 69 41
internal_count=137 68 37 31 69 41
is_linear=0
shrinkage=0.05


Tree=64
num_leaves=6
num_cat=0
split_feature=109 66 31 3 23
split_gain=10857.2 7200.75 5865.52 5519.07 3049.71
threshold=-0.06250000000000043 10.800000000000002 -0.0024999999999999463 4.5000000000000009 79.250000000000014
decision_type=2 2 2 2 2
left_child=-1 2 -2 4 -3
right_child=1 3 -4 -5 -6
leaf_value=0.7537461899934601 -0.43651840749955328 -0.0034334964622026198 0.95731787983550132 -1.3640228526064411 -0.76872820351772375
leaf_weight=26 15.000000000000002 26 14.999999999999998 20 26
leaf_count=26 15 26 15 20 26
internal_value=-0.156428 -0.388993 0.261099 -0.659921 -0.386918
internal_weight=128 102 30 72 52
internal_count=128 102 30 72 52
is_linear=0
shrinkage=0.05


Tree=65
num_leaves=6
num_cat=0
split_feature=75 39 103 41 57
split_gain=12615.3 23206 5497.44 3421.84 1841.87
threshold=3.5000000000000004 0.76083333333333358 44.150000000000006 0.2458333333333336 51.20000000000001
decision_type=2 2 2 2 2
left_child=1 -1 3 4 -2
right_child=2 -3 -4 -5 -6
leaf_value=1.590575235583604 0.036826797465831916 -0.42438742738870006 0.32258908761109356 -1.111830664917641 -0.69764610382548553
leaf_weight=28 17 29 19 24 17
leaf_count=28 17 29 19 24 17
internal_value=0.00303365 0.566383 -0.41412 -0.655682 -0.331232
internal_weight=134 57 77 58 34
internal_count=134 57 77 58 34
is_linear=0
shrinkage=0.05


Tree=66
num_leaves=7
num_cat=0
split_feature=66 109 65 36 119 87
split_gain=12266.1 9114.47 7968.8 5243.42 3135.7 1088.71
threshold=6.4500000000000002 -0.06250000000000043 41.000000000000007 3.5000000000000004 0.13583333333333283 6.8350000000000009
decision_type=2 2 2 2 2 2
left_child=-1 -2 3 -3 5 -5
right_child=1 2 -4 4 -6 -7
leaf_value=1.2902059663156544 0.60175488813916134 -1.3496560615093554 0.53742022845480175 -0.40070342641127737 0.13565594096210121 -0.97920128858607736
leaf_weight=15.999999999999998 28 20 17 17 18 15.999999999999998
leaf_count=16 28 20 17 17 18 16
internal_value=-0.00309137 -0.182478 -0.432463 -0.665188 -0.394556 -0.683449
internal_weight=132 116 88 71 51 33
internal_count=132 116 88 71 51 33
is_linear=0
shrinkage=0.05


Tree=67
num_leaves=7
num_cat=0
split_feature=70 98 18 94 68 10
split_gain=12770.6 21861.4 11625.4 4357.79 6274.14 2622.85
threshold=-0.012499999999999288 35.550000000000004 48.350000000000001 5.4850000000000012 52.500000000000007 5.6050000000000013
decision_type=2 2 2 2 2 2
left_child=3 2 -2 4 -1 -5
right_child=1 -3 -4 5 -6 -7
leaf_value=0.68797836696139036 0.93886539338536523 2.2146829916151947 -0.64807829083771717 -1.339216145142814 -0.58680417705868282 -0.41606023119103092
leaf_weight=15.999999999999998 20 14.999999999999998 27 15.000000000000002 24 15.999999999999998
leaf_count=16 20 15 27 15 24 16
internal_value=0.0357154 0.559581 0.0276703 -0.421818 -0.0763224 -0.865779
internal_weight=133 62 47 71 40 31
internal_count=133 62 47 71 40 31
is_linear=0
shrinkage=0.05


Tree=68
num_leaves=7
num_cat=0
split_feature=35 20 3 24 6 59
split_gain=11471.3 22336.5 4111.05 4629.83 1742.6 920.72
threshold=1.0000000180025095e-35 33.750000000000007 3.5000000000000004 44.900000000000006 2.5000000000000004 32.45000000000001
decision_type=2 2 2 2 2 2
left_child=1 -1 4 -4 -2 -6
right_child=2 -3 3 -5 5 -7
leaf_value=1.7820789082287662 -0.26949937509825506 -0.55340176983029432 -0.49925334248789321 0.55290847867082205 -1.1140042879723553 -0.55256949047379156
leaf_weight=22 25 19 19 23 15.000000000000002 14.999999999999998
leaf_count=22 25 19 19 23 15 15
internal_value=0.000729317 0.700948 -0.295605 0.0767565 -0.579668 -0.836221
internal_weight=138 41 97 42 55 30
internal_count=138 41 97 42 55 30
is_linear=0
shrinkage=0.05


Tree=69
num_leaves=8
num_cat=0
split_feature=39 30 122 25 109 0 53
split_gain=11087.5 21370.5 18415.7 6883.54 2854.14 3048.63 1060.7
threshold=0.62583333333333291 1.5000000000000002 2.5000000000000004 38.800000000000004 -0.025833333333333371 2211.0000000000005 33.95000000000001
decision_type=2 2 2 2 2 2 2
left_child=1 -1 -3 -4 6 -6 -2
right_child=4 2 3 -5 5 -7 -8
leaf_value=-0.99526463397958642 -1.0017475302048149 2.1855921895646335 1.030748723634821 -0.43434796389083419 0.3575657172097686 -0.57344521118534941 -0.42754860531834782
leaf_weight=18 18 20 14.999999999999998 17 18 17 14.999999999999998
leaf_count=18 18 20 15 17 18 17 15
internal_value=0.0442902 0.485707 0.999373 0.253332 -0.410082 -0.0948426 -0.742979
internal_weight=138 70 52 32 68 35 33
internal_count=138 70 52 32 68 35 33
is_linear=0
shrinkage=0.05


Tree=70
num_leaves=6
num_cat=0
split_feature=26 74 80 74 10
split_gain=10511.7 5255.78 3360.21 3425.97 2482.86
threshold=20.300000000000004 -9.8833333333333293 0.36583333333333329 2.6916666666666704 5.5750000000000011
decision_type=2 2 2 2 2
left_child=-1 -2 3 -3 -5
right_child=1 2 -4 4 -6
leaf_value=0.88182069793971563 0.59755357126271502 -0.65149764733248017 -0.86215693562423579 0.52833878309028581 -0.25373206663699377
leaf_weight=26 15.999999999999998 25 26 18 23
leaf_count=26 16 25 26 18 23
internal_value=-0.0187325 -0.236194 -0.381739 -0.19139 0.0899446
internal_weight=134 108 92 66 41
internal_count=134 108 92 66 41
is_linear=0
shrinkage=0.05


Tree=71
num_leaves=6
num_cat=0
split_feature=31 39 16 93 121
split_gain=11412.4 20964.2 3898.53 6433.6 4006.57
threshold=0.029999999999999808 0.62583333333333291 4.9050000000000011 33.850000000000001 -0.26166666666666621
decision_type=2 2 2 2 2
left_child=2 -2 -1 -4 -5
right_child=1 -3 3 4 -6
leaf_value=0.15189106254921267 2.1165860339505786 -0.37746033437589077 0.1963522072306913 -1.4570579578863323 -0.49914005368523751
leaf_weight=28 14.999999999999998 19 20 18 28
leaf_count=28 15 19 20 18 28
internal_value=-0.0579845 0.725688 -0.341964 -0.551466 -0.876434
internal_weight=128 34 94 66 46
internal_count=128 34 94 66 46
is_linear=0
shrinkage=0.05


Tree=72
num_leaves=7
num_cat=0
split_feature=26 88 66 121 113 74
split_gain=10351.2 22360.2 5656.88 3489.92 2129.43 2626.56
threshold=27.800000000000004 5.7650000000000006 17.000000000000004 -0.30583333333333312 -2.6166666666666631 3.9750000000000036
decision_type=2 2 2 2 2 2
left_child=1 2 -1 -2 -5 -6
right_child=3 -3 -4 4 5 -7
leaf_value=0.58159707859651932 -0.8865009247482597 2.1514943815225007 -0.69912420730685709 0.21510881397115203 -0.75285594433680914 0.060178107550131012
leaf_weight=14.999999999999998 23 14.999999999999998 20 23 22 18
leaf_count=15 23 15 20 23 22 18
internal_value=-0.0281467 0.543259 -0.150008 -0.360663 -0.16751 -0.387628
internal_weight=136 50 35 86 63 40
internal_count=136 50 35 86 63 40
is_linear=0
shrinkage=0.05


Tree=73
num_leaves=7
num_cat=0
split_feature=31 113 32 3 99 29
split_gain=8722.23 5034.48 3346.7 2352.04 2015.34 1106.87
threshold=0.034166666666666241 14.416666666666668 2.5000000000000004 1.5000000000000002 51.650000000000006 53.500000000000007
decision_type=2 2 2 2 2 2
left_child=1 2 -1 -4 5 -5
right_child=-2 -3 3 4 -6 -7
leaf_value=-1.0934210222091107 0.73297365199628672 0.50036744162522628 -0.78602533964385746 -0.059504365468796207 0.33689696668968566 -0.59981392075343687
leaf_weight=14.999999999999998 28 18 17 20 17 18
leaf_count=15 28 18 17 20 17 18
internal_value=-0.0495132 -0.258723 -0.416228 -0.273755 -0.114188 -0.316474
internal_weight=133 105 87 72 55 38
internal_count=133 105 87 72 55 38
is_linear=0
shrinkage=0.05


Tree=74
num_leaves=7
num_cat=0
split_feature=23 41 50 17 77 117
split_gain=10205.2 18293 8687.3 3284.46 5345.88 1818.17
threshold=66.65000000000002 0.063333333333333477 48.000000000000007 30.350000000000005 3.5000000000000004 0.34999999999999992
decision_type=2 2 2 2 2 2
left_child=1 -1 3 4 -2 -5
right_child=2 -3 -4 5 -6 -7
leaf_value=2.0682624120882016 0.4157880470368534 -0.29008330831211576 0.73158777062805536 -0.42336586996995279 -0.69696115293114425 -1.1195445147319811
leaf_weight=14.999999999999998 21 18 19 18 22 20
leaf_count=15 21 18 19 18 22 20
internal_value=0.0236521 0.784751 -0.227994 -0.453767 -0.153706 -0.791884
internal_weight=133 33 100 81 43 38
internal_count=133 33 100 81 43 38
is_linear=0
shrinkage=0.05


Tree=75
num_leaves=6
num_cat=0
split_feature=26 106 23 115 6
split_gain=10226.3 6971.52 2561.73 2899.73 1325.72
threshold=20.300000000000004 14.550000000000002 66.65000000000002 7.799999999999998 2.5000000000000004
decision_type=2 2 2 2 2
left_child=-1 2 -2 4 -4
right_child=1 -3 3 -5 -6
leaf_value=0.97931851742277098 0.13244338858483443 0.54663544229341143 -0.0022700675684421217 -1.0733778655180455 -0.53513212653400632
leaf_weight=25 20 28 20 17 28
leaf_count=25 20 28 20 17 28
internal_value=0.066335 -0.136296 -0.361698 -0.513788 -0.313677
internal_weight=138 113 85 65 48
internal_count=138 113 85 65 48
is_linear=0
shrinkage=0.05


Tree=76
num_leaves=7
num_cat=0
split_feature=31 70 93 25 52 106
split_gain=9185.36 17787.8 5161.86 6132.26 3143.09 3037.45
threshold=-0.0024999999999999463 0.007499999999999841 43.050000000000004 43.150000000000006 6.6050000000000013 7.6500000000000012
decision_type=2 2 2 2 2 2
left_child=4 2 -2 -4 5 -1
right_child=1 -3 3 -5 -6 -7
leaf_value=-0.26554825277442479 -0.57667441107641859 1.862092962620421 1.1168452774452056 -0.308701030347521 0.19202230148362798 -1.0819693417345742
leaf_weight=25 24 15.999999999999998 15.000000000000002 14.999999999999998 14.999999999999998 21
leaf_count=25 24 16 15 15 15 21
internal_value=0.0128112 0.403421 -0.0313286 0.405248 -0.435275 -0.639909
internal_weight=131 70 54 30 61 46
internal_count=131 70 54 30 61 46
is_linear=0
shrinkage=0.05


Tree=77
num_leaves=7
num_cat=0
split_feature=29 0 84 101 56 49
split_gain=11744.4 5647.14 2648.22 3284.48 1388.85 901.735
threshold=56.500000000000007 634.00000000000011 0.0058333333333333163 78.100000000000009 37.150000000000006 5.2300000000000013
decision_type=2 2 2 2 2 2
left_child=1 -1 3 4 5 -3
right_child=-2 2 -4 -5 -6 -7
leaf_value=0.67890092127889556 1.2694636517797993 0.10740902190319974 -0.7786482403628634 0.40423223278415743 -0.68685762832302066 -0.3762758083472964
leaf_weight=18 17 17 21 20 19 22
leaf_count=18 17 17 21 20 19 22
internal_value=0.0454403 -0.133299 -0.281558 -0.146836 -0.337315 -0.165575
internal_weight=134 117 99 78 58 39
internal_count=134 117 99 78 58 39
is_linear=0
shrinkage=0.05


Tree=78
num_leaves=7
num_cat=0
split_feature=111 79 0 25 111 53
split_gain=11085.8 4307.73 2763.1 2107.41 2706.95 1313.78
threshold=1.0266666666666666 1.5000000000000002 764.50000000000011 41.050000000000004 -0.12250000000000048 40.150000000000006
decision_type=2 2 2 2 2 2
left_child=1 -1 -3 4 -4 -5
right_child=-2 2 3 5 -6 -7
leaf_value=0.2603838592648981 0.86487216182764137 -1.0989519676230601 -0.55240990636141407 -0.93871481488322639 0.32771871982444645 -0.33851267625739917
leaf_weight=25 24 14.999999999999998 15.999999999999998 17 19 20
leaf_count=25 24 15 16 17 19 20
internal_value=-0.10805 -0.317164 -0.483291 -0.353613 -0.0749109 -0.616203
internal_weight=136 112 87 72 35 37
internal_count=136 112 87 72 35 37
is_linear=0
shrinkage=0.05


Tree=79
num_leaves=7
num_cat=0
split_feature=66 38 30 106 17 39
split_gain=9815.49 8202.87 15017.6 1790.28 2461.94 1369.28
threshold=6.4500000000000002 3.5000000000000004 2.5000000000000004 12.900000000000002 31.450000000000006 1.2641666666666669
decision_type=2 2 2 2 2 2
left_child=-1 2 -2 4 5 -3
right_child=1 3 -4 -5 -6 -7
leaf_value=1.2389393986455652 -0.69304256801716768 0.35603170391195299 1.2286439634651778 -0.80784159501864439 -0.61696723762253547 -0.30676063607070625
leaf_weight=14.999999999999998 17 16.000000000000004 25 21 27 14.999999999999998
leaf_count=15 17 16 25 21 27 15
internal_value=0.0368896 -0.112984 0.450901 -0.413025 -0.268843 0.0352098
internal_weight=136 121 42 79 58 31
internal_count=136 121 42 79 58 31
is_linear=0
shrinkage=0.05


Tree=80
num_leaves=8
num_cat=0
split_feature=123 39 84 38 44 45 0
split_gain=7731.97 13930.9 3894.37 5053.9 4379.71 2589.54 702.307
threshold=-0.011666666666666643 0.83333333333333359 -0.0058333333333333423 3.5000000000000004 3.5000000000000004 -0.011666666666666685 1988.0000000000002
decision_type=2 2 2 2 2 2 2
left_child=1 -1 4 -4 6 -5 -2
right_child=2 -3 3 5 -6 -7 -8
leaf_value=1.6987392259749354 -0.50026621271295157 -0.45003269571342219 0.63815526855525684 0.070947141297824715 -1.2848443289721234 -0.75291789208407167 -0.038758641703528648
leaf_weight=15.000000000000002 17 14.999999999999998 20 19 15.999999999999998 19 15.999999999999998
leaf_count=15 17 15 20 19 16 19 16
internal_value=-0.0817856 0.626261 -0.28075 -0.0032482 -0.608443 -0.341749 -0.277449
internal_weight=137 30 107 58 49 38 33
internal_count=137 30 107 58 49 38 33
is_linear=0
shrinkage=0.05


Tree=81
num_leaves=7
num_cat=0
split_feature=31 35 68 24 105 45
split_gain=8165.89 17604 9304.95 3537.7 2978.53 2893.76
threshold=-0.0024999999999999463 -3.0249999999999999 52.500000000000007 47.500000000000007 27.250000000000004 -0.01333333333333332
decision_type=2 2 2 2 2 2
left_child=4 -2 -3 -4 5 -1
right_child=1 2 3 -5 -6 -7
leaf_value=-0.58625618518959166 1.920761016504654 0.9379876445999461 -0.87251367877586183 0.081042863123983302 -0.84151627877179314 0.23774506107158186
leaf_weight=19 14.999999999999998 18 21 18 22 24
leaf_count=19 15 18 21 18 22 24
internal_value=0.0362696 0.402814 0.000602689 -0.433201 -0.369667 -0.126748
internal_weight=137 72 57 39 65 43
internal_count=137 72 57 39 65 43
is_linear=0
shrinkage=0.05


Tree=82
num_leaves=7
num_cat=0
split_feature=92 0 72 60 37 26
split_gain=7403.26 6214.63 9266.47 2830.88 3937.05 1892.31
threshold=45.900000000000006 2343.0000000000005 -0.31249999999999994 51.550000000000004 8.5083333333333346 31.700000000000006
decision_type=2 2 2 2 2 2
left_child=1 2 -1 4 -4 -3
right_child=-2 5 3 -5 -6 -7
leaf_value=1.2000370894259178 0.88615696034132141 -0.93435990104627842 0.76607571263976448 -0.53896980950941187 -0.34189327042005213 -0.25356514849369
leaf_weight=17 23 20 14.999999999999998 24 17 21
leaf_count=17 23 20 15 24 17 21
internal_value=0.069892 -0.0953815 0.181229 -0.129551 0.17808 -0.587247
internal_weight=137 114 73 56 32 41
internal_count=137 114 73 56 32 41
is_linear=0
shrinkage=0.05


Tree=83
num_leaves=7
num_cat=0
split_feature=25 84 104 101 6 41
split_gain=7242.17 11029.4 7803.73 4190.46 1897.91 863.494
threshold=41.050000000000004 1.0000000180025095e-35 17.050000000000001 72.050000000000026 2.5000000000000004 0.11166666666666682
decision_type=2 2 2 2 2 2
left_child=1 2 -1 -4 -2 -6
right_child=4 -3 3 -5 5 -7
leaf_value=-0.88019026608427575 -0.059710630675523485 1.311596296183871 -0.15707105524492576 1.0216906768448701 -0.810527645948246 -0.31507292851707008
leaf_weight=18 27 21 15.000000000000002 14.999999999999998 22 14.999999999999998
leaf_count=18 27 21 15 15 22 15
internal_value=0.00368576 0.358813 -0.0597856 0.43358 -0.379071 -0.611193
internal_weight=133 69 48 30 64 37
internal_count=133 69 48 30 64 37
is_linear=0
shrinkage=0.05


Tree=84
num_leaves=8
num_cat=0
split_feature=39 75 65 121 17 72 13
split_gain=6886.85 22064.4 6135.96 3213.85 1046.21 1541.17 989.609
threshold=0.62583333333333291 3.5000000000000004 40.45000000000001 -0.083333333333333467 30.350000000000005 0.42666666666666725 6.6450000000000005
decision_type=2 2 2 2 2 2 2
left_child=1 -1 3 -3 6 -6 -2
right_child=4 2 -4 -5 5 -7 -8
leaf_value=1.739611510376432 -0.42669103169283329 -1.174456825793184 0.52811646712453741 -0.15593123628486016 -0.82201766464947523 -0.18051560709350989 0.14581272339584023
leaf_weight=20 15.000000000000002 15.000000000000002 17 15.999999999999998 21 17 14.999999999999998
leaf_count=20 15 15 17 16 21 17 15
internal_value=-0.00679985 0.348711 -0.233139 -0.651119 -0.362374 -0.536388 -0.14074
internal_weight=136 68 48 31 68 38 30
internal_count=136 68 48 31 68 38 30
is_linear=0
shrinkage=0.05


Tree=85
num_leaves=8
num_cat=0
split_feature=30 101 5 121 16 89 11
split_gain=7141.83 4841.52 7575.82 3038.23 2917.16 1744.55 2296.15
threshold=5.5000000000000009 78.100000000000009 1.0000000180025095e-35 -0.1916666666666664 5.0750000000000011 29.000000000000004 34.150000000000006
decision_type=2 2 2 2 2 2 2
left_child=1 3 -3 4 -1 6 -5
right_child=-2 2 -4 5 -6 -7 -8
leaf_value=-0.20197500301830806 1.0254634718231808 -0.322975647120186 1.1683317568685325 -0.71880387147728175 -1.0463706913717548 0.33775472318269933 0.15354992970330827
leaf_weight=20 14.999999999999998 18 15.999999999999998 15.000000000000002 21 18 14.999999999999998
leaf_count=20 15 18 16 15 21 18 15
internal_value=-0.000769824 -0.126692 0.380038 -0.32054 -0.636086 -0.050145 -0.2834
internal_weight=138 123 34 89 41 48 30
internal_count=138 123 34 89 41 48 30
is_linear=0
shrinkage=0.05


Tree=86
num_leaves=6
num_cat=0
split_feature=75 39 65 33 67
split_gain=6010.38 15146.9 3620.92 2945.2 1157.24
threshold=3.5000000000000004 0.76083333333333358 42.850000000000001 1.0000000180025095e-35 7.6500000000000012
decision_type=2 2 2 2 2
left_child=1 -1 3 -2 -5
right_child=2 -3 -4 4 -6
leaf_value=1.4543814769853347 -0.89478452947344711 -0.33259941383481467 0.37414728037560185 -0.46096888887348464 0.057993116755506169
leaf_weight=21 22 27 18 20 23
leaf_count=21 22 27 18 20 23
internal_value=0.00564835 0.450499 -0.251787 -0.425508 -0.183778
internal_weight=131 48 83 65 43
internal_count=131 48 83 65 43
is_linear=0
shrinkage=0.05


Tree=87
num_leaves=7
num_cat=0
split_feature=0 101 21 115 53 105
split_gain=6558.9 10099.9 13276.1 2741.63 2049.51 814.182
threshold=430.50000000000006 76.950000000000017 48.250000000000007 7.799999999999998 33.95000000000001 12.750000000000002
decision_type=2 2 2 2 2 2
left_child=-1 3 -3 4 -2 -6
right_child=1 2 -4 -5 5 -7
leaf_value=1.0036422529165319 -0.58188970915808225 1.5956937594720495 -0.26046984476201679 -0.95596678100955423 0.27704200827522779 -0.23404454313079764
leaf_weight=14.999999999999998 27 17 22 19 15.000000000000002 15.999999999999998
leaf_count=15 27 17 22 19 15 16
internal_value=0.0233564 -0.104117 0.550511 -0.436031 -0.264268 0.0131903
internal_weight=131 116 39 77 58 31
internal_count=131 116 39 77 58 31
is_linear=0
shrinkage=0.05


Tree=88
num_leaves=8
num_cat=0
split_feature=65 41 13 0 0 17 35
split_gain=8007.91 4581.96 8316.27 2509.07 1954.89 1592.9 1406.92
threshold=42.850000000000001 -0.11916666666666619 5.2950000000000008 1644.5000000000002 2985.5000000000005 28.350000000000005 3.7250000000000019
decision_type=2 2 2 2 2 2 2
left_child=1 2 -1 6 -5 -4 -3
right_child=-2 3 5 4 -6 -7 -8
leaf_value=1.1467916237680533 1.1135659766315624 -1.0585945355971125 0.12061729905027777 0.31331060438515235 -0.41824891363839972 -0.59452929015191192 -0.37040766746003112
leaf_weight=17 14.999999999999998 15.000000000000002 16.000000000000004 15.999999999999998 21 14.999999999999998 14.999999999999998
leaf_count=17 15 15 16 16 21 15 15
internal_value=0.0309442 -0.111069 0.261428 -0.377998 -0.101772 -0.22606 -0.717041
internal_weight=130 115 48 67 37 31 30
internal_count=130 115 48 67 37 31 30
is_linear=0
shrinkage=0.05


Tree=89
num_leaves=8
num_cat=0
split_feature=66 78 0 0 18 63 43
split_gain=7184.43 3089.2 4666.55 2932.77 2267.75 2006.66 593.704
threshold=6.4500000000000002 -0.1508333333333329 2211.0000000000005 764.50000000000011 54.000000000000007 53.550000000000004 -0.071666666666667198
decision_type=2 2 2 2 2 2 2
left_child=-1 2 -2 -3 5 6 -5
right_child=1 3 -4 4 -6 -7 -8
leaf_value=0.8853922516662881 0.6565056338535612 -1.0394069909950756 -0.4672030999820832 -0.45778954298488367 0.1352348710035349 -0.94468869405076994 -0.013221423041741577
leaf_weight=15.999999999999998 20 14.999999999999998 17 14.999999999999996 23 14.999999999999998 15.000000000000004
leaf_count=16 20 15 17 15 23 15 15
internal_value=-0.106479 -0.239397 0.140205 -0.408642 -0.268108 -0.474214 -0.236454
internal_weight=136 120 37 83 68 45 30
internal_count=136 120 37 83 68 45 30
is_linear=0
shrinkage=0.05


Tree=90
num_leaves=7
num_cat=0
split_feature=70 76 58 18 52 94
split_gain=5752.71 10788.2 2549.3 2522.56 2271.18 1725.95
threshold=-0.012499999999999288 -0.76666666666666561 5.0450000000000008 42.95000000000001 4.3000000000000007 5.4850000000000012
decision_type=2 2 2 2 2 2
left_child=3 -2 -3 -1 -5 -6
right_child=1 2 -4 4 5 -7
leaf_value=-0.79932029520341852 1.1854923771130099 0.38854564559084692 -0.41701352465301222 -0.63992512510312327 0.43550494583272148 -0.25498167362002383
leaf_weight=19 24 14.999999999999998 28 14.999999999999998 18 18
leaf_count=19 24 15 28 15 18 18
internal_value=0.0076361 0.338589 -0.135639 -0.309093 -0.125155 0.0903732
internal_weight=137 67 43 70 51 36
internal_count=137 67 43 70 51 36
is_linear=0
shrinkage=0.05


Tree=91
num_leaves=7
num_cat=0
split_feature=31 38 101 39 40 52
split_gain=5960.13 9804.81 4987.96 3110.8 1456.32 1094.8
threshold=-0.0024999999999999463 3.5000000000000004 73.15000000000002 0.21249999999999994 4.5000000000000009 5.0650000000000004
decision_type=2 2 2 2 2 2
left_child=3 -2 5 -1 -5 -3
right_child=1 2 -4 4 -6 -7
leaf_value=-0.99658179044328765 1.1759991616684926 -0.76009927354984386 0.58957960877502169 0.042901793695807044 -0.56235141986055881 -0.16450601113553079
leaf_weight=14.999999999999998 22 16.000000000000004 17 29 14.999999999999998 14.999999999999998
leaf_count=15 22 16 17 29 15 15
internal_value=-0.00729431 0.30449 -0.0964621 -0.377182 -0.164128 -0.473525
internal_weight=129 70 48 59 44 31
internal_count=129 70 48 59 44 31
is_linear=0
shrinkage=0.05


Tree=92
num_leaves=8
num_cat=0
split_feature=70 38 76 45 119 63 94
split_gain=6451.62 11123.1 11561.5 2583.1 1580.07 2186.07 1103.46
threshold=-0.012499999999999288 4.5000000000000009 0.35833333333332723 1.0000000180025095e-35 -0.28916666666666652 44.20000000000001 5.205000000000001
decision_type=2 2 2 2 2 2 2
left_child=3 2 -2 4 -1 -6 -3
right_child=1 6 -4 -5 5 -7 -8
leaf_value=0.28336393951629257 2.0059898685935318 -0.65511302766420976 0.20796300725699549 -0.78520315382717909 -0.74359127238670497 0.047836873606237437 -0.048895634444344131
leaf_weight=15.999999999999998 14.999999999999998 15.000000000000002 22 21 15.999999999999998 19 14.999999999999998
leaf_count=16 15 15 22 21 16 19 15
internal_value=0.00853441 0.361414 0.94047 -0.319816 -0.126927 -0.314904 -0.35334
internal_weight=139 67 37 72 51 35 30
internal_count=139 67 37 72 51 35 30
is_linear=0
shrinkage=0.05


Tree=93
num_leaves=8
num_cat=0
split_feature=29 97 117 99 39 25 20
split_gain=7079.24 3586.67 2905.63 2476.82 1735.24 1526.66 448.699
threshold=56.500000000000007 4.54 -0.33833333333333288 45.250000000000007 0.98666666666666625 41.050000000000004 32.050000000000004
decision_type=2 2 2 2 2 2 2
left_child=1 -1 4 -4 -3 -5 -7
right_child=-2 2 3 5 -6 6 -8
leaf_value=0.5498692254573978 0.89855374898483498 0.54963495210306534 -0.98400626522026313 0.073384931182126856 -0.19660604174092688 -0.2903438007609444 -0.67439406052330486
leaf_weight=17 20 15.000000000000002 14.999999999999998 21 15.999999999999998 16.000000000000004 14.999999999999998
leaf_count=17 20 15 15 21 16 16 15
internal_value=0.0327525 -0.118428 -0.23485 -0.419865 0.164924 -0.25546 -0.477906
internal_weight=135 115 98 67 31 52 31
internal_count=135 115 98 67 31 52 31
is_linear=0
shrinkage=0.05


Tree=94
num_leaves=8
num_cat=0
split_feature=0 62 109 33 30 65 74
split_gain=6150.17 5518.08 3671.73 3916.28 2216.82 1113.75 606.097
threshold=493.00000000000006 89.100000000000009 -0.07083333333333329 0.27083333333333265 3.5000000000000004 21.800000000000001 6.0999999999999988
decision_type=2 2 2 2 2 2 2
left_child=-1 2 -2 4 -4 -5 -7
right_child=1 -3 3 5 -6 6 -8
leaf_value=0.98467206597722923 0.47626526078082021 0.80573972771499336 -0.37314694417233496 0.14776939087180027 -1.2355342918673888 -0.50039320075721072 -0.064019216488528721
leaf_weight=14.999999999999998 15.999999999999998 14.999999999999998 15.000000000000002 25 14.999999999999998 17 14.999999999999998
leaf_count=15 16 15 15 25 15 17 15
internal_value=0.0345049 -0.0869682 -0.217678 -0.345758 -0.807179 -0.101828 -0.296835
internal_weight=133 118 103 87 30 57 32
internal_count=133 118 103 87 30 57 32
is_linear=0
shrinkage=0.05


Tree=95
num_leaves=7
num_cat=0
split_feature=35 26 3 0 84 27
split_gain=4037.74 10563.8 1740.16 1751.27 2458.16 565.135
threshold=1.0000000180025095e-35 27.800000000000004 1.5000000000000002 2343.0000000000005 -0.0058333333333333423 20.500000000000004
decision_type=2 2 2 2 2 2
left_child=1 -1 -2 4 -4 -5
right_child=2 -3 3 5 -6 -7
leaf_value=1.0797460825412304 -0.60833051001291139 -0.58903508201148946 -0.24672902938607455 -0.59866635499411081 0.49979349157256536 -0.1762816505822522
leaf_weight=23 21 15.999999999999998 23 14.999999999999998 21 17
leaf_count=23 21 16 23 15 21 17
internal_value=-0.0337633 0.395235 -0.206528 -0.0947842 0.109778 -0.375678
internal_weight=136 39 97 76 44 32
internal_count=136 39 97 76 44 32
is_linear=0
shrinkage=0.05


Tree=96
num_leaves=7
num_cat=0
split_feature=122 19 103 19 119 33
split_gain=5431.08 10320.9 1723.26 1482.46 1317.2 749.936
threshold=2.5000000000000004 5.1550000000000011 25.450000000000003 5.745000000000001 -0.072500000000000217 0.59833333333333372
decision_type=2 2 2 2 2 2
left_child=1 -1 4 5 -2 -4
right_child=2 -3 3 -5 -6 -7
leaf_value=1.1696532919446463 0.37446793645422982 -0.22971744660249691 -0.86067692829154374 -0.030591022481044006 -0.24350570029583737 -0.37121383093840243
leaf_weight=24 14.999999999999998 29 17 14.999999999999998 20 14.999999999999998
leaf_count=24 15 29 17 15 20 15
internal_value=0.0107997 0.404875 -0.24403 -0.441504 0.02151 -0.633268
internal_weight=135 53 82 47 35 32
internal_count=135 53 82 47 35 32
is_linear=0
shrinkage=0.05


Tree=97
num_leaves=7
num_cat=0
split_feature=123 41 62 78 66 115
split_gain=5748.37 3797.62 5772.34 5202.12 2066.29 1121.7
threshold=-0.017499999999999998 -0.29083333333333344 87.700000000000017 0.12416666666666744 21.250000000000004 1.0000000180025095e-35
decision_type=2 2 2 2 2 2
left_child=-1 3 4 -2 5 -3
right_child=1 2 -4 -5 -6 -7
leaf_value=0.91781232003231483 1.0732712821455188 -0.53525544021561833 0.58117618623532752 -0.21927033233346407 -0.79601195231865074 -0.0050819647757344225
leaf_weight=17 15.000000000000002 17 17 15.999999999999998 26 24
leaf_count=17 15 17 17 16 26 24
internal_value=0.0624345 -0.0646568 -0.239217 0.407432 -0.448007 -0.225799
internal_weight=132 115 84 31 67 41
internal_count=132 115 84 31 67 41
is_linear=0
shrinkage=0.05


Tree=98
num_leaves=7
num_cat=0
split_feature=20 67 102 103 56 26
split_gain=6320.08 13007.1 14499.2 3096.92 2102.1 1171.1
threshold=33.750000000000007 7.2500000000000009 44.20000000000001 40.45000000000001 31.200000000000003 31.700000000000006
decision_type=2 2 2 2 2 2
left_child=1 4 -3 5 -1 -2
right_child=3 2 -4 -5 -6 -7
leaf_value=0.10513589504538784 -0.44973349709537147 0.021112503085220072 2.1152553181470548 -0.94483343279152576 -0.67617105524338295 0.082527677102702285
leaf_weight=14.999999999999998 18 17 15.999999999999998 17 20 24
leaf_count=15 18 17 16 17 20 24
internal_value=0.000827988 0.329195 1.03993 -0.37746 -0.341837 -0.145992
internal_weight=127 68 33 59 35 42
internal_count=127 68 33 59 35 42
is_linear=0
shrinkage=0.05


Tree=99
num_leaves=7
num_cat=0
split_feature=29 63 38 33 50 51
split_gain=4693.56 3865.38 5119.65 5082.33 1469.39 685.179
threshold=56.500000000000007 37.800000000000004 4.5000000000000009 1.0000000180025095e-35 46.45000000000001 59.500000000000007
decision_type=2 2 2 2 2 2
left_child=1 2 -1 -3 5 -5
right_child=-2 3 -4 4 -6 -7
leaf_value=0.75457075042609789 0.67667663922242072 -1.0792099058628082 -0.32291462952491795 -0.11304296365083365 0.30547285275348768 -0.52605001978252242
leaf_weight=23 21 18 21 27 14.999999999999998 15.999999999999998
leaf_count=23 21 18 21 27 15 16
internal_value=-0.0110487 -0.131905 0.240637 -0.347686 -0.119109 -0.2677
internal_weight=141 120 44 76 58 43
internal_count=141 120 44 76 58 43
is_linear=0
shrinkage=0.05


Tree=100
num_leaves=7
num_cat=0
split_feature=65 109 114 53 64 55
split_gain=4556.82 4614.97 4078.4 2188.58 2673.18 2045.33
threshold=42.850000000000001 -0.07083333333333329 4.5000000000000009 24.100000000000005 31.550000000000004 5.3050000000000006
decision_type=2 2 2 2 2 2
left_child=1 -1 3 -3 -5 -4
right_child=-2 2 5 4 -6 -7
leaf_value=0.50885660902583774 0.67670049434869073 -0.55060648373420673 -0.28719648064478587 0.54331711745375144 -0.27320406798916963 -1.0397367098037664
leaf_weight=21 19 14.999999999999998 15.999999999999998 21 19 21
leaf_count=21 19 15 16 21 19 21
internal_value=-0.0376141 -0.158256 -0.310974 -0.0375384 0.155631 -0.7161
internal_weight=132 113 92 55 40 37
internal_count=132 113 92 55 40 37
is_linear=0
shrinkage=0.05


Tree=101
num_leaves=6
num_cat=0
split_feature=35 80 3 37 57
split_gain=4682.82 8255.82 1403.95 2409.42 666.153
threshold=1.0000000180025095e-35 0.088333333333333833 1.5000000000000002 9.0583333333333425 53.45000000000001
decision_type=2 2 2 2 2
left_child=1 -1 -2 -4 -5
right_child=2 -3 3 4 -6
leaf_value=1.0146724036015362 -0.56388387668192086 -0.4364795322281233 0.29133888546991166 -0.15915334921921312 -0.55926120009338642
leaf_weight=25 20 15.999999999999998 26 27 17
leaf_count=25 20 16 26 27 17
internal_value=0.00625029 0.448563 -0.195467 -0.089479 -0.314771
internal_weight=131 41 90 70 44
internal_count=131 41 90 70 44
is_linear=0
shrinkage=0.05


Tree=102
num_leaves=7
num_cat=0
split_feature=30 113 35 118 21 104
split_gain=4317.43 2865.51 2975.76 1103.97 885.246 945.969
threshold=5.5000000000000009 14.416666666666668 -3.6666666666666639 2.5000000000000004 46.600000000000009 18.650000000000002
decision_type=2 2 2 2 2 2
left_child=1 2 -1 -4 -5 -6
right_child=-2 -3 3 4 5 -7
leaf_value=-0.86847509579942717 0.7788680654487864 0.47879363751550863 0.14349664856785352 0.077704726242871003 -0.67431900011782631 -0.17172289754290032
leaf_weight=14.999999999999998 14.999999999999998 17 29 15.999999999999998 14.999999999999998 25
leaf_count=15 15 17 29 16 15 25
internal_value=-0.0168157 -0.119447 -0.221575 -0.106471 -0.236032 -0.361533
internal_weight=132 117 100 85 56 40
internal_count=132 117 100 85 56 40
is_linear=0
shrinkage=0.05


Tree=103
num_leaves=7
num_cat=0
split_feature=65 66 100 96 106 12
split_gain=3439.34 3978.5 2203.32 2305.84 2335.59 798.914
threshold=46.600000000000001 7.8000000000000007 0.15500000000000003 53.500000000000007 7.6500000000000012 55.150000000000013
decision_type=2 2 2 2 2 2
left_child=1 -1 -3 4 5 -4
right_child=-2 2 3 -5 -6 -7
leaf_value=0.4832634059173801 0.64710154063212943 -0.80979526457579232 0.12581830884249792 0.18334788641159477 -0.89489414486664021 -0.38857059126954208
leaf_weight=21 15.999999999999998 15.999999999999998 15.000000000000002 29 14.999999999999998 14.999999999999998
leaf_count=21 16 16 15 29 15 15
internal_value=-0.035858 -0.134841 -0.279498 -0.163833 -0.387593 -0.131646
internal_weight=127 111 90 74 45 30
internal_count=127 111 90 74 45 30
is_linear=0
shrinkage=0.05


Tree=104
num_leaves=7
num_cat=0
split_feature=31 109 64 6 94 95
split_gain=4220.47 3009.17 2013.3 2056.91 1078.04 1484.85
threshold=0.040000000000000042 -0.06250000000000043 49.050000000000004 5.5000000000000009 4.9050000000000002 35.250000000000007
decision_type=2 2 2 2 2 2
left_child=1 -1 3 4 -3 -6
right_child=-2 2 -4 -5 5 -7
leaf_value=0.37811909898535001 0.59767013941563008 -0.64115720269429755 -0.78851315791638488 0.23770206500957541 0.14861011797798929 -0.51152321166873715
leaf_weight=23 24 18 14.999999999999998 23 18 15.999999999999998
leaf_count=23 24 18 15 23 18 16
internal_value=-0.00304781 -0.131094 -0.261557 -0.155189 -0.329187 -0.162483
internal_weight=137 113 90 75 52 34
internal_count=137 113 90 75 52 34
is_linear=0
shrinkage=0.05


Tree=105
num_leaves=6
num_cat=0
split_feature=25 78 109 19 56
split_gain=3583.76 5057.7 4646.11 1740.41 1109.42
threshold=53.550000000000004 -0.22916666666666649 -0.06250000000000043 5.0250000000000012 32.400000000000006
decision_type=2 2 2 2 2
left_child=1 -1 -3 -4 -5
right_child=-2 2 3 4 -6
leaf_value=0.67221790330926168 -0.57743121333968583 0.65947500341427245 -0.74094247219170106 0.15627311823879861 -0.33765187641055561
leaf_weight=29 23 15.999999999999998 15.999999999999998 19 28
leaf_count=29 23 16 16 19 28
internal_value=-0.0121049 0.108665 -0.0987336 -0.292114 -0.137966
internal_weight=131 108 79 63 47
internal_count=131 108 79 63 47
is_linear=0
shrinkage=0.05


Tree=106
num_leaves=6
num_cat=0
split_feature=29 72 65 37 113
split_gain=4231.73 2567.16 1868.83 2057.3 1071.7
threshold=56.500000000000007 -0.31249999999999994 40.45000000000001 2.5166666666666662 2.4083333333333337
decision_type=2 2 2 2 2
left_child=1 -1 3 -3 -5
right_child=-2 2 -4 4 -6
leaf_value=0.40749251173632173 0.71348004590219516 -0.70793488910703939 0.20450046043590187 0.11081147121660638 -0.38212961197181899
leaf_weight=22 20 23 22 23 21
leaf_count=22 20 23 22 23 21
internal_value=0.0458773 -0.0749005 -0.194523 -0.32573 -0.124676
internal_weight=131 111 89 67 44
internal_count=131 111 89 67 44
is_linear=0
shrinkage=0.05


Tree=107
num_leaves=7
num_cat=0
split_feature=25 104 75 120 27 55
split_gain=4364.91 8610.71 11439.6 1420.75 957.628 636.957
threshold=41.050000000000004 20.350000000000005 3.5000000000000004 1.5000000000000002 20.500000000000004 5.4350000000000014
decision_type=2 2 2 2 2 2
left_child=1 -1 -3 -2 -5 -6
right_child=3 2 -4 4 5 -7
leaf_value=-0.35955929696772021 0.13548937906560143 1.8636401687236814 0.091695561411576865 -0.65070750340466244 0.0077155584874360446 -0.43739148593096999
leaf_weight=28 17 14.999999999999998 23 21 15.999999999999998 15.999999999999998
leaf_count=28 17 15 23 21 16 16
internal_value=0.0134069 0.304925 0.794334 -0.261424 -0.388846 -0.215351
internal_weight=136 66 38 70 53 32
internal_count=136 66 38 70 53 32
is_linear=0
shrinkage=0.05


Tree=108
num_leaves=7
num_cat=0
split_feature=20 26 78 39 95 65
split_gain=3627.36 8714.14 3296.43 2472.79 1171.97 1039.2
threshold=36.150000000000013 20.300000000000004 -0.22916666666666649 -0.042500000000000197 31.650000000000002 20.400000000000002
decision_type=2 2 2 2 2 2
left_child=1 -1 -3 -4 -5 -2
right_child=5 2 3 4 -6 -7
leaf_value=1.2530985212936905 -0.68231214470004442 0.48996367017607884 -0.71175020577499215 -0.33809560846216635 0.23340072909631343 -0.16595053748780514
leaf_weight=15.999999999999998 15.999999999999998 22 18 14.999999999999998 22 25
leaf_count=16 16 22 18 15 22 25
internal_value=0.0224663 0.195202 -0.0258958 -0.232845 0.00129144 -0.368749
internal_weight=134 93 77 55 37 41
internal_count=134 93 77 55 37 41
is_linear=0
shrinkage=0.05


Tree=109
num_leaves=8
num_cat=0
split_feature=62 64 51 50 54 67 115
split_gain=3647.93 4817.8 10529 2491.58 2303.47 1616.95 2261.77
threshold=89.100000000000009 28.750000000000004 41.350000000000001 20.250000000000004 46.45000000000001 6.2500000000000009 8.2583333333333382
decision_type=2 2 2 2 2 2 2
left_child=1 2 3 -1 -3 -6 -7
right_child=-2 4 -4 -5 5 6 -8
leaf_value=-0.57464620680085021 0.7324253775426095 0.14150657054469071 1.390529921789043 0.28492176106433997 -0.10262044138378566 -0.37559798274721423 -1.1662952909110398
leaf_weight=19 14.999999999999998 18 14.999999999999998 14.999999999999998 17 23 14.999999999999998
leaf_count=19 15 18 15 15 17 23 15
internal_value=-0.000676235 -0.0913787 0.291723 -0.195555 -0.348644 -0.509114 -0.690089
internal_weight=137 122 49 34 73 55 38
internal_count=137 122 49 34 73 55 38
is_linear=0
shrinkage=0.05


Tree=110
num_leaves=7
num_cat=0
split_feature=70 38 75 119 54 123
split_gain=4851.9 7446.26 8840.65 1706.49 2098.6 1243.85
threshold=-0.012499999999999288 4.5000000000000009 3.5000000000000004 0.48749999999999988 36.45000000000001 0.0024999999999999888
decision_type=2 2 2 2 2 2
left_child=3 2 -2 4 -1 -6
right_child=1 -3 -4 -5 5 -7
leaf_value=-0.60584217539485197 1.7325268799106017 -0.28715620823891841 0.14523379870500608 -0.71758075667464216 0.427456197636017 -0.16128976372032686
leaf_weight=15.999999999999998 14.999999999999998 27 21 15.999999999999998 14.999999999999998 22
leaf_count=16 15 27 21 16 15 22
internal_value=0.022836 0.339836 0.809712 -0.266599 -0.129265 0.0777651
internal_weight=132 63 36 69 53 37
internal_count=132 63 36 69 53 37
is_linear=0
shrinkage=0.05


Tree=111
num_leaves=7
num_cat=0
split_feature=26 112 93 42 33 72
split_gain=4645.57 2718.76 3337.62 1404.76 1403.58 491.307
threshold=20.300000000000004 5.5000000000000009 64.65000000000002 4.5000000000000009 0.50416666666666654 0.20249999999999971
decision_type=2 2 2 2 2 2
left_child=-1 2 3 4 -2 -6
right_child=1 -3 -4 -5 5 -7
leaf_value=0.61774585878706545 -0.70565350277823691 -0.73658775994496317 0.62201744658606395 0.13801083709614212 -0.34882606601122745 0.021939097708137473
leaf_weight=25 15.999999999999998 15.999999999999998 15.999999999999998 25 15.999999999999998 20
leaf_count=25 16 16 16 25 16 20
internal_value=0.0043905 -0.136679 -0.0327346 -0.169482 -0.317392 -0.143217
internal_weight=134 109 93 77 52 36
internal_count=134 109 93 77 52 36
is_linear=0
shrinkage=0.05


Tree=112
num_leaves=8
num_cat=0
split_feature=57 31 119 117 79 14 96
split_gain=3066.18 5491.45 1602.52 2613.28 2069.77 1457.37 1521.5
threshold=42.750000000000007 -0.0016666666666664829 -1.0000000180025095e-35 0.52833333333333321 4.5000000000000009 30.900000000000002 54.95000000000001
decision_type=2 2 2 2 2 2 2
left_child=1 -1 3 4 -2 -4 -7
right_child=2 -3 5 -5 -6 6 -8
leaf_value=-0.26974762344952691 -0.12366900132191889 1.0581076151882576 -0.67883501300564053 -0.44516611948063239 0.69169850701130697 -0.50863718438592753 0.16872151595110085
leaf_weight=16.000000000000004 15.000000000000002 14.999999999999998 23 19 15.999999999999998 15.999999999999998 17
leaf_count=16 15 15 23 19 16 16 17
internal_value=-0.0626495 0.373939 -0.19061 0.0150952 0.297876 -0.374064 -0.160088
internal_weight=137 31 106 50 31 56 33
internal_count=137 31 106 50 31 56 33
is_linear=0
shrinkage=0.05


Tree=113
num_leaves=6
num_cat=0
split_feature=72 38 123 64 43
split_gain=2995.4 8448.71 1447.32 1575.87 1826.23
threshold=1.0000000180025095e-35 4.5000000000000009 -0.011666666666666643 45.850000000000009 0.059166666666666153
decision_type=2 2 2 2 2
left_child=1 -1 -2 4 -4
right_child=2 -3 3 -5 -6
leaf_value=1.092541561081511 0.22829592478512534 -0.24204950913292014 -0.37211958161139402 -0.61438343700780684 0.24029938133593598
leaf_weight=21 20 27 27 21 22
leaf_count=21 20 27 27 21 22
internal_value=0.0241819 0.342788 -0.145878 -0.253029 -0.0971247
internal_weight=138 48 90 70 49
internal_count=138 48 90 70 49
is_linear=0
shrinkage=0.05


Tree=114
num_leaves=7
num_cat=0
split_feature=62 0 117 44 1 0
split_gain=3362.2 4039.27 2817.63 1324.34 875.799 1028.61
threshold=89.100000000000009 430.50000000000006 1.4933333333333341 4.5000000000000009 1.5000000000000002 2661.0000000000005
decision_type=2 2 2 2 2 2
left_child=1 -1 3 4 -3 -6
right_child=-2 2 -4 -5 5 -7
leaf_value=0.66243849021709522 0.68611784057802716 -0.52305370422719577 0.3417706774557448 -0.75465191721126734 0.014167695747552856 -0.44564465304105982
leaf_weight=14.999999999999998 14.999999999999998 20 19 14.999999999999998 37 18
leaf_count=15 15 20 19 15 37 18
internal_value=-0.0183188 -0.104057 -0.210095 -0.326905 -0.240398 -0.136761
internal_weight=139 124 109 90 75 55
internal_count=139 124 109 90 75 55
is_linear=0
shrinkage=0.05


Tree=115
num_leaves=6
num_cat=0
split_feature=70 31 82 95 68
split_gain=2862.05 5391.94 2322.27 1313.69 1390.09
threshold=-0.012499999999999288 0.0025000000000003912 -0.11833333333333317 38.350000000000001 53.500000000000007
decision_type=2 2 2 2 2
left_child=3 2 -2 4 -1
right_child=1 -3 -4 -5 -6
leaf_value=0.21129686610022588 0.30016006313634841 0.88353846713678141 -0.46369792614047878 -0.57345761411330276 -0.329377063222972
leaf_weight=20 18 20 22 22 29
leaf_count=20 18 20 22 22 29
internal_value=-0.0386112 0.215379 -0.119946 -0.253322 -0.108611
internal_weight=131 60 40 71 49
internal_count=131 60 40 71 49
is_linear=0
shrinkage=0.05


Tree=116
num_leaves=7
num_cat=0
split_feature=65 72 76 105 15 62
split_gain=3193.11 1894.52 1951.49 1316.95 876.589 843.011
threshold=42.850000000000001 -0.63083333333333258 2.5666666666666598 23.650000000000002 43.850000000000009 68.65000000000002
decision_type=2 2 2 2 2 2
left_child=1 -1 5 4 -4 -3
right_child=-2 2 3 -5 -6 -7
leaf_value=0.23663079909594412 0.56856212174694842 -0.84706616054307526 0.37478833056443578 -0.4399675733517876 -0.10731114261891261 -0.31378267723203501
leaf_weight=25 18 15.000000000000002 14.999999999999998 18 25 14.999999999999998
leaf_count=25 18 15 15 18 25 15
internal_value=-0.0480246 -0.146702 -0.255805 -0.0860175 0.0738353 -0.582519
internal_weight=131 113 88 58 40 30
internal_count=131 113 88 58 40 30
is_linear=0
shrinkage=0.05


Tree=117
num_leaves=7
num_cat=0
split_feature=91 66 104 38 21 35
split_gain=3944.43 2106.99 1757.16 809.716 834.374 643.728
threshold=6.830000000000001 7.8000000000000007 39.050000000000004 3.5000000000000004 50.900000000000006 9.9250000000000025
decision_type=2 2 2 2 2 2
left_child=1 -1 3 -3 5 -5
right_child=-2 2 -4 4 -6 -7
leaf_value=0.4153014312863974 0.7686939367966622 0.24997588657048528 -0.54013297663622606 0.27311382791064437 -0.35027367098783829 -0.16899885235570411
leaf_weight=19 15.999999999999998 18 23 14.999999999999998 25 18
leaf_count=19 16 18 23 15 25 18
internal_value=0.034519 -0.0655544 -0.158216 -0.0420127 -0.13299 0.0320284
internal_weight=134 118 99 76 58 33
internal_count=134 118 99 76 58 33
is_linear=0
shrinkage=0.05


Tree=118
num_leaves=7
num_cat=0
split_feature=26 115 15 67 67 95
split_gain=3400.22 2490.61 1645.45 1391.24 1529.14 966.888
threshold=20.300000000000004 -10.816666666666663 39.45000000000001 13.750000000000002 10.250000000000002 31.650000000000002
decision_type=2 2 2 2 2 2
left_child=-1 -2 -3 4 5 -4
right_child=1 2 3 -5 -6 -7
leaf_value=0.56742141004248603 0.45585599121643083 -0.62864745357253937 0.12971769864646551 -0.5275531357684673 0.42678282856941224 -0.33849364226805295
leaf_weight=23 17 18 19 14.999999999999998 15.999999999999998 26
leaf_count=23 17 18 19 15 16 26
internal_value=0.0154521 -0.0992827 -0.200111 -0.0978571 0.00841453 -0.140844
internal_weight=134 111 94 76 61 45
internal_count=134 111 94 76 61 45
is_linear=0
shrinkage=0.05


Tree=119
num_leaves=8
num_cat=0
split_feature=101 21 83 23 116 25 106
split_gain=2770.97 5636.81 2765.16 3701.88 1421.19 566.597 364.575
threshold=76.950000000000017 48.250000000000007 2.5000000000000004 67.350000000000009 3.5000000000000004 37.400000000000006 6.0500000000000016
decision_type=2 2 2 2 2 2 2
left_child=2 -2 4 -4 5 -1 -5
right_child=1 -3 3 6 -6 -7 -8
leaf_value=-0.39702401461190728 1.0239046760850188 -0.15488776466547155 0.7908536330753605 0.0056850939594357205 -0.7429513437971883 0.036343606243169076 -0.34198212651227489
leaf_weight=15.000000000000002 18 23 14.999999999999998 15.000000000000002 18 14.999999999999998 14.999999999999998
leaf_count=15 18 23 15 15 18 15 15
internal_value=0.0217739 0.363741 -0.129161 0.152191 -0.3928 -0.180773 -0.168541
internal_weight=134 41 93 45 48 30 30
internal_count=134 41 93 45 48 30 30
is_linear=0
shrinkage=0.05


Tree=120
num_leaves=7
num_cat=0
split_feature=29 16 70 91 101 70
split_gain=3196.45 2090.76 2218.81 1694.67 973.512 946.229
threshold=56.500000000000007 4.9050000000000011 -0.010000000000000229 6.0950000000000006 46.900000000000013 -0.034166666666666672
decision_type=2 2 2 2 2 2
left_child=1 2 -1 4 -3 -6
right_child=-2 3 -4 -5 5 -7
leaf_value=-0.15193000409484569 0.57525031578481489 -0.42532312289713331 0.66913448805051146 -0.61155719202318226 -0.26933779106629613 0.23962208517702113
leaf_weight=18 20 15.999999999999998 14.999999999999998 23 14.999999999999998 23
leaf_count=18 20 16 15 23 15 23
internal_value=-0.00453401 -0.110421 0.222024 -0.253066 -0.099435 0.038406
internal_weight=130 110 33 77 54 38
internal_count=130 110 33 77 54 38
is_linear=0
shrinkage=0.05


Tree=121
num_leaves=8
num_cat=0
split_feature=65 84 39 72 14 63 72
split_gain=3239.58 2270.45 4060.54 8622.75 1435.93 634.323 597.394
threshold=42.850000000000001 -0.0058333333333333423 0.76083333333333358 0.074999999999999969 30.900000000000002 47.600000000000001 -0.10749999999999992
decision_type=2 2 2 2 2 2 2
left_child=1 4 3 -3 -1 -6 -4
right_child=-2 2 6 -5 5 -7 -8
leaf_value=-0.68788834021565659 0.66351795904991917 1.3422655064126718 -0.47862493636199788 -0.19477760006466183 0.091986021714180868 -0.35919101869823133 -0.065045926898543591
leaf_weight=18 17 15.999999999999998 18 21 16.000000000000004 14.999999999999998 17
leaf_count=18 17 16 18 21 16 15 17
internal_value=0.019282 -0.0716624 0.106939 0.471581 -0.333882 -0.126618 -0.278644
internal_weight=138 121 72 37 49 31 35
internal_count=138 121 72 37 49 31 35
is_linear=0
shrinkage=0.05


Tree=122
num_leaves=7
num_cat=0
split_feature=39 72 104 23 17 76
split_gain=2643.96 6516.84 1933.12 2796.32 532.289 1233.52
threshold=0.76083333333333358 1.0000000180025095e-35 17.050000000000001 79.250000000000014 30.350000000000005 7.1750000000000016
decision_type=2 2 2 2 2 2
left_child=1 -1 -3 -4 -2 -6
right_child=4 2 3 -5 5 -7
leaf_value=0.91449511649697635 -0.033381337966498746 -0.55919076243773203 0.52633587359133815 -0.36822890159876454 -0.60353203506369868 -0.0080191428987135792
leaf_weight=24 26 14.999999999999998 19 15.999999999999998 19 15.999999999999998
leaf_count=24 26 15 19 16 19 16
internal_value=0.0382847 0.23907 -0.0862126 0.117366 -0.205202 -0.332238
internal_weight=135 74 50 35 61 35
internal_count=135 74 50 35 61 35
is_linear=0
shrinkage=0.05


Tree=123
num_leaves=7
num_cat=0
split_feature=91 26 103 14 42 72
split_gain=2876.18 1389.05 1468.33 1034.51 939.645 1000.1
threshold=6.830000000000001 20.300000000000004 34.000000000000007 35.400000000000013 4.5000000000000009 0.30249999999999982
decision_type=2 2 2 2 2 2
left_child=1 -1 4 -4 5 -3
right_child=-2 2 3 -5 -6 -7
leaf_value=0.35158860130204683 0.68006002619763883 -0.41743198735824488 -0.68173500054719438 -0.16372685617186489 0.34867032349806781 0.087093287054117896
leaf_weight=18 14.999999999999998 14.999999999999998 14.999999999999998 27 17 28
leaf_count=18 15 15 15 27 17 28
internal_value=0.0296656 -0.0520906 -0.123652 -0.350028 0.0350476 -0.0893481
internal_weight=135 120 102 42 60 43
internal_count=135 120 102 42 60 43
is_linear=0
shrinkage=0.05


Tree=124
num_leaves=7
num_cat=0
split_feature=76 39 4 99 97 121
split_gain=2366.27 6082.48 1612.93 1693.03 2143.72 772.346
threshold=-0.76666666666666561 0.76083333333333358 9.5000000000000018 41.95000000000001 5.3550000000000013 0.32916666666666711
decision_type=2 2 2 2 2 2
left_child=1 -1 3 -2 -5 -6
right_child=2 -3 -4 4 5 -7
leaf_value=0.96182534957109989 0.41608582356868429 -0.2163646026271013 -0.53504637264456423 -0.53229026913103483 0.35256346160580643 -0.14524995587914197
leaf_weight=20 17 24 19 22 16.000000000000004 14.999999999999998
leaf_count=20 17 24 19 22 16 15
internal_value=0.0204611 0.32003 -0.127777 -0.0165556 -0.155944 0.111833
internal_weight=133 44 89 70 53 31
internal_count=133 44 89 70 53 31
is_linear=0
shrinkage=0.05


Tree=125
num_leaves=8
num_cat=0
split_feature=104 26 0 0 35 56 104
split_gain=2234.92 5506.88 2157.24 3519.09 2035.3 959.57 957.16
threshold=21.050000000000004 20.300000000000004 1581.5000000000002 2923.0000000000005 5.6250000000000027 33.400000000000006 37.150000000000006
decision_type=2 2 2 2 2 2 2
left_child=4 -2 6 -4 -1 -6 -3
right_child=1 2 3 -5 5 -7 -8
leaf_value=-0.69909473124129995 0.97999840019652551 -0.033560379188113068 0.72658440847752503 -0.2046125240140147 -0.30935573783141884 0.25430365398230148 -0.56784331246976449
leaf_weight=18 15.999999999999998 14.999999999999998 18 23 15.000000000000002 14.999999999999998 19
leaf_count=18 16 15 18 23 15 15 19
internal_value=-0.00460005 0.140944 -0.0390538 0.204857 -0.280351 -0.0274514 -0.333067
internal_weight=139 91 75 41 48 30 34
internal_count=139 91 75 41 48 30 34
is_linear=0
shrinkage=0.05


Tree=126
num_leaves=7
num_cat=0
split_feature=65 109 63 3 20 19
split_gain=3124.85 2214.79 1994.83 1476.83 746.621 486.062
threshold=42.850000000000001 -0.07083333333333329 28.500000000000004 4.5000000000000009 30.050000000000004 5.3550000000000013
decision_type=2 2 2 2 2 2
left_child=1 -1 -3 4 -4 -6
right_child=-2 2 3 -5 5 -7
leaf_value=0.35171466666648832 0.64207429441606034 0.28762774551123904 -0.44160956031647491 -0.70504598359561921 0.12518425317100398 -0.21765241767608279
leaf_weight=22 15.999999999999998 17 20 18 18 24
leaf_count=22 16 17 20 18 18 24
internal_value=-0.0116843 -0.100092 -0.202872 -0.307394 -0.190917 -0.0706553
internal_weight=135 119 97 80 62 42
internal_count=135 119 97 80 62 42
is_linear=0
shrinkage=0.05


Tree=127
num_leaves=6
num_cat=0
split_feature=30 123 44 123 71
split_gain=2431.38 2119.46 1638.92 723.198 614.849
threshold=5.5000000000000009 -0.011666666666666643 3.5000000000000004 1.0000000180025095e-35 3.5000000000000004
decision_type=2 2 2 2 2
left_child=1 -1 3 -3 -5
right_child=-2 2 -4 4 -6
leaf_value=0.32786740499009071 0.61187640846959812 -0.27342826457045194 -0.50196093567183098 0.33579300085440383 -0.057399681583046917
leaf_weight=27 14.999999999999998 22 27 14.999999999999998 29
leaf_count=27 15 22 27 15 29
internal_value=0.0138696 -0.0612869 -0.174552 -0.0399791 0.0769874
internal_weight=135 120 93 66 44
internal_count=135 120 93 66 44
is_linear=0
shrinkage=0.05


Tree=128
num_leaves=8
num_cat=0
split_feature=20 26 78 72 28 65 96
split_gain=2542.5 5567.74 2355.06 1384.33 1615.6 596.649 391.062
threshold=36.150000000000013 20.300000000000004 -0.39083333333333264 0.56916666666666649 12.900000000000002 20.400000000000002 52.45000000000001
decision_type=2 2 2 2 2 2 2
left_child=1 -1 -3 4 -4 -2 -5
right_child=5 2 3 6 -6 -7 -8
leaf_value=1.0314151637601536 -0.57715188635895587 0.45315034804652576 -0.77678451206510424 -0.1119981898377273 -0.043471979265970906 -0.17104021145667866 0.24780991190415347
leaf_weight=14.999999999999998 14.999999999999998 20 15.000000000000002 15.000000000000002 14.999999999999998 23 14.999999999999998
leaf_count=15 15 20 15 15 15 23 15
internal_value=0.0125211 0.150816 -0.0153158 -0.172049 -0.411657 -0.332573 0.0679653
internal_weight=133 95 80 60 30 38 30
internal_count=133 95 80 60 30 38 30
is_linear=0
shrinkage=0.05


Tree=129
num_leaves=7
num_cat=0
split_feature=26 33 70 92 119 26
split_gain=3345.58 1383.97 1228.21 969.704 935.182 708.251
threshold=17.400000000000002 1.0000000180025095e-35 0.034166666666666685 35.500000000000007 -0.33000000000000046 33.900000000000006
decision_type=2 2 2 2 2 2
left_child=-1 -2 3 4 -3 -6
right_child=1 2 -4 -5 5 -7
leaf_value=0.63580897300564054 -0.47967767127882244 0.33243767378493128 0.35185474730723088 -0.34426767910571443 -0.38381475612817223 0.086146112840775155
leaf_weight=17 21 15.999999999999998 17 29 14.999999999999998 17
leaf_count=17 21 16 17 29 15 17
internal_value=-0.0167343 -0.113709 -0.0314743 -0.116517 0.0214084 -0.134502
internal_weight=132 115 94 77 48 32
internal_count=132 115 94 77 48 32
is_linear=0
shrinkage=0.05


Tree=130
num_leaves=7
num_cat=0
split_feature=31 33 107 0 109 104
split_gain=2385.6 4476.46 1967.27 1240.46 947.683 895.716
threshold=-0.0024999999999999463 0.11583333333333369 51.500000000000007 1581.5000000000002 -0.027499999999998966 24.500000000000004
decision_type=2 2 2 2 2 2
left_child=2 -2 -1 -3 -4 -6
right_child=1 3 4 -5 5 -7
leaf_value=-0.71182706111314287 0.79807627233444833 -0.29509363896088581 0.25583514779898692 0.20794488591549198 0.062336141167220117 -0.4505701071484971
leaf_weight=14.999999999999998 22 26 15.999999999999998 23 15.999999999999998 18
leaf_count=15 22 26 16 23 16 18
internal_value=0.00703688 0.207301 -0.211618 -0.0589291 -0.0603346 -0.209581
internal_weight=136 71 65 49 50 34
internal_count=136 71 65 49 50 34
is_linear=0
shrinkage=0.05


Tree=131
num_leaves=6
num_cat=0
split_feature=25 39 67 26 54
split_gain=2068.23 3393.91 5658.84 1203.17 488.753
threshold=53.550000000000004 0.62583333333333291 7.2500000000000009 31.700000000000006 50.45000000000001
decision_type=2 2 2 2 2
left_child=1 2 -1 -3 -5
right_child=-2 3 -4 4 -6
leaf_value=-0.13961630196406924 -0.39157656803864616 -0.45455730856813459 0.89232357018438213 0.17928042821030121 -0.17392808041335403
leaf_weight=26 27 22 27 20 19
leaf_count=26 27 22 27 20 19
internal_value=0.00104218 0.0943363 0.386685 -0.159807 0.00707187
internal_weight=141 114 53 61 39
internal_count=141 114 53 61 39
is_linear=0
shrinkage=0.05


Tree=132
num_leaves=7
num_cat=0
split_feature=31 33 110 53 64 119
split_gain=2251.1 3968.87 1666.58 1246.69 1432.51 898.276
threshold=-0.0024999999999999463 0.11583333333333369 4.5000000000000009 22.600000000000005 31.550000000000004 0.16666666666666655
decision_type=2 2 2 2 2 2
left_child=2 -2 5 -3 -5 -1
right_child=1 3 -4 4 -6 -7
leaf_value=0.18246504572820871 0.76216108438810459 -0.43687569984537095 -0.53865452798239255 0.4707486894746491 -0.18883093605383983 -0.31344270575914956
leaf_weight=23 21 14.999999999999998 25 14.999999999999998 18 14.999999999999998
leaf_count=23 21 15 25 15 18 15
internal_value=-0.00653316 0.190597 -0.222477 -0.0604232 0.111343 -0.0134657
internal_weight=132 69 63 48 33 38
internal_count=132 69 63 48 33 38
is_linear=0
shrinkage=0.05


Tree=133
num_leaves=7
num_cat=0
split_feature=122 98 45 95 11 117
split_gain=2243.52 4193.61 3246.06 1741.34 1361.84 1136.27
threshold=2.5000000000000004 34.95000000000001 -0.024166666666666666 32.750000000000007 28.100000000000005 0.12499999999999957
decision_type=2 2 2 2 2 2
left_child=1 3 -2 -1 -4 -6
right_child=2 -3 4 -5 5 -7
leaf_value=0.39767081638835128 0.47223999624015295 0.98042136557054838 -0.71832076571635073 -0.30561454465603943 0.053218822186934078 -0.42303086970604309
leaf_weight=14.999999999999998 17 14.999999999999998 14.999999999999998 21 26 24
leaf_count=15 17 15 15 21 26 24
internal_value=0.0209117 0.281032 -0.140955 -0.0121506 -0.301884 -0.175669
internal_weight=133 51 82 36 65 50
internal_count=133 51 82 36 65 50
is_linear=0
shrinkage=0.05


Tree=134
num_leaves=7
num_cat=0
split_feature=35 63 62 54 115 29
split_gain=1247.15 1282.38 1043.45 861.391 561.701 355.547
threshold=-4.9250000000000034 28.500000000000004 89.100000000000009 46.45000000000001 7.799999999999998 53.500000000000007
decision_type=2 2 2 2 2 2
left_child=-1 -2 3 -3 5 -5
right_child=1 2 -4 4 -6 -7
leaf_value=-0.50280213593119416 0.31816175856398354 0.026537606979180062 0.25283197898738435 -0.025770474091079666 -0.55230717973576648 -0.33577569195183155
leaf_weight=18 19 28 14.999999999999998 15.999999999999998 17 22
leaf_count=18 19 28 15 16 17 22
internal_value=-0.116509 -0.0566579 -0.129628 -0.199029 -0.313793 -0.205789
internal_weight=135 117 98 83 55 38
internal_count=135 117 98 83 55 38
is_linear=0
shrinkage=0.05


Tree=135
num_leaves=8
num_cat=0
split_feature=62 49 51 45 26 26 19
split_gain=2160.77 2737.98 6996.46 1360.69 1041.27 796.237 319.736
threshold=89.100000000000009 5.0900000000000007 42.150000000000013 1.0000000180025095e-35 39.100000000000001 42.500000000000007 5.3100000000000014
decision_type=2 2 2 2 2 2 2
left_child=1 2 4 5 -1 6 -3
right_child=-2 3 -4 -5 -6 -7 -8
leaf_value=-0.36273116962218183 0.57119227568834829 -0.11518296273598756 1.1199607747280045 -0.57069288829797526 0.17128408239377257 -0.39341742437078348 0.20505799627461971
leaf_weight=23 14.999999999999998 16.000000000000004 14.999999999999998 24 14.999999999999998 15.999999999999998 14.999999999999998
leaf_count=23 15 16 15 24 15 16 15
internal_value=0.00641928 -0.062265 0.209392 -0.265131 -0.151908 -0.108112 0.0397727
internal_weight=139 124 53 71 38 47 31
internal_count=139 124 53 71 38 47 31
is_linear=0
shrinkage=0.05


Tree=136
num_leaves=7
num_cat=0
split_feature=66 87 87 114 41 60
split_gain=1808.3 1336.02 2168.33 1338.64 1157.37 781.863
threshold=6.4500000000000002 6.745000000000001 6.8050000000000006 4.5000000000000009 -0.10583333333333388 48.550000000000004
decision_type=2 2 2 2 2 2
left_child=-1 4 -3 5 -2 -4
right_child=1 2 3 -5 -6 -7
leaf_value=0.43755378456589594 -0.087972069002384509 0.41757263592465432 0.30257655194658317 -0.45793519964465851 -0.60103890022001649 -0.20620821838742059
leaf_weight=15.999999999999998 22 22 15.000000000000002 23 22 14.999999999999998
leaf_count=16 22 22 15 23 22 15
internal_value=-0.0597877 -0.12701 0.00133441 -0.171811 -0.3454 0.0481781
internal_weight=135 119 75 53 44 30
internal_count=135 119 75 53 44 30
is_linear=0
shrinkage=0.05


Tree=137
num_leaves=7
num_cat=0
split_feature=92 0 63 26 65 60
split_gain=2724.85 1263.16 2338.32 993.707 707.741 411.356
threshold=45.900000000000006 2343.0000000000005 37.800000000000004 31.700000000000006 30.550000000000001 45.850000000000009
decision_type=2 2 2 2 2 2
left_child=1 2 -1 -3 -4 -6
right_child=-2 3 4 -5 5 -7
leaf_value=0.41261492583675319 0.49765847739959812 -0.58333586433477569 -0.44766508514517983 -0.079349045874752513 0.15678461032197963 -0.21224649840632814
leaf_weight=28 26 17 14.999999999999998 23 15.000000000000002 14.999999999999998
leaf_count=28 26 17 15 23 15 15
internal_value=0.0371541 -0.0691047 0.0546137 -0.294589 -0.168453 -0.027657
internal_weight=139 113 73 40 45 30
internal_count=139 113 73 40 45 30
is_linear=0
shrinkage=0.05


Tree=138
num_leaves=7
num_cat=0
split_feature=70 26 63 64 80 63
split_gain=2014.17 3226.24 1570.05 811.229 852.008 740.591
threshold=-0.012499999999999288 27.800000000000004 39.000000000000007 19.500000000000004 0.46249999999999997 53.550000000000004
decision_type=2 2 2 2 2 2
left_child=3 -2 -3 -1 5 -5
right_child=1 2 -4 4 -6 -7
leaf_value=-0.47833962246127754 0.69159009064430788 0.27589108092867914 -0.33473451528613923 0.26231029141005746 -0.33043798824057197 -0.18793672284354335
leaf_weight=15.999999999999998 23 20 22 21 21 15.999999999999998
leaf_count=16 23 20 22 21 21 16
internal_value=0.0140113 0.216951 -0.043877 -0.164231 -0.0768206 0.0674923
internal_weight=139 65 42 74 58 37
internal_count=139 65 42 74 58 37
is_linear=0
shrinkage=0.05


Tree=139
num_leaves=7
num_cat=0
split_feature=66 62 104 63 65 37
split_gain=1923.89 2167.21 1063.23 921.19 1226.67 1020.69
threshold=6.4500000000000002 89.100000000000009 39.050000000000004 46.000000000000007 17.900000000000002 9.2749999999999968
decision_type=2 2 2 2 2 2
left_child=-1 2 3 4 -2 -5
right_child=1 -3 -4 5 -6 -7
leaf_value=0.51783396834569273 -0.20648980929082136 0.47977824329540431 -0.46909064698745229 -0.5716087433862389 0.27444073360585658 0.0012934156773698252
leaf_weight=14.999999999999998 25 14.999999999999998 22 16.000000000000004 28 14.999999999999998
leaf_count=15 25 15 22 16 28 15
internal_value=-0.0143089 -0.0806914 -0.160428 -0.0790663 0.0475309 -0.295124
internal_weight=136 121 106 84 53 31
internal_count=136 121 106 84 53 31
is_linear=0
shrinkage=0.05


Tree=140
num_leaves=7
num_cat=0
split_feature=26 39 53 106 6 84
split_gain=1637.03 984.983 742.22 681.937 501.005 228.067
threshold=20.300000000000004 -0.042500000000000197 24.100000000000005 14.550000000000002 2.5000000000000004 -0.0033333333333333405
decision_type=2 2 2 2 2 2
left_child=-1 -2 -3 4 -4 -6
right_child=1 2 3 -5 5 -7
leaf_value=0.31044128690186135 -0.3983015699404866 -0.31156931934665089 0.16488626100863629 0.33048815061739151 -0.043911564925260715 -0.31163118146113217
leaf_weight=26 26 20 17 14.999999999999998 17 14.999999999999998
leaf_count=26 26 20 17 15 17 15
internal_value=-0.0455716 -0.129971 -0.046482 0.0366366 -0.053706 -0.170141
internal_weight=136 110 84 64 49 32
internal_count=136 110 84 64 49 32
is_linear=0
shrinkage=0.05


Tree=141
num_leaves=6
num_cat=0
split_feature=39 72 20 6 53
split_gain=2015.34 3971.83 1315.22 589.466 599.445
threshold=0.62583333333333291 1.0000000180025095e-35 33.850000000000001 1.5000000000000002 26.700000000000006
decision_type=2 2 2 2 2
left_child=1 -1 -3 -2 -5
right_child=3 2 -4 4 -6
leaf_value=0.79654937084252231 0.050566596332178929 0.18224548682623487 -0.36424625585092363 -0.49775843808525488 -0.11846519176645474
leaf_weight=21 22 28 18 17 27
leaf_count=21 22 28 18 17 27
internal_value=0.0355062 0.228546 -0.0318169 -0.160432 -0.26592
internal_weight=133 67 46 66 44
internal_count=133 67 46 66 44
is_linear=0
shrinkage=0.05


Tree=142
num_leaves=7
num_cat=0
split_feature=38 26 26 0 109 50
split_gain=1968.38 4285.67 1007.82 1134.8 890.592 420.496
threshold=3.5000000000000004 27.800000000000004 33.900000000000006 2433.5000000000005 -0.049166666666666352 32.300000000000004
decision_type=2 2 2 2 2 2
left_child=1 -1 3 -2 -4 -6
right_child=2 -3 4 -5 5 -7
leaf_value=0.82492580846022645 -0.07236564757560919 -0.14211269921040631 -0.23657938327108111 -0.58985755020610942 0.41041985971248701 0.035992240057086317
leaf_weight=21 28 25 15.999999999999998 17 15.000000000000002 14.999999999999998
leaf_count=21 28 25 16 17 15 15
internal_value=0.0338495 0.300085 -0.100858 -0.268848 0.0635986 0.224114
internal_weight=137 46 91 45 46 30
internal_count=137 46 91 45 46 30
is_linear=0
shrinkage=0.05


Tree=143
num_leaves=6
num_cat=0
split_feature=31 33 14 24 81
split_gain=1977.61 3299.61 1136.01 867.792 797.449
threshold=-0.0024999999999999463 0.11583333333333369 24.900000000000002 51.100000000000009 3.5000000000000004
decision_type=2 2 2 2 2
left_child=2 -2 -1 -3 -4
right_child=1 3 4 -5 -6
leaf_value=-0.57713144433419439 0.69297979999991011 -0.21732241423781384 0.10770035548228414 0.20983825755949637 -0.30044116085201367
leaf_weight=14.999999999999998 22 29 26 20 22
leaf_count=15 22 29 26 20 22
internal_value=0.00492219 0.185774 -0.198787 -0.042797 -0.0794963
internal_weight=134 71 63 49 48
internal_count=134 71 63 49 48
is_linear=0
shrinkage=0.05


Tree=144
num_leaves=7
num_cat=0
split_feature=123 95 33 69 19 0
split_gain=1539.93 1768.18 1295.99 1095.62 960.957 443.141
threshold=-0.017499999999999998 41.250000000000007 0.75500000000000045 2.5000000000000004 5.2350000000000012 1988.0000000000002
decision_type=2 2 2 2 2 2
left_child=-1 2 3 -2 -5 -4
right_child=1 -3 5 4 -6 -7
leaf_value=0.38145975303738866 -0.091398559261471349 0.41278654996133013 0.20564112899145248 -0.80982092642626213 -0.25081587122834248 -0.11468894674244644
leaf_weight=20 28 14.999999999999998 21 15.000000000000002 15.999999999999998 22
leaf_count=20 28 15 21 15 16 22
internal_value=-0.0228294 -0.0922481 -0.166898 -0.318862 -0.523197 0.0417495
internal_weight=137 117 102 59 31 43
internal_count=137 117 102 59 31 43
is_linear=0
shrinkage=0.05


Tree=145
num_leaves=8
num_cat=0
split_feature=62 66 26 3 35 92 26
split_gain=1809.76 2280.78 3215.7 1531.33 1444.26 513.258 438.894
threshold=89.100000000000009 19.100000000000005 23.650000000000002 4.5000000000000009 1.0000000180025095e-35 24.150000000000002 33.900000000000006
decision_type=2 2 2 2 2 2 2
left_child=1 2 -1 5 -3 -4 -6
right_child=-2 4 3 -5 6 -7 -8
leaf_value=0.75086902653948862 0.50408490962863706 -0.7161307848595232 -0.019810937371170314 0.37027733479904029 -0.34343012934145722 -0.38943313315016398 -0.0057430666017334493
leaf_weight=15.999999999999998 15.999999999999998 14.999999999999998 17 14.999999999999998 15.999999999999998 21 24
leaf_count=16 16 15 17 15 16 21 24
internal_value=0.00531001 -0.0593621 0.131974 -0.0558309 -0.299296 -0.224693 -0.141462
internal_weight=140 124 69 53 55 38 40
internal_count=140 124 69 53 55 38 40
is_linear=0
shrinkage=0.05


Tree=146
num_leaves=6
num_cat=0
split_feature=66 109 35 26 83
split_gain=1610.78 1753.46 1018.06 729.825 552.304
threshold=6.4500000000000002 -0.06250000000000043 -1.6500000000000001 31.700000000000006 1.5000000000000002
decision_type=2 2 2 2 2
left_child=-1 -2 -3 -4 -5
right_child=1 2 3 4 -6
leaf_value=0.46789376597284094 0.26503836799983027 -0.52256591056591895 -0.30912253254014188 0.24342292327629891 -0.1146014524694161
leaf_weight=14.999999999999998 28 18 27 17 29
leaf_count=15 28 18 27 17 29
internal_value=-0.0185702 -0.0802725 -0.186751 -0.103278 0.0178445
internal_weight=134 119 91 73 46
internal_count=134 119 91 73 46
is_linear=0
shrinkage=0.05


Tree=147
num_leaves=7
num_cat=0
split_feature=91 65 33 110 118 105
split_gain=2407.33 1227.18 1862.74 1190.76 831.769 457.756
threshold=6.830000000000001 31.700000000000006 0.16916666666666716 4.5000000000000009 2.5000000000000004 11.300000000000002
decision_type=2 2 2 2 2 2
left_child=1 3 -3 4 -1 -6
right_child=-2 2 -4 -5 5 -7
leaf_value=0.26599083917819905 0.59738121017906243 0.56115515249514436 -0.10075525975524319 -0.47861144790401711 -0.35198131094979979 0.014725260325470328
leaf_weight=14.999999999999998 15.999999999999998 17 28 23 18 15.999999999999998
leaf_count=15 16 17 28 23 18 16
internal_value=0.0241106 -0.0546859 0.149879 -0.182639 -0.042919 -0.17973
internal_weight=133 117 45 72 49 34
internal_count=133 117 45 72 49 34
is_linear=0
shrinkage=0.05


Tree=148
num_leaves=7
num_cat=0
split_feature=30 123 37 70 26 89
split_gain=1581.67 1667.29 1179.25 1509.51 450.195 258.14
threshold=5.5000000000000009 -0.011666666666666643 3.1999999999999997 -0.013333333333333195 31.700000000000006 24.900000000000002
decision_type=2 2 2 2 2 2
left_child=1 -1 3 -3 -4 -6
right_child=-2 2 4 -5 5 -7
leaf_value=0.30325618009743111 0.48164792653196342 -0.058254926943639554 -0.19845491134705237 -0.73453494455688484 0.23744805800287347 -0.033462326072197589
leaf_weight=26 15.999999999999998 17 20 15.999999999999998 17 18
leaf_count=26 16 17 20 16 17 18
internal_value=0.0177025 -0.0477339 -0.151719 -0.387528 -0.00969601 0.0982819
internal_weight=130 114 88 33 55 35
internal_count=130 114 88 33 55 35
is_linear=0
shrinkage=0.05


Tree=149
num_leaves=7
num_cat=0
split_feature=30 121 91 16 13 121
split_gain=2132.66 1317.16 1622.73 1523.14 849.563 527.698
threshold=5.5000000000000009 -0.1916666666666664 6.4700000000000015 4.7500000000000009 5.2950000000000008 0.29166666666666702
decision_type=2 2 2 2 2 2
left_child=1 3 5 -1 -5 -3
right_child=-2 2 -4 4 -6 -7
leaf_value=0.17313045626444534 0.5678920695323818 0.093247453263858027 0.54078856947406251 -0.71212355573445763 -0.22302411454835089 -0.23328345210304088
leaf_weight=14.999999999999998 14.999999999999998 28 14.999999999999998 14.999999999999998 22 22
leaf_count=15 15 28 15 15 22 22
internal_value=0.00861573 -0.0634674 0.0864915 -0.250818 -0.422827 -0.0505052
internal_weight=132 117 65 52 37 50
internal_count=132 117 65 52 37 50
is_linear=0
shrinkage=0.05


Tree=150
num_leaves=7
num_cat=0
split_feature=70 67 28 16 21 92
split_gain=1712.18 3215.8 5594.46 838.822 785.254 760.251
threshold=-0.012499999999999288 7.2500000000000009 7.8500000000000005 5.4700000000000015 46.600000000000009 36.250000000000007
decision_type=2 2 2 2 2 2
left_child=3 5 -3 4 -1 -2
right_child=1 2 -4 -5 -6 -7
leaf_value=-0.023141509331531404 0.069402989350407313 1.1701363782436525 -0.092053021292989423 0.057304106490528452 -0.46850425900170634 -0.43252897980986849
leaf_weight=15.999999999999998 15.000000000000002 17 18 27 26 14.999999999999998
leaf_count=16 15 17 18 27 26 15
internal_value=0.0134405 0.197465 0.522455 -0.159878 -0.299419 -0.182
internal_weight=134 65 35 69 42 30
internal_count=134 65 35 69 42 30
is_linear=0
shrinkage=0.05


Tree=151
num_leaves=7
num_cat=0
split_feature=38 30 107 26 108 102
split_gain=1589.59 3904.35 748.477 660.042 769.023 387.181
threshold=3.5000000000000004 2.5000000000000004 56.500000000000007 27.800000000000004 3.5000000000000004 42.850000000000001
decision_type=2 2 2 2 2 2
left_child=1 -1 3 -2 5 -5
right_child=2 -3 -4 4 -6 -7
leaf_value=-0.35531383204904404 -0.23859846505168758 0.62144552764095018 -0.4214189319815857 0.090563779632458499 0.36955408690781 -0.24818717888648939
leaf_weight=15.999999999999998 26 28 14.999999999999998 19 14.999999999999998 14.999999999999998
leaf_count=16 26 28 15 19 15 15
internal_value=0.0201613 0.266147 -0.100205 -0.0354196 0.0725541 -0.0590281
internal_weight=134 44 90 75 49 34
internal_count=134 44 90 75 49 34
is_linear=0
shrinkage=0.05


Tree=152
num_leaves=7
num_cat=0
split_feature=65 64 4 62 111 95
split_gain=1632.37 1357.62 1886.8 1829.07 1209.66 471.332
threshold=42.850000000000001 36.95000000000001 2.5000000000000004 59.400000000000006 0.70583333333333276 33.20000000000001
decision_type=2 2 2 2 2 2
left_child=1 2 -1 -4 -3 -5
right_child=-2 4 3 5 -6 -7
leaf_value=-0.35250915871553512 0.4647461534842201 -0.082613824425396581 0.58421327098092035 0.15955860333917027 -0.64352194130050466 -0.20181383868319946
leaf_weight=21 15.999999999999998 24 20 19 15.999999999999998 17
leaf_count=21 16 24 20 19 16 17
internal_value=-0.00727263 -0.0722067 0.0505356 0.202125 -0.308147 -0.0110373
internal_weight=133 117 77 56 40 36
internal_count=133 117 77 56 40 36
is_linear=0
shrinkage=0.05


Tree=153
num_leaves=7
num_cat=0
split_feature=75 34 111 102 55 119
split_gain=1436.4 3877.06 839.759 824.649 504.309 419.593
threshold=3.5000000000000004 4.5000000000000009 0.92166666666666741 42.850000000000001 5.1000000000000005 0.1000000000000001
decision_type=2 2 2 2 2 2
left_child=1 -1 4 -3 -2 -6
right_child=2 3 -4 -5 5 -7
leaf_value=0.77659593021682416 -0.21227024998996971 0.10935100640971862 -0.45412305069636116 -0.37088271422971109 0.234081205179554 -0.106862509529493
leaf_weight=19 27 20 15.999999999999998 15.999999999999998 19 17
leaf_count=19 27 20 16 16 19 17
internal_value=0.00469368 0.200721 -0.131799 -0.104384 -0.0492698 0.0730915
internal_weight=134 55 79 36 63 36
internal_count=134 55 79 36 63 36
is_linear=0
shrinkage=0.05


Tree=154
num_leaves=7
num_cat=0
split_feature=109 109 24 49 31 67
split_gain=1674.2 1132.49 842.496 1027.11 803.001 428.846
threshold=-0.06250000000000043 -0.025833333333333371 30.550000000000001 5.1750000000000007 0.0050000000000003384 10.250000000000002
decision_type=2 2 2 2 2 2
left_child=-1 4 -3 -4 -2 -5
right_child=1 2 3 5 -6 -7
leaf_value=0.33367054140430757 -0.11896904778221376 -0.34198572252759873 0.32849513129079988 0.061128995000426449 -0.62870350793892193 -0.28516978375289753
leaf_weight=26 16.000000000000004 14.999999999999998 24 20 14.999999999999998 15.999999999999998
leaf_count=26 16 15 24 20 15 16
internal_value=-0.0250554 -0.113323 -0.00805316 0.0757769 -0.367004 -0.0930067
internal_weight=132 106 75 60 31 36
internal_count=132 106 75 60 31 36
is_linear=0
shrinkage=0.05


Tree=155
num_leaves=7
num_cat=0
split_feature=101 21 52 95 116 55
split_gain=1647.26 3357.91 1177.72 717.127 544.665 437.655
threshold=76.950000000000017 48.250000000000007 3.5400000000000005 39.650000000000006 3.5000000000000004 5.1900000000000004
decision_type=2 2 2 2 2 2
left_child=2 -2 -1 4 5 -4
right_child=1 -3 3 -5 -6 -7
leaf_value=0.28928610196966215 0.79454234090377707 -0.14847614406409421 -0.16771519740074001 -0.50277873017741925 -0.2790173926509123 0.1850183562349878
leaf_weight=14.999999999999998 17 21 17 14.999999999999998 29 18
leaf_count=15 17 21 17 15 29 18
internal_value=-0.00309171 0.274247 -0.115433 -0.19261 -0.119165 0.0135585
internal_weight=132 38 94 79 64 35
internal_count=132 38 94 79 64 35
is_linear=0
shrinkage=0.05


Tree=156
num_leaves=6
num_cat=0
split_feature=34 61 74 62 57
split_gain=1240.08 967.055 730.719 509.432 344.694
threshold=2.5000000000000004 0.18500000000000003 2.6916666666666704 69.200000000000003 51.20000000000001
decision_type=2 2 2 2 2
left_child=-1 2 3 -2 -4
right_child=1 -3 4 -5 -6
leaf_value=0.35024156134520007 -0.45773988468614646 0.27159458754355448 0.10332696579166295 -0.11272885235847455 -0.14691364556351158
leaf_weight=20 22 17 29 21 26
leaf_count=20 22 17 29 21 26
internal_value=-0.0120884 -0.0753953 -0.135854 -0.290015 -0.0149298
internal_weight=135 115 98 43 55
internal_count=135 115 98 43 55
is_linear=0
shrinkage=0.05


Tree=157
num_leaves=7
num_cat=0
split_feature=123 62 33 70 33 35
split_gain=2004.89 1496.51 1167.33 1300.19 719.938 454.046
threshold=-0.017499999999999998 86.450000000000017 0.75500000000000045 -0.035833333333333155 0.16916666666666716 15.374999999999998
decision_type=2 2 2 2 2 2
left_child=-1 2 3 -2 -5 -4
right_child=1 -3 5 4 -6 -7
leaf_value=0.51735782490836246 0.094944906629473969 0.28073341405664781 0.24028540141674695 -0.66171322079440253 -0.23563260883834231 -0.10491219506186632
leaf_weight=17 14.999999999999998 25 18 20 20 20
leaf_count=17 15 25 18 20 20 20
internal_value=0.0113299 -0.0619064 -0.15427 -0.301325 -0.449916 0.0586727
internal_weight=135 118 93 55 40 38
internal_count=135 118 93 55 40 38
is_linear=0
shrinkage=0.05


Tree=158
num_leaves=6
num_cat=0
split_feature=70 33 5 14 23
split_gain=1889.97 2890.97 879.908 598.705 531.99
threshold=-0.012499999999999288 0.11583333333333369 1.0000000180025095e-35 30.900000000000002 79.250000000000014
decision_type=2 2 2 2 2
left_child=3 -2 -3 -1 -5
right_child=1 2 -4 4 -6
leaf_value=-0.31232095998041748 0.82503567837780301 -0.18092318290836132 0.27619416825843984 0.14783982433595105 -0.18436329819849417
leaf_weight=27 15.999999999999998 22 20 24 24
leaf_count=27 16 22 20 24 24
internal_value=0.0412251 0.255356 0.036772 -0.124422 -0.0181958
internal_weight=133 58 42 75 48
internal_count=133 58 42 75 48
is_linear=0
shrinkage=0.05


Tree=159
num_leaves=7
num_cat=0
split_feature=70 94 62 104 111 115
split_gain=1235.9 2447.62 3376.97 639.378 641.356 404.881
threshold=-0.012499999999999288 4.9400000000000004 60.350000000000009 37.150000000000006 -0.12250000000000048 4.8499999999999988
decision_type=2 2 2 2 2 2
left_child=3 -2 -3 4 -1 -6
right_child=1 2 -4 -5 5 -7
leaf_value=-0.25618763588276144 -0.27800188985481084 0.98323730017175748 0.060728315036116587 -0.42433846675797016 0.2630654300294053 -0.081571033835740381
leaf_weight=24 21 14.999999999999998 29 14.999999999999998 15.999999999999998 18
leaf_count=24 21 15 29 15 16 18
internal_value=0.00662941 0.165103 0.37685 -0.134442 -0.0587815 0.0807601
internal_weight=138 65 44 73 58 34
internal_count=138 65 44 73 58 34
is_linear=0
shrinkage=0.05


Tree=160
num_leaves=7
num_cat=0
split_feature=92 107 117 57 54 89
split_gain=1480.19 1027.31 468.082 752.79 664.215 299.395
threshold=45.900000000000006 56.500000000000007 0.12499999999999957 55.650000000000013 46.45000000000001 21.250000000000004
decision_type=2 2 2 2 2 2
left_child=1 2 3 5 -4 -1
right_child=-2 -3 4 -5 -6 -7
leaf_value=0.078017760467845074 0.32035607389244902 -0.48876701890435448 0.049464953056911919 0.34405877585088984 -0.34371403864709849 -0.23680870726408554
leaf_weight=15.000000000000002 25 14.999999999999998 20 15.999999999999998 23 14.999999999999998
leaf_count=15 25 15 20 16 23 15
internal_value=-0.024271 -0.10739 -0.0425808 0.0681476 -0.161034 -0.0794931
internal_weight=129 104 89 46 43 30
internal_count=129 104 89 46 43 30
is_linear=0
shrinkage=0.05


Tree=161
num_leaves=8
num_cat=0
split_feature=62 66 38 102 97 102 45
split_gain=1593.3 1800.37 2150.77 3039.27 1025.16 399.353 322.541
threshold=89.100000000000009 19.100000000000005 4.5000000000000009 44.20000000000001 4.9050000000000011 43.500000000000007 -0.0025000000000000018
decision_type=2 2 2 2 2 2 2
left_child=1 2 3 -1 -3 -4 -6
right_child=-2 4 5 -5 6 -7 -8
leaf_value=-0.03294777595559964 0.49959943160316017 -0.60307038300526061 -0.011745242544667639 0.90036640744772001 0.027024721674291798 -0.35271908360601267 -0.2806419560627908
leaf_weight=19 14.999999999999998 15.999999999999998 20 15.999999999999998 18 14.999999999999998 15.999999999999998
leaf_count=19 15 16 20 16 18 15 16
internal_value=0.0155055 -0.0453302 0.118252 0.394917 -0.274224 -0.158608 -0.118011
internal_weight=135 120 70 35 50 35 34
internal_count=135 120 70 35 50 35 34
is_linear=0
shrinkage=0.05


Tree=162
num_leaves=8
num_cat=0
split_feature=62 66 23 3 54 87 26
split_gain=1486.8 1501.72 1845.31 1041.7 562.52 1012.74 404.963
threshold=89.100000000000009 19.100000000000005 66.65000000000002 4.5000000000000009 38.150000000000013 6.785000000000001 33.900000000000006
decision_type=2 2 2 2 2 2 2
left_child=1 2 -1 6 -4 -6 -3
right_child=-2 3 4 -5 5 -7 -8
leaf_value=0.48961480016956965 0.47478490572496757 -0.27824009105316183 -0.32293442323902588 -0.60661763925327383 -0.20419681515369117 0.33412234094572368 0.056247431118792504
leaf_weight=21 14.999999999999998 18 14.999999999999998 14.999999999999998 19 15.999999999999998 18
leaf_count=21 15 18 15 15 19 16 18
internal_value=0.00671066 -0.0511402 0.0974511 -0.257886 -0.0678064 0.0420003 -0.111165
internal_weight=137 122 71 51 50 35 36
internal_count=137 122 71 51 50 35 36
is_linear=0
shrinkage=0.05


Tree=163
num_leaves=8
num_cat=0
split_feature=30 97 121 33 28 99 53
split_gain=1248.34 1319.54 1291.77 1250.48 630.966 414.371 286.38
threshold=5.5000000000000009 5.2700000000000005 0.29166666666666702 1.0000000180025095e-35 12.900000000000002 42.750000000000007 33.95000000000001
decision_type=2 2 2 2 2 2 2
left_child=1 3 -3 -1 -4 -5 -7
right_child=-2 2 4 5 -6 6 -8
leaf_value=-0.57831144895612818 0.41236846128605908 0.53213397705101018 -0.2632272401010457 0.090710248380090314 0.19382753877450298 -0.34050229368095075 -0.049549710462435829
leaf_weight=15.999999999999998 15.999999999999998 14.999999999999998 15.000000000000002 22 14.999999999999998 15.999999999999998 18
leaf_count=16 16 15 15 22 15 16 18
internal_value=-0.000402966 -0.057197 0.154929 -0.189876 -0.034649 -0.0779722 -0.187212
internal_weight=133 117 45 72 30 56 34
internal_count=133 117 45 72 30 56 34
is_linear=0
shrinkage=0.05


Tree=164
num_leaves=7
num_cat=0
split_feature=24 39 0 89 68 28
split_gain=1239.38 3295.04 696.79 800.957 502.653 437.716
threshold=54.000000000000007 0.71583333333333343 634.00000000000011 39.900000000000006 52.500000000000007 5.4500000000000002
decision_type=2 2 2 2 2 2
left_child=2 -2 -1 4 -4 -6
right_child=1 -3 3 -5 5 -7
leaf_value=0.15661109473024093 0.7698498027115469 -0.18006986262220326 0.080623118460771456 -0.53188660768483653 -0.43912457282969497 -0.10209039634031783
leaf_weight=15.999999999999998 14.999999999999998 23 20 14.999999999999998 14.999999999999998 27
leaf_count=16 15 23 20 15 15 27
internal_value=-0.0444076 0.195804 -0.142717 -0.205102 -0.125232 -0.223336
internal_weight=131 38 93 77 62 42
internal_count=131 38 93 77 62 42
is_linear=0
shrinkage=0.05


Tree=165
num_leaves=8
num_cat=0
split_feature=62 66 35 35 70 10 105
split_gain=1126.53 1354.31 1608.45 848.603 615.651 490.745 180.586
threshold=89.100000000000009 19.100000000000005 -0.92499999999999705 1.2833333333333352 -0.025833333333333371 5.6050000000000013 27.250000000000004
decision_type=2 2 2 2 2 2 2
left_child=1 2 -1 -3 -4 -6 -5
right_child=-2 3 4 6 5 -7 -8
leaf_value=0.44965655528256115 0.39208920909010847 -0.57152118216089864 -0.32485648682398827 -0.2270733950626955 -0.17067408688021024 0.20264368322788259 0.010250525196261753
leaf_weight=21 15.999999999999998 14.999999999999998 15.999999999999998 17 14.999999999999998 21 14.999999999999998
leaf_count=21 16 15 16 17 15 21 15
internal_value=-0.000619683 -0.0533054 0.0814113 -0.262381 -0.0677848 0.0469142 -0.115987
internal_weight=136 120 73 47 52 36 32
internal_count=136 120 73 47 52 36 32
is_linear=0
shrinkage=0.05


Tree=166
num_leaves=6
num_cat=0
split_feature=67 20 28 35 104
split_gain=1400.85 3001.77 4785.41 751.984 395.277
threshold=7.2500000000000009 33.750000000000007 7.8500000000000005 5.6250000000000027 22.750000000000004
decision_type=2 2 2 2 2
left_child=3 2 -2 -1 -5
right_child=1 -3 -4 4 -6
leaf_value=-0.43376661657693971 1.1267896895377052 -0.24602351270324396 -0.018540721486657214 0.062652374524266322 -0.22467765338820034
leaf_weight=20 14.999999999999998 28 23 26 22
leaf_count=20 15 28 23 26 22
internal_value=-0.0177546 0.146187 0.435203 -0.176929 -0.0691299
internal_weight=134 66 38 68 48
internal_count=134 66 38 68 48
is_linear=0
shrinkage=0.05


Tree=167
num_leaves=7
num_cat=0
split_feature=30 123 38 35 107 54
split_gain=1536.65 692.017 1521.65 992.653 819.982 302.99
threshold=5.5000000000000009 -0.0099999999999999933 4.5000000000000009 5.6250000000000027 53.500000000000007 47.500000000000007
decision_type=2 2 2 2 2 2
left_child=1 2 -1 4 -3 -5
right_child=-2 3 -4 5 -6 -7
leaf_value=0.45253523762713482 0.481584405346422 -0.60678047068071683 -0.20525468141276237 0.17012606374363404 -0.13141584798242106 -0.086039883152640162
leaf_weight=18 14.999999999999998 14.999999999999998 17 20 23 27
leaf_count=18 15 15 17 20 23 27
internal_value=0.00616372 -0.0535737 0.13322 -0.130614 -0.320291 0.0229905
internal_weight=135 120 35 85 38 47
internal_count=135 120 35 85 38 47
is_linear=0
shrinkage=0.05


Tree=168
num_leaves=8
num_cat=0
split_feature=35 20 29 15 104 84 97
split_gain=1373.6 2707.17 401.772 352.137 280.667 243.165 191.593
threshold=-0.92499999999999705 33.850000000000001 55.500000000000007 73.15000000000002 25.500000000000004 -0.01499999999999997 5.1450000000000005
decision_type=2 2 2 2 2 2 2
left_child=1 -1 3 4 5 -2 -6
right_child=2 -3 -4 -5 6 -7 -8
leaf_value=0.69713101966605007 -0.13551909114351335 -0.20993274586484922 -0.31513593256103328 0.16797494881826897 -0.30378549149187895 0.13620155582935109 -0.069049560431151361
leaf_weight=18 14.999999999999998 14.999999999999998 15.999999999999998 15.999999999999998 18 18 17
leaf_count=18 15 15 16 16 18 18 17
internal_value=0.00603636 0.28529 -0.0862602 -0.0422825 -0.0920023 0.0125048 -0.190435
internal_weight=133 33 100 84 68 33 35
internal_count=133 33 100 84 68 33 35
is_linear=0
shrinkage=0.05


Tree=169
num_leaves=8
num_cat=0
split_feature=30 101 15 16 26 99 123
split_gain=1033.4 723.299 645.928 449.251 516.867 365.334 299.629
threshold=5.5000000000000009 83.800000000000011 39.45000000000001 4.9650000000000007 31.700000000000006 45.250000000000007 0.0050000000000000192
decision_type=2 2 2 2 2 2 2
left_child=1 2 -1 5 -5 -4 -6
right_child=-2 -3 3 4 6 -7 -8
leaf_value=-0.32573291799601389 0.38908693997756294 0.26526272473802343 0.30677081879401047 -0.30916927831238183 -0.11751167011349949 -0.041122429842585767 0.17721783809413183
leaf_weight=22 15.999999999999998 17 15.000000000000002 20 20 14.999999999999998 14.999999999999998
leaf_count=22 16 17 15 20 20 15 15
internal_value=0.0121883 -0.0366778 -0.0848992 -0.0221975 -0.107083 0.133099 0.00880356
internal_weight=140 124 107 85 55 30 35
internal_count=140 124 107 85 55 30 35
is_linear=0
shrinkage=0.05


Tree=170
num_leaves=7
num_cat=0
split_feature=29 45 91 101 28 26
split_gain=1053.69 793.746 570.978 487.294 443.602 282.581
threshold=56.500000000000007 -0.024166666666666666 6.7300000000000013 46.900000000000013 6.0500000000000016 39.100000000000001
decision_type=2 2 2 2 2 2
left_child=1 -1 3 -3 -5 -6
right_child=-2 2 -4 4 5 -7
leaf_value=0.22452371449549618 0.35108122781933293 -0.29053248570066448 -0.38611086516276649 0.24613229099488421 -0.19241883169471949 0.070132270127690896
leaf_weight=21 19 17 15.999999999999998 14.999999999999998 22 19
leaf_count=21 19 17 16 15 22 19
internal_value=0.00822834 -0.0512114 -0.116508 -0.0569007 0.0143256 -0.0707526
internal_weight=129 110 89 73 56 41
internal_count=129 110 89 73 56 41
is_linear=0
shrinkage=0.05


Tree=171
num_leaves=7
num_cat=0
split_feature=4 62 50 95 83 45
split_gain=1173.81 1810.79 1194.97 688.841 432.813 254.983
threshold=2.5000000000000004 59.400000000000006 48.000000000000007 39.650000000000006 3.5000000000000004 -0.0049999999999999897
decision_type=2 2 2 2 2 2
left_child=-1 -2 3 4 5 -3
right_child=1 2 -4 -5 -6 -7
leaf_value=-0.29402817148035121 0.51951025306288867 -0.052117855817276904 0.3389560633928988 -0.39457436163232934 -0.21188767812528664 0.23389617597094234
leaf_weight=24 20 15.000000000000002 19 15.999999999999998 18 15.999999999999998
leaf_count=24 20 15 19 16 18 16
internal_value=0.0203831 0.0932003 -0.00873965 -0.110815 -0.0174423 0.0956189
internal_weight=128 104 84 65 49 31
internal_count=128 104 84 65 49 31
is_linear=0
shrinkage=0.05


Tree=172
num_leaves=8
num_cat=0
split_feature=62 0 27 3 25 111 11
split_gain=1049.63 1058.57 628.588 756.428 583.123 498.265 425.222
threshold=89.100000000000009 430.50000000000006 26.450000000000006 4.5000000000000009 43.150000000000006 0.13083333333333338 48.550000000000004
decision_type=2 2 2 2 2 2 2
left_child=1 -1 3 4 5 -3 -4
right_child=-2 2 6 -5 -6 -7 -8
leaf_value=0.32224343754597851 0.36024958485772152 -0.18764222741916481 -0.11447537939851454 -0.48868931877678928 -0.3121921870368638 0.20646301986355531 0.23869772707083212
leaf_weight=14.999999999999998 15.999999999999998 14.999999999999998 18 18 22 17 15.999999999999998
leaf_count=15 16 15 18 18 22 17 16
internal_value=-0.0190057 -0.0694525 -0.12518 -0.208774 -0.114646 0.0215614 0.0517897
internal_weight=137 121 106 72 54 32 34
internal_count=137 121 106 72 54 32 34
is_linear=0
shrinkage=0.05


Tree=173
num_leaves=6
num_cat=0
split_feature=31 109 35 26 84
split_gain=1493.16 492.084 459.203 298.046 333.615
threshold=0.040000000000000042 -0.06250000000000043 -2.2500000000000004 31.700000000000006 -0.0033333333333333405
decision_type=2 2 2 2 2
left_child=1 -1 -3 -4 -5
right_child=-2 2 3 4 -6
leaf_value=0.12986146583185568 0.38105275378125536 -0.34659684459576434 -0.21052946736850586 0.12313238742879068 -0.14086218117925917
leaf_weight=23 21 19 25 26 22
leaf_count=23 21 19 25 26 22
internal_value=-0.00557366 -0.0764882 -0.128215 -0.0709109 0.00198963
internal_weight=136 115 92 73 48
internal_count=136 115 92 73 48
is_linear=0
shrinkage=0.05


Tree=174
num_leaves=7
num_cat=0
split_feature=34 87 20 26 37 56
split_gain=938.805 500.973 798.852 608.015 354.564 320.796
threshold=2.5000000000000004 6.745000000000001 32.800000000000004 33.900000000000006 11.91666666666667 37.150000000000006
decision_type=2 2 2 2 2 2
left_child=-1 2 -2 5 -5 -3
right_child=1 3 -4 4 -6 -7
leaf_value=0.27991519400858766 -0.4984302465960106 -0.016199325844255416 -0.034500756199003883 0.31112475145307389 -0.00051171239156505512 -0.3199369191753198
leaf_weight=21 15.999999999999998 19 22 15.999999999999998 21 15.999999999999998
leaf_count=21 16 19 22 16 21 16
internal_value=-0.0255764 -0.0841442 -0.230766 -0.00647823 0.134591 -0.155709
internal_weight=131 110 38 72 37 35
internal_count=131 110 38 72 37 35
is_linear=0
shrinkage=0.05


Tree=175
num_leaves=7
num_cat=0
split_feature=29 33 113 54 41 105
split_gain=1476.82 976.336 323.57 308.4 325.337 240.401
threshold=56.500000000000007 1.0000000180025095e-35 -10.250000000000002 38.150000000000013 0.12749999999999953 18.850000000000005
decision_type=2 2 2 2 2 2
left_child=1 -1 -3 -4 5 -5
right_child=-2 2 3 4 -6 -7
leaf_value=-0.3863278907872898 0.3789002468448659 0.18179792728483304 -0.23228825775545037 -0.028591135511466109 -0.1959130534125085 0.23268858832338002
leaf_weight=23 19 15.999999999999998 20 21 14.999999999999998 14.999999999999998
leaf_count=23 19 16 20 21 15 15
internal_value=-0.0269341 -0.0973586 -0.0205512 -0.0664129 -0.000938598 0.0804799
internal_weight=129 110 87 71 51 36
internal_count=129 110 87 71 51 36
is_linear=0
shrinkage=0.05


Tree=176
num_leaves=6
num_cat=0
split_feature=34 45 123 31 26
split_gain=1536.65 662.782 525.456 534.685 411.904
threshold=2.5000000000000004 -0.024166666666666666 -0.0099999999999999933 0.019166666666667002 31.700000000000006
decision_type=2 2 2 2 2
left_child=-1 -2 -3 4 -4
right_child=1 2 3 -5 -6
leaf_value=0.43098479141115514 0.17932009225811701 0.063629105994709875 -0.27888387884312904 -0.40161840510311847 0.041959650833082396
leaf_weight=19 24 28 17 21 24
leaf_count=19 24 28 17 21 24
internal_value=0.0158871 -0.0535692 -0.115859 -0.19697 -0.0913062
internal_weight=133 114 90 62 41
internal_count=133 114 90 62 41
is_linear=0
shrinkage=0.05


Tree=177
num_leaves=7
num_cat=0
split_feature=29 33 35 3 78 48
split_gain=1195.14 900.498 874.186 254.444 256.876 150.556
threshold=56.500000000000007 1.0000000180025095e-35 2.7999999999999976 1.5000000000000002 0.20416666666666619 6.7550000000000008
decision_type=2 2 2 2 2 2
left_child=1 -1 -3 -4 -5 -6
right_child=-2 2 3 4 5 -7
leaf_value=-0.30921591017936279 0.39963360145605731 0.38197654237020889 -0.19816340577495362 0.15582194153166495 -0.17774479144848651 0.025210673359368371
leaf_weight=24 18 14.999999999999998 18 21 15.999999999999998 21
leaf_count=24 18 15 18 21 16 21
internal_value=0.0219418 -0.0374276 0.0344587 -0.0344765 0.0164905 -0.0626616
internal_weight=133 115 91 76 58 37
internal_count=133 115 91 76 58 37
is_linear=0
shrinkage=0.05


Tree=178
num_leaves=8
num_cat=0
split_feature=91 0 53 0 98 14 33
split_gain=897.406 763.86 571.407 550.37 620.709 353.139 288.558
threshold=6.830000000000001 430.50000000000006 24.100000000000005 1515.5000000000002 31.750000000000004 32.900000000000006 1.0033333333333334
decision_type=2 2 2 2 2 2 2
left_child=1 -1 6 5 -5 -4 -3
right_child=-2 2 3 4 -6 -7 -8
leaf_value=0.30166511235647647 0.35512639083708941 -0.41755257387034939 -0.33236457844641043 0.2828113146261525 -0.11109099666103284 -0.018016937010967893 -0.10641055675531855
leaf_weight=14.999999999999998 17 15.000000000000002 14.999999999999998 24 17 22 14.999999999999998
leaf_count=15 17 15 15 24 17 22 15
internal_value=0.0157043 -0.0314174 -0.0779614 -0.00647609 0.119491 -0.146142 -0.263018
internal_weight=140 123 108 78 41 37 30
internal_count=140 123 108 78 41 37 30
is_linear=0
shrinkage=0.05


Tree=179
num_leaves=6
num_cat=0
split_feature=109 45 87 78 15
split_gain=896.005 756.798 578.554 503.827 463.367
threshold=-0.06250000000000043 -0.024166666666666666 6.745000000000001 0.90916666666666657 53.70000000000001
decision_type=2 2 2 2 2
left_child=-1 -2 -3 4 -4
right_child=1 2 3 -5 -6
leaf_value=0.237611904016054 0.20837166668378818 -0.36377209627776724 -0.36593824845651235 0.12388682374598291 -0.027368883407993233
leaf_weight=25 17 24 18 21 23
leaf_count=25 17 24 18 21 23
internal_value=-0.0302606 -0.0954941 -0.155791 -0.0747454 -0.176659
internal_weight=128 103 86 62 41
internal_count=128 103 86 62 41
is_linear=0
shrinkage=0.05


Tree=180
num_leaves=7
num_cat=0
split_feature=35 35 5 39 6 57
split_gain=785.283 1283.52 435.343 745.26 193.261 168.888
threshold=-4.9250000000000034 -0.92499999999999705 1.0000000180025095e-35 0.76083333333333358 2.5000000000000004 48.45000000000001
decision_type=2 2 2 2 2 2
left_child=-1 -2 4 -4 -3 -5
right_child=1 2 3 5 -6 -7
leaf_value=-0.36203524006737603 0.43058244684674096 -0.066502984648659114 0.28408880174094175 -0.23324104904733745 -0.26787883000544815 0.003288628328714939
leaf_weight=17 14.999999999999998 23 19 15.000000000000002 25 14.999999999999998
leaf_count=17 15 23 19 15 25 15
internal_value=-0.0464382 0.00170055 -0.064945 0.0397926 -0.171829 -0.115192
internal_weight=129 112 97 49 48 30
internal_count=129 112 97 49 48 30
is_linear=0
shrinkage=0.05


Tree=181
num_leaves=6
num_cat=0
split_feature=38 3 53 122 45
split_gain=1053.49 2964.97 449.765 430.982 361.597
threshold=3.5000000000000004 4.5000000000000009 22.600000000000005 2.5000000000000004 -0.0050000000000000175
decision_type=2 2 2 2 2
left_child=1 -1 -2 -4 -5
right_child=2 -3 3 4 -6
leaf_value=0.54773721155535238 -0.26827321662082931 -0.30912371690599078 0.19257348680683456 0.027636697223045733 -0.25640363186129728
leaf_weight=27 22 15.999999999999998 19 27 19
leaf_count=27 22 16 19 27 19
internal_value=0.026616 0.228812 -0.0734103 -0.00706914 -0.0898775
internal_weight=130 43 87 65 46
internal_count=130 43 87 65 46
is_linear=0
shrinkage=0.05


Tree=182
num_leaves=6
num_cat=0
split_feature=26 15 88 55 70
split_gain=1236.63 1202.45 584.297 369.93 574.42
threshold=15.200000000000001 73.15000000000002 6.3650000000000011 4.995000000000001 -0.015000000000000123
decision_type=2 2 2 2 2
left_child=-1 2 3 -2 -5
right_child=1 -3 -4 4 -6
leaf_value=0.44461089114084945 -0.20147055132999456 0.29548433121647771 -0.39941587321805644 -0.12728672578625941 0.21340440852879397
leaf_weight=14.999999999999998 29 22 14.999999999999998 27.999999999999996 22.000000000000004
leaf_count=15 29 22 15 28 22
internal_value=0.0189499 -0.0363849 -0.114341 -0.0597132 0.0226443
internal_weight=131 116 94 79 50
internal_count=131 116 94 79 50
is_linear=0
shrinkage=0.05


Tree=183
num_leaves=8
num_cat=0
split_feature=49 51 62 39 84 62 55
split_gain=939.27 2502.25 611.616 442.391 373.319 326.579 183.454
threshold=5.0900000000000007 41.350000000000001 80.350000000000009 0.37416666666666704 -0.0033333333333333405 55.300000000000004 5.1900000000000004
decision_type=2 2 2 2 2 2 2
left_child=1 5 4 -4 -2 -1 -5
right_child=2 -3 3 6 -6 -7 -8
leaf_value=-0.24717219172057159 -0.46924625517714108 0.67013394710440077 0.19797108647418998 -0.23627274415646649 -0.13056519866730626 0.055006470386661691 -0.0036581549937553825
leaf_weight=15.999999999999998 14.999999999999998 15.999999999999998 17 15.999999999999998 18 20 18
leaf_count=16 15 16 17 16 18 20 18
internal_value=-0.0148672 0.151925 -0.118237 -0.0094892 -0.285615 -0.0794693 -0.113642
internal_weight=136 52 84 51 33 36 34
internal_count=136 52 84 51 33 36 34
is_linear=0
shrinkage=0.05


Tree=184
num_leaves=8
num_cat=0
split_feature=122 26 35 51 45 6 20
split_gain=1027.07 2183.62 724.895 683.394 278.18 267.643 124.431
threshold=2.5000000000000004 27.800000000000004 -0.36666666666666708 52.500000000000007 -0.023333333333333327 2.5000000000000004 32.150000000000013
decision_type=2 2 2 2 2 2 2
left_child=1 -1 -2 -3 -4 -6 -7
right_child=2 3 4 -5 5 6 -8
leaf_value=0.57875341464087604 -0.43195699560716289 0.12757180437707064 0.10972018423001409 -0.32632257713479285 0.043179467301931444 -0.31111561682642686 -0.10603581741945634
leaf_weight=19 15.999999999999998 17 18 15.999999999999998 15.999999999999998 15.000000000000002 14.999999999999998
leaf_count=19 16 17 18 16 16 15 15
internal_value=-0.0195723 0.153203 -0.13199 -0.0926681 -0.0563629 -0.121557 -0.209435
internal_weight=132 52 80 33 64 46 30
internal_count=132 52 80 33 64 46 30
is_linear=0
shrinkage=0.05


Tree=185
num_leaves=8
num_cat=0
split_feature=91 0 50 103 11 109 31
split_gain=1013.79 674.866 354.318 374.983 360.85 262.041 163.792
threshold=6.830000000000001 430.50000000000006 46.850000000000009 35.500000000000007 39.050000000000004 0.014166666666667107 -0.0016666666666664829
decision_type=2 2 2 2 2 2 2
left_child=1 -1 3 5 -5 6 -3
right_child=-2 2 -4 4 -6 -7 -8
leaf_value=0.27998020641061644 0.38770496898926565 -0.00060369710424053151 0.12616843174916603 -0.42735203437457819 -0.10881880281737487 0.13659946785210081 -0.20296285377806092
leaf_weight=14.999999999999998 15.999999999999998 19.999999999999993 18 14.999999999999998 22 15.999999999999998 20.000000000000007
leaf_count=15 16 20 18 15 22 16 20
internal_value=0.0140609 -0.0336162 -0.0762529 -0.115578 -0.238892 -0.0337333 -0.102162
internal_weight=142 126 111 93 37 56 40
internal_count=142 126 111 93 37 56 40
is_linear=0
shrinkage=0.05


Tree=186
num_leaves=8
num_cat=0
split_feature=26 54 53 37 109 26 92
split_gain=1297.37 547.914 419.529 359.404 354.394 327.41 147.62
threshold=17.400000000000002 65.65000000000002 24.100000000000005 12.183333333333335 -0.024166666666666444 33.900000000000006 36.250000000000007
decision_type=2 2 2 2 2 2 2
left_child=-1 2 3 -2 6 -6 -4
right_child=1 -3 4 -5 5 -7 -8
leaf_value=0.38147161273666508 -0.35320126386667716 -0.33546160456032781 0.032323296575356784 -0.0072545753409530948 -0.013587815358938764 0.30191521090995627 -0.18871556225399311
leaf_weight=18 15.000000000000002 17 15.000000000000002 14.999999999999998 14.999999999999998 18 14.999999999999998
leaf_count=18 15 17 15 15 15 18 15
internal_value=-0.0107859 -0.0753071 -0.027389 -0.180993 0.0458473 0.158746 -0.0782898
internal_weight=128 110 93 30 63 33 30
internal_count=128 110 93 30 63 33 30
is_linear=0
shrinkage=0.05


Tree=187
num_leaves=6
num_cat=0
split_feature=91 69 21 6 51
split_gain=1302.59 883.116 530.348 424.306 242.952
threshold=6.830000000000001 4.5000000000000009 56.100000000000009 2.5000000000000004 60.100000000000009
decision_type=2 2 2 2 2
left_child=1 2 3 -1 -5
right_child=-2 -3 -4 4 -6
leaf_value=0.11046529216520021 0.44890227971092761 0.21944811713410561 -0.3166817035788817 -0.054391383650145925 -0.30376596707381953
leaf_weight=27 14.999999999999998 25 24 28 14.999999999999998
leaf_count=27 15 25 24 28 15
internal_value=0.0113937 -0.0440431 -0.114332 -0.0445314 -0.142001
internal_weight=134 119 94 70 43
internal_count=134 119 94 70 43
is_linear=0
shrinkage=0.05


Tree=188
num_leaves=7
num_cat=0
split_feature=30 35 97 89 3 21
split_gain=980.497 781.102 308.91 334.949 277.468 224.38
threshold=5.5000000000000009 -4.9250000000000034 5.3550000000000013 45.500000000000007 3.5000000000000004 52.350000000000009
decision_type=2 2 2 2 2 2
left_child=1 -1 3 5 -4 -3
right_child=-2 2 4 -5 -6 -7
leaf_value=-0.39174103360427054 0.32586621791995762 0.061869522566285078 -0.025944711403975348 -0.30149379439701313 0.24210842720099857 -0.16544501037228831
leaf_weight=17 17 27 24 14.999999999999998 15.999999999999998 18
leaf_count=17 17 27 24 15 16 18
internal_value=-0.027772 -0.0794325 -0.0259517 -0.097678 0.0814882 -0.0291107
internal_weight=134 117 100 60 40 45
internal_count=134 117 100 60 40 45
is_linear=0
shrinkage=0.05


Tree=189
num_leaves=6
num_cat=0
split_feature=26 15 67 39 101
split_gain=717.053 352.55 325 457.037 165.932
threshold=20.300000000000004 39.45000000000001 13.750000000000002 0.76083333333333358 61.300000000000004
decision_type=2 2 2 2 2
left_child=-1 -2 3 -3 -5
right_child=1 2 -4 4 -6
leaf_value=0.22254216349219896 -0.26868527907663614 0.1714902928195049 -0.20113075172604478 0.013153879910842325 -0.18056989247442912
leaf_weight=25 19 29 22 22 22
leaf_count=25 19 29 22 22 22
internal_value=-0.0193788 -0.0726241 -0.0331179 0.0176535 -0.0837844
internal_weight=139 114 95 73 44
internal_count=139 114 95 73 44
is_linear=0
shrinkage=0.05


Tree=190
num_leaves=7
num_cat=0
split_feature=66 118 24 111 4 26
split_gain=891.942 843.209 484.424 576.384 360.115 362.154
threshold=6.4500000000000002 1.5000000000000002 41.150000000000013 0.13083333333333338 9.5000000000000018 36.000000000000007
decision_type=2 2 2 2 2 2
left_child=-1 -2 3 -3 5 -4
right_child=1 2 4 -5 -6 -7
leaf_value=0.34971583015871371 0.210607494613825 -0.1961647533423064 -0.31950629431268446 0.22770887027707018 -0.40621554257228365 -0.017454733525427823
leaf_weight=14.999999999999998 23 14.999999999999998 15.999999999999998 17 17 26
leaf_count=15 23 15 16 17 17 26
internal_value=-0.0113744 -0.0591949 -0.127598 0.0288702 -0.212452 -0.133126
internal_weight=129 114 91 32 59 42
internal_count=129 114 91 32 59 42
is_linear=0
shrinkage=0.05


Tree=191
num_leaves=8
num_cat=0
split_feature=34 17 105 93 56 40 0
split_gain=1120.23 561.729 669.554 602.408 195.055 186.491 156.436
threshold=2.5000000000000004 29.650000000000002 22.850000000000005 61.70000000000001 38.250000000000007 5.5000000000000009 1729.0000000000002
decision_type=2 2 2 2 2 2 2
left_child=-1 2 6 4 5 -3 -2
right_child=1 3 -4 -5 -6 -7 -8
leaf_value=0.40884054027802769 0.058202485207295568 -0.21414997387699219 0.30684522217754867 -0.37718150061473515 0.11749380992737826 0.022961703388263352 -0.16932169311488701
leaf_weight=17 15.000000000000002 17 22 17 14.999999999999998 15.999999999999998 14.999999999999998
leaf_count=17 15 17 22 17 15 16 15
internal_value=0.03081 -0.024377 0.0979535 -0.122318 -0.0313539 -0.0993136 -0.0555781
internal_weight=134 117 52 65 48 33 30
internal_count=134 117 52 65 48 33 30
is_linear=0
shrinkage=0.05


Tree=192
num_leaves=8
num_cat=0
split_feature=62 64 51 70 12 23 43
split_gain=978.094 795.132 2380.54 517.364 378.235 266.377 312.934
threshold=89.100000000000009 28.050000000000004 40.100000000000009 0.032499999999999758 53.45000000000001 79.250000000000014 -0.10000000000000007
decision_type=2 2 2 2 2 2 2
left_child=1 2 4 5 -1 6 -3
right_child=-2 3 -4 -5 -6 -7 -8
leaf_value=-0.3189308635249043 0.37537260583497045 -0.15364369560551172 0.62577802917815206 -0.40476247443852265 0.0295285614982525 -0.20530986814384919 0.15868216928779499
leaf_weight=15.000000000000002 14.999999999999998 14.999999999999995 14.999999999999998 15.999999999999998 15.999999999999998 25 17.000000000000004
leaf_count=15 15 15 15 16 16 25 17
internal_value=-0.00368814 -0.0517859 0.11082 -0.15433 -0.139403 -0.0833596 0.0121011
internal_weight=134 119 46 73 31 57 32
internal_count=134 119 46 73 31 57 32
is_linear=0
shrinkage=0.05


Tree=193
num_leaves=6
num_cat=0
split_feature=38 30 53 118 45
split_gain=1251.46 2171.49 437.436 387.322 166.413
threshold=3.5000000000000004 2.5000000000000004 24.100000000000005 2.5000000000000004 -0.0050000000000000175
decision_type=2 2 2 2 2
left_child=1 -1 -2 -4 -5
right_child=2 -3 3 4 -6
leaf_value=-0.20002097385247963 -0.29576884630938499 0.49108533379870373 0.11044859053841626 -0.051549661861945734 -0.27215921314346875
leaf_weight=19 23 28 25 20 14.999999999999998
leaf_count=19 23 28 25 20 15
internal_value=0.00582893 0.211764 -0.110839 -0.0394924 -0.146745
internal_weight=130 47 83 60 35
internal_count=130 47 83 60 35
is_linear=0
shrinkage=0.05


Tree=194
num_leaves=7
num_cat=0
split_feature=91 0 14 9 16 33
split_gain=950.91 556.027 312.512 170.073 232.621 266.654
threshold=6.830000000000001 430.50000000000006 28.200000000000006 6.7350000000000012 5.4700000000000015 0.76333333333333375
decision_type=2 2 2 2 2 2
left_child=1 -1 -3 -4 5 -5
right_child=-2 2 3 4 -6 -7
leaf_value=0.25614655381006912 0.3938138114695518 -0.21098957692282905 0.12852506652381848 -0.28724548351251006 0.061779896371749292 -0.01033223806953555
leaf_weight=14.999999999999998 14.999999999999998 28 15.999999999999998 15.999999999999998 25 19
leaf_count=15 15 28 16 16 25 19
internal_value=0.0200114 -0.0273557 -0.0685003 -0.0157302 -0.0544313 -0.137521
internal_weight=134 119 104 76 60 35
internal_count=134 119 104 76 60 35
is_linear=0
shrinkage=0.05


Tree=195
num_leaves=8
num_cat=0
split_feature=65 103 104 13 6 27 20
split_gain=823.466 774.877 1219.31 648.925 398.245 292.792 254.393
threshold=46.600000000000001 34.000000000000007 26.500000000000004 4.955000000000001 2.5000000000000004 26.450000000000006 32.050000000000004
decision_type=2 2 2 2 2 2 2
left_child=1 2 4 -3 -1 -5 -6
right_child=-2 3 -4 5 6 -7 -8
leaf_value=0.13130279846072937 0.34957291943742747 -0.46616215962447871 0.4056420953720028 -0.20175696416363043 -0.32167045376602776 0.092818867962881427 -0.030326042526605115
leaf_weight=15.999999999999998 14.999999999999998 14.999999999999998 19 19 15.000000000000002 14.999999999999998 14.999999999999998
leaf_count=16 15 15 19 19 15 15 15
internal_value=0.0025492 -0.0433344 0.0697633 -0.1933 -0.0694397 -0.0717593 -0.176749
internal_weight=129 114 65 49 46 34 30
internal_count=129 114 65 49 46 34 30
is_linear=0
shrinkage=0.05


Tree=196
num_leaves=6
num_cat=0
split_feature=75 39 27 15 48
split_gain=919.4 2100.31 280.99 239.347 162.769
threshold=3.5000000000000004 0.76083333333333358 14.650000000000002 42.800000000000004 6.8350000000000009
decision_type=2 2 2 2 2
left_child=1 -1 -2 -4 -5
right_child=2 -3 3 4 -6
leaf_value=0.49277769153602274 -0.25537666133229764 -0.12504079942031415 0.12918571632429462 -0.17597915970641309 0.028879432900753246
leaf_weight=26 21 29 14.999999999999998 27 14.999999999999998
leaf_count=26 21 29 15 27 15
internal_value=0.0108724 0.167292 -0.0994328 -0.0415456 -0.102802
internal_weight=133 55 78 57 42
internal_count=133 55 78 57 42
is_linear=0
shrinkage=0.05


Tree=197
num_leaves=8
num_cat=0
split_feature=30 97 111 99 99 3 61
split_gain=941.641 696.029 792.97 646.641 462.012 252.92 155.355
threshold=5.5000000000000009 5.2700000000000005 0.92166666666666741 53.750000000000007 45.850000000000001 2.5000000000000004 0.16500000000000004
decision_type=2 2 2 2 2 2 2
left_child=1 2 4 -3 6 -5 -1
right_child=-2 3 -4 5 -6 -7 -8
leaf_value=0.18269914605176252 0.3845588455137039 0.37315883728565635 -0.41726745070673482 -0.16436988044258774 -0.20372968060718041 0.11640514963203007 -0.034469919617207634
leaf_weight=18 14.999999999999998 15.999999999999998 18 14.999999999999998 24 17 14.999999999999998
leaf_count=18 15 16 18 15 24 17 15
internal_value=0.0118912 -0.033791 -0.128909 0.114686 -0.0371896 -0.0151544 0.084029
internal_weight=138 123 75 48 57 32 33
internal_count=138 123 75 48 57 32 33
is_linear=0
shrinkage=0.05


Tree=198
num_leaves=7
num_cat=0
split_feature=38 30 3 53 54 45
split_gain=749.026 2000.51 336.137 229.469 177.403 117.021
threshold=3.5000000000000004 2.5000000000000004 4.5000000000000009 24.100000000000005 47.500000000000007 -0.0050000000000000175
decision_type=2 2 2 2 2 2
left_child=1 -1 3 -2 -5 -6
right_child=2 -3 -4 4 5 -7
leaf_value=-0.19758680920992325 -0.25890468808368866 0.45581407928806184 0.12098678718900205 0.088594058231259432 -0.042387922850006067 -0.22212350050739899
leaf_weight=20 19 28 20 14.999999999999998 23 14.999999999999998
leaf_count=20 19 28 20 15 23 15
internal_value=0.0236844 0.183615 -0.0598122 -0.110202 -0.0564116 -0.113864
internal_weight=140 48 92 72 53 38
internal_count=140 48 92 72 53 38
is_linear=0
shrinkage=0.05


Tree=199
num_leaves=7
num_cat=0
split_feature=62 26 15 5 39 31
split_gain=678.222 750.248 480.638 289.062 405.718 187.49
threshold=89.100000000000009 17.400000000000002 39.45000000000001 1.0000000180025095e-35 1.2641666666666669 0.025833333333333822
decision_type=2 2 2 2 2 2
left_child=1 -1 -3 5 -5 -4
right_child=-2 2 3 4 -6 -7
leaf_value=0.26962222446009754 0.33778394028939163 -0.30553439842403263 -0.0340531568874827 0.26978109428045915 -0.054360038731479043 -0.25305016751320947
leaf_weight=19 14.999999999999998 18 28 15.999999999999998 24 14.999999999999998
leaf_count=19 15 18 28 16 24 15
internal_value=0.0219511 -0.0177347 -0.0720547 -0.0210536 0.0755212 -0.110973
internal_weight=135 120 101 83 40 43
internal_count=135 120 101 83 40 43
is_linear=0
shrinkage=0.05


end of trees

feature_importances:
pos1_4コース複勝率=47
pos1_2連率_レース内差=44
pos1_展示_レース内差=35
開催経過日=34
pos1_勝率_レース内差=29
pos1_当地勝率_レース内差=28
pos3_1コース複勝率=28
pos1_3連率_レース内差=27
pos1_当地勝率_レース内順位=27
pos2_展示_レース内差=25
pos2_1コース複勝率=22
pos3_展示_レース内差=22
pos2_勝率_レース内差=20
pos1_展示_レース内順位=19
pos2_4コース複勝率=19
pos1_平均スタートタイミング_レース内差=18
pos2_2コース複勝率=18
pos2_5コース複勝率=18
pos3_2連率_レース内差=18
日目=16
pos1_3コース複勝率=16
pos3_4コース複勝率=16
pos1_1コース複勝率=15
pos1_モーター勝率_レース内差=15
pos2_平均スタートタイミング_レース内差=15
風向=14
pos1_体重=14
pos2_当地2連率=14
pos2_当地勝率_レース内差=14
pos1_モーター2連率=13
pos1_ボート2連率=13
pos2_3連率_レース内差=13
pos3_ボート勝率=13
pos3_5コース複勝率=13
pos1_モーター勝率=12
pos1_6コース複勝率=12
pos2_6コース複勝率=12
pos3_モーター2連率=12
pos3_平均スタートタイミング_レース内順位=12
pos3_平均スタートタイミング_レース内差=12
pos2_当地3連率=11
pos2_3コース複勝率=11
pos3_当地勝率=11
pos3_当地2連率=11
pos1_当地3連率=10
pos1_5コース複勝率=10
pos3_ボート勝率_レース内差=10
pos1_ボート3連率=9
pos2_モーター3連率=9
pos2_2連率_レース内差=9
pos2_3連率_レース内順位=9
pos3_展示=9
pos3_2連率=9
pos3_勝率_レース内差=9
pos3_3連率_レース内差=9
pos3_当地勝率_レース内差=9
pos3_モーター勝率_レース内差=9
pos1_当地2連率=8
pos2_勝率_レース内順位=8
pos3_ボート3連率=8
pos1_2連率=7
pos1_ボート勝率=7
pos2_2連率=7
pos2_3連率=7
pos2_モーター勝率=7
pos2_モーター勝率_レース内差=7
pos2_平均スタートタイミング_レース内順位=7
pos3_2コース複勝率=7
pos3_6コース複勝率=7
pos3_モーター勝率_レース内順位=7
pos1_勝率=6
pos1_モーター3連率=6
pos1_2コース複勝率=6
pos2_モーター2連率=6
pos2_体重=6
pos3_3コース複勝率=6
pos1_3連率=5
pos1_当地勝率=5
pos1_2連率_レース内順位=5
pos2_勝率=5
pos2_当地勝率=5
pos3_モーター勝率=5
pos3_体重=5
レース=4
天気=4
pos1_展示=4
pos1_平均スタートタイミング_レース内順位=4
pos2_展示=4
pos2_ボート3連率=4
pos2_展示_レース内順位=4
pos3_当地3連率=4
pos3_モーター3連率=4
pos3_ボート2連率=4
pos3_当地勝率_レース内順位=4
pos1_ボート勝率_レース内順位=3
pos1_ボート勝率_レース内差=3
pos2_ボート勝率=3
pos2_ボート2連率=3
pos2_モーター勝率_レース内順位=3
pos3_勝率=3
pos3_2連率_レース内順位=3
pos1_3連率_レース内順位=2
pos1_モーター勝率_レース内順位=2
pos2_平均スタートタイミング=2
pos2_ボート勝率_レース内順位=2
pos3_勝率_レース内順位=2
pos3_3連率_レース内順位=2
pos3_ボート勝率_レース内順位=2
風速=1
pos1_勝率_レース内順位=1
pos2_当地勝率_レース内順位=1
pos2_ボート勝率_レース内差=1
pos3_級=1
pos3_3連率=1
pos3_平均スタートタイミング=1
pos3_展示_レース内順位=1

parameters:
[boosting: gbdt]
[objective: regression]
[metric: rmse]
[tree_learner: serial]
[device_type: cpu]
[data_sample_strategy: bagging]
[data: ]
[valid: ]
[num_iterations: 200]
[learning_rate: 0.05]
[num_leaves: 31]
[num_threads: 0]
[seed: 42]
[deterministic: 0]
[force_col_wise: 0]
[force_row_wise: 0]
[histogram_pool_size: -1]
[max_depth: 6]
[min_data_in_leaf: 15]
[min_sum_hessian_in_leaf: 0.001]
[bagging_fraction: 0.9]
[pos_bagging_fraction: 1]
[neg_bagging_fraction: 1]
[bagging_freq: 1]
[bagging_seed: 400]
[bagging_by_query: 0]
[feature_fraction: 0.9]
[feature_fraction_bynode: 1]
[feature_fraction_seed: 30056]
[extra_trees: 0]
[extra_seed: 12879]
[early_stopping_round: 0]
[early_stopping_min_delta: 0]
[first_metric_only: 0]
[max_delta_step: 0]
[lambda_l1: 0.1]
[lambda_l2: 0.1]
[linear_lambda: 0]
[min_gain_to_split: 0]
[drop_rate: 0.1]
[max_drop: 50]
[skip_drop: 0.5]
[xgboost_dart_mode: 0]
[uniform_drop: 0]
[drop_seed: 17869]
[top_rate: 0.2]
[other_rate: 0.1]
[min_data_per_group: 100]
[max_cat_threshold: 32]
[cat_l2: 10]
[cat_smooth: 10]
[max_cat_to_onehot: 4]
[top_k: 20]
[monotone_constraints: ]
[monotone_constraints_method: basic]
[monotone_penalty: 0]
[feature_contri: ]
[forcedsplits_filename: ]
[refit_decay_rate: 0.9]
[cegb_tradeoff: 1]
[cegb_penalty_split: 0]
[cegb_penalty_feature_lazy: ]
[cegb_penalty_feature_coupled: ]
[path_smooth: 0]
[interaction_constraints: ]
[verbosity: -1]
[saved_feature_importance_type: 0]
[use_quantized_grad: 0]
[num_grad_quant_bins: 4]
[quant_train_renew_leaf: 0]
[stochastic_rounding: 1]
[linear_tree: 0]
[max_bin: 255]
[max_bin_by_feature: ]
[min_data_in_bin: 3]
[bin_construct_sample_cnt: 200000]
[data_random_seed: 175]
[is_enable_sparse: 1]
[enable_bundle: 1]
[use_missing: 1]
[zero_as_missing: 0]
[feature_pre_filter: 0]
[pre_partition: 0]
[two_round: 0]
[header: 0]
[label_column: ]
[weight_column: ]
[group_column: ]
[ignore_column: ]
[categorical_feature: ]
[forcedbins_filename: ]
[precise_float_parser: 0]
[parser_config_file: ]
[objective_seed: 16083]
[num_class: 1]
[is_unbalance: 0]
[scale_pos_weight: 1]
[sigmoid: 1]
[boost_from_average: 1]
[reg_sqrt: 0]
[alpha: 0.9]
[fair_c: 1]
[poisson_max_delta_step: 0.7]
[tweedie_variance_power: 1.5]
[lambdarank_truncation_level: 30]
[lambdarank_norm: 1]
[label_gain: ]
[lambdarank_position_bias_regularization: 0]
[eval_at: ]
[multi_error_top_k: 1]
[auc_mu_weights: ]
[num_machines: 1]
[local_listen_port: 12400]
[time_out: 120]
[machine_list_filename: ]
[machines: ]
[gpu_platform_id: -1]
[gpu_device_id: -1]
[gpu_use_dp: 0]
[num_gpu: 1]

end of parameters

pandas_categorical:[]
