tree
version=v4
num_class=1
num_tree_per_iteration=1
label_index=0
max_feature_idx=123
objective=regression
feature_names=開催経過日 風速 波高 日目 レース 天気 風向 pos1_艇 pos1_級 pos1_展示 pos1_勝率 pos1_2連率 pos1_3連率 pos1_当地勝率 pos1_当地2連率 pos1_当地3連率 pos1_モーター勝率 pos1_モーター2連率 pos1_モーター3連率 pos1_ボート勝率 pos1_ボート2連率 pos1_ボート3連率 pos1_平均スタートタイミング pos1_1コース複勝率 pos1_2コース複勝率 pos1_3コース複勝率 pos1_4コース複勝率 pos1_5コース複勝率 pos1_6コース複勝率 pos1_体重 pos1_展示_レース内順位 pos1_展示_レース内差 pos1_勝率_レース内順位 pos1_勝率_レース内差 pos1_2連率_レース内順位 pos1_2連率_レース内差 pos1_3連率_レース内順位 pos1_3連率_レース内差 pos1_当地勝率_レース内順位 pos1_当地勝率_レース内差 pos1_モーター勝率_レース内順位 pos1_モーター勝率_レース内差 pos1_ボート勝率_レース内順位 pos1_ボート勝率_レース内差 pos1_平均スタートタイミング_レース内順位 pos1_平均スタートタイミング_レース内差 pos2_艇 pos2_級 pos2_展示 pos2_勝率 pos2_2連率 pos2_3連率 pos2_当地勝率 pos2_当地2連率 pos2_当地3連率 pos2_モーター勝率 pos2_モーター2連率 pos2_モーター3連率 pos2_ボート勝率 pos2_ボート2連率 pos2_ボート3連率 pos2_平均スタートタイミング pos2_1コース複勝率 pos2_2コース複勝率 pos2_3コース複勝率 pos2_4コース複勝率 pos2_5コース複勝率 pos2_6コース複勝率 pos2_体重 pos2_展示_レース内順位 pos2_展示_レース内差 pos2_勝率_レース内順位 pos2_勝率_レース内差 pos2_2連率_レース内順位 pos2_2連率_レース内差 pos2_3連率_レース内順位 pos2_3連率_レース内差 pos2_当地勝率_レース内順位 pos2_当地勝率_レース内差 pos2_モーター勝率_レース内順位 pos2_モーター勝率_レース内差 pos2_ボート勝率_レース内順位 pos2_ボート勝率_レース内差 pos2_平均スタートタイミング_レース内順位 pos2_平均スタートタイミング_レース内差 pos3_艇 pos3_級 pos3_展示 pos3_勝率 pos3_2連率 pos3_3連率 pos3_当地勝率 pos3_当地2連率 pos3_当地3連率 pos3_モーター勝率 pos3_モーター2連率 pos3_モーター3連率 pos3_ボート勝率 pos3_ボート2連率 pos3_ボート3連率 pos3_平均スタートタイミング pos3_1コース複勝率 pos3_2コース複勝率 pos3_3コース複勝率 pos3_4コース複勝率 pos3_5コース複勝率 pos3_6コース複勝率 pos3_体重 pos3_展示_レース内順位 pos3_展示_レース内差 pos3_勝率_レース内順位 pos3_勝率_レース内差 pos3_2連率_レース内順位 pos3_2連率_レース内差 pos3_3連率_レース内順位 pos3_3連率_レース内差 pos3_当地勝率_レース内順位 pos3_当地勝率_レース内差 pos3_モーター勝率_レース内順位 pos3_モーター勝率_レース内差 pos3_ボート勝率_レース内順位 pos3_ボート勝率_レース内差 pos3_平均スタートタイミング_レース内順位 pos3_平均スタートタイミング_レース内差
feature_infos=[8:3932] [1:9] [1:9] [1:7] [1:12] [0:3] [0:8] [3:3] [0:3] [6.54:7.0300000000000002] [1.9199999999999999:7.7199999999999998] [0:68.799999999999997] [2.7000000000000002:84.400000000000006] [0:10.619999999999999] [0:75] [0:100] [0:7.21] [0:62.5] [0:79.400000000000006] [0:8.3800000000000008] [0:75] [0:100] [0.12:0.25] [30.699999999999999:95.799999999999997] [9.5:81.299999999999997] [11.5:70] [4.5:100] [0:64.299999999999997] [0:40] [41:62] [1:6] [-0.11166666666666636:0.091666666666666785] [1:6] [-2.541666666666667:2.7033333333333327] [1:6] [-28.399999999999999:30.449999999999999] [1:6] [-38.316666666666663:36.783333333333331] [1:6] [-4.7216666666666667:4.501666666666666] [1:6] [-5.0533333333333337:1.9649999999999999] [1:6] [-1.8716666666666661:3.2733333333333343] [1:6] [-0.063333333333333353:0.049999999999999989] [4:4] [0:3] [6.5999999999999996:7.0300000000000002] [2.5899999999999999:7.6699999999999999] [6.2000000000000002:67.599999999999994] [18.800000000000001:90] [0:7.7199999999999998] [0:70] [0:84.599999999999994] [0:7.04] [0:53.399999999999999] [0:77.799999999999997] [0:8.1300000000000008] [0:73.299999999999997] [0:86.700000000000003] [0.12:0.23000000000000001] [0:100] [0:83.299999999999997] [0:75] [7.0999999999999996:69.599999999999994] [0:100] [0:42.100000000000001] [42:62] [1:6] [-0.13666666666666671:0.10666666666666558] [1:6] [-1.6816666666666662:2.7216666666666676] [1:6] [-20.083333333333339:29.249999999999993] [1:6] [-25.716666666666661:34.550000000000004] [1:6] [-4.8133333333333335:3.6400000000000001] [1:6] [-4.8933333333333335:3.1899999999999995] [1:6] [-3.7633333333333332:2.5766666666666671] [1:6] [-0.045000000000000012:0.03999999999999998] [6:6] [0:4] [6.4900000000000002:7.0199999999999996] [1.9299999999999999:7.1100000000000003] [0:58.399999999999999] [6.2000000000000002:81] [0:8.9499999999999993] [0:84.200000000000003] [0:100] [0:8.5] [0:80] [0:100] [0:8] [0:75] [0:100] [0.13:0.23000000000000001] [0:97.599999999999994] [0:74.099999999999994] [0:68.400000000000006] [0:71.400000000000006] [0:100] [0:42.799999999999997] [43:61] [1:6] [-0.12000000000000011:0.10500000000000131] [1:6] [-2.7283333333333335:2.4383333333333326] [1:6] [-31.633333333333329:30.300000000000001] [1:6] [-40.233333333333334:32.483333333333334] [1:6] [-4.546666666666666:2.9816666666666665] [1:6] [-4.4483333333333333:4.6050000000000004] [1:6] [-3.7916666666666665:4.2366666666666664] [1:6] [-0.040000000000000008:0.050000000000000044]
tree_sizes=560 758 652 654 654 754 763 671 678 777 668 645 658 558 671 661 628 652 668 754 789 665 810 792 755 659 795 650 642 790 635 791 773 643 772 807 680 665 748 898 656 684 662 758 775 670 818 794 666 801 795 698 670 767 661 668 554 762 773 754 788 660 652 686 681 665 800 667 758 698 662 670 814 774 652 657 765 780 674 683 656 663 558 733 749 793 683 798 781 777 781 668 778 801 798 782 781 665 731 656 789 792 795 784 661 655 656 792 671 649 762 692 667 667 674 828 671 787 669 668 783 570 781 677 666 766 776 672 672 668 817 659 671 674 769 702 738 763 749 769 650 789 766 765 801 785 802 792 796 770 798 786 765 787 797 784 658 667 766 787 661 677 666 668 705 705 666 668 785 694 659 681 764 762 786 671 788 564 751 753 652 675 771 687 769 662 657 742 689 672 644 773 672 673 673 789 752 573 795 689

Tree=0
num_leaves=5
num_cat=0
split_feature=35 4 50 115
split_gain=1.29997e+06 140934 50564.4 13102.2
threshold=-2.5083333333333289 6.5000000000000009 26.600000000000005 -1.9416666666666662
decision_type=2 2 2 2
left_child=-1 2 -2 -4
right_child=1 -3 3 -5
leaf_value=168.94827187743948 157.21218181456771 159.36192495150695 155.23948796150407 153.27093011969501
leaf_weight=27 18 27 14.999999999999998 25
leaf_count=27 18 27 15 25
internal_value=159.41 156.374 154.987 153.995
internal_weight=112 85 58 40
internal_count=112 85 58 40
is_linear=0
shrinkage=1


Tree=1
num_leaves=7
num_cat=0
split_feature=4 37 72 110 35 71
split_gain=1.09049e+06 422478 209941 92899.4 11147.7 2393.36
threshold=10.500000000000002 -5.8333333333333313 -0.6799999999999996 2.5000000000000004 6.7749999999999995 4.5000000000000009
decision_type=2 2 2 2 2 2
left_child=1 -1 -3 -4 -5 -6
right_child=-2 2 3 4 5 -7
leaf_value=4.3466386261709493 12.310440424735972 1.6553864224356893 -1.9310848408694719 -4.8040703538824756 -5.8034984967566494 -6.9289938006484721
leaf_weight=21 14.999999999999998 15.999999999999998 22 19 14.999999999999998 17
leaf_count=21 15 16 22 19 15 17
internal_value=-0.290167 -2.0181 -3.52314 -4.65894 -5.82948 -6.4213
internal_weight=125 110 89 73 51 32
internal_count=125 110 89 73 51 32
is_linear=0
shrinkage=0.05


Tree=2
num_leaves=6
num_cat=0
split_feature=45 37 109 64 72
split_gain=1.57157e+06 130269 128341 49872.6 19696.9
threshold=0.0025000000000000027 10.633333333333338 0.022499999999999968 31.450000000000006 0.45916666666666656
decision_type=2 2 2 2 2
left_child=1 2 3 -1 -3
right_child=-2 4 -4 -5 -6
leaf_value=-1.0706017157331627 10.88054881922873 -3.8234294999956462 2.6967390717260096 -4.7557495027954815 -6.1232784669790696
leaf_weight=20 27 19 14.999999999999998 17 20
leaf_count=20 27 19 15 17 20
internal_value=0.310083 -2.83465 -1.19235 -2.77217 -5.01561
internal_weight=118 91 52 37 39
internal_count=118 91 52 37 39
is_linear=0
shrinkage=0.05


Tree=3
num_leaves=6
num_cat=0
split_feature=45 25 4 33 45
split_gain=1.25788e+06 124213 117749 30535.7 3080.04
threshold=0.0025000000000000027 39.20000000000001 4.5000000000000009 0.78583333333333283 -0.021666666666666678
decision_type=2 2 2 2 2
left_child=1 2 -1 -3 -5
right_child=-2 3 -4 4 -6
leaf_value=-3.5718606881928028 9.2117087618736182 -2.9656215736768905 2.2144960952727177 -4.7823864502622602 -5.9361178927951386
leaf_weight=17 28 22 18 14.999999999999998 17
leaf_count=17 28 22 18 15 17
internal_value=-0.0120778 -2.92108 -0.598047 -4.42277 -5.41205
internal_weight=117 89 35 54 32
internal_count=117 89 35 54 32
is_linear=0
shrinkage=0.05


Tree=4
num_leaves=6
num_cat=0
split_feature=39 114 74 110 74
split_gain=1.13275e+06 1.14926e+06 115367 66770.2 8259.95
threshold=0.14916666666666692 3.5000000000000004 -5.4499999999999966 2.5000000000000004 5.4583333333333366
decision_type=2 2 2 2 2
left_child=1 -1 -2 -4 -5
right_child=2 -3 3 4 -6
leaf_value=16.773490301767982 0.33493920487967155 0.32117105192136935 -2.0511132935053622 -4.4971789707308227 -6.039378963485075
leaf_weight=17 17 28 22 15.999999999999998 26
leaf_count=17 17 28 22 16 26
internal_value=0.207867 6.56001 -3.32478 -4.29597 -5.46407
internal_weight=126 45 81 64 42
internal_count=126 45 81 64 42
is_linear=0
shrinkage=0.05


Tree=5
num_leaves=7
num_cat=0
split_feature=4 26 74 33 52 117
split_gain=629224 658008 135097 107447 12887.3 3940.44
threshold=7.5000000000000009 32.70000000000001 -4.9333333333333327 -0.22083333333333363 5.2600000000000007 0.1066666666666667
decision_type=2 2 2 2 2 2
left_child=2 -2 -1 -4 -5 -6
right_child=1 -3 3 4 5 -7
leaf_value=1.2957499746210086 11.391106941063365 -2.1218499646549334 -0.036687012224007921 -3.6202402516415249 -4.6034584784349866 -5.7846393304469785
leaf_weight=15.999999999999998 19 17 14.999999999999998 17 14.999999999999998 23
leaf_count=16 19 17 15 17 15 23
internal_value=-0.519733 5.02165 -2.84258 -3.78905 -4.81041 -5.33182
internal_weight=122 36 86 70 55 38
internal_count=122 36 86 70 55 38
is_linear=0
shrinkage=0.05


Tree=6
num_leaves=7
num_cat=0
split_feature=4 45 74 12 65 13
split_gain=1.16365e+06 1.29548e+06 99155.1 53418.5 8262.67 2001.82
threshold=7.5000000000000009 0.0016666666666666637 -4.9333333333333327 45.850000000000001 29.300000000000001 5.9200000000000008
decision_type=2 2 2 2 2 2
left_child=2 -2 -1 -4 -5 -6
right_child=1 -3 3 4 5 -7
leaf_value=0.62341247534021649 -0.5384819101931444 18.860179551863514 -1.5160202740305695 -3.7539266854001769 -5.6318950050755552 -4.666357870871976
leaf_weight=14.999999999999998 20 14.999999999999998 18 17 17 15.999999999999998
leaf_count=15 20 15 18 17 17 16
internal_value=0.171828 7.80513 -3.0525 -3.86316 -4.70331 -5.17942
internal_weight=118 35 83 68 50 33
internal_count=118 35 83 68 50 33
is_linear=0
shrinkage=0.05


Tree=7
num_leaves=6
num_cat=0
split_feature=110 27 74 63 76
split_gain=978206 282966 175262 35159.4 11048
threshold=1.5000000000000002 8.9000000000000004 -7.3083333333333327 54.150000000000006 6.4750000000000023
decision_type=2 2 2 2 2
left_child=-1 -2 -3 4 -4
right_child=1 2 3 -5 -6
leaf_value=11.633939625757822 3.8010711302307891 1.6836003499001446 -4.0604902556217999 -2.033996513994127 -5.6395359914540215
leaf_weight=15.999999999999998 19 15.999999999999998 25 14.999999999999998 23
leaf_count=16 19 16 25 15 23
internal_value=0.211244 -1.66359 -2.98109 -4.16664 -4.82737
internal_weight=114 98 79 63 48
internal_count=114 98 79 63 48
is_linear=0
shrinkage=0.05


Tree=8
num_leaves=6
num_cat=0
split_feature=35 111 73 112 72
split_gain=1.04033e+06 1.17999e+06 112156 28081.1 4768.38
threshold=1.0000000180025095e-35 1.0000000180025095e-35 2.5000000000000004 2.5000000000000004 0.39416666666666705
decision_type=2 2 2 2 2
left_child=1 -1 -2 -4 -5
right_child=2 -3 3 4 -6
leaf_value=18.011636640536075 0.33081977265705997 0.021834287602148016 -2.3890263907717304 -3.8762431220503046 -5.0916853396828605
leaf_weight=14.999999999999998 21 23 21 14.999999999999998 26
leaf_count=15 21 23 21 15 26
internal_value=0.310674 7.15184 -2.8262 -3.89441 -4.65765
internal_weight=121 38 83 62 41
internal_count=121 38 83 62 41
is_linear=0
shrinkage=0.05


Tree=9
num_leaves=7
num_cat=0
split_feature=4 31 27 37 117 14
split_gain=1.0201e+06 972593 106827 48817.2 12229.5 428.968
threshold=7.5000000000000009 -0.014999999999999234 8.0000000000000018 4.6750000000000052 -0.052499999999999762 38.500000000000007
decision_type=2 2 2 2 2 2
left_child=2 -2 -1 -4 -5 -6
right_child=1 -3 3 4 5 -7
leaf_value=1.4273964147694063 -0.14399319959608889 16.769616129587153 -1.2554818168484787 -2.9422892166220622 -4.3224843208363515 -4.9640355428059895
leaf_weight=14.999999999999998 18 15.999999999999998 22 15.999999999999998 14.999999999999998 17
leaf_count=15 18 16 22 16 15 17
internal_value=0.534397 7.84104 -2.39398 -3.21379 -4.10676 -4.67787
internal_weight=119 34 85 70 48 32
internal_count=119 34 85 70 48 32
is_linear=0
shrinkage=0.05


Tree=10
num_leaves=6
num_cat=0
split_feature=35 111 73 110 52
split_gain=792922 955152 135663 24706.6 3195.47
threshold=1.0000000180025095e-35 1.0000000180025095e-35 2.5000000000000004 2.5000000000000004 5.6500000000000012
decision_type=2 2 2 2 2
left_child=1 -1 -2 -4 -5
right_child=2 -3 3 4 -6
leaf_value=15.930710793804648 0.87787430410701506 -0.39759121631605054 -2.1531504982396177 -3.791690226371244 -4.7860973090703203
leaf_weight=14.999999999999998 21 22 17 15.999999999999998 27
leaf_count=15 21 22 17 16 27
internal_value=0.192267 6.24695 -2.57768 -3.78666 -4.42586
internal_weight=118 37 81 60 43
internal_count=118 37 81 60 43
is_linear=0
shrinkage=0.05


Tree=11
num_leaves=6
num_cat=0
split_feature=45 73 94 3 88
split_gain=778779 94987.6 37803.8 41227.8 7036.69
threshold=0.0025000000000000027 2.5000000000000004 5.1950000000000012 3.5000000000000004 5.2350000000000012
decision_type=2 2 2 2 2
left_child=1 -1 3 -3 -4
right_child=-2 2 4 -5 -6
leaf_value=0.79315162870139555 7.3134875033729259 -3.2796268626825134 -4.8394882412905194 0.18288511519400491 -3.3566236116732768
leaf_weight=22 29 20 18 14.999999999999998 17
leaf_count=22 29 20 18 15 17
internal_value=0.183272 -2.06974 -2.96943 -1.79926 -4.131
internal_weight=121 92 70 35 35
internal_count=121 92 70 35 35
is_linear=0
shrinkage=0.05


Tree=12
num_leaves=6
num_cat=0
split_feature=45 109 39 84 88
split_gain=747188 93336.7 60514.3 16702.8 1691.69
threshold=0.0025000000000000027 0.050833333333333293 -0.26666666666666655 0.0074999999999999937 5.2350000000000012
decision_type=2 2 2 2 2
left_child=1 2 -1 4 -4
right_child=-2 -3 3 -5 -6
leaf_value=-0.39988160942033019 7.2023143180402007 1.0810073848356279 -4.6870395401484286 -2.4052361232153374 -3.9122554229816218
leaf_weight=17 27 17 22 15.999999999999998 19
leaf_count=17 27 17 22 16 19
internal_value=-0.0864266 -2.25461 -3.02139 -3.80109 -4.33851
internal_weight=118 91 74 57 41
internal_count=118 91 74 57 41
is_linear=0
shrinkage=0.05


Tree=13
num_leaves=5
num_cat=0
split_feature=45 26 119 92
split_gain=734498 97024.9 33698.3 16063.8
threshold=0.0025000000000000027 22.850000000000005 -1.0000000180025095e-35 34.300000000000004
decision_type=2 2 2 2
left_child=1 -1 -3 -4
right_child=-2 2 3 -5
leaf_value=1.2875694839118037 7.2735421500255146 -1.3432856208064019 -4.5983124647095304 -2.6377426847613239
leaf_weight=19 29 27 21 22
leaf_count=19 29 27 21 22
internal_value=0.376978 -1.8758 -2.73511 -3.60379
internal_weight=118 89 70 43
internal_count=118 89 70 43
is_linear=0
shrinkage=0.05


Tree=14
num_leaves=6
num_cat=0
split_feature=35 110 74 112 41
split_gain=733976 786078 70141.5 22874.5 4310.31
threshold=1.0000000180025095e-35 3.5000000000000004 -4.9333333333333327 2.5000000000000004 -0.052499999999999984
decision_type=2 2 2 2 2
left_child=1 -1 -2 -4 -5
right_child=2 -3 3 4 -6
leaf_value=14.773291085413749 -0.041657705282494101 0.089735704892641543 -1.9405148590851693 -3.2111357960479938 -4.340516689342766
leaf_weight=14.999999999999998 23 23 22 14.999999999999998 27
leaf_count=15 23 23 22 15 27
internal_value=0.121269 5.90957 -2.41078 -3.26071 -3.94587
internal_weight=125 38 87 64 42
internal_count=125 38 87 64 42
is_linear=0
shrinkage=0.05


Tree=15
num_leaves=6
num_cat=0
split_feature=110 27 74 89 35
split_gain=611707 215985 105786 34035.5 23061.6
threshold=1.5000000000000002 8.9000000000000004 -9.358333333333329 40.300000000000004 9.5833333333333357
decision_type=2 2 2 2 2
left_child=-1 -2 -3 4 -4
right_child=1 2 3 -5 -6
leaf_value=9.2475347515763051 3.5836819652402614 1.2170322664526125 -1.6295412192781609 -5.2117043200587725 -3.7870092323576787
leaf_weight=14.999999999999998 17 14.999999999999998 25 19 25
leaf_count=15 17 15 25 19 25
internal_value=-0.139518 -1.54145 -2.58177 -3.40823 -2.71378
internal_weight=116 101 84 69 50
internal_count=116 101 84 69 50
is_linear=0
shrinkage=0.05


Tree=16
num_leaves=6
num_cat=0
split_feature=13 4 0 87 54
split_gain=530345 123250 84013.8 11266.2 13317.6
threshold=3.9050000000000007 9.5000000000000018 2570.5000000000005 6.745000000000001 60.900000000000013
decision_type=2 2 2 2 2
left_child=-1 2 3 -2 -5
right_child=1 -3 -4 4 -6
leaf_value=8.0891030975252569 -2.1796880891968531 2.4508507165295335 0.16535444590780471 -2.8430411015161026 -4.6834090177925471
leaf_weight=17 18 17 26 22 19
leaf_count=17 18 17 26 22 19
internal_value=-0.0603083 -1.42518 -2.20242 -3.24444 -3.70534
internal_weight=119 102 85 59 41
internal_count=119 102 85 59 41
is_linear=0
shrinkage=0.05


Tree=17
num_leaves=6
num_cat=0
split_feature=45 76 104 39 68
split_gain=501465 45658.8 25222.3 44905.6 2844.94
threshold=0.0025000000000000027 -9.8416666666666632 30.550000000000001 0.92500000000000038 52.500000000000007
decision_type=2 2 2 2 2
left_child=1 -1 3 -3 -4
right_child=-2 2 4 -5 -6
leaf_value=0.54870568450712998 5.8678264015479114 0.087872207817153547 -3.9666688160589567 -3.1163752096817205 -2.9780533394618338
leaf_weight=14.999999999999998 26 20 17 24 17
leaf_count=15 26 20 17 24 17
internal_value=-0.257367 -1.9743 -2.45964 -1.66289 -3.48269
internal_weight=119 93 78 44 34
internal_count=119 93 78 44 34
is_linear=0
shrinkage=0.05


Tree=18
num_leaves=6
num_cat=0
split_feature=45 74 102 78 39
split_gain=526783 77905.8 35554.7 32371.1 45025.1
threshold=0.014166666666666649 -9.8833333333333275 51.000000000000007 1.8658333333333335 0.80583333333333373
decision_type=2 2 2 2 2
left_child=1 -1 3 4 -3
right_child=-2 2 -4 -5 -6
leaf_value=1.1637288881453458 7.5556356267159037 0.020967319952064301 -4.468354771903198 -3.8894705507767764 -3.0406719686665062
leaf_weight=14.999999999999998 15.999999999999998 25 22 19 23
leaf_count=15 16 25 22 19 23
internal_value=-0.862029 -2.16312 -2.72455 -2.14608 -1.44924
internal_weight=120 104 89 67 48
internal_count=120 104 89 67 48
is_linear=0
shrinkage=0.05


Tree=19
num_leaves=7
num_cat=0
split_feature=27 0 98 106 119 75
split_gain=503811 743768 75670.4 77248.1 32411.9 5815.7
threshold=14.000000000000002 1915.5000000000002 34.150000000000013 6.4500000000000002 -0.20749999999999999 3.5000000000000004
decision_type=2 2 2 2 2 2
left_child=1 -1 4 -4 -2 -6
right_child=2 -3 3 -5 5 -7
leaf_value=-2.1887892814896861 -1.3098899975483551 12.797641509178785 -2.0308880520130388 2.7298849677447206 -4.4610201450608526 -3.0916965400316441
leaf_weight=15.999999999999998 23 17 18 15.999999999999998 15.999999999999998 18
leaf_count=16 23 17 18 16 16 18
internal_value=0.263752 5.54668 -1.65597 0.210765 -2.76796 -3.74742
internal_weight=124 33 91 34 57 34
internal_count=124 33 91 34 57 34
is_linear=0
shrinkage=0.05


Tree=20
num_leaves=7
num_cat=0
split_feature=110 72 27 88 106 33
split_gain=674086 222959 111783 21374.2 7856.96 7275.34
threshold=1.5000000000000002 -0.6799999999999996 11.000000000000002 5.995000000000001 6.4500000000000002 0.52916666666666645
decision_type=2 2 2 2 2 2
left_child=-1 -2 -3 4 -4 -6
right_child=1 2 3 -5 5 -7
leaf_value=9.9542957349723551 3.3826925597973729 1.4243453895808846 -3.5371226243458347 -5.0055634782803775 -1.5044834468538395 -3.0798945092207552
leaf_weight=14.999999999999998 20 14.999999999999998 24 14.999999999999998 15.000000000000002 14.999999999999998
leaf_count=15 20 15 24 15 15 15
internal_value=0.0818374 -1.35022 -2.47985 -3.32949 -2.85543 -2.29997
internal_weight=119 104 84 69 54 30
internal_count=119 104 84 69 54 30
is_linear=0
shrinkage=0.05


Tree=21
num_leaves=6
num_cat=0
split_feature=45 73 113 9 110
split_gain=534590 63577 24079.9 8167.22 4279.78
threshold=0.0025000000000000027 2.5000000000000004 -8.8083333333333318 6.8250000000000011 3.5000000000000004
decision_type=2 2 2 2 2
left_child=1 -1 -3 4 -4
right_child=-2 2 3 -5 -6
leaf_value=0.74210470890973035 6.1619335403147435 -0.46358776534629975 -3.7886864062176642 -1.7977899619887545 -2.6910173204992094
leaf_weight=23 29 14.999999999999998 14.999999999999998 18 27
leaf_count=23 29 15 15 18 27
internal_value=0.210574 -1.55498 -2.25953 -2.70692 -3.09123
internal_weight=127 98 75 60 42
internal_count=127 98 75 60 42
is_linear=0
shrinkage=0.05


Tree=22
num_leaves=7
num_cat=0
split_feature=15 4 97 123 45 109
split_gain=502497 556035 129703 48793.4 20526 3014.65
threshold=40.850000000000009 6.5000000000000009 5.7600000000000007 0.0083333333333333471 -0.0016666666666666633 -0.014166666666666659
decision_type=2 2 2 2 2 2
left_child=1 -1 3 4 5 -2
right_child=2 -3 -4 -5 -6 -7
leaf_value=-0.93368224402926592 -2.0021229023964997 12.651823897709122 2.6918513069089673 -0.49324782636650372 -4.7803935859377029 -2.9436998025262997
leaf_weight=15.000000000000002 14.999999999999995 14.999999999999998 14.999999999999998 24 14.999999999999998 24.000000000000004
leaf_count=15 15 15 15 24 15 24
internal_value=0.262587 5.87837 -1.55327 -2.37211 -3.20461 -2.58773
internal_weight=123 30 93 78 54 39
internal_count=123 30 93 78 54 39
is_linear=0
shrinkage=0.05


Tree=23
num_leaves=7
num_cat=0
split_feature=39 45 73 45 89 30
split_gain=447383 645560 54142.4 30584.1 17120.1 677.093
threshold=0.14916666666666692 0.0025000000000000027 2.5000000000000004 -1.0000000180025095e-35 23.400000000000002 2.5000000000000004
decision_type=2 2 2 2 2 2
left_child=1 -1 -2 4 -4 -6
right_child=2 -3 3 -5 5 -7
leaf_value=-1.0885604514125966 0.58574250565459396 11.413659535455439 -0.76653469837970611 -4.6389778086857767 -3.0507066809612766 -2.4849365891210291
leaf_weight=24 14.999999999999998 18 15.999999999999998 15.999999999999998 16.000000000000004 14.999999999999998
leaf_count=24 15 18 16 16 16 15
internal_value=0.129142 4.2838 -2.11054 -2.7525 -2.1017 -2.78598
internal_weight=120 42 78 63 47 31
internal_count=120 42 78 63 47 31
is_linear=0
shrinkage=0.05


Tree=24
num_leaves=7
num_cat=0
split_feature=110 9 78 44 35 63
split_gain=440332 171799 221656 69999.5 10103.2 4223.81
threshold=1.5000000000000002 6.8750000000000009 -1.1441666666666663 3.5000000000000004 3.591666666666669 44.600000000000001
decision_type=2 2 2 2 2 2
left_child=-1 2 -2 4 -4 -6
right_child=1 -3 3 -5 5 -7
leaf_value=7.6675182363261349 3.0936032673768832 3.5620039543009692 -1.4405023594587547 -6.2671280361958699 -3.4076837008272238 -2.3547267922857924
leaf_weight=15.999999999999998 17 15.999999999999998 18 14.999999999999998 20 21
leaf_count=16 17 16 18 15 20 21
internal_value=-0.0421607 -1.20114 -2.04166 -3.22403 -2.44099 -2.87553
internal_weight=123 107 91 74 59 41
internal_count=123 107 91 74 59 41
is_linear=0
shrinkage=0.05


Tree=25
num_leaves=6
num_cat=0
split_feature=35 0 78 45 119
split_gain=432207 640853 40145.2 9149.92 8918.03
threshold=1.0000000180025095e-35 1915.5000000000002 -0.076666666666666869 -0.0099999999999999794 -1.0000000180025095e-35
decision_type=2 2 2 2 2
left_child=1 -1 -2 4 -4
right_child=2 -3 3 -5 -6
leaf_value=-1.1964975480040811 -0.37306706022961711 11.702575269219471 -1.5263591978680433 -3.7576439724852713 -3.016027266154357
leaf_weight=22 28 17 20 14.999999999999998 21
leaf_count=22 28 17 20 15 21
internal_value=0.0983334 4.4416 -1.92101 -2.69284 -2.29496
internal_weight=123 39 84 56 41
internal_count=123 39 84 56 41
is_linear=0
shrinkage=0.05


Tree=26
num_leaves=7
num_cat=0
split_feature=14 97 43 37 45 109
split_gain=401515 117330 41139.7 27548.2 22686.8 5043.13
threshold=21.800000000000001 5.7600000000000007 0.24416666666666667 9.4083333333333368 -0.0016666666666666911 0.0099999999999993445
decision_type=2 2 2 2 2 2
left_child=-1 2 4 -4 5 -2
right_child=1 -3 3 -5 -6 -7
leaf_value=5.480426915121261 -1.7877500661411638 2.5252500066694044 0.59017964853263039 -2.3841814154820726 -4.8038576561883595 -3.0339592580637222
leaf_weight=26 15.999999999999998 14.999999999999998 16.000000000000004 14.999999999999998 14.999999999999998 18
leaf_count=26 16 15 16 15 15 18
internal_value=-0.0129192 -1.5206 -2.28146 -0.851905 -3.18219 -2.45462
internal_weight=121 95 80 31 49 34
internal_count=121 95 80 31 49 34
is_linear=0
shrinkage=0.05


Tree=27
num_leaves=6
num_cat=0
split_feature=39 87 109 82 58
split_gain=421624 638440 51938.4 20477.7 18327.9
threshold=0.14916666666666692 6.8050000000000006 0.050833333333333293 -0.032499999999999744 5.4350000000000014
decision_type=2 2 2 2 2
left_child=1 -1 3 -2 -5
right_child=2 -3 -4 4 -6
leaf_value=-3.1155608952394007 -3.858380173958873 9.5235217268536196 0.60329537073277539 -0.77809565703906314 -2.8607392061795438
leaf_weight=17 21 24 15.999999999999998 19 24
leaf_count=17 21 24 16 19 24
internal_value=0.171111 4.28798 -1.94144 -2.57765 -1.94456
internal_weight=121 41 80 64 43
internal_count=121 41 80 64 43
is_linear=0
shrinkage=0.05


Tree=28
num_leaves=6
num_cat=0
split_feature=4 23 4 41 66
split_gain=368466 520118 50466.6 54252.1 22628.9
threshold=7.5000000000000009 73.15000000000002 4.5000000000000009 -0.1833333333333331 15.500000000000002
decision_type=2 2 2 2 2
left_child=2 -2 4 -4 -1
right_child=1 -3 3 -5 -6
leaf_value=-1.705662272891727 10.471529152379398 -1.5411433372197973 1.8222291024315436 -2.0320990707967188 -3.9066505650312702
leaf_weight=21 17 19 14.999999999999998 23 27
leaf_count=21 17 19 15 23 27
internal_value=-0.0955219 4.14466 -1.87329 -0.509733 -2.94937
internal_weight=122 36 86 38 48
internal_count=122 36 86 38 48
is_linear=0
shrinkage=0.05


Tree=29
num_leaves=7
num_cat=0
split_feature=13 102 72 44 11 113
split_gain=396291 151565 73727.1 66014 21445.7 2569.8
threshold=3.9050000000000007 20.550000000000004 -0.76249999999999962 3.5000000000000004 35.70000000000001 -2.2999999999999967
decision_type=2 2 2 2 2 2
left_child=-1 -2 -3 4 -4 -6
right_child=1 2 3 -5 5 -7
leaf_value=7.5671103534319544 3.1221249245806955 1.3241179416511233 -0.23633621003892685 -5.3513794904910261 -2.8453360208073026 -2.0243921622377896
leaf_weight=14.999999999999998 18 14.999999999999998 17 15.999999999999998 15.999999999999991 29.000000000000007
leaf_count=15 18 15 17 16 16 29
internal_value=-0.0329125 -1.06587 -1.87899 -2.49594 -1.75155 -2.32206
internal_weight=126 111 93 78 62 45
internal_count=126 111 93 78 62 45
is_linear=0
shrinkage=0.05


Tree=30
num_leaves=6
num_cat=0
split_feature=110 31 50 89 70
split_gain=322265 140835 77026.4 34014.1 23101.8
threshold=1.5000000000000002 0.015000000000000126 26.600000000000005 40.300000000000004 0.015000000000000126
decision_type=2 2 2 2 2
left_child=-1 2 -2 4 -4
right_child=1 -3 3 -5 -6
leaf_value=6.2618796315641037 0.89594823689985015 2.507605571044988 -2.8272108519649155 -4.3725378872658975 -0.4723092279936138
leaf_weight=18 19 23 27 21 17
leaf_count=18 19 23 27 21 17
internal_value=0.0912779 -0.951598 -1.90068 -2.71835 -1.92061
internal_weight=125 107 84 65 44
internal_count=125 107 84 65 44
is_linear=0
shrinkage=0.05


Tree=31
num_leaves=7
num_cat=0
split_feature=108 14 23 33 33 49
split_gain=320345 640788 77889.7 29829.4 20722.4 9992.05
threshold=4.5000000000000009 26.850000000000005 79.750000000000014 -0.15166666666666637 0.33083333333333403 4.7100000000000017
decision_type=2 2 2 2 2 2
left_child=3 -2 -3 -1 -5 -6
right_child=1 2 -4 4 5 -7
leaf_value=-4.0858579610357229 11.669089047008793 1.8256103276836204 -2.9553867029221679 -0.050331467871340158 -3.2002876433315657 -1.5998635790192384
leaf_weight=14.999999999999998 14.999999999999998 15.999999999999998 18 15.999999999999998 14.999999999999998 29
leaf_count=15 15 16 18 16 15 29
internal_value=-0.0426599 3.09782 -0.706603 -2.0959 -1.59236 -2.1516
internal_weight=124 49 34 75 60 44
internal_count=124 49 34 75 60 44
is_linear=0
shrinkage=0.05


Tree=32
num_leaves=7
num_cat=0
split_feature=110 76 88 74 14 13
split_gain=405133 166550 56514.8 25644 13419.9 3289.68
threshold=1.5000000000000002 -12.424999999999999 5.995000000000001 1.8999999999999988 32.000000000000007 5.6050000000000013
decision_type=2 2 2 2 2 2
left_child=-1 -2 3 -3 -5 -6
right_child=1 2 -4 4 5 -7
leaf_value=7.2329376599803474 3.5772972209860168 -0.14881457758147687 -4.6873633635671519 -3.1835041455573436 -0.94276261850698084 -2.0010848152716427
leaf_weight=15.999999999999998 14.999999999999998 24 17 19 15.000000000000002 14.999999999999998
leaf_count=16 15 24 17 19 15 15
internal_value=-0.153096 -1.28445 -2.09786 -1.48917 -2.14393 -1.47698
internal_weight=121 105 90 73 49 30
internal_count=121 105 90 73 49 30
is_linear=0
shrinkage=0.05


Tree=33
num_leaves=6
num_cat=0
split_feature=35 0 123 106 50
split_gain=333741 619806 31203 16102 11430
threshold=1.0000000180025095e-35 1915.5000000000002 0.011666666666666674 10.800000000000002 27.500000000000004
decision_type=2 2 2 2 2
left_child=1 -1 3 4 -2
right_child=2 -3 -4 -5 -6
leaf_value=-1.5633733263936653 -3.6817319446139862 11.469584857158779 0.15761833899649813 -1.0474108599033591 -1.9972948902868222
leaf_weight=21 17 15.999999999999998 20 24 26
leaf_count=21 17 16 20 24 26
internal_value=0.116814 4.08809 -1.57482 -2.0915 -2.67035
internal_weight=124 37 87 67 43
internal_count=124 37 87 67 43
is_linear=0
shrinkage=0.05


Tree=34
num_leaves=7
num_cat=0
split_feature=4 45 120 3 43 22
split_gain=387856 640932 67347.5 22139.7 17045.6 15814
threshold=6.5000000000000009 0.0025000000000000027 3.5000000000000004 2.5000000000000004 0.050000000000000273 0.16500000000000004
decision_type=2 2 2 2 2 2
left_child=3 2 -2 5 -5 -1
right_child=1 -3 -4 4 -6 -7
leaf_value=-1.8663045946335945 -2.690406556239981 12.238943850441487 1.8918297197386533 -2.0679103736775626 -0.06143454055339969 -4.1459769503670456
leaf_weight=15.000000000000002 14.999999999999998 14.999999999999998 17 28 17 15.999999999999998
leaf_count=15 15 15 17 28 17 16
internal_value=0.182152 3.74805 -0.257628 -2.02504 -1.31184 -3.05262
internal_weight=123 47 32 76 45 31
internal_count=123 47 32 76 45 31
is_linear=0
shrinkage=0.05


Tree=35
num_leaves=7
num_cat=0
split_feature=113 78 9 63 45 74
split_gain=304545 103414 159435 27225.4 38696.4 7763.71
threshold=-9.7999999999999972 -1.1441666666666663 6.8750000000000009 47.20000000000001 -0.0016666666666666633 13.416666666666668
decision_type=2 2 2 2 2 2
left_child=-1 -2 3 4 -3 -5
right_child=1 2 -4 5 -6 -7
leaf_value=6.3314417144708468 2.9591401488575713 -2.1720161120238255 3.1694737440702934 -0.56088719464236891 -5.3283176245278865 -2.1468763490386356
leaf_weight=17 14.999999999999998 27.999999999999996 14.999999999999998 16.000000000000004 15.000000000000002 14.999999999999998
leaf_count=17 15 28 15 16 15 15
internal_value=0.147484 -0.868418 -1.51617 -2.46902 -3.28298 -1.3329
internal_weight=121 104 89 74 43 31
internal_count=121 104 89 74 43 31
is_linear=0
shrinkage=0.05


Tree=36
num_leaves=6
num_cat=0
split_feature=13 64 4 39 62
split_gain=238139 68534.9 96032.1 46459.6 20093.9
threshold=3.9050000000000007 40.350000000000009 9.5000000000000018 0.65333333333333365 78.90000000000002
decision_type=2 2 2 2 2
left_child=-1 2 3 -2 -3
right_child=1 4 -4 -5 -6
leaf_value=5.4774404205890921 0.41066213247876515 -1.3096727082271451 3.4212807090077186 -2.5464166291085562 -3.6733270752481566
leaf_weight=15.999999999999998 26 14.999999999999998 14.999999999999998 27 23
leaf_count=16 26 15 15 27 23
internal_value=-0.188914 -1.04862 -0.0971846 -1.09764 -2.74632
internal_weight=122 106 68 53 38
internal_count=122 106 68 53 38
is_linear=0
shrinkage=0.05


Tree=37
num_leaves=6
num_cat=0
split_feature=4 26 43 45 28
split_gain=275048 553468 28145.1 31410.2 6301.56
threshold=6.5000000000000009 31.050000000000004 0.14749999999999955 -1.0000000180025095e-35 15.150000000000002
decision_type=2 2 2 2 2
left_child=2 -2 3 4 -1
right_child=1 -3 -4 -5 -6
leaf_value=-0.83713836354135696 9.9486540652111746 -1.433559148978456 -0.48252671664295665 -4.3694460736205256 -2.2506837688691435
leaf_weight=14.999999999999998 18 26 28 14.999999999999998 17
leaf_count=15 18 26 28 15 17
internal_value=0.100459 3.23469 -1.74008 -2.48654 -1.59291
internal_weight=119 44 75 47 32
internal_count=119 44 75 47 32
is_linear=0
shrinkage=0.05


Tree=38
num_leaves=7
num_cat=0
split_feature=113 87 44 92 33 119
split_gain=297955 133309 41865.8 26658.1 23537.6 11314.3
threshold=-12.724999999999996 6.8950000000000005 3.5000000000000004 34.300000000000004 0.63999999999999935 -1.0000000180025095e-35
decision_type=2 2 2 2 2 2
left_child=-1 2 3 5 -5 -2
right_child=1 -3 -4 4 -6 -7
leaf_value=6.4202386919236352 -1.2824553854109948 3.1289568196172297 -3.8879930839488646 0.97579902417093334 -1.5100454411399897 -3.0692350262746761
leaf_weight=14.999999999999998 17 15.999999999999998 19 18 20 19
leaf_count=15 17 16 19 18 20 19
internal_value=-0.16262 -1.07362 -1.79928 -1.2584 -0.332938 -2.23151
internal_weight=124 109 93 74 38 36
internal_count=124 109 93 74 38 36
is_linear=0
shrinkage=0.05


Tree=39
num_leaves=8
num_cat=0
split_feature=108 14 23 41 14 23 8
split_gain=234650 505329 66791.7 29911.5 33730.1 21901.6 20561.2
threshold=4.5000000000000009 26.850000000000005 79.750000000000014 0.27166666666666611 23.450000000000006 71.600000000000009 1.5000000000000002
decision_type=2 2 2 2 2 2 2
left_child=3 -2 -3 4 -1 -5 -6
right_child=1 2 -4 5 6 -7 -8
leaf_value=-2.8250576173296622 10.25577685501402 1.6111627940065372 -2.8162738615636669 -4.3403382408697864 1.238981030446402 -1.6675745993667506 -1.3294612748338683
leaf_weight=15.999999999999998 14.999999999999998 15.999999999999998 18 15.000000000000002 15.999999999999998 15.999999999999998 15.000000000000002
leaf_count=16 15 16 18 15 16 16 15
internal_value=-0.0643223 2.64414 -0.734013 -1.76706 -0.96838 -2.97081 -0.00393153
internal_weight=127 49 34 78 47 31 31
internal_count=127 49 34 78 47 31 31
is_linear=0
shrinkage=0.05


Tree=40
num_leaves=6
num_cat=0
split_feature=45 70 123 76 55
split_gain=302027 40006.7 21787.2 10626.9 7362.65
threshold=0.0025000000000000027 0.039999999999999598 0.0083333333333333471 -4.7583333333333284 5.3900000000000015
decision_type=2 2 2 2 2
left_child=1 2 3 -1 -5
right_child=-2 -3 -4 4 -6
leaf_value=-3.1302914423203609 4.8470857910894383 1.1563655631142371 -0.22926922383890971 -2.3012696180298429 -0.97022449382673503
leaf_weight=17 27 15.999999999999998 22 21 21
leaf_count=17 27 16 22 21 21
internal_value=0.179977 -1.12272 -1.57384 -2.07388 -1.63975
internal_weight=124 97 81 59 42
internal_count=124 97 81 59 42
is_linear=0
shrinkage=0.05


Tree=41
num_leaves=6
num_cat=0
split_feature=113 98 45 90 24
split_gain=216096 83687.9 53808.7 20243.9 13856.4
threshold=-9.7999999999999972 35.250000000000007 0.0016666666666666637 46.100000000000009 47.500000000000007
decision_type=2 2 2 2 2
left_child=-1 2 3 -2 -5
right_child=1 -3 -4 4 -6
leaf_value=4.5733832748772585 -2.9689575327942705 1.0395001310663126 -4.6877272511120909 0.3847322871353453 -1.5198852877050524
leaf_weight=19 14.999999999999998 29 15.999999999999998 14.999999999999998 26
leaf_count=19 15 29 16 15 26
internal_value=-0.304389 -1.22566 -2.13826 -1.40269 -0.823712
internal_weight=120 101 72 56 41
internal_count=120 101 72 56 41
is_linear=0
shrinkage=0.05


Tree=42
num_leaves=6
num_cat=0
split_feature=27 4 98 38 79
split_gain=221133 529656 34109.5 38772.9 5103.79
threshold=14.000000000000002 5.5000000000000009 35.250000000000007 2.5000000000000004 3.5000000000000004
decision_type=2 2 2 2 2
left_child=1 -1 3 -2 -5
right_child=2 -3 -4 4 -6
leaf_value=-3.1349168457599901 -4.2943192267260022 9.5068183137659439 0.038033546380891126 -2.0163002499362874 -0.89658922018675968
leaf_weight=15.999999999999998 14.999999999999998 17 27 17 26
leaf_count=16 15 17 27 17 26
internal_value=-0.0813192 3.38639 -1.43006 -2.11246 -1.34303
internal_weight=118 33 85 58 43
internal_count=118 33 85 58 43
is_linear=0
shrinkage=0.05


Tree=43
num_leaves=7
num_cat=0
split_feature=4 108 105 45 90 56
split_gain=235416 506415 54771.7 24462.4 7105.93 4115.07
threshold=7.5000000000000009 4.5000000000000009 31.350000000000005 0.0016666666666666637 41.850000000000009 34.250000000000007
decision_type=2 2 2 2 2 2
left_child=2 -2 3 4 -1 -6
right_child=1 -3 -4 -5 5 -7
leaf_value=-1.9734255326819097 -1.8912762107649397 10.153081105806812 1.5185271522067241 -3.4489205814941588 -0.19567770326374384 -1.3175543043494882
leaf_weight=22 19 15.999999999999998 14.999999999999998 17 14.999999999999998 18
leaf_count=22 19 16 15 17 15 18
internal_value=0.170838 3.62781 -1.22241 -1.79482 -1.27813 -0.809893
internal_weight=122 35 87 72 55 33
internal_count=122 35 87 72 55 33
is_linear=0
shrinkage=0.05


Tree=44
num_leaves=7
num_cat=0
split_feature=116 27 25 57 35 106
split_gain=184917 86886.6 33879.8 32084.6 52839.7 4943.1
threshold=1.5000000000000002 11.000000000000002 36.600000000000001 43.45000000000001 5.5500000000000034 9.7500000000000018
decision_type=2 2 2 2 2 2
left_child=-1 -2 -3 -4 -5 -6
right_child=1 2 3 4 5 -7
leaf_value=4.8840014492559156 2.0500226725280553 -3.2681595363427158 -2.8983174740873427 2.0712242308610711 -2.1181809472721929 -0.82684046235305597
leaf_weight=17 22 20 14.999999999999998 15.999999999999998 15.000000000000002 14.999999999999998
leaf_count=17 22 20 15 16 15 15
internal_value=0.0685613 -0.730138 -1.4869 -0.898408 -0.241282 -1.47757
internal_weight=120 103 81 61 46 30
internal_count=120 103 81 61 46 30
is_linear=0
shrinkage=0.05


Tree=45
num_leaves=6
num_cat=0
split_feature=12 98 73 45 47
split_gain=218137 61642.5 117225 20523.5 18319.8
threshold=38.20000000000001 29.350000000000005 2.5000000000000004 -0.0099999999999999794 1.5000000000000002
decision_type=2 2 2 2 2
left_child=-1 3 -3 -2 -4
right_child=1 2 4 -5 -6
leaf_value=5.4621141219425287 -1.6179920141133035 3.3904766559600832 -2.1941696373683941 -3.9841602003337537 -0.13529522484837317
leaf_weight=14.999999999999998 24 18 27 14.999999999999998 18
leaf_count=15 24 18 27 15 18
internal_value=-0.147094 -0.976568 -0.00860877 -2.53605 -1.37286
internal_weight=117 102 63 39 45
internal_count=117 102 63 39 45
is_linear=0
shrinkage=0.05


Tree=46
num_leaves=7
num_cat=0
split_feature=108 35 41 45 70 21
split_gain=241510 500331 27309.2 18410.7 15379.2 15650.1
threshold=4.5000000000000009 1.0000000180025095e-35 0.27166666666666611 -0.0099999999999999794 -0.017500000000000512 49.250000000000007
decision_type=2 2 2 2 2 2
left_child=2 -2 4 -4 -1 -6
right_child=1 -3 3 -5 5 -7
leaf_value=-2.1312975611907756 10.419917731569305 -0.86915389736352011 -1.5338116044583523 -3.9844592498627729 -1.2963618999682598 0.90829087754954463
leaf_weight=14.999999999999998 14.999999999999998 28 16.000000000000004 14.999999999999998 15.999999999999998 15.999999999999998
leaf_count=15 15 28 16 15 16 16
internal_value=0.0793336 3.08382 -1.57875 -2.72877 -0.815935 -0.194484
internal_weight=121 43 78 31 47 32
internal_count=121 43 78 31 47 32
is_linear=0
shrinkage=0.05


Tree=47
num_leaves=7
num_cat=0
split_feature=4 26 48 10 108 94
split_gain=176924 147060 17366.8 24167.6 15077.3 11644.5
threshold=10.500000000000002 14.000000000000002 6.8850000000000007 5.1900000000000004 4.5000000000000009 5.3900000000000015
decision_type=2 2 2 2 2 2
left_child=1 -1 3 -3 5 -5
right_child=-2 2 -4 4 -6 -7
leaf_value=3.7134015438719565 5.0955565004159293 -3.5048493047678693 0.077496544099011966 -0.0075077742725223693 -2.3861631373093593 -1.7948235372833858
leaf_weight=15.999999999999998 14.999999999999998 15.999999999999998 14.999999999999998 23 21 14.999999999999998
leaf_count=16 15 16 15 23 21 15
internal_value=0.0316886 -0.688977 -1.47493 -1.78517 -1.31359 -0.716017
internal_weight=121 106 90 75 59 38
internal_count=121 106 90 75 59 38
is_linear=0
shrinkage=0.05


Tree=48
num_leaves=6
num_cat=0
split_feature=107 13 39 22 87
split_gain=94611 49764.9 34566.3 21590.4 18153.6
threshold=50.500000000000007 4.3750000000000009 1.0000000180025095e-35 0.16500000000000004 6.8250000000000011
decision_type=2 2 2 2 2
left_child=-1 -2 -3 4 -4
right_child=1 2 3 -5 -6
leaf_value=2.4261446227026249 -3.8792728518912805 1.1851324037210831 0.4293749030123758 -2.5742329864209643 -1.8794318886277097
leaf_weight=18 18 14.999999999999998 18 26 15.999999999999998
leaf_count=18 18 15 18 26 16
internal_value=-0.88277 -1.52518 -0.955714 -1.49209 -0.659301
internal_weight=111 93 75 60 34
internal_count=111 93 75 60 34
is_linear=0
shrinkage=0.05


Tree=49
num_leaves=7
num_cat=0
split_feature=9 78 45 119 117 64
split_gain=109467 70275.7 37191.8 16145.4 5801.92 4981.78
threshold=6.8750000000000009 -1.1441666666666663 0.0016666666666666637 -1.0000000180025095e-35 0.17583333333333331 35.100000000000001
decision_type=2 2 2 2 2 2
left_child=1 -1 3 5 -5 -3
right_child=-2 2 -4 4 -6 -7
leaf_value=1.7118641779289481 3.0059172100490996 0.22421641941891599 -3.5565724153241676 -2.7540542523592508 -1.3470121942608562 -1.0407653696048331
leaf_weight=15.999999999999998 17 15.000000000000002 24 15.000000000000002 14.999999999999998 15.999999999999998
leaf_count=16 17 15 24 15 15 16
internal_value=-0.694733 -1.32002 -1.89213 -1.23243 -2.05751 -0.429764
internal_weight=118 101 85 61 30 31
internal_count=118 101 85 61 30 31
is_linear=0
shrinkage=0.05


Tree=50
num_leaves=7
num_cat=0
split_feature=14 41 39 45 23 54
split_gain=202368 64092.8 113173 29829 10297 10273.7
threshold=11.450000000000001 -1.0000000180025095e-35 1.0000000180025095e-35 0.0016666666666666637 86.800000000000026 57.45000000000001
decision_type=2 2 2 2 2 2
left_child=-1 2 -2 4 5 -3
right_child=1 3 -4 -5 -6 -7
leaf_value=5.3088928228971985 4.1089208249224738 0.25008901902381947 -1.2261458126744864 -3.6694502367610817 -2.2522402665629886 -1.5668993948409273
leaf_weight=14.999999999999998 14.999999999999998 15.000000000000002 29 17 15.999999999999998 15.999999999999998
leaf_count=15 15 15 29 17 16 16
internal_value=-0.11317 -0.870495 0.597707 -1.87932 -1.2253 -0.689574
internal_weight=123 108 44 64 47 31
internal_count=123 108 44 64 47 31
is_linear=0
shrinkage=0.05


Tree=51
num_leaves=6
num_cat=0
split_feature=111 31 10 26 4
split_gain=184272 84874.8 48153 29617.8 18540.5
threshold=-0.92416666666666691 0.015000000000000126 4.4250000000000016 24.250000000000004 6.5000000000000009
decision_type=2 2 2 2 2
left_child=-1 2 -2 -4 -5
right_child=1 -3 3 4 -6
leaf_value=5.0772798695179251 -4.0584495230226336 1.7292665264483309 0.94125720282889302 -0.79924569357301767 -2.9197783778172841
leaf_weight=15.999999999999998 14.999999999999998 27 15.999999999999998 29 15.999999999999998
leaf_count=16 15 27 16 29 16
internal_value=0.102498 -0.67441 -1.52956 -0.902001 -1.55813
internal_weight=119 103 76 61 45
internal_count=119 103 76 61 45
is_linear=0
shrinkage=0.05


Tree=52
num_leaves=6
num_cat=0
split_feature=14 98 39 84 81
split_gain=193317 44589.1 41055.6 26367.8 8071.13
threshold=21.800000000000001 26.450000000000006 1.0000000180025095e-35 0.0091666666666666719 2.5000000000000004
decision_type=2 2 2 2 2
left_child=-1 -2 -3 4 -4
right_child=1 2 3 -5 -6
leaf_value=4.2579471657384973 -2.912876368567582 2.1249958565693028 -2.3545464822224207 0.76630023986257179 -0.93308995965442088
leaf_weight=24 19 14.999999999999998 15.999999999999998 19 27
leaf_count=24 19 15 16 19 27
internal_value=0.253992 -0.750334 -0.213569 -0.781942 -1.46636
internal_weight=120 96 77 62 43
internal_count=120 96 77 62 43
is_linear=0
shrinkage=0.05


Tree=53
num_leaves=7
num_cat=0
split_feature=45 31 14 84 27 113
split_gain=158586 437440 30070.1 31892.4 9366.88 14873.2
threshold=0.0025000000000000027 -0.020833333333333478 16.150000000000002 0.0091666666666666719 27.850000000000005 -2.7833333333333274
decision_type=2 2 2 2 2 2
left_child=2 -2 -1 4 5 -4
right_child=1 -3 3 -5 -6 -7
leaf_value=-3.0115884326151665 -2.6008582497235402 9.251222693841191 -2.7599632012216668 0.99261305276707645 -0.32571367428670478 -0.76805841628267857
leaf_weight=14.999999999999998 16.000000000000004 14.999999999999998 17 23 20 21
leaf_count=15 16 15 17 23 20 21
internal_value=0.0417449 3.14517 -0.962579 -0.579826 -1.2041 -1.66421
internal_weight=127 31 96 81 58 38
internal_count=127 31 96 81 58 38
is_linear=0
shrinkage=0.05


Tree=54
num_leaves=6
num_cat=0
split_feature=27 15 3 78 101
split_gain=177990 343522 27413.3 31293.5 14026.9
threshold=14.000000000000002 40.850000000000009 1.5000000000000002 0.30166666666666681 72.850000000000009
decision_type=2 2 2 2 2
left_child=1 -1 -2 -4 -5
right_child=2 -3 3 4 -6
leaf_value=8.858931704941174 -2.7446929666731092 -1.6464998186004829 1.0517958422052374 -0.49137812447302115 -2.1883993282137322
leaf_weight=15.000000000000002 17 15.999999999999998 22 29 21
leaf_count=15 17 16 22 29 21
internal_value=0.192193 3.44875 -0.944656 -0.516361 -1.20717
internal_weight=120 31 89 72 50
internal_count=120 31 89 72 50
is_linear=0
shrinkage=0.05


Tree=55
num_leaves=6
num_cat=0
split_feature=45 70 27 48 28
split_gain=210182 28736.9 22369.8 15509.2 8682.72
threshold=0.0025000000000000027 0.039999999999999598 12.250000000000002 6.8050000000000006 7.4000000000000012
decision_type=2 2 2 2 2
left_child=1 2 -1 4 -4
right_child=-2 -3 3 -5 -6
leaf_value=-2.8758187739229992 4.0546721697733412 1.0501326167425573 -1.2239204838409186 -2.0443343634692783 0.26395300308546699
leaf_weight=18 27 14.999999999999998 15.999999999999998 19 25
leaf_count=18 27 15 16 19 25
internal_value=0.179472 -0.948679 -1.33398 -0.867333 -0.318124
internal_weight=120 93 78 60 41
internal_count=120 93 78 60 41
is_linear=0
shrinkage=0.05


Tree=56
num_leaves=5
num_cat=0
split_feature=108 4 25 41
split_gain=212840 347083 38897.5 16797.3
threshold=4.5000000000000009 7.5000000000000009 36.600000000000001 -1.0000000180025095e-35
decision_type=2 2 2 2
left_child=2 -2 -1 -4
right_child=1 -3 3 -5
leaf_value=-3.0682754335314408 -0.54118929120447357 8.5606795274723346 0.50102929458096257 -1.4071969139619946
leaf_weight=24 27 17 20 27
leaf_count=24 27 17 20 27
internal_value=0.25805 2.98677 -1.43474 -0.59574
internal_weight=115 44 71 47
internal_count=115 44 71 47
is_linear=0
shrinkage=0.05


Tree=57
num_leaves=7
num_cat=0
split_feature=116 31 21 45 69 25
split_gain=163195 75200.5 75882.4 83002.9 19087.5 13114.4
threshold=1.5000000000000002 0.025833333333333822 55.45000000000001 0.0016666666666666637 4.5000000000000009 43.650000000000006
decision_type=2 2 2 2 2 2
left_child=-1 2 3 4 5 -2
right_child=1 -3 -4 -5 -6 -7
leaf_value=4.80734858615509 -2.7153627890592431 2.3944057629993241 1.6780383437697648 -5.0717133929157816 0.37243263764040813 -0.86290236031847289
leaf_weight=14.999999999999998 17 15.999999999999998 17 17 15.999999999999998 22
leaf_count=15 17 16 17 17 16 22
internal_value=-0.0531859 -0.751509 -1.31918 -2.02827 -1.07998 -1.67539
internal_weight=120 105 89 72 55 39
internal_count=120 105 89 72 55 39
is_linear=0
shrinkage=0.05


Tree=58
num_leaves=7
num_cat=0
split_feature=14 97 4 4 88 79
split_gain=158206 79852.2 80765.1 41732.4 17044.9 10566.9
threshold=11.450000000000001 5.4300000000000006 6.5000000000000009 8.5000000000000018 5.995000000000001 3.5000000000000004
decision_type=2 2 2 2 2 2
left_child=-1 3 -3 4 5 -2
right_child=1 2 -4 -5 -6 -7
leaf_value=4.7812478476012785 -1.4505266551939857 -0.9397534004680772 3.8695379292742809 -3.8052564068844448 -2.3943255191212458 0.23679315517057523
leaf_weight=14.999999999999998 14.999999999999998 19 15.999999999999998 17 14.999999999999998 24
leaf_count=15 15 19 16 17 15 24
internal_value=-0.00721159 -0.688739 1.2634 -1.65155 -0.967663 -0.414098
internal_weight=121 106 35 71 54 39
internal_count=121 106 35 71 54 39
is_linear=0
shrinkage=0.05


Tree=59
num_leaves=7
num_cat=0
split_feature=49 107 13 98 0 40
split_gain=215753 73307.7 59532.3 37807.8 8973.4 8753.38
threshold=6.5100000000000007 50.500000000000007 4.3750000000000009 36.300000000000004 1498.0000000000002 3.5000000000000004
decision_type=2 2 2 2 2 2
left_child=1 -1 -3 4 -4 -6
right_child=-2 2 3 -5 5 -7
leaf_value=2.3112875107305437 5.5300992131973645 -3.9153390192846111 -0.49783083176055148 1.0361189452471671 -1.106001029547697 -2.7967429576330627
leaf_weight=17 15.999999999999998 17 17 23 16.000000000000004 14.999999999999998
leaf_count=17 16 17 17 23 16 15
internal_value=0.140209 -0.68554 -1.2665 -0.627581 -1.42537 -1.93062
internal_weight=121 105 88 71 48 31
internal_count=121 105 88 71 48 31
is_linear=0
shrinkage=0.05


Tree=60
num_leaves=7
num_cat=0
split_feature=105 103 13 64 90 64
split_gain=142460 104494 33201.7 22878.2 23605.9 7807.06
threshold=7.5500000000000016 48.900000000000006 4.3750000000000009 44.20000000000001 60.20000000000001 31.450000000000006
decision_type=2 2 2 2 2 2
left_child=-1 2 -2 4 5 -4
right_child=1 -3 3 -5 -6 -7
leaf_value=4.2001556466084828 -3.5616118046067515 2.8702114360302868 -1.7912546518430188 -2.2878064834264169 1.2176283059185309 -0.28124675873099575
leaf_weight=15.999999999999998 15.999999999999998 15.999999999999998 20 25 14.999999999999998 14.999999999999998
leaf_count=16 16 16 20 25 15 15
internal_value=-0.185198 -0.844308 -1.4999 -1.05584 -0.436424 -1.1469
internal_weight=123 107 91 75 50 35
internal_count=123 107 91 75 50 35
is_linear=0
shrinkage=0.05


Tree=61
num_leaves=6
num_cat=0
split_feature=108 23 13 92 63
split_gain=151181 285099 26743.9 15937.6 5390.51
threshold=4.5000000000000009 73.15000000000002 4.7300000000000013 40.750000000000007 39.70000000000001
decision_type=2 2 2 2 2
left_child=2 -2 -1 4 -4
right_child=1 -3 3 -5 -6
leaf_value=-2.4877658507376341 6.8799159358389934 -1.1143067071162371 -1.7716542808905889 0.84412822194446813 -0.57434047273485167
leaf_weight=26 20 25 15.999999999999998 14.999999999999998 23
leaf_count=26 20 25 16 15 23
internal_value=0.130511 2.44595 -1.17329 -0.536868 -1.06895
internal_weight=125 45 80 54 39
internal_count=125 45 80 54 39
is_linear=0
shrinkage=0.05


Tree=62
num_leaves=6
num_cat=0
split_feature=113 72 44 15 43
split_gain=128548 62844.6 35968.9 9299.7 4803.21
threshold=-9.7999999999999972 -0.6799999999999996 3.5000000000000004 43.900000000000006 0.21416666666666687
decision_type=2 2 2 2 2
left_child=-1 -2 3 -3 -5
right_child=1 2 -4 4 -6
leaf_value=3.1958068714322638 1.2970697224949279 -2.1379657647624515 -3.4882082058355142 -1.1391750632897275 -0.099146266857892767
leaf_weight=21 22 15.999999999999998 21 29 18
leaf_count=21 22 16 21 29 18
internal_value=-0.368806 -1.0774 -1.70014 -1.09946 -0.742028
internal_weight=127 106 84 63 47
internal_count=127 106 84 63 47
is_linear=0
shrinkage=0.05


Tree=63
num_leaves=6
num_cat=0
split_feature=31 26 92 123 33
split_gain=53182.5 60192 16146.7 15244 6473.69
threshold=-0.044166666666667347 22.850000000000005 20.400000000000002 0.0099999999999999967 0.78583333333333283
decision_type=2 2 2 2 2
left_child=-1 -2 -3 4 -4
right_child=1 2 3 -5 -6
leaf_value=-2.9633993498001443 1.5637287529762105 -2.6424530459160835 -2.0834680000447334 0.55576827636617698 -0.69695513064031445
leaf_weight=25 28 14.999999999999998 15.999999999999998 14.999999999999998 18
leaf_count=25 28 15 16 15 18
internal_value=-0.923255 -0.366199 -1.21174 -0.769178 -1.35377
internal_weight=117 92 64 49 34
internal_count=117 92 64 49 34
is_linear=0
shrinkage=0.05


Tree=64
num_leaves=6
num_cat=0
split_feature=13 97 78 4 78
split_gain=168763 36959.6 48707.5 23030 7621.19
threshold=3.9050000000000007 4.8950000000000005 0.30166666666666681 6.5000000000000009 1.8658333333333335
decision_type=2 2 2 2 2
left_child=-1 3 -3 -2 -4
right_child=1 2 4 -5 -6
leaf_value=4.6818209269031978 -1.0193164543429416 1.4240258691851624 -0.73368918961266061 -3.6140601063406237 -2.1238231845249405
leaf_weight=15.999999999999998 20 29 29 14.999999999999998 14.999999999999998
leaf_count=16 20 29 29 15 15
internal_value=-0.0940305 -0.805287 -0.163898 -2.13862 -1.21145
internal_weight=124 108 73 35 44
internal_count=124 108 73 35 44
is_linear=0
shrinkage=0.05


Tree=65
num_leaves=6
num_cat=0
split_feature=13 97 39 22 76
split_gain=141045 44128 106921 18520.4 11249.4
threshold=3.9050000000000007 4.8950000000000005 1.0000000180025095e-35 0.16500000000000004 8.5750000000000046
decision_type=2 2 2 2 2
left_child=-1 4 -3 -4 -2
right_child=1 2 3 -5 -6
leaf_value=4.4726383920041668 -2.9385573219834709 3.7366203503579087 0.038092504698119457 -1.8295537507622006 -1.1110571426606317
leaf_weight=15.999999999999998 17 15.999999999999998 26 27 17
leaf_count=16 17 16 26 27 17
internal_value=0.12031 -0.559413 0.16748 -0.914909 -2.03089
internal_weight=119 103 69 53 34
internal_count=119 103 69 53 34
is_linear=0
shrinkage=0.05


Tree=66
num_leaves=7
num_cat=0
split_feature=45 84 14 111 50 88
split_gain=125440 279294 27582.1 16341.4 23169.5 4364.63
threshold=0.0025000000000000027 -0.0083333333333333436 16.150000000000002 -0.44583333333333369 26.600000000000005 5.8250000000000002
decision_type=2 2 2 2 2 2
left_child=2 -2 -1 -4 -5 -6
right_child=1 -3 3 4 5 -7
leaf_value=-2.7151145954309781 -1.9531868637792318 7.668977505008117 -1.6128170909183055 1.6729235399243061 -0.22233675972292924 -1.2502580983668379
leaf_weight=15.999999999999998 15.000000000000002 14.999999999999998 22 14.999999999999998 29 15.999999999999998
leaf_count=16 15 15 22 15 29 16
internal_value=0.0436677 2.86722 -0.822677 -0.450503 -0.0222631 -0.589893
internal_weight=128 30 98 82 60 45
internal_count=128 30 98 82 60 45
is_linear=0
shrinkage=0.05


Tree=67
num_leaves=6
num_cat=0
split_feature=14 121 44 113 88
split_gain=133273 32719.4 37961.4 13013.4 5132.29
threshold=21.800000000000001 0.29499999999999998 3.5000000000000004 5.325000000000002 4.4750000000000005
decision_type=2 2 2 2 2
left_child=-1 2 3 4 -2
right_child=1 -3 -4 -5 -6
leaf_value=3.3180943079678666 -1.9327504264597861 0.79388203639908139 -3.5328975770647171 0.44480923330574706 -0.76762203106021509
leaf_weight=25 14.999999999999998 25 14.999999999999998 17 26
leaf_count=25 15 25 15 17 26
internal_value=0.0669831 -0.764868 -1.29911 -0.716235 -1.19768
internal_weight=123 98 73 58 41
internal_count=123 98 73 58 41
is_linear=0
shrinkage=0.05


Tree=68
num_leaves=7
num_cat=0
split_feature=49 25 23 123 74 68
split_gain=166596 41983 37125.4 19130.5 17285.3 3697.42
threshold=6.5100000000000007 33.95000000000001 66.65000000000002 0.011666666666666674 -4.174999999999998 54.500000000000007
decision_type=2 2 2 2 2 2
left_child=1 -1 -3 4 -4 -6
right_child=-2 2 3 -5 5 -7
leaf_value=-2.6777580009920596 4.011442129860062 1.6083681606758409 -2.9428481334092602 0.40414286024040647 -0.30486938463931046 -1.4163081563861164
leaf_weight=29 19 17 14.999999999999998 17 15.000000000000002 14.999999999999998
leaf_count=29 19 17 15 17 15 15
internal_value=-0.293604 -1.05403 -0.455283 -1.02288 -1.56179 -0.863614
internal_weight=127 108 79 62 45 30
internal_count=127 108 79 62 45 30
is_linear=0
shrinkage=0.05


Tree=69
num_leaves=6
num_cat=0
split_feature=4 69 27 62 41
split_gain=117491 115586 30420.9 10592.2 9477.06
threshold=10.500000000000002 5.5000000000000009 13.150000000000002 69.350000000000009 -0.052499999999999984
decision_type=2 2 2 2 2
left_child=1 2 -1 -4 -5
right_child=-2 -3 3 4 -6
leaf_value=-2.9445691222518819 4.0232173730206027 3.3901251350017576 -1.6897067973475239 0.36340374480511545 -1.0208863145516009
leaf_weight=22 14.999999999999998 14.999999999999998 24 21.999999999999996 28.000000000000004
leaf_count=22 15 15 24 22 28
internal_value=-0.115037 -0.677423 -1.3159 -0.828308 -0.412189
internal_weight=126 111 96 74 50
internal_count=126 111 96 74 50
is_linear=0
shrinkage=0.05


Tree=70
num_leaves=6
num_cat=0
split_feature=0 102 13 118 35
split_gain=151885 43387.3 36155.3 14370.3 10905.3
threshold=2925.0000000000005 20.550000000000004 4.9500000000000011 4.5000000000000009 6.5083333333333391
decision_type=2 2 2 2 2
left_child=1 -1 -3 4 -4
right_child=-2 2 3 -5 -6
leaf_value=1.6176915680399593 3.5088873531325717 -2.945151329431599 1.0778012327800524 -1.6146784407582448 -0.70036636217316584
leaf_weight=15.999999999999998 27 22 14.999999999999998 20 20
leaf_count=16 27 22 15 20 20
internal_value=0.214698 -0.744367 -1.23671 -0.54914 0.0624625
internal_weight=120 93 77 55 35
internal_count=120 93 77 55 35
is_linear=0
shrinkage=0.05


Tree=71
num_leaves=6
num_cat=0
split_feature=105 78 60 14 102
split_gain=118506 48235.5 57642.6 23386.5 7427.61
threshold=7.5500000000000016 0.30166666666666681 47.150000000000013 26.850000000000005 36.600000000000001
decision_type=2 2 2 2 2
left_child=-1 2 -2 -3 -5
right_child=1 3 -4 4 -6
leaf_value=3.8243074623464843 3.137530206133988 -2.9771487622985044 -0.83575270114006939 -1.7470291050324527 -0.40543873904087291
leaf_weight=17 14.999999999999998 19 23 15.999999999999998 29
leaf_count=17 15 19 23 16 29
internal_value=-0.0279387 -0.673146 0.736636 -1.51012 -0.885376
internal_weight=119 102 38 64 45
internal_count=119 102 38 64 45
is_linear=0
shrinkage=0.05


Tree=72
num_leaves=7
num_cat=0
split_feature=45 55 13 36 56 113
split_gain=102245 89214.6 30053.7 15459.4 6872.14 4291.91
threshold=0.014166666666666649 4.5850000000000009 4.3750000000000009 3.5000000000000004 41.95000000000001 -0.3166666666666717
decision_type=2 2 2 2 2 2
left_child=1 -1 -3 -4 5 -5
right_child=-2 2 3 4 -6 -7
leaf_value=2.7135336424175058 3.8021916345255273 -3.1859043678141532 -2.1655011810871385 -0.53999265898946203 -1.2850030822413308 0.48336287933494387
leaf_weight=17 14.999999999999998 15.999999999999998 15.999999999999998 21.999999999999993 15.999999999999998 19.000000000000007
leaf_count=17 15 16 16 22 16 19
internal_value=-0.0473432 -0.595206 -1.2296 -0.796987 -0.409635 -0.0656109
internal_weight=121 106 89 73 57 41
internal_count=121 106 89 73 57 41
is_linear=0
shrinkage=0.05


Tree=73
num_leaves=7
num_cat=0
split_feature=13 41 23 65 22 76
split_gain=116327 40117.9 57982.9 18403.3 9788.03 5169.31
threshold=3.9050000000000007 0.30500000000000022 66.65000000000002 26.450000000000006 0.16500000000000004 6.4750000000000023
decision_type=2 2 2 2 2 2
left_child=-1 2 -2 -4 -3 -5
right_child=1 4 3 5 -6 -7
leaf_value=4.2472302821852406 3.0533117371316281 -0.73078291335030998 1.0178052335780188 -1.6939172142430357 -2.3013284351023451 -0.417994419154742
leaf_weight=15.999999999999998 15.999999999999998 19 14.999999999999998 17 21 14.999999999999998
leaf_count=16 16 19 15 17 21 15
internal_value=0.294743 -0.322711 0.463462 -0.422693 -1.55913 -1.09915
internal_weight=119 103 63 47 40 32
internal_count=119 103 63 47 40 32
is_linear=0
shrinkage=0.05


Tree=74
num_leaves=6
num_cat=0
split_feature=49 107 15 98 59
split_gain=136513 48488.9 41691.2 21372.4 13403.1
threshold=6.5100000000000007 50.500000000000007 38.300000000000004 36.300000000000004 35.250000000000007
decision_type=2 2 2 2 2
left_child=1 -1 -3 4 -4
right_child=-2 2 3 -5 -6
leaf_value=1.9341811238535194 4.0017812137445699 -3.2745820100136225 -1.8701980166111616 0.66714051899971893 -0.23331753260949079
leaf_weight=14.999999999999998 18 18 29 23 22
leaf_count=15 18 18 29 23 22
internal_value=-0.0143461 -0.693109 -1.12316 -0.596061 -1.16603
internal_weight=125 107 92 74 51
internal_count=125 107 92 74 51
is_linear=0
shrinkage=0.05


Tree=75
num_leaves=6
num_cat=0
split_feature=113 9 45 40 70
split_gain=124823 56708.9 34466.1 10106.4 5926.63
threshold=-12.724999999999996 6.8750000000000009 0.0016666666666666637 4.5000000000000009 -0.010833333333333249
decision_type=2 2 2 2 2
left_child=-1 2 3 4 -2
right_child=1 -3 -4 -5 -6
leaf_value=4.0628265008978222 -1.8201254945052296 1.9710011012372914 -2.938575535362931 0.15108001887569941 -0.59758492752724157
leaf_weight=15.999999999999998 17 17 21 26 24
leaf_count=16 17 17 21 26 24
internal_value=-0.0368792 -0.664915 -1.17584 -0.619713 -1.10781
internal_weight=121 105 88 67 41
internal_count=121 105 88 67 41
is_linear=0
shrinkage=0.05


Tree=76
num_leaves=7
num_cat=0
split_feature=111 103 13 84 36 122
split_gain=111694 65162.2 45146 15485.6 13836 2828.27
threshold=-0.92416666666666691 48.900000000000006 4.3750000000000009 0.011666666666666674 3.5000000000000004 3.5000000000000004
decision_type=2 2 2 2 2 2
left_child=-1 2 -2 4 -4 -6
right_child=1 -3 3 -5 5 -7
leaf_value=3.85925361502985 -3.4466746770847614 2.2333010101178932 -2.2676367768388714 0.83439583502068437 -0.90293353362516915 -0.10993817575377036
leaf_weight=15.999999999999998 17 17 14.999999999999998 14.999999999999998 23 22
leaf_count=16 17 17 15 15 23 22
internal_value=-0.0283297 -0.602044 -1.12788 -0.598327 -0.957383 -0.516461
internal_weight=125 109 92 75 60 45
internal_count=125 109 92 75 60 45
is_linear=0
shrinkage=0.05


Tree=77
num_leaves=7
num_cat=0
split_feature=13 64 38 87 14 109
split_gain=118266 37439.5 44508.7 14586.9 14149.2 8841.99
threshold=3.9050000000000007 40.350000000000009 3.5000000000000004 6.7250000000000005 37.000000000000007 0.034999999999999705
decision_type=2 2 2 2 2 2
left_child=-1 2 -2 -4 -3 -5
right_child=1 4 3 5 -6 -7
leaf_value=4.0840003043228057 2.1805329496884229 -2.8695115196038476 0.66842534593399006 -1.9518643885027638 -0.94668876412498504 -0.30738820903348613
leaf_weight=15.999999999999998 20 15.999999999999998 14.999999999999998 18 24 14.999999999999998
leaf_count=16 20 16 15 18 24 15
internal_value=0.0860572 -0.509414 0.204796 -0.621145 -1.72118 -1.20771
internal_weight=124 108 68 48 40 33
internal_count=124 108 68 48 40 33
is_linear=0
shrinkage=0.05


Tree=78
num_leaves=6
num_cat=0
split_feature=0 4 25 96 30
split_gain=94619.9 41160.2 19099.7 14473.9 7933.85
threshold=2925.0000000000005 9.5000000000000018 33.95000000000001 56.800000000000004 2.5000000000000004
decision_type=2 2 2 2 2
left_child=1 2 -1 4 -4
right_child=-2 -3 3 -5 -6
leaf_value=-2.5047549668081568 2.5448691511481898 1.5581798417227608 -0.65329093281582828 0.5886665883443214 -2.1332875201342913
leaf_weight=21 29 15.999999999999998 23 14.999999999999998 14.999999999999998
leaf_count=21 29 16 23 15 15
internal_value=0.0660979 -0.7345 -1.23172 -0.723442 -1.2417
internal_weight=119 90 74 53 38
internal_count=119 90 74 53 38
is_linear=0
shrinkage=0.05


Tree=79
num_leaves=6
num_cat=0
split_feature=49 107 13 41 18
split_gain=112208 49472.5 59520.6 20703.3 26914.8
threshold=6.5100000000000007 50.500000000000007 4.3750000000000009 0.38166666666666643 43.250000000000007
decision_type=2 2 2 2 2
left_child=1 -1 -3 4 -4
right_child=-2 2 3 -5 -6
leaf_value=2.0435231060381756 3.8866160179517282 -3.9121484516472225 -1.2549903265468736 -1.5588980329377624 1.1957090124102974
leaf_weight=14.999999999999998 15.999999999999998 14.999999999999998 19 27 27
leaf_count=15 16 15 19 27 27
internal_value=0.00453852 -0.601639 -1.05438 -0.462555 0.182829
internal_weight=119 103 88 73 46
internal_count=119 103 88 73 46
is_linear=0
shrinkage=0.05


Tree=80
num_leaves=6
num_cat=0
split_feature=49 107 13 123 15
split_gain=98652.3 44367.5 43084.7 15841.8 11421.2
threshold=6.5100000000000007 50.500000000000007 4.3750000000000009 0.011666666666666674 56.750000000000007
decision_type=2 2 2 2 2
left_child=1 -1 -3 4 -4
right_child=-2 2 3 -5 -6
leaf_value=1.7423305241957951 3.4067968110766333 -3.3683633202000673 -0.29639342538884417 0.70435109033110388 -1.7123412757581662
leaf_weight=15.999999999999998 17 17 29 18 28
leaf_count=16 17 17 29 18 28
internal_value=-0.122137 -0.680301 -1.10312 -0.585793 -0.993815
internal_weight=125 108 92 75 57
internal_count=125 108 92 75 57
is_linear=0
shrinkage=0.05


Tree=81
num_leaves=6
num_cat=0
split_feature=14 98 23 43 10
split_gain=106970 21390 22071.4 7200.38 5812.37
threshold=21.800000000000001 26.450000000000006 65.100000000000009 -0.2458333333333331 5.7100000000000009
decision_type=2 2 2 2 2
left_child=-1 -2 -3 -4 -5
right_child=1 2 3 4 -6
leaf_value=2.8789993737392501 -2.103560522067196 1.3755192062712664 -1.6348284717191728 0.3665612048660683 -0.89544062521550549
leaf_weight=26 22 14.999999999999998 17 14.999999999999998 23
leaf_count=26 22 15 17 15 23
internal_value=0.0534578 -0.747269 -0.318543 -0.782308 -0.397496
internal_weight=118 92 70 55 38
internal_count=118 92 70 55 38
is_linear=0
shrinkage=0.05


Tree=82
num_leaves=5
num_cat=0
split_feature=15 23 111 82
split_gain=107329 17380.5 15940.3 9696.72
threshold=40.850000000000009 66.65000000000002 -0.290833333333333 -0.032499999999999744
decision_type=2 2 2 2
left_child=-1 -2 -3 -4
right_child=1 2 3 -5
leaf_value=2.7012841245153107 0.60211167182382308 -2.1208712312910296 -1.4463912065116522 0.014541742894997376
leaf_weight=29 18 26 19 28
leaf_count=29 18 26 19 28
internal_value=0.0577302 -0.786707 -1.12958 -0.577759
internal_weight=120 91 73 47
internal_count=120 91 73 47
is_linear=0
shrinkage=0.05


Tree=83
num_leaves=7
num_cat=0
split_feature=45 77 39 88 89 16
split_gain=89655.4 32056.2 31272.6 11925.9 9922.95 4994.39
threshold=0.014166666666666649 1.5000000000000002 -0.45083333333333314 4.2100000000000009 38.250000000000007 5.2500000000000009
decision_type=2 2 2 2 2 2
left_child=1 -1 -3 -4 5 -5
right_child=-2 2 3 4 -6 -7
leaf_value=1.0045382883337979 3.0906889642987929 -3.22729932885421 -1.9942699730744835 0.57813899661954593 -1.4735243613956963 -0.5809694803822103
leaf_weight=18 15.999999999999998 17 17 18 17 19
leaf_count=18 16 17 17 18 17 19
internal_value=-0.386372 -0.913677 -1.30679 -0.842989 -0.477439 -0.0169057
internal_weight=122 106 88 71 54 37
internal_count=122 106 88 71 54 37
is_linear=0
shrinkage=0.05


Tree=84
num_leaves=7
num_cat=0
split_feature=14 97 39 95 77 26
split_gain=91444.4 38562.9 55324 16763.2 16713.6 9849.84
threshold=11.450000000000001 4.8950000000000005 1.0000000180025095e-35 28.950000000000006 2.5000000000000004 27.950000000000006
decision_type=2 2 2 2 2 2
left_child=-1 3 -3 -2 -4 -6
right_child=1 2 4 -5 5 -7
leaf_value=3.6241983495800705 -0.89868763653855555 2.5882406079455422 0.66787187465798781 -3.1959580274607173 -2.1107051666019951 -0.5367965310441013
leaf_weight=14.999999999999998 17 17 17 14.999999999999998 17 24
leaf_count=15 17 17 17 15 17 24
internal_value=-0.0184395 -0.532043 0.0884776 -1.98229 -0.647319 -1.19306
internal_weight=122 107 75 32 58 41
internal_count=122 107 75 32 58 41
is_linear=0
shrinkage=0.05


Tree=85
num_leaves=7
num_cat=0
split_feature=116 31 25 23 62 0
split_gain=140957 61975.6 25496.4 24048.4 20648.4 9288.68
threshold=1.5000000000000002 0.025833333333333822 36.600000000000001 65.100000000000009 58.100000000000001 2070.0000000000005
decision_type=2 2 2 2 2 2
left_child=-1 2 3 -2 -4 -6
right_child=1 -3 4 -5 5 -7
leaf_value=4.5596779281729907 -3.7249613262959658 2.1488486817531416 1.0760329173100704 -0.93463550024891484 -0.49268949390371175 -2.0239700042683144
leaf_weight=14.999999999999998 15.000000000000002 17 14.999999999999998 15.999999999999998 26 15.999999999999998
leaf_count=15 15 17 15 16 26 16
internal_value=0.042422 -0.606577 -1.14077 -2.29259 -0.511331 -1.07958
internal_weight=120 105 88 31 57 42
internal_count=120 105 88 31 57 42
is_linear=0
shrinkage=0.05


Tree=86
num_leaves=6
num_cat=0
split_feature=0 45 41 63 78
split_gain=101587 204059 23012.4 28344.1 18325.9
threshold=2925.0000000000005 -0.0049999999999999897 0.30500000000000022 43.300000000000004 0.79749999999999999
decision_type=2 2 2 2 2
left_child=2 -2 3 -1 -4
right_child=1 -3 4 -5 -6
leaf_value=-1.4916071474340038 -1.5905549364060345 6.5049769938386834 -0.96264757885358709 0.73491985285494632 -3.3041317849253482
leaf_weight=28 16.000000000000004 14.999999999999998 19 29 14.999999999999998
leaf_count=28 16 15 19 29 15
internal_value=-0.132635 2.3348 -0.974884 -0.359422 -2.00246
internal_weight=122 31 91 57 34
internal_count=122 31 91 57 34
is_linear=0
shrinkage=0.05


Tree=87
num_leaves=7
num_cat=0
split_feature=45 14 113 50 88 47
split_gain=90443.2 28159.8 10437 12893.4 3507.63 1975.41
threshold=0.0025000000000000027 16.150000000000002 -6.7499999999999973 26.600000000000005 5.8250000000000002 1.5000000000000002
decision_type=2 2 2 2 2 2
left_child=1 -1 -3 -4 5 -5
right_child=-2 2 3 4 -6 -7
leaf_value=-2.6811274394491651 2.4792714567938212 -1.2639505147664254 1.2723217579702668 -0.49127416023926707 -1.0360777951234224 0.30484425733421022
leaf_weight=14.999999999999998 29 22 14.999999999999998 15.999999999999998 14.999999999999998 15.000000000000002
leaf_count=15 29 22 15 16 15 15
internal_value=0.0313091 -0.694826 -0.333001 0.00418851 -0.411088 -0.106153
internal_weight=127 98 83 61 46 31
internal_count=127 98 83 61 46 31
is_linear=0
shrinkage=0.05


Tree=88
num_leaves=7
num_cat=0
split_feature=14 52 38 43 109 87
split_gain=94256.3 32672.1 49549.4 13949.8 6972.76 6813.38
threshold=11.450000000000001 6.1650000000000009 3.5000000000000004 0.20583333333333312 0.045833333333332955 6.7750000000000012
decision_type=2 2 2 2 2 2
left_child=-1 2 -2 -3 5 -4
right_child=1 3 4 -5 -6 -7
leaf_value=3.736548693448503 2.7059057055719644 -2.4211498121420547 -0.2533997005739137 -0.49614565683447798 0.33036261600737249 -1.6109254917387146
leaf_weight=14.999999999999998 14.999999999999998 23 19 15.999999999999998 15.999999999999998 18
leaf_count=15 15 23 19 16 16 18
internal_value=0.0382941 -0.483111 0.178786 -1.63482 -0.540091 -0.916514
internal_weight=122 107 68 39 53 37
internal_count=122 107 68 39 53 37
is_linear=0
shrinkage=0.05


Tree=89
num_leaves=7
num_cat=0
split_feature=4 26 13 45 110 54
split_gain=106011 83543.9 20868.5 11969.8 7253.93 3954.53
threshold=10.500000000000002 14.000000000000002 4.3750000000000009 1.0000000180025095e-35 2.5000000000000004 58.95000000000001
decision_type=2 2 2 2 2 2
left_child=1 -1 -3 4 -4 -6
right_child=-2 2 3 -5 5 -7
leaf_value=2.8380018876946487 3.9717023274756431 -2.6985227831031966 -1.3109884895893356 -1.8929341742866914 -0.44872974489295187 0.4989071959948671
leaf_weight=15.999999999999998 14.999999999999998 15.999999999999998 15.999999999999998 17 28 18
leaf_count=16 15 16 16 17 28 18
internal_value=0.0408655 -0.49338 -1.0569 -0.721368 -0.39752 -0.077529
internal_weight=126 111 95 79 62 46
internal_count=126 111 95 79 62 46
is_linear=0
shrinkage=0.05


Tree=90
num_leaves=7
num_cat=0
split_feature=49 119 76 26 24 35
split_gain=101073 36443.2 35421.3 16687.8 15652.8 6728.12
threshold=6.5100000000000007 0.55166666666666686 -12.424999999999999 18.600000000000005 35.850000000000009 5.5500000000000034
decision_type=2 2 2 2 2 2
left_child=1 2 -1 -4 -5 -6
right_child=-2 -3 3 4 5 -7
leaf_value=1.9803868686916024 3.4962709881408873 -2.6886074024998678 -2.1600346163408646 1.0935569139900587 -1.6279789060156866 -0.32463825070571245
leaf_weight=14.999999999999998 17 18 14.999999999999998 14.999999999999998 14.999999999999998 29
leaf_count=15 17 18 15 15 15 29
internal_value=-0.0733843 -0.643307 -0.227042 -0.67663 -0.296392 -0.771756
internal_weight=124 107 89 74 59 44
internal_count=124 107 89 74 59 44
is_linear=0
shrinkage=0.05


Tree=91
num_leaves=6
num_cat=0
split_feature=105 103 13 112 66
split_gain=87049.1 55007.4 32038.1 17396.6 7157.11
threshold=7.5500000000000016 48.900000000000006 4.7300000000000013 2.5000000000000004 15.900000000000002
decision_type=2 2 2 2 2
left_child=-1 2 -2 -4 -5
right_child=1 -3 3 4 -6
leaf_value=3.131411015359979 -2.8506787011930848 2.063879201822723 -1.8682204319469964 0.74737139895836024 -0.56648629037375298
leaf_weight=17 22 14.999999999999998 20 15.999999999999998 29
leaf_count=17 22 15 20 16 29
internal_value=-0.170332 -0.7232 -1.20561 -0.645212 -0.0986047
internal_weight=119 102 87 65 45
internal_count=119 102 87 65 45
is_linear=0
shrinkage=0.05


Tree=92
num_leaves=7
num_cat=0
split_feature=108 14 13 53 82 111
split_gain=86308 210487 26056.7 21626.7 6875.7 5679.23
threshold=4.5000000000000009 26.850000000000005 4.3750000000000009 39.750000000000007 -0.032499999999999744 0.39333333333333315
decision_type=2 2 2 2 2 2
left_child=2 -2 -1 -3 -4 -6
right_child=1 3 4 -5 5 -7
leaf_value=-2.9280093512920118 6.4507475575074471 0.56611634109452458 -1.2998928478039593 -1.9882209919994662 -0.75018567191481011 0.52003702509482186
leaf_weight=15.999999999999998 14.999999999999998 17 25 15.999999999999998 21 14.999999999999998
leaf_count=16 15 17 25 16 21 15
internal_value=-0.101264 1.56084 -1.13813 -0.674464 -0.664545 -0.220813
internal_weight=125 48 77 33 61 36
internal_count=125 48 77 33 61 36
is_linear=0
shrinkage=0.05


Tree=93
num_leaves=7
num_cat=0
split_feature=105 33 35 96 49 70
split_gain=83842.2 43179.3 64811.6 11628.3 10953.7 5175.14
threshold=7.5500000000000016 -0.15166666666666637 2.616666666666664 56.800000000000004 5.0400000000000009 0.018333333333333094
decision_type=2 2 2 2 2 2
left_child=-1 -2 -3 4 -4 -6
right_child=1 2 3 -5 5 -7
leaf_value=3.2502328783829024 -2.3876693009416718 2.9051182116893743 -2.2621795567455671 0.33979570477048338 0.0097354790068561216 -1.2804106694775701
leaf_weight=15.999999999999998 26 14.999999999999998 14.999999999999998 18 16.000000000000004 14.999999999999998
leaf_count=16 26 15 15 18 16 15
internal_value=-0.109812 -0.624471 -0.0418304 -0.736054 -1.15697 -0.616478
internal_weight=121 105 79 64 46 31
internal_count=121 105 79 64 46 31
is_linear=0
shrinkage=0.05


Tree=94
num_leaves=7
num_cat=0
split_feature=14 33 59 102 68 48
split_gain=91307.4 22128.3 17033.7 10918.5 6093.94 3812.43
threshold=11.450000000000001 -0.15166666666666637 27.400000000000002 36.600000000000001 54.500000000000007 6.785000000000001
decision_type=2 2 2 2 2 2
left_child=-1 -2 -3 5 -5 -4
right_child=1 2 3 4 -6 -7
leaf_value=3.4875279053946997 -1.9972139750773481 1.2428399040999003 -0.75901861526318726 -0.5313115883577354 0.72211871052419907 -1.8937147039451347
leaf_weight=14.999999999999998 24 14.999999999999998 15.000000000000002 27 14.999999999999998 14.999999999999998
leaf_count=15 24 15 15 27 15 15
internal_value=-0.160627 -0.656362 -0.284546 -0.604103 -0.0828872 -1.33094
internal_weight=126 111 87 72 42 30
internal_count=126 111 87 72 42 30
is_linear=0
shrinkage=0.05


Tree=95
num_leaves=7
num_cat=0
split_feature=84 45 25 84 60 40
split_gain=87671.8 236305 19583 16756.6 15586.8 4519.58
threshold=-0.0075000000000000058 -1.0000000180025095e-35 39.20000000000001 -0.013333333333333348 47.750000000000007 3.5000000000000004
decision_type=2 2 2 2 2 2
left_child=2 4 -1 -4 -2 -6
right_child=1 -3 3 -5 5 -7
leaf_value=-2.6274388261921495 0.87414180749321568 6.4737629051096945 0.26129873608032506 -1.9005012974833813 -1.6638597021829211 -0.45335803535414043
leaf_weight=18 15.999999999999998 17 22 14.999999999999998 15.000000000000002 15.999999999999998
leaf_count=18 16 17 22 15 15 16
internal_value=0.183561 1.44067 -1.27912 -0.617732 -0.389589 -1.04271
internal_weight=119 64 55 37 47 31
internal_count=119 64 55 37 47 31
is_linear=0
shrinkage=0.05


Tree=96
num_leaves=7
num_cat=0
split_feature=116 25 6 13 99 41
split_gain=83556.8 24344.4 23440.4 11977.6 9566.76 5862.65
threshold=1.5000000000000002 36.600000000000001 5.5000000000000009 4.620000000000001 52.400000000000006 -0.052499999999999984
decision_type=2 2 2 2 2 2
left_child=-1 3 4 -2 5 -3
right_child=1 2 -4 -5 -6 -7
leaf_value=3.0724794935064708 -2.8939499772937087 0.40317023141043529 1.2974579945752758 -0.88990738107668632 -1.8111128061812445 -0.8640012746597352
leaf_weight=17 15.000000000000002 15.999999999999998 19 14.999999999999998 14.999999999999998 21
leaf_count=17 15 16 19 15 15 21
internal_value=-0.160056 -0.706696 -0.201136 -1.89838 -0.750234 -0.316291
internal_weight=118 101 71 30 52 37
internal_count=118 101 71 30 52 37
is_linear=0
shrinkage=0.05


Tree=97
num_leaves=6
num_cat=0
split_feature=13 52 97 42 54
split_gain=83236.6 21124.9 20915.3 12930.4 6227.08
threshold=3.9050000000000007 6.1650000000000009 5.4300000000000006 4.5000000000000009 52.95000000000001
decision_type=2 2 2 2 2
left_child=-1 2 4 -3 -2
right_child=1 3 -4 -5 -6
leaf_value=3.4486079701725743 -1.1130045237479271 -2.1900410809505604 1.2855514810293047 -0.26744850629212846 0.12661229418127576
leaf_weight=15.999999999999998 23 21 24 14.999999999999998 18
leaf_count=16 23 21 24 15 18
internal_value=0.109584 -0.422208 0.116176 -1.39206 -0.569677
internal_weight=117 101 65 36 41
internal_count=117 101 65 36 41
is_linear=0
shrinkage=0.05


Tree=98
num_leaves=7
num_cat=0
split_feature=49 119 70 23 111 116
split_gain=96409.6 35615.3 32817.6 50029.8 13053.8 12820.1
threshold=6.5100000000000007 0.55166666666666686 -0.017500000000000512 66.65000000000002 0.23750000000000029 4.5000000000000009
decision_type=2 2 2 2 2 2
left_child=1 2 4 -4 -1 -5
right_child=-2 -3 3 5 -6 -7
leaf_value=-0.4208414449876185 3.470078629778143 -2.5934280938206453 2.939436318785507 -1.2094669119441679 -2.35321896090145 0.57880848151148923
leaf_weight=18 17 18 15.999999999999998 21 17 19
leaf_count=18 17 18 16 21 17 19
internal_value=-0.0206151 -0.567763 -0.16462 0.585747 -1.3636 -0.360586
internal_weight=126 109 91 56 35 40
internal_count=126 109 91 56 35 40
is_linear=0
shrinkage=0.05


Tree=99
num_leaves=6
num_cat=0
split_feature=116 31 23 3 112
split_gain=99728 49651.9 26559.5 13666.7 9927.12
threshold=1.5000000000000002 0.025833333333333822 65.100000000000009 1.5000000000000002 3.5000000000000004
decision_type=2 2 2 2 2
left_child=-1 2 -2 -4 -5
right_child=1 -3 3 4 -6
leaf_value=3.8006755513071226 -2.3986489694906896 1.9214588651880184 -1.6343169193241476 -0.76491525248704439 0.71742581107141645
leaf_weight=14.999999999999998 25 17 18 22 23
leaf_count=15 25 17 18 22 23
internal_value=0.00102274 -0.544837 -1.02298 -0.474061 -0.00725257
internal_weight=120 105 88 63 45
internal_count=120 105 88 63 45
is_linear=0
shrinkage=0.05


Tree=100
num_leaves=7
num_cat=0
split_feature=49 107 13 123 105 45
split_gain=73492.3 32769.4 51126.5 14074.2 7630.9 6370.69
threshold=6.5100000000000007 50.500000000000007 4.3750000000000009 0.011666666666666674 25.650000000000002 -0.0016666666666666911
decision_type=2 2 2 2 2 2
left_child=1 -1 -3 4 5 -4
right_child=-2 2 3 -5 -6 -7
leaf_value=1.5148258251618154 2.8833741546335805 -3.4882445139914569 -0.56958855687089238 0.88057321648151543 0.031987810075579597 -1.8886960330762357
leaf_weight=15.999999999999998 18 15.999999999999998 19.999999999999996 17 20 17.000000000000004
leaf_count=16 18 16 20 17 20 17
internal_value=-0.0613831 -0.56373 -0.934577 -0.378403 -0.754859 -1.17926
internal_weight=124 106 90 74 57 37
internal_count=124 106 90 74 57 37
is_linear=0
shrinkage=0.05


Tree=101
num_leaves=7
num_cat=0
split_feature=4 25 84 59 65 65
split_gain=71299 21576 19504.5 16106.2 8789.91 4473.49
threshold=10.500000000000002 36.600000000000001 0.0091666666666666719 31.550000000000004 28.550000000000004 43.150000000000006
decision_type=2 2 2 2 2 2
left_child=1 3 4 -1 -3 -6
right_child=-2 2 -4 -5 5 -7
leaf_value=-2.9489569646231133 2.7998525841635944 -1.7288930651934249 1.1498921267235476 -0.79315323143105232 0.29516018448594195 -0.88381986262635415
leaf_weight=15.999999999999998 15.999999999999998 15.999999999999998 18 19 15.999999999999998 15.999999999999998
leaf_count=16 16 16 18 19 16 16
internal_value=-0.290772 -0.78271 -0.249539 -1.7844 -0.77573 -0.295091
internal_weight=117 101 66 35 48 32
internal_count=117 101 66 35 48 32
is_linear=0
shrinkage=0.05


Tree=102
num_leaves=7
num_cat=0
split_feature=12 13 39 28 24 106
split_gain=75267.6 37631.4 19117.2 8204.77 6062.18 6734.9
threshold=38.20000000000001 4.3750000000000009 0.14916666666666692 23.750000000000004 47.800000000000004 13.450000000000001
decision_type=2 2 2 2 2 2
left_child=-1 -2 -3 4 -4 -6
right_child=1 2 3 -5 5 -7
leaf_value=3.1233371493238842 -2.771992195911289 1.4763755102426011 -0.1103571953195514 0.52824538472276295 -1.7258367219807411 -0.3368429927241724
leaf_weight=15.999999999999998 15.999999999999998 14.999999999999998 23 15.999999999999998 21 14.999999999999998
leaf_count=16 16 15 23 16 21 15
internal_value=-0.0622118 -0.545587 -0.147089 -0.473382 -0.745529 -1.14976
internal_weight=122 106 90 75 59 36
internal_count=122 106 90 75 59 36
is_linear=0
shrinkage=0.05


Tree=103
num_leaves=7
num_cat=0
split_feature=107 13 41 80 91 15
split_gain=26277.9 36499.1 14254.4 12538.4 5076.04 3616.62
threshold=50.500000000000007 4.3750000000000009 0.38166666666666643 -0.11999999999999965 4.6850000000000014 55.900000000000013
decision_type=2 2 2 2 2 2
left_child=-1 -2 3 -3 -5 -4
right_child=1 2 5 4 -6 -7
leaf_value=1.200358495264422 -2.7790475328170245 1.2438001800953229 -0.72685729912574715 0.26870577387187794 -0.88841479028458203 -1.8318487551815759
leaf_weight=18 20 15.999999999999998 15.000000000000002 15.999999999999998 23 14.999999999999998
leaf_count=18 20 16 15 16 23 15
internal_value=-0.560031 -0.862715 -0.409019 0.0694912 -0.414098 -1.28377
internal_weight=123 105 85 55 39 30
internal_count=123 105 85 55 39 30
is_linear=0
shrinkage=0.05


Tree=104
num_leaves=6
num_cat=0
split_feature=45 13 84 111 66
split_gain=87157.9 16228.1 11027.1 5670.79 2035.16
threshold=0.0025000000000000027 4.5100000000000007 0.0091666666666666719 -0.44583333333333369 20.550000000000004
decision_type=2 2 2 2 2
left_child=1 -1 3 -3 -5
right_child=-2 2 -4 4 -6
leaf_value=-1.9691236833182488 2.5075874724338965 -1.4217948401880542 0.70280875101018303 0.10433306205346715 -0.62851098094667701
leaf_weight=18 29 17 20 15.999999999999998 23
leaf_count=18 29 17 20 16 23
internal_value=0.116162 -0.623445 -0.302498 -0.662238 -0.328231
internal_weight=123 94 76 56 39
internal_count=123 94 76 56 39
is_linear=0
shrinkage=0.05


Tree=105
num_leaves=6
num_cat=0
split_feature=27 39 39 102 42
split_gain=78552.8 202759 23531.9 7769.91 4201.94
threshold=14.000000000000002 0.14916666666666692 -0.37416666666666692 36.600000000000001 3.5000000000000004
decision_type=2 2 2 2 2
left_child=1 -1 -2 -4 -5
right_child=2 -3 3 4 -6
leaf_value=6.1049538351734229 -2.3749007514634055 -1.5151325479890974 -1.1153329613792449 0.53590715530499888 -0.43422059201564922
leaf_weight=15.999999999999998 19 19 24 20 25
leaf_count=16 19 19 24 20 25
internal_value=-0.024546 1.97566 -0.821479 -0.390835 -0.0027096
internal_weight=123 35 88 69 45
internal_count=123 35 88 69 45
is_linear=0
shrinkage=0.05


Tree=106
num_leaves=6
num_cat=0
split_feature=14 58 66 70 119
split_gain=88415.9 15347.7 13939.5 12987.6 5303.3
threshold=21.800000000000001 5.9600000000000017 18.900000000000002 0.0083333333333324173 0.053333333333332796
decision_type=2 2 2 2 2
left_child=-1 2 3 -2 -4
right_child=1 -3 4 -5 -6
leaf_value=2.7288495815348353 -0.45690006690401258 -2.0142450388693649 -1.6335796683155301 1.2645276174616455 -0.44410573057653785
leaf_weight=26 24 14.999999999999998 17 20 21
leaf_count=26 24 15 17 20 21
internal_value=0.145359 -0.549168 -0.278978 0.326547 -0.979261
internal_weight=123 97 82 44 38
internal_count=123 97 82 44 38
is_linear=0
shrinkage=0.05


Tree=107
num_leaves=7
num_cat=0
split_feature=14 41 23 53 65 37
split_gain=88513.7 21222 21958.5 7527.2 7121.31 2978.51
threshold=13.400000000000002 0.30500000000000022 66.65000000000002 42.000000000000007 26.450000000000006 11.575000000000005
decision_type=2 2 2 2 2 2
left_child=-1 2 -2 -3 -4 -6
right_child=1 3 4 -5 5 -7
leaf_value=3.7940683188027897 1.9443707131392121 -0.63934718916242606 0.64909816644839113 -2.0194458205137193 -1.1189229325244301 -0.15199105436474222
leaf_weight=14.999999999999998 14.999999999999998 26 14.999999999999998 15.999999999999998 17 14.999999999999998
leaf_count=15 15 26 15 16 17 15
internal_value=0.216735 -0.302328 0.285471 -1.16877 -0.246863 -0.667715
internal_weight=119 104 62 42 47 32
internal_count=119 104 62 42 47 32
is_linear=0
shrinkage=0.05


Tree=108
num_leaves=6
num_cat=0
split_feature=49 107 13 123 48
split_gain=64393.8 28024.6 44191 16567.3 5040.18
threshold=6.5100000000000007 50.500000000000007 4.3750000000000009 0.011666666666666674 6.8050000000000006
decision_type=2 2 2 2 2
left_child=1 -1 -3 4 -4
right_child=-2 2 3 -5 -6
leaf_value=1.283835531505402 2.6077165788380885 -3.2915588858705132 -0.26193740817397465 1.0855923885134178 -1.2502373574043084
leaf_weight=17 19 15.999999999999998 24 14.999999999999998 28
leaf_count=17 19 16 24 15 28
internal_value=-0.0527291 -0.560364 -0.939242 -0.373352 -0.795573
internal_weight=119 100 83 67 52
internal_count=119 100 83 67 52
is_linear=0
shrinkage=0.05


Tree=109
num_leaves=6
num_cat=0
split_feature=111 25 23 23 17
split_gain=64439 40366.5 47804.7 19065.4 10756.7
threshold=-0.92416666666666691 36.600000000000001 73.15000000000002 66.65000000000002 33.400000000000006
decision_type=2 2 2 2 2
left_child=-1 3 -3 -2 -4
right_child=1 2 4 -5 -6
leaf_value=3.028607505893115 -2.845425240637848 2.2748394843679747 -1.3851517089170302 -0.60141124408043445 0.14718410555584974
leaf_weight=15.999999999999998 18 22 21 20 25
leaf_count=16 18 22 21 20 25
internal_value=0.0811351 -0.366154 0.363312 -1.66917 -0.553739
internal_weight=122 106 68 38 46
internal_count=122 106 68 38 46
is_linear=0
shrinkage=0.05


Tree=110
num_leaves=7
num_cat=0
split_feature=78 107 13 6 26 0
split_gain=65056 26413.2 24519.4 7801.99 6048.01 7238.83
threshold=2.1808333333333341 50.500000000000007 4.3750000000000009 5.5000000000000009 41.900000000000013 1451.0000000000002
decision_type=2 2 2 2 2 2
left_child=1 -1 -3 4 5 -4
right_child=-2 2 3 -5 -6 -7
leaf_value=1.4791661991188858 3.0458541394858965 -2.4270334122589277 -0.24823171934544652 0.41474180960547335 0.066733288032966742 -1.7020587672641618
leaf_weight=14.999999999999998 14.999999999999998 18 14.999999999999998 22 17 20
leaf_count=15 15 18 15 22 17 20
internal_value=-0.0265704 -0.459773 -0.777221 -0.373114 -0.70669 -1.08161
internal_weight=122 107 92 74 52 35
internal_count=122 107 92 74 52 35
is_linear=0
shrinkage=0.05


Tree=111
num_leaves=6
num_cat=0
split_feature=45 14 115 62 62
split_gain=82766.6 15760.6 6808.62 8988.72 2225.37
threshold=0.0025000000000000027 16.150000000000002 -8.0833333333333339 55.000000000000007 82.350000000000009
decision_type=2 2 2 2 2
left_child=1 -1 -3 -4 -5
right_child=-2 2 3 4 -6
leaf_value=-2.0813522274819962 2.4355539510258577 -1.2783962966492455 0.89322671838428647 -0.74461604131456083 -0.024130001123885664
leaf_weight=15.999999999999998 28 15.999999999999998 15.999999999999998 29 17
leaf_count=16 28 16 16 29 17
internal_value=0.0543171 -0.656769 -0.362192 -0.123994 -0.479088
internal_weight=122 94 78 62 46
internal_count=122 94 78 62 46
is_linear=0
shrinkage=0.05


Tree=112
num_leaves=6
num_cat=0
split_feature=105 9 43 35 26
split_gain=82400.2 55117.8 28774.6 30359.5 6774.39
threshold=7.5500000000000016 6.8650000000000011 0.24416666666666667 -1.016666666666669 29.850000000000005
decision_type=2 2 2 2 2
left_child=-1 2 3 -2 -5
right_child=1 -3 -4 4 -6
leaf_value=3.6269663113237223 -3.2365208798681788 2.2447887300747875 0.62239395364538419 -1.5828688956649097 -0.25892131001966906
leaf_weight=14.999999999999998 17 17 23 14.999999999999998 27
leaf_count=15 17 17 23 15 27
internal_value=0.186352 -0.338036 -0.875643 -1.45977 -0.734515
internal_weight=114 99 82 59 42
internal_count=114 99 82 59 42
is_linear=0
shrinkage=0.05


Tree=113
num_leaves=6
num_cat=0
split_feature=55 14 41 33 97
split_gain=71330.9 24327 18979.7 20116.2 3559.86
threshold=4.8600000000000003 19.600000000000005 0.27166666666666611 0.049999999999999607 5.2350000000000003
decision_type=2 2 2 2 2
left_child=-1 -2 3 -3 -5
right_child=1 2 -4 4 -6
leaf_value=2.2464190203435308 -2.3096278172171574 1.844473484809825 -1.2859794497899584 0.22708639214370427 -0.80070235754182828
leaf_weight=27 18 14.999999999999998 29 14.999999999999998 19
leaf_count=27 18 15 29 15 19
internal_value=-0.0191403 -0.658055 -0.27439 0.325604 -0.347783
internal_weight=123 96 78 49 34
internal_count=123 96 78 49 34
is_linear=0
shrinkage=0.05


Tree=114
num_leaves=6
num_cat=0
split_feature=45 13 115 66 66
split_gain=87667.8 12677.6 4908.47 4554.17 3324.51
threshold=0.0025000000000000027 4.4650000000000007 -8.0833333333333339 22.850000000000005 13.150000000000002
decision_type=2 2 2 2 2
left_child=1 -1 -3 4 -4
right_child=-2 2 3 -5 -6
leaf_value=-1.8194679240385689 2.7021888478962399 -1.0700523909574708 -0.16389041651678349 -0.63289732986985281 0.84124245596247804
leaf_weight=17 26 15.999999999999998 18 22 14.999999999999998
leaf_count=17 26 16 18 22 15
internal_value=0.157061 -0.597065 -0.302159 -0.0771449 0.293998
internal_weight=114 88 71 55 33
internal_count=114 88 71 55 33
is_linear=0
shrinkage=0.05


Tree=115
num_leaves=7
num_cat=0
split_feature=4 101 13 45 111 113
split_gain=53788.4 14699.5 12808.4 7983.22 5759.86 2793.36
threshold=10.500000000000002 88.550000000000011 4.3750000000000009 1.0000000180025095e-35 -0.57583333333333264 -1.0000000180025095e-35
decision_type=2 2 2 2 2 2
left_child=1 2 -1 4 -4 -6
right_child=-2 -3 3 -5 5 -7
leaf_value=-2.0349873183285374 2.5401995107827595 0.80268238113749024 -1.1602727021602612 -1.6071249235544773 0.49675009087746214 -0.32923559132844088
leaf_weight=19 14.999999999999998 14.999999999999998 14.999999999999991 14.999999999999998 15.999999999999991 28.000000000000014
leaf_count=19 15 15 15 15 16 28
internal_value=-0.255339 -0.645646 -0.879912 -0.580925 -0.317664 -0.0283185
internal_weight=123 108 93 74 59 44
internal_count=123 108 93 74 59 44
is_linear=0
shrinkage=0.05


Tree=116
num_leaves=6
num_cat=0
split_feature=45 31 23 93 6
split_gain=64355.5 21730.4 13817.5 9704.64 8180.83
threshold=0.014166666666666649 -0.048333333333332444 60.350000000000009 33.70000000000001 3.5000000000000004
decision_type=2 2 2 2 2
left_child=1 -1 -3 -4 -5
right_child=-2 2 3 4 -6
leaf_value=-1.9978127541770023 2.7767359638845686 0.99906688565793234 -1.54990959025141 0.4275258016276669 -0.93442608345811962
leaf_weight=25 14.999999999999998 15.999999999999998 20 23 21
leaf_count=25 15 16 20 23 21
internal_value=-0.275771 -0.714118 -0.310908 -0.639528 -0.223028
internal_weight=120 105 80 64 44
internal_count=120 105 80 64 44
is_linear=0
shrinkage=0.05


Tree=117
num_leaves=7
num_cat=0
split_feature=78 31 23 31 49 49
split_gain=80171.9 19827.2 26138.4 8393.08 11060.1 6388.32
threshold=2.0383333333333336 -0.048333333333332444 60.350000000000009 1.0000000180025095e-35 5.0400000000000009 5.6650000000000009
decision_type=2 2 2 2 2 2
left_child=1 -1 -3 5 -5 -4
right_child=-2 2 3 4 -6 -7
leaf_value=-1.8310926482315464 3.5239876237136643 1.4772103282512647 0.76220436648817258 -2.1113261399679621 -0.22277009679663995 -0.64904351861853349
leaf_weight=19 14.999999999999998 21 14.999999999999998 15.000000000000002 15.999999999999998 17
leaf_count=19 15 21 15 15 16 17
internal_value=0.121427 -0.376981 -0.0462288 -0.555657 -1.1406 0.0126368
internal_weight=118 103 84 63 31 32
internal_count=118 103 84 63 31 32
is_linear=0
shrinkage=0.05


Tree=118
num_leaves=6
num_cat=0
split_feature=13 53 97 45 0
split_gain=104890 21175.4 22122.3 10178 4187.93
threshold=3.9050000000000007 42.000000000000007 5.4300000000000006 0.0041666666666666666 1915.5000000000002
decision_type=2 2 2 2 2
left_child=-1 2 4 -3 -2
right_child=1 3 -4 -5 -6
leaf_value=3.9861997153585325 -0.11182724916519809 -0.75375389694287764 1.2302455547440554 -2.3797424120618809 -1.1225489793795544
leaf_weight=14.999999999999998 20 27 26 14.999999999999998 21
leaf_count=15 20 27 26 15 21
internal_value=0.0805131 -0.460082 0.0918912 -1.33886 -0.631107
internal_weight=124 109 67 42 41
internal_count=124 109 67 42 41
is_linear=0
shrinkage=0.05


Tree=119
num_leaves=6
num_cat=0
split_feature=13 33 74 18 20
split_gain=72659.9 12569.8 9937.18 4448.5 3222.97
threshold=4.3750000000000009 -0.15166666666666637 -4.174999999999998 57.150000000000013 36.550000000000004
decision_type=2 2 2 2 2
left_child=-1 -2 -3 4 -4
right_child=1 2 3 -5 -6
leaf_value=2.6542698173811945 -1.7436691319720343 0.63743608032519383 0.15679150754806556 -1.1726559315154801 -0.80021795026513931
leaf_weight=23 15.999999999999998 24 21 20 14.999999999999998
leaf_count=23 16 24 21 20 15
internal_value=0.13646 -0.468847 -0.211962 -0.576566 -0.242936
internal_weight=119 96 80 56 36
internal_count=119 96 80 56 36
is_linear=0
shrinkage=0.05


Tree=120
num_leaves=7
num_cat=0
split_feature=49 13 97 70 45 4
split_gain=56602.1 38337.5 15890.4 29891.2 15278 5982.08
threshold=6.5100000000000007 4.0850000000000009 5.4300000000000006 0.0083333333333324173 0.0025000000000000027 6.5000000000000009
decision_type=2 2 2 2 2 2
left_child=1 -1 4 -4 5 -3
right_child=-2 2 3 -5 -6 -7
leaf_value=-2.9088236414044109 2.3806207976416141 0.20297366638261427 -0.72887660956514466 2.2333089510106148 -2.0604647007999044 -1.0236429517632288
leaf_weight=14.999999999999998 19 29 18 15.999999999999998 14.999999999999998 14.999999999999998
leaf_count=15 19 29 18 16 15 15
internal_value=-0.128665 -0.571953 -0.192265 0.667408 -0.688046 -0.216451
internal_weight=127 108 93 34 59 44
internal_count=127 108 93 34 59 44
is_linear=0
shrinkage=0.05


Tree=121
num_leaves=5
num_cat=0
split_feature=14 49 41 23
split_gain=83558.8 14424.7 8331.02 7819.16
threshold=21.800000000000001 5.995000000000001 0.33499999999999958 73.15000000000002
decision_type=2 2 2 2
left_child=-1 2 3 -2
right_child=1 -3 -4 -5
leaf_value=2.8112920236793948 1.1958858916301602 -1.4661559337116392 -0.88300476536846473 -0.20653611901904301
leaf_weight=23 14.999999999999998 29 24 29
leaf_count=23 15 29 24 29
internal_value=0.108518 -0.53453 -0.135576 0.273077
internal_weight=120 97 68 44
internal_count=120 97 68 44
is_linear=0
shrinkage=0.05


Tree=122
num_leaves=7
num_cat=0
split_feature=113 95 45 25 14 37
split_gain=58860 31203.4 21195.9 11182.5 13357.2 11050.1
threshold=-12.724999999999996 22.750000000000004 0.0041666666666666666 41.400000000000013 25.450000000000003 11.575000000000005
decision_type=2 2 2 2 2 2
left_child=-1 -2 3 4 -3 -5
right_child=1 2 -4 5 -6 -7
leaf_value=2.8979777745853199 1.5782791721154443 -2.1875486307586263 -2.3411823844382775 1.1015691090396968 -0.11316683025833983 -0.60864987989172548
leaf_weight=14.999999999999998 15.999999999999998 15.000000000000002 18 17 15.999999999999998 21
leaf_count=15 16 15 18 17 16 21
internal_value=-0.0174877 -0.444518 -0.817968 -0.417723 -1.12087 0.1572
internal_weight=118 103 87 69 31 38
internal_count=118 103 87 69 31 38
is_linear=0
shrinkage=0.05


Tree=123
num_leaves=6
num_cat=0
split_feature=13 49 39 45 11
split_gain=70696 17902.9 18142.1 6844.96 5408.92
threshold=3.9050000000000007 6.0850000000000009 1.0000000180025095e-35 -1.0000000180025095e-35 40.100000000000009
decision_type=2 2 2 2 2
left_child=-1 2 -2 4 -4
right_child=1 -3 3 -5 -6
leaf_value=3.2482302912023684 1.3306617304448682 -1.4632578429974026 0.46747396545952524 -1.3557959081321362 -0.59183240641054302
leaf_weight=14.999999999999998 19 29 21 14.999999999999998 28
leaf_count=15 19 29 21 15 28
internal_value=0.0364973 -0.396115 -0.0218853 -0.42495 -0.137715
internal_weight=127 112 83 64 49
internal_count=127 112 83 64 49
is_linear=0
shrinkage=0.05


Tree=124
num_leaves=6
num_cat=0
split_feature=14 58 66 105 96
split_gain=64244.5 11535.2 6886.71 6523 4364.38
threshold=21.800000000000001 5.9600000000000017 18.900000000000002 13.150000000000002 51.95000000000001
decision_type=2 2 2 2 2
left_child=-1 2 3 -2 -4
right_child=1 -3 4 -5 -6
leaf_value=2.3014127683829506 -0.54766972149717863 -1.7555305392105387 -1.2754399240299423 0.63456622124631734 -0.15826844012500435
leaf_weight=25 21 15.999999999999998 21 26 14.999999999999998
leaf_count=25 21 16 21 26 15
internal_value=0.0418302 -0.530468 -0.292422 0.106186 -0.811818
internal_weight=124 99 83 47 36
internal_count=124 99 83 47 36
is_linear=0
shrinkage=0.05


Tree=125
num_leaves=7
num_cat=0
split_feature=4 31 13 45 72 63
split_gain=55428.8 198551 18733 8457.48 4312.85 3607.77
threshold=7.5000000000000009 -0.014999999999999234 4.3750000000000009 -1.0000000180025095e-35 1.2333333333333338 38.600000000000001
decision_type=2 2 2 2 2 2
left_child=2 -2 -1 4 5 -4
right_child=1 -3 3 -5 -6 -7
leaf_value=-2.295129082534487 -1.6550430356608747 5.5960415048208851 -0.19844752299300147 -1.3628046206065587 -0.74833510832756944 0.76895005389263749
leaf_weight=14.999999999999998 21 17 22 15.999999999999998 15.999999999999998 17
leaf_count=15 21 17 22 16 16 17
internal_value=0.00699805 1.59491 -0.695615 -0.354866 -0.059616 0.223999
internal_weight=124 38 86 71 55 39
internal_count=124 38 86 71 55 39
is_linear=0
shrinkage=0.05


Tree=126
num_leaves=7
num_cat=0
split_feature=55 13 78 54 25 81
split_gain=56622.2 42025.3 14867.6 15474.4 5185.49 3017.55
threshold=4.8600000000000003 4.0850000000000009 1.1983333333333339 61.70000000000001 41.900000000000013 3.5000000000000004
decision_type=2 2 2 2 2 2
left_child=-1 -2 3 5 -4 -3
right_child=1 2 4 -5 -6 -7
leaf_value=1.8764590442180635 -3.0962398870101833 -0.71935035352548837 -1.7524459011507347 1.6430455687819727 -0.45620694861093664 0.19391330358731815
leaf_weight=28 14.999999999999998 18 15.000000000000002 14.999999999999998 15.999999999999998 18
leaf_count=28 15 18 15 15 16 18
internal_value=-0.100176 -0.672147 -0.225424 0.299405 -1.0872 -0.263308
internal_weight=125 97 82 51 31 36
internal_count=125 97 82 51 31 36
is_linear=0
shrinkage=0.05


Tree=127
num_leaves=6
num_cat=0
split_feature=109 13 53 16 102
split_gain=50195.3 24533.5 7203.45 6472.86 1886.39
threshold=0.057499999999999669 4.620000000000001 43.850000000000001 5.1750000000000007 39.000000000000007
decision_type=2 2 2 2 2
left_child=1 -1 3 -3 -5
right_child=-2 2 -4 4 -6
leaf_value=-1.9293177402715913 2.1550334905886515 1.0029096481815869 -0.91392142485283279 -0.6585391847503107 0.098630080960732128
leaf_weight=29 18 14.999999999999998 24 14.999999999999998 18
leaf_count=29 18 15 24 15 18
internal_value=-0.270129 -0.70409 -0.208534 0.145222 -0.246336
internal_weight=119 101 72 48 33
internal_count=119 101 72 48 33
is_linear=0
shrinkage=0.05


Tree=128
num_leaves=6
num_cat=0
split_feature=50 53 37 33 51
split_gain=55884.8 19521.3 40168.4 16032.3 12401.1
threshold=48.600000000000009 39.750000000000007 3.4583333333333361 1.0000000180025095e-35 44.150000000000006
decision_type=2 2 2 2 2
left_child=1 2 -1 -3 -4
right_child=-2 3 4 -5 -6
leaf_value=2.2241058539159546 2.5447518401383036 -2.6318119958536514 -1.4615205071155462 -0.53149835944691781 0.16074490603946506
leaf_weight=15.999999999999998 18 14.999999999999998 24 23 23
leaf_count=16 18 15 24 23 23
internal_value=-0.01389 -0.472001 0.0681247 -1.36543 -0.668884
internal_weight=119 101 63 38 47
internal_count=119 101 63 38 47
is_linear=0
shrinkage=0.05


Tree=129
num_leaves=6
num_cat=0
split_feature=14 51 57 57 72
split_gain=62920.9 9305.67 7218.71 8221.51 7203.72
threshold=21.800000000000001 62.20000000000001 40.20000000000001 58.550000000000004 1.0000000180025095e-35
decision_type=2 2 2 2 2
left_child=-1 2 -2 4 -4
right_child=1 -3 3 -5 -6
leaf_value=2.2436652618575383 -1.2092360831254365 -1.3360640226734066 1.261859655824507 -0.82157341508575554 -0.21266063375082631
leaf_weight=25 14.999999999999998 28 15.999999999999998 18 17
leaf_count=25 15 28 16 18 17
internal_value=0.0193711 -0.573899 -0.248949 0.0352048 0.50376
internal_weight=119 94 66 51 33
internal_count=119 94 66 51 33
is_linear=0
shrinkage=0.05


Tree=130
num_leaves=7
num_cat=0
split_feature=12 13 49 27 80 27
split_gain=64700.4 16382.8 9643.59 5188.57 6343.86 3171.29
threshold=38.20000000000001 4.3750000000000009 6.1400000000000015 22.450000000000003 -0.11999999999999965 28.550000000000004
decision_type=2 2 2 2 2 2
left_child=-1 -2 3 4 -3 -5
right_child=1 2 -4 5 -6 -7
leaf_value=2.8990410989483464 -2.1228779511735931 0.99452145560670313 -1.2865556560986413 -1.0836506684094862 -0.24435732255832782 -0.056434980098972257
leaf_weight=14.999999999999998 14.999999999999998 17.999999999999996 21 15.000000000000002 24.000000000000004 14.999999999999998
leaf_count=15 15 18 21 15 24 15
internal_value=-0.166854 -0.595007 -0.346507 -0.0708525 0.287573 -0.572103
internal_weight=123 108 93 72 42 30
internal_count=123 108 93 72 42 30
is_linear=0
shrinkage=0.05


Tree=131
num_leaves=6
num_cat=0
split_feature=13 51 39 45 11
split_gain=75237.1 14481.8 18098.2 7268 4530.28
threshold=3.9050000000000007 62.95000000000001 1.0000000180025095e-35 -1.0000000180025095e-35 40.100000000000009
decision_type=2 2 2 2 2
left_child=-1 2 -2 4 -4
right_child=1 -3 3 -5 -6
leaf_value=3.3949378323081323 1.3860658174369767 -1.4554835447137286 0.39901714389680198 -1.3274566662045773 -0.58267689112173127
leaf_weight=14.999999999999998 17 24 22 17 25
leaf_count=15 17 24 22 17 25
internal_value=0.094727 -0.379466 -0.0591824 -0.444718 -0.123183
internal_weight=120 105 81 64 47
internal_count=120 105 81 64 47
is_linear=0
shrinkage=0.05


Tree=132
num_leaves=6
num_cat=0
split_feature=50 119 109 24 81
split_gain=70548 20985.2 19156.1 11218 3788.46
threshold=48.600000000000009 0.55166666666666686 0.030833333333333272 36.600000000000001 3.5000000000000004
decision_type=2 2 2 2 2
left_child=1 2 3 -1 -5
right_child=-2 -3 -4 4 -6
leaf_value=-1.5492573784358465 3.279789810622765 -2.1008176064192758 0.99575899320246908 -0.67589945305160615 0.2971720639106149
leaf_weight=20 14.999999999999998 14.999999999999998 28 17 24
leaf_count=20 15 15 28 17 24
internal_value=0.0859966 -0.377307 -0.0847394 -0.581606 -0.106838
internal_weight=119 104 89 61 41
internal_count=119 104 89 61 41
is_linear=0
shrinkage=0.05


Tree=133
num_leaves=6
num_cat=0
split_feature=13 49 51 45 52
split_gain=61105.8 15921.7 14680.4 7480.84 3052.56
threshold=3.9050000000000007 6.0850000000000009 56.250000000000007 1.0000000180025095e-35 4.4750000000000005
decision_type=2 2 2 2 2
left_child=-1 2 3 4 -2
right_child=1 -3 -4 -5 -6
leaf_value=2.9992427522772989 0.38115989700037772 -1.4454362291691487 1.1670011014214361 -1.3863326836895471 -0.4380692892545483
leaf_weight=14.999999999999998 19 27 19 14.999999999999998 28
leaf_count=15 19 27 19 15 28
internal_value=0.0198111 -0.396344 -0.0452342 -0.418087 -0.106679
internal_weight=123 108 81 62 47
internal_count=123 108 81 62 47
is_linear=0
shrinkage=0.05


Tree=134
num_leaves=7
num_cat=0
split_feature=49 13 98 66 54 70
split_gain=53874.7 22465.1 8992.95 14514.2 15000.4 2658.18
threshold=6.5100000000000007 3.9050000000000007 25.850000000000005 22.850000000000005 52.95000000000001 0.0083333333333324173
decision_type=2 2 2 2 2 2
left_child=1 -1 -3 4 5 -4
right_child=-2 2 3 -5 -6 -7
leaf_value=-2.3008211476913352 2.4355093264448051 -1.2214662841670421 -0.54435302944657227 -0.93253304599802156 1.7778827272494386 0.35083718421863536
leaf_weight=14.999999999999998 18 18 15.999999999999998 26 15.999999999999998 17
leaf_count=15 18 18 16 26 16 17
internal_value=-0.0892005 -0.511896 -0.221144 0.0201735 0.526663 -0.0833767
internal_weight=126 108 93 75 49 33
internal_count=126 108 93 75 49 33
is_linear=0
shrinkage=0.05


Tree=135
num_leaves=6
num_cat=0
split_feature=45 14 88 63 80
split_gain=73001 19165.6 7854.19 3677.36 3113.46
threshold=0.0025000000000000027 16.150000000000002 4.3400000000000007 53.45000000000001 -0.11999999999999965
decision_type=2 2 2 2 2
left_child=1 -1 -3 4 -4
right_child=-2 2 3 -5 -6
leaf_value=-2.161597701571635 2.4176764710802878 -1.1989740707859489 0.78454246711994413 -0.58396070688440094 -0.062633054766707746
leaf_weight=14.999999999999998 27 15.999999999999998 17.999999999999996 17 27.000000000000004
leaf_count=15 27 16 18 17 27
internal_value=0.133868 -0.531004 -0.214998 0.0403725 0.277114
internal_weight=120 93 78 62 45
internal_count=120 93 78 62 45
is_linear=0
shrinkage=0.05


Tree=136
num_leaves=7
num_cat=0
split_feature=106 104 78 13 105 95
split_gain=56740.9 104806 19078.6 22921.4 6665.82 2480.98
threshold=1.0000000180025095e-35 25.450000000000003 -0.56249999999999944 4.620000000000001 20.700000000000003 31.450000000000003
decision_type=2 2 2 2 2 2
left_child=1 -1 -2 -4 5 -5
right_child=2 -3 3 4 -6 -7
leaf_value=4.7111753155726088 0.89781327108193543 -0.91327542840388765 -2.4457635887942391 -1.2228823590509139 0.39000505494792559 -0.39014387203184941
leaf_weight=15.999999999999998 17 17 19 18 17 18
leaf_count=16 17 17 19 18 17 18
internal_value=0.0518816 1.81957 -0.604805 -0.960413 -0.424231 -0.808886
internal_weight=122 33 89 72 53 36
internal_count=122 33 89 72 53 36
is_linear=0
shrinkage=0.05


Tree=137
num_leaves=7
num_cat=0
split_feature=107 13 88 66 66 59
split_gain=23927.6 34321.1 9775.4 6200.67 5852.13 5239.81
threshold=50.500000000000007 4.0850000000000009 4.2100000000000009 15.900000000000002 10.250000000000002 33.000000000000007
decision_type=2 2 2 2 2 2
left_child=-1 -2 -3 4 -4 -5
right_child=1 2 3 5 -6 -7
leaf_value=1.24319506465343 -2.8980132849320119 -1.4222009879531781 -0.29985438561597405 -1.1296178112479403 1.0709937685765094 0.027944718931444842
leaf_weight=17 15.999999999999998 18 15.000000000000002 19 15.999999999999998 20
leaf_count=17 16 18 15 19 16 20
internal_value=-0.490834 -0.775251 -0.386387 -0.118314 0.408688 -0.537315
internal_weight=121 104 88 70 31 39
internal_count=121 104 88 70 31 39
is_linear=0
shrinkage=0.05


Tree=138
num_leaves=7
num_cat=0
split_feature=49 13 43 91 110 82
split_gain=63160 32112.5 9884.98 15065.1 9514.43 5812.4
threshold=6.5100000000000007 4.0850000000000009 -0.096666666666666221 4.6050000000000013 2.5000000000000004 0.058333333333332689
decision_type=2 2 2 2 2 2
left_child=1 -1 3 -3 -4 -6
right_child=-2 2 4 -5 5 -7
leaf_value=-2.7698937232920668 2.6392162568387931 1.4403124047998794 -1.7752146054577354 -0.57890181508823413 -0.85744032619765442 0.3337392353574643
leaf_weight=14.999999999999998 17 17 14.999999999999998 20 22 19
leaf_count=15 17 17 15 20 22 19
internal_value=-0.184509 -0.631061 -0.28343 0.350092 -0.701974 -0.30584
internal_weight=125 108 93 37 56 41
internal_count=125 108 93 37 56 41
is_linear=0
shrinkage=0.05


Tree=139
num_leaves=7
num_cat=0
split_feature=14 120 4 44 101 45
split_gain=66133 16880.1 15477.8 11728 7996.84 2147.82
threshold=13.400000000000002 3.5000000000000004 6.5000000000000009 3.5000000000000004 67.750000000000014 -0.0099999999999999794
decision_type=2 2 2 2 2 2
left_child=-1 3 5 4 -2 -3
right_child=1 2 -4 -5 -6 -7
leaf_value=2.8973648768419409 -1.344695160535178 -0.031408362257184443 1.4035135287606255 -2.2151419718533951 -0.0049528654293710013 -0.86333199840113029
leaf_weight=17 20 16.000000000000004 18 14.999999999999998 25 14.999999999999998
leaf_count=17 20 16 18 15 25 15
internal_value=0.00622691 -0.446881 0.241377 -1.00851 -0.602166 -0.435594
internal_weight=126 109 49 60 45 31
internal_count=126 109 49 60 45 31
is_linear=0
shrinkage=0.05


Tree=140
num_leaves=6
num_cat=0
split_feature=14 120 4 51 88
split_gain=51110.9 16534.5 14764.7 10859 3767.54
threshold=13.400000000000002 3.5000000000000004 6.5000000000000009 62.95000000000001 5.2350000000000012
decision_type=2 2 2 2 2
left_child=-1 3 -3 4 -2
right_child=1 2 -4 -5 -6
leaf_value=2.467890396697745 -1.1524607490624814 -0.42601995816010174 1.4052120082286181 -2.0365130985689439 -0.15119426714115411
leaf_weight=18 14.999999999999998 28 18 17 25
leaf_count=18 15 28 18 17 25
internal_value=0.0173038 -0.412884 0.291934 -0.981287 -0.528732
internal_weight=121 103 46 57 40
internal_count=121 103 46 57 40
is_linear=0
shrinkage=0.05


Tree=141
num_leaves=7
num_cat=0
split_feature=0 13 26 68 87 13
split_gain=63805.4 16945.5 10378 6014.89 10950.1 1391.8
threshold=2983.0000000000005 4.2800000000000002 21.650000000000002 53.500000000000007 6.7750000000000012 5.5750000000000002
decision_type=2 2 2 2 2 2
left_child=1 -1 -3 4 -4 -5
right_child=-2 2 3 5 -6 -7
leaf_value=-2.2232991824876396 2.1058282450126966 0.7395213285958544 -0.2647112403169089 -0.55031243862695256 -2.1442125566747805 0.108597369291629
leaf_weight=14.999999999999998 26 15.999999999999998 16.000000000000004 14.999999999999998 14.999999999999998 17
leaf_count=15 26 16 16 15 15 17
internal_value=-0.0815618 -0.688233 -0.394259 -0.682998 -1.17828 -0.200863
internal_weight=120 94 79 63 31 32
internal_count=120 94 79 63 31 32
is_linear=0
shrinkage=0.05


Tree=142
num_leaves=7
num_cat=0
split_feature=27 38 39 111 64 58
split_gain=67383.1 137927 16870 3638.23 2947.15 1531.56
threshold=14.000000000000002 3.5000000000000004 -0.37416666666666692 -0.44583333333333369 31.450000000000006 5.3850000000000007
decision_type=2 2 2 2 2 2
left_child=1 -1 -2 -4 -5 -6
right_child=2 -3 3 4 5 -7
leaf_value=5.5053124187797913 -1.9680033925940226 -1.0558621908489025 -0.86645755521289969 0.50174214906574033 -0.65068866275904469 0.040980612086933974
leaf_weight=14.999999999999998 19 17 19 15.999999999999998 17 14.999999999999998
leaf_count=15 19 17 19 16 17 15
internal_value=0.0719462 2.0271 -0.657005 -0.282776 -0.0503102 -0.327195
internal_weight=118 32 86 67 48 32
internal_count=118 32 86 67 48 32
is_linear=0
shrinkage=0.05


Tree=143
num_leaves=7
num_cat=0
split_feature=78 32 35 49 28 100
split_gain=48148.6 20423.9 16206.3 13165 4386.21 3084.33
threshold=2.1808333333333341 1.5000000000000002 -1.016666666666669 4.2100000000000017 20.500000000000004 0.17500000000000002
decision_type=2 2 2 2 2 2
left_child=1 -1 -3 -4 5 -5
right_child=-2 2 3 4 -6 -7
leaf_value=-2.1330654207444346 2.4273939352983618 1.2409776983205338 -1.784443771286516 -0.80565116880166576 0.60400493579195036 0.004896332412601942
leaf_weight=14.999999999999998 17 17 14.999999999999998 22 14.999999999999998 25
leaf_count=15 17 17 15 22 15 25
internal_value=-0.0394667 -0.426125 -0.15171 -0.460462 -0.137706 -0.375308
internal_weight=126 109 94 77 62 47
internal_count=126 109 94 77 62 47
is_linear=0
shrinkage=0.05


Tree=144
num_leaves=7
num_cat=0
split_feature=49 13 33 15 13 122
split_gain=60177.7 15809 9240.21 4743.75 7245.85 3015.69
threshold=6.5100000000000007 3.9050000000000007 -0.15166666666666637 57.500000000000007 5.3750000000000009 2.5000000000000004
decision_type=2 2 2 2 2 2
left_child=1 -1 -3 4 -4 -5
right_child=-2 2 3 5 -6 -7
leaf_value=-2.0303954853916801 2.8416964720416544 -1.3697482944275281 -0.22477305881443069 -0.96133367206369114 1.1966007905290617 -0.060237515653690059
leaf_weight=14.999999999999998 14.999999999999998 15.999999999999998 22 15.999999999999998 14.999999999999998 22
leaf_count=15 15 16 22 16 15 22
internal_value=-0.111642 -0.531899 -0.282881 -0.0494345 0.352997 -0.441305
internal_weight=121 106 91 75 37 38
internal_count=121 106 91 75 37 38
is_linear=0
shrinkage=0.05


Tree=145
num_leaves=7
num_cat=0
split_feature=105 9 10 68 119 57
split_gain=48663.3 27982.9 19185.6 6506.02 7648.52 3214.18
threshold=7.5500000000000016 6.8650000000000011 4.4250000000000016 53.500000000000007 0.094999999999999321 47.300000000000004
decision_type=2 2 2 2 2 2
left_child=-1 2 -2 4 -4 -5
right_child=1 -3 3 5 -6 -7
leaf_value=2.4656648196048616 -2.4775462463202067 1.2564953447636509 -0.41836997203214871 -0.53624129889175209 -1.835807629452636 0.45173356898581779
leaf_weight=15.999999999999998 14.999999999999998 19 26 14.999999999999998 14.999999999999998 18
leaf_count=16 15 19 26 15 15 18
internal_value=-0.0989178 -0.480832 -0.852772 -0.520459 -0.940271 0.0022397
internal_weight=124 108 89 74 41 33
internal_count=124 108 89 74 41 33
is_linear=0
shrinkage=0.05


Tree=146
num_leaves=7
num_cat=0
split_feature=106 52 39 105 50 102
split_gain=39072.6 112568 18068.2 5813.34 3708.37 4613.25
threshold=1.0000000180025095e-35 5.9800000000000013 -0.45083333333333314 28.900000000000002 47.000000000000007 51.000000000000007
decision_type=2 2 2 2 2 2
left_child=1 -1 -2 4 5 -4
right_child=2 -3 3 -5 -6 -7
leaf_value=-0.95409665069968441 -2.189749270559147 4.6484909988989109 0.14908081808413168 0.58761680134084837 -1.1879048064055033 -0.95714805011717685
leaf_weight=22 14.999999999999998 14.999999999999998 25 14.999999999999998 14.999999999999998 14.999999999999998
leaf_count=22 15 15 25 15 15 15
internal_value=-0.0305806 1.3235 -0.620923 -0.282031 -0.519934 -0.266983
internal_weight=122 37 85 70 55 40
internal_count=122 37 85 70 55 40
is_linear=0
shrinkage=0.05


Tree=147
num_leaves=7
num_cat=0
split_feature=0 13 49 4 105 51
split_gain=48230.6 18993.6 13308.7 10725.9 5023.79 1588.02
threshold=3284.5000000000005 4.2800000000000002 5.9650000000000007 9.5000000000000018 20.700000000000003 44.95000000000001
decision_type=2 2 2 2 2 2
left_child=1 -1 3 4 5 -3
right_child=-2 2 -4 -5 -6 -7
leaf_value=-2.2476338421272124 2.4151419074330107 -1.082507225535563 -1.3121089767174892 1.2112284923231365 0.28667058162214631 -0.35201176910210924
leaf_weight=14.999999999999998 14.999999999999998 15.000000000000002 25 14.999999999999998 21 14.999999999999998
leaf_count=15 15 15 25 15 21 15
internal_value=-0.228964 -0.6051 -0.332128 0.0404245 -0.305528 -0.719809
internal_weight=121 106 91 66 51 30
internal_count=121 106 91 66 51 30
is_linear=0
shrinkage=0.05


Tree=148
num_leaves=7
num_cat=0
split_feature=49 13 102 44 28 98
split_gain=49488.8 13391.6 8569.94 6569.4 3027 2656.11
threshold=6.5100000000000007 3.9050000000000007 20.550000000000004 3.5000000000000004 23.750000000000004 32.20000000000001
decision_type=2 2 2 2 2 2
left_child=1 -1 -3 4 5 -4
right_child=-2 2 3 -5 -6 -7
leaf_value=-1.8097317709038589 2.5443931363384173 0.84553112180336643 -0.03457355726803981 -1.3211079707056839 0.43024593303535164 -0.81408058023867902
leaf_weight=14.999999999999998 15.999999999999998 15.999999999999998 24 15.999999999999998 14.999999999999998 20
leaf_count=15 16 16 24 16 15 20
internal_value=-0.0386449 -0.430615 -0.201496 -0.425757 -0.181041 -0.390051
internal_weight=122 106 91 75 59 44
internal_count=122 106 91 75 59 44
is_linear=0
shrinkage=0.05


Tree=149
num_leaves=7
num_cat=0
split_feature=14 52 54 43 88 70
split_gain=60546.6 12794.9 14658.9 8860.33 5117.06 2945.98
threshold=11.450000000000001 6.1650000000000009 58.45000000000001 0.21416666666666687 5.0300000000000002 0.0083333333333324173
decision_type=2 2 2 2 2 2
left_child=-1 2 4 -3 -2 -6
right_child=1 3 -4 -5 5 -7
leaf_value=2.9837120784039528 -1.0321914691575533 -1.6771291154076853 1.3449962239828168 -0.16996434504941382 -0.47343264553281994 0.45467698232472292
leaf_weight=14.999999999999998 19 25 15.999999999999998 15.999999999999998 17 17
leaf_count=15 19 25 16 16 17 17
internal_value=0.0146327 -0.392539 0.0233554 -1.09093 -0.377318 -0.00925871
internal_weight=125 110 69 41 53 34
internal_count=125 110 69 41 53 34
is_linear=0
shrinkage=0.05


Tree=150
num_leaves=7
num_cat=0
split_feature=45 14 53 28 9 98
split_gain=47539.3 10245.2 5190.29 2828.87 2774.75 681.156
threshold=0.0025000000000000027 16.150000000000002 49.70000000000001 23.750000000000004 6.8350000000000009 30.850000000000005
decision_type=2 2 2 2 2 2
left_child=1 -1 3 4 5 -3
right_child=-2 2 -4 -5 -6 -7
leaf_value=-1.775621236740432 1.6855274875549107 0.13728037622590727 -1.1892110869010784 0.41474833480569706 -0.93055058757200948 -0.32355405525767317
leaf_weight=15.999999999999998 29 14.999999999999998 15.999999999999998 14.999999999999998 14.999999999999998 17
leaf_count=16 29 15 16 15 15 17
internal_value=-0.0806938 -0.626857 -0.389177 -0.181054 -0.371787 -0.107627
internal_weight=123 94 78 62 47 32
internal_count=123 94 78 62 47 32
is_linear=0
shrinkage=0.05


Tree=151
num_leaves=7
num_cat=0
split_feature=4 78 13 45 120 10
split_gain=37049.7 11530.8 18187.2 6561.18 3866.08 3011.82
threshold=10.500000000000002 -0.7191666666666664 4.3750000000000009 0.0016666666666666637 3.5000000000000004 6.1750000000000016
decision_type=2 2 2 2 2 2
left_child=1 -1 -3 4 5 -4
right_child=-2 2 3 -5 -6 -7
leaf_value=0.47398447470111738 1.8869713593713984 -2.2815737409741468 -0.18081211222718091 -1.4386796196795397 0.13916424218310916 -1.1829974476470064
leaf_weight=18 15.999999999999998 19 15.000000000000002 15.999999999999998 27 14.999999999999998
leaf_count=18 16 19 15 16 27 15
internal_value=-0.353716 -0.681098 -0.907416 -0.547058 -0.294609 -0.684336
internal_weight=126 110 92 73 57 30
internal_count=126 110 92 73 57 30
is_linear=0
shrinkage=0.05


Tree=152
num_leaves=7
num_cat=0
split_feature=13 51 4 45 104 64
split_gain=56345 13152.9 8710.33 7890.7 2549.82 2116.29
threshold=3.9050000000000007 62.95000000000001 9.5000000000000018 1.0000000180025095e-35 22.600000000000005 35.100000000000001
decision_type=2 2 2 2 2 2
left_child=-1 2 3 4 -2 -6
right_child=1 -3 -4 -5 5 -7
leaf_value=2.8386604109165829 -0.44769714840671471 -1.3904257435303231 1.0027836854413428 -1.1524535093241961 0.68851095723826983 -0.12424781768527252
leaf_weight=15.999999999999998 17 23 15.999999999999998 19 17 14.999999999999998
leaf_count=16 17 23 16 19 17 15
internal_value=0.080815 -0.333792 -0.0431067 -0.290383 0.0454536 0.308174
internal_weight=123 107 84 68 49 32
internal_count=123 107 84 68 49 32
is_linear=0
shrinkage=0.05


Tree=153
num_leaves=7
num_cat=0
split_feature=26 45 39 123 78 26
split_gain=42906.7 38654 21823.3 4357.15 3718.33 2311.86
threshold=14.000000000000002 0.014166666666666649 -0.45083333333333314 -0.011666666666666643 1.6433333333333329 32.70000000000001
decision_type=2 2 2 2 2 2
left_child=-1 2 -2 -4 5 -5
right_child=1 -3 3 4 -6 -7
leaf_value=2.509348771508956 -2.3138594753560962 2.0270441392399619 -0.98590477461838599 0.57008463744050963 -0.81749686272383126 -0.17220087217235092
leaf_weight=14.999999999999998 17 14.999999999999998 20 15.999999999999998 14.999999999999998 30
leaf_count=15 17 15 20 16 15 30
internal_value=0.0059076 -0.328288 -0.690548 -0.347358 -0.136646 0.0865535
internal_weight=128 113 98 81 61 46
internal_count=128 113 98 81 61 46
is_linear=0
shrinkage=0.05


Tree=154
num_leaves=7
num_cat=0
split_feature=4 101 15 45 24 103
split_gain=46734 11237 19929.1 7203.11 3050.43 911.813
threshold=10.500000000000002 86.15000000000002 32.250000000000007 1.0000000180025095e-35 47.800000000000004 27.700000000000003
decision_type=2 2 2 2 2 2
left_child=1 2 -1 4 5 -4
right_child=-2 -3 3 -5 -6 -7
leaf_value=-2.5228447405707759 2.3483255695823013 0.44093938555883527 -0.1895654599303784 -1.4905009629710619 -0.6689068384616973 0.35128809568897784
leaf_weight=14.999999999999998 14.999999999999998 20 16.000000000000004 14.999999999999998 25 14.999999999999998
leaf_count=15 15 20 16 15 25 15
internal_value=-0.254468 -0.624701 -0.872806 -0.521078 -0.259129 0.0722652
internal_weight=121 106 86 71 56 31
internal_count=121 106 86 71 56 31
is_linear=0
shrinkage=0.05


Tree=155
num_leaves=7
num_cat=0
split_feature=49 13 102 33 102 27
split_gain=49229 12067.8 7968.65 8540.83 3154.88 2719.01
threshold=6.5100000000000007 3.9050000000000007 20.550000000000004 -0.15166666666666637 36.600000000000001 17.050000000000001
decision_type=2 2 2 2 2 2
left_child=1 -1 -3 -4 -5 -6
right_child=-2 2 3 4 5 -7
leaf_value=-1.7126211181381681 2.3530527394479481 0.86340969137798074 -1.4171142427077204 -0.67590917769243219 -0.43055724592398337 0.40135890186045098
leaf_weight=14.999999999999998 19 14.999999999999998 15.999999999999998 18 14.999999999999998 28
leaf_count=15 19 15 16 18 15 28
internal_value=0.0145717 -0.402435 -0.187136 -0.392707 -0.122049 0.110714
internal_weight=126 107 92 77 61 43
internal_count=126 107 92 77 61 43
is_linear=0
shrinkage=0.05


Tree=156
num_leaves=6
num_cat=0
split_feature=14 33 88 97 55
split_gain=54954.2 8506.41 3810.91 2770.72 2923.28
threshold=21.800000000000001 -0.15166666666666637 4.3400000000000007 5.4300000000000006 5.3750000000000009
decision_type=2 2 2 2 2
left_child=-1 -2 -3 4 -4
right_child=1 2 3 -5 -6
leaf_value=2.2642358936627449 -1.4631237883316841 -0.94710756915294569 -0.71829011523308439 0.48134343725198891 0.077720992613542567
leaf_weight=23 17 14.999999999999998 20 17 27
leaf_count=23 17 15 20 17 27
internal_value=0.0745398 -0.451833 -0.232576 -0.0638131 -0.261707
internal_weight=119 96 79 64 47
internal_count=119 96 79 64 47
is_linear=0
shrinkage=0.05


Tree=157
num_leaves=6
num_cat=0
split_feature=3 14 91 15 58
split_gain=12868.1 12639.3 11758.3 14266.8 2923.91
threshold=2.5000000000000004 37.000000000000007 2.8750000000000004 38.300000000000004 5.0050000000000008
decision_type=2 2 2 2 2
left_child=1 -1 -2 -4 -5
right_child=2 -3 3 4 -6
leaf_value=-1.9072249692061849 -1.2796987464901997 -0.25769206572906667 1.536328725941134 -0.77971658673345667 0.060246776407936589
leaf_weight=26 17 21 14.999999999999998 15.999999999999998 29
leaf_count=26 17 21 15 16 29
internal_value=-0.521397 -1.17242 -0.122951 0.206295 -0.239363
internal_weight=124 47 77 60 45
internal_count=124 47 77 60 45
is_linear=0
shrinkage=0.05


Tree=158
num_leaves=7
num_cat=0
split_feature=49 107 13 122 67 65
split_gain=47275.3 16472.9 24322.1 4745.17 3214.33 2157.21
threshold=6.5100000000000007 50.500000000000007 4.3750000000000009 2.5000000000000004 5.5500000000000007 31.700000000000006
decision_type=2 2 2 2 2 2
left_child=1 -1 -3 4 -4 -5
right_child=-2 2 3 5 -6 -7
leaf_value=1.0779831620291893 2.3787205010817192 -2.353763810096428 -1.2284973185583457 0.44844693663905111 -0.22399780984684736 -0.31249772658259234
leaf_weight=15.999999999999998 18 17 14.999999999999998 22 17 15.999999999999998
leaf_count=16 18 17 15 22 17 16
internal_value=0.0218811 -0.391853 -0.663152 -0.249732 -0.697373 0.127939
internal_weight=121 103 87 70 32 38
internal_count=121 103 87 70 32 38
is_linear=0
shrinkage=0.05


Tree=159
num_leaves=7
num_cat=0
split_feature=103 39 91 83 45 120
split_gain=30068.1 17644.1 7207.22 4062.56 2261.56 1130.06
threshold=48.900000000000006 -0.45083333333333314 2.8750000000000004 3.5000000000000004 -0.0049999999999999897 2.5000000000000004
decision_type=2 2 2 2 2 2
left_child=1 -1 -3 4 5 -4
right_child=-2 2 3 -5 -6 -7
leaf_value=-2.1304284671818987 1.6534838269328511 -1.33184198598988 -0.46054127050551363 0.37040966485423604 -0.8457468646665961 0.13308585620763008
leaf_weight=15.999999999999998 17 14.999999999999998 14.999999999999998 26 18.000000000000004 17
leaf_count=16 17 15 15 26 18 17
internal_value=-0.293754 -0.60443 -0.334024 -0.135529 -0.398931 -0.145589
internal_weight=124 107 91 76 50 32
internal_count=124 107 91 76 50 32
is_linear=0
shrinkage=0.05


Tree=160
num_leaves=6
num_cat=0
split_feature=14 98 39 52 41
split_gain=58030.6 12181.9 11713.5 4379.79 2707.37
threshold=11.450000000000001 26.450000000000006 1.0000000180025095e-35 6.2400000000000011 0.072500000000000245
decision_type=2 2 2 2 2
left_child=-1 -2 -3 4 -4
right_child=1 2 3 -5 -6
leaf_value=2.9514462211718229 -1.3469030016685422 0.98243453644994472 -0.58119729211674398 -1.0340185058366564 0.17883696598912263
leaf_weight=14.999999999999998 24 20 20 19 28
leaf_count=15 24 20 20 19 28
internal_value=0.0431555 -0.352115 -0.0764014 -0.393539 -0.13829
internal_weight=126 111 87 67 48
internal_count=126 111 87 67 48
is_linear=0
shrinkage=0.05


Tree=161
num_leaves=6
num_cat=0
split_feature=78 19 27 100 39
split_gain=44921.8 12149.8 17359.8 6105.94 1812.72
threshold=2.1808333333333341 4.9700000000000015 11.000000000000002 0.16500000000000004 0.60500000000000009
decision_type=2 2 2 2 2
left_child=1 -1 -3 -4 -5
right_child=-2 2 3 4 -6
leaf_value=-1.2755096876313325 2.4716156046183908 1.313207632665476 -0.99265924227619495 -0.42735755648834034 0.29019889184648956
leaf_weight=27 15.999999999999998 18 28 14.999999999999998 21
leaf_count=27 16 18 28 15 21
internal_value=0.00613213 -0.357662 -0.0541969 -0.440306 -0.00900007
internal_weight=125 109 82 64 36
internal_count=125 109 82 64 36
is_linear=0
shrinkage=0.05


Tree=162
num_leaves=6
num_cat=0
split_feature=0 35 27 16 21
split_gain=42577.3 13449.7 11428.8 8877.29 6666.87
threshold=2983.0000000000005 -7.7500000000000009 21.950000000000003 5.1350000000000007 49.250000000000007
decision_type=2 2 2 2 2
left_child=1 -1 3 -3 -4
right_child=-2 2 4 -5 -6
leaf_value=-1.8346076730860781 1.7547850642658211 1.243819180706091 -0.26770256797284314 -0.25940410256127777 -1.6471074153749361
leaf_weight=14.999999999999998 28 17 21 23 14.999999999999998
leaf_count=15 28 17 21 23 15
internal_value=0.0533091 -0.471519 -0.200365 0.38085 -0.845564
internal_weight=119 91 76 40 36
internal_count=119 91 76 40 36
is_linear=0
shrinkage=0.05


Tree=163
num_leaves=6
num_cat=0
split_feature=14 52 52 24 23
split_gain=55213.1 13455.2 8142.13 5900.28 3113.73
threshold=13.400000000000002 6.1650000000000009 5.8050000000000006 45.20000000000001 75.350000000000009
decision_type=2 2 2 2 2
left_child=-1 2 4 -3 -2
right_child=1 3 -4 -5 -6
leaf_value=2.7816690296119782 0.25511935582147777 -1.864216780455302 1.0205512941580765 -0.60799530806294477 -0.58598722070985843
leaf_weight=15.999999999999998 18 14.999999999999998 17 25 28
leaf_count=16 18 15 17 25 28
internal_value=0.0585421 -0.366707 0.0887931 -1.08268 -0.256911
internal_weight=119 103 63 40 46
internal_count=119 103 63 40 46
is_linear=0
shrinkage=0.05


Tree=164
num_leaves=6
num_cat=0
split_feature=49 107 14 105 45
split_gain=46036.8 19259.2 29499.9 3447.1 3495.05
threshold=6.4000000000000012 50.500000000000007 16.150000000000002 20.700000000000003 -0.0016666666666666911
decision_type=2 2 2 2 2
left_child=1 -1 -3 4 -4
right_child=-2 2 3 -5 -6
leaf_value=1.3446411704385517 2.5058482359724437 -2.5975220610763854 -0.10521862507863074 0.26861981203335461 -1.0557886176354045
leaf_weight=14.999999999999998 17 14.999999999999998 26.999999999999996 28 15.000000000000002
leaf_count=15 17 15 27 28 15
internal_value=0.108291 -0.30134 -0.593105 -0.160422 -0.446528
internal_weight=117 100 85 70 42
internal_count=117 100 85 70 42
is_linear=0
shrinkage=0.05


Tree=165
num_leaves=6
num_cat=0
split_feature=49 101 13 107 70
split_gain=46248.9 10293.8 13058.3 7277.9 3000.75
threshold=6.5100000000000007 80.90000000000002 4.4650000000000007 53.500000000000007 0.0033333333333338548
decision_type=2 2 2 2 2
left_child=1 2 -1 -4 -5
right_child=-2 -3 3 4 -6
leaf_value=-1.8728832025705655 2.5730950655404086 0.51165580668907562 -0.83648155321370288 -0.24337265653326018 0.73811703515904292
leaf_weight=15.999999999999998 15.999999999999998 28 29 15.000000000000002 15.999999999999998
leaf_count=16 16 28 29 15 16
internal_value=0.0792097 -0.30652 -0.608295 -0.268434 0.263786
internal_weight=120 104 76 60 31
internal_count=120 104 76 60 31
is_linear=0
shrinkage=0.05


Tree=166
num_leaves=6
num_cat=0
split_feature=0 15 49 39 107
split_gain=48234.2 14048.1 9898.73 10129 4578.48
threshold=2983.0000000000005 32.250000000000007 6.1400000000000015 1.0000000180025095e-35 53.500000000000007
decision_type=2 2 2 2 2
left_child=1 -1 3 -3 -5
right_child=-2 2 -4 4 -6
leaf_value=-1.8380661923364299 1.9873417028864684 1.212321648205289 -1.168275889988345 -0.69857182400041362 0.3142539709658172
leaf_weight=14.999999999999998 26 15.999999999999998 19 25 20
leaf_count=15 26 16 19 25 20
internal_value=0.0833731 -0.439202 -0.174886 0.135855 -0.248617
internal_weight=121 95 80 61 45
internal_count=121 95 80 61 45
is_linear=0
shrinkage=0.05


Tree=167
num_leaves=6
num_cat=0
split_feature=0 35 27 16 100
split_gain=41172.8 13621 10441.5 10953.4 6761.42
threshold=2983.0000000000005 -7.7500000000000009 21.950000000000003 5.1350000000000007 0.17500000000000002
decision_type=2 2 2 2 2
left_child=1 -1 3 -3 -4
right_child=-2 2 4 -5 -6
leaf_value=-1.7354003332416461 1.7993810751341366 1.4781871565130373 -1.3716613327685874 -0.20264007875840165 -0.016530371444267139
leaf_weight=15.999999999999998 27 14.999999999999998 20 27 17
leaf_count=16 27 15 20 27 17
internal_value=0.0801335 -0.40982 -0.139431 0.399622 -0.750891
internal_weight=122 95 79 42 37
internal_count=122 95 79 42 37
is_linear=0
shrinkage=0.05


Tree=168
num_leaves=7
num_cat=0
split_feature=14 52 43 109 69 26
split_gain=49464.7 8810.8 6601.31 6508.29 2626.3 1021.8
threshold=13.400000000000002 6.1650000000000009 0.24416666666666667 0.045833333333332955 2.5000000000000004 31.700000000000006
decision_type=2 2 2 2 2 2
left_child=-1 3 -3 4 -2 -6
right_child=1 2 -4 -5 5 -7
leaf_value=2.4726979708473986 -0.77427161775137243 -1.3831229754699552 -0.074876434242488535 0.88475409074229461 -0.2887054544410958 0.2929664691157689
leaf_weight=18 17 27 14.999999999999998 15.999999999999998 15.000000000000002 14.999999999999998
leaf_count=18 17 27 15 16 15 15
internal_value=0.0585004 -0.357273 -0.917298 0.0168595 -0.279739 0.00197147
internal_weight=123 105 42 63 47 30
internal_count=123 105 42 63 47 30
is_linear=0
shrinkage=0.05


Tree=169
num_leaves=6
num_cat=0
split_feature=78 39 88 91 70
split_gain=39496.3 12273.5 2537.35 3182.35 2012.33
threshold=2.1808333333333341 -0.45083333333333314 4.0400000000000009 4.6050000000000013 0.0083333333333324173
decision_type=2 2 2 2 2
left_child=1 -1 -3 -4 -5
right_child=-2 2 3 4 -6
leaf_value=-1.5173068075383442 2.2202637464733597 -0.7325038379393749 0.60615808134836868 -0.5295670779300603 0.085722523465807582
leaf_weight=21 15.999999999999998 15.999999999999998 14.999999999999998 26 27
leaf_count=21 16 16 15 26 27
internal_value=-0.0859032 -0.439145 -0.168061 -0.0342971 -0.216452
internal_weight=121 105 84 68 53
internal_count=121 105 84 68 53
is_linear=0
shrinkage=0.05


Tree=170
num_leaves=6
num_cat=0
split_feature=49 119 109 14 66
split_gain=35998.3 13991.4 13004.9 7722.97 2761.37
threshold=6.5100000000000007 0.55166666666666686 0.040000000000000487 19.600000000000005 17.300000000000001
decision_type=2 2 2 2 2
left_child=1 2 3 -1 -5
right_child=-2 -3 -4 4 -6
leaf_value=-1.456550858109634 2.0787557355493131 -1.7050491135109933 0.87569573617084717 0.11314954251767845 -0.6875266628655774
leaf_weight=15.999999999999998 17 17 23 29 17
leaf_count=16 17 17 23 29 17
internal_value=-0.0444212 -0.400022 -0.137261 -0.513921 -0.183494
internal_weight=119 102 85 62 46
internal_count=119 102 85 62 46
is_linear=0
shrinkage=0.05


Tree=171
num_leaves=6
num_cat=0
split_feature=13 49 39 45 11
split_gain=47082.2 11005.8 9591.66 3526.91 3019.83
threshold=3.9050000000000007 6.1400000000000015 1.0000000180025095e-35 -1.0000000180025095e-35 40.100000000000009
decision_type=2 2 2 2 2
left_child=-1 2 -2 4 -4
right_child=1 -3 3 -5 -6
leaf_value=2.6280684410736264 0.88004122420923014 -1.2479180340109199 0.27513503271256579 -1.0438566303411068 -0.55233312881112229
leaf_weight=14.999999999999998 20 26 21 14.999999999999998 23
leaf_count=15 20 26 21 15 23
internal_value=0.0173291 -0.357732 -0.0634887 -0.384362 -0.157563
internal_weight=120 105 79 59 44
internal_count=120 105 79 59 44
is_linear=0
shrinkage=0.05


Tree=172
num_leaves=7
num_cat=0
split_feature=4 31 13 78 106 97
split_gain=40083.4 110818 12758.3 6536.34 2021.59 1533.57
threshold=7.5000000000000009 -0.014999999999999234 4.3750000000000009 2.0225000000000009 9.7500000000000018 5.2000000000000011
decision_type=2 2 2 2 2 2
left_child=2 -2 -1 4 5 -4
right_child=1 -3 3 -5 -6 -7
leaf_value=-1.8807385880426066 -1.1400213323338493 4.4933518353456297 0.15185284992519596 -1.1389926296228552 0.39590650054172699 -0.5021694999272468
leaf_weight=14.999999999999998 19 15.999999999999998 14.999999999999998 17 19 22
leaf_count=15 19 16 15 17 19 22
internal_value=0.0116936 1.44056 -0.557538 -0.283378 -0.0219814 -0.237196
internal_weight=123 35 88 73 56 37
internal_count=123 35 88 73 56 37
is_linear=0
shrinkage=0.05


Tree=173
num_leaves=7
num_cat=0
split_feature=14 51 0 4 72 6
split_gain=36547.5 6394.13 5994.69 5833.27 2345.9 2091.43
threshold=11.450000000000001 68.450000000000017 1915.5000000000002 8.5000000000000018 0.099166666666667083 3.5000000000000004
decision_type=2 2 2 2 2 2
left_child=-1 2 4 5 -2 -4
right_child=1 -3 3 -5 -6 -7
leaf_value=2.082102494654448 0.5613239375122806 -1.4303675488130936 0.10347897463681682 -1.5204411526784203 -0.19211889539641896 -0.72923396570200949
leaf_weight=15.999999999999998 17 14.999999999999998 15 14.999999999999998 26 15
leaf_count=16 17 15 15 15 26 15
internal_value=-0.133501 -0.479406 -0.315814 -0.718571 0.106249 -0.313751
internal_weight=119 103 88 45 43 30
internal_count=119 103 88 45 43 30
is_linear=0
shrinkage=0.05


Tree=174
num_leaves=7
num_cat=0
split_feature=116 103 39 118 83 37
split_gain=38351.2 22944.3 21971.9 4231.94 3201.46 1248.37
threshold=1.5000000000000002 48.900000000000006 -0.45083333333333314 1.5000000000000002 3.5000000000000004 10.633333333333338
decision_type=2 2 2 2 2 2
left_child=-1 2 -2 -4 5 -5
right_child=1 -3 3 4 -6 -7
leaf_value=2.3987248174152014 -2.2559465553586846 1.5911018237372898 -0.79707110586451058 -0.45540273755917815 0.55523859863702341 0.12948563179827685
leaf_weight=15.999999999999998 14.999999999999998 14.999999999999998 20 23 20 14.999999999999998
leaf_count=16 15 15 20 23 20 15
internal_value=0.122119 -0.217017 -0.510099 -0.171836 0.0446769 -0.224661
internal_weight=124 108 93 78 58 38
internal_count=124 108 93 78 58 38
is_linear=0
shrinkage=0.05


Tree=175
num_leaves=6
num_cat=0
split_feature=14 78 101 97 66
split_gain=48200.8 8380.55 5008.5 5000.46 1927.48
threshold=13.400000000000002 2.0225000000000009 80.90000000000002 4.8950000000000005 13.150000000000002
decision_type=2 2 2 2 2
left_child=-1 2 3 -2 -5
right_child=1 -3 -4 4 -6
leaf_value=2.6224557025091988 -1.0615314720085312 -1.2952424416884531 0.45162174406966599 -0.49039544792649165 0.21049925950893844
leaf_weight=15.999999999999998 18 18 27 15.999999999999998 25
leaf_count=16 18 18 27 16 25
internal_value=0.0764866 -0.317296 -0.111285 -0.369299 -0.0634266
internal_weight=120 104 86 59 41
internal_count=120 104 86 59 41
is_linear=0
shrinkage=0.05


Tree=176
num_leaves=7
num_cat=0
split_feature=113 103 13 72 14 0
split_gain=36895.8 20232.1 24112.6 3754.1 3508.3 2871.71
threshold=-12.724999999999996 48.900000000000006 4.3750000000000009 -0.41499999999999954 38.500000000000007 1498.0000000000002
decision_type=2 2 2 2 2 2
left_child=-1 2 -2 -4 5 -5
right_child=1 -3 3 4 -6 -7
leaf_value=2.2271129415642399 -2.2556637753439213 1.3027725742470402 0.40459279944883531 -0.28185016082612091 -0.0029963657864785281 -1.2463163339943619
leaf_weight=15.999999999999998 18 15.999999999999998 18 15.000000000000002 27 15.999999999999998
leaf_count=16 18 16 18 15 27 16
internal_value=-0.00853338 -0.335491 -0.615486 -0.224503 -0.420186 -0.782207
internal_weight=126 110 94 76 58 31
internal_count=126 110 94 76 58 31
is_linear=0
shrinkage=0.05


Tree=177
num_leaves=5
num_cat=0
split_feature=45 13 111 60
split_gain=48504.3 8627.69 3247.95 1570.66
threshold=0.0025000000000000027 4.620000000000001 -0.44583333333333369 48.150000000000006
decision_type=2 2 2 2
left_child=1 -1 -3 -4
right_child=-2 2 3 -5
leaf_value=-1.4898324041466438 1.8384089525484109 -0.83944895869774339 0.24238177623549198 -0.3255559037092427
leaf_weight=19 28 19 22 27
leaf_count=19 28 19 22 27
internal_value=0.0320946 -0.550634 -0.286335 -0.0704873
internal_weight=115 87 68 49
internal_count=115 87 68 49
is_linear=0
shrinkage=0.05


Tree=178
num_leaves=7
num_cat=0
split_feature=106 63 78 13 49 51
split_gain=35435.1 76266.3 12818.8 13010.5 5766.14 3681.56
threshold=1.0000000180025095e-35 44.600000000000001 -0.56249999999999944 4.5100000000000007 6.1400000000000015 53.350000000000009
decision_type=2 2 2 2 2 2
left_child=1 -1 -2 -4 5 -5
right_child=2 -3 3 4 -6 -7
leaf_value=-0.6561447717284703 0.60710018130626464 4.0000919946796261 -2.1859972205383098 -0.63752349312392831 -1.276539014340841 0.37253981661378294
leaf_weight=21 18 14.999999999999998 14.999999999999998 19 17 17
leaf_count=21 18 15 15 19 17 17
internal_value=-0.0253759 1.28952 -0.576715 -0.890582 -0.520435 -0.1607
internal_weight=122 36 86 68 53 36
internal_count=122 36 86 68 53 36
is_linear=0
shrinkage=0.05


Tree=179
num_leaves=7
num_cat=0
split_feature=49 13 102 45 4 54
split_gain=43265.3 14307.8 5954.29 4618.11 1942.02 1209.53
threshold=6.5100000000000007 4.0850000000000009 20.550000000000004 1.0000000180025095e-35 8.5000000000000018 45.20000000000001
decision_type=2 2 2 2 2 2
left_child=1 -1 -3 4 5 -4
right_child=-2 2 3 -5 -6 -7
leaf_value=-1.768325011343356 2.3646726445147865 0.76535842625991157 -0.21197606055011528 -0.96669366166229642 -0.50681638444326205 0.33329195032319225
leaf_weight=14.999999999999998 17 15.999999999999998 17 19 18 25
leaf_count=15 17 16 17 19 18 25
internal_value=0.0247842 -0.338609 -0.111189 -0.289525 -0.0737527 0.11249
internal_weight=127 110 95 79 60 42
internal_count=127 110 95 79 60 42
is_linear=0
shrinkage=0.05


Tree=180
num_leaves=6
num_cat=0
split_feature=13 51 51 27 27
split_gain=33405 10170.4 6965.75 4525.01 2698.7
threshold=3.9050000000000007 62.95000000000001 56.250000000000007 14.850000000000003 21.950000000000003
decision_type=2 2 2 2 2
left_child=-1 2 3 -2 -5
right_child=1 -3 -4 4 -6
leaf_value=2.1331268986559802 -1.009965381964794 -1.2947794309724563 0.67250710853508533 0.35414100114385882 -0.45541834271914583
leaf_weight=15.999999999999998 18 21 23 20 21
leaf_count=16 18 21 23 20 21
internal_value=0.0149618 -0.315775 -0.0637217 -0.351463 -0.0604889
internal_weight=119 103 82 59 41
internal_count=119 103 82 59 41
is_linear=0
shrinkage=0.05


Tree=181
num_leaves=6
num_cat=0
split_feature=45 13 53 69 80
split_gain=38134.7 7488.71 4003 3037.77 1520.68
threshold=0.0025000000000000027 4.620000000000001 49.70000000000001 2.5000000000000004 -0.036666666666667062
decision_type=2 2 2 2 2
left_child=1 -1 3 -3 -5
right_child=-2 2 -4 4 -6
leaf_value=-1.3626973469354953 1.6905705163487335 -0.50143944400163432 -0.92202646890223416 0.64818720418885856 -0.0031670804476845852
leaf_weight=17 28 20 14.999999999999998 14.999999999999998 22
leaf_count=17 28 20 15 15 22
internal_value=0.0845774 -0.421953 -0.198182 -0.00632747 0.261796
internal_weight=117 89 72 57 37
internal_count=117 89 72 57 37
is_linear=0
shrinkage=0.05


Tree=182
num_leaves=7
num_cat=0
split_feature=111 95 15 45 63 77
split_gain=32867.8 20012.8 15273.2 7156.93 1865.3 1922.39
threshold=-0.92416666666666691 22.750000000000004 29.000000000000004 0.0016666666666666637 51.000000000000007 3.5000000000000004
decision_type=2 2 2 2 2 2
left_child=-1 -2 -3 4 5 -4
right_child=1 2 3 -5 -6 -7
leaf_value=2.1253948184828095 1.3292411531044159 -2.0891956419344768 -0.24100991182678469 -1.261781205454765 -0.53674679655396484 0.41257088241560197
leaf_weight=14.999999999999998 14.999999999999998 14.999999999999998 24 17 18 21
leaf_count=15 15 15 24 17 18 21
internal_value=-0.0621624 -0.362171 -0.630405 -0.354553 -0.108054 0.0641221
internal_weight=125 110 95 80 63 45
internal_count=125 110 95 80 63 45
is_linear=0
shrinkage=0.05


Tree=183
num_leaves=6
num_cat=0
split_feature=0 15 120 110 70
split_gain=33956.9 11327.4 7154.54 8402.8 8288.54
threshold=2983.0000000000005 32.250000000000007 3.5000000000000004 2.5000000000000004 0.010833333333332364
decision_type=2 2 2 2 2
left_child=1 -1 3 -3 -4
right_child=-2 2 4 -5 -6
leaf_value=-1.7159325287831539 1.6078227884740945 -1.6059455896055461 -0.34089001630437316 -0.15062185475711562 1.1937133665523485
leaf_weight=14.999999999999998 25 14.999999999999998 21 29 14.999999999999998
leaf_count=15 25 15 21 29 15
internal_value=-0.0279751 -0.459739 -0.222292 -0.649385 0.299925
internal_weight=120 95 80 44 36
internal_count=120 95 80 44 36
is_linear=0
shrinkage=0.05


Tree=184
num_leaves=7
num_cat=0
split_feature=49 13 0 39 43 87
split_gain=42926 13210.8 5166.07 5958.87 2114.55 1659.41
threshold=6.5100000000000007 3.9050000000000007 2808.5000000000005 -0.22166666666666709 -0.096666666666666221 6.7950000000000008
decision_type=2 2 2 2 2 2
left_child=1 -1 3 -3 -5 -6
right_child=-2 2 -4 4 5 -7
leaf_value=-1.6881533390244112 2.3796387712857876 1.0088853438168961 -0.70660213139427608 0.27214672150205094 0.011191147131635654 -0.70894890509937936
leaf_weight=14.999999999999998 17 14.999999999999998 25 21 14.999999999999998 17
leaf_count=15 17 15 25 21 15 17
internal_value=0.0518579 -0.316368 -0.0934832 0.132561 -0.116794 -0.372244
internal_weight=125 108 93 68 53 32
internal_count=125 108 93 68 53 32
is_linear=0
shrinkage=0.05


Tree=185
num_leaves=6
num_cat=0
split_feature=27 4 39 111 43
split_gain=33175.6 88521.1 12220.1 3105.05 1775.17
threshold=14.000000000000002 6.5000000000000009 -0.37416666666666692 -0.44583333333333369 1.0000000180025095e-35
decision_type=2 2 2 2 2
left_child=1 -1 -2 -4 -5
right_child=2 -3 3 4 -6
leaf_value=-0.94815070691533099 -1.6379554381545303 4.176430045058396 -0.79284167462273647 0.31116874921115451 -0.27586986906954514
leaf_weight=19 19 14.999999999999998 17 23 29
leaf_count=19 19 15 17 23 29
internal_value=-0.0060028 1.31816 -0.518585 -0.208356 -0.0160233
internal_weight=122 34 88 69 52
internal_count=122 34 88 69 52
is_linear=0
shrinkage=0.05


Tree=186
num_leaves=6
num_cat=0
split_feature=109 72 25 27 13
split_gain=25961.2 10064.9 6552.74 5607.64 3531.67
threshold=0.057499999999999669 1.1900000000000002 41.400000000000013 21.950000000000003 4.7300000000000013
decision_type=2 2 2 2 2
left_child=1 2 4 -4 -1
right_child=-2 -3 3 -5 -6
leaf_value=-1.4093069821793511 1.5276024314395169 -1.5504413417165313 0.64798459676336662 -0.46611653473470122 -0.40341836134969339
leaf_weight=14.999999999999998 17 21 22 23 21
leaf_count=15 17 21 22 23 21
internal_value=-0.275708 -0.57751 -0.323607 0.0786733 -0.82542
internal_weight=119 102 81 45 36
internal_count=119 102 81 45 36
is_linear=0
shrinkage=0.05


Tree=187
num_leaves=7
num_cat=0
split_feature=113 13 33 63 56 78
split_gain=33792.1 9185.42 4225.22 1826.62 1884.13 1440.27
threshold=-12.724999999999996 4.3750000000000009 -0.15166666666666637 53.45000000000001 41.650000000000013 -0.15750000000000061
decision_type=2 2 2 2 2 2
left_child=-1 -2 -3 4 5 -4
right_child=1 2 3 -5 -6 -7
leaf_value=2.0582206815481188 -1.3742472176638123 -0.94782624248175584 -0.083172990867446131 -0.53083138967815191 -0.3663703766975614 0.51867932679966022
leaf_weight=14.999999999999998 22 17 18 17 18 22
leaf_count=15 22 17 18 17 18 22
internal_value=-0.164684 -0.458763 -0.238534 -0.0766463 0.0570754 0.248189
internal_weight=129 114 92 75 58 40
internal_count=129 114 92 75 58 40
is_linear=0
shrinkage=0.05


Tree=188
num_leaves=6
num_cat=0
split_feature=109 45 25 18 91
split_gain=26401.7 12686.5 7832.92 4800.1 4548.6
threshold=0.057499999999999669 0.0041666666666666666 41.400000000000013 56.500000000000007 5.2750000000000012
decision_type=2 2 2 2 2
left_child=1 2 4 -4 -1
right_child=-2 -3 3 -5 -6
leaf_value=-1.3796513688490257 1.7458683778118613 -1.6567572059431623 0.66567354108638688 -0.45455545905410066 -0.24861991761706365
leaf_weight=15.999999999999998 14.999999999999998 19 26 14.999999999999998 20
leaf_count=16 15 19 26 15 20
internal_value=-0.197892 -0.503157 -0.216658 0.255603 -0.753868
internal_weight=111 96 77 41 36
internal_count=111 96 77 41 36
is_linear=0
shrinkage=0.05


Tree=189
num_leaves=6
num_cat=0
split_feature=14 28 65 106 69
split_gain=48011.3 5289.61 5990.24 3377.4 3011.74
threshold=11.450000000000001 26.200000000000006 45.350000000000009 9.7500000000000018 3.5000000000000004
decision_type=2 2 2 2 2
left_child=-1 2 3 4 -2
right_child=1 -3 -4 -5 -6
leaf_value=2.5567016499721453 -1.0687973866214999 0.4085727244023456 -1.4461857830571849 0.038593536252465192 -0.25867958784877482
leaf_weight=14.999999999999998 23 14.999999999999998 17 27 23
leaf_count=15 23 15 17 27 23
internal_value=-0.0796667 -0.458413 -0.603259 -0.405182 -0.665287
internal_weight=120 105 90 73 46
internal_count=120 105 90 73 46
is_linear=0
shrinkage=0.05


Tree=190
num_leaves=6
num_cat=0
split_feature=49 14 76 111 70
split_gain=40665 9708.48 5235.57 4310.28 2577.24
threshold=6.5100000000000007 16.150000000000002 9.3333333333333339 -0.32083333333333369 0.0083333333333324173
decision_type=2 2 2 2 2
left_child=1 -1 3 -3 -5
right_child=-2 2 -4 4 -6
leaf_value=-1.3507958435887442 2.2967897699590316 -0.93573283324787271 0.5800798610770872 -0.52904198749289333 0.23080240734356786
leaf_weight=19 17 20 21 18 29
leaf_count=19 17 20 21 18 29
internal_value=0.0325709 -0.328927 -0.106956 -0.322914 -0.0606011
internal_weight=124 107 88 67 47
internal_count=124 107 88 67 47
is_linear=0
shrinkage=0.05


Tree=191
num_leaves=7
num_cat=0
split_feature=111 13 45 63 19 19
split_gain=33211.3 10038.1 4020.98 2204.37 1322.6 1196.11
threshold=-0.87166666666666626 4.3750000000000009 0.0025000000000000027 51.000000000000007 5.5150000000000015 5.1450000000000005
decision_type=2 2 2 2 2 2
left_child=-1 -2 3 4 5 -3
right_child=1 2 -4 -5 -6 -7
leaf_value=1.8823136823916293 -1.4983157791901585 -0.030903536784722935 -0.96917135937613708 -0.55076664317964885 -0.25068111770752211 0.5790619514928842
leaf_weight=17 20 15.999999999999998 15.999999999999998 19 19 15.999999999999998
leaf_count=17 20 16 16 19 19 16
internal_value=-0.162669 -0.49215 -0.256631 -0.0925435 0.0788129 0.274777
internal_weight=123 106 86 70 51 32
internal_count=123 106 86 70 51 32
is_linear=0
shrinkage=0.05


Tree=192
num_leaves=6
num_cat=0
split_feature=14 120 39 117 41
split_gain=39583.3 6305.3 7283.02 6052.84 1517.58
threshold=11.450000000000001 3.5000000000000004 0.63583333333333381 0.1066666666666667 0.38166666666666643
decision_type=2 2 2 2 2
left_child=-1 3 -3 -2 -5
right_child=1 2 -4 4 -6
leaf_value=2.4703819385427512 -1.1589662736632287 0.91876584453732546 -0.35608680446209506 0.22286099198440845 -0.46503470531332564
leaf_weight=14.999999999999998 27 19 27 14.999999999999998 17
leaf_count=15 27 19 27 15 17
internal_value=0.0766142 -0.26733 0.171225 -0.60905 -0.142738
internal_weight=120 105 46 59 32
internal_count=120 105 46 59 32
is_linear=0
shrinkage=0.05


Tree=193
num_leaves=6
num_cat=0
split_feature=78 107 13 63 15
split_gain=34355.4 9572.37 14087.6 2644.27 2998.06
threshold=2.1808333333333341 50.500000000000007 4.3750000000000009 51.000000000000007 57.500000000000007
decision_type=2 2 2 2 2
left_child=1 -1 -3 4 -4
right_child=-2 2 3 -5 -6
leaf_value=0.85866899450883172 2.2539356620106474 -1.7911714385824593 0.36875361823887204 -0.72695609986433507 -0.38909485135727007
leaf_weight=14.999999999999998 14.999999999999998 17 26 17 26
leaf_count=15 15 17 26 17 26
internal_value=0.0293234 -0.302918 -0.50634 -0.187581 -0.0100942
internal_weight=116 101 86 69 52
internal_count=116 101 86 69 52
is_linear=0
shrinkage=0.05


Tree=194
num_leaves=6
num_cat=0
split_feature=12 112 56 21 102
split_gain=36082.6 6965.13 4119.07 2601.67 1747.34
threshold=38.20000000000001 1.5000000000000002 42.800000000000004 43.250000000000007 41.45000000000001
decision_type=2 2 2 2 2
left_child=-1 -2 3 -3 -5
right_child=1 2 -4 4 -6
leaf_value=2.172328237680174 -1.296184548230199 -0.55055193418393966 -0.83418711339616025 0.49839503932824897 -0.09876279577441599
leaf_weight=15.999999999999998 17 15.999999999999998 19 23 26
leaf_count=16 17 16 19 23 26
internal_value=-0.0261052 -0.376226 -0.188664 0.000942094 0.181878
internal_weight=117 101 84 65 49
internal_count=117 101 84 65 49
is_linear=0
shrinkage=0.05


Tree=195
num_leaves=7
num_cat=0
split_feature=26 109 39 53 25 18
split_gain=29080.3 24937.2 15055.2 3740.95 2120.77 1323.37
threshold=14.000000000000002 0.057499999999999669 -0.45083333333333314 49.70000000000001 35.500000000000007 48.900000000000013
decision_type=2 2 2 2 2 2
left_child=-1 2 -2 4 -4 -6
right_child=1 -3 3 -5 5 -7
leaf_value=2.0673922818228112 -1.8270444533587751 1.6153880338795137 -0.57002057231814662 -0.88373711794120835 0.47743000495507854 -0.094930451727992887
leaf_weight=14.999999999999998 19 14.999999999999998 14.999999999999998 18 15.999999999999998 27
leaf_count=15 19 15 15 18 16 27
internal_value=0.00970815 -0.272463 -0.571982 -0.256162 -0.0601257 0.118538
internal_weight=125 110 95 76 58 43
internal_count=125 110 95 76 58 43
is_linear=0
shrinkage=0.05


Tree=196
num_leaves=7
num_cat=0
split_feature=12 39 112 118 21 3
split_gain=28305.8 7778.07 4580.41 1900.17 1247.66 1954.85
threshold=38.20000000000001 -0.45083333333333314 1.5000000000000002 1.5000000000000002 45.70000000000001 2.5000000000000004
decision_type=2 2 2 2 2 2
left_child=-1 -2 -3 -4 -5 -6
right_child=1 2 3 4 5 -7
leaf_value=1.6693395854436863 -1.4987370747223234 -1.1311877111873485 -0.64137984130814762 -0.38847654932770281 -0.34323266176198497 0.37154536507595548
leaf_weight=17 17 14.999999999999998 17 18 14.999999999999998 26
leaf_count=17 17 15 17 18 15 26
internal_value=-0.221088 -0.519971 -0.335625 -0.17726 -0.0425872 0.109721
internal_weight=125 108 91 76 59 41
internal_count=125 108 91 76 59 41
is_linear=0
shrinkage=0.05


Tree=197
num_leaves=5
num_cat=0
split_feature=55 78 81 107
split_gain=34898.9 9720.68 9344.61 7690.38
threshold=4.8600000000000003 1.6433333333333329 2.5000000000000004 53.500000000000007
decision_type=2 2 2 2
left_child=-1 2 -2 -4
right_child=1 -3 3 -5
leaf_value=1.6830329952644687 -0.82924183911575389 -1.1544994831085205 1.2799605031931622 -0.12059578779209182
leaf_weight=27 23 27 15.999999999999998 25
leaf_count=27 23 27 16 25
internal_value=0.107859 -0.36078 -0.0245722 0.427626
internal_weight=118 91 64 41
internal_count=118 91 64 41
is_linear=0
shrinkage=0.05


Tree=198
num_leaves=7
num_cat=0
split_feature=14 50 0 38 27 0
split_gain=40841.4 6700.8 5140.57 7045.14 2444.49 1093.54
threshold=13.400000000000002 48.600000000000009 2808.5000000000005 3.5000000000000004 15.750000000000002 1498.0000000000002
decision_type=2 2 2 2 2 2
left_child=-1 2 3 -2 -5 -6
right_child=1 -3 -4 4 5 -7
leaf_value=2.4439236489141951 0.9455926652978226 -1.2360737600863374 -0.70323191629462978 -0.71904185481418847 0.36149279060742706 -0.24022884803102507
leaf_weight=15.999999999999998 19 14.999999999999998 25 14.999999999999998 15.000000000000002 14.999999999999998
leaf_count=16 19 15 25 15 15 15
internal_value=0.100381 -0.262118 -0.0967087 0.140864 -0.200143 0.0606673
internal_weight=120 104 89 64 45 30
internal_count=120 104 89 64 45 30
is_linear=0
shrinkage=0.05


Tree=199
num_leaves=6
num_cat=0
split_feature=14 120 39 37 86
split_gain=33841.6 8816.8 6335.5 5424.51 3897.13
threshold=13.400000000000002 3.5000000000000004 0.63583333333333381 -3.6250000000000031 1.0000000180025095e-35
decision_type=2 2 2 2 2
left_child=-1 3 -3 -2 -5
right_child=1 2 -4 4 -6
leaf_value=2.1941480752103817 -1.4942757768346775 1.0532842047142315 -0.21766446274352741 -0.91539827354291337 0.050482376106889729
leaf_weight=15.999999999999998 14.999999999999998 15.999999999999998 25 19 23
leaf_count=16 15 16 25 19 23
internal_value=0.0695333 -0.279175 0.27955 -0.680937 -0.387481
internal_weight=114 98 41 57 42
internal_count=114 98 41 57 42
is_linear=0
shrinkage=0.05


end of trees

feature_importances:
pos1_当地勝率=69
pos1_平均スタートタイミング_レース内差=65
pos1_当地2連率=48
レース=38
pos2_勝率=35
pos1_当地勝率_レース内差=34
pos2_当地勝率_レース内差=25
pos1_5コース複勝率=24
開催経過日=22
pos1_1コース複勝率=20
pos1_2連率_レース内差=18
pos1_モーター勝率_レース内差=17
pos3_勝率_レース内差=17
pos1_3コース複勝率=16
pos1_4コース複勝率=16
pos1_勝率_レース内差=16
pos3_体重=16
pos2_展示_レース内差=15
pos3_勝率=15
pos3_2連率_レース内差=15
pos1_当地3連率=14
pos3_展示_レース内差=14
pos3_勝率_レース内順位=14
pos1_展示_レース内差=13
pos3_ボート勝率=13
pos3_2コース複勝率=13
pos3_5コース複勝率=13
pos1_ボート勝率_レース内差=12
pos2_2コース複勝率=12
pos2_5コース複勝率=12
pos2_2連率_レース内差=12
pos3_ボート2連率=12
pos2_3連率=11
pos2_当地勝率=11
pos2_勝率_レース内差=11
pos3_モーター勝率_レース内差=11
pos3_6コース複勝率=10
pos1_3連率_レース内差=9
pos2_2連率=9
pos2_平均スタートタイミング_レース内差=9
pos3_平均スタートタイミング_レース内差=9
pos1_展示=8
pos2_当地2連率=8
pos2_当地3連率=8
pos2_3コース複勝率=8
pos2_3連率_レース内差=8
pos3_展示=8
pos3_展示_レース内順位=8
pos3_ボート勝率_レース内順位=8
pos1_6コース複勝率=7
pos1_平均スタートタイミング_レース内順位=7
pos2_4コース複勝率=7
pos3_3コース複勝率=7
pos3_当地勝率_レース内順位=7
日目=6
pos1_3連率=6
pos1_2コース複勝率=6
pos2_モーター勝率=6
pos2_2連率_レース内順位=6
pos3_当地勝率=6
pos3_1コース複勝率=6
pos3_2連率_レース内順位=6
pos1_勝率=5
pos1_ボート3連率=5
pos1_当地勝率_レース内順位=5
pos2_ボート勝率=5
pos2_1コース複勝率=5
pos2_体重=5
pos2_展示_レース内順位=5
風向=4
pos1_2連率=4
pos1_モーター勝率=4
pos1_モーター3連率=4
pos1_平均スタートタイミング=4
pos2_展示=4
pos2_モーター2連率=4
pos2_モーター3連率=4
pos2_ボート2連率=4
pos2_モーター勝率_レース内差=4
pos2_ボート勝率_レース内順位=4
pos2_ボート勝率_レース内差=4
pos3_2連率=4
pos3_当地2連率=4
pos3_モーター2連率=4
pos3_当地勝率_レース内差=4
pos1_ボート勝率=3
pos1_モーター勝率_レース内順位=3
pos2_ボート3連率=3
pos2_当地勝率_レース内順位=3
pos3_3連率=3
pos3_モーター3連率=3
pos3_平均スタートタイミング=3
pos3_4コース複勝率=3
pos3_3連率_レース内差=3
pos3_モーター勝率_レース内順位=3
pos3_平均スタートタイミング_レース内順位=3
pos1_展示_レース内順位=2
pos1_3連率_レース内順位=2
pos1_ボート勝率_レース内順位=2
pos2_級=2
pos2_モーター勝率_レース内順位=2
pos2_平均スタートタイミング_レース内順位=2
pos3_モーター勝率=2
pos1_級=1
pos1_モーター2連率=1
pos1_ボート2連率=1
pos1_勝率_レース内順位=1
pos2_6コース複勝率=1
pos2_勝率_レース内順位=1
pos2_3連率_レース内順位=1
pos3_級=1
pos3_当地3連率=1
pos3_ボート3連率=1
pos3_3連率_レース内順位=1
pos3_ボート勝率_レース内差=1

parameters:
[boosting: gbdt]
[objective: regression]
[metric: rmse]
[tree_learner: serial]
[device_type: cpu]
[data_sample_strategy: bagging]
[data: ]
[valid: ]
[num_iterations: 200]
[learning_rate: 0.05]
[num_leaves: 31]
[num_threads: 0]
[seed: 42]
[deterministic: 0]
[force_col_wise: 0]
[force_row_wise: 0]
[histogram_pool_size: -1]
[max_depth: 6]
[min_data_in_leaf: 15]
[min_sum_hessian_in_leaf: 0.001]
[bagging_fraction: 0.9]
[pos_bagging_fraction: 1]
[neg_bagging_fraction: 1]
[bagging_freq: 1]
[bagging_seed: 400]
[bagging_by_query: 0]
[feature_fraction: 0.9]
[feature_fraction_bynode: 1]
[feature_fraction_seed: 30056]
[extra_trees: 0]
[extra_seed: 12879]
[early_stopping_round: 0]
[early_stopping_min_delta: 0]
[first_metric_only: 0]
[max_delta_step: 0]
[lambda_l1: 0.1]
[lambda_l2: 0.1]
[linear_lambda: 0]
[min_gain_to_split: 0]
[drop_rate: 0.1]
[max_drop: 50]
[skip_drop: 0.5]
[xgboost_dart_mode: 0]
[uniform_drop: 0]
[drop_seed: 17869]
[top_rate: 0.2]
[other_rate: 0.1]
[min_data_per_group: 100]
[max_cat_threshold: 32]
[cat_l2: 10]
[cat_smooth: 10]
[max_cat_to_onehot: 4]
[top_k: 20]
[monotone_constraints: ]
[monotone_constraints_method: basic]
[monotone_penalty: 0]
[feature_contri: ]
[forcedsplits_filename: ]
[refit_decay_rate: 0.9]
[cegb_tradeoff: 1]
[cegb_penalty_split: 0]
[cegb_penalty_feature_lazy: ]
[cegb_penalty_feature_coupled: ]
[path_smooth: 0]
[interaction_constraints: ]
[verbosity: -1]
[saved_feature_importance_type: 0]
[use_quantized_grad: 0]
[num_grad_quant_bins: 4]
[quant_train_renew_leaf: 0]
[stochastic_rounding: 1]
[linear_tree: 0]
[max_bin: 255]
[max_bin_by_feature: ]
[min_data_in_bin: 3]
[bin_construct_sample_cnt: 200000]
[data_random_seed: 175]
[is_enable_sparse: 1]
[enable_bundle: 1]
[use_missing: 1]
[zero_as_missing: 0]
[feature_pre_filter: 0]
[pre_partition: 0]
[two_round: 0]
[header: 0]
[label_column: ]
[weight_column: ]
[group_column: ]
[ignore_column: ]
[categorical_feature: ]
[forcedbins_filename: ]
[precise_float_parser: 0]
[parser_config_file: ]
[objective_seed: 16083]
[num_class: 1]
[is_unbalance: 0]
[scale_pos_weight: 1]
[sigmoid: 1]
[boost_from_average: 1]
[reg_sqrt: 0]
[alpha: 0.9]
[fair_c: 1]
[poisson_max_delta_step: 0.7]
[tweedie_variance_power: 1.5]
[lambdarank_truncation_level: 30]
[lambdarank_norm: 1]
[label_gain: ]
[lambdarank_position_bias_regularization: 0]
[eval_at: ]
[multi_error_top_k: 1]
[auc_mu_weights: ]
[num_machines: 1]
[local_listen_port: 12400]
[time_out: 120]
[machine_list_filename: ]
[machines: ]
[gpu_platform_id: -1]
[gpu_device_id: -1]
[gpu_use_dp: 0]
[num_gpu: 1]

end of parameters

pandas_categorical:[]
