tree
version=v4
num_class=1
num_tree_per_iteration=1
label_index=0
max_feature_idx=123
objective=regression
feature_names=開催経過日 風速 波高 日目 レース 天気 風向 pos1_艇 pos1_級 pos1_展示 pos1_勝率 pos1_2連率 pos1_3連率 pos1_当地勝率 pos1_当地2連率 pos1_当地3連率 pos1_モーター勝率 pos1_モーター2連率 pos1_モーター3連率 pos1_ボート勝率 pos1_ボート2連率 pos1_ボート3連率 pos1_平均スタートタイミング pos1_1コース複勝率 pos1_2コース複勝率 pos1_3コース複勝率 pos1_4コース複勝率 pos1_5コース複勝率 pos1_6コース複勝率 pos1_体重 pos1_展示_レース内順位 pos1_展示_レース内差 pos1_勝率_レース内順位 pos1_勝率_レース内差 pos1_2連率_レース内順位 pos1_2連率_レース内差 pos1_3連率_レース内順位 pos1_3連率_レース内差 pos1_当地勝率_レース内順位 pos1_当地勝率_レース内差 pos1_モーター勝率_レース内順位 pos1_モーター勝率_レース内差 pos1_ボート勝率_レース内順位 pos1_ボート勝率_レース内差 pos1_平均スタートタイミング_レース内順位 pos1_平均スタートタイミング_レース内差 pos2_艇 pos2_級 pos2_展示 pos2_勝率 pos2_2連率 pos2_3連率 pos2_当地勝率 pos2_当地2連率 pos2_当地3連率 pos2_モーター勝率 pos2_モーター2連率 pos2_モーター3連率 pos2_ボート勝率 pos2_ボート2連率 pos2_ボート3連率 pos2_平均スタートタイミング pos2_1コース複勝率 pos2_2コース複勝率 pos2_3コース複勝率 pos2_4コース複勝率 pos2_5コース複勝率 pos2_6コース複勝率 pos2_体重 pos2_展示_レース内順位 pos2_展示_レース内差 pos2_勝率_レース内順位 pos2_勝率_レース内差 pos2_2連率_レース内順位 pos2_2連率_レース内差 pos2_3連率_レース内順位 pos2_3連率_レース内差 pos2_当地勝率_レース内順位 pos2_当地勝率_レース内差 pos2_モーター勝率_レース内順位 pos2_モーター勝率_レース内差 pos2_ボート勝率_レース内順位 pos2_ボート勝率_レース内差 pos2_平均スタートタイミング_レース内順位 pos2_平均スタートタイミング_レース内差 pos3_艇 pos3_級 pos3_展示 pos3_勝率 pos3_2連率 pos3_3連率 pos3_当地勝率 pos3_当地2連率 pos3_当地3連率 pos3_モーター勝率 pos3_モーター2連率 pos3_モーター3連率 pos3_ボート勝率 pos3_ボート2連率 pos3_ボート3連率 pos3_平均スタートタイミング pos3_1コース複勝率 pos3_2コース複勝率 pos3_3コース複勝率 pos3_4コース複勝率 pos3_5コース複勝率 pos3_6コース複勝率 pos3_体重 pos3_展示_レース内順位 pos3_展示_レース内差 pos3_勝率_レース内順位 pos3_勝率_レース内差 pos3_2連率_レース内順位 pos3_2連率_レース内差 pos3_3連率_レース内順位 pos3_3連率_レース内差 pos3_当地勝率_レース内順位 pos3_当地勝率_レース内差 pos3_モーター勝率_レース内順位 pos3_モーター勝率_レース内差 pos3_ボート勝率_レース内順位 pos3_ボート勝率_レース内差 pos3_平均スタートタイミング_レース内順位 pos3_平均スタートタイミング_レース内差
feature_infos=[17:4016] [1:10] [1:10] [1:7] [1:12] [0:3] [0:8] [3:3] [0:3] [6.5599999999999996:7.0099999999999998] [3.6899999999999999:7.8099999999999996] [12.699999999999999:69.200000000000003] [30.699999999999999:85.900000000000006] [0:9.2899999999999991] [0:88.900000000000006] [0:100] [0:8.1400000000000006] [0:85.700000000000003] [0:85.700000000000003] [0:7.9000000000000004] [0:71.400000000000006] [0:81] [0.12:0.23000000000000001] [28.5:96.700000000000003] [5:90.5] [11.1:75] [0:71.400000000000006] [0:61.100000000000001] [0:54.5] [44:61] [1:6] [-0.13999999999999968:0.11833333333333407] [1:6] [-1.415:2.3166666666666669] [1:6] [-18.399999999999995:27] [1:6] [-19.716666666666669:35.149999999999999] [1:6] [-4.71:3.8549999999999995] [1:6] [-2.7716666666666665:2.3133333333333335] [1:6] [-1.5483333333333338:2.0333333333333332] [1:6] [-0.048333333333333339:0.035000000000000003] [5:5] [0:3] [6.5300000000000002:7.0300000000000002] [2.77:7.3600000000000003] [6.7999999999999998:63.600000000000001] [18.199999999999999:80.200000000000003] [0:9.5700000000000003] [0:100] [0:100] [0:6.6399999999999997] [0:54.5] [0:75] [0:7.1699999999999999] [0:52] [0:81.200000000000003] [0.11:0.25] [0:100] [0:92.299999999999997] [0:75] [0:100] [0:100] [0:42.799999999999997] [45:64] [1:6] [-0.091666666666666785:0.11833333333333407] [1:6] [-1.9949999999999997:2.8666666666666663] [1:6] [-21.516666666666666:37.299999999999997] [1:6] [-26.416666666666675:40.249999999999993] [1:6] [-5.376666666666666:5.2066666666666661] [1:6] [-2.8866666666666667:2.1083333333333334] [1:6] [-1.5500000000000003:4.25] [1:6] [-0.058333333333333348:0.049999999999999989] [1:1] [0:2] [6.5300000000000002:7.0499999999999998] [3.3100000000000001:7.3300000000000001] [10.6:61] [20.5:83.099999999999994] [0:8.75] [0:75] [0:91.700000000000003] [0:7.4800000000000004] [0:66.700000000000003] [0:78.799999999999997] [0:7.5999999999999996] [0:57.100000000000001] [0:83.299999999999997] [0.11:0.26000000000000001] [10:92.099999999999994] [5.2999999999999998:82.400000000000006] [0:60] [0:63.100000000000001] [0:61.899999999999999] [0:60] [44:62] [1:6] [-0.12166666666666703:0.12833333333333385] [1:6] [-1.9499999999999997:1.916666666666667] [1:6] [-20.966666666666665:23.233333333333331] [1:6] [-29.099999999999998:25.13333333333334] [1:6] [-4.7149999999999999:3.7200000000000002] [1:6] [-3.4449999999999998:3.8483333333333336] [1:6] [-1.0966666666666667:3.0299999999999998] [1:6] [-0.043333333333333335:0.064999999999999974]
tree_sizes=542 667 565 553 683 552 660 707 568 662 579 568 555 669 678 657 664 685 673 708 667 660 555 582 648 682 788 641 586 571 650 686 796 664 684 661 660 678 628 650 803 677 573 667 662 684 566 678 668 696 591 680 669 566 680 701 589 806 668 663 590 697 668 649 681 567 680 683 665 668 686 579 577 577 686 655 667 703 590 563 570 566 671 574 561 571 685 700 813 692 668 698 667 686 666 682 787 684 570 663 665 572 635 684 682 574 674 703 575 670 670 667 687 558 811 652 824 573 480 576 667 824 668 654 700 690 592 685 715 668 717 707 701 702 681 683 687 684 691 682 806 685 703 685 686 690 666 677 656 651 685 656 653 673 558 699 689 571 687 687 800 672 674 675 702 672 815 558 674 694 819 673 687 668 707 561 707 685 795 592 713 657 670 672 668 644 800 577 668 575 671 593 674 675 675 574 707 671 821 655

Tree=0
num_leaves=5
num_cat=0
split_feature=33 62 4 37
split_gain=1.24708e+06 174916 51357.4 4601.93
threshold=-0.30333333333333273 60.850000000000009 7.5000000000000009 10.291666666666663
decision_type=2 2 2 2
left_child=-1 -2 3 -3
right_child=1 2 -4 -5
leaf_value=151.74360305496126 141.43219968003837 135.43833295053511 137.80973696731277 134.30977242230418
leaf_weight=17 17 20 21 25
leaf_count=17 17 20 21 25
internal_value=139.446 136.917 135.753 134.8
internal_weight=100 83 66 45
internal_count=100 83 66 45
is_linear=0
shrinkage=1


Tree=1
num_leaves=6
num_cat=0
split_feature=13 53 84 44 33
split_gain=1.00316e+06 242488 67071.5 27001.2 4838.71
threshold=4.495000000000001 19.500000000000004 0.0025000000000000027 3.5000000000000004 0.98750000000000038
decision_type=2 2 2 2 2
left_child=-1 -2 3 4 -3
right_child=1 2 -4 -5 -6
leaf_value=10.034696992712828 3.3034842485226465 -4.3492488287153286 -0.8615831215344173 -2.4372935907730202 -5.5110188307920343
leaf_weight=20 15.999999999999998 22 19 14.999999999999998 21
leaf_count=20 16 22 19 15 21
internal_value=-0.0953295 -2.28232 -3.44585 -4.2894 -4.92821
internal_weight=113 93 77 58 43
internal_count=113 93 77 58 43
is_linear=0
shrinkage=0.05


Tree=2
num_leaves=5
num_cat=0
split_feature=33 73 35 55
split_gain=909050 308123 41527.9 1531.47
threshold=-0.30333333333333273 2.5000000000000004 6.333333333333333 5.0950000000000006
decision_type=2 2 2 2
left_child=-1 -2 -3 -4
right_child=1 2 3 -5
leaf_value=9.4710967962654475 3.4900150282341138 -2.5020465988473797 -4.4571694391854804 -5.2493659973144533
leaf_weight=19 17 29 15.999999999999998 27
leaf_count=19 17 29 16 27
internal_value=-0.42785 -2.54942 -3.97833 -4.96574
internal_weight=108 89 72 43
internal_count=108 89 72 43
is_linear=0
shrinkage=0.05


Tree=3
num_leaves=5
num_cat=0
split_feature=73 37 45 33
split_gain=810740 165264 29748.8 4244.6
threshold=2.5000000000000004 1.0000000180025095e-35 -0.0033333333333333127 0.97249999999999981
decision_type=2 2 2 2
left_child=-1 -2 3 -3
right_child=1 2 -4 -5
leaf_value=7.3102780618350884 1.5395480055835364 -4.0371852655061256 -2.33039968816025 -5.144482101506485
leaf_weight=27 18 19 21 23
leaf_count=27 18 19 21 23
internal_value=-0.177103 -2.6789 -3.88477 -4.65446
internal_weight=108 81 63 42
internal_count=108 81 63 42
is_linear=0
shrinkage=0.05


Tree=4
num_leaves=6
num_cat=0
split_feature=39 53 100 33 62
split_gain=1.01333e+06 253297 32911.1 8441.53 10078.1
threshold=-0.58666666666666634 19.500000000000004 0.15500000000000003 0.98750000000000038 84.100000000000009
decision_type=2 2 2 2 2
left_child=-1 -2 -3 4 -4
right_child=1 2 3 -5 -6
leaf_value=9.4390739987005325 3.6809118864552079 -1.4699666200957682 -2.668309154287416 -4.8696531467528139 -4.4852840549898465
leaf_weight=24 14.999999999999998 15.999999999999998 17 21 14.999999999999998
leaf_count=24 15 16 17 21 15
internal_value=0.400337 -2.19025 -3.47015 -4.06997 -3.53149
internal_weight=108 84 69 53 32
internal_count=108 84 69 53 32
is_linear=0
shrinkage=0.05


Tree=5
num_leaves=5
num_cat=0
split_feature=39 53 76 56
split_gain=1.09351e+06 188338 47848.2 1882
threshold=-0.58666666666666634 19.500000000000004 5.7666666666666702 32.850000000000001
decision_type=2 2 2 2
left_child=-1 -2 -3 -4
right_child=1 2 3 -5
leaf_value=10.180598449707031 2.4979004843193184 -1.7020696896250986 -3.8424640410127697 -4.6322143364631412
leaf_weight=22 17 28 17 28
leaf_count=22 17 28 17 28
internal_value=0.214057 -2.23075 -3.33392 -4.34316
internal_weight=112 90 73 45
internal_count=112 90 73 45
is_linear=0
shrinkage=0.05


Tree=6
num_leaves=6
num_cat=0
split_feature=39 78 65 74 58
split_gain=758613 183045 32278.4 6135.94 1266.26
threshold=-0.58666666666666634 -0.64416666666666733 29.500000000000004 6.8833333333333302 5.1050000000000013
decision_type=2 2 2 2 2
left_child=-1 -2 -3 -4 -5
right_child=1 2 3 4 -6
leaf_value=8.0168183281308139 2.6437789146944599 -1.4228586924010218 -3.0218215370770567 -3.8387923948946057 -4.5749995824709462
leaf_weight=23 15.999999999999998 18 15.999999999999998 17 20
leaf_count=23 16 18 16 17 20
internal_value=-0.03867 -2.1751 -3.2633 -3.88441 -4.24814
internal_weight=110 87 71 53 37
internal_count=110 87 71 53 37
is_linear=0
shrinkage=0.05


Tree=7
num_leaves=6
num_cat=0
split_feature=33 84 45 84 31
split_gain=687796 263136 46034.7 5704.02 3239.41
threshold=-0.30333333333333273 0.0066666666666666688 0.0066666666666666688 -0.0075000000000000058 -0.014166666666666659
decision_type=2 2 2 2 2
left_child=-1 2 3 4 -2
right_child=1 -3 -4 -5 -6
leaf_value=8.3098956587302748 -4.8136680508252274 4.0545057063071148 -0.7353448501485863 -3.1335330647615653 -3.7709743138173177
leaf_weight=20 15.999999999999995 14.999999999999998 14.999999999999998 20 21.000000000000004
leaf_count=20 16 15 15 20 21
internal_value=-0.0271559 -1.95112 -3.20625 -3.85397 -4.23376
internal_weight=107 87 72 57 37
internal_count=107 87 72 57 37
is_linear=0
shrinkage=0.05


Tree=8
num_leaves=5
num_cat=0
split_feature=38 37 45 37
split_gain=425805 68419.6 15007 8139.98
threshold=2.5000000000000004 3.0416666666666718 -0.0033333333333333405 13.683333333333339
decision_type=2 2 2 2
left_child=-1 -2 3 -3
right_child=1 2 -4 -5
leaf_value=5.266562318231955 0.20198707761357745 -2.9874003715845419 -1.7708387158564385 -4.4499315040546232
leaf_weight=25 21 23 14.999999999999998 18
leaf_count=25 21 23 15 18
internal_value=-0.390203 -2.23133 -3.14264 -3.63887
internal_weight=102 77 56 41
internal_count=102 77 56 41
is_linear=0
shrinkage=0.05


Tree=9
num_leaves=6
num_cat=0
split_feature=39 53 122 112 17
split_gain=662832 142421 44076.2 4982.54 1025.08
threshold=-0.58666666666666634 19.500000000000004 1.5000000000000002 2.5000000000000004 32.95000000000001
decision_type=2 2 2 2 2
left_child=-1 -2 -3 -4 -5
right_child=1 2 3 4 -6
leaf_value=8.1261435648841314 2.3603450663605625 -0.31386383527162065 -2.7723172142392114 -3.4436147500138254 -4.1423760925697186
leaf_weight=21 17 14.999999999999998 23 18 14.999999999999998
leaf_count=21 17 15 23 18 15
internal_value=0.166355 -1.74015 -2.72397 -3.36773 -3.77294
internal_weight=109 88 71 56 33
internal_count=109 88 71 56 33
is_linear=0
shrinkage=0.05


Tree=10
num_leaves=5
num_cat=0
split_feature=39 53 76 9
split_gain=631695 149930 32267 3704.97
threshold=-0.58666666666666634 19.500000000000004 5.7666666666666702 6.8150000000000004
decision_type=2 2 2 2
left_child=-1 -2 -3 -4
right_child=1 2 3 -5
leaf_value=7.8024775422496724 3.0014494156995362 -1.0465588761278357 -3.6411073140671983 -2.6405567453514713
leaf_weight=23 14.999999999999998 25 29 15.999999999999998
leaf_count=23 15 25 29 16
internal_value=0.47004 -1.52081 -2.49284 -3.29211
internal_weight=108 85 70 45
internal_count=108 85 70 45
is_linear=0
shrinkage=0.05


Tree=11
num_leaves=5
num_cat=0
split_feature=33 105 36 17
split_gain=454186 176739 47158.5 6265.19
threshold=-0.30333333333333273 27.100000000000005 4.5000000000000009 37.350000000000009
decision_type=2 2 2 2
left_child=-1 2 -2 -4
right_child=1 -3 3 -5
leaf_value=7.4468531759161696 -0.9003228810555175 2.9497043947982529 -3.1349803498520474 -4.4420618044619529
leaf_weight=17 26 18 29 14.999999999999998
leaf_count=17 26 18 29 15
internal_value=-0.010187 -1.45763 -2.5936 -3.58975
internal_weight=105 88 70 44
internal_count=105 88 70 44
is_linear=0
shrinkage=0.05


Tree=12
num_leaves=5
num_cat=0
split_feature=39 78 76 31
split_gain=588720 103183 20374.5 3806.22
threshold=-0.58666666666666634 -0.64416666666666733 5.7666666666666702 -0.027500000000000299
decision_type=2 2 2 2
left_child=-1 -2 -3 -4
right_child=1 2 3 -5
leaf_value=7.2190318167467655 1.7111317272074738 -1.3642252169043769 -3.8107106709348564 -2.8369780412654286
leaf_weight=23 17 22 18 29
leaf_count=23 17 22 18 29
internal_value=0.131354 -1.77031 -2.62937 -3.2173
internal_weight=109 86 69 47
internal_count=109 86 69 47
is_linear=0
shrinkage=0.05


Tree=13
num_leaves=6
num_cat=0
split_feature=33 84 44 84 76
split_gain=576263 213324 30860.4 9050.17 3635.48
threshold=-0.30333333333333273 0.0083333333333333471 3.5000000000000004 -0.0058333333333333284 6.9333333333333309
decision_type=2 2 2 2 2
left_child=-1 2 3 4 -2
right_child=1 -3 -4 -5 -6
leaf_value=8.3844182093499118 -4.1707949303633338 4.0175874290284739 -0.69773577596601211 -2.1733194256328163 -3.0953729431014256
leaf_weight=18 14.999999999999998 14.999999999999998 18 19 22
leaf_count=18 15 15 18 19 22
internal_value=0.251003 -1.40147 -2.50393 -3.08212 -3.54156
internal_weight=107 89 74 56 37
internal_count=107 89 74 56 37
is_linear=0
shrinkage=0.05


Tree=14
num_leaves=6
num_cat=0
split_feature=104 45 96 78 101
split_gain=361316 127385 18677.2 18772.6 3723.96
threshold=40.300000000000004 0.0033333333333333275 56.20000000000001 0.25083333333333352 64.15000000000002
decision_type=2 2 2 2 2
left_child=1 2 3 -1 -5
right_child=-2 -3 -4 4 -6
leaf_value=-4.8637744457401029 5.7936749129707277 1.0192585100058558 -1.4891829945393746 -3.3300751073470964 -2.1736195435587145
leaf_weight=17 19 28 14.999999999999998 15.000000000000002 14.999999999999998
leaf_count=17 19 28 15 15 15
internal_value=-0.453416 -1.77727 -3.0399 -3.5305 -2.76116
internal_weight=109 90 62 47 30
internal_count=109 90 62 47 30
is_linear=0
shrinkage=0.05


Tree=15
num_leaves=6
num_cat=0
split_feature=39 35 76 38 25
split_gain=497746 113911 141997 5892.02 2084.77
threshold=-0.58666666666666634 6.333333333333333 6.241666666666668 4.5000000000000009 45.250000000000007
decision_type=2 2 2 2 2
left_child=-1 2 -2 -3 -5
right_child=1 3 -4 4 -6
leaf_value=7.1969838525914502 3.7113876037929781 -1.9010781476829228 -2.7058102418255334 -3.5364212415371727 -2.6960692735666729
leaf_weight=22 20 14.999999999999998 14.999999999999998 17 18
leaf_count=22 20 15 15 17 18
internal_value=0.511686 -1.22499 0.961144 -2.75425 -3.1133
internal_weight=107 85 35 50 35
internal_count=107 85 35 50 35
is_linear=0
shrinkage=0.05


Tree=16
num_leaves=6
num_cat=0
split_feature=84 74 61 39 39
split_gain=450821 135497 48912.5 10047 1102.56
threshold=0.0058333333333333301 -3.8833333333333324 0.16500000000000004 0.17000000000000084 1.1150000000000004
decision_type=2 2 2 2 2
left_child=1 -1 3 -3 -5
right_child=-2 2 -4 4 -6
leaf_value=2.5044103119108412 6.0341207112189226 -4.3748224245095102 -0.39493392806741134 -2.4464559693999637 -3.1138185378403693
leaf_weight=17 26 15.999999999999998 20 14.999999999999998 17
leaf_count=17 26 16 20 15 17
internal_value=0.285692 -1.47762 -2.47541 -3.33955 -2.80974
internal_weight=111 85 68 48 32
internal_count=111 85 68 48 32
is_linear=0
shrinkage=0.05


Tree=17
num_leaves=6
num_cat=0
split_feature=39 36 77 45 117
split_gain=455856 51003.3 50054.5 8998.4 2337.33
threshold=-0.58666666666666634 4.5000000000000009 4.5000000000000009 -0.0041666666666666788 0.71916666666666684
decision_type=2 2 2 2 2
left_child=-1 2 -2 4 -3
right_child=1 3 -4 -5 -6
leaf_value=6.4191372969571283 2.0292617351803552 -2.665665455678063 -1.9781782490866524 -1.6269795599039534 -3.5443668693896164
leaf_weight=22 15.000000000000002 21 15.999999999999998 17 14.999999999999998
leaf_count=22 15 21 16 17 15
internal_value=0.0287869 -1.65046 -0.0386437 -2.59128 -3.04073
internal_weight=106 84 31 53 36
internal_count=106 84 31 53 36
is_linear=0
shrinkage=0.05


Tree=18
num_leaves=6
num_cat=0
split_feature=35 84 44 32 9
split_gain=416339 437435 352312 13133.4 3447.98
threshold=6.333333333333333 -0.0091666666666666684 2.5000000000000004 5.5000000000000009 6.7950000000000008
decision_type=2 2 2 2 2
left_child=1 -1 -3 4 -2
right_child=3 2 -4 -5 -6
leaf_value=-2.0769682327546684 -2.7034330001729998 1.978650869402969 12.313728539543863 -3.7872138139888714 -1.6051381239038429
leaf_weight=22 15.000000000000002 17 15.999999999999998 22 14.999999999999998
leaf_count=22 15 17 16 22 15
internal_value=0.349329 3.37904 7.01181 -2.85541 -2.16161
internal_weight=107 55 33 52 30
internal_count=107 55 33 52 30
is_linear=0
shrinkage=0.05


Tree=19
num_leaves=6
num_cat=0
split_feature=84 88 23 38 31
split_gain=356775 139748 218531 12295.8 6967.06
threshold=0.014166666666666662 5.3850000000000007 70.850000000000009 3.5000000000000004 -0.024166666666666444
decision_type=2 2 2 2 2
left_child=1 3 -3 -1 -5
right_child=-2 2 -4 4 -6
leaf_value=-4.0293420186895412 7.0299184038031912 5.9069841331204049 -1.5517843446697628 -3.1179105569195285 -1.674342061883181
leaf_weight=14.999999999999998 15.999999999999998 14.999999999999998 28 14.999999999999995 20.000000000000004
leaf_count=15 16 15 28 15 20
internal_value=0.157463 -1.03112 1.05766 -2.8261 -2.30028
internal_weight=109 93 43 50 35
internal_count=109 93 43 50 35
is_linear=0
shrinkage=0.05


Tree=20
num_leaves=6
num_cat=0
split_feature=104 64 76 39 80
split_gain=311789 113131 27530.6 17352.5 4102.5
threshold=40.300000000000004 18.900000000000002 1.0000000180025095e-35 0.36833333333333323 0.13333333333333333
decision_type=2 2 2 2 2
left_child=1 -1 -3 -4 -5
right_child=-2 2 3 4 -6
leaf_value=2.4879286254478608 5.3239217559308241 -0.79422347556411943 -4.2215041954614962 -1.6094520199377804 -2.7537227714917933
leaf_weight=14.999999999999998 21 22 17 14.999999999999998 18
leaf_count=15 21 22 17 15 18
internal_value=-0.129396 -1.45037 -2.27323 -2.92101 -2.24018
internal_weight=108 87 72 50 33
internal_count=108 87 72 50 33
is_linear=0
shrinkage=0.05


Tree=21
num_leaves=6
num_cat=0
split_feature=104 74 86 54 62
split_gain=342274 115288 51132.6 21199.2 9047.79
threshold=40.300000000000004 -7.5500000000000016 1.5000000000000002 50.45000000000001 86.000000000000014
decision_type=2 2 2 2 2
left_child=1 -1 3 -3 -5
right_child=-2 2 -4 4 -6
leaf_value=2.8050611297536339 6.3140734412907307 -4.0588554165516681 0.47294528813651909 -1.3769810983504371 -2.9282160638973416
leaf_weight=15.999999999999998 19 17 18 26 14.999999999999998
leaf_count=16 19 17 18 26 15
internal_value=0.222807 -1.04061 -1.85291 -2.57438 -1.95037
internal_weight=111 92 76 58 41
internal_count=111 92 76 58 41
is_linear=0
shrinkage=0.05


Tree=22
num_leaves=5
num_cat=0
split_feature=13 45 69 33
split_gain=345030 78340.4 30228.2 19623.1
threshold=4.495000000000001 0.0033333333333333275 2.5000000000000004 0.87249999999999994
decision_type=2 2 2 2
left_child=-1 2 -2 -4
right_child=1 -3 3 -5
leaf_value=6.0109611966716709 -3.4190618532610118 1.1962755951149333 -0.14712912383957288 -2.4204829434663551
leaf_weight=20 27 24 20 18
leaf_count=20 27 24 20 18
internal_value=0.0936384 -1.24129 -2.14185 -1.22764
internal_weight=109 89 65 38
internal_count=109 89 65 38
is_linear=0
shrinkage=0.05


Tree=23
num_leaves=5
num_cat=0
split_feature=35 83 50 9
split_gain=264716 359794 148061 11603.1
threshold=6.333333333333333 4.5000000000000009 37.100000000000001 6.7950000000000008
decision_type=2 2 2 2
left_child=1 2 -1 -2
right_child=3 -3 -4 -5
leaf_value=3.7897351488563586 -3.2191704522293456 8.9634406437147529 -2.2641648303098783 -1.7352358445228333
leaf_weight=15.999999999999998 29 14.999999999999998 27 25
leaf_count=16 29 15 27 25
internal_value=-0.0198792 2.32365 -0.00786847 -2.53673
internal_weight=112 58 43 54
internal_count=112 58 43 54
is_linear=0
shrinkage=0.05


Tree=24
num_leaves=6
num_cat=0
split_feature=84 74 52 78 99
split_gain=272333 102752 27116.7 24840.4 5559.94
threshold=0.014166666666666662 -2.5999999999999974 5.2500000000000009 0.84333333333333382 47.300000000000004
decision_type=2 2 2 2 2
left_child=1 -1 -3 -4 -5
right_child=-2 2 3 4 -6
leaf_value=1.6475282353002905 6.1611529672382694 -3.6892807415177153 0.13656276785142238 -2.8367866504959194 -1.6026046499821811
leaf_weight=26 14.999999999999998 18 17 17 21
leaf_count=26 15 18 17 17 21
internal_value=-0.0940041 -1.04707 -2.00779 -1.4517 -2.16087
internal_weight=114 99 73 55 38
internal_count=114 99 73 55 38
is_linear=0
shrinkage=0.05


Tree=25
num_leaves=6
num_cat=0
split_feature=13 45 69 35 41
split_gain=321214 56000.3 29093.9 25284.9 14670.1
threshold=4.495000000000001 0.0066666666666666688 2.5000000000000004 5.7666666666666631 1.0000000180025095e-35
decision_type=2 2 2 2 2
left_child=-1 2 4 -4 -2
right_child=1 -3 3 -5 -6
leaf_value=5.8325625946272668 -1.730326227478634 1.4964001501569095 0.67301574745533621 -1.8874467469597258 -3.8938595604478268
leaf_weight=20 14.999999999999998 15.999999999999998 15.999999999999998 24 17
leaf_count=20 15 16 16 24 17
internal_value=0.129109 -1.17222 -1.76657 -0.864013 -2.88841
internal_weight=108 88 72 40 32
internal_count=108 88 72 40 32
is_linear=0
shrinkage=0.05


Tree=26
num_leaves=7
num_cat=0
split_feature=23 105 9 14 101 31
split_gain=215254 115727 52485.5 40753.2 37331.8 2697.94
threshold=58.550000000000004 29.700000000000006 6.8050000000000006 31.050000000000004 73.40000000000002 -0.024166666666666444
decision_type=2 2 2 2 2 2
left_child=-1 2 3 -2 -4 -5
right_child=1 -3 4 5 -6 -7
leaf_value=4.6768388870498896 -5.178210933950564 2.5685624641284606 -2.1122427788791271 -2.4856456459752767 1.4038225503946773 -1.5268909985604493
leaf_weight=19 14.999999999999998 17 15.000000000000002 15.000000000000002 14.999999999999998 15.999999999999998
leaf_count=19 15 17 15 15 15 16
internal_value=-0.158379 -1.15024 -1.98442 -3.04376 -0.355221 -1.99747
internal_weight=112 93 76 46 30 31
internal_count=112 93 76 46 30 31
is_linear=0
shrinkage=0.05


Tree=27
num_leaves=6
num_cat=0
split_feature=35 61 1 62 41
split_gain=264904 268371 212070 12255.1 2227.54
threshold=6.333333333333333 0.15500000000000003 2.5000000000000004 72.950000000000017 -0.20833333333333301
decision_type=2 2 2 2 2
left_child=1 -1 -3 -2 -5
right_child=3 2 -4 4 -6
leaf_value=-2.1604852286932981 -3.2123551174362692 8.7654917761917499 0.95501787884635192 -2.1162209159449525 -1.319113224359294
leaf_weight=19 21 19 15.999999999999998 17 20
leaf_count=19 21 19 16 17 20
internal_value=0.0984315 2.61611 5.20803 -2.24599 -1.6902
internal_weight=112 54 35 58 37
internal_count=112 54 35 58 37
is_linear=0
shrinkage=0.05


Tree=28
num_leaves=5
num_cat=0
split_feature=73 9 14 123
split_gain=208295 28074.1 24837.5 12339.8
threshold=2.5000000000000004 6.8150000000000004 34.150000000000006 0.0050000000000000192
decision_type=2 2 2 2
left_child=-1 2 -2 -4
right_child=1 -3 3 -5
leaf_value=3.45694972976671 -3.557892226268895 -0.26824262880345684 -2.2876501968928742 -0.29182068843715242
leaf_weight=28 21 28 16.000000000000004 14.999999999999998
leaf_count=28 21 28 16 15
internal_value=-0.247146 -1.54634 -2.23261 -1.32613
internal_weight=108 80 52 31
internal_count=108 80 52 31
is_linear=0
shrinkage=0.05


Tree=29
num_leaves=5
num_cat=0
split_feature=13 45 69 35
split_gain=197068 78088.1 22661.3 18112.5
threshold=4.3800000000000008 0.0033333333333333275 2.5000000000000004 5.7666666666666631
decision_type=2 2 2 2
left_child=-1 2 -2 -4
right_child=1 -3 3 -5
leaf_value=4.7445064780599786 -2.7901906471235476 1.6111370298377705 0.43825123067328475 -1.7551562292642329
leaf_weight=19 28 24 14.999999999999998 25
leaf_count=19 28 24 15 25
internal_value=0.122478 -0.836132 -1.70105 -0.933462
internal_weight=111 92 68 40
internal_count=111 92 68 40
is_linear=0
shrinkage=0.05


Tree=30
num_leaves=6
num_cat=0
split_feature=33 105 38 45 96
split_gain=218738 130013 12114.7 11266.8 3322.56
threshold=-0.30333333333333273 27.100000000000005 3.5000000000000004 1.0000000180025095e-35 51.850000000000009
decision_type=2 2 2 2 2
left_child=-1 2 -2 4 -4
right_child=1 -3 3 -5 -6
leaf_value=5.1603013358815177 -2.7636551430088065 3.0593027183364114 -1.3125582836533045 -0.12608428159296908 -2.2682897107642992
leaf_weight=19 19 18 21 14.999999999999998 17
leaf_count=19 19 18 21 15 17
internal_value=0.300162 -0.7304 -1.68082 -1.28807 -1.74508
internal_weight=109 90 72 53 38
internal_count=109 90 72 53 38
is_linear=0
shrinkage=0.05


Tree=31
num_leaves=6
num_cat=0
split_feature=39 53 115 80 79
split_gain=239850 43050.6 10319.1 13156.3 3488.6
threshold=-0.58666666666666634 14.750000000000002 4.0416666666666652 -1.0000000180025095e-35 4.5000000000000009
decision_type=2 2 2 2 2
left_child=-1 -2 3 -3 -5
right_child=1 2 -4 4 -6
leaf_value=5.2176051173044087 1.6147111216917733 0.29366552624273007 -2.1163725275646228 -0.91124527321098747 -1.9498915613743293
leaf_weight=20 14.999999999999998 15.999999999999998 26 15.999999999999998 17
leaf_count=20 15 16 26 16 17
internal_value=0.279087 -0.822879 -1.31196 -0.881592 -1.45073
internal_weight=110 90 75 49 33
internal_count=110 90 75 49 33
is_linear=0
shrinkage=0.05


Tree=32
num_leaves=7
num_cat=0
split_feature=84 26 108 39 77 31
split_gain=232380 67589.1 26676.6 23668.1 15759.5 5059.95
threshold=0.014166666666666662 17.000000000000004 2.5000000000000004 0.30666666666666625 3.5000000000000004 -0.033333333333332764
decision_type=2 2 2 2 2 2
left_child=1 -1 4 -4 -3 -5
right_child=-2 2 3 5 -6 -7
leaf_value=1.8289826913575853 5.8212126371876298 0.80804346539326866 -3.8774587820697306 -2.1347577758182759 -1.4088143114458049 -0.86745537484598412
leaf_weight=19 14.999999999999998 14.999999999999998 14.999999999999998 14.999999999999995 17 17.000000000000004
leaf_count=19 15 15 15 15 17 17
internal_value=0.0470084 -0.84178 -1.48568 -2.24263 -0.370226 -1.46646
internal_weight=113 98 79 47 32 32
internal_count=113 98 79 47 32 32
is_linear=0
shrinkage=0.05


Tree=33
num_leaves=6
num_cat=0
split_feature=104 72 86 15 26
split_gain=178347 64616.6 40666.3 47741.2 6031.58
threshold=40.300000000000004 -0.4291666666666662 1.5000000000000002 45.95000000000001 33.850000000000001
decision_type=2 2 2 2 2
left_child=1 -1 3 -3 -5
right_child=-2 2 -4 4 -6
leaf_value=2.1111712089437522 4.1287751616395978 -4.5656539261735833 0.46327875004478947 -1.9555403314242703 -0.72957195533818497
leaf_weight=14.999999999999998 22 14.999999999999998 20 18 23
leaf_count=15 22 15 20 18 23
internal_value=0.0993966 -0.878147 -1.47021 -2.16042 -1.27137
internal_weight=113 91 76 56 41
internal_count=113 91 76 56 41
is_linear=0
shrinkage=0.05


Tree=34
num_leaves=6
num_cat=0
split_feature=84 45 117 78 35
split_gain=193606 94626.6 19557.1 15305.2 6425.24
threshold=0.014166666666666662 0.0066666666666666688 0.97583333333333366 0.25083333333333352 8.8083333333333336
decision_type=2 2 2 2 2
left_child=1 2 3 -1 -5
right_child=-2 -3 -4 4 -6
leaf_value=0.26047718098621497 5.4052562047314181 1.9552259585771901 -2.8942788695837085 -2.3833191665803422 -1.0152895061133418
leaf_weight=14.999999999999998 14.999999999999998 25 21 15.999999999999998 19
leaf_count=15 15 25 21 16 19
internal_value=0.142133 -0.684947 -1.6161 -1.07446 -1.64583
internal_weight=111 96 71 50 35
internal_count=111 96 71 50 35
is_linear=0
shrinkage=0.05


Tree=35
num_leaves=6
num_cat=0
split_feature=35 84 75 62 104
split_gain=190930 208059 92188.5 18765.6 2816.66
threshold=6.333333333333333 0.0058333333333333301 4.5000000000000009 72.950000000000017 27.900000000000002
decision_type=2 2 2 2 2
left_child=1 2 -1 -2 -5
right_child=3 -3 -4 4 -6
leaf_value=2.91129160045837 -3.0465426739524393 6.4306258790780113 -2.0629935014301832 -0.80857472148551757 -1.7126942988263061
leaf_weight=15.999999999999998 22 19 22 21 14.999999999999998
leaf_count=16 22 19 22 21 15
internal_value=0.120229 2.17346 0.0334551 -1.89778 -1.18913
internal_weight=115 57 38 58 36
internal_count=115 57 38 58 36
is_linear=0
shrinkage=0.05


Tree=36
num_leaves=6
num_cat=0
split_feature=35 84 73 15 56
split_gain=187862 303293 93766.4 11297.4 3314.16
threshold=6.333333333333333 0.0058333333333333301 4.5000000000000009 58.100000000000001 36.050000000000004
decision_type=2 2 2 2 2
left_child=1 2 -1 -2 -5
right_child=3 -3 -4 4 -6
leaf_value=2.5009524952550848 -3.0119510775027063 7.7429871849149299 -2.6199289124996508 -0.94645883687503662 -1.8675114857642006
leaf_weight=15.999999999999998 15.999999999999998 17 20 19 21
leaf_count=16 16 17 20 19 21
internal_value=0.128511 2.26007 -0.34322 -1.8892 -1.43359
internal_weight=109 53 36 56 40
internal_count=109 53 36 56 40
is_linear=0
shrinkage=0.05


Tree=37
num_leaves=6
num_cat=0
split_feature=104 64 14 4 24
split_gain=169972 60973.4 25345.6 9079.67 7209.96
threshold=40.300000000000004 18.900000000000002 21.800000000000001 5.5000000000000009 44.70000000000001
decision_type=2 2 2 2 2
left_child=1 -1 -3 -4 -5
right_child=-2 2 3 4 -6
leaf_value=1.9614192496861844 4.0460373127064999 -3.3543045833410812 -1.7846947569296177 0.29159347000501018 -1.1551835309213665
leaf_weight=14.999999999999998 21 14.999999999999998 25 14.999999999999998 20
leaf_count=15 21 15 25 15 20
internal_value=0.00649732 -0.939451 -1.52153 -1.05844 -0.53593
internal_weight=111 90 75 60 35
internal_count=111 90 75 60 35
is_linear=0
shrinkage=0.05


Tree=38
num_leaves=6
num_cat=0
split_feature=13 69 3 122 113
split_gain=147128 49869.5 51156.2 18335.1 6017.76
threshold=4.495000000000001 3.5000000000000004 3.5000000000000004 2.5000000000000004 -3.2583333333333306
decision_type=2 2 2 2 2
left_child=-1 3 -3 -2 -5
right_child=1 2 -4 4 -6
leaf_value=3.8796861514096008 -2.9820329516345918 -1.1579389981574413 2.552240543339134 -0.37129021081310964 -1.70298567822105
leaf_weight=21 19 19 18 17 17
leaf_count=21 19 19 18 17 17
internal_value=0.121497 -0.758691 0.648893 -1.74081 -1.04033
internal_weight=111 90 37 53 34
internal_count=111 90 37 53 34
is_linear=0
shrinkage=0.05


Tree=39
num_leaves=6
num_cat=0
split_feature=23 83 31 74 22
split_gain=143370 220726 47438.9 51310.7 17669.5
threshold=67.550000000000026 1.5000000000000002 -0.050833333333332391 -3.2499999999999978 0.15500000000000003
decision_type=2 2 2 2 2
left_child=1 -1 -2 -4 -5
right_child=2 -3 3 4 -6
leaf_value=-1.326941705830613 -3.5203899567587338 6.7118142945027488 1.8814098920881375 -0.43310235398926888 -2.4610323191819035
leaf_weight=17 17 17 15.999999999999998 22 21
leaf_count=17 17 17 16 22 21
internal_value=0.00598554 2.70019 -1.20121 -0.528065 -1.42701
internal_weight=110 34 76 59 43
internal_count=110 34 76 59 43
is_linear=0
shrinkage=0.05


Tree=40
num_leaves=7
num_cat=0
split_feature=23 20 31 37 15 63
split_gain=174088 87716.2 40475.7 31696.8 9892.89 1192.63
threshold=58.550000000000004 25.850000000000005 -0.050833333333332391 4.2166666666666694 50.45000000000001 47.95000000000001
decision_type=2 2 2 2 2 2
left_child=-1 -2 -3 -4 -5 -6
right_child=1 2 3 4 5 -7
leaf_value=4.9212600174897947 2.7878849870321769 -3.7006217703914022 0.9546330453282561 -2.5174381581892877 -0.65129777422014445 -1.2906181619656796
leaf_weight=15.999999999999998 14.999999999999998 14.999999999999998 18 15.999999999999998 15.000000000000002 14.999999999999998
leaf_count=16 15 15 18 16 15 15
internal_value=0.11685 -0.70523 -1.37123 -0.820278 -1.51548 -0.97435
internal_weight=110 94 79 64 46 30
internal_count=110 94 79 64 46 30
is_linear=0
shrinkage=0.05


Tree=41
num_leaves=6
num_cat=0
split_feature=9 74 29 73 21
split_gain=127897 88811.4 23997.5 18899.4 5465.11
threshold=6.8750000000000009 -5.908333333333327 51.500000000000007 4.5000000000000009 48.850000000000001
decision_type=2 2 2 2 2
left_child=1 -1 -3 -4 -5
right_child=-2 2 3 4 -6
leaf_value=2.1118602552632399 4.3117601899911246 -2.9343873164100107 0.561550624352812 -2.2777499502068324 -0.99285611095228732
leaf_weight=22 14.999999999999998 21 14.999999999999998 14.999999999999998 19
leaf_count=22 15 21 15 15 19
internal_value=0.0465075 -0.652786 -1.52352 -0.914016 -1.56488
internal_weight=107 92 70 49 34
internal_count=107 92 70 49 34
is_linear=0
shrinkage=0.05


Tree=42
num_leaves=5
num_cat=0
split_feature=104 45 13 94
split_gain=135946 40954 30695.5 4873.88
threshold=40.300000000000004 0.0033333333333333275 4.9750000000000005 5.5750000000000011
decision_type=2 2 2 2
left_child=1 2 -1 -4
right_child=-2 -3 3 -5
leaf_value=-3.6229070429770367 3.4414042685366328 0.64183465955096208 -1.4322888297966792 -0.37532496689432893
leaf_weight=14.999999999999998 22 28 28 18
leaf_count=15 22 28 28 18
internal_value=-0.0689109 -0.939574 -1.66541 -1.02051
internal_weight=111 89 61 46
internal_count=111 89 61 46
is_linear=0
shrinkage=0.05


Tree=43
num_leaves=6
num_cat=0
split_feature=23 105 13 19 43
split_gain=151356 58733.7 36549.3 6792.47 6632.98
threshold=64.950000000000017 29.700000000000006 5.0500000000000007 4.8750000000000009 0.27499999999999997
decision_type=2 2 2 2 2
left_child=-1 2 -2 -4 -5
right_child=1 -3 3 4 -6
leaf_value=3.4018615523517362 -3.7400930998341142 1.7085593217994732 -1.8808701879930814 -0.068551701694339898 -1.329732848774076
leaf_weight=26 14.999999999999998 17 14.999999999999998 23 19
leaf_count=26 15 17 15 23 19
internal_value=0.0532751 -0.927628 -1.55164 -0.970098 -0.641008
internal_weight=115 89 72 57 42
internal_count=115 89 72 57 42
is_linear=0
shrinkage=0.05


Tree=44
num_leaves=6
num_cat=0
split_feature=104 64 9 15 64
split_gain=146378 58152.8 25722.5 40274.7 6313.77
threshold=40.300000000000004 18.900000000000002 6.8150000000000004 45.95000000000001 47.70000000000001
decision_type=2 2 2 2 2
left_child=1 -1 3 -3 -5
right_child=-2 2 -4 4 -6
leaf_value=2.1400372185454462 4.0823747422682679 -3.9566201583198879 0.055998975563780098 -1.5373617128009709 -0.25352287996582124
leaf_weight=14.999999999999998 19 15.999999999999998 26 22 17
leaf_count=15 19 16 26 22 17
internal_value=0.0845523 -0.710056 -1.2399 -1.85159 -0.979947
internal_weight=115 96 81 55 39
internal_count=115 96 81 55 39
is_linear=0
shrinkage=0.05


Tree=45
num_leaves=6
num_cat=0
split_feature=13 61 65 45 62
split_gain=125920 25770.8 21398.2 27708.5 6942.78
threshold=4.495000000000001 0.17500000000000002 35.850000000000009 -0.0041666666666666788 84.850000000000009
decision_type=2 2 2 2 2
left_child=-1 2 3 -2 -4
right_child=1 -3 4 -5 -6
leaf_value=3.3466706985545951 -1.0606489123098106 -2.8369859588067268 -0.64307036591932099 1.9687308989613261 -1.9323281541819821
leaf_weight=21 15.000000000000002 14.999999999999998 21 14.999999999999998 21
leaf_count=21 15 15 21 15 21
internal_value=-0.118942 -0.958408 -0.563577 0.455383 -1.29088
internal_weight=108 87 72 30 42
internal_count=108 87 72 30 42
is_linear=0
shrinkage=0.05


Tree=46
num_leaves=5
num_cat=0
split_feature=13 31 35 0
split_gain=146778 9859.7 13259.8 6309.6
threshold=4.7000000000000011 -0.047500000000000757 6.333333333333333 1748.0000000000002
decision_type=2 2 2 2
left_child=-1 -2 -3 -4
right_child=1 2 3 -5
leaf_value=3.5158251128045688 -2.0036811340476666 0.23575570550978997 -2.0995491179409407 -0.79875236041992304
leaf_weight=22 21 22 14.999999999999998 25
leaf_count=22 21 22 15 25
internal_value=-0.1058 -1.06889 -0.749463 -1.2907
internal_weight=105 83 62 40
internal_count=105 83 62 40
is_linear=0
shrinkage=0.05


Tree=47
num_leaves=6
num_cat=0
split_feature=104 94 52 54 119
split_gain=137983 55037 46033.6 13069.8 5182.18
threshold=40.300000000000004 5.785000000000001 5.1300000000000017 61.300000000000004 -0.101666666666667
decision_type=2 2 2 2 2
left_child=1 2 -1 -4 -5
right_child=-2 -3 3 4 -6
leaf_value=-3.2285506600383465 3.681587275160545 1.5584835888349522 0.57999901984701097 -1.8792172722469098 -0.58188773985975273
leaf_weight=27 19 17 14.999999999999998 15.000000000000002 15.999999999999998
leaf_count=27 19 17 15 15 16
internal_value=-0.178799 -0.997006 -1.59351 -0.628776 -1.21381
internal_weight=109 90 73 46 31
internal_count=109 90 73 46 31
is_linear=0
shrinkage=0.05


Tree=48
num_leaves=6
num_cat=0
split_feature=13 69 84 31 11
split_gain=101264 39676.9 38572.8 18707.5 9552.47
threshold=4.495000000000001 3.5000000000000004 -0.0025000000000000157 -0.014166666666666659 43.20000000000001
decision_type=2 2 2 2 2
left_child=-1 3 -3 -2 -5
right_child=1 2 -4 4 -6
leaf_value=3.2867038176427439 -2.8535375500252234 -0.74269100959956369 2.53646874712003 0.082337170326157116 -1.6456031026198847
leaf_weight=20 18 22 14.999999999999998 14.999999999999998 17
leaf_count=20 18 22 15 15 17
internal_value=0.0877629 -0.650498 0.589817 -1.56778 -0.837742
internal_weight=107 87 37 50 32
internal_count=107 87 37 50 32
is_linear=0
shrinkage=0.05


Tree=49
num_leaves=6
num_cat=0
split_feature=23 9 33 15 96
split_gain=110119 58617.4 90621.5 55879.4 7595.09
threshold=57.400000000000013 6.8050000000000006 0.48749999999999988 45.95000000000001 47.300000000000004
decision_type=2 2 2 2 2
left_child=-1 3 -3 -2 -5
right_child=1 2 -4 4 -6
leaf_value=3.7817410456423732 -4.4503002463587071 3.7177173772395058 -1.1492457433678636 0.0019515686477256931 -1.4000231190113783
leaf_weight=14.999999999999998 14.999999999999998 14.999999999999998 26 14.999999999999998 27
leaf_count=15 15 15 26 15 27
internal_value=-0.193273 -0.804979 0.635942 -1.84082 -0.900384
internal_weight=113 98 41 57 42
internal_count=113 98 41 57 42
is_linear=0
shrinkage=0.05


Tree=50
num_leaves=5
num_cat=0
split_feature=44 84 10 109
split_gain=100047 163109 24910.1 8319.29
threshold=2.5000000000000004 -0.0091666666666666684 5.495000000000001 -0.029166666666668114
decision_type=2 2 2 2
left_child=2 -2 -1 -4
right_child=1 -3 3 -5
leaf_value=-3.1001888518007643 -1.3639805225765003 4.6466850035118332 0.15969242489101082 -1.3067120114485715
leaf_weight=15.999999999999998 22 23 14.999999999999998 27
leaf_count=16 22 23 15 27
internal_value=-0.0554716 1.71152 -1.42708 -0.783742
internal_weight=103 45 58 42
internal_count=103 45 58 42
is_linear=0
shrinkage=0.05


Tree=51
num_leaves=6
num_cat=0
split_feature=30 15 15 50 44
split_gain=98931 205253 19416.4 9241.27 7136.28
threshold=1.5000000000000002 39.100000000000001 58.100000000000001 47.100000000000001 2.5000000000000004
decision_type=2 2 2 2 2
left_child=2 -2 -1 4 -3
right_child=1 3 -4 -5 -6
leaf_value=-3.5467770682440865 5.3931950277115552 -0.65986567958037257 -1.1128064983379766 -1.6368512662041266 0.67983318547539373
leaf_weight=17 19 29 15.999999999999998 14.999999999999998 14.999999999999998
leaf_count=17 19 29 16 15 15
internal_value=-0.0829353 0.887989 -2.37375 -0.569426 -0.202531
internal_weight=111 78 33 59 44
internal_count=111 78 33 59 44
is_linear=0
shrinkage=0.05


Tree=52
num_leaves=6
num_cat=0
split_feature=84 55 39 14 0
split_gain=71234.1 25285.5 46430.8 31402.9 3834.92
threshold=0.0058333333333333301 5.6250000000000009 0.17000000000000084 37.750000000000007 2219.5000000000005
decision_type=2 2 2 2 2
left_child=1 2 -1 -3 -4
right_child=-2 3 4 -5 -6
leaf_value=-3.7613335189440402 2.2395102339343551 2.0234282769509497 -0.98238065891865023 -1.1056951800982155 0.020529196079800891
leaf_weight=14.999999999999998 26 14.999999999999998 19 17 19
leaf_count=15 26 15 19 17 19
internal_value=-0.0455887 -0.746429 -1.41558 0.36266 -0.482057
internal_weight=111 85 53 32 38
internal_count=111 85 53 32 38
is_linear=0
shrinkage=0.05


Tree=53
num_leaves=5
num_cat=0
split_feature=104 101 13 91
split_gain=111146 66696.1 41029 5127.2
threshold=40.300000000000004 47.150000000000013 4.9750000000000005 5.705000000000001
decision_type=2 2 2 2
left_child=1 -1 -3 -4
right_child=-2 2 3 -5
leaf_value=2.0248412889306961 3.2951208000752468 -3.6738098041355962 -1.2732650737041036 -0.23076646685317792
leaf_weight=15.999999999999998 20 17 27 21
leaf_count=16 20 17 27 21
internal_value=-0.0332832 -0.858223 -1.57 -0.818704
internal_weight=101 81 65 48
internal_count=101 81 65 48
is_linear=0
shrinkage=0.05


Tree=54
num_leaves=6
num_cat=0
split_feature=60 20 15 12 87
split_gain=67296.4 41909.7 29799.4 6453.85 3237.35
threshold=58.650000000000013 28.400000000000002 39.100000000000001 65.450000000000003 6.8050000000000006
decision_type=2 2 2 2 2
left_child=1 -1 -3 4 -4
right_child=-2 2 3 -5 -6
leaf_value=1.558058834668272 2.530419801604685 -3.1603910868212299 0.02505993683745851 -1.5193561155022235 -0.91690139924453584
leaf_weight=15.999999999999998 19 15.999999999999998 23 17 14.999999999999998
leaf_count=16 19 16 23 17 15
internal_value=-0.157482 -0.746784 -1.26772 -0.712292 -0.348066
internal_weight=106 87 71 55 38
internal_count=106 87 71 55 38
is_linear=0
shrinkage=0.05


Tree=55
num_leaves=6
num_cat=0
split_feature=33 105 15 56 56
split_gain=82281.9 23116.9 18437.4 4700.01 4161.03
threshold=-0.30333333333333273 27.100000000000005 44.800000000000004 36.050000000000004 28.250000000000004
decision_type=2 2 2 2 2
left_child=-1 2 -2 4 -4
right_child=1 -3 3 -5 -6
leaf_value=2.9006721296859665 -2.6330886989239826 1.074297233606806 -0.84228057525805289 -1.1326191961067598 0.31335704289376737
leaf_weight=19 14.999999999999998 14.999999999999998 15.000000000000002 29 15.999999999999998
leaf_count=19 15 15 15 29 16
internal_value=-0.0803164 -0.712213 -1.07054 -0.676083 -0.246572
internal_weight=109 90 75 60 31
internal_count=109 90 75 60 31
is_linear=0
shrinkage=0.05


Tree=56
num_leaves=5
num_cat=0
split_feature=84 75 39 51
split_gain=112401 24648.1 25897.5 4669.7
threshold=0.0058333333333333301 2.5000000000000004 0.071666666666666337 59.900000000000006
decision_type=2 2 2 2
left_child=1 -1 -3 -4
right_child=-2 2 3 -5
leaf_value=1.0289827183382401 3.041731402503542 -2.9546099713130025 -0.052228697871242583 -1.0451895412198455
leaf_weight=14.999999999999998 25 15.999999999999998 20 29
leaf_count=15 25 16 20 29
internal_value=0.122179 -0.792776 -1.21419 -0.640933
internal_weight=105 80 65 49
internal_count=105 80 65 49
is_linear=0
shrinkage=0.05


Tree=57
num_leaves=7
num_cat=0
split_feature=9 1 74 15 49 60
split_gain=87121.2 39637.3 91707.9 52045.1 5007.52 3313.3
threshold=6.8950000000000005 2.5000000000000004 -4.7833333333333377 45.95000000000001 6.2900000000000009 49.500000000000007
decision_type=2 2 2 2 2 2
left_child=1 2 -1 -3 -4 -5
right_child=-2 3 4 5 -6 -7
leaf_value=3.5860228164306545 3.4420802939411823 -4.1216490091867009 -0.55075268342897488 0.0058029681641534455 -1.7269506340784742 -1.0430083824309293
leaf_weight=14.999999999999998 14.999999999999998 14.999999999999998 23 15.000000000000002 14.999999999999998 14.999999999999998
leaf_count=15 15 15 23 15 15 15
internal_value=-0.0934897 -0.637656 0.288881 -1.72724 -1.01849 -0.52016
internal_weight=113 98 53 45 38 30
internal_count=113 98 53 45 38 30
is_linear=0
shrinkage=0.05


Tree=58
num_leaves=6
num_cat=0
split_feature=23 118 14 18 102
split_gain=86314.1 31955.2 31936.8 6146.67 4742.22
threshold=64.950000000000017 1.5000000000000002 28.750000000000004 53.250000000000007 42.45000000000001
decision_type=2 2 2 2 2
left_child=-1 -2 -3 4 -4
right_child=1 2 3 -5 -6
leaf_value=2.3488950517442495 0.8577027223185093 -3.4856002051309249 -0.63136006297532077 -0.084993561527185263 -1.8355768222122162
leaf_weight=26 19 14.999999999999998 15.999999999999998 17 17
leaf_count=26 19 15 16 17 17
internal_value=-0.163087 -0.942534 -1.46934 -0.858616 -1.25554
internal_weight=110 84 65 50 33
internal_count=110 84 65 50 33
is_linear=0
shrinkage=0.05


Tree=59
num_leaves=6
num_cat=0
split_feature=84 60 15 13 0
split_gain=80870.6 36167.6 18402 3782.03 6433.74
threshold=0.014166666666666662 58.20000000000001 45.95000000000001 6.3250000000000002 2418.0000000000005
decision_type=2 2 2 2 2
left_child=1 2 -1 4 -4
right_child=-2 -3 3 -5 -6
leaf_value=-2.3588101543057025 3.2623205433721125 1.5294418046348972 0.50138503153872038 -1.0113945969430151 -0.87266050952574159
leaf_weight=19 15.999999999999998 17 15.999999999999998 28 18
leaf_count=19 16 17 16 28 18
internal_value=-0.0220377 -0.561089 -1.00125 -0.582014 -0.22633
internal_weight=114 98 81 62 34
internal_count=114 98 81 62 34
is_linear=0
shrinkage=0.05


Tree=60
num_leaves=5
num_cat=0
split_feature=104 62 104 103
split_gain=97658.7 59804.8 16086.7 7059.37
threshold=40.300000000000004 57.70000000000001 31.450000000000006 28.550000000000004
decision_type=2 2 2 2
left_child=1 -1 3 -3
right_child=-2 2 -4 -5
leaf_value=-3.7337292300247995 2.8091000570505154 -0.16410491567696153 1.0914956958680753 -1.2875871800577519
leaf_weight=15.999999999999998 21 27 14.999999999999998 29
leaf_count=16 21 27 15 29
internal_value=-0.243066 -0.982233 -0.357728 -0.747255
internal_weight=108 87 71 56
internal_count=108 87 71 56
is_linear=0
shrinkage=0.05


Tree=61
num_leaves=6
num_cat=0
split_feature=11 28 15 113 106
split_gain=71739.5 25425.8 22274 6872.3 6083.7
threshold=26.550000000000004 5.1000000000000005 45.95000000000001 4.0833333333333313 6.9000000000000012
decision_type=2 2 2 2 2
left_child=-1 -2 -3 4 -4
right_child=1 2 3 -5 -6
leaf_value=3.1854644844863591 0.9414574570515577 -2.7053830983622973 -0.67278482167057962 -1.4371339876920182 0.60724638676801268
leaf_weight=14.999999999999998 22 14.999999999999998 24 14.999999999999998 14.999999999999998
leaf_count=15 22 15 24 15 15
internal_value=-0.00645597 -0.535571 -1.00726 -0.531339 -0.180043
internal_weight=106 91 69 54 39
internal_count=106 91 69 54 39
is_linear=0
shrinkage=0.05


Tree=62
num_leaves=6
num_cat=0
split_feature=84 52 38 0 53
split_gain=78112.8 15201.1 8736.29 4754.15 1180.8
threshold=0.014166666666666662 5.0250000000000012 3.5000000000000004 1209.5000000000002 44.100000000000009
decision_type=2 2 2 2 2
left_child=1 -1 -3 -4 -5
right_child=-2 2 3 4 -6
leaf_value=-2.0096987062425753 3.0909352094132383 0.49903450986957021 -1.431263668497623 -0.090145589579020122 -0.69906548848974781
leaf_weight=20 14.999999999999998 18 18 14.999999999999998 17
leaf_count=20 15 18 18 15 17
internal_value=-0.231963 -0.801288 -0.443371 -0.783056 -0.41496
internal_weight=103 88 68 50 32
internal_count=103 88 68 50 32
is_linear=0
shrinkage=0.05


Tree=63
num_leaves=6
num_cat=0
split_feature=9 15 47 119 13
split_gain=82642.1 52475 46945.6 9320.96 2613.35
threshold=6.8750000000000009 38.550000000000004 1.5000000000000002 -0.029166666666667226 6.3250000000000002
decision_type=2 2 2 2 2
left_child=1 -1 3 -3 -5
right_child=-2 2 -4 4 -6
leaf_value=-3.4480813930047809 2.750374586679782 -1.9406846840457139 1.8538111982289811 -0.20208062427478601 -1.0958865603962482
leaf_weight=18 17 22 17 18 14.999999999999998
leaf_count=18 17 22 17 18 15
internal_value=-0.436773 -1.04123 -0.435499 -1.14528 -0.610591
internal_weight=107 90 72 55 33
internal_count=107 90 72 55 33
is_linear=0
shrinkage=0.05


Tree=64
num_leaves=6
num_cat=0
split_feature=104 101 62 67 21
split_gain=72489 39564.8 45055.3 17346.3 11055.8
threshold=40.300000000000004 47.150000000000013 57.70000000000001 1.0000000180025095e-35 48.350000000000001
decision_type=2 2 2 2 2
left_child=1 -1 -3 -4 -5
right_child=-2 2 3 4 -6
leaf_value=1.5733031085759235 2.725919231758299 -3.3748903638087442 1.0123933765458764 -2.0012327790655049 -0.31009399301451512
leaf_weight=18 21 15.999999999999998 15.999999999999998 14.999999999999998 27
leaf_count=18 21 16 16 15 27
internal_value=0.0824962 -0.523144 -1.03459 -0.38421 -0.91751
internal_weight=113 92 74 58 42
internal_count=113 92 74 58 42
is_linear=0
shrinkage=0.05


Tree=65
num_leaves=5
num_cat=0
split_feature=104 31 16 0
split_gain=67851 36896.6 41862.5 7252.84
threshold=40.300000000000004 -0.033333333333332764 5.3550000000000013 2219.5000000000005
decision_type=2 2 2 2
left_child=1 -1 3 -3
right_child=-2 2 -4 -5
leaf_value=-1.971252699169824 2.8113140445729203 -1.5762613853234895 1.7306494520884366 -0.10607375187786999
leaf_weight=28 19 19 26 14.999999999999998
leaf_count=28 19 19 26 15
internal_value=0.109762 -0.476 0.223821 -0.930009
internal_weight=107 88 60 34
internal_count=107 88 60 34
is_linear=0
shrinkage=0.05


Tree=66
num_leaves=6
num_cat=0
split_feature=23 27 37 0 62
split_gain=88817.5 28366.6 42252.4 6384.11 3565.37
threshold=57.400000000000013 14.900000000000002 4.7583333333333373 1209.5000000000002 72.950000000000017
decision_type=2 2 2 2 2
left_child=-1 -2 -3 -4 -5
right_child=1 2 3 4 -6
leaf_value=3.4261556590235003 -2.4230722456390321 1.4181732856716769 -1.9040024547843459 -1.2671850839016601 -0.27607540784853896
leaf_weight=14.999999999999998 19 25 15.999999999999998 15.999999999999998 21
leaf_count=15 19 25 16 16 21
internal_value=-0.141266 -0.695941 -0.272601 -1.0714 -0.707059
internal_weight=112 97 78 53 37
internal_count=112 97 78 53 37
is_linear=0
shrinkage=0.05


Tree=67
num_leaves=6
num_cat=0
split_feature=104 62 49 11 18
split_gain=67556.7 45533.7 34235 14348.1 3679.58
threshold=40.300000000000004 57.70000000000001 5.0150000000000006 33.150000000000006 47.250000000000007
decision_type=2 2 2 2 2
left_child=1 -1 -3 -4 -5
right_child=-2 2 3 4 -6
leaf_value=-2.9367068399553711 2.6785193827614857 2.1222396572694087 -1.8180418337354007 -0.55053230267706643 0.36279882857035767
leaf_weight=15.999999999999998 20 14.999999999999998 15.999999999999998 21 23
leaf_count=16 20 15 16 21 23
internal_value=0.0548337 -0.524053 -0.0060617 -0.540866 -0.0732558
internal_weight=111 91 75 60 44
internal_count=111 91 75 60 44
is_linear=0
shrinkage=0.05


Tree=68
num_leaves=6
num_cat=0
split_feature=84 115 58 9 122
split_gain=80769 30601.6 12914.3 7421.34 6491.12
threshold=0.014166666666666662 13.975000000000003 4.785000000000001 6.8150000000000004 2.5000000000000004
decision_type=2 2 2 2 2
left_child=1 2 -1 4 -4
right_child=-2 -3 3 -5 -6
leaf_value=-1.9064693308440015 3.3896186778264017 1.6444068457610559 -1.5420705097156333 0.34495495903254741 -0.30705018728628924
leaf_weight=20 15.999999999999998 14.999999999999998 18 20 26
leaf_count=20 16 15 18 20 26
internal_value=0.105009 -0.428672 -0.800439 -0.452292 -0.81475
internal_weight=115 99 84 64 44
internal_count=115 99 84 64 44
is_linear=0
shrinkage=0.05


Tree=69
num_leaves=6
num_cat=0
split_feature=104 101 61 84 22
split_gain=75251.5 41591.6 34269.3 17830.1 12198.9
threshold=40.300000000000004 47.150000000000013 0.17500000000000002 -0.022500000000000003 0.16500000000000004
decision_type=2 2 2 2 2
left_child=1 -1 3 -3 -5
right_child=-2 2 -4 4 -6
leaf_value=1.6238495510586057 3.0009398260169267 -1.6868716351428432 -3.0911976403331161 -0.56862860613571098 1.2589423621727143
leaf_weight=18 18 20 15.999999999999998 23 14.999999999999998
leaf_count=18 18 20 16 23 15
internal_value=0.0536239 -0.525603 -1.05 -0.482468 0.154061
internal_weight=110 92 74 58 38
internal_count=110 92 74 58 38
is_linear=0
shrinkage=0.05


Tree=70
num_leaves=6
num_cat=0
split_feature=84 115 39 79 49
split_gain=90089.1 32076.1 9803.8 5272.5 3057.3
threshold=0.010000000000000011 13.975000000000003 1.0000000180025095e-35 4.5000000000000009 5.9200000000000008
decision_type=2 2 2 2 2
left_child=1 2 -1 4 -4
right_child=-2 -3 3 -5 -6
leaf_value=-1.7843575397087017 3.6531242018160612 1.7178170159261748 0.46036826466882474 -1.0166076192111348 -0.49164123816015837
leaf_weight=19 15.999999999999998 14.999999999999998 14.999999999999998 26 19
leaf_count=19 16 15 15 26 19
internal_value=0.197056 -0.394415 -0.797199 -0.482067 -0.071372
internal_weight=110 94 79 60 34
internal_count=110 94 79 60 34
is_linear=0
shrinkage=0.05


Tree=71
num_leaves=5
num_cat=0
split_feature=13 45 52 123
split_gain=78242.8 25180.2 18801.3 4229.65
threshold=4.3800000000000008 0.0033333333333333275 5.5900000000000007 -1.0000000180025095e-35
decision_type=2 2 2 2
left_child=-1 2 -2 -4
right_child=1 -3 3 -5
leaf_value=3.2706893463580928 -1.9750143487563081 0.90339463816748722 -0.87610698383046959 0.17075605800537649
leaf_weight=17 26 26 15.999999999999998 24
leaf_count=17 26 26 16 24
internal_value=0.164706 -0.4121 -0.930983 -0.249005
internal_weight=109 92 66 40
internal_count=109 92 66 40
is_linear=0
shrinkage=0.05


Tree=72
num_leaves=5
num_cat=0
split_feature=13 45 123 97
split_gain=102258 26413.8 19461.7 7119.24
threshold=4.3800000000000008 0.0033333333333333275 -0.0058333333333333284 5.2900000000000009
decision_type=2 2 2 2
left_child=-1 2 -2 -4
right_child=1 -3 3 -5
leaf_value=3.8772402295414707 -2.2264224706667859 0.90554050369280947 0.20337734707163579 -1.0547937850957798
leaf_weight=15.999999999999998 21 26 24 21
leaf_count=16 21 26 24 21
internal_value=0.20098 -0.441831 -0.973257 -0.384695
internal_weight=108 92 66 45
internal_count=108 92 66 45
is_linear=0
shrinkage=0.05


Tree=73
num_leaves=5
num_cat=0
split_feature=23 31 2 52
split_gain=61630.9 36136.6 30832.8 9886.07
threshold=64.950000000000017 -0.047500000000000757 1.5000000000000002 5.7250000000000005
decision_type=2 2 2 2
left_child=-1 -2 -3 -4
right_child=1 2 3 -5
leaf_value=2.0200557242508888 -2.4195428551187348 1.8199729973855225 -1.4856670623451336 -0.059153178565176649
leaf_weight=28 22 15.999999999999998 22 27
leaf_count=28 22 16 22 27
internal_value=-0.0160127 -0.672923 -0.0788745 -0.701452
internal_weight=115 87 65 49
internal_count=115 87 65 49
is_linear=0
shrinkage=0.05


Tree=74
num_leaves=6
num_cat=0
split_feature=9 15 73 123 50
split_gain=54652.7 57985.1 48155.5 8344.41 4863.84
threshold=6.8650000000000011 34.300000000000004 2.5000000000000004 -1.0000000180025095e-35 48.100000000000001
decision_type=2 2 2 2 2
left_child=1 -1 -3 -4 -5
right_child=-2 2 3 4 -6
leaf_value=-3.4629789200839625 2.3095039388896281 2.35963136594488 -1.3667396675836556 0.28647202117748172 -0.88902720915560696
leaf_weight=14.999999999999998 19 15.999999999999998 27 21 14.999999999999998
leaf_count=15 19 16 27 21 15
internal_value=-0.129114 -0.62401 -0.0812052 -0.703937 -0.204287
internal_weight=113 94 79 63 36
internal_count=113 94 79 63 36
is_linear=0
shrinkage=0.05


Tree=75
num_leaves=6
num_cat=0
split_feature=13 28 104 123 28
split_gain=70921.6 22844 15224.7 6114.93 1926.82
threshold=4.3800000000000008 5.1000000000000005 34.70000000000001 -0.0058333333333333284 14.650000000000002
decision_type=2 2 2 2 2
left_child=-1 -2 3 -3 -5
right_child=1 2 -4 4 -6
leaf_value=3.0181188873380247 0.83562272388146686 -1.3259440205349828 -2.0850594349761504 -0.44839787151479077 0.25851358454129847
leaf_weight=17 25 14.999999999999998 20 22 17
leaf_count=17 25 15 20 22 17
internal_value=0.0444316 -0.468681 -0.909925 -0.471548 -0.140256
internal_weight=116 99 74 54 39
internal_count=116 99 74 54 39
is_linear=0
shrinkage=0.05


Tree=76
num_leaves=6
num_cat=0
split_feature=69 0 59 123 48
split_gain=58779.4 143222 24620.8 21397.3 5606.59
threshold=3.5000000000000004 2341.0000000000005 34.150000000000013 -0.0058333333333333284 6.7750000000000012
decision_type=2 2 2 2 2
left_child=3 -2 -3 -1 -5
right_child=1 2 -4 4 -6
leaf_value=-2.4195380166773264 4.0287260003109688 -2.5415889629465069 0.23127788706023616 0.058838340420743596 -1.1807525217927846
leaf_weight=21 24 14.999999999999998 17 23 14.999999999999998
leaf_count=21 24 15 17 23 15
internal_value=-0.0421225 1.1171 -1.07222 -1.14251 -0.432157
internal_weight=115 56 32 59 38
internal_count=115 56 32 59 38
is_linear=0
shrinkage=0.05


Tree=77
num_leaves=6
num_cat=0
split_feature=84 60 13 115 123
split_gain=63614.3 31606.2 13516 3801.4 3255.43
threshold=0.014166666666666662 58.650000000000013 4.9750000000000005 6.4833333333333316 -1.0000000180025095e-35
decision_type=2 2 2 2 2
left_child=1 2 -1 4 -4
right_child=-2 -3 3 -5 -6
leaf_value=-2.0461915882881621 3.0979368170365595 1.6289364422330204 -0.72971420406598109 -1.0275292631405504 0.15794514935263843
leaf_weight=17 14.999999999999998 15.999999999999998 16.999999999999996 20 26.000000000000004
leaf_count=17 15 16 17 20 26
internal_value=0.081015 -0.39306 -0.799051 -0.459732 -0.193753
internal_weight=111 96 80 63 43
internal_count=111 96 80 63 43
is_linear=0
shrinkage=0.05


Tree=78
num_leaves=5
num_cat=0
split_feature=23 31 0 0
split_gain=66445.4 25190.1 13260.5 18369.2
threshold=64.950000000000017 -0.047500000000000757 1121.0000000000002 2341.0000000000005
decision_type=2 2 2 2
left_child=-1 -2 -3 -4
right_child=1 2 3 -5
leaf_value=2.1252490733932308 -2.3279789467210543 -1.4539995275669215 1.5610636669656504 -0.58653417770889982
leaf_weight=27 19 15.999999999999998 15.999999999999998 26
leaf_count=27 19 16 16 26
internal_value=-0.00437039 -0.752973 -0.233818 0.233244
internal_weight=104 77 58 42
internal_count=104 77 58 42
is_linear=0
shrinkage=0.05


Tree=79
num_leaves=5
num_cat=0
split_feature=23 61 117 45
split_gain=75279.3 20635.8 11815.5 7849.94
threshold=64.950000000000017 0.17500000000000002 0.71916666666666684 -0.012500000000000009
decision_type=2 2 2 2
left_child=-1 2 3 -2
right_child=1 -3 -4 -5
leaf_value=2.3606266462945369 -0.54062704775068493 -2.2063906677106284 -1.1261233676843536 0.91690735413660451
leaf_weight=25 17 19 27 20
leaf_count=25 17 19 27 20
internal_value=-0.0390672 -0.763898 -0.332805 0.247442
internal_weight=108 83 64 37
internal_count=108 83 64 37
is_linear=0
shrinkage=0.05


Tree=80
num_leaves=5
num_cat=0
split_feature=104 68 15 28
split_gain=58387.4 28776.1 48220.7 4575.37
threshold=40.300000000000004 55.500000000000007 39.100000000000001 9.5500000000000025
decision_type=2 2 2 2
left_child=1 2 -1 -4
right_child=-2 -3 3 -5
leaf_value=-3.4577491191603382 2.47781800844183 0.8048250689948957 -0.78874143769730731 0.19626841423917116
leaf_weight=15.999999999999998 20 29 23 24
leaf_count=16 20 29 23 24
internal_value=0.0362617 -0.496571 -1.09603 -0.286303
internal_weight=112 92 63 47
internal_count=112 92 63 47
is_linear=0
shrinkage=0.05


Tree=81
num_leaves=5
num_cat=0
split_feature=69 0 62 51
split_gain=52111.9 124148 15479 8914.98
threshold=3.5000000000000004 2341.0000000000005 68.200000000000017 58.350000000000001
decision_type=2 2 2 2
left_child=2 -2 -1 -4
right_child=1 -3 3 -5
leaf_value=-2.4197175747859552 3.8262274690907754 -1.0839605880766798 0.28465004246137293 -1.2367513236956358
leaf_weight=15.999999999999998 23 29 17 22
leaf_count=16 23 29 17 22
internal_value=-0.0427595 1.09093 -1.11474 -0.574417
internal_weight=107 52 55 39
internal_count=107 52 55 39
is_linear=0
shrinkage=0.05


Tree=82
num_leaves=6
num_cat=0
split_feature=23 45 13 87 91
split_gain=49478.1 32407.6 17634.4 4136.84 1139.78
threshold=57.400000000000013 0.0033333333333333275 5.1150000000000011 6.8250000000000011 5.3850000000000007
decision_type=2 2 2 2 2
left_child=-1 2 -2 4 -4
right_child=1 -3 3 -5 -6
leaf_value=2.6997051820060278 -2.4814170714245729 1.0201569219174254 -0.50269388784288738 -1.1832618856987756 0.059606975351857855
leaf_weight=14.999999999999998 14.999999999999998 29 19 17 17
leaf_count=15 15 29 19 17 17
internal_value=0.0371255 -0.376918 -0.973427 -0.542673 -0.237595
internal_weight=112 97 68 53 36
internal_count=112 97 68 53 36
is_linear=0
shrinkage=0.05


Tree=83
num_leaves=5
num_cat=0
split_feature=31 74 60 83
split_gain=42578.3 72733.5 17314.7 12792.1
threshold=-0.06250000000000043 -4.7833333333333377 46.500000000000007 2.5000000000000004
decision_type=2 2 2 2
left_child=-1 -2 -3 -4
right_child=1 2 3 -5
leaf_value=-2.5770052420426599 2.7914517279484827 -1.5435855158140739 -0.61831348767484207 1.0860713612308819
leaf_weight=15.999999999999998 21 27 28 18
leaf_count=16 21 27 28 18
internal_value=-0.201072 0.205598 -0.541011 0.0494204
internal_weight=110 94 73 46
internal_count=110 94 73 46
is_linear=0
shrinkage=0.05


Tree=84
num_leaves=5
num_cat=0
split_feature=39 118 119 13
split_gain=70049.3 13924.5 6516.36 3770.95
threshold=-0.58666666666666634 1.5000000000000002 -0.101666666666667 6.3250000000000002
decision_type=2 2 2 2
left_child=-1 -2 -3 -4
right_child=1 2 3 -5
leaf_value=2.8612826911964229 0.84720117584776478 -1.3554788503150244 0.032723274222159295 -0.84775138877635625
leaf_weight=20 18 25 27 22
leaf_count=20 18 25 27 22
internal_value=0.187111 -0.396652 -0.700014 -0.363412
internal_weight=112 92 74 49
internal_count=112 92 74 49
is_linear=0
shrinkage=0.05


Tree=85
num_leaves=5
num_cat=0
split_feature=3 31 102 23
split_gain=53362.7 27115 20083.2 11418.4
threshold=1.5000000000000002 -0.050833333333332391 46.900000000000013 73.200000000000017
decision_type=2 2 2 2
left_child=-1 -2 3 -3
right_child=1 2 -4 -5
leaf_value=1.6611411088067225 -2.6666184354246707 -2.1601743858053073 0.65227875609050756 -0.46303309293542327
leaf_weight=27 17 15.999999999999998 26 26
leaf_count=27 17 16 26 26
internal_value=-0.27138 -0.88653 -0.438172 -1.11328
internal_weight=112 85 68 42
internal_count=112 85 68 42
is_linear=0
shrinkage=0.05


Tree=86
num_leaves=6
num_cat=0
split_feature=84 60 15 87 39
split_gain=55043.3 28888.3 13858.4 2991.89 2665.67
threshold=0.014166666666666662 58.650000000000013 45.95000000000001 6.8250000000000011 1.4833333333333345
decision_type=2 2 2 2 2
left_child=1 2 -1 4 -4
right_child=-2 -3 3 -5 -6
leaf_value=-1.8482785355522116 2.8274778813308807 1.6725817134048766 0.21381162391311823 -0.86785007484710008 -0.60426836176688625
leaf_weight=20 15.999999999999998 14.999999999999998 26 18 15.999999999999998
leaf_count=20 16 15 26 18 16
internal_value=0.123912 -0.333867 -0.711757 -0.330388 -0.0984142
internal_weight=111 95 80 60 42
internal_count=111 95 80 60 42
is_linear=0
shrinkage=0.05


Tree=87
num_leaves=6
num_cat=0
split_feature=23 116 64 39 109
split_gain=59744.2 24588 25355.9 18875.1 4729.58
threshold=64.950000000000017 3.5000000000000004 42.20000000000001 0.30666666666666625 -0.029166666666668114
decision_type=2 2 2 2 2
left_child=-1 2 -2 -3 -5
right_child=1 3 -4 4 -6
leaf_value=2.1474308547745666 1.9079881950719468 -2.7687493100669816 -0.903887475164313 -0.055442459538856639 -1.2898560625038398
leaf_weight=25 14.999999999999998 15.999999999999998 17 15.999999999999998 15.000000000000002
leaf_count=25 15 16 17 16 15
internal_value=0.0220302 -0.652366 0.415861 -1.37911 -0.655127
internal_weight=104 79 32 47 31
internal_count=104 79 32 47 31
is_linear=0
shrinkage=0.05


Tree=88
num_leaves=7
num_cat=0
split_feature=9 39 38 31 95 26
split_gain=53760.2 109038 34148.6 3623.36 2896.98 2509.95
threshold=6.8050000000000006 1.0000000180025095e-35 2.5000000000000004 -0.047500000000000757 33.400000000000006 31.900000000000002
decision_type=2 2 2 2 2 2
left_child=2 -2 -1 -4 -5 -3
right_child=1 5 3 4 -6 -7
leaf_value=-3.2097343274299677 4.5883168618410641 -1.0746170744990668 -1.0508608782488995 0.33822083520573493 -0.62593399412143302 -0.15974490855703294
leaf_weight=14.999999999999998 14.999999999999998 15.000000000000002 18 15.000000000000002 15.999999999999998 14.999999999999998
leaf_count=15 15 15 18 15 16 15
internal_value=-0.20003 1.12272 -1.13047 -0.488615 -0.159659 -0.619398
internal_weight=109 45 64 49 31 30
internal_count=109 45 64 49 31 30
is_linear=0
shrinkage=0.05


Tree=89
num_leaves=6
num_cat=0
split_feature=108 39 78 38 119
split_gain=42980.5 91983.8 14445.3 14002.5 5124.46
threshold=3.5000000000000004 -0.37666666666666643 -0.29333333333333317 3.5000000000000004 0.031666666666665851
decision_type=2 2 2 2 2
left_child=1 -1 -3 -2 -4
right_child=3 2 4 -5 -6
leaf_value=4.1302221860317214 -2.5843817422802773 1.1543651184498869 -1.0757694761691496 -0.52251036829418607 -0.060487824394589378
leaf_weight=14.999999999999998 15.999999999999998 14.999999999999998 27 17 23
leaf_count=15 16 15 27 17 23
internal_value=-0.0115104 0.614752 -0.201532 -1.52714 -0.609893
internal_weight=113 80 65 33 50
internal_count=113 80 65 33 50
is_linear=0
shrinkage=0.05


Tree=90
num_leaves=6
num_cat=0
split_feature=84 55 39 49 26
split_gain=46589.6 15554 19311.2 17531.6 4158.55
threshold=0.0066666666666666688 5.5700000000000012 0.17000000000000084 5.7750000000000012 31.050000000000004
decision_type=2 2 2 2 2
left_child=1 2 -1 -3 -4
right_child=-2 3 4 -5 -6
leaf_value=-2.5244909103343032 2.1436888943351273 1.5599408035692961 -0.95828020422827453 -0.68014388096894263 0.087158774914433107
leaf_weight=14.999999999999998 21 15.999999999999998 18 19 20
leaf_count=15 21 16 18 19 20
internal_value=0.0333487 -0.47206 -1.01154 0.345279 -0.409133
internal_weight=109 88 53 35 38
internal_count=109 88 53 35 38
is_linear=0
shrinkage=0.05


Tree=91
num_leaves=6
num_cat=0
split_feature=54 62 50 115 17
split_gain=33923.6 24370.8 14654.8 10280.6 2647.07
threshold=22.500000000000004 60.850000000000009 39.900000000000006 4.0416666666666652 32.95000000000001
decision_type=2 2 2 2 2
left_child=-1 -2 -3 4 -4
right_child=1 2 3 -5 -6
leaf_value=1.842421499912783 -2.4126143615438327 0.63800725769317868 -0.71506644586064161 -1.740858123842524 0.20673649973750857
leaf_weight=15.999999999999998 15.999999999999998 28 15.000000000000002 18 15.999999999999998
leaf_count=16 16 28 15 18 16
internal_value=-0.277046 -0.643326 -0.272965 -0.793861 -0.240001
internal_weight=109 93 77 49 31
internal_count=109 93 77 49 31
is_linear=0
shrinkage=0.05


Tree=92
num_leaves=6
num_cat=0
split_feature=16 41 41 15 100
split_gain=54622.3 110160 23758.4 24300.3 4763.07
threshold=5.6550000000000011 0.6325000000000004 -0.43499999999999955 45.95000000000001 0.16500000000000004
decision_type=2 2 2 2 2
left_child=2 -2 -1 -4 -5
right_child=1 -3 3 4 -6
leaf_value=0.60281518740891327 4.7186069515180886 -0.77539274723608909 -2.8942737879808882 -1.1273841942262928 0.09249509158513404
leaf_weight=22 15.999999999999998 21 17 17 14.999999999999998
leaf_count=22 16 21 17 17 15
internal_value=0.0513629 1.60657 -0.760147 -1.37217 -0.556903
internal_weight=108 37 71 49 32
internal_count=108 37 71 49 32
is_linear=0
shrinkage=0.05


Tree=93
num_leaves=6
num_cat=0
split_feature=31 84 55 12 102
split_gain=38102.3 61388.7 15305.7 12664.7 3079.24
threshold=-0.06250000000000043 0.0066666666666666688 5.6250000000000009 52.100000000000009 44.900000000000006
decision_type=2 2 2 2 2
left_child=-1 2 3 -2 -5
right_child=1 -3 -4 4 -6
leaf_value=-2.2168621236493129 -1.9127722553584885 2.8658656021848845 0.75489879181660502 0.29549047487863106 -0.66813178689856279
leaf_weight=15.999999999999998 15.999999999999998 20 25 15.999999999999998 17
leaf_count=16 16 20 25 16 17
internal_value=0.0308092 0.415394 -0.249802 -0.763 -0.201289
internal_weight=110 94 74 49 33
internal_count=110 94 74 49 33
is_linear=0
shrinkage=0.05


Tree=94
num_leaves=6
num_cat=0
split_feature=60 13 13 120 66
split_gain=37100.8 93429 23384.2 6018.64 5826.32
threshold=46.500000000000007 4.7000000000000011 5.5250000000000012 4.5000000000000009 31.600000000000005
decision_type=2 2 2 2 2
left_child=2 -2 -1 4 -3
right_child=1 3 -4 -5 -6
leaf_value=-2.880211335272584 3.7032332615299119 -1.2180155725118174 -0.29848440710402213 0.34678903870819683 0.027023588170278945
leaf_weight=14.999999999999998 18 25 21 18 14.999999999999998
leaf_count=15 18 25 21 18 15
internal_value=-0.0592591 0.566968 -1.37934 -0.410968 -0.752098
internal_weight=112 76 36 58 40
internal_count=112 76 36 58 40
is_linear=0
shrinkage=0.05


Tree=95
num_leaves=6
num_cat=0
split_feature=1 15 13 79 71
split_gain=45473.6 94237.2 23871.5 8771.29 5686.82
threshold=2.5000000000000004 44.800000000000004 4.9750000000000005 3.5000000000000004 4.5000000000000009
decision_type=2 2 2 2 2
left_child=1 -1 -2 -3 -4
right_child=2 3 4 -5 -6
leaf_value=4.2213069649216548 -2.7359388429992251 -1.0461742303264674 -0.91470919781104065 0.43117158494296659 0.33347692574773519
leaf_weight=15.999999999999998 14.999999999999998 20 21 20 15.999999999999998
leaf_count=16 15 20 21 20 16
internal_value=0.00326019 0.991114 -1.06035 -0.308143 -0.375374
internal_weight=108 56 52 40 37
internal_count=108 56 52 40 37
is_linear=0
shrinkage=0.05


Tree=96
num_leaves=7
num_cat=0
split_feature=84 60 13 104 123 63
split_gain=39255.5 16091.6 9548.93 3845.88 2322.09 1068.46
threshold=0.014166666666666662 58.650000000000013 4.9750000000000005 35.350000000000009 -1.0000000180025095e-35 47.70000000000001
decision_type=2 2 2 2 2 2
left_child=1 2 -1 4 -4 -6
right_child=-2 -3 3 -5 5 -7
leaf_value=-1.617507929367255 2.345731565374765 1.0828552944792642 -0.56797232167762624 -0.98856118532441417 -0.13501540213267996 0.44111048738408531
leaf_weight=18 15.999999999999998 17 17 15.999999999999998 15.999999999999998 15.999999999999998
leaf_count=18 16 17 17 16 16 16
internal_value=0.0542307 -0.314337 -0.601527 -0.31805 -0.0974378 0.153369
internal_weight=116 100 83 65 49 32
internal_count=116 100 83 65 49 32
is_linear=0
shrinkage=0.05


Tree=97
num_leaves=6
num_cat=0
split_feature=9 54 15 84 28
split_gain=39511.7 33615.4 28247.7 5297.21 1310.23
threshold=6.8950000000000005 30.450000000000006 45.95000000000001 -0.0075000000000000058 9.5500000000000025
decision_type=2 2 2 2 2
left_child=1 -1 -3 4 -4
right_child=-2 2 3 -5 -6
leaf_value=1.563561521405759 2.2421001381234618 -2.5605540890561707 -0.29186865629986947 -0.94308304643235263 0.33660460379388596
leaf_weight=15.999999999999998 14.999999999999998 20 15.999999999999998 24 17
leaf_count=16 15 20 16 24 17
internal_value=-0.130477 -0.515201 -0.948685 -0.379535 0.031778
internal_weight=108 93 77 57 33
internal_count=108 93 77 57 33
is_linear=0
shrinkage=0.05


Tree=98
num_leaves=5
num_cat=0
split_feature=23 105 54 54
split_gain=37888.8 20918.8 16442 4599.87
threshold=64.950000000000017 29.700000000000006 52.050000000000004 64.65000000000002
decision_type=2 2 2 2
left_child=-1 2 -2 -4
right_child=1 -3 3 -5
leaf_value=1.7023113808869401 -1.8706881755851654 1.1536631436821836 0.22139394881921415 -0.78785510103627021
leaf_weight=26 25 15.999999999999998 23 22
leaf_count=26 25 16 23 22
internal_value=0.0334758 -0.472389 -0.845245 -0.272559
internal_weight=112 86 70 45
internal_count=112 86 70 45
is_linear=0
shrinkage=0.05


Tree=99
num_leaves=6
num_cat=0
split_feature=108 23 1 62 26
split_gain=34967.8 75337.8 18949 13081.3 11393
threshold=3.5000000000000004 64.950000000000017 1.5000000000000002 68.200000000000017 33.850000000000001
decision_type=2 2 2 2 2
left_child=1 -1 -3 -2 -4
right_child=3 2 4 -5 -6
leaf_value=3.6783788023528103 -2.3803300775439538 1.2573743018621242 -1.7142428183067608 -0.42766517732866965 -0.075804243708738658
leaf_weight=15.999999999999998 14.999999999999998 17 17 20 28
leaf_count=16 15 17 17 20 28
internal_value=0.0417798 0.630914 -0.160105 -1.26906 -0.697309
internal_weight=113 78 62 35 45
internal_count=113 78 62 35 45
is_linear=0
shrinkage=0.05


Tree=100
num_leaves=6
num_cat=0
split_feature=1 39 74 96 83
split_gain=33813.1 89265 16984 10447.6 2250.7
threshold=2.5000000000000004 0.17000000000000084 -2.5999999999999974 49.750000000000007 2.5000000000000004
decision_type=2 2 2 2 2
left_child=1 -1 -2 -4 -3
right_child=2 4 3 -5 -6
leaf_value=3.7643881827748888 -2.2049794399185685 -0.097798764278214281 0.6971672894313321 -0.96583359733012042 -0.87163505877633352
leaf_weight=19 14.999999999999998 25 17 21 14.999999999999998
leaf_count=19 15 25 17 21 15
internal_value=0.129488 0.952172 -0.786304 -0.221851 -0.389562
internal_weight=112 59 53 38 40
internal_count=112 59 53 38 40
is_linear=0
shrinkage=0.05


Tree=101
num_leaves=5
num_cat=0
split_feature=3 113 13 110
split_gain=39060.2 27582 30880.4 3068.58
threshold=1.5000000000000002 13.31666666666667 4.9750000000000005 3.5000000000000004
decision_type=2 2 2 2
left_child=-1 2 -2 -4
right_child=1 -3 3 -5
leaf_value=1.6719638557354939 -2.6917013745995897 1.3144361450577415 -0.02982460242980944 -0.85980196999416814
leaf_weight=24 20 14.999999999999998 29 18
leaf_count=24 20 15 29 18
internal_value=-0.0979377 -0.617424 -1.05132 -0.348945
internal_weight=106 82 67 47
internal_count=106 82 67 47
is_linear=0
shrinkage=0.05


Tree=102
num_leaves=6
num_cat=0
split_feature=16 40 41 13 83
split_gain=32781.1 93195.5 14111.9 16095.6 4212.1
threshold=5.6550000000000011 5.5000000000000009 -0.43499999999999955 5.0500000000000007 2.5000000000000004
decision_type=2 2 2 2 2
left_child=2 -2 -1 -4 -5
right_child=1 -3 3 4 -6
leaf_value=0.44785840233941099 3.4769742198464999 -1.3452009570614205 -2.2951086849148505 0.11136335947895576 -0.98368199428227554
leaf_weight=23 21 19 17 18 17
leaf_count=23 21 19 17 18 17
internal_value=0.0344023 1.18867 -0.581906 -1.03746 -0.421661
internal_weight=115 40 75 52 35
internal_count=115 40 75 52 35
is_linear=0
shrinkage=0.05


Tree=103
num_leaves=6
num_cat=0
split_feature=16 40 84 99 95
split_gain=34175.4 75570.9 18628.3 11107.1 3589.21
threshold=5.6550000000000011 5.5000000000000009 0.0066666666666666688 47.300000000000004 32.800000000000004
decision_type=2 2 2 2 2
left_child=2 -2 3 -1 -5
right_child=1 -3 -4 4 -6
leaf_value=-1.1731449462265606 3.3851192152961183 -1.0699498526492521 -2.3711880692977778 0.7943009695469937 -0.27901398939375549
leaf_weight=25 18 20 14.999999999999998 15.000000000000002 15.999999999999998
leaf_count=25 18 20 15 15 16
internal_value=-0.164889 1.04356 -0.812293 -0.391161 0.241055
internal_weight=109 38 71 56 31
internal_count=109 38 71 56 31
is_linear=0
shrinkage=0.05


Tree=104
num_leaves=6
num_cat=0
split_feature=69 16 66 40 95
split_gain=29065.4 64515.3 15303 10670.1 5199.56
threshold=3.5000000000000004 5.6550000000000011 25.500000000000004 3.5000000000000004 35.050000000000004
decision_type=2 2 2 2 2
left_child=3 2 -2 4 -1
right_child=1 -3 -4 -5 -6
leaf_value=0.45485231269220389 -1.4282425795324998 2.9235369074466004 0.67878397359753295 -1.5588960802412604 -0.81595467007747891
leaf_weight=15.999999999999998 20 22 14.999999999999998 25 15.999999999999998
leaf_count=16 20 22 15 25 16
internal_value=0.0105617 0.808268 -0.525728 -0.787076 -0.180958
internal_weight=114 57 35 57 32
internal_count=114 57 35 57 32
is_linear=0
shrinkage=0.05


Tree=105
num_leaves=5
num_cat=0
split_feature=104 111 13 57
split_gain=31734.7 24307.7 23803.2 2034.06
threshold=40.300000000000004 -0.42083333333333311 4.9750000000000005 48.95000000000001
decision_type=2 2 2 2
left_child=1 -1 -3 -4
right_child=-2 2 3 -5
leaf_value=0.9093869492226121 1.7567821575634515 -2.4326340438183691 0.12696862709448203 -0.57395863557599247
leaf_weight=24 20 19 15.999999999999998 29
leaf_count=24 20 19 16 29
internal_value=-0.0359275 -0.44495 -0.953531 -0.3249
internal_weight=108 88 64 45
internal_count=108 88 64 45
is_linear=0
shrinkage=0.05


Tree=106
num_leaves=6
num_cat=0
split_feature=104 101 13 57 113
split_gain=30764.1 24604.5 23095.9 3537.87 2546.46
threshold=40.300000000000004 47.150000000000013 4.9750000000000005 54.95000000000001 0.69166666666666832
decision_type=2 2 2 2 2
left_child=1 -1 -3 4 -4
right_child=-2 2 3 -5 -6
leaf_value=1.2940643960272358 1.7630851875045406 -2.3599257901228592 0.52699082979303313 -0.76541855734397923 -0.39125172949784642
leaf_weight=17 20 18 15.000000000000002 22 14.999999999999998
leaf_count=17 20 18 15 22 15
internal_value=-8.62097e-05 -0.407029 -0.82148 -0.285338 0.0679289
internal_weight=107 87 70 52 30
internal_count=107 87 70 52 30
is_linear=0
shrinkage=0.05


Tree=107
num_leaves=6
num_cat=0
split_feature=84 51 12 88 18
split_gain=39484.6 11705.9 8821.09 3513.71 1939.65
threshold=0.010000000000000011 46.45000000000001 51.400000000000013 5.8650000000000011 45.050000000000004
decision_type=2 2 2 2 2
left_child=1 -1 -3 4 -4
right_child=-2 2 3 -5 -6
leaf_value=0.84547015499594991 2.2702499421486944 -1.6418866687058085 -0.53224646941475251 -0.98961464336940219 0.182680033344082
leaf_weight=14.999999999999998 15.999999999999998 18 15.999999999999998 15.999999999999998 23
leaf_count=15 16 18 16 16 23
internal_value=-0.00650894 -0.422629 -0.684066 -0.368095 -0.111106
internal_weight=104 88 73 55 39
internal_count=104 88 73 55 39
is_linear=0
shrinkage=0.05


Tree=108
num_leaves=5
num_cat=0
split_feature=23 31 35 102
split_gain=30139 17376.6 17474.4 4623.32
threshold=64.950000000000017 -0.047500000000000757 8.4583333333333339 43.95000000000001
decision_type=2 2 2 2
left_child=-1 -2 -3 -4
right_child=1 2 3 -5
leaf_value=1.5033940687604335 -1.6831774989010597 0.87745337064323548 -0.24959085349637178 -1.4032285540000251
leaf_weight=26 21 29 19 15.999999999999998
leaf_count=26 21 29 19 16
internal_value=0.0169961 -0.43884 -0.0284754 -0.779606
internal_weight=111 85 64 35
internal_count=111 85 64 35
is_linear=0
shrinkage=0.05


Tree=109
num_leaves=6
num_cat=0
split_feature=104 111 62 31 12
split_gain=34451.9 17480.9 20497 5950.37 7134.34
threshold=40.300000000000004 -0.42083333333333311 57.70000000000001 -0.033333333333332764 61.800000000000004
decision_type=2 2 2 2 2
left_child=1 -1 -3 -4 -5
right_child=-2 2 3 4 -6
leaf_value=0.84212232371399676 2.1279489089112253 -2.3047692409414329 -0.97610642519610646 0.8146575886541636 -0.61423881942441005
leaf_weight=26 18 14.999999999999998 17 19 15.999999999999998
leaf_count=26 18 15 17 19 16
internal_value=0.132021 -0.256104 -0.682976 -0.21153 0.161416
internal_weight=111 93 67 52 35
internal_count=111 93 67 52 35
is_linear=0
shrinkage=0.05


Tree=110
num_leaves=6
num_cat=0
split_feature=60 13 15 87 103
split_gain=29272.5 72640.2 15154.2 4270.09 4593.74
threshold=46.500000000000007 4.7000000000000011 59.000000000000007 6.8450000000000006 35.100000000000009
decision_type=2 2 2 2 2
left_child=2 -2 -1 4 -3
right_child=1 3 -4 -5 -6
leaf_value=-2.371168157596462 3.331323561483984 -0.44492591372169399 -0.29243340204112339 -0.93367531589381592 0.64586957796760225
leaf_weight=14.999999999999998 18 24 21 18 15.999999999999998
leaf_count=15 18 24 21 18 16
internal_value=0.00966311 0.565942 -1.16288 -0.29645 -0.00796046
internal_weight=112 76 36 58 40
internal_count=112 76 36 58 40
is_linear=0
shrinkage=0.05


Tree=111
num_leaves=6
num_cat=0
split_feature=94 37 35 105 87
split_gain=27604.7 17140.7 14441.4 19010.1 4034.46
threshold=5.785000000000001 -3.8083333333333331 7.0166666666666684 12.750000000000002 6.785000000000001
decision_type=2 2 2 2 2
left_child=1 -1 3 -3 -4
right_child=-2 2 4 -5 -6
leaf_value=-1.8205976203660279 1.60443178492399 -0.52372028464513098 -1.2158808802935615 1.9864320451850135 -0.21119784869957919
leaf_weight=18 20 15.000000000000002 20 14.999999999999998 20
leaf_count=18 20 15 20 15 20
internal_value=-0.0675862 -0.449037 -0.0941845 0.73362 -0.715443
internal_weight=108 88 70 30 40
internal_count=108 88 70 30 40
is_linear=0
shrinkage=0.05


Tree=112
num_leaves=6
num_cat=0
split_feature=84 65 66 39 99
split_gain=31337.4 9804.99 6069.74 6018.99 2983.51
threshold=0.014166666666666662 24.500000000000004 33.95000000000001 0.071666666666666337 47.300000000000004
decision_type=2 2 2 2 2
left_child=1 -1 3 -3 -5
right_child=-2 2 -4 4 -6
leaf_value=0.69113615095944692 2.1015461672220801 -1.7341910242244898 0.11524078299719574 -1.077700890813555 -0.1888832602666054
leaf_weight=18 14.999999999999998 14.999999999999998 21 15.999999999999998 23
leaf_count=18 15 15 21 16 23
internal_value=-0.0112949 -0.354021 -0.605511 -0.885591 -0.555478
internal_weight=108 93 75 54 39
internal_count=108 93 75 54 39
is_linear=0
shrinkage=0.05


Tree=113
num_leaves=5
num_cat=0
split_feature=39 87 115 92
split_gain=28742.9 4426.18 2361.15 2336
threshold=-0.58666666666666634 6.8450000000000006 6.1916666666666709 36.70000000000001
decision_type=2 2 2 2
left_child=-1 2 3 -2
right_child=1 -3 -4 -5
leaf_value=1.5168542633229249 -0.38325631919595388 -1.1508832125224877 -0.73305882640284104 0.34016896045833667
leaf_weight=22 29 20 22 18
leaf_count=22 29 20 22 18
internal_value=-0.0972689 -0.497576 -0.306748 -0.10596
internal_weight=111 89 69 47
internal_count=111 89 69 47
is_linear=0
shrinkage=0.05


Tree=114
num_leaves=7
num_cat=0
split_feature=23 53 50 64 102 24
split_gain=30882 12075.6 15388.2 8398.45 5028.71 2546.95
threshold=57.400000000000013 31.400000000000002 38.400000000000013 32.650000000000006 44.900000000000006 43.350000000000001
decision_type=2 2 2 2 2 2
left_child=-1 3 -3 -2 5 -4
right_child=1 2 4 -5 -6 -7
leaf_value=1.8777560723864513 -2.0920209059804118 1.1875905492849517 -0.65646081736545681 -0.44344313376589328 -1.2806085326656791 0.24763474088648094
leaf_weight=15.999999999999998 16.000000000000004 17 15.000000000000002 14.999999999999998 15.999999999999998 15.999999999999998
leaf_count=16 16 17 15 15 16 16
internal_value=-0.147446 -0.490202 -0.0972018 -1.29847 -0.563555 -0.190374
internal_weight=111 95 64 31 47 31
internal_count=111 95 64 31 47 31
is_linear=0
shrinkage=0.05


Tree=115
num_leaves=6
num_cat=0
split_feature=9 60 13 110 92
split_gain=30807.6 17257 19114.1 3514.02 2186.31
threshold=6.8950000000000005 58.650000000000013 4.9750000000000005 4.5000000000000009 33.95000000000001
decision_type=2 2 2 2 2
left_child=1 2 -1 4 -4
right_child=-2 -3 3 -5 -6
leaf_value=-2.1245149887616361 1.9558522595475052 0.91823424950900656 -0.41363631702218379 -0.84931664393411421 0.35325058560345057
leaf_weight=20 14.999999999999998 18 19 21 18
leaf_count=20 15 18 19 21 18
internal_value=-0.143758 -0.473568 -0.795582 -0.334375 -0.0404749
internal_weight=111 96 78 58 37
internal_count=111 96 78 58 37
is_linear=0
shrinkage=0.05


Tree=116
num_leaves=7
num_cat=0
split_feature=104 15 71 12 123 109
split_gain=28736.5 20309.6 17828.7 5822.26 2650.44 823.128
threshold=40.300000000000004 34.300000000000004 2.5000000000000004 52.100000000000009 -0.0033333333333333127 -0.025833333333333815
decision_type=2 2 2 2 2 2
left_child=1 -1 -3 -4 -5 -6
right_child=-2 2 3 4 5 -7
leaf_value=-1.9718336271203079 1.7722690096700378 1.5218397853636978 -1.2479727310455397 -0.61591508712684928 -0.097874790706381914 0.42432844686192361
leaf_weight=15.999999999999998 19 14.999999999999998 14.999999999999998 16.999999999999993 14.999999999999995 15.000000000000012
leaf_count=16 19 15 15 17 15 15
internal_value=0.00558886 -0.356808 -0.0190312 -0.393753 -0.118953 0.163603
internal_weight=112 93 77 62 47 30
internal_count=112 93 77 62 47 30
is_linear=0
shrinkage=0.05


Tree=117
num_leaves=5
num_cat=0
split_feature=23 96 26 48
split_gain=31225.2 13948.1 8078.96 983.175
threshold=64.950000000000017 46.350000000000009 31.900000000000002 6.7950000000000008
decision_type=2 2 2 2
left_child=-1 -2 -3 -4
right_child=1 2 3 -5
leaf_value=1.6775510556194413 0.60786435292875629 -1.4189080485667305 -0.4916857633298557 0.062298954056193491
leaf_weight=25 27 26 17 14.999999999999998
leaf_count=25 27 26 17 15
internal_value=0.127875 -0.329289 -0.765931 -0.232465
internal_weight=110 85 58 32
internal_count=110 85 58 32
is_linear=0
shrinkage=0.05


Tree=118
num_leaves=4
num_cat=0
split_feature=69 39 41
split_gain=34641.4 57278.8 9033.3
threshold=3.5000000000000004 0.30666666666666625 1.0000000180025095e-35
decision_type=2 2 2
left_child=2 -2 -1
right_child=1 -3 -4
leaf_value=-0.1395027134017027 2.958552710395054 -0.44491818296951752 -1.4099212332735203
leaf_weight=29 22 28 27
leaf_count=29 22 28 27
internal_value=0.0998909 1.05543 -0.753536
internal_weight=106 50 56
internal_count=106 50 56
is_linear=0
shrinkage=0.05


Tree=119
num_leaves=5
num_cat=0
split_feature=31 13 13 118
split_gain=27495.1 67654.9 15588.1 4297.05
threshold=-0.024166666666666444 4.7000000000000011 5.1500000000000012 2.5000000000000004
decision_type=2 2 2 2
left_child=2 -2 -1 -3
right_child=1 3 -4 -5
leaf_value=-2.1740353072715912 3.2501820154839161 -0.85656108069794323 -0.19199209264975645 0.11564104841273026
leaf_weight=14.999999999999998 19 19 29 28
leaf_count=15 19 19 29 28
internal_value=0.0957563 0.740812 -0.8712 -0.278255
internal_weight=110 66 44 47
internal_count=110 66 44 47
is_linear=0
shrinkage=0.05


Tree=120
num_leaves=6
num_cat=0
split_feature=16 40 41 62 67
split_gain=33449.8 81383.8 10167.4 11171.1 3180.4
threshold=5.6550000000000011 5.5000000000000009 -0.43499999999999955 68.200000000000017 9.7500000000000018
decision_type=2 2 2 2 2
left_child=2 -2 -1 -4 -5
right_child=1 -3 3 4 -6
leaf_value=0.40991061182948646 3.9537983837335009 -1.0017554907073751 -1.938039798206753 0.086366096320073249 -0.88022438309947892
leaf_weight=21 15.999999999999998 17 17 18 15.999999999999998
leaf_count=21 16 17 17 18 16
internal_value=0.0896421 1.40547 -0.51449 -0.895281 -0.369601
internal_weight=105 33 72 51 34
internal_count=105 33 72 51 34
is_linear=0
shrinkage=0.05


Tree=121
num_leaves=7
num_cat=0
split_feature=23 11 28 104 123 109
split_gain=27464.1 10642.1 18452.8 5009.41 3414.73 2689.8
threshold=57.400000000000013 30.900000000000002 5.1000000000000005 37.800000000000004 -0.0033333333333333405 -0.013333333333333195
decision_type=2 2 2 2 2 2
left_child=-1 -2 -3 4 -4 -6
right_child=1 2 3 -5 5 -7
leaf_value=1.8721344041508556 -1.512850935024451 1.4064495756728759 -0.84937938642765298 -1.3302410533886082 -0.41745285243619223 0.47090962999355679
leaf_weight=14.999999999999998 18 14.999999999999998 17.999999999999993 14.999999999999998 17.999999999999993 16.000000000000014
leaf_count=15 18 15 18 15 18 16
internal_value=-0.115644 -0.415433 -0.172927 -0.528162 -0.294588 0.000608458
internal_weight=115 100 82 67 52 34
internal_count=115 100 82 67 52 34
is_linear=0
shrinkage=0.05


Tree=122
num_leaves=6
num_cat=0
split_feature=9 78 13 102 24
split_gain=25092.1 17565.8 24148.2 4296.12 4497.81
threshold=6.8650000000000011 -1.0533333333333326 4.9750000000000005 43.95000000000001 35.250000000000007
decision_type=2 2 2 2 2
left_child=1 -1 -3 4 -4
right_child=-2 2 3 -5 -6
leaf_value=1.2094397508579751 1.7450284322981018 -2.2630223806838541 -0.46544539509526156 -0.68048192882969361 0.65423966022503321
leaf_weight=15.999999999999998 18 17 14.999999999999998 22 22
leaf_count=16 18 17 15 22 22
internal_value=0.0431075 -0.291356 -0.608553 -0.128734 0.200147
internal_weight=110 92 76 59 37
internal_count=110 92 76 59 37
is_linear=0
shrinkage=0.05


Tree=123
num_leaves=6
num_cat=0
split_feature=13 83 45 104 23
split_gain=26585.3 7602.6 4049.6 3758.82 2296.02
threshold=4.3800000000000008 4.5000000000000009 0.0066666666666666688 34.70000000000001 78.850000000000009
decision_type=2 2 2 2 2
left_child=-1 2 3 4 -2
right_child=1 -3 -4 -5 -6
leaf_value=1.6486124344293582 -0.62392963846085481 -1.4727879465415779 0.43409149625845123 -1.0658108975280793 0.10902208699577157
leaf_weight=18 18 14.999999999999998 17 17 26
leaf_count=18 18 15 17 17 26
internal_value=-0.104809 -0.445641 -0.246416 -0.436547 -0.191443
internal_weight=111 93 78 61 44
internal_count=111 93 78 61 44
is_linear=0
shrinkage=0.05


Tree=124
num_leaves=6
num_cat=0
split_feature=84 76 53 99 66
split_gain=27047.4 10339 6892.45 4677.7 1118.22
threshold=0.014166666666666662 -0.79999999999999705 32.350000000000009 46.350000000000001 31.600000000000005
decision_type=2 2 2 2 2
left_child=1 -1 -3 -4 -5
right_child=-2 2 3 4 -6
leaf_value=0.70070184860294216 2.0582488022103216 -1.4487922099806507 -0.86712765996368768 0.43742800358904904 -0.17111869470173161
leaf_weight=22 14.999999999999998 15.999999999999998 19 15.000000000000002 14.999999999999998
leaf_count=22 15 16 19 15 15
internal_value=0.104737 -0.233994 -0.55102 -0.255415 0.133431
internal_weight=102 87 65 49 30
internal_count=102 87 65 49 30
is_linear=0
shrinkage=0.05


Tree=125
num_leaves=6
num_cat=0
split_feature=121 45 77 116 20
split_gain=21927 55613.7 7578.74 6731.01 1255.43
threshold=-0.022500000000000405 -0.0033333333333333127 3.5000000000000004 4.5000000000000009 32.550000000000004
decision_type=2 2 2 2 2
left_child=3 2 -2 4 -1
right_child=1 -3 -4 -5 -6
leaf_value=-0.58584024646621657 -1.4005087205313691 2.5876334784866928 0.053691891847153055 -1.4308489001969589 0.059354724552457695
leaf_weight=15.000000000000002 14.999999999999998 23 22 21 14.999999999999998
leaf_count=15 15 23 22 21 15
internal_value=0.0150081 0.66245 -0.5379 -0.746396 -0.263951
internal_weight=111 60 37 51 30
internal_count=111 60 37 51 30
is_linear=0
shrinkage=0.05


Tree=126
num_leaves=5
num_cat=0
split_feature=31 15 11 76
split_gain=32737.1 69671.3 10175.1 3003.92
threshold=-0.024166666666666444 39.100000000000001 32.600000000000001 8.2750000000000075
decision_type=2 2 2 2
left_child=2 -2 -1 -3
right_child=1 3 -4 -5
leaf_value=-2.1003409149236236 3.6967355049209099 0.1541351807562642 -0.47678645272976355 -0.66304443238470778
leaf_weight=14.999999999999998 14.999999999999998 24 27 21
leaf_count=15 15 24 27 21
internal_value=0.00880574 0.757822 -1.06036 -0.227729
internal_weight=102 60 42 45
internal_count=102 60 42 45
is_linear=0
shrinkage=0.05


Tree=127
num_leaves=6
num_cat=0
split_feature=104 15 75 10 71
split_gain=21569.3 13986.1 12254.9 5076.18 2974.44
threshold=40.300000000000004 34.300000000000004 2.5000000000000004 5.2350000000000012 4.5000000000000009
decision_type=2 2 2 2 2
left_child=1 -1 -3 -4 -5
right_child=-2 2 3 4 -6
leaf_value=-1.6355401067259887 1.5492375992979677 1.262481838346317 -1.0898350021668841 -0.5358636551502487 0.27881321271407206
leaf_weight=15.999999999999998 19 14.999999999999998 15.999999999999998 19 27
leaf_count=16 19 15 16 19 27
internal_value=0.0186549 -0.295319 -0.0150068 -0.325692 -0.0580078
internal_weight=112 93 77 62 46
internal_count=112 93 77 62 46
is_linear=0
shrinkage=0.05


Tree=128
num_leaves=6
num_cat=0
split_feature=30 15 49 28 99
split_gain=22775 52916.8 6559.18 5557.12 1348.89
threshold=1.5000000000000002 39.100000000000001 5.7150000000000007 18.500000000000004 47.300000000000004
decision_type=2 2 2 2 2
left_child=2 -2 -1 4 -3
right_child=1 3 -4 -5 -6
leaf_value=-1.9662190047419619 2.9387261138939706 -0.3942528677697214 -0.48517003762011507 -1.1225299397841195 0.18815672228247238
leaf_weight=15.000000000000002 15.999999999999998 14.999999999999998 14.999999999999998 14.999999999999998 29
leaf_count=15 16 15 15 15 29
internal_value=-0.0678929 0.397875 -1.22993 -0.294891 -0.0107224
internal_weight=105 75 30 59 44
internal_count=105 75 30 59 44
is_linear=0
shrinkage=0.05


Tree=129
num_leaves=6
num_cat=0
split_feature=60 13 14 69 35
split_gain=21729.2 58426.4 14014.5 3737.11 3961.08
threshold=46.500000000000007 4.7000000000000011 32.45000000000001 2.5000000000000004 7.0166666666666684
decision_type=2 2 2 2 2
left_child=2 -2 -1 -3 -5
right_child=1 3 -4 4 -6
leaf_value=-2.1770648116307543 3.1398344788492096 -0.86871649784277816 -0.19768554193401769 0.51335934832282559 -0.504936701090548
leaf_weight=14.999999999999998 15.999999999999998 18 22 19 19
leaf_count=15 16 18 22 19 19
internal_value=-0.0207066 0.485207 -1.00398 -0.277413 0.00409114
internal_weight=109 72 37 56 38
internal_count=109 72 37 56 38
is_linear=0
shrinkage=0.05


Tree=130
num_leaves=6
num_cat=0
split_feature=9 54 11 0 31
split_gain=20385.6 19230.3 18847.7 5512.9 2098.91
threshold=6.8750000000000009 22.500000000000004 31.550000000000004 980.50000000000011 -0.014166666666666659
decision_type=2 2 2 2 2
left_child=1 -1 -3 -4 -5
right_child=-2 2 3 4 -6
leaf_value=1.2353924354411059 1.5836966123640166 -2.1874325687100429 -1.0067141053426329 -0.41027373605304307 0.29227501974835507
leaf_weight=15.999999999999998 15.999999999999998 15.999999999999998 18 16.999999999999993 28.000000000000007
leaf_count=16 16 16 18 17 28
internal_value=-0.0616526 -0.340191 -0.660518 -0.269798 0.0264356
internal_weight=111 95 79 63 45
internal_count=111 95 79 63 45
is_linear=0
shrinkage=0.05


Tree=131
num_leaves=6
num_cat=0
split_feature=23 45 13 102 65
split_gain=21217.5 13327.8 9179.37 2182.34 1086.91
threshold=57.400000000000013 0.0033333333333333275 5.0500000000000007 44.900000000000006 37.95000000000001
decision_type=2 2 2 2 2
left_child=-1 2 -2 4 -4
right_child=1 -3 3 -5 -6
leaf_value=1.7296716721642096 -1.7555088914782797 0.61092263986564577 -0.37139411472385708 -0.73652798697959243 0.21912363120262202
leaf_weight=14.999999999999998 14.999999999999998 29 16.000000000000004 22 14.999999999999998
leaf_count=15 15 29 16 22 15
internal_value=-0.0138737 -0.285049 -0.667564 -0.356835 -0.0857131
internal_weight=112 97 68 53 31
internal_count=112 97 68 53 31
is_linear=0
shrinkage=0.05


Tree=132
num_leaves=6
num_cat=0
split_feature=16 44 76 106 123
split_gain=21482 52677.9 9238.99 7066.9 3451.72
threshold=5.6550000000000011 2.5000000000000004 -3.8249999999999988 6.2500000000000009 0.0050000000000000192
decision_type=2 2 2 2 2
left_child=2 -2 -1 -4 -5
right_child=1 -3 3 4 -6
leaf_value=-1.6000557191324551 -0.45662744805157418 3.2819342314012796 0.48646063966449032 -1.2253742637223752 -0.16977068215423488
leaf_weight=14.999999999999998 25 14.999999999999998 22 15.000000000000002 15.999999999999998
leaf_count=15 25 15 22 15 16
internal_value=0.03177 0.949897 -0.508833 -0.19747 -0.683005
internal_weight=108 40 68 53 31
internal_count=108 40 68 53 31
is_linear=0
shrinkage=0.05


Tree=133
num_leaves=6
num_cat=0
split_feature=16 44 76 41 37
split_gain=20859.1 46175.4 7895.71 6094.39 7626.62
threshold=5.6550000000000011 2.5000000000000004 -3.8249999999999988 0.088333333333332945 7.2333333333333316
decision_type=2 2 2 2 2
left_child=2 -2 -1 4 -4
right_child=1 -3 3 -5 -6
leaf_value=-1.4114305733153536 -0.4054100177594735 3.0542194021229414 1.0102713216165575 -0.99157549772203335 -0.36373436202422282
leaf_weight=15.999999999999998 24 15.999999999999998 15.999999999999998 15.999999999999998 27
leaf_count=16 24 16 16 16 27
internal_value=0.0617491 0.982483 -0.429897 -0.161695 0.148565
internal_weight=115 40 75 59 43
internal_count=115 40 75 59 43
is_linear=0
shrinkage=0.05


Tree=134
num_leaves=6
num_cat=0
split_feature=23 14 102 67 0
split_gain=23376.6 14790.2 9303.9 8867.67 3979.27
threshold=64.950000000000017 24.250000000000004 43.95000000000001 14.650000000000002 1491.5000000000002
decision_type=2 2 2 2 2
left_child=-1 -2 3 -3 -4
right_child=1 2 4 -5 -6
leaf_value=1.4033067416106022 -1.7809271825070412 -0.2021331173863577 -1.2609834557337478 1.3733481502681044 -0.14429160314693784
leaf_weight=24 14.999999999999998 20 14.999999999999998 15.999999999999998 17
leaf_count=24 15 20 15 16 17
internal_value=0.0322361 -0.36537 -0.0508841 0.499807 -0.670194
internal_weight=107 83 68 36 32
internal_count=107 83 68 36 32
is_linear=0
shrinkage=0.05


Tree=135
num_leaves=6
num_cat=0
split_feature=79 12 23 104 76
split_gain=22090.2 12897.8 8004.12 3820.4 2401.89
threshold=1.5000000000000002 47.650000000000013 68.550000000000026 34.70000000000001 7.5000000000000009
decision_type=2 2 2 2 2
left_child=-1 -2 -3 4 -4
right_child=1 2 3 -5 -6
leaf_value=1.5835250407654717 -1.565199691311443 0.82403095434911489 -0.50151165050888491 -1.0640769009004558 0.30147101612564942
leaf_weight=14.999999999999998 21 15.999999999999998 22 17 15.999999999999998
leaf_count=15 21 16 22 17 16
internal_value=-0.189244 -0.479742 -0.156871 -0.443293 -0.163379
internal_weight=107 92 71 55 38
internal_count=107 92 71 55 38
is_linear=0
shrinkage=0.05


Tree=136
num_leaves=6
num_cat=0
split_feature=84 94 13 64 41
split_gain=23492.1 7488.47 4975.84 1818.5 1380.09
threshold=0.014166666666666662 5.7000000000000011 4.9750000000000005 42.20000000000001 0.028333333333333325
decision_type=2 2 2 2 2
left_child=1 2 -1 4 -4
right_child=-2 -3 3 -5 -6
leaf_value=-1.1689852821896647 1.9358788145298989 0.62775971236811501 0.38257249142072219 -0.50108259656772391 -0.27207834333621012
leaf_weight=17 14.999999999999998 22 15.999999999999998 27 15.999999999999998
leaf_count=17 15 22 16 27 16
internal_value=0.100002 -0.182635 -0.417806 -0.199668 0.0552634
internal_weight=113 98 76 59 32
internal_count=113 98 76 59 32
is_linear=0
shrinkage=0.05


Tree=137
num_leaves=6
num_cat=0
split_feature=23 20 13 90 24
split_gain=17587.2 11704.7 6744.19 2214.45 1274.89
threshold=57.400000000000013 25.850000000000005 4.9750000000000005 61.150000000000013 38.100000000000009
decision_type=2 2 2 2 2
left_child=-1 -2 -3 4 -4
right_child=1 2 3 -5 -6
leaf_value=1.6007185772554764 0.91104576969673612 -1.2640046370537925 -0.3690006789213382 -0.71386692546169206 0.2010238403224375
leaf_weight=14.999999999999998 18 21 15.999999999999998 15.999999999999998 25
leaf_count=15 18 21 16 16 25
internal_value=0.0143727 -0.23485 -0.500179 -0.216961 -0.0216597
internal_weight=111 96 78 57 41
internal_count=111 96 78 57 41
is_linear=0
shrinkage=0.05


Tree=138
num_leaves=6
num_cat=0
split_feature=69 0 17 123 82
split_gain=22034.6 51700.9 6369.35 5531.25 1244.33
threshold=3.5000000000000004 2341.0000000000005 31.450000000000003 -0.0033333333333333127 1.0000000180025095e-35
decision_type=2 2 2 2 2
left_child=3 -2 -3 -1 -5
right_child=1 2 -4 4 -6
leaf_value=-1.1352765377774181 2.6052479431613702 0.18806315009167648 -1.2652761327115116 0.095190809200059123 -0.49482075664567654
leaf_weight=25 23 15.000000000000002 14.999999999999998 20 15.999999999999998
leaf_count=25 23 15 15 20 16
internal_value=0.0820473 0.82703 -0.54023 -0.565445 -0.167542
internal_weight=114 53 30 61 36
internal_count=114 53 30 61 36
is_linear=0
shrinkage=0.05


Tree=139
num_leaves=6
num_cat=0
split_feature=60 13 13 0 92
split_gain=16815 46187.7 9091.03 3037.66 2597.54
threshold=46.500000000000007 4.7000000000000011 5.5250000000000012 1592.0000000000002 38.800000000000004
decision_type=2 2 2 2 2
left_child=2 -2 -1 -3 -5
right_child=1 3 -4 4 -6
leaf_value=-1.732814875707863 2.8348798208355159 -0.64701351785012495 -0.16810670028444871 -0.26210812309343895 0.57286105585394442
leaf_weight=15.999999999999998 15.999999999999998 22 22 22 15.999999999999998
leaf_count=16 16 22 22 22 16
internal_value=0.0275597 0.456873 -0.829881 -0.180841 0.0899074
internal_weight=114 76 38 60 38
internal_count=114 76 38 60 38
is_linear=0
shrinkage=0.05


Tree=140
num_leaves=7
num_cat=0
split_feature=31 15 11 11 72 121
split_gain=16681.1 38705.4 7637.96 2787.26 2532.81 1546.53
threshold=-0.024166666666666444 39.100000000000001 31.800000000000001 48.050000000000004 0.19916666666666719 -1.0000000180025095e-35
decision_type=2 2 2 2 2 2
left_child=2 -2 -1 5 -4 -3
right_child=1 3 4 -5 -6 -7
leaf_value=-1.6699412079046896 2.5412912547239781 -0.32292894309166797 -0.7469132598662217 -0.79122674946753402 0.1692773497262538 0.35987536084582233
leaf_weight=14.999999999999998 17 15.999999999999998 15.000000000000002 14.999999999999998 14.999999999999998 17
leaf_count=15 17 16 15 15 15 17
internal_value=-0.0133982 0.498591 -0.752515 -0.228541 -0.289611 0.0286922
internal_weight=110 65 45 48 30 33
internal_count=110 65 45 48 30 33
is_linear=0
shrinkage=0.05


Tree=141
num_leaves=6
num_cat=0
split_feature=41 16 14 50 5
split_gain=17673.6 46833.9 9496.3 9029.07 3162.62
threshold=0.4675000000000003 5.3900000000000015 34.150000000000006 33.650000000000013 1.0000000180025095e-35
decision_type=2 2 2 2 2
left_child=1 3 -2 -1 -5
right_child=2 -3 -4 4 -6
leaf_value=-1.428946986182636 -1.9219474820901223 2.3901042540491475 -0.17223346057978475 0.47121947666737418 -0.43866928435120905
leaf_weight=14.999999999999998 15.000000000000002 21 15.999999999999998 19 19
leaf_count=15 15 21 16 19 19
internal_value=-0.0221081 0.397717 -1.02249 -0.39464 0.0161866
internal_weight=105 74 31 53 38
internal_count=105 74 31 53 38
is_linear=0
shrinkage=0.05


Tree=142
num_leaves=6
num_cat=0
split_feature=84 58 97 89 21
split_gain=22435 6379.54 5588.05 1767.48 2056.45
threshold=0.014166666666666662 4.6550000000000002 5.6150000000000011 21.250000000000004 47.400000000000006
decision_type=2 2 2 2 2
left_child=1 -1 3 -3 -5
right_child=-2 2 -4 4 -6
leaf_value=-1.191930990485671 1.7909807524144257 0.10555149652310554 0.59643606529416626 -0.96875452965683062 -0.24244931419175933
leaf_weight=15.999999999999998 14.999999999999998 14.999999999999998 21 15.999999999999998 25
leaf_count=16 15 15 21 16 25
internal_value=0.00319078 -0.286723 -0.0972607 -0.358086 -0.527675
internal_weight=108 93 77 56 41
internal_count=108 93 77 56 41
is_linear=0
shrinkage=0.05


Tree=143
num_leaves=6
num_cat=0
split_feature=66 27 57 33 99
split_gain=21589.3 12392.2 9214.99 11788.1 2445.48
threshold=35.150000000000006 12.750000000000002 53.250000000000007 0.26916666666666705 48.20000000000001
decision_type=2 2 2 2 2
left_child=1 -1 3 -3 -4
right_child=-2 2 4 -5 -6
leaf_value=-1.5735646961143661 1.3730333974858595 1.4905014686237108 -1.2219712254424755 -0.26503448501172194 -0.31717665274411644
leaf_weight=18 21 14.999999999999998 15.000000000000002 26 14.999999999999998
leaf_count=18 21 15 15 26 15
internal_value=-0.0650997 -0.405651 -0.107693 0.379177 -0.772297
internal_weight=110 89 71 41 30
internal_count=110 89 71 41 30
is_linear=0
shrinkage=0.05


Tree=144
num_leaves=6
num_cat=0
split_feature=69 16 105 40 48
split_gain=16907.2 40854.7 8945.24 6194.81 2156.93
threshold=3.5000000000000004 5.6550000000000011 16.650000000000002 3.5000000000000004 6.7750000000000012
decision_type=2 2 2 2 2
left_child=3 2 -2 4 -1
right_child=1 -3 -4 -5 -6
leaf_value=0.37604249735541684 -1.2150959691645935 2.5345355157452727 0.42746181976028352 -1.0799752563874492 -0.46905101419284645
leaf_weight=15.000000000000002 15.999999999999998 19 17 28 14.999999999999998
leaf_count=15 16 19 17 28 15
internal_value=0.0399586 0.693977 -0.370044 -0.546501 -0.0464926
internal_weight=110 52 33 58 30
internal_count=110 52 33 58 30
is_linear=0
shrinkage=0.05


Tree=145
num_leaves=6
num_cat=0
split_feature=1 61 74 41 103
split_gain=18644.4 51632.1 8527.13 4555.11 2145.65
threshold=2.5000000000000004 0.16500000000000004 -2.5999999999999974 1.0000000180025095e-35 35.100000000000009
decision_type=2 2 2 2 2
left_child=1 4 -2 -4 -1
right_child=2 -3 3 -5 -6
leaf_value=-0.53531364526491432 -1.6017082606719819 3.200019845188848 0.38223438712444091 -0.68765482729916116 0.22507439749130354
leaf_weight=24 14.999999999999998 14.999999999999998 18 22 14.999999999999998
leaf_count=24 15 15 18 22 15
internal_value=0.0581883 0.717521 -0.589193 -0.206327 -0.242901
internal_weight=109 54 55 40 39
internal_count=109 54 55 40 39
is_linear=0
shrinkage=0.05


Tree=146
num_leaves=6
num_cat=0
split_feature=25 25 51 30 103
split_gain=14774.3 36100.5 5626.79 5294.5 2591.95
threshold=37.800000000000004 31.400000000000002 51.150000000000006 2.5000000000000004 35.100000000000009
decision_type=2 2 2 2 2
left_child=1 3 -2 -1 -4
right_child=2 -3 4 -5 -6
leaf_value=-1.0817393313969994 -1.2231755058286269 2.3165042575912094 -0.54138080575482339 0.24299634931892752 0.2432833535643063
leaf_weight=15.000000000000002 18 20 22 14.999999999999998 20
leaf_count=15 18 20 22 15 20
internal_value=0.0424861 0.676581 -0.48609 -0.420599 -0.167922
internal_weight=110 50 60 30 42
internal_count=110 50 60 30 42
is_linear=0
shrinkage=0.05


Tree=147
num_leaves=6
num_cat=0
split_feature=80 14 14 123 80
split_gain=17776.7 13013.7 10913.4 2785.75 1065.04
threshold=-0.34083333333333415 24.250000000000004 32.45000000000001 -0.0099999999999999794 0.24833333333333354
decision_type=2 2 2 2 2
left_child=-1 -2 -3 -4 -5
right_child=1 2 3 4 -6
leaf_value=1.4598362467894894 -1.3785268226073155 1.2073625149193756 -0.78232754435987095 0.28137850269027376 -0.27067596966995622
leaf_weight=18 20 15.999999999999998 18 15.999999999999998 19
leaf_count=18 20 16 18 16 19
internal_value=0.0312637 -0.258919 0.0670578 -0.278716 -0.0180831
internal_weight=107 89 69 53 35
internal_count=107 89 69 53 35
is_linear=0
shrinkage=0.05


Tree=148
num_leaves=6
num_cat=0
split_feature=57 13 0 92 100
split_gain=16371.9 29437.5 3220.97 3245.19 1780.51
threshold=39.350000000000009 4.7000000000000011 980.50000000000011 38.800000000000004 0.16500000000000004
decision_type=2 2 2 2 2
left_child=-1 -2 -3 4 -4
right_child=1 2 3 -5 -6
leaf_value=-1.5455162920699215 1.8777169032119461 -0.75652044995983625 -0.64042947970291708 0.49799757905655506 0.052133781204092726
leaf_weight=14.999999999999998 21 21 19 19 18
leaf_count=15 21 21 19 19 18
internal_value=-0.0128371 0.223042 -0.230018 -0.0314943 -0.30414
internal_weight=113 98 77 56 37
internal_count=113 98 77 56 37
is_linear=0
shrinkage=0.05


Tree=149
num_leaves=6
num_cat=0
split_feature=3 27 28 98 64
split_gain=16587.6 14617.1 16289.9 4666.13 2302.11
threshold=1.5000000000000002 13.950000000000001 5.1000000000000005 33.750000000000007 39.20000000000001
decision_type=2 2 2 2 2
left_child=-1 -2 -3 4 -4
right_child=1 2 3 -5 -6
leaf_value=1.1489268306256328 -1.4790678423162884 1.3624121916921514 0.32695249270277416 -1.095247305345814 -0.50612257321984122
leaf_weight=24 21 17 17 17 15.999999999999998
leaf_count=24 21 17 17 17 16
internal_value=-0.0134109 -0.331413 0.0298932 -0.424879 -0.0771204
internal_weight=112 88 67 50 33
internal_count=112 88 67 50 33
is_linear=0
shrinkage=0.05


Tree=150
num_leaves=6
num_cat=0
split_feature=78 36 73 107 14
split_gain=13908 14395.8 11953.6 5279.15 4376.97
threshold=2.1283333333333334 2.5000000000000004 2.5000000000000004 53.500000000000007 38.850000000000009
decision_type=2 2 2 2 2
left_child=1 -1 -3 4 -4
right_child=-2 2 3 -5 -6
leaf_value=-1.6918421723457595 1.2602115074299878 1.0387534573128085 -1.4373254188638649 0.14501397847215791 -0.30715762299684746
leaf_weight=15.999999999999998 15.999999999999998 19 14.999999999999998 26 20
leaf_count=16 16 19 15 26 20
internal_value=-0.0998812 -0.327691 -0.0530265 -0.394315 -0.794373
internal_weight=112 96 80 61 35
internal_count=112 96 80 61 35
is_linear=0
shrinkage=0.05


Tree=151
num_leaves=6
num_cat=0
split_feature=84 66 58 99 107
split_gain=21232.6 5401.03 5532.17 3410.41 3473.05
threshold=0.0066666666666666688 33.95000000000001 4.9350000000000014 47.650000000000013 53.500000000000007
decision_type=2 2 2 2 2
left_child=1 2 -1 -4 -5
right_child=-2 -3 3 4 -6
leaf_value=-1.2483159349675763 1.5357970394305329 0.48246138092735047 -0.72677581485231124 -0.42815437013318081 0.59509930413717416
leaf_weight=17 20 19 20 15.999999999999998 17
leaf_count=17 20 19 20 16 17
internal_value=0.0679015 -0.26326 -0.466141 -0.213282 0.0990306
internal_weight=109 89 70 53 33
internal_count=109 89 70 53 33
is_linear=0
shrinkage=0.05


Tree=152
num_leaves=6
num_cat=0
split_feature=104 62 63 13 56
split_gain=13002.3 12249.8 9483.37 2802.43 893.919
threshold=40.300000000000004 57.70000000000001 35.150000000000006 5.1150000000000011 36.500000000000007
decision_type=2 2 2 2 2
left_child=1 -1 -3 -4 -5
right_child=-2 2 3 4 -6
leaf_value=-1.427597130267001 1.141186982007762 1.1417040833574257 -0.7824729826568898 0.22866839111180598 -0.26169435584732376
leaf_weight=18 20 14.999999999999998 18 18 19
leaf_count=18 20 15 18 18 19
internal_value=-0.00628255 -0.268127 0.0315621 -0.272636 -0.0230314
internal_weight=108 88 70 55 37
internal_count=108 88 70 55 37
is_linear=0
shrinkage=0.05


Tree=153
num_leaves=6
num_cat=0
split_feature=23 45 62 16 107
split_gain=15270.1 9106.74 11012.6 1133.3 1430.62
threshold=57.400000000000013 0.0033333333333333275 68.200000000000017 5.6850000000000014 53.500000000000007
decision_type=2 2 2 2 2
left_child=-1 2 -2 4 -4
right_child=1 -3 3 -5 -6
leaf_value=1.4217828532717876 -1.658175524328295 0.45607743797842987 -0.34205524015255001 -0.55394298960590926 0.3091597143387953
leaf_weight=14.999999999999998 18 29 19 17 14.999999999999998
leaf_count=15 18 29 19 17 15
internal_value=-0.0583959 -0.286223 -0.598485 -0.221866 -0.0545438
internal_weight=113 98 69 51 34
internal_count=113 98 69 51 34
is_linear=0
shrinkage=0.05


Tree=154
num_leaves=5
num_cat=0
split_feature=13 0 92 98
split_gain=18851.1 4072.77 3029.6 1010.6
threshold=4.7000000000000011 980.50000000000011 38.800000000000004 33.750000000000007
decision_type=2 2 2 2
left_child=-1 -2 3 -3
right_child=1 2 -4 -5
leaf_value=1.3154922791041774 -0.85014325898157517 -0.11622525345091619 0.39633116995617423 -0.61200716244546993
leaf_weight=24 22 26 23 17
leaf_count=24 22 26 23 17
internal_value=0.0763751 -0.262619 -0.0657118 -0.313313
internal_weight=112 88 66 43
internal_count=112 88 66 43
is_linear=0
shrinkage=0.05


Tree=155
num_leaves=6
num_cat=0
split_feature=69 61 123 72 103
split_gain=13837.6 24066.6 7906.65 6792.08 2670.77
threshold=2.5000000000000004 0.17500000000000002 -0.0058333333333333284 1.0000000180025095e-35 25.650000000000002
decision_type=2 2 2 2 2
left_child=2 3 -1 -2 -5
right_child=1 -3 -4 4 -6
leaf_value=-1.5240346987603119 0.80842940073139635 2.1099944028424917 -0.12620757647923062 0.082886530547742032 -0.76613648185096839
leaf_weight=18 14.999999999999998 15.999999999999998 23 14.999999999999998 24
leaf_count=18 15 16 23 15 24
internal_value=-0.0137672 0.413279 -0.742224 -0.0923294 -0.440084
internal_weight=111 70 41 54 39
internal_count=111 70 41 54 39
is_linear=0
shrinkage=0.05


Tree=156
num_leaves=6
num_cat=0
split_feature=16 40 76 60 31
split_gain=14683.4 37541.6 8220.83 4256.51 3617.99
threshold=5.6550000000000011 5.5000000000000009 -3.8249999999999988 46.500000000000007 0.020833333333333485
decision_type=2 2 2 2 2
left_child=2 -2 -1 -4 -5
right_child=1 -3 3 4 -6
leaf_value=-1.4746613029367435 2.1681597771520296 -0.89227735035082434 -0.87348539940318704 -0.28776774347075784 0.69930185434834069
leaf_weight=15.999999999999998 21 19 15.999999999999998 24 14.999999999999998
leaf_count=16 21 19 16 24 15
internal_value=-0.049327 0.715728 -0.480814 -0.189453 0.0925641
internal_weight=111 40 71 55 39
internal_count=111 40 71 55 39
is_linear=0
shrinkage=0.05


Tree=157
num_leaves=5
num_cat=0
split_feature=20 44 13 27
split_gain=15751.3 32984.8 8838.06 2065.88
threshold=32.150000000000006 2.5000000000000004 4.7400000000000011 29.600000000000005
decision_type=2 2 2 2
left_child=1 -1 -2 -4
right_child=2 -3 3 -5
leaf_value=-0.4876954973843704 -1.6198522701026488 2.2694276746465358 0.022964160424756828 -0.667167306341519
leaf_weight=27 15.999999999999998 18 27 18
leaf_count=27 16 18 27 18
internal_value=-0.091168 0.61763 -0.614288 -0.253845
internal_weight=106 45 61 45
internal_count=106 45 61 45
is_linear=0
shrinkage=0.05


Tree=158
num_leaves=6
num_cat=0
split_feature=13 20 90 80 24
split_gain=14490.2 6565.41 3916.76 1774.45 1139.17
threshold=4.3800000000000008 24.500000000000004 63.550000000000004 0.39166666666666666 43.350000000000001
decision_type=2 2 2 2 2
left_child=-1 -2 3 4 -3
right_child=1 2 -4 -5 -6
leaf_value=1.4609811628827396 0.79544296888326183 -0.23698822785327789 -0.9259583956433981 -0.59947551212563421 0.27118604812787211
leaf_weight=15.999999999999998 14.999999999999998 21 21 14.999999999999998 23
leaf_count=16 15 21 21 15 23
internal_value=0.0738265 -0.161038 -0.341209 -0.131779 0.0285475
internal_weight=111 95 80 59 44
internal_count=111 95 80 59 44
is_linear=0
shrinkage=0.05


Tree=159
num_leaves=6
num_cat=0
split_feature=16 41 76 41 105
split_gain=15063.2 39245.5 7479.64 4575.94 3196.56
threshold=5.6550000000000011 0.6325000000000004 -4.7416666666666698 -0.17583333333333326 17.900000000000002
decision_type=2 2 2 2 2
left_child=2 -2 -1 4 -4
right_child=1 -3 3 -5 -6
leaf_value=-1.4059769105437576 2.5126056833161829 -0.66172915533255627 -0.24141434009030732 -0.67957745981422857 0.77153683940306417
leaf_weight=14.999999999999998 18 21 16.000000000000004 23 14.999999999999998
leaf_count=15 18 21 16 23 15
internal_value=0.0216061 0.8059 -0.422143 -0.146669 0.249467
internal_weight=108 39 69 54 31
internal_count=108 39 69 54 31
is_linear=0
shrinkage=0.05


Tree=160
num_leaves=7
num_cat=0
split_feature=16 106 76 40 37 106
split_gain=11049.9 35035 8179.04 3762.84 4079.68 1040.35
threshold=5.6550000000000011 6.9000000000000012 -3.8249999999999988 3.5000000000000004 5.7749999999999977 6.2500000000000009
decision_type=2 2 2 2 2 2
left_child=2 -2 -1 4 -4 -6
right_child=1 -3 3 -5 5 -7
leaf_value=-1.4387627584255294 -0.80413994361156527 2.1133570593276723 0.76015647622133731 -0.82350882609553688 0.057407307782709971 -0.52071500479804811
leaf_weight=14.999999999999998 21 20 14.999999999999998 14.999999999999998 15.000000000000002 15.999999999999998
leaf_count=15 21 20 15 15 15 16
internal_value=-0.0400297 0.620587 -0.396828 -0.138597 0.0859371 -0.241533
internal_weight=117 41 76 61 46 31
internal_count=117 41 76 61 46 31
is_linear=0
shrinkage=0.05


Tree=161
num_leaves=6
num_cat=0
split_feature=104 68 13 73 55
split_gain=12915.4 10204.6 16666.8 1594.68 1127.88
threshold=40.300000000000004 56.500000000000007 4.7000000000000011 5.5000000000000009 5.3900000000000015
decision_type=2 2 2 2 2
left_child=1 2 -1 4 -4
right_child=-2 -3 3 -5 -6
leaf_value=-1.968304067368833 1.1636891737034183 0.71974664057665194 -0.0095956607634976789 0.26920737550969709 -0.57906668682373008
leaf_weight=15.999999999999998 19 20 15.999999999999998 17 19
leaf_count=16 19 20 16 17 19
internal_value=-0.014963 -0.270534 -0.562495 -0.126895 -0.319649
internal_weight=107 88 68 52 35
internal_count=107 88 68 52 35
is_linear=0
shrinkage=0.05


Tree=162
num_leaves=6
num_cat=0
split_feature=66 36 38 62 100
split_gain=12345.9 10493.2 13180.6 2610.63 1452.7
threshold=35.150000000000006 2.5000000000000004 2.5000000000000004 68.200000000000017 0.16500000000000004
decision_type=2 2 2 2 2
left_child=1 -1 -3 -4 -5
right_child=-2 2 3 4 -6
leaf_value=-1.3631609497711672 1.1222715078894772 1.3299745436535766 -0.89146260599426874 -0.43388526069609479 0.13431605305909122
leaf_weight=17 20 14.999999999999998 14.999999999999998 21 24
leaf_count=17 20 15 15 21 24
internal_value=-0.000390962 -0.245456 0.00930184 -0.322447 -0.131108
internal_weight=112 92 75 60 45
internal_count=112 92 75 60 45
is_linear=0
shrinkage=0.05


Tree=163
num_leaves=6
num_cat=0
split_feature=66 14 72 99 52
split_gain=11963.9 12205.5 7429.39 1658.76 1161.82
threshold=35.150000000000006 17.450000000000003 -0.088333333333333361 46.350000000000001 5.7950000000000008
decision_type=2 2 2 2 2
left_child=1 -1 -3 -4 -5
right_child=-2 2 3 4 -6
leaf_value=-1.5710019256894951 1.0750355709807493 0.75747192093419802 -0.70646976213804713 -0.43225447776154707 0.15162384994122202
leaf_weight=14.999999999999998 20 22 19 15.999999999999998 18
leaf_count=15 20 22 19 16 18
internal_value=-0.0279497 -0.274034 -0.0128275 -0.333493 -0.123458
internal_weight=110 90 75 53 34
internal_count=110 90 75 53 34
is_linear=0
shrinkage=0.05


Tree=164
num_leaves=6
num_cat=0
split_feature=16 39 13 0 87
split_gain=16635.9 31201.2 11449.7 1369.16 1252.14
threshold=5.6550000000000011 0.30666666666666625 4.9750000000000005 1121.0000000000002 6.8050000000000006
decision_type=2 2 2 2 2
left_child=2 -2 -1 -4 -5
right_child=1 -3 3 4 -6
leaf_value=-1.7426593884727024 2.4409820971281633 -0.48264384275364086 -0.60196496564031443 -0.24984288907359009 0.3183069744054845
leaf_weight=14.999999999999998 15.999999999999998 21 14.999999999999998 27 14.999999999999998
leaf_count=15 16 21 15 27 15
internal_value=-0.0756839 0.784664 -0.518351 -0.19359 -0.0465394
internal_weight=109 37 72 57 42
internal_count=109 37 72 57 42
is_linear=0
shrinkage=0.05


Tree=165
num_leaves=6
num_cat=0
split_feature=11 20 35 36 78
split_gain=14740.6 8628.38 5345.98 5933.55 2277.85
threshold=26.550000000000004 25.850000000000005 -0.35833333333333067 4.5000000000000009 0.42333333333333273
decision_type=2 2 2 2 2
left_child=-1 -2 -3 -4 -5
right_child=1 2 3 4 -6
leaf_value=1.5251222856589501 0.83306654149985437 -1.2233512019479511 0.59123829989308152 -0.81370041929339954 -0.11720014774276838
leaf_weight=14.999999999999998 18 14.999999999999998 18 24 23
leaf_count=15 18 15 18 24 23
internal_value=0.070859 -0.153009 -0.375702 -0.178435 -0.473939
internal_weight=113 98 80 65 47
internal_count=113 98 80 65 47
is_linear=0
shrinkage=0.05


Tree=166
num_leaves=7
num_cat=0
split_feature=84 65 104 52 52 23
split_gain=16582.9 4686.38 3520.6 2024.43 1135.62 525.411
threshold=0.010000000000000011 22.450000000000003 37.150000000000006 5.1900000000000004 6.2150000000000007 80.800000000000011
decision_type=2 2 2 2 2 2
left_child=1 -1 3 -3 -5 -6
right_child=-2 2 -4 4 5 -7
leaf_value=0.60050083063296145 1.5274795601827016 -0.6629093967609524 -0.97356312321035898 0.34434334102845354 -0.3957019922749096 0.015116966872111613
leaf_weight=14.999999999999998 15.999999999999998 15.999999999999998 18 14.999999999999998 15.000000000000002 15.999999999999998
leaf_count=15 16 16 18 15 15 16
internal_value=0.043506 -0.207717 -0.359881 -0.180354 -0.0113261 -0.184139
internal_weight=111 95 80 62 46 31
internal_count=111 95 80 62 46 31
is_linear=0
shrinkage=0.05


Tree=167
num_leaves=5
num_cat=0
split_feature=28 0 90 102
split_gain=10573.5 25478.4 7065.03 4154.33
threshold=6.9000000000000012 2341.0000000000005 60.600000000000009 35.600000000000009
decision_type=2 2 2 2
left_child=1 -1 3 -2
right_child=2 -3 -4 -5
leaf_value=2.086286533366867 -0.51174431965373368 -0.4168197902105007 -1.0969955293469409 0.41662661396121586
leaf_weight=17 24 25 24 24
leaf_count=17 24 25 24 24
internal_value=-0.0308204 0.598773 -0.398473 -0.0475538
internal_weight=114 42 72 48
internal_count=114 42 72 48
is_linear=0
shrinkage=0.05


Tree=168
num_leaves=6
num_cat=0
split_feature=35 105 10 52 109
split_gain=10902.1 7087.94 11622.1 5376.38 1622.13
threshold=-6.8916666666666684 19.400000000000002 5.9900000000000011 5.1300000000000017 -0.023333333333333869
decision_type=2 2 2 2 2
left_child=-1 3 -3 -2 -5
right_child=1 2 -4 4 -6
leaf_value=1.1954187621055921 -1.2331567547708282 1.404631498317845 -0.41255751130705198 -0.56106999234067201 0.06193077962893944
leaf_weight=15.999999999999998 19 14.999999999999998 21 19 23
leaf_count=16 19 15 21 19 23
internal_value=-0.00957485 -0.209415 0.34626 -0.537465 -0.220447
internal_weight=113 97 36 61 42
internal_count=113 97 36 61 42
is_linear=0
shrinkage=0.05


Tree=169
num_leaves=6
num_cat=0
split_feature=69 61 123 58 37
split_gain=10885.9 22135.1 6633.05 4452.47 6527.07
threshold=2.5000000000000004 0.17500000000000002 -1.0000000180025095e-35 4.8950000000000005 7.2333333333333316
decision_type=2 2 2 2 2
left_child=2 3 -1 -2 -5
right_child=1 -3 -4 4 -6
leaf_value=-1.3799314190010996 -0.79760916492213363 2.0584537044266202 -0.099691436004329032 0.97148787649521895 -0.30869325754514598
leaf_weight=18 15.999999999999998 14.999999999999998 23 15.999999999999998 26
leaf_count=18 16 15 23 16 26
internal_value=-0.0127908 0.353218 -0.66386 -0.0904896 0.180025
internal_weight=114 73 41 58 42
internal_count=114 73 41 58 42
is_linear=0
shrinkage=0.05


Tree=170
num_leaves=7
num_cat=0
split_feature=79 45 121 84 104 20
split_gain=11754 6691.3 16349.6 7200.53 1439.92 1154.43
threshold=1.5000000000000002 0.0033333333333333275 -0.039166666666666121 0.0066666666666666688 30.200000000000003 35.050000000000004
decision_type=2 2 2 2 2 2
left_child=-1 3 -3 4 5 -2
right_child=1 2 -4 -5 -6 -7
leaf_value=1.3135069785627309 0.34070323642515976 -0.73634289226537897 1.5908078042876641 -1.4300881062023687 -0.52509161742569888 -0.26787241449267224
leaf_weight=14.999999999999998 15.000000000000002 15.000000000000002 14.999999999999998 14.999999999999998 19 15.999999999999998
leaf_count=15 15 15 15 15 19 16
internal_value=0.0175719 -0.188163 0.428486 -0.473068 -0.18358 0.0265876
internal_weight=110 95 30 65 50 31
internal_count=110 95 30 65 50 31
is_linear=0
shrinkage=0.05


Tree=171
num_leaves=6
num_cat=0
split_feature=57 39 119 26 21
split_gain=10406.9 19844.6 5421.75 1529.32 896.957
threshold=39.350000000000009 -0.58666666666666634 -0.56666666666666587 27.200000000000003 50.95000000000001
decision_type=2 2 2 2 2
left_child=-1 -2 -3 -4 -5
right_child=1 2 3 4 -6
leaf_value=-1.2085567748359103 1.7478275460109374 0.7218314317283252 -0.64609989701959591 0.062269218220855238 -0.41550313230843572
leaf_weight=14.999999999999998 17 14.999999999999998 24 23 17
leaf_count=15 17 15 24 23 17
internal_value=0.0116616 0.203432 -0.130633 -0.331321 -0.141189
internal_weight=111 96 79 64 40
internal_count=111 96 79 64 40
is_linear=0
shrinkage=0.05


Tree=172
num_leaves=6
num_cat=0
split_feature=84 65 12 10 96
split_gain=12038.7 3515.21 4349.47 1721.43 707.289
threshold=0.014166666666666662 22.450000000000003 51.400000000000013 6.4250000000000016 53.350000000000001
decision_type=2 2 2 2 2
left_child=1 -1 -3 4 -4
right_child=-2 2 3 -5 -6
leaf_value=0.44808706878298549 1.3387246914257278 -1.0301476302899812 0.17828659297469557 -0.57115633487701423 -0.2347151482298461
leaf_weight=18 14.999999999999998 17 29 15.999999999999998 15.999999999999998
leaf_count=18 15 17 29 16 16
internal_value=0.0262665 -0.179933 -0.325313 -0.127437 0.0311358
internal_weight=111 96 78 61 45
internal_count=111 96 78 61 45
is_linear=0
shrinkage=0.05


Tree=173
num_leaves=6
num_cat=0
split_feature=31 35 67 83 105
split_gain=10191 16125 8314.85 6076.96 1889.68
threshold=-0.06250000000000043 -2.7499999999999978 16.650000000000002 3.5000000000000004 12.250000000000002
decision_type=2 2 2 2 2
left_child=-1 -2 3 4 -3
right_child=1 2 -4 -5 -6
leaf_value=-1.2540446907479241 1.4871659546267262 -0.46031574011908322 0.62311139230604295 -1.2897059929039743 0.25899285252049847
leaf_weight=14.999999999999998 18 21 23 17 15.999999999999998
leaf_count=15 18 21 23 17 16
internal_value=-0.0473783 0.144214 -0.17118 -0.510108 -0.149269
internal_weight=110 95 77 54 37
internal_count=110 95 77 54 37
is_linear=0
shrinkage=0.05


Tree=174
num_leaves=6
num_cat=0
split_feature=3 27 28 98 121
split_gain=10851.6 11799.7 10634.1 2554.39 1374.37
threshold=1.5000000000000002 13.950000000000001 5.1000000000000005 33.750000000000007 -0.21916666666666759
decision_type=2 2 2 2 2
left_child=-1 -2 -3 4 -4
right_child=1 2 3 -5 -6
leaf_value=0.83734714018887491 -1.4222653307527771 1.1545016500432759 -0.46928737631302025 -0.87811086519349413 0.16903340643301057
leaf_weight=26 19 14.999999999999998 14.999999999999995 15.999999999999998 19.000000000000004
leaf_count=26 19 15 15 16 19
internal_value=-0.0532954 -0.329698 -0.00856085 -0.359187 -0.112982
internal_weight=110 84 65 50 34
internal_count=110 84 65 50 34
is_linear=0
shrinkage=0.05


Tree=175
num_leaves=5
num_cat=0
split_feature=115 80 103 52
split_gain=10315.2 21844.1 5607.43 6840.4
threshold=-1.0499999999999969 0.13333333333333333 41.150000000000006 5.5900000000000007
decision_type=2 2 2 2
left_child=1 -1 3 -2
right_child=2 -3 -4 -5
leaf_value=1.7872485911964777 -1.4738112048952992 -0.4062495056240038 0.19269738677260165 -0.17926615846103133
leaf_weight=20 19 26 23 22
leaf_count=20 19 26 23 22
internal_value=-0.0212505 0.549145 -0.431517 -0.781425
internal_weight=110 46 64 41
internal_count=110 46 64 41
is_linear=0
shrinkage=0.05


Tree=176
num_leaves=6
num_cat=0
split_feature=36 38 0 24 109
split_gain=10037.4 8783.94 1828.17 1632.46 2085.65
threshold=2.5000000000000004 2.5000000000000004 980.50000000000011 48.050000000000004 -0.015000000000000123
decision_type=2 2 2 2 2
left_child=-1 -2 -3 4 -4
right_child=1 2 3 -5 -6
leaf_value=-1.3517262331077031 0.92726836059223938 -0.73984544135087382 -0.7003983534443442 0.18569351137871762 0.049212841948916231
leaf_weight=15.999999999999998 20 14.999999999999998 18.999999999999996 25 18.000000000000004
leaf_count=16 20 15 19 25 18
internal_value=-0.195555 -0.0035996 -0.246337 -0.125861 -0.336438
internal_weight=113 97 77 62 37
internal_count=113 97 77 62 37
is_linear=0
shrinkage=0.05


Tree=177
num_leaves=6
num_cat=0
split_feature=35 105 15 36 23
split_gain=15744 6289.15 6184.88 1998.19 939.483
threshold=-6.8916666666666684 29.700000000000006 45.95000000000001 4.5000000000000009 87.65000000000002
decision_type=2 2 2 2 2
left_child=-1 2 -2 -4 -5
right_child=1 -3 3 4 -6
leaf_value=1.5376443891335798 -1.1308323160332827 0.74223395296872063 0.27410795155082834 -0.50701421309704975 -0.019948426592424049
leaf_weight=14.999999999999998 20 14.999999999999998 21 26 15.999999999999998
leaf_count=15 20 15 21 26 16
internal_value=0.0346673 -0.196662 -0.367091 -0.123147 -0.322072
internal_weight=113 98 83 63 42
internal_count=113 98 83 63 42
is_linear=0
shrinkage=0.05


Tree=178
num_leaves=7
num_cat=0
split_feature=78 52 36 0 88 17
split_gain=10694.1 10061.1 7813.5 4899.33 4195.9 1932.32
threshold=2.1283333333333334 2.8000000000000003 2.5000000000000004 980.50000000000011 5.9850000000000003 30.850000000000005
decision_type=2 2 2 2 2 2
left_child=1 -1 -3 -4 5 -5
right_child=-2 2 3 4 -6 -7
leaf_value=0.97775301512898194 1.2116651924635402 -1.4546193489175758 -0.86606162427299049 0.20356216738555608 0.75560978191183104 -0.53050401084023902
leaf_weight=14.999999999999998 14.999999999999998 14.999999999999998 20 14.999999999999998 14.999999999999998 22
leaf_count=15 15 15 20 15 15 22
internal_value=-0.0302563 -0.213949 -0.420359 -0.2031 0.0529627 -0.233028
internal_weight=117 102 87 72 52 37
internal_count=117 102 87 72 52 37
is_linear=0
shrinkage=0.05


Tree=179
num_leaves=5
num_cat=0
split_feature=16 18 84 67
split_gain=11288.6 31394.3 5347.02 3659.88
threshold=5.6550000000000011 60.45000000000001 0.0066666666666666688 10.800000000000002
decision_type=2 2 2 2
left_child=2 -2 3 -1
right_child=1 -3 -4 -5
leaf_value=0.26833242039398958 2.4615164959470168 -0.49717929897265195 -1.207555212800866 -0.55343399511932001
leaf_weight=27 14.999999999999998 22 14.999999999999998 27
leaf_count=27 15 22 15 27
internal_value=0.00198775 0.705559 -0.375692 -0.142722
internal_weight=106 37 69 54
internal_count=106 37 69 54
is_linear=0
shrinkage=0.05


Tree=180
num_leaves=6
num_cat=0
split_feature=111 84 84 94 54
split_gain=10895.1 22985.3 6449.73 2608.41 2304.22
threshold=-0.19083333333333294 -0.0025000000000000157 0.0083333333333333471 5.5050000000000008 61.300000000000004
decision_type=2 2 2 2 2
left_child=1 -1 3 4 -2
right_child=2 -3 -4 -5 -6
leaf_value=-0.25721417015668047 -0.82437272176407927 2.1475392920291978 -1.3613723477780424 0.36934459394966535 0.024219139551879557
leaf_weight=29 17 14.999999999999998 14.999999999999998 14.999999999999998 14.999999999999998
leaf_count=29 17 15 15 15 15
internal_value=-0.0354644 0.565486 -0.462249 -0.172908 -0.427603
internal_weight=106 44 62 47 32
internal_count=106 44 62 47 32
is_linear=0
shrinkage=0.05


Tree=181
num_leaves=6
num_cat=0
split_feature=1 16 72 9 104
split_gain=10548.3 26552.8 4724.16 3395.46 3320.93
threshold=2.5000000000000004 5.6550000000000011 1.0000000180025095e-35 6.7750000000000012 25.650000000000002
decision_type=2 2 2 2 2
left_child=1 4 -2 -4 -1
right_child=2 -3 3 -5 -6
leaf_value=-0.78655881358866098 -1.1902411866824181 2.0570908607493119 -0.64010763734743747 0.35807619663128942 0.15124255848156898
leaf_weight=17 17 18 18 15.999999999999998 21
leaf_count=17 17 18 18 16 21
internal_value=0.00742634 0.480827 -0.512212 -0.170555 -0.269132
internal_weight=107 56 51 34 38
internal_count=107 56 51 34 38
is_linear=0
shrinkage=0.05


Tree=182
num_leaves=6
num_cat=0
split_feature=66 68 15 99 113
split_gain=12003.4 9214.97 9073.33 1870.08 751.763
threshold=35.150000000000006 55.500000000000007 39.100000000000001 54.95000000000001 6.1250000000000009
decision_type=2 2 2 2 2
left_child=1 2 -1 4 -4
right_child=-2 -3 3 -5 -6
leaf_value=-1.5182805858043409 1.2186771108853778 0.67494808961818742 -0.17348972908041094 0.21823661947131751 -0.65374799465501554
leaf_weight=15.999999999999998 18 23 18 20 14.999999999999998
leaf_count=16 18 23 18 20 15
internal_value=0.0415516 -0.189774 -0.478647 -0.162433 -0.393256
internal_weight=110 92 69 53 33
internal_count=110 92 69 53 33
is_linear=0
shrinkage=0.05


Tree=183
num_leaves=6
num_cat=0
split_feature=80 62 6 37 40
split_gain=13620.5 7617.91 2533.89 3089.63 2455.6
threshold=-0.34083333333333415 60.850000000000009 3.5000000000000004 4.2166666666666694 4.5000000000000009
decision_type=2 2 2 2 2
left_child=-1 -2 3 -3 -4
right_child=1 2 4 -5 -6
leaf_value=1.1173994838301815 -1.3085787833847613 0.74164310243745524 -0.013097321683198066 -0.21553772179244077 -0.82948387164121484
leaf_weight=20 15.999999999999998 14.999999999999998 20 19 17
leaf_count=20 16 15 20 19 17
internal_value=-0.0558243 -0.326562 -0.103662 0.207538 -0.389553
internal_weight=107 87 71 34 37
internal_count=107 87 71 34 37
is_linear=0
shrinkage=0.05


Tree=184
num_leaves=6
num_cat=0
split_feature=9 52 13 105 105
split_gain=9101.99 9715.85 7179.24 1223.49 1936.57
threshold=6.8950000000000005 3.6750000000000003 4.9750000000000005 25.550000000000004 12.250000000000002
decision_type=2 2 2 2 2
left_child=1 -1 -3 4 -4
right_child=-2 2 3 -5 -6
leaf_value=0.943661589180397 1.1036137614127817 -1.3476494011126066 -0.34569989547311547 -0.549969776750308 0.31288190303157215
leaf_weight=14.999999999999998 14.999999999999998 17 25 17 20
leaf_count=15 15 17 25 17 20
internal_value=-0.0359172 -0.21879 -0.440486 -0.189897 -0.0528413
internal_weight=109 94 79 62 45
internal_count=109 94 79 62 45
is_linear=0
shrinkage=0.05


Tree=185
num_leaves=6
num_cat=0
split_feature=78 36 38 16 84
split_gain=9947.27 8579.34 8866.08 1801.46 605.021
threshold=2.0908333333333333 2.5000000000000004 2.5000000000000004 4.955000000000001 -0.0058333333333333284
decision_type=2 2 2 2 2
left_child=1 -1 -3 -4 -5
right_child=-2 2 3 4 -6
leaf_value=-1.246311542653201 1.0775869593547101 0.92578847966113009 0.078418582584221325 -0.30364880120556659 -0.70633789977030959
leaf_weight=17 17 19 19 18 20
leaf_count=17 17 19 19 18 20
internal_value=-0.0308199 -0.234425 -0.00667648 -0.318663 -0.517019
internal_weight=110 93 76 57 38
internal_count=110 93 76 57 38
is_linear=0
shrinkage=0.05


Tree=186
num_leaves=7
num_cat=0
split_feature=117 20 53 14 50 55
split_gain=8526.37 4323.84 3361.88 2640.02 1271.87 486.525
threshold=1.7608333333333335 24.500000000000004 35.150000000000006 34.150000000000006 39.900000000000006 5.495000000000001
decision_type=2 2 2 2 2 2
left_child=1 -1 3 -3 -4 -6
right_child=-2 2 4 -5 5 -7
leaf_value=0.55817345463676959 1.0243377901012112 -1.2070733722322475 0.28960221520322843 -0.32283155182119233 -0.082482575394256769 -0.47350262300857654
leaf_weight=14.999999999999998 15.999999999999998 15.999999999999998 14.999999999999998 18 17 14.999999999999998
leaf_count=15 16 16 15 18 17 15
internal_value=-0.0405372 -0.21895 -0.363434 -0.741412 -0.0889034 -0.266833
internal_weight=112 96 81 34 47 32
internal_count=112 96 81 34 47 32
is_linear=0
shrinkage=0.05


Tree=187
num_leaves=5
num_cat=0
split_feature=3 12 36 117
split_gain=10667.1 8548.37 2357.38 780.205
threshold=1.5000000000000002 50.000000000000007 4.5000000000000009 0.71916666666666684
decision_type=2 2 2 2
left_child=-1 -2 -3 -4
right_child=1 2 3 -5
leaf_value=0.70351267204590107 -1.1721268187080762 0.32685254674691422 -0.10274845011401595 -0.58958892237788396
leaf_weight=28 26 22 17 15.999999999999998
leaf_count=28 26 22 17 16
internal_value=-0.136111 -0.426923 -0.073066 -0.340011
internal_weight=109 81 55 33
internal_count=109 81 55 33
is_linear=0
shrinkage=0.05


Tree=188
num_leaves=6
num_cat=0
split_feature=9 15 47 24 87
split_gain=10245.5 6289.57 3526.35 1987.19 1296.67
threshold=6.8750000000000009 38.550000000000004 1.5000000000000002 48.050000000000004 6.7550000000000008
decision_type=2 2 2 2 2
left_child=1 -1 3 4 -3
right_child=-2 2 -4 -5 -6
leaf_value=-1.121802796217618 1.0463793511976274 -0.85787786975601643 0.57322600583852445 0.081306677500242008 -0.227301452930461
leaf_weight=18 17 14.999999999999998 15.999999999999998 24 18
leaf_count=18 17 15 16 24 18
internal_value=-0.0766533 -0.287424 -0.080365 -0.264599 -0.515804
internal_weight=108 91 73 57 33
internal_count=108 91 73 57 33
is_linear=0
shrinkage=0.05


Tree=189
num_leaves=5
num_cat=0
split_feature=23 3 60 82
split_gain=9718.28 3517.25 3148.58 1043.48
threshold=57.400000000000013 4.5000000000000009 46.500000000000007 0.15583333333333285
decision_type=2 2 2 2
left_child=-1 2 -2 -4
right_child=1 -3 3 -5
leaf_value=1.1010122457876901 -0.90571064973767867 0.26900070801183773 0.11102791451222714 -0.38129944678434391
leaf_weight=14.999999999999998 24 23 17 29
leaf_count=15 24 23 17 29
internal_value=-0.0756305 -0.266444 -0.44258 -0.199398
internal_weight=108 93 70 46
internal_count=108 93 70 46
is_linear=0
shrinkage=0.05


Tree=190
num_leaves=6
num_cat=0
split_feature=16 1 76 23 29
split_gain=8479.97 27829.6 3715.36 1998.51 1877.04
threshold=5.6550000000000011 2.5000000000000004 -4.7416666666666698 68.550000000000026 53.500000000000007
decision_type=2 2 2 2 2
left_child=2 -2 -1 -4 -5
right_child=1 -3 3 4 -6
leaf_value=-0.98028934957175862 2.1279993054462452 -0.61678847787688618 0.3956496836728608 -0.59446876841972307 0.065204658253356737
leaf_weight=14.999999999999998 17 20 14.999999999999998 22 21
leaf_count=15 17 20 15 22 21
internal_value=0.0308478 0.646532 -0.281601 -0.0994429 -0.272783
internal_weight=110 37 73 58 43
internal_count=110 37 73 58 43
is_linear=0
shrinkage=0.05


Tree=191
num_leaves=5
num_cat=0
split_feature=84 58 0 88
split_gain=10589.6 3535.55 3086.76 3531.68
threshold=0.010000000000000011 4.8450000000000006 1329.0000000000002 5.6300000000000008
decision_type=2 2 2 2
left_child=1 -1 -3 -4
right_child=-2 2 3 -5
leaf_value=-0.68044615255031748 1.2834972129653621 -0.40850319237229354 -0.036522626277712203 0.90616475201600444
leaf_weight=23 14.999999999999998 25 29 14.999999999999998
leaf_count=23 15 25 29 15
internal_value=0.0562031 -0.145021 0.0341078 0.286061
internal_weight=107 92 69 44
internal_count=107 92 69 44
is_linear=0
shrinkage=0.05


Tree=192
num_leaves=6
num_cat=0
split_feature=84 58 65 95 53
split_gain=8862.37 3058.65 2557.64 1282.55 949.737
threshold=0.014166666666666662 4.785000000000001 22.450000000000003 28.350000000000005 39.100000000000001
decision_type=2 2 2 2 2
left_child=1 -1 -3 -4 -5
right_child=-2 2 3 4 -6
leaf_value=-0.71983205435787811 1.1136700363633054 0.54779696175770731 0.13875055089270399 -0.58428733579775427 -0.096185209877541838
leaf_weight=19 15.999999999999998 15.999999999999998 23 19 21
leaf_count=19 16 16 23 19 21
internal_value=0.0263941 -0.152024 -0.0146615 -0.158229 -0.329037
internal_weight=114 98 79 63 40
internal_count=114 98 79 63 40
is_linear=0
shrinkage=0.05


Tree=193
num_leaves=6
num_cat=0
split_feature=84 65 104 16 45
split_gain=12224.8 3076.52 1754.15 1141.89 711.397
threshold=0.010000000000000011 22.450000000000003 37.150000000000006 5.6550000000000011 -1.0000000180025095e-35
decision_type=2 2 2 2 2
left_child=1 -1 3 4 -3
right_child=-2 2 -4 -5 -6
leaf_value=0.48910338483898852 1.2959469588876467 0.1785560781047458 -0.7070582826802243 -0.47841568599295548 -0.262768820434229
leaf_weight=14.999999999999998 17 23 19 18 14.999999999999998
leaf_count=15 17 23 19 18 15
internal_value=0.0703441 -0.162285 -0.293107 -0.151559 0.0039852
internal_weight=107 90 75 56 38
internal_count=107 90 75 56 38
is_linear=0
shrinkage=0.05


Tree=194
num_leaves=6
num_cat=0
split_feature=57 84 87 65 48
split_gain=8418.06 14299.5 1481.99 2156.4 800.259
threshold=39.350000000000009 0.0066666666666666688 6.8550000000000013 32.800000000000004 6.7750000000000012
decision_type=2 2 2 2 2
left_child=-1 2 3 -2 -5
right_child=1 -3 -4 4 -6
leaf_value=-1.1151665345327744 0.45688457655610509 1.3408018376770896 -0.55365407843945436 -0.45154016207699749 -0.014794490240278289
leaf_weight=14.999999999999998 15.999999999999998 20 18 20 22
leaf_count=15 16 20 18 20 22
internal_value=-0.0176608 0.154754 -0.158649 -0.0352336 -0.223466
internal_weight=111 96 76 58 42
internal_count=111 96 76 58 42
is_linear=0
shrinkage=0.05


Tree=195
num_leaves=5
num_cat=0
split_feature=23 102 99 26
split_gain=7169.06 3885.03 3475.66 2477.93
threshold=64.950000000000017 42.45000000000001 46.350000000000001 31.900000000000002
decision_type=2 2 2 2
left_child=-1 2 -2 -3
right_child=1 3 -4 -5
leaf_value=0.68942089432719889 0.7046039111665543 -1.0464176808184349 -0.23595730635831363 -0.2696222951129022
leaf_weight=27 14.999999999999998 17 28 26
leaf_count=27 15 17 28 26
internal_value=-0.0197919 -0.243052 0.092903 -0.578559
internal_weight=113 86 43 43
internal_count=113 86 43 43
is_linear=0
shrinkage=0.05


Tree=196
num_leaves=6
num_cat=0
split_feature=78 60 13 104 41
split_gain=11059.1 5910.38 4079.91 1017.31 812.744
threshold=2.0908333333333333 58.650000000000013 4.9750000000000005 35.350000000000009 0.028333333333333325
decision_type=2 2 2 2 2
left_child=1 2 -1 4 -4
right_child=-2 -3 3 -5 -6
leaf_value=-1.0085715502359289 1.1870419867383026 0.66504048529444948 0.24151359180740967 -0.51761909632579139 -0.23437778475058027
leaf_weight=21 15.999999999999998 14.999999999999998 14.999999999999998 15.999999999999998 22
leaf_count=21 16 15 15 16 22
internal_value=-0.0189242 -0.236872 -0.420411 -0.185811 -0.0411831
internal_weight=105 89 74 53 37
internal_count=105 89 74 53 37
is_linear=0
shrinkage=0.05


Tree=197
num_leaves=6
num_cat=0
split_feature=102 36 38 17 67
split_gain=8063.12 9153.71 7679.05 932.853 905.93
threshold=56.150000000000006 2.5000000000000004 2.5000000000000004 36.45000000000001 11.4
decision_type=2 2 2 2 2
left_child=1 -1 -3 4 -4
right_child=-2 2 3 -5 -6
leaf_value=-1.285517858827351 0.99449552412849751 1.0321725701138098 0.16512941496943997 -0.44586605619300496 -0.32794942913218317
leaf_weight=14.999999999999998 18 15.999999999999998 22 23 15.999999999999998
leaf_count=15 18 16 22 23 16
internal_value=0.0297175 -0.159864 0.0607373 -0.195256 -0.0426673
internal_weight=110 92 77 61 38
internal_count=110 92 77 61 38
is_linear=0
shrinkage=0.05


Tree=198
num_leaves=7
num_cat=0
split_feature=9 15 63 102 28 109
split_gain=7437.38 7390.1 5489.52 2035.23 1164.31 347.848
threshold=6.8950000000000005 34.300000000000004 32.650000000000006 53.900000000000006 5.8500000000000005 -0.023333333333333869
decision_type=2 2 2 2 2 2
left_child=1 -1 -3 4 -4 -6
right_child=-2 2 3 -5 5 -7
leaf_value=-1.1744881554419948 0.99707153743466004 0.82517676238687876 0.28871136318173324 -0.6930335472089163 -0.36701986513085144 -0.046297541020079408
leaf_weight=15.999999999999998 14.999999999999998 15.999999999999998 17 15.999999999999998 17.999999999999993 16.000000000000007
leaf_count=16 15 16 17 16 18 16
internal_value=-0.0366123 -0.19413 -0.00389868 -0.202896 -0.0479743 -0.216817
internal_weight=114 99 83 67 51 34
internal_count=114 99 83 67 51 34
is_linear=0
shrinkage=0.05


Tree=199
num_leaves=6
num_cat=0
split_feature=3 37 11 78 38
split_gain=10140.2 6170.61 2222.18 1850.8 1436.58
threshold=1.5000000000000002 -3.8083333333333331 49.750000000000007 0.25083333333333352 3.5000000000000004
decision_type=2 2 2 2 2
left_child=-1 -2 3 -3 -5
right_child=1 2 -4 4 -6
leaf_value=0.76349651675775221 -1.199396237879168 0.42312242202242917 -0.69246051335176895 -0.5395090172862449 0.099799180623576123
leaf_weight=25 18 17 14.999999999999998 17 18
leaf_count=25 18 17 15 17 18
internal_value=-0.119712 -0.38013 -0.158495 -0.00333677 -0.211232
internal_weight=110 85 67 52 35
internal_count=110 85 67 52 35
is_linear=0
shrinkage=0.05


end of trees

feature_importances:
pos1_当地勝率=48
pos2_平均スタートタイミング_レース内差=46
pos3_4コース複勝率=34
pos1_1コース複勝率=31
pos1_当地3連率=29
pos1_当地勝率_レース内差=28
pos1_展示_レース内差=24
pos1_平均スタートタイミング_レース内差=22
開催経過日=21
pos1_展示=21
pos1_モーター勝率=20
pos2_1コース複勝率=19
pos1_2連率_レース内差=18
pos2_ボート3連率=15
pos2_3連率_レース内差=15
pos3_平均スタートタイミング_レース内差=15
pos1_モーター勝率_レース内差=14
pos2_展示_レース内順位=14
pos3_5コース複勝率=14
pos1_当地2連率=13
pos1_勝率_レース内差=13
pos2_当地勝率_レース内差=13
pos1_3連率_レース内差=12
pos1_当地勝率_レース内順位=12
pos2_当地勝率=12
pos3_2コース複勝率=12
pos1_6コース複勝率=11
pos1_3連率_レース内順位=11
pos2_当地2連率=11
pos1_2連率=10
pos2_2連率_レース内差=10
pos3_ボート3連率=10
pos1_ボート2連率=9
pos2_4コース複勝率=9
pos2_5コース複勝率=9
pos3_展示=9
風速=8
日目=8
pos1_3連率=8
pos1_4コース複勝率=8
pos1_モーター勝率_レース内順位=8
pos1_平均スタートタイミング_レース内順位=8
pos2_当地3連率=8
pos2_平均スタートタイミング=8
pos2_3コース複勝率=8
pos2_2連率_レース内順位=8
pos1_2コース複勝率=7
pos2_2連率=7
pos2_ボート勝率=7
pos2_モーター勝率_レース内差=7
pos2_平均スタートタイミング_レース内順位=7
pos3_展示_レース内差=7
pos3_3連率_レース内差=7
pos1_モーター2連率=6
pos2_モーター勝率=6
pos2_モーター3連率=6
pos2_6コース複勝率=6
pos3_モーター3連率=6
pos3_1コース複勝率=6
pos3_3コース複勝率=6
pos1_5コース複勝率=5
pos2_勝率=5
pos2_モーター2連率=5
pos2_勝率_レース内差=5
pos2_モーター勝率_レース内順位=5
pos3_当地2連率=5
pos3_モーター勝率=5
pos3_2連率_レース内差=5
pos3_当地勝率_レース内差=5
pos3_モーター勝率_レース内差=5
pos1_勝率=4
pos1_モーター3連率=4
pos1_ボート3連率=4
pos2_展示=4
pos2_3連率=4
pos2_2コース複勝率=4
pos3_勝率=4
pos3_モーター2連率=4
pos3_平均スタートタイミング=4
pos3_6コース複勝率=4
pos3_ボート勝率_レース内差=4
pos1_3コース複勝率=3
pos1_展示_レース内順位=3
pos2_体重=3
pos2_勝率_レース内順位=3
pos2_3連率_レース内順位=3
pos2_当地勝率_レース内順位=3
pos3_3連率=3
pos3_ボート2連率=3
pos3_体重=3
pos3_展示_レース内順位=3
pos3_勝率_レース内差=3
pos3_モーター勝率_レース内順位=3
pos3_平均スタートタイミング_レース内順位=3
レース=2
pos1_平均スタートタイミング=2
pos1_体重=2
pos2_級=2
pos2_ボート勝率_レース内差=2
pos3_級=2
pos3_当地勝率=2
pos3_ボート勝率=2
pos3_勝率_レース内順位=2
pos3_当地勝率_レース内順位=2
波高=1
天気=1
風向=1
pos1_ボート勝率=1
pos1_勝率_レース内順位=1
pos1_ボート勝率_レース内差=1
pos2_ボート2連率=1
pos3_2連率=1
pos3_2連率_レース内順位=1
pos3_ボート勝率_レース内順位=1

parameters:
[boosting: gbdt]
[objective: regression]
[metric: rmse]
[tree_learner: serial]
[device_type: cpu]
[data_sample_strategy: bagging]
[data: ]
[valid: ]
[num_iterations: 200]
[learning_rate: 0.05]
[num_leaves: 31]
[num_threads: 0]
[seed: 42]
[deterministic: 0]
[force_col_wise: 0]
[force_row_wise: 0]
[histogram_pool_size: -1]
[max_depth: 6]
[min_data_in_leaf: 15]
[min_sum_hessian_in_leaf: 0.001]
[bagging_fraction: 0.9]
[pos_bagging_fraction: 1]
[neg_bagging_fraction: 1]
[bagging_freq: 1]
[bagging_seed: 400]
[bagging_by_query: 0]
[feature_fraction: 0.9]
[feature_fraction_bynode: 1]
[feature_fraction_seed: 30056]
[extra_trees: 0]
[extra_seed: 12879]
[early_stopping_round: 0]
[early_stopping_min_delta: 0]
[first_metric_only: 0]
[max_delta_step: 0]
[lambda_l1: 0.1]
[lambda_l2: 0.1]
[linear_lambda: 0]
[min_gain_to_split: 0]
[drop_rate: 0.1]
[max_drop: 50]
[skip_drop: 0.5]
[xgboost_dart_mode: 0]
[uniform_drop: 0]
[drop_seed: 17869]
[top_rate: 0.2]
[other_rate: 0.1]
[min_data_per_group: 100]
[max_cat_threshold: 32]
[cat_l2: 10]
[cat_smooth: 10]
[max_cat_to_onehot: 4]
[top_k: 20]
[monotone_constraints: ]
[monotone_constraints_method: basic]
[monotone_penalty: 0]
[feature_contri: ]
[forcedsplits_filename: ]
[refit_decay_rate: 0.9]
[cegb_tradeoff: 1]
[cegb_penalty_split: 0]
[cegb_penalty_feature_lazy: ]
[cegb_penalty_feature_coupled: ]
[path_smooth: 0]
[interaction_constraints: ]
[verbosity: -1]
[saved_feature_importance_type: 0]
[use_quantized_grad: 0]
[num_grad_quant_bins: 4]
[quant_train_renew_leaf: 0]
[stochastic_rounding: 1]
[linear_tree: 0]
[max_bin: 255]
[max_bin_by_feature: ]
[min_data_in_bin: 3]
[bin_construct_sample_cnt: 200000]
[data_random_seed: 175]
[is_enable_sparse: 1]
[enable_bundle: 1]
[use_missing: 1]
[zero_as_missing: 0]
[feature_pre_filter: 0]
[pre_partition: 0]
[two_round: 0]
[header: 0]
[label_column: ]
[weight_column: ]
[group_column: ]
[ignore_column: ]
[categorical_feature: ]
[forcedbins_filename: ]
[precise_float_parser: 0]
[parser_config_file: ]
[objective_seed: 16083]
[num_class: 1]
[is_unbalance: 0]
[scale_pos_weight: 1]
[sigmoid: 1]
[boost_from_average: 1]
[reg_sqrt: 0]
[alpha: 0.9]
[fair_c: 1]
[poisson_max_delta_step: 0.7]
[tweedie_variance_power: 1.5]
[lambdarank_truncation_level: 30]
[lambdarank_norm: 1]
[label_gain: ]
[lambdarank_position_bias_regularization: 0]
[eval_at: ]
[multi_error_top_k: 1]
[auc_mu_weights: ]
[num_machines: 1]
[local_listen_port: 12400]
[time_out: 120]
[machine_list_filename: ]
[machines: ]
[gpu_platform_id: -1]
[gpu_device_id: -1]
[gpu_use_dp: 0]
[num_gpu: 1]

end of parameters

pandas_categorical:[]
