tree
version=v4
num_class=1
num_tree_per_iteration=1
label_index=0
max_feature_idx=123
objective=regression
feature_names=開催経過日 風速 波高 日目 レース 天気 風向 pos1_艇 pos1_級 pos1_展示 pos1_勝率 pos1_2連率 pos1_3連率 pos1_当地勝率 pos1_当地2連率 pos1_当地3連率 pos1_モーター勝率 pos1_モーター2連率 pos1_モーター3連率 pos1_ボート勝率 pos1_ボート2連率 pos1_ボート3連率 pos1_平均スタートタイミング pos1_1コース複勝率 pos1_2コース複勝率 pos1_3コース複勝率 pos1_4コース複勝率 pos1_5コース複勝率 pos1_6コース複勝率 pos1_体重 pos1_展示_レース内順位 pos1_展示_レース内差 pos1_勝率_レース内順位 pos1_勝率_レース内差 pos1_2連率_レース内順位 pos1_2連率_レース内差 pos1_3連率_レース内順位 pos1_3連率_レース内差 pos1_当地勝率_レース内順位 pos1_当地勝率_レース内差 pos1_モーター勝率_レース内順位 pos1_モーター勝率_レース内差 pos1_ボート勝率_レース内順位 pos1_ボート勝率_レース内差 pos1_平均スタートタイミング_レース内順位 pos1_平均スタートタイミング_レース内差 pos2_艇 pos2_級 pos2_展示 pos2_勝率 pos2_2連率 pos2_3連率 pos2_当地勝率 pos2_当地2連率 pos2_当地3連率 pos2_モーター勝率 pos2_モーター2連率 pos2_モーター3連率 pos2_ボート勝率 pos2_ボート2連率 pos2_ボート3連率 pos2_平均スタートタイミング pos2_1コース複勝率 pos2_2コース複勝率 pos2_3コース複勝率 pos2_4コース複勝率 pos2_5コース複勝率 pos2_6コース複勝率 pos2_体重 pos2_展示_レース内順位 pos2_展示_レース内差 pos2_勝率_レース内順位 pos2_勝率_レース内差 pos2_2連率_レース内順位 pos2_2連率_レース内差 pos2_3連率_レース内順位 pos2_3連率_レース内差 pos2_当地勝率_レース内順位 pos2_当地勝率_レース内差 pos2_モーター勝率_レース内順位 pos2_モーター勝率_レース内差 pos2_ボート勝率_レース内順位 pos2_ボート勝率_レース内差 pos2_平均スタートタイミング_レース内順位 pos2_平均スタートタイミング_レース内差 pos3_艇 pos3_級 pos3_展示 pos3_勝率 pos3_2連率 pos3_3連率 pos3_当地勝率 pos3_当地2連率 pos3_当地3連率 pos3_モーター勝率 pos3_モーター2連率 pos3_モーター3連率 pos3_ボート勝率 pos3_ボート2連率 pos3_ボート3連率 pos3_平均スタートタイミング pos3_1コース複勝率 pos3_2コース複勝率 pos3_3コース複勝率 pos3_4コース複勝率 pos3_5コース複勝率 pos3_6コース複勝率 pos3_体重 pos3_展示_レース内順位 pos3_展示_レース内差 pos3_勝率_レース内順位 pos3_勝率_レース内差 pos3_2連率_レース内順位 pos3_2連率_レース内差 pos3_3連率_レース内順位 pos3_3連率_レース内差 pos3_当地勝率_レース内順位 pos3_当地勝率_レース内差 pos3_モーター勝率_レース内順位 pos3_モーター勝率_レース内差 pos3_ボート勝率_レース内順位 pos3_ボート勝率_レース内差 pos3_平均スタートタイミング_レース内順位 pos3_平均スタートタイミング_レース内差
feature_infos=[26:4008] [1:9] [1:9] [1:7] [1:12] [0:2] [0:8] [4:4] [0:3] [6.5599999999999996:6.9800000000000004] [2.0099999999999998:8.0299999999999994] [0:75.700000000000003] [7.5:85.099999999999994] [0:9.6500000000000004] [0:82.400000000000006] [0:94.400000000000006] [0:8.1500000000000004] [0:65.400000000000006] [0:92.299999999999997] [0:7.8099999999999996] [0:64.5] [0:77.400000000000006] [0.11:0.23999999999999999] [0:100] [0:82.400000000000006] [0:75] [0:63.600000000000001] [0:52.399999999999999] [0:100] [42:62] [1:6] [-0.16666666666666696:0.11499999999999932] [1:6] [-1.9216666666666673:2.6983333333333341] [1:6] [-20.700000000000003:37.216666666666676] [1:6] [-24.383333333333336:34.06666666666667] [1:6] [-5.6050000000000004:4.5449999999999999] [1:6] [-4.6016666666666675:3.4016666666666668] [1:6] [-3.4466666666666668:2.8333333333333335] [1:6] [-0.051666666666666666:0.056666666666666643] [1:1] [0:3] [6.5499999999999998:7.0099999999999998] [2.5800000000000001:7.6100000000000003] [8.3000000000000007:69.200000000000003] [11.1:82.5] [0:8.4299999999999997] [0:85.700000000000003] [0:87.5] [0:6.7599999999999998] [0:66.700000000000003] [0:72.200000000000003] [0:7.3499999999999996] [0:52.899999999999999] [0:88.200000000000003] [0.11:0.25] [18.199999999999999:100] [0:72.700000000000003] [0:76.5] [0:71.400000000000006] [0:56.200000000000003] [0:100] [44:66] [1:6] [-0.16166666666666618:0.099999999999998757] [1:6] [-2.0149999999999997:2.0049999999999999] [1:6] [-22.799999999999997:24.399999999999999] [1:6] [-30.649999999999999:27.149999999999999] [1:6] [-5.2166666666666659:3.3266666666666667] [1:6] [-3.3333333333333335:2.1183333333333336] [1:6] [-4.0949999999999998:2.5533333333333332] [1:6] [-0.056666666666666657:0.05999999999999997] [6:6] [0:4] [6.6100000000000003:7.0099999999999998] [1.5600000000000001:7.8300000000000001] [0:73.099999999999994] [0:84.700000000000003] [0:7.8200000000000003] [0:65] [0:81.799999999999997] [0:7.4000000000000004] [0:59] [0:80] [0:7.1600000000000001] [0:62.5] [0:71.400000000000006] [0.11:0.28000000000000003] [0:96.400000000000006] [0:73.900000000000006] [0:75] [0:100] [0:73.599999999999994] [0:47.600000000000001] [41:63] [1:6] [-0.1133333333333324:0.12000000000000099] [1:6] [-2.8783333333333334:2.953333333333334] [1:6] [-27.866666666666664:42.516666666666666] [1:6] [-39.916666666666664:42.050000000000004] [1:6] [-4.9633333333333338:3.1799999999999997] [1:6] [-3.5:3.8083333333333331] [1:6] [-2.2966666666666664:3.9633333333333334] [1:6] [-0.060000000000000026:0.076666666666666661]
tree_sizes=700 828 750 814 732 899 735 720 933 720 811 722 855 721 733 736 825 816 760 835 843 936 928 849 860 735 943 831 718 850 865 823 886 768 834 962 850 966 847 846 819 813 773 716 831 842 928 860 847 954 833 857 884 820 811 992 738 850 971 847 850 740 836 754 737 957 724 818 960 867 963 951 959 852 851 958 868 977 962 967 852 829 740 874 764 868 953 852 723 736 870 969 851 871 857 865 853 856 966 778 863 890 884 976 826 797 981 818 859 756 872 794 792 762 762 933 966 869 864 844 966 947 851 835 839 859 835 746 886 734 647 822 808 727 837 845 856 761 872 958 983 827 875 744 949 924 857 869 760 829 872 873 763 872 838 868 861 902 865 757 855 744 744 947 860 769 894 906 836 858 874 853 871 823 892 776 825 876 855 749 875 770 740 855 829 783 741 776 829 985 784 764 881 730 845 763 748 879 880 851

Tree=0
num_leaves=7
num_cat=0
split_feature=33 114 9 45 39 33
split_gain=195764 109487 48224.3 27658.1 13395.7 2908.14
threshold=-0.47166666666666618 1.5000000000000002 6.8750000000000009 -0.0016666666666666633 0.48416666666666647 1.0316666666666674
decision_type=2 2 2 2 2 2
left_child=-1 -2 3 4 -3 -6
right_child=1 2 -4 -5 5 -7
leaf_value=98.272249945383521 95.855576959111133 92.247888516407556 94.571056012342993 93.404014082703327 91.19339425874503 90.320298351909784
leaf_weight=20 26 22 18 19 20 23
leaf_count=20 26 22 18 19 20 23
internal_value=93.6846 92.9648 92.2265 91.7236 91.2337 90.7195
internal_weight=148 128 102 84 65 43
internal_count=148 128 102 84 65 43
is_linear=0
shrinkage=1


Tree=1
num_leaves=8
num_cat=0
split_feature=33 110 33 31 98 119 41
split_gain=252392 75922.7 60265.6 20897.8 13598 9827.89 1988.8
threshold=-0.57916666666666605 1.5000000000000002 0.39833333333333393 -0.004166666666666429 37.250000000000007 -0.21583333333333329 -0.17583333333333281
decision_type=2 2 2 2 2 2 2
left_child=-1 -2 3 -3 5 -4 -7
right_child=1 2 4 -5 -6 6 -8
leaf_value=5.8408199316226179 1.5947690386613795 -1.094617994418319 -1.7305950667976675 1.1407855120056118 -1.0450612422318486 -2.7783352210507757 -3.6307781006238482
leaf_weight=15.999999999999998 27 19 18 23 17 17 15.999999999999998
leaf_count=16 27 19 18 23 17 17 16
internal_value=-0.0814108 -0.77685 -1.35994 0.129215 -2.27863 -2.68687 -3.20151
internal_weight=153 137 110 42 68 51 33
internal_count=153 137 110 42 68 51 33
is_linear=0
shrinkage=0.05


Tree=2
num_leaves=7
num_cat=0
split_feature=33 114 74 111 76 45
split_gain=151028 56202.1 37903.7 13434 6236.5 2204.58
threshold=-0.47166666666666618 1.5000000000000002 -6.6666666666666652 -0.075833333333332739 8.6500000000000075 -0.0083333333333333159
decision_type=2 2 2 2 2 2
left_child=-1 -2 -3 -4 5 -5
right_child=1 2 3 4 -6 -7
leaf_value=3.8977917661714319 1.3075455612606472 0.39738418267542625 -0.91122326396434239 -2.296452606390722 -3.0363370046565672 -1.4417504002588875
leaf_weight=20 26 25 26 15.999999999999998 19 15.999999999999998
leaf_count=20 26 25 26 16 19 16
internal_value=-0.13177 -0.763979 -1.29283 -1.84147 -2.3129 -1.87508
internal_weight=148 128 102 77 51 32
internal_count=148 128 102 77 51 32
is_linear=0
shrinkage=0.05


Tree=3
num_leaves=8
num_cat=0
split_feature=39 76 114 31 22 31 35
split_gain=171503 227859 58569.2 38911.4 32942.3 8689.99 2316.86
threshold=0.25999999999999984 -1.0583333333333333 1.5000000000000002 0.0016666666666669274 0.17500000000000002 -1.0000000180025095e-35 10.258333333333331
decision_type=2 2 2 2 2 2 2
left_child=1 -1 -2 -3 5 6 -4
right_child=2 3 4 -5 -6 -7 -8
leaf_value=6.6737106542936786 1.4894817792881301 -1.6498654772473877 -2.2596865267302859 1.7465268804537541 0.19139270828573743 -1.5200436130537256 -3.0562881008708649
leaf_weight=19 17 19 20 14.999999999999998 18 28 21
leaf_count=19 17 19 20 15 18 28 21
internal_value=-0.00861399 2.30373 -1.18815 -0.150583 -1.71253 -2.20884 -2.67427
internal_weight=157 53 104 34 87 69 41
internal_count=157 53 104 34 87 69 41
is_linear=0
shrinkage=0.05


Tree=4
num_leaves=7
num_cat=0
split_feature=33 114 31 22 68 76
split_gain=225506 71692 35395.4 31939.2 25111.1 6683.66
threshold=-0.57916666666666605 1.5000000000000002 -0.024999999999999464 0.17500000000000002 54.500000000000007 2.8416666666666619
decision_type=2 2 2 2 2 2
left_child=-1 -2 5 4 -4 -3
right_child=1 2 3 -5 -6 -7
leaf_value=5.3977136846174272 1.5611396555374526 -1.76202247725353 -2.1549386407981141 1.3958682111331395 0.099989280226004063 -3.0280393772215639
leaf_weight=17 28 22 28 15.999999999999998 22 21
leaf_count=17 28 22 28 16 22 21
internal_value=-0.0163785 -0.691684 -1.27134 -0.542519 -1.16445 -2.38602
internal_weight=154 137 109 66 50 43
internal_count=154 137 109 66 50 43
is_linear=0
shrinkage=0.05


Tree=5
num_leaves=8
num_cat=0
split_feature=33 114 39 74 109 123 31
split_gain=162835 74048.2 33082.4 26894.8 20683.1 12466.4 8884.23
threshold=-0.57916666666666605 1.5000000000000002 1.1116666666666666 -6.6666666666666652 0.020000000000000021 -0.0099999999999999794 0.007499999999999841
decision_type=2 2 2 2 2 2 2
left_child=-1 4 3 -3 -2 -5 -4
right_child=1 2 6 5 -6 -7 -8
leaf_value=4.9513848108961103 0.27537447853593633 1.4471588751338176 -2.8040524448531556 -2.1063034849877686 2.8582769340609908 -0.33396830942438932 -1.3968402885147746
leaf_weight=14.999999999999998 15.000000000000002 14.999999999999998 25 15.999999999999995 15.999999999999998 26.000000000000004 21
leaf_count=15 15 15 25 16 16 26 21
internal_value=0.0288821 -0.525388 -1.17014 -0.363852 1.61355 -1.01266 -2.16616
internal_weight=149 134 103 57 31 42 46
internal_count=149 134 103 57 31 42 46
is_linear=0
shrinkage=0.05


Tree=6
num_leaves=7
num_cat=0
split_feature=45 114 39 16 68 33
split_gain=97090.8 76248.8 41276.6 10749.3 13738.1 2762.98
threshold=0.012500000000000013 1.5000000000000002 -0.10583333333333343 5.5150000000000006 54.500000000000007 0.97583333333333322
decision_type=2 2 2 2 2 2
left_child=1 -1 -3 4 -4 -5
right_child=-2 2 3 5 -6 -7
leaf_value=1.6752253572602838 3.2696085308030334 0.41614121250897296 -2.0811800156262321 -2.1561718221296342 -0.28987416300857277 -3.1308963043010789
leaf_weight=26 17 25 29 17 17 14.999999999999998
leaf_count=26 17 25 29 17 17 15
internal_value=-0.270961 -0.739758 -1.35045 -1.91653 -1.42135 -2.62156
internal_weight=146 129 103 78 46 32
internal_count=146 129 103 78 46 32
is_linear=0
shrinkage=0.05


Tree=7
num_leaves=7
num_cat=0
split_feature=33 114 72 33 115 72
split_gain=152479 71561.2 40807.3 14654.7 8168.8 3381.05
threshold=-0.57916666666666605 1.5000000000000002 -0.50583333333333325 0.13583333333333372 -4.1916666666666655 0.087499999999999481
decision_type=2 2 2 2 2 2
left_child=-1 -2 -3 -4 -5 -6
right_child=1 2 3 4 5 -7
leaf_value=4.4261028605930051 1.8828740314505568 0.93545622938617135 -0.29140164689867909 -0.9115458870491786 -1.5965138413055597 -2.4875829276001347
leaf_weight=18 26 21 19 17 17 33
leaf_count=18 26 21 19 17 17 33
internal_value=0.120391 -0.465187 -1.03702 -1.51925 -1.86642 -2.18851
internal_weight=151 133 107 86 67 50
internal_count=151 133 107 86 67 50
is_linear=0
shrinkage=0.05


Tree=8
num_leaves=9
num_cat=0
split_feature=33 110 76 35 74 17 111 117
split_gain=163845 49086.6 26409 25745.5 23920 10545.1 8356.6 2859.99
threshold=-0.57916666666666605 1.5000000000000002 4.716666666666673 11.683333333333334 -6.291666666666667 26.500000000000004 0.40583333333333332 0.60666666666666658
decision_type=2 2 2 2 2 2 2 2
left_child=-1 2 -2 4 -3 -6 -5 -7
right_child=1 3 -4 6 5 7 -8 -9
leaf_value=4.6796249936198633 2.7497294103862426 1.3577893929765714 -0.21074868006422032 -1.3841819352837672 0.14520703976198754 -0.94132244907624529 -2.8313406961006029 -1.8692595593413412
leaf_weight=17 15.000000000000002 14.999999999999998 14.999999999999998 25 15.999999999999998 17 17 17
leaf_count=17 15 15 15 25 16 17 17 17
internal_value=0.0647035 -0.51091 1.27354 -1.01199 -0.387335 -0.912637 -1.97539 -1.40956
internal_weight=154 137 30 107 65 50 42 34
internal_count=154 137 30 107 65 50 42 34
is_linear=0
shrinkage=0.05


Tree=9
num_leaves=7
num_cat=0
split_feature=10 31 4 100 31 39
split_gain=108732 41311.3 28088.3 24346.6 17301.8 12987.1
threshold=4.6250000000000009 0.0091666666666667691 6.5000000000000009 0.18500000000000003 -0.045000000000000366 0.48416666666666647
decision_type=2 2 2 2 2 2
left_child=-1 3 -3 4 -2 -6
right_child=1 2 -4 -5 5 -7
leaf_value=3.2151594335382634 -2.7826767214495156 -0.36798603817184955 2.3598877031900729 0.51625456704619177 -0.094677530532764592 -1.7390414105615581
leaf_weight=23 20 21 17 18 21 28
leaf_count=23 20 21 17 18 21 28
internal_value=0.0634531 -0.518527 0.855238 -1.11891 -1.54568 -1.03604
internal_weight=148 125 38 87 69 49
internal_count=148 125 38 87 69 49
is_linear=0
shrinkage=0.05


Tree=10
num_leaves=8
num_cat=0
split_feature=33 33 41 64 100 67 42
split_gain=122375 37289.6 26851.1 29623.6 26259.8 20788.5 5779.93
threshold=-0.57916666666666605 0.39833333333333393 0.31083333333333402 40.45000000000001 0.17500000000000002 4.4000000000000012 3.5000000000000004
decision_type=2 2 2 2 2 2 2
left_child=-1 2 3 -2 6 -6 -3
right_child=1 4 -4 -5 5 -7 -8
leaf_value=3.8513246831314341 2.6981594197657888 -1.5137613101023824 -1.1358037591677659 -0.16535036642907075 -1.5061969517180636 0.93290420218287951 -2.6750115259779683
leaf_weight=18 18 26 17 18 15.999999999999998 19 19
leaf_count=18 18 26 17 18 16 19 19
internal_value=-0.00600672 -0.53059 0.497394 1.26977 -1.21146 -0.183085 -2.00902
internal_weight=151 133 53 36 80 35 45
internal_count=151 133 53 36 80 35 45
is_linear=0
shrinkage=0.05


Tree=11
num_leaves=7
num_cat=0
split_feature=33 110 33 45 113 33
split_gain=114846 37635.1 18737 25580.4 5464.34 1484.05
threshold=-0.47166666666666618 1.5000000000000002 0.20250000000000015 -0.0016666666666666633 -3.7833333333333363 0.82083333333333386
decision_type=2 2 2 2 2 2
left_child=-1 -2 -3 4 -4 -6
right_child=1 2 3 -5 5 -7
leaf_value=3.3524477479684407 1.1669979415634124 0.31605310233640466 -1.0668522285541313 0.22230077826581296 -1.7590466650741359 -2.3675777296802316
leaf_weight=22 26 23 19 21 21 24
leaf_count=22 26 23 19 21 21 24
internal_value=0.0127337 -0.537631 -0.948751 -1.29102 -1.78723 -2.08824
internal_weight=156 134 108 85 64 45
internal_count=156 134 108 85 64 45
is_linear=0
shrinkage=0.05


Tree=12
num_leaves=8
num_cat=0
split_feature=39 76 22 123 122 20 57
split_gain=101516 209559 38832 17641.3 16509.3 5153.1 2135.01
threshold=0.19249999999999992 -1.0583333333333333 0.17500000000000002 -0.0025000000000000157 3.5000000000000004 34.95000000000001 52.100000000000009
decision_type=2 2 2 2 2 2 2
left_child=1 -1 4 -3 5 6 -2
right_child=2 3 -4 -5 -6 -7 -8
leaf_value=5.9004829202022853 -1.233203204933381 -1.9814406066738213 0.86096577601195445 0.39898422608464401 -0.55313463380752503 -2.7569936056822044 -2.0969234851811893
leaf_weight=19 15.000000000000002 15.000000000000002 22 15.999999999999998 28 18 14.999999999999998
leaf_count=19 15 15 22 16 28 18 15
internal_value=-0.0506693 1.7805 -0.985854 -0.755341 -1.52095 -2.08309 -1.67076
internal_weight=148 50 98 31 76 48 30
internal_count=148 50 98 31 76 48 30
is_linear=0
shrinkage=0.05


Tree=13
num_leaves=7
num_cat=0
split_feature=10 31 110 41 14 43
split_gain=112250 37028.9 25343.9 9637.36 16788.1 6417.09
threshold=4.3900000000000015 0.021666666666666948 1.5000000000000002 0.32666666666666672 35.750000000000007 -0.079166666666667038
decision_type=2 2 2 2 2 2
left_child=-1 2 -2 4 -4 -6
right_child=1 -3 3 -5 5 -7
leaf_value=3.5087206411112044 0.72417257863875717 0.98365068910867481 0.29546149055860194 -2.1888415464496247 -0.95426241607148177 -2.1831303194235852
leaf_weight=19 17 29 17 26 22 21
leaf_count=19 17 29 17 26 22 21
internal_value=-0.0740931 -0.592105 -1.03634 -1.38484 -1.03329 -1.5582
internal_weight=151 132 103 86 60 43
internal_count=151 132 103 86 60 43
is_linear=0
shrinkage=0.05


Tree=14
num_leaves=7
num_cat=0
split_feature=31 39 113 72 45 100
split_gain=71976 132971 29249 13632.1 12112.3 6241.46
threshold=0.0016666666666669274 0.10249999999999961 -15.433333333333332 1.0000000180025095e-35 -0.014999999999999998 0.17500000000000002
decision_type=2 2 2 2 2 2
left_child=2 -2 -1 -4 -3 -5
right_child=1 4 3 5 -6 -7
leaf_value=0.962561444415162 4.4099839900907183 -1.4689593103196885 -0.56131508367967775 -2.4472192893248863 0.24346349686955127 -1.2411238354213987
leaf_weight=14.999999999999998 21 17 27 28 26 18
leaf_count=15 21 17 27 28 26 18
internal_value=-0.11586 1.15891 -1.04328 -1.45626 -0.435262 -1.97909
internal_weight=152 64 88 73 43 46
internal_count=152 64 88 73 43 46
is_linear=0
shrinkage=0.05


Tree=15
num_leaves=7
num_cat=0
split_feature=33 35 114 74 64 43
split_gain=86363.4 33151.3 23805.4 28856.6 6754.28 6702.87
threshold=-0.57916666666666605 11.966666666666672 1.5000000000000002 -6.6666666666666652 35.500000000000007 -0.067500000000000324
decision_type=2 2 2 2 2 2
left_child=-1 2 -2 -4 -5 -3
right_child=1 5 3 4 -6 -7
leaf_value=3.3030640944591547 1.5792506709243312 -0.75466860335020092 1.5722824480222617 -1.4180661607062679 -0.27784924653298099 -1.9508865634453691
leaf_weight=18 23 21 15.999999999999998 26 26 27
leaf_count=18 23 21 16 26 26 27
internal_value=0.0541946 -0.368559 0.192383 -0.278262 -0.849681 -1.4303
internal_weight=157 139 91 68 52 48
internal_count=157 139 91 68 52 48
is_linear=0
shrinkage=0.05


Tree=16
num_leaves=8
num_cat=0
split_feature=57 44 113 76 87 101 74
split_gain=81160.9 48404.1 18232.9 24045.2 12067.4 7377.41 1439.98
threshold=39.850000000000009 4.5000000000000009 -4.7749999999999995 5.4333333333333309 6.8550000000000013 70.40000000000002 -1.2416666666666687
decision_type=2 2 2 2 2 2 2
left_child=-1 2 3 -2 5 -4 -7
right_child=1 -3 4 -5 -6 6 -8
leaf_value=3.0903004773624283 1.5092756104051022 1.9380342907930541 -0.88164496658915315 -1.0134947659280062 -0.3916175737075534 -1.7808733093817499 -2.5051329962215068
leaf_weight=19 17 19 18 21 28 15.000000000000002 15.999999999999998
leaf_count=19 17 19 18 21 28 15 16
internal_value=0.0409145 -0.393406 -0.779993 0.115981 -1.2218 -1.69433 -2.1617
internal_weight=153 134 115 38 77 49 31
internal_count=153 134 115 38 77 49 31
is_linear=0
shrinkage=0.05


Tree=17
num_leaves=8
num_cat=0
split_feature=45 57 110 31 105 68 38
split_gain=78064.3 71828.1 25446.2 15174.6 13324.2 8179 3332.13
threshold=0.015833333333333314 39.850000000000009 1.5000000000000002 -1.0000000180025095e-35 20.400000000000002 51.500000000000007 4.5000000000000009
decision_type=2 2 2 2 2 2 2
left_child=1 -1 -3 5 -5 -4 -7
right_child=-2 2 3 4 -6 6 -8
leaf_value=2.4272211680957927 3.4300867686997982 0.8382913992772647 -0.71653574642382178 -1.1578689079443025 0.54144757613910366 -2.5692572911580402 -1.633414153538304
leaf_weight=20 14.999999999999998 20 17 27 20 17 24
leaf_count=20 15 20 17 27 20 17 24
internal_value=0.00861099 -0.34742 -0.792988 -1.10426 -0.435035 -1.64479 -2.02688
internal_weight=160 145 125 105 47 58 41
internal_count=160 145 125 105 47 58 41
is_linear=0
shrinkage=0.05


Tree=18
num_leaves=7
num_cat=0
split_feature=70 45 119 70 45 72
split_gain=75759.6 41476.1 22034.2 19903.7 13480.3 6104.74
threshold=0.02750000000000075 0.012500000000000013 -0.24666666666666701 -0.034999999999999691 -0.0041666666666666788 0.48833333333333334
decision_type=2 2 2 2 2 2
left_child=1 2 3 -1 5 -4
right_child=-2 -3 4 -5 -6 -7
leaf_value=1.148649875355954 3.2457108524275124 1.9968709645156535 -1.1612987184852259 -1.0123828079063855 -0.18346248255595904 -2.2474686919406244
leaf_weight=24 15.999999999999998 15.999999999999998 29 19 22 24
leaf_count=24 16 16 29 19 22 24
internal_value=0.00485815 -0.384204 -0.708521 0.193526 -1.22533 -1.65655
internal_weight=150 134 118 43 75 53
internal_count=150 134 118 43 75 53
is_linear=0
shrinkage=0.05


Tree=19
num_leaves=8
num_cat=0
split_feature=33 9 110 22 5 80 43
split_gain=90952.6 23816.2 23292.2 17820.4 16292.6 9113.36 2521.16
threshold=-0.57916666666666605 6.7750000000000012 1.5000000000000002 0.15500000000000003 1.0000000180025095e-35 1.0000000180025095e-35 -0.067500000000000324
decision_type=2 2 2 2 2 2 2
left_child=-1 5 -3 -4 -5 -2 -7
right_child=1 2 3 4 -6 6 -8
leaf_value=3.4304178441477102 -0.46418248688623143 1.7882964440953661 -1.2561097248893822 1.4899525172144008 -0.69687343798809165 -1.1593301419390749 -2.0251064942346364
leaf_weight=17 28 17 27 18 15.999999999999998 14.999999999999998 21
leaf_count=17 28 17 27 18 16 15 21
internal_value=-0.0146841 -0.429285 0.15727 -0.29938 0.461686 -1.14336 -1.66872
internal_weight=159 142 78 61 34 64 36
internal_count=159 142 78 61 34 64 36
is_linear=0
shrinkage=0.05


Tree=20
num_leaves=8
num_cat=0
split_feature=57 72 39 16 52 35 86
split_gain=62923.8 24949.2 47128.5 15430.9 16520.7 12146.2 6427.43
threshold=38.850000000000001 0.059166666666666597 0.19249999999999992 5.3850000000000007 5.535000000000001 11.683333333333334 1.0000000180025095e-35
decision_type=2 2 2 2 2 2 2
left_child=-1 2 -2 4 -3 -4 -5
right_child=1 3 5 6 -6 -7 -8
leaf_value=2.9252552222391088 2.711055393248611 -1.4907608627009461 0.206629719878688 -1.0426228318538964 0.52451836141457109 -1.6175998635639417 -2.3698884028756155
leaf_weight=15.999999999999998 15.999999999999998 17 23 19 25 14.999999999999998 18
leaf_count=16 16 17 23 19 25 15 18
internal_value=-0.0270871 -0.384225 0.443538 -0.949945 -0.292675 -0.515685 -1.6931
internal_weight=149 133 54 79 42 38 37
internal_count=149 133 54 79 42 38 37
is_linear=0
shrinkage=0.05


Tree=21
num_leaves=9
num_cat=0
split_feature=72 33 123 31 4 19 106 0
split_gain=71101.9 148107 23589.3 19260 17722.5 12698.9 7247.42 6360.5
threshold=0.059166666666666597 0.20250000000000015 0.017500000000000005 1.0000000180025095e-35 5.5000000000000009 5.1700000000000008 7.3500000000000005 2389.0000000000005
decision_type=2 2 2 2 2 2 2 2
left_child=1 -1 3 6 7 -5 -2 -3
right_child=2 4 -4 5 -6 -7 -8 -9
leaf_value=5.1517705058524621 -1.1943885245726475 -0.17195015443081885 0.96726011073352491 0.65770749955149421 1.1524686103281767 -1.2426512976377708 -2.5062806397805484 -1.6273112155743783
leaf_weight=18 20 15.000000000000002 14.999999999999998 17 15.999999999999998 18 23 14.999999999999998
leaf_count=18 20 15 15 17 16 18 23 15
internal_value=0.0387084 1.32025 -0.843629 -1.19273 -0.186857 -0.320233 -1.9004 -0.902786
internal_weight=157 64 93 78 46 35 43 30
internal_count=157 64 93 78 46 35 43 30
is_linear=0
shrinkage=0.05


Tree=22
num_leaves=9
num_cat=0
split_feature=72 0 19 62 119 86 106 31
split_gain=44474.1 46840.8 41656.9 15044.5 19288.2 9989.64 9852.77 3156.69
threshold=0.059166666666666597 2389.0000000000005 5.3150000000000004 78.750000000000014 -0.20666666666666697 1.0000000180025095e-35 9.3000000000000025 -1.0000000180025095e-35
decision_type=2 2 2 2 2 2 2 2
left_child=1 2 -1 6 -5 -6 7 -2
right_child=3 -3 -4 4 5 -7 -8 -9
leaf_value=0.1323786882139881 -1.4714874618100804 -0.8864792513092179 3.5526462387682787 1.198452182326998 -0.021002896766216434 -1.7092828023499547 -2.5329660497753825 -0.44255391777745934
leaf_weight=15.999999999999998 15 22 20 15.999999999999998 17 18 14.999999999999998 15
leaf_count=16 15 22 20 16 17 18 15 15
internal_value=-0.163618 0.928542 2.03724 -0.823797 -0.234875 -0.8918 -1.48913 -0.960366
internal_weight=154 58 36 96 51 35 45 30
internal_count=154 58 36 96 51 35 45 30
is_linear=0
shrinkage=0.05


Tree=23
num_leaves=8
num_cat=0
split_feature=45 39 31 62 110 59 118
split_gain=56663.2 23011.8 40592.3 17010.1 18167 5332.49 6105.97
threshold=0.012500000000000013 0.19249999999999992 -0.004166666666666429 78.750000000000014 2.5000000000000004 28.500000000000004 2.5000000000000004
decision_type=2 2 2 2 2 2 2
left_child=1 2 -1 5 -5 -3 -7
right_child=-2 3 -4 4 -6 6 -8
leaf_value=-0.68454457361579391 2.389791533187847 -1.9891093600880017 2.5082024649433468 1.2409218406084901 -0.92829169136978273 -0.27503101100092348 -1.5726916945941074
leaf_weight=26 20 23 15.999999999999998 15.999999999999998 24 15.999999999999998 21
leaf_count=26 20 23 16 16 24 16 21
internal_value=-0.0950521 -0.446501 0.53469 -0.858773 -0.0595508 -1.39052 -1.01393
internal_weight=162 142 42 100 40 60 37
internal_count=162 142 42 100 40 60 37
is_linear=0
shrinkage=0.05


Tree=24
num_leaves=8
num_cat=0
split_feature=70 68 22 24 12 39 119
split_gain=59242.8 23951.3 25351.8 22251.5 13007.1 13862.6 2719.38
threshold=0.02750000000000075 54.500000000000007 0.17500000000000002 35.850000000000009 49.050000000000004 0.19249999999999992 0.12333333333333353
decision_type=2 2 2 2 2 2 2
left_child=1 2 4 -3 -1 -6 -7
right_child=-2 3 -4 -5 5 6 -8
leaf_value=-2.4593706206770136 2.9660586693272086 2.058003503051252 0.81872432977667353 -0.19072692233048302 0.49547615082848157 -0.96134258006267614 -1.8151908470305387
leaf_weight=14.999999999999998 15.999999999999998 18 21 28 14.999999999999998 26 14.999999999999998
leaf_count=15 16 18 21 28 15 26 15
internal_value=0.0957744 -0.238883 -0.704453 0.691658 -1.15556 -0.802473 -1.2775
internal_weight=154 138 92 46 71 56 41
internal_count=154 138 92 46 71 56 41
is_linear=0
shrinkage=0.05


Tree=25
num_leaves=7
num_cat=0
split_feature=33 45 53 122 105 16
split_gain=69486.8 18413.3 16871 15049.3 18093.4 2191.4
threshold=-0.57916666666666605 -0.0066666666666666671 34.850000000000009 3.5000000000000004 15.900000000000002 5.5150000000000006
decision_type=2 2 2 2 2 2
left_child=-1 3 -3 5 -5 -2
right_child=1 2 -4 4 -6 -7
leaf_value=3.0618571732127879 -1.1269514598292434 1.2846235540960107 -0.46414436377664475 -0.88361827896089995 1.2761856484097363 -1.8696939679140543
leaf_weight=17 24 27 28 27 14.999999999999998 18
leaf_count=17 24 27 28 27 15 18
internal_value=0.0540804 -0.315678 0.395024 -0.780995 -0.110942 -1.44907
internal_weight=156 139 55 84 42 42
internal_count=156 139 55 84 42 42
is_linear=0
shrinkage=0.05


Tree=26
num_leaves=9
num_cat=0
split_feature=33 45 116 33 106 98 52 80
split_gain=60786 18209.9 16004.9 13372.9 10099.9 4389.71 3550.92 715.889
threshold=-0.57916666666666605 -0.0066666666666666671 2.5000000000000004 0.14916666666666692 11.900000000000002 37.850000000000009 5.8650000000000011 0.32916666666666666
decision_type=2 2 2 2 2 2 2 2
left_child=-1 3 -3 -2 -4 6 7 -5
right_child=1 2 4 5 -6 -7 -8 -9
leaf_value=2.8705986641303838 0.60464137879428492 1.5891140428513131 -0.87321527759413908 -1.8418435838487413 0.80454723298154929 -0.44898866048225988 -0.68985276459166722 -1.3345221633153246
leaf_weight=17 14.999999999999998 19 22 17 14.999999999999998 22 15.999999999999998 14.999999999999998
leaf_count=17 15 19 22 17 15 22 16 15
internal_value=0.055243 -0.285955 0.413595 -0.746839 -0.192571 -1.03696 -1.30485 -1.60909
internal_weight=158 141 56 85 37 70 48 32
internal_count=158 141 56 85 37 70 48 32
is_linear=0
shrinkage=0.05


Tree=27
num_leaves=8
num_cat=0
split_feature=70 41 39 100 102 8 19
split_gain=50210.7 22213.8 23152.2 15285.9 9413.32 6219.89 1999.28
threshold=0.02750000000000075 0.41916666666666696 0.19249999999999992 0.16500000000000004 28.200000000000006 1.5000000000000002 5.1700000000000008
decision_type=2 2 2 2 2 2 2
left_child=1 2 -1 -3 -4 -6 -7
right_child=-2 3 4 -5 5 6 -8
leaf_value=1.3021760223697427 2.5024672151309009 -2.2956401011390142 0.5169986306060671 -0.27872069788257975 -0.1576910517432473 -0.83290955925619348 -1.6601455019009823
leaf_weight=26 17 21 19 17 23 15.000000000000002 14.999999999999998
leaf_count=26 17 21 19 17 23 15 15
internal_value=-0.0512297 -0.372083 0.0261333 -1.39657 -0.435758 -0.777736 -1.25083
internal_weight=153 136 98 38 72 53 30
internal_count=153 136 98 38 72 53 30
is_linear=0
shrinkage=0.05


Tree=28
num_leaves=7
num_cat=0
split_feature=34 114 9 117 102 91
split_gain=60845 17322.4 11052.7 7906.5 1837.11 2155.4
threshold=2.5000000000000004 1.5000000000000002 6.8650000000000011 -0.1066666666666669 47.500000000000007 5.4300000000000006
decision_type=2 2 2 2 2 2
left_child=-1 -2 3 -3 5 -5
right_child=1 2 -4 4 -6 -7
leaf_value=2.6460135617181266 0.71936431602923723 -0.22266626150158375 0.31855717448445109 -1.3680443885522486 -1.670100769021893 -0.61925005257478238
leaf_weight=19 29 28 23 23 18 17
leaf_count=19 29 28 23 23 18 17
internal_value=0.000918423 -0.364877 -0.653786 -0.913958 -1.24664 -1.05227
internal_weight=157 138 109 86 58 40
internal_count=157 138 109 86 58 40
is_linear=0
shrinkage=0.05


Tree=29
num_leaves=8
num_cat=0
split_feature=72 39 27 30 109 122 70
split_gain=54778.5 89777.2 12342.5 9886.66 9881.13 8608.86 2156.6
threshold=-0.13249999999999981 0.19249999999999992 31.700000000000006 2.5000000000000004 0.0075000000000007292 2.5000000000000004 -0.005833333333332468
decision_type=2 2 2 2 2 2 2
left_child=1 -1 3 6 -5 -3 -2
right_child=2 5 -4 4 -6 -7 -8
leaf_value=4.3330813127651551 -1.9255724762122668 -1.0493122328196136 0.34446785155520498 0.34781085278185625 -1.1654031058781826 0.63914884960414564 -1.1068623252262344
leaf_weight=17 19 15.000000000000002 25 21 22 14.999999999999998 14.999999999999998
leaf_count=17 19 15 25 21 22 15 15
internal_value=0.0310846 1.44166 -0.619613 -0.932732 -0.427183 -0.205597 -1.56883
internal_weight=149 47 102 77 43 30 34
internal_count=149 47 102 77 43 30 34
is_linear=0
shrinkage=0.05


Tree=30
num_leaves=8
num_cat=0
split_feature=33 113 31 22 122 68 4
split_gain=59094.3 12868.4 17477.1 10771.1 19067.5 5832.12 3116.6
threshold=-0.57916666666666605 -18.783333333333328 -0.024999999999999464 0.15500000000000003 1.5000000000000002 52.500000000000007 5.5000000000000009
decision_type=2 2 2 2 2 2 2
left_child=-1 -2 5 6 -5 -3 -4
right_child=1 2 3 4 -6 -7 -8
leaf_value=2.9320376614235943 1.1177335358613374 -0.62044472673185347 -1.1190122185286526 -0.59950671994873372 1.5162271857756302 -1.6740303085144772 -0.13232742747905091
leaf_weight=15.999999999999998 14.999999999999998 28 15.999999999999998 19 24 25 15.999999999999998
leaf_count=16 15 28 16 19 24 25 16
internal_value=0.0600871 -0.26304 -0.425634 0.0656315 0.58203 -1.11973 -0.627775
internal_weight=159 143 128 75 43 53 32
internal_count=159 143 128 75 43 53 32
is_linear=0
shrinkage=0.05


Tree=31
num_leaves=8
num_cat=0
split_feature=72 33 86 45 31 40 119
split_gain=48624.8 107444 18205.4 13949.6 12117.4 11743 3369.22
threshold=0.059166666666666597 0.20250000000000015 1.0000000180025095e-35 -0.0058333333333333284 0.010000000000000233 3.5000000000000004 -0.0575000000000001
decision_type=2 2 2 2 2 2 2
left_child=1 -1 3 6 -3 -4 -2
right_child=2 4 5 -5 -6 -7 -8
leaf_value=4.4775436607543488 -0.17403344456453501 -0.84971007808108168 -0.6599812658990567 0.90846995940575226 0.85015817943372218 -2.2812913501432157 -1.171610380141116
leaf_weight=17 15.999999999999998 27 24 22 17 21 18
leaf_count=17 16 27 24 22 17 21 18
internal_value=0.000554362 1.11418 -0.67242 -0.0700695 -0.192391 -1.42008 -0.704196
internal_weight=162 61 101 56 44 45 34
internal_count=162 61 101 56 44 45 34
is_linear=0
shrinkage=0.05


Tree=32
num_leaves=8
num_cat=0
split_feature=83 123 41 31 34 121 80
split_gain=52390.8 19094.4 15966.8 16211.6 9713.52 3321.01 3254.31
threshold=4.5000000000000009 0.022499999999999996 0.32666666666666672 -0.014166666666666215 4.5000000000000009 -0.07499999999999972 -0.18249999999999963
decision_type=2 2 2 2 2 2 2
left_child=1 2 3 5 -5 -1 -4
right_child=-2 -3 6 4 -6 -7 -8
leaf_value=-1.6667685663463261 1.9696104507853551 1.2401600180872228 -2.0984070979290124 1.0033478293285902 -0.49322522223307824 -0.62590169812211338 -1.0766248744467031
leaf_weight=15.000000000000002 28 14.999999999999998 15.999999999999998 25 19 15.999999999999998 15.999999999999998
leaf_count=15 28 15 16 25 19 16 16
internal_value=0.0230357 -0.424925 -0.659335 -0.259478 0.357334 -1.13345 -1.59262
internal_weight=150 122 107 75 44 31 32
internal_count=150 122 107 75 44 31 32
is_linear=0
shrinkage=0.05


Tree=33
num_leaves=7
num_cat=0
split_feature=83 114 17 53 31 36
split_gain=48202.9 14039.5 9555.61 5141.98 3295.12 3554.34
threshold=4.5000000000000009 1.5000000000000002 25.100000000000005 22.100000000000005 -0.024999999999999464 4.5000000000000009
decision_type=2 2 2 2 2 2
left_child=1 -1 -3 -4 -5 -6
right_child=-2 2 3 4 5 -7
leaf_value=0.62084666047516457 1.8888331879076163 0.46944713324111031 -1.5336567053031096 -1.0516844902531248 -0.81145226259409231 0.25678055144303685
leaf_weight=26 28 14.999999999999998 23 27 16.000000000000004 14.999999999999998
leaf_count=26 28 15 23 27 16 15
internal_value=0.0216779 -0.408005 -0.68706 -0.901604 -0.648669 -0.295241
internal_weight=150 122 96 81 58 31
internal_count=150 122 96 81 58 31
is_linear=0
shrinkage=0.05


Tree=34
num_leaves=8
num_cat=0
split_feature=33 43 33 9 122 92 106
split_gain=44534.2 13303.7 20164.6 11846.6 4904.18 4175.19 2201.02
threshold=-0.57916666666666605 -1.0000000180025095e-35 0.20250000000000015 6.8650000000000011 2.5000000000000004 13.100000000000003 9.3000000000000025
decision_type=2 2 2 2 2 2 2
left_child=-1 2 -2 5 -4 -3 -7
right_child=1 3 4 -5 -6 6 -8
leaf_value=2.5377693336202487 1.7558310363724914 -0.39436352782779271 -0.89759123858825929 0.45259442897567975 0.16550471536347788 -0.87639287510273611 -1.6510939420559705
leaf_weight=15.999999999999998 17 17 18 17 27 15.999999999999998 23
leaf_count=16 17 17 18 17 27 16 23
internal_value=0.0520326 -0.244197 0.294098 -0.701224 -0.26067 -1.05176 -1.33645
internal_weight=151 135 62 73 45 56 39
internal_count=151 135 62 73 45 56 39
is_linear=0
shrinkage=0.05


Tree=35
num_leaves=9
num_cat=0
split_feature=45 57 12 10 101 6 123 119
split_gain=37053.7 18014.1 12380.7 10516.8 5589.87 5156.47 6250.62 2240.13
threshold=0.015833333333333314 39.850000000000009 49.550000000000004 5.5500000000000007 78.700000000000017 3.5000000000000004 0.0033333333333333136 0.092499999999999818
decision_type=2 2 2 2 2 2 2 2
left_child=1 -1 4 -4 -3 7 -7 -5
right_child=-2 2 3 5 -6 6 -8 -9
leaf_value=1.2155044944081086 2.1889902610652494 -0.87188031445894998 0.9205921952298145 -0.61452797781234658 -2.1073606547930384 -0.72831262069222813 0.5877365756453129 -1.4193081331568838
leaf_weight=14.999999999999998 14.999999999999998 24 14.999999999999998 21 14.999999999999998 19 17 14.999999999999998
leaf_count=15 15 24 15 21 15 19 17 15
internal_value=-0.165171 -0.417023 -0.612221 -0.279651 -1.35137 -0.530701 -0.1068 -0.952994
internal_weight=156 141 126 87 39 72 36 36
internal_count=156 141 126 87 39 72 36 36
is_linear=0
shrinkage=0.05


Tree=36
num_leaves=8
num_cat=0
split_feature=72 39 102 87 35 35 31
split_gain=39284.1 82715.6 19257.6 19036.9 8516.48 5968.53 888.036
threshold=0.059166666666666597 0.19249999999999992 32.550000000000004 6.7750000000000012 -3.3583333333333338 11.683333333333334 -1.0000000180025095e-35
decision_type=2 2 2 2 2 2 2
left_child=1 -1 3 -2 -4 -3 -6
right_child=2 5 4 -5 6 -7 -8
leaf_value=3.6425673584663429 -1.0661298459728821 0.21616297552595923 -2.3288706672112673 1.3701249518589664 -1.1145611529528352 -0.97877008571674673 -0.61523501888805676
leaf_weight=19 14.999999999999998 23 14.999999999999998 17 24 19 14.999999999999998
leaf_count=19 15 23 15 17 24 19 15
internal_value=-0.0551968 0.914434 -0.743279 0.228211 -1.31843 -0.325324 -0.924705
internal_weight=147 61 86 32 54 42 39
internal_count=147 61 86 32 54 42 39
is_linear=0
shrinkage=0.05


Tree=37
num_leaves=9
num_cat=0
split_feature=33 83 72 103 31 0 98 63
split_gain=48691.1 12177.5 8535.05 12995.5 3444.92 2887.47 2912.6 328.389
threshold=-0.57916666666666605 1.5000000000000002 0.059166666666666597 26.950000000000003 -1.0000000180025095e-35 738.50000000000011 36.000000000000007 46.650000000000013
decision_type=2 2 2 2 2 2 2 2
left_child=-1 -2 3 -3 -5 -4 7 -7
right_child=1 2 5 4 -6 6 -8 -9
leaf_value=2.6823429564766537 0.68846703102864115 1.0783079769179138 -1.5212439682309991 -1.1126340413999836 -0.090909035337267449 -0.8450448857237961 -0.21874213850959229 -1.1971106447131428
leaf_weight=14.999999999999998 25 17 14.999999999999998 17 15.999999999999998 15.000000000000002 18 14.999999999999998
leaf_count=15 25 17 15 17 16 15 18 15
internal_value=-0.013346 -0.308122 -0.529064 -0.0409304 -0.619175 -0.915714 -0.723613 -1.02464
internal_weight=153 138 113 50 33 63 48 30
internal_count=153 138 113 50 33 63 48 30
is_linear=0
shrinkage=0.05


Tree=38
num_leaves=8
num_cat=0
split_feature=70 41 118 0 53 68 108
split_gain=42508.9 14475.2 13484.3 21392.2 8284.59 6431.75 2111.02
threshold=0.024166666666667339 0.77500000000000002 2.5000000000000004 1982.5000000000002 22.100000000000005 54.500000000000007 4.5000000000000009
decision_type=2 2 2 2 2 2 2
left_child=1 2 3 -1 -4 6 -6
right_child=-2 -3 4 -5 5 -7 -8
leaf_value=1.5565265544049152 2.3306553694031993 -1.664066790036506 -1.5859789810682596 -0.57320199887040235 -1.0919272440218786 0.51304035830941996 -0.27625638333377461
leaf_weight=23 15.999999999999998 19 17 24 17 15.999999999999998 14.999999999999998
leaf_count=23 16 19 17 24 17 16 15
internal_value=-0.093999 -0.39173 -0.174551 0.469991 -0.640687 -0.303191 -0.711789
internal_weight=147 131 112 47 65 48 32
internal_count=147 131 112 47 65 48 32
is_linear=0
shrinkage=0.05


Tree=39
num_leaves=8
num_cat=0
split_feature=70 96 41 16 89 52 80
split_gain=37488 19358.6 13247.7 10378.9 8327.58 6993.94 6318.45
threshold=0.02750000000000075 36.45000000000001 0.31083333333333402 5.4650000000000007 34.300000000000004 4.785000000000001 1.0000000180025095e-35
decision_type=2 2 2 2 2 2 2
left_child=1 -1 3 5 -4 -3 -7
right_child=-2 2 4 -5 -6 6 -8
leaf_value=1.3305960254711016 2.3831026235163608 -1.1337691162046379 -0.5928934623844816 1.0708393226396169 -2.1089026480728053 0.66233202645759937 -0.52505371231874409
leaf_weight=17 14.999999999999998 21 21 14.999999999999998 15.999999999999998 19 27
leaf_count=17 15 21 21 15 16 19 27
internal_value=0.0194466 -0.242773 -0.468511 -0.113596 -1.25252 -0.380044 -0.0341305
internal_weight=151 136 119 82 37 67 46
internal_count=151 136 119 82 37 67 46
is_linear=0
shrinkage=0.05


Tree=40
num_leaves=8
num_cat=0
split_feature=10 41 119 22 45 47 26
split_gain=43393 10614.7 12094.5 15818.9 7796.68 2332.27 933.335
threshold=4.3900000000000015 0.77500000000000002 -0.21583333333333329 0.15500000000000003 -0.0016666666666666633 1.5000000000000002 42.20000000000001
decision_type=2 2 2 2 2 2 2
left_child=-1 2 3 -2 5 6 -4
right_child=1 -3 4 -5 -6 -7 -8
leaf_value=2.3408553172273243 -0.49636683240968582 -1.3931287560296888 -1.2864838942183248 1.5980765567400068 0.25254267814619413 -0.29635897562993291 -0.78631810857288864
leaf_weight=17 17 20 19 19 24 14.999999999999998 20
leaf_count=17 17 20 19 19 24 15 20
internal_value=-0.0311612 -0.333647 -0.146671 0.61026 -0.496422 -0.829239 -1.03278
internal_weight=151 134 114 36 78 54 39
internal_count=151 134 114 36 78 54 39
is_linear=0
shrinkage=0.05


Tree=41
num_leaves=8
num_cat=0
split_feature=72 35 84 35 20 57 70
split_gain=43166 79821.7 16184.2 8244.1 8146.8 6898.47 4326.08
threshold=0.059166666666666597 1.0833333333333324 -0.02 11.683333333333334 28.650000000000002 52.100000000000009 -0.026666666666666835
decision_type=2 2 2 2 2 2 2
left_child=1 -1 -2 -3 -4 -6 -7
right_child=2 3 4 -5 5 6 -8
leaf_value=4.2668116136891951 0.74535277047868576 0.66289030025745255 0.0063788354726127504 -0.68434157143184793 -1.8574837943824989 -1.3646161095196048 -0.21513970062877591
leaf_weight=14.999999999999998 18 26 18 20 24 14.999999999999998 18
leaf_count=15 18 26 18 20 24 15 18
internal_value=0.0798915 1.11252 -0.597838 0.076815 -0.920834 -1.21322 -0.740324
internal_weight=154 61 93 46 75 57 33
internal_count=154 61 93 46 75 57 33
is_linear=0
shrinkage=0.05


Tree=42
num_leaves=7
num_cat=0
split_feature=120 41 84 53 84 99
split_gain=38786.8 14056.7 11196.1 10054.6 5368.83 5155.22
threshold=1.5000000000000002 1.0050000000000006 0.014166666666666662 49.100000000000009 -0.017499999999999998 53.250000000000007
decision_type=2 2 2 2 2 2
left_child=-1 2 3 4 -2 -6
right_child=1 -3 -4 -5 5 -7
leaf_value=1.9911652504588682 0.23153628911545027 -1.7071573920597303 1.1386801875155903 0.91143847427620794 -1.083114461041498 -0.19736511184997166
leaf_weight=22 20 14.999999999999998 15.999999999999998 14.999999999999998 38 29
leaf_count=22 20 15 16 15 38 29
internal_value=0.0513607 -0.270727 -0.0867962 -0.280004 -0.486293 -0.70067
internal_weight=155 133 118 102 87 67
internal_count=155 133 118 102 87 67
is_linear=0
shrinkage=0.05


Tree=43
num_leaves=7
num_cat=0
split_feature=120 74 27 121 57 67
split_gain=40158 13795.3 13904.9 9894.14 7217.78 5144.91
threshold=1.5000000000000002 -6.6666666666666652 31.700000000000006 0.29333333333333395 55.350000000000001 7.8500000000000005
decision_type=2 2 2 2 2 2
left_child=-1 -2 3 4 -3 -5
right_child=1 2 -4 5 -6 -7
leaf_value=2.0571552317854351 1.0374043152346246 -1.8244099432481204 0.46519513411825053 -0.78738711075476031 -0.64316051552122122 0.40663852342136242
leaf_weight=21 17 26 29 17 26 19
leaf_count=21 17 26 29 17 26 19
internal_value=0.02954 -0.28948 -0.48304 -0.795756 -1.23625 -0.157688
internal_weight=155 134 117 88 52 36
internal_count=155 134 117 88 52 36
is_linear=0
shrinkage=0.05


Tree=44
num_leaves=8
num_cat=0
split_feature=63 21 106 109 43 40 23
split_gain=38998.8 77660.8 10583.7 13128.1 7815.4 6439.51 2911.22
threshold=31.400000000000002 50.100000000000009 2.3000000000000003 0.015833333333333591 -1.0000000180025095e-35 3.5000000000000004 81.550000000000011
decision_type=2 2 2 2 2 2 2
left_child=1 -1 3 -2 6 -6 -4
right_child=2 -3 4 -5 5 -7 -8
leaf_value=-0.48122249029880193 -0.56102205481977097 4.0087924126296022 -0.62222383235340684 1.4018669191169442 -0.60042339310501558 -1.865610623623126 0.3304721644050197
leaf_weight=22 18 17 14.999999999999998 15.999999999999998 23 18 17
leaf_count=22 18 17 15 16 23 18 17
internal_value=0.129597 1.48108 -0.363878 0.363946 -0.702966 -1.15918 -0.116496
internal_weight=146 39 107 34 73 41 32
internal_count=146 39 107 34 73 41 32
is_linear=0
shrinkage=0.05


Tree=45
num_leaves=8
num_cat=0
split_feature=106 39 31 48 110 37 58
split_gain=23677.5 36478 14326.2 11273.4 9302.12 7773.6 1610.19
threshold=7.3500000000000005 -0.84416666666666662 0.012500000000000179 6.7350000000000012 3.5000000000000004 2.4083333333333354 4.8950000000000005
decision_type=2 2 2 2 2 2 2
left_child=1 -1 5 -3 -5 -2 -7
right_child=2 3 -4 4 -6 6 -8
leaf_value=2.5690648862462964 -2.2300546225553712 -0.96361338606539582 0.31972118148487577 1.0629752348990462 -0.4439331240678957 -1.3080594789113431 -0.63062680228128687
leaf_weight=14.999999999999998 15.999999999999998 26 18 22 19 14.999999999999998 22
leaf_count=15 16 26 18 22 19 15 22
internal_value=-0.229623 0.348967 -0.897475 -0.151083 0.365149 -1.31078 -0.908182
internal_weight=153 82 71 67 41 53 37
internal_count=153 82 71 67 41 53 37
is_linear=0
shrinkage=0.05


Tree=46
num_leaves=9
num_cat=0
split_feature=31 39 108 80 88 68 104 104
split_gain=34114 56069.4 13582.1 8523.63 8033.84 7434.49 4199.5 1448.86
threshold=0.007499999999999841 0.10249999999999961 5.5000000000000009 0.06583333333333298 6.1500000000000012 54.500000000000007 30.200000000000003 20.500000000000004
decision_type=2 2 2 2 2 2 2 2
left_child=2 -2 4 -3 5 6 7 -1
right_child=1 3 -4 -5 -6 -7 -8 -9
leaf_value=-1.6439809464460968 3.5282496566014583 0.77823923299884223 0.62395754323150576 -0.70847919979785901 -1.8553162636115534 0.26232994969128171 -0.28836918550988905 -0.95568922430451142
leaf_weight=14.999999999999998 14.999999999999998 17 18 22 17 17 15.999999999999998 17
leaf_count=15 15 17 18 22 17 17 16 17
internal_value=-0.0702693 0.941351 -0.616989 -0.0599616 -0.889881 -0.634843 -0.952581 -1.2826
internal_weight=154 54 100 39 82 65 48 32
internal_count=154 54 100 39 82 65 48 32
is_linear=0
shrinkage=0.05


Tree=47
num_leaves=8
num_cat=0
split_feature=31 66 106 108 34 67 26
split_gain=32604.1 45804.8 13613.9 12174 8272.59 5785.32 2805.21
threshold=0.007499999999999841 10.800000000000002 7.3500000000000005 4.5000000000000009 3.5000000000000004 10.550000000000002 40.350000000000009
decision_type=2 2 2 2 2 2 2
left_child=2 -2 3 -1 -4 -3 -6
right_child=1 5 4 -5 6 -7 -8
leaf_value=-0.85502504633562593 3.2093959999380646 -0.52682453297184539 -2.0808514116713717 0.71348996926032771 -0.21640580603795023 0.71061258678547823 -1.1533594702341541
leaf_weight=22 15.999999999999998 21 15.999999999999998 28 15.999999999999998 17 15.999999999999998
leaf_count=22 16 21 16 28 16 17 16
internal_value=-0.0111779 0.974247 -0.554658 0.0229145 -1.1552 0.0270467 -0.687172
internal_weight=152 54 98 50 48 38 32
internal_count=152 54 98 50 48 38 32
is_linear=0
shrinkage=0.05


Tree=48
num_leaves=8
num_cat=0
split_feature=15 99 123 17 28 28 70
split_gain=30370 10388 12949.7 6563.11 4384.73 6408.09 1875.65
threshold=29.350000000000005 60.95000000000001 0.015000000000000001 36.45000000000001 5.4500000000000002 12.750000000000002 -0.026666666666666835
decision_type=2 2 2 2 2 2 2
left_child=-1 2 3 4 -2 -6 -5
right_child=1 -3 -4 6 5 -7 -8
leaf_value=1.6830434542473913 -1.0806583054659777 0.94854943221030019 0.78886278112521335 -1.5837065696716308 0.6780380182098924 -0.51395899151027025 -0.83933698325881145
leaf_weight=24 14.999999999999998 15.999999999999998 19 15.999999999999998 17 33 19
leaf_count=24 15 16 19 16 17 33 19
internal_value=0.0479618 -0.243713 -0.404721 -0.632113 -0.333879 -0.108036 -1.18331
internal_weight=159 135 119 100 65 50 35
internal_count=159 135 119 100 65 50 35
is_linear=0
shrinkage=0.05


Tree=49
num_leaves=9
num_cat=0
split_feature=66 100 37 20 90 119 117 101
split_gain=29621 23522.8 24156.9 7772.83 6203.13 8108.45 3099.65 2744.3
threshold=5.1000000000000005 0.16500000000000004 0.31666666666667359 32.500000000000007 33.100000000000001 -0.20666666666666697 0.271666666666667 78.700000000000017
decision_type=2 2 2 2 2 2 2 2
left_child=-1 3 -3 7 -4 -6 -7 -2
right_child=1 2 4 -5 5 6 -8 -9
leaf_value=1.937851488834236 0.019953875825894592 1.9088252141330782 -1.0518854975700378 -1.6136563828513291 1.0643609639627254 0.15238086561493525 -0.86131148590946838 -0.89416184978590474
leaf_weight=17 14.999999999999998 18 14.999999999999998 28 14.999999999999998 15.000000000000002 14.999999999999998 18
leaf_count=17 15 18 15 28 15 15 15 18
internal_value=-0.0259209 -0.267351 0.307724 -1.00207 -0.1749 0.119002 -0.355477 -0.479699
internal_weight=156 139 78 61 60 45 30 33
internal_count=156 139 78 61 60 45 30 33
is_linear=0
shrinkage=0.05


Tree=50
num_leaves=8
num_cat=0
split_feature=33 17 115 119 111 57 9
split_gain=43692.7 7623 8249.04 5802.86 7493.44 2202.12 1738.46
threshold=-0.57916666666666605 35.70000000000001 -12.14166666666666 0.29250000000000004 0.44083333333333391 56.250000000000007 6.785000000000001
decision_type=2 2 2 2 2 2 2
left_child=-1 2 -2 4 -4 6 -3
right_child=1 5 3 -5 -6 -7 -8
leaf_value=2.5507237031759806 0.95553043573600793 -0.65239431456307684 0.58725744150711545 -0.93466538139994104 -0.67713007737154973 -0.30946886644837607 -1.3754679383698456
leaf_weight=14.999999999999998 18 18 28 21 20 18 15.999999999999998
leaf_count=15 18 18 28 21 20 18 16
internal_value=-0.00375437 -0.281089 0.00528451 -0.243557 0.0600129 -0.7594 -0.995847
internal_weight=154 139 87 69 48 52 34
internal_count=154 139 87 69 48 52 34
is_linear=0
shrinkage=0.05


Tree=51
num_leaves=8
num_cat=0
split_feature=72 33 12 4 95 35 91
split_gain=30299.7 66230.8 13296.6 7952.08 7069.69 7961.77 1794.3
threshold=0.059166666666666597 0.20250000000000015 42.900000000000013 5.5000000000000009 32.650000000000013 5.0000000000000009 5.7250000000000005
decision_type=2 2 2 2 2 2 2
left_child=1 -1 -2 -3 5 -4 -6
right_child=2 3 4 -5 6 -7 -8
leaf_value=3.5274641134585552 -1.9077829079912201 -0.62192949912802042 1.0967055058637203 0.79221059537881267 -1.0339003976031298 -0.39295541139749379 -0.34141597325757422
leaf_weight=17 14.999999999999998 29 14.999999999999998 14.999999999999998 23 22 15.999999999999998
leaf_count=17 15 29 15 15 23 22 16
internal_value=0.0253609 0.886806 -0.552376 -0.13902 -0.282641 0.212155 -0.751532
internal_weight=152 61 91 44 76 37 39
internal_count=152 61 91 44 76 37 39
is_linear=0
shrinkage=0.05


Tree=52
num_leaves=8
num_cat=0
split_feature=70 68 22 12 24 31 111
split_gain=28190.5 12398.9 9665.18 9928.28 9316.28 2867.1 1302.58
threshold=0.032499999999999758 54.500000000000007 0.17500000000000002 49.050000000000004 39.20000000000001 0.007499999999999841 -0.23916666666666583
decision_type=2 2 2 2 2 2 2
left_child=1 2 3 -1 -3 6 -5
right_child=-2 4 -4 5 -6 -7 -8
leaf_value=-1.9710226853162247 2.0488342335682042 1.2965736554009126 0.30956700757680189 -1.1207253914005715 -0.12506782213846843 0.038802818926224801 -0.53940693729447708
leaf_weight=14.999999999999998 14.999999999999998 19 25 14.999999999999991 29 15.999999999999998 28.000000000000007
leaf_count=15 15 19 25 15 29 16 28
internal_value=-0.00851569 -0.219733 -0.539333 -0.826221 0.439087 -0.532243 -0.744438
internal_weight=162 147 99 74 48 59 43
internal_count=162 147 99 74 48 59 43
is_linear=0
shrinkage=0.05


Tree=53
num_leaves=8
num_cat=0
split_feature=95 41 103 16 116 45 98
split_gain=27543.8 12149.6 8732.18 8005.5 7571.7 6896.34 2280.69
threshold=19.750000000000004 0.41916666666666696 29.500000000000004 5.5450000000000008 3.5000000000000004 -0.013333333333333348 31.250000000000004
decision_type=2 2 2 2 2 2 2
left_child=-1 3 -3 4 5 -2 -6
right_child=1 2 -4 -5 6 -7 -8
leaf_value=1.9256567122920458 -0.43685582402002743 -0.19664467433739824 -1.6913417477305832 0.92208847854677478 -0.28794954621414254 0.89361437454607806 -0.98754516735494846
leaf_weight=14.999999999999998 18 17 23 18 22 21 25
leaf_count=15 18 17 23 18 22 21 25
internal_value=-0.106055 -0.318915 -1.05829 -0.0337473 -0.234703 0.279877 -0.661488
internal_weight=159 144 40 104 86 39 47
internal_count=159 144 40 104 86 39 47
is_linear=0
shrinkage=0.05


Tree=54
num_leaves=8
num_cat=0
split_feature=97 32 109 60 13 91 0
split_gain=15385.9 17472.3 6223.11 10489.1 10264 4696.21 1344.25
threshold=4.660000000000001 2.5000000000000004 0.015833333333333591 52.550000000000004 5.6450000000000005 5.3550000000000013 1418.0000000000002
decision_type=2 2 2 2 2 2 2
left_child=-1 -2 5 4 -4 6 -3
right_child=1 2 3 -5 -6 -7 -8
leaf_value=1.1830668183108466 -1.9027475218109737 -1.1171010678973645 1.6477433963128698 -0.73305209646238145 0.0442865210697364 0.050124049494274993 -0.50925239552378032
leaf_weight=20 14.999999999999998 18 17 18 24 28 19
leaf_count=20 15 18 17 18 24 28 19
internal_value=-0.110051 -0.296864 -0.101187 0.270313 0.711648 -0.438368 -0.807311
internal_weight=159 139 124 59 41 65 37
internal_count=159 139 124 59 41 65 37
is_linear=0
shrinkage=0.05


Tree=55
num_leaves=9
num_cat=0
split_feature=70 31 60 88 109 40 95 35
split_gain=24488.2 9480.53 9655.59 9284.83 9998.56 7835.24 5015.32 3666.94
threshold=0.032499999999999758 0.020000000000000021 52.550000000000004 6.1250000000000009 0.015833333333333591 4.5000000000000009 28.500000000000004 2.8249999999999997
decision_type=2 2 2 2 2 2 2 2
left_child=1 2 3 4 -1 -3 -6 -4
right_child=-2 5 7 -5 6 -7 -8 -9
leaf_value=-0.45758686586153879 1.9614814149622886 1.4297549520107291 -1.6649788480720773 -1.1280772201763176 0.18423481421754848 -0.18232133183258259 1.456757497972583 -0.60230447119770791
leaf_weight=28 14.999999999999998 15.000000000000002 14.999999999999998 15.999999999999998 15.000000000000002 14.999999999999998 15.999999999999998 18
leaf_count=28 15 15 15 16 15 15 16 18
internal_value=0.0497533 -0.159277 -0.377728 -0.0636417 0.226354 0.625623 0.843754 -1.08906
internal_weight=153 138 108 75 59 30 31 33
internal_count=153 138 108 75 59 30 31 33
is_linear=0
shrinkage=0.05


Tree=56
num_leaves=7
num_cat=0
split_feature=15 99 110 109 37 26
split_gain=29919.1 9485.28 5985.14 6767.01 3116.29 1605.91
threshold=29.350000000000005 59.20000000000001 2.5000000000000004 0.015833333333333591 4.866666666666668 38.600000000000009
decision_type=2 2 2 2 2 2
left_child=-1 2 3 -2 -4 -6
right_child=1 -3 4 -5 5 -7
leaf_value=1.6253406002808408 -0.49194154142233715 0.79787871353110362 -1.2216074974210429 0.80228915244155774 -0.20901818133856917 -0.82894222377544602
leaf_weight=24 27 17 24 15.999999999999998 22 20
leaf_count=24 27 17 24 16 22 20
internal_value=0.0111119 -0.297366 -0.468804 -0.0095072 -0.7675 -0.505607
internal_weight=150 126 109 43 66 42
internal_count=150 126 109 43 66 42
is_linear=0
shrinkage=0.05


Tree=57
num_leaves=8
num_cat=0
split_feature=70 0 119 102 53 103 113
split_gain=23675.9 9347.82 10498.9 17345.2 5577.19 5237.44 3212.37
threshold=0.032499999999999758 2318.5000000000005 -0.20666666666666697 42.850000000000001 22.100000000000005 32.050000000000004 3.0999999999999983
decision_type=2 2 2 2 2 2 2
left_child=1 2 3 -1 -3 -4 -6
right_child=-2 4 5 -5 6 -7 -8
leaf_value=-0.21210684801271451 1.8722379364319985 -1.4184562879707174 0.1197414751929516 2.0569256935688047 0.10921605096419872 -0.87717348564709852 -0.86213838635764495
leaf_weight=19 14.999999999999998 19 29 14.999999999999998 18 24 15.999999999999998
leaf_count=19 15 19 29 15 18 24 16
internal_value=-0.00881629 -0.211586 0.107324 0.791887 -0.73439 -0.332399 -0.348933
internal_weight=155 140 87 34 53 53 34
internal_count=155 140 87 34 53 53 34
is_linear=0
shrinkage=0.05


Tree=58
num_leaves=9
num_cat=0
split_feature=106 33 23 48 117 58 60 43
split_gain=27877.3 46177.9 11269.2 7889.79 10506.5 6386.12 5177.89 2763.69
threshold=6.7500000000000009 -0.10333333333333304 67.15000000000002 6.7350000000000012 0.1724999999999999 4.8250000000000011 49.350000000000001 -0.079166666666667038
decision_type=2 2 2 2 2 2 2 2
left_child=1 -1 -2 -3 -5 -4 -7 -8
right_child=2 3 5 4 -6 6 7 -9
leaf_value=3.2441462356128441 -1.6226240342512179 -0.76776973152021211 -1.1044607544537655 1.553213394122408 -0.12955644410180847 0.77865243002494666 0.10312925960806854 -0.81344408515273325
leaf_weight=14.999999999999998 19 17 15.999999999999998 14.999999999999998 24 15.999999999999998 17.999999999999996 15.000000000000002
leaf_count=15 19 17 16 15 24 16 18 15
internal_value=0.0614117 0.79021 -0.554744 0.128206 0.519852 -0.240505 0.0431759 -0.314543
internal_weight=155 71 84 56 39 65 49 33
internal_count=155 71 84 56 39 65 49 33
is_linear=0
shrinkage=0.05


Tree=59
num_leaves=8
num_cat=0
split_feature=83 0 115 25 105 53 117
split_gain=26649.3 56959.2 7476.71 4131.91 4259.65 2113.96 1436.54
threshold=4.5000000000000009 2041.5000000000002 -12.14166666666666 25.650000000000002 30.200000000000003 29.800000000000004 0.1724999999999999
decision_type=2 2 2 2 2 2 2
left_child=2 -2 -1 -4 5 -5 -7
right_child=1 -3 3 4 -6 6 -8
leaf_value=0.51969678427749899 3.5518882493506987 -0.72554899694756692 -1.0492137396483994 -0.88763666864820001 0.45552108518729945 0.079869448336941457 -0.53084822402280918
leaf_weight=23 15.000000000000002 15.999999999999998 24 21 14.999999999999998 17 22
leaf_count=23 15 16 24 21 15 17 22
internal_value=0.0421252 1.34878 -0.290686 -0.479342 -0.295762 -0.484112 -0.264987
internal_weight=153 31 122 99 75 60 39
internal_count=153 31 122 99 75 60 39
is_linear=0
shrinkage=0.05


Tree=60
num_leaves=8
num_cat=0
split_feature=76 33 113 12 103 0 109
split_gain=22569.5 61482.6 12015.1 7691.14 4805.17 2830.2 2604.84
threshold=-1.0583333333333333 0.20250000000000015 -15.433333333333332 42.900000000000013 28.300000000000004 1194.0000000000002 0.020000000000000021
decision_type=2 2 2 2 2 2 2
left_child=1 -1 -2 -4 -3 -5 -7
right_child=2 4 3 5 -6 6 -8
leaf_value=3.5653730681190732 0.79280205539792592 0.57676266171284862 -1.6841434371392461 -0.90374947112070481 -0.52918728119113678 0.1176192680138281 -0.62961125365365733
leaf_weight=14.999999999999998 17 14.999999999999998 14.999999999999998 22 28 26 21
leaf_count=15 17 15 15 22 28 26 21
internal_value=0.0352586 0.820587 -0.416038 -0.661396 -0.142832 -0.436871 -0.216771
internal_weight=159 58 101 84 43 69 47
internal_count=159 58 101 84 43 69 47
is_linear=0
shrinkage=0.05


Tree=61
num_leaves=7
num_cat=0
split_feature=120 4 63 43 14 31
split_gain=23153.8 6565.86 7303.16 6591.42 4143.79 3738.72
threshold=1.5000000000000002 5.5000000000000009 38.70000000000001 -0.24500000000000052 30.100000000000005 -0.0091666666666667656
decision_type=2 2 2 2 2 2
left_child=-1 3 -3 -2 -5 -4
right_child=1 2 5 4 -6 -7
leaf_value=1.4617588296081081 0.27545441352062344 0.95454990911549609 -0.68244874030996705 -1.4010987765109375 -0.48212872327858869 0.19916056095366461
leaf_weight=23 15.999999999999998 18 23 22 28 25
leaf_count=23 16 18 23 22 28 25
internal_value=0.00129634 -0.254054 0.0985131 -0.606313 -0.888565 -0.223714
internal_weight=155 132 66 66 50 48
internal_count=155 132 66 66 50 48
is_linear=0
shrinkage=0.05


Tree=62
num_leaves=8
num_cat=0
split_feature=70 41 103 31 0 77 113
split_gain=19829.4 7545.59 6322.31 4827.4 4834.83 3495.03 2030.6
threshold=0.02750000000000075 0.41916666666666696 29.500000000000004 -0.024999999999999464 1741.5000000000002 3.5000000000000004 3.0999999999999983
decision_type=2 2 2 2 2 2 2
left_child=1 3 -3 5 -5 -1 -6
right_child=-2 2 -4 4 6 -7 -8
leaf_value=-0.94841172807845298 1.5656242256579191 -0.20465533614817244 -1.4964635888735451 0.75200259096593969 0.20128614359139083 0.025165996502278843 -0.57065856575225449
leaf_weight=20 15.999999999999998 18 20 25 18 17 15.999999999999998
leaf_count=20 16 18 20 25 18 17 16
internal_value=-0.0924279 -0.291461 -0.886829 -0.0550655 0.225566 -0.502095 -0.162444
internal_weight=150 134 38 96 59 37 34
internal_count=150 134 38 96 59 37 34
is_linear=0
shrinkage=0.05


Tree=63
num_leaves=7
num_cat=0
split_feature=76 33 107 103 102 21
split_gain=21004.2 49904.9 5663.22 4697.73 4679.37 5435.67
threshold=-1.0583333333333333 0.20250000000000015 52.500000000000007 28.300000000000004 31.100000000000005 49.850000000000009
decision_type=2 2 2 2 2 2
left_child=1 -1 -2 -3 -4 -6
right_child=2 3 4 -5 5 -7
leaf_value=3.0851027133301918 -1.0846737533224435 0.51341692009327577 0.33923860318732985 -0.55780682534085468 -0.075641489978810955 -1.1783308956947625
leaf_weight=15.999999999999998 28 15.999999999999998 23 28 27 19
leaf_count=16 28 16 23 28 27 19
internal_value=-0.0314267 0.703191 -0.486137 -0.167877 -0.241962 -0.532777
internal_weight=157 60 97 44 69 46
internal_count=157 60 97 44 69 46
is_linear=0
shrinkage=0.05


Tree=64
num_leaves=7
num_cat=0
split_feature=66 100 119 37 98 42
split_gain=18183.6 13775.3 13390.8 4459.58 4352.22 1577.53
threshold=5.1000000000000005 0.16500000000000004 -0.28666666666666657 -2.6833333333333367 33.45000000000001 3.5000000000000004
decision_type=2 2 2 2 2 2
left_child=-1 3 -3 -2 -4 -5
right_child=1 2 4 5 -6 -7
leaf_value=1.4456673990216169 -1.5294745963182508 1.2946144085025313 0.21410597301574344 -0.31964632098785078 -0.7370999254544317 -0.89444773208473516
leaf_weight=17 15.999999999999998 20 25 28 23 21
leaf_count=17 16 20 25 28 23 21
internal_value=-0.0892054 -0.286369 0.210996 -0.80629 -0.242161 -0.567412
internal_weight=150 133 68 65 48 49
internal_count=150 133 68 65 48 49
is_linear=0
shrinkage=0.05


Tree=65
num_leaves=9
num_cat=0
split_feature=120 37 105 39 80 123 123 123
split_gain=23412.9 11908.6 4559.87 7082.11 2587.3 3057.44 2039.57 1651.67
threshold=1.5000000000000002 -6.8666666666666698 18.150000000000002 0.19249999999999992 1.0000000180025095e-35 0.0049999999999999914 0.0074999999999999937 -0.016666666666666673
decision_type=2 2 2 2 2 2 2 2
left_child=-1 -2 4 -4 5 -3 -6 -5
right_child=1 2 3 7 6 -7 -8 -9
leaf_value=1.4754869471847742 -1.6040132279427635 -0.52253355775748822 1.1523478872728663 -0.474862877242473 -0.33605126491567705 0.4245857967353015 -1.1273375020121896 0.2006514430375389
leaf_weight=22 14.999999999999998 18 14.999999999999998 18 18 15.999999999999998 14.999999999999998 18
leaf_count=22 15 18 15 18 18 16 15 18
internal_value=-0.0316084 -0.281861 -0.112533 0.24339 -0.383493 -0.0767456 -0.698197 -0.137347
internal_weight=155 133 118 51 67 34 33 36
internal_count=155 133 118 51 67 34 33 36
is_linear=0
shrinkage=0.05


Tree=66
num_leaves=7
num_cat=0
split_feature=120 106 72 34 57 26
split_gain=24303.6 7919.79 6363.76 5987.81 3890.65 1947.2
threshold=1.5000000000000002 6.7500000000000009 -0.059166666666666139 3.5000000000000004 52.600000000000001 41.300000000000004
decision_type=2 2 2 2 2 2
left_child=-1 2 -2 -3 -4 -5
right_child=1 3 4 5 -6 -7
leaf_value=1.5994035875026267 0.95731516267821104 -1.4243144741045177 0.37477416118402135 -0.049110562725371093 -0.55703843811396303 -0.67940466735372895
leaf_weight=20 17 18 19 25 27 24
leaf_count=20 17 18 19 25 27 24
internal_value=-0.0186934 -0.268708 0.133638 -0.646742 -0.172073 -0.358683
internal_weight=150 130 63 67 46 49
internal_count=150 130 63 67 46 49
is_linear=0
shrinkage=0.05


Tree=67
num_leaves=8
num_cat=0
split_feature=109 31 3 106 108 0 25
split_gain=17499.5 8414.8 12692.2 6753.49 4792.94 2817.46 2816.63
threshold=0.067499999999999907 -1.0000000180025095e-35 2.5000000000000004 7.3500000000000005 4.5000000000000009 1194.0000000000002 38.300000000000004
decision_type=2 2 2 2 2 2 2
left_child=1 3 -3 4 -1 -4 -5
right_child=-2 2 5 6 -6 -7 -8
leaf_value=-0.64240205067593903 1.4955323394976163 1.3465572388791247 -0.72821196589553561 -1.5789237887654084 0.4365045583070214 0.091600444912910459 -0.6673774075226403
leaf_weight=21 17 18 17 14.999999999999998 20 27 20
leaf_count=21 17 18 17 15 20 27 20
internal_value=-0.0132543 -0.200104 0.231926 -0.552457 -0.116203 -0.225965 -1.06157
internal_weight=155 138 62 76 41 44 35
internal_count=155 138 62 76 41 44 35
is_linear=0
shrinkage=0.05


Tree=68
num_leaves=9
num_cat=0
split_feature=76 39 37 113 105 29 6 109
split_gain=21079.9 49335.6 7807.31 4421.09 3000.49 2831.6 2733.61 1041.63
threshold=-1.0583333333333333 0.19249999999999992 -6.8666666666666698 -15.533333333333331 10.800000000000002 54.500000000000007 4.5000000000000009 0.011666666666666272
decision_type=2 2 2 2 2 2 2 2
left_child=1 -1 -2 -4 -5 7 -3 -6
right_child=2 6 3 4 5 -7 -8 -9
leaf_value=2.880242780615522 -1.4384888888984326 -0.6019746640149285 0.48952117914652959 -0.9864486926831072 -0.21977248795284249 0.22798137289568851 0.27107987911101211 -0.79187897540027308
leaf_weight=19 14.999999999999998 22 18 15.999999999999998 15.999999999999998 22 14.999999999999998 15.999999999999998
leaf_count=19 15 22 18 16 16 22 15 16
internal_value=0.0364578 0.81644 -0.387943 -0.207386 -0.387104 -0.207933 -0.248122 -0.507557
internal_weight=159 56 103 88 70 54 37 32
internal_count=159 56 103 88 70 54 37 32
is_linear=0
shrinkage=0.05


Tree=69
num_leaves=8
num_cat=0
split_feature=83 0 115 34 69 33 95
split_gain=18875.5 45887.8 4460.52 3870.23 4255.7 2724.27 1085.92
threshold=4.5000000000000009 1982.5000000000002 -12.14166666666666 3.5000000000000004 3.5000000000000004 0.43250000000000061 32.95000000000001
decision_type=2 2 2 2 2 2 2
left_child=2 -2 -1 -4 5 -5 -7
right_child=1 -3 3 4 -6 6 -8
leaf_value=0.36375034083338348 3.0761667763160547 -0.76268695274495191 -0.90736573447066893 0.56937526638144698 -0.88695318731813788 0.09448095571180308 -0.44070714814064305
leaf_weight=22 15.000000000000002 15.999999999999998 29 14.999999999999998 18 15.999999999999998 23
leaf_count=22 15 16 29 15 18 16 23
internal_value=-0.00197975 1.09858 -0.280064 -0.420572 -0.223446 -0.000954255 -0.221335
internal_weight=154 31 123 101 72 54 39
internal_count=154 31 123 101 72 54 39
is_linear=0
shrinkage=0.05


Tree=70
num_leaves=9
num_cat=0
split_feature=31 20 70 60 13 107 15 43
split_gain=9238.13 14869.1 7042.6 5521.01 10284.6 4388.4 2309.39 1710.05
threshold=0.0091666666666667691 34.350000000000001 -0.053333333333334114 52.550000000000004 5.3650000000000011 53.500000000000007 66.100000000000009 0.035833333333333613
decision_type=2 2 2 2 2 2 2 2
left_child=2 5 -1 4 -4 -2 -6 -5
right_child=1 -3 3 7 6 -7 -8 -9
leaf_value=-1.0678295085154681 -0.76572262340823538 1.6822765919025877 1.0200961346000568 -0.26156655178954263 -0.77687837739436938 0.42090667671298387 0.058259501294319664 -1.0064552886145455
leaf_weight=25 15.000000000000002 17 22 15.000000000000002 17 15.999999999999998 15.999999999999998 15.999999999999998
leaf_count=25 15 17 22 15 17 16 16 16
internal_value=-0.0803112 0.498568 -0.330906 -0.115634 0.185072 -0.153724 -0.372859 -0.648186
internal_weight=159 48 111 86 55 31 33 31
internal_count=159 48 111 86 55 31 33 31
is_linear=0
shrinkage=0.05


Tree=71
num_leaves=9
num_cat=0
split_feature=34 121 1 122 109 106 78 105
split_gain=19714.3 4288.52 4440.23 4644.28 4365.21 4592.44 3715.77 2041.59
threshold=2.5000000000000004 -0.5874999999999998 4.5000000000000009 2.5000000000000004 0.015833333333333591 6.2500000000000009 0.52749999999999952 12.750000000000002
decision_type=2 2 2 2 2 2 2 2
left_child=-1 -2 3 6 7 -6 -3 -5
right_child=1 2 -4 4 5 -7 -8 -9
leaf_value=1.5206761126742936 -0.98887177145244276 0.07206860769416483 -0.79562810311454746 -0.54537482419550798 1.3029778252477229 0.12348089204197039 -0.8911107801017959 0.27686773376749052
leaf_weight=19 14.999999999999998 21 19 15.000000000000002 15.999999999999998 17 19 14.999999999999998
leaf_count=19 15 21 19 15 16 17 19 15
internal_value=0.0157072 -0.193932 -0.0954222 0.0343399 0.301743 0.697718 -0.386398 -0.134533
internal_weight=156 137 122 103 63 33 40 30
internal_count=156 137 122 103 63 33 40 30
is_linear=0
shrinkage=0.05


Tree=72
num_leaves=9
num_cat=0
split_feature=95 41 44 29 70 33 22 4
split_gain=16627.3 9234.41 7287.97 7027.09 6336.06 5854.26 2736.09 2314.95
threshold=19.750000000000004 0.41916666666666696 4.5000000000000009 54.500000000000007 -0.026666666666666835 0.39833333333333393 0.16500000000000004 5.5000000000000009
decision_type=2 2 2 2 2 2 2 2
left_child=-1 2 3 6 -5 -3 7 -2
right_child=1 5 -4 4 -6 -7 -8 -9
leaf_value=1.5979784198944142 -0.61648562724545863 -1.587765779203137 1.0041425739204026 1.1691885420994728 -0.19493506538439853 -0.29480018016851345 -0.97461077067074842 0.24548305628315506
leaf_weight=14.999999999999998 16.000000000000004 14.999999999999998 18 15.999999999999998 18 21 18 14.999999999999998
leaf_count=15 16 15 18 16 18 21 18 15
internal_value=0.0232442 -0.150175 0.0950199 -0.10305 0.448405 -0.83658 -0.485928 -0.199795
internal_weight=152 137 101 83 34 36 49 31
internal_count=152 137 101 83 34 36 49 31
is_linear=0
shrinkage=0.05


Tree=73
num_leaves=8
num_cat=0
split_feature=15 12 35 89 119 48 80
split_gain=19319.5 4652.32 4219.37 4680.57 5395.99 2371.79 1186.84
threshold=29.350000000000005 44.600000000000009 17.541666666666668 41.850000000000009 -0.21583333333333329 6.7350000000000012 0.2191666666666672
decision_type=2 2 2 2 2 2 2
left_child=-1 -2 3 4 -3 -6 -5
right_child=1 2 -4 6 5 -7 -8
leaf_value=1.3934668195756126 -1.0311465023467259 0.87557074161835036 -0.73196774365065931 -0.18213915943358991 -0.45036064716347302 0.29931764811701117 -0.80214230556361743
leaf_weight=21 15.999999999999998 23 23 16.000000000000004 21 21 14.999999999999998
leaf_count=21 16 23 23 16 21 21 15
internal_value=-0.0135738 -0.233353 -0.125269 0.020644 0.261731 -0.0755821 -0.483916
internal_weight=156 135 119 96 65 42 31
internal_count=156 135 119 96 65 42 31
is_linear=0
shrinkage=0.05


Tree=74
num_leaves=8
num_cat=0
split_feature=64 115 1 106 63 61 31
split_gain=14982.3 5599.72 6023.97 3901.7 5240.96 4611.74 2967.93
threshold=18.350000000000005 11.450000000000001 4.5000000000000009 7.3500000000000005 38.250000000000007 0.16500000000000004 -0.014166666666666215
decision_type=2 2 2 2 2 2 2
left_child=-1 2 3 4 -2 -6 -5
right_child=1 -3 -4 6 5 -7 -8
leaf_value=1.0716639035963007 1.1750573974571481 -0.87992111523652872 -0.87850971323345339 -0.81827483970597881 0.62190899922136678 -0.55720519730763407 0.076008792042237594
leaf_weight=26 14.999999999999998 27 19 14.999999999999998 17 15.999999999999998 24
leaf_count=26 15 27 19 15 17 16 24
internal_value=-0.0236776 -0.238486 -0.0743795 0.101985 0.403472 0.05011 -0.269032
internal_weight=159 133 106 87 48 33 39
internal_count=159 133 106 87 48 33 39
is_linear=0
shrinkage=0.05


Tree=75
num_leaves=9
num_cat=0
split_feature=70 104 76 54 68 62 102 34
split_gain=22723 5252.64 9635.49 5185.3 3281.63 2688.66 2562.33 2235.52
threshold=0.024166666666667339 40.350000000000009 -1.0583333333333333 37.800000000000004 53.500000000000007 77.950000000000003 32.550000000000004 5.5000000000000009
decision_type=2 2 2 2 2 2 2 2
left_child=1 3 -3 7 5 -5 -6 -1
right_child=-2 2 -4 4 6 -7 -8 -9
leaf_value=-1.3258500996014926 1.7691087033316404 1.161283984269885 -0.49419552408463768 -0.94003515002743299 0.70790271403626603 -0.064650606685340117 -0.19911932992619397 -0.47233822079178706
leaf_weight=15.000000000000002 17 18 17 14.999999999999998 16.000000000000004 21 14.999999999999998 15.999999999999998
leaf_count=15 17 18 17 15 16 21 15 16
internal_value=0.0533454 -0.167089 0.357934 -0.354823 -0.106902 -0.431126 0.269631 -0.888424
internal_weight=150 133 35 98 67 36 31 31
internal_count=150 133 35 98 67 36 31 31
is_linear=0
shrinkage=0.05


Tree=76
num_leaves=8
num_cat=0
split_feature=117 76 12 56 54 98 61
split_gain=18393.3 43299.8 3533.2 4134.75 3309.25 2359.65 739.877
threshold=1.1900000000000006 -1.0583333333333333 44.600000000000009 24.250000000000004 66.350000000000009 35.650000000000013 0.17500000000000002
decision_type=2 2 2 2 2 2 2
left_child=2 -2 -1 -4 5 6 -5
right_child=1 -3 3 4 -6 -7 -8
leaf_value=-0.95650024191657101 2.8901339966317878 -0.52011697181749128 -0.97435314615830682 -0.30036032878799945 0.54372281104500531 0.097599018396545639 -0.80010718707217299
leaf_weight=20 15.999999999999998 22 14.999999999999998 15.000000000000002 17 26 14.999999999999998
leaf_count=20 16 22 15 15 17 26 15
internal_value=-0.0251806 0.919464 -0.358145 -0.221167 -0.0652129 -0.250797 -0.552228
internal_weight=146 38 108 88 73 56 30
internal_count=146 38 108 88 73 56 30
is_linear=0
shrinkage=0.05


Tree=77
num_leaves=9
num_cat=0
split_feature=70 3 91 13 12 53 90 70
split_gain=21931.8 4693.58 9078.16 7651.82 4324.62 1758.52 1971.71 727.133
threshold=0.02750000000000075 2.5000000000000004 5.080000000000001 6.1650000000000009 44.600000000000009 20.400000000000002 53.900000000000013 -0.032500000000000188
decision_type=2 2 2 2 2 2 2 2
left_child=1 2 -1 -4 -3 -6 -7 -8
right_child=-2 4 3 -5 5 6 7 -9
leaf_value=-0.6101222617116141 1.8375755798441684 -1.0968983344864425 1.5606812266127159 -0.0081803001139474953 -0.67838117321085489 0.23653842570452857 -0.55807971005940316 -0.086195283851876137
leaf_weight=20 14.999999999999998 17 15.000000000000002 15.999999999999998 15.999999999999998 26 17.999999999999996 15.000000000000002
leaf_count=20 15 17 15 16 16 26 18 15
internal_value=0.0252402 -0.165981 0.218417 0.753363 -0.379132 -0.215128 -0.0884795 -0.344646
internal_weight=158 143 51 31 92 75 59 33
internal_count=158 143 51 31 92 75 59 33
is_linear=0
shrinkage=0.05


Tree=78
num_leaves=9
num_cat=0
split_feature=24 100 43 9 119 96 62 36
split_gain=16434.4 4453.92 6025.19 4749.4 4413.89 2266.17 1959.07 1810.98
threshold=23.300000000000004 0.16500000000000004 -1.0000000180025095e-35 6.785000000000001 -0.20666666666666697 48.70000000000001 77.550000000000026 4.5000000000000009
decision_type=2 2 2 2 2 2 2 2
left_child=-1 2 5 6 -5 -2 -3 -4
right_child=1 3 7 4 -6 -7 -8 -9
leaf_value=1.4753402353813927 -0.45648058793559576 -0.60816937043116637 -1.3676161896367991 1.1423305648841602 -0.067907103077070596 0.37006313875562658 0.074307266811826325 -0.62006167640898657
leaf_weight=15.999999999999998 15.999999999999998 22 15.999999999999998 15.000000000000002 14.999999999999998 17 20 17
leaf_count=16 16 22 16 15 15 17 20 17
internal_value=-0.0364252 -0.21268 -0.509046 0.0592486 0.53883 -0.0307027 -0.283657 -0.9857
internal_weight=154 138 66 72 30 33 42 33
internal_count=154 138 66 72 30 33 42 33
is_linear=0
shrinkage=0.05


Tree=79
num_leaves=9
num_cat=0
split_feature=26 41 18 103 102 48 107 31
split_gain=14078.1 5549.68 4000.59 2771.04 2762.62 2978.37 1602.36 1695.14
threshold=15.350000000000003 0.41916666666666696 53.45000000000001 29.800000000000004 32.550000000000004 6.7650000000000006 53.500000000000007 0.0016666666666669274
decision_type=2 2 2 2 2 2 2 2
left_child=-1 2 4 -3 5 -2 -6 -8
right_child=1 3 -4 -5 6 -7 7 -9
leaf_value=1.4125449938489902 -0.28208550522658998 -0.22024803731752482 0.67026166484500826 -1.0949071553081131 -0.73722062285657941 0.69563527172026429 -0.48687519090281006 0.23069336880121802
leaf_weight=14.999999999999998 15.000000000000002 15.999999999999998 18 21 19 15.999999999999998 18 14.999999999999998
leaf_count=15 15 16 18 21 19 16 18 15
internal_value=-0.0369498 -0.195449 -0.0032929 -0.718424 -0.150056 0.222998 -0.372551 -0.160845
internal_weight=153 138 101 37 83 31 52 33
internal_count=153 138 101 37 83 31 52 33
is_linear=0
shrinkage=0.05


Tree=80
num_leaves=8
num_cat=0
split_feature=33 99 68 102 58 29 27
split_gain=16922.2 2646.69 2860.43 4703.19 1855.89 1708.01 802.589
threshold=-0.57916666666666605 38.050000000000004 52.500000000000007 29.250000000000004 5.1850000000000014 53.500000000000007 21.950000000000003
decision_type=2 2 2 2 2 2 2
left_child=-1 -2 5 -4 -5 -3 -6
right_child=1 2 3 4 6 -7 -8
leaf_value=1.4717415157117342 -0.8201585310184405 -0.70583122367877882 0.72827061319825659 0.14569214813097228 -0.68811403212957822 -0.1085157217651412 -0.16968138612658773
leaf_weight=17 14.999999999999998 25 20 26 15.000000000000002 23 14.999999999999998
leaf_count=17 15 25 20 26 15 23 15
internal_value=-0.0125407 -0.195035 -0.118775 0.0720512 -0.163104 -0.420542 -0.430489
internal_weight=156 139 124 76 56 48 30
internal_count=156 139 124 76 56 48 30
is_linear=0
shrinkage=0.05


Tree=81
num_leaves=8
num_cat=0
split_feature=53 12 60 23 58 27 108
split_gain=18229.8 7646.17 5104.36 8069.01 2580.76 2324 1470.84
threshold=10.750000000000002 41.650000000000006 52.350000000000001 71.700000000000017 4.7550000000000008 28.850000000000005 2.5000000000000004
decision_type=2 2 2 2 2 2 2
left_child=-1 -2 3 -3 -5 -6 -4
right_child=1 2 6 4 5 -7 -8
leaf_value=1.4215896663865493 -1.1852904950716219 1.0926936334297472 -0.10058821893685702 -0.63500028297915101 -0.21937208775582628 0.58541004616791847 -0.71126956857766477
leaf_weight=19 18 18 14.999999999999998 17 22 14.999999999999998 29
leaf_count=19 18 18 15 17 22 15 29
internal_value=-0.0235951 -0.229454 -0.0801982 0.178999 -0.12693 0.107455 -0.503896
internal_weight=153 134 116 72 54 37 44
internal_count=153 134 116 72 54 37 44
is_linear=0
shrinkage=0.05


Tree=82
num_leaves=7
num_cat=0
split_feature=120 37 0 15 33 70
split_gain=16367.1 4971.23 3734.79 4198.83 3482.5 3874.38
threshold=1.5000000000000002 -6.8666666666666698 738.50000000000011 39.750000000000007 0.97583333333333322 -0.012499999999999732
decision_type=2 2 2 2 2 2
left_child=-1 -2 -3 -4 5 -5
right_child=1 2 3 4 -6 -7
leaf_value=1.2600693623224895 -1.0367590027929141 -0.58610636539124916 -0.5518796293296625 0.87038914919718846 -0.23234327445814618 -0.078980752930306541
leaf_weight=23 14.999999999999998 27 20 29 23 17
leaf_count=23 15 27 20 29 23 17
internal_value=0.0328806 -0.183339 -0.0721416 0.084207 0.269184 0.520016
internal_weight=154 131 116 89 69 46
internal_count=154 131 116 89 69 46
is_linear=0
shrinkage=0.05


Tree=83
num_leaves=8
num_cat=0
split_feature=109 31 25 70 96 104 98
split_gain=14768.1 8909.65 9530.78 4347.86 3166.66 2257.51 2240.91
threshold=0.067499999999999907 0.020000000000000021 38.300000000000004 -0.053333333333334114 46.050000000000004 24.250000000000004 33.45000000000001
decision_type=2 2 2 2 2 2 2
left_child=1 3 -3 -1 5 -5 -6
right_child=-2 2 -4 4 6 -7 -8
leaf_value=-0.9849914047909879 1.3991651091516388 1.4425454538192182 -0.22046876018913233 -0.19782102747468755 0.33641437727854073 -1.0524447538837882 -0.32528401209305535
leaf_weight=26 15.999999999999998 14.999999999999998 20 15.000000000000002 25 15.999999999999998 26
leaf_count=26 16 15 20 15 25 16 26
internal_value=-0.0365372 -0.198076 0.494188 -0.422716 -0.243391 -0.641044 -0.000800623
internal_weight=159 143 35 108 82 31 51
internal_count=159 143 35 108 82 31 51
is_linear=0
shrinkage=0.05


Tree=84
num_leaves=7
num_cat=0
split_feature=120 11 31 70 33 43
split_gain=17476.4 5374.61 2537.12 3374.51 3827.8 1906.87
threshold=1.5000000000000002 28.450000000000006 -0.024999999999999464 -0.0075000000000002833 0.97583333333333322 0.28166666666666723
decision_type=2 2 2 2 2 2
left_child=-1 -2 5 4 -4 -3
right_child=1 2 3 -5 -6 -7
leaf_value=1.3129760900379921 -0.85098575743916194 -0.10964775386897996 0.75551046584072701 -0.45085810787583647 -0.22535905429850456 -0.81687420140828526
leaf_weight=21 28 26 26 17 15.999999999999998 14.999999999999998
leaf_count=21 28 26 26 17 16 15
internal_value=-0.0203531 -0.239996 -0.0681892 0.141639 0.382079 -0.369869
internal_weight=149 128 100 59 42 41
internal_count=149 128 100 59 42 41
is_linear=0
shrinkage=0.05


Tree=85
num_leaves=8
num_cat=0
split_feature=33 93 117 97 29 12 17
split_gain=18048 2332.92 3639.14 3027.68 2191.33 1244.5 975.254
threshold=-0.57916666666666605 37.800000000000004 0.043333333333333453 5.4250000000000007 54.500000000000007 57.500000000000007 30.250000000000004
decision_type=2 2 2 2 2 2 2
left_child=-1 3 -3 -2 6 -6 -4
right_child=1 2 4 -5 5 -7 -8
leaf_value=1.5399174663220871 -0.88973731472197748 0.44157086837093856 -0.20005520495357892 -0.052528475341996596 0.37011665784760023 -0.27179726551700117 -0.71588518911377519
leaf_weight=15.999999999999998 25 24 14.999999999999998 19 15.000000000000002 14.999999999999998 24
leaf_count=16 25 24 15 19 15 15 24
internal_value=-0.043731 -0.229707 -0.0875101 -0.529268 -0.271983 0.0491569 -0.518636
internal_weight=153 137 93 44 69 30 39
internal_count=153 137 93 44 69 30 39
is_linear=0
shrinkage=0.05


Tree=86
num_leaves=9
num_cat=0
split_feature=66 37 99 67 70 70 105 52
split_gain=13066.1 5288 2731.45 2612.29 3006.91 3034.09 1784.33 505.366
threshold=5.1000000000000005 -6.8666666666666698 39.000000000000007 4.4000000000000012 -0.034999999999999691 -0.054999999999999265 14.250000000000002 4.830000000000001
decision_type=2 2 2 2 2 2 2 2
left_child=-1 -2 -3 7 5 -5 -6 -4
right_child=1 2 3 4 6 -7 -8 -9
leaf_value=1.1984069463105229 -1.0899295002396341 -0.77949353011929445 -0.65973025884059877 -0.0014234200696260232 -0.56223225056795778 0.94303244415277276 0.094813257876273496 -0.24660662298170941
leaf_weight=17 17 14.999999999999998 15.000000000000002 18 18 15.999999999999998 24 14.999999999999998
leaf_count=17 17 15 15 18 18 16 24 15
internal_value=-0.105386 -0.266786 -0.150292 -0.0605564 0.0954094 0.444342 -0.187326 -0.45484
internal_weight=155 138 121 106 76 34 42 30
internal_count=155 138 121 106 76 34 42 30
is_linear=0
shrinkage=0.05


Tree=87
num_leaves=8
num_cat=0
split_feature=57 45 24 29 0 70 35
split_gain=15993.2 5494.03 4896.04 3801.11 3923.6 1304.18 1064.78
threshold=39.850000000000009 0.012500000000000013 26.400000000000002 54.500000000000007 2198.0000000000005 -0.034999999999999691 17.541666666666668
decision_type=2 2 2 2 2 2 2
left_child=-1 2 -2 5 -5 -4 -7
right_child=1 -3 3 4 -6 6 -8
leaf_value=1.4956315313863475 -1.0264933957865361 0.74070282093486428 -0.64134079935066257 0.6312172675383958 -0.36148926058541175 0.058931231661147977 -0.49114530743747364
leaf_weight=17 17 15.999999999999998 25 26 15.999999999999998 21 14.999999999999998
leaf_count=17 17 16 25 26 16 21 15
internal_value=0.0543885 -0.126697 -0.242912 -0.112664 0.252964 -0.364493 -0.170854
internal_weight=153 136 120 103 42 61 36
internal_count=153 136 120 103 42 61 36
is_linear=0
shrinkage=0.05


Tree=88
num_leaves=7
num_cat=0
split_feature=15 35 35 115 98 23
split_gain=14586.3 4218.25 2963.52 3457.52 3251.28 2278.06
threshold=29.350000000000005 -2.8416666666666663 17.541666666666668 -11.89166666666666 32.500000000000007 81.550000000000011
decision_type=2 2 2 2 2 2
left_child=-1 -2 3 -3 -5 -6
right_child=1 2 -4 4 5 -7
leaf_value=1.1744521302062194 -0.80259177313222507 0.65277122578662417 -0.56944910125044168 -0.57192508404131048 0.52898830322292745 -0.23566749138726714
leaf_weight=23 23 20 22 23 21 18
leaf_count=23 23 20 22 23 21 18
internal_value=0.0186572 -0.19138 -0.0555189 0.0828295 -0.101697 0.176242
internal_weight=150 127 104 82 62 39
internal_count=150 127 104 82 62 39
is_linear=0
shrinkage=0.05


Tree=89
num_leaves=7
num_cat=0
split_feature=34 15 35 111 6 101
split_gain=16296.1 2754.93 2533.05 2955.7 1959.05 1985.95
threshold=2.5000000000000004 39.750000000000007 17.541666666666668 -0.71416666666666584 2.5000000000000004 66.65000000000002
decision_type=2 2 2 2 2 2
left_child=-1 -2 3 -3 -5 -6
right_child=1 2 -4 4 5 -7
leaf_value=1.379970121502283 -0.58716475819353531 0.61558046730773697 -0.467977295703147 -0.42086435111231824 -0.26909930322084902 0.48980229238965622
leaf_weight=20 28 21 25 24 14.999999999999998 20
leaf_count=20 28 21 25 24 15 20
internal_value=0.0529679 -0.147431 -0.0296735 0.107647 -0.0737936 0.164576
internal_weight=153 133 105 80 59 35
internal_count=153 133 105 80 59 35
is_linear=0
shrinkage=0.05


Tree=90
num_leaves=8
num_cat=0
split_feature=33 4 63 56 106 70 65
split_gain=22196.3 2366.54 3194.65 2880.11 2539.03 904.805 713.333
threshold=-0.47166666666666618 2.5000000000000004 50.600000000000009 39.70000000000001 5.4000000000000012 -0.026666666666666835 27.400000000000002
decision_type=2 2 2 2 2 2 2
left_child=-1 -2 3 4 -3 -4 -6
right_child=1 2 5 -5 6 -7 -8
leaf_value=1.7843659987360792 -0.64313614889656823 0.45010643779120829 -0.22880528411328394 0.64161701795145953 -0.46560798819134341 -0.7712876528131295 -0.042030649209580224
leaf_weight=15.999999999999998 23 15.999999999999998 15.000000000000002 18 24 15.999999999999998 17
leaf_count=16 23 16 15 18 24 16 17
internal_value=0.0337992 -0.184501 -0.0844259 0.0920786 -0.082192 -0.510537 -0.29063
internal_weight=145 129 106 75 57 31 41
internal_count=145 129 106 75 57 31 41
is_linear=0
shrinkage=0.05


Tree=91
num_leaves=9
num_cat=0
split_feature=66 119 41 105 18 49 82 13
split_gain=13968.1 4153.98 3956.39 2651.73 2269.11 1608.95 2419.99 1055.94
threshold=5.1000000000000005 -0.63750000000000007 0.31083333333333402 16.650000000000002 53.100000000000009 5.7500000000000009 -0.17916666666666756 5.9850000000000003
decision_type=2 2 2 2 2 2 2 2
left_child=-1 -2 4 -4 5 7 -7 -3
right_child=1 2 3 -5 -6 6 -8 -9
leaf_value=1.436104906000049 0.53968037070490371 -0.75369383767740628 -0.34937640423149008 -1.2126573360518904 0.47446569117489246 -0.40906192991907242 0.45951623707486872 -0.19792309038674655
leaf_weight=14.999999999999998 18 14.999999999999998 22 14.999999999999998 14.999999999999998 14.999999999999998 17 20
leaf_count=15 18 15 22 15 15 15 17 20
internal_value=-0.00718377 -0.166177 -0.273351 -0.701815 -0.0793387 -0.203922 0.0522085 -0.437722
internal_weight=152 137 119 37 82 67 32 35
internal_count=152 137 119 37 82 67 32 35
is_linear=0
shrinkage=0.05


Tree=92
num_leaves=8
num_cat=0
split_feature=33 29 87 14 23 117 106
split_gain=12757.8 2709.65 3335.22 1806.05 1035.54 1948.51 432.077
threshold=-0.57916666666666605 54.500000000000007 6.8250000000000011 18.600000000000005 86.000000000000014 -0.6150000000000001 11.900000000000002
decision_type=2 2 2 2 2 2 2
left_child=-1 3 -3 -2 5 -5 -7
right_child=1 2 -4 4 -6 6 -8
leaf_value=1.3417819372615458 -0.80549396394893835 -0.18725173630050779 0.65026293626768661 0.36091617802430315 -0.46140027373344045 -0.471292483597471 -0.10842339859245725
leaf_weight=15.999999999999998 14.999999999999998 29 20 17 26 17 15.999999999999998
leaf_count=16 15 29 20 17 26 17 16
internal_value=0.00877893 -0.144378 0.155117 -0.305692 -0.206053 -0.072516 -0.296366
internal_weight=156 140 49 91 76 50 33
internal_count=156 140 49 91 76 50 33
is_linear=0
shrinkage=0.05


Tree=93
num_leaves=8
num_cat=0
split_feature=70 24 109 58 0 38 78
split_gain=12945.5 5299.86 3937.4 2384.44 3004.81 1628.82 1316.32
threshold=0.032499999999999758 23.650000000000002 -0.031666666666666725 5.1850000000000014 1708.5000000000002 4.5000000000000009 0.79583333333333328
decision_type=2 2 2 2 2 2 2
left_child=1 -1 -3 4 -4 -5 -6
right_child=-2 2 3 5 6 -7 -8
leaf_value=-0.93528053796752375 1.404229609855753 0.7102655278599781 0.49982040697834879 -0.70166397073150222 -0.57066221809545092 -0.12198033482386178 0.089879676877268111
leaf_weight=18 14.999999999999998 15.999999999999998 25 22 15.000000000000002 27 14.999999999999998
leaf_count=18 15 16 25 22 15 27 15
internal_value=0.0142312 -0.137727 -0.0173729 -0.12994 0.0959288 -0.383247 -0.241024
internal_weight=153 138 120 104 55 49 30
internal_count=153 138 120 104 55 49 30
is_linear=0
shrinkage=0.05


Tree=94
num_leaves=8
num_cat=0
split_feature=120 37 27 90 122 78 80
split_gain=12773.8 5283.62 2808.75 2116.71 1953.53 1529.52 643.148
threshold=1.5000000000000002 -6.8666666666666698 36.150000000000006 33.100000000000001 1.5000000000000002 0.37666666666666632 0.11416666666666632
decision_type=2 2 2 2 2 2 2
left_child=-1 -2 3 -3 6 -6 -5
right_child=1 2 -4 4 5 -7 -8
leaf_value=1.0577600396025726 -1.0745381058446619 -0.64881439357254633 0.45746391289195609 -0.61551310726941022 0.47550510878806335 -0.10873648203579483 -0.15137270594274763
leaf_weight=24 14.999999999999998 20 20 15.000000000000002 19 27 14.999999999999998
leaf_count=24 15 20 20 15 19 27 15
internal_value=-0.000188523 -0.194708 -0.0800666 -0.192464 -0.0716109 0.13298 -0.384883
internal_weight=155 131 116 96 76 46 30
internal_count=155 131 116 96 76 46 30
is_linear=0
shrinkage=0.05


Tree=95
num_leaves=8
num_cat=0
split_feature=26 11 63 33 57 26 88
split_gain=13712.4 6209.4 3772.95 5721.89 2691.96 2090.97 1070.89
threshold=19.500000000000004 24.450000000000006 38.250000000000007 0.97583333333333322 57.600000000000001 29.700000000000003 4.7150000000000007
decision_type=2 2 2 2 2 2 2
left_child=-1 -2 3 -3 5 -4 -7
right_child=1 2 4 -5 -6 6 -8
leaf_value=1.4190070733520554 -1.0456773432145205 0.93189327350029572 0.15852347215016682 -0.33147495992925791 0.37881739209269921 -0.81896909986223487 -0.32608320552886694
leaf_weight=15.999999999999998 15.999999999999998 22 17 14.999999999999998 17 15.999999999999998 36
leaf_count=16 16 22 17 15 17 16 36
internal_value=0.0375674 -0.122317 -0.00141274 0.420069 -0.183083 -0.321943 -0.479117
internal_weight=155 139 123 37 86 69 52
internal_count=155 139 123 37 86 69 52
is_linear=0
shrinkage=0.05


Tree=96
num_leaves=8
num_cat=0
split_feature=33 29 109 117 48 14 24
split_gain=13682.9 3256.18 4011.87 2259.12 1789.73 1556.7 937.3
threshold=-0.57916666666666605 54.500000000000007 0.015833333333333591 -0.1066666666666669 6.7650000000000006 31.700000000000006 43.600000000000009
decision_type=2 2 2 2 2 2 2
left_child=-1 3 -3 4 -2 -5 -7
right_child=1 2 -4 5 -6 6 -8
leaf_value=1.4770128850115847 -0.33308097280528215 -0.23276250037279997 0.69924556852935194 -0.91916930571846334 0.31073405489819872 -0.60097855021622015 -0.058915487413256487
leaf_weight=14.999999999999998 22 23 23 15.999999999999998 21 14.999999999999998 17
leaf_count=15 22 23 23 16 21 15 17
internal_value=0.0485088 -0.108823 0.233639 -0.282058 -0.0185522 -0.517481 -0.314244
internal_weight=152 137 46 91 43 48 32
internal_count=152 137 46 91 43 48 32
is_linear=0
shrinkage=0.05


Tree=97
num_leaves=8
num_cat=0
split_feature=64 37 25 123 69 103 104
split_gain=12029 4831.86 2023.07 2038.62 1460.14 861.192 421.09
threshold=18.350000000000005 -6.8666666666666698 34.050000000000004 0.0058333333333333301 2.5000000000000004 31.050000000000004 38.70000000000001
decision_type=2 2 2 2 2 2 2
left_child=-1 -2 4 5 -3 -4 -7
right_child=1 2 3 -5 -6 6 -8
leaf_value=0.88363124378905311 -1.0846311465553613 -0.19535245414990099 0.060194407292266383 0.33148382963866985 -0.84845141038199923 -0.51814864623612455 -0.16400804900974961
leaf_weight=27 15.999999999999998 20 20 27 14.999999999999998 18 15.999999999999998
leaf_count=27 16 20 20 27 15 18 16
internal_value=-0.0759601 -0.272798 -0.159941 -0.0224525 -0.477014 -0.199799 -0.352611
internal_weight=159 132 116 81 35 54 34
internal_count=159 132 116 81 35 54 34
is_linear=0
shrinkage=0.05


Tree=98
num_leaves=9
num_cat=0
split_feature=120 37 69 29 87 101 103 19
split_gain=16976.3 4393.15 2514.23 2698.92 2829.78 1072.82 1501.25 969.98
threshold=1.5000000000000002 -5.8833333333333284 3.5000000000000004 54.500000000000007 6.7750000000000012 54.400000000000006 29.800000000000004 5.2950000000000008
decision_type=2 2 2 2 2 2 2 2
left_child=-1 -2 3 5 -5 -3 -7 -4
right_child=1 2 7 4 -6 6 -8 -9
leaf_value=1.3341272165526206 -0.99820404882016378 -0.54194465249961954 -0.23600727954106027 -0.11536324697992076 0.79645687648769226 0.33309255341030908 -0.30799841569873676 -0.78926409838215417
leaf_weight=20 15.999999999999998 15.999999999999998 17 15.999999999999998 18 14.999999999999998 23 14.999999999999998
leaf_count=20 16 16 17 16 18 15 23 15
internal_value=-0.0222331 -0.222568 -0.118364 0.0197292 0.368138 -0.199822 -0.0545949 -0.497153
internal_weight=156 136 120 88 34 54 38 32
internal_count=156 136 120 88 34 54 38 32
is_linear=0
shrinkage=0.05


Tree=99
num_leaves=7
num_cat=0
split_feature=95 37 37 121 27 57
split_gain=11560.4 5501.67 3479.67 2590.09 2515.85 1842.64
threshold=19.750000000000004 -6.8666666666666698 0.31666666666667359 -0.46166666666666684 36.150000000000006 43.600000000000009
decision_type=2 2 2 2 2 2
left_child=-1 -2 -3 -4 5 -5
right_child=1 2 3 4 -6 -7
leaf_value=1.2005078176308794 -0.98977208242890569 0.5842401613188053 -0.74993110561963194 -0.67327581805405246 0.52779460177072235 -0.056122629863321297
leaf_weight=17 18 18 15.999999999999998 14.999999999999998 14.999999999999998 61
leaf_count=17 18 18 16 15 15 61
internal_value=-0.0281774 -0.175017 -0.0569545 -0.16531 -0.0617548 -0.17872
internal_weight=160 143 125 107 91 76
internal_count=160 143 125 107 91 76
is_linear=0
shrinkage=0.05


Tree=100
num_leaves=8
num_cat=0
split_feature=120 41 18 37 26 0 102
split_gain=11447.8 4068.79 3666.9 2404.89 1514.57 1338.18 1648.93
threshold=1.5000000000000002 0.39000000000000018 53.45000000000001 2.699999999999998 26.500000000000004 1515.0000000000002 32.550000000000004
decision_type=2 2 2 2 2 2 2
left_child=-1 2 4 -3 -2 -6 -7
right_child=1 3 -4 -5 5 6 -8
leaf_value=1.0741709492099818 -0.61664488702420384 -1.1333010114581379 0.68431592562932853 -0.31865892405601554 -0.33313764756210007 0.51501267341353141 -0.15689986328378108
leaf_weight=20 14.999999999999998 14.999999999999998 14.999999999999998 23 26 15.999999999999998 21
leaf_count=20 15 15 15 23 26 16 21
internal_value=-0.036929 -0.207291 -0.0289145 -0.64249 -0.166839 -0.0588554 0.134127
internal_weight=151 131 93 38 78 63 37
internal_count=151 131 93 38 78 63 37
is_linear=0
shrinkage=0.05


Tree=101
num_leaves=8
num_cat=0
split_feature=33 99 25 28 28 31 44
split_gain=12151.7 2387.54 2131.36 2352.17 3374.73 1668.42 1020.96
threshold=-0.57916666666666605 39.000000000000007 23.650000000000002 14.650000000000002 10.250000000000002 -0.024999999999999464 2.5000000000000004
decision_type=2 2 2 2 2 2 2
left_child=-1 -2 -3 4 5 -4 -5
right_child=1 2 3 6 -6 -7 -8
leaf_value=1.3751985557821413 -0.71294586713740371 -0.54577352561838721 -0.3978694819700645 -0.059167723734488434 0.83572844244234723 0.24048764864745087 -0.57660068313017587
leaf_weight=14.999999999999998 14.999999999999998 18 15.999999999999995 26 17 28.000000000000004 14.999999999999998
leaf_count=15 15 18 16 26 17 28 15
internal_value=0.0299702 -0.12037 -0.0457243 0.0429188 0.239656 0.00786858 -0.249536
internal_weight=150 135 120 102 61 44 41
internal_count=150 135 120 102 61 44 41
is_linear=0
shrinkage=0.05


Tree=102
num_leaves=8
num_cat=0
split_feature=63 0 37 102 111 105 69
split_gain=13716 26649 3645.77 1599.11 3111.23 1332.6 1002.48
threshold=28.100000000000005 1543.0000000000002 -5.8833333333333284 19.500000000000004 -0.71416666666666584 30.200000000000003 3.5000000000000004
decision_type=2 2 2 2 2 2 2
left_child=1 -1 -2 -4 -5 6 -6
right_child=2 -3 3 4 5 -7 -8
leaf_value=2.4554675522229532 -0.97427211028850624 -0.35672807013177121 -0.6033843375140836 0.59300988757649797 -0.15926909610593687 0.22823416878845523 -0.59703417698126182
leaf_weight=14.999999999999998 14.999999999999998 19 15.999999999999998 14.999999999999998 42 14.999999999999998 19
leaf_count=15 15 19 16 15 42 15 19
internal_value=0.000738377 0.887362 -0.246837 -0.143999 -0.0625993 -0.192671 -0.296458
internal_weight=156 34 122 107 91 76 61
internal_count=156 34 122 107 91 76 61
is_linear=0
shrinkage=0.05


Tree=103
num_leaves=9
num_cat=0
split_feature=26 100 119 14 54 60 17 53
split_gain=10982 3903.84 7224.51 3098.92 1699.23 1751.19 1129.8 1387.36
threshold=15.350000000000003 0.16500000000000004 -0.41499999999999954 31.700000000000006 58.70000000000001 47.150000000000013 36.600000000000009 36.550000000000004
decision_type=2 2 2 2 2 2 2 2
left_child=-1 3 -3 -2 5 -4 7 -5
right_child=1 2 4 6 -6 -7 -8 -9
leaf_value=1.2585040471806432 -1.0731900871984217 1.0623053470984201 0.036806688285031856 0.19073628074835736 0.1892160086693922 -0.66930366374719963 -0.61286024273626072 -0.45057383759921754
leaf_weight=14.999999999999998 14.999999999999998 14.999999999999998 14.999999999999998 19 21 21 14.999999999999998 14.999999999999998
leaf_count=15 15 15 15 19 21 21 15 15
internal_value=-0.0207797 -0.162735 0.0897606 -0.446567 -0.167497 -0.375666 -0.252847 -0.0925396
internal_weight=151 136 72 64 57 36 49 34
internal_count=151 136 72 64 57 36 49 34
is_linear=0
shrinkage=0.05


Tree=104
num_leaves=8
num_cat=0
split_feature=57 41 39 5 70 97 67
split_gain=12975.9 3609 2563.13 4202.93 1930.02 1866.75 1073.21
threshold=38.850000000000001 0.41916666666666696 0.63416666666666643 1.0000000180025095e-35 -0.026666666666666835 5.0550000000000006 8.7000000000000011
decision_type=2 2 2 2 2 2 2
left_child=-1 2 3 -2 -3 -4 -7
right_child=1 4 5 -5 -6 6 -8
leaf_value=1.3031152824437395 0.64452642543790895 -0.99440946605324076 -0.66833877944197329 -0.36413055247033549 -0.25007587720732588 -0.31349589181183585 0.21725102368310012
leaf_weight=15.999999999999998 26 18 19 17 17 20 18
leaf_count=16 26 18 19 17 17 20 18
internal_value=-0.0386416 -0.198548 -0.0453425 0.245719 -0.634761 -0.265049 -0.0620479
internal_weight=151 135 100 43 35 57 38
internal_count=151 135 100 43 35 57 38
is_linear=0
shrinkage=0.05


Tree=105
num_leaves=7
num_cat=0
split_feature=64 37 70 41 121 102
split_gain=10984.8 3437.05 1244.79 1302.38 1107.76 1118.78
threshold=18.350000000000005 -6.8666666666666698 0.024166666666667339 -0.73166666666666702 -0.43999999999999989 31.100000000000005
decision_type=2 2 2 2 2 2
left_child=-1 -2 3 -3 -5 -6
right_child=1 2 -4 4 5 -7
leaf_value=0.84781465355265628 -0.96813501001193814 0.3286922892099185 -0.57326323615838282 -0.5636587155575784 0.21308876727994586 -0.22360247891868723
leaf_weight=27 14.999999999999998 14.999999999999998 15.999999999999998 14.999999999999998 21 48
leaf_count=27 15 15 16 15 21 48
internal_value=-0.0679803 -0.258728 -0.165392 -0.0989112 -0.175628 -0.090508
internal_weight=157 130 115 99 84 69
internal_count=157 130 115 99 84 69
is_linear=0
shrinkage=0.05


Tree=106
num_leaves=9
num_cat=0
split_feature=70 115 104 35 1 62 121 92
split_gain=9750.31 3711.37 4228.28 3708.32 2604.82 2739.7 1547.86 1207.53
threshold=0.02750000000000075 11.733333333333343 41.050000000000004 3.6416666666666697 4.5000000000000009 78.750000000000014 -0.099166666666666611 34.850000000000001
decision_type=2 2 2 2 2 2 2 2
left_child=1 2 4 -3 5 6 -1 -7
right_child=-2 3 -4 -5 -6 7 -8 -9
leaf_value=-0.5912968942296436 1.1621154442865247 -1.1412607394701597 0.81822265110268511 -0.09070946430660666 -0.66221802397544338 0.67559971418994214 0.020927238669888725 0.060117307475564499
leaf_weight=16.999999999999996 17 14.999999999999998 14.999999999999998 19 15.999999999999998 17 26.000000000000004 14.999999999999998
leaf_count=17 17 15 15 19 16 17 26 15
internal_value=0.0349815 -0.102581 0.0432988 -0.556322 -0.085139 0.0386225 -0.221809 0.388334
internal_weight=157 140 106 34 91 75 43 32
internal_count=157 140 106 34 91 75 43 32
is_linear=0
shrinkage=0.05


Tree=107
num_leaves=8
num_cat=0
split_feature=34 63 4 89 72 67 100
split_gain=13410.7 1935.13 3013.13 1485.88 2076.32 1416.55 1337.34
threshold=2.5000000000000004 50.600000000000009 2.5000000000000004 41.850000000000009 -0.13249999999999981 8.7000000000000011 0.16500000000000004
decision_type=2 2 2 2 2 2 2
left_child=-1 2 -2 4 -4 -6 -3
right_child=1 6 3 -5 5 -7 -8
leaf_value=1.2518772845244526 -0.60705271004236228 -0.67204010714313167 0.74024434237746717 -0.23975903824787237 -0.22805781186516608 0.37325501284362139 -0.086796093213627912
leaf_weight=20 17 23 15.999999999999998 20 20 19 17
leaf_count=20 17 23 16 20 20 19 17
internal_value=0.0486705 -0.134405 -0.007998 0.128349 0.262489 0.064967 -0.424273
internal_weight=152 132 92 75 55 39 40
internal_count=152 132 92 75 55 39 40
is_linear=0
shrinkage=0.05


Tree=108
num_leaves=8
num_cat=0
split_feature=53 115 8 63 53 0 31
split_gain=11982.7 4307.54 6235.11 1194.7 1134.27 577.254 562.18
threshold=10.750000000000002 11.733333333333343 1.0000000180025095e-35 50.600000000000009 29.800000000000004 1515.0000000000002 -1.0000000180025095e-35
decision_type=2 2 2 2 2 2 2
left_child=-1 2 -2 4 -4 -5 -6
right_child=1 -3 3 5 6 -7 -8
leaf_value=1.1358055683510813 0.65901475259032383 -0.73640604678995047 -0.40743348375398514 -0.661814823071601 0.31850987897803451 -0.24651323487217139 -0.10619054880941876
leaf_weight=20 25 27 17 18 15.000000000000002 15.999999999999998 15.999999999999998
leaf_count=20 25 27 17 18 15 16 16
internal_value=-0.00263228 -0.173306 -0.0306137 -0.241474 -0.0804009 -0.467821 0.0995123
internal_weight=154 134 107 82 48 34 31
internal_count=154 134 107 82 48 34 31
is_linear=0
shrinkage=0.05


Tree=109
num_leaves=7
num_cat=0
split_feature=35 14 99 83 93 117
split_gain=13284.9 2280.47 2046.9 1935.89 1087.29 1631.94
threshold=-6.0249999999999995 18.600000000000005 60.95000000000001 1.5000000000000002 37.800000000000004 0.271666666666667
decision_type=2 2 2 2 2 2
left_child=-1 -2 3 -3 -5 -6
right_child=1 2 -4 4 5 -7
leaf_value=1.2850238525430568 -0.58679723016816554 0.30199777680824247 0.51038995691581279 -0.52516640627006594 0.33522373524722676 -0.26703537736349908
leaf_weight=19 22 22 14.999999999999998 22 14.999999999999998 44
leaf_count=19 22 22 15 22 15 44
internal_value=0.0479963 -0.120648 -0.0332728 -0.112914 -0.225901 -0.113526
internal_weight=159 140 118 103 81 59
internal_count=159 140 118 103 81 59
is_linear=0
shrinkage=0.05


Tree=110
num_leaves=8
num_cat=0
split_feature=97 37 25 58 82 6 84
split_gain=5011.17 5162.75 1648.05 2001.43 3593.37 1038.24 679.919
threshold=4.6100000000000003 -6.8666666666666698 23.650000000000002 5.1850000000000014 -0.33500000000000035 2.5000000000000004 -1.0000000180025095e-35
decision_type=2 2 2 2 2 2 2
left_child=-1 -2 -3 4 -4 -5 -7
right_child=1 2 3 5 -6 6 -8
leaf_value=0.71337163363184253 -1.0603827409122299 -0.4878575595942411 -0.17817780382628812 -0.53115362668536725 0.68098836711089528 0.17897826589101198 -0.28805133166335378
leaf_weight=15.999999999999998 15.999999999999998 23 27 19 22 14.999999999999998 16.000000000000004
leaf_count=16 16 23 27 19 22 15 16
internal_value=-0.121481 -0.218758 -0.107562 -0.0187575 0.20807 -0.24112 -0.0620596
internal_weight=154 138 122 99 49 50 31
internal_count=154 138 122 99 49 50 31
is_linear=0
shrinkage=0.05


Tree=111
num_leaves=7
num_cat=0
split_feature=18 34 23 99 59 23
split_gain=4265.41 3974.18 1782.66 1638.75 1565.68 1942.8
threshold=62.550000000000004 2.5000000000000004 62.000000000000007 41.750000000000007 35.95000000000001 71.700000000000017
decision_type=2 2 2 2 2 2
left_child=1 -1 -3 -4 5 -5
right_child=-2 2 3 4 -6 -7
leaf_value=0.76600106157214443 -0.85961636445537115 -0.53726927872103547 -0.47861216742984997 0.66830506650557431 -0.28822965252644572 0.040944336492019284
leaf_weight=14.999999999999998 15.999999999999998 19 15.999999999999998 15.999999999999998 23 53
leaf_count=15 16 19 16 16 23 53
internal_value=-0.0883299 -0.000845406 -0.0919886 -0.0131814 0.0681406 0.187248
internal_weight=158 142 127 108 92 69
internal_count=158 142 127 108 92 69
is_linear=0
shrinkage=0.05


Tree=112
num_leaves=7
num_cat=0
split_feature=70 37 120 15 35 39
split_gain=11204.2 4690.35 1558.43 1983.59 2012.59 1193.15
threshold=0.02750000000000075 -6.8666666666666698 1.5000000000000002 36.750000000000007 17.541666666666668 0.19249999999999992
decision_type=2 2 2 2 2 2
left_child=1 -1 -3 -4 5 -5
right_child=-2 2 3 4 -6 -7
leaf_value=-0.93018731679047006 1.2551668756844983 -0.52037105554749508 -0.44782605820301313 0.62945404390230886 -0.40095248994053601 0.12173329711019874
leaf_weight=18 14.999999999999998 15.999999999999998 19 14.999999999999998 14.999999999999998 50
leaf_count=18 15 16 19 15 15 50
internal_value=-0.0355544 -0.181996 -0.0641376 0.00999732 0.119216 0.239763
internal_weight=148 133 115 99 80 65
internal_count=148 133 115 99 80 65
is_linear=0
shrinkage=0.05


Tree=113
num_leaves=7
num_cat=0
split_feature=70 35 99 61 100 48
split_gain=9528.4 3244.4 1794.6 1522.85 1305.44 600.148
threshold=0.032499999999999758 -5.2916666666666652 60.95000000000001 0.18500000000000003 0.18500000000000003 6.7750000000000012
decision_type=2 2 2 2 2 2
left_child=1 -1 3 4 5 -3
right_child=-2 2 -4 -5 -6 -7
leaf_value=-0.79227464979852147 1.1748953620329599 0.0013605814989265577 0.45339251783805978 -0.46131393734751075 0.36601895902589049 -0.30483454734196963
leaf_weight=17 14.999999999999998 39 14.999999999999998 26 17 27
leaf_count=17 15 39 15 26 17 27
internal_value=-0.0188337 -0.146604 -0.0574775 -0.128178 -0.023332 -0.124097
internal_weight=156 141 124 109 83 66
internal_count=156 141 124 109 83 66
is_linear=0
shrinkage=0.05


Tree=114
num_leaves=7
num_cat=0
split_feature=24 70 70 67 63 116
split_gain=12047.6 3027.24 2871.79 7944.99 1807.6 1199.94
threshold=23.300000000000004 -0.079166666666667038 -0.032500000000000188 6.1000000000000005 50.600000000000009 3.5000000000000004
decision_type=2 2 2 2 2 2
left_child=-1 -2 3 -3 5 -4
right_child=1 2 4 -5 -6 -7
leaf_value=1.3109128350056476 -0.73590379293122998 -0.61627116973355689 0.18683275630647653 0.76818523316858556 -0.56485693258343983 -0.28007906146885192
leaf_weight=15.999999999999998 18 15.999999999999998 26 29 26 29
leaf_count=16 18 16 26 29 26 29
internal_value=0.0136873 -0.131224 -0.0442863 0.275548 -0.222155 -0.0593279
internal_weight=160 144 126 45 81 55
internal_count=160 144 126 45 81 55
is_linear=0
shrinkage=0.05


Tree=115
num_leaves=9
num_cat=0
split_feature=37 37 99 35 28 36 57 96
split_gain=4267.48 2663 1680.54 1443.56 1165.27 1648.94 1536.79 642.485
threshold=-6.8666666666666698 0.31666666666667359 45.050000000000004 18.091666666666665 10.250000000000002 4.5000000000000009 52.100000000000009 46.050000000000004
decision_type=2 2 2 2 2 2 2 2
left_child=-1 -2 7 4 5 -4 -6 -3
right_child=1 2 3 -5 6 -7 -8 -9
leaf_value=-0.82874656790838186 0.53431442271280027 -0.66315757959883737 -0.45392327436970342 -0.44158062812384985 0.62173019658712392 0.23078764108992411 -0.062008301232824262 -0.21251401495166689
leaf_weight=19 18 14.999999999999998 17 14.999999999999998 18 18 14.999999999999998 17
leaf_count=19 18 15 17 15 18 18 15 17
internal_value=-0.129858 -0.0294311 -0.118101 0.000653334 0.0987835 -0.10199 0.311541 -0.425317
internal_weight=152 133 115 83 68 35 33 32
internal_count=152 133 115 83 68 35 33 32
is_linear=0
shrinkage=0.05


Tree=116
num_leaves=9
num_cat=0
split_feature=35 44 29 56 97 0 123 105
split_gain=4045.74 3873.04 2040.49 2175.69 1152.85 795.483 811.536 761.242
threshold=-6.3250000000000037 4.5000000000000009 54.500000000000007 39.70000000000001 5.1450000000000005 1365.0000000000002 0.0058333333333333301 17.050000000000001
decision_type=2 2 2 2 2 2 2 2
left_child=-1 2 4 7 -2 -6 -7 -4
right_child=1 -3 3 -5 5 6 -8 -9
leaf_value=-0.90749197515430835 -0.57348444434418067 0.65913177597941008 -0.38434746731196012 0.58651195117590593 -0.43958282529959203 -0.28988643432689826 0.20653262510484094 0.10990720328336917
leaf_weight=14.999999999999998 26 17 15.000000000000002 15.999999999999998 17 14.999999999999998 18 15.999999999999998
leaf_count=15 26 17 15 16 17 15 18 16
internal_value=-0.129898 -0.04596 -0.143909 0.114834 -0.303927 -0.162793 -0.0191554 -0.129554
internal_weight=155 140 123 47 76 50 33 31
internal_count=155 140 123 47 76 50 33 31
is_linear=0
shrinkage=0.05


Tree=117
num_leaves=8
num_cat=0
split_feature=95 45 35 29 67 25 20
split_gain=11957.9 4653.41 4934.89 1694.37 1984.68 968.343 1536.73
threshold=19.750000000000004 0.015833333333333314 -4.9166666666666634 54.500000000000007 6.1000000000000005 53.650000000000006 36.100000000000009
decision_type=2 2 2 2 2 2 2
left_child=-1 2 -2 5 -5 6 -4
right_child=1 -3 3 4 -6 -7 -8
leaf_value=1.3447409577914422 -1.0838930911575722 0.69301817332277249 -0.57439026538271709 -0.2776110789929217 0.42672129283307503 0.069483712435879308 -0.01291962395475797
leaf_weight=14.999999999999998 14.999999999999998 14.999999999999998 34 17 24 15.999999999999998 19
leaf_count=15 15 15 34 17 24 16 19
internal_value=0.00786864 -0.13619 -0.236209 -0.119691 0.134594 -0.270836 -0.373606
internal_weight=155 140 125 110 41 69 53
internal_count=155 140 125 110 41 69 53
is_linear=0
shrinkage=0.05


Tree=118
num_leaves=8
num_cat=0
split_feature=15 26 63 35 0 60 0
split_gain=11176.2 2692.59 1688.07 2491.87 1027.21 1352.47 771.556
threshold=29.350000000000005 23.200000000000006 38.70000000000001 11.966666666666672 1194.0000000000002 52.800000000000004 2234.0000000000005
decision_type=2 2 2 2 2 2 2
left_child=-1 -2 3 -3 -4 6 -6
right_child=1 2 4 -5 5 -7 -8
leaf_value=0.99616266074764281 -0.78104980639789412 0.46428467080967639 -0.49674870060734544 -0.3122974788236339 0.34917829682100687 -0.47198638660567149 -0.14835459510361923
leaf_weight=24 15.999999999999998 26 25 17 15.000000000000002 15.999999999999998 15.999999999999998
leaf_count=24 16 26 25 17 15 16 16
internal_value=0.00652399 -0.175367 -0.0904496 0.157136 -0.238395 -0.100104 0.092575
internal_weight=155 131 115 43 72 47 31
internal_count=155 131 115 43 72 47 31
is_linear=0
shrinkage=0.05


Tree=119
num_leaves=8
num_cat=0
split_feature=120 37 70 25 106 73 106
split_gain=11124.5 2506.49 1785.07 1256.01 1193.21 1537.25 921.099
threshold=1.5000000000000002 -6.8666666666666698 0.021666666666666948 23.650000000000002 6.7500000000000009 3.5000000000000004 11.900000000000002
decision_type=2 2 2 2 2 2 2
left_child=-1 -2 3 -3 5 -5 -6
right_child=1 2 -4 4 6 -7 -8
leaf_value=1.004228894380264 -0.78964699487023016 -0.39609416678001746 -0.5802608338712949 0.65305641923124436 -0.40813149422930001 0.0035100646220244365 0.048728036861327678
leaf_weight=23 14.999999999999998 19 17 14.999999999999998 17 23 31
leaf_count=23 15 19 17 15 17 23 31
internal_value=-0.0108071 -0.181859 -0.106505 -0.0292747 0.0520747 0.261082 -0.113485
internal_weight=160 137 122 105 86 38 48
internal_count=160 137 122 105 86 38 48
is_linear=0
shrinkage=0.05


Tree=120
num_leaves=9
num_cat=0
split_feature=15 32 97 33 21 14 20 52
split_gain=9372.87 2331.76 1754.72 1243.93 974.231 948.554 922.786 519.804
threshold=29.350000000000005 3.5000000000000004 5.0550000000000006 0.3366666666666665 50.100000000000009 33.650000000000006 30.050000000000004 5.3250000000000011
decision_type=2 2 2 2 2 2 2 2
left_child=-1 5 7 -4 6 -2 -5 -3
right_child=1 2 3 4 -6 -7 -8 -9
leaf_value=0.90139728987365331 -0.8375335723359062 -0.58266793186375432 0.48077976119439336 0.069323042052531092 0.22352741636432613 -0.27279971320897539 -0.44309814807789105 -0.17154786868125016
leaf_weight=24 15.000000000000002 15.000000000000002 14.999999999999998 17 23 14.999999999999998 18 15.999999999999998
leaf_count=24 15 15 15 17 23 15 18 16
internal_value=-0.0064134 -0.169595 -0.0573161 0.0765199 -0.0285916 -0.557177 -0.194577 -0.371872
internal_weight=158 134 104 73 58 30 35 31
internal_count=158 134 104 73 58 30 35 31
is_linear=0
shrinkage=0.05


Tree=121
num_leaves=9
num_cat=0
split_feature=33 25 28 28 31 13 63 65
split_gain=14402 1061.7 1564.01 1843.49 803.104 707.739 704.69 287.89
threshold=-0.57916666666666605 23.650000000000002 15.350000000000003 10.250000000000002 -0.024999999999999464 5.7550000000000008 47.350000000000009 29.700000000000003
decision_type=2 2 2 2 2 2 2 2
left_child=-1 -2 3 4 -3 -6 7 -4
right_child=1 2 6 -5 5 -7 -8 -9
leaf_value=1.5190862163407912 -0.42355389379268316 -0.30525277597987238 -0.27844188809394832 0.50622944636131395 0.31926711695295984 -0.14264483599929334 -0.52736026299627203 0.030374387419776411
leaf_weight=14.999999999999998 22 20 15.000000000000002 20 17 15.999999999999998 17 14.999999999999998
leaf_count=15 22 20 15 20 17 16 17 15
internal_value=0.0509643 -0.105044 -0.0463044 0.0984612 -0.055983 0.0954044 -0.270991 -0.12428
internal_weight=157 142 120 73 53 33 47 30
internal_count=157 142 120 73 53 33 47 30
is_linear=0
shrinkage=0.05


Tree=122
num_leaves=8
num_cat=0
split_feature=24 100 14 98 50 23 5
split_gain=14111.9 2667.02 3584.86 2594.87 870.347 867.005 586.989
threshold=23.300000000000004 0.16500000000000004 25.650000000000002 31.250000000000004 45.20000000000001 79.65000000000002 1.0000000180025095e-35
decision_type=2 2 2 2 2 2 2
left_child=-1 2 -2 -3 6 -5 -4
right_child=1 3 4 5 -6 -7 -8
leaf_value=1.4768168315192722 -1.033199563602738 0.49309040578119306 0.14043768807503973 0.053255562016884778 -0.44699222778088477 -0.37423246363045481 -0.26399379542331824
leaf_weight=14.999999999999998 14.999999999999998 25 22 27 18 21 14.999999999999998
leaf_count=15 15 25 22 27 18 21 15
internal_value=0.0230482 -0.130336 -0.350635 0.0810327 -0.162853 -0.134056 -0.0236559
internal_weight=158 143 70 73 55 48 37
internal_count=158 143 70 73 55 48 37
is_linear=0
shrinkage=0.05


Tree=123
num_leaves=8
num_cat=0
split_feature=120 12 63 19 3 31 80
split_gain=10436 3290.59 1544.38 1163.83 1098.51 820.065 670.905
threshold=1.5000000000000002 44.000000000000007 38.70000000000001 5.2950000000000008 3.5000000000000004 -0.0091666666666667656 -0.16666666666666693
decision_type=2 2 2 2 2 2 2
left_child=-1 -2 4 6 -3 -5 -4
right_child=1 2 3 5 -6 -7 -8
leaf_value=1.025087842493575 -0.66442174389067876 0.49660064325282716 -0.21948813709202197 -0.65304274795860651 -0.047311948379758967 -0.15178318377687128 0.22153054648889833
leaf_weight=22 25 19 14.999999999999998 14.999999999999998 18 18 20
leaf_count=22 25 19 15 15 18 18 20
internal_value=0.0205224 -0.1501 -0.027079 -0.168498 0.232445 -0.381064 0.0322933
internal_weight=152 130 105 68 37 33 35
internal_count=152 130 105 68 37 33 35
is_linear=0
shrinkage=0.05


Tree=124
num_leaves=8
num_cat=0
split_feature=109 24 31 39 97 79 117
split_gain=9780.43 2878.94 2585.11 3393.15 1516.23 756 730.111
threshold=0.067499999999999907 26.400000000000002 -1.0000000180025095e-35 0.19249999999999992 5.0550000000000006 3.5000000000000004 0.1724999999999999
decision_type=2 2 2 2 2 2 2
left_child=1 -1 4 -4 -3 -5 -6
right_child=-2 2 3 5 6 -7 -8
leaf_value=-0.66455403210216535 1.099897008088597 -0.71187593596322196 0.79097907608895568 0.15952153283888132 0.066445790393657597 -0.2746498307063116 -0.3603092582438005
leaf_weight=24 17 15.999999999999998 15.999999999999998 19 21 21 19
leaf_count=24 17 16 16 19 21 21 19
internal_value=-0.0271529 -0.168775 -0.0619946 0.178013 -0.30198 -0.0684102 -0.136531
internal_weight=153 136 112 56 56 40 40
internal_count=153 136 112 56 56 40 40
is_linear=0
shrinkage=0.05


Tree=125
num_leaves=8
num_cat=0
split_feature=95 45 35 99 67 29 103
split_gain=9119.78 3516.6 4035.83 1651.31 1919.72 1762.92 1108.68
threshold=19.750000000000004 0.012500000000000013 -5.2916666666666652 39.000000000000007 6.1000000000000005 54.500000000000007 34.900000000000006
decision_type=2 2 2 2 2 2 2
left_child=-1 2 -2 -4 6 -6 -5
right_child=1 -3 3 4 5 -7 -8
leaf_value=1.2061291756219423 -0.94881744226872522 0.56324773864686817 -0.56005709502870682 -0.48432566965866952 -0.056148775624132702 0.55090585855337293 0.016790290817416093
leaf_weight=14.999999999999998 14.999999999999998 18 14.999999999999998 22 26 22 22
leaf_count=15 15 18 15 22 26 22 22
internal_value=0.0386546 -0.0871679 -0.183554 -0.0754422 0.00403914 0.222548 -0.234184
internal_weight=155 140 122 107 92 48 44
internal_count=155 140 122 107 92 48 44
is_linear=0
shrinkage=0.05


Tree=126
num_leaves=8
num_cat=0
split_feature=35 14 99 65 100 62 104
split_gain=10338.4 1477 1180.83 1020.12 1168.68 1458.2 459.011
threshold=-6.0249999999999995 18.600000000000005 60.95000000000001 16.650000000000002 0.16500000000000004 77.550000000000026 38.70000000000001
decision_type=2 2 2 2 2 2 2
left_child=-1 -2 3 -3 6 -6 -5
right_child=1 2 -4 4 5 -7 -8
leaf_value=1.1273759020560699 -0.4775006046542874 -0.44163904308614149 0.37268097257574667 -0.34808249656268009 -0.15657238011111582 0.41272607158513974 -0.00065777670863448399
leaf_weight=19 23 18 14.999999999999998 26 21 24 14.999999999999998
leaf_count=19 23 18 15 26 21 24 15
internal_value=0.0351928 -0.1116 -0.0404958 -0.100437 -0.028535 0.147185 -0.221408
internal_weight=161 142 119 104 86 45 41
internal_count=161 142 119 104 86 45 41
is_linear=0
shrinkage=0.05


Tree=127
num_leaves=7
num_cat=0
split_feature=15 33 99 35 95 109
split_gain=15062.2 1785.67 1284.23 1130.6 858.689 1234.9
threshold=29.350000000000005 -0.27666666666666678 39.000000000000007 17.541666666666668 25.900000000000002 0.018333333333333982
decision_type=2 2 2 2 2 2
left_child=-1 -2 -3 4 -4 -6
right_child=1 2 3 -5 5 -7
leaf_value=1.2508250785629134 -0.60391612115330728 -0.51381307690348854 -0.23756641405415163 -0.36794265564823653 -0.060404342412948613 0.37233211377042669
leaf_weight=22 19 14.999999999999998 19 19 35 31
leaf_count=22 19 15 19 19 35 31
internal_value=0.0388755 -0.155063 -0.082909 -0.0202775 0.0577182 0.143031
internal_weight=160 138 119 104 85 66
internal_count=160 138 119 104 85 66
is_linear=0
shrinkage=0.05


Tree=128
num_leaves=8
num_cat=0
split_feature=26 37 14 13 12 35 105
split_gain=10154 3853.05 1339.13 1156.73 953.551 905.991 510.643
threshold=15.350000000000003 -5.8833333333333284 18.600000000000005 5.6950000000000012 65.750000000000014 16.591666666666672 14.250000000000002
decision_type=2 2 2 2 2 2 2
left_child=-1 -2 -3 -4 6 -6 -5
right_child=1 2 3 4 5 -7 -8
leaf_value=1.1814631789676004 -0.9386197574091274 -0.50005603854419201 0.2447278717129501 -0.50190050092913352 0.36179359432877289 -0.18591342351294513 -0.14490994188618397
leaf_weight=14.999999999999998 14.999999999999998 17 29 15.999999999999998 15.000000000000002 14.999999999999998 27
leaf_count=15 15 17 29 16 15 15 27
internal_value=-0.0477485 -0.186163 -0.0905646 -0.0218441 -0.128001 0.0880661 -0.278716
internal_weight=149 134 119 102 73 30 43
internal_count=149 134 119 102 73 30 43
is_linear=0
shrinkage=0.05


Tree=129
num_leaves=7
num_cat=0
split_feature=120 33 96 109 58 119
split_gain=9629.32 3031.94 1211.57 753.703 1111.39 697.772
threshold=1.5000000000000002 -0.27666666666666678 40.850000000000001 0.018333333333333982 5.1350000000000007 0.23499999999999946
decision_type=2 2 2 2 2 2
left_child=-1 -2 -3 5 -5 -4
right_child=1 2 3 4 -6 -7
leaf_value=0.96710504023737487 -0.71084455494632082 -0.35889805412862408 0.15765994057843558 0.48584778951017898 -0.068466982854663988 -0.24477741187790417
leaf_weight=22 21 25 17 18 18 29
leaf_count=22 21 25 17 18 18 29
internal_value=0.00322062 -0.163034 -0.0549093 0.0380336 0.20913 -0.0959227
internal_weight=150 128 107 82 36 46
internal_count=150 128 107 82 36 46
is_linear=0
shrinkage=0.05


Tree=130
num_leaves=6
num_cat=0
split_feature=64 115 63 65 49
split_gain=9509.63 3200.86 3124.27 1270.86 1434.87
threshold=18.350000000000005 11.450000000000001 35.150000000000006 38.650000000000006 5.5850000000000009
decision_type=2 2 2 2 2
left_child=-1 2 -2 4 -4
right_child=1 -3 3 -5 -6
leaf_value=1.0101699010455778 0.52008797248901284 -0.61765085181626889 -0.27098070894621346 -0.42236106840369969 0.24844575635126598
leaf_weight=21 22 27 26 28 27
leaf_count=21 22 27 26 28 27
internal_value=0.025527 -0.134146 -0.00687797 -0.150531 -0.00630351
internal_weight=151 130 103 81 53
internal_count=151 130 103 81 53
is_linear=0
shrinkage=0.05


Tree=131
num_leaves=8
num_cat=0
split_feature=109 25 63 53 119 65 50
split_gain=9490.19 2515.52 1873.38 2988.66 992.303 798.691 724.594
threshold=0.067499999999999907 20.500000000000004 38.250000000000007 29.800000000000004 -0.34666666666666573 38.650000000000006 34.20000000000001
decision_type=2 2 2 2 2 2 2
left_child=1 -1 3 -3 -4 6 -6
right_child=-2 2 4 -5 5 -7 -8
leaf_value=-0.68836660800288563 1.149124912947219 -0.2134394693124981 -0.55457403225856916 0.6967283198707982 -0.26714218690250457 -0.41791646821282757 0.13574587815149952
leaf_weight=20 14.999999999999998 19 17 17 18 17 29
leaf_count=20 15 19 17 17 18 17 29
internal_value=-0.0405436 -0.171579 -0.082684 0.216963 -0.216025 -0.125295 -0.0186851
internal_weight=152 137 117 36 81 64 47
internal_count=152 137 117 36 81 64 47
is_linear=0
shrinkage=0.05


Tree=132
num_leaves=7
num_cat=0
split_feature=70 11 10 59 121 56
split_gain=9037.85 2239.27 3302.72 1386.47 781.347 772.099
threshold=0.02750000000000075 27.250000000000004 5.1850000000000014 23.600000000000005 -0.13250000000000026 25.350000000000005
decision_type=2 2 2 2 2 2
left_child=1 -1 -3 -4 -5 -6
right_child=-2 2 3 4 5 -7
leaf_value=-0.50628736987966028 1.1715239835890714 0.6739491735270482 -0.5447441795597906 -0.27532416784911734 -0.24258137507154443 0.17414329727655919
leaf_weight=29 14.999999999999998 14.999999999999998 15.999999999999998 23.999999999999993 15.000000000000005 42
leaf_count=29 15 15 16 24 15 42
internal_value=0.00888176 -0.115511 -0.0139216 -0.120929 -0.0365827 0.0641586
internal_weight=156 141 112 97 81 57
internal_count=156 141 112 97 81 57
is_linear=0
shrinkage=0.05


Tree=133
num_leaves=7
num_cat=0
split_feature=120 12 59 52 56 102
split_gain=9092.53 2789.03 890.728 1018.89 707.494 623.139
threshold=1.5000000000000002 44.000000000000007 26.050000000000004 4.285000000000001 26.300000000000001 46.650000000000013
decision_type=2 2 2 2 2 2
left_child=-1 -2 -3 -4 -5 -6
right_child=1 2 3 4 5 -7
leaf_value=0.93136412827677306 -0.63875177305533115 -0.3727516342633666 0.3589910440277635 -0.35120314715201395 0.14410720927822548 -0.20500158113033617
leaf_weight=22 25 18 17 17 35 20
leaf_count=22 25 18 17 17 35 20
internal_value=-0.00730385 -0.164373 -0.0529972 0.0119619 -0.0702905 0.0169262
internal_weight=154 132 107 89 72 55
internal_count=154 132 107 89 72 55
is_linear=0
shrinkage=0.05


Tree=134
num_leaves=8
num_cat=0
split_feature=35 99 56 25 63 21 58
split_gain=9107.63 1245.39 1294.79 1215.31 1086.04 869.287 665.776
threshold=-6.0249999999999995 39.000000000000007 39.70000000000001 38.650000000000006 54.750000000000007 49.050000000000004 5.0950000000000006
decision_type=2 2 2 2 2 2 2
left_child=-1 -2 3 6 5 -5 -3
right_child=1 2 -4 4 -6 -7 -8
leaf_value=1.0625752115776526 -0.54490786020800186 -0.15657719745820398 0.2428184556118046 -0.085933456242893613 -0.37281606247562254 0.38143535812915363 -0.57689345748863408
leaf_weight=18 15.999999999999998 18 25 22 14.999999999999998 18 20
leaf_count=18 16 18 25 22 15 18 20
internal_value=0.00976371 -0.132308 -0.0759063 -0.161807 -0.0113371 0.124685 -0.378861
internal_weight=152 134 118 93 55 40 38
internal_count=152 134 118 93 55 40 38
is_linear=0
shrinkage=0.05


Tree=135
num_leaves=8
num_cat=0
split_feature=15 33 120 0 113 78 43
split_gain=7727.78 2933.94 1265.72 996.771 885.168 1203.77 501.736
threshold=19.400000000000002 -0.27666666666666678 1.5000000000000002 877.50000000000011 -0.92499999999999705 0.73500000000000043 0.035833333333333613
decision_type=2 2 2 2 2 2 2
left_child=-1 -2 -3 -4 5 -5 -6
right_child=1 2 3 4 6 -7 -8
leaf_value=1.0038700453428007 -0.71226505088568914 -0.45503778736493744 -0.2615263346181923 -0.0020509334758938296 0.090706614436696489 0.56746546214456717 -0.2798789767189796
leaf_weight=15.999999999999998 20 17 25 19 21 18 15.999999999999998
leaf_count=16 20 17 25 19 21 18 16
internal_value=-0.0319847 -0.154535 -0.0578006 0.0107518 0.103034 0.275659 -0.0697343
internal_weight=152 136 116 99 74 37 37
internal_count=152 136 116 99 74 37 37
is_linear=0
shrinkage=0.05


Tree=136
num_leaves=8
num_cat=0
split_feature=120 37 70 0 0 92 65
split_gain=8788.98 2383.07 1362.96 925.833 1241.12 861.935 349.537
threshold=1.5000000000000002 -7.5749999999999984 0.017500000000000075 1194.0000000000002 1825.5000000000002 26.750000000000004 20.400000000000002
decision_type=2 2 2 2 2 2 2
left_child=-1 -2 3 5 -5 -3 -6
right_child=1 2 -4 4 6 -7 -8
leaf_value=0.98354255299069981 -0.72991651936082658 -0.47653763546848932 -0.44873166933109626 0.4531366183686612 -0.21727747127709801 0.018455296952577565 0.082883155630919497
leaf_weight=20 14.999999999999998 14.999999999999998 19 20 14.999999999999998 21 27
leaf_count=20 15 15 19 20 15 21 27
internal_value=0.00945871 -0.138725 -0.0623296 0.0129152 0.130005 -0.188402 -0.0244598
internal_weight=152 132 117 98 62 36 42
internal_count=152 132 117 98 62 36 42
is_linear=0
shrinkage=0.05


Tree=137
num_leaves=7
num_cat=0
split_feature=24 24 24 14 39 59
split_gain=9787.34 2183.14 1529.25 1252.71 985.764 822.057
threshold=23.300000000000004 30.600000000000005 36.20000000000001 29.200000000000003 0.63416666666666643 27.650000000000002
decision_type=2 2 2 2 2 2
left_child=-1 -2 -3 -4 -5 -6
right_child=1 2 3 4 5 -7
leaf_value=1.169910042626517 -0.69949207487485277 0.37650075544390765 -0.44200028679760328 0.23891261599280617 -0.37972586555527399 -0.0013700517847782044
leaf_weight=15.999999999999998 14.999999999999998 17 25 23 23 38
leaf_count=16 15 17 25 23 23 38
internal_value=0.00192356 -0.131314 -0.0631327 -0.132027 -0.0392983 -0.144499
internal_weight=157 141 126 109 84 61
internal_count=157 141 126 109 84 61
is_linear=0
shrinkage=0.05


Tree=138
num_leaves=8
num_cat=0
split_feature=33 94 27 26 22 98 27
split_gain=8031.45 1222.45 950.932 723.679 744.518 794.194 433.511
threshold=-0.64749999999999963 4.285000000000001 36.150000000000006 25.950000000000003 0.16500000000000004 35.150000000000013 21.050000000000004
decision_type=2 2 2 2 2 2 2
left_child=-1 -2 3 -3 6 -6 -5
right_child=1 2 -4 4 5 -7 -8
leaf_value=1.1076444921114585 -0.51620988120203426 -0.3494090234342947 0.29326059244878111 0.016437428623303031 0.41645529064911085 -0.096483100111910844 -0.27529433601322362
leaf_weight=14.999999999999998 15.999999999999998 24 17 22 15.000000000000002 14.999999999999998 30
leaf_count=15 16 24 17 22 15 15 30
internal_value=0.0124071 -0.106459 -0.0527418 -0.108504 -0.0375945 0.160351 -0.151979
internal_weight=154 139 123 106 82 30 52
internal_count=154 139 123 106 82 30 52
is_linear=0
shrinkage=0.05


Tree=139
num_leaves=9
num_cat=0
split_feature=63 107 12 102 118 40 24 63
split_gain=8420 15394.8 2463.38 1086.28 741.461 732.418 537.9 321.583
threshold=28.100000000000005 53.500000000000007 44.000000000000007 32.550000000000004 1.5000000000000002 3.5000000000000004 52.500000000000007 50.600000000000009
decision_type=2 2 2 2 2 2 2 2
left_child=1 -1 -2 5 -5 -4 7 -6
right_child=2 -3 3 4 6 -7 -8 -9
leaf_value=1.8970747444803351 -0.7871605178378277 -0.21676491703560102 0.37653850146702356 -0.48869853510382422 -0.087251265182350213 -0.10045674358095441 0.10388568675979065 -0.3958984869607487
leaf_weight=14.999999999999998 14.999999999999998 20 15.999999999999998 18 18 15.999999999999998 18 15.999999999999998
leaf_count=15 15 20 16 18 18 16 18 16
internal_value=0.0125531 0.691848 -0.191029 -0.102629 -0.212886 0.138315 -0.116562 -0.233379
internal_weight=152 35 117 102 70 32 52 34
internal_count=152 35 117 102 70 32 52 34
is_linear=0
shrinkage=0.05


Tree=140
num_leaves=9
num_cat=0
split_feature=33 29 67 87 117 99 104 23
split_gain=8190.32 1128.37 1480.71 1691.65 1117.08 679.266 526.32 517.927
threshold=-0.57916666666666605 54.500000000000007 6.1000000000000005 6.7750000000000012 -0.1066666666666669 45.050000000000004 36.900000000000006 77.550000000000026
decision_type=2 2 2 2 2 2 2 2
left_child=-1 4 -3 -4 7 -6 -7 -2
right_child=1 2 3 -5 5 6 -8 -9
leaf_value=1.0716652885727258 0.19711548978623175 -0.26529915502286067 -0.067537759854431043 0.65908663979429294 -0.67306443484413714 -0.46598322169380896 -0.060219624518237494 -0.18277385229438681
leaf_weight=15.999999999999998 14.999999999999998 21 17 14.999999999999998 14.999999999999998 15.999999999999998 15.999999999999998 22
leaf_count=16 15 21 17 15 15 16 16 22
internal_value=0.00480284 -0.120449 0.0600659 0.273904 -0.23434 -0.395863 -0.264077 -0.0285137
internal_weight=153 137 53 32 84 47 32 37
internal_count=153 137 53 32 84 47 32 37
is_linear=0
shrinkage=0.05


Tree=141
num_leaves=8
num_cat=0
split_feature=15 26 120 0 54 66 106
split_gain=7835.35 1624.37 1427.07 897.854 1136.07 684.646 318.714
threshold=29.350000000000005 23.200000000000006 1.5000000000000002 1515.0000000000002 61.600000000000009 13.9 6.7500000000000009
decision_type=2 2 2 2 2 2 2
left_child=-1 -2 -3 5 6 -4 -5
right_child=1 2 3 4 -6 -7 -8
leaf_value=0.80351854497455499 -0.5996563099365867 -0.47325383169734059 0.087168315615480316 0.13622380712924645 0.47686201359914693 -0.33315003450506286 -0.15418720646492112
leaf_weight=25 18 20 14.999999999999998 17 15.999999999999998 27 21
leaf_count=25 18 20 15 17 16 27 21
internal_value=-0.00723718 -0.159021 -0.0901462 -0.00987064 0.124835 -0.183067 -0.0241187
internal_weight=159 134 116 96 54 42 38
internal_count=159 134 116 96 54 42 38
is_linear=0
shrinkage=0.05


Tree=142
num_leaves=8
num_cat=0
split_feature=70 104 0 37 121 0 113
split_gain=7701.43 1989.36 3907.87 2268.54 619.244 1042.1 446.605
threshold=0.032499999999999758 40.350000000000009 1859.5000000000002 -3.2916666666666674 -0.3725 957.00000000000011 -6.549999999999998
decision_type=2 2 2 2 2 2 2
left_child=1 3 -3 -1 -5 -6 -7
right_child=-2 2 -4 4 5 6 -8
leaf_value=-0.80398958583935998 1.0606826714332529 0.80361280701807802 -0.27283742655634258 -0.39321804770624452 -0.39851327963296879 0.2125337649659334 -0.08343138057132099
leaf_weight=14.999999999999998 14.999999999999998 14.999999999999998 19 19 18 21.999999999999996 30.000000000000004
leaf_count=15 15 15 19 19 18 22 30
internal_value=-0.0113875 -0.128637 0.202884 -0.237157 -0.140773 -0.0717172 0.0418563
internal_weight=153 138 34 104 89 70 52
internal_count=153 138 34 104 89 70 52
is_linear=0
shrinkage=0.05


Tree=143
num_leaves=7
num_cat=0
split_feature=120 32 4 35 54 88
split_gain=10333.6 3743.28 1344.31 842.906 1083.92 498.619
threshold=1.5000000000000002 2.5000000000000004 2.5000000000000004 17.541666666666668 41.45000000000001 5.2200000000000015
decision_type=2 2 2 2 2 2
left_child=-1 -2 -3 4 -4 -6
right_child=1 2 3 -5 5 -7
leaf_value=1.0542378197855022 -0.83129198353593514 -0.44996032965117394 0.46028786571869934 -0.27517547601180553 0.15888142601740315 -0.13538289162043102
leaf_weight=20 18 18 15.999999999999998 19 26 32
leaf_count=20 18 18 16 19 26 32
internal_value=-0.000299727 -0.164523 -0.0557019 0.0209538 0.0973232 -0.00333882
internal_weight=149 129 111 93 74 58
internal_count=149 129 111 93 74 58
is_linear=0
shrinkage=0.05


Tree=144
num_leaves=9
num_cat=0
split_feature=33 14 13 67 95 117 26 93
split_gain=8633.64 999.48 861.102 1190.83 659.09 693.658 767.231 546.038
threshold=-0.57916666666666605 18.600000000000005 5.6950000000000012 7.6500000000000012 27.050000000000001 0.271666666666667 43.100000000000001 47.600000000000001
decision_type=2 2 2 2 2 2 2 2
left_child=-1 -2 3 -3 -4 7 -7 -6
right_child=1 2 4 -5 5 6 -8 -9
leaf_value=1.1230936721244953 -0.41617761690399091 -0.15930893006532088 -0.37233020928798699 0.41786912015421473 -0.087824241219964239 -0.44076554144335073 0.033138338829341689 0.33743862864986957
leaf_weight=15.999999999999998 21 15.999999999999998 21 20 15.000000000000002 17 17 14.999999999999998
leaf_count=16 21 16 21 20 15 17 17 15
internal_value=0.0257264 -0.0985888 -0.0431306 0.161476 -0.129934 -0.0498635 -0.204265 0.125056
internal_weight=158 142 121 36 85 64 34 30
internal_count=158 142 121 36 85 64 34 30
is_linear=0
shrinkage=0.05


Tree=145
num_leaves=8
num_cat=0
split_feature=95 37 44 120 0 27 28
split_gain=8381.95 4677.75 2383.18 1458.26 1316.59 884.843 615.524
threshold=19.750000000000004 -6.8666666666666698 4.5000000000000009 1.5000000000000002 1194.0000000000002 28.850000000000005 13.750000000000002
decision_type=2 2 2 2 2 2 2
left_child=-1 -2 3 -3 6 -6 -5
right_child=1 2 -4 4 5 -7 -8
leaf_value=1.1037642339799578 -0.93793234625218069 -0.55281088855696026 0.55675662689355032 -0.51491915927910659 -0.0099742668828322941 0.43102603625777541 -0.076042313272168177
leaf_weight=14.999999999999998 15.999999999999998 15.999999999999998 14.999999999999998 15.999999999999998 46 14.999999999999998 15.999999999999998
leaf_count=15 16 16 15 16 46 15 16
internal_value=-0.0154604 -0.136115 -0.0319422 -0.113438 -0.0372803 0.0989146 -0.296557
internal_weight=155 140 124 109 93 61 32
internal_count=155 140 124 109 93 61 32
is_linear=0
shrinkage=0.05


Tree=146
num_leaves=8
num_cat=0
split_feature=15 35 120 0 102 88 95
split_gain=8101.59 1460.65 1251.72 752.625 675.129 566.232 326.275
threshold=29.350000000000005 -2.8416666666666663 1.5000000000000002 1194.0000000000002 29.250000000000004 5.3650000000000011 29.550000000000004
decision_type=2 2 2 2 2 2 2
left_child=-1 -2 -3 5 -5 -4 -6
right_child=1 2 3 4 6 -7 -8
leaf_value=0.8620989965097936 -0.54408589347994707 -0.50373875769028753 -0.40279971407263321 0.37237116998394598 -0.17027549756134994 0.0051314629753183875 0.1090159001288476
leaf_weight=22 22 15.999999999999998 18 14.999999999999998 19 15.999999999999998 23
leaf_count=22 22 16 18 15 19 16 23
internal_value=-0.0224775 -0.173925 -0.0973337 -0.0253485 0.0856184 -0.211233 -0.0173158
internal_weight=151 129 107 91 57 34 42
internal_count=151 129 107 91 57 34 42
is_linear=0
shrinkage=0.05


Tree=147
num_leaves=8
num_cat=0
split_feature=57 14 96 118 88 16 19
split_gain=7052.26 2233.1 1053.77 1688.57 667.897 552.677 728.248
threshold=37.900000000000006 18.600000000000005 44.95000000000001 2.5000000000000004 5.8100000000000014 4.745000000000001 5.3650000000000011
decision_type=2 2 2 2 2 2 2
left_child=-1 -2 4 -4 -3 -5 -7
right_child=1 2 3 5 -6 6 -8
leaf_value=1.0030713139385579 -0.57191632774917411 -0.089801961964346824 0.54047645276153333 0.20314166919785259 -0.49741038099764295 0.045114658315818144 -0.35346306731915589
leaf_weight=14.999999999999998 24 27 14.999999999999998 15.999999999999998 15.999999999999998 25 21
leaf_count=15 24 27 15 16 16 25 21
internal_value=-0.0249382 -0.132679 -0.0443868 0.0662916 -0.242388 -0.0490356 -0.137108
internal_weight=159 144 120 77 43 62 46
internal_count=159 144 120 77 43 62 46
is_linear=0
shrinkage=0.05


Tree=148
num_leaves=7
num_cat=0
split_feature=26 24 8 92 35 115
split_gain=8275.67 2926.6 2234.2 1105.19 769.645 777.122
threshold=15.350000000000003 26.400000000000002 1.0000000180025095e-35 47.600000000000001 17.541666666666668 -11.89166666666666
decision_type=2 2 2 2 2 2
left_child=-1 -2 -3 4 5 -4
right_child=1 2 3 -5 -6 -7
leaf_value=1.1034963044899189 -0.68737334463726807 0.47663253214807144 0.33548000212411705 -0.48088938992326424 -0.33391182962702126 -0.069154523901162279
leaf_weight=14.999999999999998 20 18 15.999999999999998 18 18 45
leaf_count=15 20 18 16 18 18 45
internal_value=-0.00660829 -0.130716 -0.0333492 -0.12843 -0.047553 0.0372727
internal_weight=150 135 115 97 79 61
internal_count=150 135 115 97 79 61
is_linear=0
shrinkage=0.05


Tree=149
num_leaves=8
num_cat=0
split_feature=34 96 119 84 19 68 105
split_gain=9499.48 1321.54 901.682 751.275 592.859 535.664 517.597
threshold=2.5000000000000004 42.250000000000007 -0.24666666666666701 1.0000000180025095e-35 5.3350000000000009 52.500000000000007 15.900000000000002
decision_type=2 2 2 2 2 2 2
left_child=-1 3 -3 -2 5 -4 -6
right_child=1 2 4 -5 6 -7 -8
leaf_value=1.0902437274992776 -0.14240461558244805 0.31653361494205279 -0.15484719760933816 -0.58327718587870103 -0.40260920184445004 0.21782312011556929 -0.0097473808891133766
leaf_weight=19 21 18 17 18 19 22 14.999999999999998
leaf_count=19 21 18 17 18 19 22 15
internal_value=0.0489929 -0.103873 0.00052954 -0.346983 -0.0776473 0.0552686 -0.229971
internal_weight=149 130 91 39 73 39 34
internal_count=149 130 91 39 73 39 34
is_linear=0
shrinkage=0.05


Tree=150
num_leaves=8
num_cat=0
split_feature=95 35 44 120 98 100 22
split_gain=8085.9 3809.71 1756.57 815.595 982.278 821.42 667.077
threshold=19.750000000000004 -6.3250000000000037 4.5000000000000009 1.5000000000000002 32.850000000000001 0.16500000000000004 0.16500000000000004
decision_type=2 2 2 2 2 2 2
left_child=-1 -2 3 -3 5 -5 -6
right_child=1 2 -4 4 6 -7 -8
leaf_value=1.0807954568144502 -0.86034985662247065 -0.41193068501836971 0.44426010089076079 -0.12358025928206791 -0.054369578345846936 0.36454153824875601 -0.41257236347862736
leaf_weight=14.999999999999998 15.999999999999998 19 15.999999999999998 14.999999999999998 37 20 20
leaf_count=15 16 19 16 15 37 20 20
internal_value=-0.019611 -0.135748 -0.043815 -0.11455 -0.0526992 0.155448 -0.180645
internal_weight=158 143 127 111 92 35 57
internal_count=158 143 127 111 92 35 57
is_linear=0
shrinkage=0.05


Tree=151
num_leaves=8
num_cat=0
split_feature=26 13 63 3 26 74 31
split_gain=7285.91 3143.46 603.063 911.189 676.838 629.382 566.484
threshold=19.500000000000004 4.3500000000000005 50.600000000000009 2.5000000000000004 38.600000000000009 -5.8583333333333334 -0.0074999999999993952
decision_type=2 2 2 2 2 2 2
left_child=-1 -2 3 -3 -4 -5 -7
right_child=1 2 4 5 -6 6 -8
leaf_value=0.97198567639411593 -0.67087762303866783 0.31954370367018536 0.0028274160561137171 -0.32985303650916736 -0.42414955875491567 0.23441355919650719 -0.1559248689129866
leaf_weight=15.999999999999998 24 21 19 15.999999999999998 18 18.999999999999996 18.000000000000004
leaf_count=16 24 21 19 16 18 19 18
internal_value=-0.0334248 -0.153253 -0.0407858 0.0415897 -0.20534 -0.0688432 0.044476
internal_weight=151 135 111 74 37 53 37
internal_count=151 135 111 74 37 53 37
is_linear=0
shrinkage=0.05


Tree=152
num_leaves=7
num_cat=0
split_feature=78 11 108 96 106 102
split_gain=6619.26 2952.59 1380.93 1145.46 850.803 259.478
threshold=-1.0391666666666666 21.850000000000005 1.5000000000000002 40.850000000000001 2.3000000000000003 47.20000000000001
decision_type=2 2 2 2 2 2
left_child=-1 -2 -3 -4 -5 -6
right_child=1 2 3 4 5 -7
leaf_value=0.78612613655379593 -0.82616876458490141 0.36349780075992189 -0.43410963646753536 0.16184019798163288 -0.074831050819875775 -0.31911840269814679
leaf_weight=21 14.999999999999998 14.999999999999998 26 29 24 20
leaf_count=21 15 15 26 29 24 20
internal_value=-0.0348933 -0.169092 -0.0819422 -0.149782 -0.0479912 -0.186456
internal_weight=150 129 114 99 73 44
internal_count=150 129 114 99 73 44
is_linear=0
shrinkage=0.05


Tree=153
num_leaves=8
num_cat=0
split_feature=57 13 94 52 48 39 117
split_gain=8467.52 1778.36 791.896 906.461 695.103 838.624 409.65
threshold=38.850000000000001 3.5850000000000004 4.6350000000000007 3.4950000000000006 6.8050000000000006 0.63416666666666643 -0.1066666666666669
decision_type=2 2 2 2 2 2 2
left_child=-1 -2 -3 -4 5 -5 -6
right_child=1 2 3 4 6 -7 -8
leaf_value=1.1038022227634658 -0.57860122397171321 -0.3454969271664371 -0.36151388196755724 0.49870485104867168 0.093513546365758649 0.03305758111371325 -0.24136453886732673
leaf_weight=14.999999999999998 20 21 14.999999999999998 14.999999999999998 15.999999999999998 27 21
leaf_count=15 20 21 15 15 16 27 21
internal_value=-0.0191022 -0.144631 -0.0686774 -0.00648012 0.0612399 0.200268 -0.0965559
internal_weight=150 135 115 94 79 42 37
internal_count=150 135 115 94 79 42 37
is_linear=0
shrinkage=0.05


Tree=154
num_leaves=8
num_cat=0
split_feature=34 9 30 10 87 48 17
split_gain=8836.72 735.281 701.288 684.353 938.375 444.988 416.659
threshold=2.5000000000000004 6.6750000000000007 4.5000000000000009 5.6400000000000015 6.8250000000000011 6.8250000000000011 32.850000000000001
decision_type=2 2 2 2 2 2 2
left_child=-1 -2 3 4 -3 6 -5
right_child=1 2 -4 5 -6 -7 -8
leaf_value=1.0263001420110931 -0.42885083768799986 -0.068741146761094218 -0.31887847876400377 0.17763596049376895 0.43818710113164061 -0.28831113514961881 -0.17199263378401486
leaf_weight=19 17 21 24 15.999999999999998 15.999999999999998 24 18
leaf_count=19 17 21 24 16 16 24 18
internal_value=0.0191616 -0.122156 -0.0779767 -0.0167934 0.150927 -0.123949 -0.00727647
internal_weight=155 136 119 95 37 58 34
internal_count=155 136 119 95 37 58 34
is_linear=0
shrinkage=0.05


Tree=155
num_leaves=8
num_cat=0
split_feature=33 70 120 94 5 4 106
split_gain=8600.63 774.233 766.242 511.329 592.167 663.503 364.196
threshold=-0.57916666666666605 0.021666666666666948 1.5000000000000002 4.6850000000000014 1.0000000180025095e-35 5.5000000000000009 6.7500000000000009
decision_type=2 2 2 2 2 2 2
left_child=-1 2 -2 -4 5 -5 -6
right_child=1 -3 3 4 6 -7 -8
leaf_value=1.1366976368111492 -0.40435932377316308 -0.40602007165773596 -0.20269064081903176 -0.00064475480745087817 0.085017708746603179 0.43034106632289681 -0.21174881819372851
leaf_weight=14.999999999999998 14.999999999999998 20 29 20 18 15.999999999999998 24
leaf_count=15 15 20 29 20 18 16 24
internal_value=0.00213376 -0.118395 -0.0709084 -0.0237824 0.0428451 0.191427 -0.0845446
internal_weight=157 142 122 107 78 36 42
internal_count=157 142 122 107 78 36 42
is_linear=0
shrinkage=0.05


Tree=156
num_leaves=8
num_cat=0
split_feature=120 37 105 17 55 5 109
split_gain=7664.33 3257.04 909.355 744.756 684.478 981.401 366.399
threshold=1.5000000000000002 -6.8666666666666698 17.050000000000001 26.500000000000004 5.1750000000000016 1.0000000180025095e-35 0.022499999999999968
decision_type=2 2 2 2 2 2 2
left_child=-1 -2 3 -3 -4 -6 -5
right_child=1 2 4 6 5 -7 -8
leaf_value=0.86633643823511441 -0.80691799491828997 -0.46686861731621043 -0.14477862860375676 -0.1792336170206365 0.49270056268786855 -0.053619283792988352 0.11235803616674322
leaf_weight=22 15.999999999999998 15.999999999999998 17 29 18 14.999999999999998 17
leaf_count=22 16 16 17 29 18 15 17
internal_value=0.00640379 -0.141919 -0.0462395 -0.17409 0.112226 0.244811 -0.0713531
internal_weight=150 128 112 62 50 33 46
internal_count=150 128 112 62 50 33 46
is_linear=0
shrinkage=0.05


Tree=157
num_leaves=8
num_cat=0
split_feature=64 11 108 97 82 28 113
split_gain=7886.74 2202.96 2322.05 970.501 996.904 290.066 348.162
threshold=18.350000000000005 24.450000000000006 1.5000000000000002 5.0550000000000006 0.16750000000000045 15.350000000000003 -0.92499999999999705
decision_type=2 2 2 2 2 2 2
left_child=-1 -2 -3 4 -4 6 -5
right_child=1 2 3 5 -6 -7 -8
leaf_value=0.805272039214605 -0.74926435797419777 0.47103182081355172 -0.71811660520288312 0.1525535898136843 -0.1409483369217803 -0.21487611401183854 -0.14934081563150692
leaf_weight=24 14.999999999999998 14.999999999999998 15.000000000000002 18.999999999999996 14.999999999999998 26 19.000000000000004
leaf_count=24 15 15 15 19 15 26 19
internal_value=-0.022404 -0.18316 -0.104594 -0.196905 -0.431126 -0.0865351 0.00147937
internal_weight=148 124 109 94 30 64 38
internal_count=148 124 109 94 30 64 38
is_linear=0
shrinkage=0.05


Tree=158
num_leaves=8
num_cat=0
split_feature=70 25 59 58 97 95 14
split_gain=6810.71 2478 1611.07 2101.12 2343.91 826.902 489.882
threshold=0.02750000000000075 17.150000000000002 23.600000000000005 5.2350000000000003 5.1450000000000005 35.45000000000001 37.95000000000001
decision_type=2 2 2 2 2 2 2
left_child=1 -1 -3 4 -4 6 -5
right_child=-2 2 3 5 -6 -7 -8
leaf_value=-0.69278515360213277 0.99926183011082004 -0.40777900898343583 0.81156988217963932 -0.19714100532384116 0.048928499678184183 -0.41021911979380232 0.17726903313585601
leaf_weight=14.999999999999998 15.999999999999998 21 15.999999999999998 15.999999999999998 27 18 19
leaf_count=15 16 21 16 16 27 18 19
internal_value=0.0283394 -0.0899777 -0.0121264 0.0747049 0.334043 -0.13584 0.00589369
internal_weight=148 132 117 96 43 53 35
internal_count=148 132 117 96 43 53 35
is_linear=0
shrinkage=0.05


Tree=159
num_leaves=7
num_cat=0
split_feature=24 115 11 117 56 38
split_gain=8460.23 1772.75 2170.26 1016.09 723.119 488.506
threshold=23.300000000000004 11.733333333333343 31.550000000000004 0.7208333333333331 26.300000000000001 4.5000000000000009
decision_type=2 2 2 2 2 2
left_child=-1 2 -2 4 -4 -6
right_child=1 -3 3 -5 5 -7
leaf_value=1.1337554069741671 0.479889318824473 -0.45949696402779144 -0.29651044795387671 -0.39032029552288738 0.30684352307956408 -0.028919890975393915
leaf_weight=14.999999999999998 18 29 17 25 15.999999999999998 33
leaf_count=15 18 29 17 25 16 33
internal_value=0.0100582 -0.112779 -0.0201507 -0.119533 -0.0164508 0.081017
internal_weight=153 138 109 91 66 49
internal_count=153 138 109 91 66 49
is_linear=0
shrinkage=0.05


Tree=160
num_leaves=8
num_cat=0
split_feature=49 80 32 14 39 20 26
split_gain=5837.14 1872.72 3566.29 777.088 740.726 610.505 243.442
threshold=4.0900000000000007 0.85416666666666707 2.5000000000000004 18.600000000000005 0.96499999999999952 31.350000000000005 47.550000000000004
decision_type=2 2 2 2 2 2 2
left_child=-1 2 -2 -4 5 -5 -6
right_child=1 -3 3 4 6 -7 -8
leaf_value=0.82135740966428039 -0.868547561294154 0.39139909353230573 -0.42164907498864945 -0.066508489035811094 -0.22517090054515077 0.3333226178094979 0.013138662929961223
leaf_weight=18 17 14.999999999999998 14.999999999999998 19 37 19 14.999999999999998
leaf_count=18 17 15 15 19 37 19 15
internal_value=-0.0225446 -0.133977 -0.198881 -0.0896879 -0.033899 0.133626 -0.156439
internal_weight=155 137 122 105 90 38 52
internal_count=155 137 122 105 90 38 52
is_linear=0
shrinkage=0.05


Tree=161
num_leaves=7
num_cat=0
split_feature=15 12 120 50 0 78
split_gain=5807.74 1635.28 1018.9 626.276 710.016 525.333
threshold=29.350000000000005 44.600000000000009 1.5000000000000002 48.95000000000001 800.00000000000011 0.73500000000000043
decision_type=2 2 2 2 2 2
left_child=-1 -2 -3 4 -4 -6
right_child=1 2 3 -5 5 -7
leaf_value=0.72641486160424873 -0.6217229970786351 -0.40486332546353965 -0.21118891571291645 -0.28304023411538864 0.030197523637355856 0.3338914278629832
leaf_weight=23 14.999999999999998 19 20 17 44 21
leaf_count=23 15 19 20 17 44 21
internal_value=-0.00659201 -0.131036 -0.0697024 -0.00688605 0.0485537 0.128753
internal_weight=159 136 121 102 85 65
internal_count=159 136 121 102 85 65
is_linear=0
shrinkage=0.05


Tree=162
num_leaves=7
num_cat=0
split_feature=34 96 4 119 26 117
split_gain=7526.82 992.134 769.03 703.303 445.668 580.752
threshold=2.5000000000000004 42.250000000000007 4.5000000000000009 -0.24666666666666701 41.800000000000004 -0.1066666666666669
decision_type=2 2 2 2 2 2
left_child=-1 2 -2 -3 5 -5
right_child=1 3 -4 4 -6 -7
leaf_value=1.0148402693675971 -0.57374282253454933 0.27114188751792384 -0.12960287784912672 0.060728671763375479 0.087662076573262263 -0.30657255489801627
leaf_weight=17 15.999999999999998 18 25 17 26 29
leaf_count=17 16 18 25 17 26 29
internal_value=0.0281994 -0.100476 -0.304022 -0.00746007 -0.0774594 -0.170885
internal_weight=148 131 41 90 72 46
internal_count=148 131 41 90 72 46
is_linear=0
shrinkage=0.05


Tree=163
num_leaves=9
num_cat=0
split_feature=26 24 48 1 33 63 100 109
split_gain=6538.5 2031.41 757.357 650.211 686.055 619.331 492.947 634.703
threshold=15.350000000000003 23.650000000000002 6.8050000000000006 4.5000000000000009 1.1216666666666677 38.70000000000001 0.16500000000000004 0.013333333333333199
decision_type=2 2 2 2 2 2 2 2
left_child=-1 -2 3 4 5 -3 7 -4
right_child=1 2 6 -5 -6 -7 -8 -9
leaf_value=0.9717473025353538 -0.6514898602266489 0.45063367846591701 -0.11265404145968588 -0.24930477135426166 -0.1315892218134283 0.062664619174735675 0.0032878121124446714 -0.55939486689914941
leaf_weight=14.999999999999998 15.999999999999998 18 17 14.999999999999998 19 24 18 14.999999999999998
leaf_count=15 16 18 17 15 19 24 18 15
internal_value=-0.0174444 -0.122582 -0.054916 0.0444656 0.117076 0.229731 -0.205863 -0.32331
internal_weight=157 142 126 76 61 42 50 32
internal_count=157 142 126 76 61 42 50 32
is_linear=0
shrinkage=0.05


Tree=164
num_leaves=8
num_cat=0
split_feature=24 37 96 109 0 26 61
split_gain=7566.12 2836.96 587.225 876.378 885.885 572.832 442.727
threshold=23.300000000000004 -3.2916666666666674 44.100000000000009 0.018333333333333982 2435.0000000000005 43.850000000000009 0.17500000000000002
decision_type=2 2 2 2 2 2 2
left_child=-1 -2 6 5 -5 -4 -3
right_child=1 2 3 4 -6 -7 -8
leaf_value=0.99307368934524709 -0.73571615495734444 -0.078883253272885603 -0.26005294641473448 0.47868815349495925 -0.046129102736526394 0.092383853514820174 -0.41256516725696318
leaf_weight=15.999999999999998 18 24 29 15.999999999999998 15.999999999999998 19 17
leaf_count=16 18 24 29 16 16 19 17
internal_value=-0.0330608 -0.151842 -0.0644076 0.0144344 0.216798 -0.120541 -0.218028
internal_weight=155 139 121 80 32 48 41
internal_count=155 139 121 80 32 48 41
is_linear=0
shrinkage=0.05


Tree=165
num_leaves=7
num_cat=0
split_feature=120 12 56 70 70 119
split_gain=5659.42 3343.88 599.61 412.539 611.319 340.032
threshold=1.5000000000000002 44.000000000000007 26.300000000000001 -0.071666666666666753 -0.026666666666666835 -0.20666666666666697
decision_type=2 2 2 2 2 2
left_child=-1 -2 -3 -4 -5 -6
right_child=1 2 3 4 5 -7
leaf_value=0.69902412431368688 -0.68060810501441293 -0.23846188180179517 -0.19298218780795473 0.28683091038088693 -0.21104337332264478 0.081349940545044047
leaf_weight=24 23 24 14.999999999999998 26 14.999999999999998 29
leaf_count=24 23 24 15 26 15 29
internal_value=-0.00557151 -0.13415 -0.0182782 0.0440398 0.0951044 -0.0184687
internal_weight=156 132 109 85 70 44
internal_count=156 132 109 85 70 44
is_linear=0
shrinkage=0.05


Tree=166
num_leaves=8
num_cat=0
split_feature=25 106 8 25 45 5 15
split_gain=2114.58 1133.93 2690.51 762.716 756.255 389.935 208.952
threshold=17.150000000000002 6.7500000000000009 1.0000000180025095e-35 39.250000000000007 -0.0083333333333333159 1.0000000180025095e-35 58.250000000000007
decision_type=2 2 2 2 2 2 2
left_child=-1 2 -2 5 -4 -3 -5
right_child=1 3 4 6 -6 -7 -8
leaf_value=-0.67455237629991149 0.67114423292362146 -0.20134727733814162 -0.27425408098147291 -0.20630268582839842 0.14633523191618655 -0.55844501871499952 0.027329396045413512
leaf_weight=15.999999999999998 14.999999999999998 15.000000000000002 26 14.999999999999998 18 15.999999999999998 26
leaf_count=16 15 15 26 15 18 16 26
internal_value=-0.133743 -0.0671874 0.0951762 -0.200252 -0.10214 -0.38702 -0.0583181
internal_weight=147 131 59 72 44 31 41
internal_count=147 131 59 72 44 31 41
is_linear=0
shrinkage=0.05


Tree=167
num_leaves=8
num_cat=0
split_feature=120 33 26 95 98 31 99
split_gain=6179.05 2195.17 888.14 670.048 721.114 462.892 397.81
threshold=1.5000000000000002 -0.55416666666666703 23.200000000000006 21.350000000000005 32.850000000000001 -0.014166666666666215 59.20000000000001
decision_type=2 2 2 2 2 2 2
left_child=-1 -2 -3 -4 5 -5 -6
right_child=1 2 3 4 6 -7 -8
leaf_value=0.77763096919426544 -0.69305360838277463 -0.3972301999419372 -0.29315449369620089 0.062245979828771572 -0.13973970053389942 0.44907660987598225 0.15665973901563549
leaf_weight=22 14.999999999999998 15.999999999999998 15.999999999999998 16.000000000000004 38 14.999999999999998 15.999999999999998
leaf_count=22 15 16 16 16 38 15 16
internal_value=0.00377481 -0.125654 -0.0523385 0.00258723 0.0585941 0.250425 -0.051698
internal_weight=154 132 117 101 85 31 54
internal_count=154 132 117 101 85 31 54
is_linear=0
shrinkage=0.05


Tree=168
num_leaves=8
num_cat=0
split_feature=24 11 10 117 106 87 99
split_gain=8350.51 1762.29 1396.93 900.35 754.237 570.487 502.429
threshold=23.300000000000004 27.250000000000004 5.2650000000000015 0.1724999999999999 5.4000000000000012 6.7950000000000008 45.750000000000007
decision_type=2 2 2 2 2 2 2
left_child=-1 -2 -3 4 -4 -5 -7
right_child=1 2 3 5 -6 6 -8
leaf_value=1.1296380648549817 -0.58414132638632899 0.37703816527773065 0.27973234952237475 -0.011311699591620622 -0.11849734595755941 -0.5841191968381011 -0.2074580410217268
leaf_weight=14.999999999999998 17 17 20 17 29 14.999999999999998 22
leaf_count=15 17 17 20 17 29 15 22
internal_value=0.0136553 -0.109231 -0.04148 -0.110903 0.0441822 -0.251543 -0.361456
internal_weight=152 137 120 103 49 54 37
internal_count=152 137 120 103 49 54 37
is_linear=0
shrinkage=0.05


Tree=169
num_leaves=8
num_cat=0
split_feature=70 115 8 104 1 29 93
split_gain=6990.97 1757.63 2156.9 1790.3 631.767 519.061 501.28
threshold=0.02750000000000075 11.733333333333343 1.0000000180025095e-35 41.050000000000004 4.5000000000000009 54.500000000000007 55.400000000000013
decision_type=2 2 2 2 2 2 2
left_child=1 3 -3 4 5 6 -1
right_child=-2 2 -4 -5 -6 -7 -8
leaf_value=-0.039364579303887981 1.0130551375300678 -0.87990750113859861 -0.032806658813890242 0.44353444083915117 -0.39842127613399336 0.15044459803746299 -0.38153434597103808
leaf_weight=37 14.999999999999998 15 15 17 15.999999999999998 22 14.999999999999998
leaf_count=37 15 15 15 17 16 22 15
internal_value=-0.00799976 -0.120488 -0.458039 -0.0254614 -0.114499 -0.052588 -0.138706
internal_weight=152 137 30 107 90 74 52
internal_count=152 137 30 107 90 74 52
is_linear=0
shrinkage=0.05


Tree=170
num_leaves=8
num_cat=0
split_feature=95 37 99 29 98 0 17
split_gain=6565.98 3160.17 839.241 640.415 902.502 444.479 460.021
threshold=19.750000000000004 -6.8666666666666698 41.050000000000004 54.500000000000007 32.850000000000001 1515.0000000000002 33.20000000000001
decision_type=2 2 2 2 2 2 2
left_child=-1 -2 -3 5 -5 -4 -7
right_child=1 2 3 4 -6 6 -8
leaf_value=0.92654191622082482 -0.82340569363857652 -0.36954685596669434 -0.27105478625821872 0.45902077022767229 -0.023424581403936849 0.20550986456204648 -0.15315661366602673
leaf_weight=15.999999999999998 14.999999999999998 18 24 14.999999999999998 27 15.999999999999998 20
leaf_count=16 15 18 24 15 27 16 20
internal_value=-0.0278997 -0.141658 -0.0557831 -5.63368e-05 0.14944 -0.104861 0.00623991
internal_weight=151 135 120 102 42 60 36
internal_count=151 135 120 102 42 60 36
is_linear=0
shrinkage=0.05


Tree=171
num_leaves=8
num_cat=0
split_feature=24 63 67 100 35 48 65
split_gain=2455.13 970.586 1457.87 596.652 738.006 606.848 427.995
threshold=23.650000000000002 38.70000000000001 7.6500000000000012 0.16500000000000004 5.0000000000000009 6.7550000000000008 18.750000000000004
decision_type=2 2 2 2 2 2 2
left_child=-1 2 6 5 -5 -3 -2
right_child=1 3 -4 4 -6 -7 -8
leaf_value=-0.67202192970186647 -0.2586333811631677 -0.025224873739362552 0.44025627753246427 0.26794590902644283 -0.17785335793874818 -0.4248531411905056 0.10663194537952246
leaf_weight=17 17 14.999999999999998 22 14.999999999999998 24 26 14.999999999999998
leaf_count=17 17 15 22 15 24 26 15
internal_value=-0.107804 -0.0357395 0.127859 -0.146253 -0.00601746 -0.279186 -0.0874607
internal_weight=151 134 54 80 39 41 32
internal_count=151 134 54 80 39 41 32
is_linear=0
shrinkage=0.05


Tree=172
num_leaves=8
num_cat=0
split_feature=97 32 4 63 3 56 26
split_gain=2374.3 1272.93 614.393 755.53 577.384 346.789 232.115
threshold=4.5950000000000006 2.5000000000000004 2.5000000000000004 52.95000000000001 2.5000000000000004 30.800000000000004 38.600000000000009
decision_type=2 2 2 2 2 2 2
left_child=-1 -2 -3 4 -4 -6 -5
right_child=1 2 3 6 5 -7 -8
leaf_value=0.56080473945136899 -0.50318934596769993 -0.27722729883152686 0.3084836628035183 -0.065696067210309975 -0.19861593810927791 0.085603738783022784 -0.33998579811181462
leaf_weight=14.999999999999998 17 23 22 16.000000000000004 14.999999999999998 37 14.999999999999998
leaf_count=15 17 23 22 16 15 37 15
internal_value=-0.0358685 -0.0979717 -0.0437639 0.00754324 0.0943898 0.00329747 -0.199244
internal_weight=160 145 128 105 74 52 31
internal_count=160 145 128 105 74 52 31
is_linear=0
shrinkage=0.05


Tree=173
num_leaves=8
num_cat=0
split_feature=15 26 120 63 102 0 63
split_gain=6605.08 1339.4 1102.65 551.537 314.678 367.202 300.874
threshold=29.350000000000005 23.200000000000006 1.5000000000000002 35.150000000000006 39.550000000000004 1365.0000000000002 50.600000000000009
decision_type=2 2 2 2 2 2 2
left_child=-1 -2 -3 -4 5 -5 -6
right_child=1 2 3 4 6 -7 -8
leaf_value=0.84339814174443617 -0.52067517648663431 -0.39646679980592581 0.20154706272472633 -0.13895120237836775 -0.018701613323850782 0.18396349625917974 -0.30396687941656592
leaf_weight=21 17 19 29 14.999999999999998 19 21 18
leaf_count=21 17 19 29 15 19 21 18
internal_value=0.0194477 -0.10642 -0.0477955 0.0174288 -0.0558213 0.049265 -0.158059
internal_weight=159 138 121 102 73 36 37
internal_count=159 138 121 102 73 36 37
is_linear=0
shrinkage=0.05


Tree=174
num_leaves=8
num_cat=0
split_feature=24 89 89 99 15 109 0
split_gain=6739.69 1213.46 1907.65 861.678 650.454 676.365 263.361
threshold=23.300000000000004 43.550000000000004 38.150000000000013 54.850000000000009 39.750000000000007 0.015833333333333591 1543.0000000000002
decision_type=2 2 2 2 2 2 2
left_child=-1 2 4 -3 -2 6 -6
right_child=1 3 -4 -5 5 -7 -8
leaf_value=1.0231008593609789 -0.39829359817208709 -0.61864686574995131 0.42929969370661686 -0.090794012720221723 -0.25898416210032232 0.15008606205237307 0.00015128318047681391
leaf_weight=14.999999999999998 15.999999999999998 16.000000000000004 20 14.999999999999998 28 27 14.999999999999998
leaf_count=15 16 16 20 15 28 27 15
internal_value=0.0205206 -0.0898807 -0.00925015 -0.364508 -0.111677 -0.0456182 -0.168681
internal_weight=152 137 106 31 86 70 43
internal_count=152 137 106 31 86 70 43
is_linear=0
shrinkage=0.05


Tree=175
num_leaves=7
num_cat=0
split_feature=33 14 33 27 6 113
split_gain=5438.76 911.085 489.587 402.4 350.252 304.113
threshold=-0.64749999999999963 18.600000000000005 1.5166666666666673 36.150000000000006 5.5000000000000009 1.6583333333333317
decision_type=2 2 2 2 2 2
left_child=-1 -2 3 4 5 -3
right_child=1 2 -4 -5 -6 -7
leaf_value=0.91574832745735224 -0.36261868692037974 0.017260942675850609 -0.29065859816623058 0.24380881231023657 0.1484745489336303 -0.19892089096679566
leaf_weight=14.999999999999998 24 34 14.999999999999998 15.999999999999998 21 31
leaf_count=15 24 34 15 16 21 31
internal_value=0.0138375 -0.082656 -0.0249244 0.0143516 -0.0285137 -0.0859115
internal_weight=156 141 117 102 86 65
internal_count=156 141 117 102 86 65
is_linear=0
shrinkage=0.05


Tree=176
num_leaves=8
num_cat=0
split_feature=64 25 31 20 57 57 80
split_gain=5740.24 1995.79 1137.34 1192.82 631.741 484.824 239.998
threshold=18.350000000000005 22.850000000000005 0.007499999999999841 31.450000000000003 57.20000000000001 51.850000000000001 -0.18249999999999963
decision_type=2 2 2 2 2 2 2
left_child=-1 -2 4 -4 5 6 -3
right_child=1 2 3 -5 -6 -7 -8
leaf_value=0.73092856405310602 -0.61260552197171936 -0.25783677538027938 -0.058683801965037391 0.51906949511225919 0.092019489682963668 -0.45123938168698585 -0.009699514389631167
leaf_weight=24 17 19 20 15.999999999999998 21 17 20
leaf_count=24 17 19 20 16 21 17 20
internal_value=0.022116 -0.109165 -0.0329067 0.198684 -0.141365 -0.228981 -0.131065
internal_weight=154 130 113 36 77 56 39
internal_count=154 130 113 36 77 56 39
is_linear=0
shrinkage=0.05


Tree=177
num_leaves=8
num_cat=0
split_feature=84 31 115 33 113 96 19
split_gain=5787.03 1944.77 2449.63 2228.88 719.657 618.25 264.946
threshold=0.01666666666666668 0.020000000000000021 1.3833333333333366 -0.27666666666666678 -8.1499999999999932 45.600000000000009 5.3350000000000009
decision_type=2 2 2 2 2 2 2
left_child=1 3 -3 -1 -5 -6 -7
right_child=-2 2 -4 4 5 6 -8
leaf_value=-0.71698854695195735 0.92669792489975866 -0.14168780792003485 0.7325342848995664 0.13190873183601692 -0.36563033226476721 0.051304145982540933 -0.20851172819641067
leaf_weight=15.999999999999998 15.999999999999998 17 14.999999999999998 28 25 25 15.999999999999998
leaf_count=16 16 17 15 28 25 25 16
internal_value=0.0282716 -0.0735053 0.268953 -0.173329 -0.0800743 -0.170146 -0.0502264
internal_weight=158 142 32 110 94 66 41
internal_count=158 142 32 110 94 66 41
is_linear=0
shrinkage=0.05


Tree=178
num_leaves=8
num_cat=0
split_feature=15 15 99 107 12 13 9
split_gain=6496.56 994.842 608.086 480.161 678.085 564.22 432.762
threshold=29.350000000000005 39.750000000000007 41.050000000000004 53.500000000000007 58.70000000000001 5.6450000000000005 6.8150000000000004
decision_type=2 2 2 2 2 2 2
left_child=-1 -2 -3 4 -4 -5 -7
right_child=1 2 3 5 -6 6 -8
leaf_value=0.78225078939525905 -0.49277345242089787 -0.35710425515048555 -0.38786583309285128 0.29962134414318342 0.017283358382082534 -0.16344360007606912 0.17790406910788936
leaf_weight=24 14.999999999999998 14.999999999999998 17 19 26 24 14.999999999999998
leaf_count=24 15 15 17 19 26 24 15
internal_value=0.0277422 -0.110942 -0.0611417 -0.0168277 -0.143304 0.0769385 -0.0319089
internal_weight=155 131 116 101 43 58 39
internal_count=155 131 116 101 43 58 39
is_linear=0
shrinkage=0.05


Tree=179
num_leaves=7
num_cat=0
split_feature=78 12 109 16 117 68
split_gain=5225.57 2019.81 753.133 626.747 414.888 320.573
threshold=-1.7549999999999994 39.350000000000009 -0.035833333333334043 4.3550000000000013 -0.41499999999999976 54.500000000000007
decision_type=2 2 2 2 2 2
left_child=-1 -2 -3 -4 -5 -6
right_child=1 2 3 4 5 -7
leaf_value=0.79556041370358377 -0.6236262141011697 0.24055648137563171 -0.39575048293571297 0.12550825400205401 -0.2061174261376745 0.034691648517174746
leaf_weight=17 18 18 15.999999999999998 23 40 21
leaf_count=17 18 18 16 23 40 21
internal_value=-0.0282504 -0.131772 -0.056237 -0.109897 -0.054983 -0.123213
internal_weight=153 136 118 100 84 61
internal_count=153 136 118 100 84 61
is_linear=0
shrinkage=0.05


Tree=180
num_leaves=8
num_cat=0
split_feature=33 70 67 65 67 103 68
split_gain=5528.55 697.059 448.017 610.805 546.828 229.249 159.136
threshold=-0.57916666666666605 0.017500000000000075 6.1000000000000005 20.400000000000002 11.900000000000002 35.500000000000007 52.500000000000007
decision_type=2 2 2 2 2 2 2
left_child=-1 2 3 -2 -4 -6 -5
right_child=1 -3 4 6 5 -7 -8
leaf_value=0.89649284596768952 -0.34132266805182754 -0.33995188292604767 0.23191358775928103 -0.11390787963046141 0.041680188138055574 -0.20879064921914423 0.11204414160355276
leaf_weight=15.999999999999998 22 22 26 15.000000000000002 21 15.999999999999998 15.999999999999998
leaf_count=16 22 22 26 15 21 16 16
internal_value=0.019644 -0.082559 -0.0334493 -0.140477 0.0565906 -0.0667676 0.00253703
internal_weight=154 138 116 53 63 37 31
internal_count=154 138 116 53 63 37 31
is_linear=0
shrinkage=0.05


Tree=181
num_leaves=7
num_cat=0
split_feature=97 36 14 99 23 17
split_gain=1539.71 2189 640.823 504.899 325.41 421.261
threshold=4.7500000000000009 2.5000000000000004 18.600000000000005 57.900000000000006 86.000000000000014 30.150000000000002
decision_type=2 2 2 2 2 2
left_child=-1 -2 -3 4 5 -4
right_child=1 2 3 -5 -6 -7
leaf_value=0.25151682116382912 -0.72253903024243993 -0.35659995385777882 0.1966472183695491 0.2310837144251936 -0.26196353242871512 -0.11223133824489735
leaf_weight=28 14.999999999999998 17 15.999999999999998 15.999999999999998 18 35
leaf_count=28 15 17 16 16 18 35
internal_value=-0.080875 -0.160611 -0.0772992 -0.0210269 -0.0798095 -0.0150352
internal_weight=145 117 102 85 69 51
internal_count=145 117 102 85 69 51
is_linear=0
shrinkage=0.05


Tree=182
num_leaves=7
num_cat=0
split_feature=37 117 14 109 111 0
split_gain=1514.08 963.425 812.52 356.491 522.215 287.042
threshold=-6.8666666666666698 1.52 21.100000000000005 0.015833333333333591 -0.31749999999999984 1543.0000000000002
decision_type=2 2 2 2 2 2
left_child=-1 2 -2 5 -5 -4
right_child=1 -3 3 4 -6 -7
leaf_value=-0.52210386967101285 -0.42435707085772068 0.27139182326210526 -0.22715728312624731 0.28173848713300503 -0.067736047383583367 0.00094396039788573443
leaf_weight=17 14.999999999999998 23 28 18 26 27
leaf_count=17 15 23 28 18 26 27
internal_value=-0.0784724 -0.0230461 -0.0826799 -0.0304842 0.0754321 -0.115291
internal_weight=154 137 114 99 44 55
internal_count=154 137 114 99 44 55
is_linear=0
shrinkage=0.05


Tree=183
num_leaves=8
num_cat=0
split_feature=15 26 120 0 63 45 91
split_gain=7302.8 1282.99 993.123 488.879 452.602 184.255 120.445
threshold=29.350000000000005 23.200000000000006 1.5000000000000002 877.50000000000011 38.70000000000001 -0.0083333333333333159 5.2750000000000012
decision_type=2 2 2 2 2 2 2
left_child=-1 -2 -3 6 -5 -6 -4
right_child=1 2 3 4 5 -7 -8
leaf_value=0.91163916404213374 -0.52449172609886596 -0.3741993631447218 -0.23562441867905737 0.27885145213594081 -0.0835561578838286 0.12752875655230897 -0.038023834717199667
leaf_weight=21 14.999999999999998 18 15.000000000000002 24 24 18 15.999999999999998
leaf_count=21 15 18 15 24 24 18 16
internal_value=0.0487924 -0.0911457 -0.0341723 0.0291944 0.106125 0.00687808 -0.134248
internal_weight=151 130 115 97 66 42 31
internal_count=151 130 115 97 66 42 31
is_linear=0
shrinkage=0.05


Tree=184
num_leaves=7
num_cat=0
split_feature=24 115 63 65 39 45
split_gain=6043.4 1327.78 1301.62 517.267 404.186 298.723
threshold=23.300000000000004 11.733333333333343 28.100000000000005 43.900000000000006 -0.1483333333333334 -0.0016666666666666633
decision_type=2 2 2 2 2 2
left_child=-1 2 -2 4 -4 -6
right_child=1 -3 3 -5 5 -7
leaf_value=0.96181126706647557 0.41909884496635164 -0.39232578498801007 -0.24938003180189916 -0.3497486616602008 -0.049820613971537343 0.18948440736446945
leaf_weight=14.999999999999998 14.999999999999998 29 15.999999999999991 14.999999999999998 36.999999999999993 20.000000000000014
leaf_count=15 15 29 16 15 37 20
internal_value=0.0142021 -0.0940895 -0.00977244 -0.083325 -0.0281084 0.0342433
internal_weight=147 132 103 88 73 57
internal_count=147 132 103 88 73 57
is_linear=0
shrinkage=0.05


Tree=185
num_leaves=7
num_cat=0
split_feature=25 10 15 59 119 39
split_gain=2518.49 2721.91 658.851 513.272 464.353 466.793
threshold=17.150000000000002 4.6950000000000012 39.750000000000007 23.600000000000005 0.50083333333333313 0.96499999999999952
decision_type=2 2 2 2 2 2
left_child=-1 -2 -3 -4 5 -5
right_child=1 2 3 4 -6 -7
leaf_value=-0.66889360759728012 0.64502026918313371 -0.32750261666169811 -0.28650769569621182 0.21552813857836262 -0.20007593244808156 -0.032732236178233821
leaf_weight=14.999999999999998 14.999999999999998 20 14.999999999999998 35 18 41
leaf_count=15 15 20 15 35 18 41
internal_value=-0.0545643 0.00981336 -0.0644516 -0.0158836 0.0275066 0.0816655
internal_weight=159 144 129 109 94 76
internal_count=159 144 129 109 94 76
is_linear=0
shrinkage=0.05


Tree=186
num_leaves=7
num_cat=0
split_feature=26 24 10 6 97 99
split_gain=6464.6 2281.25 1386.66 474.718 519.688 195.54
threshold=15.350000000000003 26.400000000000002 5.1850000000000014 5.5000000000000009 5.0550000000000006 51.250000000000007
decision_type=2 2 2 2 2 2
left_child=-1 -2 -3 4 -4 -6
right_child=1 2 3 -5 5 -7
leaf_value=0.98829389632932407 -0.59357232335788102 0.33019713291745167 -0.36374410850145084 0.076962654045147211 0.044489401901391008 -0.16128460974518444
leaf_weight=14.999999999999998 20 23 23 27 20 27
leaf_count=15 20 23 23 27 20 27
internal_value=0.00532954 -0.100583 -0.0179502 -0.100807 -0.169459 -0.0737065
internal_weight=155 140 120 97 70 47
internal_count=155 140 120 97 70 47
is_linear=0
shrinkage=0.05


Tree=187
num_leaves=7
num_cat=0
split_feature=70 25 120 93 87 57
split_gain=5663.16 1874.3 703.074 377.341 506.296 457.49
threshold=0.032499999999999758 17.150000000000002 1.5000000000000002 67.200000000000017 6.745000000000001 52.600000000000001
decision_type=2 2 2 2 2 2
left_child=1 -1 -3 4 -4 -6
right_child=-2 2 3 -5 5 -7
leaf_value=-0.60436341465506338 0.9409730293103401 -0.32300998046531437 -0.20708581068209098 0.23944478114006928 0.16730342885465399 -0.098611648028847032
leaf_weight=14.999999999999998 14.999999999999998 15.999999999999998 24 18 40 27
leaf_count=15 15 16 24 18 40 27
internal_value=0.0209672 -0.0781704 -0.0145546 0.0309319 -0.010475 0.0600818
internal_weight=155 140 125 109 91 67
internal_count=155 140 125 109 91 67
is_linear=0
shrinkage=0.05


Tree=188
num_leaves=8
num_cat=0
split_feature=0 37 14 29 70 23 25
split_gain=1796.27 2411.7 819.435 334.091 384.324 286.095 365.156
threshold=486.00000000000006 -6.8666666666666698 21.100000000000005 54.500000000000007 -0.014166666666667103 86.000000000000014 39.250000000000007
decision_type=2 2 2 2 2 2 2
left_child=-1 -2 -3 5 -5 6 -4
right_child=1 2 3 4 -6 -7 -8
leaf_value=0.3643531086729534 -0.69739740605939904 -0.36345785378785656 -0.17884599856250194 0.23212923445271258 -0.083389016763764132 -0.24026884550511524 0.11577125853855177
leaf_weight=20 17 19 18 24 15.999999999999998 19 25
leaf_count=20 17 19 18 24 16 19 25
internal_value=-0.0772782 -0.141536 -0.0628876 -0.00654885 0.105904 -0.0792333 -0.0075697
internal_weight=158 138 121 102 40 62 43
internal_count=158 138 121 102 40 62 43
is_linear=0
shrinkage=0.05


Tree=189
num_leaves=9
num_cat=0
split_feature=35 14 43 82 60 92 95 95
split_gain=9062.98 774.994 467.162 321.554 364.638 185.816 227.433 172.714
threshold=-6.0249999999999995 25.650000000000002 0.25249999999999956 -0.33500000000000035 48.350000000000001 21.050000000000004 35.45000000000001 30.950000000000006
decision_type=2 2 2 2 2 2 2 2
left_child=-1 2 -2 7 -5 -6 -7 -3
right_child=1 3 -4 4 5 6 -8 -9
leaf_value=1.2102505409559667 -0.50049614124740194 -0.2623744742840714 -0.11135898436078373 0.24514821605724202 -0.16875379362840526 0.16703894131750033 -0.077248093189291697 -0.029810259134873097
leaf_weight=14.999999999999998 15.000000000000002 15.999999999999998 15.999999999999998 17 14.999999999999998 18 20 15.999999999999998
leaf_count=15 15 16 16 17 15 18 20 16
internal_value=0.049391 -0.0823064 -0.300816 -0.0156181 0.0443591 -0.0202912 0.0384703 -0.146703
internal_weight=148 133 31 102 70 53 38 32
internal_count=148 133 31 102 70 53 38 32
is_linear=0
shrinkage=0.05


Tree=190
num_leaves=7
num_cat=0
split_feature=70 24 60 108 121 96
split_gain=4967.79 1326.82 855.055 753.637 606.708 486.277
threshold=0.032499999999999758 26.400000000000002 39.250000000000007 1.5000000000000002 -0.30083333333333323 40.850000000000001
decision_type=2 2 2 2 2 2
left_child=1 -1 -3 -4 -5 -6
right_child=-2 2 3 4 5 -7
leaf_value=-0.43314082953566913 0.8862225741740094 -0.35730831737549895 0.37203823383280776 -0.24476232307640863 -0.14391992758800631 0.13979509915672453
leaf_weight=21 14.999999999999998 14.999999999999998 14.999999999999998 21 21 53
leaf_count=21 15 15 15 21 21 53
internal_value=0.0228246 -0.0663924 -0.00444168 0.0439119 -0.00818166 0.0591283
internal_weight=161 146 125 110 95 74
internal_count=161 146 125 110 95 74
is_linear=0
shrinkage=0.05


Tree=191
num_leaves=7
num_cat=0
split_feature=51 30 32 15 13 56
split_gain=5476.59 1935.49 3248.35 637.467 576.483 360.613
threshold=29.650000000000002 4.5000000000000009 2.5000000000000004 39.750000000000007 5.6450000000000005 30.800000000000004
decision_type=2 2 2 2 2 2
left_child=-1 2 -2 -4 -5 -6
right_child=1 -3 3 4 5 -7
leaf_value=0.91549360819210279 -0.82994998027078837 0.31367611343642154 -0.33551429054025789 0.2332583043899836 -0.24338722146744105 0.0040491683480420619
leaf_weight=14.999999999999998 15.999999999999998 25 18 19 22 44
leaf_count=15 16 25 18 19 22 44
internal_value=0.00953592 -0.0853698 -0.169438 -0.0660802 -0.00863755 -0.0785974
internal_weight=159 144 119 103 85 66
internal_count=159 144 119 103 85 66
is_linear=0
shrinkage=0.05


Tree=192
num_leaves=8
num_cat=0
split_feature=120 35 70 87 80 95 64
split_gain=7138.12 1898.11 649.139 234.955 308.564 319.379 226.376
threshold=1.5000000000000002 -6.3250000000000037 0.021666666666666948 6.785000000000001 0.52833333333333388 27.050000000000001 25.450000000000003
decision_type=2 2 2 2 2 2 2
left_child=-1 -2 3 6 5 -5 -3
right_child=1 2 -4 4 -6 -7 -8
leaf_value=0.90223200948508131 -0.63651636033658177 -0.24207429546394099 -0.34718874479761191 -0.046538930045847866 -0.10677850631719135 0.23867550729856798 -0.00014385783364412089
leaf_weight=20 14.999999999999998 14.999999999999998 14.999999999999998 14.999999999999998 18 28 27
leaf_count=20 15 15 15 15 18 28 27
internal_value=0.0239585 -0.108654 -0.0410281 0.00380342 0.0664706 0.139189 -0.0870361
internal_weight=153 133 118 103 61 43 42
internal_count=153 133 118 103 61 43 42
is_linear=0
shrinkage=0.05


Tree=193
num_leaves=7
num_cat=0
split_feature=57 13 39 26 96 33
split_gain=5231.1 1339.53 928.591 500.197 391.211 299.26
threshold=38.850000000000001 3.5850000000000004 -0.13166666666666724 25.950000000000003 41.800000000000004 0.77500000000000002
decision_type=2 2 2 2 2 2
left_child=-1 -2 -3 -4 -5 -6
right_child=1 2 3 4 5 -7
leaf_value=0.81763027310371383 -0.4867898577036549 0.29564782722651611 -0.33323487278990721 -0.26172138975377668 0.11252936562382564 -0.10172635091938707
leaf_weight=17 20 17 19 17 33 32
leaf_count=17 20 17 19 17 33 32
internal_value=-0.0072749 -0.109448 -0.0450918 -0.102729 -0.0489175 0.00697859
internal_weight=155 138 118 101 82 65
internal_count=155 138 118 101 82 65
is_linear=0
shrinkage=0.05


Tree=194
num_leaves=8
num_cat=0
split_feature=120 37 70 67 65 67 52
split_gain=5510.75 1861.97 726.601 319.629 386.61 383.955 82.854
threshold=1.5000000000000002 -6.8666666666666698 0.021666666666666948 6.1000000000000005 20.400000000000002 11.900000000000002 6.0850000000000009
decision_type=2 2 2 2 2 2 2
left_child=-1 -2 3 4 -3 -5 -7
right_child=1 2 -4 5 -6 6 -8
leaf_value=0.78745539596128222 -0.62319382894907571 -0.26322925636616862 -0.33582162097183588 0.24045587659357082 0.037468946345464479 0.051876744805440224 -0.10479298162934006
leaf_weight=20 14.999999999999998 18 17 25 26 19 14.999999999999998
leaf_count=20 15 18 17 25 26 19 15
internal_value=0.0150063 -0.0998917 -0.0339729 0.0160757 -0.0857485 0.0921136 -0.0172002
internal_weight=155 135 120 103 44 59 34
internal_count=155 135 120 103 44 59 34
is_linear=0
shrinkage=0.05


Tree=195
num_leaves=7
num_cat=0
split_feature=24 80 37 120 27 19
split_gain=5237.4 892.782 1265.19 623.918 303.079 346.503
threshold=23.300000000000004 0.85416666666666707 -3.2916666666666674 1.5000000000000002 36.150000000000006 4.7000000000000011
decision_type=2 2 2 2 2 2
left_child=-1 2 -2 -4 5 -5
right_child=1 -3 3 4 -6 -7
leaf_value=0.91424454282845868 -0.49510179367842594 0.2987812653677353 -0.32144074035666836 0.16260041012074689 0.19736928504112869 -0.092935546975450478
leaf_weight=14.999999999999998 18 14.999999999999998 17 17 17 59
leaf_count=15 18 15 17 17 17 59
internal_value=0.0286003 -0.0648385 -0.107689 -0.0438569 0.00712128 -0.0355719
internal_weight=158 143 128 110 93 76
internal_count=158 143 128 110 93 76
is_linear=0
shrinkage=0.05


Tree=196
num_leaves=7
num_cat=0
split_feature=24 90 104 92 0 121
split_gain=5825.84 925.687 1187.98 948.077 373.133 410.523
threshold=23.300000000000004 67.850000000000009 40.350000000000009 36.050000000000004 800.00000000000011 -0.14999999999999944
decision_type=2 2 2 2 2 2
left_child=-1 2 3 4 -2 -6
right_child=1 -3 -4 -5 5 -7
leaf_value=0.94413629083443951 -0.20648340707674079 -0.41221498185427397 0.28550613254179685 -0.35298082062468905 -0.13021245082071173 0.15312493251825013
leaf_weight=14.999999999999998 19 19 23 29 20 35
leaf_count=15 19 19 23 29 20 35
internal_value=0.00943275 -0.0878103 -0.0385644 -0.111185 -0.016011 0.0499531
internal_weight=160 145 126 103 74 55
internal_count=160 145 126 103 74 55
is_linear=0
shrinkage=0.05


Tree=197
num_leaves=8
num_cat=0
split_feature=95 37 120 23 29 12 23
split_gain=5304.17 1160.03 530.089 487.366 402.322 378.307 175.326
threshold=19.750000000000004 -6.8666666666666698 1.5000000000000002 69.600000000000009 54.500000000000007 47.150000000000006 86.000000000000014
decision_type=2 2 2 2 2 2 2
left_child=-1 -2 -3 5 6 -4 -5
right_child=1 2 3 4 -6 -7 -8
leaf_value=0.87809489014132913 -0.50772422230657854 -0.29111518142235221 -0.35532315487893207 0.049675911836033503 0.23865962209205283 -0.0060420981105069934 -0.14745837757636232
leaf_weight=14.999999999999998 15.999999999999998 20 15.000000000000002 33 22 15.999999999999998 17
leaf_count=15 16 20 15 33 22 16 17
internal_value=-0.0119214 -0.108564 -0.0562304 -0.0103351 0.0609863 -0.175809 -0.0174105
internal_weight=154 139 123 103 72 31 50
internal_count=154 139 123 103 72 31 50
is_linear=0
shrinkage=0.05


Tree=198
num_leaves=8
num_cat=0
split_feature=26 24 8 97 63 116 64
split_gain=4888.43 1794.75 814.077 604.807 280.235 216.879 155.965
threshold=15.350000000000003 23.650000000000002 1.0000000180025095e-35 5.0550000000000006 49.000000000000007 2.5000000000000004 40.45000000000001
decision_type=2 2 2 2 2 2 2
left_child=-1 -2 -3 -4 5 -5 -6
right_child=1 2 3 4 6 -7 -8
leaf_value=0.83395143702903884 -0.56586820974684604 0.26354932691813648 -0.27515875085711056 0.22537789154126778 -0.22489194551610059 -0.006286650500174378 -0.0041146740965221232
leaf_weight=15.999999999999998 17 21 28 15.999999999999998 15.999999999999998 27 15.999999999999998
leaf_count=16 17 21 28 16 16 27 16
internal_value=0.00850039 -0.085657 -0.0193784 -0.0773109 -0.00311306 0.080121 -0.115016
internal_weight=157 141 124 103 75 43 32
internal_count=157 141 124 103 75 43 32
is_linear=0
shrinkage=0.05


Tree=199
num_leaves=8
num_cat=0
split_feature=70 24 109 99 72 58 25
split_gain=5598.32 1781.39 751.279 597.027 415.046 352.373 208.636
threshold=0.024166666666667339 23.650000000000002 -0.029166666666666782 46.300000000000004 0.48833333333333334 5.2350000000000003 39.250000000000007
decision_type=2 2 2 2 2 2 2
left_child=1 -1 -3 6 5 -5 -4
right_child=-2 2 3 4 -6 -7 -8
leaf_value=-0.57650873786524726 0.86055012864676128 0.29890132343137504 -0.36839103396590905 0.24551462843237332 -0.15071702700785305 -0.037123191588884823 -0.11452637077956801
leaf_weight=17 17 14.999999999999998 18 21 27 23 14.999999999999998
leaf_count=17 17 15 18 21 27 23 15
internal_value=0.00781629 -0.0992927 -0.0306502 -0.0784711 0.00321212 0.0979096 -0.253844
internal_weight=153 136 119 104 71 44 33
internal_count=153 136 119 104 71 44 33
is_linear=0
shrinkage=0.05


end of trees

feature_importances:
pos1_勝率_レース内差=59
pos2_展示_レース内差=49
pos1_展示_レース内差=41
開催経過日=37
pos1_2連率_レース内差=35
pos3_ボート勝率_レース内順位=34
pos1_3連率_レース内差=33
pos1_4コース複勝率=28
pos1_2コース複勝率=27
pos2_2コース複勝率=27
pos1_当地勝率_レース内差=26
pos3_展示_レース内差=24
pos1_当地3連率=23
pos3_ボート3連率=23
pos1_平均スタートタイミング_レース内差=21
pos3_6コース複勝率=21
pos3_モーター勝率_レース内差=21
pos1_当地2連率=20
pos2_モーター3連率=20
pos3_モーター2連率=20
pos1_3連率=19
pos1_3コース複勝率=19
pos3_当地勝率_レース内差=19
pos1_モーター勝率_レース内差=17
pos1_体重=16
pos2_6コース複勝率=16
pos2_勝率_レース内差=16
pos3_2コース複勝率=16
pos3_平均スタートタイミング=15
pos3_3連率_レース内差=14
pos1_1コース複勝率=13
pos1_2連率_レース内順位=13
pos2_体重=13
pos2_モーター勝率_レース内差=13
pos3_モーター3連率=13
pos3_ボート勝率=13
pos3_ボート2連率=13
pos3_5コース複勝率=13
pos3_2連率_レース内差=13
レース=12
pos1_当地勝率=12
pos1_ボート勝率_レース内差=12
pos2_当地2連率=12
pos1_平均スタートタイミング=11
pos1_5コース複勝率=11
pos2_3連率_レース内差=11
pos3_3コース複勝率=11
pos3_4コース複勝率=11
pos3_平均スタートタイミング_レース内差=11
pos1_モーター2連率=10
pos2_展示=10
pos2_モーター2連率=10
pos2_ボート勝率=10
pos2_3コース複勝率=10
pos2_4コース複勝率=10
pos3_3連率_レース内順位=10
pos3_ボート勝率_レース内差=10
pos1_勝率=9
pos1_ボート勝率=9
pos1_6コース複勝率=9
pos2_ボート3連率=9
pos3_展示=9
pos3_勝率_レース内順位=9
pos1_展示=8
pos1_ボート2連率=8
pos2_当地勝率=8
pos3_展示_レース内順位=8
pos1_2連率=7
pos1_モーター勝率=7
pos2_ボート2連率=7
pos2_2連率_レース内差=7
pos2_当地勝率_レース内差=7
pos3_勝率_レース内差=7
pos3_平均スタートタイミング_レース内順位=7
天気=6
風向=6
pos1_級=6
pos1_勝率_レース内順位=6
pos1_平均スタートタイミング_レース内順位=6
pos2_1コース複勝率=6
pos2_5コース複勝率=6
pos2_平均スタートタイミング_レース内順位=6
pos2_平均スタートタイミング_レース内差=6
pos3_勝率=6
pos3_当地2連率=6
風速=5
日目=5
pos2_当地3連率=5
pos3_2連率=5
pos3_当地勝率=5
pos3_当地3連率=5
pos3_1コース複勝率=5
pos3_体重=5
pos1_モーター3連率=4
pos1_ボート3連率=4
pos1_3連率_レース内順位=4
pos1_モーター勝率_レース内順位=4
pos2_平均スタートタイミング=4
pos2_展示_レース内順位=4
pos2_ボート勝率_レース内差=4
pos3_3連率=4
pos3_当地勝率_レース内順位=4
pos3_モーター勝率_レース内順位=4
pos1_展示_レース内順位=3
pos1_当地勝率_レース内順位=3
pos2_勝率=3
pos2_2連率=3
pos3_級=3
pos3_モーター勝率=3
pos1_ボート勝率_レース内順位=2
pos2_級=1
pos2_3連率=1
pos2_モーター勝率=1
pos2_2連率_レース内順位=1
pos2_当地勝率_レース内順位=1
pos2_モーター勝率_レース内順位=1

parameters:
[boosting: gbdt]
[objective: regression]
[metric: rmse]
[tree_learner: serial]
[device_type: cpu]
[data_sample_strategy: bagging]
[data: ]
[valid: ]
[num_iterations: 200]
[learning_rate: 0.05]
[num_leaves: 31]
[num_threads: 0]
[seed: 42]
[deterministic: 0]
[force_col_wise: 0]
[force_row_wise: 0]
[histogram_pool_size: -1]
[max_depth: 6]
[min_data_in_leaf: 15]
[min_sum_hessian_in_leaf: 0.001]
[bagging_fraction: 0.9]
[pos_bagging_fraction: 1]
[neg_bagging_fraction: 1]
[bagging_freq: 1]
[bagging_seed: 400]
[bagging_by_query: 0]
[feature_fraction: 0.9]
[feature_fraction_bynode: 1]
[feature_fraction_seed: 30056]
[extra_trees: 0]
[extra_seed: 12879]
[early_stopping_round: 0]
[early_stopping_min_delta: 0]
[first_metric_only: 0]
[max_delta_step: 0]
[lambda_l1: 0.1]
[lambda_l2: 0.1]
[linear_lambda: 0]
[min_gain_to_split: 0]
[drop_rate: 0.1]
[max_drop: 50]
[skip_drop: 0.5]
[xgboost_dart_mode: 0]
[uniform_drop: 0]
[drop_seed: 17869]
[top_rate: 0.2]
[other_rate: 0.1]
[min_data_per_group: 100]
[max_cat_threshold: 32]
[cat_l2: 10]
[cat_smooth: 10]
[max_cat_to_onehot: 4]
[top_k: 20]
[monotone_constraints: ]
[monotone_constraints_method: basic]
[monotone_penalty: 0]
[feature_contri: ]
[forcedsplits_filename: ]
[refit_decay_rate: 0.9]
[cegb_tradeoff: 1]
[cegb_penalty_split: 0]
[cegb_penalty_feature_lazy: ]
[cegb_penalty_feature_coupled: ]
[path_smooth: 0]
[interaction_constraints: ]
[verbosity: -1]
[saved_feature_importance_type: 0]
[use_quantized_grad: 0]
[num_grad_quant_bins: 4]
[quant_train_renew_leaf: 0]
[stochastic_rounding: 1]
[linear_tree: 0]
[max_bin: 255]
[max_bin_by_feature: ]
[min_data_in_bin: 3]
[bin_construct_sample_cnt: 200000]
[data_random_seed: 175]
[is_enable_sparse: 1]
[enable_bundle: 1]
[use_missing: 1]
[zero_as_missing: 0]
[feature_pre_filter: 0]
[pre_partition: 0]
[two_round: 0]
[header: 0]
[label_column: ]
[weight_column: ]
[group_column: ]
[ignore_column: ]
[categorical_feature: ]
[forcedbins_filename: ]
[precise_float_parser: 0]
[parser_config_file: ]
[objective_seed: 16083]
[num_class: 1]
[is_unbalance: 0]
[scale_pos_weight: 1]
[sigmoid: 1]
[boost_from_average: 1]
[reg_sqrt: 0]
[alpha: 0.9]
[fair_c: 1]
[poisson_max_delta_step: 0.7]
[tweedie_variance_power: 1.5]
[lambdarank_truncation_level: 30]
[lambdarank_norm: 1]
[label_gain: ]
[lambdarank_position_bias_regularization: 0]
[eval_at: ]
[multi_error_top_k: 1]
[auc_mu_weights: ]
[num_machines: 1]
[local_listen_port: 12400]
[time_out: 120]
[machine_list_filename: ]
[machines: ]
[gpu_platform_id: -1]
[gpu_device_id: -1]
[gpu_use_dp: 0]
[num_gpu: 1]

end of parameters

pandas_categorical:[]
