tree
version=v4
num_class=1
num_tree_per_iteration=1
label_index=0
max_feature_idx=123
objective=regression
feature_names=開催経過日 風速 波高 日目 レース 天気 風向 pos1_艇 pos1_級 pos1_展示 pos1_勝率 pos1_2連率 pos1_3連率 pos1_当地勝率 pos1_当地2連率 pos1_当地3連率 pos1_モーター勝率 pos1_モーター2連率 pos1_モーター3連率 pos1_ボート勝率 pos1_ボート2連率 pos1_ボート3連率 pos1_平均スタートタイミング pos1_1コース複勝率 pos1_2コース複勝率 pos1_3コース複勝率 pos1_4コース複勝率 pos1_5コース複勝率 pos1_6コース複勝率 pos1_体重 pos1_展示_レース内順位 pos1_展示_レース内差 pos1_勝率_レース内順位 pos1_勝率_レース内差 pos1_2連率_レース内順位 pos1_2連率_レース内差 pos1_3連率_レース内順位 pos1_3連率_レース内差 pos1_当地勝率_レース内順位 pos1_当地勝率_レース内差 pos1_モーター勝率_レース内順位 pos1_モーター勝率_レース内差 pos1_ボート勝率_レース内順位 pos1_ボート勝率_レース内差 pos1_平均スタートタイミング_レース内順位 pos1_平均スタートタイミング_レース内差 pos2_艇 pos2_級 pos2_展示 pos2_勝率 pos2_2連率 pos2_3連率 pos2_当地勝率 pos2_当地2連率 pos2_当地3連率 pos2_モーター勝率 pos2_モーター2連率 pos2_モーター3連率 pos2_ボート勝率 pos2_ボート2連率 pos2_ボート3連率 pos2_平均スタートタイミング pos2_1コース複勝率 pos2_2コース複勝率 pos2_3コース複勝率 pos2_4コース複勝率 pos2_5コース複勝率 pos2_6コース複勝率 pos2_体重 pos2_展示_レース内順位 pos2_展示_レース内差 pos2_勝率_レース内順位 pos2_勝率_レース内差 pos2_2連率_レース内順位 pos2_2連率_レース内差 pos2_3連率_レース内順位 pos2_3連率_レース内差 pos2_当地勝率_レース内順位 pos2_当地勝率_レース内差 pos2_モーター勝率_レース内順位 pos2_モーター勝率_レース内差 pos2_ボート勝率_レース内順位 pos2_ボート勝率_レース内差 pos2_平均スタートタイミング_レース内順位 pos2_平均スタートタイミング_レース内差 pos3_艇 pos3_級 pos3_展示 pos3_勝率 pos3_2連率 pos3_3連率 pos3_当地勝率 pos3_当地2連率 pos3_当地3連率 pos3_モーター勝率 pos3_モーター2連率 pos3_モーター3連率 pos3_ボート勝率 pos3_ボート2連率 pos3_ボート3連率 pos3_平均スタートタイミング pos3_1コース複勝率 pos3_2コース複勝率 pos3_3コース複勝率 pos3_4コース複勝率 pos3_5コース複勝率 pos3_6コース複勝率 pos3_体重 pos3_展示_レース内順位 pos3_展示_レース内差 pos3_勝率_レース内順位 pos3_勝率_レース内差 pos3_2連率_レース内順位 pos3_2連率_レース内差 pos3_3連率_レース内順位 pos3_3連率_レース内差 pos3_当地勝率_レース内順位 pos3_当地勝率_レース内差 pos3_モーター勝率_レース内順位 pos3_モーター勝率_レース内差 pos3_ボート勝率_レース内順位 pos3_ボート勝率_レース内差 pos3_平均スタートタイミング_レース内順位 pos3_平均スタートタイミング_レース内差
feature_infos=[9:4013] [1:9] [1:9] [1:7] [1:12] [0:2] [0:8] [4:4] [0:2] [6.5800000000000001:7.0300000000000002] [2.4900000000000002:7.3499999999999996] [8.6999999999999993:64.5] [14:80.599999999999994] [0:8.8900000000000006] [0:89.5] [0:94.700000000000003] [0:7.9000000000000004] [0:70] [0:90] [0:6.7199999999999998] [0:58.100000000000001] [0:73.099999999999994] [0.11:0.22] [0:100] [0:82.400000000000006] [0:72.700000000000003] [6.2999999999999998:80] [0:100] [0:41.600000000000001] [42:63] [1:6] [-0.13999999999999879:0.083333333333333037] [1:6] [-1.5549999999999997:2.5133333333333341] [1:6] [-16.850000000000001:31.033333333333339] [1:6] [-20.766666666666666:36.116666666666667] [1:6] [-4.8966666666666674:5.2966666666666669] [1:6] [-1.9183333333333339:2.873333333333334] [1:6] [-3.9666666666666668:1.5800000000000001] [1:6] [-0.051666666666666666:0.031666666666666649] [3:3] [0:3] [6.6100000000000003:7.0300000000000002] [2.5099999999999998:8.3599999999999994] [7.2999999999999998:75.5] [9.8000000000000007:88.799999999999997] [0:9.2899999999999991] [0:100] [0:100] [0:7.0999999999999996] [0:65] [0:76.5] [0:7.7000000000000002] [0:70] [0:80] [0.11:0.23000000000000001] [23.100000000000001:95.799999999999997] [0:73.700000000000003] [0:76.5] [0:70.599999999999994] [0:52.600000000000001] [0:41.700000000000003] [41:61] [1:6] [-0.12000000000000011:0.094999999999999751] [1:6] [-1.8049999999999997:2.5333333333333337] [1:6] [-18.75:31.050000000000004] [1:6] [-27.800000000000001:35.316666666666663] [1:6] [-4.3233333333333333:4.1049999999999995] [1:6] [-5.0266666666666664:3.041666666666667] [1:6] [-3.2999999999999994:2.75] [1:6] [-0.045000000000000012:0.048333333333333339] [1:1] [0:4] [6.5800000000000001:7] [0:7.3600000000000003] [0:66.400000000000006] [0:77.900000000000006] [0:8.9299999999999997] [0:71.400000000000006] [0:87] [0:8.75] [0:85.700000000000003] [0:100] [2.6699999999999999:8.3499999999999996] [0:64.700000000000003] [0:73.299999999999997] [0.12:0.26000000000000001] [0:96.599999999999994] [0:77.799999999999997] [0:73.599999999999994] [0:100] [0:100] [0:100] [42:63] [1:6] [-0.15999999999999925:0.093333333333332824] [1:6] [-3.8900000000000001:2.0616666666666665] [1:6] [-24.016666666666666:28.716666666666676] [1:6] [-34.066666666666663:34.466666666666661] [1:6] [-4.9383333333333326:3.5233333333333339] [1:6] [-3.3283333333333331:3.1316666666666668] [1:6] [-1.4416666666666664:2.203333333333334] [1:6] [-0.050000000000000017:0.073333333333333334]
tree_sizes=657 662 657 661 751 663 786 661 675 664 648 666 671 682 795 682 664 663 668 760 669 667 773 678 667 756 786 796 764 795 736 764 576 785 744 779 560 557 690 665 741 778 684 654 569 686 781 691 782 558 772 672 556 767 665 766 676 686 589 684 748 756 640 746 689 798 675 672 762 672 770 767 709 688 686 783 799 561 927 800 670 669 686 674 651 766 655 657 808 797 656 683 653 639 681 670 672 673 797 563 779 656 654 671 658 796 798 570 671 673 669 655 564 656 668 676 795 667 678 726 677 665 769 659 676 669 560 671 674 675 656 673 788 672 764 666 673 687 784 672 822 686 673 774 562 655 573 786 688 759 689 702 688 686 782 649 688 788 682 657 685 675 690 674 790 805 673 659 676 671 681 656 677 799 783 675 804 658 808 657 675 656 560 669 692 783 690 778 783 781 800 645 673 803 559 786 676 820 671 693

Tree=0
num_leaves=6
num_cat=0
split_feature=38 9 37 74 8
split_gain=352633 188197 115503 54928.5 6805.82
threshold=3.5000000000000004 6.7750000000000012 4.8250000000000002 -2.4500000000000006 1.5000000000000002
decision_type=2 2 2 2 2
left_child=1 -1 -2 -4 -5
right_child=2 -3 3 4 -6
leaf_value=108.47527954117255 110.25673650665692 116.15452237806652 108.0123657114133 105.2350025831439 103.99099934248726
leaf_weight=14.999999999999998 14.999999999999998 17 14.999999999999998 21 26
leaf_count=15 15 17 15 21 26
internal_value=108.165 112.569 106.332 105.379 104.54
internal_weight=109 32 77 62 47
internal_count=109 32 77 62 47
is_linear=0
shrinkage=1


Tree=1
num_leaves=6
num_cat=0
split_feature=35 119 76 4 35
split_gain=353316 139054 127218 36871.6 7294.02
threshold=2.5916666666666637 -1.0000000180025095e-35 -3.8666666666666667 6.5000000000000009 13.266666666666671
decision_type=2 2 2 2 2
left_child=1 -1 -2 4 -4
right_child=2 -3 3 -5 -6
leaf_value=1.6124769265739081 2.6413990563904215 8.0517496704265792 -2.6012884177347098 -0.69728944344757904 -3.8490878627311051
leaf_weight=19 14.999999999999998 14.999999999999998 28 22 22
leaf_count=19 15 15 28 22 22
internal_value=0.154325 4.46876 -1.53491 -2.40751 -3.15701
internal_weight=121 34 87 72 50
internal_count=121 34 87 72 50
is_linear=0
shrinkage=0.05


Tree=2
num_leaves=6
num_cat=0
split_feature=35 72 76 4 35
split_gain=346406 130770 74977.4 22782.9 5546.77
threshold=2.5916666666666637 0.32999999999999968 -3.2333333333333338 6.5000000000000009 13.266666666666671
decision_type=2 2 2 2 2
left_child=1 -1 -2 4 -4
right_child=2 -3 3 -5 -6
leaf_value=7.2798480471194784 1.5292767298932108 1.0672501343007412 -2.4950400203148244 -0.86472413394991199 -3.634833097208233
leaf_weight=18 14.999999999999998 15.999999999999998 28 18 19
leaf_count=18 15 16 28 18 19
internal_value=0.147657 4.36812 -1.64919 -2.38399 -2.96265
internal_weight=114 34 80 65 47
internal_count=114 34 80 65 47
is_linear=0
shrinkage=0.05


Tree=3
num_leaves=6
num_cat=0
split_feature=102 78 30 4 8
split_gain=299642 107521 36221.6 8131.03 2240.83
threshold=57.400000000000013 -0.19749999999999976 3.5000000000000004 7.5000000000000009 1.5000000000000002
decision_type=2 2 2 2 2
left_child=1 -1 3 4 -3
right_child=-2 2 -4 -5 -6
leaf_value=2.0685335642636105 5.7699819320159431 -2.6478899085003396 -0.36774089257252168 -1.7266153372281434 -3.5079751807065751
leaf_weight=21 19 15.999999999999998 24 14.999999999999998 20
leaf_count=21 19 16 24 15 20
internal_value=0.0500603 -1.08678 -1.97191 -2.72452 -3.13425
internal_weight=115 96 75 51 36
internal_count=115 96 75 51 36
is_linear=0
shrinkage=0.05


Tree=4
num_leaves=7
num_cat=0
split_feature=35 59 76 16 33 76
split_gain=299606 108191 79776.2 28294.2 7584.8 212.351
threshold=2.5916666666666637 33.20000000000001 -3.2333333333333338 4.7650000000000015 0.84333333333333294 12.358333333333333
decision_type=2 2 2 2 2 2
left_child=1 -1 -2 -4 -5 -6
right_child=2 -3 3 4 5 -7
leaf_value=7.1656956653721302 1.784722491289606 1.4851965936066591 -0.42790671231453881 -2.0542174849159274 -3.0172939881583716 -3.4677800697192809
leaf_weight=14.999999999999998 14.999999999999998 19 17 23 14.999999999999998 17
leaf_count=15 15 19 17 23 15 17
internal_value=0.0320294 4.00511 -1.52343 -2.21421 -2.76448 -3.26683
internal_weight=121 34 87 72 55 32
internal_count=121 34 87 72 55 32
is_linear=0
shrinkage=0.05


Tree=5
num_leaves=6
num_cat=0
split_feature=35 119 73 53 35
split_gain=243297 122668 53685.9 21336.9 4858
threshold=2.5916666666666637 -1.0000000180025095e-35 3.5000000000000004 52.850000000000001 12.016666666666667
decision_type=2 2 2 2 2
left_child=1 -1 -2 4 -4
right_child=2 -3 3 -5 -6
leaf_value=0.90219704523608457 0.76482882286185649 6.8779964106367135 -2.1273216281809022 -0.62229242206360247 -3.1854837537251717
leaf_weight=20 20 14.999999999999998 20 15.999999999999998 27
leaf_count=20 20 15 20 16 27
internal_value=-0.0146885 3.4757 -1.48901 -2.20467 -2.74078
internal_weight=118 35 83 63 47
internal_count=118 35 83 63 47
is_linear=0
shrinkage=0.05


Tree=6
num_leaves=7
num_cat=0
split_feature=38 102 37 74 115 116
split_gain=232263 152685 57549.2 34513.9 7976.05 695.085
threshold=3.5000000000000004 57.400000000000013 4.8250000000000002 -2.4500000000000006 -1.8416666666666683 4.5000000000000009
decision_type=2 2 2 2 2 2
left_child=1 -1 -2 -4 -5 -6
right_child=2 -3 3 4 5 -7
leaf_value=0.6969133475688114 1.4826577462024568 7.4370010132821198 0.18690733739307946 -1.5218230460741504 -3.0994635902874847 -2.5565530208562386
leaf_weight=19 15.999999999999998 14.999999999999998 15.999999999999998 15.999999999999998 21 14.999999999999998
leaf_count=19 16 15 16 16 21 15
internal_value=0.203097 3.68372 -1.20837 -1.84287 -2.46668 -2.8811
internal_weight=118 34 84 68 52 36
internal_count=118 34 84 68 52 36
is_linear=0
shrinkage=0.05


Tree=7
num_leaves=6
num_cat=0
split_feature=74 33 93 73 61
split_gain=165793 83313.8 21092.6 5492.93 1240.63
threshold=-2.7583333333333306 0.10833333333333296 60.900000000000013 4.5000000000000009 0.16500000000000004
decision_type=2 2 2 2 2
left_child=-1 -2 3 -3 -5
right_child=1 2 -4 4 -6
leaf_value=3.5397937029971125 1.8047620879417938 -1.791078118898382 -0.53579858499972965 -2.5213651254310365 -3.2337569508331501
leaf_weight=24 19 20 20 16.000000000000004 14.999999999999998
leaf_count=24 19 20 20 16 15
internal_value=-0.1439 -1.12911 -1.91574 -2.45468 -2.87552
internal_weight=114 90 71 51 31
internal_count=114 90 71 51 31
is_linear=0
shrinkage=0.05


Tree=8
num_leaves=6
num_cat=0
split_feature=73 15 4 80 21
split_gain=165853 186695 37926.8 9554.96 1736.96
threshold=3.5000000000000004 61.350000000000001 6.5000000000000009 -0.072499999999999773 49.000000000000007
decision_type=2 2 2 2 2
left_child=1 -1 3 4 -2
right_child=2 -3 -4 -5 -6
leaf_value=6.5708445596398768 -2.3615534361845216 -1.1750360132053197 0.14109878191314792 -1.355533503487472 -3.1487061751516241
leaf_weight=16.000000000000004 15.999999999999998 14.999999999999998 24 19 17
leaf_count=16 16 15 24 19 17
internal_value=-0.245673 2.83095 -1.50275 -2.26036 -2.7755
internal_weight=107 31 76 52 33
internal_count=107 31 76 52 33
is_linear=0
shrinkage=0.05


Tree=9
num_leaves=6
num_cat=0
split_feature=102 72 33 4 121
split_gain=196306 61877 50030.8 13552.8 4095.7
threshold=57.400000000000013 -0.22749999999999956 0.10833333333333296 6.5000000000000009 1.0000000180025095e-35
decision_type=2 2 2 2 2
left_child=1 -1 -3 4 -4
right_child=-2 2 3 -5 -6
leaf_value=2.0220928766712638 4.402795747178712 1.1341751403690123 -2.9250096808731287 -0.79986048541674948 -1.9730351608831764
leaf_weight=15.999999999999998 22 15.999999999999998 22 18 26
leaf_count=16 22 16 22 18 26
internal_value=0.145681 -0.813461 -1.36859 -1.97619 -2.41463
internal_weight=120 98 82 66 48
internal_count=120 98 82 66 48
is_linear=0
shrinkage=0.05


Tree=10
num_leaves=6
num_cat=0
split_feature=102 78 41 0 105
split_gain=179315 68513 28246.1 10524.7 1384.88
threshold=57.400000000000013 -0.11166666666666723 -0.43916666666666643 2772.0000000000005 16.650000000000002
decision_type=2 2 2 2 2
left_child=1 -1 -3 4 -4
right_child=-2 2 3 -5 -6
leaf_value=1.8992498186870392 4.6585062364188348 0.40594171707674581 -2.7944472044212385 -1.0536591089167302 -2.1392490750966378
leaf_weight=19 18 15.999999999999998 18 21 20
leaf_count=19 18 16 18 21 20
internal_value=0.100934 -0.775763 -1.45513 -1.95974 -2.45626
internal_weight=112 94 75 59 38
internal_count=112 94 75 59 38
is_linear=0
shrinkage=0.05


Tree=11
num_leaves=6
num_cat=0
split_feature=37 72 4 116 120
split_gain=174013 180080 34787.5 4961.79 1828.11
threshold=-1.7416666666666669 -0.2966666666666668 6.5000000000000009 2.5000000000000004 4.5000000000000009
decision_type=2 2 2 2 2
left_child=-1 -2 3 -3 -5
right_child=1 2 -4 4 -6
leaf_value=4.8871536177878054 4.3277588550618153 -1.5340240166201227 -0.1047489777702247 -2.8506636114234469 -2.1320295094049464
leaf_weight=15.999999999999998 14.999999999999998 17 27 25 17
leaf_count=16 15 17 27 25 17
internal_value=0.0592439 -0.709601 -1.59227 -2.27159 -2.56566
internal_weight=117 101 86 59 42
internal_count=117 101 86 59 42
is_linear=0
shrinkage=0.05


Tree=12
num_leaves=6
num_cat=0
split_feature=38 9 35 31 76
split_gain=141798 136772 39282.8 17022.1 4805.8
threshold=3.5000000000000004 6.7750000000000012 3.0250000000000008 0.015000000000000126 6.7583333333333337
decision_type=2 2 2 2 2
left_child=1 -1 -2 4 -4
right_child=2 -3 3 -5 -6
leaf_value=-0.61748579651672653 1.1877804343744833 5.645546954090058 -1.509020111422321 -0.10094258137886099 -2.5150874217192967
leaf_weight=15.999999999999998 15.999999999999998 19 24 14.999999999999998 25
leaf_count=16 16 19 24 15 25
internal_value=0.138804 2.7887 -1.0225 -1.57614 -2.0265
internal_weight=115 35 80 64 49
internal_count=115 35 80 64 49
is_linear=0
shrinkage=0.05


Tree=13
num_leaves=6
num_cat=0
split_feature=36 76 4 112 37
split_gain=128492 116463 21493.6 4866.01 1404.74
threshold=2.5000000000000004 -3.2333333333333338 6.5000000000000009 3.5000000000000004 14.175000000000006
decision_type=2 2 2 2 2
left_child=-1 -2 3 -3 -5
right_child=1 2 -4 4 -6
leaf_value=4.2856385231018077 2.4605050791909688 -1.5857946583727525 -0.43790466565487568 -2.9607427938094988 -2.2140503447576867
leaf_weight=14.999999999999998 23 21 27 15.000000000000002 14.999999999999998
leaf_count=15 23 21 27 15 15
internal_value=-0.0165465 -0.659141 -1.58107 -2.18414 -2.59616
internal_weight=116 101 78 51 30
internal_count=116 101 78 51 30
is_linear=0
shrinkage=0.05


Tree=14
num_leaves=7
num_cat=0
split_feature=37 72 105 53 18 101
split_gain=111468 108749 16316.8 9500.29 3795.88 1112.54
threshold=-1.7416666666666669 -0.2966666666666668 29.300000000000004 54.150000000000006 48.850000000000009 60.850000000000001
decision_type=2 2 2 2 2 2
left_child=-1 -2 3 4 -3 -6
right_child=1 2 -4 -5 5 -7
leaf_value=3.7935609829351771 3.0833474624230992 -1.4798054362713442 0.097573494753300752 -0.59755140787718319 -2.6974166668014021 -2.0665370629095903
leaf_weight=15.999999999999998 15.999999999999998 21 14.999999999999998 14.999999999999998 14.999999999999998 19
leaf_count=16 16 21 15 15 15 19
internal_value=-0.070514 -0.685841 -1.39818 -1.71846 -2.02243 -2.35211
internal_weight=117 101 85 70 55 34
internal_count=117 101 85 70 55 34
is_linear=0
shrinkage=0.05


Tree=15
num_leaves=6
num_cat=0
split_feature=37 30 123 64 63
split_gain=112146 24872.9 15767.7 6680.89 2880.61
threshold=2.183333333333334 3.5000000000000004 -0.0016666666666666911 33.850000000000001 39.20000000000001
decision_type=2 2 2 2 2
left_child=-1 3 -3 -2 -5
right_child=1 2 -4 4 -6
leaf_value=2.3913689639150486 -1.1052538624057522 1.1313429333516301 -1.1536229672021425 -2.7442301263872366 -1.8083813030007889
leaf_weight=29 23 15.000000000000002 14.999999999999998 14.999999999999998 21
leaf_count=29 23 15 15 15 21
internal_value=-0.303799 -1.18375 -0.0110109 -1.77895 -2.20498
internal_weight=118 89 30 59 36
internal_count=118 89 30 59 36
is_linear=0
shrinkage=0.05


Tree=16
num_leaves=6
num_cat=0
split_feature=105 72 18 15 12
split_gain=97570.7 42387.9 34513.8 5107.04 4533.23
threshold=29.300000000000004 -0.2966666666666668 44.550000000000004 47.750000000000007 62.300000000000004
decision_type=2 2 2 2 2
left_child=1 -1 -3 -4 -5
right_child=-2 2 3 4 -6
leaf_value=1.4446547709636806 2.938584985187398 0.36458874573639788 -2.7994672585796838 -1.2021977419227496 -2.2407759047232534
leaf_weight=15.999999999999998 20 21 14.999999999999998 22 21
leaf_count=16 20 21 15 22 21
internal_value=-0.226747 -0.895574 -1.37084 -1.99881 -1.71355
internal_weight=115 95 79 58 43
internal_count=115 95 79 58 43
is_linear=0
shrinkage=0.05


Tree=17
num_leaves=6
num_cat=0
split_feature=38 9 30 100 9
split_gain=95674.3 83442.1 42076.9 9357.33 4390.65
threshold=3.5000000000000004 6.7750000000000012 4.5000000000000009 0.15500000000000003 6.7650000000000006
decision_type=2 2 2 2 2
left_child=1 -1 3 -2 -5
right_child=2 -3 -4 4 -6
leaf_value=-0.36501326466861528 -0.52920641040209648 4.5794664444282045 1.3404570838473491 -1.4429769801428591 -2.3945852739402498
leaf_weight=17 15.999999999999998 17 14.999999999999998 25 25
leaf_count=17 16 17 15 25 25
internal_value=-0.108949 2.11326 -1.04324 -1.58628 -1.92271
internal_weight=115 34 81 66 50
internal_count=115 34 81 66 50
is_linear=0
shrinkage=0.05


Tree=18
num_leaves=6
num_cat=0
split_feature=37 72 114 92 60
split_gain=157336 78280.9 10848.6 5022.47 1484.57
threshold=-1.0333333333333312 -0.2966666666666668 2.5000000000000004 41.500000000000007 52.100000000000001
decision_type=2 2 2 2 2
left_child=-1 -2 -3 4 -4
right_child=1 2 3 -5 -6
leaf_value=4.5436897496999427 2.3069661371889167 -0.47620406816532085 -1.8077551257107907 -1.0690866774913528 -2.4537194127621857
leaf_weight=15.999999999999998 17 23 26 19 15.999999999999998
leaf_count=16 17 23 26 19 16
internal_value=-0.0470507 -0.778121 -1.40454 -1.75314 -2.0592
internal_weight=117 101 84 61 42
internal_count=117 101 84 61 42
is_linear=0
shrinkage=0.05


Tree=19
num_leaves=7
num_cat=0
split_feature=38 9 117 39 78 59
split_gain=133234 89542 21245.2 10215.4 5026.22 4943.8
threshold=3.5000000000000004 6.7750000000000012 -1.0124999999999997 1.415 0.94750000000000056 31.800000000000001
decision_type=2 2 2 2 2 2
left_child=1 -1 -2 4 -4 -5
right_child=2 -3 3 5 -6 -7
leaf_value=-0.1151033384121017 0.45438297272387129 5.1767087272733274 -0.18205896045850667 -1.5174811341751244 -1.4555810094669166 -2.7010748798062338
leaf_weight=14.999999999999998 18 17 16.000000000000004 21 14.999999999999998 15.999999999999998
leaf_count=15 18 17 16 21 15 16
internal_value=-0.0458814 2.70339 -1.07087 -1.47477 -0.801139 -2.03534
internal_weight=118 32 86 68 31 37
internal_count=118 32 86 68 31 37
is_linear=0
shrinkage=0.05


Tree=20
num_leaves=6
num_cat=0
split_feature=37 72 49 76 113
split_gain=98565.6 52021.8 20490.3 5379.7 2375.65
threshold=-1.7416666666666669 -0.2966666666666668 6.4350000000000014 6.3750000000000009 5.6333333333333337
decision_type=2 2 2 2 2
left_child=-1 -2 3 -3 -5
right_child=1 2 -4 4 -6
leaf_value=3.5164571453953353 2.0295189971509187 -0.85125527043184224 0.61311889294756972 -1.4553196470932603 -2.2228153585690502
leaf_weight=17 15.999999999999998 27 14.999999999999998 28 17
leaf_count=17 16 27 15 28 17
internal_value=0.000717117 -0.58235 -1.06453 -1.41447 -1.74966
internal_weight=120 103 87 72 45
internal_count=120 103 87 72 45
is_linear=0
shrinkage=0.05


Tree=21
num_leaves=6
num_cat=0
split_feature=45 30 59 83 66
split_gain=67330.9 28702.5 10367.3 6591.06 4372.46
threshold=0.0049999999999999914 4.5000000000000009 35.350000000000001 2.5000000000000004 23.650000000000002
decision_type=2 2 2 2 2
left_child=1 2 3 -1 -4
right_child=-2 -3 4 -5 -6
leaf_value=-1.4750357654359605 2.0732505424726058 0.80479402937595312 -2.5581958261335851 -0.15170507470578379 -1.3517140154806984
leaf_weight=17 26 21 16.000000000000004 21 14.999999999999998
leaf_count=17 26 21 16 21 15
internal_value=-0.163083 -0.810774 -1.30299 -0.74617 -1.9808
internal_weight=116 90 69 38 31
internal_count=116 90 69 38 31
is_linear=0
shrinkage=0.05


Tree=22
num_leaves=7
num_cat=0
split_feature=38 9 30 83 59 15
split_gain=70608.6 118770 24834.2 11956.1 3153.95 3042.19
threshold=3.5000000000000004 6.7750000000000012 4.5000000000000009 4.5000000000000009 37.050000000000004 64.750000000000014
decision_type=2 2 2 2 2 2
left_child=1 -1 3 4 5 -2
right_child=2 -3 -4 -5 -6 -7
leaf_value=-1.0841933715417515 -1.6714058349872456 5.0924337230277388 0.76266412841087849 -0.0043256998062133787 -2.1655072953965928 -0.76846217959132423
leaf_weight=16.000000000000004 26 14.999999999999998 19 14.999999999999998 17 14.999999999999998
leaf_count=16 26 15 19 15 17 15
internal_value=-0.14887 1.9111 -0.844366 -1.26317 -1.58808 -1.34386
internal_weight=123 31 92 73 58 41
internal_count=123 31 92 73 58 41
is_linear=0
shrinkage=0.05


Tree=23
num_leaves=6
num_cat=0
split_feature=38 9 9 37 70
split_gain=88892.7 105639 20766.9 14441.2 1912.91
threshold=3.5000000000000004 6.7750000000000012 6.8500000000000005 4.8250000000000002 0.015833333333333147
decision_type=2 2 2 2 2
left_child=1 -1 3 -2 -5
right_child=2 -3 -4 4 -6
leaf_value=-0.43548470463669092 0.25628673603992591 5.2133339225875668 0.93321790016250095 -1.7750431996030909 -1.1646859684313435
leaf_weight=17 14.999999999999998 15.999999999999998 14.999999999999998 29 25
leaf_count=17 15 16 15 29 25
internal_value=0.115773 2.31066 -0.748167 -1.11458 -1.49524
internal_weight=117 33 84 69 54
internal_count=117 33 84 69 54
is_linear=0
shrinkage=0.05


Tree=24
num_leaves=6
num_cat=0
split_feature=76 15 36 113 117
split_gain=67081.9 126540 21274.4 16994.6 7467.11
threshold=12.358333333333333 50.550000000000004 5.5000000000000009 -0.5500000000000006 -0.23750000000000024
decision_type=2 2 2 2 2
left_child=1 -1 3 -3 -2
right_child=4 2 -4 -5 -6
leaf_value=4.329217781237702 -0.7049623221344089 1.6261801761129626 -1.6504173238864119 -0.53109317105528298 -2.0836288251182586
leaf_weight=20 15.999999999999998 15.999999999999998 19 21 26
leaf_count=20 16 16 19 21 26
internal_value=0.0399842 0.925949 -0.294965 0.403516 -1.56146
internal_weight=118 76 56 37 42
internal_count=118 76 56 37 42
is_linear=0
shrinkage=0.05


Tree=25
num_leaves=7
num_cat=0
split_feature=72 38 13 30 59 37
split_gain=76420.8 106226 14295.7 10608.2 8252.5 966.312
threshold=0.32999999999999968 4.5000000000000009 5.1350000000000007 3.5000000000000004 32.050000000000004 14.008333333333338
decision_type=2 2 2 2 2 2
left_child=1 -1 -2 5 -3 -4
right_child=2 4 3 -5 -6 -7
leaf_value=3.9702132887565171 -2.4568457921346027 0.23272333815200438 -1.6004151305260017 0.15236064251804851 -1.4215200457351886 -1.030191750005381
leaf_weight=22 17 15.000000000000002 17 19 14.999999999999998 14.999999999999998
leaf_count=22 17 15 17 19 15 15
internal_value=-0.101866 1.33956 -1.20455 -0.783031 -0.596207 -1.33732
internal_weight=120 52 68 51 30 32
internal_count=120 52 68 51 30 32
is_linear=0
shrinkage=0.05


Tree=26
num_leaves=7
num_cat=0
split_feature=102 30 13 39 109 59
split_gain=77697.2 33290.1 11960.3 7370.98 6284.11 2456.07
threshold=57.400000000000013 4.5000000000000009 5.1350000000000007 1.415 -0.015833333333334029 31.800000000000001
decision_type=2 2 2 2 2 2
left_child=1 2 -1 4 -4 -5
right_child=-2 -3 3 5 -6 -7
leaf_value=-2.3656279342853472 2.5897964582814801 1.2819618407410482 0.48502041456715156 -0.8854917521508322 -0.93507814229645325 -1.8014830371401958
leaf_weight=14.999999999999998 23 18 15.000000000000002 15.000000000000002 15.999999999999998 14.999999999999998
leaf_count=15 23 18 15 15 16 15
internal_value=-0.00851788 -0.646405 -1.10427 -0.790659 -0.248423 -1.34812
internal_weight=117 94 76 61 31 30
internal_count=117 94 76 61 31 30
is_linear=0
shrinkage=0.05


Tree=27
num_leaves=7
num_cat=0
split_feature=102 43 10 83 64 104
split_gain=70188.1 37911.3 17991.8 14222.4 3507.56 3240.07
threshold=57.400000000000013 -0.55583333333333262 5.5850000000000009 3.5000000000000004 36.150000000000006 30.200000000000003
decision_type=2 2 2 2 2 2
left_child=1 -1 4 5 -3 -4
right_child=-2 2 3 -5 -6 -7
leaf_value=1.602332792505186 2.5418515461347839 -1.3992825040165677 -1.4751418492808845 0.88746753520523469 -2.4834932219903205 -0.46559903754951049
leaf_weight=17 23 16.000000000000004 15.999999999999998 14.999999999999998 14.999999999999998 15.999999999999998
leaf_count=17 23 16 16 15 15 16
internal_value=0.0697062 -0.530804 -0.997239 -0.378878 -1.93036 -0.973549
internal_weight=118 95 78 47 31 32
internal_count=118 95 78 47 31 32
is_linear=0
shrinkage=0.05


Tree=28
num_leaves=7
num_cat=0
split_feature=36 72 53 13 66 13
split_gain=61881.5 49972.6 15429.6 4256.81 3180.08 1571.18
threshold=2.5000000000000004 -0.3725 55.800000000000004 5.1800000000000006 16.200000000000006 6.3400000000000007
decision_type=2 2 2 2 2 2
left_child=-1 -2 3 -3 -5 -6
right_child=1 2 -4 4 5 -7
leaf_value=2.8548978477124347 1.9875899298590902 -2.1107905097355117 0.35570809085917032 -0.60346207407956631 -1.046082125490869 -1.7082915880103813
leaf_weight=14.999999999999998 15.999999999999998 14.999999999999998 15.999999999999998 18 17 21
leaf_count=15 16 15 16 18 17 21
internal_value=-0.134568 -0.572323 -1.04491 -1.36067 -1.15625 -1.41569
internal_weight=118 103 87 71 56 38
internal_count=118 103 87 71 56 38
is_linear=0
shrinkage=0.05


Tree=29
num_leaves=7
num_cat=0
split_feature=95 23 114 36 18 27
split_gain=59007.6 24220.5 28327.3 8991.58 6510.87 2823.12
threshold=26.600000000000005 75.350000000000009 2.5000000000000004 4.5000000000000009 51.250000000000007 27.900000000000002
decision_type=2 2 2 2 2 2
left_child=-1 4 -3 -4 -2 -5
right_child=1 2 3 5 -6 -7
leaf_value=2.3384752951056713 -0.74694329034413731 1.9630218417439238 0.45825308806059378 -1.5215234200686014 -2.1174808212931118 -0.54664300103850716
leaf_weight=22 14.999999999999998 14.999999999999998 14.999999999999998 15.000000000000002 21 14.999999999999998
leaf_count=22 15 15 15 15 21 15
internal_value=0.00884465 -0.526855 0.0886346 -0.539018 -1.55021 -1.03768
internal_weight=118 96 60 45 36 30
internal_count=118 96 60 45 36 30
is_linear=0
shrinkage=0.05


Tree=30
num_leaves=7
num_cat=0
split_feature=38 9 30 59 84 109
split_gain=60593.5 77615.9 18465.5 4919.64 5166.77 1488.81
threshold=3.5000000000000004 6.7750000000000012 4.5000000000000009 36.150000000000013 -1.0000000180025095e-35 -0.027499999999999854
decision_type=2 2 2 2 2 2
left_child=1 -1 3 4 5 -2
right_child=2 -3 -4 -5 -6 -7
leaf_value=-0.66422275587998703 -1.5754472069392929 3.9692727884534977 0.6024158622581921 -1.7333634926570403 -0.084228958988821268 -0.85831498278687324
leaf_weight=18 15 18 19 24 14.999999999999998 15
leaf_count=18 15 18 19 24 15 15
internal_value=-0.0683173 1.65696 -0.775251 -1.155 -0.843274 -1.22109
internal_weight=124 36 88 69 45 30
internal_count=124 36 88 69 45 30
is_linear=0
shrinkage=0.05


Tree=31
num_leaves=7
num_cat=0
split_feature=102 30 15 39 73 90
split_gain=50501.2 27397 8628.7 4997.45 6281.22 2612.41
threshold=57.400000000000013 4.5000000000000009 47.750000000000007 1.415 4.5000000000000009 51.000000000000007
decision_type=2 2 2 2 2 2
left_child=1 2 -1 4 -4 -5
right_child=-2 -3 3 5 -6 -7
leaf_value=-2.0056352878949655 1.9803847186298289 1.2363043267824496 0.47804269538020461 -1.6013490647262665 -0.92152575275354209 -0.67572326896995905
leaf_weight=15.999999999999998 24 17 14.999999999999998 16.000000000000004 17 14.999999999999998
leaf_count=16 24 17 15 16 17 15
internal_value=-0.0661735 -0.579393 -0.971245 -0.705702 -0.265877 -1.15724
internal_weight=120 96 79 63 32 31
internal_count=120 96 79 63 32 31
is_linear=0
shrinkage=0.05


Tree=32
num_leaves=5
num_cat=0
split_feature=45 75 36 49
split_gain=60701.4 12086.1 19445.2 7048.97
threshold=0.0049999999999999914 4.5000000000000009 5.5000000000000009 5.9450000000000012
decision_type=2 2 2 2
left_child=1 2 -1 -3
right_child=-2 3 -4 -5
leaf_value=0.75742275417992888 1.940171347648648 -1.7759969857346087 -1.4968926879743867 -0.60782178350653782
leaf_weight=26 28 27 14.999999999999998 25
leaf_count=26 28 27 15 25
internal_value=-0.0966257 -0.711334 -0.0688405 -1.21671
internal_weight=121 93 41 52
internal_count=121 93 41 52
is_linear=0
shrinkage=0.05


Tree=33
num_leaves=7
num_cat=0
split_feature=45 119 105 114 91 101
split_gain=56191.2 63995.8 21796.2 12691.1 4395.51 1403.76
threshold=0.0049999999999999914 1.0000000180025095e-35 31.700000000000006 2.5000000000000004 5.7800000000000002 65.950000000000017
decision_type=2 2 2 2 2 2
left_child=2 -2 3 -1 5 -5
right_child=1 -3 -4 4 -6 -7
leaf_value=0.10406448568277692 -0.40892758716810618 4.199312754498413 1.1238294828806492 -2.0920934973963052 -0.76460586315050172 -1.4105771928860995
leaf_weight=20 15.000000000000002 14.999999999999998 14.999999999999998 14.999999999999998 19 18
leaf_count=20 15 15 15 15 19 18
internal_value=0.0389437 1.90132 -0.604644 -0.965871 -1.37689 -1.72589
internal_weight=117 30 87 72 52 33
internal_count=117 30 87 72 52 33
is_linear=0
shrinkage=0.05


Tree=34
num_leaves=7
num_cat=0
split_feature=37 72 11 59 100 26
split_gain=54123.9 37467 9683.09 3922.5 3151.72 993.116
threshold=-1.7416666666666669 -0.2966666666666668 49.100000000000009 35.95000000000001 0.15500000000000003 29.900000000000002
decision_type=2 2 2 2 2 2
left_child=-1 -2 3 4 -3 -6
right_child=1 2 -4 -5 5 -7
leaf_value=2.7105824972453867 1.6727253043214689 -0.23145736344852802 0.28367897334851716 -1.6588987502752173 -1.3567849053276908 -0.7859818049021905
leaf_weight=17 19 15.999999999999998 17 19 17 14.999999999999998
leaf_count=17 19 16 17 19 17 15
internal_value=0.105413 -0.32673 -0.780498 -1.05061 -0.806774 -1.09266
internal_weight=120 103 84 67 48 32
internal_count=120 103 84 67 48 32
is_linear=0
shrinkage=0.05


Tree=35
num_leaves=7
num_cat=0
split_feature=45 9 53 59 121 82
split_gain=54869.8 52677.7 13580 6031.66 7055.32 2471.52
threshold=0.0049999999999999914 6.7650000000000006 52.850000000000001 35.350000000000001 0.097499999999999712 -0.26416666666666705
decision_type=2 2 2 2 2 2
left_child=2 -2 3 5 -5 -1
right_child=1 -3 -4 4 -6 -7
leaf_value=-1.0790095679795564 -0.32157524594609033 3.793640652713397 0.46562203755036241 -0.83288148349484059 -2.3731668734392581 -0.30960512247560251
leaf_weight=20 16.000000000000004 14.999999999999998 18 15.000000000000002 14.999999999999998 22
leaf_count=20 16 15 18 15 15 22
internal_value=-0.135568 1.67529 -0.760532 -1.06736 -1.60852 -0.6778
internal_weight=121 31 90 72 30 42
internal_count=121 31 90 72 30 42
is_linear=0
shrinkage=0.05


Tree=36
num_leaves=5
num_cat=0
split_feature=95 111 117 90
split_gain=39635.9 25439.7 9266.45 7046.52
threshold=26.600000000000005 -0.41999999999999899 1.0733333333333335 52.350000000000001
decision_type=2 2 2 2
left_child=-1 -2 3 -3
right_child=1 2 -4 -5
leaf_value=1.8170613320536633 1.2205886337638558 -1.1656190526970911 -1.7019577003660655 0.019297687601797359
leaf_weight=24 18 22 23 29
leaf_count=24 18 22 23 29
internal_value=0.0118001 -0.460545 -0.870632 -0.493026
internal_weight=116 92 74 51
internal_count=116 92 74 51
is_linear=0
shrinkage=0.05


Tree=37
num_leaves=5
num_cat=0
split_feature=45 40 59 75
split_gain=52523.6 18119 11325.8 8565.05
threshold=0.0049999999999999914 2.5000000000000004 35.350000000000001 4.5000000000000009
decision_type=2 2 2 2
left_child=1 -1 3 -3
right_child=-2 2 -4 -5
leaf_value=0.60358673041807731 1.9624946938714949 0.36670970816309278 -1.8166234288472851 -1.0863944191953319
leaf_weight=26 28 18 24 23
leaf_count=26 28 18 24 23
internal_value=0.0727189 -0.510212 -0.956051 -0.448985
internal_weight=119 91 65 41
internal_count=119 91 65 41
is_linear=0
shrinkage=0.05


Tree=38
num_leaves=6
num_cat=0
split_feature=102 43 13 59 84
split_gain=45677.6 37614.9 12155.6 3321.89 4167.89
threshold=57.400000000000013 -0.55583333333333262 5.1350000000000007 37.050000000000004 1.0000000180025095e-35
decision_type=2 2 2 2 2
left_child=1 -1 -3 4 -4
right_child=-2 2 3 -5 -6
leaf_value=1.7105955089841569 1.9957171893223025 -2.1236744997794168 -0.75118284575985839 -1.2255437371153268 0.25830240841978086
leaf_weight=15.999999999999998 23 17 28 15.999999999999998 15.999999999999998
leaf_count=16 23 17 28 16 16
internal_value=0.00552108 -0.488239 -0.946831 -0.61033 -0.384231
internal_weight=116 93 77 60 44
internal_count=116 93 77 60 44
is_linear=0
shrinkage=0.05


Tree=39
num_leaves=6
num_cat=0
split_feature=37 74 12 65 10
split_gain=37231.9 29122.8 12041.7 3875.64 2575
threshold=-3.3249999999999953 -2.7583333333333306 66.850000000000009 22.450000000000003 5.4850000000000012
decision_type=2 2 2 2 2
left_child=-1 -2 3 -3 -5
right_child=1 2 -4 4 -6
leaf_value=2.4396752723794903 1.3031614711423138 -0.34558989392674488 0.45210169418740664 -1.6985913325354691 -0.92459974919242416
leaf_weight=14.999999999999998 24 15.999999999999998 18 19 26
leaf_count=15 24 16 18 19 26
internal_value=0.12095 -0.218719 -0.682188 -1.01717 -1.25455
internal_weight=118 103 79 61 45
internal_count=118 103 79 61 45
is_linear=0
shrinkage=0.05


Tree=40
num_leaves=7
num_cat=0
split_feature=38 119 117 39 59 18
split_gain=43578.8 55910.1 13405.1 5586.83 3468.76 1151.32
threshold=3.5000000000000004 -1.0000000180025095e-35 -1.0124999999999997 1.415 29.650000000000002 48.300000000000004
decision_type=2 2 2 2 2 2
left_child=1 -1 -2 5 -5 -4
right_child=2 -3 3 4 -6 -7
leaf_value=-0.45678787175674884 0.61159021557860116 3.5898057484487347 -0.6454438186179825 -0.66438561379909522 -1.6485133891497854 -0.044572054906840755
leaf_weight=17 20 17 17 14.999999999999998 23 14.999999999999998
leaf_count=17 20 17 17 15 23 15
internal_value=0.048546 1.57096 -0.527636 -0.853609 -1.26294 -0.364957
internal_weight=124 34 90 70 38 32
internal_count=124 34 90 70 38 32
is_linear=0
shrinkage=0.05


Tree=41
num_leaves=7
num_cat=0
split_feature=37 72 97 4 60 120
split_gain=54493.6 43752.7 8380.02 10204.6 2622.8 2340.33
threshold=-1.7416666666666669 -0.2966666666666668 5.2900000000000009 6.5000000000000009 53.400000000000006 2.5000000000000004
decision_type=2 2 2 2 2 2
left_child=-1 -2 3 5 -4 -3
right_child=1 2 4 -5 -6 -7
leaf_value=2.8802303743678213 1.990793669415496 -1.3195068485689476 -0.98173375178499622 0.62332723753228381 -1.8150712240610691 -0.432765775001207
leaf_weight=14.999999999999998 17 15.000000000000002 27 18 14.999999999999998 14.999999999999998
leaf_count=15 17 15 27 18 15 15
internal_value=0.0682588 -0.328217 -0.768032 -0.315532 -1.28308 -0.879213
internal_weight=122 107 90 48 42 30
internal_count=122 107 90 48 42 30
is_linear=0
shrinkage=0.05


Tree=42
num_leaves=6
num_cat=0
split_feature=32 24 45 9 102
split_gain=46277.4 8578.83 6967.76 4979.3 3571.21
threshold=3.5000000000000004 33.95000000000001 -0.0066666666666666393 6.7750000000000012 42.850000000000001
decision_type=2 2 2 2 2
left_child=-1 -2 4 -4 -3
right_child=1 2 3 -5 -6
leaf_value=1.7366153677099758 0.5185230248811229 -0.82196600793367358 -0.85123400427647755 0.43293070978676251 -1.7671125744518479
leaf_weight=29 14.999999999999998 25 15.000000000000002 14.999999999999998 17
leaf_count=29 15 25 15 15 17
internal_value=0.0102916 -0.566425 -0.792931 -0.20968 -1.20793
internal_weight=116 87 72 30 42
internal_count=116 87 72 30 42
is_linear=0
shrinkage=0.05


Tree=43
num_leaves=6
num_cat=0
split_feature=37 41 59 84 93
split_gain=57578 9593.2 6159.97 4152.58 1452.23
threshold=-1.7416666666666669 -0.43916666666666643 35.95000000000001 -1.0000000180025095e-35 40.900000000000006
decision_type=2 2 2 2 2
left_child=-1 -2 3 4 -3
right_child=1 2 -4 -5 -6
leaf_value=2.742547367266472 0.43270346325729525 -1.1265231276085363 -1.4459356894438296 0.13778145382975973 -0.48677986847308791
leaf_weight=14.999999999999998 19 18 26 17 18
leaf_count=15 19 18 26 17 18
internal_value=-0.131755 -0.574098 -0.816544 -0.50555 -0.809024
internal_weight=113 98 79 53 36
internal_count=113 98 79 53 36
is_linear=0
shrinkage=0.05


Tree=44
num_leaves=5
num_cat=0
split_feature=45 30 59 26
split_gain=36458 14118.6 7088.8 6666.07
threshold=0.0049999999999999914 4.5000000000000009 35.350000000000001 38.45000000000001
decision_type=2 2 2 2
left_child=1 2 3 -1
right_child=-2 -3 -4 -5
leaf_value=-0.8088877918535492 1.6062595632682553 0.7440704986378921 -1.3570944941740266 0.50238919897584733
leaf_weight=27 29 20 29 14.999999999999998
leaf_count=27 29 20 29 15
internal_value=0.0655432 -0.426624 -0.75705 -0.340375
internal_weight=120 91 71 42
internal_count=120 91 71 42
is_linear=0
shrinkage=0.05


Tree=45
num_leaves=6
num_cat=0
split_feature=45 117 70 24 97
split_gain=30946.9 16217.1 5412.25 3263.46 1796.2
threshold=0.0049999999999999914 -1.0124999999999997 0.0091666666666658809 52.250000000000007 5.2900000000000009
decision_type=2 2 2 2 2
left_child=1 -1 4 -4 -3
right_child=-2 2 3 -5 -6
leaf_value=0.91966489770794435 1.4846997646531699 -0.8716113890179934 -0.75858210989491859 0.21464250032475457 -1.6448405164756523
leaf_weight=18 29 16.000000000000004 20 14.999999999999998 14.999999999999998
leaf_count=18 29 16 20 15 15
internal_value=0.0793038 -0.407021 -0.769765 -0.34192 -1.25
internal_weight=113 84 66 35 31
internal_count=113 84 66 35 31
is_linear=0
shrinkage=0.05


Tree=46
num_leaves=7
num_cat=0
split_feature=38 119 83 97 3 55
split_gain=29797.3 63827.8 9105.51 3119.18 2709.26 1425.86
threshold=3.5000000000000004 -0.016666666666666604 3.5000000000000004 5.2900000000000009 3.5000000000000004 4.7900000000000009
decision_type=2 2 2 2 2 2
left_child=1 -1 3 5 -5 -2
right_child=2 -3 -4 4 -6 -7
leaf_value=-0.86546394811809391 -0.90971089640989966 3.5388401159387559 0.18811578346913554 -1.6879181635313927 -0.76924398648028358 -0.21897219948421254
leaf_weight=18 15.000000000000002 14.999999999999998 25 18 14.999999999999998 14.999999999999998
leaf_count=18 15 15 25 18 15 15
internal_value=-0.138123 1.14098 -0.618596 -0.93859 -1.27408 -0.566383
internal_weight=121 33 88 63 33 30
internal_count=121 33 88 63 33 30
is_linear=0
shrinkage=0.05


Tree=47
num_leaves=6
num_cat=0
split_feature=45 97 84 56 52
split_gain=33124.7 11196.1 11597.6 7552.77 4049.78
threshold=0.0049999999999999914 5.4850000000000003 0.0074999999999999798 31.550000000000004 5.8450000000000006
decision_type=2 2 2 2 2
left_child=1 2 4 -3 -1
right_child=-2 3 -4 -5 -6
leaf_value=-1.1622731667868098 1.5040332671021184 -2.0618999190677867 1.0087520202000935 -0.49820447752934804 -0.096046612393203654
leaf_weight=15.999999999999998 27 15.000000000000002 17 15.999999999999998 20
leaf_count=16 27 15 17 16 20
internal_value=-0.0161562 -0.506055 -0.0639073 -1.25919 -0.57197
internal_weight=111 84 53 31 36
internal_count=111 84 53 31 36
is_linear=0
shrinkage=0.05


Tree=48
num_leaves=7
num_cat=0
split_feature=17 98 72 13 117 14
split_gain=26836.3 16901.9 22421.1 8895.78 4427.58 3612.34
threshold=23.700000000000003 34.050000000000004 0.15249999999999989 5.2800000000000002 0.71250000000000002 47.100000000000001
decision_type=2 2 2 2 2 2
left_child=-1 2 -2 -3 -4 -5
right_child=1 3 4 5 -6 -7
leaf_value=1.5080943518386773 1.7376129179582958 -2.0439353291956794 0.062449134358708136 -0.0012992076526414482 -1.1305751923693728 -1.0269969776495178
leaf_weight=23 17 14.999999999999998 16.000000000000004 14.999999999999998 14.999999999999998 20
leaf_count=23 17 15 16 15 15 20
internal_value=-0.0251179 -0.386175 0.28372 -1.02866 -0.516439 -0.588811
internal_weight=121 98 48 50 31 35
internal_count=121 98 48 50 31 35
is_linear=0
shrinkage=0.05


Tree=49
num_leaves=5
num_cat=0
split_feature=99 102 70 23
split_gain=30239 36994.1 9392.34 9340.59
threshold=54.050000000000004 47.000000000000007 -0.0074999999999998393 75.350000000000009
decision_type=2 2 2 2
left_child=1 2 -1 -2
right_child=3 -3 -4 -5
leaf_value=-1.1356276301128603 -2.1410713995314392 2.2534168463102811 0.25014719156055515 -0.62523075013139129
leaf_weight=21 19 19 29 22
leaf_count=21 19 19 29 22
internal_value=-0.257532 0.381444 -0.332883 -1.33132
internal_weight=110 69 50 41
internal_count=110 69 50 41
is_linear=0
shrinkage=0.05


Tree=50
num_leaves=7
num_cat=0
split_feature=17 102 23 6 99 63
split_gain=33354.2 79971.1 17692.2 23190 8516.88 3429.54
threshold=28.650000000000002 43.850000000000009 75.350000000000009 3.5000000000000004 54.050000000000004 45.850000000000009
decision_type=2 2 2 2 2 2
left_child=1 -1 4 5 -2 -4
right_child=2 -3 3 -5 -6 -7
leaf_value=-1.125088509423843 -0.61139305716726033 4.0233550494869821 -0.034523138423629161 1.7891397662510145 -2.1035357857308195 -1.0709653690021637
leaf_weight=15.000000000000002 22 14.999999999999998 14.999999999999998 14.999999999999998 17 17
leaf_count=15 22 15 15 15 17 17
internal_value=0.0210403 1.45378 -0.479803 0.173486 -1.26566 -0.58691
internal_weight=116 30 86 47 39 32
internal_count=116 30 86 47 39 32
is_linear=0
shrinkage=0.05


Tree=51
num_leaves=6
num_cat=0
split_feature=37 50 70 72 3
split_gain=17952.6 7571.78 4186.77 4577.08 3930.61
threshold=-1.7416666666666669 47.750000000000007 0.0091666666666658809 0.38083333333333341 3.5000000000000004
decision_type=2 2 2 2 2
left_child=-1 2 4 -4 -2
right_child=1 -3 3 -5 -6
leaf_value=1.3864314710857064 -1.5371235022994236 0.56526447021408588 0.24645947859951511 -0.79643433644221373 -0.55220676040217886
leaf_weight=14.999999999999998 19 14.999999999999998 20 22 22
leaf_count=15 19 15 20 22 22
internal_value=-0.218697 -0.465593 -0.652409 -0.300294 -1.01138
internal_weight=113 98 83 42 41
internal_count=113 98 83 42 41
is_linear=0
shrinkage=0.05


Tree=52
num_leaves=5
num_cat=0
split_feature=95 114 84 56
split_gain=30891.4 25387.2 7808.97 6249.45
threshold=26.600000000000005 2.5000000000000004 0.0050000000000000192 32.70000000000001
decision_type=2 2 2 2
left_child=-1 -2 3 -3
right_child=1 2 -4 -5
leaf_value=1.7166405062654833 1.0383658144815984 -1.010272712156592 -1.6206075628786853 0.12999361629609937
leaf_weight=23 25 25 21 23
leaf_count=23 25 25 21 23
internal_value=0.0782883 -0.32393 -0.818376 -0.464657
internal_weight=117 94 69 48
internal_count=117 94 69 48
is_linear=0
shrinkage=0.05


Tree=53
num_leaves=7
num_cat=0
split_feature=33 72 49 39 27 33
split_gain=32224 25861.4 9368.03 4984.29 1697.4 929.515
threshold=-0.021666666666666941 -0.3725 6.3400000000000007 0.73416666666666697 15.900000000000002 0.99750000000000016
decision_type=2 2 2 2 2 2
left_child=-1 -2 3 -3 -5 -6
right_child=1 2 -4 4 5 -7
leaf_value=1.9648680703178123 1.6274871665120914 -1.5074654911366683 0.50973839720353398 -0.17930907035431665 -1.068007416495625 -0.5134896924953587
leaf_weight=19 14.999999999999998 21 14.999999999999998 17 16.000000000000004 14.999999999999998
leaf_count=19 15 21 15 17 16 15
internal_value=0.0844095 -0.278055 -0.61992 -0.865953 -0.582636 -0.802367
internal_weight=118 99 84 69 48 31
internal_count=118 99 84 69 48 31
is_linear=0
shrinkage=0.05


Tree=54
num_leaves=6
num_cat=0
split_feature=113 88 96 93 32
split_gain=27557.7 65427 13073.4 9704.73 8199.7
threshold=2.1916666666666669 5.1900000000000004 51.300000000000004 60.100000000000009 4.5000000000000009
decision_type=2 2 2 2 2
left_child=1 2 -1 4 -2
right_child=3 -3 -4 -5 -6
leaf_value=0.53072084833436939 -2.2386999837610104 3.401990442431492 -1.2729147047545779 -0.066687545025966077 -0.70532624337345495
leaf_weight=20 14.999999999999998 15.999999999999998 20 25 21
leaf_count=20 15 16 20 25 21
internal_value=-0.0897665 0.710409 -0.371898 -0.824396 -1.3488
internal_weight=117 56 40 61 36
internal_count=117 56 40 61 36
is_linear=0
shrinkage=0.05


Tree=55
num_leaves=7
num_cat=0
split_feature=105 65 69 37 48 21
split_gain=23906.2 22633.1 27073.3 5133.66 2893.63 2097.7
threshold=29.300000000000004 22.450000000000003 3.5000000000000004 4.1000000000000059 6.8150000000000004 50.550000000000004
decision_type=2 2 2 2 2 2
left_child=1 2 -1 -3 5 -5
right_child=-2 3 -4 4 -6 -7
leaf_value=-0.63956401819333975 1.5064468471924839 -1.6832139903714198 2.1000996998701877 -0.51725417208253288 -0.071105181460348985 -1.3194014560361826
leaf_weight=19 21 15.999999999999998 17 17 14.999999999999998 15.999999999999998
leaf_count=19 21 16 17 17 15 16
internal_value=-0.0230288 -0.345453 0.656261 -0.90914 -0.648048 -0.909136
internal_weight=121 100 36 64 48 33
internal_count=121 100 36 64 48 33
is_linear=0
shrinkage=0.05


Tree=56
num_leaves=6
num_cat=0
split_feature=31 113 35 0 121
split_gain=36160.9 45866.9 8271.45 3189.64 2356.41
threshold=0.0016666666666664833 2.1916666666666669 2.2583333333333333 2885.5000000000005 1.0000000180025095e-35
decision_type=2 2 2 2 2
left_child=2 -2 -1 4 -4
right_child=1 -3 3 -5 -6
leaf_value=-1.945993952088009 2.2284901308823666 -0.88138951006658817 -0.82284867030493203 -1.1715963015898814 -0.026441446850202745
leaf_weight=14.999999999999998 27 21 15.999999999999998 18 22
leaf_count=15 27 21 16 18 22
internal_value=-0.190116 0.86881 -0.906296 -0.624744 -0.363182
internal_weight=119 48 71 56 38
internal_count=119 48 71 56 38
is_linear=0
shrinkage=0.05


Tree=57
num_leaves=6
num_cat=0
split_feature=38 119 83 107 3
split_gain=33320.4 38094.9 7661.45 2541 2592.57
threshold=3.5000000000000004 -1.0000000180025095e-35 3.5000000000000004 52.500000000000007 3.5000000000000004
decision_type=2 2 2 2 2
left_child=1 -1 3 -2 -5
right_child=2 -3 -4 4 -6
leaf_value=-0.29453374406565791 -0.36089107803960063 3.1484765744357373 0.25504751936229253 -1.5376901615534397 -0.67181216856879633
leaf_weight=15.999999999999998 23 15.999999999999998 26 14.999999999999998 21
leaf_count=16 23 16 26 15 21
internal_value=0.0585762 1.43126 -0.459215 -0.773958 -1.03599
internal_weight=117 32 85 59 36
internal_count=117 32 85 59 36
is_linear=0
shrinkage=0.05


Tree=58
num_leaves=5
num_cat=0
split_feature=95 23 9 28
split_gain=28483.1 11459.5 7834.82 7029.79
threshold=26.600000000000005 74.050000000000011 6.8250000000000011 14.250000000000002
decision_type=2 2 2 2
left_child=-1 -2 3 -3
right_child=1 2 -4 -5
leaf_value=1.4998586526680819 -1.3526713745804124 -0.94958875078807847 0.84764393028450302 0.40647008944031421
leaf_weight=23 26 26 15.999999999999998 14.999999999999998
leaf_count=23 26 26 16 15
internal_value=-0.053228 -0.484949 -0.0873818 -0.453566
internal_weight=106 83 57 41
internal_count=106 83 57 41
is_linear=0
shrinkage=0.05


Tree=59
num_leaves=6
num_cat=0
split_feature=25 120 36 106 102
split_gain=27561 29599.7 13135.7 6418.19 4930.66
threshold=22.450000000000003 1.5000000000000002 3.5000000000000004 8.5000000000000018 39.45000000000001
decision_type=2 2 2 2 2
left_child=-1 -2 -3 4 -4
right_child=1 2 3 -5 -6
leaf_value=2.0842358989826102 1.377593162662281 -1.9818739066850271 -0.30246098985499392 0.21032873240533154 -1.4779466296663348
leaf_weight=14.999999999999998 23 14.999999999999998 22 29 14.999999999999998
leaf_count=15 23 15 22 29 15
internal_value=0.0880122 -0.201582 -0.651197 -0.346155 -0.781843
internal_weight=119 104 81 66 37
internal_count=119 104 81 66 37
is_linear=0
shrinkage=0.05


Tree=60
num_leaves=7
num_cat=0
split_feature=17 102 99 76 70 0
split_gain=24055.6 58517.3 13050.5 14502.6 5777.81 4178.21
threshold=28.650000000000002 43.850000000000009 54.050000000000004 3.0666666666666633 1.0000000180025095e-35 2156.5000000000005
decision_type=2 2 2 2 2 2
left_child=1 -1 3 -2 -4 -5
right_child=2 -3 4 5 -6 -7
leaf_value=-0.72492623928502109 1.3023314396540322 3.4924996464457738 -1.7987277504993457 -0.97246679154990234 -0.49252827446363123 0.14145395818925063
leaf_weight=18 17 14.999999999999998 17 19 17 14.999999999999998
leaf_count=18 17 15 17 19 17 15
internal_value=0.0529789 1.19669 -0.391877 0.114123 -1.14913 -0.481911
internal_weight=118 33 85 51 34 34
internal_count=118 33 85 51 34 34
is_linear=0
shrinkage=0.05


Tree=61
num_leaves=7
num_cat=0
split_feature=17 102 99 72 26 56
split_gain=21240 51352 15252.9 15288.3 5124.85 3148.66
threshold=28.650000000000002 43.850000000000009 54.050000000000004 0.15249999999999989 38.45000000000001 34.20000000000001
decision_type=2 2 2 2 2 2
left_child=1 -1 3 -2 -4 -5
right_child=2 -3 4 5 -6 -7
leaf_value=-0.81995823324075223 1.3589145799826459 3.1163534300667894 -1.8794642180389496 -0.89884132933242145 -0.62847354195968452 0.068379923681549673
leaf_weight=17 17 15.999999999999998 15.999999999999998 19 17 14.999999999999998
leaf_count=17 17 16 16 19 17 15
internal_value=0.0191105 1.09205 -0.403141 0.138984 -1.23901 -0.47303
internal_weight=117 33 84 51 33 34
internal_count=117 33 84 51 33 34
is_linear=0
shrinkage=0.05


Tree=62
num_leaves=6
num_cat=0
split_feature=63 28 35 64 66
split_gain=21361.2 22844.1 9992.05 6642.51 4716.75
threshold=30.600000000000005 18.500000000000004 1.0000000180025095e-35 32.550000000000004 24.500000000000004
decision_type=2 2 2 2 2
left_child=-1 2 -2 -4 -5
right_child=1 -3 3 4 -6
leaf_value=1.3910723426897602 -1.7663828639035726 1.0858872186813959 0.34588838846895709 -1.3262716431522843 -0.22571075592989698
leaf_weight=22 18 22 19 20 19
leaf_count=22 18 22 19 20 19
internal_value=-0.0132256 -0.329624 -0.740331 -0.419323 -0.792177
internal_weight=120 98 76 58 39
internal_count=120 98 76 58 39
is_linear=0
shrinkage=0.05


Tree=63
num_leaves=7
num_cat=0
split_feature=102 12 26 13 28 84
split_gain=25154.6 42909.6 9736.6 4057.59 2556.73 1490.48
threshold=43.850000000000009 56.45000000000001 33.95000000000001 5.1350000000000007 11.750000000000002 -0.0016666666666666633
decision_type=2 2 2 2 2 2
left_child=3 -2 -3 -1 5 -5
right_child=1 2 -4 4 -6 -7
leaf_value=-1.4009930010662963 2.766557942174416 -1.1778701041313198 0.45490506722297508 -0.52123464938031128 -0.90005328456560774 0.1814000440058329
leaf_weight=14.999999999999998 18 14.999999999999998 23 15 20 15
leaf_count=15 18 15 23 15 20 15
internal_value=-0.0130504 0.762873 -0.19088 -0.68176 -0.463524 -0.170316
internal_weight=121 56 38 65 50 30
internal_count=121 56 38 65 50 30
is_linear=0
shrinkage=0.05


Tree=64
num_leaves=6
num_cat=0
split_feature=31 38 117 59 37
split_gain=18327.8 38036.6 11049.4 5955.36 2793.07
threshold=-0.0074999999999989511 3.5000000000000004 -0.30833333333333396 33.20000000000001 11.333333333333337
decision_type=2 2 2 2 2
left_child=3 -2 -3 -1 -5
right_child=1 2 -4 4 -6
leaf_value=-0.080528604195699655 2.4962515366639142 0.86937078304172288 -0.7734700462466032 -1.5665135147555771 -0.5960342541435697
leaf_weight=29 19 15.999999999999998 28 15.000000000000002 14.999999999999998
leaf_count=29 19 16 28 15 15
internal_value=0.0403596 0.632976 -0.175343 -0.592349 -1.08503
internal_weight=122 63 44 59 30
internal_count=122 63 44 59 30
is_linear=0
shrinkage=0.05


Tree=65
num_leaves=7
num_cat=0
split_feature=76 38 119 38 66 115
split_gain=21919.2 41288.2 9714.51 4929.24 4398.16 1248.4
threshold=6.3750000000000009 4.5000000000000009 0.52749999999999997 3.5000000000000004 17.900000000000002 4.9916666666666716
decision_type=2 2 2 2 2 2
left_child=1 -1 3 -2 -3 -5
right_child=2 4 -4 5 -6 -7
leaf_value=2.6100469313747254 -1.6702740252412707 0.28769947422143505 0.53368465787922315 -0.25486209200035703 -0.84845707994070096 -0.89152911638976728
leaf_weight=20 14.999999999999998 18 14.999999999999998 16.000000000000004 15.999999999999998 14.999999999999998
leaf_count=20 15 18 15 16 16 15
internal_value=0.0805497 0.813478 -0.568459 -0.928341 -0.247736 -0.564964
internal_weight=115 54 61 46 34 31
internal_count=115 54 61 46 34 31
is_linear=0
shrinkage=0.05


Tree=66
num_leaves=6
num_cat=0
split_feature=17 121 23 111 102
split_gain=20921 17616.8 10116.3 9006.07 7476.69
threshold=23.700000000000003 -0.56916666666666671 75.350000000000009 -0.084166666666666487 37.650000000000006
decision_type=2 2 2 2 2
left_child=-1 -2 4 -4 -3
right_child=1 2 3 -5 -6
leaf_value=1.5563696006637306 1.3041630480600439 -0.52014457734910802 0.74902928982865746 -0.62860313519196254 -1.982871056866172
leaf_weight=20 15.999999999999998 21 21 27 14.999999999999998
leaf_count=20 16 21 21 27 15
internal_value=0.0843299 -0.211289 -0.501213 -0.0254808 -1.13356
internal_weight=120 100 84 48 36
internal_count=120 100 84 48 36
is_linear=0
shrinkage=0.05


Tree=67
num_leaves=6
num_cat=0
split_feature=17 99 84 23 74
split_gain=15128.5 11210.5 11087.8 8321.55 1271.14
threshold=28.650000000000002 54.050000000000004 0.0033333333333333414 75.350000000000009 9.9166666666666696
decision_type=2 2 2 2 2
left_child=-1 2 4 -3 -2
right_child=1 3 -4 -5 -6
leaf_value=0.99189056793029362 -0.68026216178309196 -1.9009230102134858 1.1409967627973188 -0.34341344836339432 -0.057022457367537041
leaf_weight=29 18 14.999999999999998 18 20 14.999999999999998
leaf_count=29 18 15 18 20 15
internal_value=0.00626173 -0.326809 0.14615 -1.01457 -0.398151
internal_weight=115 86 51 35 33
internal_count=115 86 51 35 33
is_linear=0
shrinkage=0.05


Tree=68
num_leaves=7
num_cat=0
split_feature=0 102 1 12 121 73
split_gain=17431 27647.8 22536.2 7373.62 3216.9 3027.82
threshold=2674.0000000000005 57.400000000000013 2.5000000000000004 52.400000000000013 0.041666666666666081 4.5000000000000009
decision_type=2 2 2 2 2 2
left_child=1 2 3 -1 -2 -5
right_child=4 -3 -4 5 -6 -7
leaf_value=-1.5830388871249774 -0.41465656520184418 2.2403199728971681 1.294191386377642 0.27531369877177364 -1.3151959239747992 -0.69648007105665599
leaf_weight=14.999999999999998 19 15.999999999999998 21 14.999999999999998 21 17
leaf_count=15 19 16 21 15 21 17
internal_value=-0.0318327 0.377172 -0.0637889 -0.672112 -0.889665 -0.241357
internal_weight=124 84 68 47 40 32
internal_count=124 84 68 47 40 32
is_linear=0
shrinkage=0.05


Tree=69
num_leaves=6
num_cat=0
split_feature=102 30 35 4 120
split_gain=17530.2 8857 9136.64 2957.09 2260.76
threshold=57.400000000000013 4.5000000000000009 1.0000000180025095e-35 6.5000000000000009 3.5000000000000004
decision_type=2 2 2 2 2
left_child=1 2 -1 4 -4
right_child=-2 -3 3 -5 -6
leaf_value=-1.7063898847592587 1.2195692726786103 0.60039582714360418 -0.87824030182173629 0.24878625824399614 -0.19821924249014533
leaf_weight=14.999999999999998 21 19 24 15.999999999999998 25
leaf_count=15 21 19 24 16 25
internal_value=-0.0890629 -0.367652 -0.598089 -0.340022 -0.532503
internal_weight=120 99 80 65 49
internal_count=120 99 80 65 49
is_linear=0
shrinkage=0.05


Tree=70
num_leaves=7
num_cat=0
split_feature=39 20 12 24 0 121
split_gain=14655 12481.6 7735.55 7503.76 2647.94 2012.48
threshold=-0.055833333333333617 27.850000000000005 49.45000000000001 35.150000000000006 2921.0000000000005 1.0000000180025095e-35
decision_type=2 2 2 2 2 2
left_child=-1 -2 -3 -4 5 -5
right_child=1 2 3 4 -6 -7
leaf_value=1.0477320325322996 0.73688295672855109 -1.649877125932681 0.58600543950567185 -0.80403117570429206 -1.2146541551033161 -0.045841766754437609
leaf_weight=23 21 14.999999999999998 14.999999999999998 18 15.999999999999998 17
leaf_count=23 21 15 15 18 16 17
internal_value=-0.0895796 -0.346856 -0.628449 -0.394086 -0.683029 -0.43709
internal_weight=125 102 81 66 51 35
internal_count=125 102 81 66 51 35
is_linear=0
shrinkage=0.05


Tree=71
num_leaves=7
num_cat=0
split_feature=32 78 23 64 54 102
split_gain=15613.9 33281.7 4716.16 3195.97 3168.37 2530.75
threshold=3.5000000000000004 0.59833333333333372 88.550000000000026 46.650000000000013 39.750000000000007 43.850000000000009
decision_type=2 2 2 2 2 2
left_child=1 -1 3 4 -2 -6
right_child=2 -3 -4 -5 5 -7
leaf_value=2.6466209987930904 -0.13361938295897488 -0.53397271356529952 0.39063112523123533 0.043303880803492845 -0.62047018298196566 -1.4513994504205927
leaf_weight=14.999999999999998 15.999999999999998 18 17 18 22 15.999999999999998
leaf_count=15 16 18 17 18 22 16
internal_value=-0.0120273 0.915229 -0.356539 -0.53332 -0.725346 -0.973358
internal_weight=122 33 89 72 54 38
internal_count=122 33 89 72 54 38
is_linear=0
shrinkage=0.05


Tree=72
num_leaves=6
num_cat=0
split_feature=39 43 13 24 70
split_gain=15355.1 17950.1 7260.77 5342.59 3059.2
threshold=-0.055833333333333617 -0.55583333333333262 5.1800000000000006 35.150000000000006 -1.0000000180025095e-35
decision_type=2 2 2 2 2
left_child=-1 -2 -3 -4 -5
right_child=1 2 3 4 -6
leaf_value=1.3112005876664499 1.3802875766690994 -1.4474358798184008 0.47059428138627529 -0.92053289593037868 -0.13009055121434673
leaf_weight=20 14.999999999999998 15.999999999999998 18 24.999999999999996 24.000000000000004
leaf_count=20 15 16 18 25 24
internal_value=0.0522096 -0.205751 -0.493761 -0.264125 -0.534533
internal_weight=118 98 83 67 49
internal_count=118 98 83 67 49
is_linear=0
shrinkage=0.05


Tree=73
num_leaves=6
num_cat=0
split_feature=113 90 35 21 65
split_gain=19840.7 42004.2 10970.8 10116.5 7345.92
threshold=2.1916666666666669 50.250000000000007 -0.23333333333333603 48.000000000000007 23.100000000000005
decision_type=2 2 2 2 2
left_child=1 3 -2 -1 -4
right_child=2 -3 4 -5 -6
leaf_value=0.79509798825181877 -1.7254246379896909 2.9049691661304196 0.66196309442551726 -0.86924819027706646 -0.71432157310612521
leaf_weight=14.999999999999998 17 14.999999999999998 14.999999999999998 23 27
leaf_count=15 17 15 15 23 27
internal_value=-0.0273939 0.674037 -0.657652 -0.211776 -0.222268
internal_weight=112 53 59 38 42
internal_count=112 53 59 38 42
is_linear=0
shrinkage=0.05


Tree=74
num_leaves=6
num_cat=0
split_feature=25 120 36 106 102
split_gain=21597.6 13162 10348.4 5859.85 3427.79
threshold=22.450000000000003 1.5000000000000002 3.5000000000000004 8.5000000000000018 41.000000000000007
decision_type=2 2 2 2 2
left_child=-1 -2 -3 4 -4
right_child=1 2 3 -5 -6
leaf_value=1.7531104145855303 0.7854994105054186 -1.7024207171446049 -0.30539793787580549 0.26043930913842023 -1.2772347904199006
leaf_weight=14.999999999999998 23 15.999999999999998 23 28 14.999999999999998
leaf_count=15 23 16 23 28 15
internal_value=-0.0150671 -0.269139 -0.56561 -0.287785 -0.691494
internal_weight=120 105 82 66 38
internal_count=120 105 82 66 38
is_linear=0
shrinkage=0.05


Tree=75
num_leaves=7
num_cat=0
split_feature=37 76 11 38 65 16
split_gain=20530.1 14064.8 5094.7 3839.24 2286.68 1612.72
threshold=-1.7416666666666669 -4.1749999999999963 49.100000000000009 3.5000000000000004 22.450000000000003 5.3450000000000006
decision_type=2 2 2 2 2 2
left_child=-1 -2 3 -3 -5 -6
right_child=1 2 -4 4 5 -7
leaf_value=1.8067246696017436 1.1829549493256561 -1.2943556350210439 0.37062858543040589 0.066412927881318917 -0.96838821666675379 -0.28729238906189014
leaf_weight=14.999999999999998 15.999999999999998 15.999999999999998 15.999999999999998 17 18 17
leaf_count=15 16 16 16 17 18 17
internal_value=0.0881863 -0.171092 -0.430165 -0.618928 -0.408923 -0.639474
internal_weight=115 100 84 68 52 35
internal_count=115 100 84 68 52 35
is_linear=0
shrinkage=0.05


Tree=76
num_leaves=7
num_cat=0
split_feature=16 13 111 27 37 104
split_gain=10377 9600.92 8919.74 1863.75 1396.9 985.62
threshold=4.1000000000000005 4.8400000000000007 -0.41999999999999899 15.900000000000002 11.333333333333337 39.550000000000004
decision_type=2 2 2 2 2 2
left_child=-1 -2 -3 -4 5 -5
right_child=1 2 3 4 -6 -7
leaf_value=0.99995860485051635 -1.4160085172475319 0.88511848272003724 0.073395849636058927 -1.0456808187946769 -0.25537580198797832 -0.48501490600731056
leaf_weight=14.999999999999998 19 15.999999999999998 14.999999999999998 15.999999999999998 23 15.999999999999998
leaf_count=15 19 16 15 16 23 16
internal_value=-0.225904 -0.40186 -0.176361 -0.419973 -0.554508 -0.767888
internal_weight=120 105 86 70 55 32
internal_count=120 105 86 70 55 32
is_linear=0
shrinkage=0.05


Tree=77
num_leaves=5
num_cat=0
split_feature=10 120 102 107
split_gain=20741.5 5944.36 3718.61 3181.09
threshold=5.1050000000000013 1.5000000000000002 54.150000000000006 53.500000000000007
decision_type=2 2 2 2
left_child=-1 -2 3 -3
right_child=1 2 -4 -5
leaf_value=1.3246549294764303 0.43755431161107605 0.044185909352351706 -1.1375363660780764 -0.74197181303263737
leaf_weight=25 21 29 18 23
leaf_count=25 21 29 18 23
internal_value=0.0520076 -0.298636 -0.519874 -0.304198
internal_weight=116 91 70 52
internal_count=116 91 70 52
is_linear=0
shrinkage=0.05


Tree=78
num_leaves=8
num_cat=0
split_feature=25 99 37 83 25 25 9
split_gain=18871.7 16983.9 9100.54 6373.56 2290.9 1955.69 1469.82
threshold=22.450000000000003 40.100000000000009 -1.0000000180025095e-35 4.5000000000000009 42.550000000000004 53.45000000000001 6.7750000000000012
decision_type=2 2 2 2 2 2 2
left_child=-1 -2 -3 4 6 -6 -4
right_child=1 2 3 -5 5 -7 -8
leaf_value=1.6274288263936705 1.2892487803831796 -1.6429893588388205 -0.56533194069830783 0.62203817462289579 -1.2382313894120269 -0.42712073105060511 0.13254396003603147
leaf_weight=14.999999999999998 14.999999999999998 14.999999999999998 15.000000000000002 14.999999999999998 15.000000000000002 14.999999999999998 14.999999999999998
leaf_count=15 15 15 15 15 15 15 15
internal_value=-0.0254075 -0.262898 -0.522789 -0.296793 -0.527237 -0.835609 -0.216947
internal_weight=120 105 90 75 60 30 30
internal_count=120 105 90 75 60 30 30
is_linear=0
shrinkage=0.05


Tree=79
num_leaves=7
num_cat=0
split_feature=60 78 52 33 14 72
split_gain=13741.9 59807.2 14133.9 8334.87 5434.82 1736.04
threshold=47.350000000000001 0.28833333333333361 6.8750000000000009 0.1616666666666671 35.250000000000007 0.032500000000000202
decision_type=2 2 2 2 2 2
left_child=1 -1 3 -2 -5 -6
right_child=2 -3 -4 4 5 -7
leaf_value=3.2475212011412284 -1.7457296339881343 -0.65468309760305798 0.98243957094798806 0.35442317205926649 -1.1619735404355636 -0.43920509047533207
leaf_weight=14.999999999999998 14.999999999999998 28 14.999999999999998 15.999999999999998 14.999999999999998 19
leaf_count=15 15 28 15 16 15 19
internal_value=-0.00904232 0.710811 -0.396431 -0.715728 -0.403761 -0.760693
internal_weight=123 43 80 65 50 34
internal_count=123 43 80 65 50 34
is_linear=0
shrinkage=0.05


Tree=80
num_leaves=6
num_cat=0
split_feature=105 74 37 29 28
split_gain=12617.2 11492.3 3965.16 1913.86 1344.26
threshold=29.300000000000004 -4.0166666666666684 2.183333333333334 52.500000000000007 9.3000000000000025
decision_type=2 2 2 2 2
left_child=1 -1 -3 -4 -5
right_child=-2 2 3 4 -6
leaf_value=0.93617790767688625 0.97320480320876812 -1.2984174668394177 -0.78914649543039039 -0.460486149688974 0.09345335426615245
leaf_weight=14.999999999999998 23 14.999999999999998 21 24 20
leaf_count=15 23 15 21 24 20
internal_value=-0.0749711 -0.329549 -0.567808 -0.397393 -0.208941
internal_weight=118 95 80 65 44
internal_count=118 95 80 65 44
is_linear=0
shrinkage=0.05


Tree=81
num_leaves=6
num_cat=0
split_feature=45 53 0 12 52
split_gain=14746.9 6850.54 3739.58 2889.65 3695.04
threshold=0.0049999999999999914 54.150000000000006 2921.0000000000005 57.650000000000013 5.1300000000000008
decision_type=2 2 2 2 2
left_child=1 2 3 -1 -5
right_child=-2 -3 -4 4 -6
leaf_value=-0.7703911693932497 1.0591471650943545 0.68315801841533741 -1.134414391367756 0.57985529370655298 -0.4794478927528002
leaf_weight=19 27 14.999999999999998 17 14.999999999999998 18
leaf_count=19 27 15 17 15 18
internal_value=0.0448103 -0.282039 -0.492622 -0.280934 0.00219964
internal_weight=111 84 69 52 33
internal_count=111 84 69 52 33
is_linear=0
shrinkage=0.05


Tree=82
num_leaves=6
num_cat=0
split_feature=32 60 0 74 15
split_gain=15203.1 28157.7 5112.65 5879.67 2839.89
threshold=3.5000000000000004 49.000000000000007 2772.0000000000005 -1.1833333333333298 61.350000000000001
decision_type=2 2 2 2 2
left_child=1 -1 3 -2 -5
right_child=2 -3 -4 4 -6
leaf_value=2.5407449943340374 0.81687457364126548 -0.46682709610980488 -0.8651239524633243 -0.69625643011939964 0.079968024693526221
leaf_weight=15.000000000000002 14.999999999999998 15.999999999999998 27 24 23
leaf_count=15 15 16 27 24 23
internal_value=0.0399814 0.991779 -0.292229 -0.0416701 -0.316932
internal_weight=120 31 89 62 47
internal_count=120 31 89 62 47
is_linear=0
shrinkage=0.05


Tree=83
num_leaves=6
num_cat=0
split_feature=25 120 36 83 100
split_gain=13519.1 13162.4 8425.62 3472.66 1609.33
threshold=22.450000000000003 1.5000000000000002 3.5000000000000004 3.5000000000000004 0.16500000000000004
decision_type=2 2 2 2 2
left_child=-1 -2 -3 4 -4
right_child=1 2 3 -5 -6
leaf_value=1.4162760290878498 0.89624919683685134 -1.5044563283831436 -0.73778957628115571 0.36284730981068058 -0.15193485315743982
leaf_weight=14.999999999999998 22 15.999999999999998 24 18 23
leaf_count=15 22 16 24 18 23
internal_value=0.0189944 -0.185621 -0.480267 -0.226158 -0.452132
internal_weight=118 103 81 65 47
internal_count=118 103 81 65 47
is_linear=0
shrinkage=0.05


Tree=84
num_leaves=6
num_cat=0
split_feature=23 45 21 98 48
split_gain=10129.1 24998 9865.31 4049.81 3323.65
threshold=65.250000000000014 0.0049999999999999914 43.350000000000009 34.050000000000004 6.8050000000000006
decision_type=2 2 2 2 2
left_child=-1 2 -2 4 -4
right_child=1 -3 3 -5 -6
leaf_value=-0.97430572317934583 0.744052723033652 1.8064085183222649 -0.71314221949953782 -1.1062369161353998 0.30498622262122621
leaf_weight=26 18 18 17 23 14.999999999999998
leaf_count=26 18 18 17 23 15
internal_value=-0.105931 0.142918 -0.269099 -0.601516 -0.236275
internal_weight=117 91 73 55 32
internal_count=117 91 73 55 32
is_linear=0
shrinkage=0.05


Tree=85
num_leaves=7
num_cat=0
split_feature=17 102 23 6 60 48
split_gain=17359.5 36390.3 8019.94 5938.58 4505.18 952.517
threshold=28.650000000000002 43.850000000000009 75.350000000000009 3.5000000000000004 49.000000000000007 6.7750000000000012
decision_type=2 2 2 2 2 2
left_child=1 -1 4 5 -2 -4
right_child=2 -3 3 -5 -6 -7
leaf_value=-0.67300790111470654 -0.41601552304936879 2.7455729631793422 -0.67076562500947368 0.75097710921619465 -1.5081535634414927 -0.12373446283633248
leaf_weight=16.000000000000004 20 14.999999999999998 14.999999999999998 18 18 17
leaf_count=16 20 15 15 18 18 17
internal_value=-0.0310537 0.984493 -0.389571 0.0267119 -0.936076 -0.381602
internal_weight=119 31 88 50 38 32
internal_count=119 31 88 50 38 32
is_linear=0
shrinkage=0.05


Tree=86
num_leaves=6
num_cat=0
split_feature=10 99 31 88 39
split_gain=17242.8 4828.6 5787.09 3083.01 3092.74
threshold=5.1050000000000013 45.70000000000001 -0.011666666666666268 4.3950000000000005 0.75500000000000045
decision_type=2 2 2 2 2
left_child=-1 2 -2 -3 -5
right_child=1 3 -4 4 -6
leaf_value=1.2521211115828841 -0.46760112742582954 -1.1388177505931496 0.81520357553471501 -0.82384499996406602 0.034009246047274524
leaf_weight=23 17 15.999999999999998 18 18 25
leaf_count=23 17 16 18 18 25
internal_value=0.0280553 -0.272409 0.192428 -0.548104 -0.326055
internal_weight=117 94 35 59 43
internal_count=117 94 35 59 43
is_linear=0
shrinkage=0.05


Tree=87
num_leaves=6
num_cat=0
split_feature=33 83 12 39 29
split_gain=13984.8 10897.6 3076.49 2509.35 1246.23
threshold=-0.021666666666666941 4.5000000000000009 65.700000000000017 0.73416666666666697 54.500000000000007
decision_type=2 2 2 2 2
left_child=-1 2 3 -2 -5
right_child=1 -3 -4 4 -6
leaf_value=1.217382803686422 -1.0638338799929725 0.87054673264788074 0.075228189024610898 -0.62703214705799493 -0.035919977813367025
leaf_weight=21 22 19 20 22 14.999999999999998
leaf_count=21 22 19 20 22 15
internal_value=0.0496287 -0.201539 -0.460221 -0.641633 -0.38827
internal_weight=119 98 79 59 37
internal_count=119 98 79 59 37
is_linear=0
shrinkage=0.05


Tree=88
num_leaves=7
num_cat=0
split_feature=31 38 69 10 123 84
split_gain=9983.27 20981.2 4578.98 3722.37 3699.61 2619.75
threshold=0.0016666666666664833 3.5000000000000004 3.5000000000000004 5.7400000000000011 -1.0000000180025095e-35 0.0033333333333333414
decision_type=2 2 2 2 2 2
left_child=2 -2 5 -3 -4 -1
right_child=1 3 4 -5 -6 -7
leaf_value=-0.49422781918798153 1.9895037796323665 -0.84926695093413829 -0.53765397941209991 0.26128694363777216 0.52229191666339458 -1.3464696108184244
leaf_weight=21 14.999999999999998 15.000000000000002 18 14.999999999999998 14.999999999999998 15.999999999999998
leaf_count=21 15 15 18 15 15 16
internal_value=-0.111106 0.469246 -0.484398 -0.294801 -0.055587 -0.865536
internal_weight=115 45 70 30 33 37
internal_count=115 45 70 30 33 37
is_linear=0
shrinkage=0.05


Tree=89
num_leaves=7
num_cat=0
split_feature=113 88 21 25 13 98
split_gain=12570.1 28752.1 7165.84 4575.48 6172.52 871.736
threshold=2.1916666666666669 5.1900000000000004 47.650000000000013 47.050000000000004 5.1800000000000006 35.050000000000004
decision_type=2 2 2 2 2 2
left_child=1 2 -1 4 -2 -6
right_child=3 -3 -4 -5 5 -7
leaf_value=0.6337418102196708 -1.6756261244514921 2.2313357981095403 -0.7169210756376545 0.093277659559447459 -0.69609122994523598 -0.16436438181542404
leaf_weight=14.999999999999998 14.999999999999998 15.999999999999998 28 18 16.000000000000004 14.999999999999998
leaf_count=15 15 16 28 18 16 15
internal_value=-0.0971086 0.428909 -0.245266 -0.582022 -0.846007 -0.440321
internal_weight=123 59 43 64 46 31
internal_count=123 59 43 64 46 31
is_linear=0
shrinkage=0.05


Tree=90
num_leaves=6
num_cat=0
split_feature=10 24 106 0 45
split_gain=14062.9 6343.1 2396.8 3107.79 2446.27
threshold=5.1050000000000013 36.000000000000007 11.450000000000001 2921.0000000000005 -0.015833333333333335
decision_type=2 2 2 2 2
left_child=-1 -2 3 4 -3
right_child=1 2 -4 -5 -6
leaf_value=1.0588245209469738 0.51228389490896198 -0.40377832527648022 -0.91242883220895532 -0.84238370292716547 0.45812794554312508
leaf_weight=25 20 18 23 17 14.999999999999998
leaf_count=25 20 18 23 17 15
internal_value=0.0084325 -0.274711 -0.490801 -0.295318 -0.0116512
internal_weight=118 93 73 50 33
internal_count=118 93 73 50 33
is_linear=0
shrinkage=0.05


Tree=91
num_leaves=6
num_cat=0
split_feature=10 65 11 80 30
split_gain=13990.6 4688.73 5645.9 2473.79 1699.06
threshold=5.1050000000000013 18.600000000000005 50.20000000000001 0.41083333333333366 3.5000000000000004
decision_type=2 2 2 2 2
left_child=-1 -2 3 4 -3
right_child=1 2 -4 -5 -6
leaf_value=1.1051280531151164 0.53672579178898971 -0.18881637641705598 0.43935764657784698 -1.1690023636975826 -0.78818538538852134
leaf_weight=24 15.999999999999998 29 15.999999999999998 14.999999999999998 20
leaf_count=24 16 29 16 15 20
internal_value=0.027931 -0.242186 -0.398506 -0.608409 -0.434666
internal_weight=120 96 80 64 49
internal_count=120 96 80 64 49
is_linear=0
shrinkage=0.05


Tree=92
num_leaves=6
num_cat=0
split_feature=39 20 13 0 17
split_gain=13825.4 7381.45 5609.12 2549.8 1681.7
threshold=-0.055833333333333617 27.850000000000005 5.1800000000000006 1421.0000000000002 32.70000000000001
decision_type=2 2 2 2 2
left_child=-1 -2 -3 -4 -5
right_child=1 2 3 4 -6
leaf_value=1.1930622007044569 0.59171136993223727 -1.309145552906769 0.19807346544788973 -0.84724734386331146 -0.19689021991001621
leaf_weight=21 22 14.999999999999998 22 17 24
leaf_count=21 22 15 22 17 24
internal_value=0.0299073 -0.215253 -0.443389 -0.235429 -0.468077
internal_weight=121 100 78 63 41
internal_count=121 100 78 63 41
is_linear=0
shrinkage=0.05


Tree=93
num_leaves=6
num_cat=0
split_feature=0 78 82 59 33
split_gain=12734.4 17940 13582.8 2499.76 2166.04
threshold=2674.0000000000005 -0.072499999999999773 0.22166666666666626 35.350000000000001 0.86916666666666675
decision_type=2 2 2 2 2
left_child=1 -1 4 -2 -3
right_child=3 2 -4 -5 -6
leaf_value=1.5566351373810574 -0.39968055562950422 -1.0429177946119166 0.85085032102510783 -1.2174080942109313 -0.28513859243682738
leaf_weight=22 21 20 23 17 18
leaf_count=22 21 20 23 17 18
internal_value=-0.0109275 0.336072 -0.105876 -0.767872 -0.685792
internal_weight=121 83 61 38 38
internal_count=121 83 61 38 38
is_linear=0
shrinkage=0.05


Tree=94
num_leaves=6
num_cat=0
split_feature=17 99 54 66 35
split_gain=13275.7 7087.9 8214.03 3709.88 3036.27
threshold=28.650000000000002 54.050000000000004 69.300000000000011 17.900000000000002 4.5916666666666659
decision_type=2 2 2 2 2
left_child=-1 2 3 -2 -3
right_child=1 4 -4 -5 -6
leaf_value=1.0321005798656342 0.35032744486600365 -1.3346714560756621 1.1081365537169752 -0.64943727014965036 -0.36977824097838852
leaf_weight=27 14.999999999999998 14.999999999999998 14.999999999999998 24 18
leaf_count=27 15 15 15 24 18
internal_value=0.0656421 -0.235076 0.11777 -0.264872 -0.811224
internal_weight=114 87 54 39 33
internal_count=114 87 54 39 33
is_linear=0
shrinkage=0.05


Tree=95
num_leaves=6
num_cat=0
split_feature=60 78 52 33 33
split_gain=10149.2 43004.4 9408.82 6150.44 4202.47
threshold=47.350000000000001 0.32833333333333364 6.080000000000001 0.24166666666666672 1.1533333333333335
decision_type=2 2 2 2 2
left_child=1 -1 3 -2 -5
right_child=2 -3 -4 4 -6
leaf_value=2.7513580710880015 -1.5674390710742268 -0.53761614596925644 0.49469544469536131 0.044379512044404053 -0.96432201035773546
leaf_weight=14.999999999999998 14.999999999999998 29 23 24 18
leaf_count=15 15 29 23 24 18
internal_value=-0.0219152 0.587208 -0.35731 -0.701454 -0.389066
internal_weight=124 44 80 57 42
internal_count=124 44 80 57 42
is_linear=0
shrinkage=0.05


Tree=96
num_leaves=6
num_cat=0
split_feature=63 99 111 37 28
split_gain=12064.6 7314.8 5347.4 2763.74 1786.15
threshold=30.600000000000005 54.050000000000004 0.050000000000000273 6.3333333333333295 9.7500000000000018
decision_type=2 2 2 2 2
left_child=-1 2 -2 -3 -4
right_child=1 3 4 -5 -6
leaf_value=0.86475342937524879 0.4772674661029801 -1.4869507745401749 -0.88101903954089078 -0.56375358445538992 -0.14223999172624055
leaf_weight=24 26 14.999999999999998 14.999999999999998 18 18
leaf_count=24 26 15 15 18 18
internal_value=-0.131288 -0.391837 -0.0578892 -0.986764 -0.479847
internal_weight=116 92 59 33 33
internal_count=116 92 59 33 33
is_linear=0
shrinkage=0.05


Tree=97
num_leaves=6
num_cat=0
split_feature=102 22 6 33 63
split_gain=10178.3 7597.61 6019.74 3434.04 1279.31
threshold=57.400000000000013 0.16500000000000004 3.5000000000000004 0.38833333333333325 45.850000000000009
decision_type=2 2 2 2 2
left_child=1 2 4 -3 -1
right_child=-2 3 -4 -5 -6
leaf_value=-0.6506550742232281 0.92849313934127997 -1.2998225114498918 0.6760407623989555 -0.36989537764387015 -0.018899676250004618
leaf_weight=15.999999999999998 23 17 27 24 15.999999999999998
leaf_count=16 23 17 27 24 16
internal_value=-0.0175254 -0.23587 0.127426 -0.757821 -0.335976
internal_weight=123 100 59 41 32
internal_count=123 100 59 41 32
is_linear=0
shrinkage=0.05


Tree=98
num_leaves=7
num_cat=0
split_feature=122 32 0 100 78 12
split_gain=9225.46 17227 4009.38 5117.71 2357.28 1012.64
threshold=1.5000000000000002 3.5000000000000004 2921.0000000000005 0.16500000000000004 0.78916666666666646 59.550000000000004
decision_type=2 2 2 2 2 2
left_child=4 -2 3 -3 -1 -5
right_child=1 2 -4 5 -6 -7
leaf_value=-1.1588939717273836 1.5020964877098395 0.87760268238601302 -0.77392232843309805 -0.53803922687934713 -0.27103132096347432 0.032353617741454462
leaf_weight=15.000000000000002 22 14.999999999999998 17 15.000000000000002 14.999999999999998 15.999999999999998
leaf_count=15 22 15 17 15 15 16
internal_value=0.0348279 0.300947 -0.120139 0.122523 -0.717504 -0.244325
internal_weight=115 85 63 46 30 31
internal_count=115 85 63 46 30 31
is_linear=0
shrinkage=0.05


Tree=99
num_leaves=5
num_cat=0
split_feature=36 63 60 45
split_gain=11827.5 2509.6 2523.27 1506.68
threshold=3.5000000000000004 47.500000000000007 47.350000000000001 -0.010833333333333332
decision_type=2 2 2 2
left_child=-1 2 -2 -4
right_child=1 -3 3 -5
leaf_value=0.86357453056077516 -0.080559250853637951 0.057784759522098855 -0.43226680571747106 -1.0926106921875673
leaf_weight=28 21 29 17 18
leaf_count=28 21 29 17 18
internal_value=-0.0258164 -0.319521 -0.514756 -0.77416
internal_weight=113 85 56 35
internal_count=113 85 56 35
is_linear=0
shrinkage=0.05


Tree=100
num_leaves=7
num_cat=0
split_feature=24 102 99 35 59 39
split_gain=8646.33 22354.7 2960.4 2896.99 2275.86 1803.7
threshold=36.000000000000007 43.850000000000009 54.650000000000013 14.191666666666668 34.350000000000009 1.051666666666667
decision_type=2 2 2 2 2 2
left_child=1 -1 3 4 -2 -4
right_child=2 -3 5 -5 -6 -7
leaf_value=-0.71192279726441143 -0.27242283043940424 1.8846966306615318 -1.1577926952646385 -0.69566289455744257 0.55893282195590188 -0.40365567070356811
leaf_weight=17 18 15.999999999999998 15.999999999999998 17 14.999999999999998 15.999999999999998
leaf_count=17 18 16 16 17 15 16
internal_value=-0.133505 0.548784 -0.408479 -0.167401 0.105862 -0.783312
internal_weight=115 33 82 50 33 32
internal_count=115 33 82 50 33 32
is_linear=0
shrinkage=0.05


Tree=101
num_leaves=6
num_cat=0
split_feature=102 17 97 12 36
split_gain=8265.79 24363.7 9705.64 3633.01 2143.1
threshold=43.850000000000009 28.650000000000002 5.2900000000000009 54.650000000000006 5.5000000000000009
decision_type=2 2 2 2 2
left_child=3 -2 -3 -1 -5
right_child=1 2 -4 4 -6
leaf_value=-0.83509576987489431 2.0863420271725386 0.60654963600701395 -0.98971322970603814 0.24052050185926033 -0.47532517387292778
leaf_weight=26 15.999999999999998 18 20 23 19
leaf_count=26 16 18 20 23 19
internal_value=-0.00522742 0.456108 -0.23385 -0.371787 -0.0835555
internal_weight=122 54 38 68 42
internal_count=122 54 38 68 42
is_linear=0
shrinkage=0.05


Tree=102
num_leaves=6
num_cat=0
split_feature=10 6 12 102 25
split_gain=12659.8 3932.85 3810.54 2068.01 1108.82
threshold=5.1050000000000013 5.5000000000000009 66.850000000000009 44.70000000000001 38.000000000000007
decision_type=2 2 2 2 2
left_child=-1 2 3 4 -2
right_child=1 -3 -4 -5 -6
leaf_value=1.1146504412481795 -0.04925332055454365 0.35953957045226675 0.32360518236971458 -0.97822888371956285 -0.61224122771900669
leaf_weight=23 17 24 14.999999999999998 20 18
leaf_count=23 17 24 15 20 18
internal_value=0.0658289 -0.191656 -0.380952 -0.573434 -0.339852
internal_weight=117 94 70 55 35
internal_count=117 94 70 55 35
is_linear=0
shrinkage=0.05


Tree=103
num_leaves=6
num_cat=0
split_feature=23 109 111 90 67
split_gain=8762.84 15989.5 7163.01 9820.45 2368.44
threshold=63.95000000000001 -0.053333333333332782 0.1191666666666671 46.350000000000009 10.250000000000002
decision_type=2 2 2 2 2
left_child=-1 -2 3 -3 -4
right_child=1 2 4 -5 -6
leaf_value=-0.92495882887068626 1.6351409126492524 -0.31108950444888245 -0.2776445477963444 1.297840550523367 -1.0432486601043165
leaf_weight=24 14.999999999999998 23 25 15.999999999999998 17
leaf_count=24 15 23 25 16 17
internal_value=-0.0724833 0.141324 -0.136922 0.350488 -0.589393
internal_weight=120 96 81 39 42
internal_count=120 96 81 39 42
is_linear=0
shrinkage=0.05


Tree=104
num_leaves=6
num_cat=0
split_feature=95 13 63 102 117
split_gain=10199.7 7466.01 3982.06 2812.56 1728.72
threshold=26.600000000000005 4.8400000000000007 48.45000000000001 26.500000000000004 0.8574999999999996
decision_type=2 2 2 2 2
left_child=-1 -2 3 -3 -5
right_child=1 2 -4 4 -6
leaf_value=0.89485141033734072 -1.2583100039396227 0.20798204757970329 0.45864831800282746 -0.93473167489146614 -0.23052744434024747
leaf_weight=23 15.999999999999998 17 24 17 18
leaf_count=23 16 17 24 17 18
internal_value=-0.0445635 -0.280188 -0.0728192 -0.318617 -0.574401
internal_weight=115 92 76 52 35
internal_count=115 92 76 52 35
is_linear=0
shrinkage=0.05


Tree=105
num_leaves=7
num_cat=0
split_feature=77 60 56 82 92 102
split_gain=10571.4 37004.5 6099.74 9079.27 1903.79 1287.67
threshold=3.5000000000000004 49.000000000000007 29.650000000000002 0.22166666666666626 27.950000000000006 42.20000000000001
decision_type=2 2 2 2 2 2
left_child=1 -1 4 5 -2 -4
right_child=2 -3 3 -5 -6 -7
leaf_value=2.5523239611789883 -1.253480066868089 -0.72391521818009175 -0.14520816384561802 0.982742544684721 -0.50912211256501561 -0.7907311428407704
leaf_weight=14.999999999999998 15.999999999999998 20 15.000000000000002 15.999999999999998 19 15.999999999999998
leaf_count=15 16 20 15 16 19 16
internal_value=-0.0429302 0.683316 -0.353429 0.0188692 -0.852144 -0.480013
internal_weight=117 35 82 47 35 31
internal_count=117 35 82 47 35 31
is_linear=0
shrinkage=0.05


Tree=106
num_leaves=7
num_cat=0
split_feature=113 34 13 65 95 87
split_gain=12489.5 20237.8 6402.98 3510.03 805.615 853.119
threshold=2.1916666666666669 4.5000000000000009 5.1800000000000006 22.450000000000003 29.700000000000003 6.7550000000000008
decision_type=2 2 2 2 2 2
left_child=1 -1 -2 -3 -4 -6
right_child=2 3 4 -5 5 -7
leaf_value=2.0611802328501319 -1.3888375360032785 0.5184530805356754 -0.52428906589561375 -0.41365040474712189 0.18395860032332656 -0.33175322559841897
leaf_weight=14.999999999999998 15.999999999999998 15.999999999999998 15.999999999999998 27 14.999999999999998 17
leaf_count=15 16 16 16 27 15 17
internal_value=-0.0445172 0.48642 -0.525765 -0.066307 -0.235681 -0.0900375
internal_weight=122 58 64 43 48 32
internal_count=122 58 64 43 48 32
is_linear=0
shrinkage=0.05


Tree=107
num_leaves=5
num_cat=0
split_feature=32 65 50 100
split_gain=9833.48 3305 2424.16 1603.05
threshold=3.5000000000000004 20.400000000000002 46.150000000000013 0.17500000000000002
decision_type=2 2 2 2
left_child=-1 -2 3 -3
right_child=1 2 -4 -5
leaf_value=0.89967519540557339 0.3223865305759992 -0.7671129445849415 0.171555473271364 -0.15449399808694048
leaf_weight=29 25 29 15.999999999999998 17
leaf_count=29 25 29 16 17
internal_value=0.103959 -0.161951 -0.357533 -0.541645
internal_weight=116 87 62 46
internal_count=116 87 62 46
is_linear=0
shrinkage=0.05


Tree=108
num_leaves=6
num_cat=0
split_feature=95 114 33 11 21
split_gain=12226.8 6918.5 5663.71 987.134 857.775
threshold=26.600000000000005 2.5000000000000004 0.1616666666666671 39.000000000000007 48.000000000000007
decision_type=2 2 2 2 2
left_child=-1 -2 -3 -4 -5
right_child=1 2 3 4 -6
leaf_value=1.0592199071661217 0.51426736836116838 -1.2300571892142953 0.13533165486443122 -0.039428125233050219 -0.51799639933612718
leaf_weight=23 24 18 14.999999999999998 14.999999999999998 25
leaf_count=23 24 18 15 15 25
internal_value=0.0253058 -0.220636 -0.462689 -0.209684 -0.339204
internal_weight=120 97 73 55 40
internal_count=120 97 73 55 40
is_linear=0
shrinkage=0.05


Tree=109
num_leaves=6
num_cat=0
split_feature=17 98 35 0 22
split_gain=8804.37 5505.05 5896.42 2169.22 2089.02
threshold=23.700000000000003 23.900000000000002 -0.23333333333333603 2885.5000000000005 0.16500000000000004
decision_type=2 2 2 2 2
left_child=-1 -2 -3 4 -4
right_child=1 2 3 -5 -6
leaf_value=0.82859107142659871 0.56966721500669204 -1.2386492560581608 0.2194689854211414 -0.7181260716100657 -0.45349359846239939
leaf_weight=22 15.999999999999998 18 29 15.999999999999998 19
leaf_count=22 16 18 29 16 19
internal_value=-0.0730063 -0.276095 -0.441676 -0.215866 -0.0471971
internal_weight=120 98 82 64 48
internal_count=120 98 82 64 48
is_linear=0
shrinkage=0.05


Tree=110
num_leaves=6
num_cat=0
split_feature=56 119 1 13 55
split_gain=7370.09 11700.9 5896.92 3819.26 3484.04
threshold=31.550000000000004 0.26749999999999968 3.5000000000000004 5.1800000000000006 5.8400000000000007
decision_type=2 2 2 2 2
left_child=2 4 3 -1 -2
right_child=1 -3 -4 -5 -6
leaf_value=-1.4169649119408714 0.25198112184896854 1.3946416935209411 0.2800357061530907 -0.41427808296634777 -0.74287908882494802
leaf_weight=14.999999999999998 21 18 19 26 14.999999999999998
leaf_count=15 21 18 19 26 15
internal_value=-0.065844 0.357529 -0.446924 -0.783791 -0.163315
internal_weight=114 54 60 41 36
internal_count=114 54 60 41 36
is_linear=0
shrinkage=0.05


Tree=111
num_leaves=6
num_cat=0
split_feature=60 78 52 56 59
split_gain=9339.65 26845.5 9240.46 3044.45 1480.07
threshold=47.350000000000001 0.44750000000000029 6.2250000000000005 30.150000000000002 35.350000000000001
decision_type=2 2 2 2 2
left_child=1 -1 3 -2 -5
right_child=2 -3 -4 4 -6
leaf_value=2.3281258499385507 -1.0943271597414783 -0.36141279100506141 0.56936297225745713 0.0021353774251993639 -0.65637892957297517
leaf_weight=14.999999999999998 21 24 23 17 17
leaf_count=15 21 24 23 17 17
internal_value=0.0453806 0.676206 -0.27043 -0.622103 -0.327934
internal_weight=117 39 78 55 34
internal_count=117 39 78 55 34
is_linear=0
shrinkage=0.05


Tree=112
num_leaves=5
num_cat=0
split_feature=36 23 83 104
split_gain=8808.05 3426.29 3963.82 1081.87
threshold=3.5000000000000004 75.350000000000009 3.5000000000000004 30.200000000000003
decision_type=2 2 2 2
left_child=-1 -2 3 -3
right_child=1 2 -4 -5
leaf_value=0.78365557965858967 -0.70103160639970508 -0.54247379167385013 0.59520273551097891 -0.035094769878127562
leaf_weight=28 27 21 18 21
leaf_count=28 27 21 18 21
internal_value=0.0138943 -0.234403 -0.0235196 -0.289589
internal_weight=115 87 60 42
internal_count=115 87 60 42
is_linear=0
shrinkage=0.05


Tree=113
num_leaves=6
num_cat=0
split_feature=10 116 0 66 74
split_gain=8616.29 2430.77 3735.37 3912.04 1531.85
threshold=5.1050000000000013 5.5000000000000009 2921.0000000000005 13.950000000000001 9.4166666666666696
decision_type=2 2 2 2 2
left_child=-1 2 3 -2 -5
right_child=1 -3 -4 4 -6
leaf_value=0.85193745654180231 0.80610238578378779 -0.72846256369038631 -0.60793914686549788 -0.41081533335961434 0.19913664273361664
leaf_weight=25 15.999999999999998 17 23 21 20
leaf_count=25 16 17 23 21 20
internal_value=0.0261361 -0.187306 -0.0714819 0.145581 -0.113396
internal_weight=122 97 80 57 41
internal_count=122 97 80 57 41
is_linear=0
shrinkage=0.05


Tree=114
num_leaves=6
num_cat=0
split_feature=62 99 52 37 18
split_gain=7573.82 4927.05 5298.81 3155.7 2181.17
threshold=53.550000000000004 54.050000000000004 6.7150000000000007 6.3333333333333295 54.900000000000006
decision_type=2 2 2 2 2
left_child=-1 2 4 -3 -2
right_child=1 3 -4 -5 -6
leaf_value=0.73406360561813777 -0.60076554525382397 -1.2947314908045418 0.7107840683028015 -0.35130942793034797 0.1496559322571123
leaf_weight=21 27 15.999999999999998 17 20 14.999999999999998
leaf_count=21 27 16 17 20 15
internal_value=-0.122991 -0.313071 -0.0314134 -0.773172 -0.33292
internal_weight=116 95 59 36 42
internal_count=116 95 59 36 42
is_linear=0
shrinkage=0.05


Tree=115
num_leaves=6
num_cat=0
split_feature=31 113 12 105 70
split_gain=8065.74 10869.4 2950.83 2880.77 1600.97
threshold=0.0016666666666664833 2.1916666666666669 49.45000000000001 21.550000000000001 0.020833333333333041
decision_type=2 2 2 2 2
left_child=2 -2 -1 4 -4
right_child=1 -3 3 -5 -6
leaf_value=-1.0496671004701923 1.0711752090946776 -0.46367779098339934 -0.79004013183840072 0.27883170541179808 -0.11308825339702583
leaf_weight=14.999999999999998 27 20 21 17 14.999999999999998
leaf_count=15 27 20 21 17 15
internal_value=-0.0847568 0.418342 -0.432664 -0.256299 -0.50921
internal_weight=115 47 68 53 36
internal_count=115 47 68 53 36
is_linear=0
shrinkage=0.05


Tree=116
num_leaves=7
num_cat=0
split_feature=120 25 36 15 6 28
split_gain=9007.43 9074.02 5404.75 2010.74 1694.33 711.628
threshold=1.5000000000000002 22.450000000000003 3.5000000000000004 72.450000000000017 3.5000000000000004 6.2500000000000009
decision_type=2 2 2 2 2 2
left_child=-1 -2 -3 4 5 -4
right_child=1 2 3 -5 -6 -7
leaf_value=1.0372902207747454 0.97741021103000036 -1.1757928745636088 -0.44451423224234415 -0.62825517985994461 0.39989725916173446 0.041192517330907043
leaf_weight=21 15.999999999999998 14.999999999999998 15.000000000000002 14.999999999999998 19 14.999999999999998
leaf_count=21 16 15 15 15 19 15
internal_value=0.102755 -0.104647 -0.32482 -0.123772 0.031525 -0.202165
internal_weight=116 95 79 64 49 30
internal_count=116 95 79 64 49 30
is_linear=0
shrinkage=0.05


Tree=117
num_leaves=6
num_cat=0
split_feature=95 57 112 12 92
split_gain=9775.32 5858.04 9860.86 2826.43 2592.32
threshold=26.600000000000005 46.650000000000013 3.5000000000000004 58.650000000000013 28.650000000000002
decision_type=2 2 2 2 2
left_child=-1 4 -3 -4 -2
right_child=1 2 3 -5 -6
leaf_value=1.055475825607372 -1.0941152348423635 1.1367797497211327 -0.79150644396709291 0.11406246890031282 -0.25605283837100778
leaf_weight=22 14.999999999999998 19 14.999999999999998 20 24
leaf_count=22 15 19 15 20 24
internal_value=0.110186 -0.114271 0.222799 -0.275045 -0.580486
internal_weight=115 93 54 35 39
internal_count=115 93 54 35 39
is_linear=0
shrinkage=0.05


Tree=118
num_leaves=6
num_cat=0
split_feature=78 81 33 43 62
split_gain=11080.9 23255.8 3542.38 2020.24 1353.64
threshold=-0.072499999999999773 3.5000000000000004 0.34249999999999986 -0.21333333333333246 81.40000000000002
decision_type=2 2 2 2 2
left_child=1 -1 -2 -4 -5
right_child=2 -3 3 4 -6
leaf_value=2.0409265900215909 -0.85694844021516681 -0.65293102517033264 0.29315501315639686 -0.55776002501056399 0.034983439919371043
leaf_weight=17 22 14.999999999999998 20 24 15.999999999999998
leaf_count=17 22 15 20 24 16
internal_value=-0.00770676 0.779925 -0.315712 -0.116079 -0.321042
internal_weight=114 32 82 60 40
internal_count=114 32 82 60 40
is_linear=0
shrinkage=0.05


Tree=119
num_leaves=6
num_cat=0
split_feature=101 43 13 121 83
split_gain=8409.4 4173.39 6591.57 3190.6 1950.85
threshold=84.950000000000017 -0.55583333333333262 5.0500000000000007 -0.35166666666666696 2.5000000000000004
decision_type=2 2 2 2 2
left_child=1 -1 -3 -4 -5
right_child=-2 2 3 4 -6
leaf_value=0.55990302422031846 1.0895902306038812 -1.2647588680122073 0.45946376970789066 -0.62645986525868735 -0.0022356464330893586
leaf_weight=15.999999999999998 14.999999999999998 14.999999999999998 17.999999999999993 25.000000000000007 25
leaf_count=16 15 15 18 25 25
internal_value=-0.00954926 -0.177067 -0.319697 -0.109603 -0.315075
internal_weight=114 99 83 68 50
internal_count=114 99 83 68 50
is_linear=0
shrinkage=0.05


Tree=120
num_leaves=6
num_cat=0
split_feature=37 63 82 102 83
split_gain=8422.63 1767.78 2917.38 1826.76 1657.18
threshold=-1.7416666666666669 44.20000000000001 -0.13416666666666674 42.850000000000001 2.5000000000000004
decision_type=2 2 2 2 2
left_child=-1 3 -3 4 -2
right_child=1 2 -4 -5 -6
leaf_value=1.0356426695118779 -0.55046365542441422 -0.37928717331298722 0.43396089376309216 -0.74591041026522198 0.11654739842425643
leaf_weight=15.999999999999998 15.999999999999998 21 23 21 22
leaf_count=16 16 21 23 21 22
internal_value=-0.0279185 -0.194025 0.0457265 -0.372682 -0.164876
internal_weight=119 103 44 59 38
internal_count=119 103 44 59 38
is_linear=0
shrinkage=0.05


Tree=121
num_leaves=6
num_cat=0
split_feature=60 102 54 33 63
split_gain=8876.5 19762 6742.97 5011.12 2295.74
threshold=47.350000000000001 42.850000000000001 70.15000000000002 0.1616666666666671 39.20000000000001
decision_type=2 2 2 2 2
left_child=1 -1 3 -2 -5
right_child=2 -3 -4 4 -6
leaf_value=-0.21726644179400278 -1.2345294080822673 2.1306274664323062 0.65489665026164179 -0.54892064076545954 0.14191630523043328
leaf_weight=22 14.999999999999998 14.999999999999998 18 23 25
leaf_count=22 15 15 18 23 25
internal_value=0.0970377 0.737625 -0.196063 -0.439926 -0.189459
internal_weight=118 37 81 63 48
internal_count=118 37 81 63 48
is_linear=0
shrinkage=0.05


Tree=122
num_leaves=7
num_cat=0
split_feature=66 25 44 94 32 45
split_gain=6577.14 11119.3 4723.09 3339.29 3201.03 1304.34
threshold=16.200000000000006 34.050000000000004 2.5000000000000004 5.3950000000000005 4.5000000000000009 -0.02
decision_type=2 2 2 2 2 2
left_child=1 -1 5 -3 -4 -2
right_child=2 3 4 -5 -6 -7
leaf_value=1.4045218979720002 -0.36596886302743642 -0.71498631531407364 -1.3000341038677572 0.32024349171594285 -0.34138500422936435 0.23157402692865847
leaf_weight=15.999999999999998 15.999999999999998 16.000000000000004 18 14.999999999999998 17 21
leaf_count=16 16 16 18 15 17 21
internal_value=-0.121217 0.338369 -0.421348 -0.214489 -0.836846 -0.0269781
internal_weight=119 47 72 31 35 37
internal_count=119 47 72 31 35 37
is_linear=0
shrinkage=0.05


Tree=123
num_leaves=6
num_cat=0
split_feature=43 82 54 13 113
split_gain=5515.62 4763.38 7272.22 3394.12 718.674
threshold=-0.55583333333333262 0.12833333333333344 67.90000000000002 5.205000000000001 0.72500000000000153
decision_type=2 2 2 2 2
left_child=-1 3 -3 -2 -5
right_child=1 2 -4 4 -6
leaf_value=0.60853788929792185 -1.1700123855422213 -0.38220668821678472 0.97830695198071715 -0.54648501654570014 -0.10503677618767016
leaf_weight=20 18 28 14.999999999999998 19 18
leaf_count=20 18 28 15 19 18
internal_value=-0.146124 -0.300651 0.0934438 -0.608462 -0.332723
internal_weight=118 98 43 55 37
internal_count=118 98 43 55 37
is_linear=0
shrinkage=0.05


Tree=124
num_leaves=6
num_cat=0
split_feature=39 43 12 24 64
split_gain=9623.02 6216.26 3243.46 2835.67 800.319
threshold=-0.055833333333333617 -0.55583333333333262 49.45000000000001 46.000000000000007 33.850000000000001
decision_type=2 2 2 2 2
left_child=-1 -2 -3 -4 -5
right_child=1 2 3 4 -6
leaf_value=1.0715283115260044 0.71712337086872502 -0.94246942626763563 0.23341558914353203 -0.12594341887469521 -0.5857515431455268
leaf_weight=20 18 15.999999999999998 28 14.999999999999998 26
leaf_count=20 18 16 28 15 26
internal_value=0.0707393 -0.124391 -0.303286 -0.153848 -0.418366
internal_weight=123 103 85 69 41
internal_count=123 103 85 69 41
is_linear=0
shrinkage=0.05


Tree=125
num_leaves=6
num_cat=0
split_feature=63 115 38 13 50
split_gain=8018.8 4152.46 3577.04 3071.5 455.956
threshold=30.600000000000005 0.8249999999999994 4.5000000000000009 5.1800000000000006 38.800000000000004
decision_type=2 2 2 2 2
left_child=-1 2 -2 -3 -5
right_child=1 3 -4 4 -6
leaf_value=0.78127670573852792 0.7327981903853007 -1.1262551924456721 -0.24113004896863999 -0.48717734477324792 -0.13412434565487194
leaf_weight=23 14.999999999999998 15.999999999999998 25 17 20
leaf_count=23 15 16 25 17 20
internal_value=-0.052575 -0.259468 0.124885 -0.549328 -0.297349
internal_weight=116 93 40 53 37
internal_count=116 93 40 53 37
is_linear=0
shrinkage=0.05


Tree=126
num_leaves=5
num_cat=0
split_feature=32 0 74 74
split_gain=9064.94 1802.57 2001.2 1325.62
threshold=3.5000000000000004 2772.0000000000005 0.33333333333333576 9.4166666666666696
decision_type=2 2 2 2
left_child=-1 2 -2 -4
right_child=1 -3 3 -5
leaf_value=0.80930124754758226 0.38435568325427361 -0.5401802420563121 -0.58241644613226951 -0.00090826569181500058
leaf_weight=29 18 28 17 23
leaf_count=29 18 28 17 23
internal_value=0.0463783 -0.21147 -0.052039 -0.24901
internal_weight=115 86 58 40
internal_count=115 86 58 40
is_linear=0
shrinkage=0.05


Tree=127
num_leaves=6
num_cat=0
split_feature=30 15 99 17 45
split_gain=6537.94 11093.8 1977.47 2967.34 1317.68
threshold=1.5000000000000002 50.550000000000004 45.70000000000001 34.20000000000001 -0.012500000000000009
decision_type=2 2 2 2 2
left_child=4 -2 -3 -4 -1
right_child=1 2 3 -5 -6
leaf_value=-0.25946844316417378 1.131605736072036 0.3351574250540808 -0.79083447749154601 0.044783997620552032 -0.91351855322225206
leaf_weight=16.000000000000004 26 19 17 28 14.999999999999998
leaf_count=16 26 19 17 28 15
internal_value=0.0470273 0.262781 -0.0913156 -0.271837 -0.578025
internal_weight=121 90 64 45 31
internal_count=121 90 64 45 31
is_linear=0
shrinkage=0.05


Tree=128
num_leaves=6
num_cat=0
split_feature=10 99 82 102 119
split_gain=7453.63 2854.91 2995.4 1955.55 1946.65
threshold=5.1050000000000013 45.70000000000001 0.22166666666666626 54.150000000000006 -0.17250000000000029
decision_type=2 2 2 2 2
left_child=-1 2 -2 4 -3
right_child=1 3 -4 -5 -6
leaf_value=0.79086883250780948 -0.24912484266002721 0.23365121028053829 0.73139274917690966 -0.81635157518219514 -0.44306234452223858
leaf_weight=26 16.000000000000004 17 14.999999999999998 17 28
leaf_count=26 16 17 15 17 28
internal_value=0.0441274 -0.165211 0.225985 -0.360938 -0.187353
internal_weight=119 93 31 62 45
internal_count=119 93 31 62 45
is_linear=0
shrinkage=0.05


Tree=129
num_leaves=6
num_cat=0
split_feature=95 34 92 64 92
split_gain=6234.43 3561.85 1972.37 1383.26 637.703
threshold=26.600000000000005 3.5000000000000004 41.500000000000007 33.850000000000001 30.700000000000003
decision_type=2 2 2 2 2
left_child=-1 -2 3 -3 -5
right_child=1 2 -4 4 -6
leaf_value=0.64417502642591329 -0.72575211461019695 0.095211862472744727 0.40820033097464736 -0.64907794961866161 -0.18643933276072244
leaf_weight=26 26 23 18 15.000000000000002 14.999999999999998
leaf_count=26 26 23 18 15 15
internal_value=-0.0418575 -0.226268 -0.0425245 -0.196175 -0.419313
internal_weight=123 97 71 53 30
internal_count=123 97 71 53 30
is_linear=0
shrinkage=0.05


Tree=130
num_leaves=6
num_cat=0
split_feature=33 12 0 65 63
split_gain=6760.1 2671.83 1393.19 1725.87 1499.78
threshold=-0.021666666666666941 49.800000000000004 2921.0000000000005 20.400000000000002 48.45000000000001
decision_type=2 2 2 2 2
left_child=-1 -2 3 -3 -5
right_child=1 2 -4 4 -6
leaf_value=0.72655253988323787 -0.79217836668616837 0.47877676447495726 -0.46509691960182953 -0.35532233814398451 0.23472891238610646
leaf_weight=23 17 14.999999999999998 20 29 17
leaf_count=23 17 15 20 29 17
internal_value=-0.042963 -0.224171 -0.104068 0.0147875 -0.137115
internal_weight=121 98 81 61 46
internal_count=121 98 81 61 46
is_linear=0
shrinkage=0.05


Tree=131
num_leaves=6
num_cat=0
split_feature=45 64 102 10 32
split_gain=6942.04 2798.93 2713.49 2132.5 1724.77
threshold=0.0066666666666666688 51.000000000000007 27.500000000000004 5.3750000000000009 5.5000000000000009
decision_type=2 2 2 2 2
left_child=1 2 -1 -4 -5
right_child=-2 -3 3 4 -6
leaf_value=0.31210877277095866 0.85241795804077403 0.42020697297226067 -0.91075406392908986 0.099963027357462028 -0.55527454833708589
leaf_weight=15.999999999999998 23 19 15.999999999999998 20 20
leaf_count=16 23 19 16 20 20
internal_value=0.078281 -0.118046 -0.26054 -0.424508 -0.228099
internal_weight=114 91 72 56 40
internal_count=114 91 72 56 40
is_linear=0
shrinkage=0.05


Tree=132
num_leaves=7
num_cat=0
split_feature=37 23 49 95 103 96
split_gain=7871.07 1849.43 2587.89 1241.9 916.353 571.065
threshold=-1.7416666666666669 88.550000000000026 6.3400000000000007 27.600000000000005 42.500000000000007 51.550000000000004
decision_type=2 2 2 2 2 2
left_child=-1 2 3 -2 5 -5
right_child=1 -3 -4 4 -6 -7
leaf_value=0.97811788179859604 -0.78826472309871487 0.24477082859745344 0.27829430048039422 0.040173852896829794 -0.63277054349120887 -0.37489578940483353
leaf_weight=15.999999999999998 19 18 14.999999999999998 17 14.999999999999998 15.999999999999998
leaf_count=16 19 18 15 17 15 16
internal_value=-0.0479694 -0.213006 -0.313731 -0.446565 -0.309848 -0.161446
internal_weight=116 100 82 67 48 33
internal_count=116 100 82 67 48 33
is_linear=0
shrinkage=0.05


Tree=133
num_leaves=6
num_cat=0
split_feature=107 13 6 37 6
split_gain=6322.19 5453.42 3015.08 1128.2 459.671
threshold=57.500000000000007 4.6850000000000014 5.5000000000000009 6.8333333333333295 1.5000000000000002
decision_type=2 2 2 2 2
left_child=1 -1 3 -3 -5
right_child=-2 2 -4 4 -6
leaf_value=-1.1063587781064999 0.83423700403693501 -0.6211779477187942 0.37099232248250874 -0.32104380071459721 0.0094704251618406912
leaf_weight=15.999999999999998 14.999999999999998 18 24 20 22
leaf_count=16 15 18 24 20 22
internal_value=-0.119518 -0.263321 -0.101559 -0.290965 -0.148187
internal_weight=115 100 84 60 42
internal_count=115 100 84 60 42
is_linear=0
shrinkage=0.05


Tree=134
num_leaves=7
num_cat=0
split_feature=77 60 26 92 56 99
split_gain=6055.52 17963.8 3354.1 4360.54 3007.67 1601.44
threshold=3.5000000000000004 47.45000000000001 31.450000000000006 37.800000000000004 32.70000000000001 51.300000000000004
decision_type=2 2 2 2 2 2
left_child=1 -1 5 4 -4 -2
right_child=2 -3 3 -5 -6 -7
leaf_value=1.7956292493002755 -0.25581864221206568 -0.40070993981210351 -0.77662994122644602 0.66783260643830777 0.17603117892090578 -0.96650620378793484
leaf_weight=15.999999999999998 14.999999999999998 22 17 17 15.999999999999998 17
leaf_count=16 15 22 17 17 16 17
internal_value=0.00522474 0.526219 -0.236498 0.0194345 -0.315446 -0.635362
internal_weight=120 38 82 50 33 32
internal_count=120 38 82 50 33 32
is_linear=0
shrinkage=0.05


Tree=135
num_leaves=6
num_cat=0
split_feature=121 43 35 111 82
split_gain=6130.12 5804 4075.74 1811.04 1633.02
threshold=-0.56916666666666671 -0.55583333333333262 -0.23333333333333603 -0.53999999999999948 -0.13416666666666674
decision_type=2 2 2 2 2
left_child=-1 -2 -3 -4 -5
right_child=1 2 3 4 -6
leaf_value=0.77182552708381125 0.62837865746509269 -1.0712250823863068 -0.67779098587320341 -0.36597227128517573 0.21809030474374122
leaf_weight=19 17 17 14.999999999999998 22 26
leaf_count=19 17 17 15 22 26
internal_value=-0.0469964 -0.208065 -0.386435 -0.200166 -0.0497054
internal_weight=116 97 80 63 48
internal_count=116 97 80 63 48
is_linear=0
shrinkage=0.05


Tree=136
num_leaves=6
num_cat=0
split_feature=10 65 48 65 45
split_gain=7311.22 2265.39 1992.67 1892.84 546.668
threshold=5.1050000000000013 20.400000000000002 6.7550000000000008 40.350000000000009 -0.012500000000000009
decision_type=2 2 2 2 2
left_child=-1 -2 -3 4 -4
right_child=1 2 3 -5 -6
leaf_value=0.85468389389425869 0.33334260704393071 -0.62671392548875682 -0.096765631311197059 0.35340785124497109 -0.5174109117479514
leaf_weight=24 21 24 16.000000000000004 17 14.999999999999998
leaf_count=24 21 24 16 17 15
internal_value=0.078523 -0.122426 -0.255705 -0.06918 -0.301474
internal_weight=117 93 72 48 31
internal_count=117 93 72 48 31
is_linear=0
shrinkage=0.05


Tree=137
num_leaves=6
num_cat=0
split_feature=17 102 26 24 33
split_gain=7066.29 17953.9 3589.6 2704.46 702.893
threshold=28.650000000000002 43.850000000000009 29.900000000000002 36.000000000000007 0.99750000000000016
decision_type=2 2 2 2 2
left_child=1 -1 -2 -4 -5
right_child=2 -3 3 4 -6
leaf_value=-0.44260988840506532 -0.68958435012348762 1.9242586380364188 0.5675293500379005 -0.34715208580573109 0.070174730925456327
leaf_weight=17 26 14.999999999999998 15.999999999999998 27 15.999999999999998
leaf_count=17 26 15 16 27 16
internal_value=0.0370943 0.669242 -0.201339 0.0145383 -0.191949
internal_weight=117 32 85 59 43
internal_count=117 32 85 59 43
is_linear=0
shrinkage=0.05


Tree=138
num_leaves=7
num_cat=0
split_feature=101 69 6 37 62 59
split_gain=7367.78 3573.16 4568.96 4565.71 1707.22 782.849
threshold=84.950000000000017 4.5000000000000009 3.5000000000000004 1.3999999999999988 76.050000000000011 31.800000000000001
decision_type=2 2 2 2 2 2
left_child=1 3 -3 -1 5 -5
right_child=-2 2 -4 4 -6 -7
leaf_value=-1.0991393828243943 1.0225804886083729 -0.29609914101783746 0.84386282259957823 -0.13388617196619904 0.15324561229667902 -0.63754770676171557
leaf_weight=15.999999999999998 14.999999999999998 18 17 15.000000000000002 26 15.999999999999998
leaf_count=16 15 18 17 15 26 16
internal_value=-0.0119497 -0.156494 0.258281 -0.355508 -0.145122 -0.395215
internal_weight=123 108 35 73 57 31
internal_count=123 108 35 73 57 31
is_linear=0
shrinkage=0.05


Tree=139
num_leaves=6
num_cat=0
split_feature=102 48 36 105 67
split_gain=5928.99 3016.82 3080.5 1461.74 848.344
threshold=57.400000000000013 6.8350000000000009 3.5000000000000004 13.450000000000001 7.5000000000000009
decision_type=2 2 2 2 2
left_child=1 2 -1 -4 -5
right_child=-2 -3 3 4 -6
leaf_value=-0.90955148987148116 0.75978229304784017 0.39314447749609971 -0.43612104291781723 0.35917967069918749 -0.13675245196368563
leaf_weight=15.999999999999998 22 20 23 14.999999999999998 20
leaf_count=16 22 20 23 15 20
internal_value=0.022783 -0.150277 -0.297548 -0.127358 0.0760652
internal_weight=116 94 74 58 35
internal_count=116 94 74 58 35
is_linear=0
shrinkage=0.05


Tree=140
num_leaves=7
num_cat=0
split_feature=70 56 34 64 56 41
split_gain=4453.07 4536.02 3833.09 1382.76 985.208 786.859
threshold=-0.048333333333333332 36.550000000000004 3.5000000000000004 48.900000000000006 25.150000000000002 0.020833333333333485
decision_type=2 2 2 2 2 2
left_child=-1 2 -2 4 -4 -6
right_child=1 -3 3 -5 5 -7
leaf_value=0.76497870020519043 -1.0638611029315468 0.40273909962485199 -0.62576495164669821 0.24172333502611579 -0.38560248159843935 0.11692661138757175
leaf_weight=14.999999999999998 14.999999999999998 27 15.999999999999998 14.999999999999998 16.000000000000004 14.999999999999998
leaf_count=15 15 27 16 15 16 15
internal_value=-0.0374164 -0.153818 -0.349309 -0.174918 -0.308226 -0.142688
internal_weight=119 104 77 62 47 31
internal_count=119 104 77 62 47 31
is_linear=0
shrinkage=0.05


Tree=141
num_leaves=6
num_cat=0
split_feature=63 115 89 13 94
split_gain=5536.44 6229.51 5921.19 3054.88 416.791
threshold=30.600000000000005 0.8249999999999994 30.400000000000002 5.1800000000000006 5.0150000000000006
decision_type=2 2 2 2 2
left_child=-1 2 -2 -3 -5
right_child=1 3 -4 4 -6
leaf_value=0.78533031941872633 -0.10511158188254809 -1.0444400361235837 1.09779998426852 -0.42581048931507087 -0.086855508987005656
leaf_weight=21 28 15.999999999999998 15.999999999999998 14.999999999999998 23
leaf_count=21 28 16 16 15 23
internal_value=0.0505863 -0.107448 0.333695 -0.466942 -0.221551
internal_weight=119 98 44 54 38
internal_count=119 98 44 54 38
is_linear=0
shrinkage=0.05


Tree=142
num_leaves=6
num_cat=0
split_feature=39 54 66 23 48
split_gain=9298.25 2935.01 3039.71 946.423 352.755
threshold=-0.055833333333333617 25.950000000000006 16.200000000000006 77.950000000000003 6.785000000000001
decision_type=2 2 2 2 2
left_child=-1 -2 -3 -4 -5
right_child=1 2 3 4 -6
leaf_value=1.069675360167224 -0.80380939270881635 0.3906121946128972 -0.466381340273192 -0.2404213287972457 0.091161216542734735
leaf_weight=18 14.999999999999998 27 27 14.999999999999998 17
leaf_count=18 15 27 27 15 17
internal_value=0.0259761 -0.160854 -0.0478496 -0.248908 -0.0643771
internal_weight=119 101 86 59 32
internal_count=119 101 86 59 32
is_linear=0
shrinkage=0.05


Tree=143
num_leaves=7
num_cat=0
split_feature=119 5 98 35 25 76
split_gain=4788.42 15549.8 3069.66 2996.04 1099.04 901.734
threshold=0.48499999999999993 1.0000000180025095e-35 23.900000000000002 -0.23333333333333603 42.550000000000004 12.358333333333333
decision_type=2 2 2 2 2 2
left_child=2 -2 -1 -4 5 -5
right_child=1 -3 3 4 -6 -7
leaf_value=0.38944006751042715 -0.52504167823501713 1.6485038668904082 -1.0013389047407946 0.19622691052122265 -0.48323475142449013 -0.29626721434336339
leaf_weight=15.999999999999998 18 14.999999999999998 14.999999999999998 19 23 18
leaf_count=16 18 15 15 19 23 18
internal_value=-0.0502684 0.464778 -0.237403 -0.371537 -0.212599 -0.0433828
internal_weight=124 33 91 75 60 37
internal_count=124 33 91 75 60 37
is_linear=0
shrinkage=0.05


Tree=144
num_leaves=5
num_cat=0
split_feature=95 114 33 60
split_gain=5332.91 4515.94 2909.25 488.569
threshold=26.600000000000005 2.5000000000000004 0.1616666666666671 48.100000000000009
decision_type=2 2 2 2
left_child=-1 -2 -3 -4
right_child=1 2 3 -5
leaf_value=0.75511735598622898 0.45010684619386832 -0.87767329308209485 -0.29663205380102553 0.012403062693917432
leaf_weight=21 25 18 25 26
leaf_count=21 25 18 25 26
internal_value=0.0366901 -0.124388 -0.332961 -0.139271
internal_weight=115 94 69 51
internal_count=115 94 69 51
is_linear=0
shrinkage=0.05


Tree=145
num_leaves=6
num_cat=0
split_feature=10 99 94 102 119
split_gain=5054.86 1759.02 1847.34 1805.84 1783.19
threshold=5.1050000000000013 45.70000000000001 5.3100000000000014 54.150000000000006 -0.17250000000000029
decision_type=2 2 2 2 2
left_child=-1 2 -2 4 -3
right_child=1 3 -4 -5 -6
leaf_value=0.6285450121353473 -0.20203100757466422 0.24947487289569656 0.55693768752331774 -0.73923795376604762 -0.39149439889126603
leaf_weight=27 17 18 14.999999999999998 17 27
leaf_count=27 17 18 15 17 27
internal_value=0.026826 -0.146439 0.154207 -0.30169 -0.135011
internal_weight=121 94 32 62 45
internal_count=121 94 32 62 45
is_linear=0
shrinkage=0.05


Tree=146
num_leaves=5
num_cat=0
split_feature=10 6 48 12
split_gain=9974.31 2019.7 1378.46 863.986
threshold=5.1050000000000013 5.5000000000000009 6.7550000000000008 64.950000000000017
decision_type=2 2 2 2
left_child=-1 2 -2 -4
right_child=1 -3 3 -5
leaf_value=0.96590203917372763 -0.64519303961576913 0.20408686454077643 -0.31944814305432478 0.1467781272451609
leaf_weight=24 22 25 29 14.999999999999998
leaf_count=24 22 25 29 15
internal_value=0.0613594 -0.177945 -0.322819 -0.160422
internal_weight=115 91 66 44
internal_count=115 91 66 44
is_linear=0
shrinkage=0.05


Tree=147
num_leaves=7
num_cat=0
split_feature=78 39 26 111 39 37
split_gain=5721.1 23169.5 2246 2059.25 1287.81 1186.94
threshold=-0.072499999999999773 1.3324999999999998 31.450000000000006 0.1191666666666671 0.46083333333333304 14.175000000000006
decision_type=2 2 2 2 2 2
left_child=1 -1 4 -4 -2 -5
right_child=2 -3 3 5 -6 -7
leaf_value=1.9428678660992755 -0.9061961644924944 -0.74526440651096104 0.32242468386464779 -0.63472296512679538 -0.2877532167000007 -0.0063776389578517698
leaf_weight=14.999999999999998 15.999999999999998 17 21 15.000000000000002 18 14.999999999999998
leaf_count=15 16 17 21 15 18 15
internal_value=-0.0520262 0.516769 -0.266575 -0.0563103 -0.580736 -0.321781
internal_weight=117 32 85 51 34 30
internal_count=117 32 85 51 34 30
is_linear=0
shrinkage=0.05


Tree=148
num_leaves=6
num_cat=0
split_feature=60 78 82 52 44
split_gain=4800.32 17078.1 3173.59 4051.27 2760.37
threshold=47.350000000000001 0.28833333333333361 0.17999999999999974 6.2250000000000005 2.5000000000000004
decision_type=2 2 2 2 2
left_child=1 -1 4 -4 -2
right_child=2 -3 3 -5 -6
leaf_value=1.807974277426865 -0.089671128021170762 -0.27733522480837602 -0.28391909391430348 0.73153748287270404 -1.0200322027094879
leaf_weight=14.999999999999998 14.999999999999998 28 28 14.999999999999998 17
leaf_count=15 15 28 28 15 17
internal_value=0.0318696 0.452489 -0.209501 0.0710694 -0.585719
internal_weight=118 43 75 43 32
internal_count=118 43 75 43 32
is_linear=0
shrinkage=0.05


Tree=149
num_leaves=7
num_cat=0
split_feature=36 84 12 64 16 115
split_gain=4364.11 3906.99 1757.63 1284.64 805.758 1105.13
threshold=2.5000000000000004 0.013333333333333352 49.800000000000004 48.900000000000006 5.6550000000000011 4.9916666666666716
decision_type=2 2 2 2 2 2
left_child=-1 2 -2 4 5 -4
right_child=1 -3 3 -5 -6 -7
leaf_value=0.78377924975969948 -0.72549160905876509 0.57209057389644158 -0.66385864920877102 0.17168685812755949 -0.0047846588640581833 -0.1149447220938596
leaf_weight=14.999999999999998 15.999999999999998 17 20 22 18 17
leaf_count=15 16 17 20 22 18 17
internal_value=-0.0133016 -0.122653 -0.250181 -0.150537 -0.279596 -0.412779
internal_weight=125 110 93 77 55 37
internal_count=125 110 93 77 55 37
is_linear=0
shrinkage=0.05


Tree=150
num_leaves=6
num_cat=0
split_feature=107 22 23 14 15
split_gain=4941.33 2254.01 1323.37 1503.94 1109.12
threshold=57.500000000000007 0.17500000000000002 87.500000000000014 42.20000000000001 68.15000000000002
decision_type=2 2 2 2 2
left_child=1 2 3 -1 -5
right_child=-2 -3 -4 4 -6
leaf_value=-0.47857859306229877 0.71555436081397605 -0.66147069515603951 0.32201621269942915 0.28917771172786949 -0.28125822708843656
leaf_weight=27 15.999999999999998 23 14.999999999999998 18 15.999999999999998
leaf_count=27 16 23 15 18 16
internal_value=-0.096922 -0.228871 -0.0971902 -0.200714 0.0205531
internal_weight=115 99 76 61 34
internal_count=115 99 76 61 34
is_linear=0
shrinkage=0.05


Tree=151
num_leaves=6
num_cat=0
split_feature=10 23 63 72 11
split_gain=4806.31 1489.06 1336.86 1656.31 820.556
threshold=5.1050000000000013 88.550000000000026 47.500000000000007 1.0358333333333338 38.400000000000006
decision_type=2 2 2 2 2
left_child=-1 2 4 -4 -2
right_child=1 -3 3 -5 -6
leaf_value=0.66267431974411006 -0.10178254024582618 0.31912650122263497 0.39423457295257852 -0.32294990620257691 -0.55152720577776215
leaf_weight=25 15.999999999999998 15.999999999999998 15.999999999999998 15.999999999999998 28
leaf_count=25 16 16 16 16 28
internal_value=0.049335 -0.117818 -0.21017 0.0355976 -0.388699
internal_weight=117 92 76 32 44
internal_count=117 92 76 32 44
is_linear=0
shrinkage=0.05


Tree=152
num_leaves=6
num_cat=0
split_feature=58 45 24 10 59
split_gain=4549.03 13227.4 2904.77 2236.6 1417.3
threshold=5.0900000000000007 0.0066666666666666688 36.000000000000007 5.4850000000000012 35.350000000000001
decision_type=2 2 2 2 2
left_child=3 2 -2 -1 -4
right_child=1 -3 4 -5 -6
leaf_value=-0.93176679350682434 0.45567339073797186 1.5274027622298689 0.021552333252206034 -0.1756529292496074 -0.54635000802523503
leaf_weight=14.999999999999998 15.999999999999998 14.999999999999998 18 28 28
leaf_count=15 16 15 18 28 28
internal_value=-0.0296648 0.200296 -0.122641 -0.441079 -0.324454
internal_weight=120 77 62 43 46
internal_count=120 77 62 43 46
is_linear=0
shrinkage=0.05


Tree=153
num_leaves=6
num_cat=0
split_feature=60 54 54 13 78
split_gain=5969.52 14069.4 2922.47 2549.31 1483.97
threshold=47.350000000000001 56.300000000000004 70.15000000000002 5.0500000000000007 0.78916666666666646
decision_type=2 2 2 2 2
left_child=1 -1 3 -2 -5
right_child=2 -3 -4 4 -6
leaf_value=1.5877643953289899 -0.98530949973408755 -0.25784957042370721 0.3359474599731635 -0.44620266181906471 0.15231153802101657
leaf_weight=17 14.999999999999998 26 15.999999999999998 29 15.999999999999998
leaf_count=17 15 26 16 29 16
internal_value=0.00347772 0.473687 -0.262769 -0.422803 -0.233421
internal_weight=119 43 76 60 45
internal_count=119 43 76 60 45
is_linear=0
shrinkage=0.05


Tree=154
num_leaves=7
num_cat=0
split_feature=17 77 98 35 15 3
split_gain=5290.29 11399.7 2393.45 3542.16 661.617 635.264
threshold=28.650000000000002 4.5000000000000009 25.400000000000002 -1.0416666666666712 71.000000000000014 2.5000000000000004
decision_type=2 2 2 2 2 2
left_child=1 -1 -2 -4 5 -5
right_child=2 -3 3 4 -6 -7
leaf_value=1.5626230248552284 0.40145838905051845 -0.38123916166507649 -0.97309287304909808 -0.27173384453013821 -0.40234135385380682 0.11967907911518597
leaf_weight=15 14.999999999999998 15 14.999999999999998 15.999999999999998 14.999999999999998 29
leaf_count=15 15 15 15 16 15 29
internal_value=0.0185646 0.592488 -0.173133 -0.288499 -0.115934 -0.019673
internal_weight=120 30 90 75 60 45
internal_count=120 30 90 75 60 45
is_linear=0
shrinkage=0.05


Tree=155
num_leaves=6
num_cat=0
split_feature=95 13 78 43 39
split_gain=5506.32 2672.03 1119.06 1312.67 785.045
threshold=26.600000000000005 4.8400000000000007 0.28833333333333361 -0.20333333333333312 1.415
decision_type=2 2 2 2 2
left_child=-1 -2 4 -4 -3
right_child=1 2 3 -5 -6
leaf_value=0.61280915034757111 -0.77961337070768044 -0.068508796818209011 0.34269161206709831 -0.18763142240686892 -0.56504001087612576
leaf_weight=24 18 14.999999999999998 21 26 17
leaf_count=24 18 15 21 26 17
internal_value=-0.0636693 -0.231556 -0.105791 0.0494398 -0.333385
internal_weight=121 97 79 47 32
internal_count=121 97 79 47 32
is_linear=0
shrinkage=0.05


Tree=156
num_leaves=6
num_cat=0
split_feature=10 6 12 37 35
split_gain=5800.57 1171.54 1209.72 562.683 656.683
threshold=5.1050000000000013 5.5000000000000009 66.850000000000009 6.8333333333333295 13.908333333333337
decision_type=2 2 2 2 2
left_child=-1 2 3 -2 -5
right_child=1 -3 -4 4 -6
leaf_value=0.72535699660352648 -0.61904880116317451 0.13945485837345195 0.13484053894969986 -0.092458043405129198 -0.50603996381996585
leaf_weight=24 14.999999999999998 27 15.999999999999998 24 15.999999999999998
leaf_count=24 15 27 16 24 16
internal_value=0.0303288 -0.140397 -0.246937 -0.358133 -0.258865
internal_weight=122 98 71 55 40
internal_count=122 98 71 55 40
is_linear=0
shrinkage=0.05


Tree=157
num_leaves=7
num_cat=0
split_feature=101 43 12 63 6 28
split_gain=4374.13 4580.85 2992.01 1379.08 1965.71 1364.06
threshold=84.950000000000017 -0.55583333333333262 45.000000000000007 32.550000000000004 5.5000000000000009 9.3000000000000025
decision_type=2 2 2 2 2 2
left_child=1 -1 -3 -4 5 -5
right_child=-2 2 3 4 -6 -7
leaf_value=0.70794628262519843 0.78696261622150487 -0.87530885200626796 -0.49817983734677407 -0.41308158178856264 0.48261561756548671 0.16138575977712705
leaf_weight=14.999999999999998 15.999999999999998 14.999999999999998 17 24 15.999999999999998 18
leaf_count=15 16 15 17 24 16 18
internal_value=0.0194878 -0.0980506 -0.233076 -0.103568 0.0126666 -0.166964
internal_weight=121 105 90 75 58 42
internal_count=121 105 90 75 58 42
is_linear=0
shrinkage=0.05


Tree=158
num_leaves=6
num_cat=0
split_feature=109 30 109 76 67
split_gain=4857.67 2591.32 3594.51 4381.92 1123.01
threshold=-0.067500000000000324 1.5000000000000002 -0.01333333333333364 6.3750000000000009 5.7000000000000002
decision_type=2 2 2 2 2
left_child=-1 -2 4 -4 -3
right_child=1 2 3 -5 -6
leaf_value=0.77235559690416888 -0.55735879744990713 0.028032754114921524 0.98806373643578937 -0.11944704849773378 -0.51831087741956283
leaf_weight=17 27 14.999999999999998 15.999999999999998 20 25
leaf_count=17 27 15 16 20 25
internal_value=-0.00808918 -0.137573 0.012032 0.374015 -0.313748
internal_weight=120 103 76 36 40
internal_count=120 103 76 36 40
is_linear=0
shrinkage=0.05


Tree=159
num_leaves=6
num_cat=0
split_feature=31 38 44 105 0
split_gain=4873.45 10677.8 2571.53 1155.43 1473.15
threshold=-0.0074999999999989511 3.5000000000000004 2.5000000000000004 11.800000000000002 1421.0000000000002
decision_type=2 2 2 2 2
left_child=3 -2 -3 -1 -5
right_child=1 2 -4 4 -6
leaf_value=-0.61204394316821364 1.4413473547550668 0.32925251965274183 -0.47152632552330714 0.23037682949508753 -0.35664678303903091
leaf_weight=15.999999999999998 17 21 19 18 26
leaf_count=16 17 21 19 18 26
internal_value=0.0648211 0.395589 -0.0512201 -0.24946 -0.11641
internal_weight=117 57 40 60 44
internal_count=117 57 40 60 44
is_linear=0
shrinkage=0.05


Tree=160
num_leaves=6
num_cat=0
split_feature=113 37 92 56 78
split_gain=3975.77 8303.52 2267.35 1509.63 1333.64
threshold=2.1916666666666669 2.183333333333334 26.150000000000002 34.20000000000001 0.78916666666666646
decision_type=2 2 2 2 2
left_child=1 -1 -2 -3 -4
right_child=2 3 4 -5 -6
leaf_value=1.2665277665024561 -0.8504414519726835 -0.31317068630053901 -0.37921620882305274 0.29405005403927398 0.15097417246673908
leaf_weight=14.999999999999998 14.999999999999998 28 27 15.999999999999998 21
leaf_count=15 15 28 27 16 21
internal_value=-0.0398787 0.2548 -0.315893 -0.0920837 -0.147322
internal_weight=122 59 63 44 48
internal_count=122 59 63 44 48
is_linear=0
shrinkage=0.05


Tree=161
num_leaves=6
num_cat=0
split_feature=13 23 24 48 40
split_gain=5494.84 1050.74 1848.66 1086.29 927.649
threshold=4.4650000000000007 75.350000000000009 37.800000000000004 6.7750000000000012 4.5000000000000009
decision_type=2 2 2 2 2
left_child=-1 3 -3 -2 -4
right_child=1 2 4 -5 -6
leaf_value=0.88152063650800694 -0.073147581163690897 0.466280954247279 -0.35704841917095664 -0.6153084841542219 0.065843452853285911
leaf_weight=14.999999999999998 18 14.999999999999998 28 19 24
leaf_count=15 18 15 28 19 24
internal_value=-0.00978835 -0.139114 -0.0207957 -0.352597 -0.16202
internal_weight=119 104 67 37 52
internal_count=119 104 67 37 52
is_linear=0
shrinkage=0.05


Tree=162
num_leaves=6
num_cat=0
split_feature=25 97 37 68 75
split_gain=4125.25 2174.74 2385.45 1045.25 974.078
threshold=22.450000000000003 4.6150000000000011 6.3333333333333295 53.500000000000007 3.5000000000000004
decision_type=2 2 2 2 2
left_child=-1 -2 -3 4 -4
right_child=1 2 3 -5 -6
leaf_value=0.7179713416543807 0.40877487454193323 -0.67611801139204009 -0.55271178097124929 0.1861482723305623 -0.03969981925121481
leaf_weight=15.999999999999998 14.999999999999998 23 14.999999999999998 23 24
leaf_count=16 15 23 15 23 24
internal_value=-0.0248422 -0.144341 -0.242374 -0.0805586 -0.238049
internal_weight=116 100 85 62 39
internal_count=116 100 85 62 39
is_linear=0
shrinkage=0.05


Tree=163
num_leaves=6
num_cat=0
split_feature=10 101 0 66 64
split_gain=3664.24 1079.14 1337.05 1225.71 560.144
threshold=5.1050000000000013 79.700000000000017 2921.0000000000005 17.900000000000002 48.900000000000006
decision_type=2 2 2 2 2
left_child=-1 2 3 -2 -5
right_child=1 -3 -4 4 -6
leaf_value=0.56671228267519591 0.43273991102947618 -0.38632522122613316 -0.40798250273888154 -0.25834491032263196 0.14702052440702543
leaf_weight=25 19 26 15.999999999999998 18 15.999999999999998
leaf_count=25 19 26 16 18 16
internal_value=0.0293438 -0.112464 -0.00878724 0.112172 -0.0675663
internal_weight=120 95 69 53 34
internal_count=120 95 69 53 34
is_linear=0
shrinkage=0.05


Tree=164
num_leaves=7
num_cat=0
split_feature=119 80 121 35 49 118
split_gain=4020.98 8429.93 2366 2501.76 625.042 722.047
threshold=0.48499999999999993 -0.40916666666666662 -0.56916666666666671 -0.23333333333333603 6.1750000000000007 2.5000000000000004
decision_type=2 2 2 2 2 2
left_child=2 -2 -1 -4 5 -5
right_child=1 -3 3 4 -6 -7
leaf_value=0.33971905992520574 -0.34163509830396777 1.2800309169371396 -0.89907219957861084 -0.53268083985997827 0.082917471378054844 -0.12043366355257701
leaf_weight=14.999999999999998 17 14.999999999999998 15.999999999999998 18 14.999999999999998 26
leaf_count=15 17 15 16 18 15 26
internal_value=-0.0605371 0.419985 -0.231721 -0.346376 -0.19514 -0.290019
internal_weight=122 32 90 75 59 44
internal_count=122 32 90 75 59 44
is_linear=0
shrinkage=0.05


Tree=165
num_leaves=7
num_cat=0
split_feature=101 43 12 63 60 18
split_gain=3489.86 3438.28 3563.85 1312 1701.98 281.934
threshold=84.950000000000017 -0.55583333333333262 45.000000000000007 32.550000000000004 51.300000000000004 54.900000000000006
decision_type=2 2 2 2 2 2
left_child=1 -1 -3 -4 5 -5
right_child=-2 2 3 4 -6 -7
leaf_value=0.54505959390276704 0.72870631612689296 -0.91090342509036037 -0.46717882645056119 -0.37097661905730794 0.32273243194266998 -0.063937490428520358
leaf_weight=18 14.999999999999998 14.999999999999998 15.999999999999998 15.000000000000002 28 14.999999999999998
leaf_count=18 15 15 16 15 28 15
internal_value=0.0170713 -0.0832312 -0.210827 -0.0678138 0.0428843 -0.218346
internal_weight=122 107 89 74 58 30
internal_count=122 107 89 74 58 30
is_linear=0
shrinkage=0.05


Tree=166
num_leaves=6
num_cat=0
split_feature=10 0 116 111 27
split_gain=4068.09 939.294 1538.86 1316.67 605.94
threshold=5.1050000000000013 2921.0000000000005 5.5000000000000009 -0.34666666666666662 29.300000000000001
decision_type=2 2 2 2 2
left_child=-1 2 3 -2 -5
right_child=1 -3 -4 4 -6
leaf_value=0.59427785854415582 0.48914275272003077 -0.39078096772130594 -0.478908566923331 0.10912224307532625 -0.27366526785476436
leaf_weight=25 14.999999999999998 24 14.999999999999998 24 18
leaf_count=25 15 24 15 24 18
internal_value=0.0274533 -0.12057 -0.0300133 0.0886613 -0.0550711
internal_weight=121 96 72 57 42
internal_count=121 96 72 57 42
is_linear=0
shrinkage=0.05


Tree=167
num_leaves=6
num_cat=0
split_feature=30 93 13 72 33
split_gain=4201.03 3567.94 2675.48 737.629 599.739
threshold=4.5000000000000009 64.65000000000002 4.6850000000000014 0.054999999999999723 0.99750000000000016
decision_type=2 2 2 2 2
left_child=1 2 -1 -4 -5
right_child=-2 -3 3 4 -6
leaf_value=-0.90597945854363848 0.63890883970023382 0.4544657534953811 -0.41968017853991529 -0.21601265764339664 0.16264675454631528
leaf_weight=14.999999999999998 20 19 19 23 19
leaf_count=15 20 19 19 23 19
internal_value=-0.0178293 -0.156669 -0.309915 -0.162017 -0.0446161
internal_weight=115 95 76 61 42
internal_count=115 95 76 61 42
is_linear=0
shrinkage=0.05


Tree=168
num_leaves=6
num_cat=0
split_feature=68 80 35 11 26
split_gain=3743.07 9165.89 2398.07 789.418 498.062
threshold=54.500000000000007 -0.15250000000000072 -0.23333333333333603 50.20000000000001 31.950000000000006
decision_type=2 2 2 2 2
left_child=2 -2 -1 4 -4
right_child=1 -3 3 -5 -6
leaf_value=-0.81751039770265299 -0.35354805373396547 1.2952320909065917 -0.41183192359274301 0.17406694693872105 -0.087286573546039276
leaf_weight=14.999999999999998 19 14.999999999999998 20 17 29
leaf_count=15 19 15 20 17 29
internal_value=-0.0641658 0.375374 -0.248961 -0.118628 -0.220425
internal_weight=115 34 81 66 49
internal_count=115 34 81 66 49
is_linear=0
shrinkage=0.05


Tree=169
num_leaves=6
num_cat=0
split_feature=9 93 13 102 78
split_gain=4503.41 6663.83 2072.77 938.534 876.145
threshold=6.8250000000000011 53.100000000000001 5.0500000000000007 47.000000000000007 0.44750000000000029
decision_type=2 2 2 2 2
left_child=2 -2 -1 4 -4
right_child=1 -3 3 -5 -6
leaf_value=-0.72439410400669479 1.2218049326282461 -0.26445680608023087 -0.4897616390782501 0.17887413946805125 -0.046836577028695946
leaf_weight=17 15.000000000000002 14.999999999999998 19 20 27
leaf_count=17 15 15 19 20 27
internal_value=-0.0438951 0.480098 -0.2337 -0.106329 -0.230558
internal_weight=113 30 83 66 46
internal_count=113 30 83 66 46
is_linear=0
shrinkage=0.05


Tree=170
num_leaves=6
num_cat=0
split_feature=39 11 14 109 9
split_gain=3453.04 2915.94 1798.91 1067.32 604.534
threshold=-0.45833333333333343 29.500000000000004 33.20000000000001 -0.0091666666666658774 6.7750000000000012
decision_type=2 2 2 2 2
left_child=-1 -2 -3 4 -4
right_child=1 2 3 -5 -6
leaf_value=0.66980716140064978 -0.71591379701761904 0.47818611283965462 -0.10210960539544765 0.13617436012245746 -0.47470123934656822
leaf_weight=14.999999999999998 18 14.999999999999998 24 25 20
leaf_count=15 18 15 24 25 20
internal_value=-0.0358898 -0.140272 -0.0161564 -0.124231 -0.272275
internal_weight=117 102 84 69 44
internal_count=117 102 84 69 44
is_linear=0
shrinkage=0.05


Tree=171
num_leaves=6
num_cat=0
split_feature=60 52 12 99 63
split_gain=3754.17 11501.4 1886.53 1400.41 551.778
threshold=47.350000000000001 5.5550000000000006 51.400000000000006 45.70000000000001 44.20000000000001
decision_type=2 2 2 2 2
left_child=1 -1 -2 -4 -5
right_child=2 -3 3 4 -6
leaf_value=1.3305928531601943 -0.64326547260215772 -0.32321737764841058 0.23229730056993889 -0.44028066319612719 -0.038869563840477676
leaf_weight=18 19 25 23 20 14.999999999999998
leaf_count=18 19 25 23 20 15
internal_value=-0.00325479 0.37044 -0.212216 -0.0700603 -0.268991
internal_weight=120 43 77 58 35
internal_count=120 43 77 58 35
is_linear=0
shrinkage=0.05


Tree=172
num_leaves=6
num_cat=0
split_feature=45 102 87 62 56
split_gain=4500.21 2086.05 1246.83 831.363 805.58
threshold=0.0083333333333333193 57.400000000000013 6.8250000000000011 80.200000000000017 30.600000000000005
decision_type=2 2 2 2 2
left_child=1 2 3 4 -1
right_child=-2 -3 -4 -5 -6
leaf_value=-0.52057398747014738 0.70395763482098794 -0.67531756778426522 0.27603268504336281 0.16705894616265959 -0.091866680035811721
leaf_weight=18 19 14.999999999999998 23 14.999999999999998 28
leaf_count=18 19 15 23 15 28
internal_value=0.00117187 -0.13423 -0.0368597 -0.155176 -0.260496
internal_weight=118 99 84 61 46
internal_count=118 99 84 61 46
is_linear=0
shrinkage=0.05


Tree=173
num_leaves=7
num_cat=0
split_feature=30 13 68 74 66 17
split_gain=3306.18 2857.92 959.924 934.089 565.171 157.342
threshold=4.5000000000000009 5.0500000000000007 51.500000000000007 11.500000000000004 13.300000000000002 33.400000000000006
decision_type=2 2 2 2 2 2
left_child=1 -1 -3 4 -4 -6
right_child=-2 2 3 -5 5 -7
leaf_value=-0.80042136627666194 0.44388379371004405 0.25603105505768042 -0.55206222326944998 0.15249012470344048 -0.06750038403161561 -0.29358165141762493
leaf_weight=18 22 14.999999999999998 14.999999999999998 14.999999999999998 16.000000000000004 14.999999999999998
leaf_count=18 22 15 15 15 16 15
internal_value=-0.106504 -0.235706 -0.101016 -0.189171 -0.30078 -0.177648
internal_weight=116 94 76 61 46 31
internal_count=116 94 76 61 46 31
is_linear=0
shrinkage=0.05


Tree=174
num_leaves=7
num_cat=0
split_feature=17 23 99 54 105 53
split_gain=4276.3 9800.05 1997.02 1820.34 1467.46 540.576
threshold=28.650000000000002 77.000000000000014 54.050000000000004 70.15000000000002 18.900000000000002 30.450000000000006
decision_type=2 2 2 2 2 2
left_child=1 -1 3 5 -4 -2
right_child=2 -3 4 -5 -6 -7
leaf_value=1.4464007458939454 -0.34353410282187702 -0.32763956402029315 -0.089591792561360545 0.50308261888706141 -0.75945733057859843 0.028994891442958776
leaf_weight=15.000000000000002 18 15.999999999999998 14.999999999999998 14.999999999999998 18 21
leaf_count=15 18 16 15 15 18 21
internal_value=0.0291872 0.532497 -0.150501 0.0367906 -0.456315 -0.143253
internal_weight=118 31 87 54 33 39
internal_count=118 31 87 54 33 39
is_linear=0
shrinkage=0.05


Tree=175
num_leaves=6
num_cat=0
split_feature=10 101 99 90 84
split_gain=3987.51 1016.96 946.671 840.894 458.923
threshold=5.1050000000000013 79.700000000000017 45.70000000000001 40.45000000000001 -0.0058333333333333284
decision_type=2 2 2 2 2
left_child=-1 2 -2 -4 -5
right_child=1 -3 3 4 -6
leaf_value=0.62053279342493073 0.29763318237833952 -0.37332295372904056 -0.39995113876130844 -0.16137376273643 0.22230867743492128
leaf_weight=24 19 25 17 15.000000000000002 15.999999999999998
leaf_count=24 19 25 17 15 16
internal_value=0.0479543 -0.101871 -0.000103499 -0.118435 0.0365732
internal_weight=116 92 67 48 31
internal_count=116 92 67 48 31
is_linear=0
shrinkage=0.05


Tree=176
num_leaves=7
num_cat=0
split_feature=58 33 13 83 64 95
split_gain=2511.19 4204.69 1339.8 936.175 490.944 534.247
threshold=5.0900000000000007 -0.021666666666666941 5.8900000000000015 4.5000000000000009 46.650000000000013 33.400000000000006
decision_type=2 2 2 2 2 2
left_child=2 -2 -1 4 5 -3
right_child=1 3 -4 -5 -6 -7
leaf_value=-0.7103236448369632 0.84590239603787865 -0.52804652209708225 -0.11553153453478171 0.24391397563567074 0.024414642007084368 -0.10536809011997766
leaf_weight=18 14.999999999999998 15.000000000000002 20 15.999999999999998 15.999999999999998 14.999999999999998
leaf_count=18 15 15 20 16 16 15
internal_value=-0.0664673 0.0976479 -0.398531 -0.0843715 -0.198948 -0.317926
internal_weight=115 77 38 62 46 30
internal_count=115 77 38 62 46 30
is_linear=0
shrinkage=0.05


Tree=177
num_leaves=6
num_cat=0
split_feature=63 99 44 54 103
split_gain=3815.35 1537.75 1394.18 1134.43 815.173
threshold=30.600000000000005 54.050000000000004 2.5000000000000004 70.15000000000002 36.350000000000001
decision_type=2 2 2 2 2
left_child=-1 3 -3 4 -2
right_child=1 2 -4 -5 -6
leaf_value=0.58043494193584877 -0.28319290655787727 -0.083470157302959619 -0.72381279245454666 0.37416159447675906 0.14016758660683457
leaf_weight=23 28 17 17 15.999999999999998 19
leaf_count=23 28 17 17 16 19
internal_value=0.00284755 -0.134511 -0.404972 0.0117826 -0.112007
internal_weight=120 97 34 63 47
internal_count=120 97 34 63 47
is_linear=0
shrinkage=0.05


Tree=178
num_leaves=7
num_cat=0
split_feature=68 58 20 33 51 78
split_gain=3299.74 4508.2 1470.41 1665.55 1219.25 880.03
threshold=54.500000000000007 5.4200000000000008 34.350000000000001 0.38833333333333325 60.95000000000001 0.44750000000000029
decision_type=2 2 2 2 2 2
left_child=2 -2 3 -1 -4 -5
right_child=1 -3 4 5 -6 -7
leaf_value=-0.7937424294206481 1.0469670902912978 -0.17562241519721139 -0.1841744007365736 -0.4263445292679679 0.38785899544354552 0.105118519012232
leaf_weight=14.999999999999998 15.000000000000002 14.999999999999998 22 15.000000000000002 15.999999999999998 15.999999999999998
leaf_count=15 15 15 22 15 16 16
internal_value=-0.012264 0.436954 -0.173087 -0.362926 0.0569364 -0.152424
internal_weight=114 30 84 46 38 31
internal_count=114 30 84 46 38 31
is_linear=0
shrinkage=0.05


Tree=179
num_leaves=6
num_cat=0
split_feature=23 35 0 80 6
split_gain=3080.06 5754.89 708.788 618.552 964.229
threshold=63.95000000000001 2.5916666666666637 2921.0000000000005 -0.33916666666666678 2.5000000000000004
decision_type=2 2 2 2 2
left_child=-1 -2 3 -3 -5
right_child=1 2 -4 4 -6
leaf_value=-0.54532678572468729 0.86410933466169837 -0.19843050979380239 -0.37838412918438569 -0.15423727526520348 0.38495591411813657
leaf_weight=24 19 27 18 15.999999999999998 17
leaf_count=24 19 27 18 16 17
internal_value=-0.0393855 0.0861771 -0.104119 -0.0212636 0.123702
internal_weight=121 97 78 60 33
internal_count=121 97 78 60 33
is_linear=0
shrinkage=0.05


Tree=180
num_leaves=6
num_cat=0
split_feature=95 13 66 22 25
split_gain=3597.65 2181.92 694.256 404.034 814.086
threshold=26.600000000000005 4.8400000000000007 10.250000000000002 0.14500000000000005 46.000000000000007
decision_type=2 2 2 2 2
left_child=-1 -2 -3 -4 -5
right_child=1 2 3 4 -6
leaf_value=0.53427176589057568 -0.65537762664958255 0.25891945010778922 0.10613559776584046 -0.019173956415831406 -0.4428147705437625
leaf_weight=23 18 14.999999999999998 14.999999999999998 28 19
leaf_count=23 18 15 15 28 19
internal_value=-0.0254012 -0.161373 -0.0451261 -0.119064 -0.191116
internal_weight=118 95 77 62 47
internal_count=118 95 77 62 47
is_linear=0
shrinkage=0.05


Tree=181
num_leaves=6
num_cat=0
split_feature=102 11 12 99 28
split_gain=3588.4 9700.43 1356.44 785.953 726.226
threshold=43.850000000000009 33.300000000000004 54.650000000000006 53.650000000000006 11.750000000000002
decision_type=2 2 2 2 2
left_child=2 -2 -1 -3 -4
right_child=1 3 4 -5 -6
leaf_value=-0.52960549558137915 1.4072325944900514 0.11845366774828403 0.16519115374455998 -0.32154443092767709 -0.25008610081753579
leaf_weight=23 14.999999999999998 23 20 18 22
leaf_count=23 15 23 20 18 22
internal_value=0.0307192 0.323806 -0.221819 -0.0749069 -0.0522936
internal_weight=121 56 65 41 42
internal_count=121 56 65 41 42
is_linear=0
shrinkage=0.05


Tree=182
num_leaves=5
num_cat=0
split_feature=10 101 78 0
split_gain=4534.98 1003.29 900.618 860.888
threshold=5.1050000000000013 81.65000000000002 1.7991666666666664 1421.0000000000002
decision_type=2 2 2 2
left_child=-1 2 3 -2
right_child=1 -3 -4 -5
leaf_value=0.68819581796211071 0.37096381065969786 -0.37431609494991214 -0.29229856555224859 -0.04854722400019873
leaf_weight=25 21 21 17 29
leaf_count=25 21 21 17 29
internal_value=0.0953311 -0.0736295 0.0209584 0.127936
internal_weight=113 88 67 50
internal_count=113 88 67 50
is_linear=0
shrinkage=0.05


Tree=183
num_leaves=6
num_cat=0
split_feature=32 56 6 24 14
split_gain=3405.75 1020.9 644.63 280.257 217.271
threshold=3.5000000000000004 24.550000000000004 5.5000000000000009 55.300000000000004 40.550000000000004
decision_type=2 2 2 2 2
left_child=-1 -2 3 4 -3
right_child=1 2 -4 -5 -6
leaf_value=0.50667462683830056 -0.45195167489473331 -0.072677137157810254 0.2471642709666898 0.061828734970981285 -0.31266781743718774
leaf_weight=29 18 20 15.999999999999998 15.999999999999998 18
leaf_count=29 18 20 16 16 18
internal_value=0.0376908 -0.117204 -0.0305322 -0.11321 -0.18701
internal_weight=117 88 70 54 38
internal_count=117 88 70 54 38
is_linear=0
shrinkage=0.05


Tree=184
num_leaves=6
num_cat=0
split_feature=37 52 65 96 19
split_gain=3593.11 720.995 939.907 1097.76 571.56
threshold=-1.7416666666666669 4.1800000000000006 18.600000000000005 44.800000000000004 5.3850000000000007
decision_type=2 2 2 2 2
left_child=-1 -2 -3 -4 -5
right_child=1 2 3 4 -6
leaf_value=0.67152294431413928 -0.43910265198405485 0.27039685713948675 -0.42703911048742749 0.14450849885570591 -0.20543225122289069
leaf_weight=15.999999999999998 15.999999999999998 15.999999999999998 24 26 21
leaf_count=16 16 16 24 26 21
internal_value=-0.0231254 -0.131627 -0.0745833 -0.152667 -0.011846
internal_weight=119 103 87 71 47
internal_count=119 103 87 71 47
is_linear=0
shrinkage=0.05


Tree=185
num_leaves=7
num_cat=0
split_feature=78 60 75 37 24 50
split_gain=3315.67 10588.3 1821.99 2524.98 1192.89 661.759
threshold=-0.072499999999999773 47.45000000000001 4.5000000000000009 3.0583333333333376 47.250000000000007 39.750000000000007
decision_type=2 2 2 2 2 2
left_child=1 -1 4 -4 -2 -5
right_child=2 -3 3 5 -6 -7
leaf_value=1.4158851955110663 0.48003285321968286 -0.37779888237378878 -0.86927966534696655 -0.38399654101851766 -0.12989095862497363 0.026440269008172791
leaf_weight=14.999999999999998 14.999999999999998 18 14.999999999999998 14.999999999999998 17 28
leaf_count=15 15 18 15 15 17 28
internal_value=0.0111906 0.439175 -0.145995 -0.312935 0.15646 -0.117178
internal_weight=123 33 90 58 32 43
internal_count=123 33 90 58 32 43
is_linear=0
shrinkage=0.05


Tree=186
num_leaves=6
num_cat=0
split_feature=78 39 82 37 99
split_gain=3866.82 10073.4 1901.74 2181.91 176.752
threshold=-0.072499999999999773 1.051666666666667 0.22166666666666626 2.183333333333334 46.400000000000006
decision_type=2 2 2 2 2
left_child=1 -1 3 -2 -5
right_child=2 -3 -4 4 -6
leaf_value=1.4826685802826027 -0.75203332955607716 -0.34465203022720015 0.23737169735556105 -0.18047206006203476 0.03356210245535924
leaf_weight=15.000000000000002 15.999999999999998 14.999999999999998 29 17 22
leaf_count=15 16 15 29 17 22
internal_value=0.0844389 0.570733 -0.0896501 -0.262288 -0.0598299
internal_weight=114 30 84 55 39
internal_count=114 30 84 55 39
is_linear=0
shrinkage=0.05


Tree=187
num_leaves=7
num_cat=0
split_feature=107 115 45 13 45 88
split_gain=3295.65 2983.31 4424.43 2094.46 786.469 265.741
threshold=57.500000000000007 2.0999999999999983 0.0049999999999999914 5.1800000000000006 -0.010833333333333332 6.120000000000001
decision_type=2 2 2 2 2 2
left_child=1 2 4 -3 -1 -5
right_child=-2 3 -4 5 -6 -7
leaf_value=0.087877149241311195 0.69202247570879427 -0.84079210106630498 0.82719172117305773 -0.016407053530710178 -0.39918296734491987 -0.29206047401442164
leaf_weight=15.999999999999998 14.999999999999998 15.999999999999998 17 18 17 17
leaf_count=16 15 16 17 18 17 17
internal_value=0.00297465 -0.099893 0.174327 -0.368649 -0.16333 -0.150889
internal_weight=116 101 50 51 33 35
internal_count=116 101 50 51 33 35
is_linear=0
shrinkage=0.05


Tree=188
num_leaves=7
num_cat=0
split_feature=17 60 12 80 24 23
split_gain=3438.72 8469.65 1835.8 1134.3 1067.32 422.247
threshold=28.650000000000002 52.100000000000001 46.650000000000006 0.19666666666666635 37.800000000000004 77.000000000000014
decision_type=2 2 2 2 2 2
left_child=1 -1 -2 4 -4 -6
right_child=2 -3 3 -5 5 -7
leaf_value=1.3285174364187071 -0.63950004175009323 -0.29710209111326336 0.41758206771767653 -0.39164738337896021 -0.26247326805724863 0.065549671103754842
leaf_weight=14.999999999999998 14.999999999999998 17 15.999999999999998 17 15.999999999999998 25
leaf_count=15 15 17 16 17 16 25
internal_value=0.0227836 0.466516 -0.137049 -0.0344079 0.072549 -0.0626648
internal_weight=121 32 89 74 57 41
internal_count=121 32 89 74 57 41
is_linear=0
shrinkage=0.05


Tree=189
num_leaves=7
num_cat=0
split_feature=77 60 56 63 107 82
split_gain=3242.89 7998.62 1489.59 952.857 1106.94 606.494
threshold=3.5000000000000004 47.750000000000007 32.70000000000001 36.95000000000001 53.500000000000007 0.1400000000000006
decision_type=2 2 2 2 2 2
left_child=1 -1 3 -2 -5 -4
right_child=2 -3 5 4 -6 -7
leaf_value=1.2426371788347004 -0.66715741493425318 -0.2650338308788589 -0.13958080876927348 0.099027282828526755 -0.49716537393027949 0.28954965333078081
leaf_weight=14.999999999999998 18 21 18 15.000000000000002 15.999999999999998 14.999999999999998
leaf_count=15 18 21 18 15 16 15
internal_value=-0.030205 0.364726 -0.203883 -0.378505 -0.209133 0.0556129
internal_weight=118 36 82 49 31 33
internal_count=118 36 82 49 31 33
is_linear=0
shrinkage=0.05


Tree=190
num_leaves=7
num_cat=0
split_feature=102 11 15 63 102 66
split_gain=2514.35 8331.88 1224.92 930.156 630.995 254.661
threshold=43.850000000000009 34.150000000000006 50.550000000000004 44.20000000000001 26.500000000000004 20.400000000000002
decision_type=2 2 2 2 2 2
left_child=2 -2 -1 -3 -4 -6
right_child=1 3 4 -5 5 -7
leaf_value=-0.59161747032838163 1.2597085427764236 -0.41718587013690372 0.14903568603605499 0.08250818052982313 -0.35442625178683618 -0.071727525493743255
leaf_weight=14.999999999999998 14.999999999999998 15.999999999999998 19 22 15.999999999999998 15.999999999999998
leaf_count=15 15 16 19 22 16 16
internal_value=0.0098272 0.26607 -0.195959 -0.128301 -0.0785615 -0.213896
internal_weight=119 53 66 38 51 32
internal_count=119 53 66 38 51 32
is_linear=0
shrinkage=0.05


Tree=191
num_leaves=6
num_cat=0
split_feature=39 10 24 115 35
split_gain=3808.82 1836.5 786.55 361.901 243.144
threshold=-0.055833333333333617 5.1050000000000013 41.000000000000007 -3.1749999999999967 11.458333333333336
decision_type=2 2 2 2 2
left_child=-1 -2 -3 -4 -5
right_child=1 2 3 4 -6
leaf_value=0.59119289259412389 -0.6356587620462939 0.18160990237286598 -0.35712263012490081 -0.20563134130148986 0.04662510583382002
leaf_weight=20 17 23 17 19 19
leaf_count=20 17 23 17 19 19
internal_value=-0.0341478 -0.166334 -0.0632987 -0.165949 -0.0795806
internal_weight=115 95 78 55 38
internal_count=115 95 78 55 38
is_linear=0
shrinkage=0.05


Tree=192
num_leaves=6
num_cat=0
split_feature=10 0 66 107 39
split_gain=4762.27 518.618 603.1 459.772 375.884
threshold=5.1050000000000013 1421.0000000000002 19.000000000000004 53.500000000000007 0.95750000000000057
decision_type=2 2 2 2 2
left_child=-1 2 -2 4 -3
right_child=1 3 -4 -5 -6
leaf_value=0.68631962923588097 0.27938724770123913 0.12531733742810244 -0.13126281046897023 -0.33153648478878323 -0.21696252783662395
leaf_weight=24 15.999999999999998 14.999999999999998 20 29 17
leaf_count=24 16 15 20 29 17
internal_value=0.0572219 -0.0989261 0.0513782 -0.187651 -0.0564725
internal_weight=121 97 36 61 32
internal_count=121 97 36 61 32
is_linear=0
shrinkage=0.05


Tree=193
num_leaves=7
num_cat=0
split_feature=113 115 12 0 97 88
split_gain=2593.88 5525.92 2357.23 1165.57 578.056 349.725
threshold=2.1916666666666669 -1.3500000000000048 54.150000000000013 1778.5000000000002 4.7550000000000008 6.120000000000001
decision_type=2 2 2 2 2 2
left_child=1 3 -2 -1 -4 -6
right_child=2 -3 4 -5 5 -7
leaf_value=0.13710011162908906 -0.78140335245902492 0.99001120783342322 0.16265336579602696 -0.40405543097474955 -0.038297641564230003 -0.36902558033510768
leaf_weight=22 15.999999999999998 15.999999999999998 15.999999999999998 18 15.999999999999998 15.999999999999998
leaf_count=22 16 16 16 18 16 16
internal_value=-0.0405003 0.207766 -0.257797 -0.106696 -0.0818957 -0.204452
internal_weight=120 56 64 40 48 32
internal_count=120 56 64 40 48 32
is_linear=0
shrinkage=0.05


Tree=194
num_leaves=5
num_cat=0
split_feature=102 14 22 57
split_gain=3842.69 7720.63 1302.04 581.52
threshold=43.850000000000009 33.20000000000001 0.17500000000000002 47.95000000000001
decision_type=2 2 2 2
left_child=2 -2 3 -1
right_child=1 -3 -4 -5
leaf_value=-0.26985975168027931 1.1844029104990483 -0.11888257235394679 -0.56012082350881476 0.093505582764903838
leaf_weight=18 19 28 17 28
leaf_count=18 19 28 17 28
internal_value=0.0675429 0.409267 -0.18756 -0.0488493
internal_weight=110 47 63 46
internal_count=110 47 63 46
is_linear=0
shrinkage=0.05


Tree=195
num_leaves=7
num_cat=0
split_feature=102 11 30 37 16 0
split_gain=2818.07 2138.69 893.364 417.264 250.056 175.943
threshold=57.400000000000013 27.550000000000001 4.5000000000000009 7.3750000000000009 4.9850000000000012 1629.0000000000002
decision_type=2 2 2 2 2 2
left_child=1 -1 3 -3 -5 -6
right_child=-2 2 -4 4 5 -7
leaf_value=-0.66605036136330364 0.51825586832106396 -0.33332386285263976 0.303043576430159 -0.20471841060365273 0.16785644190200907 -0.055636753371400283
leaf_weight=14.999999999999998 21 14.999999999999998 17 14.999999999999998 14.999999999999998 21
leaf_count=15 21 15 17 15 15 21
internal_value=-0.00590981 -0.118696 -0.0190337 -0.102402 -0.033866 0.0375539
internal_weight=119 98 83 66 51 36
internal_count=119 98 83 66 51 36
is_linear=0
shrinkage=0.05


Tree=196
num_leaves=6
num_cat=0
split_feature=37 63 102 11 23
split_gain=3234.2 662.056 822.869 499.637 580.692
threshold=-1.7416666666666669 32.550000000000004 26.500000000000004 49.100000000000009 77.950000000000003
decision_type=2 2 2 2 2
left_child=-1 -2 -3 4 -4
right_child=1 2 3 -5 -6
leaf_value=0.6767761751515976 -0.36389124903512832 0.25453023265079899 -0.38570911123123008 0.1280562336612123 -0.049267703625037497
leaf_weight=14.999999999999998 20 18 23 14.999999999999998 29
leaf_count=15 20 18 23 15 29
internal_value=-0.00743396 -0.105777 -0.044629 -0.125334 -0.198629
internal_weight=120 105 85 67 52
internal_count=120 105 85 67 52
is_linear=0
shrinkage=0.05


Tree=197
num_leaves=7
num_cat=0
split_feature=121 98 35 63 49 11
split_gain=2728.92 3188.22 2747.71 777.199 614.849 303.517
threshold=-0.56916666666666671 42.95000000000001 -1.0416666666666712 32.550000000000004 5.3850000000000007 46.70000000000001
decision_type=2 2 2 2 2 2
left_child=-1 2 -2 -4 -5 -6
right_child=1 -3 3 4 5 -7
leaf_value=0.58147600208009986 -0.85424063032036579 0.5248161705476897 -0.41351544281340535 0.2532262538442549 -0.24389679769045625 0.041578138726098196
leaf_weight=15.999999999999998 14.999999999999998 15.999999999999998 15.999999999999998 14.999999999999998 22 15.999999999999998
leaf_count=16 15 16 16 15 22 16
internal_value=-0.0226729 -0.119871 -0.243206 -0.109256 -0.0167042 -0.123772
internal_weight=116 100 84 69 53 38
internal_count=116 100 84 69 53 38
is_linear=0
shrinkage=0.05


Tree=198
num_leaves=6
num_cat=0
split_feature=10 116 0 67 64
split_gain=3470.23 523.996 532.561 512.144 510.897
threshold=5.1050000000000013 5.5000000000000009 2921.0000000000005 4.8500000000000005 46.650000000000013
decision_type=2 2 2 2 2
left_child=-1 2 3 -2 -5
right_child=1 -3 -4 4 -6
leaf_value=0.55617173554306198 0.2464934601246962 -0.37696957824670752 -0.27625812532212496 -0.23059414912869919 0.14338702267368897
leaf_weight=24 17 15.999999999999998 21 23 14.999999999999998
leaf_count=24 17 16 21 23 15
internal_value=0.0219978 -0.11775 -0.0626884 0.019119 -0.0828499
internal_weight=116 92 76 55 38
internal_count=116 92 76 55 38
is_linear=0
shrinkage=0.05


Tree=199
num_leaves=6
num_cat=0
split_feature=31 74 76 35 28
split_gain=1857.11 1820.84 1994.02 1120.61 523.995
threshold=0.033333333333333666 2.7583333333333351 12.358333333333333 3.0250000000000008 9.3000000000000025
decision_type=2 2 2 2 2
left_child=1 3 -3 -1 -4
right_child=-2 2 4 -5 -6
leaf_value=-0.7244439291638255 0.44867238761475364 0.42583100091817694 -0.40374059677124025 -0.18520497284912096 -0.0088266380638352231
leaf_weight=14.999999999999998 15.999999999999998 22 14.999999999999998 27 19
leaf_count=15 16 22 15 27 19
internal_value=-0.0490249 -0.130707 0.0558965 -0.379172 -0.183873
internal_weight=114 98 56 42 34
internal_count=114 98 56 42 34
is_linear=0
shrinkage=0.05


end of trees

feature_importances:
pos3_2コース複勝率=43
pos1_3連率_レース内差=36
pos1_当地勝率=28
pos1_2連率_レース内差=25
開催経過日=24
pos1_勝率=24
pos1_3連率=23
pos1_平均スタートタイミング_レース内差=21
pos2_2コース複勝率=21
pos3_ボート3連率=21
pos1_1コース複勝率=20
pos1_勝率_レース内差=20
pos1_当地勝率_レース内差=20
pos2_ボート2連率=20
pos2_当地勝率_レース内差=20
pos1_当地勝率_レース内順位=19
pos2_ボート3連率=19
pos2_勝率_レース内差=18
pos1_モーター2連率=17
pos1_展示_レース内順位=17
pos1_展示=15
pos1_2コース複勝率=14
pos1_3連率_レース内順位=14
pos2_3連率_レース内差=14
pos3_モーター2連率=14
風向=13
pos1_3コース複勝率=13
pos2_モーター2連率=13
pos2_5コース複勝率=13
pos1_2連率=12
pos2_3コース複勝率=12
pos2_2連率_レース内差=12
pos2_平均スタートタイミング_レース内順位=12
pos3_モーター勝率_レース内差=12
pos1_当地3連率=11
pos1_ボート勝率_レース内差=11
pos2_4コース複勝率=11
pos3_2連率_レース内差=11
pos1_勝率_レース内順位=10
pos2_ボート勝率_レース内差=10
pos2_平均スタートタイミング_レース内差=10
pos3_5コース複勝率=10
pos3_ボート勝率_レース内差=10
レース=9
pos1_6コース複勝率=9
pos2_当地勝率=9
pos2_当地3連率=9
pos3_1コース複勝率=9
pos1_4コース複勝率=8
pos1_展示_レース内差=8
pos2_展示=8
pos2_展示_レース内差=8
pos3_勝率_レース内差=8
pos3_3連率_レース内差=8
pos3_当地勝率_レース内差=8
pos3_ボート勝率_レース内順位=8
pos3_当地2連率=7
pos3_ボート勝率=7
pos3_ボート2連率=7
pos3_体重=7
pos1_当地2連率=6
pos1_モーター3連率=6
pos1_ボート3連率=6
pos2_勝率=6
pos2_当地2連率=6
pos2_モーター勝率_レース内差=6
pos3_展示_レース内差=6
pos3_3連率_レース内順位=6
pos1_モーター勝率=5
pos1_平均スタートタイミング=5
pos2_2連率_レース内順位=5
pos3_勝率=5
pos3_3連率=5
pos3_当地3連率=5
pos3_平均スタートタイミング=5
pos3_当地勝率_レース内順位=5
日目=4
pos1_5コース複勝率=4
pos1_平均スタートタイミング_レース内順位=4
pos2_2連率=4
pos2_1コース複勝率=4
pos2_6コース複勝率=4
pos2_体重=4
pos2_3連率_レース内順位=4
pos2_当地勝率_レース内順位=4
pos1_ボート2連率=3
pos1_2連率_レース内順位=3
pos1_モーター勝率_レース内差=3
pos2_ボート勝率=3
pos2_展示_レース内順位=3
pos3_モーター勝率=3
pos3_モーター3連率=3
pos3_4コース複勝率=3
pos3_6コース複勝率=3
風速=2
pos1_級=2
pos1_体重=2
pos1_モーター勝率_レース内順位=2
pos2_モーター勝率=2
pos2_モーター3連率=2
pos3_展示=2
pos3_3コース複勝率=2
pos3_2連率_レース内順位=2
pos3_平均スタートタイミング_レース内差=2
天気=1
pos1_ボート勝率=1
pos2_3連率=1
pos2_平均スタートタイミング=1
pos2_ボート勝率_レース内順位=1
pos3_2連率=1
pos3_当地勝率=1
pos3_モーター勝率_レース内順位=1
pos3_平均スタートタイミング_レース内順位=1

parameters:
[boosting: gbdt]
[objective: regression]
[metric: rmse]
[tree_learner: serial]
[device_type: cpu]
[data_sample_strategy: bagging]
[data: ]
[valid: ]
[num_iterations: 200]
[learning_rate: 0.05]
[num_leaves: 31]
[num_threads: 0]
[seed: 42]
[deterministic: 0]
[force_col_wise: 0]
[force_row_wise: 0]
[histogram_pool_size: -1]
[max_depth: 6]
[min_data_in_leaf: 15]
[min_sum_hessian_in_leaf: 0.001]
[bagging_fraction: 0.9]
[pos_bagging_fraction: 1]
[neg_bagging_fraction: 1]
[bagging_freq: 1]
[bagging_seed: 400]
[bagging_by_query: 0]
[feature_fraction: 0.9]
[feature_fraction_bynode: 1]
[feature_fraction_seed: 30056]
[extra_trees: 0]
[extra_seed: 12879]
[early_stopping_round: 0]
[early_stopping_min_delta: 0]
[first_metric_only: 0]
[max_delta_step: 0]
[lambda_l1: 0.1]
[lambda_l2: 0.1]
[linear_lambda: 0]
[min_gain_to_split: 0]
[drop_rate: 0.1]
[max_drop: 50]
[skip_drop: 0.5]
[xgboost_dart_mode: 0]
[uniform_drop: 0]
[drop_seed: 17869]
[top_rate: 0.2]
[other_rate: 0.1]
[min_data_per_group: 100]
[max_cat_threshold: 32]
[cat_l2: 10]
[cat_smooth: 10]
[max_cat_to_onehot: 4]
[top_k: 20]
[monotone_constraints: ]
[monotone_constraints_method: basic]
[monotone_penalty: 0]
[feature_contri: ]
[forcedsplits_filename: ]
[refit_decay_rate: 0.9]
[cegb_tradeoff: 1]
[cegb_penalty_split: 0]
[cegb_penalty_feature_lazy: ]
[cegb_penalty_feature_coupled: ]
[path_smooth: 0]
[interaction_constraints: ]
[verbosity: -1]
[saved_feature_importance_type: 0]
[use_quantized_grad: 0]
[num_grad_quant_bins: 4]
[quant_train_renew_leaf: 0]
[stochastic_rounding: 1]
[linear_tree: 0]
[max_bin: 255]
[max_bin_by_feature: ]
[min_data_in_bin: 3]
[bin_construct_sample_cnt: 200000]
[data_random_seed: 175]
[is_enable_sparse: 1]
[enable_bundle: 1]
[use_missing: 1]
[zero_as_missing: 0]
[feature_pre_filter: 0]
[pre_partition: 0]
[two_round: 0]
[header: 0]
[label_column: ]
[weight_column: ]
[group_column: ]
[ignore_column: ]
[categorical_feature: ]
[forcedbins_filename: ]
[precise_float_parser: 0]
[parser_config_file: ]
[objective_seed: 16083]
[num_class: 1]
[is_unbalance: 0]
[scale_pos_weight: 1]
[sigmoid: 1]
[boost_from_average: 1]
[reg_sqrt: 0]
[alpha: 0.9]
[fair_c: 1]
[poisson_max_delta_step: 0.7]
[tweedie_variance_power: 1.5]
[lambdarank_truncation_level: 30]
[lambdarank_norm: 1]
[label_gain: ]
[lambdarank_position_bias_regularization: 0]
[eval_at: ]
[multi_error_top_k: 1]
[auc_mu_weights: ]
[num_machines: 1]
[local_listen_port: 12400]
[time_out: 120]
[machine_list_filename: ]
[machines: ]
[gpu_platform_id: -1]
[gpu_device_id: -1]
[gpu_use_dp: 0]
[num_gpu: 1]

end of parameters

pandas_categorical:[]
