開催日,日目,レース,3連単,3連単オッズ,予測オッズ,予測誤差
2023-04-15,2,3,4-2-1,64.5,33.84463047219516,-30.655369527804837
2023-04-15,2,4,5-2-3,25.1,61.86147191061811,36.761471910618106
2023-04-15,2,5,2-1-5,97.3,95.60909672956386,-1.690903270436138
2023-04-15,2,6,3-1-5,31.3,19.810578708142756,-11.489421291857244
2023-04-15,2,12,5-2-6,23.8,119.37396728697222,95.57396728697222
2023-04-16,3,2,5-1-2,43.2,68.63399944021535,25.433999440215345
2023-04-16,3,3,3-2-1,42.9,34.912506304274494,-7.9874936957255045
2023-04-16,3,8,2-4-1,26.7,21.977120188031407,-4.722879811968593
2023-04-16,3,9,6-1-5,231.7,162.09104429878528,-69.60895570121471
2023-04-16,3,12,2-3-6,105.9,204.68544796598692,98.78544796598692
2023-04-17,4,3,4-3-5,71.3,45.03514721387743,-26.264852786122567
2023-04-17,4,4,3-1-6,19.6,34.56831720851903,14.968317208519025
2023-04-17,4,5,4-1-6,10.0,45.164089196442994,35.164089196442994
2023-04-17,4,6,3-4-1,13.3,18.966655069580234,5.666655069580234
2023-04-17,4,10,2-1-4,28.8,31.195766647826566,2.395766647826566
2023-04-17,4,11,4-3-2,163.6,169.25058171444363,5.650581714443632
2023-04-20,1,1,2-1-3,27.6,42.22424398268564,14.624243982685641
2023-04-20,1,2,2-3-1,184.7,44.61530333120251,-140.08469666879748
2023-04-20,1,3,3-5-1,16.1,18.68919457903158,2.5891945790315773
2023-04-20,1,5,6-2-5,87.3,104.6953017839396,17.3953017839396
2023-04-20,1,6,2-1-4,63.0,49.8663766586055,-13.133623341394497
2023-04-20,1,7,2-1-6,6.1,11.461567261343077,5.361567261343078
2023-04-20,1,8,2-1-4,27.9,54.743468350345275,26.843468350345276
2023-04-20,1,9,3-4-5,39.6,41.48237344755816,1.8823734475581588
2023-04-21,2,2,2-1-6,40.1,48.012371648985386,7.912371648985385
2023-04-21,2,4,4-1-2,64.4,71.6654252405001,7.265425240500093
2023-04-21,2,5,6-1-3,32.8,28.354356355353264,-4.445643644646733
2023-04-21,2,11,6-2-1,712.7,765.1086492053166,52.40864920531658
2023-04-22,3,2,4-2-1,82.2,71.25837514323855,-10.94162485676145
2023-04-22,3,3,2-6-3,614.8,114.78832395242706,-500.0116760475729
2023-04-22,3,5,3-4-5,247.5,130.51621993508897,-116.98378006491103
2023-04-22,3,6,3-4-1,33.8,42.819533625732866,9.019533625732869
2023-04-22,3,7,5-6-1,240.1,200.37391187030462,-39.72608812969537
2023-04-22,3,11,2-1-5,56.0,63.54895496705723,7.548954967057227
2023-04-23,4,2,3-1-4,32.7,19.75769494677383,-12.942305053226171
2023-04-23,4,3,3-1-2,21.0,29.12186717865867,8.121867178658668
2023-04-23,4,10,2-1-3,13.3,26.70881053944936,13.408810539449359
2023-04-23,4,11,3-2-4,381.8,165.14948564195169,-216.65051435804833
2023-04-24,5,2,3-4-1,77.6,52.79259773568825,-24.807402264311747
2023-04-24,5,3,3-2-4,342.1,93.3948993695486,-248.70510063045143
2023-04-24,5,4,2-1-6,57.9,38.3432568722204,-19.556743127779598
2023-04-24,5,5,5-3-6,80.4,83.71267757024071,3.3126775702407087
2023-04-24,5,7,6-3-1,87.4,99.05347543153368,11.653475431533678
2023-04-25,6,2,3-5-1,20.1,28.989208097767015,8.889208097767014
2023-04-25,6,3,5-1-3,15.7,37.84551082841223,22.14551082841223
2023-04-25,6,12,5-1-4,87.7,55.34261946341463,-32.357380536585374
2023-04-26,7,9,3-4-6,227.3,236.11793131196112,8.817931311961104
2023-04-26,7,10,2-4-6,408.2,214.00753941442386,-194.19246058557613
2023-04-28,1,1,2-1-5,20.1,21.314726933245886,1.2147269332458848
2023-04-28,1,2,2-1-3,28.0,17.332411539476993,-10.667588460523007
2023-04-28,1,4,3-5-6,15.8,45.50950434140131,29.70950434140131
2023-04-28,1,5,4-2-3,37.1,77.49052071209287,40.39052071209287
2023-04-28,1,6,3-4-1,23.9,56.135894468295284,32.235894468295285
2023-04-28,1,9,5-1-4,440.5,179.62822247113505,-260.871777528865
2023-04-29,2,1,4-3-2,223.5,72.33139394496217,-151.16860605503783
2023-04-29,2,10,4-1-5,170.3,113.13612655051901,-57.163873449481
2023-04-29,2,11,5-1-6,147.3,83.43825580499922,-63.861744195000796
2023-04-30,3,5,2-1-6,45.0,27.486827661284234,-17.513172338715766
2023-04-30,3,7,2-1-3,23.4,84.1838059316817,60.783805931681705
2023-05-01,4,2,4-6-5,54.9,48.49847316303516,-6.401526836964841
2023-05-01,4,4,4-1-6,19.3,54.91285217529149,35.61285217529149
2023-05-01,4,7,2-1-5,25.5,23.210728129297742,-2.289271870702258
2023-05-03,1,3,2-1-4,22.9,40.93039145125778,18.030391451257785
2023-05-03,1,8,4-2-1,81.3,54.75020636238643,-26.54979363761357
2023-05-04,2,3,3-5-2,21.9,44.16581686068504,22.265816860685042
2023-05-04,2,6,4-1-2,43.6,12.843619470313575,-30.756380529686425
2023-05-04,2,7,2-1-4,18.4,26.319827239592,7.919827239592003
2023-05-04,2,12,2-1-4,89.9,76.0987682006759,-13.8012317993241
2023-05-05,3,1,4-5-6,832.5,208.60601478423513,-623.8939852157648
2023-05-05,3,2,6-5-1,201.2,42.38578763967205,-158.81421236032793
2023-05-05,3,3,2-1-4,20.2,16.3879593773711,-3.812040622628899
2023-05-05,3,4,2-3-4,15.5,20.248129406016314,4.748129406016314
2023-05-05,3,5,3-1-4,8.0,30.946452075694662,22.946452075694662
2023-05-05,3,6,2-4-3,87.9,27.803406499749936,-60.096593500250066
2023-05-05,3,7,3-1-5,13.2,27.69734784489574,14.497347844895742
2023-05-05,3,9,2-1-3,10.0,32.04752348953668,22.04752348953668
2023-05-06,4,1,4-1-5,63.0,75.58016799280327,12.580167992803268
2023-05-06,4,2,2-4-5,9.1,27.199905489866595,18.099905489866593
2023-05-06,4,9,3-2-4,203.8,105.74625876029643,-98.05374123970358
2023-05-07,5,2,4-5-3,103.6,88.34989923124151,-15.250100768758486
2023-05-07,5,3,6-1-3,67.5,74.30563241757635,6.805632417576348
2023-05-07,5,11,2-1-4,12.4,29.3771949021439,16.9771949021439
2023-05-07,5,12,4-5-3,464.9,130.30550682745218,-334.5944931725478
2023-06-10,1,1,5-1-4,795.4,459.4772698039683,-335.9227301960317
2023-06-10,1,2,5-1-3,24.6,44.09098013986027,19.49098013986027
2023-06-10,1,4,3-1-5,17.9,34.31256686131379,16.412566861313792
2023-06-10,1,5,4-2-1,15.5,19.49812979169617,3.9981297916961687
2023-06-10,1,6,3-1-4,6.1,9.757151472829056,3.6571514728290566
2023-06-10,1,7,2-1-3,8.6,23.69721397856368,15.097213978563682
2023-06-10,1,9,3-1-4,17.6,22.750646567013828,5.150646567013826
2023-06-11,2,2,2-6-3,16.9,99.34478417547936,82.44478417547936
2023-06-11,2,5,3-4-5,405.5,178.96221392719454,-226.53778607280546
2023-06-11,2,6,3-1-4,8.1,16.941933896568408,8.841933896568408
2023-06-11,2,7,6-2-4,90.6,78.28885143811063,-12.311148561889368
2023-06-11,2,9,2-3-1,38.3,52.70685570218982,14.406855702189823
2023-06-11,2,10,4-1-2,40.7,57.03991357145346,16.339913571453458
2023-06-11,2,11,5-6-3,523.0,258.7011520380963,-264.2988479619037
2023-06-12,3,1,2-1-5,18.0,86.95747174939086,68.95747174939086
2023-06-12,3,2,3-6-1,137.0,74.38100343469539,-62.61899656530461
2023-06-12,3,3,2-3-4,28.5,61.54667158123498,33.04667158123498
2023-06-12,3,4,5-3-4,48.2,29.597029774191554,-18.60297022580845
2023-06-12,3,8,4-1-2,11.2,20.688448617879278,9.488448617879278
2023-06-12,3,10,2-1-5,24.4,22.733252447374433,-1.6667475526255657
2023-06-13,4,3,2-3-6,21.9,74.82567503358322,52.925675033583225
2023-06-13,4,4,3-2-6,63.2,47.913039671059686,-15.286960328940317
2023-06-13,4,5,4-2-1,51.3,25.667586394780294,-25.632413605219703
2023-06-13,4,7,4-3-5,242.2,364.4642088319489,122.2642088319489
2023-06-13,4,8,4-1-5,30.2,52.47420832250786,22.274208322507864
2023-06-13,4,9,2-3-4,68.9,141.67515804323696,72.77515804323696
2023-06-13,4,11,2-3-4,117.5,129.5705471098765,12.070547109876486
2023-06-14,5,1,2-1-4,18.0,47.55768225977017,29.557682259770168
2023-06-14,5,2,4-1-3,26.9,32.53716760972146,5.637167609721459
2023-06-14,5,4,4-3-6,38.0,26.908656773029257,-11.091343226970743
2023-06-14,5,5,6-1-2,24.4,39.54127642486808,15.141276424868082
2023-06-14,5,6,3-2-1,83.0,62.28428654086857,-20.71571345913143
2023-06-14,5,9,2-1-3,10.1,14.661500413622559,4.561500413622559
2023-06-15,6,1,2-3-1,49.0,161.08794691856704,112.08794691856704
2023-06-15,6,2,3-6-2,107.4,133.34633899988674,25.946338999886734
2023-06-15,6,10,2-1-3,12.8,39.124837885987894,26.324837885987893
2023-06-17,1,2,3-1-6,44.2,38.72420011310915,-5.475799886890854
2023-06-17,1,3,2-1-3,67.7,39.31264282606481,-28.387357173935193
2023-06-17,1,4,2-4-6,129.3,86.92230060399596,-42.37769939600405
2023-06-18,2,2,2-3-1,15.6,37.129503067071134,21.529503067071133
2023-06-18,2,3,5-1-6,53.9,48.599190993195336,-5.300809006804663
2023-06-18,2,7,6-1-2,12.6,28.656588962040484,16.056588962040486
2023-06-19,3,2,2-1-4,110.8,61.959321701061775,-48.84067829893822
2023-06-19,3,3,4-2-1,29.3,32.904898162728024,3.6048981627280234
2023-06-19,3,5,3-6-1,126.8,46.136576891568865,-80.66342310843113
2023-06-19,3,7,5-4-1,15.4,15.742629975397154,0.3426299753971538
2023-06-19,3,9,2-1-4,45.5,32.41485890638134,-13.08514109361866
2023-06-19,3,10,2-1-5,16.9,37.959989044643685,21.059989044643686
2023-06-20,4,1,3-1-4,101.9,60.2739623859963,-41.62603761400371
2023-06-20,4,2,3-1-2,42.8,22.246977916963374,-20.553022083036623
2023-06-20,4,4,6-5-2,36.3,100.77187219467552,64.47187219467553
2023-06-20,4,5,6-3-4,130.0,116.70162074483864,-13.298379255161365
2023-06-20,4,9,2-4-1,95.9,36.03304946910033,-59.86695053089968
2023-06-20,4,10,5-1-6,839.2,165.79985828892077,-673.4001417110793
2023-06-21,5,1,2-5-1,58.0,84.21695787078481,26.21695787078481
2023-06-21,5,10,3-1-5,48.7,22.767946314162078,-25.932053685837925
2023-06-23,1,2,5-6-4,227.3,189.18620466487732,-38.11379533512269
2023-06-23,1,9,4-2-1,49.0,42.05249979484252,-6.947500205157482
2023-06-24,2,1,3-6-4,17.8,161.11220911750007,143.31220911750006
2023-06-24,2,3,4-2-5,27.8,80.5347207067671,52.734720706767106
2023-06-24,2,4,3-1-5,54.1,79.38431647368458,25.284316473684576
2023-06-24,2,5,4-2-6,151.6,28.105705669287936,-123.49429433071205
2023-06-24,2,7,2-1-6,10.3,11.537338434445182,1.2373384344451814
2023-06-24,2,8,2-1-5,34.3,57.24614305786711,22.94614305786711
2023-06-24,2,10,3-4-1,46.1,84.09243287367705,37.99243287367705
2023-06-25,3,1,2-3-4,82.3,36.95888411797194,-45.341115882028056
2023-06-25,3,2,2-1-4,20.5,24.878331275067033,4.378331275067033
2023-06-25,3,4,3-4-6,148.2,106.21872121313747,-41.98127878686252
2023-06-25,3,5,3-6-5,26.9,43.76951999665117,16.86951999665117
2023-06-25,3,9,2-3-1,27.3,25.27378868482831,-2.0262113151716896
2023-06-25,3,11,4-1-5,11.9,32.832889620638674,20.932889620638676
2023-06-26,4,3,2-1-3,15.3,15.995855461297255,0.6958554612972545
2023-06-26,4,4,2-6-1,33.6,38.763419666441564,5.163419666441563
2023-06-26,4,5,4-2-1,47.7,100.16053143177054,52.460531431770534
2023-06-26,4,7,6-2-3,43.9,63.98312901497602,20.083129014976024
2023-06-26,4,8,2-1-4,19.9,26.11794247004462,6.217942470044623
2023-06-26,4,9,2-3-4,23.5,47.101804270031884,23.601804270031884
2023-06-27,5,3,4-1-2,78.0,76.69235296443306,-1.3076470355669443
2023-06-27,5,4,6-1-3,39.4,58.27679073053829,18.87679073053829
2023-06-27,5,6,4-6-1,76.2,55.94731134768465,-20.25268865231535
2023-06-27,5,7,6-4-3,114.0,92.92794221790625,-21.07205778209375
2023-06-27,5,9,4-1-2,137.5,80.54885179170118,-56.95114820829882
2023-06-27,5,10,5-2-1,338.3,382.81036049855584,44.510360498555826
2023-06-28,6,1,2-1-5,40.7,61.28839319187419,20.58839319187419
2023-06-28,6,4,5-6-3,484.4,301.88524833333037,-182.5147516666696
2023-08-01,1,2,3-5-6,63.7,49.87645513165637,-13.823544868343632
2023-08-01,1,3,6-5-4,158.5,358.7341992985474,200.23419929854742
2023-08-01,1,5,2-1-3,65.6,106.56062366956039,40.96062366956039
2023-08-01,1,8,2-1-4,47.4,72.04248718036844,24.64248718036844
2023-08-01,1,9,3-2-5,128.6,167.16242023387684,38.56242023387685
2023-08-02,2,3,5-2-4,63.4,82.06653261504019,18.66653261504019
2023-08-02,2,4,4-2-6,64.2,138.9488562444943,74.74885624449429
2023-08-02,2,5,2-1-6,557.6,238.11781975003666,-319.48218024996333
2023-08-02,2,10,2-1-4,10.0,27.268805020686543,17.268805020686543
2023-08-02,2,11,5-1-3,75.0,128.65582094747788,53.65582094747788
2023-08-02,2,12,2-1-3,36.5,56.54842026743983,20.04842026743983
2023-08-03,3,1,2-3-1,37.5,92.80355965066292,55.30355965066292
2023-08-03,3,2,5-6-2,142.2,202.50263903494016,60.30263903494017
2023-08-03,3,4,4-5-3,59.4,82.41892421399243,23.018924213992427
2023-08-03,3,5,4-3-2,51.5,78.42365507963858,26.92365507963858
2023-08-03,3,6,3-1-4,12.5,21.677260444764915,9.177260444764915
2023-08-03,3,10,3-1-4,19.2,25.14670457452665,5.9467045745266525
2023-08-04,4,2,4-2-6,79.6,68.99848460358301,-10.601515396416985
2023-08-04,4,4,4-5-2,30.0,43.035926181825715,13.035926181825715
2023-08-04,4,5,2-3-1,34.6,38.53607387186173,3.93607387186173
2023-08-04,4,6,3-4-5,21.5,30.259525068712065,8.759525068712065
2023-08-04,4,12,6-5-4,670.2,698.2133242730761,28.013324273076023
2023-08-05,5,1,4-5-2,148.7,156.58749689853454,7.88749689853455
2023-08-05,5,2,4-6-1,58.5,44.247637396650475,-14.252362603349525
2023-08-05,5,3,6-2-3,61.2,62.68908431794989,1.4890843179498887
2023-08-05,5,12,5-4-1,261.0,458.0938065468396,197.09380654683957
2023-08-06,6,1,2-3-5,81.1,70.09556213086348,-11.00443786913651
2023-08-06,6,2,4-5-1,130.3,66.74930012448893,-63.550699875511086
2023-08-06,6,4,4-5-3,396.3,134.85866218014667,-261.44133781985335
2023-08-06,6,5,4-5-6,30.3,96.72996243613336,66.42996243613337
2023-08-06,6,6,3-1-2,31.6,58.075547489660224,26.475547489660222
2023-08-06,6,7,5-3-1,149.8,362.584648016354,212.78464801635397
2023-08-06,6,11,3-6-5,541.4,181.29758595494798,-360.102414045052
2023-08-07,7,7,2-1-3,30.5,52.32961765404086,21.82961765404086
2023-08-07,7,11,2-3-1,156.3,164.4292701488753,8.129270148875293
2023-08-10,1,1,3-1-4,28.4,58.52539148771697,30.125391487716975
2023-08-10,1,2,3-1-2,64.6,40.210876186129504,-24.38912381387049
2023-08-10,1,7,3-1-2,16.8,27.867252430439247,11.067252430439247
2023-08-10,1,10,3-6-5,507.5,74.96839005669439,-432.5316099433056
2023-08-10,1,12,5-2-4,238.1,79.4648720074088,-158.6351279925912
2023-08-11,2,1,4-2-1,133.7,85.31768636011176,-48.382313639888224
2023-08-11,2,3,6-5-4,25.9,69.55705537829427,43.65705537829427
2023-08-11,2,4,2-1-6,24.5,25.0438093080189,0.5438093080189006
2023-08-11,2,6,3-4-2,71.8,51.234643188672145,-20.565356811327852
2023-08-11,2,7,5-2-6,128.0,46.699957053550406,-81.3000429464496
2023-08-11,2,12,4-2-5,241.9,66.28940784464473,-175.61059215535528
2023-08-12,3,1,2-1-5,13.1,21.04672919018447,7.946729190184472
2023-08-12,3,3,4-2-1,109.6,65.2466131849664,-44.35338681503359
2023-08-12,3,4,3-1-4,26.6,26.63162671742879,0.03162671742878942
2023-08-13,4,1,2-5-4,58.8,73.95774257550373,15.157742575503732
2023-08-13,4,5,5-1-2,28.8,30.92459033886879,2.1245903388687886
2023-08-13,4,6,4-1-2,63.6,33.77515290044279,-29.82484709955721
2023-08-13,4,10,3-1-6,102.9,59.87742457117114,-43.022575428828866
2023-08-13,4,11,3-5-6,151.0,152.5827936592178,1.5827936592177991
2023-08-14,5,1,3-4-1,12.1,31.905517359292407,19.80551735929241
2023-08-14,5,2,2-1-4,11.6,21.569025253391555,9.969025253391555
2023-08-14,5,3,2-1-5,16.9,29.253194892565126,12.353194892565128
2023-08-14,5,7,4-5-6,81.0,105.99531241965006,24.995312419650062
2023-08-16,6,1,3-4-2,240.7,107.57871203993857,-133.1212879600614
2023-08-16,6,3,3-1-5,42.2,35.655003415719584,-6.544996584280419
2023-08-16,6,10,2-1-6,28.0,47.30648884160459,19.30648884160459
2023-09-25,1,1,3-2-6,58.2,65.8449844580592,7.644984458059199
2023-09-25,1,2,3-6-1,35.1,62.902224153661024,27.802224153661022
2023-09-25,1,5,2-1-3,31.7,25.858527853379965,-5.841472146620035
2023-09-25,1,6,4-1-3,10.6,15.808480662481253,5.208480662481254
2023-09-25,1,7,5-1-2,255.6,129.82779210982778,-125.77220789017221
2023-09-25,1,9,2-1-4,11.3,11.323968913504341,0.023968913504340605
2023-09-25,1,10,3-1-2,18.6,26.456251389881075,7.8562513898810735
2023-09-25,1,12,5-1-6,177.1,83.63956779549585,-93.46043220450414
2023-09-26,2,1,2-4-6,46.1,95.86914434253886,49.76914434253886
2023-09-26,2,2,4-6-5,80.2,73.57781378754042,-6.622186212459582
2023-09-26,2,4,3-4-6,120.4,48.7840284873921,-71.6159715126079
2023-09-26,2,5,5-4-1,49.4,26.660335348113854,-22.739664651886144
2023-09-26,2,7,3-1-2,7.8,9.09020263546597,1.2902026354659695
2023-09-26,2,11,3-2-6,919.7,281.7506871876853,-637.9493128123147
2023-09-27,3,1,4-1-3,41.8,20.406125863730388,-21.39387413626961
2023-09-27,3,2,5-1-6,339.6,78.32383019875849,-261.2761698012415
2023-09-27,3,6,3-1-4,41.9,39.189763289361345,-2.710236710638654
2023-09-27,3,7,5-3-4,69.8,37.55973118561481,-32.24026881438519
2023-09-28,4,3,2-6-5,134.2,39.628468389041956,-94.57153161095803
2023-09-28,4,4,3-1-6,22.7,13.261016354954704,-9.438983645045296
2023-09-28,4,5,4-3-1,42.4,31.11292330178416,-11.287076698215838
2023-09-28,4,9,3-4-2,295.7,188.88909475907505,-106.81090524092494
2023-09-28,4,11,4-1-2,329.6,131.87147352243747,-197.72852647756255
2023-09-29,5,1,4-1-2,26.9,50.05620889580327,23.156208895803275
2023-09-29,5,2,3-2-1,78.4,42.00876415825951,-36.391235841740496
2023-09-29,5,3,4-3-2,145.8,93.25483580384947,-52.54516419615054
2023-09-29,5,6,3-1-4,57.3,29.155047417491748,-28.14495258250825
2023-09-29,5,7,6-1-3,33.6,57.29773786148988,23.697737861489877
2023-09-29,5,8,2-1-4,23.3,59.24130477735368,35.94130477735368
2023-09-30,6,2,3-6-5,244.2,171.00089523665528,-73.1991047633447
2023-09-30,6,3,5-1-6,136.9,93.56890393153084,-43.331096068469165
2023-09-30,6,6,4-1-5,58.5,82.25925430117313,23.75925430117313
2023-10-06,1,1,3-1-6,62.0,37.08531667553982,-24.914683324460178
2023-10-06,1,3,5-4-3,46.9,50.74946231052573,3.8494623105257304
2023-10-06,1,5,2-1-6,154.6,74.68919535507827,-79.91080464492173
2023-10-06,1,7,3-1-6,29.4,24.341192904877992,-5.058807095122006
2023-10-06,1,9,4-5-1,31.7,41.948420433527495,10.248420433527496
2023-10-07,2,1,2-1-5,35.6,37.631286676586605,2.0312866765866033
2023-10-07,2,2,3-2-5,93.6,122.5666468002327,28.96664680023271
2023-10-07,2,3,6-2-4,416.8,82.16437619907039,-334.63562380092964
2023-10-07,2,4,5-6-2,634.2,332.6679524564732,-301.53204754352686
2023-10-07,2,5,5-4-1,26.5,22.150072435156755,-4.349927564843245
2023-10-07,2,7,5-3-1,18.3,29.94368648514269,11.643686485142688
2023-10-07,2,9,2-1-6,56.0,62.530225549619736,6.530225549619736
2023-10-07,2,11,4-2-1,27.5,40.920763206840874,13.420763206840874
2023-10-07,2,12,4-1-2,16.9,27.04082333021852,10.14082333021852
2023-10-08,3,1,2-1-4,32.8,96.82534504619035,64.02534504619035
2023-10-08,3,2,3-2-1,39.3,69.92655847179398,30.626558471793984
2023-10-08,3,3,5-1-3,137.6,108.21407732424264,-29.385922675757357
2023-10-08,3,9,4-1-3,133.9,58.52346683796886,-75.37653316203114
2023-10-09,4,1,3-1-6,53.6,96.25806904028413,42.658069040284126
2023-10-09,4,4,5-1-3,60.2,172.58305441515148,112.38305441515148
2023-10-11,1,1,4-2-5,91.2,69.09963998817473,-22.100360011825273
2023-10-11,1,4,3-1-5,81.8,40.95854455536726,-40.841455444632736
2023-10-11,1,6,2-1-3,115.9,69.22239085345008,-46.677609146549926
2023-10-11,1,7,5-2-6,73.9,34.385204063939405,-39.5147959360606
2023-10-11,1,9,2-4-1,187.5,56.43156131820243,-131.06843868179757
2023-10-11,1,10,3-4-1,290.1,152.30720611254318,-137.79279388745684
2023-10-11,1,11,2-5-3,131.6,171.65353441544505,40.05353441544506
2023-10-12,2,1,2-3-5,140.6,99.21902206962459,-41.38097793037541
2023-10-12,2,3,2-4-1,35.3,84.9984659984616,49.6984659984616
2023-10-12,2,4,3-1-2,59.6,52.92044918410799,-6.679550815892014
2023-10-12,2,5,2-6-1,57.8,100.21803248515135,42.41803248515136
2023-10-12,2,6,3-4-5,19.9,19.498453557925135,-0.40154644207486356
2023-10-12,2,9,2-1-3,6.9,15.485636012637025,8.585636012637025
2023-10-12,2,11,2-1-3,69.8,42.66962290717791,-27.130377092822087
2023-10-13,3,3,2-4-1,67.0,45.13770949397899,-21.86229050602101
2023-10-13,3,5,4-3-1,116.3,102.37704224107573,-13.92295775892427
2023-10-13,3,7,2-1-4,67.9,125.6569584698519,57.756958469851895
2023-10-13,3,11,2-1-4,41.1,67.95846058323471,26.85846058323471
2023-10-14,4,1,2-3-4,12.9,114.49493900338481,101.59493900338481
2023-10-14,4,2,4-2-1,297.8,53.954551822590474,-243.84544817740954
2023-10-14,4,3,2-1-6,25.0,46.12974901286878,21.12974901286878
2023-10-14,4,4,2-6-5,494.6,204.58785891853216,-290.01214108146786
2023-10-14,4,5,3-1-5,23.7,86.4759913293526,62.77599132935259
2023-10-14,4,9,2-1-4,14.8,14.441464849055059,-0.3585351509449417
2023-10-14,4,10,2-1-3,23.5,31.970886191254593,8.470886191254593
2023-10-15,5,2,2-1-5,51.9,38.59248844102782,-13.30751155897218
2023-10-15,5,3,4-1-5,79.0,79.81067443879542,0.8106744387954166
2023-10-15,5,6,3-1-4,15.7,15.450643918219717,-0.24935608178028268
2023-10-15,5,8,4-2-3,62.0,73.27027528294518,11.270275282945178
2023-10-15,5,9,5-1-4,487.4,372.2866693524828,-115.11333064751716
2023-10-18,1,1,2-5-4,103.7,90.93879419783848,-12.761205802161527
2023-10-18,1,2,2-3-5,6.9,81.47862046748223,74.57862046748222
2023-10-18,1,4,3-1-6,44.3,55.392893342204445,11.092893342204448
2023-10-18,1,6,3-4-1,19.9,39.11767531641015,19.21767531641015
2023-10-18,1,9,6-2-4,1333.0,1211.0251331095908,-121.9748668904092
2023-10-19,2,8,5-4-2,345.0,623.7924801735104,278.7924801735104
2023-10-19,2,9,3-1-4,109.2,79.80565860634728,-29.394341393652724
2023-10-19,2,11,4-3-6,432.4,301.6991317325412,-130.70086826745876
2023-10-20,3,1,3-1-6,49.6,70.4355881666748,20.835588166674803
2023-10-20,3,2,6-1-2,14.1,150.38238461564723,136.28238461564723
2023-10-20,3,3,5-1-2,192.1,117.71293395924585,-74.38706604075415
2023-10-20,3,5,4-5-2,28.5,26.810083515902985,-1.6899164840970151
2023-10-21,4,1,2-1-3,11.4,36.386959153023426,24.986959153023427
2023-10-21,4,2,4-5-2,184.0,53.04236056294179,-130.95763943705822
2023-10-21,4,4,2-3-4,21.1,31.468214391675005,10.368214391675004
2023-10-21,4,5,2-3-1,62.5,54.60152487973281,-7.898475120267193
2023-10-21,4,6,3-4-6,43.6,55.202798136257194,11.602798136257192
2023-10-21,4,7,3-6-2,134.0,74.28133379027624,-59.718666209723764
2023-10-22,5,3,2-4-3,282.0,162.61758769561823,-119.38241230438177
2023-10-22,5,6,3-1-2,24.8,61.36891927393756,36.56891927393755
2023-10-22,5,10,2-1-4,16.6,52.16036425230377,35.56036425230377
2023-10-22,5,12,5-2-6,773.5,269.00569694367897,-504.49430305632103
2023-10-23,6,2,2-4-1,249.5,66.94982426796248,-182.55017573203753
2023-10-23,6,3,2-1-4,37.9,85.82556884241679,47.92556884241679
2023-10-23,6,5,4-3-5,582.4,208.5798029039784,-373.8201970960216
2023-10-26,1,1,2-5-3,58.2,77.2084794919842,19.008479491984204
2023-10-26,1,3,3-5-6,63.1,105.44216973093155,42.34216973093155
2023-10-26,1,4,2-4-6,14.3,13.450339397000414,-0.8496606029995863
2023-10-26,1,6,2-1-3,44.0,72.22167071155494,28.221670711554935
2023-10-26,1,7,2-1-5,50.5,30.722162246800277,-19.777837753199723
2023-10-26,1,10,5-1-3,260.6,410.2571340032634,149.65713400326337
2023-10-26,1,12,5-2-1,321.4,174.5845748770042,-146.81542512299578
2023-10-27,2,2,3-6-1,162.5,108.79885938122258,-53.701140618777416
2023-10-27,2,3,3-5-2,63.8,28.182807154181887,-35.61719284581811
2023-10-27,2,6,4-2-5,104.6,125.38621019307654,20.786210193076542
2023-10-27,2,8,2-1-6,39.3,49.43306496180952,10.133064961809524
2023-10-27,2,9,4-1-3,29.8,27.341768872126963,-2.458231127873038
2023-10-28,3,3,2-1-3,46.8,50.808017576205614,4.008017576205617
2023-10-28,3,5,3-6-1,155.6,488.7569596939412,333.1569596939412
2023-10-28,3,6,4-1-3,28.2,51.41166338626772,23.21166338626772
2023-10-28,3,10,2-1-4,83.2,28.298853885528747,-54.90114611447126
2023-10-29,4,4,3-5-2,35.5,118.35889146820564,82.85889146820564
2023-10-29,4,6,4-2-5,353.0,134.89942515667408,-218.10057484332592
2023-10-29,4,8,2-1-4,30.3,29.49116383766848,-0.8088361623315201
2023-10-29,4,11,2-4-3,286.6,100.37626261397922,-186.2237373860208
2023-10-29,4,12,3-5-4,314.1,268.3313682112151,-45.768631788784944
2023-10-30,5,3,6-3-2,60.0,86.49746791903654,26.497467919036538
2023-10-30,5,8,2-1-4,24.0,8.870078497709194,-15.129921502290806
2023-10-30,5,9,4-1-2,81.7,104.9467237163587,23.2467237163587
2023-10-31,6,1,2-1-5,35.3,101.35704625583709,66.0570462558371
2023-10-31,6,2,5-2-1,82.9,62.2092536638199,-20.690746336180105
2023-10-31,6,4,2-5-3,253.0,48.787498599218424,-204.21250140078158
2023-10-31,6,5,6-2-1,14.8,23.994388287030773,9.194388287030772
2023-11-01,7,2,5-4-1,203.5,135.47601929549177,-68.02398070450823
2023-11-01,7,3,2-1-4,35.7,37.10759116790903,1.4075911679090254
2023-11-01,7,5,2-3-1,78.5,113.79422470034334,35.294224700343335
2023-11-01,7,7,6-4-1,161.5,99.23018718185578,-62.26981281814422
2023-11-01,7,11,2-1-5,63.2,54.04510314660227,-9.15489685339773
2023-11-05,1,1,4-1-5,23.6,47.26151534898406,23.66151534898406
2023-11-05,1,2,3-5-4,23.9,39.35977580909732,15.459775809097323
2023-11-05,1,6,2-1-3,86.5,55.18941735083337,-31.310582649166633
2023-11-05,1,7,2-1-3,124.9,97.18959314168248,-27.710406858317526
2023-11-05,1,9,3-4-1,67.4,48.85232759157133,-18.547672408428674
2023-11-06,2,2,6-1-2,119.8,81.08380253494822,-38.71619746505178
2023-11-06,2,3,3-1-4,40.6,29.5160685218454,-11.0839314781546
2023-11-06,2,4,2-5-3,90.8,45.8759063942284,-44.924093605771596
2023-11-06,2,5,2-1-3,15.7,32.29616459112084,16.596164591120843
2023-11-06,2,7,3-1-2,10.6,12.277953070260198,1.6779530702601981
2023-11-06,2,12,4-1-6,163.1,84.85281327345231,-78.24718672654768
2023-11-07,3,1,2-5-1,98.7,67.53089884199667,-31.16910115800333
2023-11-07,3,3,2-3-1,35.6,33.20890324763649,-2.3910967523635094
2023-11-07,3,6,3-1-4,11.4,18.590016850104007,7.190016850104007
2023-11-07,3,8,2-1-3,79.5,29.15524976037695,-50.34475023962305
2023-11-08,4,1,2-6-4,32.6,112.74859791550924,80.14859791550924
2023-11-08,4,4,2-4-5,133.3,124.81068220306308,-8.48931779693693
2023-11-08,4,5,3-6-5,63.3,241.7369310783032,178.4369310783032
2023-11-08,4,6,2-1-3,53.6,70.75759606309045,17.157596063090445
2023-11-08,4,7,3-1-2,91.9,113.41641954949911,21.516419549499105
2023-11-08,4,10,3-1-4,34.1,51.58202764353785,17.482027643537847
2023-11-08,4,11,5-3-4,532.6,329.7580788395413,-202.8419211604587
2023-11-09,5,1,2-1-3,65.8,49.431894430269914,-16.368105569730083
2023-11-09,5,5,2-1-3,33.1,23.680300185948525,-9.419699814051476
2023-11-09,5,6,6-1-2,699.7,357.1724696692337,-342.52753033076635
2023-11-09,5,7,3-1-4,102.4,47.379508588143,-55.02049141185701
2023-11-09,5,10,2-1-3,33.2,31.567627590530936,-1.6323724094690668
2023-11-09,5,11,2-1-3,115.3,124.43139395876109,9.131393958761095
2023-11-09,5,12,2-4-3,156.8,279.02302578349963,122.22302578349962
2023-11-10,6,3,2-5-6,99.5,135.94996215108822,36.449962151088215
2023-11-13,1,3,3-1-5,16.6,21.200626108241526,4.600626108241524
2023-11-13,1,4,3-2-6,67.6,82.13181289601165,14.531812896011658
2023-11-13,1,7,3-5-1,25.2,35.550179712052284,10.350179712052284
2023-11-13,1,11,3-4-1,135.6,121.27358983499342,-14.326410165006578
2023-11-14,2,2,3-2-4,61.4,49.5699012596858,-11.830098740314199
2023-11-14,2,5,6-2-1,189.7,164.33630765645773,-25.363692343542255
2023-11-14,2,8,2-1-3,38.6,70.50670448340908,31.90670448340908
2023-11-14,2,9,2-1-3,16.7,36.724788818968015,20.024788818968016
2023-11-14,2,10,2-5-6,44.8,91.5523733204606,46.752373320460606
2023-11-15,3,7,5-1-3,12.7,30.449923108013937,17.749923108013938
2023-11-15,3,8,4-2-1,48.4,69.92912866282319,21.52912866282319
2023-11-15,3,12,4-1-2,40.8,55.57741432324197,14.77741432324197
2023-11-16,4,4,2-1-3,15.4,35.704855213978995,20.304855213978996
2023-11-16,4,7,6-2-4,295.0,176.18282875423327,-118.81717124576673
2023-11-16,4,9,2-1-3,15.3,25.373344654731994,10.073344654731994
2023-11-17,5,1,5-1-6,254.8,86.02371712266508,-168.77628287733495
2023-11-17,5,3,3-4-1,135.8,93.03378466728972,-42.76621533271029
2023-11-17,5,5,6-1-2,62.8,69.32890655615415,6.528906556154155
2023-11-17,5,6,4-2-5,307.2,126.85014490806098,-180.349855091939
2023-11-17,5,10,2-1-3,19.6,25.52183009632455,5.921830096324548
2023-11-17,5,11,2-3-1,49.7,68.02991160749319,18.329911607493187
2023-11-19,6,4,4-3-6,198.1,230.04077554740897,31.940775547408975
2023-11-19,6,6,3-1-4,10.6,21.418015993770375,10.818015993770375
2023-11-19,6,10,4-1-5,54.7,74.56635684310532,19.866356843105322
2023-11-21,1,1,4-5-6,37.0,81.84709972181511,44.84709972181511
2023-11-21,1,5,6-5-4,384.5,192.4442911071736,-192.0557088928264
2023-11-21,1,8,4-5-1,20.5,54.281472578956595,33.781472578956595
2023-11-21,1,9,2-4-6,133.3,58.43512694865507,-74.86487305134494
2023-11-21,1,10,3-4-6,64.1,89.05892565749416,24.958925657494163
2023-11-21,1,11,3-1-5,45.8,42.86830033046834,-2.9316996695316604
2023-11-22,2,3,3-5-1,42.5,88.09373203165468,45.59373203165468
2023-11-22,2,4,2-6-3,73.2,78.02204925156877,4.822049251568771
2023-11-22,2,5,2-1-4,31.2,26.06134969839695,-5.13865030160305
2023-11-22,2,8,3-1-2,94.2,63.86908271278911,-30.330917287210895
2023-11-22,2,10,2-1-5,39.0,54.90348433053712,15.903484330537118
2023-11-23,3,2,2-6-5,574.2,149.76992906357165,-424.43007093642836
2023-11-23,3,3,3-1-4,32.0,68.55120901083762,36.551209010837624
2023-11-23,3,5,4-5-6,48.2,42.89307428195844,-5.306925718041562
2023-11-23,3,6,2-5-1,106.4,51.79234552395435,-54.60765447604565
2023-11-23,3,7,2-1-3,14.9,28.32114395550811,13.421143955508109
2023-11-23,3,9,5-1-3,510.3,261.10401923853055,-249.19598076146946
2023-11-23,3,10,2-1-3,25.0,32.15585146688187,7.15585146688187
2023-11-23,3,11,4-1-2,38.0,48.31947913608498,10.31947913608498
2023-11-23,3,12,5-3-2,269.8,503.8320481931984,234.03204819319836
2023-11-24,4,1,6-4-2,91.4,158.81718398427847,67.41718398427847
2023-11-24,4,5,3-4-5,11.1,35.97396640087573,24.87396640087573
2023-11-24,4,6,2-1-5,24.2,71.46839939312484,47.26839939312484
2023-11-24,4,7,2-5-1,117.9,81.75197989656262,-36.14802010343739
2023-11-25,5,1,3-5-4,372.5,148.65839257375723,-223.84160742624277
2023-11-25,5,2,3-2-4,257.4,32.826144301707714,-224.57385569829228
2023-11-25,5,5,4-3-5,245.2,95.07367757865816,-150.12632242134183
2023-11-25,5,6,3-1-6,142.0,103.88811051058721,-38.11188948941279
2023-11-25,5,11,2-4-1,26.6,47.65627005425806,21.056270054258057
2023-11-26,6,2,2-3-4,420.5,188.2791710571212,-232.2208289428788
2023-11-26,6,8,3-5-2,130.6,143.44860470284434,12.84860470284434
2023-11-26,6,9,3-1-6,150.5,75.0473514313536,-75.4526485686464
2023-11-28,1,2,2-3-4,24.0,44.929046071643356,20.929046071643356
2023-11-28,1,3,2-4-5,134.4,98.56276325251253,-35.83723674748748
2023-11-28,1,11,4-2-6,529.0,490.30203725077223,-38.69796274922777
2023-11-29,2,1,4-6-2,299.0,141.64072829068283,-157.35927170931717
2023-11-29,2,2,6-5-1,723.3,324.4504699522105,-398.8495300477895
2023-11-29,2,4,4-3-5,45.8,52.09570202312867,6.295702023128676
2023-11-29,2,5,3-1-2,121.8,64.51578717981387,-57.28421282018613
2023-11-29,2,8,4-5-3,120.4,155.25306421451347,34.853064214513466
2023-11-29,2,10,6-1-2,1141.5,197.1960552610283,-944.3039447389717
2023-11-30,3,2,5-4-1,1194.7,528.18974691575,-666.51025308425
2023-11-30,3,4,5-1-3,145.0,117.07269978255616,-27.927300217443843
2023-11-30,3,5,5-1-6,42.3,99.60624383020662,57.306243830206625
2023-11-30,3,7,5-6-2,182.0,523.7776588369676,341.7776588369676
2023-11-30,3,9,4-5-3,52.3,251.66718420567776,199.36718420567775
2023-11-30,3,10,3-6-4,278.3,525.3328897827457,247.0328897827457
2023-11-30,3,11,2-4-1,66.8,103.91163191716116,37.11163191716116
2023-11-30,3,12,3-1-2,78.5,116.11234929965642,37.612349299656415
2023-12-01,4,1,3-1-2,47.4,23.568104221427376,-23.831895778572623
2023-12-01,4,2,3-6-5,195.5,196.45812048470697,0.9581204847069671
2023-12-01,4,5,4-1-2,61.7,36.193516571008466,-25.506483428991537
2023-12-01,4,6,4-6-2,359.3,396.05930269524856,36.75930269524855
2023-12-02,5,5,4-2-6,217.6,144.8987865959638,-72.7012134040362
2023-12-03,6,3,5-1-6,458.1,516.6078663252875,58.50786632528752
2023-12-03,6,4,3-1-4,85.1,96.01162423197131,10.911624231971317
2023-12-03,6,6,3-2-4,288.6,219.49169684289865,-69.10830315710137
2023-12-03,6,10,3-1-6,157.2,103.3693260749786,-53.83067392502139
2023-12-03,6,12,2-4-3,230.0,228.77459046296258,-1.2254095370374216
2023-12-05,1,3,2-6-3,26.4,67.42054669650595,41.02054669650595
2023-12-05,1,4,5-3-4,598.5,111.38428445284995,-487.11571554715005
2023-12-05,1,5,4-3-6,36.1,43.84680473528935,7.746804735289352
2023-12-05,1,6,4-1-2,225.0,87.62715259040677,-137.37284740959325
2023-12-05,1,12,4-1-3,182.9,103.0266761452549,-79.87332385474511
2023-12-06,2,1,3-1-2,57.6,37.76569977653271,-19.834300223467288
2023-12-06,2,4,2-1-5,11.5,22.782365937613765,11.282365937613765
2023-12-06,2,7,2-5-1,161.8,171.1709460171449,9.370946017144888
2023-12-07,3,5,3-5-1,165.9,197.51220717480234,31.612207174802336
2023-12-07,3,7,2-4-6,65.5,72.94827445501429,7.448274455014285
2023-12-07,3,8,4-1-2,10.7,24.86940096841616,14.16940096841616
2023-12-07,3,10,4-1-6,29.0,30.37494024097382,1.374940240973821
2023-12-07,3,11,4-3-5,220.5,165.52568588517113,-54.97431411482887
2023-12-08,4,1,2-4-1,59.0,69.73212816051064,10.73212816051064
2023-12-08,4,4,6-2-1,21.2,56.84432053812855,35.644320538128554
2023-12-08,4,5,5-2-3,221.8,315.08368246071404,93.28368246071403
2023-12-08,4,9,4-1-3,21.8,112.86158439998147,91.06158439998147
2023-12-10,1,5,2-4-1,79.6,20.25326677066366,-59.34673322933634
2023-12-10,1,6,5-1-6,91.0,38.41608376026041,-52.58391623973959
2023-12-10,1,7,2-3-4,140.4,24.56401906964761,-115.83598093035239
2023-12-10,1,8,5-1-3,115.3,59.474821055246494,-55.8251789447535
2023-12-10,1,9,2-5-1,163.4,91.34853913254815,-72.05146086745185
2023-12-10,1,10,3-5-6,362.3,99.21932597476938,-263.0806740252306
2023-12-10,1,12,4-1-2,85.1,44.236886372469144,-40.86311362753085
2023-12-11,2,2,4-1-5,202.9,55.95692906224228,-146.94307093775774
2023-12-11,2,4,2-3-1,69.4,34.125618563623924,-35.27438143637608
2023-12-11,2,5,2-1-6,43.0,48.360936637537655,5.360936637537655
2023-12-11,2,7,3-1-5,33.3,22.011642160260244,-11.288357839739753
2023-12-11,2,9,3-1-2,36.3,15.433761792825049,-20.86623820717495
2023-12-12,3,7,5-4-6,60.7,63.143424001319126,2.443424001319123
2023-12-12,3,8,3-1-4,20.7,42.46583923077664,21.76583923077664
2023-12-12,3,11,4-5-1,31.0,82.54782136137429,51.54782136137429
2023-12-13,4,4,3-1-2,152.8,43.3283493502802,-109.4716506497198
2023-12-13,4,7,2-3-5,33.1,118.44803357553896,85.34803357553895
2023-12-13,4,8,2-1-3,16.3,24.407843256281264,8.107843256281264
2023-12-13,4,9,2-3-1,50.1,47.47504768332539,-2.6249523166746087
2023-12-14,5,1,4-5-2,294.9,44.07924169562171,-250.82075830437827
2023-12-14,5,4,3-6-1,186.2,110.87481796141525,-75.32518203858474
2023-12-15,6,4,4-6-5,86.6,177.05138364799217,90.45138364799217
2023-12-15,6,9,3-1-4,95.7,56.46731214497565,-39.23268785502435
2023-12-23,1,1,3-1-4,44.0,46.58875074373112,2.5887507437311186
2023-12-23,1,3,3-1-6,13.3,32.06127624106272,18.76127624106272
2023-12-23,1,4,4-2-6,482.2,395.3855353867679,-86.81446461323208
2023-12-23,1,5,2-5-6,21.3,96.9646975359528,75.6646975359528
2023-12-23,1,7,2-3-4,32.9,32.32793715102492,-0.5720628489750794
2023-12-23,1,9,6-4-1,696.9,325.7608262015983,-371.13917379840166
2023-12-23,1,10,4-2-3,143.5,169.44931993269012,25.949319932690116
2023-12-24,2,2,2-1-5,21.9,38.1079419197861,16.2079419197861
2023-12-24,2,3,2-4-1,225.4,129.2592530683914,-96.14074693160862
2023-12-24,2,4,5-6-4,71.3,90.05730968711022,18.757309687110222
2023-12-24,2,5,3-1-6,13.0,22.298488261640934,9.298488261640934
2023-12-24,2,6,5-1-6,826.6,334.6846229104485,-491.9153770895515
2023-12-24,2,8,4-1-6,48.5,19.163358124597266,-29.336641875402734
2023-12-24,2,9,3-1-5,186.9,142.04461301133736,-44.855386988662644
2023-12-25,3,1,5-6-1,111.1,147.61457230312695,36.514572303126954
2023-12-25,3,2,2-3-1,103.7,36.27485186251531,-67.42514813748468
2023-12-25,3,4,6-5-2,114.6,93.06792366687839,-21.53207633312161
2023-12-25,3,6,4-1-6,26.2,28.598102713095564,2.3981027130955646
2023-12-25,3,7,4-5-6,16.7,56.05977798476481,39.359777984764804
2023-12-25,3,9,2-4-1,12.3,47.176093921112724,34.87609392111273
2023-12-26,4,1,3-5-2,181.1,132.06684148566688,-49.03315851433311
2023-12-26,4,2,4-5-2,28.6,37.483730830077576,8.883730830077575
2023-12-26,4,3,3-1-2,48.8,211.30914338688,162.50914338688
2023-12-26,4,4,6-1-3,37.4,35.49518549851413,-1.9048145014858662
2023-12-26,4,5,5-6-1,20.4,77.63003046762934,57.23003046762934
2023-12-26,4,6,4-3-1,24.5,47.23956030829759,22.73956030829759
2023-12-26,4,7,2-3-4,16.0,19.259081862453154,3.2590818624531543
2023-12-26,4,9,4-2-1,21.0,40.14390557456188,19.143905574561877
2023-12-26,4,10,3-4-5,35.0,117.23285025099413,82.23285025099413
2023-12-26,4,11,4-6-1,195.2,329.8220019785043,134.62200197850433
2023-12-27,5,1,4-1-3,135.9,153.6520088793823,17.752008879382288
2023-12-27,5,3,2-3-4,52.3,52.63851572635072,0.338515726350721
2023-12-27,5,5,2-4-5,214.0,100.9098871104647,-113.0901128895353
2023-12-27,5,10,3-1-2,60.4,40.64346311480684,-19.756536885193157
2023-12-28,6,5,3-1-6,18.8,71.10571180371139,52.30571180371139
2023-12-30,1,1,2-6-1,407.5,167.86286260918044,-239.63713739081956
2023-12-30,1,2,2-1-3,19.7,31.57181108571137,11.871811085711371
2023-12-30,1,3,6-2-5,725.6,140.02197116731875,-585.5780288326813
2023-12-30,1,4,3-1-4,11.3,11.84097553963448,0.5409755396344789
2023-12-30,1,6,2-1-4,70.1,78.43286674329453,8.332866743294531
2023-12-30,1,7,3-1-4,16.9,14.70423103357413,-2.1957689664258684
2023-12-30,1,11,3-1-4,57.2,54.77077039544597,-2.429229604554031
2023-12-31,2,1,2-1-6,8.5,27.391816771041377,18.891816771041377
2023-12-31,2,2,4-5-3,70.7,34.88263919853067,-35.817360801469334
2023-12-31,2,3,6-2-1,351.4,177.30123348151588,-174.0987665184841
2023-12-31,2,4,5-1-2,38.7,74.77401449474044,36.07401449474044
2023-12-31,2,5,2-4-5,132.5,30.69045032126406,-101.80954967873595
2023-12-31,2,7,2-1-3,49.8,36.904298168302375,-12.895701831697622
2024-01-01,3,1,3-1-4,26.2,43.024923618533855,16.824923618533855
2024-01-01,3,2,5-2-6,34.1,51.510339831457955,17.410339831457954
2024-01-01,3,3,3-4-2,145.8,139.14183197759152,-6.658168022408489
2024-01-01,3,4,2-5-1,65.4,32.12090252459295,-33.279097475407056
2024-01-01,3,5,2-5-1,43.0,71.33795432223032,28.337954322230317
2024-01-01,3,6,2-3-1,141.9,72.45595520466703,-69.44404479533297
2024-01-01,3,9,2-4-5,71.6,70.12710187552739,-1.4728981244726072
2024-01-01,3,11,2-1-4,46.8,34.69889304247747,-12.101106957522525
2024-01-02,4,5,2-4-6,265.7,177.49688208948692,-88.20311791051307
2024-01-02,4,11,2-5-1,120.6,89.25359411273725,-31.346405887262748
2024-01-03,5,1,2-5-1,108.6,81.0750627529274,-27.5249372470726
2024-01-03,5,2,3-6-1,16.1,43.73222465993799,27.63222465993799
2024-01-03,5,3,2-3-1,30.7,37.42599874065688,6.72599874065688
2024-01-03,5,4,3-1-5,36.1,50.20126507914925,14.10126507914925
2024-01-03,5,6,3-1-4,7.6,13.698752279738686,6.098752279738687
2024-01-03,5,8,2-1-4,19.0,29.186230942437472,10.186230942437472
2024-01-03,5,9,3-4-2,212.9,86.06042912685544,-126.83957087314457
2024-01-05,1,3,5-2-6,124.2,82.48981717994228,-41.710182820057724
2024-01-05,1,4,2-3-6,43.5,57.08479857832274,13.58479857832274
2024-01-05,1,5,4-3-2,157.4,41.98804732306602,-115.41195267693399
2024-01-05,1,6,3-4-5,35.6,26.581327721471244,-9.018672278528758
2024-01-05,1,7,2-1-3,19.3,21.01818480849026,1.7181848084902605
2024-01-05,1,9,2-1-5,42.2,74.34513690598749,32.145136905987485
2024-01-05,1,11,2-1-3,19.6,79.35690733866662,59.756907338666615
2024-01-05,1,12,5-4-3,532.9,165.75303556708184,-367.14696443291814
2024-01-06,2,2,2-6-1,48.4,52.9347601419695,4.5347601419695
2024-01-06,2,4,6-4-5,76.9,184.78324146560124,107.88324146560123
2024-01-06,2,6,4-3-2,57.6,132.98522060877264,75.38522060877264
2024-01-06,2,9,3-1-2,28.2,17.391295433439986,-10.808704566560014
2024-01-06,2,10,2-1-4,28.2,21.694557086794806,-6.505442913205194
2024-01-06,2,12,2-5-4,124.8,68.129456130558,-56.670543869442
2024-01-07,3,2,5-2-1,49.8,55.07634997919823,5.27634997919823
2024-01-07,3,3,5-4-6,171.1,82.39047390163718,-88.70952609836282
2024-01-07,3,4,4-5-6,9.7,46.79622439740955,37.09622439740956
2024-01-07,3,6,2-5-3,374.0,176.95206932045915,-197.04793067954085
2024-01-08,4,4,3-2-1,29.1,36.860151033567504,7.760151033567503
2024-01-08,4,5,6-1-4,140.8,159.88334904005367,19.083349040053662
2024-01-08,4,7,5-2-4,398.8,157.6384592635546,-241.1615407364454
2024-01-08,4,8,2-1-3,13.2,18.946819471039394,5.7468194710393945
2024-01-08,4,11,6-1-3,132.9,261.27633444969024,128.37633444969023
2024-01-09,5,2,6-4-3,49.6,81.564568913469,31.964568913469
2024-01-09,5,4,3-2-1,95.0,72.63300733276735,-22.36699266723265
2024-01-09,5,6,3-1-6,29.1,47.255439030723004,18.155439030723002
2024-01-09,5,9,2-1-5,19.5,31.16614089110741,11.66614089110741
2024-01-09,5,10,2-1-3,24.9,48.016700030750265,23.116700030750266
2024-01-09,5,12,2-1-5,17.0,54.82580408969814,37.82580408969814
2024-01-10,6,3,2-1-3,25.9,38.16413142372009,12.264131423720094
2024-01-10,6,9,3-1-2,17.0,31.74950093098054,14.749500930980538
2024-01-10,6,10,2-1-3,15.4,22.88132475646209,7.481324756462088
2024-01-10,6,11,3-2-4,24.2,81.07764090781038,56.877640907810374
2024-01-10,6,12,5-1-6,166.9,51.38284502144097,-115.51715497855903
2024-01-15,1,1,5-1-4,54.8,140.98624518954065,86.18624518954066
2024-01-15,1,2,2-6-5,379.7,98.79442165935342,-280.90557834064657
2024-01-15,1,4,4-5-6,9.5,33.17176360747337,23.671763607473373
2024-01-15,1,6,3-2-1,34.2,43.39861866420342,9.198618664203416
2024-01-15,1,10,5-1-4,58.5,47.53424509201257,-10.965754907987431
2024-01-15,1,12,5-1-4,71.2,64.86612536407002,-6.333874635929988
2024-01-16,2,1,4-1-3,30.0,49.19009293467766,19.190092934677658
2024-01-16,2,2,6-1-3,18.8,43.51699631028535,24.71699631028535
2024-01-16,2,3,3-4-1,25.2,23.70606411768611,-1.4939358823138882
2024-01-16,2,7,6-3-2,72.6,45.00065484194045,-27.599345158059542
2024-01-17,3,1,3-1-2,19.8,48.43440973590124,28.63440973590124
2024-01-17,3,3,4-2-1,171.3,75.69800049311283,-95.60199950688718
2024-01-17,3,4,5-4-6,109.1,48.697400899428544,-60.40259910057145
2024-01-17,3,5,3-5-2,38.8,111.64685841378376,72.84685841378376
2024-01-17,3,6,3-4-2,37.6,50.950020681276655,13.350020681276654
2024-01-17,3,7,2-1-5,11.0,16.26782634853287,5.267826348532871
2024-01-17,3,10,6-3-2,95.2,206.9443307202979,111.7443307202979
2024-01-18,4,1,2-1-4,18.1,47.00373684738896,28.903736847388956
2024-01-18,4,3,2-6-4,236.6,64.54754139425526,-172.05245860574473
2024-01-18,4,4,2-3-6,117.3,338.1260208961836,220.8260208961836
2024-01-18,4,7,2-1-5,7.5,12.313930085393824,4.8139300853938245
2024-01-18,4,8,4-2-1,127.6,63.87475777129849,-63.725242228701504
2024-01-18,4,10,2-1-5,26.6,28.00900585155941,1.4090058515594102
2024-01-19,5,3,6-3-1,187.2,118.69207911307569,-68.5079208869243
2024-01-19,5,4,4-1-6,44.1,72.39822977296166,28.298229772961655
2024-01-19,5,7,2-1-3,268.8,120.59149016743598,-148.20850983256403
2024-01-20,6,2,2-5-1,22.1,45.01716907452812,22.91716907452812
2024-01-20,6,4,5-1-6,21.9,23.31423650865214,1.4142365086521416
2024-01-20,6,7,5-1-3,203.1,175.70770587857325,-27.392294121426744
2024-01-20,6,8,3-1-4,294.9,280.8764927188354,-14.023507281164598
2024-01-20,6,11,2-3-5,28.3,57.50182367047018,29.20182367047018
2024-01-23,1,2,3-1-4,94.1,34.07581604253408,-60.024183957465915
2024-01-23,1,3,3-1-2,18.0,15.419806764672336,-2.5801932353276644
2024-01-23,1,5,6-3-5,105.7,110.25062668109885,4.550626681098848
2024-01-23,1,6,4-2-3,163.7,103.78645093373792,-59.913549066262064
2024-01-23,1,7,2-5-1,38.9,34.24059195998652,-4.659408040013481
2024-01-23,1,8,4-2-6,117.6,121.83154246393322,4.2315424639332235
2024-01-23,1,9,3-2-6,36.8,120.43364007441562,83.63364007441562
2024-01-25,2,2,5-4-1,101.3,89.2040550763257,-12.095944923674296
2024-01-25,2,3,4-1-3,227.6,44.03149346055383,-183.56850653944616
2024-01-25,2,4,5-1-6,15.2,71.67463762555447,56.474637625554465
2024-01-25,2,5,2-3-1,80.5,136.540638543038,56.040638543038
2024-01-25,2,7,2-1-3,26.7,46.0234581179494,19.323458117949404
2024-01-25,2,9,5-1-6,24.7,36.10220101800123,11.402201018001232
2024-01-25,2,10,6-3-4,311.9,292.41523562775023,-19.484764372249742
2024-01-26,3,2,6-3-4,116.5,98.57098463851197,-17.929015361488027
2024-01-26,3,3,2-1-5,124.1,62.50083194243549,-61.599168057564505
2024-01-26,3,5,2-3-6,183.0,188.53171892361738,5.531718923617376
2024-01-26,3,6,4-3-1,13.9,21.559200305276832,7.659200305276832
2024-01-27,4,5,4-5-6,29.6,40.07170960965952,10.47170960965952
2024-01-27,4,6,3-1-2,23.1,31.09623866863397,7.996238668633968
2024-01-27,4,10,2-1-3,47.4,19.223435781415304,-28.176564218584694
2024-01-28,5,2,2-1-4,130.3,38.943294478581784,-91.35670552141823
2024-01-28,5,9,6-2-4,228.8,204.7408715943978,-24.059128405602223
2024-01-28,5,11,6-1-2,150.0,294.3329456143381,144.3329456143381
2024-01-29,6,1,2-1-5,160.5,82.18297082982977,-78.31702917017023
2024-01-29,6,5,4-1-6,33.7,144.43560290894408,110.73560290894407
2024-01-29,6,7,4-2-1,400.8,232.7812105923612,-168.01878940763882
2024-01-29,6,9,2-1-3,53.5,82.88117343452177,29.38117343452177
2024-01-29,6,10,3-4-2,103.5,195.10999043201141,91.60999043201141
2024-01-31,1,1,6-1-3,43.1,130.31329791029492,87.21329791029493
2024-01-31,1,2,3-2-5,88.7,73.9076266099053,-14.79237339009471
2024-01-31,1,3,4-5-1,20.4,25.459973363630933,5.0599733636309345
2024-01-31,1,4,4-6-3,707.0,134.56477952325332,-572.4352204767467
2024-01-31,1,5,2-1-3,17.4,13.149119530205356,-4.250880469794643
2024-01-31,1,6,3-5-4,167.8,121.70107885369164,-46.09892114630837
2024-01-31,1,7,6-4-2,315.7,169.81408543223432,-145.88591456776567
2024-01-31,1,9,5-1-2,148.7,93.82355333744538,-54.87644666255461
2024-02-01,2,2,5-3-1,125.1,77.08299010220621,-48.017009897793784
2024-02-01,2,3,4-2-6,20.1,46.341278510473515,26.241278510473514
2024-02-01,2,4,3-1-2,33.3,20.57964370863172,-12.720356291368276
2024-02-01,2,7,2-5-3,186.7,58.34627868474246,-128.35372131525753
2024-02-01,2,8,4-1-5,25.7,34.46768227717251,8.767682277172508
2024-02-01,2,9,2-1-4,17.0,15.372752651018459,-1.627247348981541
2024-02-01,2,11,2-3-5,269.6,124.638764556667,-144.961235443333
2024-02-02,3,2,3-4-5,66.9,72.9449277194339,6.0449277194339
2024-02-02,3,3,4-2-3,30.2,43.91282492284663,13.712824922846632
2024-02-02,3,6,2-1-3,52.6,112.96273706047872,60.362737060478715
2024-02-02,3,7,2-1-4,13.4,18.485863336292443,5.085863336292443
2024-02-02,3,8,2-1-4,7.5,11.561363297240318,4.061363297240318
2024-02-02,3,10,2-5-3,325.2,92.03087805014644,-233.16912194985355
2024-02-03,4,1,4-2-6,315.6,238.88943446556308,-76.71056553443694
2024-02-03,4,2,2-4-1,101.8,55.65030078974337,-46.14969921025663
2024-02-03,4,4,2-1-5,39.0,15.28963776177134,-23.71036223822866
2024-02-03,4,9,3-1-4,25.7,45.685679558410854,19.985679558410855
2024-02-03,4,11,2-4-1,288.9,90.60625966897058,-198.2937403310294
2024-02-04,5,3,3-2-1,20.8,23.760273115534318,2.960273115534317
2024-02-04,5,4,2-4-3,235.7,119.11656996320424,-116.58343003679575
2024-02-04,5,5,4-3-5,106.0,58.780677892409024,-47.219322107590976
2024-02-04,5,12,4-1-6,63.9,147.70731071088386,83.80731071088385
2024-02-05,6,3,4-1-5,24.1,44.050587814873744,19.950587814873742
2024-02-05,6,6,4-1-3,23.2,38.840942580748845,15.640942580748845
2024-02-05,6,7,2-3-4,577.3,190.61042390066893,-386.689576099331
2024-02-05,6,11,2-5-4,553.7,76.10809580947173,-477.59190419052834
2024-02-06,7,4,2-1-5,37.9,37.20221959101195,-0.697780408988045
2024-02-06,7,7,5-1-6,63.8,41.84806580070717,-21.95193419929283
2024-02-06,7,9,2-3-4,25.1,92.63338757222748,67.53338757222747
2024-02-06,7,10,4-3-5,301.9,140.1088566756401,-161.79114332435987
2024-02-11,1,2,4-3-1,38.3,31.181638325789642,-7.118361674210355
2024-02-11,1,4,4-3-1,190.6,27.069296585792333,-163.53070341420766
2024-02-11,1,10,5-1-6,124.6,51.718521545733665,-72.88147845426633
2024-02-12,2,3,2-1-6,15.6,19.130043307851427,3.530043307851427
2024-02-13,3,1,2-1-4,20.6,31.970113086936955,11.370113086936954
2024-02-13,3,2,3-5-4,79.0,38.71146082914959,-40.28853917085041
2024-02-13,3,3,2-1-3,12.2,10.878950855322548,-1.3210491446774508
2024-02-13,3,4,4-2-1,74.5,44.537426664368574,-29.962573335631426
2024-02-13,3,6,3-1-5,10.0,14.7023003517325,4.7023003517325
2024-02-13,3,7,3-1-6,24.5,12.796188816413142,-11.703811183586858
2024-02-13,3,11,2-1-6,114.4,57.29988582510427,-57.10011417489574
2024-02-14,4,1,2-5-3,44.5,26.480593276435414,-18.019406723564586
2024-02-14,4,4,3-1-2,36.6,22.79838699358306,-13.801613006416943
2024-02-14,4,6,2-1-6,46.3,14.76270306661869,-31.537296933381306
2024-02-14,4,7,3-1-6,14.7,24.750577662285735,10.050577662285736
2024-02-14,4,9,3-1-4,14.6,17.14496328358724,2.5449632835872418
2024-02-14,4,12,3-1-4,20.9,30.777160507819556,9.877160507819557
2024-02-15,5,3,2-1-4,53.3,33.239645902379685,-20.060354097620312
2024-02-15,5,8,4-6-1,328.7,67.08013395153056,-261.6198660484694
2024-02-15,5,9,4-2-1,131.9,77.77133315686956,-54.128666843130446
2024-02-15,5,11,2-4-1,139.4,93.37245164021772,-46.02754835978229
2024-02-15,5,12,2-6-4,471.1,117.12475783448518,-353.9752421655148
2024-02-16,6,1,3-1-5,39.0,31.53739974223007,-7.462600257769932
2024-02-16,6,2,3-6-4,151.5,58.985789336144194,-92.5142106638558
2024-02-16,6,4,4-6-5,861.1,78.41112091111678,-782.6888790888833
2024-02-16,6,5,6-1-2,419.8,89.63801373294673,-330.1619862670533
2024-02-16,6,6,5-1-2,63.8,52.86881574274049,-10.93118425725951
2024-02-16,6,12,4-1-5,252.0,37.88054872000854,-214.11945127999147
2024-02-20,1,2,4-5-1,15.8,31.08766657913894,15.28766657913894
2024-02-20,1,3,5-6-4,37.4,21.438305475534456,-15.961694524465543
2024-02-20,1,4,4-5-2,216.4,150.01617783480853,-66.38382216519148
2024-02-20,1,5,5-1-2,164.9,106.62450485753303,-58.27549514246698
2024-02-20,1,7,3-1-5,28.9,28.847329645837686,-0.052670354162312805
2024-02-20,1,9,2-1-4,14.8,16.7646295787351,1.9646295787350994
2024-02-20,1,11,4-3-1,178.0,102.19161824724792,-75.80838175275208
2024-02-21,2,1,2-4-1,94.8,62.86129112156739,-31.938708878432607
2024-02-21,2,2,4-3-5,48.7,77.39496592544269,28.694965925442688
2024-02-21,2,6,4-5-3,19.8,49.661875205950096,29.861875205950096
2024-02-21,2,7,3-4-6,12.2,102.05408166390342,89.85408166390341
2024-02-22,3,1,2-1-6,29.0,56.61692989163386,27.61692989163386
2024-02-22,3,2,2-4-6,134.2,63.42198727844345,-70.77801272155654
2024-02-22,3,3,2-1-4,18.4,48.908932972776086,30.508932972776087
2024-02-22,3,4,2-6-4,202.2,130.34129356775367,-71.85870643224632
2024-02-22,3,7,2-4-3,15.2,39.97568302033274,24.77568302033274
2024-02-22,3,11,4-1-6,188.2,77.53695494862939,-110.6630450513706
2024-02-22,3,12,4-1-2,137.0,81.18093476618523,-55.81906523381477
2024-02-23,4,2,5-3-2,75.2,42.7388356749855,-32.4611643250145
2024-02-23,4,3,3-1-2,40.9,14.89334351462696,-26.00665648537304
2024-02-23,4,5,2-3-6,114.1,157.01162776684922,42.91162776684922
2024-02-23,4,6,5-6-1,2035.5,895.8382987862248,-1139.6617012137754
2024-02-23,4,7,3-2-4,258.7,324.73812922826437,66.03812922826438
2024-02-23,4,10,4-2-1,125.8,154.9813142246,29.1813142246
2024-02-23,4,11,5-1-4,224.5,63.173515143988226,-161.32648485601177
2024-02-23,4,12,4-1-5,33.3,37.79613848659055,4.496138486590553
2024-02-24,5,2,3-5-4,141.3,67.32575907843275,-73.97424092156726
2024-02-24,5,3,4-1-6,64.0,96.15380810091094,32.153808100910936
2024-02-24,5,4,4-6-1,14.1,29.975203224774013,15.875203224774014
2024-02-24,5,6,4-3-1,25.5,25.874795139052864,0.3747951390528641
2024-02-24,5,7,5-2-1,410.5,157.03067181750973,-253.46932818249027
2024-02-24,5,12,2-5-1,30.8,96.72180561832468,65.92180561832468
2024-02-25,6,3,3-1-2,130.7,110.32806197751802,-20.37193802248197
2024-02-25,6,5,2-4-5,224.1,197.1011952859105,-26.998804714089488
2024-02-25,6,10,3-1-6,180.4,32.843400859718805,-147.5565991402812
2024-02-25,6,11,3-1-4,7.7,32.98748360333167,25.28748360333167
2024-02-27,1,1,3-1-4,44.3,113.98103073913543,69.68103073913544
2024-02-27,1,2,4-3-6,103.7,52.864359802354144,-50.83564019764586
2024-02-27,1,3,4-2-5,191.1,64.96542521776017,-126.13457478223982
2024-02-27,1,4,2-1-3,69.3,30.27315577768105,-39.02684422231894
2024-02-27,1,5,4-5-3,78.4,51.19154881344423,-27.208451186555777
2024-02-27,1,6,3-4-1,14.5,26.49450394220692,11.994503942206919
2024-02-27,1,7,3-1-4,178.8,102.5956451754086,-76.2043548245914
2024-02-27,1,9,2-1-3,36.7,54.916183377782495,18.216183377782492
2024-02-28,2,1,2-4-1,67.0,44.62589422240685,-22.37410577759315
2024-02-28,2,2,2-1-3,34.6,29.837775580836563,-4.762224419163438
2024-02-28,2,4,4-2-1,255.6,168.45259937259132,-87.14740062740867
2024-02-28,2,10,4-1-2,267.3,194.91166630291303,-72.38833369708698
2024-02-29,3,2,4-5-6,36.6,78.45368149559935,41.85368149559935
2024-02-29,3,3,3-2-5,73.6,122.67765795680909,49.07765795680909
2024-02-29,3,4,3-4-2,43.5,57.77211432551552,14.272114325515517
2024-02-29,3,5,2-3-5,85.7,54.25920963936112,-31.440790360638886
2024-02-29,3,6,6-3-4,365.1,1288.1109561202204,923.0109561202204
2024-02-29,3,9,3-1-5,125.3,55.0560646672488,-70.24393533275119
2024-02-29,3,10,6-3-1,59.7,105.6447384397405,45.94473843974049
2024-02-29,3,11,4-1-5,55.8,100.65469572341276,44.85469572341276
2024-03-01,4,1,2-3-5,9.4,58.984978291410314,49.584978291410316
2024-03-01,4,2,3-5-4,105.3,108.1934010436604,2.893401043660404
2024-03-01,4,5,2-4-1,28.1,27.784619543908814,-0.31538045609118726
2024-03-02,5,1,2-1-3,14.2,38.48197604373461,24.281976043734613
2024-03-02,5,2,2-1-6,20.5,26.94003569431502,6.440035694315021
2024-03-02,5,4,4-2-6,85.0,191.7968319589751,106.7968319589751
2024-03-02,5,7,6-3-1,23.8,42.38199064143697,18.58199064143697
2024-03-03,6,3,2-5-3,84.8,128.49471918210415,43.69471918210415
2024-03-03,6,5,2-3-6,222.6,136.48105835015664,-86.11894164984335
2024-03-03,6,10,3-1-5,40.6,35.67027185499936,-4.929728145000638
2024-03-03,6,11,2-3-1,109.2,79.36149568778738,-29.83850431221262
2024-03-03,6,12,2-3-1,67.7,146.26469612993242,78.56469612993241
2024-03-05,1,3,3-1-5,63.9,28.27220432215567,-35.62779567784433
2024-03-05,1,5,5-2-3,83.1,83.50000788024924,0.40000788024924816
2024-03-05,1,6,6-1-4,36.5,140.27900138110567,103.77900138110567
2024-03-05,1,7,5-1-4,255.0,86.68420947887168,-168.31579052112832
2024-03-05,1,10,2-3-4,163.3,95.06880468870058,-68.23119531129943
2024-03-05,1,11,2-1-3,49.6,38.95481587034467,-10.645184129655334
2024-03-06,2,1,3-4-1,65.6,74.95050934340884,9.350509343408845
2024-03-06,2,2,3-2-6,68.8,37.0713381596295,-31.7286618403705
2024-03-06,2,4,2-1-4,30.2,43.51061041619745,13.310610416197452
2024-03-06,2,6,3-1-4,12.6,21.505230059453545,8.905230059453546
2024-03-06,2,7,5-2-1,82.7,46.27815324434319,-36.421846755656816
2024-03-06,2,8,4-1-6,31.3,70.22216605645994,38.92216605645994
2024-03-06,2,9,6-1-2,29.4,47.83573715337166,18.43573715337166
2024-03-06,2,10,5-6-2,141.5,119.1882657691623,-22.3117342308377
2024-03-07,3,2,2-1-4,43.9,49.338969100316426,5.438969100316427
2024-03-08,4,2,2-4-5,49.2,54.991330126952754,5.791330126952751
2024-03-08,4,3,4-1-5,113.0,71.60545969935322,-41.39454030064678
2024-03-08,4,5,6-1-5,220.5,153.2815511348098,-67.2184488651902
2024-03-09,5,1,2-1-4,20.9,26.771375995211674,5.871375995211675
2024-03-09,5,2,3-6-4,252.2,69.66502597009278,-182.5349740299072
2024-03-09,5,3,2-6-4,319.3,105.13146856050545,-214.16853143949456
2024-03-09,5,4,4-2-6,66.9,56.46089577861113,-10.439104221388874
2024-03-09,5,7,3-1-5,189.6,54.76371679825183,-134.83628320174816
2024-03-09,5,9,3-1-5,67.8,49.68652210475168,-18.113477895248316
2024-03-09,5,11,6-1-2,34.4,234.12092511793156,199.72092511793156
2024-03-10,6,9,3-1-4,40.1,80.8778001411401,40.7778001411401
2024-03-13,1,2,6-4-3,104.7,72.43090637961564,-32.26909362038437
2024-03-13,1,3,6-1-4,127.9,37.23310576786087,-90.66689423213913
2024-03-13,1,4,2-3-5,84.7,38.49508298448476,-46.20491701551524
2024-03-13,1,6,4-5-1,27.9,41.32634660258766,13.426346602587664
2024-03-13,1,7,2-1-4,6.4,15.250291730831284,8.850291730831284
2024-03-14,2,2,4-5-1,29.3,30.97513151018078,1.6751315101807798
2024-03-14,2,3,4-1-3,90.8,42.20708227030012,-48.59291772969988
2024-03-14,2,5,6-2-3,33.5,36.9948565827926,3.4948565827926004
2024-03-14,2,8,4-2-5,452.9,205.95764524492586,-246.94235475507412
2024-03-14,2,12,3-1-2,38.3,40.204757126489504,1.904757126489507
2024-03-15,3,3,3-1-2,26.0,33.20651010926876,7.206510109268763
2024-03-15,3,4,3-5-2,42.8,24.281189141699095,-18.518810858300903
2024-03-15,3,5,3-4-1,101.5,77.17996761884307,-24.320032381156935
2024-03-15,3,12,2-5-1,132.4,92.86586369212634,-39.534136307873666
2024-03-16,4,2,6-4-1,479.2,134.93379370438524,-344.2662062956148
2024-03-16,4,6,3-1-2,11.7,14.006787298522994,2.3067872985229947
2024-03-18,1,2,2-3-1,156.0,91.65677027190833,-64.34322972809167
2024-03-18,1,4,4-2-3,142.3,82.89320516713676,-59.406794832863255
2024-03-18,1,5,2-1-4,8.7,11.975180003225779,3.2751800032257794
2024-03-18,1,6,2-4-5,100.4,121.13192923037711,20.731929230377105
2024-03-18,1,7,2-1-4,146.9,112.82190791172235,-34.07809208827766
2024-03-18,1,11,4-3-6,284.1,80.48133044014763,-203.61866955985238
2024-03-19,2,2,2-6-3,54.7,299.69041399197613,244.99041399197614
2024-03-19,2,3,5-4-1,22.4,30.410038393599567,8.010038393599569
2024-03-19,2,5,2-5-3,29.8,43.813192067699404,14.013192067699404
2024-03-19,2,7,2-4-1,46.7,68.04792412846476,21.347924128464754
2024-03-19,2,12,3-5-2,526.8,126.30428718758915,-400.49571281241083
2024-03-21,3,1,4-1-6,59.4,67.46267973445434,8.062679734454342
2024-03-21,3,4,3-1-5,91.4,48.70663774181975,-42.69336225818026
2024-03-21,3,5,4-1-3,33.3,24.696674845662756,-8.603325154337242
2024-03-21,3,7,3-1-2,31.5,19.051886006685425,-12.448113993314575
2024-03-21,3,10,4-5-1,17.0,38.0585964323637,21.0585964323637
2024-03-22,4,3,5-1-2,42.5,71.97685845753713,29.476858457537134
2024-03-22,4,5,2-3-4,18.6,46.52945089476288,27.92945089476288
2024-03-22,4,6,3-1-6,27.6,13.025264183706302,-14.5747358162937
2024-03-22,4,7,2-3-6,45.5,44.83347548313621,-0.6665245168637881
2024-03-22,4,9,5-1-2,39.0,41.704144036004664,2.7041440360046636
2024-03-23,5,1,3-1-5,29.5,48.97765652119621,19.47765652119621
2024-03-23,5,4,5-1-3,49.2,62.27462942779931,13.074629427799309
2024-03-23,5,10,2-1-3,10.2,21.87163198743382,11.67163198743382
2024-03-24,6,5,5-2-3,996.3,309.587214571224,-686.712785428776
2024-03-24,6,11,5-1-4,155.7,74.2679917648564,-81.43200823514358
2024-04-29,1,1,6-5-4,604.6,656.4991169305941,51.89911693059412
2024-04-29,1,2,3-1-4,73.6,53.964846178916325,-19.63515382108367
2024-04-29,1,3,2-4-6,552.8,271.50677941444,-281.29322058555994
2024-04-29,1,5,4-1-5,105.6,121.61169967761822,16.011699677618225
2024-04-29,1,6,3-1-4,9.9,22.879150696283133,12.979150696283133
2024-04-29,1,10,3-1-4,192.0,213.92988745425004,21.929887454250036
2024-04-29,1,11,3-4-5,462.3,479.6606579805492,17.360657980549206
2024-04-29,1,12,3-1-5,46.2,47.39160824314126,1.1916082431412605
2024-04-30,2,1,2-1-5,37.8,47.402930282460595,9.602930282460598
2024-04-30,2,5,2-3-4,18.7,22.09695072882575,3.3969507288257503
2024-04-30,2,9,4-5-1,44.2,180.38772349486382,136.1877234948638
2024-04-30,2,11,2-1-5,17.2,50.34582787850563,33.14582787850563
2024-04-30,2,12,4-5-1,37.3,48.570531760148036,11.270531760148039
2024-05-01,3,5,2-5-1,10.5,139.81942780326338,129.31942780326338
2024-05-01,3,6,4-3-5,28.7,169.9006979988149,141.20069799881492
2024-05-01,3,7,2-4-6,145.2,430.5689325689371,285.3689325689371
2024-05-01,3,8,2-3-4,146.9,220.07965189681735,73.17965189681735
2024-05-01,3,12,2-4-3,426.7,425.90462136922037,-0.7953786307796236
2024-05-02,4,1,2-1-4,16.4,124.731263411727,108.33126341172701
2024-05-02,4,4,2-1-3,32.7,223.15195861497241,190.4519586149724
2024-05-02,4,7,4-5-1,70.1,171.20397588770427,101.10397588770428
2024-05-04,1,1,3-1-4,36.4,193.4925538496816,157.0925538496816
2024-05-04,1,3,2-1-4,32.9,150.2807897028287,117.38078970282871
2024-05-05,2,2,2-4-3,495.0,228.3960770104964,-266.6039229895036
2024-05-05,2,4,3-2-6,170.6,285.32543183114666,114.72543183114666
2024-05-05,2,6,2-1-5,188.5,135.47339285622436,-53.026607143775635
2024-05-05,2,10,2-1-6,35.3,204.07696629360012,168.77696629360014
2024-05-05,2,11,3-2-4,226.1,473.345758892714,247.245758892714
2024-05-05,2,12,3-4-5,313.8,352.6089594771816,38.80895947718159
2024-05-06,3,1,2-1-4,19.6,147.02683964388405,127.42683964388405
2024-05-06,3,2,6-4-2,544.0,651.4888380070103,107.48883800701026
2024-05-06,3,4,4-5-2,144.6,299.69907070990143,155.09907070990144
2024-05-06,3,6,2-1-5,264.6,166.35441291092587,-98.24558708907415
2024-05-06,3,10,2-4-1,317.5,224.92861798321323,-92.57138201678677
2024-05-07,4,2,3-1-2,44.0,155.1096611811351,111.1096611811351
2024-05-07,4,3,4-2-6,75.2,196.40918328676432,121.20918328676431
2024-05-07,4,11,5-1-4,165.8,467.9114975787317,302.1114975787317
2024-05-08,5,3,2-3-1,78.2,145.95142276307553,67.75142276307552
2024-05-08,5,6,3-2-6,366.1,175.05092751584135,-191.04907248415867
2024-05-08,5,7,6-1-5,74.9,707.300004545159,632.400004545159
2024-05-08,5,11,5-4-1,301.2,388.6011787862789,87.40117878627893
2024-05-09,6,1,5-6-1,770.7,448.2268072677918,-322.47319273220825
2024-05-09,6,2,3-1-2,47.5,218.33455929586725,170.83455929586725
2024-05-09,6,8,2-1-4,37.6,135.21709389952053,97.61709389952054
2024-05-09,6,11,4-3-1,126.1,293.17060158411937,167.07060158411937
2024-05-09,6,12,2-1-4,64.4,228.72022214530693,164.32022214530693
2024-05-12,1,1,3-4-6,33.7,192.3458127718581,158.64581277185812
2024-05-12,1,2,2-5-4,297.1,209.62488012533592,-87.4751198746641
2024-05-12,1,4,4-3-5,16.1,171.91676090649543,155.81676090649543
2024-05-12,1,5,2-4-5,10.2,237.11236863045986,226.91236863045987
2024-05-12,1,6,3-1-6,16.9,203.64096759506384,186.74096759506384
2024-05-12,1,7,4-1-5,90.3,386.6876739795031,296.38767397950306
2024-05-13,2,2,2-4-1,63.4,108.29360206546484,44.89360206546484
2024-05-13,2,4,4-2-1,10.9,168.27955392406997,157.37955392406997
2024-05-13,2,5,3-2-4,42.3,331.4731659950141,289.1731659950141
2024-05-13,2,6,4-1-2,34.9,360.704030474081,325.804030474081
2024-05-13,2,7,2-6-1,47.2,178.20895179688256,131.00895179688257
2024-05-13,2,12,6-3-5,27.2,1294.194104115677,1266.994104115677
2024-05-14,3,4,2-6-5,14.0,203.5132882204042,189.5132882204042
2024-05-14,3,12,4-1-5,20.9,139.61489452308302,118.71489452308302
2024-05-15,4,1,3-5-6,142.5,170.5265415265677,28.026541526567712
2024-05-15,4,2,5-1-6,15.7,355.2635287075806,339.5635287075806
2024-05-15,4,4,4-5-1,55.3,271.227601471983,215.927601471983
2024-05-15,4,9,3-2-4,524.4,173.4282820521737,-350.9717179478263
2024-05-15,4,10,5-1-2,103.4,620.1024598517623,516.7024598517623
2024-05-20,1,1,6-2-1,702.1,365.2343525299977,-336.86564747000233
2024-05-20,1,3,5-1-6,11.5,359.4069912433718,347.9069912433718
2024-05-20,1,5,2-5-4,30.9,141.79072887711615,110.89072887711615
2024-05-20,1,8,3-4-6,1621.3,310.62832182684576,-1310.6716781731543
2024-05-20,1,10,2-1-6,54.9,138.1093933423176,83.20939334231758
2024-05-20,1,12,3-5-6,269.4,658.4555561593149,389.05555615931496
2024-05-21,2,2,5-4-6,93.7,351.3043989925344,257.6043989925344
2024-05-21,2,5,4-5-1,27.5,316.5368767322523,289.0368767322523
2024-05-21,2,8,2-1-3,16.0,167.78014334760505,151.78014334760505
2024-05-21,2,9,2-6-5,1586.5,449.8274558496004,-1136.6725441503995
2024-05-22,3,2,4-5-1,10.0,201.3210534852272,191.3210534852272
2024-05-22,3,4,5-3-2,69.2,343.97666063418467,274.7766606341847
2024-05-22,3,6,6-1-2,1028.8,967.381476116834,-61.4185238831659
2024-05-22,3,7,2-5-1,622.3,158.18739551929076,-464.1126044807092
2024-05-23,4,1,2-5-6,40.3,121.54605732837139,81.24605732837139
2024-05-23,4,2,6-2-5,274.1,703.2580017789803,429.1580017789803
2024-05-23,4,3,5-6-3,73.3,262.2860101960209,188.9860101960209
2024-05-23,4,5,4-1-2,11.0,138.31820566353665,127.31820566353665
2024-05-23,4,6,4-1-2,68.5,280.7722283404158,212.27222834041578
2024-05-23,4,8,5-4-1,157.0,288.97216741985505,131.97216741985505
2024-05-24,5,3,3-2-4,34.6,223.86115822610032,189.26115822610032
2024-05-24,5,4,3-1-2,226.5,177.36994561236708,-49.130054387632924
2024-05-24,5,6,4-6-1,25.3,198.98293060518844,173.68293060518843
2024-05-24,5,9,3-6-5,146.9,257.02629872023664,110.12629872023663
2024-05-25,6,6,3-1-4,25.5,201.12086873915402,175.62086873915402
2024-05-25,6,9,3-1-5,166.3,145.49523263109185,-20.80476736890816
2024-05-25,6,11,2-5-4,494.1,299.00785483757824,-195.0921451624218
2024-05-26,7,2,5-1-3,81.7,452.39708627926944,370.69708627926946
2024-05-26,7,6,4-1-5,115.2,358.1246962222429,242.92469622224291
2024-05-26,7,12,5-2-6,572.1,787.6433154473328,215.54331544733282
2024-05-29,1,6,3-1-4,11.3,234.8873146721854,223.58731467218539
2024-05-29,1,7,6-2-1,87.4,803.8784628172108,716.4784628172108
2024-05-29,1,10,3-1-2,129.3,273.49346561833215,144.19346561833214
2024-05-30,2,5,3-1-5,48.0,136.69384330220058,88.69384330220058
2024-05-30,2,9,3-6-5,2948.6,470.5073121901503,-2478.09268780985
2024-05-30,2,10,4-5-2,27.7,154.18664834895375,126.48664834895375
2024-05-31,3,2,2-3-1,112.8,146.85248770095797,34.05248770095797
2024-05-31,3,4,2-4-1,109.4,119.84041995385313,10.440419953853123
2024-05-31,3,6,5-1-6,134.0,299.63409206470163,165.63409206470163
2024-05-31,3,9,2-1-3,19.8,199.93290764487233,180.13290764487232
2024-05-31,3,10,3-1-5,76.7,217.4914864430866,140.79148644308657
2024-06-01,4,2,2-4-1,160.3,177.09853077743773,16.79853077743772
2024-06-01,4,5,4-1-2,46.1,173.66762590462014,127.56762590462014
2024-06-01,4,7,2-1-4,64.7,131.093786042762,66.39378604276199
2024-06-01,4,10,3-5-1,37.7,228.615538953812,190.91553895381202
2024-06-01,4,11,4-2-6,123.2,580.710339241202,457.51033924120196
2024-06-01,4,12,4-5-1,54.8,118.19913475723922,63.399134757239224
2024-06-12,1,2,5-1-2,13.7,381.59366141769505,367.89366141769506
2024-06-12,1,3,4-3-2,105.4,317.96041392651114,212.56041392651113
2024-06-12,1,4,3-1-6,14.7,182.11476445371346,167.41476445371347
2024-06-12,1,5,2-3-5,54.3,155.53754318821476,101.23754318821476
2024-06-12,1,6,2-4-1,32.0,168.31361735131043,136.31361735131043
2024-06-12,1,7,2-1-3,14.2,327.19055138016233,312.99055138016234
2024-06-12,1,12,5-1-4,171.9,552.2183466125857,380.31834661258574
2024-06-13,2,1,3-4-1,59.2,147.4465421792587,88.2465421792587
2024-06-13,2,5,2-6-1,40.7,332.1363714716793,291.4363714716793
2024-06-14,3,1,5-2-1,166.4,280.4343672193015,114.03436721930152
2024-06-14,3,2,3-6-1,42.7,324.50335346743674,281.80335346743675
2024-06-14,3,4,4-1-2,37.9,344.88940859695043,306.98940859695045
2024-06-14,3,6,4-1-3,65.9,511.6645129160854,445.76451291608544
2024-06-14,3,7,5-2-6,117.8,730.4515503281685,612.6515503281686
2024-06-15,4,2,2-4-6,21.4,199.07622239522044,177.67622239522044
2024-06-15,4,5,3-2-1,47.8,247.973338666674,200.173338666674
2024-06-15,4,7,4-1-3,14.9,439.7567974461268,424.85679744612685
2024-06-15,4,11,4-5-1,70.4,127.20023837877345,56.80023837877344
2024-06-16,5,1,2-6-4,101.5,217.11889598938558,115.61889598938558
2024-06-16,5,2,2-3-5,24.4,105.57524333244109,81.17524333244108
2024-06-16,5,3,3-5-1,35.4,167.79244856168185,132.39244856168185
2024-06-16,5,4,5-1-6,36.2,553.72396540496,517.52396540496
2024-06-16,5,11,3-2-6,738.4,393.37180980433646,-345.0281901956635
2024-06-17,6,1,2-5-1,150.0,126.34666552163299,-23.653334478367015
2024-06-17,6,6,3-1-4,10.6,240.24017387069702,229.64017387069703
2024-06-17,6,7,2-1-4,17.1,234.04183102647465,216.94183102647466
2024-06-17,6,8,5-2-4,61.8,266.1178775746316,204.3178775746316
2024-06-17,6,10,2-1-3,32.4,188.41391927457914,156.01391927457914
2024-06-18,7,1,2-5-1,36.3,99.31890634728028,63.01890634728028
2024-06-18,7,4,4-2-1,167.2,153.47989835660937,-13.72010164339062
2024-06-18,7,5,3-2-6,51.4,333.7033479299515,282.30334792995154
2024-06-18,7,7,4-6-5,107.8,139.2772163681568,31.47721636815679
2024-06-18,7,9,4-3-1,86.2,195.9600376439207,109.76003764392071
2024-06-26,1,1,6-4-1,399.7,632.9381135932227,233.23811359322275
2024-06-26,1,2,4-5-3,56.0,165.4252501052375,109.4252501052375
2024-06-26,1,3,3-1-4,19.6,180.23340762605855,160.63340762605856
2024-06-26,1,7,6-5-2,248.1,889.2773811973412,641.1773811973412
2024-06-26,1,12,4-3-5,98.2,148.54311232622237,50.34311232622237
2024-06-27,2,3,3-1-6,14.7,204.21237425761396,189.51237425761397
2024-06-27,2,5,4-3-1,37.8,173.79646999762082,135.9964699976208
2024-06-27,2,6,3-5-4,210.4,384.69922282149986,174.29922282149985
2024-06-27,2,8,4-1-2,16.0,121.82720348894318,105.82720348894318
2024-06-27,2,12,5-1-3,59.3,317.52944642773843,258.2294464277384
2024-06-28,3,2,2-4-5,77.6,144.64780713766436,67.04780713766436
2024-06-28,3,3,6-2-4,181.5,850.7328417057429,669.2328417057429
2024-06-28,3,5,3-1-4,20.4,191.6334204829207,171.2334204829207
2024-06-28,3,6,2-3-1,110.4,196.00586466006388,85.60586466006387
2024-06-28,3,9,3-5-4,528.1,532.9632174813487,4.86321748134867
2024-06-29,4,2,4-2-1,76.2,151.68853301398877,75.48853301398877
2024-06-29,4,3,3-1-6,62.2,205.29142510845995,143.09142510845993
2024-06-29,4,4,4-1-2,91.2,309.5497948806025,218.34979488060253
2024-06-29,4,11,2-6-3,145.8,518.1171020101631,372.31710201016307
2024-06-29,4,12,5-1-3,78.6,488.5530072824288,409.95300728242876
2024-06-30,5,2,3-5-1,55.7,137.57843318526167,81.87843318526167
2024-06-30,5,3,6-2-4,173.2,513.5341963385994,340.3341963385994
2024-06-30,5,6,4-2-3,295.9,199.82828865201498,-96.071711347985
2024-06-30,5,10,4-2-1,148.1,153.2156099000777,5.115609900077715
2024-07-01,6,2,4-1-6,88.5,192.43296709687738,103.93296709687738
2024-07-01,6,3,4-3-5,72.3,189.5987441229849,117.2987441229849
2024-07-01,6,4,4-6-3,55.8,579.8257716933325,524.0257716933326
2024-07-01,6,5,5-1-6,117.3,788.3637452545248,671.0637452545249
2024-07-01,6,10,3-1-6,86.0,289.51264233758496,203.51264233758496
2024-07-01,6,11,2-1-3,20.2,248.31731318913018,228.1173131891302
2024-07-02,7,1,2-1-5,41.8,147.4529836119723,105.65298361197229
2024-07-02,7,9,3-1-4,12.3,149.658229424618,137.358229424618
2024-07-02,7,10,3-1-5,71.1,157.7393129608039,86.63931296080389
2024-07-09,1,1,4-6-5,77.2,352.3296768684637,275.1296768684637
2024-07-09,1,4,4-1-6,20.1,362.2683229977971,342.1683229977971
2024-07-10,2,1,6-5-4,1571.0,542.8721063882704,-1028.1278936117296
2024-07-10,2,2,2-1-4,21.8,95.38196539675467,73.58196539675467
2024-07-10,2,4,4-1-2,109.2,266.6645997072057,157.4645997072057
2024-07-10,2,5,3-6-2,144.2,172.30365947591037,28.103659475910376
2024-07-10,2,9,3-1-2,21.1,226.15838418693022,205.05838418693023
2024-07-10,2,12,4-3-1,125.1,329.99166250885054,204.89166250885054
2024-07-11,3,2,2-4-6,284.9,200.62119916660342,-84.27880083339656
2024-07-11,3,3,3-1-4,54.7,150.82979542443232,96.12979542443232
2024-07-11,3,4,2-3-4,156.1,228.84838647504398,72.74838647504399
2024-07-11,3,5,3-5-2,55.6,221.012786259191,165.412786259191
2024-07-11,3,7,2-1-5,16.3,241.4730743015541,225.1730743015541
2024-07-12,4,2,3-1-6,23.5,179.23647715751088,155.73647715751088
2024-07-12,4,4,2-5-4,15.3,141.9101067154369,126.61010671543691
2024-07-12,4,5,3-4-1,52.0,356.4780504208112,304.4780504208112
2024-07-12,4,7,2-1-3,24.3,100.38193674018595,76.08193674018595
2024-07-12,4,8,3-1-4,45.8,178.276678042866,132.476678042866
2024-07-13,5,1,2-1-4,70.7,92.53756050798374,21.83756050798374
2024-07-14,6,5,4-1-2,288.8,256.4313078101947,-32.3686921898053
2024-07-14,6,7,3-1-4,30.9,251.1452934858114,220.2452934858114
2024-07-14,6,8,4-2-5,117.7,156.11557194105856,38.41557194105856
2024-07-14,6,9,2-1-3,7.8,218.56817593752177,210.76817593752176
2024-07-17,1,2,6-5-2,84.2,640.6906697178143,556.4906697178143
2024-07-17,1,3,4-6-2,455.2,193.50563917931242,-261.69436082068756
2024-07-17,1,4,5-1-4,96.8,616.2322868840303,519.4322868840303
2024-07-17,1,7,2-4-1,204.8,163.56525254851056,-41.234747451489454
2024-07-17,1,11,2-5-1,33.9,305.3049784530796,271.40497845307965
2024-07-17,1,12,3-1-5,57.7,269.85708601997885,212.15708601997886
2024-07-18,2,1,5-2-3,256.8,397.62211061697695,140.82211061697694
2024-07-18,2,2,3-1-4,30.3,212.27524507707136,181.97524507707135
2024-07-18,2,4,5-1-4,121.1,434.0306526370703,312.93065263707035
2024-07-18,2,5,4-6-1,47.0,466.8367889728961,419.8367889728961
2024-07-18,2,8,2-5-3,318.8,191.68446133593017,-127.11553866406985
2024-07-18,2,9,3-1-6,13.8,232.01590028979993,218.21590028979992
2024-07-18,2,11,2-1-6,24.2,167.25599193419535,143.05599193419536
2024-07-18,2,12,4-1-5,82.4,236.22528300906254,153.82528300906253
2024-07-19,3,1,4-6-3,113.5,186.18264591736144,72.68264591736144
2024-07-19,3,2,5-1-6,117.6,435.6311101204634,318.0311101204634
2024-07-19,3,3,6-2-4,9.2,717.169920309273,707.969920309273
2024-07-19,3,4,4-1-5,51.4,261.3622444863943,209.96224448639427
2024-07-19,3,5,3-2-4,25.3,264.7818985853478,239.48189858534778
2024-07-19,3,11,2-1-5,50.7,312.57423434468154,261.87423434468155
2024-07-19,3,12,3-6-4,757.0,739.7247304459848,-17.275269554015154
2024-07-20,4,1,2-1-4,21.6,148.98814857772325,127.38814857772326
2024-07-20,4,3,3-2-5,43.6,285.5578629655647,241.95786296556471
2024-07-20,4,4,4-3-2,38.2,274.7785158268266,236.57851582682662
2024-07-20,4,5,3-1-6,45.9,179.8569366428015,133.95693664280148
2024-07-20,4,6,4-3-6,126.8,611.0237771935379,484.22377719353784
2024-07-20,4,7,2-3-6,31.1,270.71973311780147,239.61973311780147
2024-07-21,5,4,6-2-5,123.5,798.1324441199105,674.6324441199105
2024-07-21,5,5,2-1-6,40.2,257.98108365559085,217.78108365559086
2024-07-21,5,6,4-6-1,182.0,326.87526119189573,144.87526119189573
2024-07-21,5,7,3-4-6,419.7,287.2268101033834,-132.4731898966166
2024-07-21,5,9,4-5-2,344.6,408.7697229563005,64.16972295630046
2024-07-21,5,10,4-3-2,251.3,344.9247830288607,93.62478302886069
2024-07-21,5,12,2-1-6,210.9,271.9657754636091,61.06577546360907
2024-07-22,6,1,2-5-4,171.2,230.27715534886337,59.077155348863386
2024-07-22,6,11,2-5-4,243.7,346.8207006892622,103.12070068926221
2024-08-01,1,1,3-5-2,23.4,172.44506734687852,149.0450673468785
2024-08-01,1,2,2-3-5,13.7,123.7770801851114,110.0770801851114
2024-08-01,1,3,2-3-1,45.5,161.50015800576273,116.00015800576273
2024-08-01,1,6,3-1-4,11.5,261.03918178444536,249.53918178444536
2024-08-01,1,8,6-2-1,113.8,804.1760568640475,690.3760568640475
2024-08-01,1,10,4-2-5,65.8,362.2643378264342,296.4643378264342
2024-08-01,1,11,3-2-6,96.4,522.4491600326762,426.04916003267624
2024-08-02,2,2,3-2-5,26.1,176.93424967551488,150.83424967551488
2024-08-02,2,3,5-4-1,135.3,320.1008817515307,184.8008817515307
2024-08-02,2,4,3-6-5,72.9,330.48069110546487,257.5806911054649
2024-08-02,2,6,4-1-2,30.1,284.0478156533198,253.9478156533198
2024-08-02,2,10,3-4-2,26.7,192.1671340501191,165.4671340501191
2024-08-02,2,11,3-1-5,43.7,178.97776362325828,135.2777636232583
2024-08-03,3,1,2-1-5,28.3,141.05165542797545,112.75165542797545
2024-08-03,3,2,2-4-3,37.8,153.5809960765554,115.78099607655541
2024-08-03,3,3,5-2-3,51.9,546.8481824888914,494.94818248889146
2024-08-03,3,4,6-1-4,59.0,703.9128265927037,644.9128265927037
2024-08-03,3,5,3-1-2,8.0,186.89474591740267,178.89474591740267
2024-08-03,3,8,3-1-4,13.7,172.7085147450261,159.0085147450261
2024-08-03,3,11,2-4-1,52.5,231.58119951793742,179.08119951793742
2024-08-04,4,1,3-2-1,99.3,143.08778449179982,43.787784491799826
2024-08-04,4,8,2-1-6,27.7,125.49372839529242,97.79372839529242
2024-08-04,4,9,3-4-6,924.9,457.4008258834136,-467.4991741165864
2024-08-04,4,11,3-4-5,123.8,279.17218967080976,155.37218967080975
2024-08-05,5,4,3-4-2,12.0,281.7646531394983,269.7646531394983
2024-08-05,5,5,3-2-4,46.9,339.97979955283836,293.0797995528384
2024-08-05,5,8,3-1-5,16.0,250.66112789905208,234.66112789905208
2024-08-05,5,9,4-1-2,31.5,207.16250098440693,175.66250098440693
2024-08-05,5,11,2-3-4,249.1,368.6684081969955,119.56840819699548
2024-08-06,6,1,3-2-5,43.4,174.3166180205384,130.9166180205384
2024-08-06,6,6,3-2-6,39.9,243.9322799204239,204.0322799204239
2024-08-06,6,9,5-1-3,78.0,419.241418526245,341.241418526245
2024-08-06,6,10,2-6-5,197.8,386.2621218749591,188.4621218749591
2024-08-06,6,11,4-1-3,50.2,255.68057208351428,205.4805720835143
2024-08-09,1,2,2-1-4,44.0,198.8196149537167,154.8196149537167
2024-08-09,1,4,4-1-3,337.6,267.43010102319187,-70.16989897680816
2024-08-09,1,6,5-3-1,156.0,670.4638185588798,514.4638185588798
2024-08-09,1,10,3-1-5,30.9,194.42330508123447,163.52330508123447
2024-08-09,1,12,3-2-5,149.7,364.02133720728796,214.32133720728797
2024-08-10,2,2,2-6-4,55.5,288.6194824352509,233.11948243525092
2024-08-10,2,3,2-5-3,95.6,284.24729297862984,188.64729297862985
2024-08-10,2,5,5-2-6,23.8,780.825302779609,757.0253027796091
2024-08-10,2,6,2-1-3,145.6,261.43837791962386,115.83837791962387
2024-08-10,2,12,5-1-2,417.4,295.5278426117275,-121.87215738827246
2024-08-11,3,1,5-4-3,429.1,464.89547131155206,35.795471311552035
2024-08-11,3,4,4-1-2,185.1,300.44474526029046,115.34474526029047
2024-08-11,3,10,3-1-5,155.5,158.33006333486017,2.8300633348601707
2024-08-12,4,2,2-1-3,59.1,156.06215220029497,96.96215220029498
2024-08-12,4,4,4-1-2,251.5,298.62571557667115,47.125715576671155
2024-08-12,4,10,3-1-5,18.5,153.79602810212018,135.29602810212018
2024-08-12,4,11,2-4-6,131.4,467.49472808410303,336.09472808410305
2024-08-12,4,12,3-1-4,30.0,141.1815207399307,111.1815207399307
2024-08-16,1,3,2-6-1,176.2,118.04115094465034,-58.15884905534965
2024-08-16,1,4,3-2-6,22.3,326.2773079988288,303.9773079988288
2024-08-17,2,9,5-4-6,182.8,530.1182781934971,347.31827819349706
2024-08-18,3,1,2-1-3,8.4,158.98444188983822,150.58444188983822
2024-08-18,3,2,2-1-5,24.0,101.9175636559267,77.9175636559267
2024-08-18,3,3,2-3-1,55.8,161.8279638321586,106.02796383215859
2024-08-18,3,5,5-1-4,135.6,402.39136785330044,266.79136785330047
2024-08-18,3,7,4-3-1,25.1,347.10112856797923,322.0011285679792
2024-08-18,3,9,2-3-6,58.8,305.1146955977191,246.3146955977191
2024-08-18,3,12,2-5-6,1049.8,537.4881903606076,-512.3118096393923
2024-08-19,4,2,4-1-3,264.4,329.8391011664656,65.4391011664656
2024-08-19,4,4,3-1-4,16.6,198.82688239539078,182.2268823953908
2024-08-19,4,5,3-1-6,26.6,149.46984072551132,122.86984072551132
2024-08-19,4,6,3-2-1,89.1,302.5699497365071,213.46994973650712
2024-08-19,4,11,2-4-6,596.4,465.654400311841,-130.74559968815896
2024-08-20,5,3,3-5-1,383.4,257.6791904052582,-125.72080959474175
2024-08-20,5,4,2-1-5,55.1,247.86809886373499,192.768098863735
2024-08-21,6,7,2-1-3,30.1,224.6634603667437,194.5634603667437
2024-08-21,6,9,2-1-5,215.2,214.87095473766385,-0.3290452623361375
2024-08-27,1,2,2-1-3,17.1,138.53508239257965,121.43508239257966
2024-08-27,1,4,5-4-2,128.1,543.8430624417564,415.74306244175636
2024-08-27,1,5,4-1-6,112.8,214.58623233425314,101.78623233425314
2024-08-27,1,6,5-1-4,126.9,461.32063060820593,334.4206306082059
2024-08-27,1,7,2-1-4,35.8,254.6198871739163,218.8198871739163
2024-08-27,1,10,3-5-6,389.0,460.56139669466444,71.56139669466444
2024-08-28,2,1,4-1-2,53.6,244.96076035302104,191.36076035302105
2024-08-28,2,2,2-1-6,53.0,130.45330301546457,77.45330301546457
2024-08-28,2,3,2-1-6,27.8,188.1271278175282,160.32712781752818
2024-08-28,2,4,3-2-1,91.8,177.02378661786375,85.22378661786375
2024-08-28,2,6,6-2-4,151.3,618.0672900271702,466.7672900271702
2024-08-28,2,8,3-2-6,275.2,392.8266175072242,117.62661750722424
2024-08-28,2,11,2-1-5,13.4,222.247563363274,208.847563363274
2024-08-28,2,12,4-1-6,61.5,176.16810550975674,114.66810550975674
2024-08-29,3,1,2-4-5,86.2,111.73295311678329,25.53295311678329
2024-08-29,3,3,6-1-2,314.4,700.9006728976581,386.5006728976581
2024-08-29,3,6,4-3-5,303.2,170.17495339318623,-133.02504660681376
2024-08-29,3,7,2-1-6,179.4,270.7208227868738,91.32082278687378
2024-08-29,3,8,3-2-5,83.8,178.6791534820657,94.87915348206569
2024-08-30,4,1,3-1-4,20.7,120.02204478400266,99.32204478400266
2024-08-30,4,3,4-5-3,228.2,249.1783572336324,20.97835723363241
2024-08-30,4,4,3-1-5,42.4,203.4370247973435,161.0370247973435
2024-08-30,4,5,4-6-1,246.5,245.57107566262778,-0.9289243373722229
2024-08-30,4,10,4-5-3,290.0,495.9083531960956,205.90835319609562
2024-08-31,5,4,2-3-1,149.5,145.9361260951988,-3.5638739048011985
2024-08-31,5,6,3-6-2,286.7,469.34289319493837,182.64289319493838
2024-08-31,5,8,3-6-4,142.2,425.27135368308205,283.07135368308207
2024-09-01,6,3,4-6-1,334.5,149.53399801640694,-184.96600198359306
2024-09-01,6,7,5-1-6,48.8,279.5281687300948,230.7281687300948
2024-09-01,6,12,3-1-6,79.1,329.5480712090061,250.4480712090061
2024-09-05,1,1,6-1-3,126.2,374.8385796876792,248.63857968767923
2024-09-05,1,2,3-4-6,44.3,217.760052006408,173.46005200640798
2024-09-05,1,4,3-1-6,16.3,245.12010209802435,228.82010209802434
2024-09-05,1,7,5-3-4,80.8,769.0871248318978,688.2871248318978
2024-09-06,2,2,4-5-2,29.2,211.76216863835168,182.5621686383517
2024-09-06,2,5,3-4-1,60.3,198.15171696811163,137.85171696811165
2024-09-06,2,7,2-1-5,21.8,166.17473799382117,144.37473799382116
2024-09-07,3,1,6-5-1,139.2,597.8750489967018,458.67504899670183
2024-09-07,3,6,3-4-5,20.9,205.8571365490798,184.9571365490798
2024-09-07,3,11,6-5-2,620.4,1403.5837891159124,783.1837891159124
2024-09-08,4,3,2-1-5,39.9,182.60534852797022,142.70534852797022
2024-09-08,4,5,5-2-6,46.1,776.4853603965358,730.3853603965358
2024-09-08,4,12,3-2-1,204.6,308.693719477228,104.093719477228
2024-09-09,5,1,2-1-4,39.2,177.72057213878873,138.52057213878874
2024-09-09,5,2,2-1-5,21.6,210.83230822761664,189.23230822761664
2024-09-09,5,4,5-1-6,128.9,613.4279820024797,484.5279820024797
2024-09-09,5,5,2-4-5,82.5,197.2929315988352,114.7929315988352
2024-09-09,5,7,5-1-6,28.8,702.7716722272792,673.9716722272792
2024-09-09,5,10,2-1-3,13.2,115.83409322759627,102.63409322759627
2024-09-12,1,3,2-3-6,57.8,117.86030358161527,60.06030358161527
2024-09-12,1,4,4-1-2,19.6,169.79993423150546,150.19993423150547
2024-09-12,1,5,5-1-3,37.7,806.5809618815235,768.8809618815235
2024-09-12,1,6,3-1-2,43.1,238.8650778012131,195.7650778012131
2024-09-12,1,7,2-4-1,22.1,215.2677330151058,193.1677330151058
2024-09-12,1,10,3-5-1,52.0,160.49969696821128,108.49969696821128
2024-09-13,2,1,2-1-5,23.2,111.09261332859543,87.89261332859543
2024-09-13,2,3,3-4-6,63.7,262.91238094582064,199.21238094582066
2024-09-13,2,6,3-1-4,9.3,211.59304678382446,202.29304678382445
2024-09-13,2,7,2-1-3,41.2,281.8810895446581,240.6810895446581
2024-09-13,2,10,4-1-2,24.5,132.54857995042252,108.04857995042252
2024-09-14,3,1,5-1-4,49.5,289.76414317463986,240.26414317463986
2024-09-14,3,2,3-4-2,49.1,181.19667049303126,132.09667049303127
2024-09-14,3,4,4-5-3,399.9,382.8103998780976,-17.08960012190238
2024-09-14,3,8,3-1-2,56.1,186.97444811814427,130.87444811814427
2024-09-14,3,9,2-1-6,12.2,182.8259477726404,170.62594777264042
2024-09-14,3,12,2-1-3,75.9,259.25566408071944,183.35566408071944
2024-09-15,4,1,2-1-4,25.6,134.68638334360446,109.08638334360447
2024-09-15,4,2,5-4-3,224.1,406.26861598553864,182.16861598553865
2024-09-15,4,6,4-5-2,561.2,230.25233912473433,-330.9476608752657
2024-09-15,4,7,4-1-5,172.6,361.6621047045065,189.06210470450648
2024-09-15,4,9,3-5-6,111.9,390.39400057851833,278.49400057851835
2024-09-15,4,11,5-4-1,623.5,357.46497163915296,-266.03502836084704
2024-09-16,5,4,3-1-5,17.5,250.84139405682058,233.34139405682058
2024-09-16,5,6,4-2-5,34.5,438.5304358371682,404.0304358371682
2024-09-16,5,9,2-4-3,91.3,193.23975997513298,101.93975997513299
2024-09-17,6,2,4-1-2,15.5,128.46509612088522,112.96509612088522
2024-09-17,6,4,2-1-3,33.4,160.44939189407458,127.04939189407457
2024-09-17,6,7,5-1-2,41.7,268.3846859456086,226.68468594560863
2024-09-17,6,8,3-4-2,68.1,483.057503031199,414.95750303119905
2024-09-17,6,10,3-1-6,36.3,200.99213677461287,164.6921367746129
2024-09-17,6,11,2-1-4,39.0,127.99110389814138,88.99110389814138
2024-09-26,1,2,3-5-6,101.9,199.3953342640084,97.49533426400839
2024-09-26,1,3,2-5-4,65.8,235.67717691805146,169.87717691805148
2024-09-26,1,5,3-6-2,38.2,401.52909402459886,363.3290940245989
2024-09-26,1,8,2-4-5,150.2,351.03463561579326,200.83463561579327
2024-09-26,1,9,2-4-3,189.4,502.7541053756685,313.3541053756685
2024-09-27,2,1,4-2-6,92.1,186.182634280714,94.08263428071402
2024-09-27,2,2,2-5-6,14.1,156.7858783212628,142.6858783212628
2024-09-27,2,3,5-6-3,70.2,693.0689103827592,622.8689103827592
2024-09-27,2,6,3-5-2,240.8,286.22323380694115,45.42323380694114
2024-09-27,2,9,2-1-5,64.9,209.036992826968,144.136992826968
2024-09-27,2,11,4-1-3,64.3,213.9888157113248,149.68881571132482
2024-09-27,2,12,2-1-3,15.4,242.49614945577633,227.09614945577633
2024-09-28,3,1,5-4-3,147.7,465.12665790804135,317.42665790804136
2024-09-28,3,2,4-6-3,45.9,210.56673778559195,164.66673778559195
2024-09-28,3,3,2-1-3,28.3,174.33909520746568,146.03909520746566
2024-09-28,3,4,2-1-4,18.0,144.73109203948573,126.73109203948573
2024-09-28,3,7,2-1-3,23.7,196.598799661308,172.898799661308
2024-09-28,3,8,2-1-3,41.3,176.20083690884036,134.90083690884035
2024-09-28,3,10,2-4-5,181.1,562.3514896341687,381.2514896341687
2024-09-29,4,4,2-5-6,97.0,153.6339815637822,56.633981563782214
2024-09-29,4,6,4-5-1,49.0,122.49504056890063,73.49504056890063
2024-09-29,4,9,2-1-6,26.8,226.81922646461243,200.01922646461242
2024-09-29,4,11,4-3-1,140.1,347.5615956123063,207.4615956123063
2024-09-30,5,4,4-6-2,661.3,160.02847802832417,-501.2715219716758
2024-09-30,5,5,3-1-6,69.6,206.96036197347829,137.3603619734783
2024-09-30,5,6,3-1-6,27.1,171.3347879945197,144.2347879945197
2024-09-30,5,9,2-1-3,29.1,244.03268002904943,214.93268002904944
2024-10-05,1,1,2-3-6,80.9,200.37922097991944,119.47922097991943
2024-10-05,1,2,4-5-2,37.8,225.4683309951572,187.6683309951572
2024-10-05,1,8,2-1-5,52.0,250.65455949164317,198.65455949164317
2024-10-05,1,9,2-1-4,46.7,139.1310785456638,92.4310785456638
2024-10-05,1,10,3-2-4,125.5,545.8954845274664,420.39548452746635
2024-10-06,2,1,2-5-4,57.4,177.95053768879026,120.55053768879026
2024-10-06,2,2,4-5-3,98.2,219.00852410626038,120.80852410626038
2024-10-06,2,3,5-4-6,18.0,359.3735894037588,341.3735894037588
2024-10-06,2,4,4-3-6,43.8,337.4314585383008,293.63145853830076
2024-10-06,2,5,3-4-6,346.2,358.88667533410114,12.686675334101153
2024-10-06,2,6,4-1-6,52.1,170.28055196751922,118.18055196751922
2024-10-06,2,9,3-6-1,64.3,199.73165286192204,135.43165286192203
2024-10-06,2,12,2-1-3,18.8,198.6948738533749,179.8948738533749
2024-10-07,3,2,5-3-6,90.5,517.0276203419174,426.52762034191744
2024-10-07,3,3,5-2-4,41.1,474.5308825537961,433.4308825537961
2024-10-07,3,4,2-6-5,35.4,284.5986053818742,249.19860538187422
2024-10-07,3,6,3-4-6,41.2,151.9095412691206,110.7095412691206
2024-10-07,3,7,2-1-4,15.8,272.2013658330857,256.40136583308566
2024-10-07,3,8,2-1-3,37.0,264.5758527069975,227.57585270699752
2024-10-07,3,11,2-1-4,38.5,151.317641676942,112.817641676942
2024-10-07,3,12,5-1-4,878.7,526.1847048641474,-352.5152951358526
2024-10-08,4,1,4-3-2,61.4,163.45450893810082,102.05450893810081
2024-10-08,4,5,2-3-1,149.5,281.2746047084562,131.7746047084562
2024-10-08,4,7,2-1-6,10.3,138.0305327796613,127.73053277966132
2024-10-09,5,1,5-1-6,50.0,446.70559488289376,396.70559488289376
2024-10-09,5,2,6-1-3,308.2,381.65409258458556,73.45409258458557
2024-10-09,5,3,3-1-4,27.3,260.3682795401007,233.06827954010066
2024-10-09,5,5,4-6-3,66.7,393.83256408740493,327.13256408740494
2024-10-09,5,9,4-2-3,191.9,502.5976210272702,310.6976210272702
2024-10-09,5,10,6-1-2,129.3,721.4981017441339,592.198101744134
2024-10-12,1,1,4-2-6,109.0,222.47397178455608,113.47397178455608
2024-10-12,1,2,6-3-1,90.3,363.3057495668303,273.0057495668303
2024-10-12,1,3,2-6-1,197.3,222.94687855602174,25.646878556021733
2024-10-12,1,4,5-2-4,457.3,608.2733824049407,150.97338240494065
2024-10-12,1,5,3-4-5,21.8,376.769829742122,354.969829742122
2024-10-13,2,1,3-1-2,22.8,105.63085389076626,82.83085389076626
2024-10-13,2,5,3-6-2,126.4,371.3121293205899,244.9121293205899
2024-10-13,2,6,3-1-4,6.4,151.99517924227274,145.59517924227274
2024-10-13,2,10,2-1-3,31.6,172.32634217748364,140.72634217748364
2024-10-13,2,12,4-1-5,17.8,93.32488229692947,75.52488229692948
2024-10-14,3,2,5-3-1,54.2,345.7496791812074,291.5496791812074
2024-10-14,3,3,6-4-5,123.0,642.0046589921322,519.0046589921322
2024-10-14,3,4,5-4-2,70.6,341.5416470273416,270.94164702734156
2024-10-14,3,5,2-1-4,43.0,132.47238910340656,89.47238910340656
2024-10-14,3,6,3-1-6,188.2,233.62898638397763,45.428986383977644
2024-10-14,3,7,2-1-6,13.5,128.94363638169702,115.44363638169702
2024-10-14,3,10,2-5-4,797.0,343.57914982815174,-453.42085017184826
2024-10-15,4,2,2-5-3,129.7,222.03350794173684,92.33350794173685
2024-10-15,4,3,4-1-3,49.4,108.00409680470739,58.60409680470739
2024-10-15,4,4,5-1-4,52.9,471.1424222166309,418.2424222166309
2024-10-15,4,5,2-3-5,31.3,216.11980435664324,184.81980435664323
2024-10-15,4,7,2-1-3,14.8,124.3249717987021,109.5249717987021
2024-10-15,4,9,3-1-6,55.5,111.7802214967649,56.280221496764895
2024-10-15,4,11,5-1-6,81.1,414.0361960788847,332.9361960788847
2024-10-16,5,3,6-4-2,75.0,539.4515286912025,464.4515286912025
2024-10-16,5,7,6-5-1,67.4,714.9329482152411,647.5329482152412
2024-10-17,6,7,2-3-1,203.5,158.43237382802423,-45.067626171975775
2024-10-17,6,9,3-4-5,55.5,402.2287720991514,346.7287720991514
2024-10-17,6,10,4-1-6,140.2,217.6792921339652,77.4792921339652
2024-10-17,6,11,3-1-2,42.5,205.9768297583134,163.4768297583134
2024-10-17,6,12,2-5-4,1417.1,269.43461553498395,-1147.665384465016
2024-10-21,1,1,3-4-5,173.4,190.11183443927408,16.71183443927407
2024-10-21,1,2,4-2-6,50.9,262.94644515766635,212.04644515766634
2024-10-21,1,3,3-2-6,71.1,127.21518923105185,56.11518923105186
2024-10-21,1,4,5-6-3,51.0,596.834908159083,545.834908159083
2024-10-21,1,5,5-6-2,81.8,323.3414281810192,241.54142818101917
2024-10-21,1,9,2-1-3,7.6,143.2315892499202,135.6315892499202
2024-10-21,1,10,3-2-5,465.8,348.8455897140185,-116.95441028598151
2024-10-22,2,2,4-1-3,88.1,171.7783639433996,83.6783639433996
2024-10-22,2,4,3-4-2,138.3,177.44700574798566,39.147005747985645
2024-10-22,2,5,2-1-5,12.3,297.26789878511653,284.9678987851165
2024-10-22,2,7,4-5-1,193.2,267.21545181490467,74.01545181490468
2024-10-22,2,8,2-4-1,84.3,189.3561804664581,105.05618046645812
2024-10-22,2,10,3-2-1,46.6,167.22328405932453,120.62328405932453
2024-10-23,3,1,2-6-4,157.0,215.3595465790162,58.35954657901621
2024-10-23,3,2,3-1-4,12.3,206.59354850933715,194.29354850933714
2024-10-23,3,4,4-2-6,80.4,212.94530298996125,132.54530298996124
2024-10-23,3,5,5-4-3,183.5,676.8243436412428,493.32434364124276
2024-10-23,3,6,3-4-1,19.9,185.02891842388482,165.1289184238848
2024-10-24,4,4,2-4-5,13.8,283.08363976635934,269.28363976635933
2024-10-24,4,7,2-1-4,5.6,121.46424781326323,115.86424781326323
2024-10-24,4,9,4-5-6,497.2,355.8869999501646,-141.3130000498354
2024-10-24,4,10,4-1-2,23.0,326.34889908602196,303.34889908602196
2024-10-25,5,1,2-4-6,141.1,182.75619629991812,41.65619629991812
2024-10-25,5,4,4-5-3,77.4,239.43652958060716,162.03652958060715
2024-10-25,5,7,4-1-2,56.1,232.16817330107958,176.06817330107958
2024-10-26,6,1,3-4-2,50.4,180.00272916086354,129.60272916086353
2024-10-26,6,6,3-1-4,11.6,144.5429131741438,132.9429131741438
2024-10-26,6,11,4-1-2,82.8,291.83895979454394,209.03895979454393
2024-10-27,7,2,3-2-1,34.3,237.3032626938331,203.0032626938331
2024-10-27,7,5,2-4-1,46.3,184.57428330203615,138.27428330203617
2024-10-27,7,6,3-1-4,15.5,231.1677115254169,215.6677115254169
2024-10-27,7,10,4-3-2,257.9,565.9875058950072,308.0875058950072
2024-10-31,1,2,2-1-4,19.5,97.80597992127593,78.30597992127593
2024-10-31,1,4,6-3-1,86.2,729.4762352272409,643.2762352272408
2024-10-31,1,5,3-1-5,26.7,414.1264546698714,387.4264546698714
2024-10-31,1,7,5-1-4,88.6,610.30280496518,521.70280496518
2024-10-31,1,8,4-2-6,251.5,461.2917853929727,209.7917853929727
2024-10-31,1,11,2-1-4,25.4,167.4573597476837,142.0573597476837
2024-11-01,2,2,2-3-5,14.7,154.70086692145995,140.00086692145996
2024-11-01,2,3,3-6-5,104.4,171.7218534818996,67.32185348189958
2024-11-01,2,4,3-6-4,130.3,269.12347314401666,138.82347314401665
2024-11-01,2,5,2-4-1,162.8,255.44611118582085,92.64611118582084
2024-11-01,2,8,2-1-4,27.3,212.90066516673375,185.60066516673373
2024-11-01,2,9,3-2-1,37.6,379.10644654529995,341.5064465452999
2024-11-01,2,10,2-1-5,12.3,230.19954401906116,217.89954401906115
2024-11-02,3,1,2-1-3,9.7,117.71138759032988,108.01138759032987
2024-11-02,3,3,3-2-1,22.1,163.3973130998513,141.2973130998513
2024-11-02,3,12,2-1-4,22.8,124.9151109337084,102.11511093370841
2024-11-03,4,1,3-2-5,25.1,179.91623623327442,154.81623623327442
2024-11-03,4,4,3-2-5,14.4,237.17709365491154,222.77709365491154
2024-11-03,4,5,5-6-3,795.3,824.4792102481244,29.17921024812449
2024-11-03,4,6,3-4-1,31.8,313.73395827272583,281.9339582727258
2024-11-03,4,9,2-1-3,47.6,179.5497252161444,131.9497252161444
2024-11-04,5,1,4-6-2,124.9,328.02584074720545,203.12584074720544
2024-11-04,5,4,3-1-2,73.8,150.9910380328192,77.19103803281921
2024-11-04,5,5,2-1-6,15.9,143.4502124887726,127.55021248877259
2024-11-04,5,6,4-3-5,79.0,406.5500312293728,327.5500312293728
2024-11-09,1,3,3-2-6,121.4,181.26767294793743,59.86767294793742
2024-11-09,1,4,3-2-4,273.2,301.40423406964777,28.204234069647782
2024-11-09,1,6,4-1-3,74.0,174.65832988053222,100.65832988053222
2024-11-09,1,11,2-1-6,84.9,158.09578635083807,73.19578635083806
2024-11-10,2,1,5-6-1,646.0,243.8601510079763,-402.1398489920237
2024-11-10,2,5,2-3-1,99.6,147.40354555651157,47.80354555651158
2024-11-10,2,11,3-1-4,13.6,141.8790941682996,128.2790941682996
2024-11-11,3,5,3-1-4,59.5,324.3890220448807,264.8890220448807
2024-11-11,3,10,5-4-6,859.3,715.8239320746125,-143.4760679253875
2024-11-12,4,4,2-1-5,34.7,212.82921941062438,178.1292194106244
2024-11-12,4,6,3-1-2,25.3,244.90707070219707,219.60707070219706
2024-11-13,5,5,5-2-6,614.3,358.77103751383555,-255.5289624861644
2024-11-14,6,1,2-1-3,36.4,162.5396649032046,126.13966490320459
2024-11-14,6,4,5-6-4,1007.1,461.1380162276807,-545.9619837723194
2024-11-14,6,6,2-1-5,30.6,185.99227099369324,155.39227099369324
2024-11-14,6,11,3-1-5,32.2,187.59744245064647,155.39744245064645
2024-11-23,1,3,4-3-1,64.8,145.2737322598294,80.47373225982939
2024-11-23,1,4,3-2-4,60.8,309.017485108339,248.21748510833896
2024-11-23,1,5,2-5-1,34.9,176.02821509744714,141.12821509744714
2024-11-23,1,8,4-2-3,386.6,331.91936007615533,-54.680639923844694
2024-11-24,2,2,3-1-5,43.0,192.3090148258518,149.3090148258518
2024-11-24,2,4,5-3-1,82.2,251.7461045883139,169.54610458831388
2024-11-24,2,5,3-1-2,13.9,110.83398182798027,96.93398182798026
2024-11-24,2,11,2-4-1,44.2,112.19952231081268,67.99952231081268
2024-11-25,3,1,3-2-4,87.5,283.95665314115934,196.45665314115934
2024-11-25,3,5,3-2-1,127.2,287.02574496732905,159.82574496732906
2024-11-25,3,6,2-4-1,42.3,155.10764593614422,112.80764593614423
2024-11-25,3,7,4-1-5,41.1,191.04105515648715,149.94105515648715
2024-11-25,3,9,5-4-1,339.3,544.8703191659047,205.57031916590466
2024-11-26,4,2,3-2-5,25.1,226.30005525847284,201.20005525847284
2024-11-26,4,3,5-3-4,63.5,565.5700097238613,502.0700097238613
2024-11-26,4,4,3-5-2,174.4,194.56891214480035,20.168912144800345
2024-11-26,4,5,2-1-4,51.8,270.0769562624879,218.2769562624879
2024-11-26,4,6,4-3-5,37.7,143.30880920011876,105.60880920011876
2024-11-27,5,2,2-1-3,80.8,145.56529878250055,64.76529878250055
2024-11-27,5,4,2-4-3,114.3,331.00662043934216,216.70662043934215
2024-11-27,5,5,6-2-3,35.4,497.4621445251723,462.0621445251723
2024-11-27,5,6,3-1-5,166.4,307.443911034169,141.04391103416899
2024-11-27,5,12,2-1-6,21.8,184.00185226567604,162.20185226567602
2024-11-28,6,2,2-1-3,27.9,97.61902681873507,69.71902681873507
2024-11-28,6,4,2-1-5,17.0,107.25089246276787,90.25089246276787
2024-11-28,6,10,2-1-4,35.1,260.0704815355577,224.9704815355577
2024-11-29,7,3,2-1-4,83.6,190.97448861211913,107.37448861211914
2024-11-29,7,5,3-2-1,65.2,114.31904693277865,49.119046932778645
2024-11-29,7,9,3-5-1,567.4,344.1495301414739,-223.25046985852606
2024-11-29,7,11,5-6-1,59.5,369.3335304828454,309.8335304828454
2024-12-02,1,3,6-3-1,197.7,447.7995684517586,250.0995684517586
2024-12-02,1,4,4-1-5,355.3,199.21605375241978,-156.08394624758023
2024-12-02,1,5,3-2-6,177.3,204.3129434734312,27.012943473431193
2024-12-02,1,9,4-5-3,1069.5,464.37636496525045,-605.1236350347496
2024-12-02,1,10,3-1-5,94.7,242.05051417046602,147.350514170466
2024-12-02,1,11,2-1-3,25.7,247.973024642705,222.27302464270502
2024-12-02,1,12,2-1-3,36.7,235.334413164098,198.63441316409802
2024-12-03,2,3,5-1-4,75.1,397.9291538036024,322.82915380360237
2024-12-03,2,4,2-1-5,24.8,165.6973080071865,140.8973080071865
2024-12-03,2,5,4-3-1,55.3,238.34447100625474,183.04447100625475
2024-12-03,2,6,3-4-2,42.2,316.2109177993389,274.0109177993389
2024-12-05,4,1,3-1-6,44.3,150.59668374546143,106.29668374546144
2024-12-05,4,2,3-2-6,10.7,186.172741588538,175.472741588538
2024-12-05,4,4,2-3-4,30.8,196.32660968453288,165.52660968453287
2024-12-05,4,5,2-1-5,20.4,231.84815880358917,211.44815880358917
2024-12-05,4,6,4-2-1,34.6,165.4598281206129,130.85982812061292
2024-12-05,4,8,4-1-5,11.5,150.61491778253566,139.11491778253566
2024-12-05,4,12,4-2-6,195.3,544.7330200867153,349.4330200867153
2024-12-06,5,2,2-6-4,79.0,131.94883226793354,52.94883226793354
2024-12-06,5,4,5-1-6,38.8,318.25864092010823,279.4586409201082
2024-12-06,5,6,6-4-3,180.1,876.3537998096991,696.2537998096991
2024-12-06,5,7,3-6-1,50.2,248.43072814833602,198.23072814833603
2024-12-06,5,11,4-5-1,220.8,139.9835313817523,-80.81646861824771
2024-12-06,5,12,5-1-6,127.0,567.4390241656125,440.4390241656125
2024-12-07,6,4,2-1-4,69.1,215.83811436368114,146.73811436368115
2024-12-07,6,5,3-1-2,57.4,261.7418792472461,204.3418792472461
2024-12-07,6,6,2-1-4,8.8,216.70481669086223,207.90481669086222
2024-12-07,6,7,2-1-4,7.6,185.54454756256274,177.94454756256275
2024-12-07,6,8,5-1-6,701.6,441.76590167637545,-259.8340983236246
2024-12-07,6,9,5-6-4,82.9,621.3242820507814,538.4242820507815
2024-12-07,6,10,5-4-6,165.7,689.1401743434805,523.4401743434805
2024-12-07,6,12,5-4-6,313.9,826.3287365063167,512.4287365063167
2024-12-11,1,1,3-6-2,100.1,312.74711862739343,212.64711862739344
2024-12-11,1,4,2-1-6,76.9,225.44638763124823,148.54638763124822
2024-12-11,1,5,5-4-3,110.7,761.7105506122629,651.0105506122628
2024-12-11,1,6,2-4-5,916.3,299.03943916802245,-617.2605608319775
2024-12-11,1,7,3-6-5,105.7,475.137952102235,369.437952102235
2024-12-11,1,9,2-5-1,217.5,298.1502532669366,80.6502532669366
2024-12-11,1,10,5-4-1,87.8,274.8959486510433,187.09594865104327
2024-12-11,1,11,4-3-2,232.8,215.180697137067,-17.61930286293301
2024-12-12,2,1,2-1-4,48.6,122.24916704770413,73.64916704770414
2024-12-12,2,3,6-3-4,101.4,546.8413324838307,445.4413324838307
2024-12-12,2,4,5-2-6,296.8,340.72475252758386,43.92475252758385
2024-12-12,2,5,5-1-6,23.6,526.5834366685395,502.9834366685395
2024-12-12,2,6,4-3-5,31.5,356.87207292608866,325.37207292608866
2024-12-12,2,8,3-2-5,398.0,296.443568742747,-101.556431257253
2024-12-12,2,11,2-1-3,17.8,136.18104444961426,118.38104444961427
2024-12-13,3,1,2-4-3,31.4,149.47439635245465,118.07439635245464
2024-12-13,3,2,4-1-3,58.5,200.3335238615768,141.8335238615768
2024-12-13,3,3,3-2-1,34.0,125.19997172501081,91.19997172501081
2024-12-13,3,4,5-4-3,96.7,669.8592023829575,573.1592023829575
2024-12-14,4,4,3-2-1,12.3,172.51864906058753,160.21864906058752
2024-12-14,4,5,3-1-2,34.6,214.95589229305546,180.35589229305546
2024-12-14,4,6,3-4-2,68.4,162.80473014734437,94.40473014734437
2024-12-14,4,9,4-5-6,61.9,251.5419545538987,189.6419545538987
2024-12-14,4,11,2-1-3,71.1,134.5253672740838,63.42536727408381
2024-12-15,5,2,4-5-3,46.1,335.1776933203022,289.07769332030216
2024-12-15,5,3,3-1-6,16.0,142.9861455834778,126.98614558347779
2024-12-15,5,6,4-1-6,63.2,341.120812399229,277.920812399229
2024-12-15,5,9,3-4-2,67.0,330.654159583205,263.654159583205
2024-12-16,6,2,3-1-6,144.6,207.44814088208742,62.84814088208742
2024-12-16,6,4,2-1-4,35.8,207.30774036126454,171.50774036126455
2024-12-16,6,11,5-1-4,79.2,566.981437588712,487.781437588712
2024-12-21,1,2,2-3-6,87.8,191.96876086970346,104.16876086970346
2024-12-21,1,3,5-6-3,98.0,653.7863301388268,555.7863301388268
2024-12-21,1,4,2-6-1,96.5,275.2909250100937,178.7909250100937
2024-12-21,1,6,3-5-1,48.1,372.96528266639257,324.86528266639255
2024-12-21,1,7,6-3-2,74.2,597.8023123477983,523.6023123477983
2024-12-22,2,1,6-1-4,144.4,323.5468603804555,179.14686038045548
2024-12-22,2,2,4-3-2,15.2,261.47130947264094,246.27130947264095
2024-12-22,2,4,2-4-6,33.8,287.113626800675,253.31362680067497
2024-12-22,2,5,4-1-6,20.1,297.9419511633607,277.8419511633607
2024-12-22,2,9,2-3-5,25.3,365.98031458763734,340.6803145876373
2024-12-22,2,11,3-1-6,23.7,164.0947678283321,140.3947678283321
2024-12-23,3,2,3-5-6,29.4,229.20899782567986,199.80899782567985
2024-12-23,3,5,2-1-6,13.9,238.2399334055139,224.3399334055139
2024-12-23,3,6,3-4-5,79.3,321.79461080467195,242.49461080467194
2024-12-23,3,7,6-2-4,1070.6,993.1252384692823,-77.47476153071761
2024-12-23,3,9,2-3-4,36.1,218.3509514557078,182.2509514557078
2024-12-24,4,2,3-2-5,181.3,204.04850763684246,22.748507636842447
2024-12-24,4,3,2-1-3,54.0,200.67610329833565,146.67610329833565
2024-12-24,4,4,3-5-1,245.7,236.21904110495095,-9.480958895049042
2024-12-24,4,5,5-3-1,534.3,436.99019227110875,-97.3098077288912
2024-12-24,4,7,5-1-3,25.6,600.8911715956112,575.2911715956112
2024-12-24,4,11,5-6-1,235.3,375.9062006078634,140.6062006078634
2024-12-24,4,12,5-3-4,1572.1,779.7562890159684,-792.3437109840315
2024-12-25,5,1,6-1-4,120.6,589.8566281920835,469.25662819208344
2024-12-25,5,2,6-3-5,130.8,394.79684934020867,263.99684934020866
2024-12-25,5,9,6-1-3,534.5,967.2197940280255,432.7197940280255
2024-12-25,5,11,2-1-3,63.4,218.27360769478895,154.87360769478894
2024-12-26,6,1,4-1-5,41.7,143.3428132096009,101.6428132096009
2024-12-26,6,7,5-4-1,349.8,345.5313014546354,-4.2686985453646
2024-12-27,7,1,5-1-2,10.2,210.79031533603347,200.59031533603348
2024-12-27,7,3,2-3-1,22.7,89.20017887549413,66.50017887549413
2024-12-27,7,4,2-3-5,123.6,175.08568579926362,51.48568579926362
2024-12-27,7,5,5-1-3,70.8,766.5491171509258,695.7491171509258
2024-12-27,7,7,3-1-4,8.1,138.9099470281966,130.8099470281966
2024-12-27,7,10,4-3-1,53.7,345.5922811815645,291.8922811815645
2024-12-27,7,12,2-1-3,128.3,229.99193048141208,101.69193048141207
2024-12-30,1,2,3-1-5,21.6,196.50315920107067,174.90315920107068
2024-12-30,1,3,3-1-4,63.6,294.443556831005,230.84355683100503
2024-12-30,1,7,3-5-1,490.3,356.71816962446474,-133.58183037553528
2024-12-30,1,9,4-3-6,543.3,197.93026514316333,-345.36973485683666
2024-12-31,2,3,4-5-2,20.7,144.63025309460045,123.93025309460045
2024-12-31,2,5,6-5-1,53.8,993.319701374266,939.519701374266
2024-12-31,2,6,4-2-3,99.8,344.98952576923045,245.18952576923044
2024-12-31,2,7,2-1-4,162.7,325.245805786859,162.54580578685903
2024-12-31,2,8,2-1-3,59.8,253.81363895435334,194.01363895435333
2024-12-31,2,12,4-5-1,30.2,136.58414864669595,106.38414864669595
